open,high,low,close,volume,datetime,symbol
6.27,6.4,6.27,6.4,708,2022-03-01 14:30:00,HFFG
6.26,6.26,6.26,6.26,100,2022-03-01 14:36:00,HFFG
6.2,6.2,6.2,6.2,299,2022-03-01 14:44:00,HFFG
6.24,6.25,6.23,6.23,576,2022-03-01 14:47:00,HFFG
6.24,6.24,6.23,6.23,336,2022-03-01 14:51:00,HFFG
6.23,6.23,6.18,6.18,2794,2022-03-01 14:52:00,HFFG
6.23,6.23,6.23,6.23,100,2022-03-01 14:56:00,HFFG
6.2,6.2,6.2,6.2,100,2022-03-01 15:15:00,HFFG
6.17,6.17,6.17,6.17,2001,2022-03-01 15:27:00,HFFG
6.11,6.11,6.11,6.11,100,2022-03-01 15:29:00,HFFG
6.15,6.15,6.15,6.15,2500,2022-03-01 15:33:00,HFFG
6.1,6.1,6.1,6.1,200,2022-03-01 15:34:00,HFFG
6.1,6.13,6.1,6.13,300,2022-03-01 15:35:00,HFFG
6.1,6.1,6.1,6.1,100,2022-03-01 15:36:00,HFFG
6.1,6.1,6.1,6.1,200,2022-03-01 15:37:00,HFFG
6.1199,6.1199,6.1199,6.1199,100,2022-03-01 15:38:00,HFFG
6.06,6.08,6.06,6.08,292,2022-03-01 15:40:00,HFFG
6.1,6.1,6.09,6.09,200,2022-03-01 15:41:00,HFFG
6.04,6.04,6.04,6.04,100,2022-03-01 15:42:00,HFFG
6.07,6.07,6.04,6.07,300,2022-03-01 15:44:00,HFFG
6.07,6.07,6.07,6.07,300,2022-03-01 15:46:00,HFFG
6.06,6.09,6.06,6.09,400,2022-03-01 15:53:00,HFFG
6.11,6.12,6.11,6.11,731,2022-03-01 15:56:00,HFFG
6.1,6.11,6.1,6.11,200,2022-03-01 15:58:00,HFFG
6.1,6.1,6.1,6.1,100,2022-03-01 15:59:00,HFFG
6.11,6.11,6.11,6.11,100,2022-03-01 16:05:00,HFFG
6.0687,6.0687,6.0687,6.0687,122,2022-03-01 16:15:00,HFFG
6.06,6.06,6.06,6.06,104,2022-03-01 16:19:00,HFFG
6.08,6.08,6.08,6.08,200,2022-03-01 16:22:00,HFFG
6.08,6.08,6.08,6.08,300,2022-03-01 16:28:00,HFFG
6.06,6.06,6.02,6.02,2879,2022-03-01 16:31:00,HFFG
6.04,6.04,6.04,6.04,100,2022-03-01 16:33:00,HFFG
6.02,6.02,6.02,6.02,453,2022-03-01 16:34:00,HFFG
6.02,6.02,6.02,6.02,100,2022-03-01 16:35:00,HFFG
6.0,6.0,6.0,6.0,100,2022-03-01 16:37:00,HFFG
5.9997,6.01,5.9997,6.01,2000,2022-03-01 16:40:00,HFFG
6.02,6.02,6.01,6.01,263,2022-03-01 16:41:00,HFFG
6.01,6.02,6.0,6.0,5480,2022-03-01 16:42:00,HFFG
5.96,5.97,5.96,5.97,400,2022-03-01 16:44:00,HFFG
5.9201,5.9201,5.92,5.92,400,2022-03-01 16:45:00,HFFG
5.96,5.99,5.96,5.99,300,2022-03-01 16:48:00,HFFG
5.98,5.98,5.98,5.98,100,2022-03-01 16:49:00,HFFG
5.95,5.95,5.95,5.95,100,2022-03-01 16:52:00,HFFG
5.98,5.98,5.98,5.98,100,2022-03-01 16:53:00,HFFG
5.95,5.96,5.93,5.93,4649,2022-03-01 17:00:00,HFFG
5.93,5.93,5.93,5.93,100,2022-03-01 17:01:00,HFFG
5.92,5.92,5.88,5.88,760,2022-03-01 17:02:00,HFFG
5.88,5.88,5.88,5.88,400,2022-03-01 17:07:00,HFFG
5.91,5.91,5.91,5.91,233,2022-03-01 17:09:00,HFFG
5.9239,5.93,5.9239,5.93,1630,2022-03-01 17:19:00,HFFG
5.91,5.91,5.9,5.9,3498,2022-03-01 17:20:00,HFFG
5.885,5.885,5.88,5.88,270,2022-03-01 17:21:00,HFFG
5.88,5.88,5.88,5.88,603,2022-03-01 17:22:00,HFFG
5.88,5.88,5.88,5.88,200,2022-03-01 17:24:00,HFFG
5.89,5.92,5.89,5.92,2912,2022-03-01 17:27:00,HFFG
5.92,5.92,5.92,5.92,200,2022-03-01 17:35:00,HFFG
5.935,5.935,5.935,5.935,100,2022-03-01 17:56:00,HFFG
5.93,5.93,5.93,5.93,500,2022-03-01 18:00:00,HFFG
5.9198,5.92,5.91,5.92,1200,2022-03-01 18:02:00,HFFG
5.91,5.91,5.91,5.91,100,2022-03-01 18:05:00,HFFG
5.89,5.89,5.89,5.89,300,2022-03-01 18:07:00,HFFG
5.87,5.87,5.87,5.87,100,2022-03-01 18:12:00,HFFG
5.87,5.87,5.87,5.87,100,2022-03-01 18:16:00,HFFG
5.83,5.86,5.83,5.86,300,2022-03-01 18:25:00,HFFG
5.8573,5.8573,5.8573,5.8573,500,2022-03-01 18:26:00,HFFG
5.83,5.83,5.83,5.83,100,2022-03-01 18:28:00,HFFG
5.84,5.87,5.84,5.87,300,2022-03-01 18:29:00,HFFG
5.87,5.87,5.87,5.87,100,2022-03-01 18:30:00,HFFG
5.83,5.83,5.83,5.83,100,2022-03-01 18:33:00,HFFG
5.85,5.85,5.85,5.85,1309,2022-03-01 18:48:00,HFFG
5.82,5.82,5.81,5.81,405,2022-03-01 18:49:00,HFFG
5.79,5.79,5.76,5.76,1000,2022-03-01 18:51:00,HFFG
5.79,5.82,5.79,5.82,500,2022-03-01 18:53:00,HFFG
5.82,5.88,5.82,5.88,1400,2022-03-01 18:55:00,HFFG
5.82,5.82,5.82,5.82,100,2022-03-01 19:01:00,HFFG
5.83,5.84,5.83,5.84,300,2022-03-01 19:02:00,HFFG
5.83,5.83,5.83,5.83,100,2022-03-01 19:13:00,HFFG
5.85,5.85,5.85,5.85,200,2022-03-01 19:16:00,HFFG
5.81,5.85,5.81,5.85,200,2022-03-01 19:17:00,HFFG
5.85,5.86,5.85,5.86,607,2022-03-01 19:18:00,HFFG
5.87,5.88,5.87,5.88,1700,2022-03-01 19:21:00,HFFG
5.88,5.88,5.88,5.88,150,2022-03-01 19:22:00,HFFG
5.885,5.8999,5.885,5.885,2210,2022-03-01 19:34:00,HFFG
5.9,5.9,5.9,5.9,192,2022-03-01 19:35:00,HFFG
5.9193,5.9199,5.905,5.905,1175,2022-03-01 19:36:00,HFFG
5.94,5.94,5.94,5.94,191,2022-03-01 19:39:00,HFFG
5.96,5.96,5.945,5.945,344,2022-03-01 19:41:00,HFFG
5.96,5.96,5.9401,5.9401,914,2022-03-01 19:42:00,HFFG
5.9402,5.97,5.94,5.97,1396,2022-03-01 19:43:00,HFFG
5.96,5.96,5.96,5.96,300,2022-03-01 19:45:00,HFFG
5.9642,5.99,5.96,5.975,1100,2022-03-01 19:50:00,HFFG
5.96,5.975,5.92,5.92,6710,2022-03-01 19:52:00,HFFG
5.92,5.92,5.9,5.92,685,2022-03-01 19:54:00,HFFG
5.95,5.95,5.95,5.95,100,2022-03-01 20:06:00,HFFG
5.9501,5.9679,5.9501,5.9679,609,2022-03-01 20:07:00,HFFG
5.97,5.97,5.95,5.95,400,2022-03-01 20:08:00,HFFG
5.96,5.96,5.96,5.96,500,2022-03-01 20:09:00,HFFG
5.94,5.94,5.94,5.94,100,2022-03-01 20:15:00,HFFG
5.94,5.96,5.94,5.96,409,2022-03-01 20:16:00,HFFG
5.96,5.96,5.96,5.96,400,2022-03-01 20:17:00,HFFG
5.95,5.95,5.95,5.95,500,2022-03-01 20:18:00,HFFG
5.92,5.92,5.92,5.92,100,2022-03-01 20:20:00,HFFG
5.95,5.97,5.95,5.97,481,2022-03-01 20:25:00,HFFG
5.97,5.97,5.97,5.97,500,2022-03-01 20:32:00,HFFG
5.97,5.99,5.96,5.96,898,2022-03-01 20:34:00,HFFG
5.97,5.97,5.97,5.97,100,2022-03-01 20:35:00,HFFG
5.98,5.98,5.98,5.98,294,2022-03-01 20:39:00,HFFG
6.0,6.0,5.99,5.99,208,2022-03-01 20:40:00,HFFG
5.98,5.98,5.95,5.95,1300,2022-03-01 20:41:00,HFFG
5.98,5.98,5.98,5.98,100,2022-03-01 20:43:00,HFFG
5.93,5.93,5.93,5.93,1300,2022-03-01 20:44:00,HFFG
5.91,5.91,5.91,5.91,100,2022-03-01 20:45:00,HFFG
5.91,5.91,5.88,5.88,700,2022-03-01 20:46:00,HFFG
5.9,5.9,5.9,5.9,200,2022-03-01 20:48:00,HFFG
5.92,5.93,5.92,5.93,300,2022-03-01 20:52:00,HFFG
5.915,5.915,5.915,5.915,100,2022-03-01 20:54:00,HFFG
5.93,5.93,5.93,5.93,100,2022-03-01 20:57:00,HFFG
5.9,5.93,5.9,5.92,494,2022-03-01 20:59:00,HFFG
5.92,5.92,5.92,5.92,13404,2022-03-01 21:00:00,HFFG
5.92,5.92,5.92,5.92,2272,2022-03-01 22:07:00,HFFG
5.92,5.92,5.92,5.92,622,2022-03-02 14:30:00,HFFG
5.925,5.925,5.925,5.925,300,2022-03-02 14:32:00,HFFG
5.915,5.915,5.915,5.915,285,2022-03-02 14:33:00,HFFG
6.15,6.15,6.15,6.15,100,2022-03-02 14:36:00,HFFG
6.11,6.11,6.11,6.11,100,2022-03-02 14:37:00,HFFG
6.12,6.12,6.12,6.12,100,2022-03-02 14:38:00,HFFG
6.08,6.08,6.08,6.08,300,2022-03-02 14:39:00,HFFG
6.0799,6.08,6.0799,6.08,1700,2022-03-02 14:44:00,HFFG
6.18,6.18,6.18,6.18,100,2022-03-02 14:46:00,HFFG
6.24,6.24,6.24,6.24,100,2022-03-02 14:48:00,HFFG
6.23,6.23,6.23,6.23,100,2022-03-02 14:50:00,HFFG
6.23,6.23,6.23,6.23,100,2022-03-02 14:52:00,HFFG
6.21,6.21,6.21,6.21,100,2022-03-02 14:54:00,HFFG
6.2,6.2,6.2,6.2,100,2022-03-02 15:04:00,HFFG
6.08,6.095,6.05,6.05,2200,2022-03-02 15:12:00,HFFG
6.095,6.095,6.0578,6.095,1100,2022-03-02 15:13:00,HFFG
6.058,6.095,6.05,6.0792,2500,2022-03-02 15:14:00,HFFG
6.0501,6.0578,6.0501,6.0578,1000,2022-03-02 15:15:00,HFFG
6.095,6.095,6.095,6.095,100,2022-03-02 15:17:00,HFFG
6.05,6.13,6.05,6.13,2100,2022-03-02 15:20:00,HFFG
6.14,6.14,6.14,6.14,100,2022-03-02 15:22:00,HFFG
6.13,6.13,6.13,6.13,100,2022-03-02 15:23:00,HFFG
6.13,6.13,6.095,6.095,300,2022-03-02 15:24:00,HFFG
6.14,6.14,6.14,6.14,100,2022-03-02 15:25:00,HFFG
6.2,6.2,6.2,6.2,100,2022-03-02 15:26:00,HFFG
6.2,6.2,6.2,6.2,100,2022-03-02 15:27:00,HFFG
6.2,6.22,6.2,6.22,548,2022-03-02 15:28:00,HFFG
6.22,6.29,6.22,6.24,400,2022-03-02 15:29:00,HFFG
6.24,6.25,6.24,6.25,200,2022-03-02 15:30:00,HFFG
6.35,6.35,6.19,6.19,1325,2022-03-02 15:31:00,HFFG
6.23,6.23,6.23,6.23,100,2022-03-02 15:37:00,HFFG
6.24,6.24,6.24,6.24,100,2022-03-02 15:39:00,HFFG
6.24,6.24,6.1919,6.1919,1700,2022-03-02 15:40:00,HFFG
6.25,6.25,6.25,6.25,100,2022-03-02 15:41:00,HFFG
6.177,6.225,6.177,6.225,2000,2022-03-02 15:42:00,HFFG
6.33,6.33,6.2635,6.2635,1783,2022-03-02 15:44:00,HFFG
6.34,6.34,6.34,6.34,100,2022-03-02 15:45:00,HFFG
6.34,6.34,6.23,6.23,400,2022-03-02 15:47:00,HFFG
6.23,6.34,6.23,6.34,300,2022-03-02 15:48:00,HFFG
6.34,6.34,6.34,6.34,100,2022-03-02 15:49:00,HFFG
6.34,6.34,6.34,6.34,100,2022-03-02 15:50:00,HFFG
6.29,6.29,6.21,6.21,3488,2022-03-02 15:51:00,HFFG
6.31,6.31,6.31,6.31,100,2022-03-02 15:56:00,HFFG
6.31,6.31,6.31,6.31,100,2022-03-02 15:57:00,HFFG
6.28,6.28,6.28,6.28,100,2022-03-02 15:59:00,HFFG
6.29,6.29,6.29,6.29,100,2022-03-02 16:01:00,HFFG
6.29,6.29,6.29,6.29,100,2022-03-02 16:02:00,HFFG
6.21,6.28,6.21,6.28,2218,2022-03-02 16:03:00,HFFG
6.33,6.33,6.33,6.33,100,2022-03-02 16:04:00,HFFG
6.32,6.32,6.32,6.32,100,2022-03-02 16:06:00,HFFG
6.32,6.32,6.32,6.32,100,2022-03-02 16:07:00,HFFG
6.32,6.32,6.32,6.32,100,2022-03-02 16:08:00,HFFG
6.33,6.33,6.33,6.33,100,2022-03-02 16:09:00,HFFG
6.33,6.33,6.33,6.33,100,2022-03-02 16:10:00,HFFG
6.33,6.33,6.33,6.33,100,2022-03-02 16:11:00,HFFG
6.33,6.33,6.33,6.33,100,2022-03-02 16:12:00,HFFG
6.33,6.33,6.33,6.33,100,2022-03-02 16:13:00,HFFG
6.33,6.33,6.33,6.33,100,2022-03-02 16:14:00,HFFG
6.33,6.33,6.33,6.33,100,2022-03-02 16:15:00,HFFG
6.33,6.33,6.33,6.33,200,2022-03-02 16:17:00,HFFG
6.33,6.38,6.28,6.37,4145,2022-03-02 16:19:00,HFFG
6.35,6.45,6.35,6.45,300,2022-03-02 16:20:00,HFFG
6.44,6.44,6.44,6.44,100,2022-03-02 16:21:00,HFFG
6.44,6.44,6.44,6.44,100,2022-03-02 16:22:00,HFFG
6.42,6.47,6.42,6.47,1900,2022-03-02 16:23:00,HFFG
6.46,6.46,6.46,6.46,100,2022-03-02 16:25:00,HFFG
6.46,6.46,6.46,6.46,100,2022-03-02 16:27:00,HFFG
6.49,6.49,6.49,6.49,100,2022-03-02 16:29:00,HFFG
6.41,6.41,6.4,6.4,200,2022-03-02 16:30:00,HFFG
6.47,6.47,6.43,6.43,200,2022-03-02 16:31:00,HFFG
6.4297,6.44,6.33,6.39,4900,2022-03-02 16:33:00,HFFG
6.37,6.37,6.37,6.37,100,2022-03-02 16:44:00,HFFG
6.37,6.37,6.37,6.37,100,2022-03-02 16:46:00,HFFG
6.38,6.38,6.38,6.38,100,2022-03-02 16:48:00,HFFG
6.38,6.38,6.38,6.38,100,2022-03-02 16:50:00,HFFG
6.39,6.39,6.39,6.39,100,2022-03-02 16:52:00,HFFG
6.35,6.35,6.35,6.35,1485,2022-03-02 16:53:00,HFFG
6.4,6.4,6.4,6.4,100,2022-03-02 16:55:00,HFFG
6.4,6.4,6.4,6.4,100,2022-03-02 16:57:00,HFFG
6.4,6.4,6.4,6.4,100,2022-03-02 16:58:00,HFFG
6.47,6.47,6.47,6.47,100,2022-03-02 17:01:00,HFFG
6.46,6.46,6.46,6.46,100,2022-03-02 17:04:00,HFFG
6.43,6.43,6.43,6.43,100,2022-03-02 17:08:00,HFFG
6.42,6.42,6.42,6.42,100,2022-03-02 17:10:00,HFFG
6.43,6.43,6.43,6.43,100,2022-03-02 17:13:00,HFFG
6.42,6.42,6.42,6.42,100,2022-03-02 17:15:00,HFFG
6.43,6.43,6.43,6.43,100,2022-03-02 17:17:00,HFFG
6.42,6.42,6.42,6.42,100,2022-03-02 17:20:00,HFFG
6.42,6.42,6.42,6.42,100,2022-03-02 17:22:00,HFFG
6.42,6.42,6.42,6.42,100,2022-03-02 17:24:00,HFFG
6.37,6.37,6.37,6.37,100,2022-03-02 17:26:00,HFFG
6.4,6.4,6.4,6.4,100,2022-03-02 17:29:00,HFFG
6.4,6.4,6.4,6.4,100,2022-03-02 17:31:00,HFFG
6.4,6.4,6.4,6.4,100,2022-03-02 17:34:00,HFFG
6.4,6.4,6.4,6.4,100,2022-03-02 17:36:00,HFFG
6.4,6.4,6.4,6.4,100,2022-03-02 17:39:00,HFFG
6.4,6.4,6.4,6.4,100,2022-03-02 17:41:00,HFFG
6.4,6.4,6.4,6.4,100,2022-03-02 17:44:00,HFFG
6.4,6.4,6.4,6.4,100,2022-03-02 17:47:00,HFFG
6.38,6.38,6.38,6.38,100,2022-03-02 17:50:00,HFFG
6.34,6.34,6.34,6.34,100,2022-03-02 17:55:00,HFFG
6.34,6.34,6.3,6.3,800,2022-03-02 17:56:00,HFFG
6.33,6.33,6.33,6.33,100,2022-03-02 18:12:00,HFFG
6.26,6.26,6.26,6.26,100,2022-03-02 18:14:00,HFFG
6.34,6.34,6.325,6.325,300,2022-03-02 18:16:00,HFFG
6.34,6.34,6.34,6.34,100,2022-03-02 18:17:00,HFFG
6.33,6.33,6.33,6.33,100,2022-03-02 18:19:00,HFFG
6.33,6.33,6.33,6.33,100,2022-03-02 18:23:00,HFFG
6.34,6.35,6.31,6.31,1570,2022-03-02 18:45:00,HFFG
6.31,6.31,6.31,6.31,100,2022-03-02 18:46:00,HFFG
6.34,6.39,6.34,6.38,600,2022-03-02 18:51:00,HFFG
6.35,6.35,6.35,6.35,1700,2022-03-02 18:55:00,HFFG
6.35,6.35,6.31,6.31,700,2022-03-02 18:56:00,HFFG
6.305,6.305,6.27,6.27,550,2022-03-02 19:01:00,HFFG
6.34,6.34,6.34,6.34,100,2022-03-02 19:04:00,HFFG
6.34,6.34,6.34,6.34,100,2022-03-02 19:06:00,HFFG
6.32,6.32,6.32,6.32,100,2022-03-02 19:08:00,HFFG
6.34,6.34,6.34,6.34,100,2022-03-02 19:09:00,HFFG
6.3299,6.3299,6.3299,6.3299,200,2022-03-02 19:10:00,HFFG
6.33,6.33,6.33,6.33,300,2022-03-02 19:11:00,HFFG
6.335,6.335,6.335,6.335,600,2022-03-02 19:12:00,HFFG
6.35,6.37,6.35,6.37,1600,2022-03-02 19:13:00,HFFG
6.3381,6.3381,6.3381,6.3381,157,2022-03-02 19:14:00,HFFG
6.33,6.33,6.33,6.33,359,2022-03-02 19:15:00,HFFG
6.36,6.36,6.36,6.36,100,2022-03-02 19:22:00,HFFG
6.335,6.335,6.335,6.335,100,2022-03-02 19:23:00,HFFG
6.36,6.36,6.36,6.36,100,2022-03-02 19:25:00,HFFG
6.36,6.36,6.36,6.36,100,2022-03-02 19:27:00,HFFG
6.35,6.35,6.33,6.33,674,2022-03-02 19:34:00,HFFG
6.33,6.33,6.33,6.33,100,2022-03-02 19:35:00,HFFG
6.33,6.33,6.33,6.33,100,2022-03-02 19:46:00,HFFG
6.32,6.32,6.32,6.32,329,2022-03-02 19:54:00,HFFG
6.29,6.29,6.29,6.29,330,2022-03-02 19:56:00,HFFG
6.3,6.3,6.3,6.3,100,2022-03-02 20:10:00,HFFG
6.3,6.3,6.3,6.3,100,2022-03-02 20:12:00,HFFG
6.26,6.26,6.26,6.26,300,2022-03-02 20:15:00,HFFG
6.25,6.2699,6.25,6.2699,3700,2022-03-02 20:17:00,HFFG
6.26,6.26,6.26,6.26,100,2022-03-02 20:24:00,HFFG
6.23,6.24,6.23,6.24,200,2022-03-02 20:25:00,HFFG
6.245,6.245,6.245,6.245,100,2022-03-02 20:27:00,HFFG
6.26,6.28,6.26,6.27,795,2022-03-02 20:29:00,HFFG
6.25,6.25,6.25,6.25,100,2022-03-02 20:30:00,HFFG
6.27,6.27,6.26,6.26,200,2022-03-02 20:31:00,HFFG
6.27,6.27,6.27,6.27,200,2022-03-02 20:32:00,HFFG
6.25,6.25,6.25,6.25,100,2022-03-02 20:33:00,HFFG
6.25,6.25,6.25,6.25,347,2022-03-02 20:34:00,HFFG
6.25,6.26,6.25,6.26,200,2022-03-02 20:35:00,HFFG
6.25,6.25,6.24,6.24,657,2022-03-02 20:36:00,HFFG
6.23,6.24,6.23,6.23,883,2022-03-02 20:45:00,HFFG
6.22,6.22,6.22,6.22,368,2022-03-02 20:46:00,HFFG
6.215,6.23,6.215,6.22,1250,2022-03-02 20:49:00,HFFG
6.22,6.22,6.21,6.21,650,2022-03-02 20:50:00,HFFG
6.215,6.215,6.215,6.215,100,2022-03-02 20:52:00,HFFG
6.21,6.21,6.21,6.21,1300,2022-03-02 20:54:00,HFFG
6.2,6.2,6.19,6.19,200,2022-03-02 20:55:00,HFFG
6.19,6.19,6.19,6.19,400,2022-03-02 20:56:00,HFFG
6.2,6.2,6.2,6.2,200,2022-03-02 20:57:00,HFFG
6.19,6.19,6.19,6.19,100,2022-03-02 20:58:00,HFFG
6.22,6.22,6.19,6.2,1186,2022-03-02 20:59:00,HFFG
6.21,6.21,6.21,6.21,9618,2022-03-02 21:00:00,HFFG
6.21,6.21,6.21,6.21,1238,2022-03-02 21:01:00,HFFG
6.24,6.24,6.24,6.24,397,2022-03-03 14:30:00,HFFG
6.225,6.225,6.225,6.225,200,2022-03-03 14:34:00,HFFG
6.22,6.22,6.22,6.22,200,2022-03-03 14:40:00,HFFG
6.17,6.2,6.17,6.2,200,2022-03-03 14:50:00,HFFG
6.19,6.2,6.17,6.17,400,2022-03-03 15:18:00,HFFG
6.13,6.13,6.12,6.13,300,2022-03-03 15:37:00,HFFG
6.1267,6.1267,6.1267,6.1267,100,2022-03-03 15:38:00,HFFG
6.11,6.11,6.11,6.11,100,2022-03-03 15:42:00,HFFG
6.1,6.11,6.1,6.11,300,2022-03-03 15:57:00,HFFG
6.14,6.15,6.124,6.15,2100,2022-03-03 16:12:00,HFFG
6.1,6.1899,6.1,6.1899,2500,2022-03-03 16:13:00,HFFG
6.2,6.2,6.2,6.2,100,2022-03-03 16:24:00,HFFG
6.24,6.3,6.24,6.3,660,2022-03-03 16:28:00,HFFG
6.19,6.19,6.19,6.19,190,2022-03-03 16:33:00,HFFG
6.23,6.23,6.23,6.23,100,2022-03-03 16:41:00,HFFG
6.18,6.22,6.18,6.22,300,2022-03-03 16:53:00,HFFG
6.23,6.23,6.2299,6.2299,600,2022-03-03 17:17:00,HFFG
6.2,6.2,6.2,6.2,100,2022-03-03 17:31:00,HFFG
6.24,6.25,6.24,6.25,200,2022-03-03 17:34:00,HFFG
6.24,6.24,6.24,6.24,300,2022-03-03 17:35:00,HFFG
6.24,6.24,6.24,6.24,100,2022-03-03 17:44:00,HFFG
6.22,6.22,6.22,6.22,200,2022-03-03 18:22:00,HFFG
6.2101,6.25,6.1701,6.1701,1903,2022-03-03 18:31:00,HFFG
6.15,6.15,6.15,6.15,119,2022-03-03 18:32:00,HFFG
6.155,6.155,6.155,6.155,100,2022-03-03 18:36:00,HFFG
6.16,6.16,6.16,6.16,200,2022-03-03 18:39:00,HFFG
6.24,6.24,6.24,6.24,100,2022-03-03 18:50:00,HFFG
6.15,6.15,6.15,6.15,100,2022-03-03 18:59:00,HFFG
6.18,6.18,6.18,6.18,100,2022-03-03 19:07:00,HFFG
6.13,6.13,6.1,6.1,200,2022-03-03 20:00:00,HFFG
6.06,6.11,6.06,6.11,400,2022-03-03 20:08:00,HFFG
6.06,6.06,6.06,6.06,100,2022-03-03 20:16:00,HFFG
6.08,6.08,6.08,6.08,200,2022-03-03 20:21:00,HFFG
6.055,6.055,6.055,6.055,100,2022-03-03 20:28:00,HFFG
6.06,6.06,6.06,6.06,100,2022-03-03 20:37:00,HFFG
6.07,6.07,6.07,6.07,200,2022-03-03 20:39:00,HFFG
6.065,6.0699,6.06,6.06,500,2022-03-03 20:40:00,HFFG
6.065,6.065,6.06,6.06,204,2022-03-03 20:41:00,HFFG
6.05,6.05,6.05,6.05,100,2022-03-03 20:42:00,HFFG
6.06,6.065,6.06,6.06,400,2022-03-03 20:44:00,HFFG
6.06,6.06,6.06,6.06,100,2022-03-03 20:50:00,HFFG
6.07,6.07,6.06,6.06,930,2022-03-03 20:51:00,HFFG
6.065,6.065,6.065,6.065,600,2022-03-03 20:58:00,HFFG
6.05,6.07,6.05,6.05,2214,2022-03-03 20:59:00,HFFG
6.05,6.05,6.05,6.05,4509,2022-03-03 21:00:00,HFFG
6.05,6.05,6.05,6.05,737,2022-03-03 21:01:00,HFFG
6.0,6.0,6.0,6.0,334,2022-03-04 14:30:00,HFFG
5.99,5.99,5.95,5.95,400,2022-03-04 14:44:00,HFFG
5.93,5.93,5.9001,5.9001,1400,2022-03-04 14:45:00,HFFG
5.93,5.9599,5.92,5.9599,899,2022-03-04 14:46:00,HFFG
5.9499,5.9499,5.9499,5.9499,183,2022-03-04 14:48:00,HFFG
5.931,5.931,5.931,5.931,100,2022-03-04 14:57:00,HFFG
5.95,5.95,5.95,5.95,100,2022-03-04 15:00:00,HFFG
5.9201,5.9201,5.9201,5.9201,150,2022-03-04 15:03:00,HFFG
5.92,5.92,5.92,5.92,200,2022-03-04 15:07:00,HFFG
5.93,5.93,5.92,5.92,1000,2022-03-04 15:18:00,HFFG
5.93,5.94,5.93,5.93,600,2022-03-04 15:29:00,HFFG
5.93,5.93,5.93,5.93,228,2022-03-04 15:30:00,HFFG
5.9399,5.9399,5.9399,5.9399,520,2022-03-04 15:32:00,HFFG
5.92,5.92,5.92,5.92,100,2022-03-04 15:58:00,HFFG
5.89,5.89,5.79,5.79,18021,2022-03-04 16:02:00,HFFG
5.78,5.78,5.78,5.78,100,2022-03-04 16:11:00,HFFG
5.79,5.83,5.79,5.81,825,2022-03-04 16:16:00,HFFG
5.82,5.83,5.82,5.83,200,2022-03-04 16:17:00,HFFG
5.87,5.88,5.87,5.88,500,2022-03-04 16:22:00,HFFG
5.9114,5.9114,5.9114,5.9114,500,2022-03-04 16:24:00,HFFG
5.92,5.92,5.92,5.92,100,2022-03-04 16:38:00,HFFG
5.92,5.92,5.92,5.92,100,2022-03-04 16:40:00,HFFG
5.92,5.93,5.92,5.93,200,2022-03-04 16:41:00,HFFG
5.91,5.91,5.91,5.91,100,2022-03-04 16:52:00,HFFG
5.91,5.92,5.91,5.92,396,2022-03-04 17:12:00,HFFG
5.92,5.92,5.92,5.92,218,2022-03-04 17:14:00,HFFG
5.93,5.93,5.93,5.93,100,2022-03-04 17:17:00,HFFG
5.93,5.93,5.93,5.93,100,2022-03-04 17:20:00,HFFG
5.92,5.92,5.9,5.9,670,2022-03-04 17:26:00,HFFG
5.89,5.89,5.89,5.89,100,2022-03-04 18:05:00,HFFG
5.89,5.91,5.89,5.91,200,2022-03-04 18:14:00,HFFG
5.88,5.88,5.88,5.88,100,2022-03-04 18:15:00,HFFG
5.9,5.9,5.9,5.9,200,2022-03-04 18:31:00,HFFG
5.91,5.92,5.91,5.91,1907,2022-03-04 18:32:00,HFFG
5.93,5.93,5.93,5.93,474,2022-03-04 18:34:00,HFFG
5.94,5.94,5.94,5.94,100,2022-03-04 18:39:00,HFFG
5.93,5.93,5.93,5.93,100,2022-03-04 18:40:00,HFFG
5.9,5.9,5.89,5.89,300,2022-03-04 18:53:00,HFFG
5.92,5.92,5.92,5.92,100,2022-03-04 19:05:00,HFFG
5.91,5.91,5.91,5.91,200,2022-03-04 19:12:00,HFFG
5.93,5.93,5.93,5.93,300,2022-03-04 19:24:00,HFFG
5.94,5.95,5.9399,5.9399,612,2022-03-04 19:28:00,HFFG
5.94,5.94,5.92,5.92,7940,2022-03-04 19:42:00,HFFG
5.935,5.935,5.935,5.935,100,2022-03-04 19:43:00,HFFG
5.91,5.91,5.91,5.91,200,2022-03-04 19:52:00,HFFG
5.9,5.9,5.9,5.9,200,2022-03-04 19:58:00,HFFG
5.9,5.91,5.9,5.9,780,2022-03-04 20:05:00,HFFG
5.9579,5.9579,5.945,5.945,1100,2022-03-04 20:11:00,HFFG
5.94,5.94,5.94,5.94,100,2022-03-04 20:14:00,HFFG
5.94,5.94,5.93,5.93,600,2022-03-04 20:20:00,HFFG
5.94,5.95,5.94,5.95,573,2022-03-04 20:25:00,HFFG
5.97,5.97,5.97,5.97,400,2022-03-04 20:26:00,HFFG
5.96,5.97,5.96,5.97,600,2022-03-04 20:31:00,HFFG
5.955,5.955,5.955,5.955,100,2022-03-04 20:35:00,HFFG
5.955,5.955,5.955,5.955,100,2022-03-04 20:40:00,HFFG
5.94,5.96,5.94,5.96,913,2022-03-04 20:41:00,HFFG
5.97,5.97,5.97,5.97,249,2022-03-04 20:44:00,HFFG
5.9679,5.9679,5.9679,5.9679,100,2022-03-04 20:45:00,HFFG
5.95,5.95,5.95,5.95,200,2022-03-04 20:47:00,HFFG
5.97,5.97,5.97,5.97,600,2022-03-04 20:54:00,HFFG
5.98,5.98,5.96,5.96,266,2022-03-04 20:55:00,HFFG
5.95,5.95,5.95,5.95,200,2022-03-04 20:56:00,HFFG
5.95,5.95,5.95,5.95,200,2022-03-04 20:57:00,HFFG
5.95,5.96,5.95,5.96,600,2022-03-04 20:58:00,HFFG
5.97,5.97,5.96,5.97,900,2022-03-04 20:59:00,HFFG
5.97,5.97,5.97,5.97,5865,2022-03-04 21:00:00,HFFG
5.97,5.97,5.97,5.97,596,2022-03-04 21:01:00,HFFG
6.01,6.01,6.01,6.01,531,2022-03-07 14:30:00,HFFG
6.07,6.07,6.07,6.07,300,2022-03-07 14:36:00,HFFG
6.05,6.05,6.05,6.05,119,2022-03-07 14:39:00,HFFG
5.97,5.97,5.97,5.97,100,2022-03-07 14:41:00,HFFG
5.97,5.97,5.97,5.97,100,2022-03-07 14:57:00,HFFG
5.98,5.98,5.97,5.97,339,2022-03-07 15:13:00,HFFG
5.9399,5.94,5.92,5.92,1083,2022-03-07 15:33:00,HFFG
5.93,5.96,5.93,5.96,826,2022-03-07 15:37:00,HFFG
5.9702,5.9702,5.9702,5.9702,450,2022-03-07 15:44:00,HFFG
5.95,5.95,5.95,5.95,200,2022-03-07 15:58:00,HFFG
5.97,6.0,5.97,6.0,400,2022-03-07 16:05:00,HFFG
5.97,5.97,5.97,5.97,100,2022-03-07 16:31:00,HFFG
5.95,5.95,5.95,5.95,144,2022-03-07 16:45:00,HFFG
5.95,5.95,5.95,5.95,100,2022-03-07 16:46:00,HFFG
5.9342,5.9342,5.9342,5.9342,200,2022-03-07 16:48:00,HFFG
5.94,5.94,5.93,5.93,200,2022-03-07 16:52:00,HFFG
5.88,5.89,5.87,5.87,1494,2022-03-07 17:02:00,HFFG
5.89,5.91,5.89,5.91,389,2022-03-07 17:09:00,HFFG
5.89,5.89,5.89,5.89,169,2022-03-07 17:22:00,HFFG
5.9,5.9,5.9,5.9,100,2022-03-07 17:29:00,HFFG
5.9,5.9,5.89,5.89,200,2022-03-07 17:37:00,HFFG
5.91,5.92,5.91,5.92,300,2022-03-07 17:40:00,HFFG
5.9146,5.9146,5.9146,5.9146,150,2022-03-07 17:46:00,HFFG
5.92,5.92,5.92,5.92,400,2022-03-07 17:50:00,HFFG
5.94,5.94,5.94,5.94,600,2022-03-07 17:59:00,HFFG
5.91,5.91,5.91,5.91,200,2022-03-07 18:08:00,HFFG
5.8801,5.8801,5.8801,5.8801,1000,2022-03-07 18:18:00,HFFG
5.9158,5.9158,5.9158,5.9158,418,2022-03-07 18:46:00,HFFG
5.87,5.87,5.87,5.87,100,2022-03-07 18:59:00,HFFG
5.865,5.865,5.865,5.865,1200,2022-03-07 19:01:00,HFFG
5.88,5.9,5.88,5.9,200,2022-03-07 19:06:00,HFFG
5.92,5.94,5.91,5.91,636,2022-03-07 19:17:00,HFFG
5.92,5.92,5.92,5.92,100,2022-03-07 19:22:00,HFFG
5.895,5.895,5.88,5.88,666,2022-03-07 19:31:00,HFFG
5.9037,5.9037,5.9037,5.9037,170,2022-03-07 19:35:00,HFFG
5.9099,5.9099,5.9099,5.9099,1000,2022-03-07 19:47:00,HFFG
5.91,5.95,5.91,5.95,1169,2022-03-07 19:50:00,HFFG
5.96,5.96,5.96,5.96,300,2022-03-07 19:55:00,HFFG
5.95,5.95,5.95,5.95,100,2022-03-07 19:56:00,HFFG
5.935,5.94,5.935,5.94,200,2022-03-07 20:07:00,HFFG
5.92,5.92,5.92,5.92,500,2022-03-07 20:12:00,HFFG
5.915,5.915,5.915,5.915,100,2022-03-07 20:14:00,HFFG
5.93,5.93,5.93,5.93,400,2022-03-07 20:20:00,HFFG
5.94,5.94,5.94,5.94,300,2022-03-07 20:21:00,HFFG
5.945,5.945,5.945,5.945,100,2022-03-07 20:23:00,HFFG
5.96,5.96,5.96,5.96,500,2022-03-07 20:25:00,HFFG
5.96,5.98,5.96,5.98,600,2022-03-07 20:30:00,HFFG
5.975,5.975,5.975,5.975,100,2022-03-07 20:34:00,HFFG
5.98,6.0,5.98,6.0,472,2022-03-07 20:41:00,HFFG
5.98,5.98,5.98,5.98,500,2022-03-07 20:46:00,HFFG
5.975,5.975,5.96,5.96,240,2022-03-07 20:49:00,HFFG
5.96,5.96,5.95,5.95,400,2022-03-07 20:52:00,HFFG
5.93,5.93,5.93,5.93,200,2022-03-07 20:53:00,HFFG
5.93,5.93,5.93,5.93,300,2022-03-07 20:54:00,HFFG
5.94,5.94,5.94,5.94,220,2022-03-07 20:55:00,HFFG
5.94,5.97,5.94,5.97,846,2022-03-07 20:56:00,HFFG
5.96,5.96,5.93,5.95,1253,2022-03-07 20:57:00,HFFG
5.95,5.95,5.94,5.94,617,2022-03-07 20:58:00,HFFG
5.95,5.95,5.92,5.93,874,2022-03-07 20:59:00,HFFG
5.93,5.93,5.93,5.93,10048,2022-03-07 21:00:00,HFFG
6.1,6.45,6.1,6.45,300,2022-03-08 12:29:00,HFFG
5.98,5.98,5.98,5.98,261,2022-03-08 14:30:00,HFFG
5.8902,5.96,5.8902,5.96,4016,2022-03-08 14:40:00,HFFG
5.95,5.95,5.95,5.95,100,2022-03-08 14:42:00,HFFG
6.0,6.0,6.0,6.0,100,2022-03-08 14:44:00,HFFG
6.065,6.065,6.065,6.065,200,2022-03-08 14:48:00,HFFG
5.935,6.15,5.935,6.15,200,2022-03-08 14:51:00,HFFG
6.04,6.04,6.04,6.04,100,2022-03-08 15:01:00,HFFG
6.02,6.02,6.02,6.02,350,2022-03-08 15:07:00,HFFG
6.0,6.0,6.0,6.0,200,2022-03-08 15:08:00,HFFG
6.02,6.045,6.02,6.045,936,2022-03-08 15:14:00,HFFG
6.06,6.08,6.06,6.08,300,2022-03-08 15:23:00,HFFG
6.12,6.12,6.12,6.12,100,2022-03-08 15:25:00,HFFG
6.0577,6.0577,6.0577,6.0577,129,2022-03-08 15:26:00,HFFG
6.05,6.05,6.05,6.05,100,2022-03-08 15:28:00,HFFG
6.03,6.03,6.03,6.03,400,2022-03-08 15:38:00,HFFG
6.07,6.07,6.07,6.07,100,2022-03-08 15:51:00,HFFG
6.07,6.07,6.07,6.07,200,2022-03-08 15:54:00,HFFG
6.1,6.1,6.1,6.1,300,2022-03-08 16:07:00,HFFG
6.12,6.12,6.12,6.12,100,2022-03-08 16:10:00,HFFG
6.11,6.11,6.11,6.11,100,2022-03-08 16:18:00,HFFG
6.14,6.14,6.11,6.11,200,2022-03-08 16:20:00,HFFG
6.1,6.1,6.1,6.1,100,2022-03-08 16:30:00,HFFG
6.1,6.1,6.1,6.1,200,2022-03-08 16:31:00,HFFG
6.1,6.1,6.1,6.1,100,2022-03-08 16:32:00,HFFG
6.12,6.15,6.12,6.15,500,2022-03-08 16:40:00,HFFG
6.15,6.17,6.15,6.16,921,2022-03-08 16:54:00,HFFG
6.175,6.175,6.175,6.175,169,2022-03-08 16:55:00,HFFG
6.1761,6.1761,6.1761,6.1761,166,2022-03-08 17:08:00,HFFG
6.2024,6.2024,6.2024,6.2024,500,2022-03-08 17:27:00,HFFG
6.22,6.29,6.22,6.29,800,2022-03-08 17:28:00,HFFG
6.27,6.29,6.2401,6.29,4120,2022-03-08 17:32:00,HFFG
6.2409,6.2409,6.2409,6.2409,845,2022-03-08 17:34:00,HFFG
6.29,6.29,6.29,6.29,100,2022-03-08 17:45:00,HFFG
6.24,6.24,6.24,6.24,100,2022-03-08 17:50:00,HFFG
6.25,6.26,6.25,6.25,818,2022-03-08 17:51:00,HFFG
6.29,6.29,6.29,6.29,479,2022-03-08 17:52:00,HFFG
6.3,6.3,6.3,6.3,400,2022-03-08 17:54:00,HFFG
6.29,6.29,6.29,6.29,934,2022-03-08 18:11:00,HFFG
6.2961,6.2961,6.2961,6.2961,100,2022-03-08 18:12:00,HFFG
6.27,6.272,6.27,6.272,800,2022-03-08 18:16:00,HFFG
6.2501,6.2501,6.2501,6.2501,100,2022-03-08 18:24:00,HFFG
6.28,6.28,6.28,6.28,100,2022-03-08 18:25:00,HFFG
6.25,6.25,6.25,6.25,100,2022-03-08 18:26:00,HFFG
6.25,6.25,6.25,6.25,300,2022-03-08 18:30:00,HFFG
6.25,6.25,6.25,6.25,200,2022-03-08 18:36:00,HFFG
6.25,6.25,6.25,6.25,100,2022-03-08 18:39:00,HFFG
6.14,6.19,6.14,6.19,600,2022-03-08 18:54:00,HFFG
6.1854,6.21,6.1854,6.205,1182,2022-03-08 18:55:00,HFFG
6.23,6.25,6.17,6.25,2400,2022-03-08 18:56:00,HFFG
6.18,6.22,6.18,6.22,300,2022-03-08 19:04:00,HFFG
6.17,6.17,6.17,6.17,167,2022-03-08 19:10:00,HFFG
6.15,6.15,6.15,6.15,200,2022-03-08 19:15:00,HFFG
6.15,6.15,6.15,6.15,100,2022-03-08 19:23:00,HFFG
6.15,6.16,6.15,6.16,200,2022-03-08 19:27:00,HFFG
6.165,6.165,6.165,6.165,100,2022-03-08 19:39:00,HFFG
6.18,6.18,6.18,6.18,910,2022-03-08 19:44:00,HFFG
6.21,6.21,6.21,6.21,100,2022-03-08 19:51:00,HFFG
6.21,6.21,6.21,6.21,100,2022-03-08 19:56:00,HFFG
6.2,6.2,6.2,6.2,200,2022-03-08 19:57:00,HFFG
6.2,6.2,6.2,6.2,500,2022-03-08 20:07:00,HFFG
6.25,6.25,6.25,6.25,100,2022-03-08 20:10:00,HFFG
6.21,6.21,6.21,6.21,300,2022-03-08 20:16:00,HFFG
6.2,6.2,6.2,6.2,600,2022-03-08 20:18:00,HFFG
6.19,6.19,6.19,6.19,100,2022-03-08 20:20:00,HFFG
6.15,6.15,6.15,6.15,200,2022-03-08 20:28:00,HFFG
6.12,6.17,6.12,6.17,6776,2022-03-08 20:31:00,HFFG
6.175,6.175,6.175,6.175,100,2022-03-08 20:36:00,HFFG
6.16,6.16,6.16,6.16,359,2022-03-08 20:43:00,HFFG
6.16,6.16,6.16,6.16,100,2022-03-08 20:44:00,HFFG
6.16,6.16,6.16,6.16,300,2022-03-08 20:46:00,HFFG
6.15,6.15,6.15,6.15,100,2022-03-08 20:47:00,HFFG
6.15,6.15,6.15,6.15,285,2022-03-08 20:52:00,HFFG
6.13,6.13,6.12,6.12,1100,2022-03-08 20:53:00,HFFG
6.11,6.11,6.11,6.11,300,2022-03-08 20:54:00,HFFG
6.09,6.09,6.09,6.09,600,2022-03-08 20:56:00,HFFG
6.07,6.09,6.07,6.09,300,2022-03-08 20:57:00,HFFG
6.09,6.09,6.09,6.09,200,2022-03-08 20:58:00,HFFG
6.08,6.1,6.08,6.1,400,2022-03-08 20:59:00,HFFG
6.1,6.1,6.1,6.1,8387,2022-03-08 21:00:00,HFFG
6.1,6.1,6.1,6.1,755,2022-03-08 21:01:00,HFFG
6.1,6.1,6.1,6.1,206,2022-03-08 21:03:00,HFFG
6.09,6.09,6.09,6.09,110,2022-03-09 12:00:00,HFFG
6.1,6.1,6.1,6.1,1957,2022-03-09 14:30:00,HFFG
5.94,5.94,5.94,5.94,100,2022-03-09 14:33:00,HFFG
6.26,6.26,6.26,6.26,162,2022-03-09 14:43:00,HFFG
6.25,6.33,6.25,6.33,800,2022-03-09 14:47:00,HFFG
6.32,6.32,6.25,6.25,1300,2022-03-09 14:57:00,HFFG
6.25,6.25,6.25,6.25,100,2022-03-09 14:58:00,HFFG
6.26,6.3,6.25,6.25,7582,2022-03-09 15:04:00,HFFG
6.25,6.25,6.25,6.25,690,2022-03-09 15:05:00,HFFG
6.275,6.275,6.275,6.275,581,2022-03-09 15:39:00,HFFG
6.28,6.28,6.26,6.261,6599,2022-03-09 16:07:00,HFFG
6.265,6.265,6.25,6.25,1704,2022-03-09 16:08:00,HFFG
6.2599,6.2799,6.2599,6.2799,5000,2022-03-09 16:09:00,HFFG
6.26,6.27,6.25,6.251,1078,2022-03-09 16:10:00,HFFG
6.25,6.25,6.25,6.25,100,2022-03-09 16:11:00,HFFG
6.26,6.26,6.26,6.26,200,2022-03-09 17:03:00,HFFG
6.25,6.25,6.25,6.25,100,2022-03-09 17:09:00,HFFG
6.27,6.27,6.27,6.27,100,2022-03-09 17:12:00,HFFG
6.2601,6.2601,6.26,6.26,1100,2022-03-09 17:24:00,HFFG
6.26,6.26,6.26,6.26,485,2022-03-09 18:14:00,HFFG
6.26,6.26,6.26,6.26,100,2022-03-09 18:46:00,HFFG
6.25,6.25,6.25,6.25,300,2022-03-09 18:49:00,HFFG
6.27,6.27,6.27,6.27,182,2022-03-09 20:25:00,HFFG
6.25,6.25,6.25,6.25,100,2022-03-09 20:29:00,HFFG
6.25,6.255,6.25,6.25,400,2022-03-09 20:32:00,HFFG
6.25,6.25,6.25,6.25,200,2022-03-09 20:48:00,HFFG
6.25,6.25,6.25,6.25,600,2022-03-09 20:49:00,HFFG
6.25,6.26,6.25,6.25,600,2022-03-09 20:50:00,HFFG
6.25,6.25,6.22,6.23,2750,2022-03-09 20:51:00,HFFG
6.23,6.26,6.23,6.25,2941,2022-03-09 20:52:00,HFFG
6.245,6.25,6.245,6.25,500,2022-03-09 20:53:00,HFFG
6.25,6.26,6.24,6.26,869,2022-03-09 20:54:00,HFFG
6.2625,6.2625,6.2625,6.2625,100,2022-03-09 20:56:00,HFFG
6.25,6.25,6.25,6.25,100,2022-03-09 20:58:00,HFFG
6.28,6.28,6.25,6.25,618,2022-03-09 20:59:00,HFFG
6.27,6.27,6.27,6.27,7435,2022-03-09 21:00:00,HFFG
6.27,6.27,6.27,6.27,1101,2022-03-09 21:03:00,HFFG
6.27,6.27,6.27,6.27,173,2022-03-09 21:05:00,HFFG
6.27,6.27,6.27,6.27,1104,2022-03-09 21:53:00,HFFG
6.19,6.27,6.19,6.27,675,2022-03-10 14:30:00,HFFG
6.24,6.25,6.24,6.24,600,2022-03-10 14:38:00,HFFG
6.25,6.26,6.25,6.25,500,2022-03-10 14:39:00,HFFG
6.25,6.27,6.25,6.27,200,2022-03-10 14:40:00,HFFG
6.25,6.25,6.25,6.25,305,2022-03-10 14:44:00,HFFG
6.27,6.27,6.27,6.27,200,2022-03-10 14:45:00,HFFG
6.3,6.3,6.3,6.3,400,2022-03-10 14:57:00,HFFG
6.301,6.301,6.301,6.301,900,2022-03-10 15:10:00,HFFG
6.25,6.25,6.25,6.25,100,2022-03-10 15:13:00,HFFG
6.2999,6.2999,6.2887,6.29,5000,2022-03-10 15:18:00,HFFG
6.28,6.28,6.28,6.28,300,2022-03-10 15:29:00,HFFG
6.27,6.27,6.27,6.27,100,2022-03-10 15:48:00,HFFG
6.25,6.25,6.25,6.25,100,2022-03-10 16:11:00,HFFG
6.25,6.26,6.25,6.25,5500,2022-03-10 16:22:00,HFFG
6.25,6.25,6.25,6.25,2500,2022-03-10 16:23:00,HFFG
6.25,6.25,6.25,6.25,400,2022-03-10 16:27:00,HFFG
6.22,6.22,6.22,6.22,100,2022-03-10 16:46:00,HFFG
6.22,6.22,6.15,6.2,10453,2022-03-10 17:00:00,HFFG
6.21,6.21,6.21,6.21,100,2022-03-10 17:03:00,HFFG
6.18,6.18,6.18,6.18,280,2022-03-10 17:10:00,HFFG
6.15,6.15,6.15,6.15,100,2022-03-10 17:14:00,HFFG
6.12,6.12,6.11,6.11,4300,2022-03-10 17:26:00,HFFG
6.09,6.09,6.09,6.09,100,2022-03-10 17:28:00,HFFG
6.09,6.09,6.09,6.09,300,2022-03-10 17:29:00,HFFG
6.08,6.08,6.08,6.08,180,2022-03-10 17:48:00,HFFG
6.0601,6.0601,6.0601,6.0601,221,2022-03-10 18:21:00,HFFG
6.07,6.07,6.07,6.07,400,2022-03-10 18:32:00,HFFG
6.1,6.105,6.1,6.105,364,2022-03-10 18:33:00,HFFG
6.12,6.12,6.12,6.12,100,2022-03-10 18:34:00,HFFG
6.12,6.12,6.12,6.12,100,2022-03-10 18:35:00,HFFG
6.13,6.13,6.13,6.13,100,2022-03-10 18:47:00,HFFG
6.16,6.17,6.16,6.17,203,2022-03-10 18:49:00,HFFG
6.18,6.18,6.18,6.18,100,2022-03-10 18:52:00,HFFG
6.19,6.19,6.19,6.19,100,2022-03-10 19:09:00,HFFG
6.195,6.2,6.195,6.2,300,2022-03-10 19:21:00,HFFG
6.185,6.2,6.185,6.185,300,2022-03-10 19:22:00,HFFG
6.185,6.185,6.185,6.185,100,2022-03-10 19:24:00,HFFG
6.2,6.2,6.2,6.2,100,2022-03-10 19:37:00,HFFG
6.185,6.2,6.185,6.2,200,2022-03-10 19:39:00,HFFG
6.17,6.17,6.17,6.17,200,2022-03-10 19:47:00,HFFG
6.18,6.18,6.17,6.17,200,2022-03-10 19:48:00,HFFG
6.19,6.19,6.19,6.19,200,2022-03-10 19:54:00,HFFG
6.2,6.2,6.2,6.2,600,2022-03-10 19:58:00,HFFG
6.21,6.22,6.2,6.2,300,2022-03-10 19:59:00,HFFG
6.22,6.23,6.22,6.23,200,2022-03-10 20:02:00,HFFG
6.225,6.225,6.225,6.225,100,2022-03-10 20:10:00,HFFG
6.24,6.24,6.24,6.24,100,2022-03-10 20:13:00,HFFG
6.25,6.25,6.25,6.25,100,2022-03-10 20:14:00,HFFG
6.24,6.24,6.24,6.24,100,2022-03-10 20:19:00,HFFG
6.23,6.23,6.23,6.23,100,2022-03-10 20:22:00,HFFG
6.23,6.23,6.23,6.23,100,2022-03-10 20:23:00,HFFG
6.24,6.24,6.24,6.24,185,2022-03-10 20:25:00,HFFG
6.24,6.25,6.24,6.24,678,2022-03-10 20:26:00,HFFG
6.26,6.26,6.25,6.25,500,2022-03-10 20:31:00,HFFG
6.245,6.26,6.245,6.26,300,2022-03-10 20:32:00,HFFG
6.265,6.265,6.265,6.265,100,2022-03-10 20:33:00,HFFG
6.265,6.265,6.265,6.265,500,2022-03-10 20:38:00,HFFG
6.28,6.28,6.25,6.25,699,2022-03-10 20:40:00,HFFG
6.29,6.29,6.29,6.29,200,2022-03-10 20:42:00,HFFG
6.275,6.275,6.275,6.275,100,2022-03-10 20:43:00,HFFG
6.275,6.275,6.275,6.275,100,2022-03-10 20:45:00,HFFG
6.3,6.3,6.29,6.29,600,2022-03-10 20:47:00,HFFG
6.29,6.33,6.29,6.33,1279,2022-03-10 20:49:00,HFFG
6.32,6.32,6.3,6.3,200,2022-03-10 20:50:00,HFFG
6.295,6.295,6.295,6.295,100,2022-03-10 20:53:00,HFFG
6.3,6.3,6.295,6.295,300,2022-03-10 20:54:00,HFFG
6.285,6.285,6.27,6.27,200,2022-03-10 20:57:00,HFFG
6.28,6.28,6.27,6.27,200,2022-03-10 20:58:00,HFFG
6.3,6.3,6.27,6.28,700,2022-03-10 20:59:00,HFFG
6.28,6.28,6.28,6.28,5392,2022-03-10 21:00:00,HFFG
6.28,6.28,6.28,6.28,582,2022-03-10 21:05:00,HFFG
6.28,6.28,6.28,6.28,142,2022-03-10 21:42:00,HFFG
6.29,6.3,6.29,6.3,499,2022-03-11 14:30:00,HFFG
6.335,6.335,6.335,6.335,100,2022-03-11 14:42:00,HFFG
6.38,6.38,6.28,6.28,4037,2022-03-11 14:50:00,HFFG
6.2123,6.2123,6.2123,6.2123,164,2022-03-11 14:58:00,HFFG
6.16,6.16,6.16,6.16,100,2022-03-11 15:02:00,HFFG
6.21,6.21,6.21,6.21,100,2022-03-11 15:03:00,HFFG
6.24,6.25,6.24,6.25,4035,2022-03-11 15:09:00,HFFG
6.25,6.25,6.25,6.25,305,2022-03-11 15:20:00,HFFG
6.24,6.25,6.24,6.25,300,2022-03-11 15:22:00,HFFG
6.25,6.25,6.25,6.25,300,2022-03-11 15:34:00,HFFG
6.23,6.23,6.23,6.23,200,2022-03-11 15:35:00,HFFG
6.22,6.22,6.22,6.22,200,2022-03-11 15:40:00,HFFG
6.27,6.27,6.27,6.27,200,2022-03-11 15:53:00,HFFG
6.29,6.29,6.29,6.29,100,2022-03-11 15:54:00,HFFG
6.2967,6.2967,6.2967,6.2967,500,2022-03-11 15:58:00,HFFG
6.31,6.31,6.31,6.31,100,2022-03-11 16:21:00,HFFG
6.28,6.28,6.27,6.27,343,2022-03-11 16:34:00,HFFG
6.27,6.27,6.27,6.27,200,2022-03-11 16:37:00,HFFG
6.27,6.27,6.27,6.27,100,2022-03-11 16:39:00,HFFG
6.27,6.27,6.23,6.23,3994,2022-03-11 16:42:00,HFFG
6.18,6.18,6.18,6.18,100,2022-03-11 16:46:00,HFFG
6.18,6.18,6.18,6.18,100,2022-03-11 16:49:00,HFFG
6.18,6.18,6.18,6.18,400,2022-03-11 17:01:00,HFFG
6.18,6.18,6.18,6.18,200,2022-03-11 17:02:00,HFFG
6.22,6.22,6.22,6.22,100,2022-03-11 17:06:00,HFFG
6.22,6.22,6.21,6.21,500,2022-03-11 17:12:00,HFFG
6.22,6.22,6.22,6.22,200,2022-03-11 17:13:00,HFFG
6.23,6.23,6.23,6.23,100,2022-03-11 17:28:00,HFFG
6.2,6.2,6.2,6.2,1382,2022-03-11 17:39:00,HFFG
6.18,6.18,6.18,6.18,200,2022-03-11 17:40:00,HFFG
6.2,6.2,6.2,6.2,100,2022-03-11 17:42:00,HFFG
6.17,6.17,6.17,6.17,100,2022-03-11 18:21:00,HFFG
6.2,6.2,6.2,6.2,100,2022-03-11 18:37:00,HFFG
6.19,6.19,6.19,6.19,100,2022-03-11 18:58:00,HFFG
6.16,6.16,6.16,6.16,100,2022-03-11 19:00:00,HFFG
6.19,6.19,6.19,6.19,100,2022-03-11 19:31:00,HFFG
6.19,6.22,6.19,6.22,1788,2022-03-11 19:44:00,HFFG
6.195,6.195,6.195,6.195,100,2022-03-11 19:46:00,HFFG
6.18,6.18,6.18,6.18,100,2022-03-11 19:48:00,HFFG
6.18,6.18,6.17,6.17,200,2022-03-11 19:58:00,HFFG
6.19,6.19,6.19,6.19,200,2022-03-11 20:05:00,HFFG
6.2,6.2,6.2,6.2,700,2022-03-11 20:09:00,HFFG
6.2,6.2,6.2,6.2,100,2022-03-11 20:27:00,HFFG
6.2,6.2,6.19,6.2,800,2022-03-11 20:30:00,HFFG
6.2,6.2,6.2,6.2,100,2022-03-11 20:31:00,HFFG
6.175,6.175,6.175,6.175,494,2022-03-11 20:44:00,HFFG
6.18,6.18,6.18,6.18,200,2022-03-11 20:48:00,HFFG
6.18,6.18,6.18,6.18,500,2022-03-11 20:49:00,HFFG
6.17,6.18,6.17,6.18,900,2022-03-11 20:50:00,HFFG
6.19,6.21,6.18,6.21,1515,2022-03-11 20:51:00,HFFG
6.21,6.22,6.21,6.22,700,2022-03-11 20:52:00,HFFG
6.22,6.23,6.22,6.23,1309,2022-03-11 20:53:00,HFFG
6.24,6.25,6.22,6.25,1416,2022-03-11 20:54:00,HFFG
6.25,6.25,6.25,6.25,700,2022-03-11 20:55:00,HFFG
6.25,6.25,6.25,6.25,100,2022-03-11 20:56:00,HFFG
6.23,6.25,6.23,6.25,400,2022-03-11 20:57:00,HFFG
6.245,6.25,6.23,6.25,1501,2022-03-11 20:58:00,HFFG
6.24,6.26,6.23,6.26,3000,2022-03-11 20:59:00,HFFG
6.23,6.23,6.23,6.23,5519,2022-03-11 21:00:00,HFFG
6.23,6.23,6.23,6.23,1246,2022-03-11 21:43:00,HFFG
6.28,6.28,6.28,6.28,100,2022-03-11 22:24:00,HFFG
6.26,6.26,6.26,6.26,312,2022-03-14 13:30:00,HFFG
6.19,6.19,6.19,6.19,100,2022-03-14 13:36:00,HFFG
6.1196,6.17,6.07,6.14,3369,2022-03-14 13:39:00,HFFG
6.15,6.17,6.15,6.17,300,2022-03-14 13:40:00,HFFG
6.19,6.19,6.19,6.19,100,2022-03-14 13:43:00,HFFG
6.23,6.23,6.23,6.23,600,2022-03-14 13:44:00,HFFG
6.24,6.26,6.24,6.26,300,2022-03-14 13:50:00,HFFG
6.26,6.26,6.2573,6.26,500,2022-03-14 13:52:00,HFFG
6.3,6.3,6.285,6.285,1503,2022-03-14 14:41:00,HFFG
6.23,6.23,6.23,6.23,100,2022-03-14 14:45:00,HFFG
6.25,6.25,6.25,6.25,100,2022-03-14 15:15:00,HFFG
6.23,6.23,6.23,6.23,100,2022-03-14 15:27:00,HFFG
6.21,6.215,6.21,6.21,1422,2022-03-14 15:57:00,HFFG
6.22,6.22,6.22,6.22,100,2022-03-14 16:06:00,HFFG
6.21,6.21,6.21,6.21,200,2022-03-14 16:14:00,HFFG
6.23,6.23,6.2062,6.23,989,2022-03-14 16:15:00,HFFG
6.25,6.25,6.24,6.25,300,2022-03-14 16:23:00,HFFG
6.255,6.255,6.255,6.255,100,2022-03-14 16:24:00,HFFG
6.23,6.23,6.23,6.23,100,2022-03-14 16:26:00,HFFG
6.26,6.26,6.26,6.26,300,2022-03-14 16:32:00,HFFG
6.25,6.28,6.25,6.28,200,2022-03-14 16:33:00,HFFG
6.25,6.25,6.25,6.25,100,2022-03-14 16:35:00,HFFG
6.25,6.25,6.25,6.25,100,2022-03-14 16:38:00,HFFG
6.265,6.265,6.265,6.265,100,2022-03-14 16:43:00,HFFG
6.25,6.25,6.22,6.22,500,2022-03-14 16:44:00,HFFG
6.21,6.21,6.21,6.21,200,2022-03-14 16:48:00,HFFG
6.225,6.225,6.21,6.21,200,2022-03-14 16:55:00,HFFG
6.24,6.24,6.225,6.225,400,2022-03-14 16:59:00,HFFG
6.24,6.24,6.24,6.24,100,2022-03-14 17:02:00,HFFG
6.24,6.24,6.24,6.24,167,2022-03-14 17:05:00,HFFG
6.24,6.24,6.21,6.21,200,2022-03-14 17:08:00,HFFG
6.2344,6.2344,6.2344,6.2344,104,2022-03-14 17:10:00,HFFG
6.225,6.24,6.225,6.24,1000,2022-03-14 17:12:00,HFFG
6.23,6.23,6.23,6.23,300,2022-03-14 17:22:00,HFFG
6.23,6.23,6.23,6.23,100,2022-03-14 17:27:00,HFFG
6.23,6.23,6.23,6.23,300,2022-03-14 17:32:00,HFFG
6.24,6.24,6.24,6.24,300,2022-03-14 17:37:00,HFFG
6.225,6.24,6.225,6.24,1002,2022-03-14 17:38:00,HFFG
6.23,6.23,6.23,6.23,100,2022-03-14 17:40:00,HFFG
6.23,6.23,6.23,6.23,100,2022-03-14 17:43:00,HFFG
6.24,6.24,6.24,6.24,924,2022-03-14 17:46:00,HFFG
6.235,6.235,6.235,6.235,100,2022-03-14 17:55:00,HFFG
6.25,6.25,6.25,6.25,300,2022-03-14 17:57:00,HFFG
6.24,6.24,6.24,6.24,200,2022-03-14 17:58:00,HFFG
6.24,6.24,6.24,6.24,100,2022-03-14 18:01:00,HFFG
6.25,6.25,6.25,6.25,600,2022-03-14 18:03:00,HFFG
6.25,6.25,6.25,6.25,100,2022-03-14 18:10:00,HFFG
6.265,6.265,6.265,6.265,100,2022-03-14 18:12:00,HFFG
6.26,6.26,6.26,6.26,400,2022-03-14 18:16:00,HFFG
6.25,6.25,6.25,6.25,100,2022-03-14 18:18:00,HFFG
6.25,6.25,6.25,6.25,500,2022-03-14 18:21:00,HFFG
6.24,6.24,6.24,6.24,200,2022-03-14 18:26:00,HFFG
6.24,6.24,6.24,6.24,200,2022-03-14 18:29:00,HFFG
6.24,6.24,6.24,6.24,100,2022-03-14 18:32:00,HFFG
6.2531,6.2531,6.2531,6.2531,104,2022-03-14 18:35:00,HFFG
6.245,6.245,6.245,6.245,100,2022-03-14 18:38:00,HFFG
6.245,6.245,6.245,6.245,200,2022-03-14 18:40:00,HFFG
6.245,6.245,6.245,6.245,100,2022-03-14 18:43:00,HFFG
6.23,6.23,6.23,6.23,100,2022-03-14 18:46:00,HFFG
6.2351,6.2351,6.2351,6.2351,104,2022-03-14 18:47:00,HFFG
6.245,6.245,6.245,6.245,100,2022-03-14 18:48:00,HFFG
6.245,6.245,6.245,6.245,100,2022-03-14 18:49:00,HFFG
6.26,6.26,6.245,6.245,300,2022-03-14 18:54:00,HFFG
6.245,6.245,6.245,6.245,200,2022-03-14 18:55:00,HFFG
6.245,6.245,6.245,6.245,100,2022-03-14 18:56:00,HFFG
6.245,6.245,6.245,6.245,100,2022-03-14 19:01:00,HFFG
6.26,6.29,6.26,6.29,5103,2022-03-14 19:02:00,HFFG
6.29,6.29,6.29,6.29,100,2022-03-14 19:04:00,HFFG
6.29,6.29,6.27,6.27,407,2022-03-14 19:08:00,HFFG
6.25,6.25,6.25,6.25,100,2022-03-14 19:09:00,HFFG
6.27,6.27,6.27,6.27,100,2022-03-14 19:14:00,HFFG
6.3,6.3,6.26,6.26,218,2022-03-14 19:15:00,HFFG
6.28,6.28,6.28,6.28,328,2022-03-14 19:18:00,HFFG
6.28,6.28,6.28,6.28,1172,2022-03-14 19:23:00,HFFG
6.28,6.28,6.28,6.28,900,2022-03-14 19:26:00,HFFG
6.28,6.28,6.28,6.28,693,2022-03-14 19:27:00,HFFG
6.28,6.28,6.28,6.28,799,2022-03-14 19:28:00,HFFG
6.285,6.29,6.285,6.29,300,2022-03-14 19:35:00,HFFG
6.28,6.28,6.28,6.28,374,2022-03-14 19:36:00,HFFG
6.2811,6.2811,6.2811,6.2811,103,2022-03-14 19:39:00,HFFG
6.28,6.28,6.27,6.28,1177,2022-03-14 19:40:00,HFFG
6.2825,6.2825,6.28,6.28,900,2022-03-14 19:42:00,HFFG
6.29,6.3,6.2873,6.3,3094,2022-03-14 19:43:00,HFFG
6.305,6.305,6.305,6.305,3870,2022-03-14 19:44:00,HFFG
6.305,6.305,6.2901,6.2901,349,2022-03-14 19:47:00,HFFG
6.29,6.29,6.29,6.29,100,2022-03-14 19:48:00,HFFG
6.3047,6.3047,6.3047,6.3047,145,2022-03-14 19:49:00,HFFG
6.2755,6.28,6.2755,6.28,784,2022-03-14 19:52:00,HFFG
6.26,6.26,6.2501,6.26,959,2022-03-14 19:54:00,HFFG
6.26,6.26,6.26,6.26,100,2022-03-14 19:55:00,HFFG
6.265,6.265,6.2547,6.2547,284,2022-03-14 19:56:00,HFFG
6.25,6.25,6.24,6.25,2585,2022-03-14 19:57:00,HFFG
6.25,6.25,6.25,6.25,1200,2022-03-14 19:58:00,HFFG
6.25,6.26,6.25,6.25,2200,2022-03-14 19:59:00,HFFG
6.26,6.26,6.26,6.26,6805,2022-03-14 20:00:00,HFFG
6.26,6.26,6.26,6.26,172,2022-03-14 20:01:00,HFFG
6.34,6.34,6.34,6.34,482,2022-03-15 13:30:00,HFFG
6.33,6.33,6.33,6.33,100,2022-03-15 14:25:00,HFFG
6.3095,6.3095,6.3095,6.3095,158,2022-03-15 14:28:00,HFFG
6.36,6.36,6.36,6.36,100,2022-03-15 14:36:00,HFFG
6.379,6.379,6.379,6.379,100,2022-03-15 14:37:00,HFFG
6.34,6.34,6.33,6.33,300,2022-03-15 14:56:00,HFFG
6.31,6.31,6.31,6.31,100,2022-03-15 15:05:00,HFFG
6.27,6.27,6.25,6.25,400,2022-03-15 15:17:00,HFFG
6.3,6.3,6.3,6.3,200,2022-03-15 15:38:00,HFFG
6.3,6.3,6.3,6.3,300,2022-03-15 15:55:00,HFFG
6.31,6.311,6.31,6.311,700,2022-03-15 16:00:00,HFFG
6.315,6.315,6.315,6.315,200,2022-03-15 16:19:00,HFFG
6.31,6.31,6.31,6.31,287,2022-03-15 16:20:00,HFFG
6.3,6.3001,6.3,6.3,969,2022-03-15 16:27:00,HFFG
6.3,6.3,6.3,6.3,210,2022-03-15 16:52:00,HFFG
6.3,6.3,6.3,6.3,500,2022-03-15 16:53:00,HFFG
6.3,6.3,6.3,6.3,100,2022-03-15 16:57:00,HFFG
6.32,6.32,6.318,6.318,200,2022-03-15 17:01:00,HFFG
6.33,6.33,6.33,6.33,300,2022-03-15 17:21:00,HFFG
6.33,6.33,6.33,6.33,100,2022-03-15 17:28:00,HFFG
6.33,6.33,6.33,6.33,100,2022-03-15 17:39:00,HFFG
6.3161,6.3161,6.3161,6.3161,100,2022-03-15 17:50:00,HFFG
6.35,6.35,6.35,6.35,100,2022-03-15 18:02:00,HFFG
6.32,6.32,6.31,6.31,300,2022-03-15 18:04:00,HFFG
6.325,6.325,6.325,6.325,100,2022-03-15 18:08:00,HFFG
6.31,6.31,6.31,6.31,100,2022-03-15 18:56:00,HFFG
6.34,6.34,6.34,6.34,100,2022-03-15 19:01:00,HFFG
6.32,6.35,6.32,6.35,404,2022-03-15 19:03:00,HFFG
6.395,6.4,6.395,6.4,200,2022-03-15 19:06:00,HFFG
6.4,6.4,6.4,6.4,100,2022-03-15 19:07:00,HFFG
6.38,6.38,6.38,6.38,100,2022-03-15 19:33:00,HFFG
6.38,6.38,6.38,6.38,300,2022-03-15 19:36:00,HFFG
6.36,6.36,6.36,6.36,400,2022-03-15 19:55:00,HFFG
6.37,6.37,6.37,6.37,100,2022-03-15 19:56:00,HFFG
6.37,6.37,6.37,6.37,100,2022-03-15 19:57:00,HFFG
6.36,6.36,6.36,6.36,100,2022-03-15 19:58:00,HFFG
6.38,6.39,6.36,6.39,1001,2022-03-15 19:59:00,HFFG
6.36,6.36,6.36,6.36,7900,2022-03-15 20:00:00,HFFG
6.36,6.36,6.36,6.36,233,2022-03-15 20:01:00,HFFG
6.36,6.36,6.36,6.36,1457,2022-03-15 20:53:00,HFFG
6.42,6.45,6.29,6.45,679,2022-03-16 13:30:00,HFFG
6.46,6.5,6.42,6.5,300,2022-03-16 13:33:00,HFFG
6.5,6.5,6.5,6.5,100,2022-03-16 13:35:00,HFFG
6.45,6.45,6.45,6.45,101,2022-03-16 13:36:00,HFFG
6.5,6.5,6.5,6.5,795,2022-03-16 13:42:00,HFFG
6.42,6.42,6.42,6.42,100,2022-03-16 14:06:00,HFFG
6.4176,6.4176,6.4176,6.4176,150,2022-03-16 14:15:00,HFFG
6.39,6.39,6.39,6.39,179,2022-03-16 14:49:00,HFFG
6.42,6.495,6.42,6.495,1400,2022-03-16 15:07:00,HFFG
6.495,6.495,6.495,6.495,100,2022-03-16 15:08:00,HFFG
6.585,6.585,6.585,6.585,100,2022-03-16 15:10:00,HFFG
6.438,6.438,6.438,6.438,100,2022-03-16 15:19:00,HFFG
6.42,6.565,6.42,6.565,1593,2022-03-16 15:27:00,HFFG
6.495,6.495,6.495,6.495,400,2022-03-16 15:32:00,HFFG
6.44,6.545,6.44,6.545,200,2022-03-16 15:42:00,HFFG
6.47,6.47,6.47,6.47,100,2022-03-16 16:00:00,HFFG
6.47,6.47,6.47,6.47,100,2022-03-16 16:05:00,HFFG
6.485,6.485,6.485,6.485,100,2022-03-16 16:24:00,HFFG
6.5494,6.5494,6.545,6.545,220,2022-03-16 16:48:00,HFFG
6.5,6.5,6.5,6.5,300,2022-03-16 16:51:00,HFFG
6.55,6.55,6.55,6.55,100,2022-03-16 17:04:00,HFFG
6.5,6.5,6.49,6.49,200,2022-03-16 17:12:00,HFFG
6.5,6.525,6.5,6.525,300,2022-03-16 17:15:00,HFFG
6.52,6.52,6.52,6.52,100,2022-03-16 17:21:00,HFFG
6.52,6.53,6.52,6.53,392,2022-03-16 17:23:00,HFFG
6.55,6.55,6.55,6.55,100,2022-03-16 17:24:00,HFFG
6.545,6.57,6.54,6.54,1901,2022-03-16 17:27:00,HFFG
6.57,6.57,6.57,6.57,100,2022-03-16 17:28:00,HFFG
6.52,6.52,6.52,6.52,100,2022-03-16 18:09:00,HFFG
6.545,6.55,6.545,6.55,200,2022-03-16 18:10:00,HFFG
6.54,6.54,6.54,6.54,100,2022-03-16 18:30:00,HFFG
6.485,6.485,6.485,6.485,100,2022-03-16 18:31:00,HFFG
6.515,6.515,6.515,6.515,100,2022-03-16 18:33:00,HFFG
6.49,6.5,6.49,6.5,500,2022-03-16 18:42:00,HFFG
6.55,6.55,6.55,6.55,100,2022-03-16 18:43:00,HFFG
6.52,6.54,6.48,6.54,1900,2022-03-16 18:50:00,HFFG
6.5,6.5,6.5,6.5,10130,2022-03-16 18:52:00,HFFG
6.49,6.49,6.49,6.49,300,2022-03-16 18:56:00,HFFG
6.52,6.53,6.52,6.53,200,2022-03-16 18:59:00,HFFG
6.5,6.5,6.5,6.5,100,2022-03-16 19:00:00,HFFG
6.5,6.5,6.5,6.5,100,2022-03-16 19:08:00,HFFG
6.5,6.5,6.5,6.5,100,2022-03-16 19:09:00,HFFG
6.54,6.54,6.54,6.54,100,2022-03-16 19:11:00,HFFG
6.525,6.525,6.525,6.525,105,2022-03-16 19:12:00,HFFG
6.525,6.525,6.525,6.525,100,2022-03-16 19:13:00,HFFG
6.5141,6.5141,6.5141,6.5141,200,2022-03-16 19:18:00,HFFG
6.52,6.52,6.52,6.52,100,2022-03-16 19:24:00,HFFG
6.55,6.57,6.53,6.53,913,2022-03-16 19:26:00,HFFG
6.55,6.55,6.55,6.55,100,2022-03-16 19:28:00,HFFG
6.55,6.55,6.55,6.55,100,2022-03-16 19:30:00,HFFG
6.55,6.555,6.55,6.55,1400,2022-03-16 19:45:00,HFFG
6.56,6.56,6.56,6.56,100,2022-03-16 19:46:00,HFFG
6.56,6.56,6.56,6.56,100,2022-03-16 19:48:00,HFFG
6.56,6.56,6.54,6.54,200,2022-03-16 19:50:00,HFFG
6.56,6.59,6.54,6.54,500,2022-03-16 19:54:00,HFFG
6.59,6.59,6.59,6.59,100,2022-03-16 19:55:00,HFFG
6.58,6.59,6.57,6.59,700,2022-03-16 19:56:00,HFFG
6.59,6.59,6.55,6.55,900,2022-03-16 19:57:00,HFFG
6.54,6.54,6.54,6.54,100,2022-03-16 19:58:00,HFFG
6.57,6.59,6.54,6.54,1352,2022-03-16 19:59:00,HFFG
6.57,6.57,6.57,6.57,19368,2022-03-16 20:00:00,HFFG
6.57,6.57,6.57,6.57,3778,2022-03-16 20:48:00,HFFG
6.46,6.46,6.46,6.46,529,2022-03-17 13:30:00,HFFG
6.57,6.57,6.57,6.57,153,2022-03-17 13:51:00,HFFG
6.6,6.6,6.6,6.6,100,2022-03-17 13:58:00,HFFG
6.71,6.71,6.71,6.71,100,2022-03-17 14:01:00,HFFG
6.69,6.69,6.69,6.69,100,2022-03-17 14:08:00,HFFG
6.57,6.57,6.57,6.57,100,2022-03-17 14:11:00,HFFG
6.5832,6.5832,6.56,6.56,8277,2022-03-17 14:27:00,HFFG
6.595,6.595,6.56,6.56,4114,2022-03-17 14:28:00,HFFG
6.55,6.551,6.41,6.41,16840,2022-03-17 14:32:00,HFFG
6.42,6.42,6.39,6.39,1141,2022-03-17 14:33:00,HFFG
6.4,6.4,6.4,6.4,100,2022-03-17 15:01:00,HFFG
6.4,6.4,6.39,6.39,1624,2022-03-17 15:05:00,HFFG
6.4,6.42,6.4,6.42,500,2022-03-17 15:07:00,HFFG
6.48,6.48,6.48,6.48,100,2022-03-17 15:08:00,HFFG
6.45,6.45,6.45,6.45,100,2022-03-17 15:17:00,HFFG
6.4401,6.4401,6.4401,6.4401,111,2022-03-17 15:19:00,HFFG
6.4,6.41,6.4,6.4,410,2022-03-17 15:25:00,HFFG
6.4001,6.4001,6.34,6.34,9316,2022-03-17 15:28:00,HFFG
6.35,6.35,6.22,6.28,10337,2022-03-17 15:36:00,HFFG
6.335,6.335,6.16,6.16,10260,2022-03-17 15:37:00,HFFG
6.168,6.168,6.168,6.168,100,2022-03-17 15:39:00,HFFG
6.27,6.28,6.25,6.28,400,2022-03-17 15:44:00,HFFG
6.31,6.31,6.31,6.31,100,2022-03-17 15:51:00,HFFG
6.28,6.28,6.28,6.28,100,2022-03-17 16:00:00,HFFG
6.26,6.26,6.26,6.26,100,2022-03-17 16:05:00,HFFG
6.29,6.29,6.29,6.29,500,2022-03-17 16:07:00,HFFG
6.35,6.35,6.33,6.33,1981,2022-03-17 16:48:00,HFFG
6.331,6.36,6.331,6.36,5084,2022-03-17 16:49:00,HFFG
6.35,6.35,6.35,6.35,100,2022-03-17 16:50:00,HFFG
6.33,6.33,6.33,6.33,100,2022-03-17 16:53:00,HFFG
6.3,6.31,6.3,6.31,300,2022-03-17 17:00:00,HFFG
6.3099,6.3099,6.3099,6.3099,2025,2022-03-17 17:03:00,HFFG
6.3,6.3,6.3,6.3,300,2022-03-17 17:04:00,HFFG
6.31,6.31,6.31,6.31,100,2022-03-17 17:21:00,HFFG
6.3,6.3,6.3,6.3,201,2022-03-17 17:23:00,HFFG
6.32,6.32,6.3,6.3,200,2022-03-17 17:35:00,HFFG
6.33,6.36,6.33,6.36,1700,2022-03-17 17:58:00,HFFG
6.35,6.35,6.35,6.35,100,2022-03-17 18:00:00,HFFG
6.33,6.33,6.33,6.33,100,2022-03-17 18:02:00,HFFG
6.3447,6.3447,6.3447,6.3447,1504,2022-03-17 18:10:00,HFFG
6.32,6.32,6.31,6.31,300,2022-03-17 18:11:00,HFFG
6.33,6.33,6.33,6.33,100,2022-03-17 18:12:00,HFFG
6.3499,6.3499,6.3,6.3498,989,2022-03-17 18:21:00,HFFG
6.35,6.36,6.311,6.34,1186,2022-03-17 18:23:00,HFFG
6.31,6.31,6.31,6.31,100,2022-03-17 18:24:00,HFFG
6.32,6.32,6.31,6.31,200,2022-03-17 18:38:00,HFFG
6.3,6.3,6.3,6.3,100,2022-03-17 19:00:00,HFFG
6.305,6.305,6.305,6.305,162,2022-03-17 19:02:00,HFFG
6.305,6.31,6.3,6.3,300,2022-03-17 19:05:00,HFFG
6.3,6.305,6.3,6.305,300,2022-03-17 19:06:00,HFFG
6.3001,6.3002,6.3,6.3,1744,2022-03-17 19:08:00,HFFG
6.305,6.305,6.305,6.305,172,2022-03-17 19:12:00,HFFG
6.305,6.31,6.305,6.31,600,2022-03-17 19:15:00,HFFG
6.305,6.305,6.305,6.305,100,2022-03-17 19:16:00,HFFG
6.31,6.31,6.31,6.31,200,2022-03-17 19:19:00,HFFG
6.3,6.3,6.3,6.3,300,2022-03-17 19:30:00,HFFG
6.3,6.3,6.3,6.3,500,2022-03-17 19:36:00,HFFG
6.3,6.3,6.3,6.3,100,2022-03-17 19:40:00,HFFG
6.3,6.3,6.3,6.3,238,2022-03-17 19:43:00,HFFG
6.305,6.32,6.305,6.32,800,2022-03-17 19:47:00,HFFG
6.32,6.32,6.31,6.315,500,2022-03-17 19:48:00,HFFG
6.31,6.31,6.31,6.31,200,2022-03-17 19:49:00,HFFG
6.3001,6.3001,6.3001,6.3001,225,2022-03-17 19:52:00,HFFG
6.31,6.31,6.31,6.31,100,2022-03-17 19:54:00,HFFG
6.3,6.31,6.3,6.31,2522,2022-03-17 19:56:00,HFFG
6.31,6.31,6.31,6.31,445,2022-03-17 19:57:00,HFFG
6.3,6.31,6.3,6.31,810,2022-03-17 19:59:00,HFFG
6.3,6.3,6.3,6.3,8813,2022-03-17 20:00:00,HFFG
6.3,6.3,6.3,6.3,1547,2022-03-17 20:01:00,HFFG
6.33,6.33,6.33,6.33,170,2022-03-17 20:41:00,HFFG
6.3,6.3,6.3,6.3,50588,2022-03-18 13:30:00,HFFG
6.4,6.4,6.4,6.4,100,2022-03-18 13:35:00,HFFG
6.35,6.35,6.35,6.35,100,2022-03-18 13:36:00,HFFG
6.38,6.4,6.38,6.4,300,2022-03-18 13:37:00,HFFG
6.43,6.43,6.43,6.43,1000,2022-03-18 13:40:00,HFFG
6.39,6.39,6.39,6.39,321,2022-03-18 13:42:00,HFFG
6.41,6.41,6.407,6.41,900,2022-03-18 13:43:00,HFFG
6.41,6.41,6.41,6.41,1477,2022-03-18 13:45:00,HFFG
6.3517,6.3517,6.3517,6.3517,445,2022-03-18 13:46:00,HFFG
6.39,6.39,6.39,6.39,231,2022-03-18 13:52:00,HFFG
6.43,6.43,6.43,6.43,100,2022-03-18 14:16:00,HFFG
6.42,6.42,6.42,6.42,100,2022-03-18 14:19:00,HFFG
6.43,6.43,6.43,6.43,100,2022-03-18 14:26:00,HFFG
6.45,6.45,6.45,6.45,200,2022-03-18 14:29:00,HFFG
6.4814,6.4814,6.4814,6.4814,100,2022-03-18 15:02:00,HFFG
6.48,6.48,6.48,6.48,100,2022-03-18 15:50:00,HFFG
6.44,6.44,6.44,6.44,100,2022-03-18 15:51:00,HFFG
6.41,6.445,6.41,6.445,200,2022-03-18 16:03:00,HFFG
6.48,6.48,6.48,6.48,100,2022-03-18 16:07:00,HFFG
6.48,6.49,6.46,6.49,447,2022-03-18 16:12:00,HFFG
6.51,6.55,6.51,6.55,300,2022-03-18 16:17:00,HFFG
6.55,6.55,6.55,6.55,1468,2022-03-18 16:43:00,HFFG
6.56,6.56,6.56,6.56,100,2022-03-18 16:44:00,HFFG
6.565,6.565,6.565,6.565,293,2022-03-18 16:58:00,HFFG
6.55,6.55,6.55,6.55,100,2022-03-18 17:06:00,HFFG
6.56,6.56,6.54,6.544,1511,2022-03-18 17:10:00,HFFG
6.56,6.56,6.535,6.535,305,2022-03-18 17:18:00,HFFG
6.535,6.535,6.535,6.535,100,2022-03-18 17:23:00,HFFG
6.52,6.52,6.52,6.52,100,2022-03-18 17:26:00,HFFG
6.54,6.54,6.54,6.54,200,2022-03-18 17:36:00,HFFG
6.52,6.52,6.52,6.52,200,2022-03-18 17:39:00,HFFG
6.51,6.51,6.51,6.51,100,2022-03-18 17:49:00,HFFG
6.465,6.465,6.465,6.465,100,2022-03-18 18:12:00,HFFG
6.485,6.485,6.485,6.485,100,2022-03-18 18:38:00,HFFG
6.47,6.485,6.46,6.48,1413,2022-03-18 19:06:00,HFFG
6.465,6.465,6.465,6.465,100,2022-03-18 19:10:00,HFFG
6.45,6.465,6.45,6.465,400,2022-03-18 19:13:00,HFFG
6.45,6.45,6.45,6.45,100,2022-03-18 19:14:00,HFFG
6.45,6.45,6.45,6.45,300,2022-03-18 19:16:00,HFFG
6.45,6.45,6.45,6.45,100,2022-03-18 19:26:00,HFFG
6.42,6.42,6.42,6.42,600,2022-03-18 19:33:00,HFFG
6.42,6.42,6.42,6.42,100,2022-03-18 19:36:00,HFFG
6.45,6.45,6.45,6.45,100,2022-03-18 19:38:00,HFFG
6.405,6.41,6.405,6.41,1043,2022-03-18 19:45:00,HFFG
6.405,6.405,6.405,6.405,200,2022-03-18 19:46:00,HFFG
6.405,6.405,6.405,6.405,200,2022-03-18 19:47:00,HFFG
6.39,6.39,6.28,6.3,16481,2022-03-18 19:50:00,HFFG
6.335,6.35,6.32,6.32,4386,2022-03-18 19:51:00,HFFG
6.3484,6.3484,6.33,6.33,656,2022-03-18 19:53:00,HFFG
6.335,6.36,6.335,6.35,700,2022-03-18 19:54:00,HFFG
6.32,6.34,6.31,6.33,600,2022-03-18 19:55:00,HFFG
6.31,6.33,6.31,6.32,1500,2022-03-18 19:56:00,HFFG
6.32,6.327,6.3,6.327,1446,2022-03-18 19:57:00,HFFG
6.315,6.315,6.3,6.3,774,2022-03-18 19:58:00,HFFG
6.3,6.31,6.3,6.3,5874,2022-03-18 19:59:00,HFFG
6.3,6.3,6.3,6.3,90633,2022-03-18 20:00:00,HFFG
6.3,6.3,6.3,6.3,11776,2022-03-18 20:02:00,HFFG
6.3,6.3,6.3,6.3,30508,2022-03-18 20:03:00,HFFG
6.3,6.3,6.3,6.3,6067,2022-03-18 20:04:00,HFFG
6.3,6.3,6.3,6.3,362,2022-03-18 20:05:00,HFFG
6.3,6.3,6.3,6.3,7403,2022-03-18 20:24:00,HFFG
6.3,6.3,6.3,6.3,1016,2022-03-18 21:00:00,HFFG
6.32,6.32,6.32,6.32,297,2022-03-21 13:30:00,HFFG
6.6199,6.6199,6.6199,6.6199,100,2022-03-21 13:31:00,HFFG
6.5835,6.5854,6.46,6.5854,400,2022-03-21 13:32:00,HFFG
6.53,6.53,6.53,6.53,100,2022-03-21 13:36:00,HFFG
6.45,6.45,6.45,6.45,200,2022-03-21 13:37:00,HFFG
6.45,6.5,6.45,6.5,200,2022-03-21 13:38:00,HFFG
6.6,6.6,6.6,6.6,200,2022-03-21 13:39:00,HFFG
6.6284,6.69,6.6284,6.69,550,2022-03-21 13:40:00,HFFG
6.69,6.69,6.57,6.69,951,2022-03-21 13:41:00,HFFG
6.69,6.7,6.69,6.7,200,2022-03-21 13:42:00,HFFG
6.6127,6.69,6.6127,6.69,3900,2022-03-21 13:43:00,HFFG
6.6999,6.6999,6.6683,6.6683,200,2022-03-21 13:46:00,HFFG
6.6999,6.6999,6.6999,6.6999,300,2022-03-21 13:47:00,HFFG
6.58,6.6599,6.57,6.6599,900,2022-03-21 13:48:00,HFFG
6.59,6.61,6.59,6.61,321,2022-03-21 13:58:00,HFFG
6.5701,6.58,6.52,6.52,6779,2022-03-21 14:02:00,HFFG
6.55,6.55,6.55,6.55,100,2022-03-21 14:04:00,HFFG
6.53,6.53,6.53,6.53,100,2022-03-21 14:06:00,HFFG
6.64,6.64,6.64,6.64,100,2022-03-21 14:15:00,HFFG
6.6,6.6,6.6,6.6,100,2022-03-21 14:21:00,HFFG
6.65,6.65,6.65,6.65,100,2022-03-21 14:30:00,HFFG
6.64,6.64,6.64,6.64,100,2022-03-21 14:33:00,HFFG
6.62,6.62,6.62,6.62,100,2022-03-21 14:34:00,HFFG
6.6,6.6,6.6,6.6,100,2022-03-21 14:40:00,HFFG
6.56,6.56,6.56,6.56,100,2022-03-21 15:05:00,HFFG
6.57,6.57,6.57,6.57,100,2022-03-21 15:06:00,HFFG
6.59,6.59,6.59,6.59,100,2022-03-21 15:08:00,HFFG
6.58,6.58,6.57,6.57,300,2022-03-21 15:17:00,HFFG
6.53,6.53,6.53,6.53,100,2022-03-21 15:42:00,HFFG
6.51,6.51,6.51,6.51,100,2022-03-21 15:45:00,HFFG
6.52,6.52,6.52,6.52,100,2022-03-21 15:59:00,HFFG
6.4899,6.4899,6.4899,6.4899,3850,2022-03-21 16:31:00,HFFG
6.37,6.37,6.35,6.35,200,2022-03-21 16:59:00,HFFG
6.35,6.35,6.35,6.35,500,2022-03-21 17:03:00,HFFG
6.39,6.39,6.34,6.36,500,2022-03-21 17:04:00,HFFG
6.36,6.39,6.34,6.35,900,2022-03-21 17:07:00,HFFG
6.35,6.35,6.35,6.35,100,2022-03-21 17:27:00,HFFG
6.3677,6.38,6.3677,6.38,400,2022-03-21 17:37:00,HFFG
6.345,6.345,6.345,6.345,200,2022-03-21 17:45:00,HFFG
6.39,6.39,6.39,6.39,100,2022-03-21 18:09:00,HFFG
6.41,6.41,6.41,6.41,100,2022-03-21 18:22:00,HFFG
6.38,6.38,6.38,6.38,200,2022-03-21 18:32:00,HFFG
6.37,6.37,6.36,6.36,400,2022-03-21 18:41:00,HFFG
6.36,6.36,6.36,6.36,300,2022-03-21 18:42:00,HFFG
6.35,6.35,6.35,6.35,400,2022-03-21 18:43:00,HFFG
6.35,6.38,6.35,6.375,2662,2022-03-21 18:47:00,HFFG
6.35,6.35,6.35,6.35,200,2022-03-21 19:03:00,HFFG
6.36,6.364,6.36,6.36,2365,2022-03-21 19:06:00,HFFG
6.3863,6.3863,6.3863,6.3863,400,2022-03-21 19:07:00,HFFG
6.35,6.365,6.35,6.365,3884,2022-03-21 19:08:00,HFFG
6.39,6.39,6.38,6.38,1927,2022-03-21 19:13:00,HFFG
6.41,6.42,6.41,6.42,300,2022-03-21 19:14:00,HFFG
6.411,6.411,6.411,6.411,100,2022-03-21 19:34:00,HFFG
6.44,6.44,6.44,6.44,100,2022-03-21 19:38:00,HFFG
6.415,6.415,6.415,6.415,200,2022-03-21 19:45:00,HFFG
6.415,6.415,6.415,6.415,100,2022-03-21 19:46:00,HFFG
6.41,6.41,6.41,6.41,100,2022-03-21 19:48:00,HFFG
6.39,6.39,6.39,6.39,200,2022-03-21 19:49:00,HFFG
6.4,6.4,6.4,6.4,300,2022-03-21 19:50:00,HFFG
6.37,6.38,6.37,6.38,200,2022-03-21 19:56:00,HFFG
6.38,6.38,6.38,6.38,100,2022-03-21 19:57:00,HFFG
6.4,6.41,6.4,6.41,200,2022-03-21 19:58:00,HFFG
6.43,6.43,6.39,6.41,660,2022-03-21 19:59:00,HFFG
6.41,6.41,6.41,6.41,11442,2022-03-21 20:00:00,HFFG
6.41,6.41,6.41,6.41,284,2022-03-21 20:01:00,HFFG
6.41,6.41,6.41,6.41,2479,2022-03-21 21:04:00,HFFG
6.53,6.53,6.53,6.53,300,2022-03-22 14:30:00,HFFG
6.5475,6.5475,6.515,6.515,3823,2022-03-22 14:31:00,HFFG
6.5799,6.5799,6.5799,6.5799,120,2022-03-22 14:59:00,HFFG
6.57,6.57,6.57,6.57,300,2022-03-22 15:00:00,HFFG
6.5799,6.5799,6.5799,6.5799,200,2022-03-22 15:11:00,HFFG
6.57,6.58,6.57,6.5799,1300,2022-03-22 15:21:00,HFFG
6.62,6.7,6.62,6.7,5008,2022-03-22 15:22:00,HFFG
6.67,6.67,6.57,6.57,4050,2022-03-22 15:24:00,HFFG
6.58,6.58,6.58,6.58,200,2022-03-22 15:42:00,HFFG
6.57,6.57,6.57,6.57,400,2022-03-22 15:43:00,HFFG
6.55,6.6,6.55,6.59,1358,2022-03-22 15:56:00,HFFG
6.6101,6.6101,6.6,6.6,1659,2022-03-22 16:09:00,HFFG
6.6194,6.6194,6.6194,6.6194,112,2022-03-22 16:15:00,HFFG
6.6,6.6,6.55,6.55,4694,2022-03-22 16:21:00,HFFG
6.54,6.54,6.54,6.54,100,2022-03-22 16:27:00,HFFG
6.57,6.57,6.57,6.57,2100,2022-03-22 17:49:00,HFFG
6.57,6.57,6.57,6.57,100,2022-03-22 17:54:00,HFFG
6.56,6.56,6.56,6.56,100,2022-03-22 18:11:00,HFFG
6.56,6.56,6.55,6.55,927,2022-03-22 18:13:00,HFFG
6.54,6.54,6.54,6.54,896,2022-03-22 18:15:00,HFFG
6.52,6.52,6.52,6.52,300,2022-03-22 18:16:00,HFFG
6.54,6.54,6.515,6.515,300,2022-03-22 18:17:00,HFFG
6.525,6.525,6.525,6.525,100,2022-03-22 18:36:00,HFFG
6.52,6.52,6.48,6.48,200,2022-03-22 19:10:00,HFFG
6.52,6.52,6.48,6.49,500,2022-03-22 19:11:00,HFFG
6.495,6.56,6.495,6.56,1970,2022-03-22 19:12:00,HFFG
6.53,6.56,6.51,6.56,2993,2022-03-22 19:13:00,HFFG
6.56,6.58,6.53,6.5797,4525,2022-03-22 19:14:00,HFFG
6.59,6.64,6.59,6.6,585,2022-03-22 19:15:00,HFFG
6.6,6.65,6.6,6.6,2219,2022-03-22 19:16:00,HFFG
6.6,6.65,6.6,6.65,1100,2022-03-22 19:17:00,HFFG
6.65,6.65,6.6,6.65,800,2022-03-22 19:18:00,HFFG
6.65,6.65,6.62,6.65,2200,2022-03-22 19:19:00,HFFG
6.66,6.69,6.6,6.6,4732,2022-03-22 19:20:00,HFFG
6.6,6.6,6.59,6.59,1822,2022-03-22 19:21:00,HFFG
6.58,6.58,6.58,6.58,100,2022-03-22 19:24:00,HFFG
6.55,6.55,6.525,6.525,300,2022-03-22 19:25:00,HFFG
6.525,6.58,6.52,6.58,1949,2022-03-22 19:26:00,HFFG
6.52,6.52,6.52,6.52,200,2022-03-22 19:37:00,HFFG
6.55,6.55,6.55,6.55,300,2022-03-22 19:40:00,HFFG
6.55,6.55,6.53,6.53,300,2022-03-22 19:41:00,HFFG
6.58,6.58,6.58,6.58,100,2022-03-22 19:45:00,HFFG
6.54,6.54,6.54,6.54,100,2022-03-22 19:46:00,HFFG
6.53,6.53,6.53,6.53,100,2022-03-22 19:47:00,HFFG
6.53,6.53,6.53,6.53,100,2022-03-22 19:49:00,HFFG
6.57,6.57,6.57,6.57,543,2022-03-22 19:50:00,HFFG
6.592,6.592,6.592,6.592,100,2022-03-22 19:51:00,HFFG
6.61,6.61,6.61,6.61,100,2022-03-22 19:53:00,HFFG
6.55,6.55,6.55,6.55,100,2022-03-22 19:54:00,HFFG
6.59,6.59,6.59,6.59,100,2022-03-22 19:56:00,HFFG
6.55,6.55,6.55,6.55,100,2022-03-22 19:57:00,HFFG
6.56,6.6,6.55,6.58,2231,2022-03-22 19:59:00,HFFG
6.57,6.57,6.57,6.57,6818,2022-03-22 20:00:00,HFFG
6.57,6.57,6.57,6.57,634,2022-03-22 20:01:00,HFFG
6.7,6.7,6.7,6.7,100,2022-03-22 20:37:00,HFFG
6.57,6.57,6.57,6.57,265,2022-03-22 21:13:00,HFFG
6.49,6.49,6.49,6.49,362,2022-03-23 13:30:00,HFFG
6.49,6.49,6.49,6.49,100,2022-03-23 13:41:00,HFFG
6.45,6.45,6.45,6.45,212,2022-03-23 13:47:00,HFFG
6.35,6.35,6.35,6.35,100,2022-03-23 14:00:00,HFFG
6.4259,6.4259,6.38,6.38,3985,2022-03-23 14:09:00,HFFG
6.43,6.44,6.43,6.44,300,2022-03-23 14:52:00,HFFG
6.46,6.47,6.46,6.47,200,2022-03-23 15:05:00,HFFG
6.45,6.45,6.45,6.45,200,2022-03-23 15:25:00,HFFG
6.49,6.49,6.49,6.49,200,2022-03-23 15:58:00,HFFG
6.54,6.54,6.54,6.54,400,2022-03-23 16:17:00,HFFG
6.5471,6.5471,6.5471,6.5471,100,2022-03-23 16:22:00,HFFG
6.57,6.57,6.54,6.54,300,2022-03-23 16:25:00,HFFG
6.5101,6.5101,6.5101,6.5101,200,2022-03-23 16:31:00,HFFG
6.5,6.5,6.5,6.5,200,2022-03-23 16:35:00,HFFG
6.46,6.46,6.46,6.46,100,2022-03-23 16:45:00,HFFG
6.41,6.41,6.41,6.41,100,2022-03-23 17:16:00,HFFG
6.4278,6.4278,6.4278,6.4278,200,2022-03-23 17:20:00,HFFG
6.41,6.41,6.41,6.41,100,2022-03-23 17:30:00,HFFG
6.47,6.47,6.47,6.47,100,2022-03-23 17:40:00,HFFG
6.45,6.45,6.45,6.45,138,2022-03-23 17:46:00,HFFG
6.45,6.45,6.42,6.42,300,2022-03-23 17:50:00,HFFG
6.455,6.455,6.43,6.43,400,2022-03-23 18:08:00,HFFG
6.48,6.52,6.47,6.52,4443,2022-03-23 18:21:00,HFFG
6.51,6.51,6.51,6.51,100,2022-03-23 18:38:00,HFFG
6.51,6.51,6.51,6.51,101,2022-03-23 18:42:00,HFFG
6.515,6.515,6.515,6.515,100,2022-03-23 18:54:00,HFFG
6.5,6.5,6.5,6.5,200,2022-03-23 18:56:00,HFFG
6.5,6.5,6.495,6.5,400,2022-03-23 18:58:00,HFFG
6.505,6.505,6.505,6.505,100,2022-03-23 19:00:00,HFFG
6.5,6.5,6.495,6.5,300,2022-03-23 19:02:00,HFFG
6.505,6.505,6.505,6.505,200,2022-03-23 19:09:00,HFFG
6.49,6.49,6.49,6.49,100,2022-03-23 19:19:00,HFFG
6.51,6.51,6.51,6.51,100,2022-03-23 19:20:00,HFFG
6.52,6.52,6.505,6.505,1796,2022-03-23 19:26:00,HFFG
6.5,6.5,6.5,6.5,600,2022-03-23 19:27:00,HFFG
6.52,6.52,6.52,6.52,100,2022-03-23 19:29:00,HFFG
6.5,6.52,6.5,6.52,200,2022-03-23 19:30:00,HFFG
6.5,6.505,6.5,6.505,1800,2022-03-23 19:39:00,HFFG
6.49,6.49,6.49,6.49,100,2022-03-23 19:40:00,HFFG
6.5,6.5,6.5,6.5,100,2022-03-23 19:41:00,HFFG
6.49,6.49,6.49,6.49,117,2022-03-23 19:47:00,HFFG
6.495,6.51,6.495,6.51,300,2022-03-23 19:49:00,HFFG
6.47,6.47,6.47,6.47,200,2022-03-23 19:50:00,HFFG
6.46,6.48,6.46,6.465,800,2022-03-23 19:51:00,HFFG
6.49,6.49,6.49,6.49,295,2022-03-23 19:52:00,HFFG
6.47,6.47,6.47,6.47,100,2022-03-23 19:57:00,HFFG
6.5,6.51,6.47,6.48,1200,2022-03-23 19:59:00,HFFG
6.48,6.48,6.48,6.48,9481,2022-03-23 20:00:00,HFFG
6.45,6.45,6.45,6.45,100,2022-03-23 20:30:00,HFFG
6.51,6.51,6.51,6.51,545,2022-03-24 13:30:00,HFFG
6.45,6.49,6.45,6.49,300,2022-03-24 13:59:00,HFFG
6.47,6.49,6.47,6.49,200,2022-03-24 14:00:00,HFFG
6.49,6.49,6.49,6.49,200,2022-03-24 14:04:00,HFFG
6.51,6.51,6.51,6.51,100,2022-03-24 14:12:00,HFFG
6.5,6.5,6.5,6.5,475,2022-03-24 15:04:00,HFFG
6.5205,6.5205,6.5205,6.5205,120,2022-03-24 15:18:00,HFFG
6.53,6.53,6.53,6.53,100,2022-03-24 15:30:00,HFFG
6.54,6.54,6.54,6.54,100,2022-03-24 16:04:00,HFFG
6.525,6.525,6.47,6.49,5546,2022-03-24 16:22:00,HFFG
6.48,6.48,6.48,6.48,100,2022-03-24 16:51:00,HFFG
6.49,6.49,6.49,6.49,100,2022-03-24 16:52:00,HFFG
6.54,6.54,6.49,6.49,1200,2022-03-24 17:47:00,HFFG
6.54,6.54,6.54,6.54,271,2022-03-24 17:48:00,HFFG
6.5326,6.5326,6.49,6.49,200,2022-03-24 17:53:00,HFFG
6.5399,6.5399,6.5399,6.5399,400,2022-03-24 17:58:00,HFFG
6.5399,6.5399,6.5342,6.5342,400,2022-03-24 17:59:00,HFFG
6.53,6.53,6.53,6.53,100,2022-03-24 18:03:00,HFFG
6.53,6.57,6.53,6.56,793,2022-03-24 18:04:00,HFFG
6.58,6.58,6.58,6.58,100,2022-03-24 18:16:00,HFFG
6.5503,6.5503,6.54,6.54,300,2022-03-24 18:50:00,HFFG
6.54,6.54,6.54,6.54,100,2022-03-24 19:00:00,HFFG
6.59,6.59,6.55,6.55,200,2022-03-24 19:20:00,HFFG
6.59,6.59,6.58,6.59,300,2022-03-24 19:22:00,HFFG
6.58,6.58,6.58,6.58,100,2022-03-24 19:23:00,HFFG
6.58,6.58,6.58,6.58,100,2022-03-24 19:35:00,HFFG
6.58,6.58,6.58,6.58,100,2022-03-24 19:38:00,HFFG
6.61,6.61,6.61,6.61,100,2022-03-24 19:45:00,HFFG
6.63,6.65,6.63,6.65,500,2022-03-24 19:48:00,HFFG
6.61,6.61,6.61,6.61,200,2022-03-24 19:49:00,HFFG
6.64,6.64,6.62,6.62,200,2022-03-24 19:50:00,HFFG
6.63,6.63,6.63,6.63,207,2022-03-24 19:51:00,HFFG
6.61,6.61,6.61,6.61,200,2022-03-24 19:52:00,HFFG
6.625,6.625,6.625,6.625,100,2022-03-24 19:54:00,HFFG
6.62,6.62,6.57,6.57,1156,2022-03-24 19:57:00,HFFG
6.595,6.595,6.57,6.57,200,2022-03-24 19:58:00,HFFG
6.595,6.62,6.57,6.62,913,2022-03-24 19:59:00,HFFG
6.62,6.62,6.62,6.62,5581,2022-03-24 20:00:00,HFFG
6.62,6.62,6.62,6.62,2504,2022-03-24 20:57:00,HFFG
6.63,6.63,6.63,6.63,121,2022-03-25 13:30:00,HFFG
6.6608,6.6608,6.65,6.65,300,2022-03-25 13:57:00,HFFG
6.58,6.59,6.58,6.58,400,2022-03-25 13:58:00,HFFG
6.59,6.59,6.59,6.59,100,2022-03-25 13:59:00,HFFG
6.59,6.59,6.59,6.59,200,2022-03-25 14:02:00,HFFG
6.58,6.58,6.58,6.58,100,2022-03-25 14:03:00,HFFG
6.59,6.59,6.59,6.59,100,2022-03-25 14:10:00,HFFG
6.59,6.59,6.59,6.59,100,2022-03-25 14:12:00,HFFG
6.59,6.59,6.59,6.59,1923,2022-03-25 14:14:00,HFFG
6.52,6.59,6.52,6.53,772,2022-03-25 14:19:00,HFFG
6.525,6.525,6.525,6.525,117,2022-03-25 14:21:00,HFFG
6.59,6.59,6.58,6.58,255,2022-03-25 14:22:00,HFFG
6.59,6.59,6.59,6.59,100,2022-03-25 14:25:00,HFFG
6.56,6.56,6.56,6.56,100,2022-03-25 14:39:00,HFFG
6.55,6.55,6.55,6.55,100,2022-03-25 14:51:00,HFFG
6.55,6.55,6.55,6.55,100,2022-03-25 15:00:00,HFFG
6.59,6.59,6.52,6.52,325,2022-03-25 15:08:00,HFFG
6.5,6.5,6.5,6.5,200,2022-03-25 15:13:00,HFFG
6.51,6.51,6.51,6.51,200,2022-03-25 15:14:00,HFFG
6.49,6.49,6.49,6.49,100,2022-03-25 15:20:00,HFFG
6.51,6.51,6.51,6.51,200,2022-03-25 15:23:00,HFFG
6.51,6.51,6.51,6.51,4000,2022-03-25 15:24:00,HFFG
6.53,6.53,6.53,6.53,200,2022-03-25 15:27:00,HFFG
6.49,6.49,6.49,6.49,100,2022-03-25 15:28:00,HFFG
6.52,6.52,6.52,6.52,2439,2022-03-25 15:30:00,HFFG
6.48,6.48,6.48,6.48,100,2022-03-25 15:38:00,HFFG
6.48,6.48,6.48,6.48,100,2022-03-25 15:48:00,HFFG
6.49,6.49,6.49,6.49,100,2022-03-25 15:59:00,HFFG
6.52,6.52,6.52,6.52,100,2022-03-25 16:10:00,HFFG
6.52,6.52,6.52,6.52,200,2022-03-25 16:12:00,HFFG
6.55,6.55,6.55,6.55,100,2022-03-25 16:15:00,HFFG
6.55,6.55,6.52,6.52,200,2022-03-25 16:17:00,HFFG
6.52,6.52,6.52,6.52,394,2022-03-25 16:19:00,HFFG
6.525,6.525,6.525,6.525,100,2022-03-25 16:21:00,HFFG
6.55,6.55,6.55,6.55,100,2022-03-25 16:23:00,HFFG
6.525,6.525,6.525,6.525,100,2022-03-25 16:27:00,HFFG
6.52,6.52,6.52,6.52,100,2022-03-25 16:52:00,HFFG
6.51,6.51,6.51,6.51,100,2022-03-25 16:58:00,HFFG
6.5453,6.5453,6.5453,6.5453,258,2022-03-25 17:08:00,HFFG
6.51,6.51,6.45,6.45,1380,2022-03-25 17:42:00,HFFG
6.48,6.48,6.48,6.48,200,2022-03-25 17:47:00,HFFG
6.48,6.48,6.48,6.48,300,2022-03-25 17:56:00,HFFG
6.46,6.46,6.46,6.46,100,2022-03-25 18:00:00,HFFG
6.4663,6.4663,6.4663,6.4663,100,2022-03-25 18:29:00,HFFG
6.451,6.451,6.45,6.45,200,2022-03-25 19:02:00,HFFG
6.4212,6.4212,6.4,6.4,400,2022-03-25 19:10:00,HFFG
6.415,6.415,6.4008,6.4008,430,2022-03-25 19:18:00,HFFG
6.4,6.4,6.4,6.4,100,2022-03-25 19:20:00,HFFG
6.4155,6.4155,6.38,6.38,4000,2022-03-25 19:24:00,HFFG
6.4,6.405,6.4,6.405,285,2022-03-25 19:25:00,HFFG
6.381,6.381,6.381,6.381,100,2022-03-25 19:26:00,HFFG
6.38,6.38,6.38,6.38,100,2022-03-25 19:33:00,HFFG
6.405,6.405,6.405,6.405,200,2022-03-25 19:38:00,HFFG
6.41,6.41,6.405,6.41,400,2022-03-25 19:39:00,HFFG
6.415,6.42,6.415,6.42,491,2022-03-25 19:41:00,HFFG
6.42,6.42,6.42,6.42,378,2022-03-25 19:42:00,HFFG
6.42,6.42,6.415,6.415,259,2022-03-25 19:43:00,HFFG
6.41,6.415,6.4,6.4,700,2022-03-25 19:44:00,HFFG
6.39,6.4,6.39,6.4,318,2022-03-25 19:47:00,HFFG
6.405,6.405,6.405,6.405,200,2022-03-25 19:49:00,HFFG
6.41,6.42,6.41,6.41,600,2022-03-25 19:53:00,HFFG
6.41,6.41,6.41,6.41,200,2022-03-25 19:54:00,HFFG
6.41,6.41,6.41,6.41,320,2022-03-25 19:55:00,HFFG
6.41,6.41,6.4,6.4,300,2022-03-25 19:56:00,HFFG
6.41,6.41,6.4,6.4,400,2022-03-25 19:57:00,HFFG
6.41,6.41,6.38,6.38,972,2022-03-25 19:58:00,HFFG
6.38,6.38,6.35,6.355,3697,2022-03-25 19:59:00,HFFG
6.355,6.355,6.355,6.355,12486,2022-03-25 20:00:00,HFFG
6.355,6.355,6.355,6.355,212,2022-03-25 20:01:00,HFFG
6.29,6.35,6.29,6.35,1273,2022-03-28 13:30:00,HFFG
6.39,6.39,6.39,6.39,100,2022-03-28 13:34:00,HFFG
6.35,6.35,6.35,6.35,100,2022-03-28 13:40:00,HFFG
6.31,6.31,6.31,6.31,100,2022-03-28 13:42:00,HFFG
6.345,6.345,6.345,6.345,209,2022-03-28 13:43:00,HFFG
6.35,6.35,6.35,6.35,700,2022-03-28 13:47:00,HFFG
6.38,6.38,6.38,6.38,100,2022-03-28 13:55:00,HFFG
6.4049,6.4049,6.4049,6.4049,500,2022-03-28 13:57:00,HFFG
6.35,6.35,6.35,6.35,100,2022-03-28 15:43:00,HFFG
6.35,6.35,6.35,6.35,700,2022-03-28 15:44:00,HFFG
6.35,6.35,6.35,6.35,1000,2022-03-28 15:48:00,HFFG
6.35,6.35,6.35,6.35,200,2022-03-28 15:49:00,HFFG
6.35,6.35,6.35,6.35,200,2022-03-28 15:50:00,HFFG
6.35,6.35,6.35,6.35,200,2022-03-28 15:51:00,HFFG
6.35,6.35,6.35,6.35,500,2022-03-28 15:53:00,HFFG
6.35,6.35,6.35,6.35,500,2022-03-28 15:54:00,HFFG
6.35,6.35,6.35,6.35,100,2022-03-28 15:59:00,HFFG
6.31,6.31,6.31,6.31,300,2022-03-28 16:16:00,HFFG
6.31,6.32,6.285,6.285,817,2022-03-28 16:57:00,HFFG
6.31,6.31,6.31,6.31,200,2022-03-28 17:08:00,HFFG
6.3399,6.3399,6.337,6.337,1000,2022-03-28 17:15:00,HFFG
6.325,6.325,6.325,6.325,200,2022-03-28 17:21:00,HFFG
6.34,6.34,6.34,6.34,100,2022-03-28 17:27:00,HFFG
6.3375,6.3375,6.3375,6.3375,1250,2022-03-28 17:37:00,HFFG
6.34,6.34,6.34,6.34,118,2022-03-28 17:40:00,HFFG
6.335,6.335,6.335,6.335,200,2022-03-28 17:45:00,HFFG
6.34,6.34,6.34,6.34,200,2022-03-28 18:23:00,HFFG
6.37,6.37,6.37,6.37,146,2022-03-28 19:21:00,HFFG
6.36,6.37,6.36,6.37,200,2022-03-28 19:24:00,HFFG
6.36,6.39,6.36,6.39,200,2022-03-28 19:27:00,HFFG
6.37,6.37,6.37,6.37,100,2022-03-28 19:37:00,HFFG
6.38,6.38,6.38,6.38,100,2022-03-28 19:42:00,HFFG
6.38,6.38,6.38,6.38,100,2022-03-28 19:43:00,HFFG
6.42,6.42,6.38,6.38,200,2022-03-28 19:46:00,HFFG
6.38,6.4,6.38,6.4,200,2022-03-28 19:49:00,HFFG
6.38,6.38,6.38,6.38,100,2022-03-28 19:50:00,HFFG
6.38,6.38,6.38,6.38,100,2022-03-28 19:53:00,HFFG
6.39,6.39,6.39,6.39,103,2022-03-28 19:56:00,HFFG
6.4,6.42,6.4,6.4,600,2022-03-28 19:57:00,HFFG
6.41,6.41,6.39,6.39,200,2022-03-28 19:58:00,HFFG
6.39,6.42,6.39,6.42,654,2022-03-28 19:59:00,HFFG
6.42,6.42,6.42,6.42,4139,2022-03-28 20:00:00,HFFG
6.42,6.42,6.42,6.42,268,2022-03-28 20:01:00,HFFG
6.42,6.42,6.42,6.42,1800,2022-03-28 21:04:00,HFFG
6.48,6.48,6.48,6.48,411,2022-03-29 13:30:00,HFFG
6.855,6.855,6.855,6.855,100,2022-03-29 13:31:00,HFFG
6.77,6.77,6.76,6.76,200,2022-03-29 13:34:00,HFFG
6.66,6.66,6.44,6.44,3904,2022-03-29 13:35:00,HFFG
6.69,6.69,6.69,6.69,3960,2022-03-29 13:36:00,HFFG
6.6579,6.6579,6.6579,6.6579,111,2022-03-29 13:37:00,HFFG
6.59,6.59,6.59,6.59,100,2022-03-29 13:38:00,HFFG
6.6,6.6,6.6,6.6,500,2022-03-29 13:40:00,HFFG
6.63,6.63,6.63,6.63,100,2022-03-29 13:41:00,HFFG
6.69,6.69,6.58,6.58,500,2022-03-29 13:48:00,HFFG
6.63,6.65,6.63,6.65,700,2022-03-29 13:52:00,HFFG
6.65,6.65,6.65,6.65,700,2022-03-29 13:53:00,HFFG
6.63,6.71,6.63,6.71,600,2022-03-29 13:55:00,HFFG
6.66,6.66,6.66,6.66,100,2022-03-29 14:31:00,HFFG
6.665,6.665,6.665,6.665,231,2022-03-29 14:35:00,HFFG
6.665,6.665,6.665,6.665,100,2022-03-29 14:40:00,HFFG
6.69,6.71,6.69,6.71,1100,2022-03-29 14:41:00,HFFG
6.7,6.7,6.7,6.7,100,2022-03-29 14:42:00,HFFG
6.7,6.7,6.69,6.69,200,2022-03-29 14:43:00,HFFG
6.7,6.75,6.7,6.75,200,2022-03-29 14:45:00,HFFG
6.72,6.72,6.72,6.72,100,2022-03-29 14:46:00,HFFG
6.745,6.745,6.745,6.745,200,2022-03-29 14:52:00,HFFG
6.81,6.81,6.8,6.8,200,2022-03-29 15:00:00,HFFG
6.705,6.705,6.6112,6.6112,5465,2022-03-29 15:01:00,HFFG
6.665,6.665,6.62,6.62,3100,2022-03-29 15:04:00,HFFG
6.645,6.645,6.645,6.645,800,2022-03-29 15:06:00,HFFG
6.68,6.68,6.68,6.68,200,2022-03-29 15:18:00,HFFG
6.68,6.68,6.68,6.68,300,2022-03-29 15:19:00,HFFG
6.76,6.76,6.76,6.76,100,2022-03-29 15:56:00,HFFG
6.7,6.7,6.7,6.7,100,2022-03-29 15:57:00,HFFG
6.7699,6.7699,6.7699,6.7699,1000,2022-03-29 16:28:00,HFFG
6.675,6.675,6.5608,6.5608,4527,2022-03-29 16:34:00,HFFG
6.57,6.57,6.57,6.57,100,2022-03-29 16:35:00,HFFG
6.68,6.6987,6.57,6.57,3900,2022-03-29 16:36:00,HFFG
6.7,6.7,6.7,6.7,100,2022-03-29 16:53:00,HFFG
6.7,6.7,6.7,6.7,100,2022-03-29 17:09:00,HFFG
6.7,6.7,6.7,6.7,100,2022-03-29 17:30:00,HFFG
6.7,6.7,6.7,6.7,100,2022-03-29 17:47:00,HFFG
6.72,6.73,6.7,6.7,767,2022-03-29 17:51:00,HFFG
6.8,6.8,6.8,6.8,100,2022-03-29 18:24:00,HFFG
6.82,6.82,6.82,6.82,411,2022-03-29 18:25:00,HFFG
6.84,6.845,6.83,6.83,4006,2022-03-29 18:26:00,HFFG
6.83,6.83,6.83,6.83,100,2022-03-29 18:27:00,HFFG
6.83,6.83,6.81,6.81,705,2022-03-29 18:28:00,HFFG
6.8,6.8,6.8,6.8,400,2022-03-29 18:29:00,HFFG
6.7701,6.7701,6.77,6.77,2650,2022-03-29 18:44:00,HFFG
6.73,6.73,6.73,6.73,300,2022-03-29 18:50:00,HFFG
6.78,6.8,6.78,6.8,1730,2022-03-29 18:55:00,HFFG
6.8,6.8,6.8,6.8,100,2022-03-29 18:57:00,HFFG
6.79,6.84,6.79,6.84,312,2022-03-29 18:58:00,HFFG
6.84,6.84,6.84,6.84,100,2022-03-29 19:06:00,HFFG
6.82,6.82,6.82,6.82,100,2022-03-29 19:07:00,HFFG
6.8,6.8,6.8,6.8,700,2022-03-29 19:11:00,HFFG
6.8,6.8,6.8,6.8,200,2022-03-29 19:12:00,HFFG
6.84,6.84,6.84,6.84,200,2022-03-29 19:18:00,HFFG
6.79,6.79,6.79,6.79,300,2022-03-29 19:21:00,HFFG
6.82,6.82,6.82,6.82,100,2022-03-29 19:22:00,HFFG
6.84,6.84,6.84,6.84,100,2022-03-29 19:29:00,HFFG
6.85,6.85,6.85,6.85,400,2022-03-29 19:31:00,HFFG
6.83,6.83,6.83,6.83,200,2022-03-29 19:32:00,HFFG
6.8,6.8,6.79,6.79,400,2022-03-29 19:33:00,HFFG
6.805,6.805,6.805,6.805,100,2022-03-29 19:36:00,HFFG
6.805,6.805,6.805,6.805,100,2022-03-29 19:38:00,HFFG
6.79,6.79,6.78,6.78,200,2022-03-29 19:39:00,HFFG
6.75,6.75,6.75,6.75,300,2022-03-29 19:42:00,HFFG
6.7401,6.7401,6.7401,6.7401,462,2022-03-29 19:50:00,HFFG
6.79,6.79,6.79,6.79,200,2022-03-29 19:51:00,HFFG
6.79,6.79,6.765,6.765,200,2022-03-29 19:53:00,HFFG
6.765,6.765,6.765,6.765,300,2022-03-29 19:54:00,HFFG
6.74,6.75,6.71,6.75,600,2022-03-29 19:56:00,HFFG
6.735,6.735,6.735,6.735,100,2022-03-29 19:57:00,HFFG
6.74,6.74,6.74,6.74,100,2022-03-29 19:58:00,HFFG
6.74,6.77,6.735,6.77,850,2022-03-29 19:59:00,HFFG
6.77,6.77,6.77,6.77,9972,2022-03-29 20:00:00,HFFG
6.77,6.77,6.77,6.77,2357,2022-03-29 20:02:00,HFFG
6.77,6.77,6.77,6.77,1933,2022-03-29 20:48:00,HFFG
6.79,6.79,6.79,6.79,100,2022-03-30 12:56:00,HFFG
6.77,6.77,6.77,6.77,323,2022-03-30 13:30:00,HFFG
6.77,6.77,6.77,6.77,200,2022-03-30 13:36:00,HFFG
6.75,6.75,6.75,6.75,100,2022-03-30 13:43:00,HFFG
6.7404,6.7404,6.7404,6.7404,100,2022-03-30 13:46:00,HFFG
6.71,6.71,6.71,6.71,100,2022-03-30 13:59:00,HFFG
6.8295,6.8295,6.8295,6.8295,300,2022-03-30 14:59:00,HFFG
6.79,6.79,6.79,6.79,100,2022-03-30 15:59:00,HFFG
6.725,6.725,6.725,6.725,100,2022-03-30 16:03:00,HFFG
6.8299,6.8299,6.8299,6.8299,3000,2022-03-30 16:11:00,HFFG
6.78,6.78,6.78,6.78,148,2022-03-30 16:15:00,HFFG
6.829,6.83,6.78,6.78,674,2022-03-30 16:50:00,HFFG
6.85,6.85,6.85,6.85,100,2022-03-30 18:09:00,HFFG
6.85,6.85,6.85,6.85,100,2022-03-30 18:11:00,HFFG
6.86,6.86,6.86,6.86,119,2022-03-30 18:14:00,HFFG
6.8401,6.8401,6.81,6.81,3000,2022-03-30 18:21:00,HFFG
6.81,6.81,6.81,6.81,300,2022-03-30 18:27:00,HFFG
6.81,6.81,6.81,6.81,100,2022-03-30 18:30:00,HFFG
6.82,6.82,6.82,6.82,100,2022-03-30 18:38:00,HFFG
6.8507,6.8507,6.8507,6.8507,100,2022-03-30 18:46:00,HFFG
6.8,6.8,6.8,6.8,100,2022-03-30 18:51:00,HFFG
6.79,6.79,6.79,6.79,100,2022-03-30 18:52:00,HFFG
6.79,6.79,6.79,6.79,400,2022-03-30 18:53:00,HFFG
6.77,6.77,6.77,6.77,100,2022-03-30 18:56:00,HFFG
6.7502,6.7502,6.7502,6.7502,100,2022-03-30 19:03:00,HFFG
6.7,6.77,6.7,6.77,1000,2022-03-30 19:17:00,HFFG
6.69,6.7,6.69,6.7,305,2022-03-30 19:23:00,HFFG
6.72,6.75,6.72,6.73,858,2022-03-30 19:25:00,HFFG
6.81,6.81,6.76,6.76,5319,2022-03-30 19:29:00,HFFG
6.8,6.8,6.7999,6.7999,350,2022-03-30 19:32:00,HFFG
6.76,6.76,6.76,6.76,100,2022-03-30 19:40:00,HFFG
6.8,6.8,6.8,6.8,100,2022-03-30 19:45:00,HFFG
6.77,6.77,6.77,6.77,200,2022-03-30 19:50:00,HFFG
6.765,6.765,6.765,6.765,100,2022-03-30 19:51:00,HFFG
6.76,6.76,6.76,6.76,100,2022-03-30 19:52:00,HFFG
6.78,6.78,6.73,6.73,300,2022-03-30 19:54:00,HFFG
6.76,6.76,6.76,6.76,141,2022-03-30 19:57:00,HFFG
6.76,6.76,6.76,6.76,100,2022-03-30 19:58:00,HFFG
6.76,6.76,6.72,6.72,200,2022-03-30 19:59:00,HFFG
6.73,6.73,6.73,6.73,12731,2022-03-30 20:00:00,HFFG
6.73,6.73,6.73,6.73,392,2022-03-30 20:01:00,HFFG
6.73,6.73,6.73,6.73,4724,2022-03-30 20:56:00,HFFG
7.06,7.06,7.06,7.06,120,2022-03-30 21:18:00,HFFG
