open,high,low,close,volume,datetime,symbol
2.12,2.12,2.11,2.11,950,2021-11-01 11:00:00,EBON
2.13,2.13,2.13,2.13,296,2021-11-01 11:17:00,EBON
2.14,2.14,2.14,2.14,109,2021-11-01 11:22:00,EBON
2.15,2.15,2.15,2.15,500,2021-11-01 11:32:00,EBON
2.14,2.14,2.13,2.13,400,2021-11-01 11:33:00,EBON
2.14,2.14,2.14,2.14,486,2021-11-01 12:04:00,EBON
2.14,2.14,2.14,2.14,100,2021-11-01 12:06:00,EBON
2.14,2.14,2.14,2.14,100,2021-11-01 12:08:00,EBON
2.15,2.15,2.15,2.15,454,2021-11-01 12:12:00,EBON
2.15,2.15,2.15,2.15,100,2021-11-01 12:17:00,EBON
2.15,2.15,2.15,2.15,646,2021-11-01 12:19:00,EBON
2.15,2.15,2.15,2.15,300,2021-11-01 12:24:00,EBON
2.16,2.18,2.16,2.18,2360,2021-11-01 12:28:00,EBON
2.18,2.18,2.18,2.18,100,2021-11-01 12:30:00,EBON
2.16,2.16,2.16,2.16,692,2021-11-01 12:39:00,EBON
2.16,2.16,2.16,2.16,1000,2021-11-01 12:42:00,EBON
2.16,2.16,2.16,2.16,200,2021-11-01 12:43:00,EBON
2.16,2.16,2.16,2.16,100,2021-11-01 12:45:00,EBON
2.16,2.16,2.16,2.16,200,2021-11-01 12:53:00,EBON
2.17,2.17,2.17,2.17,1000,2021-11-01 12:59:00,EBON
2.16,2.16,2.16,2.16,1529,2021-11-01 13:02:00,EBON
2.15,2.15,2.15,2.15,338,2021-11-01 13:07:00,EBON
2.15,2.15,2.15,2.15,1016,2021-11-01 13:08:00,EBON
2.1501,2.1501,2.1501,2.1501,1000,2021-11-01 13:10:00,EBON
2.1501,2.1501,2.1501,2.1501,5000,2021-11-01 13:16:00,EBON
2.1501,2.16,2.1501,2.16,1100,2021-11-01 13:17:00,EBON
2.16,2.16,2.16,2.16,250,2021-11-01 13:18:00,EBON
2.16,2.16,2.16,2.16,1000,2021-11-01 13:20:00,EBON
2.16,2.16,2.16,2.16,200,2021-11-01 13:21:00,EBON
2.15,2.15,2.15,2.15,400,2021-11-01 13:23:00,EBON
2.16,2.16,2.15,2.15,28032,2021-11-01 13:30:00,EBON
2.155,2.16,2.1501,2.16,1500,2021-11-01 13:31:00,EBON
2.16,2.17,2.16,2.165,2750,2021-11-01 13:32:00,EBON
2.16,2.1601,2.147,2.15,7242,2021-11-01 13:33:00,EBON
2.15,2.16,2.15,2.16,3900,2021-11-01 13:34:00,EBON
2.1625,2.17,2.1625,2.17,2500,2021-11-01 13:35:00,EBON
2.18,2.1884,2.18,2.1884,3229,2021-11-01 13:36:00,EBON
2.1825,2.2,2.18,2.19,38100,2021-11-01 13:37:00,EBON
2.1995,2.21,2.1995,2.21,39145,2021-11-01 13:38:00,EBON
2.21,2.22,2.21,2.215,2137,2021-11-01 13:39:00,EBON
2.21,2.215,2.2001,2.2108,14580,2021-11-01 13:40:00,EBON
2.2193,2.22,2.21,2.2101,8671,2021-11-01 13:41:00,EBON
2.22,2.245,2.22,2.2311,49192,2021-11-01 13:42:00,EBON
2.23,2.23,2.2201,2.2201,913,2021-11-01 13:43:00,EBON
2.2297,2.23,2.2209,2.2229,5300,2021-11-01 13:44:00,EBON
2.2212,2.2399,2.22,2.2399,13091,2021-11-01 13:45:00,EBON
2.2323,2.2379,2.23,2.23,1845,2021-11-01 13:46:00,EBON
2.2279,2.2279,2.22,2.225,2240,2021-11-01 13:47:00,EBON
2.23,2.2399,2.2291,2.23,3397,2021-11-01 13:48:00,EBON
2.2301,2.2301,2.23,2.23,963,2021-11-01 13:49:00,EBON
2.239,2.2499,2.239,2.2499,32143,2021-11-01 13:50:00,EBON
2.24,2.24,2.225,2.229,8913,2021-11-01 13:51:00,EBON
2.2301,2.25,2.2301,2.25,33832,2021-11-01 13:52:00,EBON
2.2447,2.25,2.2447,2.25,5122,2021-11-01 13:53:00,EBON
2.25,2.26,2.25,2.255,39196,2021-11-01 13:54:00,EBON
2.2599,2.265,2.251,2.265,18188,2021-11-01 13:55:00,EBON
2.2688,2.27,2.265,2.27,4834,2021-11-01 13:56:00,EBON
2.265,2.265,2.26,2.265,5292,2021-11-01 13:57:00,EBON
2.26,2.2602,2.24,2.24,12328,2021-11-01 13:58:00,EBON
2.24,2.24,2.23,2.23,17268,2021-11-01 13:59:00,EBON
2.2201,2.2201,2.2101,2.2101,10672,2021-11-01 14:00:00,EBON
2.215,2.2166,2.2,2.2,12437,2021-11-01 14:01:00,EBON
2.2,2.21,2.2,2.205,17178,2021-11-01 14:02:00,EBON
2.21,2.2102,2.2,2.2,7020,2021-11-01 14:03:00,EBON
2.2067,2.2067,2.2,2.205,5200,2021-11-01 14:04:00,EBON
2.2,2.2208,2.2,2.2208,12500,2021-11-01 14:05:00,EBON
2.22,2.2265,2.22,2.2265,1235,2021-11-01 14:06:00,EBON
2.221,2.23,2.221,2.23,9875,2021-11-01 14:07:00,EBON
2.2288,2.2288,2.2288,2.2288,200,2021-11-01 14:08:00,EBON
2.23,2.23,2.2299,2.2299,3450,2021-11-01 14:09:00,EBON
2.235,2.25,2.235,2.25,9901,2021-11-01 14:10:00,EBON
2.25,2.26,2.24,2.24,22988,2021-11-01 14:11:00,EBON
2.245,2.25,2.245,2.25,771,2021-11-01 14:12:00,EBON
2.245,2.2499,2.23,2.23,5500,2021-11-01 14:13:00,EBON
2.2373,2.24,2.235,2.24,2502,2021-11-01 14:14:00,EBON
2.25,2.2513,2.25,2.2513,12104,2021-11-01 14:15:00,EBON
2.25,2.25,2.2405,2.2405,5200,2021-11-01 14:16:00,EBON
2.2401,2.2401,2.2401,2.2401,400,2021-11-01 14:17:00,EBON
2.245,2.25,2.245,2.2495,1790,2021-11-01 14:18:00,EBON
2.2439,2.25,2.2439,2.25,4800,2021-11-01 14:19:00,EBON
2.2586,2.26,2.25,2.25,8610,2021-11-01 14:20:00,EBON
2.25,2.26,2.25,2.26,3000,2021-11-01 14:21:00,EBON
2.26,2.26,2.26,2.26,100,2021-11-01 14:22:00,EBON
2.256,2.256,2.256,2.256,1000,2021-11-01 14:23:00,EBON
2.26,2.26,2.2399,2.2399,20855,2021-11-01 14:24:00,EBON
2.231,2.25,2.231,2.25,7488,2021-11-01 14:25:00,EBON
2.2497,2.2497,2.24,2.24,2182,2021-11-01 14:26:00,EBON
2.2473,2.2499,2.2473,2.2499,725,2021-11-01 14:27:00,EBON
2.25,2.26,2.25,2.25,7650,2021-11-01 14:28:00,EBON
2.255,2.255,2.24,2.24,7600,2021-11-01 14:29:00,EBON
2.25,2.2599,2.25,2.2599,1428,2021-11-01 14:30:00,EBON
2.25,2.25,2.25,2.25,1000,2021-11-01 14:31:00,EBON
2.2513,2.2513,2.2507,2.2509,5950,2021-11-01 14:32:00,EBON
2.25,2.25,2.2392,2.2392,21310,2021-11-01 14:33:00,EBON
2.235,2.235,2.23,2.23,14196,2021-11-01 14:34:00,EBON
2.22,2.22,2.215,2.22,5413,2021-11-01 14:35:00,EBON
2.215,2.225,2.215,2.225,2806,2021-11-01 14:36:00,EBON
2.2201,2.2201,2.2112,2.2143,1916,2021-11-01 14:38:00,EBON
2.215,2.215,2.215,2.215,200,2021-11-01 14:39:00,EBON
2.215,2.2199,2.215,2.2199,600,2021-11-01 14:40:00,EBON
2.211,2.218,2.211,2.2179,3145,2021-11-01 14:41:00,EBON
2.215,2.215,2.2015,2.2015,13743,2021-11-01 14:42:00,EBON
2.21,2.218,2.21,2.218,2600,2021-11-01 14:43:00,EBON
2.21,2.21,2.2,2.205,11138,2021-11-01 14:44:00,EBON
2.21,2.2119,2.21,2.2119,1355,2021-11-01 14:45:00,EBON
2.22,2.225,2.22,2.225,1366,2021-11-01 14:46:00,EBON
2.2288,2.2288,2.22,2.2275,6789,2021-11-01 14:47:00,EBON
2.225,2.228,2.218,2.218,20180,2021-11-01 14:48:00,EBON
2.2101,2.22,2.21,2.21,7098,2021-11-01 14:49:00,EBON
2.2087,2.21,2.205,2.205,4100,2021-11-01 14:50:00,EBON
2.21,2.2198,2.21,2.215,6001,2021-11-01 14:51:00,EBON
2.2111,2.2111,2.21,2.21,1248,2021-11-01 14:52:00,EBON
2.2099,2.2099,2.2004,2.2004,18400,2021-11-01 14:53:00,EBON
2.205,2.2061,2.2001,2.2061,2375,2021-11-01 14:54:00,EBON
2.2035,2.2035,2.19,2.19,22112,2021-11-01 14:55:00,EBON
2.19,2.19,2.19,2.19,5500,2021-11-01 14:56:00,EBON
2.19,2.19,2.19,2.19,3300,2021-11-01 14:57:00,EBON
2.1994,2.1994,2.1994,2.1994,3000,2021-11-01 14:59:00,EBON
2.19,2.2,2.19,2.1998,2765,2021-11-01 15:00:00,EBON
2.2,2.2086,2.2,2.2086,2000,2021-11-01 15:01:00,EBON
2.205,2.205,2.205,2.205,500,2021-11-01 15:03:00,EBON
2.2,2.2099,2.2,2.2099,4500,2021-11-01 15:04:00,EBON
2.2,2.2,2.1901,2.1901,9240,2021-11-01 15:05:00,EBON
2.2,2.23,2.2,2.21,29223,2021-11-01 15:06:00,EBON
2.22,2.22,2.212,2.215,4100,2021-11-01 15:07:00,EBON
2.22,2.22,2.2108,2.2108,1242,2021-11-01 15:08:00,EBON
2.21,2.2199,2.2,2.2001,40845,2021-11-01 15:09:00,EBON
2.21,2.21,2.2005,2.2005,4316,2021-11-01 15:10:00,EBON
2.2,2.205,2.2,2.2,1200,2021-11-01 15:12:00,EBON
2.2,2.2181,2.2,2.215,10900,2021-11-01 15:13:00,EBON
2.21,2.21,2.2003,2.2099,8564,2021-11-01 15:14:00,EBON
2.2083,2.2083,2.2083,2.2083,200,2021-11-01 15:15:00,EBON
2.2023,2.205,2.2,2.2,2855,2021-11-01 15:18:00,EBON
2.2,2.21,2.2,2.21,8120,2021-11-01 15:19:00,EBON
2.22,2.22,2.2199,2.22,7700,2021-11-01 15:20:00,EBON
2.22,2.225,2.22,2.22,1380,2021-11-01 15:23:00,EBON
2.227,2.227,2.227,2.227,1000,2021-11-01 15:24:00,EBON
2.2299,2.2299,2.2299,2.2299,939,2021-11-01 15:26:00,EBON
2.2217,2.2217,2.2217,2.2217,380,2021-11-01 15:27:00,EBON
2.22,2.22,2.22,2.22,200,2021-11-01 15:29:00,EBON
2.2225,2.2361,2.2225,2.235,4088,2021-11-01 15:30:00,EBON
2.235,2.24,2.23,2.23,28039,2021-11-01 15:31:00,EBON
2.2386,2.2386,2.2386,2.2386,1000,2021-11-01 15:32:00,EBON
2.23,2.23,2.2227,2.2289,3164,2021-11-01 15:34:00,EBON
2.22,2.22,2.22,2.22,2382,2021-11-01 15:36:00,EBON
2.2208,2.2208,2.2208,2.2208,5000,2021-11-01 15:37:00,EBON
2.225,2.225,2.225,2.225,1000,2021-11-01 15:38:00,EBON
2.225,2.225,2.222,2.222,1162,2021-11-01 15:39:00,EBON
2.225,2.225,2.225,2.225,420,2021-11-01 15:40:00,EBON
2.23,2.23,2.2235,2.2235,200,2021-11-01 15:41:00,EBON
2.225,2.225,2.225,2.225,250,2021-11-01 15:42:00,EBON
2.23,2.23,2.23,2.23,3100,2021-11-01 15:43:00,EBON
2.225,2.23,2.225,2.23,400,2021-11-01 15:44:00,EBON
2.2299,2.2299,2.225,2.225,4600,2021-11-01 15:46:00,EBON
2.225,2.225,2.225,2.225,100,2021-11-01 15:47:00,EBON
2.23,2.23,2.23,2.23,100,2021-11-01 15:48:00,EBON
2.2297,2.23,2.2297,2.23,200,2021-11-01 15:49:00,EBON
2.23,2.23,2.225,2.225,5300,2021-11-01 15:50:00,EBON
2.225,2.23,2.225,2.23,1864,2021-11-01 15:51:00,EBON
2.23,2.23,2.22,2.22,7401,2021-11-01 15:52:00,EBON
2.23,2.23,2.228,2.2299,3300,2021-11-01 15:53:00,EBON
2.23,2.23,2.23,2.23,100,2021-11-01 15:54:00,EBON
2.22,2.23,2.22,2.23,588,2021-11-01 15:55:00,EBON
2.2288,2.23,2.2201,2.2201,300,2021-11-01 15:56:00,EBON
2.2254,2.2254,2.2254,2.2254,2974,2021-11-01 15:57:00,EBON
2.225,2.225,2.225,2.225,353,2021-11-01 15:58:00,EBON
2.2299,2.2299,2.2299,2.2299,300,2021-11-01 15:59:00,EBON
2.22,2.22,2.22,2.22,2659,2021-11-01 16:00:00,EBON
2.225,2.225,2.225,2.225,300,2021-11-01 16:01:00,EBON
2.222,2.222,2.222,2.222,200,2021-11-01 16:02:00,EBON
2.227,2.227,2.227,2.227,100,2021-11-01 16:03:00,EBON
2.2277,2.2277,2.2277,2.2277,100,2021-11-01 16:04:00,EBON
2.225,2.225,2.2215,2.225,400,2021-11-01 16:07:00,EBON
2.225,2.225,2.22,2.22,3583,2021-11-01 16:09:00,EBON
2.22,2.22,2.21,2.21,12500,2021-11-01 16:10:00,EBON
2.21,2.2105,2.205,2.205,2031,2021-11-01 16:11:00,EBON
2.2008,2.2008,2.2,2.2,2308,2021-11-01 16:12:00,EBON
2.2,2.2,2.2,2.2,3525,2021-11-01 16:13:00,EBON
2.2,2.203,2.19,2.195,9125,2021-11-01 16:16:00,EBON
2.1931,2.195,2.19,2.1901,3853,2021-11-01 16:17:00,EBON
2.195,2.195,2.185,2.191,12963,2021-11-01 16:18:00,EBON
2.1882,2.19,2.1801,2.185,21668,2021-11-01 16:19:00,EBON
2.185,2.1898,2.17,2.17,8979,2021-11-01 16:20:00,EBON
2.175,2.1799,2.175,2.1799,2000,2021-11-01 16:21:00,EBON
2.17,2.175,2.16,2.165,37718,2021-11-01 16:22:00,EBON
2.17,2.17,2.16,2.165,10444,2021-11-01 16:23:00,EBON
2.1693,2.17,2.1693,2.17,2500,2021-11-01 16:24:00,EBON
2.17,2.18,2.17,2.1799,14093,2021-11-01 16:25:00,EBON
2.17,2.17,2.17,2.17,20000,2021-11-01 16:26:00,EBON
2.175,2.175,2.175,2.175,2730,2021-11-01 16:27:00,EBON
2.1799,2.18,2.1799,2.18,6365,2021-11-01 16:28:00,EBON
2.18,2.18,2.174,2.1745,4274,2021-11-01 16:29:00,EBON
2.175,2.18,2.175,2.18,2950,2021-11-01 16:30:00,EBON
2.1701,2.1701,2.1701,2.1701,200,2021-11-01 16:31:00,EBON
2.18,2.18,2.175,2.175,2600,2021-11-01 16:32:00,EBON
2.175,2.175,2.175,2.175,100,2021-11-01 16:33:00,EBON
2.17,2.175,2.17,2.1701,800,2021-11-01 16:35:00,EBON
2.17,2.1708,2.17,2.1708,750,2021-11-01 16:36:00,EBON
2.17,2.17,2.165,2.17,4843,2021-11-01 16:37:00,EBON
2.165,2.18,2.165,2.17,8099,2021-11-01 16:38:00,EBON
2.17,2.1717,2.17,2.17,14628,2021-11-01 16:39:00,EBON
2.1656,2.1656,2.165,2.165,2000,2021-11-01 16:40:00,EBON
2.165,2.165,2.16,2.16,200,2021-11-01 16:42:00,EBON
2.165,2.165,2.165,2.165,100,2021-11-01 16:43:00,EBON
2.17,2.17,2.165,2.17,4200,2021-11-01 16:44:00,EBON
2.17,2.17,2.17,2.17,600,2021-11-01 16:45:00,EBON
2.1786,2.1799,2.1784,2.1784,800,2021-11-01 16:47:00,EBON
2.17,2.18,2.165,2.18,46476,2021-11-01 16:48:00,EBON
2.18,2.19,2.179,2.19,37465,2021-11-01 16:49:00,EBON
2.19,2.2,2.19,2.195,34320,2021-11-01 16:50:00,EBON
2.19,2.1977,2.19,2.19,30461,2021-11-01 16:52:00,EBON
2.1974,2.1974,2.19,2.19,18489,2021-11-01 16:53:00,EBON
2.1999,2.1999,2.1999,2.1999,3000,2021-11-01 16:55:00,EBON
2.1913,2.195,2.1913,2.195,4100,2021-11-01 16:57:00,EBON
2.2,2.205,2.2,2.2,14264,2021-11-01 16:58:00,EBON
2.2,2.2008,2.2,2.2,5794,2021-11-01 16:59:00,EBON
2.2008,2.2008,2.2008,2.2008,530,2021-11-01 17:00:00,EBON
2.201,2.201,2.201,2.201,200,2021-11-01 17:01:00,EBON
2.2009,2.2009,2.2009,2.2009,3000,2021-11-01 17:02:00,EBON
2.205,2.205,2.2,2.2,700,2021-11-01 17:03:00,EBON
2.2,2.205,2.19,2.205,10442,2021-11-01 17:05:00,EBON
2.2001,2.2001,2.2001,2.2001,3394,2021-11-01 17:07:00,EBON
2.2,2.2002,2.2,2.2002,10472,2021-11-01 17:08:00,EBON
2.2,2.2017,2.195,2.2,6596,2021-11-01 17:09:00,EBON
2.1901,2.2,2.1901,2.2,400,2021-11-01 17:10:00,EBON
2.2,2.2,2.2,2.2,100,2021-11-01 17:11:00,EBON
2.19,2.19,2.19,2.19,100,2021-11-01 17:12:00,EBON
2.1977,2.1977,2.195,2.195,1200,2021-11-01 17:14:00,EBON
2.1999,2.1999,2.19,2.19,200,2021-11-01 17:16:00,EBON
2.1985,2.1985,2.1985,2.1985,1000,2021-11-01 17:20:00,EBON
2.19,2.19,2.1801,2.185,7265,2021-11-01 17:22:00,EBON
2.1812,2.1812,2.18,2.18,1000,2021-11-01 17:23:00,EBON
2.1899,2.1899,2.175,2.18,51270,2021-11-01 17:25:00,EBON
2.175,2.18,2.175,2.175,7565,2021-11-01 17:26:00,EBON
2.1703,2.175,2.17,2.171,39663,2021-11-01 17:27:00,EBON
2.17,2.1707,2.165,2.17,31039,2021-11-01 17:28:00,EBON
2.1701,2.1701,2.1701,2.1701,5000,2021-11-01 17:29:00,EBON
2.17,2.18,2.17,2.17,1058,2021-11-01 17:30:00,EBON
2.18,2.18,2.175,2.18,2830,2021-11-01 17:31:00,EBON
2.175,2.175,2.175,2.175,200,2021-11-01 17:32:00,EBON
2.1717,2.1775,2.1717,2.1775,1000,2021-11-01 17:33:00,EBON
2.1731,2.175,2.17,2.175,2480,2021-11-01 17:34:00,EBON
2.17,2.1812,2.17,2.1812,5300,2021-11-01 17:35:00,EBON
2.18,2.18,2.18,2.18,300,2021-11-01 17:36:00,EBON
2.185,2.185,2.175,2.175,19689,2021-11-01 17:38:00,EBON
2.17,2.18,2.17,2.18,2234,2021-11-01 17:39:00,EBON
2.1701,2.1701,2.1701,2.1701,100,2021-11-01 17:43:00,EBON
2.175,2.175,2.175,2.175,120,2021-11-01 17:44:00,EBON
2.1701,2.1701,2.1701,2.1701,100,2021-11-01 17:45:00,EBON
2.175,2.175,2.17,2.17,17320,2021-11-01 17:46:00,EBON
2.1624,2.1624,2.1624,2.1624,230,2021-11-01 17:47:00,EBON
2.16,2.165,2.16,2.16,500,2021-11-01 17:48:00,EBON
2.16,2.16,2.15,2.15,29962,2021-11-01 17:49:00,EBON
2.155,2.16,2.15,2.16,7100,2021-11-01 17:50:00,EBON
2.16,2.165,2.16,2.165,600,2021-11-01 17:51:00,EBON
2.165,2.165,2.165,2.165,2000,2021-11-01 17:52:00,EBON
2.165,2.17,2.1601,2.17,9707,2021-11-01 17:53:00,EBON
2.165,2.165,2.165,2.165,400,2021-11-01 17:54:00,EBON
2.1614,2.1614,2.1614,2.1614,2000,2021-11-01 17:56:00,EBON
2.1601,2.1601,2.1601,2.1601,300,2021-11-01 17:57:00,EBON
2.16,2.16,2.16,2.16,5000,2021-11-01 17:58:00,EBON
2.162,2.162,2.1601,2.1601,2000,2021-11-01 17:59:00,EBON
2.165,2.165,2.16,2.165,15479,2021-11-01 18:01:00,EBON
2.16,2.1617,2.15,2.15,17778,2021-11-01 18:02:00,EBON
2.1501,2.1501,2.15,2.15,496,2021-11-01 18:03:00,EBON
2.1501,2.1501,2.1501,2.1501,800,2021-11-01 18:04:00,EBON
2.16,2.16,2.155,2.16,972,2021-11-01 18:05:00,EBON
2.16,2.16,2.16,2.16,600,2021-11-01 18:07:00,EBON
2.155,2.155,2.1501,2.1501,1689,2021-11-01 18:08:00,EBON
2.16,2.16,2.155,2.1599,6231,2021-11-01 18:11:00,EBON
2.1609,2.167,2.16,2.16,7650,2021-11-01 18:12:00,EBON
2.16,2.16,2.16,2.16,100,2021-11-01 18:14:00,EBON
2.16,2.16,2.15,2.15,5500,2021-11-01 18:15:00,EBON
2.1501,2.1501,2.1501,2.1501,300,2021-11-01 18:16:00,EBON
2.1517,2.1517,2.14,2.145,17443,2021-11-01 18:17:00,EBON
2.1481,2.1481,2.1481,2.1481,150,2021-11-01 18:19:00,EBON
2.14,2.14,2.14,2.14,100,2021-11-01 18:20:00,EBON
2.145,2.145,2.145,2.145,515,2021-11-01 18:21:00,EBON
2.14,2.14,2.14,2.14,580,2021-11-01 18:22:00,EBON
2.145,2.145,2.145,2.145,100,2021-11-01 18:23:00,EBON
2.15,2.15,2.15,2.15,5453,2021-11-01 18:24:00,EBON
2.1501,2.1501,2.1501,2.1501,3000,2021-11-01 18:27:00,EBON
2.15,2.1501,2.14,2.14,5300,2021-11-01 18:28:00,EBON
2.15,2.15,2.145,2.145,850,2021-11-01 18:29:00,EBON
2.14,2.14,2.14,2.14,100,2021-11-01 18:30:00,EBON
2.14,2.14,2.14,2.14,2222,2021-11-01 18:31:00,EBON
2.14,2.14,2.14,2.14,1000,2021-11-01 18:32:00,EBON
2.15,2.15,2.145,2.15,3445,2021-11-01 18:34:00,EBON
2.1488,2.15,2.1488,2.1499,8706,2021-11-01 18:35:00,EBON
2.1563,2.1563,2.1563,2.1563,145,2021-11-01 18:37:00,EBON
2.1535,2.1535,2.1511,2.1511,2900,2021-11-01 18:38:00,EBON
2.15,2.15,2.14,2.147,12400,2021-11-01 18:39:00,EBON
2.1483,2.15,2.145,2.145,2100,2021-11-01 18:44:00,EBON
2.15,2.15,2.145,2.145,300,2021-11-01 18:45:00,EBON
2.145,2.15,2.145,2.15,3751,2021-11-01 18:46:00,EBON
2.15,2.15,2.15,2.15,2722,2021-11-01 18:47:00,EBON
2.15,2.15,2.15,2.15,600,2021-11-01 18:48:00,EBON
2.15,2.15,2.15,2.15,1000,2021-11-01 18:50:00,EBON
2.15,2.15,2.1474,2.1474,7400,2021-11-01 18:51:00,EBON
2.144,2.144,2.144,2.144,5000,2021-11-01 18:52:00,EBON
2.149,2.149,2.149,2.149,200,2021-11-01 18:53:00,EBON
2.1495,2.15,2.1495,2.15,200,2021-11-01 18:54:00,EBON
2.14,2.14,2.14,2.14,14501,2021-11-01 18:56:00,EBON
2.14,2.14,2.14,2.14,5000,2021-11-01 18:58:00,EBON
2.1373,2.1382,2.1301,2.1301,10250,2021-11-01 18:59:00,EBON
2.13,2.13,2.13,2.13,1700,2021-11-01 19:00:00,EBON
2.14,2.1404,2.135,2.1404,12164,2021-11-01 19:01:00,EBON
2.147,2.147,2.145,2.145,530,2021-11-01 19:02:00,EBON
2.1465,2.1465,2.1465,2.1465,500,2021-11-01 19:03:00,EBON
2.1498,2.15,2.14,2.145,4100,2021-11-01 19:04:00,EBON
2.145,2.16,2.145,2.155,25314,2021-11-01 19:05:00,EBON
2.16,2.18,2.16,2.18,15236,2021-11-01 19:06:00,EBON
2.175,2.18,2.175,2.18,600,2021-11-01 19:07:00,EBON
2.175,2.18,2.175,2.18,1498,2021-11-01 19:08:00,EBON
2.17,2.175,2.17,2.17,28822,2021-11-01 19:09:00,EBON
2.17,2.17,2.16,2.16,2008,2021-11-01 19:11:00,EBON
2.17,2.17,2.16,2.17,1400,2021-11-01 19:13:00,EBON
2.16,2.16,2.16,2.16,200,2021-11-01 19:14:00,EBON
2.165,2.17,2.165,2.17,10208,2021-11-01 19:16:00,EBON
2.17,2.17,2.165,2.17,3002,2021-11-01 19:17:00,EBON
2.17,2.17,2.165,2.17,2100,2021-11-01 19:18:00,EBON
2.16,2.17,2.16,2.17,1535,2021-11-01 19:19:00,EBON
2.1691,2.1691,2.16,2.16,1375,2021-11-01 19:20:00,EBON
2.1621,2.1621,2.1621,2.1621,938,2021-11-01 19:22:00,EBON
2.17,2.17,2.17,2.17,1000,2021-11-01 19:24:00,EBON
2.1678,2.1678,2.1678,2.1678,1500,2021-11-01 19:27:00,EBON
2.16,2.16,2.16,2.16,100,2021-11-01 19:28:00,EBON
2.17,2.175,2.165,2.17,23829,2021-11-01 19:31:00,EBON
2.175,2.175,2.175,2.175,100,2021-11-01 19:32:00,EBON
2.175,2.18,2.175,2.18,3306,2021-11-01 19:33:00,EBON
2.175,2.175,2.175,2.175,100,2021-11-01 19:34:00,EBON
2.18,2.1883,2.18,2.1883,4698,2021-11-01 19:35:00,EBON
2.185,2.185,2.1833,2.185,550,2021-11-01 19:36:00,EBON
2.185,2.185,2.185,2.185,100,2021-11-01 19:37:00,EBON
2.19,2.19,2.18,2.18,12052,2021-11-01 19:39:00,EBON
2.1898,2.19,2.185,2.19,1004,2021-11-01 19:40:00,EBON
2.18,2.185,2.18,2.18,900,2021-11-01 19:41:00,EBON
2.19,2.19,2.18,2.18,2700,2021-11-01 19:42:00,EBON
2.19,2.19,2.18,2.18,2800,2021-11-01 19:43:00,EBON
2.18,2.19,2.18,2.18,2528,2021-11-01 19:44:00,EBON
2.185,2.185,2.18,2.185,1000,2021-11-01 19:45:00,EBON
2.1866,2.1866,2.18,2.185,4150,2021-11-01 19:46:00,EBON
2.1809,2.1809,2.1809,2.1809,466,2021-11-01 19:47:00,EBON
2.185,2.19,2.18,2.19,700,2021-11-01 19:48:00,EBON
2.18,2.1874,2.18,2.1874,1100,2021-11-01 19:49:00,EBON
2.1883,2.1883,2.18,2.1883,6979,2021-11-01 19:50:00,EBON
2.185,2.185,2.18,2.18,200,2021-11-01 19:51:00,EBON
2.185,2.1899,2.18,2.1899,1620,2021-11-01 19:52:00,EBON
2.185,2.185,2.18,2.18,200,2021-11-01 19:53:00,EBON
2.185,2.19,2.18,2.185,17590,2021-11-01 19:54:00,EBON
2.185,2.1899,2.185,2.185,1665,2021-11-01 19:55:00,EBON
2.18,2.185,2.18,2.185,1136,2021-11-01 19:56:00,EBON
2.1806,2.185,2.18,2.18,9100,2021-11-01 19:57:00,EBON
2.18,2.19,2.18,2.185,12133,2021-11-01 19:58:00,EBON
2.19,2.19,2.18,2.18,10192,2021-11-01 19:59:00,EBON
2.19,2.19,2.19,2.19,2331,2021-11-01 20:00:00,EBON
2.18,2.18,2.18,2.18,740,2021-11-01 20:08:00,EBON
2.14,2.14,2.14,2.14,336,2021-11-01 20:11:00,EBON
2.17,2.17,2.17,2.17,100,2021-11-01 20:18:00,EBON
2.15,2.15,2.15,2.15,1300,2021-11-01 20:21:00,EBON
2.1501,2.1501,2.15,2.15,400,2021-11-01 20:24:00,EBON
2.17,2.17,2.17,2.17,683,2021-11-01 20:28:00,EBON
2.17,2.17,2.17,2.17,3100,2021-11-01 20:45:00,EBON
2.18,2.18,2.18,2.18,550,2021-11-01 20:50:00,EBON
2.17,2.17,2.17,2.17,100,2021-11-01 20:51:00,EBON
2.19,2.19,2.19,2.19,753,2021-11-01 20:57:00,EBON
2.17,2.17,2.17,2.17,721,2021-11-01 21:22:00,EBON
2.1701,2.1701,2.17,2.17,2680,2021-11-01 21:26:00,EBON
2.15,2.15,2.15,2.15,100,2021-11-01 21:31:00,EBON
2.15,2.15,2.15,2.15,937,2021-11-01 21:34:00,EBON
2.16,2.16,2.16,2.16,1000,2021-11-01 21:37:00,EBON
2.16,2.16,2.16,2.16,500,2021-11-01 21:38:00,EBON
2.16,2.16,2.16,2.16,500,2021-11-01 21:39:00,EBON
2.16,2.16,2.16,2.16,500,2021-11-01 21:40:00,EBON
2.16,2.16,2.16,2.16,3000,2021-11-01 21:45:00,EBON
2.16,2.16,2.16,2.16,1129,2021-11-01 21:47:00,EBON
2.17,2.17,2.17,2.17,2000,2021-11-01 21:51:00,EBON
2.18,2.18,2.18,2.18,100,2021-11-01 22:39:00,EBON
2.18,2.18,2.18,2.18,1000,2021-11-01 22:41:00,EBON
2.18,2.18,2.18,2.18,921,2021-11-01 22:42:00,EBON
2.18,2.18,2.18,2.18,970,2021-11-01 22:43:00,EBON
2.16,2.16,2.16,2.16,100,2021-11-01 23:17:00,EBON
2.18,2.18,2.18,2.18,330,2021-11-01 23:36:00,EBON
2.18,2.18,2.18,2.18,4321,2021-11-01 23:38:00,EBON
2.19,2.19,2.19,2.19,5628,2021-11-01 23:42:00,EBON
2.18,2.19,2.18,2.19,362,2021-11-02 09:34:00,EBON
2.19,2.19,2.19,2.19,200,2021-11-02 09:35:00,EBON
2.22,2.22,2.22,2.22,100,2021-11-02 10:23:00,EBON
2.24,2.24,2.24,2.24,336,2021-11-02 10:24:00,EBON
2.25,2.25,2.25,2.25,200,2021-11-02 10:32:00,EBON
2.24,2.24,2.24,2.24,200,2021-11-02 10:33:00,EBON
2.19,2.19,2.19,2.19,700,2021-11-02 10:46:00,EBON
2.2,2.2,2.2,2.2,500,2021-11-02 11:06:00,EBON
2.19,2.19,2.19,2.19,200,2021-11-02 11:18:00,EBON
2.2,2.2,2.2,2.2,528,2021-11-02 11:23:00,EBON
2.2,2.2,2.2,2.2,2124,2021-11-02 11:25:00,EBON
2.2,2.2,2.2,2.2,415,2021-11-02 11:34:00,EBON
2.21,2.21,2.21,2.21,500,2021-11-02 11:44:00,EBON
2.21,2.24,2.21,2.24,1080,2021-11-02 11:45:00,EBON
2.23,2.24,2.22,2.24,1088,2021-11-02 11:49:00,EBON
2.21,2.21,2.21,2.21,300,2021-11-02 12:00:00,EBON
2.21,2.21,2.21,2.21,250,2021-11-02 12:04:00,EBON
2.23,2.24,2.23,2.24,999,2021-11-02 12:10:00,EBON
2.21,2.21,2.21,2.21,250,2021-11-02 12:12:00,EBON
2.23,2.23,2.23,2.23,358,2021-11-02 12:15:00,EBON
2.22,2.23,2.22,2.23,750,2021-11-02 12:33:00,EBON
2.2299,2.2299,2.2299,2.2299,1000,2021-11-02 12:34:00,EBON
2.23,2.24,2.23,2.24,5000,2021-11-02 12:35:00,EBON
2.23,2.24,2.23,2.24,1424,2021-11-02 12:38:00,EBON
2.22,2.22,2.22,2.22,3500,2021-11-02 12:39:00,EBON
2.23,2.23,2.23,2.23,150,2021-11-02 12:40:00,EBON
2.22,2.22,2.22,2.22,500,2021-11-02 12:53:00,EBON
2.22,2.22,2.22,2.22,503,2021-11-02 12:58:00,EBON
2.22,2.22,2.22,2.22,250,2021-11-02 12:59:00,EBON
2.23,2.23,2.22,2.22,700,2021-11-02 13:01:00,EBON
2.23,2.23,2.23,2.23,303,2021-11-02 13:04:00,EBON
2.23,2.23,2.23,2.23,200,2021-11-02 13:06:00,EBON
2.22,2.22,2.22,2.22,2000,2021-11-02 13:08:00,EBON
2.22,2.22,2.22,2.22,1000,2021-11-02 13:12:00,EBON
2.23,2.23,2.23,2.23,497,2021-11-02 13:13:00,EBON
2.2499,2.25,2.2499,2.25,1100,2021-11-02 13:16:00,EBON
2.2201,2.2201,2.2201,2.2201,500,2021-11-02 13:24:00,EBON
2.22,2.22,2.22,2.22,797,2021-11-02 13:27:00,EBON
2.22,2.23,2.22,2.22,700,2021-11-02 13:29:00,EBON
2.24,2.24,2.21,2.22,24201,2021-11-02 13:30:00,EBON
2.21,2.21,2.2,2.21,10618,2021-11-02 13:31:00,EBON
2.21,2.21,2.18,2.18,15304,2021-11-02 13:32:00,EBON
2.185,2.185,2.1716,2.1716,6267,2021-11-02 13:33:00,EBON
2.18,2.21,2.18,2.2,17329,2021-11-02 13:34:00,EBON
2.2,2.2,2.182,2.182,4100,2021-11-02 13:35:00,EBON
2.1807,2.2,2.1807,2.198,23548,2021-11-02 13:36:00,EBON
2.195,2.2,2.1801,2.2,4169,2021-11-02 13:37:00,EBON
2.2,2.2,2.19,2.195,1500,2021-11-02 13:38:00,EBON
2.19,2.195,2.19,2.195,300,2021-11-02 13:39:00,EBON
2.19,2.19,2.17,2.17,9507,2021-11-02 13:40:00,EBON
2.1601,2.1601,2.155,2.155,6099,2021-11-02 13:41:00,EBON
2.155,2.17,2.155,2.1611,6655,2021-11-02 13:42:00,EBON
2.165,2.175,2.165,2.165,8957,2021-11-02 13:43:00,EBON
2.165,2.17,2.1601,2.17,3300,2021-11-02 13:44:00,EBON
2.1699,2.1699,2.161,2.165,3542,2021-11-02 13:45:00,EBON
2.16,2.165,2.16,2.165,6726,2021-11-02 13:46:00,EBON
2.16,2.165,2.16,2.165,300,2021-11-02 13:47:00,EBON
2.165,2.17,2.1611,2.17,1077,2021-11-02 13:48:00,EBON
2.165,2.165,2.165,2.165,200,2021-11-02 13:49:00,EBON
2.17,2.19,2.17,2.185,8633,2021-11-02 13:50:00,EBON
2.19,2.195,2.185,2.19,8023,2021-11-02 13:51:00,EBON
2.19,2.195,2.185,2.1899,9500,2021-11-02 13:52:00,EBON
2.19,2.19,2.1801,2.185,300,2021-11-02 13:53:00,EBON
2.185,2.19,2.175,2.175,3550,2021-11-02 13:54:00,EBON
2.18,2.18,2.1737,2.18,6650,2021-11-02 13:55:00,EBON
2.1795,2.18,2.1707,2.175,14600,2021-11-02 13:56:00,EBON
2.18,2.185,2.175,2.185,5129,2021-11-02 13:57:00,EBON
2.185,2.185,2.18,2.18,300,2021-11-02 13:58:00,EBON
2.185,2.195,2.185,2.19,9847,2021-11-02 13:59:00,EBON
2.2,2.2,2.195,2.195,2500,2021-11-02 14:00:00,EBON
2.2,2.2,2.1908,2.2,4010,2021-11-02 14:01:00,EBON
2.2,2.21,2.195,2.21,22971,2021-11-02 14:02:00,EBON
2.215,2.215,2.215,2.215,320,2021-11-02 14:03:00,EBON
2.215,2.22,2.195,2.2,28163,2021-11-02 14:04:00,EBON
2.2,2.205,2.19,2.19,12876,2021-11-02 14:05:00,EBON
2.1999,2.2,2.1999,2.2,1200,2021-11-02 14:06:00,EBON
2.195,2.21,2.195,2.21,4853,2021-11-02 14:07:00,EBON
2.2,2.2005,2.195,2.2,25659,2021-11-02 14:08:00,EBON
2.2,2.2001,2.2,2.2001,5100,2021-11-02 14:09:00,EBON
2.21,2.21,2.208,2.208,300,2021-11-02 14:10:00,EBON
2.21,2.21,2.195,2.195,3587,2021-11-02 14:11:00,EBON
2.195,2.2,2.19,2.19,2950,2021-11-02 14:12:00,EBON
2.1963,2.1963,2.175,2.19,26904,2021-11-02 14:13:00,EBON
2.185,2.1884,2.171,2.171,6774,2021-11-02 14:14:00,EBON
2.18,2.18,2.17,2.175,2780,2021-11-02 14:15:00,EBON
2.175,2.175,2.16,2.16,28700,2021-11-02 14:16:00,EBON
2.16,2.175,2.16,2.1702,7974,2021-11-02 14:17:00,EBON
2.175,2.1829,2.17,2.17,15700,2021-11-02 14:18:00,EBON
2.175,2.175,2.17,2.17,800,2021-11-02 14:19:00,EBON
2.175,2.175,2.17,2.17,215,2021-11-02 14:20:00,EBON
2.17,2.1799,2.17,2.1708,920,2021-11-02 14:21:00,EBON
2.17,2.17,2.17,2.17,300,2021-11-02 14:22:00,EBON
2.175,2.175,2.17,2.17,1028,2021-11-02 14:24:00,EBON
2.1764,2.18,2.175,2.18,24504,2021-11-02 14:25:00,EBON
2.175,2.175,2.1701,2.1701,600,2021-11-02 14:26:00,EBON
2.17,2.17,2.17,2.17,1000,2021-11-02 14:27:00,EBON
2.1799,2.1799,2.1799,2.1799,5000,2021-11-02 14:28:00,EBON
2.175,2.175,2.17,2.17,590,2021-11-02 14:29:00,EBON
2.175,2.19,2.175,2.19,4693,2021-11-02 14:30:00,EBON
2.18,2.185,2.18,2.18,1200,2021-11-02 14:31:00,EBON
2.1801,2.185,2.1801,2.185,1200,2021-11-02 14:32:00,EBON
2.185,2.195,2.185,2.195,23223,2021-11-02 14:33:00,EBON
2.1904,2.2,2.19,2.195,8193,2021-11-02 14:34:00,EBON
2.1901,2.195,2.185,2.19,3630,2021-11-02 14:35:00,EBON
2.182,2.185,2.18,2.18,5200,2021-11-02 14:36:00,EBON
2.185,2.185,2.185,2.185,100,2021-11-02 14:37:00,EBON
2.19,2.195,2.185,2.195,10105,2021-11-02 14:38:00,EBON
2.195,2.2,2.195,2.195,888,2021-11-02 14:39:00,EBON
2.2,2.2,2.19,2.19,3270,2021-11-02 14:40:00,EBON
2.195,2.195,2.19,2.195,5900,2021-11-02 14:41:00,EBON
2.195,2.195,2.195,2.195,850,2021-11-02 14:42:00,EBON
2.19,2.195,2.18,2.1805,19263,2021-11-02 14:43:00,EBON
2.1809,2.185,2.1801,2.185,5300,2021-11-02 14:44:00,EBON
2.1801,2.19,2.1801,2.19,4000,2021-11-02 14:45:00,EBON
2.185,2.19,2.17,2.18,11394,2021-11-02 14:46:00,EBON
2.175,2.19,2.175,2.19,17287,2021-11-02 14:47:00,EBON
2.19,2.2,2.19,2.195,2900,2021-11-02 14:48:00,EBON
2.1901,2.2,2.1901,2.2,1200,2021-11-02 14:49:00,EBON
2.2,2.2,2.1925,2.1925,5800,2021-11-02 14:50:00,EBON
2.195,2.2017,2.195,2.195,9737,2021-11-02 14:51:00,EBON
2.195,2.195,2.19,2.19,2333,2021-11-02 14:52:00,EBON
2.195,2.195,2.19,2.195,8535,2021-11-02 14:53:00,EBON
2.2,2.2,2.19,2.195,4403,2021-11-02 14:54:00,EBON
2.1945,2.195,2.19,2.1924,1187,2021-11-02 14:55:00,EBON
2.19,2.19,2.18,2.185,3000,2021-11-02 14:56:00,EBON
2.185,2.19,2.18,2.189,2000,2021-11-02 14:57:00,EBON
2.185,2.195,2.185,2.195,3397,2021-11-02 14:58:00,EBON
2.2,2.2,2.1917,2.2,754,2021-11-02 14:59:00,EBON
2.195,2.2,2.195,2.2,507,2021-11-02 15:00:00,EBON
2.2,2.2,2.2,2.2,223,2021-11-02 15:01:00,EBON
2.2,2.21,2.1999,2.205,2600,2021-11-02 15:02:00,EBON
2.21,2.21,2.21,2.21,500,2021-11-02 15:03:00,EBON
2.2,2.2099,2.2,2.2,6811,2021-11-02 15:04:00,EBON
2.195,2.21,2.195,2.2058,24802,2021-11-02 15:05:00,EBON
2.21,2.215,2.205,2.21,7195,2021-11-02 15:06:00,EBON
2.21,2.2169,2.21,2.2169,2610,2021-11-02 15:07:00,EBON
2.2192,2.2192,2.21,2.215,5400,2021-11-02 15:08:00,EBON
2.215,2.215,2.2104,2.2104,350,2021-11-02 15:09:00,EBON
2.215,2.215,2.21,2.2107,2100,2021-11-02 15:10:00,EBON
2.21,2.22,2.205,2.215,13684,2021-11-02 15:11:00,EBON
2.215,2.22,2.215,2.22,540,2021-11-02 15:12:00,EBON
2.215,2.225,2.215,2.225,17251,2021-11-02 15:13:00,EBON
2.22,2.225,2.22,2.22,4100,2021-11-02 15:14:00,EBON
2.225,2.225,2.21,2.215,12400,2021-11-02 15:15:00,EBON
2.215,2.217,2.21,2.217,2700,2021-11-02 15:16:00,EBON
2.215,2.215,2.215,2.215,200,2021-11-02 15:17:00,EBON
2.215,2.215,2.215,2.215,700,2021-11-02 15:18:00,EBON
2.21,2.215,2.205,2.21,19483,2021-11-02 15:19:00,EBON
2.205,2.205,2.2,2.205,1200,2021-11-02 15:20:00,EBON
2.2001,2.21,2.2,2.2007,6403,2021-11-02 15:21:00,EBON
2.205,2.205,2.19,2.1987,17350,2021-11-02 15:22:00,EBON
2.195,2.21,2.195,2.21,1410,2021-11-02 15:23:00,EBON
2.2,2.2,2.1919,2.2,738,2021-11-02 15:24:00,EBON
2.2,2.2,2.1973,2.198,2300,2021-11-02 15:25:00,EBON
2.195,2.195,2.195,2.195,300,2021-11-02 15:26:00,EBON
2.1994,2.1994,2.195,2.195,4800,2021-11-02 15:27:00,EBON
2.2,2.2,2.2,2.2,6846,2021-11-02 15:28:00,EBON
2.205,2.21,2.205,2.205,500,2021-11-02 15:29:00,EBON
2.2085,2.21,2.2085,2.21,510,2021-11-02 15:30:00,EBON
2.2,2.205,2.1948,2.1948,50797,2021-11-02 15:31:00,EBON
2.19,2.19,2.185,2.19,3169,2021-11-02 15:32:00,EBON
2.185,2.185,2.185,2.185,100,2021-11-02 15:33:00,EBON
2.1823,2.1823,2.1823,2.1823,222,2021-11-02 15:34:00,EBON
2.185,2.1888,2.175,2.1888,20190,2021-11-02 15:35:00,EBON
2.185,2.19,2.185,2.19,4294,2021-11-02 15:36:00,EBON
2.1999,2.2,2.1999,2.2,9458,2021-11-02 15:37:00,EBON
2.21,2.21,2.2,2.2,1200,2021-11-02 15:38:00,EBON
2.205,2.205,2.205,2.205,1100,2021-11-02 15:39:00,EBON
2.2003,2.207,2.2003,2.207,1700,2021-11-02 15:40:00,EBON
2.205,2.208,2.205,2.205,1400,2021-11-02 15:41:00,EBON
2.205,2.21,2.205,2.21,11477,2021-11-02 15:42:00,EBON
2.22,2.22,2.2101,2.2101,1493,2021-11-02 15:43:00,EBON
2.2176,2.22,2.2101,2.2101,350,2021-11-02 15:44:00,EBON
2.22,2.228,2.22,2.228,12457,2021-11-02 15:45:00,EBON
2.225,2.225,2.22,2.22,200,2021-11-02 15:46:00,EBON
2.225,2.225,2.215,2.22,7600,2021-11-02 15:47:00,EBON
2.218,2.22,2.21,2.2199,6500,2021-11-02 15:48:00,EBON
2.215,2.215,2.215,2.215,600,2021-11-02 15:49:00,EBON
2.215,2.23,2.2107,2.222,42041,2021-11-02 15:50:00,EBON
2.225,2.23,2.224,2.228,7377,2021-11-02 15:51:00,EBON
2.2299,2.2299,2.2211,2.2211,3052,2021-11-02 15:52:00,EBON
2.22,2.225,2.22,2.225,1450,2021-11-02 15:53:00,EBON
2.2299,2.2299,2.225,2.225,2760,2021-11-02 15:54:00,EBON
2.225,2.23,2.225,2.23,7238,2021-11-02 15:55:00,EBON
2.2288,2.23,2.2288,2.23,350,2021-11-02 15:56:00,EBON
2.2201,2.23,2.2201,2.23,5100,2021-11-02 15:57:00,EBON
2.225,2.225,2.22,2.225,1900,2021-11-02 15:58:00,EBON
2.225,2.225,2.225,2.225,121,2021-11-02 15:59:00,EBON
2.225,2.225,2.22,2.22,1015,2021-11-02 16:00:00,EBON
2.2201,2.2208,2.22,2.22,2310,2021-11-02 16:01:00,EBON
2.225,2.225,2.22,2.22,400,2021-11-02 16:02:00,EBON
2.221,2.2255,2.21,2.21,14650,2021-11-02 16:03:00,EBON
2.215,2.22,2.215,2.22,2400,2021-11-02 16:05:00,EBON
2.2159,2.218,2.215,2.215,2400,2021-11-02 16:06:00,EBON
2.215,2.215,2.215,2.215,300,2021-11-02 16:07:00,EBON
2.215,2.219,2.205,2.21,20288,2021-11-02 16:08:00,EBON
2.205,2.205,2.19,2.195,4890,2021-11-02 16:09:00,EBON
2.195,2.195,2.195,2.195,100,2021-11-02 16:11:00,EBON
2.197,2.197,2.197,2.197,500,2021-11-02 16:12:00,EBON
2.195,2.195,2.195,2.195,100,2021-11-02 16:13:00,EBON
2.195,2.195,2.19,2.19,5516,2021-11-02 16:14:00,EBON
2.195,2.195,2.19,2.1912,4500,2021-11-02 16:15:00,EBON
2.194,2.194,2.194,2.194,1000,2021-11-02 16:16:00,EBON
2.1927,2.2,2.185,2.2,37999,2021-11-02 16:18:00,EBON
2.192,2.2,2.192,2.1999,2579,2021-11-02 16:19:00,EBON
2.1907,2.195,2.1907,2.195,1400,2021-11-02 16:21:00,EBON
2.195,2.2,2.19,2.2,1000,2021-11-02 16:22:00,EBON
2.2,2.201,2.19,2.2,18233,2021-11-02 16:24:00,EBON
2.2,2.2,2.2,2.2,100,2021-11-02 16:25:00,EBON
2.1914,2.195,2.1914,2.195,400,2021-11-02 16:26:00,EBON
2.1901,2.1901,2.1901,2.1901,2000,2021-11-02 16:27:00,EBON
2.191,2.195,2.185,2.185,15100,2021-11-02 16:28:00,EBON
2.185,2.185,2.1801,2.1801,3293,2021-11-02 16:29:00,EBON
2.185,2.185,2.185,2.185,100,2021-11-02 16:30:00,EBON
2.185,2.19,2.185,2.19,2518,2021-11-02 16:31:00,EBON
2.19,2.19,2.1804,2.185,10639,2021-11-02 16:32:00,EBON
2.1822,2.185,2.1822,2.185,200,2021-11-02 16:33:00,EBON
2.185,2.1868,2.184,2.1868,1400,2021-11-02 16:34:00,EBON
2.185,2.185,2.185,2.185,200,2021-11-02 16:35:00,EBON
2.185,2.185,2.185,2.185,200,2021-11-02 16:36:00,EBON
2.19,2.19,2.19,2.19,600,2021-11-02 16:37:00,EBON
2.19,2.19,2.19,2.19,4105,2021-11-02 16:38:00,EBON
2.19,2.19,2.19,2.19,253,2021-11-02 16:39:00,EBON
2.19,2.19,2.19,2.19,400,2021-11-02 16:40:00,EBON
2.1894,2.1894,2.185,2.185,4100,2021-11-02 16:41:00,EBON
2.185,2.19,2.185,2.19,700,2021-11-02 16:42:00,EBON
2.1898,2.1898,2.185,2.185,4070,2021-11-02 16:43:00,EBON
2.185,2.185,2.185,2.185,100,2021-11-02 16:44:00,EBON
2.185,2.195,2.1821,2.195,5357,2021-11-02 16:47:00,EBON
2.19,2.195,2.19,2.195,1100,2021-11-02 16:48:00,EBON
2.195,2.1967,2.195,2.1967,400,2021-11-02 16:49:00,EBON
2.195,2.195,2.1901,2.1901,204,2021-11-02 16:51:00,EBON
2.2,2.2,2.2,2.2,200,2021-11-02 16:52:00,EBON
2.195,2.195,2.195,2.195,280,2021-11-02 16:53:00,EBON
2.1901,2.195,2.1901,2.195,600,2021-11-02 16:55:00,EBON
2.1901,2.195,2.1901,2.195,1100,2021-11-02 16:56:00,EBON
2.195,2.2,2.195,2.1999,1600,2021-11-02 16:57:00,EBON
2.195,2.1988,2.195,2.1988,2700,2021-11-02 17:00:00,EBON
2.195,2.195,2.185,2.185,7366,2021-11-02 17:01:00,EBON
2.185,2.185,2.182,2.185,456,2021-11-02 17:02:00,EBON
2.19,2.19,2.1801,2.185,3290,2021-11-02 17:03:00,EBON
2.185,2.19,2.185,2.19,1300,2021-11-02 17:04:00,EBON
2.19,2.19,2.19,2.19,200,2021-11-02 17:05:00,EBON
2.185,2.185,2.185,2.185,100,2021-11-02 17:06:00,EBON
2.19,2.19,2.1809,2.185,7400,2021-11-02 17:07:00,EBON
2.19,2.19,2.19,2.19,500,2021-11-02 17:08:00,EBON
2.185,2.19,2.185,2.19,300,2021-11-02 17:09:00,EBON
2.185,2.1899,2.185,2.185,3080,2021-11-02 17:10:00,EBON
2.185,2.185,2.185,2.185,300,2021-11-02 17:12:00,EBON
2.185,2.185,2.1801,2.1801,300,2021-11-02 17:13:00,EBON
2.185,2.185,2.1844,2.185,1985,2021-11-02 17:14:00,EBON
2.182,2.19,2.182,2.185,5493,2021-11-02 17:15:00,EBON
2.185,2.185,2.18,2.185,450,2021-11-02 17:16:00,EBON
2.19,2.19,2.185,2.185,1135,2021-11-02 17:18:00,EBON
2.19,2.19,2.185,2.185,600,2021-11-02 17:19:00,EBON
2.19,2.19,2.19,2.19,100,2021-11-02 17:20:00,EBON
2.185,2.185,2.185,2.185,100,2021-11-02 17:22:00,EBON
2.1802,2.1802,2.17,2.17,26136,2021-11-02 17:23:00,EBON
2.16,2.165,2.16,2.16,12809,2021-11-02 17:26:00,EBON
2.155,2.16,2.155,2.16,590,2021-11-02 17:27:00,EBON
2.155,2.16,2.155,2.155,18521,2021-11-02 17:28:00,EBON
2.1534,2.159,2.1512,2.155,4460,2021-11-02 17:29:00,EBON
2.1577,2.1577,2.14,2.14,40582,2021-11-02 17:30:00,EBON
2.15,2.16,2.14,2.155,54823,2021-11-02 17:31:00,EBON
2.155,2.16,2.15,2.155,4220,2021-11-02 17:32:00,EBON
2.16,2.16,2.155,2.155,400,2021-11-02 17:33:00,EBON
2.16,2.16,2.16,2.16,659,2021-11-02 17:34:00,EBON
2.155,2.155,2.15,2.15,200,2021-11-02 17:35:00,EBON
2.1527,2.155,2.15,2.15,2000,2021-11-02 17:36:00,EBON
2.1543,2.1543,2.1543,2.1543,125,2021-11-02 17:37:00,EBON
2.15,2.15,2.15,2.15,900,2021-11-02 17:38:00,EBON
2.155,2.155,2.155,2.155,100,2021-11-02 17:39:00,EBON
2.155,2.155,2.155,2.155,200,2021-11-02 17:40:00,EBON
2.155,2.155,2.14,2.14,7000,2021-11-02 17:41:00,EBON
2.14,2.145,2.1333,2.145,25247,2021-11-02 17:42:00,EBON
2.145,2.145,2.145,2.145,1550,2021-11-02 17:43:00,EBON
2.145,2.1498,2.1435,2.1435,4600,2021-11-02 17:44:00,EBON
2.1486,2.1486,2.1486,2.1486,100,2021-11-02 17:45:00,EBON
2.145,2.145,2.142,2.142,2732,2021-11-02 17:46:00,EBON
2.15,2.15,2.145,2.15,2910,2021-11-02 17:47:00,EBON
2.15,2.15,2.1491,2.1491,2500,2021-11-02 17:48:00,EBON
2.1499,2.1499,2.145,2.145,3200,2021-11-02 17:49:00,EBON
2.145,2.15,2.145,2.145,3399,2021-11-02 17:50:00,EBON
2.15,2.15,2.144,2.144,1250,2021-11-02 17:51:00,EBON
2.145,2.145,2.1438,2.1438,400,2021-11-02 17:52:00,EBON
2.145,2.155,2.145,2.155,11465,2021-11-02 17:53:00,EBON
2.155,2.155,2.155,2.155,1000,2021-11-02 17:54:00,EBON
2.155,2.16,2.1501,2.1501,1300,2021-11-02 17:55:00,EBON
2.15,2.16,2.15,2.16,4091,2021-11-02 17:56:00,EBON
2.155,2.1585,2.1539,2.1539,1200,2021-11-02 17:57:00,EBON
2.155,2.155,2.155,2.155,100,2021-11-02 17:58:00,EBON
2.16,2.16,2.16,2.16,100,2021-11-02 18:01:00,EBON
2.16,2.16,2.155,2.16,10942,2021-11-02 18:02:00,EBON
2.155,2.155,2.155,2.155,100,2021-11-02 18:03:00,EBON
2.16,2.16,2.16,2.16,200,2021-11-02 18:04:00,EBON
2.1523,2.155,2.152,2.155,1270,2021-11-02 18:05:00,EBON
2.1522,2.155,2.145,2.145,41033,2021-11-02 18:06:00,EBON
2.145,2.145,2.145,2.145,264,2021-11-02 18:07:00,EBON
2.146,2.148,2.1427,2.145,2438,2021-11-02 18:08:00,EBON
2.145,2.145,2.14,2.14,3500,2021-11-02 18:09:00,EBON
2.14,2.1415,2.13,2.14,10891,2021-11-02 18:10:00,EBON
2.135,2.135,2.13,2.13,6429,2021-11-02 18:13:00,EBON
2.13,2.1301,2.13,2.1301,1239,2021-11-02 18:14:00,EBON
2.13,2.135,2.13,2.135,8768,2021-11-02 18:16:00,EBON
2.14,2.14,2.135,2.135,1100,2021-11-02 18:18:00,EBON
2.14,2.14,2.14,2.14,400,2021-11-02 18:19:00,EBON
2.135,2.135,2.13,2.13,1500,2021-11-02 18:20:00,EBON
2.135,2.135,2.135,2.135,100,2021-11-02 18:22:00,EBON
2.1322,2.135,2.13,2.13,3606,2021-11-02 18:23:00,EBON
2.133,2.14,2.133,2.14,2100,2021-11-02 18:24:00,EBON
2.1399,2.14,2.1301,2.135,10298,2021-11-02 18:25:00,EBON
2.1338,2.135,2.1301,2.1304,962,2021-11-02 18:26:00,EBON
2.135,2.135,2.135,2.135,500,2021-11-02 18:27:00,EBON
2.135,2.135,2.135,2.135,600,2021-11-02 18:28:00,EBON
2.14,2.14,2.14,2.14,100,2021-11-02 18:29:00,EBON
2.135,2.135,2.135,2.135,478,2021-11-02 18:31:00,EBON
2.135,2.14,2.135,2.14,1799,2021-11-02 18:32:00,EBON
2.1387,2.14,2.135,2.14,10829,2021-11-02 18:33:00,EBON
2.14,2.14,2.135,2.135,4900,2021-11-02 18:36:00,EBON
2.135,2.145,2.135,2.145,3846,2021-11-02 18:37:00,EBON
2.145,2.1499,2.14,2.14,6500,2021-11-02 18:38:00,EBON
2.1489,2.1489,2.145,2.145,2600,2021-11-02 18:39:00,EBON
2.15,2.15,2.15,2.15,100,2021-11-02 18:40:00,EBON
2.1449,2.145,2.1449,2.145,402,2021-11-02 18:41:00,EBON
2.14,2.1404,2.14,2.1404,300,2021-11-02 18:42:00,EBON
2.1401,2.1407,2.1401,2.1407,1000,2021-11-02 18:44:00,EBON
2.14,2.145,2.14,2.145,300,2021-11-02 18:45:00,EBON
2.149,2.149,2.145,2.145,1200,2021-11-02 18:46:00,EBON
2.1415,2.15,2.1415,2.15,250,2021-11-02 18:49:00,EBON
2.145,2.15,2.145,2.15,16797,2021-11-02 18:51:00,EBON
2.1413,2.15,2.14,2.145,7600,2021-11-02 18:52:00,EBON
2.145,2.145,2.145,2.145,100,2021-11-02 18:53:00,EBON
2.15,2.15,2.15,2.15,100,2021-11-02 18:54:00,EBON
2.14,2.15,2.14,2.145,1400,2021-11-02 18:55:00,EBON
2.1494,2.15,2.1404,2.145,6580,2021-11-02 18:56:00,EBON
2.1489,2.1504,2.145,2.1504,19805,2021-11-02 18:57:00,EBON
2.155,2.155,2.15,2.15,6500,2021-11-02 18:58:00,EBON
2.15,2.15,2.15,2.15,1000,2021-11-02 18:59:00,EBON
2.145,2.145,2.14,2.14,500,2021-11-02 19:00:00,EBON
2.145,2.15,2.145,2.1499,5700,2021-11-02 19:01:00,EBON
2.145,2.15,2.145,2.15,2200,2021-11-02 19:02:00,EBON
2.1499,2.155,2.145,2.155,12144,2021-11-02 19:03:00,EBON
2.1573,2.1573,2.15,2.15,2522,2021-11-02 19:04:00,EBON
2.155,2.155,2.155,2.155,200,2021-11-02 19:05:00,EBON
2.1509,2.1509,2.1509,2.1509,4000,2021-11-02 19:06:00,EBON
2.153,2.153,2.153,2.153,410,2021-11-02 19:07:00,EBON
2.1599,2.16,2.155,2.155,11700,2021-11-02 19:08:00,EBON
2.155,2.155,2.155,2.155,500,2021-11-02 19:09:00,EBON
2.155,2.155,2.1501,2.155,1235,2021-11-02 19:10:00,EBON
2.155,2.155,2.155,2.155,200,2021-11-02 19:11:00,EBON
2.155,2.155,2.15,2.155,10100,2021-11-02 19:12:00,EBON
2.1512,2.1515,2.14,2.145,16257,2021-11-02 19:13:00,EBON
2.1404,2.1404,2.13,2.1321,16980,2021-11-02 19:14:00,EBON
2.138,2.138,2.13,2.13,2600,2021-11-02 19:15:00,EBON
2.135,2.135,2.135,2.135,500,2021-11-02 19:16:00,EBON
2.135,2.135,2.13,2.135,2100,2021-11-02 19:17:00,EBON
2.135,2.135,2.13,2.13,1060,2021-11-02 19:19:00,EBON
2.135,2.14,2.13,2.14,1550,2021-11-02 19:20:00,EBON
2.13,2.14,2.13,2.135,6048,2021-11-02 19:21:00,EBON
2.14,2.14,2.13,2.13,4942,2021-11-02 19:22:00,EBON
2.1399,2.1399,2.135,2.1396,1800,2021-11-02 19:23:00,EBON
2.14,2.14,2.1301,2.135,900,2021-11-02 19:24:00,EBON
2.13,2.135,2.13,2.135,695,2021-11-02 19:25:00,EBON
2.135,2.135,2.13,2.135,700,2021-11-02 19:26:00,EBON
2.135,2.15,2.135,2.1475,21955,2021-11-02 19:27:00,EBON
2.145,2.16,2.145,2.16,21932,2021-11-02 19:28:00,EBON
2.155,2.16,2.155,2.1594,2966,2021-11-02 19:29:00,EBON
2.16,2.17,2.16,2.17,24873,2021-11-02 19:30:00,EBON
2.1695,2.17,2.165,2.165,7047,2021-11-02 19:31:00,EBON
2.17,2.17,2.1601,2.165,5008,2021-11-02 19:32:00,EBON
2.17,2.17,2.16,2.165,3105,2021-11-02 19:33:00,EBON
2.165,2.17,2.165,2.17,2400,2021-11-02 19:34:00,EBON
2.17,2.17,2.165,2.167,3736,2021-11-02 19:35:00,EBON
2.1697,2.1697,2.165,2.165,5600,2021-11-02 19:36:00,EBON
2.161,2.17,2.161,2.17,2200,2021-11-02 19:37:00,EBON
2.165,2.165,2.165,2.165,200,2021-11-02 19:38:00,EBON
2.165,2.1697,2.165,2.1697,200,2021-11-02 19:39:00,EBON
2.165,2.165,2.1611,2.1611,3500,2021-11-02 19:40:00,EBON
2.1619,2.165,2.1619,2.165,300,2021-11-02 19:41:00,EBON
2.165,2.165,2.16,2.165,2500,2021-11-02 19:43:00,EBON
2.165,2.1699,2.16,2.16,8057,2021-11-02 19:44:00,EBON
2.16,2.1699,2.16,2.165,5742,2021-11-02 19:45:00,EBON
2.165,2.165,2.16,2.16,1400,2021-11-02 19:46:00,EBON
2.165,2.165,2.16,2.16,200,2021-11-02 19:47:00,EBON
2.165,2.1699,2.16,2.16,21579,2021-11-02 19:48:00,EBON
2.1699,2.17,2.16,2.165,3830,2021-11-02 19:49:00,EBON
2.165,2.17,2.16,2.165,9203,2021-11-02 19:50:00,EBON
2.165,2.1671,2.16,2.165,3535,2021-11-02 19:51:00,EBON
2.165,2.165,2.16,2.16,1350,2021-11-02 19:52:00,EBON
2.165,2.17,2.16,2.165,8350,2021-11-02 19:53:00,EBON
2.165,2.17,2.16,2.16,3103,2021-11-02 19:54:00,EBON
2.165,2.165,2.16,2.165,10747,2021-11-02 19:55:00,EBON
2.165,2.165,2.16,2.165,1400,2021-11-02 19:56:00,EBON
2.165,2.168,2.16,2.1639,3128,2021-11-02 19:57:00,EBON
2.17,2.17,2.16,2.165,4827,2021-11-02 19:58:00,EBON
2.16,2.17,2.16,2.16,17057,2021-11-02 19:59:00,EBON
2.17,2.17,2.17,2.17,22601,2021-11-02 20:00:00,EBON
2.1699,2.1699,2.1699,2.1699,500,2021-11-02 20:01:00,EBON
2.16,2.16,2.16,2.16,330,2021-11-02 20:03:00,EBON
2.16,2.16,2.16,2.16,740,2021-11-02 20:04:00,EBON
2.15,2.15,2.14,2.14,1054,2021-11-02 20:18:00,EBON
2.17,2.17,2.17,2.17,2433,2021-11-02 20:36:00,EBON
2.15,2.15,2.15,2.15,199,2021-11-02 20:42:00,EBON
2.17,2.17,2.17,2.17,426,2021-11-02 20:44:00,EBON
2.15,2.15,2.15,2.15,200,2021-11-02 20:57:00,EBON
2.15,2.15,2.15,2.15,500,2021-11-02 20:59:00,EBON
2.17,2.17,2.17,2.17,322,2021-11-02 21:13:00,EBON
2.15,2.15,2.15,2.15,954,2021-11-02 21:19:00,EBON
2.15,2.15,2.15,2.15,2788,2021-11-02 21:29:00,EBON
2.16,2.16,2.16,2.16,200,2021-11-02 21:32:00,EBON
2.16,2.16,2.16,2.16,250,2021-11-02 21:38:00,EBON
2.16,2.16,2.16,2.16,550,2021-11-02 21:48:00,EBON
2.15,2.15,2.15,2.15,100,2021-11-02 22:01:00,EBON
2.14,2.14,2.14,2.14,500,2021-11-02 22:07:00,EBON
2.14,2.14,2.14,2.14,200,2021-11-02 22:09:00,EBON
2.17,2.17,2.17,2.17,1500,2021-11-02 22:11:00,EBON
2.17,2.17,2.17,2.17,100,2021-11-02 23:17:00,EBON
2.17,2.17,2.17,2.17,885,2021-11-02 23:22:00,EBON
2.15,2.15,2.15,2.15,4000,2021-11-02 23:28:00,EBON
2.17,2.17,2.17,2.17,200,2021-11-03 11:17:00,EBON
2.16,2.17,2.16,2.17,554,2021-11-03 11:55:00,EBON
2.1501,2.1501,2.15,2.15,1000,2021-11-03 12:29:00,EBON
2.15,2.15,2.15,2.15,500,2021-11-03 12:45:00,EBON
2.15,2.15,2.15,2.15,100,2021-11-03 12:47:00,EBON
2.17,2.17,2.17,2.17,1000,2021-11-03 12:58:00,EBON
2.15,2.15,2.15,2.15,2260,2021-11-03 13:12:00,EBON
2.15,2.15,2.15,2.15,1000,2021-11-03 13:15:00,EBON
2.1501,2.1501,2.15,2.1501,4300,2021-11-03 13:16:00,EBON
2.15,2.15,2.15,2.15,500,2021-11-03 13:25:00,EBON
2.15,2.15,2.15,2.15,290,2021-11-03 13:26:00,EBON
2.15,2.15,2.15,2.15,10814,2021-11-03 13:30:00,EBON
2.15,2.15,2.14,2.14,900,2021-11-03 13:31:00,EBON
2.16,2.16,2.16,2.16,400,2021-11-03 13:32:00,EBON
2.16,2.16,2.155,2.16,4016,2021-11-03 13:33:00,EBON
2.16,2.17,2.15,2.17,17977,2021-11-03 13:34:00,EBON
2.17,2.1717,2.15,2.151,3762,2021-11-03 13:35:00,EBON
2.15,2.15,2.14,2.14,14913,2021-11-03 13:36:00,EBON
2.14,2.15,2.14,2.15,3500,2021-11-03 13:37:00,EBON
2.14,2.14,2.1301,2.1301,11453,2021-11-03 13:38:00,EBON
2.1317,2.1399,2.1317,2.1399,1858,2021-11-03 13:39:00,EBON
2.13,2.13,2.12,2.13,44763,2021-11-03 13:40:00,EBON
2.1236,2.14,2.1236,2.1395,9542,2021-11-03 13:41:00,EBON
2.14,2.145,2.1301,2.1301,3552,2021-11-03 13:42:00,EBON
2.14,2.15,2.14,2.14,3438,2021-11-03 13:43:00,EBON
2.14,2.14,2.14,2.14,2300,2021-11-03 13:46:00,EBON
2.13,2.135,2.13,2.13,8050,2021-11-03 13:47:00,EBON
2.13,2.14,2.1206,2.13,13548,2021-11-03 13:48:00,EBON
2.13,2.15,2.129,2.14,11013,2021-11-03 13:49:00,EBON
2.14,2.15,2.14,2.15,24401,2021-11-03 13:50:00,EBON
2.15,2.15,2.1405,2.15,12900,2021-11-03 13:51:00,EBON
2.1499,2.1499,2.1499,2.1499,2325,2021-11-03 13:52:00,EBON
2.14,2.14,2.14,2.14,200,2021-11-03 13:53:00,EBON
2.14,2.14,2.14,2.14,100,2021-11-03 13:54:00,EBON
2.14,2.14,2.14,2.14,100,2021-11-03 13:55:00,EBON
2.1427,2.145,2.14,2.145,3200,2021-11-03 13:56:00,EBON
2.14,2.1495,2.14,2.14,6427,2021-11-03 13:57:00,EBON
2.1499,2.1499,2.1499,2.1499,100,2021-11-03 13:58:00,EBON
2.145,2.155,2.14,2.155,2800,2021-11-03 13:59:00,EBON
2.15,2.15,2.15,2.15,2000,2021-11-03 14:00:00,EBON
2.1501,2.1501,2.13,2.15,60952,2021-11-03 14:01:00,EBON
2.14,2.14,2.125,2.14,12425,2021-11-03 14:02:00,EBON
2.14,2.15,2.14,2.15,10060,2021-11-03 14:03:00,EBON
2.14,2.1427,2.1367,2.1367,7654,2021-11-03 14:04:00,EBON
2.13,2.1301,2.13,2.13,3344,2021-11-03 14:05:00,EBON
2.1373,2.15,2.1373,2.14,4665,2021-11-03 14:06:00,EBON
2.14,2.14,2.14,2.14,592,2021-11-03 14:07:00,EBON
2.142,2.15,2.142,2.15,1300,2021-11-03 14:08:00,EBON
2.1401,2.155,2.1401,2.155,7361,2021-11-03 14:09:00,EBON
2.16,2.16,2.16,2.16,2402,2021-11-03 14:10:00,EBON
2.15,2.16,2.15,2.155,2408,2021-11-03 14:11:00,EBON
2.16,2.16,2.16,2.16,100,2021-11-03 14:12:00,EBON
2.16,2.17,2.16,2.165,5126,2021-11-03 14:13:00,EBON
2.17,2.17,2.17,2.17,500,2021-11-03 14:14:00,EBON
2.17,2.17,2.17,2.17,462,2021-11-03 14:15:00,EBON
2.165,2.165,2.15,2.15,10070,2021-11-03 14:16:00,EBON
2.155,2.16,2.155,2.155,300,2021-11-03 14:17:00,EBON
2.1586,2.16,2.1516,2.16,1704,2021-11-03 14:18:00,EBON
2.15,2.16,2.15,2.16,7308,2021-11-03 14:19:00,EBON
2.15,2.15,2.15,2.15,100,2021-11-03 14:20:00,EBON
2.16,2.16,2.15,2.155,1930,2021-11-03 14:21:00,EBON
2.155,2.155,2.1527,2.1527,300,2021-11-03 14:22:00,EBON
2.1545,2.1545,2.1545,2.1545,2000,2021-11-03 14:23:00,EBON
2.152,2.1574,2.15,2.15,2370,2021-11-03 14:24:00,EBON
2.155,2.155,2.155,2.155,2000,2021-11-03 14:25:00,EBON
2.155,2.17,2.155,2.17,20323,2021-11-03 14:26:00,EBON
2.16,2.165,2.16,2.16,700,2021-11-03 14:27:00,EBON
2.16,2.165,2.16,2.165,700,2021-11-03 14:28:00,EBON
2.1632,2.17,2.1632,2.17,575,2021-11-03 14:29:00,EBON
2.165,2.17,2.165,2.17,300,2021-11-03 14:30:00,EBON
2.1626,2.175,2.1626,2.17,13910,2021-11-03 14:31:00,EBON
2.17,2.175,2.17,2.175,900,2021-11-03 14:32:00,EBON
2.175,2.175,2.17,2.175,300,2021-11-03 14:33:00,EBON
2.175,2.19,2.175,2.1758,13424,2021-11-03 14:34:00,EBON
2.18,2.18,2.175,2.175,450,2021-11-03 14:35:00,EBON
2.175,2.179,2.175,2.1787,300,2021-11-03 14:36:00,EBON
2.18,2.18,2.17,2.17,13032,2021-11-03 14:37:00,EBON
2.16,2.16,2.16,2.16,1522,2021-11-03 14:38:00,EBON
2.17,2.17,2.16,2.16,4036,2021-11-03 14:39:00,EBON
2.17,2.17,2.165,2.165,500,2021-11-03 14:40:00,EBON
2.165,2.165,2.165,2.165,300,2021-11-03 14:41:00,EBON
2.165,2.1675,2.165,2.1675,1200,2021-11-03 14:42:00,EBON
2.16,2.18,2.16,2.18,17347,2021-11-03 14:43:00,EBON
2.18,2.18,2.18,2.18,289,2021-11-03 14:44:00,EBON
2.18,2.185,2.18,2.185,14780,2021-11-03 14:45:00,EBON
2.18,2.1823,2.18,2.1823,300,2021-11-03 14:46:00,EBON
2.185,2.185,2.185,2.185,100,2021-11-03 14:47:00,EBON
2.185,2.185,2.18,2.18,331,2021-11-03 14:48:00,EBON
2.18,2.18,2.18,2.18,100,2021-11-03 14:49:00,EBON
2.185,2.185,2.185,2.185,114,2021-11-03 14:50:00,EBON
2.18,2.185,2.18,2.185,944,2021-11-03 14:51:00,EBON
2.188,2.188,2.188,2.188,1000,2021-11-03 14:52:00,EBON
2.19,2.194,2.19,2.19,7179,2021-11-03 14:54:00,EBON
2.19,2.19,2.19,2.19,100,2021-11-03 14:55:00,EBON
2.2,2.2,2.18,2.19,7858,2021-11-03 14:56:00,EBON
2.1801,2.185,2.18,2.18,17600,2021-11-03 14:57:00,EBON
2.18,2.18,2.18,2.18,2800,2021-11-03 14:58:00,EBON
2.18,2.18,2.18,2.18,1926,2021-11-03 14:59:00,EBON
2.17,2.17,2.17,2.17,100,2021-11-03 15:00:00,EBON
2.1792,2.1792,2.1792,2.1792,154,2021-11-03 15:01:00,EBON
2.178,2.178,2.178,2.178,100,2021-11-03 15:03:00,EBON
2.18,2.18,2.16,2.16,5968,2021-11-03 15:05:00,EBON
2.165,2.165,2.165,2.165,3000,2021-11-03 15:06:00,EBON
2.165,2.165,2.159,2.159,16800,2021-11-03 15:07:00,EBON
2.152,2.155,2.152,2.155,3000,2021-11-03 15:08:00,EBON
2.1501,2.16,2.15,2.15,23963,2021-11-03 15:09:00,EBON
2.16,2.165,2.16,2.165,1200,2021-11-03 15:10:00,EBON
2.1699,2.1699,2.1699,2.1699,500,2021-11-03 15:11:00,EBON
2.1617,2.1617,2.1617,2.1617,600,2021-11-03 15:12:00,EBON
2.165,2.165,2.16,2.16,5100,2021-11-03 15:13:00,EBON
2.1616,2.17,2.16,2.165,15235,2021-11-03 15:16:00,EBON
2.1612,2.1667,2.1612,2.1667,714,2021-11-03 15:17:00,EBON
2.1605,2.1622,2.16,2.1622,5662,2021-11-03 15:18:00,EBON
2.1609,2.1609,2.16,2.16,1047,2021-11-03 15:19:00,EBON
2.17,2.17,2.16,2.16,200,2021-11-03 15:21:00,EBON
2.17,2.17,2.17,2.17,119,2021-11-03 15:23:00,EBON
2.1658,2.1692,2.1658,2.1692,2700,2021-11-03 15:24:00,EBON
2.1698,2.1698,2.16,2.165,1500,2021-11-03 15:25:00,EBON
2.169,2.178,2.165,2.178,7908,2021-11-03 15:26:00,EBON
2.178,2.178,2.178,2.178,180,2021-11-03 15:27:00,EBON
2.175,2.175,2.175,2.175,500,2021-11-03 15:29:00,EBON
2.17,2.175,2.17,2.175,1200,2021-11-03 15:30:00,EBON
2.17,2.175,2.17,2.175,7475,2021-11-03 15:31:00,EBON
2.17,2.17,2.17,2.17,1300,2021-11-03 15:32:00,EBON
2.1665,2.1665,2.1665,2.1665,400,2021-11-03 15:35:00,EBON
2.16,2.165,2.16,2.165,512,2021-11-03 15:36:00,EBON
2.1602,2.1602,2.1602,2.1602,237,2021-11-03 15:37:00,EBON
2.1613,2.165,2.1613,2.165,2100,2021-11-03 15:38:00,EBON
2.16,2.16,2.16,2.16,2622,2021-11-03 15:41:00,EBON
2.1601,2.1601,2.1601,2.1601,152,2021-11-03 15:42:00,EBON
2.1601,2.1601,2.1601,2.1601,500,2021-11-03 15:43:00,EBON
2.165,2.165,2.16,2.16,2189,2021-11-03 15:44:00,EBON
2.162,2.162,2.162,2.162,280,2021-11-03 15:45:00,EBON
2.16,2.16,2.16,2.16,100,2021-11-03 15:46:00,EBON
2.165,2.165,2.165,2.165,1314,2021-11-03 15:51:00,EBON
2.165,2.165,2.165,2.165,1200,2021-11-03 15:53:00,EBON
2.1662,2.1662,2.165,2.165,1177,2021-11-03 15:54:00,EBON
2.165,2.165,2.16,2.16,583,2021-11-03 15:55:00,EBON
2.1605,2.1605,2.1605,2.1605,400,2021-11-03 15:56:00,EBON
2.1669,2.1669,2.16,2.1601,855,2021-11-03 15:57:00,EBON
2.165,2.165,2.165,2.165,213,2021-11-03 16:00:00,EBON
2.165,2.165,2.165,2.165,100,2021-11-03 16:01:00,EBON
2.165,2.165,2.165,2.165,800,2021-11-03 16:02:00,EBON
2.16,2.16,2.16,2.16,100,2021-11-03 16:05:00,EBON
2.165,2.165,2.165,2.165,5101,2021-11-03 16:07:00,EBON
2.1601,2.1601,2.1601,2.1601,500,2021-11-03 16:08:00,EBON
2.165,2.165,2.165,2.165,114,2021-11-03 16:10:00,EBON
2.165,2.165,2.165,2.165,600,2021-11-03 16:12:00,EBON
2.16,2.1632,2.16,2.16,1211,2021-11-03 16:15:00,EBON
2.1601,2.1601,2.1601,2.1601,600,2021-11-03 16:17:00,EBON
2.1615,2.1669,2.1615,2.1669,3200,2021-11-03 16:18:00,EBON
2.165,2.165,2.165,2.165,113,2021-11-03 16:20:00,EBON
2.165,2.165,2.165,2.165,314,2021-11-03 16:25:00,EBON
2.1611,2.1611,2.1601,2.1611,3000,2021-11-03 16:27:00,EBON
2.16,2.16,2.16,2.16,250,2021-11-03 16:29:00,EBON
2.16,2.16,2.16,2.16,114,2021-11-03 16:30:00,EBON
2.16,2.1626,2.16,2.1626,7200,2021-11-03 16:31:00,EBON
2.16,2.16,2.16,2.16,8197,2021-11-03 16:32:00,EBON
2.155,2.159,2.1521,2.1521,300,2021-11-03 16:33:00,EBON
2.15,2.15,2.15,2.15,114,2021-11-03 16:35:00,EBON
2.155,2.155,2.155,2.155,700,2021-11-03 16:37:00,EBON
2.154,2.154,2.15,2.1513,3000,2021-11-03 16:38:00,EBON
2.15,2.15,2.15,2.15,286,2021-11-03 16:39:00,EBON
2.16,2.16,2.145,2.145,5713,2021-11-03 16:40:00,EBON
2.141,2.141,2.141,2.141,1000,2021-11-03 16:43:00,EBON
2.14,2.14,2.14,2.14,300,2021-11-03 16:44:00,EBON
2.14,2.1401,2.13,2.1385,10973,2021-11-03 16:45:00,EBON
2.13,2.135,2.13,2.13,1995,2021-11-03 16:46:00,EBON
2.13,2.13,2.13,2.13,300,2021-11-03 16:47:00,EBON
2.13,2.14,2.13,2.14,646,2021-11-03 16:48:00,EBON
2.135,2.14,2.135,2.14,10912,2021-11-03 16:49:00,EBON
2.135,2.135,2.135,2.135,500,2021-11-03 16:50:00,EBON
2.14,2.14,2.1301,2.1387,713,2021-11-03 16:52:00,EBON
2.14,2.14,2.14,2.14,33729,2021-11-03 16:53:00,EBON
2.1391,2.1399,2.1391,2.1399,5700,2021-11-03 16:55:00,EBON
2.13,2.1399,2.13,2.1399,3797,2021-11-03 16:57:00,EBON
2.135,2.135,2.1315,2.1315,4700,2021-11-03 16:58:00,EBON
2.14,2.14,2.14,2.14,1900,2021-11-03 17:00:00,EBON
2.135,2.135,2.135,2.135,100,2021-11-03 17:02:00,EBON
2.135,2.14,2.135,2.14,5350,2021-11-03 17:04:00,EBON
2.14,2.14,2.14,2.14,3575,2021-11-03 17:07:00,EBON
2.1405,2.1405,2.1405,2.1405,4500,2021-11-03 17:08:00,EBON
2.15,2.15,2.15,2.15,7600,2021-11-03 17:10:00,EBON
2.149,2.1493,2.149,2.149,4700,2021-11-03 17:12:00,EBON
2.145,2.145,2.14,2.14,500,2021-11-03 17:15:00,EBON
2.15,2.15,2.15,2.15,400,2021-11-03 17:18:00,EBON
2.145,2.15,2.145,2.15,3600,2021-11-03 17:19:00,EBON
2.14,2.15,2.14,2.14,1500,2021-11-03 17:20:00,EBON
2.14,2.14,2.14,2.14,200,2021-11-03 17:21:00,EBON
2.145,2.145,2.14,2.1413,6847,2021-11-03 17:25:00,EBON
2.14,2.14,2.14,2.14,1000,2021-11-03 17:26:00,EBON
2.1467,2.1467,2.1467,2.1467,400,2021-11-03 17:27:00,EBON
2.15,2.15,2.15,2.15,100,2021-11-03 17:28:00,EBON
2.149,2.149,2.149,2.149,200,2021-11-03 17:29:00,EBON
2.1459,2.1459,2.14,2.14,1329,2021-11-03 17:30:00,EBON
2.145,2.145,2.145,2.145,100,2021-11-03 17:32:00,EBON
2.14,2.14,2.14,2.14,113,2021-11-03 17:35:00,EBON
2.145,2.145,2.145,2.145,100,2021-11-03 17:39:00,EBON
2.14,2.145,2.14,2.145,300,2021-11-03 17:40:00,EBON
2.149,2.149,2.149,2.149,100,2021-11-03 17:41:00,EBON
2.1401,2.1401,2.1401,2.1401,800,2021-11-03 17:42:00,EBON
2.15,2.15,2.15,2.15,1206,2021-11-03 17:43:00,EBON
2.15,2.15,2.15,2.15,1002,2021-11-03 17:44:00,EBON
2.145,2.145,2.1402,2.1402,1035,2021-11-03 17:45:00,EBON
2.14,2.145,2.14,2.145,2900,2021-11-03 17:46:00,EBON
2.14,2.14,2.135,2.135,5764,2021-11-03 17:47:00,EBON
2.13,2.13,2.13,2.13,100,2021-11-03 17:48:00,EBON
2.135,2.135,2.135,2.135,100,2021-11-03 17:49:00,EBON
2.13,2.1399,2.13,2.1399,300,2021-11-03 17:50:00,EBON
2.139,2.139,2.13,2.13,920,2021-11-03 17:51:00,EBON
2.13,2.13,2.13,2.13,2320,2021-11-03 17:52:00,EBON
2.1201,2.122,2.12,2.122,3100,2021-11-03 17:55:00,EBON
2.1276,2.1276,2.12,2.12,9327,2021-11-03 17:56:00,EBON
2.1292,2.13,2.1292,2.13,5600,2021-11-03 17:57:00,EBON
2.13,2.14,2.1299,2.1399,1100,2021-11-03 17:58:00,EBON
2.135,2.135,2.135,2.135,101,2021-11-03 17:59:00,EBON
2.13,2.135,2.12,2.13,5340,2021-11-03 18:00:00,EBON
2.125,2.125,2.125,2.125,400,2021-11-03 18:01:00,EBON
2.1232,2.13,2.1232,2.13,1253,2021-11-03 18:02:00,EBON
2.12,2.1222,2.12,2.1222,1462,2021-11-03 18:03:00,EBON
2.1344,2.1344,2.1344,2.1344,500,2021-11-03 18:05:00,EBON
2.13,2.13,2.13,2.13,100,2021-11-03 18:06:00,EBON
2.13,2.135,2.13,2.135,1069,2021-11-03 18:07:00,EBON
2.1365,2.1394,2.1365,2.1394,400,2021-11-03 18:08:00,EBON
2.14,2.14,2.135,2.14,10461,2021-11-03 18:09:00,EBON
2.13,2.14,2.13,2.14,4761,2021-11-03 18:10:00,EBON
2.13,2.135,2.13,2.13,820,2021-11-03 18:11:00,EBON
2.1313,2.14,2.1313,2.14,390,2021-11-03 18:12:00,EBON
2.14,2.1454,2.14,2.1454,4900,2021-11-03 18:14:00,EBON
2.145,2.15,2.145,2.145,1616,2021-11-03 18:15:00,EBON
2.15,2.15,2.15,2.15,100,2021-11-03 18:16:00,EBON
2.14,2.14,2.14,2.14,1100,2021-11-03 18:17:00,EBON
2.145,2.145,2.145,2.145,2100,2021-11-03 18:18:00,EBON
2.15,2.15,2.15,2.15,3550,2021-11-03 18:20:00,EBON
2.15,2.15,2.15,2.15,100,2021-11-03 18:21:00,EBON
2.14,2.14,2.14,2.14,100,2021-11-03 18:22:00,EBON
2.148,2.15,2.148,2.15,1200,2021-11-03 18:23:00,EBON
2.1487,2.15,2.1487,2.15,200,2021-11-03 18:25:00,EBON
2.1446,2.1446,2.1446,2.1446,1000,2021-11-03 18:28:00,EBON
2.145,2.145,2.145,2.145,122,2021-11-03 18:29:00,EBON
2.149,2.149,2.14,2.14,400,2021-11-03 18:30:00,EBON
2.145,2.15,2.145,2.15,3414,2021-11-03 18:34:00,EBON
2.15,2.15,2.15,2.15,2899,2021-11-03 18:35:00,EBON
2.1499,2.15,2.1499,2.15,2277,2021-11-03 18:37:00,EBON
2.145,2.149,2.14,2.149,1100,2021-11-03 18:42:00,EBON
2.15,2.15,2.1415,2.1415,2144,2021-11-03 18:43:00,EBON
2.15,2.15,2.1488,2.1488,300,2021-11-03 18:44:00,EBON
2.15,2.16,2.15,2.16,4394,2021-11-03 18:45:00,EBON
2.1505,2.16,2.1505,2.16,3058,2021-11-03 18:46:00,EBON
2.155,2.17,2.155,2.17,13329,2021-11-03 18:47:00,EBON
2.17,2.17,2.1601,2.1601,1110,2021-11-03 18:48:00,EBON
2.165,2.1694,2.165,2.1694,2500,2021-11-03 18:49:00,EBON
2.17,2.17,2.1616,2.1616,700,2021-11-03 18:50:00,EBON
2.17,2.17,2.16,2.16,727,2021-11-03 18:51:00,EBON
2.17,2.17,2.16,2.16,1552,2021-11-03 18:52:00,EBON
2.17,2.18,2.17,2.175,5712,2021-11-03 18:53:00,EBON
2.18,2.18,2.17,2.17,6063,2021-11-03 18:54:00,EBON
2.17,2.17,2.17,2.17,600,2021-11-03 18:56:00,EBON
2.175,2.18,2.17,2.17,7453,2021-11-03 18:57:00,EBON
2.17,2.17,2.17,2.17,114,2021-11-03 18:58:00,EBON
2.175,2.175,2.175,2.175,400,2021-11-03 18:59:00,EBON
2.1721,2.1721,2.1721,2.1721,100,2021-11-03 19:00:00,EBON
2.17,2.17,2.16,2.1699,13017,2021-11-03 19:01:00,EBON
2.165,2.165,2.16,2.16,360,2021-11-03 19:02:00,EBON
2.165,2.165,2.16,2.165,26288,2021-11-03 19:03:00,EBON
2.16,2.165,2.16,2.165,2550,2021-11-03 19:04:00,EBON
2.16,2.1689,2.16,2.165,9238,2021-11-03 19:05:00,EBON
2.165,2.165,2.165,2.165,500,2021-11-03 19:06:00,EBON
2.165,2.18,2.16,2.175,6224,2021-11-03 19:07:00,EBON
2.17,2.175,2.17,2.175,2800,2021-11-03 19:08:00,EBON
2.175,2.18,2.1701,2.18,400,2021-11-03 19:09:00,EBON
2.18,2.18,2.18,2.18,215,2021-11-03 19:10:00,EBON
2.17,2.18,2.17,2.1799,918,2021-11-03 19:11:00,EBON
2.17,2.175,2.17,2.175,800,2021-11-03 19:12:00,EBON
2.175,2.18,2.17,2.18,947,2021-11-03 19:13:00,EBON
2.1723,2.18,2.1723,2.18,200,2021-11-03 19:16:00,EBON
2.1785,2.1785,2.1785,2.1785,200,2021-11-03 19:17:00,EBON
2.17,2.175,2.17,2.175,1300,2021-11-03 19:18:00,EBON
2.171,2.18,2.17,2.18,3500,2021-11-03 19:19:00,EBON
2.175,2.175,2.175,2.175,100,2021-11-03 19:20:00,EBON
2.17,2.18,2.17,2.18,1900,2021-11-03 19:21:00,EBON
2.17,2.175,2.17,2.175,200,2021-11-03 19:22:00,EBON
2.175,2.18,2.17,2.175,2500,2021-11-03 19:23:00,EBON
2.175,2.175,2.175,2.175,1000,2021-11-03 19:24:00,EBON
2.1773,2.18,2.1773,2.18,1128,2021-11-03 19:25:00,EBON
2.175,2.18,2.175,2.18,8074,2021-11-03 19:26:00,EBON
2.18,2.19,2.18,2.19,27822,2021-11-03 19:27:00,EBON
2.1904,2.195,2.19,2.19,3079,2021-11-03 19:28:00,EBON
2.1993,2.2,2.1993,2.2,6500,2021-11-03 19:29:00,EBON
2.19,2.21,2.19,2.205,25969,2021-11-03 19:30:00,EBON
2.2092,2.21,2.205,2.21,3600,2021-11-03 19:31:00,EBON
2.205,2.22,2.205,2.21,43659,2021-11-03 19:32:00,EBON
2.2113,2.215,2.21,2.2111,7600,2021-11-03 19:33:00,EBON
2.21,2.21,2.2,2.205,12530,2021-11-03 19:34:00,EBON
2.2,2.21,2.2,2.21,3981,2021-11-03 19:35:00,EBON
2.21,2.215,2.205,2.205,24127,2021-11-03 19:36:00,EBON
2.205,2.2073,2.205,2.2073,3450,2021-11-03 19:37:00,EBON
2.205,2.21,2.2,2.2,8001,2021-11-03 19:38:00,EBON
2.205,2.21,2.2015,2.21,2900,2021-11-03 19:39:00,EBON
2.21,2.21,2.2,2.2,24620,2021-11-03 19:40:00,EBON
2.2,2.21,2.2,2.21,878,2021-11-03 19:41:00,EBON
2.205,2.208,2.2,2.2,10400,2021-11-03 19:42:00,EBON
2.2,2.205,2.19,2.195,21508,2021-11-03 19:43:00,EBON
2.195,2.195,2.19,2.19,2400,2021-11-03 19:44:00,EBON
2.195,2.1999,2.19,2.19,7211,2021-11-03 19:45:00,EBON
2.19,2.195,2.19,2.195,1800,2021-11-03 19:46:00,EBON
2.195,2.1955,2.195,2.1955,3149,2021-11-03 19:47:00,EBON
2.195,2.2,2.19,2.195,4200,2021-11-03 19:48:00,EBON
2.19,2.2,2.19,2.195,11300,2021-11-03 19:49:00,EBON
2.195,2.2,2.19,2.195,11775,2021-11-03 19:50:00,EBON
2.19,2.2,2.19,2.2,13700,2021-11-03 19:51:00,EBON
2.2,2.2,2.19,2.19,21019,2021-11-03 19:52:00,EBON
2.2,2.2,2.19,2.19,13197,2021-11-03 19:53:00,EBON
2.195,2.2,2.19,2.195,9745,2021-11-03 19:54:00,EBON
2.195,2.2,2.19,2.195,3083,2021-11-03 19:55:00,EBON
2.195,2.2,2.19,2.195,6906,2021-11-03 19:56:00,EBON
2.195,2.2,2.1901,2.2,6482,2021-11-03 19:57:00,EBON
2.19,2.2,2.19,2.2,28423,2021-11-03 19:58:00,EBON
2.2,2.2,2.19,2.19,21587,2021-11-03 19:59:00,EBON
2.2,2.2,2.2,2.2,20178,2021-11-03 20:00:00,EBON
2.2,2.2,2.2,2.2,499,2021-11-03 20:19:00,EBON
2.2,2.2,2.2,2.2,200,2021-11-03 20:20:00,EBON
2.19,2.19,2.19,2.19,100,2021-11-03 20:26:00,EBON
2.16,2.16,2.16,2.16,550,2021-11-03 20:28:00,EBON
2.17,2.18,2.17,2.18,400,2021-11-03 20:34:00,EBON
2.2,2.2,2.2,2.2,2322,2021-11-03 20:36:00,EBON
2.19,2.19,2.19,2.19,250,2021-11-03 20:39:00,EBON
2.19,2.19,2.19,2.19,200,2021-11-03 20:43:00,EBON
2.2,2.2,2.2,2.2,128,2021-11-03 20:45:00,EBON
2.16,2.16,2.16,2.16,30000,2021-11-03 20:49:00,EBON
2.16,2.16,2.16,2.16,1000,2021-11-03 20:51:00,EBON
2.16,2.16,2.16,2.16,1083,2021-11-03 21:02:00,EBON
2.16,2.16,2.16,2.16,725,2021-11-03 21:05:00,EBON
2.16,2.16,2.16,2.16,180,2021-11-03 21:19:00,EBON
2.16,2.16,2.16,2.16,100,2021-11-03 21:20:00,EBON
2.18,2.18,2.18,2.18,350,2021-11-03 21:28:00,EBON
2.17,2.17,2.17,2.17,711,2021-11-03 21:29:00,EBON
2.17,2.17,2.16,2.16,982,2021-11-03 21:39:00,EBON
2.18,2.18,2.18,2.18,100,2021-11-03 21:45:00,EBON
2.19,2.19,2.19,2.19,300,2021-11-03 22:00:00,EBON
2.18,2.18,2.18,2.18,1000,2021-11-03 22:08:00,EBON
2.18,2.18,2.18,2.18,200,2021-11-03 22:13:00,EBON
2.18,2.18,2.18,2.18,100,2021-11-03 22:14:00,EBON
2.18,2.18,2.18,2.18,700,2021-11-03 22:21:00,EBON
2.17,2.17,2.17,2.17,218,2021-11-03 22:36:00,EBON
2.18,2.18,2.18,2.18,998,2021-11-03 22:40:00,EBON
2.17,2.17,2.17,2.17,1000,2021-11-03 22:42:00,EBON
2.17,2.17,2.17,2.17,988,2021-11-03 23:04:00,EBON
2.16,2.16,2.16,2.16,1000,2021-11-03 23:08:00,EBON
2.15,2.15,2.15,2.15,1000,2021-11-03 23:17:00,EBON
2.16,2.16,2.16,2.16,100,2021-11-03 23:20:00,EBON
2.16,2.16,2.16,2.16,100,2021-11-03 23:30:00,EBON
2.15,2.15,2.15,2.15,297,2021-11-03 23:39:00,EBON
2.15,2.15,2.15,2.15,1001,2021-11-03 23:40:00,EBON
2.12,2.12,2.12,2.12,5000,2021-11-03 23:43:00,EBON
2.15,2.15,2.15,2.15,1000,2021-11-03 23:49:00,EBON
2.15,2.15,2.15,2.15,500,2021-11-03 23:50:00,EBON
2.15,2.15,2.15,2.15,1700,2021-11-03 23:51:00,EBON
2.2,2.2,2.2,2.2,200,2021-11-04 08:15:00,EBON
2.16,2.16,2.16,2.16,712,2021-11-04 09:24:00,EBON
2.16,2.16,2.16,2.16,100,2021-11-04 10:19:00,EBON
2.2,2.2,2.2,2.2,200,2021-11-04 10:40:00,EBON
2.2,2.2,2.2,2.2,500,2021-11-04 11:02:00,EBON
2.19,2.19,2.19,2.19,600,2021-11-04 11:11:00,EBON
2.19,2.19,2.19,2.19,100,2021-11-04 11:19:00,EBON
2.19,2.19,2.19,2.19,100,2021-11-04 11:22:00,EBON
2.18,2.18,2.18,2.18,1000,2021-11-04 12:10:00,EBON
2.19,2.19,2.19,2.19,1200,2021-11-04 12:11:00,EBON
2.19,2.19,2.19,2.19,100,2021-11-04 12:12:00,EBON
2.18,2.18,2.18,2.18,100,2021-11-04 12:13:00,EBON
2.18,2.18,2.18,2.18,351,2021-11-04 12:14:00,EBON
2.18,2.18,2.18,2.18,180,2021-11-04 12:33:00,EBON
2.18,2.18,2.18,2.18,280,2021-11-04 12:38:00,EBON
2.1801,2.1801,2.18,2.18,3600,2021-11-04 13:04:00,EBON
2.18,2.18,2.18,2.18,100,2021-11-04 13:06:00,EBON
2.19,2.19,2.19,2.19,2107,2021-11-04 13:09:00,EBON
2.19,2.19,2.19,2.19,1000,2021-11-04 13:12:00,EBON
2.18,2.18,2.18,2.18,200,2021-11-04 13:22:00,EBON
2.2,2.2,2.2,2.2,362,2021-11-04 13:27:00,EBON
2.19,2.2,2.19,2.2,868,2021-11-04 13:29:00,EBON
2.2,2.2,2.19,2.19,15498,2021-11-04 13:30:00,EBON
2.181,2.181,2.181,2.181,350,2021-11-04 13:31:00,EBON
2.18,2.19,2.15,2.155,17048,2021-11-04 13:32:00,EBON
2.155,2.165,2.155,2.16,6708,2021-11-04 13:33:00,EBON
2.17,2.17,2.17,2.17,400,2021-11-04 13:34:00,EBON
2.16,2.16,2.155,2.155,4300,2021-11-04 13:35:00,EBON
2.1501,2.16,2.1501,2.1599,7924,2021-11-04 13:37:00,EBON
2.15,2.16,2.15,2.16,1492,2021-11-04 13:38:00,EBON
2.165,2.165,2.162,2.165,1254,2021-11-04 13:39:00,EBON
2.17,2.18,2.17,2.1787,13410,2021-11-04 13:40:00,EBON
2.18,2.19,2.18,2.19,4250,2021-11-04 13:41:00,EBON
2.18,2.185,2.18,2.18,1701,2021-11-04 13:42:00,EBON
2.1785,2.1785,2.1673,2.17,5500,2021-11-04 13:43:00,EBON
2.165,2.17,2.165,2.17,1090,2021-11-04 13:44:00,EBON
2.17,2.1785,2.17,2.175,2750,2021-11-04 13:45:00,EBON
2.1708,2.175,2.16,2.16,9700,2021-11-04 13:46:00,EBON
2.16,2.16,2.155,2.16,6559,2021-11-04 13:47:00,EBON
2.16,2.16,2.16,2.16,8036,2021-11-04 13:48:00,EBON
2.16,2.16,2.16,2.16,300,2021-11-04 13:49:00,EBON
2.155,2.16,2.1501,2.16,1401,2021-11-04 13:50:00,EBON
2.16,2.165,2.16,2.165,7100,2021-11-04 13:51:00,EBON
2.17,2.1784,2.17,2.1773,2342,2021-11-04 13:52:00,EBON
2.18,2.19,2.18,2.185,9726,2021-11-04 13:53:00,EBON
2.185,2.185,2.182,2.185,2400,2021-11-04 13:54:00,EBON
2.19,2.2099,2.185,2.2,16619,2021-11-04 13:55:00,EBON
2.2,2.24,2.2,2.24,90379,2021-11-04 13:56:00,EBON
2.235,2.25,2.23,2.25,33118,2021-11-04 13:57:00,EBON
2.25,2.25,2.23,2.23,63954,2021-11-04 13:58:00,EBON
2.23,2.24,2.2201,2.24,9631,2021-11-04 13:59:00,EBON
2.235,2.235,2.23,2.235,6517,2021-11-04 14:00:00,EBON
2.2313,2.2313,2.23,2.23,10111,2021-11-04 14:01:00,EBON
2.23,2.24,2.23,2.2325,3746,2021-11-04 14:02:00,EBON
2.24,2.24,2.235,2.235,1251,2021-11-04 14:03:00,EBON
2.23,2.235,2.23,2.235,1400,2021-11-04 14:04:00,EBON
2.23,2.2387,2.23,2.235,8150,2021-11-04 14:05:00,EBON
2.24,2.25,2.23,2.2301,22113,2021-11-04 14:06:00,EBON
2.2311,2.238,2.2311,2.238,2110,2021-11-04 14:07:00,EBON
2.235,2.24,2.23,2.235,1900,2021-11-04 14:08:00,EBON
2.24,2.24,2.24,2.24,9947,2021-11-04 14:09:00,EBON
2.24,2.24,2.225,2.225,7345,2021-11-04 14:10:00,EBON
2.225,2.225,2.225,2.225,9675,2021-11-04 14:11:00,EBON
2.225,2.23,2.22,2.225,20455,2021-11-04 14:12:00,EBON
2.2142,2.22,2.2142,2.215,1100,2021-11-04 14:13:00,EBON
2.215,2.215,2.21,2.21,14096,2021-11-04 14:14:00,EBON
2.2096,2.21,2.1999,2.21,17456,2021-11-04 14:15:00,EBON
2.205,2.21,2.205,2.21,1500,2021-11-04 14:16:00,EBON
2.21,2.21,2.2088,2.21,815,2021-11-04 14:17:00,EBON
2.21,2.21,2.2,2.2,12720,2021-11-04 14:18:00,EBON
2.2,2.2,2.1992,2.2,400,2021-11-04 14:19:00,EBON
2.1994,2.2,2.195,2.2,9482,2021-11-04 14:20:00,EBON
2.2,2.2,2.2,2.2,300,2021-11-04 14:21:00,EBON
2.2,2.2,2.19,2.19,3010,2021-11-04 14:22:00,EBON
2.2,2.2,2.2,2.2,631,2021-11-04 14:23:00,EBON
2.195,2.195,2.19,2.1922,2797,2021-11-04 14:24:00,EBON
2.1992,2.2,2.19,2.2,16774,2021-11-04 14:25:00,EBON
2.19,2.19,2.175,2.175,32386,2021-11-04 14:26:00,EBON
2.1754,2.1754,2.165,2.175,30964,2021-11-04 14:27:00,EBON
2.17,2.175,2.17,2.175,6812,2021-11-04 14:28:00,EBON
2.1785,2.18,2.175,2.18,1407,2021-11-04 14:29:00,EBON
2.175,2.18,2.175,2.18,6530,2021-11-04 14:30:00,EBON
2.1701,2.19,2.1701,2.19,9870,2021-11-04 14:31:00,EBON
2.18,2.19,2.18,2.19,5736,2021-11-04 14:32:00,EBON
2.19,2.1916,2.19,2.1916,800,2021-11-04 14:33:00,EBON
2.195,2.195,2.19,2.19,4781,2021-11-04 14:34:00,EBON
2.1893,2.19,2.1886,2.1886,2800,2021-11-04 14:35:00,EBON
2.19,2.19,2.19,2.19,4557,2021-11-04 14:36:00,EBON
2.19,2.195,2.19,2.195,2600,2021-11-04 14:37:00,EBON
2.195,2.195,2.1901,2.1901,800,2021-11-04 14:38:00,EBON
2.1965,2.1965,2.1965,2.1965,700,2021-11-04 14:39:00,EBON
2.1904,2.1904,2.1904,2.1904,500,2021-11-04 14:40:00,EBON
2.19,2.19,2.19,2.19,1950,2021-11-04 14:42:00,EBON
2.19,2.19,2.185,2.185,20518,2021-11-04 14:43:00,EBON
2.185,2.185,2.185,2.185,100,2021-11-04 14:44:00,EBON
2.1826,2.1826,2.1826,2.1826,200,2021-11-04 14:46:00,EBON
2.185,2.19,2.185,2.19,8363,2021-11-04 14:47:00,EBON
2.2,2.2,2.2,2.2,100,2021-11-04 14:48:00,EBON
2.2,2.205,2.195,2.2,30588,2021-11-04 14:49:00,EBON
2.205,2.205,2.205,2.205,300,2021-11-04 14:50:00,EBON
2.2,2.2,2.2,2.2,470,2021-11-04 14:51:00,EBON
2.2,2.2001,2.195,2.2001,9218,2021-11-04 14:53:00,EBON
2.2,2.2033,2.2,2.2033,7700,2021-11-04 14:54:00,EBON
2.2,2.2,2.2,2.2,400,2021-11-04 14:55:00,EBON
2.2,2.2,2.2,2.2,200,2021-11-04 14:56:00,EBON
2.1901,2.1983,2.19,2.19,4200,2021-11-04 14:57:00,EBON
2.1909,2.1909,2.1906,2.1906,6350,2021-11-04 14:58:00,EBON
2.1906,2.1906,2.1906,2.1906,1300,2021-11-04 14:59:00,EBON
2.195,2.195,2.19,2.19,4353,2021-11-04 15:01:00,EBON
2.185,2.185,2.18,2.18,1200,2021-11-04 15:03:00,EBON
2.1802,2.1802,2.1802,2.1802,112,2021-11-04 15:04:00,EBON
2.185,2.185,2.185,2.185,3000,2021-11-04 15:05:00,EBON
2.18,2.18,2.165,2.165,49357,2021-11-04 15:06:00,EBON
2.165,2.17,2.16,2.17,1541,2021-11-04 15:07:00,EBON
2.17,2.17,2.1699,2.1699,491,2021-11-04 15:08:00,EBON
2.1673,2.17,2.16,2.16,13112,2021-11-04 15:09:00,EBON
2.16,2.16,2.16,2.16,100,2021-11-04 15:10:00,EBON
2.16,2.17,2.16,2.16,2600,2021-11-04 15:11:00,EBON
2.17,2.175,2.165,2.17,11659,2021-11-04 15:12:00,EBON
2.17,2.17,2.17,2.17,100,2021-11-04 15:13:00,EBON
2.17,2.17,2.17,2.17,5993,2021-11-04 15:14:00,EBON
2.16,2.16,2.15,2.15,13364,2021-11-04 15:15:00,EBON
2.15,2.155,2.15,2.155,1468,2021-11-04 15:16:00,EBON
2.15,2.155,2.15,2.155,400,2021-11-04 15:17:00,EBON
2.155,2.155,2.155,2.155,100,2021-11-04 15:18:00,EBON
2.15,2.1553,2.15,2.155,472,2021-11-04 15:19:00,EBON
2.152,2.152,2.15,2.15,549,2021-11-04 15:20:00,EBON
2.158,2.158,2.15,2.15,2303,2021-11-04 15:21:00,EBON
2.15,2.15,2.13,2.13,39886,2021-11-04 15:22:00,EBON
2.1311,2.135,2.13,2.13,12818,2021-11-04 15:23:00,EBON
2.13,2.13,2.13,2.13,4450,2021-11-04 15:24:00,EBON
2.13,2.13,2.1215,2.1285,11110,2021-11-04 15:25:00,EBON
2.125,2.13,2.1221,2.1221,650,2021-11-04 15:26:00,EBON
2.125,2.125,2.115,2.125,17558,2021-11-04 15:27:00,EBON
2.125,2.125,2.12,2.125,5000,2021-11-04 15:28:00,EBON
2.1211,2.1301,2.1211,2.1301,11610,2021-11-04 15:29:00,EBON
2.1301,2.1387,2.1301,2.135,13100,2021-11-04 15:30:00,EBON
2.135,2.14,2.13,2.14,12839,2021-11-04 15:31:00,EBON
2.148,2.148,2.148,2.148,411,2021-11-04 15:32:00,EBON
2.145,2.145,2.145,2.145,100,2021-11-04 15:33:00,EBON
2.14,2.1466,2.14,2.145,1700,2021-11-04 15:34:00,EBON
2.145,2.145,2.145,2.145,1145,2021-11-04 15:35:00,EBON
2.15,2.15,2.144,2.145,2457,2021-11-04 15:36:00,EBON
2.145,2.15,2.145,2.15,2700,2021-11-04 15:37:00,EBON
2.145,2.16,2.145,2.155,16960,2021-11-04 15:38:00,EBON
2.15,2.16,2.15,2.1586,10470,2021-11-04 15:39:00,EBON
2.1579,2.16,2.15,2.16,6216,2021-11-04 15:40:00,EBON
2.16,2.16,2.16,2.16,300,2021-11-04 15:41:00,EBON
2.16,2.16,2.16,2.16,100,2021-11-04 15:43:00,EBON
2.16,2.16,2.16,2.16,300,2021-11-04 15:44:00,EBON
2.16,2.17,2.15,2.15,12139,2021-11-04 15:45:00,EBON
2.15,2.155,2.15,2.155,1300,2021-11-04 15:47:00,EBON
2.155,2.155,2.15,2.15,6748,2021-11-04 15:48:00,EBON
2.145,2.15,2.145,2.15,400,2021-11-04 15:50:00,EBON
2.15,2.15,2.15,2.15,400,2021-11-04 15:51:00,EBON
2.15,2.15,2.145,2.145,11300,2021-11-04 15:52:00,EBON
2.15,2.15,2.15,2.15,8000,2021-11-04 15:53:00,EBON
2.16,2.16,2.15,2.15,433,2021-11-04 15:54:00,EBON
2.16,2.165,2.16,2.165,20127,2021-11-04 15:59:00,EBON
2.16,2.165,2.16,2.165,4100,2021-11-04 16:00:00,EBON
2.165,2.165,2.165,2.165,400,2021-11-04 16:01:00,EBON
2.1602,2.165,2.1499,2.15,20784,2021-11-04 16:02:00,EBON
2.145,2.145,2.142,2.142,4000,2021-11-04 16:03:00,EBON
2.1471,2.1471,2.145,2.145,600,2021-11-04 16:05:00,EBON
2.1469,2.1469,2.142,2.142,1150,2021-11-04 16:08:00,EBON
2.14,2.14,2.14,2.14,100,2021-11-04 16:10:00,EBON
2.14,2.14,2.14,2.14,100,2021-11-04 16:11:00,EBON
2.14,2.14,2.14,2.14,100,2021-11-04 16:13:00,EBON
2.14,2.14,2.14,2.14,100,2021-11-04 16:14:00,EBON
2.14,2.14,2.14,2.14,100,2021-11-04 16:15:00,EBON
2.14,2.145,2.14,2.14,2000,2021-11-04 16:16:00,EBON
2.145,2.145,2.145,2.145,1400,2021-11-04 16:17:00,EBON
2.14,2.145,2.14,2.14,5322,2021-11-04 16:18:00,EBON
2.13,2.135,2.13,2.135,200,2021-11-04 16:19:00,EBON
2.135,2.135,2.1301,2.1301,600,2021-11-04 16:20:00,EBON
2.135,2.14,2.135,2.135,18920,2021-11-04 16:21:00,EBON
2.14,2.14,2.14,2.14,100,2021-11-04 16:22:00,EBON
2.14,2.14,2.14,2.14,600,2021-11-04 16:23:00,EBON
2.135,2.14,2.135,2.14,200,2021-11-04 16:24:00,EBON
2.14,2.14,2.14,2.14,100,2021-11-04 16:25:00,EBON
2.14,2.14,2.14,2.14,300,2021-11-04 16:26:00,EBON
2.14,2.15,2.14,2.15,15742,2021-11-04 16:27:00,EBON
2.15,2.1599,2.15,2.155,7510,2021-11-04 16:28:00,EBON
2.155,2.155,2.15,2.155,626,2021-11-04 16:29:00,EBON
2.155,2.155,2.15,2.15,638,2021-11-04 16:30:00,EBON
2.155,2.155,2.14,2.1487,8698,2021-11-04 16:31:00,EBON
2.145,2.145,2.14,2.1401,5671,2021-11-04 16:33:00,EBON
2.1405,2.1405,2.14,2.14,4550,2021-11-04 16:34:00,EBON
2.145,2.145,2.145,2.145,100,2021-11-04 16:36:00,EBON
2.1402,2.1402,2.14,2.14,3700,2021-11-04 16:37:00,EBON
2.15,2.15,2.15,2.15,4000,2021-11-04 16:40:00,EBON
2.14,2.14,2.14,2.14,100,2021-11-04 16:41:00,EBON
2.1401,2.1401,2.14,2.14,23615,2021-11-04 16:42:00,EBON
2.145,2.145,2.145,2.145,123,2021-11-04 16:43:00,EBON
2.145,2.15,2.145,2.15,400,2021-11-04 16:45:00,EBON
2.145,2.145,2.142,2.142,1000,2021-11-04 16:46:00,EBON
2.143,2.16,2.143,2.155,9835,2021-11-04 16:49:00,EBON
2.1501,2.1501,2.1501,2.1501,100,2021-11-04 16:50:00,EBON
2.158,2.158,2.158,2.158,213,2021-11-04 16:51:00,EBON
2.155,2.155,2.155,2.155,300,2021-11-04 16:53:00,EBON
2.155,2.155,2.155,2.155,175,2021-11-04 16:56:00,EBON
2.155,2.1587,2.155,2.155,2200,2021-11-04 16:57:00,EBON
2.1599,2.1599,2.155,2.155,700,2021-11-04 16:58:00,EBON
2.1599,2.1599,2.155,2.155,350,2021-11-04 16:59:00,EBON
2.1586,2.1586,2.1586,2.1586,1000,2021-11-04 17:00:00,EBON
2.155,2.16,2.155,2.16,200,2021-11-04 17:01:00,EBON
2.1517,2.1517,2.1517,2.1517,200,2021-11-04 17:04:00,EBON
2.15,2.155,2.15,2.155,200,2021-11-04 17:05:00,EBON
2.155,2.155,2.151,2.154,1633,2021-11-04 17:07:00,EBON
2.155,2.155,2.155,2.155,200,2021-11-04 17:09:00,EBON
2.155,2.165,2.155,2.165,18338,2021-11-04 17:11:00,EBON
2.165,2.165,2.165,2.165,300,2021-11-04 17:16:00,EBON
2.16,2.1605,2.16,2.16,900,2021-11-04 17:17:00,EBON
2.1601,2.17,2.1601,2.17,3300,2021-11-04 17:18:00,EBON
2.1673,2.17,2.1673,2.168,400,2021-11-04 17:21:00,EBON
2.1626,2.1626,2.1626,2.1626,200,2021-11-04 17:22:00,EBON
2.165,2.165,2.16,2.165,11400,2021-11-04 17:25:00,EBON
2.165,2.165,2.16,2.165,500,2021-11-04 17:26:00,EBON
2.165,2.165,2.165,2.165,185,2021-11-04 17:27:00,EBON
2.1612,2.1612,2.1612,2.1612,2000,2021-11-04 17:28:00,EBON
2.165,2.18,2.16,2.175,15173,2021-11-04 17:30:00,EBON
2.1776,2.1776,2.1776,2.1776,250,2021-11-04 17:31:00,EBON
2.1733,2.1733,2.1733,2.1733,150,2021-11-04 17:32:00,EBON
2.17,2.17,2.17,2.17,100,2021-11-04 17:33:00,EBON
2.17,2.17,2.16,2.1673,12440,2021-11-04 17:35:00,EBON
2.165,2.165,2.16,2.16,600,2021-11-04 17:36:00,EBON
2.1601,2.1601,2.1599,2.16,14874,2021-11-04 17:37:00,EBON
2.16,2.16,2.16,2.16,200,2021-11-04 17:38:00,EBON
2.15,2.15,2.15,2.15,100,2021-11-04 17:39:00,EBON
2.15,2.15,2.15,2.15,100,2021-11-04 17:40:00,EBON
2.155,2.155,2.15,2.15,233,2021-11-04 17:41:00,EBON
2.155,2.16,2.15,2.155,4650,2021-11-04 17:43:00,EBON
2.155,2.155,2.155,2.155,100,2021-11-04 17:44:00,EBON
2.155,2.155,2.155,2.155,1950,2021-11-04 17:45:00,EBON
2.155,2.155,2.155,2.155,100,2021-11-04 17:47:00,EBON
2.155,2.155,2.155,2.155,300,2021-11-04 17:48:00,EBON
2.15,2.15,2.15,2.15,100,2021-11-04 17:49:00,EBON
2.155,2.165,2.155,2.165,14997,2021-11-04 17:50:00,EBON
2.1655,2.1655,2.1655,2.1655,2000,2021-11-04 17:52:00,EBON
2.165,2.165,2.165,2.165,300,2021-11-04 17:53:00,EBON
2.165,2.165,2.16,2.1607,2650,2021-11-04 17:54:00,EBON
2.165,2.165,2.165,2.165,100,2021-11-04 17:55:00,EBON
2.1687,2.1687,2.1632,2.1632,1500,2021-11-04 17:56:00,EBON
2.165,2.165,2.1601,2.1601,400,2021-11-04 17:59:00,EBON
2.16,2.165,2.155,2.165,35388,2021-11-04 18:00:00,EBON
2.16,2.16,2.16,2.16,2200,2021-11-04 18:01:00,EBON
2.16,2.16,2.16,2.16,135,2021-11-04 18:02:00,EBON
2.16,2.16,2.16,2.16,3749,2021-11-04 18:04:00,EBON
2.155,2.155,2.155,2.155,100,2021-11-04 18:06:00,EBON
2.16,2.1604,2.16,2.1604,4000,2021-11-04 18:07:00,EBON
2.1609,2.1625,2.1609,2.1625,300,2021-11-04 18:12:00,EBON
2.1619,2.17,2.1619,2.17,1100,2021-11-04 18:13:00,EBON
2.165,2.175,2.165,2.175,30010,2021-11-04 18:14:00,EBON
2.175,2.175,2.175,2.175,600,2021-11-04 18:15:00,EBON
2.18,2.18,2.175,2.175,1300,2021-11-04 18:19:00,EBON
2.1754,2.1754,2.1754,2.1754,3000,2021-11-04 18:20:00,EBON
2.175,2.19,2.175,2.185,17545,2021-11-04 18:21:00,EBON
2.1801,2.1899,2.1801,2.1899,600,2021-11-04 18:23:00,EBON
2.188,2.188,2.188,2.188,300,2021-11-04 18:24:00,EBON
2.1817,2.1817,2.1817,2.1817,600,2021-11-04 18:25:00,EBON
2.18,2.185,2.18,2.185,1100,2021-11-04 18:27:00,EBON
2.18,2.19,2.18,2.19,1200,2021-11-04 18:28:00,EBON
2.18,2.185,2.18,2.185,1326,2021-11-04 18:30:00,EBON
2.18,2.18,2.18,2.18,100,2021-11-04 18:32:00,EBON
2.1856,2.1856,2.1856,2.1856,440,2021-11-04 18:33:00,EBON
2.18,2.185,2.18,2.18,19919,2021-11-04 18:35:00,EBON
2.1809,2.185,2.18,2.18,5300,2021-11-04 18:36:00,EBON
2.18,2.19,2.18,2.19,5700,2021-11-04 18:37:00,EBON
2.19,2.19,2.19,2.19,1293,2021-11-04 18:38:00,EBON
2.185,2.185,2.18,2.18,900,2021-11-04 18:39:00,EBON
2.185,2.185,2.185,2.185,200,2021-11-04 18:40:00,EBON
2.18,2.1885,2.18,2.18,800,2021-11-04 18:41:00,EBON
2.18,2.18,2.18,2.18,100,2021-11-04 18:43:00,EBON
2.185,2.185,2.18,2.18,200,2021-11-04 18:44:00,EBON
2.185,2.185,2.18,2.18,200,2021-11-04 18:45:00,EBON
2.18,2.18,2.18,2.18,100,2021-11-04 18:46:00,EBON
2.18,2.18,2.18,2.18,300,2021-11-04 18:47:00,EBON
2.185,2.185,2.185,2.185,200,2021-11-04 18:48:00,EBON
2.18,2.19,2.18,2.19,5431,2021-11-04 18:49:00,EBON
2.18,2.19,2.18,2.18,22026,2021-11-04 18:50:00,EBON
2.18,2.1803,2.18,2.1803,645,2021-11-04 18:51:00,EBON
2.185,2.1868,2.18,2.1868,3325,2021-11-04 18:52:00,EBON
2.185,2.185,2.18,2.18,600,2021-11-04 18:53:00,EBON
2.185,2.185,2.18,2.18,8967,2021-11-04 18:54:00,EBON
2.17,2.18,2.17,2.175,4594,2021-11-04 18:55:00,EBON
2.175,2.175,2.175,2.175,100,2021-11-04 18:56:00,EBON
2.175,2.1779,2.17,2.17,2213,2021-11-04 18:57:00,EBON
2.17,2.1705,2.17,2.1705,300,2021-11-04 18:58:00,EBON
2.17,2.175,2.16,2.16,13503,2021-11-04 18:59:00,EBON
2.17,2.17,2.16,2.17,16552,2021-11-04 19:00:00,EBON
2.17,2.17,2.165,2.17,14173,2021-11-04 19:01:00,EBON
2.17,2.17,2.17,2.17,200,2021-11-04 19:02:00,EBON
2.175,2.175,2.175,2.175,400,2021-11-04 19:03:00,EBON
2.175,2.18,2.17,2.175,20300,2021-11-04 19:05:00,EBON
2.175,2.175,2.175,2.175,1100,2021-11-04 19:10:00,EBON
2.175,2.175,2.17,2.1725,1400,2021-11-04 19:11:00,EBON
2.175,2.18,2.175,2.175,700,2021-11-04 19:12:00,EBON
2.175,2.175,2.175,2.175,100,2021-11-04 19:13:00,EBON
2.175,2.175,2.175,2.175,1400,2021-11-04 19:14:00,EBON
2.175,2.18,2.175,2.18,21951,2021-11-04 19:15:00,EBON
2.18,2.185,2.18,2.185,1400,2021-11-04 19:16:00,EBON
2.1801,2.1801,2.1801,2.1801,1000,2021-11-04 19:17:00,EBON
2.185,2.185,2.185,2.185,200,2021-11-04 19:19:00,EBON
2.19,2.19,2.19,2.19,122,2021-11-04 19:20:00,EBON
2.185,2.185,2.185,2.185,120,2021-11-04 19:22:00,EBON
2.1802,2.185,2.18,2.185,15950,2021-11-04 19:23:00,EBON
2.186,2.186,2.18,2.18,2500,2021-11-04 19:25:00,EBON
2.18,2.18,2.18,2.18,3000,2021-11-04 19:26:00,EBON
2.185,2.185,2.18,2.185,2300,2021-11-04 19:27:00,EBON
2.18,2.185,2.18,2.185,500,2021-11-04 19:28:00,EBON
2.18,2.18,2.18,2.18,100,2021-11-04 19:29:00,EBON
2.185,2.185,2.18,2.18,267,2021-11-04 19:30:00,EBON
2.18,2.1857,2.18,2.1857,329,2021-11-04 19:31:00,EBON
2.18,2.185,2.18,2.185,2959,2021-11-04 19:32:00,EBON
2.18,2.18,2.18,2.18,100,2021-11-04 19:33:00,EBON
2.18,2.18,2.18,2.18,267,2021-11-04 19:34:00,EBON
2.19,2.19,2.17,2.17,4670,2021-11-04 19:35:00,EBON
2.17,2.17,2.17,2.17,100,2021-11-04 19:36:00,EBON
2.1741,2.1741,2.17,2.1708,1450,2021-11-04 19:37:00,EBON
2.1779,2.1779,2.17,2.17,400,2021-11-04 19:38:00,EBON
2.17,2.17,2.17,2.17,200,2021-11-04 19:39:00,EBON
2.17,2.1714,2.17,2.1714,750,2021-11-04 19:40:00,EBON
2.17,2.1702,2.17,2.1702,290,2021-11-04 19:41:00,EBON
2.17,2.175,2.17,2.17,4150,2021-11-04 19:42:00,EBON
2.1799,2.18,2.17,2.175,19500,2021-11-04 19:43:00,EBON
2.175,2.175,2.17,2.1701,9199,2021-11-04 19:44:00,EBON
2.17,2.175,2.16,2.161,48945,2021-11-04 19:45:00,EBON
2.16,2.16,2.16,2.16,1885,2021-11-04 19:46:00,EBON
2.16,2.165,2.16,2.165,801,2021-11-04 19:49:00,EBON
2.165,2.17,2.16,2.17,29575,2021-11-04 19:50:00,EBON
2.17,2.17,2.17,2.17,1000,2021-11-04 19:51:00,EBON
2.175,2.175,2.16,2.16,7572,2021-11-04 19:52:00,EBON
2.165,2.17,2.16,2.17,2900,2021-11-04 19:53:00,EBON
2.17,2.19,2.1636,2.1898,37851,2021-11-04 19:54:00,EBON
2.185,2.185,2.17,2.1715,27320,2021-11-04 19:55:00,EBON
2.18,2.18,2.18,2.18,478,2021-11-04 19:57:00,EBON
2.175,2.18,2.17,2.175,27117,2021-11-04 19:58:00,EBON
2.175,2.18,2.17,2.18,47496,2021-11-04 19:59:00,EBON
2.17,2.17,2.17,2.17,133117,2021-11-04 20:00:00,EBON
2.16,2.16,2.16,2.16,10052,2021-11-04 20:02:00,EBON
2.19,2.19,2.19,2.19,100,2021-11-04 20:23:00,EBON
2.16,2.16,2.16,2.16,400,2021-11-04 20:25:00,EBON
2.1799,2.1799,2.1799,2.1799,250,2021-11-04 20:35:00,EBON
2.18,2.18,2.18,2.18,140,2021-11-04 20:45:00,EBON
2.17,2.17,2.17,2.17,200,2021-11-04 21:56:00,EBON
2.17,2.17,2.17,2.17,100,2021-11-04 22:28:00,EBON
2.13,2.13,2.13,2.13,391,2021-11-04 23:27:00,EBON
2.13,2.13,2.13,2.13,100,2021-11-04 23:36:00,EBON
2.13,2.13,2.13,2.13,1000,2021-11-04 23:39:00,EBON
2.15,2.15,2.15,2.15,100,2021-11-04 23:51:00,EBON
2.15,2.15,2.14,2.14,200,2021-11-05 09:12:00,EBON
2.18,2.18,2.18,2.18,100,2021-11-05 09:45:00,EBON
2.14,2.14,2.14,2.14,306,2021-11-05 09:49:00,EBON
2.14,2.14,2.14,2.14,328,2021-11-05 10:21:00,EBON
2.16,2.16,2.16,2.16,1552,2021-11-05 11:18:00,EBON
2.17,2.17,2.17,2.17,200,2021-11-05 11:29:00,EBON
2.16,2.16,2.16,2.16,200,2021-11-05 13:20:00,EBON
2.16,2.16,2.15,2.15,17636,2021-11-05 13:30:00,EBON
2.14,2.14,2.125,2.125,19879,2021-11-05 13:31:00,EBON
2.14,2.14,2.12,2.13,12519,2021-11-05 13:32:00,EBON
2.13,2.135,2.1299,2.13,3512,2021-11-05 13:33:00,EBON
2.1311,2.135,2.13,2.132,10250,2021-11-05 13:34:00,EBON
2.14,2.1477,2.1358,2.1358,6600,2021-11-05 13:35:00,EBON
2.1464,2.1464,2.1464,2.1464,200,2021-11-05 13:36:00,EBON
2.15,2.1684,2.15,2.1684,30417,2021-11-05 13:37:00,EBON
2.17,2.17,2.1686,2.1686,18229,2021-11-05 13:38:00,EBON
2.1601,2.165,2.1601,2.165,4500,2021-11-05 13:39:00,EBON
2.1675,2.1675,2.152,2.1521,6816,2021-11-05 13:40:00,EBON
2.16,2.1683,2.16,2.1631,4161,2021-11-05 13:41:00,EBON
2.16,2.16,2.15,2.15,4100,2021-11-05 13:42:00,EBON
2.15,2.15,2.13,2.13,6300,2021-11-05 13:43:00,EBON
2.14,2.14,2.135,2.14,1556,2021-11-05 13:44:00,EBON
2.14,2.15,2.14,2.15,1949,2021-11-05 13:45:00,EBON
2.15,2.15,2.13,2.13,333,2021-11-05 13:46:00,EBON
2.14,2.145,2.14,2.145,2399,2021-11-05 13:47:00,EBON
2.1468,2.15,2.14,2.1401,7740,2021-11-05 13:48:00,EBON
2.1499,2.1499,2.1457,2.1457,3836,2021-11-05 13:49:00,EBON
2.1403,2.16,2.14,2.14,4017,2021-11-05 13:50:00,EBON
2.145,2.145,2.14,2.14,7062,2021-11-05 13:51:00,EBON
2.14,2.14,2.13,2.14,9824,2021-11-05 13:52:00,EBON
2.14,2.14,2.1209,2.1209,17839,2021-11-05 13:53:00,EBON
2.12,2.12,2.11,2.11,24908,2021-11-05 13:54:00,EBON
2.115,2.1201,2.1101,2.1157,17529,2021-11-05 13:55:00,EBON
2.115,2.115,2.103,2.11,11247,2021-11-05 13:56:00,EBON
2.11,2.115,2.11,2.1115,14140,2021-11-05 13:57:00,EBON
2.1187,2.1187,2.11,2.11,1100,2021-11-05 13:58:00,EBON
2.1107,2.12,2.1107,2.115,9061,2021-11-05 13:59:00,EBON
2.12,2.1292,2.12,2.125,3976,2021-11-05 14:00:00,EBON
2.125,2.1295,2.1235,2.1295,5900,2021-11-05 14:01:00,EBON
2.125,2.13,2.11,2.125,27108,2021-11-05 14:02:00,EBON
2.1264,2.1284,2.12,2.1284,1750,2021-11-05 14:03:00,EBON
2.1226,2.13,2.1201,2.13,18546,2021-11-05 14:04:00,EBON
2.13,2.13,2.125,2.13,4900,2021-11-05 14:05:00,EBON
2.1301,2.1342,2.13,2.13,1500,2021-11-05 14:06:00,EBON
2.13,2.13,2.13,2.13,2200,2021-11-05 14:07:00,EBON
2.13,2.13,2.125,2.13,8847,2021-11-05 14:08:00,EBON
2.12,2.12,2.1109,2.1172,5637,2021-11-05 14:09:00,EBON
2.115,2.115,2.1101,2.115,12175,2021-11-05 14:10:00,EBON
2.1115,2.12,2.1115,2.12,3380,2021-11-05 14:11:00,EBON
2.12,2.1224,2.12,2.1224,400,2021-11-05 14:12:00,EBON
2.12,2.12,2.12,2.12,2082,2021-11-05 14:13:00,EBON
2.12,2.12,2.11,2.11,9688,2021-11-05 14:14:00,EBON
2.12,2.125,2.115,2.1199,18800,2021-11-05 14:15:00,EBON
2.12,2.12,2.1,2.1038,22344,2021-11-05 14:16:00,EBON
2.109,2.109,2.108,2.108,8842,2021-11-05 14:17:00,EBON
2.11,2.11,2.11,2.11,600,2021-11-05 14:19:00,EBON
2.11,2.11,2.1,2.1,48637,2021-11-05 14:20:00,EBON
2.0982,2.1,2.09,2.095,12446,2021-11-05 14:21:00,EBON
2.1,2.1,2.095,2.1,2348,2021-11-05 14:22:00,EBON
2.1,2.11,2.1,2.11,8400,2021-11-05 14:23:00,EBON
2.11,2.11,2.105,2.11,4860,2021-11-05 14:24:00,EBON
2.105,2.11,2.1,2.11,6204,2021-11-05 14:25:00,EBON
2.105,2.11,2.1,2.1005,5770,2021-11-05 14:26:00,EBON
2.1,2.11,2.1,2.11,2465,2021-11-05 14:27:00,EBON
2.1,2.1,2.07,2.075,36053,2021-11-05 14:28:00,EBON
2.07,2.0879,2.07,2.0849,17577,2021-11-05 14:29:00,EBON
2.0809,2.09,2.08,2.08,8900,2021-11-05 14:30:00,EBON
2.08,2.08,2.075,2.075,1355,2021-11-05 14:31:00,EBON
2.08,2.085,2.0701,2.081,20732,2021-11-05 14:32:00,EBON
2.08,2.09,2.07,2.07,4150,2021-11-05 14:33:00,EBON
2.07,2.07,2.07,2.07,2252,2021-11-05 14:34:00,EBON
2.07,2.08,2.07,2.07,15134,2021-11-05 14:35:00,EBON
2.08,2.08,2.07,2.07,3600,2021-11-05 14:36:00,EBON
2.07,2.0799,2.07,2.0799,400,2021-11-05 14:37:00,EBON
2.07,2.0701,2.07,2.0701,1550,2021-11-05 14:38:00,EBON
2.075,2.08,2.07,2.07,3374,2021-11-05 14:39:00,EBON
2.07,2.08,2.07,2.07,3050,2021-11-05 14:40:00,EBON
2.07,2.07,2.05,2.05,50846,2021-11-05 14:41:00,EBON
2.05,2.08,2.05,2.08,37399,2021-11-05 14:42:00,EBON
2.08,2.09,2.08,2.085,5218,2021-11-05 14:43:00,EBON
2.085,2.0999,2.085,2.09,15599,2021-11-05 14:44:00,EBON
2.09,2.09,2.08,2.09,11167,2021-11-05 14:45:00,EBON
2.09,2.095,2.09,2.09,10464,2021-11-05 14:46:00,EBON
2.095,2.095,2.09,2.09,452,2021-11-05 14:47:00,EBON
2.0905,2.0998,2.0905,2.0998,2000,2021-11-05 14:48:00,EBON
2.0983,2.1,2.0983,2.1,1200,2021-11-05 14:49:00,EBON
2.091,2.091,2.09,2.09,3567,2021-11-05 14:50:00,EBON
2.09,2.09,2.09,2.09,725,2021-11-05 14:51:00,EBON
2.09,2.0999,2.09,2.0999,10761,2021-11-05 14:52:00,EBON
2.092,2.092,2.092,2.092,1442,2021-11-05 14:53:00,EBON
2.1,2.1,2.095,2.0981,1200,2021-11-05 14:54:00,EBON
2.096,2.096,2.096,2.096,1000,2021-11-05 14:55:00,EBON
2.0931,2.095,2.092,2.092,880,2021-11-05 14:56:00,EBON
2.095,2.095,2.095,2.095,100,2021-11-05 14:57:00,EBON
2.095,2.095,2.095,2.095,1250,2021-11-05 14:59:00,EBON
2.095,2.1,2.095,2.1,9456,2021-11-05 15:00:00,EBON
2.1,2.1,2.1,2.1,2957,2021-11-05 15:01:00,EBON
2.105,2.105,2.105,2.105,300,2021-11-05 15:02:00,EBON
2.1013,2.1013,2.1013,2.1013,100,2021-11-05 15:03:00,EBON
2.1,2.1,2.1,2.1,1388,2021-11-05 15:04:00,EBON
2.1,2.1,2.1,2.1,2765,2021-11-05 15:05:00,EBON
2.1,2.1002,2.09,2.09,4464,2021-11-05 15:06:00,EBON
2.1,2.1,2.094,2.094,2800,2021-11-05 15:07:00,EBON
2.09,2.09,2.09,2.09,4600,2021-11-05 15:08:00,EBON
2.09,2.09,2.08,2.085,2779,2021-11-05 15:09:00,EBON
2.09,2.09,2.085,2.09,7609,2021-11-05 15:11:00,EBON
2.097,2.097,2.09,2.09,675,2021-11-05 15:12:00,EBON
2.09,2.095,2.09,2.095,1200,2021-11-05 15:13:00,EBON
2.1,2.1,2.1,2.1,3672,2021-11-05 15:14:00,EBON
2.095,2.095,2.095,2.095,400,2021-11-05 15:15:00,EBON
2.1,2.1,2.1,2.1,2412,2021-11-05 15:16:00,EBON
2.11,2.11,2.105,2.105,500,2021-11-05 15:17:00,EBON
2.105,2.105,2.105,2.105,451,2021-11-05 15:19:00,EBON
2.1,2.105,2.1,2.105,300,2021-11-05 15:20:00,EBON
2.105,2.105,2.1,2.1,650,2021-11-05 15:24:00,EBON
2.105,2.105,2.105,2.105,635,2021-11-05 15:25:00,EBON
2.1049,2.1052,2.1,2.1052,1610,2021-11-05 15:27:00,EBON
2.1,2.1,2.1,2.1,200,2021-11-05 15:28:00,EBON
2.1,2.1,2.09,2.1,7151,2021-11-05 15:30:00,EBON
2.0958,2.0978,2.0958,2.0978,600,2021-11-05 15:31:00,EBON
2.1,2.1,2.1,2.1,2200,2021-11-05 15:32:00,EBON
2.1015,2.1015,2.1015,2.1015,2000,2021-11-05 15:33:00,EBON
2.1,2.11,2.1,2.1,1108,2021-11-05 15:34:00,EBON
2.1,2.105,2.1,2.105,289,2021-11-05 15:35:00,EBON
2.1,2.1027,2.0997,2.1001,4957,2021-11-05 15:36:00,EBON
2.1,2.105,2.1,2.105,1300,2021-11-05 15:37:00,EBON
2.105,2.105,2.1029,2.1029,4300,2021-11-05 15:38:00,EBON
2.1001,2.1099,2.1,2.1099,1420,2021-11-05 15:39:00,EBON
2.1,2.1027,2.1,2.1027,200,2021-11-05 15:40:00,EBON
2.105,2.1099,2.105,2.1099,975,2021-11-05 15:41:00,EBON
2.1,2.1,2.1,2.1,2200,2021-11-05 15:43:00,EBON
2.1,2.104,2.1,2.104,3255,2021-11-05 15:44:00,EBON
2.1,2.1,2.1,2.1,350,2021-11-05 15:45:00,EBON
2.1061,2.11,2.1061,2.11,1167,2021-11-05 15:46:00,EBON
2.1099,2.1099,2.1099,2.1099,119,2021-11-05 15:48:00,EBON
2.11,2.11,2.105,2.105,823,2021-11-05 15:49:00,EBON
2.105,2.11,2.1,2.1,1136,2021-11-05 15:50:00,EBON
2.1071,2.1071,2.1071,2.1071,100,2021-11-05 15:52:00,EBON
2.105,2.105,2.1,2.1,1990,2021-11-05 15:55:00,EBON
2.1,2.101,2.1,2.101,7462,2021-11-05 15:57:00,EBON
2.11,2.11,2.105,2.1079,1300,2021-11-05 15:58:00,EBON
2.1009,2.1009,2.1009,2.1009,500,2021-11-05 16:03:00,EBON
2.1,2.11,2.1,2.105,3372,2021-11-05 16:04:00,EBON
2.11,2.11,2.108,2.108,2872,2021-11-05 16:05:00,EBON
2.1005,2.1005,2.1005,2.1005,250,2021-11-05 16:06:00,EBON
2.105,2.105,2.1001,2.105,725,2021-11-05 16:07:00,EBON
2.11,2.11,2.1013,2.1013,1150,2021-11-05 16:09:00,EBON
2.1014,2.11,2.1,2.11,6200,2021-11-05 16:10:00,EBON
2.1015,2.1015,2.1015,2.1015,500,2021-11-05 16:11:00,EBON
2.105,2.105,2.105,2.105,3000,2021-11-05 16:13:00,EBON
2.1004,2.1004,2.1004,2.1004,200,2021-11-05 16:14:00,EBON
2.105,2.105,2.095,2.1,12345,2021-11-05 16:15:00,EBON
2.1,2.1,2.1,2.1,1600,2021-11-05 16:16:00,EBON
2.105,2.105,2.102,2.102,4050,2021-11-05 16:17:00,EBON
2.1082,2.1082,2.1082,2.1082,200,2021-11-05 16:19:00,EBON
2.105,2.105,2.105,2.105,300,2021-11-05 16:20:00,EBON
2.101,2.101,2.101,2.101,500,2021-11-05 16:21:00,EBON
2.1,2.1,2.1,2.1,10000,2021-11-05 16:26:00,EBON
2.1,2.1,2.1,2.1,10900,2021-11-05 16:27:00,EBON
2.1082,2.1082,2.1,2.1048,555,2021-11-05 16:30:00,EBON
2.105,2.105,2.105,2.105,100,2021-11-05 16:32:00,EBON
2.11,2.11,2.11,2.11,16627,2021-11-05 16:33:00,EBON
2.11,2.11,2.11,2.11,10316,2021-11-05 16:37:00,EBON
2.1,2.1,2.1,2.1,19652,2021-11-05 16:38:00,EBON
2.1033,2.1033,2.1033,2.1033,300,2021-11-05 16:40:00,EBON
2.1041,2.1041,2.1041,2.1041,3100,2021-11-05 16:41:00,EBON
2.1099,2.1099,2.1099,2.1099,200,2021-11-05 16:43:00,EBON
2.1024,2.11,2.1024,2.11,7100,2021-11-05 16:47:00,EBON
2.11,2.11,2.11,2.11,706,2021-11-05 16:48:00,EBON
2.11,2.11,2.11,2.11,1327,2021-11-05 16:49:00,EBON
2.11,2.11,2.105,2.11,1500,2021-11-05 16:50:00,EBON
2.11,2.11,2.11,2.11,2523,2021-11-05 16:52:00,EBON
2.105,2.105,2.105,2.105,2000,2021-11-05 16:53:00,EBON
2.11,2.11,2.1099,2.1099,2097,2021-11-05 16:54:00,EBON
2.1117,2.1121,2.1117,2.1121,668,2021-11-05 16:55:00,EBON
2.11,2.11,2.11,2.11,400,2021-11-05 16:56:00,EBON
2.12,2.1299,2.12,2.12,9214,2021-11-05 16:57:00,EBON
2.12,2.1201,2.12,2.12,1317,2021-11-05 16:58:00,EBON
2.12,2.12,2.1199,2.1199,8270,2021-11-05 16:59:00,EBON
2.1201,2.1201,2.1201,2.1201,4085,2021-11-05 17:00:00,EBON
2.12,2.12,2.115,2.12,1914,2021-11-05 17:01:00,EBON
2.12,2.12,2.12,2.12,854,2021-11-05 17:02:00,EBON
2.1215,2.1215,2.1215,2.1215,100,2021-11-05 17:03:00,EBON
2.1202,2.1227,2.12,2.1201,6000,2021-11-05 17:04:00,EBON
2.12,2.12,2.115,2.115,3905,2021-11-05 17:08:00,EBON
2.1184,2.1184,2.1111,2.1111,1400,2021-11-05 17:09:00,EBON
2.115,2.115,2.115,2.115,1000,2021-11-05 17:12:00,EBON
2.111,2.111,2.111,2.111,100,2021-11-05 17:13:00,EBON
2.11,2.11,2.102,2.11,3790,2021-11-05 17:14:00,EBON
2.105,2.11,2.105,2.11,2000,2021-11-05 17:15:00,EBON
2.1013,2.11,2.1013,2.11,2335,2021-11-05 17:16:00,EBON
2.105,2.105,2.1,2.1,2500,2021-11-05 17:17:00,EBON
2.1014,2.11,2.1009,2.1009,4600,2021-11-05 17:18:00,EBON
2.11,2.11,2.105,2.11,15275,2021-11-05 17:19:00,EBON
2.1001,2.11,2.1,2.1,2500,2021-11-05 17:20:00,EBON
2.105,2.105,2.105,2.105,115,2021-11-05 17:22:00,EBON
2.101,2.101,2.101,2.101,2300,2021-11-05 17:24:00,EBON
2.1,2.1,2.09,2.09,6303,2021-11-05 17:25:00,EBON
2.0909,2.0909,2.0909,2.0909,1000,2021-11-05 17:27:00,EBON
2.09,2.09,2.08,2.08,7196,2021-11-05 17:28:00,EBON
2.0801,2.082,2.0801,2.082,350,2021-11-05 17:29:00,EBON
2.08,2.08,2.07,2.08,14939,2021-11-05 17:30:00,EBON
2.09,2.09,2.08,2.0892,5200,2021-11-05 17:31:00,EBON
2.09,2.09,2.085,2.09,9820,2021-11-05 17:32:00,EBON
2.09,2.0909,2.09,2.0909,1800,2021-11-05 17:33:00,EBON
2.091,2.095,2.091,2.095,341,2021-11-05 17:35:00,EBON
2.0988,2.0988,2.091,2.095,2214,2021-11-05 17:36:00,EBON
2.0934,2.0934,2.0934,2.0934,190,2021-11-05 17:37:00,EBON
2.09,2.09,2.08,2.08,10000,2021-11-05 17:38:00,EBON
2.085,2.0899,2.08,2.0899,1110,2021-11-05 17:42:00,EBON
2.09,2.09,2.08,2.08,900,2021-11-05 17:43:00,EBON
2.085,2.085,2.0801,2.0801,2001,2021-11-05 17:44:00,EBON
2.08,2.08,2.08,2.08,100,2021-11-05 17:46:00,EBON
2.0832,2.09,2.08,2.0819,2230,2021-11-05 17:47:00,EBON
2.085,2.0854,2.08,2.0854,2650,2021-11-05 17:48:00,EBON
2.0848,2.09,2.08,2.08,1800,2021-11-05 17:49:00,EBON
2.08,2.08,2.08,2.08,400,2021-11-05 17:50:00,EBON
2.09,2.09,2.08,2.08,5550,2021-11-05 17:51:00,EBON
2.085,2.085,2.085,2.085,237,2021-11-05 17:52:00,EBON
2.0826,2.085,2.0826,2.085,1017,2021-11-05 17:54:00,EBON
2.08,2.08,2.08,2.08,10000,2021-11-05 17:55:00,EBON
2.085,2.085,2.08,2.085,700,2021-11-05 17:56:00,EBON
2.085,2.085,2.085,2.085,1500,2021-11-05 17:58:00,EBON
2.085,2.085,2.085,2.085,500,2021-11-05 17:59:00,EBON
2.0819,2.0819,2.0819,2.0819,235,2021-11-05 18:00:00,EBON
2.08,2.08,2.08,2.08,100,2021-11-05 18:01:00,EBON
2.08,2.09,2.08,2.09,1900,2021-11-05 18:02:00,EBON
2.09,2.09,2.08,2.08,9622,2021-11-05 18:03:00,EBON
2.085,2.085,2.08,2.08,600,2021-11-05 18:05:00,EBON
2.08,2.085,2.08,2.08,700,2021-11-05 18:07:00,EBON
2.09,2.09,2.09,2.09,200,2021-11-05 18:08:00,EBON
2.08,2.0887,2.08,2.0887,3600,2021-11-05 18:09:00,EBON
2.08,2.08,2.08,2.08,128,2021-11-05 18:10:00,EBON
2.08,2.081,2.08,2.08,11151,2021-11-05 18:11:00,EBON
2.08,2.08,2.08,2.08,100,2021-11-05 18:13:00,EBON
2.085,2.085,2.08,2.08,400,2021-11-05 18:14:00,EBON
2.08,2.08,2.08,2.08,200,2021-11-05 18:15:00,EBON
2.0801,2.0801,2.0801,2.0801,107,2021-11-05 18:17:00,EBON
2.082,2.085,2.082,2.0834,450,2021-11-05 18:18:00,EBON
2.085,2.085,2.085,2.085,930,2021-11-05 18:19:00,EBON
2.08,2.08,2.08,2.08,4585,2021-11-05 18:21:00,EBON
2.0811,2.0811,2.0811,2.0811,1000,2021-11-05 18:25:00,EBON
2.08,2.0891,2.08,2.0891,4700,2021-11-05 18:26:00,EBON
2.085,2.085,2.085,2.085,1240,2021-11-05 18:27:00,EBON
2.08,2.0899,2.08,2.0899,2552,2021-11-05 18:28:00,EBON
2.0899,2.0899,2.0899,2.0899,102,2021-11-05 18:30:00,EBON
2.08,2.08,2.08,2.08,6567,2021-11-05 18:31:00,EBON
2.07,2.08,2.07,2.07,8784,2021-11-05 18:32:00,EBON
2.07,2.07,2.07,2.07,12836,2021-11-05 18:36:00,EBON
2.07,2.075,2.07,2.075,5938,2021-11-05 18:37:00,EBON
2.075,2.075,2.075,2.075,500,2021-11-05 18:39:00,EBON
2.075,2.08,2.075,2.0782,300,2021-11-05 18:43:00,EBON
2.08,2.08,2.08,2.08,500,2021-11-05 18:44:00,EBON
2.08,2.08,2.075,2.08,34122,2021-11-05 18:45:00,EBON
2.0801,2.0801,2.08,2.0801,9950,2021-11-05 18:46:00,EBON
2.0701,2.075,2.07,2.075,1075,2021-11-05 18:48:00,EBON
2.0793,2.0799,2.0701,2.0799,3871,2021-11-05 18:50:00,EBON
2.075,2.075,2.075,2.075,200,2021-11-05 18:51:00,EBON
2.075,2.075,2.075,2.075,1000,2021-11-05 18:52:00,EBON
2.075,2.075,2.075,2.075,102,2021-11-05 18:55:00,EBON
2.0715,2.0715,2.0715,2.0715,2000,2021-11-05 18:56:00,EBON
2.0781,2.0781,2.0781,2.0781,313,2021-11-05 18:58:00,EBON
2.075,2.075,2.0701,2.0701,6400,2021-11-05 18:59:00,EBON
2.075,2.075,2.075,2.075,100,2021-11-05 19:00:00,EBON
2.0701,2.0798,2.07,2.0798,2200,2021-11-05 19:01:00,EBON
2.08,2.08,2.08,2.08,1100,2021-11-05 19:04:00,EBON
2.075,2.08,2.075,2.08,480,2021-11-05 19:05:00,EBON
2.075,2.08,2.075,2.079,5591,2021-11-05 19:07:00,EBON
2.075,2.075,2.075,2.075,1867,2021-11-05 19:08:00,EBON
2.08,2.085,2.08,2.0821,12020,2021-11-05 19:09:00,EBON
2.09,2.1,2.0895,2.0921,12319,2021-11-05 19:10:00,EBON
2.1,2.1,2.095,2.0999,4120,2021-11-05 19:11:00,EBON
2.1,2.1,2.095,2.0999,500,2021-11-05 19:12:00,EBON
2.097,2.097,2.097,2.097,500,2021-11-05 19:14:00,EBON
2.095,2.11,2.095,2.1018,24673,2021-11-05 19:17:00,EBON
2.11,2.11,2.11,2.11,10875,2021-11-05 19:18:00,EBON
2.11,2.11,2.11,2.11,6200,2021-11-05 19:20:00,EBON
2.11,2.115,2.11,2.115,5296,2021-11-05 19:21:00,EBON
2.115,2.115,2.115,2.115,965,2021-11-05 19:22:00,EBON
2.115,2.115,2.1124,2.115,1023,2021-11-05 19:23:00,EBON
2.115,2.115,2.1121,2.1121,288,2021-11-05 19:24:00,EBON
2.12,2.12,2.115,2.115,400,2021-11-05 19:25:00,EBON
2.12,2.12,2.1101,2.1101,600,2021-11-05 19:26:00,EBON
2.115,2.12,2.11,2.115,2737,2021-11-05 19:27:00,EBON
2.1105,2.1105,2.1105,2.1105,4100,2021-11-05 19:28:00,EBON
2.12,2.12,2.12,2.12,304,2021-11-05 19:29:00,EBON
2.12,2.12,2.1184,2.1184,300,2021-11-05 19:30:00,EBON
2.12,2.12,2.12,2.12,7408,2021-11-05 19:33:00,EBON
2.12,2.12,2.12,2.12,611,2021-11-05 19:34:00,EBON
2.12,2.13,2.1192,2.1218,3261,2021-11-05 19:35:00,EBON
2.12,2.125,2.12,2.125,2307,2021-11-05 19:36:00,EBON
2.12,2.125,2.12,2.125,450,2021-11-05 19:37:00,EBON
2.12,2.125,2.12,2.12,9341,2021-11-05 19:38:00,EBON
2.12,2.12,2.12,2.12,2814,2021-11-05 19:39:00,EBON
2.115,2.115,2.115,2.115,553,2021-11-05 19:40:00,EBON
2.11,2.12,2.11,2.11,1200,2021-11-05 19:41:00,EBON
2.1112,2.12,2.11,2.115,5300,2021-11-05 19:42:00,EBON
2.115,2.119,2.11,2.11,700,2021-11-05 19:43:00,EBON
2.11,2.115,2.11,2.11,700,2021-11-05 19:44:00,EBON
2.115,2.115,2.11,2.11,800,2021-11-05 19:45:00,EBON
2.115,2.115,2.1,2.105,19625,2021-11-05 19:47:00,EBON
2.1,2.1,2.09,2.09,13347,2021-11-05 19:48:00,EBON
2.09,2.09,2.09,2.09,5217,2021-11-05 19:49:00,EBON
2.09,2.1,2.09,2.1,6880,2021-11-05 19:50:00,EBON
2.1,2.1,2.0999,2.1,7500,2021-11-05 19:51:00,EBON
2.095,2.1,2.095,2.1,2800,2021-11-05 19:52:00,EBON
2.1,2.1,2.095,2.1,3378,2021-11-05 19:53:00,EBON
2.1,2.11,2.095,2.105,44286,2021-11-05 19:54:00,EBON
2.105,2.105,2.1,2.1025,2138,2021-11-05 19:55:00,EBON
2.1,2.105,2.1,2.105,2806,2021-11-05 19:56:00,EBON
2.105,2.11,2.1,2.1083,9758,2021-11-05 19:57:00,EBON
2.105,2.105,2.1,2.1,3218,2021-11-05 19:58:00,EBON
2.105,2.105,2.09,2.0962,25137,2021-11-05 19:59:00,EBON
2.09,2.09,2.09,2.09,76803,2021-11-05 20:00:00,EBON
2.09,2.09,2.09,2.09,200,2021-11-05 20:05:00,EBON
2.09,2.09,2.09,2.09,120,2021-11-05 20:07:00,EBON
2.09,2.09,2.09,2.09,5000,2021-11-05 20:13:00,EBON
2.1,2.1,2.1,2.1,2000,2021-11-05 20:33:00,EBON
2.11,2.11,2.11,2.11,201,2021-11-05 20:41:00,EBON
2.1,2.1,2.1,2.1,100,2021-11-05 21:43:00,EBON
2.1,2.1,2.1,2.1,698,2021-11-05 22:29:00,EBON
2.1,2.1,2.1,2.1,149,2021-11-05 22:31:00,EBON
2.1,2.1,2.1,2.1,100,2021-11-05 22:59:00,EBON
2.08,2.08,2.08,2.08,140,2021-11-05 23:30:00,EBON
2.1,2.1,2.1,2.1,300,2021-11-05 23:54:00,EBON
2.15,2.19,2.13,2.19,2401,2021-11-08 09:00:00,EBON
2.18,2.19,2.18,2.19,500,2021-11-08 09:01:00,EBON
2.19,2.19,2.19,2.19,1000,2021-11-08 09:05:00,EBON
2.19,2.21,2.19,2.21,5658,2021-11-08 09:06:00,EBON
2.22,2.22,2.21,2.21,200,2021-11-08 09:07:00,EBON
2.21,2.21,2.21,2.21,299,2021-11-08 09:08:00,EBON
2.21,2.24,2.21,2.24,701,2021-11-08 09:09:00,EBON
2.2,2.2,2.2,2.2,724,2021-11-08 09:14:00,EBON
2.2,2.2,2.2,2.2,400,2021-11-08 09:15:00,EBON
2.21,2.21,2.21,2.21,550,2021-11-08 09:21:00,EBON
2.21,2.21,2.17,2.17,7112,2021-11-08 09:22:00,EBON
2.23,2.23,2.23,2.23,500,2021-11-08 09:26:00,EBON
2.22,2.22,2.22,2.22,1000,2021-11-08 09:31:00,EBON
2.21,2.21,2.21,2.21,100,2021-11-08 09:35:00,EBON
2.17,2.17,2.17,2.17,100,2021-11-08 09:39:00,EBON
2.19,2.19,2.19,2.19,400,2021-11-08 09:50:00,EBON
2.19,2.19,2.19,2.19,300,2021-11-08 09:57:00,EBON
2.16,2.16,2.16,2.16,501,2021-11-08 10:09:00,EBON
2.13,2.13,2.13,2.13,100,2021-11-08 10:31:00,EBON
2.19,2.19,2.19,2.19,1000,2021-11-08 10:33:00,EBON
2.13,2.13,2.13,2.13,700,2021-11-08 10:46:00,EBON
2.17,2.17,2.17,2.17,927,2021-11-08 11:33:00,EBON
2.16,2.16,2.14,2.14,2973,2021-11-08 11:35:00,EBON
2.18,2.18,2.18,2.18,300,2021-11-08 11:38:00,EBON
2.18,2.18,2.18,2.18,2500,2021-11-08 11:43:00,EBON
2.18,2.18,2.18,2.18,1997,2021-11-08 11:45:00,EBON
2.18,2.18,2.18,2.18,920,2021-11-08 11:47:00,EBON
2.18,2.19,2.18,2.18,1000,2021-11-08 11:49:00,EBON
2.18,2.18,2.18,2.18,1000,2021-11-08 11:51:00,EBON
2.18,2.18,2.18,2.18,444,2021-11-08 11:56:00,EBON
2.18,2.18,2.18,2.18,1500,2021-11-08 11:58:00,EBON
2.15,2.15,2.15,2.15,100,2021-11-08 12:00:00,EBON
2.15,2.15,2.15,2.15,300,2021-11-08 12:01:00,EBON
2.15,2.15,2.15,2.15,1300,2021-11-08 12:02:00,EBON
2.15,2.15,2.15,2.15,3100,2021-11-08 12:03:00,EBON
2.15,2.15,2.15,2.15,434,2021-11-08 12:07:00,EBON
2.16,2.16,2.16,2.16,500,2021-11-08 12:14:00,EBON
2.16,2.17,2.16,2.17,1300,2021-11-08 12:33:00,EBON
2.17,2.17,2.17,2.17,300,2021-11-08 12:40:00,EBON
2.17,2.17,2.17,2.17,200,2021-11-08 12:45:00,EBON
2.16,2.16,2.16,2.16,5000,2021-11-08 13:02:00,EBON
2.16,2.17,2.16,2.17,6382,2021-11-08 13:05:00,EBON
2.16,2.16,2.16,2.16,500,2021-11-08 13:07:00,EBON
2.16,2.16,2.16,2.16,1501,2021-11-08 13:11:00,EBON
2.17,2.17,2.17,2.17,2000,2021-11-08 13:20:00,EBON
2.17,2.17,2.17,2.17,100,2021-11-08 13:24:00,EBON
2.17,2.17,2.17,2.17,5400,2021-11-08 13:27:00,EBON
2.17,2.17,2.17,2.17,250,2021-11-08 13:30:00,EBON
2.16,2.16,2.16,2.16,3221,2021-11-08 13:31:00,EBON
2.16,2.16,2.16,2.16,697,2021-11-08 13:32:00,EBON
2.15,2.15,2.15,2.15,400,2021-11-08 13:34:00,EBON
2.1599,2.1599,2.1599,2.1599,3000,2021-11-08 13:36:00,EBON
2.15,2.15,2.15,2.15,976,2021-11-08 13:37:00,EBON
2.16,2.16,2.16,2.16,300,2021-11-08 13:43:00,EBON
2.15,2.15,2.15,2.15,200,2021-11-08 13:46:00,EBON
2.16,2.16,2.16,2.16,1000,2021-11-08 13:49:00,EBON
2.16,2.16,2.16,2.16,400,2021-11-08 13:52:00,EBON
2.15,2.15,2.15,2.15,1050,2021-11-08 13:53:00,EBON
2.15,2.15,2.15,2.15,100,2021-11-08 13:55:00,EBON
2.16,2.16,2.16,2.16,11693,2021-11-08 14:00:00,EBON
2.16,2.16,2.16,2.16,1400,2021-11-08 14:01:00,EBON
2.1599,2.1599,2.1599,2.1599,1000,2021-11-08 14:02:00,EBON
2.15,2.15,2.15,2.15,100,2021-11-08 14:10:00,EBON
2.16,2.16,2.16,2.16,24984,2021-11-08 14:17:00,EBON
2.16,2.16,2.15,2.15,3883,2021-11-08 14:18:00,EBON
2.16,2.16,2.16,2.16,3043,2021-11-08 14:19:00,EBON
2.16,2.16,2.16,2.16,907,2021-11-08 14:21:00,EBON
2.15,2.15,2.15,2.15,977,2021-11-08 14:27:00,EBON
2.15,2.17,2.15,2.17,36227,2021-11-08 14:30:00,EBON
2.17,2.19,2.17,2.18,45252,2021-11-08 14:31:00,EBON
2.18,2.2,2.175,2.1873,37587,2021-11-08 14:32:00,EBON
2.1899,2.19,2.18,2.18,9847,2021-11-08 14:33:00,EBON
2.175,2.18,2.17,2.17,6531,2021-11-08 14:34:00,EBON
2.18,2.2,2.18,2.2,22132,2021-11-08 14:35:00,EBON
2.1903,2.1903,2.1901,2.1901,2100,2021-11-08 14:36:00,EBON
2.19,2.1902,2.19,2.1902,21500,2021-11-08 14:37:00,EBON
2.1979,2.1994,2.1979,2.1994,4089,2021-11-08 14:38:00,EBON
2.195,2.1999,2.19,2.19,6561,2021-11-08 14:39:00,EBON
2.2,2.2181,2.1977,2.2118,63565,2021-11-08 14:40:00,EBON
2.21,2.21,2.18,2.19,143515,2021-11-08 14:41:00,EBON
2.18,2.19,2.18,2.19,13575,2021-11-08 14:42:00,EBON
2.19,2.195,2.18,2.18,9107,2021-11-08 14:43:00,EBON
2.18,2.1801,2.1792,2.1801,15252,2021-11-08 14:44:00,EBON
2.18,2.18,2.18,2.18,3609,2021-11-08 14:45:00,EBON
2.18,2.18,2.17,2.18,7216,2021-11-08 14:46:00,EBON
2.1862,2.2,2.1862,2.19,6293,2021-11-08 14:47:00,EBON
2.19,2.2,2.19,2.2,9640,2021-11-08 14:48:00,EBON
2.2,2.2,2.2,2.2,100,2021-11-08 14:49:00,EBON
2.1924,2.21,2.1924,2.21,13574,2021-11-08 14:50:00,EBON
2.2011,2.21,2.195,2.21,23247,2021-11-08 14:51:00,EBON
2.21,2.22,2.21,2.22,7931,2021-11-08 14:52:00,EBON
2.21,2.215,2.21,2.2111,9558,2021-11-08 14:53:00,EBON
2.21,2.22,2.2,2.2043,15300,2021-11-08 14:54:00,EBON
2.2029,2.2029,2.18,2.18,27250,2021-11-08 14:55:00,EBON
2.18,2.18,2.18,2.18,4460,2021-11-08 14:56:00,EBON
2.18,2.18,2.18,2.18,3563,2021-11-08 14:57:00,EBON
2.185,2.2,2.185,2.2,12900,2021-11-08 14:58:00,EBON
2.2016,2.205,2.2,2.2012,4858,2021-11-08 14:59:00,EBON
2.205,2.21,2.19,2.195,29415,2021-11-08 15:00:00,EBON
2.2,2.2,2.198,2.1985,3069,2021-11-08 15:01:00,EBON
2.195,2.21,2.195,2.21,15518,2021-11-08 15:02:00,EBON
2.2116,2.2116,2.21,2.21,1082,2021-11-08 15:03:00,EBON
2.21,2.2117,2.2,2.2,6880,2021-11-08 15:04:00,EBON
2.21,2.21,2.2032,2.2032,1059,2021-11-08 15:05:00,EBON
2.2001,2.21,2.2,2.21,12050,2021-11-08 15:06:00,EBON
2.2105,2.22,2.2105,2.2185,13841,2021-11-08 15:07:00,EBON
2.22,2.225,2.22,2.22,20454,2021-11-08 15:08:00,EBON
2.23,2.23,2.22,2.22,5900,2021-11-08 15:09:00,EBON
2.22,2.23,2.215,2.215,8892,2021-11-08 15:10:00,EBON
2.21,2.21,2.2,2.2,12929,2021-11-08 15:11:00,EBON
2.2,2.2,2.1801,2.1846,15442,2021-11-08 15:12:00,EBON
2.19,2.2,2.19,2.19,4499,2021-11-08 15:13:00,EBON
2.19,2.1909,2.19,2.19,500,2021-11-08 15:14:00,EBON
2.1915,2.2,2.1915,2.2,450,2021-11-08 15:15:00,EBON
2.2,2.22,2.195,2.22,9873,2021-11-08 15:16:00,EBON
2.22,2.22,2.21,2.2183,2200,2021-11-08 15:17:00,EBON
2.22,2.22,2.2001,2.2024,10825,2021-11-08 15:18:00,EBON
2.2,2.2,2.1999,2.1999,2800,2021-11-08 15:19:00,EBON
2.2,2.205,2.1995,2.2031,17833,2021-11-08 15:20:00,EBON
2.2,2.205,2.2,2.2013,2600,2021-11-08 15:21:00,EBON
2.205,2.205,2.205,2.205,500,2021-11-08 15:23:00,EBON
2.21,2.21,2.21,2.21,5200,2021-11-08 15:24:00,EBON
2.21,2.21,2.2,2.21,8083,2021-11-08 15:25:00,EBON
2.2,2.2,2.2,2.2,3300,2021-11-08 15:27:00,EBON
2.2,2.2005,2.195,2.195,11116,2021-11-08 15:28:00,EBON
2.195,2.205,2.195,2.205,3583,2021-11-08 15:29:00,EBON
2.2069,2.2069,2.2069,2.2069,175,2021-11-08 15:30:00,EBON
2.205,2.225,2.205,2.225,24878,2021-11-08 15:31:00,EBON
2.225,2.23,2.225,2.228,3100,2021-11-08 15:32:00,EBON
2.225,2.24,2.22,2.24,28283,2021-11-08 15:33:00,EBON
2.24,2.245,2.23,2.24,36159,2021-11-08 15:34:00,EBON
2.2391,2.25,2.238,2.25,28291,2021-11-08 15:35:00,EBON
2.25,2.25,2.2401,2.2496,1692,2021-11-08 15:36:00,EBON
2.248,2.25,2.24,2.24,23560,2021-11-08 15:37:00,EBON
2.24,2.245,2.24,2.245,22605,2021-11-08 15:38:00,EBON
2.245,2.27,2.245,2.27,114714,2021-11-08 15:39:00,EBON
2.2785,2.28,2.27,2.27,20700,2021-11-08 15:40:00,EBON
2.27,2.275,2.2601,2.27,13797,2021-11-08 15:41:00,EBON
2.27,2.27,2.26,2.2697,18367,2021-11-08 15:42:00,EBON
2.27,2.275,2.265,2.275,7982,2021-11-08 15:43:00,EBON
2.275,2.28,2.275,2.28,13335,2021-11-08 15:44:00,EBON
2.278,2.2799,2.261,2.27,60243,2021-11-08 15:45:00,EBON
2.28,2.285,2.28,2.2801,30621,2021-11-08 15:46:00,EBON
2.28,2.29,2.27,2.28,31392,2021-11-08 15:47:00,EBON
2.28,2.29,2.278,2.285,17661,2021-11-08 15:48:00,EBON
2.29,2.29,2.28,2.29,7358,2021-11-08 15:49:00,EBON
2.29,2.3,2.28,2.282,34437,2021-11-08 15:50:00,EBON
2.285,2.29,2.28,2.28,7070,2021-11-08 15:51:00,EBON
2.285,2.2899,2.28,2.285,7780,2021-11-08 15:52:00,EBON
2.285,2.295,2.2813,2.29,27341,2021-11-08 15:53:00,EBON
2.29,2.3,2.28,2.29,55020,2021-11-08 15:54:00,EBON
2.295,2.3,2.29,2.3,10268,2021-11-08 15:55:00,EBON
2.295,2.3,2.295,2.295,2700,2021-11-08 15:56:00,EBON
2.2901,2.295,2.29,2.2926,4677,2021-11-08 15:57:00,EBON
2.295,2.3,2.29,2.2931,14657,2021-11-08 15:58:00,EBON
2.295,2.3,2.29,2.295,29997,2021-11-08 15:59:00,EBON
2.292,2.3,2.29,2.3,41298,2021-11-08 16:00:00,EBON
2.3,2.3,2.29,2.3,6410,2021-11-08 16:01:00,EBON
2.295,2.3,2.2901,2.3,2900,2021-11-08 16:02:00,EBON
2.295,2.2984,2.2801,2.2887,16632,2021-11-08 16:03:00,EBON
2.2816,2.29,2.28,2.2815,4489,2021-11-08 16:04:00,EBON
2.29,2.295,2.29,2.29,13400,2021-11-08 16:05:00,EBON
2.29,2.3,2.28,2.298,6537,2021-11-08 16:06:00,EBON
2.295,2.295,2.29,2.295,4345,2021-11-08 16:07:00,EBON
2.295,2.295,2.28,2.289,7849,2021-11-08 16:08:00,EBON
2.28,2.285,2.28,2.285,500,2021-11-08 16:09:00,EBON
2.28,2.2899,2.28,2.285,7500,2021-11-08 16:10:00,EBON
2.28,2.285,2.26,2.26,37174,2021-11-08 16:11:00,EBON
2.265,2.265,2.25,2.26,23949,2021-11-08 16:12:00,EBON
2.26,2.27,2.2597,2.26,14676,2021-11-08 16:13:00,EBON
2.26,2.26,2.2507,2.26,6081,2021-11-08 16:14:00,EBON
2.2588,2.26,2.24,2.245,19915,2021-11-08 16:15:00,EBON
2.24,2.245,2.24,2.24,3859,2021-11-08 16:16:00,EBON
2.24,2.24,2.24,2.24,6382,2021-11-08 16:17:00,EBON
2.24,2.2408,2.235,2.235,4068,2021-11-08 16:18:00,EBON
2.235,2.24,2.23,2.2301,26859,2021-11-08 16:19:00,EBON
2.23,2.25,2.23,2.2498,20514,2021-11-08 16:20:00,EBON
2.25,2.25,2.2495,2.25,3128,2021-11-08 16:21:00,EBON
2.25,2.25,2.2473,2.2473,800,2021-11-08 16:22:00,EBON
2.2492,2.2492,2.24,2.24,833,2021-11-08 16:23:00,EBON
2.25,2.2599,2.25,2.2599,3027,2021-11-08 16:24:00,EBON
2.255,2.255,2.25,2.25,3472,2021-11-08 16:25:00,EBON
2.25,2.255,2.25,2.255,1000,2021-11-08 16:26:00,EBON
2.255,2.26,2.25,2.26,2901,2021-11-08 16:27:00,EBON
2.26,2.26,2.25,2.2591,21550,2021-11-08 16:28:00,EBON
2.2556,2.2556,2.2556,2.2556,796,2021-11-08 16:29:00,EBON
2.26,2.265,2.26,2.26,10504,2021-11-08 16:30:00,EBON
2.25,2.2505,2.25,2.2505,4102,2021-11-08 16:32:00,EBON
2.2404,2.2404,2.2404,2.2404,900,2021-11-08 16:33:00,EBON
2.24,2.245,2.24,2.24,1400,2021-11-08 16:34:00,EBON
2.25,2.25,2.25,2.25,2300,2021-11-08 16:35:00,EBON
2.26,2.26,2.255,2.259,13400,2021-11-08 16:36:00,EBON
2.27,2.27,2.26,2.26,5000,2021-11-08 16:37:00,EBON
2.26,2.26,2.26,2.26,202,2021-11-08 16:38:00,EBON
2.26,2.26,2.26,2.26,150,2021-11-08 16:39:00,EBON
2.26,2.26,2.26,2.26,2000,2021-11-08 16:40:00,EBON
2.27,2.275,2.27,2.2716,8950,2021-11-08 16:41:00,EBON
2.275,2.275,2.27,2.27,1200,2021-11-08 16:42:00,EBON
2.2777,2.2777,2.27,2.2701,3803,2021-11-08 16:43:00,EBON
2.28,2.28,2.27,2.27,10100,2021-11-08 16:44:00,EBON
2.27,2.27,2.24,2.24,100254,2021-11-08 16:45:00,EBON
2.2399,2.2498,2.2301,2.2355,38274,2021-11-08 16:46:00,EBON
2.235,2.235,2.23,2.23,19795,2021-11-08 16:47:00,EBON
2.2299,2.24,2.225,2.24,15678,2021-11-08 16:48:00,EBON
2.23,2.235,2.23,2.23,400,2021-11-08 16:49:00,EBON
2.23,2.2364,2.23,2.2364,3100,2021-11-08 16:50:00,EBON
2.23,2.23,2.23,2.23,6300,2021-11-08 16:51:00,EBON
2.225,2.235,2.225,2.23,20288,2021-11-08 16:52:00,EBON
2.225,2.23,2.225,2.23,8436,2021-11-08 16:53:00,EBON
2.23,2.235,2.23,2.23,23108,2021-11-08 16:54:00,EBON
2.225,2.23,2.2201,2.2201,5506,2021-11-08 16:55:00,EBON
2.2271,2.23,2.225,2.225,2200,2021-11-08 16:56:00,EBON
2.2217,2.2217,2.2217,2.2217,300,2021-11-08 16:57:00,EBON
2.225,2.225,2.22,2.22,6145,2021-11-08 16:58:00,EBON
2.225,2.225,2.225,2.225,557,2021-11-08 16:59:00,EBON
2.23,2.23,2.22,2.22,2132,2021-11-08 17:01:00,EBON
2.225,2.225,2.2113,2.2113,26184,2021-11-08 17:02:00,EBON
2.21,2.2199,2.21,2.2175,3045,2021-11-08 17:03:00,EBON
2.21,2.22,2.21,2.212,1025,2021-11-08 17:04:00,EBON
2.22,2.23,2.215,2.225,11863,2021-11-08 17:05:00,EBON
2.225,2.225,2.225,2.225,200,2021-11-08 17:06:00,EBON
2.23,2.23,2.2275,2.2275,5540,2021-11-08 17:07:00,EBON
2.23,2.235,2.215,2.2184,26242,2021-11-08 17:08:00,EBON
2.215,2.215,2.2109,2.215,5200,2021-11-08 17:09:00,EBON
2.2181,2.22,2.215,2.215,2400,2021-11-08 17:10:00,EBON
2.215,2.215,2.21,2.215,600,2021-11-08 17:11:00,EBON
2.21,2.21,2.2,2.2,21570,2021-11-08 17:12:00,EBON
2.195,2.2,2.195,2.2,18934,2021-11-08 17:13:00,EBON
2.2,2.2,2.17,2.1899,140601,2021-11-08 17:14:00,EBON
2.185,2.19,2.1832,2.19,17384,2021-11-08 17:15:00,EBON
2.19,2.19,2.189,2.189,4963,2021-11-08 17:16:00,EBON
2.19,2.195,2.19,2.195,7997,2021-11-08 17:17:00,EBON
2.2,2.2,2.1996,2.1996,1508,2021-11-08 17:18:00,EBON
2.2,2.2099,2.2,2.2099,8181,2021-11-08 17:19:00,EBON
2.205,2.21,2.202,2.21,4040,2021-11-08 17:20:00,EBON
2.2,2.21,2.2,2.21,13300,2021-11-08 17:21:00,EBON
2.205,2.21,2.205,2.2099,12908,2021-11-08 17:22:00,EBON
2.2,2.21,2.2,2.21,10100,2021-11-08 17:23:00,EBON
2.2098,2.21,2.2,2.2,9547,2021-11-08 17:24:00,EBON
2.195,2.195,2.19,2.19,31952,2021-11-08 17:25:00,EBON
2.2,2.21,2.2,2.2094,6096,2021-11-08 17:26:00,EBON
2.205,2.205,2.2,2.2,10469,2021-11-08 17:28:00,EBON
2.195,2.2,2.19,2.195,4866,2021-11-08 17:29:00,EBON
2.2,2.2,2.195,2.1993,5400,2021-11-08 17:30:00,EBON
2.195,2.2199,2.195,2.215,20562,2021-11-08 17:31:00,EBON
2.21,2.2179,2.21,2.21,1000,2021-11-08 17:32:00,EBON
2.21,2.215,2.21,2.215,450,2021-11-08 17:33:00,EBON
2.22,2.22,2.2129,2.2129,1595,2021-11-08 17:34:00,EBON
2.215,2.22,2.205,2.21,30925,2021-11-08 17:36:00,EBON
2.2197,2.2197,2.21,2.215,426,2021-11-08 17:37:00,EBON
2.21,2.22,2.21,2.2177,15166,2021-11-08 17:38:00,EBON
2.22,2.22,2.215,2.218,5700,2021-11-08 17:39:00,EBON
2.22,2.23,2.22,2.22,16591,2021-11-08 17:40:00,EBON
2.22,2.22,2.22,2.22,3999,2021-11-08 17:41:00,EBON
2.22,2.23,2.21,2.23,10752,2021-11-08 17:42:00,EBON
2.2292,2.2293,2.2227,2.2293,300,2021-11-08 17:43:00,EBON
2.23,2.24,2.23,2.24,7475,2021-11-08 17:44:00,EBON
2.235,2.2394,2.235,2.2394,2650,2021-11-08 17:45:00,EBON
2.24,2.24,2.235,2.235,1400,2021-11-08 17:46:00,EBON
2.24,2.25,2.24,2.25,5824,2021-11-08 17:47:00,EBON
2.24,2.245,2.24,2.245,371,2021-11-08 17:48:00,EBON
2.24,2.24,2.23,2.2374,24860,2021-11-08 17:49:00,EBON
2.23,2.23,2.23,2.23,321,2021-11-08 17:50:00,EBON
2.23,2.2301,2.22,2.22,22279,2021-11-08 17:52:00,EBON
2.22,2.2208,2.21,2.215,10000,2021-11-08 17:53:00,EBON
2.22,2.2208,2.22,2.2208,10713,2021-11-08 17:54:00,EBON
2.2201,2.2201,2.2201,2.2201,102,2021-11-08 17:55:00,EBON
2.23,2.23,2.22,2.22,600,2021-11-08 17:57:00,EBON
2.2299,2.23,2.225,2.23,7015,2021-11-08 17:58:00,EBON
2.24,2.24,2.24,2.24,100,2021-11-08 17:59:00,EBON
2.235,2.235,2.235,2.235,200,2021-11-08 18:00:00,EBON
2.2389,2.24,2.2389,2.24,7190,2021-11-08 18:01:00,EBON
2.2479,2.2487,2.2479,2.2481,1500,2021-11-08 18:02:00,EBON
2.245,2.245,2.245,2.245,100,2021-11-08 18:03:00,EBON
2.245,2.245,2.245,2.245,100,2021-11-08 18:04:00,EBON
2.2416,2.245,2.2416,2.245,1100,2021-11-08 18:05:00,EBON
2.25,2.25,2.2392,2.2392,12624,2021-11-08 18:06:00,EBON
2.24,2.24,2.2399,2.24,5392,2021-11-08 18:07:00,EBON
2.24,2.24,2.24,2.24,1200,2021-11-08 18:08:00,EBON
2.24,2.24,2.24,2.24,6900,2021-11-08 18:09:00,EBON
2.2405,2.2405,2.24,2.24,400,2021-11-08 18:10:00,EBON
2.24,2.25,2.235,2.25,75654,2021-11-08 18:11:00,EBON
2.255,2.255,2.255,2.255,1000,2021-11-08 18:12:00,EBON
2.2509,2.2546,2.25,2.25,3200,2021-11-08 18:13:00,EBON
2.2501,2.255,2.25,2.255,4100,2021-11-08 18:17:00,EBON
2.2599,2.2599,2.255,2.255,4100,2021-11-08 18:18:00,EBON
2.26,2.269,2.26,2.269,14936,2021-11-08 18:19:00,EBON
2.26,2.27,2.26,2.2619,2241,2021-11-08 18:20:00,EBON
2.2693,2.2693,2.26,2.26,13111,2021-11-08 18:21:00,EBON
2.25,2.26,2.25,2.26,600,2021-11-08 18:22:00,EBON
2.255,2.255,2.24,2.25,52032,2021-11-08 18:23:00,EBON
2.25,2.2599,2.24,2.24,2940,2021-11-08 18:24:00,EBON
2.245,2.245,2.24,2.24,2500,2021-11-08 18:25:00,EBON
2.2435,2.2435,2.24,2.24,11330,2021-11-08 18:26:00,EBON
2.24,2.24,2.239,2.24,4702,2021-11-08 18:27:00,EBON
2.2408,2.2408,2.2408,2.2408,1000,2021-11-08 18:29:00,EBON
2.24,2.24,2.24,2.24,792,2021-11-08 18:30:00,EBON
2.24,2.24,2.24,2.24,3930,2021-11-08 18:31:00,EBON
2.2408,2.2408,2.23,2.23,4170,2021-11-08 18:32:00,EBON
2.2332,2.2332,2.23,2.23,350,2021-11-08 18:35:00,EBON
2.23,2.2302,2.23,2.23,12094,2021-11-08 18:36:00,EBON
2.24,2.24,2.24,2.24,5850,2021-11-08 18:37:00,EBON
2.25,2.25,2.25,2.25,278,2021-11-08 18:39:00,EBON
2.245,2.25,2.24,2.24,4800,2021-11-08 18:41:00,EBON
2.24,2.25,2.24,2.24,1100,2021-11-08 18:42:00,EBON
2.24,2.25,2.24,2.24,1460,2021-11-08 18:43:00,EBON
2.24,2.24,2.2323,2.2323,1780,2021-11-08 18:44:00,EBON
2.23,2.23,2.23,2.23,720,2021-11-08 18:45:00,EBON
2.2329,2.2392,2.2329,2.2392,5750,2021-11-08 18:46:00,EBON
2.24,2.24,2.24,2.24,7966,2021-11-08 18:47:00,EBON
2.24,2.24,2.24,2.24,1119,2021-11-08 18:48:00,EBON
2.23,2.235,2.23,2.23,2500,2021-11-08 18:53:00,EBON
2.235,2.24,2.2321,2.235,1656,2021-11-08 18:54:00,EBON
2.24,2.245,2.24,2.24,5351,2021-11-08 18:55:00,EBON
2.245,2.25,2.24,2.245,2100,2021-11-08 18:56:00,EBON
2.25,2.25,2.25,2.25,200,2021-11-08 18:57:00,EBON
2.2485,2.2485,2.2485,2.2485,129,2021-11-08 18:58:00,EBON
2.24,2.24,2.24,2.24,200,2021-11-08 18:59:00,EBON
2.25,2.25,2.25,2.25,100,2021-11-08 19:00:00,EBON
2.25,2.25,2.25,2.25,200,2021-11-08 19:01:00,EBON
2.25,2.25,2.25,2.25,916,2021-11-08 19:02:00,EBON
2.25,2.25,2.25,2.25,200,2021-11-08 19:03:00,EBON
2.2499,2.26,2.2499,2.255,9115,2021-11-08 19:04:00,EBON
2.255,2.255,2.25,2.2507,12242,2021-11-08 19:05:00,EBON
2.255,2.255,2.245,2.245,2750,2021-11-08 19:06:00,EBON
2.25,2.26,2.25,2.26,3412,2021-11-08 19:07:00,EBON
2.2527,2.26,2.2527,2.26,300,2021-11-08 19:08:00,EBON
2.255,2.26,2.252,2.255,3000,2021-11-08 19:09:00,EBON
2.25,2.255,2.25,2.25,9119,2021-11-08 19:10:00,EBON
2.245,2.25,2.245,2.248,400,2021-11-08 19:11:00,EBON
2.25,2.25,2.25,2.25,3100,2021-11-08 19:12:00,EBON
2.25,2.25,2.249,2.25,4100,2021-11-08 19:13:00,EBON
2.25,2.26,2.25,2.26,500,2021-11-08 19:14:00,EBON
2.2547,2.26,2.25,2.25,13458,2021-11-08 19:15:00,EBON
2.255,2.26,2.25,2.26,6747,2021-11-08 19:16:00,EBON
2.25,2.255,2.24,2.24,11950,2021-11-08 19:17:00,EBON
2.25,2.25,2.24,2.24,2200,2021-11-08 19:18:00,EBON
2.24,2.245,2.24,2.24,5080,2021-11-08 19:19:00,EBON
2.24,2.245,2.24,2.245,300,2021-11-08 19:20:00,EBON
2.24,2.242,2.23,2.23,37537,2021-11-08 19:21:00,EBON
2.2381,2.2384,2.2381,2.2384,1198,2021-11-08 19:23:00,EBON
2.2347,2.2399,2.2347,2.2399,4770,2021-11-08 19:24:00,EBON
2.23,2.235,2.23,2.23,300,2021-11-08 19:26:00,EBON
2.23,2.23,2.23,2.23,200,2021-11-08 19:27:00,EBON
2.235,2.235,2.23,2.23,600,2021-11-08 19:28:00,EBON
2.23,2.24,2.225,2.23,18995,2021-11-08 19:29:00,EBON
2.2387,2.2387,2.2387,2.2387,100,2021-11-08 19:30:00,EBON
2.24,2.245,2.24,2.245,3183,2021-11-08 19:31:00,EBON
2.24,2.24,2.24,2.24,200,2021-11-08 19:32:00,EBON
2.2493,2.2493,2.2427,2.2427,1125,2021-11-08 19:34:00,EBON
2.25,2.25,2.25,2.25,1500,2021-11-08 19:36:00,EBON
2.2484,2.2484,2.245,2.245,200,2021-11-08 19:37:00,EBON
2.2412,2.245,2.2412,2.245,3300,2021-11-08 19:38:00,EBON
2.2495,2.2495,2.24,2.245,2549,2021-11-08 19:39:00,EBON
2.245,2.245,2.242,2.242,1600,2021-11-08 19:40:00,EBON
2.245,2.245,2.24,2.24,2163,2021-11-08 19:41:00,EBON
2.24,2.25,2.24,2.245,1215,2021-11-08 19:42:00,EBON
2.24,2.245,2.24,2.245,300,2021-11-08 19:44:00,EBON
2.245,2.245,2.245,2.245,200,2021-11-08 19:45:00,EBON
2.245,2.245,2.245,2.245,500,2021-11-08 19:46:00,EBON
2.2496,2.2496,2.245,2.245,200,2021-11-08 19:47:00,EBON
2.2471,2.2471,2.2471,2.2471,500,2021-11-08 19:48:00,EBON
2.2463,2.2463,2.2418,2.245,711,2021-11-08 19:50:00,EBON
2.24,2.245,2.24,2.24,1020,2021-11-08 19:51:00,EBON
2.2496,2.2496,2.23,2.23,7530,2021-11-08 19:52:00,EBON
2.235,2.235,2.235,2.235,1143,2021-11-08 19:53:00,EBON
2.2374,2.2374,2.2301,2.235,340,2021-11-08 19:54:00,EBON
2.2367,2.2405,2.23,2.2405,10430,2021-11-08 19:55:00,EBON
2.2446,2.2446,2.2446,2.2446,2500,2021-11-08 19:56:00,EBON
2.245,2.245,2.24,2.24,3634,2021-11-08 19:57:00,EBON
2.24,2.25,2.24,2.25,300,2021-11-08 19:58:00,EBON
2.24,2.245,2.24,2.24,800,2021-11-08 20:00:00,EBON
2.245,2.245,2.245,2.245,100,2021-11-08 20:01:00,EBON
2.24,2.245,2.23,2.24,11594,2021-11-08 20:02:00,EBON
2.245,2.245,2.245,2.245,100,2021-11-08 20:03:00,EBON
2.2401,2.245,2.2401,2.245,1300,2021-11-08 20:04:00,EBON
2.24,2.25,2.24,2.25,1755,2021-11-08 20:05:00,EBON
2.245,2.245,2.245,2.245,200,2021-11-08 20:06:00,EBON
2.245,2.245,2.245,2.245,1100,2021-11-08 20:07:00,EBON
2.245,2.245,2.245,2.245,300,2021-11-08 20:08:00,EBON
2.25,2.25,2.24,2.24,700,2021-11-08 20:09:00,EBON
2.2476,2.2476,2.245,2.245,425,2021-11-08 20:10:00,EBON
2.245,2.25,2.24,2.245,1838,2021-11-08 20:11:00,EBON
2.245,2.25,2.24,2.245,5126,2021-11-08 20:12:00,EBON
2.25,2.25,2.24,2.24,1500,2021-11-08 20:13:00,EBON
2.245,2.245,2.245,2.245,100,2021-11-08 20:14:00,EBON
2.2409,2.2499,2.2409,2.2499,336,2021-11-08 20:15:00,EBON
2.245,2.245,2.245,2.245,300,2021-11-08 20:16:00,EBON
2.245,2.245,2.24,2.245,3925,2021-11-08 20:17:00,EBON
2.245,2.25,2.24,2.24,2600,2021-11-08 20:18:00,EBON
2.245,2.245,2.24,2.24,3288,2021-11-08 20:19:00,EBON
2.2441,2.245,2.2441,2.245,350,2021-11-08 20:21:00,EBON
2.245,2.245,2.24,2.245,1500,2021-11-08 20:22:00,EBON
2.2401,2.25,2.24,2.25,5500,2021-11-08 20:23:00,EBON
2.24,2.24,2.24,2.24,500,2021-11-08 20:24:00,EBON
2.245,2.245,2.24,2.2413,1165,2021-11-08 20:25:00,EBON
2.245,2.245,2.23,2.2315,9180,2021-11-08 20:26:00,EBON
2.23,2.2378,2.23,2.2378,8200,2021-11-08 20:27:00,EBON
2.2399,2.2399,2.2399,2.2399,1000,2021-11-08 20:28:00,EBON
2.235,2.24,2.23,2.23,3800,2021-11-08 20:29:00,EBON
2.235,2.2374,2.23,2.2374,920,2021-11-08 20:30:00,EBON
2.23,2.23,2.23,2.23,100,2021-11-08 20:31:00,EBON
2.235,2.235,2.23,2.23,200,2021-11-08 20:32:00,EBON
2.2399,2.2399,2.23,2.23,300,2021-11-08 20:33:00,EBON
2.235,2.24,2.235,2.235,2800,2021-11-08 20:34:00,EBON
2.235,2.235,2.235,2.235,132,2021-11-08 20:36:00,EBON
2.23,2.235,2.23,2.235,1200,2021-11-08 20:37:00,EBON
2.235,2.235,2.235,2.235,350,2021-11-08 20:38:00,EBON
2.2315,2.235,2.23,2.235,1100,2021-11-08 20:39:00,EBON
2.23,2.235,2.23,2.23,5206,2021-11-08 20:40:00,EBON
2.23,2.23,2.23,2.23,1170,2021-11-08 20:41:00,EBON
2.23,2.235,2.23,2.23,3570,2021-11-08 20:42:00,EBON
2.23,2.23,2.23,2.23,300,2021-11-08 20:43:00,EBON
2.2311,2.235,2.2311,2.235,2900,2021-11-08 20:44:00,EBON
2.235,2.235,2.23,2.23,3700,2021-11-08 20:45:00,EBON
2.235,2.235,2.235,2.235,300,2021-11-08 20:46:00,EBON
2.235,2.235,2.22,2.225,38622,2021-11-08 20:47:00,EBON
2.23,2.23,2.23,2.23,400,2021-11-08 20:48:00,EBON
2.225,2.2299,2.22,2.2299,3107,2021-11-08 20:49:00,EBON
2.23,2.23,2.22,2.23,16072,2021-11-08 20:50:00,EBON
2.225,2.2294,2.225,2.225,3773,2021-11-08 20:51:00,EBON
2.229,2.23,2.2258,2.23,7846,2021-11-08 20:52:00,EBON
2.23,2.235,2.22,2.235,26516,2021-11-08 20:53:00,EBON
2.235,2.255,2.23,2.255,83205,2021-11-08 20:54:00,EBON
2.255,2.255,2.25,2.255,2110,2021-11-08 20:55:00,EBON
2.25,2.255,2.25,2.255,4325,2021-11-08 20:56:00,EBON
2.255,2.26,2.25,2.259,13465,2021-11-08 20:57:00,EBON
2.26,2.26,2.25,2.26,11303,2021-11-08 20:58:00,EBON
2.258,2.26,2.25,2.255,44688,2021-11-08 20:59:00,EBON
2.26,2.26,2.26,2.26,102513,2021-11-08 21:00:00,EBON
2.26,2.26,2.26,2.26,1100,2021-11-08 21:01:00,EBON
2.26,2.26,2.26,2.26,2000,2021-11-08 21:03:00,EBON
2.26,2.26,2.26,2.26,500,2021-11-08 21:04:00,EBON
2.26,2.26,2.26,2.26,14580,2021-11-08 21:06:00,EBON
2.25,2.25,2.25,2.25,1000,2021-11-08 21:21:00,EBON
2.24,2.24,2.24,2.24,100,2021-11-08 21:35:00,EBON
2.23,2.23,2.23,2.23,190,2021-11-08 21:36:00,EBON
2.23,2.23,2.23,2.23,3480,2021-11-08 21:41:00,EBON
2.23,2.23,2.23,2.23,100,2021-11-08 21:57:00,EBON
2.23,2.23,2.23,2.23,100,2021-11-08 22:08:00,EBON
2.23,2.23,2.23,2.23,100,2021-11-08 22:09:00,EBON
2.23,2.23,2.23,2.23,1000,2021-11-08 22:11:00,EBON
2.22,2.23,2.22,2.23,225,2021-11-08 22:13:00,EBON
2.23,2.23,2.23,2.23,979,2021-11-08 22:30:00,EBON
2.23,2.23,2.23,2.23,300,2021-11-08 22:34:00,EBON
2.23,2.23,2.23,2.23,5000,2021-11-08 22:35:00,EBON
2.23,2.23,2.23,2.23,1200,2021-11-08 22:44:00,EBON
2.22,2.22,2.22,2.22,6000,2021-11-08 22:46:00,EBON
2.22,2.22,2.22,2.22,100,2021-11-08 22:48:00,EBON
2.23,2.23,2.23,2.23,100,2021-11-08 22:57:00,EBON
2.24,2.24,2.24,2.24,958,2021-11-08 22:58:00,EBON
2.25,2.25,2.25,2.25,4990,2021-11-08 23:03:00,EBON
2.25,2.25,2.25,2.25,2000,2021-11-08 23:12:00,EBON
2.25,2.25,2.25,2.25,101,2021-11-08 23:14:00,EBON
2.25,2.25,2.25,2.25,20000,2021-11-08 23:16:00,EBON
2.25,2.25,2.25,2.25,100,2021-11-08 23:17:00,EBON
2.25,2.25,2.25,2.25,1000,2021-11-08 23:19:00,EBON
2.25,2.25,2.25,2.25,10000,2021-11-08 23:21:00,EBON
2.25,2.25,2.25,2.25,3975,2021-11-08 23:23:00,EBON
2.25,2.25,2.25,2.25,1000,2021-11-08 23:24:00,EBON
2.25,2.25,2.25,2.25,30000,2021-11-08 23:26:00,EBON
2.25,2.25,2.25,2.25,598,2021-11-08 23:27:00,EBON
2.25,2.25,2.25,2.25,1000,2021-11-08 23:30:00,EBON
2.25,2.25,2.25,2.25,5000,2021-11-08 23:36:00,EBON
2.25,2.25,2.25,2.25,11000,2021-11-08 23:40:00,EBON
2.25,2.25,2.25,2.25,4813,2021-11-08 23:45:00,EBON
2.25,2.25,2.25,2.25,10000,2021-11-08 23:46:00,EBON
2.25,2.25,2.249,2.25,7900,2021-11-08 23:47:00,EBON
2.25,2.25,2.25,2.25,940,2021-11-08 23:48:00,EBON
2.26,2.26,2.26,2.26,5000,2021-11-08 23:49:00,EBON
2.26,2.28,2.26,2.28,2650,2021-11-08 23:51:00,EBON
2.28,2.3,2.28,2.3,15470,2021-11-08 23:52:00,EBON
2.3,2.3,2.29,2.3,10028,2021-11-08 23:53:00,EBON
2.27,2.27,2.27,2.27,5000,2021-11-08 23:54:00,EBON
2.3,2.3,2.3,2.3,198,2021-11-08 23:56:00,EBON
2.3,2.3,2.3,2.3,657,2021-11-08 23:57:00,EBON
2.31,2.33,2.31,2.33,17800,2021-11-08 23:58:00,EBON
2.33,2.38,2.33,2.35,9682,2021-11-08 23:59:00,EBON
2.36,2.38,2.34,2.38,36913,2021-11-09 00:00:00,EBON
2.33,2.37,2.33,2.37,350,2021-11-09 00:02:00,EBON
2.38,2.38,2.34,2.34,10040,2021-11-09 00:03:00,EBON
2.34,2.34,2.33,2.33,2200,2021-11-09 00:05:00,EBON
2.32,2.32,2.3,2.3,350,2021-11-09 00:06:00,EBON
2.28,2.28,2.27,2.27,411,2021-11-09 00:11:00,EBON
2.29,2.3499,2.29,2.3499,632,2021-11-09 00:13:00,EBON
2.29,2.29,2.29,2.29,100,2021-11-09 00:14:00,EBON
2.27,2.35,2.27,2.34,1100,2021-11-09 00:16:00,EBON
2.3,2.3,2.3,2.3,1250,2021-11-09 00:17:00,EBON
2.3199,2.3199,2.3199,2.3199,200,2021-11-09 00:20:00,EBON
2.32,2.32,2.32,2.32,1000,2021-11-09 00:21:00,EBON
2.32,2.32,2.32,2.32,100,2021-11-09 00:28:00,EBON
2.35,2.35,2.35,2.35,1500,2021-11-09 00:31:00,EBON
2.32,2.32,2.32,2.32,1100,2021-11-09 00:32:00,EBON
2.32,2.32,2.32,2.32,2577,2021-11-09 00:33:00,EBON
2.33,2.33,2.33,2.33,850,2021-11-09 00:35:00,EBON
2.33,2.33,2.33,2.33,499,2021-11-09 00:38:00,EBON
2.3299,2.3299,2.3299,2.3299,200,2021-11-09 00:40:00,EBON
2.32,2.32,2.32,2.32,600,2021-11-09 00:44:00,EBON
2.32,2.32,2.32,2.32,2880,2021-11-09 00:45:00,EBON
2.32,2.32,2.32,2.32,2500,2021-11-09 00:47:00,EBON
2.32,2.33,2.32,2.33,987,2021-11-09 00:48:00,EBON
2.33,2.33,2.33,2.33,15000,2021-11-09 00:51:00,EBON
2.33,2.33,2.33,2.33,100,2021-11-09 00:52:00,EBON
2.33,2.35,2.33,2.33,8499,2021-11-09 00:56:00,EBON
2.32,2.35,2.32,2.35,16646,2021-11-09 00:57:00,EBON
2.34,2.35,2.34,2.35,200,2021-11-09 09:17:00,EBON
2.37,2.37,2.36,2.36,750,2021-11-09 09:18:00,EBON
2.37,2.37,2.36,2.37,2700,2021-11-09 09:19:00,EBON
2.37,2.37,2.37,2.37,500,2021-11-09 09:20:00,EBON
2.31,2.31,2.27,2.27,400,2021-11-09 09:27:00,EBON
2.27,2.27,2.27,2.27,300,2021-11-09 09:28:00,EBON
2.29,2.29,2.29,2.29,100,2021-11-09 09:58:00,EBON
2.35,2.35,2.35,2.35,100,2021-11-09 10:08:00,EBON
2.33,2.34,2.33,2.34,549,2021-11-09 10:26:00,EBON
2.35,2.35,2.35,2.35,2053,2021-11-09 10:27:00,EBON
2.34,2.35,2.34,2.35,1990,2021-11-09 10:56:00,EBON
2.33,2.33,2.33,2.33,1100,2021-11-09 11:13:00,EBON
2.31,2.31,2.3,2.3,1836,2021-11-09 11:14:00,EBON
2.29,2.29,2.29,2.29,1469,2021-11-09 11:15:00,EBON
2.28,2.28,2.28,2.28,3000,2021-11-09 11:16:00,EBON
2.26,2.26,2.26,2.26,1056,2021-11-09 11:19:00,EBON
2.26,2.26,2.26,2.26,2500,2021-11-09 11:27:00,EBON
2.26,2.26,2.26,2.26,500,2021-11-09 11:28:00,EBON
2.27,2.27,2.26,2.26,1031,2021-11-09 11:30:00,EBON
2.3,2.3,2.3,2.3,505,2021-11-09 11:47:00,EBON
2.3,2.3,2.3,2.3,495,2021-11-09 11:48:00,EBON
2.32,2.33,2.32,2.33,250,2021-11-09 12:00:00,EBON
2.32,2.33,2.32,2.33,12530,2021-11-09 12:12:00,EBON
2.3,2.3,2.29,2.29,1800,2021-11-09 12:14:00,EBON
2.28,2.28,2.28,2.28,400,2021-11-09 12:19:00,EBON
2.29,2.29,2.29,2.29,1330,2021-11-09 12:22:00,EBON
2.28,2.28,2.28,2.28,600,2021-11-09 12:25:00,EBON
2.27,2.27,2.27,2.27,222,2021-11-09 12:31:00,EBON
2.27,2.27,2.27,2.27,900,2021-11-09 12:32:00,EBON
2.27,2.27,2.27,2.27,4100,2021-11-09 12:34:00,EBON
2.27,2.27,2.27,2.27,300,2021-11-09 12:35:00,EBON
2.27,2.27,2.27,2.27,600,2021-11-09 12:36:00,EBON
2.28,2.28,2.28,2.28,500,2021-11-09 13:00:00,EBON
2.28,2.28,2.28,2.28,2500,2021-11-09 13:05:00,EBON
2.28,2.28,2.28,2.28,2000,2021-11-09 13:07:00,EBON
2.28,2.28,2.2699,2.2699,15940,2021-11-09 13:08:00,EBON
2.26,2.26,2.26,2.26,1580,2021-11-09 13:09:00,EBON
2.27,2.31,2.27,2.29,11449,2021-11-09 13:10:00,EBON
2.34,2.34,2.34,2.34,300,2021-11-09 13:11:00,EBON
2.33,2.33,2.33,2.33,200,2021-11-09 13:13:00,EBON
2.3,2.3,2.3,2.3,1000,2021-11-09 13:16:00,EBON
2.29,2.29,2.29,2.29,1285,2021-11-09 13:17:00,EBON
2.29,2.29,2.29,2.29,100,2021-11-09 13:23:00,EBON
2.3,2.3,2.3,2.3,2097,2021-11-09 13:25:00,EBON
2.3,2.3,2.3,2.3,100,2021-11-09 13:26:00,EBON
2.3,2.3,2.3,2.3,100,2021-11-09 13:27:00,EBON
2.3,2.3,2.3,2.3,250,2021-11-09 13:29:00,EBON
2.3,2.3,2.3,2.3,20000,2021-11-09 13:32:00,EBON
2.3,2.3,2.3,2.3,10851,2021-11-09 13:33:00,EBON
2.31,2.32,2.31,2.32,2109,2021-11-09 13:34:00,EBON
2.32,2.32,2.32,2.32,500,2021-11-09 13:35:00,EBON
2.32,2.32,2.32,2.32,100,2021-11-09 13:38:00,EBON
2.32,2.32,2.32,2.32,300,2021-11-09 13:42:00,EBON
2.3,2.3,2.3,2.3,400,2021-11-09 13:45:00,EBON
2.3,2.3,2.3,2.3,100,2021-11-09 13:48:00,EBON
2.3,2.31,2.3,2.31,500,2021-11-09 13:52:00,EBON
2.32,2.32,2.32,2.32,343,2021-11-09 13:53:00,EBON
2.32,2.33,2.32,2.33,1700,2021-11-09 13:54:00,EBON
2.33,2.34,2.33,2.34,33800,2021-11-09 13:55:00,EBON
2.34,2.34,2.34,2.34,404,2021-11-09 13:56:00,EBON
2.32,2.32,2.32,2.32,948,2021-11-09 13:58:00,EBON
2.33,2.33,2.32,2.32,6374,2021-11-09 14:01:00,EBON
2.33,2.33,2.33,2.33,1400,2021-11-09 14:02:00,EBON
2.32,2.32,2.32,2.32,1450,2021-11-09 14:04:00,EBON
2.32,2.32,2.32,2.32,5000,2021-11-09 14:09:00,EBON
2.32,2.32,2.32,2.32,100,2021-11-09 14:11:00,EBON
2.32,2.32,2.32,2.32,100,2021-11-09 14:12:00,EBON
2.32,2.32,2.32,2.32,1200,2021-11-09 14:13:00,EBON
2.31,2.31,2.31,2.31,400,2021-11-09 14:14:00,EBON
2.32,2.32,2.32,2.32,1660,2021-11-09 14:15:00,EBON
2.32,2.32,2.32,2.32,917,2021-11-09 14:17:00,EBON
2.32,2.32,2.32,2.32,250,2021-11-09 14:18:00,EBON
2.32,2.32,2.32,2.32,3000,2021-11-09 14:19:00,EBON
2.31,2.31,2.3,2.3,2200,2021-11-09 14:22:00,EBON
2.3,2.3,2.3,2.3,203,2021-11-09 14:23:00,EBON
2.3,2.3,2.3,2.3,800,2021-11-09 14:25:00,EBON
2.3185,2.3185,2.29,2.29,870,2021-11-09 14:26:00,EBON
2.29,2.29,2.29,2.29,500,2021-11-09 14:27:00,EBON
2.28,2.3,2.28,2.3,51140,2021-11-09 14:30:00,EBON
2.3,2.37,2.3,2.36,287292,2021-11-09 14:31:00,EBON
2.35,2.35,2.32,2.33,37792,2021-11-09 14:32:00,EBON
2.335,2.37,2.3303,2.35,78764,2021-11-09 14:33:00,EBON
2.36,2.38,2.35,2.3799,40614,2021-11-09 14:34:00,EBON
2.37,2.37,2.31,2.33,76987,2021-11-09 14:35:00,EBON
2.335,2.34,2.3297,2.33,31433,2021-11-09 14:36:00,EBON
2.33,2.35,2.325,2.35,72851,2021-11-09 14:37:00,EBON
2.35,2.369,2.35,2.35,15118,2021-11-09 14:38:00,EBON
2.36,2.3602,2.3525,2.354,29561,2021-11-09 14:39:00,EBON
2.36,2.38,2.3521,2.375,32654,2021-11-09 14:40:00,EBON
2.375,2.38,2.3577,2.3577,16397,2021-11-09 14:41:00,EBON
2.36,2.36,2.35,2.35,4020,2021-11-09 14:42:00,EBON
2.349,2.349,2.333,2.34,12018,2021-11-09 14:43:00,EBON
2.34,2.35,2.3373,2.3373,9858,2021-11-09 14:44:00,EBON
2.34,2.34,2.33,2.335,3371,2021-11-09 14:45:00,EBON
2.3301,2.34,2.32,2.335,20247,2021-11-09 14:46:00,EBON
2.34,2.34,2.31,2.31,45040,2021-11-09 14:47:00,EBON
2.31,2.3196,2.31,2.31,1756,2021-11-09 14:48:00,EBON
2.31,2.315,2.28,2.29,56680,2021-11-09 14:49:00,EBON
2.285,2.29,2.26,2.2601,165552,2021-11-09 14:50:00,EBON
2.26,2.265,2.2507,2.2507,13400,2021-11-09 14:51:00,EBON
2.255,2.2689,2.2485,2.2591,75028,2021-11-09 14:52:00,EBON
2.25,2.25,2.23,2.23,25106,2021-11-09 14:53:00,EBON
2.23,2.24,2.23,2.23,28690,2021-11-09 14:54:00,EBON
2.23,2.24,2.225,2.24,48776,2021-11-09 14:55:00,EBON
2.23,2.23,2.21,2.215,20236,2021-11-09 14:56:00,EBON
2.215,2.215,2.2,2.2021,69488,2021-11-09 14:57:00,EBON
2.2,2.2,2.1795,2.19,52080,2021-11-09 14:58:00,EBON
2.19,2.2,2.1799,2.1995,27244,2021-11-09 14:59:00,EBON
2.19,2.2199,2.19,2.215,20946,2021-11-09 15:00:00,EBON
2.211,2.215,2.2,2.21,11175,2021-11-09 15:01:00,EBON
2.21,2.21,2.2,2.2,5800,2021-11-09 15:02:00,EBON
2.195,2.2,2.18,2.2,20809,2021-11-09 15:03:00,EBON
2.2,2.2,2.18,2.18,11876,2021-11-09 15:04:00,EBON
2.1813,2.1813,2.17,2.175,46488,2021-11-09 15:05:00,EBON
2.17,2.18,2.165,2.18,18689,2021-11-09 15:06:00,EBON
2.17,2.18,2.17,2.17,5050,2021-11-09 15:07:00,EBON
2.18,2.195,2.18,2.195,18900,2021-11-09 15:08:00,EBON
2.195,2.2,2.189,2.195,14464,2021-11-09 15:09:00,EBON
2.19,2.195,2.1812,2.19,27203,2021-11-09 15:10:00,EBON
2.1981,2.2,2.19,2.2,9494,2021-11-09 15:11:00,EBON
2.2,2.21,2.1956,2.2018,19043,2021-11-09 15:12:00,EBON
2.2099,2.22,2.2099,2.2196,2065,2021-11-09 15:13:00,EBON
2.2185,2.225,2.215,2.22,18315,2021-11-09 15:14:00,EBON
2.22,2.2299,2.22,2.22,6483,2021-11-09 15:15:00,EBON
2.2206,2.26,2.22,2.26,27566,2021-11-09 15:16:00,EBON
2.26,2.26,2.2388,2.24,23012,2021-11-09 15:17:00,EBON
2.23,2.23,2.23,2.23,5000,2021-11-09 15:18:00,EBON
2.22,2.23,2.22,2.22,741,2021-11-09 15:19:00,EBON
2.225,2.232,2.225,2.23,6310,2021-11-09 15:20:00,EBON
2.23,2.235,2.23,2.235,3458,2021-11-09 15:21:00,EBON
2.235,2.2398,2.2201,2.2201,4260,2021-11-09 15:22:00,EBON
2.225,2.225,2.21,2.22,9145,2021-11-09 15:23:00,EBON
2.2114,2.215,2.2114,2.215,400,2021-11-09 15:24:00,EBON
2.22,2.23,2.2199,2.22,8643,2021-11-09 15:25:00,EBON
2.23,2.23,2.225,2.23,1932,2021-11-09 15:26:00,EBON
2.235,2.235,2.23,2.23,4218,2021-11-09 15:27:00,EBON
2.23,2.23,2.225,2.23,2900,2021-11-09 15:28:00,EBON
2.22,2.225,2.215,2.225,4400,2021-11-09 15:29:00,EBON
2.22,2.2299,2.22,2.2208,5051,2021-11-09 15:30:00,EBON
2.225,2.23,2.225,2.23,13674,2021-11-09 15:31:00,EBON
2.23,2.23,2.2299,2.2299,3500,2021-11-09 15:32:00,EBON
2.22,2.22,2.21,2.2199,22815,2021-11-09 15:33:00,EBON
2.21,2.225,2.21,2.225,6401,2021-11-09 15:34:00,EBON
2.22,2.225,2.22,2.225,1236,2021-11-09 15:35:00,EBON
2.22,2.22,2.22,2.22,8430,2021-11-09 15:36:00,EBON
2.22,2.22,2.22,2.22,2700,2021-11-09 15:37:00,EBON
2.2181,2.2181,2.215,2.215,758,2021-11-09 15:38:00,EBON
2.22,2.22,2.212,2.215,3200,2021-11-09 15:39:00,EBON
2.2114,2.24,2.2114,2.235,31118,2021-11-09 15:40:00,EBON
2.24,2.245,2.23,2.2301,20638,2021-11-09 15:41:00,EBON
2.23,2.24,2.23,2.235,11611,2021-11-09 15:42:00,EBON
2.235,2.235,2.235,2.235,100,2021-11-09 15:43:00,EBON
2.24,2.24,2.23,2.235,3752,2021-11-09 15:44:00,EBON
2.23,2.235,2.23,2.23,2361,2021-11-09 15:46:00,EBON
2.2299,2.23,2.22,2.22,2500,2021-11-09 15:47:00,EBON
2.225,2.225,2.22,2.22,14887,2021-11-09 15:48:00,EBON
2.21,2.21,2.21,2.21,200,2021-11-09 15:49:00,EBON
2.215,2.215,2.21,2.215,1353,2021-11-09 15:50:00,EBON
2.21,2.215,2.21,2.215,1000,2021-11-09 15:51:00,EBON
2.2106,2.215,2.2106,2.215,2700,2021-11-09 15:52:00,EBON
2.21,2.215,2.21,2.215,932,2021-11-09 15:53:00,EBON
2.215,2.225,2.21,2.225,20666,2021-11-09 15:54:00,EBON
2.23,2.23,2.23,2.23,1050,2021-11-09 15:55:00,EBON
2.23,2.235,2.225,2.2257,28143,2021-11-09 15:56:00,EBON
2.225,2.225,2.22,2.22,9182,2021-11-09 15:57:00,EBON
2.2183,2.22,2.2101,2.22,9805,2021-11-09 15:58:00,EBON
2.215,2.22,2.215,2.215,4100,2021-11-09 15:59:00,EBON
2.22,2.23,2.22,2.23,1700,2021-11-09 16:00:00,EBON
2.23,2.23,2.2299,2.23,901,2021-11-09 16:01:00,EBON
2.23,2.23,2.225,2.23,1400,2021-11-09 16:02:00,EBON
2.225,2.225,2.225,2.225,3250,2021-11-09 16:03:00,EBON
2.23,2.23,2.23,2.23,100,2021-11-09 16:04:00,EBON
2.23,2.23,2.23,2.23,100,2021-11-09 16:05:00,EBON
2.23,2.23,2.215,2.215,18859,2021-11-09 16:06:00,EBON
2.2106,2.22,2.2105,2.2185,10500,2021-11-09 16:07:00,EBON
2.22,2.225,2.22,2.22,8900,2021-11-09 16:08:00,EBON
2.22,2.23,2.22,2.225,4559,2021-11-09 16:09:00,EBON
2.22,2.225,2.21,2.215,3621,2021-11-09 16:10:00,EBON
2.21,2.218,2.21,2.218,700,2021-11-09 16:11:00,EBON
2.215,2.215,2.215,2.215,100,2021-11-09 16:12:00,EBON
2.21,2.21,2.2,2.2008,32041,2021-11-09 16:13:00,EBON
2.205,2.205,2.19,2.1902,5600,2021-11-09 16:14:00,EBON
2.1982,2.21,2.195,2.21,21560,2021-11-09 16:16:00,EBON
2.21,2.21,2.21,2.21,3000,2021-11-09 16:17:00,EBON
2.212,2.212,2.212,2.212,100,2021-11-09 16:18:00,EBON
2.21,2.2184,2.21,2.2184,2000,2021-11-09 16:19:00,EBON
2.22,2.23,2.215,2.228,12876,2021-11-09 16:20:00,EBON
2.22,2.23,2.22,2.23,2050,2021-11-09 16:21:00,EBON
2.23,2.2301,2.23,2.2301,7000,2021-11-09 16:22:00,EBON
2.24,2.24,2.24,2.24,500,2021-11-09 16:23:00,EBON
2.2324,2.24,2.23,2.24,1516,2021-11-09 16:25:00,EBON
2.23,2.235,2.22,2.22,6029,2021-11-09 16:26:00,EBON
2.22,2.22,2.22,2.22,300,2021-11-09 16:27:00,EBON
2.22,2.225,2.22,2.2201,4079,2021-11-09 16:28:00,EBON
2.215,2.215,2.21,2.21,3100,2021-11-09 16:29:00,EBON
2.215,2.215,2.215,2.215,100,2021-11-09 16:30:00,EBON
2.215,2.215,2.215,2.215,550,2021-11-09 16:31:00,EBON
2.21,2.21,2.21,2.21,555,2021-11-09 16:32:00,EBON
2.2179,2.2179,2.2179,2.2179,400,2021-11-09 16:33:00,EBON
2.22,2.22,2.22,2.22,2000,2021-11-09 16:35:00,EBON
2.211,2.211,2.211,2.211,100,2021-11-09 16:36:00,EBON
2.21,2.215,2.21,2.21,7758,2021-11-09 16:38:00,EBON
2.21,2.22,2.205,2.22,23278,2021-11-09 16:39:00,EBON
2.22,2.2299,2.215,2.2299,6252,2021-11-09 16:42:00,EBON
2.23,2.23,2.23,2.23,21290,2021-11-09 16:43:00,EBON
2.235,2.24,2.235,2.24,871,2021-11-09 16:44:00,EBON
2.2317,2.2383,2.2301,2.2383,1954,2021-11-09 16:45:00,EBON
2.235,2.235,2.235,2.235,1025,2021-11-09 16:46:00,EBON
2.235,2.235,2.22,2.225,13824,2021-11-09 16:47:00,EBON
2.22,2.23,2.22,2.23,1241,2021-11-09 16:48:00,EBON
2.225,2.225,2.225,2.225,200,2021-11-09 16:49:00,EBON
2.22,2.22,2.22,2.22,1248,2021-11-09 16:52:00,EBON
2.22,2.2217,2.21,2.2207,24071,2021-11-09 16:53:00,EBON
2.225,2.226,2.215,2.22,4197,2021-11-09 16:54:00,EBON
2.2115,2.22,2.2115,2.22,1049,2021-11-09 16:55:00,EBON
2.22,2.226,2.22,2.226,9679,2021-11-09 16:56:00,EBON
2.22,2.22,2.22,2.22,1400,2021-11-09 16:57:00,EBON
2.2173,2.2173,2.215,2.215,5500,2021-11-09 16:58:00,EBON
2.2174,2.23,2.2174,2.22,733,2021-11-09 16:59:00,EBON
2.22,2.22,2.22,2.22,970,2021-11-09 17:00:00,EBON
2.22,2.22,2.215,2.215,400,2021-11-09 17:01:00,EBON
2.21,2.2104,2.205,2.205,6840,2021-11-09 17:03:00,EBON
2.205,2.205,2.195,2.2,9584,2021-11-09 17:04:00,EBON
2.195,2.215,2.195,2.215,5768,2021-11-09 17:05:00,EBON
2.2101,2.215,2.21,2.21,8816,2021-11-09 17:06:00,EBON
2.2099,2.22,2.2099,2.22,9149,2021-11-09 17:08:00,EBON
2.2117,2.2117,2.2117,2.2117,350,2021-11-09 17:11:00,EBON
2.22,2.22,2.22,2.22,3389,2021-11-09 17:12:00,EBON
2.22,2.22,2.215,2.215,300,2021-11-09 17:14:00,EBON
2.2199,2.22,2.2199,2.22,2100,2021-11-09 17:16:00,EBON
2.22,2.22,2.215,2.215,400,2021-11-09 17:19:00,EBON
2.22,2.22,2.212,2.212,600,2021-11-09 17:20:00,EBON
2.215,2.215,2.215,2.215,470,2021-11-09 17:21:00,EBON
2.21,2.215,2.21,2.215,714,2021-11-09 17:22:00,EBON
2.215,2.215,2.215,2.215,200,2021-11-09 17:23:00,EBON
2.217,2.217,2.217,2.217,402,2021-11-09 17:24:00,EBON
2.2185,2.2185,2.215,2.217,1255,2021-11-09 17:25:00,EBON
2.21,2.21,2.21,2.21,5300,2021-11-09 17:26:00,EBON
2.21,2.21,2.21,2.21,100,2021-11-09 17:27:00,EBON
2.21,2.215,2.2,2.2,3977,2021-11-09 17:28:00,EBON
2.205,2.205,2.205,2.205,200,2021-11-09 17:29:00,EBON
2.2,2.2,2.2,2.2,100,2021-11-09 17:30:00,EBON
2.2,2.205,2.19,2.2,7280,2021-11-09 17:31:00,EBON
2.2,2.21,2.19,2.2026,4932,2021-11-09 17:32:00,EBON
2.205,2.205,2.2,2.2033,1822,2021-11-09 17:33:00,EBON
2.21,2.2218,2.21,2.2218,158200,2021-11-09 17:34:00,EBON
2.23,2.24,2.2298,2.24,51391,2021-11-09 17:35:00,EBON
2.245,2.25,2.225,2.24,300315,2021-11-09 17:36:00,EBON
2.245,2.245,2.24,2.24,2600,2021-11-09 17:37:00,EBON
2.24,2.2403,2.24,2.24,1700,2021-11-09 17:38:00,EBON
2.25,2.25,2.24,2.24,5176,2021-11-09 17:39:00,EBON
2.24,2.24,2.23,2.23,55495,2021-11-09 17:41:00,EBON
2.23,2.24,2.23,2.24,9083,2021-11-09 17:42:00,EBON
2.235,2.235,2.235,2.235,442,2021-11-09 17:43:00,EBON
2.2374,2.2374,2.2374,2.2374,100,2021-11-09 17:45:00,EBON
2.2301,2.24,2.23,2.23,700,2021-11-09 17:46:00,EBON
2.24,2.24,2.235,2.24,800,2021-11-09 17:50:00,EBON
2.2322,2.24,2.2322,2.24,350,2021-11-09 17:51:00,EBON
2.24,2.24,2.235,2.235,700,2021-11-09 17:52:00,EBON
2.2311,2.235,2.22,2.23,16800,2021-11-09 17:53:00,EBON
2.2281,2.2281,2.2281,2.2281,100,2021-11-09 17:54:00,EBON
2.225,2.2279,2.22,2.2279,1227,2021-11-09 17:55:00,EBON
2.22,2.23,2.22,2.22,800,2021-11-09 17:56:00,EBON
2.22,2.2217,2.22,2.22,18298,2021-11-09 17:57:00,EBON
2.22,2.22,2.22,2.22,100,2021-11-09 17:58:00,EBON
2.2257,2.2257,2.2257,2.2257,1562,2021-11-09 17:59:00,EBON
2.22,2.22,2.22,2.22,300,2021-11-09 18:00:00,EBON
2.22,2.22,2.22,2.22,2469,2021-11-09 18:01:00,EBON
2.2216,2.2216,2.2216,2.2216,391,2021-11-09 18:03:00,EBON
2.23,2.23,2.2285,2.2285,1300,2021-11-09 18:04:00,EBON
2.2274,2.2274,2.2274,2.2274,200,2021-11-09 18:06:00,EBON
2.22,2.235,2.22,2.235,12905,2021-11-09 18:08:00,EBON
2.2399,2.2399,2.2399,2.2399,250,2021-11-09 18:10:00,EBON
2.23,2.23,2.23,2.23,1439,2021-11-09 18:11:00,EBON
2.235,2.2382,2.2326,2.2382,600,2021-11-09 18:12:00,EBON
2.232,2.235,2.23,2.235,2954,2021-11-09 18:13:00,EBON
2.2317,2.2317,2.23,2.23,8695,2021-11-09 18:14:00,EBON
2.22,2.2205,2.215,2.215,4300,2021-11-09 18:15:00,EBON
2.215,2.22,2.215,2.22,14089,2021-11-09 18:17:00,EBON
2.22,2.2315,2.215,2.2315,38653,2021-11-09 18:18:00,EBON
2.23,2.23,2.23,2.23,100,2021-11-09 18:20:00,EBON
2.23,2.23,2.23,2.23,500,2021-11-09 18:21:00,EBON
2.24,2.24,2.23,2.235,1290,2021-11-09 18:22:00,EBON
2.232,2.24,2.232,2.24,1120,2021-11-09 18:23:00,EBON
2.2379,2.2399,2.2379,2.2399,550,2021-11-09 18:24:00,EBON
2.235,2.26,2.235,2.2524,55283,2021-11-09 18:25:00,EBON
2.2525,2.26,2.25,2.26,22079,2021-11-09 18:26:00,EBON
2.26,2.26,2.255,2.26,3390,2021-11-09 18:27:00,EBON
2.2573,2.26,2.2573,2.2599,6100,2021-11-09 18:28:00,EBON
2.255,2.255,2.252,2.252,3887,2021-11-09 18:29:00,EBON
2.255,2.28,2.25,2.28,64211,2021-11-09 18:30:00,EBON
2.275,2.2799,2.27,2.275,14910,2021-11-09 18:31:00,EBON
2.27,2.315,2.27,2.31,160148,2021-11-09 18:32:00,EBON
2.315,2.32,2.31,2.32,37050,2021-11-09 18:33:00,EBON
2.319,2.32,2.31,2.31,8728,2021-11-09 18:34:00,EBON
2.31,2.315,2.31,2.31,6548,2021-11-09 18:35:00,EBON
2.31,2.315,2.31,2.3104,3390,2021-11-09 18:36:00,EBON
2.31,2.32,2.31,2.3111,2869,2021-11-09 18:37:00,EBON
2.315,2.3166,2.31,2.3166,11098,2021-11-09 18:38:00,EBON
2.31,2.3167,2.31,2.315,3448,2021-11-09 18:39:00,EBON
2.31,2.3199,2.31,2.315,6174,2021-11-09 18:40:00,EBON
2.31,2.31,2.305,2.305,10327,2021-11-09 18:41:00,EBON
2.3001,2.3038,2.3,2.3,6286,2021-11-09 18:42:00,EBON
2.3,2.305,2.3,2.3005,9297,2021-11-09 18:43:00,EBON
2.3,2.32,2.3,2.32,59743,2021-11-09 18:44:00,EBON
2.3101,2.32,2.3101,2.3194,21600,2021-11-09 18:45:00,EBON
2.315,2.32,2.3101,2.32,1820,2021-11-09 18:46:00,EBON
2.315,2.315,2.315,2.315,300,2021-11-09 18:48:00,EBON
2.315,2.315,2.315,2.315,1300,2021-11-09 18:50:00,EBON
2.3124,2.3124,2.3124,2.3124,100,2021-11-09 18:51:00,EBON
2.315,2.315,2.31,2.31,22684,2021-11-09 18:53:00,EBON
2.305,2.31,2.305,2.31,200,2021-11-09 18:54:00,EBON
2.3,2.3,2.295,2.3,6749,2021-11-09 18:55:00,EBON
2.295,2.295,2.295,2.295,200,2021-11-09 18:56:00,EBON
2.295,2.295,2.295,2.295,127,2021-11-09 18:57:00,EBON
2.29,2.3,2.29,2.291,7424,2021-11-09 18:58:00,EBON
2.28,2.2806,2.28,2.28,20730,2021-11-09 18:59:00,EBON
2.2806,2.292,2.28,2.292,22847,2021-11-09 19:00:00,EBON
2.29,2.2971,2.29,2.2971,999,2021-11-09 19:01:00,EBON
2.2995,2.2995,2.29,2.29,8500,2021-11-09 19:02:00,EBON
2.29,2.29,2.285,2.285,10710,2021-11-09 19:03:00,EBON
2.2874,2.2874,2.2874,2.2874,200,2021-11-09 19:04:00,EBON
2.2873,2.288,2.28,2.28,6500,2021-11-09 19:05:00,EBON
2.285,2.285,2.28,2.28,1500,2021-11-09 19:08:00,EBON
2.2825,2.29,2.28,2.28,4856,2021-11-09 19:09:00,EBON
2.2801,2.285,2.2801,2.285,1100,2021-11-09 19:11:00,EBON
2.285,2.285,2.285,2.285,1325,2021-11-09 19:12:00,EBON
2.29,2.295,2.28,2.29,8131,2021-11-09 19:14:00,EBON
2.292,2.295,2.29,2.295,3115,2021-11-09 19:15:00,EBON
2.295,2.2987,2.29,2.29,1500,2021-11-09 19:16:00,EBON
2.29,2.31,2.29,2.31,14209,2021-11-09 19:17:00,EBON
2.305,2.32,2.305,2.3075,25400,2021-11-09 19:18:00,EBON
2.315,2.315,2.315,2.315,200,2021-11-09 19:19:00,EBON
2.313,2.313,2.313,2.313,500,2021-11-09 19:20:00,EBON
2.3101,2.3101,2.3101,2.3101,8393,2021-11-09 19:21:00,EBON
2.32,2.32,2.315,2.315,510,2021-11-09 19:22:00,EBON
2.31,2.31,2.31,2.31,145,2021-11-09 19:23:00,EBON
2.315,2.315,2.31,2.315,1926,2021-11-09 19:24:00,EBON
2.315,2.3176,2.315,2.3176,1500,2021-11-09 19:25:00,EBON
2.3101,2.32,2.3101,2.32,600,2021-11-09 19:26:00,EBON
2.315,2.315,2.314,2.315,550,2021-11-09 19:27:00,EBON
2.315,2.315,2.315,2.315,300,2021-11-09 19:28:00,EBON
2.31,2.315,2.3,2.305,15460,2021-11-09 19:29:00,EBON
2.305,2.305,2.305,2.305,300,2021-11-09 19:30:00,EBON
2.3,2.305,2.3,2.305,200,2021-11-09 19:31:00,EBON
2.305,2.32,2.305,2.32,22400,2021-11-09 19:32:00,EBON
2.3162,2.32,2.31,2.32,2420,2021-11-09 19:33:00,EBON
2.32,2.32,2.3164,2.32,750,2021-11-09 19:34:00,EBON
2.313,2.32,2.3111,2.32,2400,2021-11-09 19:35:00,EBON
2.32,2.32,2.3101,2.315,1700,2021-11-09 19:36:00,EBON
2.32,2.35,2.32,2.35,125032,2021-11-09 19:37:00,EBON
2.3484,2.3491,2.34,2.3491,35208,2021-11-09 19:38:00,EBON
2.3401,2.35,2.3401,2.345,8210,2021-11-09 19:39:00,EBON
2.345,2.35,2.3412,2.345,3790,2021-11-09 19:40:00,EBON
2.345,2.35,2.3405,2.35,14000,2021-11-09 19:41:00,EBON
2.345,2.345,2.34,2.345,7190,2021-11-09 19:42:00,EBON
2.345,2.345,2.34,2.345,949,2021-11-09 19:43:00,EBON
2.3401,2.345,2.34,2.34,443,2021-11-09 19:44:00,EBON
2.345,2.35,2.34,2.35,300,2021-11-09 19:45:00,EBON
2.345,2.35,2.345,2.35,2413,2021-11-09 19:46:00,EBON
2.3494,2.3494,2.34,2.345,6700,2021-11-09 19:47:00,EBON
2.34,2.34,2.34,2.34,100,2021-11-09 19:48:00,EBON
2.34,2.3402,2.34,2.3402,1408,2021-11-09 19:49:00,EBON
2.34,2.341,2.34,2.341,500,2021-11-09 19:50:00,EBON
2.342,2.345,2.34,2.345,1615,2021-11-09 19:51:00,EBON
2.3403,2.3403,2.3403,2.3403,500,2021-11-09 19:52:00,EBON
2.34,2.34,2.34,2.34,100,2021-11-09 19:53:00,EBON
2.345,2.345,2.34,2.345,3492,2021-11-09 19:54:00,EBON
2.345,2.355,2.34,2.355,39554,2021-11-09 19:55:00,EBON
2.35,2.355,2.35,2.35,3400,2021-11-09 19:56:00,EBON
2.3501,2.36,2.35,2.36,3700,2021-11-09 19:57:00,EBON
2.3517,2.3517,2.3517,2.3517,150,2021-11-09 19:58:00,EBON
2.355,2.355,2.355,2.355,530,2021-11-09 19:59:00,EBON
2.355,2.36,2.3535,2.36,1546,2021-11-09 20:00:00,EBON
2.35,2.355,2.34,2.341,9952,2021-11-09 20:01:00,EBON
2.34,2.35,2.34,2.347,44478,2021-11-09 20:03:00,EBON
2.3401,2.35,2.3401,2.35,7899,2021-11-09 20:04:00,EBON
2.36,2.36,2.3507,2.3507,6700,2021-11-09 20:05:00,EBON
2.36,2.36,2.35,2.3526,3200,2021-11-09 20:06:00,EBON
2.35,2.355,2.34,2.345,9519,2021-11-09 20:07:00,EBON
2.34,2.34,2.33,2.335,15218,2021-11-09 20:08:00,EBON
2.335,2.335,2.335,2.335,200,2021-11-09 20:10:00,EBON
2.335,2.335,2.33,2.3301,2000,2021-11-09 20:11:00,EBON
2.33,2.33,2.33,2.33,700,2021-11-09 20:12:00,EBON
2.33,2.3301,2.33,2.3301,920,2021-11-09 20:13:00,EBON
2.33,2.33,2.32,2.33,28757,2021-11-09 20:14:00,EBON
2.332,2.332,2.332,2.332,100,2021-11-09 20:15:00,EBON
2.33,2.3399,2.33,2.3313,1263,2021-11-09 20:16:00,EBON
2.335,2.335,2.335,2.335,1000,2021-11-09 20:18:00,EBON
2.33,2.3341,2.32,2.32,9683,2021-11-09 20:19:00,EBON
2.32,2.32,2.32,2.32,1459,2021-11-09 20:20:00,EBON
2.323,2.325,2.32,2.32,2200,2021-11-09 20:21:00,EBON
2.325,2.33,2.32,2.325,20982,2021-11-09 20:22:00,EBON
2.325,2.325,2.32,2.32,700,2021-11-09 20:23:00,EBON
2.3218,2.33,2.32,2.33,3150,2021-11-09 20:24:00,EBON
2.33,2.33,2.32,2.32,1600,2021-11-09 20:25:00,EBON
2.32,2.325,2.32,2.325,2050,2021-11-09 20:26:00,EBON
2.3217,2.3217,2.31,2.3155,25439,2021-11-09 20:27:00,EBON
2.319,2.319,2.315,2.315,1100,2021-11-09 20:28:00,EBON
2.31,2.32,2.31,2.3131,2200,2021-11-09 20:29:00,EBON
2.315,2.315,2.3,2.3,32910,2021-11-09 20:30:00,EBON
2.305,2.31,2.3,2.3,1848,2021-11-09 20:31:00,EBON
2.305,2.315,2.305,2.315,17187,2021-11-09 20:32:00,EBON
2.315,2.32,2.31,2.31,2814,2021-11-09 20:33:00,EBON
2.315,2.315,2.315,2.315,2327,2021-11-09 20:34:00,EBON
2.315,2.315,2.302,2.302,12933,2021-11-09 20:35:00,EBON
2.305,2.305,2.305,2.305,1152,2021-11-09 20:36:00,EBON
2.305,2.305,2.305,2.305,300,2021-11-09 20:37:00,EBON
2.31,2.315,2.305,2.315,21387,2021-11-09 20:38:00,EBON
2.315,2.315,2.31,2.315,2373,2021-11-09 20:39:00,EBON
2.315,2.315,2.31,2.315,3078,2021-11-09 20:40:00,EBON
2.315,2.3199,2.31,2.3199,1250,2021-11-09 20:41:00,EBON
2.3102,2.315,2.3102,2.315,320,2021-11-09 20:42:00,EBON
2.315,2.315,2.31,2.31,2000,2021-11-09 20:43:00,EBON
2.31,2.3199,2.31,2.315,9698,2021-11-09 20:44:00,EBON
2.315,2.315,2.31,2.315,1850,2021-11-09 20:45:00,EBON
2.31,2.315,2.31,2.315,264,2021-11-09 20:46:00,EBON
2.315,2.315,2.315,2.315,650,2021-11-09 20:47:00,EBON
2.31,2.315,2.31,2.315,1137,2021-11-09 20:48:00,EBON
2.315,2.319,2.31,2.315,1800,2021-11-09 20:49:00,EBON
2.32,2.33,2.31,2.325,48647,2021-11-09 20:50:00,EBON
2.3263,2.3263,2.32,2.325,3518,2021-11-09 20:51:00,EBON
2.325,2.33,2.32,2.33,3500,2021-11-09 20:52:00,EBON
2.325,2.325,2.32,2.32,11850,2021-11-09 20:53:00,EBON
2.325,2.34,2.32,2.34,46511,2021-11-09 20:54:00,EBON
2.34,2.34,2.335,2.335,2028,2021-11-09 20:55:00,EBON
2.335,2.3399,2.335,2.3399,600,2021-11-09 20:56:00,EBON
2.335,2.34,2.3301,2.34,16154,2021-11-09 20:57:00,EBON
2.34,2.34,2.3301,2.34,8837,2021-11-09 20:58:00,EBON
2.335,2.34,2.33,2.335,17130,2021-11-09 20:59:00,EBON
2.33,2.34,2.33,2.34,85255,2021-11-09 21:00:00,EBON
2.33,2.33,2.33,2.33,100,2021-11-09 21:01:00,EBON
2.32,2.32,2.32,2.32,336,2021-11-09 21:09:00,EBON
2.32,2.32,2.32,2.32,2100,2021-11-09 21:11:00,EBON
2.3,2.3,2.3,2.3,385,2021-11-09 21:14:00,EBON
2.302,2.302,2.3,2.3,15828,2021-11-09 21:18:00,EBON
2.33,2.33,2.33,2.33,10568,2021-11-09 21:35:00,EBON
2.28,2.28,2.28,2.28,200,2021-11-09 21:36:00,EBON
2.29,2.29,2.29,2.29,300,2021-11-09 21:39:00,EBON
2.3,2.3,2.3,2.3,704,2021-11-09 21:41:00,EBON
2.25,2.25,2.25,2.25,300,2021-11-09 21:59:00,EBON
2.26,2.26,2.26,2.26,519,2021-11-09 22:03:00,EBON
2.26,2.26,2.26,2.26,100,2021-11-09 22:06:00,EBON
2.26,2.26,2.26,2.26,1000,2021-11-09 22:10:00,EBON
2.27,2.27,2.26,2.26,219,2021-11-09 22:17:00,EBON
2.26,2.26,2.26,2.26,1450,2021-11-09 22:34:00,EBON
2.27,2.27,2.27,2.27,500,2021-11-09 22:51:00,EBON
2.29,2.29,2.29,2.29,1700,2021-11-09 22:59:00,EBON
2.29,2.29,2.29,2.29,300,2021-11-09 23:22:00,EBON
2.32,2.32,2.32,2.32,199,2021-11-09 23:51:00,EBON
2.32,2.32,2.32,2.32,2000,2021-11-09 23:58:00,EBON
2.29,2.29,2.29,2.29,10000,2021-11-10 00:55:00,EBON
2.28,2.28,2.28,2.28,475,2021-11-10 00:57:00,EBON
2.28,2.28,2.28,2.28,5000,2021-11-10 00:58:00,EBON
2.33,2.33,2.33,2.33,1449,2021-11-10 09:22:00,EBON
2.33,2.33,2.33,2.33,100,2021-11-10 09:23:00,EBON
2.33,2.33,2.33,2.33,1241,2021-11-10 09:24:00,EBON
2.32,2.32,2.32,2.32,1783,2021-11-10 10:53:00,EBON
2.23,2.25,2.22,2.22,2222,2021-11-10 11:37:00,EBON
2.29,2.29,2.29,2.29,100,2021-11-10 12:00:00,EBON
2.28,2.28,2.28,2.28,200,2021-11-10 12:06:00,EBON
2.29,2.29,2.29,2.29,2000,2021-11-10 12:13:00,EBON
2.28,2.29,2.28,2.29,835,2021-11-10 12:18:00,EBON
2.29,2.29,2.28,2.28,1206,2021-11-10 12:19:00,EBON
2.27,2.27,2.27,2.27,100,2021-11-10 12:24:00,EBON
2.27,2.28,2.26,2.28,1236,2021-11-10 12:25:00,EBON
2.29,2.29,2.29,2.29,4394,2021-11-10 12:34:00,EBON
2.29,2.29,2.29,2.29,2000,2021-11-10 12:36:00,EBON
2.29,2.3,2.29,2.3,1700,2021-11-10 12:38:00,EBON
2.29,2.29,2.29,2.29,300,2021-11-10 12:40:00,EBON
2.29,2.29,2.29,2.29,500,2021-11-10 13:00:00,EBON
2.29,2.29,2.29,2.29,3000,2021-11-10 13:03:00,EBON
2.3,2.3,2.29,2.29,1485,2021-11-10 13:16:00,EBON
2.28,2.28,2.28,2.28,300,2021-11-10 13:19:00,EBON
2.28,2.28,2.28,2.28,100,2021-11-10 13:20:00,EBON
2.27,2.27,2.27,2.27,534,2021-11-10 13:21:00,EBON
2.27,2.27,2.27,2.27,100,2021-11-10 13:37:00,EBON
2.27,2.27,2.27,2.27,1000,2021-11-10 13:38:00,EBON
2.27,2.27,2.27,2.27,1669,2021-11-10 13:41:00,EBON
2.28,2.28,2.28,2.28,100,2021-11-10 13:49:00,EBON
2.29,2.3,2.29,2.3,1990,2021-11-10 13:56:00,EBON
2.28,2.29,2.28,2.29,200,2021-11-10 13:57:00,EBON
2.2801,2.2801,2.2801,2.2801,1000,2021-11-10 13:59:00,EBON
2.28,2.3,2.28,2.3,3985,2021-11-10 14:00:00,EBON
2.3,2.31,2.3,2.31,603,2021-11-10 14:01:00,EBON
2.32,2.32,2.32,2.32,2300,2021-11-10 14:03:00,EBON
2.32,2.32,2.32,2.32,1181,2021-11-10 14:04:00,EBON
2.33,2.34,2.33,2.34,5300,2021-11-10 14:05:00,EBON
2.34,2.36,2.34,2.34,1625,2021-11-10 14:06:00,EBON
2.35,2.36,2.34,2.35,1410,2021-11-10 14:07:00,EBON
2.35,2.35,2.35,2.35,1000,2021-11-10 14:08:00,EBON
2.35,2.36,2.35,2.35,652,2021-11-10 14:09:00,EBON
2.36,2.36,2.36,2.36,952,2021-11-10 14:11:00,EBON
2.36,2.36,2.36,2.36,9100,2021-11-10 14:13:00,EBON
2.35,2.35,2.32,2.32,27665,2021-11-10 14:14:00,EBON
2.32,2.33,2.32,2.32,5800,2021-11-10 14:15:00,EBON
2.32,2.32,2.32,2.32,1496,2021-11-10 14:16:00,EBON
2.32,2.3499,2.32,2.34,4314,2021-11-10 14:17:00,EBON
2.34,2.34,2.34,2.34,100,2021-11-10 14:18:00,EBON
2.33,2.33,2.33,2.33,1000,2021-11-10 14:19:00,EBON
2.33,2.34,2.33,2.33,3236,2021-11-10 14:20:00,EBON
2.34,2.34,2.33,2.33,3619,2021-11-10 14:21:00,EBON
2.33,2.33,2.33,2.33,1004,2021-11-10 14:22:00,EBON
2.34,2.34,2.31,2.31,8020,2021-11-10 14:23:00,EBON
2.34,2.34,2.34,2.34,2400,2021-11-10 14:25:00,EBON
2.31,2.31,2.3,2.3,2000,2021-11-10 14:26:00,EBON
2.31,2.3199,2.31,2.3199,716,2021-11-10 14:27:00,EBON
2.32,2.33,2.31,2.33,495,2021-11-10 14:28:00,EBON
2.33,2.33,2.31,2.31,925,2021-11-10 14:29:00,EBON
2.3,2.31,2.285,2.31,30698,2021-11-10 14:30:00,EBON
2.3,2.31,2.3,2.3023,11288,2021-11-10 14:31:00,EBON
2.3,2.3,2.26,2.2612,19646,2021-11-10 14:32:00,EBON
2.262,2.277,2.262,2.2701,15675,2021-11-10 14:33:00,EBON
2.27,2.27,2.25,2.27,42870,2021-11-10 14:34:00,EBON
2.265,2.3,2.26,2.29,30304,2021-11-10 14:35:00,EBON
2.295,2.295,2.27,2.29,34133,2021-11-10 14:36:00,EBON
2.285,2.3,2.285,2.29,5457,2021-11-10 14:37:00,EBON
2.29,2.2919,2.27,2.29,28351,2021-11-10 14:38:00,EBON
2.29,2.29,2.28,2.28,2300,2021-11-10 14:39:00,EBON
2.278,2.2799,2.275,2.275,646,2021-11-10 14:40:00,EBON
2.27,2.27,2.25,2.26,20162,2021-11-10 14:41:00,EBON
2.255,2.255,2.24,2.24,11970,2021-11-10 14:42:00,EBON
2.25,2.255,2.235,2.235,23725,2021-11-10 14:43:00,EBON
2.235,2.239,2.23,2.235,38770,2021-11-10 14:44:00,EBON
2.24,2.26,2.23,2.24,33295,2021-11-10 14:45:00,EBON
2.25,2.27,2.245,2.26,19982,2021-11-10 14:46:00,EBON
2.26,2.26,2.255,2.255,4151,2021-11-10 14:47:00,EBON
2.25,2.2799,2.25,2.27,23136,2021-11-10 14:48:00,EBON
2.275,2.275,2.26,2.26,6067,2021-11-10 14:49:00,EBON
2.2606,2.2606,2.241,2.241,11022,2021-11-10 14:50:00,EBON
2.2401,2.25,2.2401,2.25,2928,2021-11-10 14:51:00,EBON
2.245,2.245,2.22,2.22,33137,2021-11-10 14:52:00,EBON
2.23,2.25,2.222,2.25,209457,2021-11-10 14:53:00,EBON
2.25,2.26,2.235,2.255,335308,2021-11-10 14:54:00,EBON
2.2591,2.2591,2.24,2.24,6815,2021-11-10 14:55:00,EBON
2.2418,2.245,2.24,2.24,6134,2021-11-10 14:56:00,EBON
2.25,2.2591,2.245,2.2591,23728,2021-11-10 14:57:00,EBON
2.25,2.259,2.25,2.2514,3308,2021-11-10 14:58:00,EBON
2.26,2.26,2.255,2.26,5697,2021-11-10 14:59:00,EBON
2.25,2.25,2.24,2.24,4544,2021-11-10 15:00:00,EBON
2.2408,2.2408,2.24,2.24,4049,2021-11-10 15:01:00,EBON
2.23,2.23,2.22,2.22,6042,2021-11-10 15:02:00,EBON
2.22,2.2207,2.215,2.22,22466,2021-11-10 15:03:00,EBON
2.2212,2.23,2.22,2.22,19346,2021-11-10 15:04:00,EBON
2.225,2.225,2.22,2.225,1100,2021-11-10 15:05:00,EBON
2.2209,2.23,2.2209,2.23,19910,2021-11-10 15:06:00,EBON
2.235,2.245,2.235,2.245,8129,2021-11-10 15:07:00,EBON
2.24,2.24,2.2301,2.2395,14576,2021-11-10 15:08:00,EBON
2.2391,2.24,2.23,2.23,5189,2021-11-10 15:09:00,EBON
2.22,2.22,2.212,2.22,6881,2021-11-10 15:10:00,EBON
2.22,2.22,2.2101,2.2101,2714,2021-11-10 15:11:00,EBON
2.2111,2.23,2.2111,2.23,8156,2021-11-10 15:12:00,EBON
2.221,2.2273,2.221,2.2273,1500,2021-11-10 15:13:00,EBON
2.2299,2.23,2.22,2.22,8916,2021-11-10 15:14:00,EBON
2.218,2.22,2.2115,2.2199,5156,2021-11-10 15:15:00,EBON
2.22,2.22,2.21,2.21,13226,2021-11-10 15:16:00,EBON
2.2036,2.23,2.2036,2.222,11290,2021-11-10 15:17:00,EBON
2.23,2.23,2.225,2.225,2100,2021-11-10 15:18:00,EBON
2.23,2.23,2.22,2.22,12664,2021-11-10 15:19:00,EBON
2.22,2.22,2.21,2.22,2452,2021-11-10 15:20:00,EBON
2.22,2.23,2.22,2.23,881,2021-11-10 15:21:00,EBON
2.22,2.22,2.22,2.22,900,2021-11-10 15:22:00,EBON
2.21,2.21,2.21,2.21,8169,2021-11-10 15:23:00,EBON
2.21,2.21,2.2,2.21,7100,2021-11-10 15:24:00,EBON
2.21,2.21,2.2,2.2,1168,2021-11-10 15:25:00,EBON
2.2,2.22,2.2,2.21,5963,2021-11-10 15:26:00,EBON
2.2195,2.22,2.215,2.22,5778,2021-11-10 15:27:00,EBON
2.215,2.22,2.21,2.21,3600,2021-11-10 15:28:00,EBON
2.21,2.2105,2.21,2.2105,5500,2021-11-10 15:29:00,EBON
2.2183,2.23,2.2101,2.23,69345,2021-11-10 15:30:00,EBON
2.22,2.22,2.21,2.21,1115,2021-11-10 15:31:00,EBON
2.21,2.21,2.2,2.2,13490,2021-11-10 15:32:00,EBON
2.2,2.2005,2.19,2.195,27820,2021-11-10 15:33:00,EBON
2.195,2.2,2.19,2.192,12929,2021-11-10 15:34:00,EBON
2.2,2.21,2.2,2.2,5327,2021-11-10 15:35:00,EBON
2.205,2.21,2.205,2.21,2600,2021-11-10 15:36:00,EBON
2.205,2.205,2.2,2.2,1300,2021-11-10 15:37:00,EBON
2.2,2.21,2.1921,2.21,5995,2021-11-10 15:38:00,EBON
2.205,2.21,2.205,2.205,1932,2021-11-10 15:39:00,EBON
2.21,2.21,2.21,2.21,400,2021-11-10 15:40:00,EBON
2.2,2.205,2.2,2.2,21857,2021-11-10 15:41:00,EBON
2.1906,2.2,2.19,2.195,3300,2021-11-10 15:42:00,EBON
2.1999,2.1999,2.195,2.195,400,2021-11-10 15:43:00,EBON
2.1957,2.2,2.19,2.1909,2935,2021-11-10 15:44:00,EBON
2.2,2.21,2.195,2.2099,19570,2021-11-10 15:45:00,EBON
2.22,2.22,2.215,2.215,2300,2021-11-10 15:46:00,EBON
2.22,2.22,2.21,2.21,25606,2021-11-10 15:47:00,EBON
2.2011,2.2073,2.2011,2.205,2500,2021-11-10 15:49:00,EBON
2.208,2.21,2.2,2.205,5006,2021-11-10 15:50:00,EBON
2.21,2.23,2.2,2.22,13098,2021-11-10 15:51:00,EBON
2.22,2.22,2.22,2.22,100,2021-11-10 15:52:00,EBON
2.215,2.215,2.21,2.2101,2100,2021-11-10 15:53:00,EBON
2.22,2.22,2.21,2.215,2000,2021-11-10 15:54:00,EBON
2.2101,2.215,2.21,2.215,3038,2021-11-10 15:55:00,EBON
2.21,2.21,2.205,2.205,5200,2021-11-10 15:56:00,EBON
2.205,2.22,2.205,2.215,7290,2021-11-10 15:57:00,EBON
2.215,2.2182,2.21,2.215,2200,2021-11-10 15:58:00,EBON
2.215,2.215,2.21,2.21,850,2021-11-10 15:59:00,EBON
2.2198,2.2198,2.2112,2.215,2600,2021-11-10 16:01:00,EBON
2.22,2.22,2.21,2.22,24902,2021-11-10 16:02:00,EBON
2.22,2.23,2.215,2.23,16304,2021-11-10 16:03:00,EBON
2.225,2.225,2.225,2.225,300,2021-11-10 16:04:00,EBON
2.22,2.22,2.215,2.215,2700,2021-11-10 16:05:00,EBON
2.2107,2.215,2.2107,2.2108,7500,2021-11-10 16:06:00,EBON
2.212,2.22,2.212,2.22,4200,2021-11-10 16:07:00,EBON
2.22,2.22,2.21,2.21,4000,2021-11-10 16:08:00,EBON
2.215,2.215,2.21,2.21,600,2021-11-10 16:09:00,EBON
2.215,2.215,2.2101,2.2101,11600,2021-11-10 16:10:00,EBON
2.2101,2.2101,2.21,2.21,235,2021-11-10 16:11:00,EBON
2.2199,2.2199,2.2101,2.215,1500,2021-11-10 16:12:00,EBON
2.21,2.21,2.2099,2.2099,1701,2021-11-10 16:14:00,EBON
2.2,2.2,2.1913,2.195,21288,2021-11-10 16:15:00,EBON
2.195,2.2,2.195,2.195,3655,2021-11-10 16:16:00,EBON
2.2,2.2,2.2,2.2,200,2021-11-10 16:17:00,EBON
2.1999,2.2,2.1991,2.1991,3550,2021-11-10 16:18:00,EBON
2.195,2.195,2.195,2.195,2523,2021-11-10 16:19:00,EBON
2.1925,2.2,2.1925,2.2,300,2021-11-10 16:20:00,EBON
2.2,2.2,2.2,2.2,300,2021-11-10 16:21:00,EBON
2.2,2.21,2.195,2.2099,24393,2021-11-10 16:22:00,EBON
2.209,2.21,2.205,2.21,5200,2021-11-10 16:23:00,EBON
2.21,2.215,2.2,2.2,6936,2021-11-10 16:24:00,EBON
2.21,2.21,2.21,2.21,2800,2021-11-10 16:25:00,EBON
2.2099,2.21,2.2016,2.2099,8687,2021-11-10 16:26:00,EBON
2.205,2.21,2.2,2.21,3000,2021-11-10 16:27:00,EBON
2.205,2.21,2.205,2.21,1060,2021-11-10 16:28:00,EBON
2.21,2.21,2.21,2.21,100,2021-11-10 16:29:00,EBON
2.21,2.21,2.205,2.205,2600,2021-11-10 16:30:00,EBON
2.205,2.2085,2.205,2.2085,500,2021-11-10 16:31:00,EBON
2.21,2.21,2.205,2.2095,552,2021-11-10 16:32:00,EBON
2.2092,2.21,2.2092,2.21,3500,2021-11-10 16:33:00,EBON
2.205,2.22,2.205,2.21,2500,2021-11-10 16:34:00,EBON
2.215,2.22,2.2115,2.2115,1189,2021-11-10 16:35:00,EBON
2.215,2.215,2.215,2.215,2500,2021-11-10 16:36:00,EBON
2.2183,2.22,2.2115,2.2115,1800,2021-11-10 16:37:00,EBON
2.215,2.22,2.215,2.22,200,2021-11-10 16:38:00,EBON
2.2111,2.2177,2.2111,2.2177,10300,2021-11-10 16:39:00,EBON
2.22,2.22,2.21,2.21,1100,2021-11-10 16:40:00,EBON
2.213,2.215,2.21,2.215,1050,2021-11-10 16:41:00,EBON
2.2106,2.2106,2.21,2.21,2200,2021-11-10 16:42:00,EBON
2.215,2.215,2.2,2.2,25370,2021-11-10 16:43:00,EBON
2.2,2.205,2.195,2.205,7079,2021-11-10 16:44:00,EBON
2.21,2.21,2.2,2.2,4635,2021-11-10 16:45:00,EBON
2.2001,2.201,2.2001,2.201,3930,2021-11-10 16:46:00,EBON
2.21,2.2199,2.205,2.2199,15702,2021-11-10 16:47:00,EBON
2.2101,2.2101,2.2101,2.2101,150,2021-11-10 16:48:00,EBON
2.22,2.22,2.2106,2.2106,16400,2021-11-10 16:49:00,EBON
2.22,2.22,2.22,2.22,100,2021-11-10 16:50:00,EBON
2.22,2.22,2.215,2.22,658,2021-11-10 16:51:00,EBON
2.2109,2.2109,2.2109,2.2109,300,2021-11-10 16:52:00,EBON
2.215,2.22,2.215,2.22,600,2021-11-10 16:53:00,EBON
2.2192,2.2192,2.2192,2.2192,5000,2021-11-10 16:54:00,EBON
2.22,2.22,2.22,2.22,100,2021-11-10 16:55:00,EBON
2.2145,2.22,2.2145,2.22,210,2021-11-10 16:57:00,EBON
2.215,2.215,2.215,2.215,100,2021-11-10 16:58:00,EBON
2.2185,2.2185,2.215,2.215,700,2021-11-10 16:59:00,EBON
2.22,2.22,2.215,2.215,200,2021-11-10 17:00:00,EBON
2.2195,2.2195,2.215,2.215,1400,2021-11-10 17:01:00,EBON
2.215,2.22,2.215,2.215,1000,2021-11-10 17:02:00,EBON
2.2118,2.22,2.21,2.22,4829,2021-11-10 17:03:00,EBON
2.2189,2.2189,2.215,2.215,2352,2021-11-10 17:04:00,EBON
2.215,2.22,2.215,2.22,2755,2021-11-10 17:05:00,EBON
2.215,2.215,2.215,2.215,100,2021-11-10 17:06:00,EBON
2.2187,2.22,2.215,2.22,4388,2021-11-10 17:07:00,EBON
2.2187,2.2187,2.2187,2.2187,250,2021-11-10 17:08:00,EBON
2.215,2.215,2.2107,2.2107,10100,2021-11-10 17:09:00,EBON
2.215,2.22,2.215,2.215,2800,2021-11-10 17:10:00,EBON
2.215,2.215,2.21,2.21,1450,2021-11-10 17:11:00,EBON
2.215,2.215,2.21,2.21,3062,2021-11-10 17:12:00,EBON
2.21,2.2117,2.21,2.2101,2509,2021-11-10 17:13:00,EBON
2.2,2.205,2.2,2.205,950,2021-11-10 17:15:00,EBON
2.2,2.2085,2.2,2.2085,8600,2021-11-10 17:16:00,EBON
2.2,2.2022,2.2,2.2,760,2021-11-10 17:17:00,EBON
2.205,2.21,2.2,2.21,700,2021-11-10 17:18:00,EBON
2.2029,2.2029,2.2,2.2,600,2021-11-10 17:19:00,EBON
2.205,2.205,2.205,2.205,200,2021-11-10 17:20:00,EBON
2.2,2.205,2.2,2.205,200,2021-11-10 17:21:00,EBON
2.2,2.2075,2.2,2.2001,560,2021-11-10 17:22:00,EBON
2.2,2.205,2.2,2.205,300,2021-11-10 17:23:00,EBON
2.208,2.208,2.205,2.205,300,2021-11-10 17:24:00,EBON
2.205,2.205,2.201,2.201,1100,2021-11-10 17:25:00,EBON
2.205,2.21,2.2,2.2,1290,2021-11-10 17:26:00,EBON
2.2,2.205,2.2,2.205,3500,2021-11-10 17:27:00,EBON
2.2,2.2,2.2,2.2,7272,2021-11-10 17:28:00,EBON
2.2,2.2,2.2,2.2,100,2021-11-10 17:29:00,EBON
2.1954,2.2,2.195,2.1984,4708,2021-11-10 17:32:00,EBON
2.19,2.19,2.19,2.19,1664,2021-11-10 17:33:00,EBON
2.195,2.195,2.185,2.185,17609,2021-11-10 17:34:00,EBON
2.185,2.205,2.185,2.205,25048,2021-11-10 17:35:00,EBON
2.2045,2.2045,2.2045,2.2045,100,2021-11-10 17:36:00,EBON
2.21,2.21,2.21,2.21,200,2021-11-10 17:37:00,EBON
2.21,2.21,2.21,2.21,100,2021-11-10 17:38:00,EBON
2.2008,2.2008,2.2008,2.2008,750,2021-11-10 17:39:00,EBON
2.21,2.21,2.21,2.21,100,2021-11-10 17:40:00,EBON
2.2093,2.21,2.205,2.21,11200,2021-11-10 17:43:00,EBON
2.2,2.205,2.19,2.19,18041,2021-11-10 17:44:00,EBON
2.195,2.195,2.19,2.19,3800,2021-11-10 17:45:00,EBON
2.19,2.195,2.19,2.195,600,2021-11-10 17:46:00,EBON
2.19,2.195,2.19,2.195,252,2021-11-10 17:47:00,EBON
2.195,2.2,2.19,2.2,2674,2021-11-10 17:48:00,EBON
2.1914,2.2,2.19,2.2,3905,2021-11-10 17:49:00,EBON
2.2,2.2,2.195,2.195,1456,2021-11-10 17:50:00,EBON
2.195,2.195,2.195,2.195,100,2021-11-10 17:51:00,EBON
2.19,2.195,2.19,2.195,350,2021-11-10 17:52:00,EBON
2.195,2.195,2.195,2.195,100,2021-11-10 17:53:00,EBON
2.195,2.2,2.195,2.195,300,2021-11-10 17:54:00,EBON
2.195,2.195,2.195,2.195,100,2021-11-10 17:56:00,EBON
2.2,2.2,2.192,2.192,700,2021-11-10 17:57:00,EBON
2.1939,2.195,2.19,2.195,700,2021-11-10 17:58:00,EBON
2.195,2.195,2.19,2.195,1900,2021-11-10 17:59:00,EBON
2.195,2.195,2.195,2.195,100,2021-11-10 18:00:00,EBON
2.1904,2.195,2.19,2.195,2210,2021-11-10 18:01:00,EBON
2.1921,2.195,2.19,2.19,10059,2021-11-10 18:02:00,EBON
2.18,2.18,2.17,2.1722,32077,2021-11-10 18:03:00,EBON
2.1752,2.1752,2.17,2.17,10132,2021-11-10 18:04:00,EBON
2.17,2.17,2.1623,2.165,2929,2021-11-10 18:05:00,EBON
2.1601,2.1601,2.1601,2.1601,150,2021-11-10 18:07:00,EBON
2.1683,2.17,2.16,2.1699,2771,2021-11-10 18:08:00,EBON
2.17,2.18,2.165,2.18,11507,2021-11-10 18:09:00,EBON
2.17,2.17,2.165,2.165,7699,2021-11-10 18:10:00,EBON
2.17,2.17,2.17,2.17,582,2021-11-10 18:11:00,EBON
2.165,2.17,2.165,2.165,6182,2021-11-10 18:12:00,EBON
2.165,2.17,2.165,2.1694,5558,2021-11-10 18:13:00,EBON
2.165,2.165,2.16,2.16,2731,2021-11-10 18:14:00,EBON
2.1621,2.17,2.155,2.155,14848,2021-11-10 18:15:00,EBON
2.155,2.1599,2.15,2.15,14707,2021-11-10 18:16:00,EBON
2.15,2.155,2.14,2.155,14405,2021-11-10 18:17:00,EBON
2.15,2.1523,2.145,2.145,4395,2021-11-10 18:18:00,EBON
2.15,2.1599,2.1485,2.1494,40629,2021-11-10 18:19:00,EBON
2.141,2.15,2.1401,2.1497,8140,2021-11-10 18:20:00,EBON
2.15,2.15,2.1499,2.15,2843,2021-11-10 18:21:00,EBON
2.14,2.15,2.14,2.145,7879,2021-11-10 18:22:00,EBON
2.14,2.145,2.13,2.13,19990,2021-11-10 18:23:00,EBON
2.14,2.14,2.125,2.125,8977,2021-11-10 18:24:00,EBON
2.125,2.135,2.125,2.13,6100,2021-11-10 18:25:00,EBON
2.1301,2.14,2.1301,2.14,800,2021-11-10 18:26:00,EBON
2.135,2.15,2.135,2.15,14444,2021-11-10 18:27:00,EBON
2.145,2.15,2.14,2.15,2450,2021-11-10 18:28:00,EBON
2.145,2.15,2.145,2.15,862,2021-11-10 18:29:00,EBON
2.145,2.15,2.145,2.15,3800,2021-11-10 18:30:00,EBON
2.1416,2.15,2.1416,2.15,573,2021-11-10 18:31:00,EBON
2.1452,2.15,2.1452,2.1499,22005,2021-11-10 18:32:00,EBON
2.16,2.16,2.155,2.16,2300,2021-11-10 18:33:00,EBON
2.1586,2.16,2.1519,2.1519,1700,2021-11-10 18:34:00,EBON
2.155,2.1557,2.155,2.1557,1837,2021-11-10 18:35:00,EBON
2.155,2.155,2.15,2.15,1400,2021-11-10 18:36:00,EBON
2.16,2.16,2.15,2.155,1500,2021-11-10 18:37:00,EBON
2.1525,2.1525,2.1525,2.1525,100,2021-11-10 18:38:00,EBON
2.16,2.16,2.155,2.1571,6000,2021-11-10 18:40:00,EBON
2.1501,2.155,2.1501,2.155,7750,2021-11-10 18:41:00,EBON
2.1598,2.1598,2.1598,2.1598,700,2021-11-10 18:42:00,EBON
2.16,2.16,2.155,2.16,8643,2021-11-10 18:43:00,EBON
2.155,2.16,2.155,2.155,700,2021-11-10 18:44:00,EBON
2.16,2.16,2.152,2.155,720,2021-11-10 18:45:00,EBON
2.16,2.16,2.155,2.1581,1800,2021-11-10 18:46:00,EBON
2.16,2.16,2.16,2.16,125,2021-11-10 18:47:00,EBON
2.15,2.16,2.15,2.16,3265,2021-11-10 18:48:00,EBON
2.15,2.155,2.145,2.148,7360,2021-11-10 18:49:00,EBON
2.14,2.14,2.14,2.14,100,2021-11-10 18:50:00,EBON
2.14,2.145,2.14,2.145,3248,2021-11-10 18:51:00,EBON
2.14,2.145,2.13,2.135,19323,2021-11-10 18:52:00,EBON
2.13,2.13,2.12,2.125,11050,2021-11-10 18:53:00,EBON
2.125,2.125,2.125,2.125,495,2021-11-10 18:54:00,EBON
2.1299,2.1299,2.124,2.125,3375,2021-11-10 18:55:00,EBON
2.12,2.12,2.12,2.12,21030,2021-11-10 18:56:00,EBON
2.12,2.12,2.11,2.115,16875,2021-11-10 18:57:00,EBON
2.1199,2.1299,2.115,2.1299,8173,2021-11-10 18:58:00,EBON
2.13,2.13,2.1,2.13,76336,2021-11-10 18:59:00,EBON
2.125,2.125,2.11,2.12,6596,2021-11-10 19:00:00,EBON
2.11,2.115,2.09,2.1,37842,2021-11-10 19:01:00,EBON
2.1,2.11,2.1,2.11,37520,2021-11-10 19:02:00,EBON
2.11,2.11,2.1001,2.1001,6419,2021-11-10 19:03:00,EBON
2.11,2.11,2.1,2.105,17042,2021-11-10 19:04:00,EBON
2.105,2.1094,2.1,2.1094,12172,2021-11-10 19:05:00,EBON
2.1099,2.1101,2.1099,2.1101,10551,2021-11-10 19:06:00,EBON
2.115,2.12,2.1119,2.12,1736,2021-11-10 19:07:00,EBON
2.12,2.12,2.1116,2.12,2500,2021-11-10 19:08:00,EBON
2.12,2.12,2.115,2.12,5600,2021-11-10 19:09:00,EBON
2.12,2.12,2.11,2.12,5279,2021-11-10 19:10:00,EBON
2.115,2.12,2.11,2.113,6633,2021-11-10 19:11:00,EBON
2.1103,2.115,2.1103,2.115,22100,2021-11-10 19:12:00,EBON
2.1199,2.12,2.115,2.12,3564,2021-11-10 19:13:00,EBON
2.1197,2.13,2.1119,2.115,34914,2021-11-10 19:14:00,EBON
2.11,2.125,2.11,2.125,16354,2021-11-10 19:15:00,EBON
2.125,2.125,2.125,2.125,400,2021-11-10 19:16:00,EBON
2.1216,2.125,2.1216,2.125,1118,2021-11-10 19:17:00,EBON
2.125,2.1283,2.1201,2.1201,3300,2021-11-10 19:18:00,EBON
2.12,2.1284,2.12,2.125,1608,2021-11-10 19:19:00,EBON
2.12,2.12,2.11,2.11,17981,2021-11-10 19:20:00,EBON
2.11,2.11,2.1,2.1,11015,2021-11-10 19:21:00,EBON
2.1099,2.1099,2.1099,2.1099,200,2021-11-10 19:22:00,EBON
2.1063,2.1063,2.1,2.1,1077,2021-11-10 19:23:00,EBON
2.1,2.1,2.0923,2.0923,9374,2021-11-10 19:24:00,EBON
2.0901,2.0974,2.09,2.095,6434,2021-11-10 19:25:00,EBON
2.1,2.1,2.085,2.085,10377,2021-11-10 19:26:00,EBON
2.0823,2.085,2.0823,2.085,2100,2021-11-10 19:27:00,EBON
2.0899,2.09,2.08,2.09,5450,2021-11-10 19:28:00,EBON
2.09,2.09,2.072,2.0799,22374,2021-11-10 19:29:00,EBON
2.08,2.09,2.075,2.09,37050,2021-11-10 19:30:00,EBON
2.085,2.09,2.08,2.08,2280,2021-11-10 19:32:00,EBON
2.0823,2.09,2.0823,2.085,2580,2021-11-10 19:33:00,EBON
2.085,2.085,2.085,2.085,1840,2021-11-10 19:34:00,EBON
2.085,2.085,2.08,2.082,3144,2021-11-10 19:35:00,EBON
2.09,2.09,2.0888,2.0888,2100,2021-11-10 19:36:00,EBON
2.08,2.085,2.08,2.085,1100,2021-11-10 19:37:00,EBON
2.0846,2.085,2.0801,2.085,3152,2021-11-10 19:38:00,EBON
2.0805,2.0805,2.0701,2.0781,16947,2021-11-10 19:39:00,EBON
2.08,2.08,2.0701,2.0701,3900,2021-11-10 19:40:00,EBON
2.0713,2.0713,2.0713,2.0713,1932,2021-11-10 19:41:00,EBON
2.07,2.07,2.06,2.06,30770,2021-11-10 19:42:00,EBON
2.06,2.07,2.06,2.0689,5207,2021-11-10 19:43:00,EBON
2.069,2.069,2.05,2.05,6966,2021-11-10 19:44:00,EBON
2.05,2.07,2.05,2.0695,14100,2021-11-10 19:45:00,EBON
2.0645,2.068,2.06,2.06,2100,2021-11-10 19:46:00,EBON
2.065,2.0699,2.065,2.065,6573,2021-11-10 19:47:00,EBON
2.065,2.07,2.06,2.062,3916,2021-11-10 19:48:00,EBON
2.07,2.075,2.07,2.075,6858,2021-11-10 19:49:00,EBON
2.075,2.0792,2.075,2.0792,5540,2021-11-10 19:50:00,EBON
2.07,2.07,2.07,2.07,200,2021-11-10 19:51:00,EBON
2.075,2.09,2.0708,2.09,23631,2021-11-10 19:52:00,EBON
2.09,2.09,2.09,2.09,7262,2021-11-10 19:53:00,EBON
2.085,2.089,2.085,2.085,2800,2021-11-10 19:54:00,EBON
2.0828,2.09,2.08,2.08,6461,2021-11-10 19:55:00,EBON
2.08,2.085,2.08,2.085,600,2021-11-10 19:56:00,EBON
2.0893,2.09,2.0893,2.09,1672,2021-11-10 19:58:00,EBON
2.085,2.085,2.08,2.085,1300,2021-11-10 19:59:00,EBON
2.08,2.08,2.08,2.08,1000,2021-11-10 20:00:00,EBON
2.09,2.09,2.085,2.085,300,2021-11-10 20:01:00,EBON
2.09,2.09,2.09,2.09,500,2021-11-10 20:02:00,EBON
2.08,2.1,2.08,2.1,54470,2021-11-10 20:03:00,EBON
2.095,2.095,2.095,2.095,169,2021-11-10 20:04:00,EBON
2.09,2.095,2.09,2.095,420,2021-11-10 20:05:00,EBON
2.095,2.11,2.095,2.11,14901,2021-11-10 20:06:00,EBON
2.105,2.11,2.09,2.0999,46599,2021-11-10 20:07:00,EBON
2.1,2.1,2.0927,2.0927,5100,2021-11-10 20:08:00,EBON
2.095,2.1,2.095,2.095,1400,2021-11-10 20:09:00,EBON
2.1,2.1,2.095,2.095,300,2021-11-10 20:10:00,EBON
2.095,2.1,2.095,2.1,10450,2021-11-10 20:11:00,EBON
2.11,2.11,2.105,2.105,1862,2021-11-10 20:12:00,EBON
2.1074,2.1074,2.1074,2.1074,1000,2021-11-10 20:13:00,EBON
2.105,2.11,2.105,2.11,4000,2021-11-10 20:14:00,EBON
2.11,2.11,2.105,2.1098,1200,2021-11-10 20:15:00,EBON
2.1095,2.1095,2.1095,2.1095,500,2021-11-10 20:16:00,EBON
2.105,2.105,2.105,2.105,100,2021-11-10 20:17:00,EBON
2.1,2.1,2.08,2.085,37988,2021-11-10 20:18:00,EBON
2.085,2.095,2.085,2.095,9571,2021-11-10 20:19:00,EBON
2.1,2.1,2.1,2.1,176,2021-11-10 20:20:00,EBON
2.1,2.1,2.09,2.0901,40254,2021-11-10 20:21:00,EBON
2.1,2.1,2.095,2.0999,300,2021-11-10 20:23:00,EBON
2.09,2.1,2.09,2.1,10900,2021-11-10 20:24:00,EBON
2.0975,2.0975,2.0975,2.0975,100,2021-11-10 20:25:00,EBON
2.095,2.1,2.095,2.098,1100,2021-11-10 20:26:00,EBON
2.1,2.1,2.1,2.1,100,2021-11-10 20:27:00,EBON
2.098,2.0981,2.095,2.095,733,2021-11-10 20:28:00,EBON
2.0906,2.1,2.0906,2.1,10100,2021-11-10 20:29:00,EBON
2.095,2.095,2.0913,2.0913,1500,2021-11-10 20:30:00,EBON
2.095,2.1,2.095,2.1,200,2021-11-10 20:31:00,EBON
2.095,2.095,2.095,2.095,100,2021-11-10 20:32:00,EBON
2.09,2.0987,2.09,2.0908,14414,2021-11-10 20:33:00,EBON
2.0986,2.1,2.0908,2.1,2721,2021-11-10 20:34:00,EBON
2.09,2.0924,2.09,2.0924,300,2021-11-10 20:35:00,EBON
2.09,2.09,2.09,2.09,6192,2021-11-10 20:36:00,EBON
2.085,2.09,2.08,2.0801,7717,2021-11-10 20:37:00,EBON
2.08,2.08,2.08,2.08,100,2021-11-10 20:38:00,EBON
2.08,2.0888,2.08,2.0888,645,2021-11-10 20:39:00,EBON
2.08,2.0887,2.08,2.0886,2189,2021-11-10 20:40:00,EBON
2.08,2.085,2.075,2.0799,18170,2021-11-10 20:41:00,EBON
2.075,2.0799,2.075,2.0799,300,2021-11-10 20:42:00,EBON
2.0728,2.08,2.0728,2.0788,1340,2021-11-10 20:43:00,EBON
2.075,2.08,2.07,2.0785,11210,2021-11-10 20:45:00,EBON
2.07,2.0799,2.07,2.0727,5227,2021-11-10 20:46:00,EBON
2.0709,2.0786,2.0709,2.0786,4000,2021-11-10 20:47:00,EBON
2.075,2.0789,2.0704,2.0789,1306,2021-11-10 20:48:00,EBON
2.0778,2.0799,2.075,2.0799,350,2021-11-10 20:49:00,EBON
2.0701,2.08,2.07,2.0799,21051,2021-11-10 20:50:00,EBON
2.0773,2.0773,2.07,2.075,1000,2021-11-10 20:51:00,EBON
2.0798,2.08,2.0718,2.08,5425,2021-11-10 20:52:00,EBON
2.0783,2.08,2.0783,2.08,1783,2021-11-10 20:53:00,EBON
2.0795,2.08,2.07,2.0799,2629,2021-11-10 20:54:00,EBON
2.075,2.0799,2.07,2.0704,12141,2021-11-10 20:55:00,EBON
2.075,2.08,2.07,2.0799,12806,2021-11-10 20:56:00,EBON
2.0799,2.08,2.07,2.075,19606,2021-11-10 20:57:00,EBON
2.07,2.075,2.06,2.07,21347,2021-11-10 20:58:00,EBON
2.06,2.07,2.06,2.06,17681,2021-11-10 20:59:00,EBON
2.07,2.08,2.07,2.08,26963,2021-11-10 21:00:00,EBON
2.05,2.05,2.05,2.05,1693,2021-11-10 21:05:00,EBON
2.05,2.05,2.05,2.05,388,2021-11-10 21:06:00,EBON
2.05,2.05,2.05,2.05,150,2021-11-10 21:08:00,EBON
2.05,2.05,2.05,2.05,893,2021-11-10 21:12:00,EBON
2.06,2.06,2.06,2.06,2000,2021-11-10 21:20:00,EBON
2.07,2.07,2.07,2.07,218,2021-11-10 21:21:00,EBON
2.08,2.08,2.08,2.08,1240,2021-11-10 21:23:00,EBON
2.08,2.08,2.08,2.08,529,2021-11-10 21:24:00,EBON
2.08,2.08,2.07,2.07,700,2021-11-10 21:26:00,EBON
2.07,2.07,2.07,2.07,2011,2021-11-10 21:29:00,EBON
2.08,2.08,2.08,2.08,500,2021-11-10 21:30:00,EBON
2.08,2.08,2.08,2.08,1030,2021-11-10 21:33:00,EBON
2.06,2.06,2.05,2.05,1920,2021-11-10 21:35:00,EBON
2.05,2.07,2.05,2.07,23921,2021-11-10 21:36:00,EBON
2.07,2.07,2.07,2.07,250,2021-11-10 21:49:00,EBON
2.06,2.06,2.06,2.06,500,2021-11-10 21:51:00,EBON
2.07,2.07,2.07,2.07,100,2021-11-10 21:53:00,EBON
2.06,2.06,2.06,2.06,1262,2021-11-10 21:56:00,EBON
2.06,2.06,2.06,2.06,1000,2021-11-10 22:05:00,EBON
2.05,2.05,2.05,2.05,1000,2021-11-10 22:07:00,EBON
2.06,2.06,2.06,2.06,631,2021-11-10 22:13:00,EBON
2.08,2.08,2.08,2.08,100,2021-11-10 22:26:00,EBON
2.08,2.08,2.08,2.08,129,2021-11-10 22:31:00,EBON
2.09,2.09,2.09,2.09,649,2021-11-10 22:32:00,EBON
2.08,2.08,2.08,2.08,100,2021-11-10 22:38:00,EBON
2.07,2.07,2.07,2.07,290,2021-11-10 22:57:00,EBON
2.07,2.07,2.07,2.07,513,2021-11-10 22:58:00,EBON
2.08,2.08,2.08,2.08,100,2021-11-10 22:59:00,EBON
2.08,2.08,2.08,2.08,400,2021-11-10 23:02:00,EBON
2.09,2.09,2.09,2.09,100,2021-11-10 23:15:00,EBON
2.07,2.07,2.07,2.07,300,2021-11-10 23:42:00,EBON
2.06,2.06,2.06,2.06,17000,2021-11-10 23:53:00,EBON
2.07,2.07,2.07,2.07,2911,2021-11-10 23:57:00,EBON
2.09,2.09,2.09,2.09,289,2021-11-10 23:59:00,EBON
2.09,2.09,2.09,2.09,1250,2021-11-11 00:10:00,EBON
2.08,2.08,2.08,2.08,200,2021-11-11 00:12:00,EBON
2.09,2.15,2.09,2.15,2935,2021-11-11 00:14:00,EBON
2.15,2.15,2.15,2.15,605,2021-11-11 00:15:00,EBON
2.14,2.14,2.14,2.14,200,2021-11-11 00:19:00,EBON
2.09,2.09,2.09,2.09,200,2021-11-11 00:37:00,EBON
2.14,2.14,2.14,2.14,1784,2021-11-11 00:44:00,EBON
2.13,2.13,2.13,2.13,200,2021-11-11 00:54:00,EBON
2.13,2.13,2.13,2.13,400,2021-11-11 00:58:00,EBON
2.14,2.15,2.14,2.15,1313,2021-11-11 00:59:00,EBON
2.13,2.13,2.13,2.13,100,2021-11-11 11:44:00,EBON
2.1,2.1,2.1,2.1,222,2021-11-11 11:46:00,EBON
2.12,2.12,2.12,2.12,150,2021-11-11 12:18:00,EBON
2.12,2.12,2.12,2.12,1900,2021-11-11 12:21:00,EBON
2.12,2.12,2.12,2.12,100,2021-11-11 12:32:00,EBON
2.12,2.12,2.12,2.12,300,2021-11-11 12:43:00,EBON
2.12,2.12,2.12,2.12,100,2021-11-11 12:46:00,EBON
2.11,2.11,2.11,2.11,750,2021-11-11 13:10:00,EBON
2.11,2.11,2.11,2.11,1036,2021-11-11 13:12:00,EBON
2.12,2.12,2.12,2.12,200,2021-11-11 13:14:00,EBON
2.11,2.11,2.11,2.11,2061,2021-11-11 13:31:00,EBON
2.11,2.11,2.11,2.11,780,2021-11-11 13:51:00,EBON
2.1,2.1,2.1,2.1,150,2021-11-11 14:05:00,EBON
2.1,2.1,2.1,2.1,400,2021-11-11 14:07:00,EBON
2.1001,2.1001,2.1001,2.1001,1150,2021-11-11 14:09:00,EBON
2.1,2.1,2.1,2.1,1700,2021-11-11 14:10:00,EBON
2.1,2.11,2.1,2.11,325,2021-11-11 14:11:00,EBON
2.1,2.1,2.1,2.1,250,2021-11-11 14:14:00,EBON
2.11,2.11,2.11,2.11,300,2021-11-11 14:16:00,EBON
2.1,2.1,2.1,2.1,100,2021-11-11 14:20:00,EBON
2.1,2.1,2.1,2.1,1000,2021-11-11 14:22:00,EBON
2.1,2.1,2.1,2.1,1100,2021-11-11 14:26:00,EBON
2.1,2.11,2.08,2.085,16438,2021-11-11 14:30:00,EBON
2.08,2.08,2.06,2.07,22616,2021-11-11 14:31:00,EBON
2.065,2.075,2.065,2.0701,5395,2021-11-11 14:32:00,EBON
2.07,2.0799,2.07,2.07,6360,2021-11-11 14:33:00,EBON
2.0697,2.07,2.05,2.06,15819,2021-11-11 14:34:00,EBON
2.06,2.06,2.05,2.06,803,2021-11-11 14:35:00,EBON
2.0509,2.0601,2.05,2.06,9800,2021-11-11 14:36:00,EBON
2.06,2.06,2.055,2.06,4150,2021-11-11 14:37:00,EBON
2.0596,2.06,2.05,2.05,5017,2021-11-11 14:38:00,EBON
2.0558,2.0558,2.05,2.05,300,2021-11-11 14:39:00,EBON
2.06,2.06,2.055,2.055,260,2021-11-11 14:40:00,EBON
2.06,2.0791,2.06,2.075,23220,2021-11-11 14:41:00,EBON
2.07,2.085,2.0695,2.085,12519,2021-11-11 14:42:00,EBON
2.0804,2.0804,2.075,2.0763,8350,2021-11-11 14:43:00,EBON
2.08,2.09,2.08,2.09,3300,2021-11-11 14:44:00,EBON
2.09,2.1042,2.09,2.1,12581,2021-11-11 14:45:00,EBON
2.0991,2.105,2.0991,2.105,6700,2021-11-11 14:46:00,EBON
2.1001,2.1001,2.085,2.085,30400,2021-11-11 14:47:00,EBON
2.085,2.085,2.0801,2.0801,2394,2021-11-11 14:48:00,EBON
2.09,2.09,2.0824,2.0824,216,2021-11-11 14:49:00,EBON
2.085,2.11,2.085,2.11,13734,2021-11-11 14:50:00,EBON
2.105,2.1299,2.105,2.115,7498,2021-11-11 14:51:00,EBON
2.12,2.12,2.1114,2.115,2299,2021-11-11 14:52:00,EBON
2.12,2.12,2.12,2.12,1494,2021-11-11 14:53:00,EBON
2.115,2.12,2.115,2.12,1200,2021-11-11 14:54:00,EBON
2.1135,2.1135,2.1135,2.1135,1500,2021-11-11 14:55:00,EBON
2.11,2.11,2.11,2.11,1790,2021-11-11 14:56:00,EBON
2.1,2.1,2.1,2.1,5300,2021-11-11 14:57:00,EBON
2.095,2.095,2.09,2.09,6900,2021-11-11 14:59:00,EBON
2.0894,2.1,2.0894,2.095,4017,2021-11-11 15:00:00,EBON
2.0984,2.0984,2.0885,2.0885,600,2021-11-11 15:01:00,EBON
2.0885,2.0893,2.085,2.0893,9000,2021-11-11 15:03:00,EBON
2.0816,2.09,2.0816,2.0832,7300,2021-11-11 15:04:00,EBON
2.0847,2.1,2.0847,2.1,17123,2021-11-11 15:05:00,EBON
2.1001,2.11,2.1001,2.11,10250,2021-11-11 15:06:00,EBON
2.105,2.105,2.105,2.105,100,2021-11-11 15:07:00,EBON
2.1,2.105,2.0912,2.095,10638,2021-11-11 15:08:00,EBON
2.0914,2.0914,2.0901,2.0901,700,2021-11-11 15:09:00,EBON
2.0912,2.1,2.0912,2.1,1500,2021-11-11 15:10:00,EBON
2.105,2.11,2.1,2.1,18340,2021-11-11 15:11:00,EBON
2.1,2.1006,2.1,2.1006,2900,2021-11-11 15:12:00,EBON
2.1099,2.12,2.1092,2.12,5100,2021-11-11 15:13:00,EBON
2.115,2.115,2.11,2.1104,8700,2021-11-11 15:14:00,EBON
2.12,2.12,2.1,2.1,4588,2021-11-11 15:16:00,EBON
2.101,2.101,2.1,2.1,300,2021-11-11 15:17:00,EBON
2.095,2.095,2.095,2.095,400,2021-11-11 15:18:00,EBON
2.1,2.1,2.1,2.1,100,2021-11-11 15:20:00,EBON
2.095,2.0983,2.091,2.0983,3924,2021-11-11 15:21:00,EBON
2.09,2.09,2.09,2.09,3200,2021-11-11 15:27:00,EBON
2.0872,2.0872,2.0872,2.0872,140,2021-11-11 15:29:00,EBON
2.0878,2.09,2.0878,2.09,350,2021-11-11 15:30:00,EBON
2.0863,2.0863,2.08,2.085,2935,2021-11-11 15:31:00,EBON
2.085,2.09,2.08,2.08,2960,2021-11-11 15:32:00,EBON
2.075,2.075,2.075,2.075,200,2021-11-11 15:36:00,EBON
2.08,2.08,2.075,2.08,3761,2021-11-11 15:37:00,EBON
2.08,2.08,2.0793,2.0793,303,2021-11-11 15:38:00,EBON
2.08,2.09,2.08,2.085,27426,2021-11-11 15:39:00,EBON
2.09,2.09,2.0895,2.0895,4066,2021-11-11 15:40:00,EBON
2.1,2.1,2.095,2.1,5400,2021-11-11 15:41:00,EBON
2.0996,2.1,2.095,2.095,1149,2021-11-11 15:42:00,EBON
2.1,2.1,2.095,2.095,600,2021-11-11 15:43:00,EBON
2.0912,2.0999,2.0912,2.0999,1530,2021-11-11 15:44:00,EBON
2.1,2.1,2.1,2.1,1821,2021-11-11 15:45:00,EBON
2.1,2.1,2.0901,2.0901,250,2021-11-11 15:46:00,EBON
2.095,2.095,2.085,2.085,16931,2021-11-11 15:47:00,EBON
2.0824,2.085,2.0824,2.085,200,2021-11-11 15:48:00,EBON
2.085,2.085,2.08,2.0801,15430,2021-11-11 15:49:00,EBON
2.0726,2.0726,2.07,2.07,1037,2021-11-11 15:50:00,EBON
2.0701,2.0799,2.0701,2.0799,5111,2021-11-11 15:51:00,EBON
2.08,2.08,2.08,2.08,458,2021-11-11 15:52:00,EBON
2.08,2.08,2.08,2.08,1100,2021-11-11 15:55:00,EBON
2.07,2.07,2.07,2.07,150,2021-11-11 15:56:00,EBON
2.075,2.075,2.075,2.075,300,2021-11-11 15:57:00,EBON
2.07,2.07,2.07,2.07,571,2021-11-11 15:59:00,EBON
2.0749,2.0749,2.065,2.065,13208,2021-11-11 16:00:00,EBON
2.07,2.07,2.065,2.065,20419,2021-11-11 16:01:00,EBON
2.07,2.07,2.07,2.07,100,2021-11-11 16:04:00,EBON
2.0627,2.0692,2.06,2.0692,3900,2021-11-11 16:05:00,EBON
2.065,2.07,2.06,2.062,1144,2021-11-11 16:06:00,EBON
2.0619,2.07,2.0619,2.065,3582,2021-11-11 16:07:00,EBON
2.0618,2.07,2.0618,2.07,1420,2021-11-11 16:08:00,EBON
2.0625,2.07,2.0625,2.065,2415,2021-11-11 16:09:00,EBON
2.07,2.07,2.07,2.07,200,2021-11-11 16:10:00,EBON
2.06,2.062,2.06,2.06,10366,2021-11-11 16:11:00,EBON
2.0617,2.065,2.06,2.0601,1619,2021-11-11 16:12:00,EBON
2.07,2.07,2.06,2.06,13088,2021-11-11 16:13:00,EBON
2.0601,2.065,2.06,2.06,705,2021-11-11 16:14:00,EBON
2.065,2.065,2.065,2.065,100,2021-11-11 16:15:00,EBON
2.06,2.06,2.06,2.06,1621,2021-11-11 16:16:00,EBON
2.065,2.065,2.063,2.063,1500,2021-11-11 16:17:00,EBON
2.065,2.065,2.065,2.065,4000,2021-11-11 16:18:00,EBON
2.07,2.07,2.06,2.06,5561,2021-11-11 16:19:00,EBON
2.063,2.063,2.063,2.063,200,2021-11-11 16:20:00,EBON
2.0626,2.0626,2.0626,2.0626,100,2021-11-11 16:21:00,EBON
2.0699,2.0699,2.06,2.065,1735,2021-11-11 16:22:00,EBON
2.0699,2.0699,2.0699,2.0699,500,2021-11-11 16:23:00,EBON
2.06,2.065,2.06,2.0601,1260,2021-11-11 16:24:00,EBON
2.07,2.07,2.0682,2.0682,429,2021-11-11 16:27:00,EBON
2.065,2.065,2.065,2.065,500,2021-11-11 16:32:00,EBON
2.065,2.0687,2.0601,2.0601,890,2021-11-11 16:34:00,EBON
2.0685,2.09,2.065,2.09,57161,2021-11-11 16:35:00,EBON
2.09,2.1,2.09,2.1,16618,2021-11-11 16:36:00,EBON
2.1,2.109,2.1,2.109,5750,2021-11-11 16:37:00,EBON
2.1,2.1,2.1,2.1,178,2021-11-11 16:38:00,EBON
2.1,2.105,2.095,2.1001,14918,2021-11-11 16:39:00,EBON
2.0904,2.0981,2.0904,2.0981,5100,2021-11-11 16:40:00,EBON
2.09,2.09,2.08,2.085,12295,2021-11-11 16:42:00,EBON
2.085,2.085,2.085,2.085,400,2021-11-11 16:43:00,EBON
2.08,2.08,2.08,2.08,100,2021-11-11 16:45:00,EBON
2.085,2.085,2.08,2.08,3100,2021-11-11 16:46:00,EBON
2.0867,2.0867,2.08,2.08,500,2021-11-11 16:47:00,EBON
2.085,2.085,2.085,2.085,100,2021-11-11 16:48:00,EBON
2.0817,2.0817,2.0817,2.0817,130,2021-11-11 16:49:00,EBON
2.085,2.085,2.085,2.085,925,2021-11-11 16:50:00,EBON
2.08,2.08,2.07,2.0718,4681,2021-11-11 16:51:00,EBON
2.075,2.075,2.07,2.07,1300,2021-11-11 16:53:00,EBON
2.0767,2.0767,2.0767,2.0767,218,2021-11-11 16:54:00,EBON
2.08,2.08,2.075,2.08,21650,2021-11-11 16:55:00,EBON
2.0785,2.08,2.075,2.0774,1950,2021-11-11 16:56:00,EBON
2.075,2.0781,2.075,2.0781,600,2021-11-11 16:57:00,EBON
2.075,2.075,2.075,2.075,300,2021-11-11 16:58:00,EBON
2.08,2.08,2.075,2.075,29723,2021-11-11 16:59:00,EBON
2.09,2.0999,2.085,2.0999,11023,2021-11-11 17:01:00,EBON
2.09,2.095,2.09,2.095,250,2021-11-11 17:02:00,EBON
2.095,2.1,2.095,2.095,3700,2021-11-11 17:04:00,EBON
2.1,2.1,2.095,2.1,5482,2021-11-11 17:05:00,EBON
2.105,2.105,2.105,2.105,230,2021-11-11 17:06:00,EBON
2.1,2.105,2.1,2.1,8720,2021-11-11 17:07:00,EBON
2.09,2.09,2.09,2.09,5374,2021-11-11 17:09:00,EBON
2.095,2.095,2.0907,2.0907,3500,2021-11-11 17:10:00,EBON
2.09,2.09,2.09,2.09,5745,2021-11-11 17:12:00,EBON
2.085,2.085,2.085,2.085,300,2021-11-11 17:13:00,EBON
2.085,2.085,2.085,2.085,200,2021-11-11 17:14:00,EBON
2.0802,2.0802,2.0802,2.0802,140,2021-11-11 17:15:00,EBON
2.0883,2.0883,2.08,2.08,1400,2021-11-11 17:17:00,EBON
2.085,2.085,2.085,2.085,400,2021-11-11 17:18:00,EBON
2.087,2.087,2.087,2.087,1500,2021-11-11 17:20:00,EBON
2.085,2.085,2.085,2.085,280,2021-11-11 17:21:00,EBON
2.085,2.085,2.085,2.085,100,2021-11-11 17:22:00,EBON
2.0803,2.0803,2.08,2.08,400,2021-11-11 17:24:00,EBON
2.082,2.082,2.082,2.082,330,2021-11-11 17:25:00,EBON
2.0805,2.0805,2.0805,2.0805,6000,2021-11-11 17:31:00,EBON
2.085,2.085,2.085,2.085,100,2021-11-11 17:33:00,EBON
2.08,2.0827,2.08,2.0801,7288,2021-11-11 17:34:00,EBON
2.0899,2.095,2.0825,2.095,21940,2021-11-11 17:36:00,EBON
2.09,2.1,2.09,2.1,1400,2021-11-11 17:37:00,EBON
2.09,2.1,2.09,2.095,11869,2021-11-11 17:38:00,EBON
2.09,2.09,2.09,2.09,100,2021-11-11 17:39:00,EBON
2.0999,2.0999,2.0999,2.0999,5000,2021-11-11 17:40:00,EBON
2.0963,2.0963,2.0963,2.0963,500,2021-11-11 17:42:00,EBON
2.0922,2.0922,2.0922,2.0922,200,2021-11-11 17:43:00,EBON
2.1,2.1,2.1,2.1,200,2021-11-11 17:45:00,EBON
2.0974,2.0974,2.0974,2.0974,200,2021-11-11 17:47:00,EBON
2.0901,2.0901,2.0901,2.0901,3000,2021-11-11 17:48:00,EBON
2.09,2.09,2.08,2.08,18946,2021-11-11 17:49:00,EBON
2.075,2.075,2.075,2.075,310,2021-11-11 17:50:00,EBON
2.0707,2.075,2.07,2.075,3673,2021-11-11 17:51:00,EBON
2.0755,2.0755,2.0755,2.0755,200,2021-11-11 17:55:00,EBON
2.075,2.075,2.07,2.07,3200,2021-11-11 17:56:00,EBON
2.07,2.07,2.07,2.07,1000,2021-11-11 17:57:00,EBON
2.07,2.07,2.07,2.07,200,2021-11-11 17:59:00,EBON
2.075,2.075,2.071,2.071,1500,2021-11-11 18:00:00,EBON
2.07,2.07,2.06,2.0683,8909,2021-11-11 18:01:00,EBON
2.0618,2.0618,2.0618,2.0618,100,2021-11-11 18:02:00,EBON
2.0686,2.07,2.0686,2.07,14700,2021-11-11 18:03:00,EBON
2.065,2.065,2.065,2.065,700,2021-11-11 18:04:00,EBON
2.0626,2.0626,2.0626,2.0626,200,2021-11-11 18:05:00,EBON
2.07,2.07,2.0662,2.0662,4774,2021-11-11 18:07:00,EBON
2.065,2.07,2.065,2.07,51022,2021-11-11 18:09:00,EBON
2.07,2.08,2.07,2.07,7946,2021-11-11 18:10:00,EBON
2.07,2.08,2.07,2.075,3910,2021-11-11 18:11:00,EBON
2.07,2.075,2.07,2.072,800,2021-11-11 18:12:00,EBON
2.08,2.08,2.08,2.08,500,2021-11-11 18:13:00,EBON
2.0707,2.0707,2.0707,2.0707,2500,2021-11-11 18:15:00,EBON
2.075,2.075,2.075,2.075,133,2021-11-11 18:16:00,EBON
2.0754,2.0754,2.0754,2.0754,100,2021-11-11 18:20:00,EBON
2.0701,2.0701,2.0701,2.0701,1500,2021-11-11 18:21:00,EBON
2.07,2.07,2.065,2.065,9535,2021-11-11 18:22:00,EBON
2.0609,2.0609,2.0609,2.0609,5000,2021-11-11 18:24:00,EBON
2.065,2.065,2.055,2.0586,23564,2021-11-11 18:25:00,EBON
2.055,2.06,2.05,2.06,3924,2021-11-11 18:26:00,EBON
2.055,2.0593,2.055,2.055,2100,2021-11-11 18:27:00,EBON
2.055,2.055,2.0515,2.0515,1730,2021-11-11 18:28:00,EBON
2.055,2.055,2.055,2.055,4100,2021-11-11 18:29:00,EBON
2.055,2.06,2.055,2.06,924,2021-11-11 18:30:00,EBON
2.05,2.055,2.05,2.05,30095,2021-11-11 18:31:00,EBON
2.05,2.05,2.05,2.05,300,2021-11-11 18:33:00,EBON
2.05,2.055,2.05,2.055,700,2021-11-11 18:34:00,EBON
2.0563,2.0563,2.0563,2.0563,780,2021-11-11 18:35:00,EBON
2.05,2.05,2.04,2.045,20558,2021-11-11 18:36:00,EBON
2.0433,2.0499,2.0433,2.0499,450,2021-11-11 18:37:00,EBON
2.0401,2.0499,2.0401,2.0499,2300,2021-11-11 18:38:00,EBON
2.05,2.05,2.04,2.04,413,2021-11-11 18:39:00,EBON
2.0408,2.0408,2.0408,2.0408,350,2021-11-11 18:40:00,EBON
2.045,2.045,2.042,2.042,1800,2021-11-11 18:41:00,EBON
2.0485,2.0485,2.045,2.045,2900,2021-11-11 18:44:00,EBON
2.049,2.049,2.04,2.04,2700,2021-11-11 18:45:00,EBON
2.05,2.05,2.05,2.05,200,2021-11-11 18:46:00,EBON
2.0489,2.0489,2.04,2.0421,7700,2021-11-11 18:47:00,EBON
2.05,2.05,2.045,2.045,1500,2021-11-11 18:48:00,EBON
2.045,2.045,2.045,2.045,500,2021-11-11 18:50:00,EBON
2.0405,2.0499,2.0405,2.0499,800,2021-11-11 18:51:00,EBON
2.0401,2.0401,2.0401,2.0401,250,2021-11-11 18:54:00,EBON
2.045,2.045,2.045,2.045,200,2021-11-11 18:55:00,EBON
2.0401,2.0401,2.0401,2.0401,3550,2021-11-11 18:56:00,EBON
2.04,2.045,2.04,2.045,320,2021-11-11 18:57:00,EBON
2.04,2.0499,2.04,2.0415,670,2021-11-11 18:58:00,EBON
2.0487,2.05,2.045,2.05,6201,2021-11-11 18:59:00,EBON
2.0494,2.0494,2.045,2.045,522,2021-11-11 19:00:00,EBON
2.0415,2.045,2.0415,2.045,3099,2021-11-11 19:01:00,EBON
2.0414,2.0414,2.0414,2.0414,599,2021-11-11 19:02:00,EBON
2.0421,2.0421,2.0421,2.0421,100,2021-11-11 19:03:00,EBON
2.045,2.045,2.045,2.045,1000,2021-11-11 19:04:00,EBON
2.045,2.05,2.045,2.048,1000,2021-11-11 19:05:00,EBON
2.0491,2.05,2.0483,2.0483,5925,2021-11-11 19:06:00,EBON
2.045,2.045,2.045,2.045,250,2021-11-11 19:07:00,EBON
2.045,2.055,2.045,2.055,34529,2021-11-11 19:08:00,EBON
2.055,2.055,2.055,2.055,1008,2021-11-11 19:09:00,EBON
2.055,2.06,2.055,2.055,2254,2021-11-11 19:10:00,EBON
2.055,2.055,2.055,2.055,3000,2021-11-11 19:11:00,EBON
2.06,2.06,2.0589,2.0589,3960,2021-11-11 19:12:00,EBON
2.055,2.06,2.055,2.055,8293,2021-11-11 19:13:00,EBON
2.055,2.055,2.055,2.055,100,2021-11-11 19:14:00,EBON
2.05,2.055,2.0425,2.045,14337,2021-11-11 19:15:00,EBON
2.0496,2.0496,2.0496,2.0496,100,2021-11-11 19:16:00,EBON
2.04,2.04,2.04,2.04,250,2021-11-11 19:17:00,EBON
2.0481,2.0481,2.04,2.04,600,2021-11-11 19:18:00,EBON
2.04,2.04,2.04,2.04,299,2021-11-11 19:20:00,EBON
2.0415,2.0415,2.0415,2.0415,1000,2021-11-11 19:21:00,EBON
2.0499,2.0499,2.04,2.0401,2990,2021-11-11 19:22:00,EBON
2.045,2.045,2.045,2.045,200,2021-11-11 19:23:00,EBON
2.04,2.0486,2.04,2.04,4789,2021-11-11 19:24:00,EBON
2.04,2.04,2.0301,2.0301,13968,2021-11-11 19:25:00,EBON
2.0385,2.0392,2.03,2.0392,12579,2021-11-11 19:26:00,EBON
2.035,2.04,2.035,2.037,4007,2021-11-11 19:28:00,EBON
2.0399,2.0399,2.0399,2.0399,500,2021-11-11 19:29:00,EBON
2.04,2.04,2.035,2.035,1700,2021-11-11 19:30:00,EBON
2.035,2.035,2.035,2.035,1400,2021-11-11 19:31:00,EBON
2.0388,2.04,2.035,2.035,4289,2021-11-11 19:32:00,EBON
2.0396,2.04,2.0396,2.04,1700,2021-11-11 19:35:00,EBON
2.0314,2.0375,2.0314,2.0375,1100,2021-11-11 19:37:00,EBON
2.03,2.035,2.03,2.035,700,2021-11-11 19:38:00,EBON
2.03,2.0375,2.03,2.03,5577,2021-11-11 19:39:00,EBON
2.035,2.035,2.03,2.03,200,2021-11-11 19:40:00,EBON
2.04,2.04,2.04,2.04,983,2021-11-11 19:41:00,EBON
2.0301,2.0301,2.03,2.03,2176,2021-11-11 19:42:00,EBON
2.0371,2.04,2.03,2.03,6558,2021-11-11 19:43:00,EBON
2.04,2.04,2.03,2.03,8520,2021-11-11 19:44:00,EBON
2.035,2.04,2.035,2.035,1510,2021-11-11 19:45:00,EBON
2.035,2.04,2.0301,2.04,4054,2021-11-11 19:46:00,EBON
2.04,2.04,2.035,2.035,4350,2021-11-11 19:47:00,EBON
2.035,2.04,2.0301,2.035,4300,2021-11-11 19:48:00,EBON
2.035,2.04,2.0325,2.035,1245,2021-11-11 19:49:00,EBON
2.03,2.035,2.0201,2.025,33111,2021-11-11 19:50:00,EBON
2.025,2.025,2.02,2.0208,6039,2021-11-11 19:51:00,EBON
2.025,2.0299,2.025,2.025,2625,2021-11-11 19:52:00,EBON
2.02,2.0201,2.02,2.0201,5120,2021-11-11 19:53:00,EBON
2.0215,2.0215,2.0215,2.0215,400,2021-11-11 19:54:00,EBON
2.025,2.03,2.025,2.025,7500,2021-11-11 19:56:00,EBON
2.0206,2.0206,2.0206,2.0206,2000,2021-11-11 19:57:00,EBON
2.02,2.03,2.02,2.025,2300,2021-11-11 19:58:00,EBON
2.025,2.03,2.025,2.03,11600,2021-11-11 19:59:00,EBON
2.03,2.04,2.03,2.04,21683,2021-11-11 20:00:00,EBON
2.0324,2.04,2.0324,2.04,2150,2021-11-11 20:01:00,EBON
2.03,2.035,2.03,2.035,2100,2021-11-11 20:02:00,EBON
2.035,2.035,2.035,2.035,600,2021-11-11 20:03:00,EBON
2.035,2.035,2.0319,2.0319,900,2021-11-11 20:05:00,EBON
2.0367,2.0367,2.035,2.035,891,2021-11-11 20:06:00,EBON
2.035,2.0399,2.035,2.038,4700,2021-11-11 20:08:00,EBON
2.0322,2.04,2.03,2.03,9443,2021-11-11 20:10:00,EBON
2.035,2.035,2.025,2.025,6872,2021-11-11 20:11:00,EBON
2.025,2.03,2.025,2.03,2100,2021-11-11 20:12:00,EBON
2.03,2.03,2.0263,2.0263,200,2021-11-11 20:17:00,EBON
2.025,2.025,2.025,2.025,700,2021-11-11 20:18:00,EBON
2.025,2.03,2.02,2.025,11267,2021-11-11 20:21:00,EBON
2.03,2.03,2.025,2.025,5558,2021-11-11 20:22:00,EBON
2.03,2.03,2.0273,2.0273,300,2021-11-11 20:23:00,EBON
2.03,2.03,2.025,2.025,2718,2021-11-11 20:25:00,EBON
2.02,2.03,2.02,2.025,14883,2021-11-11 20:26:00,EBON
2.025,2.025,2.02,2.025,1000,2021-11-11 20:27:00,EBON
2.0263,2.03,2.02,2.03,2300,2021-11-11 20:28:00,EBON
2.0201,2.025,2.0201,2.025,3193,2021-11-11 20:29:00,EBON
2.025,2.025,2.025,2.025,1500,2021-11-11 20:30:00,EBON
2.025,2.025,2.025,2.025,350,2021-11-11 20:32:00,EBON
2.0215,2.025,2.0201,2.0201,1400,2021-11-11 20:33:00,EBON
2.025,2.025,2.02,2.02,301,2021-11-11 20:34:00,EBON
2.03,2.03,2.025,2.025,600,2021-11-11 20:35:00,EBON
2.0201,2.0201,2.0201,2.0201,1000,2021-11-11 20:36:00,EBON
2.0299,2.0299,2.025,2.025,3272,2021-11-11 20:37:00,EBON
2.025,2.025,2.025,2.025,100,2021-11-11 20:38:00,EBON
2.025,2.025,2.025,2.025,100,2021-11-11 20:39:00,EBON
2.025,2.03,2.025,2.025,2026,2021-11-11 20:40:00,EBON
2.025,2.03,2.0234,2.0254,1400,2021-11-11 20:41:00,EBON
2.025,2.025,2.0201,2.025,7400,2021-11-11 20:42:00,EBON
2.025,2.03,2.025,2.03,1550,2021-11-11 20:43:00,EBON
2.025,2.03,2.025,2.025,13794,2021-11-11 20:44:00,EBON
2.025,2.03,2.025,2.03,4950,2021-11-11 20:45:00,EBON
2.029,2.03,2.025,2.03,10555,2021-11-11 20:46:00,EBON
2.0297,2.03,2.025,2.03,9533,2021-11-11 20:47:00,EBON
2.029,2.03,2.025,2.025,1003,2021-11-11 20:48:00,EBON
2.025,2.03,2.025,2.025,4522,2021-11-11 20:49:00,EBON
2.03,2.03,2.025,2.03,4409,2021-11-11 20:50:00,EBON
2.025,2.03,2.025,2.03,5314,2021-11-11 20:51:00,EBON
2.028,2.03,2.028,2.03,1049,2021-11-11 20:52:00,EBON
2.025,2.03,2.01,2.02,87840,2021-11-11 20:53:00,EBON
2.0112,2.0192,2.0112,2.0192,4800,2021-11-11 20:54:00,EBON
2.015,2.02,2.015,2.02,4627,2021-11-11 20:55:00,EBON
2.02,2.02,2.0187,2.0187,35385,2021-11-11 20:56:00,EBON
2.015,2.02,2.01,2.01,17591,2021-11-11 20:57:00,EBON
2.015,2.02,2.015,2.02,10647,2021-11-11 20:58:00,EBON
2.015,2.02,2.01,2.02,20113,2021-11-11 20:59:00,EBON
2.02,2.02,2.02,2.02,35453,2021-11-11 21:00:00,EBON
2.02,2.02,2.02,2.02,768,2021-11-11 21:02:00,EBON
2.03,2.03,2.03,2.03,300,2021-11-11 21:05:00,EBON
2.03,2.0301,2.03,2.0301,2600,2021-11-11 21:13:00,EBON
2.0301,2.06,2.0301,2.06,7407,2021-11-11 21:14:00,EBON
2.06,2.06,2.06,2.06,800,2021-11-11 21:16:00,EBON
2.02,2.02,2.02,2.02,300,2021-11-11 21:18:00,EBON
2.03,2.03,2.02,2.02,5992,2021-11-11 21:26:00,EBON
2.02,2.02,2.02,2.02,300,2021-11-11 21:32:00,EBON
2.07,2.07,2.07,2.07,6200,2021-11-11 22:08:00,EBON
2.07,2.07,2.07,2.07,636,2021-11-11 22:10:00,EBON
2.07,2.07,2.07,2.07,500,2021-11-11 22:11:00,EBON
2.07,2.07,2.07,2.07,985,2021-11-11 22:17:00,EBON
2.0699,2.0699,2.0699,2.0699,500,2021-11-11 22:19:00,EBON
2.06,2.06,2.06,2.06,100,2021-11-11 22:33:00,EBON
2.06,2.07,2.06,2.07,1262,2021-11-11 22:47:00,EBON
2.07,2.07,2.07,2.07,100,2021-11-11 22:54:00,EBON
2.07,2.07,2.07,2.07,2000,2021-11-11 22:57:00,EBON
2.06,2.06,2.06,2.06,2000,2021-11-11 22:58:00,EBON
2.04,2.04,2.04,2.04,10000,2021-11-11 22:59:00,EBON
2.04,2.04,2.04,2.04,100,2021-11-11 23:08:00,EBON
2.07,2.07,2.07,2.07,666,2021-11-12 00:25:00,EBON
2.0501,2.0501,2.0501,2.0501,351,2021-11-12 00:27:00,EBON
2.07,2.07,2.07,2.07,1000,2021-11-12 00:36:00,EBON
2.05,2.05,2.05,2.05,4090,2021-11-12 00:38:00,EBON
2.05,2.05,2.05,2.05,100,2021-11-12 00:42:00,EBON
2.07,2.07,2.07,2.07,1997,2021-11-12 00:50:00,EBON
2.07,2.07,2.07,2.07,400,2021-11-12 00:57:00,EBON
2.07,2.07,2.07,2.07,200,2021-11-12 00:58:00,EBON
2.04,2.04,2.04,2.04,133,2021-11-12 09:14:00,EBON
2.06,2.06,2.06,2.06,100,2021-11-12 09:51:00,EBON
2.06,2.06,2.06,2.06,338,2021-11-12 11:43:00,EBON
2.06,2.06,2.06,2.06,300,2021-11-12 11:53:00,EBON
2.06,2.06,2.06,2.06,125,2021-11-12 12:01:00,EBON
2.06,2.06,2.06,2.06,100,2021-11-12 12:07:00,EBON
2.05,2.05,2.05,2.05,250,2021-11-12 12:16:00,EBON
2.05,2.05,2.05,2.05,433,2021-11-12 12:19:00,EBON
2.05,2.05,2.05,2.05,200,2021-11-12 12:23:00,EBON
2.06,2.06,2.06,2.06,316,2021-11-12 12:26:00,EBON
2.06,2.06,2.06,2.06,200,2021-11-12 12:48:00,EBON
2.07,2.07,2.07,2.07,997,2021-11-12 13:02:00,EBON
2.07,2.07,2.07,2.07,500,2021-11-12 13:03:00,EBON
2.07,2.07,2.07,2.07,260,2021-11-12 13:18:00,EBON
2.06,2.06,2.06,2.06,200,2021-11-12 13:39:00,EBON
2.07,2.07,2.06,2.06,2629,2021-11-12 14:04:00,EBON
2.06,2.06,2.06,2.06,150,2021-11-12 14:07:00,EBON
2.06,2.06,2.06,2.06,4888,2021-11-12 14:09:00,EBON
2.06,2.06,2.05,2.05,700,2021-11-12 14:29:00,EBON
2.06,2.06,1.99,1.99,120440,2021-11-12 14:30:00,EBON
1.99,1.99,1.97,1.97,98518,2021-11-12 14:31:00,EBON
1.97,1.975,1.96,1.97,27239,2021-11-12 14:32:00,EBON
1.9668,1.97,1.96,1.9614,13230,2021-11-12 14:33:00,EBON
1.97,1.9785,1.9657,1.9785,4980,2021-11-12 14:34:00,EBON
1.978,1.9899,1.975,1.98,17718,2021-11-12 14:35:00,EBON
1.985,1.985,1.97,1.98,14358,2021-11-12 14:36:00,EBON
1.98,1.98,1.97,1.98,208891,2021-11-12 14:37:00,EBON
1.975,2.0,1.975,2.0,53589,2021-11-12 14:38:00,EBON
2.0,2.025,2.0,2.02,40247,2021-11-12 14:39:00,EBON
2.025,2.0288,2.0,2.01,220570,2021-11-12 14:40:00,EBON
2.0099,2.02,2.005,2.01,31438,2021-11-12 14:41:00,EBON
2.01,2.015,2.0002,2.0002,69374,2021-11-12 14:42:00,EBON
2.005,2.01,2.005,2.0099,300,2021-11-12 14:43:00,EBON
2.0084,2.015,2.005,2.01,38235,2021-11-12 14:44:00,EBON
2.01,2.015,2.005,2.015,45300,2021-11-12 14:45:00,EBON
2.015,2.02,2.0,2.0,165784,2021-11-12 14:46:00,EBON
2.005,2.01,1.995,1.995,43242,2021-11-12 14:47:00,EBON
1.995,1.995,1.995,1.995,700,2021-11-12 14:48:00,EBON
1.9999,2.0,1.99,1.99,98815,2021-11-12 14:49:00,EBON
1.99,1.995,1.99,1.99,7900,2021-11-12 14:50:00,EBON
1.9901,1.995,1.98,1.9801,88357,2021-11-12 14:51:00,EBON
1.98,1.982,1.98,1.9814,1650,2021-11-12 14:52:00,EBON
1.9892,1.99,1.98,1.98,18802,2021-11-12 14:53:00,EBON
1.9817,1.995,1.98,1.9901,112035,2021-11-12 14:54:00,EBON
1.9901,1.995,1.9801,1.985,13178,2021-11-12 14:55:00,EBON
1.985,1.985,1.97,1.97,22301,2021-11-12 14:56:00,EBON
1.9799,1.9799,1.9658,1.97,36314,2021-11-12 14:57:00,EBON
1.97,1.98,1.9699,1.975,20898,2021-11-12 14:58:00,EBON
1.98,1.99,1.98,1.985,9481,2021-11-12 14:59:00,EBON
1.985,1.99,1.985,1.99,6098,2021-11-12 15:00:00,EBON
1.995,1.995,1.99,1.99,11948,2021-11-12 15:01:00,EBON
1.985,1.985,1.985,1.985,300,2021-11-12 15:02:00,EBON
1.99,1.99,1.985,1.985,12582,2021-11-12 15:03:00,EBON
1.9899,1.9899,1.9899,1.9899,2500,2021-11-12 15:04:00,EBON
1.985,1.985,1.985,1.985,300,2021-11-12 15:05:00,EBON
1.99,1.99,1.985,1.985,2568,2021-11-12 15:06:00,EBON
1.9899,1.9899,1.98,1.98,7600,2021-11-12 15:07:00,EBON
1.985,1.985,1.98,1.98,1200,2021-11-12 15:08:00,EBON
1.985,1.995,1.98,1.995,38087,2021-11-12 15:09:00,EBON
1.99,1.995,1.9899,1.99,5383,2021-11-12 15:10:00,EBON
2.0,2.0,1.995,1.995,1330,2021-11-12 15:11:00,EBON
2.0,2.0,2.0,2.0,200,2021-11-12 15:12:00,EBON
1.995,2.005,1.995,2.005,15416,2021-11-12 15:13:00,EBON
2.01,2.01,2.005,2.005,1100,2021-11-12 15:14:00,EBON
2.01,2.01,2.0,2.0,6772,2021-11-12 15:15:00,EBON
2.0,2.0,2.0,2.0,5824,2021-11-12 15:16:00,EBON
2.005,2.005,2.0,2.005,7551,2021-11-12 15:17:00,EBON
2.0,2.005,2.0,2.0,1347,2021-11-12 15:18:00,EBON
2.0,2.005,2.0,2.005,1786,2021-11-12 15:19:00,EBON
2.0099,2.0099,2.0,2.0,4950,2021-11-12 15:20:00,EBON
1.995,1.995,1.995,1.995,200,2021-11-12 15:21:00,EBON
1.99,1.99,1.985,1.986,40692,2021-11-12 15:22:00,EBON
1.98,1.98,1.98,1.98,100,2021-11-12 15:23:00,EBON
1.9822,1.99,1.9822,1.985,5920,2021-11-12 15:24:00,EBON
1.985,1.99,1.98,1.99,2100,2021-11-12 15:25:00,EBON
1.9884,1.9884,1.97,1.975,32660,2021-11-12 15:26:00,EBON
1.975,1.98,1.97,1.975,697,2021-11-12 15:27:00,EBON
1.975,1.98,1.9708,1.975,500,2021-11-12 15:28:00,EBON
1.975,1.975,1.9717,1.975,845,2021-11-12 15:29:00,EBON
1.975,1.98,1.975,1.975,4844,2021-11-12 15:30:00,EBON
1.975,1.975,1.97,1.975,10800,2021-11-12 15:31:00,EBON
1.975,1.975,1.965,1.965,20721,2021-11-12 15:32:00,EBON
1.965,1.965,1.9512,1.955,48128,2021-11-12 15:33:00,EBON
1.955,1.96,1.95,1.95,10765,2021-11-12 15:34:00,EBON
1.955,1.96,1.9511,1.955,4720,2021-11-12 15:35:00,EBON
1.95,1.9599,1.95,1.955,5983,2021-11-12 15:36:00,EBON
1.95,1.96,1.95,1.955,6793,2021-11-12 15:37:00,EBON
1.955,1.955,1.95,1.955,2500,2021-11-12 15:38:00,EBON
1.9597,1.9597,1.95,1.955,4175,2021-11-12 15:39:00,EBON
1.955,1.9586,1.955,1.9586,1420,2021-11-12 15:40:00,EBON
1.959,1.959,1.945,1.955,31480,2021-11-12 15:41:00,EBON
1.955,1.9599,1.95,1.95,2400,2021-11-12 15:42:00,EBON
1.95,1.9582,1.95,1.95,5050,2021-11-12 15:43:00,EBON
1.95,1.955,1.95,1.955,800,2021-11-12 15:44:00,EBON
1.955,1.955,1.95,1.9514,2500,2021-11-12 15:45:00,EBON
1.95,1.96,1.95,1.9599,6500,2021-11-12 15:46:00,EBON
1.955,1.97,1.95,1.97,40505,2021-11-12 15:47:00,EBON
1.97,1.975,1.97,1.975,11740,2021-11-12 15:48:00,EBON
1.975,1.98,1.975,1.975,3149,2021-11-12 15:49:00,EBON
1.99,2.0,1.99,2.0,15564,2021-11-12 15:50:00,EBON
2.005,2.01,2.0,2.0,37436,2021-11-12 15:51:00,EBON
1.9912,1.9984,1.99,1.99,26818,2021-11-12 15:52:00,EBON
1.99,1.9999,1.99,1.9999,1100,2021-11-12 15:53:00,EBON
1.995,1.995,1.99,1.99,10400,2021-11-12 15:54:00,EBON
1.98,1.98,1.98,1.98,200,2021-11-12 15:55:00,EBON
1.98,1.985,1.98,1.985,3200,2021-11-12 15:56:00,EBON
1.985,1.99,1.985,1.985,1400,2021-11-12 15:57:00,EBON
1.98,1.98,1.97,1.97,31750,2021-11-12 15:59:00,EBON
1.9799,1.9799,1.97,1.97,2200,2021-11-12 16:00:00,EBON
1.97,1.98,1.97,1.975,2597,2021-11-12 16:01:00,EBON
1.975,1.975,1.97,1.97,2604,2021-11-12 16:02:00,EBON
1.96,1.97,1.955,1.955,31791,2021-11-12 16:03:00,EBON
1.9589,1.96,1.95,1.96,36399,2021-11-12 16:04:00,EBON
1.96,1.965,1.96,1.965,13559,2021-11-12 16:05:00,EBON
1.96,1.965,1.96,1.96,3317,2021-11-12 16:06:00,EBON
1.965,1.97,1.96,1.97,5468,2021-11-12 16:07:00,EBON
1.96,1.9606,1.96,1.9606,558,2021-11-12 16:08:00,EBON
1.9601,1.9601,1.9601,1.9601,2000,2021-11-12 16:09:00,EBON
1.9615,1.9699,1.961,1.9699,5000,2021-11-12 16:10:00,EBON
1.965,1.965,1.96,1.965,3388,2021-11-12 16:11:00,EBON
1.96,1.9622,1.96,1.9601,2350,2021-11-12 16:12:00,EBON
1.96,1.96,1.96,1.96,200,2021-11-12 16:13:00,EBON
1.96,1.9666,1.96,1.9666,1029,2021-11-12 16:14:00,EBON
1.96,1.96,1.96,1.96,400,2021-11-12 16:15:00,EBON
1.96,1.97,1.96,1.96,17006,2021-11-12 16:16:00,EBON
1.96,1.9636,1.96,1.9636,3000,2021-11-12 16:17:00,EBON
1.965,1.965,1.96,1.96,800,2021-11-12 16:18:00,EBON
1.96,1.9615,1.96,1.96,900,2021-11-12 16:19:00,EBON
1.96,1.965,1.96,1.96,400,2021-11-12 16:20:00,EBON
1.9637,1.9637,1.96,1.96,3416,2021-11-12 16:21:00,EBON
1.96,1.965,1.96,1.96,400,2021-11-12 16:22:00,EBON
1.96,1.9606,1.96,1.96,6300,2021-11-12 16:23:00,EBON
1.97,1.97,1.96,1.965,642,2021-11-12 16:24:00,EBON
1.96,1.9601,1.95,1.95,6910,2021-11-12 16:25:00,EBON
1.955,1.96,1.95,1.95,2314,2021-11-12 16:26:00,EBON
1.95,1.9599,1.95,1.955,953,2021-11-12 16:27:00,EBON
1.95,1.9583,1.95,1.955,5050,2021-11-12 16:28:00,EBON
1.95,1.95,1.95,1.95,400,2021-11-12 16:29:00,EBON
1.95,1.955,1.95,1.95,500,2021-11-12 16:30:00,EBON
1.95,1.96,1.95,1.96,500,2021-11-12 16:31:00,EBON
1.96,1.96,1.93,1.93,71552,2021-11-12 16:32:00,EBON
1.93,1.94,1.92,1.925,27585,2021-11-12 16:33:00,EBON
1.925,1.93,1.91,1.915,29242,2021-11-12 16:34:00,EBON
1.91,1.9189,1.91,1.91,800,2021-11-12 16:35:00,EBON
1.91,1.9199,1.91,1.9188,8950,2021-11-12 16:36:00,EBON
1.91,1.9199,1.91,1.91,1371,2021-11-12 16:37:00,EBON
1.91,1.93,1.9,1.93,56228,2021-11-12 16:38:00,EBON
1.93,1.94,1.93,1.9399,27153,2021-11-12 16:39:00,EBON
1.94,1.94,1.935,1.935,7102,2021-11-12 16:40:00,EBON
1.94,1.94,1.93,1.93,12157,2021-11-12 16:41:00,EBON
1.935,1.9399,1.9309,1.9399,2100,2021-11-12 16:42:00,EBON
1.93,1.94,1.93,1.9311,6000,2021-11-12 16:43:00,EBON
1.93,1.93,1.925,1.9299,3915,2021-11-12 16:44:00,EBON
1.93,1.93,1.925,1.9299,36900,2021-11-12 16:45:00,EBON
1.9316,1.935,1.93,1.9307,3900,2021-11-12 16:46:00,EBON
1.94,1.94,1.93,1.9332,4023,2021-11-12 16:47:00,EBON
1.935,1.945,1.9305,1.945,13472,2021-11-12 16:48:00,EBON
1.94,1.94,1.935,1.94,4588,2021-11-12 16:49:00,EBON
1.9311,1.9311,1.9311,1.9311,2500,2021-11-12 16:50:00,EBON
1.9338,1.938,1.9338,1.938,200,2021-11-12 16:51:00,EBON
1.9399,1.9399,1.9399,1.9399,200,2021-11-12 16:52:00,EBON
1.935,1.9399,1.93,1.9399,3410,2021-11-12 16:54:00,EBON
1.9311,1.9399,1.9311,1.9399,625,2021-11-12 16:55:00,EBON
1.93,1.9315,1.93,1.9315,800,2021-11-12 16:56:00,EBON
1.93,1.9394,1.93,1.9394,5300,2021-11-12 16:57:00,EBON
1.94,1.94,1.93,1.93,8161,2021-11-12 16:58:00,EBON
1.93,1.94,1.93,1.94,1373,2021-11-12 16:59:00,EBON
1.94,1.94,1.93,1.93,1900,2021-11-12 17:00:00,EBON
1.935,1.95,1.935,1.95,25197,2021-11-12 17:01:00,EBON
1.9492,1.9492,1.9492,1.9492,1015,2021-11-12 17:02:00,EBON
1.948,1.948,1.945,1.945,200,2021-11-12 17:03:00,EBON
1.945,1.9499,1.945,1.9499,1520,2021-11-12 17:04:00,EBON
1.942,1.945,1.94,1.945,9186,2021-11-12 17:05:00,EBON
1.94,1.945,1.94,1.94,5873,2021-11-12 17:06:00,EBON
1.94,1.945,1.94,1.9401,3862,2021-11-12 17:07:00,EBON
1.94,1.945,1.94,1.945,12241,2021-11-12 17:08:00,EBON
1.9417,1.945,1.94,1.945,1600,2021-11-12 17:09:00,EBON
1.945,1.9499,1.9401,1.9499,363,2021-11-12 17:10:00,EBON
1.94,1.9499,1.94,1.945,1399,2021-11-12 17:12:00,EBON
1.94,1.95,1.94,1.948,5073,2021-11-12 17:13:00,EBON
1.9445,1.9445,1.9445,1.9445,100,2021-11-12 17:14:00,EBON
1.94,1.95,1.94,1.945,1100,2021-11-12 17:15:00,EBON
1.945,1.945,1.945,1.945,300,2021-11-12 17:16:00,EBON
1.9401,1.9401,1.9401,1.9401,2000,2021-11-12 17:17:00,EBON
1.945,1.9499,1.94,1.94,3265,2021-11-12 17:18:00,EBON
1.94,1.9453,1.94,1.9453,5200,2021-11-12 17:19:00,EBON
1.945,1.945,1.945,1.945,100,2021-11-12 17:20:00,EBON
1.94,1.945,1.94,1.942,5923,2021-11-12 17:21:00,EBON
1.9402,1.9402,1.94,1.94,600,2021-11-12 17:22:00,EBON
1.945,1.9484,1.94,1.945,4456,2021-11-12 17:24:00,EBON
1.94,1.945,1.94,1.94,21755,2021-11-12 17:25:00,EBON
1.94,1.9402,1.935,1.935,11479,2021-11-12 17:26:00,EBON
1.93,1.93,1.93,1.93,1456,2021-11-12 17:27:00,EBON
1.93,1.9393,1.93,1.9393,11972,2021-11-12 17:28:00,EBON
1.93,1.938,1.93,1.938,1600,2021-11-12 17:29:00,EBON
1.93,1.93,1.93,1.93,1000,2021-11-12 17:30:00,EBON
1.94,1.945,1.935,1.945,22502,2021-11-12 17:31:00,EBON
1.95,1.95,1.95,1.95,100,2021-11-12 17:32:00,EBON
1.95,1.96,1.945,1.96,29082,2021-11-12 17:35:00,EBON
1.955,1.96,1.955,1.955,800,2021-11-12 17:36:00,EBON
1.955,1.96,1.955,1.96,3135,2021-11-12 17:37:00,EBON
1.97,1.97,1.9619,1.965,7700,2021-11-12 17:38:00,EBON
1.96,1.965,1.96,1.965,12361,2021-11-12 17:41:00,EBON
1.96,1.965,1.96,1.965,2100,2021-11-12 17:42:00,EBON
1.96,1.96,1.96,1.96,600,2021-11-12 17:43:00,EBON
1.965,1.965,1.965,1.965,100,2021-11-12 17:44:00,EBON
1.965,1.965,1.965,1.965,1500,2021-11-12 17:45:00,EBON
1.96,1.965,1.96,1.96,1850,2021-11-12 17:46:00,EBON
1.96,1.962,1.96,1.96,2216,2021-11-12 17:47:00,EBON
1.97,1.97,1.96,1.96,1100,2021-11-12 17:48:00,EBON
1.97,1.97,1.96,1.965,2950,2021-11-12 17:49:00,EBON
1.96,1.96,1.955,1.96,13803,2021-11-12 17:50:00,EBON
1.95,1.965,1.95,1.965,4410,2021-11-12 17:51:00,EBON
1.96,1.9601,1.96,1.9601,5533,2021-11-12 17:52:00,EBON
1.97,1.97,1.965,1.9693,8500,2021-11-12 17:53:00,EBON
1.965,1.98,1.965,1.98,19035,2021-11-12 17:54:00,EBON
1.9799,1.9854,1.9799,1.98,6799,2021-11-12 17:55:00,EBON
1.9877,1.9877,1.9877,1.9877,200,2021-11-12 17:56:00,EBON
1.98,1.99,1.98,1.98,20814,2021-11-12 17:57:00,EBON
1.985,1.9899,1.985,1.9899,1000,2021-11-12 17:59:00,EBON
1.99,1.99,1.985,1.985,3200,2021-11-12 18:00:00,EBON
1.98,1.98,1.98,1.98,500,2021-11-12 18:01:00,EBON
1.98,1.985,1.98,1.985,2450,2021-11-12 18:02:00,EBON
1.99,1.99,1.985,1.985,7348,2021-11-12 18:03:00,EBON
1.98,1.99,1.98,1.99,5188,2021-11-12 18:04:00,EBON
1.9899,1.9899,1.9826,1.985,2700,2021-11-12 18:05:00,EBON
1.9801,1.985,1.98,1.98,11450,2021-11-12 18:07:00,EBON
1.9801,1.9801,1.9801,1.9801,500,2021-11-12 18:09:00,EBON
1.9892,1.9892,1.98,1.98,2019,2021-11-12 18:10:00,EBON
1.99,1.99,1.98,1.985,14275,2021-11-12 18:11:00,EBON
1.985,1.99,1.98,1.98,1530,2021-11-12 18:12:00,EBON
1.9899,1.9899,1.98,1.98,11700,2021-11-12 18:13:00,EBON
1.99,1.99,1.98,1.98,800,2021-11-12 18:15:00,EBON
1.98,1.98,1.98,1.98,200,2021-11-12 18:16:00,EBON
1.9801,1.9801,1.9801,1.9801,200,2021-11-12 18:17:00,EBON
1.98,1.98,1.98,1.98,200,2021-11-12 18:18:00,EBON
1.98,1.98,1.98,1.98,1400,2021-11-12 18:19:00,EBON
1.98,1.98,1.98,1.98,1600,2021-11-12 18:20:00,EBON
1.985,1.99,1.985,1.99,1000,2021-11-12 18:21:00,EBON
1.987,1.987,1.985,1.985,1135,2021-11-12 18:23:00,EBON
1.985,1.9899,1.98,1.9899,5245,2021-11-12 18:24:00,EBON
1.985,1.99,1.98,1.9867,926,2021-11-12 18:25:00,EBON
1.98,1.98,1.98,1.98,2177,2021-11-12 18:26:00,EBON
1.98,1.98,1.98,1.98,246,2021-11-12 18:27:00,EBON
1.985,1.99,1.985,1.9875,715,2021-11-12 18:28:00,EBON
1.98,1.985,1.98,1.985,1500,2021-11-12 18:29:00,EBON
1.99,1.99,1.99,1.99,2518,2021-11-12 18:32:00,EBON
1.9884,1.9884,1.98,1.98,1345,2021-11-12 18:33:00,EBON
1.9899,1.9899,1.9899,1.9899,1050,2021-11-12 18:34:00,EBON
1.98,1.9899,1.98,1.9899,3900,2021-11-12 18:35:00,EBON
1.98,1.98,1.98,1.98,100,2021-11-12 18:36:00,EBON
1.9883,1.9883,1.9883,1.9883,1111,2021-11-12 18:37:00,EBON
1.98,1.985,1.98,1.985,2000,2021-11-12 18:38:00,EBON
1.985,1.985,1.9801,1.985,1508,2021-11-12 18:39:00,EBON
1.9872,1.99,1.985,1.99,4908,2021-11-12 18:40:00,EBON
1.99,1.99,1.985,1.985,3300,2021-11-12 18:41:00,EBON
1.99,1.99,1.98,1.98,1300,2021-11-12 18:43:00,EBON
1.9886,1.9886,1.985,1.985,670,2021-11-12 18:44:00,EBON
1.98,1.985,1.98,1.985,300,2021-11-12 18:45:00,EBON
1.985,1.985,1.985,1.985,100,2021-11-12 18:46:00,EBON
1.9811,1.9886,1.9811,1.9826,2600,2021-11-12 18:47:00,EBON
1.9816,1.985,1.9816,1.985,742,2021-11-12 18:48:00,EBON
1.98,1.985,1.98,1.98,3131,2021-11-12 18:49:00,EBON
1.98,1.985,1.98,1.98,300,2021-11-12 18:50:00,EBON
1.98,1.98,1.98,1.98,100,2021-11-12 18:51:00,EBON
1.98,1.9815,1.975,1.975,7709,2021-11-12 18:52:00,EBON
1.97,1.975,1.97,1.975,1570,2021-11-12 18:53:00,EBON
1.98,1.98,1.98,1.98,800,2021-11-12 18:55:00,EBON
1.97,1.97,1.97,1.97,100,2021-11-12 18:57:00,EBON
1.97,1.97,1.97,1.97,10000,2021-11-12 18:58:00,EBON
1.9713,1.9713,1.9713,1.9713,1600,2021-11-12 18:59:00,EBON
1.97,1.9799,1.97,1.97,2900,2021-11-12 19:00:00,EBON
1.98,1.98,1.97,1.9701,2710,2021-11-12 19:01:00,EBON
1.9783,1.9783,1.9783,1.9783,100,2021-11-12 19:02:00,EBON
1.9799,1.9799,1.97,1.975,3334,2021-11-12 19:03:00,EBON
1.97,1.9701,1.97,1.9701,2400,2021-11-12 19:04:00,EBON
1.97,1.975,1.97,1.97,900,2021-11-12 19:05:00,EBON
1.9703,1.9703,1.9703,1.9703,1000,2021-11-12 19:06:00,EBON
1.97,1.97,1.97,1.97,374,2021-11-12 19:07:00,EBON
1.975,1.975,1.97,1.97,1200,2021-11-12 19:08:00,EBON
1.97,1.975,1.97,1.97,1200,2021-11-12 19:09:00,EBON
1.97,1.9799,1.97,1.97,2200,2021-11-12 19:10:00,EBON
1.97,1.9797,1.97,1.9797,700,2021-11-12 19:12:00,EBON
1.9794,1.9794,1.97,1.975,10400,2021-11-12 19:13:00,EBON
1.97,1.98,1.96,1.965,19572,2021-11-12 19:14:00,EBON
1.96,1.96,1.96,1.96,451,2021-11-12 19:15:00,EBON
1.97,1.97,1.965,1.965,1400,2021-11-12 19:16:00,EBON
1.97,1.975,1.965,1.97,15185,2021-11-12 19:17:00,EBON
1.975,1.98,1.975,1.98,1411,2021-11-12 19:18:00,EBON
1.974,1.99,1.974,1.985,8652,2021-11-12 19:19:00,EBON
1.981,1.99,1.981,1.9888,10000,2021-11-12 19:20:00,EBON
1.985,1.985,1.985,1.985,100,2021-11-12 19:21:00,EBON
1.99,1.99,1.985,1.99,400,2021-11-12 19:22:00,EBON
1.99,1.9982,1.99,1.9901,6642,2021-11-12 19:23:00,EBON
1.995,1.995,1.995,1.995,100,2021-11-12 19:26:00,EBON
1.995,1.995,1.995,1.995,200,2021-11-12 19:27:00,EBON
1.995,1.995,1.9901,1.9901,1100,2021-11-12 19:28:00,EBON
1.9901,1.9901,1.9901,1.9901,4500,2021-11-12 19:30:00,EBON
1.9909,1.9909,1.9909,1.9909,3000,2021-11-12 19:31:00,EBON
1.9986,1.9986,1.99,1.99,2700,2021-11-12 19:32:00,EBON
1.9901,1.9905,1.9901,1.9905,1171,2021-11-12 19:35:00,EBON
1.995,2.0,1.995,2.0,4200,2021-11-12 19:36:00,EBON
1.995,2.005,1.995,2.005,17375,2021-11-12 19:37:00,EBON
2.005,2.01,2.0,2.0,4550,2021-11-12 19:38:00,EBON
2.01,2.01,2.005,2.01,2757,2021-11-12 19:39:00,EBON
2.01,2.01,2.008,2.01,5867,2021-11-12 19:40:00,EBON
2.01,2.01,2.005,2.005,2200,2021-11-12 19:42:00,EBON
2.01,2.01,2.01,2.01,3150,2021-11-12 19:43:00,EBON
2.005,2.005,2.005,2.005,100,2021-11-12 19:44:00,EBON
2.004,2.01,2.004,2.01,3236,2021-11-12 19:45:00,EBON
2.01,2.01,2.005,2.01,1500,2021-11-12 19:46:00,EBON
2.0099,2.02,2.0099,2.02,9600,2021-11-12 19:47:00,EBON
2.0197,2.02,2.0116,2.0116,1870,2021-11-12 19:48:00,EBON
2.01,2.02,2.01,2.02,4744,2021-11-12 19:49:00,EBON
2.0112,2.02,2.0112,2.015,3780,2021-11-12 19:50:00,EBON
2.02,2.02,2.015,2.02,4395,2021-11-12 19:51:00,EBON
2.02,2.02,2.01,2.015,3461,2021-11-12 19:52:00,EBON
2.02,2.02,2.02,2.02,2600,2021-11-12 19:53:00,EBON
2.0184,2.02,2.015,2.0163,3081,2021-11-12 19:54:00,EBON
2.02,2.02,2.02,2.02,2106,2021-11-12 19:55:00,EBON
2.02,2.02,2.02,2.02,2719,2021-11-12 19:56:00,EBON
2.0165,2.02,2.015,2.02,3483,2021-11-12 19:57:00,EBON
2.015,2.02,2.015,2.02,1500,2021-11-12 19:58:00,EBON
2.02,2.02,2.02,2.02,1983,2021-11-12 19:59:00,EBON
2.02,2.02,2.02,2.02,1700,2021-11-12 20:00:00,EBON
2.02,2.02,2.015,2.015,9700,2021-11-12 20:01:00,EBON
2.015,2.02,2.015,2.02,2500,2021-11-12 20:02:00,EBON
2.02,2.02,2.015,2.02,2979,2021-11-12 20:03:00,EBON
2.01,2.02,2.01,2.02,20936,2021-11-12 20:04:00,EBON
2.015,2.02,2.015,2.02,3000,2021-11-12 20:05:00,EBON
2.015,2.02,2.015,2.02,3881,2021-11-12 20:06:00,EBON
2.015,2.02,2.015,2.02,2554,2021-11-12 20:07:00,EBON
2.02,2.02,2.015,2.015,3300,2021-11-12 20:08:00,EBON
2.02,2.02,2.015,2.015,3621,2021-11-12 20:09:00,EBON
2.02,2.02,2.02,2.02,3937,2021-11-12 20:10:00,EBON
2.02,2.03,2.02,2.03,7596,2021-11-12 20:11:00,EBON
2.025,2.03,2.025,2.03,2348,2021-11-12 20:12:00,EBON
2.03,2.03,2.03,2.03,3917,2021-11-12 20:13:00,EBON
2.03,2.04,2.03,2.0318,4290,2021-11-12 20:14:00,EBON
2.04,2.04,2.03,2.04,14688,2021-11-12 20:15:00,EBON
2.04,2.04,2.038,2.038,3545,2021-11-12 20:16:00,EBON
2.04,2.04,2.04,2.04,3604,2021-11-12 20:17:00,EBON
2.04,2.04,2.04,2.04,5052,2021-11-12 20:18:00,EBON
2.04,2.04,2.035,2.04,3975,2021-11-12 20:19:00,EBON
2.035,2.04,2.035,2.04,3400,2021-11-12 20:20:00,EBON
2.039,2.04,2.039,2.04,2422,2021-11-12 20:21:00,EBON
2.04,2.04,2.0323,2.0397,7554,2021-11-12 20:22:00,EBON
2.035,2.04,2.035,2.04,7484,2021-11-12 20:23:00,EBON
2.03,2.05,2.03,2.048,10429,2021-11-12 20:24:00,EBON
2.0417,2.05,2.0417,2.05,7385,2021-11-12 20:25:00,EBON
2.0401,2.05,2.0401,2.05,10748,2021-11-12 20:26:00,EBON
2.05,2.05,2.045,2.05,17640,2021-11-12 20:27:00,EBON
2.06,2.06,2.0515,2.0515,5790,2021-11-12 20:28:00,EBON
2.06,2.06,2.0596,2.06,3700,2021-11-12 20:29:00,EBON
2.055,2.06,2.05,2.055,2825,2021-11-12 20:30:00,EBON
2.055,2.055,2.04,2.05,23539,2021-11-12 20:31:00,EBON
2.05,2.055,2.05,2.0501,2627,2021-11-12 20:32:00,EBON
2.05,2.055,2.05,2.0501,2197,2021-11-12 20:33:00,EBON
2.05,2.06,2.05,2.06,6632,2021-11-12 20:34:00,EBON
2.055,2.06,2.055,2.06,2700,2021-11-12 20:35:00,EBON
2.0594,2.06,2.0523,2.0523,10216,2021-11-12 20:36:00,EBON
2.06,2.06,2.06,2.06,2000,2021-11-12 20:37:00,EBON
2.06,2.07,2.06,2.07,30174,2021-11-12 20:38:00,EBON
2.065,2.07,2.0614,2.07,7599,2021-11-12 20:39:00,EBON
2.07,2.07,2.0626,2.07,8205,2021-11-12 20:40:00,EBON
2.07,2.07,2.065,2.07,10850,2021-11-12 20:41:00,EBON
2.07,2.07,2.06,2.065,10458,2021-11-12 20:42:00,EBON
2.07,2.07,2.0611,2.065,14299,2021-11-12 20:43:00,EBON
2.07,2.08,2.07,2.08,14450,2021-11-12 20:44:00,EBON
2.07,2.08,2.07,2.08,26184,2021-11-12 20:45:00,EBON
2.075,2.08,2.07,2.08,49564,2021-11-12 20:46:00,EBON
2.08,2.08,2.07,2.075,9471,2021-11-12 20:47:00,EBON
2.07,2.07,2.06,2.0601,31050,2021-11-12 20:48:00,EBON
2.06,2.065,2.06,2.065,3727,2021-11-12 20:49:00,EBON
2.07,2.07,2.0615,2.07,11431,2021-11-12 20:50:00,EBON
2.07,2.07,2.065,2.0699,14470,2021-11-12 20:51:00,EBON
2.07,2.07,2.064,2.065,17587,2021-11-12 20:52:00,EBON
2.065,2.07,2.06,2.07,10105,2021-11-12 20:53:00,EBON
2.065,2.07,2.06,2.07,16697,2021-11-12 20:54:00,EBON
2.065,2.07,2.06,2.065,25422,2021-11-12 20:55:00,EBON
2.065,2.08,2.06,2.08,67223,2021-11-12 20:56:00,EBON
2.075,2.08,2.075,2.075,26558,2021-11-12 20:57:00,EBON
2.075,2.08,2.07,2.075,52616,2021-11-12 20:58:00,EBON
2.075,2.08,2.07,2.075,33502,2021-11-12 20:59:00,EBON
2.08,2.08,2.08,2.08,30066,2021-11-12 21:00:00,EBON
2.08,2.08,2.08,2.08,100,2021-11-12 21:04:00,EBON
2.07,2.07,2.07,2.07,1000,2021-11-12 21:24:00,EBON
2.06,2.06,2.06,2.06,100,2021-11-12 21:26:00,EBON
2.06,2.06,2.06,2.06,1000,2021-11-12 21:30:00,EBON
2.07,2.07,2.07,2.07,1000,2021-11-12 21:45:00,EBON
2.08,2.08,2.08,2.08,217,2021-11-12 22:26:00,EBON
2.06,2.06,2.06,2.06,382,2021-11-12 22:56:00,EBON
2.0699,2.0699,2.0699,2.0699,1618,2021-11-12 22:58:00,EBON
2.05,2.05,2.05,2.05,190,2021-11-12 23:50:00,EBON
2.05,2.05,2.05,2.05,309,2021-11-12 23:51:00,EBON
2.05,2.05,2.05,2.05,300,2021-11-12 23:52:00,EBON
2.05,2.05,2.05,2.05,353,2021-11-13 00:02:00,EBON
2.05,2.05,2.05,2.05,800,2021-11-13 00:18:00,EBON
2.05,2.05,2.05,2.05,200,2021-11-13 00:47:00,EBON
2.01,2.09,2.01,2.09,500,2021-11-15 09:13:00,EBON
2.09,2.1,2.09,2.1,1910,2021-11-15 09:19:00,EBON
2.1,2.1,2.1,2.1,225,2021-11-15 10:11:00,EBON
2.1,2.1,2.1,2.1,400,2021-11-15 10:12:00,EBON
2.12,2.12,2.12,2.12,1100,2021-11-15 10:38:00,EBON
2.1,2.1,2.1,2.1,300,2021-11-15 10:46:00,EBON
2.1,2.1,2.1,2.1,983,2021-11-15 10:47:00,EBON
2.11,2.11,2.1,2.1,2117,2021-11-15 10:50:00,EBON
2.07,2.07,2.07,2.07,100,2021-11-15 10:54:00,EBON
2.07,2.07,2.07,2.07,100,2021-11-15 11:00:00,EBON
2.1,2.1,2.1,2.1,1000,2021-11-15 12:00:00,EBON
2.08,2.08,2.08,2.08,200,2021-11-15 12:30:00,EBON
2.08,2.08,2.08,2.08,850,2021-11-15 12:33:00,EBON
2.08,2.08,2.08,2.08,2000,2021-11-15 12:59:00,EBON
2.08,2.08,2.08,2.08,351,2021-11-15 13:14:00,EBON
2.08,2.08,2.08,2.08,1000,2021-11-15 13:34:00,EBON
2.08,2.08,2.08,2.08,200,2021-11-15 13:36:00,EBON
2.09,2.09,2.09,2.09,200,2021-11-15 13:38:00,EBON
2.09,2.09,2.09,2.09,1000,2021-11-15 13:49:00,EBON
2.0999,2.0999,2.0999,2.0999,200,2021-11-15 13:53:00,EBON
2.09,2.1,2.09,2.09,3273,2021-11-15 13:58:00,EBON
2.1,2.1,2.1,2.1,814,2021-11-15 13:59:00,EBON
2.09,2.09,2.09,2.09,100,2021-11-15 14:00:00,EBON
2.09,2.09,2.09,2.09,200,2021-11-15 14:01:00,EBON
2.1,2.1,2.1,2.1,17864,2021-11-15 14:05:00,EBON
2.1,2.1,2.1,2.1,130,2021-11-15 14:10:00,EBON
2.1,2.1,2.1,2.1,850,2021-11-15 14:20:00,EBON
2.08,2.09,2.08,2.08,4913,2021-11-15 14:25:00,EBON
2.08,2.08,2.08,2.08,200,2021-11-15 14:26:00,EBON
2.07,2.08,2.0601,2.0601,42889,2021-11-15 14:30:00,EBON
2.06,2.065,2.06,2.0617,3005,2021-11-15 14:31:00,EBON
2.06,2.06,2.04,2.041,26683,2021-11-15 14:32:00,EBON
2.04,2.045,2.0301,2.04,2831,2021-11-15 14:33:00,EBON
2.0401,2.0499,2.04,2.045,8353,2021-11-15 14:34:00,EBON
2.04,2.045,2.02,2.02,28156,2021-11-15 14:35:00,EBON
2.025,2.025,2.0,2.01,52078,2021-11-15 14:36:00,EBON
2.01,2.0199,2.0,2.0199,21470,2021-11-15 14:37:00,EBON
2.0115,2.02,2.0112,2.02,2865,2021-11-15 14:38:00,EBON
2.0115,2.0288,2.0115,2.0288,6245,2021-11-15 14:39:00,EBON
2.0201,2.03,2.0201,2.03,5828,2021-11-15 14:40:00,EBON
2.0208,2.0399,2.0208,2.03,11905,2021-11-15 14:41:00,EBON
2.0298,2.04,2.02,2.0295,45271,2021-11-15 14:43:00,EBON
2.0274,2.0289,2.0201,2.0201,7950,2021-11-15 14:44:00,EBON
2.03,2.03,2.02,2.02,3836,2021-11-15 14:45:00,EBON
2.03,2.03,2.03,2.03,200,2021-11-15 14:46:00,EBON
2.03,2.03,2.02,2.02,1551,2021-11-15 14:47:00,EBON
2.03,2.03,2.02,2.025,1200,2021-11-15 14:48:00,EBON
2.02,2.02,2.01,2.02,12829,2021-11-15 14:49:00,EBON
2.02,2.02,2.0146,2.02,2043,2021-11-15 14:50:00,EBON
2.0202,2.03,2.0201,2.0201,9735,2021-11-15 14:51:00,EBON
2.02,2.03,2.02,2.03,2722,2021-11-15 14:52:00,EBON
2.03,2.05,2.03,2.05,1725,2021-11-15 14:53:00,EBON
2.05,2.05,2.0401,2.05,1649,2021-11-15 14:54:00,EBON
2.05,2.0508,2.0493,2.05,11364,2021-11-15 14:55:00,EBON
2.05,2.0595,2.05,2.0595,23806,2021-11-15 14:56:00,EBON
2.055,2.06,2.05,2.05,2811,2021-11-15 14:57:00,EBON
2.0501,2.0599,2.0486,2.0486,3629,2021-11-15 14:58:00,EBON
2.0461,2.05,2.04,2.05,3660,2021-11-15 14:59:00,EBON
2.045,2.045,2.04,2.045,9888,2021-11-15 15:00:00,EBON
2.03,2.03,2.03,2.03,200,2021-11-15 15:02:00,EBON
2.04,2.04,2.03,2.0364,1782,2021-11-15 15:03:00,EBON
2.0314,2.035,2.02,2.02,3290,2021-11-15 15:04:00,EBON
2.02,2.03,2.02,2.03,10090,2021-11-15 15:05:00,EBON
2.03,2.03,2.03,2.03,1633,2021-11-15 15:06:00,EBON
2.025,2.025,2.02,2.025,1300,2021-11-15 15:07:00,EBON
2.02,2.025,2.02,2.02,8238,2021-11-15 15:08:00,EBON
2.02,2.02,2.02,2.02,300,2021-11-15 15:09:00,EBON
2.01,2.01,2.0,2.002,5922,2021-11-15 15:10:00,EBON
2.0093,2.01,2.0,2.0006,18600,2021-11-15 15:11:00,EBON
2.0,2.01,2.0,2.0099,8867,2021-11-15 15:12:00,EBON
2.01,2.01,2.0,2.0,8454,2021-11-15 15:13:00,EBON
2.0,2.0,2.0,2.0,100,2021-11-15 15:14:00,EBON
2.0,2.0022,1.985,1.995,61914,2021-11-15 15:15:00,EBON
2.0,2.0,2.0,2.0,7700,2021-11-15 15:16:00,EBON
2.0099,2.0099,2.0034,2.0034,1800,2021-11-15 15:17:00,EBON
2.0092,2.01,2.0,2.01,11241,2021-11-15 15:18:00,EBON
2.01,2.01,2.0,2.0019,12200,2021-11-15 15:19:00,EBON
2.0085,2.0085,2.005,2.005,300,2021-11-15 15:20:00,EBON
2.01,2.01,2.0001,2.0001,300,2021-11-15 15:21:00,EBON
2.005,2.01,2.005,2.0084,5200,2021-11-15 15:22:00,EBON
2.005,2.01,2.005,2.01,1698,2021-11-15 15:23:00,EBON
2.005,2.0098,2.0,2.0,2200,2021-11-15 15:24:00,EBON
2.0,2.005,2.0,2.005,200,2021-11-15 15:25:00,EBON
2.0,2.005,2.0,2.005,2700,2021-11-15 15:26:00,EBON
2.005,2.005,2.0,2.0,1000,2021-11-15 15:27:00,EBON
2.0001,2.0001,2.0001,2.0001,550,2021-11-15 15:28:00,EBON
2.0078,2.0078,2.0,2.0,1689,2021-11-15 15:29:00,EBON
2.0,2.0,1.99,2.0,5070,2021-11-15 15:30:00,EBON
2.0,2.0,2.0,2.0,3132,2021-11-15 15:31:00,EBON
2.0,2.0022,1.995,1.995,4798,2021-11-15 15:32:00,EBON
1.9993,1.9993,1.9993,1.9993,1200,2021-11-15 15:33:00,EBON
1.99,1.9905,1.99,1.9905,5100,2021-11-15 15:34:00,EBON
1.99,1.99,1.985,1.9899,10292,2021-11-15 15:35:00,EBON
1.99,1.99,1.9863,1.99,2125,2021-11-15 15:36:00,EBON
1.9897,1.9902,1.9813,1.9813,23911,2021-11-15 15:37:00,EBON
1.99,1.99,1.9883,1.9883,1200,2021-11-15 15:38:00,EBON
1.985,1.985,1.975,1.9786,40845,2021-11-15 15:39:00,EBON
1.975,1.9781,1.975,1.9781,1100,2021-11-15 15:40:00,EBON
1.97,1.9701,1.96,1.969,29544,2021-11-15 15:41:00,EBON
1.97,1.98,1.97,1.9798,13775,2021-11-15 15:42:00,EBON
1.9772,1.9875,1.9772,1.985,6558,2021-11-15 15:43:00,EBON
1.99,1.995,1.99,1.995,6900,2021-11-15 15:44:00,EBON
1.995,1.995,1.995,1.995,100,2021-11-15 15:45:00,EBON
1.995,1.9972,1.992,1.9972,700,2021-11-15 15:46:00,EBON
1.9982,1.9982,1.995,1.995,1100,2021-11-15 15:47:00,EBON
1.9901,2.0,1.9901,1.995,1300,2021-11-15 15:48:00,EBON
1.995,2.0,1.995,2.0,1000,2021-11-15 15:49:00,EBON
1.995,1.995,1.995,1.995,101,2021-11-15 15:50:00,EBON
1.9915,1.9915,1.9915,1.9915,1300,2021-11-15 15:51:00,EBON
1.995,2.0015,1.995,2.0015,17031,2021-11-15 15:52:00,EBON
2.0001,2.0085,2.0001,2.0018,2650,2021-11-15 15:53:00,EBON
2.005,2.01,2.005,2.005,2878,2021-11-15 15:54:00,EBON
2.0099,2.0099,2.0006,2.005,1000,2021-11-15 15:56:00,EBON
2.005,2.01,2.005,2.01,1800,2021-11-15 15:57:00,EBON
2.005,2.005,2.005,2.005,200,2021-11-15 15:58:00,EBON
2.005,2.01,2.0013,2.0099,14085,2021-11-15 15:59:00,EBON
2.01,2.015,2.01,2.015,9433,2021-11-15 16:00:00,EBON
2.015,2.015,2.012,2.015,500,2021-11-15 16:01:00,EBON
2.0115,2.02,2.0115,2.02,5800,2021-11-15 16:02:00,EBON
2.015,2.015,2.015,2.015,300,2021-11-15 16:03:00,EBON
2.015,2.015,2.015,2.015,200,2021-11-15 16:04:00,EBON
2.015,2.02,2.01,2.019,15774,2021-11-15 16:05:00,EBON
2.02,2.02,2.015,2.015,719,2021-11-15 16:06:00,EBON
2.02,2.02,2.02,2.02,150,2021-11-15 16:07:00,EBON
2.02,2.02,2.015,2.015,500,2021-11-15 16:08:00,EBON
2.02,2.02,2.0101,2.0101,650,2021-11-15 16:09:00,EBON
2.015,2.015,2.015,2.015,100,2021-11-15 16:10:00,EBON
2.015,2.015,2.015,2.015,100,2021-11-15 16:11:00,EBON
2.015,2.015,2.015,2.015,400,2021-11-15 16:12:00,EBON
2.015,2.018,2.015,2.018,2300,2021-11-15 16:13:00,EBON
2.015,2.015,2.015,2.015,200,2021-11-15 16:14:00,EBON
2.015,2.015,2.015,2.015,300,2021-11-15 16:15:00,EBON
2.015,2.015,2.015,2.015,200,2021-11-15 16:16:00,EBON
2.015,2.015,2.01,2.015,1000,2021-11-15 16:17:00,EBON
2.015,2.015,2.0,2.0,7000,2021-11-15 16:18:00,EBON
2.002,2.002,2.002,2.002,1100,2021-11-15 16:19:00,EBON
2.005,2.005,2.0,2.0016,1068,2021-11-15 16:20:00,EBON
2.01,2.01,2.0,2.005,5650,2021-11-15 16:21:00,EBON
2.005,2.005,2.0,2.0,300,2021-11-15 16:22:00,EBON
2.005,2.005,1.995,1.995,39381,2021-11-15 16:23:00,EBON
2.0,2.0,1.99,1.99,1200,2021-11-15 16:24:00,EBON
1.9922,2.0,1.9922,2.0,501,2021-11-15 16:25:00,EBON
1.99,1.995,1.99,1.99,500,2021-11-15 16:26:00,EBON
1.995,2.0,1.995,2.0,16951,2021-11-15 16:27:00,EBON
1.999,2.0,1.995,1.995,902,2021-11-15 16:30:00,EBON
2.0,2.01,2.0,2.0099,4094,2021-11-15 16:31:00,EBON
2.005,2.005,2.005,2.005,659,2021-11-15 16:32:00,EBON
2.005,2.005,2.005,2.005,242,2021-11-15 16:33:00,EBON
2.01,2.01,2.0045,2.0045,617,2021-11-15 16:34:00,EBON
2.0026,2.0026,2.0026,2.0026,200,2021-11-15 16:35:00,EBON
2.005,2.01,2.005,2.01,300,2021-11-15 16:36:00,EBON
2.01,2.01,2.01,2.01,12253,2021-11-15 16:38:00,EBON
2.01,2.0119,2.01,2.0101,1064,2021-11-15 16:39:00,EBON
2.015,2.015,2.012,2.015,1491,2021-11-15 16:40:00,EBON
2.015,2.015,2.005,2.005,8300,2021-11-15 16:41:00,EBON
2.005,2.005,1.99,1.99,10946,2021-11-15 16:42:00,EBON
1.995,1.995,1.9901,1.9901,1300,2021-11-15 16:43:00,EBON
1.995,1.995,1.99,1.99,1700,2021-11-15 16:44:00,EBON
1.9979,1.9979,1.9801,1.9879,12651,2021-11-15 16:45:00,EBON
1.985,1.985,1.985,1.985,1500,2021-11-15 16:46:00,EBON
1.985,1.985,1.985,1.985,200,2021-11-15 16:47:00,EBON
1.985,1.985,1.98,1.98,200,2021-11-15 16:48:00,EBON
1.985,1.9998,1.985,1.9998,19720,2021-11-15 16:49:00,EBON
2.0,2.0,1.995,1.995,4800,2021-11-15 16:50:00,EBON
1.995,1.995,1.995,1.995,600,2021-11-15 16:51:00,EBON
1.995,1.995,1.99,1.99,4800,2021-11-15 16:52:00,EBON
1.985,1.989,1.985,1.9871,1900,2021-11-15 16:54:00,EBON
1.99,1.99,1.99,1.99,1700,2021-11-15 16:55:00,EBON
1.9853,1.9853,1.9853,1.9853,400,2021-11-15 16:56:00,EBON
1.985,1.985,1.985,1.985,100,2021-11-15 16:57:00,EBON
1.985,1.99,1.98,1.99,5400,2021-11-15 16:58:00,EBON
1.9899,1.995,1.988,1.995,17480,2021-11-15 16:59:00,EBON
1.995,1.995,1.995,1.995,1100,2021-11-15 17:00:00,EBON
2.0,2.0,1.995,1.995,510,2021-11-15 17:01:00,EBON
1.995,2.0,1.995,2.0,700,2021-11-15 17:02:00,EBON
1.995,1.995,1.995,1.995,600,2021-11-15 17:03:00,EBON
1.995,1.995,1.995,1.995,100,2021-11-15 17:04:00,EBON
1.995,1.995,1.995,1.995,1503,2021-11-15 17:05:00,EBON
1.995,2.0,1.995,1.9985,550,2021-11-15 17:06:00,EBON
1.9901,1.995,1.9901,1.9929,1151,2021-11-15 17:07:00,EBON
1.995,1.995,1.985,1.985,14174,2021-11-15 17:08:00,EBON
1.98,1.99,1.98,1.99,9961,2021-11-15 17:10:00,EBON
1.99,1.99,1.99,1.99,300,2021-11-15 17:11:00,EBON
1.99,1.9992,1.99,1.99,11100,2021-11-15 17:12:00,EBON
1.9899,1.9899,1.9899,1.9899,4500,2021-11-15 17:13:00,EBON
1.98,1.99,1.98,1.99,3736,2021-11-15 17:15:00,EBON
1.99,1.995,1.99,1.9901,5200,2021-11-15 17:16:00,EBON
2.0,2.0,1.995,2.0,300,2021-11-15 17:17:00,EBON
2.0,2.0,2.0,2.0,500,2021-11-15 17:18:00,EBON
1.99,1.9991,1.99,1.9991,600,2021-11-15 17:19:00,EBON
1.995,1.995,1.99,1.99,2600,2021-11-15 17:21:00,EBON
1.99,1.99,1.98,1.98,46389,2021-11-15 17:22:00,EBON
1.985,1.985,1.98,1.985,3500,2021-11-15 17:23:00,EBON
1.985,1.985,1.98,1.98,1500,2021-11-15 17:24:00,EBON
1.98,1.9881,1.98,1.9881,36560,2021-11-15 17:26:00,EBON
1.98,1.9868,1.98,1.98,22300,2021-11-15 17:27:00,EBON
1.98,1.98,1.98,1.98,34808,2021-11-15 17:28:00,EBON
1.98,1.985,1.98,1.98,26484,2021-11-15 17:29:00,EBON
1.985,1.985,1.98,1.98,513,2021-11-15 17:30:00,EBON
1.99,1.99,1.9801,1.9801,17103,2021-11-15 17:31:00,EBON
1.9801,1.9899,1.9801,1.9899,351,2021-11-15 17:32:00,EBON
1.985,1.985,1.985,1.985,100,2021-11-15 17:33:00,EBON
1.985,1.985,1.985,1.985,200,2021-11-15 17:34:00,EBON
1.985,1.9899,1.985,1.985,1293,2021-11-15 17:35:00,EBON
1.9801,1.9862,1.9801,1.9862,2400,2021-11-15 17:36:00,EBON
1.99,1.99,1.985,1.985,200,2021-11-15 17:38:00,EBON
1.9801,1.9801,1.9801,1.9801,700,2021-11-15 17:39:00,EBON
1.9865,1.9865,1.98,1.985,2556,2021-11-15 17:40:00,EBON
1.99,1.99,1.985,1.985,17900,2021-11-15 17:41:00,EBON
1.99,1.99,1.985,1.99,1413,2021-11-15 17:42:00,EBON
1.99,1.99,1.99,1.99,3236,2021-11-15 17:43:00,EBON
2.0,2.0,1.995,2.0,1100,2021-11-15 17:44:00,EBON
1.9901,1.995,1.9901,1.995,1400,2021-11-15 17:46:00,EBON
1.995,2.0,1.995,1.995,7545,2021-11-15 17:47:00,EBON
1.9999,1.9999,1.995,1.995,300,2021-11-15 17:49:00,EBON
1.995,1.995,1.995,1.995,200,2021-11-15 17:50:00,EBON
1.9921,1.9921,1.98,1.98,15277,2021-11-15 17:51:00,EBON
1.98,1.985,1.98,1.985,400,2021-11-15 17:52:00,EBON
1.9876,1.9876,1.98,1.98,486,2021-11-15 17:53:00,EBON
1.985,1.985,1.97,1.97,31398,2021-11-15 17:55:00,EBON
1.97,1.97,1.969,1.969,7299,2021-11-15 17:56:00,EBON
1.97,1.98,1.965,1.98,16431,2021-11-15 17:57:00,EBON
1.975,1.975,1.975,1.975,200,2021-11-15 17:59:00,EBON
1.98,1.98,1.97,1.975,2050,2021-11-15 18:00:00,EBON
1.9785,1.9785,1.9785,1.9785,1500,2021-11-15 18:01:00,EBON
1.98,1.98,1.98,1.98,500,2021-11-15 18:02:00,EBON
1.97,1.9789,1.97,1.9789,5100,2021-11-15 18:04:00,EBON
1.978,1.978,1.975,1.975,2500,2021-11-15 18:05:00,EBON
1.975,1.975,1.975,1.975,100,2021-11-15 18:06:00,EBON
1.9719,1.9719,1.9719,1.9719,400,2021-11-15 18:07:00,EBON
1.97,1.975,1.97,1.975,2600,2021-11-15 18:08:00,EBON
1.97,1.97,1.97,1.97,100,2021-11-15 18:09:00,EBON
1.98,1.98,1.9701,1.98,10011,2021-11-15 18:10:00,EBON
1.98,1.98,1.98,1.98,2554,2021-11-15 18:11:00,EBON
1.98,1.98,1.975,1.975,386,2021-11-15 18:12:00,EBON
1.98,1.98,1.98,1.98,656,2021-11-15 18:13:00,EBON
1.98,1.98,1.9797,1.98,6266,2021-11-15 18:16:00,EBON
1.975,1.975,1.975,1.975,1000,2021-11-15 18:17:00,EBON
1.975,1.975,1.975,1.975,416,2021-11-15 18:18:00,EBON
1.97,1.975,1.97,1.975,300,2021-11-15 18:19:00,EBON
1.98,1.98,1.97,1.975,1000,2021-11-15 18:20:00,EBON
1.9708,1.978,1.97,1.97,5200,2021-11-15 18:21:00,EBON
1.975,1.975,1.965,1.965,12066,2021-11-15 18:22:00,EBON
1.96,1.98,1.96,1.975,35015,2021-11-15 18:23:00,EBON
1.975,1.975,1.975,1.975,100,2021-11-15 18:24:00,EBON
1.97,1.9799,1.97,1.9799,1250,2021-11-15 18:25:00,EBON
1.975,1.975,1.975,1.975,550,2021-11-15 18:26:00,EBON
1.975,1.975,1.975,1.975,100,2021-11-15 18:27:00,EBON
1.975,1.975,1.975,1.975,100,2021-11-15 18:30:00,EBON
1.971,1.975,1.971,1.975,12200,2021-11-15 18:31:00,EBON
1.9714,1.975,1.9714,1.974,900,2021-11-15 18:33:00,EBON
1.97,1.975,1.97,1.97,4400,2021-11-15 18:34:00,EBON
1.97,1.975,1.97,1.975,700,2021-11-15 18:35:00,EBON
1.975,1.98,1.97,1.98,1450,2021-11-15 18:36:00,EBON
1.97,1.97,1.97,1.97,100,2021-11-15 18:37:00,EBON
1.97,1.97,1.96,1.965,8888,2021-11-15 18:38:00,EBON
1.97,1.97,1.9684,1.9684,200,2021-11-15 18:39:00,EBON
1.965,1.97,1.9601,1.97,1986,2021-11-15 18:40:00,EBON
1.97,1.97,1.964,1.964,7150,2021-11-15 18:41:00,EBON
1.9694,1.97,1.96,1.97,7117,2021-11-15 18:43:00,EBON
1.96,1.96,1.96,1.96,100,2021-11-15 18:44:00,EBON
1.96,1.96,1.96,1.96,100,2021-11-15 18:45:00,EBON
1.965,1.965,1.96,1.96,200,2021-11-15 18:46:00,EBON
1.96,1.96,1.96,1.96,100,2021-11-15 18:47:00,EBON
1.965,1.965,1.96,1.96,600,2021-11-15 18:48:00,EBON
1.96,1.98,1.96,1.975,15063,2021-11-15 18:49:00,EBON
1.975,1.975,1.975,1.975,100,2021-11-15 18:50:00,EBON
1.9707,1.9707,1.9707,1.9707,1700,2021-11-15 18:51:00,EBON
1.975,1.98,1.97,1.975,4450,2021-11-15 18:52:00,EBON
1.975,1.975,1.96,1.96,17341,2021-11-15 18:54:00,EBON
1.965,1.965,1.965,1.965,100,2021-11-15 18:56:00,EBON
1.97,1.97,1.97,1.97,100,2021-11-15 18:57:00,EBON
1.96,1.9693,1.96,1.9693,6000,2021-11-15 18:58:00,EBON
1.97,1.97,1.965,1.965,6038,2021-11-15 18:59:00,EBON
1.965,1.9685,1.965,1.965,3300,2021-11-15 19:00:00,EBON
1.97,1.97,1.97,1.97,100,2021-11-15 19:01:00,EBON
1.965,1.9664,1.965,1.9664,740,2021-11-15 19:02:00,EBON
1.965,1.965,1.96,1.96,1202,2021-11-15 19:03:00,EBON
1.96,1.97,1.955,1.96,51284,2021-11-15 19:04:00,EBON
1.959,1.96,1.959,1.9599,6850,2021-11-15 19:05:00,EBON
1.955,1.96,1.95,1.9501,13314,2021-11-15 19:06:00,EBON
1.955,1.955,1.955,1.955,100,2021-11-15 19:07:00,EBON
1.955,1.955,1.955,1.955,4500,2021-11-15 19:08:00,EBON
1.96,1.96,1.96,1.96,448,2021-11-15 19:09:00,EBON
1.95,1.95,1.95,1.95,1500,2021-11-15 19:10:00,EBON
1.955,1.96,1.955,1.96,3000,2021-11-15 19:11:00,EBON
1.965,1.965,1.9628,1.9628,1700,2021-11-15 19:12:00,EBON
1.965,1.965,1.965,1.965,800,2021-11-15 19:13:00,EBON
1.965,1.965,1.965,1.965,152,2021-11-15 19:15:00,EBON
1.965,1.965,1.965,1.965,2703,2021-11-15 19:18:00,EBON
1.965,1.965,1.965,1.965,300,2021-11-15 19:19:00,EBON
1.9686,1.9686,1.9686,1.9686,1000,2021-11-15 19:20:00,EBON
1.965,1.965,1.9615,1.9615,800,2021-11-15 19:21:00,EBON
1.96,1.965,1.96,1.965,200,2021-11-15 19:22:00,EBON
1.96,1.96,1.96,1.96,100,2021-11-15 19:23:00,EBON
1.96,1.965,1.96,1.965,300,2021-11-15 19:24:00,EBON
1.96,1.9621,1.96,1.96,700,2021-11-15 19:25:00,EBON
1.96,1.96,1.96,1.96,100,2021-11-15 19:26:00,EBON
1.96,1.965,1.96,1.96,400,2021-11-15 19:27:00,EBON
1.97,1.97,1.96,1.96,400,2021-11-15 19:28:00,EBON
1.97,1.97,1.9635,1.9635,1929,2021-11-15 19:29:00,EBON
1.97,1.97,1.96,1.9699,1800,2021-11-15 19:30:00,EBON
1.96,1.965,1.96,1.965,200,2021-11-15 19:31:00,EBON
1.96,1.97,1.96,1.97,200,2021-11-15 19:32:00,EBON
1.965,1.97,1.965,1.97,500,2021-11-15 19:33:00,EBON
1.96,1.97,1.96,1.97,1500,2021-11-15 19:34:00,EBON
1.96,1.97,1.96,1.97,32770,2021-11-15 19:35:00,EBON
1.97,1.97,1.965,1.965,2307,2021-11-15 19:36:00,EBON
1.97,1.97,1.965,1.965,1000,2021-11-15 19:37:00,EBON
1.965,1.98,1.965,1.98,3654,2021-11-15 19:38:00,EBON
1.979,1.979,1.975,1.975,700,2021-11-15 19:39:00,EBON
1.975,1.9899,1.975,1.9899,8922,2021-11-15 19:40:00,EBON
1.98,1.99,1.98,1.99,11200,2021-11-15 19:41:00,EBON
1.985,1.985,1.985,1.985,409,2021-11-15 19:43:00,EBON
1.99,1.99,1.99,1.99,100,2021-11-15 19:44:00,EBON
1.985,1.99,1.985,1.99,300,2021-11-15 19:45:00,EBON
1.99,1.99,1.98,1.985,800,2021-11-15 19:46:00,EBON
1.99,1.99,1.981,1.981,1800,2021-11-15 19:47:00,EBON
1.99,2.0,1.99,2.0,8950,2021-11-15 19:48:00,EBON
2.0,2.0,1.995,1.995,200,2021-11-15 19:49:00,EBON
1.9983,2.0,1.995,2.0,850,2021-11-15 19:50:00,EBON
1.995,2.0,1.99,2.0,6025,2021-11-15 19:51:00,EBON
1.9999,2.0,1.995,1.999,32663,2021-11-15 19:52:00,EBON
2.0,2.0009,2.0,2.0009,9461,2021-11-15 19:53:00,EBON
2.005,2.005,2.0,2.0,700,2021-11-15 19:54:00,EBON
2.0088,2.0097,2.0088,2.0097,1100,2021-11-15 19:56:00,EBON
2.005,2.005,2.002,2.002,300,2021-11-15 19:57:00,EBON
2.005,2.0087,2.005,2.0087,877,2021-11-15 19:58:00,EBON
2.0095,2.0095,2.005,2.005,2100,2021-11-15 19:59:00,EBON
2.0001,2.005,2.0,2.005,2556,2021-11-15 20:00:00,EBON
2.005,2.01,2.005,2.005,2000,2021-11-15 20:01:00,EBON
2.005,2.005,2.005,2.005,307,2021-11-15 20:02:00,EBON
2.005,2.0076,2.005,2.0076,350,2021-11-15 20:03:00,EBON
2.0,2.005,2.0,2.005,3086,2021-11-15 20:04:00,EBON
2.0,2.005,1.995,1.995,14256,2021-11-15 20:05:00,EBON
1.99,1.99,1.99,1.99,100,2021-11-15 20:06:00,EBON
1.9999,1.9999,1.99,1.99,9100,2021-11-15 20:07:00,EBON
1.985,1.985,1.9801,1.9801,2200,2021-11-15 20:08:00,EBON
1.985,1.99,1.985,1.9891,639,2021-11-15 20:09:00,EBON
1.98,1.985,1.98,1.985,420,2021-11-15 20:10:00,EBON
1.98,1.985,1.98,1.985,200,2021-11-15 20:11:00,EBON
1.99,1.99,1.99,1.99,2500,2021-11-15 20:12:00,EBON
1.9999,2.0,1.9999,2.0,2600,2021-11-15 20:13:00,EBON
2.0,2.005,1.995,2.005,19099,2021-11-15 20:14:00,EBON
2.005,2.005,2.005,2.005,100,2021-11-15 20:15:00,EBON
2.005,2.005,2.005,2.005,100,2021-11-15 20:17:00,EBON
2.005,2.005,2.005,2.005,100,2021-11-15 20:18:00,EBON
2.005,2.005,2.005,2.005,100,2021-11-15 20:19:00,EBON
2.005,2.005,2.005,2.005,100,2021-11-15 20:20:00,EBON
2.005,2.005,2.0,2.0017,5753,2021-11-15 20:21:00,EBON
2.005,2.005,2.005,2.005,100,2021-11-15 20:22:00,EBON
2.005,2.005,2.0,2.005,4171,2021-11-15 20:23:00,EBON
2.005,2.005,2.005,2.005,200,2021-11-15 20:24:00,EBON
2.005,2.01,2.0,2.005,1500,2021-11-15 20:25:00,EBON
2.0015,2.005,2.0015,2.005,519,2021-11-15 20:26:00,EBON
2.005,2.005,2.0,2.0,6500,2021-11-15 20:27:00,EBON
2.005,2.0082,2.0,2.0,1900,2021-11-15 20:28:00,EBON
2.005,2.005,2.005,2.005,200,2021-11-15 20:29:00,EBON
2.005,2.01,2.005,2.01,19385,2021-11-15 20:30:00,EBON
2.005,2.005,2.0,2.0002,13832,2021-11-15 20:31:00,EBON
2.005,2.01,2.0,2.005,1002,2021-11-15 20:32:00,EBON
2.005,2.005,2.005,2.005,100,2021-11-15 20:33:00,EBON
2.005,2.01,2.005,2.005,1484,2021-11-15 20:34:00,EBON
2.005,2.0099,2.005,2.005,600,2021-11-15 20:35:00,EBON
2.0,2.02,2.0,2.0191,36696,2021-11-15 20:36:00,EBON
2.02,2.02,2.01,2.02,3200,2021-11-15 20:37:00,EBON
2.015,2.02,2.015,2.02,200,2021-11-15 20:38:00,EBON
2.02,2.02,2.017,2.02,350,2021-11-15 20:39:00,EBON
2.0101,2.02,2.01,2.02,4756,2021-11-15 20:40:00,EBON
2.01,2.015,2.01,2.015,1956,2021-11-15 20:41:00,EBON
2.01,2.01,2.005,2.01,57727,2021-11-15 20:43:00,EBON
2.01,2.01,2.005,2.005,9500,2021-11-15 20:44:00,EBON
2.005,2.005,2.0,2.005,516,2021-11-15 20:45:00,EBON
2.005,2.0099,2.005,2.005,500,2021-11-15 20:46:00,EBON
2.005,2.005,2.005,2.005,400,2021-11-15 20:47:00,EBON
2.0001,2.005,2.0001,2.005,3867,2021-11-15 20:48:00,EBON
2.01,2.01,2.0017,2.005,1115,2021-11-15 20:49:00,EBON
2.005,2.01,1.99,2.0,45579,2021-11-15 20:50:00,EBON
1.995,1.995,1.9944,1.995,2300,2021-11-15 20:51:00,EBON
1.995,1.995,1.995,1.995,400,2021-11-15 20:52:00,EBON
1.99,2.0,1.99,1.99,1329,2021-11-15 20:53:00,EBON
1.995,2.0,1.99,1.995,14250,2021-11-15 20:54:00,EBON
1.995,2.0,1.9918,1.995,1283,2021-11-15 20:55:00,EBON
1.995,1.995,1.9915,1.9922,3272,2021-11-15 20:56:00,EBON
1.995,2.0,1.99,1.995,1861,2021-11-15 20:57:00,EBON
1.995,2.0079,1.99,2.005,22731,2021-11-15 20:58:00,EBON
2.01,2.01,2.0,2.0,55197,2021-11-15 20:59:00,EBON
2.0,2.0,2.0,2.0,117368,2021-11-15 21:00:00,EBON
1.98,1.98,1.98,1.98,200,2021-11-15 21:04:00,EBON
2.0,2.0,2.0,2.0,600,2021-11-15 21:16:00,EBON
2.0,2.0,2.0,2.0,4000,2021-11-15 21:20:00,EBON
2.0,2.0,2.0,2.0,2500,2021-11-15 21:25:00,EBON
2.0,2.0,2.0,2.0,1200,2021-11-15 22:04:00,EBON
2.0,2.0,2.0,2.0,1260,2021-11-15 22:22:00,EBON
2.0,2.0,2.0,2.0,100,2021-11-15 22:27:00,EBON
2.0,2.0,2.0,2.0,1500,2021-11-15 23:00:00,EBON
2.0,2.0,2.0,2.0,150,2021-11-15 23:46:00,EBON
2.0,2.0,2.0,2.0,100,2021-11-16 00:10:00,EBON
1.99,1.99,1.99,1.99,2100,2021-11-16 00:33:00,EBON
1.99,1.99,1.99,1.99,1000,2021-11-16 00:34:00,EBON
1.99,1.99,1.98,1.98,2970,2021-11-16 00:35:00,EBON
1.98,1.98,1.98,1.98,3965,2021-11-16 00:38:00,EBON
1.96,1.96,1.96,1.96,990,2021-11-16 00:42:00,EBON
1.99,1.99,1.99,1.99,100,2021-11-16 09:11:00,EBON
1.96,1.96,1.96,1.96,838,2021-11-16 09:33:00,EBON
1.97,1.98,1.97,1.98,300,2021-11-16 09:53:00,EBON
2.0,2.0,2.0,2.0,100,2021-11-16 09:56:00,EBON
1.98,1.98,1.98,1.98,140,2021-11-16 09:59:00,EBON
1.96,1.96,1.95,1.95,1166,2021-11-16 10:00:00,EBON
1.96,1.96,1.94,1.94,3137,2021-11-16 10:01:00,EBON
1.94,1.94,1.94,1.94,500,2021-11-16 10:25:00,EBON
1.95,1.95,1.95,1.95,100,2021-11-16 10:29:00,EBON
1.98,1.99,1.98,1.99,500,2021-11-16 10:36:00,EBON
1.94,1.94,1.94,1.94,200,2021-11-16 10:49:00,EBON
1.95,1.95,1.95,1.95,100,2021-11-16 11:31:00,EBON
1.96,1.96,1.96,1.96,137,2021-11-16 12:04:00,EBON
1.96,1.96,1.96,1.96,1100,2021-11-16 12:22:00,EBON
1.96,1.96,1.96,1.96,100,2021-11-16 12:23:00,EBON
1.96,1.96,1.96,1.96,609,2021-11-16 12:31:00,EBON
1.96,1.96,1.96,1.96,500,2021-11-16 12:51:00,EBON
1.96,1.96,1.96,1.96,4693,2021-11-16 12:52:00,EBON
1.96,1.96,1.96,1.96,800,2021-11-16 13:07:00,EBON
1.97,1.97,1.97,1.97,4300,2021-11-16 13:10:00,EBON
1.98,1.98,1.98,1.98,100,2021-11-16 13:11:00,EBON
1.98,1.98,1.97,1.97,1000,2021-11-16 13:15:00,EBON
1.97,1.97,1.96,1.96,6200,2021-11-16 13:16:00,EBON
1.9501,1.9501,1.9501,1.9501,100,2021-11-16 13:17:00,EBON
1.96,1.96,1.96,1.96,100,2021-11-16 13:22:00,EBON
1.96,1.96,1.96,1.96,100,2021-11-16 13:24:00,EBON
1.95,1.95,1.9499,1.9499,7170,2021-11-16 13:27:00,EBON
1.94,1.94,1.94,1.94,4882,2021-11-16 13:28:00,EBON
1.94,1.94,1.94,1.94,100,2021-11-16 13:32:00,EBON
1.95,1.95,1.95,1.95,121,2021-11-16 13:37:00,EBON
1.95,1.95,1.95,1.95,100,2021-11-16 13:41:00,EBON
1.95,1.95,1.95,1.95,3123,2021-11-16 13:46:00,EBON
1.96,1.96,1.96,1.96,250,2021-11-16 13:50:00,EBON
1.96,1.96,1.96,1.96,1000,2021-11-16 13:51:00,EBON
1.96,1.96,1.96,1.96,427,2021-11-16 13:56:00,EBON
1.95,1.95,1.95,1.95,1300,2021-11-16 13:57:00,EBON
1.96,1.96,1.96,1.96,1033,2021-11-16 14:04:00,EBON
1.96,1.96,1.96,1.96,100,2021-11-16 14:05:00,EBON
1.96,1.96,1.96,1.96,500,2021-11-16 14:07:00,EBON
1.95,1.95,1.95,1.95,250,2021-11-16 14:09:00,EBON
1.96,1.97,1.96,1.97,13322,2021-11-16 14:10:00,EBON
1.98,1.98,1.98,1.98,200,2021-11-16 14:11:00,EBON
1.98,1.98,1.98,1.98,100,2021-11-16 14:12:00,EBON
1.96,1.97,1.96,1.97,800,2021-11-16 14:16:00,EBON
1.96,1.96,1.96,1.96,500,2021-11-16 14:19:00,EBON
1.98,1.98,1.98,1.98,367,2021-11-16 14:27:00,EBON
1.98,1.98,1.98,1.98,3934,2021-11-16 14:29:00,EBON
1.97,1.99,1.97,1.9719,18901,2021-11-16 14:30:00,EBON
1.975,1.98,1.95,1.952,27015,2021-11-16 14:31:00,EBON
1.9588,1.9588,1.94,1.95,16863,2021-11-16 14:32:00,EBON
1.9419,1.9485,1.94,1.94,4040,2021-11-16 14:33:00,EBON
1.95,1.95,1.939,1.94,24370,2021-11-16 14:34:00,EBON
1.95,1.96,1.9412,1.9526,6917,2021-11-16 14:35:00,EBON
1.96,1.97,1.955,1.9658,7178,2021-11-16 14:36:00,EBON
1.97,1.97,1.97,1.97,100,2021-11-16 14:37:00,EBON
1.96,1.9667,1.96,1.96,3181,2021-11-16 14:38:00,EBON
1.96,1.9675,1.96,1.9675,8234,2021-11-16 14:39:00,EBON
1.97,1.97,1.962,1.962,7150,2021-11-16 14:40:00,EBON
1.96,1.9714,1.96,1.9714,23996,2021-11-16 14:41:00,EBON
1.975,1.975,1.97,1.9725,8438,2021-11-16 14:42:00,EBON
1.9769,1.9769,1.9769,1.9769,1000,2021-11-16 14:43:00,EBON
1.975,1.975,1.97,1.9701,1140,2021-11-16 14:44:00,EBON
1.9722,1.9722,1.97,1.97,1362,2021-11-16 14:45:00,EBON
1.98,1.99,1.97,1.99,9834,2021-11-16 14:47:00,EBON
1.98,1.982,1.98,1.98,4039,2021-11-16 14:48:00,EBON
1.9899,1.9899,1.985,1.985,1450,2021-11-16 14:49:00,EBON
1.98,1.985,1.97,1.975,10831,2021-11-16 14:50:00,EBON
1.9737,1.98,1.96,1.98,36917,2021-11-16 14:51:00,EBON
1.975,1.975,1.97,1.975,700,2021-11-16 14:52:00,EBON
1.9799,1.98,1.9746,1.98,11343,2021-11-16 14:53:00,EBON
1.98,1.985,1.9716,1.98,17793,2021-11-16 14:54:00,EBON
1.98,1.99,1.98,1.9875,29006,2021-11-16 14:55:00,EBON
1.98,1.98,1.98,1.98,974,2021-11-16 14:56:00,EBON
1.98,1.98,1.9712,1.9712,2069,2021-11-16 14:57:00,EBON
1.975,1.975,1.97,1.97,503,2021-11-16 15:00:00,EBON
1.9717,1.9717,1.96,1.96,3700,2021-11-16 15:02:00,EBON
1.965,1.965,1.965,1.965,140,2021-11-16 15:04:00,EBON
1.9605,1.9605,1.95,1.95,6545,2021-11-16 15:05:00,EBON
1.95,1.95,1.935,1.935,9581,2021-11-16 15:06:00,EBON
1.9316,1.9316,1.92,1.93,27966,2021-11-16 15:07:00,EBON
1.93,1.94,1.93,1.93,6609,2021-11-16 15:08:00,EBON
1.94,1.94,1.93,1.93,583,2021-11-16 15:09:00,EBON
1.93,1.94,1.93,1.94,2115,2021-11-16 15:10:00,EBON
1.9303,1.9303,1.9303,1.9303,3000,2021-11-16 15:11:00,EBON
1.9343,1.935,1.93,1.93,820,2021-11-16 15:12:00,EBON
1.94,1.94,1.9382,1.94,5400,2021-11-16 15:13:00,EBON
1.935,1.94,1.93,1.93,2000,2021-11-16 15:14:00,EBON
1.94,1.94,1.938,1.9399,6130,2021-11-16 15:15:00,EBON
1.935,1.935,1.935,1.935,1400,2021-11-16 15:16:00,EBON
1.94,1.94,1.94,1.94,200,2021-11-16 15:17:00,EBON
1.94,1.95,1.935,1.945,17095,2021-11-16 15:18:00,EBON
1.945,1.945,1.945,1.945,100,2021-11-16 15:20:00,EBON
1.95,1.95,1.95,1.95,1150,2021-11-16 15:21:00,EBON
1.95,1.95,1.945,1.945,1527,2021-11-16 15:22:00,EBON
1.94,1.94,1.94,1.94,283,2021-11-16 15:24:00,EBON
1.9475,1.9475,1.94,1.942,1497,2021-11-16 15:25:00,EBON
1.9456,1.9456,1.9456,1.9456,200,2021-11-16 15:26:00,EBON
1.94,1.9481,1.94,1.945,4007,2021-11-16 15:27:00,EBON
1.945,1.945,1.945,1.945,389,2021-11-16 15:28:00,EBON
1.945,1.945,1.93,1.935,31083,2021-11-16 15:29:00,EBON
1.935,1.95,1.93,1.9425,14374,2021-11-16 15:30:00,EBON
1.945,1.945,1.942,1.942,750,2021-11-16 15:31:00,EBON
1.95,1.955,1.945,1.955,12799,2021-11-16 15:32:00,EBON
1.9501,1.9501,1.9501,1.9501,260,2021-11-16 15:33:00,EBON
1.952,1.952,1.952,1.952,750,2021-11-16 15:34:00,EBON
1.96,1.96,1.96,1.96,600,2021-11-16 15:35:00,EBON
1.96,1.96,1.9501,1.9501,2700,2021-11-16 15:36:00,EBON
1.96,1.96,1.955,1.955,400,2021-11-16 15:37:00,EBON
1.96,1.96,1.96,1.96,100,2021-11-16 15:38:00,EBON
1.9517,1.9517,1.95,1.9515,500,2021-11-16 15:39:00,EBON
1.9576,1.9576,1.9576,1.9576,2250,2021-11-16 15:40:00,EBON
1.9575,1.9575,1.9575,1.9575,100,2021-11-16 15:41:00,EBON
1.95,1.95,1.94,1.94,9899,2021-11-16 15:42:00,EBON
1.945,1.95,1.94,1.94,6041,2021-11-16 15:44:00,EBON
1.94,1.9493,1.94,1.945,8089,2021-11-16 15:45:00,EBON
1.94,1.94,1.94,1.94,100,2021-11-16 15:46:00,EBON
1.9499,1.9499,1.94,1.94,677,2021-11-16 15:47:00,EBON
1.94,1.9499,1.94,1.9401,600,2021-11-16 15:48:00,EBON
1.94,1.94,1.94,1.94,100,2021-11-16 15:49:00,EBON
1.9401,1.95,1.9401,1.95,400,2021-11-16 15:50:00,EBON
1.94,1.94,1.94,1.94,200,2021-11-16 15:51:00,EBON
1.94,1.94,1.94,1.94,200,2021-11-16 15:52:00,EBON
1.945,1.945,1.945,1.945,100,2021-11-16 15:53:00,EBON
1.945,1.95,1.945,1.945,10931,2021-11-16 15:54:00,EBON
1.95,1.951,1.95,1.951,400,2021-11-16 15:55:00,EBON
1.95,1.955,1.95,1.955,5100,2021-11-16 15:56:00,EBON
1.955,1.955,1.955,1.955,500,2021-11-16 15:58:00,EBON
1.95,1.95,1.95,1.95,100,2021-11-16 15:59:00,EBON
1.9514,1.955,1.9514,1.955,2380,2021-11-16 16:00:00,EBON
1.95,1.95,1.95,1.95,400,2021-11-16 16:02:00,EBON
1.96,1.96,1.955,1.96,8322,2021-11-16 16:03:00,EBON
1.96,1.96,1.95,1.96,6034,2021-11-16 16:04:00,EBON
1.96,1.96,1.96,1.96,1900,2021-11-16 16:05:00,EBON
1.96,1.96,1.955,1.955,400,2021-11-16 16:06:00,EBON
1.96,1.96,1.955,1.955,500,2021-11-16 16:07:00,EBON
1.955,1.955,1.9501,1.9501,1700,2021-11-16 16:09:00,EBON
1.955,1.955,1.955,1.955,200,2021-11-16 16:10:00,EBON
1.95,1.955,1.95,1.952,10300,2021-11-16 16:11:00,EBON
1.955,1.955,1.95,1.95,22562,2021-11-16 16:12:00,EBON
1.9499,1.95,1.945,1.9499,1660,2021-11-16 16:13:00,EBON
1.95,1.95,1.945,1.945,300,2021-11-16 16:14:00,EBON
1.95,1.955,1.9482,1.955,17943,2021-11-16 16:15:00,EBON
1.955,1.96,1.955,1.96,300,2021-11-16 16:16:00,EBON
1.95,1.96,1.95,1.96,400,2021-11-16 16:17:00,EBON
1.96,1.96,1.953,1.96,500,2021-11-16 16:18:00,EBON
1.96,1.96,1.95,1.95,6600,2021-11-16 16:19:00,EBON
1.955,1.955,1.95,1.955,5381,2021-11-16 16:21:00,EBON
1.955,1.96,1.955,1.96,3200,2021-11-16 16:22:00,EBON
1.96,1.96,1.96,1.96,470,2021-11-16 16:23:00,EBON
1.96,1.96,1.95,1.96,400,2021-11-16 16:24:00,EBON
1.96,1.96,1.96,1.96,100,2021-11-16 16:25:00,EBON
1.96,1.965,1.96,1.965,14822,2021-11-16 16:26:00,EBON
1.965,1.97,1.9601,1.9601,3400,2021-11-16 16:27:00,EBON
1.9606,1.97,1.96,1.965,9546,2021-11-16 16:28:00,EBON
1.965,1.965,1.96,1.96,5100,2021-11-16 16:29:00,EBON
1.965,1.965,1.96,1.96,700,2021-11-16 16:30:00,EBON
1.965,1.97,1.965,1.97,304,2021-11-16 16:31:00,EBON
1.965,1.965,1.95,1.95,11922,2021-11-16 16:33:00,EBON
1.96,1.96,1.96,1.96,20000,2021-11-16 16:36:00,EBON
1.9518,1.9518,1.9518,1.9518,100,2021-11-16 16:37:00,EBON
1.95,1.96,1.95,1.955,1700,2021-11-16 16:38:00,EBON
1.955,1.96,1.955,1.96,4600,2021-11-16 16:40:00,EBON
1.96,1.961,1.96,1.96,12707,2021-11-16 16:41:00,EBON
1.96,1.96,1.96,1.96,100,2021-11-16 16:42:00,EBON
1.96,1.96,1.96,1.96,300,2021-11-16 16:43:00,EBON
1.96,1.96,1.96,1.96,124,2021-11-16 16:45:00,EBON
1.96,1.961,1.96,1.9601,2900,2021-11-16 16:46:00,EBON
1.9601,1.9661,1.9601,1.965,1300,2021-11-16 16:47:00,EBON
1.968,1.968,1.968,1.968,200,2021-11-16 16:48:00,EBON
1.97,1.97,1.965,1.97,3306,2021-11-16 16:49:00,EBON
1.97,1.97,1.96,1.97,4773,2021-11-16 16:52:00,EBON
1.97,1.97,1.9692,1.9692,1120,2021-11-16 16:53:00,EBON
1.97,1.97,1.97,1.97,270,2021-11-16 16:54:00,EBON
1.9687,1.9687,1.9687,1.9687,4500,2021-11-16 16:55:00,EBON
1.97,1.9799,1.97,1.9799,27755,2021-11-16 16:57:00,EBON
1.97,1.97,1.97,1.97,395,2021-11-16 16:58:00,EBON
1.9718,1.9718,1.9718,1.9718,6000,2021-11-16 16:59:00,EBON
1.975,1.9794,1.975,1.975,10300,2021-11-16 17:00:00,EBON
1.975,1.975,1.9691,1.97,12811,2021-11-16 17:01:00,EBON
1.97,1.98,1.97,1.98,32800,2021-11-16 17:02:00,EBON
1.9896,1.995,1.9896,1.9899,29498,2021-11-16 17:03:00,EBON
1.985,1.985,1.985,1.985,600,2021-11-16 17:04:00,EBON
1.981,1.981,1.981,1.981,1500,2021-11-16 17:05:00,EBON
1.98,1.98,1.98,1.98,200,2021-11-16 17:06:00,EBON
1.9814,1.9814,1.9814,1.9814,100,2021-11-16 17:07:00,EBON
1.98,1.98,1.98,1.98,200,2021-11-16 17:08:00,EBON
1.98,1.98,1.9764,1.9764,6361,2021-11-16 17:09:00,EBON
1.975,1.975,1.975,1.975,200,2021-11-16 17:12:00,EBON
1.97,1.97,1.97,1.97,100,2021-11-16 17:13:00,EBON
1.97,1.97,1.97,1.97,200,2021-11-16 17:14:00,EBON
1.975,1.975,1.975,1.975,1000,2021-11-16 17:15:00,EBON
1.98,1.98,1.97,1.975,2350,2021-11-16 17:16:00,EBON
1.97,1.97,1.97,1.97,190,2021-11-16 17:17:00,EBON
1.97,1.975,1.97,1.975,600,2021-11-16 17:18:00,EBON
1.9715,1.9715,1.9715,1.9715,250,2021-11-16 17:19:00,EBON
1.97,1.97,1.97,1.97,100,2021-11-16 17:20:00,EBON
1.97,1.971,1.96,1.965,16581,2021-11-16 17:21:00,EBON
1.96,1.96,1.96,1.96,200,2021-11-16 17:22:00,EBON
1.965,1.97,1.96,1.96,1726,2021-11-16 17:23:00,EBON
1.96,1.96,1.96,1.96,1000,2021-11-16 17:25:00,EBON
1.96,1.96,1.96,1.96,100,2021-11-16 17:27:00,EBON
1.965,1.965,1.965,1.965,318,2021-11-16 17:28:00,EBON
1.96,1.96,1.96,1.96,3883,2021-11-16 17:29:00,EBON
1.96,1.96,1.95,1.955,2020,2021-11-16 17:30:00,EBON
1.955,1.955,1.955,1.955,379,2021-11-16 17:31:00,EBON
1.955,1.955,1.93,1.935,31538,2021-11-16 17:32:00,EBON
1.94,1.94,1.93,1.9309,3332,2021-11-16 17:33:00,EBON
1.9382,1.94,1.93,1.94,4981,2021-11-16 17:34:00,EBON
1.94,1.94,1.932,1.932,1250,2021-11-16 17:35:00,EBON
1.935,1.94,1.935,1.939,3246,2021-11-16 17:37:00,EBON
1.9362,1.9362,1.93,1.935,1950,2021-11-16 17:38:00,EBON
1.93,1.93,1.93,1.93,200,2021-11-16 17:39:00,EBON
1.9307,1.9307,1.9307,1.9307,100,2021-11-16 17:40:00,EBON
1.935,1.94,1.93,1.93,5500,2021-11-16 17:42:00,EBON
1.935,1.935,1.925,1.925,31520,2021-11-16 17:44:00,EBON
1.93,1.93,1.92,1.9225,1700,2021-11-16 17:45:00,EBON
1.9201,1.9201,1.9201,1.9201,100,2021-11-16 17:46:00,EBON
1.925,1.9299,1.925,1.9299,400,2021-11-16 17:47:00,EBON
1.9219,1.94,1.9219,1.935,30369,2021-11-16 17:48:00,EBON
1.9301,1.9301,1.9301,1.9301,750,2021-11-16 17:49:00,EBON
1.938,1.938,1.93,1.93,693,2021-11-16 17:50:00,EBON
1.9399,1.94,1.935,1.935,1250,2021-11-16 17:51:00,EBON
1.9309,1.9309,1.9309,1.9309,2000,2021-11-16 17:54:00,EBON
1.9389,1.9389,1.9389,1.9389,7700,2021-11-16 17:57:00,EBON
1.9381,1.9381,1.9381,1.9381,518,2021-11-16 17:58:00,EBON
1.93,1.93,1.93,1.93,100,2021-11-16 17:59:00,EBON
1.938,1.938,1.938,1.938,100,2021-11-16 18:00:00,EBON
1.93,1.935,1.93,1.935,1100,2021-11-16 18:02:00,EBON
1.94,1.94,1.93,1.93,1834,2021-11-16 18:04:00,EBON
1.93,1.93,1.93,1.93,250,2021-11-16 18:06:00,EBON
1.93,1.935,1.93,1.935,200,2021-11-16 18:07:00,EBON
1.935,1.935,1.935,1.935,175,2021-11-16 18:08:00,EBON
1.9301,1.9301,1.9301,1.9301,301,2021-11-16 18:09:00,EBON
1.93,1.9327,1.93,1.9327,200,2021-11-16 18:10:00,EBON
1.93,1.9317,1.93,1.9301,888,2021-11-16 18:12:00,EBON
1.9308,1.935,1.93,1.935,5602,2021-11-16 18:13:00,EBON
1.935,1.94,1.93,1.94,4159,2021-11-16 18:15:00,EBON
1.935,1.94,1.935,1.94,1920,2021-11-16 18:16:00,EBON
1.93,1.93,1.93,1.93,100,2021-11-16 18:17:00,EBON
1.9301,1.9301,1.9301,1.9301,400,2021-11-16 18:19:00,EBON
1.9399,1.9399,1.93,1.93,26139,2021-11-16 18:20:00,EBON
1.9385,1.9385,1.9385,1.9385,1227,2021-11-16 18:21:00,EBON
1.935,1.935,1.93,1.93,900,2021-11-16 18:22:00,EBON
1.935,1.935,1.935,1.935,500,2021-11-16 18:23:00,EBON
1.935,1.935,1.935,1.935,250,2021-11-16 18:24:00,EBON
1.93,1.935,1.93,1.935,300,2021-11-16 18:25:00,EBON
1.9305,1.9305,1.9305,1.9305,3659,2021-11-16 18:27:00,EBON
1.93,1.93,1.93,1.93,100,2021-11-16 18:28:00,EBON
1.935,1.94,1.93,1.93,1371,2021-11-16 18:30:00,EBON
1.935,1.935,1.935,1.935,100,2021-11-16 18:31:00,EBON
1.93,1.93,1.93,1.93,100,2021-11-16 18:33:00,EBON
1.93,1.935,1.93,1.935,700,2021-11-16 18:34:00,EBON
1.93,1.93,1.93,1.93,960,2021-11-16 18:35:00,EBON
1.935,1.94,1.93,1.935,700,2021-11-16 18:38:00,EBON
1.933,1.9384,1.933,1.9384,4600,2021-11-16 18:39:00,EBON
1.93,1.94,1.93,1.94,200,2021-11-16 18:41:00,EBON
1.9307,1.9307,1.93,1.9301,6450,2021-11-16 18:42:00,EBON
1.93,1.935,1.93,1.935,250,2021-11-16 18:43:00,EBON
1.935,1.94,1.93,1.93,66915,2021-11-16 18:45:00,EBON
1.93,1.935,1.93,1.935,500,2021-11-16 18:46:00,EBON
1.935,1.94,1.93,1.935,4984,2021-11-16 18:47:00,EBON
1.93,1.93,1.93,1.93,1425,2021-11-16 18:48:00,EBON
1.9301,1.9301,1.9301,1.9301,2000,2021-11-16 18:49:00,EBON
1.9399,1.9399,1.93,1.935,1553,2021-11-16 18:51:00,EBON
1.93,1.93,1.93,1.93,600,2021-11-16 18:52:00,EBON
1.935,1.935,1.93,1.93,375,2021-11-16 18:53:00,EBON
1.935,1.935,1.935,1.935,3783,2021-11-16 18:54:00,EBON
1.93,1.935,1.93,1.93,2907,2021-11-16 18:55:00,EBON
1.93,1.9301,1.93,1.93,2200,2021-11-16 18:56:00,EBON
1.9316,1.935,1.93,1.935,600,2021-11-16 18:58:00,EBON
1.93,1.9379,1.93,1.93,1500,2021-11-16 19:00:00,EBON
1.93,1.94,1.93,1.94,3300,2021-11-16 19:01:00,EBON
1.93,1.93,1.93,1.93,1700,2021-11-16 19:02:00,EBON
1.935,1.935,1.935,1.935,500,2021-11-16 19:03:00,EBON
1.93,1.94,1.93,1.94,2790,2021-11-16 19:04:00,EBON
1.93,1.935,1.93,1.935,300,2021-11-16 19:05:00,EBON
1.93,1.935,1.93,1.93,1200,2021-11-16 19:06:00,EBON
1.9399,1.9399,1.935,1.9397,5700,2021-11-16 19:07:00,EBON
1.935,1.935,1.935,1.935,100,2021-11-16 19:08:00,EBON
1.93,1.94,1.93,1.94,4500,2021-11-16 19:09:00,EBON
1.94,1.945,1.9377,1.945,23888,2021-11-16 19:10:00,EBON
1.95,1.96,1.95,1.955,15505,2021-11-16 19:11:00,EBON
1.955,1.96,1.955,1.96,306,2021-11-16 19:12:00,EBON
1.955,1.96,1.95,1.955,7294,2021-11-16 19:13:00,EBON
1.955,1.955,1.955,1.955,100,2021-11-16 19:14:00,EBON
1.96,1.96,1.945,1.945,29673,2021-11-16 19:15:00,EBON
1.9474,1.9474,1.945,1.945,397,2021-11-16 19:16:00,EBON
1.945,1.9493,1.945,1.945,6300,2021-11-16 19:17:00,EBON
1.95,1.955,1.95,1.955,7686,2021-11-16 19:18:00,EBON
1.955,1.96,1.9516,1.9516,1904,2021-11-16 19:19:00,EBON
1.96,1.96,1.96,1.96,400,2021-11-16 19:20:00,EBON
1.96,1.96,1.955,1.9577,447,2021-11-16 19:21:00,EBON
1.96,1.96,1.96,1.96,300,2021-11-16 19:22:00,EBON
1.96,1.97,1.96,1.97,8106,2021-11-16 19:24:00,EBON
1.97,1.97,1.97,1.97,200,2021-11-16 19:25:00,EBON
1.97,1.97,1.968,1.968,600,2021-11-16 19:26:00,EBON
1.97,1.97,1.97,1.97,200,2021-11-16 19:27:00,EBON
1.97,1.98,1.97,1.98,15393,2021-11-16 19:28:00,EBON
1.98,1.98,1.9726,1.9726,300,2021-11-16 19:29:00,EBON
1.97,1.98,1.97,1.98,2000,2021-11-16 19:31:00,EBON
1.9701,1.975,1.9701,1.975,300,2021-11-16 19:32:00,EBON
1.9701,1.98,1.9701,1.98,350,2021-11-16 19:33:00,EBON
1.9701,1.98,1.9701,1.98,1700,2021-11-16 19:34:00,EBON
1.975,1.98,1.975,1.98,500,2021-11-16 19:35:00,EBON
1.98,1.98,1.9701,1.975,410,2021-11-16 19:37:00,EBON
1.98,1.98,1.975,1.975,800,2021-11-16 19:38:00,EBON
1.97,1.975,1.97,1.97,2250,2021-11-16 19:39:00,EBON
1.9701,1.975,1.97,1.97,800,2021-11-16 19:40:00,EBON
1.9764,1.9764,1.975,1.975,900,2021-11-16 19:41:00,EBON
1.975,1.975,1.96,1.965,29769,2021-11-16 19:42:00,EBON
1.965,1.97,1.965,1.97,1100,2021-11-16 19:43:00,EBON
1.9601,1.97,1.9601,1.97,507,2021-11-16 19:44:00,EBON
1.97,1.97,1.96,1.965,400,2021-11-16 19:45:00,EBON
1.97,1.97,1.965,1.97,1200,2021-11-16 19:46:00,EBON
1.97,1.97,1.96,1.97,500,2021-11-16 19:47:00,EBON
1.97,1.97,1.965,1.97,400,2021-11-16 19:48:00,EBON
1.97,1.97,1.97,1.97,300,2021-11-16 19:49:00,EBON
1.97,1.97,1.96,1.96,2100,2021-11-16 19:50:00,EBON
1.965,1.97,1.96,1.965,4600,2021-11-16 19:51:00,EBON
1.965,1.97,1.965,1.97,400,2021-11-16 19:52:00,EBON
1.965,1.965,1.955,1.955,17677,2021-11-16 19:53:00,EBON
1.96,1.96,1.96,1.96,3316,2021-11-16 19:54:00,EBON
1.965,1.9686,1.965,1.9686,236,2021-11-16 19:55:00,EBON
1.965,1.965,1.965,1.965,200,2021-11-16 19:56:00,EBON
1.9608,1.965,1.9608,1.965,2102,2021-11-16 19:57:00,EBON
1.965,1.965,1.965,1.965,100,2021-11-16 19:59:00,EBON
1.97,1.97,1.96,1.96,680,2021-11-16 20:00:00,EBON
1.96,1.965,1.96,1.965,1600,2021-11-16 20:03:00,EBON
1.965,1.97,1.96,1.965,1640,2021-11-16 20:04:00,EBON
1.97,1.97,1.97,1.97,2400,2021-11-16 20:05:00,EBON
1.96,1.97,1.96,1.965,7202,2021-11-16 20:06:00,EBON
1.97,1.97,1.96,1.9616,1005,2021-11-16 20:08:00,EBON
1.961,1.965,1.961,1.965,400,2021-11-16 20:09:00,EBON
1.96,1.96,1.96,1.96,100,2021-11-16 20:11:00,EBON
1.96,1.965,1.96,1.96,5226,2021-11-16 20:13:00,EBON
1.96,1.96,1.95,1.95,3620,2021-11-16 20:14:00,EBON
1.95,1.96,1.95,1.96,5850,2021-11-16 20:15:00,EBON
1.95,1.95,1.95,1.95,600,2021-11-16 20:17:00,EBON
1.9509,1.955,1.95,1.955,6191,2021-11-16 20:18:00,EBON
1.9586,1.9586,1.95,1.95,1500,2021-11-16 20:19:00,EBON
1.95,1.95,1.95,1.95,100,2021-11-16 20:21:00,EBON
1.95,1.955,1.95,1.955,400,2021-11-16 20:22:00,EBON
1.95,1.955,1.95,1.955,1700,2021-11-16 20:23:00,EBON
1.95,1.955,1.95,1.95,14768,2021-11-16 20:24:00,EBON
1.9508,1.96,1.95,1.95,1445,2021-11-16 20:25:00,EBON
1.955,1.955,1.955,1.955,200,2021-11-16 20:26:00,EBON
1.955,1.955,1.95,1.95,500,2021-11-16 20:27:00,EBON
1.95,1.955,1.95,1.955,200,2021-11-16 20:28:00,EBON
1.95,1.95,1.94,1.94,16705,2021-11-16 20:29:00,EBON
1.945,1.945,1.9401,1.9401,575,2021-11-16 20:30:00,EBON
1.945,1.95,1.94,1.94,3611,2021-11-16 20:31:00,EBON
1.95,1.96,1.95,1.96,11454,2021-11-16 20:32:00,EBON
1.955,1.955,1.955,1.955,100,2021-11-16 20:33:00,EBON
1.96,1.96,1.96,1.96,300,2021-11-16 20:34:00,EBON
1.96,1.96,1.9532,1.9532,200,2021-11-16 20:35:00,EBON
1.9509,1.9509,1.9509,1.9509,4059,2021-11-16 20:36:00,EBON
1.955,1.955,1.9519,1.9519,1343,2021-11-16 20:37:00,EBON
1.955,1.9557,1.9518,1.9518,1871,2021-11-16 20:38:00,EBON
1.9599,1.9599,1.9599,1.9599,3050,2021-11-16 20:39:00,EBON
1.9518,1.96,1.95,1.9521,2732,2021-11-16 20:40:00,EBON
1.955,1.955,1.9401,1.9406,21901,2021-11-16 20:41:00,EBON
1.945,1.945,1.94,1.94,200,2021-11-16 20:42:00,EBON
1.9416,1.945,1.94,1.94,1598,2021-11-16 20:43:00,EBON
1.94,1.945,1.94,1.94,400,2021-11-16 20:44:00,EBON
1.9416,1.945,1.94,1.94,1641,2021-11-16 20:45:00,EBON
1.94,1.94,1.94,1.94,300,2021-11-16 20:46:00,EBON
1.945,1.95,1.94,1.95,2690,2021-11-16 20:47:00,EBON
1.95,1.955,1.94,1.9532,12668,2021-11-16 20:48:00,EBON
1.95,1.96,1.95,1.96,5800,2021-11-16 20:49:00,EBON
1.96,1.96,1.96,1.96,2550,2021-11-16 20:50:00,EBON
1.95,1.955,1.95,1.955,2769,2021-11-16 20:51:00,EBON
1.95,1.955,1.95,1.95,2119,2021-11-16 20:52:00,EBON
1.96,1.96,1.95,1.955,3695,2021-11-16 20:53:00,EBON
1.955,1.96,1.95,1.955,11651,2021-11-16 20:54:00,EBON
1.9501,1.955,1.95,1.95,19394,2021-11-16 20:55:00,EBON
1.95,1.955,1.95,1.95,12134,2021-11-16 20:56:00,EBON
1.95,1.955,1.95,1.955,14231,2021-11-16 20:57:00,EBON
1.95,1.9599,1.94,1.94,21850,2021-11-16 20:58:00,EBON
1.94,1.9461,1.93,1.94,53695,2021-11-16 20:59:00,EBON
1.94,1.94,1.94,1.94,42182,2021-11-16 21:00:00,EBON
1.9401,1.9401,1.9401,1.9401,593,2021-11-16 21:02:00,EBON
1.95,1.95,1.95,1.95,2804,2021-11-16 21:06:00,EBON
1.9599,1.96,1.9599,1.96,6000,2021-11-16 21:54:00,EBON
1.97,1.97,1.97,1.97,1000,2021-11-16 22:21:00,EBON
1.97,1.97,1.97,1.97,450,2021-11-16 22:23:00,EBON
1.97,1.97,1.97,1.97,400,2021-11-16 22:25:00,EBON
1.96,1.96,1.96,1.96,100,2021-11-16 23:16:00,EBON
1.96,1.96,1.96,1.96,100,2021-11-16 23:19:00,EBON
1.97,1.97,1.97,1.97,385,2021-11-16 23:49:00,EBON
1.96,1.96,1.96,1.96,500,2021-11-17 00:05:00,EBON
1.96,1.96,1.96,1.96,200,2021-11-17 00:31:00,EBON
1.97,1.97,1.97,1.97,100,2021-11-17 09:03:00,EBON
1.95,1.95,1.95,1.95,216,2021-11-17 09:08:00,EBON
1.95,1.95,1.95,1.95,262,2021-11-17 09:33:00,EBON
1.95,1.95,1.95,1.95,218,2021-11-17 09:35:00,EBON
1.98,1.98,1.98,1.98,200,2021-11-17 10:14:00,EBON
1.96,1.96,1.96,1.96,1794,2021-11-17 10:47:00,EBON
1.96,1.96,1.96,1.96,498,2021-11-17 11:04:00,EBON
1.97,1.97,1.97,1.97,700,2021-11-17 12:00:00,EBON
1.97,1.97,1.97,1.97,100,2021-11-17 12:16:00,EBON
1.97,1.97,1.97,1.97,807,2021-11-17 12:21:00,EBON
1.98,1.98,1.98,1.98,200,2021-11-17 12:57:00,EBON
1.97,1.97,1.97,1.97,647,2021-11-17 13:02:00,EBON
1.98,1.98,1.98,1.98,1000,2021-11-17 13:13:00,EBON
1.97,1.97,1.97,1.97,2028,2021-11-17 13:19:00,EBON
1.97,1.97,1.97,1.97,100,2021-11-17 13:22:00,EBON
1.96,1.96,1.96,1.96,100,2021-11-17 13:29:00,EBON
1.96,1.96,1.96,1.96,103,2021-11-17 13:41:00,EBON
1.96,1.96,1.96,1.96,2100,2021-11-17 13:52:00,EBON
1.95,1.96,1.95,1.96,700,2021-11-17 13:58:00,EBON
1.97,1.97,1.97,1.97,200,2021-11-17 13:59:00,EBON
1.97,1.97,1.97,1.97,120,2021-11-17 14:00:00,EBON
1.97,1.97,1.97,1.97,250,2021-11-17 14:20:00,EBON
1.96,1.96,1.96,1.96,410,2021-11-17 14:25:00,EBON
1.97,1.97,1.97,1.97,400,2021-11-17 14:26:00,EBON
1.96,1.96,1.96,1.96,700,2021-11-17 14:27:00,EBON
1.96,1.97,1.96,1.97,1100,2021-11-17 14:28:00,EBON
1.94,1.958,1.93,1.93,36549,2021-11-17 14:30:00,EBON
1.93,1.93,1.92,1.9285,19097,2021-11-17 14:31:00,EBON
1.928,1.93,1.928,1.93,4951,2021-11-17 14:32:00,EBON
1.94,1.94,1.94,1.94,400,2021-11-17 14:33:00,EBON
1.9399,1.9399,1.93,1.93,2000,2021-11-17 14:34:00,EBON
1.93,1.93,1.925,1.925,800,2021-11-17 14:35:00,EBON
1.925,1.93,1.925,1.93,4120,2021-11-17 14:36:00,EBON
1.93,1.93,1.93,1.93,100,2021-11-17 14:37:00,EBON
1.92,1.9282,1.92,1.9209,6931,2021-11-17 14:38:00,EBON
1.93,1.93,1.93,1.93,1039,2021-11-17 14:39:00,EBON
1.92,1.925,1.92,1.925,3577,2021-11-17 14:40:00,EBON
1.92,1.925,1.92,1.925,800,2021-11-17 14:41:00,EBON
1.93,1.93,1.92,1.92,5800,2021-11-17 14:42:00,EBON
1.925,1.925,1.925,1.925,100,2021-11-17 14:43:00,EBON
1.92,1.92,1.92,1.92,100,2021-11-17 14:44:00,EBON
1.925,1.94,1.91,1.925,72468,2021-11-17 14:45:00,EBON
1.93,1.93,1.92,1.92,5700,2021-11-17 14:46:00,EBON
1.93,1.93,1.92,1.92,1000,2021-11-17 14:47:00,EBON
1.923,1.925,1.92,1.92,1800,2021-11-17 14:48:00,EBON
1.92,1.9299,1.92,1.92,1369,2021-11-17 14:49:00,EBON
1.92,1.9235,1.92,1.9235,950,2021-11-17 14:50:00,EBON
1.925,1.925,1.92,1.9201,3252,2021-11-17 14:51:00,EBON
1.9189,1.9189,1.91,1.91,1787,2021-11-17 14:52:00,EBON
1.91,1.91,1.9,1.905,36250,2021-11-17 14:53:00,EBON
1.905,1.925,1.905,1.925,15430,2021-11-17 14:54:00,EBON
1.925,1.925,1.92,1.925,500,2021-11-17 14:55:00,EBON
1.925,1.93,1.9201,1.93,18350,2021-11-17 14:56:00,EBON
1.93,1.93,1.93,1.93,571,2021-11-17 14:57:00,EBON
1.93,1.93,1.925,1.925,700,2021-11-17 14:58:00,EBON
1.9209,1.9209,1.9209,1.9209,788,2021-11-17 14:59:00,EBON
1.925,1.925,1.911,1.92,2800,2021-11-17 15:00:00,EBON
1.915,1.92,1.91,1.91,1304,2021-11-17 15:01:00,EBON
1.9148,1.9148,1.91,1.91,16589,2021-11-17 15:02:00,EBON
1.9087,1.9087,1.9,1.9003,93840,2021-11-17 15:03:00,EBON
1.9079,1.9079,1.9003,1.9018,700,2021-11-17 15:04:00,EBON
1.91,1.91,1.9,1.9,200,2021-11-17 15:05:00,EBON
1.9,1.9086,1.9,1.9,1396,2021-11-17 15:06:00,EBON
1.9,1.91,1.89,1.89,45362,2021-11-17 15:07:00,EBON
1.8901,1.8985,1.89,1.89,9129,2021-11-17 15:08:00,EBON
1.8956,1.8998,1.89,1.895,5141,2021-11-17 15:09:00,EBON
1.89,1.9,1.89,1.89,8070,2021-11-17 15:10:00,EBON
1.89,1.895,1.89,1.89,1572,2021-11-17 15:11:00,EBON
1.9,1.9,1.8826,1.8883,28221,2021-11-17 15:12:00,EBON
1.88,1.885,1.87,1.88,28485,2021-11-17 15:13:00,EBON
1.88,1.88,1.8799,1.88,1363,2021-11-17 15:14:00,EBON
1.88,1.88,1.8798,1.8798,1669,2021-11-17 15:15:00,EBON
1.875,1.88,1.8701,1.88,2260,2021-11-17 15:16:00,EBON
1.87,1.88,1.87,1.87,5090,2021-11-17 15:17:00,EBON
1.8726,1.8726,1.871,1.872,300,2021-11-17 15:18:00,EBON
1.87,1.8799,1.87,1.878,11686,2021-11-17 15:19:00,EBON
1.88,1.88,1.87,1.875,26478,2021-11-17 15:20:00,EBON
1.875,1.875,1.87,1.87,1100,2021-11-17 15:21:00,EBON
1.87,1.87,1.86,1.87,27249,2021-11-17 15:22:00,EBON
1.8675,1.88,1.865,1.87,21875,2021-11-17 15:23:00,EBON
1.868,1.87,1.86,1.8688,2721,2021-11-17 15:24:00,EBON
1.8699,1.87,1.8679,1.87,1058,2021-11-17 15:25:00,EBON
1.8696,1.88,1.865,1.872,10972,2021-11-17 15:26:00,EBON
1.88,1.88,1.8701,1.8701,400,2021-11-17 15:27:00,EBON
1.875,1.875,1.87,1.87,1001,2021-11-17 15:28:00,EBON
1.8711,1.88,1.8711,1.875,1100,2021-11-17 15:29:00,EBON
1.875,1.88,1.875,1.88,1200,2021-11-17 15:30:00,EBON
1.88,1.88,1.88,1.88,934,2021-11-17 15:31:00,EBON
1.88,1.88,1.88,1.88,22545,2021-11-17 15:32:00,EBON
1.88,1.88,1.8709,1.88,9100,2021-11-17 15:33:00,EBON
1.8773,1.8773,1.875,1.875,650,2021-11-17 15:35:00,EBON
1.88,1.88,1.87,1.87,3000,2021-11-17 15:36:00,EBON
1.87,1.875,1.87,1.8714,1992,2021-11-17 15:37:00,EBON
1.875,1.875,1.875,1.875,400,2021-11-17 15:38:00,EBON
1.875,1.895,1.871,1.895,22970,2021-11-17 15:39:00,EBON
1.8901,1.8901,1.8901,1.8901,490,2021-11-17 15:40:00,EBON
1.8919,1.8919,1.8908,1.8919,9600,2021-11-17 15:41:00,EBON
1.895,1.895,1.895,1.895,201,2021-11-17 15:42:00,EBON
1.895,1.9,1.89,1.89,2350,2021-11-17 15:43:00,EBON
1.8922,1.895,1.8922,1.895,700,2021-11-17 15:44:00,EBON
1.895,1.895,1.895,1.895,1600,2021-11-17 15:45:00,EBON
1.895,1.905,1.895,1.902,9176,2021-11-17 15:46:00,EBON
1.905,1.905,1.905,1.905,700,2021-11-17 15:47:00,EBON
1.9,1.905,1.9,1.905,4200,2021-11-17 15:48:00,EBON
1.9,1.905,1.9,1.9,2812,2021-11-17 15:49:00,EBON
1.9014,1.9014,1.9014,1.9014,342,2021-11-17 15:50:00,EBON
1.9077,1.9077,1.905,1.905,200,2021-11-17 15:51:00,EBON
1.9093,1.9093,1.9,1.9,400,2021-11-17 15:52:00,EBON
1.9,1.9,1.895,1.9,22074,2021-11-17 15:53:00,EBON
1.9,1.9,1.89,1.895,1620,2021-11-17 15:54:00,EBON
1.89,1.89,1.89,1.89,100,2021-11-17 15:55:00,EBON
1.89,1.89,1.89,1.89,100,2021-11-17 15:56:00,EBON
1.89,1.89,1.889,1.8892,19270,2021-11-17 15:57:00,EBON
1.8801,1.8801,1.8801,1.8801,950,2021-11-17 15:58:00,EBON
1.8894,1.8894,1.8894,1.8894,1000,2021-11-17 15:59:00,EBON
1.8843,1.8843,1.88,1.8801,2400,2021-11-17 16:00:00,EBON
1.8891,1.8899,1.885,1.885,2810,2021-11-17 16:01:00,EBON
1.89,1.89,1.8801,1.885,3448,2021-11-17 16:02:00,EBON
1.885,1.885,1.88,1.8825,11200,2021-11-17 16:03:00,EBON
1.88,1.89,1.88,1.885,3622,2021-11-17 16:04:00,EBON
1.88,1.895,1.88,1.895,5450,2021-11-17 16:05:00,EBON
1.89,1.9,1.89,1.9,2016,2021-11-17 16:06:00,EBON
1.8999,1.9,1.8999,1.9,5999,2021-11-17 16:07:00,EBON
1.9,1.904,1.8977,1.9024,16320,2021-11-17 16:08:00,EBON
1.9097,1.91,1.9097,1.91,6996,2021-11-17 16:09:00,EBON
1.91,1.92,1.91,1.9166,8582,2021-11-17 16:10:00,EBON
1.914,1.914,1.914,1.914,500,2021-11-17 16:11:00,EBON
1.92,1.92,1.912,1.912,370,2021-11-17 16:12:00,EBON
1.92,1.92,1.9121,1.9121,300,2021-11-17 16:13:00,EBON
1.92,1.925,1.9199,1.925,11039,2021-11-17 16:14:00,EBON
1.9218,1.93,1.92,1.92,9400,2021-11-17 16:15:00,EBON
1.92,1.92,1.92,1.92,2909,2021-11-17 16:16:00,EBON
1.92,1.922,1.92,1.92,2713,2021-11-17 16:17:00,EBON
1.92,1.92,1.9178,1.92,1500,2021-11-17 16:18:00,EBON
1.9197,1.9197,1.9197,1.9197,100,2021-11-17 16:19:00,EBON
1.91,1.91,1.91,1.91,6200,2021-11-17 16:20:00,EBON
1.905,1.905,1.9001,1.9001,550,2021-11-17 16:22:00,EBON
1.91,1.9186,1.9099,1.9186,15627,2021-11-17 16:23:00,EBON
1.915,1.915,1.915,1.915,240,2021-11-17 16:25:00,EBON
1.9101,1.9182,1.9101,1.915,1190,2021-11-17 16:27:00,EBON
1.91,1.915,1.91,1.9101,25337,2021-11-17 16:28:00,EBON
1.91,1.91,1.91,1.91,700,2021-11-17 16:29:00,EBON
1.91,1.91,1.91,1.91,4914,2021-11-17 16:30:00,EBON
1.9,1.9,1.9,1.9,12298,2021-11-17 16:31:00,EBON
1.905,1.915,1.905,1.915,17152,2021-11-17 16:32:00,EBON
1.912,1.912,1.912,1.912,400,2021-11-17 16:34:00,EBON
1.92,1.92,1.92,1.92,845,2021-11-17 16:35:00,EBON
1.91,1.91,1.91,1.91,200,2021-11-17 16:38:00,EBON
1.91,1.91,1.91,1.91,500,2021-11-17 16:39:00,EBON
1.91,1.91,1.91,1.91,300,2021-11-17 16:40:00,EBON
1.91,1.91,1.905,1.905,2800,2021-11-17 16:41:00,EBON
1.905,1.905,1.905,1.905,100,2021-11-17 16:42:00,EBON
1.9,1.9,1.9,1.9,167,2021-11-17 16:44:00,EBON
1.9,1.9,1.9,1.9,100,2021-11-17 16:46:00,EBON
1.9024,1.9026,1.9,1.9,560,2021-11-17 16:47:00,EBON
1.9,1.9,1.9,1.9,100,2021-11-17 16:48:00,EBON
1.9,1.9,1.9,1.9,200,2021-11-17 16:49:00,EBON
1.9,1.9,1.9,1.9,200,2021-11-17 16:50:00,EBON
1.905,1.9099,1.9,1.9,458,2021-11-17 16:51:00,EBON
1.9,1.9,1.9,1.9,200,2021-11-17 16:52:00,EBON
1.9,1.9,1.9,1.9,900,2021-11-17 16:53:00,EBON
1.9,1.9,1.9,1.9,200,2021-11-17 16:54:00,EBON
1.9017,1.9017,1.9017,1.9017,143,2021-11-17 16:55:00,EBON
1.9,1.9,1.9,1.9,200,2021-11-17 16:56:00,EBON
1.9,1.91,1.9,1.9,700,2021-11-17 16:59:00,EBON
1.9,1.9,1.9,1.9,200,2021-11-17 17:00:00,EBON
1.9,1.9,1.9,1.9,100,2021-11-17 17:01:00,EBON
1.9,1.9099,1.9,1.9099,1200,2021-11-17 17:02:00,EBON
1.9,1.9001,1.89,1.895,9230,2021-11-17 17:03:00,EBON
1.89,1.89,1.89,1.89,200,2021-11-17 17:04:00,EBON
1.89,1.89,1.89,1.89,300,2021-11-17 17:05:00,EBON
1.89,1.89,1.89,1.89,100,2021-11-17 17:06:00,EBON
1.89,1.9,1.89,1.89,1050,2021-11-17 17:07:00,EBON
1.895,1.895,1.88,1.885,11223,2021-11-17 17:08:00,EBON
1.88,1.88,1.88,1.88,300,2021-11-17 17:09:00,EBON
1.88,1.89,1.88,1.89,2900,2021-11-17 17:10:00,EBON
1.88,1.8841,1.88,1.8805,10700,2021-11-17 17:11:00,EBON
1.88,1.89,1.875,1.875,5595,2021-11-17 17:12:00,EBON
1.87,1.88,1.87,1.8719,1230,2021-11-17 17:13:00,EBON
1.875,1.88,1.87,1.875,17186,2021-11-17 17:14:00,EBON
1.872,1.872,1.87,1.87,828,2021-11-17 17:15:00,EBON
1.88,1.88,1.87,1.87,35151,2021-11-17 17:16:00,EBON
1.875,1.88,1.875,1.88,1100,2021-11-17 17:17:00,EBON
1.8794,1.88,1.871,1.875,7249,2021-11-17 17:18:00,EBON
1.88,1.89,1.88,1.885,41250,2021-11-17 17:19:00,EBON
1.88,1.88,1.88,1.88,6900,2021-11-17 17:20:00,EBON
1.885,1.886,1.885,1.886,400,2021-11-17 17:21:00,EBON
1.885,1.885,1.885,1.885,100,2021-11-17 17:22:00,EBON
1.88,1.89,1.88,1.89,22325,2021-11-17 17:23:00,EBON
1.8879,1.8879,1.88,1.88,600,2021-11-17 17:24:00,EBON
1.8711,1.8711,1.8711,1.8711,2955,2021-11-17 17:25:00,EBON
1.875,1.875,1.875,1.875,200,2021-11-17 17:27:00,EBON
1.875,1.875,1.875,1.875,100,2021-11-17 17:28:00,EBON
1.87,1.871,1.87,1.871,200,2021-11-17 17:29:00,EBON
1.875,1.875,1.87,1.87,248,2021-11-17 17:30:00,EBON
1.875,1.875,1.87,1.875,1100,2021-11-17 17:31:00,EBON
1.88,1.88,1.875,1.875,367,2021-11-17 17:32:00,EBON
1.875,1.875,1.87,1.87,300,2021-11-17 17:33:00,EBON
1.87,1.8799,1.87,1.8799,200,2021-11-17 17:34:00,EBON
1.87,1.88,1.87,1.88,6575,2021-11-17 17:35:00,EBON
1.88,1.88,1.87,1.87,1100,2021-11-17 17:36:00,EBON
1.87,1.87,1.87,1.87,200,2021-11-17 17:37:00,EBON
1.87,1.8705,1.87,1.87,510,2021-11-17 17:38:00,EBON
1.87,1.87,1.87,1.87,100,2021-11-17 17:39:00,EBON
1.87,1.87,1.87,1.87,462,2021-11-17 17:40:00,EBON
1.87,1.87,1.87,1.87,100,2021-11-17 17:41:00,EBON
1.87,1.87,1.87,1.87,100,2021-11-17 17:42:00,EBON
1.87,1.8799,1.87,1.87,400,2021-11-17 17:43:00,EBON
1.87,1.8701,1.87,1.8701,3600,2021-11-17 17:44:00,EBON
1.87,1.87,1.87,1.87,300,2021-11-17 17:45:00,EBON
1.88,1.88,1.87,1.87,3900,2021-11-17 17:46:00,EBON
1.875,1.875,1.87,1.875,5600,2021-11-17 17:47:00,EBON
1.87,1.875,1.87,1.875,200,2021-11-17 17:48:00,EBON
1.88,1.88,1.87,1.8716,6290,2021-11-17 17:49:00,EBON
1.8732,1.8732,1.87,1.87,325,2021-11-17 17:50:00,EBON
1.875,1.875,1.87,1.87,200,2021-11-17 17:51:00,EBON
1.87,1.87,1.87,1.87,351,2021-11-17 17:52:00,EBON
1.87,1.87,1.87,1.87,100,2021-11-17 17:53:00,EBON
1.87,1.88,1.87,1.88,4404,2021-11-17 17:54:00,EBON
1.875,1.875,1.87,1.875,1285,2021-11-17 17:55:00,EBON
1.87,1.88,1.87,1.88,300,2021-11-17 17:56:00,EBON
1.8799,1.8799,1.87,1.8705,1000,2021-11-17 17:57:00,EBON
1.87,1.87,1.87,1.87,200,2021-11-17 17:58:00,EBON
1.88,1.88,1.87,1.87,855,2021-11-17 17:59:00,EBON
1.87,1.875,1.87,1.875,1700,2021-11-17 18:00:00,EBON
1.87,1.8785,1.87,1.87,2400,2021-11-17 18:01:00,EBON
1.875,1.875,1.87,1.87,494,2021-11-17 18:02:00,EBON
1.87,1.87,1.87,1.87,200,2021-11-17 18:03:00,EBON
1.87,1.87,1.87,1.87,200,2021-11-17 18:04:00,EBON
1.87,1.87,1.87,1.87,3200,2021-11-17 18:05:00,EBON
1.87,1.87,1.87,1.87,100,2021-11-17 18:06:00,EBON
1.87,1.87,1.87,1.87,100,2021-11-17 18:07:00,EBON
1.87,1.87,1.87,1.87,100,2021-11-17 18:08:00,EBON
1.87,1.87,1.87,1.87,200,2021-11-17 18:09:00,EBON
1.875,1.88,1.87,1.88,1600,2021-11-17 18:10:00,EBON
1.87,1.87,1.87,1.87,200,2021-11-17 18:11:00,EBON
1.88,1.88,1.87,1.87,4070,2021-11-17 18:12:00,EBON
1.87,1.89,1.87,1.89,39332,2021-11-17 18:13:00,EBON
1.885,1.9,1.885,1.895,24007,2021-11-17 18:15:00,EBON
1.9,1.9,1.895,1.9,500,2021-11-17 18:16:00,EBON
1.895,1.895,1.89,1.891,27300,2021-11-17 18:17:00,EBON
1.895,1.895,1.895,1.895,1000,2021-11-17 18:21:00,EBON
1.9,1.9,1.9,1.9,814,2021-11-17 18:22:00,EBON
1.89,1.89,1.89,1.89,441,2021-11-17 18:25:00,EBON
1.89,1.89,1.89,1.89,200,2021-11-17 18:26:00,EBON
1.895,1.895,1.895,1.895,100,2021-11-17 18:27:00,EBON
1.89,1.89,1.89,1.89,100,2021-11-17 18:28:00,EBON
1.89,1.895,1.89,1.895,500,2021-11-17 18:29:00,EBON
1.895,1.895,1.89,1.89,200,2021-11-17 18:30:00,EBON
1.89,1.895,1.89,1.895,223,2021-11-17 18:31:00,EBON
1.8961,1.8961,1.89,1.89,700,2021-11-17 18:32:00,EBON
1.895,1.895,1.895,1.895,100,2021-11-17 18:33:00,EBON
1.89,1.91,1.89,1.91,11545,2021-11-17 18:34:00,EBON
1.9,1.91,1.9,1.91,6520,2021-11-17 18:35:00,EBON
1.915,1.915,1.915,1.915,200,2021-11-17 18:36:00,EBON
1.91,1.91,1.91,1.91,200,2021-11-17 18:37:00,EBON
1.91,1.91,1.91,1.91,3223,2021-11-17 18:38:00,EBON
1.905,1.905,1.905,1.905,3075,2021-11-17 18:40:00,EBON
1.9,1.9017,1.9,1.9,6006,2021-11-17 18:41:00,EBON
1.895,1.9,1.895,1.8999,10750,2021-11-17 18:42:00,EBON
1.895,1.895,1.895,1.895,300,2021-11-17 18:45:00,EBON
1.8987,1.8987,1.89,1.89,447,2021-11-17 18:46:00,EBON
1.89,1.895,1.89,1.895,600,2021-11-17 18:48:00,EBON
1.9,1.9,1.9,1.9,499,2021-11-17 18:49:00,EBON
1.895,1.899,1.89,1.899,3200,2021-11-17 18:50:00,EBON
1.895,1.9,1.89,1.89,4369,2021-11-17 18:52:00,EBON
1.89,1.9,1.89,1.9,400,2021-11-17 18:54:00,EBON
1.89,1.89,1.89,1.89,325,2021-11-17 18:55:00,EBON
1.9,1.9,1.89,1.89,400,2021-11-17 18:56:00,EBON
1.9,1.9,1.9,1.9,528,2021-11-17 18:57:00,EBON
1.89,1.89,1.89,1.89,100,2021-11-17 18:59:00,EBON
1.89,1.9,1.89,1.895,1500,2021-11-17 19:00:00,EBON
1.9,1.9,1.89,1.895,1500,2021-11-17 19:01:00,EBON
1.89,1.8906,1.89,1.89,6271,2021-11-17 19:02:00,EBON
1.89,1.89,1.89,1.89,100,2021-11-17 19:03:00,EBON
1.89,1.895,1.89,1.895,1100,2021-11-17 19:05:00,EBON
1.89,1.8902,1.885,1.885,13258,2021-11-17 19:06:00,EBON
1.89,1.89,1.89,1.89,500,2021-11-17 19:07:00,EBON
1.88,1.88,1.88,1.88,300,2021-11-17 19:08:00,EBON
1.88,1.88,1.88,1.88,100,2021-11-17 19:09:00,EBON
1.88,1.88,1.88,1.88,2099,2021-11-17 19:10:00,EBON
1.88,1.88,1.88,1.88,200,2021-11-17 19:11:00,EBON
1.88,1.8835,1.88,1.8835,525,2021-11-17 19:12:00,EBON
1.88,1.88,1.87,1.87,4560,2021-11-17 19:13:00,EBON
1.875,1.88,1.875,1.8786,8091,2021-11-17 19:14:00,EBON
1.88,1.885,1.87,1.885,6293,2021-11-17 19:15:00,EBON
1.8894,1.8894,1.8894,1.8894,1000,2021-11-17 19:16:00,EBON
1.885,1.885,1.885,1.885,100,2021-11-17 19:17:00,EBON
1.8889,1.8889,1.8889,1.8889,141,2021-11-17 19:21:00,EBON
1.885,1.885,1.885,1.885,712,2021-11-17 19:22:00,EBON
1.89,1.89,1.875,1.879,9330,2021-11-17 19:25:00,EBON
1.8792,1.8792,1.8786,1.8786,9000,2021-11-17 19:26:00,EBON
1.88,1.88,1.88,1.88,300,2021-11-17 19:27:00,EBON
1.88,1.89,1.8796,1.89,8160,2021-11-17 19:28:00,EBON
1.885,1.8887,1.885,1.8887,1100,2021-11-17 19:29:00,EBON
1.885,1.885,1.885,1.885,500,2021-11-17 19:30:00,EBON
1.89,1.89,1.885,1.885,628,2021-11-17 19:31:00,EBON
1.885,1.885,1.88,1.88,13450,2021-11-17 19:34:00,EBON
1.875,1.875,1.875,1.875,282,2021-11-17 19:35:00,EBON
1.875,1.88,1.875,1.88,2550,2021-11-17 19:36:00,EBON
1.88,1.9,1.88,1.8901,36218,2021-11-17 19:37:00,EBON
1.89,1.8901,1.8801,1.8801,12900,2021-11-17 19:38:00,EBON
1.8899,1.8899,1.8899,1.8899,4500,2021-11-17 19:39:00,EBON
1.885,1.8898,1.885,1.8898,4900,2021-11-17 19:40:00,EBON
1.885,1.885,1.885,1.885,100,2021-11-17 19:42:00,EBON
1.89,1.89,1.885,1.885,266,2021-11-17 19:44:00,EBON
1.885,1.89,1.885,1.885,4128,2021-11-17 19:46:00,EBON
1.89,1.89,1.885,1.885,700,2021-11-17 19:47:00,EBON
1.88,1.885,1.88,1.88,2091,2021-11-17 19:49:00,EBON
1.88,1.88,1.88,1.88,100,2021-11-17 19:50:00,EBON
1.8814,1.885,1.88,1.8803,4612,2021-11-17 19:51:00,EBON
1.8806,1.8806,1.87,1.8701,5341,2021-11-17 19:52:00,EBON
1.875,1.875,1.87,1.87,400,2021-11-17 19:53:00,EBON
1.8769,1.88,1.87,1.8774,3500,2021-11-17 19:54:00,EBON
1.875,1.875,1.87,1.8706,2200,2021-11-17 19:55:00,EBON
1.87,1.875,1.87,1.8701,14152,2021-11-17 19:56:00,EBON
1.87,1.87,1.87,1.87,100,2021-11-17 19:57:00,EBON
1.8731,1.8731,1.87,1.87,300,2021-11-17 19:58:00,EBON
1.87,1.8709,1.87,1.8709,4300,2021-11-17 19:59:00,EBON
1.8709,1.873,1.87,1.87,5000,2021-11-17 20:00:00,EBON
1.87,1.875,1.87,1.87,7228,2021-11-17 20:01:00,EBON
1.8714,1.8753,1.87,1.87,954,2021-11-17 20:02:00,EBON
1.87,1.8754,1.87,1.87,300,2021-11-17 20:03:00,EBON
1.87,1.87,1.87,1.87,100,2021-11-17 20:04:00,EBON
1.87,1.8705,1.87,1.87,450,2021-11-17 20:05:00,EBON
1.875,1.875,1.86,1.86,23075,2021-11-17 20:06:00,EBON
1.8682,1.87,1.865,1.865,1669,2021-11-17 20:07:00,EBON
1.86,1.87,1.86,1.86,3261,2021-11-17 20:08:00,EBON
1.865,1.87,1.865,1.8687,900,2021-11-17 20:09:00,EBON
1.865,1.87,1.86,1.87,6970,2021-11-17 20:10:00,EBON
1.865,1.87,1.86,1.865,2965,2021-11-17 20:11:00,EBON
1.865,1.87,1.865,1.865,7118,2021-11-17 20:12:00,EBON
1.87,1.89,1.87,1.89,17701,2021-11-17 20:13:00,EBON
1.89,1.89,1.89,1.89,100,2021-11-17 20:14:00,EBON
1.89,1.89,1.89,1.89,200,2021-11-17 20:15:00,EBON
1.885,1.885,1.885,1.885,100,2021-11-17 20:16:00,EBON
1.8801,1.89,1.8801,1.89,5455,2021-11-17 20:17:00,EBON
1.8826,1.885,1.8826,1.885,400,2021-11-17 20:18:00,EBON
1.885,1.885,1.885,1.885,100,2021-11-17 20:19:00,EBON
1.89,1.89,1.89,1.89,100,2021-11-17 20:20:00,EBON
1.885,1.885,1.885,1.885,200,2021-11-17 20:21:00,EBON
1.885,1.885,1.885,1.885,200,2021-11-17 20:22:00,EBON
1.885,1.885,1.885,1.885,300,2021-11-17 20:23:00,EBON
1.885,1.887,1.885,1.887,384,2021-11-17 20:24:00,EBON
1.89,1.89,1.88,1.885,900,2021-11-17 20:25:00,EBON
1.885,1.89,1.8826,1.89,1800,2021-11-17 20:26:00,EBON
1.885,1.885,1.88,1.885,800,2021-11-17 20:27:00,EBON
1.88,1.885,1.88,1.88,400,2021-11-17 20:29:00,EBON
1.885,1.885,1.88,1.88,300,2021-11-17 20:30:00,EBON
1.88,1.885,1.88,1.8824,10738,2021-11-17 20:31:00,EBON
1.885,1.885,1.88,1.88,1400,2021-11-17 20:32:00,EBON
1.88,1.88,1.88,1.88,461,2021-11-17 20:33:00,EBON
1.88,1.89,1.88,1.88,3646,2021-11-17 20:35:00,EBON
1.87,1.875,1.87,1.875,300,2021-11-17 20:36:00,EBON
1.87,1.875,1.87,1.875,500,2021-11-17 20:37:00,EBON
1.87,1.87,1.87,1.87,100,2021-11-17 20:38:00,EBON
1.87,1.875,1.87,1.87,300,2021-11-17 20:39:00,EBON
1.87,1.87,1.87,1.87,200,2021-11-17 20:40:00,EBON
1.87,1.8701,1.87,1.8701,309,2021-11-17 20:41:00,EBON
1.87,1.875,1.87,1.87,1000,2021-11-17 20:42:00,EBON
1.87,1.875,1.87,1.875,730,2021-11-17 20:43:00,EBON
1.87,1.88,1.87,1.87,1467,2021-11-17 20:44:00,EBON
1.87,1.8719,1.87,1.8719,343,2021-11-17 20:45:00,EBON
1.8737,1.88,1.87,1.87,4965,2021-11-17 20:46:00,EBON
1.8704,1.8704,1.87,1.87,4635,2021-11-17 20:47:00,EBON
1.87,1.87,1.87,1.87,300,2021-11-17 20:48:00,EBON
1.87,1.875,1.86,1.86,11900,2021-11-17 20:49:00,EBON
1.865,1.87,1.86,1.86,1446,2021-11-17 20:50:00,EBON
1.865,1.865,1.86,1.86,7900,2021-11-17 20:51:00,EBON
1.865,1.8695,1.86,1.865,1075,2021-11-17 20:52:00,EBON
1.86,1.87,1.86,1.86,1829,2021-11-17 20:53:00,EBON
1.8615,1.87,1.86,1.87,9369,2021-11-17 20:54:00,EBON
1.87,1.875,1.8614,1.875,35437,2021-11-17 20:55:00,EBON
1.875,1.875,1.8714,1.8714,710,2021-11-17 20:56:00,EBON
1.875,1.875,1.8701,1.8715,1195,2021-11-17 20:57:00,EBON
1.88,1.88,1.875,1.875,5638,2021-11-17 20:58:00,EBON
1.875,1.88,1.8701,1.88,23821,2021-11-17 20:59:00,EBON
1.88,1.88,1.88,1.88,30297,2021-11-17 21:00:00,EBON
1.89,1.89,1.89,1.89,100,2021-11-17 21:01:00,EBON
1.9,1.9,1.9,1.9,294,2021-11-17 21:58:00,EBON
1.8701,1.8701,1.8701,1.8701,100,2021-11-17 22:19:00,EBON
1.87,1.87,1.87,1.87,12500,2021-11-17 22:21:00,EBON
1.87,1.87,1.87,1.87,300,2021-11-17 22:24:00,EBON
1.87,1.87,1.87,1.87,171,2021-11-17 22:27:00,EBON
1.88,1.88,1.88,1.88,9886,2021-11-17 23:14:00,EBON
1.8801,1.8801,1.8801,1.8801,100,2021-11-17 23:20:00,EBON
1.88,1.88,1.87,1.87,13793,2021-11-18 00:40:00,EBON
1.87,1.87,1.87,1.87,200,2021-11-18 00:41:00,EBON
1.87,1.87,1.87,1.87,519,2021-11-18 00:46:00,EBON
1.86,1.86,1.86,1.86,250,2021-11-18 00:48:00,EBON
1.86,1.86,1.86,1.86,5200,2021-11-18 00:49:00,EBON
1.86,1.86,1.86,1.86,250,2021-11-18 00:50:00,EBON
1.87,1.87,1.87,1.87,100,2021-11-18 09:28:00,EBON
1.88,1.88,1.88,1.88,249,2021-11-18 09:39:00,EBON
1.86,1.86,1.86,1.86,100,2021-11-18 09:55:00,EBON
1.86,1.86,1.86,1.86,600,2021-11-18 11:16:00,EBON
1.88,1.88,1.88,1.88,100,2021-11-18 12:01:00,EBON
1.89,1.89,1.89,1.89,121,2021-11-18 12:08:00,EBON
1.89,1.89,1.88,1.88,230,2021-11-18 12:09:00,EBON
1.88,1.88,1.88,1.88,450,2021-11-18 12:31:00,EBON
1.88,1.88,1.88,1.88,100,2021-11-18 12:38:00,EBON
1.88,1.88,1.88,1.88,100,2021-11-18 12:39:00,EBON
1.88,1.88,1.88,1.88,400,2021-11-18 12:57:00,EBON
1.89,1.89,1.89,1.89,2300,2021-11-18 13:08:00,EBON
1.89,1.89,1.89,1.89,100,2021-11-18 13:12:00,EBON
1.88,1.88,1.88,1.88,200,2021-11-18 13:19:00,EBON
1.8699,1.8699,1.8699,1.8699,5000,2021-11-18 13:43:00,EBON
1.86,1.86,1.86,1.86,1100,2021-11-18 13:52:00,EBON
1.86,1.86,1.86,1.86,100,2021-11-18 13:53:00,EBON
1.85,1.85,1.85,1.85,100,2021-11-18 13:55:00,EBON
1.86,1.86,1.86,1.86,150,2021-11-18 13:58:00,EBON
1.86,1.86,1.86,1.86,444,2021-11-18 14:01:00,EBON
1.86,1.86,1.86,1.86,200,2021-11-18 14:02:00,EBON
1.86,1.86,1.86,1.86,100,2021-11-18 14:03:00,EBON
1.87,1.87,1.86,1.87,500,2021-11-18 14:05:00,EBON
1.87,1.87,1.87,1.87,1000,2021-11-18 14:06:00,EBON
1.87,1.87,1.87,1.87,100,2021-11-18 14:07:00,EBON
1.85,1.85,1.85,1.85,300,2021-11-18 14:09:00,EBON
1.86,1.86,1.85,1.85,1200,2021-11-18 14:10:00,EBON
1.86,1.86,1.86,1.86,201,2021-11-18 14:17:00,EBON
1.8501,1.8501,1.8501,1.8501,100,2021-11-18 14:18:00,EBON
1.85,1.85,1.85,1.85,803,2021-11-18 14:19:00,EBON
1.85,1.85,1.85,1.85,700,2021-11-18 14:20:00,EBON
1.85,1.85,1.85,1.85,1540,2021-11-18 14:24:00,EBON
1.89,1.9,1.86,1.89,16405,2021-11-18 14:25:00,EBON
1.9,1.9,1.9,1.9,5500,2021-11-18 14:26:00,EBON
1.9,1.9,1.9,1.9,694,2021-11-18 14:27:00,EBON
1.9,1.9,1.89,1.89,4620,2021-11-18 14:28:00,EBON
1.91,1.91,1.88,1.89,105025,2021-11-18 14:30:00,EBON
1.875,1.89,1.87,1.87,22350,2021-11-18 14:31:00,EBON
1.8625,1.865,1.86,1.865,6344,2021-11-18 14:32:00,EBON
1.8682,1.8682,1.86,1.865,2500,2021-11-18 14:33:00,EBON
1.865,1.865,1.84,1.845,25707,2021-11-18 14:34:00,EBON
1.84,1.8411,1.84,1.84,2252,2021-11-18 14:35:00,EBON
1.84,1.84,1.83,1.83,5644,2021-11-18 14:36:00,EBON
1.835,1.8478,1.83,1.84,6438,2021-11-18 14:37:00,EBON
1.84,1.84,1.83,1.8384,59836,2021-11-18 14:38:00,EBON
1.833,1.85,1.833,1.845,10765,2021-11-18 14:39:00,EBON
1.845,1.85,1.84,1.85,1650,2021-11-18 14:40:00,EBON
1.8411,1.8467,1.8411,1.8467,700,2021-11-18 14:41:00,EBON
1.8406,1.8469,1.83,1.83,4327,2021-11-18 14:42:00,EBON
1.835,1.835,1.82,1.835,9115,2021-11-18 14:43:00,EBON
1.83,1.8378,1.82,1.8228,14680,2021-11-18 14:44:00,EBON
1.825,1.83,1.825,1.825,6225,2021-11-18 14:45:00,EBON
1.83,1.83,1.82,1.8299,6418,2021-11-18 14:46:00,EBON
1.829,1.8299,1.8101,1.8101,11243,2021-11-18 14:47:00,EBON
1.815,1.82,1.81,1.812,4743,2021-11-18 14:48:00,EBON
1.815,1.8189,1.81,1.8179,10111,2021-11-18 14:49:00,EBON
1.8119,1.8119,1.81,1.8109,5888,2021-11-18 14:50:00,EBON
1.8176,1.8178,1.81,1.8101,12984,2021-11-18 14:51:00,EBON
1.8116,1.82,1.795,1.8083,62761,2021-11-18 14:52:00,EBON
1.81,1.8184,1.8098,1.8184,12491,2021-11-18 14:53:00,EBON
1.8101,1.8187,1.81,1.812,2464,2021-11-18 14:54:00,EBON
1.8106,1.82,1.81,1.81,5681,2021-11-18 14:55:00,EBON
1.8101,1.815,1.81,1.815,808,2021-11-18 14:56:00,EBON
1.815,1.815,1.81,1.81,3809,2021-11-18 14:57:00,EBON
1.8113,1.8177,1.8,1.808,14225,2021-11-18 14:58:00,EBON
1.808,1.81,1.8079,1.8079,526,2021-11-18 14:59:00,EBON
1.805,1.8074,1.8,1.8,951,2021-11-18 15:00:00,EBON
1.8016,1.805,1.7984,1.8,10951,2021-11-18 15:01:00,EBON
1.795,1.8,1.79,1.7987,7366,2021-11-18 15:02:00,EBON
1.7924,1.8,1.79,1.795,2411,2021-11-18 15:03:00,EBON
1.7917,1.8,1.79,1.79,4143,2021-11-18 15:04:00,EBON
1.79,1.8,1.79,1.795,6715,2021-11-18 15:05:00,EBON
1.8,1.8,1.79,1.795,11400,2021-11-18 15:06:00,EBON
1.79,1.795,1.79,1.795,2250,2021-11-18 15:07:00,EBON
1.7999,1.7999,1.795,1.795,1023,2021-11-18 15:08:00,EBON
1.795,1.7988,1.79,1.79,4140,2021-11-18 15:09:00,EBON
1.7975,1.7975,1.79,1.7974,1025,2021-11-18 15:10:00,EBON
1.7912,1.7912,1.77,1.7701,44386,2021-11-18 15:11:00,EBON
1.77,1.7701,1.7601,1.7613,33650,2021-11-18 15:12:00,EBON
1.7612,1.77,1.75,1.76,43297,2021-11-18 15:13:00,EBON
1.765,1.77,1.76,1.7623,14548,2021-11-18 15:14:00,EBON
1.7616,1.78,1.76,1.7783,14484,2021-11-18 15:15:00,EBON
1.7786,1.7786,1.77,1.7782,8818,2021-11-18 15:16:00,EBON
1.78,1.78,1.77,1.7725,6108,2021-11-18 15:17:00,EBON
1.78,1.78,1.77,1.7784,21017,2021-11-18 15:18:00,EBON
1.7701,1.78,1.77,1.7716,7841,2021-11-18 15:19:00,EBON
1.775,1.7785,1.77,1.775,5363,2021-11-18 15:20:00,EBON
1.7782,1.78,1.7721,1.7721,3697,2021-11-18 15:21:00,EBON
1.77,1.78,1.77,1.7719,4600,2021-11-18 15:22:00,EBON
1.775,1.7781,1.77,1.77,3746,2021-11-18 15:23:00,EBON
1.7785,1.7785,1.7736,1.7781,700,2021-11-18 15:24:00,EBON
1.7782,1.7783,1.77,1.7709,12147,2021-11-18 15:25:00,EBON
1.77,1.7774,1.77,1.77,700,2021-11-18 15:26:00,EBON
1.7777,1.78,1.7714,1.78,12232,2021-11-18 15:27:00,EBON
1.78,1.785,1.775,1.785,45564,2021-11-18 15:28:00,EBON
1.785,1.785,1.785,1.785,200,2021-11-18 15:29:00,EBON
1.785,1.8,1.785,1.79,12980,2021-11-18 15:30:00,EBON
1.7924,1.8,1.7924,1.7988,1509,2021-11-18 15:31:00,EBON
1.7985,1.8,1.792,1.795,6042,2021-11-18 15:32:00,EBON
1.7988,1.7988,1.79,1.79,2827,2021-11-18 15:33:00,EBON
1.8,1.8,1.795,1.795,2000,2021-11-18 15:34:00,EBON
1.7922,1.7999,1.7914,1.7914,4169,2021-11-18 15:35:00,EBON
1.7999,1.7999,1.79,1.795,2731,2021-11-18 15:36:00,EBON
1.795,1.8,1.795,1.7952,800,2021-11-18 15:37:00,EBON
1.7934,1.795,1.79,1.79,1838,2021-11-18 15:38:00,EBON
1.7976,1.7978,1.7908,1.7978,1400,2021-11-18 15:39:00,EBON
1.7977,1.7977,1.795,1.795,2307,2021-11-18 15:40:00,EBON
1.795,1.795,1.79,1.79,12393,2021-11-18 15:43:00,EBON
1.785,1.79,1.78,1.78,3611,2021-11-18 15:44:00,EBON
1.785,1.785,1.785,1.785,105,2021-11-18 15:45:00,EBON
1.7899,1.79,1.785,1.79,13901,2021-11-18 15:46:00,EBON
1.795,1.8,1.795,1.7999,12412,2021-11-18 15:48:00,EBON
1.8005,1.805,1.8,1.8018,21100,2021-11-18 15:49:00,EBON
1.8079,1.8079,1.8015,1.805,1745,2021-11-18 15:50:00,EBON
1.8042,1.81,1.8042,1.81,550,2021-11-18 15:51:00,EBON
1.805,1.81,1.805,1.81,9938,2021-11-18 15:52:00,EBON
1.81,1.81,1.805,1.8087,1275,2021-11-18 15:53:00,EBON
1.81,1.81,1.8026,1.81,1500,2021-11-18 15:54:00,EBON
1.81,1.82,1.81,1.8124,2621,2021-11-18 15:55:00,EBON
1.82,1.82,1.815,1.82,300,2021-11-18 15:56:00,EBON
1.8119,1.82,1.8119,1.82,900,2021-11-18 15:57:00,EBON
1.82,1.82,1.8182,1.82,700,2021-11-18 15:58:00,EBON
1.81,1.8187,1.81,1.8187,12866,2021-11-18 15:59:00,EBON
1.82,1.82,1.8101,1.8117,3010,2021-11-18 16:00:00,EBON
1.82,1.82,1.82,1.82,100,2021-11-18 16:02:00,EBON
1.8175,1.82,1.8175,1.82,200,2021-11-18 16:03:00,EBON
1.82,1.82,1.82,1.82,310,2021-11-18 16:04:00,EBON
1.82,1.82,1.81,1.81,7322,2021-11-18 16:05:00,EBON
1.805,1.805,1.805,1.805,100,2021-11-18 16:06:00,EBON
1.8082,1.8082,1.8082,1.8082,138,2021-11-18 16:07:00,EBON
1.805,1.81,1.8,1.805,13200,2021-11-18 16:08:00,EBON
1.8199,1.82,1.8,1.8,23740,2021-11-18 16:09:00,EBON
1.81,1.81,1.8,1.8016,3600,2021-11-18 16:10:00,EBON
1.8013,1.8013,1.8,1.8,2152,2021-11-18 16:11:00,EBON
1.805,1.805,1.805,1.805,200,2021-11-18 16:12:00,EBON
1.805,1.81,1.805,1.81,600,2021-11-18 16:13:00,EBON
1.8081,1.8099,1.805,1.8099,1100,2021-11-18 16:14:00,EBON
1.8,1.81,1.8,1.81,400,2021-11-18 16:15:00,EBON
1.807,1.81,1.8,1.81,16359,2021-11-18 16:16:00,EBON
1.805,1.81,1.8,1.8021,12100,2021-11-18 16:17:00,EBON
1.8012,1.81,1.8012,1.805,2650,2021-11-18 16:18:00,EBON
1.8,1.81,1.8,1.81,1446,2021-11-18 16:19:00,EBON
1.805,1.805,1.8009,1.8009,4100,2021-11-18 16:20:00,EBON
1.8023,1.81,1.8023,1.806,2375,2021-11-18 16:21:00,EBON
1.81,1.81,1.795,1.795,23039,2021-11-18 16:22:00,EBON
1.79,1.795,1.79,1.79,1694,2021-11-18 16:23:00,EBON
1.7979,1.8,1.795,1.795,308,2021-11-18 16:24:00,EBON
1.795,1.795,1.795,1.795,600,2021-11-18 16:25:00,EBON
1.798,1.799,1.7924,1.7924,3339,2021-11-18 16:26:00,EBON
1.7915,1.8,1.7915,1.795,4200,2021-11-18 16:27:00,EBON
1.8,1.8,1.7979,1.7979,300,2021-11-18 16:28:00,EBON
1.8,1.8,1.795,1.8,2500,2021-11-18 16:29:00,EBON
1.795,1.8,1.79,1.792,1250,2021-11-18 16:30:00,EBON
1.7999,1.8,1.79,1.8,1500,2021-11-18 16:31:00,EBON
1.7923,1.8,1.7923,1.8,200,2021-11-18 16:32:00,EBON
1.792,1.8,1.7916,1.7916,1285,2021-11-18 16:33:00,EBON
1.795,1.8,1.795,1.8,5957,2021-11-18 16:34:00,EBON
1.7981,1.8,1.7916,1.7916,1861,2021-11-18 16:35:00,EBON
1.8,1.8,1.8,1.8,100,2021-11-18 16:36:00,EBON
1.8,1.8,1.799,1.8,312,2021-11-18 16:37:00,EBON
1.7909,1.7909,1.785,1.79,39025,2021-11-18 16:38:00,EBON
1.795,1.795,1.79,1.79,3775,2021-11-18 16:39:00,EBON
1.7973,1.8,1.79,1.8,3202,2021-11-18 16:41:00,EBON
1.795,1.795,1.7925,1.7925,220,2021-11-18 16:43:00,EBON
1.7988,1.7988,1.7988,1.7988,550,2021-11-18 16:44:00,EBON
1.8,1.8,1.795,1.795,200,2021-11-18 16:45:00,EBON
1.8,1.8,1.7985,1.8,311,2021-11-18 16:46:00,EBON
1.8,1.8,1.7999,1.7999,300,2021-11-18 16:47:00,EBON
1.795,1.81,1.795,1.81,39943,2021-11-18 16:48:00,EBON
1.81,1.81,1.81,1.81,100,2021-11-18 16:49:00,EBON
1.8023,1.81,1.8023,1.81,1200,2021-11-18 16:50:00,EBON
1.81,1.81,1.81,1.81,100,2021-11-18 16:51:00,EBON
1.81,1.81,1.8007,1.8007,5841,2021-11-18 16:52:00,EBON
1.805,1.81,1.8001,1.81,13600,2021-11-18 16:53:00,EBON
1.81,1.81,1.81,1.81,100,2021-11-18 16:54:00,EBON
1.81,1.81,1.805,1.81,1200,2021-11-18 16:55:00,EBON
1.805,1.81,1.805,1.81,200,2021-11-18 16:56:00,EBON
1.8001,1.81,1.8,1.81,3939,2021-11-18 16:57:00,EBON
1.81,1.81,1.8099,1.8099,4950,2021-11-18 16:58:00,EBON
1.81,1.81,1.8,1.81,300,2021-11-18 16:59:00,EBON
1.8,1.808,1.8,1.8,14255,2021-11-18 17:00:00,EBON
1.808,1.808,1.7924,1.7924,1575,2021-11-18 17:01:00,EBON
1.795,1.7981,1.79,1.7981,5438,2021-11-18 17:02:00,EBON
1.7904,1.799,1.79,1.79,2399,2021-11-18 17:03:00,EBON
1.795,1.81,1.795,1.81,9263,2021-11-18 17:04:00,EBON
1.8092,1.81,1.8026,1.81,12094,2021-11-18 17:05:00,EBON
1.805,1.805,1.805,1.805,200,2021-11-18 17:06:00,EBON
1.8,1.81,1.8,1.81,2650,2021-11-18 17:07:00,EBON
1.8027,1.805,1.8023,1.805,899,2021-11-18 17:08:00,EBON
1.8001,1.805,1.8001,1.805,1850,2021-11-18 17:09:00,EBON
1.8,1.805,1.8,1.8016,1200,2021-11-18 17:10:00,EBON
1.805,1.808,1.8,1.8,795,2021-11-18 17:11:00,EBON
1.8075,1.81,1.8075,1.81,200,2021-11-18 17:12:00,EBON
1.8011,1.81,1.8011,1.805,3600,2021-11-18 17:13:00,EBON
1.81,1.81,1.805,1.81,300,2021-11-18 17:14:00,EBON
1.805,1.81,1.805,1.81,200,2021-11-18 17:15:00,EBON
1.81,1.81,1.8013,1.805,3200,2021-11-18 17:16:00,EBON
1.81,1.81,1.805,1.81,600,2021-11-18 17:17:00,EBON
1.805,1.81,1.805,1.81,200,2021-11-18 17:18:00,EBON
1.8,1.81,1.8,1.805,4320,2021-11-18 17:19:00,EBON
1.81,1.81,1.805,1.81,475,2021-11-18 17:20:00,EBON
1.8001,1.81,1.8001,1.81,200,2021-11-18 17:21:00,EBON
1.81,1.81,1.8,1.805,3375,2021-11-18 17:22:00,EBON
1.805,1.81,1.8,1.81,40337,2021-11-18 17:23:00,EBON
1.81,1.81,1.8023,1.8023,1564,2021-11-18 17:24:00,EBON
1.81,1.81,1.805,1.805,700,2021-11-18 17:25:00,EBON
1.81,1.81,1.805,1.805,300,2021-11-18 17:26:00,EBON
1.81,1.81,1.81,1.81,416,2021-11-18 17:27:00,EBON
1.81,1.81,1.805,1.81,4050,2021-11-18 17:28:00,EBON
1.81,1.81,1.81,1.81,2259,2021-11-18 17:29:00,EBON
1.8029,1.81,1.8029,1.8087,18229,2021-11-18 17:30:00,EBON
1.81,1.81,1.81,1.81,200,2021-11-18 17:31:00,EBON
1.8086,1.81,1.8086,1.81,1905,2021-11-18 17:32:00,EBON
1.8,1.81,1.8,1.8066,6029,2021-11-18 17:33:00,EBON
1.81,1.81,1.805,1.805,550,2021-11-18 17:34:00,EBON
1.81,1.81,1.81,1.81,100,2021-11-18 17:35:00,EBON
1.805,1.81,1.805,1.81,500,2021-11-18 17:36:00,EBON
1.805,1.81,1.805,1.808,1200,2021-11-18 17:37:00,EBON
1.81,1.81,1.805,1.81,650,2021-11-18 17:38:00,EBON
1.8001,1.81,1.8001,1.81,400,2021-11-18 17:39:00,EBON
1.81,1.81,1.8043,1.81,410,2021-11-18 17:40:00,EBON
1.81,1.81,1.81,1.81,100,2021-11-18 17:41:00,EBON
1.81,1.81,1.805,1.81,2018,2021-11-18 17:42:00,EBON
1.81,1.81,1.808,1.8099,779,2021-11-18 17:43:00,EBON
1.81,1.81,1.8027,1.8027,2767,2021-11-18 17:44:00,EBON
1.8,1.81,1.8,1.805,3729,2021-11-18 17:45:00,EBON
1.81,1.81,1.8021,1.81,763,2021-11-18 17:46:00,EBON
1.805,1.81,1.805,1.81,350,2021-11-18 17:47:00,EBON
1.81,1.81,1.8,1.8,26064,2021-11-18 17:48:00,EBON
1.8,1.805,1.8,1.8,11864,2021-11-18 17:49:00,EBON
1.795,1.795,1.795,1.795,425,2021-11-18 17:51:00,EBON
1.7918,1.795,1.7918,1.795,470,2021-11-18 17:52:00,EBON
1.7951,1.7951,1.79,1.79,590,2021-11-18 17:53:00,EBON
1.7984,1.8,1.795,1.795,1200,2021-11-18 17:54:00,EBON
1.7974,1.7974,1.7974,1.7974,111,2021-11-18 17:55:00,EBON
1.7963,1.7963,1.79,1.79,300,2021-11-18 17:56:00,EBON
1.79,1.8,1.79,1.795,5018,2021-11-18 17:57:00,EBON
1.79,1.8,1.79,1.798,802,2021-11-18 17:58:00,EBON
1.7974,1.7974,1.7919,1.795,1605,2021-11-18 17:59:00,EBON
1.7984,1.7984,1.7984,1.7984,1400,2021-11-18 18:01:00,EBON
1.7912,1.8,1.79,1.8,1407,2021-11-18 18:02:00,EBON
1.8,1.8,1.796,1.7987,34625,2021-11-18 18:03:00,EBON
1.8,1.805,1.8,1.8,3798,2021-11-18 18:04:00,EBON
1.8014,1.805,1.8009,1.805,9300,2021-11-18 18:05:00,EBON
1.8,1.81,1.8,1.805,1100,2021-11-18 18:06:00,EBON
1.81,1.81,1.81,1.81,100,2021-11-18 18:07:00,EBON
1.81,1.81,1.805,1.805,200,2021-11-18 18:08:00,EBON
1.81,1.81,1.8,1.81,3378,2021-11-18 18:09:00,EBON
1.805,1.81,1.8,1.8,600,2021-11-18 18:10:00,EBON
1.81,1.81,1.805,1.805,200,2021-11-18 18:11:00,EBON
1.81,1.81,1.8019,1.81,10719,2021-11-18 18:12:00,EBON
1.805,1.81,1.805,1.81,2650,2021-11-18 18:13:00,EBON
1.805,1.81,1.805,1.8099,550,2021-11-18 18:14:00,EBON
1.81,1.81,1.81,1.81,324,2021-11-18 18:15:00,EBON
1.81,1.81,1.805,1.805,300,2021-11-18 18:16:00,EBON
1.805,1.81,1.8001,1.805,6878,2021-11-18 18:17:00,EBON
1.81,1.81,1.81,1.81,100,2021-11-18 18:18:00,EBON
1.805,1.81,1.8,1.8,6360,2021-11-18 18:19:00,EBON
1.7999,1.8,1.7999,1.8,6671,2021-11-18 18:20:00,EBON
1.795,1.795,1.795,1.795,100,2021-11-18 18:21:00,EBON
1.7999,1.7999,1.79,1.795,1900,2021-11-18 18:22:00,EBON
1.7913,1.8,1.7913,1.8,2200,2021-11-18 18:23:00,EBON
1.795,1.795,1.795,1.795,100,2021-11-18 18:24:00,EBON
1.7982,1.81,1.7982,1.805,14042,2021-11-18 18:25:00,EBON
1.81,1.81,1.81,1.81,100,2021-11-18 18:27:00,EBON
1.81,1.81,1.8,1.8001,6500,2021-11-18 18:28:00,EBON
1.8,1.8,1.795,1.795,200,2021-11-18 18:29:00,EBON
1.795,1.8,1.795,1.795,538,2021-11-18 18:30:00,EBON
1.8,1.8,1.8,1.8,100,2021-11-18 18:31:00,EBON
1.795,1.795,1.7941,1.7941,424,2021-11-18 18:32:00,EBON
1.8,1.805,1.795,1.8007,17915,2021-11-18 18:33:00,EBON
1.8,1.805,1.8,1.8,4508,2021-11-18 18:34:00,EBON
1.8,1.808,1.8,1.808,3576,2021-11-18 18:35:00,EBON
1.8,1.801,1.8,1.801,900,2021-11-18 18:38:00,EBON
1.8,1.8,1.8,1.8,114,2021-11-18 18:39:00,EBON
1.8001,1.8056,1.8001,1.805,1976,2021-11-18 18:40:00,EBON
1.8001,1.8015,1.8001,1.8015,907,2021-11-18 18:41:00,EBON
1.8087,1.8087,1.8087,1.8087,800,2021-11-18 18:42:00,EBON
1.8,1.8068,1.8,1.805,400,2021-11-18 18:43:00,EBON
1.8,1.8,1.8,1.8,100,2021-11-18 18:44:00,EBON
1.808,1.808,1.808,1.808,450,2021-11-18 18:46:00,EBON
1.81,1.81,1.805,1.808,800,2021-11-18 18:48:00,EBON
1.8099,1.81,1.8015,1.8015,4700,2021-11-18 18:49:00,EBON
1.81,1.81,1.81,1.81,100,2021-11-18 18:50:00,EBON
1.8038,1.81,1.8,1.805,400,2021-11-18 18:51:00,EBON
1.805,1.81,1.8021,1.805,1477,2021-11-18 18:52:00,EBON
1.8001,1.81,1.8001,1.8074,850,2021-11-18 18:53:00,EBON
1.805,1.81,1.805,1.805,552,2021-11-18 18:54:00,EBON
1.805,1.81,1.8,1.805,10000,2021-11-18 18:55:00,EBON
1.81,1.81,1.81,1.81,200,2021-11-18 18:56:00,EBON
1.8,1.81,1.8,1.802,400,2021-11-18 18:57:00,EBON
1.8,1.81,1.8,1.81,840,2021-11-18 18:58:00,EBON
1.81,1.81,1.81,1.81,200,2021-11-18 18:59:00,EBON
1.8,1.805,1.8,1.8,1600,2021-11-18 19:00:00,EBON
1.8,1.8,1.795,1.795,8468,2021-11-18 19:01:00,EBON
1.8,1.8,1.792,1.792,1296,2021-11-18 19:02:00,EBON
1.795,1.795,1.79,1.795,18600,2021-11-18 19:03:00,EBON
1.7914,1.795,1.7914,1.795,2090,2021-11-18 19:05:00,EBON
1.795,1.795,1.79,1.79,500,2021-11-18 19:06:00,EBON
1.795,1.795,1.795,1.795,100,2021-11-18 19:07:00,EBON
1.795,1.7976,1.795,1.7976,500,2021-11-18 19:08:00,EBON
1.79,1.79,1.79,1.79,6241,2021-11-18 19:09:00,EBON
1.79,1.795,1.79,1.795,200,2021-11-18 19:10:00,EBON
1.79,1.795,1.79,1.795,300,2021-11-18 19:11:00,EBON
1.791,1.791,1.791,1.791,530,2021-11-18 19:12:00,EBON
1.79,1.795,1.79,1.79,9849,2021-11-18 19:13:00,EBON
1.79,1.795,1.79,1.79,8260,2021-11-18 19:14:00,EBON
1.7932,1.795,1.7932,1.795,400,2021-11-18 19:15:00,EBON
1.7929,1.795,1.79,1.7906,19210,2021-11-18 19:17:00,EBON
1.799,1.799,1.799,1.799,1564,2021-11-18 19:18:00,EBON
1.795,1.795,1.78,1.7881,19418,2021-11-18 19:20:00,EBON
1.7825,1.7891,1.78,1.785,6500,2021-11-18 19:21:00,EBON
1.7813,1.7881,1.7813,1.785,3000,2021-11-18 19:22:00,EBON
1.785,1.7899,1.78,1.7899,18510,2021-11-18 19:23:00,EBON
1.785,1.79,1.785,1.785,900,2021-11-18 19:24:00,EBON
1.785,1.785,1.7806,1.7806,10900,2021-11-18 19:25:00,EBON
1.78,1.785,1.772,1.772,13592,2021-11-18 19:26:00,EBON
1.7782,1.7782,1.7782,1.7782,300,2021-11-18 19:28:00,EBON
1.77,1.7774,1.77,1.7774,12153,2021-11-18 19:29:00,EBON
1.7799,1.7799,1.77,1.77,400,2021-11-18 19:30:00,EBON
1.775,1.775,1.7721,1.7721,301,2021-11-18 19:31:00,EBON
1.77,1.77,1.76,1.765,25600,2021-11-18 19:32:00,EBON
1.765,1.775,1.765,1.77,23290,2021-11-18 19:33:00,EBON
1.7781,1.7781,1.7738,1.7738,522,2021-11-18 19:34:00,EBON
1.7791,1.7793,1.775,1.7793,6246,2021-11-18 19:35:00,EBON
1.78,1.79,1.78,1.79,24100,2021-11-18 19:36:00,EBON
1.78,1.79,1.78,1.785,2690,2021-11-18 19:37:00,EBON
1.785,1.7885,1.785,1.7885,600,2021-11-18 19:38:00,EBON
1.7885,1.7885,1.785,1.785,892,2021-11-18 19:40:00,EBON
1.785,1.79,1.78,1.785,11100,2021-11-18 19:41:00,EBON
1.785,1.785,1.7822,1.7822,404,2021-11-18 19:42:00,EBON
1.785,1.79,1.78,1.785,25889,2021-11-18 19:43:00,EBON
1.785,1.79,1.781,1.785,9936,2021-11-18 19:44:00,EBON
1.784,1.785,1.78,1.785,15580,2021-11-18 19:46:00,EBON
1.785,1.785,1.785,1.785,324,2021-11-18 19:47:00,EBON
1.785,1.785,1.785,1.785,100,2021-11-18 19:48:00,EBON
1.785,1.785,1.785,1.785,100,2021-11-18 19:50:00,EBON
1.7885,1.7885,1.785,1.785,800,2021-11-18 19:51:00,EBON
1.785,1.785,1.785,1.785,450,2021-11-18 19:52:00,EBON
1.785,1.785,1.785,1.785,100,2021-11-18 19:53:00,EBON
1.79,1.79,1.79,1.79,100,2021-11-18 19:54:00,EBON
1.79,1.79,1.785,1.79,700,2021-11-18 19:55:00,EBON
1.79,1.79,1.79,1.79,1600,2021-11-18 19:56:00,EBON
1.7881,1.7881,1.785,1.785,330,2021-11-18 19:57:00,EBON
1.79,1.79,1.785,1.79,400,2021-11-18 19:58:00,EBON
1.79,1.79,1.7895,1.79,6750,2021-11-18 19:59:00,EBON
1.79,1.8,1.785,1.8,50499,2021-11-18 20:00:00,EBON
1.8,1.8,1.8,1.8,500,2021-11-18 20:01:00,EBON
1.8084,1.8084,1.805,1.805,973,2021-11-18 20:02:00,EBON
1.805,1.8061,1.805,1.8061,299,2021-11-18 20:03:00,EBON
1.8095,1.8095,1.8095,1.8095,100,2021-11-18 20:04:00,EBON
1.81,1.81,1.81,1.81,100,2021-11-18 20:05:00,EBON
1.81,1.81,1.81,1.81,100,2021-11-18 20:06:00,EBON
1.81,1.81,1.805,1.81,400,2021-11-18 20:07:00,EBON
1.81,1.81,1.81,1.81,100,2021-11-18 20:08:00,EBON
1.802,1.81,1.8006,1.81,912,2021-11-18 20:09:00,EBON
1.81,1.81,1.81,1.81,100,2021-11-18 20:10:00,EBON
1.81,1.81,1.81,1.81,100,2021-11-18 20:11:00,EBON
1.81,1.81,1.81,1.81,100,2021-11-18 20:12:00,EBON
1.81,1.81,1.805,1.81,1700,2021-11-18 20:13:00,EBON
1.805,1.81,1.8008,1.81,3700,2021-11-18 20:14:00,EBON
1.81,1.81,1.8,1.8,800,2021-11-18 20:15:00,EBON
1.81,1.81,1.8,1.81,700,2021-11-18 20:16:00,EBON
1.81,1.81,1.8,1.805,1000,2021-11-18 20:17:00,EBON
1.81,1.81,1.8,1.8,900,2021-11-18 20:18:00,EBON
1.802,1.81,1.8,1.81,425,2021-11-18 20:19:00,EBON
1.805,1.805,1.8,1.8,600,2021-11-18 20:20:00,EBON
1.8052,1.81,1.8,1.8,8190,2021-11-18 20:21:00,EBON
1.8078,1.81,1.8,1.81,799,2021-11-18 20:22:00,EBON
1.81,1.81,1.81,1.81,100,2021-11-18 20:23:00,EBON
1.81,1.81,1.8,1.8,9550,2021-11-18 20:24:00,EBON
1.8,1.81,1.8,1.81,7200,2021-11-18 20:25:00,EBON
1.81,1.81,1.8,1.81,300,2021-11-18 20:26:00,EBON
1.81,1.81,1.805,1.805,800,2021-11-18 20:27:00,EBON
1.81,1.81,1.8,1.81,6000,2021-11-18 20:28:00,EBON
1.8,1.81,1.8,1.81,482,2021-11-18 20:29:00,EBON
1.81,1.81,1.81,1.81,200,2021-11-18 20:30:00,EBON
1.8,1.81,1.8,1.81,300,2021-11-18 20:31:00,EBON
1.81,1.81,1.8,1.81,300,2021-11-18 20:32:00,EBON
1.81,1.81,1.8,1.8,200,2021-11-18 20:33:00,EBON
1.81,1.81,1.8,1.8,1000,2021-11-18 20:34:00,EBON
1.81,1.81,1.8,1.8,300,2021-11-18 20:35:00,EBON
1.81,1.81,1.8,1.8014,2011,2021-11-18 20:36:00,EBON
1.8016,1.81,1.8016,1.81,500,2021-11-18 20:37:00,EBON
1.8,1.81,1.8,1.81,200,2021-11-18 20:38:00,EBON
1.8019,1.81,1.8,1.802,1817,2021-11-18 20:39:00,EBON
1.8005,1.8005,1.792,1.795,29935,2021-11-18 20:40:00,EBON
1.795,1.7979,1.79,1.79,1115,2021-11-18 20:41:00,EBON
1.795,1.795,1.79,1.79,547,2021-11-18 20:42:00,EBON
1.795,1.795,1.79,1.79,200,2021-11-18 20:43:00,EBON
1.795,1.795,1.79,1.79,1149,2021-11-18 20:44:00,EBON
1.79,1.79,1.79,1.79,100,2021-11-18 20:45:00,EBON
1.795,1.795,1.79,1.7901,943,2021-11-18 20:46:00,EBON
1.795,1.795,1.79,1.795,540,2021-11-18 20:47:00,EBON
1.79,1.8,1.79,1.8,599,2021-11-18 20:48:00,EBON
1.8,1.8,1.79,1.8,500,2021-11-18 20:49:00,EBON
1.795,1.8,1.795,1.8,2700,2021-11-18 20:50:00,EBON
1.795,1.8,1.795,1.8,1169,2021-11-18 20:51:00,EBON
1.8,1.8,1.795,1.8,600,2021-11-18 20:52:00,EBON
1.7924,1.8,1.79,1.795,4294,2021-11-18 20:53:00,EBON
1.8,1.8,1.7901,1.7901,4234,2021-11-18 20:54:00,EBON
1.795,1.7997,1.7901,1.795,2028,2021-11-18 20:55:00,EBON
1.7913,1.8,1.79,1.7914,2463,2021-11-18 20:56:00,EBON
1.79,1.8,1.79,1.79,4417,2021-11-18 20:57:00,EBON
1.795,1.8,1.79,1.8,115716,2021-11-18 20:58:00,EBON
1.8,1.8,1.79,1.795,22866,2021-11-18 20:59:00,EBON
1.79,1.79,1.79,1.79,9729,2021-11-18 21:00:00,EBON
1.8,1.8,1.8,1.8,100,2021-11-18 21:04:00,EBON
1.8,1.8,1.8,1.8,800,2021-11-18 21:08:00,EBON
1.8,1.8,1.8,1.8,100,2021-11-18 21:11:00,EBON
1.8,1.8,1.8,1.8,100,2021-11-18 21:29:00,EBON
1.79,1.79,1.79,1.79,499,2021-11-18 21:33:00,EBON
1.79,1.79,1.79,1.79,600,2021-11-18 21:34:00,EBON
1.79,1.79,1.79,1.79,100,2021-11-18 22:09:00,EBON
1.8,1.8,1.8,1.8,250,2021-11-18 22:32:00,EBON
1.8,1.8,1.8,1.8,200,2021-11-18 22:42:00,EBON
1.8,1.8,1.79,1.79,2370,2021-11-18 23:41:00,EBON
1.79,1.79,1.79,1.79,1996,2021-11-18 23:48:00,EBON
1.78,1.78,1.78,1.78,250,2021-11-19 00:01:00,EBON
1.78,1.78,1.78,1.78,200,2021-11-19 00:02:00,EBON
1.78,1.78,1.78,1.78,140,2021-11-19 00:08:00,EBON
1.78,1.78,1.78,1.78,1860,2021-11-19 00:24:00,EBON
1.77,1.77,1.77,1.77,3118,2021-11-19 00:25:00,EBON
1.8,1.8,1.8,1.8,200,2021-11-19 00:28:00,EBON
1.8,1.8,1.8,1.8,219,2021-11-19 00:49:00,EBON
1.8,1.8,1.8,1.8,150,2021-11-19 09:31:00,EBON
1.76,1.76,1.76,1.76,220,2021-11-19 09:43:00,EBON
1.79,1.79,1.79,1.79,500,2021-11-19 10:02:00,EBON
1.78,1.78,1.78,1.78,100,2021-11-19 11:10:00,EBON
1.76,1.76,1.76,1.76,100,2021-11-19 11:33:00,EBON
1.76,1.76,1.76,1.76,500,2021-11-19 11:41:00,EBON
1.76,1.76,1.76,1.76,200,2021-11-19 11:53:00,EBON
1.76,1.76,1.76,1.76,100,2021-11-19 11:55:00,EBON
1.76,1.76,1.76,1.76,100,2021-11-19 12:01:00,EBON
1.76,1.76,1.76,1.76,300,2021-11-19 12:19:00,EBON
1.76,1.76,1.76,1.76,170,2021-11-19 12:20:00,EBON
1.77,1.77,1.77,1.77,100,2021-11-19 12:29:00,EBON
1.76,1.77,1.76,1.77,400,2021-11-19 12:37:00,EBON
1.76,1.76,1.76,1.76,1200,2021-11-19 12:57:00,EBON
1.76,1.76,1.76,1.76,1059,2021-11-19 13:02:00,EBON
1.75,1.75,1.75,1.75,235,2021-11-19 13:11:00,EBON
1.76,1.76,1.76,1.76,576,2021-11-19 13:18:00,EBON
1.75,1.75,1.75,1.75,300,2021-11-19 13:22:00,EBON
1.76,1.76,1.76,1.76,2000,2021-11-19 13:27:00,EBON
1.76,1.76,1.76,1.76,100,2021-11-19 13:34:00,EBON
1.75,1.75,1.75,1.75,500,2021-11-19 13:39:00,EBON
1.76,1.76,1.76,1.76,800,2021-11-19 13:40:00,EBON
1.755,1.755,1.755,1.755,100,2021-11-19 13:42:00,EBON
1.76,1.76,1.76,1.76,564,2021-11-19 13:51:00,EBON
1.76,1.76,1.76,1.76,200,2021-11-19 13:52:00,EBON
1.76,1.76,1.76,1.76,2900,2021-11-19 13:57:00,EBON
1.76,1.77,1.76,1.77,4837,2021-11-19 13:58:00,EBON
1.77,1.77,1.77,1.77,250,2021-11-19 13:59:00,EBON
1.77,1.77,1.77,1.77,400,2021-11-19 14:01:00,EBON
1.76,1.76,1.76,1.76,751,2021-11-19 14:02:00,EBON
1.75,1.76,1.75,1.76,800,2021-11-19 14:05:00,EBON
1.76,1.76,1.76,1.76,250,2021-11-19 14:06:00,EBON
1.76,1.76,1.76,1.76,300,2021-11-19 14:07:00,EBON
1.76,1.76,1.76,1.76,384,2021-11-19 14:08:00,EBON
1.76,1.76,1.76,1.76,150,2021-11-19 14:09:00,EBON
1.76,1.76,1.76,1.76,500,2021-11-19 14:12:00,EBON
1.76,1.76,1.76,1.76,1000,2021-11-19 14:14:00,EBON
1.76,1.76,1.76,1.76,1300,2021-11-19 14:17:00,EBON
1.7599,1.7599,1.7599,1.7599,1500,2021-11-19 14:19:00,EBON
1.7599,1.7599,1.7599,1.7599,340,2021-11-19 14:20:00,EBON
1.76,1.76,1.76,1.76,250,2021-11-19 14:22:00,EBON
1.76,1.76,1.76,1.76,300,2021-11-19 14:24:00,EBON
1.76,1.76,1.76,1.76,500,2021-11-19 14:25:00,EBON
1.76,1.76,1.76,1.76,1374,2021-11-19 14:29:00,EBON
1.76,1.8,1.76,1.775,14386,2021-11-19 14:30:00,EBON
1.775,1.775,1.76,1.765,5530,2021-11-19 14:31:00,EBON
1.77,1.8,1.77,1.8,14115,2021-11-19 14:32:00,EBON
1.799,1.81,1.7915,1.81,5565,2021-11-19 14:33:00,EBON
1.81,1.81,1.78,1.785,111634,2021-11-19 14:34:00,EBON
1.79,1.79,1.79,1.79,1253,2021-11-19 14:35:00,EBON
1.795,1.82,1.795,1.82,1645,2021-11-19 14:36:00,EBON
1.81,1.816,1.81,1.816,700,2021-11-19 14:37:00,EBON
1.8078,1.81,1.8078,1.81,1120,2021-11-19 14:38:00,EBON
1.82,1.82,1.81,1.82,1547,2021-11-19 14:39:00,EBON
1.8,1.8,1.8,1.8,3600,2021-11-19 14:40:00,EBON
1.81,1.82,1.81,1.8117,15373,2021-11-19 14:41:00,EBON
1.8177,1.83,1.81,1.8218,10130,2021-11-19 14:42:00,EBON
1.825,1.84,1.825,1.835,7765,2021-11-19 14:43:00,EBON
1.8399,1.85,1.8399,1.84,8951,2021-11-19 14:44:00,EBON
1.84,1.84,1.83,1.8391,1131,2021-11-19 14:45:00,EBON
1.8313,1.84,1.83,1.838,4500,2021-11-19 14:46:00,EBON
1.83,1.83,1.82,1.82,1400,2021-11-19 14:47:00,EBON
1.8299,1.83,1.82,1.8222,4381,2021-11-19 14:48:00,EBON
1.825,1.83,1.825,1.83,3600,2021-11-19 14:49:00,EBON
1.82,1.82,1.81,1.815,7550,2021-11-19 14:51:00,EBON
1.8113,1.82,1.8101,1.82,5123,2021-11-19 14:52:00,EBON
1.8199,1.8199,1.8199,1.8199,300,2021-11-19 14:53:00,EBON
1.8177,1.82,1.8111,1.8131,1326,2021-11-19 14:54:00,EBON
1.82,1.83,1.82,1.8238,4372,2021-11-19 14:55:00,EBON
1.825,1.825,1.825,1.825,150,2021-11-19 14:56:00,EBON
1.8217,1.8217,1.8217,1.8217,3400,2021-11-19 14:57:00,EBON
1.8279,1.8279,1.8207,1.825,3736,2021-11-19 14:58:00,EBON
1.8201,1.8284,1.8201,1.825,1510,2021-11-19 14:59:00,EBON
1.8204,1.825,1.82,1.825,10345,2021-11-19 15:00:00,EBON
1.8201,1.83,1.8201,1.83,13571,2021-11-19 15:01:00,EBON
1.84,1.84,1.84,1.84,200,2021-11-19 15:02:00,EBON
1.84,1.84,1.8258,1.8258,6301,2021-11-19 15:04:00,EBON
1.825,1.825,1.82,1.8217,450,2021-11-19 15:05:00,EBON
1.82,1.8201,1.82,1.8201,17427,2021-11-19 15:06:00,EBON
1.82,1.82,1.82,1.82,7250,2021-11-19 15:07:00,EBON
1.8103,1.818,1.8,1.818,39520,2021-11-19 15:08:00,EBON
1.8125,1.8125,1.8125,1.8125,500,2021-11-19 15:09:00,EBON
1.8176,1.82,1.8101,1.8101,1470,2021-11-19 15:10:00,EBON
1.81,1.815,1.81,1.81,5768,2021-11-19 15:11:00,EBON
1.8137,1.82,1.81,1.82,12485,2021-11-19 15:12:00,EBON
1.82,1.825,1.82,1.82,6096,2021-11-19 15:13:00,EBON
1.82,1.82,1.82,1.82,21700,2021-11-19 15:15:00,EBON
1.82,1.825,1.8102,1.825,5229,2021-11-19 15:16:00,EBON
1.82,1.8269,1.82,1.82,2521,2021-11-19 15:17:00,EBON
1.82,1.82,1.82,1.82,1079,2021-11-19 15:18:00,EBON
1.815,1.815,1.815,1.815,1188,2021-11-19 15:19:00,EBON
1.815,1.83,1.815,1.83,23749,2021-11-19 15:20:00,EBON
1.8275,1.8275,1.825,1.825,750,2021-11-19 15:21:00,EBON
1.8202,1.8232,1.8202,1.8232,900,2021-11-19 15:22:00,EBON
1.8227,1.84,1.82,1.83,22770,2021-11-19 15:23:00,EBON
1.835,1.835,1.835,1.835,200,2021-11-19 15:24:00,EBON
1.8318,1.84,1.8318,1.84,921,2021-11-19 15:25:00,EBON
1.84,1.85,1.83,1.835,23776,2021-11-19 15:26:00,EBON
1.835,1.84,1.8319,1.8321,1270,2021-11-19 15:27:00,EBON
1.84,1.84,1.84,1.84,500,2021-11-19 15:28:00,EBON
1.8395,1.8416,1.8325,1.8416,9901,2021-11-19 15:29:00,EBON
1.845,1.845,1.8406,1.8406,5200,2021-11-19 15:30:00,EBON
1.84,1.84,1.83,1.83,6300,2021-11-19 15:31:00,EBON
1.835,1.835,1.835,1.835,200,2021-11-19 15:32:00,EBON
1.835,1.8377,1.835,1.835,500,2021-11-19 15:33:00,EBON
1.84,1.84,1.835,1.835,300,2021-11-19 15:34:00,EBON
1.8382,1.84,1.8325,1.84,590,2021-11-19 15:35:00,EBON
1.8322,1.84,1.83,1.84,1294,2021-11-19 15:36:00,EBON
1.832,1.84,1.8315,1.84,1317,2021-11-19 15:37:00,EBON
1.835,1.84,1.835,1.835,1200,2021-11-19 15:38:00,EBON
1.8301,1.84,1.8301,1.8301,1701,2021-11-19 15:39:00,EBON
1.84,1.84,1.8301,1.8301,2209,2021-11-19 15:40:00,EBON
1.8305,1.84,1.8305,1.84,1113,2021-11-19 15:41:00,EBON
1.83,1.85,1.83,1.8456,56223,2021-11-19 15:42:00,EBON
1.84,1.85,1.84,1.85,900,2021-11-19 15:43:00,EBON
1.85,1.8597,1.85,1.8519,20070,2021-11-19 15:44:00,EBON
1.8506,1.8582,1.85,1.85,16101,2021-11-19 15:45:00,EBON
1.8501,1.8599,1.85,1.8512,2385,2021-11-19 15:46:00,EBON
1.8506,1.8506,1.84,1.85,37663,2021-11-19 15:47:00,EBON
1.84,1.84,1.84,1.84,3550,2021-11-19 15:48:00,EBON
1.845,1.845,1.845,1.845,100,2021-11-19 15:49:00,EBON
1.84,1.84,1.84,1.84,4171,2021-11-19 15:50:00,EBON
1.8376,1.8376,1.835,1.835,699,2021-11-19 15:52:00,EBON
1.8385,1.8385,1.8385,1.8385,300,2021-11-19 15:53:00,EBON
1.8389,1.8389,1.8324,1.8377,3025,2021-11-19 15:54:00,EBON
1.8355,1.845,1.8301,1.8413,7974,2021-11-19 15:55:00,EBON
1.845,1.845,1.845,1.845,1332,2021-11-19 15:56:00,EBON
1.8442,1.8442,1.8442,1.8442,200,2021-11-19 15:57:00,EBON
1.85,1.85,1.85,1.85,100,2021-11-19 15:59:00,EBON
1.849,1.85,1.84,1.84,10159,2021-11-19 16:00:00,EBON
1.8412,1.8439,1.8412,1.8439,1100,2021-11-19 16:01:00,EBON
1.85,1.85,1.845,1.8452,1467,2021-11-19 16:02:00,EBON
1.84,1.84,1.84,1.84,398,2021-11-19 16:03:00,EBON
1.8407,1.8407,1.8407,1.8407,5000,2021-11-19 16:04:00,EBON
1.8485,1.8485,1.845,1.845,1850,2021-11-19 16:05:00,EBON
1.845,1.845,1.845,1.845,1000,2021-11-19 16:06:00,EBON
1.8413,1.8413,1.8413,1.8413,1000,2021-11-19 16:07:00,EBON
1.84,1.8473,1.84,1.8409,4373,2021-11-19 16:08:00,EBON
1.84,1.84,1.8385,1.8385,2737,2021-11-19 16:09:00,EBON
1.84,1.84,1.8313,1.8313,3300,2021-11-19 16:10:00,EBON
1.835,1.835,1.83,1.8311,14080,2021-11-19 16:11:00,EBON
1.835,1.835,1.835,1.835,600,2021-11-19 16:12:00,EBON
1.835,1.835,1.835,1.835,507,2021-11-19 16:13:00,EBON
1.8376,1.84,1.8375,1.8375,401,2021-11-19 16:14:00,EBON
1.83,1.835,1.83,1.83,993,2021-11-19 16:15:00,EBON
1.835,1.835,1.83,1.83,1836,2021-11-19 16:17:00,EBON
1.83,1.83,1.82,1.82,3600,2021-11-19 16:18:00,EBON
1.82,1.82,1.82,1.82,200,2021-11-19 16:19:00,EBON
1.82,1.8281,1.82,1.82,700,2021-11-19 16:20:00,EBON
1.82,1.8285,1.82,1.8222,2733,2021-11-19 16:21:00,EBON
1.82,1.82,1.8105,1.815,21000,2021-11-19 16:22:00,EBON
1.81,1.81,1.81,1.81,100,2021-11-19 16:23:00,EBON
1.81,1.8195,1.81,1.81,15200,2021-11-19 16:24:00,EBON
1.8108,1.815,1.81,1.81,6200,2021-11-19 16:25:00,EBON
1.81,1.81,1.81,1.81,200,2021-11-19 16:26:00,EBON
1.815,1.815,1.81,1.81,200,2021-11-19 16:27:00,EBON
1.82,1.82,1.81,1.81,781,2021-11-19 16:28:00,EBON
1.81,1.82,1.81,1.82,16051,2021-11-19 16:29:00,EBON
1.822,1.822,1.822,1.822,100,2021-11-19 16:30:00,EBON
1.825,1.825,1.825,1.825,257,2021-11-19 16:31:00,EBON
1.8299,1.8299,1.825,1.825,3331,2021-11-19 16:35:00,EBON
1.8282,1.83,1.8282,1.83,1600,2021-11-19 16:37:00,EBON
1.825,1.825,1.825,1.825,300,2021-11-19 16:38:00,EBON
1.8201,1.83,1.8201,1.83,8041,2021-11-19 16:39:00,EBON
1.8321,1.84,1.8312,1.84,3010,2021-11-19 16:40:00,EBON
1.835,1.835,1.835,1.835,1000,2021-11-19 16:41:00,EBON
1.8372,1.8399,1.8372,1.8399,599,2021-11-19 16:42:00,EBON
1.83,1.831,1.83,1.831,1000,2021-11-19 16:44:00,EBON
1.8322,1.8322,1.83,1.8322,426,2021-11-19 16:45:00,EBON
1.83,1.83,1.825,1.83,11053,2021-11-19 16:46:00,EBON
1.8261,1.8261,1.8261,1.8261,500,2021-11-19 16:47:00,EBON
1.8277,1.8277,1.8277,1.8277,331,2021-11-19 16:48:00,EBON
1.82,1.825,1.82,1.8212,930,2021-11-19 16:49:00,EBON
1.82,1.825,1.82,1.82,300,2021-11-19 16:51:00,EBON
1.82,1.8277,1.82,1.8277,1524,2021-11-19 16:52:00,EBON
1.82,1.825,1.82,1.825,6100,2021-11-19 16:53:00,EBON
1.82,1.825,1.82,1.825,821,2021-11-19 16:54:00,EBON
1.825,1.825,1.82,1.82,10325,2021-11-19 16:55:00,EBON
1.83,1.83,1.83,1.83,100,2021-11-19 16:56:00,EBON
1.825,1.825,1.8214,1.8214,3300,2021-11-19 16:57:00,EBON
1.82,1.825,1.815,1.815,23594,2021-11-19 16:58:00,EBON
1.815,1.82,1.81,1.82,1280,2021-11-19 16:59:00,EBON
1.81,1.8219,1.81,1.8219,6378,2021-11-19 17:00:00,EBON
1.82,1.8276,1.82,1.8276,4737,2021-11-19 17:01:00,EBON
1.825,1.825,1.825,1.825,200,2021-11-19 17:02:00,EBON
1.8207,1.8207,1.8207,1.8207,1000,2021-11-19 17:03:00,EBON
1.82,1.82,1.82,1.82,6715,2021-11-19 17:04:00,EBON
1.8126,1.815,1.8126,1.815,200,2021-11-19 17:05:00,EBON
1.812,1.812,1.8107,1.8107,3600,2021-11-19 17:06:00,EBON
1.8101,1.8131,1.8101,1.8131,300,2021-11-19 17:07:00,EBON
1.815,1.815,1.812,1.812,925,2021-11-19 17:08:00,EBON
1.8199,1.8199,1.815,1.815,1820,2021-11-19 17:10:00,EBON
1.81,1.8101,1.81,1.8101,779,2021-11-19 17:12:00,EBON
1.818,1.82,1.818,1.8199,1450,2021-11-19 17:13:00,EBON
1.815,1.82,1.8101,1.815,6551,2021-11-19 17:14:00,EBON
1.81,1.81,1.81,1.81,100,2021-11-19 17:15:00,EBON
1.81,1.81,1.81,1.81,100,2021-11-19 17:16:00,EBON
1.81,1.81,1.81,1.81,200,2021-11-19 17:17:00,EBON
1.81,1.815,1.81,1.81,17085,2021-11-19 17:18:00,EBON
1.8107,1.8107,1.805,1.8083,16411,2021-11-19 17:19:00,EBON
1.81,1.8189,1.81,1.8189,28186,2021-11-19 17:20:00,EBON
1.815,1.815,1.815,1.815,200,2021-11-19 17:21:00,EBON
1.8177,1.8177,1.8177,1.8177,300,2021-11-19 17:23:00,EBON
1.82,1.82,1.82,1.82,14000,2021-11-19 17:25:00,EBON
1.81,1.8103,1.81,1.8103,12300,2021-11-19 17:26:00,EBON
1.82,1.82,1.81,1.815,22200,2021-11-19 17:27:00,EBON
1.8115,1.815,1.8115,1.815,1100,2021-11-19 17:28:00,EBON
1.815,1.815,1.815,1.815,2250,2021-11-19 17:29:00,EBON
1.81,1.815,1.81,1.815,421,2021-11-19 17:30:00,EBON
1.815,1.815,1.81,1.81,2225,2021-11-19 17:31:00,EBON
1.81,1.81,1.81,1.81,100,2021-11-19 17:32:00,EBON
1.81,1.818,1.81,1.818,3700,2021-11-19 17:33:00,EBON
1.815,1.82,1.81,1.8184,3564,2021-11-19 17:34:00,EBON
1.81,1.8105,1.81,1.81,14200,2021-11-19 17:35:00,EBON
1.81,1.815,1.81,1.815,200,2021-11-19 17:36:00,EBON
1.81,1.82,1.81,1.815,3802,2021-11-19 17:37:00,EBON
1.815,1.816,1.815,1.816,1325,2021-11-19 17:38:00,EBON
1.81,1.815,1.81,1.815,200,2021-11-19 17:39:00,EBON
1.81,1.815,1.81,1.815,10753,2021-11-19 17:40:00,EBON
1.815,1.815,1.81,1.81,12563,2021-11-19 17:41:00,EBON
1.815,1.815,1.815,1.815,100,2021-11-19 17:42:00,EBON
1.815,1.815,1.815,1.815,151,2021-11-19 17:43:00,EBON
1.815,1.8199,1.81,1.81,3150,2021-11-19 17:44:00,EBON
1.81,1.8178,1.81,1.8178,600,2021-11-19 17:45:00,EBON
1.81,1.817,1.81,1.81,1824,2021-11-19 17:46:00,EBON
1.815,1.8199,1.81,1.81,800,2021-11-19 17:47:00,EBON
1.815,1.815,1.81,1.815,5300,2021-11-19 17:48:00,EBON
1.81,1.815,1.81,1.81,300,2021-11-19 17:49:00,EBON
1.8174,1.8174,1.81,1.81,1200,2021-11-19 17:50:00,EBON
1.8101,1.815,1.81,1.815,400,2021-11-19 17:51:00,EBON
1.81,1.81,1.81,1.81,500,2021-11-19 17:52:00,EBON
1.8183,1.82,1.81,1.815,2170,2021-11-19 17:53:00,EBON
1.81,1.815,1.81,1.81,400,2021-11-19 17:54:00,EBON
1.815,1.815,1.81,1.81,5255,2021-11-19 17:55:00,EBON
1.81,1.81,1.81,1.81,300,2021-11-19 17:56:00,EBON
1.8105,1.8138,1.81,1.81,3202,2021-11-19 17:57:00,EBON
1.81,1.81,1.81,1.81,100,2021-11-19 17:58:00,EBON
1.81,1.81,1.81,1.81,1100,2021-11-19 17:59:00,EBON
1.8112,1.815,1.8112,1.815,400,2021-11-19 18:00:00,EBON
1.81,1.81,1.81,1.81,100,2021-11-19 18:01:00,EBON
1.81,1.81,1.8,1.8,16399,2021-11-19 18:02:00,EBON
1.8,1.8,1.8,1.8,100,2021-11-19 18:03:00,EBON
1.8,1.8084,1.8,1.8084,1100,2021-11-19 18:04:00,EBON
1.8,1.8,1.8,1.8,200,2021-11-19 18:05:00,EBON
1.8023,1.8071,1.8,1.8,475,2021-11-19 18:06:00,EBON
1.8,1.81,1.8,1.81,700,2021-11-19 18:07:00,EBON
1.8,1.8073,1.8,1.8,300,2021-11-19 18:08:00,EBON
1.8,1.8,1.8,1.8,100,2021-11-19 18:09:00,EBON
1.805,1.805,1.79,1.79,36293,2021-11-19 18:11:00,EBON
1.79,1.79,1.79,1.79,100,2021-11-19 18:12:00,EBON
1.8,1.8,1.79,1.79,367,2021-11-19 18:13:00,EBON
1.79,1.79,1.79,1.79,200,2021-11-19 18:14:00,EBON
1.79,1.7908,1.788,1.788,9083,2021-11-19 18:15:00,EBON
1.78,1.785,1.78,1.7813,2342,2021-11-19 18:16:00,EBON
1.78,1.78,1.78,1.78,100,2021-11-19 18:17:00,EBON
1.7874,1.7874,1.78,1.78,200,2021-11-19 18:18:00,EBON
1.785,1.785,1.78,1.7809,1527,2021-11-19 18:19:00,EBON
1.78,1.7801,1.78,1.78,2071,2021-11-19 18:20:00,EBON
1.78,1.78,1.78,1.78,100,2021-11-19 18:21:00,EBON
1.78,1.7805,1.78,1.7805,3100,2021-11-19 18:22:00,EBON
1.78,1.788,1.78,1.788,200,2021-11-19 18:23:00,EBON
1.78,1.78,1.78,1.78,200,2021-11-19 18:24:00,EBON
1.785,1.785,1.78,1.78,300,2021-11-19 18:25:00,EBON
1.78,1.78,1.78,1.78,100,2021-11-19 18:26:00,EBON
1.78,1.7874,1.78,1.785,3600,2021-11-19 18:27:00,EBON
1.78,1.78,1.77,1.77,4959,2021-11-19 18:28:00,EBON
1.78,1.785,1.78,1.785,12013,2021-11-19 18:29:00,EBON
1.7817,1.7817,1.7817,1.7817,200,2021-11-19 18:31:00,EBON
1.784,1.784,1.784,1.784,100,2021-11-19 18:32:00,EBON
1.7818,1.7818,1.7818,1.7818,150,2021-11-19 18:33:00,EBON
1.7878,1.79,1.7841,1.7841,1159,2021-11-19 18:34:00,EBON
1.785,1.79,1.785,1.785,15863,2021-11-19 18:37:00,EBON
1.78,1.7876,1.78,1.7876,700,2021-11-19 18:39:00,EBON
1.785,1.785,1.785,1.785,300,2021-11-19 18:40:00,EBON
1.785,1.785,1.785,1.785,400,2021-11-19 18:41:00,EBON
1.78,1.7864,1.78,1.78,575,2021-11-19 18:42:00,EBON
1.785,1.7881,1.785,1.7881,296,2021-11-19 18:43:00,EBON
1.785,1.785,1.785,1.785,345,2021-11-19 18:44:00,EBON
1.785,1.785,1.785,1.785,400,2021-11-19 18:45:00,EBON
1.785,1.785,1.785,1.785,100,2021-11-19 18:46:00,EBON
1.785,1.785,1.785,1.785,100,2021-11-19 18:47:00,EBON
1.785,1.785,1.785,1.785,200,2021-11-19 18:48:00,EBON
1.785,1.785,1.785,1.785,100,2021-11-19 18:49:00,EBON
1.785,1.785,1.785,1.785,100,2021-11-19 18:50:00,EBON
1.785,1.79,1.785,1.79,1125,2021-11-19 18:51:00,EBON
1.7896,1.79,1.785,1.785,980,2021-11-19 18:52:00,EBON
1.785,1.79,1.7838,1.7838,859,2021-11-19 18:53:00,EBON
1.785,1.785,1.785,1.785,200,2021-11-19 18:54:00,EBON
1.785,1.785,1.785,1.785,100,2021-11-19 18:55:00,EBON
1.785,1.788,1.785,1.788,300,2021-11-19 18:56:00,EBON
1.78,1.79,1.78,1.79,26878,2021-11-19 18:57:00,EBON
1.785,1.7894,1.78,1.785,21693,2021-11-19 18:58:00,EBON
1.785,1.785,1.785,1.785,200,2021-11-19 18:59:00,EBON
1.785,1.785,1.785,1.785,100,2021-11-19 19:00:00,EBON
1.785,1.7882,1.785,1.7882,600,2021-11-19 19:01:00,EBON
1.785,1.79,1.785,1.785,5400,2021-11-19 19:02:00,EBON
1.7886,1.79,1.785,1.785,1100,2021-11-19 19:03:00,EBON
1.789,1.789,1.785,1.785,400,2021-11-19 19:04:00,EBON
1.7817,1.785,1.7817,1.785,2230,2021-11-19 19:05:00,EBON
1.7892,1.7892,1.7806,1.785,6100,2021-11-19 19:06:00,EBON
1.785,1.785,1.785,1.785,200,2021-11-19 19:07:00,EBON
1.785,1.7877,1.785,1.7877,433,2021-11-19 19:08:00,EBON
1.785,1.785,1.785,1.785,100,2021-11-19 19:09:00,EBON
1.785,1.7874,1.78,1.7874,700,2021-11-19 19:10:00,EBON
1.7827,1.7873,1.78,1.7873,300,2021-11-19 19:11:00,EBON
1.78,1.788,1.78,1.78,700,2021-11-19 19:12:00,EBON
1.79,1.79,1.78,1.78,600,2021-11-19 19:13:00,EBON
1.78,1.785,1.78,1.785,7420,2021-11-19 19:14:00,EBON
1.78,1.78,1.78,1.78,3600,2021-11-19 19:15:00,EBON
1.78,1.78,1.78,1.78,284,2021-11-19 19:16:00,EBON
1.78,1.7841,1.78,1.78,2780,2021-11-19 19:17:00,EBON
1.78,1.78,1.78,1.78,500,2021-11-19 19:18:00,EBON
1.78,1.78,1.78,1.78,200,2021-11-19 19:19:00,EBON
1.78,1.78,1.78,1.78,500,2021-11-19 19:20:00,EBON
1.78,1.78,1.78,1.78,200,2021-11-19 19:21:00,EBON
1.7876,1.7899,1.78,1.7899,500,2021-11-19 19:22:00,EBON
1.78,1.79,1.78,1.78,800,2021-11-19 19:23:00,EBON
1.78,1.78,1.78,1.78,100,2021-11-19 19:24:00,EBON
1.78,1.78,1.78,1.78,719,2021-11-19 19:25:00,EBON
1.7854,1.7854,1.78,1.78,400,2021-11-19 19:26:00,EBON
1.78,1.785,1.78,1.785,300,2021-11-19 19:27:00,EBON
1.78,1.78,1.77,1.778,3666,2021-11-19 19:28:00,EBON
1.7781,1.7781,1.77,1.7779,1600,2021-11-19 19:29:00,EBON
1.77,1.7774,1.77,1.77,2200,2021-11-19 19:30:00,EBON
1.775,1.775,1.77,1.77,3265,2021-11-19 19:31:00,EBON
1.775,1.775,1.77,1.77,600,2021-11-19 19:32:00,EBON
1.77,1.78,1.77,1.77,1617,2021-11-19 19:33:00,EBON
1.77,1.77,1.77,1.77,100,2021-11-19 19:34:00,EBON
1.77,1.77,1.77,1.77,200,2021-11-19 19:35:00,EBON
1.78,1.78,1.77,1.77,300,2021-11-19 19:36:00,EBON
1.78,1.78,1.77,1.77,3241,2021-11-19 19:37:00,EBON
1.7784,1.78,1.77,1.772,2450,2021-11-19 19:38:00,EBON
1.7784,1.7784,1.77,1.77,2100,2021-11-19 19:39:00,EBON
1.775,1.775,1.77,1.77,2021,2021-11-19 19:40:00,EBON
1.77,1.7708,1.77,1.7708,260,2021-11-19 19:41:00,EBON
1.77,1.77,1.77,1.77,100,2021-11-19 19:42:00,EBON
1.775,1.78,1.77,1.78,1414,2021-11-19 19:43:00,EBON
1.77,1.7784,1.77,1.77,1300,2021-11-19 19:44:00,EBON
1.771,1.771,1.77,1.77,2400,2021-11-19 19:45:00,EBON
1.77,1.78,1.77,1.78,600,2021-11-19 19:46:00,EBON
1.77,1.77,1.77,1.77,100,2021-11-19 19:47:00,EBON
1.775,1.775,1.77,1.775,1185,2021-11-19 19:48:00,EBON
1.77,1.77,1.77,1.77,100,2021-11-19 19:49:00,EBON
1.77,1.77,1.77,1.77,200,2021-11-19 19:50:00,EBON
1.77,1.77,1.77,1.77,100,2021-11-19 19:51:00,EBON
1.77,1.7774,1.77,1.77,300,2021-11-19 19:52:00,EBON
1.78,1.78,1.77,1.78,6430,2021-11-19 19:53:00,EBON
1.77,1.77,1.77,1.77,200,2021-11-19 19:54:00,EBON
1.77,1.7724,1.77,1.7724,300,2021-11-19 19:55:00,EBON
1.775,1.7773,1.77,1.7773,1100,2021-11-19 19:56:00,EBON
1.7773,1.7773,1.77,1.77,200,2021-11-19 19:57:00,EBON
1.77,1.77,1.77,1.77,200,2021-11-19 19:58:00,EBON
1.77,1.7707,1.77,1.7707,4919,2021-11-19 19:59:00,EBON
1.7792,1.7792,1.77,1.77,1158,2021-11-19 20:00:00,EBON
1.7711,1.7763,1.765,1.7701,26246,2021-11-19 20:01:00,EBON
1.77,1.7799,1.77,1.77,300,2021-11-19 20:02:00,EBON
1.77,1.77,1.77,1.77,100,2021-11-19 20:03:00,EBON
1.77,1.775,1.77,1.7713,700,2021-11-19 20:04:00,EBON
1.777,1.777,1.77,1.77,405,2021-11-19 20:05:00,EBON
1.77,1.775,1.77,1.775,1850,2021-11-19 20:06:00,EBON
1.77,1.7776,1.77,1.77,4801,2021-11-19 20:07:00,EBON
1.775,1.775,1.77,1.775,1500,2021-11-19 20:08:00,EBON
1.775,1.775,1.77,1.77,550,2021-11-19 20:09:00,EBON
1.77,1.775,1.77,1.77,1400,2021-11-19 20:10:00,EBON
1.77,1.7715,1.77,1.77,547,2021-11-19 20:11:00,EBON
1.77,1.77,1.77,1.77,200,2021-11-19 20:12:00,EBON
1.775,1.775,1.77,1.77,1773,2021-11-19 20:13:00,EBON
1.77,1.775,1.77,1.77,602,2021-11-19 20:14:00,EBON
1.77,1.775,1.77,1.77,7078,2021-11-19 20:15:00,EBON
1.77,1.7761,1.77,1.77,637,2021-11-19 20:16:00,EBON
1.77,1.775,1.77,1.77,400,2021-11-19 20:17:00,EBON
1.7708,1.775,1.7708,1.775,640,2021-11-19 20:18:00,EBON
1.77,1.77,1.76,1.765,5838,2021-11-19 20:19:00,EBON
1.765,1.7691,1.76,1.76,16412,2021-11-19 20:20:00,EBON
1.765,1.765,1.76,1.765,2400,2021-11-19 20:21:00,EBON
1.76,1.7675,1.76,1.76,450,2021-11-19 20:22:00,EBON
1.76,1.765,1.76,1.765,200,2021-11-19 20:23:00,EBON
1.7681,1.7681,1.76,1.76,300,2021-11-19 20:24:00,EBON
1.7604,1.7675,1.7604,1.765,5500,2021-11-19 20:25:00,EBON
1.765,1.7675,1.7601,1.7675,520,2021-11-19 20:26:00,EBON
1.7675,1.7675,1.765,1.765,313,2021-11-19 20:27:00,EBON
1.765,1.77,1.765,1.765,590,2021-11-19 20:28:00,EBON
1.765,1.765,1.76,1.76,1003,2021-11-19 20:29:00,EBON
1.765,1.765,1.76,1.765,950,2021-11-19 20:30:00,EBON
1.765,1.7676,1.76,1.765,8537,2021-11-19 20:31:00,EBON
1.765,1.7676,1.765,1.765,500,2021-11-19 20:32:00,EBON
1.7683,1.7683,1.76,1.7618,1718,2021-11-19 20:33:00,EBON
1.765,1.7699,1.7618,1.7688,2830,2021-11-19 20:34:00,EBON
1.765,1.7683,1.765,1.765,1392,2021-11-19 20:35:00,EBON
1.765,1.765,1.76,1.76,4075,2021-11-19 20:36:00,EBON
1.76,1.765,1.76,1.765,25316,2021-11-19 20:37:00,EBON
1.76,1.765,1.76,1.76,4944,2021-11-19 20:38:00,EBON
1.76,1.76,1.76,1.76,400,2021-11-19 20:39:00,EBON
1.7619,1.7619,1.76,1.76,1800,2021-11-19 20:40:00,EBON
1.7677,1.77,1.76,1.7604,26280,2021-11-19 20:41:00,EBON
1.76,1.76,1.76,1.76,1287,2021-11-19 20:42:00,EBON
1.76,1.77,1.76,1.76,922,2021-11-19 20:43:00,EBON
1.76,1.76,1.76,1.76,1800,2021-11-19 20:44:00,EBON
1.7699,1.7699,1.76,1.7674,1495,2021-11-19 20:46:00,EBON
1.765,1.7673,1.76,1.765,2784,2021-11-19 20:47:00,EBON
1.765,1.7682,1.765,1.7682,2940,2021-11-19 20:48:00,EBON
1.765,1.77,1.765,1.77,2550,2021-11-19 20:49:00,EBON
1.77,1.77,1.7601,1.7609,19558,2021-11-19 20:50:00,EBON
1.765,1.7685,1.765,1.765,3414,2021-11-19 20:51:00,EBON
1.765,1.77,1.76,1.76,10844,2021-11-19 20:52:00,EBON
1.765,1.78,1.765,1.7781,26998,2021-11-19 20:53:00,EBON
1.778,1.78,1.7707,1.779,13993,2021-11-19 20:54:00,EBON
1.775,1.7799,1.775,1.775,2787,2021-11-19 20:55:00,EBON
1.775,1.78,1.775,1.775,3200,2021-11-19 20:56:00,EBON
1.775,1.78,1.77,1.775,5561,2021-11-19 20:57:00,EBON
1.775,1.78,1.77,1.7789,6977,2021-11-19 20:58:00,EBON
1.77,1.78,1.77,1.78,23646,2021-11-19 20:59:00,EBON
1.77,1.77,1.77,1.77,32943,2021-11-19 21:00:00,EBON
1.77,1.77,1.77,1.77,204,2021-11-19 21:05:00,EBON
1.77,1.7701,1.77,1.77,6375,2021-11-19 21:18:00,EBON
1.77,1.77,1.77,1.77,239,2021-11-19 21:40:00,EBON
1.77,1.77,1.77,1.77,300,2021-11-19 21:43:00,EBON
1.77,1.77,1.77,1.77,100,2021-11-19 21:44:00,EBON
1.7801,1.7801,1.7801,1.7801,7500,2021-11-19 22:02:00,EBON
1.78,1.78,1.78,1.78,1487,2021-11-19 22:03:00,EBON
1.79,1.79,1.79,1.79,100,2021-11-19 22:10:00,EBON
1.79,1.79,1.79,1.79,200,2021-11-19 22:28:00,EBON
1.78,1.78,1.78,1.78,263,2021-11-19 22:34:00,EBON
1.7808,1.7808,1.7808,1.7808,100,2021-11-19 22:38:00,EBON
1.79,1.79,1.79,1.79,200,2021-11-19 22:39:00,EBON
1.7899,1.79,1.7899,1.79,600,2021-11-19 22:40:00,EBON
1.79,1.79,1.79,1.79,1000,2021-11-19 22:58:00,EBON
1.81,1.81,1.81,1.81,100,2021-11-19 23:27:00,EBON
1.8001,1.8001,1.8001,1.8001,300,2021-11-19 23:30:00,EBON
1.81,1.81,1.81,1.81,100,2021-11-19 23:44:00,EBON
1.81,1.81,1.81,1.81,300,2021-11-20 00:14:00,EBON
1.82,1.82,1.82,1.82,100,2021-11-20 00:28:00,EBON
1.82,1.82,1.82,1.82,303,2021-11-20 00:34:00,EBON
1.82,1.82,1.82,1.82,700,2021-11-20 00:52:00,EBON
1.82,1.82,1.82,1.82,100,2021-11-22 09:21:00,EBON
1.83,1.83,1.83,1.83,100,2021-11-22 11:48:00,EBON
1.83,1.83,1.83,1.83,100,2021-11-22 11:49:00,EBON
1.82,1.82,1.82,1.82,300,2021-11-22 12:05:00,EBON
1.81,1.82,1.81,1.81,2000,2021-11-22 12:15:00,EBON
1.81,1.81,1.81,1.81,300,2021-11-22 12:20:00,EBON
1.8,1.8,1.8,1.8,400,2021-11-22 12:23:00,EBON
1.8,1.8,1.8,1.8,785,2021-11-22 12:29:00,EBON
1.79,1.79,1.78,1.78,1143,2021-11-22 13:12:00,EBON
1.79,1.79,1.79,1.79,100,2021-11-22 13:17:00,EBON
1.77,1.77,1.77,1.77,1000,2021-11-22 13:19:00,EBON
1.77,1.77,1.77,1.77,1000,2021-11-22 13:44:00,EBON
1.79,1.79,1.79,1.79,100,2021-11-22 13:47:00,EBON
1.79,1.79,1.79,1.79,1990,2021-11-22 13:48:00,EBON
1.79,1.79,1.79,1.79,1000,2021-11-22 13:50:00,EBON
1.79,1.79,1.79,1.79,1364,2021-11-22 13:51:00,EBON
1.79,1.79,1.79,1.79,242,2021-11-22 13:53:00,EBON
1.82,1.82,1.82,1.82,150,2021-11-22 13:59:00,EBON
1.82,1.82,1.82,1.82,100,2021-11-22 14:00:00,EBON
1.8,1.8,1.8,1.8,1478,2021-11-22 14:04:00,EBON
1.8,1.8,1.79,1.79,2150,2021-11-22 14:06:00,EBON
1.79,1.79,1.79,1.79,450,2021-11-22 14:07:00,EBON
1.7999,1.8,1.7999,1.8,600,2021-11-22 14:11:00,EBON
1.7901,1.7901,1.79,1.79,600,2021-11-22 14:13:00,EBON
1.79,1.79,1.79,1.79,300,2021-11-22 14:23:00,EBON
1.7974,1.8,1.78,1.78,23260,2021-11-22 14:30:00,EBON
1.78,1.7875,1.78,1.7875,12672,2021-11-22 14:32:00,EBON
1.78,1.78,1.77,1.775,12184,2021-11-22 14:33:00,EBON
1.775,1.775,1.755,1.76,23331,2021-11-22 14:34:00,EBON
1.76,1.765,1.755,1.755,5523,2021-11-22 14:35:00,EBON
1.755,1.755,1.755,1.755,2690,2021-11-22 14:36:00,EBON
1.7559,1.7586,1.75,1.755,22853,2021-11-22 14:37:00,EBON
1.755,1.755,1.75,1.75,850,2021-11-22 14:38:00,EBON
1.755,1.7587,1.75,1.7587,14636,2021-11-22 14:39:00,EBON
1.755,1.76,1.73,1.73,38044,2021-11-22 14:40:00,EBON
1.73,1.74,1.73,1.735,3991,2021-11-22 14:41:00,EBON
1.735,1.74,1.73,1.735,11400,2021-11-22 14:42:00,EBON
1.7375,1.7375,1.72,1.7214,15210,2021-11-22 14:43:00,EBON
1.7282,1.73,1.72,1.73,7446,2021-11-22 14:44:00,EBON
1.73,1.74,1.73,1.7315,8014,2021-11-22 14:45:00,EBON
1.735,1.735,1.73,1.735,7647,2021-11-22 14:46:00,EBON
1.7387,1.7387,1.73,1.735,2215,2021-11-22 14:47:00,EBON
1.735,1.7373,1.73,1.7312,5983,2021-11-22 14:48:00,EBON
1.73,1.74,1.73,1.735,904,2021-11-22 14:49:00,EBON
1.73,1.7388,1.73,1.7383,2121,2021-11-22 14:50:00,EBON
1.7384,1.74,1.732,1.74,700,2021-11-22 14:51:00,EBON
1.735,1.748,1.735,1.745,10323,2021-11-22 14:52:00,EBON
1.7482,1.75,1.74,1.75,18771,2021-11-22 14:53:00,EBON
1.752,1.76,1.752,1.76,6302,2021-11-22 14:54:00,EBON
1.76,1.7657,1.76,1.7607,19588,2021-11-22 14:55:00,EBON
1.76,1.76,1.755,1.755,9190,2021-11-22 14:56:00,EBON
1.75,1.75,1.74,1.7412,3611,2021-11-22 14:57:00,EBON
1.745,1.745,1.73,1.7301,17966,2021-11-22 14:58:00,EBON
1.735,1.735,1.735,1.735,100,2021-11-22 14:59:00,EBON
1.735,1.745,1.735,1.745,9171,2021-11-22 15:01:00,EBON
1.745,1.7477,1.7412,1.7477,849,2021-11-22 15:02:00,EBON
1.745,1.745,1.745,1.745,200,2021-11-22 15:04:00,EBON
1.745,1.75,1.74,1.7414,2963,2021-11-22 15:05:00,EBON
1.7493,1.7493,1.74,1.745,1683,2021-11-22 15:06:00,EBON
1.741,1.745,1.74,1.74,9794,2021-11-22 15:07:00,EBON
1.74,1.74,1.7325,1.7399,3139,2021-11-22 15:08:00,EBON
1.7324,1.7399,1.73,1.735,5604,2021-11-22 15:09:00,EBON
1.74,1.74,1.729,1.731,30955,2021-11-22 15:10:00,EBON
1.738,1.74,1.7318,1.74,14294,2021-11-22 15:11:00,EBON
1.74,1.7475,1.73,1.73,2304,2021-11-22 15:12:00,EBON
1.735,1.74,1.7304,1.74,11783,2021-11-22 15:13:00,EBON
1.73,1.7399,1.73,1.7399,2099,2021-11-22 15:14:00,EBON
1.7381,1.7395,1.735,1.735,9690,2021-11-22 15:15:00,EBON
1.735,1.735,1.735,1.735,400,2021-11-22 15:16:00,EBON
1.735,1.735,1.73,1.735,2250,2021-11-22 15:17:00,EBON
1.7385,1.7385,1.73,1.7319,1000,2021-11-22 15:19:00,EBON
1.73,1.7387,1.73,1.732,1400,2021-11-22 15:20:00,EBON
1.738,1.74,1.735,1.735,3789,2021-11-22 15:21:00,EBON
1.74,1.74,1.7301,1.732,13020,2021-11-22 15:22:00,EBON
1.74,1.74,1.73,1.735,2370,2021-11-22 15:23:00,EBON
1.735,1.74,1.735,1.74,700,2021-11-22 15:24:00,EBON
1.73,1.74,1.73,1.74,1524,2021-11-22 15:25:00,EBON
1.739,1.7397,1.71,1.72,57817,2021-11-22 15:26:00,EBON
1.72,1.72,1.7136,1.72,19622,2021-11-22 15:27:00,EBON
1.7207,1.7207,1.72,1.72,3289,2021-11-22 15:28:00,EBON
1.7293,1.73,1.722,1.725,11965,2021-11-22 15:29:00,EBON
1.73,1.73,1.73,1.73,200,2021-11-22 15:30:00,EBON
1.73,1.73,1.73,1.73,100,2021-11-22 15:31:00,EBON
1.7219,1.73,1.7201,1.7201,700,2021-11-22 15:32:00,EBON
1.722,1.73,1.722,1.73,500,2021-11-22 15:33:00,EBON
1.7235,1.73,1.7235,1.73,6116,2021-11-22 15:34:00,EBON
1.73,1.73,1.73,1.73,457,2021-11-22 15:35:00,EBON
1.725,1.73,1.7215,1.73,15395,2021-11-22 15:36:00,EBON
1.73,1.73,1.7218,1.73,5257,2021-11-22 15:37:00,EBON
1.73,1.73,1.7286,1.7286,700,2021-11-22 15:38:00,EBON
1.725,1.73,1.72,1.73,2654,2021-11-22 15:39:00,EBON
1.7278,1.73,1.7225,1.7225,615,2021-11-22 15:40:00,EBON
1.729,1.73,1.729,1.73,2229,2021-11-22 15:41:00,EBON
1.7225,1.73,1.72,1.72,2800,2021-11-22 15:42:00,EBON
1.7201,1.725,1.72,1.7217,24134,2021-11-22 15:43:00,EBON
1.71,1.7181,1.705,1.71,38076,2021-11-22 15:44:00,EBON
1.705,1.705,1.6801,1.6801,189506,2021-11-22 15:45:00,EBON
1.6898,1.6898,1.67,1.6715,36548,2021-11-22 15:46:00,EBON
1.6714,1.6883,1.67,1.6883,79540,2021-11-22 15:47:00,EBON
1.69,1.69,1.68,1.6821,13382,2021-11-22 15:48:00,EBON
1.69,1.708,1.69,1.695,32043,2021-11-22 15:49:00,EBON
1.6924,1.7,1.69,1.69,2717,2021-11-22 15:50:00,EBON
1.6982,1.6999,1.695,1.6999,3790,2021-11-22 15:51:00,EBON
1.6975,1.7,1.6975,1.7,210,2021-11-22 15:52:00,EBON
1.6903,1.7,1.6901,1.6912,15700,2021-11-22 15:53:00,EBON
1.7,1.7,1.6901,1.6983,4175,2021-11-22 15:54:00,EBON
1.695,1.695,1.692,1.692,3100,2021-11-22 15:55:00,EBON
1.695,1.7,1.695,1.699,3200,2021-11-22 15:56:00,EBON
1.7,1.7,1.6925,1.695,3895,2021-11-22 15:57:00,EBON
1.6988,1.7,1.6986,1.6986,1800,2021-11-22 15:58:00,EBON
1.695,1.7,1.6925,1.6925,634,2021-11-22 15:59:00,EBON
1.695,1.7,1.695,1.6985,2194,2021-11-22 16:00:00,EBON
1.6985,1.7,1.695,1.695,557,2021-11-22 16:01:00,EBON
1.695,1.7,1.695,1.7,500,2021-11-22 16:02:00,EBON
1.6991,1.6991,1.68,1.68,22524,2021-11-22 16:03:00,EBON
1.68,1.68,1.67,1.67,10093,2021-11-22 16:04:00,EBON
1.67,1.675,1.67,1.675,5931,2021-11-22 16:05:00,EBON
1.675,1.68,1.6719,1.68,1400,2021-11-22 16:06:00,EBON
1.68,1.685,1.6719,1.685,6468,2021-11-22 16:07:00,EBON
1.69,1.69,1.6809,1.6809,2226,2021-11-22 16:08:00,EBON
1.685,1.6882,1.68,1.685,1818,2021-11-22 16:09:00,EBON
1.685,1.688,1.6838,1.685,3108,2021-11-22 16:10:00,EBON
1.6885,1.6885,1.68,1.68,10483,2021-11-22 16:11:00,EBON
1.6813,1.6877,1.6813,1.6877,400,2021-11-22 16:12:00,EBON
1.685,1.685,1.675,1.6784,5183,2021-11-22 16:13:00,EBON
1.6786,1.68,1.6786,1.68,15197,2021-11-22 16:14:00,EBON
1.675,1.695,1.675,1.69,13787,2021-11-22 16:15:00,EBON
1.6978,1.6978,1.69,1.69,400,2021-11-22 16:16:00,EBON
1.695,1.695,1.6916,1.6918,624,2021-11-22 16:17:00,EBON
1.6977,1.6999,1.69,1.699,2783,2021-11-22 16:18:00,EBON
1.7,1.7,1.698,1.698,1891,2021-11-22 16:19:00,EBON
1.695,1.7081,1.695,1.7081,7125,2021-11-22 16:20:00,EBON
1.705,1.705,1.705,1.705,347,2021-11-22 16:21:00,EBON
1.701,1.705,1.6926,1.6999,50622,2021-11-22 16:22:00,EBON
1.69,1.71,1.69,1.7088,15310,2021-11-22 16:23:00,EBON
1.7,1.705,1.6979,1.6981,11219,2021-11-22 16:24:00,EBON
1.695,1.695,1.69,1.69,13100,2021-11-22 16:25:00,EBON
1.685,1.685,1.6811,1.6811,2600,2021-11-22 16:26:00,EBON
1.6886,1.6886,1.6712,1.679,18180,2021-11-22 16:27:00,EBON
1.675,1.68,1.675,1.6799,7183,2021-11-22 16:28:00,EBON
1.675,1.68,1.675,1.68,2916,2021-11-22 16:29:00,EBON
1.6788,1.6788,1.6748,1.675,5500,2021-11-22 16:30:00,EBON
1.675,1.68,1.675,1.68,5440,2021-11-22 16:31:00,EBON
1.675,1.6777,1.675,1.675,10500,2021-11-22 16:32:00,EBON
1.67,1.675,1.67,1.67,23575,2021-11-22 16:33:00,EBON
1.67,1.67,1.6687,1.67,3401,2021-11-22 16:34:00,EBON
1.67,1.67,1.66,1.6601,19454,2021-11-22 16:35:00,EBON
1.665,1.665,1.6608,1.6608,5302,2021-11-22 16:36:00,EBON
1.6681,1.67,1.6681,1.67,1038,2021-11-22 16:37:00,EBON
1.665,1.67,1.66,1.66,26071,2021-11-22 16:38:00,EBON
1.66,1.6699,1.65,1.66,33388,2021-11-22 16:39:00,EBON
1.6595,1.66,1.6528,1.6599,29108,2021-11-22 16:40:00,EBON
1.655,1.67,1.655,1.665,12160,2021-11-22 16:41:00,EBON
1.6692,1.67,1.66,1.67,6835,2021-11-22 16:42:00,EBON
1.6605,1.67,1.66,1.6608,17735,2021-11-22 16:43:00,EBON
1.6683,1.67,1.6602,1.67,3285,2021-11-22 16:44:00,EBON
1.6617,1.6617,1.661,1.6615,2280,2021-11-22 16:45:00,EBON
1.665,1.6674,1.66,1.665,2975,2021-11-22 16:46:00,EBON
1.67,1.67,1.65,1.659,10652,2021-11-22 16:47:00,EBON
1.6512,1.66,1.6512,1.66,5210,2021-11-22 16:48:00,EBON
1.6512,1.66,1.6509,1.6509,12401,2021-11-22 16:49:00,EBON
1.65,1.66,1.65,1.66,1400,2021-11-22 16:50:00,EBON
1.6533,1.6533,1.6533,1.6533,100,2021-11-22 16:51:00,EBON
1.6592,1.6592,1.6592,1.6592,4030,2021-11-22 16:52:00,EBON
1.6522,1.655,1.65,1.655,3200,2021-11-22 16:53:00,EBON
1.655,1.6599,1.635,1.64,66641,2021-11-22 16:54:00,EBON
1.64,1.65,1.64,1.64,11882,2021-11-22 16:55:00,EBON
1.64,1.65,1.64,1.6449,23400,2021-11-22 16:56:00,EBON
1.64,1.6488,1.64,1.645,9904,2021-11-22 16:57:00,EBON
1.64,1.645,1.6301,1.6399,11592,2021-11-22 16:58:00,EBON
1.64,1.65,1.6342,1.6486,9529,2021-11-22 16:59:00,EBON
1.64,1.645,1.64,1.645,750,2021-11-22 17:00:00,EBON
1.6454,1.67,1.644,1.66,25573,2021-11-22 17:01:00,EBON
1.67,1.67,1.65,1.655,7650,2021-11-22 17:02:00,EBON
1.655,1.6597,1.655,1.6597,1140,2021-11-22 17:03:00,EBON
1.6584,1.6584,1.6501,1.655,3750,2021-11-22 17:04:00,EBON
1.6576,1.6599,1.65,1.6583,2095,2021-11-22 17:05:00,EBON
1.65,1.66,1.65,1.6515,4700,2021-11-22 17:06:00,EBON
1.6552,1.66,1.6508,1.66,16773,2021-11-22 17:07:00,EBON
1.655,1.655,1.65,1.65,3595,2021-11-22 17:08:00,EBON
1.649,1.649,1.6473,1.6473,321,2021-11-22 17:09:00,EBON
1.6411,1.65,1.6411,1.6417,5800,2021-11-22 17:10:00,EBON
1.6461,1.6594,1.6461,1.655,10972,2021-11-22 17:11:00,EBON
1.6507,1.66,1.6507,1.66,2900,2021-11-22 17:12:00,EBON
1.655,1.6592,1.65,1.6592,6150,2021-11-22 17:13:00,EBON
1.6588,1.6588,1.65,1.65,3056,2021-11-22 17:14:00,EBON
1.652,1.66,1.6519,1.6519,875,2021-11-22 17:15:00,EBON
1.66,1.66,1.66,1.66,100,2021-11-22 17:16:00,EBON
1.66,1.67,1.655,1.655,31586,2021-11-22 17:17:00,EBON
1.652,1.6586,1.652,1.6586,224,2021-11-22 17:18:00,EBON
1.66,1.66,1.6501,1.66,4875,2021-11-22 17:19:00,EBON
1.665,1.68,1.6644,1.68,21633,2021-11-22 17:20:00,EBON
1.68,1.685,1.67,1.67,6077,2021-11-22 17:21:00,EBON
1.675,1.68,1.67,1.68,5600,2021-11-22 17:22:00,EBON
1.675,1.68,1.67,1.68,2382,2021-11-22 17:23:00,EBON
1.675,1.68,1.6745,1.6745,1259,2021-11-22 17:24:00,EBON
1.68,1.69,1.6746,1.69,8801,2021-11-22 17:25:00,EBON
1.68,1.69,1.68,1.69,6100,2021-11-22 17:26:00,EBON
1.6885,1.69,1.6801,1.6801,6042,2021-11-22 17:27:00,EBON
1.68,1.6885,1.68,1.6885,690,2021-11-22 17:28:00,EBON
1.69,1.69,1.68,1.6893,6812,2021-11-22 17:29:00,EBON
1.685,1.69,1.6801,1.69,5355,2021-11-22 17:30:00,EBON
1.685,1.7,1.685,1.695,7190,2021-11-22 17:31:00,EBON
1.695,1.695,1.6917,1.6917,1485,2021-11-22 17:32:00,EBON
1.7,1.7,1.695,1.695,7834,2021-11-22 17:33:00,EBON
1.6963,1.6963,1.69,1.695,3648,2021-11-22 17:35:00,EBON
1.7,1.7,1.695,1.695,300,2021-11-22 17:36:00,EBON
1.7,1.7,1.692,1.695,1789,2021-11-22 17:37:00,EBON
1.7,1.7,1.7,1.7,300,2021-11-22 17:38:00,EBON
1.7,1.7,1.7,1.7,1000,2021-11-22 17:39:00,EBON
1.7,1.7,1.6914,1.6917,6067,2021-11-22 17:40:00,EBON
1.7,1.7,1.695,1.695,200,2021-11-22 17:41:00,EBON
1.6906,1.7,1.6906,1.7,10100,2021-11-22 17:42:00,EBON
1.7,1.7,1.6988,1.7,1561,2021-11-22 17:43:00,EBON
1.695,1.7,1.695,1.7,1400,2021-11-22 17:44:00,EBON
1.7,1.7,1.7,1.7,300,2021-11-22 17:45:00,EBON
1.7,1.7,1.69,1.69,1144,2021-11-22 17:46:00,EBON
1.695,1.7,1.6922,1.6922,900,2021-11-22 17:47:00,EBON
1.7,1.7,1.695,1.695,6855,2021-11-22 17:48:00,EBON
1.69,1.695,1.68,1.68,15708,2021-11-22 17:49:00,EBON
1.685,1.69,1.6801,1.6801,14070,2021-11-22 17:50:00,EBON
1.68,1.68,1.68,1.68,5705,2021-11-22 17:51:00,EBON
1.68,1.68,1.6714,1.68,11705,2021-11-22 17:52:00,EBON
1.69,1.69,1.68,1.68,1597,2021-11-22 17:53:00,EBON
1.6899,1.69,1.6899,1.69,4984,2021-11-22 17:54:00,EBON
1.69,1.69,1.69,1.69,1658,2021-11-22 17:55:00,EBON
1.6916,1.7,1.6901,1.6906,32495,2021-11-22 17:56:00,EBON
1.6901,1.6901,1.6901,1.6901,1000,2021-11-22 17:57:00,EBON
1.7,1.7,1.698,1.698,1960,2021-11-22 17:58:00,EBON
1.7,1.7,1.7,1.7,225,2021-11-22 17:59:00,EBON
1.6918,1.695,1.69,1.69,5244,2021-11-22 18:00:00,EBON
1.695,1.7,1.695,1.6985,2700,2021-11-22 18:01:00,EBON
1.6979,1.6979,1.6979,1.6979,100,2021-11-22 18:03:00,EBON
1.6901,1.695,1.6901,1.695,201,2021-11-22 18:05:00,EBON
1.69,1.69,1.69,1.69,118,2021-11-22 18:06:00,EBON
1.698,1.7,1.69,1.695,1200,2021-11-22 18:07:00,EBON
1.695,1.695,1.695,1.695,100,2021-11-22 18:08:00,EBON
1.698,1.698,1.6901,1.6914,1585,2021-11-22 18:09:00,EBON
1.695,1.6973,1.695,1.695,300,2021-11-22 18:10:00,EBON
1.695,1.6988,1.695,1.695,2950,2021-11-22 18:11:00,EBON
1.6981,1.6981,1.695,1.695,1752,2021-11-22 18:12:00,EBON
1.695,1.695,1.69,1.695,2300,2021-11-22 18:13:00,EBON
1.695,1.6974,1.6902,1.6946,4000,2021-11-22 18:14:00,EBON
1.695,1.695,1.695,1.695,401,2021-11-22 18:15:00,EBON
1.7,1.7,1.695,1.7,19953,2021-11-22 18:16:00,EBON
1.695,1.695,1.695,1.695,1000,2021-11-22 18:17:00,EBON
1.695,1.695,1.6924,1.695,700,2021-11-22 18:18:00,EBON
1.69,1.7,1.69,1.7,299,2021-11-22 18:19:00,EBON
1.7,1.7,1.6918,1.6918,838,2021-11-22 18:20:00,EBON
1.695,1.7,1.6924,1.695,2200,2021-11-22 18:21:00,EBON
1.6969,1.7,1.695,1.695,550,2021-11-22 18:22:00,EBON
1.6919,1.7,1.6919,1.7,700,2021-11-22 18:23:00,EBON
1.7,1.7,1.7,1.7,400,2021-11-22 18:24:00,EBON
1.6984,1.7,1.6984,1.7,200,2021-11-22 18:25:00,EBON
1.7,1.7,1.69,1.69,3190,2021-11-22 18:26:00,EBON
1.69,1.69,1.685,1.6899,9900,2021-11-22 18:27:00,EBON
1.685,1.69,1.685,1.685,300,2021-11-22 18:28:00,EBON
1.6899,1.6899,1.68,1.6809,3000,2021-11-22 18:29:00,EBON
1.685,1.69,1.68,1.685,6705,2021-11-22 18:30:00,EBON
1.685,1.685,1.685,1.685,200,2021-11-22 18:31:00,EBON
1.685,1.6877,1.68,1.6877,2988,2021-11-22 18:32:00,EBON
1.685,1.69,1.685,1.685,550,2021-11-22 18:33:00,EBON
1.6843,1.685,1.6843,1.685,302,2021-11-22 18:34:00,EBON
1.685,1.69,1.6823,1.685,955,2021-11-22 18:35:00,EBON
1.685,1.685,1.68,1.6805,570,2021-11-22 18:36:00,EBON
1.685,1.69,1.685,1.69,220,2021-11-22 18:37:00,EBON
1.685,1.6854,1.685,1.6854,318,2021-11-22 18:38:00,EBON
1.685,1.69,1.685,1.69,600,2021-11-22 18:39:00,EBON
1.685,1.69,1.675,1.68,24321,2021-11-22 18:40:00,EBON
1.675,1.6777,1.67,1.675,1700,2021-11-22 18:41:00,EBON
1.675,1.68,1.67,1.67,803,2021-11-22 18:42:00,EBON
1.68,1.68,1.675,1.675,1397,2021-11-22 18:43:00,EBON
1.68,1.68,1.6719,1.675,855,2021-11-22 18:44:00,EBON
1.675,1.6774,1.675,1.6774,218,2021-11-22 18:45:00,EBON
1.675,1.68,1.675,1.675,400,2021-11-22 18:46:00,EBON
1.675,1.679,1.67,1.679,596,2021-11-22 18:47:00,EBON
1.6701,1.675,1.665,1.6687,25022,2021-11-22 18:48:00,EBON
1.669,1.669,1.665,1.665,2700,2021-11-22 18:49:00,EBON
1.665,1.6668,1.665,1.6668,2700,2021-11-22 18:50:00,EBON
1.665,1.67,1.665,1.665,28848,2021-11-22 18:51:00,EBON
1.665,1.665,1.665,1.665,100,2021-11-22 18:52:00,EBON
1.665,1.67,1.66,1.6682,4452,2021-11-22 18:53:00,EBON
1.665,1.67,1.6601,1.665,8207,2021-11-22 18:54:00,EBON
1.6692,1.6692,1.665,1.665,6200,2021-11-22 18:55:00,EBON
1.665,1.67,1.665,1.67,600,2021-11-22 18:56:00,EBON
1.665,1.665,1.665,1.665,100,2021-11-22 18:57:00,EBON
1.66,1.6652,1.66,1.6652,400,2021-11-22 18:58:00,EBON
1.665,1.6682,1.6626,1.6682,1001,2021-11-22 18:59:00,EBON
1.6695,1.6695,1.665,1.665,1300,2021-11-22 19:00:00,EBON
1.67,1.67,1.665,1.665,18527,2021-11-22 19:01:00,EBON
1.67,1.6885,1.665,1.6801,70589,2021-11-22 19:02:00,EBON
1.6883,1.69,1.6801,1.69,681,2021-11-22 19:03:00,EBON
1.6883,1.69,1.6883,1.6899,9860,2021-11-22 19:04:00,EBON
1.7,1.7,1.6951,1.7,4426,2021-11-22 19:05:00,EBON
1.695,1.695,1.695,1.695,100,2021-11-22 19:06:00,EBON
1.695,1.7,1.6925,1.6925,300,2021-11-22 19:07:00,EBON
1.7,1.7,1.6924,1.6924,800,2021-11-22 19:08:00,EBON
1.7,1.7,1.6984,1.6984,500,2021-11-22 19:09:00,EBON
1.7,1.7,1.7,1.7,100,2021-11-22 19:10:00,EBON
1.695,1.695,1.69,1.695,1800,2021-11-22 19:11:00,EBON
1.695,1.695,1.695,1.695,100,2021-11-22 19:12:00,EBON
1.695,1.7,1.695,1.695,2070,2021-11-22 19:13:00,EBON
1.695,1.695,1.695,1.695,300,2021-11-22 19:14:00,EBON
1.7,1.7,1.695,1.7,3800,2021-11-22 19:15:00,EBON
1.695,1.7,1.69,1.7,1930,2021-11-22 19:16:00,EBON
1.7,1.7,1.69,1.7,1734,2021-11-22 19:17:00,EBON
1.7,1.7,1.7,1.7,500,2021-11-22 19:18:00,EBON
1.69,1.7,1.69,1.6982,6000,2021-11-22 19:19:00,EBON
1.7,1.7,1.6926,1.7,765,2021-11-22 19:20:00,EBON
1.6981,1.7,1.695,1.7,2180,2021-11-22 19:21:00,EBON
1.6968,1.7,1.692,1.695,1200,2021-11-22 19:22:00,EBON
1.7,1.7,1.7,1.7,200,2021-11-22 19:24:00,EBON
1.7,1.7,1.69,1.7,1200,2021-11-22 19:25:00,EBON
1.7,1.7,1.6901,1.6901,200,2021-11-22 19:26:00,EBON
1.695,1.7,1.69,1.7,11718,2021-11-22 19:27:00,EBON
1.7,1.7,1.69,1.6937,1511,2021-11-22 19:28:00,EBON
1.695,1.695,1.695,1.695,900,2021-11-22 19:29:00,EBON
1.69,1.695,1.69,1.695,614,2021-11-22 19:30:00,EBON
1.7,1.7,1.7,1.7,200,2021-11-22 19:31:00,EBON
1.69,1.69,1.69,1.69,100,2021-11-22 19:32:00,EBON
1.7,1.7,1.699,1.7,700,2021-11-22 19:33:00,EBON
1.6907,1.7,1.6907,1.7,12591,2021-11-22 19:34:00,EBON
1.7,1.7,1.695,1.7,1144,2021-11-22 19:35:00,EBON
1.6925,1.7,1.6925,1.7,360,2021-11-22 19:36:00,EBON
1.6918,1.7,1.6918,1.7,1328,2021-11-22 19:37:00,EBON
1.695,1.7,1.695,1.7,600,2021-11-22 19:38:00,EBON
1.695,1.695,1.66,1.66,111217,2021-11-22 19:39:00,EBON
1.66,1.67,1.645,1.65,141931,2021-11-22 19:40:00,EBON
1.65,1.65,1.635,1.64,111434,2021-11-22 19:41:00,EBON
1.64,1.65,1.62,1.63,90588,2021-11-22 19:42:00,EBON
1.63,1.63,1.62,1.625,3920,2021-11-22 19:43:00,EBON
1.63,1.63,1.625,1.625,16821,2021-11-22 19:44:00,EBON
1.625,1.63,1.625,1.63,3360,2021-11-22 19:45:00,EBON
1.63,1.63,1.6234,1.63,4501,2021-11-22 19:46:00,EBON
1.63,1.63,1.6299,1.6299,3358,2021-11-22 19:47:00,EBON
1.63,1.63,1.6288,1.63,24000,2021-11-22 19:48:00,EBON
1.63,1.63,1.628,1.6282,10053,2021-11-22 19:49:00,EBON
1.63,1.63,1.6285,1.63,4395,2021-11-22 19:50:00,EBON
1.63,1.63,1.62,1.62,28753,2021-11-22 19:51:00,EBON
1.63,1.635,1.62,1.6282,75677,2021-11-22 19:52:00,EBON
1.63,1.63,1.6221,1.6221,3493,2021-11-22 19:53:00,EBON
1.63,1.63,1.6217,1.6282,6081,2021-11-22 19:54:00,EBON
1.63,1.635,1.62,1.6289,36448,2021-11-22 19:55:00,EBON
1.629,1.63,1.621,1.6299,7027,2021-11-22 19:56:00,EBON
1.63,1.63,1.6286,1.6286,1400,2021-11-22 19:57:00,EBON
1.63,1.63,1.6299,1.63,2400,2021-11-22 19:58:00,EBON
1.6293,1.63,1.6281,1.63,1200,2021-11-22 19:59:00,EBON
1.63,1.63,1.62,1.63,1369,2021-11-22 20:00:00,EBON
1.6281,1.63,1.625,1.6287,3349,2021-11-22 20:01:00,EBON
1.63,1.63,1.62,1.63,17863,2021-11-22 20:02:00,EBON
1.63,1.63,1.63,1.63,5212,2021-11-22 20:03:00,EBON
1.63,1.63,1.6289,1.63,15918,2021-11-22 20:04:00,EBON
1.63,1.63,1.629,1.63,20809,2021-11-22 20:05:00,EBON
1.63,1.635,1.6287,1.63,24407,2021-11-22 20:06:00,EBON
1.63,1.65,1.63,1.645,21189,2021-11-22 20:07:00,EBON
1.65,1.65,1.6401,1.6484,12476,2021-11-22 20:08:00,EBON
1.644,1.65,1.6417,1.65,10700,2021-11-22 20:09:00,EBON
1.65,1.65,1.645,1.65,4900,2021-11-22 20:10:00,EBON
1.6483,1.65,1.645,1.645,12754,2021-11-22 20:11:00,EBON
1.645,1.645,1.645,1.645,4000,2021-11-22 20:12:00,EBON
1.645,1.65,1.6423,1.6423,8478,2021-11-22 20:13:00,EBON
1.6419,1.6484,1.6401,1.6483,4512,2021-11-22 20:14:00,EBON
1.645,1.65,1.6426,1.65,2014,2021-11-22 20:15:00,EBON
1.6483,1.65,1.64,1.6499,1700,2021-11-22 20:16:00,EBON
1.6485,1.6485,1.645,1.645,1196,2021-11-22 20:17:00,EBON
1.642,1.645,1.642,1.645,6865,2021-11-22 20:18:00,EBON
1.645,1.65,1.645,1.645,800,2021-11-22 20:19:00,EBON
1.645,1.645,1.645,1.645,525,2021-11-22 20:20:00,EBON
1.645,1.645,1.642,1.645,1200,2021-11-22 20:21:00,EBON
1.65,1.65,1.6425,1.645,600,2021-11-22 20:22:00,EBON
1.65,1.65,1.65,1.65,1918,2021-11-22 20:23:00,EBON
1.64,1.65,1.64,1.645,10167,2021-11-22 20:24:00,EBON
1.645,1.65,1.641,1.6486,2339,2021-11-22 20:25:00,EBON
1.645,1.65,1.6425,1.6425,400,2021-11-22 20:26:00,EBON
1.645,1.645,1.645,1.645,500,2021-11-22 20:27:00,EBON
1.645,1.6481,1.645,1.645,1825,2021-11-22 20:28:00,EBON
1.6496,1.65,1.645,1.645,2511,2021-11-22 20:29:00,EBON
1.648,1.648,1.645,1.645,2400,2021-11-22 20:30:00,EBON
1.645,1.65,1.645,1.645,700,2021-11-22 20:31:00,EBON
1.645,1.645,1.63,1.635,69981,2021-11-22 20:32:00,EBON
1.64,1.64,1.63,1.6397,4705,2021-11-22 20:33:00,EBON
1.64,1.64,1.635,1.635,3000,2021-11-22 20:34:00,EBON
1.6399,1.6399,1.6386,1.6386,5361,2021-11-22 20:35:00,EBON
1.64,1.64,1.63,1.6399,15903,2021-11-22 20:36:00,EBON
1.635,1.64,1.635,1.635,7110,2021-11-22 20:37:00,EBON
1.6399,1.64,1.6307,1.635,7450,2021-11-22 20:38:00,EBON
1.63,1.6399,1.63,1.6399,1700,2021-11-22 20:39:00,EBON
1.635,1.6375,1.62,1.6287,54618,2021-11-22 20:40:00,EBON
1.62,1.63,1.62,1.63,10406,2021-11-22 20:41:00,EBON
1.625,1.63,1.622,1.6291,13066,2021-11-22 20:42:00,EBON
1.63,1.63,1.63,1.63,340,2021-11-22 20:43:00,EBON
1.63,1.63,1.63,1.63,150,2021-11-22 20:44:00,EBON
1.625,1.63,1.62,1.63,2098,2021-11-22 20:45:00,EBON
1.625,1.63,1.625,1.625,446,2021-11-22 20:47:00,EBON
1.625,1.63,1.62,1.625,1850,2021-11-22 20:48:00,EBON
1.62,1.63,1.62,1.62,1450,2021-11-22 20:49:00,EBON
1.62,1.625,1.62,1.625,7628,2021-11-22 20:50:00,EBON
1.62,1.625,1.62,1.62,16267,2021-11-22 20:51:00,EBON
1.63,1.63,1.62,1.62,16687,2021-11-22 20:52:00,EBON
1.62,1.63,1.62,1.625,15504,2021-11-22 20:53:00,EBON
1.625,1.63,1.6214,1.63,2631,2021-11-22 20:54:00,EBON
1.625,1.63,1.622,1.63,1042,2021-11-22 20:55:00,EBON
1.625,1.625,1.625,1.625,1199,2021-11-22 20:56:00,EBON
1.625,1.63,1.62,1.62,11517,2021-11-22 20:57:00,EBON
1.6283,1.63,1.62,1.62,34028,2021-11-22 20:58:00,EBON
1.625,1.63,1.62,1.62,41501,2021-11-22 20:59:00,EBON
1.62,1.62,1.62,1.62,25795,2021-11-22 21:00:00,EBON
1.63,1.63,1.63,1.63,200,2021-11-22 21:05:00,EBON
1.63,1.63,1.63,1.63,158,2021-11-22 21:08:00,EBON
1.63,1.63,1.63,1.63,500,2021-11-22 21:16:00,EBON
1.63,1.63,1.63,1.63,300,2021-11-22 21:18:00,EBON
1.62,1.62,1.62,1.62,1397,2021-11-22 21:22:00,EBON
1.62,1.62,1.62,1.62,200,2021-11-22 21:23:00,EBON
1.62,1.62,1.62,1.62,2399,2021-11-22 21:25:00,EBON
1.62,1.62,1.62,1.62,969,2021-11-22 21:40:00,EBON
1.62,1.62,1.62,1.62,102,2021-11-22 21:43:00,EBON
1.62,1.62,1.62,1.62,248,2021-11-22 21:59:00,EBON
1.63,1.63,1.63,1.63,1120,2021-11-22 22:01:00,EBON
1.63,1.63,1.63,1.63,500,2021-11-22 22:03:00,EBON
1.63,1.63,1.63,1.63,100,2021-11-22 22:06:00,EBON
1.63,1.63,1.63,1.63,400,2021-11-22 22:10:00,EBON
1.63,1.63,1.63,1.63,825,2021-11-22 22:11:00,EBON
1.63,1.63,1.6299,1.63,500,2021-11-22 22:18:00,EBON
1.63,1.63,1.63,1.63,100,2021-11-22 22:19:00,EBON
1.63,1.63,1.63,1.63,200,2021-11-22 22:30:00,EBON
1.63,1.63,1.63,1.63,112,2021-11-22 22:32:00,EBON
1.63,1.63,1.63,1.63,100,2021-11-22 22:35:00,EBON
1.63,1.63,1.63,1.63,600,2021-11-22 22:40:00,EBON
1.63,1.63,1.63,1.63,670,2021-11-22 22:44:00,EBON
1.63,1.63,1.63,1.63,100,2021-11-22 22:46:00,EBON
1.63,1.63,1.63,1.63,150,2021-11-22 22:53:00,EBON
1.65,1.65,1.65,1.65,1000,2021-11-22 23:11:00,EBON
1.65,1.65,1.65,1.65,199,2021-11-22 23:28:00,EBON
1.65,1.65,1.65,1.65,1549,2021-11-22 23:52:00,EBON
1.65,1.65,1.65,1.65,451,2021-11-22 23:55:00,EBON
1.65,1.65,1.65,1.65,100,2021-11-23 00:07:00,EBON
1.63,1.63,1.63,1.63,1999,2021-11-23 00:13:00,EBON
1.63,1.63,1.63,1.63,10000,2021-11-23 00:26:00,EBON
1.65,1.65,1.65,1.65,200,2021-11-23 00:32:00,EBON
1.65,1.65,1.65,1.65,2000,2021-11-23 00:40:00,EBON
1.65,1.65,1.65,1.65,1000,2021-11-23 00:42:00,EBON
1.63,1.63,1.63,1.63,4000,2021-11-23 00:46:00,EBON
1.65,1.65,1.65,1.65,200,2021-11-23 00:53:00,EBON
1.65,1.65,1.65,1.65,100,2021-11-23 00:56:00,EBON
1.62,1.62,1.62,1.62,100,2021-11-23 09:25:00,EBON
1.63,1.63,1.62,1.62,723,2021-11-23 10:52:00,EBON
1.62,1.64,1.62,1.64,400,2021-11-23 11:04:00,EBON
1.64,1.64,1.64,1.64,100,2021-11-23 11:08:00,EBON
1.64,1.64,1.64,1.64,549,2021-11-23 11:20:00,EBON
1.64,1.64,1.64,1.64,100,2021-11-23 11:23:00,EBON
1.65,1.66,1.65,1.66,8777,2021-11-23 11:37:00,EBON
1.65,1.65,1.64,1.64,169900,2021-11-23 11:39:00,EBON
1.63,1.63,1.63,1.63,100039,2021-11-23 11:44:00,EBON
1.63,1.63,1.63,1.63,500,2021-11-23 11:53:00,EBON
1.63,1.66,1.63,1.66,100200,2021-11-23 11:54:00,EBON
1.63,1.63,1.63,1.63,200000,2021-11-23 11:55:00,EBON
1.63,1.63,1.63,1.63,200100,2021-11-23 11:56:00,EBON
1.63,1.63,1.62,1.62,202538,2021-11-23 11:57:00,EBON
1.62,1.63,1.62,1.63,201639,2021-11-23 11:58:00,EBON
1.63,1.63,1.63,1.63,240000,2021-11-23 11:59:00,EBON
1.65,1.65,1.63,1.63,434925,2021-11-23 12:00:00,EBON
1.64,1.64,1.64,1.64,1000,2021-11-23 12:02:00,EBON
1.67,1.67,1.63,1.63,401534,2021-11-23 12:04:00,EBON
1.67,1.67,1.67,1.67,100,2021-11-23 12:07:00,EBON
1.65,1.65,1.65,1.65,4000,2021-11-23 12:10:00,EBON
1.65,1.65,1.65,1.65,100,2021-11-23 12:11:00,EBON
1.66,1.66,1.66,1.66,2000,2021-11-23 12:12:00,EBON
1.66,1.67,1.66,1.67,300,2021-11-23 12:13:00,EBON
1.66,1.66,1.66,1.66,100,2021-11-23 12:18:00,EBON
1.66,1.66,1.66,1.66,100,2021-11-23 12:20:00,EBON
1.66,1.66,1.66,1.66,1420,2021-11-23 12:21:00,EBON
1.65,1.65,1.65,1.65,4100,2021-11-23 12:22:00,EBON
1.65,1.65,1.64,1.64,600,2021-11-23 12:23:00,EBON
1.64,1.64,1.64,1.64,600,2021-11-23 12:30:00,EBON
1.64,1.64,1.64,1.64,200,2021-11-23 12:32:00,EBON
1.65,1.65,1.65,1.65,400,2021-11-23 12:42:00,EBON
1.65,1.65,1.65,1.65,100,2021-11-23 12:56:00,EBON
1.65,1.65,1.65,1.65,100,2021-11-23 12:58:00,EBON
1.66,1.66,1.66,1.66,100,2021-11-23 13:00:00,EBON
1.65,1.65,1.65,1.65,1000,2021-11-23 13:01:00,EBON
1.65,1.65,1.65,1.65,100,2021-11-23 13:04:00,EBON
1.6599,1.6599,1.6599,1.6599,100,2021-11-23 13:07:00,EBON
1.66,1.66,1.66,1.66,960,2021-11-23 13:08:00,EBON
1.66,1.66,1.66,1.66,180,2021-11-23 13:11:00,EBON
1.66,1.66,1.66,1.66,100,2021-11-23 13:12:00,EBON
1.65,1.65,1.65,1.65,3002,2021-11-23 13:14:00,EBON
1.6499,1.6499,1.6499,1.6499,100,2021-11-23 13:21:00,EBON
1.65,1.65,1.65,1.65,200,2021-11-23 13:23:00,EBON
1.65,1.65,1.65,1.65,2500,2021-11-23 13:24:00,EBON
1.65,1.65,1.65,1.65,600,2021-11-23 13:26:00,EBON
1.65,1.65,1.65,1.65,800,2021-11-23 13:32:00,EBON
1.65,1.65,1.65,1.65,100,2021-11-23 13:33:00,EBON
1.65,1.65,1.65,1.65,734,2021-11-23 13:34:00,EBON
1.6501,1.6501,1.6501,1.6501,100,2021-11-23 13:37:00,EBON
1.66,1.66,1.66,1.66,124,2021-11-23 13:38:00,EBON
1.66,1.66,1.66,1.66,1883,2021-11-23 13:39:00,EBON
1.66,1.66,1.66,1.66,3200,2021-11-23 13:43:00,EBON
1.6599,1.6599,1.6599,1.6599,180,2021-11-23 13:44:00,EBON
1.66,1.66,1.66,1.66,8429,2021-11-23 13:47:00,EBON
1.66,1.66,1.66,1.66,136,2021-11-23 13:50:00,EBON
1.6699,1.6699,1.6699,1.6699,200,2021-11-23 13:53:00,EBON
1.6601,1.6601,1.66,1.66,2300,2021-11-23 13:55:00,EBON
1.65,1.65,1.65,1.65,6701,2021-11-23 13:57:00,EBON
1.65,1.65,1.64,1.65,5900,2021-11-23 13:58:00,EBON
1.65,1.65,1.65,1.65,2649,2021-11-23 13:59:00,EBON
1.65,1.65,1.65,1.65,500,2021-11-23 14:04:00,EBON
1.65,1.65,1.65,1.65,1600,2021-11-23 14:06:00,EBON
1.64,1.65,1.64,1.65,1299,2021-11-23 14:07:00,EBON
1.65,1.65,1.65,1.65,2000,2021-11-23 14:08:00,EBON
1.65,1.65,1.65,1.65,600,2021-11-23 14:10:00,EBON
1.65,1.65,1.65,1.65,200,2021-11-23 14:11:00,EBON
1.64,1.64,1.64,1.64,400,2021-11-23 14:13:00,EBON
1.64,1.64,1.64,1.64,1011,2021-11-23 14:14:00,EBON
1.65,1.65,1.65,1.65,1000,2021-11-23 14:16:00,EBON
1.6499,1.6499,1.6499,1.6499,100,2021-11-23 14:20:00,EBON
1.65,1.65,1.65,1.65,5200,2021-11-23 14:23:00,EBON
1.64,1.64,1.64,1.64,1371,2021-11-23 14:24:00,EBON
1.64,1.65,1.64,1.65,8328,2021-11-23 14:25:00,EBON
1.65,1.65,1.65,1.65,200,2021-11-23 14:26:00,EBON
1.65,1.65,1.65,1.65,158,2021-11-23 14:29:00,EBON
1.65,1.66,1.65,1.655,35392,2021-11-23 14:30:00,EBON
1.65,1.65,1.63,1.63,33686,2021-11-23 14:31:00,EBON
1.63,1.63,1.615,1.6184,24557,2021-11-23 14:32:00,EBON
1.62,1.6475,1.62,1.64,25169,2021-11-23 14:33:00,EBON
1.64,1.645,1.6382,1.645,9192,2021-11-23 14:34:00,EBON
1.64,1.64,1.63,1.63,6114,2021-11-23 14:35:00,EBON
1.63,1.63,1.6257,1.6257,4597,2021-11-23 14:36:00,EBON
1.63,1.64,1.63,1.64,5284,2021-11-23 14:37:00,EBON
1.64,1.66,1.64,1.65,6642,2021-11-23 14:38:00,EBON
1.655,1.66,1.65,1.655,6359,2021-11-23 14:39:00,EBON
1.655,1.66,1.651,1.66,6119,2021-11-23 14:40:00,EBON
1.6501,1.6577,1.65,1.6512,3099,2021-11-23 14:41:00,EBON
1.65,1.655,1.65,1.65,17001,2021-11-23 14:42:00,EBON
1.65,1.65,1.64,1.6499,1374,2021-11-23 14:43:00,EBON
1.65,1.65,1.65,1.65,100,2021-11-23 14:44:00,EBON
1.65,1.65,1.64,1.64,601,2021-11-23 14:45:00,EBON
1.645,1.6499,1.645,1.645,3531,2021-11-23 14:46:00,EBON
1.645,1.66,1.645,1.66,52919,2021-11-23 14:47:00,EBON
1.65,1.655,1.645,1.6484,14238,2021-11-23 14:48:00,EBON
1.65,1.65,1.645,1.645,545,2021-11-23 14:49:00,EBON
1.6461,1.65,1.6461,1.6482,2350,2021-11-23 14:50:00,EBON
1.65,1.65,1.6415,1.6415,3982,2021-11-23 14:51:00,EBON
1.6499,1.6499,1.645,1.645,3504,2021-11-23 14:52:00,EBON
1.6486,1.6499,1.645,1.645,1504,2021-11-23 14:53:00,EBON
1.645,1.65,1.645,1.645,2100,2021-11-23 14:54:00,EBON
1.64,1.6473,1.64,1.645,1070,2021-11-23 14:55:00,EBON
1.645,1.65,1.642,1.6451,6762,2021-11-23 14:56:00,EBON
1.65,1.6668,1.645,1.6616,25796,2021-11-23 14:57:00,EBON
1.665,1.6717,1.665,1.67,12200,2021-11-23 14:58:00,EBON
1.672,1.6751,1.6717,1.6751,5700,2021-11-23 14:59:00,EBON
1.6794,1.6794,1.6646,1.6646,27091,2021-11-23 15:00:00,EBON
1.66,1.6669,1.66,1.6665,1830,2021-11-23 15:01:00,EBON
1.6675,1.6684,1.6675,1.6684,995,2021-11-23 15:02:00,EBON
1.67,1.67,1.665,1.6682,14159,2021-11-23 15:03:00,EBON
1.66,1.67,1.66,1.6699,37215,2021-11-23 15:04:00,EBON
1.67,1.69,1.67,1.69,22276,2021-11-23 15:05:00,EBON
1.6918,1.695,1.67,1.67,34581,2021-11-23 15:06:00,EBON
1.6786,1.6786,1.6779,1.6779,1620,2021-11-23 15:07:00,EBON
1.675,1.675,1.65,1.65,35023,2021-11-23 15:08:00,EBON
1.6519,1.66,1.65,1.6512,2392,2021-11-23 15:09:00,EBON
1.65,1.66,1.65,1.65,11258,2021-11-23 15:10:00,EBON
1.6599,1.6599,1.655,1.655,4600,2021-11-23 15:11:00,EBON
1.6506,1.66,1.6506,1.6578,10500,2021-11-23 15:12:00,EBON
1.6594,1.6594,1.65,1.65,21262,2021-11-23 15:13:00,EBON
1.64,1.65,1.64,1.645,2025,2021-11-23 15:14:00,EBON
1.65,1.66,1.65,1.65,22785,2021-11-23 15:15:00,EBON
1.6586,1.6586,1.65,1.65,3000,2021-11-23 15:16:00,EBON
1.6499,1.65,1.6486,1.65,6823,2021-11-23 15:17:00,EBON
1.6426,1.6519,1.6426,1.6519,4367,2021-11-23 15:18:00,EBON
1.66,1.66,1.6517,1.6578,754,2021-11-23 15:19:00,EBON
1.65,1.65,1.65,1.65,1400,2021-11-23 15:20:00,EBON
1.64,1.6415,1.64,1.6415,402,2021-11-23 15:21:00,EBON
1.65,1.65,1.635,1.6399,21303,2021-11-23 15:22:00,EBON
1.64,1.64,1.64,1.64,2978,2021-11-23 15:23:00,EBON
1.6443,1.6443,1.635,1.6399,10376,2021-11-23 15:24:00,EBON
1.6352,1.6399,1.6352,1.6399,1350,2021-11-23 15:25:00,EBON
1.64,1.64,1.6315,1.6315,742,2021-11-23 15:26:00,EBON
1.6306,1.6361,1.63,1.635,16138,2021-11-23 15:27:00,EBON
1.6376,1.6376,1.63,1.63,1901,2021-11-23 15:28:00,EBON
1.64,1.64,1.615,1.6177,24039,2021-11-23 15:29:00,EBON
1.615,1.62,1.61,1.62,3990,2021-11-23 15:30:00,EBON
1.615,1.62,1.615,1.62,17073,2021-11-23 15:31:00,EBON
1.62,1.63,1.62,1.63,18507,2021-11-23 15:32:00,EBON
1.63,1.63,1.6244,1.6244,3989,2021-11-23 15:33:00,EBON
1.62,1.6299,1.62,1.62,3966,2021-11-23 15:34:00,EBON
1.6279,1.6283,1.6209,1.6283,2588,2021-11-23 15:35:00,EBON
1.62,1.62,1.61,1.61,12689,2021-11-23 15:36:00,EBON
1.615,1.618,1.6105,1.615,4112,2021-11-23 15:37:00,EBON
1.6174,1.62,1.615,1.6176,4050,2021-11-23 15:38:00,EBON
1.6174,1.62,1.6116,1.6116,3700,2021-11-23 15:39:00,EBON
1.6174,1.6174,1.615,1.615,527,2021-11-23 15:40:00,EBON
1.62,1.62,1.61,1.62,8482,2021-11-23 15:41:00,EBON
1.6173,1.62,1.615,1.62,1245,2021-11-23 15:42:00,EBON
1.615,1.615,1.615,1.615,300,2021-11-23 15:43:00,EBON
1.61,1.6199,1.61,1.6121,2200,2021-11-23 15:44:00,EBON
1.615,1.615,1.61,1.61,669,2021-11-23 15:45:00,EBON
1.62,1.62,1.6111,1.6111,11372,2021-11-23 15:46:00,EBON
1.615,1.6182,1.6101,1.6101,5810,2021-11-23 15:47:00,EBON
1.62,1.62,1.61,1.6121,546,2021-11-23 15:48:00,EBON
1.6107,1.6179,1.6107,1.615,8954,2021-11-23 15:49:00,EBON
1.6105,1.6105,1.6,1.6,22453,2021-11-23 15:50:00,EBON
1.6024,1.6076,1.6,1.6,2812,2021-11-23 15:51:00,EBON
1.6,1.6,1.58,1.5878,37602,2021-11-23 15:52:00,EBON
1.5884,1.5899,1.58,1.585,7425,2021-11-23 15:53:00,EBON
1.5849,1.5849,1.5824,1.5824,1471,2021-11-23 15:54:00,EBON
1.5879,1.5879,1.5801,1.5801,3568,2021-11-23 15:55:00,EBON
1.585,1.5882,1.58,1.58,1931,2021-11-23 15:56:00,EBON
1.58,1.5881,1.57,1.58,23999,2021-11-23 15:57:00,EBON
1.575,1.5783,1.56,1.56,10822,2021-11-23 15:58:00,EBON
1.56,1.5681,1.56,1.5681,10198,2021-11-23 15:59:00,EBON
1.56,1.57,1.56,1.5681,8722,2021-11-23 16:00:00,EBON
1.565,1.57,1.56,1.56,3285,2021-11-23 16:01:00,EBON
1.56,1.5682,1.555,1.56,16634,2021-11-23 16:02:00,EBON
1.56,1.57,1.5599,1.562,36653,2021-11-23 16:03:00,EBON
1.57,1.58,1.5695,1.57,5552,2021-11-23 16:04:00,EBON
1.58,1.58,1.57,1.5773,3700,2021-11-23 16:05:00,EBON
1.5778,1.5778,1.57,1.57,821,2021-11-23 16:06:00,EBON
1.5774,1.58,1.57,1.5701,4753,2021-11-23 16:07:00,EBON
1.58,1.58,1.575,1.58,20525,2021-11-23 16:08:00,EBON
1.589,1.589,1.5883,1.5883,2592,2021-11-23 16:09:00,EBON
1.5879,1.59,1.5878,1.5878,2201,2021-11-23 16:10:00,EBON
1.5816,1.59,1.5816,1.59,7043,2021-11-23 16:11:00,EBON
1.5989,1.6,1.5927,1.5927,575,2021-11-23 16:12:00,EBON
1.59,1.6,1.59,1.592,3244,2021-11-23 16:13:00,EBON
1.6,1.6,1.5878,1.5878,15426,2021-11-23 16:14:00,EBON
1.59,1.6074,1.5889,1.6074,12914,2021-11-23 16:15:00,EBON
1.6007,1.61,1.6,1.61,11794,2021-11-23 16:16:00,EBON
1.605,1.6181,1.6,1.615,7681,2021-11-23 16:17:00,EBON
1.61,1.6165,1.61,1.6165,1100,2021-11-23 16:18:00,EBON
1.615,1.615,1.61,1.615,12900,2021-11-23 16:19:00,EBON
1.6101,1.6101,1.6,1.6,30943,2021-11-23 16:20:00,EBON
1.605,1.605,1.605,1.605,300,2021-11-23 16:21:00,EBON
1.608,1.608,1.605,1.605,511,2021-11-23 16:22:00,EBON
1.61,1.61,1.6078,1.6078,500,2021-11-23 16:23:00,EBON
1.6084,1.61,1.605,1.61,803,2021-11-23 16:24:00,EBON
1.6017,1.61,1.6017,1.61,7879,2021-11-23 16:25:00,EBON
1.615,1.6176,1.61,1.615,21200,2021-11-23 16:26:00,EBON
1.61,1.62,1.61,1.6175,42520,2021-11-23 16:27:00,EBON
1.615,1.6174,1.615,1.615,1082,2021-11-23 16:28:00,EBON
1.62,1.62,1.61,1.615,1800,2021-11-23 16:29:00,EBON
1.615,1.62,1.61,1.62,17386,2021-11-23 16:30:00,EBON
1.62,1.62,1.61,1.61,77278,2021-11-23 16:31:00,EBON
1.6109,1.62,1.6,1.6099,26433,2021-11-23 16:32:00,EBON
1.6081,1.6081,1.6,1.605,11633,2021-11-23 16:33:00,EBON
1.6,1.6,1.6,1.6,5225,2021-11-23 16:34:00,EBON
1.595,1.6,1.595,1.595,8650,2021-11-23 16:35:00,EBON
1.5953,1.5999,1.5921,1.5999,3400,2021-11-23 16:36:00,EBON
1.6,1.6024,1.6,1.6024,22236,2021-11-23 16:37:00,EBON
1.61,1.61,1.61,1.61,100,2021-11-23 16:38:00,EBON
1.61,1.61,1.6,1.6099,9120,2021-11-23 16:39:00,EBON
1.6084,1.61,1.605,1.61,4100,2021-11-23 16:40:00,EBON
1.6077,1.6078,1.6001,1.6078,950,2021-11-23 16:41:00,EBON
1.6099,1.6099,1.6099,1.6099,2100,2021-11-23 16:42:00,EBON
1.6006,1.6006,1.6006,1.6006,10000,2021-11-23 16:43:00,EBON
1.6,1.605,1.5999,1.5999,8664,2021-11-23 16:44:00,EBON
1.599,1.6,1.599,1.6,8108,2021-11-23 16:45:00,EBON
1.6,1.6,1.6,1.6,1895,2021-11-23 16:46:00,EBON
1.595,1.595,1.595,1.595,837,2021-11-23 16:47:00,EBON
1.6,1.6,1.595,1.5979,750,2021-11-23 16:48:00,EBON
1.5979,1.5979,1.592,1.595,6340,2021-11-23 16:49:00,EBON
1.5983,1.5988,1.5907,1.5981,8952,2021-11-23 16:50:00,EBON
1.5915,1.5915,1.5913,1.5913,906,2021-11-23 16:51:00,EBON
1.5914,1.595,1.59,1.59,15052,2021-11-23 16:52:00,EBON
1.5806,1.59,1.58,1.58,27955,2021-11-23 16:53:00,EBON
1.5884,1.5884,1.582,1.582,1582,2021-11-23 16:54:00,EBON
1.59,1.59,1.58,1.58,951,2021-11-23 16:55:00,EBON
1.585,1.59,1.5819,1.5822,1750,2021-11-23 16:56:00,EBON
1.585,1.585,1.585,1.585,500,2021-11-23 16:57:00,EBON
1.59,1.59,1.5824,1.59,6360,2021-11-23 16:58:00,EBON
1.5918,1.5918,1.5918,1.5918,1000,2021-11-23 16:59:00,EBON
1.5986,1.5986,1.595,1.595,1200,2021-11-23 17:00:00,EBON
1.595,1.5986,1.595,1.5986,1600,2021-11-23 17:01:00,EBON
1.59,1.5955,1.59,1.5955,824,2021-11-23 17:02:00,EBON
1.59,1.5901,1.585,1.5899,18344,2021-11-23 17:03:00,EBON
1.59,1.59,1.59,1.59,2000,2021-11-23 17:04:00,EBON
1.5808,1.5808,1.5808,1.5808,6000,2021-11-23 17:05:00,EBON
1.5874,1.59,1.5874,1.59,212,2021-11-23 17:06:00,EBON
1.585,1.5882,1.585,1.5882,600,2021-11-23 17:08:00,EBON
1.585,1.585,1.585,1.585,100,2021-11-23 17:09:00,EBON
1.585,1.5887,1.585,1.5887,730,2021-11-23 17:10:00,EBON
1.5885,1.5885,1.5885,1.5885,400,2021-11-23 17:11:00,EBON
1.5819,1.5895,1.5801,1.5801,4025,2021-11-23 17:12:00,EBON
1.58,1.585,1.58,1.5827,632,2021-11-23 17:13:00,EBON
1.585,1.585,1.585,1.585,127,2021-11-23 17:17:00,EBON
1.58,1.5978,1.58,1.5978,7755,2021-11-23 17:18:00,EBON
1.59,1.595,1.59,1.595,2028,2021-11-23 17:19:00,EBON
1.6,1.6,1.599,1.6,1500,2021-11-23 17:20:00,EBON
1.59,1.598,1.59,1.598,1005,2021-11-23 17:21:00,EBON
1.595,1.5991,1.595,1.5991,3384,2021-11-23 17:24:00,EBON
1.6,1.6,1.6,1.6,2175,2021-11-23 17:25:00,EBON
1.5925,1.5925,1.5925,1.5925,100,2021-11-23 17:26:00,EBON
1.5901,1.5901,1.5901,1.5901,6773,2021-11-23 17:27:00,EBON
1.595,1.6,1.595,1.6,1075,2021-11-23 17:30:00,EBON
1.595,1.595,1.595,1.595,600,2021-11-23 17:31:00,EBON
1.5978,1.6,1.5978,1.6,10200,2021-11-23 17:32:00,EBON
1.595,1.595,1.595,1.595,400,2021-11-23 17:33:00,EBON
1.5923,1.5986,1.5923,1.595,1595,2021-11-23 17:34:00,EBON
1.595,1.595,1.5918,1.5918,800,2021-11-23 17:35:00,EBON
1.595,1.5999,1.595,1.5999,200,2021-11-23 17:36:00,EBON
1.592,1.595,1.59,1.59,2270,2021-11-23 17:37:00,EBON
1.59,1.59,1.59,1.59,100,2021-11-23 17:39:00,EBON
1.5924,1.5924,1.5924,1.5924,125,2021-11-23 17:40:00,EBON
1.595,1.595,1.5912,1.5912,1830,2021-11-23 17:41:00,EBON
1.595,1.595,1.589,1.59,34015,2021-11-23 17:43:00,EBON
1.585,1.59,1.585,1.585,5133,2021-11-23 17:45:00,EBON
1.5841,1.5841,1.5841,1.5841,200,2021-11-23 17:47:00,EBON
1.5877,1.5877,1.585,1.585,358,2021-11-23 17:48:00,EBON
1.585,1.59,1.58,1.585,6131,2021-11-23 17:49:00,EBON
1.583,1.5836,1.583,1.5836,650,2021-11-23 17:50:00,EBON
1.5879,1.5879,1.585,1.585,1803,2021-11-23 17:51:00,EBON
1.59,1.59,1.585,1.585,600,2021-11-23 17:52:00,EBON
1.5876,1.5876,1.5876,1.5876,100,2021-11-23 17:53:00,EBON
1.585,1.585,1.585,1.585,200,2021-11-23 17:54:00,EBON
1.5874,1.5874,1.5874,1.5874,200,2021-11-23 17:55:00,EBON
1.5881,1.5881,1.57,1.572,15420,2021-11-23 17:56:00,EBON
1.5789,1.5789,1.5789,1.5789,1000,2021-11-23 17:57:00,EBON
1.57,1.57,1.57,1.57,100,2021-11-23 17:58:00,EBON
1.57,1.57,1.57,1.57,200,2021-11-23 17:59:00,EBON
1.5723,1.5723,1.5723,1.5723,100,2021-11-23 18:00:00,EBON
1.5713,1.575,1.5713,1.575,1200,2021-11-23 18:01:00,EBON
1.58,1.58,1.575,1.58,1400,2021-11-23 18:02:00,EBON
1.575,1.575,1.575,1.575,100,2021-11-23 18:03:00,EBON
1.5756,1.5756,1.57,1.57,900,2021-11-23 18:04:00,EBON
1.5775,1.5775,1.57,1.575,1659,2021-11-23 18:05:00,EBON
1.5774,1.5774,1.5774,1.5774,127,2021-11-23 18:06:00,EBON
1.5799,1.58,1.57,1.58,8230,2021-11-23 18:08:00,EBON
1.5724,1.58,1.5724,1.575,7684,2021-11-23 18:09:00,EBON
1.5714,1.5714,1.5714,1.5714,442,2021-11-23 18:12:00,EBON
1.5774,1.5774,1.57,1.57,500,2021-11-23 18:14:00,EBON
1.575,1.5775,1.57,1.5775,1330,2021-11-23 18:15:00,EBON
1.5774,1.5774,1.5774,1.5774,190,2021-11-23 18:16:00,EBON
1.575,1.5792,1.57,1.57,7430,2021-11-23 18:17:00,EBON
1.57,1.572,1.56,1.565,17263,2021-11-23 18:18:00,EBON
1.56,1.5604,1.55,1.56,30326,2021-11-23 18:19:00,EBON
1.56,1.56,1.555,1.5577,20064,2021-11-23 18:20:00,EBON
1.56,1.57,1.56,1.569,5121,2021-11-23 18:21:00,EBON
1.565,1.565,1.565,1.565,500,2021-11-23 18:22:00,EBON
1.5682,1.5682,1.5682,1.5682,400,2021-11-23 18:23:00,EBON
1.567,1.567,1.567,1.567,1900,2021-11-23 18:24:00,EBON
1.5601,1.5638,1.5601,1.5638,600,2021-11-23 18:25:00,EBON
1.5699,1.5699,1.5699,1.5699,200,2021-11-23 18:26:00,EBON
1.5675,1.5675,1.5675,1.5675,200,2021-11-23 18:27:00,EBON
1.57,1.57,1.56,1.569,6300,2021-11-23 18:28:00,EBON
1.565,1.565,1.565,1.565,5000,2021-11-23 18:29:00,EBON
1.5641,1.5641,1.5641,1.5641,100,2021-11-23 18:30:00,EBON
1.565,1.5682,1.565,1.5682,1168,2021-11-23 18:31:00,EBON
1.5651,1.57,1.562,1.569,10389,2021-11-23 18:32:00,EBON
1.5623,1.565,1.5623,1.565,951,2021-11-23 18:33:00,EBON
1.5684,1.5684,1.5684,1.5684,319,2021-11-23 18:34:00,EBON
1.5638,1.5681,1.5628,1.565,1400,2021-11-23 18:35:00,EBON
1.565,1.57,1.565,1.565,3200,2021-11-23 18:36:00,EBON
1.5664,1.5664,1.5638,1.5638,500,2021-11-23 18:37:00,EBON
1.5601,1.57,1.5601,1.57,1000,2021-11-23 18:38:00,EBON
1.57,1.57,1.565,1.565,2155,2021-11-23 18:39:00,EBON
1.56,1.5681,1.56,1.565,1035,2021-11-23 18:40:00,EBON
1.57,1.57,1.57,1.57,1550,2021-11-23 18:41:00,EBON
1.565,1.565,1.565,1.565,900,2021-11-23 18:42:00,EBON
1.57,1.57,1.5676,1.5676,2900,2021-11-23 18:43:00,EBON
1.5601,1.57,1.5601,1.5661,1022,2021-11-23 18:44:00,EBON
1.565,1.57,1.5609,1.5623,6270,2021-11-23 18:45:00,EBON
1.5684,1.5684,1.56,1.5609,2156,2021-11-23 18:46:00,EBON
1.57,1.57,1.568,1.57,11550,2021-11-23 18:47:00,EBON
1.575,1.58,1.575,1.5799,3104,2021-11-23 18:48:00,EBON
1.585,1.585,1.58,1.5801,9364,2021-11-23 18:49:00,EBON
1.5781,1.58,1.5781,1.58,1800,2021-11-23 18:50:00,EBON
1.58,1.588,1.58,1.5844,35025,2021-11-23 18:51:00,EBON
1.5808,1.585,1.5808,1.585,4682,2021-11-23 18:52:00,EBON
1.5876,1.5876,1.585,1.585,250,2021-11-23 18:53:00,EBON
1.588,1.588,1.585,1.585,1170,2021-11-23 18:54:00,EBON
1.5878,1.5878,1.5878,1.5878,200,2021-11-23 18:55:00,EBON
1.5879,1.5879,1.5879,1.5879,100,2021-11-23 18:56:00,EBON
1.5882,1.5882,1.5881,1.5881,1000,2021-11-23 18:57:00,EBON
1.58,1.5883,1.58,1.585,2600,2021-11-23 18:59:00,EBON
1.5879,1.5881,1.582,1.5881,1416,2021-11-23 19:00:00,EBON
1.585,1.59,1.585,1.59,1030,2021-11-23 19:01:00,EBON
1.58,1.58,1.58,1.58,125,2021-11-23 19:02:00,EBON
1.58,1.58,1.58,1.58,300,2021-11-23 19:05:00,EBON
1.58,1.5881,1.58,1.5881,390,2021-11-23 19:06:00,EBON
1.585,1.585,1.58,1.58,2098,2021-11-23 19:08:00,EBON
1.58,1.58,1.58,1.58,5921,2021-11-23 19:09:00,EBON
1.585,1.585,1.585,1.585,100,2021-11-23 19:10:00,EBON
1.5875,1.5877,1.58,1.58,845,2021-11-23 19:11:00,EBON
1.58,1.58,1.58,1.58,295,2021-11-23 19:12:00,EBON
1.58,1.585,1.58,1.585,2377,2021-11-23 19:13:00,EBON
1.585,1.585,1.585,1.585,1478,2021-11-23 19:14:00,EBON
1.5874,1.5874,1.5874,1.5874,194,2021-11-23 19:15:00,EBON
1.58,1.58,1.5712,1.575,3351,2021-11-23 19:16:00,EBON
1.5777,1.5777,1.5777,1.5777,300,2021-11-23 19:17:00,EBON
1.57,1.575,1.57,1.575,2395,2021-11-23 19:18:00,EBON
1.575,1.575,1.575,1.575,200,2021-11-23 19:19:00,EBON
1.575,1.575,1.575,1.575,200,2021-11-23 19:20:00,EBON
1.57,1.575,1.57,1.575,494,2021-11-23 19:21:00,EBON
1.575,1.58,1.575,1.5782,3193,2021-11-23 19:23:00,EBON
1.57,1.5773,1.57,1.575,337,2021-11-23 19:24:00,EBON
1.5799,1.5799,1.575,1.575,700,2021-11-23 19:25:00,EBON
1.575,1.575,1.575,1.575,500,2021-11-23 19:27:00,EBON
1.5722,1.575,1.5722,1.575,1500,2021-11-23 19:28:00,EBON
1.575,1.575,1.575,1.575,1200,2021-11-23 19:30:00,EBON
1.575,1.58,1.57,1.575,1800,2021-11-23 19:31:00,EBON
1.5701,1.5701,1.5701,1.5701,100,2021-11-23 19:32:00,EBON
1.575,1.575,1.575,1.575,500,2021-11-23 19:34:00,EBON
1.575,1.575,1.575,1.575,200,2021-11-23 19:35:00,EBON
1.5791,1.5791,1.5791,1.5791,1235,2021-11-23 19:36:00,EBON
1.575,1.575,1.575,1.575,769,2021-11-23 19:37:00,EBON
1.575,1.575,1.57,1.57,1100,2021-11-23 19:40:00,EBON
1.57,1.578,1.57,1.57,1440,2021-11-23 19:41:00,EBON
1.5789,1.5789,1.5784,1.5784,3762,2021-11-23 19:42:00,EBON
1.57,1.5782,1.57,1.575,3152,2021-11-23 19:43:00,EBON
1.5784,1.5784,1.575,1.575,2000,2021-11-23 19:44:00,EBON
1.575,1.5799,1.575,1.575,1222,2021-11-23 19:45:00,EBON
1.575,1.58,1.575,1.575,1132,2021-11-23 19:46:00,EBON
1.575,1.5794,1.575,1.5794,4395,2021-11-23 19:47:00,EBON
1.58,1.6,1.5799,1.6,52165,2021-11-23 19:48:00,EBON
1.595,1.595,1.595,1.595,400,2021-11-23 19:49:00,EBON
1.5926,1.6,1.59,1.6,300,2021-11-23 19:50:00,EBON
1.5975,1.6,1.595,1.6,1759,2021-11-23 19:51:00,EBON
1.5985,1.6,1.5923,1.6,3257,2021-11-23 19:52:00,EBON
1.6,1.6,1.6,1.6,5890,2021-11-23 19:53:00,EBON
1.6,1.6,1.6,1.6,1400,2021-11-23 19:54:00,EBON
1.59,1.59,1.59,1.59,441,2021-11-23 19:55:00,EBON
1.595,1.596,1.595,1.595,5550,2021-11-23 19:56:00,EBON
1.595,1.595,1.595,1.595,2438,2021-11-23 19:57:00,EBON
1.6,1.6,1.59,1.6,3000,2021-11-23 19:58:00,EBON
1.6,1.605,1.5983,1.605,27208,2021-11-23 19:59:00,EBON
1.6018,1.605,1.6018,1.605,447,2021-11-23 20:00:00,EBON
1.6,1.605,1.6,1.605,377,2021-11-23 20:01:00,EBON
1.6001,1.6085,1.6001,1.6085,6600,2021-11-23 20:02:00,EBON
1.6099,1.6099,1.605,1.605,700,2021-11-23 20:03:00,EBON
1.605,1.61,1.605,1.61,777,2021-11-23 20:04:00,EBON
1.605,1.605,1.6007,1.605,6800,2021-11-23 20:05:00,EBON
1.605,1.61,1.6,1.6023,16500,2021-11-23 20:06:00,EBON
1.6026,1.61,1.6026,1.605,707,2021-11-23 20:07:00,EBON
1.605,1.605,1.605,1.605,100,2021-11-23 20:10:00,EBON
1.605,1.605,1.605,1.605,100,2021-11-23 20:11:00,EBON
1.6058,1.6058,1.6,1.6,1300,2021-11-23 20:12:00,EBON
1.6088,1.6088,1.6088,1.6088,1000,2021-11-23 20:13:00,EBON
1.6,1.6,1.6,1.6,4000,2021-11-23 20:14:00,EBON
1.605,1.61,1.6,1.605,18280,2021-11-23 20:15:00,EBON
1.6,1.6,1.6,1.6,1508,2021-11-23 20:16:00,EBON
1.605,1.605,1.605,1.605,275,2021-11-23 20:17:00,EBON
1.6,1.6,1.6,1.6,300,2021-11-23 20:18:00,EBON
1.6081,1.6081,1.6018,1.6056,939,2021-11-23 20:19:00,EBON
1.6077,1.6077,1.6077,1.6077,250,2021-11-23 20:20:00,EBON
1.6001,1.6075,1.6,1.6075,500,2021-11-23 20:21:00,EBON
1.605,1.605,1.605,1.605,100,2021-11-23 20:22:00,EBON
1.6058,1.6058,1.6058,1.6058,400,2021-11-23 20:23:00,EBON
1.605,1.605,1.605,1.605,1116,2021-11-23 20:24:00,EBON
1.605,1.605,1.605,1.605,100,2021-11-23 20:25:00,EBON
1.6019,1.6019,1.6019,1.6019,600,2021-11-23 20:26:00,EBON
1.605,1.6083,1.605,1.6083,1346,2021-11-23 20:27:00,EBON
1.6001,1.602,1.6001,1.602,5100,2021-11-23 20:28:00,EBON
1.6081,1.61,1.6016,1.605,2208,2021-11-23 20:30:00,EBON
1.6,1.605,1.6,1.6026,972,2021-11-23 20:31:00,EBON
1.61,1.61,1.6,1.605,3509,2021-11-23 20:32:00,EBON
1.6082,1.6082,1.6082,1.6082,1200,2021-11-23 20:34:00,EBON
1.6085,1.61,1.6085,1.61,1800,2021-11-23 20:35:00,EBON
1.6001,1.6001,1.6001,1.6001,100,2021-11-23 20:36:00,EBON
1.605,1.61,1.6,1.605,9400,2021-11-23 20:37:00,EBON
1.6,1.605,1.6,1.6,16100,2021-11-23 20:38:00,EBON
1.605,1.605,1.605,1.605,100,2021-11-23 20:39:00,EBON
1.605,1.605,1.605,1.605,100,2021-11-23 20:40:00,EBON
1.605,1.605,1.605,1.605,100,2021-11-23 20:42:00,EBON
1.6,1.6,1.6,1.6,301,2021-11-23 20:43:00,EBON
1.6081,1.6081,1.6081,1.6081,495,2021-11-23 20:44:00,EBON
1.6,1.605,1.6,1.605,2300,2021-11-23 20:45:00,EBON
1.605,1.605,1.6,1.602,2319,2021-11-23 20:46:00,EBON
1.61,1.61,1.6,1.6067,16876,2021-11-23 20:47:00,EBON
1.6,1.605,1.6,1.6004,500,2021-11-23 20:48:00,EBON
1.61,1.61,1.6,1.61,12627,2021-11-23 20:50:00,EBON
1.6025,1.61,1.6,1.61,8591,2021-11-23 20:51:00,EBON
1.605,1.61,1.6025,1.61,6413,2021-11-23 20:52:00,EBON
1.605,1.61,1.6,1.61,13846,2021-11-23 20:53:00,EBON
1.61,1.62,1.61,1.62,36539,2021-11-23 20:54:00,EBON
1.61,1.62,1.61,1.62,14824,2021-11-23 20:55:00,EBON
1.62,1.62,1.61,1.62,10299,2021-11-23 20:56:00,EBON
1.62,1.62,1.61,1.6179,14131,2021-11-23 20:57:00,EBON
1.615,1.62,1.61,1.615,18528,2021-11-23 20:58:00,EBON
1.61,1.62,1.61,1.615,16044,2021-11-23 20:59:00,EBON
1.61,1.61,1.61,1.61,40237,2021-11-23 21:00:00,EBON
1.61,1.61,1.61,1.61,163,2021-11-23 21:01:00,EBON
1.62,1.62,1.62,1.62,397,2021-11-23 21:02:00,EBON
1.62,1.62,1.62,1.62,795,2021-11-23 21:04:00,EBON
1.62,1.62,1.62,1.62,584,2021-11-23 21:05:00,EBON
1.62,1.62,1.62,1.62,1200,2021-11-23 21:12:00,EBON
1.61,1.61,1.61,1.61,1200,2021-11-23 21:37:00,EBON
1.63,1.63,1.63,1.63,617,2021-11-23 21:39:00,EBON
1.61,1.61,1.61,1.61,500,2021-11-23 22:04:00,EBON
1.61,1.61,1.61,1.61,147,2021-11-23 22:07:00,EBON
1.61,1.61,1.61,1.61,147,2021-11-23 22:08:00,EBON
1.62,1.62,1.62,1.62,100,2021-11-23 22:34:00,EBON
1.62,1.62,1.62,1.62,300,2021-11-23 22:57:00,EBON
1.61,1.61,1.61,1.61,100,2021-11-23 23:09:00,EBON
1.61,1.61,1.61,1.61,134,2021-11-23 23:11:00,EBON
1.61,1.61,1.61,1.61,700,2021-11-23 23:40:00,EBON
1.6099,1.6099,1.6099,1.6099,1878,2021-11-23 23:51:00,EBON
1.6,1.6,1.6,1.6,2250,2021-11-24 00:21:00,EBON
1.61,1.61,1.61,1.61,500,2021-11-24 00:59:00,EBON
1.58,1.58,1.57,1.57,350,2021-11-24 09:30:00,EBON
1.57,1.57,1.57,1.57,100,2021-11-24 09:31:00,EBON
1.59,1.6,1.59,1.6,565,2021-11-24 12:01:00,EBON
1.58,1.58,1.58,1.58,100,2021-11-24 12:02:00,EBON
1.58,1.58,1.58,1.58,500,2021-11-24 12:13:00,EBON
1.58,1.59,1.58,1.59,1000,2021-11-24 12:16:00,EBON
1.59,1.59,1.59,1.59,440,2021-11-24 12:25:00,EBON
1.59,1.59,1.59,1.59,2300,2021-11-24 12:30:00,EBON
1.59,1.59,1.58,1.58,200,2021-11-24 12:32:00,EBON
1.58,1.58,1.58,1.58,110,2021-11-24 12:39:00,EBON
1.59,1.59,1.59,1.59,200,2021-11-24 12:56:00,EBON
1.58,1.58,1.57,1.57,1998,2021-11-24 12:59:00,EBON
1.58,1.58,1.58,1.58,100,2021-11-24 13:03:00,EBON
1.58,1.58,1.58,1.58,100,2021-11-24 13:04:00,EBON
1.57,1.57,1.56,1.56,3316,2021-11-24 13:14:00,EBON
1.55,1.55,1.55,1.55,750,2021-11-24 13:15:00,EBON
1.57,1.57,1.57,1.57,200,2021-11-24 13:18:00,EBON
1.57,1.57,1.57,1.57,400,2021-11-24 13:20:00,EBON
1.57,1.57,1.57,1.57,600,2021-11-24 13:21:00,EBON
1.57,1.57,1.57,1.57,200,2021-11-24 13:26:00,EBON
1.57,1.57,1.57,1.57,300,2021-11-24 13:27:00,EBON
1.56,1.56,1.56,1.56,500,2021-11-24 13:35:00,EBON
1.55,1.55,1.55,1.55,2000,2021-11-24 13:36:00,EBON
1.54,1.54,1.54,1.54,700,2021-11-24 13:37:00,EBON
1.54,1.55,1.54,1.55,1000,2021-11-24 13:39:00,EBON
1.55,1.55,1.55,1.55,100,2021-11-24 13:40:00,EBON
1.55,1.55,1.55,1.55,100,2021-11-24 13:42:00,EBON
1.55,1.55,1.55,1.55,500,2021-11-24 13:46:00,EBON
1.5401,1.5401,1.54,1.54,1000,2021-11-24 13:48:00,EBON
1.56,1.56,1.56,1.56,1923,2021-11-24 13:53:00,EBON
1.55,1.55,1.55,1.55,900,2021-11-24 13:55:00,EBON
1.55,1.55,1.55,1.55,200,2021-11-24 13:57:00,EBON
1.55,1.55,1.55,1.55,1075,2021-11-24 13:58:00,EBON
1.54,1.54,1.54,1.54,150,2021-11-24 14:00:00,EBON
1.54,1.54,1.54,1.54,300,2021-11-24 14:03:00,EBON
1.55,1.55,1.55,1.55,620,2021-11-24 14:04:00,EBON
1.55,1.55,1.55,1.55,2000,2021-11-24 14:05:00,EBON
1.55,1.55,1.55,1.55,100,2021-11-24 14:06:00,EBON
1.55,1.55,1.55,1.55,160,2021-11-24 14:08:00,EBON
1.55,1.55,1.55,1.55,263,2021-11-24 14:09:00,EBON
1.55,1.55,1.55,1.55,200,2021-11-24 14:10:00,EBON
1.55,1.55,1.55,1.55,200,2021-11-24 14:11:00,EBON
1.54,1.54,1.54,1.54,285,2021-11-24 14:13:00,EBON
1.55,1.55,1.55,1.55,186,2021-11-24 14:14:00,EBON
1.54,1.54,1.54,1.54,281,2021-11-24 14:16:00,EBON
1.55,1.55,1.54,1.54,662,2021-11-24 14:17:00,EBON
1.55,1.55,1.54,1.54,757,2021-11-24 14:18:00,EBON
1.55,1.55,1.54,1.55,1128,2021-11-24 14:19:00,EBON
1.55,1.55,1.55,1.55,500,2021-11-24 14:20:00,EBON
1.54,1.54,1.54,1.54,372,2021-11-24 14:21:00,EBON
1.55,1.55,1.55,1.55,200,2021-11-24 14:24:00,EBON
1.58,1.6,1.56,1.562,33059,2021-11-24 14:30:00,EBON
1.5616,1.57,1.555,1.5678,33444,2021-11-24 14:31:00,EBON
1.56,1.57,1.56,1.56,2351,2021-11-24 14:32:00,EBON
1.56,1.57,1.56,1.56,3401,2021-11-24 14:33:00,EBON
1.56,1.56,1.545,1.5488,25313,2021-11-24 14:34:00,EBON
1.55,1.56,1.545,1.56,8171,2021-11-24 14:35:00,EBON
1.56,1.56,1.5511,1.5511,1551,2021-11-24 14:36:00,EBON
1.5589,1.5589,1.55,1.5568,1751,2021-11-24 14:37:00,EBON
1.56,1.57,1.551,1.57,13699,2021-11-24 14:38:00,EBON
1.58,1.58,1.58,1.58,477,2021-11-24 14:39:00,EBON
1.57,1.57,1.56,1.57,20992,2021-11-24 14:40:00,EBON
1.57,1.5706,1.565,1.57,26782,2021-11-24 14:41:00,EBON
1.57,1.57,1.55,1.55,2900,2021-11-24 14:42:00,EBON
1.5568,1.5568,1.55,1.5501,12051,2021-11-24 14:43:00,EBON
1.5499,1.551,1.545,1.551,7600,2021-11-24 14:44:00,EBON
1.55,1.56,1.55,1.56,700,2021-11-24 14:45:00,EBON
1.5599,1.5599,1.5501,1.5501,850,2021-11-24 14:46:00,EBON
1.555,1.555,1.55,1.55,9222,2021-11-24 14:47:00,EBON
1.55,1.56,1.5494,1.5501,20845,2021-11-24 14:48:00,EBON
1.5588,1.5588,1.555,1.555,1152,2021-11-24 14:49:00,EBON
1.55,1.555,1.55,1.5512,4060,2021-11-24 14:50:00,EBON
1.552,1.57,1.552,1.57,7763,2021-11-24 14:51:00,EBON
1.57,1.5746,1.57,1.5716,25375,2021-11-24 14:52:00,EBON
1.57,1.575,1.57,1.575,750,2021-11-24 14:53:00,EBON
1.575,1.575,1.57,1.5744,8838,2021-11-24 14:54:00,EBON
1.5701,1.58,1.57,1.57,2615,2021-11-24 14:55:00,EBON
1.57,1.5775,1.57,1.575,5000,2021-11-24 14:56:00,EBON
1.57,1.57,1.57,1.57,200,2021-11-24 14:57:00,EBON
1.575,1.5799,1.57,1.5799,1000,2021-11-24 14:58:00,EBON
1.575,1.5775,1.57,1.5775,1600,2021-11-24 14:59:00,EBON
1.57,1.59,1.57,1.59,18882,2021-11-24 15:00:00,EBON
1.59,1.5946,1.59,1.5946,600,2021-11-24 15:01:00,EBON
1.59,1.595,1.59,1.595,1000,2021-11-24 15:02:00,EBON
1.59,1.61,1.59,1.6,48087,2021-11-24 15:03:00,EBON
1.6085,1.6085,1.59,1.59,10015,2021-11-24 15:04:00,EBON
1.59,1.5913,1.59,1.59,770,2021-11-24 15:05:00,EBON
1.59,1.59,1.59,1.59,3816,2021-11-24 15:06:00,EBON
1.59,1.5922,1.585,1.588,10002,2021-11-24 15:07:00,EBON
1.585,1.59,1.5825,1.5825,585,2021-11-24 15:08:00,EBON
1.5851,1.59,1.5851,1.5899,391,2021-11-24 15:09:00,EBON
1.5888,1.59,1.5888,1.59,490,2021-11-24 15:11:00,EBON
1.59,1.5915,1.59,1.5915,6988,2021-11-24 15:12:00,EBON
1.6,1.6,1.5987,1.5987,1500,2021-11-24 15:13:00,EBON
1.595,1.605,1.595,1.605,24014,2021-11-24 15:15:00,EBON
1.6014,1.6014,1.6,1.6001,11400,2021-11-24 15:16:00,EBON
1.59,1.595,1.59,1.59,2200,2021-11-24 15:17:00,EBON
1.5947,1.5947,1.5947,1.5947,500,2021-11-24 15:18:00,EBON
1.5989,1.5989,1.5989,1.5989,2500,2021-11-24 15:19:00,EBON
1.595,1.6,1.595,1.6,6800,2021-11-24 15:20:00,EBON
1.605,1.605,1.605,1.605,100,2021-11-24 15:21:00,EBON
1.6061,1.6061,1.6061,1.6061,100,2021-11-24 15:22:00,EBON
1.6,1.61,1.6,1.6093,7900,2021-11-24 15:23:00,EBON
1.61,1.62,1.61,1.6185,21526,2021-11-24 15:24:00,EBON
1.6101,1.62,1.6101,1.62,4675,2021-11-24 15:25:00,EBON
1.62,1.62,1.6195,1.6199,19016,2021-11-24 15:26:00,EBON
1.63,1.63,1.6295,1.6295,980,2021-11-24 15:27:00,EBON
1.6278,1.6278,1.6218,1.6219,7200,2021-11-24 15:28:00,EBON
1.625,1.63,1.625,1.625,723,2021-11-24 15:29:00,EBON
1.625,1.63,1.625,1.63,3730,2021-11-24 15:30:00,EBON
1.63,1.63,1.6245,1.63,902,2021-11-24 15:31:00,EBON
1.63,1.63,1.6226,1.63,1200,2021-11-24 15:32:00,EBON
1.63,1.64,1.63,1.64,13200,2021-11-24 15:33:00,EBON
1.6359,1.639,1.63,1.6304,12900,2021-11-24 15:34:00,EBON
1.64,1.64,1.6307,1.6307,4600,2021-11-24 15:35:00,EBON
1.6329,1.64,1.6315,1.64,31906,2021-11-24 15:36:00,EBON
1.635,1.64,1.63,1.635,1900,2021-11-24 15:37:00,EBON
1.6326,1.6326,1.6326,1.6326,208,2021-11-24 15:38:00,EBON
1.63,1.63,1.63,1.63,8658,2021-11-24 15:40:00,EBON
1.62,1.6241,1.62,1.62,4418,2021-11-24 15:41:00,EBON
1.62,1.62,1.61,1.61,7195,2021-11-24 15:42:00,EBON
1.61,1.62,1.61,1.62,1200,2021-11-24 15:43:00,EBON
1.61,1.6141,1.61,1.61,2439,2021-11-24 15:44:00,EBON
1.61,1.61,1.605,1.605,7752,2021-11-24 15:45:00,EBON
1.61,1.615,1.61,1.615,8450,2021-11-24 15:46:00,EBON
1.6112,1.6112,1.6112,1.6112,1000,2021-11-24 15:47:00,EBON
1.6101,1.6199,1.61,1.615,1400,2021-11-24 15:48:00,EBON
1.6176,1.62,1.615,1.6195,4903,2021-11-24 15:49:00,EBON
1.6201,1.63,1.62,1.62,500,2021-11-24 15:50:00,EBON
1.62,1.62,1.62,1.62,1000,2021-11-24 15:51:00,EBON
1.63,1.63,1.6284,1.6284,200,2021-11-24 15:52:00,EBON
1.625,1.625,1.625,1.625,616,2021-11-24 15:53:00,EBON
1.63,1.63,1.63,1.63,1050,2021-11-24 15:56:00,EBON
1.625,1.625,1.625,1.625,400,2021-11-24 15:57:00,EBON
1.62,1.6205,1.62,1.62,14700,2021-11-24 15:59:00,EBON
1.62,1.62,1.61,1.61,9077,2021-11-24 16:00:00,EBON
1.61,1.61,1.61,1.61,200,2021-11-24 16:01:00,EBON
1.61,1.61,1.61,1.61,5700,2021-11-24 16:02:00,EBON
1.61,1.61,1.605,1.605,3623,2021-11-24 16:03:00,EBON
1.61,1.618,1.609,1.6147,5022,2021-11-24 16:04:00,EBON
1.615,1.62,1.615,1.62,300,2021-11-24 16:05:00,EBON
1.62,1.62,1.6114,1.6114,2150,2021-11-24 16:07:00,EBON
1.6115,1.6115,1.6115,1.6115,1000,2021-11-24 16:08:00,EBON
1.62,1.625,1.615,1.625,6314,2021-11-24 16:10:00,EBON
1.6213,1.6213,1.62,1.62,1200,2021-11-24 16:13:00,EBON
1.63,1.63,1.63,1.63,500,2021-11-24 16:14:00,EBON
1.625,1.625,1.622,1.622,518,2021-11-24 16:15:00,EBON
1.62,1.6201,1.62,1.6201,3411,2021-11-24 16:16:00,EBON
1.6201,1.6201,1.6201,1.6201,3000,2021-11-24 16:18:00,EBON
1.6254,1.6254,1.625,1.625,600,2021-11-24 16:20:00,EBON
1.62,1.62,1.62,1.62,460,2021-11-24 16:21:00,EBON
1.62,1.6284,1.62,1.6284,2424,2021-11-24 16:22:00,EBON
1.62,1.625,1.62,1.62,2399,2021-11-24 16:26:00,EBON
1.62,1.62,1.62,1.62,2546,2021-11-24 16:27:00,EBON
1.62,1.6214,1.62,1.6214,320,2021-11-24 16:29:00,EBON
1.625,1.635,1.625,1.635,14953,2021-11-24 16:30:00,EBON
1.64,1.65,1.6387,1.64,17824,2021-11-24 16:31:00,EBON
1.648,1.648,1.648,1.648,500,2021-11-24 16:32:00,EBON
1.645,1.645,1.64,1.64,5827,2021-11-24 16:33:00,EBON
1.645,1.645,1.645,1.645,300,2021-11-24 16:34:00,EBON
1.645,1.645,1.645,1.645,100,2021-11-24 16:35:00,EBON
1.6462,1.6462,1.645,1.645,1075,2021-11-24 16:36:00,EBON
1.6499,1.6499,1.6499,1.6499,100,2021-11-24 16:37:00,EBON
1.645,1.645,1.6437,1.6437,2000,2021-11-24 16:40:00,EBON
1.65,1.65,1.6423,1.6423,808,2021-11-24 16:41:00,EBON
1.6409,1.6409,1.64,1.64,5265,2021-11-24 16:42:00,EBON
1.6405,1.6405,1.6405,1.6405,12101,2021-11-24 16:43:00,EBON
1.645,1.65,1.645,1.65,2004,2021-11-24 16:44:00,EBON
1.6488,1.6488,1.6488,1.6488,470,2021-11-24 16:45:00,EBON
1.6413,1.6413,1.64,1.64,1709,2021-11-24 16:46:00,EBON
1.6418,1.6418,1.6418,1.6418,100,2021-11-24 16:47:00,EBON
1.6485,1.6485,1.6485,1.6485,122,2021-11-24 16:48:00,EBON
1.64,1.64,1.64,1.64,3205,2021-11-24 16:49:00,EBON
1.6401,1.65,1.6401,1.645,4603,2021-11-24 16:50:00,EBON
1.648,1.648,1.648,1.648,258,2021-11-24 16:51:00,EBON
1.6478,1.6478,1.6478,1.6478,150,2021-11-24 16:52:00,EBON
1.6412,1.6412,1.6412,1.6412,2000,2021-11-24 16:53:00,EBON
1.6492,1.6492,1.6492,1.6492,2000,2021-11-24 16:54:00,EBON
1.6413,1.645,1.6413,1.645,1581,2021-11-24 16:55:00,EBON
1.645,1.6499,1.645,1.6499,2011,2021-11-24 16:56:00,EBON
1.65,1.65,1.6477,1.6477,222,2021-11-24 16:57:00,EBON
1.6416,1.645,1.6416,1.645,279,2021-11-24 16:58:00,EBON
1.6445,1.65,1.6445,1.65,4700,2021-11-24 16:59:00,EBON
1.6499,1.6499,1.6499,1.6499,120,2021-11-24 17:02:00,EBON
1.65,1.65,1.645,1.645,1500,2021-11-24 17:03:00,EBON
1.64,1.645,1.6323,1.64,20097,2021-11-24 17:06:00,EBON
1.64,1.64,1.64,1.64,400,2021-11-24 17:07:00,EBON
1.635,1.635,1.635,1.635,100,2021-11-24 17:08:00,EBON
1.635,1.635,1.62,1.62,47318,2021-11-24 17:09:00,EBON
1.62,1.63,1.62,1.625,5200,2021-11-24 17:10:00,EBON
1.625,1.625,1.625,1.625,200,2021-11-24 17:14:00,EBON
1.625,1.625,1.625,1.625,300,2021-11-24 17:16:00,EBON
1.625,1.625,1.6235,1.6235,350,2021-11-24 17:17:00,EBON
1.6295,1.6295,1.6295,1.6295,5000,2021-11-24 17:18:00,EBON
1.63,1.64,1.63,1.64,29331,2021-11-24 17:20:00,EBON
1.64,1.66,1.64,1.66,92631,2021-11-24 17:21:00,EBON
1.66,1.6778,1.66,1.6778,79102,2021-11-24 17:22:00,EBON
1.67,1.672,1.67,1.67,3877,2021-11-24 17:23:00,EBON
1.6772,1.6799,1.67,1.6771,14018,2021-11-24 17:24:00,EBON
1.67,1.6711,1.67,1.6711,22811,2021-11-24 17:25:00,EBON
1.67,1.67,1.67,1.67,2998,2021-11-24 17:26:00,EBON
1.6764,1.6764,1.67,1.67,7881,2021-11-24 17:27:00,EBON
1.67,1.67,1.67,1.67,6151,2021-11-24 17:28:00,EBON
1.6712,1.68,1.6712,1.6713,1831,2021-11-24 17:29:00,EBON
1.6799,1.68,1.67,1.6702,3660,2021-11-24 17:31:00,EBON
1.6729,1.6729,1.6729,1.6729,1000,2021-11-24 17:32:00,EBON
1.67,1.6766,1.67,1.6766,3505,2021-11-24 17:33:00,EBON
1.67,1.67,1.67,1.67,2000,2021-11-24 17:34:00,EBON
1.68,1.6805,1.675,1.68,22871,2021-11-24 17:35:00,EBON
1.68,1.68,1.675,1.675,2641,2021-11-24 17:36:00,EBON
1.672,1.68,1.672,1.6791,2311,2021-11-24 17:37:00,EBON
1.67,1.68,1.67,1.68,550,2021-11-24 17:38:00,EBON
1.68,1.68,1.68,1.68,9000,2021-11-24 17:39:00,EBON
1.675,1.675,1.6701,1.6701,600,2021-11-24 17:40:00,EBON
1.68,1.68,1.675,1.675,200,2021-11-24 17:41:00,EBON
1.675,1.68,1.67,1.67,3500,2021-11-24 17:42:00,EBON
1.68,1.68,1.67,1.6725,4600,2021-11-24 17:43:00,EBON
1.6799,1.68,1.6709,1.68,4050,2021-11-24 17:44:00,EBON
1.68,1.68,1.68,1.68,300,2021-11-24 17:45:00,EBON
1.6788,1.6788,1.671,1.671,2648,2021-11-24 17:46:00,EBON
1.68,1.69,1.68,1.6801,14205,2021-11-24 17:47:00,EBON
1.68,1.6814,1.68,1.68,850,2021-11-24 17:48:00,EBON
1.68,1.68,1.6767,1.6767,3900,2021-11-24 17:49:00,EBON
1.675,1.675,1.6713,1.6713,568,2021-11-24 17:50:00,EBON
1.68,1.68,1.675,1.675,425,2021-11-24 17:52:00,EBON
1.6778,1.6778,1.675,1.675,5995,2021-11-24 17:54:00,EBON
1.675,1.675,1.675,1.675,100,2021-11-24 17:55:00,EBON
1.6701,1.6791,1.6701,1.6706,15000,2021-11-24 17:57:00,EBON
1.68,1.68,1.68,1.68,1316,2021-11-24 17:58:00,EBON
1.6799,1.69,1.675,1.69,11410,2021-11-24 17:59:00,EBON
1.69,1.69,1.685,1.685,2297,2021-11-24 18:00:00,EBON
1.69,1.69,1.68,1.6873,4895,2021-11-24 18:01:00,EBON
1.68,1.6827,1.68,1.6827,4600,2021-11-24 18:02:00,EBON
1.68,1.6805,1.68,1.68,8900,2021-11-24 18:03:00,EBON
1.69,1.69,1.6811,1.6811,735,2021-11-24 18:04:00,EBON
1.68,1.69,1.68,1.6807,8748,2021-11-24 18:05:00,EBON
1.68,1.69,1.68,1.69,21206,2021-11-24 18:06:00,EBON
1.68,1.68,1.68,1.68,100,2021-11-24 18:07:00,EBON
1.68,1.6814,1.68,1.68,3970,2021-11-24 18:08:00,EBON
1.68,1.685,1.68,1.685,1644,2021-11-24 18:09:00,EBON
1.68,1.68,1.675,1.675,1759,2021-11-24 18:10:00,EBON
1.68,1.68,1.678,1.6786,1500,2021-11-24 18:11:00,EBON
1.6788,1.68,1.6724,1.68,3325,2021-11-24 18:12:00,EBON
1.6794,1.6794,1.6731,1.6731,3193,2021-11-24 18:13:00,EBON
1.675,1.675,1.67,1.67,880,2021-11-24 18:14:00,EBON
1.68,1.68,1.6715,1.6715,650,2021-11-24 18:15:00,EBON
1.68,1.68,1.675,1.675,2931,2021-11-24 18:16:00,EBON
1.68,1.685,1.675,1.685,41381,2021-11-24 18:17:00,EBON
1.6855,1.6855,1.68,1.68,600,2021-11-24 18:19:00,EBON
1.6858,1.6858,1.6808,1.6808,9250,2021-11-24 18:20:00,EBON
1.69,1.69,1.69,1.69,278,2021-11-24 18:22:00,EBON
1.69,1.69,1.69,1.69,535,2021-11-24 18:23:00,EBON
1.69,1.69,1.6863,1.6891,20490,2021-11-24 18:24:00,EBON
1.6892,1.698,1.6892,1.698,9926,2021-11-24 18:25:00,EBON
1.6921,1.6921,1.6921,1.6921,100,2021-11-24 18:26:00,EBON
1.6918,1.6975,1.6913,1.6975,1259,2021-11-24 18:27:00,EBON
1.6964,1.7,1.6964,1.7,200,2021-11-24 18:28:00,EBON
1.7,1.7,1.6901,1.6901,9100,2021-11-24 18:30:00,EBON
1.7,1.7,1.695,1.695,7715,2021-11-24 18:31:00,EBON
1.7,1.7,1.6982,1.6982,2147,2021-11-24 18:32:00,EBON
1.6907,1.6986,1.6907,1.6914,4100,2021-11-24 18:33:00,EBON
1.6983,1.7,1.6983,1.6995,1996,2021-11-24 18:34:00,EBON
1.6919,1.695,1.6901,1.695,4805,2021-11-24 18:35:00,EBON
1.695,1.695,1.685,1.69,28432,2021-11-24 18:36:00,EBON
1.685,1.685,1.683,1.683,582,2021-11-24 18:37:00,EBON
1.6805,1.6805,1.6805,1.6805,100,2021-11-24 18:38:00,EBON
1.685,1.685,1.685,1.685,100,2021-11-24 18:39:00,EBON
1.685,1.6895,1.6816,1.685,10565,2021-11-24 18:42:00,EBON
1.685,1.69,1.685,1.6899,2602,2021-11-24 18:43:00,EBON
1.6827,1.6827,1.6801,1.6801,325,2021-11-24 18:44:00,EBON
1.6827,1.6883,1.6827,1.6883,304,2021-11-24 18:45:00,EBON
1.6892,1.69,1.6884,1.6884,300,2021-11-24 18:46:00,EBON
1.6825,1.6825,1.6825,1.6825,1000,2021-11-24 18:48:00,EBON
1.68,1.685,1.68,1.685,300,2021-11-24 18:49:00,EBON
1.6885,1.69,1.68,1.69,10580,2021-11-24 18:50:00,EBON
1.685,1.69,1.685,1.686,449,2021-11-24 18:51:00,EBON
1.6827,1.69,1.67,1.67,19165,2021-11-24 18:52:00,EBON
1.6719,1.6719,1.67,1.67,2976,2021-11-24 18:53:00,EBON
1.6711,1.6711,1.6711,1.6711,425,2021-11-24 18:55:00,EBON
1.6763,1.6763,1.6763,1.6763,225,2021-11-24 18:56:00,EBON
1.6709,1.6709,1.6709,1.6709,985,2021-11-24 18:58:00,EBON
1.6746,1.6755,1.6746,1.6755,3120,2021-11-24 18:59:00,EBON
1.68,1.68,1.675,1.68,5940,2021-11-24 19:02:00,EBON
1.6808,1.6871,1.68,1.686,5478,2021-11-24 19:03:00,EBON
1.68,1.68,1.6763,1.6763,3334,2021-11-24 19:04:00,EBON
1.68,1.68,1.675,1.675,200,2021-11-24 19:05:00,EBON
1.6766,1.6766,1.6766,1.6766,190,2021-11-24 19:06:00,EBON
1.6712,1.6712,1.6712,1.6712,362,2021-11-24 19:09:00,EBON
1.675,1.68,1.6709,1.6709,2384,2021-11-24 19:10:00,EBON
1.68,1.68,1.68,1.68,500,2021-11-24 19:11:00,EBON
1.6799,1.6799,1.675,1.675,1200,2021-11-24 19:12:00,EBON
1.67,1.67,1.67,1.67,5463,2021-11-24 19:13:00,EBON
1.67,1.6775,1.67,1.6702,26200,2021-11-24 19:14:00,EBON
1.67,1.68,1.67,1.675,12463,2021-11-24 19:15:00,EBON
1.67,1.6705,1.67,1.67,6500,2021-11-24 19:16:00,EBON
1.67,1.68,1.67,1.67,13595,2021-11-24 19:17:00,EBON
1.6701,1.6701,1.6701,1.6701,1000,2021-11-24 19:18:00,EBON
1.6771,1.6781,1.675,1.6774,800,2021-11-24 19:20:00,EBON
1.675,1.675,1.67,1.67,300,2021-11-24 19:23:00,EBON
1.6799,1.6799,1.6799,1.6799,2500,2021-11-24 19:26:00,EBON
1.67,1.6736,1.67,1.67,7326,2021-11-24 19:28:00,EBON
1.67,1.67,1.67,1.67,199,2021-11-24 19:29:00,EBON
1.675,1.675,1.675,1.675,200,2021-11-24 19:31:00,EBON
1.67,1.68,1.67,1.6719,8536,2021-11-24 19:32:00,EBON
1.67,1.675,1.67,1.67,3200,2021-11-24 19:33:00,EBON
1.675,1.68,1.675,1.68,3200,2021-11-24 19:34:00,EBON
1.675,1.675,1.675,1.675,700,2021-11-24 19:35:00,EBON
1.672,1.672,1.672,1.672,200,2021-11-24 19:36:00,EBON
1.672,1.672,1.672,1.672,189,2021-11-24 19:37:00,EBON
1.68,1.68,1.68,1.68,500,2021-11-24 19:39:00,EBON
1.675,1.6799,1.675,1.6799,13831,2021-11-24 19:40:00,EBON
1.68,1.68,1.68,1.68,199,2021-11-24 19:41:00,EBON
1.675,1.68,1.6718,1.68,2545,2021-11-24 19:42:00,EBON
1.675,1.68,1.675,1.68,400,2021-11-24 19:43:00,EBON
1.68,1.68,1.6707,1.6707,5549,2021-11-24 19:45:00,EBON
1.68,1.68,1.6783,1.6783,631,2021-11-24 19:46:00,EBON
1.68,1.68,1.675,1.675,300,2021-11-24 19:47:00,EBON
1.68,1.685,1.68,1.685,32576,2021-11-24 19:48:00,EBON
1.6847,1.6847,1.6847,1.6847,4500,2021-11-24 19:49:00,EBON
1.68,1.68,1.68,1.68,100,2021-11-24 19:50:00,EBON
1.6884,1.6884,1.6884,1.6884,2000,2021-11-24 19:51:00,EBON
1.68,1.68,1.67,1.675,5882,2021-11-24 19:52:00,EBON
1.68,1.68,1.68,1.68,257,2021-11-24 19:53:00,EBON
1.67,1.675,1.67,1.675,5240,2021-11-24 19:54:00,EBON
1.68,1.68,1.675,1.675,880,2021-11-24 19:56:00,EBON
1.67,1.6778,1.67,1.6778,950,2021-11-24 19:57:00,EBON
1.68,1.68,1.68,1.68,565,2021-11-24 19:58:00,EBON
1.67,1.67,1.67,1.67,4403,2021-11-24 20:01:00,EBON
1.6771,1.6771,1.6771,1.6771,478,2021-11-24 20:03:00,EBON
1.675,1.675,1.675,1.675,1000,2021-11-24 20:05:00,EBON
1.6733,1.6759,1.6733,1.6759,300,2021-11-24 20:07:00,EBON
1.6772,1.6772,1.6772,1.6772,500,2021-11-24 20:08:00,EBON
1.675,1.68,1.675,1.68,2300,2021-11-24 20:09:00,EBON
1.67,1.67,1.67,1.67,2300,2021-11-24 20:10:00,EBON
1.67,1.67,1.67,1.67,1100,2021-11-24 20:11:00,EBON
1.6701,1.6701,1.6701,1.6701,1000,2021-11-24 20:13:00,EBON
1.68,1.68,1.675,1.68,600,2021-11-24 20:18:00,EBON
1.675,1.675,1.675,1.675,400,2021-11-24 20:19:00,EBON
1.675,1.675,1.675,1.675,100,2021-11-24 20:20:00,EBON
1.68,1.68,1.68,1.68,100,2021-11-24 20:21:00,EBON
1.6793,1.6793,1.6793,1.6793,250,2021-11-24 20:22:00,EBON
1.68,1.68,1.675,1.675,1300,2021-11-24 20:23:00,EBON
1.675,1.675,1.675,1.675,100,2021-11-24 20:24:00,EBON
1.6762,1.6762,1.6762,1.6762,200,2021-11-24 20:25:00,EBON
1.677,1.677,1.677,1.677,1000,2021-11-24 20:26:00,EBON
1.675,1.68,1.67,1.675,2050,2021-11-24 20:27:00,EBON
1.6725,1.6725,1.6725,1.6725,100,2021-11-24 20:29:00,EBON
1.675,1.68,1.67,1.67,3244,2021-11-24 20:30:00,EBON
1.675,1.6758,1.675,1.675,1600,2021-11-24 20:31:00,EBON
1.6791,1.6791,1.6791,1.6791,6000,2021-11-24 20:32:00,EBON
1.675,1.675,1.675,1.675,200,2021-11-24 20:33:00,EBON
1.675,1.675,1.675,1.675,300,2021-11-24 20:34:00,EBON
1.675,1.675,1.6737,1.6737,1100,2021-11-24 20:35:00,EBON
1.68,1.68,1.68,1.68,16750,2021-11-24 20:36:00,EBON
1.685,1.685,1.685,1.685,100,2021-11-24 20:37:00,EBON
1.685,1.695,1.685,1.69,56954,2021-11-24 20:38:00,EBON
1.69,1.69,1.68,1.68,13244,2021-11-24 20:39:00,EBON
1.6811,1.6811,1.6811,1.6811,2000,2021-11-24 20:40:00,EBON
1.68,1.68,1.68,1.68,100,2021-11-24 20:41:00,EBON
1.68,1.68,1.68,1.68,2702,2021-11-24 20:42:00,EBON
1.68,1.68,1.6728,1.6728,4884,2021-11-24 20:43:00,EBON
1.675,1.675,1.67,1.67,2133,2021-11-24 20:44:00,EBON
1.6799,1.6799,1.675,1.675,1249,2021-11-24 20:45:00,EBON
1.675,1.68,1.675,1.675,13806,2021-11-24 20:46:00,EBON
1.675,1.675,1.67,1.675,17851,2021-11-24 20:47:00,EBON
1.675,1.675,1.675,1.675,200,2021-11-24 20:48:00,EBON
1.675,1.675,1.67,1.67,3670,2021-11-24 20:49:00,EBON
1.675,1.6799,1.67,1.67,5200,2021-11-24 20:50:00,EBON
1.68,1.68,1.675,1.675,4964,2021-11-24 20:51:00,EBON
1.675,1.675,1.675,1.675,1264,2021-11-24 20:52:00,EBON
1.675,1.675,1.67,1.675,1449,2021-11-24 20:53:00,EBON
1.675,1.675,1.675,1.675,1171,2021-11-24 20:54:00,EBON
1.675,1.68,1.6701,1.6701,3975,2021-11-24 20:55:00,EBON
1.675,1.68,1.675,1.68,5532,2021-11-24 20:56:00,EBON
1.67,1.68,1.67,1.68,10598,2021-11-24 20:57:00,EBON
1.675,1.68,1.675,1.68,10485,2021-11-24 20:58:00,EBON
1.6713,1.68,1.67,1.68,7698,2021-11-24 20:59:00,EBON
1.68,1.68,1.68,1.68,13934,2021-11-24 21:00:00,EBON
1.68,1.68,1.68,1.68,100,2021-11-24 21:01:00,EBON
1.68,1.68,1.68,1.68,2790,2021-11-24 21:02:00,EBON
1.68,1.68,1.67,1.67,400,2021-11-24 21:03:00,EBON
1.67,1.67,1.67,1.67,1995,2021-11-24 21:06:00,EBON
1.67,1.67,1.67,1.67,295,2021-11-24 21:09:00,EBON
1.67,1.67,1.67,1.67,300,2021-11-24 21:20:00,EBON
1.68,1.68,1.68,1.68,302,2021-11-24 21:48:00,EBON
1.67,1.67,1.67,1.67,153,2021-11-24 21:49:00,EBON
1.67,1.67,1.67,1.67,250,2021-11-24 21:56:00,EBON
1.67,1.67,1.67,1.67,750,2021-11-24 22:44:00,EBON
1.67,1.67,1.67,1.67,100,2021-11-24 22:53:00,EBON
1.67,1.67,1.67,1.67,200,2021-11-24 22:57:00,EBON
1.67,1.67,1.67,1.67,200,2021-11-24 22:58:00,EBON
1.68,1.68,1.68,1.68,700,2021-11-24 23:25:00,EBON
1.68,1.68,1.68,1.68,300,2021-11-24 23:56:00,EBON
1.68,1.7,1.68,1.7,2400,2021-11-25 00:57:00,EBON
1.67,1.68,1.67,1.68,460,2021-11-26 09:01:00,EBON
1.66,1.66,1.66,1.66,200,2021-11-26 09:02:00,EBON
1.61,1.61,1.6,1.6,400,2021-11-26 09:15:00,EBON
1.61,1.61,1.58,1.58,1980,2021-11-26 09:16:00,EBON
1.58,1.58,1.58,1.58,220,2021-11-26 09:27:00,EBON
1.58,1.58,1.57,1.57,300,2021-11-26 09:34:00,EBON
1.57,1.57,1.57,1.57,1700,2021-11-26 09:41:00,EBON
1.56,1.56,1.56,1.56,100,2021-11-26 09:42:00,EBON
1.57,1.57,1.57,1.57,3000,2021-11-26 10:04:00,EBON
1.57,1.57,1.57,1.57,100,2021-11-26 10:06:00,EBON
1.57,1.57,1.57,1.57,2000,2021-11-26 10:08:00,EBON
1.57,1.57,1.57,1.57,200,2021-11-26 10:13:00,EBON
1.57,1.57,1.57,1.57,100,2021-11-26 10:45:00,EBON
1.57,1.57,1.57,1.57,100,2021-11-26 10:47:00,EBON
1.57,1.57,1.56,1.56,200,2021-11-26 10:49:00,EBON
1.56,1.56,1.56,1.56,3700,2021-11-26 10:55:00,EBON
1.56,1.56,1.56,1.56,200,2021-11-26 11:17:00,EBON
1.56,1.58,1.56,1.58,400,2021-11-26 11:48:00,EBON
1.59,1.59,1.59,1.59,100,2021-11-26 12:00:00,EBON
1.58,1.58,1.58,1.58,100,2021-11-26 12:17:00,EBON
1.58,1.58,1.58,1.58,900,2021-11-26 12:18:00,EBON
1.57,1.57,1.57,1.57,500,2021-11-26 12:26:00,EBON
1.57,1.57,1.57,1.57,840,2021-11-26 12:33:00,EBON
1.57,1.57,1.57,1.57,300,2021-11-26 12:42:00,EBON
1.58,1.58,1.58,1.58,3000,2021-11-26 12:47:00,EBON
1.58,1.58,1.58,1.58,1632,2021-11-26 12:52:00,EBON
1.59,1.59,1.59,1.59,2500,2021-11-26 12:54:00,EBON
1.58,1.58,1.58,1.58,400,2021-11-26 12:55:00,EBON
1.58,1.58,1.58,1.58,3000,2021-11-26 13:02:00,EBON
1.6,1.6,1.6,1.6,300,2021-11-26 13:05:00,EBON
1.62,1.62,1.62,1.62,278,2021-11-26 13:07:00,EBON
1.6,1.6,1.6,1.6,522,2021-11-26 13:11:00,EBON
1.6,1.6,1.6,1.6,158,2021-11-26 13:26:00,EBON
1.6,1.6,1.6,1.6,200,2021-11-26 13:30:00,EBON
1.6,1.62,1.6,1.62,2945,2021-11-26 13:40:00,EBON
1.6001,1.6001,1.6001,1.6001,4000,2021-11-26 13:42:00,EBON
1.6,1.6,1.6,1.6,4000,2021-11-26 13:43:00,EBON
1.6,1.6,1.6,1.6,2300,2021-11-26 13:44:00,EBON
1.6,1.6,1.6,1.6,766,2021-11-26 14:01:00,EBON
1.59,1.59,1.59,1.59,590,2021-11-26 14:03:00,EBON
1.58,1.58,1.58,1.58,2900,2021-11-26 14:09:00,EBON
1.58,1.58,1.58,1.58,3024,2021-11-26 14:11:00,EBON
1.57,1.57,1.57,1.57,472,2021-11-26 14:18:00,EBON
1.57,1.57,1.57,1.57,200,2021-11-26 14:22:00,EBON
1.57,1.57,1.57,1.57,162,2021-11-26 14:23:00,EBON
1.58,1.58,1.58,1.58,1265,2021-11-26 14:24:00,EBON
1.57,1.57,1.55,1.56,20033,2021-11-26 14:25:00,EBON
1.55,1.56,1.55,1.55,1863,2021-11-26 14:26:00,EBON
1.56,1.56,1.56,1.56,700,2021-11-26 14:27:00,EBON
1.55,1.55,1.55,1.55,1000,2021-11-26 14:28:00,EBON
1.55,1.57,1.55,1.56,125452,2021-11-26 14:30:00,EBON
1.56,1.57,1.56,1.565,14400,2021-11-26 14:31:00,EBON
1.57,1.58,1.57,1.575,14525,2021-11-26 14:32:00,EBON
1.575,1.58,1.57,1.5769,22984,2021-11-26 14:33:00,EBON
1.5788,1.585,1.57,1.585,10627,2021-11-26 14:34:00,EBON
1.59,1.59,1.58,1.59,5177,2021-11-26 14:35:00,EBON
1.5899,1.59,1.57,1.578,18468,2021-11-26 14:36:00,EBON
1.5742,1.5784,1.57,1.57,4011,2021-11-26 14:37:00,EBON
1.57,1.5799,1.57,1.57,6308,2021-11-26 14:38:00,EBON
1.57,1.58,1.57,1.571,36210,2021-11-26 14:39:00,EBON
1.575,1.5775,1.56,1.5676,7788,2021-11-26 14:40:00,EBON
1.5611,1.57,1.55,1.5588,50024,2021-11-26 14:41:00,EBON
1.558,1.56,1.55,1.555,3162,2021-11-26 14:42:00,EBON
1.55,1.55,1.5412,1.55,23840,2021-11-26 14:43:00,EBON
1.5423,1.55,1.542,1.542,6725,2021-11-26 14:44:00,EBON
1.54,1.54,1.515,1.515,68197,2021-11-26 14:45:00,EBON
1.515,1.53,1.5143,1.526,43728,2021-11-26 14:46:00,EBON
1.525,1.53,1.52,1.5281,16388,2021-11-26 14:47:00,EBON
1.5201,1.53,1.52,1.5215,22935,2021-11-26 14:48:00,EBON
1.5274,1.53,1.5,1.515,123074,2021-11-26 14:49:00,EBON
1.51,1.53,1.51,1.53,54716,2021-11-26 14:50:00,EBON
1.525,1.53,1.525,1.5277,4100,2021-11-26 14:51:00,EBON
1.525,1.55,1.525,1.54,12312,2021-11-26 14:52:00,EBON
1.54,1.5482,1.54,1.5482,1723,2021-11-26 14:53:00,EBON
1.545,1.545,1.54,1.545,1500,2021-11-26 14:54:00,EBON
1.55,1.55,1.535,1.535,10377,2021-11-26 14:55:00,EBON
1.535,1.54,1.53,1.535,7270,2021-11-26 14:56:00,EBON
1.535,1.54,1.53,1.5321,9571,2021-11-26 14:57:00,EBON
1.535,1.535,1.53,1.53,1100,2021-11-26 14:58:00,EBON
1.5382,1.5382,1.535,1.535,1619,2021-11-26 14:59:00,EBON
1.53,1.53,1.53,1.53,9348,2021-11-26 15:00:00,EBON
1.53,1.538,1.53,1.5301,10770,2021-11-26 15:01:00,EBON
1.5376,1.5376,1.5317,1.5317,550,2021-11-26 15:02:00,EBON
1.5387,1.5387,1.5314,1.5317,2339,2021-11-26 15:03:00,EBON
1.535,1.5376,1.5313,1.535,3100,2021-11-26 15:04:00,EBON
1.535,1.535,1.5301,1.5301,8000,2021-11-26 15:05:00,EBON
1.535,1.54,1.53,1.535,17450,2021-11-26 15:06:00,EBON
1.535,1.545,1.535,1.5413,82411,2021-11-26 15:07:00,EBON
1.5485,1.55,1.5443,1.5443,6000,2021-11-26 15:08:00,EBON
1.5499,1.55,1.5408,1.542,7100,2021-11-26 15:09:00,EBON
1.5477,1.55,1.54,1.54,617,2021-11-26 15:10:00,EBON
1.55,1.55,1.5447,1.5447,5500,2021-11-26 15:11:00,EBON
1.54,1.54,1.535,1.54,4890,2021-11-26 15:13:00,EBON
1.535,1.535,1.5346,1.5346,1100,2021-11-26 15:14:00,EBON
1.5335,1.5385,1.5335,1.5385,1050,2021-11-26 15:15:00,EBON
1.535,1.5388,1.5346,1.535,1925,2021-11-26 15:16:00,EBON
1.5301,1.54,1.53,1.54,2520,2021-11-26 15:17:00,EBON
1.53,1.5409,1.53,1.54,113488,2021-11-26 15:18:00,EBON
1.5411,1.55,1.5405,1.5405,7500,2021-11-26 15:19:00,EBON
1.5479,1.5499,1.5401,1.5401,800,2021-11-26 15:20:00,EBON
1.545,1.545,1.5425,1.5425,1029,2021-11-26 15:21:00,EBON
1.55,1.55,1.545,1.545,6182,2021-11-26 15:22:00,EBON
1.5481,1.55,1.54,1.55,4291,2021-11-26 15:23:00,EBON
1.545,1.5479,1.545,1.5479,528,2021-11-26 15:24:00,EBON
1.54,1.5499,1.53,1.53,32339,2021-11-26 15:26:00,EBON
1.54,1.54,1.54,1.54,200,2021-11-26 15:27:00,EBON
1.5399,1.5399,1.535,1.535,1100,2021-11-26 15:28:00,EBON
1.535,1.5385,1.5301,1.535,3290,2021-11-26 15:29:00,EBON
1.535,1.54,1.5349,1.54,3400,2021-11-26 15:30:00,EBON
1.535,1.5385,1.53,1.535,11091,2021-11-26 15:31:00,EBON
1.53,1.535,1.53,1.535,12879,2021-11-26 15:32:00,EBON
1.53,1.539,1.53,1.53,29431,2021-11-26 15:33:00,EBON
1.532,1.5351,1.53,1.535,3000,2021-11-26 15:34:00,EBON
1.535,1.535,1.535,1.535,2100,2021-11-26 15:35:00,EBON
1.53,1.535,1.53,1.535,8670,2021-11-26 15:36:00,EBON
1.5316,1.5384,1.53,1.5375,3620,2021-11-26 15:37:00,EBON
1.53,1.5375,1.53,1.5375,300,2021-11-26 15:38:00,EBON
1.5301,1.5399,1.53,1.535,21800,2021-11-26 15:39:00,EBON
1.54,1.54,1.53,1.53,6180,2021-11-26 15:40:00,EBON
1.535,1.535,1.53,1.535,1400,2021-11-26 15:41:00,EBON
1.53,1.535,1.53,1.5309,3508,2021-11-26 15:42:00,EBON
1.535,1.535,1.535,1.535,1600,2021-11-26 15:43:00,EBON
1.535,1.538,1.53,1.53,2100,2021-11-26 15:44:00,EBON
1.535,1.538,1.5308,1.5308,5431,2021-11-26 15:45:00,EBON
1.535,1.5381,1.53,1.535,1709,2021-11-26 15:46:00,EBON
1.5318,1.535,1.53,1.535,17317,2021-11-26 15:47:00,EBON
1.5347,1.5347,1.53,1.53,1561,2021-11-26 15:48:00,EBON
1.5384,1.54,1.535,1.54,2200,2021-11-26 15:49:00,EBON
1.5383,1.54,1.53,1.53,5329,2021-11-26 15:50:00,EBON
1.535,1.5379,1.535,1.5379,520,2021-11-26 15:51:00,EBON
1.535,1.535,1.53,1.53,11686,2021-11-26 15:52:00,EBON
1.535,1.5355,1.5311,1.5311,2997,2021-11-26 15:53:00,EBON
1.535,1.535,1.535,1.535,300,2021-11-26 15:54:00,EBON
1.535,1.535,1.535,1.535,200,2021-11-26 15:55:00,EBON
1.535,1.54,1.53,1.535,1300,2021-11-26 15:56:00,EBON
1.53,1.5399,1.53,1.5399,9726,2021-11-26 15:57:00,EBON
1.535,1.535,1.535,1.535,300,2021-11-26 15:58:00,EBON
1.5386,1.5386,1.535,1.535,1200,2021-11-26 15:59:00,EBON
1.535,1.535,1.53,1.53,9661,2021-11-26 16:00:00,EBON
1.535,1.5381,1.53,1.53,4752,2021-11-26 16:03:00,EBON
1.535,1.54,1.535,1.54,7600,2021-11-26 16:04:00,EBON
1.535,1.535,1.535,1.535,1500,2021-11-26 16:05:00,EBON
1.535,1.5379,1.532,1.532,422,2021-11-26 16:06:00,EBON
1.535,1.5382,1.5301,1.5382,1975,2021-11-26 16:07:00,EBON
1.54,1.54,1.5396,1.5396,8000,2021-11-26 16:08:00,EBON
1.533,1.54,1.53,1.535,16002,2021-11-26 16:09:00,EBON
1.54,1.54,1.53,1.53,12440,2021-11-26 16:10:00,EBON
1.5374,1.5374,1.531,1.531,400,2021-11-26 16:11:00,EBON
1.5315,1.54,1.53,1.5381,8228,2021-11-26 16:12:00,EBON
1.5309,1.5371,1.53,1.5339,9800,2021-11-26 16:13:00,EBON
1.5301,1.535,1.5301,1.535,6200,2021-11-26 16:14:00,EBON
1.535,1.5384,1.53,1.53,2104,2021-11-26 16:15:00,EBON
1.535,1.535,1.535,1.535,3100,2021-11-26 16:16:00,EBON
1.53,1.5375,1.53,1.5375,500,2021-11-26 16:17:00,EBON
1.5301,1.5399,1.53,1.5382,1229,2021-11-26 16:18:00,EBON
1.5373,1.5373,1.5373,1.5373,1000,2021-11-26 16:19:00,EBON
1.5399,1.5399,1.5301,1.5301,2400,2021-11-26 16:20:00,EBON
1.5301,1.5301,1.5301,1.5301,3400,2021-11-26 16:21:00,EBON
1.5305,1.5305,1.5305,1.5305,3250,2021-11-26 16:22:00,EBON
1.5399,1.5399,1.53,1.53,526,2021-11-26 16:23:00,EBON
1.535,1.535,1.535,1.535,2080,2021-11-26 16:24:00,EBON
1.5381,1.5381,1.535,1.535,350,2021-11-26 16:25:00,EBON
1.534,1.535,1.53,1.53,400,2021-11-26 16:26:00,EBON
1.5303,1.5303,1.5303,1.5303,100,2021-11-26 16:27:00,EBON
1.54,1.54,1.54,1.54,1600,2021-11-26 16:28:00,EBON
1.5374,1.54,1.5374,1.538,1099,2021-11-26 16:29:00,EBON
1.5318,1.535,1.53,1.535,2060,2021-11-26 16:30:00,EBON
1.535,1.535,1.53,1.5314,9626,2021-11-26 16:31:00,EBON
1.535,1.535,1.53,1.53,5139,2021-11-26 16:32:00,EBON
1.5382,1.5382,1.53,1.53,1435,2021-11-26 16:33:00,EBON
1.535,1.535,1.535,1.535,100,2021-11-26 16:34:00,EBON
1.535,1.535,1.535,1.535,700,2021-11-26 16:35:00,EBON
1.5361,1.5399,1.53,1.535,4159,2021-11-26 16:36:00,EBON
1.535,1.5383,1.535,1.5383,561,2021-11-26 16:37:00,EBON
1.535,1.535,1.535,1.535,400,2021-11-26 16:38:00,EBON
1.535,1.54,1.53,1.5379,7800,2021-11-26 16:39:00,EBON
1.535,1.5399,1.535,1.5383,7835,2021-11-26 16:40:00,EBON
1.535,1.54,1.5301,1.54,9645,2021-11-26 16:41:00,EBON
1.535,1.535,1.5301,1.5301,429,2021-11-26 16:42:00,EBON
1.535,1.535,1.53,1.535,700,2021-11-26 16:43:00,EBON
1.535,1.535,1.535,1.535,700,2021-11-26 16:44:00,EBON
1.5304,1.5375,1.53,1.5375,580,2021-11-26 16:46:00,EBON
1.5301,1.535,1.53,1.535,4700,2021-11-26 16:47:00,EBON
1.535,1.535,1.535,1.535,100,2021-11-26 16:48:00,EBON
1.53,1.53,1.53,1.53,4000,2021-11-26 16:49:00,EBON
1.535,1.54,1.5302,1.54,300,2021-11-26 16:50:00,EBON
1.535,1.535,1.535,1.535,100,2021-11-26 16:51:00,EBON
1.54,1.54,1.53,1.53,19400,2021-11-26 16:52:00,EBON
1.54,1.54,1.535,1.535,300,2021-11-26 16:53:00,EBON
1.535,1.535,1.535,1.535,1600,2021-11-26 16:54:00,EBON
1.5396,1.5396,1.535,1.535,330,2021-11-26 16:55:00,EBON
1.53,1.5383,1.53,1.535,4021,2021-11-26 16:56:00,EBON
1.535,1.54,1.5315,1.535,4333,2021-11-26 16:57:00,EBON
1.535,1.54,1.5326,1.5379,1761,2021-11-26 16:58:00,EBON
1.5399,1.5399,1.53,1.5383,1385,2021-11-26 16:59:00,EBON
1.538,1.538,1.53,1.53,1968,2021-11-26 17:00:00,EBON
1.5399,1.5399,1.5301,1.535,2714,2021-11-26 17:01:00,EBON
1.53,1.53,1.53,1.53,100,2021-11-26 17:02:00,EBON
1.535,1.5376,1.5301,1.5301,500,2021-11-26 17:03:00,EBON
1.535,1.535,1.53,1.53,550,2021-11-26 17:04:00,EBON
1.5378,1.54,1.535,1.535,6340,2021-11-26 17:05:00,EBON
1.5377,1.5377,1.53,1.53,5090,2021-11-26 17:06:00,EBON
1.535,1.54,1.5301,1.54,1940,2021-11-26 17:07:00,EBON
1.535,1.535,1.53,1.53,600,2021-11-26 17:08:00,EBON
1.535,1.535,1.535,1.535,1200,2021-11-26 17:09:00,EBON
1.5388,1.5388,1.535,1.5379,1200,2021-11-26 17:10:00,EBON
1.535,1.5399,1.535,1.535,7000,2021-11-26 17:11:00,EBON
1.53,1.54,1.53,1.5301,9800,2021-11-26 17:12:00,EBON
1.535,1.54,1.5301,1.535,65540,2021-11-26 17:13:00,EBON
1.535,1.535,1.5308,1.535,2657,2021-11-26 17:14:00,EBON
1.535,1.535,1.535,1.535,3600,2021-11-26 17:15:00,EBON
1.5385,1.5385,1.53,1.535,3928,2021-11-26 17:16:00,EBON
1.5388,1.5388,1.535,1.535,1100,2021-11-26 17:17:00,EBON
1.5379,1.5379,1.535,1.535,220,2021-11-26 17:18:00,EBON
1.5382,1.5382,1.535,1.535,1200,2021-11-26 17:19:00,EBON
1.54,1.54,1.535,1.535,253,2021-11-26 17:20:00,EBON
1.535,1.535,1.535,1.535,700,2021-11-26 17:21:00,EBON
1.535,1.535,1.535,1.535,200,2021-11-26 17:22:00,EBON
1.535,1.54,1.535,1.535,1629,2021-11-26 17:23:00,EBON
1.53,1.5384,1.53,1.5384,4400,2021-11-26 17:24:00,EBON
1.5382,1.5382,1.535,1.535,588,2021-11-26 17:25:00,EBON
1.535,1.535,1.53,1.535,1500,2021-11-26 17:26:00,EBON
1.5386,1.5386,1.535,1.535,610,2021-11-26 17:27:00,EBON
1.54,1.54,1.535,1.535,300,2021-11-26 17:28:00,EBON
1.54,1.54,1.53,1.54,7040,2021-11-26 17:29:00,EBON
1.535,1.5379,1.535,1.535,3800,2021-11-26 17:30:00,EBON
1.5399,1.5399,1.53,1.535,2300,2021-11-26 17:31:00,EBON
1.535,1.535,1.53,1.53,1200,2021-11-26 17:32:00,EBON
1.535,1.5399,1.535,1.5386,2500,2021-11-26 17:33:00,EBON
1.535,1.5388,1.535,1.535,800,2021-11-26 17:34:00,EBON
1.53,1.535,1.53,1.535,1500,2021-11-26 17:35:00,EBON
1.535,1.54,1.535,1.535,10200,2021-11-26 17:36:00,EBON
1.535,1.538,1.535,1.535,3369,2021-11-26 17:37:00,EBON
1.535,1.535,1.53,1.535,4400,2021-11-26 17:38:00,EBON
1.535,1.5379,1.5309,1.5379,3500,2021-11-26 17:39:00,EBON
1.535,1.5399,1.535,1.5399,1430,2021-11-26 17:40:00,EBON
1.53,1.54,1.53,1.5399,1925,2021-11-26 17:41:00,EBON
1.535,1.5399,1.53,1.535,31132,2021-11-26 17:42:00,EBON
1.535,1.5399,1.535,1.5369,1700,2021-11-26 17:43:00,EBON
1.535,1.54,1.53,1.535,1900,2021-11-26 17:44:00,EBON
1.5376,1.54,1.53,1.54,15654,2021-11-26 17:45:00,EBON
1.535,1.535,1.535,1.535,200,2021-11-26 17:46:00,EBON
1.535,1.535,1.53,1.535,1400,2021-11-26 17:47:00,EBON
1.535,1.5384,1.53,1.535,1940,2021-11-26 17:48:00,EBON
1.535,1.5379,1.53,1.53,1811,2021-11-26 17:49:00,EBON
1.53,1.5379,1.53,1.535,1000,2021-11-26 17:50:00,EBON
1.53,1.54,1.53,1.535,50500,2021-11-26 17:51:00,EBON
1.535,1.5399,1.534,1.535,15408,2021-11-26 17:52:00,EBON
1.535,1.535,1.535,1.535,200,2021-11-26 17:53:00,EBON
1.535,1.535,1.53,1.53,3720,2021-11-26 17:54:00,EBON
1.535,1.535,1.53,1.53,7134,2021-11-26 17:55:00,EBON
1.53,1.535,1.53,1.53,26639,2021-11-26 17:56:00,EBON
1.53,1.5352,1.53,1.5352,15183,2021-11-26 17:57:00,EBON
1.53,1.5399,1.53,1.535,1800,2021-11-26 17:58:00,EBON
1.535,1.5395,1.51,1.51,237362,2021-11-26 17:59:00,EBON
1.52,1.52,1.52,1.52,21477,2021-11-26 18:00:00,EBON
1.54,1.54,1.54,1.54,685,2021-11-26 18:01:00,EBON
1.54,1.54,1.54,1.54,200,2021-11-26 18:02:00,EBON
1.52,1.52,1.52,1.52,396,2021-11-26 18:08:00,EBON
1.5201,1.5201,1.5201,1.5201,5000,2021-11-26 18:12:00,EBON
1.52,1.5201,1.52,1.5201,1100,2021-11-26 18:13:00,EBON
1.535,1.535,1.535,1.535,4000,2021-11-26 18:14:00,EBON
1.53,1.53,1.53,1.53,500,2021-11-26 18:15:00,EBON
1.53,1.53,1.53,1.53,400,2021-11-26 18:16:00,EBON
1.53,1.53,1.53,1.53,250,2021-11-26 18:17:00,EBON
1.52,1.52,1.52,1.52,1121,2021-11-26 18:19:00,EBON
1.52,1.54,1.52,1.54,410,2021-11-26 18:21:00,EBON
1.53,1.53,1.53,1.53,200,2021-11-26 18:22:00,EBON
1.53,1.53,1.53,1.53,100,2021-11-26 18:26:00,EBON
1.5299,1.5299,1.5299,1.5299,2000,2021-11-26 18:27:00,EBON
1.5299,1.5299,1.5299,1.5299,100,2021-11-26 18:28:00,EBON
1.5201,1.5201,1.5201,1.5201,7000,2021-11-26 18:30:00,EBON
1.53,1.53,1.53,1.53,100,2021-11-26 18:31:00,EBON
1.53,1.53,1.53,1.53,9094,2021-11-26 18:54:00,EBON
1.535,1.535,1.535,1.535,200,2021-11-26 19:03:00,EBON
1.5399,1.5399,1.5399,1.5399,2400,2021-11-26 19:04:00,EBON
1.53,1.53,1.53,1.53,488,2021-11-26 19:06:00,EBON
1.53,1.53,1.53,1.53,500,2021-11-26 19:16:00,EBON
1.53,1.53,1.53,1.53,100,2021-11-26 19:23:00,EBON
1.53,1.53,1.53,1.53,408,2021-11-26 19:39:00,EBON
1.53,1.53,1.53,1.53,411,2021-11-26 19:40:00,EBON
1.54,1.54,1.54,1.54,100,2021-11-26 19:42:00,EBON
1.54,1.54,1.54,1.54,200,2021-11-26 19:43:00,EBON
1.53,1.53,1.53,1.53,289,2021-11-26 20:23:00,EBON
1.53,1.53,1.53,1.53,700,2021-11-26 20:25:00,EBON
1.52,1.52,1.52,1.52,3554,2021-11-26 20:56:00,EBON
1.53,1.53,1.53,1.53,100,2021-11-26 20:57:00,EBON
1.53,1.53,1.53,1.53,300,2021-11-26 21:08:00,EBON
1.52,1.52,1.52,1.52,1367,2021-11-26 21:13:00,EBON
1.52,1.52,1.52,1.52,500,2021-11-26 21:21:00,EBON
1.52,1.52,1.52,1.52,300,2021-11-26 21:34:00,EBON
1.53,1.53,1.53,1.53,583,2021-11-26 21:35:00,EBON
1.54,1.54,1.54,1.54,1309,2021-11-26 21:44:00,EBON
1.54,1.54,1.54,1.54,150,2021-11-26 21:50:00,EBON
1.55,1.55,1.55,1.55,311,2021-11-29 09:10:00,EBON
1.55,1.55,1.55,1.55,189,2021-11-29 09:34:00,EBON
1.55,1.55,1.55,1.55,250,2021-11-29 09:46:00,EBON
1.55,1.55,1.55,1.55,100,2021-11-29 10:07:00,EBON
1.56,1.56,1.56,1.56,3027,2021-11-29 10:13:00,EBON
1.55,1.55,1.55,1.55,6100,2021-11-29 10:25:00,EBON
1.55,1.55,1.55,1.55,500,2021-11-29 10:38:00,EBON
1.55,1.55,1.55,1.55,300,2021-11-29 10:42:00,EBON
1.55,1.55,1.55,1.55,500,2021-11-29 11:42:00,EBON
1.55,1.55,1.55,1.55,100,2021-11-29 12:00:00,EBON
1.55,1.55,1.55,1.55,100,2021-11-29 12:12:00,EBON
1.54,1.54,1.54,1.54,449,2021-11-29 12:19:00,EBON
1.55,1.55,1.55,1.55,100,2021-11-29 12:32:00,EBON
1.55,1.55,1.55,1.55,8044,2021-11-29 12:42:00,EBON
1.54,1.54,1.54,1.54,2380,2021-11-29 12:53:00,EBON
1.54,1.54,1.54,1.54,600,2021-11-29 12:55:00,EBON
1.55,1.55,1.54,1.55,2782,2021-11-29 13:01:00,EBON
1.55,1.55,1.55,1.55,1600,2021-11-29 13:17:00,EBON
1.58,1.59,1.58,1.58,3001,2021-11-29 13:50:00,EBON
1.59,1.59,1.59,1.59,200,2021-11-29 13:52:00,EBON
1.59,1.59,1.59,1.59,900,2021-11-29 13:54:00,EBON
1.6,1.6,1.6,1.6,2766,2021-11-29 13:56:00,EBON
1.59,1.59,1.59,1.59,400,2021-11-29 13:58:00,EBON
1.59,1.59,1.59,1.59,2000,2021-11-29 14:00:00,EBON
1.59,1.59,1.59,1.59,300,2021-11-29 14:01:00,EBON
1.59,1.59,1.59,1.59,1250,2021-11-29 14:02:00,EBON
1.59,1.59,1.59,1.59,2300,2021-11-29 14:05:00,EBON
1.58,1.58,1.58,1.58,843,2021-11-29 14:07:00,EBON
1.59,1.59,1.58,1.58,400,2021-11-29 14:11:00,EBON
1.59,1.59,1.59,1.59,200,2021-11-29 14:14:00,EBON
1.59,1.59,1.59,1.59,100,2021-11-29 14:23:00,EBON
1.58,1.59,1.5701,1.575,29861,2021-11-29 14:30:00,EBON
1.5782,1.58,1.5714,1.58,8219,2021-11-29 14:31:00,EBON
1.575,1.5778,1.571,1.5711,700,2021-11-29 14:32:00,EBON
1.5711,1.579,1.5701,1.5718,6555,2021-11-29 14:33:00,EBON
1.5707,1.58,1.5707,1.58,2174,2021-11-29 14:34:00,EBON
1.575,1.575,1.551,1.551,16118,2021-11-29 14:35:00,EBON
1.55,1.5501,1.545,1.545,10944,2021-11-29 14:36:00,EBON
1.54,1.55,1.54,1.55,7072,2021-11-29 14:37:00,EBON
1.55,1.55,1.541,1.549,12000,2021-11-29 14:38:00,EBON
1.5499,1.5499,1.53,1.54,6258,2021-11-29 14:39:00,EBON
1.535,1.54,1.53,1.5314,16682,2021-11-29 14:40:00,EBON
1.5379,1.5379,1.53,1.535,2500,2021-11-29 14:42:00,EBON
1.5399,1.5399,1.5213,1.525,9871,2021-11-29 14:43:00,EBON
1.5277,1.5277,1.525,1.525,1166,2021-11-29 14:44:00,EBON
1.521,1.53,1.521,1.53,6900,2021-11-29 14:45:00,EBON
1.5289,1.5289,1.52,1.52,6750,2021-11-29 14:46:00,EBON
1.5299,1.5299,1.521,1.521,5500,2021-11-29 14:47:00,EBON
1.521,1.5271,1.521,1.5271,2332,2021-11-29 14:48:00,EBON
1.525,1.53,1.52,1.52,2204,2021-11-29 14:50:00,EBON
1.53,1.53,1.52,1.5284,1200,2021-11-29 14:51:00,EBON
1.53,1.53,1.521,1.5295,19866,2021-11-29 14:52:00,EBON
1.5201,1.5285,1.5201,1.525,10201,2021-11-29 14:53:00,EBON
1.525,1.535,1.525,1.535,15701,2021-11-29 14:54:00,EBON
1.54,1.54,1.535,1.54,19709,2021-11-29 14:55:00,EBON
1.5482,1.55,1.545,1.5489,4366,2021-11-29 14:56:00,EBON
1.55,1.55,1.5401,1.5447,11887,2021-11-29 14:57:00,EBON
1.545,1.5475,1.5448,1.5475,3000,2021-11-29 14:58:00,EBON
1.54,1.54,1.53,1.53,4482,2021-11-29 14:59:00,EBON
1.53,1.53,1.525,1.525,2473,2021-11-29 15:00:00,EBON
1.525,1.525,1.52,1.52,4475,2021-11-29 15:01:00,EBON
1.525,1.525,1.5216,1.5216,500,2021-11-29 15:02:00,EBON
1.53,1.53,1.521,1.521,1141,2021-11-29 15:03:00,EBON
1.5213,1.5213,1.52,1.52,9780,2021-11-29 15:04:00,EBON
1.5276,1.53,1.525,1.53,7550,2021-11-29 15:06:00,EBON
1.525,1.5299,1.52,1.525,14612,2021-11-29 15:07:00,EBON
1.53,1.53,1.525,1.525,1700,2021-11-29 15:08:00,EBON
1.53,1.53,1.521,1.521,3400,2021-11-29 15:09:00,EBON
1.525,1.525,1.5243,1.5243,235,2021-11-29 15:10:00,EBON
1.525,1.53,1.525,1.525,4479,2021-11-29 15:11:00,EBON
1.52,1.53,1.52,1.525,9348,2021-11-29 15:12:00,EBON
1.52,1.525,1.52,1.52,11627,2021-11-29 15:13:00,EBON
1.5274,1.5274,1.525,1.525,1119,2021-11-29 15:14:00,EBON
1.525,1.525,1.52,1.521,3100,2021-11-29 15:15:00,EBON
1.52,1.525,1.52,1.522,1494,2021-11-29 15:16:00,EBON
1.52,1.5289,1.52,1.525,4934,2021-11-29 15:17:00,EBON
1.525,1.5292,1.525,1.5292,5200,2021-11-29 15:18:00,EBON
1.525,1.53,1.525,1.53,10200,2021-11-29 15:19:00,EBON
1.525,1.525,1.5201,1.5209,13400,2021-11-29 15:20:00,EBON
1.525,1.525,1.521,1.525,4599,2021-11-29 15:21:00,EBON
1.525,1.525,1.525,1.525,100,2021-11-29 15:22:00,EBON
1.53,1.53,1.5201,1.5202,3886,2021-11-29 15:23:00,EBON
1.525,1.53,1.525,1.53,250,2021-11-29 15:24:00,EBON
1.525,1.5283,1.521,1.5273,1500,2021-11-29 15:25:00,EBON
1.52,1.525,1.52,1.525,1370,2021-11-29 15:26:00,EBON
1.5212,1.5212,1.5107,1.5107,41739,2021-11-29 15:27:00,EBON
1.515,1.515,1.515,1.515,900,2021-11-29 15:28:00,EBON
1.5116,1.52,1.5116,1.52,1400,2021-11-29 15:29:00,EBON
1.51,1.5175,1.51,1.511,1527,2021-11-29 15:30:00,EBON
1.515,1.515,1.501,1.505,19188,2021-11-29 15:31:00,EBON
1.505,1.505,1.505,1.505,100,2021-11-29 15:32:00,EBON
1.505,1.505,1.505,1.505,100,2021-11-29 15:33:00,EBON
1.5077,1.5098,1.5,1.505,10531,2021-11-29 15:34:00,EBON
1.5001,1.52,1.5001,1.52,22880,2021-11-29 15:35:00,EBON
1.515,1.515,1.51,1.51,3420,2021-11-29 15:36:00,EBON
1.505,1.505,1.5,1.505,2263,2021-11-29 15:37:00,EBON
1.5077,1.51,1.501,1.5053,3156,2021-11-29 15:38:00,EBON
1.505,1.505,1.5001,1.505,4275,2021-11-29 15:39:00,EBON
1.505,1.505,1.5019,1.5019,509,2021-11-29 15:40:00,EBON
1.505,1.5087,1.5,1.5,2599,2021-11-29 15:41:00,EBON
1.505,1.505,1.5,1.5,3640,2021-11-29 15:42:00,EBON
1.505,1.505,1.5,1.5001,1200,2021-11-29 15:43:00,EBON
1.51,1.51,1.5,1.5,9538,2021-11-29 15:44:00,EBON
1.505,1.505,1.5021,1.505,2111,2021-11-29 15:45:00,EBON
1.505,1.51,1.501,1.501,8773,2021-11-29 15:46:00,EBON
1.5001,1.51,1.5001,1.505,4997,2021-11-29 15:47:00,EBON
1.5096,1.5096,1.505,1.505,1502,2021-11-29 15:48:00,EBON
1.5049,1.51,1.5,1.505,54300,2021-11-29 15:49:00,EBON
1.505,1.505,1.505,1.505,1100,2021-11-29 15:50:00,EBON
1.505,1.505,1.505,1.505,200,2021-11-29 15:51:00,EBON
1.5056,1.5086,1.505,1.505,3270,2021-11-29 15:52:00,EBON
1.501,1.505,1.501,1.505,1081,2021-11-29 15:53:00,EBON
1.5,1.5,1.5,1.5,500,2021-11-29 15:54:00,EBON
1.505,1.5087,1.5013,1.5087,5890,2021-11-29 15:55:00,EBON
1.5001,1.505,1.5001,1.505,2773,2021-11-29 15:56:00,EBON
1.505,1.505,1.5027,1.505,1553,2021-11-29 15:57:00,EBON
1.505,1.5084,1.505,1.505,1432,2021-11-29 15:58:00,EBON
1.505,1.51,1.5,1.505,4827,2021-11-29 15:59:00,EBON
1.505,1.5099,1.505,1.505,10700,2021-11-29 16:00:00,EBON
1.505,1.505,1.5034,1.505,4589,2021-11-29 16:01:00,EBON
1.505,1.5077,1.505,1.505,2354,2021-11-29 16:02:00,EBON
1.5099,1.5099,1.505,1.505,1968,2021-11-29 16:03:00,EBON
1.505,1.5076,1.505,1.505,4865,2021-11-29 16:04:00,EBON
1.505,1.505,1.505,1.505,10740,2021-11-29 16:05:00,EBON
1.5077,1.5077,1.5077,1.5077,200,2021-11-29 16:06:00,EBON
1.5016,1.505,1.5001,1.5001,7800,2021-11-29 16:07:00,EBON
1.505,1.505,1.505,1.505,700,2021-11-29 16:08:00,EBON
1.51,1.51,1.5,1.5001,11576,2021-11-29 16:09:00,EBON
1.505,1.51,1.5049,1.5049,7550,2021-11-29 16:10:00,EBON
1.505,1.505,1.5018,1.5018,600,2021-11-29 16:11:00,EBON
1.505,1.505,1.5001,1.5001,850,2021-11-29 16:12:00,EBON
1.505,1.505,1.502,1.505,3200,2021-11-29 16:13:00,EBON
1.5012,1.51,1.5012,1.5079,12377,2021-11-29 16:14:00,EBON
1.505,1.505,1.505,1.505,1200,2021-11-29 16:15:00,EBON
1.5,1.5,1.5,1.5,500,2021-11-29 16:16:00,EBON
1.505,1.5082,1.505,1.5082,750,2021-11-29 16:17:00,EBON
1.505,1.505,1.5,1.505,1555,2021-11-29 16:18:00,EBON
1.505,1.505,1.5001,1.5001,1200,2021-11-29 16:19:00,EBON
1.505,1.5088,1.505,1.505,4236,2021-11-29 16:20:00,EBON
1.505,1.505,1.5,1.5,5990,2021-11-29 16:21:00,EBON
1.51,1.51,1.505,1.5086,1102,2021-11-29 16:22:00,EBON
1.505,1.505,1.505,1.505,1000,2021-11-29 16:23:00,EBON
1.5001,1.5076,1.5001,1.5076,522,2021-11-29 16:24:00,EBON
1.51,1.51,1.505,1.505,500,2021-11-29 16:25:00,EBON
1.5087,1.5087,1.505,1.505,400,2021-11-29 16:26:00,EBON
1.505,1.505,1.505,1.505,870,2021-11-29 16:27:00,EBON
1.505,1.505,1.505,1.505,200,2021-11-29 16:28:00,EBON
1.505,1.505,1.505,1.505,200,2021-11-29 16:29:00,EBON
1.5053,1.5053,1.505,1.505,325,2021-11-29 16:30:00,EBON
1.5018,1.5099,1.5018,1.505,1050,2021-11-29 16:31:00,EBON
1.505,1.505,1.505,1.505,100,2021-11-29 16:32:00,EBON
1.5091,1.5091,1.5021,1.5021,1200,2021-11-29 16:33:00,EBON
1.51,1.51,1.505,1.505,2400,2021-11-29 16:34:00,EBON
1.505,1.5076,1.5021,1.505,600,2021-11-29 16:35:00,EBON
1.505,1.505,1.5018,1.505,470,2021-11-29 16:36:00,EBON
1.505,1.5084,1.505,1.5084,300,2021-11-29 16:37:00,EBON
1.505,1.5076,1.5021,1.5076,500,2021-11-29 16:38:00,EBON
1.505,1.505,1.505,1.505,200,2021-11-29 16:39:00,EBON
1.5087,1.5087,1.505,1.505,860,2021-11-29 16:40:00,EBON
1.5001,1.505,1.5001,1.505,8011,2021-11-29 16:41:00,EBON
1.505,1.505,1.505,1.505,100,2021-11-29 16:42:00,EBON
1.5005,1.505,1.5005,1.505,14135,2021-11-29 16:43:00,EBON
1.51,1.51,1.505,1.505,1000,2021-11-29 16:44:00,EBON
1.505,1.505,1.505,1.505,200,2021-11-29 16:45:00,EBON
1.505,1.515,1.505,1.515,20878,2021-11-29 16:47:00,EBON
1.515,1.5184,1.51,1.51,4564,2021-11-29 16:48:00,EBON
1.5148,1.515,1.5105,1.515,15263,2021-11-29 16:49:00,EBON
1.515,1.515,1.515,1.515,326,2021-11-29 16:50:00,EBON
1.515,1.515,1.515,1.515,200,2021-11-29 16:51:00,EBON
1.5184,1.5184,1.515,1.515,900,2021-11-29 16:52:00,EBON
1.515,1.515,1.515,1.515,8200,2021-11-29 16:53:00,EBON
1.515,1.515,1.515,1.515,100,2021-11-29 16:54:00,EBON
1.51,1.52,1.51,1.5121,2108,2021-11-29 16:55:00,EBON
1.5151,1.52,1.515,1.515,3600,2021-11-29 16:56:00,EBON
1.515,1.515,1.515,1.515,200,2021-11-29 16:57:00,EBON
1.515,1.515,1.515,1.515,2000,2021-11-29 16:58:00,EBON
1.515,1.515,1.515,1.515,200,2021-11-29 16:59:00,EBON
1.515,1.5181,1.515,1.515,337,2021-11-29 17:00:00,EBON
1.52,1.52,1.515,1.515,792,2021-11-29 17:01:00,EBON
1.52,1.52,1.515,1.515,200,2021-11-29 17:02:00,EBON
1.515,1.5199,1.515,1.5199,1625,2021-11-29 17:03:00,EBON
1.515,1.515,1.511,1.515,839,2021-11-29 17:04:00,EBON
1.518,1.525,1.515,1.525,25696,2021-11-29 17:05:00,EBON
1.52,1.525,1.52,1.525,1500,2021-11-29 17:06:00,EBON
1.5283,1.5283,1.525,1.525,1100,2021-11-29 17:07:00,EBON
1.525,1.53,1.525,1.5282,18200,2021-11-29 17:08:00,EBON
1.525,1.53,1.525,1.53,21500,2021-11-29 17:09:00,EBON
1.525,1.525,1.525,1.525,100,2021-11-29 17:10:00,EBON
1.525,1.5298,1.525,1.5298,592,2021-11-29 17:11:00,EBON
1.52,1.525,1.52,1.525,1105,2021-11-29 17:12:00,EBON
1.525,1.525,1.525,1.525,100,2021-11-29 17:13:00,EBON
1.525,1.5281,1.52,1.525,1864,2021-11-29 17:15:00,EBON
1.5221,1.5273,1.5221,1.525,725,2021-11-29 17:16:00,EBON
1.525,1.53,1.525,1.525,1350,2021-11-29 17:17:00,EBON
1.53,1.53,1.525,1.5255,790,2021-11-29 17:18:00,EBON
1.525,1.5299,1.5226,1.5299,445,2021-11-29 17:19:00,EBON
1.525,1.5291,1.525,1.5282,6928,2021-11-29 17:20:00,EBON
1.525,1.53,1.525,1.53,1655,2021-11-29 17:21:00,EBON
1.525,1.525,1.525,1.525,200,2021-11-29 17:22:00,EBON
1.53,1.53,1.5226,1.525,2541,2021-11-29 17:23:00,EBON
1.525,1.5296,1.521,1.5296,1864,2021-11-29 17:24:00,EBON
1.525,1.525,1.521,1.521,966,2021-11-29 17:25:00,EBON
1.525,1.525,1.525,1.525,250,2021-11-29 17:26:00,EBON
1.525,1.525,1.521,1.525,938,2021-11-29 17:27:00,EBON
1.5223,1.525,1.5223,1.525,500,2021-11-29 17:28:00,EBON
1.521,1.53,1.521,1.53,18458,2021-11-29 17:29:00,EBON
1.525,1.54,1.525,1.5399,19145,2021-11-29 17:30:00,EBON
1.54,1.54,1.53,1.53,300,2021-11-29 17:31:00,EBON
1.54,1.54,1.5391,1.5391,600,2021-11-29 17:32:00,EBON
1.5388,1.54,1.535,1.5351,1030,2021-11-29 17:33:00,EBON
1.5394,1.54,1.535,1.535,2700,2021-11-29 17:34:00,EBON
1.54,1.54,1.53,1.54,19921,2021-11-29 17:35:00,EBON
1.5392,1.54,1.535,1.5395,3941,2021-11-29 17:36:00,EBON
1.54,1.54,1.5389,1.54,3271,2021-11-29 17:37:00,EBON
1.54,1.55,1.54,1.545,9028,2021-11-29 17:38:00,EBON
1.5401,1.55,1.5401,1.55,6730,2021-11-29 17:39:00,EBON
1.545,1.55,1.5401,1.55,14568,2021-11-29 17:40:00,EBON
1.55,1.55,1.545,1.5484,800,2021-11-29 17:41:00,EBON
1.545,1.545,1.545,1.545,2237,2021-11-29 17:42:00,EBON
1.55,1.55,1.545,1.55,600,2021-11-29 17:43:00,EBON
1.5426,1.55,1.5426,1.55,815,2021-11-29 17:44:00,EBON
1.55,1.55,1.542,1.548,1224,2021-11-29 17:45:00,EBON
1.545,1.55,1.545,1.545,735,2021-11-29 17:46:00,EBON
1.545,1.545,1.545,1.545,100,2021-11-29 17:47:00,EBON
1.55,1.55,1.5425,1.55,19788,2021-11-29 17:48:00,EBON
1.545,1.55,1.545,1.55,500,2021-11-29 17:49:00,EBON
1.5453,1.55,1.545,1.545,1300,2021-11-29 17:50:00,EBON
1.545,1.545,1.545,1.545,3243,2021-11-29 17:51:00,EBON
1.5401,1.5451,1.5401,1.5451,1500,2021-11-29 17:52:00,EBON
1.55,1.55,1.5409,1.5418,5123,2021-11-29 17:53:00,EBON
1.545,1.545,1.545,1.545,1383,2021-11-29 17:55:00,EBON
1.545,1.545,1.545,1.545,900,2021-11-29 17:56:00,EBON
1.55,1.55,1.545,1.545,450,2021-11-29 17:58:00,EBON
1.5482,1.5482,1.5421,1.5421,704,2021-11-29 17:59:00,EBON
1.5482,1.5482,1.5421,1.545,4724,2021-11-29 18:00:00,EBON
1.545,1.545,1.5401,1.5401,850,2021-11-29 18:01:00,EBON
1.545,1.545,1.54,1.54,700,2021-11-29 18:03:00,EBON
1.545,1.55,1.545,1.545,3300,2021-11-29 18:04:00,EBON
1.545,1.545,1.545,1.545,1600,2021-11-29 18:05:00,EBON
1.545,1.545,1.545,1.545,900,2021-11-29 18:06:00,EBON
1.545,1.545,1.545,1.545,2100,2021-11-29 18:07:00,EBON
1.545,1.55,1.545,1.55,390,2021-11-29 18:08:00,EBON
1.545,1.5451,1.545,1.5451,6100,2021-11-29 18:09:00,EBON
1.545,1.545,1.54,1.5401,13660,2021-11-29 18:10:00,EBON
1.545,1.55,1.54,1.545,22288,2021-11-29 18:11:00,EBON
1.55,1.55,1.545,1.55,1900,2021-11-29 18:12:00,EBON
1.55,1.55,1.55,1.55,150,2021-11-29 18:13:00,EBON
1.545,1.545,1.545,1.545,4000,2021-11-29 18:14:00,EBON
1.545,1.55,1.545,1.55,294,2021-11-29 18:15:00,EBON
1.545,1.545,1.53,1.53,64325,2021-11-29 18:17:00,EBON
1.5312,1.535,1.5312,1.535,2300,2021-11-29 18:18:00,EBON
1.535,1.535,1.535,1.535,200,2021-11-29 18:19:00,EBON
1.5351,1.5351,1.535,1.535,2600,2021-11-29 18:21:00,EBON
1.535,1.535,1.535,1.535,300,2021-11-29 18:22:00,EBON
1.535,1.535,1.535,1.535,100,2021-11-29 18:23:00,EBON
1.535,1.535,1.535,1.535,304,2021-11-29 18:24:00,EBON
1.535,1.535,1.535,1.535,100,2021-11-29 18:25:00,EBON
1.535,1.535,1.531,1.531,727,2021-11-29 18:26:00,EBON
1.54,1.54,1.53,1.5318,3695,2021-11-29 18:27:00,EBON
1.531,1.531,1.531,1.531,3250,2021-11-29 18:28:00,EBON
1.5382,1.54,1.5308,1.535,5600,2021-11-29 18:29:00,EBON
1.535,1.535,1.535,1.535,200,2021-11-29 18:30:00,EBON
1.5379,1.5379,1.5379,1.5379,281,2021-11-29 18:32:00,EBON
1.535,1.535,1.531,1.535,862,2021-11-29 18:33:00,EBON
1.535,1.535,1.531,1.531,783,2021-11-29 18:35:00,EBON
1.535,1.535,1.535,1.535,100,2021-11-29 18:36:00,EBON
1.5315,1.54,1.531,1.5315,3118,2021-11-29 18:37:00,EBON
1.535,1.54,1.535,1.535,584,2021-11-29 18:38:00,EBON
1.54,1.54,1.54,1.54,100,2021-11-29 18:39:00,EBON
1.535,1.535,1.5301,1.535,900,2021-11-29 18:40:00,EBON
1.535,1.535,1.5307,1.535,1200,2021-11-29 18:41:00,EBON
1.535,1.5399,1.535,1.5399,200,2021-11-29 18:42:00,EBON
1.535,1.535,1.535,1.535,300,2021-11-29 18:43:00,EBON
1.5351,1.5362,1.53,1.53,10000,2021-11-29 18:44:00,EBON
1.535,1.535,1.535,1.535,352,2021-11-29 18:45:00,EBON
1.53,1.5311,1.53,1.53,18272,2021-11-29 18:46:00,EBON
1.5301,1.535,1.53,1.53,3704,2021-11-29 18:48:00,EBON
1.535,1.535,1.535,1.535,200,2021-11-29 18:49:00,EBON
1.5301,1.5301,1.53,1.53,1806,2021-11-29 18:50:00,EBON
1.535,1.5374,1.53,1.5374,620,2021-11-29 18:51:00,EBON
1.535,1.535,1.535,1.535,1200,2021-11-29 18:52:00,EBON
1.535,1.535,1.535,1.535,100,2021-11-29 18:53:00,EBON
1.535,1.535,1.53,1.53,300,2021-11-29 18:54:00,EBON
1.535,1.535,1.531,1.531,1200,2021-11-29 18:55:00,EBON
1.535,1.535,1.535,1.535,100,2021-11-29 18:56:00,EBON
1.5316,1.5316,1.531,1.531,1500,2021-11-29 18:57:00,EBON
1.535,1.535,1.535,1.535,200,2021-11-29 18:58:00,EBON
1.535,1.535,1.535,1.535,200,2021-11-29 18:59:00,EBON
1.535,1.54,1.535,1.5352,1400,2021-11-29 19:00:00,EBON
1.535,1.535,1.535,1.535,1000,2021-11-29 19:01:00,EBON
1.535,1.535,1.532,1.532,200,2021-11-29 19:02:00,EBON
1.535,1.535,1.535,1.535,4000,2021-11-29 19:03:00,EBON
1.535,1.5374,1.531,1.535,2606,2021-11-29 19:04:00,EBON
1.535,1.5399,1.53,1.5399,700,2021-11-29 19:05:00,EBON
1.535,1.5374,1.535,1.535,600,2021-11-29 19:06:00,EBON
1.535,1.535,1.5321,1.535,600,2021-11-29 19:07:00,EBON
1.5357,1.5357,1.535,1.535,637,2021-11-29 19:08:00,EBON
1.53,1.535,1.53,1.535,400,2021-11-29 19:09:00,EBON
1.54,1.54,1.535,1.535,2500,2021-11-29 19:10:00,EBON
1.535,1.5383,1.535,1.535,1200,2021-11-29 19:11:00,EBON
1.535,1.535,1.535,1.535,3000,2021-11-29 19:12:00,EBON
1.5399,1.54,1.535,1.535,2644,2021-11-29 19:13:00,EBON
1.535,1.5383,1.535,1.5383,1300,2021-11-29 19:14:00,EBON
1.535,1.535,1.535,1.535,200,2021-11-29 19:15:00,EBON
1.5381,1.5381,1.5381,1.5381,600,2021-11-29 19:16:00,EBON
1.535,1.535,1.535,1.535,100,2021-11-29 19:17:00,EBON
1.535,1.535,1.535,1.535,200,2021-11-29 19:18:00,EBON
1.535,1.535,1.535,1.535,700,2021-11-29 19:19:00,EBON
1.535,1.54,1.5301,1.535,2120,2021-11-29 19:20:00,EBON
1.535,1.5399,1.5318,1.5318,3094,2021-11-29 19:21:00,EBON
1.535,1.535,1.5301,1.5301,800,2021-11-29 19:22:00,EBON
1.535,1.535,1.53,1.5317,2851,2021-11-29 19:23:00,EBON
1.535,1.535,1.535,1.535,100,2021-11-29 19:24:00,EBON
1.535,1.535,1.535,1.535,200,2021-11-29 19:25:00,EBON
1.5374,1.5374,1.535,1.535,200,2021-11-29 19:26:00,EBON
1.5399,1.5399,1.535,1.535,5142,2021-11-29 19:27:00,EBON
1.535,1.535,1.535,1.535,100,2021-11-29 19:28:00,EBON
1.535,1.535,1.535,1.535,100,2021-11-29 19:29:00,EBON
1.535,1.535,1.535,1.535,400,2021-11-29 19:30:00,EBON
1.532,1.532,1.532,1.532,100,2021-11-29 19:31:00,EBON
1.535,1.5374,1.531,1.531,1000,2021-11-29 19:32:00,EBON
1.535,1.535,1.535,1.535,1300,2021-11-29 19:33:00,EBON
1.535,1.535,1.535,1.535,100,2021-11-29 19:34:00,EBON
1.535,1.535,1.5314,1.535,3015,2021-11-29 19:35:00,EBON
1.535,1.54,1.5304,1.54,1549,2021-11-29 19:36:00,EBON
1.535,1.535,1.5318,1.5318,11149,2021-11-29 19:37:00,EBON
1.535,1.535,1.5317,1.5317,1379,2021-11-29 19:38:00,EBON
1.535,1.54,1.535,1.535,36396,2021-11-29 19:39:00,EBON
1.54,1.54,1.535,1.54,8260,2021-11-29 19:40:00,EBON
1.54,1.54,1.535,1.535,5200,2021-11-29 19:41:00,EBON
1.54,1.54,1.535,1.535,827,2021-11-29 19:42:00,EBON
1.5301,1.54,1.5301,1.535,800,2021-11-29 19:43:00,EBON
1.5314,1.535,1.5314,1.535,4400,2021-11-29 19:44:00,EBON
1.5392,1.5392,1.535,1.535,2800,2021-11-29 19:45:00,EBON
1.5317,1.5379,1.5317,1.5379,1500,2021-11-29 19:46:00,EBON
1.535,1.5385,1.535,1.5385,2300,2021-11-29 19:47:00,EBON
1.535,1.535,1.5301,1.5316,2690,2021-11-29 19:48:00,EBON
1.535,1.535,1.53,1.5301,49078,2021-11-29 19:49:00,EBON
1.53,1.53,1.525,1.525,12716,2021-11-29 19:50:00,EBON
1.525,1.525,1.525,1.525,200,2021-11-29 19:51:00,EBON
1.525,1.53,1.521,1.521,3832,2021-11-29 19:52:00,EBON
1.525,1.5299,1.525,1.5299,3100,2021-11-29 19:53:00,EBON
1.525,1.525,1.521,1.521,839,2021-11-29 19:54:00,EBON
1.5204,1.53,1.5204,1.5277,2520,2021-11-29 19:55:00,EBON
1.5201,1.525,1.5201,1.525,792,2021-11-29 19:56:00,EBON
1.5215,1.53,1.52,1.53,5100,2021-11-29 19:57:00,EBON
1.5201,1.525,1.5201,1.525,208,2021-11-29 19:58:00,EBON
1.525,1.525,1.525,1.525,100,2021-11-29 19:59:00,EBON
1.525,1.525,1.5201,1.5201,1700,2021-11-29 20:00:00,EBON
1.52,1.525,1.52,1.525,200,2021-11-29 20:01:00,EBON
1.5201,1.525,1.5201,1.525,900,2021-11-29 20:02:00,EBON
1.5274,1.5277,1.52,1.5277,5750,2021-11-29 20:03:00,EBON
1.525,1.53,1.525,1.53,200,2021-11-29 20:04:00,EBON
1.525,1.525,1.52,1.52,7366,2021-11-29 20:05:00,EBON
1.52,1.525,1.52,1.525,9212,2021-11-29 20:06:00,EBON
1.52,1.5299,1.52,1.52,5617,2021-11-29 20:07:00,EBON
1.525,1.525,1.521,1.525,7031,2021-11-29 20:08:00,EBON
1.525,1.525,1.525,1.525,100,2021-11-29 20:09:00,EBON
1.52,1.525,1.52,1.525,200,2021-11-29 20:10:00,EBON
1.525,1.525,1.5201,1.5201,240,2021-11-29 20:11:00,EBON
1.5211,1.525,1.52,1.52,1300,2021-11-29 20:12:00,EBON
1.521,1.525,1.521,1.525,1161,2021-11-29 20:13:00,EBON
1.52,1.52,1.52,1.52,100,2021-11-29 20:14:00,EBON
1.525,1.525,1.5201,1.5201,1600,2021-11-29 20:15:00,EBON
1.52,1.525,1.52,1.525,1400,2021-11-29 20:16:00,EBON
1.521,1.525,1.5201,1.525,2900,2021-11-29 20:17:00,EBON
1.5216,1.5216,1.5216,1.5216,301,2021-11-29 20:18:00,EBON
1.525,1.525,1.525,1.525,200,2021-11-29 20:19:00,EBON
1.5292,1.5292,1.52,1.525,7100,2021-11-29 20:20:00,EBON
1.525,1.5274,1.521,1.525,1400,2021-11-29 20:21:00,EBON
1.5271,1.5271,1.5271,1.5271,200,2021-11-29 20:22:00,EBON
1.525,1.525,1.525,1.525,100,2021-11-29 20:23:00,EBON
1.52,1.52,1.52,1.52,100,2021-11-29 20:24:00,EBON
1.525,1.525,1.525,1.525,100,2021-11-29 20:25:00,EBON
1.525,1.525,1.525,1.525,326,2021-11-29 20:27:00,EBON
1.525,1.53,1.525,1.525,3000,2021-11-29 20:28:00,EBON
1.52,1.52,1.52,1.52,100,2021-11-29 20:29:00,EBON
1.525,1.525,1.521,1.521,1179,2021-11-29 20:30:00,EBON
1.53,1.53,1.5225,1.5225,200,2021-11-29 20:31:00,EBON
1.5246,1.5246,1.5246,1.5246,4300,2021-11-29 20:32:00,EBON
1.5273,1.5273,1.5273,1.5273,132,2021-11-29 20:33:00,EBON
1.5273,1.5273,1.5273,1.5273,100,2021-11-29 20:34:00,EBON
1.53,1.53,1.52,1.52,8000,2021-11-29 20:35:00,EBON
1.5247,1.5247,1.52,1.52,3100,2021-11-29 20:36:00,EBON
1.525,1.525,1.525,1.525,1954,2021-11-29 20:37:00,EBON
1.525,1.525,1.525,1.525,100,2021-11-29 20:38:00,EBON
1.5208,1.5208,1.5208,1.5208,100,2021-11-29 20:39:00,EBON
1.5204,1.5204,1.5204,1.5204,150,2021-11-29 20:40:00,EBON
1.5209,1.53,1.5209,1.5283,5032,2021-11-29 20:41:00,EBON
1.525,1.525,1.525,1.525,7445,2021-11-29 20:42:00,EBON
1.5208,1.5273,1.5208,1.5273,1150,2021-11-29 20:43:00,EBON
1.52,1.525,1.52,1.525,2765,2021-11-29 20:44:00,EBON
1.52,1.525,1.52,1.521,1600,2021-11-29 20:45:00,EBON
1.52,1.53,1.52,1.53,438,2021-11-29 20:46:00,EBON
1.5208,1.5208,1.5208,1.5208,7120,2021-11-29 20:47:00,EBON
1.525,1.525,1.525,1.525,200,2021-11-29 20:48:00,EBON
1.52,1.525,1.52,1.5214,3300,2021-11-29 20:49:00,EBON
1.52,1.52,1.52,1.52,100,2021-11-29 20:50:00,EBON
1.5218,1.525,1.5218,1.525,1008,2021-11-29 20:51:00,EBON
1.52,1.5215,1.52,1.5215,3100,2021-11-29 20:52:00,EBON
1.525,1.525,1.521,1.521,5911,2021-11-29 20:53:00,EBON
1.5284,1.53,1.525,1.525,6169,2021-11-29 20:54:00,EBON
1.525,1.525,1.525,1.525,3636,2021-11-29 20:55:00,EBON
1.525,1.5275,1.5225,1.525,6450,2021-11-29 20:56:00,EBON
1.525,1.53,1.5201,1.5284,6477,2021-11-29 20:57:00,EBON
1.525,1.53,1.52,1.525,11288,2021-11-29 20:58:00,EBON
1.525,1.53,1.52,1.53,23362,2021-11-29 20:59:00,EBON
1.53,1.53,1.53,1.53,19255,2021-11-29 21:00:00,EBON
1.53,1.53,1.53,1.53,144,2021-11-29 21:02:00,EBON
1.52,1.52,1.52,1.52,10000,2021-11-29 21:22:00,EBON
1.53,1.53,1.53,1.53,1650,2021-11-29 21:26:00,EBON
1.52,1.52,1.52,1.52,5000,2021-11-29 21:47:00,EBON
1.53,1.53,1.53,1.53,1000,2021-11-29 21:49:00,EBON
1.53,1.53,1.53,1.53,2537,2021-11-29 21:50:00,EBON
1.52,1.53,1.52,1.53,1278,2021-11-29 21:51:00,EBON
1.53,1.53,1.53,1.53,440,2021-11-29 21:52:00,EBON
1.53,1.53,1.53,1.53,2000,2021-11-29 22:12:00,EBON
1.5301,1.5301,1.5301,1.5301,175,2021-11-29 22:26:00,EBON
1.53,1.53,1.52,1.52,931,2021-11-29 22:33:00,EBON
1.51,1.51,1.51,1.51,1184,2021-11-29 22:39:00,EBON
1.53,1.53,1.53,1.53,566,2021-11-29 22:44:00,EBON
1.53,1.53,1.53,1.53,496,2021-11-29 22:45:00,EBON
1.54,1.54,1.54,1.54,1300,2021-11-29 22:57:00,EBON
1.54,1.54,1.54,1.54,1500,2021-11-29 22:58:00,EBON
1.54,1.54,1.54,1.54,5000,2021-11-29 23:29:00,EBON
1.53,1.53,1.5,1.5,3935,2021-11-29 23:51:00,EBON
1.5,1.5,1.5,1.5,100,2021-11-29 23:59:00,EBON
