open,high,low,close,volume,datetime,symbol
14.96,14.96,14.96,14.96,4048,2021-11-01 13:30:00,VRRM
14.9,14.9,14.9,14.9,200,2021-11-01 13:32:00,VRRM
14.92,14.92,14.92,14.92,100,2021-11-01 13:33:00,VRRM
14.97,15.0296,14.97,14.98,2462,2021-11-01 13:34:00,VRRM
15.0,15.01,15.0,15.0,1939,2021-11-01 13:35:00,VRRM
15.02,15.02,14.98,14.98,1766,2021-11-01 13:36:00,VRRM
14.98,14.98,14.98,14.98,100,2021-11-01 13:37:00,VRRM
15.0,15.01,15.0,15.0,2049,2021-11-01 13:38:00,VRRM
15.05,15.06,15.0,15.0,4700,2021-11-01 13:39:00,VRRM
14.98,14.98,14.97,14.97,1100,2021-11-01 13:41:00,VRRM
14.98,15.0,14.98,14.99,2717,2021-11-01 13:42:00,VRRM
14.97,14.97,14.97,14.97,100,2021-11-01 13:44:00,VRRM
14.97,14.97,14.97,14.97,100,2021-11-01 13:45:00,VRRM
14.99,14.99,14.99,14.99,400,2021-11-01 13:46:00,VRRM
15.0,15.0,14.99,15.0,9001,2021-11-01 13:47:00,VRRM
15.0,15.0,15.0,15.0,2414,2021-11-01 13:48:00,VRRM
15.0,15.0,15.0,15.0,2826,2021-11-01 13:49:00,VRRM
14.995,15.0,14.995,15.0,539,2021-11-01 13:50:00,VRRM
15.0,15.0,15.0,15.0,4369,2021-11-01 13:51:00,VRRM
15.0,15.0,15.0,15.0,4017,2021-11-01 13:52:00,VRRM
15.0,15.0,15.0,15.0,3555,2021-11-01 13:53:00,VRRM
15.0,15.01,14.995,15.0,21599,2021-11-01 13:54:00,VRRM
15.0,15.03,15.0,15.025,12115,2021-11-01 13:55:00,VRRM
15.025,15.025,15.025,15.025,200,2021-11-01 13:56:00,VRRM
15.03,15.055,15.025,15.05,1200,2021-11-01 13:57:00,VRRM
15.06,15.085,15.06,15.07,4077,2021-11-01 13:58:00,VRRM
15.075,15.11,15.075,15.11,2200,2021-11-01 13:59:00,VRRM
15.11,15.12,15.11,15.12,613,2021-11-01 14:00:00,VRRM
15.14,15.17,15.14,15.17,1260,2021-11-01 14:01:00,VRRM
15.17,15.22,15.13,15.13,22070,2021-11-01 14:02:00,VRRM
15.14,15.14,15.095,15.1,9419,2021-11-01 14:03:00,VRRM
15.1,15.15,15.09,15.15,8051,2021-11-01 14:04:00,VRRM
15.15,15.18,15.15,15.18,1727,2021-11-01 14:05:00,VRRM
15.2,15.205,15.14,15.14,13257,2021-11-01 14:06:00,VRRM
15.15,15.155,15.15,15.15,1916,2021-11-01 14:07:00,VRRM
15.155,15.175,15.155,15.175,1101,2021-11-01 14:09:00,VRRM
15.175,15.175,15.175,15.175,400,2021-11-01 14:10:00,VRRM
15.18,15.19,15.17,15.17,2965,2021-11-01 14:11:00,VRRM
15.18,15.22,15.18,15.19,13151,2021-11-01 14:12:00,VRRM
15.195,15.195,15.19,15.19,900,2021-11-01 14:13:00,VRRM
15.2,15.21,15.18,15.185,7919,2021-11-01 14:14:00,VRRM
15.19,15.19,15.135,15.15,1919,2021-11-01 14:15:00,VRRM
15.14,15.16,15.14,15.16,818,2021-11-01 14:17:00,VRRM
15.155,15.155,15.155,15.155,100,2021-11-01 14:18:00,VRRM
15.15,15.18,15.15,15.18,498,2021-11-01 14:19:00,VRRM
15.2,15.225,15.2,15.225,12614,2021-11-01 14:20:00,VRRM
15.22,15.23,15.2,15.2,1542,2021-11-01 14:22:00,VRRM
15.21,15.22,15.21,15.22,1048,2021-11-01 14:23:00,VRRM
15.22,15.22,15.2116,15.2116,700,2021-11-01 14:24:00,VRRM
15.23,15.26,15.22,15.22,13579,2021-11-01 14:25:00,VRRM
15.24,15.32,15.24,15.32,24729,2021-11-01 14:26:00,VRRM
15.33,15.36,15.33,15.355,1723,2021-11-01 14:27:00,VRRM
15.35,15.36,15.35,15.36,2737,2021-11-01 14:28:00,VRRM
15.37,15.3799,15.37,15.3799,1991,2021-11-01 14:29:00,VRRM
15.38,15.45,15.38,15.45,4289,2021-11-01 14:30:00,VRRM
15.45,15.485,15.44,15.48,5744,2021-11-01 14:31:00,VRRM
15.485,15.49,15.46,15.46,6364,2021-11-01 14:32:00,VRRM
15.45,15.5,15.45,15.49,2430,2021-11-01 14:33:00,VRRM
15.51,15.51,15.49,15.5,11198,2021-11-01 14:34:00,VRRM
15.51,15.535,15.45,15.45,29152,2021-11-01 14:35:00,VRRM
15.46,15.46,15.46,15.46,300,2021-11-01 14:36:00,VRRM
15.49,15.49,15.49,15.49,200,2021-11-01 14:37:00,VRRM
15.49,15.492,15.49,15.49,1203,2021-11-01 14:38:00,VRRM
15.49,15.52,15.49,15.52,18495,2021-11-01 14:39:00,VRRM
15.5264,15.5421,15.5264,15.5421,1620,2021-11-01 14:40:00,VRRM
15.54,15.565,15.54,15.565,1301,2021-11-01 14:41:00,VRRM
15.56,15.59,15.56,15.56,4392,2021-11-01 14:42:00,VRRM
15.56,15.57,15.55,15.555,2233,2021-11-01 14:44:00,VRRM
15.56,15.6,15.555,15.6,2200,2021-11-01 14:45:00,VRRM
15.61,15.61,15.61,15.61,200,2021-11-01 14:46:00,VRRM
15.6,15.6,15.52,15.52,5421,2021-11-01 14:47:00,VRRM
15.52,15.54,15.495,15.5,3518,2021-11-01 14:48:00,VRRM
15.51,15.51,15.51,15.51,403,2021-11-01 14:49:00,VRRM
15.52,15.54,15.52,15.54,800,2021-11-01 14:50:00,VRRM
15.54,15.54,15.54,15.54,425,2021-11-01 14:51:00,VRRM
15.55,15.55,15.55,15.55,175,2021-11-01 14:52:00,VRRM
15.55,15.555,15.54,15.545,1394,2021-11-01 14:53:00,VRRM
15.545,15.545,15.54,15.54,1100,2021-11-01 14:54:00,VRRM
15.535,15.555,15.535,15.5529,2734,2021-11-01 14:55:00,VRRM
15.54,15.55,15.53,15.54,3295,2021-11-01 14:56:00,VRRM
15.53,15.535,15.53,15.53,1834,2021-11-01 14:58:00,VRRM
15.525,15.535,15.49,15.49,5958,2021-11-01 14:59:00,VRRM
15.5,15.51,15.49,15.5,2857,2021-11-01 15:00:00,VRRM
15.495,15.51,15.495,15.505,3258,2021-11-01 15:01:00,VRRM
15.505,15.56,15.505,15.555,10171,2021-11-01 15:02:00,VRRM
15.555,15.555,15.5,15.55,9025,2021-11-01 15:03:00,VRRM
15.55,15.55,15.545,15.55,1086,2021-11-01 15:04:00,VRRM
15.545,15.545,15.545,15.545,100,2021-11-01 15:05:00,VRRM
15.55,15.55,15.55,15.55,300,2021-11-01 15:06:00,VRRM
15.55,15.55,15.55,15.55,100,2021-11-01 15:07:00,VRRM
15.54,15.55,15.51,15.53,5029,2021-11-01 15:08:00,VRRM
15.525,15.53,15.525,15.53,1561,2021-11-01 15:10:00,VRRM
15.54,15.54,15.54,15.54,200,2021-11-01 15:11:00,VRRM
15.54,15.54,15.52,15.54,400,2021-11-01 15:12:00,VRRM
15.53,15.53,15.505,15.53,7385,2021-11-01 15:13:00,VRRM
15.53,15.53,15.525,15.53,1775,2021-11-01 15:15:00,VRRM
15.53,15.53,15.505,15.505,2825,2021-11-01 15:17:00,VRRM
15.51,15.51,15.51,15.51,944,2021-11-01 15:18:00,VRRM
15.51,15.51,15.505,15.51,1335,2021-11-01 15:19:00,VRRM
15.525,15.55,15.525,15.53,3896,2021-11-01 15:20:00,VRRM
15.55,15.55,15.55,15.55,1100,2021-11-01 15:21:00,VRRM
15.55,15.56,15.55,15.555,5553,2021-11-01 15:22:00,VRRM
15.56,15.56,15.545,15.555,6508,2021-11-01 15:23:00,VRRM
15.545,15.545,15.545,15.545,100,2021-11-01 15:24:00,VRRM
15.54,15.54,15.54,15.54,200,2021-11-01 15:25:00,VRRM
15.54,15.54,15.51,15.5278,6917,2021-11-01 15:26:00,VRRM
15.53,15.53,15.525,15.53,7199,2021-11-01 15:27:00,VRRM
15.53,15.55,15.53,15.545,1702,2021-11-01 15:28:00,VRRM
15.545,15.545,15.545,15.545,500,2021-11-01 15:29:00,VRRM
15.55,15.55,15.55,15.55,500,2021-11-01 15:30:00,VRRM
15.55,15.55,15.54,15.55,1465,2021-11-01 15:31:00,VRRM
15.545,15.55,15.545,15.55,949,2021-11-01 15:32:00,VRRM
15.54,15.545,15.54,15.545,239,2021-11-01 15:33:00,VRRM
15.55,15.56,15.53,15.55,9376,2021-11-01 15:34:00,VRRM
15.55,15.55,15.55,15.55,100,2021-11-01 15:35:00,VRRM
15.54,15.54,15.54,15.54,100,2021-11-01 15:36:00,VRRM
15.54,15.61,15.54,15.59,10400,2021-11-01 15:37:00,VRRM
15.585,15.585,15.585,15.585,700,2021-11-01 15:38:00,VRRM
15.59,15.6,15.585,15.59,3323,2021-11-01 15:39:00,VRRM
15.58,15.585,15.56,15.57,2418,2021-11-01 15:40:00,VRRM
15.575,15.575,15.57,15.57,400,2021-11-01 15:41:00,VRRM
15.575,15.58,15.55,15.565,7739,2021-11-01 15:42:00,VRRM
15.56,15.56,15.56,15.56,100,2021-11-01 15:44:00,VRRM
15.57,15.57,15.565,15.565,891,2021-11-01 15:45:00,VRRM
15.56,15.57,15.56,15.565,1791,2021-11-01 15:47:00,VRRM
15.57,15.57,15.565,15.565,1600,2021-11-01 15:48:00,VRRM
15.57,15.58,15.565,15.575,3280,2021-11-01 15:49:00,VRRM
15.58,15.58,15.575,15.575,600,2021-11-01 15:50:00,VRRM
15.575,15.575,15.53,15.56,8803,2021-11-01 15:51:00,VRRM
15.57,15.57,15.57,15.57,587,2021-11-01 15:52:00,VRRM
15.57,15.6,15.57,15.6,1100,2021-11-01 15:54:00,VRRM
15.595,15.6,15.595,15.6,1000,2021-11-01 15:55:00,VRRM
15.6,15.64,15.6,15.64,2583,2021-11-01 15:56:00,VRRM
15.64,15.65,15.64,15.65,501,2021-11-01 15:57:00,VRRM
15.65,15.65,15.65,15.65,458,2021-11-01 15:58:00,VRRM
15.655,15.67,15.65,15.65,4684,2021-11-01 15:59:00,VRRM
15.66,15.665,15.66,15.665,916,2021-11-01 16:00:00,VRRM
15.66,15.67,15.66,15.67,2102,2021-11-01 16:01:00,VRRM
15.67,15.68,15.66,15.68,400,2021-11-01 16:02:00,VRRM
15.67,15.67,15.59,15.6,5223,2021-11-01 16:03:00,VRRM
15.6,15.61,15.6,15.61,300,2021-11-01 16:04:00,VRRM
15.61,15.65,15.6,15.64,3038,2021-11-01 16:05:00,VRRM
15.635,15.64,15.635,15.64,500,2021-11-01 16:06:00,VRRM
15.65,15.65,15.645,15.645,200,2021-11-01 16:07:00,VRRM
15.645,15.65,15.645,15.65,500,2021-11-01 16:08:00,VRRM
15.64,15.64,15.59,15.615,6178,2021-11-01 16:09:00,VRRM
15.62,15.62,15.615,15.615,700,2021-11-01 16:10:00,VRRM
15.62,15.62,15.62,15.62,300,2021-11-01 16:11:00,VRRM
15.62,15.62,15.61,15.615,2133,2021-11-01 16:12:00,VRRM
15.615,15.615,15.615,15.615,100,2021-11-01 16:13:00,VRRM
15.615,15.615,15.6,15.6,2684,2021-11-01 16:14:00,VRRM
15.6,15.6,15.58,15.58,300,2021-11-01 16:15:00,VRRM
15.59,15.59,15.55,15.56,3839,2021-11-01 16:16:00,VRRM
15.56,15.58,15.56,15.58,700,2021-11-01 16:17:00,VRRM
15.59,15.59,15.58,15.58,400,2021-11-01 16:19:00,VRRM
15.58,15.585,15.55,15.565,5142,2021-11-01 16:21:00,VRRM
15.57,15.57,15.56,15.56,200,2021-11-01 16:22:00,VRRM
15.56,15.57,15.56,15.565,1689,2021-11-01 16:23:00,VRRM
15.575,15.575,15.57,15.57,500,2021-11-01 16:25:00,VRRM
15.575,15.58,15.565,15.565,1542,2021-11-01 16:26:00,VRRM
15.56,15.58,15.56,15.56,4273,2021-11-01 16:27:00,VRRM
15.56,15.56,15.53,15.54,1100,2021-11-01 16:29:00,VRRM
15.53,15.585,15.53,15.585,2290,2021-11-01 16:30:00,VRRM
15.59,15.59,15.585,15.59,2034,2021-11-01 16:32:00,VRRM
15.585,15.585,15.585,15.585,300,2021-11-01 16:33:00,VRRM
15.58,15.58,15.58,15.58,100,2021-11-01 16:34:00,VRRM
15.58,15.58,15.55,15.56,3553,2021-11-01 16:35:00,VRRM
15.565,15.565,15.565,15.565,100,2021-11-01 16:36:00,VRRM
15.57,15.58,15.565,15.58,1541,2021-11-01 16:37:00,VRRM
15.585,15.59,15.585,15.59,900,2021-11-01 16:38:00,VRRM
15.58,15.58,15.58,15.58,200,2021-11-01 16:39:00,VRRM
15.585,15.585,15.58,15.58,300,2021-11-01 16:40:00,VRRM
15.58,15.58,15.58,15.58,340,2021-11-01 16:41:00,VRRM
15.59,15.59,15.58,15.58,500,2021-11-01 16:42:00,VRRM
15.585,15.62,15.585,15.61,1600,2021-11-01 16:44:00,VRRM
15.61,15.62,15.61,15.62,400,2021-11-01 16:45:00,VRRM
15.605,15.605,15.605,15.605,100,2021-11-01 16:46:00,VRRM
15.605,15.615,15.605,15.615,646,2021-11-01 16:47:00,VRRM
15.615,15.62,15.615,15.615,564,2021-11-01 16:48:00,VRRM
15.615,15.63,15.615,15.62,1748,2021-11-01 16:49:00,VRRM
15.63,15.635,15.63,15.635,599,2021-11-01 16:50:00,VRRM
15.635,15.65,15.635,15.65,2366,2021-11-01 16:51:00,VRRM
15.65,15.67,15.65,15.665,1000,2021-11-01 16:52:00,VRRM
15.665,15.665,15.655,15.655,2976,2021-11-01 16:53:00,VRRM
15.66,15.665,15.66,15.665,521,2021-11-01 16:54:00,VRRM
15.67,15.685,15.67,15.68,1241,2021-11-01 16:55:00,VRRM
15.69,15.69,15.69,15.69,199,2021-11-01 16:56:00,VRRM
15.69,15.69,15.69,15.69,267,2021-11-01 16:57:00,VRRM
15.7,15.7,15.69,15.695,412,2021-11-01 16:58:00,VRRM
15.69,15.69,15.685,15.685,1400,2021-11-01 16:59:00,VRRM
15.69,15.69,15.68,15.68,600,2021-11-01 17:00:00,VRRM
15.685,15.69,15.68,15.69,349,2021-11-01 17:01:00,VRRM
15.685,15.685,15.685,15.685,100,2021-11-01 17:02:00,VRRM
15.685,15.685,15.685,15.685,100,2021-11-01 17:03:00,VRRM
15.685,15.69,15.685,15.685,656,2021-11-01 17:04:00,VRRM
15.6892,15.6892,15.6892,15.6892,300,2021-11-01 17:05:00,VRRM
15.685,15.69,15.685,15.69,800,2021-11-01 17:06:00,VRRM
15.695,15.695,15.665,15.665,2000,2021-11-01 17:07:00,VRRM
15.67,15.67,15.665,15.665,415,2021-11-01 17:08:00,VRRM
15.66,15.66,15.66,15.66,100,2021-11-01 17:10:00,VRRM
15.66,15.66,15.65,15.655,1985,2021-11-01 17:12:00,VRRM
15.66,15.66,15.66,15.66,400,2021-11-01 17:13:00,VRRM
15.665,15.67,15.665,15.67,800,2021-11-01 17:14:00,VRRM
15.685,15.69,15.685,15.69,300,2021-11-01 17:15:00,VRRM
15.69,15.69,15.69,15.69,300,2021-11-01 17:16:00,VRRM
15.7,15.7,15.7,15.7,873,2021-11-01 17:17:00,VRRM
15.71,15.71,15.705,15.705,200,2021-11-01 17:18:00,VRRM
15.7,15.7,15.69,15.69,1700,2021-11-01 17:20:00,VRRM
15.69,15.69,15.67,15.675,2436,2021-11-01 17:22:00,VRRM
15.675,15.675,15.675,15.675,400,2021-11-01 17:24:00,VRRM
15.67,15.67,15.63,15.665,10960,2021-11-01 17:25:00,VRRM
15.66,15.665,15.66,15.665,400,2021-11-01 17:26:00,VRRM
15.6665,15.6665,15.66,15.66,967,2021-11-01 17:27:00,VRRM
15.665,15.665,15.665,15.665,1801,2021-11-01 17:28:00,VRRM
15.67,15.67,15.66,15.66,1420,2021-11-01 17:29:00,VRRM
15.665,15.665,15.665,15.665,100,2021-11-01 17:30:00,VRRM
15.665,15.67,15.665,15.67,500,2021-11-01 17:31:00,VRRM
15.67,15.67,15.665,15.67,400,2021-11-01 17:32:00,VRRM
15.67,15.67,15.6675,15.6675,400,2021-11-01 17:35:00,VRRM
15.67,15.67,15.67,15.67,100,2021-11-01 17:36:00,VRRM
15.665,15.665,15.66,15.66,1801,2021-11-01 17:38:00,VRRM
15.66,15.66,15.65,15.655,1675,2021-11-01 17:39:00,VRRM
15.65,15.65,15.58,15.6,16870,2021-11-01 17:40:00,VRRM
15.6,15.605,15.595,15.6,3901,2021-11-01 17:41:00,VRRM
15.605,15.605,15.6,15.6,300,2021-11-01 17:42:00,VRRM
15.6,15.6,15.6,15.6,300,2021-11-01 17:43:00,VRRM
15.6,15.6,15.6,15.6,600,2021-11-01 17:44:00,VRRM
15.6,15.6,15.595,15.6,3220,2021-11-01 17:45:00,VRRM
15.6,15.6,15.6,15.6,400,2021-11-01 17:46:00,VRRM
15.6,15.6,15.6,15.6,666,2021-11-01 17:47:00,VRRM
15.6,15.6,15.595,15.6,600,2021-11-01 17:48:00,VRRM
15.6,15.6,15.6,15.6,1074,2021-11-01 17:49:00,VRRM
15.6,15.6,15.6,15.6,1299,2021-11-01 17:50:00,VRRM
15.6,15.6,15.55,15.56,6038,2021-11-01 17:51:00,VRRM
15.565,15.565,15.55,15.565,900,2021-11-01 17:52:00,VRRM
15.565,15.57,15.565,15.57,400,2021-11-01 17:53:00,VRRM
15.565,15.57,15.565,15.57,600,2021-11-01 17:54:00,VRRM
15.57,15.57,15.57,15.57,100,2021-11-01 17:55:00,VRRM
15.565,15.58,15.565,15.575,842,2021-11-01 17:56:00,VRRM
15.575,15.575,15.56,15.56,1432,2021-11-01 17:57:00,VRRM
15.565,15.565,15.56,15.56,200,2021-11-01 18:00:00,VRRM
15.57,15.57,15.56,15.56,2130,2021-11-01 18:01:00,VRRM
15.56,15.56,15.53,15.54,2391,2021-11-01 18:02:00,VRRM
15.54,15.545,15.54,15.545,200,2021-11-01 18:04:00,VRRM
15.54,15.54,15.52,15.52,693,2021-11-01 18:05:00,VRRM
15.51,15.51,15.5,15.5,1698,2021-11-01 18:06:00,VRRM
15.5,15.51,15.5,15.51,3998,2021-11-01 18:07:00,VRRM
15.505,15.505,15.505,15.505,1041,2021-11-01 18:08:00,VRRM
15.505,15.505,15.505,15.505,800,2021-11-01 18:09:00,VRRM
15.51,15.51,15.51,15.51,100,2021-11-01 18:10:00,VRRM
15.505,15.505,15.505,15.505,300,2021-11-01 18:12:00,VRRM
15.5,15.5,15.47,15.475,2238,2021-11-01 18:13:00,VRRM
15.475,15.475,15.475,15.475,100,2021-11-01 18:15:00,VRRM
15.47,15.47,15.45,15.45,933,2021-11-01 18:16:00,VRRM
15.45,15.455,15.45,15.455,844,2021-11-01 18:18:00,VRRM
15.45,15.455,15.45,15.455,600,2021-11-01 18:19:00,VRRM
15.455,15.47,15.455,15.47,1552,2021-11-01 18:20:00,VRRM
15.465,15.47,15.465,15.47,200,2021-11-01 18:21:00,VRRM
15.465,15.465,15.465,15.465,100,2021-11-01 18:22:00,VRRM
15.465,15.465,15.465,15.465,100,2021-11-01 18:23:00,VRRM
15.47,15.48,15.465,15.48,1691,2021-11-01 18:24:00,VRRM
15.48,15.485,15.48,15.485,500,2021-11-01 18:25:00,VRRM
15.485,15.485,15.48,15.48,472,2021-11-01 18:26:00,VRRM
15.485,15.49,15.485,15.4875,300,2021-11-01 18:27:00,VRRM
15.485,15.485,15.485,15.485,200,2021-11-01 18:28:00,VRRM
15.485,15.4875,15.485,15.485,600,2021-11-01 18:29:00,VRRM
15.485,15.5,15.485,15.5,2699,2021-11-01 18:30:00,VRRM
15.49,15.495,15.49,15.495,994,2021-11-01 18:31:00,VRRM
15.5,15.515,15.5,15.505,1200,2021-11-01 18:32:00,VRRM
15.505,15.505,15.505,15.505,100,2021-11-01 18:33:00,VRRM
15.505,15.505,15.49,15.5,2642,2021-11-01 18:34:00,VRRM
15.495,15.515,15.495,15.515,1330,2021-11-01 18:35:00,VRRM
15.51,15.515,15.51,15.51,431,2021-11-01 18:36:00,VRRM
15.51,15.51,15.51,15.51,100,2021-11-01 18:37:00,VRRM
15.51,15.51,15.5,15.5,1735,2021-11-01 18:38:00,VRRM
15.49,15.49,15.49,15.49,100,2021-11-01 18:39:00,VRRM
15.49,15.49,15.49,15.49,838,2021-11-01 18:40:00,VRRM
15.5,15.5,15.495,15.495,598,2021-11-01 18:41:00,VRRM
15.495,15.5,15.495,15.5,200,2021-11-01 18:42:00,VRRM
15.5,15.5,15.495,15.495,200,2021-11-01 18:43:00,VRRM
15.5,15.5,15.5,15.5,490,2021-11-01 18:44:00,VRRM
15.5,15.5,15.495,15.495,200,2021-11-01 18:45:00,VRRM
15.5,15.5,15.5,15.5,399,2021-11-01 18:47:00,VRRM
15.5,15.5,15.49,15.49,1291,2021-11-01 18:48:00,VRRM
15.49,15.5,15.49,15.5,1060,2021-11-01 18:49:00,VRRM
15.492,15.495,15.4901,15.495,1900,2021-11-01 18:50:00,VRRM
15.49,15.49,15.49,15.49,2391,2021-11-01 18:51:00,VRRM
15.48,15.48,15.48,15.48,100,2021-11-01 18:52:00,VRRM
15.48,15.48,15.48,15.48,400,2021-11-01 18:53:00,VRRM
15.48,15.48,15.445,15.455,2636,2021-11-01 18:54:00,VRRM
15.455,15.455,15.455,15.455,100,2021-11-01 18:55:00,VRRM
15.46,15.465,15.455,15.465,1376,2021-11-01 18:56:00,VRRM
15.465,15.4691,15.465,15.4691,350,2021-11-01 18:57:00,VRRM
15.465,15.465,15.46,15.46,200,2021-11-01 18:58:00,VRRM
15.465,15.465,15.465,15.465,100,2021-11-01 18:59:00,VRRM
15.47,15.47,15.47,15.47,300,2021-11-01 19:01:00,VRRM
15.48,15.48,15.48,15.48,200,2021-11-01 19:02:00,VRRM
15.475,15.485,15.475,15.485,1347,2021-11-01 19:03:00,VRRM
15.48,15.48,15.475,15.475,3000,2021-11-01 19:04:00,VRRM
15.475,15.48,15.47,15.475,9321,2021-11-01 19:05:00,VRRM
15.475,15.48,15.47,15.47,700,2021-11-01 19:06:00,VRRM
15.48,15.48,15.47,15.475,400,2021-11-01 19:07:00,VRRM
15.475,15.475,15.475,15.475,100,2021-11-01 19:08:00,VRRM
15.475,15.475,15.47,15.47,200,2021-11-01 19:09:00,VRRM
15.475,15.475,15.475,15.475,300,2021-11-01 19:10:00,VRRM
15.475,15.48,15.475,15.48,400,2021-11-01 19:11:00,VRRM
15.47,15.485,15.47,15.48,2675,2021-11-01 19:12:00,VRRM
15.48,15.51,15.475,15.5,2937,2021-11-01 19:13:00,VRRM
15.505,15.515,15.505,15.51,3082,2021-11-01 19:14:00,VRRM
15.505,15.51,15.505,15.51,200,2021-11-01 19:15:00,VRRM
15.51,15.51,15.51,15.51,200,2021-11-01 19:16:00,VRRM
15.5,15.51,15.49,15.51,7468,2021-11-01 19:17:00,VRRM
15.505,15.505,15.5,15.5,300,2021-11-01 19:18:00,VRRM
15.5,15.51,15.5,15.51,2230,2021-11-01 19:20:00,VRRM
15.505,15.505,15.5,15.5,700,2021-11-01 19:21:00,VRRM
15.51,15.515,15.51,15.515,1641,2021-11-01 19:22:00,VRRM
15.52,15.53,15.515,15.525,2077,2021-11-01 19:23:00,VRRM
15.53,15.53,15.53,15.53,400,2021-11-01 19:24:00,VRRM
15.52,15.52,15.48,15.48,2900,2021-11-01 19:25:00,VRRM
15.49,15.515,15.49,15.515,1299,2021-11-01 19:26:00,VRRM
15.515,15.515,15.515,15.515,200,2021-11-01 19:27:00,VRRM
15.51,15.51,15.51,15.51,239,2021-11-01 19:28:00,VRRM
15.515,15.515,15.515,15.515,200,2021-11-01 19:29:00,VRRM
15.515,15.52,15.515,15.52,300,2021-11-01 19:31:00,VRRM
15.52,15.52,15.515,15.515,6914,2021-11-01 19:32:00,VRRM
15.515,15.53,15.49,15.52,16545,2021-11-01 19:33:00,VRRM
15.52,15.53,15.51,15.51,5186,2021-11-01 19:34:00,VRRM
15.51,15.52,15.51,15.52,2286,2021-11-01 19:35:00,VRRM
15.52,15.55,15.52,15.55,2133,2021-11-01 19:36:00,VRRM
15.5499,15.55,15.545,15.545,410,2021-11-01 19:37:00,VRRM
15.55,15.55,15.545,15.55,1400,2021-11-01 19:38:00,VRRM
15.54,15.55,15.54,15.545,1303,2021-11-01 19:39:00,VRRM
15.545,15.55,15.545,15.545,2072,2021-11-01 19:40:00,VRRM
15.545,15.565,15.54,15.565,6227,2021-11-01 19:41:00,VRRM
15.57,15.57,15.53,15.53,11933,2021-11-01 19:42:00,VRRM
15.54,15.5479,15.54,15.545,1742,2021-11-01 19:43:00,VRRM
15.545,15.5477,15.54,15.54,1413,2021-11-01 19:44:00,VRRM
15.545,15.55,15.545,15.5499,1173,2021-11-01 19:45:00,VRRM
15.54,15.55,15.54,15.545,618,2021-11-01 19:46:00,VRRM
15.545,15.55,15.53,15.53,8678,2021-11-01 19:47:00,VRRM
15.525,15.55,15.525,15.545,2097,2021-11-01 19:48:00,VRRM
15.545,15.5482,15.545,15.545,816,2021-11-01 19:49:00,VRRM
15.55,15.57,15.55,15.56,9345,2021-11-01 19:50:00,VRRM
15.56,15.56,15.55,15.555,5852,2021-11-01 19:51:00,VRRM
15.555,15.5599,15.55,15.55,2055,2021-11-01 19:52:00,VRRM
15.555,15.56,15.55,15.555,2899,2021-11-01 19:53:00,VRRM
15.555,15.57,15.55,15.57,5215,2021-11-01 19:54:00,VRRM
15.5699,15.57,15.56,15.565,5690,2021-11-01 19:55:00,VRRM
15.565,15.57,15.56,15.565,6219,2021-11-01 19:56:00,VRRM
15.57,15.57,15.56,15.565,6704,2021-11-01 19:57:00,VRRM
15.565,15.57,15.56,15.57,7679,2021-11-01 19:58:00,VRRM
15.565,15.57,15.55,15.55,17152,2021-11-01 19:59:00,VRRM
15.56,15.56,15.56,15.56,63510,2021-11-01 20:00:00,VRRM
15.56,15.56,15.56,15.56,3076,2021-11-01 20:01:00,VRRM
15.56,15.56,15.56,15.56,7960,2021-11-01 20:02:00,VRRM
15.557,15.557,15.557,15.557,3420,2021-11-01 20:17:00,VRRM
15.61,15.61,15.61,15.61,144,2021-11-01 21:08:00,VRRM
15.3,15.3,15.29,15.29,370,2021-11-02 12:50:00,VRRM
15.7,15.74,15.57,15.57,8883,2021-11-02 13:30:00,VRRM
15.67,15.67,15.57,15.655,2220,2021-11-02 13:32:00,VRRM
15.53,15.57,15.53,15.55,612,2021-11-02 13:33:00,VRRM
15.51,15.51,15.44,15.44,1600,2021-11-02 13:34:00,VRRM
15.48,15.48,15.43,15.46,2570,2021-11-02 13:35:00,VRRM
15.48,15.48,15.44,15.465,1400,2021-11-02 13:36:00,VRRM
15.49,15.49,15.49,15.49,300,2021-11-02 13:37:00,VRRM
15.48,15.54,15.48,15.54,1320,2021-11-02 13:38:00,VRRM
15.56,15.56,15.56,15.56,300,2021-11-02 13:39:00,VRRM
15.56,15.56,15.54,15.56,400,2021-11-02 13:40:00,VRRM
15.53,15.53,15.4709,15.4709,856,2021-11-02 13:42:00,VRRM
15.44,15.489,15.44,15.489,420,2021-11-02 13:43:00,VRRM
15.48,15.51,15.48,15.51,2260,2021-11-02 13:47:00,VRRM
15.46,15.46,15.46,15.46,100,2021-11-02 13:48:00,VRRM
15.45,15.45,15.45,15.45,325,2021-11-02 13:49:00,VRRM
15.46,15.48,15.455,15.465,1623,2021-11-02 13:50:00,VRRM
15.465,15.465,15.465,15.465,263,2021-11-02 13:51:00,VRRM
15.45,15.465,15.43,15.45,1418,2021-11-02 13:52:00,VRRM
15.48,15.49,15.47,15.49,548,2021-11-02 13:54:00,VRRM
15.49,15.49,15.49,15.49,296,2021-11-02 13:55:00,VRRM
15.5,15.52,15.5,15.52,300,2021-11-02 13:56:00,VRRM
15.52,15.52,15.52,15.52,200,2021-11-02 13:57:00,VRRM
15.53,15.56,15.53,15.56,1700,2021-11-02 13:58:00,VRRM
15.535,15.55,15.535,15.55,300,2021-11-02 13:59:00,VRRM
15.55,15.62,15.55,15.62,5574,2021-11-02 14:00:00,VRRM
15.62,15.63,15.6,15.61,3990,2021-11-02 14:01:00,VRRM
15.62,15.62,15.6,15.61,2169,2021-11-02 14:02:00,VRRM
15.63,15.7,15.63,15.69,1900,2021-11-02 14:03:00,VRRM
15.7,15.71,15.695,15.71,5230,2021-11-02 14:04:00,VRRM
15.73,15.75,15.73,15.75,2043,2021-11-02 14:05:00,VRRM
15.735,15.75,15.68,15.68,18201,2021-11-02 14:06:00,VRRM
15.69,15.7,15.64,15.665,7679,2021-11-02 14:07:00,VRRM
15.68,15.705,15.675,15.7,2500,2021-11-02 14:08:00,VRRM
15.7,15.75,15.7,15.74,10561,2021-11-02 14:09:00,VRRM
15.74,15.75,15.73,15.74,21094,2021-11-02 14:10:00,VRRM
15.74,15.74,15.73,15.74,3712,2021-11-02 14:11:00,VRRM
15.75,15.75,15.73,15.73,26367,2021-11-02 14:12:00,VRRM
15.74,15.74,15.7361,15.74,1400,2021-11-02 14:13:00,VRRM
15.74,15.75,15.725,15.74,21261,2021-11-02 14:14:00,VRRM
15.74,15.75,15.73,15.735,15048,2021-11-02 14:15:00,VRRM
15.735,15.735,15.71,15.725,1100,2021-11-02 14:16:00,VRRM
15.725,15.83,15.725,15.83,10977,2021-11-02 14:17:00,VRRM
15.83,15.86,15.825,15.825,5572,2021-11-02 14:18:00,VRRM
15.82,15.84,15.81,15.81,5485,2021-11-02 14:19:00,VRRM
15.84,15.84,15.82,15.84,1346,2021-11-02 14:20:00,VRRM
15.84,15.88,15.82,15.88,4252,2021-11-02 14:21:00,VRRM
15.89,15.9,15.89,15.89,897,2021-11-02 14:22:00,VRRM
15.9,15.92,15.89,15.92,2170,2021-11-02 14:23:00,VRRM
15.92,15.98,15.92,15.98,6852,2021-11-02 14:24:00,VRRM
15.98,15.98,15.96,15.96,4604,2021-11-02 14:25:00,VRRM
15.96,15.96,15.93,15.94,1300,2021-11-02 14:26:00,VRRM
15.935,15.935,15.92,15.925,800,2021-11-02 14:27:00,VRRM
15.925,15.925,15.89,15.91,1626,2021-11-02 14:28:00,VRRM
15.91,15.91,15.9,15.905,1000,2021-11-02 14:29:00,VRRM
15.9,15.9,15.88,15.89,1010,2021-11-02 14:30:00,VRRM
15.88,15.89,15.87,15.87,15500,2021-11-02 14:31:00,VRRM
15.89,15.89,15.8,15.8,11030,2021-11-02 14:32:00,VRRM
15.8,15.81,15.78,15.79,3071,2021-11-02 14:33:00,VRRM
15.795,15.85,15.795,15.845,6229,2021-11-02 14:34:00,VRRM
15.86,15.86,15.85,15.85,300,2021-11-02 14:35:00,VRRM
15.87,15.93,15.85,15.92,3981,2021-11-02 14:36:00,VRRM
15.92,15.97,15.92,15.959,5755,2021-11-02 14:37:00,VRRM
15.94,15.96,15.92,15.92,3886,2021-11-02 14:38:00,VRRM
15.94,15.94,15.9,15.91,6070,2021-11-02 14:39:00,VRRM
15.9,15.91,15.865,15.88,3927,2021-11-02 14:40:00,VRRM
15.88,15.888,15.88,15.88,1100,2021-11-02 14:41:00,VRRM
15.88,15.88,15.88,15.88,600,2021-11-02 14:42:00,VRRM
15.88,15.89,15.82,15.82,54889,2021-11-02 14:43:00,VRRM
15.81,15.85,15.81,15.83,6790,2021-11-02 14:44:00,VRRM
15.845,15.86,15.845,15.86,600,2021-11-02 14:45:00,VRRM
15.865,15.88,15.85,15.88,1621,2021-11-02 14:46:00,VRRM
15.86,15.94,15.86,15.93,6699,2021-11-02 14:47:00,VRRM
15.925,15.94,15.925,15.925,615,2021-11-02 14:48:00,VRRM
15.94,15.96,15.94,15.96,1200,2021-11-02 14:49:00,VRRM
15.96,15.97,15.93,15.96,9711,2021-11-02 14:50:00,VRRM
15.96,15.965,15.95,15.95,2996,2021-11-02 14:51:00,VRRM
15.95,15.95,15.92,15.925,2580,2021-11-02 14:52:00,VRRM
15.925,15.93,15.925,15.93,771,2021-11-02 14:53:00,VRRM
15.94,15.96,15.94,15.95,1300,2021-11-02 14:54:00,VRRM
15.95,15.95,15.93,15.93,5300,2021-11-02 14:55:00,VRRM
15.92,15.92,15.88,15.88,2800,2021-11-02 14:56:00,VRRM
15.875,15.91,15.875,15.91,3416,2021-11-02 14:57:00,VRRM
15.92,15.93,15.92,15.92,1200,2021-11-02 14:58:00,VRRM
15.93,15.94,15.92,15.939,1753,2021-11-02 14:59:00,VRRM
15.92,15.93,15.92,15.93,500,2021-11-02 15:00:00,VRRM
15.938,15.95,15.935,15.95,700,2021-11-02 15:01:00,VRRM
15.95,15.97,15.95,15.965,6700,2021-11-02 15:02:00,VRRM
15.965,15.98,15.965,15.98,1214,2021-11-02 15:03:00,VRRM
15.97,15.97,15.925,15.925,1942,2021-11-02 15:04:00,VRRM
15.925,15.97,15.925,15.97,3397,2021-11-02 15:05:00,VRRM
15.97,15.98,15.97,15.98,1100,2021-11-02 15:06:00,VRRM
15.97,15.97,15.97,15.97,400,2021-11-02 15:07:00,VRRM
15.97,15.97,15.97,15.97,100,2021-11-02 15:08:00,VRRM
15.98,15.98,15.98,15.98,100,2021-11-02 15:09:00,VRRM
15.969,15.97,15.96,15.965,2500,2021-11-02 15:10:00,VRRM
15.955,15.955,15.95,15.95,200,2021-11-02 15:11:00,VRRM
15.965,15.97,15.96,15.97,544,2021-11-02 15:12:00,VRRM
15.97,16.0,15.93,15.93,31302,2021-11-02 15:13:00,VRRM
15.93,15.955,15.9,15.955,7517,2021-11-02 15:14:00,VRRM
15.955,16.0,15.955,15.98,15438,2021-11-02 15:15:00,VRRM
15.97,15.99,15.97,15.99,900,2021-11-02 15:16:00,VRRM
15.985,15.99,15.98,15.99,1350,2021-11-02 15:17:00,VRRM
15.985,15.99,15.96,15.97,13039,2021-11-02 15:18:00,VRRM
15.96,15.96,15.95,15.96,2400,2021-11-02 15:19:00,VRRM
15.96,15.96,15.96,15.96,100,2021-11-02 15:20:00,VRRM
15.96,15.96,15.89,15.89,30817,2021-11-02 15:21:00,VRRM
15.89,15.95,15.89,15.91,8934,2021-11-02 15:22:00,VRRM
15.95,15.97,15.91,15.97,4395,2021-11-02 15:23:00,VRRM
15.985,15.985,15.98,15.985,511,2021-11-02 15:24:00,VRRM
15.98,15.98,15.98,15.98,100,2021-11-02 15:25:00,VRRM
15.99,15.99,15.99,15.99,300,2021-11-02 15:26:00,VRRM
15.985,16.0,15.985,16.0,12400,2021-11-02 15:27:00,VRRM
15.995,16.05,15.99,16.05,111004,2021-11-02 15:28:00,VRRM
16.03,16.03,15.99,16.01,4720,2021-11-02 15:29:00,VRRM
16.01,16.04,16.0,16.035,7700,2021-11-02 15:30:00,VRRM
16.04,16.07,16.0,16.0,6941,2021-11-02 15:31:00,VRRM
16.02,16.02,16.0,16.0,200,2021-11-02 15:32:00,VRRM
16.0,16.0,16.0,16.0,3673,2021-11-02 15:33:00,VRRM
16.01,16.01,16.01,16.01,100,2021-11-02 15:34:00,VRRM
16.02,16.02,15.98,16.0,5924,2021-11-02 15:35:00,VRRM
16.0,16.01,15.98,16.01,3601,2021-11-02 15:36:00,VRRM
16.005,16.015,16.0,16.015,1098,2021-11-02 15:37:00,VRRM
16.045,16.045,16.045,16.045,100,2021-11-02 15:38:00,VRRM
16.065,16.07,16.065,16.07,200,2021-11-02 15:39:00,VRRM
16.09,16.129,16.09,16.12,911,2021-11-02 15:40:00,VRRM
16.12,16.1295,16.12,16.1295,200,2021-11-02 15:41:00,VRRM
16.15,16.16,16.14,16.14,3168,2021-11-02 15:42:00,VRRM
16.14,16.15,16.14,16.15,500,2021-11-02 15:43:00,VRRM
16.15,16.18,16.15,16.17,1400,2021-11-02 15:44:00,VRRM
16.18,16.215,16.18,16.215,400,2021-11-02 15:45:00,VRRM
16.2,16.2,16.18,16.18,1400,2021-11-02 15:46:00,VRRM
16.1999,16.1999,16.185,16.185,600,2021-11-02 15:48:00,VRRM
16.19,16.19,16.19,16.19,625,2021-11-02 15:49:00,VRRM
16.18,16.19,16.16,16.16,2125,2021-11-02 15:50:00,VRRM
16.16,16.165,16.16,16.165,400,2021-11-02 15:51:00,VRRM
16.14,16.145,16.11,16.125,4129,2021-11-02 15:52:00,VRRM
16.125,16.14,16.08,16.08,3205,2021-11-02 15:53:00,VRRM
16.1,16.1,16.08,16.09,659,2021-11-02 15:54:00,VRRM
16.09,16.12,16.09,16.12,4315,2021-11-02 15:55:00,VRRM
16.12,16.12,16.105,16.105,2305,2021-11-02 15:56:00,VRRM
16.0938,16.13,16.0938,16.12,4612,2021-11-02 15:58:00,VRRM
16.1,16.1,16.1,16.1,100,2021-11-02 15:59:00,VRRM
16.115,16.115,16.115,16.115,100,2021-11-02 16:00:00,VRRM
16.12,16.12,16.12,16.12,200,2021-11-02 16:01:00,VRRM
16.11,16.11,16.1,16.11,994,2021-11-02 16:02:00,VRRM
16.11,16.12,16.11,16.12,800,2021-11-02 16:03:00,VRRM
16.105,16.105,16.105,16.105,100,2021-11-02 16:05:00,VRRM
16.09,16.105,16.09,16.105,200,2021-11-02 16:06:00,VRRM
16.11,16.11,16.11,16.11,200,2021-11-02 16:07:00,VRRM
16.1,16.1,16.095,16.095,631,2021-11-02 16:08:00,VRRM
16.095,16.095,16.0614,16.07,4089,2021-11-02 16:09:00,VRRM
16.06,16.07,16.06,16.07,800,2021-11-02 16:10:00,VRRM
16.06,16.06,16.06,16.06,622,2021-11-02 16:11:00,VRRM
16.06,16.07,16.05,16.05,700,2021-11-02 16:12:00,VRRM
16.05,16.05,16.04,16.05,600,2021-11-02 16:14:00,VRRM
16.04,16.04,16.02,16.02,1100,2021-11-02 16:15:00,VRRM
16.04,16.04,16.0,16.0,1891,2021-11-02 16:18:00,VRRM
16.0,16.0,15.9966,16.0,1000,2021-11-02 16:19:00,VRRM
16.01,16.01,16.01,16.01,200,2021-11-02 16:20:00,VRRM
16.01,16.01,16.005,16.005,200,2021-11-02 16:21:00,VRRM
16.0,16.0,15.995,16.0,1033,2021-11-02 16:23:00,VRRM
16.0,16.0,16.0,16.0,100,2021-11-02 16:24:00,VRRM
16.0,16.0,16.0,16.0,700,2021-11-02 16:27:00,VRRM
16.01,16.02,16.01,16.015,1900,2021-11-02 16:28:00,VRRM
16.02,16.02,16.02,16.02,1203,2021-11-02 16:31:00,VRRM
16.03,16.03,16.025,16.025,600,2021-11-02 16:33:00,VRRM
16.02,16.02,15.99,16.0,2778,2021-11-02 16:34:00,VRRM
15.99,15.99,15.99,15.99,100,2021-11-02 16:35:00,VRRM
15.99,16.0,15.99,16.0,600,2021-11-02 16:36:00,VRRM
15.99,15.99,15.99,15.99,300,2021-11-02 16:37:00,VRRM
16.0,16.0,15.98,15.99,2121,2021-11-02 16:38:00,VRRM
15.98,15.98,15.96,15.96,1262,2021-11-02 16:40:00,VRRM
15.95,15.95,15.95,15.95,999,2021-11-02 16:41:00,VRRM
15.955,15.96,15.955,15.96,699,2021-11-02 16:42:00,VRRM
15.965,15.98,15.965,15.97,3010,2021-11-02 16:43:00,VRRM
15.97,15.97,15.97,15.97,100,2021-11-02 16:44:00,VRRM
15.97,15.98,15.965,15.97,1563,2021-11-02 16:45:00,VRRM
15.97,15.97,15.97,15.97,106,2021-11-02 16:46:00,VRRM
15.97,15.98,15.97,15.98,1522,2021-11-02 16:47:00,VRRM
15.99,16.0,15.99,16.0,500,2021-11-02 16:48:00,VRRM
16.0,16.0,15.99,15.99,302,2021-11-02 16:49:00,VRRM
15.99,15.99,15.985,15.99,1596,2021-11-02 16:50:00,VRRM
15.99,16.0,15.98,15.98,1830,2021-11-02 16:51:00,VRRM
15.99,15.99,15.975,15.975,1534,2021-11-02 16:52:00,VRRM
15.98,15.98,15.98,15.98,200,2021-11-02 16:53:00,VRRM
15.98,15.98,15.93,15.93,2973,2021-11-02 16:54:00,VRRM
15.93,15.94,15.93,15.94,700,2021-11-02 16:56:00,VRRM
15.94,15.94,15.93,15.93,1000,2021-11-02 16:57:00,VRRM
15.945,15.95,15.945,15.95,1715,2021-11-02 16:58:00,VRRM
15.95,15.95,15.95,15.95,600,2021-11-02 17:00:00,VRRM
15.948,15.948,15.93,15.93,300,2021-11-02 17:01:00,VRRM
15.93,15.93,15.93,15.93,300,2021-11-02 17:02:00,VRRM
15.925,15.93,15.925,15.93,300,2021-11-02 17:03:00,VRRM
15.948,15.95,15.948,15.95,700,2021-11-02 17:04:00,VRRM
15.95,15.975,15.94,15.97,3315,2021-11-02 17:05:00,VRRM
15.99,15.99,15.99,15.99,200,2021-11-02 17:06:00,VRRM
15.985,15.985,15.985,15.985,100,2021-11-02 17:07:00,VRRM
15.99,15.99,15.99,15.99,200,2021-11-02 17:08:00,VRRM
16.0,16.0,15.99,15.99,2568,2021-11-02 17:09:00,VRRM
16.0,16.0,16.0,16.0,100,2021-11-02 17:10:00,VRRM
16.0,16.0,16.0,16.0,2300,2021-11-02 17:11:00,VRRM
16.0,16.0,16.0,16.0,100,2021-11-02 17:12:00,VRRM
16.0025,16.0025,15.99,15.99,900,2021-11-02 17:14:00,VRRM
15.975,15.975,15.975,15.975,100,2021-11-02 17:15:00,VRRM
16.0,16.0,15.99,16.0,300,2021-11-02 17:17:00,VRRM
16.0,16.0,16.0,16.0,300,2021-11-02 17:18:00,VRRM
16.0,16.0,16.0,16.0,100,2021-11-02 17:19:00,VRRM
16.0,16.0,15.98,15.98,4379,2021-11-02 17:20:00,VRRM
15.99,15.99,15.98,15.99,300,2021-11-02 17:21:00,VRRM
15.98,15.981,15.98,15.981,400,2021-11-02 17:22:00,VRRM
15.98,15.98,15.97,15.97,1542,2021-11-02 17:24:00,VRRM
15.965,15.965,15.965,15.965,600,2021-11-02 17:25:00,VRRM
15.965,15.965,15.95,15.96,3525,2021-11-02 17:28:00,VRRM
15.97,15.99,15.97,15.99,2065,2021-11-02 17:29:00,VRRM
15.98,15.98,15.98,15.98,200,2021-11-02 17:30:00,VRRM
15.98,15.98,15.98,15.98,200,2021-11-02 17:31:00,VRRM
15.99,15.99,15.99,15.99,300,2021-11-02 17:32:00,VRRM
15.98,15.98,15.97,15.98,2508,2021-11-02 17:34:00,VRRM
15.97,15.97,15.96,15.96,942,2021-11-02 17:35:00,VRRM
15.96,15.968,15.96,15.968,500,2021-11-02 17:36:00,VRRM
15.955,15.965,15.955,15.965,300,2021-11-02 17:38:00,VRRM
15.96,15.97,15.955,15.96,700,2021-11-02 17:39:00,VRRM
15.965,15.965,15.965,15.965,100,2021-11-02 17:40:00,VRRM
15.97,15.98,15.96,15.96,400,2021-11-02 17:41:00,VRRM
15.97,15.97,15.97,15.97,1550,2021-11-02 17:42:00,VRRM
15.975,15.975,15.975,15.975,400,2021-11-02 17:43:00,VRRM
15.98,15.98,15.98,15.98,203,2021-11-02 17:44:00,VRRM
15.98,15.98,15.97,15.97,2699,2021-11-02 17:45:00,VRRM
15.97,15.97,15.97,15.97,200,2021-11-02 17:46:00,VRRM
15.975,15.98,15.975,15.98,300,2021-11-02 17:49:00,VRRM
15.96,15.96,15.955,15.955,2100,2021-11-02 17:50:00,VRRM
15.95,15.95,15.941,15.95,1000,2021-11-02 17:51:00,VRRM
15.945,15.945,15.945,15.945,100,2021-11-02 17:52:00,VRRM
15.945,15.945,15.945,15.945,100,2021-11-02 17:54:00,VRRM
15.95,15.95,15.945,15.945,1100,2021-11-02 17:55:00,VRRM
15.945,15.945,15.945,15.945,300,2021-11-02 17:56:00,VRRM
15.9484,15.96,15.945,15.96,694,2021-11-02 17:57:00,VRRM
15.965,15.965,15.96,15.9601,300,2021-11-02 17:58:00,VRRM
15.965,15.965,15.965,15.965,426,2021-11-02 17:59:00,VRRM
15.965,15.965,15.965,15.965,136,2021-11-02 18:00:00,VRRM
15.97,15.97,15.97,15.97,114,2021-11-02 18:01:00,VRRM
15.9701,15.98,15.9701,15.98,400,2021-11-02 18:02:00,VRRM
15.97,15.97,15.955,15.97,3855,2021-11-02 18:03:00,VRRM
15.975,15.975,15.975,15.975,100,2021-11-02 18:05:00,VRRM
15.97,15.97,15.97,15.97,1814,2021-11-02 18:06:00,VRRM
15.965,15.965,15.95,15.95,400,2021-11-02 18:07:00,VRRM
15.95,15.95,15.95,15.95,596,2021-11-02 18:08:00,VRRM
15.97,15.97,15.97,15.97,300,2021-11-02 18:09:00,VRRM
15.97,15.97,15.97,15.97,100,2021-11-02 18:11:00,VRRM
15.97,15.97,15.97,15.97,100,2021-11-02 18:13:00,VRRM
15.981,15.981,15.97,15.97,2000,2021-11-02 18:14:00,VRRM
15.98,15.981,15.96,15.97,2300,2021-11-02 18:16:00,VRRM
15.98,15.98,15.98,15.98,100,2021-11-02 18:17:00,VRRM
15.99,15.99,15.98,15.985,528,2021-11-02 18:18:00,VRRM
15.985,15.985,15.985,15.985,100,2021-11-02 18:19:00,VRRM
15.99,15.99,15.98,15.99,3998,2021-11-02 18:20:00,VRRM
15.975,15.975,15.975,15.975,200,2021-11-02 18:21:00,VRRM
15.98,15.98,15.98,15.98,1089,2021-11-02 18:24:00,VRRM
15.97,15.97,15.97,15.97,200,2021-11-02 18:25:00,VRRM
15.975,15.975,15.975,15.975,100,2021-11-02 18:26:00,VRRM
15.975,15.975,15.975,15.975,100,2021-11-02 18:27:00,VRRM
15.975,15.98,15.975,15.98,737,2021-11-02 18:28:00,VRRM
15.98,15.99,15.98,15.98,2581,2021-11-02 18:29:00,VRRM
15.985,15.985,15.985,15.985,400,2021-11-02 18:33:00,VRRM
15.98,15.98,15.975,15.98,2732,2021-11-02 18:34:00,VRRM
15.975,15.98,15.95,15.95,4263,2021-11-02 18:35:00,VRRM
15.95,15.955,15.95,15.95,725,2021-11-02 18:36:00,VRRM
15.95,15.95,15.95,15.95,100,2021-11-02 18:37:00,VRRM
15.95,15.95,15.95,15.95,200,2021-11-02 18:38:00,VRRM
15.95,15.96,15.95,15.95,992,2021-11-02 18:39:00,VRRM
15.95,15.95,15.95,15.95,100,2021-11-02 18:40:00,VRRM
15.95,15.95,15.94,15.94,400,2021-11-02 18:41:00,VRRM
15.95,15.95,15.95,15.95,200,2021-11-02 18:42:00,VRRM
15.95,15.95,15.95,15.95,800,2021-11-02 18:43:00,VRRM
15.95,15.95,15.92,15.92,4771,2021-11-02 18:45:00,VRRM
15.93,15.93,15.925,15.925,927,2021-11-02 18:47:00,VRRM
15.93,15.93,15.92,15.925,700,2021-11-02 18:48:00,VRRM
15.925,15.925,15.9,15.9,3106,2021-11-02 18:49:00,VRRM
15.89,15.8931,15.89,15.8931,400,2021-11-02 18:50:00,VRRM
15.89,15.89,15.88,15.88,1502,2021-11-02 18:51:00,VRRM
15.87,15.87,15.87,15.87,200,2021-11-02 18:52:00,VRRM
15.87,15.89,15.87,15.881,599,2021-11-02 18:53:00,VRRM
15.88,15.88,15.87,15.87,1932,2021-11-02 18:54:00,VRRM
15.875,15.88,15.875,15.88,1186,2021-11-02 18:55:00,VRRM
15.89,15.89,15.89,15.89,600,2021-11-02 18:56:00,VRRM
15.895,15.895,15.88,15.89,500,2021-11-02 18:57:00,VRRM
15.89,15.89,15.89,15.89,1229,2021-11-02 18:58:00,VRRM
15.89,15.89,15.885,15.885,897,2021-11-02 18:59:00,VRRM
15.88,15.88,15.87,15.87,4891,2021-11-02 19:00:00,VRRM
15.86,15.86,15.84,15.85,2603,2021-11-02 19:02:00,VRRM
15.82,15.82,15.82,15.82,659,2021-11-02 19:03:00,VRRM
15.79,15.79,15.79,15.79,200,2021-11-02 19:04:00,VRRM
15.79,15.795,15.77,15.78,3081,2021-11-02 19:05:00,VRRM
15.76,15.77,15.76,15.765,1329,2021-11-02 19:06:00,VRRM
15.77,15.77,15.765,15.765,200,2021-11-02 19:07:00,VRRM
15.765,15.78,15.765,15.775,1523,2021-11-02 19:08:00,VRRM
15.775,15.775,15.775,15.775,456,2021-11-02 19:09:00,VRRM
15.78,15.78,15.77,15.77,1300,2021-11-02 19:10:00,VRRM
15.78,15.78,15.765,15.765,2908,2021-11-02 19:11:00,VRRM
15.765,15.765,15.76,15.76,2006,2021-11-02 19:12:00,VRRM
15.765,15.765,15.76,15.76,1400,2021-11-02 19:13:00,VRRM
15.765,15.771,15.765,15.771,1416,2021-11-02 19:14:00,VRRM
15.765,15.785,15.765,15.785,2143,2021-11-02 19:15:00,VRRM
15.79,15.79,15.785,15.785,1923,2021-11-02 19:16:00,VRRM
15.78,15.78,15.77,15.78,2296,2021-11-02 19:17:00,VRRM
15.78,15.78,15.775,15.78,1360,2021-11-02 19:18:00,VRRM
15.78,15.78,15.765,15.775,4537,2021-11-02 19:19:00,VRRM
15.79,15.79,15.78,15.78,1600,2021-11-02 19:20:00,VRRM
15.78,15.78,15.78,15.78,2536,2021-11-02 19:21:00,VRRM
15.79,15.83,15.79,15.83,6717,2021-11-02 19:23:00,VRRM
15.825,15.83,15.82,15.83,4099,2021-11-02 19:24:00,VRRM
15.835,15.835,15.82,15.83,3060,2021-11-02 19:25:00,VRRM
15.83,15.83,15.83,15.83,300,2021-11-02 19:26:00,VRRM
15.83,15.835,15.83,15.835,1265,2021-11-02 19:27:00,VRRM
15.84,15.88,15.84,15.88,1739,2021-11-02 19:28:00,VRRM
15.88,15.885,15.88,15.88,1468,2021-11-02 19:29:00,VRRM
15.88,15.89,15.87,15.875,8100,2021-11-02 19:30:00,VRRM
15.88,15.88,15.88,15.88,100,2021-11-02 19:31:00,VRRM
15.88,15.89,15.88,15.89,1032,2021-11-02 19:32:00,VRRM
15.9,15.91,15.895,15.9,13503,2021-11-02 19:33:00,VRRM
15.9,15.99,15.9,15.98,22364,2021-11-02 19:34:00,VRRM
15.95,15.95,15.94,15.94,2283,2021-11-02 19:35:00,VRRM
15.94,15.94,15.94,15.94,3059,2021-11-02 19:36:00,VRRM
15.945,15.9647,15.945,15.96,1949,2021-11-02 19:37:00,VRRM
15.965,15.965,15.96,15.96,3199,2021-11-02 19:38:00,VRRM
15.97,15.97,15.965,15.965,1079,2021-11-02 19:39:00,VRRM
15.96,15.96,15.94,15.955,5370,2021-11-02 19:40:00,VRRM
15.96,15.96,15.955,15.955,2200,2021-11-02 19:41:00,VRRM
15.955,15.965,15.955,15.965,3967,2021-11-02 19:42:00,VRRM
15.965,15.97,15.955,15.97,7770,2021-11-02 19:43:00,VRRM
15.97,15.975,15.97,15.975,3000,2021-11-02 19:44:00,VRRM
15.975,15.9773,15.97,15.97,4402,2021-11-02 19:45:00,VRRM
15.975,15.98,15.97,15.975,400,2021-11-02 19:46:00,VRRM
15.975,15.9799,15.97,15.97,8453,2021-11-02 19:47:00,VRRM
15.975,15.975,15.95,15.95,9087,2021-11-02 19:48:00,VRRM
15.95,15.955,15.93,15.9499,7368,2021-11-02 19:49:00,VRRM
15.95,15.95,15.94,15.94,6820,2021-11-02 19:50:00,VRRM
15.94,15.965,15.94,15.965,11596,2021-11-02 19:51:00,VRRM
15.9675,15.98,15.96,15.975,4365,2021-11-02 19:52:00,VRRM
15.975,15.9976,15.975,15.995,6610,2021-11-02 19:53:00,VRRM
16.0,16.0,15.98,15.995,20787,2021-11-02 19:54:00,VRRM
16.005,16.03,16.005,16.025,9552,2021-11-02 19:55:00,VRRM
16.025,16.03,16.015,16.025,13667,2021-11-02 19:56:00,VRRM
16.02,16.04,16.01,16.0199,13349,2021-11-02 19:57:00,VRRM
16.015,16.04,16.01,16.02,16334,2021-11-02 19:58:00,VRRM
16.03,16.04,16.02,16.04,27048,2021-11-02 19:59:00,VRRM
16.04,16.04,16.04,16.04,56521,2021-11-02 20:00:00,VRRM
16.16,16.16,16.16,16.16,500,2021-11-02 21:01:00,VRRM
16.01,16.04,15.81,16.04,5168,2021-11-03 13:30:00,VRRM
16.08,16.36,16.08,16.36,2100,2021-11-03 13:31:00,VRRM
16.4,16.4,16.4,16.4,100,2021-11-03 13:32:00,VRRM
16.359,16.359,16.29,16.29,1000,2021-11-03 13:34:00,VRRM
16.28,16.35,16.28,16.35,10310,2021-11-03 13:35:00,VRRM
16.31,16.31,16.3,16.3,300,2021-11-03 13:37:00,VRRM
16.29,16.3,16.24,16.24,500,2021-11-03 13:38:00,VRRM
16.24,16.24,16.24,16.24,300,2021-11-03 13:39:00,VRRM
16.285,16.285,16.2183,16.2183,1500,2021-11-03 13:40:00,VRRM
16.27,16.28,16.24,16.24,2057,2021-11-03 13:41:00,VRRM
16.25,16.25,16.24,16.25,300,2021-11-03 13:42:00,VRRM
16.26,16.26,16.22,16.22,1000,2021-11-03 13:45:00,VRRM
16.25,16.25,16.25,16.25,1600,2021-11-03 13:46:00,VRRM
16.265,16.265,16.25,16.25,400,2021-11-03 13:47:00,VRRM
16.27,16.27,16.24,16.25,3948,2021-11-03 13:48:00,VRRM
16.24,16.24,16.24,16.24,2100,2021-11-03 13:49:00,VRRM
16.24,16.24,16.22,16.24,739,2021-11-03 13:50:00,VRRM
16.23,16.25,16.23,16.25,704,2021-11-03 13:51:00,VRRM
16.25,16.25,16.25,16.25,100,2021-11-03 13:52:00,VRRM
16.23,16.23,16.22,16.22,1149,2021-11-03 13:53:00,VRRM
16.22,16.22,16.22,16.22,300,2021-11-03 13:54:00,VRRM
16.25,16.25,16.2,16.2,1712,2021-11-03 13:55:00,VRRM
16.21,16.245,16.21,16.245,2800,2021-11-03 13:56:00,VRRM
16.24,16.25,16.24,16.24,1000,2021-11-03 13:58:00,VRRM
16.22,16.255,16.22,16.25,1200,2021-11-03 14:00:00,VRRM
16.26,16.26,16.26,16.26,100,2021-11-03 14:01:00,VRRM
16.25,16.25,16.225,16.245,600,2021-11-03 14:02:00,VRRM
16.25,16.26,16.2,16.22,8581,2021-11-03 14:03:00,VRRM
16.22,16.22,16.22,16.22,100,2021-11-03 14:04:00,VRRM
16.225,16.225,16.225,16.225,100,2021-11-03 14:05:00,VRRM
16.225,16.23,16.21,16.23,1600,2021-11-03 14:06:00,VRRM
16.21,16.21,16.19,16.19,1438,2021-11-03 14:07:00,VRRM
16.19,16.19,16.19,16.19,400,2021-11-03 14:08:00,VRRM
16.2,16.23,16.2,16.22,4908,2021-11-03 14:09:00,VRRM
16.22,16.24,16.22,16.22,2000,2021-11-03 14:10:00,VRRM
16.25,16.25,16.25,16.25,200,2021-11-03 14:12:00,VRRM
16.25,16.25,16.25,16.25,200,2021-11-03 14:13:00,VRRM
16.25,16.25,16.25,16.25,100,2021-11-03 14:14:00,VRRM
16.24,16.24,16.23,16.23,400,2021-11-03 14:15:00,VRRM
16.24,16.24,16.22,16.22,960,2021-11-03 14:16:00,VRRM
16.23,16.23,16.22,16.22,700,2021-11-03 14:18:00,VRRM
16.23,16.245,16.23,16.241,1488,2021-11-03 14:19:00,VRRM
16.24,16.24,16.23,16.24,300,2021-11-03 14:20:00,VRRM
16.23,16.23,16.23,16.23,200,2021-11-03 14:21:00,VRRM
16.24,16.245,16.23,16.245,1800,2021-11-03 14:22:00,VRRM
16.25,16.255,16.24,16.24,2040,2021-11-03 14:23:00,VRRM
16.23,16.24,16.23,16.24,500,2021-11-03 14:25:00,VRRM
16.23,16.25,16.23,16.25,1300,2021-11-03 14:26:00,VRRM
16.25,16.25,16.2315,16.24,1829,2021-11-03 14:27:00,VRRM
16.245,16.245,16.23,16.23,611,2021-11-03 14:28:00,VRRM
16.24,16.24,16.24,16.24,100,2021-11-03 14:29:00,VRRM
16.25,16.25,16.25,16.25,800,2021-11-03 14:30:00,VRRM
16.24,16.24,16.24,16.24,200,2021-11-03 14:31:00,VRRM
16.24,16.24,16.24,16.24,100,2021-11-03 14:32:00,VRRM
16.24,16.24,16.24,16.24,769,2021-11-03 14:33:00,VRRM
16.23,16.23,16.23,16.23,2109,2021-11-03 14:34:00,VRRM
16.21,16.22,16.21,16.22,561,2021-11-03 14:35:00,VRRM
16.21,16.21,16.2,16.2,400,2021-11-03 14:36:00,VRRM
16.2,16.2,16.17,16.17,1409,2021-11-03 14:37:00,VRRM
16.19,16.19,16.18,16.185,500,2021-11-03 14:38:00,VRRM
16.17,16.17,16.16,16.17,1512,2021-11-03 14:39:00,VRRM
16.17,16.17,16.16,16.16,1700,2021-11-03 14:40:00,VRRM
16.17,16.18,16.17,16.17,605,2021-11-03 14:41:00,VRRM
16.165,16.165,16.165,16.165,248,2021-11-03 14:42:00,VRRM
16.161,16.161,16.14,16.15,3462,2021-11-03 14:43:00,VRRM
16.1575,16.1575,16.14,16.145,3500,2021-11-03 14:44:00,VRRM
16.15,16.17,16.13,16.13,3367,2021-11-03 14:45:00,VRRM
16.12,16.12,16.11,16.12,1176,2021-11-03 14:46:00,VRRM
16.12,16.15,16.12,16.15,2000,2021-11-03 14:47:00,VRRM
16.14,16.15,16.14,16.15,300,2021-11-03 14:48:00,VRRM
16.14,16.16,16.14,16.15,300,2021-11-03 14:49:00,VRRM
16.15,16.15,16.15,16.15,400,2021-11-03 14:50:00,VRRM
16.15,16.15,16.14,16.15,900,2021-11-03 14:51:00,VRRM
16.15,16.16,16.15,16.15,3323,2021-11-03 14:52:00,VRRM
16.15,16.15,16.14,16.15,1423,2021-11-03 14:53:00,VRRM
16.15,16.15,16.15,16.15,338,2021-11-03 14:54:00,VRRM
16.15,16.15,16.14,16.14,799,2021-11-03 14:55:00,VRRM
16.14,16.14,16.14,16.14,200,2021-11-03 14:56:00,VRRM
16.13,16.13,16.12,16.12,1700,2021-11-03 14:57:00,VRRM
16.11,16.11,16.09,16.09,300,2021-11-03 14:58:00,VRRM
16.09,16.1,16.09,16.1,500,2021-11-03 14:59:00,VRRM
16.1,16.11,16.1,16.11,2516,2021-11-03 15:00:00,VRRM
16.11,16.11,16.11,16.11,100,2021-11-03 15:01:00,VRRM
16.105,16.12,16.105,16.12,700,2021-11-03 15:02:00,VRRM
16.13,16.13,16.11,16.11,1400,2021-11-03 15:03:00,VRRM
16.09,16.09,16.07,16.07,200,2021-11-03 15:05:00,VRRM
16.075,16.085,16.075,16.085,1501,2021-11-03 15:06:00,VRRM
16.08,16.09,16.08,16.09,700,2021-11-03 15:07:00,VRRM
16.09,16.09,16.08,16.08,300,2021-11-03 15:08:00,VRRM
16.07,16.07,16.07,16.07,330,2021-11-03 15:09:00,VRRM
16.07,16.07,16.07,16.07,100,2021-11-03 15:10:00,VRRM
16.07,16.07,16.07,16.07,100,2021-11-03 15:11:00,VRRM
16.085,16.085,16.08,16.085,600,2021-11-03 15:12:00,VRRM
16.08,16.08,16.08,16.08,100,2021-11-03 15:13:00,VRRM
16.07,16.07,16.065,16.065,400,2021-11-03 15:14:00,VRRM
16.065,16.065,16.065,16.065,100,2021-11-03 15:15:00,VRRM
16.062,16.062,16.062,16.062,100,2021-11-03 15:16:00,VRRM
16.065,16.07,16.065,16.07,400,2021-11-03 15:17:00,VRRM
16.07,16.07,16.07,16.07,100,2021-11-03 15:18:00,VRRM
16.07,16.07,16.0601,16.0601,800,2021-11-03 15:19:00,VRRM
16.07,16.07,16.07,16.07,599,2021-11-03 15:20:00,VRRM
16.08,16.08,16.07,16.07,500,2021-11-03 15:21:00,VRRM
16.065,16.07,16.065,16.07,300,2021-11-03 15:22:00,VRRM
16.07,16.07,16.07,16.07,200,2021-11-03 15:23:00,VRRM
16.07,16.07,16.02,16.02,1410,2021-11-03 15:24:00,VRRM
16.02,16.03,16.02,16.03,500,2021-11-03 15:25:00,VRRM
16.025,16.035,16.025,16.0301,800,2021-11-03 15:26:00,VRRM
16.03,16.03,16.02,16.03,1946,2021-11-03 15:27:00,VRRM
16.03,16.03,16.03,16.03,100,2021-11-03 15:28:00,VRRM
16.04,16.055,16.035,16.055,1900,2021-11-03 15:30:00,VRRM
16.07,16.07,16.05,16.05,1100,2021-11-03 15:31:00,VRRM
16.05,16.05,16.05,16.05,300,2021-11-03 15:32:00,VRRM
16.04,16.04,16.04,16.04,100,2021-11-03 15:33:00,VRRM
16.04,16.05,16.04,16.05,8300,2021-11-03 15:34:00,VRRM
16.07,16.08,16.07,16.08,1000,2021-11-03 15:35:00,VRRM
16.06,16.06,16.06,16.06,100,2021-11-03 15:37:00,VRRM
16.07,16.08,16.07,16.08,300,2021-11-03 15:38:00,VRRM
16.08,16.09,16.08,16.08,350,2021-11-03 15:39:00,VRRM
16.07,16.079,16.07,16.079,200,2021-11-03 15:41:00,VRRM
16.08,16.12,16.08,16.12,739,2021-11-03 15:42:00,VRRM
16.15,16.15,16.14,16.14,900,2021-11-03 15:43:00,VRRM
16.14,16.15,16.14,16.15,500,2021-11-03 15:44:00,VRRM
16.14,16.14,16.14,16.14,100,2021-11-03 15:45:00,VRRM
16.15,16.16,16.15,16.15,700,2021-11-03 15:46:00,VRRM
16.15,16.16,16.145,16.16,400,2021-11-03 15:47:00,VRRM
16.15,16.15,16.15,16.15,300,2021-11-03 15:48:00,VRRM
16.15,16.15,16.15,16.15,200,2021-11-03 15:49:00,VRRM
16.14,16.16,16.14,16.16,700,2021-11-03 15:50:00,VRRM
16.14,16.15,16.14,16.15,500,2021-11-03 15:51:00,VRRM
16.15,16.15,16.15,16.15,1508,2021-11-03 15:52:00,VRRM
16.15,16.15,16.145,16.145,200,2021-11-03 15:53:00,VRRM
16.15,16.16,16.14,16.145,5269,2021-11-03 15:54:00,VRRM
16.145,16.15,16.145,16.15,1341,2021-11-03 15:55:00,VRRM
16.16,16.19,16.16,16.18,2559,2021-11-03 15:56:00,VRRM
16.175,16.175,16.17,16.17,1100,2021-11-03 15:57:00,VRRM
16.16,16.16,16.15,16.15,200,2021-11-03 15:58:00,VRRM
16.14,16.14,16.14,16.14,463,2021-11-03 16:00:00,VRRM
16.13,16.16,16.13,16.14,1350,2021-11-03 16:01:00,VRRM
16.13,16.13,16.13,16.13,100,2021-11-03 16:02:00,VRRM
16.13,16.13,16.13,16.13,340,2021-11-03 16:03:00,VRRM
16.12,16.12,16.11,16.11,899,2021-11-03 16:04:00,VRRM
16.1,16.1,16.095,16.095,1100,2021-11-03 16:06:00,VRRM
16.095,16.11,16.09,16.11,1800,2021-11-03 16:07:00,VRRM
16.12,16.12,16.11,16.11,1200,2021-11-03 16:08:00,VRRM
16.105,16.12,16.105,16.12,1026,2021-11-03 16:09:00,VRRM
16.115,16.115,16.115,16.115,100,2021-11-03 16:10:00,VRRM
16.12,16.14,16.12,16.14,454,2021-11-03 16:11:00,VRRM
16.15,16.16,16.15,16.16,1100,2021-11-03 16:12:00,VRRM
16.15,16.15,16.14,16.15,1210,2021-11-03 16:13:00,VRRM
16.15,16.15,16.15,16.15,1500,2021-11-03 16:14:00,VRRM
16.15,16.15,16.15,16.15,700,2021-11-03 16:15:00,VRRM
16.145,16.16,16.145,16.15,1200,2021-11-03 16:16:00,VRRM
16.14,16.15,16.14,16.15,1500,2021-11-03 16:17:00,VRRM
16.15,16.15,16.145,16.145,930,2021-11-03 16:18:00,VRRM
16.15,16.15,16.1401,16.15,900,2021-11-03 16:19:00,VRRM
16.15,16.16,16.15,16.15,2000,2021-11-03 16:20:00,VRRM
16.14,16.14,16.14,16.14,300,2021-11-03 16:22:00,VRRM
16.135,16.135,16.135,16.135,100,2021-11-03 16:24:00,VRRM
16.14,16.14,16.13,16.13,600,2021-11-03 16:25:00,VRRM
16.13,16.13,16.13,16.13,735,2021-11-03 16:26:00,VRRM
16.12,16.12,16.12,16.12,100,2021-11-03 16:27:00,VRRM
16.115,16.115,16.115,16.115,100,2021-11-03 16:30:00,VRRM
16.125,16.125,16.125,16.125,100,2021-11-03 16:31:00,VRRM
16.12,16.12,16.12,16.12,700,2021-11-03 16:35:00,VRRM
16.1298,16.1298,16.115,16.115,1700,2021-11-03 16:36:00,VRRM
16.115,16.13,16.115,16.13,668,2021-11-03 16:37:00,VRRM
16.125,16.139,16.125,16.139,700,2021-11-03 16:38:00,VRRM
16.14,16.14,16.14,16.14,100,2021-11-03 16:39:00,VRRM
16.135,16.135,16.135,16.135,400,2021-11-03 16:41:00,VRRM
16.135,16.135,16.125,16.125,1351,2021-11-03 16:42:00,VRRM
16.13,16.13,16.13,16.13,100,2021-11-03 16:43:00,VRRM
16.13,16.13,16.125,16.125,200,2021-11-03 16:44:00,VRRM
16.13,16.131,16.125,16.131,997,2021-11-03 16:45:00,VRRM
16.135,16.135,16.13,16.13,1641,2021-11-03 16:46:00,VRRM
16.12,16.12,16.11,16.119,741,2021-11-03 16:48:00,VRRM
16.11,16.11,16.11,16.11,100,2021-11-03 16:50:00,VRRM
16.11,16.11,16.11,16.11,400,2021-11-03 16:51:00,VRRM
16.11,16.11,16.11,16.11,500,2021-11-03 16:52:00,VRRM
16.11,16.11,16.105,16.105,816,2021-11-03 16:55:00,VRRM
16.105,16.12,16.105,16.105,2647,2021-11-03 16:57:00,VRRM
16.11,16.1116,16.11,16.1116,403,2021-11-03 16:59:00,VRRM
16.12,16.14,16.12,16.135,2339,2021-11-03 17:01:00,VRRM
16.145,16.145,16.125,16.125,1200,2021-11-03 17:02:00,VRRM
16.12,16.13,16.12,16.13,1300,2021-11-03 17:04:00,VRRM
16.13,16.13,16.13,16.13,200,2021-11-03 17:05:00,VRRM
16.14,16.14,16.14,16.14,100,2021-11-03 17:07:00,VRRM
16.15,16.155,16.145,16.15,1410,2021-11-03 17:08:00,VRRM
16.14,16.14,16.14,16.14,500,2021-11-03 17:09:00,VRRM
16.13,16.13,16.13,16.13,800,2021-11-03 17:11:00,VRRM
16.125,16.125,16.11,16.115,1960,2021-11-03 17:12:00,VRRM
16.12,16.12,16.115,16.115,300,2021-11-03 17:13:00,VRRM
16.11,16.11,16.105,16.11,897,2021-11-03 17:14:00,VRRM
16.11,16.1198,16.11,16.1198,500,2021-11-03 17:15:00,VRRM
16.105,16.105,16.105,16.105,100,2021-11-03 17:18:00,VRRM
16.105,16.105,16.105,16.105,200,2021-11-03 17:19:00,VRRM
16.11,16.11,16.11,16.11,200,2021-11-03 17:20:00,VRRM
16.11,16.11,16.11,16.11,300,2021-11-03 17:21:00,VRRM
16.11,16.11,16.105,16.105,1000,2021-11-03 17:23:00,VRRM
16.1,16.1,16.095,16.095,984,2021-11-03 17:24:00,VRRM
16.095,16.095,16.095,16.095,100,2021-11-03 17:25:00,VRRM
16.095,16.1,16.095,16.095,600,2021-11-03 17:26:00,VRRM
16.095,16.095,16.095,16.095,100,2021-11-03 17:27:00,VRRM
16.095,16.105,16.095,16.105,3420,2021-11-03 17:28:00,VRRM
16.105,16.125,16.105,16.12,1500,2021-11-03 17:29:00,VRRM
16.12,16.12,16.12,16.12,800,2021-11-03 17:30:00,VRRM
16.12,16.12,16.11,16.11,1900,2021-11-03 17:31:00,VRRM
16.1,16.1,16.09,16.1,1742,2021-11-03 17:32:00,VRRM
16.1,16.1,16.1,16.1,500,2021-11-03 17:33:00,VRRM
16.1,16.1,16.1,16.1,1898,2021-11-03 17:34:00,VRRM
16.1,16.11,16.1,16.11,400,2021-11-03 17:35:00,VRRM
16.11,16.11,16.11,16.11,300,2021-11-03 17:36:00,VRRM
16.105,16.105,16.105,16.105,100,2021-11-03 17:37:00,VRRM
16.105,16.11,16.105,16.105,800,2021-11-03 17:39:00,VRRM
16.11,16.11,16.11,16.11,400,2021-11-03 17:40:00,VRRM
16.1192,16.1192,16.1192,16.1192,122,2021-11-03 17:41:00,VRRM
16.12,16.14,16.12,16.14,1000,2021-11-03 17:42:00,VRRM
16.14,16.14,16.14,16.14,200,2021-11-03 17:43:00,VRRM
16.13,16.13,16.13,16.13,500,2021-11-03 17:44:00,VRRM
16.12,16.12,16.12,16.12,800,2021-11-03 17:46:00,VRRM
16.13,16.13,16.12,16.12,1248,2021-11-03 17:49:00,VRRM
16.12,16.12,16.12,16.12,535,2021-11-03 17:50:00,VRRM
16.12,16.13,16.1187,16.12,1800,2021-11-03 17:51:00,VRRM
16.1262,16.1262,16.1262,16.1262,1500,2021-11-03 17:52:00,VRRM
16.13,16.13,16.13,16.13,879,2021-11-03 17:53:00,VRRM
16.13,16.13,16.12,16.12,300,2021-11-03 17:54:00,VRRM
16.13,16.13,16.13,16.13,4600,2021-11-03 17:55:00,VRRM
16.12,16.12,16.11,16.12,2920,2021-11-03 17:56:00,VRRM
16.12,16.15,16.12,16.15,500,2021-11-03 17:57:00,VRRM
16.15,16.16,16.13,16.13,800,2021-11-03 17:58:00,VRRM
16.13,16.13,16.13,16.13,100,2021-11-03 17:59:00,VRRM
16.12,16.15,16.12,16.15,800,2021-11-03 18:00:00,VRRM
16.15,16.15,16.15,16.15,1204,2021-11-03 18:01:00,VRRM
16.12,16.12,16.12,16.12,100,2021-11-03 18:02:00,VRRM
16.1,16.13,16.1,16.13,600,2021-11-03 18:03:00,VRRM
16.15,16.15,16.14,16.15,300,2021-11-03 18:04:00,VRRM
16.15,16.16,16.14,16.14,600,2021-11-03 18:05:00,VRRM
16.15,16.15,16.15,16.15,125,2021-11-03 18:06:00,VRRM
16.15,16.16,16.15,16.16,422,2021-11-03 18:07:00,VRRM
16.15,16.15,16.13,16.15,2165,2021-11-03 18:09:00,VRRM
16.14,16.14,16.13,16.13,500,2021-11-03 18:10:00,VRRM
16.15,16.15,16.14,16.14,2002,2021-11-03 18:11:00,VRRM
16.15,16.16,16.14,16.15,2212,2021-11-03 18:12:00,VRRM
16.15,16.16,16.15,16.15,5801,2021-11-03 18:13:00,VRRM
16.15,16.16,16.15,16.16,1900,2021-11-03 18:14:00,VRRM
16.15,16.16,16.15,16.15,3965,2021-11-03 18:15:00,VRRM
16.15,16.15,16.15,16.15,877,2021-11-03 18:16:00,VRRM
16.15,16.15,16.14,16.14,700,2021-11-03 18:17:00,VRRM
16.14,16.14,16.13,16.13,400,2021-11-03 18:18:00,VRRM
16.14,16.16,16.09,16.09,13699,2021-11-03 18:19:00,VRRM
16.109,16.11,16.1,16.11,800,2021-11-03 18:20:00,VRRM
16.11,16.12,16.11,16.12,300,2021-11-03 18:21:00,VRRM
16.13,16.13,16.13,16.13,800,2021-11-03 18:23:00,VRRM
16.14,16.15,16.14,16.14,400,2021-11-03 18:24:00,VRRM
16.15,16.15,16.15,16.15,700,2021-11-03 18:25:00,VRRM
16.14,16.14,16.14,16.14,300,2021-11-03 18:26:00,VRRM
16.13,16.13,16.11,16.11,800,2021-11-03 18:27:00,VRRM
16.1,16.12,16.1,16.12,1100,2021-11-03 18:28:00,VRRM
16.12,16.12,16.12,16.12,200,2021-11-03 18:29:00,VRRM
16.11,16.12,16.11,16.115,600,2021-11-03 18:30:00,VRRM
16.11,16.11,16.095,16.11,915,2021-11-03 18:31:00,VRRM
16.115,16.115,16.11,16.11,200,2021-11-03 18:32:00,VRRM
16.11,16.13,16.1,16.1,500,2021-11-03 18:33:00,VRRM
16.11,16.11,16.11,16.11,900,2021-11-03 18:34:00,VRRM
16.12,16.13,16.11,16.11,500,2021-11-03 18:35:00,VRRM
16.13,16.13,16.11,16.11,400,2021-11-03 18:36:00,VRRM
16.13,16.13,16.11,16.11,800,2021-11-03 18:37:00,VRRM
16.11,16.11,16.09,16.095,1496,2021-11-03 18:38:00,VRRM
16.09,16.1,16.09,16.1,1500,2021-11-03 18:39:00,VRRM
16.11,16.15,16.11,16.14,1024,2021-11-03 18:40:00,VRRM
16.15,16.15,16.12,16.12,1600,2021-11-03 18:41:00,VRRM
16.13,16.14,16.12,16.13,1000,2021-11-03 18:42:00,VRRM
16.14,16.14,16.13,16.14,900,2021-11-03 18:43:00,VRRM
16.14,16.14,16.13,16.14,600,2021-11-03 18:44:00,VRRM
16.13,16.13,16.12,16.125,500,2021-11-03 18:45:00,VRRM
16.12,16.139,16.12,16.139,300,2021-11-03 18:46:00,VRRM
16.13,16.15,16.13,16.15,1200,2021-11-03 18:47:00,VRRM
16.16,16.16,16.14,16.15,3369,2021-11-03 18:48:00,VRRM
16.15,16.16,16.14,16.15,1600,2021-11-03 18:49:00,VRRM
16.15,16.16,16.14,16.15,2100,2021-11-03 18:50:00,VRRM
16.145,16.16,16.14,16.15,3773,2021-11-03 18:51:00,VRRM
16.15,16.16,16.15,16.15,800,2021-11-03 18:52:00,VRRM
16.15,16.17,16.15,16.15,4715,2021-11-03 18:53:00,VRRM
16.15,16.16,16.15,16.15,300,2021-11-03 18:54:00,VRRM
16.15,16.15,16.14,16.14,919,2021-11-03 18:55:00,VRRM
16.145,16.15,16.145,16.15,300,2021-11-03 18:56:00,VRRM
16.14,16.15,16.14,16.15,1006,2021-11-03 18:57:00,VRRM
16.14,16.14,16.11,16.11,1097,2021-11-03 18:58:00,VRRM
16.11,16.11,16.1,16.1,200,2021-11-03 18:59:00,VRRM
16.105,16.105,16.09,16.1,1500,2021-11-03 19:00:00,VRRM
16.1,16.1,16.09,16.1,4175,2021-11-03 19:01:00,VRRM
16.0913,16.095,16.0913,16.095,585,2021-11-03 19:02:00,VRRM
16.095,16.1,16.095,16.1,700,2021-11-03 19:03:00,VRRM
16.105,16.11,16.105,16.11,779,2021-11-03 19:04:00,VRRM
16.11,16.11,16.105,16.105,1114,2021-11-03 19:05:00,VRRM
16.1,16.1,16.095,16.095,2264,2021-11-03 19:06:00,VRRM
16.1,16.1,16.095,16.095,600,2021-11-03 19:07:00,VRRM
16.095,16.1,16.0911,16.095,5115,2021-11-03 19:08:00,VRRM
16.1,16.12,16.1,16.12,2518,2021-11-03 19:09:00,VRRM
16.12,16.13,16.12,16.13,600,2021-11-03 19:10:00,VRRM
16.13,16.14,16.13,16.13,1076,2021-11-03 19:11:00,VRRM
16.125,16.13,16.125,16.125,600,2021-11-03 19:13:00,VRRM
16.13,16.13,16.125,16.125,1200,2021-11-03 19:14:00,VRRM
16.13,16.14,16.13,16.13,1610,2021-11-03 19:15:00,VRRM
16.12,16.12,16.11,16.11,700,2021-11-03 19:16:00,VRRM
16.105,16.12,16.105,16.12,1100,2021-11-03 19:17:00,VRRM
16.12,16.13,16.12,16.13,1300,2021-11-03 19:18:00,VRRM
16.12,16.12,16.11,16.11,1144,2021-11-03 19:19:00,VRRM
16.11,16.11,16.11,16.11,1296,2021-11-03 19:20:00,VRRM
16.11,16.11,16.095,16.095,1100,2021-11-03 19:21:00,VRRM
16.097,16.11,16.097,16.105,1808,2021-11-03 19:22:00,VRRM
16.101,16.11,16.101,16.11,600,2021-11-03 19:23:00,VRRM
16.12,16.13,16.11,16.12,500,2021-11-03 19:24:00,VRRM
16.125,16.14,16.125,16.14,800,2021-11-03 19:25:00,VRRM
16.15,16.15,16.14,16.14,200,2021-11-03 19:26:00,VRRM
16.15,16.15,16.13,16.13,1400,2021-11-03 19:27:00,VRRM
16.12,16.12,16.1,16.11,2539,2021-11-03 19:28:00,VRRM
16.119,16.12,16.105,16.11,904,2021-11-03 19:29:00,VRRM
16.115,16.125,16.115,16.125,1200,2021-11-03 19:30:00,VRRM
16.12,16.125,16.12,16.125,400,2021-11-03 19:31:00,VRRM
16.12,16.13,16.12,16.125,1000,2021-11-03 19:32:00,VRRM
16.125,16.13,16.1175,16.1175,3670,2021-11-03 19:33:00,VRRM
16.115,16.115,16.11,16.11,600,2021-11-03 19:34:00,VRRM
16.11,16.13,16.11,16.13,2355,2021-11-03 19:35:00,VRRM
16.13,16.13,16.12,16.125,800,2021-11-03 19:36:00,VRRM
16.12,16.12,16.115,16.115,3900,2021-11-03 19:37:00,VRRM
16.115,16.12,16.11,16.115,1000,2021-11-03 19:38:00,VRRM
16.115,16.12,16.115,16.115,1000,2021-11-03 19:39:00,VRRM
16.11,16.115,16.11,16.115,900,2021-11-03 19:40:00,VRRM
16.115,16.125,16.115,16.125,3500,2021-11-03 19:41:00,VRRM
16.13,16.13,16.125,16.125,600,2021-11-03 19:42:00,VRRM
16.13,16.14,16.125,16.14,1900,2021-11-03 19:43:00,VRRM
16.135,16.14,16.135,16.14,600,2021-11-03 19:44:00,VRRM
16.14,16.14,16.135,16.135,800,2021-11-03 19:45:00,VRRM
16.135,16.14,16.13,16.13,1500,2021-11-03 19:46:00,VRRM
16.13,16.14,16.13,16.13,1400,2021-11-03 19:47:00,VRRM
16.135,16.14,16.13,16.13,2028,2021-11-03 19:48:00,VRRM
16.13,16.135,16.12,16.12,4984,2021-11-03 19:49:00,VRRM
16.12,16.12,16.1,16.1,3604,2021-11-03 19:50:00,VRRM
16.1,16.1,16.1,16.1,2402,2021-11-03 19:51:00,VRRM
16.1,16.1099,16.1,16.1,2319,2021-11-03 19:52:00,VRRM
16.101,16.101,16.08,16.1,14331,2021-11-03 19:53:00,VRRM
16.105,16.1082,16.1,16.105,1732,2021-11-03 19:54:00,VRRM
16.105,16.11,16.1,16.1,2869,2021-11-03 19:55:00,VRRM
16.1,16.11,16.1,16.11,2905,2021-11-03 19:56:00,VRRM
16.105,16.11,16.1,16.105,3805,2021-11-03 19:57:00,VRRM
16.1,16.11,16.1,16.11,8282,2021-11-03 19:58:00,VRRM
16.11,16.11,16.08,16.1,9011,2021-11-03 19:59:00,VRRM
16.09,16.09,16.09,16.09,98760,2021-11-03 20:00:00,VRRM
16.09,16.09,16.09,16.09,3597,2021-11-03 20:02:00,VRRM
16.09,16.09,16.09,16.09,2588,2021-11-04 13:30:00,VRRM
16.135,16.135,16.135,16.135,200,2021-11-04 13:32:00,VRRM
16.09,16.09,16.09,16.09,100,2021-11-04 13:33:00,VRRM
16.18,16.3,16.18,16.26,4214,2021-11-04 13:34:00,VRRM
16.25,16.25,16.25,16.25,100,2021-11-04 13:35:00,VRRM
16.3,16.33,16.2,16.22,1800,2021-11-04 13:36:00,VRRM
16.22,16.275,16.22,16.22,1028,2021-11-04 13:37:00,VRRM
16.23,16.28,16.23,16.23,415,2021-11-04 13:38:00,VRRM
16.23,16.28,16.2,16.2,2300,2021-11-04 13:39:00,VRRM
16.2,16.24,16.2,16.24,900,2021-11-04 13:40:00,VRRM
16.245,16.245,16.2,16.2,3145,2021-11-04 13:41:00,VRRM
16.205,16.24,16.2,16.21,3735,2021-11-04 13:42:00,VRRM
16.195,16.22,16.141,16.19,8561,2021-11-04 13:43:00,VRRM
16.19,16.2,16.19,16.2,793,2021-11-04 13:44:00,VRRM
16.2,16.205,16.2,16.2,1200,2021-11-04 13:45:00,VRRM
16.205,16.205,16.195,16.195,200,2021-11-04 13:46:00,VRRM
16.205,16.205,16.15,16.16,800,2021-11-04 13:47:00,VRRM
16.21,16.21,16.2,16.205,400,2021-11-04 13:48:00,VRRM
16.205,16.205,16.19,16.19,200,2021-11-04 13:49:00,VRRM
16.16,16.16,16.16,16.16,132,2021-11-04 13:50:00,VRRM
16.16,16.21,16.16,16.21,1000,2021-11-04 13:51:00,VRRM
16.2,16.22,16.2,16.21,2142,2021-11-04 13:52:00,VRRM
16.175,16.205,16.16,16.205,1010,2021-11-04 13:53:00,VRRM
16.205,16.205,16.19,16.19,610,2021-11-04 13:54:00,VRRM
16.19,16.2,16.17,16.17,1095,2021-11-04 13:55:00,VRRM
16.195,16.195,16.195,16.195,100,2021-11-04 13:56:00,VRRM
16.21,16.21,16.21,16.21,100,2021-11-04 13:58:00,VRRM
16.195,16.205,16.17,16.2,1552,2021-11-04 13:59:00,VRRM
16.17,16.18,16.14,16.17,900,2021-11-04 14:01:00,VRRM
16.15,16.2,16.15,16.2,700,2021-11-04 14:02:00,VRRM
16.2,16.2,16.2,16.2,100,2021-11-04 14:04:00,VRRM
16.2,16.22,16.2,16.22,300,2021-11-04 14:05:00,VRRM
16.2,16.22,16.17,16.2,8111,2021-11-04 14:06:00,VRRM
16.2,16.2,16.17,16.17,200,2021-11-04 14:07:00,VRRM
16.18,16.18,16.17,16.1701,300,2021-11-04 14:08:00,VRRM
16.18,16.19,16.18,16.18,600,2021-11-04 14:09:00,VRRM
16.2,16.2,16.2,16.2,200,2021-11-04 14:12:00,VRRM
16.2,16.2,16.2,16.2,100,2021-11-04 14:13:00,VRRM
16.1995,16.2,16.1995,16.2,306,2021-11-04 14:14:00,VRRM
16.2,16.2,16.2,16.2,200,2021-11-04 14:15:00,VRRM
16.2,16.2,16.2,16.2,700,2021-11-04 14:16:00,VRRM
16.2,16.21,16.2,16.2,994,2021-11-04 14:17:00,VRRM
16.2,16.2,16.2,16.2,200,2021-11-04 14:18:00,VRRM
16.195,16.21,16.17,16.18,2978,2021-11-04 14:19:00,VRRM
16.17,16.19,16.17,16.19,1189,2021-11-04 14:20:00,VRRM
16.19,16.19,16.17,16.17,200,2021-11-04 14:21:00,VRRM
16.175,16.175,16.175,16.175,100,2021-11-04 14:22:00,VRRM
16.19,16.2,16.19,16.2,1100,2021-11-04 14:23:00,VRRM
16.185,16.185,16.185,16.185,100,2021-11-04 14:24:00,VRRM
16.19,16.19,16.165,16.17,1200,2021-11-04 14:26:00,VRRM
16.15,16.16,16.13,16.16,400,2021-11-04 14:27:00,VRRM
16.135,16.135,16.135,16.135,278,2021-11-04 14:28:00,VRRM
16.135,16.16,16.11,16.15,2657,2021-11-04 14:29:00,VRRM
16.17,16.2,16.17,16.2,600,2021-11-04 14:30:00,VRRM
16.2,16.22,16.2,16.2,500,2021-11-04 14:31:00,VRRM
16.2,16.2,16.16,16.16,500,2021-11-04 14:32:00,VRRM
16.18,16.18,16.18,16.18,700,2021-11-04 14:33:00,VRRM
16.195,16.195,16.195,16.195,100,2021-11-04 14:34:00,VRRM
16.18,16.21,16.18,16.2,2200,2021-11-04 14:35:00,VRRM
16.205,16.205,16.205,16.205,100,2021-11-04 14:36:00,VRRM
16.19,16.195,16.17,16.17,1452,2021-11-04 14:37:00,VRRM
16.19,16.19,16.19,16.19,100,2021-11-04 14:38:00,VRRM
16.19,16.19,16.16,16.16,809,2021-11-04 14:39:00,VRRM
16.16,16.16,16.15,16.15,200,2021-11-04 14:40:00,VRRM
16.12,16.135,16.12,16.135,200,2021-11-04 14:41:00,VRRM
16.14,16.14,16.12,16.12,829,2021-11-04 14:42:00,VRRM
16.14,16.15,16.14,16.15,1320,2021-11-04 14:43:00,VRRM
16.13,16.16,16.13,16.16,500,2021-11-04 14:44:00,VRRM
16.155,16.16,16.155,16.16,200,2021-11-04 14:45:00,VRRM
16.16,16.16,16.16,16.16,100,2021-11-04 14:46:00,VRRM
16.16,16.17,16.14,16.17,400,2021-11-04 14:47:00,VRRM
16.17,16.2,16.17,16.2,1200,2021-11-04 14:48:00,VRRM
16.17,16.17,16.17,16.17,100,2021-11-04 14:49:00,VRRM
16.185,16.185,16.17,16.17,602,2021-11-04 14:50:00,VRRM
16.16,16.16,16.16,16.16,200,2021-11-04 14:51:00,VRRM
16.16,16.16,16.16,16.16,900,2021-11-04 14:52:00,VRRM
16.18,16.2,16.17,16.2,949,2021-11-04 14:53:00,VRRM
16.2,16.2,16.17,16.17,2875,2021-11-04 14:54:00,VRRM
16.17,16.17,16.14,16.14,700,2021-11-04 14:55:00,VRRM
16.13,16.14,16.13,16.13,910,2021-11-04 14:56:00,VRRM
16.12,16.12,16.12,16.12,100,2021-11-04 14:57:00,VRRM
16.14,16.155,16.13,16.155,7520,2021-11-04 14:58:00,VRRM
16.155,16.155,16.155,16.155,100,2021-11-04 14:59:00,VRRM
16.145,16.145,16.145,16.145,200,2021-11-04 15:01:00,VRRM
16.16,16.16,16.155,16.155,800,2021-11-04 15:02:00,VRRM
16.17,16.18,16.165,16.18,500,2021-11-04 15:03:00,VRRM
16.165,16.18,16.15,16.18,803,2021-11-04 15:04:00,VRRM
16.15,16.16,16.15,16.16,200,2021-11-04 15:05:00,VRRM
16.15,16.15,16.15,16.15,735,2021-11-04 15:06:00,VRRM
16.15,16.17,16.15,16.15,1202,2021-11-04 15:07:00,VRRM
16.16,16.16,16.16,16.16,300,2021-11-04 15:08:00,VRRM
16.15,16.15,16.14,16.14,800,2021-11-04 15:10:00,VRRM
16.13,16.14,16.13,16.14,300,2021-11-04 15:11:00,VRRM
16.15,16.16,16.15,16.15,785,2021-11-04 15:12:00,VRRM
16.15,16.15,16.14,16.14,910,2021-11-04 15:13:00,VRRM
16.13,16.135,16.12,16.12,600,2021-11-04 15:14:00,VRRM
16.15,16.15,16.15,16.15,100,2021-11-04 15:15:00,VRRM
16.12,16.14,16.11,16.125,2977,2021-11-04 15:16:00,VRRM
16.14,16.14,16.14,16.14,550,2021-11-04 15:17:00,VRRM
16.13,16.13,16.13,16.13,300,2021-11-04 15:18:00,VRRM
16.135,16.135,16.1,16.11,1823,2021-11-04 15:20:00,VRRM
16.1,16.13,16.1,16.13,1410,2021-11-04 15:21:00,VRRM
16.13,16.13,16.13,16.13,100,2021-11-04 15:23:00,VRRM
16.13,16.13,16.11,16.11,1200,2021-11-04 15:24:00,VRRM
16.12,16.12,16.1,16.115,2366,2021-11-04 15:25:00,VRRM
16.1,16.13,16.1,16.115,500,2021-11-04 15:26:00,VRRM
16.1,16.1,16.1,16.1,100,2021-11-04 15:27:00,VRRM
16.1,16.105,16.1,16.105,459,2021-11-04 15:28:00,VRRM
16.11,16.11,16.11,16.11,200,2021-11-04 15:29:00,VRRM
16.12,16.15,16.12,16.15,869,2021-11-04 15:31:00,VRRM
16.14,16.14,16.14,16.14,100,2021-11-04 15:33:00,VRRM
16.14,16.14,16.14,16.14,100,2021-11-04 15:34:00,VRRM
16.13,16.13,16.13,16.13,100,2021-11-04 15:35:00,VRRM
16.14,16.16,16.14,16.16,800,2021-11-04 15:36:00,VRRM
16.14,16.15,16.14,16.15,600,2021-11-04 15:37:00,VRRM
16.15,16.15,16.15,16.15,100,2021-11-04 15:39:00,VRRM
16.16,16.17,16.15,16.15,1093,2021-11-04 15:40:00,VRRM
16.14,16.14,16.1382,16.1382,740,2021-11-04 15:41:00,VRRM
16.14,16.15,16.13,16.15,1800,2021-11-04 15:42:00,VRRM
16.14,16.14,16.14,16.14,1098,2021-11-04 15:43:00,VRRM
16.14,16.14,16.14,16.14,200,2021-11-04 15:45:00,VRRM
16.14,16.14,16.14,16.14,100,2021-11-04 15:48:00,VRRM
16.13,16.13,16.11,16.11,2800,2021-11-04 15:49:00,VRRM
16.12,16.12,16.11,16.11,2266,2021-11-04 15:50:00,VRRM
16.11,16.115,16.11,16.115,300,2021-11-04 15:51:00,VRRM
16.11,16.11,16.11,16.11,350,2021-11-04 15:52:00,VRRM
16.12,16.12,16.11,16.11,1027,2021-11-04 15:53:00,VRRM
16.115,16.115,16.115,16.115,200,2021-11-04 15:55:00,VRRM
16.12,16.12,16.12,16.12,500,2021-11-04 15:56:00,VRRM
16.135,16.16,16.13,16.16,1232,2021-11-04 15:57:00,VRRM
16.16,16.17,16.16,16.165,638,2021-11-04 15:58:00,VRRM
16.17,16.17,16.17,16.17,300,2021-11-04 15:59:00,VRRM
16.18,16.19,16.17,16.17,900,2021-11-04 16:00:00,VRRM
16.175,16.19,16.155,16.16,4066,2021-11-04 16:01:00,VRRM
16.18,16.18,16.17,16.17,200,2021-11-04 16:02:00,VRRM
16.16,16.17,16.16,16.17,400,2021-11-04 16:03:00,VRRM
16.17,16.19,16.17,16.19,633,2021-11-04 16:04:00,VRRM
16.18,16.2,16.18,16.2,500,2021-11-04 16:05:00,VRRM
16.21,16.21,16.195,16.195,600,2021-11-04 16:06:00,VRRM
16.2,16.2,16.19,16.19,407,2021-11-04 16:07:00,VRRM
16.19,16.19,16.19,16.19,300,2021-11-04 16:08:00,VRRM
16.19,16.19,16.19,16.19,100,2021-11-04 16:09:00,VRRM
16.19,16.2,16.19,16.2,1838,2021-11-04 16:10:00,VRRM
16.19,16.2,16.19,16.2,339,2021-11-04 16:11:00,VRRM
16.19,16.19,16.19,16.19,100,2021-11-04 16:12:00,VRRM
16.19,16.19,16.19,16.19,271,2021-11-04 16:13:00,VRRM
16.19,16.2,16.19,16.19,2192,2021-11-04 16:15:00,VRRM
16.19,16.19,16.19,16.19,200,2021-11-04 16:16:00,VRRM
16.19,16.19,16.15,16.15,6776,2021-11-04 16:17:00,VRRM
16.15,16.15,16.14,16.14,600,2021-11-04 16:20:00,VRRM
16.14,16.14,16.125,16.125,2417,2021-11-04 16:21:00,VRRM
16.125,16.125,16.105,16.105,1112,2021-11-04 16:22:00,VRRM
16.1,16.1,16.05,16.05,1779,2021-11-04 16:23:00,VRRM
16.03,16.075,16.03,16.06,15517,2021-11-04 16:24:00,VRRM
16.07,16.075,16.06,16.065,2551,2021-11-04 16:25:00,VRRM
16.07,16.085,16.065,16.085,1443,2021-11-04 16:26:00,VRRM
16.09,16.14,16.09,16.13,5255,2021-11-04 16:27:00,VRRM
16.13,16.13,16.13,16.13,100,2021-11-04 16:28:00,VRRM
16.13,16.14,16.12,16.12,1907,2021-11-04 16:29:00,VRRM
16.12,16.12,16.12,16.12,200,2021-11-04 16:30:00,VRRM
16.11,16.11,16.09,16.1,2618,2021-11-04 16:31:00,VRRM
16.11,16.11,16.09,16.1,1300,2021-11-04 16:32:00,VRRM
16.09,16.1,16.07,16.1,500,2021-11-04 16:33:00,VRRM
16.12,16.14,16.11,16.11,2072,2021-11-04 16:34:00,VRRM
16.1,16.1,16.1,16.1,300,2021-11-04 16:36:00,VRRM
16.115,16.115,16.1,16.1,644,2021-11-04 16:37:00,VRRM
16.1,16.1,16.1,16.1,100,2021-11-04 16:38:00,VRRM
16.11,16.11,16.1,16.1,300,2021-11-04 16:39:00,VRRM
16.09,16.09,16.08,16.08,1200,2021-11-04 16:40:00,VRRM
16.07,16.075,16.07,16.0725,700,2021-11-04 16:41:00,VRRM
16.075,16.079,16.075,16.075,800,2021-11-04 16:42:00,VRRM
16.08,16.12,16.075,16.12,2400,2021-11-04 16:43:00,VRRM
16.11,16.13,16.11,16.128,1125,2021-11-04 16:44:00,VRRM
16.12,16.12,16.12,16.12,200,2021-11-04 16:47:00,VRRM
16.13,16.13,16.12,16.12,480,2021-11-04 16:48:00,VRRM
16.13,16.13,16.13,16.13,100,2021-11-04 16:50:00,VRRM
16.12,16.13,16.12,16.13,200,2021-11-04 16:52:00,VRRM
16.12,16.12,16.1,16.1,1119,2021-11-04 16:53:00,VRRM
16.1,16.1,16.09,16.09,200,2021-11-04 16:54:00,VRRM
16.098,16.098,16.09,16.09,1576,2021-11-04 16:55:00,VRRM
16.09,16.12,16.09,16.11,3245,2021-11-04 16:56:00,VRRM
16.1012,16.11,16.1,16.11,1530,2021-11-04 16:57:00,VRRM
16.11,16.11,16.11,16.11,100,2021-11-04 16:58:00,VRRM
16.105,16.105,16.105,16.105,100,2021-11-04 16:59:00,VRRM
16.105,16.105,16.1,16.1,3525,2021-11-04 17:00:00,VRRM
16.1,16.11,16.1,16.11,260,2021-11-04 17:01:00,VRRM
16.11,16.14,16.11,16.14,4460,2021-11-04 17:02:00,VRRM
16.1416,16.1416,16.1416,16.1416,647,2021-11-04 17:03:00,VRRM
16.1338,16.15,16.1338,16.149,1171,2021-11-04 17:04:00,VRRM
16.15,16.17,16.15,16.17,1934,2021-11-04 17:05:00,VRRM
16.165,16.165,16.15,16.15,2186,2021-11-04 17:06:00,VRRM
16.15,16.15,16.15,16.15,400,2021-11-04 17:07:00,VRRM
16.145,16.16,16.145,16.155,1500,2021-11-04 17:08:00,VRRM
16.155,16.16,16.155,16.155,400,2021-11-04 17:09:00,VRRM
16.16,16.16,16.155,16.16,1100,2021-11-04 17:10:00,VRRM
16.17,16.18,16.17,16.175,576,2021-11-04 17:11:00,VRRM
16.18,16.18,16.175,16.175,311,2021-11-04 17:13:00,VRRM
16.175,16.175,16.175,16.175,100,2021-11-04 17:14:00,VRRM
16.17,16.185,16.17,16.18,3963,2021-11-04 17:17:00,VRRM
16.18,16.185,16.18,16.185,300,2021-11-04 17:18:00,VRRM
16.185,16.185,16.185,16.185,100,2021-11-04 17:20:00,VRRM
16.185,16.185,16.185,16.185,100,2021-11-04 17:21:00,VRRM
16.185,16.185,16.15,16.15,3888,2021-11-04 17:23:00,VRRM
16.15,16.15,16.145,16.145,400,2021-11-04 17:24:00,VRRM
16.14,16.14,16.11,16.125,1700,2021-11-04 17:25:00,VRRM
16.13,16.16,16.125,16.15,1800,2021-11-04 17:26:00,VRRM
16.15,16.16,16.15,16.155,1671,2021-11-04 17:27:00,VRRM
16.15,16.17,16.14,16.15,3606,2021-11-04 17:28:00,VRRM
16.16,16.16,16.16,16.16,100,2021-11-04 17:29:00,VRRM
16.17,16.17,16.16,16.16,200,2021-11-04 17:30:00,VRRM
16.17,16.17,16.17,16.17,100,2021-11-04 17:31:00,VRRM
16.15,16.15,16.15,16.15,2966,2021-11-04 17:32:00,VRRM
16.16,16.16,16.14,16.16,3038,2021-11-04 17:33:00,VRRM
16.16,16.16,16.155,16.155,200,2021-11-04 17:34:00,VRRM
16.15,16.15,16.145,16.145,700,2021-11-04 17:35:00,VRRM
16.14,16.14,16.12,16.125,1907,2021-11-04 17:36:00,VRRM
16.13,16.16,16.13,16.155,1400,2021-11-04 17:37:00,VRRM
16.15,16.16,16.145,16.16,1900,2021-11-04 17:38:00,VRRM
16.16,16.17,16.16,16.17,200,2021-11-04 17:39:00,VRRM
16.16,16.16,16.16,16.16,200,2021-11-04 17:40:00,VRRM
16.155,16.155,16.155,16.155,100,2021-11-04 17:41:00,VRRM
16.15,16.15,16.15,16.15,600,2021-11-04 17:42:00,VRRM
16.15,16.17,16.15,16.17,400,2021-11-04 17:43:00,VRRM
16.16,16.16,16.15,16.15,1528,2021-11-04 17:44:00,VRRM
16.17,16.17,16.16,16.16,200,2021-11-04 17:45:00,VRRM
16.16,16.16,16.16,16.16,900,2021-11-04 17:46:00,VRRM
16.16,16.17,16.16,16.17,300,2021-11-04 17:48:00,VRRM
16.16,16.16,16.16,16.16,111,2021-11-04 17:50:00,VRRM
16.16,16.16,16.16,16.16,200,2021-11-04 17:52:00,VRRM
16.17,16.19,16.17,16.185,1405,2021-11-04 17:53:00,VRRM
16.2,16.2,16.2,16.2,100,2021-11-04 17:56:00,VRRM
16.2,16.2,16.2,16.2,100,2021-11-04 17:57:00,VRRM
16.2,16.2,16.2,16.2,100,2021-11-04 17:58:00,VRRM
16.2,16.21,16.18,16.2,5300,2021-11-04 18:00:00,VRRM
16.2,16.2,16.18,16.19,1624,2021-11-04 18:03:00,VRRM
16.18,16.18,16.18,16.18,100,2021-11-04 18:04:00,VRRM
16.18,16.18,16.18,16.18,499,2021-11-04 18:05:00,VRRM
16.185,16.19,16.18,16.19,500,2021-11-04 18:06:00,VRRM
16.2,16.21,16.2,16.2,5203,2021-11-04 18:07:00,VRRM
16.19,16.2,16.19,16.2,300,2021-11-04 18:08:00,VRRM
16.2,16.2,16.2,16.2,100,2021-11-04 18:09:00,VRRM
16.2,16.2,16.19,16.19,2816,2021-11-04 18:10:00,VRRM
16.2,16.21,16.2,16.21,1811,2021-11-04 18:11:00,VRRM
16.21,16.21,16.2,16.2,1700,2021-11-04 18:12:00,VRRM
16.2,16.2,16.2,16.2,100,2021-11-04 18:13:00,VRRM
16.2,16.21,16.2,16.2,400,2021-11-04 18:14:00,VRRM
16.19,16.19,16.19,16.19,636,2021-11-04 18:15:00,VRRM
16.18,16.18,16.15,16.159,2100,2021-11-04 18:16:00,VRRM
16.16,16.16,16.14,16.14,1064,2021-11-04 18:17:00,VRRM
16.15,16.16,16.145,16.15,600,2021-11-04 18:18:00,VRRM
16.15,16.16,16.15,16.15,300,2021-11-04 18:21:00,VRRM
16.155,16.16,16.155,16.16,600,2021-11-04 18:22:00,VRRM
16.15,16.18,16.15,16.18,200,2021-11-04 18:24:00,VRRM
16.165,16.165,16.165,16.165,100,2021-11-04 18:25:00,VRRM
16.16,16.18,16.15,16.16,2843,2021-11-04 18:28:00,VRRM
16.16,16.16,16.155,16.16,600,2021-11-04 18:29:00,VRRM
16.15,16.15,16.15,16.15,100,2021-11-04 18:30:00,VRRM
16.155,16.155,16.155,16.155,100,2021-11-04 18:31:00,VRRM
16.15,16.15,16.145,16.145,1451,2021-11-04 18:32:00,VRRM
16.15,16.15,16.145,16.145,400,2021-11-04 18:33:00,VRRM
16.15,16.16,16.145,16.16,1618,2021-11-04 18:34:00,VRRM
16.16,16.16,16.155,16.155,1102,2021-11-04 18:35:00,VRRM
16.16,16.16,16.155,16.155,719,2021-11-04 18:36:00,VRRM
16.15,16.15,16.145,16.15,1323,2021-11-04 18:37:00,VRRM
16.145,16.145,16.13,16.135,1713,2021-11-04 18:38:00,VRRM
16.13,16.155,16.13,16.15,3955,2021-11-04 18:40:00,VRRM
16.16,16.165,16.16,16.165,600,2021-11-04 18:41:00,VRRM
16.17,16.17,16.16,16.16,780,2021-11-04 18:42:00,VRRM
16.15,16.17,16.15,16.17,300,2021-11-04 18:45:00,VRRM
16.15,16.15,16.15,16.15,100,2021-11-04 18:46:00,VRRM
16.15,16.15,16.14,16.14,1272,2021-11-04 18:47:00,VRRM
16.14,16.14,16.14,16.14,100,2021-11-04 18:48:00,VRRM
16.13,16.14,16.12,16.14,4044,2021-11-04 18:49:00,VRRM
16.13,16.14,16.13,16.14,3357,2021-11-04 18:52:00,VRRM
16.12,16.14,16.12,16.14,2925,2021-11-04 18:54:00,VRRM
16.12,16.14,16.12,16.13,608,2021-11-04 18:55:00,VRRM
16.14,16.14,16.14,16.14,100,2021-11-04 18:56:00,VRRM
16.13,16.14,16.12,16.14,950,2021-11-04 18:58:00,VRRM
16.14,16.14,16.14,16.14,100,2021-11-04 19:00:00,VRRM
16.14,16.14,16.13,16.14,1804,2021-11-04 19:01:00,VRRM
16.15,16.15,16.115,16.115,5930,2021-11-04 19:02:00,VRRM
16.115,16.12,16.095,16.105,17774,2021-11-04 19:03:00,VRRM
16.1,16.1,16.09,16.095,6297,2021-11-04 19:04:00,VRRM
16.095,16.095,16.09,16.09,1300,2021-11-04 19:05:00,VRRM
16.09,16.09,16.09,16.09,400,2021-11-04 19:06:00,VRRM
16.09,16.1,16.06,16.08,6560,2021-11-04 19:07:00,VRRM
16.08,16.08,16.07,16.07,300,2021-11-04 19:08:00,VRRM
16.07,16.07,16.07,16.07,500,2021-11-04 19:10:00,VRRM
16.08,16.12,16.08,16.12,1700,2021-11-04 19:11:00,VRRM
16.118,16.12,16.118,16.12,200,2021-11-04 19:13:00,VRRM
16.12,16.12,16.12,16.12,100,2021-11-04 19:14:00,VRRM
16.12,16.13,16.12,16.13,919,2021-11-04 19:15:00,VRRM
16.13,16.13,16.13,16.13,302,2021-11-04 19:16:00,VRRM
16.14,16.14,16.14,16.14,100,2021-11-04 19:17:00,VRRM
16.14,16.15,16.14,16.15,909,2021-11-04 19:18:00,VRRM
16.15,16.15,16.15,16.15,100,2021-11-04 19:19:00,VRRM
16.15,16.18,16.15,16.18,1038,2021-11-04 19:20:00,VRRM
16.17,16.19,16.17,16.175,1338,2021-11-04 19:21:00,VRRM
16.19,16.21,16.19,16.2,6149,2021-11-04 19:22:00,VRRM
16.195,16.195,16.18,16.18,1000,2021-11-04 19:23:00,VRRM
16.19,16.21,16.19,16.195,1439,2021-11-04 19:24:00,VRRM
16.21,16.21,16.19,16.2,1046,2021-11-04 19:25:00,VRRM
16.2,16.2,16.19,16.19,400,2021-11-04 19:26:00,VRRM
16.19,16.19,16.17,16.17,800,2021-11-04 19:27:00,VRRM
16.17,16.17,16.17,16.17,300,2021-11-04 19:28:00,VRRM
16.165,16.165,16.15,16.15,1281,2021-11-04 19:29:00,VRRM
16.145,16.17,16.145,16.17,1968,2021-11-04 19:30:00,VRRM
16.17,16.17,16.14,16.14,3967,2021-11-04 19:31:00,VRRM
16.15,16.15,16.14,16.15,700,2021-11-04 19:32:00,VRRM
16.15,16.15,16.15,16.15,200,2021-11-04 19:33:00,VRRM
16.15,16.15,16.15,16.15,100,2021-11-04 19:34:00,VRRM
16.14,16.17,16.14,16.17,2116,2021-11-04 19:35:00,VRRM
16.18,16.18,16.15,16.15,5007,2021-11-04 19:36:00,VRRM
16.15,16.15,16.15,16.15,849,2021-11-04 19:37:00,VRRM
16.14,16.15,16.13,16.135,7921,2021-11-04 19:38:00,VRRM
16.135,16.14,16.11,16.11,1648,2021-11-04 19:39:00,VRRM
16.1,16.11,16.1,16.105,2915,2021-11-04 19:40:00,VRRM
16.105,16.11,16.105,16.11,1200,2021-11-04 19:41:00,VRRM
16.115,16.13,16.115,16.12,3099,2021-11-04 19:42:00,VRRM
16.12,16.13,16.12,16.13,600,2021-11-04 19:43:00,VRRM
16.13,16.14,16.13,16.14,400,2021-11-04 19:44:00,VRRM
16.12,16.14,16.12,16.12,1294,2021-11-04 19:45:00,VRRM
16.12,16.14,16.12,16.14,800,2021-11-04 19:46:00,VRRM
16.13,16.15,16.13,16.15,2724,2021-11-04 19:47:00,VRRM
16.15,16.15,16.14,16.14,1459,2021-11-04 19:48:00,VRRM
16.14,16.14,16.12,16.13,1901,2021-11-04 19:49:00,VRRM
16.125,16.13,16.12,16.13,2105,2021-11-04 19:50:00,VRRM
16.135,16.14,16.13,16.13,2400,2021-11-04 19:51:00,VRRM
16.13,16.13,16.11,16.11,7683,2021-11-04 19:52:00,VRRM
16.11,16.11,16.095,16.1,11992,2021-11-04 19:53:00,VRRM
16.09,16.11,16.09,16.1,10954,2021-11-04 19:54:00,VRRM
16.1,16.11,16.08,16.08,4585,2021-11-04 19:55:00,VRRM
16.09,16.1,16.08,16.08,6623,2021-11-04 19:56:00,VRRM
16.09,16.12,16.08,16.09,10156,2021-11-04 19:57:00,VRRM
16.09,16.11,16.07,16.07,14367,2021-11-04 19:58:00,VRRM
16.075,16.09,16.07,16.08,11076,2021-11-04 19:59:00,VRRM
16.11,16.11,16.11,16.11,50044,2021-11-04 20:00:00,VRRM
16.11,16.11,16.11,16.11,2500,2021-11-04 20:02:00,VRRM
16.3,16.3,16.3,16.3,100,2021-11-04 20:10:00,VRRM
16.5,16.5,16.5,16.5,700,2021-11-05 13:25:00,VRRM
16.555,16.555,16.52,16.52,9754,2021-11-05 13:30:00,VRRM
16.71,16.77,16.635,16.635,4627,2021-11-05 13:31:00,VRRM
16.72,16.84,16.72,16.83,5148,2021-11-05 13:32:00,VRRM
16.85,17.01,16.85,16.87,22912,2021-11-05 13:33:00,VRRM
16.82,16.85,16.795,16.795,2958,2021-11-05 13:34:00,VRRM
16.73,16.88,16.71,16.71,2000,2021-11-05 13:35:00,VRRM
16.71,16.79,16.71,16.79,200,2021-11-05 13:36:00,VRRM
16.71,16.71,16.56,16.59,2558,2021-11-05 13:37:00,VRRM
16.57,16.59,16.54,16.54,747,2021-11-05 13:38:00,VRRM
16.52,16.52,16.26,16.27,5254,2021-11-05 13:39:00,VRRM
16.27,16.27,16.27,16.27,400,2021-11-05 13:41:00,VRRM
16.45,16.58,16.35,16.56,10517,2021-11-05 13:42:00,VRRM
16.55,16.59,16.515,16.515,900,2021-11-05 13:43:00,VRRM
16.53,16.53,16.47,16.5,1800,2021-11-05 13:44:00,VRRM
16.47,16.49,16.38,16.39,2188,2021-11-05 13:45:00,VRRM
16.3801,16.39,16.3801,16.39,1597,2021-11-05 13:47:00,VRRM
16.38,16.385,16.35,16.35,1265,2021-11-05 13:49:00,VRRM
16.36,16.36,16.36,16.36,268,2021-11-05 13:50:00,VRRM
16.345,16.375,16.3,16.31,1368,2021-11-05 13:51:00,VRRM
16.3,16.345,16.3,16.31,1710,2021-11-05 13:52:00,VRRM
16.25,16.25,16.22,16.22,300,2021-11-05 13:53:00,VRRM
16.25,16.315,16.25,16.315,3300,2021-11-05 13:54:00,VRRM
16.29,16.325,16.28,16.29,1337,2021-11-05 13:55:00,VRRM
16.27,16.27,16.2686,16.2686,1100,2021-11-05 13:56:00,VRRM
16.26,16.34,16.174,16.28,22136,2021-11-05 13:57:00,VRRM
16.31,16.31,16.31,16.31,100,2021-11-05 13:58:00,VRRM
16.3,16.34,16.3,16.34,277,2021-11-05 13:59:00,VRRM
16.305,16.34,16.29,16.29,2973,2021-11-05 14:00:00,VRRM
16.32,16.32,16.32,16.32,100,2021-11-05 14:01:00,VRRM
16.32,16.33,16.265,16.3,5735,2021-11-05 14:02:00,VRRM
16.29,16.33,16.29,16.33,200,2021-11-05 14:03:00,VRRM
16.325,16.325,16.3,16.3,700,2021-11-05 14:04:00,VRRM
16.29,16.3,16.27,16.27,1160,2021-11-05 14:05:00,VRRM
16.24,16.25,16.23,16.25,800,2021-11-05 14:06:00,VRRM
16.26,16.26,16.22,16.22,400,2021-11-05 14:07:00,VRRM
16.23,16.26,16.23,16.25,2100,2021-11-05 14:08:00,VRRM
16.26,16.275,16.23,16.23,1709,2021-11-05 14:09:00,VRRM
16.23,16.23,16.21,16.21,400,2021-11-05 14:10:00,VRRM
16.14,16.18,16.14,16.17,1420,2021-11-05 14:11:00,VRRM
16.11,16.18,16.08,16.165,5390,2021-11-05 14:13:00,VRRM
16.15,16.15,16.13,16.13,300,2021-11-05 14:14:00,VRRM
16.13,16.13,16.13,16.13,200,2021-11-05 14:15:00,VRRM
16.13,16.145,16.1,16.1,500,2021-11-05 14:16:00,VRRM
16.11,16.11,16.0,16.0,3998,2021-11-05 14:17:00,VRRM
16.01,16.02,16.0,16.01,5163,2021-11-05 14:18:00,VRRM
16.015,16.015,15.99,16.005,5585,2021-11-05 14:19:00,VRRM
15.97,15.97,15.96,15.96,239,2021-11-05 14:20:00,VRRM
15.95,15.95,15.93,15.94,400,2021-11-05 14:21:00,VRRM
15.93,15.965,15.88,15.965,1300,2021-11-05 14:22:00,VRRM
15.89,15.94,15.86,15.94,700,2021-11-05 14:23:00,VRRM
15.94,15.94,15.88,15.89,2322,2021-11-05 14:24:00,VRRM
15.88,15.88,15.83,15.84,1200,2021-11-05 14:25:00,VRRM
15.87,15.87,15.82,15.82,500,2021-11-05 14:26:00,VRRM
15.8,15.84,15.76,15.82,700,2021-11-05 14:27:00,VRRM
15.78,15.825,15.78,15.825,500,2021-11-05 14:28:00,VRRM
15.825,15.94,15.825,15.9,4400,2021-11-05 14:29:00,VRRM
15.94,15.94,15.94,15.94,100,2021-11-05 14:30:00,VRRM
15.935,15.95,15.93,15.93,844,2021-11-05 14:31:00,VRRM
15.99,16.0,15.98,15.98,725,2021-11-05 14:32:00,VRRM
15.93,15.93,15.9,15.905,1142,2021-11-05 14:33:00,VRRM
15.905,15.905,15.905,15.905,300,2021-11-05 14:34:00,VRRM
15.91,15.93,15.91,15.92,1600,2021-11-05 14:35:00,VRRM
15.92,16.0,15.92,15.97,1157,2021-11-05 14:36:00,VRRM
15.97,16.0,15.96,15.96,1106,2021-11-05 14:37:00,VRRM
15.93,15.98,15.91,15.955,3584,2021-11-05 14:38:00,VRRM
15.955,15.955,15.925,15.925,1104,2021-11-05 14:39:00,VRRM
15.925,15.925,15.88,15.92,5197,2021-11-05 14:40:00,VRRM
15.89,15.9,15.88,15.9,836,2021-11-05 14:41:00,VRRM
15.9,15.965,15.9,15.96,2225,2021-11-05 14:42:00,VRRM
15.96,15.99,15.96,15.98,500,2021-11-05 14:43:00,VRRM
15.96,15.99,15.95,15.95,728,2021-11-05 14:44:00,VRRM
16.02,16.04,15.99,15.99,3842,2021-11-05 14:45:00,VRRM
15.99,15.99,15.95,15.96,1363,2021-11-05 14:46:00,VRRM
15.98,15.99,15.98,15.99,408,2021-11-05 14:47:00,VRRM
15.99,16.0,15.98,15.995,4636,2021-11-05 14:48:00,VRRM
15.98,15.98,15.95,15.95,800,2021-11-05 14:49:00,VRRM
15.93,15.97,15.93,15.955,500,2021-11-05 14:50:00,VRRM
15.965,16.01,15.965,16.0,3098,2021-11-05 14:51:00,VRRM
16.01,16.01,15.97,16.0,726,2021-11-05 14:52:00,VRRM
16.0,16.0,16.0,16.0,213,2021-11-05 14:53:00,VRRM
16.005,16.02,15.99,16.01,1147,2021-11-05 14:54:00,VRRM
16.01,16.03,16.01,16.01,1792,2021-11-05 14:55:00,VRRM
16.01,16.01,15.99,16.005,800,2021-11-05 14:56:00,VRRM
15.99,15.99,15.92,15.93,1504,2021-11-05 14:57:00,VRRM
15.95,15.97,15.95,15.97,2200,2021-11-05 14:58:00,VRRM
16.0,16.0,15.96,15.96,2200,2021-11-05 14:59:00,VRRM
15.98,15.98,15.96,15.98,1600,2021-11-05 15:00:00,VRRM
15.985,16.01,15.98,15.9972,4672,2021-11-05 15:01:00,VRRM
15.995,15.995,15.97,15.98,4093,2021-11-05 15:02:00,VRRM
16.0,16.01,16.0,16.0,1477,2021-11-05 15:03:00,VRRM
16.0,16.0,15.98,15.99,1027,2021-11-05 15:04:00,VRRM
15.995,16.0,15.995,15.995,427,2021-11-05 15:05:00,VRRM
15.99,15.99,15.99,15.99,500,2021-11-05 15:06:00,VRRM
16.01,16.01,15.99,16.0,871,2021-11-05 15:07:00,VRRM
16.01,16.01,15.99,16.0,1887,2021-11-05 15:08:00,VRRM
16.0,16.005,15.99,16.005,540,2021-11-05 15:09:00,VRRM
16.02,16.02,15.99,16.02,4290,2021-11-05 15:10:00,VRRM
16.01,16.01,15.98,15.99,3369,2021-11-05 15:11:00,VRRM
15.98,16.02,15.98,16.01,4232,2021-11-05 15:12:00,VRRM
16.0,16.0,15.99,16.0,1527,2021-11-05 15:13:00,VRRM
16.01,16.02,16.0,16.02,700,2021-11-05 15:14:00,VRRM
16.02,16.03,15.98,16.0,28846,2021-11-05 15:15:00,VRRM
16.0,16.02,15.99,16.005,8395,2021-11-05 15:16:00,VRRM
16.015,16.015,15.98,15.985,3553,2021-11-05 15:17:00,VRRM
15.985,15.985,15.95,15.97,2410,2021-11-05 15:18:00,VRRM
15.96,15.995,15.95,15.995,4318,2021-11-05 15:19:00,VRRM
15.995,16.02,15.98,15.99,5482,2021-11-05 15:20:00,VRRM
15.99,16.03,15.985,16.015,1829,2021-11-05 15:21:00,VRRM
16.015,16.015,16.0,16.0,1404,2021-11-05 15:22:00,VRRM
16.0,16.01,16.0,16.0,1000,2021-11-05 15:23:00,VRRM
16.0,16.0,15.96,15.98,2200,2021-11-05 15:24:00,VRRM
15.98,15.98,15.96,15.96,400,2021-11-05 15:25:00,VRRM
15.97,15.97,15.97,15.97,202,2021-11-05 15:26:00,VRRM
15.95,15.97,15.95,15.97,300,2021-11-05 15:27:00,VRRM
15.94,15.94,15.94,15.94,300,2021-11-05 15:28:00,VRRM
15.94,15.94,15.9,15.91,800,2021-11-05 15:29:00,VRRM
15.9,15.9,15.9,15.9,500,2021-11-05 15:31:00,VRRM
15.9,15.91,15.9,15.9,1100,2021-11-05 15:32:00,VRRM
15.91,15.91,15.9,15.9,300,2021-11-05 15:33:00,VRRM
15.9,15.95,15.9,15.95,2800,2021-11-05 15:34:00,VRRM
15.955,15.955,15.955,15.955,100,2021-11-05 15:35:00,VRRM
15.99,16.01,15.93,15.945,30831,2021-11-05 15:36:00,VRRM
15.945,16.01,15.945,16.01,2584,2021-11-05 15:37:00,VRRM
16.03,16.03,15.98,15.98,5439,2021-11-05 15:38:00,VRRM
15.98,16.04,15.96,16.01,37743,2021-11-05 15:39:00,VRRM
16.01,16.01,15.95,15.97,46667,2021-11-05 15:40:00,VRRM
15.97,16.01,15.96,15.985,5262,2021-11-05 15:41:00,VRRM
15.98,15.99,15.975,15.975,2700,2021-11-05 15:42:00,VRRM
15.99,16.01,15.985,15.985,12455,2021-11-05 15:43:00,VRRM
15.985,16.0,15.98,15.99,3594,2021-11-05 15:44:00,VRRM
15.99,15.99,15.98,15.99,1600,2021-11-05 15:45:00,VRRM
15.97,16.0,15.97,16.0,1712,2021-11-05 15:46:00,VRRM
15.99,16.0,15.985,15.99,1646,2021-11-05 15:47:00,VRRM
15.98,16.01,15.98,16.0,1500,2021-11-05 15:48:00,VRRM
16.0,16.01,16.0,16.0,620,2021-11-05 15:49:00,VRRM
16.0,16.0,15.99,16.0,700,2021-11-05 15:50:00,VRRM
16.0,16.0,15.97,15.97,1200,2021-11-05 15:51:00,VRRM
15.97,15.98,15.96,15.98,700,2021-11-05 15:52:00,VRRM
15.98,15.98,15.98,15.98,100,2021-11-05 15:53:00,VRRM
15.97,16.0,15.97,16.0,13708,2021-11-05 15:54:00,VRRM
16.0,16.0,15.99,15.99,2243,2021-11-05 15:56:00,VRRM
15.99,16.0,15.98,15.99,2750,2021-11-05 15:57:00,VRRM
16.0,16.01,15.99,15.995,13755,2021-11-05 15:58:00,VRRM
15.995,16.0,15.98,15.99,3403,2021-11-05 15:59:00,VRRM
15.98,15.98,15.97,15.98,1000,2021-11-05 16:00:00,VRRM
15.97,15.97,15.97,15.97,300,2021-11-05 16:01:00,VRRM
15.97,15.99,15.97,15.99,800,2021-11-05 16:02:00,VRRM
15.985,15.985,15.985,15.985,200,2021-11-05 16:03:00,VRRM
15.98,15.99,15.98,15.985,2141,2021-11-05 16:04:00,VRRM
15.98,15.985,15.98,15.98,1202,2021-11-05 16:05:00,VRRM
15.98,15.98,15.98,15.98,100,2021-11-05 16:06:00,VRRM
15.97,15.97,15.96,15.965,2040,2021-11-05 16:07:00,VRRM
15.955,15.98,15.95,15.98,800,2021-11-05 16:08:00,VRRM
15.95,15.98,15.95,15.975,2100,2021-11-05 16:09:00,VRRM
15.97,15.97,15.97,15.97,592,2021-11-05 16:12:00,VRRM
15.97,15.97,15.97,15.97,100,2021-11-05 16:13:00,VRRM
15.96,15.96,15.95,15.95,267,2021-11-05 16:14:00,VRRM
15.96,15.97,15.95,15.95,2239,2021-11-05 16:15:00,VRRM
15.955,15.96,15.955,15.96,1162,2021-11-05 16:16:00,VRRM
15.955,15.955,15.955,15.955,200,2021-11-05 16:17:00,VRRM
15.96,15.96,15.96,15.96,100,2021-11-05 16:18:00,VRRM
15.95,15.96,15.95,15.955,1780,2021-11-05 16:19:00,VRRM
15.96,15.96,15.955,15.955,400,2021-11-05 16:20:00,VRRM
15.955,15.96,15.955,15.955,500,2021-11-05 16:21:00,VRRM
15.9502,15.96,15.9502,15.96,2667,2021-11-05 16:22:00,VRRM
15.96,15.96,15.96,15.96,100,2021-11-05 16:23:00,VRRM
15.955,15.97,15.955,15.97,2325,2021-11-05 16:24:00,VRRM
15.96,15.96,15.95,15.96,1589,2021-11-05 16:25:00,VRRM
15.96,15.96,15.96,15.96,500,2021-11-05 16:26:00,VRRM
15.96,15.97,15.96,15.97,1309,2021-11-05 16:28:00,VRRM
15.97,15.97,15.91,15.95,11399,2021-11-05 16:29:00,VRRM
15.96,15.97,15.955,15.97,800,2021-11-05 16:30:00,VRRM
15.965,15.97,15.96,15.97,1000,2021-11-05 16:31:00,VRRM
15.97,15.99,15.97,15.99,3647,2021-11-05 16:32:00,VRRM
16.0,16.0,15.99,16.0,507,2021-11-05 16:33:00,VRRM
16.0,16.0,16.0,16.0,300,2021-11-05 16:34:00,VRRM
15.995,16.0,15.995,16.0,1100,2021-11-05 16:35:00,VRRM
16.0,16.0,15.94,15.94,1470,2021-11-05 16:36:00,VRRM
15.93,15.94,15.92,15.94,1595,2021-11-05 16:37:00,VRRM
15.925,15.94,15.925,15.94,927,2021-11-05 16:38:00,VRRM
15.935,15.95,15.935,15.95,1100,2021-11-05 16:39:00,VRRM
15.94,15.94,15.94,15.94,200,2021-11-05 16:40:00,VRRM
15.94,16.0,15.94,16.0,5244,2021-11-05 16:41:00,VRRM
16.0,16.0,15.975,16.0,2200,2021-11-05 16:42:00,VRRM
16.0,16.0,15.98,15.98,600,2021-11-05 16:43:00,VRRM
15.99,15.99,15.98,15.98,300,2021-11-05 16:44:00,VRRM
15.97,15.97,15.97,15.97,100,2021-11-05 16:45:00,VRRM
15.97,15.97,15.95,15.96,1604,2021-11-05 16:46:00,VRRM
15.96,15.98,15.955,15.98,1400,2021-11-05 16:48:00,VRRM
15.98,16.0,15.98,16.0,2410,2021-11-05 16:49:00,VRRM
15.99,15.99,15.99,15.99,100,2021-11-05 16:50:00,VRRM
15.99,16.0,15.99,16.0,400,2021-11-05 16:52:00,VRRM
16.0,16.01,16.0,16.01,2610,2021-11-05 16:53:00,VRRM
16.01,16.01,15.99,16.0,1500,2021-11-05 16:55:00,VRRM
15.99,16.0,15.99,16.0,400,2021-11-05 16:56:00,VRRM
16.0,16.0,15.97,15.97,1691,2021-11-05 16:57:00,VRRM
15.96,15.98,15.96,15.97,300,2021-11-05 16:58:00,VRRM
15.97,15.99,15.97,15.99,797,2021-11-05 16:59:00,VRRM
15.99,16.0,15.99,16.0,1330,2021-11-05 17:00:00,VRRM
16.01,16.01,15.98,15.98,1076,2021-11-05 17:01:00,VRRM
15.99,15.99,15.98,15.98,200,2021-11-05 17:02:00,VRRM
15.99,15.99,15.99,15.99,100,2021-11-05 17:03:00,VRRM
15.98,15.98,15.98,15.98,200,2021-11-05 17:04:00,VRRM
15.98,15.98,15.97,15.97,507,2021-11-05 17:05:00,VRRM
15.97,15.97,15.94,15.955,1926,2021-11-05 17:06:00,VRRM
15.951,15.955,15.94,15.955,1000,2021-11-05 17:09:00,VRRM
15.94,15.94,15.89,15.89,2200,2021-11-05 17:11:00,VRRM
15.89,15.92,15.885,15.905,8556,2021-11-05 17:12:00,VRRM
15.905,15.93,15.905,15.92,5535,2021-11-05 17:13:00,VRRM
15.93,15.96,15.92,15.96,7252,2021-11-05 17:14:00,VRRM
15.95,15.955,15.94,15.945,4586,2021-11-05 17:15:00,VRRM
15.945,15.95,15.945,15.95,800,2021-11-05 17:16:00,VRRM
15.95,15.95,15.95,15.95,400,2021-11-05 17:17:00,VRRM
15.95,15.96,15.95,15.955,1900,2021-11-05 17:18:00,VRRM
15.955,15.97,15.955,15.96,11817,2021-11-05 17:19:00,VRRM
15.96,15.97,15.96,15.97,239,2021-11-05 17:20:00,VRRM
15.965,15.98,15.965,15.98,4599,2021-11-05 17:21:00,VRRM
15.98,15.99,15.98,15.99,200,2021-11-05 17:22:00,VRRM
15.99,15.99,15.99,15.99,100,2021-11-05 17:23:00,VRRM
15.99,15.99,15.97,15.97,1500,2021-11-05 17:24:00,VRRM
15.96,15.965,15.96,15.96,600,2021-11-05 17:25:00,VRRM
15.96,15.97,15.95,15.95,600,2021-11-05 17:26:00,VRRM
15.97,15.98,15.94,15.94,3700,2021-11-05 17:27:00,VRRM
15.93,15.93,15.92,15.92,900,2021-11-05 17:28:00,VRRM
15.92,15.92,15.92,15.92,878,2021-11-05 17:31:00,VRRM
15.93,15.94,15.93,15.94,1196,2021-11-05 17:32:00,VRRM
15.92,15.92,15.92,15.92,200,2021-11-05 17:33:00,VRRM
15.93,15.94,15.93,15.94,572,2021-11-05 17:34:00,VRRM
15.9,15.92,15.9,15.92,1300,2021-11-05 17:36:00,VRRM
15.92,15.92,15.91,15.91,700,2021-11-05 17:38:00,VRRM
15.89,15.89,15.89,15.89,304,2021-11-05 17:40:00,VRRM
15.87,15.88,15.87,15.88,200,2021-11-05 17:41:00,VRRM
15.88,15.88,15.88,15.88,700,2021-11-05 17:42:00,VRRM
15.88,15.88,15.88,15.88,100,2021-11-05 17:44:00,VRRM
15.87,15.87,15.86,15.865,2126,2021-11-05 17:45:00,VRRM
15.855,15.88,15.845,15.87,3839,2021-11-05 17:46:00,VRRM
15.86,15.88,15.81,15.81,4801,2021-11-05 17:47:00,VRRM
15.81,15.815,15.81,15.815,300,2021-11-05 17:48:00,VRRM
15.815,15.84,15.815,15.84,300,2021-11-05 17:49:00,VRRM
15.83,15.83,15.83,15.83,200,2021-11-05 17:50:00,VRRM
15.84,15.84,15.84,15.84,1647,2021-11-05 17:51:00,VRRM
15.84,15.84,15.84,15.84,265,2021-11-05 17:54:00,VRRM
15.84,15.84,15.84,15.84,347,2021-11-05 17:55:00,VRRM
15.84,15.85,15.84,15.85,1306,2021-11-05 17:56:00,VRRM
15.8463,15.87,15.8463,15.87,1867,2021-11-05 17:57:00,VRRM
15.87,15.88,15.87,15.88,600,2021-11-05 17:58:00,VRRM
15.87,15.9,15.87,15.89,2297,2021-11-05 17:59:00,VRRM
15.89,15.92,15.88,15.9,5998,2021-11-05 18:00:00,VRRM
15.905,15.95,15.905,15.95,3919,2021-11-05 18:03:00,VRRM
15.96,15.975,15.96,15.975,200,2021-11-05 18:04:00,VRRM
15.98,15.98,15.98,15.98,500,2021-11-05 18:05:00,VRRM
15.99,16.0,15.96,15.96,4548,2021-11-05 18:06:00,VRRM
15.96,15.96,15.96,15.96,100,2021-11-05 18:07:00,VRRM
15.98,15.99,15.97,15.99,1203,2021-11-05 18:08:00,VRRM
16.0,16.0,15.98,15.99,8917,2021-11-05 18:09:00,VRRM
16.0,16.0,15.99,15.995,2538,2021-11-05 18:10:00,VRRM
15.995,16.0,15.94,15.94,16753,2021-11-05 18:11:00,VRRM
15.96,15.96,15.94,15.95,1862,2021-11-05 18:12:00,VRRM
15.935,15.95,15.935,15.94,8824,2021-11-05 18:15:00,VRRM
15.94,15.99,15.94,15.99,6317,2021-11-05 18:16:00,VRRM
15.975,15.975,15.975,15.975,100,2021-11-05 18:17:00,VRRM
15.99,16.0,15.985,16.0,2905,2021-11-05 18:18:00,VRRM
16.005,16.005,15.98,15.98,2410,2021-11-05 18:19:00,VRRM
15.98,16.0,15.97,16.0,2584,2021-11-05 18:20:00,VRRM
16.0,16.0,15.98,15.99,17011,2021-11-05 18:21:00,VRRM
15.98,15.99,15.98,15.98,500,2021-11-05 18:22:00,VRRM
15.98,15.98,15.96,15.97,2716,2021-11-05 18:23:00,VRRM
15.96,15.98,15.96,15.97,5476,2021-11-05 18:24:00,VRRM
15.98,16.0,15.98,16.0,2419,2021-11-05 18:25:00,VRRM
16.0,16.0,15.991,16.0,1600,2021-11-05 18:26:00,VRRM
16.0,16.0,15.995,15.995,500,2021-11-05 18:27:00,VRRM
15.995,16.005,15.99,15.99,3368,2021-11-05 18:28:00,VRRM
16.0,16.01,16.0,16.0,800,2021-11-05 18:29:00,VRRM
16.0,16.01,15.99,16.0,4204,2021-11-05 18:30:00,VRRM
16.01,16.09,16.0,16.05,7623,2021-11-05 18:31:00,VRRM
16.04,16.04,16.01,16.01,7800,2021-11-05 18:32:00,VRRM
16.01,16.02,15.96,15.9894,30848,2021-11-05 18:33:00,VRRM
15.98,15.99,15.975,15.985,4606,2021-11-05 18:34:00,VRRM
15.985,15.985,15.98,15.98,544,2021-11-05 18:35:00,VRRM
15.98,15.98,15.98,15.98,200,2021-11-05 18:36:00,VRRM
15.985,15.985,15.985,15.985,400,2021-11-05 18:37:00,VRRM
15.99,15.99,15.985,15.985,727,2021-11-05 18:38:00,VRRM
15.985,15.99,15.98,15.985,1800,2021-11-05 18:39:00,VRRM
15.99,15.99,15.98,15.985,2017,2021-11-05 18:40:00,VRRM
15.98,15.985,15.98,15.985,800,2021-11-05 18:41:00,VRRM
15.985,15.99,15.98,15.98,2200,2021-11-05 18:42:00,VRRM
15.99,15.99,15.99,15.99,800,2021-11-05 18:43:00,VRRM
15.985,15.985,15.985,15.985,100,2021-11-05 18:44:00,VRRM
15.985,15.985,15.985,15.985,100,2021-11-05 18:45:00,VRRM
15.985,15.985,15.985,15.985,900,2021-11-05 18:46:00,VRRM
15.99,15.99,15.98,15.985,13138,2021-11-05 18:47:00,VRRM
15.985,16.0,15.97,16.0,5511,2021-11-05 18:48:00,VRRM
16.0,16.01,16.0,16.0,8957,2021-11-05 18:49:00,VRRM
16.0,16.0,16.0,16.0,208,2021-11-05 18:50:00,VRRM
16.0,16.0,16.0,16.0,217,2021-11-05 18:51:00,VRRM
16.0,16.0,16.0,16.0,200,2021-11-05 18:53:00,VRRM
16.0,16.0,15.99,16.0,1929,2021-11-05 18:54:00,VRRM
15.995,16.0,15.995,15.995,1529,2021-11-05 18:57:00,VRRM
16.0,16.0,16.0,16.0,2497,2021-11-05 18:58:00,VRRM
16.0,16.0,15.995,16.0,1600,2021-11-05 19:00:00,VRRM
15.99,15.995,15.99,15.995,2410,2021-11-05 19:01:00,VRRM
15.995,15.995,15.99,15.995,700,2021-11-05 19:02:00,VRRM
15.995,16.0,15.995,16.0,5360,2021-11-05 19:03:00,VRRM
16.0,16.0,16.0,16.0,500,2021-11-05 19:04:00,VRRM
16.0,16.0,15.995,15.995,300,2021-11-05 19:05:00,VRRM
16.0,16.0,15.995,15.995,300,2021-11-05 19:06:00,VRRM
15.995,16.0,15.99,16.0,27414,2021-11-05 19:07:00,VRRM
16.0,16.01,16.0,16.005,1600,2021-11-05 19:08:00,VRRM
16.0,16.005,16.0,16.0,800,2021-11-05 19:09:00,VRRM
16.01,16.01,16.005,16.005,10718,2021-11-05 19:10:00,VRRM
16.0,16.01,16.0,16.005,50800,2021-11-05 19:11:00,VRRM
16.005,16.05,16.005,16.045,13911,2021-11-05 19:12:00,VRRM
16.04,16.045,16.03,16.03,3819,2021-11-05 19:13:00,VRRM
16.025,16.025,16.025,16.025,100,2021-11-05 19:14:00,VRRM
16.025,16.03,16.025,16.03,2478,2021-11-05 19:15:00,VRRM
16.03,16.03,16.03,16.03,137,2021-11-05 19:16:00,VRRM
16.03,16.04,16.03,16.035,1300,2021-11-05 19:18:00,VRRM
16.03,16.03,16.015,16.015,1900,2021-11-05 19:19:00,VRRM
16.015,16.02,16.015,16.02,1771,2021-11-05 19:20:00,VRRM
16.025,16.05,16.025,16.05,3715,2021-11-05 19:21:00,VRRM
16.05,16.05,16.05,16.05,200,2021-11-05 19:22:00,VRRM
16.05,16.05,16.045,16.045,8072,2021-11-05 19:23:00,VRRM
16.045,16.12,16.045,16.1,4633,2021-11-05 19:24:00,VRRM
16.1,16.19,16.1,16.18,4180,2021-11-05 19:25:00,VRRM
16.18,16.2,16.15,16.155,3800,2021-11-05 19:26:00,VRRM
16.16,16.2,16.16,16.195,6842,2021-11-05 19:27:00,VRRM
16.195,16.245,16.195,16.245,3650,2021-11-05 19:28:00,VRRM
16.24,16.26,16.22,16.23,1500,2021-11-05 19:29:00,VRRM
16.23,16.23,16.2,16.205,800,2021-11-05 19:30:00,VRRM
16.205,16.205,16.2,16.2,200,2021-11-05 19:31:00,VRRM
16.19,16.2,16.19,16.2,1100,2021-11-05 19:32:00,VRRM
16.19,16.21,16.18,16.21,3265,2021-11-05 19:34:00,VRRM
16.21,16.26,16.21,16.24,3392,2021-11-05 19:35:00,VRRM
16.23,16.23,16.21,16.21,1184,2021-11-05 19:36:00,VRRM
16.22,16.22,16.2,16.215,2234,2021-11-05 19:37:00,VRRM
16.2,16.2,16.2,16.2,331,2021-11-05 19:38:00,VRRM
16.2,16.3,16.19,16.3,62065,2021-11-05 19:39:00,VRRM
16.29,16.32,16.19,16.24,22147,2021-11-05 19:40:00,VRRM
16.225,16.24,16.225,16.23,620,2021-11-05 19:41:00,VRRM
16.22,16.22,16.22,16.22,166,2021-11-05 19:42:00,VRRM
16.23,16.23,16.2,16.2,2146,2021-11-05 19:43:00,VRRM
16.195,16.195,16.18,16.18,1227,2021-11-05 19:44:00,VRRM
16.165,16.165,16.12,16.14,5111,2021-11-05 19:45:00,VRRM
16.13,16.13,16.09,16.1,10613,2021-11-05 19:46:00,VRRM
16.095,16.1,16.09,16.1,1078,2021-11-05 19:47:00,VRRM
16.095,16.095,16.075,16.075,2048,2021-11-05 19:48:00,VRRM
16.075,16.09,16.075,16.085,3804,2021-11-05 19:49:00,VRRM
16.09,16.12,16.085,16.09,19981,2021-11-05 19:50:00,VRRM
16.09,16.11,16.08,16.11,3809,2021-11-05 19:51:00,VRRM
16.1,16.12,16.1,16.115,4938,2021-11-05 19:52:00,VRRM
16.115,16.115,16.1,16.105,3936,2021-11-05 19:53:00,VRRM
16.1,16.11,16.09,16.1001,5209,2021-11-05 19:54:00,VRRM
16.1,16.1,16.06,16.065,10078,2021-11-05 19:55:00,VRRM
16.06,16.09,16.06,16.07,10898,2021-11-05 19:56:00,VRRM
16.075,16.08,16.06,16.06,6831,2021-11-05 19:57:00,VRRM
16.06,16.07,16.05,16.06,10827,2021-11-05 19:58:00,VRRM
16.06,16.09,16.06,16.09,14161,2021-11-05 19:59:00,VRRM
16.1,16.1,16.1,16.1,140373,2021-11-05 20:00:00,VRRM
16.1,16.1,16.1,16.1,25173,2021-11-05 20:01:00,VRRM
15.9,15.9,15.9,15.9,1000,2021-11-05 20:07:00,VRRM
15.88,15.9,15.88,15.9,500,2021-11-05 20:08:00,VRRM
15.85,15.88,15.85,15.88,200,2021-11-05 21:11:00,VRRM
16.36,16.36,16.245,16.285,13494,2021-11-08 14:30:00,VRRM
16.29,16.29,16.29,16.29,119,2021-11-08 14:32:00,VRRM
16.34,16.34,16.18,16.21,1338,2021-11-08 14:34:00,VRRM
16.23,16.23,16.19,16.19,200,2021-11-08 14:35:00,VRRM
16.215,16.24,16.215,16.24,1050,2021-11-08 14:36:00,VRRM
16.27,16.27,16.27,16.27,100,2021-11-08 14:38:00,VRRM
16.21,16.37,16.21,16.37,7606,2021-11-08 14:39:00,VRRM
16.38,16.41,16.38,16.38,862,2021-11-08 14:40:00,VRRM
16.385,16.385,16.35,16.35,500,2021-11-08 14:41:00,VRRM
16.32,16.36,16.32,16.355,2200,2021-11-08 14:42:00,VRRM
16.355,16.355,16.355,16.355,738,2021-11-08 14:43:00,VRRM
16.32,16.47,16.31,16.43,5062,2021-11-08 14:44:00,VRRM
16.465,16.5,16.465,16.5,3600,2021-11-08 14:45:00,VRRM
16.44,16.49,16.43,16.465,1100,2021-11-08 14:46:00,VRRM
16.46,16.53,16.46,16.48,5801,2021-11-08 14:47:00,VRRM
16.44,16.44,16.31,16.39,739,2021-11-08 14:48:00,VRRM
16.3532,16.3532,16.3532,16.3532,200,2021-11-08 14:49:00,VRRM
16.3,16.3,16.3,16.3,100,2021-11-08 14:50:00,VRRM
16.33,16.35,16.33,16.345,1200,2021-11-08 14:51:00,VRRM
16.32,16.36,16.32,16.32,300,2021-11-08 14:52:00,VRRM
16.32,16.34,16.32,16.33,400,2021-11-08 14:53:00,VRRM
16.33,16.33,16.3,16.3,600,2021-11-08 14:54:00,VRRM
16.3,16.3,16.3,16.3,100,2021-11-08 14:55:00,VRRM
16.315,16.315,16.315,16.315,100,2021-11-08 14:56:00,VRRM
16.29,16.29,16.27,16.27,400,2021-11-08 14:57:00,VRRM
16.31,16.36,16.31,16.35,8000,2021-11-08 14:59:00,VRRM
16.32,16.35,16.32,16.35,200,2021-11-08 15:00:00,VRRM
16.33,16.34,16.31,16.31,1300,2021-11-08 15:01:00,VRRM
16.31,16.31,16.28,16.28,200,2021-11-08 15:02:00,VRRM
16.24,16.24,16.24,16.24,100,2021-11-08 15:04:00,VRRM
16.31,16.33,16.31,16.31,400,2021-11-08 15:05:00,VRRM
16.31,16.35,16.31,16.35,900,2021-11-08 15:06:00,VRRM
16.34,16.385,16.34,16.38,1700,2021-11-08 15:07:00,VRRM
16.37,16.375,16.36,16.375,500,2021-11-08 15:08:00,VRRM
16.36,16.4,16.36,16.4,2316,2021-11-08 15:09:00,VRRM
16.39,16.4,16.37,16.38,3400,2021-11-08 15:10:00,VRRM
16.35,16.37,16.34,16.35,1300,2021-11-08 15:11:00,VRRM
16.33,16.33,16.33,16.33,100,2021-11-08 15:12:00,VRRM
16.3,16.3,16.3,16.3,100,2021-11-08 15:13:00,VRRM
16.34,16.34,16.31,16.31,400,2021-11-08 15:14:00,VRRM
16.31,16.31,16.31,16.31,200,2021-11-08 15:15:00,VRRM
16.32,16.41,16.32,16.39,3381,2021-11-08 15:16:00,VRRM
16.4,16.44,16.39,16.4,1112,2021-11-08 15:17:00,VRRM
16.39,16.39,16.37,16.375,1300,2021-11-08 15:18:00,VRRM
16.38,16.38,16.36,16.38,1300,2021-11-08 15:19:00,VRRM
16.37,16.37,16.36,16.36,200,2021-11-08 15:20:00,VRRM
16.37,16.39,16.37,16.39,200,2021-11-08 15:21:00,VRRM
16.4,16.41,16.365,16.38,4580,2021-11-08 15:22:00,VRRM
16.37,16.38,16.36,16.36,900,2021-11-08 15:23:00,VRRM
16.37,16.38,16.36,16.36,1149,2021-11-08 15:24:00,VRRM
16.36,16.36,16.35,16.35,200,2021-11-08 15:25:00,VRRM
16.34,16.34,16.34,16.34,100,2021-11-08 15:26:00,VRRM
16.35,16.37,16.35,16.36,600,2021-11-08 15:27:00,VRRM
16.375,16.38,16.37,16.375,4580,2021-11-08 15:28:00,VRRM
16.375,16.38,16.375,16.38,760,2021-11-08 15:29:00,VRRM
16.375,16.375,16.36,16.36,580,2021-11-08 15:30:00,VRRM
16.365,16.38,16.36,16.37,910,2021-11-08 15:31:00,VRRM
16.35,16.355,16.34,16.355,300,2021-11-08 15:32:00,VRRM
16.341,16.35,16.32,16.32,400,2021-11-08 15:33:00,VRRM
16.35,16.36,16.33,16.33,700,2021-11-08 15:34:00,VRRM
16.345,16.385,16.345,16.37,1200,2021-11-08 15:35:00,VRRM
16.37,16.38,16.37,16.38,500,2021-11-08 15:36:00,VRRM
16.39,16.405,16.37,16.37,4140,2021-11-08 15:37:00,VRRM
16.37,16.4,16.37,16.3902,1528,2021-11-08 15:38:00,VRRM
16.37,16.38,16.35,16.35,3366,2021-11-08 15:39:00,VRRM
16.36,16.36,16.31,16.31,992,2021-11-08 15:40:00,VRRM
16.32,16.32,16.32,16.32,200,2021-11-08 15:41:00,VRRM
16.34,16.34,16.31,16.33,700,2021-11-08 15:42:00,VRRM
16.31,16.32,16.31,16.32,200,2021-11-08 15:43:00,VRRM
16.31,16.34,16.3,16.34,1343,2021-11-08 15:44:00,VRRM
16.33,16.34,16.33,16.34,400,2021-11-08 15:45:00,VRRM
16.34,16.37,16.34,16.365,2801,2021-11-08 15:46:00,VRRM
16.38,16.39,16.36,16.36,2365,2021-11-08 15:47:00,VRRM
16.35,16.35,16.34,16.34,300,2021-11-08 15:48:00,VRRM
16.33,16.35,16.33,16.345,300,2021-11-08 15:49:00,VRRM
16.33,16.35,16.33,16.35,750,2021-11-08 15:50:00,VRRM
16.33,16.365,16.33,16.365,5100,2021-11-08 15:51:00,VRRM
16.38,16.44,16.365,16.42,7447,2021-11-08 15:52:00,VRRM
16.41,16.42,16.38,16.38,1600,2021-11-08 15:53:00,VRRM
16.38,16.38,16.37,16.37,4359,2021-11-08 15:54:00,VRRM
16.35,16.35,16.335,16.335,1000,2021-11-08 15:55:00,VRRM
16.35,16.38,16.35,16.37,1900,2021-11-08 15:56:00,VRRM
16.36,16.36,16.34,16.34,800,2021-11-08 15:57:00,VRRM
16.34,16.34,16.33,16.33,300,2021-11-08 15:58:00,VRRM
16.35,16.35,16.345,16.345,200,2021-11-08 15:59:00,VRRM
16.345,16.395,16.33,16.355,2243,2021-11-08 16:00:00,VRRM
16.385,16.385,16.36,16.36,391,2021-11-08 16:01:00,VRRM
16.37,16.38,16.35,16.35,2163,2021-11-08 16:02:00,VRRM
16.34,16.35,16.34,16.35,200,2021-11-08 16:03:00,VRRM
16.34,16.34,16.34,16.34,100,2021-11-08 16:04:00,VRRM
16.32,16.3236,16.31,16.3236,704,2021-11-08 16:05:00,VRRM
16.33,16.35,16.33,16.34,1200,2021-11-08 16:06:00,VRRM
16.33,16.36,16.33,16.35,693,2021-11-08 16:07:00,VRRM
16.33,16.34,16.33,16.34,200,2021-11-08 16:08:00,VRRM
16.33,16.35,16.33,16.34,2436,2021-11-08 16:09:00,VRRM
16.35,16.35,16.34,16.35,800,2021-11-08 16:10:00,VRRM
16.36,16.36,16.355,16.36,400,2021-11-08 16:11:00,VRRM
16.351,16.36,16.335,16.355,3052,2021-11-08 16:12:00,VRRM
16.38,16.38,16.365,16.365,665,2021-11-08 16:13:00,VRRM
16.365,16.365,16.355,16.355,1080,2021-11-08 16:14:00,VRRM
16.355,16.355,16.355,16.355,100,2021-11-08 16:15:00,VRRM
16.35,16.35,16.35,16.35,400,2021-11-08 16:16:00,VRRM
16.34,16.395,16.33,16.395,2511,2021-11-08 16:17:00,VRRM
16.395,16.395,16.395,16.395,169,2021-11-08 16:18:00,VRRM
16.42,16.43,16.42,16.43,1266,2021-11-08 16:19:00,VRRM
16.42,16.42,16.42,16.42,200,2021-11-08 16:20:00,VRRM
16.42,16.42,16.4,16.42,1800,2021-11-08 16:21:00,VRRM
16.425,16.44,16.421,16.44,2401,2021-11-08 16:22:00,VRRM
16.42,16.42,16.39,16.419,1000,2021-11-08 16:23:00,VRRM
16.41,16.41,16.37,16.37,300,2021-11-08 16:24:00,VRRM
16.39,16.39,16.39,16.39,100,2021-11-08 16:25:00,VRRM
16.38,16.38,16.37,16.37,300,2021-11-08 16:26:00,VRRM
16.38,16.4,16.37,16.391,1400,2021-11-08 16:27:00,VRRM
16.395,16.4,16.395,16.4,845,2021-11-08 16:28:00,VRRM
16.405,16.41,16.4,16.4,1048,2021-11-08 16:29:00,VRRM
16.4,16.53,16.4,16.515,9613,2021-11-08 16:30:00,VRRM
16.49,16.51,16.48,16.48,1333,2021-11-08 16:31:00,VRRM
16.49,16.49,16.49,16.49,233,2021-11-08 16:32:00,VRRM
16.49,16.5,16.47,16.5,4046,2021-11-08 16:33:00,VRRM
16.49,16.49,16.49,16.49,100,2021-11-08 16:35:00,VRRM
16.49,16.49,16.49,16.49,200,2021-11-08 16:36:00,VRRM
16.51,16.51,16.4,16.4,6569,2021-11-08 16:37:00,VRRM
16.4,16.41,16.39,16.39,1709,2021-11-08 16:38:00,VRRM
16.41,16.41,16.39,16.39,200,2021-11-08 16:39:00,VRRM
16.4,16.4,16.4,16.4,100,2021-11-08 16:42:00,VRRM
16.4,16.4,16.4,16.4,155,2021-11-08 16:43:00,VRRM
16.4,16.4,16.4,16.4,632,2021-11-08 16:44:00,VRRM
16.4,16.4,16.391,16.391,200,2021-11-08 16:45:00,VRRM
16.41,16.41,16.39,16.4,2977,2021-11-08 16:47:00,VRRM
16.4,16.4,16.392,16.392,400,2021-11-08 16:48:00,VRRM
16.391,16.391,16.391,16.391,100,2021-11-08 16:49:00,VRRM
16.4,16.4,16.4,16.4,100,2021-11-08 16:50:00,VRRM
16.39,16.4,16.3894,16.4,2450,2021-11-08 16:51:00,VRRM
16.4,16.41,16.4,16.41,1350,2021-11-08 16:52:00,VRRM
16.41,16.419,16.39,16.4,5657,2021-11-08 16:53:00,VRRM
16.4,16.4,16.4,16.4,500,2021-11-08 16:54:00,VRRM
16.4,16.41,16.4,16.41,400,2021-11-08 16:55:00,VRRM
16.41,16.42,16.4,16.42,5786,2021-11-08 16:57:00,VRRM
16.41,16.46,16.4,16.46,2327,2021-11-08 16:58:00,VRRM
16.46,16.46,16.46,16.46,100,2021-11-08 17:02:00,VRRM
16.45,16.46,16.45,16.45,1636,2021-11-08 17:03:00,VRRM
16.46,16.47,16.46,16.47,2130,2021-11-08 17:04:00,VRRM
16.49,16.51,16.49,16.51,300,2021-11-08 17:05:00,VRRM
16.5,16.5,16.5,16.5,200,2021-11-08 17:06:00,VRRM
16.49,16.49,16.48,16.489,2891,2021-11-08 17:07:00,VRRM
16.5,16.5,16.5,16.5,200,2021-11-08 17:08:00,VRRM
16.485,16.485,16.48,16.48,200,2021-11-08 17:09:00,VRRM
16.48,16.48,16.48,16.48,100,2021-11-08 17:10:00,VRRM
16.48,16.48,16.48,16.48,100,2021-11-08 17:11:00,VRRM
16.48,16.48,16.47,16.48,300,2021-11-08 17:12:00,VRRM
16.49,16.49,16.47,16.471,1600,2021-11-08 17:13:00,VRRM
16.47,16.51,16.47,16.51,1695,2021-11-08 17:14:00,VRRM
16.5,16.5,16.49,16.49,1000,2021-11-08 17:15:00,VRRM
16.49,16.49,16.49,16.49,352,2021-11-08 17:16:00,VRRM
16.5,16.5,16.5,16.5,1157,2021-11-08 17:17:00,VRRM
16.495,16.495,16.495,16.495,100,2021-11-08 17:19:00,VRRM
16.49,16.49,16.47,16.485,1915,2021-11-08 17:20:00,VRRM
16.5,16.5,16.491,16.491,1400,2021-11-08 17:21:00,VRRM
16.51,16.53,16.51,16.52,2775,2021-11-08 17:24:00,VRRM
16.525,16.55,16.525,16.55,2307,2021-11-08 17:26:00,VRRM
16.55,16.57,16.51,16.51,2164,2021-11-08 17:27:00,VRRM
16.54,16.54,16.54,16.54,100,2021-11-08 17:29:00,VRRM
16.54,16.56,16.54,16.56,900,2021-11-08 17:30:00,VRRM
16.55,16.55,16.45,16.51,7477,2021-11-08 17:31:00,VRRM
16.51,16.525,16.51,16.525,399,2021-11-08 17:33:00,VRRM
16.54,16.54,16.54,16.54,200,2021-11-08 17:34:00,VRRM
16.54,16.541,16.54,16.541,200,2021-11-08 17:35:00,VRRM
16.55,16.55,16.55,16.55,100,2021-11-08 17:36:00,VRRM
16.54,16.54,16.53,16.53,1145,2021-11-08 17:37:00,VRRM
16.54,16.54,16.54,16.54,200,2021-11-08 17:38:00,VRRM
16.55,16.55,16.55,16.55,100,2021-11-08 17:39:00,VRRM
16.56,16.57,16.56,16.57,300,2021-11-08 17:40:00,VRRM
16.55,16.55,16.47,16.47,1200,2021-11-08 17:44:00,VRRM
16.48,16.48,16.47,16.47,382,2021-11-08 17:47:00,VRRM
16.46,16.47,16.445,16.45,3230,2021-11-08 17:49:00,VRRM
16.45,16.46,16.45,16.46,2700,2021-11-08 17:50:00,VRRM
16.47,16.47,16.45,16.45,400,2021-11-08 17:51:00,VRRM
16.45,16.45,16.45,16.45,100,2021-11-08 17:52:00,VRRM
16.47,16.47,16.44,16.4425,587,2021-11-08 17:53:00,VRRM
16.45,16.45,16.44,16.44,700,2021-11-08 17:54:00,VRRM
16.45,16.455,16.45,16.455,500,2021-11-08 17:55:00,VRRM
16.45,16.46,16.44,16.45,1452,2021-11-08 17:56:00,VRRM
16.44,16.45,16.44,16.45,900,2021-11-08 17:57:00,VRRM
16.45,16.45,16.45,16.45,100,2021-11-08 17:58:00,VRRM
16.45,16.45,16.45,16.45,100,2021-11-08 17:59:00,VRRM
16.45,16.45,16.45,16.45,1799,2021-11-08 18:00:00,VRRM
16.46,16.46,16.45,16.45,200,2021-11-08 18:01:00,VRRM
16.45,16.45,16.44,16.44,398,2021-11-08 18:02:00,VRRM
16.44,16.46,16.435,16.46,2200,2021-11-08 18:03:00,VRRM
16.47,16.47,16.46,16.46,900,2021-11-08 18:04:00,VRRM
16.45,16.455,16.45,16.455,200,2021-11-08 18:05:00,VRRM
16.455,16.455,16.455,16.455,125,2021-11-08 18:06:00,VRRM
16.45,16.45,16.45,16.45,100,2021-11-08 18:07:00,VRRM
16.47,16.47,16.45,16.45,500,2021-11-08 18:08:00,VRRM
16.46,16.46,16.46,16.46,300,2021-11-08 18:09:00,VRRM
16.44,16.44,16.44,16.44,100,2021-11-08 18:10:00,VRRM
16.46,16.47,16.46,16.47,780,2021-11-08 18:11:00,VRRM
16.47,16.47,16.46,16.46,300,2021-11-08 18:12:00,VRRM
16.46,16.46,16.45,16.45,200,2021-11-08 18:13:00,VRRM
16.45,16.45,16.45,16.45,100,2021-11-08 18:14:00,VRRM
16.45,16.46,16.45,16.46,200,2021-11-08 18:15:00,VRRM
16.45,16.46,16.45,16.46,600,2021-11-08 18:16:00,VRRM
16.45,16.45,16.45,16.45,400,2021-11-08 18:17:00,VRRM
16.455,16.455,16.45,16.451,1462,2021-11-08 18:20:00,VRRM
16.45,16.45,16.45,16.45,416,2021-11-08 18:21:00,VRRM
16.45,16.45,16.445,16.45,700,2021-11-08 18:22:00,VRRM
16.46,16.46,16.45,16.45,200,2021-11-08 18:23:00,VRRM
16.46,16.46,16.45,16.45,800,2021-11-08 18:24:00,VRRM
16.45,16.45,16.45,16.45,100,2021-11-08 18:25:00,VRRM
16.45,16.46,16.45,16.46,200,2021-11-08 18:26:00,VRRM
16.46,16.46,16.46,16.46,1200,2021-11-08 18:27:00,VRRM
16.45,16.45,16.445,16.45,400,2021-11-08 18:28:00,VRRM
16.44,16.44,16.435,16.44,729,2021-11-08 18:30:00,VRRM
16.44,16.44,16.431,16.431,200,2021-11-08 18:32:00,VRRM
16.44,16.44,16.42,16.431,1485,2021-11-08 18:33:00,VRRM
16.44,16.44,16.43,16.43,400,2021-11-08 18:35:00,VRRM
16.44,16.44,16.44,16.44,600,2021-11-08 18:36:00,VRRM
16.445,16.445,16.445,16.445,100,2021-11-08 18:37:00,VRRM
16.45,16.45,16.45,16.45,100,2021-11-08 18:38:00,VRRM
16.45,16.45,16.45,16.45,100,2021-11-08 18:39:00,VRRM
16.445,16.45,16.445,16.445,300,2021-11-08 18:40:00,VRRM
16.44,16.44,16.44,16.44,100,2021-11-08 18:41:00,VRRM
16.44,16.44,16.42,16.42,1478,2021-11-08 18:42:00,VRRM
16.41,16.41,16.38,16.4,1548,2021-11-08 18:43:00,VRRM
16.4,16.4,16.4,16.4,896,2021-11-08 18:44:00,VRRM
16.41,16.41,16.41,16.41,200,2021-11-08 18:45:00,VRRM
16.41,16.42,16.41,16.42,200,2021-11-08 18:46:00,VRRM
16.42,16.43,16.42,16.43,1400,2021-11-08 18:47:00,VRRM
16.43,16.43,16.42,16.42,400,2021-11-08 18:48:00,VRRM
16.43,16.43,16.43,16.43,200,2021-11-08 18:49:00,VRRM
16.42,16.42,16.42,16.42,100,2021-11-08 18:50:00,VRRM
16.43,16.43,16.43,16.43,100,2021-11-08 18:51:00,VRRM
16.43,16.43,16.43,16.43,100,2021-11-08 18:53:00,VRRM
16.43,16.44,16.43,16.44,200,2021-11-08 18:54:00,VRRM
16.421,16.43,16.421,16.43,200,2021-11-08 18:56:00,VRRM
16.43,16.43,16.43,16.43,203,2021-11-08 18:58:00,VRRM
16.42,16.43,16.42,16.42,1096,2021-11-08 18:59:00,VRRM
16.43,16.43,16.43,16.43,100,2021-11-08 19:02:00,VRRM
16.421,16.425,16.421,16.425,200,2021-11-08 19:03:00,VRRM
16.43,16.43,16.42,16.42,500,2021-11-08 19:04:00,VRRM
16.41,16.41,16.41,16.41,100,2021-11-08 19:05:00,VRRM
16.41,16.41,16.4,16.4,1470,2021-11-08 19:06:00,VRRM
16.4,16.4,16.4,16.4,100,2021-11-08 19:09:00,VRRM
16.4,16.41,16.39,16.4,3599,2021-11-08 19:10:00,VRRM
16.4,16.4,16.4,16.4,100,2021-11-08 19:11:00,VRRM
16.401,16.42,16.401,16.42,300,2021-11-08 19:12:00,VRRM
16.41,16.41,16.41,16.41,100,2021-11-08 19:14:00,VRRM
16.4199,16.4199,16.4,16.4,850,2021-11-08 19:16:00,VRRM
16.4,16.4,16.4,16.4,300,2021-11-08 19:17:00,VRRM
16.4,16.4,16.4,16.4,100,2021-11-08 19:20:00,VRRM
16.4098,16.41,16.4,16.41,680,2021-11-08 19:21:00,VRRM
16.4,16.4,16.4,16.4,200,2021-11-08 19:22:00,VRRM
16.4,16.4,16.4,16.4,523,2021-11-08 19:24:00,VRRM
16.4,16.4,16.4,16.4,511,2021-11-08 19:25:00,VRRM
16.4,16.4,16.4,16.4,200,2021-11-08 19:26:00,VRRM
16.41,16.41,16.41,16.41,1079,2021-11-08 19:28:00,VRRM
16.401,16.41,16.4,16.4,400,2021-11-08 19:29:00,VRRM
16.41,16.41,16.405,16.405,400,2021-11-08 19:30:00,VRRM
16.4,16.4,16.39,16.39,1364,2021-11-08 19:31:00,VRRM
16.38,16.38,16.38,16.38,100,2021-11-08 19:32:00,VRRM
16.39,16.4,16.39,16.4,900,2021-11-08 19:33:00,VRRM
16.4,16.4,16.395,16.395,300,2021-11-08 19:36:00,VRRM
16.3904,16.395,16.3904,16.395,450,2021-11-08 19:38:00,VRRM
16.391,16.395,16.391,16.395,200,2021-11-08 19:39:00,VRRM
16.39,16.39,16.38,16.39,400,2021-11-08 19:41:00,VRRM
16.39,16.39,16.39,16.39,500,2021-11-08 19:43:00,VRRM
16.39,16.39,16.39,16.39,100,2021-11-08 19:44:00,VRRM
16.39,16.39,16.38,16.39,1060,2021-11-08 19:45:00,VRRM
16.38,16.391,16.38,16.39,600,2021-11-08 19:46:00,VRRM
16.39,16.4,16.39,16.4,600,2021-11-08 19:47:00,VRRM
16.391,16.391,16.39,16.39,200,2021-11-08 19:48:00,VRRM
16.39,16.39,16.38,16.38,761,2021-11-08 19:49:00,VRRM
16.39,16.39,16.38,16.38,500,2021-11-08 19:51:00,VRRM
16.37,16.37,16.37,16.37,193,2021-11-08 19:52:00,VRRM
16.38,16.38,16.35,16.35,1645,2021-11-08 19:54:00,VRRM
16.345,16.35,16.345,16.35,400,2021-11-08 19:55:00,VRRM
16.35,16.355,16.35,16.355,700,2021-11-08 19:56:00,VRRM
16.355,16.36,16.355,16.3569,1037,2021-11-08 19:57:00,VRRM
16.36,16.37,16.355,16.36,1808,2021-11-08 19:58:00,VRRM
16.36,16.36,16.36,16.36,200,2021-11-08 19:59:00,VRRM
16.36,16.36,16.3501,16.36,2840,2021-11-08 20:00:00,VRRM
16.35,16.35,16.33,16.34,1416,2021-11-08 20:01:00,VRRM
16.34,16.34,16.335,16.335,410,2021-11-08 20:02:00,VRRM
16.34,16.34,16.335,16.335,600,2021-11-08 20:03:00,VRRM
16.34,16.34,16.34,16.34,200,2021-11-08 20:04:00,VRRM
16.35,16.35,16.35,16.35,100,2021-11-08 20:05:00,VRRM
16.35,16.35,16.35,16.35,500,2021-11-08 20:06:00,VRRM
16.35,16.35,16.35,16.35,500,2021-11-08 20:07:00,VRRM
16.34,16.34,16.33,16.33,773,2021-11-08 20:08:00,VRRM
16.34,16.34,16.335,16.34,800,2021-11-08 20:09:00,VRRM
16.35,16.361,16.35,16.36,2160,2021-11-08 20:10:00,VRRM
16.37,16.37,16.37,16.37,100,2021-11-08 20:11:00,VRRM
16.36,16.37,16.36,16.365,1013,2021-11-08 20:12:00,VRRM
16.37,16.37,16.36,16.36,1700,2021-11-08 20:13:00,VRRM
16.34,16.35,16.34,16.34,500,2021-11-08 20:16:00,VRRM
16.34,16.35,16.3383,16.34,4105,2021-11-08 20:18:00,VRRM
16.34,16.35,16.34,16.34,600,2021-11-08 20:19:00,VRRM
16.36,16.365,16.36,16.365,1200,2021-11-08 20:20:00,VRRM
16.36,16.36,16.36,16.36,200,2021-11-08 20:21:00,VRRM
16.35,16.35,16.335,16.335,700,2021-11-08 20:22:00,VRRM
16.335,16.335,16.28,16.28,570,2021-11-08 20:23:00,VRRM
16.3,16.3,16.3,16.3,300,2021-11-08 20:24:00,VRRM
16.291,16.3,16.291,16.3,900,2021-11-08 20:25:00,VRRM
16.29,16.29,16.29,16.29,200,2021-11-08 20:26:00,VRRM
16.28,16.28,16.25,16.25,896,2021-11-08 20:27:00,VRRM
16.26,16.26,16.26,16.26,100,2021-11-08 20:28:00,VRRM
16.26,16.27,16.26,16.27,1800,2021-11-08 20:29:00,VRRM
16.271,16.28,16.271,16.28,900,2021-11-08 20:30:00,VRRM
16.275,16.275,16.275,16.275,100,2021-11-08 20:32:00,VRRM
16.27,16.27,16.27,16.27,200,2021-11-08 20:33:00,VRRM
16.27,16.27,16.27,16.27,100,2021-11-08 20:34:00,VRRM
16.27,16.275,16.27,16.275,300,2021-11-08 20:35:00,VRRM
16.271,16.271,16.271,16.271,100,2021-11-08 20:36:00,VRRM
16.275,16.28,16.275,16.28,1400,2021-11-08 20:37:00,VRRM
16.27,16.27,16.27,16.27,100,2021-11-08 20:38:00,VRRM
16.26,16.27,16.26,16.26,600,2021-11-08 20:40:00,VRRM
16.26,16.265,16.255,16.26,2074,2021-11-08 20:41:00,VRRM
16.25,16.255,16.24,16.25,3323,2021-11-08 20:42:00,VRRM
16.249,16.25,16.23,16.23,855,2021-11-08 20:43:00,VRRM
16.23,16.25,16.23,16.25,3686,2021-11-08 20:44:00,VRRM
16.24,16.24,16.24,16.24,100,2021-11-08 20:45:00,VRRM
16.24,16.24,16.24,16.24,200,2021-11-08 20:46:00,VRRM
16.25,16.25,16.22,16.225,3609,2021-11-08 20:47:00,VRRM
16.22,16.225,16.22,16.225,300,2021-11-08 20:48:00,VRRM
16.221,16.23,16.221,16.225,300,2021-11-08 20:49:00,VRRM
16.23,16.25,16.225,16.245,5903,2021-11-08 20:50:00,VRRM
16.25,16.25,16.245,16.25,4321,2021-11-08 20:51:00,VRRM
16.245,16.25,16.245,16.249,3990,2021-11-08 20:52:00,VRRM
16.25,16.25,16.245,16.245,824,2021-11-08 20:53:00,VRRM
16.2477,16.25,16.24,16.25,6083,2021-11-08 20:54:00,VRRM
16.25,16.25,16.235,16.235,4873,2021-11-08 20:55:00,VRRM
16.235,16.24,16.22,16.23,5948,2021-11-08 20:56:00,VRRM
16.2384,16.24,16.21,16.21,5535,2021-11-08 20:57:00,VRRM
16.215,16.23,16.215,16.22,10378,2021-11-08 20:58:00,VRRM
16.22,16.25,16.21,16.23,10238,2021-11-08 20:59:00,VRRM
16.25,16.25,16.25,16.25,106333,2021-11-08 21:00:00,VRRM
16.25,16.25,16.25,16.25,512,2021-11-08 21:01:00,VRRM
16.27,16.5,16.27,16.5,5925,2021-11-09 14:30:00,VRRM
16.35,16.43,16.35,16.4,453,2021-11-09 14:31:00,VRRM
16.42,16.42,16.42,16.42,200,2021-11-09 14:32:00,VRRM
16.4,16.4,16.35,16.38,1324,2021-11-09 14:33:00,VRRM
16.31,16.37,16.31,16.365,300,2021-11-09 14:34:00,VRRM
16.365,16.37,16.365,16.37,414,2021-11-09 14:36:00,VRRM
16.365,16.365,16.365,16.365,100,2021-11-09 14:39:00,VRRM
16.37,16.375,16.37,16.375,200,2021-11-09 14:40:00,VRRM
16.375,16.4,16.35,16.375,4706,2021-11-09 14:41:00,VRRM
16.35,16.37,16.35,16.35,353,2021-11-09 14:42:00,VRRM
16.35,16.4,16.35,16.375,500,2021-11-09 14:43:00,VRRM
16.375,16.375,16.35,16.35,200,2021-11-09 14:44:00,VRRM
16.375,16.38,16.34,16.38,2000,2021-11-09 14:45:00,VRRM
16.38,16.46,16.38,16.46,2000,2021-11-09 14:46:00,VRRM
16.48,16.505,16.47,16.505,2700,2021-11-09 14:47:00,VRRM
16.48,16.48,16.46,16.48,1763,2021-11-09 14:48:00,VRRM
16.479,16.479,16.45,16.45,510,2021-11-09 14:49:00,VRRM
16.47,16.48,16.46,16.46,800,2021-11-09 14:51:00,VRRM
16.46,16.46,16.46,16.46,200,2021-11-09 14:52:00,VRRM
16.44,16.445,16.44,16.44,1100,2021-11-09 14:53:00,VRRM
16.42,16.42,16.4,16.4,900,2021-11-09 14:54:00,VRRM
16.41,16.41,16.39,16.39,624,2021-11-09 14:55:00,VRRM
16.37,16.37,16.33,16.33,600,2021-11-09 14:56:00,VRRM
16.36,16.365,16.35,16.365,700,2021-11-09 14:57:00,VRRM
16.35,16.36,16.31,16.31,1600,2021-11-09 14:58:00,VRRM
16.35,16.39,16.35,16.39,2233,2021-11-09 15:00:00,VRRM
16.4,16.41,16.31,16.31,5875,2021-11-09 15:01:00,VRRM
16.32,16.32,16.305,16.305,300,2021-11-09 15:02:00,VRRM
16.3,16.34,16.3,16.34,1850,2021-11-09 15:03:00,VRRM
16.35,16.36,16.32,16.345,800,2021-11-09 15:04:00,VRRM
16.34,16.34,16.33,16.33,600,2021-11-09 15:05:00,VRRM
16.32,16.32,16.32,16.32,100,2021-11-09 15:06:00,VRRM
16.35,16.36,16.34,16.345,1388,2021-11-09 15:07:00,VRRM
16.33,16.349,16.33,16.349,600,2021-11-09 15:08:00,VRRM
16.31,16.31,16.3,16.3,800,2021-11-09 15:10:00,VRRM
16.32,16.36,16.32,16.355,1644,2021-11-09 15:11:00,VRRM
16.37,16.4,16.37,16.388,1800,2021-11-09 15:12:00,VRRM
16.41,16.41,16.41,16.41,400,2021-11-09 15:13:00,VRRM
16.4,16.43,16.38,16.39,4200,2021-11-09 15:14:00,VRRM
16.39,16.39,16.37,16.37,500,2021-11-09 15:15:00,VRRM
16.36,16.36,16.36,16.36,400,2021-11-09 15:17:00,VRRM
16.41,16.41,16.34,16.405,21942,2021-11-09 15:18:00,VRRM
16.405,16.43,16.35,16.39,31570,2021-11-09 15:19:00,VRRM
16.4,16.4025,16.4,16.4025,900,2021-11-09 15:20:00,VRRM
16.4,16.4,16.37,16.37,500,2021-11-09 15:21:00,VRRM
16.3954,16.3954,16.36,16.36,789,2021-11-09 15:22:00,VRRM
16.37,16.37,16.33,16.34,736,2021-11-09 15:23:00,VRRM
16.37,16.37,16.35,16.35,400,2021-11-09 15:24:00,VRRM
16.37,16.37,16.37,16.37,511,2021-11-09 15:25:00,VRRM
16.36,16.37,16.36,16.37,2764,2021-11-09 15:26:00,VRRM
16.33,16.335,16.33,16.335,400,2021-11-09 15:27:00,VRRM
16.34,16.34,16.34,16.34,486,2021-11-09 15:28:00,VRRM
16.35,16.37,16.35,16.36,2200,2021-11-09 15:29:00,VRRM
16.37,16.38,16.37,16.37,1700,2021-11-09 15:30:00,VRRM
16.36,16.37,16.355,16.355,696,2021-11-09 15:31:00,VRRM
16.35,16.37,16.34,16.37,1200,2021-11-09 15:32:00,VRRM
16.37,16.39,16.37,16.39,5700,2021-11-09 15:33:00,VRRM
16.37,16.43,16.37,16.415,6064,2021-11-09 15:34:00,VRRM
16.43,16.5,16.43,16.5,12951,2021-11-09 15:35:00,VRRM
16.5,16.51,16.49,16.505,6849,2021-11-09 15:36:00,VRRM
16.5,16.5,16.46,16.47,1100,2021-11-09 15:37:00,VRRM
16.46,16.51,16.45,16.49,13178,2021-11-09 15:38:00,VRRM
16.48,16.48,16.48,16.48,100,2021-11-09 15:39:00,VRRM
16.46,16.47,16.46,16.47,1500,2021-11-09 15:40:00,VRRM
16.48,16.5,16.48,16.5,400,2021-11-09 15:41:00,VRRM
16.5,16.5,16.49,16.49,1915,2021-11-09 15:42:00,VRRM
16.5,16.51,16.49,16.5,1965,2021-11-09 15:43:00,VRRM
16.46,16.46,16.46,16.46,200,2021-11-09 15:44:00,VRRM
16.47,16.47,16.47,16.47,100,2021-11-09 15:45:00,VRRM
16.45,16.46,16.45,16.46,1293,2021-11-09 15:46:00,VRRM
16.46,16.47,16.45,16.47,1250,2021-11-09 15:47:00,VRRM
16.488,16.49,16.488,16.49,300,2021-11-09 15:48:00,VRRM
16.48,16.48,16.48,16.48,100,2021-11-09 15:49:00,VRRM
16.48,16.5075,16.475,16.5,12784,2021-11-09 15:50:00,VRRM
16.5075,16.51,16.5,16.505,2623,2021-11-09 15:51:00,VRRM
16.5,16.5,16.49,16.5,2100,2021-11-09 15:53:00,VRRM
16.5,16.505,16.5,16.505,300,2021-11-09 15:54:00,VRRM
16.505,16.51,16.505,16.51,300,2021-11-09 15:55:00,VRRM
16.505,16.505,16.5,16.5,1100,2021-11-09 15:56:00,VRRM
16.5,16.5,16.5,16.5,400,2021-11-09 15:57:00,VRRM
16.5,16.505,16.5,16.505,400,2021-11-09 15:59:00,VRRM
16.5,16.54,16.5,16.52,4841,2021-11-09 16:00:00,VRRM
16.52,16.5295,16.51,16.51,700,2021-11-09 16:01:00,VRRM
16.51,16.52,16.505,16.52,600,2021-11-09 16:02:00,VRRM
16.528,16.528,16.528,16.528,100,2021-11-09 16:04:00,VRRM
16.51,16.52,16.51,16.52,200,2021-11-09 16:05:00,VRRM
16.52,16.52,16.52,16.52,100,2021-11-09 16:06:00,VRRM
16.53,16.53,16.505,16.505,1600,2021-11-09 16:08:00,VRRM
16.5,16.5,16.5,16.5,400,2021-11-09 16:09:00,VRRM
16.499,16.52,16.499,16.52,1223,2021-11-09 16:10:00,VRRM
16.53,16.55,16.53,16.545,2753,2021-11-09 16:11:00,VRRM
16.55,16.56,16.53,16.53,3285,2021-11-09 16:12:00,VRRM
16.53,16.54,16.53,16.535,1700,2021-11-09 16:13:00,VRRM
16.53,16.53,16.52,16.53,800,2021-11-09 16:14:00,VRRM
16.53,16.53,16.53,16.53,100,2021-11-09 16:15:00,VRRM
16.535,16.54,16.535,16.54,400,2021-11-09 16:16:00,VRRM
16.54,16.55,16.53,16.53,8921,2021-11-09 16:17:00,VRRM
16.535,16.54,16.53,16.539,645,2021-11-09 16:18:00,VRRM
16.54,16.555,16.54,16.55,1200,2021-11-09 16:19:00,VRRM
16.54,16.56,16.54,16.55,1001,2021-11-09 16:20:00,VRRM
16.53,16.53,16.53,16.53,600,2021-11-09 16:21:00,VRRM
16.53,16.53,16.52,16.52,1259,2021-11-09 16:22:00,VRRM
16.54,16.54,16.51,16.52,3400,2021-11-09 16:23:00,VRRM
16.53,16.5375,16.52,16.535,2234,2021-11-09 16:24:00,VRRM
16.54,16.54,16.535,16.535,2437,2021-11-09 16:25:00,VRRM
16.53,16.53,16.53,16.53,299,2021-11-09 16:26:00,VRRM
16.53,16.53,16.53,16.53,1907,2021-11-09 16:28:00,VRRM
16.535,16.55,16.529,16.53,7725,2021-11-09 16:29:00,VRRM
16.52,16.53,16.52,16.525,2000,2021-11-09 16:30:00,VRRM
16.535,16.54,16.535,16.54,200,2021-11-09 16:31:00,VRRM
16.54,16.54,16.54,16.54,300,2021-11-09 16:32:00,VRRM
16.54,16.555,16.535,16.54,2700,2021-11-09 16:33:00,VRRM
16.53,16.53,16.52,16.52,1000,2021-11-09 16:35:00,VRRM
16.52,16.52,16.5,16.51,1064,2021-11-09 16:36:00,VRRM
16.51,16.51,16.5,16.5,988,2021-11-09 16:38:00,VRRM
16.5,16.5,16.5,16.5,300,2021-11-09 16:39:00,VRRM
16.519,16.519,16.5,16.51,300,2021-11-09 16:40:00,VRRM
16.51,16.51,16.51,16.51,300,2021-11-09 16:41:00,VRRM
16.53,16.53,16.52,16.52,566,2021-11-09 16:42:00,VRRM
16.525,16.53,16.52,16.53,2341,2021-11-09 16:43:00,VRRM
16.52,16.52,16.5,16.51,1300,2021-11-09 16:44:00,VRRM
16.52,16.52,16.52,16.52,400,2021-11-09 16:45:00,VRRM
16.51,16.51,16.48,16.48,800,2021-11-09 16:47:00,VRRM
16.49,16.49,16.49,16.49,100,2021-11-09 16:49:00,VRRM
16.48,16.49,16.47,16.48,2000,2021-11-09 16:50:00,VRRM
16.48,16.48,16.47,16.47,200,2021-11-09 16:51:00,VRRM
16.465,16.465,16.465,16.465,100,2021-11-09 16:52:00,VRRM
16.44,16.46,16.44,16.45,657,2021-11-09 16:53:00,VRRM
16.44,16.44,16.44,16.44,265,2021-11-09 16:54:00,VRRM
16.44,16.44,16.44,16.44,1100,2021-11-09 16:56:00,VRRM
16.45,16.45,16.45,16.45,100,2021-11-09 16:57:00,VRRM
16.46,16.46,16.46,16.46,100,2021-11-09 16:58:00,VRRM
16.44,16.45,16.44,16.45,300,2021-11-09 16:59:00,VRRM
16.48,16.48,16.44,16.44,871,2021-11-09 17:00:00,VRRM
16.46,16.46,16.46,16.46,100,2021-11-09 17:01:00,VRRM
16.44,16.44,16.44,16.44,200,2021-11-09 17:02:00,VRRM
16.44,16.44,16.44,16.44,100,2021-11-09 17:03:00,VRRM
16.45,16.45,16.44,16.44,551,2021-11-09 17:04:00,VRRM
16.44,16.44,16.43,16.44,1703,2021-11-09 17:05:00,VRRM
16.44,16.45,16.44,16.45,200,2021-11-09 17:07:00,VRRM
16.43,16.43,16.43,16.43,700,2021-11-09 17:08:00,VRRM
16.44,16.45,16.44,16.45,633,2021-11-09 17:09:00,VRRM
16.455,16.48,16.455,16.47,700,2021-11-09 17:10:00,VRRM
16.475,16.475,16.46,16.46,931,2021-11-09 17:11:00,VRRM
16.475,16.48,16.46,16.46,2200,2021-11-09 17:12:00,VRRM
16.45,16.45,16.45,16.45,400,2021-11-09 17:13:00,VRRM
16.44,16.45,16.44,16.45,200,2021-11-09 17:14:00,VRRM
16.46,16.46,16.44,16.44,400,2021-11-09 17:15:00,VRRM
16.45,16.45,16.45,16.45,400,2021-11-09 17:17:00,VRRM
16.45,16.45,16.44,16.44,300,2021-11-09 17:18:00,VRRM
16.445,16.45,16.445,16.45,630,2021-11-09 17:19:00,VRRM
16.44,16.44,16.44,16.44,200,2021-11-09 17:20:00,VRRM
16.4304,16.44,16.43,16.43,328,2021-11-09 17:21:00,VRRM
16.43,16.43,16.43,16.43,192,2021-11-09 17:23:00,VRRM
16.43,16.44,16.43,16.44,470,2021-11-09 17:26:00,VRRM
16.44,16.44,16.44,16.44,100,2021-11-09 17:27:00,VRRM
16.43,16.43,16.43,16.43,200,2021-11-09 17:28:00,VRRM
16.39,16.429,16.39,16.429,400,2021-11-09 17:29:00,VRRM
16.43,16.43,16.43,16.43,300,2021-11-09 17:30:00,VRRM
16.43,16.43,16.43,16.43,100,2021-11-09 17:31:00,VRRM
16.43,16.43,16.41,16.425,1203,2021-11-09 17:32:00,VRRM
16.44,16.44,16.44,16.44,100,2021-11-09 17:33:00,VRRM
16.45,16.46,16.45,16.46,400,2021-11-09 17:34:00,VRRM
16.46,16.47,16.445,16.45,1101,2021-11-09 17:35:00,VRRM
16.45,16.45,16.45,16.45,100,2021-11-09 17:36:00,VRRM
16.45,16.45,16.45,16.45,200,2021-11-09 17:37:00,VRRM
16.47,16.47,16.45,16.45,1576,2021-11-09 17:38:00,VRRM
16.46,16.46,16.46,16.46,200,2021-11-09 17:39:00,VRRM
16.45,16.47,16.45,16.47,1100,2021-11-09 17:40:00,VRRM
16.45,16.46,16.45,16.45,5320,2021-11-09 17:41:00,VRRM
16.455,16.455,16.455,16.455,100,2021-11-09 17:42:00,VRRM
16.45,16.45,16.45,16.45,116,2021-11-09 17:43:00,VRRM
16.46,16.47,16.46,16.465,4880,2021-11-09 17:44:00,VRRM
16.47,16.48,16.465,16.475,2204,2021-11-09 17:45:00,VRRM
16.48,16.5,16.46,16.47,3000,2021-11-09 17:46:00,VRRM
16.47,16.48,16.47,16.47,13204,2021-11-09 17:47:00,VRRM
16.475,16.475,16.475,16.475,100,2021-11-09 17:48:00,VRRM
16.48,16.5,16.48,16.5,200,2021-11-09 17:49:00,VRRM
16.5,16.5,16.47,16.48,3446,2021-11-09 17:50:00,VRRM
16.49,16.5,16.485,16.498,500,2021-11-09 17:52:00,VRRM
16.49,16.5075,16.49,16.49,2953,2021-11-09 17:53:00,VRRM
16.5,16.5,16.5,16.5,200,2021-11-09 17:55:00,VRRM
16.5,16.5,16.48,16.48,1800,2021-11-09 17:56:00,VRRM
16.48,16.48,16.48,16.48,100,2021-11-09 17:57:00,VRRM
16.49,16.49,16.49,16.49,100,2021-11-09 17:58:00,VRRM
16.48,16.48,16.48,16.48,200,2021-11-09 17:59:00,VRRM
16.49,16.49,16.49,16.49,100,2021-11-09 18:01:00,VRRM
16.48,16.5,16.48,16.5,300,2021-11-09 18:02:00,VRRM
16.5,16.5,16.5,16.5,200,2021-11-09 18:03:00,VRRM
16.5,16.5,16.5,16.5,100,2021-11-09 18:04:00,VRRM
16.5,16.5,16.49,16.5,1689,2021-11-09 18:05:00,VRRM
16.5,16.5,16.5,16.5,200,2021-11-09 18:06:00,VRRM
16.5,16.505,16.495,16.5,3267,2021-11-09 18:07:00,VRRM
16.5,16.5,16.48,16.48,2862,2021-11-09 18:08:00,VRRM
16.48,16.48,16.48,16.48,100,2021-11-09 18:09:00,VRRM
16.47,16.47,16.47,16.47,150,2021-11-09 18:10:00,VRRM
16.46,16.46,16.45,16.45,557,2021-11-09 18:11:00,VRRM
16.46,16.46,16.46,16.46,400,2021-11-09 18:12:00,VRRM
16.465,16.47,16.465,16.47,296,2021-11-09 18:13:00,VRRM
16.47,16.47,16.46,16.46,1100,2021-11-09 18:14:00,VRRM
16.47,16.47,16.4525,16.4525,720,2021-11-09 18:15:00,VRRM
16.46,16.47,16.46,16.465,2000,2021-11-09 18:16:00,VRRM
16.465,16.47,16.465,16.47,1325,2021-11-09 18:17:00,VRRM
16.47,16.47,16.46,16.46,2400,2021-11-09 18:19:00,VRRM
16.46,16.46,16.44,16.46,1005,2021-11-09 18:20:00,VRRM
16.47,16.47,16.46,16.465,6228,2021-11-09 18:21:00,VRRM
16.465,16.465,16.465,16.465,1300,2021-11-09 18:22:00,VRRM
16.465,16.465,16.45,16.455,2800,2021-11-09 18:23:00,VRRM
16.455,16.46,16.455,16.46,800,2021-11-09 18:24:00,VRRM
16.46,16.47,16.455,16.4675,1399,2021-11-09 18:25:00,VRRM
16.46,16.47,16.46,16.465,1200,2021-11-09 18:26:00,VRRM
16.46,16.46,16.46,16.46,400,2021-11-09 18:28:00,VRRM
16.45,16.46,16.45,16.455,683,2021-11-09 18:29:00,VRRM
16.46,16.47,16.455,16.46,1100,2021-11-09 18:30:00,VRRM
16.46,16.46,16.455,16.455,700,2021-11-09 18:31:00,VRRM
16.45,16.45,16.42,16.43,1000,2021-11-09 18:32:00,VRRM
16.43,16.43,16.43,16.43,200,2021-11-09 18:33:00,VRRM
16.43,16.43,16.429,16.429,200,2021-11-09 18:34:00,VRRM
16.43,16.44,16.43,16.43,400,2021-11-09 18:35:00,VRRM
16.43,16.43,16.43,16.43,100,2021-11-09 18:37:00,VRRM
16.42,16.42,16.4,16.42,3313,2021-11-09 18:38:00,VRRM
16.41,16.41,16.41,16.41,200,2021-11-09 18:39:00,VRRM
16.41,16.41,16.4,16.4,300,2021-11-09 18:41:00,VRRM
16.4,16.4,16.4,16.4,100,2021-11-09 18:42:00,VRRM
16.41,16.41,16.41,16.41,100,2021-11-09 18:43:00,VRRM
16.4,16.4,16.38,16.38,1300,2021-11-09 18:44:00,VRRM
16.38,16.38,16.37,16.38,900,2021-11-09 18:46:00,VRRM
16.38,16.38,16.38,16.38,500,2021-11-09 18:47:00,VRRM
16.38,16.38,16.37,16.37,300,2021-11-09 18:48:00,VRRM
16.36,16.36,16.34,16.35,1080,2021-11-09 18:50:00,VRRM
16.34,16.36,16.34,16.36,768,2021-11-09 18:52:00,VRRM
16.358,16.358,16.33,16.33,500,2021-11-09 18:53:00,VRRM
16.34,16.34,16.33,16.33,1000,2021-11-09 18:55:00,VRRM
16.3,16.32,16.3,16.32,416,2021-11-09 18:56:00,VRRM
16.3,16.31,16.3,16.31,1300,2021-11-09 18:57:00,VRRM
16.318,16.318,16.31,16.31,200,2021-11-09 18:58:00,VRRM
16.315,16.315,16.31,16.31,600,2021-11-09 18:59:00,VRRM
16.31,16.31,16.31,16.31,100,2021-11-09 19:00:00,VRRM
16.318,16.32,16.318,16.32,900,2021-11-09 19:02:00,VRRM
16.31,16.31,16.28,16.28,1430,2021-11-09 19:05:00,VRRM
16.298,16.298,16.298,16.298,100,2021-11-09 19:06:00,VRRM
16.29,16.29,16.28,16.28,300,2021-11-09 19:07:00,VRRM
16.28,16.29,16.28,16.29,3950,2021-11-09 19:08:00,VRRM
16.295,16.295,16.295,16.295,100,2021-11-09 19:10:00,VRRM
16.29,16.29,16.27,16.29,1073,2021-11-09 19:11:00,VRRM
16.29,16.29,16.29,16.29,100,2021-11-09 19:12:00,VRRM
16.2983,16.31,16.2983,16.31,900,2021-11-09 19:13:00,VRRM
16.305,16.305,16.3,16.3,600,2021-11-09 19:14:00,VRRM
16.31,16.325,16.31,16.325,500,2021-11-09 19:15:00,VRRM
16.33,16.33,16.31,16.315,1800,2021-11-09 19:16:00,VRRM
16.32,16.33,16.32,16.32,800,2021-11-09 19:17:00,VRRM
16.34,16.34,16.34,16.34,100,2021-11-09 19:19:00,VRRM
16.33,16.33,16.325,16.325,400,2021-11-09 19:20:00,VRRM
16.33,16.33,16.325,16.325,400,2021-11-09 19:21:00,VRRM
16.33,16.33,16.33,16.33,400,2021-11-09 19:22:00,VRRM
16.345,16.345,16.34,16.34,500,2021-11-09 19:23:00,VRRM
16.34,16.34,16.34,16.34,397,2021-11-09 19:26:00,VRRM
16.34,16.35,16.34,16.35,200,2021-11-09 19:27:00,VRRM
16.35,16.35,16.34,16.34,2368,2021-11-09 19:28:00,VRRM
16.34,16.34,16.31,16.31,700,2021-11-09 19:29:00,VRRM
16.315,16.319,16.31,16.31,902,2021-11-09 19:30:00,VRRM
16.3,16.3,16.3,16.3,200,2021-11-09 19:31:00,VRRM
16.29,16.29,16.29,16.29,100,2021-11-09 19:32:00,VRRM
16.3,16.3,16.3,16.3,308,2021-11-09 19:33:00,VRRM
16.31,16.32,16.305,16.32,1590,2021-11-09 19:34:00,VRRM
16.31,16.31,16.3,16.3,1460,2021-11-09 19:35:00,VRRM
16.305,16.305,16.305,16.305,100,2021-11-09 19:36:00,VRRM
16.308,16.35,16.308,16.34,1100,2021-11-09 19:37:00,VRRM
16.33,16.33,16.33,16.33,300,2021-11-09 19:38:00,VRRM
16.36,16.36,16.34,16.34,300,2021-11-09 19:39:00,VRRM
16.33,16.33,16.33,16.33,296,2021-11-09 19:40:00,VRRM
16.34,16.35,16.34,16.34,694,2021-11-09 19:41:00,VRRM
16.35,16.35,16.34,16.34,300,2021-11-09 19:42:00,VRRM
16.33,16.34,16.33,16.34,200,2021-11-09 19:43:00,VRRM
16.32,16.33,16.32,16.32,1500,2021-11-09 19:44:00,VRRM
16.32,16.34,16.32,16.32,499,2021-11-09 19:45:00,VRRM
16.32,16.32,16.32,16.32,195,2021-11-09 19:46:00,VRRM
16.339,16.35,16.339,16.35,985,2021-11-09 19:47:00,VRRM
16.34,16.34,16.34,16.34,100,2021-11-09 19:48:00,VRRM
16.34,16.35,16.33,16.33,300,2021-11-09 19:49:00,VRRM
16.34,16.35,16.33,16.33,1014,2021-11-09 19:50:00,VRRM
16.33,16.33,16.33,16.33,100,2021-11-09 19:51:00,VRRM
16.329,16.329,16.31,16.32,400,2021-11-09 19:52:00,VRRM
16.33,16.35,16.33,16.34,1200,2021-11-09 19:53:00,VRRM
16.34,16.34,16.34,16.34,200,2021-11-09 19:54:00,VRRM
16.33,16.365,16.33,16.365,916,2021-11-09 19:55:00,VRRM
16.36,16.36,16.3,16.31,11477,2021-11-09 19:56:00,VRRM
16.33,16.33,16.31,16.33,700,2021-11-09 19:57:00,VRRM
16.338,16.355,16.338,16.355,715,2021-11-09 19:58:00,VRRM
16.355,16.355,16.34,16.34,799,2021-11-09 19:59:00,VRRM
16.34,16.34,16.34,16.34,408,2021-11-09 20:00:00,VRRM
16.33,16.33,16.33,16.33,300,2021-11-09 20:01:00,VRRM
16.33,16.335,16.33,16.33,400,2021-11-09 20:02:00,VRRM
16.33,16.33,16.33,16.33,200,2021-11-09 20:03:00,VRRM
16.32,16.325,16.31,16.325,500,2021-11-09 20:04:00,VRRM
16.32,16.32,16.3,16.3,400,2021-11-09 20:05:00,VRRM
16.305,16.305,16.29,16.3,700,2021-11-09 20:06:00,VRRM
16.29,16.29,16.28,16.28,300,2021-11-09 20:07:00,VRRM
16.29,16.3,16.29,16.3,1500,2021-11-09 20:08:00,VRRM
16.31,16.31,16.305,16.31,700,2021-11-09 20:09:00,VRRM
16.318,16.32,16.318,16.32,400,2021-11-09 20:10:00,VRRM
16.318,16.318,16.3,16.3,400,2021-11-09 20:11:00,VRRM
16.31,16.31,16.31,16.31,286,2021-11-09 20:12:00,VRRM
16.31,16.31,16.31,16.31,100,2021-11-09 20:13:00,VRRM
16.3,16.31,16.3,16.3,1100,2021-11-09 20:14:00,VRRM
16.31,16.31,16.31,16.31,500,2021-11-09 20:15:00,VRRM
16.305,16.31,16.305,16.31,554,2021-11-09 20:16:00,VRRM
16.31,16.31,16.3,16.3,239,2021-11-09 20:17:00,VRRM
16.31,16.31,16.31,16.31,100,2021-11-09 20:18:00,VRRM
16.305,16.33,16.305,16.33,1600,2021-11-09 20:19:00,VRRM
16.325,16.335,16.315,16.315,1925,2021-11-09 20:20:00,VRRM
16.31,16.31,16.31,16.31,600,2021-11-09 20:21:00,VRRM
16.31,16.31,16.305,16.305,200,2021-11-09 20:22:00,VRRM
16.31,16.31,16.31,16.31,600,2021-11-09 20:23:00,VRRM
16.3,16.32,16.3,16.32,862,2021-11-09 20:24:00,VRRM
16.32,16.33,16.32,16.33,1000,2021-11-09 20:25:00,VRRM
16.33,16.335,16.33,16.335,607,2021-11-09 20:26:00,VRRM
16.335,16.34,16.329,16.329,3283,2021-11-09 20:27:00,VRRM
16.325,16.325,16.32,16.32,500,2021-11-09 20:28:00,VRRM
16.31,16.32,16.31,16.31,700,2021-11-09 20:29:00,VRRM
16.31,16.33,16.31,16.32,1907,2021-11-09 20:30:00,VRRM
16.32,16.32,16.32,16.32,1135,2021-11-09 20:31:00,VRRM
16.32,16.32,16.32,16.32,500,2021-11-09 20:32:00,VRRM
16.32,16.32,16.32,16.32,300,2021-11-09 20:33:00,VRRM
16.32,16.325,16.32,16.325,800,2021-11-09 20:34:00,VRRM
16.33,16.33,16.32,16.32,400,2021-11-09 20:35:00,VRRM
16.32,16.345,16.32,16.34,4712,2021-11-09 20:36:00,VRRM
16.34,16.38,16.34,16.375,2305,2021-11-09 20:37:00,VRRM
16.37,16.39,16.37,16.37,1189,2021-11-09 20:38:00,VRRM
16.37,16.37,16.365,16.37,1391,2021-11-09 20:39:00,VRRM
16.36,16.385,16.36,16.365,4525,2021-11-09 20:40:00,VRRM
16.36,16.36,16.3475,16.35,3502,2021-11-09 20:41:00,VRRM
16.34,16.34,16.33,16.33,3372,2021-11-09 20:42:00,VRRM
16.32,16.355,16.32,16.355,4061,2021-11-09 20:43:00,VRRM
16.35,16.36,16.33,16.33,5128,2021-11-09 20:44:00,VRRM
16.32,16.32,16.3,16.31,2424,2021-11-09 20:45:00,VRRM
16.33,16.33,16.32,16.32,500,2021-11-09 20:46:00,VRRM
16.33,16.33,16.32,16.33,1437,2021-11-09 20:47:00,VRRM
16.32,16.32,16.32,16.32,700,2021-11-09 20:48:00,VRRM
16.31,16.315,16.31,16.31,2072,2021-11-09 20:49:00,VRRM
16.3,16.305,16.29,16.305,2491,2021-11-09 20:50:00,VRRM
16.305,16.305,16.3,16.3,900,2021-11-09 20:51:00,VRRM
16.3,16.305,16.3,16.3,400,2021-11-09 20:52:00,VRRM
16.305,16.305,16.29,16.295,5950,2021-11-09 20:53:00,VRRM
16.31,16.32,16.31,16.32,5428,2021-11-09 20:54:00,VRRM
16.32,16.34,16.305,16.305,16266,2021-11-09 20:55:00,VRRM
16.31,16.315,16.31,16.31,2840,2021-11-09 20:56:00,VRRM
16.3,16.31,16.3,16.305,2300,2021-11-09 20:57:00,VRRM
16.3,16.31,16.3,16.31,6072,2021-11-09 20:58:00,VRRM
16.305,16.32,16.29,16.32,14015,2021-11-09 20:59:00,VRRM
16.31,16.31,16.31,16.31,74581,2021-11-09 21:00:00,VRRM
16.31,16.31,16.31,16.31,1587,2021-11-09 21:01:00,VRRM
16.22,16.22,16.22,16.22,3300,2021-11-10 14:30:00,VRRM
16.31,16.38,16.31,16.38,870,2021-11-10 14:35:00,VRRM
16.37,16.37,16.35,16.35,400,2021-11-10 14:36:00,VRRM
16.29,16.29,16.29,16.29,523,2021-11-10 14:38:00,VRRM
16.31,16.31,16.31,16.31,100,2021-11-10 14:41:00,VRRM
16.36,16.36,16.36,16.36,100,2021-11-10 14:44:00,VRRM
16.32,16.32,16.32,16.32,200,2021-11-10 14:45:00,VRRM
16.36,16.39,16.36,16.37,1428,2021-11-10 14:46:00,VRRM
16.37,16.4,16.32,16.35,2704,2021-11-10 14:47:00,VRRM
16.3305,16.38,16.3305,16.355,1055,2021-11-10 14:48:00,VRRM
16.33,16.33,16.33,16.33,100,2021-11-10 14:49:00,VRRM
16.33,16.33,16.27,16.325,600,2021-11-10 14:50:00,VRRM
16.26,16.26,16.26,16.26,100,2021-11-10 14:52:00,VRRM
16.31,16.32,16.31,16.32,500,2021-11-10 14:53:00,VRRM
16.35,16.38,16.35,16.35,500,2021-11-10 14:55:00,VRRM
16.34,16.34,16.34,16.34,360,2021-11-10 14:56:00,VRRM
16.33,16.36,16.33,16.335,1427,2021-11-10 14:57:00,VRRM
16.31,16.31,16.26,16.26,872,2021-11-10 15:02:00,VRRM
16.29,16.29,16.29,16.29,332,2021-11-10 15:05:00,VRRM
16.3,16.31,16.3,16.31,1327,2021-11-10 15:06:00,VRRM
16.295,16.295,16.295,16.295,100,2021-11-10 15:07:00,VRRM
16.32,16.32,16.32,16.32,300,2021-11-10 15:10:00,VRRM
16.335,16.335,16.32,16.32,521,2021-11-10 15:11:00,VRRM
16.345,16.345,16.345,16.345,100,2021-11-10 15:12:00,VRRM
16.33,16.33,16.325,16.325,700,2021-11-10 15:14:00,VRRM
16.3,16.33,16.3,16.33,1694,2021-11-10 15:16:00,VRRM
16.33,16.34,16.33,16.34,700,2021-11-10 15:17:00,VRRM
16.35,16.35,16.32,16.32,1666,2021-11-10 15:18:00,VRRM
16.33,16.33,16.33,16.33,100,2021-11-10 15:19:00,VRRM
16.335,16.37,16.33,16.37,400,2021-11-10 15:21:00,VRRM
16.37,16.38,16.34,16.34,2913,2021-11-10 15:22:00,VRRM
16.34,16.34,16.34,16.34,100,2021-11-10 15:23:00,VRRM
16.33,16.33,16.33,16.33,100,2021-11-10 15:24:00,VRRM
16.32,16.32,16.32,16.32,148,2021-11-10 15:27:00,VRRM
16.3,16.3,16.3,16.3,446,2021-11-10 15:28:00,VRRM
16.32,16.32,16.32,16.32,100,2021-11-10 15:29:00,VRRM
16.2825,16.2825,16.2825,16.2825,122,2021-11-10 15:32:00,VRRM
16.3,16.305,16.28,16.291,5153,2021-11-10 15:33:00,VRRM
16.28,16.28,16.28,16.28,100,2021-11-10 15:34:00,VRRM
16.29,16.31,16.29,16.31,900,2021-11-10 15:35:00,VRRM
16.325,16.325,16.325,16.325,200,2021-11-10 15:36:00,VRRM
16.315,16.315,16.315,16.315,100,2021-11-10 15:37:00,VRRM
16.31,16.31,16.3,16.3,761,2021-11-10 15:40:00,VRRM
16.3,16.3,16.28,16.285,1000,2021-11-10 15:41:00,VRRM
16.29,16.29,16.29,16.29,100,2021-11-10 15:42:00,VRRM
16.285,16.3,16.28,16.28,2200,2021-11-10 15:43:00,VRRM
16.29,16.29,16.29,16.29,100,2021-11-10 15:44:00,VRRM
16.28,16.28,16.25,16.26,559,2021-11-10 15:46:00,VRRM
16.25,16.25,16.25,16.25,1422,2021-11-10 15:47:00,VRRM
16.255,16.29,16.255,16.29,2489,2021-11-10 15:48:00,VRRM
16.3,16.3,16.295,16.295,3300,2021-11-10 15:49:00,VRRM
16.295,16.3,16.295,16.3,900,2021-11-10 15:50:00,VRRM
16.31,16.31,16.31,16.31,100,2021-11-10 15:51:00,VRRM
16.3,16.3,16.3,16.3,100,2021-11-10 15:52:00,VRRM
16.28,16.28,16.28,16.28,100,2021-11-10 15:53:00,VRRM
16.29,16.29,16.28,16.28,200,2021-11-10 15:56:00,VRRM
16.28,16.28,16.28,16.28,400,2021-11-10 15:57:00,VRRM
16.29,16.29,16.2587,16.2587,3000,2021-11-10 16:00:00,VRRM
16.24,16.24,16.23,16.2304,1115,2021-11-10 16:01:00,VRRM
16.2325,16.2325,16.2325,16.2325,100,2021-11-10 16:02:00,VRRM
16.21,16.21,16.21,16.21,100,2021-11-10 16:03:00,VRRM
16.22,16.22,16.2,16.2,1300,2021-11-10 16:04:00,VRRM
16.22,16.23,16.22,16.22,800,2021-11-10 16:05:00,VRRM
16.2003,16.205,16.2003,16.205,200,2021-11-10 16:07:00,VRRM
16.21,16.21,16.2,16.2,894,2021-11-10 16:09:00,VRRM
16.2,16.2,16.195,16.2,400,2021-11-10 16:10:00,VRRM
16.21,16.21,16.2,16.205,900,2021-11-10 16:11:00,VRRM
16.2,16.2,16.2,16.2,100,2021-11-10 16:12:00,VRRM
16.205,16.205,16.205,16.205,100,2021-11-10 16:13:00,VRRM
16.205,16.205,16.2,16.2,1000,2021-11-10 16:14:00,VRRM
16.2,16.205,16.2,16.205,200,2021-11-10 16:15:00,VRRM
16.21,16.21,16.21,16.21,100,2021-11-10 16:16:00,VRRM
16.21,16.211,16.2,16.21,1777,2021-11-10 16:17:00,VRRM
16.215,16.215,16.215,16.215,100,2021-11-10 16:18:00,VRRM
16.215,16.22,16.21,16.215,500,2021-11-10 16:22:00,VRRM
16.21,16.21,16.21,16.21,100,2021-11-10 16:23:00,VRRM
16.2,16.21,16.2,16.2,2132,2021-11-10 16:24:00,VRRM
16.205,16.21,16.205,16.21,700,2021-11-10 16:25:00,VRRM
16.22,16.23,16.22,16.23,1000,2021-11-10 16:26:00,VRRM
16.23,16.23,16.23,16.23,510,2021-11-10 16:27:00,VRRM
16.23,16.23,16.22,16.22,400,2021-11-10 16:29:00,VRRM
16.22,16.23,16.21,16.215,1200,2021-11-10 16:31:00,VRRM
16.22,16.23,16.21,16.23,907,2021-11-10 16:32:00,VRRM
16.22,16.23,16.22,16.23,200,2021-11-10 16:35:00,VRRM
16.23,16.23,16.23,16.23,100,2021-11-10 16:36:00,VRRM
16.24,16.255,16.24,16.255,200,2021-11-10 16:37:00,VRRM
16.25,16.25,16.23,16.24,1450,2021-11-10 16:39:00,VRRM
16.25,16.25,16.25,16.25,1007,2021-11-10 16:40:00,VRRM
16.249,16.25,16.249,16.25,400,2021-11-10 16:41:00,VRRM
16.25,16.25,16.25,16.25,200,2021-11-10 16:42:00,VRRM
16.25,16.25,16.25,16.25,100,2021-11-10 16:43:00,VRRM
16.25,16.25,16.25,16.25,100,2021-11-10 16:45:00,VRRM
16.25,16.27,16.25,16.26,2137,2021-11-10 16:46:00,VRRM
16.26,16.27,16.25,16.25,3437,2021-11-10 16:48:00,VRRM
16.26,16.26,16.25,16.25,1300,2021-11-10 16:49:00,VRRM
16.25,16.25,16.25,16.25,583,2021-11-10 16:51:00,VRRM
16.25,16.255,16.25,16.25,1079,2021-11-10 16:52:00,VRRM
16.23,16.23,16.23,16.23,100,2021-11-10 16:53:00,VRRM
16.25,16.25,16.25,16.25,100,2021-11-10 16:54:00,VRRM
16.24,16.245,16.23,16.24,1097,2021-11-10 16:55:00,VRRM
16.24,16.24,16.235,16.24,2487,2021-11-10 16:57:00,VRRM
16.25,16.25,16.25,16.25,100,2021-11-10 16:58:00,VRRM
16.25,16.25,16.25,16.25,1953,2021-11-10 16:59:00,VRRM
16.255,16.255,16.25,16.25,1100,2021-11-10 17:00:00,VRRM
16.25,16.26,16.25,16.26,214,2021-11-10 17:01:00,VRRM
16.25,16.25,16.25,16.25,100,2021-11-10 17:02:00,VRRM
16.25,16.25,16.23,16.23,200,2021-11-10 17:03:00,VRRM
16.22,16.23,16.22,16.22,400,2021-11-10 17:04:00,VRRM
16.18,16.19,16.17,16.17,400,2021-11-10 17:05:00,VRRM
16.17,16.17,16.16,16.16,200,2021-11-10 17:06:00,VRRM
16.16,16.17,16.16,16.17,1300,2021-11-10 17:07:00,VRRM
16.18,16.18,16.1735,16.1735,200,2021-11-10 17:09:00,VRRM
16.17,16.17,16.17,16.17,200,2021-11-10 17:10:00,VRRM
16.19,16.19,16.19,16.19,100,2021-11-10 17:11:00,VRRM
16.17,16.17,16.17,16.17,100,2021-11-10 17:15:00,VRRM
16.15,16.15,16.15,16.15,100,2021-11-10 17:16:00,VRRM
16.18,16.18,16.18,16.18,301,2021-11-10 17:17:00,VRRM
16.17,16.17,16.15,16.15,200,2021-11-10 17:18:00,VRRM
16.16,16.16,16.15,16.15,300,2021-11-10 17:19:00,VRRM
16.17,16.17,16.16,16.17,2108,2021-11-10 17:20:00,VRRM
16.14,16.17,16.14,16.16,1142,2021-11-10 17:22:00,VRRM
16.15,16.15,16.13,16.13,305,2021-11-10 17:24:00,VRRM
16.132,16.132,16.13,16.13,200,2021-11-10 17:26:00,VRRM
16.14,16.14,16.13,16.135,2420,2021-11-10 17:27:00,VRRM
16.12,16.12,16.1,16.1,1938,2021-11-10 17:29:00,VRRM
16.11,16.11,16.1,16.1,400,2021-11-10 17:30:00,VRRM
16.07,16.085,16.07,16.07,500,2021-11-10 17:31:00,VRRM
16.06,16.0603,16.05,16.06,1669,2021-11-10 17:32:00,VRRM
16.06,16.06,16.02,16.04,17109,2021-11-10 17:33:00,VRRM
16.05,16.08,16.05,16.08,1490,2021-11-10 17:34:00,VRRM
16.09,16.09,16.09,16.09,100,2021-11-10 17:38:00,VRRM
16.07,16.095,16.07,16.07,1521,2021-11-10 17:39:00,VRRM
16.06,16.06,16.06,16.06,100,2021-11-10 17:41:00,VRRM
16.04,16.04,16.04,16.04,200,2021-11-10 17:42:00,VRRM
16.06,16.06,16.04,16.04,1382,2021-11-10 17:43:00,VRRM
16.04,16.04,16.02,16.02,1619,2021-11-10 17:45:00,VRRM
16.035,16.048,16.01,16.025,1228,2021-11-10 17:46:00,VRRM
16.01,16.01,16.0,16.0,880,2021-11-10 17:48:00,VRRM
16.0,16.0,15.97,15.97,706,2021-11-10 17:49:00,VRRM
15.98,16.01,15.98,15.98,5154,2021-11-10 17:50:00,VRRM
15.985,15.985,15.97,15.98,1632,2021-11-10 17:51:00,VRRM
15.99,15.99,15.97,15.97,200,2021-11-10 17:52:00,VRRM
15.98,16.0,15.98,15.98,2015,2021-11-10 17:55:00,VRRM
15.98,15.985,15.98,15.985,200,2021-11-10 17:56:00,VRRM
15.99,15.99,15.99,15.99,100,2021-11-10 17:59:00,VRRM
16.0,16.02,16.0,16.02,1500,2021-11-10 18:00:00,VRRM
16.01,16.01,16.01,16.01,200,2021-11-10 18:01:00,VRRM
16.01,16.01,16.005,16.005,300,2021-11-10 18:03:00,VRRM
15.99,15.99,15.98,15.98,539,2021-11-10 18:04:00,VRRM
15.97,15.99,15.97,15.985,3189,2021-11-10 18:05:00,VRRM
15.98,15.98,15.97,15.97,850,2021-11-10 18:06:00,VRRM
15.96,15.96,15.96,15.96,300,2021-11-10 18:08:00,VRRM
15.96,15.97,15.96,15.97,1300,2021-11-10 18:09:00,VRRM
15.97,15.97,15.97,15.97,200,2021-11-10 18:11:00,VRRM
15.96,15.96,15.95,15.95,1344,2021-11-10 18:13:00,VRRM
15.97,15.97,15.97,15.97,100,2021-11-10 18:14:00,VRRM
15.96,15.96,15.96,15.96,100,2021-11-10 18:15:00,VRRM
15.97,15.97,15.97,15.97,400,2021-11-10 18:17:00,VRRM
15.98,15.98,15.97,15.97,300,2021-11-10 18:20:00,VRRM
15.97,15.97,15.96,15.96,223,2021-11-10 18:21:00,VRRM
15.96,15.96,15.94,15.94,1348,2021-11-10 18:22:00,VRRM
15.95,15.96,15.95,15.96,489,2021-11-10 18:23:00,VRRM
15.97,15.97,15.97,15.97,1161,2021-11-10 18:26:00,VRRM
15.99,15.99,15.99,15.99,100,2021-11-10 18:27:00,VRRM
15.97,15.98,15.97,15.98,700,2021-11-10 18:28:00,VRRM
15.985,15.985,15.985,15.985,100,2021-11-10 18:29:00,VRRM
15.99,15.99,15.99,15.99,100,2021-11-10 18:30:00,VRRM
16.0,16.02,16.0,16.02,700,2021-11-10 18:32:00,VRRM
16.025,16.04,16.025,16.04,418,2021-11-10 18:34:00,VRRM
16.02,16.02,16.02,16.02,100,2021-11-10 18:35:00,VRRM
16.0,16.0,16.0,16.0,100,2021-11-10 18:36:00,VRRM
16.01,16.04,16.01,16.04,1600,2021-11-10 18:37:00,VRRM
16.03,16.03,16.015,16.03,700,2021-11-10 18:39:00,VRRM
16.04,16.05,16.039,16.05,1445,2021-11-10 18:40:00,VRRM
16.05,16.05,16.04,16.04,404,2021-11-10 18:41:00,VRRM
16.04,16.05,16.04,16.05,826,2021-11-10 18:42:00,VRRM
16.04,16.11,16.04,16.11,3666,2021-11-10 18:45:00,VRRM
16.11,16.16,16.1,16.1575,2016,2021-11-10 18:46:00,VRRM
16.16,16.22,16.16,16.18,2285,2021-11-10 18:47:00,VRRM
16.17,16.17,16.14,16.145,500,2021-11-10 18:49:00,VRRM
16.15,16.15,16.15,16.15,200,2021-11-10 18:50:00,VRRM
16.12,16.12,16.12,16.12,200,2021-11-10 18:51:00,VRRM
16.12,16.13,16.12,16.13,300,2021-11-10 18:52:00,VRRM
16.12,16.125,16.12,16.125,200,2021-11-10 18:53:00,VRRM
16.13,16.15,16.13,16.13,2392,2021-11-10 18:54:00,VRRM
16.11,16.11,16.11,16.11,100,2021-11-10 18:55:00,VRRM
16.11,16.13,16.11,16.13,638,2021-11-10 18:58:00,VRRM
16.13,16.14,16.13,16.14,1000,2021-11-10 18:59:00,VRRM
16.11,16.15,16.11,16.15,835,2021-11-10 19:00:00,VRRM
16.1455,16.15,16.135,16.14,2729,2021-11-10 19:01:00,VRRM
16.12,16.12,16.11,16.11,400,2021-11-10 19:02:00,VRRM
16.12,16.12,16.12,16.12,300,2021-11-10 19:03:00,VRRM
16.12,16.12,16.12,16.12,200,2021-11-10 19:04:00,VRRM
16.13,16.13,16.13,16.13,200,2021-11-10 19:05:00,VRRM
16.14,16.155,16.14,16.155,1600,2021-11-10 19:06:00,VRRM
16.155,16.16,16.14,16.14,901,2021-11-10 19:07:00,VRRM
16.14,16.14,16.13,16.13,233,2021-11-10 19:08:00,VRRM
16.13,16.14,16.13,16.14,700,2021-11-10 19:09:00,VRRM
16.14,16.14,16.14,16.14,100,2021-11-10 19:10:00,VRRM
16.15,16.15,16.14,16.14,1542,2021-11-10 19:11:00,VRRM
16.13,16.13,16.13,16.13,100,2021-11-10 19:12:00,VRRM
16.12,16.12,16.12,16.12,500,2021-11-10 19:15:00,VRRM
16.14,16.15,16.14,16.15,1400,2021-11-10 19:17:00,VRRM
16.15,16.15,16.15,16.15,400,2021-11-10 19:18:00,VRRM
16.15,16.15,16.15,16.15,100,2021-11-10 19:21:00,VRRM
16.13,16.13,16.13,16.13,200,2021-11-10 19:22:00,VRRM
16.13,16.13,16.13,16.13,100,2021-11-10 19:23:00,VRRM
16.12,16.12,16.11,16.11,1008,2021-11-10 19:24:00,VRRM
16.12,16.12,16.12,16.12,100,2021-11-10 19:26:00,VRRM
16.1,16.1,16.1,16.1,100,2021-11-10 19:27:00,VRRM
16.1,16.1,16.09,16.09,500,2021-11-10 19:29:00,VRRM
16.1,16.1,16.1,16.1,100,2021-11-10 19:30:00,VRRM
16.09,16.1,16.09,16.1,200,2021-11-10 19:31:00,VRRM
16.1,16.1,16.09,16.09,2234,2021-11-10 19:32:00,VRRM
16.1,16.1,16.1,16.1,200,2021-11-10 19:33:00,VRRM
16.09,16.11,16.09,16.11,1460,2021-11-10 19:35:00,VRRM
16.11,16.12,16.11,16.12,500,2021-11-10 19:36:00,VRRM
16.1,16.1,16.09,16.09,900,2021-11-10 19:38:00,VRRM
16.1,16.1,16.09,16.09,200,2021-11-10 19:39:00,VRRM
16.1,16.1,16.09,16.09,200,2021-11-10 19:40:00,VRRM
16.05,16.05,16.05,16.05,100,2021-11-10 19:42:00,VRRM
16.06,16.06,16.06,16.06,100,2021-11-10 19:44:00,VRRM
16.06,16.07,16.06,16.07,1139,2021-11-10 19:45:00,VRRM
16.08,16.1,16.08,16.09,2564,2021-11-10 19:46:00,VRRM
16.1,16.12,16.095,16.115,1100,2021-11-10 19:48:00,VRRM
16.14,16.14,16.14,16.14,200,2021-11-10 19:49:00,VRRM
16.14,16.15,16.14,16.15,22638,2021-11-10 19:50:00,VRRM
16.14,16.15,16.14,16.15,1600,2021-11-10 19:51:00,VRRM
16.16,16.2,16.16,16.2,1500,2021-11-10 19:52:00,VRRM
16.195,16.195,16.195,16.195,300,2021-11-10 19:53:00,VRRM
16.19,16.195,16.19,16.19,1000,2021-11-10 19:54:00,VRRM
16.19,16.19,16.19,16.19,200,2021-11-10 19:55:00,VRRM
16.19,16.19,16.18,16.19,400,2021-11-10 19:56:00,VRRM
16.185,16.2,16.185,16.2,900,2021-11-10 19:57:00,VRRM
16.19,16.19,16.17,16.17,1610,2021-11-10 19:58:00,VRRM
16.16,16.16,16.16,16.16,300,2021-11-10 19:59:00,VRRM
16.16,16.16,16.15,16.16,1133,2021-11-10 20:00:00,VRRM
16.17,16.18,16.16,16.17,1793,2021-11-10 20:01:00,VRRM
16.17,16.18,16.155,16.18,604,2021-11-10 20:02:00,VRRM
16.18,16.19,16.18,16.19,500,2021-11-10 20:03:00,VRRM
16.19,16.2,16.19,16.2,1164,2021-11-10 20:04:00,VRRM
16.2,16.2,16.19,16.2,1183,2021-11-10 20:05:00,VRRM
16.21,16.26,16.21,16.25,2306,2021-11-10 20:06:00,VRRM
16.225,16.225,16.225,16.225,100,2021-11-10 20:07:00,VRRM
16.24,16.24,16.24,16.24,400,2021-11-10 20:08:00,VRRM
16.24,16.25,16.23,16.25,1090,2021-11-10 20:09:00,VRRM
16.25,16.25,16.25,16.25,22800,2021-11-10 20:10:00,VRRM
16.26,16.28,16.26,16.265,2000,2021-11-10 20:11:00,VRRM
16.25,16.27,16.25,16.27,49327,2021-11-10 20:12:00,VRRM
16.255,16.26,16.25,16.26,500,2021-11-10 20:13:00,VRRM
16.26,16.26,16.26,16.26,200,2021-11-10 20:14:00,VRRM
16.27,16.3,16.27,16.3,1300,2021-11-10 20:15:00,VRRM
16.3,16.3,16.295,16.295,300,2021-11-10 20:16:00,VRRM
16.295,16.3,16.295,16.3,400,2021-11-10 20:17:00,VRRM
16.295,16.3,16.295,16.295,400,2021-11-10 20:18:00,VRRM
16.3,16.32,16.3,16.32,1316,2021-11-10 20:19:00,VRRM
16.32,16.34,16.315,16.33,1201,2021-11-10 20:20:00,VRRM
16.32,16.33,16.32,16.32,700,2021-11-10 20:21:00,VRRM
16.31,16.325,16.31,16.325,1400,2021-11-10 20:22:00,VRRM
16.325,16.33,16.32,16.325,2399,2021-11-10 20:23:00,VRRM
16.34,16.35,16.33,16.35,1846,2021-11-10 20:24:00,VRRM
16.35,16.36,16.35,16.355,700,2021-11-10 20:25:00,VRRM
16.36,16.37,16.35,16.36,54787,2021-11-10 20:26:00,VRRM
16.35,16.36,16.33,16.335,1500,2021-11-10 20:27:00,VRRM
16.33,16.34,16.325,16.34,2043,2021-11-10 20:28:00,VRRM
16.335,16.34,16.335,16.335,600,2021-11-10 20:29:00,VRRM
16.33,16.33,16.29,16.29,2100,2021-11-10 20:30:00,VRRM
16.285,16.3,16.285,16.3,2894,2021-11-10 20:31:00,VRRM
16.3,16.305,16.3,16.3,1690,2021-11-10 20:32:00,VRRM
16.3,16.3,16.27,16.27,2910,2021-11-10 20:33:00,VRRM
16.27,16.27,16.27,16.27,200,2021-11-10 20:34:00,VRRM
16.26,16.27,16.26,16.27,1000,2021-11-10 20:35:00,VRRM
16.27,16.31,16.27,16.31,5470,2021-11-10 20:36:00,VRRM
16.305,16.305,16.285,16.285,1327,2021-11-10 20:37:00,VRRM
16.29,16.32,16.29,16.32,2236,2021-11-10 20:38:00,VRRM
16.32,16.32,16.305,16.305,1100,2021-11-10 20:39:00,VRRM
16.31,16.32,16.305,16.31,3737,2021-11-10 20:40:00,VRRM
16.305,16.32,16.29,16.3,1400,2021-11-10 20:41:00,VRRM
16.29,16.3,16.27,16.28,6527,2021-11-10 20:42:00,VRRM
16.28,16.28,16.27,16.27,1800,2021-11-10 20:43:00,VRRM
16.27,16.28,16.26,16.27,1613,2021-11-10 20:44:00,VRRM
16.28,16.28,16.26,16.265,7697,2021-11-10 20:45:00,VRRM
16.265,16.28,16.26,16.275,6779,2021-11-10 20:46:00,VRRM
16.28,16.28,16.275,16.28,4644,2021-11-10 20:47:00,VRRM
16.275,16.28,16.27,16.275,2206,2021-11-10 20:48:00,VRRM
16.27,16.27,16.25,16.255,2633,2021-11-10 20:49:00,VRRM
16.255,16.28,16.255,16.28,5002,2021-11-10 20:50:00,VRRM
16.28,16.29,16.275,16.275,5669,2021-11-10 20:51:00,VRRM
16.275,16.29,16.275,16.285,5841,2021-11-10 20:52:00,VRRM
16.285,16.29,16.28,16.28,7305,2021-11-10 20:53:00,VRRM
16.28,16.28,16.26,16.26,2306,2021-11-10 20:54:00,VRRM
16.26,16.27,16.25,16.27,3539,2021-11-10 20:55:00,VRRM
16.26,16.27,16.255,16.26,3660,2021-11-10 20:56:00,VRRM
16.25,16.27,16.25,16.26,4300,2021-11-10 20:57:00,VRRM
16.251,16.27,16.23,16.23,6600,2021-11-10 20:58:00,VRRM
16.235,16.26,16.23,16.24,9941,2021-11-10 20:59:00,VRRM
16.25,16.25,16.25,16.25,63152,2021-11-10 21:00:00,VRRM
16.25,16.25,16.25,16.25,1513,2021-11-10 21:01:00,VRRM
16.25,16.25,16.25,16.25,2300,2021-11-10 21:02:00,VRRM
16.34,16.36,16.31,16.31,4486,2021-11-11 14:30:00,VRRM
16.34,16.34,16.34,16.34,894,2021-11-11 14:32:00,VRRM
16.34,16.34,16.34,16.34,140,2021-11-11 14:33:00,VRRM
16.31,16.32,16.31,16.32,1200,2021-11-11 14:34:00,VRRM
16.32,16.32,16.32,16.32,100,2021-11-11 14:38:00,VRRM
16.32,16.35,16.3,16.32,2500,2021-11-11 14:40:00,VRRM
16.29,16.29,16.26,16.29,600,2021-11-11 14:41:00,VRRM
16.275,16.275,16.275,16.275,100,2021-11-11 14:43:00,VRRM
16.3,16.3,16.3,16.3,600,2021-11-11 14:45:00,VRRM
16.29,16.29,16.29,16.29,100,2021-11-11 14:49:00,VRRM
16.36,16.36,16.35,16.36,300,2021-11-11 14:51:00,VRRM
16.38,16.38,16.38,16.38,100,2021-11-11 14:54:00,VRRM
16.36,16.39,16.36,16.39,200,2021-11-11 14:56:00,VRRM
16.375,16.375,16.3571,16.36,1030,2021-11-11 14:57:00,VRRM
16.33,16.33,16.33,16.33,400,2021-11-11 14:58:00,VRRM
16.34,16.34,16.34,16.34,100,2021-11-11 14:59:00,VRRM
16.33,16.33,16.33,16.33,100,2021-11-11 15:00:00,VRRM
16.34,16.34,16.34,16.34,100,2021-11-11 15:01:00,VRRM
16.33,16.36,16.33,16.36,992,2021-11-11 15:02:00,VRRM
16.36,16.36,16.36,16.36,300,2021-11-11 15:05:00,VRRM
16.36,16.36,16.36,16.36,100,2021-11-11 15:06:00,VRRM
16.35,16.35,16.35,16.35,1500,2021-11-11 15:07:00,VRRM
16.33,16.35,16.33,16.33,700,2021-11-11 15:08:00,VRRM
16.335,16.35,16.335,16.35,200,2021-11-11 15:09:00,VRRM
16.36,16.36,16.35,16.35,200,2021-11-11 15:12:00,VRRM
16.35,16.355,16.35,16.355,25100,2021-11-11 15:13:00,VRRM
16.36,16.36,16.35,16.35,2243,2021-11-11 15:14:00,VRRM
16.35,16.35,16.31,16.335,1700,2021-11-11 15:15:00,VRRM
16.32,16.33,16.275,16.275,1085,2021-11-11 15:16:00,VRRM
16.26,16.27,16.26,16.27,237,2021-11-11 15:17:00,VRRM
16.3,16.305,16.3,16.305,400,2021-11-11 15:18:00,VRRM
16.28,16.29,16.28,16.29,596,2021-11-11 15:20:00,VRRM
16.3,16.3,16.29,16.3,600,2021-11-11 15:21:00,VRRM
16.31,16.31,16.3,16.3,1400,2021-11-11 15:22:00,VRRM
16.3,16.3,16.3,16.3,100,2021-11-11 15:24:00,VRRM
16.29,16.3,16.29,16.3,700,2021-11-11 15:25:00,VRRM
16.31,16.311,16.31,16.31,600,2021-11-11 15:28:00,VRRM
16.31,16.31,16.31,16.31,103,2021-11-11 15:30:00,VRRM
16.29,16.29,16.29,16.29,579,2021-11-11 15:31:00,VRRM
16.29,16.31,16.29,16.31,200,2021-11-11 15:32:00,VRRM
16.29,16.3,16.29,16.29,700,2021-11-11 15:33:00,VRRM
16.28,16.3,16.28,16.3,1426,2021-11-11 15:34:00,VRRM
16.305,16.33,16.305,16.32,800,2021-11-11 15:35:00,VRRM
16.33,16.33,16.33,16.33,100,2021-11-11 15:36:00,VRRM
16.34,16.35,16.34,16.35,400,2021-11-11 15:37:00,VRRM
16.35,16.355,16.34,16.35,1500,2021-11-11 15:38:00,VRRM
16.355,16.36,16.35,16.35,24763,2021-11-11 15:39:00,VRRM
16.37,16.37,16.37,16.37,100,2021-11-11 15:40:00,VRRM
16.36,16.36,16.36,16.36,100,2021-11-11 15:41:00,VRRM
16.35,16.36,16.35,16.36,500,2021-11-11 15:42:00,VRRM
16.37,16.395,16.37,16.38,2800,2021-11-11 15:43:00,VRRM
16.38,16.41,16.38,16.4,16885,2021-11-11 15:44:00,VRRM
16.4,16.405,16.395,16.405,900,2021-11-11 15:45:00,VRRM
16.405,16.405,16.37,16.39,1238,2021-11-11 15:46:00,VRRM
16.4,16.4,16.4,16.4,300,2021-11-11 15:47:00,VRRM
16.4,16.405,16.4,16.4,600,2021-11-11 15:48:00,VRRM
16.4,16.41,16.395,16.395,5800,2021-11-11 15:49:00,VRRM
16.395,16.4,16.395,16.4,1000,2021-11-11 15:51:00,VRRM
16.4,16.4,16.4,16.4,2201,2021-11-11 15:52:00,VRRM
16.4,16.4,16.4,16.4,900,2021-11-11 15:53:00,VRRM
16.41,16.41,16.405,16.405,2000,2021-11-11 15:55:00,VRRM
16.405,16.405,16.4,16.4,400,2021-11-11 15:56:00,VRRM
16.39,16.41,16.39,16.405,5906,2021-11-11 15:57:00,VRRM
16.41,16.415,16.41,16.415,800,2021-11-11 15:58:00,VRRM
16.41,16.43,16.4,16.4,3045,2021-11-11 15:59:00,VRRM
16.39,16.4,16.39,16.4,1940,2021-11-11 16:00:00,VRRM
16.42,16.42,16.4,16.4,600,2021-11-11 16:01:00,VRRM
16.39,16.39,16.39,16.39,100,2021-11-11 16:02:00,VRRM
16.4,16.4,16.4,16.4,350,2021-11-11 16:03:00,VRRM
16.4,16.4,16.4,16.4,200,2021-11-11 16:04:00,VRRM
16.4,16.41,16.4,16.405,732,2021-11-11 16:05:00,VRRM
16.401,16.401,16.401,16.401,100,2021-11-11 16:06:00,VRRM
16.4,16.41,16.4,16.4,900,2021-11-11 16:07:00,VRRM
16.41,16.41,16.41,16.41,100,2021-11-11 16:08:00,VRRM
16.415,16.425,16.41,16.41,300,2021-11-11 16:09:00,VRRM
16.415,16.415,16.415,16.415,100,2021-11-11 16:10:00,VRRM
16.43,16.43,16.43,16.43,100,2021-11-11 16:11:00,VRRM
16.425,16.44,16.425,16.44,500,2021-11-11 16:12:00,VRRM
16.44,16.44,16.43,16.4393,300,2021-11-11 16:13:00,VRRM
16.44,16.44,16.425,16.425,1165,2021-11-11 16:14:00,VRRM
16.435,16.435,16.435,16.435,100,2021-11-11 16:15:00,VRRM
16.43,16.44,16.43,16.435,623,2021-11-11 16:16:00,VRRM
16.435,16.435,16.435,16.435,100,2021-11-11 16:17:00,VRRM
16.435,16.435,16.425,16.425,615,2021-11-11 16:18:00,VRRM
16.43,16.44,16.43,16.43,300,2021-11-11 16:19:00,VRRM
16.42,16.425,16.42,16.425,200,2021-11-11 16:20:00,VRRM
16.42,16.42,16.41,16.41,400,2021-11-11 16:21:00,VRRM
16.4,16.41,16.4,16.41,1000,2021-11-11 16:22:00,VRRM
16.405,16.405,16.405,16.405,100,2021-11-11 16:23:00,VRRM
16.41,16.41,16.41,16.41,100,2021-11-11 16:24:00,VRRM
16.4,16.41,16.4,16.41,600,2021-11-11 16:25:00,VRRM
16.4,16.405,16.4,16.4,1210,2021-11-11 16:26:00,VRRM
16.39,16.39,16.385,16.39,500,2021-11-11 16:28:00,VRRM
16.39,16.4,16.39,16.4,200,2021-11-11 16:29:00,VRRM
16.4,16.4,16.4,16.4,100,2021-11-11 16:30:00,VRRM
16.4,16.41,16.4,16.4,1400,2021-11-11 16:31:00,VRRM
16.4,16.4,16.4,16.4,500,2021-11-11 16:32:00,VRRM
16.4,16.4,16.4,16.4,300,2021-11-11 16:33:00,VRRM
16.4,16.4,16.4,16.4,100,2021-11-11 16:34:00,VRRM
16.4,16.4,16.39,16.4,865,2021-11-11 16:35:00,VRRM
16.4,16.4157,16.4,16.41,1436,2021-11-11 16:36:00,VRRM
16.43,16.43,16.42,16.42,200,2021-11-11 16:37:00,VRRM
16.42,16.42,16.42,16.42,500,2021-11-11 16:38:00,VRRM
16.42,16.42,16.42,16.42,100,2021-11-11 16:40:00,VRRM
16.42,16.42,16.42,16.42,167,2021-11-11 16:41:00,VRRM
16.425,16.44,16.425,16.44,967,2021-11-11 16:42:00,VRRM
16.43,16.44,16.42,16.42,593,2021-11-11 16:43:00,VRRM
16.42,16.425,16.42,16.425,200,2021-11-11 16:44:00,VRRM
16.425,16.425,16.42,16.42,300,2021-11-11 16:45:00,VRRM
16.42,16.42,16.42,16.42,300,2021-11-11 16:46:00,VRRM
16.42,16.42,16.41,16.41,700,2021-11-11 16:49:00,VRRM
16.42,16.42,16.415,16.415,200,2021-11-11 16:50:00,VRRM
16.415,16.415,16.415,16.415,100,2021-11-11 16:51:00,VRRM
16.41,16.42,16.4,16.42,300,2021-11-11 16:52:00,VRRM
16.41,16.41,16.405,16.405,200,2021-11-11 16:53:00,VRRM
16.4003,16.41,16.4003,16.405,500,2021-11-11 16:54:00,VRRM
16.4,16.4,16.395,16.4,1300,2021-11-11 16:55:00,VRRM
16.39,16.39,16.38,16.38,548,2021-11-11 16:56:00,VRRM
16.3896,16.3896,16.385,16.385,1110,2021-11-11 16:58:00,VRRM
16.39,16.39,16.39,16.39,100,2021-11-11 16:59:00,VRRM
16.39,16.39,16.39,16.39,100,2021-11-11 17:00:00,VRRM
16.3819,16.39,16.3819,16.39,600,2021-11-11 17:01:00,VRRM
16.38,16.385,16.38,16.385,300,2021-11-11 17:02:00,VRRM
16.38,16.38,16.38,16.38,559,2021-11-11 17:03:00,VRRM
16.38,16.38,16.345,16.345,1766,2021-11-11 17:04:00,VRRM
16.34,16.35,16.32,16.35,2100,2021-11-11 17:05:00,VRRM
16.35,16.39,16.35,16.39,2899,2021-11-11 17:06:00,VRRM
16.39,16.39,16.39,16.39,100,2021-11-11 17:08:00,VRRM
16.4,16.41,16.4,16.41,2000,2021-11-11 17:10:00,VRRM
16.4,16.405,16.4,16.4,924,2021-11-11 17:11:00,VRRM
16.4,16.4,16.4,16.4,100,2021-11-11 17:12:00,VRRM
16.39,16.39,16.39,16.39,200,2021-11-11 17:13:00,VRRM
16.39,16.4,16.39,16.4,700,2021-11-11 17:14:00,VRRM
16.41,16.415,16.405,16.415,1300,2021-11-11 17:16:00,VRRM
16.395,16.395,16.39,16.39,400,2021-11-11 17:17:00,VRRM
16.38,16.38,16.38,16.38,100,2021-11-11 17:20:00,VRRM
16.39,16.39,16.39,16.39,100,2021-11-11 17:22:00,VRRM
16.39,16.41,16.39,16.4,1000,2021-11-11 17:23:00,VRRM
16.405,16.405,16.405,16.405,100,2021-11-11 17:24:00,VRRM
16.4,16.42,16.4,16.415,1534,2021-11-11 17:25:00,VRRM
16.43,16.43,16.43,16.43,100,2021-11-11 17:27:00,VRRM
16.44,16.44,16.44,16.44,163,2021-11-11 17:29:00,VRRM
16.43,16.44,16.4,16.4,1219,2021-11-11 17:30:00,VRRM
16.41,16.41,16.408,16.408,500,2021-11-11 17:32:00,VRRM
16.4,16.42,16.4,16.42,3100,2021-11-11 17:33:00,VRRM
16.42,16.43,16.41,16.415,1200,2021-11-11 17:35:00,VRRM
16.42,16.42,16.42,16.42,400,2021-11-11 17:37:00,VRRM
16.42,16.42,16.4173,16.4173,758,2021-11-11 17:38:00,VRRM
16.4128,16.4128,16.4128,16.4128,250,2021-11-11 17:39:00,VRRM
16.42,16.42,16.42,16.42,500,2021-11-11 17:42:00,VRRM
16.42,16.42,16.42,16.42,100,2021-11-11 17:43:00,VRRM
16.42,16.42,16.415,16.415,300,2021-11-11 17:44:00,VRRM
16.42,16.42,16.4,16.4,1306,2021-11-11 17:46:00,VRRM
16.4,16.42,16.4,16.415,1000,2021-11-11 17:47:00,VRRM
16.42,16.42,16.41,16.41,200,2021-11-11 17:48:00,VRRM
16.41,16.41,16.4,16.41,401,2021-11-11 17:49:00,VRRM
16.405,16.405,16.4,16.4,2400,2021-11-11 17:52:00,VRRM
16.4,16.405,16.4,16.405,300,2021-11-11 17:53:00,VRRM
16.4,16.4,16.39,16.39,1050,2021-11-11 17:56:00,VRRM
16.39,16.39,16.39,16.39,100,2021-11-11 17:57:00,VRRM
16.39,16.39,16.39,16.39,100,2021-11-11 17:59:00,VRRM
16.38,16.39,16.38,16.38,1070,2021-11-11 18:01:00,VRRM
16.39,16.4,16.39,16.4,400,2021-11-11 18:03:00,VRRM
16.39,16.39,16.39,16.39,400,2021-11-11 18:04:00,VRRM
16.38,16.38,16.38,16.38,200,2021-11-11 18:06:00,VRRM
16.39,16.39,16.39,16.39,500,2021-11-11 18:07:00,VRRM
16.4,16.4,16.4,16.4,966,2021-11-11 18:08:00,VRRM
16.4,16.4,16.395,16.4,600,2021-11-11 18:09:00,VRRM
16.4,16.4,16.4,16.4,600,2021-11-11 18:10:00,VRRM
16.4,16.4,16.4,16.4,1402,2021-11-11 18:12:00,VRRM
16.4,16.4,16.36,16.36,2207,2021-11-11 18:13:00,VRRM
16.35,16.35,16.345,16.345,579,2021-11-11 18:14:00,VRRM
16.35,16.35,16.35,16.35,168,2021-11-11 18:16:00,VRRM
16.34,16.34,16.34,16.34,301,2021-11-11 18:17:00,VRRM
16.34,16.34,16.34,16.34,200,2021-11-11 18:18:00,VRRM
16.35,16.35,16.35,16.35,300,2021-11-11 18:19:00,VRRM
16.36,16.38,16.36,16.38,3805,2021-11-11 18:21:00,VRRM
16.38,16.38,16.375,16.375,200,2021-11-11 18:22:00,VRRM
16.38,16.38,16.38,16.38,100,2021-11-11 18:23:00,VRRM
16.37,16.37,16.37,16.37,700,2021-11-11 18:24:00,VRRM
16.365,16.365,16.36,16.36,652,2021-11-11 18:26:00,VRRM
16.37,16.375,16.37,16.375,700,2021-11-11 18:28:00,VRRM
16.375,16.4,16.375,16.4,300,2021-11-11 18:29:00,VRRM
16.39,16.4,16.39,16.4,600,2021-11-11 18:30:00,VRRM
16.4,16.4062,16.4,16.4062,442,2021-11-11 18:31:00,VRRM
16.4,16.4,16.39,16.395,400,2021-11-11 18:33:00,VRRM
16.38,16.38,16.38,16.38,400,2021-11-11 18:34:00,VRRM
16.39,16.39,16.39,16.39,100,2021-11-11 18:35:00,VRRM
16.389,16.389,16.389,16.389,100,2021-11-11 18:36:00,VRRM
16.395,16.4,16.395,16.4,212,2021-11-11 18:38:00,VRRM
16.4,16.4,16.4,16.4,100,2021-11-11 18:40:00,VRRM
16.39,16.395,16.38,16.38,1100,2021-11-11 18:41:00,VRRM
16.38,16.39,16.38,16.39,400,2021-11-11 18:42:00,VRRM
16.39,16.39,16.39,16.39,200,2021-11-11 18:44:00,VRRM
16.39,16.398,16.39,16.395,1033,2021-11-11 18:53:00,VRRM
16.395,16.399,16.395,16.399,200,2021-11-11 18:54:00,VRRM
16.39,16.39,16.385,16.385,867,2021-11-11 18:56:00,VRRM
16.385,16.385,16.385,16.385,100,2021-11-11 18:58:00,VRRM
16.4,16.4,16.39,16.39,1200,2021-11-11 18:59:00,VRRM
16.39,16.39,16.39,16.39,500,2021-11-11 19:00:00,VRRM
16.39,16.39,16.39,16.39,100,2021-11-11 19:01:00,VRRM
16.39,16.39,16.39,16.39,200,2021-11-11 19:02:00,VRRM
16.39,16.39,16.39,16.39,100,2021-11-11 19:03:00,VRRM
16.395,16.395,16.395,16.395,200,2021-11-11 19:07:00,VRRM
16.4,16.4,16.4,16.4,608,2021-11-11 19:08:00,VRRM
16.4,16.4,16.4,16.4,300,2021-11-11 19:09:00,VRRM
16.39,16.395,16.39,16.39,824,2021-11-11 19:11:00,VRRM
16.385,16.385,16.385,16.385,100,2021-11-11 19:12:00,VRRM
16.37,16.37,16.37,16.37,300,2021-11-11 19:13:00,VRRM
16.37,16.37,16.37,16.37,300,2021-11-11 19:14:00,VRRM
16.36,16.365,16.36,16.365,1000,2021-11-11 19:16:00,VRRM
16.365,16.365,16.365,16.365,300,2021-11-11 19:18:00,VRRM
16.365,16.365,16.365,16.365,300,2021-11-11 19:19:00,VRRM
16.365,16.38,16.365,16.38,600,2021-11-11 19:20:00,VRRM
16.385,16.4,16.385,16.39,3065,2021-11-11 19:21:00,VRRM
16.395,16.395,16.395,16.395,100,2021-11-11 19:22:00,VRRM
16.4,16.4,16.395,16.395,400,2021-11-11 19:24:00,VRRM
16.41,16.41,16.41,16.41,100,2021-11-11 19:26:00,VRRM
16.41,16.42,16.41,16.42,524,2021-11-11 19:28:00,VRRM
16.425,16.425,16.415,16.415,1000,2021-11-11 19:29:00,VRRM
16.415,16.44,16.41,16.44,2046,2021-11-11 19:30:00,VRRM
16.44,16.45,16.44,16.45,500,2021-11-11 19:31:00,VRRM
16.46,16.48,16.46,16.471,800,2021-11-11 19:32:00,VRRM
16.475,16.48,16.475,16.48,670,2021-11-11 19:33:00,VRRM
16.49,16.5,16.49,16.5,4313,2021-11-11 19:34:00,VRRM
16.5,16.51,16.49,16.495,2193,2021-11-11 19:35:00,VRRM
16.49,16.49,16.47,16.47,300,2021-11-11 19:36:00,VRRM
16.48,16.5,16.48,16.5,1317,2021-11-11 19:38:00,VRRM
16.5,16.5,16.48,16.48,600,2021-11-11 19:39:00,VRRM
16.47,16.47,16.47,16.47,100,2021-11-11 19:40:00,VRRM
16.485,16.49,16.48,16.49,300,2021-11-11 19:43:00,VRRM
16.49,16.49,16.49,16.49,100,2021-11-11 19:45:00,VRRM
16.48,16.48,16.48,16.48,300,2021-11-11 19:47:00,VRRM
16.49,16.49,16.49,16.49,435,2021-11-11 19:48:00,VRRM
16.48,16.48,16.48,16.48,100,2021-11-11 19:49:00,VRRM
16.48,16.48,16.48,16.48,100,2021-11-11 19:50:00,VRRM
16.485,16.49,16.461,16.49,2300,2021-11-11 19:51:00,VRRM
16.49,16.495,16.49,16.495,702,2021-11-11 19:52:00,VRRM
16.49,16.49,16.48,16.49,700,2021-11-11 19:54:00,VRRM
16.48,16.5,16.48,16.482,30075,2021-11-11 19:56:00,VRRM
16.49,16.5,16.49,16.5,300,2021-11-11 19:57:00,VRRM
16.4954,16.53,16.49,16.52,1967,2021-11-11 19:58:00,VRRM
16.51,16.515,16.51,16.51,634,2021-11-11 19:59:00,VRRM
16.515,16.515,16.48,16.48,1300,2021-11-11 20:00:00,VRRM
16.49,16.49,16.49,16.49,435,2021-11-11 20:01:00,VRRM
16.48,16.48,16.48,16.48,300,2021-11-11 20:02:00,VRRM
16.5,16.5,16.471,16.471,200,2021-11-11 20:03:00,VRRM
16.5,16.5,16.5,16.5,600,2021-11-11 20:05:00,VRRM
16.5,16.51,16.481,16.5,2901,2021-11-11 20:06:00,VRRM
16.5,16.5,16.5,16.5,100,2021-11-11 20:08:00,VRRM
16.5,16.5,16.5,16.5,100,2021-11-11 20:09:00,VRRM
16.49,16.49,16.475,16.475,900,2021-11-11 20:10:00,VRRM
16.48,16.48,16.48,16.48,100,2021-11-11 20:11:00,VRRM
16.49,16.49,16.475,16.475,1619,2021-11-11 20:12:00,VRRM
16.49,16.49,16.471,16.49,300,2021-11-11 20:13:00,VRRM
16.49,16.5,16.49,16.5,200,2021-11-11 20:15:00,VRRM
16.5,16.5,16.495,16.495,200,2021-11-11 20:16:00,VRRM
16.5,16.5,16.491,16.5,5287,2021-11-11 20:17:00,VRRM
16.505,16.51,16.498,16.5,1962,2021-11-11 20:18:00,VRRM
16.5,16.5,16.5,16.5,500,2021-11-11 20:19:00,VRRM
16.49,16.495,16.48,16.48,1500,2021-11-11 20:20:00,VRRM
16.47,16.48,16.47,16.47,1541,2021-11-11 20:21:00,VRRM
16.48,16.48,16.47,16.47,500,2021-11-11 20:22:00,VRRM
16.47,16.48,16.47,16.48,200,2021-11-11 20:23:00,VRRM
16.48,16.505,16.48,16.505,2080,2021-11-11 20:24:00,VRRM
16.5,16.5,16.5,16.5,541,2021-11-11 20:25:00,VRRM
16.5,16.5,16.5,16.5,100,2021-11-11 20:26:00,VRRM
16.5,16.5,16.5,16.5,200,2021-11-11 20:27:00,VRRM
16.5,16.51,16.47,16.47,3487,2021-11-11 20:28:00,VRRM
16.469,16.49,16.469,16.49,900,2021-11-11 20:34:00,VRRM
16.48,16.49,16.48,16.49,500,2021-11-11 20:35:00,VRRM
16.485,16.49,16.485,16.49,600,2021-11-11 20:36:00,VRRM
16.49,16.49,16.48,16.485,1759,2021-11-11 20:37:00,VRRM
16.485,16.485,16.47,16.47,1200,2021-11-11 20:38:00,VRRM
16.475,16.475,16.47,16.47,200,2021-11-11 20:39:00,VRRM
16.479,16.5,16.479,16.495,1800,2021-11-11 20:40:00,VRRM
16.495,16.5,16.485,16.485,2606,2021-11-11 20:41:00,VRRM
16.48,16.48,16.475,16.475,1917,2021-11-11 20:42:00,VRRM
16.47,16.48,16.47,16.48,700,2021-11-11 20:43:00,VRRM
16.475,16.48,16.46,16.465,24056,2021-11-11 20:44:00,VRRM
16.465,16.465,16.46,16.465,1500,2021-11-11 20:45:00,VRRM
16.465,16.47,16.46,16.465,5755,2021-11-11 20:46:00,VRRM
16.47,16.47,16.46,16.465,4132,2021-11-11 20:47:00,VRRM
16.47,16.47,16.46,16.46,3175,2021-11-11 20:48:00,VRRM
16.46,16.465,16.42,16.42,5153,2021-11-11 20:49:00,VRRM
16.425,16.46,16.42,16.45,2840,2021-11-11 20:50:00,VRRM
16.455,16.47,16.45,16.465,4956,2021-11-11 20:51:00,VRRM
16.46,16.46,16.45,16.455,1979,2021-11-11 20:52:00,VRRM
16.4574,16.4574,16.45,16.455,1053,2021-11-11 20:53:00,VRRM
16.45,16.46,16.44,16.45,7040,2021-11-11 20:54:00,VRRM
16.45,16.45,16.42,16.42,7587,2021-11-11 20:55:00,VRRM
16.42,16.42,16.41,16.41,3337,2021-11-11 20:56:00,VRRM
16.4,16.41,16.39,16.4,15309,2021-11-11 20:57:00,VRRM
16.4,16.405,16.39,16.4,9588,2021-11-11 20:58:00,VRRM
16.4,16.41,16.39,16.39,23779,2021-11-11 20:59:00,VRRM
16.41,16.41,16.41,16.41,43223,2021-11-11 21:00:00,VRRM
16.41,16.41,16.41,16.41,2749,2021-11-11 21:01:00,VRRM
16.41,16.41,16.41,16.41,101,2021-11-11 21:02:00,VRRM
16.745,16.7553,16.54,16.7553,5229,2021-11-12 14:30:00,VRRM
16.44,16.495,16.41,16.45,7270,2021-11-12 14:33:00,VRRM
16.4,16.5,16.36,16.5,1370,2021-11-12 14:34:00,VRRM
16.5,16.5,16.465,16.47,835,2021-11-12 14:35:00,VRRM
16.45,16.45,16.4,16.4,310,2021-11-12 14:36:00,VRRM
16.39,16.41,16.38,16.41,1200,2021-11-12 14:37:00,VRRM
16.425,16.48,16.425,16.48,1100,2021-11-12 14:40:00,VRRM
16.41,16.41,16.41,16.41,100,2021-11-12 14:43:00,VRRM
16.41,16.41,16.4,16.4,600,2021-11-12 14:45:00,VRRM
16.405,16.415,16.405,16.415,200,2021-11-12 14:46:00,VRRM
16.38,16.38,16.38,16.38,179,2021-11-12 14:48:00,VRRM
16.41,16.41,16.41,16.41,100,2021-11-12 14:52:00,VRRM
16.39,16.41,16.38,16.38,2048,2021-11-12 14:54:00,VRRM
16.39,16.39,16.37,16.37,356,2021-11-12 14:55:00,VRRM
16.39,16.39,16.39,16.39,100,2021-11-12 14:56:00,VRRM
16.37,16.37,16.37,16.37,160,2021-11-12 14:59:00,VRRM
16.38,16.38,16.38,16.38,100,2021-11-12 15:00:00,VRRM
16.395,16.395,16.395,16.395,100,2021-11-12 15:08:00,VRRM
16.4,16.43,16.39,16.39,5902,2021-11-12 15:09:00,VRRM
16.42,16.42,16.42,16.42,100,2021-11-12 15:10:00,VRRM
16.41,16.41,16.41,16.41,300,2021-11-12 15:11:00,VRRM
16.41,16.41,16.4,16.405,1350,2021-11-12 15:12:00,VRRM
16.405,16.405,16.405,16.405,300,2021-11-12 15:13:00,VRRM
16.42,16.42,16.4,16.41,4092,2021-11-12 15:14:00,VRRM
16.4,16.44,16.39,16.425,26416,2021-11-12 15:15:00,VRRM
16.46,16.46,16.4,16.44,1970,2021-11-12 15:17:00,VRRM
16.44,16.44,16.39,16.4,5331,2021-11-12 15:18:00,VRRM
16.41,16.41,16.4,16.4,1100,2021-11-12 15:19:00,VRRM
16.4,16.4,16.39,16.39,300,2021-11-12 15:20:00,VRRM
16.37,16.39,16.35,16.38,2380,2021-11-12 15:21:00,VRRM
16.38,16.38,16.355,16.36,977,2021-11-12 15:22:00,VRRM
16.37,16.37,16.355,16.36,1852,2021-11-12 15:24:00,VRRM
16.38,16.38,16.38,16.38,200,2021-11-12 15:27:00,VRRM
16.38,16.38,16.38,16.38,300,2021-11-12 15:28:00,VRRM
16.38,16.38,16.38,16.38,100,2021-11-12 15:29:00,VRRM
16.37,16.37,16.37,16.37,100,2021-11-12 15:30:00,VRRM
16.39,16.39,16.37,16.38,2107,2021-11-12 15:33:00,VRRM
16.37,16.37,16.37,16.37,100,2021-11-12 15:34:00,VRRM
16.37,16.37,16.365,16.365,500,2021-11-12 15:35:00,VRRM
16.365,16.38,16.34,16.38,8855,2021-11-12 15:36:00,VRRM
16.39,16.39,16.375,16.375,200,2021-11-12 15:38:00,VRRM
16.375,16.39,16.375,16.375,1619,2021-11-12 15:39:00,VRRM
16.38,16.38,16.38,16.38,100,2021-11-12 15:40:00,VRRM
16.37,16.375,16.365,16.375,1543,2021-11-12 15:41:00,VRRM
16.4,16.4,16.37,16.37,1800,2021-11-12 15:44:00,VRRM
16.39,16.39,16.39,16.39,100,2021-11-12 15:45:00,VRRM
16.39,16.39,16.36,16.36,4709,2021-11-12 15:46:00,VRRM
16.37,16.38,16.341,16.341,2651,2021-11-12 15:47:00,VRRM
16.375,16.4,16.36,16.385,7170,2021-11-12 15:48:00,VRRM
16.385,16.4,16.38,16.4,2900,2021-11-12 15:49:00,VRRM
16.39,16.39,16.39,16.39,100,2021-11-12 15:51:00,VRRM
16.39,16.39,16.39,16.39,288,2021-11-12 15:53:00,VRRM
16.39,16.39,16.385,16.385,700,2021-11-12 15:54:00,VRRM
16.39,16.4,16.38,16.395,10487,2021-11-12 15:55:00,VRRM
16.3948,16.3948,16.39,16.39,5100,2021-11-12 15:56:00,VRRM
16.4,16.4,16.38,16.39,7744,2021-11-12 15:59:00,VRRM
16.38,16.38,16.37,16.37,1200,2021-11-12 16:00:00,VRRM
16.36,16.36,16.355,16.355,600,2021-11-12 16:01:00,VRRM
16.355,16.355,16.341,16.341,2900,2021-11-12 16:03:00,VRRM
16.35,16.35,16.35,16.35,500,2021-11-12 16:07:00,VRRM
16.35,16.35,16.35,16.35,100,2021-11-12 16:09:00,VRRM
16.36,16.36,16.36,16.36,300,2021-11-12 16:13:00,VRRM
16.36,16.36,16.36,16.36,100,2021-11-12 16:14:00,VRRM
16.36,16.36,16.36,16.36,100,2021-11-12 16:15:00,VRRM
16.35,16.35,16.31,16.32,1600,2021-11-12 16:18:00,VRRM
16.325,16.325,16.311,16.311,200,2021-11-12 16:19:00,VRRM
16.33,16.33,16.33,16.33,100,2021-11-12 16:20:00,VRRM
16.33,16.33,16.33,16.33,100,2021-11-12 16:21:00,VRRM
16.33,16.33,16.315,16.315,300,2021-11-12 16:22:00,VRRM
16.315,16.315,16.315,16.315,100,2021-11-12 16:23:00,VRRM
16.33,16.33,16.33,16.33,500,2021-11-12 16:24:00,VRRM
16.325,16.33,16.325,16.33,200,2021-11-12 16:27:00,VRRM
16.32,16.32,16.31,16.32,500,2021-11-12 16:28:00,VRRM
16.32,16.34,16.32,16.34,200,2021-11-12 16:29:00,VRRM
16.3185,16.33,16.311,16.311,2225,2021-11-12 16:33:00,VRRM
16.31,16.31,16.31,16.31,100,2021-11-12 16:34:00,VRRM
16.31,16.31,16.31,16.31,100,2021-11-12 16:35:00,VRRM
16.3,16.3,16.3,16.3,100,2021-11-12 16:36:00,VRRM
16.3,16.3,16.3,16.3,100,2021-11-12 16:37:00,VRRM
16.3,16.31,16.3,16.31,200,2021-11-12 16:38:00,VRRM
16.3,16.3,16.3,16.3,300,2021-11-12 16:39:00,VRRM
16.3,16.3,16.3,16.3,150,2021-11-12 16:43:00,VRRM
16.29,16.3,16.29,16.29,1300,2021-11-12 16:45:00,VRRM
16.29,16.29,16.29,16.29,200,2021-11-12 16:46:00,VRRM
16.27,16.27,16.26,16.26,200,2021-11-12 16:47:00,VRRM
16.275,16.28,16.25,16.251,1300,2021-11-12 16:48:00,VRRM
16.25,16.26,16.25,16.25,1270,2021-11-12 16:49:00,VRRM
16.23,16.23,16.15,16.21,11409,2021-11-12 16:53:00,VRRM
16.21,16.21,16.21,16.21,100,2021-11-12 17:02:00,VRRM
16.22,16.23,16.215,16.215,850,2021-11-12 17:03:00,VRRM
16.21,16.21,16.21,16.21,400,2021-11-12 17:04:00,VRRM
16.1853,16.1853,16.1853,16.1853,500,2021-11-12 17:06:00,VRRM
16.19,16.19,16.18,16.19,600,2021-11-12 17:07:00,VRRM
16.17,16.17,16.17,16.17,100,2021-11-12 17:10:00,VRRM
16.17,16.18,16.16,16.16,700,2021-11-12 17:13:00,VRRM
16.16,16.16,16.16,16.16,1276,2021-11-12 17:15:00,VRRM
16.16,16.18,16.16,16.18,200,2021-11-12 17:19:00,VRRM
16.19,16.195,16.19,16.195,226,2021-11-12 17:20:00,VRRM
16.19,16.19,16.19,16.19,400,2021-11-12 17:21:00,VRRM
16.19,16.19,16.19,16.19,890,2021-11-12 17:22:00,VRRM
16.19,16.19,16.19,16.19,451,2021-11-12 17:23:00,VRRM
16.19,16.19,16.19,16.19,169,2021-11-12 17:24:00,VRRM
16.21,16.24,16.18,16.24,7348,2021-11-12 17:27:00,VRRM
16.25,16.29,16.235,16.251,958,2021-11-12 17:28:00,VRRM
16.29,16.29,16.29,16.29,100,2021-11-12 17:29:00,VRRM
16.275,16.29,16.275,16.29,460,2021-11-12 17:30:00,VRRM
16.27,16.27,16.25,16.25,700,2021-11-12 17:31:00,VRRM
16.23,16.23,16.23,16.23,100,2021-11-12 17:33:00,VRRM
16.225,16.24,16.225,16.24,200,2021-11-12 17:35:00,VRRM
16.23,16.23,16.22,16.22,400,2021-11-12 17:36:00,VRRM
16.24,16.24,16.24,16.24,100,2021-11-12 17:37:00,VRRM
16.23,16.23,16.21,16.21,500,2021-11-12 17:38:00,VRRM
16.21,16.21,16.19,16.21,1300,2021-11-12 17:39:00,VRRM
16.2,16.21,16.2,16.21,200,2021-11-12 17:40:00,VRRM
16.17,16.17,16.17,16.17,210,2021-11-12 17:44:00,VRRM
16.19,16.2,16.19,16.2,757,2021-11-12 17:46:00,VRRM
16.2,16.215,16.2,16.215,500,2021-11-12 17:47:00,VRRM
16.2,16.21,16.19,16.19,700,2021-11-12 17:48:00,VRRM
16.18,16.21,16.18,16.21,900,2021-11-12 17:51:00,VRRM
16.19,16.19,16.19,16.19,800,2021-11-12 17:52:00,VRRM
16.19,16.19,16.19,16.19,200,2021-11-12 17:53:00,VRRM
16.19,16.19,16.19,16.19,224,2021-11-12 17:54:00,VRRM
16.21,16.21,16.21,16.21,300,2021-11-12 17:55:00,VRRM
16.2,16.2,16.2,16.2,100,2021-11-12 17:56:00,VRRM
16.201,16.22,16.201,16.211,625,2021-11-12 17:58:00,VRRM
16.22,16.22,16.22,16.22,200,2021-11-12 17:59:00,VRRM
16.22,16.22,16.22,16.22,1220,2021-11-12 18:02:00,VRRM
16.23,16.23,16.211,16.2133,770,2021-11-12 18:03:00,VRRM
16.229,16.23,16.229,16.23,300,2021-11-12 18:06:00,VRRM
16.22,16.22,16.22,16.22,800,2021-11-12 18:07:00,VRRM
16.22,16.22,16.22,16.22,100,2021-11-12 18:08:00,VRRM
16.23,16.23,16.23,16.23,100,2021-11-12 18:12:00,VRRM
16.23,16.231,16.23,16.231,269,2021-11-12 18:13:00,VRRM
16.24,16.24,16.24,16.24,348,2021-11-12 18:14:00,VRRM
16.24,16.24,16.24,16.24,100,2021-11-12 18:15:00,VRRM
16.25,16.26,16.25,16.26,200,2021-11-12 18:16:00,VRRM
16.25,16.26,16.24,16.26,1812,2021-11-12 18:17:00,VRRM
16.26,16.26,16.26,16.26,100,2021-11-12 18:18:00,VRRM
16.27,16.28,16.27,16.28,600,2021-11-12 18:21:00,VRRM
16.285,16.29,16.285,16.29,200,2021-11-12 18:22:00,VRRM
16.29,16.295,16.29,16.292,300,2021-11-12 18:25:00,VRRM
16.29,16.29,16.285,16.285,824,2021-11-12 18:26:00,VRRM
16.28,16.282,16.28,16.282,1000,2021-11-12 18:28:00,VRRM
16.28,16.3,16.28,16.3,1130,2021-11-12 18:30:00,VRRM
16.3,16.3,16.295,16.295,300,2021-11-12 18:31:00,VRRM
16.3,16.3,16.3,16.3,100,2021-11-12 18:32:00,VRRM
16.29,16.29,16.29,16.29,100,2021-11-12 18:33:00,VRRM
16.27,16.29,16.27,16.28,1602,2021-11-12 18:35:00,VRRM
16.285,16.285,16.285,16.285,200,2021-11-12 18:36:00,VRRM
16.28,16.28,16.28,16.28,100,2021-11-12 18:37:00,VRRM
16.2784,16.2784,16.2784,16.2784,100,2021-11-12 18:38:00,VRRM
16.28,16.28,16.275,16.28,582,2021-11-12 18:39:00,VRRM
16.275,16.275,16.275,16.275,100,2021-11-12 18:41:00,VRRM
16.27,16.275,16.27,16.275,600,2021-11-12 18:42:00,VRRM
16.28,16.28,16.28,16.28,400,2021-11-12 18:43:00,VRRM
16.27,16.27,16.27,16.27,300,2021-11-12 18:47:00,VRRM
16.29,16.29,16.28,16.28,307,2021-11-12 18:49:00,VRRM
16.28,16.28,16.28,16.28,100,2021-11-12 18:54:00,VRRM
16.29,16.29,16.29,16.29,258,2021-11-12 18:56:00,VRRM
16.28,16.29,16.28,16.29,500,2021-11-12 18:58:00,VRRM
16.3,16.3,16.285,16.285,475,2021-11-12 19:01:00,VRRM
16.3,16.3,16.3,16.3,1005,2021-11-12 19:03:00,VRRM
16.28,16.28,16.27,16.271,700,2021-11-12 19:08:00,VRRM
16.26,16.26,16.25,16.25,200,2021-11-12 19:09:00,VRRM
16.245,16.245,16.245,16.245,100,2021-11-12 19:10:00,VRRM
16.23,16.23,16.22,16.22,3789,2021-11-12 19:12:00,VRRM
16.2361,16.2361,16.2361,16.2361,250,2021-11-12 19:14:00,VRRM
16.2372,16.2372,16.222,16.222,913,2021-11-12 19:16:00,VRRM
16.225,16.225,16.225,16.225,100,2021-11-12 19:17:00,VRRM
16.225,16.235,16.225,16.235,1700,2021-11-12 19:18:00,VRRM
16.231,16.231,16.22,16.225,800,2021-11-12 19:20:00,VRRM
16.2201,16.231,16.2201,16.231,1215,2021-11-12 19:24:00,VRRM
16.235,16.245,16.235,16.235,1300,2021-11-12 19:26:00,VRRM
16.235,16.2396,16.235,16.235,1038,2021-11-12 19:27:00,VRRM
16.235,16.235,16.23,16.23,690,2021-11-12 19:28:00,VRRM
16.235,16.235,16.235,16.235,300,2021-11-12 19:29:00,VRRM
16.23,16.23,16.201,16.201,1800,2021-11-12 19:30:00,VRRM
16.2,16.2,16.2,16.2,170,2021-11-12 19:31:00,VRRM
16.2,16.2,16.2,16.2,100,2021-11-12 19:32:00,VRRM
16.2,16.2,16.2,16.2,100,2021-11-12 19:33:00,VRRM
16.19,16.201,16.19,16.19,400,2021-11-12 19:34:00,VRRM
16.18,16.18,16.18,16.18,300,2021-11-12 19:35:00,VRRM
16.19,16.19,16.19,16.19,200,2021-11-12 19:36:00,VRRM
16.19,16.2,16.19,16.2,200,2021-11-12 19:38:00,VRRM
16.19,16.19,16.19,16.19,100,2021-11-12 19:39:00,VRRM
16.19,16.19,16.19,16.19,100,2021-11-12 19:40:00,VRRM
16.2,16.2,16.2,16.2,698,2021-11-12 19:41:00,VRRM
16.19,16.2,16.19,16.2,500,2021-11-12 19:42:00,VRRM
16.2,16.21,16.2,16.21,500,2021-11-12 19:43:00,VRRM
16.2,16.201,16.2,16.201,600,2021-11-12 19:44:00,VRRM
16.205,16.205,16.2,16.2,200,2021-11-12 19:46:00,VRRM
16.2,16.2,16.2,16.2,200,2021-11-12 19:48:00,VRRM
16.2,16.205,16.2,16.205,1500,2021-11-12 19:51:00,VRRM
16.201,16.205,16.201,16.205,200,2021-11-12 19:52:00,VRRM
16.205,16.205,16.2,16.205,1002,2021-11-12 19:53:00,VRRM
16.21,16.23,16.21,16.22,1831,2021-11-12 19:54:00,VRRM
16.23,16.23,16.23,16.23,400,2021-11-12 19:55:00,VRRM
16.225,16.24,16.22,16.22,400,2021-11-12 19:56:00,VRRM
16.23,16.23,16.22,16.22,300,2021-11-12 19:58:00,VRRM
16.23,16.23,16.23,16.23,400,2021-11-12 19:59:00,VRRM
16.23,16.24,16.22,16.22,300,2021-11-12 20:00:00,VRRM
16.23,16.23,16.225,16.23,818,2021-11-12 20:01:00,VRRM
16.225,16.225,16.225,16.225,100,2021-11-12 20:02:00,VRRM
16.23,16.24,16.23,16.23,2808,2021-11-12 20:04:00,VRRM
16.231,16.231,16.23,16.23,200,2021-11-12 20:05:00,VRRM
16.23,16.23,16.23,16.23,100,2021-11-12 20:07:00,VRRM
16.23,16.23,16.22,16.22,1700,2021-11-12 20:08:00,VRRM
16.22,16.22,16.22,16.22,100,2021-11-12 20:09:00,VRRM
16.22,16.24,16.22,16.23,1300,2021-11-12 20:10:00,VRRM
16.23,16.23,16.225,16.23,500,2021-11-12 20:11:00,VRRM
16.23,16.23,16.22,16.22,800,2021-11-12 20:12:00,VRRM
16.23,16.23,16.23,16.23,300,2021-11-12 20:13:00,VRRM
16.235,16.24,16.23,16.23,1000,2021-11-12 20:14:00,VRRM
16.23,16.232,16.23,16.232,928,2021-11-12 20:15:00,VRRM
16.235,16.235,16.235,16.235,100,2021-11-12 20:16:00,VRRM
16.24,16.25,16.24,16.24,1991,2021-11-12 20:17:00,VRRM
16.24,16.245,16.24,16.245,300,2021-11-12 20:19:00,VRRM
16.24,16.26,16.24,16.251,3772,2021-11-12 20:20:00,VRRM
16.25,16.25,16.25,16.25,100,2021-11-12 20:21:00,VRRM
16.26,16.26,16.25,16.25,200,2021-11-12 20:22:00,VRRM
16.26,16.27,16.26,16.265,1100,2021-11-12 20:23:00,VRRM
16.27,16.28,16.27,16.279,974,2021-11-12 20:24:00,VRRM
16.28,16.28,16.27,16.28,618,2021-11-12 20:25:00,VRRM
16.27,16.27,16.25,16.25,615,2021-11-12 20:26:00,VRRM
16.25,16.25,16.25,16.25,200,2021-11-12 20:27:00,VRRM
16.25,16.25,16.25,16.25,100,2021-11-12 20:28:00,VRRM
16.27,16.27,16.26,16.26,735,2021-11-12 20:29:00,VRRM
16.26,16.26,16.26,16.26,100,2021-11-12 20:30:00,VRRM
16.26,16.27,16.26,16.265,700,2021-11-12 20:31:00,VRRM
16.265,16.27,16.261,16.261,300,2021-11-12 20:32:00,VRRM
16.26,16.29,16.26,16.281,2290,2021-11-12 20:33:00,VRRM
16.285,16.285,16.26,16.265,1600,2021-11-12 20:34:00,VRRM
16.27,16.28,16.27,16.28,609,2021-11-12 20:35:00,VRRM
16.27,16.28,16.27,16.27,1000,2021-11-12 20:36:00,VRRM
16.265,16.265,16.2501,16.2501,1003,2021-11-12 20:38:00,VRRM
16.265,16.265,16.24,16.24,1436,2021-11-12 20:41:00,VRRM
16.24,16.24,16.231,16.231,754,2021-11-12 20:42:00,VRRM
16.23,16.2301,16.22,16.22,843,2021-11-12 20:43:00,VRRM
16.21,16.215,16.21,16.21,1727,2021-11-12 20:44:00,VRRM
16.22,16.22,16.2,16.205,1093,2021-11-12 20:45:00,VRRM
16.205,16.205,16.205,16.205,138,2021-11-12 20:46:00,VRRM
16.21,16.21,16.21,16.21,200,2021-11-12 20:47:00,VRRM
16.205,16.205,16.1901,16.195,1349,2021-11-12 20:48:00,VRRM
16.21,16.21,16.19,16.19,1532,2021-11-12 20:49:00,VRRM
16.21,16.23,16.2,16.23,2736,2021-11-12 20:50:00,VRRM
16.22,16.23,16.2101,16.22,1360,2021-11-12 20:51:00,VRRM
16.22,16.23,16.2,16.2,2070,2021-11-12 20:52:00,VRRM
16.2,16.21,16.195,16.205,1261,2021-11-12 20:53:00,VRRM
16.201,16.205,16.191,16.195,2168,2021-11-12 20:54:00,VRRM
16.2,16.21,16.19,16.21,949,2021-11-12 20:55:00,VRRM
16.2,16.2,16.17,16.19,3425,2021-11-12 20:56:00,VRRM
16.185,16.19,16.18,16.181,1336,2021-11-12 20:57:00,VRRM
16.19,16.19,16.18,16.18,1252,2021-11-12 20:58:00,VRRM
16.19,16.21,16.18,16.18,6043,2021-11-12 20:59:00,VRRM
16.2,16.2,16.2,16.2,58070,2021-11-12 21:00:00,VRRM
16.2,16.2,16.2,16.2,1077,2021-11-12 21:01:00,VRRM
16.2,16.2,16.2,16.2,418,2021-11-12 22:42:00,VRRM
16.25,16.25,16.25,16.25,3569,2021-11-15 14:30:00,VRRM
16.23,16.25,16.23,16.25,4086,2021-11-15 14:37:00,VRRM
16.25,16.28,16.21,16.21,6304,2021-11-15 14:38:00,VRRM
16.205,16.275,16.205,16.275,2622,2021-11-15 14:41:00,VRRM
16.275,16.275,16.275,16.275,2400,2021-11-15 14:42:00,VRRM
16.275,16.275,16.275,16.275,200,2021-11-15 14:43:00,VRRM
16.275,16.31,16.275,16.31,400,2021-11-15 14:45:00,VRRM
16.275,16.31,16.275,16.28,3163,2021-11-15 14:46:00,VRRM
16.28,16.28,16.24,16.24,558,2021-11-15 14:49:00,VRRM
16.225,16.225,16.225,16.225,100,2021-11-15 14:50:00,VRRM
16.23,16.24,16.23,16.24,332,2021-11-15 14:53:00,VRRM
16.26,16.26,16.255,16.255,1300,2021-11-15 14:55:00,VRRM
16.28,16.31,16.28,16.28,67550,2021-11-15 14:58:00,VRRM
16.27,16.28,16.26,16.27,4158,2021-11-15 14:59:00,VRRM
16.27,16.275,16.27,16.275,700,2021-11-15 15:00:00,VRRM
16.29,16.31,16.29,16.31,613,2021-11-15 15:01:00,VRRM
16.31,16.33,16.31,16.33,437,2021-11-15 15:02:00,VRRM
16.33,16.39,16.33,16.39,1303,2021-11-15 15:06:00,VRRM
16.37,16.375,16.37,16.375,400,2021-11-15 15:07:00,VRRM
16.36,16.37,16.35,16.36,1126,2021-11-15 15:08:00,VRRM
16.35,16.35,16.35,16.35,300,2021-11-15 15:09:00,VRRM
16.35,16.35,16.35,16.35,200,2021-11-15 15:10:00,VRRM
16.36,16.36,16.31,16.315,2630,2021-11-15 15:13:00,VRRM
16.3,16.3,16.3,16.3,200,2021-11-15 15:14:00,VRRM
16.285,16.31,16.285,16.31,1194,2021-11-15 15:16:00,VRRM
16.31,16.32,16.31,16.32,337,2021-11-15 15:19:00,VRRM
16.33,16.33,16.32,16.32,300,2021-11-15 15:22:00,VRRM
16.315,16.32,16.28,16.295,7819,2021-11-15 15:24:00,VRRM
16.27,16.29,16.27,16.275,1000,2021-11-15 15:28:00,VRRM
16.275,16.275,16.275,16.275,200,2021-11-15 15:29:00,VRRM
16.275,16.275,16.27,16.27,498,2021-11-15 15:30:00,VRRM
16.27,16.27,16.27,16.27,1000,2021-11-15 15:31:00,VRRM
16.275,16.28,16.26,16.265,1000,2021-11-15 15:32:00,VRRM
16.27,16.27,16.27,16.27,604,2021-11-15 15:33:00,VRRM
16.2798,16.2798,16.2798,16.2798,160,2021-11-15 15:35:00,VRRM
16.261,16.27,16.261,16.27,300,2021-11-15 15:36:00,VRRM
16.27,16.27,16.27,16.27,100,2021-11-15 15:41:00,VRRM
16.26,16.265,16.26,16.26,1138,2021-11-15 15:42:00,VRRM
16.26,16.27,16.255,16.26,1100,2021-11-15 15:44:00,VRRM
16.26,16.28,16.26,16.28,1643,2021-11-15 15:46:00,VRRM
16.285,16.285,16.285,16.285,100,2021-11-15 15:49:00,VRRM
16.3,16.305,16.3,16.3,1122,2021-11-15 15:51:00,VRRM
16.305,16.305,16.305,16.305,500,2021-11-15 15:52:00,VRRM
16.298,16.298,16.295,16.295,200,2021-11-15 15:54:00,VRRM
16.29,16.3,16.29,16.3,708,2021-11-15 15:55:00,VRRM
16.29,16.29,16.285,16.285,200,2021-11-15 15:57:00,VRRM
16.29,16.3,16.275,16.275,6300,2021-11-15 15:59:00,VRRM
16.275,16.275,16.275,16.275,100,2021-11-15 16:00:00,VRRM
16.275,16.275,16.275,16.275,107,2021-11-15 16:05:00,VRRM
16.28,16.29,16.28,16.28,500,2021-11-15 16:08:00,VRRM
16.3,16.3,16.3,16.3,100,2021-11-15 16:09:00,VRRM
16.3,16.3,16.3,16.3,100,2021-11-15 16:10:00,VRRM
16.29,16.29,16.29,16.29,100,2021-11-15 16:11:00,VRRM
16.29,16.29,16.281,16.285,1100,2021-11-15 16:12:00,VRRM
16.289,16.289,16.27,16.275,1407,2021-11-15 16:15:00,VRRM
16.275,16.28,16.275,16.28,200,2021-11-15 16:16:00,VRRM
16.275,16.275,16.275,16.275,200,2021-11-15 16:17:00,VRRM
16.275,16.275,16.275,16.275,500,2021-11-15 16:18:00,VRRM
16.275,16.275,16.275,16.275,100,2021-11-15 16:19:00,VRRM
16.27,16.27,16.26,16.26,1493,2021-11-15 16:20:00,VRRM
16.265,16.265,16.265,16.265,400,2021-11-15 16:21:00,VRRM
16.27,16.27,16.25,16.26,1904,2021-11-15 16:22:00,VRRM
16.258,16.258,16.258,16.258,300,2021-11-15 16:23:00,VRRM
16.25,16.25,16.25,16.25,498,2021-11-15 16:26:00,VRRM
16.27,16.27,16.26,16.26,200,2021-11-15 16:28:00,VRRM
16.2629,16.27,16.26,16.27,816,2021-11-15 16:32:00,VRRM
16.27,16.27,16.27,16.27,100,2021-11-15 16:33:00,VRRM
16.27,16.28,16.27,16.28,1033,2021-11-15 16:34:00,VRRM
16.27,16.275,16.27,16.275,500,2021-11-15 16:35:00,VRRM
16.275,16.29,16.275,16.29,501,2021-11-15 16:36:00,VRRM
16.28,16.287,16.28,16.287,402,2021-11-15 16:37:00,VRRM
16.285,16.285,16.285,16.285,100,2021-11-15 16:38:00,VRRM
16.29,16.29,16.29,16.29,1300,2021-11-15 16:39:00,VRRM
16.28,16.285,16.27,16.28,1900,2021-11-15 16:41:00,VRRM
16.26,16.26,16.22,16.23,1461,2021-11-15 16:44:00,VRRM
16.215,16.215,16.215,16.215,100,2021-11-15 16:45:00,VRRM
16.25,16.25,16.25,16.25,100,2021-11-15 16:46:00,VRRM
16.235,16.235,16.235,16.235,200,2021-11-15 16:47:00,VRRM
16.25,16.25,16.25,16.25,5200,2021-11-15 16:48:00,VRRM
16.25,16.25,16.25,16.25,174,2021-11-15 16:49:00,VRRM
16.25,16.265,16.25,16.265,1700,2021-11-15 16:50:00,VRRM
16.26,16.26,16.26,16.26,900,2021-11-15 16:51:00,VRRM
16.25,16.26,16.25,16.26,200,2021-11-15 16:52:00,VRRM
16.255,16.27,16.255,16.27,15900,2021-11-15 16:53:00,VRRM
16.27,16.3,16.27,16.3,400,2021-11-15 16:54:00,VRRM
16.27,16.28,16.27,16.28,400,2021-11-15 16:55:00,VRRM
16.29,16.29,16.29,16.29,100,2021-11-15 16:56:00,VRRM
16.275,16.29,16.275,16.29,500,2021-11-15 16:57:00,VRRM
16.29,16.315,16.29,16.315,6374,2021-11-15 16:58:00,VRRM
16.315,16.36,16.315,16.36,600,2021-11-15 16:59:00,VRRM
16.36,16.36,16.36,16.36,200,2021-11-15 17:00:00,VRRM
16.35,16.37,16.34,16.36,7700,2021-11-15 17:01:00,VRRM
16.36,16.39,16.32,16.325,2991,2021-11-15 17:02:00,VRRM
16.33,16.33,16.33,16.33,100,2021-11-15 17:03:00,VRRM
16.32,16.35,16.32,16.34,9295,2021-11-15 17:04:00,VRRM
16.36,16.37,16.34,16.36,3335,2021-11-15 17:05:00,VRRM
16.35,16.36,16.35,16.36,300,2021-11-15 17:06:00,VRRM
16.37,16.38,16.37,16.37,438,2021-11-15 17:07:00,VRRM
16.39,16.4,16.37,16.37,5388,2021-11-15 17:08:00,VRRM
16.37,16.38,16.37,16.37,1572,2021-11-15 17:09:00,VRRM
16.37,16.39,16.365,16.365,500,2021-11-15 17:10:00,VRRM
16.37,16.39,16.37,16.37,902,2021-11-15 17:11:00,VRRM
16.39,16.39,16.38,16.39,800,2021-11-15 17:13:00,VRRM
16.41,16.41,16.41,16.41,100,2021-11-15 17:14:00,VRRM
16.4,16.41,16.4,16.41,201,2021-11-15 17:15:00,VRRM
16.42,16.42,16.4,16.4,400,2021-11-15 17:16:00,VRRM
16.41,16.43,16.41,16.43,1615,2021-11-15 17:19:00,VRRM
16.42,16.44,16.42,16.44,2126,2021-11-15 17:20:00,VRRM
16.44,16.44,16.44,16.44,100,2021-11-15 17:21:00,VRRM
16.44,16.44,16.42,16.42,1200,2021-11-15 17:22:00,VRRM
16.419,16.43,16.419,16.42,2062,2021-11-15 17:23:00,VRRM
16.43,16.44,16.42,16.43,1000,2021-11-15 17:25:00,VRRM
16.44,16.44,16.44,16.44,200,2021-11-15 17:26:00,VRRM
16.43,16.45,16.39,16.4,3821,2021-11-15 17:27:00,VRRM
16.41,16.41,16.4,16.4,200,2021-11-15 17:28:00,VRRM
16.42,16.425,16.42,16.425,1976,2021-11-15 17:30:00,VRRM
16.4288,16.4288,16.41,16.41,1082,2021-11-15 17:31:00,VRRM
16.43,16.43,16.43,16.43,100,2021-11-15 17:32:00,VRRM
16.41,16.43,16.41,16.43,750,2021-11-15 17:33:00,VRRM
16.44,16.44,16.42,16.42,500,2021-11-15 17:34:00,VRRM
16.43,16.44,16.42,16.42,3146,2021-11-15 17:35:00,VRRM
16.43,16.4406,16.43,16.43,4000,2021-11-15 17:38:00,VRRM
16.45,16.45,16.44,16.45,300,2021-11-15 17:40:00,VRRM
16.45,16.45,16.45,16.45,100,2021-11-15 17:41:00,VRRM
16.45,16.45,16.44,16.45,300,2021-11-15 17:42:00,VRRM
16.455,16.47,16.45,16.46,3000,2021-11-15 17:43:00,VRRM
16.47,16.48,16.46,16.47,7299,2021-11-15 17:44:00,VRRM
16.48,16.53,16.473,16.49,24524,2021-11-15 17:45:00,VRRM
16.52,16.52,16.48,16.52,400,2021-11-15 17:46:00,VRRM
16.5,16.5,16.5,16.5,100,2021-11-15 17:47:00,VRRM
16.49,16.52,16.49,16.52,300,2021-11-15 17:48:00,VRRM
16.52,16.52,16.52,16.52,100,2021-11-15 17:49:00,VRRM
16.52,16.52,16.37,16.37,5892,2021-11-15 17:50:00,VRRM
16.41,16.46,16.41,16.46,1682,2021-11-15 17:51:00,VRRM
16.45,16.455,16.44,16.455,712,2021-11-15 17:52:00,VRRM
16.48,16.48,16.48,16.48,300,2021-11-15 17:53:00,VRRM
16.49,16.49,16.4799,16.49,623,2021-11-15 17:55:00,VRRM
16.46,16.49,16.44,16.45,5227,2021-11-15 17:56:00,VRRM
16.45,16.45,16.45,16.45,1600,2021-11-15 17:57:00,VRRM
16.45,16.45,16.45,16.45,1400,2021-11-15 17:58:00,VRRM
16.455,16.47,16.42,16.42,15688,2021-11-15 17:59:00,VRRM
16.41,16.41,16.39,16.4,1352,2021-11-15 18:00:00,VRRM
16.4,16.4075,16.4,16.4075,654,2021-11-15 18:01:00,VRRM
16.41,16.415,16.41,16.415,1324,2021-11-15 18:02:00,VRRM
16.415,16.415,16.415,16.415,100,2021-11-15 18:03:00,VRRM
16.415,16.42,16.415,16.42,300,2021-11-15 18:04:00,VRRM
16.415,16.42,16.415,16.42,500,2021-11-15 18:05:00,VRRM
16.415,16.42,16.41,16.41,1067,2021-11-15 18:06:00,VRRM
16.415,16.42,16.415,16.42,400,2021-11-15 18:07:00,VRRM
16.415,16.42,16.415,16.42,200,2021-11-15 18:08:00,VRRM
16.41,16.42,16.41,16.41,3300,2021-11-15 18:09:00,VRRM
16.41,16.41,16.4,16.4,53311,2021-11-15 18:11:00,VRRM
16.405,16.415,16.405,16.415,1293,2021-11-15 18:12:00,VRRM
16.41,16.415,16.41,16.415,200,2021-11-15 18:13:00,VRRM
16.415,16.42,16.415,16.42,200,2021-11-15 18:14:00,VRRM
16.415,16.42,16.4,16.4,3259,2021-11-15 18:15:00,VRRM
16.41,16.41,16.39,16.39,2745,2021-11-15 18:17:00,VRRM
16.39,16.39,16.39,16.39,446,2021-11-15 18:18:00,VRRM
16.39,16.4,16.39,16.39,2170,2021-11-15 18:19:00,VRRM
16.4,16.4,16.4,16.4,100,2021-11-15 18:20:00,VRRM
16.4,16.4,16.4,16.4,200,2021-11-15 18:21:00,VRRM
16.4,16.4,16.4,16.4,680,2021-11-15 18:22:00,VRRM
16.41,16.41,16.4,16.4,200,2021-11-15 18:23:00,VRRM
16.4,16.4,16.4,16.4,100,2021-11-15 18:24:00,VRRM
16.4,16.4,16.4,16.4,200,2021-11-15 18:25:00,VRRM
16.4,16.4,16.4,16.4,100,2021-11-15 18:26:00,VRRM
16.4,16.4,16.38,16.38,4196,2021-11-15 18:27:00,VRRM
16.4,16.4,16.39,16.4,1410,2021-11-15 18:28:00,VRRM
16.4,16.4,16.4,16.4,200,2021-11-15 18:29:00,VRRM
16.39,16.4,16.39,16.4,3402,2021-11-15 18:30:00,VRRM
16.4,16.4,16.4,16.4,200,2021-11-15 18:31:00,VRRM
16.395,16.4,16.36,16.37,4830,2021-11-15 18:32:00,VRRM
16.37,16.3799,16.37,16.3799,1200,2021-11-15 18:33:00,VRRM
16.37,16.38,16.37,16.38,315,2021-11-15 18:34:00,VRRM
16.38,16.38,16.38,16.38,100,2021-11-15 18:35:00,VRRM
16.38,16.38,16.38,16.38,200,2021-11-15 18:36:00,VRRM
16.38,16.38,16.34,16.34,29000,2021-11-15 18:38:00,VRRM
16.34,16.34,16.34,16.34,300,2021-11-15 18:39:00,VRRM
16.34,16.35,16.34,16.34,1200,2021-11-15 18:40:00,VRRM
16.34,16.36,16.33,16.35,11184,2021-11-15 18:41:00,VRRM
16.355,16.355,16.355,16.355,200,2021-11-15 18:42:00,VRRM
16.355,16.37,16.355,16.37,1303,2021-11-15 18:43:00,VRRM
16.37,16.37,16.37,16.37,395,2021-11-15 18:44:00,VRRM
16.38,16.38,16.38,16.38,300,2021-11-15 18:45:00,VRRM
16.375,16.38,16.375,16.38,200,2021-11-15 18:46:00,VRRM
16.38,16.38,16.38,16.38,100,2021-11-15 18:47:00,VRRM
16.38,16.38,16.38,16.38,100,2021-11-15 18:48:00,VRRM
16.38,16.38,16.38,16.38,200,2021-11-15 18:49:00,VRRM
16.375,16.38,16.355,16.355,3000,2021-11-15 18:50:00,VRRM
16.36,16.37,16.36,16.37,1100,2021-11-15 18:51:00,VRRM
16.36,16.37,16.355,16.355,1100,2021-11-15 18:53:00,VRRM
16.355,16.355,16.355,16.355,100,2021-11-15 18:54:00,VRRM
16.355,16.36,16.355,16.36,200,2021-11-15 18:55:00,VRRM
16.352,16.36,16.352,16.355,450,2021-11-15 18:57:00,VRRM
16.36,16.36,16.355,16.355,200,2021-11-15 18:58:00,VRRM
16.355,16.36,16.355,16.36,899,2021-11-15 18:59:00,VRRM
16.355,16.36,16.35,16.36,3404,2021-11-15 19:00:00,VRRM
16.35,16.35,16.35,16.35,100,2021-11-15 19:03:00,VRRM
16.35,16.35,16.345,16.35,300,2021-11-15 19:04:00,VRRM
16.35,16.36,16.35,16.355,1900,2021-11-15 19:05:00,VRRM
16.355,16.36,16.355,16.36,400,2021-11-15 19:06:00,VRRM
16.355,16.36,16.35,16.355,3000,2021-11-15 19:07:00,VRRM
16.36,16.36,16.36,16.36,1800,2021-11-15 19:10:00,VRRM
16.355,16.355,16.355,16.355,100,2021-11-15 19:11:00,VRRM
16.35,16.36,16.35,16.355,2000,2021-11-15 19:12:00,VRRM
16.355,16.355,16.355,16.355,100,2021-11-15 19:13:00,VRRM
16.36,16.36,16.36,16.36,100,2021-11-15 19:14:00,VRRM
16.36,16.36,16.355,16.355,300,2021-11-15 19:15:00,VRRM
16.36,16.36,16.35,16.355,400,2021-11-15 19:16:00,VRRM
16.36,16.36,16.35,16.36,600,2021-11-15 19:17:00,VRRM
16.36,16.36,16.355,16.36,2181,2021-11-15 19:18:00,VRRM
16.36,16.38,16.36,16.38,1900,2021-11-15 19:19:00,VRRM
16.38,16.38,16.37,16.37,300,2021-11-15 19:20:00,VRRM
16.38,16.38,16.38,16.38,384,2021-11-15 19:21:00,VRRM
16.38,16.4,16.38,16.38,1719,2021-11-15 19:22:00,VRRM
16.385,16.385,16.385,16.385,300,2021-11-15 19:23:00,VRRM
16.39,16.39,16.39,16.39,600,2021-11-15 19:24:00,VRRM
16.39,16.4,16.39,16.4,200,2021-11-15 19:25:00,VRRM
16.385,16.39,16.385,16.39,900,2021-11-15 19:26:00,VRRM
16.39,16.39,16.39,16.39,100,2021-11-15 19:27:00,VRRM
16.4,16.4,16.4,16.4,300,2021-11-15 19:28:00,VRRM
16.4,16.4,16.4,16.4,200,2021-11-15 19:29:00,VRRM
16.4,16.4,16.4,16.4,100,2021-11-15 19:30:00,VRRM
16.4,16.4,16.395,16.4,500,2021-11-15 19:31:00,VRRM
16.4,16.405,16.4,16.405,1100,2021-11-15 19:32:00,VRRM
16.41,16.41,16.405,16.405,300,2021-11-15 19:34:00,VRRM
16.41,16.41,16.41,16.41,578,2021-11-15 19:35:00,VRRM
16.41,16.42,16.41,16.42,300,2021-11-15 19:37:00,VRRM
16.42,16.42,16.42,16.42,1000,2021-11-15 19:38:00,VRRM
16.42,16.43,16.42,16.43,300,2021-11-15 19:39:00,VRRM
16.42,16.43,16.415,16.42,2491,2021-11-15 19:40:00,VRRM
16.42,16.43,16.4,16.4,3000,2021-11-15 19:41:00,VRRM
16.41,16.41,16.4,16.4,3000,2021-11-15 19:42:00,VRRM
16.41,16.42,16.4,16.42,1100,2021-11-15 19:44:00,VRRM
16.41,16.42,16.41,16.42,200,2021-11-15 19:45:00,VRRM
16.41,16.42,16.41,16.41,2000,2021-11-15 19:46:00,VRRM
16.41,16.41,16.385,16.385,1600,2021-11-15 19:47:00,VRRM
16.39,16.39,16.39,16.39,100,2021-11-15 19:48:00,VRRM
16.39,16.39,16.39,16.39,109,2021-11-15 19:49:00,VRRM
16.39,16.4,16.38,16.38,3699,2021-11-15 19:50:00,VRRM
16.39,16.4,16.38,16.38,400,2021-11-15 19:51:00,VRRM
16.4,16.4,16.39,16.39,2400,2021-11-15 19:52:00,VRRM
16.39,16.39,16.39,16.39,900,2021-11-15 19:53:00,VRRM
16.385,16.39,16.385,16.39,1200,2021-11-15 19:54:00,VRRM
16.4,16.405,16.39,16.405,2410,2021-11-15 19:55:00,VRRM
16.42,16.42,16.41,16.41,300,2021-11-15 19:57:00,VRRM
16.41,16.41,16.41,16.41,400,2021-11-15 19:58:00,VRRM
16.42,16.43,16.42,16.43,294,2021-11-15 19:59:00,VRRM
16.43,16.43,16.42,16.43,1671,2021-11-15 20:00:00,VRRM
16.42,16.43,16.42,16.425,1500,2021-11-15 20:01:00,VRRM
16.43,16.43,16.42,16.43,800,2021-11-15 20:02:00,VRRM
16.43,16.43,16.41,16.41,3828,2021-11-15 20:03:00,VRRM
16.41,16.42,16.41,16.41,3200,2021-11-15 20:04:00,VRRM
16.41,16.415,16.41,16.41,1700,2021-11-15 20:05:00,VRRM
16.42,16.42,16.42,16.42,300,2021-11-15 20:06:00,VRRM
16.43,16.43,16.42,16.43,300,2021-11-15 20:07:00,VRRM
16.43,16.43,16.43,16.43,200,2021-11-15 20:08:00,VRRM
16.42,16.42,16.42,16.42,200,2021-11-15 20:09:00,VRRM
16.43,16.43,16.41,16.43,600,2021-11-15 20:10:00,VRRM
16.41,16.43,16.37,16.4,2903,2021-11-15 20:11:00,VRRM
16.41,16.41,16.41,16.41,200,2021-11-15 20:12:00,VRRM
16.4,16.405,16.4,16.405,200,2021-11-15 20:13:00,VRRM
16.41,16.42,16.41,16.42,1797,2021-11-15 20:14:00,VRRM
16.42,16.43,16.42,16.42,2300,2021-11-15 20:15:00,VRRM
16.42,16.43,16.42,16.43,1500,2021-11-15 20:16:00,VRRM
16.42,16.47,16.42,16.45,8747,2021-11-15 20:17:00,VRRM
16.45,16.46,16.45,16.45,500,2021-11-15 20:18:00,VRRM
16.43,16.44,16.42,16.42,1000,2021-11-15 20:19:00,VRRM
16.41,16.42,16.41,16.42,200,2021-11-15 20:20:00,VRRM
16.4231,16.4231,16.41,16.41,504,2021-11-15 20:21:00,VRRM
16.41,16.43,16.41,16.42,2200,2021-11-15 20:22:00,VRRM
16.42,16.43,16.42,16.43,2291,2021-11-15 20:23:00,VRRM
16.43,16.44,16.41,16.425,2220,2021-11-15 20:24:00,VRRM
16.41,16.44,16.4,16.41,1600,2021-11-15 20:25:00,VRRM
16.39,16.39,16.39,16.39,400,2021-11-15 20:26:00,VRRM
16.39,16.42,16.36,16.37,3045,2021-11-15 20:27:00,VRRM
16.36,16.36,16.36,16.36,100,2021-11-15 20:28:00,VRRM
16.36,16.36,16.36,16.36,500,2021-11-15 20:29:00,VRRM
16.36,16.39,16.36,16.39,800,2021-11-15 20:30:00,VRRM
16.36,16.39,16.33,16.33,4208,2021-11-15 20:31:00,VRRM
16.33,16.35,16.33,16.35,975,2021-11-15 20:32:00,VRRM
16.36,16.36,16.36,16.36,300,2021-11-15 20:33:00,VRRM
16.37,16.38,16.35,16.38,1500,2021-11-15 20:34:00,VRRM
16.365,16.38,16.365,16.365,1000,2021-11-15 20:35:00,VRRM
16.365,16.38,16.365,16.38,800,2021-11-15 20:36:00,VRRM
16.35,16.38,16.35,16.365,2800,2021-11-15 20:37:00,VRRM
16.365,16.365,16.35,16.35,500,2021-11-15 20:38:00,VRRM
16.36,16.37,16.35,16.37,1389,2021-11-15 20:39:00,VRRM
16.35,16.37,16.34,16.34,2500,2021-11-15 20:40:00,VRRM
16.345,16.35,16.345,16.345,400,2021-11-15 20:41:00,VRRM
16.35,16.35,16.35,16.35,3655,2021-11-15 20:42:00,VRRM
16.345,16.35,16.345,16.35,1000,2021-11-15 20:43:00,VRRM
16.345,16.35,16.345,16.345,1365,2021-11-15 20:44:00,VRRM
16.345,16.35,16.345,16.35,1631,2021-11-15 20:45:00,VRRM
16.35,16.35,16.34,16.34,1546,2021-11-15 20:46:00,VRRM
16.345,16.35,16.31,16.33,7096,2021-11-15 20:47:00,VRRM
16.33,16.33,16.31,16.31,300,2021-11-15 20:48:00,VRRM
16.33,16.33,16.33,16.33,600,2021-11-15 20:49:00,VRRM
16.33,16.34,16.33,16.34,1316,2021-11-15 20:50:00,VRRM
16.33,16.34,16.33,16.34,2600,2021-11-15 20:51:00,VRRM
16.34,16.34,16.33,16.34,1191,2021-11-15 20:52:00,VRRM
16.34,16.34,16.335,16.34,1790,2021-11-15 20:53:00,VRRM
16.3399,16.35,16.33,16.35,3796,2021-11-15 20:54:00,VRRM
16.35,16.35,16.31,16.33,8499,2021-11-15 20:55:00,VRRM
16.31,16.33,16.29,16.3,9820,2021-11-15 20:56:00,VRRM
16.295,16.305,16.29,16.2999,3559,2021-11-15 20:57:00,VRRM
16.295,16.3,16.295,16.3,9071,2021-11-15 20:58:00,VRRM
16.3,16.305,16.29,16.3,15029,2021-11-15 20:59:00,VRRM
16.29,16.29,16.29,16.29,58351,2021-11-15 21:00:00,VRRM
16.29,16.3,16.29,16.29,12607,2021-11-15 21:01:00,VRRM
16.26,16.64,16.26,16.64,3934,2021-11-16 14:30:00,VRRM
16.255,16.26,16.14,16.14,3363,2021-11-16 14:33:00,VRRM
16.24,16.24,16.24,16.24,100,2021-11-16 14:34:00,VRRM
16.22,16.22,16.22,16.22,100,2021-11-16 14:35:00,VRRM
16.26,16.26,16.26,16.26,100,2021-11-16 14:38:00,VRRM
16.19,16.23,16.18,16.23,300,2021-11-16 14:47:00,VRRM
16.24,16.3,16.24,16.3,2500,2021-11-16 14:48:00,VRRM
16.3,16.33,16.29,16.33,900,2021-11-16 14:50:00,VRRM
16.35,16.35,16.32,16.35,832,2021-11-16 14:51:00,VRRM
16.32,16.37,16.32,16.37,255,2021-11-16 14:52:00,VRRM
16.34,16.4,16.31,16.35,2406,2021-11-16 14:53:00,VRRM
16.375,16.375,16.375,16.375,500,2021-11-16 14:54:00,VRRM
16.36,16.43,16.36,16.43,8094,2021-11-16 14:55:00,VRRM
16.43,16.43,16.3802,16.3802,3643,2021-11-16 14:56:00,VRRM
16.39,16.39,16.37,16.37,800,2021-11-16 14:57:00,VRRM
16.38,16.39,16.33,16.37,6212,2021-11-16 14:58:00,VRRM
16.355,16.355,16.355,16.355,200,2021-11-16 14:59:00,VRRM
16.38,16.38,16.38,16.38,100,2021-11-16 15:01:00,VRRM
16.39,16.39,16.38,16.38,400,2021-11-16 15:03:00,VRRM
16.4,16.4,16.39,16.39,600,2021-11-16 15:04:00,VRRM
16.39,16.39,16.36,16.38,1227,2021-11-16 15:05:00,VRRM
16.37,16.37,16.37,16.37,127,2021-11-16 15:06:00,VRRM
16.37,16.37,16.35,16.35,1062,2021-11-16 15:07:00,VRRM
16.36,16.36,16.36,16.36,100,2021-11-16 15:08:00,VRRM
16.37,16.37,16.35,16.35,1231,2021-11-16 15:09:00,VRRM
16.36,16.36,16.36,16.36,500,2021-11-16 15:10:00,VRRM
16.35,16.37,16.35,16.37,1467,2021-11-16 15:11:00,VRRM
16.35,16.35,16.34,16.35,533,2021-11-16 15:12:00,VRRM
16.34,16.34,16.34,16.34,206,2021-11-16 15:13:00,VRRM
16.39,16.39,16.39,16.39,200,2021-11-16 15:15:00,VRRM
16.36,16.36,16.35,16.35,653,2021-11-16 15:17:00,VRRM
16.36,16.36,16.36,16.36,100,2021-11-16 15:18:00,VRRM
16.36,16.36,16.35,16.35,1500,2021-11-16 15:19:00,VRRM
16.35,16.35,16.35,16.35,2600,2021-11-16 15:20:00,VRRM
16.35,16.38,16.35,16.38,1400,2021-11-16 15:21:00,VRRM
16.39,16.39,16.38,16.38,358,2021-11-16 15:22:00,VRRM
16.36,16.36,16.35,16.35,1140,2021-11-16 15:23:00,VRRM
16.36,16.37,16.36,16.37,1249,2021-11-16 15:24:00,VRRM
16.37,16.37,16.37,16.37,300,2021-11-16 15:25:00,VRRM
16.39,16.4,16.38,16.4,9172,2021-11-16 15:26:00,VRRM
16.39,16.4125,16.39,16.39,1400,2021-11-16 15:27:00,VRRM
16.39,16.39,16.37,16.39,1400,2021-11-16 15:28:00,VRRM
16.39,16.39,16.369,16.37,1603,2021-11-16 15:29:00,VRRM
16.38,16.4,16.38,16.385,700,2021-11-16 15:30:00,VRRM
16.385,16.385,16.36,16.38,631,2021-11-16 15:31:00,VRRM
16.38,16.38,16.38,16.38,200,2021-11-16 15:32:00,VRRM
16.37,16.38,16.36,16.38,2105,2021-11-16 15:33:00,VRRM
16.39,16.39,16.38,16.38,726,2021-11-16 15:34:00,VRRM
16.4,16.42,16.39,16.42,2156,2021-11-16 15:36:00,VRRM
16.4,16.4,16.39,16.39,1326,2021-11-16 15:37:00,VRRM
16.39,16.39,16.38,16.38,1000,2021-11-16 15:38:00,VRRM
16.38,16.39,16.38,16.39,300,2021-11-16 15:39:00,VRRM
16.39,16.39,16.39,16.39,900,2021-11-16 15:40:00,VRRM
16.39,16.4,16.39,16.4,200,2021-11-16 15:41:00,VRRM
16.37,16.37,16.365,16.365,448,2021-11-16 15:43:00,VRRM
16.36,16.375,16.36,16.375,240,2021-11-16 15:44:00,VRRM
16.36,16.36,16.36,16.36,344,2021-11-16 15:45:00,VRRM
16.37,16.37,16.37,16.37,100,2021-11-16 15:46:00,VRRM
16.37,16.37,16.37,16.37,100,2021-11-16 15:47:00,VRRM
16.35,16.35,16.35,16.35,154,2021-11-16 15:48:00,VRRM
16.35,16.35,16.32,16.32,1070,2021-11-16 15:49:00,VRRM
16.33,16.33,16.33,16.33,100,2021-11-16 15:50:00,VRRM
16.33,16.35,16.33,16.34,1112,2021-11-16 15:51:00,VRRM
16.3415,16.38,16.33,16.37,2752,2021-11-16 15:52:00,VRRM
16.37,16.37,16.34,16.34,2100,2021-11-16 15:53:00,VRRM
16.35,16.35,16.35,16.35,200,2021-11-16 15:56:00,VRRM
16.35,16.35,16.3,16.3,200,2021-11-16 15:57:00,VRRM
16.325,16.3499,16.32,16.32,1000,2021-11-16 15:58:00,VRRM
16.35,16.35,16.325,16.325,1100,2021-11-16 15:59:00,VRRM
16.325,16.325,16.325,16.325,300,2021-11-16 16:00:00,VRRM
16.325,16.325,16.325,16.325,200,2021-11-16 16:01:00,VRRM
16.31,16.325,16.31,16.325,620,2021-11-16 16:02:00,VRRM
16.31,16.33,16.305,16.32,3513,2021-11-16 16:03:00,VRRM
16.31,16.32,16.3,16.305,2740,2021-11-16 16:04:00,VRRM
16.31,16.31,16.29,16.29,661,2021-11-16 16:06:00,VRRM
16.3,16.31,16.3,16.3,2249,2021-11-16 16:08:00,VRRM
16.31,16.31,16.3,16.305,1081,2021-11-16 16:09:00,VRRM
16.305,16.31,16.3,16.3,1100,2021-11-16 16:10:00,VRRM
16.28,16.29,16.28,16.28,1300,2021-11-16 16:11:00,VRRM
16.28,16.28,16.28,16.28,400,2021-11-16 16:15:00,VRRM
16.28,16.28,16.28,16.28,1800,2021-11-16 16:16:00,VRRM
16.3,16.3,16.29,16.3,1550,2021-11-16 16:17:00,VRRM
16.29,16.3,16.29,16.3,200,2021-11-16 16:18:00,VRRM
16.298,16.298,16.27,16.27,2505,2021-11-16 16:19:00,VRRM
16.27,16.27,16.27,16.27,100,2021-11-16 16:21:00,VRRM
16.27,16.28,16.27,16.28,400,2021-11-16 16:22:00,VRRM
16.28,16.28,16.27,16.27,366,2021-11-16 16:23:00,VRRM
16.265,16.265,16.265,16.265,100,2021-11-16 16:24:00,VRRM
16.265,16.265,16.25,16.25,1730,2021-11-16 16:25:00,VRRM
16.25,16.25,16.23,16.23,2311,2021-11-16 16:27:00,VRRM
16.23,16.23,16.23,16.23,200,2021-11-16 16:28:00,VRRM
16.21,16.22,16.21,16.22,561,2021-11-16 16:29:00,VRRM
16.22,16.225,16.212,16.225,2303,2021-11-16 16:30:00,VRRM
16.23,16.23,16.23,16.23,200,2021-11-16 16:31:00,VRRM
16.23,16.24,16.23,16.24,200,2021-11-16 16:32:00,VRRM
16.25,16.25,16.25,16.25,100,2021-11-16 16:34:00,VRRM
16.25,16.25,16.24,16.24,841,2021-11-16 16:35:00,VRRM
16.245,16.245,16.245,16.245,267,2021-11-16 16:36:00,VRRM
16.245,16.26,16.245,16.26,300,2021-11-16 16:37:00,VRRM
16.24,16.24,16.22,16.22,2301,2021-11-16 16:38:00,VRRM
16.22,16.22,16.21,16.21,600,2021-11-16 16:39:00,VRRM
16.22,16.22,16.201,16.201,2900,2021-11-16 16:40:00,VRRM
16.21,16.21,16.21,16.21,100,2021-11-16 16:41:00,VRRM
16.21,16.21,16.21,16.21,100,2021-11-16 16:42:00,VRRM
16.21,16.21,16.21,16.21,100,2021-11-16 16:45:00,VRRM
16.21,16.22,16.21,16.21,562,2021-11-16 16:46:00,VRRM
16.21,16.22,16.21,16.22,300,2021-11-16 16:47:00,VRRM
16.21,16.21,16.21,16.21,100,2021-11-16 16:48:00,VRRM
16.2,16.21,16.2,16.2,1522,2021-11-16 16:51:00,VRRM
16.2,16.2,16.2,16.2,100,2021-11-16 16:52:00,VRRM
16.19,16.2,16.19,16.19,840,2021-11-16 16:55:00,VRRM
16.21,16.21,16.2,16.2,200,2021-11-16 16:56:00,VRRM
16.21,16.21,16.17,16.19,1766,2021-11-16 16:57:00,VRRM
16.18,16.18,16.18,16.18,100,2021-11-16 16:58:00,VRRM
16.2,16.2,16.19,16.19,500,2021-11-16 16:59:00,VRRM
16.2,16.2,16.2,16.2,1856,2021-11-16 17:00:00,VRRM
16.19,16.2,16.19,16.2,400,2021-11-16 17:03:00,VRRM
16.2,16.2,16.2,16.2,100,2021-11-16 17:05:00,VRRM
16.2,16.2,16.2,16.2,200,2021-11-16 17:06:00,VRRM
16.2,16.21,16.2,16.21,1896,2021-11-16 17:07:00,VRRM
16.21,16.21,16.21,16.21,200,2021-11-16 17:08:00,VRRM
16.2,16.2,16.2,16.2,800,2021-11-16 17:09:00,VRRM
16.21,16.21,16.2,16.2,713,2021-11-16 17:11:00,VRRM
16.2,16.2,16.2,16.2,213,2021-11-16 17:13:00,VRRM
16.2,16.205,16.2,16.2,628,2021-11-16 17:14:00,VRRM
16.21,16.21,16.2,16.2,1000,2021-11-16 17:16:00,VRRM
16.2,16.2,16.2,16.2,400,2021-11-16 17:18:00,VRRM
16.2,16.2,16.18,16.18,1500,2021-11-16 17:20:00,VRRM
16.162,16.162,16.162,16.162,100,2021-11-16 17:21:00,VRRM
16.16,16.16,16.16,16.16,100,2021-11-16 17:22:00,VRRM
16.1668,16.18,16.1668,16.18,1200,2021-11-16 17:23:00,VRRM
16.17,16.17,16.17,16.17,200,2021-11-16 17:24:00,VRRM
16.16,16.16,16.15,16.15,1043,2021-11-16 17:25:00,VRRM
16.17,16.17,16.16,16.16,800,2021-11-16 17:26:00,VRRM
16.16,16.16,16.16,16.16,100,2021-11-16 17:28:00,VRRM
16.15,16.175,16.15,16.175,1200,2021-11-16 17:29:00,VRRM
16.17,16.17,16.16,16.16,900,2021-11-16 17:30:00,VRRM
16.16,16.16,16.16,16.16,400,2021-11-16 17:32:00,VRRM
16.16,16.16,16.16,16.16,902,2021-11-16 17:33:00,VRRM
16.17,16.17,16.17,16.17,100,2021-11-16 17:35:00,VRRM
16.17,16.17,16.165,16.17,1705,2021-11-16 17:36:00,VRRM
16.19,16.19,16.19,16.19,400,2021-11-16 17:38:00,VRRM
16.19,16.19,16.19,16.19,200,2021-11-16 17:39:00,VRRM
16.19,16.19,16.19,16.19,200,2021-11-16 17:40:00,VRRM
16.2,16.2,16.19,16.2,300,2021-11-16 17:41:00,VRRM
16.19,16.2,16.19,16.19,2000,2021-11-16 17:43:00,VRRM
16.19,16.199,16.19,16.199,239,2021-11-16 17:44:00,VRRM
16.19,16.19,16.19,16.19,100,2021-11-16 17:45:00,VRRM
16.2,16.2,16.18,16.18,1400,2021-11-16 17:46:00,VRRM
16.185,16.19,16.185,16.19,200,2021-11-16 17:47:00,VRRM
16.19,16.19,16.19,16.19,200,2021-11-16 17:49:00,VRRM
16.181,16.181,16.181,16.181,100,2021-11-16 17:51:00,VRRM
16.181,16.19,16.181,16.19,200,2021-11-16 17:52:00,VRRM
16.18,16.19,16.18,16.19,1061,2021-11-16 17:53:00,VRRM
16.2,16.2,16.2,16.2,100,2021-11-16 17:54:00,VRRM
16.18,16.18,16.18,16.18,545,2021-11-16 17:55:00,VRRM
16.17,16.17,16.17,16.17,100,2021-11-16 17:58:00,VRRM
16.17,16.17,16.16,16.17,1098,2021-11-16 17:59:00,VRRM
16.17,16.17,16.17,16.17,700,2021-11-16 18:02:00,VRRM
16.18,16.18,16.18,16.18,602,2021-11-16 18:03:00,VRRM
16.185,16.19,16.185,16.19,800,2021-11-16 18:06:00,VRRM
16.195,16.195,16.195,16.195,100,2021-11-16 18:07:00,VRRM
16.195,16.195,16.195,16.195,112,2021-11-16 18:09:00,VRRM
16.2,16.2,16.191,16.2,900,2021-11-16 18:11:00,VRRM
16.2,16.2,16.2,16.2,2123,2021-11-16 18:12:00,VRRM
16.205,16.21,16.2,16.2,4208,2021-11-16 18:13:00,VRRM
16.195,16.195,16.195,16.195,100,2021-11-16 18:15:00,VRRM
16.195,16.195,16.195,16.195,300,2021-11-16 18:16:00,VRRM
16.2,16.2,16.2,16.2,100,2021-11-16 18:17:00,VRRM
16.195,16.195,16.19,16.19,400,2021-11-16 18:18:00,VRRM
16.195,16.195,16.19,16.19,1479,2021-11-16 18:19:00,VRRM
16.17,16.18,16.17,16.18,300,2021-11-16 18:20:00,VRRM
16.18,16.18,16.15,16.16,3400,2021-11-16 18:21:00,VRRM
16.16,16.16,16.16,16.16,122,2021-11-16 18:22:00,VRRM
16.15,16.17,16.15,16.15,539,2021-11-16 18:24:00,VRRM
16.15,16.15,16.13,16.15,4166,2021-11-16 18:25:00,VRRM
16.16,16.17,16.16,16.165,408,2021-11-16 18:27:00,VRRM
16.165,16.18,16.165,16.18,1206,2021-11-16 18:28:00,VRRM
16.19,16.205,16.19,16.205,2372,2021-11-16 18:29:00,VRRM
16.205,16.21,16.205,16.21,500,2021-11-16 18:30:00,VRRM
16.22,16.22,16.22,16.22,850,2021-11-16 18:31:00,VRRM
16.225,16.225,16.21,16.22,3101,2021-11-16 18:32:00,VRRM
16.22,16.22,16.19,16.19,1634,2021-11-16 18:33:00,VRRM
16.18,16.19,16.18,16.19,200,2021-11-16 18:36:00,VRRM
16.18,16.18,16.18,16.18,100,2021-11-16 18:38:00,VRRM
16.181,16.181,16.181,16.181,200,2021-11-16 18:39:00,VRRM
16.18,16.19,16.18,16.18,1500,2021-11-16 18:40:00,VRRM
16.18,16.18,16.175,16.18,2924,2021-11-16 18:41:00,VRRM
16.19,16.19,16.19,16.19,100,2021-11-16 18:43:00,VRRM
16.18,16.19,16.18,16.19,300,2021-11-16 18:44:00,VRRM
16.19,16.191,16.19,16.191,400,2021-11-16 18:45:00,VRRM
16.191,16.191,16.191,16.191,100,2021-11-16 18:46:00,VRRM
16.2,16.2,16.2,16.2,2834,2021-11-16 18:47:00,VRRM
16.2,16.2,16.2,16.2,500,2021-11-16 18:48:00,VRRM
16.2,16.21,16.2,16.21,700,2021-11-16 18:49:00,VRRM
16.2,16.2,16.2,16.2,1200,2021-11-16 18:50:00,VRRM
16.2,16.2,16.2,16.2,1200,2021-11-16 18:51:00,VRRM
16.2,16.21,16.2,16.21,900,2021-11-16 18:52:00,VRRM
16.2,16.2,16.2,16.2,200,2021-11-16 18:53:00,VRRM
16.21,16.21,16.21,16.21,100,2021-11-16 18:54:00,VRRM
16.2,16.2,16.19,16.19,1231,2021-11-16 18:55:00,VRRM
16.195,16.195,16.191,16.191,300,2021-11-16 18:56:00,VRRM
16.195,16.195,16.195,16.195,100,2021-11-16 18:57:00,VRRM
16.19,16.191,16.19,16.191,325,2021-11-16 18:58:00,VRRM
16.195,16.195,16.195,16.195,100,2021-11-16 18:59:00,VRRM
16.2,16.2,16.195,16.2,700,2021-11-16 19:01:00,VRRM
16.2,16.2,16.19,16.19,200,2021-11-16 19:02:00,VRRM
16.19,16.19,16.17,16.17,2000,2021-11-16 19:03:00,VRRM
16.17,16.17,16.15,16.15,1235,2021-11-16 19:04:00,VRRM
16.15,16.15,16.15,16.15,235,2021-11-16 19:05:00,VRRM
16.14,16.14,16.12,16.13,1144,2021-11-16 19:06:00,VRRM
16.13,16.13,16.12,16.121,1200,2021-11-16 19:08:00,VRRM
16.12,16.12,16.12,16.12,100,2021-11-16 19:09:00,VRRM
16.12,16.13,16.11,16.12,654,2021-11-16 19:10:00,VRRM
16.11,16.11,16.09,16.09,3600,2021-11-16 19:11:00,VRRM
16.1,16.112,16.1,16.112,2509,2021-11-16 19:12:00,VRRM
16.11,16.11,16.11,16.11,241,2021-11-16 19:15:00,VRRM
16.11,16.11,16.09,16.095,875,2021-11-16 19:16:00,VRRM
16.09,16.095,16.09,16.095,887,2021-11-16 19:17:00,VRRM
16.09,16.1,16.09,16.1,520,2021-11-16 19:18:00,VRRM
16.1,16.11,16.1,16.11,944,2021-11-16 19:19:00,VRRM
16.11,16.11,16.11,16.11,100,2021-11-16 19:20:00,VRRM
16.12,16.12,16.12,16.12,700,2021-11-16 19:21:00,VRRM
16.12,16.12,16.12,16.12,638,2021-11-16 19:23:00,VRRM
16.12,16.12,16.12,16.12,200,2021-11-16 19:24:00,VRRM
16.12,16.12,16.12,16.12,400,2021-11-16 19:26:00,VRRM
16.12,16.13,16.12,16.12,1300,2021-11-16 19:27:00,VRRM
16.12,16.12,16.12,16.12,200,2021-11-16 19:29:00,VRRM
16.12,16.12,16.105,16.11,2700,2021-11-16 19:30:00,VRRM
16.11,16.11,16.11,16.11,700,2021-11-16 19:31:00,VRRM
16.11,16.11,16.11,16.11,100,2021-11-16 19:33:00,VRRM
16.1,16.1,16.1,16.1,100,2021-11-16 19:34:00,VRRM
16.11,16.11,16.11,16.11,200,2021-11-16 19:35:00,VRRM
16.11,16.11,16.09,16.09,400,2021-11-16 19:36:00,VRRM
16.1,16.1,16.1,16.1,100,2021-11-16 19:37:00,VRRM
16.1,16.1,16.09,16.1,3151,2021-11-16 19:38:00,VRRM
16.11,16.11,16.09,16.09,200,2021-11-16 19:39:00,VRRM
16.09,16.09,16.09,16.09,100,2021-11-16 19:42:00,VRRM
16.095,16.115,16.095,16.1,3413,2021-11-16 19:43:00,VRRM
16.095,16.095,16.095,16.095,100,2021-11-16 19:44:00,VRRM
16.09,16.095,16.09,16.091,406,2021-11-16 19:46:00,VRRM
16.09,16.09,16.08,16.08,931,2021-11-16 19:47:00,VRRM
16.08,16.08,16.07,16.07,200,2021-11-16 19:48:00,VRRM
16.075,16.075,16.07,16.07,700,2021-11-16 19:49:00,VRRM
16.07,16.07,16.07,16.07,300,2021-11-16 19:50:00,VRRM
16.07,16.08,16.07,16.07,1200,2021-11-16 19:51:00,VRRM
16.06,16.07,16.06,16.07,425,2021-11-16 19:53:00,VRRM
16.07,16.07,16.07,16.07,268,2021-11-16 19:54:00,VRRM
16.07,16.08,16.07,16.08,424,2021-11-16 19:55:00,VRRM
16.07,16.07,16.07,16.07,124,2021-11-16 19:56:00,VRRM
16.07,16.08,16.07,16.08,400,2021-11-16 19:57:00,VRRM
16.065,16.07,16.06,16.06,843,2021-11-16 19:58:00,VRRM
16.07,16.07,16.06,16.06,300,2021-11-16 19:59:00,VRRM
16.07,16.08,16.06,16.08,542,2021-11-16 20:00:00,VRRM
16.06,16.06,16.055,16.055,919,2021-11-16 20:01:00,VRRM
16.06,16.06,16.05,16.06,1500,2021-11-16 20:02:00,VRRM
16.05,16.05,16.05,16.05,100,2021-11-16 20:03:00,VRRM
16.055,16.055,16.05,16.055,800,2021-11-16 20:06:00,VRRM
16.055,16.055,16.055,16.055,100,2021-11-16 20:07:00,VRRM
16.06,16.07,16.06,16.06,2000,2021-11-16 20:08:00,VRRM
16.07,16.07,16.06,16.06,300,2021-11-16 20:09:00,VRRM
16.07,16.07,16.07,16.07,100,2021-11-16 20:10:00,VRRM
16.07,16.07,16.055,16.055,4048,2021-11-16 20:11:00,VRRM
16.06,16.06,16.05,16.05,1400,2021-11-16 20:12:00,VRRM
16.05,16.05,16.05,16.05,100,2021-11-16 20:13:00,VRRM
16.04,16.05,16.04,16.05,508,2021-11-16 20:14:00,VRRM
16.04,16.04,16.04,16.04,200,2021-11-16 20:15:00,VRRM
16.05,16.06,16.04,16.04,500,2021-11-16 20:16:00,VRRM
16.041,16.041,16.04,16.04,200,2021-11-16 20:17:00,VRRM
16.05,16.05,16.04,16.04,300,2021-11-16 20:18:00,VRRM
16.04,16.04,16.04,16.04,100,2021-11-16 20:19:00,VRRM
16.05,16.05,16.05,16.05,300,2021-11-16 20:20:00,VRRM
16.045,16.05,16.04,16.04,500,2021-11-16 20:21:00,VRRM
16.05,16.05,16.04,16.04,400,2021-11-16 20:22:00,VRRM
16.042,16.042,16.04,16.04,300,2021-11-16 20:23:00,VRRM
16.04,16.045,16.02,16.02,2940,2021-11-16 20:24:00,VRRM
16.02,16.025,16.02,16.025,1400,2021-11-16 20:25:00,VRRM
16.025,16.04,16.02,16.04,2301,2021-11-16 20:26:00,VRRM
16.04,16.055,16.04,16.055,1798,2021-11-16 20:28:00,VRRM
16.05,16.05,16.045,16.05,2546,2021-11-16 20:29:00,VRRM
16.05,16.05,16.05,16.05,100,2021-11-16 20:30:00,VRRM
16.05,16.05,16.045,16.05,1126,2021-11-16 20:31:00,VRRM
16.06,16.06,16.055,16.055,2100,2021-11-16 20:32:00,VRRM
16.06,16.06,16.06,16.06,100,2021-11-16 20:33:00,VRRM
16.055,16.06,16.05,16.06,800,2021-11-16 20:34:00,VRRM
16.055,16.055,16.045,16.055,4130,2021-11-16 20:35:00,VRRM
16.055,16.059,16.05,16.05,643,2021-11-16 20:36:00,VRRM
16.055,16.055,16.055,16.055,100,2021-11-16 20:37:00,VRRM
16.06,16.06,16.06,16.06,300,2021-11-16 20:38:00,VRRM
16.055,16.06,16.0527,16.06,909,2021-11-16 20:39:00,VRRM
16.06,16.06,16.03,16.03,2625,2021-11-16 20:40:00,VRRM
16.035,16.035,16.02,16.025,8326,2021-11-16 20:41:00,VRRM
16.025,16.03,16.021,16.03,3264,2021-11-16 20:42:00,VRRM
16.025,16.03,16.025,16.03,1500,2021-11-16 20:43:00,VRRM
16.035,16.04,16.035,16.04,1014,2021-11-16 20:44:00,VRRM
16.035,16.04,16.0325,16.04,4659,2021-11-16 20:45:00,VRRM
16.04,16.06,16.04,16.0501,6083,2021-11-16 20:46:00,VRRM
16.07,16.07,16.06,16.06,936,2021-11-16 20:47:00,VRRM
16.065,16.085,16.065,16.08,4186,2021-11-16 20:48:00,VRRM
16.08,16.08,16.0601,16.0601,4850,2021-11-16 20:49:00,VRRM
16.06,16.07,16.06,16.06,946,2021-11-16 20:50:00,VRRM
16.06,16.08,16.06,16.0727,4313,2021-11-16 20:51:00,VRRM
16.075,16.08,16.07,16.07,5847,2021-11-16 20:52:00,VRRM
16.0726,16.075,16.07,16.07,543,2021-11-16 20:53:00,VRRM
16.08,16.09,16.0701,16.09,4070,2021-11-16 20:54:00,VRRM
16.085,16.085,16.05,16.06,3937,2021-11-16 20:55:00,VRRM
16.051,16.055,16.03,16.035,6392,2021-11-16 20:56:00,VRRM
16.035,16.04,16.02,16.035,5721,2021-11-16 20:57:00,VRRM
16.035,16.05,16.0301,16.05,8307,2021-11-16 20:58:00,VRRM
16.045,16.09,16.045,16.09,12269,2021-11-16 20:59:00,VRRM
16.09,16.09,16.09,16.09,88653,2021-11-16 21:00:00,VRRM
16.09,16.09,16.09,16.09,1514,2021-11-16 21:01:00,VRRM
15.95,15.95,15.95,15.95,8838,2021-11-17 14:30:00,VRRM
15.9151,15.9151,15.9151,15.9151,300,2021-11-17 14:31:00,VRRM
16.0,16.01,16.0,16.01,300,2021-11-17 14:32:00,VRRM
16.02,16.02,16.02,16.02,240,2021-11-17 14:39:00,VRRM
16.02,16.02,16.0,16.0,1348,2021-11-17 14:40:00,VRRM
16.0,16.0,16.0,16.0,400,2021-11-17 14:42:00,VRRM
16.015,16.015,16.015,16.015,100,2021-11-17 14:44:00,VRRM
16.07,16.07,16.07,16.07,300,2021-11-17 14:47:00,VRRM
16.03,16.05,16.03,16.05,1493,2021-11-17 14:48:00,VRRM
16.05,16.11,16.05,16.11,1796,2021-11-17 14:49:00,VRRM
16.09,16.1,16.09,16.1,765,2021-11-17 14:50:00,VRRM
16.105,16.105,16.105,16.105,320,2021-11-17 14:51:00,VRRM
16.09,16.09,16.09,16.09,200,2021-11-17 14:52:00,VRRM
16.09,16.09,16.04,16.04,759,2021-11-17 14:54:00,VRRM
16.09,16.09,16.09,16.09,100,2021-11-17 14:56:00,VRRM
16.09,16.09,16.09,16.09,100,2021-11-17 14:58:00,VRRM
16.09,16.09,16.08,16.08,1000,2021-11-17 14:59:00,VRRM
16.1,16.12,16.1,16.12,8300,2021-11-17 15:00:00,VRRM
16.105,16.12,16.105,16.12,200,2021-11-17 15:01:00,VRRM
16.105,16.105,16.105,16.105,500,2021-11-17 15:02:00,VRRM
16.12,16.16,16.115,16.16,1859,2021-11-17 15:03:00,VRRM
16.15,16.17,16.15,16.17,2400,2021-11-17 15:04:00,VRRM
16.18,16.18,16.145,16.145,1234,2021-11-17 15:05:00,VRRM
16.13,16.13,16.13,16.13,100,2021-11-17 15:06:00,VRRM
16.1,16.1,16.08,16.1,500,2021-11-17 15:08:00,VRRM
16.08,16.08,16.08,16.08,600,2021-11-17 15:10:00,VRRM
16.1,16.1,16.08,16.085,1100,2021-11-17 15:12:00,VRRM
16.06,16.06,16.05,16.05,600,2021-11-17 15:13:00,VRRM
16.08,16.105,16.08,16.105,1700,2021-11-17 15:14:00,VRRM
16.11,16.11,16.11,16.11,136,2021-11-17 15:18:00,VRRM
16.1,16.1,16.06,16.07,2838,2021-11-17 15:20:00,VRRM
16.08,16.08,16.06,16.06,1275,2021-11-17 15:21:00,VRRM
16.09,16.09,16.085,16.085,400,2021-11-17 15:22:00,VRRM
16.09,16.09,16.08,16.08,494,2021-11-17 15:25:00,VRRM
16.08,16.09,16.08,16.09,300,2021-11-17 15:26:00,VRRM
16.1,16.1,16.1,16.1,100,2021-11-17 15:28:00,VRRM
16.1,16.1,16.0898,16.0898,515,2021-11-17 15:29:00,VRRM
16.085,16.1,16.085,16.1,536,2021-11-17 15:30:00,VRRM
16.09,16.12,16.09,16.11,2354,2021-11-17 15:31:00,VRRM
16.1,16.11,16.09,16.11,831,2021-11-17 15:32:00,VRRM
16.115,16.115,16.115,16.115,100,2021-11-17 15:33:00,VRRM
16.11,16.1251,16.11,16.1251,709,2021-11-17 15:35:00,VRRM
16.115,16.115,16.115,16.115,100,2021-11-17 15:36:00,VRRM
16.13,16.13,16.13,16.13,500,2021-11-17 15:37:00,VRRM
16.11,16.11,16.11,16.11,100,2021-11-17 15:38:00,VRRM
16.12,16.12,16.11,16.11,1000,2021-11-17 15:40:00,VRRM
16.12,16.12,16.12,16.12,100,2021-11-17 15:41:00,VRRM
16.13,16.14,16.12,16.14,1149,2021-11-17 15:43:00,VRRM
16.14,16.14,16.13,16.13,200,2021-11-17 15:45:00,VRRM
16.14,16.14,16.14,16.14,200,2021-11-17 15:46:00,VRRM
16.138,16.14,16.135,16.135,300,2021-11-17 15:47:00,VRRM
16.13,16.13,16.12,16.12,1322,2021-11-17 15:48:00,VRRM
16.1113,16.12,16.11,16.12,700,2021-11-17 15:49:00,VRRM
16.11,16.12,16.11,16.12,1400,2021-11-17 15:50:00,VRRM
16.11,16.11,16.11,16.11,250,2021-11-17 15:51:00,VRRM
16.11,16.11,16.1,16.1,1138,2021-11-17 15:52:00,VRRM
16.11,16.12,16.11,16.12,300,2021-11-17 15:54:00,VRRM
16.1,16.1,16.1,16.1,200,2021-11-17 15:55:00,VRRM
16.1,16.1,16.08,16.09,700,2021-11-17 15:58:00,VRRM
16.1,16.1,16.1,16.1,200,2021-11-17 16:00:00,VRRM
16.09,16.09,16.09,16.09,600,2021-11-17 16:02:00,VRRM
16.1,16.11,16.1,16.11,563,2021-11-17 16:03:00,VRRM
16.12,16.12,16.11,16.11,900,2021-11-17 16:07:00,VRRM
16.11,16.11,16.11,16.11,100,2021-11-17 16:09:00,VRRM
16.12,16.12,16.12,16.12,276,2021-11-17 16:11:00,VRRM
16.1,16.1,16.1,16.1,200,2021-11-17 16:12:00,VRRM
16.115,16.115,16.115,16.115,300,2021-11-17 16:13:00,VRRM
16.115,16.115,16.115,16.115,200,2021-11-17 16:14:00,VRRM
16.13,16.13,16.13,16.13,1794,2021-11-17 16:15:00,VRRM
16.13,16.13,16.13,16.13,100,2021-11-17 16:16:00,VRRM
16.12,16.12,16.11,16.1143,1100,2021-11-17 16:18:00,VRRM
16.1,16.1,16.09,16.09,1800,2021-11-17 16:19:00,VRRM
16.1,16.1,16.09,16.09,400,2021-11-17 16:20:00,VRRM
16.09,16.09,16.08,16.08,400,2021-11-17 16:23:00,VRRM
16.07,16.09,16.07,16.09,1100,2021-11-17 16:24:00,VRRM
16.06,16.06,16.06,16.06,400,2021-11-17 16:30:00,VRRM
16.08,16.08,16.06,16.06,700,2021-11-17 16:31:00,VRRM
16.07,16.07,16.07,16.07,100,2021-11-17 16:33:00,VRRM
16.06,16.07,16.06,16.06,1937,2021-11-17 16:35:00,VRRM
16.06,16.06,16.05,16.05,200,2021-11-17 16:36:00,VRRM
16.06,16.06,16.06,16.06,100,2021-11-17 16:37:00,VRRM
16.05,16.059,16.05,16.05,300,2021-11-17 16:41:00,VRRM
16.05,16.05,16.025,16.025,826,2021-11-17 16:45:00,VRRM
16.04,16.04,16.04,16.04,100,2021-11-17 16:47:00,VRRM
16.03,16.03,16.03,16.03,100,2021-11-17 16:48:00,VRRM
16.03,16.05,16.03,16.04,1972,2021-11-17 16:49:00,VRRM
16.03,16.03,16.02,16.02,544,2021-11-17 16:52:00,VRRM
16.04,16.04,16.04,16.04,200,2021-11-17 16:54:00,VRRM
16.02,16.02,15.99,16.01,3817,2021-11-17 16:55:00,VRRM
16.01,16.01,16.009,16.009,200,2021-11-17 16:56:00,VRRM
16.0,16.01,16.0,16.01,300,2021-11-17 16:57:00,VRRM
15.99,16.0,15.97,15.97,2433,2021-11-17 16:58:00,VRRM
16.0,16.0,16.0,16.0,500,2021-11-17 17:00:00,VRRM
15.98,16.01,15.97,16.01,2424,2021-11-17 17:01:00,VRRM
15.99,15.99,15.91,15.94,3955,2021-11-17 17:03:00,VRRM
15.95,15.96,15.95,15.96,600,2021-11-17 17:04:00,VRRM
15.96,15.96,15.9,15.93,2383,2021-11-17 17:06:00,VRRM
15.9,15.93,15.9,15.93,400,2021-11-17 17:07:00,VRRM
15.925,15.925,15.925,15.925,100,2021-11-17 17:08:00,VRRM
15.91,15.92,15.88,15.92,3066,2021-11-17 17:09:00,VRRM
15.905,15.905,15.85,15.89,2127,2021-11-17 17:11:00,VRRM
15.875,15.88,15.811,15.87,17786,2021-11-17 17:14:00,VRRM
15.88,15.89,15.84,15.87,17594,2021-11-17 17:15:00,VRRM
15.85,15.87,15.82,15.84,15376,2021-11-17 17:16:00,VRRM
15.84,15.84,15.79,15.84,19888,2021-11-17 17:17:00,VRRM
15.86,15.86,15.86,15.86,100,2021-11-17 17:18:00,VRRM
15.84,15.86,15.83,15.86,5700,2021-11-17 17:19:00,VRRM
15.83,15.83,15.78,15.79,3360,2021-11-17 17:20:00,VRRM
15.8,15.8,15.8,15.8,528,2021-11-17 17:21:00,VRRM
15.8,15.81,15.77,15.78,3864,2021-11-17 17:22:00,VRRM
15.78,15.78,15.76,15.77,2535,2021-11-17 17:23:00,VRRM
15.78,15.83,15.78,15.82,5500,2021-11-17 17:24:00,VRRM
15.83,15.83,15.79,15.79,2488,2021-11-17 17:25:00,VRRM
15.8,15.8,15.76,15.8,2019,2021-11-17 17:28:00,VRRM
15.76,15.77,15.75,15.77,3034,2021-11-17 17:30:00,VRRM
15.74,15.74,15.71,15.72,2837,2021-11-17 17:31:00,VRRM
15.72,15.72,15.67,15.68,6118,2021-11-17 17:32:00,VRRM
15.67,15.68,15.65,15.68,4471,2021-11-17 17:33:00,VRRM
15.68,15.7,15.68,15.7,1600,2021-11-17 17:34:00,VRRM
15.71,15.72,15.71,15.72,500,2021-11-17 17:35:00,VRRM
15.705,15.705,15.68,15.7,2354,2021-11-17 17:36:00,VRRM
15.705,15.705,15.705,15.705,100,2021-11-17 17:37:00,VRRM
15.72,15.72,15.66,15.66,2468,2021-11-17 17:38:00,VRRM
15.71,15.71,15.71,15.71,659,2021-11-17 17:39:00,VRRM
15.73,15.74,15.73,15.73,1100,2021-11-17 17:40:00,VRRM
15.73,15.73,15.69,15.69,2036,2021-11-17 17:41:00,VRRM
15.7,15.7,15.665,15.68,2861,2021-11-17 17:42:00,VRRM
15.68,15.68,15.66,15.67,1128,2021-11-17 17:43:00,VRRM
15.66,15.67,15.64,15.67,9795,2021-11-17 17:44:00,VRRM
15.66,15.675,15.66,15.665,800,2021-11-17 17:45:00,VRRM
15.655,15.68,15.655,15.68,400,2021-11-17 17:46:00,VRRM
15.65,15.65,15.62,15.63,2500,2021-11-17 17:47:00,VRRM
15.65,15.65,15.65,15.65,380,2021-11-17 17:48:00,VRRM
15.64,15.65,15.63,15.645,2483,2021-11-17 17:49:00,VRRM
15.64,15.64,15.64,15.64,100,2021-11-17 17:50:00,VRRM
15.63,15.63,15.62,15.63,2100,2021-11-17 17:51:00,VRRM
15.64,15.66,15.62,15.64,4532,2021-11-17 17:52:00,VRRM
15.66,15.66,15.65,15.655,400,2021-11-17 17:53:00,VRRM
15.65,15.67,15.65,15.67,2357,2021-11-17 17:54:00,VRRM
15.65,15.65,15.61,15.625,2527,2021-11-17 17:55:00,VRRM
15.64,15.64,15.59,15.61,4413,2021-11-17 17:57:00,VRRM
15.615,15.615,15.59,15.615,1162,2021-11-17 17:58:00,VRRM
15.6,15.6,15.56,15.58,2679,2021-11-17 18:00:00,VRRM
15.59,15.625,15.585,15.625,2998,2021-11-17 18:01:00,VRRM
15.62,15.62,15.62,15.62,600,2021-11-17 18:02:00,VRRM
15.6,15.6,15.58,15.595,1745,2021-11-17 18:03:00,VRRM
15.59,15.59,15.59,15.59,195,2021-11-17 18:04:00,VRRM
15.56,15.61,15.54,15.595,8385,2021-11-17 18:06:00,VRRM
15.57,15.63,15.57,15.625,2654,2021-11-17 18:07:00,VRRM
15.64,15.64,15.57,15.58,3294,2021-11-17 18:08:00,VRRM
15.585,15.585,15.585,15.585,600,2021-11-17 18:09:00,VRRM
15.59,15.59,15.57,15.58,935,2021-11-17 18:10:00,VRRM
15.54,15.58,15.53,15.58,4669,2021-11-17 18:11:00,VRRM
15.58,15.6,15.58,15.6,1200,2021-11-17 18:13:00,VRRM
15.59,15.59,15.56,15.56,1416,2021-11-17 18:14:00,VRRM
15.56,15.57,15.56,15.56,703,2021-11-17 18:15:00,VRRM
15.54,15.555,15.5,15.54,2688,2021-11-17 18:16:00,VRRM
15.53,15.55,15.53,15.54,3460,2021-11-17 18:17:00,VRRM
15.54,15.55,15.535,15.54,796,2021-11-17 18:18:00,VRRM
15.55,15.56,15.5,15.53,2208,2021-11-17 18:19:00,VRRM
15.525,15.525,15.49,15.515,729,2021-11-17 18:20:00,VRRM
15.515,15.515,15.515,15.515,129,2021-11-17 18:21:00,VRRM
15.5,15.52,15.47,15.52,3882,2021-11-17 18:22:00,VRRM
15.515,15.515,15.5,15.5,639,2021-11-17 18:23:00,VRRM
15.51,15.53,15.49,15.51,3384,2021-11-17 18:24:00,VRRM
15.51,15.51,15.51,15.51,667,2021-11-17 18:25:00,VRRM
15.52,15.52,15.51,15.515,462,2021-11-17 18:26:00,VRRM
15.515,15.515,15.48,15.48,3113,2021-11-17 18:27:00,VRRM
15.46,15.46,15.46,15.46,100,2021-11-17 18:29:00,VRRM
15.46,15.46,15.43,15.46,5000,2021-11-17 18:30:00,VRRM
15.47,15.49,15.47,15.49,1450,2021-11-17 18:31:00,VRRM
15.5,15.5,15.5,15.5,100,2021-11-17 18:32:00,VRRM
15.46,15.49,15.46,15.47,2218,2021-11-17 18:33:00,VRRM
15.48,15.5,15.48,15.5,400,2021-11-17 18:34:00,VRRM
15.48,15.48,15.43,15.43,2165,2021-11-17 18:35:00,VRRM
15.42,15.42,15.42,15.42,100,2021-11-17 18:36:00,VRRM
15.44,15.45,15.43,15.45,1397,2021-11-17 18:37:00,VRRM
15.42,15.43,15.39,15.42,3195,2021-11-17 18:38:00,VRRM
15.43,15.47,15.43,15.47,1750,2021-11-17 18:39:00,VRRM
15.43,15.45,15.39,15.45,6968,2021-11-17 18:41:00,VRRM
15.44,15.49,15.44,15.49,1896,2021-11-17 18:42:00,VRRM
15.52,15.52,15.44,15.47,1778,2021-11-17 18:43:00,VRRM
15.47,15.51,15.45,15.51,1100,2021-11-17 18:44:00,VRRM
15.51,15.52,15.51,15.52,500,2021-11-17 18:45:00,VRRM
15.47,15.51,15.43,15.51,2240,2021-11-17 18:46:00,VRRM
15.495,15.495,15.495,15.495,100,2021-11-17 18:47:00,VRRM
15.48,15.5,15.48,15.49,3000,2021-11-17 18:49:00,VRRM
15.51,15.52,15.51,15.52,600,2021-11-17 18:50:00,VRRM
15.53,15.53,15.48,15.49,1900,2021-11-17 18:51:00,VRRM
15.49,15.49,15.49,15.49,100,2021-11-17 18:52:00,VRRM
15.48,15.49,15.42,15.43,2528,2021-11-17 18:54:00,VRRM
15.44,15.46,15.44,15.46,816,2021-11-17 18:55:00,VRRM
15.48,15.48,15.42,15.44,2594,2021-11-17 18:57:00,VRRM
15.46,15.46,15.46,15.46,500,2021-11-17 18:58:00,VRRM
15.45,15.46,15.405,15.405,2841,2021-11-17 18:59:00,VRRM
15.42,15.43,15.41,15.43,3060,2021-11-17 19:01:00,VRRM
15.43,15.44,15.42,15.43,2273,2021-11-17 19:02:00,VRRM
15.43,15.44,15.42,15.43,2955,2021-11-17 19:03:00,VRRM
15.44,15.45,15.43,15.45,7100,2021-11-17 19:04:00,VRRM
15.45,15.46,15.45,15.46,876,2021-11-17 19:05:00,VRRM
15.45,15.48,15.45,15.48,700,2021-11-17 19:06:00,VRRM
15.48,15.48,15.48,15.48,200,2021-11-17 19:07:00,VRRM
15.47,15.47,15.47,15.47,200,2021-11-17 19:08:00,VRRM
15.47,15.47,15.47,15.47,100,2021-11-17 19:09:00,VRRM
15.47,15.47,15.47,15.47,100,2021-11-17 19:10:00,VRRM
15.46,15.46,15.43,15.44,2006,2021-11-17 19:11:00,VRRM
15.44,15.44,15.44,15.44,100,2021-11-17 19:12:00,VRRM
15.435,15.435,15.435,15.435,100,2021-11-17 19:13:00,VRRM
15.45,15.45,15.4338,15.4338,1142,2021-11-17 19:14:00,VRRM
15.43,15.45,15.43,15.45,1700,2021-11-17 19:15:00,VRRM
15.45,15.45,15.45,15.45,200,2021-11-17 19:16:00,VRRM
15.45,15.45,15.45,15.45,100,2021-11-17 19:17:00,VRRM
15.445,15.45,15.44,15.45,1300,2021-11-17 19:19:00,VRRM
15.445,15.45,15.44,15.45,745,2021-11-17 19:21:00,VRRM
15.43,15.45,15.43,15.45,500,2021-11-17 19:22:00,VRRM
15.45,15.45,15.45,15.45,200,2021-11-17 19:23:00,VRRM
15.46,15.46,15.46,15.46,100,2021-11-17 19:24:00,VRRM
15.445,15.46,15.445,15.46,1200,2021-11-17 19:25:00,VRRM
15.45,15.45,15.45,15.45,440,2021-11-17 19:26:00,VRRM
15.455,15.46,15.455,15.46,230,2021-11-17 19:27:00,VRRM
15.46,15.46,15.455,15.46,1400,2021-11-17 19:28:00,VRRM
15.46,15.46,15.455,15.455,200,2021-11-17 19:29:00,VRRM
15.46,15.49,15.46,15.49,1200,2021-11-17 19:31:00,VRRM
15.475,15.49,15.475,15.49,200,2021-11-17 19:32:00,VRRM
15.48,15.48,15.48,15.48,100,2021-11-17 19:33:00,VRRM
15.47,15.47,15.47,15.47,100,2021-11-17 19:34:00,VRRM
15.48,15.49,15.475,15.49,800,2021-11-17 19:35:00,VRRM
15.49,15.51,15.49,15.51,528,2021-11-17 19:36:00,VRRM
15.5,15.5,15.5,15.5,100,2021-11-17 19:37:00,VRRM
15.5,15.51,15.49,15.5,2042,2021-11-17 19:38:00,VRRM
15.52,15.53,15.5,15.53,1000,2021-11-17 19:39:00,VRRM
15.51,15.52,15.51,15.52,544,2021-11-17 19:41:00,VRRM
15.53,15.545,15.52,15.545,1225,2021-11-17 19:42:00,VRRM
15.55,15.55,15.55,15.55,100,2021-11-17 19:43:00,VRRM
15.535,15.54,15.53,15.53,1179,2021-11-17 19:45:00,VRRM
15.53,15.53,15.53,15.53,100,2021-11-17 19:46:00,VRRM
15.54,15.54,15.54,15.54,200,2021-11-17 19:48:00,VRRM
15.54,15.56,15.54,15.545,1500,2021-11-17 19:49:00,VRRM
15.54,15.54,15.53,15.5378,1929,2021-11-17 19:53:00,VRRM
15.53,15.53,15.525,15.53,1300,2021-11-17 19:55:00,VRRM
15.54,15.54,15.53,15.54,600,2021-11-17 19:56:00,VRRM
15.545,15.545,15.54,15.54,500,2021-11-17 19:59:00,VRRM
15.535,15.55,15.535,15.55,1100,2021-11-17 20:02:00,VRRM
15.54,15.55,15.52,15.53,6423,2021-11-17 20:03:00,VRRM
15.52,15.52,15.52,15.52,200,2021-11-17 20:04:00,VRRM
15.52,15.52,15.52,15.52,800,2021-11-17 20:05:00,VRRM
15.52,15.52,15.52,15.52,200,2021-11-17 20:06:00,VRRM
15.52,15.52,15.52,15.52,200,2021-11-17 20:07:00,VRRM
15.53,15.55,15.53,15.545,2407,2021-11-17 20:08:00,VRRM
15.54,15.55,15.53,15.535,2400,2021-11-17 20:10:00,VRRM
15.54,15.54,15.54,15.54,2100,2021-11-17 20:11:00,VRRM
15.53,15.54,15.53,15.53,400,2021-11-17 20:13:00,VRRM
15.539,15.539,15.539,15.539,100,2021-11-17 20:14:00,VRRM
15.53,15.56,15.53,15.56,1815,2021-11-17 20:15:00,VRRM
15.55,15.55,15.55,15.55,300,2021-11-17 20:16:00,VRRM
15.55,15.56,15.55,15.56,335,2021-11-17 20:17:00,VRRM
15.55,15.57,15.55,15.56,931,2021-11-17 20:18:00,VRRM
15.55,15.56,15.55,15.5506,1606,2021-11-17 20:19:00,VRRM
15.565,15.565,15.565,15.565,200,2021-11-17 20:20:00,VRRM
15.57,15.57,15.57,15.57,100,2021-11-17 20:23:00,VRRM
15.565,15.565,15.565,15.565,100,2021-11-17 20:24:00,VRRM
15.56,15.56,15.56,15.56,100,2021-11-17 20:25:00,VRRM
15.565,15.565,15.565,15.565,100,2021-11-17 20:26:00,VRRM
15.565,15.59,15.565,15.58,2590,2021-11-17 20:27:00,VRRM
15.58,15.59,15.58,15.58,1200,2021-11-17 20:28:00,VRRM
15.591,15.6,15.58,15.58,2366,2021-11-17 20:29:00,VRRM
15.59,15.595,15.59,15.59,600,2021-11-17 20:30:00,VRRM
15.59,15.59,15.59,15.59,200,2021-11-17 20:31:00,VRRM
15.589,15.59,15.55,15.55,4670,2021-11-17 20:32:00,VRRM
15.55,15.56,15.545,15.56,2200,2021-11-17 20:33:00,VRRM
15.561,15.565,15.56,15.565,500,2021-11-17 20:34:00,VRRM
15.565,15.565,15.54,15.54,2787,2021-11-17 20:35:00,VRRM
15.545,15.57,15.545,15.57,1300,2021-11-17 20:36:00,VRRM
15.575,15.575,15.575,15.575,100,2021-11-17 20:37:00,VRRM
15.58,15.58,15.57,15.57,1700,2021-11-17 20:38:00,VRRM
15.565,15.57,15.56,15.57,1500,2021-11-17 20:39:00,VRRM
15.565,15.57,15.5601,15.565,1114,2021-11-17 20:41:00,VRRM
15.56,15.57,15.56,15.57,681,2021-11-17 20:42:00,VRRM
15.565,15.565,15.5625,15.5625,305,2021-11-17 20:43:00,VRRM
15.565,15.57,15.565,15.57,300,2021-11-17 20:44:00,VRRM
15.565,15.575,15.565,15.57,1900,2021-11-17 20:45:00,VRRM
15.57,15.58,15.57,15.575,2097,2021-11-17 20:46:00,VRRM
15.57,15.58,15.57,15.58,1592,2021-11-17 20:47:00,VRRM
15.57,15.58,15.5601,15.571,515,2021-11-17 20:48:00,VRRM
15.575,15.58,15.57,15.57,1209,2021-11-17 20:49:00,VRRM
15.57,15.58,15.56,15.575,7276,2021-11-17 20:50:00,VRRM
15.58,15.59,15.58,15.59,3445,2021-11-17 20:51:00,VRRM
15.58,15.585,15.58,15.58,1379,2021-11-17 20:52:00,VRRM
15.585,15.585,15.56,15.56,3407,2021-11-17 20:53:00,VRRM
15.565,15.565,15.53,15.54,7111,2021-11-17 20:54:00,VRRM
15.53,15.55,15.53,15.54,8021,2021-11-17 20:55:00,VRRM
15.545,15.555,15.54,15.55,4819,2021-11-17 20:56:00,VRRM
15.56,15.56,15.53,15.53,5079,2021-11-17 20:57:00,VRRM
15.535,15.535,15.52,15.525,12018,2021-11-17 20:58:00,VRRM
15.525,15.53,15.51,15.53,12970,2021-11-17 20:59:00,VRRM
15.53,15.53,15.53,15.53,98919,2021-11-17 21:00:00,VRRM
15.53,15.53,15.53,15.53,5493,2021-11-17 21:01:00,VRRM
15.62,15.62,15.6,15.61,7672,2021-11-18 14:30:00,VRRM
15.535,15.535,15.535,15.535,100,2021-11-18 14:32:00,VRRM
15.51,15.51,15.51,15.51,100,2021-11-18 14:40:00,VRRM
15.46,15.46,15.42,15.425,1100,2021-11-18 14:44:00,VRRM
15.39,15.42,15.34,15.34,600,2021-11-18 14:45:00,VRRM
15.34,15.34,15.28,15.32,2927,2021-11-18 14:47:00,VRRM
15.28,15.28,15.19,15.19,3913,2021-11-18 14:48:00,VRRM
15.185,15.23,15.18,15.19,2305,2021-11-18 14:49:00,VRRM
15.29,15.31,15.23,15.23,420,2021-11-18 14:50:00,VRRM
15.29,15.29,15.29,15.29,100,2021-11-18 14:52:00,VRRM
15.29,15.29,15.25,15.25,1000,2021-11-18 14:54:00,VRRM
15.25,15.25,15.21,15.21,1963,2021-11-18 14:55:00,VRRM
15.19,15.19,15.15,15.19,700,2021-11-18 15:01:00,VRRM
15.175,15.175,15.13,15.13,2162,2021-11-18 15:02:00,VRRM
15.145,15.145,15.145,15.145,100,2021-11-18 15:03:00,VRRM
15.145,15.145,15.1,15.14,2320,2021-11-18 15:04:00,VRRM
15.12,15.135,15.04,15.08,15737,2021-11-18 15:07:00,VRRM
15.11,15.11,15.09,15.09,600,2021-11-18 15:08:00,VRRM
15.095,15.095,15.095,15.095,100,2021-11-18 15:09:00,VRRM
15.08,15.08,15.07,15.07,648,2021-11-18 15:11:00,VRRM
15.07,15.07,15.07,15.07,200,2021-11-18 15:12:00,VRRM
15.05,15.0699,15.03,15.0699,2587,2021-11-18 15:13:00,VRRM
15.06,15.12,15.06,15.12,3747,2021-11-18 15:14:00,VRRM
15.1152,15.1152,15.1152,15.1152,600,2021-11-18 15:15:00,VRRM
15.135,15.135,15.135,15.135,100,2021-11-18 15:17:00,VRRM
15.16,15.16,15.16,15.16,400,2021-11-18 15:18:00,VRRM
15.17,15.17,15.16,15.16,1123,2021-11-18 15:19:00,VRRM
15.16,15.16,15.13,15.15,3267,2021-11-18 15:20:00,VRRM
15.14,15.14,15.14,15.14,400,2021-11-18 15:22:00,VRRM
15.12,15.15,15.12,15.15,658,2021-11-18 15:23:00,VRRM
15.11,15.12,15.09,15.09,3519,2021-11-18 15:25:00,VRRM
15.095,15.11,15.095,15.105,2196,2021-11-18 15:27:00,VRRM
15.1,15.125,15.1,15.125,2383,2021-11-18 15:28:00,VRRM
15.13,15.15,15.12,15.12,7887,2021-11-18 15:29:00,VRRM
15.13,15.14,15.125,15.14,900,2021-11-18 15:30:00,VRRM
15.14,15.155,15.12,15.155,1600,2021-11-18 15:31:00,VRRM
15.155,15.155,15.155,15.155,100,2021-11-18 15:32:00,VRRM
15.155,15.155,15.155,15.155,100,2021-11-18 15:33:00,VRRM
15.155,15.18,15.155,15.155,600,2021-11-18 15:34:00,VRRM
15.19,15.25,15.19,15.25,1380,2021-11-18 15:35:00,VRRM
15.25,15.26,15.215,15.215,4065,2021-11-18 15:36:00,VRRM
15.22,15.22,15.19,15.19,1300,2021-11-18 15:37:00,VRRM
15.19,15.19,15.19,15.19,100,2021-11-18 15:38:00,VRRM
15.18,15.2,15.17,15.17,2415,2021-11-18 15:39:00,VRRM
15.16,15.185,15.15,15.185,3119,2021-11-18 15:40:00,VRRM
15.18,15.21,15.18,15.21,1371,2021-11-18 15:41:00,VRRM
15.21,15.21,15.2,15.2,1252,2021-11-18 15:42:00,VRRM
15.19,15.19,15.18,15.18,900,2021-11-18 15:43:00,VRRM
15.18,15.18,15.165,15.17,1076,2021-11-18 15:44:00,VRRM
15.17,15.2,15.17,15.2,2975,2021-11-18 15:45:00,VRRM
15.195,15.195,15.195,15.195,100,2021-11-18 15:46:00,VRRM
15.195,15.195,15.195,15.195,200,2021-11-18 15:47:00,VRRM
15.195,15.195,15.195,15.195,1600,2021-11-18 15:48:00,VRRM
15.21,15.23,15.205,15.23,600,2021-11-18 15:49:00,VRRM
15.22,15.24,15.21,15.24,3561,2021-11-18 15:50:00,VRRM
15.25,15.26,15.25,15.26,1495,2021-11-18 15:51:00,VRRM
15.25,15.25,15.24,15.25,600,2021-11-18 15:52:00,VRRM
15.24,15.24,15.24,15.24,100,2021-11-18 15:53:00,VRRM
15.245,15.28,15.245,15.28,2648,2021-11-18 15:54:00,VRRM
15.26,15.26,15.25,15.26,2000,2021-11-18 15:55:00,VRRM
15.25,15.25,15.25,15.25,200,2021-11-18 15:56:00,VRRM
15.26,15.26,15.245,15.25,3498,2021-11-18 15:58:00,VRRM
15.26,15.26,15.25,15.255,600,2021-11-18 15:59:00,VRRM
15.25,15.25,15.23,15.24,3055,2021-11-18 16:00:00,VRRM
15.24,15.24,15.24,15.24,100,2021-11-18 16:01:00,VRRM
15.24,15.24,15.24,15.24,100,2021-11-18 16:02:00,VRRM
15.23,15.23,15.22,15.225,800,2021-11-18 16:03:00,VRRM
15.2238,15.2238,15.2238,15.2238,300,2021-11-18 16:04:00,VRRM
15.225,15.225,15.22,15.22,2992,2021-11-18 16:05:00,VRRM
15.225,15.225,15.225,15.225,825,2021-11-18 16:06:00,VRRM
15.225,15.25,15.225,15.24,2371,2021-11-18 16:07:00,VRRM
15.25,15.26,15.25,15.26,200,2021-11-18 16:08:00,VRRM
15.255,15.255,15.255,15.255,200,2021-11-18 16:09:00,VRRM
15.26,15.26,15.255,15.26,1117,2021-11-18 16:10:00,VRRM
15.255,15.26,15.255,15.26,1738,2021-11-18 16:11:00,VRRM
15.265,15.28,15.265,15.275,3938,2021-11-18 16:12:00,VRRM
15.275,15.275,15.27,15.27,300,2021-11-18 16:13:00,VRRM
15.275,15.275,15.275,15.275,200,2021-11-18 16:14:00,VRRM
15.275,15.275,15.27,15.27,500,2021-11-18 16:15:00,VRRM
15.27,15.27,15.25,15.255,3068,2021-11-18 16:16:00,VRRM
15.26,15.28,15.26,15.275,5319,2021-11-18 16:17:00,VRRM
15.28,15.28,15.275,15.275,200,2021-11-18 16:20:00,VRRM
15.27,15.27,15.27,15.27,500,2021-11-18 16:21:00,VRRM
15.26,15.26,15.26,15.26,100,2021-11-18 16:23:00,VRRM
15.265,15.265,15.265,15.265,104,2021-11-18 16:24:00,VRRM
15.26,15.27,15.25,15.265,3936,2021-11-18 16:25:00,VRRM
15.27,15.27,15.27,15.27,100,2021-11-18 16:26:00,VRRM
15.265,15.265,15.26,15.26,500,2021-11-18 16:27:00,VRRM
15.255,15.255,15.255,15.255,100,2021-11-18 16:28:00,VRRM
15.255,15.255,15.255,15.255,126,2021-11-18 16:29:00,VRRM
15.26,15.26,15.255,15.259,300,2021-11-18 16:30:00,VRRM
15.26,15.26,15.25,15.26,3880,2021-11-18 16:31:00,VRRM
15.26,15.26,15.255,15.26,300,2021-11-18 16:32:00,VRRM
15.26,15.27,15.255,15.265,2918,2021-11-18 16:33:00,VRRM
15.275,15.31,15.275,15.31,1400,2021-11-18 16:34:00,VRRM
15.31,15.32,15.3,15.3,700,2021-11-18 16:35:00,VRRM
15.305,15.305,15.295,15.295,800,2021-11-18 16:36:00,VRRM
15.3,15.31,15.3,15.3,1000,2021-11-18 16:37:00,VRRM
15.3,15.3,15.3,15.3,400,2021-11-18 16:38:00,VRRM
15.3,15.3,15.3,15.3,300,2021-11-18 16:39:00,VRRM
15.295,15.295,15.295,15.295,300,2021-11-18 16:40:00,VRRM
15.29,15.295,15.285,15.295,1902,2021-11-18 16:41:00,VRRM
15.29,15.29,15.285,15.29,500,2021-11-18 16:42:00,VRRM
15.29,15.29,15.29,15.29,100,2021-11-18 16:43:00,VRRM
15.29,15.29,15.29,15.29,100,2021-11-18 16:44:00,VRRM
15.28,15.28,15.275,15.275,1899,2021-11-18 16:45:00,VRRM
15.28,15.28,15.27,15.275,500,2021-11-18 16:47:00,VRRM
15.28,15.3,15.28,15.3,1010,2021-11-18 16:48:00,VRRM
15.31,15.31,15.31,15.31,100,2021-11-18 16:49:00,VRRM
15.3,15.3,15.3,15.3,300,2021-11-18 16:50:00,VRRM
15.3,15.305,15.29,15.29,1888,2021-11-18 16:51:00,VRRM
15.3,15.3,15.3,15.3,100,2021-11-18 16:52:00,VRRM
15.3,15.3,15.295,15.3,593,2021-11-18 16:53:00,VRRM
15.305,15.305,15.3,15.3,200,2021-11-18 16:54:00,VRRM
15.3,15.31,15.3,15.31,900,2021-11-18 16:55:00,VRRM
15.3,15.3,15.29,15.29,1000,2021-11-18 16:56:00,VRRM
15.3,15.31,15.3,15.31,1138,2021-11-18 16:58:00,VRRM
15.31,15.325,15.31,15.32,2505,2021-11-18 17:02:00,VRRM
15.32,15.32,15.32,15.32,200,2021-11-18 17:03:00,VRRM
15.33,15.34,15.33,15.34,699,2021-11-18 17:05:00,VRRM
15.34,15.34,15.33,15.34,2052,2021-11-18 17:06:00,VRRM
15.34,15.35,15.34,15.34,600,2021-11-18 17:07:00,VRRM
15.34,15.35,15.33,15.33,1100,2021-11-18 17:08:00,VRRM
15.34,15.34,15.34,15.34,500,2021-11-18 17:10:00,VRRM
15.35,15.36,15.35,15.35,1400,2021-11-18 17:12:00,VRRM
15.355,15.36,15.355,15.36,300,2021-11-18 17:13:00,VRRM
15.36,15.36,15.35,15.355,2200,2021-11-18 17:15:00,VRRM
15.36,15.37,15.36,15.37,400,2021-11-18 17:16:00,VRRM
15.365,15.38,15.365,15.38,1566,2021-11-18 17:17:00,VRRM
15.39,15.39,15.39,15.39,400,2021-11-18 17:18:00,VRRM
15.38,15.38,15.37,15.37,1300,2021-11-18 17:19:00,VRRM
15.375,15.38,15.375,15.38,400,2021-11-18 17:20:00,VRRM
15.385,15.39,15.38,15.39,800,2021-11-18 17:21:00,VRRM
15.385,15.39,15.385,15.39,401,2021-11-18 17:22:00,VRRM
15.4,15.41,15.4,15.41,400,2021-11-18 17:23:00,VRRM
15.41,15.41,15.4,15.41,1756,2021-11-18 17:25:00,VRRM
15.405,15.405,15.4,15.4,700,2021-11-18 17:26:00,VRRM
15.4,15.4,15.4,15.4,100,2021-11-18 17:28:00,VRRM
15.39,15.4,15.39,15.4,1400,2021-11-18 17:29:00,VRRM
15.4,15.45,15.4,15.45,2121,2021-11-18 17:31:00,VRRM
15.435,15.45,15.43,15.4401,2000,2021-11-18 17:32:00,VRRM
15.45,15.45,15.445,15.45,1400,2021-11-18 17:33:00,VRRM
15.445,15.45,15.445,15.445,568,2021-11-18 17:34:00,VRRM
15.445,15.445,15.445,15.445,200,2021-11-18 17:35:00,VRRM
15.44,15.445,15.44,15.445,200,2021-11-18 17:36:00,VRRM
15.45,15.45,15.45,15.45,1067,2021-11-18 17:37:00,VRRM
15.46,15.48,15.46,15.48,1535,2021-11-18 17:38:00,VRRM
15.46,15.46,15.44,15.445,5512,2021-11-18 17:40:00,VRRM
15.45,15.46,15.45,15.46,700,2021-11-18 17:41:00,VRRM
15.47,15.5,15.47,15.5,1222,2021-11-18 17:42:00,VRRM
15.52,15.52,15.51,15.52,1711,2021-11-18 17:43:00,VRRM
15.51,15.52,15.5,15.5,2400,2021-11-18 17:44:00,VRRM
15.51,15.52,15.51,15.52,644,2021-11-18 17:45:00,VRRM
15.51,15.52,15.51,15.52,300,2021-11-18 17:46:00,VRRM
15.52,15.52,15.52,15.52,100,2021-11-18 17:47:00,VRRM
15.5,15.5,15.46,15.49,5400,2021-11-18 17:48:00,VRRM
15.49,15.5,15.49,15.5,207,2021-11-18 17:49:00,VRRM
15.49,15.49,15.49,15.49,100,2021-11-18 17:51:00,VRRM
15.49,15.49,15.47,15.47,1264,2021-11-18 17:52:00,VRRM
15.48,15.48,15.48,15.48,100,2021-11-18 17:53:00,VRRM
15.475,15.5,15.475,15.495,1700,2021-11-18 17:55:00,VRRM
15.49,15.49,15.48,15.48,1500,2021-11-18 17:56:00,VRRM
15.48,15.48,15.48,15.48,100,2021-11-18 17:58:00,VRRM
15.47,15.48,15.45,15.47,12572,2021-11-18 17:59:00,VRRM
15.47,15.48,15.46,15.46,547,2021-11-18 18:01:00,VRRM
15.48,15.49,15.48,15.49,200,2021-11-18 18:02:00,VRRM
15.48,15.485,15.48,15.485,1600,2021-11-18 18:03:00,VRRM
15.4801,15.485,15.4801,15.485,400,2021-11-18 18:07:00,VRRM
15.48,15.48,15.475,15.475,886,2021-11-18 18:09:00,VRRM
15.475,15.475,15.46,15.46,2851,2021-11-18 18:10:00,VRRM
15.46,15.49,15.46,15.48,6018,2021-11-18 18:11:00,VRRM
15.48,15.49,15.48,15.49,1522,2021-11-18 18:12:00,VRRM
15.49,15.5,15.49,15.5,1023,2021-11-18 18:13:00,VRRM
15.505,15.52,15.505,15.515,2345,2021-11-18 18:14:00,VRRM
15.51,15.51,15.5,15.5,1299,2021-11-18 18:15:00,VRRM
15.51,15.51,15.51,15.51,200,2021-11-18 18:16:00,VRRM
15.52,15.52,15.51,15.52,3011,2021-11-18 18:18:00,VRRM
15.51,15.51,15.51,15.51,800,2021-11-18 18:19:00,VRRM
15.505,15.505,15.49,15.5,1100,2021-11-18 18:20:00,VRRM
15.495,15.495,15.495,15.495,100,2021-11-18 18:22:00,VRRM
15.495,15.495,15.495,15.495,100,2021-11-18 18:24:00,VRRM
15.495,15.495,15.495,15.495,100,2021-11-18 18:25:00,VRRM
15.495,15.5,15.495,15.5,200,2021-11-18 18:27:00,VRRM
15.49,15.5,15.49,15.5,2820,2021-11-18 18:28:00,VRRM
15.5,15.5,15.5,15.5,523,2021-11-18 18:29:00,VRRM
15.5,15.5,15.5,15.5,100,2021-11-18 18:32:00,VRRM
15.5,15.51,15.5,15.51,1990,2021-11-18 18:33:00,VRRM
15.505,15.505,15.5,15.5,600,2021-11-18 18:35:00,VRRM
15.505,15.505,15.505,15.505,100,2021-11-18 18:38:00,VRRM
15.505,15.505,15.47,15.475,4025,2021-11-18 18:39:00,VRRM
15.47,15.47,15.445,15.455,1600,2021-11-18 18:42:00,VRRM
15.45,15.45,15.445,15.445,200,2021-11-18 18:44:00,VRRM
15.44,15.45,15.41,15.45,3198,2021-11-18 18:45:00,VRRM
15.45,15.46,15.45,15.46,300,2021-11-18 18:46:00,VRRM
15.46,15.5,15.46,15.5,6865,2021-11-18 18:49:00,VRRM
15.497,15.5,15.497,15.5,1200,2021-11-18 18:50:00,VRRM
15.5,15.51,15.5,15.51,1484,2021-11-18 18:51:00,VRRM
15.505,15.505,15.505,15.505,100,2021-11-18 18:52:00,VRRM
15.505,15.505,15.5,15.5,500,2021-11-18 18:53:00,VRRM
15.5,15.5,15.5,15.5,200,2021-11-18 18:54:00,VRRM
15.5,15.5,15.5,15.5,100,2021-11-18 18:55:00,VRRM
15.5,15.5,15.5,15.5,100,2021-11-18 18:57:00,VRRM
15.505,15.505,15.505,15.505,100,2021-11-18 18:58:00,VRRM
15.5,15.5,15.49,15.49,1700,2021-11-18 19:00:00,VRRM
15.49,15.49,15.485,15.49,400,2021-11-18 19:01:00,VRRM
15.5,15.52,15.5,15.52,500,2021-11-18 19:03:00,VRRM
15.52,15.52,15.52,15.52,100,2021-11-18 19:04:00,VRRM
15.53,15.54,15.53,15.54,1702,2021-11-18 19:05:00,VRRM
15.52,15.52,15.52,15.52,100,2021-11-18 19:06:00,VRRM
15.525,15.525,15.525,15.525,400,2021-11-18 19:07:00,VRRM
15.525,15.525,15.52,15.525,500,2021-11-18 19:10:00,VRRM
15.51,15.52,15.51,15.52,1585,2021-11-18 19:13:00,VRRM
15.52,15.52,15.52,15.52,100,2021-11-18 19:15:00,VRRM
15.52,15.52,15.52,15.52,100,2021-11-18 19:17:00,VRRM
15.51,15.51,15.505,15.505,900,2021-11-18 19:19:00,VRRM
15.5,15.5,15.49,15.495,1000,2021-11-18 19:20:00,VRRM
15.495,15.495,15.495,15.495,100,2021-11-18 19:22:00,VRRM
15.5,15.505,15.5,15.505,600,2021-11-18 19:23:00,VRRM
15.505,15.505,15.48,15.48,2313,2021-11-18 19:24:00,VRRM
15.48,15.48,15.48,15.48,100,2021-11-18 19:25:00,VRRM
15.48,15.48,15.48,15.48,200,2021-11-18 19:27:00,VRRM
15.471,15.48,15.47,15.472,1300,2021-11-18 19:29:00,VRRM
15.47,15.47,15.47,15.47,500,2021-11-18 19:30:00,VRRM
15.47,15.52,15.47,15.51,6300,2021-11-18 19:31:00,VRRM
15.5,15.5,15.49,15.5,1433,2021-11-18 19:32:00,VRRM
15.495,15.5,15.495,15.5,200,2021-11-18 19:33:00,VRRM
15.5,15.5,15.5,15.5,100,2021-11-18 19:34:00,VRRM
15.49,15.49,15.45,15.45,2696,2021-11-18 19:35:00,VRRM
15.465,15.48,15.46,15.48,883,2021-11-18 19:36:00,VRRM
15.48,15.48,15.48,15.48,100,2021-11-18 19:37:00,VRRM
15.49,15.518,15.49,15.518,1482,2021-11-18 19:40:00,VRRM
15.51,15.51,15.51,15.51,573,2021-11-18 19:41:00,VRRM
15.515,15.515,15.511,15.511,315,2021-11-18 19:43:00,VRRM
15.51,15.52,15.51,15.52,200,2021-11-18 19:44:00,VRRM
15.515,15.52,15.515,15.52,300,2021-11-18 19:45:00,VRRM
15.515,15.515,15.515,15.515,100,2021-11-18 19:46:00,VRRM
15.515,15.515,15.515,15.515,181,2021-11-18 19:47:00,VRRM
15.52,15.54,15.51,15.535,49206,2021-11-18 19:48:00,VRRM
15.54,15.54,15.54,15.54,217,2021-11-18 19:49:00,VRRM
15.55,15.55,15.55,15.55,700,2021-11-18 19:50:00,VRRM
15.55,15.57,15.548,15.56,900,2021-11-18 19:51:00,VRRM
15.56,15.56,15.56,15.56,200,2021-11-18 19:52:00,VRRM
15.56,15.57,15.56,15.565,2016,2021-11-18 19:53:00,VRRM
15.565,15.565,15.565,15.565,100,2021-11-18 19:55:00,VRRM
15.565,15.58,15.565,15.57,1554,2021-11-18 19:56:00,VRRM
15.57,15.59,15.565,15.59,900,2021-11-18 19:57:00,VRRM
15.57,15.6,15.57,15.6,3557,2021-11-18 19:59:00,VRRM
15.6,15.68,15.595,15.67,11242,2021-11-18 20:00:00,VRRM
15.67,15.7,15.65,15.65,3663,2021-11-18 20:01:00,VRRM
15.665,15.665,15.665,15.665,600,2021-11-18 20:03:00,VRRM
15.68,15.68,15.66,15.66,600,2021-11-18 20:04:00,VRRM
15.67,15.67,15.66,15.67,500,2021-11-18 20:05:00,VRRM
15.67,15.68,15.66,15.68,7601,2021-11-18 20:06:00,VRRM
15.68,15.69,15.66,15.68,1997,2021-11-18 20:07:00,VRRM
15.69,15.7,15.69,15.7,300,2021-11-18 20:08:00,VRRM
15.685,15.685,15.685,15.685,200,2021-11-18 20:09:00,VRRM
15.68,15.68,15.65,15.65,3242,2021-11-18 20:10:00,VRRM
15.655,15.655,15.62,15.64,3029,2021-11-18 20:11:00,VRRM
15.67,15.67,15.64,15.64,200,2021-11-18 20:13:00,VRRM
15.67,15.67,15.65,15.65,700,2021-11-18 20:14:00,VRRM
15.655,15.66,15.65,15.65,1400,2021-11-18 20:15:00,VRRM
15.65,15.65,15.65,15.65,100,2021-11-18 20:16:00,VRRM
15.655,15.655,15.655,15.655,100,2021-11-18 20:17:00,VRRM
15.65,15.65,15.63,15.63,2092,2021-11-18 20:18:00,VRRM
15.63,15.63,15.61,15.61,2362,2021-11-18 20:20:00,VRRM
15.61,15.62,15.61,15.62,816,2021-11-18 20:21:00,VRRM
15.62,15.62,15.6,15.6,921,2021-11-18 20:22:00,VRRM
15.6,15.61,15.6,15.61,802,2021-11-18 20:23:00,VRRM
15.615,15.65,15.615,15.631,2671,2021-11-18 20:25:00,VRRM
15.63,15.64,15.63,15.64,300,2021-11-18 20:26:00,VRRM
15.63,15.64,15.63,15.635,604,2021-11-18 20:27:00,VRRM
15.64,15.64,15.63,15.635,1506,2021-11-18 20:28:00,VRRM
15.63,15.63,15.615,15.62,2800,2021-11-18 20:30:00,VRRM
15.62,15.62,15.615,15.615,2199,2021-11-18 20:31:00,VRRM
15.62,15.62,15.615,15.615,400,2021-11-18 20:32:00,VRRM
15.615,15.63,15.615,15.615,1814,2021-11-18 20:33:00,VRRM
15.618,15.618,15.618,15.618,100,2021-11-18 20:34:00,VRRM
15.62,15.63,15.62,15.63,700,2021-11-18 20:35:00,VRRM
15.625,15.628,15.605,15.61,3100,2021-11-18 20:37:00,VRRM
15.6,15.62,15.6,15.605,2000,2021-11-18 20:38:00,VRRM
15.61,15.62,15.605,15.62,2071,2021-11-18 20:39:00,VRRM
15.615,15.62,15.615,15.615,400,2021-11-18 20:40:00,VRRM
15.61,15.61,15.605,15.61,3638,2021-11-18 20:41:00,VRRM
15.61,15.62,15.605,15.615,1500,2021-11-18 20:42:00,VRRM
15.615,15.62,15.605,15.605,2344,2021-11-18 20:43:00,VRRM
15.605,15.61,15.6,15.605,500,2021-11-18 20:44:00,VRRM
15.61,15.61,15.6,15.605,3080,2021-11-18 20:45:00,VRRM
15.605,15.61,15.605,15.605,2232,2021-11-18 20:46:00,VRRM
15.605,15.61,15.595,15.595,3148,2021-11-18 20:47:00,VRRM
15.595,15.6,15.595,15.595,1450,2021-11-18 20:48:00,VRRM
15.595,15.595,15.585,15.59,3300,2021-11-18 20:49:00,VRRM
15.58,15.63,15.58,15.63,5343,2021-11-18 20:50:00,VRRM
15.63,15.64,15.63,15.635,2991,2021-11-18 20:51:00,VRRM
15.63,15.63,15.62,15.63,2979,2021-11-18 20:52:00,VRRM
15.625,15.63,15.62,15.625,1012,2021-11-18 20:53:00,VRRM
15.625,15.63,15.61,15.61,7132,2021-11-18 20:54:00,VRRM
15.61,15.63,15.6,15.63,5813,2021-11-18 20:55:00,VRRM
15.625,15.635,15.62,15.635,7056,2021-11-18 20:56:00,VRRM
15.6377,15.64,15.63,15.63,15103,2021-11-18 20:57:00,VRRM
15.64,15.67,15.635,15.67,30573,2021-11-18 20:58:00,VRRM
15.66,15.69,15.66,15.66,34237,2021-11-18 20:59:00,VRRM
15.66,15.66,15.66,15.66,130144,2021-11-18 21:00:00,VRRM
15.66,15.66,15.66,15.66,4700,2021-11-18 21:01:00,VRRM
15.66,15.66,15.66,15.66,157,2021-11-18 21:02:00,VRRM
15.2,15.2,15.2,15.2,190,2021-11-19 13:37:00,VRRM
15.61,15.63,15.6,15.6,15428,2021-11-19 14:30:00,VRRM
15.5401,15.64,15.54,15.567,14994,2021-11-19 14:32:00,VRRM
15.55,15.55,15.4501,15.49,15200,2021-11-19 14:33:00,VRRM
15.4589,15.4589,15.4589,15.4589,5000,2021-11-19 14:34:00,VRRM
15.62,15.62,15.62,15.62,100,2021-11-19 14:37:00,VRRM
15.6,15.6,15.6,15.6,100,2021-11-19 14:38:00,VRRM
15.59,15.59,15.58,15.58,346,2021-11-19 14:39:00,VRRM
15.56,15.56,15.53,15.53,400,2021-11-19 14:40:00,VRRM
15.555,15.555,15.555,15.555,100,2021-11-19 14:48:00,VRRM
15.54,15.54,15.51,15.525,1200,2021-11-19 14:51:00,VRRM
15.53,15.53,15.53,15.53,100,2021-11-19 14:52:00,VRRM
15.53,15.53,15.53,15.53,400,2021-11-19 14:53:00,VRRM
15.55,15.59,15.55,15.59,300,2021-11-19 14:56:00,VRRM
15.59,15.6,15.56,15.6,540,2021-11-19 14:57:00,VRRM
15.579,15.58,15.57,15.57,300,2021-11-19 14:58:00,VRRM
15.59,15.59,15.58,15.58,800,2021-11-19 14:59:00,VRRM
15.59,15.59,15.575,15.575,500,2021-11-19 15:00:00,VRRM
15.5613,15.5613,15.5613,15.5613,200,2021-11-19 15:02:00,VRRM
15.59,15.6,15.57,15.585,2268,2021-11-19 15:03:00,VRRM
15.585,15.585,15.535,15.535,2201,2021-11-19 15:04:00,VRRM
15.55,15.555,15.55,15.555,1000,2021-11-19 15:05:00,VRRM
15.54,15.565,15.54,15.55,700,2021-11-19 15:06:00,VRRM
15.53,15.53,15.53,15.53,100,2021-11-19 15:08:00,VRRM
15.52,15.55,15.52,15.549,1106,2021-11-19 15:09:00,VRRM
15.56,15.59,15.56,15.585,850,2021-11-19 15:12:00,VRRM
15.6,15.6,15.57,15.59,1634,2021-11-19 15:13:00,VRRM
15.5936,15.5936,15.5936,15.5936,100,2021-11-19 15:14:00,VRRM
15.581,15.595,15.581,15.595,250,2021-11-19 15:15:00,VRRM
15.61,15.61,15.59,15.59,2348,2021-11-19 15:19:00,VRRM
15.6,15.62,15.6,15.61,804,2021-11-19 15:20:00,VRRM
15.6,15.63,15.59,15.59,3726,2021-11-19 15:22:00,VRRM
15.595,15.595,15.585,15.585,1900,2021-11-19 15:23:00,VRRM
15.59,15.62,15.59,15.62,1362,2021-11-19 15:25:00,VRRM
15.62,15.69,15.62,15.69,4373,2021-11-19 15:26:00,VRRM
15.7,15.7,15.68,15.68,200,2021-11-19 15:27:00,VRRM
15.68,15.68,15.68,15.68,100,2021-11-19 15:28:00,VRRM
15.67,15.67,15.67,15.67,100,2021-11-19 15:29:00,VRRM
15.68,15.68,15.68,15.68,100,2021-11-19 15:30:00,VRRM
15.685,15.69,15.67,15.69,2975,2021-11-19 15:33:00,VRRM
15.69,15.69,15.685,15.685,400,2021-11-19 15:34:00,VRRM
15.685,15.685,15.68,15.685,600,2021-11-19 15:35:00,VRRM
15.685,15.685,15.675,15.675,1000,2021-11-19 15:37:00,VRRM
15.68,15.68,15.68,15.68,100,2021-11-19 15:39:00,VRRM
15.67,15.67,15.67,15.67,100,2021-11-19 15:40:00,VRRM
15.69,15.69,15.69,15.69,400,2021-11-19 15:42:00,VRRM
15.69,15.699,15.69,15.699,200,2021-11-19 15:43:00,VRRM
15.7,15.71,15.7,15.71,2825,2021-11-19 15:44:00,VRRM
15.709,15.71,15.685,15.71,1800,2021-11-19 15:45:00,VRRM
15.68,15.68,15.68,15.68,100,2021-11-19 15:46:00,VRRM
15.695,15.705,15.68,15.68,400,2021-11-19 15:47:00,VRRM
15.695,15.705,15.68,15.68,750,2021-11-19 15:48:00,VRRM
15.71,15.71,15.71,15.71,1560,2021-11-19 15:50:00,VRRM
15.695,15.695,15.695,15.695,300,2021-11-19 15:51:00,VRRM
15.7,15.7,15.7,15.7,100,2021-11-19 15:52:00,VRRM
15.7,15.7,15.7,15.7,920,2021-11-19 15:53:00,VRRM
15.7,15.71,15.7,15.71,1520,2021-11-19 15:54:00,VRRM
15.71,15.72,15.71,15.715,8334,2021-11-19 15:55:00,VRRM
15.715,15.715,15.71,15.71,1500,2021-11-19 15:56:00,VRRM
15.715,15.72,15.71,15.712,1000,2021-11-19 15:57:00,VRRM
15.715,15.715,15.71,15.71,663,2021-11-19 15:58:00,VRRM
15.7,15.705,15.68,15.68,1900,2021-11-19 15:59:00,VRRM
15.68,15.68,15.68,15.68,100,2021-11-19 16:01:00,VRRM
15.68,15.68,15.65,15.65,1000,2021-11-19 16:03:00,VRRM
15.68,15.68,15.66,15.66,200,2021-11-19 16:04:00,VRRM
15.66,15.66,15.66,15.66,100,2021-11-19 16:05:00,VRRM
15.665,15.67,15.65,15.65,700,2021-11-19 16:06:00,VRRM
15.64,15.65,15.64,15.65,1700,2021-11-19 16:07:00,VRRM
15.655,15.655,15.655,15.655,100,2021-11-19 16:08:00,VRRM
15.65,15.65,15.65,15.65,100,2021-11-19 16:10:00,VRRM
15.645,15.645,15.645,15.645,100,2021-11-19 16:11:00,VRRM
15.65,15.65,15.65,15.65,200,2021-11-19 16:12:00,VRRM
15.64,15.645,15.635,15.635,500,2021-11-19 16:13:00,VRRM
15.635,15.635,15.635,15.635,108,2021-11-19 16:14:00,VRRM
15.64,15.64,15.635,15.635,900,2021-11-19 16:15:00,VRRM
15.635,15.64,15.62,15.63,3531,2021-11-19 16:16:00,VRRM
15.63,15.635,15.63,15.635,300,2021-11-19 16:18:00,VRRM
15.63,15.63,15.63,15.63,200,2021-11-19 16:19:00,VRRM
15.63,15.64,15.63,15.64,1900,2021-11-19 16:20:00,VRRM
15.635,15.635,15.635,15.635,300,2021-11-19 16:21:00,VRRM
15.63,15.63,15.63,15.63,200,2021-11-19 16:23:00,VRRM
15.64,15.64,15.64,15.64,100,2021-11-19 16:24:00,VRRM
15.635,15.635,15.635,15.635,100,2021-11-19 16:25:00,VRRM
15.63,15.635,15.63,15.63,1104,2021-11-19 16:26:00,VRRM
15.635,15.635,15.635,15.635,100,2021-11-19 16:27:00,VRRM
15.635,15.635,15.625,15.625,500,2021-11-19 16:28:00,VRRM
15.625,15.625,15.625,15.625,100,2021-11-19 16:29:00,VRRM
15.625,15.625,15.62,15.625,400,2021-11-19 16:30:00,VRRM
15.625,15.625,15.625,15.625,100,2021-11-19 16:31:00,VRRM
15.625,15.625,15.625,15.625,100,2021-11-19 16:33:00,VRRM
15.62,15.62,15.62,15.62,100,2021-11-19 16:35:00,VRRM
15.625,15.63,15.625,15.63,1299,2021-11-19 16:36:00,VRRM
15.62,15.64,15.61,15.615,1400,2021-11-19 16:38:00,VRRM
15.615,15.615,15.615,15.615,100,2021-11-19 16:39:00,VRRM
15.615,15.615,15.59,15.59,1670,2021-11-19 16:40:00,VRRM
15.6,15.6,15.6,15.6,200,2021-11-19 16:42:00,VRRM
15.6,15.6,15.6,15.6,150,2021-11-19 16:44:00,VRRM
15.6,15.6,15.59,15.59,200,2021-11-19 16:46:00,VRRM
15.59,15.59,15.56,15.56,1422,2021-11-19 16:48:00,VRRM
15.58,15.58,15.57,15.57,265,2021-11-19 16:49:00,VRRM
15.56,15.56,15.56,15.56,400,2021-11-19 16:50:00,VRRM
15.555,15.555,15.555,15.555,100,2021-11-19 16:52:00,VRRM
15.555,15.555,15.555,15.555,100,2021-11-19 16:53:00,VRRM
15.55,15.55,15.53,15.53,1147,2021-11-19 16:54:00,VRRM
15.53,15.53,15.5101,15.5101,247,2021-11-19 16:55:00,VRRM
15.51,15.53,15.51,15.51,1000,2021-11-19 16:56:00,VRRM
15.5,15.5,15.5,15.5,200,2021-11-19 16:59:00,VRRM
15.51,15.51,15.5,15.5,700,2021-11-19 17:00:00,VRRM
15.51,15.51,15.5,15.5,400,2021-11-19 17:01:00,VRRM
15.5,15.5,15.46,15.48,1616,2021-11-19 17:02:00,VRRM
15.46,15.46,15.45,15.45,589,2021-11-19 17:04:00,VRRM
15.44,15.44,15.44,15.44,200,2021-11-19 17:05:00,VRRM
15.43,15.43,15.41,15.41,300,2021-11-19 17:06:00,VRRM
15.43,15.43,15.43,15.43,100,2021-11-19 17:09:00,VRRM
15.43,15.43,15.425,15.425,705,2021-11-19 17:11:00,VRRM
15.43,15.44,15.43,15.44,600,2021-11-19 17:13:00,VRRM
15.43,15.43,15.43,15.43,200,2021-11-19 17:14:00,VRRM
15.44,15.44,15.435,15.435,1805,2021-11-19 17:15:00,VRRM
15.43,15.43,15.39,15.39,2580,2021-11-19 17:17:00,VRRM
15.39,15.39,15.39,15.39,1009,2021-11-19 17:20:00,VRRM
15.4,15.4,15.4,15.4,100,2021-11-19 17:21:00,VRRM
15.4,15.405,15.4,15.405,400,2021-11-19 17:23:00,VRRM
15.4,15.4,15.4,15.4,100,2021-11-19 17:24:00,VRRM
15.3996,15.3996,15.3996,15.3996,153,2021-11-19 17:25:00,VRRM
15.4,15.405,15.4,15.405,400,2021-11-19 17:26:00,VRRM
15.405,15.405,15.405,15.405,400,2021-11-19 17:28:00,VRRM
15.405,15.405,15.405,15.405,200,2021-11-19 17:29:00,VRRM
15.405,15.405,15.405,15.405,100,2021-11-19 17:31:00,VRRM
15.41,15.425,15.41,15.42,1963,2021-11-19 17:32:00,VRRM
15.43,15.44,15.43,15.439,700,2021-11-19 17:36:00,VRRM
15.44,15.44,15.44,15.44,200,2021-11-19 17:37:00,VRRM
15.44,15.45,15.44,15.45,900,2021-11-19 17:38:00,VRRM
15.44,15.45,15.44,15.45,300,2021-11-19 17:40:00,VRRM
15.43,15.44,15.43,15.435,1700,2021-11-19 17:41:00,VRRM
15.44,15.46,15.44,15.46,855,2021-11-19 17:42:00,VRRM
15.48,15.48,15.48,15.48,1665,2021-11-19 17:43:00,VRRM
15.49,15.49,15.49,15.49,100,2021-11-19 17:44:00,VRRM
15.49,15.49,15.49,15.49,100,2021-11-19 17:46:00,VRRM
15.49,15.49,15.485,15.485,1200,2021-11-19 17:47:00,VRRM
15.48,15.485,15.48,15.485,200,2021-11-19 17:48:00,VRRM
15.485,15.485,15.485,15.485,110,2021-11-19 17:49:00,VRRM
15.49,15.49,15.49,15.49,200,2021-11-19 17:50:00,VRRM
15.49,15.49,15.49,15.49,100,2021-11-19 17:51:00,VRRM
15.485,15.485,15.47,15.47,1200,2021-11-19 17:52:00,VRRM
15.47,15.47,15.43,15.43,2800,2021-11-19 17:56:00,VRRM
15.445,15.445,15.445,15.445,400,2021-11-19 17:58:00,VRRM
15.43,15.43,15.43,15.43,200,2021-11-19 17:59:00,VRRM
15.44,15.44,15.44,15.44,400,2021-11-19 18:00:00,VRRM
15.44,15.44,15.43,15.44,900,2021-11-19 18:01:00,VRRM
15.44,15.44,15.43,15.43,200,2021-11-19 18:02:00,VRRM
15.445,15.445,15.44,15.445,300,2021-11-19 18:03:00,VRRM
15.445,15.445,15.445,15.445,100,2021-11-19 18:04:00,VRRM
15.44,15.44,15.44,15.44,100,2021-11-19 18:05:00,VRRM
15.45,15.45,15.45,15.45,1000,2021-11-19 18:07:00,VRRM
15.455,15.455,15.455,15.455,100,2021-11-19 18:08:00,VRRM
15.46,15.47,15.46,15.47,600,2021-11-19 18:10:00,VRRM
15.48,15.51,15.48,15.495,1100,2021-11-19 18:11:00,VRRM
15.49,15.49,15.49,15.49,300,2021-11-19 18:12:00,VRRM
15.49,15.49,15.49,15.49,100,2021-11-19 18:13:00,VRRM
15.48,15.48,15.47,15.47,1000,2021-11-19 18:14:00,VRRM
15.4552,15.4552,15.45,15.45,980,2021-11-19 18:20:00,VRRM
15.46,15.46,15.46,15.46,300,2021-11-19 18:23:00,VRRM
15.465,15.465,15.46,15.46,1790,2021-11-19 18:26:00,VRRM
15.46,15.46,15.445,15.445,1997,2021-11-19 18:28:00,VRRM
15.45,15.45,15.45,15.45,100,2021-11-19 18:29:00,VRRM
15.445,15.445,15.445,15.445,100,2021-11-19 18:30:00,VRRM
15.445,15.445,15.445,15.445,200,2021-11-19 18:34:00,VRRM
15.44,15.445,15.44,15.445,300,2021-11-19 18:36:00,VRRM
15.44,15.44,15.425,15.44,1800,2021-11-19 18:37:00,VRRM
15.44,15.445,15.44,15.445,445,2021-11-19 18:38:00,VRRM
15.44,15.44,15.4,15.4,1500,2021-11-19 18:39:00,VRRM
15.4,15.4,15.39,15.39,200,2021-11-19 18:40:00,VRRM
15.38,15.38,15.37,15.37,546,2021-11-19 18:41:00,VRRM
15.38,15.38,15.38,15.38,1700,2021-11-19 18:44:00,VRRM
15.3872,15.3872,15.37,15.37,1111,2021-11-19 18:45:00,VRRM
15.37,15.37,15.365,15.365,900,2021-11-19 18:47:00,VRRM
15.36,15.38,15.355,15.38,800,2021-11-19 18:51:00,VRRM
15.38,15.38,15.375,15.375,200,2021-11-19 18:52:00,VRRM
15.39,15.39,15.39,15.39,700,2021-11-19 18:53:00,VRRM
15.399,15.399,15.39,15.39,200,2021-11-19 18:55:00,VRRM
15.4,15.405,15.4,15.405,200,2021-11-19 18:56:00,VRRM
15.41,15.41,15.41,15.41,900,2021-11-19 18:59:00,VRRM
15.41,15.41,15.4,15.4,700,2021-11-19 19:01:00,VRRM
15.4,15.4,15.385,15.385,1146,2021-11-19 19:03:00,VRRM
15.37,15.38,15.35,15.37,2033,2021-11-19 19:05:00,VRRM
15.37,15.37,15.37,15.37,200,2021-11-19 19:07:00,VRRM
15.375,15.375,15.365,15.365,1400,2021-11-19 19:12:00,VRRM
15.365,15.365,15.365,15.365,500,2021-11-19 19:14:00,VRRM
15.36,15.36,15.36,15.36,200,2021-11-19 19:15:00,VRRM
15.37,15.37,15.37,15.37,800,2021-11-19 19:16:00,VRRM
15.379,15.379,15.379,15.379,100,2021-11-19 19:18:00,VRRM
15.375,15.375,15.375,15.375,100,2021-11-19 19:19:00,VRRM
15.37,15.375,15.37,15.37,600,2021-11-19 19:20:00,VRRM
15.375,15.375,15.375,15.375,100,2021-11-19 19:21:00,VRRM
15.38,15.38,15.37,15.37,300,2021-11-19 19:22:00,VRRM
15.375,15.39,15.37,15.37,2700,2021-11-19 19:23:00,VRRM
15.38,15.38,15.35,15.35,2752,2021-11-19 19:24:00,VRRM
15.355,15.355,15.355,15.355,400,2021-11-19 19:25:00,VRRM
15.36,15.36,15.355,15.355,418,2021-11-19 19:26:00,VRRM
15.35,15.355,15.31,15.31,2162,2021-11-19 19:27:00,VRRM
15.33,15.33,15.33,15.33,400,2021-11-19 19:28:00,VRRM
15.32,15.33,15.32,15.33,200,2021-11-19 19:31:00,VRRM
15.33,15.33,15.32,15.33,739,2021-11-19 19:32:00,VRRM
15.32,15.325,15.31,15.31,1100,2021-11-19 19:33:00,VRRM
15.31,15.32,15.29,15.3,700,2021-11-19 19:34:00,VRRM
15.32,15.32,15.32,15.32,471,2021-11-19 19:36:00,VRRM
15.32,15.32,15.31,15.31,200,2021-11-19 19:40:00,VRRM
15.329,15.329,15.329,15.329,100,2021-11-19 19:41:00,VRRM
15.32,15.325,15.31,15.31,1700,2021-11-19 19:42:00,VRRM
15.3,15.3,15.29,15.29,400,2021-11-19 19:43:00,VRRM
15.3,15.3,15.3,15.3,300,2021-11-19 19:44:00,VRRM
15.29,15.29,15.28,15.28,300,2021-11-19 19:45:00,VRRM
15.29,15.29,15.28,15.28,500,2021-11-19 19:48:00,VRRM
15.285,15.285,15.26,15.26,1200,2021-11-19 19:51:00,VRRM
15.25,15.26,15.23,15.23,1388,2021-11-19 19:52:00,VRRM
15.25,15.25,15.25,15.25,700,2021-11-19 19:53:00,VRRM
15.23,15.23,15.23,15.23,200,2021-11-19 19:55:00,VRRM
15.25,15.25,15.25,15.25,715,2021-11-19 19:57:00,VRRM
15.255,15.255,15.255,15.255,100,2021-11-19 19:59:00,VRRM
15.26,15.26,15.255,15.255,200,2021-11-19 20:00:00,VRRM
15.26,15.26,15.26,15.26,1100,2021-11-19 20:01:00,VRRM
15.265,15.275,15.26,15.27,4862,2021-11-19 20:02:00,VRRM
15.27,15.27,15.26,15.27,967,2021-11-19 20:03:00,VRRM
15.27,15.27,15.25,15.25,1800,2021-11-19 20:04:00,VRRM
15.27,15.27,15.25,15.25,961,2021-11-19 20:05:00,VRRM
15.26,15.26,15.26,15.26,100,2021-11-19 20:06:00,VRRM
15.255,15.255,15.255,15.255,200,2021-11-19 20:07:00,VRRM
15.255,15.26,15.255,15.26,1750,2021-11-19 20:08:00,VRRM
15.26,15.29,15.26,15.28,3800,2021-11-19 20:09:00,VRRM
15.28,15.31,15.27,15.31,4409,2021-11-19 20:10:00,VRRM
15.32,15.3265,15.31,15.315,2618,2021-11-19 20:11:00,VRRM
15.32,15.32,15.315,15.315,500,2021-11-19 20:12:00,VRRM
15.31,15.315,15.31,15.315,800,2021-11-19 20:13:00,VRRM
15.315,15.315,15.3,15.3,2000,2021-11-19 20:14:00,VRRM
15.305,15.305,15.295,15.3,1400,2021-11-19 20:15:00,VRRM
15.295,15.295,15.295,15.295,400,2021-11-19 20:16:00,VRRM
15.295,15.3,15.295,15.3,700,2021-11-19 20:17:00,VRRM
15.295,15.295,15.285,15.285,998,2021-11-19 20:18:00,VRRM
15.285,15.285,15.28,15.285,930,2021-11-19 20:19:00,VRRM
15.285,15.29,15.28,15.285,2200,2021-11-19 20:20:00,VRRM
15.28,15.29,15.28,15.29,400,2021-11-19 20:21:00,VRRM
15.285,15.285,15.285,15.285,300,2021-11-19 20:22:00,VRRM
15.285,15.305,15.285,15.29,5111,2021-11-19 20:23:00,VRRM
15.28,15.3,15.28,15.28,700,2021-11-19 20:24:00,VRRM
15.289,15.3,15.285,15.29,2000,2021-11-19 20:25:00,VRRM
15.3,15.3,15.29,15.29,200,2021-11-19 20:26:00,VRRM
15.3,15.305,15.295,15.295,2587,2021-11-19 20:27:00,VRRM
15.295,15.305,15.29,15.305,3315,2021-11-19 20:28:00,VRRM
15.305,15.305,15.28,15.29,13460,2021-11-19 20:29:00,VRRM
15.29,15.29,15.27,15.28,2914,2021-11-19 20:30:00,VRRM
15.27,15.28,15.27,15.28,600,2021-11-19 20:31:00,VRRM
15.28,15.28,15.27,15.28,2515,2021-11-19 20:32:00,VRRM
15.28,15.28,15.28,15.28,200,2021-11-19 20:33:00,VRRM
15.28,15.28,15.28,15.28,300,2021-11-19 20:34:00,VRRM
15.28,15.29,15.28,15.28,720,2021-11-19 20:35:00,VRRM
15.285,15.285,15.28,15.285,1708,2021-11-19 20:36:00,VRRM
15.28,15.28,15.28,15.28,200,2021-11-19 20:37:00,VRRM
15.28,15.285,15.26,15.28,7956,2021-11-19 20:38:00,VRRM
15.28,15.28,15.28,15.28,200,2021-11-19 20:39:00,VRRM
15.275,15.275,15.275,15.275,300,2021-11-19 20:40:00,VRRM
15.271,15.28,15.271,15.28,983,2021-11-19 20:41:00,VRRM
15.28,15.285,15.28,15.28,1200,2021-11-19 20:42:00,VRRM
15.28,15.28,15.28,15.28,200,2021-11-19 20:43:00,VRRM
15.285,15.285,15.28,15.28,300,2021-11-19 20:44:00,VRRM
15.28,15.2899,15.28,15.28,562,2021-11-19 20:45:00,VRRM
15.28,15.285,15.28,15.285,800,2021-11-19 20:46:00,VRRM
15.285,15.29,15.28,15.28,400,2021-11-19 20:47:00,VRRM
15.28,15.295,15.28,15.295,3380,2021-11-19 20:48:00,VRRM
15.2921,15.3,15.2921,15.295,650,2021-11-19 20:49:00,VRRM
15.29,15.3,15.29,15.3,655,2021-11-19 20:50:00,VRRM
15.3,15.3,15.295,15.295,200,2021-11-19 20:51:00,VRRM
15.295,15.3,15.29,15.295,1414,2021-11-19 20:52:00,VRRM
15.2926,15.31,15.2926,15.3027,2272,2021-11-19 20:53:00,VRRM
15.305,15.325,15.3,15.32,5276,2021-11-19 20:54:00,VRRM
15.315,15.325,15.31,15.315,4013,2021-11-19 20:55:00,VRRM
15.315,15.315,15.31,15.315,3107,2021-11-19 20:56:00,VRRM
15.315,15.315,15.31,15.31,3889,2021-11-19 20:57:00,VRRM
15.31,15.35,15.31,15.3301,27883,2021-11-19 20:58:00,VRRM
15.34,15.35,15.34,15.35,9507,2021-11-19 20:59:00,VRRM
15.35,15.35,15.35,15.35,88888,2021-11-19 21:00:00,VRRM
15.35,15.35,15.35,15.35,3500,2021-11-19 21:01:00,VRRM
15.52,15.52,15.41,15.41,5916,2021-11-22 14:30:00,VRRM
15.48,15.48,15.4,15.47,501,2021-11-22 14:31:00,VRRM
15.38,15.38,15.38,15.38,100,2021-11-22 14:34:00,VRRM
15.39,15.42,15.39,15.42,982,2021-11-22 14:35:00,VRRM
15.455,15.455,15.455,15.455,117,2021-11-22 14:39:00,VRRM
15.5,15.5,15.46,15.46,200,2021-11-22 14:41:00,VRRM
15.42,15.445,15.41,15.415,817,2021-11-22 14:42:00,VRRM
15.4,15.4,15.38,15.385,700,2021-11-22 14:43:00,VRRM
15.4,15.4,15.37,15.4,4204,2021-11-22 14:44:00,VRRM
15.41,15.41,15.41,15.41,374,2021-11-22 14:45:00,VRRM
15.41,15.41,15.41,15.41,166,2021-11-22 14:46:00,VRRM
15.42,15.46,15.42,15.46,600,2021-11-22 14:47:00,VRRM
15.45,15.45,15.45,15.45,300,2021-11-22 14:48:00,VRRM
15.48,15.49,15.46,15.465,1890,2021-11-22 14:49:00,VRRM
15.45,15.45,15.45,15.45,100,2021-11-22 14:51:00,VRRM
15.465,15.465,15.465,15.465,200,2021-11-22 14:52:00,VRRM
15.465,15.52,15.465,15.52,1059,2021-11-22 14:53:00,VRRM
15.49,15.56,15.49,15.56,1391,2021-11-22 14:54:00,VRRM
15.535,15.535,15.535,15.535,162,2021-11-22 14:55:00,VRRM
15.535,15.54,15.52,15.54,400,2021-11-22 14:56:00,VRRM
15.545,15.545,15.5,15.52,1415,2021-11-22 14:57:00,VRRM
15.51,15.51,15.51,15.51,200,2021-11-22 14:58:00,VRRM
15.52,15.54,15.51,15.54,1500,2021-11-22 14:59:00,VRRM
15.57,15.58,15.57,15.58,522,2021-11-22 15:00:00,VRRM
15.57,15.57,15.56,15.56,600,2021-11-22 15:01:00,VRRM
15.59,15.59,15.59,15.59,100,2021-11-22 15:02:00,VRRM
15.57,15.57,15.57,15.57,100,2021-11-22 15:03:00,VRRM
15.58,15.58,15.54,15.55,2358,2021-11-22 15:04:00,VRRM
15.57,15.57,15.55,15.565,400,2021-11-22 15:05:00,VRRM
15.58,15.6,15.57,15.57,600,2021-11-22 15:06:00,VRRM
15.585,15.585,15.585,15.585,100,2021-11-22 15:07:00,VRRM
15.585,15.6,15.58,15.6,788,2021-11-22 15:08:00,VRRM
15.61,15.611,15.6,15.6,2622,2021-11-22 15:09:00,VRRM
15.6,15.63,15.6,15.63,600,2021-11-22 15:10:00,VRRM
15.63,15.64,15.63,15.64,783,2021-11-22 15:11:00,VRRM
15.64,15.68,15.64,15.68,800,2021-11-22 15:12:00,VRRM
15.66,15.67,15.65,15.65,7096,2021-11-22 15:13:00,VRRM
15.67,15.67,15.67,15.67,100,2021-11-22 15:15:00,VRRM
15.67,15.67,15.621,15.63,3321,2021-11-22 15:19:00,VRRM
15.64,15.67,15.64,15.67,1114,2021-11-22 15:20:00,VRRM
15.66,15.66,15.64,15.64,773,2021-11-22 15:21:00,VRRM
15.66,15.66,15.66,15.66,800,2021-11-22 15:22:00,VRRM
15.67,15.69,15.65,15.69,3192,2021-11-22 15:23:00,VRRM
15.67,15.68,15.67,15.67,2000,2021-11-22 15:24:00,VRRM
15.675,15.675,15.66,15.67,1019,2021-11-22 15:25:00,VRRM
15.68,15.69,15.68,15.68,500,2021-11-22 15:26:00,VRRM
15.66,15.66,15.655,15.655,200,2021-11-22 15:27:00,VRRM
15.64,15.64,15.63,15.63,800,2021-11-22 15:28:00,VRRM
15.64,15.64,15.64,15.64,100,2021-11-22 15:29:00,VRRM
15.645,15.645,15.645,15.645,100,2021-11-22 15:30:00,VRRM
15.66,15.7,15.66,15.68,1260,2021-11-22 15:31:00,VRRM
15.72,15.72,15.72,15.72,100,2021-11-22 15:32:00,VRRM
15.7,15.71,15.695,15.705,1100,2021-11-22 15:33:00,VRRM
15.705,15.72,15.705,15.72,300,2021-11-22 15:34:00,VRRM
15.72,15.73,15.72,15.73,898,2021-11-22 15:35:00,VRRM
15.72,15.72,15.71,15.72,1229,2021-11-22 15:36:00,VRRM
15.725,15.725,15.68,15.695,2000,2021-11-22 15:37:00,VRRM
15.68,15.69,15.68,15.69,1837,2021-11-22 15:40:00,VRRM
15.69,15.7,15.69,15.7,420,2021-11-22 15:41:00,VRRM
15.7,15.7,15.68,15.69,1696,2021-11-22 15:42:00,VRRM
15.7,15.715,15.7,15.7,1623,2021-11-22 15:43:00,VRRM
15.7,15.72,15.7,15.72,300,2021-11-22 15:44:00,VRRM
15.7,15.7,15.7,15.7,428,2021-11-22 15:45:00,VRRM
15.69,15.69,15.67,15.67,1200,2021-11-22 15:46:00,VRRM
15.66,15.69,15.66,15.68,2868,2021-11-22 15:47:00,VRRM
15.67,15.67,15.67,15.67,100,2021-11-22 15:48:00,VRRM
15.685,15.685,15.67,15.67,500,2021-11-22 15:49:00,VRRM
15.66,15.66,15.63,15.63,800,2021-11-22 15:51:00,VRRM
15.6,15.6,15.591,15.6,800,2021-11-22 15:52:00,VRRM
15.61,15.61,15.608,15.608,486,2021-11-22 15:53:00,VRRM
15.61,15.62,15.61,15.61,400,2021-11-22 15:55:00,VRRM
15.61,15.62,15.57,15.57,4167,2021-11-22 15:56:00,VRRM
15.58,15.6,15.58,15.6,200,2021-11-22 15:57:00,VRRM
15.58,15.58,15.56,15.56,500,2021-11-22 15:58:00,VRRM
15.57,15.58,15.55,15.58,2277,2021-11-22 15:59:00,VRRM
15.58,15.5891,15.56,15.5891,1556,2021-11-22 16:00:00,VRRM
15.58,15.58,15.56,15.56,239,2021-11-22 16:01:00,VRRM
15.59,15.59,15.58,15.58,200,2021-11-22 16:02:00,VRRM
15.59,15.59,15.59,15.59,100,2021-11-22 16:03:00,VRRM
15.57,15.57,15.56,15.57,1161,2021-11-22 16:05:00,VRRM
15.57,15.58,15.57,15.58,300,2021-11-22 16:06:00,VRRM
15.565,15.565,15.565,15.565,100,2021-11-22 16:07:00,VRRM
15.57,15.57,15.55,15.55,550,2021-11-22 16:08:00,VRRM
15.55,15.55,15.52,15.52,700,2021-11-22 16:09:00,VRRM
15.54,15.545,15.54,15.545,200,2021-11-22 16:10:00,VRRM
15.55,15.55,15.55,15.55,100,2021-11-22 16:11:00,VRRM
15.56,15.56,15.55,15.55,400,2021-11-22 16:12:00,VRRM
15.56,15.56,15.56,15.56,1000,2021-11-22 16:13:00,VRRM
15.56,15.58,15.56,15.57,600,2021-11-22 16:14:00,VRRM
15.57,15.59,15.57,15.575,300,2021-11-22 16:15:00,VRRM
15.59,15.6,15.57,15.57,1823,2021-11-22 16:16:00,VRRM
15.58,15.58,15.57,15.57,543,2021-11-22 16:18:00,VRRM
15.575,15.575,15.5635,15.57,1397,2021-11-22 16:19:00,VRRM
15.56,15.61,15.56,15.61,2084,2021-11-22 16:20:00,VRRM
15.605,15.61,15.6015,15.61,800,2021-11-22 16:22:00,VRRM
15.605,15.62,15.605,15.62,300,2021-11-22 16:23:00,VRRM
15.6,15.6,15.6,15.6,100,2021-11-22 16:24:00,VRRM
15.59,15.59,15.59,15.59,1063,2021-11-22 16:25:00,VRRM
15.585,15.59,15.585,15.59,300,2021-11-22 16:26:00,VRRM
15.59,15.59,15.59,15.59,100,2021-11-22 16:27:00,VRRM
15.58,15.58,15.53,15.53,2506,2021-11-22 16:28:00,VRRM
15.52,15.52,15.51,15.51,344,2021-11-22 16:29:00,VRRM
15.51,15.52,15.51,15.52,400,2021-11-22 16:30:00,VRRM
15.52,15.54,15.52,15.54,1051,2021-11-22 16:31:00,VRRM
15.53,15.53,15.53,15.53,1133,2021-11-22 16:32:00,VRRM
15.52,15.52,15.52,15.52,311,2021-11-22 16:33:00,VRRM
15.51,15.51,15.51,15.51,300,2021-11-22 16:34:00,VRRM
15.52,15.54,15.52,15.54,1000,2021-11-22 16:35:00,VRRM
15.54,15.55,15.54,15.55,1878,2021-11-22 16:36:00,VRRM
15.555,15.555,15.54,15.555,400,2021-11-22 16:37:00,VRRM
15.54,15.54,15.53,15.53,1757,2021-11-22 16:38:00,VRRM
15.54,15.55,15.53,15.55,700,2021-11-22 16:39:00,VRRM
15.57,15.57,15.57,15.57,100,2021-11-22 16:40:00,VRRM
15.55,15.555,15.55,15.55,300,2021-11-22 16:42:00,VRRM
15.55,15.55,15.5,15.51,1498,2021-11-22 16:43:00,VRRM
15.53,15.53,15.53,15.53,100,2021-11-22 16:44:00,VRRM
15.53,15.55,15.53,15.55,300,2021-11-22 16:45:00,VRRM
15.53,15.54,15.51,15.53,2799,2021-11-22 16:47:00,VRRM
15.54,15.54,15.52,15.53,600,2021-11-22 16:48:00,VRRM
15.54,15.56,15.53,15.54,1473,2021-11-22 16:49:00,VRRM
15.53,15.53,15.51,15.51,1949,2021-11-22 16:51:00,VRRM
15.52,15.52,15.5,15.5,800,2021-11-22 16:52:00,VRRM
15.51,15.51,15.51,15.51,100,2021-11-22 16:53:00,VRRM
15.48,15.48,15.47,15.48,600,2021-11-22 16:54:00,VRRM
15.46,15.46,15.46,15.46,200,2021-11-22 16:55:00,VRRM
15.451,15.451,15.45,15.45,400,2021-11-22 16:56:00,VRRM
15.45,15.45,15.45,15.45,313,2021-11-22 16:57:00,VRRM
15.44,15.48,15.43,15.48,2211,2021-11-22 16:58:00,VRRM
15.48,15.51,15.48,15.51,845,2021-11-22 16:59:00,VRRM
15.53,15.54,15.52,15.54,2310,2021-11-22 17:00:00,VRRM
15.55,15.55,15.54,15.54,2449,2021-11-22 17:01:00,VRRM
15.5364,15.5364,15.5,15.5,2000,2021-11-22 17:02:00,VRRM
15.49,15.51,15.49,15.5,1900,2021-11-22 17:03:00,VRRM
15.51,15.51,15.51,15.51,300,2021-11-22 17:04:00,VRRM
15.52,15.53,15.51,15.515,1358,2021-11-22 17:05:00,VRRM
15.515,15.515,15.515,15.515,300,2021-11-22 17:06:00,VRRM
15.515,15.515,15.515,15.515,200,2021-11-22 17:07:00,VRRM
15.515,15.515,15.49,15.5,1785,2021-11-22 17:08:00,VRRM
15.5,15.5,15.495,15.5,400,2021-11-22 17:09:00,VRRM
15.51,15.51,15.51,15.51,300,2021-11-22 17:10:00,VRRM
15.52,15.52,15.51,15.51,300,2021-11-22 17:11:00,VRRM
15.51,15.51,15.51,15.51,200,2021-11-22 17:12:00,VRRM
15.51,15.51,15.51,15.51,200,2021-11-22 17:13:00,VRRM
15.51,15.51,15.49,15.49,2254,2021-11-22 17:14:00,VRRM
15.5,15.51,15.48,15.48,1800,2021-11-22 17:15:00,VRRM
15.49,15.49,15.47,15.47,300,2021-11-22 17:16:00,VRRM
15.48,15.48,15.48,15.48,200,2021-11-22 17:17:00,VRRM
15.48,15.48,15.47,15.48,400,2021-11-22 17:18:00,VRRM
15.48,15.5,15.48,15.5,1200,2021-11-22 17:19:00,VRRM
15.5,15.5,15.49,15.5,500,2021-11-22 17:20:00,VRRM
15.5,15.5,15.49,15.49,200,2021-11-22 17:22:00,VRRM
15.5,15.5,15.5,15.5,1345,2021-11-22 17:23:00,VRRM
15.49,15.49,15.48,15.48,1000,2021-11-22 17:24:00,VRRM
15.49,15.5,15.49,15.5,1000,2021-11-22 17:25:00,VRRM
15.49,15.49,15.49,15.49,113,2021-11-22 17:27:00,VRRM
15.5,15.52,15.5,15.5,6513,2021-11-22 17:28:00,VRRM
15.495,15.52,15.495,15.52,770,2021-11-22 17:29:00,VRRM
15.54,15.54,15.54,15.54,100,2021-11-22 17:30:00,VRRM
15.54,15.54,15.535,15.535,1243,2021-11-22 17:31:00,VRRM
15.54,15.54,15.535,15.535,300,2021-11-22 17:32:00,VRRM
15.54,15.54,15.54,15.54,200,2021-11-22 17:33:00,VRRM
15.54,15.54,15.54,15.54,200,2021-11-22 17:34:00,VRRM
15.54,15.56,15.54,15.55,7490,2021-11-22 17:35:00,VRRM
15.56,15.56,15.54,15.545,2852,2021-11-22 17:36:00,VRRM
15.55,15.555,15.55,15.555,306,2021-11-22 17:38:00,VRRM
15.56,15.57,15.56,15.565,900,2021-11-22 17:40:00,VRRM
15.565,15.565,15.56,15.565,1300,2021-11-22 17:41:00,VRRM
15.565,15.565,15.565,15.565,100,2021-11-22 17:42:00,VRRM
15.565,15.565,15.565,15.565,200,2021-11-22 17:43:00,VRRM
15.57,15.571,15.56,15.565,3475,2021-11-22 17:44:00,VRRM
15.56,15.565,15.56,15.56,935,2021-11-22 17:45:00,VRRM
15.56,15.56,15.56,15.56,1523,2021-11-22 17:46:00,VRRM
15.57,15.57,15.57,15.57,100,2021-11-22 17:48:00,VRRM
15.56,15.56,15.545,15.55,1800,2021-11-22 17:50:00,VRRM
15.55,15.55,15.545,15.55,1600,2021-11-22 17:51:00,VRRM
15.55,15.565,15.55,15.555,1538,2021-11-22 17:52:00,VRRM
15.555,15.555,15.555,15.555,4600,2021-11-22 17:53:00,VRRM
15.555,15.555,15.54,15.54,2140,2021-11-22 17:54:00,VRRM
15.53,15.54,15.53,15.54,200,2021-11-22 17:55:00,VRRM
15.54,15.56,15.54,15.56,1100,2021-11-22 17:56:00,VRRM
15.575,15.585,15.575,15.585,2173,2021-11-22 17:57:00,VRRM
15.58,15.59,15.58,15.59,3200,2021-11-22 17:58:00,VRRM
15.59,15.59,15.59,15.59,600,2021-11-22 17:59:00,VRRM
15.58,15.59,15.58,15.59,3026,2021-11-22 18:00:00,VRRM
15.59,15.625,15.59,15.625,2420,2021-11-22 18:01:00,VRRM
15.625,15.625,15.625,15.625,300,2021-11-22 18:02:00,VRRM
15.62,15.62,15.61,15.61,1973,2021-11-22 18:03:00,VRRM
15.615,15.63,15.615,15.63,840,2021-11-22 18:04:00,VRRM
15.64,15.655,15.64,15.65,6136,2021-11-22 18:05:00,VRRM
15.65,15.675,15.65,15.67,4155,2021-11-22 18:06:00,VRRM
15.67,15.67,15.67,15.67,200,2021-11-22 18:08:00,VRRM
15.68,15.68,15.67,15.67,500,2021-11-22 18:09:00,VRRM
15.675,15.675,15.65,15.65,4756,2021-11-22 18:10:00,VRRM
15.65,15.65,15.645,15.65,1907,2021-11-22 18:11:00,VRRM
15.65,15.67,15.65,15.67,1356,2021-11-22 18:13:00,VRRM
15.67,15.7,15.67,15.69,3390,2021-11-22 18:15:00,VRRM
15.7,15.72,15.67,15.68,8007,2021-11-22 18:16:00,VRRM
15.68,15.68,15.68,15.68,400,2021-11-22 18:17:00,VRRM
15.68,15.685,15.68,15.685,675,2021-11-22 18:18:00,VRRM
15.6815,15.69,15.6815,15.69,1300,2021-11-22 18:19:00,VRRM
15.685,15.685,15.685,15.685,500,2021-11-22 18:20:00,VRRM
15.685,15.705,15.685,15.705,1738,2021-11-22 18:21:00,VRRM
15.705,15.71,15.685,15.685,3634,2021-11-22 18:22:00,VRRM
15.68,15.68,15.68,15.68,1141,2021-11-22 18:23:00,VRRM
15.67,15.67,15.67,15.67,100,2021-11-22 18:25:00,VRRM
15.67,15.68,15.67,15.68,601,2021-11-22 18:26:00,VRRM
15.67,15.67,15.62,15.65,4768,2021-11-22 18:28:00,VRRM
15.65,15.66,15.6,15.64,4808,2021-11-22 18:29:00,VRRM
15.62,15.62,15.57,15.58,2865,2021-11-22 18:30:00,VRRM
15.56,15.59,15.56,15.59,590,2021-11-22 18:31:00,VRRM
15.58,15.62,15.58,15.62,4632,2021-11-22 18:33:00,VRRM
15.62,15.62,15.62,15.62,100,2021-11-22 18:35:00,VRRM
15.62,15.64,15.62,15.64,600,2021-11-22 18:36:00,VRRM
15.635,15.635,15.62,15.625,1891,2021-11-22 18:37:00,VRRM
15.63,15.63,15.63,15.63,200,2021-11-22 18:38:00,VRRM
15.625,15.63,15.62,15.625,1097,2021-11-22 18:39:00,VRRM
15.625,15.625,15.62,15.62,500,2021-11-22 18:40:00,VRRM
15.62,15.625,15.61,15.625,2206,2021-11-22 18:41:00,VRRM
15.625,15.625,15.625,15.625,100,2021-11-22 18:42:00,VRRM
15.62,15.66,15.62,15.65,3470,2021-11-22 18:43:00,VRRM
15.65,15.65,15.65,15.65,200,2021-11-22 18:44:00,VRRM
15.64,15.64,15.62,15.63,1693,2021-11-22 18:45:00,VRRM
15.64,15.66,15.64,15.66,703,2021-11-22 18:46:00,VRRM
15.65,15.665,15.65,15.665,886,2021-11-22 18:47:00,VRRM
15.66,15.66,15.66,15.66,952,2021-11-22 18:48:00,VRRM
15.665,15.68,15.665,15.68,2005,2021-11-22 18:49:00,VRRM
15.69,15.7,15.69,15.695,864,2021-11-22 18:50:00,VRRM
15.71,15.71,15.65,15.65,4251,2021-11-22 18:51:00,VRRM
15.67,15.67,15.67,15.67,200,2021-11-22 18:52:00,VRRM
15.65,15.65,15.65,15.65,200,2021-11-22 18:53:00,VRRM
15.66,15.66,15.66,15.66,521,2021-11-22 18:54:00,VRRM
15.67,15.67,15.66,15.66,1072,2021-11-22 18:56:00,VRRM
15.66,15.66,15.65,15.65,637,2021-11-22 18:58:00,VRRM
15.66,15.66,15.66,15.66,490,2021-11-22 18:59:00,VRRM
15.66,15.67,15.66,15.66,2467,2021-11-22 19:00:00,VRRM
15.68,15.68,15.68,15.68,900,2021-11-22 19:01:00,VRRM
15.69,15.7,15.69,15.7,700,2021-11-22 19:02:00,VRRM
15.7,15.7,15.695,15.7,845,2021-11-22 19:03:00,VRRM
15.69,15.71,15.69,15.71,1800,2021-11-22 19:04:00,VRRM
15.69,15.71,15.69,15.71,400,2021-11-22 19:05:00,VRRM
15.69,15.69,15.68,15.69,4823,2021-11-22 19:06:00,VRRM
15.67,15.68,15.64,15.65,1859,2021-11-22 19:07:00,VRRM
15.635,15.65,15.635,15.65,325,2021-11-22 19:09:00,VRRM
15.64,15.64,15.64,15.64,400,2021-11-22 19:11:00,VRRM
15.645,15.65,15.645,15.65,375,2021-11-22 19:12:00,VRRM
15.64,15.645,15.64,15.645,415,2021-11-22 19:13:00,VRRM
15.645,15.645,15.645,15.645,100,2021-11-22 19:14:00,VRRM
15.645,15.645,15.645,15.645,100,2021-11-22 19:15:00,VRRM
15.645,15.65,15.645,15.65,200,2021-11-22 19:16:00,VRRM
15.65,15.65,15.641,15.65,500,2021-11-22 19:17:00,VRRM
15.6455,15.65,15.645,15.65,754,2021-11-22 19:19:00,VRRM
15.65,15.67,15.65,15.67,877,2021-11-22 19:20:00,VRRM
15.67,15.675,15.67,15.67,3415,2021-11-22 19:21:00,VRRM
15.67,15.68,15.67,15.68,1934,2021-11-22 19:22:00,VRRM
15.675,15.68,15.675,15.68,400,2021-11-22 19:23:00,VRRM
15.69,15.69,15.69,15.69,100,2021-11-22 19:24:00,VRRM
15.69,15.69,15.69,15.69,100,2021-11-22 19:26:00,VRRM
15.69,15.695,15.69,15.695,1000,2021-11-22 19:27:00,VRRM
15.7,15.7,15.7,15.7,200,2021-11-22 19:28:00,VRRM
15.7,15.7,15.7,15.7,200,2021-11-22 19:29:00,VRRM
15.7,15.71,15.7,15.71,1700,2021-11-22 19:30:00,VRRM
15.71,15.725,15.71,15.71,4381,2021-11-22 19:31:00,VRRM
15.71,15.71,15.69,15.69,2900,2021-11-22 19:33:00,VRRM
15.695,15.695,15.67,15.68,1381,2021-11-22 19:34:00,VRRM
15.67,15.69,15.67,15.69,1717,2021-11-22 19:35:00,VRRM
15.7033,15.7033,15.7033,15.7033,317,2021-11-22 19:36:00,VRRM
15.69,15.695,15.69,15.69,1100,2021-11-22 19:37:00,VRRM
15.69,15.7,15.69,15.7,200,2021-11-22 19:38:00,VRRM
15.7,15.71,15.7,15.71,600,2021-11-22 19:39:00,VRRM
15.7081,15.7081,15.7081,15.7081,285,2021-11-22 19:40:00,VRRM
15.705,15.73,15.705,15.73,2866,2021-11-22 19:41:00,VRRM
15.71,15.71,15.71,15.71,1469,2021-11-22 19:42:00,VRRM
15.71,15.72,15.71,15.715,1795,2021-11-22 19:44:00,VRRM
15.72,15.74,15.72,15.74,1371,2021-11-22 19:46:00,VRRM
15.73,15.75,15.73,15.75,2800,2021-11-22 19:47:00,VRRM
15.75,15.75,15.75,15.75,200,2021-11-22 19:48:00,VRRM
15.76,15.775,15.755,15.77,1100,2021-11-22 19:49:00,VRRM
15.77,15.77,15.76,15.765,1600,2021-11-22 19:50:00,VRRM
15.77,15.78,15.77,15.78,718,2021-11-22 19:51:00,VRRM
15.775,15.775,15.71,15.71,6588,2021-11-22 19:52:00,VRRM
15.71,15.74,15.71,15.74,2895,2021-11-22 19:53:00,VRRM
15.75,15.76,15.75,15.76,574,2021-11-22 19:54:00,VRRM
15.76,15.76,15.76,15.76,105,2021-11-22 19:55:00,VRRM
15.76,15.76,15.76,15.76,200,2021-11-22 19:56:00,VRRM
15.76,15.76,15.74,15.74,1748,2021-11-22 19:57:00,VRRM
15.73,15.735,15.73,15.735,400,2021-11-22 19:58:00,VRRM
15.73,15.77,15.73,15.77,1306,2021-11-22 19:59:00,VRRM
15.76,15.77,15.76,15.76,300,2021-11-22 20:00:00,VRRM
15.76,15.76,15.74,15.745,2114,2021-11-22 20:01:00,VRRM
15.75,15.765,15.74,15.765,1671,2021-11-22 20:02:00,VRRM
15.76,15.76,15.7,15.72,3762,2021-11-22 20:03:00,VRRM
15.73,15.73,15.73,15.73,200,2021-11-22 20:06:00,VRRM
15.74,15.74,15.73,15.73,310,2021-11-22 20:07:00,VRRM
15.745,15.75,15.745,15.745,758,2021-11-22 20:08:00,VRRM
15.76,15.76,15.75,15.75,1425,2021-11-22 20:09:00,VRRM
15.75,15.75,15.75,15.75,200,2021-11-22 20:10:00,VRRM
15.75,15.75,15.74,15.75,1629,2021-11-22 20:11:00,VRRM
15.75,15.75,15.745,15.745,569,2021-11-22 20:12:00,VRRM
15.75,15.75,15.74,15.75,700,2021-11-22 20:13:00,VRRM
15.74,15.745,15.73,15.735,4958,2021-11-22 20:14:00,VRRM
15.74,15.74,15.74,15.74,300,2021-11-22 20:15:00,VRRM
15.7425,15.7425,15.7425,15.7425,193,2021-11-22 20:16:00,VRRM
15.745,15.745,15.735,15.735,2089,2021-11-22 20:17:00,VRRM
15.74,15.745,15.73,15.745,1924,2021-11-22 20:18:00,VRRM
15.75,15.75,15.74,15.745,700,2021-11-22 20:19:00,VRRM
15.75,15.75,15.75,15.75,100,2021-11-22 20:21:00,VRRM
15.75,15.75,15.74,15.74,400,2021-11-22 20:22:00,VRRM
15.74,15.75,15.74,15.75,2709,2021-11-22 20:23:00,VRRM
15.75,15.75,15.75,15.75,400,2021-11-22 20:24:00,VRRM
15.745,15.75,15.74,15.75,600,2021-11-22 20:25:00,VRRM
15.75,15.75,15.745,15.745,200,2021-11-22 20:26:00,VRRM
15.745,15.75,15.695,15.71,14227,2021-11-22 20:27:00,VRRM
15.715,15.72,15.715,15.72,400,2021-11-22 20:28:00,VRRM
15.715,15.715,15.715,15.715,600,2021-11-22 20:29:00,VRRM
15.71,15.71,15.68,15.685,2322,2021-11-22 20:30:00,VRRM
15.68,15.68,15.675,15.675,300,2021-11-22 20:31:00,VRRM
15.675,15.675,15.675,15.675,100,2021-11-22 20:32:00,VRRM
15.675,15.68,15.67,15.675,729,2021-11-22 20:33:00,VRRM
15.675,15.68,15.675,15.68,400,2021-11-22 20:34:00,VRRM
15.68,15.69,15.68,15.685,1600,2021-11-22 20:35:00,VRRM
15.69,15.69,15.67,15.67,3149,2021-11-22 20:36:00,VRRM
15.675,15.675,15.675,15.675,100,2021-11-22 20:37:00,VRRM
15.675,15.68,15.675,15.68,500,2021-11-22 20:38:00,VRRM
15.675,15.675,15.66,15.66,2728,2021-11-22 20:39:00,VRRM
15.66,15.665,15.66,15.665,700,2021-11-22 20:40:00,VRRM
15.665,15.665,15.64,15.64,3110,2021-11-22 20:41:00,VRRM
15.65,15.655,15.65,15.651,2225,2021-11-22 20:42:00,VRRM
15.655,15.655,15.65,15.65,4306,2021-11-22 20:43:00,VRRM
15.65,15.65,15.65,15.65,1648,2021-11-22 20:44:00,VRRM
15.645,15.645,15.635,15.635,2716,2021-11-22 20:45:00,VRRM
15.635,15.65,15.63,15.63,6363,2021-11-22 20:46:00,VRRM
15.635,15.635,15.635,15.635,100,2021-11-22 20:47:00,VRRM
15.635,15.64,15.63,15.64,1800,2021-11-22 20:48:00,VRRM
15.63,15.635,15.62,15.62,2909,2021-11-22 20:49:00,VRRM
15.62,15.63,15.61,15.6199,5172,2021-11-22 20:50:00,VRRM
15.62,15.63,15.62,15.625,2706,2021-11-22 20:51:00,VRRM
15.62,15.63,15.615,15.62,4883,2021-11-22 20:52:00,VRRM
15.615,15.63,15.615,15.63,2760,2021-11-22 20:53:00,VRRM
15.63,15.66,15.625,15.65,23053,2021-11-22 20:54:00,VRRM
15.65,15.655,15.63,15.635,10579,2021-11-22 20:55:00,VRRM
15.635,15.64,15.62,15.625,7275,2021-11-22 20:56:00,VRRM
15.62,15.635,15.62,15.625,11653,2021-11-22 20:57:00,VRRM
15.63,15.64,15.62,15.635,12773,2021-11-22 20:58:00,VRRM
15.63,15.64,15.61,15.61,21521,2021-11-22 20:59:00,VRRM
15.63,15.63,15.63,15.63,78693,2021-11-22 21:00:00,VRRM
15.63,15.63,15.63,15.63,6506,2021-11-22 21:01:00,VRRM
15.63,15.63,15.63,15.63,3728,2021-11-22 21:02:00,VRRM
15.62,15.62,15.62,15.62,3113,2021-11-23 14:30:00,VRRM
15.55,15.55,15.55,15.55,100,2021-11-23 14:35:00,VRRM
15.57,15.57,15.57,15.57,200,2021-11-23 14:36:00,VRRM
15.56,15.56,15.56,15.56,200,2021-11-23 14:39:00,VRRM
15.61,15.61,15.61,15.61,589,2021-11-23 14:41:00,VRRM
15.66,15.69,15.66,15.69,1438,2021-11-23 14:44:00,VRRM
15.67,15.67,15.67,15.67,100,2021-11-23 14:46:00,VRRM
15.695,15.695,15.695,15.695,100,2021-11-23 14:47:00,VRRM
15.6981,15.6981,15.6981,15.6981,300,2021-11-23 14:54:00,VRRM
15.705,15.72,15.69,15.705,7075,2021-11-23 14:55:00,VRRM
15.705,15.705,15.691,15.691,6600,2021-11-23 14:56:00,VRRM
15.705,15.75,15.69,15.75,5627,2021-11-23 14:57:00,VRRM
15.73,15.73,15.73,15.73,471,2021-11-23 14:58:00,VRRM
15.745,15.745,15.7,15.7,2700,2021-11-23 14:59:00,VRRM
15.67,15.67,15.67,15.67,300,2021-11-23 15:00:00,VRRM
15.675,15.7,15.675,15.69,16369,2021-11-23 15:01:00,VRRM
15.7,15.7,15.7,15.7,100,2021-11-23 15:02:00,VRRM
15.72,15.72,15.72,15.72,400,2021-11-23 15:05:00,VRRM
15.71,15.71,15.71,15.71,100,2021-11-23 15:06:00,VRRM
15.69,15.69,15.68,15.68,500,2021-11-23 15:07:00,VRRM
15.7,15.7,15.685,15.685,521,2021-11-23 15:08:00,VRRM
15.69,15.69,15.68,15.68,1201,2021-11-23 15:09:00,VRRM
15.69,15.72,15.68,15.72,1447,2021-11-23 15:10:00,VRRM
15.71,15.73,15.71,15.715,339,2021-11-23 15:13:00,VRRM
15.72,15.73,15.72,15.72,642,2021-11-23 15:14:00,VRRM
15.715,15.72,15.715,15.72,200,2021-11-23 15:15:00,VRRM
15.7,15.715,15.7,15.715,200,2021-11-23 15:18:00,VRRM
15.7,15.71,15.7,15.7,1400,2021-11-23 15:19:00,VRRM
15.7,15.7,15.691,15.7,800,2021-11-23 15:20:00,VRRM
15.705,15.705,15.705,15.705,100,2021-11-23 15:22:00,VRRM
15.691,15.691,15.675,15.675,600,2021-11-23 15:26:00,VRRM
15.63,15.63,15.59,15.59,542,2021-11-23 15:28:00,VRRM
15.59,15.6,15.59,15.6,1343,2021-11-23 15:30:00,VRRM
15.59,15.6,15.59,15.6,500,2021-11-23 15:31:00,VRRM
15.625,15.625,15.6,15.6,300,2021-11-23 15:32:00,VRRM
15.6,15.6,15.6,15.6,100,2021-11-23 15:33:00,VRRM
15.57,15.57,15.57,15.57,100,2021-11-23 15:34:00,VRRM
15.55,15.55,15.55,15.55,100,2021-11-23 15:35:00,VRRM
15.565,15.565,15.53,15.53,2543,2021-11-23 15:36:00,VRRM
15.53,15.55,15.53,15.55,1033,2021-11-23 15:37:00,VRRM
15.545,15.55,15.545,15.55,200,2021-11-23 15:38:00,VRRM
15.53,15.53,15.53,15.53,1300,2021-11-23 15:39:00,VRRM
15.5251,15.5251,15.525,15.525,537,2021-11-23 15:40:00,VRRM
15.525,15.54,15.525,15.54,251,2021-11-23 15:41:00,VRRM
15.535,15.535,15.52,15.525,900,2021-11-23 15:42:00,VRRM
15.525,15.525,15.525,15.525,300,2021-11-23 15:43:00,VRRM
15.525,15.53,15.525,15.53,300,2021-11-23 15:44:00,VRRM
15.54,15.57,15.525,15.565,1700,2021-11-23 15:45:00,VRRM
15.57,15.58,15.55,15.55,1034,2021-11-23 15:46:00,VRRM
15.551,15.551,15.551,15.551,100,2021-11-23 15:48:00,VRRM
15.565,15.565,15.565,15.565,200,2021-11-23 15:50:00,VRRM
15.55,15.55,15.545,15.55,800,2021-11-23 15:51:00,VRRM
15.55,15.55,15.54,15.55,1600,2021-11-23 15:52:00,VRRM
15.545,15.545,15.545,15.545,400,2021-11-23 15:53:00,VRRM
15.55,15.55,15.54,15.545,2092,2021-11-23 15:55:00,VRRM
15.548,15.548,15.545,15.545,375,2021-11-23 15:56:00,VRRM
15.54,15.54,15.531,15.531,200,2021-11-23 15:59:00,VRRM
15.53,15.55,15.53,15.55,3356,2021-11-23 16:00:00,VRRM
15.52,15.53,15.5,15.5,700,2021-11-23 16:01:00,VRRM
15.49,15.53,15.49,15.505,2850,2021-11-23 16:02:00,VRRM
15.49,15.505,15.49,15.49,300,2021-11-23 16:03:00,VRRM
15.52,15.54,15.52,15.531,2940,2021-11-23 16:04:00,VRRM
15.54,15.54,15.53,15.53,1861,2021-11-23 16:05:00,VRRM
15.55,15.55,15.55,15.55,100,2021-11-23 16:06:00,VRRM
15.535,15.535,15.53,15.53,290,2021-11-23 16:07:00,VRRM
15.52,15.535,15.5,15.5,2005,2021-11-23 16:08:00,VRRM
15.5,15.53,15.5,15.53,300,2021-11-23 16:09:00,VRRM
15.55,15.55,15.55,15.55,200,2021-11-23 16:10:00,VRRM
15.55,15.55,15.55,15.55,781,2021-11-23 16:11:00,VRRM
15.57,15.575,15.56,15.56,1303,2021-11-23 16:13:00,VRRM
15.56,15.57,15.56,15.57,700,2021-11-23 16:16:00,VRRM
15.57,15.57,15.57,15.57,233,2021-11-23 16:18:00,VRRM
15.59,15.59,15.58,15.59,817,2021-11-23 16:19:00,VRRM
15.58,15.58,15.58,15.58,100,2021-11-23 16:20:00,VRRM
15.58,15.58,15.57,15.58,400,2021-11-23 16:23:00,VRRM
15.58,15.585,15.575,15.575,924,2021-11-23 16:25:00,VRRM
15.57,15.57,15.57,15.57,200,2021-11-23 16:27:00,VRRM
15.57,15.57,15.57,15.57,200,2021-11-23 16:28:00,VRRM
15.56,15.565,15.54,15.565,1500,2021-11-23 16:29:00,VRRM
15.56,15.56,15.555,15.56,1752,2021-11-23 16:31:00,VRRM
15.57,15.57,15.56,15.56,300,2021-11-23 16:32:00,VRRM
15.55,15.55,15.55,15.55,3400,2021-11-23 16:33:00,VRRM
15.55,15.55,15.55,15.55,229,2021-11-23 16:34:00,VRRM
15.55,15.55,15.55,15.55,100,2021-11-23 16:36:00,VRRM
15.55,15.56,15.55,15.56,500,2021-11-23 16:37:00,VRRM
15.57,15.61,15.57,15.595,800,2021-11-23 16:38:00,VRRM
15.59,15.59,15.59,15.59,997,2021-11-23 16:42:00,VRRM
15.58,15.581,15.58,15.581,600,2021-11-23 16:43:00,VRRM
15.585,15.585,15.55,15.55,500,2021-11-23 16:44:00,VRRM
15.56,15.56,15.56,15.56,200,2021-11-23 16:45:00,VRRM
15.56,15.56,15.56,15.56,100,2021-11-23 16:46:00,VRRM
15.565,15.575,15.565,15.575,500,2021-11-23 16:47:00,VRRM
15.595,15.595,15.595,15.595,100,2021-11-23 16:48:00,VRRM
15.585,15.585,15.585,15.585,139,2021-11-23 16:49:00,VRRM
15.6,15.6,15.6,15.6,600,2021-11-23 16:50:00,VRRM
15.58,15.58,15.56,15.56,801,2021-11-23 16:51:00,VRRM
15.56,15.57,15.56,15.56,4795,2021-11-23 16:52:00,VRRM
15.55,15.55,15.535,15.535,924,2021-11-23 16:53:00,VRRM
15.55,15.551,15.55,15.551,900,2021-11-23 16:54:00,VRRM
15.555,15.58,15.555,15.58,6129,2021-11-23 16:56:00,VRRM
15.57,15.58,15.57,15.58,400,2021-11-23 16:57:00,VRRM
15.58,15.58,15.58,15.58,100,2021-11-23 17:00:00,VRRM
15.57,15.57,15.56,15.57,400,2021-11-23 17:01:00,VRRM
15.56,15.56,15.52,15.52,1200,2021-11-23 17:02:00,VRRM
15.55,15.55,15.54,15.55,1401,2021-11-23 17:03:00,VRRM
15.55,15.55,15.535,15.54,725,2021-11-23 17:04:00,VRRM
15.53,15.545,15.53,15.54,2042,2021-11-23 17:05:00,VRRM
15.54,15.54,15.54,15.54,100,2021-11-23 17:06:00,VRRM
15.54,15.54,15.54,15.54,200,2021-11-23 17:07:00,VRRM
15.55,15.55,15.54,15.54,1300,2021-11-23 17:08:00,VRRM
15.545,15.545,15.545,15.545,100,2021-11-23 17:09:00,VRRM
15.55,15.55,15.55,15.55,200,2021-11-23 17:12:00,VRRM
15.56,15.56,15.55,15.55,574,2021-11-23 17:13:00,VRRM
15.55,15.55,15.54,15.54,1618,2021-11-23 17:14:00,VRRM
15.535,15.535,15.535,15.535,300,2021-11-23 17:15:00,VRRM
15.54,15.54,15.54,15.54,200,2021-11-23 17:16:00,VRRM
15.55,15.55,15.55,15.55,100,2021-11-23 17:17:00,VRRM
15.545,15.545,15.545,15.545,200,2021-11-23 17:18:00,VRRM
15.55,15.56,15.55,15.55,773,2021-11-23 17:19:00,VRRM
15.55,15.55,15.54,15.55,600,2021-11-23 17:21:00,VRRM
15.55,15.565,15.55,15.565,600,2021-11-23 17:22:00,VRRM
15.56,15.56,15.56,15.56,100,2021-11-23 17:23:00,VRRM
15.57,15.57,15.57,15.57,100,2021-11-23 17:24:00,VRRM
15.57,15.57,15.57,15.57,594,2021-11-23 17:26:00,VRRM
15.57,15.58,15.57,15.58,1098,2021-11-23 17:27:00,VRRM
15.58,15.59,15.58,15.59,300,2021-11-23 17:28:00,VRRM
15.58,15.58,15.58,15.58,200,2021-11-23 17:29:00,VRRM
15.57,15.58,15.57,15.58,200,2021-11-23 17:31:00,VRRM
15.575,15.59,15.575,15.59,200,2021-11-23 17:32:00,VRRM
15.58,15.58,15.58,15.58,300,2021-11-23 17:33:00,VRRM
15.585,15.59,15.585,15.59,1252,2021-11-23 17:34:00,VRRM
15.59,15.59,15.59,15.59,200,2021-11-23 17:35:00,VRRM
15.59,15.595,15.59,15.59,700,2021-11-23 17:36:00,VRRM
15.58,15.6,15.58,15.6,2733,2021-11-23 17:42:00,VRRM
15.59,15.59,15.59,15.59,100,2021-11-23 17:43:00,VRRM
15.59,15.59,15.59,15.59,100,2021-11-23 17:44:00,VRRM
15.585,15.585,15.585,15.585,100,2021-11-23 17:45:00,VRRM
15.59,15.6195,15.59,15.61,2858,2021-11-23 17:46:00,VRRM
15.615,15.615,15.595,15.595,823,2021-11-23 17:47:00,VRRM
15.61,15.61,15.605,15.605,470,2021-11-23 17:48:00,VRRM
15.6,15.6,15.59,15.6,300,2021-11-23 17:51:00,VRRM
15.6,15.6,15.6,15.6,100,2021-11-23 17:52:00,VRRM
15.6,15.6,15.6,15.6,200,2021-11-23 17:54:00,VRRM
15.58,15.59,15.58,15.59,1417,2021-11-23 17:55:00,VRRM
15.58,15.58,15.58,15.58,100,2021-11-23 17:57:00,VRRM
15.575,15.58,15.575,15.58,200,2021-11-23 18:00:00,VRRM
15.585,15.585,15.585,15.585,100,2021-11-23 18:02:00,VRRM
15.58,15.58,15.58,15.58,100,2021-11-23 18:03:00,VRRM
15.58,15.58,15.565,15.565,1040,2021-11-23 18:04:00,VRRM
15.56,15.56,15.56,15.56,100,2021-11-23 18:05:00,VRRM
15.56,15.56,15.55,15.55,200,2021-11-23 18:06:00,VRRM
15.55,15.55,15.54,15.54,200,2021-11-23 18:07:00,VRRM
15.5371,15.555,15.5371,15.555,1700,2021-11-23 18:08:00,VRRM
15.55,15.55,15.55,15.55,1300,2021-11-23 18:10:00,VRRM
15.56,15.565,15.56,15.56,773,2021-11-23 18:13:00,VRRM
15.56,15.56,15.56,15.56,100,2021-11-23 18:14:00,VRRM
15.57,15.57,15.57,15.57,500,2021-11-23 18:15:00,VRRM
15.58,15.58,15.57,15.57,200,2021-11-23 18:17:00,VRRM
15.56,15.56,15.56,15.56,100,2021-11-23 18:18:00,VRRM
15.551,15.551,15.53,15.54,3623,2021-11-23 18:19:00,VRRM
15.54,15.54,15.54,15.54,200,2021-11-23 18:20:00,VRRM
15.535,15.535,15.535,15.535,100,2021-11-23 18:21:00,VRRM
15.54,15.55,15.54,15.55,912,2021-11-23 18:22:00,VRRM
15.55,15.55,15.545,15.545,400,2021-11-23 18:23:00,VRRM
15.55,15.55,15.55,15.55,100,2021-11-23 18:25:00,VRRM
15.55,15.55,15.55,15.55,100,2021-11-23 18:26:00,VRRM
15.555,15.56,15.555,15.56,200,2021-11-23 18:27:00,VRRM
15.555,15.555,15.55,15.55,400,2021-11-23 18:28:00,VRRM
15.555,15.555,15.55,15.55,200,2021-11-23 18:29:00,VRRM
15.55,15.56,15.55,15.551,1328,2021-11-23 18:30:00,VRRM
15.551,15.555,15.551,15.555,272,2021-11-23 18:31:00,VRRM
15.56,15.56,15.55,15.55,700,2021-11-23 18:32:00,VRRM
15.55,15.555,15.55,15.555,400,2021-11-23 18:33:00,VRRM
15.55,15.55,15.55,15.55,100,2021-11-23 18:34:00,VRRM
15.55,15.55,15.55,15.55,200,2021-11-23 18:35:00,VRRM
15.56,15.56,15.56,15.56,100,2021-11-23 18:37:00,VRRM
15.555,15.555,15.555,15.555,100,2021-11-23 18:39:00,VRRM
15.56,15.56,15.55,15.55,1531,2021-11-23 18:42:00,VRRM
15.55,15.55,15.55,15.55,926,2021-11-23 18:43:00,VRRM
15.555,15.555,15.555,15.555,100,2021-11-23 18:44:00,VRRM
15.56,15.57,15.56,15.57,991,2021-11-23 18:45:00,VRRM
15.57,15.57,15.57,15.57,100,2021-11-23 18:46:00,VRRM
15.57,15.57,15.57,15.57,100,2021-11-23 18:47:00,VRRM
15.58,15.59,15.58,15.59,1732,2021-11-23 18:48:00,VRRM
15.6,15.61,15.6,15.61,1699,2021-11-23 18:49:00,VRRM
15.6,15.6,15.6,15.6,300,2021-11-23 18:52:00,VRRM
15.61,15.61,15.61,15.61,100,2021-11-23 18:53:00,VRRM
15.62,15.62,15.615,15.615,200,2021-11-23 18:54:00,VRRM
15.615,15.62,15.615,15.62,300,2021-11-23 18:55:00,VRRM
15.62,15.62,15.6,15.6,1100,2021-11-23 18:56:00,VRRM
15.6,15.6,15.59,15.59,200,2021-11-23 18:58:00,VRRM
15.58,15.58,15.57,15.58,400,2021-11-23 18:59:00,VRRM
15.575,15.58,15.575,15.58,2323,2021-11-23 19:00:00,VRRM
15.59,15.595,15.59,15.595,200,2021-11-23 19:01:00,VRRM
15.59,15.59,15.58,15.58,600,2021-11-23 19:02:00,VRRM
15.58,15.58,15.57,15.57,700,2021-11-23 19:05:00,VRRM
15.585,15.585,15.585,15.585,100,2021-11-23 19:06:00,VRRM
15.57,15.57,15.57,15.57,200,2021-11-23 19:07:00,VRRM
15.555,15.555,15.555,15.555,234,2021-11-23 19:10:00,VRRM
15.555,15.56,15.555,15.56,200,2021-11-23 19:11:00,VRRM
15.55,15.55,15.55,15.55,100,2021-11-23 19:12:00,VRRM
15.56,15.57,15.56,15.57,900,2021-11-23 19:13:00,VRRM
15.57,15.57,15.56,15.56,900,2021-11-23 19:15:00,VRRM
15.55,15.56,15.55,15.55,1512,2021-11-23 19:16:00,VRRM
15.55,15.55,15.55,15.55,1100,2021-11-23 19:17:00,VRRM
15.55,15.55,15.55,15.55,137,2021-11-23 19:18:00,VRRM
15.55,15.55,15.55,15.55,300,2021-11-23 19:19:00,VRRM
15.55,15.56,15.55,15.555,1541,2021-11-23 19:20:00,VRRM
15.57,15.57,15.57,15.57,300,2021-11-23 19:21:00,VRRM
15.551,15.56,15.551,15.56,200,2021-11-23 19:22:00,VRRM
15.57,15.59,15.57,15.59,929,2021-11-23 19:23:00,VRRM
15.585,15.585,15.58,15.58,400,2021-11-23 19:24:00,VRRM
15.59,15.59,15.59,15.59,100,2021-11-23 19:25:00,VRRM
15.59,15.59,15.59,15.59,100,2021-11-23 19:28:00,VRRM
15.595,15.595,15.59,15.59,300,2021-11-23 19:30:00,VRRM
15.58,15.58,15.55,15.55,2776,2021-11-23 19:31:00,VRRM
15.55,15.55,15.55,15.55,300,2021-11-23 19:32:00,VRRM
15.56,15.57,15.56,15.57,700,2021-11-23 19:35:00,VRRM
15.57,15.59,15.57,15.59,1227,2021-11-23 19:38:00,VRRM
15.58,15.58,15.56,15.56,1200,2021-11-23 19:39:00,VRRM
15.555,15.555,15.555,15.555,100,2021-11-23 19:41:00,VRRM
15.56,15.56,15.56,15.56,100,2021-11-23 19:43:00,VRRM
15.56,15.56,15.56,15.56,521,2021-11-23 19:44:00,VRRM
15.57,15.585,15.57,15.58,538,2021-11-23 19:46:00,VRRM
15.57,15.58,15.57,15.57,700,2021-11-23 19:47:00,VRRM
15.57,15.57,15.555,15.555,719,2021-11-23 19:48:00,VRRM
15.56,15.575,15.56,15.575,536,2021-11-23 19:49:00,VRRM
15.56,15.56,15.55,15.56,1216,2021-11-23 19:50:00,VRRM
15.55,15.57,15.55,15.57,1600,2021-11-23 19:53:00,VRRM
15.58,15.58,15.58,15.58,400,2021-11-23 19:54:00,VRRM
15.57,15.58,15.57,15.57,3607,2021-11-23 19:56:00,VRRM
15.57,15.58,15.565,15.565,4200,2021-11-23 19:57:00,VRRM
15.565,15.565,15.565,15.565,100,2021-11-23 19:59:00,VRRM
15.57,15.57,15.565,15.565,300,2021-11-23 20:00:00,VRRM
15.57,15.57,15.565,15.565,694,2021-11-23 20:01:00,VRRM
15.565,15.5694,15.565,15.5694,200,2021-11-23 20:02:00,VRRM
15.565,15.565,15.56,15.565,2300,2021-11-23 20:03:00,VRRM
15.57,15.605,15.57,15.605,7400,2021-11-23 20:04:00,VRRM
15.605,15.625,15.605,15.625,2784,2021-11-23 20:05:00,VRRM
15.625,15.645,15.625,15.645,833,2021-11-23 20:06:00,VRRM
15.645,15.695,15.645,15.695,1998,2021-11-23 20:07:00,VRRM
15.69,15.695,15.68,15.69,1000,2021-11-23 20:08:00,VRRM
15.69,15.69,15.69,15.69,200,2021-11-23 20:09:00,VRRM
15.69,15.69,15.65,15.65,3228,2021-11-23 20:10:00,VRRM
15.655,15.655,15.65,15.65,900,2021-11-23 20:11:00,VRRM
15.65,15.65,15.65,15.65,300,2021-11-23 20:12:00,VRRM
15.65,15.655,15.65,15.655,300,2021-11-23 20:14:00,VRRM
15.655,15.655,15.65,15.65,400,2021-11-23 20:15:00,VRRM
15.65,15.65,15.64,15.64,200,2021-11-23 20:16:00,VRRM
15.66,15.66,15.66,15.66,1159,2021-11-23 20:17:00,VRRM
15.661,15.665,15.66,15.66,738,2021-11-23 20:18:00,VRRM
15.66,15.66,15.65,15.65,800,2021-11-23 20:19:00,VRRM
15.65,15.65,15.65,15.65,300,2021-11-23 20:21:00,VRRM
15.645,15.6494,15.645,15.645,300,2021-11-23 20:22:00,VRRM
15.641,15.645,15.635,15.635,1497,2021-11-23 20:23:00,VRRM
15.64,15.655,15.64,15.655,1456,2021-11-23 20:24:00,VRRM
15.655,15.655,15.655,15.655,200,2021-11-23 20:25:00,VRRM
15.66,15.67,15.66,15.665,500,2021-11-23 20:26:00,VRRM
15.665,15.665,15.66,15.665,900,2021-11-23 20:27:00,VRRM
15.665,15.665,15.665,15.665,600,2021-11-23 20:28:00,VRRM
15.665,15.6698,15.665,15.665,700,2021-11-23 20:29:00,VRRM
15.665,15.675,15.665,15.675,1482,2021-11-23 20:30:00,VRRM
15.67,15.675,15.67,15.675,619,2021-11-23 20:31:00,VRRM
15.67,15.6775,15.67,15.675,600,2021-11-23 20:32:00,VRRM
15.675,15.675,15.665,15.665,10157,2021-11-23 20:33:00,VRRM
15.665,15.665,15.66,15.665,600,2021-11-23 20:34:00,VRRM
15.665,15.665,15.655,15.655,2867,2021-11-23 20:35:00,VRRM
15.655,15.675,15.65,15.675,8635,2021-11-23 20:36:00,VRRM
15.68,15.705,15.68,15.695,5779,2021-11-23 20:37:00,VRRM
15.695,15.71,15.695,15.71,1038,2021-11-23 20:38:00,VRRM
15.705,15.715,15.7,15.71,3854,2021-11-23 20:39:00,VRRM
15.715,15.715,15.715,15.715,961,2021-11-23 20:40:00,VRRM
15.715,15.72,15.71,15.71,2492,2021-11-23 20:41:00,VRRM
15.71,15.715,15.705,15.705,2674,2021-11-23 20:42:00,VRRM
15.71,15.725,15.71,15.725,7669,2021-11-23 20:43:00,VRRM
15.725,15.725,15.715,15.715,1300,2021-11-23 20:44:00,VRRM
15.71,15.71,15.7,15.705,1508,2021-11-23 20:45:00,VRRM
15.705,15.705,15.68,15.68,1300,2021-11-23 20:46:00,VRRM
15.68,15.7,15.68,15.7,2114,2021-11-23 20:47:00,VRRM
15.695,15.7,15.69,15.7,1014,2021-11-23 20:48:00,VRRM
15.695,15.7198,15.695,15.715,3816,2021-11-23 20:49:00,VRRM
15.72,15.755,15.715,15.735,4636,2021-11-23 20:50:00,VRRM
15.73,15.77,15.73,15.77,15408,2021-11-23 20:51:00,VRRM
15.78,15.79,15.765,15.79,4954,2021-11-23 20:52:00,VRRM
15.79,15.82,15.79,15.79,6789,2021-11-23 20:53:00,VRRM
15.78,15.79,15.77,15.775,4521,2021-11-23 20:54:00,VRRM
15.77,15.77,15.745,15.76,4938,2021-11-23 20:55:00,VRRM
15.76,15.77,15.75,15.76,14568,2021-11-23 20:56:00,VRRM
15.755,15.76,15.73,15.74,5685,2021-11-23 20:57:00,VRRM
15.73,15.74,15.72,15.74,4995,2021-11-23 20:58:00,VRRM
15.74,15.76,15.735,15.76,6851,2021-11-23 20:59:00,VRRM
15.74,15.74,15.74,15.74,102853,2021-11-23 21:00:00,VRRM
15.74,15.74,15.74,15.74,15763,2021-11-23 21:01:00,VRRM
15.74,15.74,15.74,15.74,4042,2021-11-23 21:02:00,VRRM
15.64,15.765,15.64,15.6739,4499,2021-11-24 14:30:00,VRRM
15.6308,15.65,15.49,15.55,18276,2021-11-24 14:31:00,VRRM
15.48,15.55,15.4114,15.425,4800,2021-11-24 14:32:00,VRRM
15.35,15.48,15.35,15.4,4513,2021-11-24 14:33:00,VRRM
15.47,15.47,15.3379,15.3977,2599,2021-11-24 14:34:00,VRRM
15.44,15.49,15.41,15.49,3775,2021-11-24 14:35:00,VRRM
15.4405,15.49,15.4079,15.49,4265,2021-11-24 14:36:00,VRRM
15.49,15.53,15.4698,15.53,1650,2021-11-24 14:37:00,VRRM
15.57,15.57,15.5,15.5001,2084,2021-11-24 14:38:00,VRRM
15.5101,15.555,15.4849,15.49,1400,2021-11-24 14:39:00,VRRM
15.43,15.48,15.43,15.459,2610,2021-11-24 14:40:00,VRRM
15.475,15.475,15.4,15.4112,6159,2021-11-24 14:41:00,VRRM
15.4,15.46,15.4,15.45,1791,2021-11-24 14:42:00,VRRM
15.45,15.52,15.45,15.485,1882,2021-11-24 14:43:00,VRRM
15.4473,15.4473,15.4,15.44,2328,2021-11-24 14:44:00,VRRM
15.41,15.435,15.4,15.4,1955,2021-11-24 14:45:00,VRRM
15.39,15.405,15.36,15.36,2529,2021-11-24 14:46:00,VRRM
15.34,15.38,15.34,15.38,2666,2021-11-24 14:47:00,VRRM
15.38,15.47,15.38,15.47,1150,2021-11-24 14:48:00,VRRM
15.48,15.51,15.46,15.5,1867,2021-11-24 14:49:00,VRRM
15.48,15.49,15.43,15.445,1972,2021-11-24 14:50:00,VRRM
15.44,15.44,15.44,15.44,510,2021-11-24 14:51:00,VRRM
15.4592,15.49,15.4592,15.49,414,2021-11-24 14:52:00,VRRM
15.49,15.52,15.48,15.49,2712,2021-11-24 14:53:00,VRRM
15.485,15.485,15.485,15.485,130,2021-11-24 14:54:00,VRRM
15.475,15.475,15.4524,15.4524,200,2021-11-24 14:55:00,VRRM
15.49,15.49,15.465,15.47,500,2021-11-24 14:56:00,VRRM
15.475,15.49,15.44,15.47,3842,2021-11-24 14:57:00,VRRM
15.47,15.53,15.47,15.5,880,2021-11-24 14:58:00,VRRM
15.525,15.525,15.5,15.5,2004,2021-11-24 14:59:00,VRRM
15.51,15.57,15.5,15.57,1000,2021-11-24 15:00:00,VRRM
15.55,15.6,15.55,15.56,1601,2021-11-24 15:01:00,VRRM
15.56,15.59,15.52,15.59,3000,2021-11-24 15:02:00,VRRM
15.55,15.55,15.5482,15.5482,300,2021-11-24 15:03:00,VRRM
15.58,15.65,15.58,15.65,1510,2021-11-24 15:04:00,VRRM
15.6235,15.645,15.6227,15.645,800,2021-11-24 15:05:00,VRRM
15.65,15.65,15.65,15.65,100,2021-11-24 15:06:00,VRRM
15.635,15.64,15.61,15.61,3400,2021-11-24 15:07:00,VRRM
15.63,15.65,15.621,15.65,1138,2021-11-24 15:08:00,VRRM
15.65,15.715,15.6499,15.715,6579,2021-11-24 15:09:00,VRRM
15.73,15.73,15.68,15.68,200,2021-11-24 15:10:00,VRRM
15.6901,15.73,15.6901,15.72,1892,2021-11-24 15:11:00,VRRM
15.73,15.73,15.71,15.7247,3400,2021-11-24 15:12:00,VRRM
15.72,15.72,15.7,15.7,300,2021-11-24 15:13:00,VRRM
15.72,15.77,15.7,15.77,1272,2021-11-24 15:14:00,VRRM
15.75,15.78,15.75,15.78,1092,2021-11-24 15:15:00,VRRM
15.79,15.83,15.79,15.83,1887,2021-11-24 15:16:00,VRRM
15.83,15.83,15.8135,15.82,4210,2021-11-24 15:17:00,VRRM
15.81,15.81,15.755,15.755,1910,2021-11-24 15:18:00,VRRM
15.74,15.74,15.74,15.74,200,2021-11-24 15:19:00,VRRM
15.7408,15.78,15.69,15.69,1500,2021-11-24 15:20:00,VRRM
15.72,15.73,15.6918,15.73,450,2021-11-24 15:21:00,VRRM
15.74,15.74,15.74,15.74,100,2021-11-24 15:22:00,VRRM
15.72,15.72,15.72,15.72,100,2021-11-24 15:23:00,VRRM
15.7,15.72,15.7,15.71,1878,2021-11-24 15:24:00,VRRM
15.73,15.73,15.73,15.73,700,2021-11-24 15:26:00,VRRM
15.73,15.73,15.725,15.725,467,2021-11-24 15:27:00,VRRM
15.735,15.735,15.735,15.735,2336,2021-11-24 15:28:00,VRRM
15.72,15.72,15.7,15.7065,2014,2021-11-24 15:29:00,VRRM
15.69,15.69,15.69,15.69,200,2021-11-24 15:30:00,VRRM
15.675,15.69,15.675,15.69,505,2021-11-24 15:31:00,VRRM
15.695,15.695,15.695,15.695,100,2021-11-24 15:32:00,VRRM
15.69,15.69,15.6701,15.6701,874,2021-11-24 15:34:00,VRRM
15.6805,15.7,15.67,15.7,3005,2021-11-24 15:35:00,VRRM
15.67,15.67,15.66,15.67,803,2021-11-24 15:37:00,VRRM
15.67,15.705,15.67,15.705,1853,2021-11-24 15:38:00,VRRM
15.72,15.73,15.69,15.69,1600,2021-11-24 15:39:00,VRRM
15.67,15.68,15.66,15.68,1102,2021-11-24 15:40:00,VRRM
15.658,15.68,15.65,15.68,923,2021-11-24 15:42:00,VRRM
15.68,15.68,15.67,15.675,1808,2021-11-24 15:43:00,VRRM
15.672,15.6736,15.64,15.65,1900,2021-11-24 15:44:00,VRRM
15.65,15.66,15.64,15.66,700,2021-11-24 15:45:00,VRRM
15.665,15.665,15.6517,15.6517,1000,2021-11-24 15:46:00,VRRM
15.65,15.65,15.64,15.64,300,2021-11-24 15:47:00,VRRM
15.662,15.662,15.64,15.651,1250,2021-11-24 15:48:00,VRRM
15.63,15.65,15.62,15.63,1825,2021-11-24 15:49:00,VRRM
15.651,15.651,15.65,15.65,232,2021-11-24 15:50:00,VRRM
15.66,15.66,15.66,15.66,100,2021-11-24 15:51:00,VRRM
15.67,15.67,15.67,15.67,200,2021-11-24 15:52:00,VRRM
15.68,15.69,15.68,15.6808,1100,2021-11-24 15:53:00,VRRM
15.68,15.685,15.67,15.68,2892,2021-11-24 15:54:00,VRRM
15.68,15.69,15.67,15.67,608,2021-11-24 15:55:00,VRRM
15.69,15.69,15.69,15.69,100,2021-11-24 15:56:00,VRRM
15.69,15.69,15.69,15.69,100,2021-11-24 15:57:00,VRRM
15.68,15.69,15.64,15.64,1900,2021-11-24 15:58:00,VRRM
15.635,15.65,15.635,15.64,535,2021-11-24 15:59:00,VRRM
15.6488,15.6488,15.64,15.64,400,2021-11-24 16:00:00,VRRM
15.64,15.64,15.64,15.64,100,2021-11-24 16:01:00,VRRM
15.64,15.64,15.6273,15.63,400,2021-11-24 16:03:00,VRRM
15.62,15.64,15.61,15.64,800,2021-11-24 16:04:00,VRRM
15.6466,15.66,15.64,15.66,2600,2021-11-24 16:05:00,VRRM
15.641,15.641,15.64,15.64,321,2021-11-24 16:06:00,VRRM
15.63,15.64,15.62,15.64,1623,2021-11-24 16:07:00,VRRM
15.65,15.65,15.64,15.65,500,2021-11-24 16:08:00,VRRM
15.66,15.66,15.65,15.66,500,2021-11-24 16:09:00,VRRM
15.65,15.65,15.65,15.65,1433,2021-11-24 16:10:00,VRRM
15.647,15.647,15.647,15.647,200,2021-11-24 16:11:00,VRRM
15.64,15.64,15.59,15.6,2025,2021-11-24 16:12:00,VRRM
15.64,15.65,15.64,15.65,400,2021-11-24 16:13:00,VRRM
15.645,15.645,15.645,15.645,1069,2021-11-24 16:14:00,VRRM
15.645,15.645,15.6301,15.6301,774,2021-11-24 16:15:00,VRRM
15.64,15.64,15.63,15.64,400,2021-11-24 16:16:00,VRRM
15.65,15.65,15.6,15.6,1700,2021-11-24 16:17:00,VRRM
15.62,15.65,15.62,15.6301,2000,2021-11-24 16:18:00,VRRM
15.645,15.645,15.645,15.645,100,2021-11-24 16:19:00,VRRM
15.6302,15.66,15.63,15.66,1331,2021-11-24 16:20:00,VRRM
15.65,15.66,15.635,15.635,1520,2021-11-24 16:22:00,VRRM
15.64,15.65,15.63,15.63,300,2021-11-24 16:23:00,VRRM
15.65,15.65,15.6414,15.6414,600,2021-11-24 16:24:00,VRRM
15.65,15.65,15.645,15.645,200,2021-11-24 16:25:00,VRRM
15.65,15.65,15.6201,15.625,1400,2021-11-24 16:26:00,VRRM
15.64,15.64,15.625,15.625,512,2021-11-24 16:27:00,VRRM
15.62,15.63,15.62,15.63,1050,2021-11-24 16:28:00,VRRM
15.614,15.63,15.59,15.61,6617,2021-11-24 16:29:00,VRRM
15.62,15.62,15.62,15.62,1045,2021-11-24 16:31:00,VRRM
15.625,15.63,15.62,15.621,1600,2021-11-24 16:32:00,VRRM
15.62,15.62,15.59,15.5941,1098,2021-11-24 16:33:00,VRRM
15.595,15.595,15.59,15.59,300,2021-11-24 16:34:00,VRRM
15.57,15.57,15.54,15.54,985,2021-11-24 16:35:00,VRRM
15.56,15.58,15.56,15.57,1656,2021-11-24 16:36:00,VRRM
15.58,15.59,15.56,15.59,800,2021-11-24 16:37:00,VRRM
15.581,15.581,15.57,15.57,700,2021-11-24 16:38:00,VRRM
15.575,15.575,15.575,15.575,200,2021-11-24 16:39:00,VRRM
15.57,15.5701,15.56,15.5701,800,2021-11-24 16:40:00,VRRM
15.56,15.56,15.56,15.56,100,2021-11-24 16:41:00,VRRM
15.57,15.571,15.55,15.57,1134,2021-11-24 16:43:00,VRRM
15.56,15.56,15.55,15.55,300,2021-11-24 16:44:00,VRRM
15.555,15.5583,15.555,15.5583,200,2021-11-24 16:45:00,VRRM
15.55,15.55,15.55,15.55,100,2021-11-24 16:46:00,VRRM
15.55,15.575,15.54,15.57,4898,2021-11-24 16:47:00,VRRM
15.57,15.615,15.57,15.615,815,2021-11-24 16:48:00,VRRM
15.6,15.62,15.6,15.6,2967,2021-11-24 16:49:00,VRRM
15.59,15.59,15.59,15.59,400,2021-11-24 16:50:00,VRRM
15.58,15.58,15.55,15.55,600,2021-11-24 16:51:00,VRRM
15.55,15.57,15.55,15.56,2823,2021-11-24 16:52:00,VRRM
15.5701,15.5701,15.5701,15.5701,250,2021-11-24 16:53:00,VRRM
15.56,15.56,15.56,15.56,100,2021-11-24 16:54:00,VRRM
15.5536,15.5536,15.53,15.5301,1691,2021-11-24 16:55:00,VRRM
15.52,15.542,15.52,15.542,600,2021-11-24 16:56:00,VRRM
15.559,15.559,15.559,15.559,400,2021-11-24 16:58:00,VRRM
15.57,15.57,15.57,15.57,309,2021-11-24 17:00:00,VRRM
15.55,15.55,15.54,15.54,700,2021-11-24 17:01:00,VRRM
15.55,15.55,15.55,15.55,1100,2021-11-24 17:02:00,VRRM
15.555,15.555,15.55,15.55,300,2021-11-24 17:04:00,VRRM
15.55,15.55,15.51,15.51,1706,2021-11-24 17:06:00,VRRM
15.525,15.525,15.51,15.51,200,2021-11-24 17:07:00,VRRM
15.54,15.54,15.51,15.525,425,2021-11-24 17:08:00,VRRM
15.51,15.525,15.51,15.525,200,2021-11-24 17:09:00,VRRM
15.51,15.54,15.51,15.54,800,2021-11-24 17:11:00,VRRM
15.531,15.54,15.51,15.51,2230,2021-11-24 17:12:00,VRRM
15.5,15.5,15.5,15.5,200,2021-11-24 17:13:00,VRRM
15.5,15.5,15.49,15.5,1598,2021-11-24 17:14:00,VRRM
15.49,15.49,15.4718,15.4718,846,2021-11-24 17:15:00,VRRM
15.49,15.5,15.45,15.45,1752,2021-11-24 17:16:00,VRRM
15.44,15.49,15.44,15.48,1706,2021-11-24 17:17:00,VRRM
15.48,15.48,15.48,15.48,100,2021-11-24 17:18:00,VRRM
15.48,15.48,15.471,15.48,500,2021-11-24 17:19:00,VRRM
15.48,15.48,15.47,15.47,200,2021-11-24 17:20:00,VRRM
15.475,15.475,15.461,15.465,500,2021-11-24 17:21:00,VRRM
15.46,15.46,15.46,15.46,879,2021-11-24 17:22:00,VRRM
15.47,15.48,15.46,15.48,400,2021-11-24 17:24:00,VRRM
15.47,15.47,15.47,15.47,100,2021-11-24 17:25:00,VRRM
15.46,15.465,15.46,15.465,200,2021-11-24 17:26:00,VRRM
15.465,15.465,15.459,15.46,2146,2021-11-24 17:27:00,VRRM
15.465,15.465,15.46,15.46,500,2021-11-24 17:28:00,VRRM
15.46,15.46,15.46,15.46,200,2021-11-24 17:29:00,VRRM
15.46,15.47,15.45,15.455,5106,2021-11-24 17:30:00,VRRM
15.45,15.45,15.4,15.4001,4395,2021-11-24 17:31:00,VRRM
15.41,15.425,15.41,15.42,4182,2021-11-24 17:32:00,VRRM
15.425,15.425,15.42,15.42,700,2021-11-24 17:33:00,VRRM
15.43,15.43,15.43,15.43,1120,2021-11-24 17:34:00,VRRM
15.43,15.43,15.43,15.43,100,2021-11-24 17:36:00,VRRM
15.43,15.455,15.43,15.45,3705,2021-11-24 17:37:00,VRRM
15.45,15.45,15.4402,15.4402,618,2021-11-24 17:38:00,VRRM
15.45,15.45,15.443,15.45,700,2021-11-24 17:40:00,VRRM
15.44,15.45,15.44,15.45,600,2021-11-24 17:41:00,VRRM
15.45,15.52,15.45,15.52,8067,2021-11-24 17:42:00,VRRM
15.52,15.53,15.5,15.525,5401,2021-11-24 17:43:00,VRRM
15.53,15.535,15.53,15.535,654,2021-11-24 17:44:00,VRRM
15.54,15.54,15.535,15.535,300,2021-11-24 17:45:00,VRRM
15.53,15.53,15.51,15.51,1200,2021-11-24 17:46:00,VRRM
15.505,15.505,15.505,15.505,300,2021-11-24 17:47:00,VRRM
15.505,15.505,15.505,15.505,200,2021-11-24 17:48:00,VRRM
15.505,15.505,15.505,15.505,300,2021-11-24 17:49:00,VRRM
15.505,15.505,15.505,15.505,100,2021-11-24 17:50:00,VRRM
15.5,15.5,15.49,15.49,400,2021-11-24 17:51:00,VRRM
15.49,15.49,15.482,15.487,600,2021-11-24 17:53:00,VRRM
15.49,15.49,15.49,15.49,100,2021-11-24 17:54:00,VRRM
15.49,15.49,15.49,15.49,300,2021-11-24 17:55:00,VRRM
15.5,15.5,15.49,15.5,600,2021-11-24 17:56:00,VRRM
15.5,15.5,15.5,15.5,600,2021-11-24 17:58:00,VRRM
15.495,15.52,15.495,15.51,1400,2021-11-24 17:59:00,VRRM
15.51,15.51,15.51,15.51,400,2021-11-24 18:00:00,VRRM
15.51,15.51,15.51,15.51,200,2021-11-24 18:01:00,VRRM
15.51,15.53,15.51,15.53,1183,2021-11-24 18:02:00,VRRM
15.52,15.52,15.49,15.49,1790,2021-11-24 18:03:00,VRRM
15.5,15.5,15.49,15.5,400,2021-11-24 18:05:00,VRRM
15.5,15.5,15.5,15.5,100,2021-11-24 18:06:00,VRRM
15.49,15.505,15.49,15.505,500,2021-11-24 18:07:00,VRRM
15.505,15.505,15.5001,15.5001,2128,2021-11-24 18:08:00,VRRM
15.505,15.505,15.501,15.501,200,2021-11-24 18:09:00,VRRM
15.505,15.51,15.5,15.5,1000,2021-11-24 18:10:00,VRRM
15.5,15.5,15.5,15.5,100,2021-11-24 18:11:00,VRRM
15.495,15.51,15.49,15.5,1341,2021-11-24 18:13:00,VRRM
15.505,15.505,15.5048,15.505,875,2021-11-24 18:14:00,VRRM
15.505,15.51,15.505,15.51,500,2021-11-24 18:15:00,VRRM
15.51,15.51,15.51,15.51,528,2021-11-24 18:16:00,VRRM
15.51,15.51,15.5,15.51,800,2021-11-24 18:17:00,VRRM
15.505,15.51,15.505,15.5053,556,2021-11-24 18:18:00,VRRM
15.51,15.51,15.51,15.51,100,2021-11-24 18:19:00,VRRM
15.51,15.51,15.51,15.51,200,2021-11-24 18:20:00,VRRM
15.51,15.53,15.51,15.52,1844,2021-11-24 18:21:00,VRRM
15.53,15.53,15.53,15.53,100,2021-11-24 18:22:00,VRRM
15.525,15.525,15.525,15.525,100,2021-11-24 18:23:00,VRRM
15.525,15.53,15.525,15.53,250,2021-11-24 18:24:00,VRRM
15.525,15.525,15.525,15.525,200,2021-11-24 18:25:00,VRRM
15.525,15.53,15.525,15.53,300,2021-11-24 18:26:00,VRRM
15.525,15.525,15.501,15.505,1382,2021-11-24 18:27:00,VRRM
15.505,15.505,15.505,15.505,300,2021-11-24 18:28:00,VRRM
15.5,15.5,15.495,15.495,400,2021-11-24 18:29:00,VRRM
15.5,15.5,15.5,15.5,200,2021-11-24 18:30:00,VRRM
15.491,15.491,15.491,15.491,100,2021-11-24 18:31:00,VRRM
15.49,15.49,15.49,15.49,100,2021-11-24 18:32:00,VRRM
15.49,15.5,15.49,15.5,1100,2021-11-24 18:34:00,VRRM
15.5,15.5,15.45,15.45,2832,2021-11-24 18:37:00,VRRM
15.46,15.46,15.45,15.45,200,2021-11-24 18:38:00,VRRM
15.451,15.46,15.451,15.46,886,2021-11-24 18:39:00,VRRM
15.47,15.49,15.47,15.49,500,2021-11-24 18:40:00,VRRM
15.4864,15.4864,15.4864,15.4864,252,2021-11-24 18:42:00,VRRM
15.485,15.485,15.485,15.485,100,2021-11-24 18:43:00,VRRM
15.485,15.485,15.485,15.485,200,2021-11-24 18:45:00,VRRM
15.49,15.49,15.485,15.485,200,2021-11-24 18:46:00,VRRM
15.48,15.485,15.48,15.485,400,2021-11-24 18:47:00,VRRM
15.485,15.49,15.485,15.485,390,2021-11-24 18:48:00,VRRM
15.49,15.49,15.48,15.48,200,2021-11-24 18:49:00,VRRM
15.485,15.49,15.485,15.49,200,2021-11-24 18:50:00,VRRM
15.48,15.49,15.48,15.49,200,2021-11-24 18:51:00,VRRM
15.49,15.49,15.49,15.49,100,2021-11-24 18:52:00,VRRM
15.49,15.49,15.49,15.49,200,2021-11-24 18:53:00,VRRM
15.49,15.49,15.48,15.48,804,2021-11-24 18:54:00,VRRM
15.475,15.475,15.461,15.461,907,2021-11-24 18:55:00,VRRM
15.47,15.47,15.465,15.465,200,2021-11-24 18:56:00,VRRM
15.465,15.47,15.45,15.46,700,2021-11-24 18:59:00,VRRM
15.46,15.465,15.46,15.46,800,2021-11-24 19:00:00,VRRM
15.46,15.46,15.455,15.455,200,2021-11-24 19:01:00,VRRM
15.455,15.455,15.45,15.45,1029,2021-11-24 19:02:00,VRRM
15.46,15.46,15.455,15.455,700,2021-11-24 19:03:00,VRRM
15.45,15.45,15.43,15.43,923,2021-11-24 19:04:00,VRRM
15.425,15.425,15.425,15.425,100,2021-11-24 19:06:00,VRRM
15.41,15.42,15.4,15.4,745,2021-11-24 19:07:00,VRRM
15.39,15.39,15.35,15.38,1000,2021-11-24 19:08:00,VRRM
15.375,15.3841,15.375,15.3841,2042,2021-11-24 19:09:00,VRRM
15.375,15.375,15.362,15.37,300,2021-11-24 19:10:00,VRRM
15.38,15.38,15.36,15.36,600,2021-11-24 19:11:00,VRRM
15.38,15.38,15.38,15.38,600,2021-11-24 19:13:00,VRRM
15.39,15.39,15.39,15.39,200,2021-11-24 19:14:00,VRRM
15.38,15.395,15.38,15.39,1800,2021-11-24 19:15:00,VRRM
15.381,15.39,15.38,15.39,2119,2021-11-24 19:16:00,VRRM
15.39,15.405,15.39,15.395,1600,2021-11-24 19:17:00,VRRM
15.395,15.395,15.395,15.395,300,2021-11-24 19:18:00,VRRM
15.4,15.4,15.4,15.4,100,2021-11-24 19:19:00,VRRM
15.4,15.4,15.4,15.4,200,2021-11-24 19:20:00,VRRM
15.395,15.395,15.39,15.395,2000,2021-11-24 19:21:00,VRRM
15.4,15.4,15.4,15.4,100,2021-11-24 19:22:00,VRRM
15.4,15.41,15.395,15.41,2379,2021-11-24 19:23:00,VRRM
15.41,15.41,15.41,15.41,200,2021-11-24 19:24:00,VRRM
15.41,15.41,15.41,15.41,200,2021-11-24 19:25:00,VRRM
15.41,15.415,15.4086,15.41,1900,2021-11-24 19:26:00,VRRM
15.405,15.405,15.4,15.4,436,2021-11-24 19:27:00,VRRM
15.38,15.4,15.38,15.395,900,2021-11-24 19:28:00,VRRM
15.4,15.41,15.4,15.4,1436,2021-11-24 19:29:00,VRRM
15.41,15.41,15.41,15.41,500,2021-11-24 19:30:00,VRRM
15.42,15.44,15.42,15.42,1413,2021-11-24 19:31:00,VRRM
15.42,15.425,15.42,15.42,600,2021-11-24 19:32:00,VRRM
15.42,15.42,15.41,15.415,500,2021-11-24 19:33:00,VRRM
15.415,15.42,15.415,15.42,300,2021-11-24 19:34:00,VRRM
15.415,15.42,15.41,15.42,1200,2021-11-24 19:36:00,VRRM
15.42,15.42,15.415,15.415,400,2021-11-24 19:37:00,VRRM
15.415,15.415,15.415,15.415,200,2021-11-24 19:38:00,VRRM
15.415,15.42,15.415,15.42,388,2021-11-24 19:39:00,VRRM
15.42,15.43,15.415,15.42,1300,2021-11-24 19:40:00,VRRM
15.41,15.41,15.41,15.41,200,2021-11-24 19:41:00,VRRM
15.415,15.415,15.415,15.415,100,2021-11-24 19:42:00,VRRM
15.43,15.43,15.43,15.43,100,2021-11-24 19:43:00,VRRM
15.43,15.445,15.43,15.445,900,2021-11-24 19:45:00,VRRM
15.45,15.45,15.45,15.45,300,2021-11-24 19:46:00,VRRM
15.44,15.47,15.44,15.46,1912,2021-11-24 19:47:00,VRRM
15.46,15.47,15.46,15.46,500,2021-11-24 19:48:00,VRRM
15.45,15.45,15.45,15.45,900,2021-11-24 19:49:00,VRRM
15.44,15.45,15.44,15.45,1607,2021-11-24 19:50:00,VRRM
15.45,15.46,15.45,15.46,400,2021-11-24 19:51:00,VRRM
15.46,15.46,15.46,15.46,200,2021-11-24 19:52:00,VRRM
15.46,15.46,15.46,15.46,720,2021-11-24 19:53:00,VRRM
15.46,15.46,15.455,15.455,200,2021-11-24 19:54:00,VRRM
15.45,15.46,15.45,15.46,500,2021-11-24 19:55:00,VRRM
15.45,15.46,15.45,15.46,500,2021-11-24 19:56:00,VRRM
15.455,15.46,15.455,15.46,300,2021-11-24 19:57:00,VRRM
15.46,15.47,15.45,15.47,1971,2021-11-24 19:58:00,VRRM
15.46,15.46,15.455,15.46,889,2021-11-24 19:59:00,VRRM
15.45,15.46,15.45,15.46,942,2021-11-24 20:01:00,VRRM
15.46,15.47,15.46,15.465,2250,2021-11-24 20:02:00,VRRM
15.465,15.465,15.43,15.44,2483,2021-11-24 20:03:00,VRRM
15.43,15.43,15.42,15.42,300,2021-11-24 20:04:00,VRRM
15.43,15.46,15.42,15.45,1100,2021-11-24 20:05:00,VRRM
15.45,15.45,15.445,15.445,400,2021-11-24 20:06:00,VRRM
15.445,15.45,15.44,15.44,1000,2021-11-24 20:07:00,VRRM
15.44,15.4424,15.44,15.44,6157,2021-11-24 20:08:00,VRRM
15.445,15.46,15.44,15.46,1177,2021-11-24 20:09:00,VRRM
15.46,15.46,15.455,15.455,600,2021-11-24 20:10:00,VRRM
15.46,15.46,15.46,15.46,800,2021-11-24 20:11:00,VRRM
15.46,15.46,15.45,15.46,2898,2021-11-24 20:12:00,VRRM
15.46,15.46,15.45,15.46,600,2021-11-24 20:13:00,VRRM
15.46,15.47,15.46,15.47,1329,2021-11-24 20:14:00,VRRM
15.465,15.47,15.465,15.47,600,2021-11-24 20:15:00,VRRM
15.47,15.475,15.47,15.47,1987,2021-11-24 20:16:00,VRRM
15.46,15.47,15.46,15.46,1893,2021-11-24 20:17:00,VRRM
15.46,15.46,15.455,15.4551,422,2021-11-24 20:18:00,VRRM
15.46,15.46,15.46,15.46,1655,2021-11-24 20:20:00,VRRM
15.465,15.465,15.465,15.465,200,2021-11-24 20:21:00,VRRM
15.461,15.47,15.461,15.47,200,2021-11-24 20:22:00,VRRM
15.465,15.47,15.465,15.47,300,2021-11-24 20:23:00,VRRM
15.465,15.47,15.465,15.47,600,2021-11-24 20:24:00,VRRM
15.47,15.48,15.47,15.475,1128,2021-11-24 20:25:00,VRRM
15.48,15.495,15.48,15.495,1300,2021-11-24 20:26:00,VRRM
15.495,15.505,15.495,15.505,1342,2021-11-24 20:27:00,VRRM
15.5,15.51,15.5,15.505,1600,2021-11-24 20:28:00,VRRM
15.505,15.505,15.505,15.505,600,2021-11-24 20:29:00,VRRM
15.51,15.51,15.51,15.51,100,2021-11-24 20:30:00,VRRM
15.5,15.505,15.47,15.4717,2700,2021-11-24 20:31:00,VRRM
15.47,15.48,15.47,15.48,1000,2021-11-24 20:33:00,VRRM
15.48,15.48,15.48,15.48,300,2021-11-24 20:34:00,VRRM
15.475,15.49,15.47,15.48,1678,2021-11-24 20:35:00,VRRM
15.485,15.485,15.48,15.48,400,2021-11-24 20:36:00,VRRM
15.485,15.5,15.485,15.4975,1297,2021-11-24 20:37:00,VRRM
15.495,15.5,15.495,15.5,459,2021-11-24 20:38:00,VRRM
15.5,15.51,15.5,15.5,1361,2021-11-24 20:39:00,VRRM
15.49,15.495,15.49,15.49,1700,2021-11-24 20:40:00,VRRM
15.48,15.49,15.48,15.481,1300,2021-11-24 20:41:00,VRRM
15.48,15.48,15.46,15.46,900,2021-11-24 20:42:00,VRRM
15.47,15.47,15.46,15.465,700,2021-11-24 20:43:00,VRRM
15.465,15.48,15.465,15.48,1200,2021-11-24 20:44:00,VRRM
15.48,15.48,15.475,15.475,700,2021-11-24 20:45:00,VRRM
15.475,15.475,15.465,15.465,1600,2021-11-24 20:46:00,VRRM
15.465,15.47,15.46,15.465,900,2021-11-24 20:47:00,VRRM
15.465,15.48,15.46,15.46,3684,2021-11-24 20:48:00,VRRM
15.44,15.45,15.44,15.44,400,2021-11-24 20:49:00,VRRM
15.46,15.48,15.455,15.47,3979,2021-11-24 20:50:00,VRRM
15.48,15.48,15.46,15.46,4290,2021-11-24 20:51:00,VRRM
15.47,15.475,15.455,15.455,2796,2021-11-24 20:52:00,VRRM
15.46,15.47,15.46,15.47,1521,2021-11-24 20:53:00,VRRM
15.47,15.47,15.46,15.47,5146,2021-11-24 20:54:00,VRRM
15.47,15.47,15.445,15.45,5018,2021-11-24 20:55:00,VRRM
15.45,15.46,15.4425,15.46,3517,2021-11-24 20:56:00,VRRM
15.45,15.455,15.43,15.45,6368,2021-11-24 20:57:00,VRRM
15.4427,15.45,15.43,15.45,6250,2021-11-24 20:58:00,VRRM
15.45,15.45,15.43,15.44,13039,2021-11-24 20:59:00,VRRM
15.44,15.44,15.44,15.44,55467,2021-11-24 21:00:00,VRRM
15.04,15.35,15.04,15.35,9818,2021-11-26 14:30:00,VRRM
15.035,15.1,15.01,15.1,837,2021-11-26 14:31:00,VRRM
15.01,15.03,15.01,15.03,200,2021-11-26 14:32:00,VRRM
15.03,15.1,15.03,15.07,400,2021-11-26 14:33:00,VRRM
15.105,15.105,15.105,15.105,100,2021-11-26 14:34:00,VRRM
15.09,15.17,15.08,15.105,800,2021-11-26 14:35:00,VRRM
15.11,15.11,15.08,15.08,547,2021-11-26 14:36:00,VRRM
15.11,15.11,15.06,15.06,300,2021-11-26 14:37:00,VRRM
15.08,15.08,14.98,14.98,2100,2021-11-26 14:39:00,VRRM
14.99,15.01,14.98,15.01,1000,2021-11-26 14:40:00,VRRM
14.98,15.0,14.98,14.98,300,2021-11-26 14:41:00,VRRM
14.97,15.05,14.97,15.05,10664,2021-11-26 14:42:00,VRRM
15.0,15.03,14.97,15.02,17061,2021-11-26 14:43:00,VRRM
15.01,15.02,15.0,15.0,500,2021-11-26 14:44:00,VRRM
15.0,15.015,14.97,14.98,3496,2021-11-26 14:45:00,VRRM
14.98,15.0,14.97,15.0,4135,2021-11-26 14:46:00,VRRM
14.97,14.97,14.95,14.95,2025,2021-11-26 14:47:00,VRRM
14.95,14.955,14.94,14.95,3831,2021-11-26 14:48:00,VRRM
14.94,14.95,14.935,14.95,8686,2021-11-26 14:49:00,VRRM
14.95,14.99,14.93,14.99,1800,2021-11-26 14:50:00,VRRM
14.96,15.01,14.96,14.975,1360,2021-11-26 14:51:00,VRRM
14.975,15.0,14.97,14.975,818,2021-11-26 14:52:00,VRRM
14.97,15.02,14.97,14.985,400,2021-11-26 14:53:00,VRRM
14.96,15.01,14.96,14.99,2133,2021-11-26 14:54:00,VRRM
15.03,15.03,14.96,14.96,1000,2021-11-26 14:55:00,VRRM
14.99,14.99,14.99,14.99,606,2021-11-26 14:56:00,VRRM
14.96,15.0,14.96,14.97,2094,2021-11-26 14:57:00,VRRM
14.96,14.96,14.94,14.95,1801,2021-11-26 14:58:00,VRRM
14.95,14.95,14.93,14.93,1010,2021-11-26 14:59:00,VRRM
14.93,14.93,14.89,14.89,1116,2021-11-26 15:00:00,VRRM
14.89,14.89,14.85,14.865,600,2021-11-26 15:01:00,VRRM
14.865,14.89,14.83,14.865,9334,2021-11-26 15:02:00,VRRM
14.87,14.94,14.87,14.9,2700,2021-11-26 15:03:00,VRRM
14.92,14.92,14.89,14.92,2350,2021-11-26 15:04:00,VRRM
14.92,14.95,14.91,14.91,2900,2021-11-26 15:05:00,VRRM
14.91,14.94,14.91,14.94,500,2021-11-26 15:06:00,VRRM
14.925,14.955,14.89,14.93,7500,2021-11-26 15:07:00,VRRM
14.925,14.99,14.92,14.93,9818,2021-11-26 15:08:00,VRRM
14.92,14.92,14.86,14.88,1965,2021-11-26 15:09:00,VRRM
14.88,14.9,14.88,14.9,600,2021-11-26 15:10:00,VRRM
14.89,14.89,14.85,14.85,2487,2021-11-26 15:11:00,VRRM
14.83,14.83,14.83,14.83,100,2021-11-26 15:12:00,VRRM
14.82,14.82,14.8,14.8,2908,2021-11-26 15:13:00,VRRM
14.82,14.83,14.81,14.81,1300,2021-11-26 15:14:00,VRRM
14.81,14.81,14.79,14.79,2363,2021-11-26 15:15:00,VRRM
14.78,14.82,14.77,14.81,3255,2021-11-26 15:16:00,VRRM
14.81,14.81,14.77,14.77,5312,2021-11-26 15:17:00,VRRM
14.775,14.775,14.76,14.76,3578,2021-11-26 15:18:00,VRRM
14.775,14.8,14.775,14.8,2300,2021-11-26 15:19:00,VRRM
14.785,14.785,14.785,14.785,360,2021-11-26 15:20:00,VRRM
14.81,14.84,14.81,14.84,600,2021-11-26 15:21:00,VRRM
14.84,14.84,14.84,14.84,100,2021-11-26 15:22:00,VRRM
14.84,14.84,14.84,14.84,400,2021-11-26 15:23:00,VRRM
14.86,14.88,14.85,14.85,1000,2021-11-26 15:24:00,VRRM
14.85,14.855,14.82,14.82,1800,2021-11-26 15:25:00,VRRM
14.825,14.83,14.81,14.83,900,2021-11-26 15:26:00,VRRM
14.84,14.885,14.84,14.87,1780,2021-11-26 15:27:00,VRRM
14.89,14.89,14.89,14.89,100,2021-11-26 15:28:00,VRRM
14.875,14.875,14.84,14.85,2343,2021-11-26 15:29:00,VRRM
14.88,14.88,14.86,14.86,300,2021-11-26 15:30:00,VRRM
14.84,14.84,14.82,14.84,1155,2021-11-26 15:31:00,VRRM
14.825,14.825,14.78,14.8,2981,2021-11-26 15:32:00,VRRM
14.81,14.83,14.81,14.83,1000,2021-11-26 15:33:00,VRRM
14.81,14.82,14.81,14.82,935,2021-11-26 15:34:00,VRRM
14.81,14.83,14.81,14.83,1500,2021-11-26 15:35:00,VRRM
14.82,14.83,14.8,14.8,1237,2021-11-26 15:36:00,VRRM
14.8,14.81,14.8,14.81,300,2021-11-26 15:37:00,VRRM
14.82,14.84,14.82,14.84,651,2021-11-26 15:38:00,VRRM
14.84,14.85,14.83,14.85,1238,2021-11-26 15:39:00,VRRM
14.83,14.83,14.81,14.81,1501,2021-11-26 15:40:00,VRRM
14.81,14.83,14.81,14.83,2350,2021-11-26 15:42:00,VRRM
14.84,14.84,14.82,14.83,1900,2021-11-26 15:43:00,VRRM
14.8331,14.8331,14.81,14.8171,1718,2021-11-26 15:44:00,VRRM
14.81,14.82,14.81,14.82,800,2021-11-26 15:45:00,VRRM
14.81,14.825,14.8,14.82,1900,2021-11-26 15:47:00,VRRM
14.8178,14.82,14.8,14.815,2428,2021-11-26 15:48:00,VRRM
14.815,14.88,14.815,14.85,3377,2021-11-26 15:49:00,VRRM
14.88,14.88,14.84,14.85,1300,2021-11-26 15:50:00,VRRM
14.84,14.85,14.83,14.84,2200,2021-11-26 15:51:00,VRRM
14.85,14.875,14.84,14.86,5691,2021-11-26 15:52:00,VRRM
14.86,14.88,14.855,14.869,2100,2021-11-26 15:53:00,VRRM
14.86,14.87,14.85,14.85,2432,2021-11-26 15:54:00,VRRM
14.84,14.86,14.84,14.84,4268,2021-11-26 15:55:00,VRRM
14.85,14.85,14.84,14.85,1500,2021-11-26 15:56:00,VRRM
14.84,14.85,14.84,14.84,1140,2021-11-26 15:57:00,VRRM
14.82,14.84,14.8,14.84,2588,2021-11-26 15:58:00,VRRM
14.845,14.845,14.845,14.845,200,2021-11-26 15:59:00,VRRM
14.845,14.845,14.82,14.82,800,2021-11-26 16:00:00,VRRM
14.8,14.81,14.8,14.8,3073,2021-11-26 16:01:00,VRRM
14.79,14.798,14.78,14.78,1000,2021-11-26 16:02:00,VRRM
14.78,14.8,14.75,14.76,1955,2021-11-26 16:03:00,VRRM
14.78,14.78,14.75,14.75,844,2021-11-26 16:04:00,VRRM
14.76,14.77,14.76,14.77,300,2021-11-26 16:05:00,VRRM
14.775,14.775,14.761,14.761,225,2021-11-26 16:06:00,VRRM
14.77,14.79,14.77,14.78,996,2021-11-26 16:07:00,VRRM
14.77,14.8,14.77,14.8,1692,2021-11-26 16:08:00,VRRM
14.8,14.805,14.8,14.8,1434,2021-11-26 16:09:00,VRRM
14.8,14.82,14.8,14.82,2152,2021-11-26 16:10:00,VRRM
14.8,14.8,14.75,14.76,2303,2021-11-26 16:11:00,VRRM
14.765,14.775,14.76,14.77,1200,2021-11-26 16:12:00,VRRM
14.77,14.77,14.77,14.77,100,2021-11-26 16:13:00,VRRM
14.77,14.79,14.77,14.775,2409,2021-11-26 16:14:00,VRRM
14.77,14.77,14.75,14.75,2224,2021-11-26 16:15:00,VRRM
14.75,14.77,14.75,14.765,7952,2021-11-26 16:16:00,VRRM
14.77,14.77,14.75,14.755,2075,2021-11-26 16:17:00,VRRM
14.76,14.76,14.76,14.76,753,2021-11-26 16:18:00,VRRM
14.75,14.75,14.745,14.75,600,2021-11-26 16:19:00,VRRM
14.75,14.76,14.71,14.71,7423,2021-11-26 16:20:00,VRRM
14.71,14.71,14.7,14.7,400,2021-11-26 16:21:00,VRRM
14.71,14.71,14.68,14.69,8823,2021-11-26 16:22:00,VRRM
14.7,14.71,14.7,14.71,2600,2021-11-26 16:23:00,VRRM
14.72,14.72,14.72,14.72,100,2021-11-26 16:24:00,VRRM
14.72,14.77,14.72,14.74,6971,2021-11-26 16:25:00,VRRM
14.73,14.76,14.73,14.755,2760,2021-11-26 16:26:00,VRRM
14.76,14.77,14.76,14.77,1000,2021-11-26 16:27:00,VRRM
14.76,14.77,14.75,14.75,2284,2021-11-26 16:28:00,VRRM
14.75,14.81,14.75,14.78,8205,2021-11-26 16:29:00,VRRM
14.795,14.795,14.795,14.795,100,2021-11-26 16:30:00,VRRM
14.79,14.8,14.77,14.77,1000,2021-11-26 16:31:00,VRRM
14.76,14.77,14.74,14.77,700,2021-11-26 16:32:00,VRRM
14.75,14.75,14.74,14.75,300,2021-11-26 16:33:00,VRRM
14.74,14.77,14.74,14.76,2397,2021-11-26 16:34:00,VRRM
14.79,14.805,14.79,14.79,3025,2021-11-26 16:37:00,VRRM
14.81,14.81,14.8,14.805,800,2021-11-26 16:38:00,VRRM
14.805,14.84,14.805,14.84,700,2021-11-26 16:39:00,VRRM
14.85,14.85,14.85,14.85,200,2021-11-26 16:40:00,VRRM
14.84,14.84,14.83,14.84,1352,2021-11-26 16:41:00,VRRM
14.82,14.87,14.82,14.87,5773,2021-11-26 16:42:00,VRRM
14.87,14.88,14.87,14.88,2414,2021-11-26 16:43:00,VRRM
14.89,14.895,14.87,14.87,8299,2021-11-26 16:44:00,VRRM
14.88,14.92,14.88,14.92,5750,2021-11-26 16:45:00,VRRM
14.92,14.92,14.91,14.91,400,2021-11-26 16:46:00,VRRM
14.92,14.92,14.92,14.92,300,2021-11-26 16:47:00,VRRM
14.92,14.92,14.92,14.92,100,2021-11-26 16:48:00,VRRM
14.92,14.92,14.86,14.86,4982,2021-11-26 16:49:00,VRRM
14.86,14.87,14.86,14.86,1172,2021-11-26 16:50:00,VRRM
14.855,14.87,14.855,14.86,416,2021-11-26 16:51:00,VRRM
14.85,14.87,14.85,14.86,7034,2021-11-26 16:52:00,VRRM
14.82,14.83,14.82,14.82,500,2021-11-26 16:53:00,VRRM
14.8,14.82,14.8,14.82,1200,2021-11-26 16:54:00,VRRM
14.8,14.825,14.79,14.825,1100,2021-11-26 16:55:00,VRRM
14.8,14.8,14.8,14.8,164,2021-11-26 16:56:00,VRRM
14.82,14.84,14.81,14.84,951,2021-11-26 16:57:00,VRRM
14.84,14.859,14.84,14.859,300,2021-11-26 16:58:00,VRRM
14.86,14.88,14.86,14.87,4735,2021-11-26 16:59:00,VRRM
14.87,14.88,14.86,14.875,2161,2021-11-26 17:00:00,VRRM
14.88,14.88,14.87,14.87,1951,2021-11-26 17:01:00,VRRM
14.87,14.875,14.87,14.87,300,2021-11-26 17:02:00,VRRM
14.87,14.875,14.86,14.865,1835,2021-11-26 17:03:00,VRRM
14.87,14.88,14.87,14.88,1400,2021-11-26 17:04:00,VRRM
14.88,14.89,14.88,14.89,441,2021-11-26 17:05:00,VRRM
14.89,14.895,14.885,14.89,1496,2021-11-26 17:06:00,VRRM
14.895,14.895,14.89,14.89,300,2021-11-26 17:07:00,VRRM
14.895,14.91,14.895,14.91,2076,2021-11-26 17:08:00,VRRM
14.915,14.94,14.915,14.94,900,2021-11-26 17:09:00,VRRM
14.94,14.97,14.94,14.97,1000,2021-11-26 17:10:00,VRRM
14.97,14.975,14.97,14.975,200,2021-11-26 17:11:00,VRRM
14.97,14.98,14.95,14.96,4639,2021-11-26 17:12:00,VRRM
14.96,14.96,14.96,14.96,100,2021-11-26 17:13:00,VRRM
14.95,14.955,14.94,14.95,1696,2021-11-26 17:14:00,VRRM
14.955,14.97,14.93,14.93,2600,2021-11-26 17:15:00,VRRM
14.93,14.97,14.93,14.97,2497,2021-11-26 17:16:00,VRRM
14.955,14.97,14.95,14.97,2800,2021-11-26 17:17:00,VRRM
14.94,14.94,14.94,14.94,600,2021-11-26 17:19:00,VRRM
14.94,14.96,14.94,14.94,4257,2021-11-26 17:20:00,VRRM
14.94,14.96,14.94,14.96,1300,2021-11-26 17:21:00,VRRM
14.955,14.96,14.94,14.94,2300,2021-11-26 17:22:00,VRRM
14.945,14.98,14.94,14.98,3523,2021-11-26 17:23:00,VRRM
14.97,14.975,14.97,14.975,200,2021-11-26 17:24:00,VRRM
14.975,14.975,14.9705,14.9705,200,2021-11-26 17:25:00,VRRM
14.97,15.01,14.97,15.01,2150,2021-11-26 17:26:00,VRRM
15.02,15.03,14.995,14.995,1992,2021-11-26 17:27:00,VRRM
14.99,15.0,14.99,15.0,500,2021-11-26 17:28:00,VRRM
15.0,15.0,15.0,15.0,500,2021-11-26 17:29:00,VRRM
15.02,15.03,15.0,15.02,3182,2021-11-26 17:31:00,VRRM
15.02,15.05,15.02,15.05,7492,2021-11-26 17:32:00,VRRM
15.045,15.045,15.045,15.045,100,2021-11-26 17:33:00,VRRM
15.04,15.05,15.03,15.04,6335,2021-11-26 17:34:00,VRRM
15.04,15.05,15.03,15.04,1300,2021-11-26 17:35:00,VRRM
15.03,15.04,15.03,15.035,2400,2021-11-26 17:36:00,VRRM
15.04,15.04,15.04,15.04,200,2021-11-26 17:37:00,VRRM
15.035,15.04,15.035,15.04,400,2021-11-26 17:38:00,VRRM
15.04,15.05,15.028,15.028,4604,2021-11-26 17:39:00,VRRM
15.03,15.04,15.02,15.03,2251,2021-11-26 17:40:00,VRRM
15.025,15.03,15.02,15.025,4145,2021-11-26 17:41:00,VRRM
15.02,15.025,15.005,15.005,3204,2021-11-26 17:42:00,VRRM
15.005,15.005,14.98,15.0,2626,2021-11-26 17:43:00,VRRM
15.005,15.01,15.005,15.01,906,2021-11-26 17:44:00,VRRM
15.03,15.13,15.03,15.11,30661,2021-11-26 17:45:00,VRRM
15.1,15.1,15.1,15.1,11032,2021-11-26 17:46:00,VRRM
15.1,15.1,15.09,15.1,29825,2021-11-26 17:47:00,VRRM
15.1,15.1,15.05,15.05,4247,2021-11-26 17:48:00,VRRM
15.04,15.04,15.04,15.04,1397,2021-11-26 17:49:00,VRRM
15.04,15.04,14.99,15.0,2551,2021-11-26 17:50:00,VRRM
14.98,15.0,14.97,14.98,3773,2021-11-26 17:51:00,VRRM
14.975,15.0,14.96,15.0,3284,2021-11-26 17:52:00,VRRM
15.0,15.0,14.97,14.99,3586,2021-11-26 17:53:00,VRRM
14.99,15.015,14.99,15.005,2685,2021-11-26 17:54:00,VRRM
15.0,15.04,15.0,15.04,4768,2021-11-26 17:55:00,VRRM
15.04,15.045,15.02,15.03,2986,2021-11-26 17:56:00,VRRM
15.03,15.05,15.03,15.045,4162,2021-11-26 17:57:00,VRRM
15.04,15.04,15.0,15.0,7609,2021-11-26 17:58:00,VRRM
15.0,15.02,15.0,15.02,7410,2021-11-26 17:59:00,VRRM
15.0,15.0,15.0,15.0,66959,2021-11-26 18:00:00,VRRM
15.0,15.0,15.0,15.0,149,2021-11-26 18:01:00,VRRM
14.36,14.36,14.36,14.36,1000,2021-11-26 19:43:00,VRRM
15.17,15.2191,15.17,15.2191,5813,2021-11-29 14:30:00,VRRM
15.17,15.17,15.17,15.17,100,2021-11-29 14:32:00,VRRM
15.12,15.12,15.105,15.105,300,2021-11-29 14:33:00,VRRM
15.13,15.13,15.12,15.12,200,2021-11-29 14:34:00,VRRM
15.12,15.12,15.12,15.12,100,2021-11-29 14:35:00,VRRM
15.12,15.17,15.12,15.17,1300,2021-11-29 14:36:00,VRRM
15.17,15.2,15.17,15.2,828,2021-11-29 14:37:00,VRRM
15.17,15.175,15.15,15.175,900,2021-11-29 14:38:00,VRRM
15.2,15.22,15.2,15.22,1100,2021-11-29 14:39:00,VRRM
15.17,15.2,15.17,15.18,700,2021-11-29 14:41:00,VRRM
15.16,15.17,15.13,15.13,2400,2021-11-29 14:42:00,VRRM
15.13,15.13,15.12,15.12,300,2021-11-29 14:43:00,VRRM
15.11,15.12,15.11,15.12,706,2021-11-29 14:46:00,VRRM
15.12,15.18,15.12,15.17,3242,2021-11-29 14:47:00,VRRM
15.17,15.19,15.17,15.19,300,2021-11-29 14:48:00,VRRM
15.19,15.19,15.12,15.12,2412,2021-11-29 14:52:00,VRRM
15.15,15.16,15.15,15.16,2040,2021-11-29 14:55:00,VRRM
15.15,15.15,15.14,15.14,593,2021-11-29 14:56:00,VRRM
15.17,15.18,15.17,15.18,500,2021-11-29 14:57:00,VRRM
15.1799,15.18,15.1799,15.18,1101,2021-11-29 14:58:00,VRRM
15.15,15.15,15.15,15.15,100,2021-11-29 14:59:00,VRRM
15.14,15.17,15.14,15.17,1010,2021-11-29 15:00:00,VRRM
15.1697,15.17,15.1697,15.17,851,2021-11-29 15:01:00,VRRM
15.17,15.17,15.17,15.17,500,2021-11-29 15:02:00,VRRM
15.15,15.16,15.15,15.16,400,2021-11-29 15:03:00,VRRM
15.13,15.14,15.13,15.13,300,2021-11-29 15:04:00,VRRM
15.13,15.13,15.11,15.13,700,2021-11-29 15:05:00,VRRM
15.09,15.12,15.08,15.11,3304,2021-11-29 15:06:00,VRRM
15.095,15.095,15.05,15.05,603,2021-11-29 15:07:00,VRRM
15.04,15.04,15.0323,15.0323,2188,2021-11-29 15:09:00,VRRM
15.05,15.05,15.05,15.05,300,2021-11-29 15:10:00,VRRM
15.04,15.04,15.04,15.04,600,2021-11-29 15:11:00,VRRM
15.05,15.05,15.05,15.05,300,2021-11-29 15:12:00,VRRM
15.05,15.05,15.05,15.05,100,2021-11-29 15:13:00,VRRM
15.04,15.04,15.02,15.02,868,2021-11-29 15:14:00,VRRM
15.02,15.02,15.0,15.02,4415,2021-11-29 15:16:00,VRRM
15.04,15.05,15.04,15.05,300,2021-11-29 15:17:00,VRRM
15.05,15.07,15.05,15.069,500,2021-11-29 15:18:00,VRRM
15.06,15.075,15.06,15.075,1080,2021-11-29 15:19:00,VRRM
15.08,15.08,15.061,15.061,1214,2021-11-29 15:20:00,VRRM
15.08,15.081,15.07,15.07,826,2021-11-29 15:21:00,VRRM
15.07,15.08,15.07,15.08,800,2021-11-29 15:24:00,VRRM
15.06,15.06,15.04,15.04,500,2021-11-29 15:26:00,VRRM
15.02,15.02,15.01,15.01,200,2021-11-29 15:27:00,VRRM
15.0,15.05,15.0,15.05,3872,2021-11-29 15:28:00,VRRM
15.03,15.03,15.0,15.0,1200,2021-11-29 15:30:00,VRRM
15.0,15.02,15.0,15.01,7745,2021-11-29 15:31:00,VRRM
15.01,15.04,15.01,15.04,912,2021-11-29 15:32:00,VRRM
15.02,15.03,15.01,15.03,1768,2021-11-29 15:34:00,VRRM
15.02,15.03,15.0001,15.0001,3500,2021-11-29 15:35:00,VRRM
15.02,15.02,15.0,15.02,5022,2021-11-29 15:36:00,VRRM
15.02,15.02,15.02,15.02,100,2021-11-29 15:37:00,VRRM
15.0,15.01,14.99,15.0,12655,2021-11-29 15:38:00,VRRM
15.0,15.01,14.99,14.99,3340,2021-11-29 15:39:00,VRRM
14.95,14.95,14.93,14.95,3461,2021-11-29 15:41:00,VRRM
14.95,14.95,14.95,14.95,400,2021-11-29 15:42:00,VRRM
14.95,14.98,14.95,14.975,3166,2021-11-29 15:43:00,VRRM
14.98,14.99,14.98,14.99,200,2021-11-29 15:44:00,VRRM
15.0,15.0,14.98,14.98,600,2021-11-29 15:45:00,VRRM
14.97,15.01,14.96,15.01,3350,2021-11-29 15:48:00,VRRM
14.995,15.002,14.97,14.97,953,2021-11-29 15:49:00,VRRM
14.97,14.97,14.97,14.97,484,2021-11-29 15:50:00,VRRM
14.97,14.98,14.97,14.98,889,2021-11-29 15:51:00,VRRM
14.97,14.97,14.97,14.97,100,2021-11-29 15:52:00,VRRM
14.99,14.99,14.98,14.99,500,2021-11-29 15:53:00,VRRM
15.0,15.02,15.0,15.02,411,2021-11-29 15:56:00,VRRM
15.0,15.02,14.99,15.0,1700,2021-11-29 15:57:00,VRRM
15.0,15.0,15.0,15.0,200,2021-11-29 15:59:00,VRRM
15.0,15.0,15.0,15.0,458,2021-11-29 16:00:00,VRRM
14.99,14.995,14.99,14.995,300,2021-11-29 16:03:00,VRRM
14.99,14.99,14.9855,14.9855,450,2021-11-29 16:04:00,VRRM
14.99,15.015,14.99,15.01,2147,2021-11-29 16:05:00,VRRM
15.01,15.01,15.01,15.01,100,2021-11-29 16:06:00,VRRM
15.01,15.03,15.01,15.03,639,2021-11-29 16:08:00,VRRM
15.02,15.02,15.02,15.02,100,2021-11-29 16:09:00,VRRM
15.03,15.03,15.02,15.02,500,2021-11-29 16:10:00,VRRM
15.03,15.03,15.03,15.03,200,2021-11-29 16:12:00,VRRM
15.03,15.03,15.03,15.03,300,2021-11-29 16:13:00,VRRM
15.02,15.022,15.0,15.0,2884,2021-11-29 16:14:00,VRRM
15.0,15.02,14.9941,15.01,1789,2021-11-29 16:15:00,VRRM
14.99,15.0,14.99,15.0,600,2021-11-29 16:17:00,VRRM
15.0,15.04,15.0,15.04,5145,2021-11-29 16:18:00,VRRM
15.0372,15.0372,15.02,15.02,630,2021-11-29 16:19:00,VRRM
15.01,15.01,15.0,15.0,898,2021-11-29 16:23:00,VRRM
14.99,15.0,14.99,15.0,698,2021-11-29 16:24:00,VRRM
14.99,14.99,14.98,14.99,500,2021-11-29 16:25:00,VRRM
14.99,15.0,14.99,15.0,528,2021-11-29 16:26:00,VRRM
15.0,15.0,14.99,14.995,700,2021-11-29 16:27:00,VRRM
14.98,14.98,14.98,14.98,100,2021-11-29 16:28:00,VRRM
14.98,14.98,14.96,14.96,1046,2021-11-29 16:29:00,VRRM
14.97,14.98,14.97,14.98,710,2021-11-29 16:30:00,VRRM
14.99,15.01,14.99,15.01,2332,2021-11-29 16:31:00,VRRM
15.0,15.01,14.99,14.99,902,2021-11-29 16:32:00,VRRM
14.98,14.98,14.98,14.98,100,2021-11-29 16:34:00,VRRM
14.97,14.97,14.97,14.97,300,2021-11-29 16:35:00,VRRM
14.96,14.97,14.95,14.97,1081,2021-11-29 16:37:00,VRRM
14.98,14.98,14.98,14.98,748,2021-11-29 16:38:00,VRRM
14.98,14.98,14.98,14.98,100,2021-11-29 16:39:00,VRRM
14.95,14.965,14.95,14.965,227,2021-11-29 16:40:00,VRRM
14.98,14.98,14.975,14.975,300,2021-11-29 16:42:00,VRRM
14.98,14.98,14.96,14.96,776,2021-11-29 16:43:00,VRRM
14.97,14.97,14.97,14.97,843,2021-11-29 16:44:00,VRRM
14.97,14.98,14.97,14.98,800,2021-11-29 16:45:00,VRRM
14.97,14.98,14.97,14.98,300,2021-11-29 16:46:00,VRRM
14.98,14.995,14.98,14.995,967,2021-11-29 16:48:00,VRRM
14.99,14.99,14.99,14.99,400,2021-11-29 16:49:00,VRRM
14.98,14.98,14.98,14.98,300,2021-11-29 16:51:00,VRRM
14.98,14.98,14.98,14.98,1020,2021-11-29 16:53:00,VRRM
14.99,14.99,14.97,14.971,4006,2021-11-29 16:54:00,VRRM
14.97,14.97,14.97,14.97,300,2021-11-29 16:55:00,VRRM
14.97,14.975,14.97,14.975,931,2021-11-29 16:56:00,VRRM
14.97,14.97,14.96,14.97,800,2021-11-29 16:57:00,VRRM
14.98,14.985,14.98,14.985,691,2021-11-29 16:58:00,VRRM
14.985,14.995,14.985,14.99,800,2021-11-29 16:59:00,VRRM
15.0,15.0,15.0,15.0,400,2021-11-29 17:01:00,VRRM
15.02,15.02,15.015,15.015,200,2021-11-29 17:03:00,VRRM
15.015,15.04,15.015,15.03,1800,2021-11-29 17:04:00,VRRM
15.02,15.02,15.02,15.02,100,2021-11-29 17:07:00,VRRM
15.01,15.01,15.01,15.01,300,2021-11-29 17:08:00,VRRM
15.005,15.005,15.0,15.0,506,2021-11-29 17:10:00,VRRM
15.0,15.0,15.0,15.0,100,2021-11-29 17:12:00,VRRM
15.0,15.0,14.999,15.0,3300,2021-11-29 17:13:00,VRRM
15.01,15.01,15.01,15.01,1387,2021-11-29 17:15:00,VRRM
15.0,15.01,14.9999,15.01,1958,2021-11-29 17:17:00,VRRM
15.01,15.03,15.01,15.03,1000,2021-11-29 17:18:00,VRRM
15.025,15.025,15.025,15.025,100,2021-11-29 17:19:00,VRRM
15.04,15.04,15.04,15.04,200,2021-11-29 17:20:00,VRRM
15.05,15.07,15.05,15.07,1686,2021-11-29 17:21:00,VRRM
15.06,15.07,15.06,15.07,383,2021-11-29 17:22:00,VRRM
15.07,15.07,15.05,15.06,1810,2021-11-29 17:24:00,VRRM
15.07,15.07,15.06,15.07,1400,2021-11-29 17:26:00,VRRM
15.0503,15.0503,15.0503,15.0503,4720,2021-11-29 17:27:00,VRRM
15.065,15.065,15.065,15.065,100,2021-11-29 17:28:00,VRRM
15.06,15.07,15.05,15.06,5492,2021-11-29 17:30:00,VRRM
15.06,15.06,15.05,15.05,800,2021-11-29 17:32:00,VRRM
15.055,15.06,15.055,15.06,300,2021-11-29 17:33:00,VRRM
15.06,15.07,15.05,15.05,1226,2021-11-29 17:34:00,VRRM
15.04,15.04,15.04,15.04,349,2021-11-29 17:35:00,VRRM
15.02,15.03,15.02,15.0299,800,2021-11-29 17:36:00,VRRM
15.0263,15.0263,15.0263,15.0263,138,2021-11-29 17:37:00,VRRM
15.03,15.04,15.03,15.04,967,2021-11-29 17:38:00,VRRM
15.035,15.035,15.02,15.02,1049,2021-11-29 17:39:00,VRRM
15.01,15.02,15.01,15.02,399,2021-11-29 17:40:00,VRRM
15.01,15.0157,15.01,15.0157,448,2021-11-29 17:41:00,VRRM
15.0187,15.045,15.0187,15.04,2266,2021-11-29 17:42:00,VRRM
15.04,15.04,15.04,15.04,300,2021-11-29 17:44:00,VRRM
15.05,15.06,15.05,15.06,2208,2021-11-29 17:45:00,VRRM
15.055,15.055,15.055,15.055,100,2021-11-29 17:48:00,VRRM
15.055,15.06,15.045,15.045,1743,2021-11-29 17:49:00,VRRM
15.04,15.04,15.04,15.04,400,2021-11-29 17:50:00,VRRM
15.05,15.05,15.04,15.04,200,2021-11-29 17:51:00,VRRM
15.05,15.05,15.04,15.04,362,2021-11-29 17:52:00,VRRM
15.04,15.04,15.04,15.04,100,2021-11-29 17:53:00,VRRM
15.05,15.05,15.045,15.05,500,2021-11-29 17:56:00,VRRM
15.05,15.06,15.05,15.06,1240,2021-11-29 17:57:00,VRRM
15.05,15.06,15.05,15.05,697,2021-11-29 17:58:00,VRRM
15.06,15.06,15.05,15.05,1310,2021-11-29 17:59:00,VRRM
15.06,15.06,15.06,15.06,100,2021-11-29 18:01:00,VRRM
15.055,15.06,15.055,15.06,400,2021-11-29 18:02:00,VRRM
15.055,15.055,15.055,15.055,100,2021-11-29 18:03:00,VRRM
15.06,15.06,15.055,15.055,738,2021-11-29 18:04:00,VRRM
15.055,15.055,15.055,15.055,200,2021-11-29 18:05:00,VRRM
15.055,15.06,15.05,15.06,2667,2021-11-29 18:06:00,VRRM
15.065,15.085,15.065,15.085,1800,2021-11-29 18:07:00,VRRM
15.09,15.095,15.09,15.09,1572,2021-11-29 18:09:00,VRRM
15.081,15.085,15.081,15.085,300,2021-11-29 18:12:00,VRRM
15.08,15.08,15.07,15.07,941,2021-11-29 18:13:00,VRRM
15.06,15.065,15.06,15.065,251,2021-11-29 18:14:00,VRRM
15.065,15.065,15.05,15.05,800,2021-11-29 18:15:00,VRRM
15.05,15.05,15.025,15.03,1045,2021-11-29 18:16:00,VRRM
15.02,15.02,15.02,15.02,200,2021-11-29 18:17:00,VRRM
15.0,15.0,14.97,15.0,6146,2021-11-29 18:18:00,VRRM
15.0,15.01,15.0,15.01,1000,2021-11-29 18:19:00,VRRM
15.005,15.005,15.005,15.005,100,2021-11-29 18:21:00,VRRM
15.02,15.02,15.02,15.02,100,2021-11-29 18:22:00,VRRM
15.01,15.01,15.01,15.01,239,2021-11-29 18:23:00,VRRM
15.0,15.0,14.995,14.995,800,2021-11-29 18:25:00,VRRM
15.0,15.0,14.995,15.0,542,2021-11-29 18:26:00,VRRM
15.01,15.02,15.01,15.02,1225,2021-11-29 18:27:00,VRRM
15.015,15.015,15.015,15.015,100,2021-11-29 18:29:00,VRRM
15.01,15.015,15.0,15.015,947,2021-11-29 18:30:00,VRRM
15.02,15.03,15.02,15.03,400,2021-11-29 18:33:00,VRRM
15.02,15.02,15.02,15.02,100,2021-11-29 18:35:00,VRRM
15.01,15.01,15.01,15.01,700,2021-11-29 18:37:00,VRRM
15.0156,15.0156,15.0156,15.0156,100,2021-11-29 18:38:00,VRRM
15.0,15.0,14.97,15.0,3574,2021-11-29 18:39:00,VRRM
15.0,15.02,15.0,15.02,1087,2021-11-29 18:40:00,VRRM
15.015,15.015,15.015,15.015,100,2021-11-29 18:42:00,VRRM
15.01,15.01,14.995,15.0,2259,2021-11-29 18:43:00,VRRM
15.0,15.0,15.0,15.0,100,2021-11-29 18:44:00,VRRM
14.99,14.99,14.99,14.99,1156,2021-11-29 18:45:00,VRRM
14.985,14.985,14.985,14.985,100,2021-11-29 18:46:00,VRRM
14.98,14.98,14.98,14.98,100,2021-11-29 18:47:00,VRRM
14.99,15.0,14.99,15.0,212,2021-11-29 18:48:00,VRRM
14.995,14.995,14.995,14.995,100,2021-11-29 18:49:00,VRRM
15.0,15.0,14.995,14.995,700,2021-11-29 18:50:00,VRRM
14.995,14.995,14.995,14.995,200,2021-11-29 18:51:00,VRRM
14.995,14.995,14.995,14.995,253,2021-11-29 18:52:00,VRRM
14.995,15.0,14.995,15.0,600,2021-11-29 18:54:00,VRRM
15.005,15.015,15.005,15.015,1220,2021-11-29 18:55:00,VRRM
15.015,15.02,15.015,15.02,250,2021-11-29 18:57:00,VRRM
15.01,15.015,15.0,15.015,3800,2021-11-29 19:00:00,VRRM
15.015,15.015,15.015,15.015,300,2021-11-29 19:02:00,VRRM
15.015,15.015,15.01,15.01,743,2021-11-29 19:03:00,VRRM
15.015,15.025,15.015,15.025,800,2021-11-29 19:05:00,VRRM
15.025,15.03,15.025,15.03,200,2021-11-29 19:06:00,VRRM
15.025,15.025,15.02,15.025,1200,2021-11-29 19:07:00,VRRM
15.03,15.03,15.025,15.025,300,2021-11-29 19:09:00,VRRM
15.035,15.035,15.035,15.035,100,2021-11-29 19:10:00,VRRM
15.035,15.035,15.035,15.035,100,2021-11-29 19:11:00,VRRM
15.035,15.0385,15.035,15.0385,598,2021-11-29 19:12:00,VRRM
15.03,15.03,15.025,15.025,954,2021-11-29 19:13:00,VRRM
15.03,15.03,15.025,15.025,300,2021-11-29 19:15:00,VRRM
15.025,15.035,15.02,15.035,1800,2021-11-29 19:16:00,VRRM
15.0325,15.0325,15.03,15.03,300,2021-11-29 19:17:00,VRRM
15.025,15.025,15.025,15.025,256,2021-11-29 19:18:00,VRRM
15.025,15.035,15.025,15.035,800,2021-11-29 19:20:00,VRRM
15.035,15.04,15.035,15.04,600,2021-11-29 19:21:00,VRRM
15.035,15.035,15.03,15.03,300,2021-11-29 19:22:00,VRRM
15.03,15.035,15.03,15.03,380,2021-11-29 19:23:00,VRRM
15.035,15.035,15.01,15.015,3222,2021-11-29 19:24:00,VRRM
15.015,15.015,15.015,15.015,199,2021-11-29 19:27:00,VRRM
15.015,15.015,15.015,15.015,100,2021-11-29 19:29:00,VRRM
15.02,15.03,15.02,15.02,1583,2021-11-29 19:30:00,VRRM
15.03,15.03,15.03,15.03,100,2021-11-29 19:31:00,VRRM
15.02,15.02,15.02,15.02,400,2021-11-29 19:32:00,VRRM
15.03,15.03,15.03,15.03,100,2021-11-29 19:33:00,VRRM
15.025,15.03,15.02,15.025,735,2021-11-29 19:34:00,VRRM
15.01,15.02,15.01,15.01,1900,2021-11-29 19:35:00,VRRM
15.01,15.02,15.005,15.01,1719,2021-11-29 19:36:00,VRRM
15.005,15.03,15.005,15.03,866,2021-11-29 19:37:00,VRRM
15.03,15.03,15.03,15.03,100,2021-11-29 19:38:00,VRRM
15.02,15.02,15.02,15.02,200,2021-11-29 19:39:00,VRRM
15.03,15.03,15.03,15.03,200,2021-11-29 19:40:00,VRRM
15.03,15.03,15.03,15.03,100,2021-11-29 19:42:00,VRRM
15.03,15.035,15.03,15.035,300,2021-11-29 19:43:00,VRRM
15.04,15.05,15.04,15.05,1032,2021-11-29 19:44:00,VRRM
15.05,15.05,15.04,15.04,500,2021-11-29 19:46:00,VRRM
15.04,15.04,15.04,15.04,332,2021-11-29 19:48:00,VRRM
15.05,15.06,15.05,15.05,2063,2021-11-29 19:49:00,VRRM
15.05,15.05,15.05,15.05,100,2021-11-29 19:50:00,VRRM
15.06,15.06,15.05,15.05,300,2021-11-29 19:51:00,VRRM
15.04,15.05,15.04,15.05,200,2021-11-29 19:53:00,VRRM
15.045,15.045,15.04,15.04,400,2021-11-29 19:54:00,VRRM
15.03,15.03,15.03,15.03,1075,2021-11-29 19:55:00,VRRM
15.035,15.035,15.035,15.035,100,2021-11-29 19:56:00,VRRM
15.033,15.033,15.033,15.033,140,2021-11-29 19:57:00,VRRM
15.035,15.035,15.035,15.035,100,2021-11-29 19:58:00,VRRM
15.035,15.035,15.03,15.03,246,2021-11-29 19:59:00,VRRM
15.04,15.04,15.035,15.035,873,2021-11-29 20:00:00,VRRM
15.03,15.031,15.02,15.025,700,2021-11-29 20:01:00,VRRM
15.025,15.025,15.025,15.025,200,2021-11-29 20:02:00,VRRM
15.03,15.03,15.03,15.03,152,2021-11-29 20:03:00,VRRM
15.03,15.035,15.03,15.031,1376,2021-11-29 20:04:00,VRRM
15.03,15.03,15.01,15.01,2080,2021-11-29 20:05:00,VRRM
15.0069,15.0069,15.0069,15.0069,100,2021-11-29 20:06:00,VRRM
15.02,15.02,15.02,15.02,768,2021-11-29 20:08:00,VRRM
15.02,15.02,15.015,15.015,1144,2021-11-29 20:10:00,VRRM
15.02,15.02,15.02,15.02,230,2021-11-29 20:12:00,VRRM
15.025,15.025,15.025,15.025,100,2021-11-29 20:13:00,VRRM
15.02,15.02,15.02,15.02,400,2021-11-29 20:14:00,VRRM
15.015,15.0275,15.015,15.0275,900,2021-11-29 20:15:00,VRRM
15.025,15.025,15.02,15.02,300,2021-11-29 20:16:00,VRRM
15.011,15.011,15.011,15.011,100,2021-11-29 20:18:00,VRRM
15.01,15.01,14.985,14.99,3678,2021-11-29 20:19:00,VRRM
15.0,15.0,14.99,14.99,1768,2021-11-29 20:20:00,VRRM
14.99,15.0,14.99,14.995,460,2021-11-29 20:21:00,VRRM
14.995,14.995,14.985,14.985,856,2021-11-29 20:22:00,VRRM
14.98,14.98,14.97,14.98,879,2021-11-29 20:23:00,VRRM
14.97,14.97,14.97,14.97,200,2021-11-29 20:24:00,VRRM
14.97,14.97,14.95,14.955,1359,2021-11-29 20:25:00,VRRM
14.94,14.95,14.9,14.9,3798,2021-11-29 20:26:00,VRRM
14.9,14.91,14.89,14.91,1168,2021-11-29 20:27:00,VRRM
14.9,14.9,14.9,14.9,500,2021-11-29 20:28:00,VRRM
14.905,14.905,14.87,14.87,1214,2021-11-29 20:29:00,VRRM
14.88,14.89,14.87,14.885,3271,2021-11-29 20:30:00,VRRM
14.88,14.89,14.875,14.885,2043,2021-11-29 20:31:00,VRRM
14.88,14.885,14.875,14.875,1677,2021-11-29 20:32:00,VRRM
14.875,14.89,14.875,14.885,2868,2021-11-29 20:33:00,VRRM
14.89,14.89,14.885,14.885,1100,2021-11-29 20:34:00,VRRM
14.89,14.89,14.88,14.885,2253,2021-11-29 20:35:00,VRRM
14.87,14.87,14.83,14.84,2809,2021-11-29 20:36:00,VRRM
14.845,14.855,14.845,14.845,2500,2021-11-29 20:37:00,VRRM
14.86,14.86,14.845,14.85,1522,2021-11-29 20:38:00,VRRM
14.85,14.85,14.83,14.85,3312,2021-11-29 20:39:00,VRRM
14.84,14.85,14.84,14.845,2550,2021-11-29 20:40:00,VRRM
14.845,14.85,14.83,14.83,2085,2021-11-29 20:41:00,VRRM
14.83,14.83,14.82,14.825,1461,2021-11-29 20:42:00,VRRM
14.82,14.82,14.79,14.8,4372,2021-11-29 20:43:00,VRRM
14.795,14.8,14.79,14.795,2111,2021-11-29 20:44:00,VRRM
14.79,14.79,14.765,14.77,3475,2021-11-29 20:45:00,VRRM
14.78,14.785,14.775,14.775,1879,2021-11-29 20:46:00,VRRM
14.77,14.78,14.76,14.77,1884,2021-11-29 20:47:00,VRRM
14.76,14.77,14.76,14.77,801,2021-11-29 20:48:00,VRRM
14.77,14.8,14.77,14.8,5408,2021-11-29 20:49:00,VRRM
14.8,14.82,14.7601,14.79,4654,2021-11-29 20:50:00,VRRM
14.8,14.81,14.79,14.81,3766,2021-11-29 20:51:00,VRRM
14.81,14.83,14.81,14.8144,1744,2021-11-29 20:52:00,VRRM
14.83,14.84,14.83,14.84,1796,2021-11-29 20:53:00,VRRM
14.84,14.85,14.82,14.84,5834,2021-11-29 20:54:00,VRRM
14.84,14.85,14.82,14.845,6335,2021-11-29 20:55:00,VRRM
14.845,14.88,14.825,14.87,7295,2021-11-29 20:56:00,VRRM
14.87,14.88,14.85,14.875,14693,2021-11-29 20:57:00,VRRM
14.87,14.89,14.87,14.89,9966,2021-11-29 20:58:00,VRRM
14.88,14.89,14.83,14.83,17571,2021-11-29 20:59:00,VRRM
14.83,14.84,14.83,14.84,83169,2021-11-29 21:00:00,VRRM
14.84,14.84,14.84,14.84,335,2021-11-29 21:01:00,VRRM
