open,high,low,close,volume,datetime,symbol
1.31,1.31,1.31,1.31,100,2021-06-01 09:25:00,GRIL
1.29,1.29,1.29,1.29,1409,2021-06-01 11:55:00,GRIL
1.29,1.29,1.29,1.29,1494,2021-06-01 12:00:00,GRIL
1.29,1.29,1.29,1.29,103,2021-06-01 12:20:00,GRIL
1.32,1.34,1.32,1.33,1475,2021-06-01 12:25:00,GRIL
1.34,1.34,1.3399,1.34,946,2021-06-01 12:30:00,GRIL
1.3,1.3,1.3,1.3,10930,2021-06-01 12:55:00,GRIL
1.28,1.3,1.28,1.3,568,2021-06-01 13:00:00,GRIL
1.3,1.3,1.29,1.29,525,2021-06-01 13:20:00,GRIL
1.28,1.28,1.28,1.28,3388,2021-06-01 13:25:00,GRIL
1.28,1.32,1.27,1.3199,25537,2021-06-01 13:30:00,GRIL
1.2801,1.2801,1.2801,1.2801,225,2021-06-01 13:35:00,GRIL
1.3099,1.3099,1.2911,1.3,2944,2021-06-01 13:40:00,GRIL
1.3012,1.3093,1.3,1.3,2665,2021-06-01 13:45:00,GRIL
1.29,1.291,1.27,1.291,8565,2021-06-01 13:50:00,GRIL
1.27,1.29,1.27,1.29,5695,2021-06-01 13:55:00,GRIL
1.29,1.3,1.29,1.3,3798,2021-06-01 14:00:00,GRIL
1.295,1.31,1.27,1.28,32491,2021-06-01 14:05:00,GRIL
1.284,1.31,1.28,1.3,10761,2021-06-01 14:10:00,GRIL
1.2808,1.2999,1.2799,1.2799,6023,2021-06-01 14:15:00,GRIL
1.2768,1.2801,1.2714,1.2801,6756,2021-06-01 14:20:00,GRIL
1.2885,1.29,1.2801,1.29,1921,2021-06-01 14:25:00,GRIL
1.28,1.29,1.28,1.29,2600,2021-06-01 14:30:00,GRIL
1.29,1.29,1.281,1.281,2904,2021-06-01 14:35:00,GRIL
1.29,1.29,1.2845,1.2895,1800,2021-06-01 14:40:00,GRIL
1.28,1.2883,1.27,1.27,14853,2021-06-01 14:45:00,GRIL
1.29,1.29,1.28,1.28,3035,2021-06-01 14:50:00,GRIL
1.28,1.285,1.28,1.285,6100,2021-06-01 15:00:00,GRIL
1.2888,1.29,1.285,1.29,7662,2021-06-01 15:05:00,GRIL
1.2982,1.2982,1.2982,1.2982,367,2021-06-01 15:10:00,GRIL
1.29,1.295,1.29,1.29,9152,2021-06-01 15:15:00,GRIL
1.3,1.3,1.3,1.3,1000,2021-06-01 15:20:00,GRIL
1.3,1.3,1.3,1.3,200,2021-06-01 15:25:00,GRIL
1.2999,1.3,1.27,1.2999,24075,2021-06-01 15:30:00,GRIL
1.29,1.29,1.29,1.29,100,2021-06-01 15:40:00,GRIL
1.2999,1.3,1.29,1.2991,9200,2021-06-01 15:50:00,GRIL
1.29,1.3,1.29,1.3,21974,2021-06-01 15:55:00,GRIL
1.3,1.31,1.3,1.31,4872,2021-06-01 16:00:00,GRIL
1.31,1.31,1.31,1.31,5900,2021-06-01 16:05:00,GRIL
1.3012,1.3012,1.3001,1.301,1000,2021-06-01 16:10:00,GRIL
1.31,1.31,1.3015,1.3015,300,2021-06-01 16:15:00,GRIL
1.301,1.301,1.28,1.29,9900,2021-06-01 16:20:00,GRIL
1.3,1.3,1.2915,1.296,2994,2021-06-01 16:25:00,GRIL
1.295,1.3,1.295,1.2982,6400,2021-06-01 16:30:00,GRIL
1.295,1.33,1.29,1.32,34266,2021-06-01 16:35:00,GRIL
1.33,1.33,1.3101,1.3127,2300,2021-06-01 16:40:00,GRIL
1.3294,1.3294,1.3,1.3,18738,2021-06-01 16:45:00,GRIL
1.3,1.3,1.29,1.29,2632,2021-06-01 16:50:00,GRIL
1.29,1.3,1.29,1.29,14274,2021-06-01 16:55:00,GRIL
1.3,1.31,1.3,1.31,900,2021-06-01 17:00:00,GRIL
1.31,1.32,1.31,1.32,1000,2021-06-01 17:05:00,GRIL
1.32,1.33,1.32,1.32,12714,2021-06-01 17:10:00,GRIL
1.32,1.33,1.32,1.33,650,2021-06-01 17:15:00,GRIL
1.3299,1.3299,1.3101,1.315,9800,2021-06-01 17:20:00,GRIL
1.3114,1.32,1.3114,1.32,470,2021-06-01 17:25:00,GRIL
1.3106,1.3118,1.3101,1.3101,2300,2021-06-01 17:30:00,GRIL
1.3114,1.3118,1.31,1.3101,1600,2021-06-01 17:35:00,GRIL
1.3199,1.32,1.3104,1.3104,2379,2021-06-01 17:45:00,GRIL
1.311,1.315,1.31,1.315,1250,2021-06-01 17:50:00,GRIL
1.31,1.3107,1.3,1.3001,3339,2021-06-01 17:55:00,GRIL
1.31,1.31,1.31,1.31,2000,2021-06-01 18:00:00,GRIL
1.3001,1.3001,1.3001,1.3001,500,2021-06-01 18:10:00,GRIL
1.32,1.32,1.3173,1.3184,300,2021-06-01 18:20:00,GRIL
1.32,1.32,1.31,1.3115,20900,2021-06-01 18:25:00,GRIL
1.3101,1.32,1.29,1.3,17109,2021-06-01 18:30:00,GRIL
1.3023,1.3023,1.3023,1.3023,120,2021-06-01 18:35:00,GRIL
1.3,1.32,1.3,1.3,2528,2021-06-01 18:45:00,GRIL
1.32,1.33,1.3101,1.33,15670,2021-06-01 19:00:00,GRIL
1.3299,1.33,1.32,1.3201,44088,2021-06-01 19:05:00,GRIL
1.325,1.35,1.31,1.35,36291,2021-06-01 19:10:00,GRIL
1.34,1.35,1.34,1.3454,2847,2021-06-01 19:15:00,GRIL
1.35,1.35,1.3479,1.35,1550,2021-06-01 19:20:00,GRIL
1.34,1.35,1.34,1.341,13121,2021-06-01 19:25:00,GRIL
1.345,1.3499,1.34,1.3401,11841,2021-06-01 19:30:00,GRIL
1.3408,1.3408,1.32,1.32,8667,2021-06-01 19:35:00,GRIL
1.33,1.33,1.33,1.33,527,2021-06-01 19:40:00,GRIL
1.34,1.34,1.3201,1.3201,750,2021-06-01 19:45:00,GRIL
1.3238,1.3238,1.32,1.32,1287,2021-06-01 19:50:00,GRIL
1.321,1.33,1.31,1.31,5773,2021-06-01 19:55:00,GRIL
1.32,1.32,1.32,1.32,108,2021-06-01 20:00:00,GRIL
1.32,1.32,1.32,1.32,840,2021-06-01 21:10:00,GRIL
1.3,1.3,1.3,1.3,241,2021-06-01 21:15:00,GRIL
1.32,1.32,1.32,1.32,1000,2021-06-01 21:20:00,GRIL
1.33,1.33,1.33,1.33,300,2021-06-01 22:00:00,GRIL
1.33,1.33,1.32,1.32,2757,2021-06-01 22:20:00,GRIL
1.31,1.31,1.31,1.31,100,2021-06-01 22:35:00,GRIL
1.31,1.32,1.31,1.32,1200,2021-06-01 22:40:00,GRIL
1.32,1.32,1.32,1.32,1000,2021-06-01 22:45:00,GRIL
1.34,1.34,1.34,1.34,1000,2021-06-01 23:45:00,GRIL
1.33,1.33,1.32,1.32,412,2021-06-01 23:55:00,GRIL
1.31,1.31,1.31,1.31,110,2021-06-02 08:00:00,GRIL
1.37,1.37,1.37,1.37,350,2021-06-02 09:20:00,GRIL
1.34,1.36,1.34,1.36,3500,2021-06-02 11:10:00,GRIL
1.32,1.32,1.32,1.32,2600,2021-06-02 12:15:00,GRIL
1.3301,1.3301,1.3301,1.3301,2000,2021-06-02 12:45:00,GRIL
1.33,1.33,1.33,1.33,200,2021-06-02 12:50:00,GRIL
1.3301,1.3301,1.3301,1.3301,840,2021-06-02 12:55:00,GRIL
1.34,1.34,1.34,1.34,180,2021-06-02 13:00:00,GRIL
1.35,1.35,1.35,1.35,1000,2021-06-02 13:05:00,GRIL
1.34,1.34,1.34,1.34,100,2021-06-02 13:20:00,GRIL
1.32,1.338,1.32,1.322,3958,2021-06-02 13:30:00,GRIL
1.34,1.34,1.3,1.33,53351,2021-06-02 13:35:00,GRIL
1.33,1.34,1.325,1.34,10895,2021-06-02 13:40:00,GRIL
1.3145,1.34,1.3,1.339,25550,2021-06-02 13:45:00,GRIL
1.31,1.3371,1.31,1.3211,2150,2021-06-02 13:50:00,GRIL
1.32,1.32,1.31,1.31,880,2021-06-02 13:55:00,GRIL
1.32,1.3299,1.31,1.3111,8200,2021-06-02 14:00:00,GRIL
1.33,1.33,1.2786,1.2951,92470,2021-06-02 14:05:00,GRIL
1.2964,1.3,1.29,1.29,11474,2021-06-02 14:10:00,GRIL
1.3,1.33,1.2901,1.33,47680,2021-06-02 14:15:00,GRIL
1.3,1.33,1.2901,1.2901,33909,2021-06-02 14:20:00,GRIL
1.3099,1.31,1.2901,1.31,7760,2021-06-02 14:25:00,GRIL
1.3079,1.3079,1.3079,1.3079,100,2021-06-02 14:35:00,GRIL
1.3,1.309,1.3,1.3,3050,2021-06-02 14:40:00,GRIL
1.31,1.31,1.3072,1.3072,200,2021-06-02 14:45:00,GRIL
1.31,1.31,1.3062,1.3062,1074,2021-06-02 14:50:00,GRIL
1.3,1.308,1.3,1.3001,5964,2021-06-02 14:55:00,GRIL
1.3,1.31,1.3,1.3,9400,2021-06-02 15:00:00,GRIL
1.2988,1.31,1.2988,1.31,5300,2021-06-02 15:05:00,GRIL
1.31,1.34,1.31,1.34,17174,2021-06-02 15:10:00,GRIL
1.3322,1.3322,1.31,1.33,3000,2021-06-02 15:15:00,GRIL
1.32,1.32,1.3115,1.32,3200,2021-06-02 15:20:00,GRIL
1.3292,1.33,1.3,1.3,26101,2021-06-02 15:25:00,GRIL
1.3,1.31,1.3,1.3025,764,2021-06-02 15:30:00,GRIL
1.3199,1.3199,1.3,1.3,500,2021-06-02 15:35:00,GRIL
1.31,1.31,1.31,1.31,2581,2021-06-02 15:40:00,GRIL
1.31,1.31,1.3,1.3,600,2021-06-02 15:45:00,GRIL
1.301,1.31,1.3,1.31,8108,2021-06-02 15:50:00,GRIL
1.305,1.31,1.3,1.31,12012,2021-06-02 15:55:00,GRIL
1.31,1.31,1.3089,1.3089,1708,2021-06-02 16:00:00,GRIL
1.3,1.3087,1.3,1.3087,1300,2021-06-02 16:05:00,GRIL
1.3,1.3099,1.3,1.3009,500,2021-06-02 16:10:00,GRIL
1.3001,1.3001,1.3001,1.3001,3000,2021-06-02 16:15:00,GRIL
1.3099,1.3099,1.305,1.305,3223,2021-06-02 16:20:00,GRIL
1.308,1.31,1.3,1.31,11719,2021-06-02 16:25:00,GRIL
1.3093,1.3093,1.3,1.3,3700,2021-06-02 16:30:00,GRIL
1.305,1.305,1.3,1.3,1150,2021-06-02 16:35:00,GRIL
1.31,1.31,1.3,1.3,2953,2021-06-02 16:40:00,GRIL
1.3063,1.32,1.305,1.3151,35076,2021-06-02 16:45:00,GRIL
1.33,1.33,1.32,1.32,3700,2021-06-02 16:50:00,GRIL
1.32,1.33,1.3,1.32,30675,2021-06-02 16:55:00,GRIL
1.3262,1.3262,1.325,1.325,2274,2021-06-02 17:00:00,GRIL
1.32,1.33,1.3101,1.3101,26831,2021-06-02 17:05:00,GRIL
1.3101,1.33,1.3101,1.32,7100,2021-06-02 17:10:00,GRIL
1.3291,1.3291,1.31,1.31,4050,2021-06-02 17:15:00,GRIL
1.31,1.31,1.31,1.31,11300,2021-06-02 17:20:00,GRIL
1.31,1.31,1.31,1.31,100,2021-06-02 17:25:00,GRIL
1.32,1.3202,1.31,1.31,8500,2021-06-02 17:30:00,GRIL
1.31,1.32,1.31,1.32,1000,2021-06-02 17:40:00,GRIL
1.32,1.32,1.32,1.32,100,2021-06-02 17:45:00,GRIL
1.32,1.325,1.32,1.325,7500,2021-06-02 17:50:00,GRIL
1.33,1.33,1.32,1.32,4928,2021-06-02 17:55:00,GRIL
1.325,1.3299,1.32,1.32,53912,2021-06-02 18:00:00,GRIL
1.32,1.32,1.32,1.32,100,2021-06-02 18:05:00,GRIL
1.33,1.33,1.32,1.3205,3098,2021-06-02 18:10:00,GRIL
1.31,1.32,1.31,1.32,359,2021-06-02 18:15:00,GRIL
1.31,1.3101,1.31,1.3101,1100,2021-06-02 18:20:00,GRIL
1.33,1.33,1.31,1.31,318,2021-06-02 18:25:00,GRIL
1.31,1.32,1.31,1.31,1200,2021-06-02 18:30:00,GRIL
1.315,1.32,1.315,1.32,1622,2021-06-02 18:35:00,GRIL
1.33,1.33,1.33,1.33,100,2021-06-02 18:40:00,GRIL
1.3299,1.3299,1.3207,1.3252,1410,2021-06-02 18:45:00,GRIL
1.33,1.33,1.325,1.325,464,2021-06-02 18:50:00,GRIL
1.32,1.325,1.32,1.321,2389,2021-06-02 18:55:00,GRIL
1.3201,1.3201,1.32,1.32,3100,2021-06-02 19:00:00,GRIL
1.32,1.32,1.32,1.32,200,2021-06-02 19:05:00,GRIL
1.32,1.32,1.32,1.32,100,2021-06-02 19:10:00,GRIL
1.32,1.33,1.32,1.33,5900,2021-06-02 19:15:00,GRIL
1.325,1.34,1.32,1.3349,40928,2021-06-02 19:20:00,GRIL
1.34,1.35,1.3315,1.3402,8898,2021-06-02 19:25:00,GRIL
1.345,1.35,1.34,1.3401,4052,2021-06-02 19:30:00,GRIL
1.345,1.35,1.32,1.3399,30983,2021-06-02 19:35:00,GRIL
1.3399,1.35,1.33,1.34,13782,2021-06-02 19:40:00,GRIL
1.3401,1.341,1.34,1.34,3720,2021-06-02 19:45:00,GRIL
1.34,1.348,1.34,1.34,14150,2021-06-02 19:50:00,GRIL
1.34,1.3405,1.32,1.33,37566,2021-06-02 19:55:00,GRIL
1.34,1.34,1.34,1.34,432,2021-06-02 20:00:00,GRIL
1.34,1.34,1.34,1.34,1000,2021-06-02 20:10:00,GRIL
1.34,1.34,1.34,1.34,782,2021-06-02 20:35:00,GRIL
1.3492,1.3492,1.3492,1.3492,120,2021-06-02 20:45:00,GRIL
1.35,1.35,1.35,1.35,370,2021-06-02 20:50:00,GRIL
1.3497,1.3497,1.3497,1.3497,300,2021-06-02 20:55:00,GRIL
1.3498,1.3498,1.3498,1.3498,500,2021-06-02 21:00:00,GRIL
1.3495,1.3495,1.3495,1.3495,200,2021-06-02 21:10:00,GRIL
1.34,1.34,1.34,1.34,500,2021-06-02 21:20:00,GRIL
1.35,1.35,1.35,1.35,2000,2021-06-02 21:35:00,GRIL
1.34,1.34,1.3399,1.34,2308,2021-06-02 21:50:00,GRIL
1.34,1.34,1.34,1.34,300,2021-06-02 21:55:00,GRIL
1.34,1.34,1.34,1.34,500,2021-06-02 22:15:00,GRIL
1.34,1.34,1.34,1.34,100,2021-06-02 22:55:00,GRIL
1.3499,1.3499,1.3499,1.3499,400,2021-06-02 23:15:00,GRIL
1.35,1.35,1.35,1.35,400,2021-06-02 23:55:00,GRIL
1.39,1.39,1.39,1.39,200,2021-06-03 09:35:00,GRIL
1.36,1.36,1.36,1.36,200,2021-06-03 11:05:00,GRIL
1.36,1.36,1.36,1.36,600,2021-06-03 11:15:00,GRIL
1.36,1.36,1.36,1.36,250,2021-06-03 12:00:00,GRIL
1.3401,1.3401,1.3401,1.3401,2272,2021-06-03 12:10:00,GRIL
1.34,1.34,1.34,1.34,2673,2021-06-03 12:15:00,GRIL
1.33,1.33,1.33,1.33,2350,2021-06-03 12:25:00,GRIL
1.32,1.32,1.32,1.32,100,2021-06-03 12:35:00,GRIL
1.33,1.34,1.33,1.34,3220,2021-06-03 12:55:00,GRIL
1.3299,1.3299,1.3299,1.3299,100,2021-06-03 13:05:00,GRIL
1.33,1.33,1.33,1.33,100,2021-06-03 13:10:00,GRIL
1.32,1.325,1.32,1.32,10465,2021-06-03 13:30:00,GRIL
1.3253,1.3253,1.32,1.32,5500,2021-06-03 13:35:00,GRIL
1.31,1.32,1.3,1.3,4681,2021-06-03 13:40:00,GRIL
1.3,1.3,1.3,1.3,1500,2021-06-03 13:45:00,GRIL
1.3,1.3145,1.3,1.3145,2300,2021-06-03 13:50:00,GRIL
1.31,1.31,1.3,1.3,4180,2021-06-03 13:55:00,GRIL
1.32,1.32,1.31,1.31,1501,2021-06-03 14:00:00,GRIL
1.31,1.32,1.31,1.3188,7905,2021-06-03 14:05:00,GRIL
1.3156,1.3156,1.31,1.31,1600,2021-06-03 14:15:00,GRIL
1.3183,1.32,1.3183,1.3199,14983,2021-06-03 14:20:00,GRIL
1.3299,1.33,1.3201,1.325,3189,2021-06-03 14:25:00,GRIL
1.325,1.33,1.32,1.33,1262,2021-06-03 14:30:00,GRIL
1.33,1.33,1.3201,1.3205,10800,2021-06-03 14:35:00,GRIL
1.3205,1.328,1.32,1.32,16900,2021-06-03 14:40:00,GRIL
1.32,1.32,1.32,1.32,100,2021-06-03 14:45:00,GRIL
1.33,1.33,1.32,1.32,3100,2021-06-03 14:50:00,GRIL
1.32,1.325,1.32,1.325,371,2021-06-03 14:55:00,GRIL
1.325,1.33,1.3221,1.33,900,2021-06-03 15:00:00,GRIL
1.325,1.34,1.32,1.32,2390,2021-06-03 15:05:00,GRIL
1.33,1.34,1.33,1.34,700,2021-06-03 15:10:00,GRIL
1.33,1.33,1.32,1.32,11237,2021-06-03 15:15:00,GRIL
1.32,1.3201,1.32,1.32,3221,2021-06-03 15:20:00,GRIL
1.3203,1.325,1.31,1.32,21485,2021-06-03 15:25:00,GRIL
1.33,1.33,1.3299,1.3299,4000,2021-06-03 15:30:00,GRIL
1.32,1.3209,1.32,1.32,750,2021-06-03 15:35:00,GRIL
1.3201,1.3201,1.3201,1.3201,5000,2021-06-03 15:40:00,GRIL
1.32,1.33,1.32,1.33,950,2021-06-03 15:45:00,GRIL
1.32,1.32,1.32,1.32,100,2021-06-03 15:50:00,GRIL
1.3201,1.3201,1.32,1.32,700,2021-06-03 15:55:00,GRIL
1.3215,1.325,1.3215,1.3227,1050,2021-06-03 16:00:00,GRIL
1.32,1.325,1.32,1.325,475,2021-06-03 16:05:00,GRIL
1.325,1.33,1.32,1.33,5619,2021-06-03 16:10:00,GRIL
1.33,1.33,1.33,1.33,1000,2021-06-03 16:15:00,GRIL
1.3258,1.3276,1.32,1.32,6600,2021-06-03 16:20:00,GRIL
1.325,1.34,1.32,1.33,11889,2021-06-03 16:25:00,GRIL
1.3394,1.3499,1.3394,1.3499,450,2021-06-03 16:30:00,GRIL
1.34,1.35,1.31,1.3383,54348,2021-06-03 16:35:00,GRIL
1.3375,1.3375,1.3375,1.3375,500,2021-06-03 16:45:00,GRIL
1.3399,1.3399,1.3399,1.3399,500,2021-06-03 16:50:00,GRIL
1.3399,1.3399,1.33,1.33,600,2021-06-03 17:00:00,GRIL
1.32,1.32,1.32,1.32,100,2021-06-03 17:05:00,GRIL
1.3201,1.3245,1.3201,1.3245,1137,2021-06-03 17:10:00,GRIL
1.32,1.3221,1.32,1.3221,250,2021-06-03 17:15:00,GRIL
1.32,1.32,1.32,1.32,100,2021-06-03 17:20:00,GRIL
1.33,1.339,1.32,1.32,5131,2021-06-03 17:30:00,GRIL
1.3201,1.33,1.3201,1.33,1600,2021-06-03 17:35:00,GRIL
1.33,1.33,1.33,1.33,500,2021-06-03 17:40:00,GRIL
1.335,1.34,1.33,1.33,20558,2021-06-03 17:45:00,GRIL
1.339,1.339,1.339,1.339,112,2021-06-03 17:55:00,GRIL
1.331,1.331,1.331,1.331,410,2021-06-03 18:05:00,GRIL
1.33,1.3336,1.33,1.33,953,2021-06-03 18:10:00,GRIL
1.33,1.335,1.33,1.335,3080,2021-06-03 18:20:00,GRIL
1.33,1.34,1.33,1.34,200,2021-06-03 18:25:00,GRIL
1.33,1.3385,1.33,1.3385,600,2021-06-03 18:35:00,GRIL
1.34,1.34,1.33,1.33,15100,2021-06-03 18:40:00,GRIL
1.33,1.33,1.33,1.33,875,2021-06-03 18:45:00,GRIL
1.335,1.335,1.33,1.3339,1255,2021-06-03 18:50:00,GRIL
1.335,1.34,1.33,1.34,26090,2021-06-03 18:55:00,GRIL
1.3341,1.3341,1.33,1.33,840,2021-06-03 19:00:00,GRIL
1.33,1.3399,1.33,1.335,16007,2021-06-03 19:05:00,GRIL
1.3385,1.35,1.3308,1.35,24601,2021-06-03 19:10:00,GRIL
1.3499,1.35,1.34,1.34,7950,2021-06-03 19:15:00,GRIL
1.35,1.35,1.343,1.343,6750,2021-06-03 19:20:00,GRIL
1.345,1.345,1.345,1.345,100,2021-06-03 19:25:00,GRIL
1.35,1.35,1.3435,1.3499,16446,2021-06-03 19:30:00,GRIL
1.345,1.36,1.345,1.36,9823,2021-06-03 19:35:00,GRIL
1.355,1.36,1.35,1.35,1076,2021-06-03 19:40:00,GRIL
1.3599,1.3599,1.35,1.355,3088,2021-06-03 19:45:00,GRIL
1.35,1.36,1.35,1.355,10978,2021-06-03 19:50:00,GRIL
1.355,1.36,1.35,1.3599,13047,2021-06-03 19:55:00,GRIL
1.36,1.36,1.33,1.36,1790,2021-06-03 20:00:00,GRIL
1.35,1.35,1.35,1.35,990,2021-06-03 21:15:00,GRIL
1.36,1.36,1.36,1.36,200,2021-06-03 21:25:00,GRIL
1.36,1.36,1.36,1.36,185,2021-06-03 21:45:00,GRIL
1.34,1.34,1.34,1.34,2000,2021-06-03 22:10:00,GRIL
1.36,1.36,1.3599,1.3599,600,2021-06-03 22:45:00,GRIL
1.36,1.36,1.36,1.36,735,2021-06-03 23:20:00,GRIL
1.35,1.35,1.35,1.35,350,2021-06-03 23:25:00,GRIL
1.36,1.36,1.36,1.36,500,2021-06-03 23:40:00,GRIL
1.36,1.36,1.36,1.36,910,2021-06-04 11:10:00,GRIL
1.35,1.35,1.35,1.35,1717,2021-06-04 12:15:00,GRIL
1.37,1.37,1.37,1.37,900,2021-06-04 12:25:00,GRIL
1.36,1.36,1.36,1.36,10000,2021-06-04 12:55:00,GRIL
1.36,1.36,1.36,1.36,100,2021-06-04 13:00:00,GRIL
1.36,1.37,1.36,1.37,2860,2021-06-04 13:20:00,GRIL
1.36,1.37,1.36,1.37,1300,2021-06-04 13:25:00,GRIL
1.35,1.36,1.35,1.36,3950,2021-06-04 13:30:00,GRIL
1.35,1.35,1.3325,1.3366,6300,2021-06-04 13:35:00,GRIL
1.335,1.3565,1.33,1.3565,2990,2021-06-04 13:40:00,GRIL
1.3537,1.3537,1.3409,1.3409,2332,2021-06-04 13:45:00,GRIL
1.35,1.35,1.34,1.3488,2428,2021-06-04 13:50:00,GRIL
1.33,1.34,1.33,1.333,2556,2021-06-04 13:55:00,GRIL
1.33,1.33,1.33,1.33,30322,2021-06-04 14:00:00,GRIL
1.3201,1.33,1.32,1.321,2168,2021-06-04 14:05:00,GRIL
1.3201,1.3266,1.32,1.3266,11031,2021-06-04 14:10:00,GRIL
1.32,1.3274,1.31,1.32,2900,2021-06-04 14:15:00,GRIL
1.33,1.33,1.31,1.31,1110,2021-06-04 14:20:00,GRIL
1.32,1.33,1.31,1.33,39522,2021-06-04 14:25:00,GRIL
1.3112,1.32,1.3112,1.3195,2205,2021-06-04 14:30:00,GRIL
1.3182,1.33,1.3182,1.33,14901,2021-06-04 14:35:00,GRIL
1.329,1.329,1.31,1.31,10910,2021-06-04 14:40:00,GRIL
1.3125,1.3125,1.3125,1.3125,521,2021-06-04 14:45:00,GRIL
1.31,1.31,1.31,1.31,375,2021-06-04 14:50:00,GRIL
1.32,1.32,1.3125,1.3125,800,2021-06-04 14:55:00,GRIL
1.323,1.323,1.323,1.323,100,2021-06-04 15:00:00,GRIL
1.32,1.329,1.31,1.329,9110,2021-06-04 15:05:00,GRIL
1.33,1.33,1.32,1.3299,4479,2021-06-04 15:10:00,GRIL
1.327,1.327,1.327,1.327,100,2021-06-04 15:15:00,GRIL
1.33,1.34,1.33,1.34,4414,2021-06-04 15:20:00,GRIL
1.35,1.36,1.34,1.36,13108,2021-06-04 15:25:00,GRIL
1.36,1.36,1.3518,1.36,7910,2021-06-04 15:30:00,GRIL
1.3505,1.37,1.3505,1.36,23449,2021-06-04 15:35:00,GRIL
1.3412,1.35,1.34,1.35,4400,2021-06-04 15:40:00,GRIL
1.36,1.36,1.36,1.36,6525,2021-06-04 15:45:00,GRIL
1.3674,1.3674,1.3674,1.3674,378,2021-06-04 15:50:00,GRIL
1.369,1.37,1.36,1.37,2722,2021-06-04 15:55:00,GRIL
1.37,1.37,1.34,1.34,12377,2021-06-04 16:00:00,GRIL
1.355,1.355,1.355,1.355,400,2021-06-04 16:05:00,GRIL
1.3415,1.3415,1.3415,1.3415,300,2021-06-04 16:10:00,GRIL
1.355,1.3641,1.355,1.3634,985,2021-06-04 16:20:00,GRIL
1.355,1.355,1.355,1.355,400,2021-06-04 16:25:00,GRIL
1.36,1.36,1.36,1.36,115,2021-06-04 16:35:00,GRIL
1.3513,1.3513,1.3513,1.3513,1000,2021-06-04 16:45:00,GRIL
1.3601,1.3601,1.3601,1.3601,300,2021-06-04 16:50:00,GRIL
1.37,1.37,1.3611,1.3611,1999,2021-06-04 16:55:00,GRIL
1.36,1.3682,1.36,1.3682,320,2021-06-04 17:00:00,GRIL
1.36,1.36,1.35,1.35,2902,2021-06-04 17:05:00,GRIL
1.35,1.3514,1.35,1.3514,618,2021-06-04 17:10:00,GRIL
1.37,1.37,1.351,1.351,400,2021-06-04 17:15:00,GRIL
1.35,1.35,1.35,1.35,200,2021-06-04 17:20:00,GRIL
1.3501,1.36,1.3501,1.36,1100,2021-06-04 17:25:00,GRIL
1.355,1.355,1.355,1.355,100,2021-06-04 17:30:00,GRIL
1.3573,1.359,1.3573,1.359,1100,2021-06-04 17:50:00,GRIL
1.36,1.37,1.36,1.3662,2028,2021-06-04 17:55:00,GRIL
1.3694,1.3694,1.3694,1.3694,2500,2021-06-04 18:00:00,GRIL
1.3695,1.3695,1.3695,1.3695,3600,2021-06-04 18:05:00,GRIL
1.37,1.37,1.37,1.37,1300,2021-06-04 18:10:00,GRIL
1.37,1.37,1.3643,1.3643,1900,2021-06-04 18:20:00,GRIL
1.3603,1.361,1.3603,1.361,1700,2021-06-04 18:25:00,GRIL
1.36,1.365,1.36,1.36,17900,2021-06-04 18:35:00,GRIL
1.36,1.36,1.3568,1.3568,900,2021-06-04 18:40:00,GRIL
1.35,1.35,1.35,1.35,679,2021-06-04 18:45:00,GRIL
1.36,1.36,1.3566,1.36,980,2021-06-04 18:50:00,GRIL
1.36,1.365,1.36,1.365,7498,2021-06-04 19:05:00,GRIL
1.365,1.37,1.365,1.37,4750,2021-06-04 19:10:00,GRIL
1.3686,1.3686,1.3686,1.3686,500,2021-06-04 19:15:00,GRIL
1.37,1.37,1.35,1.37,33869,2021-06-04 19:20:00,GRIL
1.37,1.41,1.37,1.39,97411,2021-06-04 19:25:00,GRIL
1.3817,1.425,1.3817,1.4027,81147,2021-06-04 19:30:00,GRIL
1.4199,1.4199,1.38,1.4194,65099,2021-06-04 19:35:00,GRIL
1.4195,1.44,1.41,1.4302,91684,2021-06-04 19:40:00,GRIL
1.44,1.445,1.4,1.41,60172,2021-06-04 19:45:00,GRIL
1.4101,1.43,1.41,1.412,14349,2021-06-04 19:50:00,GRIL
1.415,1.43,1.41,1.41,42471,2021-06-04 19:55:00,GRIL
1.42,1.42,1.42,1.42,1575,2021-06-04 20:05:00,GRIL
1.43,1.43,1.42,1.42,900,2021-06-04 20:10:00,GRIL
1.4,1.4,1.4,1.4,900,2021-06-04 20:25:00,GRIL
1.4,1.4,1.4,1.4,100,2021-06-04 20:50:00,GRIL
1.42,1.42,1.42,1.42,101,2021-06-04 21:00:00,GRIL
1.41,1.41,1.41,1.41,600,2021-06-04 22:20:00,GRIL
1.41,1.43,1.41,1.43,999,2021-06-07 10:00:00,GRIL
1.4,1.4,1.4,1.4,858,2021-06-07 10:15:00,GRIL
1.43,1.43,1.43,1.43,150,2021-06-07 12:05:00,GRIL
1.43,1.43,1.43,1.43,350,2021-06-07 12:35:00,GRIL
1.43,1.43,1.42,1.42,5681,2021-06-07 12:40:00,GRIL
1.41,1.41,1.41,1.41,560,2021-06-07 13:10:00,GRIL
1.43,1.43,1.43,1.43,300,2021-06-07 13:25:00,GRIL
1.45,1.45,1.41,1.42,35694,2021-06-07 13:30:00,GRIL
1.41,1.42,1.38,1.38,18499,2021-06-07 13:35:00,GRIL
1.39,1.4,1.39,1.399,2102,2021-06-07 13:40:00,GRIL
1.3937,1.3981,1.3937,1.3981,4102,2021-06-07 13:45:00,GRIL
1.4,1.42,1.3966,1.4047,8338,2021-06-07 13:50:00,GRIL
1.41,1.411,1.41,1.41,4250,2021-06-07 13:55:00,GRIL
1.41,1.42,1.4,1.4027,5300,2021-06-07 14:00:00,GRIL
1.42,1.42,1.4,1.41,4100,2021-06-07 14:05:00,GRIL
1.42,1.42,1.38,1.42,48176,2021-06-07 14:10:00,GRIL
1.41,1.41,1.41,1.41,2000,2021-06-07 14:15:00,GRIL
1.41,1.41,1.4,1.4,1165,2021-06-07 14:20:00,GRIL
1.39,1.4,1.39,1.39,11665,2021-06-07 14:25:00,GRIL
1.3998,1.3999,1.399,1.399,2314,2021-06-07 14:30:00,GRIL
1.3907,1.3907,1.39,1.39,3999,2021-06-07 14:45:00,GRIL
1.3982,1.4,1.39,1.4,2272,2021-06-07 14:50:00,GRIL
1.39,1.3917,1.39,1.3917,400,2021-06-07 14:55:00,GRIL
1.39,1.39,1.39,1.39,1300,2021-06-07 15:00:00,GRIL
1.39,1.39,1.39,1.39,200,2021-06-07 15:10:00,GRIL
1.3978,1.4,1.3978,1.4,6920,2021-06-07 15:15:00,GRIL
1.3986,1.4,1.395,1.4,4888,2021-06-07 15:20:00,GRIL
1.402,1.4027,1.4,1.4,3962,2021-06-07 15:25:00,GRIL
1.4075,1.4075,1.4,1.4,745,2021-06-07 15:30:00,GRIL
1.39,1.39,1.39,1.39,4324,2021-06-07 15:35:00,GRIL
1.3957,1.3957,1.3905,1.3905,758,2021-06-07 15:40:00,GRIL
1.4,1.4,1.39,1.4,400,2021-06-07 15:45:00,GRIL
1.395,1.395,1.3901,1.3901,550,2021-06-07 15:50:00,GRIL
1.4,1.4,1.4,1.4,500,2021-06-07 15:55:00,GRIL
1.3901,1.3901,1.3901,1.3901,200,2021-06-07 16:05:00,GRIL
1.3901,1.3901,1.39,1.39,490,2021-06-07 16:10:00,GRIL
1.39,1.39,1.38,1.3828,1700,2021-06-07 16:20:00,GRIL
1.4,1.4,1.3948,1.3948,1175,2021-06-07 16:25:00,GRIL
1.4,1.4,1.4,1.4,700,2021-06-07 16:30:00,GRIL
1.39,1.39,1.38,1.39,5074,2021-06-07 16:35:00,GRIL
1.4,1.4,1.4,1.4,150,2021-06-07 16:40:00,GRIL
1.3821,1.4,1.3821,1.3993,2100,2021-06-07 16:45:00,GRIL
1.3989,1.3989,1.3989,1.3989,1000,2021-06-07 16:55:00,GRIL
1.39,1.39,1.39,1.39,241,2021-06-07 17:00:00,GRIL
1.395,1.4,1.39,1.4,4545,2021-06-07 17:10:00,GRIL
1.39,1.3909,1.39,1.3909,3700,2021-06-07 17:15:00,GRIL
1.4,1.4,1.39,1.39,634,2021-06-07 17:20:00,GRIL
1.4,1.4,1.4,1.4,1341,2021-06-07 17:25:00,GRIL
1.3999,1.4,1.39,1.4,2065,2021-06-07 17:30:00,GRIL
1.39,1.39,1.39,1.39,642,2021-06-07 17:35:00,GRIL
1.3999,1.4,1.395,1.395,5370,2021-06-07 17:40:00,GRIL
1.4,1.42,1.4,1.419,6289,2021-06-07 17:45:00,GRIL
1.4,1.4199,1.4,1.4199,1691,2021-06-07 17:50:00,GRIL
1.4027,1.4027,1.4027,1.4027,250,2021-06-07 17:55:00,GRIL
1.42,1.42,1.42,1.42,200,2021-06-07 18:00:00,GRIL
1.42,1.42,1.4186,1.4186,7300,2021-06-07 18:05:00,GRIL
1.4093,1.43,1.4093,1.42,17382,2021-06-07 18:10:00,GRIL
1.425,1.4299,1.425,1.4271,6100,2021-06-07 18:15:00,GRIL
1.42,1.42,1.4021,1.4199,9123,2021-06-07 18:20:00,GRIL
1.4183,1.4183,1.4183,1.4183,335,2021-06-07 18:25:00,GRIL
1.4064,1.42,1.4064,1.42,1470,2021-06-07 18:30:00,GRIL
1.4219,1.4219,1.4212,1.4212,864,2021-06-07 18:35:00,GRIL
1.421,1.425,1.42,1.42,26327,2021-06-07 18:40:00,GRIL
1.4207,1.43,1.4201,1.4201,13950,2021-06-07 18:45:00,GRIL
1.43,1.43,1.4263,1.4263,3445,2021-06-07 18:50:00,GRIL
1.43,1.43,1.42,1.42,4200,2021-06-07 18:55:00,GRIL
1.4201,1.4226,1.4201,1.4226,2450,2021-06-07 19:00:00,GRIL
1.43,1.43,1.4218,1.429,2375,2021-06-07 19:05:00,GRIL
1.425,1.43,1.425,1.43,3751,2021-06-07 19:10:00,GRIL
1.42,1.43,1.42,1.43,4948,2021-06-07 19:15:00,GRIL
1.44,1.44,1.42,1.42,14520,2021-06-07 19:20:00,GRIL
1.43,1.43,1.42,1.42,565,2021-06-07 19:25:00,GRIL
1.43,1.4395,1.43,1.4395,3208,2021-06-07 19:30:00,GRIL
1.4301,1.4301,1.4301,1.4301,100,2021-06-07 19:35:00,GRIL
1.44,1.44,1.43,1.4316,869,2021-06-07 19:40:00,GRIL
1.43,1.435,1.43,1.43,865,2021-06-07 19:45:00,GRIL
1.43,1.44,1.43,1.44,4603,2021-06-07 19:50:00,GRIL
1.43,1.44,1.43,1.44,5757,2021-06-07 19:55:00,GRIL
1.44,1.44,1.44,1.44,2841,2021-06-07 20:00:00,GRIL
1.4299,1.4299,1.4299,1.4299,150,2021-06-07 22:20:00,GRIL
1.43,1.43,1.43,1.43,1250,2021-06-07 22:25:00,GRIL
1.43,1.43,1.43,1.43,100,2021-06-07 22:35:00,GRIL
1.43,1.43,1.43,1.43,1000,2021-06-07 23:05:00,GRIL
1.44,1.44,1.44,1.44,300,2021-06-07 23:35:00,GRIL
1.45,1.45,1.45,1.45,1698,2021-06-08 11:45:00,GRIL
1.46,1.46,1.46,1.46,100,2021-06-08 12:10:00,GRIL
1.46,1.46,1.46,1.46,684,2021-06-08 12:20:00,GRIL
1.45,1.45,1.45,1.45,100,2021-06-08 12:25:00,GRIL
1.45,1.45,1.45,1.45,400,2021-06-08 12:45:00,GRIL
1.45,1.45,1.45,1.45,1910,2021-06-08 12:55:00,GRIL
1.45,1.46,1.45,1.46,1006,2021-06-08 13:00:00,GRIL
1.47,1.49,1.46,1.46,13003,2021-06-08 13:05:00,GRIL
1.46,1.46,1.46,1.46,242,2021-06-08 13:15:00,GRIL
1.48,1.49,1.48,1.49,2000,2021-06-08 13:20:00,GRIL
1.46,1.46,1.46,1.46,2770,2021-06-08 13:25:00,GRIL
1.45,1.47,1.45,1.46,12603,2021-06-08 13:30:00,GRIL
1.465,1.47,1.4605,1.4684,4750,2021-06-08 13:35:00,GRIL
1.47,1.49,1.4695,1.4793,120848,2021-06-08 13:40:00,GRIL
1.4885,1.49,1.47,1.49,52230,2021-06-08 13:45:00,GRIL
1.4883,1.4883,1.4601,1.48,2364,2021-06-08 13:50:00,GRIL
1.48,1.5,1.47,1.49,20432,2021-06-08 13:55:00,GRIL
1.4837,1.4893,1.48,1.4893,2809,2021-06-08 14:00:00,GRIL
1.48,1.49,1.45,1.46,35500,2021-06-08 14:05:00,GRIL
1.46,1.48,1.4526,1.46,5459,2021-06-08 14:10:00,GRIL
1.45,1.46,1.45,1.46,9811,2021-06-08 14:15:00,GRIL
1.45,1.47,1.45,1.46,13869,2021-06-08 14:20:00,GRIL
1.4522,1.4592,1.4501,1.4509,1350,2021-06-08 14:25:00,GRIL
1.45,1.4702,1.45,1.47,3045,2021-06-08 14:30:00,GRIL
1.4705,1.4757,1.47,1.4757,8782,2021-06-08 14:35:00,GRIL
1.48,1.48,1.47,1.48,16847,2021-06-08 14:40:00,GRIL
1.4792,1.48,1.4792,1.48,705,2021-06-08 14:45:00,GRIL
1.47,1.49,1.47,1.4899,11577,2021-06-08 14:50:00,GRIL
1.49,1.49,1.4801,1.4801,1200,2021-06-08 14:55:00,GRIL
1.4899,1.4899,1.48,1.48,5035,2021-06-08 15:00:00,GRIL
1.4805,1.4806,1.48,1.48,8062,2021-06-08 15:05:00,GRIL
1.48,1.485,1.465,1.465,47058,2021-06-08 15:10:00,GRIL
1.46,1.46,1.44,1.46,15375,2021-06-08 15:15:00,GRIL
1.45,1.46,1.43,1.46,26687,2021-06-08 15:20:00,GRIL
1.46,1.46,1.44,1.44,8181,2021-06-08 15:25:00,GRIL
1.445,1.4499,1.43,1.43,28912,2021-06-08 15:30:00,GRIL
1.44,1.44,1.44,1.44,200,2021-06-08 15:35:00,GRIL
1.4413,1.4492,1.44,1.4492,1145,2021-06-08 15:40:00,GRIL
1.445,1.4499,1.44,1.443,4372,2021-06-08 15:45:00,GRIL
1.4498,1.4498,1.445,1.445,387,2021-06-08 15:50:00,GRIL
1.45,1.45,1.45,1.45,2200,2021-06-08 15:55:00,GRIL
1.44,1.5,1.44,1.45,41846,2021-06-08 16:00:00,GRIL
1.49,1.49,1.44,1.45,38526,2021-06-08 16:05:00,GRIL
1.45,1.48,1.45,1.48,11800,2021-06-08 16:10:00,GRIL
1.48,1.48,1.41,1.43,97054,2021-06-08 16:15:00,GRIL
1.45,1.45,1.4499,1.4499,1200,2021-06-08 16:20:00,GRIL
1.4401,1.4401,1.4401,1.4401,1000,2021-06-08 16:25:00,GRIL
1.4479,1.4479,1.4479,1.4479,100,2021-06-08 16:30:00,GRIL
1.4499,1.4499,1.4499,1.4499,170,2021-06-08 16:45:00,GRIL
1.45,1.45,1.45,1.45,300,2021-06-08 16:50:00,GRIL
1.4485,1.45,1.44,1.4428,9942,2021-06-08 16:55:00,GRIL
1.4493,1.4493,1.44,1.44,12500,2021-06-08 17:00:00,GRIL
1.4499,1.4499,1.44,1.44,8842,2021-06-08 17:05:00,GRIL
1.4401,1.4495,1.4401,1.4495,5500,2021-06-08 17:10:00,GRIL
1.45,1.45,1.44,1.44,4123,2021-06-08 17:20:00,GRIL
1.4485,1.45,1.4485,1.45,4940,2021-06-08 17:25:00,GRIL
1.45,1.45,1.44,1.4414,21987,2021-06-08 17:30:00,GRIL
1.45,1.45,1.44,1.4493,9652,2021-06-08 17:35:00,GRIL
1.45,1.45,1.45,1.45,2845,2021-06-08 17:40:00,GRIL
1.45,1.45,1.445,1.445,700,2021-06-08 17:50:00,GRIL
1.445,1.4482,1.4277,1.44,39980,2021-06-08 18:00:00,GRIL
1.43,1.44,1.43,1.44,375,2021-06-08 18:05:00,GRIL
1.44,1.46,1.41,1.421,23098,2021-06-08 18:10:00,GRIL
1.43,1.47,1.4,1.47,46450,2021-06-08 18:15:00,GRIL
1.4599,1.46,1.39,1.44,22348,2021-06-08 18:20:00,GRIL
1.44,1.44,1.435,1.435,2400,2021-06-08 18:25:00,GRIL
1.45,1.45,1.435,1.435,320,2021-06-08 18:30:00,GRIL
1.45,1.45,1.435,1.435,600,2021-06-08 18:35:00,GRIL
1.44,1.44,1.435,1.435,1110,2021-06-08 18:40:00,GRIL
1.435,1.435,1.435,1.435,100,2021-06-08 18:45:00,GRIL
1.44,1.45,1.44,1.45,10650,2021-06-08 18:50:00,GRIL
1.4484,1.4499,1.41,1.4499,40057,2021-06-08 18:55:00,GRIL
1.43,1.43,1.42,1.42,1700,2021-06-08 19:00:00,GRIL
1.44,1.44,1.41,1.42,12167,2021-06-08 19:05:00,GRIL
1.4285,1.4299,1.425,1.425,2550,2021-06-08 19:10:00,GRIL
1.425,1.425,1.425,1.425,200,2021-06-08 19:15:00,GRIL
1.425,1.4287,1.425,1.425,900,2021-06-08 19:20:00,GRIL
1.4299,1.44,1.425,1.43,105951,2021-06-08 19:25:00,GRIL
1.4301,1.44,1.4301,1.435,10385,2021-06-08 19:30:00,GRIL
1.435,1.435,1.43,1.4301,10694,2021-06-08 19:35:00,GRIL
1.435,1.4393,1.435,1.4358,1750,2021-06-08 19:40:00,GRIL
1.435,1.44,1.43,1.435,7646,2021-06-08 19:45:00,GRIL
1.435,1.45,1.435,1.445,11848,2021-06-08 19:50:00,GRIL
1.45,1.46,1.44,1.44,18956,2021-06-08 19:55:00,GRIL
1.46,1.46,1.46,1.46,3502,2021-06-08 20:00:00,GRIL
1.45,1.45,1.45,1.45,2000,2021-06-08 21:05:00,GRIL
1.43,1.43,1.43,1.43,9150,2021-06-08 21:15:00,GRIL
1.41,1.41,1.41,1.41,499,2021-06-08 21:40:00,GRIL
1.42,1.42,1.42,1.42,400,2021-06-08 21:45:00,GRIL
1.4208,1.4208,1.4208,1.4208,500,2021-06-08 21:55:00,GRIL
1.4101,1.4101,1.4101,1.4101,900,2021-06-08 22:10:00,GRIL
1.45,1.45,1.45,1.45,273,2021-06-08 23:35:00,GRIL
1.46,1.46,1.46,1.46,370,2021-06-09 08:05:00,GRIL
1.41,1.41,1.41,1.41,1900,2021-06-09 09:00:00,GRIL
1.45,1.45,1.45,1.45,100,2021-06-09 09:55:00,GRIL
1.43,1.43,1.43,1.43,200,2021-06-09 11:20:00,GRIL
1.44,1.44,1.44,1.44,500,2021-06-09 12:15:00,GRIL
1.44,1.44,1.44,1.44,200,2021-06-09 12:35:00,GRIL
1.44,1.44,1.44,1.44,132,2021-06-09 13:00:00,GRIL
1.44,1.4401,1.44,1.4401,2350,2021-06-09 13:05:00,GRIL
1.4599,1.4599,1.4599,1.4599,500,2021-06-09 13:10:00,GRIL
1.45,1.46,1.44,1.46,26242,2021-06-09 13:30:00,GRIL
1.4587,1.4587,1.45,1.45,3250,2021-06-09 13:35:00,GRIL
1.4562,1.46,1.45,1.45,1812,2021-06-09 13:40:00,GRIL
1.45,1.47,1.45,1.4615,18350,2021-06-09 13:45:00,GRIL
1.4615,1.468,1.46,1.4616,1730,2021-06-09 13:50:00,GRIL
1.46,1.46,1.46,1.46,308,2021-06-09 13:55:00,GRIL
1.45,1.46,1.45,1.46,600,2021-06-09 14:00:00,GRIL
1.46,1.46,1.45,1.45,878,2021-06-09 14:05:00,GRIL
1.46,1.46,1.45,1.45,1818,2021-06-09 14:10:00,GRIL
1.45,1.46,1.42,1.435,20837,2021-06-09 14:15:00,GRIL
1.43,1.44,1.43,1.43,5600,2021-06-09 14:20:00,GRIL
1.435,1.45,1.435,1.44,5600,2021-06-09 14:25:00,GRIL
1.445,1.45,1.44,1.44,2400,2021-06-09 14:30:00,GRIL
1.45,1.45,1.44,1.44,9452,2021-06-09 14:35:00,GRIL
1.4481,1.45,1.4459,1.4459,826,2021-06-09 14:40:00,GRIL
1.44,1.4405,1.44,1.44,2580,2021-06-09 14:45:00,GRIL
1.4367,1.4367,1.43,1.43,300,2021-06-09 14:50:00,GRIL
1.45,1.45,1.45,1.45,100,2021-06-09 14:55:00,GRIL
1.4464,1.4464,1.43,1.43,200,2021-06-09 15:00:00,GRIL
1.43,1.43,1.43,1.43,100,2021-06-09 15:10:00,GRIL
1.43,1.43,1.43,1.43,100,2021-06-09 15:15:00,GRIL
1.445,1.445,1.43,1.43,3600,2021-06-09 15:20:00,GRIL
1.435,1.44,1.4301,1.44,12841,2021-06-09 15:25:00,GRIL
1.4475,1.4475,1.41,1.43,43078,2021-06-09 15:30:00,GRIL
1.4177,1.43,1.41,1.43,706,2021-06-09 15:35:00,GRIL
1.43,1.43,1.415,1.42,10799,2021-06-09 15:40:00,GRIL
1.4125,1.4133,1.4125,1.4133,672,2021-06-09 15:45:00,GRIL
1.42,1.4241,1.411,1.42,7124,2021-06-09 15:50:00,GRIL
1.4256,1.4279,1.4256,1.4279,2100,2021-06-09 15:55:00,GRIL
1.425,1.43,1.4,1.42,47519,2021-06-09 16:00:00,GRIL
1.4199,1.4279,1.4199,1.4279,2300,2021-06-09 16:10:00,GRIL
1.42,1.42,1.42,1.42,200,2021-06-09 16:15:00,GRIL
1.43,1.43,1.4,1.415,44767,2021-06-09 16:20:00,GRIL
1.415,1.415,1.415,1.415,100,2021-06-09 16:25:00,GRIL
1.42,1.43,1.415,1.42,2453,2021-06-09 16:30:00,GRIL
1.4207,1.43,1.4207,1.43,4879,2021-06-09 16:35:00,GRIL
1.4271,1.43,1.41,1.43,1388,2021-06-09 16:40:00,GRIL
1.4135,1.43,1.41,1.42,2100,2021-06-09 16:45:00,GRIL
1.42,1.42,1.42,1.42,3400,2021-06-09 16:50:00,GRIL
1.42,1.42,1.415,1.415,300,2021-06-09 16:55:00,GRIL
1.41,1.45,1.41,1.43,22217,2021-06-09 17:00:00,GRIL
1.41,1.43,1.4,1.43,27643,2021-06-09 17:05:00,GRIL
1.4,1.41,1.4,1.41,9399,2021-06-09 17:15:00,GRIL
1.43,1.44,1.4033,1.44,22004,2021-06-09 17:20:00,GRIL
1.42,1.43,1.4,1.43,11900,2021-06-09 17:25:00,GRIL
1.4113,1.4113,1.4113,1.4113,900,2021-06-09 17:35:00,GRIL
1.4276,1.4276,1.4276,1.4276,500,2021-06-09 17:40:00,GRIL
1.43,1.43,1.43,1.43,475,2021-06-09 17:45:00,GRIL
1.4136,1.4136,1.4136,1.4136,100,2021-06-09 17:55:00,GRIL
1.42,1.42,1.42,1.42,1400,2021-06-09 18:00:00,GRIL
1.42,1.43,1.42,1.43,4101,2021-06-09 18:05:00,GRIL
1.4126,1.4126,1.4126,1.4126,179,2021-06-09 18:10:00,GRIL
1.4284,1.4284,1.4284,1.4284,1500,2021-06-09 18:15:00,GRIL
1.41,1.41,1.41,1.41,100,2021-06-09 18:25:00,GRIL
1.4299,1.43,1.42,1.43,6000,2021-06-09 18:30:00,GRIL
1.4299,1.4299,1.41,1.41,1848,2021-06-09 18:35:00,GRIL
1.41,1.4108,1.41,1.4108,1286,2021-06-09 18:40:00,GRIL
1.42,1.42,1.41,1.42,2500,2021-06-09 18:45:00,GRIL
1.41,1.43,1.41,1.43,400,2021-06-09 18:50:00,GRIL
1.4256,1.4256,1.4256,1.4256,1748,2021-06-09 19:00:00,GRIL
1.42,1.425,1.42,1.42,12194,2021-06-09 19:05:00,GRIL
1.42,1.42,1.42,1.42,200,2021-06-09 19:10:00,GRIL
1.42,1.42,1.42,1.42,100,2021-06-09 19:15:00,GRIL
1.42,1.42,1.4,1.41,17903,2021-06-09 19:20:00,GRIL
1.4,1.41,1.4,1.405,14400,2021-06-09 19:30:00,GRIL
1.4,1.42,1.4,1.41,6600,2021-06-09 19:35:00,GRIL
1.41,1.43,1.4,1.42,34615,2021-06-09 19:40:00,GRIL
1.41,1.41,1.39,1.3921,22200,2021-06-09 19:45:00,GRIL
1.3901,1.4,1.38,1.4,11631,2021-06-09 19:50:00,GRIL
1.38,1.39,1.37,1.37,21154,2021-06-09 19:55:00,GRIL
1.39,1.39,1.39,1.39,300,2021-06-09 20:00:00,GRIL
1.39,1.39,1.39,1.39,500,2021-06-09 20:05:00,GRIL
1.36,1.36,1.36,1.36,260,2021-06-09 20:10:00,GRIL
1.36,1.3601,1.36,1.3601,2000,2021-06-09 20:15:00,GRIL
1.38,1.38,1.38,1.38,500,2021-06-09 20:25:00,GRIL
1.4,1.4,1.4,1.4,400,2021-06-09 20:50:00,GRIL
1.4,1.4,1.36,1.36,400,2021-06-09 21:00:00,GRIL
1.38,1.38,1.38,1.38,7188,2021-06-09 21:50:00,GRIL
1.38,1.38,1.38,1.38,500,2021-06-09 21:55:00,GRIL
1.38,1.38,1.38,1.38,250,2021-06-09 22:55:00,GRIL
1.38,1.38,1.36,1.36,2780,2021-06-09 23:15:00,GRIL
1.38,1.38,1.37,1.37,2380,2021-06-09 23:20:00,GRIL
1.37,1.37,1.37,1.37,150,2021-06-09 23:30:00,GRIL
1.37,1.38,1.37,1.38,490,2021-06-09 23:35:00,GRIL
1.39,1.39,1.39,1.39,1060,2021-06-09 23:40:00,GRIL
1.37,1.37,1.37,1.37,300,2021-06-09 23:50:00,GRIL
1.41,1.41,1.41,1.41,100,2021-06-10 09:00:00,GRIL
1.37,1.37,1.37,1.37,2000,2021-06-10 12:30:00,GRIL
1.37,1.37,1.37,1.37,100,2021-06-10 13:15:00,GRIL
1.3766,1.3766,1.3766,1.3766,100,2021-06-10 13:20:00,GRIL
1.37,1.396,1.37,1.39,2647,2021-06-10 13:30:00,GRIL
1.39,1.39,1.3817,1.39,2510,2021-06-10 13:35:00,GRIL
1.3801,1.4033,1.38,1.38,10399,2021-06-10 13:40:00,GRIL
1.39,1.39,1.3701,1.3707,14840,2021-06-10 13:45:00,GRIL
1.374,1.374,1.3545,1.37,32663,2021-06-10 13:50:00,GRIL
1.37,1.37,1.36,1.37,40865,2021-06-10 13:55:00,GRIL
1.39,1.39,1.38,1.39,7540,2021-06-10 14:00:00,GRIL
1.39,1.395,1.39,1.3901,2428,2021-06-10 14:05:00,GRIL
1.4,1.4,1.4,1.4,1450,2021-06-10 14:10:00,GRIL
1.3983,1.4,1.39,1.392,15672,2021-06-10 14:15:00,GRIL
1.395,1.4,1.39,1.3992,17740,2021-06-10 14:20:00,GRIL
1.395,1.395,1.395,1.395,4000,2021-06-10 14:25:00,GRIL
1.3921,1.42,1.3921,1.4015,10349,2021-06-10 14:30:00,GRIL
1.4,1.41,1.37,1.37,29220,2021-06-10 14:35:00,GRIL
1.38,1.39,1.37,1.39,3956,2021-06-10 14:40:00,GRIL
1.39,1.39,1.38,1.38,18200,2021-06-10 14:45:00,GRIL
1.37,1.37,1.36,1.37,31210,2021-06-10 14:50:00,GRIL
1.367,1.38,1.36,1.38,17412,2021-06-10 14:55:00,GRIL
1.37,1.37,1.37,1.37,2010,2021-06-10 15:00:00,GRIL
1.38,1.38,1.375,1.38,3200,2021-06-10 15:05:00,GRIL
1.39,1.39,1.39,1.39,400,2021-06-10 15:10:00,GRIL
1.3899,1.3899,1.3899,1.3899,100,2021-06-10 15:15:00,GRIL
1.388,1.388,1.388,1.388,500,2021-06-10 15:20:00,GRIL
1.38,1.38,1.38,1.38,100,2021-06-10 15:25:00,GRIL
1.3701,1.38,1.37,1.3713,9410,2021-06-10 15:30:00,GRIL
1.38,1.38,1.3501,1.3601,48872,2021-06-10 15:35:00,GRIL
1.3624,1.38,1.3624,1.37,11300,2021-06-10 15:40:00,GRIL
1.3775,1.38,1.3624,1.3624,9445,2021-06-10 15:45:00,GRIL
1.38,1.38,1.35,1.35,13650,2021-06-10 15:50:00,GRIL
1.35,1.35,1.34,1.35,2400,2021-06-10 15:55:00,GRIL
1.35,1.36,1.345,1.36,10955,2021-06-10 16:00:00,GRIL
1.3584,1.3584,1.3584,1.3584,1000,2021-06-10 16:05:00,GRIL
1.3574,1.3574,1.3574,1.3574,200,2021-06-10 16:10:00,GRIL
1.3599,1.3599,1.34,1.34,5150,2021-06-10 16:15:00,GRIL
1.34,1.36,1.34,1.36,6254,2021-06-10 16:20:00,GRIL
1.3401,1.3537,1.3401,1.3537,3900,2021-06-10 16:25:00,GRIL
1.3584,1.3599,1.3584,1.3599,1400,2021-06-10 16:35:00,GRIL
1.355,1.36,1.355,1.3594,1280,2021-06-10 16:40:00,GRIL
1.355,1.355,1.353,1.353,1100,2021-06-10 16:45:00,GRIL
1.36,1.36,1.36,1.36,437,2021-06-10 16:50:00,GRIL
1.355,1.355,1.3521,1.3521,243,2021-06-10 16:55:00,GRIL
1.3593,1.36,1.3508,1.3592,5273,2021-06-10 17:00:00,GRIL
1.351,1.36,1.35,1.36,17100,2021-06-10 17:05:00,GRIL
1.36,1.36,1.355,1.355,5500,2021-06-10 17:10:00,GRIL
1.355,1.355,1.355,1.355,1310,2021-06-10 17:15:00,GRIL
1.36,1.36,1.35,1.35,1500,2021-06-10 17:25:00,GRIL
1.3527,1.3527,1.3527,1.3527,100,2021-06-10 17:30:00,GRIL
1.35,1.35,1.35,1.35,1967,2021-06-10 17:35:00,GRIL
1.3587,1.3587,1.3585,1.3585,250,2021-06-10 17:45:00,GRIL
1.359,1.36,1.35,1.36,17568,2021-06-10 17:55:00,GRIL
1.36,1.36,1.355,1.3559,2600,2021-06-10 18:00:00,GRIL
1.355,1.36,1.355,1.36,4180,2021-06-10 18:05:00,GRIL
1.365,1.38,1.36,1.37,17985,2021-06-10 18:10:00,GRIL
1.38,1.38,1.36,1.37,34000,2021-06-10 18:15:00,GRIL
1.37,1.37,1.36,1.36,6271,2021-06-10 18:20:00,GRIL
1.3699,1.3699,1.3699,1.3699,2000,2021-06-10 18:25:00,GRIL
1.365,1.37,1.36,1.365,925,2021-06-10 18:30:00,GRIL
1.3682,1.3682,1.3682,1.3682,209,2021-06-10 18:35:00,GRIL
1.36,1.37,1.36,1.3699,7100,2021-06-10 18:40:00,GRIL
1.3692,1.3692,1.3683,1.3683,1600,2021-06-10 18:45:00,GRIL
1.365,1.37,1.365,1.37,4360,2021-06-10 18:50:00,GRIL
1.3706,1.375,1.3706,1.375,680,2021-06-10 18:55:00,GRIL
1.3779,1.3779,1.375,1.375,430,2021-06-10 19:00:00,GRIL
1.38,1.38,1.38,1.38,900,2021-06-10 19:05:00,GRIL
1.38,1.38,1.38,1.38,181,2021-06-10 19:10:00,GRIL
1.3752,1.3752,1.37,1.37,8380,2021-06-10 19:15:00,GRIL
1.3701,1.3701,1.36,1.36,10496,2021-06-10 19:20:00,GRIL
1.365,1.365,1.365,1.365,616,2021-06-10 19:25:00,GRIL
1.365,1.365,1.365,1.365,100,2021-06-10 19:30:00,GRIL
1.37,1.37,1.36,1.37,5225,2021-06-10 19:40:00,GRIL
1.38,1.38,1.38,1.38,200,2021-06-10 19:45:00,GRIL
1.3751,1.39,1.37,1.37,93398,2021-06-10 19:50:00,GRIL
1.37,1.37,1.35,1.36,24033,2021-06-10 19:55:00,GRIL
1.36,1.36,1.36,1.36,424,2021-06-10 20:00:00,GRIL
1.3899,1.3899,1.3899,1.3899,1000,2021-06-10 20:10:00,GRIL
1.3825,1.3825,1.3825,1.3825,400,2021-06-10 20:50:00,GRIL
1.36,1.36,1.36,1.36,400,2021-06-10 21:10:00,GRIL
1.39,1.39,1.39,1.39,300,2021-06-10 22:50:00,GRIL
1.4,1.4,1.4,1.4,729,2021-06-10 22:55:00,GRIL
1.4,1.41,1.4,1.41,2200,2021-06-10 23:00:00,GRIL
1.38,1.38,1.38,1.38,300,2021-06-10 23:35:00,GRIL
1.38,1.38,1.38,1.38,200,2021-06-10 23:55:00,GRIL
1.36,1.36,1.35,1.35,985,2021-06-11 10:45:00,GRIL
1.36,1.36,1.36,1.36,1500,2021-06-11 11:05:00,GRIL
1.35,1.35,1.35,1.35,119,2021-06-11 11:35:00,GRIL
1.36,1.36,1.36,1.36,200,2021-06-11 13:15:00,GRIL
1.36,1.36,1.36,1.36,100,2021-06-11 13:20:00,GRIL
1.38,1.39,1.37,1.39,10382,2021-06-11 13:30:00,GRIL
1.3886,1.3886,1.38,1.38,929,2021-06-11 13:35:00,GRIL
1.39,1.4,1.39,1.39,2700,2021-06-11 13:40:00,GRIL
1.4,1.4,1.3985,1.4,3000,2021-06-11 13:45:00,GRIL
1.391,1.3912,1.39,1.3912,900,2021-06-11 13:50:00,GRIL
1.4,1.4,1.37,1.37,11560,2021-06-11 13:55:00,GRIL
1.3712,1.38,1.37,1.37,23832,2021-06-11 14:05:00,GRIL
1.38,1.38,1.38,1.38,600,2021-06-11 14:15:00,GRIL
1.38,1.38,1.3701,1.38,3710,2021-06-11 14:20:00,GRIL
1.37,1.3718,1.37,1.3712,1107,2021-06-11 14:25:00,GRIL
1.3767,1.3767,1.3767,1.3767,1000,2021-06-11 14:30:00,GRIL
1.38,1.38,1.3793,1.3793,226,2021-06-11 14:35:00,GRIL
1.3765,1.3765,1.375,1.375,6300,2021-06-11 14:40:00,GRIL
1.375,1.375,1.375,1.375,500,2021-06-11 14:45:00,GRIL
1.3711,1.38,1.3711,1.38,500,2021-06-11 14:50:00,GRIL
1.38,1.38,1.37,1.37,2149,2021-06-11 15:00:00,GRIL
1.3792,1.3792,1.3792,1.3792,150,2021-06-11 15:10:00,GRIL
1.38,1.38,1.3759,1.3759,1100,2021-06-11 15:15:00,GRIL
1.375,1.38,1.375,1.38,1100,2021-06-11 15:20:00,GRIL
1.3758,1.3793,1.3758,1.3793,250,2021-06-11 15:25:00,GRIL
1.3799,1.3799,1.3795,1.3795,1000,2021-06-11 15:30:00,GRIL
1.38,1.38,1.372,1.372,2609,2021-06-11 15:40:00,GRIL
1.38,1.38,1.36,1.36,7350,2021-06-11 15:50:00,GRIL
1.3666,1.37,1.3666,1.3667,3460,2021-06-11 15:55:00,GRIL
1.37,1.37,1.37,1.37,2100,2021-06-11 16:00:00,GRIL
1.3699,1.37,1.36,1.36,2450,2021-06-11 16:05:00,GRIL
1.3693,1.3693,1.3693,1.3693,1000,2021-06-11 16:15:00,GRIL
1.37,1.37,1.36,1.36,1050,2021-06-11 16:20:00,GRIL
1.3675,1.3675,1.36,1.36,418,2021-06-11 16:30:00,GRIL
1.39,1.39,1.39,1.39,220,2021-06-11 16:35:00,GRIL
1.39,1.4,1.39,1.4,13669,2021-06-11 16:40:00,GRIL
1.38,1.39,1.3748,1.3748,798,2021-06-11 16:45:00,GRIL
1.39,1.39,1.385,1.385,1300,2021-06-11 17:10:00,GRIL
1.385,1.39,1.385,1.39,1975,2021-06-11 17:15:00,GRIL
1.4,1.4,1.395,1.395,2200,2021-06-11 17:20:00,GRIL
1.3999,1.3999,1.3999,1.3999,150,2021-06-11 17:25:00,GRIL
1.395,1.43,1.36,1.41,47930,2021-06-11 17:30:00,GRIL
1.41,1.42,1.37,1.3994,13450,2021-06-11 17:35:00,GRIL
1.3982,1.3982,1.3912,1.3912,675,2021-06-11 17:45:00,GRIL
1.3907,1.41,1.3907,1.41,2589,2021-06-11 17:50:00,GRIL
1.4055,1.4055,1.4055,1.4055,1000,2021-06-11 18:00:00,GRIL
1.39,1.41,1.39,1.41,700,2021-06-11 18:05:00,GRIL
1.41,1.42,1.41,1.42,3400,2021-06-11 18:10:00,GRIL
1.41,1.41,1.41,1.41,500,2021-06-11 18:15:00,GRIL
1.415,1.42,1.41,1.42,11340,2021-06-11 18:20:00,GRIL
1.41,1.4148,1.41,1.4148,1068,2021-06-11 18:25:00,GRIL
1.42,1.42,1.4101,1.4101,2250,2021-06-11 18:30:00,GRIL
1.42,1.42,1.41,1.41,1700,2021-06-11 18:35:00,GRIL
1.415,1.415,1.415,1.415,100,2021-06-11 18:40:00,GRIL
1.4199,1.4199,1.4101,1.4101,900,2021-06-11 18:50:00,GRIL
1.4111,1.4111,1.4111,1.4111,500,2021-06-11 18:55:00,GRIL
1.4153,1.42,1.4153,1.42,902,2021-06-11 19:00:00,GRIL
1.41,1.41,1.41,1.41,500,2021-06-11 19:05:00,GRIL
1.419,1.42,1.41,1.42,1946,2021-06-11 19:15:00,GRIL
1.415,1.4199,1.415,1.415,17988,2021-06-11 19:25:00,GRIL
1.42,1.43,1.42,1.43,2359,2021-06-11 19:30:00,GRIL
1.42,1.4202,1.41,1.41,12694,2021-06-11 19:35:00,GRIL
1.405,1.41,1.4,1.41,3610,2021-06-11 19:40:00,GRIL
1.41,1.41,1.41,1.41,100,2021-06-11 19:45:00,GRIL
1.42,1.43,1.4199,1.4199,7644,2021-06-11 19:50:00,GRIL
1.4199,1.4199,1.41,1.41,1525,2021-06-11 19:55:00,GRIL
1.42,1.42,1.42,1.42,235,2021-06-11 20:00:00,GRIL
1.42,1.42,1.42,1.42,100,2021-06-11 20:05:00,GRIL
1.42,1.42,1.42,1.42,300,2021-06-11 20:20:00,GRIL
1.4101,1.4101,1.41,1.41,400,2021-06-11 20:30:00,GRIL
1.42,1.42,1.42,1.42,3550,2021-06-11 20:45:00,GRIL
1.42,1.42,1.42,1.42,800,2021-06-11 20:50:00,GRIL
1.42,1.42,1.42,1.42,300,2021-06-11 20:55:00,GRIL
1.42,1.42,1.42,1.42,100,2021-06-11 21:50:00,GRIL
1.42,1.42,1.42,1.42,1000,2021-06-11 22:00:00,GRIL
1.42,1.42,1.42,1.42,950,2021-06-11 23:30:00,GRIL
1.42,1.42,1.42,1.42,200,2021-06-11 23:45:00,GRIL
1.42,1.42,1.42,1.42,146,2021-06-11 23:50:00,GRIL
1.45,1.45,1.45,1.45,420,2021-06-14 08:45:00,GRIL
1.45,1.45,1.45,1.45,150,2021-06-14 10:10:00,GRIL
1.43,1.43,1.43,1.43,300,2021-06-14 11:05:00,GRIL
1.43,1.43,1.43,1.43,200,2021-06-14 11:50:00,GRIL
1.43,1.43,1.43,1.43,178,2021-06-14 12:00:00,GRIL
1.43,1.43,1.43,1.43,928,2021-06-14 12:05:00,GRIL
1.42,1.42,1.42,1.42,300,2021-06-14 12:55:00,GRIL
1.42,1.42,1.42,1.42,230,2021-06-14 13:05:00,GRIL
1.42,1.42,1.42,1.42,3364,2021-06-14 13:15:00,GRIL
1.41,1.41,1.4,1.4001,5948,2021-06-14 13:30:00,GRIL
1.405,1.42,1.405,1.4101,8418,2021-06-14 13:35:00,GRIL
1.42,1.42,1.405,1.405,5506,2021-06-14 13:40:00,GRIL
1.4,1.41,1.4,1.41,7458,2021-06-14 13:45:00,GRIL
1.4,1.4,1.3901,1.395,16260,2021-06-14 13:50:00,GRIL
1.4,1.4,1.3701,1.3701,4340,2021-06-14 13:55:00,GRIL
1.3801,1.3801,1.3701,1.3701,10954,2021-06-14 14:00:00,GRIL
1.375,1.38,1.37,1.37,17650,2021-06-14 14:05:00,GRIL
1.3686,1.37,1.3621,1.3621,9079,2021-06-14 14:10:00,GRIL
1.37,1.39,1.36,1.38,48203,2021-06-14 14:15:00,GRIL
1.38,1.3802,1.3701,1.3795,7095,2021-06-14 14:20:00,GRIL
1.375,1.38,1.365,1.3797,26780,2021-06-14 14:25:00,GRIL
1.385,1.3899,1.385,1.3899,700,2021-06-14 14:30:00,GRIL
1.3884,1.3899,1.3884,1.3899,925,2021-06-14 14:35:00,GRIL
1.38,1.39,1.3605,1.37,23130,2021-06-14 14:40:00,GRIL
1.3605,1.38,1.36,1.37,33251,2021-06-14 14:45:00,GRIL
1.38,1.38,1.36,1.3601,20000,2021-06-14 14:50:00,GRIL
1.3601,1.365,1.35,1.36,46266,2021-06-14 14:55:00,GRIL
1.36,1.365,1.35,1.365,17121,2021-06-14 15:00:00,GRIL
1.3688,1.37,1.3688,1.37,1300,2021-06-14 15:05:00,GRIL
1.37,1.37,1.37,1.37,1000,2021-06-14 15:10:00,GRIL
1.36,1.3601,1.36,1.36,6100,2021-06-14 15:20:00,GRIL
1.3651,1.3651,1.3651,1.3651,400,2021-06-14 15:25:00,GRIL
1.365,1.3695,1.365,1.3683,4791,2021-06-14 15:30:00,GRIL
1.37,1.37,1.37,1.37,300,2021-06-14 15:35:00,GRIL
1.37,1.37,1.365,1.365,10259,2021-06-14 15:45:00,GRIL
1.3682,1.375,1.365,1.375,8257,2021-06-14 15:50:00,GRIL
1.38,1.392,1.38,1.392,31650,2021-06-14 15:55:00,GRIL
1.3962,1.4,1.395,1.3973,17975,2021-06-14 16:00:00,GRIL
1.39,1.4,1.39,1.3909,18550,2021-06-14 16:05:00,GRIL
1.3949,1.3984,1.39,1.39,9314,2021-06-14 16:10:00,GRIL
1.3992,1.4,1.3827,1.4,17680,2021-06-14 16:15:00,GRIL
1.3973,1.3973,1.391,1.391,5429,2021-06-14 16:20:00,GRIL
1.399,1.4,1.39,1.3968,3480,2021-06-14 16:25:00,GRIL
1.3809,1.4,1.3809,1.4,15500,2021-06-14 16:30:00,GRIL
1.4,1.4,1.4,1.4,168,2021-06-14 16:35:00,GRIL
1.4,1.4,1.398,1.4,930,2021-06-14 16:40:00,GRIL
1.39,1.39,1.37,1.37,25741,2021-06-14 16:45:00,GRIL
1.37,1.39,1.37,1.39,549,2021-06-14 16:50:00,GRIL
1.3716,1.3716,1.3716,1.3716,999,2021-06-14 16:55:00,GRIL
1.37,1.3843,1.37,1.37,1408,2021-06-14 17:00:00,GRIL
1.38,1.4,1.38,1.4,1089,2021-06-14 17:05:00,GRIL
1.3915,1.3915,1.39,1.39,450,2021-06-14 17:10:00,GRIL
1.3885,1.3885,1.3885,1.3885,100,2021-06-14 17:20:00,GRIL
1.3799,1.38,1.3799,1.38,400,2021-06-14 17:25:00,GRIL
1.3759,1.3759,1.37,1.37,550,2021-06-14 17:30:00,GRIL
1.375,1.375,1.375,1.375,200,2021-06-14 17:35:00,GRIL
1.3706,1.3706,1.3706,1.3706,2100,2021-06-14 17:40:00,GRIL
1.3747,1.3747,1.3747,1.3747,401,2021-06-14 17:45:00,GRIL
1.3701,1.3773,1.3701,1.3773,1450,2021-06-14 17:50:00,GRIL
1.38,1.38,1.38,1.38,12138,2021-06-14 17:55:00,GRIL
1.375,1.375,1.375,1.375,662,2021-06-14 18:05:00,GRIL
1.375,1.4,1.36,1.39,30687,2021-06-14 18:10:00,GRIL
1.38,1.4,1.35,1.37,34769,2021-06-14 18:15:00,GRIL
1.37,1.375,1.37,1.375,1500,2021-06-14 18:20:00,GRIL
1.3787,1.3787,1.3787,1.3787,300,2021-06-14 18:25:00,GRIL
1.38,1.38,1.38,1.38,100,2021-06-14 18:30:00,GRIL
1.37,1.37,1.37,1.37,112,2021-06-14 18:35:00,GRIL
1.38,1.38,1.37,1.37,1600,2021-06-14 18:40:00,GRIL
1.3781,1.3781,1.378,1.378,250,2021-06-14 18:45:00,GRIL
1.37,1.37,1.37,1.37,2200,2021-06-14 18:55:00,GRIL
1.38,1.4,1.35,1.365,49552,2021-06-14 19:00:00,GRIL
1.365,1.365,1.365,1.365,900,2021-06-14 19:05:00,GRIL
1.3699,1.3699,1.3699,1.3699,200,2021-06-14 19:10:00,GRIL
1.37,1.37,1.37,1.37,700,2021-06-14 19:15:00,GRIL
1.36,1.3673,1.36,1.365,1575,2021-06-14 19:20:00,GRIL
1.365,1.365,1.365,1.365,150,2021-06-14 19:30:00,GRIL
1.365,1.38,1.35,1.38,30692,2021-06-14 19:35:00,GRIL
1.36,1.37,1.35,1.37,19833,2021-06-14 19:40:00,GRIL
1.3678,1.3678,1.35,1.36,12943,2021-06-14 19:45:00,GRIL
1.3629,1.3699,1.36,1.36,15520,2021-06-14 19:50:00,GRIL
1.3666,1.37,1.36,1.36,7549,2021-06-14 19:55:00,GRIL
1.37,1.37,1.37,1.37,5310,2021-06-14 20:00:00,GRIL
1.37,1.37,1.37,1.37,200,2021-06-14 20:45:00,GRIL
1.37,1.37,1.37,1.37,1000,2021-06-14 21:00:00,GRIL
1.37,1.37,1.37,1.37,250,2021-06-14 21:05:00,GRIL
1.36,1.36,1.36,1.36,1400,2021-06-14 21:15:00,GRIL
1.36,1.36,1.35,1.35,440,2021-06-14 22:40:00,GRIL
1.37,1.38,1.37,1.38,1477,2021-06-14 23:00:00,GRIL
1.35,1.35,1.35,1.35,367,2021-06-14 23:10:00,GRIL
1.39,1.39,1.39,1.39,100,2021-06-15 11:30:00,GRIL
1.39,1.39,1.39,1.39,140,2021-06-15 12:00:00,GRIL
1.37,1.37,1.37,1.37,100,2021-06-15 13:15:00,GRIL
1.35,1.37,1.35,1.37,4388,2021-06-15 13:30:00,GRIL
1.35,1.36,1.345,1.35,16449,2021-06-15 13:35:00,GRIL
1.35,1.3501,1.34,1.35,2350,2021-06-15 13:40:00,GRIL
1.34,1.35,1.34,1.35,12052,2021-06-15 13:45:00,GRIL
1.35,1.35,1.3475,1.35,5462,2021-06-15 13:50:00,GRIL
1.3456,1.36,1.3456,1.36,911,2021-06-15 13:55:00,GRIL
1.343,1.36,1.34,1.36,20500,2021-06-15 14:00:00,GRIL
1.355,1.36,1.34,1.36,13084,2021-06-15 14:05:00,GRIL
1.35,1.3538,1.35,1.35,691,2021-06-15 14:10:00,GRIL
1.36,1.37,1.3501,1.37,16559,2021-06-15 14:15:00,GRIL
1.36,1.36,1.36,1.36,6109,2021-06-15 14:20:00,GRIL
1.35,1.36,1.35,1.35,1500,2021-06-15 14:25:00,GRIL
1.35,1.35,1.33,1.33,82849,2021-06-15 14:30:00,GRIL
1.3293,1.33,1.32,1.33,3400,2021-06-15 14:35:00,GRIL
1.33,1.34,1.31,1.33,28141,2021-06-15 14:45:00,GRIL
1.33,1.3387,1.33,1.335,1758,2021-06-15 14:50:00,GRIL
1.335,1.335,1.32,1.33,1200,2021-06-15 14:55:00,GRIL
1.33,1.34,1.33,1.34,2550,2021-06-15 15:00:00,GRIL
1.335,1.335,1.3316,1.3316,649,2021-06-15 15:05:00,GRIL
1.339,1.339,1.339,1.339,500,2021-06-15 15:10:00,GRIL
1.3398,1.3398,1.3398,1.3398,1000,2021-06-15 15:15:00,GRIL
1.34,1.34,1.32,1.325,32113,2021-06-15 15:30:00,GRIL
1.32,1.325,1.31,1.3173,16276,2021-06-15 15:35:00,GRIL
1.3101,1.3195,1.3101,1.3195,2000,2021-06-15 15:40:00,GRIL
1.311,1.315,1.31,1.31,3330,2021-06-15 15:45:00,GRIL
1.32,1.32,1.29,1.3,34203,2021-06-15 15:50:00,GRIL
1.3,1.3,1.29,1.29,10602,2021-06-15 15:55:00,GRIL
1.3,1.32,1.2992,1.32,11336,2021-06-15 16:00:00,GRIL
1.318,1.32,1.3016,1.32,8352,2021-06-15 16:05:00,GRIL
1.31,1.318,1.31,1.315,3396,2021-06-15 16:15:00,GRIL
1.32,1.32,1.3101,1.3101,300,2021-06-15 16:20:00,GRIL
1.315,1.315,1.31,1.31,1900,2021-06-15 16:25:00,GRIL
1.32,1.32,1.312,1.312,1800,2021-06-15 16:30:00,GRIL
1.31,1.315,1.31,1.31,2751,2021-06-15 16:40:00,GRIL
1.31,1.31,1.31,1.31,1100,2021-06-15 16:55:00,GRIL
1.3101,1.32,1.3,1.32,40006,2021-06-15 17:00:00,GRIL
1.3185,1.3185,1.3185,1.3185,400,2021-06-15 17:10:00,GRIL
1.315,1.3181,1.315,1.3181,2600,2021-06-15 17:20:00,GRIL
1.32,1.32,1.315,1.315,990,2021-06-15 17:30:00,GRIL
1.3104,1.32,1.3104,1.3197,15550,2021-06-15 17:35:00,GRIL
1.315,1.32,1.315,1.32,600,2021-06-15 17:40:00,GRIL
1.315,1.315,1.315,1.315,100,2021-06-15 17:45:00,GRIL
1.3101,1.315,1.3101,1.315,271,2021-06-15 17:50:00,GRIL
1.3101,1.315,1.3101,1.315,5953,2021-06-15 17:55:00,GRIL
1.32,1.32,1.32,1.32,100,2021-06-15 18:00:00,GRIL
1.3156,1.3156,1.3156,1.3156,1000,2021-06-15 18:05:00,GRIL
1.32,1.32,1.32,1.32,243,2021-06-15 18:10:00,GRIL
1.3199,1.32,1.315,1.32,400,2021-06-15 18:15:00,GRIL
1.32,1.32,1.3,1.32,15450,2021-06-15 18:20:00,GRIL
1.32,1.32,1.32,1.32,600,2021-06-15 18:25:00,GRIL
1.32,1.32,1.32,1.32,1741,2021-06-15 18:30:00,GRIL
1.3179,1.3179,1.3179,1.3179,100,2021-06-15 18:35:00,GRIL
1.3127,1.317,1.3101,1.3101,2700,2021-06-15 18:40:00,GRIL
1.315,1.315,1.315,1.315,100,2021-06-15 18:45:00,GRIL
1.3117,1.315,1.3117,1.3117,475,2021-06-15 18:50:00,GRIL
1.3199,1.32,1.315,1.3187,3384,2021-06-15 18:55:00,GRIL
1.3117,1.3117,1.3117,1.3117,133,2021-06-15 19:00:00,GRIL
1.315,1.315,1.28,1.3,52948,2021-06-15 19:05:00,GRIL
1.2999,1.2999,1.2999,1.2999,200,2021-06-15 19:10:00,GRIL
1.2971,1.2991,1.2971,1.2991,2000,2021-06-15 19:15:00,GRIL
1.29,1.295,1.29,1.2916,1200,2021-06-15 19:20:00,GRIL
1.3,1.3,1.295,1.3,1000,2021-06-15 19:25:00,GRIL
1.29,1.2963,1.29,1.29,4277,2021-06-15 19:30:00,GRIL
1.2825,1.2825,1.2825,1.2825,500,2021-06-15 19:35:00,GRIL
1.29,1.29,1.29,1.29,200,2021-06-15 19:40:00,GRIL
1.285,1.285,1.285,1.285,100,2021-06-15 19:45:00,GRIL
1.2867,1.2899,1.28,1.289,5296,2021-06-15 19:50:00,GRIL
1.2816,1.29,1.28,1.29,11722,2021-06-15 19:55:00,GRIL
1.3,1.3,1.3,1.3,250,2021-06-15 20:15:00,GRIL
1.3,1.3,1.3,1.3,100,2021-06-15 20:25:00,GRIL
1.296,1.296,1.296,1.296,250,2021-06-15 21:05:00,GRIL
1.29,1.29,1.28,1.28,1835,2021-06-15 21:10:00,GRIL
1.33,1.33,1.33,1.33,200,2021-06-15 21:20:00,GRIL
1.3265,1.3265,1.3265,1.3265,2000,2021-06-15 21:45:00,GRIL
1.28,1.28,1.28,1.28,2410,2021-06-15 23:30:00,GRIL
1.28,1.28,1.28,1.28,557,2021-06-15 23:35:00,GRIL
1.28,1.28,1.28,1.28,200,2021-06-15 23:45:00,GRIL
1.28,1.28,1.28,1.28,500,2021-06-15 23:50:00,GRIL
1.28,1.28,1.28,1.28,100,2021-06-16 10:25:00,GRIL
1.28,1.28,1.28,1.28,100,2021-06-16 10:35:00,GRIL
1.28,1.28,1.28,1.28,200,2021-06-16 10:45:00,GRIL
1.29,1.29,1.29,1.29,387,2021-06-16 11:50:00,GRIL
1.28,1.28,1.28,1.28,163,2021-06-16 11:55:00,GRIL
1.28,1.28,1.27,1.27,540,2021-06-16 12:00:00,GRIL
1.3,1.32,1.29,1.32,960,2021-06-16 13:15:00,GRIL
1.29,1.29,1.29,1.29,391,2021-06-16 13:25:00,GRIL
1.29,1.3064,1.28,1.3064,6830,2021-06-16 13:30:00,GRIL
1.2955,1.3,1.27,1.27,20140,2021-06-16 13:35:00,GRIL
1.27,1.2991,1.265,1.29,58008,2021-06-16 13:40:00,GRIL
1.2999,1.2999,1.296,1.296,7000,2021-06-16 13:45:00,GRIL
1.2989,1.2989,1.2778,1.2819,1667,2021-06-16 13:50:00,GRIL
1.3,1.3,1.29,1.29,7200,2021-06-16 13:55:00,GRIL
1.28,1.29,1.28,1.28,711,2021-06-16 14:00:00,GRIL
1.2873,1.2873,1.28,1.285,1475,2021-06-16 14:05:00,GRIL
1.28,1.285,1.28,1.28,650,2021-06-16 14:10:00,GRIL
1.2827,1.2827,1.28,1.28,1000,2021-06-16 14:15:00,GRIL
1.29,1.29,1.27,1.28,33343,2021-06-16 14:20:00,GRIL
1.28,1.28,1.2778,1.28,800,2021-06-16 14:25:00,GRIL
1.28,1.28,1.27,1.27,11353,2021-06-16 14:40:00,GRIL
1.275,1.2796,1.275,1.275,2100,2021-06-16 14:45:00,GRIL
1.2795,1.28,1.275,1.275,826,2021-06-16 14:50:00,GRIL
1.275,1.275,1.275,1.275,400,2021-06-16 14:55:00,GRIL
1.275,1.2825,1.275,1.28,18655,2021-06-16 15:00:00,GRIL
1.2895,1.2895,1.28,1.28,3400,2021-06-16 15:05:00,GRIL
1.29,1.29,1.29,1.29,937,2021-06-16 15:10:00,GRIL
1.2878,1.29,1.2878,1.29,300,2021-06-16 15:25:00,GRIL
1.29,1.29,1.29,1.29,1100,2021-06-16 15:30:00,GRIL
1.2899,1.2899,1.2899,1.2899,100,2021-06-16 15:35:00,GRIL
1.285,1.3,1.285,1.3,26863,2021-06-16 15:45:00,GRIL
1.3199,1.33,1.3199,1.3299,1588,2021-06-16 15:55:00,GRIL
1.33,1.33,1.32,1.32,6400,2021-06-16 16:00:00,GRIL
1.33,1.33,1.3,1.3,1063,2021-06-16 16:05:00,GRIL
1.3045,1.32,1.3045,1.32,500,2021-06-16 16:15:00,GRIL
1.3001,1.3067,1.3001,1.3027,15599,2021-06-16 16:25:00,GRIL
1.33,1.33,1.33,1.33,250,2021-06-16 16:35:00,GRIL
1.3,1.33,1.3,1.33,857,2021-06-16 16:45:00,GRIL
1.3042,1.3042,1.3042,1.3042,655,2021-06-16 16:50:00,GRIL
1.315,1.315,1.3,1.3,2100,2021-06-16 17:00:00,GRIL
1.3265,1.3289,1.3265,1.3289,2000,2021-06-16 17:05:00,GRIL
1.325,1.33,1.325,1.33,200,2021-06-16 17:10:00,GRIL
1.323,1.323,1.323,1.323,143,2021-06-16 17:15:00,GRIL
1.3,1.3,1.3,1.3,231,2021-06-16 17:20:00,GRIL
1.3105,1.32,1.31,1.31,1200,2021-06-16 17:25:00,GRIL
1.32,1.32,1.32,1.32,700,2021-06-16 17:30:00,GRIL
1.3101,1.3101,1.3101,1.3101,725,2021-06-16 17:40:00,GRIL
1.32,1.32,1.3101,1.3101,2280,2021-06-16 17:45:00,GRIL
1.31,1.32,1.31,1.31,800,2021-06-16 18:00:00,GRIL
1.3173,1.32,1.3173,1.3188,500,2021-06-16 18:10:00,GRIL
1.31,1.31,1.3,1.3,3500,2021-06-16 18:15:00,GRIL
1.305,1.305,1.3,1.3,200,2021-06-16 18:20:00,GRIL
1.3,1.3,1.3,1.3,100,2021-06-16 18:25:00,GRIL
1.3,1.3,1.3,1.3,100,2021-06-16 18:35:00,GRIL
1.3,1.3,1.3,1.3,1182,2021-06-16 18:40:00,GRIL
1.29,1.29,1.29,1.29,100,2021-06-16 18:45:00,GRIL
1.29,1.29,1.29,1.29,100,2021-06-16 18:50:00,GRIL
1.3,1.3,1.3,1.3,246,2021-06-16 18:55:00,GRIL
1.3,1.31,1.3,1.3099,2035,2021-06-16 19:00:00,GRIL
1.31,1.31,1.3,1.3,600,2021-06-16 19:05:00,GRIL
1.29,1.29,1.29,1.29,100,2021-06-16 19:10:00,GRIL
1.301,1.31,1.3001,1.3001,6662,2021-06-16 19:15:00,GRIL
1.305,1.32,1.305,1.32,1630,2021-06-16 19:20:00,GRIL
1.3186,1.3186,1.3167,1.3167,10000,2021-06-16 19:25:00,GRIL
1.32,1.32,1.31,1.3177,3566,2021-06-16 19:30:00,GRIL
1.32,1.32,1.32,1.32,200,2021-06-16 19:35:00,GRIL
1.3199,1.3199,1.31,1.31,3700,2021-06-16 19:40:00,GRIL
1.315,1.32,1.315,1.32,2040,2021-06-16 19:45:00,GRIL
1.315,1.32,1.31,1.32,2947,2021-06-16 19:50:00,GRIL
1.3101,1.32,1.31,1.32,3950,2021-06-16 19:55:00,GRIL
1.31,1.31,1.31,1.31,3929,2021-06-16 20:00:00,GRIL
1.32,1.32,1.32,1.32,100,2021-06-16 21:20:00,GRIL
1.32,1.32,1.32,1.32,1000,2021-06-16 21:45:00,GRIL
1.32,1.32,1.32,1.32,150,2021-06-16 21:55:00,GRIL
1.32,1.34,1.32,1.34,300,2021-06-16 22:00:00,GRIL
1.3,1.3,1.29,1.2901,400,2021-06-16 22:15:00,GRIL
1.3,1.3,1.3,1.3,1000,2021-06-16 22:55:00,GRIL
1.29,1.29,1.29,1.29,250,2021-06-16 23:30:00,GRIL
1.3,1.3,1.3,1.3,200,2021-06-17 11:25:00,GRIL
1.3,1.3,1.3,1.3,100,2021-06-17 12:35:00,GRIL
1.3,1.3,1.3,1.3,100,2021-06-17 12:45:00,GRIL
1.29,1.29,1.29,1.29,704,2021-06-17 13:05:00,GRIL
1.3,1.309,1.29,1.29,10095,2021-06-17 13:30:00,GRIL
1.2901,1.31,1.2901,1.31,7273,2021-06-17 13:35:00,GRIL
1.31,1.31,1.3,1.3,2150,2021-06-17 13:40:00,GRIL
1.3,1.31,1.2922,1.2922,702,2021-06-17 13:45:00,GRIL
1.31,1.31,1.31,1.31,1100,2021-06-17 13:50:00,GRIL
1.3064,1.31,1.3064,1.31,2600,2021-06-17 13:55:00,GRIL
1.3,1.31,1.3,1.3088,6325,2021-06-17 14:00:00,GRIL
1.31,1.31,1.31,1.31,124,2021-06-17 14:05:00,GRIL
1.3086,1.31,1.3086,1.31,300,2021-06-17 14:10:00,GRIL
1.3067,1.31,1.3067,1.31,11300,2021-06-17 14:15:00,GRIL
1.31,1.32,1.3045,1.318,6500,2021-06-17 14:20:00,GRIL
1.3162,1.32,1.3162,1.32,320,2021-06-17 14:25:00,GRIL
1.32,1.32,1.32,1.32,100,2021-06-17 14:40:00,GRIL
1.3192,1.34,1.3192,1.34,11653,2021-06-17 14:45:00,GRIL
1.3201,1.33,1.3201,1.33,5699,2021-06-17 14:50:00,GRIL
1.3201,1.34,1.3,1.3,28200,2021-06-17 14:55:00,GRIL
1.3084,1.31,1.3,1.3,1400,2021-06-17 15:00:00,GRIL
1.3082,1.3082,1.3082,1.3082,100,2021-06-17 15:10:00,GRIL
1.3,1.31,1.3,1.31,3095,2021-06-17 15:20:00,GRIL
1.315,1.315,1.315,1.315,250,2021-06-17 15:30:00,GRIL
1.3201,1.3201,1.32,1.3201,1800,2021-06-17 15:40:00,GRIL
1.3187,1.3187,1.31,1.31,2100,2021-06-17 15:45:00,GRIL
1.3,1.31,1.3,1.31,1966,2021-06-17 15:50:00,GRIL
1.32,1.32,1.3196,1.3196,600,2021-06-17 15:55:00,GRIL
1.32,1.32,1.3001,1.3001,635,2021-06-17 16:00:00,GRIL
1.305,1.32,1.305,1.32,8763,2021-06-17 16:05:00,GRIL
1.3061,1.3061,1.3061,1.3061,155,2021-06-17 16:10:00,GRIL
1.3025,1.3025,1.3025,1.3025,300,2021-06-17 16:20:00,GRIL
1.32,1.32,1.3138,1.3138,1709,2021-06-17 16:25:00,GRIL
1.3,1.314,1.3,1.3,1147,2021-06-17 16:30:00,GRIL
1.3,1.305,1.3,1.3038,1775,2021-06-17 16:35:00,GRIL
1.313,1.32,1.31,1.3101,10959,2021-06-17 16:40:00,GRIL
1.3184,1.32,1.3184,1.32,1700,2021-06-17 16:50:00,GRIL
1.32,1.32,1.32,1.32,600,2021-06-17 17:20:00,GRIL
1.32,1.32,1.3197,1.3199,5024,2021-06-17 17:25:00,GRIL
1.31,1.31,1.31,1.31,2000,2021-06-17 17:30:00,GRIL
1.32,1.32,1.32,1.32,100,2021-06-17 17:35:00,GRIL
1.3127,1.33,1.3127,1.33,27909,2021-06-17 17:40:00,GRIL
1.34,1.35,1.34,1.35,7586,2021-06-17 17:45:00,GRIL
1.35,1.36,1.34,1.34,5900,2021-06-17 17:50:00,GRIL
1.3415,1.3585,1.34,1.3585,1100,2021-06-17 17:55:00,GRIL
1.35,1.36,1.34,1.341,14792,2021-06-17 18:00:00,GRIL
1.35,1.35,1.35,1.35,900,2021-06-17 18:05:00,GRIL
1.35,1.35,1.35,1.35,100,2021-06-17 18:10:00,GRIL
1.35,1.36,1.35,1.35,31397,2021-06-17 18:15:00,GRIL
1.35,1.36,1.34,1.35,11324,2021-06-17 18:20:00,GRIL
1.34,1.34,1.34,1.34,300,2021-06-17 18:25:00,GRIL
1.33,1.335,1.33,1.335,2700,2021-06-17 18:30:00,GRIL
1.3312,1.3312,1.3312,1.3312,300,2021-06-17 18:35:00,GRIL
1.335,1.335,1.32,1.32,1970,2021-06-17 18:40:00,GRIL
1.34,1.34,1.34,1.34,2000,2021-06-17 18:45:00,GRIL
1.33,1.34,1.33,1.3397,20000,2021-06-17 18:55:00,GRIL
1.335,1.335,1.335,1.335,300,2021-06-17 19:05:00,GRIL
1.3399,1.3399,1.3399,1.3399,1000,2021-06-17 19:20:00,GRIL
1.34,1.34,1.335,1.34,1327,2021-06-17 19:25:00,GRIL
1.34,1.34,1.34,1.34,100,2021-06-17 19:30:00,GRIL
1.34,1.34,1.3366,1.3366,7549,2021-06-17 19:40:00,GRIL
1.335,1.3384,1.335,1.335,2885,2021-06-17 19:45:00,GRIL
1.33,1.3327,1.325,1.33,8523,2021-06-17 19:50:00,GRIL
1.33,1.33,1.31,1.32,20292,2021-06-17 19:55:00,GRIL
1.31,1.31,1.31,1.31,3045,2021-06-17 20:00:00,GRIL
1.3299,1.3299,1.3299,1.3299,1000,2021-06-17 20:55:00,GRIL
1.33,1.33,1.33,1.33,100,2021-06-17 21:20:00,GRIL
1.3,1.3,1.3,1.3,400,2021-06-17 22:20:00,GRIL
1.29,1.29,1.29,1.29,4504,2021-06-17 22:25:00,GRIL
1.29,1.29,1.29,1.29,573,2021-06-17 23:15:00,GRIL
1.3,1.3,1.3,1.3,184,2021-06-18 12:40:00,GRIL
1.3,1.3,1.3,1.3,350,2021-06-18 13:05:00,GRIL
1.29,1.29,1.29,1.29,1645,2021-06-18 13:10:00,GRIL
1.29,1.29,1.29,1.29,500,2021-06-18 13:20:00,GRIL
1.31,1.32,1.305,1.32,6125,2021-06-18 13:30:00,GRIL
1.315,1.315,1.315,1.315,200,2021-06-18 13:35:00,GRIL
1.31,1.31,1.31,1.31,101,2021-06-18 13:40:00,GRIL
1.3012,1.3012,1.3012,1.3012,210,2021-06-18 13:45:00,GRIL
1.306,1.306,1.306,1.306,690,2021-06-18 13:50:00,GRIL
1.3,1.3,1.2973,1.2973,6040,2021-06-18 14:00:00,GRIL
1.2992,1.3,1.2976,1.3,5194,2021-06-18 14:05:00,GRIL
1.295,1.295,1.2906,1.2906,200,2021-06-18 14:10:00,GRIL
1.29,1.29,1.29,1.29,476,2021-06-18 14:15:00,GRIL
1.29,1.29,1.29,1.29,3200,2021-06-18 14:20:00,GRIL
1.29,1.2912,1.29,1.2912,2795,2021-06-18 14:25:00,GRIL
1.2985,1.3,1.2901,1.2901,1900,2021-06-18 14:30:00,GRIL
1.295,1.295,1.2908,1.2908,850,2021-06-18 14:35:00,GRIL
1.3,1.3,1.3,1.3,250,2021-06-18 14:50:00,GRIL
1.2834,1.2834,1.2834,1.2834,179,2021-06-18 14:55:00,GRIL
1.29,1.29,1.2801,1.29,6412,2021-06-18 15:00:00,GRIL
1.2968,1.2968,1.28,1.28,8557,2021-06-18 15:10:00,GRIL
1.27,1.2789,1.27,1.2789,3200,2021-06-18 15:15:00,GRIL
1.275,1.28,1.275,1.28,1374,2021-06-18 15:20:00,GRIL
1.28,1.29,1.28,1.29,11948,2021-06-18 15:25:00,GRIL
1.29,1.29,1.27,1.27,3514,2021-06-18 15:30:00,GRIL
1.298,1.299,1.298,1.299,6176,2021-06-18 15:40:00,GRIL
1.28,1.28,1.28,1.28,1500,2021-06-18 15:45:00,GRIL
1.28,1.29,1.28,1.28,6600,2021-06-18 16:00:00,GRIL
1.28,1.28,1.28,1.28,200,2021-06-18 16:05:00,GRIL
1.2799,1.28,1.2799,1.28,600,2021-06-18 16:10:00,GRIL
1.2879,1.2879,1.2879,1.2879,108,2021-06-18 16:15:00,GRIL
1.29,1.29,1.29,1.29,3000,2021-06-18 16:20:00,GRIL
1.27,1.2897,1.27,1.2897,1080,2021-06-18 16:25:00,GRIL
1.2702,1.2702,1.2702,1.2702,1860,2021-06-18 16:40:00,GRIL
1.2881,1.2881,1.2881,1.2881,200,2021-06-18 16:45:00,GRIL
1.29,1.29,1.29,1.29,1000,2021-06-18 17:10:00,GRIL
1.28,1.28,1.28,1.28,200,2021-06-18 17:15:00,GRIL
1.29,1.29,1.29,1.29,1000,2021-06-18 17:20:00,GRIL
1.3,1.3,1.2907,1.2907,419,2021-06-18 17:25:00,GRIL
1.2995,1.3,1.297,1.297,7000,2021-06-18 17:30:00,GRIL
1.2999,1.2999,1.2999,1.2999,3000,2021-06-18 17:35:00,GRIL
1.2999,1.31,1.295,1.301,25330,2021-06-18 17:40:00,GRIL
1.31,1.32,1.3,1.3,22331,2021-06-18 17:45:00,GRIL
1.3,1.3,1.3,1.3,251,2021-06-18 18:15:00,GRIL
1.32,1.32,1.32,1.32,7000,2021-06-18 18:20:00,GRIL
1.3,1.3,1.2967,1.2967,3869,2021-06-18 18:30:00,GRIL
1.3,1.3,1.29,1.29,350,2021-06-18 18:35:00,GRIL
1.3,1.3,1.27,1.27,59157,2021-06-18 18:40:00,GRIL
1.28,1.28,1.27,1.2791,4970,2021-06-18 18:45:00,GRIL
1.27,1.28,1.27,1.28,19552,2021-06-18 18:50:00,GRIL
1.2773,1.2773,1.2773,1.2773,100,2021-06-18 18:55:00,GRIL
1.29,1.29,1.29,1.29,5120,2021-06-18 19:00:00,GRIL
1.29,1.29,1.289,1.289,1150,2021-06-18 19:10:00,GRIL
1.29,1.29,1.28,1.28,6140,2021-06-18 19:20:00,GRIL
1.2885,1.2885,1.2885,1.2885,100,2021-06-18 19:25:00,GRIL
1.29,1.29,1.29,1.29,10300,2021-06-18 19:30:00,GRIL
1.286,1.289,1.28,1.289,1875,2021-06-18 19:35:00,GRIL
1.28,1.285,1.27,1.27,17625,2021-06-18 19:50:00,GRIL
1.2799,1.28,1.26,1.28,6216,2021-06-18 19:55:00,GRIL
1.25,1.25,1.25,1.25,59238,2021-06-18 20:00:00,GRIL
1.29,1.29,1.29,1.29,400,2021-06-18 20:05:00,GRIL
1.3,1.3,1.3,1.3,100,2021-06-18 20:30:00,GRIL
1.26,1.26,1.26,1.26,100,2021-06-18 21:10:00,GRIL
1.29,1.29,1.29,1.29,1000,2021-06-18 21:55:00,GRIL
1.29,1.29,1.29,1.29,100,2021-06-18 22:25:00,GRIL
1.29,1.3,1.29,1.3,4450,2021-06-18 22:40:00,GRIL
1.32,1.32,1.32,1.32,457,2021-06-18 22:45:00,GRIL
1.26,1.26,1.25,1.25,374,2021-06-21 08:05:00,GRIL
1.27,1.27,1.27,1.27,924,2021-06-21 11:35:00,GRIL
1.35,1.35,1.35,1.35,100,2021-06-21 12:15:00,GRIL
1.3,1.3,1.3,1.3,100,2021-06-21 13:25:00,GRIL
1.3,1.3,1.28,1.3,13247,2021-06-21 13:30:00,GRIL
1.2857,1.29,1.2714,1.2714,15862,2021-06-21 13:35:00,GRIL
1.275,1.28,1.27,1.28,27645,2021-06-21 13:40:00,GRIL
1.279,1.279,1.2787,1.2787,1500,2021-06-21 13:45:00,GRIL
1.28,1.31,1.2784,1.31,13295,2021-06-21 13:50:00,GRIL
1.3,1.3,1.28,1.28,21299,2021-06-21 13:55:00,GRIL
1.3089,1.3089,1.29,1.3,4700,2021-06-21 14:00:00,GRIL
1.28,1.28,1.28,1.28,500,2021-06-21 14:10:00,GRIL
1.28,1.28,1.28,1.28,500,2021-06-21 14:15:00,GRIL
1.3,1.3,1.2971,1.2971,1045,2021-06-21 14:25:00,GRIL
1.3,1.31,1.292,1.31,41031,2021-06-21 14:30:00,GRIL
1.305,1.305,1.305,1.305,765,2021-06-21 14:35:00,GRIL
1.3,1.3,1.2982,1.2982,500,2021-06-21 14:40:00,GRIL
1.29,1.29,1.29,1.29,3236,2021-06-21 14:45:00,GRIL
1.3,1.3,1.2906,1.298,1416,2021-06-21 14:50:00,GRIL
1.29,1.29,1.29,1.29,998,2021-06-21 14:55:00,GRIL
1.28,1.28,1.28,1.28,100,2021-06-21 15:00:00,GRIL
1.29,1.29,1.29,1.29,200,2021-06-21 15:10:00,GRIL
1.2861,1.2861,1.28,1.28,1704,2021-06-21 15:15:00,GRIL
1.2838,1.2838,1.2838,1.2838,300,2021-06-21 15:20:00,GRIL
1.29,1.3,1.29,1.3,484,2021-06-21 15:25:00,GRIL
1.28,1.2827,1.28,1.2827,650,2021-06-21 15:40:00,GRIL
1.2822,1.2822,1.2822,1.2822,640,2021-06-21 15:50:00,GRIL
1.2971,1.2971,1.2971,1.2971,100,2021-06-21 15:55:00,GRIL
1.2971,1.2986,1.2971,1.2986,200,2021-06-21 16:00:00,GRIL
1.3,1.3,1.3,1.3,940,2021-06-21 16:05:00,GRIL
1.2992,1.2992,1.298,1.298,680,2021-06-21 16:10:00,GRIL
1.3,1.3,1.3,1.3,100,2021-06-21 16:25:00,GRIL
1.3,1.3,1.3,1.3,350,2021-06-21 16:40:00,GRIL
1.3,1.3,1.3,1.3,2000,2021-06-21 16:50:00,GRIL
1.2989,1.2999,1.2989,1.2999,949,2021-06-21 17:00:00,GRIL
1.29,1.29,1.29,1.29,1196,2021-06-21 17:05:00,GRIL
1.299,1.299,1.298,1.298,300,2021-06-21 17:20:00,GRIL
1.3,1.3,1.3,1.3,5000,2021-06-21 17:25:00,GRIL
1.295,1.295,1.2908,1.2908,425,2021-06-21 17:30:00,GRIL
1.2906,1.2994,1.2906,1.297,2050,2021-06-21 17:40:00,GRIL
1.295,1.295,1.295,1.295,100,2021-06-21 17:45:00,GRIL
1.3,1.3,1.3,1.3,200,2021-06-21 18:00:00,GRIL
1.29,1.29,1.29,1.29,610,2021-06-21 18:05:00,GRIL
1.29,1.2973,1.28,1.28,943,2021-06-21 18:10:00,GRIL
1.2995,1.2995,1.2995,1.2995,150,2021-06-21 18:15:00,GRIL
1.3,1.3,1.3,1.3,1500,2021-06-21 18:20:00,GRIL
1.2999,1.2999,1.2999,1.2999,1540,2021-06-21 18:25:00,GRIL
1.2946,1.2946,1.2946,1.2946,100,2021-06-21 18:30:00,GRIL
1.28,1.28,1.28,1.28,912,2021-06-21 18:35:00,GRIL
1.29,1.29,1.29,1.29,746,2021-06-21 18:45:00,GRIL
1.3,1.3,1.2801,1.2801,7588,2021-06-21 18:55:00,GRIL
1.3,1.3,1.3,1.3,776,2021-06-21 19:00:00,GRIL
1.2994,1.2994,1.2994,1.2994,395,2021-06-21 19:05:00,GRIL
1.29,1.29,1.29,1.29,100,2021-06-21 19:10:00,GRIL
1.3,1.3,1.29,1.29,2600,2021-06-21 19:15:00,GRIL
1.2979,1.2979,1.2979,1.2979,100,2021-06-21 19:25:00,GRIL
1.3,1.3,1.299,1.299,5528,2021-06-21 19:35:00,GRIL
1.29,1.295,1.2805,1.2805,10600,2021-06-21 19:50:00,GRIL
1.3,1.3,1.28,1.28,2752,2021-06-21 19:55:00,GRIL
1.28,1.28,1.28,1.28,3900,2021-06-21 20:00:00,GRIL
1.28,1.28,1.28,1.28,100,2021-06-21 23:45:00,GRIL
1.3,1.3,1.3,1.3,100,2021-06-22 11:55:00,GRIL
1.28,1.28,1.28,1.28,100,2021-06-22 12:55:00,GRIL
1.29,1.3,1.29,1.3,1312,2021-06-22 13:30:00,GRIL
1.295,1.295,1.2901,1.2901,1322,2021-06-22 13:40:00,GRIL
1.2916,1.3,1.2916,1.2991,4149,2021-06-22 13:45:00,GRIL
1.2998,1.3,1.2965,1.3,1900,2021-06-22 13:50:00,GRIL
1.29,1.29,1.2811,1.2821,1672,2021-06-22 13:55:00,GRIL
1.29,1.29,1.29,1.29,650,2021-06-22 14:00:00,GRIL
1.2893,1.29,1.2893,1.29,727,2021-06-22 14:05:00,GRIL
1.299,1.299,1.29,1.29,1334,2021-06-22 14:20:00,GRIL
1.2801,1.29,1.2801,1.2811,5771,2021-06-22 14:25:00,GRIL
1.28,1.28,1.28,1.28,100,2021-06-22 14:35:00,GRIL
1.288,1.288,1.288,1.288,100,2021-06-22 14:40:00,GRIL
1.2889,1.2889,1.2889,1.2889,148,2021-06-22 14:50:00,GRIL
1.28,1.28,1.28,1.28,111,2021-06-22 14:55:00,GRIL
1.29,1.29,1.29,1.29,100,2021-06-22 15:00:00,GRIL
1.285,1.289,1.285,1.289,1600,2021-06-22 15:05:00,GRIL
1.29,1.29,1.2845,1.2845,2021,2021-06-22 15:10:00,GRIL
1.285,1.285,1.28,1.28,200,2021-06-22 15:20:00,GRIL
1.2884,1.3,1.2884,1.3,8117,2021-06-22 15:25:00,GRIL
1.29,1.29,1.28,1.2899,2189,2021-06-22 15:45:00,GRIL
1.29,1.29,1.29,1.29,400,2021-06-22 15:50:00,GRIL
1.29,1.29,1.28,1.28,1560,2021-06-22 15:55:00,GRIL
1.2899,1.2899,1.28,1.28,800,2021-06-22 16:00:00,GRIL
1.29,1.29,1.29,1.29,100,2021-06-22 16:10:00,GRIL
1.285,1.285,1.285,1.285,100,2021-06-22 16:15:00,GRIL
1.2899,1.2899,1.2899,1.2899,500,2021-06-22 16:20:00,GRIL
1.285,1.285,1.285,1.285,100,2021-06-22 16:25:00,GRIL
1.2838,1.2838,1.2838,1.2838,100,2021-06-22 16:30:00,GRIL
1.2899,1.29,1.28,1.29,3447,2021-06-22 16:35:00,GRIL
1.285,1.285,1.28,1.28,1082,2021-06-22 16:45:00,GRIL
1.2808,1.2808,1.2808,1.2808,1400,2021-06-22 16:55:00,GRIL
1.2814,1.2814,1.28,1.28,567,2021-06-22 17:15:00,GRIL
1.285,1.2895,1.2801,1.2801,4091,2021-06-22 17:25:00,GRIL
1.2884,1.29,1.2884,1.289,3200,2021-06-22 17:30:00,GRIL
1.2801,1.2884,1.2801,1.2884,311,2021-06-22 17:35:00,GRIL
1.2899,1.2899,1.2899,1.2899,100,2021-06-22 17:45:00,GRIL
1.283,1.283,1.283,1.283,100,2021-06-22 17:50:00,GRIL
1.29,1.29,1.29,1.29,100,2021-06-22 17:55:00,GRIL
1.28,1.28,1.28,1.28,101,2021-06-22 18:00:00,GRIL
1.28,1.29,1.28,1.29,2250,2021-06-22 18:05:00,GRIL
1.28,1.28,1.28,1.28,397,2021-06-22 18:20:00,GRIL
1.28,1.28,1.28,1.28,400,2021-06-22 18:25:00,GRIL
1.2838,1.2838,1.28,1.28,1000,2021-06-22 18:30:00,GRIL
1.28,1.28,1.28,1.28,400,2021-06-22 18:45:00,GRIL
1.2869,1.2869,1.2869,1.2869,100,2021-06-22 18:55:00,GRIL
1.285,1.29,1.285,1.29,1109,2021-06-22 19:10:00,GRIL
1.282,1.282,1.282,1.282,200,2021-06-22 19:50:00,GRIL
1.2983,1.2983,1.28,1.29,1772,2021-06-22 19:55:00,GRIL
1.28,1.28,1.28,1.28,376,2021-06-22 20:00:00,GRIL
1.28,1.28,1.28,1.28,1250,2021-06-22 20:45:00,GRIL
1.28,1.28,1.28,1.28,988,2021-06-22 21:10:00,GRIL
1.27,1.27,1.27,1.27,100,2021-06-22 22:50:00,GRIL
1.3,1.3,1.3,1.3,215,2021-06-22 23:50:00,GRIL
1.3,1.31,1.3,1.31,240,2021-06-23 11:40:00,GRIL
1.32,1.32,1.32,1.32,100,2021-06-23 11:45:00,GRIL
1.34,1.35,1.34,1.35,400,2021-06-23 11:50:00,GRIL
1.33,1.34,1.33,1.34,300,2021-06-23 12:05:00,GRIL
1.319,1.319,1.319,1.319,200,2021-06-23 13:10:00,GRIL
1.31,1.33,1.29,1.2937,7966,2021-06-23 13:30:00,GRIL
1.3,1.31,1.28,1.31,21400,2021-06-23 13:35:00,GRIL
1.2928,1.3067,1.2928,1.3067,5200,2021-06-23 13:40:00,GRIL
1.31,1.31,1.31,1.31,200,2021-06-23 13:45:00,GRIL
1.3,1.3084,1.3,1.3084,400,2021-06-23 13:50:00,GRIL
1.305,1.305,1.305,1.305,100,2021-06-23 13:55:00,GRIL
1.305,1.305,1.305,1.305,1336,2021-06-23 14:00:00,GRIL
1.3001,1.31,1.3001,1.31,1626,2021-06-23 14:05:00,GRIL
1.31,1.31,1.303,1.303,1500,2021-06-23 14:15:00,GRIL
1.305,1.305,1.305,1.305,100,2021-06-23 14:20:00,GRIL
1.31,1.31,1.303,1.303,600,2021-06-23 14:30:00,GRIL
1.3061,1.33,1.3,1.32,93489,2021-06-23 14:35:00,GRIL
1.33,1.34,1.295,1.328,33031,2021-06-23 14:40:00,GRIL
1.3264,1.3264,1.3,1.3,9375,2021-06-23 14:45:00,GRIL
1.302,1.302,1.302,1.302,200,2021-06-23 14:50:00,GRIL
1.3147,1.3147,1.3142,1.3142,929,2021-06-23 14:55:00,GRIL
1.3014,1.3014,1.3014,1.3014,500,2021-06-23 15:00:00,GRIL
1.3102,1.3102,1.3,1.3,1536,2021-06-23 15:10:00,GRIL
1.29,1.2916,1.29,1.29,27999,2021-06-23 15:20:00,GRIL
1.2907,1.2907,1.29,1.29,2400,2021-06-23 15:25:00,GRIL
1.29,1.29,1.29,1.29,600,2021-06-23 15:35:00,GRIL
1.28,1.28,1.26,1.26,10697,2021-06-23 15:45:00,GRIL
1.25,1.27,1.25,1.2683,9413,2021-06-23 15:50:00,GRIL
1.265,1.27,1.265,1.265,21055,2021-06-23 15:55:00,GRIL
1.265,1.28,1.265,1.28,3860,2021-06-23 16:00:00,GRIL
1.28,1.28,1.275,1.2783,300,2021-06-23 16:05:00,GRIL
1.2707,1.2707,1.26,1.26,1039,2021-06-23 16:10:00,GRIL
1.2781,1.2781,1.2781,1.2781,100,2021-06-23 16:15:00,GRIL
1.28,1.28,1.28,1.28,100,2021-06-23 16:20:00,GRIL
1.28,1.28,1.26,1.2601,11425,2021-06-23 16:30:00,GRIL
1.28,1.28,1.27,1.27,4550,2021-06-23 16:35:00,GRIL
1.27,1.27,1.27,1.27,200,2021-06-23 16:45:00,GRIL
1.28,1.28,1.28,1.28,200,2021-06-23 16:50:00,GRIL
1.27,1.28,1.27,1.28,10400,2021-06-23 16:55:00,GRIL
1.27,1.27,1.27,1.27,150,2021-06-23 17:00:00,GRIL
1.278,1.278,1.278,1.278,100,2021-06-23 17:05:00,GRIL
1.28,1.28,1.27,1.27,200,2021-06-23 17:10:00,GRIL
1.2768,1.2768,1.27,1.27,3100,2021-06-23 17:15:00,GRIL
1.28,1.28,1.28,1.28,3000,2021-06-23 17:25:00,GRIL
1.2878,1.2899,1.285,1.2899,10650,2021-06-23 17:35:00,GRIL
1.28,1.28,1.26,1.27,10395,2021-06-23 17:40:00,GRIL
1.2606,1.2699,1.2606,1.2699,2400,2021-06-23 17:45:00,GRIL
1.27,1.2899,1.27,1.2899,9915,2021-06-23 17:50:00,GRIL
1.26,1.28,1.25,1.26,9980,2021-06-23 17:55:00,GRIL
1.2799,1.28,1.2782,1.28,4154,2021-06-23 18:10:00,GRIL
1.28,1.28,1.2601,1.2601,3100,2021-06-23 18:15:00,GRIL
1.2765,1.2765,1.2765,1.2765,149,2021-06-23 18:20:00,GRIL
1.275,1.275,1.275,1.275,100,2021-06-23 18:25:00,GRIL
1.2746,1.2746,1.2746,1.2746,100,2021-06-23 18:35:00,GRIL
1.2753,1.2753,1.2753,1.2753,390,2021-06-23 18:45:00,GRIL
1.28,1.28,1.28,1.28,2000,2021-06-23 18:50:00,GRIL
1.2701,1.2701,1.2701,1.2701,3000,2021-06-23 19:05:00,GRIL
1.275,1.275,1.275,1.275,500,2021-06-23 19:10:00,GRIL
1.28,1.28,1.2799,1.2799,434,2021-06-23 19:20:00,GRIL
1.275,1.275,1.275,1.275,3000,2021-06-23 19:30:00,GRIL
1.28,1.28,1.2799,1.28,2412,2021-06-23 19:35:00,GRIL
1.28,1.28,1.28,1.28,812,2021-06-23 19:40:00,GRIL
1.28,1.28,1.27,1.27,23118,2021-06-23 19:50:00,GRIL
1.275,1.275,1.27,1.271,8753,2021-06-23 19:55:00,GRIL
1.28,1.28,1.28,1.28,2417,2021-06-23 20:00:00,GRIL
1.28,1.28,1.28,1.28,499,2021-06-23 20:15:00,GRIL
1.28,1.28,1.28,1.28,200,2021-06-23 20:35:00,GRIL
1.2799,1.28,1.2799,1.28,1500,2021-06-23 20:50:00,GRIL
1.28,1.28,1.28,1.28,200,2021-06-23 21:20:00,GRIL
1.27,1.27,1.27,1.27,200,2021-06-23 21:25:00,GRIL
1.28,1.28,1.28,1.28,3600,2021-06-23 22:00:00,GRIL
1.28,1.28,1.28,1.28,500,2021-06-23 22:35:00,GRIL
1.33,1.33,1.33,1.33,100,2021-06-24 12:55:00,GRIL
1.33,1.33,1.3299,1.33,9000,2021-06-24 13:10:00,GRIL
1.3,1.3,1.3,1.3,5000,2021-06-24 13:15:00,GRIL
1.31,1.31,1.28,1.3047,14895,2021-06-24 13:30:00,GRIL
1.281,1.285,1.28,1.2842,912,2021-06-24 13:35:00,GRIL
1.29,1.33,1.29,1.33,480,2021-06-24 13:40:00,GRIL
1.28,1.305,1.28,1.3038,600,2021-06-24 13:45:00,GRIL
1.3,1.33,1.3,1.315,2650,2021-06-24 13:50:00,GRIL
1.305,1.305,1.305,1.305,243,2021-06-24 13:55:00,GRIL
1.3,1.31,1.3,1.31,3738,2021-06-24 14:00:00,GRIL
1.3199,1.32,1.314,1.3168,3350,2021-06-24 14:05:00,GRIL
1.3004,1.3004,1.3004,1.3004,200,2021-06-24 14:10:00,GRIL
1.301,1.301,1.3,1.3,2598,2021-06-24 14:15:00,GRIL
1.301,1.3199,1.3,1.3199,2400,2021-06-24 14:25:00,GRIL
1.3,1.3,1.3,1.3,200,2021-06-24 14:30:00,GRIL
1.31,1.31,1.3,1.3,2600,2021-06-24 14:35:00,GRIL
1.3,1.3,1.3,1.3,100,2021-06-24 14:40:00,GRIL
1.3,1.3,1.3,1.3,100,2021-06-24 14:45:00,GRIL
1.3,1.3,1.3,1.3,100,2021-06-24 14:50:00,GRIL
1.3093,1.3093,1.3,1.3,300,2021-06-24 14:55:00,GRIL
1.3,1.305,1.3,1.305,4946,2021-06-24 15:00:00,GRIL
1.29,1.31,1.29,1.3084,3800,2021-06-24 15:05:00,GRIL
1.31,1.31,1.3,1.3,8575,2021-06-24 15:15:00,GRIL
1.3,1.3,1.3,1.3,100,2021-06-24 15:20:00,GRIL
1.31,1.31,1.3,1.3,300,2021-06-24 15:25:00,GRIL
1.31,1.3189,1.31,1.3102,1275,2021-06-24 15:30:00,GRIL
1.3,1.3001,1.29,1.29,4519,2021-06-24 15:35:00,GRIL
1.301,1.3027,1.3,1.3027,3203,2021-06-24 15:40:00,GRIL
1.3,1.3,1.3,1.3,100,2021-06-24 15:45:00,GRIL
1.29,1.29,1.29,1.29,100,2021-06-24 15:50:00,GRIL
1.2947,1.31,1.29,1.29,3075,2021-06-24 15:55:00,GRIL
1.3,1.3,1.29,1.29,565,2021-06-24 16:00:00,GRIL
1.29,1.29,1.29,1.29,100,2021-06-24 16:05:00,GRIL
1.3092,1.3092,1.3092,1.3092,1600,2021-06-24 16:10:00,GRIL
1.29,1.31,1.29,1.3085,625,2021-06-24 16:15:00,GRIL
1.3,1.3,1.3,1.3,100,2021-06-24 16:20:00,GRIL
1.3,1.3039,1.3,1.3039,200,2021-06-24 16:25:00,GRIL
1.3,1.3,1.3,1.3,100,2021-06-24 16:30:00,GRIL
1.29,1.2921,1.29,1.2921,1050,2021-06-24 16:35:00,GRIL
1.3,1.3,1.3,1.3,125,2021-06-24 16:40:00,GRIL
1.296,1.296,1.29,1.29,600,2021-06-24 16:45:00,GRIL
1.29,1.29,1.29,1.29,100,2021-06-24 16:50:00,GRIL
1.29,1.29,1.29,1.29,100,2021-06-24 17:00:00,GRIL
1.29,1.29,1.29,1.29,2000,2021-06-24 17:05:00,GRIL
1.29,1.3,1.29,1.3,200,2021-06-24 17:10:00,GRIL
1.31,1.31,1.31,1.31,100,2021-06-24 17:15:00,GRIL
1.3,1.3033,1.3,1.3033,2600,2021-06-24 17:25:00,GRIL
1.3,1.3015,1.3,1.3,1340,2021-06-24 17:30:00,GRIL
1.3,1.3,1.3,1.3,100,2021-06-24 17:35:00,GRIL
1.3,1.31,1.29,1.29,19200,2021-06-24 17:40:00,GRIL
1.308,1.308,1.308,1.308,600,2021-06-24 17:45:00,GRIL
1.31,1.31,1.31,1.31,500,2021-06-24 17:50:00,GRIL
1.29,1.3063,1.29,1.3063,200,2021-06-24 17:55:00,GRIL
1.295,1.295,1.29,1.2901,700,2021-06-24 18:05:00,GRIL
1.29,1.29,1.29,1.29,100,2021-06-24 18:15:00,GRIL
1.3,1.3,1.29,1.29,200,2021-06-24 18:20:00,GRIL
1.29,1.29,1.29,1.29,208,2021-06-24 18:30:00,GRIL
1.29,1.29,1.29,1.29,100,2021-06-24 18:35:00,GRIL
1.2999,1.2999,1.2999,1.2999,4000,2021-06-24 18:40:00,GRIL
1.29,1.29,1.28,1.28,5738,2021-06-24 18:45:00,GRIL
1.28,1.28,1.28,1.28,100,2021-06-24 18:50:00,GRIL
1.29,1.29,1.28,1.29,979,2021-06-24 18:55:00,GRIL
1.29,1.29,1.28,1.29,400,2021-06-24 19:00:00,GRIL
1.283,1.283,1.28,1.28,518,2021-06-24 19:05:00,GRIL
1.28,1.28,1.28,1.28,600,2021-06-24 19:10:00,GRIL
1.28,1.3,1.28,1.29,10462,2021-06-24 19:15:00,GRIL
1.29,1.29,1.29,1.29,350,2021-06-24 19:20:00,GRIL
1.2801,1.29,1.2801,1.29,3945,2021-06-24 19:25:00,GRIL
1.2916,1.3,1.29,1.3,13897,2021-06-24 19:35:00,GRIL
1.295,1.2999,1.295,1.2999,700,2021-06-24 19:40:00,GRIL
1.29,1.29,1.29,1.29,200,2021-06-24 19:45:00,GRIL
1.295,1.295,1.29,1.291,6359,2021-06-24 19:50:00,GRIL
1.29,1.3,1.29,1.3,1833,2021-06-24 19:55:00,GRIL
1.31,1.31,1.28,1.28,902,2021-06-24 20:05:00,GRIL
1.31,1.31,1.31,1.31,240,2021-06-24 20:40:00,GRIL
1.3,1.3,1.3,1.3,100,2021-06-24 21:55:00,GRIL
1.31,1.31,1.31,1.31,790,2021-06-24 23:25:00,GRIL
1.31,1.31,1.28,1.28,2204,2021-06-24 23:55:00,GRIL
1.3,1.3,1.3,1.3,100,2021-06-25 10:00:00,GRIL
1.29,1.3,1.29,1.3,2323,2021-06-25 13:00:00,GRIL
1.3,1.3,1.3,1.3,865,2021-06-25 13:25:00,GRIL
1.3,1.31,1.3,1.3,7233,2021-06-25 13:30:00,GRIL
1.323,1.323,1.323,1.323,500,2021-06-25 13:35:00,GRIL
1.3113,1.32,1.31,1.319,4788,2021-06-25 13:40:00,GRIL
1.31,1.3105,1.31,1.3105,1714,2021-06-25 13:50:00,GRIL
1.315,1.315,1.31,1.3106,300,2021-06-25 13:55:00,GRIL
1.32,1.32,1.31,1.3102,2306,2021-06-25 14:05:00,GRIL
1.3101,1.3101,1.3101,1.3101,195,2021-06-25 14:10:00,GRIL
1.33,1.33,1.3123,1.3123,1308,2021-06-25 14:15:00,GRIL
1.33,1.35,1.32,1.35,85374,2021-06-25 14:20:00,GRIL
1.35,1.37,1.35,1.3548,77934,2021-06-25 14:25:00,GRIL
1.35,1.36,1.34,1.3427,15820,2021-06-25 14:30:00,GRIL
1.345,1.345,1.345,1.345,250,2021-06-25 14:35:00,GRIL
1.3427,1.3427,1.34,1.34,1650,2021-06-25 14:40:00,GRIL
1.33,1.38,1.33,1.38,56013,2021-06-25 14:45:00,GRIL
1.3658,1.38,1.35,1.37,34708,2021-06-25 14:50:00,GRIL
1.36,1.38,1.36,1.38,20574,2021-06-25 14:55:00,GRIL
1.38,1.38,1.36,1.3613,20820,2021-06-25 15:00:00,GRIL
1.37,1.38,1.36,1.36,14854,2021-06-25 15:05:00,GRIL
1.38,1.38,1.3643,1.3643,10000,2021-06-25 15:10:00,GRIL
1.36,1.379,1.36,1.365,38686,2021-06-25 15:15:00,GRIL
1.3666,1.3693,1.3652,1.3693,3200,2021-06-25 15:20:00,GRIL
1.3637,1.37,1.35,1.3519,18884,2021-06-25 15:25:00,GRIL
1.35,1.3599,1.35,1.3599,7166,2021-06-25 15:30:00,GRIL
1.3503,1.36,1.35,1.36,8778,2021-06-25 15:35:00,GRIL
1.3531,1.41,1.35,1.35,93070,2021-06-25 15:40:00,GRIL
1.3799,1.3899,1.32,1.36,60250,2021-06-25 15:45:00,GRIL
1.3836,1.3836,1.37,1.375,9250,2021-06-25 15:50:00,GRIL
1.375,1.38,1.37,1.38,5285,2021-06-25 15:55:00,GRIL
1.3786,1.39,1.3701,1.389,34891,2021-06-25 16:00:00,GRIL
1.39,1.395,1.39,1.3901,2500,2021-06-25 16:05:00,GRIL
1.39,1.39,1.37,1.39,4376,2021-06-25 16:10:00,GRIL
1.3881,1.3881,1.375,1.3792,1775,2021-06-25 16:15:00,GRIL
1.3807,1.3999,1.38,1.3999,108946,2021-06-25 16:20:00,GRIL
1.39,1.3999,1.35,1.35,30261,2021-06-25 16:25:00,GRIL
1.3613,1.41,1.34,1.37,81985,2021-06-25 16:30:00,GRIL
1.4,1.4,1.39,1.39,2265,2021-06-25 16:35:00,GRIL
1.382,1.4017,1.382,1.4,21079,2021-06-25 16:40:00,GRIL
1.4081,1.4081,1.3908,1.3956,18028,2021-06-25 16:45:00,GRIL
1.3942,1.4,1.3918,1.399,4555,2021-06-25 16:50:00,GRIL
1.3907,1.4,1.3907,1.4,4569,2021-06-25 16:55:00,GRIL
1.405,1.4199,1.4,1.4187,14777,2021-06-25 17:00:00,GRIL
1.413,1.43,1.41,1.4288,9715,2021-06-25 17:05:00,GRIL
1.425,1.43,1.41,1.4101,18700,2021-06-25 17:10:00,GRIL
1.4119,1.4214,1.4119,1.4214,9310,2021-06-25 17:15:00,GRIL
1.42,1.43,1.4,1.4,60866,2021-06-25 17:20:00,GRIL
1.42,1.44,1.39,1.41,33865,2021-06-25 17:25:00,GRIL
1.41,1.41,1.4,1.4001,31350,2021-06-25 17:30:00,GRIL
1.4015,1.4099,1.4,1.4,16104,2021-06-25 17:35:00,GRIL
1.4099,1.41,1.4,1.405,19739,2021-06-25 17:40:00,GRIL
1.4045,1.4045,1.38,1.38,5864,2021-06-25 17:45:00,GRIL
1.3966,1.4,1.39,1.4,1950,2021-06-25 17:50:00,GRIL
1.397,1.397,1.39,1.39,400,2021-06-25 17:55:00,GRIL
1.39,1.394,1.39,1.39,11000,2021-06-25 18:00:00,GRIL
1.39,1.39,1.39,1.39,199,2021-06-25 18:05:00,GRIL
1.395,1.42,1.39,1.42,4920,2021-06-25 18:10:00,GRIL
1.404,1.404,1.404,1.404,225,2021-06-25 18:15:00,GRIL
1.393,1.393,1.39,1.39,1190,2021-06-25 18:20:00,GRIL
1.3999,1.3999,1.3999,1.3999,200,2021-06-25 18:25:00,GRIL
1.4,1.4,1.395,1.399,580,2021-06-25 18:35:00,GRIL
1.39,1.39,1.39,1.39,250,2021-06-25 18:40:00,GRIL
1.4,1.4,1.4,1.4,2100,2021-06-25 18:45:00,GRIL
1.3995,1.3995,1.39,1.395,605,2021-06-25 18:50:00,GRIL
1.4,1.41,1.39,1.39,3300,2021-06-25 18:55:00,GRIL
1.405,1.405,1.405,1.405,100,2021-06-25 19:00:00,GRIL
1.4,1.4,1.4,1.4,500,2021-06-25 19:05:00,GRIL
1.4099,1.42,1.38,1.4,23538,2021-06-25 19:10:00,GRIL
1.4,1.4,1.39,1.39,4938,2021-06-25 19:15:00,GRIL
1.395,1.3997,1.39,1.3997,2379,2021-06-25 19:20:00,GRIL
1.4,1.43,1.3998,1.41,37049,2021-06-25 19:30:00,GRIL
1.41,1.43,1.41,1.41,21662,2021-06-25 19:35:00,GRIL
1.4193,1.42,1.41,1.4199,3477,2021-06-25 19:40:00,GRIL
1.4199,1.42,1.41,1.4114,9927,2021-06-25 19:45:00,GRIL
1.41,1.42,1.4,1.41,20929,2021-06-25 19:50:00,GRIL
1.405,1.41,1.4,1.4,23960,2021-06-25 19:55:00,GRIL
1.42,1.42,1.42,1.42,5292,2021-06-25 20:00:00,GRIL
1.42,1.42,1.42,1.42,250,2021-06-25 20:15:00,GRIL
1.41,1.41,1.41,1.41,500,2021-06-25 20:25:00,GRIL
1.3901,1.3901,1.3901,1.3901,5500,2021-06-25 20:45:00,GRIL
1.39,1.39,1.362,1.37,10000,2021-06-25 20:50:00,GRIL
1.376,1.376,1.37,1.37,1601,2021-06-25 21:00:00,GRIL
1.41,1.41,1.41,1.41,231,2021-06-25 21:10:00,GRIL
1.4,1.4,1.4,1.4,1000,2021-06-25 21:15:00,GRIL
1.41,1.41,1.41,1.41,199,2021-06-25 21:20:00,GRIL
1.41,1.41,1.41,1.41,500,2021-06-25 21:25:00,GRIL
1.41,1.41,1.41,1.41,2000,2021-06-25 22:50:00,GRIL
1.4099,1.4099,1.4099,1.4099,400,2021-06-25 22:55:00,GRIL
1.4,1.4,1.4,1.4,110,2021-06-25 23:00:00,GRIL
1.36,1.36,1.35,1.35,1212,2021-06-28 08:00:00,GRIL
1.4001,1.4001,1.4,1.4,1865,2021-06-28 12:00:00,GRIL
1.41,1.41,1.41,1.41,100,2021-06-28 12:05:00,GRIL
1.42,1.42,1.4199,1.4199,200,2021-06-28 12:35:00,GRIL
1.42,1.42,1.42,1.42,646,2021-06-28 12:45:00,GRIL
1.42,1.42,1.42,1.42,500,2021-06-28 12:50:00,GRIL
1.42,1.42,1.42,1.42,692,2021-06-28 12:55:00,GRIL
1.4201,1.4201,1.42,1.42,3350,2021-06-28 13:00:00,GRIL
1.42,1.42,1.42,1.42,7826,2021-06-28 13:05:00,GRIL
1.42,1.42,1.42,1.42,200,2021-06-28 13:15:00,GRIL
1.42,1.42,1.42,1.42,400,2021-06-28 13:25:00,GRIL
1.43,1.43,1.42,1.43,25445,2021-06-28 13:30:00,GRIL
1.43,1.44,1.4226,1.43,4911,2021-06-28 13:35:00,GRIL
1.42,1.43,1.4,1.4,61113,2021-06-28 13:40:00,GRIL
1.39,1.4,1.39,1.39,9156,2021-06-28 13:45:00,GRIL
1.39,1.39,1.38,1.38,6559,2021-06-28 13:50:00,GRIL
1.3814,1.3814,1.3814,1.3814,1800,2021-06-28 13:55:00,GRIL
1.38,1.3991,1.38,1.38,16946,2021-06-28 14:00:00,GRIL
1.389,1.39,1.38,1.3853,5989,2021-06-28 14:05:00,GRIL
1.39,1.4,1.39,1.3917,800,2021-06-28 14:10:00,GRIL
1.3978,1.4,1.3978,1.4,700,2021-06-28 14:15:00,GRIL
1.39,1.39,1.39,1.39,100,2021-06-28 14:20:00,GRIL
1.3921,1.41,1.3921,1.41,3500,2021-06-28 14:25:00,GRIL
1.4063,1.41,1.39,1.4063,13684,2021-06-28 14:30:00,GRIL
1.4,1.4074,1.39,1.39,2936,2021-06-28 14:35:00,GRIL
1.4079,1.4079,1.39,1.39,2004,2021-06-28 14:40:00,GRIL
1.3991,1.4,1.3921,1.3985,1005,2021-06-28 14:45:00,GRIL
1.3909,1.3909,1.3909,1.3909,1430,2021-06-28 14:50:00,GRIL
1.395,1.41,1.395,1.41,1835,2021-06-28 14:55:00,GRIL
1.4009,1.4009,1.4009,1.4009,1000,2021-06-28 15:00:00,GRIL
1.405,1.405,1.405,1.405,285,2021-06-28 15:05:00,GRIL
1.4002,1.41,1.4,1.41,10035,2021-06-28 15:10:00,GRIL
1.4142,1.4199,1.41,1.4115,2271,2021-06-28 15:15:00,GRIL
1.42,1.43,1.4115,1.43,10646,2021-06-28 15:20:00,GRIL
1.43,1.43,1.4,1.4,10186,2021-06-28 15:25:00,GRIL
1.4099,1.4127,1.4099,1.41,8400,2021-06-28 15:35:00,GRIL
1.42,1.43,1.41,1.41,11262,2021-06-28 15:40:00,GRIL
1.4161,1.4161,1.4161,1.4161,200,2021-06-28 15:45:00,GRIL
1.41,1.4138,1.41,1.41,7437,2021-06-28 15:55:00,GRIL
1.41,1.41,1.41,1.41,2000,2021-06-28 16:00:00,GRIL
1.416,1.42,1.416,1.42,3150,2021-06-28 16:05:00,GRIL
1.42,1.43,1.41,1.41,2027,2021-06-28 16:10:00,GRIL
1.43,1.43,1.43,1.43,1000,2021-06-28 16:15:00,GRIL
1.4124,1.4124,1.4124,1.4124,100,2021-06-28 16:20:00,GRIL
1.42,1.42,1.41,1.41,443,2021-06-28 16:25:00,GRIL
1.43,1.43,1.43,1.43,800,2021-06-28 16:30:00,GRIL
1.429,1.43,1.429,1.43,2699,2021-06-28 16:35:00,GRIL
1.41,1.4101,1.41,1.4101,1700,2021-06-28 16:40:00,GRIL
1.42,1.42,1.41,1.41,4666,2021-06-28 16:45:00,GRIL
1.41,1.41,1.41,1.41,700,2021-06-28 16:50:00,GRIL
1.425,1.426,1.425,1.426,200,2021-06-28 16:55:00,GRIL
1.41,1.42,1.41,1.42,2803,2021-06-28 17:00:00,GRIL
1.41,1.46,1.405,1.4599,63647,2021-06-28 17:10:00,GRIL
1.4586,1.46,1.4331,1.4408,29585,2021-06-28 17:15:00,GRIL
1.445,1.445,1.44,1.44,1100,2021-06-28 17:20:00,GRIL
1.43,1.4321,1.43,1.43,1263,2021-06-28 17:25:00,GRIL
1.445,1.46,1.4333,1.44,20043,2021-06-28 17:30:00,GRIL
1.45,1.46,1.44,1.46,41728,2021-06-28 17:35:00,GRIL
1.44,1.47,1.44,1.47,53693,2021-06-28 17:40:00,GRIL
1.46,1.4793,1.45,1.4793,22977,2021-06-28 17:45:00,GRIL
1.46,1.47,1.44,1.45,44864,2021-06-28 17:50:00,GRIL
1.44,1.48,1.44,1.46,86141,2021-06-28 17:55:00,GRIL
1.4601,1.47,1.45,1.4507,87891,2021-06-28 18:00:00,GRIL
1.46,1.46,1.45,1.46,40024,2021-06-28 18:05:00,GRIL
1.46,1.48,1.4596,1.48,18071,2021-06-28 18:10:00,GRIL
1.47,1.4777,1.46,1.4621,43140,2021-06-28 18:15:00,GRIL
1.4621,1.48,1.46,1.47,24499,2021-06-28 18:20:00,GRIL
1.4627,1.48,1.4627,1.4788,7023,2021-06-28 18:25:00,GRIL
1.47,1.5,1.46,1.5,183112,2021-06-28 18:30:00,GRIL
1.48,1.5,1.47,1.48,96933,2021-06-28 18:35:00,GRIL
1.4887,1.5,1.4836,1.5,66681,2021-06-28 18:40:00,GRIL
1.49,1.53,1.49,1.52,184949,2021-06-28 18:45:00,GRIL
1.515,1.52,1.5,1.509,90504,2021-06-28 18:50:00,GRIL
1.5,1.51,1.49,1.49,50366,2021-06-28 18:55:00,GRIL
1.49,1.53,1.49,1.5,61636,2021-06-28 19:00:00,GRIL
1.5,1.52,1.5,1.515,7595,2021-06-28 19:05:00,GRIL
1.51,1.52,1.5,1.5099,41959,2021-06-28 19:10:00,GRIL
1.5,1.5117,1.49,1.51,20215,2021-06-28 19:15:00,GRIL
1.52,1.54,1.5,1.5111,69024,2021-06-28 19:20:00,GRIL
1.5199,1.55,1.51,1.535,91264,2021-06-28 19:25:00,GRIL
1.53,1.56,1.53,1.54,78887,2021-06-28 19:30:00,GRIL
1.55,1.58,1.5034,1.55,158754,2021-06-28 19:35:00,GRIL
1.52,1.57,1.51,1.51,139496,2021-06-28 19:40:00,GRIL
1.525,1.55,1.49,1.53,145888,2021-06-28 19:45:00,GRIL
1.505,1.54,1.495,1.51,51524,2021-06-28 19:50:00,GRIL
1.51,1.52,1.5,1.52,27808,2021-06-28 19:55:00,GRIL
1.52,1.52,1.5,1.5,5217,2021-06-28 20:00:00,GRIL
1.5,1.52,1.5,1.5,900,2021-06-28 20:05:00,GRIL
1.5,1.5,1.48,1.48,3291,2021-06-28 20:10:00,GRIL
1.48,1.48,1.47,1.47,1330,2021-06-28 20:15:00,GRIL
1.47,1.47,1.46,1.46,22013,2021-06-28 20:20:00,GRIL
1.4799,1.48,1.4799,1.48,200,2021-06-28 20:25:00,GRIL
1.4706,1.5,1.47,1.5,4700,2021-06-28 20:35:00,GRIL
1.49,1.5,1.49,1.5,2375,2021-06-28 20:40:00,GRIL
1.4996,1.4996,1.4996,1.4996,1000,2021-06-28 20:45:00,GRIL
1.49,1.49,1.49,1.49,354,2021-06-28 20:55:00,GRIL
1.4999,1.4999,1.4999,1.4999,100,2021-06-28 21:05:00,GRIL
1.49,1.49,1.49,1.49,1565,2021-06-28 21:10:00,GRIL
1.49,1.49,1.49,1.49,3163,2021-06-28 21:15:00,GRIL
1.48,1.48,1.48,1.48,524,2021-06-28 21:20:00,GRIL
1.49,1.49,1.48,1.48,7089,2021-06-28 21:40:00,GRIL
1.49,1.49,1.48,1.4899,5850,2021-06-28 21:45:00,GRIL
1.4899,1.4899,1.4899,1.4899,100,2021-06-28 21:50:00,GRIL
1.49,1.49,1.48,1.48,464,2021-06-28 21:55:00,GRIL
1.49,1.49,1.49,1.49,400,2021-06-28 22:00:00,GRIL
1.49,1.49,1.49,1.49,500,2021-06-28 22:10:00,GRIL
1.49,1.49,1.49,1.49,5000,2021-06-28 22:15:00,GRIL
1.49,1.49,1.49,1.49,200,2021-06-28 22:20:00,GRIL
1.49,1.49,1.4801,1.4801,600,2021-06-28 22:25:00,GRIL
1.49,1.49,1.49,1.49,450,2021-06-28 22:35:00,GRIL
1.49,1.49,1.48,1.48,1200,2021-06-28 22:50:00,GRIL
1.49,1.5,1.49,1.5,11828,2021-06-28 22:55:00,GRIL
1.49,1.49,1.49,1.49,350,2021-06-28 23:05:00,GRIL
1.49,1.49,1.4801,1.4801,6000,2021-06-28 23:20:00,GRIL
1.5,1.51,1.5,1.51,1459,2021-06-28 23:25:00,GRIL
1.5199,1.5199,1.5199,1.5199,5850,2021-06-28 23:30:00,GRIL
1.51,1.51,1.51,1.51,385,2021-06-28 23:40:00,GRIL
1.49,1.49,1.49,1.49,1000,2021-06-28 23:45:00,GRIL
1.48,1.48,1.48,1.48,1890,2021-06-28 23:50:00,GRIL
1.48,1.48,1.48,1.48,668,2021-06-28 23:55:00,GRIL
1.53,1.53,1.53,1.53,196,2021-06-29 08:45:00,GRIL
1.52,1.52,1.52,1.52,100,2021-06-29 09:55:00,GRIL
1.52,1.52,1.52,1.52,100,2021-06-29 10:00:00,GRIL
1.52,1.52,1.51,1.51,1128,2021-06-29 10:35:00,GRIL
1.5,1.5,1.5,1.5,4449,2021-06-29 11:45:00,GRIL
1.4901,1.4901,1.4901,1.4901,1500,2021-06-29 12:15:00,GRIL
1.5,1.5,1.49,1.49,420,2021-06-29 12:25:00,GRIL
1.4901,1.4901,1.4901,1.4901,250,2021-06-29 12:30:00,GRIL
1.49,1.49,1.49,1.49,800,2021-06-29 12:35:00,GRIL
1.52,1.52,1.5199,1.52,5595,2021-06-29 12:40:00,GRIL
1.5,1.5,1.4999,1.4999,800,2021-06-29 12:50:00,GRIL
1.49,1.5,1.49,1.49,3689,2021-06-29 12:55:00,GRIL
1.4999,1.4999,1.4999,1.4999,500,2021-06-29 13:00:00,GRIL
1.5,1.5,1.5,1.5,2000,2021-06-29 13:05:00,GRIL
1.49,1.49,1.49,1.49,1750,2021-06-29 13:10:00,GRIL
1.5,1.5,1.5,1.5,871,2021-06-29 13:15:00,GRIL
1.49,1.49,1.49,1.49,2000,2021-06-29 13:20:00,GRIL
1.49,1.49,1.49,1.49,581,2021-06-29 13:25:00,GRIL
1.49,1.5,1.48,1.49,21117,2021-06-29 13:30:00,GRIL
1.485,1.485,1.45,1.476,16195,2021-06-29 13:35:00,GRIL
1.47,1.49,1.47,1.48,14006,2021-06-29 13:40:00,GRIL
1.47,1.47,1.45,1.46,18083,2021-06-29 13:45:00,GRIL
1.4687,1.5,1.461,1.475,21720,2021-06-29 13:50:00,GRIL
1.47,1.498,1.47,1.498,6100,2021-06-29 13:55:00,GRIL
1.48,1.52,1.47,1.52,42784,2021-06-29 14:00:00,GRIL
1.52,1.52,1.485,1.49,31042,2021-06-29 14:05:00,GRIL
1.49,1.5,1.47,1.47,29434,2021-06-29 14:10:00,GRIL
1.4701,1.49,1.47,1.48,19083,2021-06-29 14:15:00,GRIL
1.47,1.4864,1.47,1.4864,2800,2021-06-29 14:20:00,GRIL
1.47,1.51,1.47,1.491,21254,2021-06-29 14:25:00,GRIL
1.4901,1.5,1.49,1.4999,8836,2021-06-29 14:30:00,GRIL
1.495,1.4973,1.4906,1.495,6100,2021-06-29 14:35:00,GRIL
1.4914,1.4914,1.49,1.49,3850,2021-06-29 14:40:00,GRIL
1.4916,1.51,1.4916,1.5007,13501,2021-06-29 14:45:00,GRIL
1.5001,1.51,1.5,1.5,21259,2021-06-29 14:50:00,GRIL
1.502,1.5299,1.5016,1.525,30786,2021-06-29 14:55:00,GRIL
1.5299,1.56,1.5291,1.56,41290,2021-06-29 15:00:00,GRIL
1.56,1.56,1.54,1.5444,11490,2021-06-29 15:05:00,GRIL
1.5478,1.55,1.54,1.55,42747,2021-06-29 15:10:00,GRIL
1.548,1.56,1.5401,1.5599,10411,2021-06-29 15:15:00,GRIL
1.558,1.57,1.55,1.5615,21051,2021-06-29 15:20:00,GRIL
1.562,1.58,1.5599,1.57,29738,2021-06-29 15:25:00,GRIL
1.565,1.57,1.54,1.56,47647,2021-06-29 15:30:00,GRIL
1.5401,1.5401,1.53,1.53,22192,2021-06-29 15:35:00,GRIL
1.5311,1.532,1.53,1.5313,5432,2021-06-29 15:40:00,GRIL
1.53,1.56,1.53,1.55,38757,2021-06-29 15:45:00,GRIL
1.55,1.56,1.54,1.54,9642,2021-06-29 15:50:00,GRIL
1.5401,1.5599,1.54,1.5599,5000,2021-06-29 15:55:00,GRIL
1.56,1.57,1.5501,1.5691,19023,2021-06-29 16:00:00,GRIL
1.5601,1.57,1.5478,1.5652,15807,2021-06-29 16:05:00,GRIL
1.5599,1.5599,1.54,1.552,2735,2021-06-29 16:10:00,GRIL
1.5575,1.56,1.55,1.55,2093,2021-06-29 16:15:00,GRIL
1.55,1.57,1.55,1.56,24290,2021-06-29 16:20:00,GRIL
1.54,1.5675,1.54,1.5675,7300,2021-06-29 16:25:00,GRIL
1.5698,1.57,1.5423,1.5423,10028,2021-06-29 16:30:00,GRIL
1.57,1.57,1.555,1.555,1600,2021-06-29 16:35:00,GRIL
1.55,1.56,1.55,1.56,2118,2021-06-29 16:40:00,GRIL
1.5609,1.5609,1.5401,1.555,13268,2021-06-29 16:45:00,GRIL
1.555,1.555,1.5527,1.5527,200,2021-06-29 16:50:00,GRIL
1.555,1.555,1.5501,1.5501,1100,2021-06-29 16:55:00,GRIL
1.5566,1.5566,1.5566,1.5566,500,2021-06-29 17:00:00,GRIL
1.5599,1.5599,1.555,1.5591,5750,2021-06-29 17:05:00,GRIL
1.553,1.56,1.553,1.56,4560,2021-06-29 17:10:00,GRIL
1.56,1.5627,1.56,1.5627,700,2021-06-29 17:15:00,GRIL
1.57,1.57,1.54,1.545,18220,2021-06-29 17:20:00,GRIL
1.55,1.5661,1.55,1.56,12342,2021-06-29 17:25:00,GRIL
1.57,1.57,1.551,1.551,17762,2021-06-29 17:30:00,GRIL
1.5678,1.58,1.56,1.56,21252,2021-06-29 17:35:00,GRIL
1.5737,1.5737,1.54,1.54,21755,2021-06-29 17:40:00,GRIL
1.56,1.56,1.5401,1.5521,6450,2021-06-29 17:45:00,GRIL
1.56,1.56,1.53,1.545,25990,2021-06-29 17:50:00,GRIL
1.5485,1.55,1.52,1.52,35121,2021-06-29 17:55:00,GRIL
1.54,1.54,1.54,1.54,3640,2021-06-29 18:00:00,GRIL
1.53,1.53,1.5227,1.5227,1200,2021-06-29 18:05:00,GRIL
1.5327,1.5327,1.5273,1.5273,2500,2021-06-29 18:10:00,GRIL
1.525,1.53,1.5,1.5,19335,2021-06-29 18:15:00,GRIL
1.51,1.5108,1.505,1.51,8571,2021-06-29 18:20:00,GRIL
1.51,1.518,1.5,1.5,4500,2021-06-29 18:25:00,GRIL
1.5,1.505,1.48,1.4916,14912,2021-06-29 18:30:00,GRIL
1.47,1.49,1.47,1.49,7627,2021-06-29 18:35:00,GRIL
1.49,1.49,1.46,1.46,10000,2021-06-29 18:40:00,GRIL
1.47,1.4899,1.46,1.4601,14575,2021-06-29 18:45:00,GRIL
1.4696,1.49,1.45,1.45,39054,2021-06-29 18:50:00,GRIL
1.4799,1.5,1.46,1.48,47650,2021-06-29 18:55:00,GRIL
1.4885,1.4885,1.4885,1.4885,1000,2021-06-29 19:00:00,GRIL
1.4815,1.4815,1.4815,1.4815,200,2021-06-29 19:05:00,GRIL
1.49,1.495,1.4899,1.495,3100,2021-06-29 19:10:00,GRIL
1.4973,1.4973,1.4973,1.4973,200,2021-06-29 19:15:00,GRIL
1.481,1.49,1.48,1.48,1100,2021-06-29 19:20:00,GRIL
1.4972,1.5,1.4863,1.4863,5290,2021-06-29 19:25:00,GRIL
1.49,1.49,1.4687,1.4687,17487,2021-06-29 19:30:00,GRIL
1.46,1.475,1.46,1.475,2684,2021-06-29 19:35:00,GRIL
1.47,1.47,1.47,1.47,900,2021-06-29 19:40:00,GRIL
1.47,1.49,1.47,1.48,10146,2021-06-29 19:45:00,GRIL
1.49,1.5,1.48,1.48,17269,2021-06-29 19:50:00,GRIL
1.48,1.5,1.48,1.5,14777,2021-06-29 19:55:00,GRIL
1.53,1.53,1.53,1.53,3430,2021-06-29 20:00:00,GRIL
1.5,1.5,1.5,1.5,250,2021-06-29 20:15:00,GRIL
1.5,1.5,1.5,1.5,100,2021-06-29 20:40:00,GRIL
1.5,1.5,1.5,1.5,535,2021-06-29 20:55:00,GRIL
1.53,1.53,1.53,1.53,200,2021-06-29 21:10:00,GRIL
1.51,1.51,1.51,1.51,499,2021-06-29 21:15:00,GRIL
1.5,1.5,1.5,1.5,339,2021-06-29 21:30:00,GRIL
1.5,1.5,1.5,1.5,2995,2021-06-29 21:45:00,GRIL
1.5,1.5,1.5,1.5,660,2021-06-29 22:40:00,GRIL
1.5,1.5,1.5,1.5,300,2021-06-29 22:45:00,GRIL
1.51,1.51,1.51,1.51,250,2021-06-29 23:15:00,GRIL
1.5,1.5,1.5,1.5,3096,2021-06-29 23:30:00,GRIL
1.5,1.5,1.5,1.5,147,2021-06-30 08:55:00,GRIL
1.56,1.57,1.56,1.57,617,2021-06-30 09:15:00,GRIL
1.57,1.57,1.56,1.56,949,2021-06-30 09:55:00,GRIL
1.5,1.5,1.5,1.5,550,2021-06-30 11:00:00,GRIL
1.5,1.5,1.5,1.5,2150,2021-06-30 11:35:00,GRIL
1.51,1.51,1.51,1.51,200,2021-06-30 12:10:00,GRIL
1.51,1.51,1.51,1.51,400,2021-06-30 12:15:00,GRIL
1.5,1.52,1.5,1.52,1100,2021-06-30 12:40:00,GRIL
1.52,1.52,1.52,1.52,566,2021-06-30 13:05:00,GRIL
1.52,1.52,1.52,1.52,100,2021-06-30 13:20:00,GRIL
1.53,1.53,1.53,1.53,2100,2021-06-30 13:25:00,GRIL
1.55,1.55,1.5,1.5,21505,2021-06-30 13:30:00,GRIL
1.5,1.5,1.47,1.5,15260,2021-06-30 13:35:00,GRIL
1.5039,1.51,1.495,1.495,11895,2021-06-30 13:40:00,GRIL
1.49,1.49,1.47,1.47,19439,2021-06-30 13:45:00,GRIL
1.47,1.475,1.47,1.475,3648,2021-06-30 13:50:00,GRIL
1.4743,1.49,1.4737,1.4869,13467,2021-06-30 13:55:00,GRIL
1.48,1.4878,1.48,1.4853,10550,2021-06-30 14:00:00,GRIL
1.4889,1.49,1.4809,1.4809,6140,2021-06-30 14:05:00,GRIL
1.485,1.485,1.46,1.46,12036,2021-06-30 14:10:00,GRIL
1.4601,1.465,1.46,1.46,7970,2021-06-30 14:15:00,GRIL
1.455,1.4599,1.42,1.4387,16530,2021-06-30 14:20:00,GRIL
1.4364,1.45,1.43,1.43,12375,2021-06-30 14:25:00,GRIL
1.435,1.44,1.435,1.44,203,2021-06-30 14:30:00,GRIL
1.4406,1.45,1.44,1.44,8318,2021-06-30 14:35:00,GRIL
1.4405,1.4405,1.43,1.43,3342,2021-06-30 14:40:00,GRIL
1.43,1.44,1.43,1.44,3200,2021-06-30 14:45:00,GRIL
1.4501,1.48,1.45,1.45,12596,2021-06-30 14:50:00,GRIL
1.43,1.45,1.42,1.4492,8384,2021-06-30 14:55:00,GRIL
1.44,1.445,1.44,1.445,1703,2021-06-30 15:00:00,GRIL
1.44,1.46,1.435,1.46,42736,2021-06-30 15:05:00,GRIL
1.4455,1.4599,1.4455,1.4455,4400,2021-06-30 15:10:00,GRIL
1.4583,1.4599,1.4434,1.45,1686,2021-06-30 15:15:00,GRIL
1.4599,1.4599,1.4302,1.44,8700,2021-06-30 15:20:00,GRIL
1.435,1.45,1.435,1.45,1697,2021-06-30 15:25:00,GRIL
1.45,1.45,1.43,1.4318,3952,2021-06-30 15:30:00,GRIL
1.4499,1.4499,1.43,1.44,35098,2021-06-30 15:35:00,GRIL
1.44,1.44,1.43,1.43,1100,2021-06-30 15:40:00,GRIL
1.435,1.44,1.43,1.44,641,2021-06-30 15:45:00,GRIL
1.435,1.435,1.4314,1.4314,1100,2021-06-30 15:50:00,GRIL
1.435,1.44,1.435,1.44,1080,2021-06-30 15:55:00,GRIL
1.44,1.44,1.44,1.44,500,2021-06-30 16:00:00,GRIL
1.4473,1.4477,1.42,1.43,16451,2021-06-30 16:05:00,GRIL
1.4286,1.43,1.4286,1.43,1200,2021-06-30 16:10:00,GRIL
1.4299,1.4299,1.4201,1.4201,7300,2021-06-30 16:15:00,GRIL
1.4299,1.4388,1.4299,1.43,1500,2021-06-30 16:20:00,GRIL
1.42,1.4201,1.4114,1.42,2100,2021-06-30 16:25:00,GRIL
1.42,1.42,1.38,1.39,54545,2021-06-30 16:30:00,GRIL
1.3899,1.39,1.3766,1.39,30061,2021-06-30 16:35:00,GRIL
1.38,1.4,1.3501,1.39,54461,2021-06-30 16:40:00,GRIL
1.3601,1.4,1.36,1.4,32258,2021-06-30 16:45:00,GRIL
1.38,1.4,1.36,1.3799,38531,2021-06-30 16:50:00,GRIL
1.3799,1.3858,1.3799,1.38,3961,2021-06-30 16:55:00,GRIL
1.3893,1.39,1.38,1.3801,3681,2021-06-30 17:00:00,GRIL
1.39,1.39,1.39,1.39,3100,2021-06-30 17:05:00,GRIL
1.39,1.4,1.3816,1.397,7311,2021-06-30 17:10:00,GRIL
1.4,1.4,1.38,1.39,2786,2021-06-30 17:15:00,GRIL
1.3895,1.3895,1.3895,1.3895,1000,2021-06-30 17:20:00,GRIL
1.3801,1.39,1.3801,1.3811,1485,2021-06-30 17:25:00,GRIL
1.3894,1.3894,1.3894,1.3894,320,2021-06-30 17:30:00,GRIL
1.385,1.3894,1.3801,1.3804,3162,2021-06-30 17:35:00,GRIL
1.3874,1.3874,1.38,1.38,255,2021-06-30 17:40:00,GRIL
1.3892,1.3899,1.37,1.379,22746,2021-06-30 17:45:00,GRIL
1.3715,1.39,1.3715,1.39,8508,2021-06-30 17:50:00,GRIL
1.385,1.3893,1.3801,1.3893,6744,2021-06-30 17:55:00,GRIL
1.385,1.385,1.38,1.3801,5629,2021-06-30 18:00:00,GRIL
1.3801,1.3801,1.36,1.37,8787,2021-06-30 18:05:00,GRIL
1.3773,1.3773,1.3735,1.3735,1800,2021-06-30 18:10:00,GRIL
1.379,1.3888,1.3707,1.3888,10380,2021-06-30 18:15:00,GRIL
1.3884,1.3884,1.3884,1.3884,300,2021-06-30 18:20:00,GRIL
1.385,1.385,1.3801,1.385,700,2021-06-30 18:25:00,GRIL
1.3801,1.3801,1.38,1.38,4050,2021-06-30 18:30:00,GRIL
1.38,1.38,1.36,1.37,21062,2021-06-30 18:35:00,GRIL
1.3601,1.37,1.3584,1.3584,7295,2021-06-30 18:40:00,GRIL
1.355,1.377,1.355,1.37,9160,2021-06-30 18:45:00,GRIL
1.37,1.38,1.35,1.36,58522,2021-06-30 18:50:00,GRIL
1.3779,1.3799,1.375,1.379,5450,2021-06-30 18:55:00,GRIL
1.37,1.38,1.36,1.38,14748,2021-06-30 19:00:00,GRIL
1.3799,1.38,1.3795,1.3799,1527,2021-06-30 19:05:00,GRIL
1.3799,1.3799,1.3773,1.3773,900,2021-06-30 19:10:00,GRIL
1.3784,1.3784,1.36,1.3601,11105,2021-06-30 19:15:00,GRIL
1.37,1.3778,1.37,1.375,481,2021-06-30 19:20:00,GRIL
1.375,1.38,1.37,1.37,6839,2021-06-30 19:25:00,GRIL
1.375,1.3786,1.375,1.3786,325,2021-06-30 19:30:00,GRIL
1.3771,1.38,1.3701,1.38,10470,2021-06-30 19:35:00,GRIL
1.37,1.38,1.37,1.37,1840,2021-06-30 19:40:00,GRIL
1.375,1.3785,1.37,1.3785,460,2021-06-30 19:45:00,GRIL
1.3788,1.38,1.3749,1.3799,2600,2021-06-30 19:50:00,GRIL
1.3788,1.38,1.37,1.37,22986,2021-06-30 19:55:00,GRIL
1.4,1.4,1.4,1.4,5908,2021-06-30 20:00:00,GRIL
1.37,1.37,1.37,1.37,1500,2021-06-30 20:05:00,GRIL
1.4,1.4,1.4,1.4,500,2021-06-30 20:15:00,GRIL
1.4,1.4,1.4,1.4,436,2021-06-30 20:25:00,GRIL
1.38,1.38,1.38,1.38,2100,2021-06-30 21:00:00,GRIL
1.39,1.39,1.39,1.39,1100,2021-06-30 21:15:00,GRIL
1.39,1.39,1.39,1.39,680,2021-06-30 21:20:00,GRIL
1.39,1.39,1.39,1.39,356,2021-06-30 21:30:00,GRIL
1.39,1.39,1.39,1.39,500,2021-06-30 21:45:00,GRIL
1.39,1.39,1.39,1.39,964,2021-06-30 21:50:00,GRIL
1.39,1.39,1.39,1.39,1000,2021-06-30 21:55:00,GRIL
1.4,1.4,1.4,1.4,1200,2021-06-30 22:30:00,GRIL
1.41,1.41,1.41,1.41,600,2021-06-30 22:45:00,GRIL
1.4,1.4001,1.4,1.4001,1100,2021-06-30 23:40:00,GRIL
