open,high,low,close,volume,datetime,symbol
32.5,32.75,31.995,32.01,6184371,2021-06-09 16:30:00,MQ
32.0,32.08,30.99,31.29,2385906,2021-06-09 16:35:00,MQ
31.29,31.98,31.12,31.85,1283353,2021-06-09 16:40:00,MQ
31.85,31.87,31.02,31.16,842515,2021-06-09 16:45:00,MQ
31.2,31.68,31.1101,31.32,643509,2021-06-09 16:50:00,MQ
31.375,31.81,31.345,31.725,696747,2021-06-09 16:55:00,MQ
31.72,31.99,31.6,31.895,475010,2021-06-09 17:00:00,MQ
31.895,31.93,31.6,31.69,353382,2021-06-09 17:05:00,MQ
31.68,31.8,31.65,31.73,324596,2021-06-09 17:10:00,MQ
31.73,31.8,31.15,31.22,351148,2021-06-09 17:15:00,MQ
31.24,31.66,31.22,31.33,174668,2021-06-09 17:20:00,MQ
31.355,31.68,31.3,31.675,278794,2021-06-09 17:25:00,MQ
31.675,31.805,31.37,31.395,334419,2021-06-09 17:30:00,MQ
31.37,31.4599,31.0,31.13,578120,2021-06-09 17:35:00,MQ
31.1,31.24,30.5,30.8,565886,2021-06-09 17:40:00,MQ
30.78,30.889,30.52,30.52,329434,2021-06-09 17:45:00,MQ
30.55,30.82,30.5,30.675,210896,2021-06-09 17:50:00,MQ
30.675,30.73,30.52,30.6,303040,2021-06-09 17:55:00,MQ
30.61,30.69,30.31,30.455,391308,2021-06-09 18:00:00,MQ
30.455,30.46,30.0,30.01,448858,2021-06-09 18:05:00,MQ
30.02,30.16,29.5,30.16,427745,2021-06-09 18:10:00,MQ
30.115,30.28,29.91,30.145,484734,2021-06-09 18:15:00,MQ
30.145,30.15,29.61,29.69,426783,2021-06-09 18:20:00,MQ
29.65,29.8,29.3,29.44,581339,2021-06-09 18:25:00,MQ
29.41,29.42,28.97,29.08,687867,2021-06-09 18:30:00,MQ
29.08,29.12,28.95,29.02,576015,2021-06-09 18:35:00,MQ
29.01,29.75,28.62,29.6,442773,2021-06-09 18:40:00,MQ
29.6,29.83,29.0,29.01,368619,2021-06-09 18:45:00,MQ
29.0,29.31,29.0,29.005,305450,2021-06-09 18:50:00,MQ
29.0,29.29,28.75,29.08,524036,2021-06-09 18:55:00,MQ
29.075,29.7,29.04,29.215,412597,2021-06-09 19:00:00,MQ
29.215,29.38,28.89,29.28,435765,2021-06-09 19:05:00,MQ
29.29,29.55,29.05,29.18,354895,2021-06-09 19:10:00,MQ
29.2,29.53,29.04,29.235,232833,2021-06-09 19:15:00,MQ
29.235,29.74,29.2,29.495,394990,2021-06-09 19:20:00,MQ
29.51,29.7,29.35,29.412,285696,2021-06-09 19:25:00,MQ
29.37,29.99,29.37,29.94,301870,2021-06-09 19:30:00,MQ
29.91,30.02,29.83,29.95,315966,2021-06-09 19:35:00,MQ
29.95,30.3,29.94,30.05,431056,2021-06-09 19:40:00,MQ
30.01,30.31,29.92,30.31,820091,2021-06-09 19:45:00,MQ
30.31,30.44,30.11,30.33,667907,2021-06-09 19:50:00,MQ
30.33,31.22,30.28,30.52,1050520,2021-06-09 19:55:00,MQ
30.52,30.79,30.33,30.5,261935,2021-06-09 20:00:00,MQ
30.51,30.56,30.5,30.52,1200,2021-06-09 20:05:00,MQ
30.39,30.47,30.37,30.47,1300,2021-06-09 20:10:00,MQ
30.38,30.38,30.17,30.32,2950,2021-06-09 20:15:00,MQ
30.34,30.34,30.34,30.34,100,2021-06-09 20:20:00,MQ
30.36,30.47,30.35,30.358,1492,2021-06-09 20:25:00,MQ
30.47,30.47,30.47,30.47,500,2021-06-09 20:30:00,MQ
30.47,30.58,30.35,30.5,115851,2021-06-09 20:35:00,MQ
30.42,30.52,30.36,30.52,115563,2021-06-09 20:40:00,MQ
30.5,30.5,30.37,30.4,1600,2021-06-09 20:55:00,MQ
30.4,30.495,30.4,30.42,700,2021-06-09 21:00:00,MQ
30.42,30.5,30.42,30.5,928,2021-06-09 21:05:00,MQ
30.42,30.42,30.42,30.42,900,2021-06-09 21:10:00,MQ
30.48,30.48,30.42,30.47,850,2021-06-09 21:15:00,MQ
30.48,30.48,30.47,30.47,500,2021-06-09 21:25:00,MQ
30.47,30.6,30.47,30.6,6503,2021-06-09 21:30:00,MQ
30.5,30.69,30.5,30.69,911,2021-06-09 21:35:00,MQ
30.69,30.69,30.6,30.6,500,2021-06-09 21:40:00,MQ
30.69,30.7,30.69,30.7,1232,2021-06-09 21:45:00,MQ
30.77,30.77,30.77,30.77,500,2021-06-09 21:50:00,MQ
30.69,30.69,30.69,30.69,300,2021-06-09 21:55:00,MQ
30.88,30.89,30.88,30.89,350,2021-06-09 22:10:00,MQ
30.72,30.72,30.72,30.72,227,2021-06-09 22:15:00,MQ
30.89,30.94,30.89,30.9,2150,2021-06-09 22:25:00,MQ
30.75,30.85,30.72,30.72,1000,2021-06-09 22:35:00,MQ
30.95,30.95,30.95,30.95,110,2021-06-09 22:40:00,MQ
30.9999,30.9999,30.9999,30.9999,132,2021-06-09 22:45:00,MQ
30.95,30.95,30.69,30.69,750,2021-06-09 22:55:00,MQ
30.75,30.75,30.69,30.69,394,2021-06-09 23:05:00,MQ
30.75,31.0,30.7,30.7,2202,2021-06-09 23:10:00,MQ
30.99,30.99,30.99,30.99,100,2021-06-09 23:15:00,MQ
30.89,30.9,30.89,30.9,370,2021-06-09 23:25:00,MQ
30.9,31.0,30.9,31.0,4438,2021-06-09 23:35:00,MQ
31.0,31.0,31.0,31.0,1508,2021-06-09 23:40:00,MQ
31.0,31.0,31.0,31.0,2372,2021-06-09 23:45:00,MQ
31.0,31.0,30.81,31.0,661,2021-06-09 23:50:00,MQ
31.0,31.06,31.0,31.06,490,2021-06-09 23:55:00,MQ
31.02,31.02,31.02,31.02,100,2021-06-10 08:10:00,MQ
31.02,31.02,31.02,31.02,600,2021-06-10 08:15:00,MQ
31.02,31.02,31.02,31.02,100,2021-06-10 08:25:00,MQ
31.0,31.0,31.0,31.0,350,2021-06-10 08:50:00,MQ
31.0,31.0,31.0,31.0,100,2021-06-10 08:55:00,MQ
30.85,30.85,30.85,30.85,100,2021-06-10 09:30:00,MQ
30.77,30.85,30.77,30.85,694,2021-06-10 11:10:00,MQ
30.99,31.0,30.99,31.0,675,2021-06-10 11:15:00,MQ
31.0,31.03,31.0,31.03,1175,2021-06-10 11:20:00,MQ
30.76,30.89,30.75,30.89,1142,2021-06-10 11:25:00,MQ
30.75,30.75,30.58,30.58,852,2021-06-10 11:30:00,MQ
30.58,30.58,30.58,30.58,100,2021-06-10 11:35:00,MQ
30.74,30.89,30.74,30.87,1163,2021-06-10 11:40:00,MQ
30.65,30.65,30.65,30.65,100,2021-06-10 11:45:00,MQ
30.65,30.65,30.58,30.58,626,2021-06-10 11:50:00,MQ
30.7,30.82,30.7,30.7,700,2021-06-10 11:55:00,MQ
30.75,30.88,30.7,30.7,629,2021-06-10 12:00:00,MQ
30.7,30.7001,30.7,30.7001,1230,2021-06-10 12:05:00,MQ
30.7,30.7,30.7,30.7,200,2021-06-10 12:10:00,MQ
30.8,30.8,30.8,30.8,400,2021-06-10 12:25:00,MQ
30.79,30.8,30.55,30.56,1893,2021-06-10 12:30:00,MQ
30.55,30.55,30.46,30.46,1571,2021-06-10 12:35:00,MQ
30.53,30.55,30.53,30.55,928,2021-06-10 12:40:00,MQ
30.7999,30.7999,30.61,30.61,244,2021-06-10 12:50:00,MQ
30.8,30.8,30.5,30.5,1951,2021-06-10 13:00:00,MQ
30.5,30.8,30.5,30.75,1195,2021-06-10 13:05:00,MQ
30.51,30.8,30.5,30.8,811,2021-06-10 13:10:00,MQ
30.8,30.99,30.8,30.99,3134,2021-06-10 13:15:00,MQ
30.9837,30.9837,30.8,30.94,1895,2021-06-10 13:20:00,MQ
30.88,31.05,30.88,31.0,8123,2021-06-10 13:25:00,MQ
31.132,31.49,30.51,30.58,396913,2021-06-10 13:30:00,MQ
30.6,31.08,30.55,30.955,125860,2021-06-10 13:35:00,MQ
30.955,31.015,30.75,30.83,50525,2021-06-10 13:40:00,MQ
30.79,31.0,30.79,30.96,67560,2021-06-10 13:45:00,MQ
30.94,30.98,30.8,30.94,40239,2021-06-10 13:50:00,MQ
30.94,31.0,30.9,30.98,98345,2021-06-10 13:55:00,MQ
30.98,31.0,30.92,30.96,41764,2021-06-10 14:00:00,MQ
30.9729,30.9729,30.6,30.75,93376,2021-06-10 14:05:00,MQ
30.75,30.81,30.71,30.71,71063,2021-06-10 14:10:00,MQ
30.72,30.77,30.7,30.75,36775,2021-06-10 14:15:00,MQ
30.74,30.77,30.6,30.6299,42383,2021-06-10 14:20:00,MQ
30.6,30.62,30.03,30.065,210709,2021-06-10 14:25:00,MQ
30.065,30.2679,29.645,29.875,140181,2021-06-10 14:30:00,MQ
29.95,30.0,29.67,29.705,69020,2021-06-10 14:35:00,MQ
29.66,29.97,29.57,29.725,114741,2021-06-10 14:40:00,MQ
29.69,29.78,29.03,29.165,116923,2021-06-10 14:45:00,MQ
29.165,29.19,28.9,29.05,172352,2021-06-10 14:50:00,MQ
29.055,29.47,29.01,29.275,87142,2021-06-10 14:55:00,MQ
29.275,29.58,29.2,29.35,98708,2021-06-10 15:00:00,MQ
29.38,29.65,29.38,29.445,64335,2021-06-10 15:05:00,MQ
29.445,29.445,29.12,29.23,62100,2021-06-10 15:10:00,MQ
29.3,29.33,29.2,29.2786,74279,2021-06-10 15:15:00,MQ
29.3,29.4,29.25,29.35,46092,2021-06-10 15:20:00,MQ
29.38,29.6,29.33,29.435,36998,2021-06-10 15:25:00,MQ
29.46,30.38,29.435,30.38,95839,2021-06-10 15:30:00,MQ
30.29,30.38,29.755,29.8,40863,2021-06-10 15:35:00,MQ
29.835,29.85,29.5,29.58,41599,2021-06-10 15:40:00,MQ
29.57,29.6,29.39,29.44,25598,2021-06-10 15:45:00,MQ
29.45,29.78,29.42,29.77,71042,2021-06-10 15:50:00,MQ
29.74,30.0,29.74,29.89,59275,2021-06-10 15:55:00,MQ
29.85,30.3,29.79,30.05,178163,2021-06-10 16:00:00,MQ
30.05,30.17,30.01,30.15,61261,2021-06-10 16:05:00,MQ
30.15,30.27,30.1,30.2,16050,2021-06-10 16:10:00,MQ
30.16,30.2475,30.06,30.07,32724,2021-06-10 16:15:00,MQ
30.11,30.1208,29.8342,29.8342,49630,2021-06-10 16:20:00,MQ
29.85,30.0,29.8,30.0,86189,2021-06-10 16:25:00,MQ
29.975,30.0,29.9501,30.0,49819,2021-06-10 16:30:00,MQ
30.0,30.38,29.99,30.23,113147,2021-06-10 16:35:00,MQ
30.28,30.3326,30.06,30.06,129294,2021-06-10 16:40:00,MQ
30.06,30.1,29.83,29.885,95578,2021-06-10 16:45:00,MQ
29.885,29.885,29.51,29.675,31210,2021-06-10 16:50:00,MQ
29.675,29.8,29.42,29.65,51792,2021-06-10 16:55:00,MQ
29.695,29.8142,29.58,29.625,67338,2021-06-10 17:00:00,MQ
29.625,30.06,29.53,29.94,156882,2021-06-10 17:05:00,MQ
29.89,30.0,29.89,29.89,35267,2021-06-10 17:10:00,MQ
29.9,29.99,29.85,29.97,34952,2021-06-10 17:15:00,MQ
29.97,30.06,29.95,29.995,100101,2021-06-10 17:20:00,MQ
29.995,30.0,29.94,30.0,44796,2021-06-10 17:25:00,MQ
29.975,30.0,29.95,29.985,14566,2021-06-10 17:30:00,MQ
29.985,30.0,29.97,29.99,16154,2021-06-10 17:35:00,MQ
29.98,30.08,29.95,29.97,61966,2021-06-10 17:40:00,MQ
29.96,30.0,29.8502,29.865,28536,2021-06-10 17:45:00,MQ
29.88,29.98,29.85,29.9425,32143,2021-06-10 17:50:00,MQ
29.94,29.94,29.65,29.66,34320,2021-06-10 17:55:00,MQ
29.64,29.92,29.64,29.85,26857,2021-06-10 18:00:00,MQ
29.845,30.02,29.83,29.995,109496,2021-06-10 18:05:00,MQ
30.0,30.48,29.98,30.45,116300,2021-06-10 18:10:00,MQ
30.42,30.42,30.28,30.3,107244,2021-06-10 18:15:00,MQ
30.3,30.33,30.17,30.25,52898,2021-06-10 18:20:00,MQ
30.25,30.25,30.07,30.07,27886,2021-06-10 18:25:00,MQ
30.07,30.2,29.99,30.15,48333,2021-06-10 18:30:00,MQ
30.15,30.19,30.0706,30.11,29502,2021-06-10 18:35:00,MQ
30.1,30.13,30.07,30.09,19150,2021-06-10 18:40:00,MQ
30.1,30.4,30.1,30.27,45125,2021-06-10 18:45:00,MQ
30.265,30.35,30.19,30.2,18994,2021-06-10 18:50:00,MQ
30.215,30.28,30.14,30.22,53471,2021-06-10 18:55:00,MQ
30.28,30.43,30.2,30.335,53043,2021-06-10 19:00:00,MQ
30.33,30.46,30.25,30.4,46456,2021-06-10 19:05:00,MQ
30.37,30.45,30.345,30.375,35389,2021-06-10 19:10:00,MQ
30.35,30.45,30.32,30.42,29000,2021-06-10 19:15:00,MQ
30.41,30.44,30.36,30.38,24761,2021-06-10 19:20:00,MQ
30.38,30.42,30.36,30.36,25813,2021-06-10 19:25:00,MQ
30.36,30.375,30.02,30.05,39429,2021-06-10 19:30:00,MQ
30.055,30.2,30.0,30.06,37855,2021-06-10 19:35:00,MQ
30.06,30.29,30.03,30.045,68284,2021-06-10 19:40:00,MQ
30.06,30.23,30.03,30.21,94423,2021-06-10 19:45:00,MQ
30.195,30.27,30.14,30.175,86308,2021-06-10 19:50:00,MQ
30.14,30.49,29.63,29.98,306525,2021-06-10 19:55:00,MQ
29.9,29.98,29.9,29.9499,83978,2021-06-10 20:00:00,MQ
29.95,29.99,29.95,29.99,565,2021-06-10 20:05:00,MQ
30.2,30.2,30.2,30.2,154,2021-06-10 20:15:00,MQ
30.0,30.0,29.95,29.95,790,2021-06-10 20:55:00,MQ
29.95,29.95,29.95,29.95,600,2021-06-10 21:05:00,MQ
29.78,29.78,29.76,29.76,1329,2021-06-10 22:55:00,MQ
29.92,29.92,29.92,29.92,793,2021-06-10 23:10:00,MQ
29.9,29.9,29.9,29.9,100,2021-06-11 08:30:00,MQ
29.9,29.9,29.9,29.9,500,2021-06-11 12:00:00,MQ
30.28,30.28,30.28,30.28,100,2021-06-11 12:10:00,MQ
30.2747,30.28,30.2747,30.28,800,2021-06-11 12:15:00,MQ
30.28,30.3,30.28,30.3,909,2021-06-11 12:30:00,MQ
30.22,30.22,30.22,30.22,150,2021-06-11 12:40:00,MQ
30.1,30.1,30.1,30.1,200,2021-06-11 12:45:00,MQ
30.3,30.5,30.3,30.5,1997,2021-06-11 13:05:00,MQ
30.5,30.9,30.5,30.8,6333,2021-06-11 13:25:00,MQ
30.89,30.89,30.2,30.55,116274,2021-06-11 13:30:00,MQ
30.55,30.61,30.3701,30.475,60754,2021-06-11 13:35:00,MQ
30.54,31.05,30.495,31.0185,124302,2021-06-11 13:40:00,MQ
30.995,31.02,30.7,30.84,61255,2021-06-11 13:45:00,MQ
30.84,31.0199,30.76,31.0,60669,2021-06-11 13:50:00,MQ
31.01,31.95,31.0,31.75,168952,2021-06-11 13:55:00,MQ
31.8,31.85,31.41,31.6,72929,2021-06-11 14:00:00,MQ
31.55,31.58,31.2801,31.36,44243,2021-06-11 14:05:00,MQ
31.36,31.5,31.28,31.5,39153,2021-06-11 14:10:00,MQ
31.45,31.65,31.4,31.42,61267,2021-06-11 14:15:00,MQ
31.35,31.49,31.01,31.19,50979,2021-06-11 14:20:00,MQ
31.14,31.15,30.77,31.05,39142,2021-06-11 14:25:00,MQ
31.1,31.18,30.93,30.99,75671,2021-06-11 14:30:00,MQ
31.02,31.05,30.47,30.47,87178,2021-06-11 14:35:00,MQ
30.45,30.9,30.34,30.9,31705,2021-06-11 14:40:00,MQ
30.905,30.95,30.74,30.74,19997,2021-06-11 14:45:00,MQ
30.73,31.26,30.69,31.23,23310,2021-06-11 14:50:00,MQ
31.2,31.33,31.05,31.115,33885,2021-06-11 14:55:00,MQ
31.115,31.58,31.07,31.58,30359,2021-06-11 15:00:00,MQ
31.58,31.58,31.34,31.555,31922,2021-06-11 15:05:00,MQ
31.58,31.74,31.42,31.46,47730,2021-06-11 15:10:00,MQ
31.5,31.62,31.47,31.515,25193,2021-06-11 15:15:00,MQ
31.515,31.59,31.32,31.375,37610,2021-06-11 15:20:00,MQ
31.29,31.45,31.21,31.265,23323,2021-06-11 15:25:00,MQ
31.2501,31.44,31.04,31.38,39531,2021-06-11 15:30:00,MQ
31.38,31.4999,31.25,31.42,19426,2021-06-11 15:35:00,MQ
31.42,31.49,31.32,31.39,25404,2021-06-11 15:40:00,MQ
31.43,31.49,31.35,31.475,14993,2021-06-11 15:45:00,MQ
31.45,31.5,31.25,31.42,23615,2021-06-11 15:50:00,MQ
31.42,31.58,31.37,31.48,30165,2021-06-11 15:55:00,MQ
31.48,31.74,31.39,31.63,28912,2021-06-11 16:00:00,MQ
31.6,31.75,31.51,31.64,29058,2021-06-11 16:05:00,MQ
31.75,31.75,31.45,31.51,31576,2021-06-11 16:10:00,MQ
31.5,31.549,31.42,31.49,21284,2021-06-11 16:15:00,MQ
31.475,31.53,31.45,31.53,30705,2021-06-11 16:20:00,MQ
31.505,31.69,31.45,31.64,18881,2021-06-11 16:25:00,MQ
31.655,31.8,31.61,31.76,33054,2021-06-11 16:30:00,MQ
31.76,31.8,31.54,31.64,32140,2021-06-11 16:35:00,MQ
31.69,31.75,31.6,31.75,15742,2021-06-11 16:40:00,MQ
31.77,31.79,31.76,31.765,13444,2021-06-11 16:45:00,MQ
31.765,31.79,31.71,31.7797,17268,2021-06-11 16:50:00,MQ
31.755,31.8,31.7389,31.76,25420,2021-06-11 16:55:00,MQ
31.77,31.9,31.7506,31.85,30413,2021-06-11 17:00:00,MQ
31.855,31.89,31.75,31.79,29519,2021-06-11 17:05:00,MQ
31.74,31.8,31.4,31.58,45766,2021-06-11 17:10:00,MQ
31.421,31.73,31.421,31.62,13534,2021-06-11 17:15:00,MQ
31.69,31.755,31.53,31.715,21857,2021-06-11 17:20:00,MQ
31.7,31.77,31.69,31.69,18821,2021-06-11 17:25:00,MQ
31.69,31.725,31.5,31.67,20640,2021-06-11 17:30:00,MQ
31.685,31.7345,31.47,31.565,24743,2021-06-11 17:35:00,MQ
31.53,31.67,31.41,31.63,21267,2021-06-11 17:40:00,MQ
31.63,31.68,31.49,31.5,22724,2021-06-11 17:45:00,MQ
31.54,31.58,31.44,31.56,18830,2021-06-11 17:50:00,MQ
31.572,31.59,31.36,31.3725,21594,2021-06-11 17:55:00,MQ
31.4,31.4,31.18,31.18,30105,2021-06-11 18:00:00,MQ
31.18,31.4,31.18,31.36,22012,2021-06-11 18:05:00,MQ
31.36,31.47,31.25,31.3,26876,2021-06-11 18:10:00,MQ
31.305,31.38,31.14,31.26,21863,2021-06-11 18:15:00,MQ
31.25,31.355,31.12,31.2,55661,2021-06-11 18:20:00,MQ
31.235,31.27,31.08,31.125,49445,2021-06-11 18:25:00,MQ
31.147,31.18,31.07,31.07,31016,2021-06-11 18:30:00,MQ
31.08,31.09,30.8,31.0,23073,2021-06-11 18:35:00,MQ
30.965,31.14,30.83,30.88,34340,2021-06-11 18:40:00,MQ
30.92,31.08,30.92,31.0,19598,2021-06-11 18:45:00,MQ
30.99,31.035,30.94,30.95,18609,2021-06-11 18:50:00,MQ
30.94,31.0,30.94,30.9706,17823,2021-06-11 18:55:00,MQ
30.96,31.0,30.94,31.0,22071,2021-06-11 19:00:00,MQ
31.0,31.06,30.95,31.06,28767,2021-06-11 19:05:00,MQ
31.17,31.335,31.05,31.25,31243,2021-06-11 19:10:00,MQ
31.2492,31.29,31.16,31.26,48113,2021-06-11 19:15:00,MQ
31.23,31.26,31.16,31.255,43822,2021-06-11 19:20:00,MQ
31.25,31.5,31.14,31.23,118815,2021-06-11 19:25:00,MQ
31.185,31.27,31.01,31.25,32343,2021-06-11 19:30:00,MQ
31.15,31.28,31.15,31.18,25944,2021-06-11 19:35:00,MQ
31.17,31.35,31.15,31.3,48805,2021-06-11 19:40:00,MQ
31.3,31.68,31.2,31.66,50895,2021-06-11 19:45:00,MQ
31.67,31.98,31.57,31.785,79673,2021-06-11 19:50:00,MQ
31.785,31.81,31.35,31.5,162546,2021-06-11 19:55:00,MQ
31.5,31.5,31.5,31.5,39143,2021-06-11 20:00:00,MQ
31.5,31.5,31.5,31.5,200,2021-06-11 21:25:00,MQ
31.95,31.95,31.95,31.95,100,2021-06-11 21:50:00,MQ
31.95,31.95,31.95,31.95,475,2021-06-11 22:55:00,MQ
31.75,31.75,31.75,31.75,1132,2021-06-11 23:55:00,MQ
32.43,32.43,32.43,32.43,156,2021-06-14 08:20:00,MQ
32.43,32.43,32.43,32.43,100,2021-06-14 08:35:00,MQ
32.43,32.43,32.43,32.43,100,2021-06-14 08:40:00,MQ
32.43,32.43,32.43,32.43,152,2021-06-14 08:55:00,MQ
32.43,32.43,32.43,32.43,114,2021-06-14 09:30:00,MQ
32.4,32.4,32.4,32.4,100,2021-06-14 10:40:00,MQ
32.24,32.24,32.24,32.24,400,2021-06-14 11:05:00,MQ
32.23,32.24,32.23,32.23,800,2021-06-14 11:20:00,MQ
32.23,32.23,32.23,32.23,100,2021-06-14 11:25:00,MQ
32.23,32.23,32.23,32.23,100,2021-06-14 11:35:00,MQ
31.88,31.88,31.87,31.87,700,2021-06-14 12:15:00,MQ
31.89,31.89,31.89,31.89,300,2021-06-14 12:20:00,MQ
32.2,32.2,32.2,32.2,300,2021-06-14 12:25:00,MQ
31.86,31.86,31.49,31.5,781,2021-06-14 12:35:00,MQ
31.98,31.98,31.49,31.5,1274,2021-06-14 12:45:00,MQ
31.5,31.5,31.5,31.5,600,2021-06-14 12:50:00,MQ
31.8251,31.8251,31.8251,31.8251,100,2021-06-14 13:15:00,MQ
31.77,31.9,31.75,31.75,7564,2021-06-14 13:25:00,MQ
31.56,31.98,31.08,31.9,105384,2021-06-14 13:30:00,MQ
31.85,32.25,31.84,32.25,92189,2021-06-14 13:35:00,MQ
32.21,32.45,32.15,32.45,49686,2021-06-14 13:40:00,MQ
32.43,32.49,32.38,32.42,113963,2021-06-14 13:45:00,MQ
32.405,32.405,32.2,32.2,35330,2021-06-14 13:50:00,MQ
32.245,32.37,32.08,32.3609,22865,2021-06-14 13:55:00,MQ
32.36,32.37,31.91,31.92,50726,2021-06-14 14:00:00,MQ
31.92,32.17,31.86,32.105,56308,2021-06-14 14:05:00,MQ
32.1495,32.18,31.9,32.074,45218,2021-06-14 14:10:00,MQ
32.07,32.188,31.985,32.03,19050,2021-06-14 14:15:00,MQ
32.075,32.1389,31.9,31.9,38007,2021-06-14 14:20:00,MQ
31.93,32.07,31.93,32.0,19422,2021-06-14 14:25:00,MQ
32.0,32.19,31.99,32.055,28881,2021-06-14 14:30:00,MQ
32.06,32.09,31.97,32.03,25396,2021-06-14 14:35:00,MQ
32.01,32.09,31.99,32.0,24068,2021-06-14 14:40:00,MQ
32.015,32.0877,31.985,32.05,18918,2021-06-14 14:45:00,MQ
32.03,32.1,31.99,32.05,28083,2021-06-14 14:50:00,MQ
32.05,32.065,31.99,32.0,16160,2021-06-14 14:55:00,MQ
32.005,32.075,32.0,32.03,18935,2021-06-14 15:00:00,MQ
32.02,32.19,32.02,32.049,31867,2021-06-14 15:05:00,MQ
32.02,32.19,32.02,32.035,25193,2021-06-14 15:10:00,MQ
32.05,32.19,32.02,32.06,38427,2021-06-14 15:15:00,MQ
32.05,32.07,32.0,32.04,20323,2021-06-14 15:20:00,MQ
32.04,32.04,31.88,31.92,24012,2021-06-14 15:25:00,MQ
31.921,32.0483,31.92,31.995,22672,2021-06-14 15:30:00,MQ
32.0,32.02,31.92,31.92,17873,2021-06-14 15:35:00,MQ
31.9,32.0,31.9,31.92,18921,2021-06-14 15:40:00,MQ
31.91,32.06,31.9,31.945,23054,2021-06-14 15:45:00,MQ
31.97,32.05,31.97,31.99,20359,2021-06-14 15:50:00,MQ
32.0,32.03,31.97,31.97,19288,2021-06-14 15:55:00,MQ
32.0,32.07,31.96,32.0,21415,2021-06-14 16:00:00,MQ
32.0,32.04,31.91,31.97,25036,2021-06-14 16:05:00,MQ
31.97,32.03,31.945,31.98,20451,2021-06-14 16:10:00,MQ
31.97,31.98,31.8716,31.92,23056,2021-06-14 16:15:00,MQ
31.92,32.06,31.89,32.06,12243,2021-06-14 16:20:00,MQ
32.035,32.035,31.9375,31.99,26006,2021-06-14 16:25:00,MQ
32.0,32.0,31.92,31.97,10295,2021-06-14 16:30:00,MQ
31.98,32.045,31.98,31.98,21105,2021-06-14 16:35:00,MQ
31.99,32.04,31.98,32.0,216273,2021-06-14 16:40:00,MQ
32.0,32.05,31.98,32.0,18523,2021-06-14 16:45:00,MQ
32.0,32.04,31.9999,32.02,9918,2021-06-14 16:50:00,MQ
32.005,32.02,31.98,32.0001,35747,2021-06-14 16:55:00,MQ
32.0,32.03,31.97,32.0,18048,2021-06-14 17:00:00,MQ
32.005,32.02,31.99,31.99,7716,2021-06-14 17:05:00,MQ
32.0,32.03,31.99,32.0,14431,2021-06-14 17:10:00,MQ
32.02,32.07,32.0,32.04,11097,2021-06-14 17:15:00,MQ
32.04,32.06,32.0,32.005,19427,2021-06-14 17:20:00,MQ
32.0,32.04,31.99,32.04,10760,2021-06-14 17:25:00,MQ
32.02,32.04,32.01,32.01,7250,2021-06-14 17:30:00,MQ
32.01,32.03,31.95,32.02,16648,2021-06-14 17:35:00,MQ
32.0,32.03,31.96,32.02,6893,2021-06-14 17:40:00,MQ
32.01,32.05,31.98,32.0,9047,2021-06-14 17:45:00,MQ
32.02,32.06,32.01,32.01,14989,2021-06-14 17:50:00,MQ
32.015,32.09,32.01,32.025,53801,2021-06-14 17:55:00,MQ
32.025,32.1,32.01,32.04,26319,2021-06-14 18:00:00,MQ
32.035,32.06,32.0,32.02,42103,2021-06-14 18:05:00,MQ
32.015,32.015,31.52,31.7017,46101,2021-06-14 18:10:00,MQ
31.68,32.0,31.67,32.0,32293,2021-06-14 18:15:00,MQ
31.995,32.06,31.96,31.98,13481,2021-06-14 18:20:00,MQ
31.99,32.005,31.87,31.97,15817,2021-06-14 18:25:00,MQ
31.97,32.08,31.97,31.98,19870,2021-06-14 18:30:00,MQ
31.955,32.06,31.95,32.05,17017,2021-06-14 18:35:00,MQ
32.026,32.0614,31.95,32.03,20059,2021-06-14 18:40:00,MQ
32.04,32.1,32.0,32.07,16712,2021-06-14 18:45:00,MQ
32.06,32.07,31.9201,31.99,28239,2021-06-14 18:50:00,MQ
32.0,32.01,31.93,31.98,19297,2021-06-14 18:55:00,MQ
31.98,32.01,31.96,32.0,19104,2021-06-14 19:00:00,MQ
32.03,32.06,31.96,31.9799,16651,2021-06-14 19:05:00,MQ
31.97,32.08,31.97,32.025,19136,2021-06-14 19:10:00,MQ
32.005,32.065,31.99,32.0,18156,2021-06-14 19:15:00,MQ
32.0,32.08,32.0,32.02,18362,2021-06-14 19:20:00,MQ
32.0234,32.03,31.9604,32.01,20717,2021-06-14 19:25:00,MQ
32.01,32.2,32.01,32.035,61068,2021-06-14 19:30:00,MQ
32.05,32.1,32.02,32.1,33018,2021-06-14 19:35:00,MQ
32.08,32.16,32.02,32.13,36532,2021-06-14 19:40:00,MQ
32.16,32.18,32.03,32.125,70760,2021-06-14 19:45:00,MQ
32.125,32.16,32.01,32.07,90775,2021-06-14 19:50:00,MQ
32.04,32.07,31.97,31.97,105462,2021-06-14 19:55:00,MQ
32.54,32.54,32.0,32.38,35280,2021-06-14 20:00:00,MQ
32.0,32.01,32.0,32.0,1602,2021-06-14 20:05:00,MQ
32.0,32.0,32.0,32.0,200,2021-06-14 22:55:00,MQ
32.75,32.75,32.75,32.75,444,2021-06-15 09:20:00,MQ
31.99,31.99,31.99,31.99,100,2021-06-15 11:35:00,MQ
31.97,32.0,31.93,32.0,612,2021-06-15 11:55:00,MQ
31.95,31.95,31.95,31.95,1000,2021-06-15 12:15:00,MQ
31.519,31.519,31.519,31.519,710,2021-06-15 12:20:00,MQ
31.9,31.9,31.9,31.9,108,2021-06-15 12:30:00,MQ
31.54,31.54,31.54,31.54,300,2021-06-15 12:45:00,MQ
31.5423,31.5423,31.5423,31.5423,400,2021-06-15 13:00:00,MQ
31.5445,31.5445,31.5445,31.5445,100,2021-06-15 13:05:00,MQ
31.95,32.0,31.95,32.0,1720,2021-06-15 13:10:00,MQ
32.0,32.0,32.0,32.0,200,2021-06-15 13:15:00,MQ
32.0,32.0,32.0,32.0,159,2021-06-15 13:25:00,MQ
32.27,32.31,31.53,31.6,48276,2021-06-15 13:30:00,MQ
31.6001,31.7,31.19,31.31,29029,2021-06-15 13:35:00,MQ
31.335,31.445,31.23,31.3726,7332,2021-06-15 13:40:00,MQ
31.29,31.365,31.25,31.25,10697,2021-06-15 13:45:00,MQ
31.26,31.28,30.8,30.8201,33718,2021-06-15 13:50:00,MQ
30.9297,30.9297,30.5,30.67,58496,2021-06-15 13:55:00,MQ
30.69,31.05,30.67,30.67,26788,2021-06-15 14:00:00,MQ
30.63,30.8,30.5813,30.6201,17053,2021-06-15 14:05:00,MQ
30.8,31.02,30.67,31.02,18569,2021-06-15 14:10:00,MQ
30.96,31.0,30.44,30.49,17192,2021-06-15 14:15:00,MQ
30.49,30.7199,30.3,30.5301,7309,2021-06-15 14:20:00,MQ
30.575,30.97,30.555,30.65,22809,2021-06-15 14:25:00,MQ
30.725,31.28,30.61,31.2,21418,2021-06-15 14:30:00,MQ
31.3,31.645,31.05,31.49,32745,2021-06-15 14:35:00,MQ
31.49,31.565,31.2433,31.35,24829,2021-06-15 14:40:00,MQ
31.27,31.525,31.19,31.48,17512,2021-06-15 14:45:00,MQ
31.48,31.57,31.39,31.41,27424,2021-06-15 14:50:00,MQ
31.4094,31.51,31.34,31.365,11475,2021-06-15 14:55:00,MQ
31.365,31.75,31.365,31.75,22551,2021-06-15 15:00:00,MQ
31.74,31.89,31.56,31.65,21713,2021-06-15 15:05:00,MQ
31.6,31.97,31.6,31.86,22551,2021-06-15 15:10:00,MQ
31.96,32.08,31.86,31.99,28281,2021-06-15 15:15:00,MQ
31.91,32.04,31.89,31.92,9707,2021-06-15 15:20:00,MQ
31.93,32.03,31.92,31.92,14300,2021-06-15 15:25:00,MQ
31.87,31.97,31.83,31.97,23890,2021-06-15 15:30:00,MQ
31.9605,31.97,31.8,31.8006,12558,2021-06-15 15:35:00,MQ
31.78,31.91,31.78,31.83,13239,2021-06-15 15:40:00,MQ
31.81,31.81,31.43,31.5498,7724,2021-06-15 15:45:00,MQ
31.59,31.84,31.59,31.84,4690,2021-06-15 15:50:00,MQ
31.87,31.88,31.69,31.69,5268,2021-06-15 15:55:00,MQ
31.585,31.69,31.54,31.62,2905,2021-06-15 16:00:00,MQ
31.5729,31.65,31.31,31.32,3418,2021-06-15 16:05:00,MQ
31.37,31.61,31.37,31.48,10100,2021-06-15 16:10:00,MQ
31.5,31.55,31.3,31.32,8334,2021-06-15 16:15:00,MQ
31.365,31.365,30.96,31.08,14389,2021-06-15 16:20:00,MQ
31.025,31.025,30.71,30.8016,17792,2021-06-15 16:25:00,MQ
30.8538,30.895,30.6,30.615,5626,2021-06-15 16:30:00,MQ
30.5709,30.79,30.43,30.79,15705,2021-06-15 16:35:00,MQ
30.75,30.75,30.52,30.6834,6480,2021-06-15 16:40:00,MQ
30.7,30.85,30.65,30.7,5445,2021-06-15 16:45:00,MQ
30.7,30.72,30.42,30.5,32385,2021-06-15 16:50:00,MQ
30.52,30.64,30.48,30.63,9777,2021-06-15 16:55:00,MQ
30.62,30.78,30.62,30.78,13876,2021-06-15 17:00:00,MQ
30.78,30.78,30.65,30.73,14531,2021-06-15 17:05:00,MQ
30.73,31.24,30.71,31.13,36179,2021-06-15 17:10:00,MQ
31.12,31.14,30.8146,30.95,38877,2021-06-15 17:15:00,MQ
31.0,31.18,30.945,31.07,59318,2021-06-15 17:20:00,MQ
31.08,31.11,30.79,30.9,10942,2021-06-15 17:25:00,MQ
30.91,30.91,30.62,30.66,10855,2021-06-15 17:30:00,MQ
30.76,30.8,30.6,30.61,6577,2021-06-15 17:35:00,MQ
30.655,30.89,30.6,30.83,5856,2021-06-15 17:40:00,MQ
30.83,31.17,30.83,31.15,20391,2021-06-15 17:45:00,MQ
31.09,31.4,30.97,31.11,30491,2021-06-15 17:50:00,MQ
31.1,31.44,31.1,31.31,19233,2021-06-15 17:55:00,MQ
31.26,31.44,31.26,31.42,13202,2021-06-15 18:00:00,MQ
31.43,31.46,31.31,31.46,21615,2021-06-15 18:05:00,MQ
31.44,31.5,31.38,31.47,18008,2021-06-15 18:10:00,MQ
31.45,31.5,31.19,31.34,34127,2021-06-15 18:15:00,MQ
31.32,31.44,31.13,31.43,12873,2021-06-15 18:20:00,MQ
31.43,31.5,31.22,31.22,24230,2021-06-15 18:25:00,MQ
31.22,31.34,31.17,31.34,16955,2021-06-15 18:30:00,MQ
31.34,31.46,31.1633,31.27,22643,2021-06-15 18:35:00,MQ
31.44,31.44,31.28,31.42,11372,2021-06-15 18:40:00,MQ
31.395,31.42,31.185,31.39,22120,2021-06-15 18:45:00,MQ
31.335,31.67,31.28,31.67,33317,2021-06-15 18:50:00,MQ
31.67,31.83,31.58,31.77,31208,2021-06-15 18:55:00,MQ
31.75,31.95,31.6521,31.845,36178,2021-06-15 19:00:00,MQ
31.88,32.0,31.8,31.97,47727,2021-06-15 19:05:00,MQ
31.98,32.07,31.736,31.965,79510,2021-06-15 19:10:00,MQ
31.965,31.99,31.5692,31.9,23766,2021-06-15 19:15:00,MQ
31.89,31.95,31.656,31.91,29467,2021-06-15 19:20:00,MQ
31.9,32.0,31.69,31.9,28229,2021-06-15 19:25:00,MQ
31.98,32.01,31.78,32.0,43857,2021-06-15 19:30:00,MQ
32.0,32.0,31.775,31.98,38456,2021-06-15 19:35:00,MQ
31.95,31.98,31.71,31.815,29059,2021-06-15 19:40:00,MQ
31.87,31.93,31.72,31.85,39716,2021-06-15 19:45:00,MQ
31.9,32.06,31.77,31.93,200617,2021-06-15 19:50:00,MQ
31.92,32.0,31.83,31.97,234197,2021-06-15 19:55:00,MQ
31.99,31.99,31.99,31.99,3006578,2021-06-15 20:00:00,MQ
31.99,31.99,31.99,31.99,100,2021-06-15 20:15:00,MQ
31.87,31.87,31.87,31.87,260,2021-06-15 20:55:00,MQ
31.87,31.87,31.87,31.87,970,2021-06-15 21:00:00,MQ
31.99,31.99,31.99,31.99,600,2021-06-15 21:05:00,MQ
31.99,31.99,31.99,31.99,3900,2021-06-15 21:10:00,MQ
31.76,32.0,31.76,31.99,1333,2021-06-15 21:20:00,MQ
31.98,31.98,31.98,31.98,200,2021-06-15 22:00:00,MQ
31.98,31.99,31.98,31.99,1500,2021-06-15 22:30:00,MQ
31.8,31.8,31.8,31.8,140,2021-06-16 12:00:00,MQ
31.8,31.8,31.59,31.59,956,2021-06-16 13:15:00,MQ
31.59,31.59,31.59,31.59,340,2021-06-16 13:25:00,MQ
31.57,31.57,31.2,31.355,61642,2021-06-16 13:30:00,MQ
31.36,31.68,31.28,31.55,3046,2021-06-16 13:35:00,MQ
31.5,31.66,31.5,31.52,2570,2021-06-16 13:40:00,MQ
31.545,31.545,31.1,31.14,34813,2021-06-16 13:45:00,MQ
31.1799,31.48,31.06,31.35,12792,2021-06-16 13:50:00,MQ
31.43,31.43,31.0,31.235,18298,2021-06-16 13:55:00,MQ
31.2226,31.3,30.97,31.13,29026,2021-06-16 14:00:00,MQ
31.1,31.3,31.06,31.16,11881,2021-06-16 14:05:00,MQ
31.12,31.26,31.09,31.16,16410,2021-06-16 14:10:00,MQ
31.32,31.32,31.06,31.26,8697,2021-06-16 14:15:00,MQ
31.26,31.41,31.22,31.26,4867,2021-06-16 14:20:00,MQ
31.26,31.31,31.0,31.235,7867,2021-06-16 14:25:00,MQ
31.2,31.28,31.09,31.23,5611,2021-06-16 14:30:00,MQ
31.18,31.3,31.07,31.205,9257,2021-06-16 14:35:00,MQ
31.22,31.23,31.1019,31.18,6676,2021-06-16 14:40:00,MQ
31.18,31.18,31.01,31.15,6821,2021-06-16 14:45:00,MQ
31.145,31.18,31.065,31.18,8222,2021-06-16 14:50:00,MQ
31.11,31.11,30.941,31.01,16521,2021-06-16 14:55:00,MQ
31.06,31.12,31.01,31.115,5859,2021-06-16 15:00:00,MQ
31.115,31.115,31.02,31.03,4068,2021-06-16 15:05:00,MQ
31.03,31.0799,31.0,31.04,7953,2021-06-16 15:10:00,MQ
31.07,31.08,31.03,31.04,2200,2021-06-16 15:15:00,MQ
31.04,31.05,31.01,31.0206,2020,2021-06-16 15:20:00,MQ
31.01,31.08,31.01,31.08,2347,2021-06-16 15:25:00,MQ
31.08,31.2,31.06,31.2,1540,2021-06-16 15:30:00,MQ
31.14,31.15,31.06,31.06,3568,2021-06-16 15:35:00,MQ
31.07,31.11,31.07,31.085,4037,2021-06-16 15:40:00,MQ
31.085,31.085,31.06,31.06,3649,2021-06-16 15:45:00,MQ
31.06,31.0692,31.05,31.065,4592,2021-06-16 15:50:00,MQ
31.065,31.0699,31.06,31.06,2273,2021-06-16 15:55:00,MQ
31.065,31.08,30.9802,31.01,30782,2021-06-16 16:00:00,MQ
30.95,31.11,30.92,31.02,5764,2021-06-16 16:05:00,MQ
31.005,31.005,30.9097,30.99,4888,2021-06-16 16:10:00,MQ
30.97,31.02,30.9605,30.9605,10560,2021-06-16 16:15:00,MQ
30.97,31.0,30.77,30.77,6961,2021-06-16 16:20:00,MQ
30.7501,30.98,30.75,30.85,16330,2021-06-16 16:25:00,MQ
30.85,30.875,30.77,30.77,3097,2021-06-16 16:30:00,MQ
30.7994,30.83,30.75,30.75,4102,2021-06-16 16:35:00,MQ
30.78,30.8314,30.76,30.8314,2650,2021-06-16 16:40:00,MQ
30.8337,30.8337,30.78,30.8,2897,2021-06-16 16:45:00,MQ
30.83,30.927,30.83,30.91,1900,2021-06-16 16:50:00,MQ
30.8,30.82,30.76,30.805,2400,2021-06-16 16:55:00,MQ
30.78,30.87,30.76,30.86,11388,2021-06-16 17:00:00,MQ
30.91,31.0,30.78,30.78,2991,2021-06-16 17:05:00,MQ
30.77,30.816,30.76,30.805,1099,2021-06-16 17:10:00,MQ
30.805,30.84,30.77,30.84,1272,2021-06-16 17:15:00,MQ
30.84,31.015,30.84,30.99,4203,2021-06-16 17:20:00,MQ
30.99,31.0,30.93,30.93,3133,2021-06-16 17:25:00,MQ
30.9199,30.9199,30.85,30.89,2660,2021-06-16 17:30:00,MQ
30.89,30.9094,30.87,30.87,721,2021-06-16 17:35:00,MQ
30.89,31.1,30.89,31.1,2291,2021-06-16 17:40:00,MQ
31.05,31.05,30.85,30.915,4792,2021-06-16 17:45:00,MQ
30.875,30.875,30.85,30.85,7148,2021-06-16 17:50:00,MQ
30.8,30.82,30.7,30.7,11031,2021-06-16 17:55:00,MQ
30.63,30.63,30.37,30.37,45920,2021-06-16 18:00:00,MQ
30.4,30.59,30.35,30.39,14916,2021-06-16 18:05:00,MQ
30.39,30.4894,30.1,30.3775,29144,2021-06-16 18:10:00,MQ
30.35,30.41,30.16,30.16,5479,2021-06-16 18:15:00,MQ
30.1108,30.16,29.62,29.9,128394,2021-06-16 18:20:00,MQ
29.82,30.11,29.72,29.84,98021,2021-06-16 18:25:00,MQ
29.78,30.1,29.73,29.76,98107,2021-06-16 18:30:00,MQ
29.77,29.9,29.52,29.745,41896,2021-06-16 18:35:00,MQ
29.67,29.97,29.63,29.88,58194,2021-06-16 18:40:00,MQ
29.94,29.94,29.78,29.87,40244,2021-06-16 18:45:00,MQ
29.86,30.07,29.78,30.06,56258,2021-06-16 18:50:00,MQ
30.08,30.32,29.87,30.22,26401,2021-06-16 18:55:00,MQ
30.31,30.35,30.15,30.245,26382,2021-06-16 19:00:00,MQ
30.225,30.32,30.1,30.32,38154,2021-06-16 19:05:00,MQ
30.35,30.45,30.3,30.34,21426,2021-06-16 19:10:00,MQ
30.33,30.37,30.23,30.33,23591,2021-06-16 19:15:00,MQ
30.33,30.45,30.21,30.335,21446,2021-06-16 19:20:00,MQ
30.34,30.6,30.3,30.6,12463,2021-06-16 19:25:00,MQ
30.46,30.52,30.345,30.36,15107,2021-06-16 19:30:00,MQ
30.38,30.5199,30.33,30.45,8183,2021-06-16 19:35:00,MQ
30.4422,30.45,30.355,30.4,6549,2021-06-16 19:40:00,MQ
30.4,30.5,30.25,30.25,31177,2021-06-16 19:45:00,MQ
30.2,30.23,29.87,29.92,26305,2021-06-16 19:50:00,MQ
29.91,30.09,29.88,29.97,55695,2021-06-16 19:55:00,MQ
29.97,29.97,29.97,29.97,22237,2021-06-16 20:00:00,MQ
30.0,30.0,30.0,30.0,302,2021-06-16 20:05:00,MQ
30.03,30.03,30.03,30.03,100,2021-06-16 20:25:00,MQ
30.05,30.05,30.05,30.05,259,2021-06-16 20:40:00,MQ
30.45,30.5,30.45,30.5,2991,2021-06-16 21:15:00,MQ
30.5,30.5,30.5,30.5,191,2021-06-16 21:20:00,MQ
30.37,30.37,30.37,30.37,495,2021-06-16 21:30:00,MQ
30.35,30.35,30.35,30.35,900,2021-06-16 22:20:00,MQ
30.27,30.27,30.27,30.27,700,2021-06-17 12:00:00,MQ
30.28,30.28,30.28,30.28,100,2021-06-17 12:30:00,MQ
30.25,30.25,30.25,30.25,1945,2021-06-17 12:40:00,MQ
30.25,30.25,30.25,30.25,100,2021-06-17 12:50:00,MQ
30.25,30.25,30.05,30.05,721,2021-06-17 13:25:00,MQ
30.1422,30.39,29.94,30.29,24252,2021-06-17 13:30:00,MQ
30.22,30.61,30.21,30.5,11207,2021-06-17 13:35:00,MQ
30.3308,30.54,30.065,30.1169,12224,2021-06-17 13:40:00,MQ
30.14,30.29,30.13,30.215,5313,2021-06-17 13:45:00,MQ
30.2,30.43,30.17,30.43,6712,2021-06-17 13:50:00,MQ
30.4,30.79,30.38,30.7,15381,2021-06-17 13:55:00,MQ
30.75,30.85,30.59,30.6,10344,2021-06-17 14:00:00,MQ
30.5127,30.52,30.3259,30.395,5918,2021-06-17 14:05:00,MQ
30.44,30.75,30.44,30.5384,28383,2021-06-17 14:10:00,MQ
30.54,30.74,30.43,30.66,8893,2021-06-17 14:15:00,MQ
30.69,30.72,30.5,30.6,1637,2021-06-17 14:20:00,MQ
30.62,30.75,30.6,30.708,9971,2021-06-17 14:25:00,MQ
30.735,30.78,30.66,30.665,6060,2021-06-17 14:30:00,MQ
30.66,30.66,30.4,30.41,6316,2021-06-17 14:35:00,MQ
30.5,30.5,30.39,30.5,8118,2021-06-17 14:40:00,MQ
30.5,30.5,30.39,30.49,10816,2021-06-17 14:45:00,MQ
30.45,30.4999,30.35,30.4,3687,2021-06-17 14:50:00,MQ
30.39,30.41,30.31,30.41,5139,2021-06-17 14:55:00,MQ
30.41,30.41,30.34,30.41,7028,2021-06-17 15:00:00,MQ
30.38,30.41,30.335,30.41,1988,2021-06-17 15:05:00,MQ
30.41,30.42,30.35,30.41,4814,2021-06-17 15:10:00,MQ
30.41,30.41,30.41,30.41,776,2021-06-17 15:15:00,MQ
30.41,30.45,30.4,30.4,2310,2021-06-17 15:20:00,MQ
30.4,30.5755,30.2,30.5755,10553,2021-06-17 15:25:00,MQ
30.485,30.485,30.3005,30.4,10122,2021-06-17 15:30:00,MQ
30.44,30.59,30.4,30.59,7291,2021-06-17 15:35:00,MQ
30.58,30.735,30.5,30.735,6561,2021-06-17 15:40:00,MQ
30.71,30.75,30.49,30.555,8705,2021-06-17 15:45:00,MQ
30.555,30.568,30.49,30.568,2212,2021-06-17 15:50:00,MQ
30.49,30.565,30.36,30.4,5224,2021-06-17 15:55:00,MQ
30.42,30.445,30.42,30.445,600,2021-06-17 16:00:00,MQ
30.445,30.48,30.4,30.464,2088,2021-06-17 16:05:00,MQ
30.44,30.48,30.44,30.445,1304,2021-06-17 16:10:00,MQ
30.445,30.47,30.435,30.4382,1100,2021-06-17 16:15:00,MQ
30.42,30.51,30.42,30.49,1848,2021-06-17 16:20:00,MQ
30.5181,30.585,30.188,30.188,9584,2021-06-17 16:25:00,MQ
30.2,30.255,30.15,30.25,12896,2021-06-17 16:30:00,MQ
30.25,30.2501,30.0904,30.16,13193,2021-06-17 16:35:00,MQ
30.15,30.23,30.1001,30.1001,500,2021-06-17 16:40:00,MQ
30.2,30.2,30.1,30.16,3920,2021-06-17 16:45:00,MQ
30.1399,30.1399,30.02,30.02,2641,2021-06-17 16:50:00,MQ
30.055,30.09,30.055,30.0899,1350,2021-06-17 16:55:00,MQ
30.03,30.03,29.52,29.62,50257,2021-06-17 17:00:00,MQ
29.7,29.82,29.585,29.7,12927,2021-06-17 17:05:00,MQ
29.73,29.76,29.61,29.65,10810,2021-06-17 17:10:00,MQ
29.56,29.64,29.51,29.64,30571,2021-06-17 17:15:00,MQ
29.6999,29.8686,29.67,29.76,7333,2021-06-17 17:20:00,MQ
29.79,29.885,29.73,29.75,5378,2021-06-17 17:25:00,MQ
29.71,29.85,29.62,29.83,19000,2021-06-17 17:30:00,MQ
29.93,29.93,29.68,29.68,17642,2021-06-17 17:35:00,MQ
29.72,29.8,29.6,29.62,58663,2021-06-17 17:40:00,MQ
29.62,29.9081,29.6,29.68,26637,2021-06-17 17:45:00,MQ
29.68,29.8,29.33,29.4999,106294,2021-06-17 17:50:00,MQ
29.41,29.463,29.09,29.21,75060,2021-06-17 17:55:00,MQ
29.2,29.2,29.06,29.09,62848,2021-06-17 18:00:00,MQ
29.08,29.35,29.02,29.14,39055,2021-06-17 18:05:00,MQ
29.15,29.41,29.12,29.31,22564,2021-06-17 18:10:00,MQ
29.33,29.33,29.15,29.17,7491,2021-06-17 18:15:00,MQ
29.19,29.31,29.17,29.23,20789,2021-06-17 18:20:00,MQ
29.23,29.329,29.12,29.24,38571,2021-06-17 18:25:00,MQ
29.285,29.3,29.12,29.27,30524,2021-06-17 18:30:00,MQ
29.25,29.26,29.19,29.19,12225,2021-06-17 18:35:00,MQ
29.18,29.22,29.14,29.22,7237,2021-06-17 18:40:00,MQ
29.22,29.24,29.11,29.19,4014,2021-06-17 18:45:00,MQ
29.18,29.288,29.112,29.235,20045,2021-06-17 18:50:00,MQ
29.24,29.34,29.1206,29.27,19929,2021-06-17 18:55:00,MQ
29.2,29.2298,29.15,29.22,8657,2021-06-17 19:00:00,MQ
29.22,29.23,29.14,29.15,27179,2021-06-17 19:05:00,MQ
29.19,29.22,29.11,29.19,20778,2021-06-17 19:10:00,MQ
29.19,29.2298,29.18,29.18,8069,2021-06-17 19:15:00,MQ
29.18,29.28,29.1035,29.275,40889,2021-06-17 19:20:00,MQ
29.3,29.54,29.3,29.4,18124,2021-06-17 19:25:00,MQ
29.4,29.48,29.32,29.43,9856,2021-06-17 19:30:00,MQ
29.3445,29.71,29.3445,29.62,40320,2021-06-17 19:35:00,MQ
29.6887,29.69,29.57,29.61,16896,2021-06-17 19:40:00,MQ
29.6,29.7,29.54,29.67,31978,2021-06-17 19:45:00,MQ
29.68,29.75,29.51,29.64,60613,2021-06-17 19:50:00,MQ
29.65,29.77,29.64,29.73,69273,2021-06-17 19:55:00,MQ
29.7,29.7,29.7,29.7,16158,2021-06-17 20:00:00,MQ
29.67,29.67,29.67,29.67,392,2021-06-17 20:05:00,MQ
29.65,29.65,29.65,29.65,498,2021-06-17 20:10:00,MQ
29.7,29.7,29.7,29.7,2000,2021-06-17 20:55:00,MQ
29.7,29.7,29.7,29.7,100,2021-06-17 23:25:00,MQ
29.7,29.7,29.7,29.7,250,2021-06-17 23:45:00,MQ
29.7,29.7,29.7,29.7,100,2021-06-17 23:55:00,MQ
29.7,29.7,29.7,29.7,1450,2021-06-18 11:05:00,MQ
29.8,29.8,29.8,29.8,100,2021-06-18 11:15:00,MQ
29.7,29.7,29.7,29.7,300,2021-06-18 11:20:00,MQ
30.0,30.0,30.0,30.0,200,2021-06-18 12:00:00,MQ
29.65,29.65,29.65,29.65,1000,2021-06-18 12:05:00,MQ
29.78,29.78,29.78,29.78,330,2021-06-18 12:55:00,MQ
29.5,29.7,29.5,29.7,23939,2021-06-18 13:30:00,MQ
29.7365,29.7377,29.59,29.64,1150,2021-06-18 13:35:00,MQ
29.65,29.65,29.48,29.54,4658,2021-06-18 13:40:00,MQ
29.56,29.65,29.5,29.58,15085,2021-06-18 13:45:00,MQ
29.6,29.7,29.5,29.59,11872,2021-06-18 13:50:00,MQ
29.59,29.69,29.5005,29.655,3381,2021-06-18 13:55:00,MQ
29.66,29.66,29.48,29.59,8489,2021-06-18 14:00:00,MQ
29.56,29.66,29.53,29.56,5693,2021-06-18 14:05:00,MQ
29.53,29.6,29.44,29.5,13350,2021-06-18 14:10:00,MQ
29.53,29.59,29.48,29.4996,4726,2021-06-18 14:15:00,MQ
29.43,29.5495,29.4,29.43,5642,2021-06-18 14:20:00,MQ
29.53,29.53,29.37,29.445,6074,2021-06-18 14:25:00,MQ
29.4,29.49,29.4,29.45,1263,2021-06-18 14:30:00,MQ
29.45,29.5,29.42,29.4811,3384,2021-06-18 14:35:00,MQ
29.42,29.6,29.42,29.6,1730,2021-06-18 14:40:00,MQ
29.47,29.59,29.47,29.54,4996,2021-06-18 14:45:00,MQ
29.58,29.6,29.5309,29.5309,3597,2021-06-18 14:50:00,MQ
29.6,29.75,29.6,29.75,2396,2021-06-18 14:55:00,MQ
29.69,29.79,29.69,29.78,7574,2021-06-18 15:00:00,MQ
29.77,29.78,29.75,29.78,2978,2021-06-18 15:05:00,MQ
29.78,29.79,29.71,29.71,6139,2021-06-18 15:10:00,MQ
29.75,29.75,29.75,29.75,269,2021-06-18 15:15:00,MQ
29.73,29.7504,29.7,29.75,1435,2021-06-18 15:20:00,MQ
29.66,29.77,29.66,29.755,1314,2021-06-18 15:25:00,MQ
29.75,29.78,29.73,29.73,2828,2021-06-18 15:30:00,MQ
29.755,29.755,29.73,29.7543,1350,2021-06-18 15:35:00,MQ
29.7555,29.78,29.73,29.75,5328,2021-06-18 15:40:00,MQ
29.78,29.78,29.72,29.78,7708,2021-06-18 15:45:00,MQ
29.78,29.78,29.75,29.7708,11219,2021-06-18 15:50:00,MQ
29.75,29.92,29.75,29.92,13280,2021-06-18 15:55:00,MQ
29.92,30.01,29.9,29.9785,7667,2021-06-18 16:00:00,MQ
29.945,29.945,29.7876,29.7876,310,2021-06-18 16:05:00,MQ
29.935,29.935,29.855,29.855,1100,2021-06-18 16:10:00,MQ
29.93,29.95,29.82,29.835,2947,2021-06-18 16:15:00,MQ
29.82,29.94,29.82,29.9,16914,2021-06-18 16:20:00,MQ
29.9,29.94,29.83,29.83,18346,2021-06-18 16:25:00,MQ
29.83,29.8494,29.75,29.75,16167,2021-06-18 16:30:00,MQ
29.7535,29.81,29.7,29.7,5813,2021-06-18 16:35:00,MQ
29.63,29.6694,29.5482,29.59,10021,2021-06-18 16:40:00,MQ
29.595,29.61,29.53,29.595,14920,2021-06-18 16:45:00,MQ
29.61,29.65,29.57,29.6,21838,2021-06-18 16:50:00,MQ
29.63,29.64,29.57,29.59,14013,2021-06-18 16:55:00,MQ
29.59,30.02,29.585,29.715,46648,2021-06-18 17:00:00,MQ
29.71,29.81,29.68,29.68,16403,2021-06-18 17:05:00,MQ
29.7,29.73,29.61,29.61,12218,2021-06-18 17:10:00,MQ
29.63,29.65,29.63,29.65,1264,2021-06-18 17:15:00,MQ
29.63,29.6507,29.63,29.6507,1898,2021-06-18 17:20:00,MQ
29.65,29.67,29.6499,29.65,1725,2021-06-18 17:25:00,MQ
29.68,29.68,29.64,29.67,857,2021-06-18 17:30:00,MQ
29.63,29.6314,29.61,29.61,2954,2021-06-18 17:35:00,MQ
29.62,29.63,29.61,29.63,1460,2021-06-18 17:40:00,MQ
29.66,29.66,29.61,29.61,300,2021-06-18 17:45:00,MQ
29.69,29.69,29.61,29.61,1557,2021-06-18 17:50:00,MQ
29.6101,29.66,29.61,29.66,14763,2021-06-18 17:55:00,MQ
29.61,29.6699,29.61,29.61,2387,2021-06-18 18:00:00,MQ
29.62,29.66,29.61,29.61,1158,2021-06-18 18:05:00,MQ
29.63,29.65,29.61,29.625,6316,2021-06-18 18:10:00,MQ
29.625,29.64,29.6,29.61,2679,2021-06-18 18:15:00,MQ
29.63,29.64,29.61,29.64,1476,2021-06-18 18:20:00,MQ
29.61,29.625,29.61,29.625,501,2021-06-18 18:25:00,MQ
29.625,29.64,29.62,29.64,13465,2021-06-18 18:30:00,MQ
29.63,29.71,29.63,29.69,28092,2021-06-18 18:35:00,MQ
29.72,29.76,29.6807,29.76,16150,2021-06-18 18:40:00,MQ
29.67,29.73,29.67,29.715,2540,2021-06-18 18:45:00,MQ
29.73,29.8,29.73,29.78,24771,2021-06-18 18:50:00,MQ
29.78,29.83,29.78,29.8,29034,2021-06-18 18:55:00,MQ
29.84,29.89,29.82,29.89,4817,2021-06-18 19:00:00,MQ
29.89,29.95,29.87,29.94,11449,2021-06-18 19:05:00,MQ
29.94,29.99,29.94,29.99,10483,2021-06-18 19:10:00,MQ
29.99,30.06,29.97,30.045,60206,2021-06-18 19:15:00,MQ
30.06,30.3,30.04,30.3,47095,2021-06-18 19:20:00,MQ
30.3,30.3,30.25,30.295,21584,2021-06-18 19:25:00,MQ
30.3,30.3,30.09,30.23,37837,2021-06-18 19:30:00,MQ
30.23,30.3,30.17,30.23,16363,2021-06-18 19:35:00,MQ
30.23,30.3,30.19,30.29,44047,2021-06-18 19:40:00,MQ
30.29,30.3,30.13,30.23,45053,2021-06-18 19:45:00,MQ
30.3,30.3,30.15,30.24,65799,2021-06-18 19:50:00,MQ
30.21,30.3,30.15,30.16,37509,2021-06-18 19:55:00,MQ
30.2,30.2,30.2,30.2,67823,2021-06-18 20:00:00,MQ
30.2,30.2,30.2,30.2,200,2021-06-18 22:50:00,MQ
30.15,30.15,30.15,30.15,100,2021-06-18 23:05:00,MQ
30.3,30.3,30.3,30.3,100,2021-06-21 12:00:00,MQ
30.21,30.21,30.21,30.21,172,2021-06-21 12:05:00,MQ
30.21,30.21,30.2,30.2,625,2021-06-21 12:30:00,MQ
30.0,30.0,30.0,30.0,100,2021-06-21 12:35:00,MQ
30.01,30.01,30.0,30.0,570,2021-06-21 12:45:00,MQ
30.001,30.001,30.001,30.001,100,2021-06-21 13:10:00,MQ
30.49,30.54,30.46,30.46,4793,2021-06-21 13:25:00,MQ
30.49,30.56,30.251,30.251,41696,2021-06-21 13:30:00,MQ
30.25,30.325,30.22,30.325,5859,2021-06-21 13:35:00,MQ
30.395,30.3997,30.3,30.325,4946,2021-06-21 13:40:00,MQ
30.31,30.4268,30.2,30.285,160326,2021-06-21 13:45:00,MQ
30.31,30.46,30.25,30.46,132365,2021-06-21 13:50:00,MQ
30.46,30.46,30.25,30.3,8981,2021-06-21 13:55:00,MQ
30.325,30.35,30.19,30.24,13523,2021-06-21 14:00:00,MQ
30.225,30.305,30.18,30.29,6756,2021-06-21 14:05:00,MQ
30.2194,30.3,30.15,30.185,7463,2021-06-21 14:10:00,MQ
30.165,30.21,30.05,30.11,8984,2021-06-21 14:15:00,MQ
30.12,30.19,30.04,30.0911,2638,2021-06-21 14:20:00,MQ
30.05,30.16,30.0,30.07,10245,2021-06-21 14:25:00,MQ
30.14,30.18,29.94,29.975,15832,2021-06-21 14:30:00,MQ
29.975,29.975,29.86,29.9,4576,2021-06-21 14:35:00,MQ
29.95,29.99,29.87,29.87,2377,2021-06-21 14:40:00,MQ
29.85,29.99,29.75,29.825,18786,2021-06-21 14:45:00,MQ
29.825,29.94,29.74,29.87,17430,2021-06-21 14:50:00,MQ
29.9,30.03,29.88,30.03,13522,2021-06-21 14:55:00,MQ
30.0,30.185,30.0,30.1424,5700,2021-06-21 15:00:00,MQ
30.13,30.16,30.1,30.13,3483,2021-06-21 15:05:00,MQ
30.08,30.085,29.9501,30.03,7677,2021-06-21 15:10:00,MQ
30.07,30.07,29.9836,30.06,8316,2021-06-21 15:15:00,MQ
30.04,30.11,29.99,30.02,7383,2021-06-21 15:20:00,MQ
30.09,30.09,29.98,30.07,4583,2021-06-21 15:25:00,MQ
30.025,30.025,29.94,29.94,2205,2021-06-21 15:30:00,MQ
29.98,30.145,29.98,29.98,16696,2021-06-21 15:35:00,MQ
30.09,30.22,30.0089,30.2,14541,2021-06-21 15:40:00,MQ
30.125,30.2,29.99,30.0705,34532,2021-06-21 15:45:00,MQ
30.15,30.15,29.934,30.03,15503,2021-06-21 15:50:00,MQ
30.015,30.0764,29.98,30.03,8950,2021-06-21 15:55:00,MQ
30.05,30.13,29.98,30.02,19247,2021-06-21 16:00:00,MQ
30.0035,30.0595,29.95,30.05,9585,2021-06-21 16:05:00,MQ
30.0128,30.095,30.0001,30.035,3562,2021-06-21 16:10:00,MQ
30.025,30.15,30.005,30.06,14803,2021-06-21 16:15:00,MQ
30.01,30.155,30.01,30.11,19783,2021-06-21 16:20:00,MQ
30.11,30.13,29.93,30.0,17965,2021-06-21 16:25:00,MQ
30.0,30.07,30.0,30.06,17491,2021-06-21 16:30:00,MQ
30.03,30.14,29.98,30.03,36115,2021-06-21 16:35:00,MQ
30.03,30.03,29.98,30.015,31602,2021-06-21 16:40:00,MQ
30.02,30.055,29.975,30.02,21404,2021-06-21 16:45:00,MQ
30.02,30.03,29.95,30.02,2903,2021-06-21 16:50:00,MQ
30.02,30.05,29.98,30.0,35940,2021-06-21 16:55:00,MQ
30.03,30.03,29.96,29.96,5915,2021-06-21 17:00:00,MQ
29.97,30.0,29.87,29.9,12251,2021-06-21 17:05:00,MQ
29.9,30.0,29.9,29.94,14276,2021-06-21 17:10:00,MQ
29.96,29.99,29.9,29.93,10563,2021-06-21 17:15:00,MQ
29.93,30.02,29.92,29.945,16995,2021-06-21 17:20:00,MQ
29.945,30.085,29.932,30.085,24111,2021-06-21 17:25:00,MQ
30.065,30.07,29.95,30.045,18476,2021-06-21 17:30:00,MQ
30.0,30.085,29.95,30.0,10279,2021-06-21 17:35:00,MQ
29.9999,30.075,29.975,30.0176,14671,2021-06-21 17:40:00,MQ
30.043,30.075,30.0,30.03,4029,2021-06-21 17:45:00,MQ
30.0,30.05,30.0,30.02,4688,2021-06-21 17:50:00,MQ
30.025,30.03,29.98,30.03,9088,2021-06-21 17:55:00,MQ
30.05,30.05,29.96,29.96,4543,2021-06-21 18:00:00,MQ
29.965,30.04,29.965,29.98,8526,2021-06-21 18:05:00,MQ
30.0,30.0,29.95,29.985,4111,2021-06-21 18:10:00,MQ
29.97,30.0,29.95,29.95,1693,2021-06-21 18:15:00,MQ
29.97,30.04,29.97,30.04,15350,2021-06-21 18:20:00,MQ
30.03,30.07,29.98,30.0,5557,2021-06-21 18:25:00,MQ
30.035,30.07,30.03,30.035,1766,2021-06-21 18:30:00,MQ
30.03,30.035,29.98,29.98,3916,2021-06-21 18:35:00,MQ
30.01,30.05,29.97,29.99,6284,2021-06-21 18:40:00,MQ
30.0,30.09,29.96,30.01,13897,2021-06-21 18:45:00,MQ
29.98,30.025,29.96,29.96,6200,2021-06-21 18:50:00,MQ
29.98,30.0,29.95,29.95,3775,2021-06-21 18:55:00,MQ
30.0,30.0,30.0,30.0,127,2021-06-21 19:00:00,MQ
29.975,30.0,29.975,30.0,200,2021-06-21 19:05:00,MQ
30.0,30.03,29.95,30.025,44249,2021-06-21 19:10:00,MQ
30.0,30.0495,29.99,30.025,6909,2021-06-21 19:15:00,MQ
30.025,30.03,29.9801,30.015,5488,2021-06-21 19:20:00,MQ
30.015,30.05,29.985,30.03,7720,2021-06-21 19:25:00,MQ
30.04,30.15,29.98,29.99,28336,2021-06-21 19:30:00,MQ
30.01,30.1,30.0,30.05,7908,2021-06-21 19:35:00,MQ
30.05,30.06,29.99,30.03,13459,2021-06-21 19:40:00,MQ
30.015,30.09,29.99,30.09,12695,2021-06-21 19:45:00,MQ
30.08,30.14,29.97,30.1,61410,2021-06-21 19:50:00,MQ
30.02,30.15,30.02,30.025,35362,2021-06-21 19:55:00,MQ
30.0,30.0,30.0,30.0,93696,2021-06-21 20:00:00,MQ
30.1,30.1,30.1,30.1,100,2021-06-21 23:35:00,MQ
29.5,29.5,29.5,29.5,266,2021-06-22 08:20:00,MQ
30.0,30.0,30.0,30.0,101,2021-06-22 09:25:00,MQ
29.96,29.96,29.96,29.96,100,2021-06-22 09:50:00,MQ
30.0,30.0,30.0,30.0,600,2021-06-22 11:05:00,MQ
30.0,30.0,30.0,30.0,243,2021-06-22 11:30:00,MQ
29.94,29.94,29.94,29.94,157,2021-06-22 12:00:00,MQ
29.69,29.69,29.51,29.51,1153,2021-06-22 12:05:00,MQ
30.0,30.0,30.0,30.0,153,2021-06-22 12:10:00,MQ
29.6001,29.6001,29.6001,29.6001,600,2021-06-22 12:45:00,MQ
29.61,29.61,29.6,29.6,200,2021-06-22 12:50:00,MQ
29.75,29.75,29.75,29.75,200,2021-06-22 13:25:00,MQ
29.87,30.09,29.8,30.0,35492,2021-06-22 13:30:00,MQ
30.01,30.0999,29.97,30.05,11607,2021-06-22 13:35:00,MQ
30.05,30.18,29.96,30.06,18953,2021-06-22 13:40:00,MQ
30.05,30.11,29.9,30.04,30633,2021-06-22 13:45:00,MQ
30.0,30.1,29.92,30.04,8083,2021-06-22 13:50:00,MQ
30.03,30.05,29.9888,30.025,5699,2021-06-22 13:55:00,MQ
30.0169,30.045,29.93,29.97,6345,2021-06-22 14:00:00,MQ
29.99,30.04,29.92,30.04,12066,2021-06-22 14:05:00,MQ
30.01,30.02,29.99,30.0,3730,2021-06-22 14:10:00,MQ
29.96,30.02,29.935,30.02,3155,2021-06-22 14:15:00,MQ
30.02,30.03,29.93,29.96,6047,2021-06-22 14:20:00,MQ
29.985,30.03,29.8,29.9,5826,2021-06-22 14:25:00,MQ
29.9334,29.99,29.8,29.88,21978,2021-06-22 14:30:00,MQ
29.88,29.9,29.75,29.75,21558,2021-06-22 14:35:00,MQ
29.775,29.9,29.71,29.78,34800,2021-06-22 14:40:00,MQ
29.77,29.78,29.65,29.7,11269,2021-06-22 14:45:00,MQ
29.68,29.68,29.5,29.6,32711,2021-06-22 14:50:00,MQ
29.6,29.6,29.4,29.53,23158,2021-06-22 14:55:00,MQ
29.525,29.525,29.2,29.27,24105,2021-06-22 15:00:00,MQ
29.27,29.3899,29.24,29.285,7852,2021-06-22 15:05:00,MQ
29.36,29.48,29.34,29.48,3253,2021-06-22 15:10:00,MQ
29.4666,29.4666,29.38,29.405,1634,2021-06-22 15:15:00,MQ
29.415,29.47,29.4,29.47,2746,2021-06-22 15:20:00,MQ
29.48,29.61,29.47,29.5,8148,2021-06-22 15:25:00,MQ
29.5,29.58,29.47,29.47,4598,2021-06-22 15:30:00,MQ
29.47,29.49,29.305,29.32,10821,2021-06-22 15:35:00,MQ
29.35,29.35,29.17,29.17,19211,2021-06-22 15:40:00,MQ
29.19,29.24,29.02,29.13,21193,2021-06-22 15:45:00,MQ
29.08,29.39,29.08,29.23,39795,2021-06-22 15:50:00,MQ
29.225,29.325,29.22,29.29,5419,2021-06-22 15:55:00,MQ
29.325,29.36,29.325,29.36,1338,2021-06-22 16:00:00,MQ
29.3335,29.3899,29.28,29.32,1500,2021-06-22 16:05:00,MQ
29.2801,29.37,29.275,29.37,3557,2021-06-22 16:10:00,MQ
29.37,29.39,29.35,29.375,2901,2021-06-22 16:15:00,MQ
29.39,29.394,29.39,29.39,658,2021-06-22 16:20:00,MQ
29.39,29.4,29.34,29.39,1926,2021-06-22 16:25:00,MQ
29.3335,29.37,29.16,29.16,10746,2021-06-22 16:30:00,MQ
29.15,29.17,29.13,29.15,1284,2021-06-22 16:35:00,MQ
29.1562,29.16,29.02,29.16,11958,2021-06-22 16:40:00,MQ
29.17,29.225,29.17,29.2,1200,2021-06-22 16:45:00,MQ
29.2265,29.2265,29.13,29.13,3223,2021-06-22 16:50:00,MQ
29.15,29.15,29.14,29.14,200,2021-06-22 16:55:00,MQ
29.145,29.25,29.145,29.17,3032,2021-06-22 17:00:00,MQ
29.1999,29.2,29.175,29.2,2900,2021-06-22 17:05:00,MQ
29.2,29.23,29.175,29.225,1173,2021-06-22 17:10:00,MQ
29.2,29.23,29.18,29.18,1183,2021-06-22 17:15:00,MQ
29.205,29.23,29.205,29.23,2500,2021-06-22 17:20:00,MQ
29.22,29.25,29.22,29.25,2804,2021-06-22 17:25:00,MQ
29.23,29.248,29.23,29.248,730,2021-06-22 17:30:00,MQ
29.23,29.2301,29.2,29.22,1826,2021-06-22 17:35:00,MQ
29.2,29.2,29.17,29.17,1165,2021-06-22 17:40:00,MQ
29.25,29.25,29.2,29.2,1570,2021-06-22 17:45:00,MQ
29.23,29.23,29.21,29.21,550,2021-06-22 17:50:00,MQ
29.2,29.2,29.16,29.16,1974,2021-06-22 17:55:00,MQ
29.2,29.22,29.15,29.16,4438,2021-06-22 18:00:00,MQ
29.15,29.1504,28.88,28.944,58945,2021-06-22 18:05:00,MQ
28.92,29.025,28.88,29.01,14080,2021-06-22 18:10:00,MQ
29.01,29.06,29.005,29.045,4692,2021-06-22 18:15:00,MQ
29.06,29.0899,29.045,29.07,5227,2021-06-22 18:20:00,MQ
29.09,29.09,29.05,29.055,900,2021-06-22 18:25:00,MQ
29.055,29.055,29.0004,29.01,1612,2021-06-22 18:30:00,MQ
29.01,29.0298,28.99,29.01,5681,2021-06-22 18:35:00,MQ
29.05,29.05,29.01,29.04,1000,2021-06-22 18:40:00,MQ
29.05,29.05,29.01,29.01,1674,2021-06-22 18:45:00,MQ
29.01,29.04,29.0,29.02,2151,2021-06-22 18:50:00,MQ
29.02,29.03,28.986,29.0,3049,2021-06-22 18:55:00,MQ
29.0,29.02,28.99,29.01,3020,2021-06-22 19:00:00,MQ
29.01,29.04,28.98,29.04,5063,2021-06-22 19:05:00,MQ
29.068,29.12,29.06,29.1,6524,2021-06-22 19:10:00,MQ
29.12,29.15,29.075,29.11,5634,2021-06-22 19:15:00,MQ
29.13,29.13,29.08,29.105,3875,2021-06-22 19:20:00,MQ
29.08,29.13,29.015,29.1,5956,2021-06-22 19:25:00,MQ
29.1252,29.1252,29.08,29.08,2332,2021-06-22 19:30:00,MQ
29.1,29.16,29.08,29.15,7719,2021-06-22 19:35:00,MQ
29.15,29.17,29.135,29.17,4282,2021-06-22 19:40:00,MQ
29.16,29.2,29.15,29.2,9290,2021-06-22 19:45:00,MQ
29.2,29.28,29.1,29.21,31361,2021-06-22 19:50:00,MQ
29.26,29.26,29.13,29.21,52998,2021-06-22 19:55:00,MQ
29.2,29.2,29.2,29.2,23019,2021-06-22 20:00:00,MQ
29.1,29.1,29.1,29.1,100,2021-06-22 20:05:00,MQ
29.3,29.3,29.3,29.3,100,2021-06-22 21:05:00,MQ
29.2,29.2,29.2,29.2,5256,2021-06-22 21:20:00,MQ
29.02,29.02,29.01,29.01,538,2021-06-22 21:40:00,MQ
29.05,29.05,29.05,29.05,100,2021-06-22 22:50:00,MQ
29.3,29.3,29.3,29.3,100,2021-06-22 23:00:00,MQ
29.05,29.05,29.05,29.05,100,2021-06-22 23:20:00,MQ
29.6,29.6,29.6,29.6,335,2021-06-23 11:10:00,MQ
29.49,29.49,29.49,29.49,100,2021-06-23 12:55:00,MQ
29.25,29.25,29.25,29.25,150,2021-06-23 13:00:00,MQ
29.25,29.25,29.25,29.25,2500,2021-06-23 13:15:00,MQ
29.35,29.38,29.26,29.26,23309,2021-06-23 13:30:00,MQ
29.3,29.38,29.26,29.33,8560,2021-06-23 13:35:00,MQ
29.32,29.33,29.23,29.31,4430,2021-06-23 13:40:00,MQ
29.33,29.33,29.16,29.28,9927,2021-06-23 13:45:00,MQ
29.32,29.48,29.3,29.46,18250,2021-06-23 13:50:00,MQ
29.46,29.47,29.3559,29.3999,4294,2021-06-23 13:55:00,MQ
29.35,29.56,29.3,29.39,17907,2021-06-23 14:00:00,MQ
29.365,29.5,29.31,29.37,9596,2021-06-23 14:05:00,MQ
29.45,29.45,29.31,29.32,6025,2021-06-23 14:10:00,MQ
29.3,29.32,29.17,29.26,8566,2021-06-23 14:15:00,MQ
29.27,29.3,29.22,29.2602,10616,2021-06-23 14:20:00,MQ
29.26,29.37,29.2,29.26,24174,2021-06-23 14:25:00,MQ
29.25,29.2694,29.1,29.1,4288,2021-06-23 14:30:00,MQ
29.12,29.18,29.07,29.101,9070,2021-06-23 14:35:00,MQ
29.136,29.19,29.11,29.17,2400,2021-06-23 14:40:00,MQ
29.18,29.2,29.13,29.17,13327,2021-06-23 14:45:00,MQ
29.13,29.2,29.07,29.0934,5767,2021-06-23 14:50:00,MQ
29.1472,29.15,29.05,29.06,3097,2021-06-23 14:55:00,MQ
29.0966,29.19,29.0966,29.19,3092,2021-06-23 15:00:00,MQ
29.13,29.13,29.04,29.09,2430,2021-06-23 15:05:00,MQ
29.0801,29.4,29.08,29.38,5710,2021-06-23 15:10:00,MQ
29.29,29.39,29.29,29.29,8699,2021-06-23 15:15:00,MQ
29.26,29.32,29.26,29.32,2650,2021-06-23 15:20:00,MQ
29.25,29.285,29.2,29.24,2725,2021-06-23 15:25:00,MQ
29.2699,29.2699,29.19,29.235,700,2021-06-23 15:30:00,MQ
29.205,29.23,29.205,29.23,700,2021-06-23 15:35:00,MQ
29.235,29.25,29.2,29.25,2121,2021-06-23 15:40:00,MQ
29.21,29.21,29.2,29.2,300,2021-06-23 15:45:00,MQ
29.18,29.25,29.16,29.25,5028,2021-06-23 15:50:00,MQ
29.25,29.25,29.25,29.25,1575,2021-06-23 15:55:00,MQ
29.22,29.25,29.16,29.23,1000,2021-06-23 16:00:00,MQ
29.23,29.28,29.23,29.25,2082,2021-06-23 16:05:00,MQ
29.2902,29.2965,29.25,29.275,1566,2021-06-23 16:10:00,MQ
29.27,29.29,29.25,29.25,529,2021-06-23 16:15:00,MQ
29.25,29.26,29.25,29.26,400,2021-06-23 16:20:00,MQ
29.25,29.27,29.22,29.26,3027,2021-06-23 16:25:00,MQ
29.2601,29.2834,29.24,29.245,915,2021-06-23 16:30:00,MQ
29.22,29.28,29.2,29.2,1200,2021-06-23 16:35:00,MQ
29.2465,29.31,29.2,29.3,3120,2021-06-23 16:40:00,MQ
29.3,29.33,29.22,29.27,4283,2021-06-23 16:45:00,MQ
29.3,29.32,29.3,29.32,400,2021-06-23 16:50:00,MQ
29.3,29.3,29.22,29.24,2308,2021-06-23 16:55:00,MQ
29.25,29.31,29.21,29.31,3526,2021-06-23 17:00:00,MQ
29.275,29.275,29.275,29.275,300,2021-06-23 17:05:00,MQ
29.25,29.25,29.22,29.25,850,2021-06-23 17:10:00,MQ
29.2519,29.28,29.25,29.27,3748,2021-06-23 17:15:00,MQ
29.28,29.2999,29.25,29.25,607,2021-06-23 17:20:00,MQ
29.275,29.29,29.25,29.25,6049,2021-06-23 17:25:00,MQ
29.25,29.2504,29.25,29.25,3553,2021-06-23 17:30:00,MQ
29.23,29.29,29.22,29.26,2742,2021-06-23 17:35:00,MQ
29.26,29.26,29.2,29.2,7378,2021-06-23 17:40:00,MQ
29.2198,29.2198,29.14,29.18,2032,2021-06-23 17:45:00,MQ
29.16,29.18,29.15,29.15,902,2021-06-23 17:50:00,MQ
29.17,29.2,29.17,29.2,4968,2021-06-23 17:55:00,MQ
29.2,29.26,29.16,29.26,8721,2021-06-23 18:00:00,MQ
29.255,29.3,29.24,29.24,4559,2021-06-23 18:05:00,MQ
29.22,29.22,29.2,29.2,925,2021-06-23 18:10:00,MQ
29.19,29.19,29.19,29.19,400,2021-06-23 18:15:00,MQ
29.16,29.17,29.13,29.14,1730,2021-06-23 18:20:00,MQ
29.14,29.15,29.06,29.15,4823,2021-06-23 18:25:00,MQ
29.14,29.14,29.13,29.14,400,2021-06-23 18:30:00,MQ
29.18,29.22,29.16,29.2,2466,2021-06-23 18:35:00,MQ
29.185,29.19,29.15,29.18,1795,2021-06-23 18:40:00,MQ
29.15,29.26,29.15,29.17,18912,2021-06-23 18:45:00,MQ
29.2,29.2,29.2,29.2,100,2021-06-23 18:50:00,MQ
29.18,29.22,29.18,29.2014,1335,2021-06-23 18:55:00,MQ
29.18,29.25,29.18,29.21,2433,2021-06-23 19:00:00,MQ
29.2,29.23,29.17,29.22,28272,2021-06-23 19:05:00,MQ
29.17,29.22,29.16,29.21,1000,2021-06-23 19:10:00,MQ
29.15,29.216,29.15,29.16,1000,2021-06-23 19:15:00,MQ
29.15,29.23,29.15,29.2,1268,2021-06-23 19:20:00,MQ
29.2,29.28,29.2,29.22,6986,2021-06-23 19:25:00,MQ
29.24,29.29,29.2196,29.24,6544,2021-06-23 19:30:00,MQ
29.25,29.25,29.21,29.24,4678,2021-06-23 19:35:00,MQ
29.27,29.3,29.25,29.26,1596,2021-06-23 19:40:00,MQ
29.255,29.29,29.22,29.275,1200,2021-06-23 19:45:00,MQ
29.25,29.3,29.25,29.25,6116,2021-06-23 19:50:00,MQ
29.25,29.29,29.24,29.25,13087,2021-06-23 19:55:00,MQ
29.25,29.25,29.25,29.25,18408,2021-06-23 20:00:00,MQ
29.25,29.25,29.25,29.25,2628,2021-06-23 21:10:00,MQ
29.15,29.15,29.15,29.15,100,2021-06-23 21:50:00,MQ
29.15,29.15,29.15,29.15,100,2021-06-23 22:35:00,MQ
29.06,29.06,29.0,29.0,400,2021-06-23 22:55:00,MQ
29.01,29.01,29.01,29.01,200,2021-06-23 23:00:00,MQ
29.07,29.07,29.07,29.07,200,2021-06-24 10:30:00,MQ
29.06,29.06,29.05,29.05,279,2021-06-24 11:45:00,MQ
29.1,29.1,29.1,29.1,153,2021-06-24 12:00:00,MQ
29.01,29.01,29.01,29.01,100,2021-06-24 12:05:00,MQ
29.21,29.21,29.2,29.2,200,2021-06-24 12:55:00,MQ
29.49,29.51,29.49,29.51,400,2021-06-24 13:25:00,MQ
29.45,29.45,29.27,29.28,20034,2021-06-24 13:30:00,MQ
29.28,29.2933,29.2,29.25,3608,2021-06-24 13:35:00,MQ
29.2,29.38,29.16,29.31,9604,2021-06-24 13:40:00,MQ
29.33,29.35,29.23,29.265,3254,2021-06-24 13:45:00,MQ
29.279,29.279,29.14,29.22,8193,2021-06-24 13:50:00,MQ
29.23,29.349,29.22,29.349,4160,2021-06-24 13:55:00,MQ
29.35,29.75,29.33,29.75,28725,2021-06-24 14:00:00,MQ
29.73,30.22,29.66,30.105,50682,2021-06-24 14:05:00,MQ
30.105,30.25,29.9,30.026,36060,2021-06-24 14:10:00,MQ
30.01,30.08,29.88,29.92,12625,2021-06-24 14:15:00,MQ
29.99,30.0,29.9,29.95,4401,2021-06-24 14:20:00,MQ
29.95,30.03,29.9,29.94,85556,2021-06-24 14:25:00,MQ
29.97,30.23,29.97,30.23,265546,2021-06-24 14:30:00,MQ
30.195,30.23,30.11,30.155,148786,2021-06-24 14:35:00,MQ
30.15,30.23,30.1,30.205,98737,2021-06-24 14:40:00,MQ
30.205,30.22,29.85,29.98,22166,2021-06-24 14:45:00,MQ
29.98,30.02,29.95,29.96,5357,2021-06-24 14:50:00,MQ
29.968,30.077,29.9656,30.077,1650,2021-06-24 14:55:00,MQ
30.1,30.17,30.0,30.0,729114,2021-06-24 15:00:00,MQ
29.97,30.11,29.97,29.995,9988,2021-06-24 15:05:00,MQ
30.01,30.09,29.95,30.09,10949,2021-06-24 15:10:00,MQ
30.064,30.1,30.055,30.06,1000,2021-06-24 15:15:00,MQ
30.05,30.0695,30.0,30.0,4539,2021-06-24 15:20:00,MQ
30.0,30.05,29.9701,29.98,1428,2021-06-24 15:25:00,MQ
30.0093,30.06,30.0,30.06,4740,2021-06-24 15:30:00,MQ
30.0,30.0483,29.9819,29.9819,700,2021-06-24 15:35:00,MQ
29.98,30.035,29.98,30.01,1500,2021-06-24 15:40:00,MQ
29.98,30.03,29.98,30.0,550,2021-06-24 15:45:00,MQ
29.97,30.04,29.97,30.0201,2357,2021-06-24 15:50:00,MQ
30.02,30.0601,30.0,30.06,105608,2021-06-24 15:55:00,MQ
30.04,30.16,30.04,30.08,4628,2021-06-24 16:00:00,MQ
30.08,30.1087,30.03,30.04,1000,2021-06-24 16:05:00,MQ
30.03,30.06,30.03,30.05,4392,2021-06-24 16:10:00,MQ
30.03,30.05,30.03,30.03,1600,2021-06-24 16:15:00,MQ
30.01,30.05,29.97,30.05,11593,2021-06-24 16:20:00,MQ
30.01,30.15,30.01,30.15,6475,2021-06-24 16:25:00,MQ
30.06,30.14,30.04,30.04,2899,2021-06-24 16:30:00,MQ
30.05,30.07,30.03,30.03,2770,2021-06-24 16:35:00,MQ
30.03,30.0765,30.01,30.0694,2280,2021-06-24 16:40:00,MQ
29.99,30.14,29.99,30.14,12310,2021-06-24 16:45:00,MQ
30.08,30.12,30.06,30.07,5491,2021-06-24 16:50:00,MQ
30.07,30.15,30.05,30.07,10316,2021-06-24 16:55:00,MQ
30.105,30.17,30.07,30.1,26826,2021-06-24 17:00:00,MQ
30.08,30.12,30.06,30.12,3109,2021-06-24 17:05:00,MQ
30.07,30.09,30.05,30.05,5285,2021-06-24 17:10:00,MQ
30.05,30.17,30.05,30.12,6483,2021-06-24 17:15:00,MQ
30.14,30.16,30.09,30.16,4700,2021-06-24 17:20:00,MQ
30.165,30.27,30.15,30.2499,52259,2021-06-24 17:25:00,MQ
30.22,30.26,30.06,30.06,10327,2021-06-24 17:30:00,MQ
30.04,30.16,30.0,30.09,2268,2021-06-24 17:35:00,MQ
30.02,30.02,29.99,30.02,2183,2021-06-24 17:40:00,MQ
30.02,30.06,30.0,30.01,6033,2021-06-24 17:45:00,MQ
30.02,30.035,30.0,30.0,1300,2021-06-24 17:50:00,MQ
30.03,30.1,30.0,30.045,13187,2021-06-24 17:55:00,MQ
30.045,30.06,30.0,30.0581,10901,2021-06-24 18:00:00,MQ
30.02,30.02,29.99,30.0,599,2021-06-24 18:05:00,MQ
30.05,30.1,29.97,30.0208,60681,2021-06-24 18:10:00,MQ
30.05,30.05,29.97,29.97,1499,2021-06-24 18:15:00,MQ
30.05,30.05,30.01,30.01,350,2021-06-24 18:20:00,MQ
30.03,30.1,30.03,30.1,2708,2021-06-24 18:25:00,MQ
30.1,30.1,30.075,30.075,850,2021-06-24 18:30:00,MQ
30.07,30.1,30.06,30.08,2797,2021-06-24 18:35:00,MQ
30.08,30.1,30.08,30.08,1100,2021-06-24 18:40:00,MQ
30.08,30.1,30.06,30.1,5060,2021-06-24 18:45:00,MQ
30.08,30.08,30.04,30.04,3907,2021-06-24 18:50:00,MQ
30.045,30.07,30.03,30.04,3150,2021-06-24 18:55:00,MQ
30.05,30.05,30.05,30.05,900,2021-06-24 19:00:00,MQ
30.08,30.08,30.02,30.04,10900,2021-06-24 19:05:00,MQ
30.04,30.1,30.04,30.1,2877,2021-06-24 19:10:00,MQ
30.08,30.08,30.06,30.0601,1262,2021-06-24 19:15:00,MQ
30.03,30.08,30.0,30.0,3600,2021-06-24 19:20:00,MQ
30.0,30.01,30.0,30.01,1543,2021-06-24 19:25:00,MQ
30.05,30.05,29.9401,29.9401,11038,2021-06-24 19:30:00,MQ
30.0,30.0,29.95,29.95,622,2021-06-24 19:35:00,MQ
29.99,30.1,29.97,30.1,2914,2021-06-24 19:40:00,MQ
30.1,30.15,30.095,30.15,7341,2021-06-24 19:45:00,MQ
30.15,30.25,30.11,30.19,19178,2021-06-24 19:50:00,MQ
30.185,30.2,30.01,30.01,61518,2021-06-24 19:55:00,MQ
30.08,30.08,30.08,30.08,16500,2021-06-24 20:00:00,MQ
30.11,30.11,30.11,30.11,100,2021-06-24 20:15:00,MQ
30.07,30.07,30.07,30.07,400,2021-06-24 22:15:00,MQ
30.0,30.0,30.0,30.0,200,2021-06-24 23:00:00,MQ
30.1,30.1,30.1,30.1,100,2021-06-25 11:35:00,MQ
30.0,30.3499,30.0,30.3138,700,2021-06-25 12:00:00,MQ
30.2,30.2,30.2,30.2,250,2021-06-25 12:30:00,MQ
30.01,30.01,29.91,29.91,2221,2021-06-25 12:50:00,MQ
30.0,30.1199,30.0,30.1199,1000,2021-06-25 13:15:00,MQ
30.0,30.12,30.0,30.12,994,2021-06-25 13:20:00,MQ
30.12,30.42,30.12,30.18,4835,2021-06-25 13:25:00,MQ
30.19,30.19,29.91,29.925,35069,2021-06-25 13:30:00,MQ
29.9392,30.08,29.91,30.02,2202,2021-06-25 13:35:00,MQ
30.0416,30.08,30.0,30.08,2666,2021-06-25 13:40:00,MQ
30.0796,30.0796,29.9,29.9,5369,2021-06-25 13:45:00,MQ
29.9199,29.92,29.8,29.83,8537,2021-06-25 13:50:00,MQ
29.8,29.86,29.75,29.75,10522,2021-06-25 13:55:00,MQ
29.7687,29.7687,29.63,29.7336,18410,2021-06-25 14:00:00,MQ
29.73,29.79,29.6216,29.6216,11828,2021-06-25 14:05:00,MQ
29.62,29.62,29.33,29.452,30681,2021-06-25 14:10:00,MQ
29.445,29.48,29.35,29.35,6834,2021-06-25 14:15:00,MQ
29.35,29.4,29.23,29.4,18924,2021-06-25 14:20:00,MQ
29.4,29.4,29.315,29.315,5328,2021-06-25 14:25:00,MQ
29.3,29.35,29.25,29.3,11655,2021-06-25 14:30:00,MQ
29.325,29.35,29.22,29.2224,9298,2021-06-25 14:35:00,MQ
29.23,29.255,29.21,29.235,2300,2021-06-25 14:40:00,MQ
29.2595,29.309,29.21,29.24,3041,2021-06-25 14:45:00,MQ
29.3,29.63,29.3,29.48,35188,2021-06-25 14:50:00,MQ
29.4199,29.5,29.34,29.34,9285,2021-06-25 14:55:00,MQ
29.2809,29.365,29.2809,29.3,700,2021-06-25 15:00:00,MQ
29.3,29.41,29.25,29.39,5150,2021-06-25 15:05:00,MQ
29.3266,29.37,29.3266,29.35,4770,2021-06-25 15:10:00,MQ
29.33,29.33,29.21,29.2411,6461,2021-06-25 15:15:00,MQ
29.2499,29.27,29.17,29.2199,18826,2021-06-25 15:20:00,MQ
29.2199,29.25,29.19,29.25,17146,2021-06-25 15:25:00,MQ
29.23,29.3,29.225,29.285,2862,2021-06-25 15:30:00,MQ
29.31,29.31,29.24,29.24,800,2021-06-25 15:35:00,MQ
29.275,29.31,29.22,29.24,3200,2021-06-25 15:40:00,MQ
29.25,29.28,29.2,29.2,1900,2021-06-25 15:45:00,MQ
29.17,29.19,29.12,29.12,6580,2021-06-25 15:50:00,MQ
29.155,29.1602,29.01,29.04,23501,2021-06-25 15:55:00,MQ
29.025,29.025,28.7701,28.975,68097,2021-06-25 16:00:00,MQ
28.98,29.0,28.92,28.92,7409,2021-06-25 16:05:00,MQ
28.95,28.95,28.93,28.93,8400,2021-06-25 16:10:00,MQ
28.95,29.03,28.94,28.98,6339,2021-06-25 16:15:00,MQ
28.97,28.97,28.93,28.945,730,2021-06-25 16:20:00,MQ
28.96,28.99,28.9473,28.9473,1354,2021-06-25 16:25:00,MQ
28.925,29.06,28.925,29.0425,4160,2021-06-25 16:30:00,MQ
29.05,29.07,28.98,29.07,3689,2021-06-25 16:35:00,MQ
29.03,29.08,28.95,29.055,28775,2021-06-25 16:40:00,MQ
29.1,29.1,29.01,29.015,23600,2021-06-25 16:45:00,MQ
29.0,29.02,28.975,28.975,2158,2021-06-25 16:50:00,MQ
28.9999,29.05,28.92,28.97,55958,2021-06-25 16:55:00,MQ
28.98,29.145,28.965,29.0,21324,2021-06-25 17:00:00,MQ
29.01,29.03,28.94,28.9994,7055,2021-06-25 17:05:00,MQ
28.976,28.993,28.88,28.895,7452,2021-06-25 17:10:00,MQ
28.905,28.99,28.86,28.99,7609,2021-06-25 17:15:00,MQ
28.955,28.99,28.955,28.9899,1235,2021-06-25 17:20:00,MQ
28.94,29.08,28.86,29.02,23335,2021-06-25 17:25:00,MQ
28.97,29.03,28.95,29.0,5468,2021-06-25 17:30:00,MQ
29.0,29.04,29.0,29.025,1012,2021-06-25 17:35:00,MQ
29.015,29.07,28.97,29.02,11282,2021-06-25 17:40:00,MQ
29.02,29.11,29.0119,29.03,4877,2021-06-25 17:45:00,MQ
29.03,29.03,28.9,28.93,14030,2021-06-25 17:50:00,MQ
28.93,29.08,28.9,29.01,27078,2021-06-25 17:55:00,MQ
28.98,29.06,28.95,29.02,15455,2021-06-25 18:00:00,MQ
29.0,29.0043,28.97,28.97,2837,2021-06-25 18:05:00,MQ
28.96,28.9736,28.9,28.945,9818,2021-06-25 18:10:00,MQ
28.945,28.98,28.92,28.96,7971,2021-06-25 18:15:00,MQ
28.98,29.02,28.95,28.975,10794,2021-06-25 18:20:00,MQ
28.95,29.02,28.95,28.985,10860,2021-06-25 18:25:00,MQ
28.95,29.02,28.95,28.955,10006,2021-06-25 18:30:00,MQ
28.955,29.04,28.93,29.01,25628,2021-06-25 18:35:00,MQ
29.02,29.1,28.955,29.06,12728,2021-06-25 18:40:00,MQ
29.09,29.22,29.07,29.1,13142,2021-06-25 18:45:00,MQ
29.11,29.16,29.0,29.03,6802,2021-06-25 18:50:00,MQ
28.99,29.08,28.99,29.03,5527,2021-06-25 18:55:00,MQ
29.03,29.19,29.03,29.16,14025,2021-06-25 19:00:00,MQ
29.16,29.27,29.11,29.17,11464,2021-06-25 19:05:00,MQ
29.11,29.18,29.05,29.065,16636,2021-06-25 19:10:00,MQ
29.01,29.21,29.01,29.135,13110,2021-06-25 19:15:00,MQ
29.13,29.18,29.11,29.145,4421,2021-06-25 19:20:00,MQ
29.135,29.17,29.0036,29.125,24680,2021-06-25 19:25:00,MQ
29.11,29.16,29.03,29.1498,18623,2021-06-25 19:30:00,MQ
29.16,29.16,29.04,29.07,17957,2021-06-25 19:35:00,MQ
29.07,29.14,29.07,29.105,36473,2021-06-25 19:40:00,MQ
29.105,29.11,28.85,28.85,37217,2021-06-25 19:45:00,MQ
28.85,28.85,28.16,28.29,148606,2021-06-25 19:50:00,MQ
28.25,28.54,28.21,28.503,103612,2021-06-25 19:55:00,MQ
28.5,28.5,28.5,28.5,34511,2021-06-25 20:00:00,MQ
28.3,28.3,28.3,28.3,538,2021-06-25 20:10:00,MQ
28.75,28.78,28.75,28.78,1220,2021-06-25 20:25:00,MQ
28.7,28.8,28.7,28.7,400,2021-06-25 20:30:00,MQ
28.7,28.7,28.7,28.7,188,2021-06-25 20:50:00,MQ
28.85,28.85,28.7,28.7,400,2021-06-25 20:55:00,MQ
28.7,28.7,28.7,28.7,200,2021-06-25 21:25:00,MQ
28.7,28.7,28.7,28.7,100,2021-06-25 21:55:00,MQ
28.6999,28.6999,28.6999,28.6999,200,2021-06-25 22:50:00,MQ
28.57,28.57,28.57,28.57,200,2021-06-28 11:50:00,MQ
28.5999,28.5999,28.5999,28.5999,200,2021-06-28 12:00:00,MQ
28.6,28.6,28.6,28.6,300,2021-06-28 12:15:00,MQ
28.6,28.6,28.6,28.6,100,2021-06-28 12:35:00,MQ
28.6,28.6,28.6,28.6,400,2021-06-28 12:45:00,MQ
28.9,28.9,28.9,28.9,300,2021-06-28 13:00:00,MQ
28.7,28.7,28.7,28.7,218,2021-06-28 13:05:00,MQ
28.5,28.6,28.5,28.5,5004,2021-06-28 13:10:00,MQ
28.9,28.9,28.9,28.9,1000,2021-06-28 13:15:00,MQ
28.98,29.0,28.75,28.86,7239,2021-06-28 13:25:00,MQ
29.0637,29.0637,28.3601,28.3601,71528,2021-06-28 13:30:00,MQ
28.445,28.4799,28.35,28.4,11271,2021-06-28 13:35:00,MQ
28.4,28.4399,27.89,27.95,56620,2021-06-28 13:40:00,MQ
27.95,27.97,27.45,27.59,46053,2021-06-28 13:45:00,MQ
27.495,27.73,27.33,27.33,49598,2021-06-28 13:50:00,MQ
27.38,27.635,27.345,27.505,45632,2021-06-28 13:55:00,MQ
27.55,27.7,27.4,27.5424,51206,2021-06-28 14:00:00,MQ
27.58,27.6,27.4516,27.6,15863,2021-06-28 14:05:00,MQ
27.5999,27.6,27.5,27.6,10987,2021-06-28 14:10:00,MQ
27.6035,27.6792,27.4,27.6499,27571,2021-06-28 14:15:00,MQ
27.59,27.66,27.56,27.62,8521,2021-06-28 14:20:00,MQ
27.6,27.66,27.53,27.6,11711,2021-06-28 14:25:00,MQ
27.595,27.61,27.5,27.58,16305,2021-06-28 14:30:00,MQ
27.55,27.55,27.46,27.4725,40989,2021-06-28 14:35:00,MQ
27.48,27.64,27.48,27.64,8242,2021-06-28 14:40:00,MQ
27.62,27.62,27.5,27.54,10154,2021-06-28 14:45:00,MQ
27.585,27.63,27.45,27.56,18769,2021-06-28 14:50:00,MQ
27.595,27.62,27.5,27.57,6507,2021-06-28 14:55:00,MQ
27.57,27.62,27.51,27.62,8586,2021-06-28 15:00:00,MQ
27.62,27.77,27.535,27.71,18057,2021-06-28 15:05:00,MQ
27.7,27.7699,27.62,27.695,5826,2021-06-28 15:10:00,MQ
27.64,27.77,27.64,27.69,8698,2021-06-28 15:15:00,MQ
27.64,27.88,27.64,27.85,14964,2021-06-28 15:20:00,MQ
27.86,27.97,27.83,27.8564,10252,2021-06-28 15:25:00,MQ
27.865,27.92,27.8492,27.91,3751,2021-06-28 15:30:00,MQ
27.89,27.89,27.83,27.87,7382,2021-06-28 15:35:00,MQ
27.85,27.88,27.74,27.78,8839,2021-06-28 15:40:00,MQ
27.75,27.87,27.72,27.86,6936,2021-06-28 15:45:00,MQ
27.825,27.88,27.8,27.8401,4962,2021-06-28 15:50:00,MQ
27.86,27.86,27.82,27.835,3406,2021-06-28 15:55:00,MQ
27.835,27.98,27.835,27.9599,6390,2021-06-28 16:00:00,MQ
27.935,27.96,27.9,27.9,1900,2021-06-28 16:05:00,MQ
27.925,27.94,27.83,27.8694,20390,2021-06-28 16:10:00,MQ
27.87,27.88,27.8,27.808,6473,2021-06-28 16:15:00,MQ
27.8,27.83,27.8,27.83,1544,2021-06-28 16:20:00,MQ
27.82,27.94,27.82,27.9,15758,2021-06-28 16:25:00,MQ
27.9,28.14,27.85,28.14,13306,2021-06-28 16:30:00,MQ
28.145,28.16,28.07,28.07,6034,2021-06-28 16:35:00,MQ
28.11,28.12,28.0,28.0099,5458,2021-06-28 16:40:00,MQ
27.995,28.06,27.98,28.056,4507,2021-06-28 16:45:00,MQ
28.06,28.1,28.0,28.04,8406,2021-06-28 16:50:00,MQ
28.08,28.09,28.08,28.0865,1050,2021-06-28 16:55:00,MQ
28.065,28.165,28.065,28.165,6720,2021-06-28 17:00:00,MQ
28.19,28.23,28.13,28.155,16113,2021-06-28 17:05:00,MQ
28.155,28.16,28.12,28.13,1181,2021-06-28 17:10:00,MQ
28.135,28.14,28.049,28.05,2400,2021-06-28 17:15:00,MQ
28.085,28.085,28.0101,28.0101,900,2021-06-28 17:20:00,MQ
28.045,28.06,28.0,28.03,8000,2021-06-28 17:25:00,MQ
28.035,28.05,28.0,28.0,3257,2021-06-28 17:30:00,MQ
28.03,28.03,28.0,28.0,1239,2021-06-28 17:35:00,MQ
28.035,28.035,28.0,28.0,3640,2021-06-28 17:40:00,MQ
28.0,28.05,28.0,28.0,2324,2021-06-28 17:45:00,MQ
28.05,28.155,28.0,28.155,5731,2021-06-28 17:50:00,MQ
28.175,28.2,28.05,28.05,3900,2021-06-28 17:55:00,MQ
28.07,28.19,28.07,28.175,2800,2021-06-28 18:00:00,MQ
28.175,28.175,28.1076,28.1076,1122,2021-06-28 18:05:00,MQ
28.135,28.14,28.06,28.06,600,2021-06-28 18:10:00,MQ
28.04,28.1,27.98,28.095,7834,2021-06-28 18:15:00,MQ
28.1,28.12,28.08,28.0966,1300,2021-06-28 18:20:00,MQ
28.1,28.18,28.05,28.1,8697,2021-06-28 18:25:00,MQ
28.095,28.14,28.07,28.13,2307,2021-06-28 18:30:00,MQ
28.13,28.14,28.09,28.105,2996,2021-06-28 18:35:00,MQ
28.11,28.2,28.11,28.2,6376,2021-06-28 18:40:00,MQ
28.21,28.22,28.18,28.1968,2247,2021-06-28 18:45:00,MQ
28.2,28.22,28.18,28.18,2908,2021-06-28 18:50:00,MQ
28.205,28.2199,28.18,28.1848,4401,2021-06-28 18:55:00,MQ
28.19,28.42,28.18,28.4,11533,2021-06-28 19:00:00,MQ
28.4,28.5,28.37,28.45,19967,2021-06-28 19:05:00,MQ
28.48,28.48,28.42,28.42,4703,2021-06-28 19:10:00,MQ
28.48,28.48,28.44,28.46,4279,2021-06-28 19:15:00,MQ
28.465,28.5,28.38,28.44,13625,2021-06-28 19:20:00,MQ
28.44,28.48,28.43,28.465,4266,2021-06-28 19:25:00,MQ
28.45,28.49,28.45,28.49,5025,2021-06-28 19:30:00,MQ
28.485,28.49,28.46,28.47,43007,2021-06-28 19:35:00,MQ
28.48,28.4858,28.38,28.38,6787,2021-06-28 19:40:00,MQ
28.395,28.395,28.24,28.24,9356,2021-06-28 19:45:00,MQ
28.265,28.3,28.24,28.29,14528,2021-06-28 19:50:00,MQ
28.3,28.3,28.11,28.15,56007,2021-06-28 19:55:00,MQ
28.12,28.12,28.12,28.12,23250,2021-06-28 20:00:00,MQ
28.1202,28.1202,28.1202,28.1202,400,2021-06-29 12:20:00,MQ
28.12,28.12,28.12,28.12,501,2021-06-29 12:25:00,MQ
28.28,28.28,28.28,28.28,1000,2021-06-29 12:40:00,MQ
28.0001,28.0001,28.0001,28.0001,200,2021-06-29 12:55:00,MQ
28.31,28.37,28.01,28.29,28786,2021-06-29 13:30:00,MQ
28.205,28.3782,28.12,28.3,8411,2021-06-29 13:35:00,MQ
28.3,28.34,28.18,28.28,6277,2021-06-29 13:40:00,MQ
28.265,28.31,28.17,28.22,9154,2021-06-29 13:45:00,MQ
28.23,28.3,28.19,28.28,3372,2021-06-29 13:50:00,MQ
28.3,28.31,28.27,28.28,5580,2021-06-29 13:55:00,MQ
28.28,28.3,28.25,28.3,17196,2021-06-29 14:00:00,MQ
28.3,28.31,28.27,28.31,6203,2021-06-29 14:05:00,MQ
28.28,28.3695,28.26,28.36,42922,2021-06-29 14:10:00,MQ
28.36,28.37,28.32,28.335,8152,2021-06-29 14:15:00,MQ
28.32,28.3499,28.2,28.22,31367,2021-06-29 14:20:00,MQ
28.24,28.25,28.06,28.07,9632,2021-06-29 14:25:00,MQ
28.1,28.33,28.1,28.2408,14642,2021-06-29 14:30:00,MQ
28.32,28.39,28.32,28.37,11067,2021-06-29 14:35:00,MQ
28.3786,28.3786,28.15,28.28,9573,2021-06-29 14:40:00,MQ
28.25,28.37,28.2419,28.32,6177,2021-06-29 14:45:00,MQ
28.23,28.37,28.23,28.36,5948,2021-06-29 14:50:00,MQ
28.335,28.36,28.23,28.23,6013,2021-06-29 14:55:00,MQ
28.24,28.29,28.2305,28.29,6995,2021-06-29 15:00:00,MQ
28.29,28.29,28.17,28.215,3609,2021-06-29 15:05:00,MQ
28.23,28.26,28.16,28.2216,950,2021-06-29 15:10:00,MQ
28.16,28.2083,28.06,28.08,7136,2021-06-29 15:15:00,MQ
28.085,28.17,28.075,28.11,7697,2021-06-29 15:20:00,MQ
28.075,28.11,28.01,28.01,3166,2021-06-29 15:25:00,MQ
28.035,28.15,28.0,28.0001,16712,2021-06-29 15:30:00,MQ
28.035,28.035,27.92,27.94,15358,2021-06-29 15:35:00,MQ
27.99,28.0,27.83,27.97,10165,2021-06-29 15:40:00,MQ
27.96,27.97,27.82,27.82,5244,2021-06-29 15:45:00,MQ
27.87,27.95,27.82,27.87,2647,2021-06-29 15:50:00,MQ
27.82,27.99,27.82,27.95,8850,2021-06-29 15:55:00,MQ
27.91,27.92,27.83,27.855,4093,2021-06-29 16:00:00,MQ
27.865,27.93,27.65,27.66,40370,2021-06-29 16:05:00,MQ
27.6601,27.67,27.52,27.62,30052,2021-06-29 16:10:00,MQ
27.6402,27.76,27.63,27.685,8763,2021-06-29 16:15:00,MQ
27.65,27.695,27.61,27.695,7968,2021-06-29 16:20:00,MQ
27.715,27.76,27.7,27.735,3781,2021-06-29 16:25:00,MQ
27.72,27.75,27.7,27.73,6254,2021-06-29 16:30:00,MQ
27.755,27.78,27.72,27.765,2000,2021-06-29 16:35:00,MQ
27.75,27.75,27.62,27.73,20955,2021-06-29 16:40:00,MQ
27.7,27.76,27.65,27.75,6523,2021-06-29 16:45:00,MQ
27.72,27.78,27.715,27.78,5176,2021-06-29 16:50:00,MQ
27.8,27.8,27.7,27.7,4536,2021-06-29 16:55:00,MQ
27.725,27.84,27.7001,27.81,14713,2021-06-29 17:00:00,MQ
27.81,27.85,27.78,27.805,14105,2021-06-29 17:05:00,MQ
27.79,27.79,27.79,27.79,508,2021-06-29 17:10:00,MQ
27.79,27.82,27.72,27.765,4307,2021-06-29 17:15:00,MQ
27.82,27.82,27.806,27.806,1400,2021-06-29 17:25:00,MQ
27.815,27.815,27.72,27.755,2390,2021-06-29 17:30:00,MQ
27.76,27.81,27.729,27.729,9167,2021-06-29 17:35:00,MQ
27.74,27.75,27.73,27.735,2983,2021-06-29 17:40:00,MQ
27.735,27.76,27.735,27.75,3673,2021-06-29 17:45:00,MQ
27.75,27.84,27.72,27.765,13323,2021-06-29 17:50:00,MQ
27.78,27.8,27.75,27.76,6438,2021-06-29 17:55:00,MQ
27.78,27.79,27.72,27.725,6946,2021-06-29 18:00:00,MQ
27.72,27.75,27.7,27.73,5084,2021-06-29 18:05:00,MQ
27.72,27.74,27.72,27.74,7104,2021-06-29 18:10:00,MQ
27.725,27.74,27.71,27.73,2325,2021-06-29 18:15:00,MQ
27.73,27.79,27.72,27.78,8357,2021-06-29 18:20:00,MQ
27.78,27.82,27.69,27.74,12919,2021-06-29 18:25:00,MQ
27.74,27.76,27.71,27.72,7339,2021-06-29 18:30:00,MQ
27.72,27.72,27.71,27.71,4650,2021-06-29 18:35:00,MQ
27.7,27.7001,27.62,27.625,8167,2021-06-29 18:40:00,MQ
27.635,27.7,27.635,27.69,6551,2021-06-29 18:45:00,MQ
27.69,27.71,27.69,27.71,4438,2021-06-29 18:50:00,MQ
27.71,27.71,27.695,27.71,2503,2021-06-29 18:55:00,MQ
27.71,27.84,27.71,27.84,6374,2021-06-29 19:00:00,MQ
27.85,28.01,27.85,27.915,19929,2021-06-29 19:05:00,MQ
27.915,27.95,27.89,27.895,16972,2021-06-29 19:10:00,MQ
27.895,27.99,27.85,27.96,24557,2021-06-29 19:15:00,MQ
27.96,28.075,27.96,28.075,4153,2021-06-29 19:20:00,MQ
28.05,28.06,28.01,28.045,7703,2021-06-29 19:25:00,MQ
28.06,28.1194,28.045,28.095,21488,2021-06-29 19:30:00,MQ
28.095,28.13,28.07,28.11,18548,2021-06-29 19:35:00,MQ
28.1,28.17,27.99,28.145,69818,2021-06-29 19:40:00,MQ
28.145,28.145,28.1,28.1,14652,2021-06-29 19:45:00,MQ
28.1,28.21,28.1,28.15,23227,2021-06-29 19:50:00,MQ
28.12,28.19,27.98,28.19,79945,2021-06-29 19:55:00,MQ
28.15,28.15,28.15,28.15,13635,2021-06-29 20:00:00,MQ
28.16,28.16,28.16,28.16,100,2021-06-29 20:10:00,MQ
28.4,28.4,28.4,28.4,388,2021-06-29 23:30:00,MQ
28.29,28.35,28.29,28.34,1200,2021-06-30 13:25:00,MQ
28.23,28.2886,28.02,28.16,26794,2021-06-30 13:30:00,MQ
28.17,28.28,27.94,28.145,23720,2021-06-30 13:35:00,MQ
28.25,28.8999,28.25,28.884,26690,2021-06-30 13:40:00,MQ
28.87,28.87,28.53,28.71,5538,2021-06-30 13:45:00,MQ
28.55,28.72,28.54,28.71,8722,2021-06-30 13:50:00,MQ
28.63,28.8699,28.54,28.73,12427,2021-06-30 13:55:00,MQ
28.755,29.28,28.755,29.27,21927,2021-06-30 14:00:00,MQ
29.27,29.4,29.145,29.23,41351,2021-06-30 14:05:00,MQ
29.2,29.8,29.19,29.78,50898,2021-06-30 14:10:00,MQ
29.83,30.3,29.7,30.28,38892,2021-06-30 14:15:00,MQ
30.3,30.38,30.0401,30.29,51895,2021-06-30 14:20:00,MQ
30.3,30.3,30.0794,30.155,10517,2021-06-30 14:25:00,MQ
30.155,30.155,29.87,29.93,42545,2021-06-30 14:30:00,MQ
29.9,30.15,29.8,30.06,39197,2021-06-30 14:35:00,MQ
30.06,30.1,30.02,30.08,3357,2021-06-30 14:40:00,MQ
30.082,30.12,29.9,29.955,41465,2021-06-30 14:45:00,MQ
29.955,30.08,29.9101,29.98,15072,2021-06-30 14:50:00,MQ
30.0,30.01,29.71,29.94,46443,2021-06-30 14:55:00,MQ
29.92,29.99,29.9,29.94,11700,2021-06-30 15:00:00,MQ
29.925,29.925,29.78,29.862,161041,2021-06-30 15:05:00,MQ
29.9,30.0,29.9,30.0,1774,2021-06-30 15:10:00,MQ
30.0,30.0,29.91,29.92,7864,2021-06-30 15:15:00,MQ
30.0,30.0,29.87,29.93,3688,2021-06-30 15:20:00,MQ
29.93,29.93,29.86,29.9,2463,2021-06-30 15:25:00,MQ
29.9,29.95,29.8902,29.8902,1997,2021-06-30 15:30:00,MQ
29.96,30.0,29.92,29.9235,2258,2021-06-30 15:35:00,MQ
29.9965,30.16,29.96,30.1,29889,2021-06-30 15:40:00,MQ
30.075,30.16,30.001,30.095,17186,2021-06-30 15:45:00,MQ
30.15,30.15,29.95,30.015,8792,2021-06-30 15:50:00,MQ
30.04,30.08,30.001,30.08,3174,2021-06-30 15:55:00,MQ
30.0,30.07,29.94,29.95,3188,2021-06-30 16:00:00,MQ
29.9365,29.985,29.93,29.95,840,2021-06-30 16:05:00,MQ
29.95,29.95,29.71,29.78,15186,2021-06-30 16:10:00,MQ
29.7,29.9,29.7,29.9,4115,2021-06-30 16:15:00,MQ
29.9102,29.9102,29.835,29.835,8064,2021-06-30 16:20:00,MQ
29.81,29.86,29.74,29.76,8418,2021-06-30 16:25:00,MQ
29.76,29.78,29.62,29.69,7098,2021-06-30 16:30:00,MQ
29.61,29.64,29.25,29.25,13543,2021-06-30 16:35:00,MQ
29.365,29.5494,29.31,29.35,11440,2021-06-30 16:40:00,MQ
29.39,29.45,29.13,29.45,41277,2021-06-30 16:45:00,MQ
29.28,29.32,29.205,29.205,4985,2021-06-30 16:50:00,MQ
29.14,29.3,29.07,29.29,13213,2021-06-30 16:55:00,MQ
29.29,29.7186,29.22,29.61,15172,2021-06-30 17:00:00,MQ
29.61,29.7018,29.51,29.52,4479,2021-06-30 17:05:00,MQ
29.545,29.65,29.53,29.6,4769,2021-06-30 17:10:00,MQ
29.6,29.65,29.6,29.65,1300,2021-06-30 17:15:00,MQ
29.58,29.7495,29.52,29.64,14423,2021-06-30 17:20:00,MQ
29.63,29.74,29.62,29.65,4742,2021-06-30 17:25:00,MQ
29.61,29.68,29.6,29.65,2518,2021-06-30 17:30:00,MQ
29.65,29.74,29.51,29.51,5669,2021-06-30 17:35:00,MQ
29.59,29.614,29.53,29.545,850,2021-06-30 17:40:00,MQ
29.545,29.65,29.45,29.46,1201,2021-06-30 17:45:00,MQ
29.53,29.53,29.34,29.35,6390,2021-06-30 17:50:00,MQ
29.44,29.66,29.34,29.475,6004,2021-06-30 17:55:00,MQ
29.34,29.44,29.34,29.34,3500,2021-06-30 18:00:00,MQ
29.31,29.4,29.07,29.1,18931,2021-06-30 18:05:00,MQ
29.1,29.21,29.01,29.01,6954,2021-06-30 18:10:00,MQ
29.02,29.18,28.82,28.83,18788,2021-06-30 18:15:00,MQ
28.85,29.0,28.75,28.76,10950,2021-06-30 18:20:00,MQ
28.77,28.92,28.69,28.78,4240,2021-06-30 18:25:00,MQ
28.76,28.88,28.74,28.76,13225,2021-06-30 18:30:00,MQ
28.765,28.86,28.75,28.79,6087,2021-06-30 18:35:00,MQ
28.79,28.89,28.6801,28.78,10980,2021-06-30 18:40:00,MQ
28.87,28.94,28.74,28.91,5972,2021-06-30 18:45:00,MQ
28.91,28.9499,28.8,28.88,2016,2021-06-30 18:50:00,MQ
28.88,28.91,28.81,28.81,2383,2021-06-30 18:55:00,MQ
28.81,28.95,28.79,28.94,3200,2021-06-30 19:00:00,MQ
28.91,28.96,28.905,28.905,1972,2021-06-30 19:05:00,MQ
28.96,29.0,28.9,28.9,1509,2021-06-30 19:10:00,MQ
28.9419,29.03,28.91,28.96,8266,2021-06-30 19:15:00,MQ
28.955,29.01,28.86,28.925,6425,2021-06-30 19:20:00,MQ
28.92,29.0,28.915,29.0,4881,2021-06-30 19:25:00,MQ
28.995,28.995,28.81,28.82,6596,2021-06-30 19:30:00,MQ
28.85,28.88,28.84,28.84,1200,2021-06-30 19:35:00,MQ
28.84,28.87,28.62,28.74,15003,2021-06-30 19:40:00,MQ
28.74,28.77,28.65,28.65,18744,2021-06-30 19:45:00,MQ
28.65,28.6799,28.1,28.1,28707,2021-06-30 19:50:00,MQ
28.1,28.13,27.72,28.13,176754,2021-06-30 19:55:00,MQ
28.07,28.15,28.07,28.07,162305,2021-06-30 20:00:00,MQ
28.35,28.35,28.35,28.35,600,2021-06-30 20:55:00,MQ
28.3,28.3,28.3,28.3,207,2021-06-30 22:20:00,MQ
28.5,28.5,28.5,28.5,100,2021-06-30 22:35:00,MQ
28.3,28.3,28.3,28.3,393,2021-06-30 22:50:00,MQ
28.3,28.3,28.3,28.3,107,2021-06-30 23:50:00,MQ
