open,high,low,close,volume,datetime,symbol
1.21,1.21,1.21,1.21,106,2021-06-01 08:10:00,TXMD
1.21,1.21,1.21,1.21,100,2021-06-01 10:05:00,TXMD
1.26,1.26,1.26,1.26,2705,2021-06-01 10:50:00,TXMD
1.27,1.27,1.27,1.27,1100,2021-06-01 10:55:00,TXMD
1.22,1.22,1.22,1.22,400,2021-06-01 11:20:00,TXMD
1.22,1.22,1.21,1.21,700,2021-06-01 11:30:00,TXMD
1.22,1.22,1.22,1.22,200,2021-06-01 11:40:00,TXMD
1.22,1.22,1.22,1.22,100,2021-06-01 12:15:00,TXMD
1.22,1.22,1.22,1.22,100,2021-06-01 12:30:00,TXMD
1.22,1.23,1.22,1.23,375,2021-06-01 12:55:00,TXMD
1.24,1.24,1.24,1.24,500,2021-06-01 13:00:00,TXMD
1.24,1.24,1.24,1.24,407,2021-06-01 13:05:00,TXMD
1.22,1.24,1.22,1.24,2762,2021-06-01 13:10:00,TXMD
1.24,1.24,1.22,1.24,500,2021-06-01 13:15:00,TXMD
1.22,1.22,1.22,1.22,603,2021-06-01 13:20:00,TXMD
1.24,1.24,1.24,1.24,408,2021-06-01 13:25:00,TXMD
1.23,1.24,1.21,1.2176,279868,2021-06-01 13:30:00,TXMD
1.2176,1.23,1.21,1.23,43291,2021-06-01 13:35:00,TXMD
1.2279,1.23,1.22,1.225,139925,2021-06-01 13:40:00,TXMD
1.23,1.23,1.22,1.22,10051,2021-06-01 13:45:00,TXMD
1.225,1.23,1.22,1.23,14118,2021-06-01 13:50:00,TXMD
1.225,1.23,1.22,1.225,138384,2021-06-01 13:55:00,TXMD
1.23,1.23,1.22,1.22,35310,2021-06-01 14:00:00,TXMD
1.22,1.23,1.22,1.23,16408,2021-06-01 14:05:00,TXMD
1.23,1.23,1.21,1.22,68067,2021-06-01 14:10:00,TXMD
1.214,1.22,1.2125,1.2176,22980,2021-06-01 14:15:00,TXMD
1.22,1.22,1.21,1.22,7007,2021-06-01 14:20:00,TXMD
1.22,1.22,1.21,1.22,9360,2021-06-01 14:25:00,TXMD
1.21,1.22,1.21,1.215,7761,2021-06-01 14:30:00,TXMD
1.2177,1.22,1.21,1.21,4493,2021-06-01 14:35:00,TXMD
1.2149,1.22,1.21,1.21,12192,2021-06-01 14:40:00,TXMD
1.21,1.22,1.21,1.22,37603,2021-06-01 14:45:00,TXMD
1.22,1.22,1.21,1.215,41207,2021-06-01 14:50:00,TXMD
1.2175,1.22,1.21,1.22,16226,2021-06-01 14:55:00,TXMD
1.22,1.22,1.21,1.21,20965,2021-06-01 15:00:00,TXMD
1.21,1.22,1.21,1.22,16024,2021-06-01 15:05:00,TXMD
1.21,1.22,1.21,1.21,57936,2021-06-01 15:10:00,TXMD
1.21,1.22,1.21,1.215,4465,2021-06-01 15:15:00,TXMD
1.215,1.22,1.21,1.21,59276,2021-06-01 15:20:00,TXMD
1.215,1.22,1.21,1.22,17947,2021-06-01 15:25:00,TXMD
1.22,1.22,1.21,1.215,13131,2021-06-01 15:30:00,TXMD
1.215,1.22,1.21,1.22,16147,2021-06-01 15:35:00,TXMD
1.22,1.22,1.21,1.21,13453,2021-06-01 15:40:00,TXMD
1.22,1.22,1.21,1.22,9553,2021-06-01 15:45:00,TXMD
1.215,1.22,1.21,1.21,12445,2021-06-01 15:50:00,TXMD
1.22,1.22,1.21,1.22,2880,2021-06-01 15:55:00,TXMD
1.2147,1.22,1.21,1.21,6838,2021-06-01 16:00:00,TXMD
1.21,1.22,1.21,1.21,36210,2021-06-01 16:05:00,TXMD
1.21,1.22,1.2,1.21,167541,2021-06-01 16:10:00,TXMD
1.2073,1.21,1.2046,1.21,21141,2021-06-01 16:15:00,TXMD
1.2072,1.22,1.2,1.22,96612,2021-06-01 16:20:00,TXMD
1.22,1.22,1.21,1.22,7419,2021-06-01 16:25:00,TXMD
1.22,1.22,1.21,1.215,23424,2021-06-01 16:30:00,TXMD
1.22,1.22,1.215,1.22,11878,2021-06-01 16:35:00,TXMD
1.22,1.22,1.21,1.22,73239,2021-06-01 16:40:00,TXMD
1.22,1.22,1.21,1.21,23069,2021-06-01 16:45:00,TXMD
1.21,1.22,1.21,1.215,37854,2021-06-01 16:50:00,TXMD
1.21,1.22,1.21,1.21,6740,2021-06-01 16:55:00,TXMD
1.2167,1.22,1.21,1.22,4745,2021-06-01 17:00:00,TXMD
1.21,1.22,1.21,1.22,34130,2021-06-01 17:05:00,TXMD
1.22,1.23,1.21,1.23,72066,2021-06-01 17:10:00,TXMD
1.225,1.24,1.22,1.24,130963,2021-06-01 17:15:00,TXMD
1.2351,1.24,1.23,1.23,53176,2021-06-01 17:20:00,TXMD
1.24,1.24,1.23,1.23,11357,2021-06-01 17:25:00,TXMD
1.2383,1.24,1.23,1.23,59062,2021-06-01 17:30:00,TXMD
1.23,1.24,1.23,1.2335,27447,2021-06-01 17:35:00,TXMD
1.24,1.24,1.23,1.24,29416,2021-06-01 17:40:00,TXMD
1.235,1.24,1.23,1.23,28297,2021-06-01 17:45:00,TXMD
1.235,1.24,1.23,1.24,70247,2021-06-01 17:50:00,TXMD
1.235,1.24,1.23,1.24,26077,2021-06-01 17:55:00,TXMD
1.2351,1.24,1.23,1.2323,40864,2021-06-01 18:00:00,TXMD
1.24,1.24,1.23,1.235,36789,2021-06-01 18:05:00,TXMD
1.235,1.24,1.23,1.2339,22632,2021-06-01 18:10:00,TXMD
1.23,1.24,1.23,1.24,42125,2021-06-01 18:15:00,TXMD
1.235,1.24,1.23,1.24,13289,2021-06-01 18:20:00,TXMD
1.235,1.24,1.23,1.235,8297,2021-06-01 18:25:00,TXMD
1.24,1.24,1.23,1.235,34810,2021-06-01 18:30:00,TXMD
1.235,1.24,1.23,1.2361,31200,2021-06-01 18:35:00,TXMD
1.24,1.24,1.23,1.235,10738,2021-06-01 18:40:00,TXMD
1.235,1.235,1.23,1.235,9038,2021-06-01 18:45:00,TXMD
1.235,1.24,1.23,1.235,48460,2021-06-01 18:50:00,TXMD
1.23,1.24,1.23,1.23,30411,2021-06-01 18:55:00,TXMD
1.235,1.25,1.23,1.235,626290,2021-06-01 19:00:00,TXMD
1.235,1.25,1.23,1.2469,215271,2021-06-01 19:05:00,TXMD
1.24,1.25,1.24,1.25,17550,2021-06-01 19:10:00,TXMD
1.25,1.25,1.24,1.25,24650,2021-06-01 19:15:00,TXMD
1.25,1.25,1.24,1.25,44128,2021-06-01 19:20:00,TXMD
1.245,1.25,1.24,1.25,25076,2021-06-01 19:25:00,TXMD
1.25,1.25,1.24,1.25,21175,2021-06-01 19:30:00,TXMD
1.25,1.25,1.24,1.25,20750,2021-06-01 19:35:00,TXMD
1.25,1.25,1.24,1.25,41477,2021-06-01 19:40:00,TXMD
1.245,1.25,1.24,1.245,58387,2021-06-01 19:45:00,TXMD
1.248,1.25,1.24,1.24,129537,2021-06-01 19:50:00,TXMD
1.245,1.25,1.24,1.25,188431,2021-06-01 19:55:00,TXMD
1.25,1.25,1.25,1.25,209313,2021-06-01 20:00:00,TXMD
1.23,1.24,1.23,1.23,882,2021-06-01 20:05:00,TXMD
1.24,1.24,1.23,1.23,400,2021-06-01 20:10:00,TXMD
1.23,1.23,1.23,1.23,250,2021-06-01 20:15:00,TXMD
1.23,1.23,1.23,1.23,200,2021-06-01 20:20:00,TXMD
1.23,1.23,1.23,1.23,600,2021-06-01 20:25:00,TXMD
1.23,1.24,1.23,1.24,1811,2021-06-01 20:30:00,TXMD
1.24,1.24,1.24,1.24,100,2021-06-01 20:35:00,TXMD
1.23,1.23,1.23,1.23,328,2021-06-01 20:40:00,TXMD
1.24,1.24,1.24,1.24,2400,2021-06-01 20:45:00,TXMD
1.25,1.25,1.25,1.25,200,2021-06-01 20:50:00,TXMD
1.23,1.23,1.23,1.23,4016,2021-06-01 20:55:00,TXMD
1.23,1.23,1.23,1.23,675,2021-06-01 21:00:00,TXMD
1.23,1.23,1.23,1.23,164,2021-06-01 21:05:00,TXMD
1.23,1.23,1.23,1.23,199,2021-06-01 21:10:00,TXMD
1.25,1.25,1.25,1.25,161,2021-06-01 21:20:00,TXMD
1.24,1.24,1.24,1.24,200,2021-06-01 21:25:00,TXMD
1.23,1.25,1.23,1.25,340,2021-06-01 21:30:00,TXMD
1.23,1.25,1.23,1.23,24030,2021-06-01 21:35:00,TXMD
1.23,1.23,1.23,1.23,274,2021-06-01 21:50:00,TXMD
1.23,1.23,1.23,1.23,1200,2021-06-01 21:55:00,TXMD
1.23,1.23,1.23,1.23,4000,2021-06-01 22:00:00,TXMD
1.23,1.23,1.23,1.23,300,2021-06-01 22:05:00,TXMD
1.23,1.23,1.23,1.23,491,2021-06-01 22:55:00,TXMD
1.23,1.23,1.23,1.23,159,2021-06-01 23:40:00,TXMD
1.22,1.22,1.22,1.22,2500,2021-06-02 08:50:00,TXMD
1.22,1.22,1.22,1.22,1600,2021-06-02 09:55:00,TXMD
1.22,1.22,1.22,1.22,205,2021-06-02 10:10:00,TXMD
1.22,1.22,1.22,1.22,121,2021-06-02 11:35:00,TXMD
1.23,1.23,1.23,1.23,299,2021-06-02 12:20:00,TXMD
1.23,1.23,1.23,1.23,200,2021-06-02 12:30:00,TXMD
1.2301,1.2301,1.2301,1.2301,200,2021-06-02 12:45:00,TXMD
1.23,1.23,1.23,1.23,600,2021-06-02 12:50:00,TXMD
1.23,1.23,1.23,1.23,5393,2021-06-02 13:00:00,TXMD
1.24,1.24,1.23,1.23,1251,2021-06-02 13:10:00,TXMD
1.23,1.24,1.23,1.24,4245,2021-06-02 13:15:00,TXMD
1.23,1.24,1.23,1.24,302,2021-06-02 13:20:00,TXMD
1.23,1.24,1.22,1.22,4299,2021-06-02 13:25:00,TXMD
1.24,1.241,1.23,1.241,50770,2021-06-02 13:30:00,TXMD
1.2401,1.25,1.24,1.245,17894,2021-06-02 13:35:00,TXMD
1.2419,1.2496,1.2401,1.2421,25850,2021-06-02 13:40:00,TXMD
1.25,1.26,1.25,1.255,46290,2021-06-02 13:45:00,TXMD
1.2582,1.26,1.2501,1.26,29039,2021-06-02 13:50:00,TXMD
1.255,1.26,1.25,1.25,40776,2021-06-02 13:55:00,TXMD
1.2554,1.26,1.24,1.245,252259,2021-06-02 14:00:00,TXMD
1.241,1.25,1.24,1.24,7517,2021-06-02 14:05:00,TXMD
1.245,1.25,1.24,1.2454,91049,2021-06-02 14:10:00,TXMD
1.2432,1.26,1.24,1.2525,125738,2021-06-02 14:15:00,TXMD
1.25,1.26,1.25,1.26,20429,2021-06-02 14:20:00,TXMD
1.2576,1.26,1.25,1.2548,13958,2021-06-02 14:25:00,TXMD
1.2547,1.26,1.25,1.25,22095,2021-06-02 14:30:00,TXMD
1.2504,1.26,1.24,1.25,53646,2021-06-02 14:35:00,TXMD
1.2478,1.25,1.24,1.25,80870,2021-06-02 14:40:00,TXMD
1.2446,1.25,1.2446,1.25,9079,2021-06-02 14:45:00,TXMD
1.25,1.26,1.24,1.25,227019,2021-06-02 14:50:00,TXMD
1.2478,1.26,1.2401,1.25,157259,2021-06-02 14:55:00,TXMD
1.25,1.25,1.24,1.25,3760,2021-06-02 15:00:00,TXMD
1.25,1.25,1.24,1.25,11474,2021-06-02 15:05:00,TXMD
1.2475,1.25,1.2445,1.25,5248,2021-06-02 15:10:00,TXMD
1.25,1.25,1.245,1.2463,8400,2021-06-02 15:15:00,TXMD
1.245,1.25,1.245,1.245,17066,2021-06-02 15:20:00,TXMD
1.2446,1.26,1.2433,1.26,52520,2021-06-02 15:25:00,TXMD
1.2564,1.26,1.24,1.25,133697,2021-06-02 15:30:00,TXMD
1.245,1.25,1.24,1.2469,11694,2021-06-02 15:35:00,TXMD
1.24,1.25,1.24,1.25,29277,2021-06-02 15:40:00,TXMD
1.2499,1.25,1.24,1.2444,25150,2021-06-02 15:45:00,TXMD
1.25,1.25,1.24,1.245,62942,2021-06-02 15:50:00,TXMD
1.2434,1.25,1.235,1.2369,60284,2021-06-02 15:55:00,TXMD
1.235,1.24,1.23,1.2348,18774,2021-06-02 16:00:00,TXMD
1.23,1.2399,1.23,1.235,24029,2021-06-02 16:05:00,TXMD
1.235,1.236,1.23,1.2337,15075,2021-06-02 16:10:00,TXMD
1.2337,1.238,1.23,1.2337,28715,2021-06-02 16:15:00,TXMD
1.23,1.23,1.22,1.2245,103182,2021-06-02 16:20:00,TXMD
1.225,1.2268,1.22,1.2254,94658,2021-06-02 16:25:00,TXMD
1.2249,1.23,1.22,1.22,44602,2021-06-02 16:30:00,TXMD
1.225,1.23,1.22,1.2243,18088,2021-06-02 16:35:00,TXMD
1.23,1.23,1.22,1.225,40223,2021-06-02 16:40:00,TXMD
1.2253,1.23,1.22,1.22,62438,2021-06-02 16:45:00,TXMD
1.225,1.23,1.22,1.225,45479,2021-06-02 16:50:00,TXMD
1.225,1.23,1.22,1.2223,62422,2021-06-02 16:55:00,TXMD
1.22,1.23,1.22,1.23,41194,2021-06-02 17:00:00,TXMD
1.225,1.23,1.22,1.225,20061,2021-06-02 17:05:00,TXMD
1.2299,1.23,1.22,1.23,36560,2021-06-02 17:10:00,TXMD
1.23,1.23,1.22,1.225,46823,2021-06-02 17:15:00,TXMD
1.225,1.23,1.22,1.2241,27478,2021-06-02 17:20:00,TXMD
1.225,1.23,1.21,1.22,252745,2021-06-02 17:25:00,TXMD
1.215,1.22,1.21,1.22,21910,2021-06-02 17:30:00,TXMD
1.215,1.22,1.21,1.22,28514,2021-06-02 17:35:00,TXMD
1.2142,1.22,1.21,1.2144,31255,2021-06-02 17:40:00,TXMD
1.22,1.22,1.21,1.2165,208890,2021-06-02 17:45:00,TXMD
1.2165,1.225,1.21,1.215,92067,2021-06-02 17:50:00,TXMD
1.215,1.23,1.21,1.23,113066,2021-06-02 17:55:00,TXMD
1.2251,1.23,1.22,1.22,16180,2021-06-02 18:00:00,TXMD
1.22,1.23,1.22,1.225,17514,2021-06-02 18:05:00,TXMD
1.225,1.23,1.22,1.22,26208,2021-06-02 18:10:00,TXMD
1.22,1.23,1.22,1.2257,26665,2021-06-02 18:15:00,TXMD
1.2255,1.23,1.22,1.22,13242,2021-06-02 18:20:00,TXMD
1.23,1.23,1.22,1.23,7940,2021-06-02 18:25:00,TXMD
1.225,1.23,1.22,1.22,31040,2021-06-02 18:30:00,TXMD
1.22,1.23,1.22,1.225,16486,2021-06-02 18:35:00,TXMD
1.225,1.23,1.22,1.225,7617,2021-06-02 18:40:00,TXMD
1.22,1.23,1.22,1.22,16166,2021-06-02 18:45:00,TXMD
1.2249,1.23,1.22,1.22,33168,2021-06-02 18:50:00,TXMD
1.22,1.23,1.22,1.23,17358,2021-06-02 18:55:00,TXMD
1.225,1.23,1.22,1.2236,26555,2021-06-02 19:00:00,TXMD
1.2251,1.23,1.22,1.22,26119,2021-06-02 19:05:00,TXMD
1.22,1.23,1.22,1.23,70673,2021-06-02 19:10:00,TXMD
1.225,1.23,1.22,1.2299,50639,2021-06-02 19:15:00,TXMD
1.225,1.23,1.22,1.23,7708,2021-06-02 19:20:00,TXMD
1.22,1.23,1.22,1.222,44958,2021-06-02 19:25:00,TXMD
1.225,1.23,1.22,1.22,66381,2021-06-02 19:30:00,TXMD
1.22,1.23,1.22,1.225,9034,2021-06-02 19:35:00,TXMD
1.2257,1.23,1.22,1.23,15510,2021-06-02 19:40:00,TXMD
1.225,1.23,1.22,1.225,76471,2021-06-02 19:45:00,TXMD
1.22,1.23,1.22,1.22,154315,2021-06-02 19:50:00,TXMD
1.225,1.23,1.22,1.23,255080,2021-06-02 19:55:00,TXMD
1.23,1.24,1.22,1.22,161577,2021-06-02 20:00:00,TXMD
1.23,1.23,1.23,1.23,500,2021-06-02 20:05:00,TXMD
1.23,1.23,1.22,1.22,494,2021-06-02 20:10:00,TXMD
1.22,1.23,1.22,1.23,7116,2021-06-02 20:15:00,TXMD
1.22,1.22,1.22,1.22,920,2021-06-02 20:20:00,TXMD
1.23,1.23,1.22,1.23,3170,2021-06-02 20:25:00,TXMD
1.22,1.23,1.22,1.23,400,2021-06-02 20:30:00,TXMD
1.22,1.22,1.22,1.22,231,2021-06-02 20:35:00,TXMD
1.23,1.23,1.22,1.22,420,2021-06-02 20:45:00,TXMD
1.23,1.23,1.23,1.23,100,2021-06-02 20:50:00,TXMD
1.22,1.23,1.22,1.23,1100,2021-06-02 20:55:00,TXMD
1.24,1.24,1.23,1.23,742,2021-06-02 21:10:00,TXMD
1.24,1.24,1.23,1.23,722,2021-06-02 21:15:00,TXMD
1.23,1.23,1.23,1.23,1747,2021-06-02 21:20:00,TXMD
1.24,1.24,1.24,1.24,161,2021-06-02 21:25:00,TXMD
1.23,1.2301,1.23,1.2301,517,2021-06-02 21:35:00,TXMD
1.24,1.24,1.24,1.24,495,2021-06-02 21:40:00,TXMD
1.23,1.23,1.23,1.23,746,2021-06-02 21:55:00,TXMD
1.24,1.24,1.24,1.24,400,2021-06-02 22:10:00,TXMD
1.24,1.24,1.24,1.24,141,2021-06-02 22:45:00,TXMD
1.24,1.24,1.24,1.24,934,2021-06-02 23:10:00,TXMD
1.24,1.24,1.24,1.24,502,2021-06-02 23:50:00,TXMD
1.23,1.23,1.23,1.23,300,2021-06-02 23:55:00,TXMD
1.23,1.23,1.23,1.23,200,2021-06-03 10:00:00,TXMD
1.22,1.22,1.22,1.22,100,2021-06-03 11:20:00,TXMD
1.23,1.23,1.23,1.23,200,2021-06-03 11:40:00,TXMD
1.2201,1.2201,1.22,1.22,1200,2021-06-03 12:50:00,TXMD
1.22,1.23,1.22,1.23,1531,2021-06-03 12:55:00,TXMD
1.23,1.23,1.22,1.22,1195,2021-06-03 13:00:00,TXMD
1.23,1.23,1.22,1.22,2600,2021-06-03 13:05:00,TXMD
1.22,1.23,1.22,1.23,2411,2021-06-03 13:10:00,TXMD
1.22,1.23,1.22,1.23,305,2021-06-03 13:15:00,TXMD
1.22,1.23,1.21,1.21,19736,2021-06-03 13:20:00,TXMD
1.23,1.23,1.21,1.21,1379,2021-06-03 13:25:00,TXMD
1.2261,1.23,1.21,1.22,195603,2021-06-03 13:30:00,TXMD
1.2201,1.23,1.22,1.22,39934,2021-06-03 13:35:00,TXMD
1.22,1.2294,1.21,1.2126,51248,2021-06-03 13:40:00,TXMD
1.2188,1.22,1.2,1.205,221444,2021-06-03 13:45:00,TXMD
1.2,1.2222,1.2,1.2221,78170,2021-06-03 13:50:00,TXMD
1.2281,1.23,1.215,1.22,64377,2021-06-03 13:55:00,TXMD
1.2181,1.23,1.212,1.2299,37429,2021-06-03 14:00:00,TXMD
1.2222,1.24,1.22,1.24,78213,2021-06-03 14:05:00,TXMD
1.235,1.24,1.23,1.24,132458,2021-06-03 14:10:00,TXMD
1.24,1.24,1.23,1.24,57276,2021-06-03 14:15:00,TXMD
1.24,1.25,1.23,1.24,104445,2021-06-03 14:20:00,TXMD
1.25,1.25,1.24,1.24,120594,2021-06-03 14:25:00,TXMD
1.24,1.2417,1.23,1.2417,127560,2021-06-03 14:30:00,TXMD
1.245,1.25,1.23,1.2424,435507,2021-06-03 14:35:00,TXMD
1.2461,1.25,1.23,1.25,149619,2021-06-03 14:40:00,TXMD
1.245,1.27,1.24,1.27,312978,2021-06-03 14:45:00,TXMD
1.26,1.2659,1.24,1.2572,568877,2021-06-03 14:50:00,TXMD
1.2571,1.26,1.245,1.255,124800,2021-06-03 14:55:00,TXMD
1.25,1.26,1.25,1.26,34180,2021-06-03 15:00:00,TXMD
1.26,1.26,1.25,1.26,15746,2021-06-03 15:05:00,TXMD
1.25,1.26,1.25,1.255,51732,2021-06-03 15:10:00,TXMD
1.26,1.26,1.24,1.245,67424,2021-06-03 15:15:00,TXMD
1.245,1.25,1.24,1.245,37394,2021-06-03 15:20:00,TXMD
1.2484,1.25,1.24,1.2423,14632,2021-06-03 15:25:00,TXMD
1.2483,1.255,1.2423,1.2423,79916,2021-06-03 15:30:00,TXMD
1.245,1.25,1.24,1.25,2705,2021-06-03 15:35:00,TXMD
1.245,1.25,1.24,1.24,11988,2021-06-03 15:40:00,TXMD
1.2483,1.25,1.24,1.2418,57511,2021-06-03 15:45:00,TXMD
1.2415,1.2419,1.23,1.235,63528,2021-06-03 15:50:00,TXMD
1.235,1.24,1.2311,1.24,31449,2021-06-03 15:55:00,TXMD
1.24,1.25,1.2335,1.25,36938,2021-06-03 16:00:00,TXMD
1.25,1.25,1.24,1.25,27121,2021-06-03 16:05:00,TXMD
1.25,1.25,1.24,1.2432,5138,2021-06-03 16:10:00,TXMD
1.25,1.25,1.2445,1.25,8053,2021-06-03 16:15:00,TXMD
1.25,1.25,1.24,1.25,13484,2021-06-03 16:20:00,TXMD
1.25,1.25,1.24,1.25,17567,2021-06-03 16:25:00,TXMD
1.25,1.25,1.24,1.245,6360,2021-06-03 16:30:00,TXMD
1.25,1.25,1.24,1.24,5465,2021-06-03 16:35:00,TXMD
1.25,1.25,1.24,1.25,9610,2021-06-03 16:40:00,TXMD
1.25,1.25,1.24,1.2455,7626,2021-06-03 16:45:00,TXMD
1.25,1.25,1.24,1.25,7536,2021-06-03 16:50:00,TXMD
1.2443,1.25,1.24,1.25,4410,2021-06-03 16:55:00,TXMD
1.2451,1.25,1.24,1.25,4366,2021-06-03 17:00:00,TXMD
1.245,1.25,1.24,1.25,39980,2021-06-03 17:05:00,TXMD
1.25,1.25,1.24,1.25,10249,2021-06-03 17:10:00,TXMD
1.25,1.25,1.2444,1.25,4431,2021-06-03 17:15:00,TXMD
1.245,1.25,1.24,1.245,8008,2021-06-03 17:20:00,TXMD
1.25,1.25,1.24,1.25,9314,2021-06-03 17:25:00,TXMD
1.245,1.25,1.24,1.24,45160,2021-06-03 17:30:00,TXMD
1.245,1.25,1.24,1.25,9480,2021-06-03 17:35:00,TXMD
1.2421,1.25,1.24,1.25,19124,2021-06-03 17:40:00,TXMD
1.2452,1.25,1.24,1.2448,36747,2021-06-03 17:45:00,TXMD
1.25,1.25,1.2439,1.25,4442,2021-06-03 17:50:00,TXMD
1.245,1.25,1.2417,1.25,25606,2021-06-03 17:55:00,TXMD
1.25,1.25,1.24,1.25,7298,2021-06-03 18:00:00,TXMD
1.25,1.25,1.24,1.25,4664,2021-06-03 18:05:00,TXMD
1.25,1.25,1.24,1.2469,11941,2021-06-03 18:10:00,TXMD
1.25,1.25,1.24,1.25,91627,2021-06-03 18:15:00,TXMD
1.2401,1.25,1.24,1.24,6184,2021-06-03 18:20:00,TXMD
1.25,1.25,1.24,1.25,6597,2021-06-03 18:25:00,TXMD
1.245,1.25,1.24,1.25,8632,2021-06-03 18:30:00,TXMD
1.2438,1.25,1.24,1.24,13337,2021-06-03 18:35:00,TXMD
1.25,1.25,1.2435,1.245,3102,2021-06-03 18:40:00,TXMD
1.25,1.25,1.2404,1.245,2302,2021-06-03 18:45:00,TXMD
1.24,1.25,1.24,1.24,2337,2021-06-03 18:50:00,TXMD
1.24,1.25,1.24,1.24,9084,2021-06-03 18:55:00,TXMD
1.245,1.25,1.24,1.24,10962,2021-06-03 19:00:00,TXMD
1.25,1.25,1.24,1.245,32003,2021-06-03 19:05:00,TXMD
1.245,1.25,1.24,1.24,18343,2021-06-03 19:10:00,TXMD
1.245,1.25,1.24,1.25,31077,2021-06-03 19:15:00,TXMD
1.24,1.25,1.24,1.245,29855,2021-06-03 19:20:00,TXMD
1.245,1.25,1.24,1.25,25400,2021-06-03 19:25:00,TXMD
1.25,1.25,1.24,1.25,35851,2021-06-03 19:30:00,TXMD
1.25,1.25,1.24,1.25,31197,2021-06-03 19:35:00,TXMD
1.25,1.25,1.24,1.25,51436,2021-06-03 19:40:00,TXMD
1.25,1.25,1.24,1.25,46908,2021-06-03 19:45:00,TXMD
1.25,1.25,1.24,1.24,208954,2021-06-03 19:50:00,TXMD
1.245,1.25,1.24,1.25,171794,2021-06-03 19:55:00,TXMD
1.25,1.25,1.24,1.24,169661,2021-06-03 20:00:00,TXMD
1.24,1.24,1.24,1.24,121,2021-06-03 20:05:00,TXMD
1.24,1.24,1.24,1.24,159,2021-06-03 20:10:00,TXMD
1.24,1.24,1.24,1.24,400,2021-06-03 20:15:00,TXMD
1.24,1.24,1.24,1.24,1356,2021-06-03 20:20:00,TXMD
1.24,1.24,1.23,1.23,2402,2021-06-03 20:25:00,TXMD
1.23,1.23,1.23,1.23,124,2021-06-03 20:30:00,TXMD
1.23,1.23,1.23,1.23,129,2021-06-03 20:35:00,TXMD
1.23,1.25,1.23,1.25,900,2021-06-03 20:45:00,TXMD
1.25,1.25,1.23,1.23,1306,2021-06-03 20:50:00,TXMD
1.23,1.23,1.23,1.23,1689,2021-06-03 20:55:00,TXMD
1.25,1.25,1.25,1.25,100,2021-06-03 21:05:00,TXMD
1.23,1.24,1.23,1.23,2178,2021-06-03 21:10:00,TXMD
1.24,1.24,1.24,1.24,810,2021-06-03 21:15:00,TXMD
1.23,1.23,1.23,1.23,188,2021-06-03 21:20:00,TXMD
1.23,1.25,1.23,1.23,1156,2021-06-03 21:30:00,TXMD
1.25,1.25,1.25,1.25,23970,2021-06-03 21:35:00,TXMD
1.2483,1.25,1.2483,1.25,300,2021-06-03 21:40:00,TXMD
1.2492,1.25,1.24,1.24,800,2021-06-03 21:45:00,TXMD
1.2485,1.25,1.2485,1.25,324,2021-06-03 21:55:00,TXMD
1.23,1.23,1.23,1.23,849,2021-06-03 22:40:00,TXMD
1.24,1.24,1.24,1.24,400,2021-06-03 23:10:00,TXMD
1.24,1.24,1.24,1.24,1400,2021-06-03 23:25:00,TXMD
1.23,1.23,1.23,1.23,2500,2021-06-03 23:40:00,TXMD
1.24,1.24,1.24,1.24,200,2021-06-03 23:45:00,TXMD
1.23,1.23,1.23,1.23,400,2021-06-03 23:55:00,TXMD
1.24,1.24,1.23,1.23,700,2021-06-04 08:35:00,TXMD
1.23,1.23,1.23,1.23,399,2021-06-04 10:55:00,TXMD
1.23,1.23,1.23,1.23,1100,2021-06-04 11:00:00,TXMD
1.24,1.24,1.24,1.24,999,2021-06-04 11:05:00,TXMD
1.23,1.23,1.23,1.23,1740,2021-06-04 11:25:00,TXMD
1.23,1.23,1.23,1.23,750,2021-06-04 11:30:00,TXMD
1.23,1.23,1.23,1.23,330,2021-06-04 12:20:00,TXMD
1.23,1.24,1.23,1.24,1170,2021-06-04 12:30:00,TXMD
1.24,1.24,1.24,1.24,204,2021-06-04 12:40:00,TXMD
1.23,1.25,1.23,1.25,5812,2021-06-04 12:55:00,TXMD
1.23,1.25,1.23,1.23,4872,2021-06-04 13:00:00,TXMD
1.25,1.25,1.25,1.25,361,2021-06-04 13:05:00,TXMD
1.24,1.25,1.24,1.25,1268,2021-06-04 13:10:00,TXMD
1.24,1.24,1.24,1.24,622,2021-06-04 13:15:00,TXMD
1.25,1.25,1.25,1.25,1934,2021-06-04 13:20:00,TXMD
1.25,1.25,1.23,1.24,10898,2021-06-04 13:25:00,TXMD
1.24,1.249,1.23,1.2475,40326,2021-06-04 13:30:00,TXMD
1.2479,1.2499,1.24,1.2474,101875,2021-06-04 13:35:00,TXMD
1.2485,1.2499,1.24,1.2471,13701,2021-06-04 13:40:00,TXMD
1.24,1.2471,1.24,1.245,12579,2021-06-04 13:45:00,TXMD
1.2444,1.25,1.24,1.24,50747,2021-06-04 13:50:00,TXMD
1.2404,1.25,1.24,1.24,37180,2021-06-04 13:55:00,TXMD
1.24,1.24,1.23,1.2361,183203,2021-06-04 14:00:00,TXMD
1.23,1.2362,1.23,1.2362,33183,2021-06-04 14:05:00,TXMD
1.24,1.24,1.23,1.23,17870,2021-06-04 14:10:00,TXMD
1.2364,1.24,1.23,1.23,23842,2021-06-04 14:15:00,TXMD
1.23,1.23,1.22,1.222,64131,2021-06-04 14:20:00,TXMD
1.222,1.23,1.22,1.22,26394,2021-06-04 14:25:00,TXMD
1.22,1.23,1.22,1.222,118325,2021-06-04 14:30:00,TXMD
1.222,1.23,1.22,1.222,45717,2021-06-04 14:35:00,TXMD
1.225,1.23,1.22,1.22,60595,2021-06-04 14:40:00,TXMD
1.23,1.23,1.22,1.22,29412,2021-06-04 14:45:00,TXMD
1.22,1.23,1.22,1.225,145202,2021-06-04 14:50:00,TXMD
1.225,1.23,1.22,1.225,14720,2021-06-04 14:55:00,TXMD
1.2255,1.23,1.22,1.225,8146,2021-06-04 15:00:00,TXMD
1.221,1.23,1.22,1.225,39478,2021-06-04 15:05:00,TXMD
1.225,1.23,1.22,1.22,54029,2021-06-04 15:10:00,TXMD
1.222,1.23,1.22,1.22,19550,2021-06-04 15:15:00,TXMD
1.22,1.23,1.22,1.222,10702,2021-06-04 15:20:00,TXMD
1.23,1.23,1.22,1.23,17237,2021-06-04 15:25:00,TXMD
1.2285,1.23,1.22,1.22,19035,2021-06-04 15:30:00,TXMD
1.225,1.23,1.21,1.215,263579,2021-06-04 15:35:00,TXMD
1.215,1.22,1.21,1.215,47591,2021-06-04 15:40:00,TXMD
1.22,1.22,1.21,1.22,148480,2021-06-04 15:45:00,TXMD
1.22,1.22,1.21,1.215,12399,2021-06-04 15:50:00,TXMD
1.215,1.22,1.21,1.22,27976,2021-06-04 15:55:00,TXMD
1.22,1.22,1.21,1.22,41367,2021-06-04 16:00:00,TXMD
1.215,1.22,1.21,1.22,13784,2021-06-04 16:05:00,TXMD
1.21,1.22,1.21,1.215,16850,2021-06-04 16:10:00,TXMD
1.215,1.22,1.21,1.2144,56728,2021-06-04 16:15:00,TXMD
1.215,1.22,1.21,1.21,31743,2021-06-04 16:20:00,TXMD
1.215,1.22,1.21,1.2157,14138,2021-06-04 16:25:00,TXMD
1.21,1.22,1.21,1.22,7809,2021-06-04 16:30:00,TXMD
1.21,1.22,1.21,1.21,23989,2021-06-04 16:35:00,TXMD
1.22,1.22,1.21,1.21,101818,2021-06-04 16:40:00,TXMD
1.2144,1.22,1.21,1.22,2600,2021-06-04 16:45:00,TXMD
1.214,1.22,1.21,1.215,6072,2021-06-04 16:50:00,TXMD
1.21,1.22,1.21,1.21,26060,2021-06-04 16:55:00,TXMD
1.21,1.22,1.21,1.215,22962,2021-06-04 17:00:00,TXMD
1.2159,1.22,1.21,1.215,21504,2021-06-04 17:05:00,TXMD
1.215,1.22,1.21,1.21,52445,2021-06-04 17:10:00,TXMD
1.2157,1.22,1.21,1.22,38430,2021-06-04 17:15:00,TXMD
1.215,1.22,1.2112,1.22,54516,2021-06-04 17:20:00,TXMD
1.21,1.22,1.21,1.215,5721,2021-06-04 17:25:00,TXMD
1.215,1.22,1.2129,1.214,12456,2021-06-04 17:30:00,TXMD
1.22,1.22,1.21,1.215,10209,2021-06-04 17:35:00,TXMD
1.215,1.22,1.21,1.215,25341,2021-06-04 17:40:00,TXMD
1.215,1.22,1.21,1.215,54905,2021-06-04 17:45:00,TXMD
1.22,1.22,1.21,1.215,9934,2021-06-04 17:50:00,TXMD
1.215,1.22,1.21,1.215,12281,2021-06-04 17:55:00,TXMD
1.215,1.22,1.2143,1.22,10852,2021-06-04 18:00:00,TXMD
1.22,1.22,1.21,1.215,6276,2021-06-04 18:05:00,TXMD
1.2199,1.22,1.21,1.215,143908,2021-06-04 18:10:00,TXMD
1.22,1.22,1.2137,1.22,13031,2021-06-04 18:15:00,TXMD
1.215,1.22,1.21,1.215,8367,2021-06-04 18:20:00,TXMD
1.22,1.22,1.21,1.215,7748,2021-06-04 18:25:00,TXMD
1.22,1.22,1.21,1.215,32400,2021-06-04 18:30:00,TXMD
1.215,1.22,1.21,1.21,11845,2021-06-04 18:35:00,TXMD
1.215,1.22,1.21,1.22,18498,2021-06-04 18:40:00,TXMD
1.213,1.22,1.21,1.215,17179,2021-06-04 18:45:00,TXMD
1.215,1.22,1.21,1.215,87316,2021-06-04 18:50:00,TXMD
1.215,1.22,1.21,1.215,19344,2021-06-04 18:55:00,TXMD
1.21,1.22,1.21,1.22,13124,2021-06-04 19:00:00,TXMD
1.21,1.22,1.21,1.22,12287,2021-06-04 19:05:00,TXMD
1.2156,1.22,1.21,1.215,32678,2021-06-04 19:10:00,TXMD
1.22,1.22,1.21,1.21,5502,2021-06-04 19:15:00,TXMD
1.22,1.22,1.21,1.21,10116,2021-06-04 19:20:00,TXMD
1.215,1.22,1.21,1.21,21977,2021-06-04 19:25:00,TXMD
1.2143,1.22,1.21,1.22,23533,2021-06-04 19:30:00,TXMD
1.2145,1.22,1.21,1.21,16022,2021-06-04 19:35:00,TXMD
1.22,1.22,1.21,1.215,6741,2021-06-04 19:40:00,TXMD
1.215,1.22,1.21,1.215,23816,2021-06-04 19:45:00,TXMD
1.21,1.22,1.21,1.2139,47401,2021-06-04 19:50:00,TXMD
1.215,1.22,1.21,1.21,197183,2021-06-04 19:55:00,TXMD
1.21,1.22,1.21,1.21,145510,2021-06-04 20:00:00,TXMD
1.2199,1.22,1.2199,1.22,570,2021-06-04 20:05:00,TXMD
1.21,1.21,1.21,1.21,5000,2021-06-04 20:10:00,TXMD
1.21,1.21,1.21,1.21,240,2021-06-04 20:15:00,TXMD
1.22,1.22,1.22,1.22,100,2021-06-04 20:20:00,TXMD
1.22,1.22,1.22,1.22,250,2021-06-04 20:25:00,TXMD
1.21,1.21,1.21,1.21,1173,2021-06-04 20:30:00,TXMD
1.22,1.22,1.22,1.22,100,2021-06-04 20:35:00,TXMD
1.21,1.21,1.21,1.21,2000,2021-06-04 20:40:00,TXMD
1.22,1.22,1.21,1.21,2797,2021-06-04 20:45:00,TXMD
1.21,1.21,1.21,1.21,24719,2021-06-04 20:50:00,TXMD
1.21,1.22,1.21,1.22,347,2021-06-04 20:55:00,TXMD
1.22,1.22,1.22,1.22,100,2021-06-04 21:00:00,TXMD
1.21,1.22,1.21,1.22,5000,2021-06-04 21:05:00,TXMD
1.22,1.22,1.22,1.22,100,2021-06-04 21:15:00,TXMD
1.22,1.22,1.21,1.22,1322,2021-06-04 21:20:00,TXMD
1.22,1.22,1.215,1.215,2000,2021-06-04 21:25:00,TXMD
1.21,1.22,1.21,1.22,500,2021-06-04 21:35:00,TXMD
1.22,1.22,1.22,1.22,728,2021-06-04 21:45:00,TXMD
1.22,1.22,1.22,1.22,300,2021-06-04 21:50:00,TXMD
1.21,1.21,1.21,1.21,10142,2021-06-04 21:55:00,TXMD
1.21,1.21,1.21,1.21,13918,2021-06-04 22:05:00,TXMD
1.21,1.21,1.21,1.21,1000,2021-06-04 22:10:00,TXMD
1.22,1.22,1.22,1.22,166,2021-06-04 23:15:00,TXMD
1.22,1.22,1.22,1.22,750,2021-06-04 23:55:00,TXMD
1.2,1.2,1.2,1.2,119,2021-06-07 08:00:00,TXMD
1.21,1.21,1.21,1.21,100,2021-06-07 08:05:00,TXMD
1.2,1.2,1.2,1.2,759,2021-06-07 08:50:00,TXMD
1.23,1.23,1.23,1.23,1500,2021-06-07 11:20:00,TXMD
1.21,1.21,1.21,1.21,400,2021-06-07 11:30:00,TXMD
1.22,1.22,1.22,1.22,10000,2021-06-07 12:00:00,TXMD
1.2199,1.22,1.2199,1.22,1500,2021-06-07 12:20:00,TXMD
1.2199,1.22,1.2199,1.22,8500,2021-06-07 12:45:00,TXMD
1.22,1.22,1.22,1.22,7377,2021-06-07 12:55:00,TXMD
1.22,1.22,1.21,1.21,1200,2021-06-07 13:00:00,TXMD
1.22,1.22,1.21,1.22,31822,2021-06-07 13:05:00,TXMD
1.21,1.21,1.21,1.21,425,2021-06-07 13:10:00,TXMD
1.22,1.22,1.21,1.21,938,2021-06-07 13:15:00,TXMD
1.22,1.22,1.21,1.21,914,2021-06-07 13:20:00,TXMD
1.21,1.21,1.2,1.2,18977,2021-06-07 13:25:00,TXMD
1.19,1.21,1.19,1.2,247342,2021-06-07 13:30:00,TXMD
1.2,1.2096,1.2,1.2022,22704,2021-06-07 13:35:00,TXMD
1.2,1.21,1.2,1.21,15435,2021-06-07 13:40:00,TXMD
1.2087,1.22,1.2,1.2183,148641,2021-06-07 13:45:00,TXMD
1.2182,1.22,1.21,1.2178,24089,2021-06-07 13:50:00,TXMD
1.215,1.22,1.21,1.22,71109,2021-06-07 13:55:00,TXMD
1.22,1.23,1.21,1.22,59846,2021-06-07 14:00:00,TXMD
1.23,1.23,1.22,1.225,56149,2021-06-07 14:05:00,TXMD
1.22,1.23,1.22,1.23,53832,2021-06-07 14:10:00,TXMD
1.2264,1.23,1.22,1.23,27390,2021-06-07 14:15:00,TXMD
1.226,1.23,1.22,1.23,78834,2021-06-07 14:20:00,TXMD
1.23,1.24,1.225,1.23,157945,2021-06-07 14:25:00,TXMD
1.235,1.24,1.22,1.225,145066,2021-06-07 14:30:00,TXMD
1.225,1.229,1.2209,1.225,12560,2021-06-07 14:35:00,TXMD
1.225,1.2256,1.21,1.225,92763,2021-06-07 14:40:00,TXMD
1.225,1.23,1.22,1.23,24858,2021-06-07 14:45:00,TXMD
1.23,1.23,1.22,1.23,54820,2021-06-07 14:50:00,TXMD
1.23,1.24,1.225,1.24,83770,2021-06-07 14:55:00,TXMD
1.24,1.24,1.23,1.24,48707,2021-06-07 15:00:00,TXMD
1.235,1.24,1.23,1.24,28663,2021-06-07 15:05:00,TXMD
1.235,1.25,1.23,1.24,152537,2021-06-07 15:10:00,TXMD
1.2413,1.25,1.24,1.245,87550,2021-06-07 15:15:00,TXMD
1.25,1.25,1.24,1.25,25341,2021-06-07 15:20:00,TXMD
1.25,1.25,1.24,1.245,91051,2021-06-07 15:25:00,TXMD
1.24,1.25,1.24,1.24,27947,2021-06-07 15:30:00,TXMD
1.25,1.25,1.24,1.25,22509,2021-06-07 15:35:00,TXMD
1.245,1.25,1.24,1.245,48204,2021-06-07 15:40:00,TXMD
1.2456,1.25,1.24,1.245,17825,2021-06-07 15:45:00,TXMD
1.2423,1.25,1.24,1.245,9095,2021-06-07 15:50:00,TXMD
1.24,1.25,1.24,1.24,18283,2021-06-07 15:55:00,TXMD
1.2456,1.25,1.24,1.2414,72795,2021-06-07 16:00:00,TXMD
1.245,1.25,1.23,1.2389,146975,2021-06-07 16:05:00,TXMD
1.24,1.24,1.2301,1.2368,30359,2021-06-07 16:10:00,TXMD
1.24,1.24,1.2338,1.2361,13935,2021-06-07 16:15:00,TXMD
1.24,1.24,1.23,1.2399,27124,2021-06-07 16:20:00,TXMD
1.235,1.24,1.235,1.235,62047,2021-06-07 16:25:00,TXMD
1.235,1.24,1.23,1.2331,35685,2021-06-07 16:30:00,TXMD
1.24,1.24,1.23,1.235,32860,2021-06-07 16:35:00,TXMD
1.235,1.24,1.23,1.235,41804,2021-06-07 16:40:00,TXMD
1.235,1.24,1.23,1.235,18784,2021-06-07 16:45:00,TXMD
1.235,1.25,1.23,1.2428,114640,2021-06-07 16:50:00,TXMD
1.25,1.25,1.2401,1.2455,20328,2021-06-07 16:55:00,TXMD
1.25,1.25,1.24,1.25,42980,2021-06-07 17:00:00,TXMD
1.25,1.25,1.24,1.24,90637,2021-06-07 17:05:00,TXMD
1.24,1.2463,1.24,1.24,16137,2021-06-07 17:10:00,TXMD
1.245,1.25,1.24,1.25,19509,2021-06-07 17:15:00,TXMD
1.25,1.25,1.24,1.24,68178,2021-06-07 17:20:00,TXMD
1.245,1.25,1.24,1.2439,126816,2021-06-07 17:25:00,TXMD
1.245,1.25,1.24,1.25,11107,2021-06-07 17:30:00,TXMD
1.25,1.25,1.24,1.245,15420,2021-06-07 17:35:00,TXMD
1.2445,1.25,1.24,1.245,45935,2021-06-07 17:40:00,TXMD
1.2499,1.25,1.24,1.245,23782,2021-06-07 17:45:00,TXMD
1.245,1.25,1.24,1.24,224883,2021-06-07 17:50:00,TXMD
1.2402,1.246,1.24,1.245,148918,2021-06-07 17:55:00,TXMD
1.24,1.2466,1.24,1.245,4055,2021-06-07 18:00:00,TXMD
1.24,1.25,1.24,1.245,14397,2021-06-07 18:05:00,TXMD
1.24,1.25,1.24,1.24,65189,2021-06-07 18:10:00,TXMD
1.24,1.2463,1.23,1.2358,207108,2021-06-07 18:15:00,TXMD
1.235,1.24,1.235,1.24,19600,2021-06-07 18:20:00,TXMD
1.24,1.24,1.23,1.2358,19373,2021-06-07 18:25:00,TXMD
1.24,1.24,1.23,1.24,15500,2021-06-07 18:30:00,TXMD
1.24,1.24,1.23,1.2356,22344,2021-06-07 18:35:00,TXMD
1.235,1.2362,1.23,1.235,13700,2021-06-07 18:40:00,TXMD
1.235,1.2358,1.23,1.235,15019,2021-06-07 18:45:00,TXMD
1.235,1.2399,1.23,1.23,15773,2021-06-07 18:50:00,TXMD
1.2343,1.24,1.23,1.23,18603,2021-06-07 18:55:00,TXMD
1.23,1.237,1.23,1.235,13456,2021-06-07 19:00:00,TXMD
1.2316,1.2362,1.23,1.235,7891,2021-06-07 19:05:00,TXMD
1.235,1.24,1.23,1.235,5739,2021-06-07 19:10:00,TXMD
1.235,1.24,1.23,1.235,65930,2021-06-07 19:15:00,TXMD
1.235,1.24,1.23,1.235,13580,2021-06-07 19:20:00,TXMD
1.235,1.2356,1.23,1.23,14602,2021-06-07 19:25:00,TXMD
1.23,1.24,1.23,1.23,11433,2021-06-07 19:30:00,TXMD
1.235,1.24,1.23,1.23,29781,2021-06-07 19:35:00,TXMD
1.23,1.24,1.23,1.235,16100,2021-06-07 19:40:00,TXMD
1.235,1.24,1.23,1.235,67530,2021-06-07 19:45:00,TXMD
1.235,1.24,1.23,1.235,107321,2021-06-07 19:50:00,TXMD
1.23,1.24,1.23,1.23,336771,2021-06-07 19:55:00,TXMD
1.24,1.24,1.22,1.24,154648,2021-06-07 20:00:00,TXMD
1.23,1.23,1.23,1.23,399,2021-06-07 20:10:00,TXMD
1.23,1.24,1.23,1.24,387,2021-06-07 20:15:00,TXMD
1.24,1.24,1.23,1.24,3600,2021-06-07 20:20:00,TXMD
1.23,1.23,1.23,1.23,280,2021-06-07 20:25:00,TXMD
1.24,1.24,1.24,1.24,11000,2021-06-07 20:30:00,TXMD
1.23,1.25,1.23,1.25,2141,2021-06-07 20:35:00,TXMD
1.2497,1.25,1.2497,1.25,5968,2021-06-07 20:45:00,TXMD
1.2461,1.25,1.23,1.23,1298,2021-06-07 20:50:00,TXMD
1.23,1.24,1.23,1.24,20929,2021-06-07 20:55:00,TXMD
1.23,1.23,1.23,1.23,466,2021-06-07 21:00:00,TXMD
1.23,1.23,1.23,1.23,1778,2021-06-07 21:10:00,TXMD
1.23,1.24,1.23,1.24,1200,2021-06-07 21:15:00,TXMD
1.24,1.24,1.24,1.24,821,2021-06-07 21:20:00,TXMD
1.23,1.23,1.23,1.23,248,2021-06-07 21:25:00,TXMD
1.23,1.24,1.23,1.24,18249,2021-06-07 21:30:00,TXMD
1.23,1.24,1.23,1.24,222,2021-06-07 21:35:00,TXMD
1.24,1.24,1.24,1.24,300,2021-06-07 21:40:00,TXMD
1.23,1.23,1.23,1.23,100,2021-06-07 21:45:00,TXMD
1.23,1.24,1.23,1.24,903,2021-06-07 21:50:00,TXMD
1.24,1.24,1.24,1.24,626,2021-06-07 21:55:00,TXMD
1.235,1.235,1.235,1.235,100,2021-06-07 22:10:00,TXMD
1.24,1.24,1.23,1.23,700,2021-06-07 22:40:00,TXMD
1.23,1.23,1.23,1.23,3103,2021-06-07 22:50:00,TXMD
1.24,1.24,1.24,1.24,100,2021-06-07 23:45:00,TXMD
1.23,1.23,1.23,1.23,100,2021-06-08 09:05:00,TXMD
1.23,1.23,1.23,1.23,150,2021-06-08 09:45:00,TXMD
1.22,1.22,1.21,1.21,499,2021-06-08 11:00:00,TXMD
1.23,1.23,1.23,1.23,490,2021-06-08 11:30:00,TXMD
1.23,1.23,1.23,1.23,200,2021-06-08 11:50:00,TXMD
1.2301,1.2301,1.2301,1.2301,288,2021-06-08 12:05:00,TXMD
1.24,1.24,1.24,1.24,1000,2021-06-08 12:15:00,TXMD
1.24,1.24,1.24,1.24,300,2021-06-08 12:30:00,TXMD
1.2399,1.24,1.2399,1.24,2000,2021-06-08 12:35:00,TXMD
1.24,1.24,1.24,1.24,500,2021-06-08 12:55:00,TXMD
1.23,1.24,1.23,1.23,4127,2021-06-08 13:00:00,TXMD
1.23,1.24,1.23,1.24,764,2021-06-08 13:05:00,TXMD
1.24,1.24,1.23,1.23,388,2021-06-08 13:10:00,TXMD
1.23,1.23,1.23,1.23,1000,2021-06-08 13:15:00,TXMD
1.24,1.24,1.23,1.23,1465,2021-06-08 13:20:00,TXMD
1.23,1.24,1.23,1.24,1604,2021-06-08 13:25:00,TXMD
1.25,1.25,1.23,1.235,76296,2021-06-08 13:30:00,TXMD
1.2386,1.25,1.23,1.242,51849,2021-06-08 13:35:00,TXMD
1.2442,1.26,1.24,1.25,119760,2021-06-08 13:40:00,TXMD
1.2535,1.26,1.24,1.2482,49551,2021-06-08 13:45:00,TXMD
1.2499,1.2499,1.23,1.2371,107789,2021-06-08 13:50:00,TXMD
1.23,1.24,1.23,1.24,20333,2021-06-08 13:55:00,TXMD
1.2378,1.24,1.23,1.235,31769,2021-06-08 14:00:00,TXMD
1.2336,1.24,1.23,1.235,19745,2021-06-08 14:05:00,TXMD
1.24,1.24,1.23,1.235,11837,2021-06-08 14:10:00,TXMD
1.2395,1.25,1.23,1.245,125790,2021-06-08 14:15:00,TXMD
1.2469,1.25,1.24,1.25,99803,2021-06-08 14:20:00,TXMD
1.25,1.26,1.24,1.26,80950,2021-06-08 14:25:00,TXMD
1.26,1.26,1.25,1.26,46491,2021-06-08 14:30:00,TXMD
1.2539,1.26,1.25,1.255,161598,2021-06-08 14:35:00,TXMD
1.2501,1.26,1.25,1.26,56919,2021-06-08 14:40:00,TXMD
1.26,1.26,1.25,1.26,56754,2021-06-08 14:45:00,TXMD
1.26,1.26,1.25,1.26,56839,2021-06-08 14:50:00,TXMD
1.26,1.26,1.25,1.26,20988,2021-06-08 14:55:00,TXMD
1.26,1.26,1.25,1.25,17419,2021-06-08 15:00:00,TXMD
1.25,1.26,1.25,1.255,51868,2021-06-08 15:05:00,TXMD
1.25,1.255,1.24,1.2459,324432,2021-06-08 15:10:00,TXMD
1.24,1.25,1.235,1.235,213127,2021-06-08 15:15:00,TXMD
1.235,1.2377,1.23,1.235,22465,2021-06-08 15:20:00,TXMD
1.2355,1.24,1.23,1.24,60218,2021-06-08 15:25:00,TXMD
1.2373,1.24,1.2329,1.2352,9530,2021-06-08 15:30:00,TXMD
1.235,1.24,1.2349,1.24,28398,2021-06-08 15:35:00,TXMD
1.235,1.24,1.23,1.235,32162,2021-06-08 15:40:00,TXMD
1.24,1.24,1.23,1.235,7766,2021-06-08 15:45:00,TXMD
1.24,1.24,1.23,1.24,2634,2021-06-08 15:50:00,TXMD
1.2347,1.24,1.23,1.2346,16797,2021-06-08 15:55:00,TXMD
1.2345,1.24,1.2345,1.235,12599,2021-06-08 16:00:00,TXMD
1.24,1.24,1.2301,1.24,33407,2021-06-08 16:05:00,TXMD
1.2347,1.24,1.2342,1.235,16477,2021-06-08 16:10:00,TXMD
1.235,1.24,1.2343,1.235,10609,2021-06-08 16:15:00,TXMD
1.24,1.24,1.23,1.235,21400,2021-06-08 16:20:00,TXMD
1.235,1.24,1.2337,1.235,17045,2021-06-08 16:25:00,TXMD
1.24,1.24,1.23,1.24,5300,2021-06-08 16:30:00,TXMD
1.24,1.24,1.23,1.235,3313,2021-06-08 16:35:00,TXMD
1.2349,1.24,1.23,1.235,20629,2021-06-08 16:40:00,TXMD
1.235,1.24,1.23,1.23,10222,2021-06-08 16:45:00,TXMD
1.235,1.25,1.2342,1.245,280768,2021-06-08 16:50:00,TXMD
1.2426,1.25,1.24,1.2466,8400,2021-06-08 16:55:00,TXMD
1.25,1.25,1.245,1.25,6929,2021-06-08 17:00:00,TXMD
1.25,1.25,1.245,1.25,14409,2021-06-08 17:05:00,TXMD
1.245,1.25,1.2408,1.25,8812,2021-06-08 17:10:00,TXMD
1.2451,1.25,1.2439,1.2457,10370,2021-06-08 17:15:00,TXMD
1.2455,1.25,1.2455,1.25,942,2021-06-08 17:20:00,TXMD
1.2456,1.25,1.24,1.2499,8774,2021-06-08 17:25:00,TXMD
1.2461,1.25,1.24,1.2408,17389,2021-06-08 17:30:00,TXMD
1.25,1.25,1.2401,1.245,9045,2021-06-08 17:35:00,TXMD
1.245,1.25,1.24,1.25,7719,2021-06-08 17:40:00,TXMD
1.2462,1.25,1.24,1.245,4807,2021-06-08 17:45:00,TXMD
1.248,1.25,1.2439,1.245,24239,2021-06-08 17:50:00,TXMD
1.25,1.25,1.2441,1.245,20603,2021-06-08 17:55:00,TXMD
1.245,1.25,1.24,1.245,15811,2021-06-08 18:00:00,TXMD
1.2441,1.25,1.24,1.245,20200,2021-06-08 18:05:00,TXMD
1.25,1.25,1.24,1.25,3789,2021-06-08 18:10:00,TXMD
1.25,1.25,1.24,1.2457,27616,2021-06-08 18:15:00,TXMD
1.24,1.25,1.24,1.2499,8110,2021-06-08 18:20:00,TXMD
1.25,1.25,1.24,1.245,16922,2021-06-08 18:25:00,TXMD
1.245,1.25,1.24,1.2407,27519,2021-06-08 18:30:00,TXMD
1.25,1.25,1.24,1.24,41968,2021-06-08 18:35:00,TXMD
1.25,1.25,1.24,1.24,13456,2021-06-08 18:40:00,TXMD
1.245,1.25,1.24,1.25,9374,2021-06-08 18:45:00,TXMD
1.245,1.25,1.24,1.2459,11249,2021-06-08 18:50:00,TXMD
1.245,1.25,1.24,1.2499,12197,2021-06-08 18:55:00,TXMD
1.245,1.25,1.24,1.24,32994,2021-06-08 19:00:00,TXMD
1.2455,1.25,1.24,1.24,185828,2021-06-08 19:05:00,TXMD
1.2458,1.25,1.24,1.25,6717,2021-06-08 19:10:00,TXMD
1.24,1.25,1.24,1.245,29091,2021-06-08 19:15:00,TXMD
1.245,1.25,1.24,1.24,14410,2021-06-08 19:20:00,TXMD
1.245,1.25,1.24,1.246,24637,2021-06-08 19:25:00,TXMD
1.245,1.25,1.24,1.245,65702,2021-06-08 19:30:00,TXMD
1.245,1.25,1.24,1.24,76401,2021-06-08 19:35:00,TXMD
1.24,1.25,1.24,1.2444,190779,2021-06-08 19:40:00,TXMD
1.245,1.25,1.24,1.24,66227,2021-06-08 19:45:00,TXMD
1.24,1.25,1.24,1.25,94556,2021-06-08 19:50:00,TXMD
1.245,1.25,1.24,1.245,168448,2021-06-08 19:55:00,TXMD
1.25,1.25,1.25,1.25,156002,2021-06-08 20:00:00,TXMD
1.2499,1.2499,1.2499,1.2499,100,2021-06-08 20:05:00,TXMD
1.25,1.25,1.24,1.24,520,2021-06-08 20:10:00,TXMD
1.25,1.25,1.25,1.25,8032,2021-06-08 20:15:00,TXMD
1.24,1.24,1.24,1.24,143,2021-06-08 20:30:00,TXMD
1.25,1.25,1.25,1.25,350,2021-06-08 20:35:00,TXMD
1.24,1.24,1.24,1.24,253,2021-06-08 20:45:00,TXMD
1.25,1.25,1.25,1.25,1004,2021-06-08 20:50:00,TXMD
1.24,1.24,1.24,1.24,415,2021-06-08 20:55:00,TXMD
1.25,1.25,1.25,1.25,300,2021-06-08 21:00:00,TXMD
1.24,1.24,1.24,1.24,1000,2021-06-08 21:05:00,TXMD
1.24,1.24,1.24,1.24,200,2021-06-08 21:10:00,TXMD
1.24,1.24,1.24,1.24,861,2021-06-08 21:15:00,TXMD
1.25,1.25,1.24,1.24,2759,2021-06-08 21:20:00,TXMD
1.25,1.25,1.25,1.25,241,2021-06-08 21:25:00,TXMD
1.25,1.25,1.25,1.25,7465,2021-06-08 21:30:00,TXMD
1.24,1.24,1.24,1.24,162,2021-06-08 21:35:00,TXMD
1.24,1.24,1.24,1.24,913,2021-06-08 21:45:00,TXMD
1.25,1.25,1.25,1.25,439,2021-06-08 21:55:00,TXMD
1.25,1.25,1.25,1.25,792,2021-06-08 22:10:00,TXMD
1.25,1.25,1.25,1.25,500,2021-06-08 22:25:00,TXMD
1.25,1.25,1.25,1.25,1000,2021-06-08 22:45:00,TXMD
1.25,1.25,1.25,1.25,105,2021-06-08 22:50:00,TXMD
1.26,1.26,1.26,1.26,200,2021-06-08 23:15:00,TXMD
1.25,1.25,1.25,1.25,130,2021-06-08 23:30:00,TXMD
1.25,1.25,1.25,1.25,1500,2021-06-08 23:45:00,TXMD
1.23,1.23,1.23,1.23,200,2021-06-09 09:20:00,TXMD
1.22,1.22,1.22,1.22,241,2021-06-09 09:35:00,TXMD
1.22,1.22,1.22,1.22,371,2021-06-09 10:25:00,TXMD
1.25,1.25,1.24,1.24,600,2021-06-09 12:00:00,TXMD
1.2401,1.2401,1.2401,1.2401,2205,2021-06-09 12:15:00,TXMD
1.24,1.24,1.24,1.24,400,2021-06-09 12:30:00,TXMD
1.24,1.24,1.24,1.24,1100,2021-06-09 12:35:00,TXMD
1.25,1.25,1.24,1.2406,1486,2021-06-09 12:40:00,TXMD
1.25,1.26,1.25,1.26,1661,2021-06-09 13:00:00,TXMD
1.25,1.26,1.25,1.25,1179,2021-06-09 13:05:00,TXMD
1.2599,1.26,1.24,1.2499,6666,2021-06-09 13:10:00,TXMD
1.26,1.26,1.24,1.24,9906,2021-06-09 13:15:00,TXMD
1.26,1.26,1.26,1.26,1119,2021-06-09 13:20:00,TXMD
1.26,1.26,1.24,1.26,26928,2021-06-09 13:25:00,TXMD
1.26,1.26,1.25,1.2577,97462,2021-06-09 13:30:00,TXMD
1.255,1.27,1.25,1.268,173142,2021-06-09 13:35:00,TXMD
1.26,1.28,1.26,1.2772,271328,2021-06-09 13:40:00,TXMD
1.275,1.29,1.275,1.285,147415,2021-06-09 13:45:00,TXMD
1.28,1.29,1.275,1.275,148557,2021-06-09 13:50:00,TXMD
1.275,1.3,1.27,1.2944,285142,2021-06-09 13:55:00,TXMD
1.295,1.31,1.2914,1.31,484432,2021-06-09 14:00:00,TXMD
1.3075,1.33,1.3037,1.3249,239500,2021-06-09 14:05:00,TXMD
1.33,1.33,1.32,1.33,209960,2021-06-09 14:10:00,TXMD
1.3238,1.34,1.32,1.3379,317517,2021-06-09 14:15:00,TXMD
1.3337,1.37,1.3337,1.355,873629,2021-06-09 14:20:00,TXMD
1.355,1.36,1.35,1.3599,203527,2021-06-09 14:25:00,TXMD
1.36,1.36,1.35,1.36,1521546,2021-06-09 14:30:00,TXMD
1.3575,1.37,1.35,1.365,270526,2021-06-09 14:35:00,TXMD
1.37,1.37,1.36,1.37,109493,2021-06-09 14:40:00,TXMD
1.37,1.37,1.35,1.355,313235,2021-06-09 14:45:00,TXMD
1.35,1.36,1.35,1.36,270470,2021-06-09 14:50:00,TXMD
1.352,1.36,1.35,1.355,46440,2021-06-09 14:55:00,TXMD
1.36,1.36,1.35,1.36,125724,2021-06-09 15:00:00,TXMD
1.355,1.36,1.35,1.355,102553,2021-06-09 15:05:00,TXMD
1.3518,1.38,1.35,1.3768,269580,2021-06-09 15:10:00,TXMD
1.3769,1.38,1.37,1.37,95745,2021-06-09 15:15:00,TXMD
1.37,1.38,1.36,1.3624,181093,2021-06-09 15:20:00,TXMD
1.36,1.37,1.36,1.3656,36480,2021-06-09 15:25:00,TXMD
1.365,1.37,1.36,1.366,17314,2021-06-09 15:30:00,TXMD
1.365,1.37,1.36,1.36,44144,2021-06-09 15:35:00,TXMD
1.37,1.37,1.35,1.3599,210598,2021-06-09 15:40:00,TXMD
1.355,1.3575,1.3501,1.355,24353,2021-06-09 15:45:00,TXMD
1.355,1.36,1.35,1.36,46722,2021-06-09 15:50:00,TXMD
1.3544,1.36,1.35,1.3575,234104,2021-06-09 15:55:00,TXMD
1.36,1.36,1.35,1.36,25758,2021-06-09 16:00:00,TXMD
1.36,1.36,1.35,1.355,54839,2021-06-09 16:05:00,TXMD
1.36,1.36,1.35,1.36,105411,2021-06-09 16:10:00,TXMD
1.355,1.36,1.35,1.36,23085,2021-06-09 16:15:00,TXMD
1.36,1.36,1.35,1.355,52725,2021-06-09 16:20:00,TXMD
1.355,1.36,1.3519,1.36,8198,2021-06-09 16:25:00,TXMD
1.3524,1.36,1.35,1.36,69465,2021-06-09 16:30:00,TXMD
1.355,1.36,1.35,1.355,24088,2021-06-09 16:35:00,TXMD
1.36,1.37,1.3501,1.36,161959,2021-06-09 16:40:00,TXMD
1.36,1.37,1.36,1.3637,66521,2021-06-09 16:45:00,TXMD
1.37,1.39,1.3641,1.39,670436,2021-06-09 16:50:00,TXMD
1.385,1.39,1.38,1.385,101531,2021-06-09 16:55:00,TXMD
1.39,1.39,1.38,1.39,97648,2021-06-09 17:00:00,TXMD
1.3866,1.39,1.38,1.3818,109257,2021-06-09 17:05:00,TXMD
1.38,1.39,1.38,1.3871,62993,2021-06-09 17:10:00,TXMD
1.385,1.39,1.38,1.38,38318,2021-06-09 17:15:00,TXMD
1.38,1.3899,1.38,1.38,34283,2021-06-09 17:20:00,TXMD
1.3829,1.39,1.38,1.38,42362,2021-06-09 17:25:00,TXMD
1.3826,1.39,1.38,1.38,44838,2021-06-09 17:30:00,TXMD
1.39,1.39,1.38,1.38,36622,2021-06-09 17:35:00,TXMD
1.38,1.39,1.38,1.3857,26924,2021-06-09 17:40:00,TXMD
1.3859,1.39,1.38,1.39,73043,2021-06-09 17:45:00,TXMD
1.385,1.3862,1.375,1.385,126817,2021-06-09 17:50:00,TXMD
1.38,1.38,1.36,1.36,302999,2021-06-09 17:55:00,TXMD
1.365,1.37,1.36,1.36,100448,2021-06-09 18:00:00,TXMD
1.36,1.37,1.36,1.365,72510,2021-06-09 18:05:00,TXMD
1.36,1.37,1.36,1.365,119213,2021-06-09 18:10:00,TXMD
1.36,1.37,1.35,1.355,151094,2021-06-09 18:15:00,TXMD
1.355,1.37,1.35,1.365,245373,2021-06-09 18:20:00,TXMD
1.37,1.37,1.3639,1.37,14186,2021-06-09 18:25:00,TXMD
1.3674,1.37,1.36,1.37,14936,2021-06-09 18:30:00,TXMD
1.37,1.37,1.35,1.355,240507,2021-06-09 18:35:00,TXMD
1.35,1.37,1.35,1.3675,94324,2021-06-09 18:40:00,TXMD
1.365,1.37,1.36,1.37,13124,2021-06-09 18:45:00,TXMD
1.364,1.37,1.36,1.37,21893,2021-06-09 18:50:00,TXMD
1.365,1.37,1.36,1.36,82687,2021-06-09 18:55:00,TXMD
1.363,1.37,1.36,1.36,14316,2021-06-09 19:00:00,TXMD
1.36,1.37,1.36,1.365,30937,2021-06-09 19:05:00,TXMD
1.3631,1.3671,1.36,1.36,12118,2021-06-09 19:10:00,TXMD
1.36,1.3664,1.36,1.36,62922,2021-06-09 19:15:00,TXMD
1.36,1.37,1.36,1.3658,23981,2021-06-09 19:20:00,TXMD
1.3601,1.37,1.35,1.355,101615,2021-06-09 19:25:00,TXMD
1.35,1.36,1.35,1.355,81033,2021-06-09 19:30:00,TXMD
1.355,1.37,1.35,1.37,116988,2021-06-09 19:35:00,TXMD
1.365,1.37,1.36,1.365,68336,2021-06-09 19:40:00,TXMD
1.365,1.37,1.36,1.365,123138,2021-06-09 19:45:00,TXMD
1.37,1.38,1.365,1.38,251041,2021-06-09 19:50:00,TXMD
1.375,1.39,1.37,1.39,252050,2021-06-09 19:55:00,TXMD
1.39,1.39,1.34,1.34,356534,2021-06-09 20:00:00,TXMD
1.37,1.37,1.3632,1.37,4275,2021-06-09 20:05:00,TXMD
1.36,1.37,1.36,1.36,2319,2021-06-09 20:10:00,TXMD
1.36,1.37,1.34,1.37,5058,2021-06-09 20:15:00,TXMD
1.37,1.37,1.37,1.37,735,2021-06-09 20:20:00,TXMD
1.35,1.35,1.33,1.33,7771,2021-06-09 20:25:00,TXMD
1.34,1.38,1.34,1.38,5020,2021-06-09 20:30:00,TXMD
1.34,1.36,1.33,1.36,1487,2021-06-09 20:35:00,TXMD
1.35,1.36,1.35,1.36,225,2021-06-09 20:40:00,TXMD
1.36,1.36,1.35,1.35,1648,2021-06-09 20:45:00,TXMD
1.3594,1.3594,1.34,1.34,1862,2021-06-09 20:50:00,TXMD
1.33,1.33,1.33,1.33,534,2021-06-09 20:55:00,TXMD
1.33,1.35,1.33,1.33,3229,2021-06-09 21:00:00,TXMD
1.34,1.35,1.33,1.33,3998,2021-06-09 21:05:00,TXMD
1.33,1.33,1.33,1.33,100,2021-06-09 21:10:00,TXMD
1.35,1.35,1.34,1.35,840,2021-06-09 21:20:00,TXMD
1.34,1.35,1.34,1.35,10880,2021-06-09 21:25:00,TXMD
1.35,1.35,1.34,1.35,1300,2021-06-09 21:30:00,TXMD
1.35,1.39,1.35,1.37,17574,2021-06-09 21:35:00,TXMD
1.364,1.364,1.36,1.36,4000,2021-06-09 21:40:00,TXMD
1.36,1.36,1.36,1.36,762,2021-06-09 21:45:00,TXMD
1.37,1.37,1.37,1.37,550,2021-06-09 21:50:00,TXMD
1.34,1.34,1.34,1.34,185,2021-06-09 21:55:00,TXMD
1.34,1.34,1.34,1.34,422,2021-06-09 22:50:00,TXMD
1.35,1.35,1.34,1.34,835,2021-06-09 23:00:00,TXMD
1.34,1.34,1.34,1.34,100,2021-06-09 23:15:00,TXMD
1.37,1.37,1.37,1.37,100,2021-06-09 23:30:00,TXMD
1.37,1.37,1.37,1.37,925,2021-06-09 23:35:00,TXMD
1.37,1.37,1.37,1.37,394,2021-06-09 23:50:00,TXMD
1.37,1.37,1.37,1.37,500,2021-06-09 23:55:00,TXMD
1.4,1.4,1.4,1.4,700,2021-06-10 08:00:00,TXMD
1.36,1.36,1.36,1.36,100,2021-06-10 09:30:00,TXMD
1.36,1.36,1.36,1.36,269,2021-06-10 09:35:00,TXMD
1.38,1.38,1.38,1.38,102,2021-06-10 10:55:00,TXMD
1.351,1.351,1.35,1.35,1592,2021-06-10 11:45:00,TXMD
1.35,1.35,1.33,1.33,3461,2021-06-10 11:50:00,TXMD
1.37,1.37,1.37,1.37,1025,2021-06-10 12:00:00,TXMD
1.37,1.37,1.36,1.36,501,2021-06-10 12:05:00,TXMD
1.3601,1.3601,1.36,1.36,400,2021-06-10 12:10:00,TXMD
1.37,1.37,1.36,1.36,4100,2021-06-10 12:25:00,TXMD
1.36,1.36,1.36,1.36,220,2021-06-10 12:35:00,TXMD
1.36,1.36,1.36,1.36,250,2021-06-10 12:45:00,TXMD
1.36,1.36,1.36,1.36,674,2021-06-10 12:55:00,TXMD
1.35,1.36,1.34,1.34,8081,2021-06-10 13:00:00,TXMD
1.34,1.34,1.34,1.34,1138,2021-06-10 13:05:00,TXMD
1.35,1.35,1.35,1.35,1785,2021-06-10 13:10:00,TXMD
1.35,1.35,1.34,1.34,1423,2021-06-10 13:15:00,TXMD
1.34,1.35,1.33,1.35,4462,2021-06-10 13:20:00,TXMD
1.35,1.36,1.35,1.36,7443,2021-06-10 13:25:00,TXMD
1.37,1.37,1.345,1.3557,132135,2021-06-10 13:30:00,TXMD
1.36,1.36,1.35,1.35,77139,2021-06-10 13:35:00,TXMD
1.35,1.36,1.34,1.34,89870,2021-06-10 13:40:00,TXMD
1.34,1.3499,1.34,1.34,40482,2021-06-10 13:45:00,TXMD
1.349,1.3499,1.335,1.3445,99397,2021-06-10 13:50:00,TXMD
1.3446,1.35,1.34,1.34,32003,2021-06-10 13:55:00,TXMD
1.34,1.35,1.315,1.3299,209650,2021-06-10 14:00:00,TXMD
1.325,1.34,1.32,1.33,74751,2021-06-10 14:05:00,TXMD
1.33,1.34,1.33,1.33,44162,2021-06-10 14:10:00,TXMD
1.33,1.34,1.33,1.3346,21963,2021-06-10 14:15:00,TXMD
1.335,1.34,1.33,1.33,52342,2021-06-10 14:20:00,TXMD
1.33,1.3372,1.33,1.335,51887,2021-06-10 14:25:00,TXMD
1.33,1.34,1.33,1.33,39498,2021-06-10 14:30:00,TXMD
1.33,1.34,1.33,1.33,39615,2021-06-10 14:35:00,TXMD
1.33,1.33,1.31,1.3101,205887,2021-06-10 14:40:00,TXMD
1.31,1.3106,1.285,1.2888,259453,2021-06-10 14:45:00,TXMD
1.285,1.3,1.28,1.2935,105480,2021-06-10 14:50:00,TXMD
1.2967,1.3,1.29,1.3,37448,2021-06-10 14:55:00,TXMD
1.29,1.3,1.28,1.295,570519,2021-06-10 15:00:00,TXMD
1.29,1.3,1.28,1.285,1187825,2021-06-10 15:05:00,TXMD
1.285,1.2864,1.27,1.275,106800,2021-06-10 15:10:00,TXMD
1.275,1.2799,1.27,1.276,33278,2021-06-10 15:15:00,TXMD
1.2759,1.28,1.27,1.27,36758,2021-06-10 15:20:00,TXMD
1.275,1.28,1.27,1.2701,23432,2021-06-10 15:25:00,TXMD
1.2778,1.28,1.27,1.275,35663,2021-06-10 15:30:00,TXMD
1.27,1.28,1.27,1.27,33631,2021-06-10 15:35:00,TXMD
1.275,1.28,1.27,1.27,11754,2021-06-10 15:40:00,TXMD
1.28,1.28,1.27,1.27,35582,2021-06-10 15:45:00,TXMD
1.275,1.28,1.27,1.27,18580,2021-06-10 15:50:00,TXMD
1.2755,1.28,1.27,1.2737,17247,2021-06-10 15:55:00,TXMD
1.2736,1.28,1.26,1.275,691890,2021-06-10 16:00:00,TXMD
1.27,1.295,1.27,1.295,250639,2021-06-10 16:05:00,TXMD
1.3,1.3,1.29,1.2987,22065,2021-06-10 16:10:00,TXMD
1.2987,1.3,1.2938,1.295,4602,2021-06-10 16:15:00,TXMD
1.295,1.3,1.29,1.2965,19513,2021-06-10 16:20:00,TXMD
1.295,1.31,1.29,1.3,132760,2021-06-10 16:25:00,TXMD
1.3,1.3,1.29,1.3,18771,2021-06-10 16:30:00,TXMD
1.295,1.3,1.29,1.295,8936,2021-06-10 16:35:00,TXMD
1.295,1.315,1.2934,1.305,275178,2021-06-10 16:40:00,TXMD
1.305,1.31,1.3,1.3099,10772,2021-06-10 16:45:00,TXMD
1.305,1.32,1.3,1.315,71802,2021-06-10 16:50:00,TXMD
1.32,1.32,1.315,1.315,4972,2021-06-10 16:55:00,TXMD
1.32,1.32,1.31,1.3167,3094,2021-06-10 17:00:00,TXMD
1.32,1.32,1.3101,1.32,20005,2021-06-10 17:05:00,TXMD
1.315,1.32,1.31,1.315,7024,2021-06-10 17:10:00,TXMD
1.3162,1.325,1.315,1.3233,47947,2021-06-10 17:15:00,TXMD
1.325,1.3299,1.32,1.3272,14896,2021-06-10 17:20:00,TXMD
1.32,1.3299,1.32,1.325,4709,2021-06-10 17:25:00,TXMD
1.325,1.33,1.32,1.325,53609,2021-06-10 17:30:00,TXMD
1.325,1.34,1.325,1.34,73978,2021-06-10 17:35:00,TXMD
1.335,1.34,1.33,1.34,12622,2021-06-10 17:40:00,TXMD
1.34,1.34,1.335,1.335,7595,2021-06-10 17:45:00,TXMD
1.34,1.34,1.3327,1.335,16036,2021-06-10 17:50:00,TXMD
1.34,1.35,1.335,1.3417,71573,2021-06-10 17:55:00,TXMD
1.345,1.3487,1.34,1.34,154092,2021-06-10 18:00:00,TXMD
1.3373,1.34,1.335,1.34,21340,2021-06-10 18:05:00,TXMD
1.34,1.34,1.33,1.33,18062,2021-06-10 18:10:00,TXMD
1.33,1.3363,1.33,1.3363,107532,2021-06-10 18:15:00,TXMD
1.33,1.34,1.33,1.33,29659,2021-06-10 18:20:00,TXMD
1.335,1.3381,1.33,1.335,21827,2021-06-10 18:25:00,TXMD
1.33,1.3368,1.33,1.33,8500,2021-06-10 18:30:00,TXMD
1.33,1.3366,1.33,1.33,8675,2021-06-10 18:35:00,TXMD
1.3367,1.34,1.33,1.3371,48814,2021-06-10 18:40:00,TXMD
1.33,1.34,1.33,1.34,16831,2021-06-10 18:45:00,TXMD
1.34,1.34,1.33,1.335,8182,2021-06-10 18:50:00,TXMD
1.33,1.34,1.33,1.33,21657,2021-06-10 18:55:00,TXMD
1.33,1.34,1.33,1.335,40231,2021-06-10 19:00:00,TXMD
1.335,1.34,1.33,1.33,7258,2021-06-10 19:05:00,TXMD
1.34,1.34,1.33,1.33,6637,2021-06-10 19:10:00,TXMD
1.33,1.34,1.33,1.33,54000,2021-06-10 19:15:00,TXMD
1.33,1.34,1.33,1.34,68345,2021-06-10 19:20:00,TXMD
1.34,1.34,1.33,1.33,14956,2021-06-10 19:25:00,TXMD
1.3399,1.34,1.33,1.34,23218,2021-06-10 19:30:00,TXMD
1.335,1.34,1.33,1.33,38619,2021-06-10 19:35:00,TXMD
1.33,1.34,1.33,1.335,36962,2021-06-10 19:40:00,TXMD
1.33,1.34,1.33,1.335,67523,2021-06-10 19:45:00,TXMD
1.335,1.34,1.33,1.33,51069,2021-06-10 19:50:00,TXMD
1.335,1.34,1.33,1.34,199156,2021-06-10 19:55:00,TXMD
1.34,1.34,1.32,1.34,148472,2021-06-10 20:00:00,TXMD
1.31,1.31,1.31,1.31,100,2021-06-10 20:05:00,TXMD
1.34,1.34,1.34,1.34,1000,2021-06-10 20:10:00,TXMD
1.34,1.34,1.34,1.34,100,2021-06-10 20:15:00,TXMD
1.34,1.34,1.34,1.34,500,2021-06-10 20:20:00,TXMD
1.32,1.32,1.32,1.32,328,2021-06-10 20:25:00,TXMD
1.31,1.3146,1.31,1.31,1935,2021-06-10 20:30:00,TXMD
1.34,1.34,1.32,1.32,528,2021-06-10 20:35:00,TXMD
1.34,1.34,1.34,1.34,200,2021-06-10 20:40:00,TXMD
1.33,1.33,1.33,1.33,202,2021-06-10 20:50:00,TXMD
1.34,1.34,1.34,1.34,2289,2021-06-10 20:55:00,TXMD
1.32,1.32,1.32,1.32,141,2021-06-10 21:00:00,TXMD
1.33,1.34,1.33,1.34,3349,2021-06-10 21:05:00,TXMD
1.33,1.33,1.33,1.33,151,2021-06-10 21:10:00,TXMD
1.32,1.32,1.32,1.32,250,2021-06-10 21:20:00,TXMD
1.33,1.33,1.33,1.33,155,2021-06-10 21:25:00,TXMD
1.314,1.314,1.31,1.31,2010,2021-06-10 21:30:00,TXMD
1.31,1.318,1.31,1.31,2999,2021-06-10 21:35:00,TXMD
1.31,1.31,1.31,1.31,763,2021-06-10 21:45:00,TXMD
1.32,1.34,1.32,1.34,600,2021-06-10 21:55:00,TXMD
1.31,1.31,1.31,1.31,100,2021-06-11 08:30:00,TXMD
1.34,1.34,1.34,1.34,225,2021-06-11 09:00:00,TXMD
1.35,1.35,1.35,1.35,500,2021-06-11 10:30:00,TXMD
1.34,1.34,1.34,1.34,2030,2021-06-11 11:00:00,TXMD
1.34,1.34,1.34,1.34,100,2021-06-11 11:20:00,TXMD
1.33,1.33,1.33,1.33,300,2021-06-11 12:35:00,TXMD
1.34,1.34,1.33,1.34,2520,2021-06-11 12:55:00,TXMD
1.34,1.34,1.34,1.34,187,2021-06-11 13:00:00,TXMD
1.34,1.34,1.33,1.33,225,2021-06-11 13:05:00,TXMD
1.34,1.34,1.33,1.34,3187,2021-06-11 13:10:00,TXMD
1.33,1.33,1.33,1.33,6855,2021-06-11 13:15:00,TXMD
1.33,1.33,1.33,1.33,145,2021-06-11 13:20:00,TXMD
1.33,1.34,1.33,1.34,501,2021-06-11 13:25:00,TXMD
1.34,1.34,1.33,1.33,23468,2021-06-11 13:30:00,TXMD
1.336,1.34,1.3301,1.335,20351,2021-06-11 13:35:00,TXMD
1.34,1.34,1.331,1.34,27793,2021-06-11 13:40:00,TXMD
1.3389,1.3389,1.33,1.3301,10355,2021-06-11 13:45:00,TXMD
1.335,1.34,1.33,1.33,70557,2021-06-11 13:50:00,TXMD
1.3357,1.3357,1.3343,1.335,12935,2021-06-11 13:55:00,TXMD
1.335,1.345,1.33,1.34,135264,2021-06-11 14:00:00,TXMD
1.34,1.34,1.33,1.3392,20980,2021-06-11 14:05:00,TXMD
1.3398,1.34,1.3316,1.34,7436,2021-06-11 14:10:00,TXMD
1.3359,1.34,1.33,1.335,6355,2021-06-11 14:15:00,TXMD
1.33,1.35,1.33,1.35,45034,2021-06-11 14:20:00,TXMD
1.345,1.35,1.34,1.35,40921,2021-06-11 14:25:00,TXMD
1.345,1.36,1.34,1.36,59110,2021-06-11 14:30:00,TXMD
1.355,1.37,1.355,1.36,57322,2021-06-11 14:35:00,TXMD
1.36,1.37,1.3583,1.367,245768,2021-06-11 14:40:00,TXMD
1.3607,1.375,1.345,1.3499,1010449,2021-06-11 14:45:00,TXMD
1.3499,1.355,1.335,1.345,245868,2021-06-11 14:50:00,TXMD
1.349,1.3499,1.3343,1.341,200498,2021-06-11 14:55:00,TXMD
1.34,1.34,1.29,1.31,468479,2021-06-11 15:00:00,TXMD
1.315,1.325,1.31,1.3201,112788,2021-06-11 15:05:00,TXMD
1.3201,1.3266,1.305,1.31,164592,2021-06-11 15:10:00,TXMD
1.31,1.32,1.3,1.305,100822,2021-06-11 15:15:00,TXMD
1.3,1.31,1.28,1.2924,236854,2021-06-11 15:20:00,TXMD
1.2925,1.3,1.29,1.2944,55074,2021-06-11 15:25:00,TXMD
1.295,1.3,1.29,1.29,35247,2021-06-11 15:30:00,TXMD
1.3,1.3,1.29,1.2942,27791,2021-06-11 15:35:00,TXMD
1.29,1.3,1.29,1.295,14649,2021-06-11 15:40:00,TXMD
1.2973,1.3,1.29,1.29,55372,2021-06-11 15:45:00,TXMD
1.295,1.3065,1.29,1.3036,137431,2021-06-11 15:50:00,TXMD
1.305,1.307,1.3,1.305,14537,2021-06-11 15:55:00,TXMD
1.3044,1.32,1.3,1.32,168700,2021-06-11 16:00:00,TXMD
1.32,1.3386,1.32,1.325,134530,2021-06-11 16:05:00,TXMD
1.3279,1.3279,1.32,1.32,24279,2021-06-11 16:10:00,TXMD
1.3239,1.33,1.32,1.32,12246,2021-06-11 16:15:00,TXMD
1.32,1.32,1.315,1.315,22593,2021-06-11 16:20:00,TXMD
1.31,1.32,1.31,1.32,11924,2021-06-11 16:25:00,TXMD
1.32,1.32,1.3108,1.3176,45661,2021-06-11 16:30:00,TXMD
1.318,1.32,1.3101,1.3191,4878,2021-06-11 16:35:00,TXMD
1.3185,1.32,1.315,1.32,10183,2021-06-11 16:40:00,TXMD
1.315,1.32,1.31,1.32,37582,2021-06-11 16:45:00,TXMD
1.315,1.32,1.31,1.315,10591,2021-06-11 16:50:00,TXMD
1.3165,1.32,1.31,1.319,21978,2021-06-11 16:55:00,TXMD
1.315,1.32,1.31,1.32,8486,2021-06-11 17:00:00,TXMD
1.3165,1.335,1.3125,1.33,143324,2021-06-11 17:05:00,TXMD
1.33,1.33,1.32,1.33,26474,2021-06-11 17:10:00,TXMD
1.33,1.33,1.32,1.33,8373,2021-06-11 17:15:00,TXMD
1.325,1.33,1.32,1.3276,8823,2021-06-11 17:20:00,TXMD
1.33,1.33,1.32,1.325,6207,2021-06-11 17:25:00,TXMD
1.33,1.33,1.32,1.33,13315,2021-06-11 17:30:00,TXMD
1.325,1.33,1.3241,1.33,4869,2021-06-11 17:35:00,TXMD
1.3281,1.33,1.3201,1.33,22351,2021-06-11 17:40:00,TXMD
1.33,1.33,1.32,1.325,19470,2021-06-11 17:45:00,TXMD
1.325,1.33,1.3222,1.325,6800,2021-06-11 17:50:00,TXMD
1.325,1.335,1.325,1.335,29918,2021-06-11 17:55:00,TXMD
1.335,1.335,1.33,1.335,11137,2021-06-11 18:00:00,TXMD
1.3347,1.34,1.33,1.335,12674,2021-06-11 18:05:00,TXMD
1.335,1.34,1.33,1.34,39053,2021-06-11 18:10:00,TXMD
1.335,1.34,1.33,1.34,16205,2021-06-11 18:15:00,TXMD
1.335,1.34,1.33,1.335,62592,2021-06-11 18:20:00,TXMD
1.335,1.3366,1.33,1.33,6041,2021-06-11 18:25:00,TXMD
1.335,1.3365,1.33,1.33,21319,2021-06-11 18:30:00,TXMD
1.33,1.34,1.33,1.332,13845,2021-06-11 18:35:00,TXMD
1.33,1.3371,1.33,1.33,6019,2021-06-11 18:40:00,TXMD
1.335,1.34,1.33,1.335,7800,2021-06-11 18:45:00,TXMD
1.33,1.336,1.33,1.335,8734,2021-06-11 18:50:00,TXMD
1.33,1.34,1.33,1.335,11479,2021-06-11 18:55:00,TXMD
1.33,1.34,1.33,1.335,4646,2021-06-11 19:00:00,TXMD
1.3347,1.3366,1.33,1.33,15203,2021-06-11 19:05:00,TXMD
1.33,1.335,1.33,1.33,12725,2021-06-11 19:10:00,TXMD
1.3349,1.34,1.33,1.335,36487,2021-06-11 19:15:00,TXMD
1.335,1.3366,1.32,1.32,142594,2021-06-11 19:20:00,TXMD
1.32,1.3273,1.32,1.32,15140,2021-06-11 19:25:00,TXMD
1.32,1.3299,1.32,1.32,25808,2021-06-11 19:30:00,TXMD
1.32,1.3264,1.31,1.31,104352,2021-06-11 19:35:00,TXMD
1.315,1.3176,1.31,1.315,15762,2021-06-11 19:40:00,TXMD
1.315,1.3151,1.31,1.315,16296,2021-06-11 19:45:00,TXMD
1.315,1.328,1.31,1.325,156564,2021-06-11 19:50:00,TXMD
1.325,1.33,1.31,1.31,121085,2021-06-11 19:55:00,TXMD
1.32,1.32,1.32,1.32,84550,2021-06-11 20:00:00,TXMD
1.31,1.31,1.31,1.31,198,2021-06-11 20:05:00,TXMD
1.31,1.31,1.31,1.31,3304,2021-06-11 20:20:00,TXMD
1.32,1.32,1.32,1.32,380,2021-06-11 20:25:00,TXMD
1.32,1.32,1.32,1.32,500,2021-06-11 20:30:00,TXMD
1.32,1.32,1.31,1.31,2254,2021-06-11 20:40:00,TXMD
1.32,1.32,1.32,1.32,850,2021-06-11 20:45:00,TXMD
1.31,1.31,1.31,1.31,390,2021-06-11 20:50:00,TXMD
1.32,1.32,1.32,1.32,600,2021-06-11 20:55:00,TXMD
1.32,1.32,1.31,1.32,6971,2021-06-11 21:00:00,TXMD
1.32,1.32,1.31,1.31,608,2021-06-11 21:05:00,TXMD
1.31,1.31,1.31,1.31,3871,2021-06-11 21:10:00,TXMD
1.32,1.32,1.32,1.32,100,2021-06-11 21:15:00,TXMD
1.31,1.32,1.31,1.32,350,2021-06-11 21:20:00,TXMD
1.32,1.32,1.32,1.32,644,2021-06-11 21:25:00,TXMD
1.33,1.33,1.33,1.33,1400,2021-06-11 21:30:00,TXMD
1.32,1.32,1.31,1.32,2390,2021-06-11 21:35:00,TXMD
1.33,1.33,1.33,1.33,900,2021-06-11 21:40:00,TXMD
1.32,1.32,1.32,1.32,1200,2021-06-11 21:45:00,TXMD
1.32,1.33,1.32,1.33,2597,2021-06-11 21:50:00,TXMD
1.33,1.33,1.33,1.33,300,2021-06-11 21:55:00,TXMD
1.31,1.31,1.31,1.31,121,2021-06-11 23:10:00,TXMD
1.31,1.31,1.31,1.31,126,2021-06-11 23:15:00,TXMD
1.32,1.32,1.32,1.32,126,2021-06-11 23:45:00,TXMD
1.33,1.33,1.33,1.33,4500,2021-06-11 23:50:00,TXMD
1.3,1.3,1.3,1.3,257,2021-06-14 09:05:00,TXMD
1.34,1.34,1.34,1.34,150,2021-06-14 11:00:00,TXMD
1.31,1.31,1.31,1.31,400,2021-06-14 12:05:00,TXMD
1.3001,1.3001,1.3,1.3,1500,2021-06-14 12:10:00,TXMD
1.31,1.31,1.31,1.31,1100,2021-06-14 12:20:00,TXMD
1.31,1.31,1.31,1.31,500,2021-06-14 12:30:00,TXMD
1.3001,1.3001,1.3,1.3,400,2021-06-14 12:45:00,TXMD
1.31,1.31,1.3,1.3,1780,2021-06-14 12:55:00,TXMD
1.3,1.3,1.3,1.3,490,2021-06-14 13:00:00,TXMD
1.3,1.31,1.3,1.31,10759,2021-06-14 13:05:00,TXMD
1.31,1.31,1.31,1.31,200,2021-06-14 13:10:00,TXMD
1.3,1.31,1.3,1.3,1942,2021-06-14 13:15:00,TXMD
1.3,1.31,1.3,1.3,1951,2021-06-14 13:20:00,TXMD
1.31,1.32,1.31,1.32,24548,2021-06-14 13:25:00,TXMD
1.32,1.33,1.31,1.3292,226582,2021-06-14 13:30:00,TXMD
1.33,1.34,1.325,1.3351,92811,2021-06-14 13:35:00,TXMD
1.335,1.335,1.3213,1.3213,28650,2021-06-14 13:40:00,TXMD
1.33,1.33,1.32,1.325,9135,2021-06-14 13:45:00,TXMD
1.32,1.33,1.32,1.3209,15502,2021-06-14 13:50:00,TXMD
1.325,1.33,1.32,1.327,18419,2021-06-14 13:55:00,TXMD
1.32,1.3271,1.31,1.3135,36886,2021-06-14 14:00:00,TXMD
1.311,1.3171,1.3,1.31,164022,2021-06-14 14:05:00,TXMD
1.315,1.3234,1.31,1.32,76877,2021-06-14 14:10:00,TXMD
1.325,1.3272,1.32,1.3272,7323,2021-06-14 14:15:00,TXMD
1.3268,1.33,1.32,1.3219,94511,2021-06-14 14:20:00,TXMD
1.3285,1.33,1.32,1.325,8749,2021-06-14 14:25:00,TXMD
1.325,1.3266,1.31,1.3164,68567,2021-06-14 14:30:00,TXMD
1.31,1.315,1.31,1.31,24694,2021-06-14 14:35:00,TXMD
1.315,1.3168,1.31,1.31,14260,2021-06-14 14:40:00,TXMD
1.3135,1.3162,1.31,1.315,11173,2021-06-14 14:45:00,TXMD
1.315,1.3199,1.31,1.31,31551,2021-06-14 14:50:00,TXMD
1.31,1.315,1.31,1.312,5001,2021-06-14 14:55:00,TXMD
1.31,1.32,1.31,1.31,7616,2021-06-14 15:00:00,TXMD
1.31,1.3163,1.31,1.3163,11927,2021-06-14 15:05:00,TXMD
1.315,1.32,1.31,1.31,8990,2021-06-14 15:10:00,TXMD
1.3129,1.3199,1.3,1.3,62241,2021-06-14 15:15:00,TXMD
1.305,1.31,1.3,1.3079,58612,2021-06-14 15:20:00,TXMD
1.305,1.31,1.3,1.305,18547,2021-06-14 15:25:00,TXMD
1.3045,1.3075,1.3,1.3039,7210,2021-06-14 15:30:00,TXMD
1.3037,1.3067,1.3,1.305,6857,2021-06-14 15:35:00,TXMD
1.3038,1.31,1.3,1.3,8713,2021-06-14 15:40:00,TXMD
1.3044,1.307,1.3,1.3,7497,2021-06-14 15:45:00,TXMD
1.3069,1.3072,1.3,1.3,4631,2021-06-14 15:50:00,TXMD
1.302,1.3069,1.3,1.3061,4475,2021-06-14 15:55:00,TXMD
1.3034,1.3085,1.3,1.305,13193,2021-06-14 16:00:00,TXMD
1.305,1.31,1.3,1.305,4558,2021-06-14 16:05:00,TXMD
1.3068,1.31,1.3001,1.305,7227,2021-06-14 16:10:00,TXMD
1.3,1.31,1.3,1.3014,28454,2021-06-14 16:15:00,TXMD
1.305,1.31,1.3,1.31,18004,2021-06-14 16:20:00,TXMD
1.3035,1.31,1.3,1.3056,7661,2021-06-14 16:25:00,TXMD
1.305,1.3098,1.29,1.295,308773,2021-06-14 16:30:00,TXMD
1.295,1.2999,1.2901,1.295,19884,2021-06-14 16:35:00,TXMD
1.2965,1.3,1.2942,1.3,14359,2021-06-14 16:40:00,TXMD
1.295,1.3,1.29,1.295,20110,2021-06-14 16:45:00,TXMD
1.295,1.3,1.29,1.295,33844,2021-06-14 16:50:00,TXMD
1.29,1.2971,1.29,1.2962,10682,2021-06-14 16:55:00,TXMD
1.2942,1.3,1.29,1.295,4894,2021-06-14 17:00:00,TXMD
1.2932,1.3,1.29,1.295,8886,2021-06-14 17:05:00,TXMD
1.29,1.3,1.29,1.295,4032,2021-06-14 17:10:00,TXMD
1.295,1.2969,1.29,1.2969,4078,2021-06-14 17:15:00,TXMD
1.29,1.3,1.29,1.2937,30082,2021-06-14 17:20:00,TXMD
1.29,1.2961,1.29,1.2937,11710,2021-06-14 17:25:00,TXMD
1.295,1.2991,1.29,1.29,4983,2021-06-14 17:30:00,TXMD
1.295,1.2968,1.29,1.29,12679,2021-06-14 17:35:00,TXMD
1.295,1.2966,1.29,1.295,2770,2021-06-14 17:40:00,TXMD
1.295,1.295,1.29,1.29,23575,2021-06-14 17:45:00,TXMD
1.3,1.3,1.29,1.29,2707,2021-06-14 17:50:00,TXMD
1.29,1.3,1.29,1.295,68153,2021-06-14 17:55:00,TXMD
1.295,1.3,1.29,1.295,84200,2021-06-14 18:00:00,TXMD
1.295,1.2963,1.29,1.29,6400,2021-06-14 18:05:00,TXMD
1.296,1.296,1.29,1.295,3750,2021-06-14 18:10:00,TXMD
1.29,1.3,1.29,1.29,63078,2021-06-14 18:15:00,TXMD
1.29,1.2958,1.29,1.29,13841,2021-06-14 18:20:00,TXMD
1.29,1.2999,1.29,1.29,23137,2021-06-14 18:25:00,TXMD
1.29,1.3,1.29,1.29,11627,2021-06-14 18:30:00,TXMD
1.29,1.3,1.29,1.295,10518,2021-06-14 18:35:00,TXMD
1.2957,1.3,1.29,1.3,70343,2021-06-14 18:40:00,TXMD
1.3,1.3,1.29,1.295,17908,2021-06-14 18:45:00,TXMD
1.29,1.3,1.29,1.29,13523,2021-06-14 18:50:00,TXMD
1.3,1.3,1.29,1.2955,5559,2021-06-14 18:55:00,TXMD
1.295,1.3,1.29,1.295,15901,2021-06-14 19:00:00,TXMD
1.29,1.2959,1.29,1.292,10041,2021-06-14 19:05:00,TXMD
1.29,1.2955,1.29,1.295,15544,2021-06-14 19:10:00,TXMD
1.29,1.295,1.29,1.29,12958,2021-06-14 19:15:00,TXMD
1.29,1.2956,1.29,1.295,3465,2021-06-14 19:20:00,TXMD
1.29,1.3,1.29,1.29,32896,2021-06-14 19:25:00,TXMD
1.295,1.3,1.29,1.29,18728,2021-06-14 19:30:00,TXMD
1.295,1.3,1.29,1.295,16342,2021-06-14 19:35:00,TXMD
1.295,1.2999,1.29,1.2958,15313,2021-06-14 19:40:00,TXMD
1.29,1.2999,1.29,1.29,35725,2021-06-14 19:45:00,TXMD
1.29,1.3,1.29,1.292,102935,2021-06-14 19:50:00,TXMD
1.29,1.3,1.29,1.3,155093,2021-06-14 19:55:00,TXMD
1.29,1.3,1.29,1.3,91168,2021-06-14 20:00:00,TXMD
1.29,1.3,1.29,1.3,1382,2021-06-14 20:05:00,TXMD
1.29,1.3,1.29,1.29,853,2021-06-14 20:15:00,TXMD
1.3,1.3,1.3,1.3,2000,2021-06-14 20:20:00,TXMD
1.3,1.3,1.29,1.29,5197,2021-06-14 20:25:00,TXMD
1.29,1.29,1.29,1.29,100,2021-06-14 20:30:00,TXMD
1.3,1.3,1.3,1.3,200,2021-06-14 20:40:00,TXMD
1.3,1.3,1.3,1.3,1000,2021-06-14 20:45:00,TXMD
1.3,1.3,1.3,1.3,1100,2021-06-14 20:50:00,TXMD
1.3,1.3,1.3,1.3,1419,2021-06-14 20:55:00,TXMD
1.3,1.3,1.3,1.3,215,2021-06-14 21:00:00,TXMD
1.2901,1.2901,1.29,1.29,1448,2021-06-14 21:05:00,TXMD
1.3,1.3,1.3,1.3,113,2021-06-14 21:20:00,TXMD
1.3,1.31,1.3,1.31,347,2021-06-14 21:25:00,TXMD
1.31,1.31,1.31,1.31,849,2021-06-14 21:30:00,TXMD
1.31,1.31,1.31,1.31,3199,2021-06-14 21:45:00,TXMD
1.31,1.31,1.31,1.31,1100,2021-06-14 21:50:00,TXMD
1.31,1.31,1.3,1.3,20250,2021-06-14 21:55:00,TXMD
1.31,1.31,1.31,1.31,1895,2021-06-14 22:00:00,TXMD
1.32,1.32,1.32,1.32,1000,2021-06-14 22:15:00,TXMD
1.31,1.31,1.31,1.31,200,2021-06-14 23:05:00,TXMD
1.29,1.29,1.29,1.29,200,2021-06-15 08:55:00,TXMD
1.29,1.29,1.28,1.28,2163,2021-06-15 11:00:00,TXMD
1.3,1.3,1.3,1.3,200,2021-06-15 12:10:00,TXMD
1.3,1.3,1.3,1.3,8326,2021-06-15 12:20:00,TXMD
1.2999,1.2999,1.2999,1.2999,500,2021-06-15 12:40:00,TXMD
1.29,1.29,1.29,1.29,5000,2021-06-15 12:45:00,TXMD
1.3,1.3,1.3,1.3,200,2021-06-15 12:55:00,TXMD
1.3,1.3,1.3,1.3,21000,2021-06-15 13:00:00,TXMD
1.3,1.3,1.29,1.3,748,2021-06-15 13:05:00,TXMD
1.3,1.3,1.29,1.29,2374,2021-06-15 13:10:00,TXMD
1.3,1.3,1.29,1.3,1990,2021-06-15 13:15:00,TXMD
1.29,1.3,1.29,1.3,290,2021-06-15 13:20:00,TXMD
1.29,1.3,1.29,1.3,205,2021-06-15 13:25:00,TXMD
1.3,1.3082,1.29,1.2934,62468,2021-06-15 13:30:00,TXMD
1.299,1.3,1.29,1.29,23739,2021-06-15 13:35:00,TXMD
1.2962,1.2962,1.27,1.275,297826,2021-06-15 13:40:00,TXMD
1.28,1.29,1.27,1.29,53322,2021-06-15 13:45:00,TXMD
1.2881,1.29,1.28,1.28,7458,2021-06-15 13:50:00,TXMD
1.28,1.29,1.28,1.285,31841,2021-06-15 13:55:00,TXMD
1.28,1.2883,1.28,1.285,15643,2021-06-15 14:00:00,TXMD
1.282,1.29,1.28,1.28,33331,2021-06-15 14:05:00,TXMD
1.2872,1.289,1.27,1.28,103149,2021-06-15 14:10:00,TXMD
1.28,1.28,1.27,1.275,98766,2021-06-15 14:15:00,TXMD
1.28,1.28,1.27,1.2729,31443,2021-06-15 14:20:00,TXMD
1.27,1.275,1.26,1.26,207516,2021-06-15 14:25:00,TXMD
1.2642,1.27,1.26,1.27,34313,2021-06-15 14:30:00,TXMD
1.27,1.27,1.26,1.2681,123089,2021-06-15 14:35:00,TXMD
1.265,1.27,1.26,1.27,21207,2021-06-15 14:40:00,TXMD
1.2657,1.27,1.2635,1.27,17876,2021-06-15 14:45:00,TXMD
1.269,1.27,1.26,1.2694,39111,2021-06-15 14:50:00,TXMD
1.27,1.2766,1.2601,1.2729,59194,2021-06-15 14:55:00,TXMD
1.275,1.2759,1.27,1.2758,9697,2021-06-15 15:00:00,TXMD
1.27,1.2799,1.27,1.2723,39014,2021-06-15 15:05:00,TXMD
1.2754,1.277,1.27,1.27,87218,2021-06-15 15:10:00,TXMD
1.2755,1.2762,1.27,1.27,8748,2021-06-15 15:15:00,TXMD
1.2702,1.28,1.27,1.27,29169,2021-06-15 15:20:00,TXMD
1.28,1.28,1.27,1.2716,38730,2021-06-15 15:25:00,TXMD
1.2716,1.2754,1.27,1.2754,5086,2021-06-15 15:30:00,TXMD
1.28,1.28,1.27,1.2714,47928,2021-06-15 15:35:00,TXMD
1.27,1.2768,1.27,1.27,12924,2021-06-15 15:40:00,TXMD
1.2735,1.2759,1.27,1.27,2315,2021-06-15 15:45:00,TXMD
1.27,1.2761,1.27,1.2761,4500,2021-06-15 15:50:00,TXMD
1.27,1.28,1.27,1.27,37563,2021-06-15 15:55:00,TXMD
1.27,1.28,1.27,1.275,7691,2021-06-15 16:00:00,TXMD
1.27,1.2759,1.27,1.275,4968,2021-06-15 16:05:00,TXMD
1.27,1.2765,1.27,1.27,9545,2021-06-15 16:10:00,TXMD
1.2716,1.2728,1.26,1.26,68995,2021-06-15 16:15:00,TXMD
1.2663,1.2699,1.26,1.26,1665,2021-06-15 16:20:00,TXMD
1.265,1.2669,1.25,1.25,246003,2021-06-15 16:25:00,TXMD
1.2532,1.2599,1.25,1.2539,31777,2021-06-15 16:30:00,TXMD
1.25,1.26,1.25,1.26,13884,2021-06-15 16:35:00,TXMD
1.26,1.26,1.25,1.25,4900,2021-06-15 16:40:00,TXMD
1.255,1.26,1.2541,1.255,5644,2021-06-15 16:45:00,TXMD
1.255,1.26,1.25,1.25,46803,2021-06-15 16:50:00,TXMD
1.2543,1.26,1.25,1.25,131186,2021-06-15 16:55:00,TXMD
1.2501,1.26,1.25,1.26,16080,2021-06-15 17:00:00,TXMD
1.2546,1.26,1.25,1.255,21862,2021-06-15 17:05:00,TXMD
1.255,1.26,1.25,1.2557,6451,2021-06-15 17:10:00,TXMD
1.2557,1.26,1.25,1.25,6530,2021-06-15 17:15:00,TXMD
1.2586,1.26,1.25,1.25,30680,2021-06-15 17:20:00,TXMD
1.25,1.26,1.25,1.25,63364,2021-06-15 17:25:00,TXMD
1.2557,1.2559,1.25,1.25,24248,2021-06-15 17:30:00,TXMD
1.25,1.26,1.25,1.255,22300,2021-06-15 17:35:00,TXMD
1.25,1.26,1.25,1.2529,1687,2021-06-15 17:40:00,TXMD
1.25,1.257,1.25,1.2523,3500,2021-06-15 17:45:00,TXMD
1.2519,1.26,1.25,1.25,19049,2021-06-15 17:50:00,TXMD
1.255,1.255,1.25,1.255,3520,2021-06-15 17:55:00,TXMD
1.25,1.26,1.25,1.255,31177,2021-06-15 18:00:00,TXMD
1.25,1.2562,1.25,1.2542,6456,2021-06-15 18:05:00,TXMD
1.257,1.257,1.25,1.25,11119,2021-06-15 18:10:00,TXMD
1.25,1.2543,1.25,1.2537,5361,2021-06-15 18:15:00,TXMD
1.25,1.2564,1.25,1.252,8255,2021-06-15 18:20:00,TXMD
1.25,1.26,1.25,1.252,8600,2021-06-15 18:25:00,TXMD
1.254,1.2597,1.25,1.25,193954,2021-06-15 18:30:00,TXMD
1.25,1.2599,1.25,1.25,10060,2021-06-15 18:35:00,TXMD
1.255,1.2555,1.25,1.2509,9037,2021-06-15 18:40:00,TXMD
1.25,1.2563,1.25,1.25,8275,2021-06-15 18:45:00,TXMD
1.25,1.2599,1.25,1.25,28544,2021-06-15 18:50:00,TXMD
1.25,1.2562,1.25,1.25,7640,2021-06-15 18:55:00,TXMD
1.25,1.2599,1.25,1.2523,4798,2021-06-15 19:00:00,TXMD
1.25,1.26,1.25,1.255,69593,2021-06-15 19:05:00,TXMD
1.2545,1.2575,1.25,1.25,31191,2021-06-15 19:10:00,TXMD
1.25,1.256,1.25,1.25,7493,2021-06-15 19:15:00,TXMD
1.26,1.26,1.25,1.25,11555,2021-06-15 19:20:00,TXMD
1.25,1.2599,1.25,1.25,4434,2021-06-15 19:25:00,TXMD
1.25,1.255,1.25,1.25,34054,2021-06-15 19:30:00,TXMD
1.2554,1.2555,1.25,1.255,9394,2021-06-15 19:35:00,TXMD
1.255,1.2576,1.25,1.25,33535,2021-06-15 19:40:00,TXMD
1.255,1.26,1.25,1.255,22557,2021-06-15 19:45:00,TXMD
1.25,1.26,1.25,1.25,82313,2021-06-15 19:50:00,TXMD
1.255,1.26,1.25,1.25,113008,2021-06-15 19:55:00,TXMD
1.26,1.26,1.26,1.26,217608,2021-06-15 20:00:00,TXMD
1.26,1.26,1.26,1.26,120,2021-06-15 20:10:00,TXMD
1.26,1.27,1.26,1.27,659,2021-06-15 20:15:00,TXMD
1.26,1.27,1.26,1.27,3806,2021-06-15 20:20:00,TXMD
1.26,1.26,1.26,1.26,744,2021-06-15 20:25:00,TXMD
1.26,1.27,1.26,1.27,260,2021-06-15 20:30:00,TXMD
1.27,1.27,1.2601,1.2601,4639,2021-06-15 20:35:00,TXMD
1.26,1.26,1.26,1.26,932,2021-06-15 20:40:00,TXMD
1.27,1.27,1.27,1.27,100,2021-06-15 20:45:00,TXMD
1.27,1.27,1.27,1.27,790,2021-06-15 20:50:00,TXMD
1.27,1.27,1.27,1.27,4178,2021-06-15 20:55:00,TXMD
1.27,1.27,1.27,1.27,4000,2021-06-15 21:00:00,TXMD
1.26,1.26,1.26,1.26,668,2021-06-15 21:05:00,TXMD
1.26,1.26,1.26,1.26,100,2021-06-15 21:10:00,TXMD
1.27,1.27,1.27,1.27,400,2021-06-15 21:20:00,TXMD
1.26,1.27,1.26,1.27,285,2021-06-15 21:30:00,TXMD
1.27,1.27,1.27,1.27,100,2021-06-15 21:35:00,TXMD
1.26,1.26,1.26,1.26,7299,2021-06-15 21:40:00,TXMD
1.26,1.26,1.26,1.26,224,2021-06-15 21:45:00,TXMD
1.27,1.28,1.27,1.28,450,2021-06-15 21:50:00,TXMD
1.27,1.27,1.27,1.27,1000,2021-06-15 21:55:00,TXMD
1.26,1.26,1.26,1.26,303,2021-06-15 22:05:00,TXMD
1.28,1.28,1.28,1.28,130,2021-06-15 22:20:00,TXMD
1.28,1.28,1.28,1.28,269,2021-06-15 22:30:00,TXMD
1.28,1.28,1.28,1.28,100,2021-06-15 22:40:00,TXMD
1.25,1.25,1.25,1.25,200,2021-06-16 09:50:00,TXMD
1.25,1.25,1.25,1.25,200,2021-06-16 09:55:00,TXMD
1.25,1.25,1.25,1.25,200,2021-06-16 11:35:00,TXMD
1.24,1.24,1.24,1.24,1617,2021-06-16 12:00:00,TXMD
1.25,1.25,1.25,1.25,100,2021-06-16 12:05:00,TXMD
1.24,1.24,1.24,1.24,100,2021-06-16 12:15:00,TXMD
1.24,1.24,1.24,1.24,100,2021-06-16 12:25:00,TXMD
1.25,1.25,1.25,1.25,20134,2021-06-16 12:55:00,TXMD
1.25,1.25,1.24,1.24,1250,2021-06-16 13:00:00,TXMD
1.25,1.25,1.25,1.25,5050,2021-06-16 13:05:00,TXMD
1.25,1.25,1.24,1.24,6200,2021-06-16 13:10:00,TXMD
1.24,1.25,1.24,1.25,1503,2021-06-16 13:15:00,TXMD
1.24,1.24,1.24,1.24,1000,2021-06-16 13:20:00,TXMD
1.24,1.25,1.23,1.2354,101951,2021-06-16 13:30:00,TXMD
1.2343,1.24,1.23,1.235,37282,2021-06-16 13:35:00,TXMD
1.24,1.25,1.23,1.2489,33569,2021-06-16 13:40:00,TXMD
1.24,1.2499,1.24,1.2474,10416,2021-06-16 13:45:00,TXMD
1.245,1.25,1.24,1.2424,32970,2021-06-16 13:50:00,TXMD
1.245,1.25,1.24,1.241,26117,2021-06-16 13:55:00,TXMD
1.245,1.25,1.2401,1.245,6641,2021-06-16 14:00:00,TXMD
1.25,1.26,1.245,1.255,81609,2021-06-16 14:05:00,TXMD
1.255,1.26,1.25,1.255,6344,2021-06-16 14:10:00,TXMD
1.255,1.26,1.25,1.26,14523,2021-06-16 14:15:00,TXMD
1.255,1.26,1.2534,1.255,67231,2021-06-16 14:20:00,TXMD
1.255,1.26,1.25,1.26,2636,2021-06-16 14:25:00,TXMD
1.255,1.26,1.25,1.26,17387,2021-06-16 14:30:00,TXMD
1.26,1.26,1.25,1.255,17514,2021-06-16 14:35:00,TXMD
1.255,1.26,1.25,1.25,11833,2021-06-16 14:40:00,TXMD
1.2533,1.26,1.2533,1.255,2220,2021-06-16 14:45:00,TXMD
1.255,1.26,1.25,1.25,39377,2021-06-16 14:50:00,TXMD
1.25,1.26,1.25,1.25,10277,2021-06-16 14:55:00,TXMD
1.255,1.26,1.25,1.26,18859,2021-06-16 15:00:00,TXMD
1.255,1.26,1.25,1.255,8182,2021-06-16 15:05:00,TXMD
1.2544,1.26,1.25,1.255,7519,2021-06-16 15:10:00,TXMD
1.26,1.26,1.25,1.26,6100,2021-06-16 15:15:00,TXMD
1.255,1.26,1.25,1.26,2883,2021-06-16 15:20:00,TXMD
1.25,1.26,1.25,1.26,6562,2021-06-16 15:25:00,TXMD
1.2547,1.26,1.25,1.255,7355,2021-06-16 15:30:00,TXMD
1.26,1.26,1.25,1.255,12516,2021-06-16 15:35:00,TXMD
1.26,1.26,1.25,1.255,33583,2021-06-16 15:40:00,TXMD
1.2522,1.2568,1.25,1.25,15788,2021-06-16 15:45:00,TXMD
1.255,1.26,1.25,1.2549,7227,2021-06-16 15:50:00,TXMD
1.2523,1.26,1.25,1.255,2578,2021-06-16 15:55:00,TXMD
1.2553,1.26,1.25,1.26,1363,2021-06-16 16:00:00,TXMD
1.255,1.26,1.25,1.255,6894,2021-06-16 16:05:00,TXMD
1.255,1.26,1.25,1.26,7725,2021-06-16 16:10:00,TXMD
1.2527,1.26,1.25,1.255,1559,2021-06-16 16:15:00,TXMD
1.25,1.26,1.245,1.2493,149749,2021-06-16 16:20:00,TXMD
1.24,1.2466,1.24,1.2446,6506,2021-06-16 16:25:00,TXMD
1.2445,1.245,1.24,1.245,4591,2021-06-16 16:30:00,TXMD
1.245,1.25,1.24,1.2457,7253,2021-06-16 16:35:00,TXMD
1.2444,1.25,1.24,1.2452,3327,2021-06-16 16:40:00,TXMD
1.245,1.25,1.24,1.245,8646,2021-06-16 16:45:00,TXMD
1.2445,1.25,1.24,1.244,4662,2021-06-16 16:50:00,TXMD
1.24,1.25,1.24,1.24,5871,2021-06-16 16:55:00,TXMD
1.24,1.2459,1.24,1.24,21173,2021-06-16 17:00:00,TXMD
1.24,1.2466,1.24,1.24,19475,2021-06-16 17:05:00,TXMD
1.245,1.245,1.24,1.24,5746,2021-06-16 17:10:00,TXMD
1.24,1.2455,1.24,1.24,19635,2021-06-16 17:15:00,TXMD
1.24,1.245,1.24,1.24,2927,2021-06-16 17:20:00,TXMD
1.245,1.2499,1.23,1.23,107905,2021-06-16 17:25:00,TXMD
1.2342,1.24,1.23,1.235,7262,2021-06-16 17:30:00,TXMD
1.24,1.24,1.23,1.23,37629,2021-06-16 17:35:00,TXMD
1.23,1.24,1.23,1.24,37583,2021-06-16 17:40:00,TXMD
1.24,1.24,1.235,1.24,1300,2021-06-16 17:45:00,TXMD
1.23,1.24,1.23,1.235,10414,2021-06-16 17:50:00,TXMD
1.24,1.24,1.23,1.24,6791,2021-06-16 17:55:00,TXMD
1.24,1.24,1.235,1.24,2310,2021-06-16 18:00:00,TXMD
1.23,1.24,1.23,1.235,5571,2021-06-16 18:05:00,TXMD
1.235,1.24,1.23,1.2338,18517,2021-06-16 18:10:00,TXMD
1.23,1.235,1.22,1.22,113787,2021-06-16 18:15:00,TXMD
1.22,1.2253,1.22,1.22,51093,2021-06-16 18:20:00,TXMD
1.225,1.23,1.22,1.225,34878,2021-06-16 18:25:00,TXMD
1.225,1.23,1.225,1.23,14123,2021-06-16 18:30:00,TXMD
1.225,1.23,1.22,1.2244,51567,2021-06-16 18:35:00,TXMD
1.225,1.2282,1.22,1.22,11400,2021-06-16 18:40:00,TXMD
1.225,1.225,1.22,1.225,17849,2021-06-16 18:45:00,TXMD
1.225,1.23,1.22,1.225,9624,2021-06-16 18:50:00,TXMD
1.2248,1.23,1.2216,1.23,38858,2021-06-16 18:55:00,TXMD
1.225,1.235,1.22,1.23,88245,2021-06-16 19:00:00,TXMD
1.235,1.24,1.23,1.24,9029,2021-06-16 19:05:00,TXMD
1.24,1.25,1.235,1.25,38914,2021-06-16 19:10:00,TXMD
1.25,1.25,1.24,1.245,12118,2021-06-16 19:15:00,TXMD
1.245,1.25,1.24,1.25,43380,2021-06-16 19:20:00,TXMD
1.25,1.26,1.25,1.2547,131803,2021-06-16 19:25:00,TXMD
1.25,1.255,1.25,1.255,13773,2021-06-16 19:30:00,TXMD
1.255,1.255,1.25,1.25,13978,2021-06-16 19:35:00,TXMD
1.255,1.26,1.25,1.255,25148,2021-06-16 19:40:00,TXMD
1.255,1.26,1.25,1.26,16918,2021-06-16 19:45:00,TXMD
1.25,1.25,1.2439,1.245,91123,2021-06-16 19:50:00,TXMD
1.245,1.25,1.24,1.25,97013,2021-06-16 19:55:00,TXMD
1.25,1.25,1.24,1.24,298389,2021-06-16 20:00:00,TXMD
1.25,1.25,1.24,1.24,561,2021-06-16 20:10:00,TXMD
1.25,1.25,1.25,1.25,300,2021-06-16 20:15:00,TXMD
1.24,1.24,1.24,1.24,1400,2021-06-16 20:25:00,TXMD
1.25,1.25,1.25,1.25,800,2021-06-16 20:35:00,TXMD
1.24,1.24,1.24,1.24,1650,2021-06-16 20:40:00,TXMD
1.24,1.24,1.24,1.24,200,2021-06-16 20:45:00,TXMD
1.24,1.24,1.24,1.24,200,2021-06-16 20:50:00,TXMD
1.25,1.25,1.25,1.25,100,2021-06-16 20:55:00,TXMD
1.24,1.25,1.24,1.24,558,2021-06-16 21:00:00,TXMD
1.24,1.25,1.24,1.25,1517,2021-06-16 21:20:00,TXMD
1.24,1.24,1.24,1.24,3000,2021-06-16 21:25:00,TXMD
1.25,1.25,1.25,1.25,14677,2021-06-16 21:30:00,TXMD
1.24,1.24,1.24,1.24,275,2021-06-16 21:40:00,TXMD
1.24,1.24,1.24,1.24,100,2021-06-16 21:45:00,TXMD
1.25,1.25,1.25,1.25,450,2021-06-16 21:55:00,TXMD
1.24,1.24,1.24,1.24,220,2021-06-16 23:15:00,TXMD
1.2401,1.2401,1.2401,1.2401,2000,2021-06-16 23:20:00,TXMD
1.24,1.24,1.24,1.24,4407,2021-06-16 23:35:00,TXMD
1.24,1.24,1.24,1.24,600,2021-06-16 23:45:00,TXMD
1.24,1.24,1.24,1.24,500,2021-06-17 09:00:00,TXMD
1.24,1.24,1.24,1.24,300,2021-06-17 11:50:00,TXMD
1.24,1.24,1.24,1.24,2500,2021-06-17 11:55:00,TXMD
1.24,1.24,1.24,1.24,300,2021-06-17 12:20:00,TXMD
1.23,1.23,1.23,1.23,261,2021-06-17 12:40:00,TXMD
1.24,1.24,1.24,1.24,100,2021-06-17 12:50:00,TXMD
1.24,1.24,1.24,1.24,1000,2021-06-17 13:00:00,TXMD
1.23,1.23,1.23,1.23,147,2021-06-17 13:10:00,TXMD
1.24,1.24,1.24,1.24,500,2021-06-17 13:15:00,TXMD
1.23,1.23,1.23,1.23,373,2021-06-17 13:20:00,TXMD
1.23,1.24,1.23,1.24,1306,2021-06-17 13:25:00,TXMD
1.23,1.2382,1.22,1.2227,39810,2021-06-17 13:30:00,TXMD
1.225,1.23,1.22,1.225,16948,2021-06-17 13:35:00,TXMD
1.2247,1.2381,1.22,1.235,96933,2021-06-17 13:40:00,TXMD
1.23,1.25,1.23,1.245,40321,2021-06-17 13:45:00,TXMD
1.245,1.25,1.24,1.25,14627,2021-06-17 13:50:00,TXMD
1.245,1.26,1.24,1.2562,56830,2021-06-17 13:55:00,TXMD
1.26,1.26,1.25,1.25,43551,2021-06-17 14:00:00,TXMD
1.255,1.255,1.25,1.255,12300,2021-06-17 14:05:00,TXMD
1.255,1.255,1.23,1.235,84620,2021-06-17 14:10:00,TXMD
1.23,1.24,1.23,1.23,2893,2021-06-17 14:15:00,TXMD
1.24,1.24,1.23,1.23,22489,2021-06-17 14:20:00,TXMD
1.23,1.24,1.23,1.235,14481,2021-06-17 14:25:00,TXMD
1.24,1.24,1.23,1.23,21945,2021-06-17 14:30:00,TXMD
1.2301,1.24,1.23,1.2337,31965,2021-06-17 14:35:00,TXMD
1.23,1.24,1.23,1.23,18510,2021-06-17 14:40:00,TXMD
1.23,1.24,1.23,1.235,10324,2021-06-17 14:45:00,TXMD
1.23,1.24,1.23,1.23,7906,2021-06-17 14:50:00,TXMD
1.23,1.24,1.23,1.23,13396,2021-06-17 14:55:00,TXMD
1.235,1.24,1.23,1.24,5362,2021-06-17 15:00:00,TXMD
1.23,1.24,1.23,1.23,38790,2021-06-17 15:05:00,TXMD
1.23,1.2376,1.23,1.23,13000,2021-06-17 15:10:00,TXMD
1.23,1.235,1.23,1.23,7501,2021-06-17 15:15:00,TXMD
1.235,1.24,1.23,1.23,16872,2021-06-17 15:20:00,TXMD
1.23,1.235,1.23,1.23,3901,2021-06-17 15:25:00,TXMD
1.23,1.2368,1.23,1.23,24250,2021-06-17 15:30:00,TXMD
1.235,1.235,1.22,1.225,251536,2021-06-17 15:35:00,TXMD
1.2244,1.23,1.22,1.225,11675,2021-06-17 15:40:00,TXMD
1.225,1.2256,1.22,1.225,12150,2021-06-17 15:45:00,TXMD
1.22,1.2299,1.22,1.225,90546,2021-06-17 15:50:00,TXMD
1.225,1.2275,1.21,1.21,174201,2021-06-17 15:55:00,TXMD
1.21,1.22,1.21,1.2167,79930,2021-06-17 16:00:00,TXMD
1.215,1.2172,1.21,1.21,17637,2021-06-17 16:05:00,TXMD
1.215,1.2171,1.21,1.215,12748,2021-06-17 16:10:00,TXMD
1.21,1.2161,1.21,1.21,25195,2021-06-17 16:15:00,TXMD
1.21,1.215,1.2,1.205,62641,2021-06-17 16:20:00,TXMD
1.2,1.21,1.2,1.2,23830,2021-06-17 16:25:00,TXMD
1.21,1.21,1.2,1.2,42685,2021-06-17 16:30:00,TXMD
1.2,1.209,1.2,1.2,18693,2021-06-17 16:35:00,TXMD
1.205,1.2053,1.2,1.2046,22015,2021-06-17 16:40:00,TXMD
1.202,1.2095,1.2,1.2,11463,2021-06-17 16:45:00,TXMD
1.205,1.21,1.2,1.205,18145,2021-06-17 16:50:00,TXMD
1.205,1.21,1.2,1.2043,34890,2021-06-17 16:55:00,TXMD
1.205,1.21,1.2,1.205,100902,2021-06-17 17:00:00,TXMD
1.205,1.22,1.2,1.21,87419,2021-06-17 17:05:00,TXMD
1.21,1.217,1.21,1.215,5344,2021-06-17 17:10:00,TXMD
1.215,1.2165,1.21,1.2143,7548,2021-06-17 17:15:00,TXMD
1.215,1.22,1.21,1.22,8907,2021-06-17 17:20:00,TXMD
1.21,1.22,1.21,1.215,18621,2021-06-17 17:25:00,TXMD
1.215,1.22,1.21,1.22,28289,2021-06-17 17:30:00,TXMD
1.2137,1.22,1.21,1.21,10305,2021-06-17 17:35:00,TXMD
1.212,1.22,1.21,1.21,22241,2021-06-17 17:40:00,TXMD
1.2155,1.22,1.21,1.21,14482,2021-06-17 17:45:00,TXMD
1.21,1.2199,1.21,1.2162,13836,2021-06-17 17:50:00,TXMD
1.21,1.22,1.21,1.22,21356,2021-06-17 17:55:00,TXMD
1.215,1.22,1.21,1.2138,18071,2021-06-17 18:00:00,TXMD
1.21,1.22,1.21,1.215,11903,2021-06-17 18:05:00,TXMD
1.21,1.2199,1.21,1.21,14217,2021-06-17 18:10:00,TXMD
1.21,1.215,1.21,1.212,5965,2021-06-17 18:15:00,TXMD
1.215,1.2199,1.21,1.215,7810,2021-06-17 18:20:00,TXMD
1.215,1.215,1.21,1.21,17359,2021-06-17 18:25:00,TXMD
1.215,1.215,1.21,1.215,29367,2021-06-17 18:30:00,TXMD
1.215,1.216,1.21,1.21,6400,2021-06-17 18:35:00,TXMD
1.21,1.215,1.21,1.215,19471,2021-06-17 18:40:00,TXMD
1.214,1.22,1.21,1.215,9645,2021-06-17 18:45:00,TXMD
1.215,1.2163,1.21,1.212,12092,2021-06-17 18:50:00,TXMD
1.215,1.215,1.21,1.21,11524,2021-06-17 18:55:00,TXMD
1.21,1.215,1.21,1.21,7900,2021-06-17 19:00:00,TXMD
1.21,1.22,1.21,1.215,39815,2021-06-17 19:05:00,TXMD
1.215,1.2158,1.21,1.215,10559,2021-06-17 19:10:00,TXMD
1.2121,1.22,1.21,1.22,19400,2021-06-17 19:15:00,TXMD
1.22,1.22,1.21,1.21,37300,2021-06-17 19:20:00,TXMD
1.22,1.22,1.21,1.22,11888,2021-06-17 19:25:00,TXMD
1.22,1.22,1.21,1.21,53823,2021-06-17 19:30:00,TXMD
1.21,1.22,1.21,1.21,16449,2021-06-17 19:35:00,TXMD
1.215,1.22,1.21,1.215,68879,2021-06-17 19:40:00,TXMD
1.215,1.22,1.21,1.215,44721,2021-06-17 19:45:00,TXMD
1.21,1.22,1.21,1.215,121723,2021-06-17 19:50:00,TXMD
1.22,1.22,1.21,1.22,98972,2021-06-17 19:55:00,TXMD
1.21,1.22,1.21,1.22,189530,2021-06-17 20:00:00,TXMD
1.22,1.22,1.22,1.22,150,2021-06-17 20:05:00,TXMD
1.22,1.22,1.22,1.22,206,2021-06-17 20:10:00,TXMD
1.21,1.22,1.21,1.22,2345,2021-06-17 20:15:00,TXMD
1.22,1.22,1.22,1.22,200,2021-06-17 20:20:00,TXMD
1.22,1.22,1.22,1.22,5300,2021-06-17 20:25:00,TXMD
1.22,1.22,1.22,1.22,200,2021-06-17 20:35:00,TXMD
1.22,1.22,1.22,1.22,210,2021-06-17 20:40:00,TXMD
1.22,1.22,1.22,1.22,1000,2021-06-17 20:45:00,TXMD
1.22,1.22,1.22,1.22,100,2021-06-17 20:50:00,TXMD
1.22,1.22,1.22,1.22,2000,2021-06-17 21:00:00,TXMD
1.21,1.21,1.21,1.21,185,2021-06-17 21:05:00,TXMD
1.21,1.21,1.21,1.21,84188,2021-06-17 21:15:00,TXMD
1.21,1.21,1.21,1.21,244,2021-06-17 21:20:00,TXMD
1.21,1.22,1.21,1.22,400,2021-06-17 21:25:00,TXMD
1.22,1.22,1.21,1.21,380,2021-06-17 21:30:00,TXMD
1.22,1.22,1.22,1.22,2600,2021-06-17 21:35:00,TXMD
1.22,1.22,1.22,1.22,3500,2021-06-17 21:55:00,TXMD
1.22,1.22,1.22,1.22,400,2021-06-17 22:45:00,TXMD
1.22,1.22,1.22,1.22,1000,2021-06-17 22:50:00,TXMD
1.23,1.24,1.23,1.24,3975,2021-06-17 22:55:00,TXMD
1.22,1.22,1.22,1.22,300,2021-06-17 23:35:00,TXMD
1.21,1.21,1.21,1.21,4999,2021-06-17 23:55:00,TXMD
1.21,1.21,1.21,1.21,116,2021-06-18 08:00:00,TXMD
1.21,1.21,1.21,1.21,566,2021-06-18 11:00:00,TXMD
1.21,1.21,1.21,1.21,176,2021-06-18 12:30:00,TXMD
1.21,1.21,1.21,1.21,2340,2021-06-18 12:40:00,TXMD
1.21,1.21,1.21,1.21,13850,2021-06-18 12:55:00,TXMD
1.21,1.21,1.2,1.2,5126,2021-06-18 13:00:00,TXMD
1.2099,1.22,1.2,1.2,7736,2021-06-18 13:05:00,TXMD
1.22,1.22,1.22,1.22,6089,2021-06-18 13:10:00,TXMD
1.22,1.22,1.2,1.2,300,2021-06-18 13:15:00,TXMD
1.22,1.22,1.2,1.2,2000,2021-06-18 13:20:00,TXMD
1.22,1.22,1.2,1.2,1084,2021-06-18 13:25:00,TXMD
1.2,1.215,1.2,1.2026,499629,2021-06-18 13:30:00,TXMD
1.2069,1.22,1.2,1.21,227827,2021-06-18 13:35:00,TXMD
1.2119,1.23,1.21,1.225,32435,2021-06-18 13:40:00,TXMD
1.22,1.22,1.21,1.2114,47881,2021-06-18 13:45:00,TXMD
1.21,1.215,1.2,1.2,34945,2021-06-18 13:50:00,TXMD
1.2,1.2066,1.2,1.2,11909,2021-06-18 13:55:00,TXMD
1.2059,1.21,1.2,1.2,18954,2021-06-18 14:00:00,TXMD
1.2086,1.21,1.2,1.2,24620,2021-06-18 14:05:00,TXMD
1.21,1.21,1.2,1.21,11042,2021-06-18 14:10:00,TXMD
1.205,1.2064,1.19,1.195,184646,2021-06-18 14:15:00,TXMD
1.19,1.2,1.19,1.19,133139,2021-06-18 14:20:00,TXMD
1.2,1.2,1.19,1.195,25968,2021-06-18 14:25:00,TXMD
1.2,1.2,1.19,1.2,20515,2021-06-18 14:30:00,TXMD
1.2,1.2,1.19,1.1947,17214,2021-06-18 14:35:00,TXMD
1.19,1.2,1.19,1.19,12810,2021-06-18 14:40:00,TXMD
1.2,1.2,1.19,1.1964,19409,2021-06-18 14:45:00,TXMD
1.19,1.2,1.19,1.19,15675,2021-06-18 14:50:00,TXMD
1.1929,1.1999,1.19,1.1955,16003,2021-06-18 14:55:00,TXMD
1.19,1.2,1.19,1.19,51430,2021-06-18 15:00:00,TXMD
1.195,1.1955,1.19,1.195,6260,2021-06-18 15:05:00,TXMD
1.1955,1.199,1.19,1.19,14824,2021-06-18 15:10:00,TXMD
1.1936,1.1963,1.19,1.195,16324,2021-06-18 15:15:00,TXMD
1.195,1.1963,1.19,1.19,9242,2021-06-18 15:20:00,TXMD
1.19,1.1999,1.19,1.19,12239,2021-06-18 15:25:00,TXMD
1.19,1.1999,1.19,1.19,10238,2021-06-18 15:30:00,TXMD
1.1956,1.1999,1.19,1.1999,31783,2021-06-18 15:35:00,TXMD
1.19,1.2,1.19,1.19,8490,2021-06-18 15:40:00,TXMD
1.1946,1.2,1.19,1.1919,28569,2021-06-18 15:45:00,TXMD
1.195,1.2,1.19,1.195,17853,2021-06-18 15:50:00,TXMD
1.19,1.2,1.19,1.195,7378,2021-06-18 15:55:00,TXMD
1.195,1.2,1.19,1.2,14460,2021-06-18 16:00:00,TXMD
1.1956,1.2,1.19,1.1944,24375,2021-06-18 16:05:00,TXMD
1.1957,1.1957,1.19,1.19,10437,2021-06-18 16:10:00,TXMD
1.19,1.1958,1.19,1.19,20215,2021-06-18 16:15:00,TXMD
1.195,1.1961,1.19,1.19,7647,2021-06-18 16:20:00,TXMD
1.19,1.2,1.19,1.19,9007,2021-06-18 16:25:00,TXMD
1.19,1.2,1.19,1.19,104100,2021-06-18 16:30:00,TXMD
1.19,1.2,1.18,1.19,76413,2021-06-18 16:35:00,TXMD
1.1856,1.19,1.18,1.185,51970,2021-06-18 16:40:00,TXMD
1.185,1.19,1.18,1.18,15225,2021-06-18 16:45:00,TXMD
1.18,1.19,1.18,1.18,14852,2021-06-18 16:50:00,TXMD
1.19,1.19,1.18,1.18,8936,2021-06-18 16:55:00,TXMD
1.185,1.19,1.18,1.19,25889,2021-06-18 17:00:00,TXMD
1.1837,1.19,1.18,1.18,40365,2021-06-18 17:05:00,TXMD
1.18,1.19,1.18,1.185,8537,2021-06-18 17:10:00,TXMD
1.18,1.19,1.18,1.185,40479,2021-06-18 17:15:00,TXMD
1.185,1.19,1.18,1.186,7517,2021-06-18 17:20:00,TXMD
1.19,1.19,1.18,1.185,4619,2021-06-18 17:25:00,TXMD
1.185,1.19,1.18,1.18,28644,2021-06-18 17:30:00,TXMD
1.1815,1.1862,1.18,1.1833,7611,2021-06-18 17:35:00,TXMD
1.1859,1.1859,1.18,1.18,14533,2021-06-18 17:40:00,TXMD
1.18,1.1899,1.18,1.18,17020,2021-06-18 17:45:00,TXMD
1.19,1.19,1.18,1.18,25976,2021-06-18 17:50:00,TXMD
1.185,1.1855,1.18,1.18,5440,2021-06-18 17:55:00,TXMD
1.18,1.1878,1.18,1.185,65277,2021-06-18 18:00:00,TXMD
1.18,1.19,1.18,1.18,27984,2021-06-18 18:05:00,TXMD
1.18,1.185,1.18,1.185,20262,2021-06-18 18:10:00,TXMD
1.18,1.19,1.18,1.185,22238,2021-06-18 18:15:00,TXMD
1.18,1.1855,1.18,1.18,38245,2021-06-18 18:20:00,TXMD
1.185,1.1862,1.18,1.185,4116,2021-06-18 18:25:00,TXMD
1.18,1.185,1.18,1.18,50688,2021-06-18 18:30:00,TXMD
1.18,1.185,1.17,1.175,73926,2021-06-18 18:35:00,TXMD
1.1755,1.18,1.17,1.1741,16571,2021-06-18 18:40:00,TXMD
1.175,1.18,1.17,1.18,15551,2021-06-18 18:45:00,TXMD
1.175,1.18,1.17,1.175,34284,2021-06-18 18:50:00,TXMD
1.175,1.18,1.17,1.175,37219,2021-06-18 18:55:00,TXMD
1.17,1.18,1.17,1.17,70766,2021-06-18 19:00:00,TXMD
1.18,1.18,1.17,1.17,18930,2021-06-18 19:05:00,TXMD
1.17,1.18,1.17,1.18,15929,2021-06-18 19:10:00,TXMD
1.17,1.18,1.17,1.18,41468,2021-06-18 19:15:00,TXMD
1.18,1.18,1.17,1.17,30783,2021-06-18 19:20:00,TXMD
1.1799,1.18,1.17,1.175,12492,2021-06-18 19:25:00,TXMD
1.175,1.18,1.17,1.175,35483,2021-06-18 19:30:00,TXMD
1.17,1.18,1.17,1.175,79819,2021-06-18 19:35:00,TXMD
1.17,1.18,1.17,1.175,49768,2021-06-18 19:40:00,TXMD
1.17,1.18,1.17,1.17,38766,2021-06-18 19:45:00,TXMD
1.18,1.19,1.17,1.18,389550,2021-06-18 19:50:00,TXMD
1.19,1.2,1.18,1.19,801152,2021-06-18 19:55:00,TXMD
1.2,1.2,1.2,1.2,4329160,2021-06-18 20:00:00,TXMD
1.18,1.2,1.18,1.2,1930,2021-06-18 20:05:00,TXMD
1.18,1.19,1.18,1.19,4689,2021-06-18 20:10:00,TXMD
1.19,1.19,1.19,1.19,600,2021-06-18 20:15:00,TXMD
1.18,1.18,1.18,1.18,2500,2021-06-18 20:20:00,TXMD
1.18,1.19,1.18,1.19,2600,2021-06-18 20:25:00,TXMD
1.18,1.19,1.18,1.19,2600,2021-06-18 20:30:00,TXMD
1.1805,1.1805,1.18,1.18,436,2021-06-18 20:40:00,TXMD
1.18,1.2,1.18,1.2,3500,2021-06-18 20:45:00,TXMD
1.194,1.2,1.194,1.2,1672,2021-06-18 20:50:00,TXMD
1.18,1.18,1.18,1.18,190,2021-06-18 21:00:00,TXMD
1.196,1.2,1.196,1.2,1000,2021-06-18 21:10:00,TXMD
1.18,1.18,1.18,1.18,250,2021-06-18 21:15:00,TXMD
1.19,1.19,1.19,1.19,100,2021-06-18 21:40:00,TXMD
1.19,1.19,1.19,1.19,100,2021-06-18 21:45:00,TXMD
1.1987,1.2,1.1987,1.2,3238,2021-06-18 21:50:00,TXMD
1.2,1.2,1.2,1.2,100,2021-06-18 21:55:00,TXMD
1.19,1.2,1.19,1.2,580,2021-06-18 23:10:00,TXMD
1.2,1.2,1.2,1.2,5000,2021-06-18 23:15:00,TXMD
1.19,1.19,1.19,1.19,500,2021-06-18 23:50:00,TXMD
1.19,1.19,1.1801,1.1801,998,2021-06-18 23:55:00,TXMD
1.2,1.2,1.18,1.18,516,2021-06-21 08:00:00,TXMD
1.18,1.18,1.18,1.18,115,2021-06-21 08:50:00,TXMD
1.18,1.18,1.18,1.18,200,2021-06-21 09:00:00,TXMD
1.18,1.18,1.18,1.18,300,2021-06-21 09:05:00,TXMD
1.18,1.18,1.18,1.18,500,2021-06-21 09:25:00,TXMD
1.19,1.19,1.19,1.19,100,2021-06-21 12:05:00,TXMD
1.1999,1.1999,1.1999,1.1999,1000,2021-06-21 12:10:00,TXMD
1.19,1.19,1.19,1.19,5000,2021-06-21 12:50:00,TXMD
1.19,1.19,1.19,1.19,131,2021-06-21 12:55:00,TXMD
1.19,1.19,1.18,1.18,689,2021-06-21 13:00:00,TXMD
1.18,1.19,1.18,1.19,2253,2021-06-21 13:05:00,TXMD
1.19,1.19,1.18,1.18,3097,2021-06-21 13:10:00,TXMD
1.18,1.18,1.18,1.18,242,2021-06-21 13:15:00,TXMD
1.18,1.19,1.18,1.19,1237,2021-06-21 13:20:00,TXMD
1.19,1.19,1.18,1.18,1203,2021-06-21 13:25:00,TXMD
1.2,1.2,1.175,1.175,74835,2021-06-21 13:30:00,TXMD
1.175,1.18,1.16,1.1634,148326,2021-06-21 13:35:00,TXMD
1.1635,1.18,1.16,1.175,80240,2021-06-21 13:40:00,TXMD
1.18,1.185,1.1725,1.185,81142,2021-06-21 13:45:00,TXMD
1.185,1.19,1.18,1.19,78270,2021-06-21 13:50:00,TXMD
1.19,1.2,1.18,1.1932,90962,2021-06-21 13:55:00,TXMD
1.1999,1.2,1.1924,1.1988,7974,2021-06-21 14:00:00,TXMD
1.193,1.2,1.19,1.1928,11347,2021-06-21 14:05:00,TXMD
1.1933,1.1988,1.18,1.19,90333,2021-06-21 14:10:00,TXMD
1.19,1.19,1.18,1.19,38298,2021-06-21 14:15:00,TXMD
1.19,1.19,1.18,1.187,41279,2021-06-21 14:20:00,TXMD
1.18,1.19,1.18,1.19,10890,2021-06-21 14:25:00,TXMD
1.185,1.19,1.18,1.19,6072,2021-06-21 14:30:00,TXMD
1.19,1.19,1.18,1.18,8536,2021-06-21 14:35:00,TXMD
1.19,1.19,1.18,1.185,4425,2021-06-21 14:40:00,TXMD
1.19,1.19,1.1835,1.185,25969,2021-06-21 14:45:00,TXMD
1.185,1.19,1.18,1.18,26546,2021-06-21 14:50:00,TXMD
1.185,1.19,1.18,1.18,30896,2021-06-21 14:55:00,TXMD
1.185,1.19,1.18,1.18,10141,2021-06-21 15:00:00,TXMD
1.18,1.19,1.18,1.19,14591,2021-06-21 15:05:00,TXMD
1.1821,1.19,1.18,1.185,30748,2021-06-21 15:10:00,TXMD
1.19,1.19,1.18,1.19,7398,2021-06-21 15:15:00,TXMD
1.1886,1.19,1.18,1.19,127689,2021-06-21 15:20:00,TXMD
1.1831,1.19,1.181,1.19,13860,2021-06-21 15:25:00,TXMD
1.19,1.19,1.1809,1.19,15999,2021-06-21 15:30:00,TXMD
1.1814,1.19,1.1814,1.19,7701,2021-06-21 15:35:00,TXMD
1.1831,1.19,1.1815,1.19,20426,2021-06-21 15:40:00,TXMD
1.19,1.19,1.18,1.19,14104,2021-06-21 15:45:00,TXMD
1.19,1.19,1.18,1.19,62762,2021-06-21 15:50:00,TXMD
1.1879,1.19,1.1801,1.19,26068,2021-06-21 15:55:00,TXMD
1.1876,1.19,1.18,1.181,9842,2021-06-21 16:00:00,TXMD
1.185,1.19,1.18,1.18,11111,2021-06-21 16:05:00,TXMD
1.185,1.19,1.18,1.185,2924,2021-06-21 16:10:00,TXMD
1.19,1.19,1.18,1.185,34587,2021-06-21 16:15:00,TXMD
1.185,1.19,1.18,1.185,4350,2021-06-21 16:20:00,TXMD
1.185,1.19,1.1821,1.185,1723,2021-06-21 16:25:00,TXMD
1.19,1.19,1.18,1.1812,102803,2021-06-21 16:30:00,TXMD
1.1888,1.19,1.1821,1.19,20247,2021-06-21 16:35:00,TXMD
1.19,1.19,1.1823,1.185,15578,2021-06-21 16:40:00,TXMD
1.185,1.2,1.1826,1.2,114350,2021-06-21 16:45:00,TXMD
1.19,1.2,1.19,1.195,27490,2021-06-21 16:50:00,TXMD
1.2,1.2,1.19,1.195,30656,2021-06-21 16:55:00,TXMD
1.2,1.2,1.19,1.19,4496,2021-06-21 17:00:00,TXMD
1.195,1.2,1.19,1.195,39717,2021-06-21 17:05:00,TXMD
1.195,1.2,1.19,1.2,3960,2021-06-21 17:10:00,TXMD
1.1943,1.2,1.1913,1.2,11418,2021-06-21 17:15:00,TXMD
1.1943,1.2,1.19,1.195,32175,2021-06-21 17:20:00,TXMD
1.195,1.2,1.19,1.195,4683,2021-06-21 17:25:00,TXMD
1.195,1.2,1.1902,1.195,8430,2021-06-21 17:30:00,TXMD
1.195,1.2,1.19,1.195,5619,2021-06-21 17:35:00,TXMD
1.2,1.2,1.19,1.195,19330,2021-06-21 17:40:00,TXMD
1.1933,1.2,1.19,1.2,23630,2021-06-21 17:45:00,TXMD
1.195,1.2,1.193,1.2,17446,2021-06-21 17:50:00,TXMD
1.195,1.2,1.19,1.2,11965,2021-06-21 17:55:00,TXMD
1.2,1.2,1.19,1.195,3546,2021-06-21 18:00:00,TXMD
1.2,1.2,1.1901,1.2,9680,2021-06-21 18:05:00,TXMD
1.2,1.2,1.19,1.194,11476,2021-06-21 18:10:00,TXMD
1.19,1.2,1.19,1.2,5569,2021-06-21 18:15:00,TXMD
1.1955,1.2,1.19,1.2,3267,2021-06-21 18:20:00,TXMD
1.2,1.2,1.19,1.1935,14327,2021-06-21 18:25:00,TXMD
1.2,1.2,1.19,1.2,8455,2021-06-21 18:30:00,TXMD
1.2,1.2,1.19,1.2,6932,2021-06-21 18:35:00,TXMD
1.2,1.2,1.194,1.195,5125,2021-06-21 18:40:00,TXMD
1.2,1.2,1.19,1.2,2150,2021-06-21 18:45:00,TXMD
1.2,1.2,1.19,1.2,5501,2021-06-21 18:50:00,TXMD
1.195,1.2,1.19,1.195,5400,2021-06-21 18:55:00,TXMD
1.1901,1.2,1.19,1.195,20807,2021-06-21 19:00:00,TXMD
1.2,1.2,1.19,1.19,16059,2021-06-21 19:05:00,TXMD
1.19,1.2,1.19,1.2,7914,2021-06-21 19:10:00,TXMD
1.2,1.2,1.19,1.19,33063,2021-06-21 19:15:00,TXMD
1.19,1.2,1.19,1.19,12200,2021-06-21 19:20:00,TXMD
1.19,1.2,1.19,1.2,35866,2021-06-21 19:25:00,TXMD
1.195,1.2,1.19,1.19,85073,2021-06-21 19:30:00,TXMD
1.195,1.2,1.19,1.2,145104,2021-06-21 19:35:00,TXMD
1.1955,1.2,1.19,1.2,30385,2021-06-21 19:40:00,TXMD
1.19,1.2,1.19,1.195,81012,2021-06-21 19:45:00,TXMD
1.19,1.2,1.19,1.19,201344,2021-06-21 19:50:00,TXMD
1.19,1.2,1.19,1.2,246313,2021-06-21 19:55:00,TXMD
1.19,1.19,1.19,1.19,270599,2021-06-21 20:00:00,TXMD
1.2,1.2,1.2,1.2,441,2021-06-21 20:05:00,TXMD
1.2,1.2,1.2,1.2,100,2021-06-21 20:10:00,TXMD
1.19,1.2,1.19,1.2,6433,2021-06-21 20:15:00,TXMD
1.2,1.2,1.19,1.2,851,2021-06-21 20:25:00,TXMD
1.19,1.2,1.19,1.2,300,2021-06-21 20:30:00,TXMD
1.19,1.19,1.19,1.19,591,2021-06-21 20:40:00,TXMD
1.19,1.19,1.19,1.19,100,2021-06-21 20:55:00,TXMD
1.19,1.19,1.19,1.19,1000,2021-06-21 21:00:00,TXMD
1.2,1.2,1.19,1.19,200199,2021-06-21 21:05:00,TXMD
1.19,1.19,1.19,1.19,100,2021-06-21 21:10:00,TXMD
1.2,1.2,1.19,1.19,13300,2021-06-21 21:15:00,TXMD
1.19,1.19,1.19,1.19,1000,2021-06-21 21:20:00,TXMD
1.19,1.19,1.19,1.19,363,2021-06-21 21:25:00,TXMD
1.19,1.19,1.19,1.19,350,2021-06-21 21:30:00,TXMD
1.19,1.19,1.19,1.19,250,2021-06-21 21:35:00,TXMD
1.19,1.19,1.19,1.19,400,2021-06-21 21:40:00,TXMD
1.19,1.2,1.19,1.19,3625,2021-06-21 21:45:00,TXMD
1.19,1.2,1.19,1.2,2510,2021-06-21 21:50:00,TXMD
1.2,1.2,1.19,1.19,1819,2021-06-21 21:55:00,TXMD
1.19,1.19,1.19,1.19,937,2021-06-22 08:40:00,TXMD
1.19,1.19,1.19,1.19,502,2021-06-22 11:10:00,TXMD
1.2,1.2,1.2,1.2,600,2021-06-22 12:30:00,TXMD
1.19,1.2,1.19,1.2,3100,2021-06-22 12:55:00,TXMD
1.19,1.19,1.18,1.19,2969,2021-06-22 13:00:00,TXMD
1.17,1.19,1.17,1.19,9385,2021-06-22 13:05:00,TXMD
1.172,1.18,1.172,1.18,200,2021-06-22 13:10:00,TXMD
1.17,1.18,1.17,1.18,4529,2021-06-22 13:15:00,TXMD
1.18,1.19,1.18,1.19,5522,2021-06-22 13:20:00,TXMD
1.18,1.18,1.18,1.18,1600,2021-06-22 13:25:00,TXMD
1.2,1.2,1.19,1.194,78921,2021-06-22 13:30:00,TXMD
1.19,1.2,1.19,1.1922,3786,2021-06-22 13:35:00,TXMD
1.1913,1.2,1.19,1.2,15816,2021-06-22 13:40:00,TXMD
1.2,1.2,1.19,1.19,35431,2021-06-22 13:45:00,TXMD
1.1935,1.1965,1.18,1.1839,188367,2021-06-22 13:50:00,TXMD
1.19,1.19,1.18,1.185,10000,2021-06-22 13:55:00,TXMD
1.185,1.19,1.18,1.19,96467,2021-06-22 14:00:00,TXMD
1.19,1.19,1.18,1.19,14550,2021-06-22 14:05:00,TXMD
1.185,1.19,1.18,1.19,34796,2021-06-22 14:10:00,TXMD
1.19,1.2,1.188,1.2,40184,2021-06-22 14:15:00,TXMD
1.2,1.2,1.19,1.2,9235,2021-06-22 14:20:00,TXMD
1.2,1.2,1.19,1.1976,1695,2021-06-22 14:25:00,TXMD
1.1986,1.2,1.19,1.195,101122,2021-06-22 14:30:00,TXMD
1.195,1.2,1.19,1.2,29302,2021-06-22 14:35:00,TXMD
1.195,1.2,1.19,1.2,47652,2021-06-22 14:40:00,TXMD
1.2,1.2,1.19,1.2,23135,2021-06-22 14:45:00,TXMD
1.2,1.2,1.19,1.19,20631,2021-06-22 14:50:00,TXMD
1.2,1.2,1.19,1.2,10010,2021-06-22 14:55:00,TXMD
1.1945,1.2,1.19,1.195,19376,2021-06-22 15:00:00,TXMD
1.2,1.2,1.1942,1.2,25470,2021-06-22 15:05:00,TXMD
1.2,1.21,1.2,1.2035,194613,2021-06-22 15:10:00,TXMD
1.205,1.21,1.2,1.205,31855,2021-06-22 15:15:00,TXMD
1.21,1.21,1.2,1.205,9350,2021-06-22 15:20:00,TXMD
1.205,1.21,1.2,1.205,18103,2021-06-22 15:25:00,TXMD
1.2039,1.21,1.2,1.205,15510,2021-06-22 15:30:00,TXMD
1.205,1.2057,1.2,1.2057,71876,2021-06-22 15:35:00,TXMD
1.205,1.205,1.19,1.19,113954,2021-06-22 15:40:00,TXMD
1.195,1.2,1.19,1.1941,21050,2021-06-22 15:45:00,TXMD
1.1932,1.2,1.19,1.19,9907,2021-06-22 15:50:00,TXMD
1.195,1.2,1.19,1.195,9924,2021-06-22 15:55:00,TXMD
1.195,1.2,1.19,1.19,11969,2021-06-22 16:00:00,TXMD
1.2,1.2,1.19,1.19,21810,2021-06-22 16:05:00,TXMD
1.195,1.2,1.19,1.2,19833,2021-06-22 16:10:00,TXMD
1.2,1.2,1.19,1.2,38192,2021-06-22 16:15:00,TXMD
1.2,1.2,1.19,1.2,6709,2021-06-22 16:20:00,TXMD
1.1936,1.2,1.1936,1.2,10882,2021-06-22 16:25:00,TXMD
1.2,1.2,1.1932,1.195,29553,2021-06-22 16:30:00,TXMD
1.2,1.2,1.1901,1.195,6550,2021-06-22 16:35:00,TXMD
1.2,1.2,1.19,1.2,7546,2021-06-22 16:40:00,TXMD
1.1999,1.2,1.19,1.2,11150,2021-06-22 16:45:00,TXMD
1.2,1.2,1.19,1.195,50883,2021-06-22 16:50:00,TXMD
1.195,1.2,1.19,1.195,11267,2021-06-22 16:55:00,TXMD
1.2,1.2,1.19,1.2,2934,2021-06-22 17:00:00,TXMD
1.2,1.2,1.19,1.2,3021,2021-06-22 17:05:00,TXMD
1.2,1.2,1.19,1.19,22368,2021-06-22 17:10:00,TXMD
1.195,1.2,1.19,1.193,61982,2021-06-22 17:15:00,TXMD
1.2,1.2,1.19,1.194,2087,2021-06-22 17:20:00,TXMD
1.194,1.2,1.19,1.19,3760,2021-06-22 17:25:00,TXMD
1.195,1.1959,1.19,1.19,9773,2021-06-22 17:30:00,TXMD
1.2,1.2,1.19,1.19,400,2021-06-22 17:35:00,TXMD
1.1934,1.1999,1.19,1.19,16877,2021-06-22 17:40:00,TXMD
1.19,1.2,1.19,1.195,6974,2021-06-22 17:45:00,TXMD
1.2,1.2,1.19,1.195,4817,2021-06-22 17:50:00,TXMD
1.195,1.2,1.19,1.19,11403,2021-06-22 17:55:00,TXMD
1.1927,1.2,1.19,1.195,9856,2021-06-22 18:00:00,TXMD
1.195,1.195,1.18,1.18,127799,2021-06-22 18:05:00,TXMD
1.1855,1.1855,1.17,1.17,181700,2021-06-22 18:10:00,TXMD
1.176,1.1763,1.17,1.175,6033,2021-06-22 18:15:00,TXMD
1.176,1.19,1.17,1.19,129709,2021-06-22 18:20:00,TXMD
1.182,1.19,1.17,1.1717,41645,2021-06-22 18:25:00,TXMD
1.175,1.1763,1.1709,1.1755,21152,2021-06-22 18:30:00,TXMD
1.1755,1.18,1.175,1.1763,26513,2021-06-22 18:35:00,TXMD
1.18,1.18,1.1701,1.1731,12092,2021-06-22 18:40:00,TXMD
1.1764,1.18,1.17,1.175,16836,2021-06-22 18:45:00,TXMD
1.18,1.18,1.1727,1.175,2905,2021-06-22 18:50:00,TXMD
1.18,1.18,1.1725,1.175,17059,2021-06-22 18:55:00,TXMD
1.1735,1.18,1.1734,1.175,17789,2021-06-22 19:00:00,TXMD
1.18,1.18,1.174,1.176,4545,2021-06-22 19:05:00,TXMD
1.175,1.18,1.17,1.18,59849,2021-06-22 19:10:00,TXMD
1.18,1.19,1.175,1.18,55747,2021-06-22 19:15:00,TXMD
1.18,1.19,1.18,1.18,29106,2021-06-22 19:20:00,TXMD
1.19,1.19,1.18,1.19,3675,2021-06-22 19:25:00,TXMD
1.19,1.2,1.18,1.195,182074,2021-06-22 19:30:00,TXMD
1.2,1.2,1.19,1.2,76531,2021-06-22 19:35:00,TXMD
1.195,1.2,1.19,1.2,21243,2021-06-22 19:40:00,TXMD
1.2,1.2,1.19,1.2,95202,2021-06-22 19:45:00,TXMD
1.2,1.2,1.19,1.195,126523,2021-06-22 19:50:00,TXMD
1.19,1.2,1.19,1.19,88118,2021-06-22 19:55:00,TXMD
1.19,1.2,1.19,1.19,201894,2021-06-22 20:00:00,TXMD
1.19,1.19,1.19,1.19,100,2021-06-22 20:10:00,TXMD
1.18,1.19,1.18,1.19,10452,2021-06-22 20:15:00,TXMD
1.18,1.18,1.18,1.18,400,2021-06-22 20:20:00,TXMD
1.19,1.19,1.18,1.18,1349,2021-06-22 20:25:00,TXMD
1.19,1.19,1.19,1.19,2896,2021-06-22 20:40:00,TXMD
1.19,1.19,1.19,1.19,110,2021-06-22 20:50:00,TXMD
1.19,1.19,1.19,1.19,100,2021-06-22 20:55:00,TXMD
1.19,1.19,1.19,1.19,100,2021-06-22 21:10:00,TXMD
1.18,1.18,1.18,1.18,100,2021-06-22 21:15:00,TXMD
1.19,1.19,1.19,1.19,17638,2021-06-22 21:20:00,TXMD
1.18,1.19,1.18,1.19,325,2021-06-22 21:35:00,TXMD
1.18,1.1899,1.18,1.1899,1100,2021-06-22 21:40:00,TXMD
1.18,1.18,1.18,1.18,2035,2021-06-22 21:45:00,TXMD
1.19,1.19,1.19,1.19,400,2021-06-22 21:50:00,TXMD
1.19,1.19,1.19,1.19,3100,2021-06-22 22:55:00,TXMD
1.1999,1.1999,1.1999,1.1999,800,2021-06-22 23:15:00,TXMD
1.2,1.2,1.2,1.2,435,2021-06-23 08:00:00,TXMD
1.19,1.19,1.19,1.19,800,2021-06-23 12:00:00,TXMD
1.1818,1.2,1.18,1.2,3196,2021-06-23 13:00:00,TXMD
1.18,1.2,1.18,1.18,1347,2021-06-23 13:05:00,TXMD
1.2,1.2,1.18,1.18,250,2021-06-23 13:10:00,TXMD
1.2,1.2,1.18,1.18,1740,2021-06-23 13:15:00,TXMD
1.19,1.2,1.18,1.18,700,2021-06-23 13:25:00,TXMD
1.18,1.2,1.18,1.195,64068,2021-06-23 13:30:00,TXMD
1.195,1.205,1.19,1.2,52350,2021-06-23 13:35:00,TXMD
1.2,1.21,1.2,1.2,51420,2021-06-23 13:40:00,TXMD
1.2037,1.205,1.19,1.19,124118,2021-06-23 13:45:00,TXMD
1.199,1.2,1.18,1.2,216347,2021-06-23 13:50:00,TXMD
1.195,1.2,1.19,1.197,78675,2021-06-23 13:55:00,TXMD
1.2,1.209,1.19,1.195,77497,2021-06-23 14:00:00,TXMD
1.19,1.2,1.19,1.195,11704,2021-06-23 14:05:00,TXMD
1.195,1.2,1.19,1.195,33983,2021-06-23 14:10:00,TXMD
1.1948,1.2,1.19,1.19,20971,2021-06-23 14:15:00,TXMD
1.19,1.2,1.19,1.1925,23205,2021-06-23 14:20:00,TXMD
1.19,1.2,1.19,1.19,42120,2021-06-23 14:25:00,TXMD
1.195,1.1977,1.19,1.19,21011,2021-06-23 14:30:00,TXMD
1.19,1.2,1.19,1.19,14370,2021-06-23 14:35:00,TXMD
1.19,1.2,1.19,1.2,28611,2021-06-23 14:40:00,TXMD
1.19,1.2,1.19,1.195,37302,2021-06-23 14:45:00,TXMD
1.195,1.2,1.19,1.2,14178,2021-06-23 14:50:00,TXMD
1.19,1.2,1.19,1.1935,13239,2021-06-23 14:55:00,TXMD
1.19,1.2,1.19,1.19,39892,2021-06-23 15:00:00,TXMD
1.19,1.2,1.19,1.19,14189,2021-06-23 15:05:00,TXMD
1.19,1.2,1.19,1.199,11686,2021-06-23 15:10:00,TXMD
1.195,1.2,1.19,1.19,23227,2021-06-23 15:15:00,TXMD
1.19,1.1964,1.19,1.195,13612,2021-06-23 15:20:00,TXMD
1.19,1.2,1.19,1.195,61491,2021-06-23 15:25:00,TXMD
1.19,1.195,1.19,1.195,10301,2021-06-23 15:30:00,TXMD
1.19,1.195,1.19,1.19,7752,2021-06-23 15:35:00,TXMD
1.19,1.2,1.19,1.195,14357,2021-06-23 15:40:00,TXMD
1.1955,1.2,1.19,1.195,38275,2021-06-23 15:45:00,TXMD
1.19,1.2,1.19,1.19,5000,2021-06-23 15:50:00,TXMD
1.19,1.2,1.19,1.195,9876,2021-06-23 15:55:00,TXMD
1.19,1.195,1.19,1.19,5877,2021-06-23 16:00:00,TXMD
1.19,1.195,1.19,1.19,5000,2021-06-23 16:05:00,TXMD
1.195,1.195,1.19,1.19,3500,2021-06-23 16:10:00,TXMD
1.195,1.2,1.19,1.19,14157,2021-06-23 16:15:00,TXMD
1.195,1.195,1.19,1.195,8237,2021-06-23 16:20:00,TXMD
1.19,1.2,1.19,1.19,12360,2021-06-23 16:25:00,TXMD
1.195,1.195,1.19,1.19,13700,2021-06-23 16:30:00,TXMD
1.19,1.2,1.19,1.19,8358,2021-06-23 16:35:00,TXMD
1.19,1.2,1.19,1.195,17802,2021-06-23 16:40:00,TXMD
1.19,1.2,1.19,1.19,9998,2021-06-23 16:45:00,TXMD
1.19,1.2,1.19,1.19,8356,2021-06-23 16:50:00,TXMD
1.19,1.2,1.19,1.19,11831,2021-06-23 16:55:00,TXMD
1.19,1.1999,1.19,1.195,11716,2021-06-23 17:00:00,TXMD
1.195,1.195,1.19,1.1938,1375,2021-06-23 17:05:00,TXMD
1.2,1.2,1.19,1.195,2725,2021-06-23 17:10:00,TXMD
1.2,1.2,1.19,1.19,3582,2021-06-23 17:15:00,TXMD
1.1939,1.2,1.19,1.195,19745,2021-06-23 17:20:00,TXMD
1.195,1.195,1.19,1.19,11650,2021-06-23 17:25:00,TXMD
1.2,1.2,1.19,1.2,8051,2021-06-23 17:30:00,TXMD
1.19,1.2,1.19,1.19,4514,2021-06-23 17:35:00,TXMD
1.2,1.2,1.19,1.195,2137,2021-06-23 17:40:00,TXMD
1.1999,1.2,1.19,1.195,16534,2021-06-23 17:45:00,TXMD
1.195,1.2,1.19,1.2,40449,2021-06-23 17:50:00,TXMD
1.2,1.2,1.19,1.2,13246,2021-06-23 17:55:00,TXMD
1.2,1.21,1.1938,1.2,132035,2021-06-23 18:00:00,TXMD
1.2,1.206,1.2,1.2,9062,2021-06-23 18:05:00,TXMD
1.205,1.21,1.2,1.2042,129313,2021-06-23 18:10:00,TXMD
1.205,1.2064,1.2,1.205,8359,2021-06-23 18:15:00,TXMD
1.2,1.2056,1.2,1.205,6605,2021-06-23 18:20:00,TXMD
1.2,1.21,1.2,1.21,2466,2021-06-23 18:25:00,TXMD
1.205,1.2064,1.2,1.2,7271,2021-06-23 18:30:00,TXMD
1.205,1.2066,1.2,1.2,47363,2021-06-23 18:35:00,TXMD
1.2,1.2081,1.2,1.2,26693,2021-06-23 18:40:00,TXMD
1.2062,1.21,1.2,1.2,88235,2021-06-23 18:45:00,TXMD
1.202,1.21,1.2,1.2026,13719,2021-06-23 18:50:00,TXMD
1.205,1.21,1.2,1.205,10029,2021-06-23 18:55:00,TXMD
1.205,1.205,1.2,1.2,17352,2021-06-23 19:00:00,TXMD
1.2,1.205,1.2,1.2,28792,2021-06-23 19:05:00,TXMD
1.205,1.21,1.2,1.205,72845,2021-06-23 19:10:00,TXMD
1.2,1.2099,1.2,1.2,17573,2021-06-23 19:15:00,TXMD
1.205,1.205,1.2,1.2001,22455,2021-06-23 19:20:00,TXMD
1.205,1.21,1.2,1.205,21356,2021-06-23 19:25:00,TXMD
1.205,1.2099,1.2,1.2,40980,2021-06-23 19:30:00,TXMD
1.205,1.2099,1.2,1.2,20229,2021-06-23 19:35:00,TXMD
1.205,1.21,1.2,1.205,41816,2021-06-23 19:40:00,TXMD
1.205,1.2099,1.2,1.205,51180,2021-06-23 19:45:00,TXMD
1.205,1.21,1.2,1.205,75017,2021-06-23 19:50:00,TXMD
1.205,1.21,1.2,1.205,278121,2021-06-23 19:55:00,TXMD
1.2,1.21,1.2,1.2,209189,2021-06-23 20:00:00,TXMD
1.2,1.21,1.2,1.2,12600,2021-06-23 20:05:00,TXMD
1.2,1.2,1.19,1.19,4682,2021-06-23 20:15:00,TXMD
1.2,1.2,1.2,1.2,900,2021-06-23 20:25:00,TXMD
1.2,1.2,1.19,1.19,9600,2021-06-23 20:30:00,TXMD
1.2,1.2,1.19,1.19,232,2021-06-23 20:35:00,TXMD
1.19,1.2,1.19,1.2,733,2021-06-23 20:40:00,TXMD
1.2,1.2,1.1999,1.2,550,2021-06-23 20:45:00,TXMD
1.19,1.19,1.19,1.19,110,2021-06-23 20:50:00,TXMD
1.19,1.19,1.19,1.19,2152,2021-06-23 20:55:00,TXMD
1.19,1.19,1.19,1.19,2260,2021-06-23 21:05:00,TXMD
1.19,1.19,1.19,1.19,226,2021-06-23 21:10:00,TXMD
1.19,1.19,1.19,1.19,112,2021-06-23 21:30:00,TXMD
1.2,1.2,1.2,1.2,100,2021-06-23 21:35:00,TXMD
1.2,1.2,1.2,1.2,100,2021-06-23 21:45:00,TXMD
1.19,1.2,1.19,1.2,1180,2021-06-23 21:55:00,TXMD
1.19,1.19,1.19,1.19,434,2021-06-23 22:15:00,TXMD
1.2,1.2,1.2,1.2,1000,2021-06-23 23:55:00,TXMD
1.2,1.2,1.2,1.2,294,2021-06-24 08:00:00,TXMD
1.2,1.2,1.2,1.2,301,2021-06-24 08:30:00,TXMD
1.21,1.21,1.21,1.21,5000,2021-06-24 09:35:00,TXMD
1.2,1.2,1.19,1.19,1200,2021-06-24 10:00:00,TXMD
1.2,1.2,1.2,1.2,2496,2021-06-24 10:15:00,TXMD
1.2,1.2,1.2,1.2,1252,2021-06-24 10:20:00,TXMD
1.2,1.2,1.2,1.2,200,2021-06-24 10:30:00,TXMD
1.21,1.21,1.21,1.21,1200,2021-06-24 12:00:00,TXMD
1.21,1.21,1.2099,1.21,2710,2021-06-24 12:30:00,TXMD
1.2099,1.2099,1.2099,1.2099,100,2021-06-24 12:35:00,TXMD
1.2099,1.2099,1.2099,1.2099,100,2021-06-24 12:45:00,TXMD
1.21,1.21,1.21,1.21,500,2021-06-24 12:55:00,TXMD
1.21,1.21,1.2,1.21,4600,2021-06-24 13:05:00,TXMD
1.21,1.21,1.21,1.21,103,2021-06-24 13:10:00,TXMD
1.21,1.21,1.2,1.21,1657,2021-06-24 13:20:00,TXMD
1.21,1.21,1.21,1.21,1966,2021-06-24 13:25:00,TXMD
1.2164,1.23,1.21,1.225,68861,2021-06-24 13:30:00,TXMD
1.225,1.24,1.2201,1.235,65410,2021-06-24 13:35:00,TXMD
1.24,1.24,1.23,1.237,70061,2021-06-24 13:40:00,TXMD
1.2301,1.25,1.2301,1.2479,103692,2021-06-24 13:45:00,TXMD
1.25,1.255,1.2401,1.25,155952,2021-06-24 13:50:00,TXMD
1.2501,1.26,1.25,1.255,54519,2021-06-24 13:55:00,TXMD
1.2501,1.26,1.25,1.255,189329,2021-06-24 14:00:00,TXMD
1.2549,1.26,1.25,1.255,48637,2021-06-24 14:05:00,TXMD
1.25,1.26,1.25,1.25,130005,2021-06-24 14:10:00,TXMD
1.255,1.26,1.25,1.255,74186,2021-06-24 14:15:00,TXMD
1.26,1.26,1.25,1.25,52498,2021-06-24 14:20:00,TXMD
1.25,1.26,1.25,1.255,15108,2021-06-24 14:25:00,TXMD
1.255,1.259,1.25,1.25,40835,2021-06-24 14:30:00,TXMD
1.2534,1.26,1.25,1.255,76613,2021-06-24 14:35:00,TXMD
1.25,1.26,1.25,1.25,19263,2021-06-24 14:40:00,TXMD
1.2529,1.2593,1.25,1.25,27706,2021-06-24 14:45:00,TXMD
1.25,1.26,1.24,1.245,158068,2021-06-24 14:50:00,TXMD
1.2431,1.25,1.24,1.24,60204,2021-06-24 14:55:00,TXMD
1.24,1.25,1.24,1.24,34032,2021-06-24 15:00:00,TXMD
1.24,1.25,1.24,1.24,43736,2021-06-24 15:05:00,TXMD
1.25,1.25,1.24,1.245,20845,2021-06-24 15:10:00,TXMD
1.245,1.2456,1.24,1.24,9248,2021-06-24 15:15:00,TXMD
1.24,1.2404,1.23,1.23,144014,2021-06-24 15:20:00,TXMD
1.23,1.24,1.23,1.235,51569,2021-06-24 15:25:00,TXMD
1.235,1.24,1.23,1.2377,11384,2021-06-24 15:30:00,TXMD
1.235,1.24,1.23,1.235,22674,2021-06-24 15:35:00,TXMD
1.235,1.24,1.2342,1.2382,7079,2021-06-24 15:40:00,TXMD
1.235,1.24,1.23,1.235,20729,2021-06-24 15:45:00,TXMD
1.24,1.24,1.23,1.235,39308,2021-06-24 15:50:00,TXMD
1.235,1.24,1.23,1.2366,6863,2021-06-24 15:55:00,TXMD
1.2335,1.24,1.23,1.239,3609,2021-06-24 16:00:00,TXMD
1.23,1.24,1.23,1.235,15585,2021-06-24 16:05:00,TXMD
1.2305,1.24,1.23,1.24,4660,2021-06-24 16:10:00,TXMD
1.24,1.24,1.23,1.24,13452,2021-06-24 16:15:00,TXMD
1.2367,1.24,1.23,1.24,4306,2021-06-24 16:20:00,TXMD
1.2379,1.24,1.23,1.2381,6500,2021-06-24 16:25:00,TXMD
1.24,1.24,1.2337,1.238,13359,2021-06-24 16:30:00,TXMD
1.234,1.24,1.23,1.235,5280,2021-06-24 16:35:00,TXMD
1.235,1.24,1.23,1.239,5455,2021-06-24 16:40:00,TXMD
1.24,1.245,1.235,1.245,53365,2021-06-24 16:45:00,TXMD
1.245,1.25,1.24,1.2455,24709,2021-06-24 16:50:00,TXMD
1.2457,1.25,1.2448,1.2472,8390,2021-06-24 16:55:00,TXMD
1.25,1.25,1.2445,1.2456,6769,2021-06-24 17:00:00,TXMD
1.25,1.25,1.2441,1.2495,104438,2021-06-24 17:05:00,TXMD
1.2443,1.26,1.2417,1.255,200808,2021-06-24 17:10:00,TXMD
1.2588,1.27,1.255,1.265,66568,2021-06-24 17:15:00,TXMD
1.265,1.2654,1.25,1.255,207924,2021-06-24 17:20:00,TXMD
1.26,1.27,1.254,1.27,55877,2021-06-24 17:25:00,TXMD
1.2654,1.27,1.2643,1.265,23362,2021-06-24 17:30:00,TXMD
1.2658,1.27,1.2627,1.265,13428,2021-06-24 17:35:00,TXMD
1.265,1.27,1.26,1.27,68968,2021-06-24 17:40:00,TXMD
1.27,1.27,1.26,1.2601,38124,2021-06-24 17:45:00,TXMD
1.27,1.27,1.261,1.265,30953,2021-06-24 17:50:00,TXMD
1.265,1.27,1.26,1.27,46109,2021-06-24 17:55:00,TXMD
1.27,1.28,1.2689,1.275,139204,2021-06-24 18:00:00,TXMD
1.275,1.28,1.27,1.2731,9565,2021-06-24 18:05:00,TXMD
1.275,1.28,1.27,1.275,15405,2021-06-24 18:10:00,TXMD
1.2731,1.28,1.27,1.2734,8519,2021-06-24 18:15:00,TXMD
1.28,1.28,1.2737,1.2744,11084,2021-06-24 18:20:00,TXMD
1.28,1.28,1.2701,1.2722,139849,2021-06-24 18:25:00,TXMD
1.28,1.28,1.27,1.28,34399,2021-06-24 18:30:00,TXMD
1.28,1.28,1.27,1.28,38996,2021-06-24 18:35:00,TXMD
1.28,1.28,1.27,1.28,31813,2021-06-24 18:40:00,TXMD
1.28,1.28,1.27,1.28,33788,2021-06-24 18:45:00,TXMD
1.28,1.28,1.27,1.28,62672,2021-06-24 18:50:00,TXMD
1.275,1.28,1.2723,1.2774,26103,2021-06-24 18:55:00,TXMD
1.2774,1.28,1.2738,1.2738,19587,2021-06-24 19:00:00,TXMD
1.28,1.28,1.27,1.28,37370,2021-06-24 19:05:00,TXMD
1.28,1.28,1.27,1.28,21633,2021-06-24 19:10:00,TXMD
1.28,1.28,1.27,1.28,52852,2021-06-24 19:15:00,TXMD
1.28,1.28,1.27,1.28,29811,2021-06-24 19:20:00,TXMD
1.28,1.28,1.2744,1.28,23257,2021-06-24 19:25:00,TXMD
1.28,1.28,1.27,1.28,23437,2021-06-24 19:30:00,TXMD
1.28,1.28,1.27,1.28,10951,2021-06-24 19:35:00,TXMD
1.28,1.28,1.2701,1.28,34074,2021-06-24 19:40:00,TXMD
1.28,1.28,1.2701,1.2743,33583,2021-06-24 19:45:00,TXMD
1.275,1.285,1.27,1.28,241801,2021-06-24 19:50:00,TXMD
1.285,1.29,1.28,1.29,264779,2021-06-24 19:55:00,TXMD
1.29,1.29,1.26,1.26,117611,2021-06-24 20:00:00,TXMD
1.26,1.26,1.23,1.24,2592,2021-06-24 20:05:00,TXMD
1.2791,1.28,1.24,1.25,2011,2021-06-24 20:10:00,TXMD
1.25,1.25,1.25,1.25,130,2021-06-24 20:15:00,TXMD
1.27,1.27,1.25,1.27,5527,2021-06-24 20:20:00,TXMD
1.26,1.26,1.26,1.26,403,2021-06-24 20:25:00,TXMD
1.26,1.26,1.26,1.26,2600,2021-06-24 20:30:00,TXMD
1.25,1.25,1.25,1.25,822,2021-06-24 20:35:00,TXMD
1.26,1.26,1.25,1.26,5215,2021-06-24 20:40:00,TXMD
1.26,1.26,1.26,1.26,100,2021-06-24 20:45:00,TXMD
1.25,1.25,1.23,1.23,13431,2021-06-24 20:50:00,TXMD
1.25,1.25,1.25,1.25,500,2021-06-24 20:55:00,TXMD
1.25,1.25,1.25,1.25,2500,2021-06-24 21:00:00,TXMD
1.25,1.25,1.24,1.24,536,2021-06-24 21:15:00,TXMD
1.24,1.24,1.24,1.24,934,2021-06-24 21:25:00,TXMD
1.25,1.25,1.24,1.25,48938,2021-06-24 21:50:00,TXMD
1.24,1.24,1.24,1.24,223,2021-06-24 21:55:00,TXMD
1.25,1.25,1.25,1.25,1896,2021-06-24 22:00:00,TXMD
1.26,1.27,1.26,1.27,35619,2021-06-24 22:20:00,TXMD
1.26,1.26,1.26,1.26,1600,2021-06-24 22:50:00,TXMD
1.26,1.26,1.26,1.26,1598,2021-06-24 23:35:00,TXMD
1.25,1.25,1.25,1.25,1020,2021-06-24 23:45:00,TXMD
1.26,1.26,1.25,1.25,600,2021-06-25 08:40:00,TXMD
1.3,1.3,1.3,1.3,100,2021-06-25 10:25:00,TXMD
1.29,1.29,1.29,1.29,500,2021-06-25 11:05:00,TXMD
1.2701,1.2701,1.2701,1.2701,2000,2021-06-25 12:00:00,TXMD
1.29,1.29,1.29,1.29,350,2021-06-25 12:15:00,TXMD
1.27,1.27,1.27,1.27,5297,2021-06-25 12:35:00,TXMD
1.2539,1.2539,1.25,1.25,284,2021-06-25 12:55:00,TXMD
1.27,1.27,1.27,1.27,100,2021-06-25 13:00:00,TXMD
1.26,1.27,1.25,1.25,88679,2021-06-25 13:05:00,TXMD
1.2405,1.2405,1.2405,1.2405,2136,2021-06-25 13:10:00,TXMD
1.27,1.27,1.27,1.27,100,2021-06-25 13:15:00,TXMD
1.25,1.28,1.25,1.28,479,2021-06-25 13:20:00,TXMD
1.28,1.28,1.28,1.28,4414,2021-06-25 13:25:00,TXMD
1.28,1.28,1.26,1.26,142820,2021-06-25 13:30:00,TXMD
1.26,1.27,1.26,1.26,27601,2021-06-25 13:35:00,TXMD
1.26,1.2679,1.26,1.26,15410,2021-06-25 13:40:00,TXMD
1.26,1.27,1.26,1.265,17935,2021-06-25 13:45:00,TXMD
1.26,1.27,1.26,1.26,14238,2021-06-25 13:50:00,TXMD
1.26,1.27,1.26,1.26,58178,2021-06-25 13:55:00,TXMD
1.2601,1.27,1.26,1.26,7842,2021-06-25 14:00:00,TXMD
1.26,1.27,1.26,1.26,17623,2021-06-25 14:05:00,TXMD
1.26,1.27,1.26,1.27,40447,2021-06-25 14:10:00,TXMD
1.27,1.27,1.26,1.265,125800,2021-06-25 14:15:00,TXMD
1.2691,1.27,1.26,1.2699,28155,2021-06-25 14:20:00,TXMD
1.2668,1.27,1.26,1.265,18455,2021-06-25 14:25:00,TXMD
1.265,1.27,1.26,1.26,25436,2021-06-25 14:30:00,TXMD
1.267,1.27,1.26,1.26,29394,2021-06-25 14:35:00,TXMD
1.26,1.27,1.26,1.2678,20864,2021-06-25 14:40:00,TXMD
1.27,1.27,1.26,1.26,14576,2021-06-25 14:45:00,TXMD
1.26,1.27,1.26,1.26,72402,2021-06-25 14:50:00,TXMD
1.26,1.27,1.26,1.2638,25870,2021-06-25 14:55:00,TXMD
1.26,1.27,1.26,1.27,9199,2021-06-25 15:00:00,TXMD
1.265,1.27,1.26,1.2641,8821,2021-06-25 15:05:00,TXMD
1.27,1.27,1.26,1.26,13327,2021-06-25 15:10:00,TXMD
1.26,1.27,1.26,1.26,12302,2021-06-25 15:15:00,TXMD
1.264,1.27,1.26,1.26,64976,2021-06-25 15:20:00,TXMD
1.26,1.2662,1.26,1.26,16956,2021-06-25 15:25:00,TXMD
1.26,1.2662,1.26,1.26,14225,2021-06-25 15:30:00,TXMD
1.261,1.27,1.26,1.26,18935,2021-06-25 15:35:00,TXMD
1.26,1.2664,1.26,1.26,13643,2021-06-25 15:40:00,TXMD
1.265,1.2668,1.26,1.265,11340,2021-06-25 15:45:00,TXMD
1.265,1.2699,1.26,1.26,12969,2021-06-25 15:50:00,TXMD
1.26,1.266,1.26,1.26,5078,2021-06-25 15:55:00,TXMD
1.26,1.265,1.26,1.265,16280,2021-06-25 16:00:00,TXMD
1.265,1.2663,1.26,1.26,5427,2021-06-25 16:05:00,TXMD
1.26,1.27,1.26,1.26,5157,2021-06-25 16:10:00,TXMD
1.26,1.27,1.26,1.26,7571,2021-06-25 16:15:00,TXMD
1.2637,1.2661,1.26,1.265,13218,2021-06-25 16:20:00,TXMD
1.26,1.265,1.26,1.26,11806,2021-06-25 16:25:00,TXMD
1.2624,1.2624,1.25,1.25,146229,2021-06-25 16:30:00,TXMD
1.25,1.26,1.24,1.24,175763,2021-06-25 16:35:00,TXMD
1.2444,1.25,1.24,1.24,22546,2021-06-25 16:40:00,TXMD
1.24,1.25,1.24,1.2467,16703,2021-06-25 16:45:00,TXMD
1.25,1.25,1.24,1.24,18546,2021-06-25 16:50:00,TXMD
1.245,1.2472,1.24,1.245,13309,2021-06-25 16:55:00,TXMD
1.24,1.247,1.24,1.24,15919,2021-06-25 17:00:00,TXMD
1.2441,1.2466,1.24,1.24,12621,2021-06-25 17:05:00,TXMD
1.24,1.2499,1.24,1.24,95512,2021-06-25 17:10:00,TXMD
1.24,1.2499,1.24,1.2465,33964,2021-06-25 17:15:00,TXMD
1.24,1.25,1.24,1.245,11353,2021-06-25 17:20:00,TXMD
1.24,1.25,1.24,1.2478,27250,2021-06-25 17:25:00,TXMD
1.245,1.25,1.24,1.24,21891,2021-06-25 17:30:00,TXMD
1.245,1.25,1.24,1.24,13939,2021-06-25 17:35:00,TXMD
1.24,1.2499,1.24,1.24,46099,2021-06-25 17:40:00,TXMD
1.24,1.2473,1.24,1.24,3131,2021-06-25 17:45:00,TXMD
1.24,1.25,1.24,1.25,3346,2021-06-25 17:50:00,TXMD
1.24,1.25,1.24,1.2445,10963,2021-06-25 17:55:00,TXMD
1.245,1.25,1.24,1.24,26810,2021-06-25 18:00:00,TXMD
1.24,1.25,1.24,1.24,49219,2021-06-25 18:05:00,TXMD
1.24,1.247,1.24,1.243,14680,2021-06-25 18:10:00,TXMD
1.24,1.2466,1.24,1.24,13714,2021-06-25 18:15:00,TXMD
1.24,1.245,1.24,1.245,35007,2021-06-25 18:20:00,TXMD
1.24,1.25,1.24,1.24,22880,2021-06-25 18:25:00,TXMD
1.2464,1.247,1.24,1.24,15294,2021-06-25 18:30:00,TXMD
1.25,1.25,1.24,1.24,13448,2021-06-25 18:35:00,TXMD
1.24,1.25,1.24,1.24,46804,2021-06-25 18:40:00,TXMD
1.24,1.2454,1.24,1.24,150121,2021-06-25 18:45:00,TXMD
1.24,1.24,1.23,1.235,65174,2021-06-25 18:50:00,TXMD
1.2362,1.24,1.23,1.23,30271,2021-06-25 18:55:00,TXMD
1.23,1.237,1.23,1.235,28183,2021-06-25 19:00:00,TXMD
1.23,1.24,1.23,1.23,30567,2021-06-25 19:05:00,TXMD
1.23,1.24,1.23,1.23,27002,2021-06-25 19:10:00,TXMD
1.23,1.24,1.23,1.23,37065,2021-06-25 19:15:00,TXMD
1.23,1.2399,1.22,1.2268,143451,2021-06-25 19:20:00,TXMD
1.22,1.23,1.22,1.225,206749,2021-06-25 19:25:00,TXMD
1.2299,1.23,1.22,1.22,50491,2021-06-25 19:30:00,TXMD
1.22,1.23,1.22,1.22,46609,2021-06-25 19:35:00,TXMD
1.22,1.2297,1.22,1.22,54987,2021-06-25 19:40:00,TXMD
1.225,1.23,1.22,1.22,111371,2021-06-25 19:45:00,TXMD
1.22,1.2202,1.19,1.199,1292646,2021-06-25 19:50:00,TXMD
1.1986,1.2199,1.1986,1.2,550901,2021-06-25 19:55:00,TXMD
1.21,1.22,1.2,1.2,3123477,2021-06-25 20:00:00,TXMD
1.21,1.21,1.2,1.2099,1100,2021-06-25 20:05:00,TXMD
1.21,1.21,1.2,1.2,2867,2021-06-25 20:10:00,TXMD
1.21,1.21,1.21,1.21,21616,2021-06-25 20:15:00,TXMD
1.21,1.22,1.2,1.21,1357,2021-06-25 20:20:00,TXMD
1.21,1.22,1.21,1.22,1931,2021-06-25 20:25:00,TXMD
1.22,1.22,1.22,1.22,2043,2021-06-25 20:30:00,TXMD
1.22,1.22,1.2,1.22,684691,2021-06-25 20:35:00,TXMD
1.22,1.22,1.21,1.22,3887,2021-06-25 20:40:00,TXMD
1.22,1.22,1.22,1.22,1000,2021-06-25 20:45:00,TXMD
1.21,1.21,1.21,1.21,5048,2021-06-25 20:50:00,TXMD
1.22,1.22,1.21,1.22,7769,2021-06-25 20:55:00,TXMD
1.22,1.22,1.22,1.22,250,2021-06-25 21:10:00,TXMD
1.22,1.22,1.22,1.22,432,2021-06-25 21:15:00,TXMD
1.22,1.22,1.2199,1.22,1200,2021-06-25 21:20:00,TXMD
1.22,1.22,1.22,1.22,27269,2021-06-25 21:25:00,TXMD
1.22,1.22,1.22,1.22,4123,2021-06-25 21:30:00,TXMD
1.22,1.22,1.21,1.21,1700,2021-06-25 21:35:00,TXMD
1.22,1.22,1.22,1.22,101,2021-06-25 21:40:00,TXMD
1.22,1.22,1.22,1.22,600,2021-06-25 21:45:00,TXMD
1.22,1.22,1.22,1.22,100,2021-06-25 21:50:00,TXMD
1.22,1.22,1.22,1.22,115,2021-06-25 21:55:00,TXMD
1.22,1.22,1.22,1.22,1000,2021-06-25 22:00:00,TXMD
1.21,1.21,1.21,1.21,198,2021-06-25 22:45:00,TXMD
1.21,1.21,1.21,1.21,2502,2021-06-25 23:20:00,TXMD
1.22,1.23,1.22,1.23,5000,2021-06-25 23:45:00,TXMD
1.22,1.22,1.22,1.22,300,2021-06-28 09:50:00,TXMD
1.23,1.23,1.23,1.23,150,2021-06-28 11:55:00,TXMD
1.22,1.22,1.22,1.22,2000,2021-06-28 12:15:00,TXMD
1.22,1.22,1.22,1.22,1906,2021-06-28 12:55:00,TXMD
1.23,1.23,1.21,1.22,2324,2021-06-28 13:00:00,TXMD
1.22,1.22,1.21,1.21,2500,2021-06-28 13:05:00,TXMD
1.23,1.23,1.23,1.23,500,2021-06-28 13:10:00,TXMD
1.23,1.23,1.22,1.23,2517,2021-06-28 13:20:00,TXMD
1.23,1.23,1.22,1.22,1247,2021-06-28 13:25:00,TXMD
1.22,1.23,1.22,1.23,82524,2021-06-28 13:30:00,TXMD
1.2219,1.23,1.22,1.2282,19717,2021-06-28 13:35:00,TXMD
1.225,1.23,1.22,1.22,52347,2021-06-28 13:40:00,TXMD
1.228,1.23,1.22,1.2276,84208,2021-06-28 13:45:00,TXMD
1.225,1.23,1.21,1.225,73169,2021-06-28 13:50:00,TXMD
1.22,1.23,1.22,1.2238,26564,2021-06-28 13:55:00,TXMD
1.225,1.23,1.22,1.23,15553,2021-06-28 14:00:00,TXMD
1.2282,1.23,1.22,1.23,15257,2021-06-28 14:05:00,TXMD
1.23,1.23,1.22,1.2237,32383,2021-06-28 14:10:00,TXMD
1.23,1.23,1.22,1.2239,24231,2021-06-28 14:15:00,TXMD
1.225,1.23,1.22,1.22,42204,2021-06-28 14:20:00,TXMD
1.223,1.23,1.22,1.225,13448,2021-06-28 14:25:00,TXMD
1.2279,1.23,1.22,1.22,7601,2021-06-28 14:30:00,TXMD
1.2268,1.2268,1.21,1.21,84985,2021-06-28 14:35:00,TXMD
1.21,1.2102,1.2,1.21,71888,2021-06-28 14:40:00,TXMD
1.2081,1.2166,1.2,1.215,340333,2021-06-28 14:45:00,TXMD
1.2123,1.22,1.211,1.22,13036,2021-06-28 14:50:00,TXMD
1.215,1.22,1.21,1.215,6170,2021-06-28 14:55:00,TXMD
1.2147,1.22,1.21,1.215,3732,2021-06-28 15:00:00,TXMD
1.22,1.22,1.21,1.2164,50676,2021-06-28 15:05:00,TXMD
1.215,1.2199,1.21,1.215,6365,2021-06-28 15:10:00,TXMD
1.2118,1.22,1.21,1.2163,28420,2021-06-28 15:15:00,TXMD
1.21,1.22,1.21,1.215,12838,2021-06-28 15:20:00,TXMD
1.215,1.22,1.21,1.22,9041,2021-06-28 15:25:00,TXMD
1.215,1.22,1.21,1.21,2422,2021-06-28 15:30:00,TXMD
1.2103,1.22,1.21,1.215,5305,2021-06-28 15:35:00,TXMD
1.215,1.22,1.2126,1.215,9704,2021-06-28 15:40:00,TXMD
1.21,1.22,1.21,1.2123,13404,2021-06-28 15:45:00,TXMD
1.22,1.22,1.21,1.215,6986,2021-06-28 15:50:00,TXMD
1.215,1.22,1.212,1.215,11131,2021-06-28 15:55:00,TXMD
1.2137,1.22,1.2137,1.22,4705,2021-06-28 16:00:00,TXMD
1.215,1.22,1.21,1.215,4463,2021-06-28 16:05:00,TXMD
1.215,1.22,1.21,1.22,21592,2021-06-28 16:10:00,TXMD
1.22,1.22,1.21,1.215,21337,2021-06-28 16:15:00,TXMD
1.215,1.22,1.2125,1.2156,8332,2021-06-28 16:20:00,TXMD
1.21,1.22,1.21,1.2141,5835,2021-06-28 16:25:00,TXMD
1.215,1.22,1.21,1.2149,45250,2021-06-28 16:30:00,TXMD
1.2154,1.22,1.21,1.22,4265,2021-06-28 16:35:00,TXMD
1.22,1.22,1.21,1.215,8163,2021-06-28 16:40:00,TXMD
1.22,1.22,1.2136,1.22,4053,2021-06-28 16:45:00,TXMD
1.215,1.22,1.21,1.215,5496,2021-06-28 16:50:00,TXMD
1.215,1.22,1.21,1.22,18892,2021-06-28 16:55:00,TXMD
1.21,1.22,1.205,1.205,76143,2021-06-28 17:00:00,TXMD
1.205,1.21,1.2,1.21,16083,2021-06-28 17:05:00,TXMD
1.205,1.21,1.2,1.2073,82193,2021-06-28 17:10:00,TXMD
1.21,1.21,1.2,1.205,29177,2021-06-28 17:15:00,TXMD
1.205,1.21,1.2,1.21,3733,2021-06-28 17:20:00,TXMD
1.21,1.21,1.2,1.2,13434,2021-06-28 17:25:00,TXMD
1.21,1.21,1.2,1.21,8662,2021-06-28 17:30:00,TXMD
1.21,1.21,1.2,1.205,4762,2021-06-28 17:35:00,TXMD
1.2042,1.21,1.2042,1.21,24878,2021-06-28 17:40:00,TXMD
1.21,1.21,1.2025,1.2066,16230,2021-06-28 17:45:00,TXMD
1.21,1.215,1.204,1.215,166156,2021-06-28 17:50:00,TXMD
1.21,1.219,1.2,1.21,1480450,2021-06-28 17:55:00,TXMD
1.21,1.21,1.2,1.21,207381,2021-06-28 18:00:00,TXMD
1.2039,1.21,1.2,1.21,23365,2021-06-28 18:05:00,TXMD
1.21,1.2159,1.2,1.215,224755,2021-06-28 18:10:00,TXMD
1.215,1.22,1.2135,1.215,6410,2021-06-28 18:15:00,TXMD
1.22,1.22,1.21,1.2145,25570,2021-06-28 18:20:00,TXMD
1.2145,1.22,1.21,1.215,14664,2021-06-28 18:25:00,TXMD
1.215,1.2159,1.21,1.21,5895,2021-06-28 18:30:00,TXMD
1.215,1.2175,1.21,1.21,5489,2021-06-28 18:35:00,TXMD
1.22,1.22,1.205,1.205,193933,2021-06-28 18:40:00,TXMD
1.21,1.215,1.2,1.205,768737,2021-06-28 18:45:00,TXMD
1.205,1.21,1.205,1.21,9029,2021-06-28 18:50:00,TXMD
1.2,1.21,1.2,1.21,7881,2021-06-28 18:55:00,TXMD
1.21,1.21,1.2,1.21,15438,2021-06-28 19:00:00,TXMD
1.205,1.21,1.2,1.2,19739,2021-06-28 19:05:00,TXMD
1.205,1.21,1.2,1.21,11327,2021-06-28 19:10:00,TXMD
1.205,1.21,1.2,1.21,30069,2021-06-28 19:15:00,TXMD
1.21,1.21,1.2,1.205,24657,2021-06-28 19:20:00,TXMD
1.21,1.21,1.2,1.205,20106,2021-06-28 19:25:00,TXMD
1.205,1.21,1.2,1.21,46001,2021-06-28 19:30:00,TXMD
1.205,1.21,1.2,1.21,23576,2021-06-28 19:35:00,TXMD
1.21,1.21,1.2,1.205,40704,2021-06-28 19:40:00,TXMD
1.21,1.22,1.2,1.21,330903,2021-06-28 19:45:00,TXMD
1.205,1.21,1.2,1.21,63693,2021-06-28 19:50:00,TXMD
1.205,1.21,1.2,1.21,182387,2021-06-28 19:55:00,TXMD
1.21,1.21,1.2,1.2,168533,2021-06-28 20:00:00,TXMD
1.21,1.21,1.21,1.21,580,2021-06-28 20:10:00,TXMD
1.21,1.21,1.21,1.21,500,2021-06-28 20:25:00,TXMD
1.21,1.21,1.21,1.21,100,2021-06-28 20:30:00,TXMD
1.2,1.2,1.2,1.2,1600,2021-06-28 20:35:00,TXMD
1.2,1.21,1.2,1.2,3005,2021-06-28 20:40:00,TXMD
1.21,1.21,1.21,1.21,204,2021-06-28 20:45:00,TXMD
1.21,1.21,1.21,1.21,700,2021-06-28 20:50:00,TXMD
1.2,1.21,1.2,1.21,298,2021-06-28 20:55:00,TXMD
1.21,1.21,1.21,1.21,900,2021-06-28 21:00:00,TXMD
1.21,1.21,1.21,1.21,100,2021-06-28 21:10:00,TXMD
1.2,1.2,1.2,1.2,1000,2021-06-28 21:25:00,TXMD
1.2,1.2,1.2,1.2,180,2021-06-28 21:30:00,TXMD
1.2,1.21,1.2,1.21,1098,2021-06-28 21:40:00,TXMD
1.2,1.2,1.2,1.2,100,2021-06-28 21:50:00,TXMD
1.21,1.21,1.2,1.2,1950,2021-06-28 21:55:00,TXMD
1.21,1.21,1.21,1.21,100,2021-06-28 22:15:00,TXMD
1.2,1.2,1.2,1.2,7901,2021-06-28 23:25:00,TXMD
1.21,1.21,1.21,1.21,300,2021-06-29 11:00:00,TXMD
1.22,1.22,1.22,1.22,1800,2021-06-29 12:15:00,TXMD
1.21,1.21,1.21,1.21,2244,2021-06-29 12:20:00,TXMD
1.21,1.21,1.21,1.21,100,2021-06-29 12:25:00,TXMD
1.21,1.21,1.21,1.21,2500,2021-06-29 12:55:00,TXMD
1.2,1.21,1.2,1.21,616,2021-06-29 13:00:00,TXMD
1.2,1.21,1.2,1.2,1945,2021-06-29 13:05:00,TXMD
1.21,1.21,1.21,1.21,500,2021-06-29 13:10:00,TXMD
1.2,1.21,1.2,1.21,2544,2021-06-29 13:15:00,TXMD
1.21,1.21,1.21,1.21,2581,2021-06-29 13:20:00,TXMD
1.2,1.2,1.2,1.2,105,2021-06-29 13:25:00,TXMD
1.2,1.21,1.2,1.207,36168,2021-06-29 13:30:00,TXMD
1.205,1.21,1.2,1.21,37037,2021-06-29 13:35:00,TXMD
1.21,1.21,1.2,1.2043,47974,2021-06-29 13:40:00,TXMD
1.2035,1.21,1.2003,1.205,17174,2021-06-29 13:45:00,TXMD
1.205,1.215,1.2,1.2,95004,2021-06-29 13:50:00,TXMD
1.2056,1.21,1.2,1.21,15026,2021-06-29 13:55:00,TXMD
1.2042,1.21,1.2,1.21,9217,2021-06-29 14:00:00,TXMD
1.2043,1.21,1.2,1.205,20827,2021-06-29 14:05:00,TXMD
1.205,1.21,1.2,1.21,9874,2021-06-29 14:10:00,TXMD
1.2099,1.21,1.2,1.205,16563,2021-06-29 14:15:00,TXMD
1.2,1.2099,1.2,1.2065,15124,2021-06-29 14:20:00,TXMD
1.2065,1.21,1.2,1.2,21825,2021-06-29 14:25:00,TXMD
1.2064,1.21,1.2,1.21,27319,2021-06-29 14:30:00,TXMD
1.2043,1.21,1.2,1.21,60768,2021-06-29 14:35:00,TXMD
1.2,1.21,1.2,1.2022,137561,2021-06-29 14:40:00,TXMD
1.2072,1.2072,1.2,1.2,27899,2021-06-29 14:45:00,TXMD
1.2,1.21,1.2,1.21,16096,2021-06-29 14:50:00,TXMD
1.2055,1.21,1.19,1.2,289797,2021-06-29 14:55:00,TXMD
1.2054,1.21,1.2,1.2057,6660,2021-06-29 15:00:00,TXMD
1.2024,1.2057,1.2,1.2032,8570,2021-06-29 15:05:00,TXMD
1.2035,1.2056,1.2,1.2001,11359,2021-06-29 15:10:00,TXMD
1.2036,1.2056,1.2,1.205,23918,2021-06-29 15:15:00,TXMD
1.2,1.205,1.2,1.2,203739,2021-06-29 15:20:00,TXMD
1.2,1.2095,1.2,1.2055,4160,2021-06-29 15:25:00,TXMD
1.2,1.21,1.2,1.2,5313,2021-06-29 15:30:00,TXMD
1.2055,1.21,1.2,1.21,9734,2021-06-29 15:35:00,TXMD
1.2026,1.21,1.2,1.2,32811,2021-06-29 15:40:00,TXMD
1.2037,1.2099,1.2,1.2,108698,2021-06-29 15:45:00,TXMD
1.2055,1.2099,1.2,1.2034,11576,2021-06-29 15:50:00,TXMD
1.2033,1.21,1.2,1.205,44507,2021-06-29 15:55:00,TXMD
1.2027,1.2062,1.2,1.202,2711,2021-06-29 16:00:00,TXMD
1.205,1.21,1.2039,1.2039,720,2021-06-29 16:05:00,TXMD
1.205,1.21,1.2,1.2,3407,2021-06-29 16:10:00,TXMD
1.2032,1.2032,1.2,1.2,672,2021-06-29 16:15:00,TXMD
1.2,1.2069,1.2,1.205,3744,2021-06-29 16:20:00,TXMD
1.2031,1.2056,1.2,1.2002,5233,2021-06-29 16:25:00,TXMD
1.2,1.205,1.2,1.2033,509,2021-06-29 16:30:00,TXMD
1.205,1.205,1.2,1.2029,4733,2021-06-29 16:35:00,TXMD
1.205,1.21,1.2,1.2013,14180,2021-06-29 16:40:00,TXMD
1.2013,1.2056,1.2,1.205,28857,2021-06-29 16:45:00,TXMD
1.2001,1.21,1.2,1.2041,56257,2021-06-29 16:50:00,TXMD
1.2001,1.21,1.2,1.2,6467,2021-06-29 16:55:00,TXMD
1.2016,1.21,1.2,1.205,76938,2021-06-29 17:00:00,TXMD
1.2,1.205,1.2,1.2038,14712,2021-06-29 17:05:00,TXMD
1.2055,1.21,1.2042,1.2044,1833,2021-06-29 17:10:00,TXMD
1.204,1.21,1.204,1.205,22015,2021-06-29 17:15:00,TXMD
1.205,1.21,1.2041,1.2045,4228,2021-06-29 17:20:00,TXMD
1.2055,1.21,1.2001,1.21,8545,2021-06-29 17:25:00,TXMD
1.205,1.21,1.2039,1.205,94142,2021-06-29 17:30:00,TXMD
1.205,1.205,1.2,1.205,7822,2021-06-29 17:35:00,TXMD
1.2,1.2063,1.2,1.2,107537,2021-06-29 17:40:00,TXMD
1.2,1.21,1.2,1.21,18778,2021-06-29 17:45:00,TXMD
1.2038,1.21,1.2,1.2099,7809,2021-06-29 17:50:00,TXMD
1.2042,1.205,1.2,1.2,760,2021-06-29 17:55:00,TXMD
1.205,1.2077,1.2,1.2077,9697,2021-06-29 18:00:00,TXMD
1.2009,1.2057,1.2,1.2057,10900,2021-06-29 18:05:00,TXMD
1.2,1.205,1.2,1.2001,19221,2021-06-29 18:10:00,TXMD
1.2029,1.21,1.2,1.2,53781,2021-06-29 18:15:00,TXMD
1.205,1.2096,1.2,1.2096,13207,2021-06-29 18:20:00,TXMD
1.2044,1.2058,1.2,1.2,18880,2021-06-29 18:25:00,TXMD
1.2,1.2063,1.2,1.205,5781,2021-06-29 18:30:00,TXMD
1.2022,1.2061,1.19,1.19,160875,2021-06-29 18:35:00,TXMD
1.195,1.2,1.19,1.19,119481,2021-06-29 18:40:00,TXMD
1.2,1.2,1.19,1.195,6086,2021-06-29 18:45:00,TXMD
1.195,1.2,1.19,1.1949,2732,2021-06-29 18:50:00,TXMD
1.195,1.2,1.19,1.1955,18321,2021-06-29 18:55:00,TXMD
1.1944,1.2,1.1944,1.195,2060,2021-06-29 19:00:00,TXMD
1.193,1.2,1.19,1.1943,8886,2021-06-29 19:05:00,TXMD
1.19,1.1999,1.19,1.1959,16789,2021-06-29 19:10:00,TXMD
1.1907,1.2,1.1901,1.1943,6050,2021-06-29 19:15:00,TXMD
1.1908,1.1968,1.19,1.19,9702,2021-06-29 19:20:00,TXMD
1.1964,1.2,1.19,1.1962,5978,2021-06-29 19:25:00,TXMD
1.195,1.2,1.19,1.1956,35198,2021-06-29 19:30:00,TXMD
1.19,1.1999,1.19,1.19,3800,2021-06-29 19:35:00,TXMD
1.1959,1.1999,1.19,1.1943,9907,2021-06-29 19:40:00,TXMD
1.19,1.2,1.19,1.1966,50512,2021-06-29 19:45:00,TXMD
1.19,1.2,1.19,1.2,163619,2021-06-29 19:50:00,TXMD
1.19,1.2,1.19,1.19,94627,2021-06-29 19:55:00,TXMD
1.19,1.21,1.19,1.21,371297,2021-06-29 20:00:00,TXMD
1.19,1.19,1.19,1.19,275,2021-06-29 20:05:00,TXMD
1.2077,1.21,1.2077,1.21,526,2021-06-29 20:15:00,TXMD
1.19,1.2,1.19,1.2,11232,2021-06-29 20:20:00,TXMD
1.19,1.19,1.19,1.19,849,2021-06-29 20:30:00,TXMD
1.19,1.19,1.19,1.19,100,2021-06-29 20:35:00,TXMD
1.2,1.2,1.19,1.19,1740,2021-06-29 20:45:00,TXMD
1.1902,1.1902,1.19,1.19,2000,2021-06-29 20:50:00,TXMD
1.19,1.19,1.19,1.19,356,2021-06-29 20:55:00,TXMD
1.19,1.21,1.19,1.19,1554,2021-06-29 21:00:00,TXMD
1.2,1.2,1.2,1.2,590,2021-06-29 21:05:00,TXMD
1.2,1.2,1.19,1.19,495,2021-06-29 21:15:00,TXMD
1.19,1.21,1.19,1.21,750,2021-06-29 21:20:00,TXMD
1.19,1.2,1.19,1.2,1203,2021-06-29 21:30:00,TXMD
1.2,1.2,1.2,1.2,100,2021-06-29 21:40:00,TXMD
1.19,1.19,1.19,1.19,259,2021-06-29 21:45:00,TXMD
1.207,1.21,1.207,1.21,650,2021-06-29 21:50:00,TXMD
1.2062,1.21,1.2,1.2,15400,2021-06-29 21:55:00,TXMD
1.19,1.19,1.19,1.19,200,2021-06-30 08:00:00,TXMD
1.19,1.19,1.19,1.19,700,2021-06-30 08:45:00,TXMD
1.19,1.19,1.19,1.19,100,2021-06-30 08:50:00,TXMD
1.19,1.19,1.19,1.19,400,2021-06-30 09:15:00,TXMD
1.19,1.19,1.19,1.19,169,2021-06-30 09:45:00,TXMD
1.19,1.19,1.19,1.19,4803,2021-06-30 11:20:00,TXMD
1.19,1.19,1.19,1.19,1767,2021-06-30 12:05:00,TXMD
1.2,1.2,1.19,1.19,1837,2021-06-30 12:15:00,TXMD
1.19,1.19,1.19,1.19,800,2021-06-30 12:40:00,TXMD
1.2,1.2,1.2,1.2,200,2021-06-30 12:55:00,TXMD
1.2,1.2,1.2,1.2,101,2021-06-30 13:00:00,TXMD
1.19,1.2,1.19,1.2,2965,2021-06-30 13:05:00,TXMD
1.2,1.2,1.19,1.2,6322,2021-06-30 13:10:00,TXMD
1.2,1.2,1.2,1.2,100,2021-06-30 13:20:00,TXMD
1.19,1.21,1.19,1.21,3607,2021-06-30 13:25:00,TXMD
1.2,1.2,1.18,1.18,444178,2021-06-30 13:30:00,TXMD
1.1874,1.19,1.18,1.185,57308,2021-06-30 13:35:00,TXMD
1.185,1.19,1.18,1.185,13392,2021-06-30 13:40:00,TXMD
1.1899,1.2,1.18,1.199,197378,2021-06-30 13:45:00,TXMD
1.195,1.2,1.1901,1.2,111341,2021-06-30 13:50:00,TXMD
1.2,1.2,1.19,1.19,6982,2021-06-30 13:55:00,TXMD
1.195,1.2,1.19,1.1936,23332,2021-06-30 14:00:00,TXMD
1.195,1.2,1.185,1.19,295225,2021-06-30 14:05:00,TXMD
1.19,1.2,1.1872,1.1872,66412,2021-06-30 14:10:00,TXMD
1.19,1.195,1.19,1.19,161905,2021-06-30 14:15:00,TXMD
1.195,1.2,1.195,1.195,7500,2021-06-30 14:20:00,TXMD
1.1984,1.2,1.19,1.2,33925,2021-06-30 14:25:00,TXMD
1.2,1.2,1.1943,1.1973,8930,2021-06-30 14:30:00,TXMD
1.2,1.21,1.19,1.19,614706,2021-06-30 14:35:00,TXMD
1.1941,1.2,1.19,1.1961,22916,2021-06-30 14:40:00,TXMD
1.2,1.2,1.19,1.19,66023,2021-06-30 14:45:00,TXMD
1.19,1.1959,1.19,1.19,9265,2021-06-30 14:50:00,TXMD
1.19,1.1964,1.19,1.195,33754,2021-06-30 14:55:00,TXMD
1.195,1.196,1.19,1.196,34425,2021-06-30 15:00:00,TXMD
1.2,1.2,1.19,1.1933,37902,2021-06-30 15:05:00,TXMD
1.195,1.1999,1.1939,1.1948,7250,2021-06-30 15:10:00,TXMD
1.195,1.2,1.19,1.195,260324,2021-06-30 15:15:00,TXMD
1.195,1.2,1.19,1.1958,18798,2021-06-30 15:20:00,TXMD
1.2,1.2,1.1938,1.195,22792,2021-06-30 15:25:00,TXMD
1.19,1.2,1.19,1.195,5714,2021-06-30 15:30:00,TXMD
1.195,1.2098,1.19,1.2,320069,2021-06-30 15:35:00,TXMD
1.2056,1.21,1.201,1.2044,7758,2021-06-30 15:40:00,TXMD
1.205,1.21,1.2,1.205,7730,2021-06-30 15:45:00,TXMD
1.205,1.21,1.2,1.21,11295,2021-06-30 15:50:00,TXMD
1.21,1.21,1.2019,1.2045,9981,2021-06-30 15:55:00,TXMD
1.21,1.21,1.2037,1.207,43552,2021-06-30 16:00:00,TXMD
1.21,1.21,1.205,1.21,3011,2021-06-30 16:05:00,TXMD
1.2044,1.21,1.2044,1.21,679,2021-06-30 16:10:00,TXMD
1.21,1.21,1.2039,1.205,17091,2021-06-30 16:15:00,TXMD
1.2041,1.205,1.2,1.2,7890,2021-06-30 16:20:00,TXMD
1.2001,1.21,1.2,1.2001,13950,2021-06-30 16:25:00,TXMD
1.2,1.21,1.2,1.2001,18024,2021-06-30 16:30:00,TXMD
1.2032,1.21,1.2,1.2,33541,2021-06-30 16:35:00,TXMD
1.2,1.21,1.2,1.2025,15033,2021-06-30 16:40:00,TXMD
1.2,1.21,1.2,1.2,2138,2021-06-30 16:45:00,TXMD
1.2026,1.2099,1.2,1.2056,2164,2021-06-30 16:50:00,TXMD
1.2,1.2062,1.2,1.2,20841,2021-06-30 16:55:00,TXMD
1.2,1.2062,1.2,1.205,13807,2021-06-30 17:00:00,TXMD
1.205,1.2075,1.2,1.201,20687,2021-06-30 17:05:00,TXMD
1.2055,1.21,1.2,1.2048,3281,2021-06-30 17:10:00,TXMD
1.2022,1.21,1.2,1.2024,12950,2021-06-30 17:15:00,TXMD
1.2056,1.21,1.2,1.205,7621,2021-06-30 17:20:00,TXMD
1.21,1.21,1.2,1.21,8106,2021-06-30 17:25:00,TXMD
1.21,1.21,1.2,1.2,39758,2021-06-30 17:30:00,TXMD
1.2,1.21,1.2,1.2056,2008,2021-06-30 17:35:00,TXMD
1.2046,1.21,1.2,1.2066,2941,2021-06-30 17:40:00,TXMD
1.2064,1.21,1.2,1.2,20691,2021-06-30 17:45:00,TXMD
1.205,1.21,1.2,1.2019,52067,2021-06-30 17:50:00,TXMD
1.2,1.21,1.2,1.2,1500,2021-06-30 17:55:00,TXMD
1.21,1.21,1.195,1.2,107186,2021-06-30 18:00:00,TXMD
1.2,1.2,1.19,1.2,52257,2021-06-30 18:05:00,TXMD
1.195,1.2,1.195,1.197,10120,2021-06-30 18:10:00,TXMD
1.1962,1.2,1.19,1.2,6578,2021-06-30 18:15:00,TXMD
1.2,1.2,1.195,1.195,3415,2021-06-30 18:20:00,TXMD
1.2,1.2,1.1901,1.1901,47053,2021-06-30 18:25:00,TXMD
1.2,1.2,1.19,1.2,17196,2021-06-30 18:30:00,TXMD
1.2,1.2,1.19,1.2,172918,2021-06-30 18:35:00,TXMD
1.1928,1.195,1.19,1.19,104382,2021-06-30 18:40:00,TXMD
1.19,1.195,1.19,1.195,61815,2021-06-30 18:45:00,TXMD
1.195,1.2,1.19,1.19,12999,2021-06-30 18:50:00,TXMD
1.195,1.2,1.19,1.2,24376,2021-06-30 18:55:00,TXMD
1.195,1.2,1.19,1.2,5323,2021-06-30 19:00:00,TXMD
1.195,1.2,1.19,1.19,2386,2021-06-30 19:05:00,TXMD
1.195,1.2,1.19,1.1975,18699,2021-06-30 19:10:00,TXMD
1.195,1.2,1.19,1.19,133798,2021-06-30 19:15:00,TXMD
1.19,1.2,1.19,1.2,12033,2021-06-30 19:20:00,TXMD
1.19,1.2,1.19,1.1999,5959,2021-06-30 19:25:00,TXMD
1.19,1.2,1.19,1.2,19620,2021-06-30 19:30:00,TXMD
1.19,1.2,1.19,1.195,7643,2021-06-30 19:35:00,TXMD
1.2,1.2,1.19,1.19,23600,2021-06-30 19:40:00,TXMD
1.195,1.2,1.19,1.195,10911,2021-06-30 19:45:00,TXMD
1.19,1.2,1.19,1.191,76220,2021-06-30 19:50:00,TXMD
1.19,1.2,1.19,1.2,188204,2021-06-30 19:55:00,TXMD
1.19,1.2,1.19,1.2,226209,2021-06-30 20:00:00,TXMD
1.19,1.2,1.19,1.2,1200,2021-06-30 20:05:00,TXMD
1.19,1.19,1.19,1.19,200,2021-06-30 20:10:00,TXMD
1.19,1.19,1.19,1.19,500,2021-06-30 20:15:00,TXMD
1.2,1.2,1.2,1.2,659,2021-06-30 20:25:00,TXMD
1.19,1.19,1.19,1.19,670,2021-06-30 20:30:00,TXMD
1.19,1.19,1.19,1.19,655,2021-06-30 20:35:00,TXMD
1.2,1.2,1.2,1.2,505,2021-06-30 20:40:00,TXMD
1.2,1.2,1.2,1.2,100,2021-06-30 20:45:00,TXMD
1.2,1.2,1.2,1.2,420,2021-06-30 20:50:00,TXMD
1.19,1.2,1.19,1.19,1140,2021-06-30 21:05:00,TXMD
1.2,1.2,1.2,1.2,100,2021-06-30 21:10:00,TXMD
1.19,1.2,1.19,1.2,1138,2021-06-30 21:15:00,TXMD
1.19,1.19,1.19,1.19,300,2021-06-30 21:25:00,TXMD
1.19,1.2,1.19,1.2,4894,2021-06-30 21:30:00,TXMD
1.2,1.2,1.2,1.2,865,2021-06-30 21:45:00,TXMD
1.2,1.2,1.2,1.2,850,2021-06-30 21:50:00,TXMD
1.19,1.19,1.19,1.19,100,2021-06-30 22:05:00,TXMD
1.19,1.19,1.19,1.19,5989,2021-06-30 22:40:00,TXMD
1.19,1.19,1.19,1.19,100,2021-06-30 23:00:00,TXMD
1.19,1.19,1.19,1.19,100,2021-06-30 23:25:00,TXMD
