open,high,low,close,volume,datetime,symbol
24.89,24.89,24.89,24.89,979,2021-06-01 13:30:00,NOTV
24.86,24.86,24.86,24.86,1500,2021-06-01 13:37:00,NOTV
24.86,24.86,24.86,24.86,2108,2021-06-01 13:38:00,NOTV
25.51,25.51,25.51,25.51,300,2021-06-01 13:41:00,NOTV
25.51,25.51,25.51,25.51,381,2021-06-01 13:42:00,NOTV
25.43,25.48,25.2,25.48,525,2021-06-01 13:49:00,NOTV
25.5,25.5,24.94,24.94,500,2021-06-01 13:50:00,NOTV
24.76,24.76,24.76,24.76,100,2021-06-01 13:53:00,NOTV
24.76,24.76,24.76,24.76,100,2021-06-01 13:54:00,NOTV
24.76,24.76,24.76,24.76,100,2021-06-01 13:55:00,NOTV
25.31,25.31,25.31,25.31,100,2021-06-01 14:02:00,NOTV
25.02,25.02,25.02,25.02,200,2021-06-01 14:06:00,NOTV
24.99,24.99,24.99,24.99,100,2021-06-01 14:14:00,NOTV
24.67,24.67,24.67,24.67,200,2021-06-01 14:19:00,NOTV
24.97,24.97,24.97,24.97,200,2021-06-01 14:22:00,NOTV
24.9224,24.9224,24.9224,24.9224,200,2021-06-01 14:23:00,NOTV
24.815,24.96,24.815,24.96,900,2021-06-01 14:31:00,NOTV
25.08,25.08,25.08,25.08,100,2021-06-01 14:40:00,NOTV
25.17,25.17,25.17,25.17,500,2021-06-01 14:42:00,NOTV
25.17,25.17,25.1,25.1,300,2021-06-01 14:43:00,NOTV
25.085,25.17,25.085,25.17,4500,2021-06-01 14:45:00,NOTV
25.05,25.05,25.05,25.05,100,2021-06-01 14:50:00,NOTV
24.86,24.86,24.86,24.86,107,2021-06-01 14:52:00,NOTV
24.86,25.375,24.86,25.375,200,2021-06-01 14:54:00,NOTV
24.86,24.97,24.86,24.97,200,2021-06-01 14:55:00,NOTV
24.91,24.91,24.91,24.91,100,2021-06-01 14:56:00,NOTV
24.8,24.8,24.8,24.8,100,2021-06-01 14:57:00,NOTV
24.91,24.91,24.91,24.91,100,2021-06-01 14:58:00,NOTV
24.68,24.68,24.68,24.68,100,2021-06-01 14:59:00,NOTV
25.14,25.14,25.14,25.14,100,2021-06-01 15:04:00,NOTV
25.15,25.15,25.145,25.145,200,2021-06-01 15:07:00,NOTV
25.15,25.38,25.15,25.38,700,2021-06-01 15:12:00,NOTV
25.52,25.52,25.52,25.52,200,2021-06-01 15:13:00,NOTV
25.52,25.52,25.52,25.52,100,2021-06-01 15:14:00,NOTV
25.46,25.46,25.46,25.46,200,2021-06-01 15:17:00,NOTV
25.46,25.46,25.46,25.46,500,2021-06-01 15:21:00,NOTV
25.7,25.7,25.7,25.7,100,2021-06-01 15:28:00,NOTV
25.46,25.78,25.46,25.78,600,2021-06-01 15:39:00,NOTV
25.78,25.78,25.78,25.78,100,2021-06-01 15:41:00,NOTV
25.2791,25.76,25.2791,25.76,700,2021-06-01 15:48:00,NOTV
25.78,25.78,25.78,25.78,200,2021-06-01 15:49:00,NOTV
25.78,26.0,25.78,26.0,600,2021-06-01 15:55:00,NOTV
25.8946,26.0,25.8946,25.97,969,2021-06-01 15:58:00,NOTV
26.0,26.12,25.9,25.9,308,2021-06-01 15:59:00,NOTV
26.0661,26.0661,26.0661,26.0661,100,2021-06-01 16:01:00,NOTV
26.1,26.1,26.1,26.1,100,2021-06-01 16:10:00,NOTV
25.9,26.1,25.9,26.1,200,2021-06-01 16:11:00,NOTV
25.78,26.115,25.78,26.11,400,2021-06-01 16:18:00,NOTV
26.1,26.12,25.95,25.95,1702,2021-06-01 16:19:00,NOTV
26.24,26.24,26.24,26.24,100,2021-06-01 16:25:00,NOTV
26.25,26.25,26.25,26.25,200,2021-06-01 16:27:00,NOTV
26.19,26.19,26.19,26.19,200,2021-06-01 16:28:00,NOTV
26.44,26.44,26.44,26.44,500,2021-06-01 16:32:00,NOTV
26.44,26.44,26.44,26.44,200,2021-06-01 16:38:00,NOTV
26.44,26.44,26.44,26.44,100,2021-06-01 16:39:00,NOTV
26.44,26.44,26.44,26.44,100,2021-06-01 16:40:00,NOTV
26.26,26.26,26.26,26.26,100,2021-06-01 16:45:00,NOTV
26.44,26.44,26.44,26.44,100,2021-06-01 16:46:00,NOTV
26.5,26.5,26.5,26.5,100,2021-06-01 16:48:00,NOTV
26.5,26.5,26.5,26.5,100,2021-06-01 16:50:00,NOTV
26.5,26.5,26.5,26.5,100,2021-06-01 16:52:00,NOTV
26.5,26.5,26.5,26.5,100,2021-06-01 16:54:00,NOTV
26.5,26.5,26.5,26.5,277,2021-06-01 16:55:00,NOTV
26.49,26.49,26.49,26.49,100,2021-06-01 16:57:00,NOTV
26.5,26.5,26.435,26.435,1004,2021-06-01 16:59:00,NOTV
26.72,26.72,26.72,26.72,100,2021-06-01 17:00:00,NOTV
26.69,26.69,26.69,26.69,100,2021-06-01 17:01:00,NOTV
26.51,26.51,26.51,26.51,100,2021-06-01 17:04:00,NOTV
26.67,26.67,26.67,26.67,100,2021-06-01 17:08:00,NOTV
26.615,26.67,26.51,26.51,702,2021-06-01 17:10:00,NOTV
26.56,26.56,26.41,26.41,700,2021-06-01 17:11:00,NOTV
26.59,26.59,26.59,26.59,100,2021-06-01 17:19:00,NOTV
26.55,26.6,26.515,26.515,3322,2021-06-01 17:23:00,NOTV
26.6,26.75,26.6,26.75,4372,2021-06-01 17:25:00,NOTV
26.75,26.75,26.75,26.75,2300,2021-06-01 17:29:00,NOTV
26.9,26.9,26.9,26.9,100,2021-06-01 17:30:00,NOTV
26.68,26.75,26.64,26.75,1100,2021-06-01 17:34:00,NOTV
26.52,26.53,26.52,26.52,600,2021-06-01 17:37:00,NOTV
26.58,26.63,26.52,26.6,700,2021-06-01 17:40:00,NOTV
26.87,26.87,26.87,26.87,100,2021-06-01 17:50:00,NOTV
26.43,26.43,26.43,26.43,198,2021-06-01 17:51:00,NOTV
26.9,26.9,26.9,26.9,380,2021-06-01 17:58:00,NOTV
26.88,26.88,26.88,26.88,100,2021-06-01 18:05:00,NOTV
26.88,26.88,26.88,26.88,300,2021-06-01 18:10:00,NOTV
26.75,26.89,26.75,26.89,400,2021-06-01 18:11:00,NOTV
26.89,26.89,26.89,26.89,100,2021-06-01 18:21:00,NOTV
26.68,26.685,26.66,26.66,766,2021-06-01 18:25:00,NOTV
26.85,26.85,26.85,26.85,100,2021-06-01 18:26:00,NOTV
26.55,26.55,26.55,26.55,100,2021-06-01 18:27:00,NOTV
26.55,26.55,26.55,26.55,100,2021-06-01 18:28:00,NOTV
26.45,26.54,26.41,26.44,1507,2021-06-01 18:29:00,NOTV
26.47,26.47,26.47,26.47,100,2021-06-01 18:34:00,NOTV
26.2,26.22,26.2,26.22,200,2021-06-01 18:44:00,NOTV
26.46,26.51,26.46,26.51,200,2021-06-01 18:45:00,NOTV
26.33,26.33,26.33,26.33,100,2021-06-01 18:49:00,NOTV
26.405,26.405,26.405,26.405,100,2021-06-01 18:51:00,NOTV
26.405,26.405,26.405,26.405,100,2021-06-01 18:52:00,NOTV
26.3,26.36,26.3,26.36,247,2021-06-01 18:55:00,NOTV
26.34,26.34,26.34,26.34,100,2021-06-01 18:56:00,NOTV
26.28,26.28,26.28,26.28,100,2021-06-01 18:58:00,NOTV
26.13,26.25,26.13,26.25,300,2021-06-01 19:05:00,NOTV
26.19,26.22,26.19,26.22,300,2021-06-01 19:06:00,NOTV
26.02,26.02,26.02,26.02,100,2021-06-01 19:08:00,NOTV
26.19,26.19,26.19,26.19,100,2021-06-01 19:09:00,NOTV
26.16,26.16,26.11,26.11,300,2021-06-01 19:11:00,NOTV
26.15,26.15,26.15,26.15,100,2021-06-01 19:13:00,NOTV
26.05,26.05,26.05,26.05,200,2021-06-01 19:14:00,NOTV
26.03,26.03,26.0,26.0,200,2021-06-01 19:15:00,NOTV
26.08,26.08,26.06,26.06,200,2021-06-01 19:17:00,NOTV
26.14,26.14,26.14,26.14,100,2021-06-01 19:18:00,NOTV
26.15,26.15,26.13,26.13,300,2021-06-01 19:21:00,NOTV
26.192,26.192,26.192,26.192,100,2021-06-01 19:22:00,NOTV
26.25,26.27,26.25,26.27,200,2021-06-01 19:24:00,NOTV
26.16,26.27,26.16,26.27,200,2021-06-01 19:25:00,NOTV
26.15,26.15,26.14,26.15,400,2021-06-01 19:26:00,NOTV
26.13,26.25,26.13,26.25,500,2021-06-01 19:28:00,NOTV
26.14,26.14,26.14,26.14,100,2021-06-01 19:29:00,NOTV
26.25,26.26,26.25,26.26,650,2021-06-01 19:31:00,NOTV
26.25,26.39,26.25,26.27,900,2021-06-01 19:32:00,NOTV
26.4,26.4,26.4,26.4,200,2021-06-01 19:33:00,NOTV
26.28,26.39,26.28,26.39,200,2021-06-01 19:34:00,NOTV
26.39,26.39,26.24,26.24,302,2021-06-01 19:36:00,NOTV
26.21,26.38,26.21,26.38,200,2021-06-01 19:37:00,NOTV
26.37,26.37,26.37,26.37,100,2021-06-01 19:39:00,NOTV
26.35,26.35,26.3361,26.3361,403,2021-06-01 19:40:00,NOTV
26.19,26.35,26.19,26.35,300,2021-06-01 19:41:00,NOTV
26.36,26.36,26.36,26.36,100,2021-06-01 19:42:00,NOTV
26.19,26.35,26.19,26.35,200,2021-06-01 19:43:00,NOTV
26.28,26.38,26.2,26.33,934,2021-06-01 19:44:00,NOTV
26.36,26.3631,26.29,26.3631,440,2021-06-01 19:45:00,NOTV
26.36,26.38,26.36,26.38,200,2021-06-01 19:46:00,NOTV
26.4,26.4,26.35,26.35,300,2021-06-01 19:47:00,NOTV
26.36,26.49,26.36,26.49,200,2021-06-01 19:48:00,NOTV
26.37,26.49,26.37,26.38,400,2021-06-01 19:49:00,NOTV
26.35,26.48,26.35,26.48,200,2021-06-01 19:50:00,NOTV
26.44,26.44,26.375,26.44,600,2021-06-01 19:52:00,NOTV
26.44,26.44,26.44,26.44,200,2021-06-01 19:53:00,NOTV
26.34,26.5,26.34,26.5,586,2021-06-01 19:54:00,NOTV
26.43,26.5,26.42,26.42,644,2021-06-01 19:55:00,NOTV
26.5,26.5,26.46,26.5,700,2021-06-01 19:56:00,NOTV
26.5,26.67,26.5,26.67,657,2021-06-01 19:57:00,NOTV
26.62,26.685,26.59,26.685,800,2021-06-01 19:58:00,NOTV
26.61,26.62,26.52,26.61,1419,2021-06-01 19:59:00,NOTV
26.41,26.41,26.41,26.41,5184,2021-06-01 20:00:00,NOTV
26.53,26.53,26.53,26.53,667,2021-06-02 13:30:00,NOTV
26.98,26.98,26.795,26.795,300,2021-06-02 13:38:00,NOTV
26.81,26.81,26.81,26.81,2000,2021-06-02 13:42:00,NOTV
26.85,26.85,26.85,26.85,394,2021-06-02 13:47:00,NOTV
26.9597,26.9597,26.8,26.8,434,2021-06-02 13:48:00,NOTV
26.99,26.99,26.99,26.99,100,2021-06-02 13:50:00,NOTV
26.855,26.855,26.855,26.855,2800,2021-06-02 13:53:00,NOTV
26.74,26.74,26.74,26.74,100,2021-06-02 13:54:00,NOTV
26.83,26.83,26.83,26.83,500,2021-06-02 14:00:00,NOTV
26.76,26.83,26.76,26.83,200,2021-06-02 14:01:00,NOTV
26.83,26.87,26.83,26.87,200,2021-06-02 14:02:00,NOTV
26.79,26.79,26.79,26.79,100,2021-06-02 14:03:00,NOTV
26.87,26.9,26.87,26.9,1079,2021-06-02 14:04:00,NOTV
26.89,26.9,26.89,26.9,400,2021-06-02 14:05:00,NOTV
26.92,27.0,26.92,26.97,3776,2021-06-02 14:07:00,NOTV
27.05,27.2,27.05,27.11,1100,2021-06-02 14:08:00,NOTV
27.145,27.145,27.11,27.145,1700,2021-06-02 14:09:00,NOTV
27.135,27.2,27.135,27.193,730,2021-06-02 14:11:00,NOTV
27.145,27.145,27.145,27.145,100,2021-06-02 14:12:00,NOTV
27.135,27.145,27.135,27.145,700,2021-06-02 14:16:00,NOTV
27.11,27.11,27.0,27.0,600,2021-06-02 14:17:00,NOTV
26.85,26.85,26.75,26.75,200,2021-06-02 14:20:00,NOTV
26.75,26.75,26.75,26.75,100,2021-06-02 14:21:00,NOTV
26.73,26.73,26.73,26.73,100,2021-06-02 14:25:00,NOTV
26.65,26.69,26.65,26.69,230,2021-06-02 14:29:00,NOTV
26.89,26.89,26.82,26.82,600,2021-06-02 14:32:00,NOTV
26.82,26.95,26.82,26.89,908,2021-06-02 14:33:00,NOTV
26.86,26.86,26.86,26.86,100,2021-06-02 14:34:00,NOTV
26.9,26.93,26.9,26.93,500,2021-06-02 14:36:00,NOTV
26.875,26.875,26.875,26.875,900,2021-06-02 14:42:00,NOTV
27.03,27.03,26.93,26.93,217,2021-06-02 14:43:00,NOTV
26.96,26.96,26.96,26.96,100,2021-06-02 14:46:00,NOTV
27.0395,27.0395,27.0395,27.0395,200,2021-06-02 14:51:00,NOTV
26.95,27.02,26.95,27.02,619,2021-06-02 14:53:00,NOTV
26.93,26.93,26.89,26.92,400,2021-06-02 14:55:00,NOTV
26.89,26.9,26.86,26.865,1428,2021-06-02 14:56:00,NOTV
26.87,26.87,26.87,26.87,140,2021-06-02 15:04:00,NOTV
26.85,26.85,26.85,26.85,280,2021-06-02 15:05:00,NOTV
26.63,26.63,26.63,26.63,100,2021-06-02 15:07:00,NOTV
26.61,26.61,26.61,26.61,100,2021-06-02 15:09:00,NOTV
26.6,26.6,26.6,26.6,100,2021-06-02 15:12:00,NOTV
26.61,26.61,26.61,26.61,100,2021-06-02 15:13:00,NOTV
26.48,26.48,26.48,26.48,100,2021-06-02 15:23:00,NOTV
26.69,26.69,26.62,26.62,200,2021-06-02 15:24:00,NOTV
26.67,26.67,26.59,26.59,200,2021-06-02 15:27:00,NOTV
26.615,26.83,26.615,26.75,1177,2021-06-02 15:28:00,NOTV
26.897,26.897,26.75,26.75,470,2021-06-02 15:31:00,NOTV
26.8863,26.8863,26.8863,26.8863,100,2021-06-02 15:34:00,NOTV
26.78,26.78,26.78,26.78,100,2021-06-02 15:36:00,NOTV
26.95,26.95,26.95,26.95,100,2021-06-02 15:44:00,NOTV
26.88,26.88,26.86,26.86,200,2021-06-02 15:46:00,NOTV
26.96,26.98,26.92,26.92,750,2021-06-02 15:57:00,NOTV
26.92,26.92,26.92,26.92,142,2021-06-02 16:02:00,NOTV
26.92,26.92,26.88,26.88,200,2021-06-02 16:09:00,NOTV
26.92,26.92,26.92,26.92,100,2021-06-02 16:11:00,NOTV
26.86,26.87,26.83,26.87,1345,2021-06-02 16:13:00,NOTV
26.825,26.825,26.825,26.825,180,2021-06-02 16:14:00,NOTV
26.54,26.54,26.54,26.54,100,2021-06-02 16:23:00,NOTV
26.54,26.67,26.54,26.67,400,2021-06-02 16:24:00,NOTV
26.54,26.54,26.54,26.54,100,2021-06-02 16:30:00,NOTV
26.42,26.42,26.41,26.41,200,2021-06-02 16:59:00,NOTV
26.19,26.19,26.19,26.19,100,2021-06-02 17:06:00,NOTV
26.19,26.19,26.19,26.19,100,2021-06-02 17:09:00,NOTV
26.3484,26.3484,26.3484,26.3484,400,2021-06-02 17:14:00,NOTV
26.3083,26.3083,26.3083,26.3083,161,2021-06-02 17:15:00,NOTV
26.19,26.27,26.19,26.27,408,2021-06-02 17:20:00,NOTV
26.18,26.26,26.18,26.26,202,2021-06-02 17:26:00,NOTV
25.95,25.95,25.95,25.95,159,2021-06-02 17:30:00,NOTV
26.09,26.35,26.04,26.23,1250,2021-06-02 17:32:00,NOTV
26.325,26.325,26.325,26.325,100,2021-06-02 17:42:00,NOTV
26.12,26.12,26.12,26.12,100,2021-06-02 17:43:00,NOTV
26.34,26.34,26.28,26.28,400,2021-06-02 17:52:00,NOTV
26.36,26.46,26.3,26.3,425,2021-06-02 17:57:00,NOTV
26.12,26.12,26.12,26.12,400,2021-06-02 18:00:00,NOTV
26.178,26.178,26.12,26.12,940,2021-06-02 18:02:00,NOTV
26.178,26.178,26.178,26.178,100,2021-06-02 18:06:00,NOTV
26.05,26.05,26.05,26.05,100,2021-06-02 18:07:00,NOTV
25.95,25.95,25.95,25.95,141,2021-06-02 18:12:00,NOTV
26.18,26.33,26.17,26.33,1636,2021-06-02 18:20:00,NOTV
26.245,26.245,26.24,26.24,288,2021-06-02 18:21:00,NOTV
26.215,26.215,26.215,26.215,138,2021-06-02 18:22:00,NOTV
26.245,26.39,26.245,26.345,1000,2021-06-02 18:24:00,NOTV
26.42,26.42,26.42,26.42,300,2021-06-02 18:25:00,NOTV
26.4527,26.4527,26.4527,26.4527,132,2021-06-02 18:26:00,NOTV
26.71,26.71,26.244,26.435,2033,2021-06-02 18:27:00,NOTV
26.4767,26.4767,26.4767,26.4767,400,2021-06-02 18:28:00,NOTV
26.455,26.6,26.455,26.6,200,2021-06-02 18:36:00,NOTV
26.34,26.34,26.34,26.34,100,2021-06-02 18:37:00,NOTV
26.48,26.52,26.42,26.49,1892,2021-06-02 18:43:00,NOTV
26.62,26.62,26.61,26.61,200,2021-06-02 18:44:00,NOTV
26.905,26.905,26.905,26.905,100,2021-06-02 18:46:00,NOTV
26.915,27.02,26.83,26.92,20760,2021-06-02 18:51:00,NOTV
26.96,26.96,26.96,26.96,100,2021-06-02 18:54:00,NOTV
27.01,27.02,26.99,27.02,777,2021-06-02 18:56:00,NOTV
26.98,27.03,26.97,27.03,1700,2021-06-02 18:58:00,NOTV
27.0,27.0,26.99,26.99,200,2021-06-02 19:02:00,NOTV
26.98,26.98,26.94,26.94,1147,2021-06-02 19:03:00,NOTV
26.84,26.84,26.84,26.84,100,2021-06-02 19:05:00,NOTV
26.9,26.9,26.9,26.9,400,2021-06-02 19:09:00,NOTV
26.65,26.65,26.53,26.53,200,2021-06-02 19:11:00,NOTV
26.62,26.79,26.62,26.79,300,2021-06-02 19:17:00,NOTV
26.61,26.61,26.61,26.61,300,2021-06-02 19:18:00,NOTV
26.61,26.61,26.61,26.61,100,2021-06-02 19:20:00,NOTV
26.75,26.8,26.75,26.8,500,2021-06-02 19:26:00,NOTV
26.79,26.82,26.765,26.765,1099,2021-06-02 19:27:00,NOTV
26.93,26.93,26.93,26.93,120,2021-06-02 19:30:00,NOTV
26.905,27.0,26.905,27.0,1000,2021-06-02 19:31:00,NOTV
27.03,27.03,27.03,27.03,100,2021-06-02 19:32:00,NOTV
27.02,27.02,27.02,27.02,100,2021-06-02 19:34:00,NOTV
26.99,26.99,26.9,26.9,400,2021-06-02 19:35:00,NOTV
26.93,26.94,26.93,26.94,400,2021-06-02 19:39:00,NOTV
26.93,26.99,26.9,26.99,1000,2021-06-02 19:40:00,NOTV
26.915,27.03,26.915,26.99,7017,2021-06-02 19:44:00,NOTV
27.0,27.0,27.0,27.0,100,2021-06-02 19:45:00,NOTV
26.96,26.97,26.93,26.93,500,2021-06-02 19:48:00,NOTV
26.88,26.88,26.86,26.86,300,2021-06-02 19:52:00,NOTV
26.9039,26.9039,26.9039,26.9039,813,2021-06-02 19:53:00,NOTV
26.825,26.825,26.74,26.74,200,2021-06-02 19:54:00,NOTV
26.76,26.76,26.76,26.76,100,2021-06-02 19:55:00,NOTV
26.8,26.8,26.785,26.785,300,2021-06-02 19:56:00,NOTV
26.75,26.75,26.75,26.75,200,2021-06-02 19:57:00,NOTV
26.75,26.8,26.75,26.8,843,2021-06-02 19:58:00,NOTV
26.86,26.88,26.86,26.88,300,2021-06-02 19:59:00,NOTV
26.76,26.76,26.76,26.76,2119,2021-06-02 20:00:00,NOTV
26.46,26.46,26.46,26.46,299,2021-06-03 13:30:00,NOTV
26.38,26.38,26.38,26.38,4900,2021-06-03 13:33:00,NOTV
26.0214,26.0214,26.0214,26.0214,105,2021-06-03 13:36:00,NOTV
26.8,26.8,25.9989,25.9989,400,2021-06-03 13:37:00,NOTV
26.73,26.73,26.73,26.73,100,2021-06-03 13:45:00,NOTV
26.55,26.55,26.55,26.55,100,2021-06-03 14:06:00,NOTV
26.55,26.55,26.55,26.55,200,2021-06-03 14:07:00,NOTV
26.8,26.8,26.8,26.8,100,2021-06-03 14:10:00,NOTV
26.8237,26.8237,26.8237,26.8237,380,2021-06-03 14:14:00,NOTV
26.8916,26.8916,26.8916,26.8916,425,2021-06-03 14:23:00,NOTV
26.98,27.0,26.98,27.0,200,2021-06-03 14:28:00,NOTV
27.0,27.0,27.0,27.0,200,2021-06-03 14:32:00,NOTV
27.02,27.02,27.0,27.02,1859,2021-06-03 14:33:00,NOTV
27.0,27.0,27.0,27.0,100,2021-06-03 14:34:00,NOTV
27.01,27.02,27.01,27.02,639,2021-06-03 14:35:00,NOTV
27.14,27.14,27.12,27.12,600,2021-06-03 14:37:00,NOTV
27.05,27.07,27.05,27.05,500,2021-06-03 14:47:00,NOTV
26.91,26.91,26.91,26.91,100,2021-06-03 14:59:00,NOTV
27.05,27.05,27.05,27.05,100,2021-06-03 15:05:00,NOTV
27.0058,27.0058,26.87,26.87,200,2021-06-03 15:16:00,NOTV
27.05,27.05,27.02,27.02,200,2021-06-03 15:18:00,NOTV
27.35,27.35,27.08,27.08,200,2021-06-03 15:21:00,NOTV
27.11,27.115,27.1025,27.11,500,2021-06-03 15:27:00,NOTV
26.85,26.85,26.85,26.85,882,2021-06-03 15:31:00,NOTV
27.39,27.39,27.12,27.12,200,2021-06-03 15:33:00,NOTV
27.4,27.4,27.4,27.4,200,2021-06-03 15:37:00,NOTV
27.05,27.14,27.05,27.14,299,2021-06-03 15:38:00,NOTV
27.46,27.46,27.46,27.46,100,2021-06-03 15:39:00,NOTV
27.3,27.3,27.3,27.3,100,2021-06-03 15:42:00,NOTV
27.3,27.48,27.25,27.48,600,2021-06-03 15:49:00,NOTV
27.73,27.73,27.73,27.73,100,2021-06-03 15:50:00,NOTV
27.69,27.69,27.52,27.52,200,2021-06-03 15:53:00,NOTV
27.74,27.75,27.74,27.75,700,2021-06-03 16:07:00,NOTV
28.0,28.0,27.85,27.85,800,2021-06-03 16:13:00,NOTV
28.0,28.02,28.0,28.02,1848,2021-06-03 16:14:00,NOTV
28.01,28.245,28.01,28.245,700,2021-06-03 16:15:00,NOTV
28.29,28.48,28.29,28.48,200,2021-06-03 16:16:00,NOTV
28.13,28.13,28.12,28.13,1020,2021-06-03 16:20:00,NOTV
28.07,28.08,28.06,28.08,371,2021-06-03 16:25:00,NOTV
28.0457,28.0457,28.0457,28.0457,358,2021-06-03 16:27:00,NOTV
28.02,28.02,28.02,28.02,100,2021-06-03 16:35:00,NOTV
27.91,27.91,27.91,27.91,100,2021-06-03 16:37:00,NOTV
27.8316,27.8316,27.68,27.68,350,2021-06-03 16:49:00,NOTV
27.58,27.58,27.58,27.58,100,2021-06-03 16:55:00,NOTV
27.83,27.83,27.7626,27.7626,350,2021-06-03 17:00:00,NOTV
27.86,27.87,27.705,27.87,475,2021-06-03 17:02:00,NOTV
28.01,28.02,28.01,28.02,400,2021-06-03 17:03:00,NOTV
28.16,28.37,28.16,28.37,300,2021-06-03 17:12:00,NOTV
28.31,28.31,28.31,28.31,100,2021-06-03 17:17:00,NOTV
28.07,28.19,28.07,28.19,200,2021-06-03 17:19:00,NOTV
28.205,28.32,28.205,28.32,980,2021-06-03 17:24:00,NOTV
28.32,28.32,28.24,28.285,1172,2021-06-03 17:27:00,NOTV
28.4,28.4,28.4,28.4,100,2021-06-03 17:28:00,NOTV
28.4,28.4,28.4,28.4,100,2021-06-03 17:29:00,NOTV
28.18,28.18,28.18,28.18,200,2021-06-03 17:34:00,NOTV
28.18,28.18,28.16,28.16,442,2021-06-03 17:36:00,NOTV
28.15,28.15,28.15,28.15,100,2021-06-03 17:38:00,NOTV
28.3251,28.3251,28.3251,28.3251,100,2021-06-03 17:39:00,NOTV
28.165,28.165,28.165,28.165,275,2021-06-03 17:48:00,NOTV
28.39,28.39,28.39,28.39,100,2021-06-03 17:50:00,NOTV
28.36,28.36,28.0,28.0,400,2021-06-03 18:00:00,NOTV
28.2,28.2,28.155,28.155,200,2021-06-03 18:01:00,NOTV
28.155,28.155,28.155,28.155,100,2021-06-03 18:02:00,NOTV
27.98,27.98,27.98,27.98,100,2021-06-03 18:03:00,NOTV
27.97,27.97,27.97,27.97,100,2021-06-03 18:04:00,NOTV
27.96,28.02,27.885,27.885,581,2021-06-03 18:07:00,NOTV
27.71,27.71,27.71,27.71,100,2021-06-03 18:08:00,NOTV
27.885,27.885,27.885,27.885,100,2021-06-03 18:13:00,NOTV
27.73,27.82,27.64,27.64,2140,2021-06-03 18:16:00,NOTV
27.69,27.69,27.69,27.69,100,2021-06-03 18:18:00,NOTV
28.1,28.1,28.1,28.1,100,2021-06-03 18:21:00,NOTV
27.9391,27.9391,27.9391,27.9391,150,2021-06-03 18:25:00,NOTV
28.1,28.1,28.1,28.1,100,2021-06-03 18:30:00,NOTV
27.985,27.985,27.985,27.985,100,2021-06-03 18:32:00,NOTV
27.88,27.88,27.88,27.88,378,2021-06-03 18:33:00,NOTV
27.69,27.69,27.59,27.59,303,2021-06-03 18:35:00,NOTV
27.51,27.51,27.51,27.51,100,2021-06-03 18:40:00,NOTV
27.5,27.53,27.49,27.53,300,2021-06-03 18:43:00,NOTV
27.49,27.49,27.47,27.47,300,2021-06-03 18:47:00,NOTV
27.41,27.475,27.41,27.475,300,2021-06-03 18:48:00,NOTV
27.53,27.53,27.53,27.53,100,2021-06-03 18:53:00,NOTV
27.89,27.89,27.89,27.89,1270,2021-06-03 19:07:00,NOTV
27.64,27.64,27.64,27.64,200,2021-06-03 19:10:00,NOTV
27.7,27.7,27.7,27.7,115,2021-06-03 19:13:00,NOTV
27.76,27.76,27.76,27.76,100,2021-06-03 19:17:00,NOTV
27.66,27.66,27.66,27.66,200,2021-06-03 19:19:00,NOTV
27.76,27.76,27.76,27.76,200,2021-06-03 19:24:00,NOTV
27.66,27.66,27.56,27.63,2687,2021-06-03 19:25:00,NOTV
27.46,27.6995,27.46,27.6995,406,2021-06-03 19:27:00,NOTV
27.545,27.545,27.545,27.545,100,2021-06-03 19:29:00,NOTV
27.545,27.545,27.47,27.47,200,2021-06-03 19:31:00,NOTV
27.48,27.48,27.45,27.47,996,2021-06-03 19:32:00,NOTV
27.36,27.36,27.36,27.36,100,2021-06-03 19:34:00,NOTV
27.45,27.45,27.45,27.45,999,2021-06-03 19:35:00,NOTV
27.46,27.46,27.42,27.42,300,2021-06-03 19:37:00,NOTV
27.54,27.54,27.54,27.54,100,2021-06-03 19:39:00,NOTV
27.52,27.52,27.52,27.52,200,2021-06-03 19:41:00,NOTV
27.52,27.54,27.43,27.51,900,2021-06-03 19:42:00,NOTV
27.64,27.64,27.64,27.64,100,2021-06-03 19:43:00,NOTV
27.525,27.525,27.525,27.525,100,2021-06-03 19:45:00,NOTV
27.62,27.62,27.56,27.56,200,2021-06-03 19:48:00,NOTV
27.63,27.63,27.565,27.565,300,2021-06-03 19:51:00,NOTV
27.58,27.58,27.58,27.58,100,2021-06-03 19:53:00,NOTV
27.53,27.53,27.29,27.32,1046,2021-06-03 19:54:00,NOTV
27.29,27.32,27.29,27.29,300,2021-06-03 19:55:00,NOTV
27.3,27.32,27.3,27.32,300,2021-06-03 19:57:00,NOTV
27.29,27.355,27.29,27.31,1100,2021-06-03 19:58:00,NOTV
27.32,27.5,27.32,27.39,1031,2021-06-03 19:59:00,NOTV
27.32,27.32,27.32,27.32,4714,2021-06-03 20:00:00,NOTV
27.33,27.92,27.33,27.92,1069,2021-06-04 13:30:00,NOTV
27.4064,27.4064,27.4064,27.4064,119,2021-06-04 13:42:00,NOTV
28.015,28.015,28.015,28.015,100,2021-06-04 13:49:00,NOTV
27.828,27.828,27.828,27.828,100,2021-06-04 13:50:00,NOTV
27.655,27.68,27.655,27.68,996,2021-06-04 13:52:00,NOTV
27.9,27.97,27.815,27.815,582,2021-06-04 13:54:00,NOTV
27.96,27.96,27.96,27.96,700,2021-06-04 14:01:00,NOTV
27.795,27.795,27.795,27.795,100,2021-06-04 14:03:00,NOTV
27.84,27.84,27.84,27.84,100,2021-06-04 14:08:00,NOTV
27.65,27.65,27.65,27.65,200,2021-06-04 14:12:00,NOTV
27.77,27.77,27.45,27.51,1400,2021-06-04 14:13:00,NOTV
27.585,27.585,27.585,27.585,100,2021-06-04 14:15:00,NOTV
27.585,27.71,27.52,27.52,873,2021-06-04 14:19:00,NOTV
27.585,27.585,27.585,27.585,100,2021-06-04 14:28:00,NOTV
27.71,27.71,27.71,27.71,100,2021-06-04 14:31:00,NOTV
27.585,27.585,27.585,27.585,300,2021-06-04 14:34:00,NOTV
27.71,27.71,27.62,27.62,250,2021-06-04 14:35:00,NOTV
27.69,27.69,27.685,27.685,200,2021-06-04 14:36:00,NOTV
27.685,27.685,27.685,27.685,100,2021-06-04 14:45:00,NOTV
27.72,27.72,27.72,27.72,100,2021-06-04 14:46:00,NOTV
27.8999,27.8999,27.8999,27.8999,550,2021-06-04 14:48:00,NOTV
27.9,27.9,27.875,27.89,400,2021-06-04 14:49:00,NOTV
28.19,28.19,28.19,28.19,1000,2021-06-04 14:57:00,NOTV
28.43,28.43,28.43,28.43,100,2021-06-04 14:58:00,NOTV
28.245,28.245,28.245,28.245,100,2021-06-04 15:00:00,NOTV
28.38,28.38,28.215,28.215,200,2021-06-04 15:03:00,NOTV
28.32,28.32,28.32,28.32,100,2021-06-04 15:07:00,NOTV
28.08,28.19,28.05,28.19,300,2021-06-04 15:09:00,NOTV
28.05,28.05,28.05,28.05,100,2021-06-04 15:10:00,NOTV
28.17,28.17,28.17,28.17,100,2021-06-04 15:12:00,NOTV
28.17,28.17,28.06,28.17,423,2021-06-04 15:15:00,NOTV
28.17,28.17,28.17,28.17,100,2021-06-04 15:16:00,NOTV
28.24,28.24,28.24,28.24,100,2021-06-04 15:17:00,NOTV
28.17,28.17,28.17,28.17,100,2021-06-04 15:18:00,NOTV
28.29,28.29,28.2659,28.2659,200,2021-06-04 15:19:00,NOTV
28.27,28.27,28.27,28.27,100,2021-06-04 15:20:00,NOTV
28.1,28.1,28.1,28.1,100,2021-06-04 15:21:00,NOTV
28.05,28.05,27.98,27.98,1326,2021-06-04 15:23:00,NOTV
27.85,27.85,27.85,27.85,100,2021-06-04 15:26:00,NOTV
28.05,28.05,28.05,28.05,100,2021-06-04 15:28:00,NOTV
27.855,27.855,27.74,27.74,200,2021-06-04 15:31:00,NOTV
27.85,27.85,27.85,27.85,100,2021-06-04 15:36:00,NOTV
27.7742,27.7742,27.7742,27.7742,100,2021-06-04 15:37:00,NOTV
27.85,27.85,27.85,27.85,1000,2021-06-04 15:43:00,NOTV
27.85,27.85,27.85,27.85,100,2021-06-04 15:46:00,NOTV
27.91,27.91,27.91,27.91,100,2021-06-04 15:49:00,NOTV
27.93,28.12,27.93,28.12,1400,2021-06-04 15:51:00,NOTV
27.81,27.81,27.78,27.78,200,2021-06-04 15:53:00,NOTV
28.015,28.015,28.015,28.015,100,2021-06-04 15:54:00,NOTV
27.9,27.9,27.9,27.9,100,2021-06-04 15:58:00,NOTV
28.24,28.25,28.065,28.065,300,2021-06-04 16:00:00,NOTV
28.23,28.23,28.23,28.23,100,2021-06-04 16:05:00,NOTV
28.28,28.28,28.28,28.28,200,2021-06-04 16:06:00,NOTV
28.34,28.34,28.34,28.34,100,2021-06-04 16:09:00,NOTV
28.48,28.48,28.48,28.48,100,2021-06-04 16:12:00,NOTV
28.48,28.48,28.48,28.48,473,2021-06-04 16:13:00,NOTV
28.5,28.5,28.5,28.5,100,2021-06-04 16:14:00,NOTV
28.5,28.51,28.5,28.51,300,2021-06-04 16:15:00,NOTV
28.66,28.66,28.56,28.56,200,2021-06-04 16:17:00,NOTV
28.5,28.5,28.5,28.5,139,2021-06-04 16:25:00,NOTV
28.38,28.38,28.38,28.38,100,2021-06-04 16:26:00,NOTV
28.42,28.42,28.42,28.42,100,2021-06-04 16:32:00,NOTV
28.48,28.48,28.48,28.48,100,2021-06-04 16:36:00,NOTV
28.59,28.79,28.4,28.4,1500,2021-06-04 16:42:00,NOTV
28.58,28.79,28.58,28.79,700,2021-06-04 16:46:00,NOTV
28.75,28.89,28.75,28.89,500,2021-06-04 16:47:00,NOTV
28.79,28.79,28.79,28.79,100,2021-06-04 16:48:00,NOTV
28.7,28.7,28.7,28.7,400,2021-06-04 16:49:00,NOTV
28.69,28.69,28.68,28.68,700,2021-06-04 16:53:00,NOTV
28.68,28.8796,28.68,28.8796,600,2021-06-04 16:54:00,NOTV
28.775,28.775,28.775,28.775,100,2021-06-04 17:01:00,NOTV
28.87,28.87,28.87,28.87,100,2021-06-04 17:04:00,NOTV
28.7102,28.7102,28.7102,28.7102,4000,2021-06-04 17:08:00,NOTV
28.78,28.78,28.78,28.78,100,2021-06-04 17:11:00,NOTV
28.7,28.7,28.7,28.7,100,2021-06-04 17:13:00,NOTV
28.785,28.785,28.785,28.785,100,2021-06-04 17:29:00,NOTV
28.86,29.0,28.86,28.97,5926,2021-06-04 17:33:00,NOTV
28.9649,28.9649,28.9649,28.9649,500,2021-06-04 17:34:00,NOTV
28.98,28.99,28.98,28.99,500,2021-06-04 17:39:00,NOTV
28.99,28.99,28.845,28.845,200,2021-06-04 17:41:00,NOTV
28.99,28.99,28.99,28.99,100,2021-06-04 17:42:00,NOTV
28.77,28.77,28.75,28.75,300,2021-06-04 17:44:00,NOTV
28.845,28.845,28.845,28.845,100,2021-06-04 17:47:00,NOTV
28.89,28.9,28.89,28.9,200,2021-06-04 17:58:00,NOTV
28.835,28.883,28.835,28.835,600,2021-06-04 18:04:00,NOTV
28.835,28.9,28.835,28.9,1400,2021-06-04 18:05:00,NOTV
28.78,28.78,28.78,28.78,400,2021-06-04 18:06:00,NOTV
28.89,28.9,28.89,28.9,300,2021-06-04 18:08:00,NOTV
28.99,29.0,28.99,29.0,1062,2021-06-04 18:11:00,NOTV
29.0,29.0,29.0,29.0,300,2021-06-04 18:12:00,NOTV
29.0,29.0,28.9,28.9,200,2021-06-04 18:13:00,NOTV
28.89,28.89,28.89,28.89,100,2021-06-04 18:14:00,NOTV
28.885,28.885,28.885,28.885,100,2021-06-04 18:15:00,NOTV
28.9695,28.9695,28.885,28.885,300,2021-06-04 18:17:00,NOTV
28.79,28.79,28.79,28.79,100,2021-06-04 18:20:00,NOTV
28.78,28.78,28.78,28.78,378,2021-06-04 18:21:00,NOTV
28.785,28.785,28.785,28.785,100,2021-06-04 18:22:00,NOTV
28.71,28.71,28.71,28.71,100,2021-06-04 18:27:00,NOTV
28.68,28.68,28.68,28.68,100,2021-06-04 18:30:00,NOTV
28.5515,28.68,28.48,28.68,2900,2021-06-04 18:31:00,NOTV
28.68,28.68,28.68,28.68,119,2021-06-04 18:32:00,NOTV
28.59,28.59,28.59,28.59,100,2021-06-04 18:33:00,NOTV
28.47,28.48,28.47,28.48,200,2021-06-04 18:35:00,NOTV
28.53,28.53,28.53,28.53,100,2021-06-04 18:36:00,NOTV
28.47,28.48,28.43,28.43,700,2021-06-04 18:38:00,NOTV
28.37,28.37,28.37,28.37,100,2021-06-04 18:39:00,NOTV
28.49,28.5,28.45,28.45,1077,2021-06-04 18:46:00,NOTV
28.57,28.57,28.57,28.57,100,2021-06-04 18:50:00,NOTV
28.57,28.57,28.55,28.55,600,2021-06-04 18:55:00,NOTV
28.55,28.555,28.55,28.555,200,2021-06-04 19:00:00,NOTV
28.64,28.64,28.64,28.64,352,2021-06-04 19:02:00,NOTV
28.55,28.55,28.55,28.55,100,2021-06-04 19:03:00,NOTV
28.62,28.62,28.62,28.62,100,2021-06-04 19:04:00,NOTV
28.5416,28.545,28.5416,28.545,400,2021-06-04 19:09:00,NOTV
28.545,28.545,28.545,28.545,100,2021-06-04 19:10:00,NOTV
28.545,28.7,28.47,28.7,1204,2021-06-04 19:11:00,NOTV
28.61,28.61,28.52,28.52,200,2021-06-04 19:12:00,NOTV
28.635,28.635,28.635,28.635,100,2021-06-04 19:19:00,NOTV
28.64,28.64,28.64,28.64,100,2021-06-04 19:21:00,NOTV
28.64,28.64,28.64,28.64,100,2021-06-04 19:22:00,NOTV
28.65,28.65,28.65,28.65,100,2021-06-04 19:23:00,NOTV
28.71,28.77,28.71,28.77,200,2021-06-04 19:25:00,NOTV
28.94,28.94,28.94,28.94,100,2021-06-04 19:27:00,NOTV
28.835,28.835,28.835,28.835,100,2021-06-04 19:33:00,NOTV
28.93,28.93,28.93,28.93,100,2021-06-04 19:34:00,NOTV
28.75,28.75,28.75,28.75,100,2021-06-04 19:35:00,NOTV
28.825,28.825,28.825,28.825,200,2021-06-04 19:38:00,NOTV
28.81,28.89,28.81,28.81,500,2021-06-04 19:39:00,NOTV
28.87,28.88,28.74,28.88,400,2021-06-04 19:40:00,NOTV
28.86,28.88,28.86,28.88,700,2021-06-04 19:43:00,NOTV
28.93,28.93,28.93,28.93,100,2021-06-04 19:46:00,NOTV
28.95,28.95,28.91,28.95,300,2021-06-04 19:47:00,NOTV
28.95,28.95,28.83,28.83,1039,2021-06-04 19:50:00,NOTV
28.79,28.79,28.79,28.79,200,2021-06-04 19:52:00,NOTV
28.825,28.825,28.69,28.745,822,2021-06-04 19:56:00,NOTV
28.7,28.74,28.68,28.74,314,2021-06-04 19:57:00,NOTV
28.79,28.79,28.6922,28.6922,600,2021-06-04 19:58:00,NOTV
28.69,28.745,28.69,28.7,600,2021-06-04 19:59:00,NOTV
28.8,28.8,28.8,28.8,2693,2021-06-04 20:00:00,NOTV
29.0,29.0,29.0,29.0,476,2021-06-07 13:30:00,NOTV
29.0,29.0,29.0,29.0,150,2021-06-07 13:36:00,NOTV
29.1335,29.32,29.1335,29.32,1089,2021-06-07 13:41:00,NOTV
29.32,29.41,29.32,29.41,1513,2021-06-07 13:42:00,NOTV
29.5999,29.5999,29.5999,29.5999,170,2021-06-07 13:44:00,NOTV
29.445,29.445,29.445,29.445,200,2021-06-07 13:45:00,NOTV
29.399,29.5,29.395,29.4475,969,2021-06-07 13:49:00,NOTV
29.4738,29.4738,29.4738,29.4738,169,2021-06-07 13:50:00,NOTV
29.395,29.395,29.395,29.395,100,2021-06-07 13:51:00,NOTV
29.4675,29.4675,29.4675,29.4675,100,2021-06-07 13:52:00,NOTV
29.4352,29.4352,29.4352,29.4352,100,2021-06-07 13:55:00,NOTV
29.4999,29.4999,29.4999,29.4999,126,2021-06-07 13:56:00,NOTV
29.3224,29.3224,29.3224,29.3224,100,2021-06-07 13:57:00,NOTV
29.35,29.3599,29.25,29.25,911,2021-06-07 14:05:00,NOTV
29.3243,29.41,29.3243,29.41,1976,2021-06-07 14:11:00,NOTV
29.42,29.42,29.42,29.42,100,2021-06-07 14:13:00,NOTV
29.0534,29.45,29.0534,29.45,1600,2021-06-07 14:17:00,NOTV
29.415,29.415,29.415,29.415,100,2021-06-07 14:18:00,NOTV
29.356,29.356,29.356,29.356,170,2021-06-07 14:38:00,NOTV
29.3999,29.3999,29.22,29.38,1150,2021-06-07 14:46:00,NOTV
29.43,29.43,29.33,29.33,600,2021-06-07 14:49:00,NOTV
29.44,29.44,29.24,29.355,566,2021-06-07 14:50:00,NOTV
29.42,29.5,29.42,29.43,1166,2021-06-07 14:51:00,NOTV
29.57,29.57,29.57,29.57,100,2021-06-07 14:54:00,NOTV
29.6,29.73,29.6,29.73,4011,2021-06-07 14:56:00,NOTV
29.77,29.99,29.66,29.99,864,2021-06-07 14:58:00,NOTV
29.97,29.97,29.97,29.97,100,2021-06-07 15:05:00,NOTV
29.85,29.85,29.68,29.68,5721,2021-06-07 15:06:00,NOTV
29.68,29.68,29.68,29.68,100,2021-06-07 15:11:00,NOTV
29.8,29.8,29.8,29.8,100,2021-06-07 15:13:00,NOTV
29.85,29.85,29.85,29.85,100,2021-06-07 15:14:00,NOTV
29.85,29.85,29.85,29.85,100,2021-06-07 15:16:00,NOTV
29.88,29.88,29.88,29.88,100,2021-06-07 15:20:00,NOTV
29.88,29.88,29.88,29.88,632,2021-06-07 15:21:00,NOTV
29.98,30.02,29.95,30.02,3663,2021-06-07 15:23:00,NOTV
30.02,30.02,30.02,30.02,200,2021-06-07 15:24:00,NOTV
29.81,30.02,29.81,30.02,594,2021-06-07 15:26:00,NOTV
29.81,29.81,29.81,29.81,150,2021-06-07 15:28:00,NOTV
29.8436,29.8436,29.8436,29.8436,500,2021-06-07 15:34:00,NOTV
29.91,29.98,29.91,29.98,5586,2021-06-07 15:37:00,NOTV
29.915,29.92,29.915,29.92,635,2021-06-07 15:40:00,NOTV
29.92,29.9799,29.92,29.9799,400,2021-06-07 15:41:00,NOTV
29.93,29.93,29.93,29.93,100,2021-06-07 15:43:00,NOTV
29.93,29.93,29.88,29.93,1450,2021-06-07 15:44:00,NOTV
29.93,29.93,29.88,29.88,375,2021-06-07 15:45:00,NOTV
29.94,29.94,29.89,29.89,200,2021-06-07 15:47:00,NOTV
29.95,30.0,29.89,29.9,4550,2021-06-07 15:50:00,NOTV
29.8519,29.95,29.8519,29.9,911,2021-06-07 15:51:00,NOTV
29.95,29.95,29.95,29.95,100,2021-06-07 15:52:00,NOTV
29.95,29.95,29.925,29.95,900,2021-06-07 15:53:00,NOTV
29.9,29.9,29.9,29.9,500,2021-06-07 15:54:00,NOTV
29.905,29.905,29.905,29.905,300,2021-06-07 15:58:00,NOTV
29.86,29.895,29.745,29.745,1192,2021-06-07 16:06:00,NOTV
29.93,29.93,29.93,29.93,100,2021-06-07 16:10:00,NOTV
29.93,30.02,29.93,29.98,4625,2021-06-07 16:13:00,NOTV
30.01,30.01,29.805,29.805,839,2021-06-07 16:14:00,NOTV
29.9,29.9,29.8,29.8,2400,2021-06-07 16:24:00,NOTV
29.9,29.91,29.9,29.9,766,2021-06-07 16:25:00,NOTV
29.85,29.93,29.815,29.815,2800,2021-06-07 16:27:00,NOTV
29.815,29.91,29.815,29.835,9596,2021-06-07 16:28:00,NOTV
29.8,29.8,29.8,29.8,601,2021-06-07 16:34:00,NOTV
29.7,29.7,29.615,29.615,1471,2021-06-07 16:42:00,NOTV
29.69,29.69,29.69,29.69,100,2021-06-07 16:43:00,NOTV
29.62,29.62,29.62,29.62,100,2021-06-07 16:46:00,NOTV
29.53,29.53,29.53,29.53,100,2021-06-07 17:00:00,NOTV
29.7399,29.7399,29.635,29.635,1204,2021-06-07 17:03:00,NOTV
29.74,29.74,29.74,29.74,100,2021-06-07 17:05:00,NOTV
29.74,29.74,29.74,29.74,188,2021-06-07 17:06:00,NOTV
29.6,29.71,29.6,29.6,1710,2021-06-07 17:07:00,NOTV
29.575,29.63,29.3141,29.6,3171,2021-06-07 17:08:00,NOTV
29.725,29.725,29.725,29.725,100,2021-06-07 17:12:00,NOTV
29.65,29.65,29.64,29.65,300,2021-06-07 17:13:00,NOTV
29.665,29.7699,29.665,29.7699,377,2021-06-07 17:17:00,NOTV
29.6,29.6,29.6,29.6,100,2021-06-07 17:23:00,NOTV
29.68,29.68,29.68,29.68,100,2021-06-07 17:24:00,NOTV
29.61,29.61,29.52,29.52,1005,2021-06-07 17:27:00,NOTV
29.55,29.55,29.55,29.55,100,2021-06-07 17:28:00,NOTV
29.54,29.54,29.54,29.54,200,2021-06-07 17:29:00,NOTV
29.5,29.5,29.315,29.315,1297,2021-06-07 17:35:00,NOTV
29.43,29.65,29.43,29.65,3340,2021-06-07 17:37:00,NOTV
29.65,29.65,29.65,29.65,100,2021-06-07 17:38:00,NOTV
29.49,29.49,29.33,29.33,5597,2021-06-07 17:44:00,NOTV
29.41,29.41,29.41,29.41,400,2021-06-07 17:47:00,NOTV
29.22,29.22,29.22,29.22,100,2021-06-07 17:49:00,NOTV
29.4,29.4,29.4,29.4,100,2021-06-07 17:56:00,NOTV
29.23,29.23,29.23,29.23,100,2021-06-07 17:58:00,NOTV
29.2,29.2,29.2,29.2,100,2021-06-07 18:00:00,NOTV
29.21,29.21,29.21,29.21,100,2021-06-07 18:03:00,NOTV
29.22,29.22,29.21,29.21,417,2021-06-07 18:04:00,NOTV
29.01,29.03,28.9,28.91,3496,2021-06-07 18:09:00,NOTV
28.85,28.85,28.77,28.77,200,2021-06-07 18:10:00,NOTV
28.77,28.77,28.77,28.77,100,2021-06-07 18:13:00,NOTV
28.83,28.83,28.83,28.83,100,2021-06-07 18:15:00,NOTV
28.97,28.97,28.97,28.97,117,2021-06-07 18:16:00,NOTV
28.82,28.82,28.82,28.82,100,2021-06-07 18:18:00,NOTV
28.76,28.77,28.76,28.77,300,2021-06-07 18:19:00,NOTV
28.78,28.78,28.78,28.78,100,2021-06-07 18:20:00,NOTV
28.86,28.86,28.86,28.86,100,2021-06-07 18:21:00,NOTV
28.9,28.9,28.9,28.9,100,2021-06-07 18:24:00,NOTV
28.9849,28.9849,28.9849,28.9849,100,2021-06-07 18:26:00,NOTV
28.95,28.95,28.95,28.95,150,2021-06-07 18:29:00,NOTV
28.9013,28.9013,28.88,28.88,635,2021-06-07 18:30:00,NOTV
28.92,28.92,28.92,28.92,100,2021-06-07 18:39:00,NOTV
28.9781,28.9781,28.9781,28.9781,1000,2021-06-07 18:45:00,NOTV
28.55,28.55,28.55,28.55,100,2021-06-07 18:55:00,NOTV
28.761,28.7777,28.55,28.57,3800,2021-06-07 18:57:00,NOTV
28.72,28.78,28.57,28.78,2257,2021-06-07 19:00:00,NOTV
28.84,28.98,28.78,28.78,3682,2021-06-07 19:03:00,NOTV
29.0,29.0,28.87,28.87,1800,2021-06-07 19:04:00,NOTV
29.0,29.0,28.95,28.95,417,2021-06-07 19:08:00,NOTV
28.88,28.88,28.88,28.88,100,2021-06-07 19:11:00,NOTV
29.0,29.0,29.0,29.0,200,2021-06-07 19:15:00,NOTV
28.99,28.99,28.99,28.99,100,2021-06-07 19:18:00,NOTV
28.89,28.89,28.89,28.89,100,2021-06-07 19:22:00,NOTV
28.81,28.89,28.81,28.89,270,2021-06-07 19:26:00,NOTV
28.85,28.85,28.79,28.79,500,2021-06-07 19:28:00,NOTV
28.78,28.78,28.55,28.55,1818,2021-06-07 19:29:00,NOTV
28.39,28.39,28.39,28.39,920,2021-06-07 19:30:00,NOTV
28.48,28.52,28.39,28.39,500,2021-06-07 19:31:00,NOTV
28.51,28.53,28.51,28.53,600,2021-06-07 19:32:00,NOTV
28.54,28.64,28.37,28.37,3889,2021-06-07 19:33:00,NOTV
28.57,28.57,28.4675,28.4675,400,2021-06-07 19:34:00,NOTV
28.53,28.53,28.53,28.53,100,2021-06-07 19:35:00,NOTV
28.46,28.46,28.46,28.46,177,2021-06-07 19:36:00,NOTV
28.57,28.57,28.57,28.57,100,2021-06-07 19:37:00,NOTV
28.435,28.72,28.41,28.6674,800,2021-06-07 19:40:00,NOTV
28.41,28.41,28.23,28.23,917,2021-06-07 19:41:00,NOTV
28.21,28.21,28.18,28.2,434,2021-06-07 19:43:00,NOTV
28.29,28.29,28.225,28.225,200,2021-06-07 19:44:00,NOTV
28.11,28.185,28.11,28.185,200,2021-06-07 19:45:00,NOTV
28.2,28.2,28.11,28.11,277,2021-06-07 19:46:00,NOTV
28.24,28.26,28.18,28.18,800,2021-06-07 19:47:00,NOTV
28.21,28.325,28.21,28.325,300,2021-06-07 19:49:00,NOTV
28.43,28.43,28.43,28.43,100,2021-06-07 19:51:00,NOTV
28.35,28.38,28.34,28.38,400,2021-06-07 19:52:00,NOTV
28.26,28.46,28.26,28.46,380,2021-06-07 19:54:00,NOTV
28.295,28.295,28.24,28.24,917,2021-06-07 19:55:00,NOTV
28.25,28.25,28.14,28.14,200,2021-06-07 19:56:00,NOTV
28.12,28.26,28.12,28.26,332,2021-06-07 19:57:00,NOTV
28.185,28.25,28.185,28.22,401,2021-06-07 19:58:00,NOTV
28.26,28.325,28.26,28.31,449,2021-06-07 19:59:00,NOTV
28.32,28.32,28.32,28.32,2094,2021-06-07 20:00:00,NOTV
27.3,27.3,27.3,27.3,1230,2021-06-08 13:09:00,NOTV
29.05,29.05,29.05,29.05,100,2021-06-08 13:29:00,NOTV
28.08,28.08,28.08,28.08,2498,2021-06-08 13:30:00,NOTV
27.6268,27.6567,27.6205,27.6205,415,2021-06-08 13:31:00,NOTV
28.49,29.07,28.2997,29.07,1100,2021-06-08 13:32:00,NOTV
28.5,28.5,28.5,28.5,300,2021-06-08 13:43:00,NOTV
28.555,28.555,28.555,28.555,200,2021-06-08 13:44:00,NOTV
28.63,28.63,28.56,28.56,479,2021-06-08 13:47:00,NOTV
28.02,28.02,28.02,28.02,292,2021-06-08 13:52:00,NOTV
27.75,27.75,27.75,27.75,100,2021-06-08 13:56:00,NOTV
27.77,27.77,27.77,27.77,100,2021-06-08 13:58:00,NOTV
27.7894,27.7894,27.7894,27.7894,200,2021-06-08 13:59:00,NOTV
27.7,27.7,27.7,27.7,100,2021-06-08 14:01:00,NOTV
27.55,27.55,27.55,27.55,100,2021-06-08 14:03:00,NOTV
27.555,27.555,27.555,27.555,100,2021-06-08 14:04:00,NOTV
27.565,27.565,27.565,27.565,100,2021-06-08 14:07:00,NOTV
27.565,27.565,27.565,27.565,100,2021-06-08 14:08:00,NOTV
28.0,28.0,27.89,27.89,200,2021-06-08 14:09:00,NOTV
28.1937,28.1937,27.575,27.575,700,2021-06-08 14:17:00,NOTV
27.75,27.75,27.75,27.75,250,2021-06-08 14:24:00,NOTV
27.75,27.75,27.75,27.75,200,2021-06-08 14:25:00,NOTV
27.75,27.75,27.75,27.75,200,2021-06-08 14:27:00,NOTV
27.76,27.78,27.76,27.78,300,2021-06-08 14:31:00,NOTV
27.935,27.935,27.935,27.935,200,2021-06-08 14:35:00,NOTV
27.935,27.935,27.935,27.935,177,2021-06-08 14:36:00,NOTV
28.056,28.056,28.056,28.056,284,2021-06-08 14:37:00,NOTV
27.7976,27.7976,27.6,27.6,400,2021-06-08 14:40:00,NOTV
27.6,27.62,27.6,27.6,900,2021-06-08 14:43:00,NOTV
27.71,27.71,27.71,27.71,100,2021-06-08 14:45:00,NOTV
27.57,27.58,27.57,27.57,500,2021-06-08 14:54:00,NOTV
27.71,27.71,27.71,27.71,200,2021-06-08 14:59:00,NOTV
27.64,27.64,27.64,27.64,100,2021-06-08 15:01:00,NOTV
27.56,27.64,27.55,27.55,500,2021-06-08 15:05:00,NOTV
27.54,27.64,27.54,27.64,400,2021-06-08 15:08:00,NOTV
27.3,27.475,27.04,27.04,900,2021-06-08 15:15:00,NOTV
27.2413,27.2413,27.2413,27.2413,1000,2021-06-08 15:22:00,NOTV
27.15,27.17,27.045,27.045,1175,2021-06-08 15:29:00,NOTV
27.13,27.13,27.11,27.11,200,2021-06-08 15:30:00,NOTV
27.13,27.255,27.13,27.255,513,2021-06-08 15:31:00,NOTV
27.24,27.24,27.24,27.24,300,2021-06-08 15:35:00,NOTV
27.01,27.01,27.01,27.01,200,2021-06-08 15:37:00,NOTV
27.04,27.04,27.04,27.04,100,2021-06-08 15:38:00,NOTV
27.48,27.48,27.48,27.48,100,2021-06-08 15:44:00,NOTV
27.51,27.51,27.51,27.51,300,2021-06-08 15:45:00,NOTV
27.29,27.29,27.29,27.29,200,2021-06-08 15:46:00,NOTV
27.49,27.74,27.49,27.74,300,2021-06-08 15:54:00,NOTV
27.76,27.76,27.76,27.76,100,2021-06-08 15:55:00,NOTV
27.76,27.76,27.76,27.76,100,2021-06-08 15:56:00,NOTV
27.73,27.95,27.73,27.95,200,2021-06-08 16:02:00,NOTV
27.72,27.72,27.355,27.355,1700,2021-06-08 16:19:00,NOTV
27.31,27.31,27.31,27.31,100,2021-06-08 16:41:00,NOTV
27.45,27.49,27.155,27.155,1100,2021-06-08 16:52:00,NOTV
27.32,27.32,27.32,27.32,200,2021-06-08 16:54:00,NOTV
27.325,27.325,27.325,27.325,100,2021-06-08 16:57:00,NOTV
27.315,27.315,27.2,27.2,300,2021-06-08 17:02:00,NOTV
27.16,27.36,27.11,27.11,400,2021-06-08 17:03:00,NOTV
27.17,27.17,27.17,27.17,100,2021-06-08 17:07:00,NOTV
26.95,26.9939,26.68,26.68,1100,2021-06-08 17:19:00,NOTV
26.68,26.68,26.68,26.68,100,2021-06-08 17:23:00,NOTV
26.68,26.68,26.68,26.68,100,2021-06-08 17:28:00,NOTV
26.73,26.73,26.73,26.73,100,2021-06-08 17:29:00,NOTV
26.67,26.67,26.67,26.67,100,2021-06-08 17:30:00,NOTV
26.75,26.75,26.75,26.75,200,2021-06-08 17:32:00,NOTV
26.64,26.64,26.32,26.345,500,2021-06-08 17:34:00,NOTV
26.4128,26.4128,26.4128,26.4128,100,2021-06-08 17:38:00,NOTV
26.555,26.56,26.555,26.56,600,2021-06-08 17:48:00,NOTV
26.745,26.745,26.745,26.745,100,2021-06-08 17:49:00,NOTV
26.76,26.76,26.76,26.76,100,2021-06-08 17:50:00,NOTV
26.56,26.56,26.56,26.56,100,2021-06-08 17:51:00,NOTV
26.56,26.56,26.56,26.56,100,2021-06-08 17:54:00,NOTV
26.4,26.56,26.39,26.39,300,2021-06-08 17:55:00,NOTV
26.565,26.565,26.565,26.565,100,2021-06-08 17:58:00,NOTV
26.6,26.6,26.585,26.585,200,2021-06-08 18:01:00,NOTV
26.72,26.76,26.72,26.76,200,2021-06-08 18:02:00,NOTV
26.745,26.745,26.745,26.745,100,2021-06-08 18:03:00,NOTV
26.745,26.745,26.745,26.745,100,2021-06-08 18:05:00,NOTV
26.655,26.83,26.655,26.82,1200,2021-06-08 18:06:00,NOTV
26.87,26.91,26.81,26.81,600,2021-06-08 18:07:00,NOTV
26.865,26.91,26.865,26.91,735,2021-06-08 18:12:00,NOTV
26.91,26.91,26.81,26.81,400,2021-06-08 18:13:00,NOTV
26.8899,26.8899,26.8899,26.8899,241,2021-06-08 18:18:00,NOTV
26.81,26.81,26.81,26.81,200,2021-06-08 18:23:00,NOTV
26.81,26.81,26.81,26.81,455,2021-06-08 18:33:00,NOTV
26.905,26.905,26.905,26.905,100,2021-06-08 18:34:00,NOTV
26.9,26.9,26.9,26.9,200,2021-06-08 18:38:00,NOTV
26.8,26.91,26.605,26.63,1800,2021-06-08 18:39:00,NOTV
26.57,26.6,26.56,26.6,600,2021-06-08 18:40:00,NOTV
26.6499,26.6499,26.6499,26.6499,380,2021-06-08 18:42:00,NOTV
26.76,26.76,26.5694,26.5694,800,2021-06-08 18:45:00,NOTV
26.665,26.78,26.58,26.6,800,2021-06-08 18:46:00,NOTV
26.71,26.71,26.71,26.71,100,2021-06-08 18:53:00,NOTV
26.67,26.67,26.67,26.67,100,2021-06-08 19:00:00,NOTV
26.93,26.93,26.93,26.93,100,2021-06-08 19:04:00,NOTV
26.69,26.69,26.69,26.69,100,2021-06-08 19:05:00,NOTV
26.67,26.71,26.67,26.675,300,2021-06-08 19:06:00,NOTV
26.675,26.675,26.675,26.675,100,2021-06-08 19:07:00,NOTV
26.94,26.975,26.94,26.975,200,2021-06-08 19:10:00,NOTV
26.855,26.855,26.855,26.855,100,2021-06-08 19:11:00,NOTV
26.98,26.98,26.98,26.98,200,2021-06-08 19:12:00,NOTV
26.83,26.8805,26.81,26.81,500,2021-06-08 19:13:00,NOTV
26.815,26.98,26.815,26.98,300,2021-06-08 19:14:00,NOTV
26.825,27.0142,26.815,26.815,400,2021-06-08 19:15:00,NOTV
26.815,27.02,26.815,26.825,400,2021-06-08 19:16:00,NOTV
26.85,26.85,26.825,26.825,300,2021-06-08 19:17:00,NOTV
26.825,26.985,26.825,26.825,400,2021-06-08 19:18:00,NOTV
26.825,26.825,26.825,26.825,200,2021-06-08 19:19:00,NOTV
26.98,27.0715,26.82,27.0715,700,2021-06-08 19:20:00,NOTV
26.9,26.9357,26.835,26.835,900,2021-06-08 19:21:00,NOTV
26.83,26.84,26.83,26.84,400,2021-06-08 19:22:00,NOTV
26.84,26.84,26.84,26.84,200,2021-06-08 19:23:00,NOTV
26.8201,26.83,26.8201,26.83,600,2021-06-08 19:27:00,NOTV
26.9619,26.9619,26.755,26.755,707,2021-06-08 19:29:00,NOTV
26.71,26.71,26.6,26.6,200,2021-06-08 19:30:00,NOTV
26.5,26.5,26.5,26.5,100,2021-06-08 19:32:00,NOTV
26.44,26.49,26.44,26.465,400,2021-06-08 19:33:00,NOTV
26.41,26.46,26.41,26.46,200,2021-06-08 19:36:00,NOTV
26.525,26.525,26.525,26.525,100,2021-06-08 19:37:00,NOTV
26.58,26.58,26.45,26.45,300,2021-06-08 19:38:00,NOTV
26.6,26.695,26.6,26.695,505,2021-06-08 19:41:00,NOTV
26.695,26.695,26.695,26.695,100,2021-06-08 19:42:00,NOTV
26.695,26.695,26.6,26.6,200,2021-06-08 19:43:00,NOTV
26.6,26.68,26.6,26.68,400,2021-06-08 19:44:00,NOTV
26.68,26.68,26.64,26.68,500,2021-06-08 19:45:00,NOTV
26.67,26.67,26.64,26.67,300,2021-06-08 19:46:00,NOTV
26.635,26.635,26.635,26.635,100,2021-06-08 19:47:00,NOTV
26.615,26.615,26.59,26.59,200,2021-06-08 19:48:00,NOTV
26.6,26.63,26.59,26.61,628,2021-06-08 19:49:00,NOTV
26.6,26.6,26.6,26.6,100,2021-06-08 19:50:00,NOTV
26.6,26.69,26.6,26.61,400,2021-06-08 19:51:00,NOTV
26.51,26.545,26.4,26.4,600,2021-06-08 19:52:00,NOTV
26.415,26.415,26.4,26.4,200,2021-06-08 19:53:00,NOTV
26.405,26.42,26.405,26.42,200,2021-06-08 19:54:00,NOTV
26.425,26.435,26.425,26.435,400,2021-06-08 19:55:00,NOTV
26.52,26.62,26.425,26.62,700,2021-06-08 19:56:00,NOTV
26.425,26.63,26.425,26.61,1300,2021-06-08 19:57:00,NOTV
26.45,26.63,26.445,26.47,1200,2021-06-08 19:58:00,NOTV
26.49,26.78,26.49,26.78,1188,2021-06-08 19:59:00,NOTV
26.47,26.47,26.47,26.47,6260,2021-06-08 20:00:00,NOTV
26.78,26.96,26.2,26.96,2614,2021-06-09 13:30:00,NOTV
27.04,27.04,27.04,27.04,100,2021-06-09 13:37:00,NOTV
27.1012,27.22,27.1012,27.21,1716,2021-06-09 13:47:00,NOTV
27.57,27.57,27.22,27.22,350,2021-06-09 13:53:00,NOTV
27.31,27.31,27.31,27.31,100,2021-06-09 13:58:00,NOTV
26.78,26.78,26.78,26.78,100,2021-06-09 14:02:00,NOTV
27.27,27.27,27.27,27.27,100,2021-06-09 14:05:00,NOTV
27.3,27.6,27.3,27.6,564,2021-06-09 14:13:00,NOTV
27.55,27.55,27.55,27.55,200,2021-06-09 14:14:00,NOTV
27.455,27.455,27.455,27.455,100,2021-06-09 14:16:00,NOTV
27.63,27.63,27.63,27.63,100,2021-06-09 14:20:00,NOTV
27.85,27.85,27.84,27.84,769,2021-06-09 14:21:00,NOTV
28.209,28.209,28.209,28.209,108,2021-06-09 14:23:00,NOTV
28.1449,28.1449,27.461,27.461,285,2021-06-09 14:24:00,NOTV
28.2,28.2,28.2,28.2,100,2021-06-09 14:30:00,NOTV
28.2,28.49,28.19,28.49,827,2021-06-09 14:42:00,NOTV
28.4048,28.46,28.4048,28.46,380,2021-06-09 14:46:00,NOTV
28.37,28.4,28.37,28.37,500,2021-06-09 14:48:00,NOTV
28.17,28.17,28.17,28.17,100,2021-06-09 14:51:00,NOTV
28.17,28.36,28.17,28.36,251,2021-06-09 14:52:00,NOTV
28.35,28.35,28.35,28.35,900,2021-06-09 14:58:00,NOTV
28.3058,28.3058,28.3058,28.3058,100,2021-06-09 14:59:00,NOTV
28.35,28.35,28.35,28.35,100,2021-06-09 15:00:00,NOTV
28.35,28.35,28.35,28.35,508,2021-06-09 15:04:00,NOTV
28.35,28.35,28.31,28.31,1400,2021-06-09 15:05:00,NOTV
28.25,28.25,28.25,28.25,100,2021-06-09 15:06:00,NOTV
28.27,28.27,28.27,28.27,100,2021-06-09 15:07:00,NOTV
28.25,28.25,28.16,28.16,1168,2021-06-09 15:13:00,NOTV
28.35,28.35,28.35,28.35,100,2021-06-09 15:14:00,NOTV
28.19,28.19,28.17,28.18,400,2021-06-09 15:16:00,NOTV
28.0317,28.16,28.0317,28.16,200,2021-06-09 15:18:00,NOTV
28.1087,28.1087,28.1087,28.1087,500,2021-06-09 15:22:00,NOTV
28.2,28.2,28.2,28.2,100,2021-06-09 15:23:00,NOTV
28.2,28.2,28.2,28.2,100,2021-06-09 15:25:00,NOTV
28.2,28.2,28.17,28.2,500,2021-06-09 15:27:00,NOTV
28.0606,28.13,28.0606,28.13,200,2021-06-09 15:31:00,NOTV
28.16,28.16,28.12,28.12,272,2021-06-09 15:32:00,NOTV
28.12,28.12,28.12,28.12,1200,2021-06-09 15:36:00,NOTV
28.16,28.16,28.16,28.16,100,2021-06-09 15:39:00,NOTV
28.2,28.2,28.2,28.2,100,2021-06-09 15:40:00,NOTV
28.2,28.2,28.2,28.2,100,2021-06-09 15:44:00,NOTV
28.2,28.2,28.2,28.2,401,2021-06-09 15:45:00,NOTV
28.24,28.29,28.24,28.29,200,2021-06-09 15:46:00,NOTV
28.37,28.4,28.295,28.4,300,2021-06-09 15:48:00,NOTV
28.18,28.18,28.18,28.18,200,2021-06-09 15:52:00,NOTV
28.22,28.22,28.22,28.22,100,2021-06-09 15:53:00,NOTV
28.23,28.23,28.23,28.23,200,2021-06-09 16:07:00,NOTV
28.22,28.25,28.095,28.25,1351,2021-06-09 16:08:00,NOTV
28.1,28.1,28.1,28.1,1275,2021-06-09 16:11:00,NOTV
28.19,28.2,28.19,28.2,3849,2021-06-09 16:21:00,NOTV
28.4,28.4,28.4,28.4,444,2021-06-09 16:41:00,NOTV
28.58,28.595,28.58,28.595,200,2021-06-09 16:49:00,NOTV
28.56,28.65,28.56,28.65,200,2021-06-09 17:04:00,NOTV
28.49,28.49,28.49,28.49,297,2021-06-09 17:05:00,NOTV
28.7008,28.7008,28.7008,28.7008,174,2021-06-09 17:07:00,NOTV
28.64,28.64,28.58,28.58,400,2021-06-09 17:13:00,NOTV
28.5355,28.5355,28.5355,28.5355,500,2021-06-09 17:15:00,NOTV
28.65,28.65,28.65,28.65,700,2021-06-09 17:18:00,NOTV
28.56,28.56,28.545,28.545,315,2021-06-09 17:19:00,NOTV
28.5432,28.5432,28.5432,28.5432,410,2021-06-09 17:22:00,NOTV
28.505,28.565,28.49,28.49,525,2021-06-09 17:23:00,NOTV
28.45,28.45,28.45,28.45,200,2021-06-09 17:27:00,NOTV
28.5811,28.5811,28.5811,28.5811,100,2021-06-09 17:29:00,NOTV
28.54,28.54,28.54,28.54,100,2021-06-09 17:36:00,NOTV
28.49,28.49,28.49,28.49,200,2021-06-09 17:42:00,NOTV
28.57,28.57,28.57,28.57,100,2021-06-09 17:45:00,NOTV
28.48,28.48,28.48,28.48,100,2021-06-09 17:50:00,NOTV
28.525,28.59,28.525,28.59,300,2021-06-09 17:54:00,NOTV
28.39,28.39,28.39,28.39,321,2021-06-09 18:08:00,NOTV
28.53,28.53,28.53,28.53,100,2021-06-09 18:09:00,NOTV
28.51,28.51,28.51,28.51,100,2021-06-09 18:19:00,NOTV
28.5,28.5,28.5,28.5,200,2021-06-09 18:23:00,NOTV
28.48,28.5,28.48,28.5,592,2021-06-09 18:27:00,NOTV
28.49,28.5,28.49,28.5,399,2021-06-09 18:42:00,NOTV
28.49,28.49,28.49,28.49,100,2021-06-09 18:44:00,NOTV
28.41,28.41,28.41,28.41,100,2021-06-09 18:52:00,NOTV
28.47,28.47,28.47,28.47,100,2021-06-09 18:53:00,NOTV
28.23,28.23,28.23,28.23,100,2021-06-09 19:10:00,NOTV
28.47,28.47,28.47,28.47,100,2021-06-09 19:11:00,NOTV
28.2165,28.2165,28.2165,28.2165,100,2021-06-09 19:15:00,NOTV
28.35,28.52,28.35,28.52,500,2021-06-09 19:18:00,NOTV
28.4,28.4,28.4,28.4,100,2021-06-09 19:22:00,NOTV
28.4,28.4,28.4,28.4,100,2021-06-09 19:24:00,NOTV
28.49,28.49,28.49,28.49,200,2021-06-09 19:28:00,NOTV
28.45,28.45,28.45,28.45,100,2021-06-09 19:31:00,NOTV
28.54,28.54,28.54,28.54,298,2021-06-09 19:32:00,NOTV
28.51,28.51,28.49,28.49,300,2021-06-09 19:33:00,NOTV
28.51,28.51,28.48,28.48,400,2021-06-09 19:34:00,NOTV
28.51,28.51,28.51,28.51,200,2021-06-09 19:35:00,NOTV
28.37,28.37,28.37,28.37,100,2021-06-09 19:36:00,NOTV
28.27,28.27,28.27,28.27,100,2021-06-09 19:39:00,NOTV
28.43,28.43,28.43,28.43,197,2021-06-09 19:44:00,NOTV
28.51,28.51,28.51,28.51,100,2021-06-09 19:45:00,NOTV
28.47,28.52,28.47,28.47,400,2021-06-09 19:47:00,NOTV
28.55,28.55,28.55,28.55,104,2021-06-09 19:49:00,NOTV
28.4653,28.4653,28.4653,28.4653,100,2021-06-09 19:53:00,NOTV
28.45,28.48,28.45,28.47,600,2021-06-09 19:54:00,NOTV
28.5,28.5,28.45,28.45,484,2021-06-09 19:55:00,NOTV
28.5,28.5,28.5,28.5,100,2021-06-09 19:56:00,NOTV
28.52,28.52,28.52,28.52,300,2021-06-09 19:57:00,NOTV
28.51,28.55,28.51,28.54,1350,2021-06-09 19:59:00,NOTV
28.36,28.36,28.36,28.36,2199,2021-06-09 20:00:00,NOTV
28.59,28.59,28.15,28.15,613,2021-06-10 13:30:00,NOTV
29.1302,29.1302,29.1302,29.1302,169,2021-06-10 13:37:00,NOTV
29.0,29.0,29.0,29.0,100,2021-06-10 13:38:00,NOTV
29.0,29.0,29.0,29.0,100,2021-06-10 13:42:00,NOTV
29.0,29.0,29.0,29.0,100,2021-06-10 13:44:00,NOTV
28.9,29.0,28.9,29.0,941,2021-06-10 13:45:00,NOTV
29.0,29.0,29.0,29.0,100,2021-06-10 13:47:00,NOTV
29.0,29.0,29.0,29.0,100,2021-06-10 13:51:00,NOTV
29.0,29.0,28.9786,28.9786,270,2021-06-10 13:55:00,NOTV
29.0,29.0,29.0,29.0,100,2021-06-10 13:59:00,NOTV
28.91,29.0,28.82,29.0,1081,2021-06-10 14:02:00,NOTV
28.8201,28.8201,28.8201,28.8201,800,2021-06-10 14:03:00,NOTV
29.15,29.15,29.12,29.15,800,2021-06-10 14:06:00,NOTV
29.15,29.15,29.15,29.15,100,2021-06-10 14:11:00,NOTV
28.99,28.99,28.99,28.99,100,2021-06-10 14:12:00,NOTV
28.99,29.045,28.99,29.045,400,2021-06-10 14:13:00,NOTV
28.97,29.0,28.97,29.0,540,2021-06-10 14:14:00,NOTV
28.84,29.0,28.84,29.0,1100,2021-06-10 14:18:00,NOTV
29.0,29.06,29.0,29.0,959,2021-06-10 14:28:00,NOTV
29.0,29.0,29.0,29.0,100,2021-06-10 14:30:00,NOTV
29.0,29.0,29.0,29.0,473,2021-06-10 14:34:00,NOTV
29.05,29.05,29.05,29.05,600,2021-06-10 14:35:00,NOTV
29.15,29.24,29.15,29.24,659,2021-06-10 14:36:00,NOTV
29.13,29.13,29.13,29.13,200,2021-06-10 14:37:00,NOTV
29.05,29.05,29.05,29.05,300,2021-06-10 14:41:00,NOTV
29.0,29.0,29.0,29.0,100,2021-06-10 14:45:00,NOTV
29.0,29.0,29.0,29.0,100,2021-06-10 14:49:00,NOTV
28.7259,28.7259,28.7259,28.7259,200,2021-06-10 14:51:00,NOTV
28.7,28.7,28.7,28.7,750,2021-06-10 14:53:00,NOTV
29.04,29.04,29.04,29.04,100,2021-06-10 14:54:00,NOTV
29.01,29.05,28.895,29.05,2574,2021-06-10 14:55:00,NOTV
29.05,29.1,29.05,29.1,2469,2021-06-10 14:56:00,NOTV
29.07,29.07,29.0,29.035,1176,2021-06-10 14:57:00,NOTV
29.0,29.0,29.0,29.0,200,2021-06-10 15:00:00,NOTV
29.08,29.08,29.08,29.08,100,2021-06-10 15:06:00,NOTV
29.08,29.08,29.08,29.08,100,2021-06-10 15:08:00,NOTV
29.1,29.1,29.1,29.1,100,2021-06-10 15:11:00,NOTV
29.1,29.1,29.1,29.1,100,2021-06-10 15:12:00,NOTV
29.015,29.1,29.015,29.1,1110,2021-06-10 15:13:00,NOTV
29.1,29.1,29.1,29.1,100,2021-06-10 15:16:00,NOTV
29.09,29.09,29.06,29.06,240,2021-06-10 15:17:00,NOTV
29.1,29.1,29.1,29.1,200,2021-06-10 15:27:00,NOTV
29.03,29.03,29.03,29.03,350,2021-06-10 15:29:00,NOTV
29.04,29.04,29.03,29.03,2869,2021-06-10 15:30:00,NOTV
29.0,29.0,28.97,28.97,600,2021-06-10 15:32:00,NOTV
28.945,28.945,28.945,28.945,200,2021-06-10 15:35:00,NOTV
28.93,28.93,28.93,28.93,352,2021-06-10 15:39:00,NOTV
29.0,29.02,28.99,29.0,900,2021-06-10 15:40:00,NOTV
29.1,29.1,29.1,29.1,200,2021-06-10 15:45:00,NOTV
29.0401,29.0401,29.0401,29.0401,500,2021-06-10 15:46:00,NOTV
29.05,29.05,29.01,29.01,760,2021-06-10 15:48:00,NOTV
29.029,29.029,29.029,29.029,300,2021-06-10 15:49:00,NOTV
29.0,29.0,29.0,29.0,200,2021-06-10 15:51:00,NOTV
28.995,28.995,28.93,28.9306,3100,2021-06-10 15:56:00,NOTV
28.99,29.0,28.99,29.0,200,2021-06-10 16:01:00,NOTV
28.965,28.965,28.93,28.93,200,2021-06-10 16:05:00,NOTV
29.02,29.05,29.0,29.005,1100,2021-06-10 16:20:00,NOTV
29.0,29.0,29.0,29.0,200,2021-06-10 16:24:00,NOTV
29.0,29.0,29.0,29.0,106,2021-06-10 16:25:00,NOTV
29.0,29.0,29.0,29.0,200,2021-06-10 16:26:00,NOTV
28.97,28.985,28.93,28.985,978,2021-06-10 16:27:00,NOTV
28.93,28.93,28.93,28.93,1362,2021-06-10 16:29:00,NOTV
28.755,28.755,28.755,28.755,177,2021-06-10 16:44:00,NOTV
28.94,28.94,28.94,28.94,100,2021-06-10 16:48:00,NOTV
28.94,28.94,28.94,28.94,100,2021-06-10 16:49:00,NOTV
28.94,28.94,28.94,28.94,100,2021-06-10 16:54:00,NOTV
28.94,28.94,28.94,28.94,100,2021-06-10 16:55:00,NOTV
29.0,29.05,29.0,29.05,825,2021-06-10 16:56:00,NOTV
29.04,29.05,29.04,29.05,200,2021-06-10 17:00:00,NOTV
29.05,29.05,29.05,29.05,300,2021-06-10 17:05:00,NOTV
29.05,29.05,29.0,29.0,1242,2021-06-10 17:06:00,NOTV
29.0,29.05,29.0,29.05,200,2021-06-10 17:07:00,NOTV
29.05,29.05,29.05,29.05,100,2021-06-10 17:11:00,NOTV
29.05,29.05,29.05,29.05,100,2021-06-10 17:12:00,NOTV
29.05,29.05,29.05,29.05,100,2021-06-10 17:13:00,NOTV
29.05,29.1,29.05,29.09,796,2021-06-10 17:15:00,NOTV
29.07,29.07,29.07,29.07,100,2021-06-10 17:17:00,NOTV
29.1,29.1,29.07,29.07,200,2021-06-10 17:19:00,NOTV
29.05,29.05,28.99,28.99,806,2021-06-10 17:20:00,NOTV
28.84,28.84,28.84,28.84,2000,2021-06-10 17:39:00,NOTV
28.95,28.95,28.95,28.95,100,2021-06-10 17:41:00,NOTV
28.95,29.0,28.94,29.0,1100,2021-06-10 17:44:00,NOTV
29.1,29.1,29.1,29.1,100,2021-06-10 17:47:00,NOTV
29.1,29.1,29.1,29.1,496,2021-06-10 17:50:00,NOTV
29.1,29.1,29.1,29.1,400,2021-06-10 17:51:00,NOTV
29.1,29.1,29.02,29.02,780,2021-06-10 17:54:00,NOTV
28.97,28.97,28.97,28.97,100,2021-06-10 17:58:00,NOTV
28.96,28.96,28.96,28.96,100,2021-06-10 17:59:00,NOTV
28.99,28.99,28.99,28.99,100,2021-06-10 18:01:00,NOTV
28.98,29.0,28.98,29.0,200,2021-06-10 18:07:00,NOTV
28.94,28.94,28.94,28.94,100,2021-06-10 18:09:00,NOTV
28.965,28.965,28.9602,28.9602,200,2021-06-10 18:11:00,NOTV
28.93,28.93,28.93,28.93,327,2021-06-10 18:12:00,NOTV
28.94,28.95,28.92,28.95,400,2021-06-10 18:23:00,NOTV
29.1,29.1,29.1,29.1,100,2021-06-10 18:24:00,NOTV
29.0,29.0,28.99,29.0,1100,2021-06-10 18:26:00,NOTV
29.0,29.0,29.0,29.0,100,2021-06-10 18:27:00,NOTV
29.0,29.12,29.0,29.12,300,2021-06-10 18:29:00,NOTV
29.13,29.13,29.13,29.13,100,2021-06-10 18:34:00,NOTV
29.14,29.14,29.14,29.14,100,2021-06-10 18:39:00,NOTV
29.14,29.14,29.14,29.14,100,2021-06-10 18:41:00,NOTV
29.01,29.02,29.0,29.0,1983,2021-06-10 18:43:00,NOTV
29.0,29.0,29.0,29.0,191,2021-06-10 19:03:00,NOTV
29.0,29.0,29.0,29.0,420,2021-06-10 19:05:00,NOTV
29.0,29.0,29.0,29.0,400,2021-06-10 19:11:00,NOTV
28.97,28.97,28.97,28.97,200,2021-06-10 19:13:00,NOTV
28.97,29.04,28.97,29.04,200,2021-06-10 19:15:00,NOTV
29.05,29.12,29.05,29.07,1391,2021-06-10 19:17:00,NOTV
29.07,29.08,28.98,28.98,1435,2021-06-10 19:18:00,NOTV
28.93,28.93,28.93,28.93,100,2021-06-10 19:32:00,NOTV
28.95,28.95,28.95,28.95,100,2021-06-10 19:35:00,NOTV
29.05,29.05,29.03,29.05,694,2021-06-10 19:38:00,NOTV
29.0,29.0,29.0,29.0,100,2021-06-10 19:39:00,NOTV
29.0,29.05,29.0,29.05,400,2021-06-10 19:40:00,NOTV
29.05,29.05,29.05,29.05,784,2021-06-10 19:41:00,NOTV
29.05,29.05,29.05,29.05,400,2021-06-10 19:42:00,NOTV
29.05,29.05,29.01,29.01,1394,2021-06-10 19:43:00,NOTV
28.98,29.03,28.91,29.03,1300,2021-06-10 19:44:00,NOTV
28.99,29.0,28.99,29.0,200,2021-06-10 19:46:00,NOTV
29.0,29.0,29.0,29.0,587,2021-06-10 19:47:00,NOTV
28.99,29.0,28.99,29.0,200,2021-06-10 19:48:00,NOTV
29.0,29.0,29.0,29.0,300,2021-06-10 19:49:00,NOTV
29.0,29.0,29.0,29.0,431,2021-06-10 19:50:00,NOTV
29.0,29.0,29.0,29.0,300,2021-06-10 19:51:00,NOTV
29.0,29.0,28.925,29.0,500,2021-06-10 19:52:00,NOTV
29.0,29.0,28.99,28.99,700,2021-06-10 19:53:00,NOTV
28.99,29.0,28.99,29.0,500,2021-06-10 19:54:00,NOTV
28.925,29.0,28.87,29.0,731,2021-06-10 19:55:00,NOTV
29.0,29.0,28.85,28.85,843,2021-06-10 19:56:00,NOTV
28.9438,29.0,28.9438,29.0,1371,2021-06-10 19:57:00,NOTV
28.925,29.0,28.925,29.0,400,2021-06-10 19:58:00,NOTV
29.0,29.0,28.99,29.0,1186,2021-06-10 19:59:00,NOTV
29.0,29.0,29.0,29.0,5124,2021-06-10 20:00:00,NOTV
29.19,29.19,29.19,29.19,753,2021-06-11 13:30:00,NOTV
29.205,29.205,29.205,29.205,3005,2021-06-11 13:51:00,NOTV
29.42,29.42,29.42,29.42,100,2021-06-11 13:55:00,NOTV
29.34,29.42,29.3,29.3,440,2021-06-11 13:57:00,NOTV
29.11,29.11,28.79,28.79,600,2021-06-11 13:58:00,NOTV
29.39,29.43,28.985,28.985,994,2021-06-11 14:00:00,NOTV
29.475,29.475,29.475,29.475,100,2021-06-11 14:12:00,NOTV
29.3,29.3,29.3,29.3,100,2021-06-11 14:14:00,NOTV
29.24,29.24,29.24,29.24,100,2021-06-11 14:17:00,NOTV
29.1335,29.1335,29.1335,29.1335,200,2021-06-11 14:19:00,NOTV
29.13,29.13,29.09,29.09,1829,2021-06-11 14:23:00,NOTV
28.9,28.94,28.9,28.94,400,2021-06-11 14:47:00,NOTV
29.0,29.0,28.8506,28.8506,1000,2021-06-11 14:52:00,NOTV
28.8533,28.8533,28.8533,28.8533,170,2021-06-11 15:02:00,NOTV
28.83,28.83,28.83,28.83,750,2021-06-11 15:04:00,NOTV
28.96,28.9962,28.96,28.9962,200,2021-06-11 15:23:00,NOTV
29.0,29.0,29.0,29.0,100,2021-06-11 15:24:00,NOTV
29.12,29.12,29.12,29.12,300,2021-06-11 15:28:00,NOTV
29.11,29.11,29.11,29.11,400,2021-06-11 15:29:00,NOTV
29.12,29.12,29.12,29.12,1800,2021-06-11 15:31:00,NOTV
29.15,29.15,29.01,29.13,1200,2021-06-11 15:40:00,NOTV
29.0,29.14,28.97,29.14,497,2021-06-11 15:41:00,NOTV
28.835,29.12,28.79,29.12,400,2021-06-11 15:42:00,NOTV
29.1,29.1,29.1,29.1,100,2021-06-11 15:56:00,NOTV
28.9905,29.0,28.9905,29.0,200,2021-06-11 15:58:00,NOTV
28.88,28.88,28.88,28.88,200,2021-06-11 16:03:00,NOTV
29.13,29.13,29.13,29.13,100,2021-06-11 16:05:00,NOTV
29.155,29.155,29.075,29.075,300,2021-06-11 16:14:00,NOTV
29.2,29.2,29.2,29.2,100,2021-06-11 16:18:00,NOTV
29.13,29.13,29.13,29.13,100,2021-06-11 16:26:00,NOTV
29.1,29.1,29.1,29.1,500,2021-06-11 16:34:00,NOTV
29.23,29.23,29.23,29.23,100,2021-06-11 16:38:00,NOTV
29.1,29.1,29.07,29.07,200,2021-06-11 16:41:00,NOTV
29.06,29.06,29.06,29.06,100,2021-06-11 16:45:00,NOTV
29.0,29.0,29.0,29.0,1286,2021-06-11 16:49:00,NOTV
29.0,29.0,29.0,29.0,100,2021-06-11 16:53:00,NOTV
29.0,29.035,29.0,29.035,1312,2021-06-11 17:00:00,NOTV
29.035,29.035,29.01,29.01,200,2021-06-11 17:02:00,NOTV
28.92,28.92,28.87,28.87,400,2021-06-11 17:03:00,NOTV
28.87,28.87,28.87,28.87,300,2021-06-11 17:09:00,NOTV
29.0,29.0,28.965,28.965,300,2021-06-11 17:10:00,NOTV
29.0,29.0,29.0,29.0,100,2021-06-11 17:11:00,NOTV
29.0,29.0,29.0,29.0,400,2021-06-11 17:15:00,NOTV
28.9,28.9,28.9,28.9,100,2021-06-11 17:16:00,NOTV
28.87,29.0,28.87,29.0,1605,2021-06-11 17:33:00,NOTV
28.99,28.99,28.99,28.99,100,2021-06-11 17:43:00,NOTV
28.89,28.89,28.89,28.89,100,2021-06-11 17:46:00,NOTV
28.89,28.89,28.89,28.89,100,2021-06-11 17:47:00,NOTV
28.935,28.935,28.935,28.935,100,2021-06-11 17:56:00,NOTV
29.0,29.0,28.985,28.985,400,2021-06-11 17:59:00,NOTV
29.035,29.035,29.02,29.02,401,2021-06-11 18:03:00,NOTV
29.015,29.015,29.015,29.015,400,2021-06-11 18:04:00,NOTV
28.94,28.94,28.94,28.94,400,2021-06-11 18:05:00,NOTV
28.92,28.92,28.92,28.92,200,2021-06-11 18:15:00,NOTV
28.935,28.935,28.935,28.935,300,2021-06-11 18:31:00,NOTV
29.0,29.0,29.0,29.0,100,2021-06-11 18:37:00,NOTV
28.935,28.935,28.935,28.935,100,2021-06-11 18:41:00,NOTV
29.0,29.015,29.0,29.0,1006,2021-06-11 18:42:00,NOTV
29.0,29.0,29.0,29.0,100,2021-06-11 18:45:00,NOTV
29.0,29.0,29.0,29.0,100,2021-06-11 18:49:00,NOTV
28.975,29.05,28.975,29.05,1262,2021-06-11 18:50:00,NOTV
29.05,29.05,29.05,29.05,100,2021-06-11 18:51:00,NOTV
29.1,29.1,29.05,29.05,200,2021-06-11 18:53:00,NOTV
29.03,29.03,28.995,28.995,2030,2021-06-11 18:54:00,NOTV
28.87,28.95,28.87,28.95,200,2021-06-11 18:56:00,NOTV
29.04,29.04,29.04,29.04,100,2021-06-11 19:00:00,NOTV
29.0,29.0,29.0,29.0,100,2021-06-11 19:04:00,NOTV
29.05,29.05,28.975,28.975,600,2021-06-11 19:09:00,NOTV
28.95,28.95,28.95,28.95,200,2021-06-11 19:11:00,NOTV
28.95,28.95,28.95,28.95,100,2021-06-11 19:12:00,NOTV
28.9,28.93,28.9,28.93,700,2021-06-11 19:13:00,NOTV
28.94,28.995,28.94,28.995,200,2021-06-11 19:15:00,NOTV
28.93,28.93,28.93,28.93,200,2021-06-11 19:18:00,NOTV
28.9786,28.9786,28.9786,28.9786,100,2021-06-11 19:19:00,NOTV
28.935,28.935,28.935,28.935,200,2021-06-11 19:27:00,NOTV
28.935,28.935,28.935,28.935,100,2021-06-11 19:31:00,NOTV
28.9,28.9,28.9,28.9,100,2021-06-11 19:32:00,NOTV
29.0,29.0,29.0,29.0,100,2021-06-11 19:34:00,NOTV
29.0,29.0,28.9,28.9,959,2021-06-11 19:38:00,NOTV
28.95,28.95,28.939,28.939,350,2021-06-11 19:39:00,NOTV
28.92,28.94,28.9,28.9,848,2021-06-11 19:41:00,NOTV
28.89,28.89,28.89,28.89,100,2021-06-11 19:42:00,NOTV
28.86,28.86,28.86,28.86,200,2021-06-11 19:44:00,NOTV
28.87,28.87,28.83,28.83,500,2021-06-11 19:49:00,NOTV
28.92,28.92,28.92,28.92,100,2021-06-11 19:51:00,NOTV
29.0,29.0,28.92,28.92,200,2021-06-11 19:52:00,NOTV
29.0,29.0,29.0,29.0,100,2021-06-11 19:53:00,NOTV
28.93,28.93,28.93,28.93,200,2021-06-11 19:54:00,NOTV
28.99,28.99,28.99,28.99,100,2021-06-11 19:55:00,NOTV
29.0,29.0,28.94,29.0,2284,2021-06-11 19:56:00,NOTV
29.0,29.0,28.955,29.0,600,2021-06-11 19:57:00,NOTV
28.94,28.94,28.94,28.94,200,2021-06-11 19:58:00,NOTV
28.99,28.99,28.99,28.99,300,2021-06-11 19:59:00,NOTV
28.92,28.92,28.92,28.92,3584,2021-06-11 20:00:00,NOTV
29.17,29.17,28.94,28.94,766,2021-06-14 13:30:00,NOTV
29.64,29.66,29.5,29.505,908,2021-06-14 13:39:00,NOTV
29.5,29.5,29.5,29.5,100,2021-06-14 13:43:00,NOTV
29.5,29.5,29.5,29.5,100,2021-06-14 13:44:00,NOTV
29.23,29.23,29.23,29.23,100,2021-06-14 13:45:00,NOTV
29.48,29.48,29.48,29.48,100,2021-06-14 13:47:00,NOTV
29.51,29.55,29.49,29.5,1500,2021-06-14 13:49:00,NOTV
29.5,29.5,29.5,29.5,100,2021-06-14 13:50:00,NOTV
29.3801,29.3801,29.3801,29.3801,550,2021-06-14 13:51:00,NOTV
29.59,29.59,29.59,29.59,100,2021-06-14 13:53:00,NOTV
29.61,29.61,29.5,29.5,200,2021-06-14 13:56:00,NOTV
29.5,29.5,29.5,29.5,600,2021-06-14 13:57:00,NOTV
29.5,29.5,29.5,29.5,400,2021-06-14 13:58:00,NOTV
29.57,29.57,29.57,29.57,100,2021-06-14 14:01:00,NOTV
29.53,29.53,29.53,29.53,100,2021-06-14 14:02:00,NOTV
29.55,29.82,29.55,29.82,980,2021-06-14 14:03:00,NOTV
29.8,29.8,29.8,29.8,200,2021-06-14 14:04:00,NOTV
29.81,29.81,29.81,29.81,100,2021-06-14 14:06:00,NOTV
29.67,29.67,29.67,29.67,200,2021-06-14 14:09:00,NOTV
29.67,29.67,29.67,29.67,200,2021-06-14 14:11:00,NOTV
29.67,29.67,29.67,29.67,100,2021-06-14 14:13:00,NOTV
29.61,29.61,29.47,29.61,300,2021-06-14 14:14:00,NOTV
29.61,29.61,29.61,29.61,200,2021-06-14 14:15:00,NOTV
29.64,29.64,29.64,29.64,100,2021-06-14 14:16:00,NOTV
29.64,29.64,29.64,29.64,300,2021-06-14 14:17:00,NOTV
29.65,29.75,29.6,29.6,890,2021-06-14 14:18:00,NOTV
29.65,29.65,29.65,29.65,100,2021-06-14 14:20:00,NOTV
29.655,29.655,29.655,29.655,100,2021-06-14 14:21:00,NOTV
29.655,29.7,29.655,29.7,200,2021-06-14 14:23:00,NOTV
29.7,29.7,29.7,29.7,200,2021-06-14 14:24:00,NOTV
29.66,29.75,29.66,29.75,510,2021-06-14 14:25:00,NOTV
29.75,29.85,29.75,29.85,3180,2021-06-14 14:28:00,NOTV
29.8,29.825,29.67,29.67,600,2021-06-14 14:30:00,NOTV
29.77,29.77,29.77,29.77,100,2021-06-14 14:31:00,NOTV
29.65,29.65,29.65,29.65,100,2021-06-14 14:35:00,NOTV
29.74,29.75,29.605,29.75,400,2021-06-14 14:40:00,NOTV
29.67,29.67,29.6,29.6,800,2021-06-14 14:41:00,NOTV
29.5,29.5,29.5,29.5,100,2021-06-14 14:44:00,NOTV
29.495,29.495,29.4919,29.4919,700,2021-06-14 14:46:00,NOTV
29.49,29.49,29.44,29.44,400,2021-06-14 14:47:00,NOTV
29.39,29.44,29.39,29.44,200,2021-06-14 14:49:00,NOTV
29.435,29.435,29.435,29.435,100,2021-06-14 14:50:00,NOTV
29.435,29.435,29.435,29.435,1200,2021-06-14 14:51:00,NOTV
29.435,29.555,29.435,29.51,700,2021-06-14 14:52:00,NOTV
29.45,29.45,29.445,29.445,200,2021-06-14 14:53:00,NOTV
29.4,29.4,29.01,29.01,500,2021-06-14 14:54:00,NOTV
29.29,29.29,29.29,29.29,100,2021-06-14 15:03:00,NOTV
28.77,29.0897,28.77,29.0897,925,2021-06-14 15:05:00,NOTV
29.06,29.06,29.06,29.06,300,2021-06-14 15:07:00,NOTV
29.07,29.075,29.07,29.075,400,2021-06-14 15:08:00,NOTV
29.075,29.075,29.075,29.075,300,2021-06-14 15:09:00,NOTV
29.075,29.12,29.075,29.12,300,2021-06-14 15:11:00,NOTV
29.075,29.075,28.92,29.045,1142,2021-06-14 15:12:00,NOTV
29.08,29.08,29.0,29.0,300,2021-06-14 15:14:00,NOTV
29.03,29.03,29.03,29.03,100,2021-06-14 15:16:00,NOTV
29.03,29.03,29.03,29.03,100,2021-06-14 15:17:00,NOTV
28.97,29.09,28.945,29.09,484,2021-06-14 15:18:00,NOTV
29.085,29.085,29.085,29.085,200,2021-06-14 15:19:00,NOTV
29.085,29.085,29.085,29.085,100,2021-06-14 15:20:00,NOTV
29.115,29.22,29.115,29.22,200,2021-06-14 15:21:00,NOTV
29.22,29.22,29.22,29.22,200,2021-06-14 15:22:00,NOTV
29.2358,29.2358,29.2358,29.2358,100,2021-06-14 15:23:00,NOTV
29.2,29.23,29.1,29.23,2500,2021-06-14 15:24:00,NOTV
29.175,29.175,29.175,29.175,300,2021-06-14 15:27:00,NOTV
29.175,29.175,29.175,29.175,100,2021-06-14 15:28:00,NOTV
29.33,29.34,29.175,29.185,400,2021-06-14 15:29:00,NOTV
29.205,29.205,29.07,29.07,200,2021-06-14 15:30:00,NOTV
29.21,29.21,29.21,29.21,100,2021-06-14 15:31:00,NOTV
29.21,29.21,29.21,29.21,100,2021-06-14 15:32:00,NOTV
29.185,29.185,29.185,29.185,200,2021-06-14 15:34:00,NOTV
29.185,29.185,29.185,29.185,100,2021-06-14 15:35:00,NOTV
29.185,29.185,29.185,29.185,100,2021-06-14 15:36:00,NOTV
29.185,29.185,29.185,29.185,100,2021-06-14 15:37:00,NOTV
29.185,29.185,29.185,29.185,100,2021-06-14 15:39:00,NOTV
29.185,29.185,29.185,29.185,100,2021-06-14 15:40:00,NOTV
29.185,29.185,29.185,29.185,300,2021-06-14 15:41:00,NOTV
29.185,29.185,29.12,29.12,340,2021-06-14 15:42:00,NOTV
29.175,29.175,29.175,29.175,100,2021-06-14 15:44:00,NOTV
29.175,29.175,29.175,29.175,200,2021-06-14 15:46:00,NOTV
29.095,29.175,29.095,29.175,600,2021-06-14 15:47:00,NOTV
29.08,29.08,29.08,29.08,147,2021-06-14 15:48:00,NOTV
29.175,29.175,29.175,29.175,200,2021-06-14 15:49:00,NOTV
29.175,29.175,29.175,29.175,200,2021-06-14 15:51:00,NOTV
29.175,29.28,29.175,29.175,400,2021-06-14 15:52:00,NOTV
29.175,29.175,29.175,29.175,200,2021-06-14 15:53:00,NOTV
29.15,29.185,29.04,29.185,2798,2021-06-14 15:56:00,NOTV
29.18,29.18,29.18,29.18,100,2021-06-14 15:58:00,NOTV
29.18,29.18,29.18,29.18,100,2021-06-14 15:59:00,NOTV
29.18,29.18,29.18,29.18,100,2021-06-14 16:00:00,NOTV
29.18,29.18,29.18,29.18,100,2021-06-14 16:01:00,NOTV
29.18,29.18,29.18,29.18,200,2021-06-14 16:03:00,NOTV
29.18,29.18,29.18,29.18,100,2021-06-14 16:05:00,NOTV
29.18,29.22,29.18,29.22,300,2021-06-14 16:06:00,NOTV
29.22,29.22,29.19,29.19,200,2021-06-14 16:08:00,NOTV
29.22,29.265,29.22,29.23,506,2021-06-14 16:09:00,NOTV
29.2,29.22,29.2,29.22,200,2021-06-14 16:10:00,NOTV
29.27,29.27,29.27,29.27,100,2021-06-14 16:11:00,NOTV
29.18,29.2,29.18,29.2,200,2021-06-14 16:19:00,NOTV
29.18,29.18,29.18,29.18,100,2021-06-14 16:20:00,NOTV
29.21,29.31,29.21,29.31,1263,2021-06-14 16:21:00,NOTV
29.3,29.3,29.3,29.3,100,2021-06-14 16:22:00,NOTV
29.28,29.28,29.28,29.28,300,2021-06-14 16:23:00,NOTV
29.28,29.28,29.28,29.28,300,2021-06-14 16:24:00,NOTV
29.28,29.28,29.28,29.28,200,2021-06-14 16:26:00,NOTV
29.28,29.28,29.28,29.28,100,2021-06-14 16:27:00,NOTV
29.28,29.28,29.28,29.28,100,2021-06-14 16:28:00,NOTV
29.28,29.28,29.28,29.28,200,2021-06-14 16:30:00,NOTV
29.28,29.28,29.045,29.215,1350,2021-06-14 16:32:00,NOTV
29.245,29.245,29.245,29.245,400,2021-06-14 16:33:00,NOTV
29.25,29.25,29.25,29.25,200,2021-06-14 16:36:00,NOTV
29.25,29.25,29.25,29.25,100,2021-06-14 16:37:00,NOTV
29.17,29.17,29.17,29.17,100,2021-06-14 16:38:00,NOTV
29.25,29.25,29.25,29.25,100,2021-06-14 16:39:00,NOTV
29.25,29.25,29.25,29.25,100,2021-06-14 16:41:00,NOTV
29.25,29.25,29.25,29.25,100,2021-06-14 16:42:00,NOTV
29.25,29.25,29.25,29.25,100,2021-06-14 16:44:00,NOTV
29.25,29.25,29.25,29.25,200,2021-06-14 16:45:00,NOTV
29.225,29.225,29.225,29.225,100,2021-06-14 16:46:00,NOTV
29.16,29.2,29.16,29.2,204,2021-06-14 16:47:00,NOTV
29.24,29.24,29.24,29.24,100,2021-06-14 16:59:00,NOTV
29.05,29.2,29.03,29.2,1700,2021-06-14 17:01:00,NOTV
29.22,29.22,29.115,29.115,200,2021-06-14 17:02:00,NOTV
29.115,29.115,29.115,29.115,1100,2021-06-14 17:03:00,NOTV
29.2,29.25,29.115,29.15,3870,2021-06-14 17:10:00,NOTV
29.115,29.115,29.115,29.115,360,2021-06-14 17:13:00,NOTV
29.03,29.07,29.03,29.03,500,2021-06-14 17:20:00,NOTV
29.15,29.17,29.15,29.15,328,2021-06-14 17:21:00,NOTV
29.18,29.18,29.18,29.18,100,2021-06-14 17:22:00,NOTV
29.0422,29.17,29.035,29.15,2627,2021-06-14 17:25:00,NOTV
29.155,29.19,29.155,29.19,900,2021-06-14 17:26:00,NOTV
29.16,29.19,29.105,29.105,1204,2021-06-14 17:28:00,NOTV
29.145,29.145,29.145,29.145,100,2021-06-14 17:29:00,NOTV
29.145,29.145,29.145,29.145,100,2021-06-14 17:30:00,NOTV
29.15,29.15,29.15,29.15,300,2021-06-14 17:32:00,NOTV
29.165,29.165,29.165,29.165,100,2021-06-14 17:33:00,NOTV
29.165,29.165,29.1,29.165,509,2021-06-14 17:34:00,NOTV
29.165,29.165,29.165,29.165,100,2021-06-14 17:35:00,NOTV
29.165,29.165,29.165,29.165,100,2021-06-14 17:36:00,NOTV
29.165,29.165,29.165,29.165,100,2021-06-14 17:37:00,NOTV
29.17,29.17,29.17,29.17,100,2021-06-14 17:39:00,NOTV
29.17,29.17,29.17,29.17,100,2021-06-14 17:40:00,NOTV
29.17,29.17,29.17,29.17,200,2021-06-14 17:41:00,NOTV
29.17,29.17,29.11,29.17,612,2021-06-14 17:42:00,NOTV
29.17,29.17,29.12,29.17,300,2021-06-14 17:43:00,NOTV
29.17,29.17,29.17,29.17,100,2021-06-14 17:45:00,NOTV
29.17,29.17,29.17,29.17,100,2021-06-14 17:46:00,NOTV
29.17,29.17,29.17,29.17,100,2021-06-14 17:47:00,NOTV
29.17,29.17,29.17,29.17,201,2021-06-14 17:49:00,NOTV
29.13,29.155,29.13,29.155,200,2021-06-14 17:50:00,NOTV
29.155,29.155,29.155,29.155,100,2021-06-14 17:51:00,NOTV
29.155,29.155,29.015,29.13,1100,2021-06-14 17:52:00,NOTV
29.0,29.0,29.0,29.0,740,2021-06-14 17:55:00,NOTV
29.0,29.0,29.0,29.0,100,2021-06-14 17:56:00,NOTV
29.0,29.0,28.85,29.0,763,2021-06-14 17:58:00,NOTV
29.0,29.0,28.93,28.93,300,2021-06-14 17:59:00,NOTV
28.85,28.89,28.85,28.89,300,2021-06-14 18:00:00,NOTV
28.88,28.99,28.8,28.99,500,2021-06-14 18:01:00,NOTV
28.96,28.96,28.96,28.96,100,2021-06-14 18:08:00,NOTV
29.0,29.0,29.0,29.0,100,2021-06-14 18:10:00,NOTV
28.99,28.99,28.99,28.99,201,2021-06-14 18:12:00,NOTV
29.0,29.01,29.0,29.01,399,2021-06-14 18:13:00,NOTV
29.09,29.09,29.01,29.01,300,2021-06-14 18:14:00,NOTV
29.005,29.01,29.0,29.01,1247,2021-06-14 18:15:00,NOTV
29.015,29.015,29.015,29.015,100,2021-06-14 18:16:00,NOTV
29.015,29.015,28.89,29.0,1006,2021-06-14 18:17:00,NOTV
29.0,29.0,28.925,28.925,598,2021-06-14 18:18:00,NOTV
29.0,29.0,28.925,28.925,200,2021-06-14 18:20:00,NOTV
29.0,29.0,28.925,29.0,700,2021-06-14 18:24:00,NOTV
29.0,29.01,28.88,28.925,3736,2021-06-14 18:31:00,NOTV
29.0,29.0,29.0,29.0,122,2021-06-14 18:32:00,NOTV
29.0,29.0,29.0,29.0,200,2021-06-14 18:34:00,NOTV
28.935,28.935,28.935,28.935,300,2021-06-14 18:36:00,NOTV
28.98,28.98,28.98,28.98,100,2021-06-14 18:38:00,NOTV
29.0,29.0,29.0,29.0,100,2021-06-14 18:42:00,NOTV
29.0,29.055,28.98,29.055,954,2021-06-14 18:44:00,NOTV
29.19,29.2,29.12,29.12,470,2021-06-14 18:45:00,NOTV
29.08,29.08,29.08,29.08,200,2021-06-14 18:46:00,NOTV
29.19,29.19,29.19,29.19,100,2021-06-14 18:48:00,NOTV
29.24,29.25,29.14,29.15,2196,2021-06-14 18:51:00,NOTV
29.195,29.195,29.195,29.195,320,2021-06-14 18:54:00,NOTV
29.195,29.25,29.14,29.195,1600,2021-06-14 18:56:00,NOTV
29.195,29.25,29.15,29.15,1514,2021-06-14 18:58:00,NOTV
29.14,29.195,29.14,29.195,400,2021-06-14 18:59:00,NOTV
29.14,29.14,29.14,29.14,250,2021-06-14 19:01:00,NOTV
29.195,29.195,29.195,29.195,600,2021-06-14 19:02:00,NOTV
29.14,29.23,29.14,29.195,990,2021-06-14 19:03:00,NOTV
29.195,29.195,29.195,29.195,300,2021-06-14 19:04:00,NOTV
29.15,29.2,29.15,29.2,300,2021-06-14 19:05:00,NOTV
29.2,29.2,29.2,29.2,100,2021-06-14 19:06:00,NOTV
29.15,29.155,28.94,29.155,1000,2021-06-14 19:07:00,NOTV
28.78,28.78,28.78,28.78,300,2021-06-14 19:12:00,NOTV
29.035,29.035,29.035,29.035,100,2021-06-14 19:15:00,NOTV
28.99,28.99,28.99,28.99,100,2021-06-14 19:16:00,NOTV
29.0,29.215,28.91,29.215,931,2021-06-14 19:17:00,NOTV
29.2,29.2,29.2,29.2,100,2021-06-14 19:19:00,NOTV
29.0845,29.0845,29.0,29.0,400,2021-06-14 19:20:00,NOTV
29.2,29.2,29.2,29.2,100,2021-06-14 19:21:00,NOTV
29.2,29.2,29.19,29.19,200,2021-06-14 19:22:00,NOTV
29.15,29.15,29.15,29.15,100,2021-06-14 19:23:00,NOTV
29.15,29.23,29.15,29.23,200,2021-06-14 19:24:00,NOTV
29.19,29.25,29.155,29.155,1541,2021-06-14 19:25:00,NOTV
29.15,29.15,29.15,29.15,100,2021-06-14 19:26:00,NOTV
29.25,29.25,29.24,29.25,1078,2021-06-14 19:27:00,NOTV
29.2,29.2,29.2,29.2,400,2021-06-14 19:28:00,NOTV
29.2,29.2,29.2,29.2,1268,2021-06-14 19:29:00,NOTV
29.215,29.215,29.215,29.215,100,2021-06-14 19:30:00,NOTV
29.19,29.25,29.19,29.22,1286,2021-06-14 19:31:00,NOTV
29.22,29.22,29.22,29.22,100,2021-06-14 19:32:00,NOTV
29.2,29.22,29.08,29.08,1700,2021-06-14 19:33:00,NOTV
28.99,28.99,28.99,28.99,100,2021-06-14 19:35:00,NOTV
29.14,29.14,29.14,29.14,100,2021-06-14 19:36:00,NOTV
29.11,29.125,29.0838,29.0838,316,2021-06-14 19:37:00,NOTV
29.125,29.125,29.08,29.08,300,2021-06-14 19:38:00,NOTV
29.035,29.035,29.035,29.035,300,2021-06-14 19:39:00,NOTV
28.96,28.96,28.96,28.96,100,2021-06-14 19:40:00,NOTV
29.035,29.035,29.035,29.035,100,2021-06-14 19:41:00,NOTV
29.04,29.04,29.04,29.04,100,2021-06-14 19:42:00,NOTV
29.045,29.045,29.045,29.045,110,2021-06-14 19:43:00,NOTV
29.06,29.13,29.01,29.06,900,2021-06-14 19:45:00,NOTV
29.12,29.12,29.12,29.12,100,2021-06-14 19:46:00,NOTV
29.14,29.14,29.0,29.0,1038,2021-06-14 19:47:00,NOTV
29.235,29.235,29.02,29.02,200,2021-06-14 19:48:00,NOTV
29.21,29.21,29.21,29.21,100,2021-06-14 19:49:00,NOTV
29.12,29.18,29.12,29.18,200,2021-06-14 19:50:00,NOTV
29.13,29.17,29.11,29.17,300,2021-06-14 19:51:00,NOTV
29.12,29.2,29.03,29.135,1200,2021-06-14 19:52:00,NOTV
29.095,29.095,29.03,29.03,1200,2021-06-14 19:53:00,NOTV
28.97,29.05,28.97,29.03,800,2021-06-14 19:54:00,NOTV
29.105,29.17,29.04,29.04,700,2021-06-14 19:55:00,NOTV
29.03,29.03,28.96,29.03,905,2021-06-14 19:56:00,NOTV
29.0,29.0,28.88,28.99,2300,2021-06-14 19:57:00,NOTV
29.0,29.0,29.0,29.0,900,2021-06-14 19:58:00,NOTV
29.0,29.06,28.98,28.98,5312,2021-06-14 19:59:00,NOTV
29.05,29.05,29.05,29.05,3716,2021-06-14 20:00:00,NOTV
29.04,29.04,29.04,29.04,333,2021-06-15 13:30:00,NOTV
29.3,29.3,29.3,29.3,100,2021-06-15 13:35:00,NOTV
28.9332,28.9332,28.9332,28.9332,174,2021-06-15 13:48:00,NOTV
28.5916,29.31,28.5916,29.25,3023,2021-06-15 13:55:00,NOTV
29.275,29.3,29.27,29.27,900,2021-06-15 13:59:00,NOTV
29.275,29.275,29.275,29.275,200,2021-06-15 14:00:00,NOTV
29.3,29.3,29.25,29.29,1899,2021-06-15 14:01:00,NOTV
29.41,29.41,29.41,29.41,300,2021-06-15 14:02:00,NOTV
29.41,29.41,29.25,29.3,630,2021-06-15 14:03:00,NOTV
29.2085,29.25,29.2085,29.25,3027,2021-06-15 14:04:00,NOTV
29.16,29.16,29.16,29.16,100,2021-06-15 14:05:00,NOTV
29.125,29.25,29.125,29.25,400,2021-06-15 14:13:00,NOTV
29.12,29.25,29.12,29.25,200,2021-06-15 14:14:00,NOTV
29.25,29.25,29.1397,29.1397,600,2021-06-15 14:18:00,NOTV
29.25,29.25,29.25,29.25,100,2021-06-15 14:19:00,NOTV
29.3,29.4,29.3,29.4,400,2021-06-15 14:21:00,NOTV
29.565,29.565,29.495,29.495,400,2021-06-15 14:24:00,NOTV
29.495,29.495,29.26,29.26,2090,2021-06-15 14:25:00,NOTV
29.29,29.56,29.29,29.56,496,2021-06-15 14:33:00,NOTV
29.3301,29.475,29.3301,29.475,800,2021-06-15 14:35:00,NOTV
29.415,29.415,29.325,29.325,300,2021-06-15 14:36:00,NOTV
29.44,29.5,29.41,29.5,1898,2021-06-15 14:46:00,NOTV
29.43,29.43,29.43,29.43,100,2021-06-15 14:47:00,NOTV
29.465,29.5,29.465,29.5,200,2021-06-15 14:48:00,NOTV
29.695,29.695,29.695,29.695,900,2021-06-15 14:50:00,NOTV
29.89,29.89,29.89,29.89,100,2021-06-15 14:51:00,NOTV
29.81,29.815,29.81,29.815,768,2021-06-15 14:52:00,NOTV
29.7243,29.7243,29.7243,29.7243,600,2021-06-15 14:54:00,NOTV
29.82,29.85,29.51,29.6,2200,2021-06-15 14:55:00,NOTV
29.585,29.585,29.585,29.585,100,2021-06-15 15:00:00,NOTV
29.585,29.585,29.585,29.585,100,2021-06-15 15:05:00,NOTV
29.4918,29.4918,29.4918,29.4918,160,2021-06-15 15:06:00,NOTV
29.585,29.585,29.585,29.585,100,2021-06-15 15:07:00,NOTV
29.585,29.585,29.585,29.585,300,2021-06-15 15:11:00,NOTV
29.6,29.6,29.6,29.6,100,2021-06-15 15:12:00,NOTV
29.595,29.595,29.595,29.595,200,2021-06-15 15:14:00,NOTV
29.68,29.7,29.595,29.595,500,2021-06-15 15:17:00,NOTV
29.685,29.685,29.685,29.685,100,2021-06-15 15:18:00,NOTV
29.62,29.6798,29.57,29.6798,1199,2021-06-15 15:20:00,NOTV
29.55,29.55,29.55,29.55,100,2021-06-15 15:22:00,NOTV
29.59,29.59,29.59,29.59,800,2021-06-15 15:24:00,NOTV
29.55,29.55,29.55,29.55,100,2021-06-15 15:25:00,NOTV
29.55,29.55,29.54,29.54,200,2021-06-15 15:28:00,NOTV
29.54,29.54,29.54,29.54,100,2021-06-15 15:30:00,NOTV
29.55,29.55,29.55,29.55,100,2021-06-15 15:32:00,NOTV
29.565,29.565,29.565,29.565,200,2021-06-15 15:35:00,NOTV
29.55,29.55,29.55,29.55,100,2021-06-15 15:36:00,NOTV
29.55,29.555,29.48,29.555,500,2021-06-15 15:39:00,NOTV
29.55,29.55,29.55,29.55,100,2021-06-15 15:40:00,NOTV
29.555,29.555,29.555,29.555,100,2021-06-15 15:47:00,NOTV
29.55,29.555,29.55,29.55,800,2021-06-15 15:49:00,NOTV
29.48,29.48,29.48,29.48,100,2021-06-15 15:51:00,NOTV
29.55,29.55,29.55,29.55,100,2021-06-15 15:54:00,NOTV
29.55,29.55,29.47,29.55,1200,2021-06-15 15:55:00,NOTV
29.555,29.555,29.555,29.555,100,2021-06-15 15:56:00,NOTV
29.56,29.56,29.56,29.56,200,2021-06-15 15:57:00,NOTV
29.55,29.72,29.55,29.72,900,2021-06-15 15:58:00,NOTV
29.84,29.84,29.65,29.68,300,2021-06-15 16:00:00,NOTV
29.74,29.74,29.74,29.74,100,2021-06-15 16:01:00,NOTV
29.65,29.695,29.6,29.62,974,2021-06-15 16:02:00,NOTV
29.5,29.5,29.5,29.5,100,2021-06-15 16:06:00,NOTV
29.5,29.5,29.5,29.5,200,2021-06-15 16:10:00,NOTV
29.545,29.545,29.545,29.545,100,2021-06-15 16:12:00,NOTV
29.5,29.55,29.5,29.54,300,2021-06-15 16:14:00,NOTV
29.5,29.6,29.41,29.41,2100,2021-06-15 16:15:00,NOTV
29.415,29.415,29.37,29.4,903,2021-06-15 16:16:00,NOTV
29.4,29.4,29.4,29.4,400,2021-06-15 16:19:00,NOTV
29.5,29.5,29.5,29.5,300,2021-06-15 16:20:00,NOTV
29.47,29.47,29.45,29.45,600,2021-06-15 16:24:00,NOTV
29.45,29.45,29.45,29.45,100,2021-06-15 16:26:00,NOTV
29.43,29.43,29.375,29.375,400,2021-06-15 16:27:00,NOTV
29.375,29.375,29.375,29.375,100,2021-06-15 16:28:00,NOTV
29.36,29.36,29.265,29.265,1456,2021-06-15 16:29:00,NOTV
29.22,29.22,29.0478,29.0478,1100,2021-06-15 16:30:00,NOTV
29.32,29.32,29.31,29.31,300,2021-06-15 16:40:00,NOTV
29.31,29.34,29.31,29.31,400,2021-06-15 16:41:00,NOTV
29.3,29.3,29.155,29.155,500,2021-06-15 16:42:00,NOTV
29.25,29.25,29.25,29.25,300,2021-06-15 16:47:00,NOTV
29.2741,29.2741,29.22,29.22,419,2021-06-15 16:55:00,NOTV
29.255,29.255,29.255,29.255,100,2021-06-15 16:58:00,NOTV
29.26,29.26,29.15,29.19,1300,2021-06-15 16:59:00,NOTV
29.18,29.2,29.13,29.17,931,2021-06-15 17:10:00,NOTV
29.195,29.195,29.195,29.195,550,2021-06-15 17:15:00,NOTV
29.2,29.2,29.16,29.16,200,2021-06-15 17:16:00,NOTV
29.24,29.24,29.24,29.24,100,2021-06-15 17:17:00,NOTV
29.2234,29.25,29.2234,29.25,1834,2021-06-15 17:18:00,NOTV
29.22,29.22,29.22,29.22,204,2021-06-15 17:19:00,NOTV
29.2,29.2,29.19,29.19,301,2021-06-15 17:20:00,NOTV
29.16,29.2,29.16,29.2,1215,2021-06-15 17:21:00,NOTV
29.25,29.25,29.25,29.25,100,2021-06-15 17:29:00,NOTV
29.2,29.2,29.2,29.2,200,2021-06-15 17:33:00,NOTV
29.17,29.17,29.17,29.17,819,2021-06-15 17:34:00,NOTV
29.17,29.2,29.17,29.18,2910,2021-06-15 17:36:00,NOTV
29.175,29.175,29.15,29.15,400,2021-06-15 17:37:00,NOTV
29.145,29.145,29.145,29.145,100,2021-06-15 17:43:00,NOTV
29.19,29.2,29.15,29.15,1000,2021-06-15 17:44:00,NOTV
29.145,29.145,29.145,29.145,500,2021-06-15 17:52:00,NOTV
29.16,29.16,29.16,29.16,100,2021-06-15 17:55:00,NOTV
29.145,29.145,29.145,29.145,100,2021-06-15 17:57:00,NOTV
29.145,29.2,29.145,29.15,700,2021-06-15 17:58:00,NOTV
29.15,29.15,29.15,29.15,100,2021-06-15 18:00:00,NOTV
29.2,29.2,29.19,29.2,712,2021-06-15 18:01:00,NOTV
29.2,29.2,29.2,29.2,305,2021-06-15 18:02:00,NOTV
29.2,29.2,29.2,29.2,200,2021-06-15 18:03:00,NOTV
29.2,29.39,29.2,29.39,405,2021-06-15 18:05:00,NOTV
29.23,29.23,29.23,29.23,200,2021-06-15 18:06:00,NOTV
29.29,29.3,29.29,29.3,1041,2021-06-15 18:11:00,NOTV
29.3,29.3,29.3,29.3,242,2021-06-15 18:12:00,NOTV
29.23,29.23,29.18,29.18,400,2021-06-15 18:13:00,NOTV
29.17,29.19,29.16,29.19,400,2021-06-15 18:14:00,NOTV
29.1985,29.1985,29.1985,29.1985,100,2021-06-15 18:16:00,NOTV
29.2,29.38,29.16,29.38,4835,2021-06-15 18:19:00,NOTV
29.3,29.3,29.3,29.3,444,2021-06-15 18:24:00,NOTV
29.3,29.3,29.26,29.3,900,2021-06-15 18:29:00,NOTV
29.3,29.3,29.2,29.21,1006,2021-06-15 18:30:00,NOTV
29.2,29.2,29.2,29.2,100,2021-06-15 18:31:00,NOTV
29.21,29.21,29.21,29.21,200,2021-06-15 18:33:00,NOTV
29.2,29.2133,29.16,29.175,1915,2021-06-15 18:37:00,NOTV
29.23,29.23,29.23,29.23,100,2021-06-15 18:45:00,NOTV
29.29,29.3,29.19,29.23,590,2021-06-15 18:46:00,NOTV
29.265,29.29,29.23,29.29,1000,2021-06-15 18:53:00,NOTV
29.245,29.245,29.245,29.245,229,2021-06-15 18:59:00,NOTV
29.25,29.25,29.25,29.25,200,2021-06-15 19:07:00,NOTV
29.22,29.25,29.2,29.24,1707,2021-06-15 19:08:00,NOTV
29.1635,29.205,29.02,29.02,3700,2021-06-15 19:09:00,NOTV
29.06,29.06,29.06,29.06,100,2021-06-15 19:12:00,NOTV
29.1,29.11,29.06,29.06,700,2021-06-15 19:14:00,NOTV
29.21,29.27,29.21,29.27,400,2021-06-15 19:22:00,NOTV
29.29,29.3,29.245,29.245,628,2021-06-15 19:23:00,NOTV
29.245,29.245,29.245,29.245,100,2021-06-15 19:24:00,NOTV
29.3,29.3,29.3,29.3,300,2021-06-15 19:25:00,NOTV
29.4,29.4,29.34,29.34,2291,2021-06-15 19:30:00,NOTV
29.34,29.34,29.32,29.32,400,2021-06-15 19:31:00,NOTV
29.29,29.29,29.235,29.235,900,2021-06-15 19:32:00,NOTV
29.28,29.28,29.19,29.19,1540,2021-06-15 19:36:00,NOTV
29.19,29.2,29.175,29.175,1385,2021-06-15 19:40:00,NOTV
29.175,29.175,29.175,29.175,200,2021-06-15 19:42:00,NOTV
29.2,29.2,29.2,29.2,100,2021-06-15 19:43:00,NOTV
29.2,29.2,29.12,29.18,729,2021-06-15 19:44:00,NOTV
29.09,29.09,29.08,29.08,200,2021-06-15 19:45:00,NOTV
29.08,29.08,28.99,28.99,2068,2021-06-15 19:46:00,NOTV
29.04,29.04,29.0,29.0,200,2021-06-15 19:47:00,NOTV
29.095,29.095,29.095,29.095,200,2021-06-15 19:48:00,NOTV
29.095,29.095,29.095,29.095,100,2021-06-15 19:49:00,NOTV
29.095,29.095,29.075,29.075,300,2021-06-15 19:50:00,NOTV
29.06,29.06,29.025,29.025,300,2021-06-15 19:51:00,NOTV
29.1,29.1,29.1,29.1,1200,2021-06-15 19:52:00,NOTV
29.1,29.1,29.09,29.1,1300,2021-06-15 19:53:00,NOTV
29.2,29.25,29.11,29.19,1732,2021-06-15 19:54:00,NOTV
29.25,29.25,29.215,29.25,2011,2021-06-15 19:55:00,NOTV
29.25,29.4,29.25,29.4,1005,2021-06-15 19:56:00,NOTV
29.32,29.4,29.32,29.4,1100,2021-06-15 19:57:00,NOTV
29.43,29.48,29.42,29.48,1100,2021-06-15 19:58:00,NOTV
29.48,29.48,29.34,29.34,1302,2021-06-15 19:59:00,NOTV
29.44,29.44,29.44,29.44,2599,2021-06-15 20:00:00,NOTV
29.72,29.72,29.72,29.72,386,2021-06-16 13:30:00,NOTV
29.34,29.34,29.34,29.34,100,2021-06-16 13:36:00,NOTV
29.42,29.42,29.42,29.42,100,2021-06-16 13:41:00,NOTV
29.47,29.635,29.47,29.5,637,2021-06-16 13:42:00,NOTV
29.5,29.5,29.5,29.5,100,2021-06-16 13:43:00,NOTV
29.5,29.72,29.5,29.72,1088,2021-06-16 13:44:00,NOTV
29.66,29.66,29.66,29.66,100,2021-06-16 13:46:00,NOTV
29.84,29.97,29.82,29.97,300,2021-06-16 13:49:00,NOTV
29.97,30.76,29.95,30.48,10369,2021-06-16 13:50:00,NOTV
30.68,30.88,30.55,30.88,1100,2021-06-16 13:51:00,NOTV
30.89,30.9799,30.69,30.7,3410,2021-06-16 13:52:00,NOTV
30.6188,30.7,30.5363,30.7,2300,2021-06-16 13:53:00,NOTV
30.59,30.7,30.59,30.7,634,2021-06-16 13:54:00,NOTV
30.5092,30.58,30.08,30.265,2472,2021-06-16 13:55:00,NOTV
30.08,30.4542,30.0,30.135,2557,2021-06-16 13:56:00,NOTV
30.1852,30.1852,30.1852,30.1852,1000,2021-06-16 13:57:00,NOTV
30.04,30.04,30.04,30.04,321,2021-06-16 13:58:00,NOTV
30.15,30.15,30.15,30.15,100,2021-06-16 13:59:00,NOTV
30.4599,30.4599,30.4599,30.4599,100,2021-06-16 14:04:00,NOTV
30.42,30.42,30.42,30.42,100,2021-06-16 14:05:00,NOTV
30.44,30.44,30.25,30.25,277,2021-06-16 14:06:00,NOTV
30.36,30.43,30.36,30.43,200,2021-06-16 14:08:00,NOTV
30.46,30.645,30.46,30.645,300,2021-06-16 14:09:00,NOTV
30.74,30.74,30.74,30.74,299,2021-06-16 14:10:00,NOTV
30.74,30.74,30.74,30.74,321,2021-06-16 14:11:00,NOTV
30.74,30.74,30.74,30.74,100,2021-06-16 14:12:00,NOTV
30.59,30.59,30.59,30.59,100,2021-06-16 14:13:00,NOTV
30.3474,30.3474,30.3474,30.3474,200,2021-06-16 14:15:00,NOTV
30.305,30.305,30.305,30.305,100,2021-06-16 14:16:00,NOTV
30.45,30.5,30.45,30.5,496,2021-06-16 14:17:00,NOTV
30.63,30.63,30.63,30.63,100,2021-06-16 14:20:00,NOTV
30.5,30.5,30.46,30.46,1103,2021-06-16 14:21:00,NOTV
30.46,30.54,30.46,30.54,500,2021-06-16 14:22:00,NOTV
30.306,30.37,30.306,30.37,200,2021-06-16 14:26:00,NOTV
30.37,30.37,30.37,30.37,100,2021-06-16 14:27:00,NOTV
30.3,30.3,30.29,30.3,300,2021-06-16 14:29:00,NOTV
30.3,30.3,30.3,30.3,500,2021-06-16 14:30:00,NOTV
30.3,30.3,30.3,30.3,408,2021-06-16 14:31:00,NOTV
30.29,30.29,30.29,30.29,200,2021-06-16 14:38:00,NOTV
30.5,30.5,30.5,30.5,745,2021-06-16 14:40:00,NOTV
30.59,30.59,30.59,30.59,200,2021-06-16 14:41:00,NOTV
30.69,30.69,30.69,30.69,100,2021-06-16 14:44:00,NOTV
30.88,30.91,30.88,30.91,200,2021-06-16 14:46:00,NOTV
30.955,31.0,30.9,30.9225,3199,2021-06-16 14:48:00,NOTV
30.946,30.946,30.946,30.946,1000,2021-06-16 14:49:00,NOTV
31.1399,31.1399,30.84,30.84,1511,2021-06-16 14:50:00,NOTV
30.8298,30.8298,30.8298,30.8298,170,2021-06-16 14:53:00,NOTV
30.8,30.8,30.645,30.645,800,2021-06-16 14:54:00,NOTV
30.66,30.66,30.66,30.66,584,2021-06-16 14:55:00,NOTV
30.635,30.7714,30.5556,30.5556,718,2021-06-16 14:58:00,NOTV
30.66,30.66,30.54,30.54,292,2021-06-16 15:00:00,NOTV
30.655,30.655,30.655,30.655,100,2021-06-16 15:01:00,NOTV
30.77,30.7972,30.77,30.7972,552,2021-06-16 15:02:00,NOTV
30.7629,30.7629,30.7629,30.7629,210,2021-06-16 15:05:00,NOTV
30.66,30.66,30.66,30.66,300,2021-06-16 15:06:00,NOTV
30.66,30.66,30.66,30.66,300,2021-06-16 15:08:00,NOTV
30.7999,30.7999,30.7999,30.7999,150,2021-06-16 15:09:00,NOTV
30.66,30.67,30.66,30.67,300,2021-06-16 15:10:00,NOTV
30.585,30.585,30.585,30.585,100,2021-06-16 15:12:00,NOTV
30.5809,30.5809,30.5809,30.5809,150,2021-06-16 15:13:00,NOTV
30.53,30.595,30.53,30.595,200,2021-06-16 15:14:00,NOTV
30.67,30.74,30.67,30.74,1216,2021-06-16 15:15:00,NOTV
30.74,30.805,30.74,30.805,940,2021-06-16 15:16:00,NOTV
30.88,30.88,30.88,30.88,100,2021-06-16 15:17:00,NOTV
30.79,30.88,30.79,30.88,300,2021-06-16 15:19:00,NOTV
30.88,30.92,30.88,30.88,326,2021-06-16 15:20:00,NOTV
30.92,30.92,30.92,30.92,300,2021-06-16 15:21:00,NOTV
30.93,31.0,30.93,30.9336,300,2021-06-16 15:22:00,NOTV
30.92,31.0,30.87,30.92,900,2021-06-16 15:23:00,NOTV
30.9279,30.9279,30.9279,30.9279,100,2021-06-16 15:25:00,NOTV
30.92,30.92,30.9,30.9,600,2021-06-16 15:26:00,NOTV
30.7,30.77,30.7,30.77,300,2021-06-16 15:27:00,NOTV
30.9,30.9,30.9,30.9,300,2021-06-16 15:28:00,NOTV
30.855,30.855,30.855,30.855,100,2021-06-16 15:29:00,NOTV
30.855,30.855,30.855,30.855,200,2021-06-16 15:31:00,NOTV
30.74,30.85,30.74,30.85,200,2021-06-16 15:33:00,NOTV
30.85,30.85,30.69,30.69,2697,2021-06-16 15:34:00,NOTV
30.85,30.85,30.85,30.85,200,2021-06-16 15:35:00,NOTV
30.85,30.85,30.85,30.85,1346,2021-06-16 15:42:00,NOTV
30.85,30.85,30.85,30.85,600,2021-06-16 15:44:00,NOTV
30.85,30.87,30.8492,30.87,1000,2021-06-16 15:45:00,NOTV
30.85,30.87,30.85,30.87,200,2021-06-16 15:47:00,NOTV
30.8,30.8,30.7,30.7,1922,2021-06-16 15:48:00,NOTV
30.81,30.81,30.68,30.68,400,2021-06-16 15:49:00,NOTV
30.69,30.69,30.69,30.69,300,2021-06-16 15:52:00,NOTV
30.69,30.69,30.69,30.69,100,2021-06-16 15:58:00,NOTV
30.8,30.8,30.69,30.71,600,2021-06-16 16:03:00,NOTV
30.76,30.76,30.76,30.76,100,2021-06-16 16:09:00,NOTV
30.72,30.8,30.72,30.8,927,2021-06-16 16:10:00,NOTV
30.8,30.8,30.6872,30.6872,1101,2021-06-16 16:11:00,NOTV
30.7854,30.7854,30.7854,30.7854,118,2021-06-16 16:14:00,NOTV
30.8,30.8,30.8,30.8,200,2021-06-16 16:16:00,NOTV
30.74,30.75,30.74,30.74,300,2021-06-16 16:21:00,NOTV
30.74,30.74,30.71,30.74,400,2021-06-16 16:22:00,NOTV
30.745,30.745,30.745,30.745,100,2021-06-16 16:24:00,NOTV
30.67,30.67,30.6,30.6,6087,2021-06-16 16:25:00,NOTV
30.6001,30.6001,30.56,30.56,3091,2021-06-16 16:28:00,NOTV
30.565,30.565,30.565,30.565,100,2021-06-16 16:32:00,NOTV
30.395,30.395,30.395,30.395,100,2021-06-16 16:46:00,NOTV
30.22,30.22,30.01,30.01,1385,2021-06-16 16:48:00,NOTV
30.15,30.39,30.15,30.39,400,2021-06-16 16:51:00,NOTV
30.37,30.37,30.37,30.37,200,2021-06-16 16:52:00,NOTV
30.0984,30.0984,30.0984,30.0984,200,2021-06-16 16:55:00,NOTV
30.26,30.405,30.26,30.405,2030,2021-06-16 17:01:00,NOTV
30.425,30.52,30.425,30.425,400,2021-06-16 17:05:00,NOTV
30.425,30.425,30.425,30.425,300,2021-06-16 17:06:00,NOTV
30.425,30.425,30.425,30.425,100,2021-06-16 17:07:00,NOTV
30.33,30.33,30.31,30.31,400,2021-06-16 17:08:00,NOTV
30.3999,30.3999,30.3999,30.3999,100,2021-06-16 17:12:00,NOTV
30.3,30.3,30.26,30.3,560,2021-06-16 17:18:00,NOTV
30.3,30.3,30.3,30.3,700,2021-06-16 17:20:00,NOTV
30.3,30.32,30.3,30.3,1031,2021-06-16 17:23:00,NOTV
30.355,30.355,30.355,30.355,100,2021-06-16 17:27:00,NOTV
30.355,30.355,30.355,30.355,100,2021-06-16 17:28:00,NOTV
30.415,30.415,30.415,30.415,400,2021-06-16 17:33:00,NOTV
30.48,30.48,30.48,30.48,100,2021-06-16 17:34:00,NOTV
30.48,30.645,30.48,30.645,1000,2021-06-16 17:35:00,NOTV
30.635,30.635,30.635,30.635,208,2021-06-16 17:36:00,NOTV
30.635,30.635,30.635,30.635,200,2021-06-16 17:38:00,NOTV
30.645,30.645,30.645,30.645,200,2021-06-16 17:46:00,NOTV
30.645,30.645,30.645,30.645,200,2021-06-16 17:47:00,NOTV
30.645,30.645,30.645,30.645,123,2021-06-16 17:48:00,NOTV
30.645,30.645,30.645,30.645,100,2021-06-16 17:50:00,NOTV
30.645,30.645,30.645,30.645,100,2021-06-16 17:51:00,NOTV
30.645,30.645,30.645,30.645,300,2021-06-16 17:52:00,NOTV
30.625,30.625,30.625,30.625,100,2021-06-16 17:54:00,NOTV
30.625,30.7,30.625,30.7,200,2021-06-16 17:55:00,NOTV
30.625,30.625,30.625,30.625,100,2021-06-16 17:58:00,NOTV
30.58,30.59,30.58,30.59,200,2021-06-16 18:00:00,NOTV
30.49,30.49,30.49,30.49,100,2021-06-16 18:02:00,NOTV
30.61,30.62,30.57,30.57,400,2021-06-16 18:05:00,NOTV
30.2506,30.2506,30.2506,30.2506,200,2021-06-16 18:06:00,NOTV
30.36,30.36,30.35,30.36,300,2021-06-16 18:07:00,NOTV
30.34,30.42,30.34,30.35,872,2021-06-16 18:08:00,NOTV
30.545,30.545,30.545,30.545,585,2021-06-16 18:10:00,NOTV
30.49,30.55,30.49,30.55,600,2021-06-16 18:16:00,NOTV
30.55,30.55,30.55,30.55,200,2021-06-16 18:17:00,NOTV
30.5185,30.5185,30.5185,30.5185,500,2021-06-16 18:18:00,NOTV
30.55,30.55,30.55,30.55,100,2021-06-16 18:19:00,NOTV
30.73,30.73,30.73,30.73,100,2021-06-16 18:20:00,NOTV
30.68,30.68,30.6,30.6,500,2021-06-16 18:22:00,NOTV
30.71,30.71,30.71,30.71,100,2021-06-16 18:24:00,NOTV
30.77,30.78,30.7,30.7,1300,2021-06-16 18:25:00,NOTV
30.7,30.76,30.7,30.76,526,2021-06-16 18:26:00,NOTV
30.85,30.98,30.85,30.89,500,2021-06-16 18:27:00,NOTV
30.92,30.99,30.8,30.895,1100,2021-06-16 18:28:00,NOTV
30.82,30.82,30.8,30.8,1800,2021-06-16 18:30:00,NOTV
30.89,30.95,30.89,30.95,400,2021-06-16 18:31:00,NOTV
30.865,30.865,30.865,30.865,100,2021-06-16 18:32:00,NOTV
30.91,30.92,30.91,30.92,300,2021-06-16 18:33:00,NOTV
30.92,31.0,30.92,30.925,2956,2021-06-16 18:34:00,NOTV
30.925,30.9907,30.925,30.99,800,2021-06-16 18:35:00,NOTV
30.99,31.0,30.99,31.0,200,2021-06-16 18:36:00,NOTV
31.0,31.0,31.0,31.0,1196,2021-06-16 18:37:00,NOTV
31.0,31.0,31.0,31.0,600,2021-06-16 18:38:00,NOTV
31.0,31.0,31.0,31.0,300,2021-06-16 18:39:00,NOTV
31.0,31.0,31.0,31.0,100,2021-06-16 18:40:00,NOTV
31.0,31.0,31.0,31.0,300,2021-06-16 18:41:00,NOTV
31.0,31.0,31.0,31.0,100,2021-06-16 18:42:00,NOTV
31.0,31.0,31.0,31.0,300,2021-06-16 18:43:00,NOTV
31.0,31.065,31.0,31.065,1075,2021-06-16 18:44:00,NOTV
30.94,30.965,30.795,30.795,1521,2021-06-16 18:45:00,NOTV
30.895,30.9,30.89,30.9,1249,2021-06-16 18:46:00,NOTV
30.92,30.92,30.92,30.92,100,2021-06-16 18:47:00,NOTV
30.99,31.0,30.915,30.915,1600,2021-06-16 18:48:00,NOTV
30.92,30.92,30.92,30.92,200,2021-06-16 18:49:00,NOTV
30.99,30.99,30.925,30.925,200,2021-06-16 18:50:00,NOTV
31.0,31.0,30.902,30.93,500,2021-06-16 18:51:00,NOTV
31.0,31.195,31.0,31.195,1070,2021-06-16 18:52:00,NOTV
31.44,31.49,31.44,31.49,200,2021-06-16 18:53:00,NOTV
31.38,31.5,31.38,31.5,200,2021-06-16 18:54:00,NOTV
31.525,31.525,31.44,31.52,300,2021-06-16 18:55:00,NOTV
31.69,31.69,31.64,31.64,200,2021-06-16 18:56:00,NOTV
31.685,31.92,31.685,31.72,300,2021-06-16 18:57:00,NOTV
31.95,31.95,31.95,31.95,100,2021-06-16 18:58:00,NOTV
31.96,31.96,31.93,31.95,300,2021-06-16 18:59:00,NOTV
31.72,31.8094,31.72,31.8094,496,2021-06-16 19:00:00,NOTV
31.82,31.82,31.68,31.68,400,2021-06-16 19:01:00,NOTV
31.8,31.8,31.8,31.8,100,2021-06-16 19:02:00,NOTV
31.8,31.8,31.68,31.8,500,2021-06-16 19:03:00,NOTV
31.675,31.79,31.675,31.68,300,2021-06-16 19:04:00,NOTV
31.77,31.8,31.77,31.8,200,2021-06-16 19:05:00,NOTV
31.735,31.98,31.735,31.98,2215,2021-06-16 19:06:00,NOTV
31.8511,31.97,31.8511,31.9621,752,2021-06-16 19:07:00,NOTV
31.95,31.98,31.85,31.97,1300,2021-06-16 19:08:00,NOTV
31.88,31.89,31.68,31.715,1818,2021-06-16 19:09:00,NOTV
31.7699,31.7699,31.7699,31.7699,300,2021-06-16 19:10:00,NOTV
31.72,31.72,31.45,31.45,1100,2021-06-16 19:11:00,NOTV
31.55,31.55,31.46,31.46,300,2021-06-16 19:12:00,NOTV
31.25,31.25,31.25,31.25,100,2021-06-16 19:13:00,NOTV
31.0801,31.0801,31.0801,31.0801,150,2021-06-16 19:16:00,NOTV
31.13,31.13,31.13,31.13,100,2021-06-16 19:17:00,NOTV
31.31,31.31,31.18,31.19,400,2021-06-16 19:18:00,NOTV
31.255,31.4,31.255,31.4,810,2021-06-16 19:19:00,NOTV
31.5,31.5,31.5,31.5,100,2021-06-16 19:20:00,NOTV
31.62,31.62,31.62,31.62,100,2021-06-16 19:21:00,NOTV
31.52,31.615,31.43,31.43,300,2021-06-16 19:22:00,NOTV
31.35,31.35,31.35,31.35,200,2021-06-16 19:24:00,NOTV
31.34,31.34,31.325,31.325,200,2021-06-16 19:25:00,NOTV
31.18,31.36,31.17,31.17,300,2021-06-16 19:26:00,NOTV
31.18,31.18,31.18,31.18,100,2021-06-16 19:27:00,NOTV
31.16,31.25,31.15,31.15,300,2021-06-16 19:28:00,NOTV
31.14,31.29,31.14,31.16,300,2021-06-16 19:29:00,NOTV
31.16,31.2944,31.16,31.2944,2961,2021-06-16 19:30:00,NOTV
31.16,31.29,31.16,31.29,300,2021-06-16 19:31:00,NOTV
31.225,31.225,31.225,31.225,100,2021-06-16 19:32:00,NOTV
31.16,31.22,31.16,31.22,580,2021-06-16 19:33:00,NOTV
31.22,31.22,31.22,31.22,100,2021-06-16 19:34:00,NOTV
31.15,31.215,31.15,31.15,400,2021-06-16 19:35:00,NOTV
31.215,31.215,31.215,31.215,300,2021-06-16 19:36:00,NOTV
31.215,31.22,31.15,31.15,500,2021-06-16 19:37:00,NOTV
31.15,31.21,31.15,31.175,500,2021-06-16 19:38:00,NOTV
31.12,31.12,31.025,31.025,510,2021-06-16 19:39:00,NOTV
31.03,31.04,31.03,31.04,200,2021-06-16 19:40:00,NOTV
30.96,31.02,30.94,31.02,400,2021-06-16 19:41:00,NOTV
30.94,30.98,30.94,30.98,300,2021-06-16 19:42:00,NOTV
30.865,30.865,30.865,30.865,100,2021-06-16 19:43:00,NOTV
30.78,30.78,30.78,30.78,100,2021-06-16 19:44:00,NOTV
30.55,30.55,30.55,30.55,100,2021-06-16 19:45:00,NOTV
30.635,30.635,30.635,30.635,100,2021-06-16 19:47:00,NOTV
30.63,30.76,30.63,30.735,2000,2021-06-16 19:48:00,NOTV
30.74,30.74,30.74,30.74,300,2021-06-16 19:49:00,NOTV
30.68,30.716,30.68,30.68,700,2021-06-16 19:50:00,NOTV
30.71,30.71,30.71,30.71,100,2021-06-16 19:51:00,NOTV
30.765,30.765,30.765,30.765,100,2021-06-16 19:53:00,NOTV
30.76,30.765,30.37,30.37,1000,2021-06-16 19:54:00,NOTV
30.35,30.36,30.35,30.36,200,2021-06-16 19:55:00,NOTV
30.54,30.73,30.54,30.73,500,2021-06-16 19:56:00,NOTV
30.73,30.74,30.71,30.71,344,2021-06-16 19:57:00,NOTV
30.885,30.98,30.78,30.87,400,2021-06-16 19:58:00,NOTV
30.74,30.84,30.62,30.62,2347,2021-06-16 19:59:00,NOTV
30.6,30.6,30.6,30.6,6029,2021-06-16 20:00:00,NOTV
30.5,30.5,30.5,30.5,1161,2021-06-17 13:30:00,NOTV
30.4587,30.4587,30.4587,30.4587,200,2021-06-17 13:31:00,NOTV
30.3823,30.685,30.3823,30.685,8500,2021-06-17 13:40:00,NOTV
30.89,30.89,30.47,30.47,580,2021-06-17 13:42:00,NOTV
30.48,30.48,30.48,30.48,120,2021-06-17 13:43:00,NOTV
30.83,30.83,30.83,30.83,100,2021-06-17 13:44:00,NOTV
30.74,30.74,30.74,30.74,500,2021-06-17 13:48:00,NOTV
30.88,31.0,30.88,31.0,5875,2021-06-17 13:49:00,NOTV
30.97,30.97,30.9,30.9,300,2021-06-17 13:50:00,NOTV
30.9,30.9,30.9,30.9,100,2021-06-17 13:52:00,NOTV
30.9,31.055,30.9,31.055,1505,2021-06-17 13:53:00,NOTV
30.895,30.895,30.895,30.895,1200,2021-06-17 13:57:00,NOTV
30.75,30.78,30.75,30.78,200,2021-06-17 13:58:00,NOTV
30.825,31.03,30.78,30.815,886,2021-06-17 13:59:00,NOTV
30.82,30.82,30.82,30.82,100,2021-06-17 14:01:00,NOTV
30.815,30.815,30.815,30.815,200,2021-06-17 14:02:00,NOTV
30.815,30.815,30.815,30.815,100,2021-06-17 14:03:00,NOTV
30.78,30.78,30.78,30.78,100,2021-06-17 14:05:00,NOTV
30.745,30.745,30.745,30.745,200,2021-06-17 14:06:00,NOTV
30.74,30.74,30.74,30.74,200,2021-06-17 14:07:00,NOTV
30.74,30.74,30.74,30.74,201,2021-06-17 14:08:00,NOTV
30.74,30.74,30.74,30.74,100,2021-06-17 14:09:00,NOTV
30.8,30.83,30.78,30.79,1867,2021-06-17 14:16:00,NOTV
30.85,30.87,30.78,30.855,500,2021-06-17 14:17:00,NOTV
30.91,30.91,30.91,30.91,200,2021-06-17 14:18:00,NOTV
30.886,30.886,30.886,30.886,806,2021-06-17 14:21:00,NOTV
30.9,30.92,30.855,30.8668,1440,2021-06-17 14:22:00,NOTV
30.92,30.92,30.89,30.89,1527,2021-06-17 14:23:00,NOTV
30.72,30.75,30.61,30.633,510,2021-06-17 14:25:00,NOTV
30.76,30.76,30.76,30.76,100,2021-06-17 14:26:00,NOTV
30.84,30.85,30.84,30.85,200,2021-06-17 14:30:00,NOTV
30.68,30.68,30.68,30.68,300,2021-06-17 14:31:00,NOTV
30.69,30.73,30.68,30.68,300,2021-06-17 14:32:00,NOTV
30.7088,30.785,30.68,30.74,600,2021-06-17 14:33:00,NOTV
30.77,30.77,30.77,30.77,100,2021-06-17 14:34:00,NOTV
30.77,30.78,30.77,30.78,321,2021-06-17 14:35:00,NOTV
30.94,30.94,30.94,30.94,100,2021-06-17 14:39:00,NOTV
30.95,30.95,30.95,30.95,100,2021-06-17 14:41:00,NOTV
30.96,30.97,30.96,30.97,300,2021-06-17 14:45:00,NOTV
30.98,30.98,30.98,30.98,100,2021-06-17 14:46:00,NOTV
30.98,30.98,30.93,30.93,400,2021-06-17 14:47:00,NOTV
30.96,30.96,30.96,30.96,100,2021-06-17 14:49:00,NOTV
30.91,30.91,30.78,30.78,500,2021-06-17 14:52:00,NOTV
30.875,30.94,30.875,30.94,400,2021-06-17 14:53:00,NOTV
30.895,30.98,30.8,30.89,2899,2021-06-17 14:54:00,NOTV
30.77,30.92,30.77,30.92,600,2021-06-17 14:55:00,NOTV
30.92,30.92,30.92,30.92,200,2021-06-17 15:00:00,NOTV
30.95,30.95,30.825,30.825,300,2021-06-17 15:01:00,NOTV
30.86,30.86,30.86,30.86,200,2021-06-17 15:04:00,NOTV
30.86,30.86,30.86,30.86,200,2021-06-17 15:05:00,NOTV
30.86,30.96,30.86,30.86,500,2021-06-17 15:07:00,NOTV
30.95,30.95,30.95,30.95,100,2021-06-17 15:10:00,NOTV
30.86,30.96,30.86,30.96,300,2021-06-17 15:11:00,NOTV
30.86,30.94,30.86,30.94,300,2021-06-17 15:13:00,NOTV
30.97,30.97,30.97,30.97,100,2021-06-17 15:16:00,NOTV
30.81,30.94,30.81,30.94,600,2021-06-17 15:17:00,NOTV
30.97,31.05,30.925,31.014,7191,2021-06-17 15:20:00,NOTV
31.04,31.05,31.04,31.04,600,2021-06-17 15:21:00,NOTV
31.05,31.05,30.98,31.03,2100,2021-06-17 15:22:00,NOTV
31.04,31.04,31.04,31.04,100,2021-06-17 15:23:00,NOTV
31.05,31.05,31.005,31.05,3879,2021-06-17 15:27:00,NOTV
31.05,31.05,31.05,31.05,699,2021-06-17 15:29:00,NOTV
31.24,31.24,31.24,31.24,100,2021-06-17 15:35:00,NOTV
31.13,31.13,31.13,31.13,550,2021-06-17 15:36:00,NOTV
31.21,31.21,31.21,31.21,100,2021-06-17 15:38:00,NOTV
31.22,31.22,31.22,31.22,100,2021-06-17 15:41:00,NOTV
31.13,31.13,31.13,31.13,600,2021-06-17 15:44:00,NOTV
31.13,31.13,31.13,31.13,385,2021-06-17 15:47:00,NOTV
31.13,31.22,31.13,31.17,329,2021-06-17 15:50:00,NOTV
31.17,31.17,31.17,31.17,300,2021-06-17 15:52:00,NOTV
31.17,31.17,31.02,31.02,600,2021-06-17 15:54:00,NOTV
30.96,30.96,30.665,30.7,1600,2021-06-17 15:56:00,NOTV
30.7,30.7,30.7,30.7,214,2021-06-17 15:57:00,NOTV
31.07,31.07,31.07,31.07,100,2021-06-17 15:58:00,NOTV
30.7,30.7,30.7,30.7,200,2021-06-17 15:59:00,NOTV
31.0822,31.0822,30.87,30.87,550,2021-06-17 16:01:00,NOTV
30.6437,30.8612,30.6437,30.8612,1100,2021-06-17 16:03:00,NOTV
30.87,30.87,30.87,30.87,200,2021-06-17 16:04:00,NOTV
31.1,31.1,31.1,31.1,100,2021-06-17 16:05:00,NOTV
30.87,30.87,30.87,30.87,200,2021-06-17 16:08:00,NOTV
30.87,30.87,30.87,30.87,400,2021-06-17 16:11:00,NOTV
30.9325,30.995,30.9325,30.94,600,2021-06-17 16:13:00,NOTV
30.845,30.845,30.845,30.845,300,2021-06-17 16:14:00,NOTV
30.865,30.865,30.79,30.79,200,2021-06-17 16:16:00,NOTV
30.66,30.675,30.6,30.6,2430,2021-06-17 16:19:00,NOTV
30.39,30.39,30.39,30.39,100,2021-06-17 16:20:00,NOTV
30.4659,30.4659,30.4659,30.4659,100,2021-06-17 16:22:00,NOTV
30.37,30.37,30.37,30.37,100,2021-06-17 16:23:00,NOTV
30.37,30.42,30.25,30.25,400,2021-06-17 16:29:00,NOTV
30.4,30.4,30.4,30.4,100,2021-06-17 16:35:00,NOTV
30.3,30.55,30.3,30.55,300,2021-06-17 16:36:00,NOTV
30.55,30.55,30.55,30.55,100,2021-06-17 16:38:00,NOTV
30.82,30.82,30.82,30.82,100,2021-06-17 16:42:00,NOTV
30.64,30.64,30.64,30.64,100,2021-06-17 16:46:00,NOTV
30.73,30.735,30.64,30.735,2337,2021-06-17 16:47:00,NOTV
30.7,30.74,30.7,30.74,200,2021-06-17 16:50:00,NOTV
30.74,30.74,30.74,30.74,200,2021-06-17 16:52:00,NOTV
30.9,30.9,30.9,30.9,200,2021-06-17 16:55:00,NOTV
30.94,30.94,30.87,30.87,300,2021-06-17 17:00:00,NOTV
31.09,31.12,31.09,31.12,300,2021-06-17 17:03:00,NOTV
31.13,31.13,31.13,31.13,106,2021-06-17 17:04:00,NOTV
31.13,31.13,31.13,31.13,100,2021-06-17 17:08:00,NOTV
31.13,31.15,31.13,31.15,200,2021-06-17 17:09:00,NOTV
31.23,31.23,31.23,31.23,100,2021-06-17 17:11:00,NOTV
31.17,31.22,31.17,31.22,200,2021-06-17 17:12:00,NOTV
31.16,31.16,31.16,31.16,100,2021-06-17 17:13:00,NOTV
31.16,31.22,31.16,31.16,400,2021-06-17 17:15:00,NOTV
31.22,31.24,31.22,31.24,564,2021-06-17 17:20:00,NOTV
31.24,31.35,31.24,31.35,3855,2021-06-17 17:23:00,NOTV
31.34,31.34,31.34,31.34,100,2021-06-17 17:28:00,NOTV
31.34,31.4,31.34,31.4,1500,2021-06-17 17:29:00,NOTV
31.38,31.38,31.35,31.35,400,2021-06-17 17:30:00,NOTV
31.4,31.4,31.4,31.4,100,2021-06-17 17:34:00,NOTV
31.36,31.36,31.35,31.35,200,2021-06-17 17:39:00,NOTV
31.39,31.39,31.32,31.32,700,2021-06-17 17:40:00,NOTV
31.36,31.36,31.36,31.36,100,2021-06-17 17:41:00,NOTV
31.4,31.4,31.4,31.4,500,2021-06-17 17:43:00,NOTV
31.4,31.4,31.4,31.4,100,2021-06-17 17:44:00,NOTV
31.4,31.4,31.4,31.4,100,2021-06-17 17:45:00,NOTV
31.4,31.4,31.4,31.4,200,2021-06-17 17:47:00,NOTV
31.4,31.4,31.4,31.4,100,2021-06-17 17:50:00,NOTV
31.4,31.4,31.33,31.33,1525,2021-06-17 17:51:00,NOTV
31.27,31.315,31.26,31.315,400,2021-06-17 17:52:00,NOTV
31.37,31.37,31.37,31.37,100,2021-06-17 17:55:00,NOTV
31.38,31.38,31.38,31.38,100,2021-06-17 17:59:00,NOTV
31.35,31.4,31.35,31.4,1600,2021-06-17 18:00:00,NOTV
31.37,31.37,31.37,31.37,100,2021-06-17 18:02:00,NOTV
31.4,31.4,31.4,31.4,100,2021-06-17 18:04:00,NOTV
31.36,31.36,31.31,31.36,800,2021-06-17 18:05:00,NOTV
31.39,31.39,31.39,31.39,100,2021-06-17 18:07:00,NOTV
31.39,31.4,31.39,31.4,300,2021-06-17 18:09:00,NOTV
31.4,31.4,31.4,31.4,100,2021-06-17 18:11:00,NOTV
31.4,31.5,31.4,31.435,1379,2021-06-17 18:13:00,NOTV
31.5,31.5,31.5,31.5,500,2021-06-17 18:14:00,NOTV
31.5,31.5,31.5,31.5,200,2021-06-17 18:16:00,NOTV
31.41,31.41,31.4,31.4,300,2021-06-17 18:26:00,NOTV
31.43,31.44,31.43,31.44,300,2021-06-17 18:27:00,NOTV
31.49,31.49,31.49,31.49,100,2021-06-17 18:30:00,NOTV
31.39,31.39,31.39,31.39,330,2021-06-17 18:35:00,NOTV
31.49,31.49,31.49,31.49,100,2021-06-17 18:37:00,NOTV
31.5,31.5,31.5,31.5,100,2021-06-17 18:41:00,NOTV
31.5,31.5,31.5,31.5,100,2021-06-17 18:42:00,NOTV
31.5,31.5,31.46,31.46,300,2021-06-17 18:43:00,NOTV
31.5,31.5,31.45,31.475,1300,2021-06-17 18:44:00,NOTV
31.5,31.5,31.5,31.5,602,2021-06-17 18:45:00,NOTV
31.5,31.5,31.5,31.5,200,2021-06-17 18:46:00,NOTV
31.48,31.48,31.45,31.45,600,2021-06-17 18:48:00,NOTV
31.45,31.45,31.45,31.45,200,2021-06-17 18:51:00,NOTV
31.39,31.39,31.38,31.38,300,2021-06-17 18:52:00,NOTV
31.43,31.43,31.43,31.43,100,2021-06-17 18:56:00,NOTV
31.45,31.45,31.45,31.45,525,2021-06-17 18:57:00,NOTV
31.44,31.44,31.44,31.44,100,2021-06-17 18:59:00,NOTV
31.4499,31.4499,31.4499,31.4499,500,2021-06-17 19:00:00,NOTV
31.45,31.45,31.39,31.39,2694,2021-06-17 19:01:00,NOTV
31.45,31.45,31.45,31.45,1500,2021-06-17 19:02:00,NOTV
31.45,31.45,31.45,31.45,1418,2021-06-17 19:03:00,NOTV
31.44,31.47,31.44,31.46,500,2021-06-17 19:04:00,NOTV
31.46,31.47,31.46,31.47,300,2021-06-17 19:05:00,NOTV
31.48,31.48,31.42,31.42,500,2021-06-17 19:10:00,NOTV
31.49,31.49,31.49,31.49,100,2021-06-17 19:12:00,NOTV
31.39,31.42,31.37,31.42,500,2021-06-17 19:20:00,NOTV
31.48,31.5,31.334,31.5,900,2021-06-17 19:22:00,NOTV
31.45,31.45,31.44,31.44,300,2021-06-17 19:23:00,NOTV
31.49,31.49,31.49,31.49,200,2021-06-17 19:25:00,NOTV
31.49,31.49,31.43,31.43,700,2021-06-17 19:27:00,NOTV
31.49,31.49,31.49,31.49,100,2021-06-17 19:28:00,NOTV
31.49,31.49,31.49,31.49,100,2021-06-17 19:29:00,NOTV
31.49,31.49,31.47,31.47,200,2021-06-17 19:31:00,NOTV
31.5,31.5,31.48,31.5,1100,2021-06-17 19:32:00,NOTV
31.48,31.49,31.48,31.48,300,2021-06-17 19:34:00,NOTV
31.48,31.48,31.46,31.46,400,2021-06-17 19:36:00,NOTV
31.48,31.48,31.46,31.46,500,2021-06-17 19:37:00,NOTV
31.46,31.46,31.46,31.46,200,2021-06-17 19:38:00,NOTV
31.465,31.465,31.465,31.465,300,2021-06-17 19:40:00,NOTV
31.465,31.47,31.45,31.47,400,2021-06-17 19:41:00,NOTV
31.5,31.5,31.46,31.46,400,2021-06-17 19:42:00,NOTV
31.485,31.5,31.45,31.46,2962,2021-06-17 19:43:00,NOTV
31.47,31.47,31.47,31.47,100,2021-06-17 19:44:00,NOTV
31.44,31.45,31.435,31.45,381,2021-06-17 19:45:00,NOTV
31.45,31.46,31.45,31.46,400,2021-06-17 19:46:00,NOTV
31.46,31.46,31.46,31.46,300,2021-06-17 19:47:00,NOTV
31.45,31.46,31.4,31.4,1072,2021-06-17 19:48:00,NOTV
31.34,31.34,31.34,31.34,200,2021-06-17 19:49:00,NOTV
31.36,31.36,31.36,31.36,100,2021-06-17 19:50:00,NOTV
31.4,31.4,31.4,31.4,100,2021-06-17 19:51:00,NOTV
31.4,31.41,31.4,31.41,400,2021-06-17 19:53:00,NOTV
31.41,31.41,31.41,31.41,100,2021-06-17 19:54:00,NOTV
31.395,31.395,31.395,31.395,100,2021-06-17 19:55:00,NOTV
31.415,31.46,31.415,31.46,700,2021-06-17 19:56:00,NOTV
31.46,31.465,31.46,31.465,500,2021-06-17 19:57:00,NOTV
31.49,31.49,31.42,31.42,500,2021-06-17 19:58:00,NOTV
31.49,31.5,31.45,31.5,1938,2021-06-17 19:59:00,NOTV
31.42,31.42,31.42,31.42,4364,2021-06-17 20:00:00,NOTV
31.5,31.5,31.45,31.45,726,2021-06-18 13:30:00,NOTV
31.22,31.22,31.18,31.18,200,2021-06-18 13:31:00,NOTV
31.17,31.665,31.17,31.65,2700,2021-06-18 13:41:00,NOTV
31.5848,31.5848,31.455,31.455,896,2021-06-18 13:43:00,NOTV
31.61,31.61,31.6,31.61,300,2021-06-18 13:44:00,NOTV
31.6,31.6,31.5422,31.5422,200,2021-06-18 13:45:00,NOTV
31.63,31.63,31.63,31.63,100,2021-06-18 13:47:00,NOTV
31.64,31.64,31.3484,31.3484,1300,2021-06-18 13:48:00,NOTV
31.57,31.57,31.57,31.57,100,2021-06-18 13:50:00,NOTV
31.53,31.53,31.53,31.53,100,2021-06-18 13:53:00,NOTV
31.56,31.56,31.56,31.56,200,2021-06-18 13:54:00,NOTV
31.54,31.56,31.54,31.56,368,2021-06-18 13:59:00,NOTV
31.64,31.64,31.64,31.64,100,2021-06-18 14:02:00,NOTV
31.65,31.65,31.65,31.65,200,2021-06-18 14:03:00,NOTV
31.65,31.65,31.65,31.65,1000,2021-06-18 14:04:00,NOTV
31.59,31.59,31.59,31.59,100,2021-06-18 14:05:00,NOTV
31.65,31.65,31.65,31.65,200,2021-06-18 14:06:00,NOTV
31.575,31.575,31.575,31.575,100,2021-06-18 14:07:00,NOTV
31.51,31.545,31.49,31.49,951,2021-06-18 14:09:00,NOTV
31.51,31.53,31.51,31.53,300,2021-06-18 14:14:00,NOTV
31.43,31.43,31.22,31.22,200,2021-06-18 14:17:00,NOTV
31.28,31.28,31.28,31.28,100,2021-06-18 14:18:00,NOTV
31.24,31.24,31.24,31.24,200,2021-06-18 14:21:00,NOTV
31.385,31.385,31.385,31.385,100,2021-06-18 14:24:00,NOTV
31.43,31.43,31.43,31.43,100,2021-06-18 14:27:00,NOTV
31.35,31.35,31.35,31.35,200,2021-06-18 14:28:00,NOTV
31.55,31.55,31.55,31.55,100,2021-06-18 14:29:00,NOTV
31.57,31.63,31.56,31.63,300,2021-06-18 14:30:00,NOTV
31.63,31.63,31.63,31.63,100,2021-06-18 14:33:00,NOTV
31.57,31.57,31.56,31.56,1000,2021-06-18 14:35:00,NOTV
31.55,31.55,31.55,31.55,100,2021-06-18 14:39:00,NOTV
31.53,31.58,31.52,31.58,400,2021-06-18 14:44:00,NOTV
31.61,31.61,31.61,31.61,100,2021-06-18 14:49:00,NOTV
31.56,31.57,31.55,31.55,700,2021-06-18 14:51:00,NOTV
31.52,31.52,31.52,31.52,100,2021-06-18 14:52:00,NOTV
31.38,31.53,31.38,31.53,200,2021-06-18 14:53:00,NOTV
31.22,31.22,31.22,31.22,103,2021-06-18 14:55:00,NOTV
31.57,31.57,31.57,31.57,100,2021-06-18 14:57:00,NOTV
31.41,31.47,31.38,31.47,400,2021-06-18 14:59:00,NOTV
31.3002,31.3002,31.3002,31.3002,500,2021-06-18 15:02:00,NOTV
31.4532,31.4532,31.4532,31.4532,127,2021-06-18 15:03:00,NOTV
31.33,31.44,31.28,31.44,900,2021-06-18 15:09:00,NOTV
31.46,31.46,31.46,31.46,100,2021-06-18 15:10:00,NOTV
31.48,31.64,31.48,31.635,400,2021-06-18 15:15:00,NOTV
31.6103,31.6103,31.6103,31.6103,350,2021-06-18 15:16:00,NOTV
31.65,31.65,31.65,31.65,100,2021-06-18 15:20:00,NOTV
31.64,31.64,31.64,31.64,100,2021-06-18 15:22:00,NOTV
31.64,31.64,31.64,31.64,100,2021-06-18 15:23:00,NOTV
31.64,31.64,31.589,31.64,500,2021-06-18 15:25:00,NOTV
31.47,31.64,31.47,31.64,228,2021-06-18 15:29:00,NOTV
31.64,31.64,31.64,31.64,700,2021-06-18 15:31:00,NOTV
31.6,31.64,31.6,31.64,400,2021-06-18 15:33:00,NOTV
31.65,31.65,31.625,31.65,900,2021-06-18 15:35:00,NOTV
31.65,31.65,31.6,31.61,1450,2021-06-18 15:36:00,NOTV
31.6,31.6,31.6,31.6,700,2021-06-18 15:37:00,NOTV
31.62,31.62,31.53,31.53,400,2021-06-18 15:44:00,NOTV
31.64,31.64,31.61,31.63,400,2021-06-18 15:51:00,NOTV
31.62,31.62,31.62,31.62,100,2021-06-18 15:52:00,NOTV
31.65,31.65,31.65,31.65,1156,2021-06-18 15:54:00,NOTV
31.68,31.75,31.68,31.75,2400,2021-06-18 15:55:00,NOTV
31.74,31.75,31.73,31.75,2370,2021-06-18 15:56:00,NOTV
31.75,31.75,31.73,31.7484,797,2021-06-18 15:57:00,NOTV
31.75,31.75,31.75,31.75,200,2021-06-18 15:58:00,NOTV
31.75,31.75,31.72,31.72,200,2021-06-18 16:00:00,NOTV
31.69,31.71,31.65,31.65,500,2021-06-18 16:01:00,NOTV
31.65,31.65,31.64,31.64,200,2021-06-18 16:05:00,NOTV
31.71,31.71,31.71,31.71,100,2021-06-18 16:11:00,NOTV
31.74,31.75,31.74,31.75,500,2021-06-18 16:14:00,NOTV
31.69,31.69,31.69,31.69,100,2021-06-18 16:16:00,NOTV
31.75,31.75,31.75,31.75,300,2021-06-18 16:18:00,NOTV
31.75,31.75,31.75,31.75,200,2021-06-18 16:25:00,NOTV
31.63,31.75,31.63,31.75,300,2021-06-18 16:26:00,NOTV
31.75,31.75,31.75,31.75,200,2021-06-18 16:27:00,NOTV
31.72,31.72,31.5,31.5,757,2021-06-18 16:28:00,NOTV
31.6494,31.6494,31.63,31.63,200,2021-06-18 16:31:00,NOTV
31.675,31.71,31.675,31.71,200,2021-06-18 16:32:00,NOTV
31.71,31.71,31.71,31.71,200,2021-06-18 16:33:00,NOTV
31.68,31.68,31.68,31.68,100,2021-06-18 16:38:00,NOTV
31.7,31.7,31.64,31.64,700,2021-06-18 16:43:00,NOTV
31.69,31.69,31.69,31.69,100,2021-06-18 16:44:00,NOTV
31.63,31.63,31.48,31.48,1795,2021-06-18 16:45:00,NOTV
31.55,31.55,31.54,31.54,700,2021-06-18 16:51:00,NOTV
31.44,31.56,31.44,31.56,300,2021-06-18 16:53:00,NOTV
31.57,31.57,31.57,31.57,100,2021-06-18 16:57:00,NOTV
31.57,31.57,31.57,31.57,100,2021-06-18 16:58:00,NOTV
31.5392,31.5392,31.5392,31.5392,315,2021-06-18 17:01:00,NOTV
31.46,31.46,31.46,31.46,189,2021-06-18 17:07:00,NOTV
31.465,31.465,31.465,31.465,100,2021-06-18 17:08:00,NOTV
31.5599,31.5599,31.5599,31.5599,286,2021-06-18 17:15:00,NOTV
31.55,31.55,31.455,31.55,1000,2021-06-18 17:16:00,NOTV
31.475,31.585,31.45,31.585,400,2021-06-18 17:17:00,NOTV
31.5,31.54,31.485,31.4999,510,2021-06-18 17:22:00,NOTV
31.575,31.575,31.575,31.575,100,2021-06-18 17:26:00,NOTV
31.56,31.56,31.56,31.56,100,2021-06-18 17:27:00,NOTV
31.49,31.49,31.49,31.49,100,2021-06-18 17:28:00,NOTV
31.485,31.5,31.485,31.5,200,2021-06-18 17:33:00,NOTV
31.485,31.5,31.485,31.5,334,2021-06-18 17:36:00,NOTV
31.58,31.58,31.58,31.58,200,2021-06-18 17:38:00,NOTV
31.5,31.5,31.45,31.485,400,2021-06-18 17:40:00,NOTV
31.485,31.485,31.485,31.485,400,2021-06-18 17:41:00,NOTV
31.485,31.485,31.485,31.485,200,2021-06-18 17:42:00,NOTV
31.54,31.54,31.54,31.54,200,2021-06-18 17:43:00,NOTV
31.485,31.485,31.28,31.29,1100,2021-06-18 17:44:00,NOTV
31.215,31.215,31.215,31.215,100,2021-06-18 17:53:00,NOTV
31.2,31.26,31.2,31.24,400,2021-06-18 17:54:00,NOTV
31.23,31.23,31.15,31.15,500,2021-06-18 17:55:00,NOTV
31.09,31.09,31.09,31.09,128,2021-06-18 17:56:00,NOTV
31.1,31.1,31.05,31.05,600,2021-06-18 17:58:00,NOTV
30.95,30.95,30.95,30.95,103,2021-06-18 18:00:00,NOTV
31.025,31.025,31.025,31.025,100,2021-06-18 18:07:00,NOTV
31.025,31.025,31.02,31.02,200,2021-06-18 18:08:00,NOTV
31.1,31.1,31.015,31.015,400,2021-06-18 18:09:00,NOTV
31.01,31.01,31.01,31.01,100,2021-06-18 18:12:00,NOTV
31.01,31.01,31.01,31.01,100,2021-06-18 18:14:00,NOTV
31.08,31.08,31.0,31.015,300,2021-06-18 18:15:00,NOTV
31.07,31.27,31.07,31.25,1000,2021-06-18 18:16:00,NOTV
31.245,31.245,31.065,31.065,800,2021-06-18 18:17:00,NOTV
30.95,30.97,30.865,30.865,500,2021-06-18 18:21:00,NOTV
30.76,30.81,30.76,30.76,466,2021-06-18 18:23:00,NOTV
30.88,30.99,30.88,30.99,200,2021-06-18 18:26:00,NOTV
30.88,30.88,30.88,30.88,100,2021-06-18 18:29:00,NOTV
30.8,30.8,30.8,30.8,100,2021-06-18 18:34:00,NOTV
30.985,30.985,30.8,30.8,400,2021-06-18 18:35:00,NOTV
30.89,30.89,30.78,30.89,1157,2021-06-18 18:36:00,NOTV
30.89,30.89,30.78,30.78,200,2021-06-18 18:37:00,NOTV
30.5001,30.5001,30.5001,30.5001,508,2021-06-18 18:40:00,NOTV
30.68,30.68,30.68,30.68,100,2021-06-18 18:41:00,NOTV
30.595,30.595,30.5,30.5,200,2021-06-18 18:43:00,NOTV
30.3929,30.3929,30.3058,30.3058,200,2021-06-18 18:44:00,NOTV
30.285,30.285,30.285,30.285,100,2021-06-18 18:46:00,NOTV
30.285,30.285,30.285,30.285,100,2021-06-18 18:47:00,NOTV
30.285,30.285,30.285,30.285,100,2021-06-18 18:48:00,NOTV
30.58,30.58,30.29,30.29,300,2021-06-18 18:51:00,NOTV
30.285,30.285,30.08,30.08,800,2021-06-18 18:52:00,NOTV
29.895,29.94,29.63,29.63,1386,2021-06-18 18:53:00,NOTV
29.51,29.52,29.48,29.52,1100,2021-06-18 18:54:00,NOTV
29.495,29.495,29.495,29.495,100,2021-06-18 18:55:00,NOTV
29.47,29.47,29.47,29.47,200,2021-06-18 18:56:00,NOTV
29.7,29.7,29.5,29.5,600,2021-06-18 18:59:00,NOTV
29.7,29.7,29.5,29.5,342,2021-06-18 19:00:00,NOTV
29.195,29.385,29.1501,29.385,525,2021-06-18 19:01:00,NOTV
29.375,29.54,29.375,29.375,300,2021-06-18 19:03:00,NOTV
29.5,29.5794,29.35,29.35,305,2021-06-18 19:04:00,NOTV
29.41,29.41,29.41,29.41,100,2021-06-18 19:05:00,NOTV
29.485,29.485,29.34,29.34,200,2021-06-18 19:07:00,NOTV
29.58,29.58,29.34,29.34,300,2021-06-18 19:08:00,NOTV
29.51,29.51,29.51,29.51,100,2021-06-18 19:10:00,NOTV
29.68,29.68,29.66,29.66,200,2021-06-18 19:11:00,NOTV
29.65,29.65,29.65,29.65,369,2021-06-18 19:12:00,NOTV
29.54,29.645,29.38,29.38,1600,2021-06-18 19:14:00,NOTV
29.46,29.59,29.33,29.33,1160,2021-06-18 19:15:00,NOTV
29.39,29.39,29.39,29.39,100,2021-06-18 19:16:00,NOTV
29.39,29.39,29.39,29.39,100,2021-06-18 19:17:00,NOTV
29.5,29.62,29.5,29.62,422,2021-06-18 19:18:00,NOTV
29.6,29.63,29.6,29.63,300,2021-06-18 19:19:00,NOTV
29.51,29.52,29.36,29.36,900,2021-06-18 19:20:00,NOTV
29.3,29.36,29.3,29.3,580,2021-06-18 19:21:00,NOTV
29.46,29.46,29.31,29.31,700,2021-06-18 19:22:00,NOTV
29.31,29.39,29.3,29.3,480,2021-06-18 19:23:00,NOTV
29.3,29.3,29.3,29.3,200,2021-06-18 19:24:00,NOTV
29.36,29.36,29.36,29.36,200,2021-06-18 19:25:00,NOTV
29.3,29.32,29.3,29.32,300,2021-06-18 19:26:00,NOTV
29.32,29.5,29.32,29.37,447,2021-06-18 19:27:00,NOTV
29.32,29.48,29.32,29.48,200,2021-06-18 19:28:00,NOTV
29.32,29.565,29.32,29.565,400,2021-06-18 19:29:00,NOTV
29.565,29.615,29.37,29.615,600,2021-06-18 19:30:00,NOTV
29.61,29.61,29.255,29.26,900,2021-06-18 19:31:00,NOTV
29.2531,29.485,29.2531,29.29,550,2021-06-18 19:32:00,NOTV
29.3,29.3,29.3,29.3,100,2021-06-18 19:33:00,NOTV
29.3386,29.485,29.29,29.41,900,2021-06-18 19:34:00,NOTV
29.3,29.42,29.26,29.42,300,2021-06-18 19:35:00,NOTV
29.36,29.36,29.25,29.25,776,2021-06-18 19:36:00,NOTV
29.1,29.43,29.09,29.43,800,2021-06-18 19:37:00,NOTV
29.38,29.38,29.18,29.19,1007,2021-06-18 19:38:00,NOTV
29.19,29.29,29.19,29.2,300,2021-06-18 19:39:00,NOTV
29.2,29.2,29.19,29.19,200,2021-06-18 19:40:00,NOTV
29.2,29.31,29.17,29.31,500,2021-06-18 19:41:00,NOTV
29.17,29.375,29.17,29.17,1500,2021-06-18 19:43:00,NOTV
29.09,29.2,29.0,29.0,711,2021-06-18 19:44:00,NOTV
29.0,29.0,28.8,28.8,500,2021-06-18 19:45:00,NOTV
28.779,29.15,28.779,28.96,4365,2021-06-18 19:46:00,NOTV
28.95,29.11,28.81,29.11,868,2021-06-18 19:47:00,NOTV
28.92,29.12,28.92,28.94,772,2021-06-18 19:48:00,NOTV
29.085,29.12,28.94,29.03,987,2021-06-18 19:49:00,NOTV
29.07,29.24,28.86,29.0455,2200,2021-06-18 19:50:00,NOTV
29.075,29.075,29.04,29.065,500,2021-06-18 19:51:00,NOTV
29.09,29.185,29.0,29.15,700,2021-06-18 19:52:00,NOTV
29.15,29.235,29.11,29.235,600,2021-06-18 19:53:00,NOTV
29.195,29.195,29.11,29.11,1200,2021-06-18 19:54:00,NOTV
29.035,29.035,28.82,29.0,480,2021-06-18 19:55:00,NOTV
28.84,28.97,28.82,28.82,700,2021-06-18 19:56:00,NOTV
28.82,28.92,28.82,28.87,1100,2021-06-18 19:57:00,NOTV
28.86,28.885,28.82,28.885,755,2021-06-18 19:58:00,NOTV
28.885,28.885,28.625,28.63,4912,2021-06-18 19:59:00,NOTV
28.75,28.75,28.75,28.75,190592,2021-06-18 20:00:00,NOTV
28.191,28.191,28.191,28.191,164,2021-06-18 20:03:00,NOTV
28.75,28.75,28.22,28.285,2432,2021-06-21 13:30:00,NOTV
28.25,28.25,28.24,28.24,200,2021-06-21 13:31:00,NOTV
28.2708,28.325,28.27,28.27,300,2021-06-21 13:32:00,NOTV
28.32,28.32,28.32,28.32,100,2021-06-21 13:33:00,NOTV
29.33,29.33,28.2817,28.36,1740,2021-06-21 13:34:00,NOTV
28.77,28.795,28.415,28.43,400,2021-06-21 13:35:00,NOTV
28.57,28.57,28.39,28.39,500,2021-06-21 13:36:00,NOTV
28.19,28.19,27.98,27.98,748,2021-06-21 13:37:00,NOTV
27.48,27.72,27.47,27.47,320,2021-06-21 13:38:00,NOTV
27.51,27.51,27.51,27.51,100,2021-06-21 13:39:00,NOTV
27.54,27.54,27.54,27.54,100,2021-06-21 13:40:00,NOTV
27.48,27.495,27.48,27.495,200,2021-06-21 13:41:00,NOTV
27.5,27.5,27.5,27.5,100,2021-06-21 13:42:00,NOTV
27.55,27.55,27.51,27.51,300,2021-06-21 13:43:00,NOTV
27.5,27.67,27.5,27.5,400,2021-06-21 13:44:00,NOTV
27.525,27.525,27.5,27.5,200,2021-06-21 13:45:00,NOTV
27.66,27.7,27.53,27.53,400,2021-06-21 13:46:00,NOTV
27.54,27.595,27.29,27.29,974,2021-06-21 13:47:00,NOTV
27.44,27.44,27.155,27.155,600,2021-06-21 13:48:00,NOTV
27.59,27.59,27.57,27.57,300,2021-06-21 13:50:00,NOTV
27.5461,27.5461,27.5461,27.5461,100,2021-06-21 13:52:00,NOTV
28.19,28.19,28.19,28.19,100,2021-06-21 13:56:00,NOTV
27.94,27.94,27.94,27.94,100,2021-06-21 13:57:00,NOTV
28.14,28.15,28.14,28.15,200,2021-06-21 13:58:00,NOTV
28.17,28.31,28.17,28.31,1118,2021-06-21 13:59:00,NOTV
28.5,28.5,28.5,28.5,900,2021-06-21 14:00:00,NOTV
28.765,28.9125,28.765,28.9125,338,2021-06-21 14:02:00,NOTV
28.62,28.96,28.62,28.96,660,2021-06-21 14:03:00,NOTV
28.765,28.765,28.765,28.765,300,2021-06-21 14:04:00,NOTV
28.595,28.595,28.58,28.58,200,2021-06-21 14:07:00,NOTV
28.57,28.57,28.57,28.57,300,2021-06-21 14:08:00,NOTV
28.295,28.295,28.295,28.295,100,2021-06-21 14:11:00,NOTV
28.42,28.42,28.28,28.28,200,2021-06-21 14:12:00,NOTV
28.29,28.29,28.29,28.29,100,2021-06-21 14:15:00,NOTV
28.27,28.27,28.0,28.0,638,2021-06-21 14:16:00,NOTV
28.025,28.025,28.025,28.025,200,2021-06-21 14:20:00,NOTV
27.85,27.85,27.54,27.735,740,2021-06-21 14:21:00,NOTV
27.64,27.64,27.6,27.6,200,2021-06-21 14:27:00,NOTV
27.785,27.89,27.785,27.89,600,2021-06-21 14:31:00,NOTV
28.0,28.04,27.9,28.04,3551,2021-06-21 14:32:00,NOTV
27.99,27.99,27.91,27.91,370,2021-06-21 14:34:00,NOTV
27.9,27.9,27.9,27.9,100,2021-06-21 14:36:00,NOTV
27.716,27.716,27.716,27.716,300,2021-06-21 14:42:00,NOTV
27.69,27.69,27.69,27.69,100,2021-06-21 14:45:00,NOTV
27.79,27.79,27.79,27.79,100,2021-06-21 14:46:00,NOTV
27.8,27.8,27.8,27.8,100,2021-06-21 14:49:00,NOTV
27.775,27.775,27.775,27.775,200,2021-06-21 14:51:00,NOTV
27.86,27.86,27.86,27.86,230,2021-06-21 14:57:00,NOTV
27.9,27.9,27.9,27.9,324,2021-06-21 14:58:00,NOTV
27.93,27.93,27.93,27.93,100,2021-06-21 14:59:00,NOTV
27.95,27.95,27.95,27.95,100,2021-06-21 15:00:00,NOTV
27.92,27.92,27.91,27.91,205,2021-06-21 15:06:00,NOTV
27.93,27.94,27.93,27.94,400,2021-06-21 15:07:00,NOTV
27.93,27.94,27.93,27.94,3300,2021-06-21 15:08:00,NOTV
28.0,28.0,27.9372,27.9372,502,2021-06-21 15:09:00,NOTV
27.99,27.99,27.99,27.99,100,2021-06-21 15:10:00,NOTV
27.99,27.99,27.99,27.99,200,2021-06-21 15:14:00,NOTV
27.99,27.99,27.99,27.99,100,2021-06-21 15:15:00,NOTV
27.97,27.99,27.97,27.99,200,2021-06-21 15:16:00,NOTV
27.99,27.99,27.99,27.99,1903,2021-06-21 15:18:00,NOTV
27.9,27.9,27.9,27.9,100,2021-06-21 15:21:00,NOTV
27.92,27.92,27.92,27.92,100,2021-06-21 15:22:00,NOTV
27.99,27.99,27.94,27.99,300,2021-06-21 15:23:00,NOTV
27.95,27.95,27.95,27.95,100,2021-06-21 15:24:00,NOTV
27.91,27.91,27.91,27.91,100,2021-06-21 15:25:00,NOTV
27.86,27.86,27.86,27.86,201,2021-06-21 15:27:00,NOTV
27.8231,27.8231,27.8231,27.8231,120,2021-06-21 15:29:00,NOTV
27.7,27.7,27.49,27.49,200,2021-06-21 15:30:00,NOTV
27.49,27.495,27.49,27.495,200,2021-06-21 15:31:00,NOTV
27.86,27.86,27.86,27.86,100,2021-06-21 15:36:00,NOTV
27.67,27.67,27.67,27.67,300,2021-06-21 15:37:00,NOTV
27.675,27.675,27.675,27.675,100,2021-06-21 15:38:00,NOTV
27.8109,27.8109,27.8109,27.8109,200,2021-06-21 15:44:00,NOTV
27.86,27.86,27.85,27.85,200,2021-06-21 15:45:00,NOTV
27.86,27.86,27.86,27.86,334,2021-06-21 15:46:00,NOTV
27.81,27.81,27.81,27.81,200,2021-06-21 15:53:00,NOTV
27.49,27.49,27.48,27.48,730,2021-06-21 15:55:00,NOTV
27.48,27.48,27.48,27.48,133,2021-06-21 15:56:00,NOTV
27.4622,27.4622,27.4622,27.4622,400,2021-06-21 15:59:00,NOTV
27.58,27.58,27.57,27.57,234,2021-06-21 16:01:00,NOTV
27.59,27.59,27.43,27.43,244,2021-06-21 16:08:00,NOTV
27.405,27.405,27.405,27.405,100,2021-06-21 16:17:00,NOTV
27.4,27.53,27.37,27.53,460,2021-06-21 16:18:00,NOTV
27.81,27.81,27.81,27.81,100,2021-06-21 16:21:00,NOTV
27.77,27.77,27.61,27.61,400,2021-06-21 16:24:00,NOTV
27.64,27.64,27.64,27.64,100,2021-06-21 16:29:00,NOTV
27.625,27.625,27.625,27.625,400,2021-06-21 16:31:00,NOTV
27.595,27.595,27.595,27.595,100,2021-06-21 16:35:00,NOTV
27.59,27.59,27.59,27.59,100,2021-06-21 16:36:00,NOTV
27.76,27.96,27.76,27.91,452,2021-06-21 16:46:00,NOTV
27.93,27.93,27.93,27.93,100,2021-06-21 16:51:00,NOTV
27.91,27.91,27.91,27.91,135,2021-06-21 16:55:00,NOTV
27.96,27.97,27.96,27.97,737,2021-06-21 17:04:00,NOTV
28.0,28.15,28.0,28.15,6591,2021-06-21 17:05:00,NOTV
28.4,28.4,28.4,28.4,100,2021-06-21 17:06:00,NOTV
28.4,28.4,28.4,28.4,100,2021-06-21 17:07:00,NOTV
28.84,28.84,28.84,28.84,200,2021-06-21 17:12:00,NOTV
28.68,28.68,28.67,28.67,887,2021-06-21 17:13:00,NOTV
28.94,28.94,28.4,28.4,200,2021-06-21 17:24:00,NOTV
28.4451,28.4451,28.4451,28.4451,806,2021-06-21 17:26:00,NOTV
28.97,29.135,28.97,29.135,300,2021-06-21 17:30:00,NOTV
29.1336,29.1336,29.1336,29.1336,200,2021-06-21 17:32:00,NOTV
29.3,29.3,29.3,29.3,100,2021-06-21 17:33:00,NOTV
29.29,29.29,29.29,29.29,100,2021-06-21 17:40:00,NOTV
29.1799,29.34,29.1799,29.285,781,2021-06-21 17:47:00,NOTV
29.1873,29.1873,29.1873,29.1873,300,2021-06-21 17:48:00,NOTV
29.19,29.19,29.19,29.19,200,2021-06-21 17:49:00,NOTV
29.355,29.53,29.355,29.53,992,2021-06-21 17:50:00,NOTV
29.33,29.33,29.33,29.33,202,2021-06-21 17:57:00,NOTV
29.09,29.09,29.09,29.09,100,2021-06-21 18:07:00,NOTV
29.21,29.21,29.21,29.21,300,2021-06-21 18:10:00,NOTV
29.3,29.3,29.3,29.3,100,2021-06-21 18:11:00,NOTV
29.33,29.43,29.33,29.43,1060,2021-06-21 18:12:00,NOTV
29.63,29.63,29.485,29.485,200,2021-06-21 18:16:00,NOTV
29.64,29.64,29.64,29.64,100,2021-06-21 18:17:00,NOTV
29.32,29.485,29.32,29.485,6000,2021-06-21 18:18:00,NOTV
29.555,29.555,29.555,29.555,200,2021-06-21 18:19:00,NOTV
29.46,29.5018,28.9,28.9,8480,2021-06-21 18:20:00,NOTV
28.87,28.87,28.87,28.87,100,2021-06-21 18:25:00,NOTV
28.85,28.85,28.85,28.85,100,2021-06-21 18:26:00,NOTV
28.79,29.18,28.79,28.8,300,2021-06-21 18:28:00,NOTV
29.01,29.01,29.01,29.01,100,2021-06-21 18:34:00,NOTV
29.01,29.02,29.01,29.02,700,2021-06-21 18:39:00,NOTV
29.0,29.055,29.0,29.055,400,2021-06-21 18:43:00,NOTV
29.09,29.09,29.01,29.09,335,2021-06-21 18:50:00,NOTV
28.875,28.875,28.875,28.875,337,2021-06-21 18:52:00,NOTV
28.875,28.875,28.875,28.875,100,2021-06-21 18:55:00,NOTV
28.88,28.88,28.88,28.88,406,2021-06-21 19:00:00,NOTV
29.06,29.07,29.06,29.06,300,2021-06-21 19:03:00,NOTV
29.06,29.07,29.06,29.06,500,2021-06-21 19:07:00,NOTV
29.1,29.1,29.07,29.08,500,2021-06-21 19:08:00,NOTV
28.88,28.88,28.88,28.88,100,2021-06-21 19:11:00,NOTV
28.88,28.88,28.56,28.8,700,2021-06-21 19:14:00,NOTV
28.325,28.325,28.325,28.325,100,2021-06-21 19:15:00,NOTV
28.46,28.46,28.46,28.46,100,2021-06-21 19:16:00,NOTV
28.545,28.545,28.545,28.545,100,2021-06-21 19:18:00,NOTV
28.545,28.545,28.545,28.545,200,2021-06-21 19:21:00,NOTV
28.565,28.565,28.48,28.48,800,2021-06-21 19:26:00,NOTV
28.48,28.48,28.48,28.48,100,2021-06-21 19:29:00,NOTV
28.56,28.61,28.55,28.56,900,2021-06-21 19:32:00,NOTV
28.78,28.78,28.6,28.685,500,2021-06-21 19:33:00,NOTV
28.93,28.93,28.93,28.93,100,2021-06-21 19:35:00,NOTV
28.82,28.82,28.82,28.82,100,2021-06-21 19:36:00,NOTV
28.815,28.815,28.815,28.815,100,2021-06-21 19:39:00,NOTV
28.96,28.96,28.96,28.96,100,2021-06-21 19:40:00,NOTV
28.82,28.82,28.82,28.82,100,2021-06-21 19:41:00,NOTV
28.88,28.88,28.88,28.88,100,2021-06-21 19:43:00,NOTV
28.85,28.85,28.77,28.77,200,2021-06-21 19:45:00,NOTV
28.69,28.69,28.69,28.69,100,2021-06-21 19:46:00,NOTV
28.85,28.85,28.76,28.8445,753,2021-06-21 19:47:00,NOTV
28.79,28.79,28.79,28.79,100,2021-06-21 19:49:00,NOTV
28.79,28.86,28.79,28.83,675,2021-06-21 19:50:00,NOTV
28.9,28.9,28.8,28.8,1200,2021-06-21 19:51:00,NOTV
28.9774,28.9774,28.9774,28.9774,207,2021-06-21 19:52:00,NOTV
28.795,28.795,28.795,28.795,100,2021-06-21 19:54:00,NOTV
28.82,28.82,28.82,28.82,100,2021-06-21 19:55:00,NOTV
28.84,28.84,28.69,28.805,696,2021-06-21 19:56:00,NOTV
28.85,28.85,28.75,28.75,200,2021-06-21 19:57:00,NOTV
28.69,28.85,28.69,28.85,500,2021-06-21 19:58:00,NOTV
28.75,28.79,28.6,28.61,656,2021-06-21 19:59:00,NOTV
28.6,28.6,28.6,28.6,6206,2021-06-21 20:00:00,NOTV
28.6,28.6,28.6,28.6,692,2021-06-22 13:30:00,NOTV
29.0,29.0,29.0,29.0,600,2021-06-22 13:37:00,NOTV
29.02,29.02,29.02,29.02,100,2021-06-22 13:38:00,NOTV
29.03,29.03,29.03,29.03,100,2021-06-22 13:41:00,NOTV
28.97,28.975,28.97,28.975,200,2021-06-22 13:42:00,NOTV
29.01,29.01,29.01,29.01,100,2021-06-22 13:46:00,NOTV
29.05,29.05,28.855,29.03,500,2021-06-22 13:50:00,NOTV
29.02,29.02,29.02,29.02,100,2021-06-22 13:51:00,NOTV
28.675,29.35,28.675,29.35,1804,2021-06-22 13:56:00,NOTV
29.48,29.48,29.48,29.48,100,2021-06-22 13:59:00,NOTV
29.36,29.36,29.36,29.36,100,2021-06-22 14:00:00,NOTV
29.35,29.385,29.34,29.385,400,2021-06-22 14:01:00,NOTV
29.42,29.42,29.42,29.42,100,2021-06-22 14:03:00,NOTV
29.31,29.355,29.28,29.28,836,2021-06-22 14:05:00,NOTV
29.3,29.3,29.3,29.3,100,2021-06-22 14:08:00,NOTV
29.18,29.18,29.18,29.18,100,2021-06-22 14:11:00,NOTV
29.33,29.33,29.33,29.33,100,2021-06-22 14:12:00,NOTV
29.245,29.245,29.245,29.245,200,2021-06-22 14:15:00,NOTV
29.35,29.72,29.35,29.72,1260,2021-06-22 14:18:00,NOTV
29.7,29.7,29.7,29.7,100,2021-06-22 14:22:00,NOTV
29.6999,29.6999,29.6999,29.6999,168,2021-06-22 14:25:00,NOTV
29.6229,29.6229,29.6229,29.6229,100,2021-06-22 14:26:00,NOTV
29.7,29.7,29.7,29.7,100,2021-06-22 14:28:00,NOTV
29.7,29.7,29.7,29.7,100,2021-06-22 14:29:00,NOTV
30.29,30.29,30.29,30.29,100,2021-06-22 14:30:00,NOTV
30.15,30.15,29.84,29.84,721,2021-06-22 14:32:00,NOTV
29.84,30.1,29.84,30.1,330,2021-06-22 14:33:00,NOTV
30.2459,30.32,30.2459,30.32,300,2021-06-22 14:36:00,NOTV
30.26,30.26,30.26,30.26,100,2021-06-22 14:38:00,NOTV
30.19,30.19,29.95,29.95,200,2021-06-22 14:43:00,NOTV
30.24,30.45,30.24,30.45,800,2021-06-22 14:44:00,NOTV
30.32,30.375,30.32,30.375,300,2021-06-22 14:48:00,NOTV
30.2259,30.2259,30.2259,30.2259,3000,2021-06-22 14:50:00,NOTV
30.42,30.42,30.39,30.39,400,2021-06-22 14:53:00,NOTV
30.39,30.39,30.335,30.355,509,2021-06-22 14:55:00,NOTV
30.29,30.36,30.29,30.36,300,2021-06-22 14:56:00,NOTV
30.235,30.235,30.235,30.235,100,2021-06-22 15:02:00,NOTV
30.12,30.35,30.12,30.35,200,2021-06-22 15:03:00,NOTV
30.255,30.255,30.15,30.15,200,2021-06-22 15:04:00,NOTV
30.12,30.255,30.08,30.12,1251,2021-06-22 15:06:00,NOTV
30.0718,30.0718,30.0718,30.0718,200,2021-06-22 15:08:00,NOTV
30.25,30.385,30.15,30.385,800,2021-06-22 15:15:00,NOTV
30.11,30.25,30.11,30.25,200,2021-06-22 15:18:00,NOTV
30.3,30.34,30.3,30.34,400,2021-06-22 15:21:00,NOTV
30.379,30.379,30.25,30.25,1930,2021-06-22 15:28:00,NOTV
30.3,30.395,30.25,30.395,1001,2021-06-22 15:29:00,NOTV
30.33,30.395,30.33,30.395,1795,2021-06-22 15:32:00,NOTV
30.425,30.79,30.425,30.6,4983,2021-06-22 15:43:00,NOTV
30.65,30.75,30.56,30.65,2996,2021-06-22 15:44:00,NOTV
30.59,30.93,30.59,30.93,1400,2021-06-22 15:45:00,NOTV
30.78,30.78,30.78,30.78,100,2021-06-22 15:48:00,NOTV
30.57,30.74,30.57,30.74,200,2021-06-22 15:53:00,NOTV
30.89,30.89,30.89,30.89,100,2021-06-22 15:56:00,NOTV
30.88,30.9,30.88,30.9,300,2021-06-22 15:57:00,NOTV
30.73,30.73,30.73,30.73,100,2021-06-22 16:05:00,NOTV
30.72,30.72,30.72,30.72,100,2021-06-22 16:12:00,NOTV
30.6,30.6,30.6,30.6,100,2021-06-22 16:15:00,NOTV
30.85,30.85,30.85,30.85,100,2021-06-22 16:16:00,NOTV
30.61,30.61,30.6,30.6,200,2021-06-22 16:17:00,NOTV
30.725,30.87,30.6,30.715,1000,2021-06-22 16:18:00,NOTV
30.85,31.19,30.85,31.16,7749,2021-06-22 16:22:00,NOTV
31.17,31.21,30.895,30.895,300,2021-06-22 16:23:00,NOTV
31.2099,31.2099,31.2099,31.2099,100,2021-06-22 16:28:00,NOTV
30.9,30.9,30.9,30.9,100,2021-06-22 16:30:00,NOTV
31.08,31.08,31.08,31.08,100,2021-06-22 16:31:00,NOTV
30.99,30.99,30.99,30.99,100,2021-06-22 16:38:00,NOTV
30.78,30.94,30.78,30.94,200,2021-06-22 16:41:00,NOTV
30.95,31.025,30.95,31.0,2299,2021-06-22 16:49:00,NOTV
30.93,30.93,30.93,30.93,100,2021-06-22 16:53:00,NOTV
31.025,31.025,31.025,31.025,100,2021-06-22 16:54:00,NOTV
30.85,30.85,30.85,30.85,100,2021-06-22 16:55:00,NOTV
30.75,30.75,30.669,30.714,1132,2021-06-22 16:57:00,NOTV
30.84,30.84,30.84,30.84,500,2021-06-22 17:01:00,NOTV
30.585,30.585,30.585,30.585,100,2021-06-22 17:07:00,NOTV
30.23,30.23,30.23,30.23,100,2021-06-22 17:08:00,NOTV
30.0801,30.0801,30.0801,30.0801,100,2021-06-22 17:09:00,NOTV
30.25,30.27,30.24,30.27,1416,2021-06-22 17:14:00,NOTV
30.4364,30.4364,30.4364,30.4364,100,2021-06-22 17:19:00,NOTV
30.255,30.255,30.255,30.255,100,2021-06-22 17:24:00,NOTV
30.255,30.255,30.255,30.255,100,2021-06-22 17:25:00,NOTV
30.25,30.25,30.08,30.08,400,2021-06-22 17:26:00,NOTV
30.23,30.24,30.19,30.2,903,2021-06-22 17:27:00,NOTV
30.2,30.2,30.11,30.11,200,2021-06-22 17:28:00,NOTV
29.98,30.0,29.98,30.0,2363,2021-06-22 17:29:00,NOTV
30.1809,30.1809,30.1809,30.1809,1000,2021-06-22 17:37:00,NOTV
30.1,30.1,30.1,30.1,300,2021-06-22 17:40:00,NOTV
29.905,30.07,29.905,30.07,300,2021-06-22 17:44:00,NOTV
29.98,29.98,29.98,29.98,100,2021-06-22 17:46:00,NOTV
30.07,30.07,30.07,30.07,100,2021-06-22 17:50:00,NOTV
30.23,30.23,30.22,30.23,600,2021-06-22 17:51:00,NOTV
30.065,30.065,30.065,30.065,100,2021-06-22 17:53:00,NOTV
30.07,30.07,30.07,30.07,100,2021-06-22 17:54:00,NOTV
29.89,29.975,29.89,29.975,429,2021-06-22 18:02:00,NOTV
29.86,29.86,29.86,29.86,100,2021-06-22 18:09:00,NOTV
29.86,29.86,29.86,29.86,200,2021-06-22 18:13:00,NOTV
29.9903,29.9903,29.88,29.88,300,2021-06-22 18:16:00,NOTV
30.0,30.13,30.0,30.13,700,2021-06-22 18:18:00,NOTV
30.07,30.07,29.89,29.89,200,2021-06-22 18:19:00,NOTV
29.95,29.95,29.95,29.95,300,2021-06-22 18:22:00,NOTV
29.885,29.885,29.885,29.885,100,2021-06-22 18:30:00,NOTV
29.695,30.09,29.695,30.08,1800,2021-06-22 18:31:00,NOTV
30.08,30.1,29.94,29.99,600,2021-06-22 18:32:00,NOTV
30.22,30.27,30.2,30.2,1479,2021-06-22 18:34:00,NOTV
30.29,30.29,30.29,30.29,100,2021-06-22 18:42:00,NOTV
30.47,30.5,30.47,30.5,1000,2021-06-22 18:44:00,NOTV
30.14,30.15,30.14,30.15,200,2021-06-22 18:49:00,NOTV
29.68,29.68,29.68,29.68,100,2021-06-22 18:54:00,NOTV
29.805,29.805,29.805,29.805,668,2021-06-22 18:55:00,NOTV
30.01,30.01,30.01,30.01,100,2021-06-22 18:56:00,NOTV
29.8975,29.8975,29.71,29.71,1450,2021-06-22 18:59:00,NOTV
29.72,29.8,29.72,29.8,200,2021-06-22 19:00:00,NOTV
29.7,29.7,29.58,29.58,300,2021-06-22 19:01:00,NOTV
29.79,29.79,29.69,29.69,490,2021-06-22 19:04:00,NOTV
29.63,29.63,29.63,29.63,100,2021-06-22 19:07:00,NOTV
29.6,29.61,29.58,29.58,600,2021-06-22 19:08:00,NOTV
29.645,29.645,29.5,29.5,200,2021-06-22 19:09:00,NOTV
29.53,29.53,29.53,29.53,100,2021-06-22 19:10:00,NOTV
29.405,29.405,29.405,29.405,100,2021-06-22 19:11:00,NOTV
29.43,29.43,29.43,29.43,400,2021-06-22 19:12:00,NOTV
29.43,29.43,29.43,29.43,100,2021-06-22 19:13:00,NOTV
29.36,29.36,29.36,29.36,100,2021-06-22 19:17:00,NOTV
29.295,29.295,29.295,29.295,100,2021-06-22 19:19:00,NOTV
29.32,29.32,29.32,29.32,400,2021-06-22 19:20:00,NOTV
29.305,29.305,29.305,29.305,100,2021-06-22 19:21:00,NOTV
29.47,29.47,29.405,29.405,381,2021-06-22 19:22:00,NOTV
29.405,29.405,29.405,29.405,100,2021-06-22 19:23:00,NOTV
29.41,29.41,29.41,29.41,100,2021-06-22 19:25:00,NOTV
29.44,29.44,29.44,29.44,200,2021-06-22 19:26:00,NOTV
29.44,29.44,29.44,29.44,100,2021-06-22 19:28:00,NOTV
29.435,29.435,29.435,29.435,100,2021-06-22 19:29:00,NOTV
29.435,29.51,29.435,29.51,1100,2021-06-22 19:31:00,NOTV
29.45,29.45,29.45,29.45,200,2021-06-22 19:32:00,NOTV
29.36,29.445,29.34,29.36,1400,2021-06-22 19:34:00,NOTV
29.4105,29.4105,29.4105,29.4105,700,2021-06-22 19:35:00,NOTV
29.19,29.19,29.17,29.17,200,2021-06-22 19:36:00,NOTV
29.17,29.17,29.17,29.17,100,2021-06-22 19:38:00,NOTV
29.32,29.32,29.32,29.32,100,2021-06-22 19:39:00,NOTV
29.32,29.325,29.23,29.325,500,2021-06-22 19:40:00,NOTV
29.33,29.33,29.33,29.33,100,2021-06-22 19:41:00,NOTV
29.25,29.25,29.25,29.25,100,2021-06-22 19:42:00,NOTV
29.25,29.25,29.22,29.22,800,2021-06-22 19:43:00,NOTV
29.11,29.11,29.11,29.11,100,2021-06-22 19:44:00,NOTV
29.11,29.11,29.1,29.1,200,2021-06-22 19:45:00,NOTV
28.79,28.79,28.79,28.79,100,2021-06-22 19:46:00,NOTV
28.825,28.92,28.76,28.91,1144,2021-06-22 19:47:00,NOTV
28.905,28.905,28.9,28.9,200,2021-06-22 19:49:00,NOTV
28.9,28.9,28.9,28.9,200,2021-06-22 19:50:00,NOTV
28.895,28.895,28.89,28.89,200,2021-06-22 19:51:00,NOTV
28.77,28.88,28.77,28.88,200,2021-06-22 19:52:00,NOTV
28.97,29.02,28.875,28.885,1651,2021-06-22 19:53:00,NOTV
28.99,29.11,28.885,29.11,800,2021-06-22 19:54:00,NOTV
29.11,29.29,29.11,29.25,600,2021-06-22 19:55:00,NOTV
29.28,29.3,29.28,29.285,600,2021-06-22 19:56:00,NOTV
29.285,29.32,29.16,29.21,1800,2021-06-22 19:57:00,NOTV
29.295,29.31,29.29,29.3,600,2021-06-22 19:58:00,NOTV
29.17,29.38,29.16,29.38,1856,2021-06-22 19:59:00,NOTV
29.42,29.42,29.42,29.42,17593,2021-06-22 20:00:00,NOTV
29.19,29.19,29.19,29.19,363,2021-06-23 13:30:00,NOTV
28.9347,28.9347,28.9347,28.9347,101,2021-06-23 13:38:00,NOTV
30.11,30.335,30.085,30.335,800,2021-06-23 13:43:00,NOTV
30.8178,30.8178,30.09,30.09,200,2021-06-23 13:46:00,NOTV
30.08,30.08,30.0,30.0,200,2021-06-23 13:47:00,NOTV
29.6301,29.6301,29.6301,29.6301,102,2021-06-23 13:48:00,NOTV
30.59,30.67,30.59,30.67,200,2021-06-23 13:49:00,NOTV
30.475,30.475,30.475,30.475,300,2021-06-23 13:51:00,NOTV
30.53,30.53,30.5,30.5,200,2021-06-23 13:53:00,NOTV
30.67,30.77,30.01,30.01,551,2021-06-23 13:57:00,NOTV
30.05,30.05,30.05,30.05,146,2021-06-23 14:04:00,NOTV
30.37,30.37,30.37,30.37,300,2021-06-23 14:06:00,NOTV
30.03,30.065,30.03,30.065,1002,2021-06-23 14:07:00,NOTV
30.045,30.3028,30.045,30.3028,600,2021-06-23 14:08:00,NOTV
29.925,29.925,29.925,29.925,100,2021-06-23 14:09:00,NOTV
29.925,29.925,29.925,29.925,100,2021-06-23 14:11:00,NOTV
29.925,29.925,29.9,29.905,1002,2021-06-23 14:12:00,NOTV
29.915,30.24,29.59,30.24,1411,2021-06-23 14:13:00,NOTV
29.65,29.87,29.65,29.87,200,2021-06-23 14:14:00,NOTV
29.87,29.87,29.4,29.4,600,2021-06-23 14:15:00,NOTV
29.325,29.325,29.325,29.325,100,2021-06-23 14:16:00,NOTV
29.5575,29.5575,29.5575,29.5575,343,2021-06-23 14:17:00,NOTV
29.345,29.345,29.345,29.345,1520,2021-06-23 14:20:00,NOTV
29.6,29.6,29.345,29.345,1200,2021-06-23 14:24:00,NOTV
29.3656,29.3656,29.3656,29.3656,200,2021-06-23 14:27:00,NOTV
29.54,29.54,29.54,29.54,100,2021-06-23 14:29:00,NOTV
29.62,29.77,29.62,29.77,1128,2021-06-23 14:32:00,NOTV
30.0,30.0,30.0,30.0,100,2021-06-23 14:37:00,NOTV
29.98,30.06,29.98,30.06,200,2021-06-23 14:41:00,NOTV
29.935,30.055,29.935,30.0525,400,2021-06-23 14:46:00,NOTV
30.05,30.07,30.05,30.07,200,2021-06-23 14:47:00,NOTV
30.38,30.38,30.38,30.38,100,2021-06-23 14:48:00,NOTV
30.385,30.385,30.385,30.385,100,2021-06-23 14:49:00,NOTV
30.2,30.2,30.15,30.15,222,2021-06-23 14:52:00,NOTV
29.905,30.18,29.6301,29.905,3108,2021-06-23 15:01:00,NOTV
29.71,29.71,29.71,29.71,100,2021-06-23 15:02:00,NOTV
30.16,30.16,30.11,30.16,300,2021-06-23 15:05:00,NOTV
30.15,30.15,30.15,30.15,100,2021-06-23 15:06:00,NOTV
30.155,30.155,30.155,30.155,100,2021-06-23 15:07:00,NOTV
30.085,30.085,30.085,30.085,200,2021-06-23 15:10:00,NOTV
30.15,30.15,30.085,30.085,200,2021-06-23 15:11:00,NOTV
30.04,30.04,30.04,30.04,100,2021-06-23 15:12:00,NOTV
30.16,30.16,30.16,30.16,100,2021-06-23 15:13:00,NOTV
30.27,30.27,30.27,30.27,100,2021-06-23 15:16:00,NOTV
30.39,30.39,30.39,30.39,100,2021-06-23 15:17:00,NOTV
30.29,30.695,30.29,30.695,500,2021-06-23 15:19:00,NOTV
30.42,30.42,30.42,30.42,100,2021-06-23 15:20:00,NOTV
30.615,30.615,30.615,30.615,100,2021-06-23 15:21:00,NOTV
30.46,30.55,30.33,30.455,700,2021-06-23 15:23:00,NOTV
30.5775,30.5775,30.5775,30.5775,150,2021-06-23 15:24:00,NOTV
30.4826,30.4826,30.33,30.33,1100,2021-06-23 15:26:00,NOTV
30.4751,30.4751,30.4751,30.4751,200,2021-06-23 15:28:00,NOTV
30.455,30.455,30.455,30.455,200,2021-06-23 15:29:00,NOTV
30.54,30.54,30.54,30.54,100,2021-06-23 15:30:00,NOTV
30.58,30.58,30.58,30.58,131,2021-06-23 15:32:00,NOTV
30.46,30.46,30.46,30.46,100,2021-06-23 15:35:00,NOTV
30.46,30.46,30.37,30.37,300,2021-06-23 15:37:00,NOTV
30.4,30.4,30.4,30.4,100,2021-06-23 15:43:00,NOTV
30.31,30.34,29.95,29.95,1167,2021-06-23 15:44:00,NOTV
29.89,29.89,29.89,29.89,100,2021-06-23 15:53:00,NOTV
29.885,29.885,29.88,29.88,1000,2021-06-23 15:55:00,NOTV
29.65,29.65,29.65,29.65,100,2021-06-23 15:56:00,NOTV
29.88,29.88,29.88,29.88,300,2021-06-23 15:58:00,NOTV
29.64,29.88,29.64,29.88,200,2021-06-23 16:01:00,NOTV
29.88,29.88,29.88,29.88,148,2021-06-23 16:02:00,NOTV
30.09,30.1,30.09,30.1,200,2021-06-23 16:05:00,NOTV
30.15,30.15,30.03,30.03,300,2021-06-23 16:11:00,NOTV
30.08,30.08,30.08,30.08,200,2021-06-23 16:13:00,NOTV
30.08,30.08,30.08,30.08,248,2021-06-23 16:14:00,NOTV
29.95,29.95,29.95,29.95,274,2021-06-23 16:15:00,NOTV
29.84,29.84,29.84,29.84,350,2021-06-23 16:23:00,NOTV
29.69,29.83,29.69,29.83,200,2021-06-23 16:29:00,NOTV
29.83,29.83,29.83,29.83,100,2021-06-23 16:30:00,NOTV
29.835,29.835,29.835,29.835,100,2021-06-23 16:33:00,NOTV
29.98,29.98,29.85,29.85,200,2021-06-23 16:35:00,NOTV
29.815,29.815,29.815,29.815,100,2021-06-23 16:37:00,NOTV
29.82,29.82,29.66,29.805,300,2021-06-23 16:38:00,NOTV
29.99,29.99,29.99,29.99,100,2021-06-23 16:42:00,NOTV
29.8,29.8,29.8,29.8,100,2021-06-23 16:43:00,NOTV
29.8,29.8,29.8,29.8,100,2021-06-23 16:45:00,NOTV
29.79,29.79,29.79,29.79,100,2021-06-23 16:47:00,NOTV
29.79,29.79,29.79,29.79,100,2021-06-23 16:49:00,NOTV
29.77,29.77,29.62,29.62,486,2021-06-23 16:54:00,NOTV
28.995,28.995,28.995,28.995,100,2021-06-23 17:00:00,NOTV
29.4499,29.4499,29.4499,29.4499,300,2021-06-23 17:03:00,NOTV
29.285,29.285,29.285,29.285,100,2021-06-23 17:08:00,NOTV
29.04,29.285,29.04,29.08,300,2021-06-23 17:11:00,NOTV
29.275,29.275,29.275,29.275,100,2021-06-23 17:12:00,NOTV
29.28,29.28,29.28,29.28,100,2021-06-23 17:14:00,NOTV
29.28,29.28,29.28,29.28,200,2021-06-23 17:16:00,NOTV
29.275,29.275,29.275,29.275,100,2021-06-23 17:19:00,NOTV
29.1,29.1,29.1,29.1,100,2021-06-23 17:20:00,NOTV
29.065,29.27,29.065,29.27,339,2021-06-23 17:25:00,NOTV
29.265,29.265,29.265,29.265,100,2021-06-23 17:26:00,NOTV
29.45,29.45,29.45,29.45,204,2021-06-23 17:30:00,NOTV
29.525,29.525,29.525,29.525,100,2021-06-23 17:32:00,NOTV
29.58,29.58,29.58,29.58,100,2021-06-23 17:37:00,NOTV
29.46,29.46,29.46,29.46,100,2021-06-23 17:47:00,NOTV
29.445,29.445,29.445,29.445,100,2021-06-23 17:51:00,NOTV
29.565,29.565,29.565,29.565,100,2021-06-23 17:53:00,NOTV
29.57,29.67,29.57,29.67,400,2021-06-23 18:00:00,NOTV
29.575,29.575,29.575,29.575,300,2021-06-23 18:13:00,NOTV
29.5,29.5,29.5,29.5,100,2021-06-23 18:15:00,NOTV
29.57,29.57,29.57,29.57,200,2021-06-23 18:19:00,NOTV
29.63,29.63,29.48,29.48,200,2021-06-23 18:20:00,NOTV
29.925,29.925,29.7262,29.7262,434,2021-06-23 18:21:00,NOTV
29.62,29.62,29.62,29.62,100,2021-06-23 18:22:00,NOTV
29.83,29.83,29.83,29.83,100,2021-06-23 18:27:00,NOTV
29.53,29.89,29.53,29.79,1500,2021-06-23 18:35:00,NOTV
29.75,29.75,29.75,29.75,100,2021-06-23 18:36:00,NOTV
29.779,29.779,29.673,29.768,2700,2021-06-23 18:39:00,NOTV
29.45,29.47,29.45,29.47,300,2021-06-23 18:47:00,NOTV
29.475,29.475,29.475,29.475,100,2021-06-23 18:49:00,NOTV
29.58,29.58,29.58,29.58,100,2021-06-23 18:50:00,NOTV
29.37,29.37,29.37,29.37,100,2021-06-23 18:51:00,NOTV
29.54,29.54,29.54,29.54,100,2021-06-23 18:52:00,NOTV
29.47,29.47,29.47,29.47,100,2021-06-23 18:55:00,NOTV
29.58,29.59,29.55,29.55,300,2021-06-23 18:57:00,NOTV
29.65,29.71,29.65,29.71,200,2021-06-23 18:58:00,NOTV
30.0,30.0,30.0,30.0,100,2021-06-23 19:02:00,NOTV
29.79,29.79,29.79,29.79,100,2021-06-23 19:03:00,NOTV
29.9807,29.9807,29.915,29.915,464,2021-06-23 19:04:00,NOTV
30.0,30.0,30.0,30.0,100,2021-06-23 19:07:00,NOTV
30.0,30.0,29.96,29.96,450,2021-06-23 19:08:00,NOTV
30.02,30.02,30.02,30.02,100,2021-06-23 19:11:00,NOTV
29.955,29.955,29.955,29.955,100,2021-06-23 19:13:00,NOTV
30.02,30.02,30.02,30.02,284,2021-06-23 19:14:00,NOTV
30.02,30.02,29.96,29.96,600,2021-06-23 19:15:00,NOTV
29.96,29.96,29.96,29.96,200,2021-06-23 19:17:00,NOTV
30.02,30.02,29.893,29.893,1900,2021-06-23 19:19:00,NOTV
30.0,30.03,30.0,30.03,400,2021-06-23 19:20:00,NOTV
30.0,30.0,30.0,30.0,300,2021-06-23 19:21:00,NOTV
30.03,30.03,30.03,30.03,100,2021-06-23 19:22:00,NOTV
30.03,30.04,30.0,30.04,861,2021-06-23 19:24:00,NOTV
30.0,30.0,30.0,30.0,100,2021-06-23 19:25:00,NOTV
30.0,30.02,30.0,30.02,500,2021-06-23 19:26:00,NOTV
30.02,30.02,30.02,30.02,300,2021-06-23 19:27:00,NOTV
30.0,30.0,30.0,30.0,100,2021-06-23 19:28:00,NOTV
30.0,30.0,30.0,30.0,100,2021-06-23 19:29:00,NOTV
30.02,30.02,29.975,29.975,300,2021-06-23 19:30:00,NOTV
30.01,30.04,30.01,30.04,862,2021-06-23 19:31:00,NOTV
30.16,30.16,30.095,30.095,200,2021-06-23 19:32:00,NOTV
30.09,30.16,30.03,30.03,600,2021-06-23 19:33:00,NOTV
30.02,30.02,29.92,29.97,400,2021-06-23 19:35:00,NOTV
29.9,30.0,29.89,30.0,300,2021-06-23 19:37:00,NOTV
29.89,29.93,29.89,29.925,300,2021-06-23 19:38:00,NOTV
29.92,29.98,29.92,29.98,300,2021-06-23 19:39:00,NOTV
29.98,29.98,29.9676,29.9676,600,2021-06-23 19:40:00,NOTV
30.06,30.07,30.04,30.07,600,2021-06-23 19:41:00,NOTV
29.965,29.965,29.923,29.923,706,2021-06-23 19:43:00,NOTV
29.965,29.965,29.965,29.965,200,2021-06-23 19:44:00,NOTV
29.975,29.975,29.975,29.975,100,2021-06-23 19:45:00,NOTV
29.91,29.98,29.91,29.98,200,2021-06-23 19:46:00,NOTV
30.01,30.07,30.01,30.01,600,2021-06-23 19:48:00,NOTV
29.95,29.95,29.95,29.95,100,2021-06-23 19:49:00,NOTV
29.975,29.975,29.975,29.975,100,2021-06-23 19:50:00,NOTV
30.06,30.06,30.06,30.06,200,2021-06-23 19:51:00,NOTV
30.01,30.01,29.95,29.95,200,2021-06-23 19:52:00,NOTV
30.01,30.02,30.01,30.02,600,2021-06-23 19:54:00,NOTV
30.07,30.07,30.07,30.07,200,2021-06-23 19:55:00,NOTV
30.15,30.18,30.14,30.17,600,2021-06-23 19:56:00,NOTV
30.18,30.29,30.06,30.29,1000,2021-06-23 19:57:00,NOTV
30.06,30.28,30.06,30.28,1000,2021-06-23 19:58:00,NOTV
30.26,30.29,30.0301,30.0301,2264,2021-06-23 19:59:00,NOTV
30.02,30.02,30.02,30.02,4276,2021-06-23 20:00:00,NOTV
30.15,30.15,30.15,30.15,326,2021-06-24 13:30:00,NOTV
29.06,29.915,29.06,29.06,572,2021-06-24 13:32:00,NOTV
30.08,30.08,30.08,30.08,1000,2021-06-24 13:37:00,NOTV
29.5,29.5,29.5,29.5,100,2021-06-24 13:41:00,NOTV
29.857,29.857,29.857,29.857,162,2021-06-24 13:42:00,NOTV
30.26,30.26,30.26,30.26,100,2021-06-24 13:49:00,NOTV
29.75,30.58,29.75,30.58,200,2021-06-24 13:51:00,NOTV
30.23,30.23,30.23,30.23,100,2021-06-24 13:53:00,NOTV
29.7501,29.7501,29.7501,29.7501,100,2021-06-24 13:58:00,NOTV
30.7599,30.7599,30.7599,30.7599,101,2021-06-24 14:05:00,NOTV
30.03,30.03,30.03,30.03,800,2021-06-24 14:21:00,NOTV
29.9001,29.9001,29.9001,29.9001,400,2021-06-24 14:26:00,NOTV
30.185,30.185,29.9,29.9,200,2021-06-24 14:28:00,NOTV
29.9,29.9,29.9,29.9,100,2021-06-24 14:32:00,NOTV
29.97,29.97,29.97,29.97,100,2021-06-24 14:35:00,NOTV
29.97,29.97,29.97,29.97,100,2021-06-24 14:41:00,NOTV
29.8761,29.8761,29.8761,29.8761,333,2021-06-24 14:44:00,NOTV
29.9961,29.9961,29.9961,29.9961,143,2021-06-24 14:45:00,NOTV
29.85,29.85,29.85,29.85,100,2021-06-24 14:55:00,NOTV
29.7304,29.7304,29.7304,29.7304,235,2021-06-24 14:56:00,NOTV
29.71,29.71,29.71,29.71,100,2021-06-24 15:02:00,NOTV
29.82,29.82,29.82,29.82,100,2021-06-24 15:05:00,NOTV
29.62,29.62,29.61,29.61,1900,2021-06-24 15:10:00,NOTV
29.61,29.61,29.61,29.61,300,2021-06-24 15:12:00,NOTV
29.61,29.62,29.21,29.25,1600,2021-06-24 15:13:00,NOTV
29.4009,29.4009,29.4009,29.4009,100,2021-06-24 15:14:00,NOTV
29.545,29.55,29.46,29.55,1617,2021-06-24 15:15:00,NOTV
29.55,29.565,29.55,29.565,900,2021-06-24 15:16:00,NOTV
29.445,29.55,29.445,29.55,242,2021-06-24 15:17:00,NOTV
29.62,29.62,29.62,29.62,100,2021-06-24 15:18:00,NOTV
29.55,29.55,29.55,29.55,100,2021-06-24 15:19:00,NOTV
29.62,29.62,29.62,29.62,100,2021-06-24 15:25:00,NOTV
29.313,29.313,29.313,29.313,306,2021-06-24 15:29:00,NOTV
29.68,29.68,29.68,29.68,100,2021-06-24 15:44:00,NOTV
29.5625,29.5625,29.5625,29.5625,100,2021-06-24 15:45:00,NOTV
29.59,29.62,29.57,29.589,400,2021-06-24 15:46:00,NOTV
29.62,29.62,29.605,29.605,200,2021-06-24 15:47:00,NOTV
29.4,29.4,29.4,29.4,100,2021-06-24 15:48:00,NOTV
29.56,29.56,29.56,29.56,100,2021-06-24 15:49:00,NOTV
29.63,29.63,29.42,29.42,200,2021-06-24 15:53:00,NOTV
29.62,29.62,29.62,29.62,100,2021-06-24 16:01:00,NOTV
29.45,29.45,29.45,29.45,100,2021-06-24 16:02:00,NOTV
29.3801,29.3801,29.3801,29.3801,168,2021-06-24 16:06:00,NOTV
29.67,29.67,29.67,29.67,100,2021-06-24 16:10:00,NOTV
29.53,29.53,29.42,29.42,200,2021-06-24 16:18:00,NOTV
29.37,29.37,29.37,29.37,378,2021-06-24 16:22:00,NOTV
29.51,29.53,29.51,29.52,400,2021-06-24 16:34:00,NOTV
29.505,29.505,29.36,29.37,500,2021-06-24 16:42:00,NOTV
29.36,29.36,29.36,29.36,414,2021-06-24 16:44:00,NOTV
29.09,29.1,29.05,29.05,792,2021-06-24 16:46:00,NOTV
29.25,29.25,29.25,29.25,100,2021-06-24 16:52:00,NOTV
29.07,29.07,29.07,29.07,100,2021-06-24 16:53:00,NOTV
29.05,29.05,29.05,29.05,200,2021-06-24 16:57:00,NOTV
29.16,29.16,29.16,29.16,100,2021-06-24 16:58:00,NOTV
29.05,29.05,29.05,29.05,100,2021-06-24 16:59:00,NOTV
29.05,29.05,29.05,29.05,739,2021-06-24 17:00:00,NOTV
29.05,29.05,29.01,29.035,500,2021-06-24 17:01:00,NOTV
29.04,29.05,29.04,29.05,200,2021-06-24 17:02:00,NOTV
29.1219,29.1219,29.1219,29.1219,100,2021-06-24 17:03:00,NOTV
28.99,29.06,28.955,28.9598,1000,2021-06-24 17:05:00,NOTV
29.08,29.09,29.08,29.09,1167,2021-06-24 17:06:00,NOTV
29.22,29.22,29.22,29.22,300,2021-06-24 17:08:00,NOTV
29.155,29.155,29.155,29.155,264,2021-06-24 17:11:00,NOTV
29.09,29.155,29.09,29.155,300,2021-06-24 17:19:00,NOTV
28.995,28.995,28.995,28.995,100,2021-06-24 17:24:00,NOTV
29.05,29.05,29.05,29.05,100,2021-06-24 17:26:00,NOTV
29.05,29.16,29.03,29.03,626,2021-06-24 17:28:00,NOTV
29.03,29.03,29.03,29.03,100,2021-06-24 17:42:00,NOTV
29.065,29.065,29.065,29.065,100,2021-06-24 17:52:00,NOTV
29.065,29.065,29.065,29.065,200,2021-06-24 17:57:00,NOTV
29.065,29.065,29.065,29.065,100,2021-06-24 18:00:00,NOTV
29.03,29.03,29.03,29.03,325,2021-06-24 18:16:00,NOTV
28.95,28.95,28.95,28.95,100,2021-06-24 18:17:00,NOTV
29.1499,29.1499,29.1499,29.1499,161,2021-06-24 18:33:00,NOTV
29.025,29.025,29.025,29.025,100,2021-06-24 18:34:00,NOTV
29.025,29.025,29.025,29.025,150,2021-06-24 18:35:00,NOTV
28.95,29.07,28.95,29.07,500,2021-06-24 18:39:00,NOTV
29.12,29.15,29.12,29.15,680,2021-06-24 18:41:00,NOTV
29.15,29.15,29.15,29.15,400,2021-06-24 18:48:00,NOTV
29.15,29.15,29.15,29.15,100,2021-06-24 18:51:00,NOTV
29.14,29.14,29.05,29.05,656,2021-06-24 19:00:00,NOTV
29.125,29.125,29.125,29.125,100,2021-06-24 19:04:00,NOTV
29.125,29.125,29.125,29.125,126,2021-06-24 19:05:00,NOTV
29.125,29.125,29.125,29.125,100,2021-06-24 19:06:00,NOTV
29.125,29.125,29.125,29.125,200,2021-06-24 19:07:00,NOTV
29.01,29.11,29.01,29.11,200,2021-06-24 19:13:00,NOTV
29.0,29.01,28.9,28.995,1000,2021-06-24 19:14:00,NOTV
28.99,28.99,28.99,28.99,560,2021-06-24 19:15:00,NOTV
28.99,28.99,28.99,28.99,300,2021-06-24 19:16:00,NOTV
28.99,28.99,28.9,28.9,300,2021-06-24 19:20:00,NOTV
28.9,28.96,28.6701,28.6701,1838,2021-06-24 19:21:00,NOTV
28.87,28.9,28.77,28.9,2000,2021-06-24 19:26:00,NOTV
28.825,28.83,28.825,28.83,2200,2021-06-24 19:28:00,NOTV
28.9,28.92,28.9,28.92,1400,2021-06-24 19:29:00,NOTV
28.82,28.82,28.82,28.82,200,2021-06-24 19:33:00,NOTV
29.0,29.0,29.0,29.0,100,2021-06-24 19:35:00,NOTV
29.05,29.05,29.05,29.05,100,2021-06-24 19:36:00,NOTV
28.87,28.87,28.87,28.87,100,2021-06-24 19:41:00,NOTV
29.03,29.03,29.03,29.03,100,2021-06-24 19:43:00,NOTV
29.05,29.05,29.05,29.05,800,2021-06-24 19:44:00,NOTV
29.21,29.21,29.21,29.21,100,2021-06-24 19:48:00,NOTV
29.04,29.04,29.04,29.04,100,2021-06-24 19:49:00,NOTV
29.21,29.42,29.21,29.42,1600,2021-06-24 19:50:00,NOTV
29.58,29.59,29.53,29.59,900,2021-06-24 19:54:00,NOTV
29.37,29.37,29.37,29.37,100,2021-06-24 19:55:00,NOTV
29.38,29.55,29.38,29.55,200,2021-06-24 19:56:00,NOTV
29.455,29.56,29.455,29.56,400,2021-06-24 19:57:00,NOTV
29.5,29.5,29.325,29.4,2687,2021-06-24 19:58:00,NOTV
29.4,29.46,29.05,29.06,4061,2021-06-24 19:59:00,NOTV
29.37,29.37,29.37,29.37,13353,2021-06-24 20:00:00,NOTV
29.09,29.09,29.09,29.09,819,2021-06-25 13:30:00,NOTV
29.75,30.12,29.75,30.12,200,2021-06-25 13:34:00,NOTV
29.65,29.94,29.61,29.94,701,2021-06-25 13:39:00,NOTV
29.87,29.87,29.24,29.24,200,2021-06-25 13:42:00,NOTV
29.82,29.82,29.82,29.82,100,2021-06-25 13:45:00,NOTV
29.75,29.75,29.75,29.75,100,2021-06-25 13:46:00,NOTV
29.75,29.8,29.75,29.8,200,2021-06-25 13:48:00,NOTV
29.78,29.78,29.78,29.78,100,2021-06-25 13:49:00,NOTV
29.7456,29.7456,29.7456,29.7456,1000,2021-06-25 13:50:00,NOTV
29.85,29.85,29.7,29.7,200,2021-06-25 13:52:00,NOTV
29.85,29.85,29.85,29.85,200,2021-06-25 13:55:00,NOTV
29.43,29.68,29.43,29.68,200,2021-06-25 14:04:00,NOTV
29.66,29.66,29.66,29.66,100,2021-06-25 14:05:00,NOTV
29.64,29.64,29.64,29.64,100,2021-06-25 14:07:00,NOTV
29.39,29.39,29.39,29.39,100,2021-06-25 14:08:00,NOTV
29.15,29.15,29.15,29.15,100,2021-06-25 14:09:00,NOTV
29.63,29.63,29.63,29.63,100,2021-06-25 14:10:00,NOTV
29.57,29.57,29.56,29.56,200,2021-06-25 14:13:00,NOTV
29.53,29.53,29.34,29.34,500,2021-06-25 14:17:00,NOTV
29.34,29.34,29.24,29.24,200,2021-06-25 14:19:00,NOTV
29.52,29.54,29.52,29.52,564,2021-06-25 14:21:00,NOTV
29.19,29.82,29.19,29.82,200,2021-06-25 14:22:00,NOTV
29.82,29.82,29.82,29.82,200,2021-06-25 14:23:00,NOTV
29.83,29.83,29.83,29.83,100,2021-06-25 14:24:00,NOTV
29.83,29.83,29.555,29.555,200,2021-06-25 14:25:00,NOTV
29.76,29.76,29.76,29.76,100,2021-06-25 14:27:00,NOTV
29.58,29.83,29.58,29.83,200,2021-06-25 14:29:00,NOTV
29.44,29.82,29.44,29.82,200,2021-06-25 14:31:00,NOTV
29.78,29.82,29.78,29.82,200,2021-06-25 14:32:00,NOTV
29.82,29.82,29.575,29.575,200,2021-06-25 14:33:00,NOTV
29.82,29.82,29.82,29.82,100,2021-06-25 14:34:00,NOTV
29.81,29.81,29.81,29.81,100,2021-06-25 14:36:00,NOTV
29.8,29.8,29.8,29.8,200,2021-06-25 14:37:00,NOTV
29.565,29.565,29.565,29.565,200,2021-06-25 14:39:00,NOTV
29.32,29.57,29.32,29.57,200,2021-06-25 14:41:00,NOTV
29.76,29.76,29.57,29.57,200,2021-06-25 14:42:00,NOTV
29.68,29.68,29.68,29.68,100,2021-06-25 14:44:00,NOTV
29.62,29.64,29.33,29.485,1800,2021-06-25 14:46:00,NOTV
29.4261,29.48,29.38,29.48,1100,2021-06-25 14:47:00,NOTV
29.6,29.6,29.48,29.485,700,2021-06-25 14:48:00,NOTV
29.48,29.48,29.48,29.48,100,2021-06-25 14:49:00,NOTV
29.59,29.59,29.59,29.59,100,2021-06-25 14:50:00,NOTV
29.57,29.57,29.32,29.32,200,2021-06-25 14:51:00,NOTV
29.48,29.58,29.48,29.49,300,2021-06-25 14:52:00,NOTV
29.64,29.64,29.64,29.64,100,2021-06-25 14:55:00,NOTV
29.64,29.64,29.49,29.49,300,2021-06-25 14:56:00,NOTV
29.54,29.54,29.405,29.48,2300,2021-06-25 14:58:00,NOTV
29.54,29.59,29.54,29.59,200,2021-06-25 15:00:00,NOTV
29.58,29.58,29.515,29.515,200,2021-06-25 15:02:00,NOTV
29.56,29.58,29.54,29.54,1100,2021-06-25 15:04:00,NOTV
29.545,29.5475,29.545,29.5475,400,2021-06-25 15:05:00,NOTV
29.55,29.55,29.45,29.45,720,2021-06-25 15:07:00,NOTV
29.395,29.395,29.395,29.395,100,2021-06-25 15:09:00,NOTV
29.27,29.27,29.27,29.27,100,2021-06-25 15:13:00,NOTV
29.54,29.57,29.54,29.57,300,2021-06-25 15:15:00,NOTV
29.57,29.57,29.57,29.57,100,2021-06-25 15:16:00,NOTV
29.57,29.57,29.57,29.57,200,2021-06-25 15:18:00,NOTV
29.57,29.57,29.57,29.57,300,2021-06-25 15:20:00,NOTV
29.58,29.58,29.58,29.58,100,2021-06-25 15:21:00,NOTV
29.4368,29.5994,29.4368,29.57,1580,2021-06-25 15:22:00,NOTV
29.59,29.63,29.53,29.53,896,2021-06-25 15:23:00,NOTV
29.65,29.66,29.65,29.66,200,2021-06-25 15:24:00,NOTV
29.7,29.7,29.7,29.7,100,2021-06-25 15:26:00,NOTV
29.7,29.71,29.7,29.71,300,2021-06-25 15:27:00,NOTV
29.72,29.72,29.72,29.72,299,2021-06-25 15:30:00,NOTV
29.53,29.53,29.53,29.53,100,2021-06-25 15:31:00,NOTV
29.83,29.83,29.83,29.83,300,2021-06-25 15:32:00,NOTV
29.83,29.83,29.8,29.8,200,2021-06-25 15:33:00,NOTV
29.49,29.8,29.49,29.8,700,2021-06-25 15:34:00,NOTV
29.78,29.84,29.78,29.83,367,2021-06-25 15:37:00,NOTV
29.8,29.8,29.8,29.8,100,2021-06-25 15:38:00,NOTV
29.8,29.8,29.8,29.8,100,2021-06-25 15:39:00,NOTV
29.84,29.85,29.83,29.85,812,2021-06-25 15:41:00,NOTV
29.94,29.94,29.94,29.94,100,2021-06-25 15:42:00,NOTV
30.1,30.1,30.1,30.1,100,2021-06-25 15:43:00,NOTV
30.09,30.09,30.09,30.09,200,2021-06-25 15:44:00,NOTV
30.09,30.09,29.86,29.98,400,2021-06-25 15:45:00,NOTV
30.1,30.1,30.09,30.09,200,2021-06-25 15:49:00,NOTV
29.98,30.1,29.98,30.1,570,2021-06-25 15:50:00,NOTV
30.18,30.18,30.13,30.13,300,2021-06-25 15:51:00,NOTV
30.19,30.19,30.19,30.19,100,2021-06-25 15:52:00,NOTV
30.45,30.52,30.45,30.45,300,2021-06-25 15:53:00,NOTV
30.2,30.2,30.2,30.2,100,2021-06-25 15:55:00,NOTV
30.53,30.53,30.53,30.53,100,2021-06-25 15:58:00,NOTV
30.49,30.49,30.49,30.49,100,2021-06-25 15:59:00,NOTV
30.59,30.59,30.59,30.59,200,2021-06-25 16:00:00,NOTV
30.55,30.55,30.55,30.55,100,2021-06-25 16:02:00,NOTV
30.415,30.415,30.415,30.415,100,2021-06-25 16:03:00,NOTV
30.5,30.55,30.4,30.4,400,2021-06-25 16:04:00,NOTV
30.41,30.41,30.41,30.41,100,2021-06-25 16:05:00,NOTV
30.25,30.25,30.25,30.25,100,2021-06-25 16:06:00,NOTV
30.46,30.46,30.46,30.46,100,2021-06-25 16:07:00,NOTV
30.46,30.46,30.39,30.39,900,2021-06-25 16:08:00,NOTV
30.39,30.39,30.39,30.39,200,2021-06-25 16:11:00,NOTV
30.37,30.39,30.2,30.37,1338,2021-06-25 16:12:00,NOTV
30.19,30.1999,30.19,30.1999,396,2021-06-25 16:14:00,NOTV
30.19,30.19,30.19,30.19,100,2021-06-25 16:15:00,NOTV
30.05,30.08,30.045,30.045,321,2021-06-25 16:17:00,NOTV
30.035,30.035,30.0006,30.0006,300,2021-06-25 16:18:00,NOTV
30.035,30.035,30.035,30.035,600,2021-06-25 16:19:00,NOTV
30.035,30.035,30.035,30.035,100,2021-06-25 16:21:00,NOTV
30.035,30.035,30.035,30.035,100,2021-06-25 16:22:00,NOTV
30.025,30.025,30.025,30.025,100,2021-06-25 16:23:00,NOTV
30.025,30.025,30.025,30.025,100,2021-06-25 16:24:00,NOTV
30.02,30.02,29.9,29.9,300,2021-06-25 16:26:00,NOTV
30.015,30.015,29.9,29.9,300,2021-06-25 16:27:00,NOTV
30.01,30.01,29.59,29.695,2080,2021-06-25 16:28:00,NOTV
29.725,29.725,29.55,29.715,700,2021-06-25 16:29:00,NOTV
29.62,29.62,29.62,29.62,100,2021-06-25 16:31:00,NOTV
29.7872,29.7872,29.44,29.44,700,2021-06-25 16:33:00,NOTV
29.61,29.61,29.61,29.61,100,2021-06-25 16:34:00,NOTV
29.6,29.6,29.41,29.41,200,2021-06-25 16:36:00,NOTV
29.595,29.76,29.5,29.56,1895,2021-06-25 16:37:00,NOTV
29.56,29.56,29.4406,29.4406,300,2021-06-25 16:38:00,NOTV
29.45,29.575,29.45,29.575,300,2021-06-25 16:39:00,NOTV
29.53,29.53,29.53,29.53,100,2021-06-25 16:40:00,NOTV
29.41,29.41,29.41,29.41,100,2021-06-25 16:41:00,NOTV
29.4,29.4,29.4,29.4,200,2021-06-25 16:42:00,NOTV
29.43,29.43,29.43,29.43,100,2021-06-25 16:48:00,NOTV
29.35,29.35,29.35,29.35,100,2021-06-25 16:51:00,NOTV
29.45,29.45,29.45,29.45,100,2021-06-25 16:54:00,NOTV
29.345,29.4,29.345,29.4,200,2021-06-25 16:55:00,NOTV
29.49,29.5,29.47,29.5,1300,2021-06-25 16:59:00,NOTV
29.5,29.56,29.5,29.55,500,2021-06-25 17:00:00,NOTV
29.54,29.5594,29.54,29.5594,200,2021-06-25 17:01:00,NOTV
29.55,29.55,29.5,29.5,200,2021-06-25 17:02:00,NOTV
29.48,29.48,29.48,29.48,150,2021-06-25 17:03:00,NOTV
29.55,29.55,29.5,29.5,200,2021-06-25 17:06:00,NOTV
29.42,29.42,29.4,29.4,300,2021-06-25 17:07:00,NOTV
29.45,29.45,29.44,29.44,200,2021-06-25 17:08:00,NOTV
29.41,29.41,29.41,29.41,100,2021-06-25 17:11:00,NOTV
29.4,29.4,29.39,29.39,300,2021-06-25 17:12:00,NOTV
29.22,29.24,29.21,29.21,400,2021-06-25 17:14:00,NOTV
29.26,29.265,29.26,29.265,242,2021-06-25 17:16:00,NOTV
29.3,29.3,29.3,29.3,100,2021-06-25 17:19:00,NOTV
29.4,29.4,29.265,29.265,200,2021-06-25 17:22:00,NOTV
29.36,29.36,29.36,29.36,100,2021-06-25 17:24:00,NOTV
29.38,29.38,29.3062,29.3062,200,2021-06-25 17:25:00,NOTV
29.39,29.39,29.39,29.39,100,2021-06-25 17:27:00,NOTV
29.39,29.39,29.39,29.39,100,2021-06-25 17:28:00,NOTV
29.37,29.37,29.14,29.29,500,2021-06-25 17:29:00,NOTV
29.28,29.28,29.28,29.28,100,2021-06-25 17:34:00,NOTV
29.28,29.28,29.28,29.28,100,2021-06-25 17:36:00,NOTV
29.28,29.28,29.205,29.205,200,2021-06-25 17:37:00,NOTV
29.11,29.11,28.9,29.025,900,2021-06-25 17:38:00,NOTV
28.97,28.99,28.93,28.99,600,2021-06-25 17:40:00,NOTV
29.04,29.04,29.04,29.04,100,2021-06-25 17:43:00,NOTV
29.06,29.06,29.06,29.06,100,2021-06-25 17:44:00,NOTV
28.95,28.95,28.95,28.95,100,2021-06-25 17:45:00,NOTV
29.03,29.03,29.03,29.03,100,2021-06-25 17:47:00,NOTV
29.03,29.03,29.03,29.03,100,2021-06-25 17:49:00,NOTV
29.02,29.02,29.02,29.02,100,2021-06-25 17:50:00,NOTV
29.0,29.02,29.0,29.02,540,2021-06-25 17:52:00,NOTV
29.0,29.0,29.0,29.0,100,2021-06-25 17:53:00,NOTV
29.06,29.07,29.06,29.07,200,2021-06-25 17:55:00,NOTV
28.93,29.03,28.93,29.03,200,2021-06-25 17:56:00,NOTV
29.03,29.03,28.99,28.99,200,2021-06-25 17:57:00,NOTV
29.03,29.03,29.03,29.03,100,2021-06-25 17:59:00,NOTV
29.05,29.07,29.05,29.07,200,2021-06-25 18:02:00,NOTV
29.04,29.27,29.04,29.27,200,2021-06-25 18:03:00,NOTV
29.26,29.26,29.26,29.26,100,2021-06-25 18:05:00,NOTV
29.3,29.3,29.3,29.3,200,2021-06-25 18:06:00,NOTV
29.32,29.32,29.32,29.32,100,2021-06-25 18:07:00,NOTV
29.1,29.1,29.1,29.1,314,2021-06-25 18:10:00,NOTV
29.42,29.42,29.29,29.35,307,2021-06-25 18:11:00,NOTV
29.48,29.48,29.48,29.48,100,2021-06-25 18:12:00,NOTV
29.48,29.48,29.14,29.14,300,2021-06-25 18:13:00,NOTV
29.44,29.45,29.3,29.315,400,2021-06-25 18:16:00,NOTV
29.46,29.46,29.33,29.35,400,2021-06-25 18:18:00,NOTV
29.225,29.225,29.225,29.225,100,2021-06-25 18:19:00,NOTV
29.325,29.41,29.325,29.41,300,2021-06-25 18:20:00,NOTV
29.35,29.35,29.22,29.22,400,2021-06-25 18:21:00,NOTV
29.355,29.355,29.355,29.355,300,2021-06-25 18:22:00,NOTV
29.375,29.375,29.36,29.36,400,2021-06-25 18:23:00,NOTV
29.235,29.27,29.0537,29.27,3000,2021-06-25 18:27:00,NOTV
29.38,29.38,29.38,29.38,100,2021-06-25 18:29:00,NOTV
29.18,29.18,29.17,29.17,200,2021-06-25 18:30:00,NOTV
29.31,29.31,29.31,29.31,100,2021-06-25 18:33:00,NOTV
29.29,29.29,29.29,29.29,100,2021-06-25 18:34:00,NOTV
29.29,29.29,29.14,29.14,266,2021-06-25 18:35:00,NOTV
29.14,29.14,29.14,29.14,100,2021-06-25 18:36:00,NOTV
29.195,29.195,29.195,29.195,100,2021-06-25 18:37:00,NOTV
29.195,29.195,29.195,29.195,100,2021-06-25 18:38:00,NOTV
29.21,29.21,29.21,29.21,100,2021-06-25 18:39:00,NOTV
29.21,29.21,29.21,29.21,100,2021-06-25 18:40:00,NOTV
29.2,29.2,29.2,29.2,200,2021-06-25 18:42:00,NOTV
29.16,29.16,29.16,29.16,100,2021-06-25 18:43:00,NOTV
29.19,29.19,29.19,29.19,100,2021-06-25 18:44:00,NOTV
29.13,29.13,29.13,29.13,221,2021-06-25 18:45:00,NOTV
29.15,29.15,29.14,29.14,200,2021-06-25 18:48:00,NOTV
29.29,29.29,29.29,29.29,100,2021-06-25 18:49:00,NOTV
28.96,28.96,28.96,28.96,100,2021-06-25 18:51:00,NOTV
29.095,29.32,29.095,29.24,800,2021-06-25 18:52:00,NOTV
29.03,29.03,28.975,28.975,200,2021-06-25 18:53:00,NOTV
29.13,29.13,29.13,29.13,100,2021-06-25 18:54:00,NOTV
29.06,29.06,29.06,29.06,100,2021-06-25 18:56:00,NOTV
28.885,28.885,28.885,28.885,100,2021-06-25 18:57:00,NOTV
29.12,29.13,29.12,29.13,200,2021-06-25 18:59:00,NOTV
28.945,28.9783,28.945,28.9783,400,2021-06-25 19:00:00,NOTV
29.0,29.13,29.0,29.13,200,2021-06-25 19:02:00,NOTV
29.17,29.17,29.17,29.17,100,2021-06-25 19:03:00,NOTV
29.17,29.17,29.17,29.17,200,2021-06-25 19:04:00,NOTV
29.26,29.26,29.26,29.26,100,2021-06-25 19:05:00,NOTV
29.24,29.24,29.24,29.24,100,2021-06-25 19:07:00,NOTV
29.21,29.21,29.21,29.21,100,2021-06-25 19:09:00,NOTV
28.975,28.975,28.75,28.75,400,2021-06-25 19:10:00,NOTV
28.99,28.99,28.99,28.99,100,2021-06-25 19:12:00,NOTV
28.97,28.97,28.875,28.8988,300,2021-06-25 19:13:00,NOTV
28.95,28.95,28.95,28.95,200,2021-06-25 19:16:00,NOTV
28.97,28.97,28.82,28.82,200,2021-06-25 19:17:00,NOTV
29.08,29.08,29.04,29.04,200,2021-06-25 19:19:00,NOTV
28.78,28.78,28.78,28.78,100,2021-06-25 19:20:00,NOTV
28.915,28.915,28.915,28.915,100,2021-06-25 19:21:00,NOTV
28.915,29.01,28.905,28.905,700,2021-06-25 19:22:00,NOTV
28.87,28.97,28.87,28.9,500,2021-06-25 19:24:00,NOTV
28.87,28.87,28.77,28.77,500,2021-06-25 19:25:00,NOTV
28.81,28.81,28.81,28.81,100,2021-06-25 19:26:00,NOTV
28.84,28.84,28.84,28.84,100,2021-06-25 19:27:00,NOTV
28.75,28.75,28.69,28.71,500,2021-06-25 19:28:00,NOTV
28.55,28.55,28.55,28.55,200,2021-06-25 19:29:00,NOTV
28.66,28.66,28.66,28.66,100,2021-06-25 19:30:00,NOTV
28.66,28.66,28.66,28.66,200,2021-06-25 19:31:00,NOTV
28.58,28.65,28.4201,28.6,2130,2021-06-25 19:32:00,NOTV
28.43,28.555,28.43,28.555,300,2021-06-25 19:33:00,NOTV
28.61,28.61,28.54,28.54,605,2021-06-25 19:34:00,NOTV
28.54,28.54,28.28,28.397,700,2021-06-25 19:35:00,NOTV
28.48,28.48,28.28,28.28,200,2021-06-25 19:36:00,NOTV
28.37,28.39,28.3,28.39,400,2021-06-25 19:37:00,NOTV
28.44,28.44,28.19,28.4,2363,2021-06-25 19:38:00,NOTV
28.2,28.32,28.2,28.2,700,2021-06-25 19:39:00,NOTV
28.3483,28.4,28.26,28.4,900,2021-06-25 19:40:00,NOTV
28.26,28.39,28.26,28.39,200,2021-06-25 19:41:00,NOTV
28.25,28.25,28.25,28.25,100,2021-06-25 19:42:00,NOTV
28.25,28.25,28.02,28.02,1500,2021-06-25 19:43:00,NOTV
27.99,28.02,27.76,27.76,2508,2021-06-25 19:44:00,NOTV
27.72,27.83,27.71,27.82,600,2021-06-25 19:45:00,NOTV
27.82,27.83,27.7,27.7,300,2021-06-25 19:46:00,NOTV
27.62,27.62,27.62,27.62,200,2021-06-25 19:47:00,NOTV
27.5,27.605,27.5,27.53,400,2021-06-25 19:48:00,NOTV
27.7,27.71,27.5,27.5,300,2021-06-25 19:49:00,NOTV
27.5,27.605,27.29,27.55,5841,2021-06-25 19:50:00,NOTV
27.63,27.86,27.63,27.8007,800,2021-06-25 19:51:00,NOTV
27.72,27.83,27.63,27.82,700,2021-06-25 19:52:00,NOTV
27.69,27.87,27.69,27.71,1504,2021-06-25 19:53:00,NOTV
27.79,27.99,27.7,27.9,3463,2021-06-25 19:54:00,NOTV
28.07,28.19,27.92,28.1,2367,2021-06-25 19:55:00,NOTV
28.17,28.29,28.02,28.29,871,2021-06-25 19:56:00,NOTV
28.32,28.32,27.98,28.22,1367,2021-06-25 19:57:00,NOTV
28.15,28.25,28.11,28.11,1583,2021-06-25 19:58:00,NOTV
28.19,28.19,27.99,28.05,8817,2021-06-25 19:59:00,NOTV
28.05,28.05,28.05,28.05,1106484,2021-06-25 20:00:00,NOTV
28.05,28.05,28.05,28.05,336,2021-06-25 20:01:00,NOTV
28.05,28.05,28.05,28.05,2891,2021-06-25 20:02:00,NOTV
28.05,28.05,28.05,28.05,104075,2021-06-25 20:03:00,NOTV
27.96,28.24,27.96,28.01,1970,2021-06-28 13:30:00,NOTV
28.825,28.825,28.825,28.825,100,2021-06-28 13:32:00,NOTV
28.07,28.07,28.07,28.07,100,2021-06-28 13:33:00,NOTV
28.45,28.45,28.1,28.44,2500,2021-06-28 13:39:00,NOTV
28.14,28.31,28.14,28.31,600,2021-06-28 13:41:00,NOTV
28.305,28.305,28.26,28.26,400,2021-06-28 13:42:00,NOTV
28.0,28.17,27.98,28.17,1024,2021-06-28 13:43:00,NOTV
28.115,28.17,28.03,28.03,2300,2021-06-28 13:44:00,NOTV
28.115,28.12,28.115,28.12,1300,2021-06-28 13:45:00,NOTV
27.9608,27.9608,27.9608,27.9608,100,2021-06-28 13:47:00,NOTV
28.12,28.12,28.12,28.12,100,2021-06-28 13:48:00,NOTV
27.91,28.0,27.9,28.0,857,2021-06-28 13:50:00,NOTV
27.86,27.86,27.86,27.86,2000,2021-06-28 13:55:00,NOTV
28.075,28.075,28.075,28.075,646,2021-06-28 13:58:00,NOTV
28.06,28.085,28.06,28.07,1600,2021-06-28 14:00:00,NOTV
28.2073,28.2073,28.075,28.075,200,2021-06-28 14:01:00,NOTV
28.125,28.125,28.125,28.125,100,2021-06-28 14:06:00,NOTV
28.125,28.125,28.125,28.125,100,2021-06-28 14:07:00,NOTV
28.07,28.07,28.07,28.07,1000,2021-06-28 14:08:00,NOTV
28.07,28.07,28.07,28.07,100,2021-06-28 14:09:00,NOTV
28.07,28.07,28.07,28.07,100,2021-06-28 14:10:00,NOTV
28.045,28.045,28.045,28.045,327,2021-06-28 14:14:00,NOTV
28.13,28.13,28.06,28.06,200,2021-06-28 14:17:00,NOTV
28.06,28.06,28.015,28.015,300,2021-06-28 14:18:00,NOTV
28.125,28.125,28.125,28.125,100,2021-06-28 14:21:00,NOTV
28.125,28.125,28.125,28.125,100,2021-06-28 14:23:00,NOTV
28.125,28.125,28.125,28.125,654,2021-06-28 14:24:00,NOTV
28.105,28.105,28.105,28.105,104,2021-06-28 14:25:00,NOTV
28.115,28.115,28.095,28.095,412,2021-06-28 14:29:00,NOTV
28.14,28.14,28.14,28.14,100,2021-06-28 14:30:00,NOTV
28.14,28.14,28.14,28.14,100,2021-06-28 14:31:00,NOTV
28.17,28.17,28.17,28.17,100,2021-06-28 14:34:00,NOTV
28.17,28.17,28.17,28.17,216,2021-06-28 14:35:00,NOTV
28.17,28.17,27.97,27.98,1700,2021-06-28 14:39:00,NOTV
28.0,28.0,27.9128,27.9128,800,2021-06-28 14:44:00,NOTV
28.0,28.0,28.0,28.0,100,2021-06-28 14:45:00,NOTV
27.9846,27.9846,27.9846,27.9846,140,2021-06-28 14:46:00,NOTV
28.0,28.02,28.0,28.02,300,2021-06-28 14:52:00,NOTV
27.99,27.99,27.99,27.99,100,2021-06-28 15:00:00,NOTV
28.0,28.0,27.99,27.99,200,2021-06-28 15:01:00,NOTV
27.7921,27.7921,27.7921,27.7921,100,2021-06-28 15:02:00,NOTV
27.79,27.85,27.79,27.845,590,2021-06-28 15:08:00,NOTV
27.84,27.84,27.84,27.84,100,2021-06-28 15:09:00,NOTV
27.97,27.99,27.97,27.99,200,2021-06-28 15:13:00,NOTV
27.915,27.915,27.915,27.915,100,2021-06-28 15:21:00,NOTV
27.99,28.02,27.915,28.02,1014,2021-06-28 15:26:00,NOTV
28.0,28.0,27.8,27.97,1100,2021-06-28 15:30:00,NOTV
27.845,27.89,27.8,27.89,400,2021-06-28 15:36:00,NOTV
27.89,28.0,27.8571,28.0,700,2021-06-28 15:47:00,NOTV
27.95,27.95,27.95,27.95,100,2021-06-28 15:51:00,NOTV
27.95,27.95,27.95,27.95,100,2021-06-28 15:52:00,NOTV
27.95,27.95,27.95,27.95,142,2021-06-28 15:53:00,NOTV
28.0,28.0,28.0,28.0,100,2021-06-28 15:55:00,NOTV
27.96,27.96,27.885,27.93,800,2021-06-28 16:01:00,NOTV
27.96,27.96,27.945,27.945,500,2021-06-28 16:12:00,NOTV
28.0,28.0,28.0,28.0,100,2021-06-28 16:24:00,NOTV
28.0,28.0,27.95,27.98,500,2021-06-28 16:26:00,NOTV
27.9563,27.9563,27.9563,27.9563,100,2021-06-28 16:28:00,NOTV
27.92,27.97,27.92,27.97,700,2021-06-28 16:30:00,NOTV
27.97,28.0,27.97,28.0,300,2021-06-28 16:31:00,NOTV
27.89,27.89,27.89,27.89,100,2021-06-28 16:59:00,NOTV
27.87,27.99,27.87,27.99,400,2021-06-28 17:02:00,NOTV
28.0,28.0,28.0,28.0,100,2021-06-28 17:10:00,NOTV
28.0,28.0,28.0,28.0,100,2021-06-28 17:11:00,NOTV
28.0,28.0,28.0,28.0,100,2021-06-28 17:14:00,NOTV
28.0,28.0,28.0,28.0,100,2021-06-28 17:18:00,NOTV
28.0,28.0,28.0,28.0,200,2021-06-28 17:20:00,NOTV
28.0,28.0,27.95,27.99,900,2021-06-28 17:22:00,NOTV
28.0,28.0,28.0,28.0,200,2021-06-28 17:23:00,NOTV
28.0,28.0,28.0,28.0,100,2021-06-28 17:25:00,NOTV
27.99,28.0,27.89,28.0,900,2021-06-28 17:26:00,NOTV
27.99,27.99,27.99,27.99,100,2021-06-28 17:33:00,NOTV
28.0,28.0,27.96,28.0,861,2021-06-28 17:34:00,NOTV
27.98,28.0,27.98,28.0,400,2021-06-28 17:38:00,NOTV
27.99,27.99,27.99,27.99,100,2021-06-28 17:46:00,NOTV
27.99,28.0,27.985,27.985,1953,2021-06-28 17:52:00,NOTV
28.0,28.0,27.98,28.0,1395,2021-06-28 17:53:00,NOTV
27.95,27.99,27.95,27.99,326,2021-06-28 17:55:00,NOTV
28.0,28.0,27.95,27.99,1700,2021-06-28 18:02:00,NOTV
27.955,27.97,27.955,27.955,600,2021-06-28 18:12:00,NOTV
27.955,27.955,27.955,27.955,100,2021-06-28 18:14:00,NOTV
27.955,27.955,27.955,27.955,894,2021-06-28 18:16:00,NOTV
27.955,27.955,27.955,27.955,100,2021-06-28 18:19:00,NOTV
27.955,27.955,27.955,27.955,100,2021-06-28 18:20:00,NOTV
27.955,27.955,27.955,27.955,100,2021-06-28 18:21:00,NOTV
27.955,27.955,27.955,27.955,100,2021-06-28 18:24:00,NOTV
27.92,27.955,27.92,27.955,200,2021-06-28 18:25:00,NOTV
27.92,27.92,27.92,27.92,200,2021-06-28 18:27:00,NOTV
27.87,27.87,27.87,27.87,100,2021-06-28 18:36:00,NOTV
27.87,27.92,27.87,27.915,400,2021-06-28 18:38:00,NOTV
27.915,27.915,27.915,27.915,100,2021-06-28 18:40:00,NOTV
27.81,27.9,27.81,27.9,200,2021-06-28 18:41:00,NOTV
27.92,27.92,27.915,27.915,200,2021-06-28 18:43:00,NOTV
27.915,27.915,27.915,27.915,100,2021-06-28 18:44:00,NOTV
27.915,27.915,27.915,27.915,100,2021-06-28 18:46:00,NOTV
27.915,27.915,27.915,27.915,100,2021-06-28 18:48:00,NOTV
27.915,27.915,27.915,27.915,100,2021-06-28 18:51:00,NOTV
27.915,27.915,27.915,27.915,100,2021-06-28 18:54:00,NOTV
27.81,27.93,27.81,27.93,400,2021-06-28 18:56:00,NOTV
27.87,27.87,27.87,27.87,500,2021-06-28 18:57:00,NOTV
27.915,27.93,27.87,27.9,1000,2021-06-28 19:00:00,NOTV
27.9,27.9,27.9,27.9,100,2021-06-28 19:01:00,NOTV
27.915,27.915,27.915,27.915,100,2021-06-28 19:02:00,NOTV
27.9,27.9,27.9,27.9,200,2021-06-28 19:03:00,NOTV
27.9,27.9,27.87,27.87,300,2021-06-28 19:04:00,NOTV
27.87,27.9,27.87,27.9,300,2021-06-28 19:05:00,NOTV
27.87,27.9,27.87,27.9,200,2021-06-28 19:07:00,NOTV
27.9,27.9,27.9,27.9,100,2021-06-28 19:09:00,NOTV
27.87,27.915,27.84,27.915,400,2021-06-28 19:10:00,NOTV
27.87,27.9,27.87,27.87,500,2021-06-28 19:11:00,NOTV
27.87,27.91,27.87,27.91,300,2021-06-28 19:12:00,NOTV
27.9,27.9,27.9,27.9,100,2021-06-28 19:14:00,NOTV
27.9,27.9,27.9,27.9,100,2021-06-28 19:16:00,NOTV
27.81,27.9,27.81,27.83,400,2021-06-28 19:17:00,NOTV
27.82,27.87,27.8,27.8,1475,2021-06-28 19:18:00,NOTV
27.77,27.835,27.77,27.835,1019,2021-06-28 19:20:00,NOTV
27.81,27.82,27.8,27.8,1000,2021-06-28 19:21:00,NOTV
27.89,27.89,27.89,27.89,100,2021-06-28 19:22:00,NOTV
27.87,27.87,27.87,27.87,100,2021-06-28 19:27:00,NOTV
27.87,27.87,27.87,27.87,100,2021-06-28 19:28:00,NOTV
27.88,27.88,27.88,27.88,100,2021-06-28 19:29:00,NOTV
27.88,27.97,27.88,27.96,900,2021-06-28 19:31:00,NOTV
27.97,27.97,27.97,27.97,100,2021-06-28 19:32:00,NOTV
28.02,28.02,28.02,28.02,100,2021-06-28 19:33:00,NOTV
28.01,28.01,28.01,28.01,100,2021-06-28 19:34:00,NOTV
28.01,28.01,28.01,28.01,100,2021-06-28 19:35:00,NOTV
28.02,28.02,27.955,28.02,300,2021-06-28 19:36:00,NOTV
28.02,28.02,28.02,28.02,200,2021-06-28 19:42:00,NOTV
28.01,28.02,27.96,27.96,300,2021-06-28 19:43:00,NOTV
28.02,28.02,28.02,28.02,100,2021-06-28 19:44:00,NOTV
28.01,28.02,27.96,28.02,2486,2021-06-28 19:45:00,NOTV
27.965,27.965,27.965,27.965,200,2021-06-28 19:46:00,NOTV
27.965,27.965,27.965,27.965,100,2021-06-28 19:47:00,NOTV
27.965,27.965,27.89,27.925,4396,2021-06-28 19:48:00,NOTV
27.93,27.93,27.93,27.93,200,2021-06-28 19:50:00,NOTV
27.935,27.94,27.935,27.94,200,2021-06-28 19:51:00,NOTV
27.92,27.92,27.92,27.92,100,2021-06-28 19:52:00,NOTV
27.925,27.925,27.925,27.925,100,2021-06-28 19:53:00,NOTV
27.93,27.96,27.92,27.92,600,2021-06-28 19:54:00,NOTV
27.955,27.955,27.92,27.92,1000,2021-06-28 19:55:00,NOTV
27.92,27.92,27.92,27.92,100,2021-06-28 19:56:00,NOTV
27.87,27.94,27.87,27.94,666,2021-06-28 19:57:00,NOTV
27.9,28.0,27.88,28.0,2400,2021-06-28 19:58:00,NOTV
27.99,28.0,27.88,27.88,1618,2021-06-28 19:59:00,NOTV
27.92,27.92,27.92,27.92,5210,2021-06-28 20:00:00,NOTV
27.92,27.92,27.92,27.92,474,2021-06-28 20:01:00,NOTV
28.02,28.02,28.02,28.02,621,2021-06-29 13:30:00,NOTV
27.8,27.8,27.8,27.8,197,2021-06-29 13:35:00,NOTV
28.0,28.0,28.0,28.0,300,2021-06-29 13:36:00,NOTV
28.0,28.0,28.0,28.0,100,2021-06-29 13:51:00,NOTV
28.01,28.01,28.01,28.01,168,2021-06-29 13:52:00,NOTV
27.88,27.92,27.88,27.92,654,2021-06-29 14:06:00,NOTV
27.88,27.88,27.88,27.88,100,2021-06-29 14:13:00,NOTV
27.85,28.01,27.82,28.01,550,2021-06-29 14:29:00,NOTV
27.88,27.88,27.88,27.88,100,2021-06-29 14:36:00,NOTV
28.0,28.01,27.925,28.01,650,2021-06-29 14:40:00,NOTV
27.69,27.69,27.69,27.69,100,2021-06-29 14:53:00,NOTV
27.755,27.755,27.755,27.755,100,2021-06-29 15:01:00,NOTV
27.57,27.62,27.57,27.62,418,2021-06-29 15:02:00,NOTV
27.55,27.73,27.55,27.73,834,2021-06-29 15:18:00,NOTV
27.73,27.98,27.73,27.98,500,2021-06-29 15:20:00,NOTV
27.75,27.75,27.75,27.75,1000,2021-06-29 15:22:00,NOTV
27.73,27.73,27.73,27.73,100,2021-06-29 15:38:00,NOTV
27.9,27.9,27.86,27.86,300,2021-06-29 15:45:00,NOTV
27.61,27.74,27.61,27.74,200,2021-06-29 15:48:00,NOTV
27.57,27.57,27.5,27.545,1100,2021-06-29 15:56:00,NOTV
27.38,27.39,27.33,27.39,300,2021-06-29 15:59:00,NOTV
27.5505,27.5505,27.5505,27.5505,200,2021-06-29 16:05:00,NOTV
27.24,27.24,27.24,27.24,100,2021-06-29 16:11:00,NOTV
27.3,27.3,27.3,27.3,100,2021-06-29 16:23:00,NOTV
27.44,27.44,27.44,27.44,200,2021-06-29 16:25:00,NOTV
27.19,27.19,27.19,27.19,100,2021-06-29 16:36:00,NOTV
27.33,27.33,27.33,27.33,500,2021-06-29 16:37:00,NOTV
27.33,27.48,27.33,27.47,5600,2021-06-29 16:47:00,NOTV
27.48,27.71,27.455,27.71,1110,2021-06-29 16:48:00,NOTV
27.51,27.51,27.51,27.51,150,2021-06-29 16:59:00,NOTV
27.48,27.48,27.48,27.48,200,2021-06-29 17:10:00,NOTV
27.79,27.79,27.79,27.79,100,2021-06-29 17:19:00,NOTV
27.82,27.82,27.63,27.63,200,2021-06-29 17:20:00,NOTV
27.96,27.96,27.96,27.96,100,2021-06-29 17:22:00,NOTV
27.83,27.83,27.83,27.83,400,2021-06-29 17:28:00,NOTV
27.76,27.76,27.76,27.76,100,2021-06-29 17:30:00,NOTV
27.76,27.76,27.71,27.71,800,2021-06-29 17:31:00,NOTV
27.59,27.69,27.59,27.69,800,2021-06-29 17:33:00,NOTV
27.52,27.52,27.52,27.52,100,2021-06-29 17:36:00,NOTV
27.52,27.52,27.51,27.51,200,2021-06-29 17:38:00,NOTV
27.605,27.605,27.605,27.605,100,2021-06-29 17:41:00,NOTV
27.635,27.635,27.635,27.635,600,2021-06-29 17:42:00,NOTV
27.54,27.6,27.54,27.6,452,2021-06-29 17:43:00,NOTV
27.35,27.46,27.35,27.46,400,2021-06-29 17:44:00,NOTV
27.375,27.375,27.375,27.375,200,2021-06-29 17:45:00,NOTV
27.49,27.49,27.49,27.49,200,2021-06-29 17:46:00,NOTV
27.4999,27.4999,27.46,27.46,400,2021-06-29 17:55:00,NOTV
27.45,27.45,27.45,27.45,100,2021-06-29 17:57:00,NOTV
27.2837,27.2837,27.2837,27.2837,144,2021-06-29 18:00:00,NOTV
27.4,27.4,27.4,27.4,100,2021-06-29 18:01:00,NOTV
27.41,27.41,27.4,27.4,340,2021-06-29 18:06:00,NOTV
27.21,27.34,27.21,27.34,600,2021-06-29 18:07:00,NOTV
27.16,27.16,27.16,27.16,107,2021-06-29 18:19:00,NOTV
27.12,27.14,27.05,27.05,800,2021-06-29 18:20:00,NOTV
27.055,27.055,27.055,27.055,407,2021-06-29 18:21:00,NOTV
27.05,27.05,27.05,27.05,400,2021-06-29 18:22:00,NOTV
27.05,27.11,27.05,27.11,1122,2021-06-29 18:23:00,NOTV
27.08,27.08,26.68,26.89,5289,2021-06-29 18:25:00,NOTV
27.0,27.0,27.0,27.0,200,2021-06-29 18:26:00,NOTV
27.125,27.125,27.125,27.125,100,2021-06-29 18:27:00,NOTV
27.01,27.01,27.01,27.01,100,2021-06-29 18:28:00,NOTV
27.0,27.04,27.0,27.04,300,2021-06-29 18:31:00,NOTV
27.06,27.06,27.06,27.06,400,2021-06-29 18:32:00,NOTV
26.98,27.0294,26.96,27.0265,800,2021-06-29 18:34:00,NOTV
27.05,27.06,26.955,27.0,500,2021-06-29 18:36:00,NOTV
26.95,26.95,26.95,26.95,200,2021-06-29 18:37:00,NOTV
27.08,27.08,27.08,27.08,100,2021-06-29 18:40:00,NOTV
27.015,27.015,27.015,27.015,200,2021-06-29 18:44:00,NOTV
26.965,26.9983,26.965,26.9983,400,2021-06-29 18:45:00,NOTV
26.93,26.93,26.49,26.49,4110,2021-06-29 18:50:00,NOTV
26.45,26.53,26.44,26.51,520,2021-06-29 18:52:00,NOTV
26.41,26.61,26.41,26.61,200,2021-06-29 18:54:00,NOTV
26.62,26.62,26.42,26.42,300,2021-06-29 18:55:00,NOTV
26.42,26.42,26.42,26.42,100,2021-06-29 18:57:00,NOTV
26.6605,26.69,26.6605,26.69,200,2021-06-29 18:59:00,NOTV
26.55,26.55,26.49,26.49,1293,2021-06-29 19:01:00,NOTV
26.49,26.49,26.41,26.41,200,2021-06-29 19:02:00,NOTV
26.41,26.41,26.41,26.41,100,2021-06-29 19:03:00,NOTV
26.44,26.49,26.41,26.41,300,2021-06-29 19:04:00,NOTV
26.4,26.4,26.38,26.38,200,2021-06-29 19:05:00,NOTV
26.34,26.34,26.34,26.34,100,2021-06-29 19:07:00,NOTV
26.5,26.5,26.45,26.49,1336,2021-06-29 19:08:00,NOTV
26.5,26.5,26.45,26.46,900,2021-06-29 19:09:00,NOTV
26.45,26.5,26.45,26.49,600,2021-06-29 19:12:00,NOTV
26.4873,26.4873,26.4873,26.4873,140,2021-06-29 19:13:00,NOTV
26.49,26.49,26.49,26.49,100,2021-06-29 19:14:00,NOTV
26.51,26.51,26.51,26.51,100,2021-06-29 19:15:00,NOTV
26.48,26.5,26.25,26.45,1813,2021-06-29 19:17:00,NOTV
26.48,26.48,26.48,26.48,100,2021-06-29 19:18:00,NOTV
26.4423,26.47,26.24,26.47,1950,2021-06-29 19:21:00,NOTV
26.5,26.5,26.5,26.5,300,2021-06-29 19:23:00,NOTV
26.46,26.5,26.45,26.5,500,2021-06-29 19:24:00,NOTV
26.5,26.5,26.44,26.44,400,2021-06-29 19:25:00,NOTV
26.55,26.55,26.445,26.51,814,2021-06-29 19:29:00,NOTV
26.53,26.53,26.53,26.53,100,2021-06-29 19:30:00,NOTV
26.51,26.51,26.51,26.51,100,2021-06-29 19:33:00,NOTV
26.5,26.5,26.5,26.5,100,2021-06-29 19:34:00,NOTV
26.52,26.52,26.47,26.47,200,2021-06-29 19:36:00,NOTV
26.52,26.55,26.52,26.55,300,2021-06-29 19:37:00,NOTV
26.5,26.59,26.5,26.59,1274,2021-06-29 19:38:00,NOTV
26.4767,26.58,26.47,26.49,600,2021-06-29 19:39:00,NOTV
26.59,26.6,26.545,26.55,900,2021-06-29 19:41:00,NOTV
26.6,26.6,26.55,26.57,1000,2021-06-29 19:42:00,NOTV
26.6,26.6,26.58,26.58,300,2021-06-29 19:43:00,NOTV
26.6,26.7,26.59,26.7,800,2021-06-29 19:44:00,NOTV
26.66,26.69,26.62,26.69,700,2021-06-29 19:47:00,NOTV
26.7,26.7,26.68,26.69,700,2021-06-29 19:50:00,NOTV
26.7,26.7,26.69,26.69,500,2021-06-29 19:51:00,NOTV
26.66,26.725,26.66,26.725,400,2021-06-29 19:52:00,NOTV
26.7879,26.8,26.7879,26.8,500,2021-06-29 19:53:00,NOTV
26.8,26.8,26.8,26.8,200,2021-06-29 19:54:00,NOTV
26.87,26.87,26.8,26.81,700,2021-06-29 19:55:00,NOTV
26.815,26.815,26.815,26.815,186,2021-06-29 19:56:00,NOTV
26.87,26.88,26.845,26.88,700,2021-06-29 19:57:00,NOTV
26.88,26.89,26.8,26.8,2700,2021-06-29 19:58:00,NOTV
26.785,26.8,26.61,26.75,1544,2021-06-29 19:59:00,NOTV
26.69,26.69,26.69,26.69,5510,2021-06-29 20:00:00,NOTV
26.56,26.56,26.56,26.56,454,2021-06-30 13:30:00,NOTV
27.5028,27.5028,27.5028,27.5028,1000,2021-06-30 13:31:00,NOTV
26.865,26.865,26.865,26.865,250,2021-06-30 13:34:00,NOTV
26.835,26.835,26.835,26.835,100,2021-06-30 13:40:00,NOTV
26.74,26.84,26.61,26.61,600,2021-06-30 13:41:00,NOTV
26.7387,26.7387,26.69,26.69,204,2021-06-30 13:42:00,NOTV
26.4748,26.4748,26.4748,26.4748,100,2021-06-30 13:47:00,NOTV
26.5717,26.5717,26.5717,26.5717,250,2021-06-30 13:58:00,NOTV
26.38,26.56,26.377,26.56,1000,2021-06-30 14:30:00,NOTV
26.54,26.55,26.54,26.55,200,2021-06-30 14:31:00,NOTV
26.265,26.68,26.25,26.59,4101,2021-06-30 14:35:00,NOTV
26.5,26.5,26.48,26.48,200,2021-06-30 14:39:00,NOTV
26.4,26.61,26.4,26.61,1810,2021-06-30 14:43:00,NOTV
26.52,26.52,26.52,26.52,100,2021-06-30 14:46:00,NOTV
26.5,26.5,26.5,26.5,100,2021-06-30 14:47:00,NOTV
26.535,26.535,26.535,26.535,100,2021-06-30 14:48:00,NOTV
26.535,26.535,26.535,26.535,150,2021-06-30 14:49:00,NOTV
26.63,26.63,26.63,26.63,100,2021-06-30 14:55:00,NOTV
26.6171,26.6171,26.6171,26.6171,166,2021-06-30 14:58:00,NOTV
26.46,26.6,26.46,26.6,200,2021-06-30 14:59:00,NOTV
26.4966,26.53,26.3,26.53,2150,2021-06-30 15:07:00,NOTV
26.45,26.45,26.45,26.45,100,2021-06-30 15:09:00,NOTV
26.5,26.5,26.5,26.5,100,2021-06-30 15:13:00,NOTV
26.3,26.3,26.3,26.3,100,2021-06-30 15:16:00,NOTV
26.32,26.32,26.32,26.32,100,2021-06-30 15:17:00,NOTV
26.48,26.48,26.48,26.48,100,2021-06-30 15:18:00,NOTV
26.3,26.355,26.3,26.35,300,2021-06-30 15:20:00,NOTV
26.3575,26.3575,26.3575,26.3575,300,2021-06-30 15:27:00,NOTV
26.35,26.35,26.35,26.35,100,2021-06-30 15:30:00,NOTV
26.4,26.4,26.4,26.4,100,2021-06-30 15:31:00,NOTV
26.36,26.36,26.36,26.36,100,2021-06-30 15:33:00,NOTV
26.36,26.36,26.36,26.36,100,2021-06-30 15:34:00,NOTV
26.39,26.39,26.39,26.39,100,2021-06-30 15:39:00,NOTV
26.3425,26.41,26.3425,26.41,600,2021-06-30 15:43:00,NOTV
26.42,26.43,26.4,26.43,600,2021-06-30 15:44:00,NOTV
26.43,26.43,26.43,26.43,600,2021-06-30 15:46:00,NOTV
26.54,26.54,26.54,26.54,100,2021-06-30 15:50:00,NOTV
26.54,26.54,26.45,26.45,700,2021-06-30 16:01:00,NOTV
26.5,26.61,26.46,26.53,800,2021-06-30 16:04:00,NOTV
26.47,26.47,26.47,26.47,100,2021-06-30 16:11:00,NOTV
26.465,26.53,26.45,26.53,1300,2021-06-30 16:13:00,NOTV
26.46,26.46,26.46,26.46,300,2021-06-30 16:15:00,NOTV
26.45,26.45,26.35,26.35,200,2021-06-30 16:20:00,NOTV
26.35,26.35,26.35,26.35,100,2021-06-30 16:22:00,NOTV
26.41,26.41,26.41,26.41,100,2021-06-30 16:28:00,NOTV
26.21,26.39,26.21,26.39,600,2021-06-30 16:29:00,NOTV
26.58,26.58,26.58,26.58,100,2021-06-30 16:32:00,NOTV
26.58,26.58,26.58,26.58,100,2021-06-30 16:36:00,NOTV
26.61,26.61,26.38,26.38,200,2021-06-30 16:38:00,NOTV
26.6,26.6,26.6,26.6,100,2021-06-30 16:40:00,NOTV
26.6,26.9,26.6,26.9,1000,2021-06-30 16:42:00,NOTV
26.695,26.705,26.695,26.705,400,2021-06-30 16:43:00,NOTV
26.76,26.78,26.76,26.78,300,2021-06-30 16:44:00,NOTV
26.785,26.785,26.785,26.785,100,2021-06-30 16:46:00,NOTV
26.785,26.785,26.785,26.785,100,2021-06-30 16:48:00,NOTV
26.8,26.8,26.8,26.8,100,2021-06-30 16:50:00,NOTV
26.81,26.81,26.69,26.71,1600,2021-06-30 16:51:00,NOTV
26.5232,26.5232,26.5232,26.5232,420,2021-06-30 16:53:00,NOTV
26.71,26.71,26.52,26.52,915,2021-06-30 16:59:00,NOTV
26.605,26.7,26.605,26.7,200,2021-06-30 17:00:00,NOTV
26.71,26.71,26.66,26.7,1143,2021-06-30 17:02:00,NOTV
26.69,26.7194,26.59,26.59,1880,2021-06-30 17:03:00,NOTV
26.65,26.65,26.65,26.65,100,2021-06-30 17:04:00,NOTV
26.7,26.7,26.7,26.7,100,2021-06-30 17:06:00,NOTV
26.7,26.7,26.7,26.7,100,2021-06-30 17:08:00,NOTV
26.65,26.7,26.62,26.66,1220,2021-06-30 17:10:00,NOTV
26.7,26.7,26.4,26.485,1480,2021-06-30 17:12:00,NOTV
26.485,26.485,26.485,26.485,138,2021-06-30 17:13:00,NOTV
26.5264,26.58,26.37,26.38,3000,2021-06-30 17:14:00,NOTV
26.37,26.38,26.37,26.38,900,2021-06-30 17:16:00,NOTV
26.36,26.36,26.23,26.23,1355,2021-06-30 17:18:00,NOTV
26.2,26.2,26.08,26.08,950,2021-06-30 17:21:00,NOTV
26.165,26.165,26.06,26.06,581,2021-06-30 17:22:00,NOTV
26.06,26.06,26.06,26.06,100,2021-06-30 17:23:00,NOTV
26.07,26.1,26.06,26.06,600,2021-06-30 17:25:00,NOTV
26.06,26.06,26.0,26.0,1691,2021-06-30 17:27:00,NOTV
26.1,26.1,26.1,26.1,100,2021-06-30 17:28:00,NOTV
26.055,26.055,26.055,26.055,100,2021-06-30 17:29:00,NOTV
26.13,26.15,26.065,26.15,1490,2021-06-30 17:30:00,NOTV
26.1,26.1,26.1,26.1,100,2021-06-30 17:31:00,NOTV
25.97,25.97,25.78,25.88,641,2021-06-30 17:32:00,NOTV
25.98,25.98,25.88,25.89,2000,2021-06-30 17:33:00,NOTV
25.97,26.002,25.44,25.44,11811,2021-06-30 17:36:00,NOTV
25.595,25.595,25.595,25.595,100,2021-06-30 17:37:00,NOTV
25.6,25.6,25.6,25.6,100,2021-06-30 17:38:00,NOTV
25.5,25.525,25.44,25.44,1100,2021-06-30 17:40:00,NOTV
25.5,25.51,25.37,25.37,300,2021-06-30 17:41:00,NOTV
25.4,25.4,25.24,25.25,700,2021-06-30 17:43:00,NOTV
25.27,25.36,25.22,25.295,900,2021-06-30 17:44:00,NOTV
25.36,25.56,25.36,25.56,1020,2021-06-30 17:45:00,NOTV
25.42,25.42,25.37,25.37,700,2021-06-30 17:48:00,NOTV
25.27,25.27,25.23,25.23,900,2021-06-30 17:50:00,NOTV
25.45,25.45,25.45,25.45,100,2021-06-30 17:51:00,NOTV
25.29,25.29,25.27,25.27,300,2021-06-30 17:53:00,NOTV
25.29,25.29,25.28,25.28,400,2021-06-30 17:54:00,NOTV
25.4,25.4,25.4,25.4,100,2021-06-30 17:55:00,NOTV
25.28,25.44,25.27,25.28,1400,2021-06-30 17:56:00,NOTV
25.37,25.37,25.37,25.37,200,2021-06-30 17:57:00,NOTV
25.37,25.37,25.37,25.37,100,2021-06-30 17:59:00,NOTV
25.3312,25.37,25.29,25.29,435,2021-06-30 18:00:00,NOTV
25.37,25.37,25.28,25.3,1200,2021-06-30 18:01:00,NOTV
25.28,25.28,25.28,25.28,800,2021-06-30 18:03:00,NOTV
25.29,25.29,25.29,25.29,100,2021-06-30 18:04:00,NOTV
25.44,25.46,25.44,25.46,300,2021-06-30 18:05:00,NOTV
25.5148,25.53,25.51,25.53,300,2021-06-30 18:06:00,NOTV
25.4874,25.61,25.4874,25.61,300,2021-06-30 18:10:00,NOTV
25.59,25.61,25.59,25.61,200,2021-06-30 18:11:00,NOTV
25.61,25.715,25.57,25.57,600,2021-06-30 18:12:00,NOTV
25.54,25.54,25.54,25.54,100,2021-06-30 18:13:00,NOTV
25.84,25.84,25.84,25.84,100,2021-06-30 18:14:00,NOTV
25.88,25.88,25.88,25.88,100,2021-06-30 18:17:00,NOTV
26.0,26.0,26.0,26.0,100,2021-06-30 18:19:00,NOTV
26.06,26.06,26.06,26.06,300,2021-06-30 18:20:00,NOTV
26.06,26.06,26.06,26.06,100,2021-06-30 18:21:00,NOTV
26.0,26.06,26.0,26.06,200,2021-06-30 18:22:00,NOTV
26.02,26.02,26.02,26.02,100,2021-06-30 18:23:00,NOTV
26.02,26.02,26.02,26.02,300,2021-06-30 18:24:00,NOTV
26.06,26.18,26.06,26.18,200,2021-06-30 18:25:00,NOTV
26.29,26.47,26.29,26.47,200,2021-06-30 18:26:00,NOTV
26.63,26.63,26.19,26.4,900,2021-06-30 18:27:00,NOTV
26.2,26.415,26.2,26.21,2400,2021-06-30 18:28:00,NOTV
26.225,26.26,26.21,26.21,580,2021-06-30 18:31:00,NOTV
26.21,26.22,25.91,26.22,2591,2021-06-30 18:32:00,NOTV
26.28,26.28,26.28,26.28,100,2021-06-30 18:33:00,NOTV
26.335,26.335,26.335,26.335,100,2021-06-30 18:37:00,NOTV
26.35,26.355,26.35,26.355,200,2021-06-30 18:39:00,NOTV
26.504,26.504,26.43,26.43,1100,2021-06-30 18:42:00,NOTV
26.565,26.565,26.565,26.565,100,2021-06-30 18:43:00,NOTV
26.565,26.565,26.565,26.565,200,2021-06-30 18:44:00,NOTV
26.7,26.7,26.7,26.7,100,2021-06-30 18:45:00,NOTV
26.565,26.565,26.565,26.565,200,2021-06-30 18:46:00,NOTV
26.7,26.7,26.7,26.7,100,2021-06-30 18:49:00,NOTV
26.7,26.7,26.7,26.7,200,2021-06-30 18:52:00,NOTV
26.7,26.7,26.565,26.565,900,2021-06-30 18:54:00,NOTV
26.7,26.7,26.7,26.7,400,2021-06-30 18:57:00,NOTV
26.7,26.7,26.7,26.7,100,2021-06-30 18:58:00,NOTV
26.7,26.7,26.7,26.7,100,2021-06-30 18:59:00,NOTV
26.7,26.7,26.685,26.685,591,2021-06-30 19:00:00,NOTV
26.58,26.58,26.24,26.27,3170,2021-06-30 19:01:00,NOTV
26.35,26.56,26.35,26.56,200,2021-06-30 19:07:00,NOTV
26.54,26.56,26.54,26.56,200,2021-06-30 19:08:00,NOTV
26.54,26.54,26.36,26.36,300,2021-06-30 19:10:00,NOTV
26.56,26.57,26.56,26.57,300,2021-06-30 19:12:00,NOTV
26.7,26.7,26.7,26.7,100,2021-06-30 19:14:00,NOTV
26.7,26.7,26.64,26.65,500,2021-06-30 19:15:00,NOTV
26.755,26.755,26.65,26.755,1000,2021-06-30 19:16:00,NOTV
26.71,26.755,26.65,26.755,500,2021-06-30 19:17:00,NOTV
26.71,26.71,26.61,26.71,1900,2021-06-30 19:18:00,NOTV
26.71,26.71,26.71,26.71,200,2021-06-30 19:19:00,NOTV
26.71,26.805,26.71,26.805,400,2021-06-30 19:20:00,NOTV
26.81,26.815,26.81,26.815,400,2021-06-30 19:21:00,NOTV
26.815,26.815,26.815,26.815,100,2021-06-30 19:23:00,NOTV
26.815,26.815,26.815,26.815,100,2021-06-30 19:24:00,NOTV
26.815,26.815,26.815,26.815,100,2021-06-30 19:25:00,NOTV
26.81,26.81,26.81,26.81,100,2021-06-30 19:26:00,NOTV
26.81,26.81,26.81,26.81,100,2021-06-30 19:27:00,NOTV
26.81,26.81,26.81,26.81,100,2021-06-30 19:28:00,NOTV
26.81,26.81,26.81,26.81,300,2021-06-30 19:29:00,NOTV
26.8,26.8,26.8,26.8,300,2021-06-30 19:30:00,NOTV
26.74,26.77,26.74,26.77,1000,2021-06-30 19:31:00,NOTV
26.77,26.77,26.77,26.77,200,2021-06-30 19:32:00,NOTV
26.77,26.77,26.77,26.77,100,2021-06-30 19:33:00,NOTV
26.77,26.77,26.63,26.7,2000,2021-06-30 19:34:00,NOTV
26.7,26.7,26.63,26.67,645,2021-06-30 19:35:00,NOTV
26.72,26.72,26.72,26.72,158,2021-06-30 19:36:00,NOTV
26.7,26.73,26.68,26.68,926,2021-06-30 19:40:00,NOTV
26.7,26.71,26.5,26.51,4175,2021-06-30 19:41:00,NOTV
26.555,26.555,26.555,26.555,200,2021-06-30 19:44:00,NOTV
26.55,26.55,26.5,26.55,457,2021-06-30 19:45:00,NOTV
26.545,26.545,26.5,26.5,6874,2021-06-30 19:46:00,NOTV
26.5,26.56,26.49,26.56,700,2021-06-30 19:47:00,NOTV
26.69,26.72,26.63,26.72,1800,2021-06-30 19:50:00,NOTV
26.63,26.725,26.63,26.63,1436,2021-06-30 19:51:00,NOTV
26.69,26.76,26.66,26.71,800,2021-06-30 19:52:00,NOTV
26.71,26.71,26.66,26.66,900,2021-06-30 19:53:00,NOTV
26.71,26.71,26.66,26.71,1702,2021-06-30 19:54:00,NOTV
26.71,26.71,26.67,26.67,1100,2021-06-30 19:55:00,NOTV
26.71,26.72,26.68,26.68,1700,2021-06-30 19:56:00,NOTV
26.7,26.7,26.68,26.68,2400,2021-06-30 19:57:00,NOTV
26.6309,26.7,26.63,26.7,2335,2021-06-30 19:58:00,NOTV
26.695,26.71,26.58,26.67,4848,2021-06-30 19:59:00,NOTV
26.68,26.68,26.68,26.68,6977,2021-06-30 20:00:00,NOTV
26.68,26.68,26.68,26.68,194,2021-06-30 20:01:00,NOTV
26.63,26.96,26.63,26.96,709,2021-07-01 13:30:00,NOTV
26.95,26.95,26.95,26.95,100,2021-07-01 13:36:00,NOTV
26.95,26.97,26.935,26.935,2557,2021-07-01 13:37:00,NOTV
26.95,26.95,26.95,26.95,200,2021-07-01 13:38:00,NOTV
26.94,26.94,26.94,26.94,100,2021-07-01 13:39:00,NOTV
26.96,26.96,26.96,26.96,341,2021-07-01 13:45:00,NOTV
26.82,26.82,26.82,26.82,146,2021-07-01 13:46:00,NOTV
26.56,27.23,26.56,27.23,459,2021-07-01 13:47:00,NOTV
27.23,27.23,27.23,27.23,100,2021-07-01 13:49:00,NOTV
27.025,27.24,27.025,27.17,400,2021-07-01 13:54:00,NOTV
26.75,26.75,26.75,26.75,250,2021-07-01 13:58:00,NOTV
27.07,27.07,27.07,27.07,200,2021-07-01 14:15:00,NOTV
26.9926,26.9926,26.9926,26.9926,120,2021-07-01 14:16:00,NOTV
27.0,27.0,26.95,26.95,200,2021-07-01 14:18:00,NOTV
27.005,27.005,27.005,27.005,100,2021-07-01 14:25:00,NOTV
26.8,26.8,26.8,26.8,100,2021-07-01 14:28:00,NOTV
26.68,26.68,26.68,26.68,100,2021-07-01 14:32:00,NOTV
26.7,26.7,26.7,26.7,500,2021-07-01 14:38:00,NOTV
26.31,26.31,26.21,26.31,1955,2021-07-01 14:39:00,NOTV
26.395,26.57,26.395,26.57,700,2021-07-01 14:40:00,NOTV
26.32,26.32,26.32,26.32,100,2021-07-01 14:44:00,NOTV
26.57,26.57,26.57,26.57,200,2021-07-01 14:46:00,NOTV
26.79,26.79,26.77,26.77,200,2021-07-01 14:50:00,NOTV
26.81,26.985,26.81,26.985,300,2021-07-01 14:56:00,NOTV
26.81,26.81,26.81,26.81,300,2021-07-01 14:57:00,NOTV
27.045,27.045,27.045,27.045,200,2021-07-01 15:05:00,NOTV
26.995,26.995,26.995,26.995,200,2021-07-01 15:15:00,NOTV
26.6,26.6,26.6,26.6,100,2021-07-01 15:24:00,NOTV
26.51,26.51,26.51,26.51,100,2021-07-01 15:27:00,NOTV
26.52,26.52,26.52,26.52,100,2021-07-01 15:32:00,NOTV
26.73,26.94,26.73,26.94,500,2021-07-01 15:49:00,NOTV
26.94,27.05,26.94,27.05,200,2021-07-01 15:50:00,NOTV
26.7774,27.02,26.7774,27.02,260,2021-07-01 15:55:00,NOTV
27.0,27.0,27.0,27.0,100,2021-07-01 15:56:00,NOTV
27.0097,27.0097,27.0097,27.0097,166,2021-07-01 15:57:00,NOTV
26.775,26.775,26.775,26.775,104,2021-07-01 16:12:00,NOTV
26.98,26.98,26.98,26.98,200,2021-07-01 16:50:00,NOTV
27.0,27.01,27.0,27.01,200,2021-07-01 16:56:00,NOTV
26.84,26.84,26.84,26.84,100,2021-07-01 16:58:00,NOTV
26.91,26.91,26.845,26.88,300,2021-07-01 17:01:00,NOTV
26.93,26.93,26.93,26.93,100,2021-07-01 17:07:00,NOTV
26.84,26.84,26.795,26.795,200,2021-07-01 17:17:00,NOTV
26.905,26.905,26.905,26.905,100,2021-07-01 17:19:00,NOTV
26.91,27.0,26.905,27.0,600,2021-07-01 17:22:00,NOTV
27.0,27.0,27.0,27.0,100,2021-07-01 17:37:00,NOTV
26.915,26.915,26.915,26.915,100,2021-07-01 17:43:00,NOTV
26.915,27.49,26.915,27.48,27760,2021-07-01 17:55:00,NOTV
27.12,27.27,27.12,27.27,300,2021-07-01 18:00:00,NOTV
27.4,27.4,27.27,27.27,400,2021-07-01 18:01:00,NOTV
27.13,27.13,27.13,27.13,100,2021-07-01 18:04:00,NOTV
27.14,27.14,27.14,27.14,100,2021-07-01 18:10:00,NOTV
27.22,27.22,27.22,27.22,100,2021-07-01 18:13:00,NOTV
27.3,27.3,27.22,27.22,200,2021-07-01 18:18:00,NOTV
27.18,27.185,27.08,27.08,905,2021-07-01 18:20:00,NOTV
27.005,27.13,27.005,27.13,400,2021-07-01 18:21:00,NOTV
27.055,27.25,27.05,27.25,600,2021-07-01 18:22:00,NOTV
27.055,27.055,27.055,27.055,200,2021-07-01 18:24:00,NOTV
26.89,26.89,26.89,26.89,100,2021-07-01 18:28:00,NOTV
26.93,26.93,26.93,26.93,100,2021-07-01 18:29:00,NOTV
26.92,26.92,26.92,26.92,100,2021-07-01 18:38:00,NOTV
27.08,27.08,27.08,27.08,100,2021-07-01 18:40:00,NOTV
27.055,27.055,27.055,27.055,800,2021-07-01 18:47:00,NOTV
27.23,27.23,26.995,26.995,300,2021-07-01 18:48:00,NOTV
27.25,27.25,27.25,27.25,100,2021-07-01 18:49:00,NOTV
27.26,27.26,27.26,27.26,100,2021-07-01 18:51:00,NOTV
27.08,27.08,27.08,27.08,100,2021-07-01 19:04:00,NOTV
26.99,26.99,26.99,26.99,100,2021-07-01 19:06:00,NOTV
26.98,26.98,26.98,26.98,100,2021-07-01 19:09:00,NOTV
27.23,27.24,27.11,27.235,400,2021-07-01 19:10:00,NOTV
27.135,27.135,27.135,27.135,100,2021-07-01 19:11:00,NOTV
27.01,27.14,26.995,26.995,800,2021-07-01 19:12:00,NOTV
27.01,27.01,27.01,27.01,357,2021-07-01 19:13:00,NOTV
26.92,26.92,26.92,26.92,100,2021-07-01 19:15:00,NOTV
26.89,26.89,26.89,26.89,100,2021-07-01 19:16:00,NOTV
26.89,26.89,26.89,26.89,100,2021-07-01 19:17:00,NOTV
26.85,26.92,26.76,26.76,500,2021-07-01 19:19:00,NOTV
26.8,26.8,26.8,26.8,100,2021-07-01 19:20:00,NOTV
26.7,26.7,26.7,26.7,100,2021-07-01 19:21:00,NOTV
26.865,26.865,26.865,26.865,100,2021-07-01 19:22:00,NOTV
26.8,26.9,26.7,26.7,800,2021-07-01 19:23:00,NOTV
26.8,26.93,26.8,26.93,200,2021-07-01 19:24:00,NOTV
26.8,27.09,26.8,26.955,510,2021-07-01 19:25:00,NOTV
26.83,26.84,26.83,26.84,200,2021-07-01 19:27:00,NOTV
26.8,26.8,26.8,26.8,100,2021-07-01 19:29:00,NOTV
26.81,26.81,26.78,26.78,400,2021-07-01 19:30:00,NOTV
26.705,26.705,26.705,26.705,104,2021-07-01 19:32:00,NOTV
26.8,26.9568,26.76,26.9568,1666,2021-07-01 19:33:00,NOTV
26.9548,26.9548,26.9548,26.9548,100,2021-07-01 19:34:00,NOTV
26.8,26.86,26.8,26.86,300,2021-07-01 19:36:00,NOTV
26.8,26.8,26.8,26.8,100,2021-07-01 19:37:00,NOTV
26.875,26.875,26.81,26.875,300,2021-07-01 19:38:00,NOTV
26.8,26.865,26.79,26.865,500,2021-07-01 19:39:00,NOTV
26.7,26.8,26.7,26.7964,1207,2021-07-01 19:40:00,NOTV
26.665,26.665,26.665,26.665,412,2021-07-01 19:41:00,NOTV
26.7,26.7,26.7,26.7,200,2021-07-01 19:42:00,NOTV
26.74,26.74,26.74,26.74,100,2021-07-01 19:44:00,NOTV
26.74,26.79,26.71,26.72,950,2021-07-01 19:45:00,NOTV
26.72,26.78,26.72,26.78,200,2021-07-01 19:47:00,NOTV
26.76,26.76,26.76,26.76,100,2021-07-01 19:49:00,NOTV
26.8,26.8,26.73,26.73,1204,2021-07-01 19:51:00,NOTV
26.66,26.71,26.63,26.63,400,2021-07-01 19:52:00,NOTV
26.63,26.7,26.63,26.68,370,2021-07-01 19:54:00,NOTV
26.62,26.62,26.62,26.62,200,2021-07-01 19:55:00,NOTV
26.708,26.708,26.7,26.7,200,2021-07-01 19:56:00,NOTV
26.61,26.7078,26.61,26.7078,200,2021-07-01 19:57:00,NOTV
26.69,26.69,26.68,26.68,200,2021-07-01 19:58:00,NOTV
26.57,26.8,26.57,26.74,2264,2021-07-01 19:59:00,NOTV
26.72,26.72,26.72,26.72,5657,2021-07-01 20:00:00,NOTV
26.6,26.6,26.6,26.6,1112,2021-07-02 13:30:00,NOTV
26.73,26.73,26.73,26.73,100,2021-07-02 13:52:00,NOTV
26.7,26.7,26.7,26.7,100,2021-07-02 14:06:00,NOTV
26.72,26.72,26.72,26.72,100,2021-07-02 14:13:00,NOTV
26.57,26.72,26.57,26.72,300,2021-07-02 14:14:00,NOTV
26.72,26.7299,26.72,26.7299,200,2021-07-02 14:15:00,NOTV
26.73,26.915,26.71,26.915,500,2021-07-02 14:18:00,NOTV
26.73,27.15,26.68,27.15,3900,2021-07-02 14:19:00,NOTV
27.15,27.15,27.15,27.15,100,2021-07-02 14:24:00,NOTV
26.72,26.72,26.7,26.71,1900,2021-07-02 14:28:00,NOTV
26.72,26.72,26.72,26.72,100,2021-07-02 14:34:00,NOTV
26.72,26.72,26.72,26.72,100,2021-07-02 14:35:00,NOTV
26.72,26.72,26.72,26.72,100,2021-07-02 14:36:00,NOTV
26.598,26.71,26.48,26.71,1870,2021-07-02 14:37:00,NOTV
26.61,26.61,26.6,26.6,200,2021-07-02 14:58:00,NOTV
26.7,26.71,26.5076,26.526,403,2021-07-02 15:09:00,NOTV
26.62,26.62,26.62,26.62,200,2021-07-02 15:18:00,NOTV
26.69,26.69,26.69,26.69,100,2021-07-02 15:33:00,NOTV
26.6671,26.6671,26.6671,26.6671,187,2021-07-02 15:37:00,NOTV
26.565,26.96,26.565,26.86,5470,2021-07-02 15:47:00,NOTV
26.9,26.9,26.9,26.9,454,2021-07-02 15:52:00,NOTV
26.81,26.86,26.72,26.86,400,2021-07-02 16:00:00,NOTV
26.72,26.72,26.72,26.72,100,2021-07-02 16:01:00,NOTV
26.7,26.7,26.7,26.7,100,2021-07-02 16:02:00,NOTV
26.7295,26.7295,26.72,26.72,222,2021-07-02 16:03:00,NOTV
26.57,26.73,26.57,26.73,300,2021-07-02 16:27:00,NOTV
26.74,26.76,26.74,26.76,300,2021-07-02 16:34:00,NOTV
26.94,26.94,26.94,26.94,100,2021-07-02 16:38:00,NOTV
26.975,26.975,26.975,26.975,100,2021-07-02 16:44:00,NOTV
27.015,27.1,27.015,27.1,200,2021-07-02 16:49:00,NOTV
26.975,26.975,26.975,26.975,200,2021-07-02 17:00:00,NOTV
27.11,27.11,27.095,27.1,300,2021-07-02 17:11:00,NOTV
27.08,27.08,27.08,27.08,100,2021-07-02 17:12:00,NOTV
27.08,27.08,27.08,27.08,100,2021-07-02 17:26:00,NOTV
27.27,27.27,27.27,27.27,100,2021-07-02 17:39:00,NOTV
27.07,27.09,26.73,27.07,2700,2021-07-02 17:48:00,NOTV
26.89,26.89,26.78,26.78,400,2021-07-02 18:07:00,NOTV
26.89,26.89,26.89,26.89,300,2021-07-02 18:20:00,NOTV
26.9,27.025,26.9,27.005,1200,2021-07-02 18:21:00,NOTV
27.01,27.05,26.995,27.05,1100,2021-07-02 18:23:00,NOTV
26.93,26.93,26.93,26.93,200,2021-07-02 18:24:00,NOTV
27.0,27.0,27.0,27.0,250,2021-07-02 18:27:00,NOTV
26.85,26.89,26.85,26.89,1100,2021-07-02 18:46:00,NOTV
27.03,27.03,27.03,27.03,200,2021-07-02 18:54:00,NOTV
26.78,26.78,26.78,26.78,100,2021-07-02 19:05:00,NOTV
27.0,27.0,27.0,27.0,100,2021-07-02 19:07:00,NOTV
26.93,26.93,26.91,26.93,300,2021-07-02 19:17:00,NOTV
26.89,26.89,26.89,26.89,200,2021-07-02 19:26:00,NOTV
26.65,26.73,26.65,26.73,500,2021-07-02 19:33:00,NOTV
26.64,26.64,26.53,26.54,2075,2021-07-02 19:39:00,NOTV
26.38,26.4,26.325,26.325,1503,2021-07-02 19:40:00,NOTV
26.315,26.41,26.315,26.41,300,2021-07-02 19:42:00,NOTV
26.315,26.315,26.315,26.315,100,2021-07-02 19:44:00,NOTV
26.42,26.42,26.42,26.42,100,2021-07-02 19:45:00,NOTV
26.315,26.44,26.315,26.43,500,2021-07-02 19:46:00,NOTV
26.44,26.44,26.44,26.44,100,2021-07-02 19:48:00,NOTV
26.33,26.33,26.33,26.33,100,2021-07-02 19:49:00,NOTV
26.44,26.44,26.44,26.44,100,2021-07-02 19:51:00,NOTV
26.23,26.28,26.22,26.22,2108,2021-07-02 19:52:00,NOTV
26.38,26.38,26.38,26.38,100,2021-07-02 19:54:00,NOTV
26.39,26.39,26.39,26.39,100,2021-07-02 19:57:00,NOTV
26.525,26.525,26.525,26.525,100,2021-07-02 19:58:00,NOTV
26.29,26.31,26.11,26.12,1998,2021-07-02 19:59:00,NOTV
26.21,26.21,26.21,26.21,2479,2021-07-02 20:00:00,NOTV
