open,high,low,close,volume,datetime,symbol
56.07,56.07,56.07,56.07,566,2021-08-02 13:30:00,AGYS
56.85,56.85,56.85,56.85,100,2021-08-02 13:35:00,AGYS
56.5,56.55,56.5,56.55,200,2021-08-02 14:00:00,AGYS
56.47,56.73,56.18,56.73,600,2021-08-02 14:05:00,AGYS
56.215,56.81,56.2,56.81,1000,2021-08-02 14:20:00,AGYS
56.85,57.44,56.85,57.065,3901,2021-08-02 14:30:00,AGYS
57.13,57.13,57.13,57.13,100,2021-08-02 14:40:00,AGYS
57.17,57.29,57.17,57.24,300,2021-08-02 14:55:00,AGYS
57.36,57.36,57.105,57.105,200,2021-08-02 15:00:00,AGYS
57.16,57.35,57.16,57.35,300,2021-08-02 15:05:00,AGYS
57.2,57.2,57.2,57.2,100,2021-08-02 15:15:00,AGYS
57.285,57.46,57.285,57.44,300,2021-08-02 15:20:00,AGYS
57.45,57.45,57.45,57.45,100,2021-08-02 15:30:00,AGYS
57.46,57.505,57.24,57.24,1700,2021-08-02 15:50:00,AGYS
57.09,57.09,57.03,57.04,400,2021-08-02 15:55:00,AGYS
57.16,57.17,56.9,56.95,800,2021-08-02 16:05:00,AGYS
56.91,56.91,56.91,56.91,200,2021-08-02 16:10:00,AGYS
56.68,57.05,56.68,57.05,1222,2021-08-02 16:15:00,AGYS
57.24,57.24,57.01,57.01,200,2021-08-02 16:35:00,AGYS
56.925,56.98,56.925,56.98,200,2021-08-02 16:50:00,AGYS
57.09,57.18,57.08,57.12,1952,2021-08-02 16:55:00,AGYS
57.17,57.24,57.14,57.24,400,2021-08-02 17:05:00,AGYS
57.29,57.39,57.22,57.31,1000,2021-08-02 17:10:00,AGYS
57.23,57.23,57.12,57.12,462,2021-08-02 17:15:00,AGYS
57.02,57.02,57.02,57.02,200,2021-08-02 17:20:00,AGYS
57.16,57.16,57.16,57.16,100,2021-08-02 17:25:00,AGYS
57.14,57.16,57.11,57.125,500,2021-08-02 17:40:00,AGYS
57.13,57.13,57.07,57.1,1000,2021-08-02 17:45:00,AGYS
57.135,57.15,57.05,57.15,700,2021-08-02 17:50:00,AGYS
57.11,57.26,57.11,57.26,300,2021-08-02 17:55:00,AGYS
57.34,57.42,57.32,57.4,500,2021-08-02 18:00:00,AGYS
57.66,57.66,57.44,57.44,300,2021-08-02 18:10:00,AGYS
57.63,57.63,57.47,57.47,200,2021-08-02 18:15:00,AGYS
57.46,57.46,57.02,57.02,1298,2021-08-02 18:20:00,AGYS
56.99,56.99,56.84,56.84,529,2021-08-02 18:35:00,AGYS
56.8,56.8,56.745,56.745,200,2021-08-02 18:40:00,AGYS
56.7,56.75,56.62,56.62,800,2021-08-02 18:50:00,AGYS
56.57,56.57,56.25,56.25,1144,2021-08-02 18:55:00,AGYS
56.17,56.17,56.17,56.17,100,2021-08-02 19:00:00,AGYS
56.36,56.39,56.34,56.34,418,2021-08-02 19:05:00,AGYS
56.14,56.14,56.08,56.08,200,2021-08-02 19:10:00,AGYS
56.17,56.17,56.17,56.17,100,2021-08-02 19:15:00,AGYS
56.09,56.18,56.09,56.12,1029,2021-08-02 19:20:00,AGYS
56.09,56.1,56.09,56.1,300,2021-08-02 19:25:00,AGYS
56.06,56.09,56.06,56.09,300,2021-08-02 19:30:00,AGYS
56.08,56.09,56.07,56.07,300,2021-08-02 19:35:00,AGYS
56.09,56.16,55.91,55.91,763,2021-08-02 19:40:00,AGYS
55.83,55.85,55.71,55.71,500,2021-08-02 19:45:00,AGYS
55.8,55.8,55.73,55.775,1988,2021-08-02 19:50:00,AGYS
55.77,55.99,55.76,55.92,3405,2021-08-02 19:55:00,AGYS
55.94,55.94,55.94,55.94,16906,2021-08-02 20:00:00,AGYS
56.22,56.22,56.22,56.22,327,2021-08-03 13:30:00,AGYS
55.86,55.86,55.86,55.86,100,2021-08-03 13:40:00,AGYS
54.85,55.3722,54.29,54.29,660,2021-08-03 14:05:00,AGYS
54.75,54.75,54.73,54.73,200,2021-08-03 14:15:00,AGYS
54.76,54.76,54.76,54.76,100,2021-08-03 14:30:00,AGYS
54.77,54.77,54.77,54.77,100,2021-08-03 14:35:00,AGYS
55.03,55.03,55.03,55.03,100,2021-08-03 14:40:00,AGYS
55.18,55.18,55.03,55.03,401,2021-08-03 14:50:00,AGYS
54.87,54.87,54.87,54.87,100,2021-08-03 14:55:00,AGYS
54.88,54.88,54.88,54.88,100,2021-08-03 15:00:00,AGYS
54.96,54.98,54.89,54.98,500,2021-08-03 15:20:00,AGYS
55.42,55.42,55.21,55.21,400,2021-08-03 15:45:00,AGYS
55.11,55.11,54.96,55.06,500,2021-08-03 15:50:00,AGYS
55.13,55.13,55.13,55.13,300,2021-08-03 16:10:00,AGYS
55.21,55.28,55.21,55.28,300,2021-08-03 16:15:00,AGYS
55.39,55.39,55.29,55.29,200,2021-08-03 16:20:00,AGYS
55.15,55.15,55.13,55.13,200,2021-08-03 16:25:00,AGYS
55.07,55.07,55.07,55.07,100,2021-08-03 16:50:00,AGYS
55.3,55.38,55.3,55.38,300,2021-08-03 17:05:00,AGYS
55.15,55.15,55.12,55.12,375,2021-08-03 17:20:00,AGYS
54.895,54.98,54.84,54.98,400,2021-08-03 17:25:00,AGYS
54.84,54.84,54.84,54.84,100,2021-08-03 17:40:00,AGYS
54.88,54.92,54.88,54.92,300,2021-08-03 17:45:00,AGYS
54.85,55.02,54.85,54.975,300,2021-08-03 17:50:00,AGYS
55.11,55.11,55.11,55.11,100,2021-08-03 17:55:00,AGYS
54.92,54.94,54.92,54.94,300,2021-08-03 18:00:00,AGYS
54.99,54.99,54.99,54.99,200,2021-08-03 18:10:00,AGYS
55.0,55.095,55.0,55.095,300,2021-08-03 18:25:00,AGYS
55.12,55.25,55.12,55.23,500,2021-08-03 18:30:00,AGYS
55.35,55.48,55.26,55.48,1400,2021-08-03 18:35:00,AGYS
55.735,55.82,55.735,55.82,300,2021-08-03 18:40:00,AGYS
55.61,55.66,55.52,55.53,500,2021-08-03 18:45:00,AGYS
55.45,55.485,55.43,55.485,400,2021-08-03 18:55:00,AGYS
55.5,55.5,55.42,55.48,500,2021-08-03 19:00:00,AGYS
55.5,55.59,55.5,55.59,400,2021-08-03 19:05:00,AGYS
55.6,55.6,55.56,55.56,300,2021-08-03 19:10:00,AGYS
55.49,55.495,55.49,55.495,300,2021-08-03 19:15:00,AGYS
55.44,55.44,55.44,55.44,100,2021-08-03 19:20:00,AGYS
55.49,55.49,55.49,55.49,300,2021-08-03 19:25:00,AGYS
55.51,55.51,55.5,55.5,400,2021-08-03 19:30:00,AGYS
55.51,55.51,55.43,55.45,700,2021-08-03 19:35:00,AGYS
55.385,55.43,55.385,55.43,300,2021-08-03 19:40:00,AGYS
55.46,55.55,55.46,55.55,200,2021-08-03 19:45:00,AGYS
55.47,55.8,55.47,55.8,900,2021-08-03 19:50:00,AGYS
55.81,55.92,55.59,55.59,1257,2021-08-03 19:55:00,AGYS
55.73,55.73,55.73,55.73,27286,2021-08-03 20:00:00,AGYS
55.17,55.17,55.16,55.16,1596,2021-08-04 13:30:00,AGYS
55.29,55.49,55.29,55.49,480,2021-08-04 13:35:00,AGYS
55.77,55.77,55.77,55.77,100,2021-08-04 14:10:00,AGYS
55.77,55.77,55.64,55.64,200,2021-08-04 14:25:00,AGYS
55.34,55.37,55.27,55.37,400,2021-08-04 14:30:00,AGYS
55.235,55.235,55.235,55.235,200,2021-08-04 14:35:00,AGYS
55.47,55.68,55.4,55.68,400,2021-08-04 14:45:00,AGYS
55.28,55.28,55.28,55.28,100,2021-08-04 14:55:00,AGYS
55.33,55.33,55.33,55.33,100,2021-08-04 15:00:00,AGYS
55.48,55.49,55.42,55.45,400,2021-08-04 15:10:00,AGYS
54.74,54.74,54.6202,54.6202,457,2021-08-04 15:55:00,AGYS
54.8,54.8,54.8,54.8,100,2021-08-04 16:05:00,AGYS
54.8,54.8,54.8,54.8,100,2021-08-04 16:15:00,AGYS
54.8,54.81,54.795,54.795,400,2021-08-04 16:20:00,AGYS
54.76,54.76,54.76,54.76,100,2021-08-04 16:25:00,AGYS
54.7,54.7,54.7,54.7,100,2021-08-04 16:30:00,AGYS
54.64,54.64,54.59,54.59,300,2021-08-04 16:40:00,AGYS
54.57,54.67,54.57,54.67,400,2021-08-04 16:45:00,AGYS
54.68,54.68,54.68,54.68,100,2021-08-04 16:50:00,AGYS
54.665,54.665,54.665,54.665,100,2021-08-04 16:55:00,AGYS
54.63,54.63,54.63,54.63,100,2021-08-04 17:05:00,AGYS
54.7,54.7,54.7,54.7,100,2021-08-04 17:20:00,AGYS
54.655,54.655,54.655,54.655,100,2021-08-04 17:30:00,AGYS
54.45,54.45,54.45,54.45,100,2021-08-04 17:35:00,AGYS
54.51,54.63,54.51,54.63,306,2021-08-04 17:40:00,AGYS
54.495,54.495,54.495,54.495,100,2021-08-04 17:45:00,AGYS
54.53,54.53,54.53,54.53,100,2021-08-04 18:00:00,AGYS
54.565,54.565,54.565,54.565,100,2021-08-04 18:05:00,AGYS
54.61,54.62,54.6,54.62,400,2021-08-04 18:10:00,AGYS
54.65,54.65,54.65,54.65,100,2021-08-04 18:15:00,AGYS
54.625,54.625,54.625,54.625,300,2021-08-04 18:20:00,AGYS
54.55,54.55,54.52,54.52,300,2021-08-04 18:25:00,AGYS
54.55,54.56,54.47,54.54,700,2021-08-04 18:30:00,AGYS
54.58,54.58,54.555,54.555,200,2021-08-04 18:35:00,AGYS
54.45,54.535,54.45,54.52,400,2021-08-04 18:40:00,AGYS
54.49,54.55,54.48,54.53,879,2021-08-04 18:45:00,AGYS
54.555,54.56,54.555,54.56,200,2021-08-04 19:00:00,AGYS
54.58,54.6,54.58,54.6,200,2021-08-04 19:05:00,AGYS
54.67,54.67,54.67,54.67,100,2021-08-04 19:10:00,AGYS
54.71,54.71,54.63,54.63,300,2021-08-04 19:15:00,AGYS
54.77,54.79,54.77,54.79,200,2021-08-04 19:25:00,AGYS
54.79,54.94,54.79,54.925,900,2021-08-04 19:30:00,AGYS
54.85,54.955,54.84,54.955,1231,2021-08-04 19:35:00,AGYS
55.02,55.02,55.02,55.02,100,2021-08-04 19:40:00,AGYS
55.055,55.065,54.98,54.98,900,2021-08-04 19:45:00,AGYS
55.03,55.03,54.98,54.98,1100,2021-08-04 19:50:00,AGYS
55.04,55.06,54.95,54.97,2200,2021-08-04 19:55:00,AGYS
55.02,55.02,55.02,55.02,10185,2021-08-04 20:00:00,AGYS
55.19,55.58,55.19,55.58,1850,2021-08-05 13:30:00,AGYS
55.43,55.72,55.43,55.72,420,2021-08-05 13:40:00,AGYS
55.75,55.98,55.75,55.98,500,2021-08-05 13:45:00,AGYS
56.52,56.52,56.52,56.52,100,2021-08-05 13:50:00,AGYS
56.335,56.335,56.335,56.335,100,2021-08-05 14:05:00,AGYS
56.11,56.11,55.75,56.09,600,2021-08-05 14:15:00,AGYS
56.1,56.425,56.1,56.32,1300,2021-08-05 14:30:00,AGYS
56.24,56.265,56.22,56.22,400,2021-08-05 14:40:00,AGYS
56.43,56.72,56.43,56.48,1000,2021-08-05 14:45:00,AGYS
56.56,56.62,56.56,56.62,300,2021-08-05 14:50:00,AGYS
56.6,56.6,56.535,56.535,200,2021-08-05 14:55:00,AGYS
56.555,56.73,56.555,56.73,200,2021-08-05 15:15:00,AGYS
56.76,56.79,56.76,56.79,400,2021-08-05 15:20:00,AGYS
56.79,56.79,56.79,56.79,100,2021-08-05 15:25:00,AGYS
56.88,56.93,56.72,56.72,600,2021-08-05 15:35:00,AGYS
56.76,56.76,56.24,56.46,900,2021-08-05 15:40:00,AGYS
56.26,56.32,56.23,56.25,500,2021-08-05 15:45:00,AGYS
55.975,56.3,55.975,56.265,400,2021-08-05 15:50:00,AGYS
56.24,56.35,56.24,56.35,261,2021-08-05 15:55:00,AGYS
56.46,56.555,56.38,56.39,500,2021-08-05 16:00:00,AGYS
56.4,56.5,56.36,56.36,400,2021-08-05 16:05:00,AGYS
56.71,56.71,56.71,56.71,100,2021-08-05 16:10:00,AGYS
56.56,56.58,56.46,56.58,600,2021-08-05 16:30:00,AGYS
56.8,56.8,56.8,56.8,100,2021-08-05 16:35:00,AGYS
56.42,56.42,56.42,56.42,100,2021-08-05 16:50:00,AGYS
56.495,56.495,56.495,56.495,200,2021-08-05 16:55:00,AGYS
56.595,56.595,56.44,56.505,454,2021-08-05 17:00:00,AGYS
56.52,56.52,56.52,56.52,100,2021-08-05 17:05:00,AGYS
56.455,56.455,56.455,56.455,100,2021-08-05 17:10:00,AGYS
56.4,56.575,56.4,56.575,658,2021-08-05 17:15:00,AGYS
56.6,56.6,56.6,56.6,100,2021-08-05 17:20:00,AGYS
56.575,56.575,56.575,56.575,100,2021-08-05 17:30:00,AGYS
56.6,56.67,56.6,56.67,400,2021-08-05 17:35:00,AGYS
56.63,56.63,56.63,56.63,100,2021-08-05 17:45:00,AGYS
56.66,56.67,56.66,56.67,601,2021-08-05 17:50:00,AGYS
56.81,56.81,56.81,56.81,200,2021-08-05 18:10:00,AGYS
56.83,56.94,56.82,56.91,1051,2021-08-05 18:20:00,AGYS
56.825,56.825,56.825,56.825,100,2021-08-05 18:25:00,AGYS
56.91,56.97,56.91,56.97,500,2021-08-05 18:30:00,AGYS
56.985,56.985,56.87,56.94,623,2021-08-05 18:35:00,AGYS
57.01,57.01,57.01,57.01,100,2021-08-05 18:40:00,AGYS
56.95,56.95,56.95,56.95,100,2021-08-05 18:45:00,AGYS
56.99,56.99,56.99,56.99,100,2021-08-05 18:50:00,AGYS
56.99,57.01,56.86,56.97,1774,2021-08-05 18:55:00,AGYS
56.99,56.99,56.99,56.99,110,2021-08-05 19:00:00,AGYS
57.005,57.005,57.005,57.005,100,2021-08-05 19:10:00,AGYS
56.93,56.93,56.93,56.93,100,2021-08-05 19:15:00,AGYS
56.975,57.02,56.92,56.97,1010,2021-08-05 19:20:00,AGYS
57.03,57.09,57.01,57.09,1855,2021-08-05 19:25:00,AGYS
57.06,57.09,57.03,57.03,500,2021-08-05 19:30:00,AGYS
57.08,57.08,57.08,57.08,100,2021-08-05 19:35:00,AGYS
57.13,57.14,57.105,57.105,722,2021-08-05 19:40:00,AGYS
57.11,57.21,57.11,57.21,1324,2021-08-05 19:45:00,AGYS
57.24,57.315,57.175,57.235,1000,2021-08-05 19:50:00,AGYS
57.235,57.4,57.22,57.4,1660,2021-08-05 19:55:00,AGYS
57.22,57.22,57.22,57.22,8817,2021-08-05 20:00:00,AGYS
57.22,57.22,57.22,57.22,134,2021-08-06 12:30:00,AGYS
57.55,57.975,57.55,57.8,1152,2021-08-06 13:30:00,AGYS
57.99,58.3899,57.9308,58.3899,1171,2021-08-06 13:40:00,AGYS
57.72,57.735,57.35,57.35,800,2021-08-06 13:50:00,AGYS
56.48,56.8627,56.48,56.8627,590,2021-08-06 13:55:00,AGYS
57.23,57.23,57.23,57.23,100,2021-08-06 14:00:00,AGYS
56.81,56.81,56.81,56.81,100,2021-08-06 14:05:00,AGYS
56.78,57.055,56.78,57.055,1100,2021-08-06 14:10:00,AGYS
57.03,57.03,57.03,57.03,100,2021-08-06 14:20:00,AGYS
56.8,56.8,56.55,56.64,978,2021-08-06 14:25:00,AGYS
56.36,56.36,56.36,56.36,100,2021-08-06 14:40:00,AGYS
56.64,56.64,56.45,56.45,200,2021-08-06 14:55:00,AGYS
56.3,56.3,56.17,56.17,1251,2021-08-06 15:05:00,AGYS
56.17,56.25,56.17,56.25,200,2021-08-06 15:10:00,AGYS
56.45,56.64,56.45,56.6,400,2021-08-06 15:20:00,AGYS
56.59,56.59,56.59,56.59,100,2021-08-06 15:35:00,AGYS
56.58,56.58,56.37,56.37,400,2021-08-06 15:40:00,AGYS
56.39,56.49,56.39,56.43,600,2021-08-06 15:55:00,AGYS
56.44,56.44,56.44,56.44,100,2021-08-06 16:00:00,AGYS
56.45,56.45,56.44,56.44,300,2021-08-06 16:20:00,AGYS
56.38,56.38,56.38,56.38,100,2021-08-06 16:25:00,AGYS
56.35,56.35,56.35,56.35,100,2021-08-06 16:30:00,AGYS
56.37,56.42,56.37,56.42,500,2021-08-06 16:35:00,AGYS
56.24,56.24,56.24,56.24,100,2021-08-06 16:40:00,AGYS
56.22,56.5168,56.22,56.5168,1374,2021-08-06 16:45:00,AGYS
56.21,56.31,56.21,56.3,500,2021-08-06 16:50:00,AGYS
56.28,56.28,56.11,56.11,717,2021-08-06 16:55:00,AGYS
56.2,56.21,56.2,56.21,300,2021-08-06 17:00:00,AGYS
56.28,56.28,56.2,56.2,200,2021-08-06 17:10:00,AGYS
56.24,56.24,56.14,56.14,300,2021-08-06 17:15:00,AGYS
56.23,56.27,56.19,56.27,300,2021-08-06 17:25:00,AGYS
56.21,56.23,56.21,56.23,200,2021-08-06 17:30:00,AGYS
56.2,56.22,56.2,56.22,400,2021-08-06 17:35:00,AGYS
56.25,56.25,56.25,56.25,100,2021-08-06 17:45:00,AGYS
56.29,56.29,56.25,56.25,300,2021-08-06 18:05:00,AGYS
56.3,56.3,56.3,56.3,100,2021-08-06 18:20:00,AGYS
56.65,56.65,56.65,56.65,100,2021-08-06 18:30:00,AGYS
56.65,56.75,56.65,56.75,500,2021-08-06 18:35:00,AGYS
56.87,56.87,56.87,56.87,100,2021-08-06 18:40:00,AGYS
56.79,56.79,56.78,56.78,200,2021-08-06 18:45:00,AGYS
56.68,56.68,56.57,56.57,600,2021-08-06 18:50:00,AGYS
56.58,56.58,56.57,56.57,200,2021-08-06 19:00:00,AGYS
56.48,56.53,56.45,56.53,700,2021-08-06 19:05:00,AGYS
56.66,56.71,56.66,56.7,700,2021-08-06 19:15:00,AGYS
56.705,56.705,56.705,56.705,100,2021-08-06 19:20:00,AGYS
56.83,56.83,56.71,56.71,400,2021-08-06 19:25:00,AGYS
56.73,56.805,56.67,56.74,1333,2021-08-06 19:35:00,AGYS
56.66,56.7,56.66,56.7,513,2021-08-06 19:40:00,AGYS
56.68,56.68,56.61,56.61,600,2021-08-06 19:45:00,AGYS
56.66,56.9,56.65,56.76,1300,2021-08-06 19:50:00,AGYS
57.02,57.02,56.8875,56.8875,2262,2021-08-06 19:55:00,AGYS
56.94,56.94,56.94,56.94,9397,2021-08-06 20:00:00,AGYS
56.68,56.68,56.68,56.68,462,2021-08-09 13:30:00,AGYS
55.93,55.93,55.93,55.93,100,2021-08-09 13:35:00,AGYS
57.32,57.32,57.32,57.32,526,2021-08-09 13:50:00,AGYS
55.89,55.89,55.89,55.89,520,2021-08-09 13:55:00,AGYS
56.022,56.11,55.9,55.92,2000,2021-08-09 14:00:00,AGYS
56.59,56.59,56.59,56.59,100,2021-08-09 14:05:00,AGYS
56.29,56.29,56.29,56.29,400,2021-08-09 14:10:00,AGYS
56.02,56.02,55.91,55.91,200,2021-08-09 14:15:00,AGYS
56.0,56.0,56.0,56.0,100,2021-08-09 14:25:00,AGYS
55.98,55.98,55.98,55.98,100,2021-08-09 14:30:00,AGYS
56.1,56.1,55.85,55.85,600,2021-08-09 14:35:00,AGYS
55.84,55.91,55.82,55.91,400,2021-08-09 14:40:00,AGYS
55.92,55.92,55.92,55.92,100,2021-08-09 14:45:00,AGYS
55.99,56.25,55.99,56.25,700,2021-08-09 14:50:00,AGYS
56.28,56.28,56.27,56.27,200,2021-08-09 14:55:00,AGYS
56.25,56.25,56.25,56.25,100,2021-08-09 15:05:00,AGYS
56.32,56.32,56.24,56.24,400,2021-08-09 15:10:00,AGYS
56.37,56.37,56.37,56.37,100,2021-08-09 15:15:00,AGYS
56.4,56.4,56.4,56.4,100,2021-08-09 15:20:00,AGYS
56.385,56.385,56.36,56.36,200,2021-08-09 15:25:00,AGYS
56.43,56.56,56.43,56.56,200,2021-08-09 15:30:00,AGYS
56.45,56.46,56.45,56.46,200,2021-08-09 15:40:00,AGYS
56.61,56.68,56.61,56.68,500,2021-08-09 15:45:00,AGYS
56.93,56.93,56.89,56.89,200,2021-08-09 16:00:00,AGYS
57.0,57.0,57.0,57.0,100,2021-08-09 16:05:00,AGYS
57.06,57.06,57.05,57.05,300,2021-08-09 16:15:00,AGYS
57.0,57.0,57.0,57.0,200,2021-08-09 16:20:00,AGYS
57.025,57.025,57.0,57.0,200,2021-08-09 16:25:00,AGYS
56.98,57.06,56.98,57.06,300,2021-08-09 16:30:00,AGYS
57.03,57.03,56.99,56.99,200,2021-08-09 16:35:00,AGYS
57.025,57.025,56.95,56.95,200,2021-08-09 16:40:00,AGYS
57.1,57.1,57.1,57.1,100,2021-08-09 16:50:00,AGYS
56.96,56.97,56.95,56.96,500,2021-08-09 16:55:00,AGYS
56.93,56.95,56.93,56.95,200,2021-08-09 17:00:00,AGYS
56.89,57.1585,56.89,57.1585,1100,2021-08-09 17:05:00,AGYS
56.99,56.99,56.99,56.99,100,2021-08-09 17:25:00,AGYS
57.02,57.12,57.02,57.12,400,2021-08-09 17:30:00,AGYS
57.15,57.22,57.15,57.22,200,2021-08-09 17:40:00,AGYS
57.24,57.24,57.24,57.24,100,2021-08-09 17:45:00,AGYS
57.21,57.21,57.21,57.21,100,2021-08-09 17:50:00,AGYS
57.24,57.24,57.24,57.24,100,2021-08-09 17:55:00,AGYS
57.17,57.17,57.1,57.1,300,2021-08-09 18:00:00,AGYS
57.03,57.03,57.03,57.03,200,2021-08-09 18:05:00,AGYS
57.02,57.03,57.02,57.03,200,2021-08-09 18:10:00,AGYS
57.03,57.04,57.03,57.04,200,2021-08-09 18:20:00,AGYS
57.06,57.06,57.06,57.06,100,2021-08-09 18:25:00,AGYS
57.16,57.16,57.1,57.16,500,2021-08-09 18:30:00,AGYS
57.23,57.23,57.23,57.23,100,2021-08-09 18:35:00,AGYS
57.3,57.3,57.255,57.255,200,2021-08-09 18:40:00,AGYS
57.26,57.26,57.26,57.26,100,2021-08-09 18:55:00,AGYS
57.32,57.355,57.32,57.355,200,2021-08-09 19:05:00,AGYS
57.35,57.39,57.35,57.39,600,2021-08-09 19:15:00,AGYS
57.4291,57.4291,57.4291,57.4291,249,2021-08-09 19:20:00,AGYS
57.3,57.3,57.3,57.3,200,2021-08-09 19:30:00,AGYS
57.21,57.21,57.21,57.21,100,2021-08-09 19:40:00,AGYS
56.98,56.98,56.98,56.98,100,2021-08-09 19:45:00,AGYS
56.93,57.0,56.93,57.0,300,2021-08-09 19:50:00,AGYS
56.81,56.85,56.6,56.6,1145,2021-08-09 19:55:00,AGYS
56.6,56.6,56.6,56.6,6635,2021-08-09 20:00:00,AGYS
54.09,56.96,54.09,55.9269,1000,2021-08-10 13:30:00,AGYS
56.2,56.2,56.2,56.2,100,2021-08-10 13:45:00,AGYS
56.27,56.27,56.18,56.18,200,2021-08-10 14:10:00,AGYS
56.18,56.18,56.18,56.18,200,2021-08-10 14:30:00,AGYS
56.18,56.18,56.18,56.18,180,2021-08-10 14:35:00,AGYS
55.87,55.87,55.78,55.78,200,2021-08-10 14:55:00,AGYS
55.77,55.77,55.5,55.5,1500,2021-08-10 15:05:00,AGYS
55.45,55.47,55.45,55.46,400,2021-08-10 15:15:00,AGYS
56.05,56.05,56.05,56.05,100,2021-08-10 15:20:00,AGYS
56.0,56.0,56.0,56.0,100,2021-08-10 15:25:00,AGYS
56.11,56.11,56.08,56.08,200,2021-08-10 15:40:00,AGYS
56.27,56.3,56.27,56.3,300,2021-08-10 15:45:00,AGYS
56.55,56.55,56.55,56.55,100,2021-08-10 16:00:00,AGYS
56.4,56.4,56.4,56.4,100,2021-08-10 16:15:00,AGYS
56.41,56.41,56.26,56.26,778,2021-08-10 16:25:00,AGYS
56.24,56.24,55.64,55.64,1610,2021-08-10 16:30:00,AGYS
55.64,55.64,55.64,55.64,100,2021-08-10 16:40:00,AGYS
55.56,55.9,55.56,55.735,700,2021-08-10 16:45:00,AGYS
55.725,55.785,55.71,55.785,400,2021-08-10 16:50:00,AGYS
55.78,55.94,55.78,55.9,400,2021-08-10 16:55:00,AGYS
55.965,55.975,55.965,55.975,600,2021-08-10 17:00:00,AGYS
55.98,55.98,55.98,55.98,400,2021-08-10 17:05:00,AGYS
55.98,55.995,55.98,55.995,400,2021-08-10 17:10:00,AGYS
55.98,56.0,55.98,56.0,300,2021-08-10 17:20:00,AGYS
55.97,56.07,55.965,55.985,1100,2021-08-10 17:25:00,AGYS
55.985,55.99,55.985,55.99,600,2021-08-10 17:30:00,AGYS
55.99,55.99,55.99,55.99,400,2021-08-10 17:35:00,AGYS
55.99,56.0,55.945,56.0,900,2021-08-10 17:40:00,AGYS
55.98,56.0,55.97,56.0,400,2021-08-10 17:45:00,AGYS
56.0,56.0,55.91,55.91,1900,2021-08-10 18:00:00,AGYS
55.99,55.99,55.88,55.99,500,2021-08-10 18:05:00,AGYS
55.97,55.97,55.89,55.965,700,2021-08-10 18:10:00,AGYS
56.03,56.05,55.985,55.985,500,2021-08-10 18:15:00,AGYS
56.35,56.48,56.35,56.48,500,2021-08-10 18:55:00,AGYS
56.47,56.475,56.42,56.475,700,2021-08-10 19:00:00,AGYS
56.36,56.36,56.36,56.36,100,2021-08-10 19:25:00,AGYS
56.43,56.43,56.26,56.26,300,2021-08-10 19:40:00,AGYS
56.12,56.12,56.12,56.12,200,2021-08-10 19:45:00,AGYS
56.16,56.225,56.16,56.225,400,2021-08-10 19:50:00,AGYS
56.16,56.46,56.16,56.45,3121,2021-08-10 19:55:00,AGYS
56.34,56.34,56.34,56.34,13759,2021-08-10 20:00:00,AGYS
56.36,56.36,56.36,56.36,309,2021-08-11 13:30:00,AGYS
55.77,55.77,55.77,55.77,100,2021-08-11 13:45:00,AGYS
56.075,56.7,56.075,56.095,1600,2021-08-11 13:50:00,AGYS
55.76,55.76,55.76,55.76,100,2021-08-11 13:55:00,AGYS
55.985,55.985,55.615,55.89,400,2021-08-11 14:10:00,AGYS
55.87,55.895,55.85,55.895,436,2021-08-11 14:15:00,AGYS
55.81,55.81,55.81,55.81,100,2021-08-11 14:20:00,AGYS
55.755,55.755,55.55,55.695,700,2021-08-11 14:30:00,AGYS
55.8,56.11,55.8,56.11,900,2021-08-11 14:35:00,AGYS
56.0,56.25,56.0,56.25,200,2021-08-11 14:40:00,AGYS
56.36,56.48,56.36,56.48,500,2021-08-11 14:45:00,AGYS
56.485,56.485,56.35,56.35,200,2021-08-11 14:50:00,AGYS
56.485,56.485,56.485,56.485,200,2021-08-11 14:55:00,AGYS
56.29,56.37,56.29,56.37,300,2021-08-11 15:00:00,AGYS
56.28,56.28,56.28,56.28,100,2021-08-11 15:05:00,AGYS
56.01,56.01,56.01,56.01,200,2021-08-11 15:15:00,AGYS
56.01,56.01,56.01,56.01,300,2021-08-11 15:20:00,AGYS
55.86,56.01,55.86,56.01,200,2021-08-11 15:35:00,AGYS
56.0,56.0,56.0,56.0,100,2021-08-11 15:40:00,AGYS
56.0,56.0,55.7301,55.75,1500,2021-08-11 15:45:00,AGYS
55.71,55.925,55.71,55.84,400,2021-08-11 15:50:00,AGYS
55.52,55.91,55.52,55.91,340,2021-08-11 15:55:00,AGYS
55.86,56.08,55.79,55.935,500,2021-08-11 16:00:00,AGYS
56.08,56.08,56.08,56.08,100,2021-08-11 16:10:00,AGYS
56.2,56.2,56.2,56.2,100,2021-08-11 16:15:00,AGYS
56.23,56.32,56.21,56.32,300,2021-08-11 16:20:00,AGYS
56.43,56.43,56.43,56.43,100,2021-08-11 16:30:00,AGYS
56.435,56.435,56.435,56.435,200,2021-08-11 16:35:00,AGYS
56.42,56.42,56.42,56.42,100,2021-08-11 16:50:00,AGYS
56.355,56.67,56.355,56.67,400,2021-08-11 16:55:00,AGYS
56.41,56.41,56.41,56.41,100,2021-08-11 17:10:00,AGYS
56.555,56.555,56.555,56.555,100,2021-08-11 17:15:00,AGYS
56.67,56.71,56.67,56.7,500,2021-08-11 17:25:00,AGYS
56.74,56.74,56.74,56.74,100,2021-08-11 17:35:00,AGYS
56.74,56.81,56.74,56.74,400,2021-08-11 17:40:00,AGYS
56.665,56.72,56.64,56.72,1244,2021-08-11 17:50:00,AGYS
56.8,56.81,56.8,56.81,280,2021-08-11 17:55:00,AGYS
56.97,57.0,56.97,57.0,400,2021-08-11 18:00:00,AGYS
57.11,57.11,57.11,57.11,100,2021-08-11 18:05:00,AGYS
57.11,57.11,57.03,57.03,200,2021-08-11 18:15:00,AGYS
57.29,57.29,57.14,57.14,200,2021-08-11 18:20:00,AGYS
57.05,57.055,57.05,57.055,200,2021-08-11 18:25:00,AGYS
57.05,57.05,57.05,57.05,100,2021-08-11 18:35:00,AGYS
57.005,57.09,57.005,57.09,500,2021-08-11 18:40:00,AGYS
57.21,57.21,57.21,57.21,100,2021-08-11 18:50:00,AGYS
57.21,57.23,57.2,57.23,300,2021-08-11 19:00:00,AGYS
57.23,57.23,57.23,57.23,100,2021-08-11 19:10:00,AGYS
57.2,57.285,57.2,57.285,1000,2021-08-11 19:15:00,AGYS
57.31,57.43,57.28,57.43,800,2021-08-11 19:20:00,AGYS
57.455,57.455,57.455,57.455,100,2021-08-11 19:25:00,AGYS
57.47,57.47,57.4,57.4,500,2021-08-11 19:30:00,AGYS
57.36,57.4,57.31,57.4,689,2021-08-11 19:35:00,AGYS
57.4,57.4,57.4,57.4,250,2021-08-11 19:40:00,AGYS
57.4,57.4,57.4,57.4,200,2021-08-11 19:45:00,AGYS
57.495,57.56,57.44,57.49,2500,2021-08-11 19:50:00,AGYS
57.455,57.66,57.38,57.64,3239,2021-08-11 19:55:00,AGYS
57.32,57.32,57.32,57.32,5808,2021-08-11 20:00:00,AGYS
57.4,57.4,57.4,57.4,434,2021-08-12 13:30:00,AGYS
57.35,57.35,57.0,57.0,300,2021-08-12 13:35:00,AGYS
56.98,57.0,56.47,56.95,1567,2021-08-12 13:40:00,AGYS
56.95,56.995,56.95,56.995,400,2021-08-12 13:55:00,AGYS
56.99,56.99,56.99,56.99,100,2021-08-12 14:00:00,AGYS
56.845,56.845,56.66,56.66,200,2021-08-12 14:05:00,AGYS
56.59,57.115,56.59,57.115,400,2021-08-12 14:10:00,AGYS
56.92,56.95,56.77,56.855,500,2021-08-12 14:15:00,AGYS
57.02,57.29,57.02,57.175,400,2021-08-12 14:40:00,AGYS
57.09,57.17,57.09,57.17,300,2021-08-12 14:50:00,AGYS
56.98,56.98,56.98,56.98,100,2021-08-12 15:25:00,AGYS
57.2,57.2,57.11,57.16,300,2021-08-12 15:30:00,AGYS
57.175,57.175,57.125,57.15,500,2021-08-12 15:35:00,AGYS
56.9,57.135,56.9,57.135,400,2021-08-12 15:45:00,AGYS
57.0,57.0,57.0,57.0,100,2021-08-12 15:55:00,AGYS
57.115,57.115,57.115,57.115,200,2021-08-12 16:10:00,AGYS
56.88,57.33,56.88,57.07,400,2021-08-12 16:20:00,AGYS
57.36,57.51,57.36,57.51,400,2021-08-12 16:30:00,AGYS
57.28,57.36,57.28,57.36,200,2021-08-12 16:40:00,AGYS
57.38,57.38,57.38,57.38,100,2021-08-12 17:00:00,AGYS
57.48,57.48,57.47,57.47,200,2021-08-12 17:05:00,AGYS
57.48,57.48,57.48,57.48,100,2021-08-12 17:10:00,AGYS
57.53,57.53,57.47,57.47,500,2021-08-12 17:20:00,AGYS
57.48,57.48,57.47,57.47,400,2021-08-12 17:25:00,AGYS
57.44,57.48,57.44,57.48,400,2021-08-12 17:35:00,AGYS
57.416,57.416,57.416,57.416,100,2021-08-12 17:55:00,AGYS
57.36,57.36,57.36,57.36,100,2021-08-12 18:00:00,AGYS
57.37,57.37,57.37,57.37,100,2021-08-12 18:05:00,AGYS
57.44,57.49,57.44,57.48,500,2021-08-12 18:10:00,AGYS
57.55,57.865,57.525,57.865,2089,2021-08-12 18:20:00,AGYS
57.82,57.82,57.79,57.79,500,2021-08-12 18:25:00,AGYS
57.81,57.81,57.81,57.81,100,2021-08-12 18:30:00,AGYS
57.82,58.0,57.82,57.975,953,2021-08-12 18:35:00,AGYS
58.055,58.1,58.055,58.06,500,2021-08-12 18:40:00,AGYS
58.07,58.07,58.0,58.0,900,2021-08-12 18:45:00,AGYS
57.81,57.81,57.81,57.81,100,2021-08-12 18:50:00,AGYS
57.82,57.85,57.77,57.77,1000,2021-08-12 19:05:00,AGYS
57.76,57.76,57.76,57.76,100,2021-08-12 19:15:00,AGYS
57.73,57.73,57.73,57.73,100,2021-08-12 19:20:00,AGYS
57.67,57.67,57.67,57.67,100,2021-08-12 19:25:00,AGYS
57.68,57.73,57.68,57.73,1900,2021-08-12 19:30:00,AGYS
57.84,57.935,57.83,57.935,400,2021-08-12 19:35:00,AGYS
57.935,58.01,57.84,57.99,1806,2021-08-12 19:40:00,AGYS
58.055,58.2,58.0,58.2,1653,2021-08-12 19:45:00,AGYS
58.15,58.42,58.15,58.4,2504,2021-08-12 19:50:00,AGYS
58.27,58.405,57.91,57.91,3661,2021-08-12 19:55:00,AGYS
57.91,57.91,57.91,57.91,10472,2021-08-12 20:00:00,AGYS
57.99,59.3386,56.4381,56.4381,7892,2021-08-13 13:30:00,AGYS
57.21,57.21,56.915,56.915,1100,2021-08-13 13:35:00,AGYS
58.24,58.24,58.24,58.24,500,2021-08-13 13:40:00,AGYS
58.46,58.46,58.46,58.46,260,2021-08-13 13:45:00,AGYS
57.72,57.72,57.32,57.32,900,2021-08-13 13:50:00,AGYS
57.68,57.68,57.68,57.68,100,2021-08-13 14:05:00,AGYS
57.78,57.78,57.78,57.78,400,2021-08-13 14:10:00,AGYS
57.82,57.88,57.82,57.88,632,2021-08-13 14:25:00,AGYS
57.48,58.32,57.48,57.9994,1325,2021-08-13 14:35:00,AGYS
57.85,57.85,57.51,57.51,200,2021-08-13 14:40:00,AGYS
57.6603,57.6603,57.6603,57.6603,800,2021-08-13 14:45:00,AGYS
57.39,57.4,57.39,57.4,360,2021-08-13 15:10:00,AGYS
57.24,57.3,57.24,57.29,500,2021-08-13 15:20:00,AGYS
57.49,57.49,57.2,57.2,300,2021-08-13 15:35:00,AGYS
57.16,57.16,57.16,57.16,100,2021-08-13 15:55:00,AGYS
57.15,57.15,57.15,57.15,100,2021-08-13 16:00:00,AGYS
57.2,57.375,57.2,57.375,200,2021-08-13 16:05:00,AGYS
57.17,57.17,57.17,57.17,100,2021-08-13 16:20:00,AGYS
57.25,57.25,57.18,57.18,200,2021-08-13 16:30:00,AGYS
56.89,56.89,56.89,56.89,100,2021-08-13 16:40:00,AGYS
57.08,57.08,57.08,57.08,100,2021-08-13 16:45:00,AGYS
56.88,56.88,56.88,56.88,200,2021-08-13 17:00:00,AGYS
56.96,56.96,56.88,56.88,301,2021-08-13 17:05:00,AGYS
56.96,56.96,56.88,56.88,200,2021-08-13 17:20:00,AGYS
56.88,57.13,56.88,57.13,987,2021-08-13 17:25:00,AGYS
56.99,56.99,56.99,56.99,100,2021-08-13 17:45:00,AGYS
57.14,57.21,57.12,57.21,800,2021-08-13 18:00:00,AGYS
57.33,57.63,57.33,57.63,1100,2021-08-13 18:05:00,AGYS
57.52,57.52,57.52,57.52,100,2021-08-13 18:15:00,AGYS
57.08,57.245,57.08,57.245,200,2021-08-13 18:35:00,AGYS
57.22,57.22,57.22,57.22,100,2021-08-13 18:50:00,AGYS
57.11,57.11,57.11,57.11,100,2021-08-13 19:05:00,AGYS
57.09,57.09,57.09,57.09,100,2021-08-13 19:10:00,AGYS
57.33,57.33,57.33,57.33,300,2021-08-13 19:20:00,AGYS
57.09,57.09,57.08,57.08,200,2021-08-13 19:30:00,AGYS
57.05,57.05,57.05,57.05,200,2021-08-13 19:35:00,AGYS
56.98,56.98,56.98,56.98,100,2021-08-13 19:40:00,AGYS
57.04,57.04,56.95,56.95,300,2021-08-13 19:45:00,AGYS
56.98,56.98,56.92,56.92,400,2021-08-13 19:50:00,AGYS
56.91,56.99,56.77,56.83,1846,2021-08-13 19:55:00,AGYS
56.86,56.86,56.86,56.86,5487,2021-08-13 20:00:00,AGYS
56.06,56.56,55.9,55.9,530,2021-08-16 13:30:00,AGYS
56.55,56.56,56.45,56.52,772,2021-08-16 13:40:00,AGYS
55.64,56.005,55.64,55.81,1096,2021-08-16 13:45:00,AGYS
56.0,56.0,56.0,56.0,100,2021-08-16 13:50:00,AGYS
55.63,55.64,54.8003,54.93,2804,2021-08-16 13:55:00,AGYS
55.43,55.43,55.24,55.24,400,2021-08-16 14:05:00,AGYS
55.32,55.32,55.32,55.32,200,2021-08-16 14:25:00,AGYS
55.6,55.77,55.6,55.77,300,2021-08-16 14:35:00,AGYS
55.7,55.7,55.7,55.7,100,2021-08-16 14:40:00,AGYS
55.37,55.38,55.37,55.38,300,2021-08-16 14:55:00,AGYS
55.255,55.27,55.22,55.22,400,2021-08-16 15:05:00,AGYS
55.15,55.22,54.57,54.57,8128,2021-08-16 15:10:00,AGYS
54.6,54.68,54.6,54.68,300,2021-08-16 15:30:00,AGYS
54.8,54.8,54.8,54.8,100,2021-08-16 15:35:00,AGYS
54.91,54.92,54.8,54.8,500,2021-08-16 16:20:00,AGYS
54.78,54.78,54.78,54.78,100,2021-08-16 16:25:00,AGYS
54.69,54.69,54.69,54.69,100,2021-08-16 16:30:00,AGYS
54.73,54.75,54.73,54.75,200,2021-08-16 16:45:00,AGYS
54.87,54.9,54.87,54.9,200,2021-08-16 16:50:00,AGYS
54.76,54.82,54.66,54.66,1400,2021-08-16 17:00:00,AGYS
54.42,54.42,54.26,54.38,900,2021-08-16 17:05:00,AGYS
54.42,54.46,54.42,54.46,200,2021-08-16 17:10:00,AGYS
54.25,54.46,54.22,54.46,1300,2021-08-16 17:15:00,AGYS
54.29,54.29,54.285,54.285,200,2021-08-16 17:20:00,AGYS
54.08,54.17,53.98,54.04,1700,2021-08-16 17:25:00,AGYS
53.88,53.98,53.79,53.79,400,2021-08-16 17:30:00,AGYS
54.02,54.06,54.02,54.06,290,2021-08-16 17:35:00,AGYS
54.07,54.2,54.03,54.03,600,2021-08-16 17:45:00,AGYS
54.04,54.04,54.04,54.04,100,2021-08-16 17:50:00,AGYS
54.06,54.07,54.01,54.03,800,2021-08-16 18:00:00,AGYS
54.05,54.05,54.05,54.05,266,2021-08-16 18:05:00,AGYS
54.05,54.05,54.05,54.05,200,2021-08-16 18:10:00,AGYS
54.06,54.06,54.06,54.06,100,2021-08-16 18:20:00,AGYS
53.84,53.88,53.62,53.88,900,2021-08-16 18:25:00,AGYS
53.53,53.53,53.53,53.53,200,2021-08-16 18:30:00,AGYS
53.665,53.665,53.55,53.55,200,2021-08-16 18:35:00,AGYS
53.45,53.56,53.4,53.4,400,2021-08-16 18:40:00,AGYS
53.81,53.81,53.81,53.81,100,2021-08-16 18:50:00,AGYS
53.82,53.82,53.62,53.77,2551,2021-08-16 18:55:00,AGYS
53.77,53.77,53.5,53.68,2572,2021-08-16 19:00:00,AGYS
53.695,53.695,53.54,53.615,700,2021-08-16 19:05:00,AGYS
53.73,54.205,53.73,54.205,1298,2021-08-16 19:10:00,AGYS
54.14,54.225,54.14,54.225,300,2021-08-16 19:15:00,AGYS
54.02,54.02,53.88,53.88,500,2021-08-16 19:20:00,AGYS
53.905,54.02,53.79,53.905,1450,2021-08-16 19:25:00,AGYS
53.975,53.975,53.91,53.91,300,2021-08-16 19:30:00,AGYS
53.86,53.895,53.65,53.74,800,2021-08-16 19:35:00,AGYS
53.765,53.8,53.64,53.8,600,2021-08-16 19:40:00,AGYS
53.735,53.82,53.67,53.67,600,2021-08-16 19:45:00,AGYS
53.735,53.735,53.735,53.735,100,2021-08-16 19:50:00,AGYS
53.66,53.82,53.53,53.74,5453,2021-08-16 19:55:00,AGYS
53.74,53.74,53.74,53.74,14861,2021-08-16 20:00:00,AGYS
52.72,52.9,52.2,52.48,3802,2021-08-17 13:30:00,AGYS
52.85,52.85,52.21,52.4352,2593,2021-08-17 13:35:00,AGYS
52.325,52.34,52.325,52.34,1057,2021-08-17 13:45:00,AGYS
52.34,52.34,51.41,51.515,1676,2021-08-17 13:50:00,AGYS
51.6,51.6,51.6,51.6,490,2021-08-17 13:55:00,AGYS
51.645,51.645,51.645,51.645,100,2021-08-17 14:05:00,AGYS
51.61,51.61,51.485,51.61,823,2021-08-17 14:10:00,AGYS
51.675,51.92,51.25,51.595,1000,2021-08-17 14:15:00,AGYS
51.52,51.91,51.44,51.5338,883,2021-08-17 14:25:00,AGYS
51.73,51.73,51.73,51.73,315,2021-08-17 14:40:00,AGYS
51.98,52.02,51.98,52.02,200,2021-08-17 14:45:00,AGYS
52.02,52.02,52.02,52.02,100,2021-08-17 14:50:00,AGYS
52.02,52.02,52.02,52.02,100,2021-08-17 14:55:00,AGYS
51.73,51.76,51.6,51.6,700,2021-08-17 15:00:00,AGYS
51.19,51.19,51.19,51.19,100,2021-08-17 15:05:00,AGYS
51.12,51.12,51.12,51.12,150,2021-08-17 15:10:00,AGYS
51.02,51.13,51.02,51.125,922,2021-08-17 15:20:00,AGYS
51.02,51.24,50.98,51.19,1418,2021-08-17 15:25:00,AGYS
51.1,51.1,51.1,51.1,500,2021-08-17 15:35:00,AGYS
51.55,51.55,51.55,51.55,100,2021-08-17 15:50:00,AGYS
51.55,51.55,51.475,51.55,1200,2021-08-17 16:10:00,AGYS
51.48,51.48,51.41,51.435,741,2021-08-17 16:15:00,AGYS
51.525,51.525,51.525,51.525,100,2021-08-17 16:35:00,AGYS
51.4599,51.4599,51.4599,51.4599,1000,2021-08-17 16:45:00,AGYS
51.355,51.4,51.345,51.4,300,2021-08-17 16:55:00,AGYS
51.43,51.52,51.43,51.52,300,2021-08-17 17:00:00,AGYS
51.98,51.98,51.74,51.755,400,2021-08-17 17:10:00,AGYS
51.64,51.67,51.37,51.37,2623,2021-08-17 17:20:00,AGYS
51.55,51.55,51.35,51.35,300,2021-08-17 17:25:00,AGYS
51.35,51.35,51.31,51.32,400,2021-08-17 17:30:00,AGYS
51.25,51.29,51.25,51.29,600,2021-08-17 17:40:00,AGYS
51.24,51.24,51.24,51.24,200,2021-08-17 17:50:00,AGYS
51.27,51.5,51.27,51.42,1220,2021-08-17 17:55:00,AGYS
51.49,51.5,51.49,51.5,1100,2021-08-17 18:00:00,AGYS
51.66,51.78,51.615,51.78,800,2021-08-17 18:15:00,AGYS
51.61,51.61,51.61,51.61,100,2021-08-17 18:20:00,AGYS
51.51,51.6,51.48,51.6,1146,2021-08-17 18:25:00,AGYS
51.5,51.56,51.5,51.56,1198,2021-08-17 18:30:00,AGYS
51.62,51.62,51.585,51.585,669,2021-08-17 18:35:00,AGYS
51.57,51.57,51.57,51.57,779,2021-08-17 18:40:00,AGYS
51.75,51.77,51.75,51.77,200,2021-08-17 18:45:00,AGYS
51.67,51.67,51.67,51.67,100,2021-08-17 18:50:00,AGYS
51.93,52.0,51.93,52.0,1000,2021-08-17 18:55:00,AGYS
52.0,52.0,51.92,51.94,1000,2021-08-17 19:00:00,AGYS
51.78,51.81,51.78,51.81,200,2021-08-17 19:05:00,AGYS
51.88,51.91,51.84,51.84,400,2021-08-17 19:20:00,AGYS
51.84,51.84,51.8,51.8,400,2021-08-17 19:30:00,AGYS
51.81,51.81,51.72,51.72,1080,2021-08-17 19:35:00,AGYS
51.63,51.64,51.61,51.64,400,2021-08-17 19:40:00,AGYS
51.58,51.615,51.55,51.56,400,2021-08-17 19:45:00,AGYS
51.63,51.63,51.6,51.61,940,2021-08-17 19:50:00,AGYS
51.675,51.7,51.54,51.59,4826,2021-08-17 19:55:00,AGYS
51.61,51.61,51.61,51.61,8689,2021-08-17 20:00:00,AGYS
51.7,51.7,51.7,51.7,415,2021-08-18 13:30:00,AGYS
51.95,51.95,51.95,51.95,100,2021-08-18 13:55:00,AGYS
51.61,51.75,51.61,51.75,500,2021-08-18 14:05:00,AGYS
51.92,51.92,51.92,51.92,100,2021-08-18 14:15:00,AGYS
51.99,52.0,51.78,51.78,2926,2021-08-18 14:30:00,AGYS
51.85,51.85,51.85,51.85,100,2021-08-18 14:55:00,AGYS
51.7,51.7,51.7,51.7,100,2021-08-18 15:00:00,AGYS
51.69,51.69,51.56,51.56,300,2021-08-18 15:10:00,AGYS
51.47,51.47,51.46,51.46,200,2021-08-18 15:15:00,AGYS
51.5,51.5,51.5,51.5,200,2021-08-18 15:25:00,AGYS
51.31,51.31,51.31,51.31,100,2021-08-18 15:30:00,AGYS
51.29,51.31,51.25,51.31,742,2021-08-18 16:35:00,AGYS
51.28,51.28,51.28,51.28,200,2021-08-18 16:45:00,AGYS
51.35,51.35,51.35,51.35,100,2021-08-18 16:50:00,AGYS
51.35,51.35,51.35,51.35,100,2021-08-18 17:00:00,AGYS
51.24,51.24,51.24,51.24,100,2021-08-18 17:20:00,AGYS
51.28,51.36,51.28,51.36,600,2021-08-18 17:25:00,AGYS
51.32,51.33,51.32,51.33,200,2021-08-18 18:00:00,AGYS
51.27,51.27,51.16,51.16,200,2021-08-18 18:10:00,AGYS
51.0,51.0,50.95,50.95,200,2021-08-18 18:15:00,AGYS
51.15,51.15,51.15,51.15,100,2021-08-18 18:20:00,AGYS
51.51,51.51,51.4,51.4,200,2021-08-18 18:25:00,AGYS
51.49,51.5,51.405,51.5,442,2021-08-18 18:35:00,AGYS
51.49,51.49,51.48,51.48,500,2021-08-18 18:40:00,AGYS
51.29,51.29,51.25,51.29,300,2021-08-18 18:50:00,AGYS
51.23,51.23,51.2,51.2,200,2021-08-18 19:00:00,AGYS
51.2232,51.2232,51.2232,51.2232,285,2021-08-18 19:10:00,AGYS
51.21,51.21,51.21,51.21,100,2021-08-18 19:15:00,AGYS
51.12,51.12,51.08,51.08,200,2021-08-18 19:20:00,AGYS
51.05,51.05,51.05,51.05,145,2021-08-18 19:25:00,AGYS
50.8,50.8,50.71,50.71,200,2021-08-18 19:30:00,AGYS
50.68,50.68,50.68,50.68,100,2021-08-18 19:35:00,AGYS
50.7,50.76,50.7,50.75,900,2021-08-18 19:40:00,AGYS
50.7,50.7,50.56,50.56,1812,2021-08-18 19:45:00,AGYS
50.5,50.5,50.38,50.47,500,2021-08-18 19:50:00,AGYS
50.42,50.42,50.18,50.18,1518,2021-08-18 19:55:00,AGYS
50.29,50.29,50.29,50.29,6728,2021-08-18 20:00:00,AGYS
48.705,49.8,48.705,49.43,1082,2021-08-19 13:30:00,AGYS
49.85,50.7,49.85,50.7,11133,2021-08-19 13:45:00,AGYS
50.155,50.155,50.155,50.155,100,2021-08-19 13:50:00,AGYS
50.15,50.31,50.13,50.13,500,2021-08-19 13:55:00,AGYS
49.71,49.71,49.71,49.71,100,2021-08-19 14:05:00,AGYS
50.17,50.2,50.17,50.2,300,2021-08-19 14:30:00,AGYS
49.65,49.65,49.65,49.65,300,2021-08-19 14:45:00,AGYS
49.69,49.82,49.69,49.81,500,2021-08-19 14:50:00,AGYS
49.76,49.76,49.76,49.76,100,2021-08-19 15:05:00,AGYS
50.1204,50.1204,50.1204,50.1204,144,2021-08-19 15:20:00,AGYS
49.78,49.78,49.78,49.78,100,2021-08-19 15:25:00,AGYS
49.91,49.91,49.91,49.91,100,2021-08-19 15:30:00,AGYS
49.91,49.91,49.9,49.9,200,2021-08-19 15:35:00,AGYS
49.95,49.95,49.95,49.95,100,2021-08-19 15:50:00,AGYS
50.11,50.11,50.11,50.11,200,2021-08-19 15:55:00,AGYS
50.1006,50.13,50.08,50.08,300,2021-08-19 16:15:00,AGYS
50.25,50.25,50.25,50.25,200,2021-08-19 16:35:00,AGYS
50.44,50.44,50.44,50.44,100,2021-08-19 16:40:00,AGYS
50.45,50.45,50.45,50.45,100,2021-08-19 16:50:00,AGYS
50.5,50.5,50.5,50.5,100,2021-08-19 16:55:00,AGYS
50.34,50.35,50.34,50.35,200,2021-08-19 17:00:00,AGYS
50.25,50.25,50.25,50.25,100,2021-08-19 17:20:00,AGYS
50.34,50.34,50.34,50.34,100,2021-08-19 17:35:00,AGYS
50.35,50.35,50.35,50.35,200,2021-08-19 18:00:00,AGYS
50.13,50.13,50.13,50.13,200,2021-08-19 18:10:00,AGYS
50.08,50.08,49.98,49.98,500,2021-08-19 18:15:00,AGYS
50.28,50.28,50.21,50.21,663,2021-08-19 18:25:00,AGYS
50.34,50.36,50.21,50.25,2700,2021-08-19 18:35:00,AGYS
50.175,50.175,50.1525,50.16,300,2021-08-19 18:40:00,AGYS
50.1,50.11,50.1,50.11,200,2021-08-19 18:45:00,AGYS
50.07,50.07,50.0,50.07,400,2021-08-19 18:50:00,AGYS
50.25,50.25,50.25,50.25,200,2021-08-19 19:00:00,AGYS
50.18,50.18,50.18,50.18,400,2021-08-19 19:10:00,AGYS
50.22,50.22,50.22,50.22,200,2021-08-19 19:20:00,AGYS
50.37,50.37,50.26,50.285,600,2021-08-19 19:30:00,AGYS
50.29,50.29,50.23,50.23,604,2021-08-19 19:35:00,AGYS
50.16,50.16,50.03,50.03,400,2021-08-19 19:40:00,AGYS
50.14,50.17,50.14,50.17,600,2021-08-19 19:45:00,AGYS
50.39,50.48,50.27,50.32,2162,2021-08-19 19:50:00,AGYS
50.32,50.465,50.21,50.27,4922,2021-08-19 19:55:00,AGYS
50.2,50.2,50.2,50.2,19598,2021-08-19 20:00:00,AGYS
49.96,49.96,49.96,49.96,3000,2021-08-20 13:30:00,AGYS
50.485,50.485,50.485,50.485,150,2021-08-20 13:45:00,AGYS
50.675,50.675,50.675,50.675,100,2021-08-20 13:55:00,AGYS
50.9,50.9,50.9,50.9,200,2021-08-20 14:00:00,AGYS
50.71,50.86,50.71,50.86,1006,2021-08-20 14:15:00,AGYS
51.0,51.0,50.9,50.9,300,2021-08-20 14:20:00,AGYS
50.94,51.03,50.94,51.03,284,2021-08-20 14:25:00,AGYS
51.29,51.29,51.29,51.29,100,2021-08-20 14:30:00,AGYS
51.32,51.32,51.32,51.32,100,2021-08-20 14:35:00,AGYS
51.48,51.48,51.48,51.48,100,2021-08-20 14:40:00,AGYS
51.32,51.32,51.27,51.315,500,2021-08-20 14:50:00,AGYS
51.3,51.61,51.3,51.61,700,2021-08-20 15:00:00,AGYS
51.64,51.64,51.42,51.42,900,2021-08-20 15:05:00,AGYS
51.63,51.67,51.63,51.64,500,2021-08-20 15:15:00,AGYS
51.75,51.79,51.75,51.79,358,2021-08-20 15:20:00,AGYS
51.9,51.965,51.9,51.965,300,2021-08-20 15:25:00,AGYS
51.89,51.89,51.84,51.84,200,2021-08-20 15:30:00,AGYS
51.88,51.94,51.875,51.92,1400,2021-08-20 15:35:00,AGYS
52.08,52.08,52.08,52.08,100,2021-08-20 15:40:00,AGYS
52.3,52.3,52.11,52.11,800,2021-08-20 15:45:00,AGYS
52.09,52.09,52.09,52.09,200,2021-08-20 15:50:00,AGYS
52.02,52.02,51.97,51.97,300,2021-08-20 15:55:00,AGYS
52.21,52.22,52.16,52.21,600,2021-08-20 16:05:00,AGYS
52.27,52.27,52.27,52.27,300,2021-08-20 16:15:00,AGYS
52.29,52.39,52.29,52.35,2433,2021-08-20 16:20:00,AGYS
52.49,52.67,52.49,52.67,200,2021-08-20 16:25:00,AGYS
52.63,52.63,52.63,52.63,400,2021-08-20 16:30:00,AGYS
52.69,52.69,52.69,52.69,150,2021-08-20 16:35:00,AGYS
52.59,52.6,52.58,52.6,300,2021-08-20 16:40:00,AGYS
52.72,52.72,52.72,52.72,100,2021-08-20 16:45:00,AGYS
52.72,52.72,52.61,52.61,600,2021-08-20 16:55:00,AGYS
52.77,52.78,52.7,52.7,400,2021-08-20 17:05:00,AGYS
52.83,52.83,52.66,52.66,471,2021-08-20 17:10:00,AGYS
52.71,52.71,52.65,52.7,400,2021-08-20 17:15:00,AGYS
52.69,52.69,52.61,52.61,400,2021-08-20 17:20:00,AGYS
52.51,52.53,52.5,52.53,600,2021-08-20 17:25:00,AGYS
52.59,52.59,52.59,52.59,100,2021-08-20 17:30:00,AGYS
52.53,52.53,52.47,52.5,600,2021-08-20 17:35:00,AGYS
52.58,52.58,52.52,52.52,200,2021-08-20 17:40:00,AGYS
52.5,52.5,52.38,52.39,2300,2021-08-20 17:45:00,AGYS
52.48,52.48,52.475,52.475,200,2021-08-20 17:55:00,AGYS
52.63,52.63,52.6,52.6,300,2021-08-20 18:05:00,AGYS
52.62,52.62,52.57,52.57,600,2021-08-20 18:10:00,AGYS
52.46,52.515,52.45,52.45,999,2021-08-20 18:20:00,AGYS
52.5,52.5,52.48,52.495,300,2021-08-20 18:25:00,AGYS
52.43,52.51,52.43,52.51,400,2021-08-20 18:30:00,AGYS
52.55,52.55,52.55,52.55,100,2021-08-20 18:35:00,AGYS
52.63,52.63,52.59,52.6,700,2021-08-20 18:40:00,AGYS
52.64,52.64,52.64,52.64,100,2021-08-20 18:45:00,AGYS
52.76,52.81,52.76,52.81,200,2021-08-20 19:00:00,AGYS
52.73,52.78,52.7,52.74,500,2021-08-20 19:05:00,AGYS
52.75,52.75,52.72,52.72,300,2021-08-20 19:10:00,AGYS
52.76,52.76,52.76,52.76,100,2021-08-20 19:15:00,AGYS
52.75,52.75,52.72,52.73,300,2021-08-20 19:20:00,AGYS
52.73,52.73,52.64,52.655,812,2021-08-20 19:25:00,AGYS
52.66,52.66,52.6,52.6,400,2021-08-20 19:30:00,AGYS
52.52,52.52,52.27,52.4,1196,2021-08-20 19:35:00,AGYS
52.51,52.57,52.51,52.57,200,2021-08-20 19:40:00,AGYS
52.7,52.73,52.55,52.65,2295,2021-08-20 19:45:00,AGYS
52.735,52.82,52.73,52.8,648,2021-08-20 19:50:00,AGYS
52.97,53.03,52.87,53.03,757,2021-08-20 19:55:00,AGYS
52.91,52.91,52.91,52.91,13226,2021-08-20 20:00:00,AGYS
53.16,53.16,53.08,53.08,742,2021-08-23 13:30:00,AGYS
53.52,53.52,53.52,53.52,100,2021-08-23 13:35:00,AGYS
53.27,53.27,52.98,52.99,400,2021-08-23 14:00:00,AGYS
52.725,53.245,52.725,53.245,616,2021-08-23 14:05:00,AGYS
53.09,53.09,53.09,53.09,300,2021-08-23 14:10:00,AGYS
53.32,53.32,53.32,53.32,100,2021-08-23 14:15:00,AGYS
53.11,53.11,53.11,53.11,100,2021-08-23 14:20:00,AGYS
53.15,53.15,53.06,53.06,200,2021-08-23 14:25:00,AGYS
53.19,53.19,53.14,53.14,500,2021-08-23 14:35:00,AGYS
53.1,53.18,52.92,52.94,619,2021-08-23 14:40:00,AGYS
53.01,53.01,53.01,53.01,100,2021-08-23 14:45:00,AGYS
53.06,53.06,53.06,53.06,100,2021-08-23 14:50:00,AGYS
53.1,53.1,53.1,53.1,100,2021-08-23 14:55:00,AGYS
53.1,53.1,53.1,53.1,133,2021-08-23 15:05:00,AGYS
52.9375,52.9375,52.9375,52.9375,100,2021-08-23 15:10:00,AGYS
52.93,52.93,52.93,52.93,100,2021-08-23 15:20:00,AGYS
52.97,52.97,52.97,52.97,100,2021-08-23 15:35:00,AGYS
52.87,52.87,52.87,52.87,100,2021-08-23 15:45:00,AGYS
53.01,53.01,53.01,53.01,100,2021-08-23 15:55:00,AGYS
53.05,53.1099,53.05,53.08,1100,2021-08-23 16:00:00,AGYS
53.07,53.07,52.97,52.98,900,2021-08-23 16:05:00,AGYS
52.98,52.98,52.93,52.93,600,2021-08-23 16:15:00,AGYS
53.0,53.0,53.0,53.0,100,2021-08-23 16:35:00,AGYS
52.965,52.965,52.965,52.965,100,2021-08-23 16:40:00,AGYS
52.88,52.96,52.88,52.89,300,2021-08-23 16:55:00,AGYS
53.0,53.0,52.97,52.97,400,2021-08-23 17:00:00,AGYS
53.0,53.0,52.97,52.97,639,2021-08-23 17:05:00,AGYS
53.0,53.0,52.99,53.0,424,2021-08-23 17:10:00,AGYS
53.05,53.05,52.98,53.01,800,2021-08-23 17:15:00,AGYS
52.98,52.98,52.98,52.98,100,2021-08-23 17:20:00,AGYS
53.09,53.095,52.98,52.98,1000,2021-08-23 17:25:00,AGYS
52.89,52.89,52.89,52.89,200,2021-08-23 17:45:00,AGYS
52.98,52.98,52.98,52.98,200,2021-08-23 17:55:00,AGYS
53.015,53.02,52.98,53.02,300,2021-08-23 18:00:00,AGYS
53.05,53.05,53.02,53.02,300,2021-08-23 18:05:00,AGYS
53.03,53.085,53.03,53.04,746,2021-08-23 18:10:00,AGYS
52.97,52.97,52.94,52.94,200,2021-08-23 18:15:00,AGYS
53.03,53.04,53.01,53.01,500,2021-08-23 18:20:00,AGYS
53.09,53.09,53.09,53.09,200,2021-08-23 18:25:00,AGYS
53.23,53.23,53.23,53.23,200,2021-08-23 18:30:00,AGYS
53.28,53.29,53.28,53.29,200,2021-08-23 18:35:00,AGYS
53.26,53.3,53.2,53.3,1000,2021-08-23 18:40:00,AGYS
53.53,53.53,53.53,53.53,100,2021-08-23 18:45:00,AGYS
53.47,53.47,53.42,53.42,300,2021-08-23 18:50:00,AGYS
53.46,53.57,53.4,53.4,900,2021-08-23 18:55:00,AGYS
53.38,53.38,53.38,53.38,100,2021-08-23 19:05:00,AGYS
53.28,53.28,53.28,53.28,200,2021-08-23 19:10:00,AGYS
53.3,53.3,53.26,53.26,300,2021-08-23 19:15:00,AGYS
53.28,53.28,53.26,53.26,200,2021-08-23 19:20:00,AGYS
53.31,53.47,53.24,53.27,2601,2021-08-23 19:25:00,AGYS
53.35,53.35,53.315,53.315,720,2021-08-23 19:30:00,AGYS
53.29,53.335,53.29,53.3,400,2021-08-23 19:35:00,AGYS
53.21,53.21,53.21,53.21,100,2021-08-23 19:40:00,AGYS
53.2,53.4,53.2,53.39,1100,2021-08-23 19:45:00,AGYS
53.38,53.38,53.09,53.09,2477,2021-08-23 19:50:00,AGYS
53.14,53.14,52.93,52.95,4253,2021-08-23 19:55:00,AGYS
53.0,53.0,53.0,53.0,10827,2021-08-23 20:00:00,AGYS
53.23,53.23,53.23,53.23,457,2021-08-24 13:30:00,AGYS
53.01,53.125,53.01,53.125,400,2021-08-24 14:30:00,AGYS
53.25,53.29,53.25,53.29,448,2021-08-24 14:55:00,AGYS
53.35,53.35,52.96,52.96,1180,2021-08-24 15:00:00,AGYS
53.01,53.04,53.01,53.04,300,2021-08-24 15:05:00,AGYS
53.055,53.055,53.055,53.055,144,2021-08-24 15:10:00,AGYS
52.74,52.84,52.74,52.84,300,2021-08-24 15:20:00,AGYS
52.45,52.45,52.12,52.12,500,2021-08-24 15:35:00,AGYS
52.225,52.41,52.225,52.41,701,2021-08-24 15:40:00,AGYS
52.42,52.42,52.42,52.42,100,2021-08-24 15:45:00,AGYS
52.44,52.46,52.44,52.46,999,2021-08-24 15:55:00,AGYS
52.39,52.39,52.39,52.39,109,2021-08-24 16:00:00,AGYS
52.4,52.4,52.4,52.4,200,2021-08-24 16:10:00,AGYS
52.45,52.47,52.29,52.3,900,2021-08-24 16:15:00,AGYS
52.14,52.48,52.12,52.295,4667,2021-08-24 16:20:00,AGYS
52.38,52.38,52.38,52.38,100,2021-08-24 16:25:00,AGYS
52.64,52.64,52.64,52.64,100,2021-08-24 16:50:00,AGYS
52.7,52.7,52.68,52.68,200,2021-08-24 17:00:00,AGYS
52.69,52.69,52.595,52.595,800,2021-08-24 17:10:00,AGYS
52.64,52.65,52.58,52.58,300,2021-08-24 17:15:00,AGYS
52.66,52.68,52.59,52.59,400,2021-08-24 17:20:00,AGYS
52.67,52.67,52.4,52.4,1097,2021-08-24 17:30:00,AGYS
52.81,52.81,52.67,52.67,200,2021-08-24 17:35:00,AGYS
52.85,52.86,52.84,52.86,400,2021-08-24 17:45:00,AGYS
52.94,52.94,52.94,52.94,200,2021-08-24 18:10:00,AGYS
52.73,52.75,52.6,52.64,500,2021-08-24 18:15:00,AGYS
52.56,52.56,52.56,52.56,100,2021-08-24 18:25:00,AGYS
52.455,52.455,52.455,52.455,100,2021-08-24 18:30:00,AGYS
52.485,52.505,52.485,52.505,200,2021-08-24 18:40:00,AGYS
52.61,52.61,52.61,52.61,100,2021-08-24 18:45:00,AGYS
52.69,52.69,52.69,52.69,100,2021-08-24 18:55:00,AGYS
52.685,52.685,52.685,52.685,100,2021-08-24 19:00:00,AGYS
52.63,52.63,52.58,52.58,300,2021-08-24 19:05:00,AGYS
52.61,52.61,52.61,52.61,100,2021-08-24 19:10:00,AGYS
52.68,52.68,52.68,52.68,100,2021-08-24 19:20:00,AGYS
52.68,52.7,52.68,52.7,400,2021-08-24 19:25:00,AGYS
52.9,52.91,52.67,52.67,2037,2021-08-24 19:35:00,AGYS
52.67,52.68,52.66,52.67,400,2021-08-24 19:40:00,AGYS
52.66,52.66,52.66,52.66,200,2021-08-24 19:50:00,AGYS
52.75,52.76,52.61,52.66,1985,2021-08-24 19:55:00,AGYS
52.61,52.61,52.61,52.61,6621,2021-08-24 20:00:00,AGYS
52.85,52.93,52.85,52.93,233,2021-08-25 13:30:00,AGYS
50.4001,53.45,50.4001,53.3,8900,2021-08-25 13:40:00,AGYS
53.48,53.56,53.09,53.56,1379,2021-08-25 13:55:00,AGYS
53.64,53.64,53.64,53.64,100,2021-08-25 14:00:00,AGYS
53.5,53.5,52.93,52.93,600,2021-08-25 14:05:00,AGYS
53.215,53.215,53.215,53.215,100,2021-08-25 14:25:00,AGYS
53.44,53.44,53.44,53.44,100,2021-08-25 14:35:00,AGYS
53.36,53.37,53.18,53.18,1100,2021-08-25 14:40:00,AGYS
53.15,53.19,53.14,53.14,702,2021-08-25 14:45:00,AGYS
53.07,53.07,53.07,53.07,100,2021-08-25 14:50:00,AGYS
53.21,53.21,53.19,53.19,200,2021-08-25 14:55:00,AGYS
53.3525,53.3525,53.3525,53.3525,100,2021-08-25 15:00:00,AGYS
53.37,53.37,53.22,53.28,800,2021-08-25 15:20:00,AGYS
53.46,53.46,53.415,53.415,200,2021-08-25 15:40:00,AGYS
53.4,53.4,53.39,53.39,410,2021-08-25 15:55:00,AGYS
53.28,53.28,53.28,53.28,100,2021-08-25 16:00:00,AGYS
53.29,53.29,53.29,53.29,100,2021-08-25 16:25:00,AGYS
53.1,53.14,53.1,53.135,500,2021-08-25 16:30:00,AGYS
53.21,53.22,53.21,53.22,200,2021-08-25 16:55:00,AGYS
53.2,53.2,53.2,53.2,100,2021-08-25 17:00:00,AGYS
53.16,53.16,53.16,53.16,100,2021-08-25 17:20:00,AGYS
53.195,53.195,53.12,53.12,300,2021-08-25 17:45:00,AGYS
53.07,53.07,52.995,52.995,200,2021-08-25 17:50:00,AGYS
52.955,52.955,52.955,52.955,100,2021-08-25 17:55:00,AGYS
53.15,53.15,53.15,53.15,220,2021-08-25 18:10:00,AGYS
53.21,53.21,53.21,53.21,100,2021-08-25 18:15:00,AGYS
53.175,53.175,53.175,53.175,100,2021-08-25 18:25:00,AGYS
53.08,53.08,52.98,52.98,300,2021-08-25 18:30:00,AGYS
52.99,52.99,52.99,52.99,100,2021-08-25 18:35:00,AGYS
53.08,53.11,53.08,53.11,405,2021-08-25 18:40:00,AGYS
53.05,53.05,53.04,53.04,200,2021-08-25 18:50:00,AGYS
53.095,53.135,53.07,53.07,316,2021-08-25 19:00:00,AGYS
53.05,53.05,53.05,53.05,100,2021-08-25 19:10:00,AGYS
53.04,53.175,52.99,53.175,1400,2021-08-25 19:15:00,AGYS
53.12,53.27,53.12,53.27,300,2021-08-25 19:20:00,AGYS
53.34,53.44,53.33,53.41,700,2021-08-25 19:25:00,AGYS
53.43,53.43,53.34,53.34,500,2021-08-25 19:30:00,AGYS
53.33,53.33,53.19,53.19,300,2021-08-25 19:35:00,AGYS
53.23,53.28,53.23,53.28,200,2021-08-25 19:40:00,AGYS
53.21,53.225,53.11,53.11,400,2021-08-25 19:45:00,AGYS
53.01,53.08,53.0,53.08,300,2021-08-25 19:50:00,AGYS
53.08,53.245,52.98,53.24,3524,2021-08-25 19:55:00,AGYS
53.13,53.13,53.13,53.13,12032,2021-08-25 20:00:00,AGYS
53.2,54.065,53.2,53.69,955,2021-08-26 13:30:00,AGYS
53.58,53.625,53.58,53.625,316,2021-08-26 13:35:00,AGYS
53.7,53.7,53.66,53.66,400,2021-08-26 13:40:00,AGYS
53.71,53.71,53.66,53.66,710,2021-08-26 13:50:00,AGYS
53.87,54.066,53.66,54.02,3400,2021-08-26 13:55:00,AGYS
54.21,54.21,54.15,54.15,200,2021-08-26 14:00:00,AGYS
54.11,54.175,54.11,54.175,200,2021-08-26 14:10:00,AGYS
54.195,54.195,54.195,54.195,100,2021-08-26 14:20:00,AGYS
54.08,54.22,53.97,54.21,2027,2021-08-26 14:25:00,AGYS
54.09,54.13,54.03,54.13,1900,2021-08-26 14:30:00,AGYS
54.12,54.12,53.97,54.05,2386,2021-08-26 14:35:00,AGYS
53.95,54.03,53.95,54.03,930,2021-08-26 14:40:00,AGYS
53.95,53.95,53.95,53.95,100,2021-08-26 14:45:00,AGYS
53.82,53.82,53.82,53.82,100,2021-08-26 14:50:00,AGYS
53.8,53.8,53.8,53.8,600,2021-08-26 15:00:00,AGYS
53.765,54.13,53.765,54.13,1800,2021-08-26 15:05:00,AGYS
54.13,54.13,54.13,54.13,200,2021-08-26 15:10:00,AGYS
54.44,54.44,54.44,54.44,100,2021-08-26 15:20:00,AGYS
54.53,54.53,54.53,54.53,100,2021-08-26 15:25:00,AGYS
54.48,54.48,54.33,54.33,824,2021-08-26 15:30:00,AGYS
54.31,54.31,54.31,54.31,200,2021-08-26 15:45:00,AGYS
54.43,54.51,54.43,54.51,303,2021-08-26 16:00:00,AGYS
54.52,54.52,54.52,54.52,100,2021-08-26 16:05:00,AGYS
54.56,54.59,54.56,54.56,400,2021-08-26 16:10:00,AGYS
54.725,54.9,54.725,54.9,700,2021-08-26 16:15:00,AGYS
54.87,54.92,54.84,54.92,3000,2021-08-26 16:20:00,AGYS
54.92,54.92,54.84,54.84,717,2021-08-26 16:30:00,AGYS
54.82,54.86,54.82,54.86,300,2021-08-26 16:40:00,AGYS
54.935,55.05,54.935,55.05,8480,2021-08-26 16:45:00,AGYS
55.0,55.0,55.0,55.0,100,2021-08-26 16:50:00,AGYS
54.9052,54.9052,54.9052,54.9052,100,2021-08-26 17:00:00,AGYS
54.87,54.96,54.87,54.96,400,2021-08-26 17:10:00,AGYS
54.96,54.96,54.96,54.96,200,2021-08-26 17:15:00,AGYS
54.905,55.02,54.9,55.02,1200,2021-08-26 17:20:00,AGYS
54.95,54.955,54.88,54.91,601,2021-08-26 17:25:00,AGYS
54.995,54.995,54.995,54.995,100,2021-08-26 17:35:00,AGYS
55.09,55.17,55.09,55.17,300,2021-08-26 17:45:00,AGYS
55.25,55.45,55.14,55.14,1100,2021-08-26 18:00:00,AGYS
55.04,55.04,55.035,55.035,200,2021-08-26 18:10:00,AGYS
55.035,55.035,55.035,55.035,100,2021-08-26 18:15:00,AGYS
54.98,54.98,54.98,54.98,200,2021-08-26 18:25:00,AGYS
55.05,55.1,54.983,54.985,905,2021-08-26 18:30:00,AGYS
54.985,55.12,54.9,55.12,1900,2021-08-26 18:35:00,AGYS
55.125,55.17,55.01,55.025,487,2021-08-26 18:45:00,AGYS
54.83,55.0,54.83,55.0,200,2021-08-26 18:50:00,AGYS
54.945,54.945,54.94,54.94,200,2021-08-26 18:55:00,AGYS
54.99,55.0,54.78,54.89,1200,2021-08-26 19:00:00,AGYS
54.93,54.99,54.85,54.96,3608,2021-08-26 19:05:00,AGYS
54.93,54.93,54.84,54.89,1200,2021-08-26 19:10:00,AGYS
54.95,55.04,54.895,55.04,532,2021-08-26 19:15:00,AGYS
55.21,55.21,55.095,55.095,200,2021-08-26 19:20:00,AGYS
55.14,55.41,55.02,55.41,3700,2021-08-26 19:25:00,AGYS
55.42,55.42,55.38,55.38,200,2021-08-26 19:30:00,AGYS
55.39,55.475,55.32,55.4,1450,2021-08-26 19:35:00,AGYS
55.4,55.44,55.395,55.395,600,2021-08-26 19:40:00,AGYS
55.17,55.35,55.1,55.35,1060,2021-08-26 19:45:00,AGYS
55.29,55.29,55.0,55.0,4000,2021-08-26 19:50:00,AGYS
54.975,55.14,54.945,55.06,10119,2021-08-26 19:55:00,AGYS
55.05,55.05,55.05,55.05,8144,2021-08-26 20:00:00,AGYS
55.22,55.22,55.22,55.22,492,2021-08-27 13:30:00,AGYS
54.06,54.65,54.06,54.65,200,2021-08-27 13:35:00,AGYS
54.23,56.17,53.925,55.22,6674,2021-08-27 13:40:00,AGYS
54.97,54.97,54.97,54.97,100,2021-08-27 13:50:00,AGYS
55.435,55.435,55.435,55.435,200,2021-08-27 13:55:00,AGYS
55.57,55.57,55.45,55.45,600,2021-08-27 14:05:00,AGYS
55.73,55.73,55.73,55.73,100,2021-08-27 14:10:00,AGYS
55.99,56.32,55.99,56.32,500,2021-08-27 14:20:00,AGYS
56.19,56.19,56.0,56.0,516,2021-08-27 14:25:00,AGYS
56.31,56.31,56.07,56.07,600,2021-08-27 14:35:00,AGYS
56.14,56.14,56.14,56.14,100,2021-08-27 14:45:00,AGYS
56.22,56.26,56.04,56.055,500,2021-08-27 14:50:00,AGYS
56.33,56.34,56.21,56.34,1600,2021-08-27 14:55:00,AGYS
56.34,56.39,56.34,56.39,200,2021-08-27 15:00:00,AGYS
56.3,56.31,56.3,56.31,300,2021-08-27 15:05:00,AGYS
56.22,56.22,56.22,56.22,100,2021-08-27 15:15:00,AGYS
56.24,56.24,56.24,56.24,200,2021-08-27 15:20:00,AGYS
56.42,56.42,56.42,56.42,100,2021-08-27 15:35:00,AGYS
56.38,56.38,56.36,56.36,400,2021-08-27 15:40:00,AGYS
56.28,56.28,56.28,56.28,100,2021-08-27 15:50:00,AGYS
56.22,56.22,56.22,56.22,100,2021-08-27 16:00:00,AGYS
56.27,56.31,56.27,56.31,600,2021-08-27 16:05:00,AGYS
56.253,56.253,56.253,56.253,144,2021-08-27 16:25:00,AGYS
56.39,56.41,56.35,56.35,400,2021-08-27 16:30:00,AGYS
56.34,56.34,56.16,56.16,300,2021-08-27 16:50:00,AGYS
56.32,56.32,56.23,56.25,500,2021-08-27 16:55:00,AGYS
56.25,56.25,56.235,56.235,500,2021-08-27 17:00:00,AGYS
56.24,56.24,56.24,56.24,300,2021-08-27 17:10:00,AGYS
56.2,56.245,56.2,56.245,300,2021-08-27 17:15:00,AGYS
56.28,56.4,56.28,56.4,200,2021-08-27 17:20:00,AGYS
56.48,56.5,56.48,56.5,200,2021-08-27 17:35:00,AGYS
56.57,56.71,56.5,56.5,300,2021-08-27 17:40:00,AGYS
56.58,56.58,56.58,56.58,100,2021-08-27 17:45:00,AGYS
56.455,56.455,56.455,56.455,100,2021-08-27 17:50:00,AGYS
56.535,56.535,56.535,56.535,100,2021-08-27 18:05:00,AGYS
56.525,56.525,56.46,56.46,200,2021-08-27 18:15:00,AGYS
56.46,56.46,56.27,56.33,1107,2021-08-27 18:20:00,AGYS
56.405,56.405,56.405,56.405,100,2021-08-27 18:25:00,AGYS
56.32,56.37,56.32,56.37,300,2021-08-27 18:30:00,AGYS
56.42,56.44,56.35,56.37,914,2021-08-27 18:35:00,AGYS
56.46,56.46,56.46,56.46,200,2021-08-27 18:40:00,AGYS
56.5,56.56,56.5,56.56,200,2021-08-27 18:50:00,AGYS
56.76,56.89,56.76,56.89,500,2021-08-27 19:00:00,AGYS
56.99,56.99,56.93,56.94,300,2021-08-27 19:05:00,AGYS
56.9,57.0,56.9,57.0,1200,2021-08-27 19:10:00,AGYS
57.06,57.1,57.025,57.025,338,2021-08-27 19:15:00,AGYS
57.05,57.12,57.05,57.12,400,2021-08-27 19:20:00,AGYS
57.08,57.0906,57.07,57.07,1000,2021-08-27 19:25:00,AGYS
57.075,57.075,57.01,57.01,200,2021-08-27 19:30:00,AGYS
57.015,57.05,57.0,57.0,500,2021-08-27 19:35:00,AGYS
57.01,57.01,56.99,56.99,600,2021-08-27 19:40:00,AGYS
56.97,57.03,56.96,57.0,1000,2021-08-27 19:45:00,AGYS
57.05,57.52,57.05,57.3675,2471,2021-08-27 19:50:00,AGYS
57.38,57.38,56.93,57.16,7436,2021-08-27 19:55:00,AGYS
57.3,57.3,57.3,57.3,38506,2021-08-27 20:00:00,AGYS
57.47,57.65,57.47,57.65,2166,2021-08-30 13:30:00,AGYS
57.3,57.3,57.3,57.3,101,2021-08-30 13:45:00,AGYS
56.47,56.47,56.1944,56.1944,1100,2021-08-30 13:55:00,AGYS
56.7157,56.7157,56.7157,56.7157,100,2021-08-30 14:00:00,AGYS
56.61,56.61,56.585,56.585,400,2021-08-30 14:05:00,AGYS
56.58,56.595,56.58,56.595,300,2021-08-30 14:10:00,AGYS
56.43,56.57,56.43,56.57,200,2021-08-30 14:15:00,AGYS
56.565,56.565,56.565,56.565,100,2021-08-30 14:20:00,AGYS
56.565,56.75,56.565,56.75,400,2021-08-30 14:30:00,AGYS
56.46,56.46,56.46,56.46,100,2021-08-30 14:35:00,AGYS
56.6,56.6,56.42,56.42,500,2021-08-30 14:40:00,AGYS
56.54,56.6,56.48,56.6,837,2021-08-30 14:45:00,AGYS
56.57,56.57,56.57,56.57,100,2021-08-30 14:50:00,AGYS
56.69,56.69,56.69,56.69,200,2021-08-30 14:55:00,AGYS
56.66,56.66,56.66,56.66,160,2021-08-30 15:00:00,AGYS
56.63,56.63,56.625,56.625,200,2021-08-30 15:10:00,AGYS
56.625,56.625,56.47,56.47,600,2021-08-30 15:15:00,AGYS
56.55,56.575,56.5,56.575,500,2021-08-30 15:20:00,AGYS
56.59,56.59,56.53,56.57,400,2021-08-30 15:25:00,AGYS
56.515,56.58,56.515,56.58,400,2021-08-30 15:35:00,AGYS
56.6,56.6,56.55,56.55,300,2021-08-30 15:40:00,AGYS
56.55,56.57,56.55,56.57,200,2021-08-30 15:50:00,AGYS
56.62,56.85,56.62,56.85,900,2021-08-30 15:55:00,AGYS
56.86,56.86,56.85,56.85,200,2021-08-30 16:00:00,AGYS
56.835,56.89,56.79,56.83,500,2021-08-30 16:10:00,AGYS
56.995,57.0,56.995,57.0,200,2021-08-30 16:15:00,AGYS
56.99,56.99,56.99,56.99,100,2021-08-30 16:20:00,AGYS
56.995,56.995,56.94,56.94,300,2021-08-30 16:35:00,AGYS
56.945,56.945,56.94,56.94,200,2021-08-30 16:40:00,AGYS
56.92,56.93,56.92,56.925,400,2021-08-30 16:55:00,AGYS
56.88,56.945,56.88,56.91,500,2021-08-30 17:00:00,AGYS
56.91,57.05,56.91,57.05,600,2021-08-30 17:05:00,AGYS
57.1,57.1,57.1,57.1,100,2021-08-30 17:10:00,AGYS
57.05,57.05,57.05,57.05,100,2021-08-30 17:15:00,AGYS
57.16,57.25,57.16,57.25,400,2021-08-30 17:20:00,AGYS
57.205,57.205,57.205,57.205,100,2021-08-30 17:35:00,AGYS
57.28,57.29,57.28,57.28,400,2021-08-30 17:45:00,AGYS
57.11,57.2,57.11,57.11,400,2021-08-30 17:50:00,AGYS
57.115,57.115,56.98,57.0,300,2021-08-30 18:00:00,AGYS
56.97,57.0,56.97,57.0,400,2021-08-30 18:05:00,AGYS
57.0,57.0,57.0,57.0,109,2021-08-30 18:10:00,AGYS
56.97,57.0,56.97,57.0,200,2021-08-30 18:15:00,AGYS
56.995,56.995,56.905,56.905,600,2021-08-30 18:20:00,AGYS
56.82,56.85,56.82,56.84,800,2021-08-30 18:30:00,AGYS
56.795,56.84,56.795,56.8375,700,2021-08-30 18:35:00,AGYS
56.83,56.905,56.82,56.84,2442,2021-08-30 18:40:00,AGYS
56.9,56.97,56.9,56.97,400,2021-08-30 18:45:00,AGYS
57.07,57.07,57.07,57.07,100,2021-08-30 18:50:00,AGYS
57.08,57.08,57.07,57.07,300,2021-08-30 18:55:00,AGYS
57.08,57.08,56.97,56.97,566,2021-08-30 19:10:00,AGYS
57.06,57.09,57.05,57.09,400,2021-08-30 19:15:00,AGYS
57.03,57.03,56.965,56.965,600,2021-08-30 19:20:00,AGYS
57.07,57.1,56.97,56.97,796,2021-08-30 19:25:00,AGYS
56.995,56.995,56.95,56.95,300,2021-08-30 19:30:00,AGYS
56.86,56.86,56.86,56.86,200,2021-08-30 19:35:00,AGYS
56.845,56.845,56.845,56.845,100,2021-08-30 19:40:00,AGYS
56.86,56.92,56.78,56.87,1800,2021-08-30 19:45:00,AGYS
56.9,56.9,56.79,56.855,1400,2021-08-30 19:50:00,AGYS
56.73,56.89,56.62,56.89,2200,2021-08-30 19:55:00,AGYS
56.73,56.73,56.73,56.73,10386,2021-08-30 20:00:00,AGYS
56.65,56.65,56.65,56.65,567,2021-08-31 13:30:00,AGYS
56.45,56.45,56.45,56.45,100,2021-08-31 13:35:00,AGYS
56.255,56.255,56.255,56.255,100,2021-08-31 13:45:00,AGYS
56.12,56.235,56.12,56.15,625,2021-08-31 13:50:00,AGYS
56.19,56.19,55.97,55.97,400,2021-08-31 13:55:00,AGYS
56.055,56.055,56.0375,56.0375,300,2021-08-31 14:05:00,AGYS
56.08,56.17,56.08,56.17,300,2021-08-31 14:20:00,AGYS
56.1,56.1,55.955,55.955,300,2021-08-31 14:25:00,AGYS
55.92,55.92,55.92,55.92,100,2021-08-31 14:30:00,AGYS
55.91,55.945,55.87,55.87,500,2021-08-31 14:35:00,AGYS
55.81,55.81,55.805,55.805,200,2021-08-31 14:40:00,AGYS
55.99,55.99,55.99,55.99,100,2021-08-31 14:45:00,AGYS
56.04,56.04,56.04,56.04,100,2021-08-31 14:50:00,AGYS
56.04,56.04,56.04,56.04,100,2021-08-31 14:55:00,AGYS
56.04,56.04,56.03,56.03,300,2021-08-31 15:00:00,AGYS
55.95,55.98,55.9,55.9,400,2021-08-31 15:05:00,AGYS
56.06,56.06,56.0,56.0,500,2021-08-31 15:10:00,AGYS
56.13,56.22,56.13,56.205,729,2021-08-31 15:20:00,AGYS
56.33,56.33,56.33,56.33,100,2021-08-31 15:25:00,AGYS
56.34,56.4,56.34,56.4,200,2021-08-31 15:35:00,AGYS
56.5,56.51,56.405,56.405,700,2021-08-31 15:45:00,AGYS
56.34,56.42,56.34,56.42,300,2021-08-31 15:50:00,AGYS
56.395,56.415,56.395,56.415,205,2021-08-31 15:55:00,AGYS
56.49,56.49,56.465,56.465,200,2021-08-31 16:00:00,AGYS
56.42,56.42,56.41,56.42,600,2021-08-31 16:05:00,AGYS
56.44,56.5,56.44,56.5,300,2021-08-31 16:10:00,AGYS
56.51,56.51,56.51,56.51,200,2021-08-31 16:20:00,AGYS
56.57,56.58,56.56,56.58,500,2021-08-31 16:35:00,AGYS
56.6,56.61,56.6,56.61,200,2021-08-31 16:40:00,AGYS
56.66,56.67,56.62,56.67,900,2021-08-31 16:45:00,AGYS
56.69,56.69,56.63,56.69,300,2021-08-31 16:55:00,AGYS
56.67,56.67,56.61,56.66,500,2021-08-31 17:00:00,AGYS
56.665,56.72,56.665,56.72,298,2021-08-31 17:05:00,AGYS
56.72,56.72,56.72,56.72,1405,2021-08-31 17:10:00,AGYS
56.655,56.655,56.65,56.655,800,2021-08-31 17:15:00,AGYS
56.62,56.69,56.62,56.68,729,2021-08-31 17:20:00,AGYS
56.68,56.69,56.68,56.69,400,2021-08-31 17:30:00,AGYS
56.68,56.69,56.68,56.69,300,2021-08-31 17:35:00,AGYS
56.685,56.695,56.685,56.695,300,2021-08-31 17:40:00,AGYS
56.74,56.77,56.74,56.77,600,2021-08-31 17:45:00,AGYS
56.89,56.89,56.89,56.89,100,2021-08-31 17:50:00,AGYS
56.88,57.05,56.87,57.05,1058,2021-08-31 17:55:00,AGYS
57.04,57.0924,57.04,57.0924,300,2021-08-31 18:00:00,AGYS
57.09,57.13,57.07,57.105,600,2021-08-31 18:10:00,AGYS
57.085,57.085,57.085,57.085,100,2021-08-31 18:15:00,AGYS
57.09,57.09,57.01,57.01,200,2021-08-31 18:20:00,AGYS
57.085,57.085,57.085,57.085,100,2021-08-31 18:25:00,AGYS
57.16,57.16,57.16,57.16,100,2021-08-31 18:30:00,AGYS
57.16,57.47,57.13,57.47,1100,2021-08-31 18:35:00,AGYS
57.31,57.31,57.31,57.31,100,2021-08-31 18:40:00,AGYS
57.23,57.23,57.13,57.13,500,2021-08-31 18:45:00,AGYS
57.07,57.07,57.07,57.07,100,2021-08-31 18:50:00,AGYS
57.11,57.11,56.98,57.0,509,2021-08-31 19:05:00,AGYS
56.965,56.97,56.95,56.97,600,2021-08-31 19:10:00,AGYS
56.965,57.04,56.94,57.04,1200,2021-08-31 19:15:00,AGYS
57.06,57.06,56.85,56.89,600,2021-08-31 19:20:00,AGYS
56.895,56.93,56.86,56.905,900,2021-08-31 19:25:00,AGYS
56.85,56.85,56.76,56.83,1199,2021-08-31 19:30:00,AGYS
56.81,56.88,56.81,56.825,2683,2021-08-31 19:35:00,AGYS
56.825,56.83,56.76,56.83,800,2021-08-31 19:40:00,AGYS
56.76,56.88,56.76,56.88,1100,2021-08-31 19:45:00,AGYS
56.855,56.865,56.735,56.83,2688,2021-08-31 19:50:00,AGYS
56.89,57.13,56.79,57.07,2940,2021-08-31 19:55:00,AGYS
56.83,56.83,56.83,56.83,15014,2021-08-31 20:00:00,AGYS
