open,high,low,close,volume,datetime,symbol
32.68,33.246,32.68,33.246,200,2021-08-02 13:30:00,IMCR
33.76,33.76,33.76,33.76,100,2021-08-02 14:15:00,IMCR
33.24,33.24,33.24,33.24,100,2021-08-02 14:40:00,IMCR
32.78,32.78,32.7,32.7,200,2021-08-02 14:50:00,IMCR
33.7603,33.7603,33.7603,33.7603,137,2021-08-02 14:55:00,IMCR
32.74,32.74,32.74,32.74,100,2021-08-02 15:10:00,IMCR
33.24,33.24,33.24,33.24,134,2021-08-02 15:15:00,IMCR
32.87,32.87,32.87,32.87,100,2021-08-02 15:35:00,IMCR
32.75,33.0,32.75,33.0,498,2021-08-02 15:55:00,IMCR
33.205,33.54,33.205,33.54,200,2021-08-02 16:05:00,IMCR
32.7297,32.7297,32.7297,32.7297,325,2021-08-02 16:10:00,IMCR
33.5911,33.5911,33.5911,33.5911,104,2021-08-02 16:15:00,IMCR
32.81,33.26,32.81,33.26,200,2021-08-02 16:40:00,IMCR
33.6,33.7279,33.6,33.7279,1250,2021-08-02 16:50:00,IMCR
33.73,33.73,33.3325,33.3325,300,2021-08-02 17:00:00,IMCR
33.265,33.265,33.265,33.265,308,2021-08-02 17:20:00,IMCR
33.265,33.72,33.265,33.265,995,2021-08-02 17:25:00,IMCR
33.49,33.49,33.145,33.15,402,2021-08-02 17:50:00,IMCR
33.155,33.155,33.155,33.155,100,2021-08-02 18:05:00,IMCR
33.155,33.35,33.0,33.0,1321,2021-08-02 18:10:00,IMCR
33.16,33.17,33.1,33.11,400,2021-08-02 18:15:00,IMCR
33.24,33.24,33.24,33.24,300,2021-08-02 18:20:00,IMCR
33.02,33.15,33.02,33.15,200,2021-08-02 18:25:00,IMCR
33.405,33.405,33.405,33.405,100,2021-08-02 18:35:00,IMCR
33.2,33.2,33.07,33.07,300,2021-08-02 18:55:00,IMCR
33.05,33.15,33.05,33.15,600,2021-08-02 19:00:00,IMCR
33.15,33.15,33.15,33.15,200,2021-08-02 19:05:00,IMCR
33.16,33.16,33.085,33.14,400,2021-08-02 19:30:00,IMCR
33.0,33.07,32.915,33.005,965,2021-08-02 19:40:00,IMCR
32.93,32.94,32.84,32.84,521,2021-08-02 19:45:00,IMCR
32.75,32.92,32.7,32.83,1249,2021-08-02 19:55:00,IMCR
32.71,32.71,32.71,32.71,546,2021-08-02 20:00:00,IMCR
32.71,32.71,32.71,32.71,150,2021-08-03 13:30:00,IMCR
32.3,32.3,32.3,32.3,100,2021-08-03 13:40:00,IMCR
32.25,32.3,32.25,32.25,612,2021-08-03 13:55:00,IMCR
32.885,32.885,32.885,32.885,100,2021-08-03 14:20:00,IMCR
32.3091,32.77,32.25,32.77,700,2021-08-03 16:30:00,IMCR
32.31,32.64,32.17,32.64,600,2021-08-03 16:45:00,IMCR
32.3,32.3,32.3,32.3,100,2021-08-03 17:10:00,IMCR
32.26,32.39,32.26,32.39,200,2021-08-03 17:15:00,IMCR
32.0,32.03,31.78,32.03,791,2021-08-03 17:45:00,IMCR
31.74,31.74,31.74,31.74,100,2021-08-03 18:20:00,IMCR
31.8068,31.85,31.74,31.85,800,2021-08-03 18:25:00,IMCR
31.55,31.7,31.55,31.64,724,2021-08-03 18:55:00,IMCR
31.75,31.75,31.75,31.75,100,2021-08-03 19:00:00,IMCR
31.615,31.9,31.3,31.545,11125,2021-08-03 19:10:00,IMCR
31.545,31.545,31.43,31.54,407,2021-08-03 19:15:00,IMCR
31.42,31.54,31.41,31.54,700,2021-08-03 19:20:00,IMCR
31.445,31.445,31.435,31.435,200,2021-08-03 19:25:00,IMCR
31.35,31.35,31.02,31.16,819,2021-08-03 19:30:00,IMCR
31.17,31.17,31.17,31.17,100,2021-08-03 19:35:00,IMCR
31.165,31.165,31.165,31.165,200,2021-08-03 19:40:00,IMCR
31.165,31.22,31.1,31.22,700,2021-08-03 19:45:00,IMCR
31.09,31.17,30.99,31.15,1298,2021-08-03 19:50:00,IMCR
31.2591,31.27,30.96,30.96,1409,2021-08-03 19:55:00,IMCR
31.1,31.1,31.1,31.1,681,2021-08-03 20:00:00,IMCR
31.35,31.35,31.35,31.35,100,2021-08-03 20:25:00,IMCR
31.08,31.08,30.0,30.0,377,2021-08-04 13:30:00,IMCR
30.62,30.675,30.045,30.06,1168,2021-08-04 13:35:00,IMCR
30.91,30.98,30.29,30.29,800,2021-08-04 13:40:00,IMCR
30.7103,30.7103,30.155,30.155,350,2021-08-04 13:50:00,IMCR
30.86,30.94,30.86,30.94,200,2021-08-04 13:55:00,IMCR
30.96,30.98,30.335,30.365,1610,2021-08-04 14:00:00,IMCR
30.365,30.655,30.365,30.655,200,2021-08-04 14:05:00,IMCR
30.86,30.86,30.485,30.715,700,2021-08-04 14:10:00,IMCR
30.485,30.485,30.485,30.485,100,2021-08-04 14:15:00,IMCR
30.735,30.735,30.735,30.735,100,2021-08-04 14:20:00,IMCR
30.73,31.1,30.73,30.915,3425,2021-08-04 14:25:00,IMCR
30.945,30.945,30.945,30.945,100,2021-08-04 14:35:00,IMCR
30.945,30.945,30.945,30.945,100,2021-08-04 14:55:00,IMCR
31.29,31.29,31.29,31.29,100,2021-08-04 15:00:00,IMCR
31.32,31.32,31.32,31.32,185,2021-08-04 15:15:00,IMCR
31.25,31.54,31.2,31.2,1900,2021-08-04 15:35:00,IMCR
31.22,31.3942,31.22,31.22,800,2021-08-04 15:45:00,IMCR
31.3,31.3,31.3,31.3,200,2021-08-04 15:55:00,IMCR
31.037,31.195,31.037,31.195,300,2021-08-04 16:25:00,IMCR
31.14,31.14,30.8,30.8,1571,2021-08-04 16:30:00,IMCR
30.595,30.595,30.595,30.595,100,2021-08-04 16:35:00,IMCR
30.6,30.79,30.6,30.605,400,2021-08-04 16:40:00,IMCR
30.79,30.79,30.6,30.775,600,2021-08-04 16:45:00,IMCR
30.59,30.59,30.59,30.59,100,2021-08-04 16:55:00,IMCR
30.59,30.59,30.59,30.59,100,2021-08-04 17:00:00,IMCR
30.737,30.737,30.737,30.737,1000,2021-08-04 17:05:00,IMCR
30.585,30.585,30.585,30.585,100,2021-08-04 17:10:00,IMCR
30.64,30.64,30.43,30.55,600,2021-08-04 17:15:00,IMCR
30.58,30.58,30.58,30.58,100,2021-08-04 17:35:00,IMCR
30.58,30.58,30.41,30.41,1200,2021-08-04 17:50:00,IMCR
30.58,30.686,30.44,30.585,800,2021-08-04 17:55:00,IMCR
30.58,30.58,30.4,30.5175,933,2021-08-04 18:00:00,IMCR
30.58,30.76,30.2,30.48,6649,2021-08-04 18:05:00,IMCR
30.27,30.51,30.27,30.51,200,2021-08-04 18:10:00,IMCR
30.36,30.56,30.36,30.56,200,2021-08-04 18:25:00,IMCR
30.7118,30.7118,30.57,30.57,1010,2021-08-04 18:45:00,IMCR
30.55,30.655,30.55,30.56,500,2021-08-04 18:50:00,IMCR
30.58,30.6,30.58,30.59,500,2021-08-04 18:55:00,IMCR
30.55,30.57,30.55,30.57,800,2021-08-04 19:05:00,IMCR
30.57,30.595,30.55,30.595,400,2021-08-04 19:10:00,IMCR
30.46,30.635,30.46,30.635,908,2021-08-04 19:15:00,IMCR
30.51,30.76,30.51,30.72,790,2021-08-04 19:25:00,IMCR
30.675,30.675,30.59,30.59,600,2021-08-04 19:30:00,IMCR
30.5,30.61,30.5,30.61,200,2021-08-04 19:35:00,IMCR
30.6,30.6,30.6,30.6,100,2021-08-04 19:40:00,IMCR
30.72,30.72,30.72,30.72,100,2021-08-04 19:50:00,IMCR
30.54,30.6673,30.44,30.46,2799,2021-08-04 19:55:00,IMCR
30.5,30.5,30.5,30.5,579,2021-08-04 20:00:00,IMCR
30.5,30.5,30.5,30.5,266,2021-08-05 13:30:00,IMCR
30.845,31.98,30.845,31.96,5244,2021-08-05 13:50:00,IMCR
31.68,31.68,31.68,31.68,100,2021-08-05 14:00:00,IMCR
31.95,32.62,31.41,32.325,2253,2021-08-05 14:05:00,IMCR
31.64,31.87,31.15,31.4,2342,2021-08-05 14:10:00,IMCR
31.41,31.41,31.28,31.3,1119,2021-08-05 14:15:00,IMCR
31.41,32.12,31.2,31.735,1100,2021-08-05 14:20:00,IMCR
32.3425,32.3425,32.3425,32.3425,100,2021-08-05 14:30:00,IMCR
32.3525,32.415,32.3525,32.415,200,2021-08-05 14:35:00,IMCR
32.5525,32.5525,32.5275,32.5275,200,2021-08-05 14:45:00,IMCR
32.15,32.17,31.935,31.935,600,2021-08-05 14:50:00,IMCR
31.98,32.245,31.63,32.245,500,2021-08-05 14:55:00,IMCR
32.24,32.24,32.24,32.24,500,2021-08-05 15:00:00,IMCR
31.85,32.24,31.85,32.04,300,2021-08-05 15:15:00,IMCR
31.83,31.83,31.83,31.83,100,2021-08-05 15:20:00,IMCR
32.045,32.045,31.84,32.045,2100,2021-08-05 15:25:00,IMCR
32.045,32.045,32.045,32.045,200,2021-08-05 15:30:00,IMCR
32.05,32.05,31.5,31.81,600,2021-08-05 15:40:00,IMCR
32.0475,32.0475,31.85,31.85,600,2021-08-05 15:50:00,IMCR
31.85,31.85,31.5,31.5,200,2021-08-05 16:00:00,IMCR
31.25,31.725,31.25,31.725,200,2021-08-05 16:05:00,IMCR
31.725,31.725,31.725,31.725,350,2021-08-05 16:10:00,IMCR
31.725,31.9875,31.25,31.775,433,2021-08-05 16:15:00,IMCR
31.78,31.78,31.78,31.78,100,2021-08-05 16:20:00,IMCR
31.4,31.78,31.4,31.78,400,2021-08-05 16:25:00,IMCR
31.78,31.78,31.37,31.78,500,2021-08-05 16:30:00,IMCR
31.78,31.78,31.78,31.78,100,2021-08-05 16:35:00,IMCR
31.78,31.78,31.78,31.78,200,2021-08-05 16:45:00,IMCR
31.785,31.785,31.42,31.42,200,2021-08-05 16:50:00,IMCR
31.785,31.785,31.785,31.785,100,2021-08-05 17:00:00,IMCR
31.42,31.42,31.42,31.42,100,2021-08-05 17:05:00,IMCR
31.8,31.8125,31.7005,31.8125,400,2021-08-05 17:10:00,IMCR
31.855,31.855,31.45,31.715,700,2021-08-05 17:15:00,IMCR
31.65,31.87,31.65,31.87,200,2021-08-05 17:30:00,IMCR
31.66,31.66,31.66,31.66,100,2021-08-05 17:35:00,IMCR
31.87,31.87,31.3,31.3,200,2021-08-05 17:45:00,IMCR
31.87,31.87,31.87,31.87,100,2021-08-05 17:55:00,IMCR
31.7,31.7,31.7,31.7,100,2021-08-05 18:05:00,IMCR
31.7,31.915,31.7,31.915,1000,2021-08-05 18:10:00,IMCR
31.82,31.96,31.25,31.96,3100,2021-08-05 18:15:00,IMCR
32.045,32.055,31.99,31.99,700,2021-08-05 18:25:00,IMCR
31.83,31.83,31.83,31.83,100,2021-08-05 18:30:00,IMCR
31.83,32.08,31.76,31.76,300,2021-08-05 18:35:00,IMCR
32.09,32.09,32.09,32.09,100,2021-08-05 18:40:00,IMCR
32.115,32.115,32.115,32.115,100,2021-08-05 18:50:00,IMCR
31.99,32.185,31.99,32.185,200,2021-08-05 18:55:00,IMCR
32.275,32.275,32.13,32.13,900,2021-08-05 19:00:00,IMCR
32.12,32.12,32.12,32.12,300,2021-08-05 19:05:00,IMCR
32.12,32.19,31.86,31.9926,702,2021-08-05 19:10:00,IMCR
31.84,32.055,31.84,32.055,200,2021-08-05 19:20:00,IMCR
32.055,32.133,32.055,32.133,300,2021-08-05 19:25:00,IMCR
32.055,32.055,32.055,32.055,100,2021-08-05 19:30:00,IMCR
32.065,32.075,31.91,31.91,400,2021-08-05 19:35:00,IMCR
32.075,32.075,32.075,32.075,100,2021-08-05 19:40:00,IMCR
32.1059,32.1059,32.085,32.085,200,2021-08-05 19:45:00,IMCR
32.1,32.125,31.9,31.9,1500,2021-08-05 19:50:00,IMCR
31.85,31.97,31.84,31.96,900,2021-08-05 19:55:00,IMCR
31.95,31.95,31.95,31.95,447,2021-08-05 20:00:00,IMCR
32.0,32.75,32.0,32.75,316,2021-08-06 13:30:00,IMCR
32.1,32.1,32.1,32.1,100,2021-08-06 13:40:00,IMCR
32.15,32.15,32.01,32.01,400,2021-08-06 13:45:00,IMCR
32.0,32.0,32.0,32.0,51199,2021-08-06 14:00:00,IMCR
32.23,32.29,32.23,32.29,200,2021-08-06 14:05:00,IMCR
32.2,32.33,32.2,32.2,600,2021-08-06 14:10:00,IMCR
32.01,32.14,31.97,32.135,1768,2021-08-06 14:15:00,IMCR
32.135,32.135,31.79,32.135,800,2021-08-06 14:20:00,IMCR
32.135,32.135,32.135,32.135,400,2021-08-06 14:25:00,IMCR
32.135,32.135,32.135,32.135,100,2021-08-06 14:30:00,IMCR
32.135,32.135,32.135,32.135,100,2021-08-06 14:35:00,IMCR
32.11,32.11,32.11,32.11,100,2021-08-06 14:40:00,IMCR
32.11,32.11,32.11,32.11,100,2021-08-06 14:45:00,IMCR
32.11,32.11,31.79,32.11,807,2021-08-06 14:50:00,IMCR
32.105,32.105,31.79,31.79,200,2021-08-06 14:55:00,IMCR
32.115,32.43,31.81,32.08,6000,2021-08-06 15:00:00,IMCR
32.2,32.238,32.2,32.238,200,2021-08-06 15:05:00,IMCR
32.07,32.2,32.05,32.08,3214,2021-08-06 15:10:00,IMCR
32.1,32.1,32.1,32.1,100,2021-08-06 15:20:00,IMCR
32.2,32.2,32.2,32.2,100,2021-08-06 15:25:00,IMCR
32.1,32.1,32.1,32.1,100,2021-08-06 15:30:00,IMCR
32.1,32.19,32.05,32.1,800,2021-08-06 15:35:00,IMCR
32.19,32.19,32.1,32.1,1400,2021-08-06 15:40:00,IMCR
32.1576,32.21,32.0,32.0,1100,2021-08-06 15:50:00,IMCR
32.0,32.0,32.0,32.0,674,2021-08-06 15:55:00,IMCR
32.1,32.1,32.1,32.1,100,2021-08-06 16:00:00,IMCR
32.16,32.2,32.1,32.145,623,2021-08-06 16:10:00,IMCR
32.1,32.119,32.0,32.0,300,2021-08-06 16:15:00,IMCR
32.172,32.24,32.04,32.2,1584,2021-08-06 16:35:00,IMCR
32.435,32.5,32.13,32.38,4693,2021-08-06 16:40:00,IMCR
32.2,32.385,32.15,32.15,1300,2021-08-06 16:45:00,IMCR
32.175,32.255,32.165,32.255,400,2021-08-06 16:50:00,IMCR
32.225,32.25,31.79,31.79,4038,2021-08-06 17:30:00,IMCR
31.995,32.19,31.995,32.19,400,2021-08-06 17:35:00,IMCR
32.02,32.1,32.02,32.1,685,2021-08-06 17:40:00,IMCR
31.9297,32.2,31.9297,32.2,407,2021-08-06 17:45:00,IMCR
32.2299,32.2299,32.015,32.015,400,2021-08-06 18:10:00,IMCR
31.93,31.94,31.93,31.94,200,2021-08-06 18:40:00,IMCR
32.05,32.05,32.05,32.05,100,2021-08-06 19:00:00,IMCR
32.0,32.0,32.0,32.0,500,2021-08-06 19:15:00,IMCR
31.99,32.085,31.99,32.0,2800,2021-08-06 19:20:00,IMCR
32.0,32.0,32.0,32.0,200,2021-08-06 19:25:00,IMCR
32.0,32.0,31.94,31.945,574,2021-08-06 19:30:00,IMCR
31.945,31.945,31.75,31.75,300,2021-08-06 19:35:00,IMCR
31.95,31.95,31.78,31.78,500,2021-08-06 19:40:00,IMCR
31.96,31.96,31.78,31.78,200,2021-08-06 19:45:00,IMCR
31.78,32.0,31.78,31.85,1100,2021-08-06 19:50:00,IMCR
31.91,32.0,31.77,31.77,1800,2021-08-06 19:55:00,IMCR
32.0,32.0,32.0,32.0,148,2021-08-06 20:00:00,IMCR
32.5,32.5,32.5,32.5,100,2021-08-09 13:35:00,IMCR
32.52,32.52,32.52,32.52,100,2021-08-09 13:50:00,IMCR
32.17,33.544,32.05,32.455,11388,2021-08-09 14:25:00,IMCR
32.09,32.835,32.0,32.835,2059,2021-08-09 14:30:00,IMCR
32.775,32.875,32.775,32.875,300,2021-08-09 14:35:00,IMCR
32.45,32.45,32.45,32.45,100,2021-08-09 14:55:00,IMCR
32.965,32.965,32.965,32.965,100,2021-08-09 15:00:00,IMCR
32.88,32.95,32.64,32.64,400,2021-08-09 15:05:00,IMCR
32.685,32.685,32.685,32.685,100,2021-08-09 15:20:00,IMCR
33.0,33.0,33.0,33.0,100,2021-08-09 17:00:00,IMCR
32.875,32.875,32.875,32.875,100,2021-08-09 17:10:00,IMCR
33.05,33.05,33.05,33.05,357,2021-08-09 17:25:00,IMCR
33.13,33.13,33.13,33.13,325,2021-08-09 17:50:00,IMCR
32.78,32.81,32.78,32.81,200,2021-08-09 17:55:00,IMCR
32.77,32.78,32.77,32.78,200,2021-08-09 18:00:00,IMCR
32.9545,32.9545,32.9545,32.9545,100,2021-08-09 18:05:00,IMCR
32.75,32.75,32.4716,32.705,1000,2021-08-09 18:10:00,IMCR
32.705,32.705,32.705,32.705,100,2021-08-09 18:15:00,IMCR
32.8069,32.8069,32.8069,32.8069,310,2021-08-09 18:55:00,IMCR
32.6,32.72,32.6,32.6,400,2021-08-09 19:00:00,IMCR
32.62,32.62,32.62,32.62,100,2021-08-09 19:05:00,IMCR
32.66,32.78,32.53,32.72,2827,2021-08-09 19:10:00,IMCR
32.72,32.72,32.72,32.72,200,2021-08-09 19:15:00,IMCR
32.635,32.635,32.34,32.34,200,2021-08-09 19:20:00,IMCR
32.65,32.65,32.35,32.65,669,2021-08-09 19:30:00,IMCR
32.5,32.74,32.43,32.74,1000,2021-08-09 19:35:00,IMCR
32.57,32.6,32.57,32.6,548,2021-08-09 19:40:00,IMCR
32.785,32.97,32.59,32.97,500,2021-08-09 19:45:00,IMCR
32.65,32.65,32.65,32.65,100,2021-08-09 19:50:00,IMCR
32.56,32.5896,32.44,32.555,5632,2021-08-09 19:55:00,IMCR
32.75,32.75,32.75,32.75,6757,2021-08-09 20:00:00,IMCR
32.75,32.75,32.75,32.75,301,2021-08-09 21:15:00,IMCR
32.35,32.45,32.35,32.45,507,2021-08-10 13:30:00,IMCR
32.03,32.03,32.03,32.03,2000,2021-08-10 13:40:00,IMCR
33.05,33.3,32.54,33.3,2400,2021-08-10 13:45:00,IMCR
32.93,32.93,32.53,32.8,2600,2021-08-10 13:50:00,IMCR
32.78,32.78,32.56,32.78,300,2021-08-10 13:55:00,IMCR
32.78,33.01,32.56,32.84,1101,2021-08-10 14:05:00,IMCR
32.6516,32.845,32.64,32.84,2805,2021-08-10 14:20:00,IMCR
32.84,32.84,32.84,32.84,100,2021-08-10 14:25:00,IMCR
32.65,32.65,32.6,32.6,415,2021-08-10 14:30:00,IMCR
32.755,32.755,32.6,32.6,350,2021-08-10 14:40:00,IMCR
32.55,32.59,32.25,32.47,1900,2021-08-10 14:45:00,IMCR
32.635,32.635,32.635,32.635,100,2021-08-10 15:35:00,IMCR
32.45,32.45,32.45,32.45,293,2021-08-10 15:40:00,IMCR
32.64,32.64,32.64,32.64,160,2021-08-10 16:10:00,IMCR
32.29,32.435,32.26,32.435,700,2021-08-10 16:25:00,IMCR
32.35,32.42,32.25,32.42,2425,2021-08-10 16:40:00,IMCR
32.4,32.4,32.4,32.4,100,2021-08-10 16:45:00,IMCR
32.35,32.46,32.03,32.16,3025,2021-08-10 16:50:00,IMCR
32.085,32.16,32.04,32.11,1783,2021-08-10 16:55:00,IMCR
32.21,32.275,32.115,32.275,1078,2021-08-10 17:00:00,IMCR
32.3481,32.699,32.3481,32.699,811,2021-08-10 17:30:00,IMCR
32.445,32.445,32.445,32.445,100,2021-08-10 17:45:00,IMCR
32.2,32.2,32.16,32.16,400,2021-08-10 18:05:00,IMCR
32.21,32.21,32.21,32.21,300,2021-08-10 18:15:00,IMCR
32.395,32.395,32.395,32.395,100,2021-08-10 18:35:00,IMCR
32.555,32.555,32.54,32.54,200,2021-08-10 18:55:00,IMCR
32.54,32.54,32.25,32.385,600,2021-08-10 19:00:00,IMCR
32.52,32.52,32.49,32.49,200,2021-08-10 19:05:00,IMCR
32.385,32.52,32.21,32.385,1900,2021-08-10 19:10:00,IMCR
32.385,32.4825,32.25,32.26,1900,2021-08-10 19:15:00,IMCR
32.25,32.25,32.155,32.24,1008,2021-08-10 19:20:00,IMCR
32.2,32.285,32.09,32.21,1428,2021-08-10 19:25:00,IMCR
32.18,32.245,32.18,32.245,348,2021-08-10 19:30:00,IMCR
32.25,32.25,32.1,32.155,1500,2021-08-10 19:35:00,IMCR
32.11,32.21,32.1,32.12,1100,2021-08-10 19:40:00,IMCR
32.18,32.18,32.155,32.155,300,2021-08-10 19:45:00,IMCR
32.22,32.65,32.16,32.31,3009,2021-08-10 19:50:00,IMCR
32.525,32.54,32.15,32.29,7373,2021-08-10 19:55:00,IMCR
32.48,32.48,32.48,32.48,5221,2021-08-10 20:00:00,IMCR
32.29,32.29,32.29,32.29,105,2021-08-11 13:30:00,IMCR
32.33,32.33,32.33,32.33,100,2021-08-11 13:45:00,IMCR
32.26,32.26,32.26,32.26,100,2021-08-11 14:10:00,IMCR
32.25,32.355,32.25,32.355,300,2021-08-11 14:15:00,IMCR
32.355,32.355,32.0,32.0,1820,2021-08-11 14:20:00,IMCR
31.935,32.35,31.935,32.045,1192,2021-08-11 14:40:00,IMCR
32.06,32.06,31.84,31.84,300,2021-08-11 14:45:00,IMCR
32.01,32.0475,31.87,32.0475,853,2021-08-11 14:50:00,IMCR
32.09,32.09,31.97,31.97,800,2021-08-11 15:00:00,IMCR
31.9083,31.97,31.84,31.915,450,2021-08-11 15:05:00,IMCR
31.91,31.91,31.91,31.91,200,2021-08-11 15:15:00,IMCR
31.84,31.84,31.84,31.84,100,2021-08-11 15:25:00,IMCR
31.9875,31.9875,31.9875,31.9875,100,2021-08-11 15:30:00,IMCR
31.97,32.01,31.83,31.92,1190,2021-08-11 15:35:00,IMCR
31.83,31.95,31.83,31.95,500,2021-08-11 15:50:00,IMCR
31.6,31.735,31.5,31.5,1418,2021-08-11 16:15:00,IMCR
31.8112,31.8112,31.28,31.35,827,2021-08-11 16:25:00,IMCR
31.26,31.79,31.26,31.79,200,2021-08-11 16:30:00,IMCR
31.35,31.46,31.35,31.375,1200,2021-08-11 16:40:00,IMCR
31.42,31.55,31.05,31.25,5211,2021-08-11 16:45:00,IMCR
31.35,31.35,31.35,31.35,100,2021-08-11 16:50:00,IMCR
31.34,31.34,31.15,31.3,500,2021-08-11 16:55:00,IMCR
31.3,31.3,31.21,31.25,471,2021-08-11 17:00:00,IMCR
31.25,31.41,31.25,31.41,320,2021-08-11 17:05:00,IMCR
31.05,31.1,31.05,31.1,200,2021-08-11 17:15:00,IMCR
31.06,31.06,31.06,31.06,100,2021-08-11 17:20:00,IMCR
31.0,31.1,31.0,31.0,2288,2021-08-11 17:35:00,IMCR
31.02,31.02,31.02,31.02,100,2021-08-11 17:55:00,IMCR
31.01,31.17,31.0,31.17,300,2021-08-11 18:00:00,IMCR
31.17,31.2516,31.09,31.09,1300,2021-08-11 18:05:00,IMCR
31.07,31.07,31.0,31.0,300,2021-08-11 18:10:00,IMCR
31.02,31.02,31.0,31.0,500,2021-08-11 18:15:00,IMCR
31.0,31.05,31.0,31.01,900,2021-08-11 18:20:00,IMCR
31.01,31.05,30.995,30.995,700,2021-08-11 18:25:00,IMCR
31.0,31.155,31.0,31.155,500,2021-08-11 18:30:00,IMCR
31.1,31.1,31.1,31.1,100,2021-08-11 18:35:00,IMCR
31.1,31.15,31.1,31.15,300,2021-08-11 18:40:00,IMCR
31.15,31.15,31.15,31.15,553,2021-08-11 18:45:00,IMCR
31.155,31.155,31.155,31.155,200,2021-08-11 18:50:00,IMCR
31.1,31.1,31.0,31.05,2067,2021-08-11 18:55:00,IMCR
31.05,31.05,31.0,31.02,1105,2021-08-11 19:00:00,IMCR
31.095,31.095,31.095,31.095,200,2021-08-11 19:05:00,IMCR
31.095,31.095,31.095,31.095,300,2021-08-11 19:10:00,IMCR
31.12,31.12,31.12,31.12,200,2021-08-11 19:15:00,IMCR
31.1,31.15,31.02,31.02,3000,2021-08-11 19:20:00,IMCR
31.02,31.12,31.0,31.05,1403,2021-08-11 19:25:00,IMCR
31.05,31.055,31.05,31.05,300,2021-08-11 19:30:00,IMCR
31.115,31.115,31.05,31.05,794,2021-08-11 19:35:00,IMCR
31.115,31.115,31.05,31.06,500,2021-08-11 19:40:00,IMCR
31.05,31.17,31.05,31.06,500,2021-08-11 19:45:00,IMCR
31.18,31.315,31.08,31.315,3698,2021-08-11 19:50:00,IMCR
31.2,31.3399,31.07,31.24,3720,2021-08-11 19:55:00,IMCR
31.34,31.34,31.34,31.34,6934,2021-08-11 20:00:00,IMCR
31.45,31.45,31.45,31.45,100,2021-08-12 13:30:00,IMCR
33.46,33.46,33.46,33.46,200,2021-08-12 13:35:00,IMCR
31.3,31.3,31.3,31.3,100,2021-08-12 13:45:00,IMCR
31.3,31.3,31.3,31.3,200,2021-08-12 13:50:00,IMCR
31.3,31.3,31.3,31.3,100,2021-08-12 14:10:00,IMCR
31.129,31.14,31.129,31.14,200,2021-08-12 14:15:00,IMCR
31.305,31.305,31.18,31.18,200,2021-08-12 14:20:00,IMCR
31.09,31.21,31.01,31.01,1000,2021-08-12 14:25:00,IMCR
30.96,31.0,30.93,30.95,1800,2021-08-12 14:30:00,IMCR
31.07,31.07,31.07,31.07,200,2021-08-12 14:35:00,IMCR
31.2,31.45,31.0989,31.45,1500,2021-08-12 14:40:00,IMCR
31.2,31.45,31.17,31.265,569,2021-08-12 14:45:00,IMCR
31.45,31.45,31.45,31.45,100,2021-08-12 14:50:00,IMCR
31.26,31.26,31.12,31.12,300,2021-08-12 14:55:00,IMCR
31.12,31.12,31.12,31.12,100,2021-08-12 15:05:00,IMCR
30.83,30.83,30.83,30.83,100,2021-08-12 15:10:00,IMCR
31.0,31.0,30.83,30.83,200,2021-08-12 15:15:00,IMCR
30.9383,31.2703,30.81,31.0,659,2021-08-12 15:20:00,IMCR
31.0,31.07,30.81,31.0,1000,2021-08-12 15:25:00,IMCR
31.07,31.07,30.83,31.0,857,2021-08-12 15:30:00,IMCR
30.95,31.07,30.95,31.07,300,2021-08-12 15:35:00,IMCR
30.95,30.95,30.95,30.95,100,2021-08-12 15:40:00,IMCR
31.0,31.0,30.95,30.95,500,2021-08-12 15:45:00,IMCR
30.96,30.98,30.9,30.91,1100,2021-08-12 15:50:00,IMCR
31.0,31.0,31.0,31.0,100,2021-08-12 15:55:00,IMCR
31.0,31.0,31.0,31.0,200,2021-08-12 16:05:00,IMCR
31.0,31.0,31.0,31.0,400,2021-08-12 16:10:00,IMCR
30.9,30.9,30.9,30.9,100,2021-08-12 16:25:00,IMCR
30.9,30.9,30.9,30.9,100,2021-08-12 16:35:00,IMCR
30.7357,30.88,30.71,30.86,1775,2021-08-12 16:40:00,IMCR
30.85,30.85,30.85,30.85,200,2021-08-12 16:45:00,IMCR
30.94,30.94,30.8,30.865,775,2021-08-12 16:50:00,IMCR
30.81,30.81,30.75,30.75,700,2021-08-12 17:10:00,IMCR
30.76,30.76,30.66,30.66,200,2021-08-12 17:15:00,IMCR
30.79,30.85,30.65,30.85,1500,2021-08-12 17:20:00,IMCR
30.755,30.81,30.755,30.81,600,2021-08-12 17:25:00,IMCR
31.0,31.0,31.0,31.0,100,2021-08-12 17:35:00,IMCR
30.98,30.98,30.975,30.975,200,2021-08-12 17:40:00,IMCR
31.1087,31.1087,31.1087,31.1087,120,2021-08-12 17:45:00,IMCR
30.8,30.8,30.8,30.8,100,2021-08-12 18:00:00,IMCR
30.88,30.88,30.88,30.88,100,2021-08-12 18:10:00,IMCR
30.87,31.14,30.8,30.825,6100,2021-08-12 18:15:00,IMCR
30.825,31.0,30.75,30.75,700,2021-08-12 18:20:00,IMCR
31.0,31.0,31.0,31.0,100,2021-08-12 18:25:00,IMCR
30.82,31.0,30.7111,30.825,684,2021-08-12 18:30:00,IMCR
31.0,31.0,31.0,31.0,100,2021-08-12 18:35:00,IMCR
30.89,30.89,30.89,30.89,100,2021-08-12 18:40:00,IMCR
30.75,30.89,30.75,30.89,200,2021-08-12 18:45:00,IMCR
30.89,30.89,30.75,30.75,200,2021-08-12 18:55:00,IMCR
30.76,30.995,30.76,30.995,500,2021-08-12 19:00:00,IMCR
31.0,31.0,31.0,31.0,100,2021-08-12 19:05:00,IMCR
31.0,31.0,31.0,31.0,100,2021-08-12 19:10:00,IMCR
31.0,31.0,31.0,31.0,100,2021-08-12 19:15:00,IMCR
30.995,30.995,30.9,30.9,200,2021-08-12 19:20:00,IMCR
30.84,31.05,30.745,31.05,2900,2021-08-12 19:25:00,IMCR
31.05,31.105,30.9,31.105,946,2021-08-12 19:30:00,IMCR
31.0,31.025,30.91,31.025,1537,2021-08-12 19:35:00,IMCR
31.0,31.0,30.82,30.895,1125,2021-08-12 19:40:00,IMCR
30.895,31.0,30.895,31.0,500,2021-08-12 19:45:00,IMCR
31.02,31.165,30.89,30.91,9069,2021-08-12 19:50:00,IMCR
31.0,31.12,30.73,30.73,6227,2021-08-12 19:55:00,IMCR
30.9,30.9,30.9,30.9,5555,2021-08-12 20:00:00,IMCR
31.0,31.03,31.0,31.03,344,2021-08-13 13:30:00,IMCR
31.05,31.05,30.695,30.98,1506,2021-08-13 13:35:00,IMCR
31.45,31.45,31.05,31.3,400,2021-08-13 13:40:00,IMCR
31.31,31.31,31.07,31.07,400,2021-08-13 13:45:00,IMCR
30.95,30.95,30.95,30.95,200,2021-08-13 14:00:00,IMCR
30.85,30.85,30.85,30.85,100,2021-08-13 14:15:00,IMCR
31.0,31.0,30.58,30.58,300,2021-08-13 14:20:00,IMCR
30.71,30.75,30.4,30.595,885,2021-08-13 14:25:00,IMCR
30.595,30.595,30.52,30.52,200,2021-08-13 14:30:00,IMCR
30.5,30.54,30.5,30.5,435,2021-08-13 14:35:00,IMCR
30.5,30.6565,30.11,30.11,875,2021-08-13 14:40:00,IMCR
30.56,30.56,30.11,30.11,200,2021-08-13 14:45:00,IMCR
30.48,30.48,30.48,30.48,100,2021-08-13 14:50:00,IMCR
30.29,30.92,30.29,30.9,1200,2021-08-13 14:55:00,IMCR
30.57,30.91,30.57,30.85,800,2021-08-13 15:00:00,IMCR
30.69,30.69,30.69,30.69,200,2021-08-13 15:15:00,IMCR
30.8,30.8,30.8,30.8,200,2021-08-13 15:20:00,IMCR
30.715,30.715,30.715,30.715,114,2021-08-13 15:30:00,IMCR
30.5746,30.7,30.5746,30.7,400,2021-08-13 15:50:00,IMCR
30.655,30.84,30.655,30.7,1500,2021-08-13 16:05:00,IMCR
30.655,30.655,30.655,30.655,100,2021-08-13 16:10:00,IMCR
30.655,30.655,30.655,30.655,100,2021-08-13 16:15:00,IMCR
30.7,30.8,30.4764,30.635,1435,2021-08-13 16:20:00,IMCR
30.8499,30.8499,30.635,30.635,300,2021-08-13 16:25:00,IMCR
30.635,30.635,30.635,30.635,100,2021-08-13 16:30:00,IMCR
30.77,30.77,30.77,30.77,100,2021-08-13 16:35:00,IMCR
30.7,30.7,30.7,30.7,100,2021-08-13 16:40:00,IMCR
30.625,30.82,30.625,30.7,1100,2021-08-13 16:45:00,IMCR
30.68,30.755,30.68,30.72,1582,2021-08-13 16:50:00,IMCR
30.72,30.72,30.72,30.72,200,2021-08-13 16:55:00,IMCR
30.725,30.725,30.725,30.725,100,2021-08-13 17:00:00,IMCR
30.725,30.725,30.725,30.725,100,2021-08-13 17:05:00,IMCR
30.7,30.7,30.47,30.47,300,2021-08-13 17:10:00,IMCR
30.7,30.7,30.7,30.7,1300,2021-08-13 17:15:00,IMCR
30.7,30.7,30.53,30.53,700,2021-08-13 17:20:00,IMCR
30.52,30.69,30.44,30.44,1119,2021-08-13 17:25:00,IMCR
30.68,30.69,30.66,30.69,300,2021-08-13 17:30:00,IMCR
30.7914,30.7914,30.695,30.695,300,2021-08-13 17:45:00,IMCR
30.7,30.7,30.7,30.7,300,2021-08-13 17:50:00,IMCR
30.7,30.7,30.69,30.69,300,2021-08-13 17:55:00,IMCR
30.71,30.95,30.51,30.51,600,2021-08-13 18:00:00,IMCR
30.71,30.71,30.53,30.7,1295,2021-08-13 18:05:00,IMCR
30.705,30.71,30.55,30.71,1200,2021-08-13 18:10:00,IMCR
30.7,30.715,30.5,30.6,602,2021-08-13 18:15:00,IMCR
30.715,30.715,30.56,30.56,300,2021-08-13 18:20:00,IMCR
30.58,30.65,30.57,30.65,300,2021-08-13 18:25:00,IMCR
30.65,30.65,30.64,30.64,200,2021-08-13 18:30:00,IMCR
30.715,30.715,30.54,30.7,1426,2021-08-13 18:35:00,IMCR
30.7,30.715,30.5,30.7,3007,2021-08-13 18:40:00,IMCR
30.69,30.7,30.59,30.655,1833,2021-08-13 18:45:00,IMCR
30.6751,30.6751,30.66,30.66,637,2021-08-13 18:50:00,IMCR
30.7,30.83,30.65,30.83,1587,2021-08-13 18:55:00,IMCR
30.65,30.65,30.65,30.65,120,2021-08-13 19:00:00,IMCR
30.8,30.8,30.585,30.585,1300,2021-08-13 19:05:00,IMCR
30.815,30.815,30.515,30.515,1208,2021-08-13 19:10:00,IMCR
30.7,30.75,30.6,30.735,3518,2021-08-13 19:15:00,IMCR
30.77,30.785,30.61,30.65,1627,2021-08-13 19:20:00,IMCR
30.785,30.79,30.62,30.79,906,2021-08-13 19:25:00,IMCR
30.65,30.87,30.63,30.7,4348,2021-08-13 19:30:00,IMCR
30.68,30.68,30.53,30.6,800,2021-08-13 19:35:00,IMCR
30.7,30.765,30.6,30.63,3700,2021-08-13 19:40:00,IMCR
30.725,30.81,30.65,30.65,2327,2021-08-13 19:45:00,IMCR
30.67,30.8,30.58,30.745,4678,2021-08-13 19:50:00,IMCR
30.7225,30.78,30.62,30.62,8942,2021-08-13 19:55:00,IMCR
30.72,30.72,30.72,30.72,5122,2021-08-13 20:00:00,IMCR
29.15,29.15,29.15,29.15,162035,2021-08-16 13:10:00,IMCR
30.56,30.92,30.56,30.92,260,2021-08-16 13:30:00,IMCR
31.05,31.26,29.15,31.26,27228,2021-08-16 13:35:00,IMCR
30.22,30.3,30.0,30.29,1100,2021-08-16 13:40:00,IMCR
30.26,30.69,30.24,30.34,1108,2021-08-16 13:45:00,IMCR
30.69,30.69,30.69,30.69,100,2021-08-16 13:50:00,IMCR
31.18,31.18,31.18,31.18,100,2021-08-16 14:00:00,IMCR
30.745,30.745,30.42,30.42,307,2021-08-16 14:10:00,IMCR
30.36,30.36,30.36,30.36,100,2021-08-16 14:15:00,IMCR
30.43,30.6,30.39,30.52,1685,2021-08-16 14:20:00,IMCR
30.535,30.535,30.41,30.53,300,2021-08-16 14:25:00,IMCR
30.4,30.4,30.4,30.4,100,2021-08-16 14:30:00,IMCR
30.4,30.45,30.32,30.45,419,2021-08-16 14:35:00,IMCR
30.4,30.4,30.4,30.4,200,2021-08-16 14:40:00,IMCR
30.36,30.36,30.36,30.36,100,2021-08-16 14:50:00,IMCR
30.505,30.62,29.8,30.265,9088,2021-08-16 14:55:00,IMCR
30.265,30.265,29.95,29.95,541,2021-08-16 15:00:00,IMCR
30.225,30.225,30.225,30.225,100,2021-08-16 15:05:00,IMCR
29.65,30.14,29.65,29.99,2000,2021-08-16 15:10:00,IMCR
30.145,30.22,29.88,30.0,1000,2021-08-16 15:15:00,IMCR
30.0,30.0,30.0,30.0,200,2021-08-16 15:20:00,IMCR
29.9999,30.0,29.95,29.95,500,2021-08-16 15:25:00,IMCR
29.91,29.99,29.84,29.99,1794,2021-08-16 15:30:00,IMCR
29.89,29.94,29.85,29.85,700,2021-08-16 15:35:00,IMCR
29.85,29.89,29.84,29.89,800,2021-08-16 15:45:00,IMCR
29.88,29.89,29.65,29.805,2026,2021-08-16 15:50:00,IMCR
29.93,29.93,29.89,29.915,1000,2021-08-16 15:55:00,IMCR
29.825,29.825,29.825,29.825,200,2021-08-16 16:00:00,IMCR
29.86,29.92,29.84,29.91,700,2021-08-16 16:05:00,IMCR
29.75,29.81,29.65,29.71,1800,2021-08-16 16:20:00,IMCR
29.69,29.745,29.51,29.615,3139,2021-08-16 16:25:00,IMCR
29.64,29.73,29.5,29.5,1000,2021-08-16 16:30:00,IMCR
29.589,29.67,29.2,29.26,2079,2021-08-16 16:40:00,IMCR
29.56,29.72,29.46,29.479,1000,2021-08-16 16:45:00,IMCR
29.49,29.54,29.49,29.49,400,2021-08-16 16:50:00,IMCR
29.54,29.54,29.34,29.395,3252,2021-08-16 16:55:00,IMCR
29.4,29.49,29.32,29.48,3380,2021-08-16 17:05:00,IMCR
29.395,29.395,29.395,29.395,100,2021-08-16 17:10:00,IMCR
29.395,29.705,29.395,29.69,1374,2021-08-16 17:15:00,IMCR
29.595,29.6,29.54,29.56,900,2021-08-16 17:20:00,IMCR
29.56,29.62,29.5574,29.56,871,2021-08-16 17:25:00,IMCR
29.56,29.56,29.56,29.56,200,2021-08-16 17:40:00,IMCR
29.62,29.62,29.56,29.62,300,2021-08-16 17:45:00,IMCR
29.56,29.62,29.56,29.56,900,2021-08-16 17:50:00,IMCR
29.56,29.56,29.51,29.51,1000,2021-08-16 18:00:00,IMCR
29.51,29.51,29.41,29.41,1100,2021-08-16 18:05:00,IMCR
29.505,29.505,29.505,29.505,100,2021-08-16 18:10:00,IMCR
29.41,29.45,29.4,29.45,1015,2021-08-16 18:15:00,IMCR
29.45,29.46,29.21,29.46,2292,2021-08-16 18:20:00,IMCR
29.375,29.46,29.32,29.385,767,2021-08-16 18:25:00,IMCR
29.385,29.451,29.385,29.385,300,2021-08-16 18:30:00,IMCR
29.385,29.45,29.32,29.33,1300,2021-08-16 18:35:00,IMCR
29.38,29.38,29.38,29.38,200,2021-08-16 18:40:00,IMCR
29.45,29.45,29.34,29.34,600,2021-08-16 18:45:00,IMCR
29.375,29.375,29.375,29.375,100,2021-08-16 18:50:00,IMCR
29.43,29.43,29.38,29.38,255,2021-08-16 19:00:00,IMCR
29.3,29.3,29.3,29.3,100,2021-08-16 19:10:00,IMCR
29.43,29.43,29.43,29.43,100,2021-08-16 19:15:00,IMCR
29.31,29.37,29.19,29.37,2381,2021-08-16 19:20:00,IMCR
29.21,29.325,29.21,29.21,600,2021-08-16 19:25:00,IMCR
29.315,29.3341,29.315,29.3341,697,2021-08-16 19:30:00,IMCR
29.18,29.44,29.18,29.44,300,2021-08-16 19:35:00,IMCR
29.28,29.32,29.27,29.27,400,2021-08-16 19:40:00,IMCR
29.22,29.27,29.22,29.27,400,2021-08-16 19:45:00,IMCR
29.22,29.265,29.1,29.1,2023,2021-08-16 19:50:00,IMCR
29.16,29.4,28.98,29.28,3918,2021-08-16 19:55:00,IMCR
29.4,29.4,29.4,29.4,5829,2021-08-16 20:00:00,IMCR
29.4,29.4,29.4,29.4,1129,2021-08-16 21:20:00,IMCR
28.11,28.11,28.11,28.11,200,2021-08-16 21:50:00,IMCR
29.07,29.56,29.0,29.05,6993,2021-08-17 13:30:00,IMCR
29.0,29.18,29.0,29.18,500,2021-08-17 13:35:00,IMCR
29.355,29.355,29.355,29.355,100,2021-08-17 13:50:00,IMCR
29.1,29.1,29.1,29.1,300,2021-08-17 13:55:00,IMCR
29.35,29.39,29.35,29.39,326,2021-08-17 14:00:00,IMCR
29.25,29.38,29.0,29.03,8525,2021-08-17 14:05:00,IMCR
29.19,29.2,29.19,29.2,400,2021-08-17 14:10:00,IMCR
29.38,29.38,29.38,29.38,200,2021-08-17 14:15:00,IMCR
29.68,29.68,29.415,29.415,300,2021-08-17 14:20:00,IMCR
29.4,29.4,29.4,29.4,807,2021-08-17 14:25:00,IMCR
29.485,29.485,29.485,29.485,200,2021-08-17 14:30:00,IMCR
29.69,29.7,29.69,29.7,300,2021-08-17 14:35:00,IMCR
29.8936,29.8936,29.73,29.73,424,2021-08-17 15:10:00,IMCR
29.85,30.03,29.85,30.025,1400,2021-08-17 15:15:00,IMCR
30.03,30.03,30.03,30.03,100,2021-08-17 15:20:00,IMCR
29.76,29.76,29.76,29.76,189,2021-08-17 15:25:00,IMCR
30.2,30.49,30.2,30.49,400,2021-08-17 15:30:00,IMCR
30.08,30.45,30.0,30.42,4663,2021-08-17 15:50:00,IMCR
30.205,30.205,30.205,30.205,300,2021-08-17 15:55:00,IMCR
30.2,30.2,30.0,30.075,2200,2021-08-17 16:00:00,IMCR
30.08,30.08,30.08,30.08,100,2021-08-17 16:05:00,IMCR
30.0,30.0,29.75,29.75,1300,2021-08-17 16:10:00,IMCR
29.95,30.1,29.88,29.89,1317,2021-08-17 16:30:00,IMCR
30.03,30.03,30.03,30.03,200,2021-08-17 16:35:00,IMCR
29.98,30.08,29.98,30.08,1100,2021-08-17 16:45:00,IMCR
30.36,30.36,30.36,30.36,100,2021-08-17 17:00:00,IMCR
30.18,30.18,30.18,30.18,178,2021-08-17 17:10:00,IMCR
30.53,30.53,30.53,30.53,300,2021-08-17 17:15:00,IMCR
29.81,30.16,29.81,30.16,500,2021-08-17 17:30:00,IMCR
30.0,30.35,30.0,30.35,307,2021-08-17 17:35:00,IMCR
30.12,30.12,30.12,30.12,100,2021-08-17 17:45:00,IMCR
30.11,30.4,30.11,30.4,200,2021-08-17 17:50:00,IMCR
30.35,30.35,30.0,30.0,800,2021-08-17 18:05:00,IMCR
30.0,30.0,29.94,29.945,1640,2021-08-17 18:10:00,IMCR
29.945,30.0,29.945,30.0,600,2021-08-17 18:15:00,IMCR
30.0,30.25,30.0,30.25,200,2021-08-17 18:25:00,IMCR
30.25,30.25,30.057,30.057,664,2021-08-17 18:30:00,IMCR
30.3995,30.44,30.175,30.44,1300,2021-08-17 18:35:00,IMCR
30.05,30.15,29.99,30.045,4815,2021-08-17 18:40:00,IMCR
30.045,30.045,30.045,30.045,200,2021-08-17 18:45:00,IMCR
30.05,30.16,29.975,30.085,2368,2021-08-17 18:50:00,IMCR
30.16,30.17,30.08,30.08,500,2021-08-17 18:55:00,IMCR
30.15,30.15,30.05,30.08,1457,2021-08-17 19:00:00,IMCR
30.25,30.25,30.25,30.25,100,2021-08-17 19:05:00,IMCR
30.1,30.105,30.01,30.105,2371,2021-08-17 19:10:00,IMCR
30.135,30.135,30.04,30.09,500,2021-08-17 19:15:00,IMCR
30.25,30.25,30.0,30.12,884,2021-08-17 19:20:00,IMCR
30.125,30.125,30.125,30.125,100,2021-08-17 19:25:00,IMCR
30.12,30.12,30.0,30.0,1200,2021-08-17 19:30:00,IMCR
30.125,30.14,30.02,30.02,958,2021-08-17 19:35:00,IMCR
29.98,30.125,29.98,30.125,2285,2021-08-17 19:40:00,IMCR
30.0,30.17,29.99,30.0,4000,2021-08-17 19:45:00,IMCR
30.12,30.36,29.95,30.195,1700,2021-08-17 19:50:00,IMCR
30.05,30.24,29.73,29.85,7790,2021-08-17 19:55:00,IMCR
30.07,30.07,30.07,30.07,6219,2021-08-17 20:00:00,IMCR
30.11,30.11,30.0,30.0,237,2021-08-18 13:30:00,IMCR
30.37,30.37,30.37,30.37,100,2021-08-18 13:55:00,IMCR
30.15,30.15,30.15,30.15,334,2021-08-18 14:00:00,IMCR
29.92,31.07,29.81,30.24,10433,2021-08-18 14:05:00,IMCR
30.07,30.62,30.01,30.62,2700,2021-08-18 14:10:00,IMCR
30.04,30.495,29.88,29.9,4100,2021-08-18 14:15:00,IMCR
29.9,30.0377,29.9,30.0377,200,2021-08-18 14:25:00,IMCR
30.19,30.19,30.0,30.0,200,2021-08-18 14:30:00,IMCR
30.05,30.05,30.0,30.05,1200,2021-08-18 14:45:00,IMCR
30.0,30.0,29.96,29.96,1100,2021-08-18 14:55:00,IMCR
30.0,30.0175,29.815,29.815,1781,2021-08-18 15:00:00,IMCR
30.0,30.0,30.0,30.0,200,2021-08-18 15:05:00,IMCR
29.95,30.16,29.885,30.16,1000,2021-08-18 15:10:00,IMCR
30.16,30.16,30.16,30.16,100,2021-08-18 15:20:00,IMCR
30.0,30.16,30.0,30.08,1400,2021-08-18 15:25:00,IMCR
30.03,30.16,29.95,29.98,2265,2021-08-18 15:35:00,IMCR
29.85,30.15,29.85,30.15,1300,2021-08-18 15:50:00,IMCR
30.025,30.08,30.0,30.025,1100,2021-08-18 15:55:00,IMCR
30.0,30.0,30.0,30.0,300,2021-08-18 16:05:00,IMCR
30.0,30.295,29.9,29.9,3186,2021-08-18 16:10:00,IMCR
29.95,30.36,29.9,30.24,4025,2021-08-18 16:15:00,IMCR
30.24,30.24,30.24,30.24,100,2021-08-18 16:20:00,IMCR
30.0,30.01,29.98,29.98,600,2021-08-18 16:25:00,IMCR
30.0,30.29,29.938,29.97,4308,2021-08-18 16:30:00,IMCR
29.99,30.01,29.99,30.0,400,2021-08-18 16:35:00,IMCR
30.0,30.08,29.911,29.95,1000,2021-08-18 16:40:00,IMCR
30.0,30.0,30.0,30.0,1100,2021-08-18 16:45:00,IMCR
30.0,30.0,29.8,29.8,3896,2021-08-18 16:50:00,IMCR
29.87,29.99,29.87,29.895,500,2021-08-18 16:55:00,IMCR
30.0,30.0,29.8,29.8,200,2021-08-18 17:10:00,IMCR
30.0,30.04,29.81,29.9406,1360,2021-08-18 17:15:00,IMCR
29.81,30.0,29.81,30.0,500,2021-08-18 17:20:00,IMCR
30.0,30.145,29.9,30.125,4810,2021-08-18 17:30:00,IMCR
30.0,30.05,29.93,30.05,507,2021-08-18 17:35:00,IMCR
29.995,30.01,29.995,30.01,300,2021-08-18 17:40:00,IMCR
29.98,30.0,29.955,29.995,1501,2021-08-18 17:50:00,IMCR
29.95,29.95,29.95,29.95,819,2021-08-18 17:55:00,IMCR
30.0,30.0,29.98,30.0,1604,2021-08-18 18:00:00,IMCR
29.985,30.05,29.985,30.0,1004,2021-08-18 18:05:00,IMCR
29.99,29.99,29.95,29.99,1300,2021-08-18 18:10:00,IMCR
29.99,30.05,29.99,29.99,700,2021-08-18 18:15:00,IMCR
30.0,30.07,29.93,30.07,2400,2021-08-18 18:25:00,IMCR
30.05,30.21,29.97,30.0,6201,2021-08-18 18:30:00,IMCR
30.0,30.335,29.95,30.0,1400,2021-08-18 18:35:00,IMCR
30.0,30.2,29.99,30.05,1604,2021-08-18 18:40:00,IMCR
30.0,30.0,29.9,29.9,400,2021-08-18 18:45:00,IMCR
30.61,30.61,29.9,30.055,2800,2021-08-18 18:50:00,IMCR
30.285,30.285,29.92,29.92,200,2021-08-18 18:55:00,IMCR
29.97,29.97,29.97,29.97,100,2021-08-18 19:00:00,IMCR
29.97,30.25,29.9,30.18,751,2021-08-18 19:05:00,IMCR
29.97,30.185,29.93,30.185,800,2021-08-18 19:15:00,IMCR
29.89,29.98,29.87,29.97,1500,2021-08-18 19:20:00,IMCR
30.0,30.0,29.865,29.865,200,2021-08-18 19:25:00,IMCR
30.0,30.05,29.935,29.935,400,2021-08-18 19:30:00,IMCR
29.95,29.95,29.95,29.95,200,2021-08-18 19:35:00,IMCR
29.95,29.95,29.95,29.95,2100,2021-08-18 19:40:00,IMCR
29.9,29.95,29.85,29.93,3100,2021-08-18 19:45:00,IMCR
29.91,29.935,29.81,29.92,929,2021-08-18 19:50:00,IMCR
29.73,29.9,29.66,29.9,2777,2021-08-18 19:55:00,IMCR
29.9,29.9,29.9,29.9,184,2021-08-18 20:00:00,IMCR
29.6,29.96,29.6,29.96,238,2021-08-19 13:30:00,IMCR
29.6,29.6,29.376,29.376,810,2021-08-19 13:35:00,IMCR
29.52,29.52,29.52,29.52,100,2021-08-19 13:40:00,IMCR
29.84,29.84,29.28,29.28,700,2021-08-19 13:45:00,IMCR
29.3,29.3,29.3,29.3,100,2021-08-19 13:50:00,IMCR
29.18,29.18,28.99,29.09,3385,2021-08-19 13:55:00,IMCR
28.99,29.16,28.89,28.89,2800,2021-08-19 14:00:00,IMCR
28.99,28.99,28.99,28.99,100,2021-08-19 14:05:00,IMCR
28.7035,28.98,28.095,28.095,1616,2021-08-19 14:10:00,IMCR
28.35,28.63,28.25,28.41,5500,2021-08-19 14:15:00,IMCR
28.41,28.82,28.41,28.82,600,2021-08-19 14:20:00,IMCR
28.735,28.735,28.335,28.335,200,2021-08-19 14:25:00,IMCR
28.36,28.56,28.1,28.4318,1501,2021-08-19 14:35:00,IMCR
27.995,27.995,27.995,27.995,200,2021-08-19 14:40:00,IMCR
28.29,28.29,28.1,28.1,674,2021-08-19 14:45:00,IMCR
28.2615,28.2615,28.2615,28.2615,100,2021-08-19 14:50:00,IMCR
28.1629,28.52,28.0,28.52,500,2021-08-19 14:55:00,IMCR
28.18,28.18,28.18,28.18,100,2021-08-19 15:00:00,IMCR
28.185,28.185,28.185,28.185,100,2021-08-19 15:05:00,IMCR
28.53,28.53,28.215,28.215,400,2021-08-19 15:10:00,IMCR
28.492,28.52,28.2575,28.2575,683,2021-08-19 15:15:00,IMCR
28.24,28.375,28.22,28.375,500,2021-08-19 15:20:00,IMCR
28.22,28.22,28.2,28.2,273,2021-08-19 15:25:00,IMCR
28.205,28.205,28.07,28.07,300,2021-08-19 15:30:00,IMCR
28.2982,28.3,28.2982,28.3,218,2021-08-19 15:40:00,IMCR
28.3,28.3,28.3,28.3,100,2021-08-19 15:45:00,IMCR
28.085,28.085,28.08,28.08,300,2021-08-19 15:50:00,IMCR
28.07,28.49,28.07,28.49,1879,2021-08-19 15:55:00,IMCR
28.65,28.65,28.65,28.65,100,2021-08-19 16:00:00,IMCR
28.495,28.495,28.495,28.495,100,2021-08-19 16:10:00,IMCR
28.325,28.325,28.3,28.3,200,2021-08-19 16:15:00,IMCR
28.61,28.61,28.61,28.61,100,2021-08-19 16:25:00,IMCR
28.3,28.61,28.3,28.57,602,2021-08-19 16:35:00,IMCR
28.57,28.6,28.3,28.6,400,2021-08-19 16:50:00,IMCR
28.315,28.59,28.31,28.59,300,2021-08-19 17:00:00,IMCR
28.445,28.59,28.445,28.59,200,2021-08-19 17:05:00,IMCR
28.58,28.59,28.58,28.59,200,2021-08-19 17:10:00,IMCR
28.79,28.79,28.35,28.65,400,2021-08-19 17:25:00,IMCR
28.36,28.36,28.34,28.34,200,2021-08-19 17:35:00,IMCR
28.65,28.65,28.65,28.65,100,2021-08-19 17:40:00,IMCR
28.64,28.67,28.365,28.365,400,2021-08-19 17:55:00,IMCR
28.66,28.66,28.3686,28.57,730,2021-08-19 18:00:00,IMCR
28.57,28.57,28.57,28.57,100,2021-08-19 18:05:00,IMCR
28.37,28.37,28.3,28.3325,1200,2021-08-19 18:10:00,IMCR
28.49,28.49,28.11,28.11,300,2021-08-19 18:15:00,IMCR
28.2075,28.2075,28.2075,28.2075,100,2021-08-19 18:20:00,IMCR
28.2075,28.2075,28.2075,28.2075,100,2021-08-19 18:25:00,IMCR
28.205,28.38,28.205,28.38,273,2021-08-19 18:30:00,IMCR
28.2075,28.38,28.2075,28.38,200,2021-08-19 18:35:00,IMCR
28.38,28.4,28.31,28.38,3249,2021-08-19 18:40:00,IMCR
28.375,28.3875,28.375,28.3875,200,2021-08-19 18:50:00,IMCR
28.6128,28.6128,28.6128,28.6128,119,2021-08-19 18:55:00,IMCR
28.64,28.655,28.38,28.655,300,2021-08-19 19:00:00,IMCR
28.3575,28.3775,28.3575,28.3775,200,2021-08-19 19:05:00,IMCR
28.5386,28.5386,28.225,28.305,495,2021-08-19 19:15:00,IMCR
28.24,28.51,28.24,28.51,200,2021-08-19 19:20:00,IMCR
28.29,28.29,28.29,28.29,100,2021-08-19 19:25:00,IMCR
28.24,28.24,28.24,28.24,100,2021-08-19 19:30:00,IMCR
28.35,28.35,28.05,28.05,389,2021-08-19 19:35:00,IMCR
28.19,28.19,28.0,28.0,2414,2021-08-19 19:40:00,IMCR
28.07,28.075,28.0,28.075,600,2021-08-19 19:45:00,IMCR
28.14,28.14,28.0,28.05,2200,2021-08-19 19:50:00,IMCR
28.005,28.15,28.0,28.01,7959,2021-08-19 19:55:00,IMCR
28.0,28.0,28.0,28.0,420,2021-08-19 20:00:00,IMCR
28.21,28.21,27.81,27.81,1416,2021-08-20 13:30:00,IMCR
27.83,27.99,27.83,27.99,2392,2021-08-20 13:35:00,IMCR
27.99,27.99,27.99,27.99,400,2021-08-20 13:40:00,IMCR
28.6609,28.6609,28.525,28.525,500,2021-08-20 14:05:00,IMCR
28.8,29.0,28.8,29.0,474,2021-08-20 14:20:00,IMCR
28.1549,28.1549,28.1549,28.1549,685,2021-08-20 14:40:00,IMCR
28.99,28.99,28.99,28.99,100,2021-08-20 14:45:00,IMCR
28.99,28.99,28.99,28.99,655,2021-08-20 15:10:00,IMCR
28.72,28.72,28.63,28.72,400,2021-08-20 15:20:00,IMCR
29.0,29.0,29.0,29.0,200,2021-08-20 15:25:00,IMCR
28.67,28.67,28.67,28.67,318,2021-08-20 15:35:00,IMCR
28.5,28.5,28.5,28.5,195,2021-08-20 15:40:00,IMCR
28.52,28.52,28.52,28.52,250,2021-08-20 15:50:00,IMCR
28.5578,28.5578,28.52,28.52,250,2021-08-20 15:55:00,IMCR
29.24,29.24,29.24,29.24,100,2021-08-20 16:20:00,IMCR
28.81,28.81,28.695,28.695,234,2021-08-20 16:30:00,IMCR
28.5,28.5,28.46,28.46,685,2021-08-20 17:15:00,IMCR
28.5,28.5,28.39,28.39,209,2021-08-20 17:20:00,IMCR
28.21,28.7,28.21,28.7,300,2021-08-20 17:25:00,IMCR
28.35,28.42,28.35,28.42,516,2021-08-20 17:45:00,IMCR
28.24,28.46,28.24,28.26,2600,2021-08-20 18:10:00,IMCR
28.15,28.16,28.095,28.11,1168,2021-08-20 18:30:00,IMCR
28.05,28.235,28.0,28.05,4910,2021-08-20 19:00:00,IMCR
28.05,28.05,27.995,27.995,500,2021-08-20 19:05:00,IMCR
28.05,28.31,27.9,28.31,1300,2021-08-20 19:20:00,IMCR
27.99,28.08,27.99,28.08,262,2021-08-20 19:30:00,IMCR
27.93,28.07,27.9,28.07,2400,2021-08-20 19:35:00,IMCR
27.995,28.06,27.985,28.0,1035,2021-08-20 19:40:00,IMCR
28.05,28.05,27.99,27.99,597,2021-08-20 19:45:00,IMCR
28.05,28.06,28.0,28.05,800,2021-08-20 19:50:00,IMCR
28.05,28.05,27.97,27.97,2131,2021-08-20 19:55:00,IMCR
27.98,27.98,27.98,27.98,234,2021-08-20 20:00:00,IMCR
27.98,27.98,27.88,27.98,1729,2021-08-23 13:30:00,IMCR
28.26,28.37,27.77,28.37,10275,2021-08-23 13:50:00,IMCR
28.37,28.37,28.37,28.37,100,2021-08-23 13:55:00,IMCR
28.74,28.75,28.17,28.19,10006,2021-08-23 14:00:00,IMCR
28.85,28.85,28.85,28.85,100,2021-08-23 14:20:00,IMCR
28.51,29.1,28.49,28.49,1400,2021-08-23 14:30:00,IMCR
28.5,28.86,28.5,28.5,3752,2021-08-23 15:20:00,IMCR
28.5,28.97,28.46,28.5,800,2021-08-23 15:25:00,IMCR
28.5,28.785,28.46,28.5,4254,2021-08-23 15:30:00,IMCR
28.5,28.5,28.5,28.5,200,2021-08-23 15:35:00,IMCR
28.5,28.795,28.45,28.5,2600,2021-08-23 15:40:00,IMCR
28.545,28.545,28.545,28.545,100,2021-08-23 15:45:00,IMCR
28.51,29.08,28.44,28.44,1800,2021-08-23 15:50:00,IMCR
28.5,28.785,28.5,28.5,1800,2021-08-23 15:55:00,IMCR
28.55,29.07,28.5,28.86,2900,2021-08-23 16:00:00,IMCR
28.505,28.65,28.5,28.5,600,2021-08-23 16:05:00,IMCR
29.06,29.06,28.5,28.57,400,2021-08-23 16:10:00,IMCR
28.56,28.745,28.49,28.49,3400,2021-08-23 16:15:00,IMCR
28.53,28.74,28.5,28.54,700,2021-08-23 16:20:00,IMCR
28.5,28.75,28.43,28.75,800,2021-08-23 16:25:00,IMCR
28.5,28.685,28.45,28.5,700,2021-08-23 16:30:00,IMCR
28.51,28.54,28.5,28.54,400,2021-08-23 16:35:00,IMCR
28.49,28.89,28.49,28.49,2200,2021-08-23 16:40:00,IMCR
28.43,28.43,28.43,28.43,300,2021-08-23 16:45:00,IMCR
28.45,28.45,28.45,28.45,122,2021-08-23 16:50:00,IMCR
28.565,28.565,28.48,28.48,400,2021-08-23 16:55:00,IMCR
28.51,28.81,28.35,28.53,3501,2021-08-23 17:00:00,IMCR
28.61,28.9956,28.61,28.945,3199,2021-08-23 17:05:00,IMCR
29.0,29.48,28.9,29.0,4130,2021-08-23 17:10:00,IMCR
28.9,29.23,28.9,29.02,1100,2021-08-23 17:15:00,IMCR
29.0,29.5,29.0,29.22,11434,2021-08-23 17:20:00,IMCR
29.25,29.5,29.25,29.495,1658,2021-08-23 17:25:00,IMCR
29.5,29.5,29.5,29.5,110,2021-08-23 17:30:00,IMCR
29.5592,29.7,29.14,29.14,991,2021-08-23 17:35:00,IMCR
29.06,29.06,29.06,29.06,100,2021-08-23 17:40:00,IMCR
29.42,29.7,29.2,29.7,400,2021-08-23 17:45:00,IMCR
29.64,29.7,29.28,29.3,600,2021-08-23 17:50:00,IMCR
29.24,29.7,29.24,29.31,400,2021-08-23 17:55:00,IMCR
29.7,29.7,29.24,29.41,2286,2021-08-23 18:00:00,IMCR
29.47,29.7,29.43,29.7,600,2021-08-23 18:05:00,IMCR
29.35,29.7,29.35,29.7,415,2021-08-23 18:10:00,IMCR
29.53,29.7,29.5,29.585,600,2021-08-23 18:15:00,IMCR
29.53,29.7,29.53,29.53,300,2021-08-23 18:20:00,IMCR
29.47,29.47,29.47,29.47,100,2021-08-23 18:25:00,IMCR
29.48,29.58,29.27,29.28,3100,2021-08-23 18:30:00,IMCR
29.485,29.69,29.2,29.2096,900,2021-08-23 18:35:00,IMCR
29.28,29.28,29.27,29.27,200,2021-08-23 18:40:00,IMCR
29.23,29.31,29.23,29.3,400,2021-08-23 18:45:00,IMCR
29.4,29.4,29.4,29.4,100,2021-08-23 18:50:00,IMCR
29.5,29.5,29.5,29.5,100,2021-08-23 18:55:00,IMCR
29.5,29.5,29.5,29.5,100,2021-08-23 19:00:00,IMCR
29.14,29.7,29.14,29.285,800,2021-08-23 19:05:00,IMCR
29.41,29.41,29.01,29.15,3411,2021-08-23 19:10:00,IMCR
29.12,29.1256,29.0,29.015,1579,2021-08-23 19:15:00,IMCR
29.0,29.1,29.0,29.09,3500,2021-08-23 19:20:00,IMCR
29.22,29.235,29.22,29.235,863,2021-08-23 19:25:00,IMCR
29.235,29.36,29.1,29.11,2383,2021-08-23 19:30:00,IMCR
29.235,29.235,29.235,29.235,100,2021-08-23 19:35:00,IMCR
29.13,29.21,29.05,29.05,1100,2021-08-23 19:40:00,IMCR
29.05,29.05,29.05,29.05,100,2021-08-23 19:45:00,IMCR
29.08,29.23,29.03,29.09,3998,2021-08-23 19:50:00,IMCR
29.11,29.28,28.95,29.1,5008,2021-08-23 19:55:00,IMCR
29.05,29.05,29.05,29.05,805,2021-08-23 20:00:00,IMCR
31.49,31.49,31.49,31.49,245,2021-08-24 11:05:00,IMCR
31.2,31.2,31.1,31.1,257,2021-08-24 12:35:00,IMCR
29.0,29.98,28.99,29.98,2609,2021-08-24 13:30:00,IMCR
29.7964,29.7964,29.0,29.275,4335,2021-08-24 13:35:00,IMCR
29.92,29.92,29.2,29.4406,400,2021-08-24 13:40:00,IMCR
29.4,29.96,29.4,29.73,5425,2021-08-24 13:45:00,IMCR
29.5,29.92,29.5,29.5,1100,2021-08-24 13:50:00,IMCR
29.53,29.6,29.5,29.5,1100,2021-08-24 13:55:00,IMCR
29.5,29.755,29.5,29.54,2883,2021-08-24 14:00:00,IMCR
29.51,29.84,29.5,29.5,1200,2021-08-24 14:05:00,IMCR
29.5,29.99,29.5,29.5,1200,2021-08-24 14:10:00,IMCR
29.5,30.4,29.5,29.99,3324,2021-08-24 14:15:00,IMCR
29.99,30.58,29.99,30.0,2313,2021-08-24 14:20:00,IMCR
29.84,29.9,29.8,29.8,1000,2021-08-24 14:25:00,IMCR
30.48,30.5,30.385,30.385,400,2021-08-24 14:35:00,IMCR
30.73,30.73,30.73,30.73,100,2021-08-24 14:40:00,IMCR
30.72,30.85,30.175,30.7575,9414,2021-08-24 14:45:00,IMCR
30.685,30.71,30.685,30.71,800,2021-08-24 14:50:00,IMCR
30.7,30.7,30.7,30.7,100,2021-08-24 14:55:00,IMCR
30.7,30.7,30.65,30.65,200,2021-08-24 15:00:00,IMCR
30.8,30.85,30.61,30.77,2109,2021-08-24 15:05:00,IMCR
30.77,30.85,30.77,30.85,1164,2021-08-24 15:10:00,IMCR
30.85,30.85,30.81,30.81,1100,2021-08-24 15:15:00,IMCR
30.77,30.81,30.74,30.74,828,2021-08-24 15:20:00,IMCR
30.74,31.23,30.74,31.14,4862,2021-08-24 15:25:00,IMCR
31.16,31.25,31.1295,31.175,1000,2021-08-24 15:30:00,IMCR
31.175,31.175,31.175,31.175,300,2021-08-24 15:35:00,IMCR
31.175,31.25,31.175,31.175,2057,2021-08-24 15:40:00,IMCR
31.175,31.25,31.175,31.175,700,2021-08-24 15:45:00,IMCR
31.18,31.19,31.18,31.18,400,2021-08-24 15:50:00,IMCR
31.18,31.25,31.18,31.18,1057,2021-08-24 15:55:00,IMCR
31.19,31.19,31.19,31.19,100,2021-08-24 16:00:00,IMCR
31.2,31.2309,31.19,31.19,1700,2021-08-24 16:05:00,IMCR
31.25,31.25,31.19,31.19,2068,2021-08-24 16:10:00,IMCR
31.19,31.19,31.19,31.19,200,2021-08-24 16:15:00,IMCR
31.14,31.25,31.12,31.25,6000,2021-08-24 16:20:00,IMCR
31.185,31.25,31.12,31.185,5788,2021-08-24 16:25:00,IMCR
31.23,31.25,31.185,31.185,1449,2021-08-24 16:30:00,IMCR
31.23,31.24,31.14,31.185,1440,2021-08-24 16:35:00,IMCR
31.185,31.25,31.185,31.185,800,2021-08-24 16:40:00,IMCR
31.25,31.25,31.185,31.2,2103,2021-08-24 16:45:00,IMCR
31.19,31.25,31.19,31.23,5408,2021-08-24 16:50:00,IMCR
31.195,31.86,31.195,31.64,1400,2021-08-24 16:55:00,IMCR
31.6,31.76,31.6,31.635,1000,2021-08-24 17:00:00,IMCR
31.635,31.71,31.5,31.635,8703,2021-08-24 17:05:00,IMCR
31.635,31.635,31.635,31.635,100,2021-08-24 17:10:00,IMCR
31.72,31.785,31.57,31.785,1170,2021-08-24 17:15:00,IMCR
31.57,31.58,31.57,31.57,300,2021-08-24 17:20:00,IMCR
31.57,31.8,31.57,31.785,400,2021-08-24 17:25:00,IMCR
31.78,31.785,31.7,31.785,2136,2021-08-24 17:30:00,IMCR
31.785,31.785,31.73,31.76,580,2021-08-24 17:35:00,IMCR
31.72,31.76,31.72,31.76,200,2021-08-24 17:40:00,IMCR
31.79,31.79,31.67,31.67,1680,2021-08-24 17:45:00,IMCR
31.66,31.7999,31.66,31.7999,200,2021-08-24 17:50:00,IMCR
31.725,31.725,31.725,31.725,100,2021-08-24 17:55:00,IMCR
31.705,31.8,31.62,31.705,3000,2021-08-24 18:00:00,IMCR
31.75,31.75,31.705,31.75,1673,2021-08-24 18:05:00,IMCR
31.75,31.8,31.63,31.71,3479,2021-08-24 18:10:00,IMCR
31.71,31.71,31.71,31.71,300,2021-08-24 18:15:00,IMCR
31.71,31.71,31.62,31.62,576,2021-08-24 18:20:00,IMCR
31.68,31.72,31.68,31.72,200,2021-08-24 18:25:00,IMCR
31.685,31.685,31.685,31.685,200,2021-08-24 18:30:00,IMCR
31.62,31.62,31.59,31.615,500,2021-08-24 18:35:00,IMCR
31.51,31.75,31.5,31.75,3684,2021-08-24 18:40:00,IMCR
31.37,31.56,31.37,31.56,300,2021-08-24 18:45:00,IMCR
31.705,31.705,31.565,31.565,300,2021-08-24 18:50:00,IMCR
31.38,31.565,31.38,31.565,300,2021-08-24 19:00:00,IMCR
31.57,31.72,31.52,31.645,1764,2021-08-24 19:05:00,IMCR
31.66,31.7,31.65,31.65,1100,2021-08-24 19:10:00,IMCR
31.7,31.7,31.625,31.67,580,2021-08-24 19:15:00,IMCR
31.59,31.68,31.54,31.59,820,2021-08-24 19:20:00,IMCR
31.565,31.7463,31.415,31.585,700,2021-08-24 19:25:00,IMCR
31.585,31.585,31.51,31.51,1371,2021-08-24 19:30:00,IMCR
31.52,31.75,31.51,31.51,1400,2021-08-24 19:35:00,IMCR
31.585,31.67,31.44,31.585,700,2021-08-24 19:40:00,IMCR
31.585,31.75,31.44,31.595,1180,2021-08-24 19:45:00,IMCR
31.75,31.75,31.495,31.595,3984,2021-08-24 19:50:00,IMCR
31.595,31.71,31.44,31.44,4566,2021-08-24 19:55:00,IMCR
31.49,31.49,31.49,31.49,781,2021-08-24 20:00:00,IMCR
31.47,31.47,30.985,31.1,1222,2021-08-25 13:30:00,IMCR
31.12,31.12,31.12,31.12,100,2021-08-25 13:35:00,IMCR
30.985,31.8227,30.985,31.8227,633,2021-08-25 13:40:00,IMCR
31.5,31.5,31.5,31.5,200,2021-08-25 13:45:00,IMCR
31.33,31.33,31.33,31.33,100,2021-08-25 13:50:00,IMCR
31.51,31.51,31.15,31.15,458,2021-08-25 13:55:00,IMCR
31.51,31.82,31.15,31.82,2988,2021-08-25 14:00:00,IMCR
31.515,31.515,31.16,31.495,5550,2021-08-25 14:05:00,IMCR
31.3501,31.3501,31.3501,31.3501,100,2021-08-25 14:15:00,IMCR
31.52,31.65,31.505,31.505,1000,2021-08-25 14:30:00,IMCR
31.505,31.505,31.505,31.505,100,2021-08-25 14:40:00,IMCR
31.35,31.35,31.35,31.35,100,2021-08-25 14:45:00,IMCR
31.26,31.64,31.02,31.03,2516,2021-08-25 14:50:00,IMCR
31.125,31.17,30.56,31.17,42528,2021-08-25 14:55:00,IMCR
31.17,31.17,30.7542,30.96,3156,2021-08-25 15:00:00,IMCR
30.96,30.96,30.8,30.96,1300,2021-08-25 15:05:00,IMCR
30.96,31.0405,30.96,30.96,1600,2021-08-25 15:10:00,IMCR
30.96,31.17,30.96,30.965,2400,2021-08-25 15:15:00,IMCR
30.965,31.16,30.965,31.16,1382,2021-08-25 15:20:00,IMCR
31.16,31.16,31.005,31.005,1500,2021-08-25 15:25:00,IMCR
31.005,31.15,31.0,31.0,1300,2021-08-25 15:30:00,IMCR
31.15,31.15,31.0,31.0,4634,2021-08-25 15:35:00,IMCR
30.94,31.07,30.93,31.0,1924,2021-08-25 15:40:00,IMCR
31.0,31.11,30.93,30.93,2107,2021-08-25 15:45:00,IMCR
30.93,31.1099,30.93,30.96,1000,2021-08-25 15:50:00,IMCR
30.955,31.095,30.84,30.84,1400,2021-08-25 15:55:00,IMCR
30.995,30.995,30.995,30.995,1400,2021-08-25 16:00:00,IMCR
30.995,31.045,30.885,30.89,1700,2021-08-25 16:05:00,IMCR
30.89,30.95,30.89,30.89,1000,2021-08-25 16:10:00,IMCR
30.89,31.02,30.81,30.89,2284,2021-08-25 16:15:00,IMCR
30.95,30.95,30.855,30.9,3300,2021-08-25 16:20:00,IMCR
30.95,30.95,30.84,30.935,3500,2021-08-25 16:25:00,IMCR
30.935,30.935,30.855,30.855,600,2021-08-25 16:30:00,IMCR
30.9,30.9,30.835,30.835,1100,2021-08-25 16:35:00,IMCR
30.925,31.0,30.84,30.915,3649,2021-08-25 16:40:00,IMCR
30.915,31.05,30.88,31.05,3362,2021-08-25 16:45:00,IMCR
30.94,31.0,30.84,30.92,3299,2021-08-25 16:50:00,IMCR
30.93,31.0875,30.93,31.0,500,2021-08-25 16:55:00,IMCR
30.92,31.46,30.92,30.95,3602,2021-08-25 17:00:00,IMCR
30.85,31.0,30.85,30.88,4600,2021-08-25 17:05:00,IMCR
30.895,31.0,30.86,31.0,6964,2021-08-25 17:10:00,IMCR
30.945,30.95,30.9,30.95,1000,2021-08-25 17:15:00,IMCR
30.95,31.0,30.845,30.96,3990,2021-08-25 17:20:00,IMCR
30.95,30.95,30.855,30.855,4261,2021-08-25 17:25:00,IMCR
30.855,30.94,30.855,30.94,1900,2021-08-25 17:30:00,IMCR
30.94,31.0,30.93,30.94,1648,2021-08-25 17:35:00,IMCR
30.94,30.94,30.94,30.94,900,2021-08-25 17:40:00,IMCR
30.94,30.95,30.855,30.9,3989,2021-08-25 17:45:00,IMCR
30.9,30.95,30.9,30.94,1000,2021-08-25 17:50:00,IMCR
30.94,30.94,30.855,30.925,1800,2021-08-25 17:55:00,IMCR
30.925,30.94,30.875,30.93,1800,2021-08-25 18:00:00,IMCR
30.93,31.0,30.855,30.935,5800,2021-08-25 18:05:00,IMCR
30.93,30.93,30.845,30.92,3050,2021-08-25 18:10:00,IMCR
30.925,30.925,30.875,30.925,1000,2021-08-25 18:15:00,IMCR
30.925,30.94,30.925,30.925,900,2021-08-25 18:20:00,IMCR
30.925,30.945,30.855,30.925,4000,2021-08-25 18:25:00,IMCR
30.925,30.93,30.85,30.9,1800,2021-08-25 18:30:00,IMCR
30.91,30.9999,30.855,30.92,4322,2021-08-25 18:35:00,IMCR
30.92,30.92,30.91,30.92,1000,2021-08-25 18:40:00,IMCR
30.9,30.925,30.9,30.925,900,2021-08-25 18:45:00,IMCR
30.925,30.9625,30.86,30.86,24023,2021-08-25 18:50:00,IMCR
30.88,30.9385,30.825,30.875,4641,2021-08-25 18:55:00,IMCR
30.915,31.0,30.915,31.0,800,2021-08-25 19:00:00,IMCR
30.84,30.84,30.84,30.84,100,2021-08-25 19:10:00,IMCR
30.84,31.0,30.775,30.9,2986,2021-08-25 19:20:00,IMCR
30.85,31.0,30.85,30.85,3694,2021-08-25 19:25:00,IMCR
30.925,30.925,30.85,30.925,2171,2021-08-25 19:30:00,IMCR
30.925,30.925,30.925,30.925,100,2021-08-25 19:35:00,IMCR
30.86,30.865,30.85,30.85,809,2021-08-25 19:40:00,IMCR
30.89,30.89,30.8,30.8,500,2021-08-25 19:45:00,IMCR
30.97,30.97,30.81,30.81,400,2021-08-25 19:50:00,IMCR
30.97,30.97,30.46,30.46,7642,2021-08-25 19:55:00,IMCR
30.5,30.5,30.5,30.5,305,2021-08-25 20:00:00,IMCR
29.4,29.4,29.4,29.4,125,2021-08-25 20:15:00,IMCR
30.66,30.66,30.66,30.66,174,2021-08-26 13:30:00,IMCR
30.7543,30.7543,30.7543,30.7543,300,2021-08-26 13:40:00,IMCR
30.835,30.835,30.835,30.835,100,2021-08-26 13:55:00,IMCR
30.6,30.66,30.57,30.57,400,2021-08-26 14:00:00,IMCR
30.57,30.83,30.57,30.57,500,2021-08-26 14:05:00,IMCR
30.82,30.82,30.46,30.46,300,2021-08-26 14:10:00,IMCR
30.8,30.8,30.46,30.535,500,2021-08-26 14:15:00,IMCR
30.49,30.49,30.46,30.46,200,2021-08-26 14:20:00,IMCR
30.725,30.725,30.725,30.725,100,2021-08-26 14:25:00,IMCR
30.735,30.735,30.46,30.4838,300,2021-08-26 14:30:00,IMCR
30.735,30.735,30.21,30.21,400,2021-08-26 14:40:00,IMCR
30.39,30.455,30.39,30.455,200,2021-08-26 14:45:00,IMCR
30.4,30.63,30.23,30.47,12655,2021-08-26 14:50:00,IMCR
30.395,30.48,30.23,30.34,1200,2021-08-26 14:55:00,IMCR
30.24,30.25,30.02,30.24,25108,2021-08-26 15:00:00,IMCR
30.26,30.42,30.215,30.215,13200,2021-08-26 15:05:00,IMCR
30.23,30.35,30.215,30.35,1200,2021-08-26 15:10:00,IMCR
30.25,30.25,30.25,30.25,300,2021-08-26 15:15:00,IMCR
30.41,30.85,30.195,30.85,1679,2021-08-26 15:20:00,IMCR
30.23,30.24,30.22,30.22,300,2021-08-26 15:25:00,IMCR
30.235,30.64,30.235,30.355,3148,2021-08-26 15:30:00,IMCR
30.25,30.335,30.23,30.33,1100,2021-08-26 15:35:00,IMCR
30.25,30.25,30.25,30.25,100,2021-08-26 15:45:00,IMCR
30.45,30.45,30.24,30.24,600,2021-08-26 15:50:00,IMCR
30.33,30.625,30.23,30.4,3400,2021-08-26 16:00:00,IMCR
30.3298,30.5,30.25,30.31,900,2021-08-26 16:05:00,IMCR
30.28,30.28,30.28,30.28,100,2021-08-26 16:20:00,IMCR
30.34,30.34,30.34,30.34,100,2021-08-26 16:25:00,IMCR
30.25,30.4368,30.25,30.4368,300,2021-08-26 16:35:00,IMCR
30.43,30.46,30.29,30.46,1935,2021-08-26 16:55:00,IMCR
30.41,30.775,30.41,30.775,300,2021-08-26 17:00:00,IMCR
30.5,30.55,30.5,30.5,1081,2021-08-26 17:05:00,IMCR
30.57,31.16,30.5,30.83,1800,2021-08-26 17:10:00,IMCR
30.53,30.53,30.53,30.53,100,2021-08-26 17:15:00,IMCR
30.47,30.525,30.47,30.525,200,2021-08-26 17:20:00,IMCR
30.21,30.21,30.21,30.21,100,2021-08-26 17:30:00,IMCR
30.57,30.57,30.57,30.57,500,2021-08-26 17:40:00,IMCR
30.26,30.5,30.26,30.5,498,2021-08-26 17:45:00,IMCR
30.79,30.79,30.79,30.79,100,2021-08-26 17:50:00,IMCR
30.64,30.64,30.64,30.64,100,2021-08-26 18:05:00,IMCR
30.54,30.64,30.54,30.64,300,2021-08-26 18:10:00,IMCR
30.44,30.44,30.44,30.44,100,2021-08-26 18:25:00,IMCR
30.46,30.64,30.45,30.45,700,2021-08-26 18:35:00,IMCR
30.45,30.64,30.45,30.64,300,2021-08-26 18:40:00,IMCR
30.45,30.45,30.45,30.45,100,2021-08-26 18:45:00,IMCR
30.46,30.46,30.46,30.46,200,2021-08-26 18:50:00,IMCR
30.49,30.535,30.05,30.05,600,2021-08-26 18:55:00,IMCR
30.08,30.08,30.08,30.08,100,2021-08-26 19:10:00,IMCR
30.23,30.23,30.23,30.23,100,2021-08-26 19:25:00,IMCR
30.22,30.42,30.22,30.42,400,2021-08-26 19:30:00,IMCR
30.26,30.26,30.0,30.15,2341,2021-08-26 19:35:00,IMCR
30.0,30.12,30.0,30.09,900,2021-08-26 19:40:00,IMCR
30.06,30.09,29.88,29.88,4604,2021-08-26 19:45:00,IMCR
30.0,30.0,29.84,29.84,200,2021-08-26 19:50:00,IMCR
29.98,30.0,29.57,29.57,15036,2021-08-26 19:55:00,IMCR
29.81,29.81,29.81,29.81,370,2021-08-26 20:00:00,IMCR
30.06,30.06,30.06,30.06,115,2021-08-27 13:30:00,IMCR
30.2,30.2,30.05,30.05,523,2021-08-27 13:40:00,IMCR
29.99,30.6075,29.99,30.6075,2020,2021-08-27 13:50:00,IMCR
30.15,30.87,30.15,30.87,317,2021-08-27 13:55:00,IMCR
30.22,30.22,30.22,30.22,100,2021-08-27 14:00:00,IMCR
30.35,30.35,30.35,30.35,100,2021-08-27 14:10:00,IMCR
30.3055,30.565,30.3,30.3,577,2021-08-27 14:15:00,IMCR
30.5,30.9,30.5,30.9,1276,2021-08-27 14:30:00,IMCR
31.28,31.28,31.28,31.28,100,2021-08-27 14:35:00,IMCR
31.58,31.58,31.43,31.43,200,2021-08-27 14:40:00,IMCR
31.48,31.48,31.48,31.48,100,2021-08-27 14:50:00,IMCR
31.5539,31.71,31.53,31.565,1221,2021-08-27 14:55:00,IMCR
31.64,31.8999,31.33,31.43,2602,2021-08-27 15:00:00,IMCR
31.975,31.975,31.5,31.79,3526,2021-08-27 15:05:00,IMCR
31.55,31.79,31.5,31.6006,4043,2021-08-27 15:10:00,IMCR
32.15,32.15,32.15,32.15,100,2021-08-27 15:15:00,IMCR
32.2142,32.8,32.21,32.8,673,2021-08-27 15:20:00,IMCR
32.04,32.075,32.04,32.075,200,2021-08-27 15:30:00,IMCR
32.0,32.15,31.865,32.15,1400,2021-08-27 15:35:00,IMCR
32.01,32.01,32.01,32.01,100,2021-08-27 16:00:00,IMCR
32.235,32.235,32.235,32.235,100,2021-08-27 16:05:00,IMCR
31.94,31.94,31.94,31.94,100,2021-08-27 16:10:00,IMCR
31.7963,31.7963,31.7963,31.7963,500,2021-08-27 16:20:00,IMCR
32.0,32.0,32.0,32.0,100,2021-08-27 16:25:00,IMCR
31.965,31.965,31.965,31.965,100,2021-08-27 16:35:00,IMCR
31.96,31.96,31.96,31.96,295,2021-08-27 16:50:00,IMCR
31.96,31.96,31.96,31.96,122,2021-08-27 16:55:00,IMCR
31.96,31.96,31.96,31.96,100,2021-08-27 17:05:00,IMCR
31.71,31.71,31.71,31.71,157,2021-08-27 17:10:00,IMCR
31.96,31.96,31.96,31.96,100,2021-08-27 17:35:00,IMCR
31.97,31.97,31.97,31.97,100,2021-08-27 17:40:00,IMCR
31.85,31.85,31.76,31.76,400,2021-08-27 17:45:00,IMCR
32.17,32.17,31.85,31.85,200,2021-08-27 18:00:00,IMCR
32.125,32.125,32.125,32.125,100,2021-08-27 18:05:00,IMCR
31.76,31.76,31.76,31.76,100,2021-08-27 18:10:00,IMCR
31.77,31.89,31.75,31.75,700,2021-08-27 18:15:00,IMCR
31.885,31.885,31.77,31.78,300,2021-08-27 18:25:00,IMCR
31.76,31.76,31.5,31.5,300,2021-08-27 18:35:00,IMCR
31.605,31.605,31.34,31.34,200,2021-08-27 18:45:00,IMCR
31.29,31.29,31.29,31.29,100,2021-08-27 18:50:00,IMCR
31.475,31.475,31.25,31.25,200,2021-08-27 19:05:00,IMCR
31.27,31.3,31.27,31.3,500,2021-08-27 19:10:00,IMCR
31.275,31.5475,31.275,31.5475,500,2021-08-27 19:20:00,IMCR
31.495,31.5,31.33,31.5,300,2021-08-27 19:25:00,IMCR
31.52,31.92,31.37,31.66,1757,2021-08-27 19:30:00,IMCR
31.52,31.88,31.4,31.6,700,2021-08-27 19:35:00,IMCR
31.55,31.9,31.55,31.55,600,2021-08-27 19:40:00,IMCR
31.735,31.85,31.33,31.47,2532,2021-08-27 19:45:00,IMCR
31.33,31.48,31.33,31.45,1600,2021-08-27 19:50:00,IMCR
31.645,31.65,31.275,31.53,7768,2021-08-27 19:55:00,IMCR
31.51,31.51,31.51,31.51,709,2021-08-27 20:00:00,IMCR
31.65,31.65,31.65,31.65,350,2021-08-30 13:30:00,IMCR
31.72,31.72,31.72,31.72,316,2021-08-30 13:40:00,IMCR
31.54,31.54,31.54,31.54,200,2021-08-30 13:55:00,IMCR
31.3213,31.3213,31.3213,31.3213,197,2021-08-30 14:00:00,IMCR
32.0,32.0,31.9,31.9,1305,2021-08-30 14:55:00,IMCR
32.45,32.45,32.45,32.45,100,2021-08-30 15:10:00,IMCR
32.215,32.4136,32.215,32.4136,310,2021-08-30 15:20:00,IMCR
32.11,32.11,32.11,32.11,100,2021-08-30 15:35:00,IMCR
32.13,32.13,32.12,32.1292,500,2021-08-30 15:40:00,IMCR
32.11,32.13,32.11,32.13,1086,2021-08-30 15:45:00,IMCR
32.37,32.37,32.37,32.37,100,2021-08-30 16:00:00,IMCR
32.2,32.2,32.0138,32.0138,461,2021-08-30 16:05:00,IMCR
32.45,32.45,32.45,32.45,100,2021-08-30 16:10:00,IMCR
32.46,32.46,32.38,32.38,200,2021-08-30 16:20:00,IMCR
32.38,32.5,32.38,32.49,617,2021-08-30 16:25:00,IMCR
32.49,32.49,32.49,32.49,100,2021-08-30 16:30:00,IMCR
32.475,32.475,32.475,32.475,100,2021-08-30 16:35:00,IMCR
32.49,32.49,32.49,32.49,100,2021-08-30 16:40:00,IMCR
32.45,32.45,32.45,32.45,100,2021-08-30 16:45:00,IMCR
32.5,32.51,32.484,32.484,4109,2021-08-30 16:50:00,IMCR
32.5,32.5,32.5,32.5,392,2021-08-30 16:55:00,IMCR
32.5,32.97,32.495,32.97,1432,2021-08-30 17:10:00,IMCR
33.0,33.0,33.0,33.0,100,2021-08-30 17:15:00,IMCR
32.9,32.9,32.9,32.9,100,2021-08-30 17:20:00,IMCR
33.08,33.25,33.08,33.25,200,2021-08-30 17:25:00,IMCR
33.275,33.275,33.0,33.0,300,2021-08-30 17:30:00,IMCR
33.25,33.27,32.96,33.22,805,2021-08-30 17:35:00,IMCR
32.965,33.235,32.93,32.93,500,2021-08-30 17:40:00,IMCR
33.14,33.14,33.12,33.12,200,2021-08-30 17:45:00,IMCR
32.925,32.925,32.925,32.925,100,2021-08-30 17:50:00,IMCR
32.925,33.14,32.925,33.14,300,2021-08-30 17:55:00,IMCR
33.05,33.7,33.05,33.4868,20256,2021-08-30 18:00:00,IMCR
33.57,33.57,33.28,33.29,300,2021-08-30 18:05:00,IMCR
33.44,33.76,33.44,33.76,200,2021-08-30 18:10:00,IMCR
33.77,33.77,33.77,33.77,100,2021-08-30 18:15:00,IMCR
33.71,33.74,33.525,33.62,5711,2021-08-30 18:20:00,IMCR
33.33,33.55,33.33,33.55,546,2021-08-30 18:25:00,IMCR
33.64,33.64,33.45,33.61,400,2021-08-30 18:30:00,IMCR
33.55,33.7,33.4,33.545,2405,2021-08-30 18:35:00,IMCR
33.61,33.62,33.61,33.62,200,2021-08-30 18:40:00,IMCR
33.48,33.63,33.48,33.6,5400,2021-08-30 18:45:00,IMCR
33.68,33.68,33.68,33.68,100,2021-08-30 18:50:00,IMCR
33.69,33.69,33.69,33.69,100,2021-08-30 18:55:00,IMCR
33.69,33.69,33.68,33.68,300,2021-08-30 19:00:00,IMCR
33.57,33.57,33.44,33.5,18600,2021-08-30 19:05:00,IMCR
33.51,33.7,33.51,33.7,200,2021-08-30 19:10:00,IMCR
33.7,33.7,33.7,33.7,100,2021-08-30 19:15:00,IMCR
33.7,33.7,33.68,33.7,300,2021-08-30 19:20:00,IMCR
33.3823,33.69,33.3823,33.555,963,2021-08-30 19:25:00,IMCR
33.69,33.69,33.69,33.69,100,2021-08-30 19:30:00,IMCR
33.7,33.7,33.55,33.66,300,2021-08-30 19:35:00,IMCR
33.64,33.64,33.64,33.64,100,2021-08-30 19:45:00,IMCR
33.7,33.7,33.68,33.7,589,2021-08-30 19:50:00,IMCR
33.7,33.7,33.47,33.66,1902,2021-08-30 19:55:00,IMCR
33.7,33.7,33.7,33.7,464,2021-08-30 20:00:00,IMCR
33.8,33.8,33.8,33.8,100,2021-08-30 20:10:00,IMCR
33.37,33.37,33.37,33.37,314,2021-08-31 13:30:00,IMCR
33.37,33.75,33.37,33.385,10833,2021-08-31 13:35:00,IMCR
33.44,33.44,33.44,33.44,100,2021-08-31 13:40:00,IMCR
33.71,33.71,33.71,33.71,100,2021-08-31 14:00:00,IMCR
33.64,33.64,33.64,33.64,100,2021-08-31 14:20:00,IMCR
33.92,33.92,33.92,33.92,100,2021-08-31 14:25:00,IMCR
33.96,33.99,33.96,33.99,200,2021-08-31 14:30:00,IMCR
34.0,34.0,34.0,34.0,250,2021-08-31 14:35:00,IMCR
34.0,34.0,33.9,33.9,1489,2021-08-31 14:40:00,IMCR
34.0,34.0,34.0,34.0,200,2021-08-31 14:50:00,IMCR
34.0,34.0,34.0,34.0,300,2021-08-31 14:55:00,IMCR
33.78,33.97,33.78,33.97,241,2021-08-31 15:00:00,IMCR
33.895,34.0,33.895,34.0,419,2021-08-31 15:05:00,IMCR
34.0,34.0,33.8321,33.9,1200,2021-08-31 15:10:00,IMCR
33.8288,34.0,33.8288,34.0,1100,2021-08-31 15:15:00,IMCR
34.0,34.0,33.943,34.0,300,2021-08-31 15:20:00,IMCR
33.8101,34.0,33.8101,34.0,2999,2021-08-31 15:25:00,IMCR
34.12,34.12,34.12,34.12,100,2021-08-31 15:30:00,IMCR
34.013,34.28,34.013,34.2383,1100,2021-08-31 15:35:00,IMCR
34.37,34.37,34.37,34.37,200,2021-08-31 15:40:00,IMCR
34.49,34.49,34.35,34.38,400,2021-08-31 15:50:00,IMCR
34.43,34.43,34.39,34.39,200,2021-08-31 15:55:00,IMCR
34.15,34.45,34.15,34.45,300,2021-08-31 16:00:00,IMCR
34.44,34.44,34.44,34.44,100,2021-08-31 16:05:00,IMCR
34.5,34.5,34.28,34.28,400,2021-08-31 16:15:00,IMCR
34.76,34.76,34.63,34.63,300,2021-08-31 16:20:00,IMCR
34.8,34.8,34.8,34.8,100,2021-08-31 16:25:00,IMCR
34.91,34.91,34.91,34.91,200,2021-08-31 16:30:00,IMCR
34.84,34.84,34.84,34.84,100,2021-08-31 16:35:00,IMCR
34.92,34.92,34.67,34.76,1300,2021-08-31 16:40:00,IMCR
34.5,34.715,34.5,34.715,300,2021-08-31 16:45:00,IMCR
34.88,34.88,34.86,34.86,200,2021-08-31 16:50:00,IMCR
34.8694,34.87,34.8694,34.87,282,2021-08-31 16:55:00,IMCR
34.83,34.88,34.83,34.88,300,2021-08-31 17:00:00,IMCR
34.95,34.95,34.95,34.95,200,2021-08-31 17:05:00,IMCR
34.92,34.92,34.75,34.75,200,2021-08-31 17:10:00,IMCR
34.8,34.912,34.8,34.84,300,2021-08-31 17:15:00,IMCR
34.87,34.89,34.87,34.89,300,2021-08-31 17:20:00,IMCR
34.87,34.87,34.87,34.87,100,2021-08-31 17:25:00,IMCR
34.85,34.85,34.85,34.85,100,2021-08-31 17:30:00,IMCR
34.85,34.97,34.85,34.97,1000,2021-08-31 17:35:00,IMCR
34.905,34.96,34.85,34.91,500,2021-08-31 17:40:00,IMCR
34.95,34.95,34.94,34.94,200,2021-08-31 17:45:00,IMCR
34.97,34.99,34.925,34.99,400,2021-08-31 17:50:00,IMCR
35.0,35.0,35.0,35.0,100,2021-08-31 17:55:00,IMCR
34.85,35.0,34.85,35.0,350,2021-08-31 18:00:00,IMCR
35.0,35.0,35.0,35.0,200,2021-08-31 18:05:00,IMCR
35.31,35.31,35.24,35.24,200,2021-08-31 18:10:00,IMCR
35.39,35.39,35.365,35.365,200,2021-08-31 18:15:00,IMCR
35.325,35.57,35.325,35.48,500,2021-08-31 18:20:00,IMCR
35.55,35.55,35.54,35.54,200,2021-08-31 18:25:00,IMCR
35.56,35.56,34.98,35.49,1563,2021-08-31 18:30:00,IMCR
35.48,35.48,35.3,35.35,1265,2021-08-31 18:35:00,IMCR
35.43,35.43,35.2,35.2,600,2021-08-31 18:40:00,IMCR
35.41,35.41,35.41,35.41,100,2021-08-31 18:45:00,IMCR
35.345,35.345,35.22,35.22,700,2021-08-31 18:50:00,IMCR
35.28,35.28,35.28,35.28,100,2021-08-31 18:55:00,IMCR
34.985,35.26,34.985,35.24,761,2021-08-31 19:00:00,IMCR
35.26,35.26,34.87,35.0,2700,2021-08-31 19:05:00,IMCR
35.095,35.095,35.095,35.095,100,2021-08-31 19:10:00,IMCR
34.91,34.93,34.5,34.7,1600,2021-08-31 19:15:00,IMCR
34.51,34.51,34.4,34.4,300,2021-08-31 19:20:00,IMCR
34.49,34.49,33.94,34.3,600,2021-08-31 19:25:00,IMCR
34.13,34.27,34.13,34.27,200,2021-08-31 19:30:00,IMCR
34.44,34.49,34.44,34.49,200,2021-08-31 19:35:00,IMCR
34.24,34.47,34.12,34.12,900,2021-08-31 19:40:00,IMCR
34.3,34.42,34.0,34.14,2739,2021-08-31 19:50:00,IMCR
34.14,34.41,34.06,34.35,1924,2021-08-31 19:55:00,IMCR
34.56,34.56,34.56,34.56,7455,2021-08-31 20:00:00,IMCR
