open,high,low,close,volume,datetime,symbol
10.134,10.134,10.13,10.13,1210,2021-06-01 13:30:00,GXGX
10.1379,10.1379,10.1379,10.1379,100,2021-06-01 13:33:00,GXGX
10.13,10.13,10.13,10.13,100,2021-06-01 13:35:00,GXGX
10.14,10.14,10.14,10.14,200,2021-06-01 13:41:00,GXGX
10.1301,10.14,10.1301,10.14,4100,2021-06-01 13:42:00,GXGX
10.14,10.14,10.14,10.14,204,2021-06-01 13:44:00,GXGX
10.13,10.13,10.13,10.13,100,2021-06-01 14:00:00,GXGX
10.13,10.13,10.13,10.13,139,2021-06-01 14:04:00,GXGX
10.13,10.13,10.13,10.13,167,2021-06-01 14:07:00,GXGX
10.14,10.14,10.14,10.14,100,2021-06-01 14:14:00,GXGX
10.13,10.13,10.13,10.13,100,2021-06-01 14:27:00,GXGX
10.13,10.1315,10.13,10.13,1694,2021-06-01 14:37:00,GXGX
10.13,10.13,10.13,10.13,950,2021-06-01 14:58:00,GXGX
10.1393,10.1393,10.1393,10.1393,1442,2021-06-01 15:11:00,GXGX
10.14,10.14,10.14,10.14,100,2021-06-01 15:13:00,GXGX
10.14,10.14,10.14,10.14,675,2021-06-01 15:16:00,GXGX
10.14,10.14,10.14,10.14,700,2021-06-01 15:19:00,GXGX
10.14,10.14,10.14,10.14,8396,2021-06-01 15:20:00,GXGX
10.15,10.15,10.145,10.145,418,2021-06-01 15:38:00,GXGX
10.14,10.14,10.13,10.13,109582,2021-06-01 15:43:00,GXGX
10.13,10.13,10.13,10.13,1654,2021-06-01 15:57:00,GXGX
10.135,10.135,10.135,10.135,100,2021-06-01 16:00:00,GXGX
10.135,10.14,10.135,10.14,20226,2021-06-01 16:01:00,GXGX
10.14,10.14,10.13,10.13,58562,2021-06-01 16:02:00,GXGX
10.135,10.135,10.135,10.135,300,2021-06-01 16:08:00,GXGX
10.13,10.13,10.13,10.13,100,2021-06-01 16:13:00,GXGX
10.13,10.13,10.13,10.13,100,2021-06-01 16:14:00,GXGX
10.13,10.13,10.13,10.13,100,2021-06-01 16:17:00,GXGX
10.13,10.13,10.13,10.13,100,2021-06-01 16:22:00,GXGX
10.13,10.135,10.13,10.135,500,2021-06-01 16:26:00,GXGX
10.13,10.135,10.13,10.135,300,2021-06-01 16:32:00,GXGX
10.1399,10.1399,10.1399,10.1399,300,2021-06-01 16:47:00,GXGX
10.135,10.135,10.135,10.135,500,2021-06-01 16:57:00,GXGX
10.1324,10.1324,10.1324,10.1324,180,2021-06-01 17:05:00,GXGX
10.14,10.14,10.14,10.14,100,2021-06-01 17:37:00,GXGX
10.14,10.14,10.13,10.13,2100,2021-06-01 18:02:00,GXGX
10.14,10.14,10.14,10.14,100,2021-06-01 18:10:00,GXGX
10.135,10.135,10.135,10.135,200,2021-06-01 18:13:00,GXGX
10.135,10.135,10.135,10.135,600,2021-06-01 18:15:00,GXGX
10.135,10.135,10.135,10.135,400,2021-06-01 18:20:00,GXGX
10.135,10.135,10.135,10.135,500,2021-06-01 18:26:00,GXGX
10.135,10.135,10.135,10.135,400,2021-06-01 18:30:00,GXGX
10.135,10.135,10.135,10.135,400,2021-06-01 18:35:00,GXGX
10.135,10.135,10.13,10.13,3100,2021-06-01 18:36:00,GXGX
10.135,10.135,10.135,10.135,100,2021-06-01 18:37:00,GXGX
10.14,10.14,10.14,10.14,100,2021-06-01 18:39:00,GXGX
10.135,10.135,10.135,10.135,200,2021-06-01 18:45:00,GXGX
10.135,10.135,10.135,10.135,300,2021-06-01 18:54:00,GXGX
10.14,10.14,10.14,10.14,100,2021-06-01 19:05:00,GXGX
10.135,10.135,10.135,10.135,100,2021-06-01 19:07:00,GXGX
10.14,10.14,10.14,10.14,200,2021-06-01 19:09:00,GXGX
10.135,10.135,10.135,10.135,100,2021-06-01 19:10:00,GXGX
10.135,10.135,10.135,10.135,100,2021-06-01 19:13:00,GXGX
10.135,10.135,10.135,10.135,100,2021-06-01 19:15:00,GXGX
10.14,10.14,10.135,10.135,1539,2021-06-01 19:17:00,GXGX
10.135,10.135,10.135,10.135,100,2021-06-01 19:18:00,GXGX
10.14,10.14,10.14,10.14,100,2021-06-01 19:23:00,GXGX
10.14,10.14,10.14,10.14,100,2021-06-01 19:25:00,GXGX
10.14,10.14,10.14,10.14,100,2021-06-01 19:26:00,GXGX
10.14,10.14,10.14,10.14,100,2021-06-01 19:27:00,GXGX
10.14,10.14,10.14,10.14,100,2021-06-01 19:28:00,GXGX
10.14,10.14,10.14,10.14,300,2021-06-01 19:29:00,GXGX
10.14,10.14,10.14,10.14,100,2021-06-01 19:31:00,GXGX
10.14,10.14,10.135,10.135,500,2021-06-01 19:32:00,GXGX
10.14,10.14,10.14,10.14,100,2021-06-01 19:33:00,GXGX
10.14,10.14,10.14,10.14,100,2021-06-01 19:34:00,GXGX
10.14,10.14,10.14,10.14,100,2021-06-01 19:36:00,GXGX
10.14,10.14,10.14,10.14,100,2021-06-01 19:38:00,GXGX
10.14,10.14,10.14,10.14,100,2021-06-01 19:39:00,GXGX
10.14,10.14,10.14,10.14,100,2021-06-01 19:40:00,GXGX
10.14,10.14,10.14,10.14,100,2021-06-01 19:42:00,GXGX
10.14,10.14,10.14,10.14,100,2021-06-01 19:43:00,GXGX
10.14,10.14,10.14,10.14,100,2021-06-01 19:44:00,GXGX
10.14,10.14,10.14,10.14,100,2021-06-01 19:45:00,GXGX
10.14,10.14,10.14,10.14,100,2021-06-01 19:46:00,GXGX
10.14,10.14,10.14,10.14,200,2021-06-01 19:47:00,GXGX
10.14,10.14,10.14,10.14,100,2021-06-01 19:48:00,GXGX
10.14,10.14,10.14,10.14,200,2021-06-01 19:49:00,GXGX
10.14,10.14,10.14,10.14,600,2021-06-01 19:50:00,GXGX
10.14,10.14,10.14,10.14,100,2021-06-01 19:51:00,GXGX
10.14,10.14,10.14,10.14,300,2021-06-01 19:52:00,GXGX
10.135,10.14,10.13,10.13,3400,2021-06-01 19:53:00,GXGX
10.14,10.14,10.1301,10.135,1419,2021-06-01 19:54:00,GXGX
10.14,10.14,10.135,10.135,300,2021-06-01 19:55:00,GXGX
10.14,10.14,10.135,10.135,500,2021-06-01 19:56:00,GXGX
10.14,10.14,10.135,10.135,661,2021-06-01 19:57:00,GXGX
10.135,10.14,10.135,10.135,741,2021-06-01 19:58:00,GXGX
10.135,10.14,10.135,10.14,6245,2021-06-01 19:59:00,GXGX
10.14,10.14,10.14,10.14,532,2021-06-01 20:00:00,GXGX
10.15,10.15,10.15,10.15,1500,2021-06-01 20:54:00,GXGX
10.15,10.15,10.15,10.15,223,2021-06-02 13:30:00,GXGX
10.14,10.14,10.14,10.14,100,2021-06-02 13:34:00,GXGX
10.1438,10.1438,10.1438,10.1438,100,2021-06-02 13:37:00,GXGX
10.14,10.14,10.14,10.14,100,2021-06-02 13:45:00,GXGX
10.15,10.15,10.15,10.15,200,2021-06-02 13:46:00,GXGX
10.145,10.15,10.14,10.14,3138,2021-06-02 14:02:00,GXGX
10.14,10.14,10.14,10.14,100,2021-06-02 14:07:00,GXGX
10.14,10.14,10.14,10.14,100,2021-06-02 14:17:00,GXGX
10.1416,10.1416,10.1405,10.1405,300,2021-06-02 14:29:00,GXGX
10.14,10.14,10.14,10.14,400,2021-06-02 14:35:00,GXGX
10.15,10.15,10.15,10.15,100,2021-06-02 14:36:00,GXGX
10.15,10.15,10.15,10.15,100,2021-06-02 14:43:00,GXGX
10.15,10.15,10.15,10.15,100,2021-06-02 15:38:00,GXGX
10.15,10.15,10.145,10.15,21353,2021-06-02 15:48:00,GXGX
10.16,10.16,10.16,10.16,100,2021-06-02 15:50:00,GXGX
10.15,10.15,10.15,10.15,400,2021-06-02 15:53:00,GXGX
10.16,10.16,10.16,10.16,100,2021-06-02 15:55:00,GXGX
10.16,10.16,10.16,10.16,100,2021-06-02 15:56:00,GXGX
10.16,10.16,10.16,10.16,100,2021-06-02 15:58:00,GXGX
10.16,10.16,10.16,10.16,100,2021-06-02 16:00:00,GXGX
10.1545,10.1545,10.1545,10.1545,1000,2021-06-02 16:01:00,GXGX
10.16,10.16,10.16,10.16,100,2021-06-02 16:02:00,GXGX
10.16,10.16,10.16,10.16,100,2021-06-02 16:08:00,GXGX
10.16,10.16,10.16,10.16,100,2021-06-02 16:09:00,GXGX
10.16,10.16,10.16,10.16,100,2021-06-02 16:22:00,GXGX
10.15,10.15,10.15,10.15,500,2021-06-02 16:24:00,GXGX
10.16,10.16,10.16,10.16,100,2021-06-02 16:36:00,GXGX
10.16,10.16,10.16,10.16,100,2021-06-02 16:42:00,GXGX
10.16,10.16,10.16,10.16,100,2021-06-02 16:49:00,GXGX
10.155,10.155,10.155,10.155,200,2021-06-02 16:52:00,GXGX
10.15,10.15,10.15,10.15,500,2021-06-02 16:55:00,GXGX
10.16,10.16,10.16,10.16,100,2021-06-02 17:04:00,GXGX
10.155,10.155,10.155,10.155,100,2021-06-02 17:09:00,GXGX
10.155,10.155,10.155,10.155,100,2021-06-02 17:11:00,GXGX
10.16,10.16,10.16,10.16,100,2021-06-02 17:15:00,GXGX
10.16,10.16,10.16,10.16,100,2021-06-02 17:17:00,GXGX
10.16,10.16,10.15,10.15,600,2021-06-02 17:31:00,GXGX
10.15,10.15,10.15,10.15,100,2021-06-02 17:36:00,GXGX
10.16,10.16,10.16,10.16,100,2021-06-02 17:43:00,GXGX
10.16,10.16,10.16,10.16,100,2021-06-02 17:47:00,GXGX
10.16,10.16,10.16,10.16,100,2021-06-02 17:56:00,GXGX
10.15,10.15,10.15,10.15,400,2021-06-02 18:01:00,GXGX
10.16,10.16,10.16,10.16,100,2021-06-02 18:07:00,GXGX
10.16,10.16,10.16,10.16,100,2021-06-02 18:15:00,GXGX
10.155,10.155,10.15,10.15,200,2021-06-02 18:17:00,GXGX
10.15,10.15,10.15,10.15,6780,2021-06-02 18:18:00,GXGX
10.15,10.15,10.15,10.15,100,2021-06-02 18:23:00,GXGX
10.15,10.15,10.15,10.15,100,2021-06-02 18:28:00,GXGX
10.159,10.16,10.15,10.15,600,2021-06-02 18:32:00,GXGX
10.15,10.15,10.15,10.15,300,2021-06-02 18:35:00,GXGX
10.15,10.15,10.15,10.15,100,2021-06-02 18:37:00,GXGX
10.16,10.16,10.16,10.16,100,2021-06-02 18:39:00,GXGX
10.16,10.16,10.16,10.16,100,2021-06-02 18:49:00,GXGX
10.155,10.155,10.155,10.155,100,2021-06-02 18:56:00,GXGX
10.16,10.16,10.16,10.16,100,2021-06-02 18:59:00,GXGX
10.15,10.15,10.15,10.15,400,2021-06-02 19:02:00,GXGX
10.15,10.16,10.15,10.16,250,2021-06-02 19:08:00,GXGX
10.15,10.15,10.15,10.15,600,2021-06-02 19:10:00,GXGX
10.15,10.15,10.15,10.15,100,2021-06-02 19:13:00,GXGX
10.16,10.16,10.16,10.16,200,2021-06-02 19:24:00,GXGX
10.16,10.16,10.16,10.16,100,2021-06-02 19:32:00,GXGX
10.16,10.16,10.155,10.1587,747,2021-06-02 19:39:00,GXGX
10.15,10.1599,10.15,10.15,2413,2021-06-02 19:44:00,GXGX
10.15,10.16,10.15,10.16,3906,2021-06-02 19:45:00,GXGX
10.1584,10.1584,10.1584,10.1584,160,2021-06-02 19:47:00,GXGX
10.15,10.15,10.15,10.15,200,2021-06-02 19:48:00,GXGX
10.16,10.16,10.16,10.16,100,2021-06-02 19:50:00,GXGX
10.16,10.16,10.16,10.16,100,2021-06-02 19:51:00,GXGX
10.1511,10.16,10.1511,10.16,1137,2021-06-02 19:53:00,GXGX
10.1513,10.1513,10.15,10.15,712,2021-06-02 19:54:00,GXGX
10.16,10.16,10.16,10.16,200,2021-06-02 19:55:00,GXGX
10.16,10.16,10.16,10.16,100,2021-06-02 19:56:00,GXGX
10.16,10.16,10.15,10.15,2965,2021-06-02 19:57:00,GXGX
10.15,10.15,10.15,10.15,200,2021-06-02 19:58:00,GXGX
10.15,10.15,10.14,10.14,4814,2021-06-02 19:59:00,GXGX
10.14,10.14,10.14,10.14,207,2021-06-03 13:30:00,GXGX
10.15,10.15,10.15,10.15,100,2021-06-03 13:52:00,GXGX
10.15,10.15,10.15,10.15,200,2021-06-03 13:58:00,GXGX
10.15,10.15,10.15,10.15,899,2021-06-03 14:11:00,GXGX
10.15,10.15,10.15,10.15,200,2021-06-03 14:14:00,GXGX
10.15,10.15,10.1475,10.1475,1030,2021-06-03 14:38:00,GXGX
10.15,10.15,10.15,10.15,200,2021-06-03 14:50:00,GXGX
10.145,10.145,10.145,10.145,175,2021-06-03 14:51:00,GXGX
10.15,10.15,10.15,10.15,100,2021-06-03 14:53:00,GXGX
10.15,10.15,10.15,10.15,400,2021-06-03 14:59:00,GXGX
10.145,10.155,10.145,10.155,1248,2021-06-03 15:00:00,GXGX
10.16,10.16,10.16,10.16,100,2021-06-03 15:01:00,GXGX
10.16,10.16,10.16,10.16,927,2021-06-03 15:08:00,GXGX
10.155,10.155,10.155,10.155,200,2021-06-03 15:16:00,GXGX
10.16,10.16,10.16,10.16,100,2021-06-03 15:18:00,GXGX
10.16,10.16,10.16,10.16,100,2021-06-03 15:30:00,GXGX
10.16,10.17,10.155,10.165,9985,2021-06-03 15:35:00,GXGX
10.165,10.165,10.165,10.165,560,2021-06-03 15:36:00,GXGX
10.165,10.165,10.165,10.165,300,2021-06-03 15:37:00,GXGX
10.165,10.175,10.165,10.175,27826,2021-06-03 15:38:00,GXGX
10.175,10.175,10.1707,10.1707,1500,2021-06-03 15:39:00,GXGX
10.175,10.175,10.17,10.17,800,2021-06-03 15:41:00,GXGX
10.175,10.175,10.175,10.175,100,2021-06-03 15:42:00,GXGX
10.18,10.18,10.18,10.18,290,2021-06-03 15:43:00,GXGX
10.17,10.17,10.17,10.17,100,2021-06-03 15:44:00,GXGX
10.17,10.17,10.17,10.17,300,2021-06-03 15:45:00,GXGX
10.17,10.17,10.17,10.17,100,2021-06-03 15:46:00,GXGX
10.17,10.17,10.17,10.17,13656,2021-06-03 15:48:00,GXGX
10.16,10.16,10.16,10.16,100,2021-06-03 15:53:00,GXGX
10.16,10.16,10.16,10.16,100,2021-06-03 15:55:00,GXGX
10.16,10.16,10.16,10.16,100,2021-06-03 15:57:00,GXGX
10.16,10.1625,10.16,10.1625,500,2021-06-03 16:05:00,GXGX
10.16,10.16,10.16,10.16,200,2021-06-03 16:06:00,GXGX
10.16,10.16,10.16,10.16,100,2021-06-03 16:12:00,GXGX
10.16,10.16,10.16,10.16,100,2021-06-03 16:19:00,GXGX
10.169,10.17,10.169,10.17,3000,2021-06-03 16:28:00,GXGX
10.163,10.163,10.163,10.163,100,2021-06-03 16:33:00,GXGX
10.16,10.16,10.16,10.16,100,2021-06-03 16:50:00,GXGX
10.16,10.16,10.16,10.16,100,2021-06-03 17:12:00,GXGX
10.17,10.17,10.17,10.17,100,2021-06-03 17:17:00,GXGX
10.16,10.16,10.16,10.16,100,2021-06-03 17:38:00,GXGX
10.17,10.17,10.17,10.17,500,2021-06-03 17:46:00,GXGX
10.16,10.165,10.16,10.165,500,2021-06-03 17:49:00,GXGX
10.16,10.16,10.16,10.16,100,2021-06-03 17:51:00,GXGX
10.16,10.16,10.16,10.16,200,2021-06-03 17:52:00,GXGX
10.16,10.16,10.16,10.16,100,2021-06-03 17:55:00,GXGX
10.16,10.16,10.16,10.16,200,2021-06-03 18:00:00,GXGX
10.16,10.16,10.16,10.16,800,2021-06-03 18:06:00,GXGX
10.15,10.15,10.15,10.15,100,2021-06-03 18:07:00,GXGX
10.15,10.15,10.15,10.15,100,2021-06-03 18:16:00,GXGX
10.151,10.1516,10.15,10.15,5100,2021-06-03 18:29:00,GXGX
10.15,10.15,10.15,10.15,5499,2021-06-03 18:30:00,GXGX
10.15,10.15,10.15,10.15,5000,2021-06-03 18:31:00,GXGX
10.15,10.15,10.15,10.15,100,2021-06-03 18:39:00,GXGX
10.15,10.15,10.15,10.15,100,2021-06-03 18:43:00,GXGX
10.15,10.15,10.15,10.15,100,2021-06-03 18:52:00,GXGX
10.15,10.15,10.15,10.15,400,2021-06-03 18:58:00,GXGX
10.15,10.15,10.15,10.15,100,2021-06-03 19:01:00,GXGX
10.15,10.15,10.15,10.15,100,2021-06-03 19:08:00,GXGX
10.15,10.15,10.15,10.15,100,2021-06-03 19:13:00,GXGX
10.15,10.15,10.15,10.15,100,2021-06-03 19:20:00,GXGX
10.16,10.16,10.16,10.16,100,2021-06-03 19:26:00,GXGX
10.15,10.15,10.15,10.15,200,2021-06-03 19:27:00,GXGX
10.15,10.15,10.15,10.15,200,2021-06-03 19:34:00,GXGX
10.15,10.15,10.15,10.15,100,2021-06-03 19:40:00,GXGX
10.16,10.16,10.16,10.16,100,2021-06-03 19:44:00,GXGX
10.15,10.15,10.15,10.15,100,2021-06-03 19:47:00,GXGX
10.16,10.16,10.16,10.16,300,2021-06-03 19:50:00,GXGX
10.1614,10.17,10.16,10.16,342,2021-06-03 19:52:00,GXGX
10.1601,10.165,10.1601,10.165,261,2021-06-03 19:54:00,GXGX
10.1601,10.1601,10.1601,10.1601,103,2021-06-03 19:55:00,GXGX
10.16,10.16,10.16,10.16,100,2021-06-03 19:56:00,GXGX
10.165,10.165,10.16,10.16,861,2021-06-03 19:57:00,GXGX
10.165,10.165,10.16,10.165,600,2021-06-03 19:58:00,GXGX
10.16,10.17,10.16,10.16,2822,2021-06-03 19:59:00,GXGX
10.17,10.17,10.17,10.17,545,2021-06-04 13:30:00,GXGX
10.1501,10.1501,10.1501,10.1501,1000,2021-06-04 13:40:00,GXGX
10.1633,10.1633,10.1633,10.1633,165,2021-06-04 13:41:00,GXGX
10.166,10.166,10.166,10.166,1000,2021-06-04 13:43:00,GXGX
10.1512,10.1512,10.1512,10.1512,3000,2021-06-04 13:51:00,GXGX
10.1686,10.1686,10.1686,10.1686,100,2021-06-04 13:53:00,GXGX
10.1662,10.1662,10.1662,10.1662,100,2021-06-04 13:54:00,GXGX
10.16,10.16,10.16,10.16,200,2021-06-04 14:13:00,GXGX
10.1699,10.1699,10.1699,10.1699,100,2021-06-04 14:22:00,GXGX
10.16,10.16,10.16,10.16,250,2021-06-04 14:49:00,GXGX
10.155,10.155,10.155,10.155,1000,2021-06-04 15:07:00,GXGX
10.155,10.155,10.155,10.155,104,2021-06-04 15:08:00,GXGX
10.15,10.15,10.15,10.15,400,2021-06-04 15:09:00,GXGX
10.15,10.15,10.15,10.15,300,2021-06-04 15:15:00,GXGX
10.155,10.155,10.155,10.155,1000,2021-06-04 15:19:00,GXGX
10.155,10.155,10.155,10.155,100,2021-06-04 15:26:00,GXGX
10.16,10.16,10.16,10.16,100,2021-06-04 15:30:00,GXGX
10.16,10.16,10.16,10.16,200,2021-06-04 15:44:00,GXGX
10.16,10.16,10.16,10.16,100,2021-06-04 16:01:00,GXGX
10.16,10.16,10.16,10.16,100,2021-06-04 16:33:00,GXGX
10.16,10.16,10.16,10.16,335,2021-06-04 16:35:00,GXGX
10.16,10.16,10.16,10.16,100,2021-06-04 16:51:00,GXGX
10.16,10.16,10.16,10.16,100,2021-06-04 16:59:00,GXGX
10.17,10.17,10.17,10.17,100,2021-06-04 17:07:00,GXGX
10.1695,10.1695,10.1695,10.1695,100,2021-06-04 17:17:00,GXGX
10.165,10.165,10.165,10.165,1438,2021-06-04 17:19:00,GXGX
10.16,10.16,10.16,10.16,100,2021-06-04 17:20:00,GXGX
10.1601,10.1601,10.1601,10.1601,2361,2021-06-04 17:21:00,GXGX
10.16,10.16,10.16,10.16,200,2021-06-04 17:23:00,GXGX
10.155,10.155,10.155,10.155,250,2021-06-04 17:42:00,GXGX
10.155,10.155,10.155,10.155,250,2021-06-04 17:51:00,GXGX
10.16,10.16,10.16,10.16,250,2021-06-04 17:58:00,GXGX
10.16,10.16,10.16,10.16,100,2021-06-04 18:00:00,GXGX
10.155,10.155,10.155,10.155,100,2021-06-04 18:07:00,GXGX
10.1582,10.1582,10.1582,10.1582,100,2021-06-04 18:33:00,GXGX
10.16,10.16,10.16,10.16,100,2021-06-04 18:35:00,GXGX
10.16,10.16,10.16,10.16,100,2021-06-04 18:59:00,GXGX
10.16,10.16,10.16,10.16,100,2021-06-04 19:20:00,GXGX
10.16,10.16,10.16,10.16,100,2021-06-04 19:38:00,GXGX
10.15,10.16,10.15,10.16,1401,2021-06-04 19:50:00,GXGX
10.15,10.15,10.15,10.15,100,2021-06-04 19:52:00,GXGX
10.16,10.16,10.15,10.15,2350,2021-06-04 19:53:00,GXGX
10.15,10.155,10.15,10.155,200,2021-06-04 19:54:00,GXGX
10.16,10.16,10.16,10.16,100,2021-06-04 19:55:00,GXGX
10.16,10.16,10.16,10.16,100,2021-06-04 19:56:00,GXGX
10.1585,10.1585,10.1585,10.1585,121,2021-06-04 19:57:00,GXGX
10.15,10.16,10.15,10.16,400,2021-06-04 19:59:00,GXGX
10.15,10.15,10.15,10.15,1145,2021-06-04 20:00:00,GXGX
10.5,10.5,10.5,10.5,100,2021-06-07 08:00:00,GXGX
10.16,10.16,10.16,10.16,280,2021-06-07 12:36:00,GXGX
10.16,10.16,10.16,10.16,100,2021-06-07 12:46:00,GXGX
10.16,10.16,10.16,10.16,1229,2021-06-07 13:30:00,GXGX
10.165,10.165,10.16,10.16,1500,2021-06-07 13:35:00,GXGX
10.16,10.16,10.16,10.16,1000,2021-06-07 13:36:00,GXGX
10.1517,10.1517,10.1517,10.1517,2276,2021-06-07 13:41:00,GXGX
10.159,10.159,10.159,10.159,1000,2021-06-07 13:51:00,GXGX
10.16,10.16,10.16,10.16,500,2021-06-07 14:01:00,GXGX
10.1699,10.1699,10.1699,10.1699,200,2021-06-07 14:16:00,GXGX
10.16,10.16,10.16,10.16,100,2021-06-07 14:17:00,GXGX
10.165,10.165,10.165,10.165,600,2021-06-07 15:48:00,GXGX
10.17,10.17,10.17,10.17,78260,2021-06-07 15:49:00,GXGX
10.18,10.18,10.18,10.18,14898,2021-06-07 15:54:00,GXGX
10.19,10.19,10.19,10.19,1600,2021-06-07 16:00:00,GXGX
10.2,10.2,10.2,10.2,19900,2021-06-07 16:08:00,GXGX
10.199,10.199,10.199,10.199,100,2021-06-07 16:21:00,GXGX
10.19,10.19,10.19,10.19,300,2021-06-07 16:23:00,GXGX
10.18,10.185,10.17,10.17,5200,2021-06-07 16:31:00,GXGX
10.165,10.165,10.165,10.165,115,2021-06-07 16:55:00,GXGX
10.1686,10.1686,10.1686,10.1686,100,2021-06-07 17:54:00,GXGX
10.1699,10.1699,10.1699,10.1699,800,2021-06-07 18:33:00,GXGX
10.16,10.16,10.16,10.16,1200,2021-06-07 18:50:00,GXGX
10.16,10.16,10.16,10.16,3500,2021-06-07 18:53:00,GXGX
10.15,10.15,10.15,10.15,403,2021-06-07 19:09:00,GXGX
10.16,10.16,10.16,10.16,600,2021-06-07 19:21:00,GXGX
10.1688,10.1688,10.1688,10.1688,100,2021-06-07 19:33:00,GXGX
10.17,10.17,10.165,10.17,24910,2021-06-07 19:37:00,GXGX
10.17,10.17,10.17,10.17,290,2021-06-07 19:50:00,GXGX
10.165,10.165,10.165,10.165,300,2021-06-07 19:52:00,GXGX
10.1601,10.17,10.1601,10.17,460,2021-06-07 19:53:00,GXGX
10.17,10.17,10.1613,10.1613,476,2021-06-07 19:54:00,GXGX
10.1601,10.1601,10.16,10.16,647,2021-06-07 19:57:00,GXGX
10.17,10.17,10.16,10.16,4391,2021-06-07 19:59:00,GXGX
10.17,10.17,10.17,10.17,372,2021-06-07 20:00:00,GXGX
10.17,10.19,10.17,10.19,261,2021-06-08 13:30:00,GXGX
10.184,10.184,10.184,10.184,150,2021-06-08 13:53:00,GXGX
10.18,10.18,10.18,10.18,300,2021-06-08 14:22:00,GXGX
10.17,10.1702,10.17,10.1702,785,2021-06-08 14:38:00,GXGX
10.18,10.18,10.18,10.18,403,2021-06-08 14:43:00,GXGX
10.175,10.175,10.17,10.17,1100,2021-06-08 14:44:00,GXGX
10.16,10.16,10.16,10.16,4200,2021-06-08 14:54:00,GXGX
10.16,10.16,10.16,10.16,100,2021-06-08 14:58:00,GXGX
10.16,10.16,10.16,10.16,300,2021-06-08 15:09:00,GXGX
10.15,10.15,10.15,10.15,200,2021-06-08 15:33:00,GXGX
10.16,10.16,10.16,10.16,100,2021-06-08 16:39:00,GXGX
10.16,10.16,10.16,10.16,100,2021-06-08 16:42:00,GXGX
10.1568,10.1568,10.1568,10.1568,500,2021-06-08 17:02:00,GXGX
10.1586,10.16,10.1586,10.16,200,2021-06-08 17:12:00,GXGX
10.1587,10.1587,10.1587,10.1587,125,2021-06-08 17:18:00,GXGX
10.16,10.16,10.16,10.16,500,2021-06-08 17:19:00,GXGX
10.1555,10.1555,10.1555,10.1555,125,2021-06-08 17:20:00,GXGX
10.16,10.16,10.16,10.16,300,2021-06-08 17:28:00,GXGX
10.159,10.159,10.159,10.159,800,2021-06-08 17:29:00,GXGX
10.1576,10.1576,10.1576,10.1576,200,2021-06-08 17:30:00,GXGX
10.16,10.16,10.16,10.16,126,2021-06-08 17:32:00,GXGX
10.155,10.155,10.155,10.155,100,2021-06-08 17:34:00,GXGX
10.155,10.155,10.155,10.155,100,2021-06-08 17:35:00,GXGX
10.16,10.16,10.1585,10.1585,400,2021-06-08 17:37:00,GXGX
10.155,10.155,10.155,10.155,100,2021-06-08 17:40:00,GXGX
10.1589,10.1589,10.1589,10.1589,600,2021-06-08 17:42:00,GXGX
10.16,10.16,10.16,10.16,200,2021-06-08 17:43:00,GXGX
10.1599,10.1599,10.1599,10.1599,1000,2021-06-08 17:46:00,GXGX
10.153,10.153,10.153,10.153,500,2021-06-08 17:55:00,GXGX
10.1599,10.1599,10.1599,10.1599,400,2021-06-08 17:56:00,GXGX
10.16,10.16,10.16,10.16,29505,2021-06-08 17:59:00,GXGX
10.164,10.164,10.164,10.164,1000,2021-06-08 18:07:00,GXGX
10.1686,10.1686,10.1686,10.1686,400,2021-06-08 18:20:00,GXGX
10.165,10.165,10.165,10.165,200,2021-06-08 18:25:00,GXGX
10.165,10.165,10.165,10.165,100,2021-06-08 18:34:00,GXGX
10.17,10.17,10.17,10.17,100,2021-06-08 18:35:00,GXGX
10.17,10.17,10.1698,10.1698,400,2021-06-08 18:36:00,GXGX
10.1682,10.1682,10.1682,10.1682,400,2021-06-08 19:05:00,GXGX
10.17,10.17,10.17,10.17,4825,2021-06-08 19:14:00,GXGX
10.17,10.17,10.17,10.17,100,2021-06-08 19:27:00,GXGX
10.17,10.17,10.17,10.17,120,2021-06-08 19:31:00,GXGX
10.1614,10.1614,10.1614,10.1614,115,2021-06-08 19:45:00,GXGX
10.165,10.165,10.165,10.165,300,2021-06-08 19:52:00,GXGX
10.1614,10.1614,10.1614,10.1614,107,2021-06-08 19:54:00,GXGX
10.16,10.16,10.16,10.16,100,2021-06-08 19:55:00,GXGX
10.1614,10.17,10.1614,10.17,476,2021-06-08 19:57:00,GXGX
10.165,10.17,10.165,10.17,279,2021-06-08 19:58:00,GXGX
10.17,10.17,10.15,10.15,8609,2021-06-08 19:59:00,GXGX
10.17,10.17,10.17,10.17,306,2021-06-08 20:00:00,GXGX
10.19,10.19,10.1501,10.1501,1419,2021-06-09 13:30:00,GXGX
10.18,10.18,10.18,10.18,600,2021-06-09 13:33:00,GXGX
10.17,10.179,10.17,10.179,1100,2021-06-09 13:41:00,GXGX
10.1767,10.1767,10.1767,10.1767,100,2021-06-09 14:20:00,GXGX
10.1633,10.1633,10.1633,10.1633,100,2021-06-09 14:22:00,GXGX
10.17,10.17,10.17,10.17,3400,2021-06-09 14:38:00,GXGX
10.17,10.17,10.17,10.17,200,2021-06-09 14:42:00,GXGX
10.17,10.17,10.16,10.16,15100,2021-06-09 14:44:00,GXGX
10.16,10.16,10.16,10.16,600,2021-06-09 14:56:00,GXGX
10.16,10.16,10.16,10.16,600,2021-06-09 15:26:00,GXGX
10.16,10.16,10.16,10.16,600,2021-06-09 15:58:00,GXGX
10.16,10.16,10.16,10.16,3300,2021-06-09 16:21:00,GXGX
10.155,10.155,10.155,10.155,500,2021-06-09 16:41:00,GXGX
10.16,10.16,10.16,10.16,2400,2021-06-09 17:10:00,GXGX
10.155,10.155,10.155,10.155,374,2021-06-09 17:14:00,GXGX
10.1591,10.1591,10.1591,10.1591,1000,2021-06-09 17:29:00,GXGX
10.1584,10.1595,10.1584,10.1588,500,2021-06-09 17:30:00,GXGX
10.16,10.16,10.16,10.16,1000,2021-06-09 17:31:00,GXGX
10.16,10.16,10.16,10.16,700,2021-06-09 17:42:00,GXGX
10.15,10.15,10.15,10.15,200,2021-06-09 17:44:00,GXGX
10.16,10.16,10.16,10.16,500,2021-06-09 17:58:00,GXGX
10.16,10.16,10.16,10.16,600,2021-06-09 18:17:00,GXGX
10.16,10.16,10.16,10.16,120,2021-06-09 18:23:00,GXGX
10.16,10.16,10.16,10.16,165,2021-06-09 18:36:00,GXGX
10.16,10.16,10.16,10.16,100,2021-06-09 18:39:00,GXGX
10.1598,10.1598,10.1598,10.1598,120,2021-06-09 19:01:00,GXGX
10.158,10.158,10.158,10.158,2800,2021-06-09 19:27:00,GXGX
10.1593,10.16,10.1593,10.16,8300,2021-06-09 19:30:00,GXGX
10.155,10.155,10.155,10.155,100,2021-06-09 19:35:00,GXGX
10.155,10.155,10.155,10.155,100,2021-06-09 19:43:00,GXGX
10.16,10.16,10.16,10.16,1900,2021-06-09 19:48:00,GXGX
10.16,10.16,10.16,10.16,100,2021-06-09 19:49:00,GXGX
10.15,10.16,10.15,10.16,8440,2021-06-09 19:52:00,GXGX
10.16,10.16,10.16,10.16,5097,2021-06-09 19:53:00,GXGX
10.165,10.165,10.165,10.165,500,2021-06-09 19:57:00,GXGX
10.165,10.17,10.165,10.17,500,2021-06-09 19:58:00,GXGX
10.17,10.17,10.15,10.16,5818,2021-06-09 19:59:00,GXGX
10.17,10.17,10.17,10.17,1290,2021-06-09 20:00:00,GXGX
10.19,10.19,10.19,10.19,1624,2021-06-10 13:30:00,GXGX
10.1553,10.1553,10.1553,10.1553,280,2021-06-10 13:31:00,GXGX
10.19,10.19,10.19,10.19,201,2021-06-10 13:40:00,GXGX
10.1896,10.1896,10.1896,10.1896,500,2021-06-10 13:51:00,GXGX
10.1583,10.17,10.1583,10.17,350,2021-06-10 13:56:00,GXGX
10.175,10.175,10.175,10.175,100,2021-06-10 14:04:00,GXGX
10.17,10.17,10.17,10.17,100,2021-06-10 14:10:00,GXGX
10.17,10.17,10.16,10.16,7600,2021-06-10 14:23:00,GXGX
10.1609,10.1609,10.16,10.16,2100,2021-06-10 14:24:00,GXGX
10.165,10.17,10.16,10.163,5000,2021-06-10 14:30:00,GXGX
10.17,10.17,10.17,10.17,100,2021-06-10 14:34:00,GXGX
10.16,10.16,10.16,10.16,100,2021-06-10 14:39:00,GXGX
10.17,10.17,10.17,10.17,200,2021-06-10 14:57:00,GXGX
10.17,10.17,10.1688,10.1688,1700,2021-06-10 14:58:00,GXGX
10.16,10.16,10.16,10.16,600,2021-06-10 14:59:00,GXGX
10.16,10.16,10.16,10.16,100,2021-06-10 15:00:00,GXGX
10.17,10.17,10.17,10.17,150,2021-06-10 15:03:00,GXGX
10.165,10.165,10.165,10.165,300,2021-06-10 15:06:00,GXGX
10.17,10.17,10.17,10.17,200,2021-06-10 15:13:00,GXGX
10.17,10.17,10.17,10.17,200,2021-06-10 15:31:00,GXGX
10.17,10.17,10.17,10.17,100,2021-06-10 16:01:00,GXGX
10.161,10.161,10.16,10.16,7100,2021-06-10 16:22:00,GXGX
10.17,10.17,10.17,10.17,100,2021-06-10 16:26:00,GXGX
10.165,10.165,10.165,10.165,200,2021-06-10 16:27:00,GXGX
10.16,10.16,10.16,10.16,200,2021-06-10 17:16:00,GXGX
10.16,10.16,10.16,10.16,100,2021-06-10 17:32:00,GXGX
10.1674,10.1674,10.1674,10.1674,100,2021-06-10 17:36:00,GXGX
10.161,10.17,10.16,10.16,6478,2021-06-10 17:57:00,GXGX
10.17,10.17,10.17,10.17,400,2021-06-10 18:01:00,GXGX
10.17,10.17,10.17,10.17,268,2021-06-10 18:16:00,GXGX
10.17,10.17,10.17,10.17,100,2021-06-10 18:17:00,GXGX
10.17,10.17,10.17,10.17,100,2021-06-10 18:31:00,GXGX
10.165,10.165,10.1625,10.1625,1100,2021-06-10 18:32:00,GXGX
10.16,10.16,10.16,10.16,200,2021-06-10 18:42:00,GXGX
10.16,10.16,10.16,10.16,100,2021-06-10 18:49:00,GXGX
10.17,10.17,10.17,10.17,100,2021-06-10 19:03:00,GXGX
10.165,10.165,10.165,10.165,1000,2021-06-10 19:13:00,GXGX
10.165,10.165,10.165,10.165,100,2021-06-10 19:14:00,GXGX
10.17,10.17,10.17,10.17,100,2021-06-10 19:31:00,GXGX
10.165,10.165,10.165,10.165,100,2021-06-10 19:34:00,GXGX
10.16,10.16,10.16,10.16,700,2021-06-10 19:35:00,GXGX
10.165,10.165,10.165,10.165,100,2021-06-10 19:36:00,GXGX
10.1618,10.1618,10.1618,10.1618,100,2021-06-10 19:47:00,GXGX
10.165,10.165,10.165,10.165,100,2021-06-10 19:48:00,GXGX
10.17,10.17,10.17,10.17,100,2021-06-10 19:50:00,GXGX
10.1601,10.1601,10.16,10.16,1636,2021-06-10 19:53:00,GXGX
10.1625,10.1625,10.1601,10.1601,341,2021-06-10 19:54:00,GXGX
10.17,10.17,10.1625,10.165,300,2021-06-10 19:55:00,GXGX
10.17,10.17,10.16,10.16,412,2021-06-10 19:56:00,GXGX
10.16,10.165,10.16,10.165,699,2021-06-10 19:57:00,GXGX
10.16,10.16,10.16,10.16,200,2021-06-10 19:58:00,GXGX
10.16,10.17,10.16,10.17,2670,2021-06-10 19:59:00,GXGX
10.17,10.17,10.17,10.17,2030,2021-06-10 20:00:00,GXGX
10.2572,10.2572,10.2572,10.2572,500,2021-06-11 12:16:00,GXGX
10.17,10.18,10.17,10.18,1401,2021-06-11 13:30:00,GXGX
10.1636,10.1636,10.1636,10.1636,201,2021-06-11 13:40:00,GXGX
10.18,10.18,10.18,10.18,100,2021-06-11 13:42:00,GXGX
10.18,10.18,10.18,10.18,200,2021-06-11 14:01:00,GXGX
10.18,10.18,10.18,10.18,9800,2021-06-11 14:02:00,GXGX
10.19,10.19,10.19,10.19,620,2021-06-11 14:30:00,GXGX
10.19,10.19,10.19,10.19,800,2021-06-11 14:31:00,GXGX
10.19,10.19,10.19,10.19,100,2021-06-11 15:04:00,GXGX
10.1886,10.1886,10.1886,10.1886,1000,2021-06-11 15:26:00,GXGX
10.19,10.19,10.19,10.19,700,2021-06-11 15:30:00,GXGX
10.19,10.19,10.19,10.19,100,2021-06-11 15:43:00,GXGX
10.185,10.185,10.185,10.185,100,2021-06-11 15:49:00,GXGX
10.188,10.19,10.18,10.18,1500,2021-06-11 15:58:00,GXGX
10.1877,10.1877,10.1877,10.1877,200,2021-06-11 16:00:00,GXGX
10.1883,10.1899,10.1883,10.1899,600,2021-06-11 16:06:00,GXGX
10.1892,10.1892,10.1892,10.1892,1000,2021-06-11 16:24:00,GXGX
10.19,10.19,10.19,10.19,689,2021-06-11 16:30:00,GXGX
10.185,10.19,10.185,10.19,700,2021-06-11 16:41:00,GXGX
10.1882,10.1882,10.1882,10.1882,500,2021-06-11 16:53:00,GXGX
10.1882,10.1882,10.1882,10.1882,300,2021-06-11 16:56:00,GXGX
10.185,10.185,10.185,10.185,200,2021-06-11 17:02:00,GXGX
10.1801,10.1801,10.1801,10.1801,200,2021-06-11 17:05:00,GXGX
10.19,10.19,10.19,10.19,100,2021-06-11 17:08:00,GXGX
10.185,10.185,10.185,10.185,62700,2021-06-11 17:10:00,GXGX
10.19,10.19,10.1885,10.1885,1700,2021-06-11 17:13:00,GXGX
10.1899,10.1899,10.1899,10.1899,200,2021-06-11 17:15:00,GXGX
10.182,10.182,10.182,10.182,100,2021-06-11 17:23:00,GXGX
10.185,10.185,10.185,10.185,300,2021-06-11 17:40:00,GXGX
10.19,10.19,10.19,10.19,100,2021-06-11 17:56:00,GXGX
10.185,10.185,10.185,10.185,935,2021-06-11 17:57:00,GXGX
10.185,10.185,10.185,10.185,400,2021-06-11 18:00:00,GXGX
10.1801,10.1801,10.1801,10.1801,1000,2021-06-11 18:01:00,GXGX
10.18,10.18,10.18,10.18,9600,2021-06-11 18:03:00,GXGX
10.17,10.17,10.17,10.17,4406,2021-06-11 18:10:00,GXGX
10.165,10.165,10.165,10.165,100,2021-06-11 18:22:00,GXGX
10.169,10.169,10.169,10.169,1100,2021-06-11 18:33:00,GXGX
10.165,10.17,10.165,10.17,1400,2021-06-11 18:37:00,GXGX
10.17,10.17,10.17,10.17,800,2021-06-11 18:47:00,GXGX
10.165,10.165,10.165,10.165,200,2021-06-11 19:20:00,GXGX
10.161,10.161,10.161,10.161,200,2021-06-11 19:33:00,GXGX
10.161,10.161,10.161,10.161,200,2021-06-11 19:38:00,GXGX
10.161,10.161,10.161,10.161,200,2021-06-11 19:44:00,GXGX
10.1614,10.17,10.1614,10.165,800,2021-06-11 19:50:00,GXGX
10.1616,10.17,10.1616,10.17,257,2021-06-11 19:53:00,GXGX
10.1601,10.17,10.1601,10.17,700,2021-06-11 19:54:00,GXGX
10.17,10.17,10.17,10.17,400,2021-06-11 19:55:00,GXGX
10.16,10.17,10.16,10.17,829,2021-06-11 19:57:00,GXGX
10.17,10.17,10.17,10.17,191,2021-06-11 19:58:00,GXGX
10.16,10.16,10.16,10.16,5390,2021-06-11 19:59:00,GXGX
10.17,10.17,10.17,10.17,1705,2021-06-11 20:00:00,GXGX
10.3,10.3,10.3,10.3,300,2021-06-14 12:38:00,GXGX
10.19,10.19,10.19,10.19,199,2021-06-14 13:25:00,GXGX
10.2,10.2,10.2,10.2,2261,2021-06-14 13:30:00,GXGX
10.192,10.195,10.192,10.195,591,2021-06-14 13:31:00,GXGX
10.1962,10.1962,10.1962,10.1962,200,2021-06-14 13:35:00,GXGX
10.195,10.195,10.195,10.195,100,2021-06-14 13:40:00,GXGX
10.195,10.195,10.195,10.195,100,2021-06-14 13:50:00,GXGX
10.195,10.195,10.195,10.195,300,2021-06-14 13:54:00,GXGX
10.195,10.2,10.195,10.2,300,2021-06-14 13:59:00,GXGX
10.2,10.2,10.2,10.2,200,2021-06-14 14:02:00,GXGX
10.2,10.2,10.2,10.2,200,2021-06-14 14:14:00,GXGX
10.19,10.19,10.19,10.19,300,2021-06-14 14:28:00,GXGX
10.19,10.19,10.185,10.185,800,2021-06-14 14:29:00,GXGX
10.19,10.19,10.19,10.19,100,2021-06-14 14:30:00,GXGX
10.18,10.18,10.18,10.18,125,2021-06-14 14:35:00,GXGX
10.185,10.185,10.18,10.18,2400,2021-06-14 14:37:00,GXGX
10.183,10.183,10.18,10.18,987,2021-06-14 14:43:00,GXGX
10.19,10.19,10.19,10.19,100,2021-06-14 14:58:00,GXGX
10.17,10.17,10.17,10.17,400,2021-06-14 15:09:00,GXGX
10.18,10.18,10.18,10.18,347,2021-06-14 15:23:00,GXGX
10.18,10.18,10.18,10.18,100,2021-06-14 15:53:00,GXGX
10.1701,10.1701,10.1701,10.1701,200,2021-06-14 16:03:00,GXGX
10.17,10.17,10.17,10.17,10293,2021-06-14 16:22:00,GXGX
10.17,10.17,10.17,10.17,400,2021-06-14 16:24:00,GXGX
10.17,10.17,10.17,10.17,100,2021-06-14 16:26:00,GXGX
10.17,10.17,10.17,10.17,100,2021-06-14 16:29:00,GXGX
10.17,10.17,10.17,10.17,300,2021-06-14 16:34:00,GXGX
10.17,10.17,10.17,10.17,100,2021-06-14 16:35:00,GXGX
10.17,10.17,10.17,10.17,100,2021-06-14 16:37:00,GXGX
10.1697,10.17,10.1697,10.17,600,2021-06-14 16:40:00,GXGX
10.17,10.17,10.17,10.17,200,2021-06-14 16:46:00,GXGX
10.16,10.16,10.16,10.16,100,2021-06-14 16:47:00,GXGX
10.17,10.17,10.17,10.17,200,2021-06-14 16:52:00,GXGX
10.17,10.17,10.17,10.17,100,2021-06-14 17:24:00,GXGX
10.17,10.17,10.17,10.17,100,2021-06-14 17:28:00,GXGX
10.17,10.17,10.17,10.17,200,2021-06-14 17:37:00,GXGX
10.17,10.17,10.17,10.17,100,2021-06-14 17:57:00,GXGX
10.17,10.17,10.17,10.17,1200,2021-06-14 18:00:00,GXGX
10.17,10.17,10.17,10.17,200,2021-06-14 18:01:00,GXGX
10.17,10.17,10.17,10.17,100,2021-06-14 18:03:00,GXGX
10.1679,10.1679,10.1679,10.1679,500,2021-06-14 18:09:00,GXGX
10.17,10.17,10.17,10.17,200,2021-06-14 18:10:00,GXGX
10.17,10.17,10.17,10.17,100,2021-06-14 18:24:00,GXGX
10.17,10.17,10.17,10.17,100,2021-06-14 18:31:00,GXGX
10.165,10.165,10.165,10.165,100,2021-06-14 18:32:00,GXGX
10.17,10.17,10.17,10.17,100,2021-06-14 18:48:00,GXGX
10.17,10.17,10.17,10.17,100,2021-06-14 19:10:00,GXGX
10.17,10.17,10.17,10.17,100,2021-06-14 19:29:00,GXGX
10.1601,10.17,10.1601,10.17,231,2021-06-14 19:32:00,GXGX
10.1601,10.17,10.1601,10.17,227,2021-06-14 19:34:00,GXGX
10.1601,10.1601,10.1601,10.1601,134,2021-06-14 19:38:00,GXGX
10.1601,10.1601,10.1601,10.1601,133,2021-06-14 19:40:00,GXGX
10.165,10.165,10.165,10.165,100,2021-06-14 19:42:00,GXGX
10.16,10.16,10.16,10.16,100,2021-06-14 19:44:00,GXGX
10.17,10.17,10.17,10.17,100,2021-06-14 19:45:00,GXGX
10.16,10.16,10.16,10.16,165,2021-06-14 19:46:00,GXGX
10.1601,10.1601,10.1601,10.1601,197,2021-06-14 19:48:00,GXGX
10.16,10.17,10.16,10.17,666,2021-06-14 19:50:00,GXGX
10.17,10.17,10.17,10.17,400,2021-06-14 19:51:00,GXGX
10.165,10.165,10.165,10.165,200,2021-06-14 19:52:00,GXGX
10.1601,10.18,10.1601,10.17,246648,2021-06-14 19:53:00,GXGX
10.17,10.18,10.17,10.18,540,2021-06-14 19:54:00,GXGX
10.17,10.17,10.17,10.17,322232,2021-06-14 19:55:00,GXGX
10.17,10.17,10.17,10.17,1175,2021-06-14 19:57:00,GXGX
10.17,10.17,10.17,10.17,355,2021-06-14 19:58:00,GXGX
10.18,10.18,10.16,10.18,5942,2021-06-14 19:59:00,GXGX
10.16,10.16,10.16,10.16,1486,2021-06-14 20:00:00,GXGX
10.16,10.16,10.16,10.16,100,2021-06-14 20:01:00,GXGX
10.15,10.15,10.15,10.15,199,2021-06-14 20:38:00,GXGX
10.16,10.16,10.16,10.16,798,2021-06-15 13:30:00,GXGX
10.1783,10.1783,10.1783,10.1783,500,2021-06-15 14:21:00,GXGX
10.17,10.17,10.17,10.17,100,2021-06-15 14:22:00,GXGX
10.18,10.18,10.18,10.18,500,2021-06-15 14:35:00,GXGX
10.18,10.18,10.18,10.18,1200,2021-06-15 14:38:00,GXGX
10.1784,10.1784,10.1784,10.1784,500,2021-06-15 14:46:00,GXGX
10.18,10.18,10.18,10.18,200,2021-06-15 15:05:00,GXGX
10.17,10.17,10.1636,10.1636,250,2021-06-15 16:08:00,GXGX
10.1601,10.1601,10.1601,10.1601,160,2021-06-15 16:12:00,GXGX
10.18,10.18,10.18,10.18,100,2021-06-15 17:23:00,GXGX
10.18,10.18,10.18,10.18,502,2021-06-15 18:21:00,GXGX
10.17,10.17,10.17,10.17,200,2021-06-15 18:35:00,GXGX
10.17,10.17,10.17,10.17,101,2021-06-15 19:07:00,GXGX
10.17,10.17,10.17,10.17,100,2021-06-15 19:18:00,GXGX
10.16,10.16,10.16,10.16,100,2021-06-15 19:22:00,GXGX
10.17,10.17,10.16,10.16,299,2021-06-15 19:35:00,GXGX
10.1601,10.1601,10.1601,10.1601,790,2021-06-15 19:42:00,GXGX
10.16,10.16,10.16,10.16,100,2021-06-15 19:46:00,GXGX
10.165,10.165,10.1601,10.1601,214,2021-06-15 19:47:00,GXGX
10.17,10.17,10.17,10.17,600,2021-06-15 19:50:00,GXGX
10.17,10.17,10.17,10.17,200,2021-06-15 19:51:00,GXGX
10.17,10.17,10.17,10.17,100,2021-06-15 19:54:00,GXGX
10.17,10.17,10.1601,10.17,708,2021-06-15 19:55:00,GXGX
10.17,10.17,10.17,10.17,100,2021-06-15 19:56:00,GXGX
10.165,10.165,10.16,10.16,311,2021-06-15 19:57:00,GXGX
10.169,10.169,10.16,10.16,1369,2021-06-15 19:59:00,GXGX
10.17,10.17,10.17,10.17,682,2021-06-15 20:00:00,GXGX
10.16,10.16,10.16,10.16,721,2021-06-16 13:30:00,GXGX
10.1632,10.1632,10.1632,10.1632,210,2021-06-16 13:31:00,GXGX
10.1636,10.1636,10.1636,10.1636,100,2021-06-16 14:08:00,GXGX
10.18,10.18,10.18,10.18,1120,2021-06-16 14:54:00,GXGX
10.18,10.18,10.18,10.18,200,2021-06-16 15:03:00,GXGX
10.18,10.18,10.18,10.18,100,2021-06-16 15:05:00,GXGX
10.18,10.18,10.18,10.18,500,2021-06-16 15:16:00,GXGX
10.18,10.18,10.18,10.18,400,2021-06-16 15:30:00,GXGX
10.18,10.18,10.18,10.18,100,2021-06-16 15:35:00,GXGX
10.18,10.18,10.18,10.18,500,2021-06-16 15:44:00,GXGX
10.18,10.18,10.1798,10.18,1000,2021-06-16 15:45:00,GXGX
10.18,10.18,10.18,10.18,100,2021-06-16 16:05:00,GXGX
10.17,10.17,10.17,10.17,100,2021-06-16 16:55:00,GXGX
10.178,10.178,10.178,10.178,300,2021-06-16 17:14:00,GXGX
10.18,10.18,10.18,10.18,100,2021-06-16 17:23:00,GXGX
10.175,10.175,10.175,10.175,200,2021-06-16 17:26:00,GXGX
10.17,10.17,10.17,10.17,100,2021-06-16 17:28:00,GXGX
10.18,10.18,10.18,10.18,100,2021-06-16 17:35:00,GXGX
10.1799,10.1799,10.17,10.17,600,2021-06-16 18:11:00,GXGX
10.18,10.18,10.18,10.18,100,2021-06-16 18:28:00,GXGX
10.175,10.175,10.17,10.175,1200,2021-06-16 18:30:00,GXGX
10.18,10.18,10.18,10.18,100,2021-06-16 18:35:00,GXGX
10.175,10.175,10.175,10.175,495,2021-06-16 18:40:00,GXGX
10.17,10.17,10.17,10.17,100,2021-06-16 18:41:00,GXGX
10.18,10.18,10.18,10.18,500,2021-06-16 18:45:00,GXGX
10.17,10.175,10.17,10.175,300,2021-06-16 18:46:00,GXGX
10.16,10.17,10.14,10.15,102541,2021-06-16 18:50:00,GXGX
10.16,10.16,10.16,10.16,7199,2021-06-16 18:51:00,GXGX
10.17,10.17,10.17,10.17,100,2021-06-16 18:52:00,GXGX
10.165,10.165,10.16,10.16,3700,2021-06-16 18:55:00,GXGX
10.16,10.16,10.16,10.16,1000,2021-06-16 18:56:00,GXGX
10.16,10.16,10.16,10.16,800,2021-06-16 18:57:00,GXGX
10.16,10.16,10.16,10.16,400,2021-06-16 18:58:00,GXGX
10.165,10.165,10.1603,10.1603,1100,2021-06-16 18:59:00,GXGX
10.16,10.16,10.16,10.16,2300,2021-06-16 19:01:00,GXGX
10.16,10.17,10.16,10.17,1700,2021-06-16 19:02:00,GXGX
10.16,10.16,10.16,10.16,3000,2021-06-16 19:04:00,GXGX
10.16,10.17,10.16,10.16,3500,2021-06-16 19:05:00,GXGX
10.17,10.17,10.17,10.17,100,2021-06-16 19:08:00,GXGX
10.16,10.16,10.16,10.16,3900,2021-06-16 19:09:00,GXGX
10.16,10.165,10.16,10.16,1200,2021-06-16 19:10:00,GXGX
10.16,10.16,10.16,10.16,400,2021-06-16 19:11:00,GXGX
10.16,10.16,10.16,10.16,1900,2021-06-16 19:12:00,GXGX
10.16,10.165,10.16,10.165,300,2021-06-16 19:13:00,GXGX
10.16,10.16,10.16,10.16,3500,2021-06-16 19:16:00,GXGX
10.16,10.16,10.16,10.16,600,2021-06-16 19:17:00,GXGX
10.17,10.17,10.17,10.17,100,2021-06-16 19:18:00,GXGX
10.16,10.16,10.16,10.16,3400,2021-06-16 19:20:00,GXGX
10.16,10.16,10.16,10.16,2100,2021-06-16 19:22:00,GXGX
10.16,10.16,10.16,10.16,800,2021-06-16 19:23:00,GXGX
10.16,10.16,10.16,10.16,300,2021-06-16 19:24:00,GXGX
10.17,10.17,10.17,10.17,200,2021-06-16 19:25:00,GXGX
10.17,10.17,10.16,10.16,2200,2021-06-16 19:26:00,GXGX
10.16,10.16,10.16,10.16,2000,2021-06-16 19:27:00,GXGX
10.16,10.16,10.16,10.16,1100,2021-06-16 19:28:00,GXGX
10.16,10.16,10.16,10.16,1100,2021-06-16 19:29:00,GXGX
10.16,10.16,10.16,10.16,1000,2021-06-16 19:30:00,GXGX
10.16,10.16,10.16,10.16,1543,2021-06-16 19:31:00,GXGX
10.16,10.16,10.16,10.16,500,2021-06-16 19:32:00,GXGX
10.17,10.17,10.17,10.17,100,2021-06-16 19:33:00,GXGX
10.16,10.165,10.16,10.165,2300,2021-06-16 19:34:00,GXGX
10.16,10.17,10.16,10.17,600,2021-06-16 19:35:00,GXGX
10.17,10.17,10.16,10.16,2300,2021-06-16 19:36:00,GXGX
10.16,10.16,10.16,10.16,1200,2021-06-16 19:37:00,GXGX
10.17,10.17,10.17,10.17,100,2021-06-16 19:38:00,GXGX
10.16,10.17,10.16,10.17,3200,2021-06-16 19:39:00,GXGX
10.17,10.17,10.16,10.16,3370,2021-06-16 19:41:00,GXGX
10.17,10.17,10.16,10.16,2652,2021-06-16 19:43:00,GXGX
10.16,10.16,10.16,10.16,500,2021-06-16 19:44:00,GXGX
10.16,10.165,10.16,10.165,2522,2021-06-16 19:45:00,GXGX
10.165,10.165,10.163,10.163,200,2021-06-16 19:46:00,GXGX
10.16,10.16,10.16,10.16,2700,2021-06-16 19:47:00,GXGX
10.16,10.16,10.16,10.16,2392,2021-06-16 19:48:00,GXGX
10.16,10.16,10.16,10.16,992,2021-06-16 19:49:00,GXGX
10.17,10.17,10.16,10.16,2984,2021-06-16 19:50:00,GXGX
10.165,10.165,10.16,10.16,2570,2021-06-16 19:51:00,GXGX
10.16,10.165,10.16,10.16,2133,2021-06-16 19:52:00,GXGX
10.17,10.17,10.16,10.16,2136,2021-06-16 19:53:00,GXGX
10.17,10.17,10.16,10.16,3582,2021-06-16 19:54:00,GXGX
10.16,10.16,10.16,10.16,3500,2021-06-16 19:55:00,GXGX
10.16,10.1601,10.16,10.16,4062,2021-06-16 19:56:00,GXGX
10.165,10.165,10.16,10.16,5202,2021-06-16 19:57:00,GXGX
10.16,10.165,10.16,10.16,4537,2021-06-16 19:58:00,GXGX
10.16,10.165,10.16,10.16,13564,2021-06-16 19:59:00,GXGX
10.17,10.17,10.17,10.17,1440,2021-06-16 20:00:00,GXGX
10.21,10.21,10.2,10.2,918,2021-06-17 13:30:00,GXGX
10.17,10.17,10.17,10.17,200,2021-06-17 13:52:00,GXGX
10.1601,10.1601,10.1601,10.1601,100,2021-06-17 14:00:00,GXGX
10.1787,10.1787,10.1787,10.1787,100,2021-06-17 14:04:00,GXGX
10.16,10.16,10.16,10.16,300,2021-06-17 15:26:00,GXGX
10.17,10.17,10.17,10.17,100,2021-06-17 17:26:00,GXGX
10.17,10.17,10.17,10.17,100,2021-06-17 18:04:00,GXGX
10.17,10.17,10.17,10.17,100,2021-06-17 19:16:00,GXGX
10.1624,10.17,10.1624,10.17,1160,2021-06-17 19:21:00,GXGX
10.17,10.17,10.17,10.17,303,2021-06-17 19:27:00,GXGX
10.1723,10.1723,10.1723,10.1723,200,2021-06-17 19:29:00,GXGX
10.1722,10.1722,10.1722,10.1722,300,2021-06-17 19:31:00,GXGX
10.1899,10.1899,10.1899,10.1899,900,2021-06-17 19:47:00,GXGX
10.17,10.17,10.17,10.17,296,2021-06-17 19:48:00,GXGX
10.17,10.17,10.17,10.17,190,2021-06-17 19:50:00,GXGX
10.17,10.17,10.17,10.17,100,2021-06-17 19:51:00,GXGX
10.17,10.17,10.17,10.17,600,2021-06-17 19:52:00,GXGX
10.17,10.18,10.17,10.18,226,2021-06-17 19:54:00,GXGX
10.17,10.18,10.17,10.18,227,2021-06-17 19:55:00,GXGX
10.18,10.19,10.17,10.19,1168,2021-06-17 19:57:00,GXGX
10.19,10.19,10.16,10.16,3122,2021-06-17 19:59:00,GXGX
10.17,10.17,10.17,10.17,1966,2021-06-17 20:00:00,GXGX
10.19,10.19,10.19,10.19,512,2021-06-18 13:30:00,GXGX
10.19,10.19,10.19,10.19,3130,2021-06-18 13:31:00,GXGX
10.1891,10.1891,10.1891,10.1891,392,2021-06-18 13:33:00,GXGX
10.18,10.18,10.18,10.18,100,2021-06-18 13:39:00,GXGX
10.18,10.18,10.18,10.18,100,2021-06-18 13:48:00,GXGX
10.18,10.18,10.18,10.18,200,2021-06-18 14:00:00,GXGX
10.185,10.19,10.185,10.19,800,2021-06-18 14:39:00,GXGX
10.187,10.187,10.187,10.187,1000,2021-06-18 14:43:00,GXGX
10.1885,10.1885,10.1885,10.1885,100,2021-06-18 14:44:00,GXGX
10.19,10.19,10.19,10.19,200,2021-06-18 14:48:00,GXGX
10.19,10.19,10.19,10.19,300,2021-06-18 14:55:00,GXGX
10.1885,10.1885,10.1885,10.1885,100,2021-06-18 14:59:00,GXGX
10.1885,10.1885,10.1885,10.1885,100,2021-06-18 15:08:00,GXGX
10.19,10.19,10.19,10.19,300,2021-06-18 15:15:00,GXGX
10.19,10.19,10.19,10.19,1800,2021-06-18 15:26:00,GXGX
10.19,10.19,10.1823,10.1823,400,2021-06-18 15:37:00,GXGX
10.186,10.186,10.186,10.186,200,2021-06-18 15:43:00,GXGX
10.18,10.18,10.18,10.18,2200,2021-06-18 15:46:00,GXGX
10.1885,10.1885,10.1885,10.1885,100,2021-06-18 15:50:00,GXGX
10.19,10.19,10.19,10.19,500,2021-06-18 15:57:00,GXGX
10.19,10.19,10.19,10.19,400,2021-06-18 16:05:00,GXGX
10.18,10.18,10.18,10.18,200,2021-06-18 16:06:00,GXGX
10.19,10.19,10.19,10.19,300,2021-06-18 16:28:00,GXGX
10.18,10.18,10.18,10.18,100,2021-06-18 16:29:00,GXGX
10.1899,10.19,10.1899,10.19,400,2021-06-18 16:40:00,GXGX
10.1899,10.1899,10.1899,10.1899,100,2021-06-18 16:49:00,GXGX
10.19,10.19,10.19,10.19,200,2021-06-18 16:59:00,GXGX
10.189,10.189,10.189,10.189,1000,2021-06-18 17:02:00,GXGX
10.19,10.19,10.19,10.19,100,2021-06-18 17:18:00,GXGX
10.19,10.19,10.19,10.19,200,2021-06-18 17:19:00,GXGX
10.189,10.189,10.189,10.189,1000,2021-06-18 17:20:00,GXGX
10.1888,10.1888,10.1888,10.1888,300,2021-06-18 17:22:00,GXGX
10.19,10.19,10.1899,10.19,10034,2021-06-18 17:24:00,GXGX
10.18,10.18,10.18,10.18,100,2021-06-18 17:32:00,GXGX
10.18,10.18,10.18,10.18,100,2021-06-18 17:35:00,GXGX
10.18,10.18,10.18,10.18,100,2021-06-18 17:40:00,GXGX
10.1899,10.1899,10.1899,10.1899,200,2021-06-18 17:46:00,GXGX
10.18,10.18,10.18,10.18,100,2021-06-18 17:48:00,GXGX
10.19,10.19,10.19,10.19,400,2021-06-18 17:51:00,GXGX
10.18,10.18,10.18,10.18,100,2021-06-18 17:58:00,GXGX
10.18,10.18,10.18,10.18,100,2021-06-18 18:13:00,GXGX
10.1876,10.1876,10.1876,10.1876,100,2021-06-18 18:20:00,GXGX
10.19,10.19,10.19,10.19,600,2021-06-18 18:28:00,GXGX
10.185,10.185,10.18,10.18,8902,2021-06-18 19:03:00,GXGX
10.17,10.17,10.17,10.17,200,2021-06-18 19:04:00,GXGX
10.17,10.17,10.17,10.17,100,2021-06-18 19:05:00,GXGX
10.17,10.17,10.17,10.17,100,2021-06-18 19:08:00,GXGX
10.17,10.17,10.17,10.17,100,2021-06-18 19:12:00,GXGX
10.17,10.17,10.17,10.17,200,2021-06-18 19:13:00,GXGX
10.17,10.17,10.17,10.17,200,2021-06-18 19:26:00,GXGX
10.1715,10.1715,10.1715,10.1715,125,2021-06-18 19:45:00,GXGX
10.17,10.17,10.17,10.17,100,2021-06-18 19:46:00,GXGX
10.18,10.18,10.18,10.18,700,2021-06-18 19:49:00,GXGX
10.18,10.18,10.18,10.18,512,2021-06-18 19:50:00,GXGX
10.1801,10.19,10.1801,10.19,350,2021-06-18 19:53:00,GXGX
10.1801,10.19,10.1801,10.19,874,2021-06-18 19:54:00,GXGX
10.19,10.19,10.19,10.19,792,2021-06-18 19:55:00,GXGX
10.19,10.2,10.19,10.2,200,2021-06-18 19:56:00,GXGX
10.195,10.195,10.19,10.195,406,2021-06-18 19:57:00,GXGX
10.19,10.19,10.19,10.19,100,2021-06-18 19:58:00,GXGX
10.18,10.18,10.16,10.16,7938,2021-06-18 19:59:00,GXGX
10.2,10.2,10.2,10.2,3192,2021-06-18 20:00:00,GXGX
10.2,10.2,10.2,10.2,578,2021-06-21 13:30:00,GXGX
10.19,10.19,10.19,10.19,200,2021-06-21 13:34:00,GXGX
10.1912,10.1912,10.1912,10.1912,1000,2021-06-21 13:36:00,GXGX
10.2,10.2,10.1995,10.2,3130,2021-06-21 13:41:00,GXGX
10.1999,10.1999,10.1999,10.1999,200,2021-06-21 13:43:00,GXGX
10.185,10.185,10.17,10.17,2126,2021-06-21 13:50:00,GXGX
10.185,10.185,10.17,10.17,1100,2021-06-21 13:57:00,GXGX
10.194,10.194,10.17,10.17,300,2021-06-21 13:58:00,GXGX
10.1924,10.1924,10.1924,10.1924,100,2021-06-21 13:59:00,GXGX
10.2,10.2,10.2,10.2,340,2021-06-21 14:00:00,GXGX
10.1923,10.1923,10.17,10.17,600,2021-06-21 14:02:00,GXGX
10.1875,10.1875,10.1875,10.1875,200,2021-06-21 14:09:00,GXGX
10.179,10.179,10.179,10.179,176,2021-06-21 14:13:00,GXGX
10.1702,10.1702,10.1702,10.1702,500,2021-06-21 14:16:00,GXGX
10.17,10.17,10.17,10.17,100,2021-06-21 14:18:00,GXGX
10.171,10.171,10.171,10.171,246,2021-06-21 14:20:00,GXGX
10.17,10.18,10.17,10.18,2282,2021-06-21 14:38:00,GXGX
10.17,10.17,10.17,10.17,490,2021-06-21 14:51:00,GXGX
10.175,10.175,10.175,10.175,200,2021-06-21 15:17:00,GXGX
10.179,10.179,10.179,10.179,300,2021-06-21 15:22:00,GXGX
10.18,10.18,10.18,10.18,338,2021-06-21 15:32:00,GXGX
10.19,10.19,10.19,10.19,100,2021-06-21 15:33:00,GXGX
10.18,10.18,10.18,10.18,100,2021-06-21 15:42:00,GXGX
10.18,10.18,10.17,10.17,1990,2021-06-21 15:48:00,GXGX
10.18,10.1898,10.17,10.17,6491,2021-06-21 16:06:00,GXGX
10.18,10.18,10.18,10.18,500,2021-06-21 16:21:00,GXGX
10.1793,10.18,10.17,10.17,1900,2021-06-21 16:28:00,GXGX
10.1785,10.1785,10.17,10.17,700,2021-06-21 16:30:00,GXGX
10.17,10.17,10.17,10.17,2900,2021-06-21 16:37:00,GXGX
10.18,10.18,10.18,10.18,100,2021-06-21 16:39:00,GXGX
10.175,10.175,10.17,10.17,1900,2021-06-21 16:40:00,GXGX
10.17,10.175,10.16,10.16,3820,2021-06-21 16:41:00,GXGX
10.17,10.17,10.16,10.16,200,2021-06-21 16:44:00,GXGX
10.16,10.17,10.16,10.17,1381,2021-06-21 16:45:00,GXGX
10.17,10.18,10.17,10.18,800,2021-06-21 16:47:00,GXGX
10.18,10.18,10.17,10.17,300,2021-06-21 17:16:00,GXGX
10.18,10.18,10.18,10.18,500,2021-06-21 17:17:00,GXGX
10.1787,10.1787,10.17,10.17,817,2021-06-21 17:22:00,GXGX
10.18,10.18,10.17,10.17,600,2021-06-21 17:32:00,GXGX
10.1788,10.1788,10.17,10.17,1100,2021-06-21 18:01:00,GXGX
10.1701,10.1701,10.17,10.17,3281,2021-06-21 18:07:00,GXGX
10.17,10.17,10.17,10.17,100,2021-06-21 18:08:00,GXGX
10.18,10.18,10.17,10.17,200,2021-06-21 18:11:00,GXGX
10.18,10.18,10.18,10.18,100,2021-06-21 18:12:00,GXGX
10.173,10.173,10.173,10.173,250,2021-06-21 18:23:00,GXGX
10.18,10.18,10.17,10.17,1100,2021-06-21 18:24:00,GXGX
10.17,10.17,10.16,10.17,800,2021-06-21 18:26:00,GXGX
10.16,10.18,10.16,10.18,571,2021-06-21 18:28:00,GXGX
10.17,10.17,10.17,10.17,200,2021-06-21 18:45:00,GXGX
10.18,10.18,10.18,10.18,600,2021-06-21 18:55:00,GXGX
10.18,10.18,10.17,10.17,400,2021-06-21 19:07:00,GXGX
10.175,10.18,10.17,10.18,2371,2021-06-21 19:16:00,GXGX
10.18,10.18,10.17,10.17,600,2021-06-21 19:17:00,GXGX
10.179,10.18,10.17,10.17,1700,2021-06-21 19:26:00,GXGX
10.18,10.18,10.17,10.18,1300,2021-06-21 19:38:00,GXGX
10.18,10.18,10.18,10.18,100,2021-06-21 19:40:00,GXGX
10.175,10.175,10.175,10.175,200,2021-06-21 19:41:00,GXGX
10.18,10.18,10.17,10.17,600,2021-06-21 19:47:00,GXGX
10.19,10.19,10.18,10.18,400,2021-06-21 19:54:00,GXGX
10.19,10.19,10.19,10.19,245,2021-06-21 19:56:00,GXGX
10.1879,10.1879,10.1879,10.1879,100,2021-06-21 19:57:00,GXGX
10.18,10.184,10.18,10.184,200,2021-06-21 19:58:00,GXGX
10.1972,10.2,10.18,10.2,3025,2021-06-21 19:59:00,GXGX
10.18,10.18,10.18,10.18,220,2021-06-21 20:00:00,GXGX
10.18,10.18,10.18,10.18,500,2021-06-22 11:10:00,GXGX
10.2,10.2,10.2,10.2,100,2021-06-22 12:04:00,GXGX
10.2,10.2,10.2,10.2,202,2021-06-22 13:30:00,GXGX
10.2,10.2,10.2,10.2,100,2021-06-22 13:33:00,GXGX
10.1985,10.1985,10.1985,10.1985,350,2021-06-22 13:40:00,GXGX
10.1999,10.1999,10.1999,10.1999,250,2021-06-22 13:48:00,GXGX
10.195,10.195,10.19,10.19,400,2021-06-22 13:50:00,GXGX
10.19,10.19,10.19,10.19,200,2021-06-22 13:51:00,GXGX
10.193,10.193,10.19,10.19,300,2021-06-22 13:55:00,GXGX
10.1911,10.1911,10.1911,10.1911,200,2021-06-22 13:58:00,GXGX
10.2,10.2,10.19,10.19,300,2021-06-22 14:24:00,GXGX
10.1999,10.1999,10.1999,10.1999,1668,2021-06-22 14:39:00,GXGX
10.19,10.19,10.19,10.19,438,2021-06-22 14:40:00,GXGX
10.1999,10.1999,10.18,10.18,2172,2021-06-22 14:44:00,GXGX
10.19,10.19,10.18,10.18,600,2021-06-22 14:57:00,GXGX
10.19,10.19,10.19,10.19,132,2021-06-22 15:19:00,GXGX
10.1959,10.1959,10.18,10.18,236,2021-06-22 15:20:00,GXGX
10.2,10.2,10.2,10.2,147,2021-06-22 15:22:00,GXGX
10.195,10.195,10.19,10.19,425,2021-06-22 15:27:00,GXGX
10.2,10.2,10.19,10.19,600,2021-06-22 16:12:00,GXGX
10.2,10.2,10.19,10.19,1300,2021-06-22 16:25:00,GXGX
10.19,10.2,10.19,10.19,300,2021-06-22 16:31:00,GXGX
10.195,10.2,10.18,10.18,1400,2021-06-22 16:32:00,GXGX
10.19,10.19,10.19,10.19,100,2021-06-22 16:54:00,GXGX
10.19,10.19,10.18,10.185,7560,2021-06-22 17:13:00,GXGX
10.19,10.19,10.19,10.19,100,2021-06-22 17:14:00,GXGX
10.2,10.2,10.2,10.2,100,2021-06-22 17:17:00,GXGX
10.195,10.195,10.195,10.195,100,2021-06-22 17:19:00,GXGX
10.19,10.19,10.185,10.19,500,2021-06-22 17:22:00,GXGX
10.19,10.19,10.185,10.19,600,2021-06-22 17:27:00,GXGX
10.181,10.19,10.18,10.19,3200,2021-06-22 17:28:00,GXGX
10.19,10.19,10.19,10.19,200,2021-06-22 17:29:00,GXGX
10.18,10.18,10.18,10.18,200,2021-06-22 17:34:00,GXGX
10.185,10.185,10.185,10.185,300,2021-06-22 17:38:00,GXGX
10.18,10.18,10.18,10.18,200,2021-06-22 17:42:00,GXGX
10.18,10.18,10.18,10.18,200,2021-06-22 17:46:00,GXGX
10.185,10.185,10.185,10.185,200,2021-06-22 17:47:00,GXGX
10.18,10.1899,10.18,10.185,2071,2021-06-22 17:50:00,GXGX
10.18,10.18,10.18,10.18,200,2021-06-22 17:54:00,GXGX
10.18,10.18,10.18,10.18,200,2021-06-22 17:58:00,GXGX
10.185,10.185,10.185,10.185,700,2021-06-22 17:59:00,GXGX
10.18,10.18,10.18,10.18,100,2021-06-22 18:05:00,GXGX
10.19,10.19,10.19,10.19,100,2021-06-22 18:31:00,GXGX
10.185,10.185,10.18,10.18,200,2021-06-22 18:36:00,GXGX
10.1818,10.185,10.18,10.18,1150,2021-06-22 18:44:00,GXGX
10.18,10.19,10.17,10.171,1216,2021-06-22 18:45:00,GXGX
10.1701,10.18,10.17,10.18,1089,2021-06-22 18:49:00,GXGX
10.18,10.18,10.17,10.17,400,2021-06-22 18:55:00,GXGX
10.18,10.18,10.18,10.18,100,2021-06-22 19:08:00,GXGX
10.1899,10.1899,10.1899,10.1899,440,2021-06-22 19:16:00,GXGX
10.17,10.17,10.17,10.17,100,2021-06-22 19:21:00,GXGX
10.18,10.18,10.18,10.18,300,2021-06-22 19:35:00,GXGX
10.18,10.18,10.18,10.18,100,2021-06-22 19:36:00,GXGX
10.17,10.17,10.17,10.17,100,2021-06-22 19:37:00,GXGX
10.18,10.18,10.17,10.17,800,2021-06-22 19:39:00,GXGX
10.18,10.18,10.18,10.18,200,2021-06-22 19:52:00,GXGX
10.18,10.19,10.17,10.175,5077,2021-06-22 19:54:00,GXGX
10.18,10.18,10.17,10.17,1279,2021-06-22 19:55:00,GXGX
10.17,10.17,10.17,10.17,100,2021-06-22 19:56:00,GXGX
10.18,10.19,10.17,10.19,541,2021-06-22 19:57:00,GXGX
10.19,10.19,10.19,10.19,437,2021-06-22 19:58:00,GXGX
10.185,10.2,10.16,10.2,8064,2021-06-22 19:59:00,GXGX
10.19,10.19,10.19,10.19,3757,2021-06-22 20:00:00,GXGX
10.18,10.18,10.18,10.18,140,2021-06-23 13:30:00,GXGX
10.18,10.18,10.18,10.18,400,2021-06-23 13:38:00,GXGX
10.185,10.185,10.185,10.185,265,2021-06-23 13:46:00,GXGX
10.1999,10.1999,10.1999,10.1999,352,2021-06-23 13:47:00,GXGX
10.1999,10.1999,10.1999,10.1999,4078,2021-06-23 13:49:00,GXGX
10.185,10.185,10.185,10.185,200,2021-06-23 13:58:00,GXGX
10.19,10.19,10.19,10.19,200,2021-06-23 14:02:00,GXGX
10.1842,10.1842,10.1842,10.1842,103,2021-06-23 15:25:00,GXGX
10.18,10.18,10.18,10.18,100,2021-06-23 15:32:00,GXGX
10.1899,10.1899,10.1899,10.1899,107,2021-06-23 15:36:00,GXGX
10.18,10.18,10.18,10.18,500,2021-06-23 15:37:00,GXGX
10.1825,10.1825,10.1825,10.1825,2000,2021-06-23 15:40:00,GXGX
10.18,10.18,10.18,10.18,400,2021-06-23 15:50:00,GXGX
10.18,10.18,10.18,10.18,500,2021-06-23 16:04:00,GXGX
10.1725,10.1725,10.1725,10.1725,500,2021-06-23 16:08:00,GXGX
10.18,10.18,10.18,10.18,400,2021-06-23 16:20:00,GXGX
10.18,10.18,10.18,10.18,200,2021-06-23 16:22:00,GXGX
10.18,10.18,10.18,10.18,400,2021-06-23 16:38:00,GXGX
10.18,10.19,10.18,10.19,1383,2021-06-23 16:50:00,GXGX
10.18,10.18,10.18,10.18,100,2021-06-23 16:53:00,GXGX
10.18,10.19,10.18,10.18,4000,2021-06-23 17:04:00,GXGX
10.18,10.18,10.18,10.18,200,2021-06-23 17:06:00,GXGX
10.18,10.18,10.18,10.18,100,2021-06-23 17:08:00,GXGX
10.18,10.18,10.18,10.18,200,2021-06-23 17:15:00,GXGX
10.18,10.18,10.18,10.18,100,2021-06-23 17:16:00,GXGX
10.18,10.19,10.18,10.19,3283,2021-06-23 17:19:00,GXGX
10.18,10.18,10.18,10.18,100,2021-06-23 17:20:00,GXGX
10.18,10.18,10.18,10.18,200,2021-06-23 17:34:00,GXGX
10.17,10.17,10.17,10.17,100,2021-06-23 18:00:00,GXGX
10.17,10.17,10.17,10.17,200,2021-06-23 18:06:00,GXGX
10.17,10.17,10.17,10.17,200,2021-06-23 18:12:00,GXGX
10.17,10.17,10.17,10.17,200,2021-06-23 18:20:00,GXGX
10.17,10.17,10.17,10.17,200,2021-06-23 18:25:00,GXGX
10.17,10.17,10.17,10.17,200,2021-06-23 18:32:00,GXGX
10.17,10.17,10.17,10.17,200,2021-06-23 18:38:00,GXGX
10.18,10.18,10.18,10.18,300,2021-06-23 18:43:00,GXGX
10.17,10.17,10.17,10.17,200,2021-06-23 18:44:00,GXGX
10.18,10.18,10.18,10.18,2000,2021-06-23 18:52:00,GXGX
10.18,10.18,10.18,10.18,100,2021-06-23 18:53:00,GXGX
10.18,10.18,10.18,10.18,100,2021-06-23 18:55:00,GXGX
10.17,10.17,10.17,10.17,193,2021-06-23 18:59:00,GXGX
10.17,10.17,10.17,10.17,200,2021-06-23 19:03:00,GXGX
10.17,10.17,10.17,10.17,200,2021-06-23 19:06:00,GXGX
10.17,10.17,10.17,10.17,193,2021-06-23 19:10:00,GXGX
10.18,10.18,10.18,10.18,100,2021-06-23 19:15:00,GXGX
10.17,10.18,10.17,10.18,300,2021-06-23 19:16:00,GXGX
10.18,10.18,10.18,10.18,300,2021-06-23 19:17:00,GXGX
10.17,10.17,10.17,10.17,200,2021-06-23 19:20:00,GXGX
10.17,10.17,10.17,10.17,193,2021-06-23 19:24:00,GXGX
10.19,10.19,10.19,10.19,2500,2021-06-23 19:28:00,GXGX
10.17,10.17,10.17,10.17,200,2021-06-23 19:29:00,GXGX
10.18,10.18,10.18,10.18,500,2021-06-23 19:32:00,GXGX
10.17,10.17,10.17,10.17,200,2021-06-23 19:33:00,GXGX
10.17,10.17,10.17,10.17,193,2021-06-23 19:36:00,GXGX
10.18,10.18,10.17,10.17,300,2021-06-23 19:39:00,GXGX
10.17,10.17,10.17,10.17,193,2021-06-23 19:44:00,GXGX
10.17,10.17,10.17,10.17,200,2021-06-23 19:48:00,GXGX
10.18,10.18,10.17,10.17,600,2021-06-23 19:50:00,GXGX
10.17,10.17,10.17,10.17,200,2021-06-23 19:51:00,GXGX
10.17,10.18,10.17,10.18,700,2021-06-23 19:52:00,GXGX
10.18,10.18,10.18,10.18,995,2021-06-23 19:53:00,GXGX
10.18,10.19,10.18,10.19,300,2021-06-23 19:54:00,GXGX
10.18,10.18,10.18,10.18,200,2021-06-23 19:55:00,GXGX
10.18,10.18,10.18,10.18,300,2021-06-23 19:56:00,GXGX
10.18,10.18,10.18,10.18,300,2021-06-23 19:57:00,GXGX
10.19,10.19,10.18,10.18,200,2021-06-23 19:58:00,GXGX
10.18,10.18,10.16,10.16,8702,2021-06-23 19:59:00,GXGX
10.19,10.19,10.19,10.19,1925,2021-06-23 20:00:00,GXGX
10.19,10.19,10.19,10.19,263,2021-06-24 13:30:00,GXGX
10.18,10.18,10.18,10.18,540,2021-06-24 13:55:00,GXGX
10.161,10.161,10.161,10.161,100,2021-06-24 13:56:00,GXGX
10.1919,10.2,10.1919,10.2,480,2021-06-24 14:01:00,GXGX
10.1948,10.2,10.1948,10.2,620,2021-06-24 14:10:00,GXGX
10.17,10.17,10.17,10.17,100,2021-06-24 14:13:00,GXGX
10.1956,10.1956,10.17,10.17,1123,2021-06-24 14:23:00,GXGX
10.17,10.185,10.17,10.185,1950,2021-06-24 14:35:00,GXGX
10.185,10.185,10.185,10.185,200,2021-06-24 15:02:00,GXGX
10.2,10.2,10.2,10.2,100,2021-06-24 15:28:00,GXGX
10.2,10.2,10.2,10.2,1000,2021-06-24 15:37:00,GXGX
10.1943,10.1943,10.1943,10.1943,400,2021-06-24 15:53:00,GXGX
10.19,10.19,10.18,10.18,686,2021-06-24 15:59:00,GXGX
10.18,10.18,10.18,10.18,100,2021-06-24 16:00:00,GXGX
10.19,10.19,10.19,10.19,381,2021-06-24 16:19:00,GXGX
10.18,10.18,10.18,10.18,142,2021-06-24 16:23:00,GXGX
10.19,10.19,10.19,10.19,181,2021-06-24 16:24:00,GXGX
10.19,10.19,10.19,10.19,500,2021-06-24 16:25:00,GXGX
10.18,10.18,10.18,10.18,100,2021-06-24 16:26:00,GXGX
10.1899,10.19,10.18,10.18,3052,2021-06-24 16:36:00,GXGX
10.1881,10.1881,10.1881,10.1881,300,2021-06-24 16:39:00,GXGX
10.19,10.19,10.19,10.19,281,2021-06-24 16:40:00,GXGX
10.19,10.19,10.19,10.19,281,2021-06-24 16:57:00,GXGX
10.1899,10.1899,10.185,10.185,1100,2021-06-24 17:59:00,GXGX
10.19,10.19,10.19,10.19,300,2021-06-24 18:08:00,GXGX
10.185,10.185,10.185,10.185,100,2021-06-24 18:58:00,GXGX
10.19,10.19,10.19,10.19,260,2021-06-24 19:02:00,GXGX
10.19,10.19,10.19,10.19,300,2021-06-24 19:19:00,GXGX
10.19,10.19,10.19,10.19,200,2021-06-24 19:23:00,GXGX
10.19,10.19,10.18,10.18,900,2021-06-24 19:29:00,GXGX
10.1877,10.1877,10.1877,10.1877,100,2021-06-24 19:45:00,GXGX
10.1886,10.19,10.185,10.185,2352,2021-06-24 19:46:00,GXGX
10.19,10.19,10.18,10.18,2695,2021-06-24 19:50:00,GXGX
10.1801,10.185,10.1801,10.185,252,2021-06-24 19:53:00,GXGX
10.1801,10.1801,10.1801,10.1801,133,2021-06-24 19:54:00,GXGX
10.18,10.18,10.18,10.18,328,2021-06-24 19:57:00,GXGX
10.185,10.185,10.18,10.18,1002,2021-06-24 19:59:00,GXGX
10.17,10.17,10.17,10.17,264,2021-06-24 20:00:00,GXGX
10.18,10.2,10.18,10.2,400,2021-06-25 13:25:00,GXGX
10.17,10.17,10.17,10.17,491,2021-06-25 13:30:00,GXGX
10.2,10.2,10.2,10.2,300,2021-06-25 13:33:00,GXGX
10.19,10.19,10.19,10.19,200,2021-06-25 13:46:00,GXGX
10.17,10.17,10.17,10.17,100,2021-06-25 13:52:00,GXGX
10.1913,10.1913,10.1913,10.1913,1000,2021-06-25 14:37:00,GXGX
10.2,10.2,10.2,10.2,100,2021-06-25 14:39:00,GXGX
10.1712,10.1712,10.1712,10.1712,2000,2021-06-25 14:59:00,GXGX
10.1742,10.1742,10.1742,10.1742,100,2021-06-25 15:30:00,GXGX
10.185,10.185,10.185,10.185,500,2021-06-25 16:11:00,GXGX
10.19,10.19,10.19,10.19,381,2021-06-25 16:38:00,GXGX
10.1879,10.1879,10.1879,10.1879,140,2021-06-25 16:51:00,GXGX
10.19,10.19,10.19,10.19,361,2021-06-25 17:05:00,GXGX
10.1843,10.1843,10.1843,10.1843,1575,2021-06-25 17:14:00,GXGX
10.19,10.19,10.19,10.19,200,2021-06-25 17:23:00,GXGX
10.185,10.19,10.18,10.19,8809,2021-06-25 17:33:00,GXGX
10.18,10.18,10.18,10.18,181,2021-06-25 17:39:00,GXGX
10.1799,10.1799,10.1799,10.1799,491,2021-06-25 17:49:00,GXGX
10.18,10.18,10.18,10.18,100,2021-06-25 17:51:00,GXGX
10.18,10.18,10.18,10.18,100,2021-06-25 17:54:00,GXGX
10.17,10.17,10.17,10.17,200,2021-06-25 17:57:00,GXGX
10.18,10.18,10.18,10.18,400,2021-06-25 18:49:00,GXGX
10.185,10.185,10.185,10.185,500,2021-06-25 18:57:00,GXGX
10.19,10.19,10.19,10.19,744,2021-06-25 19:24:00,GXGX
10.19,10.19,10.19,10.19,181,2021-06-25 19:33:00,GXGX
10.19,10.19,10.19,10.19,200,2021-06-25 19:37:00,GXGX
10.185,10.1899,10.185,10.1899,220,2021-06-25 19:39:00,GXGX
10.185,10.1899,10.185,10.1899,200,2021-06-25 19:40:00,GXGX
10.19,10.19,10.1899,10.1899,326,2021-06-25 19:43:00,GXGX
10.19,10.19,10.1899,10.1899,474,2021-06-25 19:44:00,GXGX
10.1886,10.1886,10.1886,10.1886,318,2021-06-25 19:46:00,GXGX
10.1886,10.1899,10.1886,10.1899,435,2021-06-25 19:49:00,GXGX
10.185,10.1876,10.16,10.17,7532,2021-06-25 19:50:00,GXGX
10.19,10.19,10.175,10.175,566,2021-06-25 19:53:00,GXGX
10.18,10.1899,10.17,10.17,3642,2021-06-25 19:54:00,GXGX
10.1799,10.1799,10.1799,10.1799,170,2021-06-25 19:55:00,GXGX
10.18,10.19,10.17,10.19,3965,2021-06-25 19:56:00,GXGX
10.18,10.185,10.17,10.17,2126,2021-06-25 19:57:00,GXGX
10.18,10.18,10.18,10.18,749,2021-06-25 19:58:00,GXGX
10.19,10.19,10.16,10.16,1970,2021-06-25 19:59:00,GXGX
10.16,10.16,10.16,10.16,14489,2021-06-25 20:00:00,GXGX
10.16,10.16,10.16,10.16,100,2021-06-28 12:52:00,GXGX
10.16,10.16,10.16,10.16,1511,2021-06-28 13:30:00,GXGX
10.17,10.17,10.17,10.17,3000,2021-06-28 13:50:00,GXGX
10.17,10.17,10.17,10.17,100,2021-06-28 13:53:00,GXGX
10.16,10.16,10.16,10.16,900,2021-06-28 13:57:00,GXGX
10.17,10.17,10.17,10.17,500,2021-06-28 13:58:00,GXGX
10.18,10.18,10.18,10.18,300,2021-06-28 14:12:00,GXGX
10.1799,10.1799,10.1799,10.1799,100,2021-06-28 14:16:00,GXGX
10.17,10.17,10.17,10.17,5100,2021-06-28 15:02:00,GXGX
10.18,10.18,10.18,10.18,388,2021-06-28 15:06:00,GXGX
10.18,10.18,10.18,10.18,2027,2021-06-28 15:12:00,GXGX
10.176,10.176,10.176,10.176,107,2021-06-28 15:13:00,GXGX
10.1899,10.1899,10.1899,10.1899,100,2021-06-28 15:18:00,GXGX
10.18,10.18,10.18,10.18,150,2021-06-28 16:14:00,GXGX
10.19,10.19,10.19,10.19,100,2021-06-28 16:24:00,GXGX
10.17,10.17,10.17,10.17,125,2021-06-28 17:05:00,GXGX
10.1885,10.1885,10.1885,10.1885,800,2021-06-28 17:46:00,GXGX
10.19,10.19,10.19,10.19,500,2021-06-28 17:54:00,GXGX
10.19,10.19,10.18,10.19,150700,2021-06-28 18:09:00,GXGX
10.19,10.19,10.19,10.19,475,2021-06-28 18:21:00,GXGX
10.18,10.18,10.18,10.18,200,2021-06-28 18:26:00,GXGX
10.18,10.18,10.18,10.18,100,2021-06-28 18:41:00,GXGX
10.175,10.175,10.17,10.17,200,2021-06-28 19:22:00,GXGX
10.18,10.18,10.1795,10.18,500,2021-06-28 19:33:00,GXGX
10.18,10.18,10.18,10.18,100,2021-06-28 19:34:00,GXGX
10.171,10.171,10.171,10.171,100,2021-06-28 19:36:00,GXGX
10.18,10.18,10.18,10.18,768,2021-06-28 19:41:00,GXGX
10.1701,10.1701,10.1701,10.1701,104,2021-06-28 19:45:00,GXGX
10.18,10.18,10.18,10.18,200,2021-06-28 19:51:00,GXGX
10.1701,10.1701,10.1701,10.1701,172,2021-06-28 19:54:00,GXGX
10.18,10.18,10.17,10.17,1335,2021-06-28 19:56:00,GXGX
10.18,10.18,10.18,10.18,3000,2021-06-28 19:58:00,GXGX
10.17,10.19,10.17,10.19,1713,2021-06-28 19:59:00,GXGX
10.18,10.18,10.18,10.18,200,2021-06-28 20:00:00,GXGX
10.19,10.19,10.19,10.19,591,2021-06-29 13:30:00,GXGX
10.189,10.189,10.189,10.189,250,2021-06-29 13:39:00,GXGX
10.18,10.18,10.18,10.18,100,2021-06-29 13:45:00,GXGX
10.19,10.19,10.19,10.19,781,2021-06-29 13:53:00,GXGX
10.18,10.18,10.18,10.18,100,2021-06-29 13:56:00,GXGX
10.19,10.19,10.19,10.19,100,2021-06-29 13:58:00,GXGX
10.18,10.18,10.18,10.18,100,2021-06-29 14:35:00,GXGX
10.19,10.19,10.19,10.19,125,2021-06-29 14:45:00,GXGX
10.19,10.19,10.19,10.19,100,2021-06-29 15:28:00,GXGX
10.1854,10.19,10.1854,10.19,1800,2021-06-29 15:48:00,GXGX
10.19,10.19,10.19,10.19,100,2021-06-29 15:58:00,GXGX
10.18,10.18,10.18,10.18,4186,2021-06-29 16:04:00,GXGX
10.1767,10.1767,10.1767,10.1767,300,2021-06-29 16:05:00,GXGX
10.18,10.18,10.18,10.18,100,2021-06-29 16:06:00,GXGX
10.18,10.18,10.18,10.18,200,2021-06-29 16:10:00,GXGX
10.18,10.18,10.18,10.18,200,2021-06-29 16:13:00,GXGX
10.18,10.18,10.18,10.18,200,2021-06-29 16:26:00,GXGX
10.18,10.18,10.18,10.18,100,2021-06-29 16:32:00,GXGX
10.18,10.18,10.18,10.18,100,2021-06-29 16:35:00,GXGX
10.18,10.18,10.18,10.18,100,2021-06-29 16:40:00,GXGX
10.1701,10.18,10.1701,10.18,1558,2021-06-29 16:52:00,GXGX
10.18,10.18,10.18,10.18,1100,2021-06-29 16:53:00,GXGX
10.18,10.18,10.18,10.18,200,2021-06-29 17:15:00,GXGX
10.175,10.175,10.17,10.17,200,2021-06-29 17:42:00,GXGX
10.175,10.175,10.175,10.175,100,2021-06-29 18:06:00,GXGX
10.175,10.175,10.17,10.17,2633,2021-06-29 18:31:00,GXGX
10.18,10.18,10.18,10.18,200,2021-06-29 18:32:00,GXGX
10.18,10.18,10.18,10.18,200,2021-06-29 18:37:00,GXGX
10.1724,10.1724,10.1724,10.1724,100,2021-06-29 18:39:00,GXGX
10.18,10.18,10.18,10.18,100,2021-06-29 18:47:00,GXGX
10.18,10.18,10.18,10.18,100,2021-06-29 18:48:00,GXGX
10.18,10.18,10.18,10.18,200,2021-06-29 18:59:00,GXGX
10.1705,10.1705,10.17,10.17,492,2021-06-29 19:02:00,GXGX
10.1701,10.1701,10.1701,10.1701,600,2021-06-29 19:26:00,GXGX
10.18,10.18,10.18,10.18,100,2021-06-29 19:35:00,GXGX
10.18,10.18,10.18,10.18,100,2021-06-29 19:37:00,GXGX
10.1701,10.1701,10.1701,10.1701,177,2021-06-29 19:41:00,GXGX
10.17,10.17,10.17,10.17,105,2021-06-29 19:43:00,GXGX
10.1701,10.1701,10.1701,10.1701,103,2021-06-29 19:45:00,GXGX
10.1701,10.1701,10.1701,10.1701,116,2021-06-29 19:47:00,GXGX
10.17,10.18,10.17,10.18,222,2021-06-29 19:49:00,GXGX
10.18,10.18,10.18,10.18,910,2021-06-29 19:50:00,GXGX
10.1801,10.1801,10.1801,10.1801,211,2021-06-29 19:54:00,GXGX
10.1801,10.1801,10.1801,10.1801,227,2021-06-29 19:56:00,GXGX
10.18,10.19,10.18,10.19,290,2021-06-29 19:57:00,GXGX
10.18,10.19,10.18,10.19,1866,2021-06-29 19:59:00,GXGX
10.18,10.18,10.18,10.18,963,2021-06-29 20:00:00,GXGX
10.17,10.17,10.17,10.17,1193,2021-06-30 13:30:00,GXGX
10.18,10.18,10.18,10.18,100,2021-06-30 13:42:00,GXGX
10.18,10.18,10.18,10.18,200,2021-06-30 13:57:00,GXGX
10.171,10.171,10.17,10.17,200,2021-06-30 14:23:00,GXGX
10.175,10.175,10.175,10.175,118,2021-06-30 14:43:00,GXGX
10.18,10.18,10.18,10.18,1000,2021-06-30 15:01:00,GXGX
10.17,10.17,10.17,10.17,400,2021-06-30 15:02:00,GXGX
10.18,10.18,10.18,10.18,400,2021-06-30 15:07:00,GXGX
10.18,10.18,10.17,10.17,500,2021-06-30 15:22:00,GXGX
10.175,10.175,10.17,10.17,345,2021-06-30 15:25:00,GXGX
10.18,10.18,10.17,10.17,500,2021-06-30 15:47:00,GXGX
10.17,10.17,10.17,10.17,100,2021-06-30 15:48:00,GXGX
10.1723,10.1723,10.1723,10.1723,200,2021-06-30 16:23:00,GXGX
10.18,10.18,10.18,10.18,190,2021-06-30 16:24:00,GXGX
10.18,10.18,10.18,10.18,100,2021-06-30 16:39:00,GXGX
10.1701,10.1701,10.1701,10.1701,100,2021-06-30 16:41:00,GXGX
10.18,10.18,10.18,10.18,100,2021-06-30 16:43:00,GXGX
10.17,10.17,10.17,10.17,826,2021-06-30 16:44:00,GXGX
10.18,10.18,10.18,10.18,100,2021-06-30 16:53:00,GXGX
10.17,10.17,10.17,10.17,100,2021-06-30 17:04:00,GXGX
10.1777,10.1777,10.175,10.175,217,2021-06-30 17:08:00,GXGX
10.17,10.17,10.17,10.17,300,2021-06-30 17:09:00,GXGX
10.17,10.17,10.17,10.17,300,2021-06-30 17:10:00,GXGX
10.17,10.17,10.17,10.17,300,2021-06-30 17:12:00,GXGX
10.17,10.175,10.17,10.175,400,2021-06-30 17:13:00,GXGX
10.17,10.17,10.17,10.17,300,2021-06-30 17:15:00,GXGX
10.17,10.17,10.17,10.17,800,2021-06-30 17:17:00,GXGX
10.17,10.175,10.17,10.175,2254,2021-06-30 17:18:00,GXGX
10.17,10.17,10.17,10.17,300,2021-06-30 17:20:00,GXGX
10.17,10.17,10.17,10.17,300,2021-06-30 17:22:00,GXGX
10.17,10.17,10.17,10.17,300,2021-06-30 17:23:00,GXGX
10.17,10.17,10.17,10.17,300,2021-06-30 17:25:00,GXGX
10.17,10.17,10.17,10.17,300,2021-06-30 17:26:00,GXGX
10.17,10.17,10.17,10.17,300,2021-06-30 17:28:00,GXGX
10.175,10.175,10.175,10.175,500,2021-06-30 17:29:00,GXGX
10.17,10.17,10.17,10.17,300,2021-06-30 17:30:00,GXGX
10.17,10.17,10.17,10.17,300,2021-06-30 17:31:00,GXGX
10.17,10.175,10.17,10.175,400,2021-06-30 17:33:00,GXGX
10.17,10.175,10.17,10.175,700,2021-06-30 17:35:00,GXGX
10.175,10.175,10.17,10.17,300,2021-06-30 17:36:00,GXGX
10.17,10.175,10.17,10.175,400,2021-06-30 17:38:00,GXGX
10.17,10.17,10.17,10.17,300,2021-06-30 17:39:00,GXGX
10.175,10.175,10.175,10.175,100,2021-06-30 17:40:00,GXGX
10.17,10.17,10.17,10.17,300,2021-06-30 17:41:00,GXGX
10.17,10.17,10.17,10.17,300,2021-06-30 17:42:00,GXGX
10.17,10.175,10.17,10.175,500,2021-06-30 17:44:00,GXGX
10.17,10.175,10.17,10.175,400,2021-06-30 17:46:00,GXGX
10.17,10.17,10.17,10.17,300,2021-06-30 17:47:00,GXGX
10.17,10.175,10.17,10.175,500,2021-06-30 17:49:00,GXGX
10.17,10.17,10.17,10.17,300,2021-06-30 17:51:00,GXGX
10.17,10.17,10.17,10.17,300,2021-06-30 17:52:00,GXGX
10.17,10.17,10.17,10.17,300,2021-06-30 17:54:00,GXGX
10.175,10.175,10.17,10.175,500,2021-06-30 17:55:00,GXGX
10.17,10.175,10.17,10.175,400,2021-06-30 17:57:00,GXGX
10.17,10.17,10.17,10.17,300,2021-06-30 17:58:00,GXGX
10.17,10.17,10.17,10.17,300,2021-06-30 18:00:00,GXGX
10.17,10.175,10.17,10.175,400,2021-06-30 18:01:00,GXGX
10.175,10.175,10.175,10.175,100,2021-06-30 18:02:00,GXGX
10.17,10.17,10.17,10.17,300,2021-06-30 18:03:00,GXGX
10.17,10.175,10.17,10.175,400,2021-06-30 18:05:00,GXGX
10.175,10.175,10.175,10.175,600,2021-06-30 18:06:00,GXGX
10.17,10.17,10.17,10.17,300,2021-06-30 18:07:00,GXGX
10.17,10.1741,10.17,10.17,500,2021-06-30 18:08:00,GXGX
10.17,10.175,10.17,10.175,400,2021-06-30 18:10:00,GXGX
10.17,10.175,10.17,10.175,400,2021-06-30 18:12:00,GXGX
10.17,10.17,10.17,10.17,300,2021-06-30 18:13:00,GXGX
10.175,10.175,10.17,10.17,400,2021-06-30 18:14:00,GXGX
10.17,10.175,10.17,10.175,400,2021-06-30 18:16:00,GXGX
10.17,10.17,10.17,10.17,300,2021-06-30 18:18:00,GXGX
10.17,10.175,10.17,10.175,400,2021-06-30 18:19:00,GXGX
10.17,10.17,10.17,10.17,300,2021-06-30 18:21:00,GXGX
10.17,10.175,10.17,10.175,1800,2021-06-30 18:22:00,GXGX
10.175,10.175,10.175,10.175,200,2021-06-30 18:23:00,GXGX
10.17,10.17,10.17,10.17,300,2021-06-30 18:25:00,GXGX
10.17,10.17,10.17,10.17,300,2021-06-30 18:26:00,GXGX
10.17,10.175,10.17,10.175,500,2021-06-30 18:28:00,GXGX
10.17,10.17,10.17,10.17,300,2021-06-30 18:30:00,GXGX
10.17,10.17,10.17,10.17,300,2021-06-30 18:31:00,GXGX
10.175,10.175,10.17,10.17,400,2021-06-30 18:32:00,GXGX
10.17,10.175,10.17,10.175,400,2021-06-30 18:34:00,GXGX
10.17,10.175,10.17,10.175,400,2021-06-30 18:36:00,GXGX
10.17,10.17,10.17,10.17,300,2021-06-30 18:37:00,GXGX
10.17,10.17,10.17,10.17,600,2021-06-30 18:39:00,GXGX
10.17,10.17,10.17,10.17,300,2021-06-30 18:40:00,GXGX
10.18,10.18,10.18,10.18,100,2021-06-30 18:41:00,GXGX
10.17,10.17,10.17,10.17,300,2021-06-30 18:42:00,GXGX
10.17,10.17,10.17,10.17,300,2021-06-30 18:43:00,GXGX
10.175,10.175,10.175,10.175,100,2021-06-30 18:44:00,GXGX
10.17,10.175,10.17,10.175,400,2021-06-30 18:45:00,GXGX
10.175,10.175,10.17,10.17,800,2021-06-30 18:46:00,GXGX
10.17,10.175,10.17,10.175,500,2021-06-30 18:48:00,GXGX
10.17,10.17,10.17,10.17,300,2021-06-30 18:49:00,GXGX
10.17,10.17,10.17,10.17,300,2021-06-30 18:51:00,GXGX
10.17,10.175,10.17,10.175,400,2021-06-30 18:52:00,GXGX
10.175,10.175,10.175,10.175,100,2021-06-30 18:53:00,GXGX
10.17,10.17,10.17,10.17,300,2021-06-30 18:54:00,GXGX
10.17,10.17,10.17,10.17,300,2021-06-30 18:55:00,GXGX
10.17,10.175,10.17,10.175,400,2021-06-30 18:57:00,GXGX
10.17,10.175,10.17,10.175,400,2021-06-30 18:58:00,GXGX
10.17,10.17,10.17,10.17,300,2021-06-30 19:00:00,GXGX
10.175,10.175,10.17,10.17,400,2021-06-30 19:01:00,GXGX
10.17,10.17,10.17,10.17,300,2021-06-30 19:03:00,GXGX
10.175,10.175,10.17,10.175,600,2021-06-30 19:04:00,GXGX
10.17,10.17,10.17,10.17,300,2021-06-30 19:06:00,GXGX
10.17,10.17,10.17,10.17,300,2021-06-30 19:07:00,GXGX
10.17,10.175,10.17,10.17,1100,2021-06-30 19:08:00,GXGX
10.175,10.175,10.17,10.175,1000,2021-06-30 19:09:00,GXGX
10.17,10.17,10.17,10.17,300,2021-06-30 19:10:00,GXGX
10.17,10.17,10.17,10.17,300,2021-06-30 19:11:00,GXGX
10.17,10.17,10.17,10.17,300,2021-06-30 19:13:00,GXGX
10.17,10.175,10.17,10.175,500,2021-06-30 19:14:00,GXGX
10.17,10.17,10.17,10.17,300,2021-06-30 19:16:00,GXGX
10.175,10.175,10.17,10.17,400,2021-06-30 19:17:00,GXGX
10.17,10.175,10.17,10.175,1700,2021-06-30 19:19:00,GXGX
10.18,10.18,10.17,10.17,400,2021-06-30 19:20:00,GXGX
10.17,10.18,10.17,10.175,1173,2021-06-30 19:22:00,GXGX
10.17,10.17,10.17,10.17,300,2021-06-30 19:23:00,GXGX
10.17,10.17,10.17,10.17,300,2021-06-30 19:24:00,GXGX
10.17,10.18,10.17,10.18,400,2021-06-30 19:26:00,GXGX
10.17,10.175,10.17,10.175,400,2021-06-30 19:27:00,GXGX
10.17,10.175,10.17,10.175,400,2021-06-30 19:29:00,GXGX
10.17,10.17,10.17,10.17,300,2021-06-30 19:30:00,GXGX
10.17,10.17,10.17,10.17,300,2021-06-30 19:32:00,GXGX
10.175,10.175,10.17,10.17,400,2021-06-30 19:33:00,GXGX
10.17,10.17,10.17,10.17,300,2021-06-30 19:35:00,GXGX
10.175,10.175,10.17,10.17,400,2021-06-30 19:36:00,GXGX
10.17,10.17,10.17,10.17,300,2021-06-30 19:38:00,GXGX
10.17,10.17,10.17,10.17,300,2021-06-30 19:39:00,GXGX
10.17,10.17,10.17,10.17,300,2021-06-30 19:40:00,GXGX
10.175,10.175,10.175,10.175,100,2021-06-30 19:41:00,GXGX
10.17,10.17,10.17,10.17,300,2021-06-30 19:42:00,GXGX
10.17,10.175,10.17,10.175,400,2021-06-30 19:43:00,GXGX
10.175,10.175,10.175,10.175,100,2021-06-30 19:44:00,GXGX
10.17,10.17,10.17,10.17,400,2021-06-30 19:45:00,GXGX
10.17,10.17,10.17,10.17,300,2021-06-30 19:46:00,GXGX
10.175,10.175,10.17,10.175,600,2021-06-30 19:48:00,GXGX
10.175,10.175,10.17,10.17,400,2021-06-30 19:49:00,GXGX
10.18,10.18,10.175,10.175,300,2021-06-30 19:50:00,GXGX
10.17,10.175,10.17,10.17,683,2021-06-30 19:51:00,GXGX
10.17,10.17,10.17,10.17,200,2021-06-30 19:52:00,GXGX
10.175,10.175,10.17,10.17,500,2021-06-30 19:53:00,GXGX
10.17,10.175,10.17,10.17,529,2021-06-30 19:54:00,GXGX
10.17,10.175,10.17,10.175,2452,2021-06-30 19:55:00,GXGX
10.175,10.175,10.175,10.175,100,2021-06-30 19:56:00,GXGX
10.175,10.175,10.17,10.175,747,2021-06-30 19:57:00,GXGX
10.17,10.175,10.17,10.175,900,2021-06-30 19:58:00,GXGX
10.18,10.18,10.17,10.18,9691,2021-06-30 19:59:00,GXGX
10.18,10.18,10.18,10.18,3265,2021-06-30 20:00:00,GXGX
