open,high,low,close,volume,datetime,symbol
16.69,16.7,16.69,16.7,1328,2021-06-01 10:53:00,IMVT
15.21,15.21,15.2,15.2,343,2021-06-01 11:38:00,IMVT
15.2,15.2,15.2,15.2,933,2021-06-01 11:40:00,IMVT
15.2,15.2,15.2,15.2,1000,2021-06-01 11:41:00,IMVT
15.2,15.55,15.2,15.55,2665,2021-06-01 11:47:00,IMVT
15.4,15.4,15.4,15.4,3435,2021-06-01 11:49:00,IMVT
15.01,15.01,15.0,15.0,1400,2021-06-01 12:04:00,IMVT
14.9,14.9,14.9,14.9,1479,2021-06-01 12:11:00,IMVT
14.86,14.86,14.84,14.84,1674,2021-06-01 12:13:00,IMVT
14.8,14.8,14.8,14.8,100,2021-06-01 12:16:00,IMVT
14.8,14.8,14.79,14.79,200,2021-06-01 12:18:00,IMVT
14.78,14.78,14.78,14.78,100,2021-06-01 12:19:00,IMVT
14.72,14.72,14.67,14.67,1131,2021-06-01 12:20:00,IMVT
14.66,14.66,14.66,14.66,100,2021-06-01 12:21:00,IMVT
14.5,14.5,14.5,14.5,500,2021-06-01 12:22:00,IMVT
14.5,14.5,14.5,14.5,482,2021-06-01 12:23:00,IMVT
14.5,14.52,14.5,14.5,2266,2021-06-01 12:24:00,IMVT
14.41,14.41,14.41,14.41,100,2021-06-01 12:26:00,IMVT
14.39,14.4,14.39,14.4,797,2021-06-01 12:27:00,IMVT
14.4,14.4,14.35,14.35,604,2021-06-01 12:28:00,IMVT
14.35,14.35,14.35,14.35,1139,2021-06-01 12:29:00,IMVT
14.35,14.35,14.25,14.25,1160,2021-06-01 12:30:00,IMVT
14.1,14.1,13.8,13.8,990,2021-06-01 12:31:00,IMVT
13.91,13.91,13.9,13.9,1168,2021-06-01 12:33:00,IMVT
13.75,13.75,13.75,13.75,100,2021-06-01 12:39:00,IMVT
14.0,14.0,13.85,13.85,1100,2021-06-01 12:40:00,IMVT
13.85,13.85,13.85,13.85,1735,2021-06-01 12:41:00,IMVT
13.85,13.85,13.85,13.85,458,2021-06-01 12:42:00,IMVT
13.85,13.85,13.85,13.85,1940,2021-06-01 12:48:00,IMVT
13.85,13.85,13.85,13.85,100,2021-06-01 12:50:00,IMVT
13.9,13.9,13.9,13.9,100,2021-06-01 12:52:00,IMVT
13.85,13.85,13.46,13.46,820,2021-06-01 12:53:00,IMVT
13.5,13.5,13.5,13.5,300,2021-06-01 12:54:00,IMVT
13.5,13.5,13.44,13.44,2370,2021-06-01 12:55:00,IMVT
13.44,13.44,13.43,13.44,3231,2021-06-01 12:56:00,IMVT
13.45,13.45,13.35,13.35,7112,2021-06-01 12:57:00,IMVT
13.35,13.45,13.25,13.25,2400,2021-06-01 12:58:00,IMVT
13.25,13.25,13.0,13.0,1340,2021-06-01 12:59:00,IMVT
13.0,13.0,13.0,13.0,100,2021-06-01 13:00:00,IMVT
12.92,12.97,12.92,12.97,500,2021-06-01 13:01:00,IMVT
12.75,12.75,12.0,12.0,1277,2021-06-01 13:02:00,IMVT
12.31,12.31,12.31,12.31,1231,2021-06-01 13:03:00,IMVT
12.24,12.25,11.89,12.0,7486,2021-06-01 13:04:00,IMVT
12.0,12.0,10.82,11.1,13385,2021-06-01 13:05:00,IMVT
10.82,11.39,10.82,11.38,8316,2021-06-01 13:06:00,IMVT
11.39,12.0,11.2,12.0,14246,2021-06-01 13:07:00,IMVT
11.95,12.0,11.62,11.62,5497,2021-06-01 13:08:00,IMVT
11.81,11.81,11.62,11.62,4808,2021-06-01 13:09:00,IMVT
11.94,12.0,11.93,12.0,3847,2021-06-01 13:10:00,IMVT
12.0,12.0,11.95,11.95,600,2021-06-01 13:11:00,IMVT
11.944,11.95,11.75,11.8,6809,2021-06-01 13:12:00,IMVT
11.8,11.8,11.74,11.77,1393,2021-06-01 13:13:00,IMVT
11.691,11.8,11.691,11.8,500,2021-06-01 13:14:00,IMVT
11.8,11.8,11.7,11.8,8749,2021-06-01 13:15:00,IMVT
11.8,11.8,11.69,11.74,3975,2021-06-01 13:16:00,IMVT
11.742,11.75,11.6,11.75,1818,2021-06-01 13:17:00,IMVT
11.75,11.8,11.75,11.75,6366,2021-06-01 13:19:00,IMVT
11.79,11.8,11.75,11.8,6207,2021-06-01 13:20:00,IMVT
11.9,11.95,11.808,11.81,2784,2021-06-01 13:21:00,IMVT
11.95,11.95,11.76,11.76,6939,2021-06-01 13:22:00,IMVT
11.76,11.78,11.75,11.76,17215,2021-06-01 13:23:00,IMVT
11.76,11.76,11.62,11.7,10937,2021-06-01 13:24:00,IMVT
11.72,11.72,11.51,11.61,6784,2021-06-01 13:25:00,IMVT
11.62,11.62,11.49,11.5,12544,2021-06-01 13:26:00,IMVT
11.5,11.5,11.4,11.4,3325,2021-06-01 13:27:00,IMVT
11.4,11.41,11.3,11.41,2473,2021-06-01 13:28:00,IMVT
11.37,11.38,11.22,11.26,2633,2021-06-01 13:29:00,IMVT
11.36,11.5,11.26,11.26,99504,2021-06-01 13:30:00,IMVT
11.265,11.2679,10.17,10.2,175494,2021-06-01 13:31:00,IMVT
10.2,10.7166,10.15,10.6205,93571,2021-06-01 13:32:00,IMVT
10.625,10.75,10.5,10.7499,82754,2021-06-01 13:33:00,IMVT
10.6601,11.0,10.6601,10.81,39556,2021-06-01 13:34:00,IMVT
10.8,11.15,10.8,10.965,42246,2021-06-01 13:35:00,IMVT
10.9401,11.31,10.85,11.195,173571,2021-06-01 13:36:00,IMVT
11.1718,11.6119,11.1201,11.4576,41267,2021-06-01 13:37:00,IMVT
11.45,11.55,11.2,11.48,65194,2021-06-01 13:38:00,IMVT
11.4501,11.83,11.4501,11.8015,65859,2021-06-01 13:39:00,IMVT
11.8384,12.13,11.8101,12.0601,104519,2021-06-01 13:40:00,IMVT
12.08,12.28,11.82,11.88,65067,2021-06-01 13:41:00,IMVT
11.87,11.99,11.7001,11.8,40230,2021-06-01 13:42:00,IMVT
11.8,11.9,11.63,11.64,47226,2021-06-01 13:43:00,IMVT
11.695,11.89,11.63,11.8001,63543,2021-06-01 13:44:00,IMVT
11.8897,12.04,11.8,11.825,46181,2021-06-01 13:45:00,IMVT
11.855,12.0,11.82,11.955,49037,2021-06-01 13:46:00,IMVT
11.97,12.08,11.95,12.07,45283,2021-06-01 13:47:00,IMVT
12.06,12.23,12.06,12.23,48905,2021-06-01 13:48:00,IMVT
12.2,12.49,12.12,12.47,52729,2021-06-01 13:49:00,IMVT
12.45,12.5,12.3001,12.4501,115513,2021-06-01 13:50:00,IMVT
12.45,12.69,12.3001,12.3001,79941,2021-06-01 13:51:00,IMVT
12.3421,12.4699,12.2006,12.21,40433,2021-06-01 13:52:00,IMVT
12.2159,12.55,12.2,12.4301,67890,2021-06-01 13:53:00,IMVT
12.485,12.72,12.43,12.6912,37365,2021-06-01 13:54:00,IMVT
12.6701,12.7,12.37,12.37,36786,2021-06-01 13:55:00,IMVT
12.3505,12.66,12.26,12.62,49227,2021-06-01 13:56:00,IMVT
12.58,12.7,12.5561,12.66,29947,2021-06-01 13:57:00,IMVT
12.66,12.72,12.5301,12.695,52479,2021-06-01 13:58:00,IMVT
12.695,13.0,12.63,12.715,102344,2021-06-01 13:59:00,IMVT
12.6788,12.7603,12.53,12.65,46233,2021-06-01 14:00:00,IMVT
12.66,12.66,12.5301,12.59,21446,2021-06-01 14:01:00,IMVT
12.595,12.63,12.33,12.3305,44757,2021-06-01 14:02:00,IMVT
12.36,12.55,12.255,12.275,26987,2021-06-01 14:03:00,IMVT
12.285,12.35,12.15,12.2401,47299,2021-06-01 14:04:00,IMVT
12.195,12.33,12.14,12.215,32352,2021-06-01 14:05:00,IMVT
12.18,12.18,12.03,12.12,38834,2021-06-01 14:06:00,IMVT
12.155,12.28,12.15,12.175,17309,2021-06-01 14:07:00,IMVT
12.195,12.2593,12.1701,12.23,5400,2021-06-01 14:08:00,IMVT
12.2225,12.2399,12.145,12.16,15266,2021-06-01 14:09:00,IMVT
12.19,12.24,12.15,12.215,7352,2021-06-01 14:10:00,IMVT
12.215,12.225,12.05,12.11,28560,2021-06-01 14:11:00,IMVT
12.11,12.195,12.11,12.155,20616,2021-06-01 14:12:00,IMVT
12.13,12.17,12.0,12.155,66512,2021-06-01 14:13:00,IMVT
12.155,12.16,12.08,12.0878,18088,2021-06-01 14:14:00,IMVT
12.085,12.14,11.95,11.9999,53445,2021-06-01 14:15:00,IMVT
12.0,12.1487,11.96,12.04,30113,2021-06-01 14:16:00,IMVT
12.065,12.14,11.97,12.14,36182,2021-06-01 14:17:00,IMVT
12.12,12.13,12.0,12.07,31640,2021-06-01 14:18:00,IMVT
12.06,12.0733,11.98,11.99,8349,2021-06-01 14:19:00,IMVT
11.99,12.0,11.97,11.98,41417,2021-06-01 14:20:00,IMVT
11.98,12.0,11.91,11.995,22439,2021-06-01 14:21:00,IMVT
12.0,12.0,11.975,11.9975,16443,2021-06-01 14:22:00,IMVT
11.995,12.0,11.6,11.68,194854,2021-06-01 14:23:00,IMVT
11.61,12.06,11.6,11.78,85549,2021-06-01 14:24:00,IMVT
11.79,11.8,11.6201,11.6326,49784,2021-06-01 14:25:00,IMVT
11.66,11.67,11.52,11.67,48306,2021-06-01 14:26:00,IMVT
11.655,11.75,11.64,11.66,46591,2021-06-01 14:27:00,IMVT
11.675,11.675,11.51,11.54,45575,2021-06-01 14:28:00,IMVT
11.54,11.54,11.36,11.45,140542,2021-06-01 14:29:00,IMVT
11.48,11.65,11.46,11.61,56015,2021-06-01 14:30:00,IMVT
11.61,11.63,11.505,11.515,26858,2021-06-01 14:31:00,IMVT
11.525,11.5299,11.425,11.465,31182,2021-06-01 14:32:00,IMVT
11.465,11.53,11.42,11.48,18261,2021-06-01 14:33:00,IMVT
11.475,11.49,11.4201,11.47,17585,2021-06-01 14:34:00,IMVT
11.475,11.56,11.475,11.53,43167,2021-06-01 14:35:00,IMVT
11.53,11.61,11.52,11.535,62435,2021-06-01 14:36:00,IMVT
11.52,11.59,11.4701,11.56,30103,2021-06-01 14:37:00,IMVT
11.57,11.65,11.5634,11.59,63999,2021-06-01 14:38:00,IMVT
11.62,11.62,11.515,11.52,33881,2021-06-01 14:39:00,IMVT
11.52,11.5399,11.45,11.46,18491,2021-06-01 14:40:00,IMVT
11.4826,11.51,11.46,11.465,16281,2021-06-01 14:41:00,IMVT
11.462,11.48,11.46,11.465,16106,2021-06-01 14:42:00,IMVT
11.465,11.47,11.37,11.37,46601,2021-06-01 14:43:00,IMVT
11.37,11.38,11.3,11.34,34018,2021-06-01 14:44:00,IMVT
11.3499,11.3499,11.2501,11.27,21594,2021-06-01 14:45:00,IMVT
11.275,11.275,11.25,11.255,24301,2021-06-01 14:46:00,IMVT
11.255,11.26,11.25,11.2525,33545,2021-06-01 14:47:00,IMVT
11.255,11.285,11.25,11.255,28837,2021-06-01 14:48:00,IMVT
11.255,11.26,11.25,11.255,20129,2021-06-01 14:49:00,IMVT
11.25,11.26,11.09,11.0999,44191,2021-06-01 14:50:00,IMVT
11.09,11.15,11.075,11.0801,47129,2021-06-01 14:51:00,IMVT
11.095,11.15,11.09,11.13,27162,2021-06-01 14:52:00,IMVT
11.1363,11.15,11.13,11.15,25563,2021-06-01 14:53:00,IMVT
11.145,11.15,11.0005,11.09,46891,2021-06-01 14:54:00,IMVT
11.09,11.11,11.0701,11.1001,13899,2021-06-01 14:55:00,IMVT
11.105,11.14,11.1001,11.1101,19358,2021-06-01 14:56:00,IMVT
11.11,11.11,11.055,11.08,18506,2021-06-01 14:57:00,IMVT
11.09,11.12,11.0201,11.035,17706,2021-06-01 14:58:00,IMVT
11.025,11.06,10.9925,11.06,76477,2021-06-01 14:59:00,IMVT
11.06,11.13,11.055,11.1,14915,2021-06-01 15:00:00,IMVT
11.09,11.14,11.0801,11.085,21274,2021-06-01 15:01:00,IMVT
11.085,11.09,11.0201,11.0325,29153,2021-06-01 15:02:00,IMVT
11.035,11.04,11.03,11.035,15702,2021-06-01 15:03:00,IMVT
11.0301,11.04,10.9,10.905,52060,2021-06-01 15:04:00,IMVT
10.904,10.97,10.9,10.9599,22488,2021-06-01 15:05:00,IMVT
10.935,11.015,10.935,11.005,32882,2021-06-01 15:06:00,IMVT
11.005,11.02,10.985,11.0012,9438,2021-06-01 15:07:00,IMVT
11.0,11.01,10.98,10.9873,24755,2021-06-01 15:08:00,IMVT
10.985,10.99,10.93,10.9501,37524,2021-06-01 15:09:00,IMVT
10.96,11.04,10.96,11.02,67953,2021-06-01 15:10:00,IMVT
11.03,11.05,11.0,11.0265,33153,2021-06-01 15:11:00,IMVT
11.014,11.025,10.93,10.9681,27441,2021-06-01 15:12:00,IMVT
10.965,10.9899,10.9,10.9666,19900,2021-06-01 15:13:00,IMVT
10.97,10.97,10.9201,10.945,7727,2021-06-01 15:14:00,IMVT
10.9599,10.9999,10.93,10.999,11468,2021-06-01 15:15:00,IMVT
10.9996,11.0,10.98,10.985,24458,2021-06-01 15:16:00,IMVT
10.9951,11.0,10.98,11.0,13845,2021-06-01 15:17:00,IMVT
10.995,11.005,10.99,11.0,23252,2021-06-01 15:18:00,IMVT
11.0,11.0045,10.9901,11.0,17181,2021-06-01 15:19:00,IMVT
10.995,11.0,10.92,10.935,27924,2021-06-01 15:20:00,IMVT
10.9101,11.0,10.9101,10.9801,20620,2021-06-01 15:21:00,IMVT
10.9801,11.05,10.98,11.0,126499,2021-06-01 15:22:00,IMVT
11.0,11.01,10.99,10.9901,29092,2021-06-01 15:23:00,IMVT
10.998,11.0,10.9301,10.99,31767,2021-06-01 15:24:00,IMVT
10.9818,11.0,10.9818,10.995,14468,2021-06-01 15:25:00,IMVT
11.0,11.0,10.99,10.995,18043,2021-06-01 15:26:00,IMVT
10.995,10.995,10.9501,10.955,7736,2021-06-01 15:27:00,IMVT
10.955,10.99,10.9501,10.99,18614,2021-06-01 15:28:00,IMVT
10.98,10.99,10.975,10.99,9237,2021-06-01 15:29:00,IMVT
10.985,10.99,10.9801,10.99,16443,2021-06-01 15:30:00,IMVT
10.99,10.99,10.9801,10.99,20475,2021-06-01 15:31:00,IMVT
10.99,11.0,10.9801,10.985,9463,2021-06-01 15:32:00,IMVT
10.985,11.01,10.9801,11.005,51329,2021-06-01 15:33:00,IMVT
11.005,11.01,10.96,10.98,15778,2021-06-01 15:34:00,IMVT
10.975,10.98,10.9701,10.9701,6584,2021-06-01 15:35:00,IMVT
10.975,10.975,10.9001,10.92,35016,2021-06-01 15:36:00,IMVT
10.92,10.92,10.8,10.8568,60163,2021-06-01 15:37:00,IMVT
10.8447,10.9,10.8425,10.9,12257,2021-06-01 15:38:00,IMVT
10.8957,10.93,10.8501,10.93,14743,2021-06-01 15:39:00,IMVT
10.93,10.94,10.85,10.93,31370,2021-06-01 15:40:00,IMVT
10.92,10.97,10.895,10.895,29927,2021-06-01 15:41:00,IMVT
10.895,10.93,10.85,10.8701,23132,2021-06-01 15:42:00,IMVT
10.88,10.9,10.86,10.87,35235,2021-06-01 15:43:00,IMVT
10.88,10.9,10.87,10.89,32594,2021-06-01 15:44:00,IMVT
10.9,10.9,10.8701,10.885,36503,2021-06-01 15:45:00,IMVT
10.885,10.8961,10.87,10.89,8168,2021-06-01 15:46:00,IMVT
10.8833,10.9,10.8801,10.895,33823,2021-06-01 15:47:00,IMVT
10.9,10.9,10.8901,10.8998,34190,2021-06-01 15:48:00,IMVT
10.8901,10.9,10.8901,10.9,9448,2021-06-01 15:49:00,IMVT
10.895,10.92,10.8801,10.9,29143,2021-06-01 15:50:00,IMVT
10.9,10.9,10.88,10.9,18572,2021-06-01 15:51:00,IMVT
10.9,10.905,10.89,10.895,25207,2021-06-01 15:52:00,IMVT
10.895,10.91,10.895,10.9,21483,2021-06-01 15:53:00,IMVT
10.895,11.01,10.895,10.95,69723,2021-06-01 15:54:00,IMVT
10.965,10.97,10.9,10.91,75349,2021-06-01 15:55:00,IMVT
10.91,10.94,10.9001,10.9101,7122,2021-06-01 15:56:00,IMVT
10.92,10.95,10.91,10.92,22867,2021-06-01 15:57:00,IMVT
10.915,10.9199,10.91,10.915,8181,2021-06-01 15:58:00,IMVT
10.915,10.915,10.9,10.9,6800,2021-06-01 15:59:00,IMVT
10.905,10.91,10.9,10.908,15359,2021-06-01 16:00:00,IMVT
10.905,10.908,10.9,10.905,19200,2021-06-01 16:01:00,IMVT
10.9025,10.9199,10.86,10.91,28021,2021-06-01 16:02:00,IMVT
10.905,10.95,10.905,10.925,13350,2021-06-01 16:03:00,IMVT
10.925,10.93,10.8901,10.8919,17803,2021-06-01 16:04:00,IMVT
10.8901,10.9,10.89,10.895,14285,2021-06-01 16:05:00,IMVT
10.9,10.9,10.89,10.8901,15302,2021-06-01 16:06:00,IMVT
10.8901,10.8999,10.89,10.895,11748,2021-06-01 16:07:00,IMVT
10.9,10.92,10.8901,10.915,28317,2021-06-01 16:08:00,IMVT
10.9101,10.92,10.89,10.895,8851,2021-06-01 16:09:00,IMVT
10.895,10.905,10.88,10.905,18561,2021-06-01 16:10:00,IMVT
10.909,10.92,10.905,10.915,9568,2021-06-01 16:11:00,IMVT
10.92,10.92,10.88,10.89,28938,2021-06-01 16:12:00,IMVT
10.885,10.9,10.88,10.8921,22843,2021-06-01 16:13:00,IMVT
10.895,10.91,10.8901,10.895,20729,2021-06-01 16:14:00,IMVT
10.895,10.93,10.895,10.925,13054,2021-06-01 16:15:00,IMVT
10.925,10.93,10.92,10.925,10546,2021-06-01 16:16:00,IMVT
10.925,10.93,10.92,10.925,8174,2021-06-01 16:17:00,IMVT
10.92,10.93,10.92,10.925,9695,2021-06-01 16:18:00,IMVT
10.925,10.93,10.92,10.9277,21502,2021-06-01 16:19:00,IMVT
10.925,10.93,10.92,10.9201,5356,2021-06-01 16:20:00,IMVT
10.92,10.925,10.915,10.915,12713,2021-06-01 16:21:00,IMVT
10.915,10.915,10.88,10.88,17104,2021-06-01 16:22:00,IMVT
10.88,10.915,10.88,10.915,101346,2021-06-01 16:23:00,IMVT
10.915,10.92,10.88,10.89,29958,2021-06-01 16:24:00,IMVT
10.89,10.92,10.89,10.9101,7040,2021-06-01 16:25:00,IMVT
10.91,10.9101,10.9,10.905,13601,2021-06-01 16:26:00,IMVT
10.905,10.91,10.9,10.91,9820,2021-06-01 16:27:00,IMVT
10.905,11.005,10.9,10.9999,28818,2021-06-01 16:28:00,IMVT
10.99,11.0,10.99,10.995,25722,2021-06-01 16:29:00,IMVT
10.995,11.0,10.97,11.0,25826,2021-06-01 16:30:00,IMVT
11.0,11.0,10.99,10.99,29503,2021-06-01 16:31:00,IMVT
11.0,11.01,10.93,11.0,56027,2021-06-01 16:32:00,IMVT
10.98,11.0,10.9701,10.99,11190,2021-06-01 16:33:00,IMVT
10.99,11.0,10.99,10.9977,21017,2021-06-01 16:34:00,IMVT
10.995,10.9982,10.9909,10.995,7713,2021-06-01 16:35:00,IMVT
10.995,11.0,10.9901,10.995,8446,2021-06-01 16:36:00,IMVT
10.9999,11.0,10.995,11.0,12583,2021-06-01 16:37:00,IMVT
10.998,11.0,10.9722,10.9722,23122,2021-06-01 16:38:00,IMVT
10.975,11.0,10.9701,11.0,59974,2021-06-01 16:39:00,IMVT
10.995,11.0,10.9901,11.0,26989,2021-06-01 16:40:00,IMVT
11.0,11.0,10.9901,10.995,11595,2021-06-01 16:41:00,IMVT
10.995,11.0,10.9916,11.0,9515,2021-06-01 16:42:00,IMVT
10.995,11.0,10.99,10.995,16362,2021-06-01 16:43:00,IMVT
10.995,11.0,10.99,11.0,12987,2021-06-01 16:44:00,IMVT
10.9901,11.0,10.9901,11.0,7160,2021-06-01 16:45:00,IMVT
11.0,11.0,10.9501,10.97,43628,2021-06-01 16:46:00,IMVT
10.9882,11.0,10.97,10.98,40305,2021-06-01 16:47:00,IMVT
10.975,10.98,10.9723,10.9728,2001,2021-06-01 16:48:00,IMVT
10.98,10.99,10.98,10.99,8182,2021-06-01 16:49:00,IMVT
10.985,11.0,10.9801,10.995,5435,2021-06-01 16:50:00,IMVT
10.995,11.0,10.99,10.995,6800,2021-06-01 16:51:00,IMVT
10.995,11.0,10.9901,10.9901,4860,2021-06-01 16:52:00,IMVT
10.995,11.0,10.995,11.0,5477,2021-06-01 16:53:00,IMVT
11.0,11.01,10.99,11.0,135794,2021-06-01 16:54:00,IMVT
11.0,11.0,10.99,11.0,17394,2021-06-01 16:55:00,IMVT
11.0,11.0,10.96,10.96,89214,2021-06-01 16:56:00,IMVT
10.965,10.98,10.87,10.93,47445,2021-06-01 16:57:00,IMVT
10.925,10.95,10.925,10.94,11622,2021-06-01 16:58:00,IMVT
10.95,10.95,10.93,10.93,13528,2021-06-01 16:59:00,IMVT
10.93,10.93,10.9,10.92,13947,2021-06-01 17:00:00,IMVT
10.93,10.93,10.92,10.92,5304,2021-06-01 17:01:00,IMVT
10.92,10.925,10.9,10.905,10159,2021-06-01 17:02:00,IMVT
10.9099,10.9099,10.8801,10.8801,16461,2021-06-01 17:03:00,IMVT
10.8816,10.919,10.8816,10.905,19956,2021-06-01 17:04:00,IMVT
10.9,10.91,10.9,10.9001,7194,2021-06-01 17:05:00,IMVT
10.9,10.9099,10.9,10.905,5760,2021-06-01 17:06:00,IMVT
10.9001,10.905,10.87,10.88,22179,2021-06-01 17:07:00,IMVT
10.8801,10.89,10.88,10.89,3550,2021-06-01 17:08:00,IMVT
10.885,10.9,10.885,10.899,7887,2021-06-01 17:09:00,IMVT
10.895,10.9,10.89,10.89,14536,2021-06-01 17:10:00,IMVT
10.885,10.9,10.8801,10.8999,16853,2021-06-01 17:11:00,IMVT
10.9,10.9,10.893,10.9,5033,2021-06-01 17:12:00,IMVT
10.895,10.95,10.895,10.935,27512,2021-06-01 17:13:00,IMVT
10.93,10.9383,10.92,10.92,12509,2021-06-01 17:14:00,IMVT
10.925,10.925,10.86,10.87,31463,2021-06-01 17:15:00,IMVT
10.865,10.92,10.86,10.9,13939,2021-06-01 17:16:00,IMVT
10.905,10.925,10.9001,10.92,15565,2021-06-01 17:17:00,IMVT
10.915,10.915,10.885,10.9,22027,2021-06-01 17:18:00,IMVT
10.9,10.9,10.89,10.9,8153,2021-06-01 17:19:00,IMVT
10.9,10.91,10.89,10.9,16236,2021-06-01 17:20:00,IMVT
10.909,10.92,10.9001,10.915,28747,2021-06-01 17:21:00,IMVT
10.915,10.92,10.91,10.92,18340,2021-06-01 17:22:00,IMVT
10.914,10.915,10.9001,10.9001,9943,2021-06-01 17:23:00,IMVT
10.9001,10.91,10.9,10.905,9526,2021-06-01 17:24:00,IMVT
10.9001,10.91,10.88,10.89,23004,2021-06-01 17:25:00,IMVT
10.89,10.91,10.89,10.895,16918,2021-06-01 17:26:00,IMVT
10.8985,10.91,10.8901,10.895,19743,2021-06-01 17:27:00,IMVT
10.9,10.91,10.8901,10.905,11918,2021-06-01 17:28:00,IMVT
10.91,10.91,10.89,10.8901,13546,2021-06-01 17:29:00,IMVT
10.8901,10.9,10.88,10.9,17021,2021-06-01 17:30:00,IMVT
10.9,10.9,10.89,10.895,14862,2021-06-01 17:31:00,IMVT
10.8901,10.91,10.89,10.9,36418,2021-06-01 17:32:00,IMVT
10.905,10.905,10.8801,10.885,7000,2021-06-01 17:33:00,IMVT
10.8801,10.89,10.88,10.8899,14033,2021-06-01 17:34:00,IMVT
10.8801,10.9,10.8801,10.8901,14176,2021-06-01 17:35:00,IMVT
10.9,10.905,10.895,10.895,8671,2021-06-01 17:36:00,IMVT
10.9,10.9,10.8901,10.895,14406,2021-06-01 17:37:00,IMVT
10.895,10.9,10.89,10.89,10459,2021-06-01 17:38:00,IMVT
10.8901,10.9,10.89,10.89,9967,2021-06-01 17:39:00,IMVT
10.89,10.9,10.87,10.875,15407,2021-06-01 17:40:00,IMVT
10.875,10.8784,10.86,10.865,14523,2021-06-01 17:41:00,IMVT
10.865,10.87,10.86,10.865,7943,2021-06-01 17:42:00,IMVT
10.86,10.9,10.86,10.895,34877,2021-06-01 17:43:00,IMVT
10.895,10.9,10.8933,10.9,10576,2021-06-01 17:44:00,IMVT
10.895,10.9,10.8901,10.9,4750,2021-06-01 17:45:00,IMVT
10.895,10.9,10.89,10.895,18520,2021-06-01 17:46:00,IMVT
10.895,10.9,10.89,10.89,25218,2021-06-01 17:47:00,IMVT
10.8881,10.9,10.885,10.8901,26910,2021-06-01 17:48:00,IMVT
10.9,10.9,10.8901,10.9,62756,2021-06-01 17:49:00,IMVT
10.895,10.9,10.87,10.8701,34051,2021-06-01 17:50:00,IMVT
10.88,10.89,10.87,10.89,14538,2021-06-01 17:51:00,IMVT
10.89,10.9,10.88,10.885,18444,2021-06-01 17:52:00,IMVT
10.8878,10.89,10.88,10.8883,2422,2021-06-01 17:53:00,IMVT
10.89,10.9,10.87,10.885,27422,2021-06-01 17:54:00,IMVT
10.885,10.9,10.885,10.8922,8724,2021-06-01 17:55:00,IMVT
10.895,10.9,10.8949,10.9,10398,2021-06-01 17:56:00,IMVT
10.895,10.8977,10.88,10.885,10000,2021-06-01 17:57:00,IMVT
10.885,10.89,10.885,10.885,3206,2021-06-01 17:58:00,IMVT
10.88,10.89,10.87,10.875,11352,2021-06-01 17:59:00,IMVT
10.8782,10.88,10.8701,10.875,10114,2021-06-01 18:00:00,IMVT
10.88,10.99,10.879,10.93,50572,2021-06-01 18:01:00,IMVT
10.945,10.95,10.93,10.935,11853,2021-06-01 18:02:00,IMVT
10.935,10.94,10.8901,10.895,28284,2021-06-01 18:03:00,IMVT
10.895,10.92,10.89,10.92,13125,2021-06-01 18:04:00,IMVT
10.915,10.92,10.9,10.905,11349,2021-06-01 18:05:00,IMVT
10.905,10.91,10.9,10.905,9996,2021-06-01 18:06:00,IMVT
10.905,10.91,10.9,10.905,11448,2021-06-01 18:07:00,IMVT
10.9091,10.9091,10.905,10.905,1400,2021-06-01 18:08:00,IMVT
10.905,10.91,10.9,10.9,5410,2021-06-01 18:09:00,IMVT
10.905,10.91,10.902,10.905,4964,2021-06-01 18:10:00,IMVT
10.9001,10.91,10.89,10.8901,22092,2021-06-01 18:11:00,IMVT
10.9,10.9,10.89,10.8901,7965,2021-06-01 18:12:00,IMVT
10.895,10.895,10.87,10.875,29806,2021-06-01 18:13:00,IMVT
10.88,10.88,10.87,10.87,24293,2021-06-01 18:14:00,IMVT
10.87,10.875,10.82,10.825,68674,2021-06-01 18:15:00,IMVT
10.825,10.85,10.82,10.85,29055,2021-06-01 18:16:00,IMVT
10.8478,10.87,10.8201,10.8201,35173,2021-06-01 18:17:00,IMVT
10.825,10.83,10.82,10.83,12677,2021-06-01 18:18:00,IMVT
10.825,10.83,10.82,10.825,5544,2021-06-01 18:19:00,IMVT
10.8244,10.83,10.82,10.82,11444,2021-06-01 18:20:00,IMVT
10.825,10.8283,10.81,10.815,23443,2021-06-01 18:21:00,IMVT
10.815,10.8199,10.81,10.815,11695,2021-06-01 18:22:00,IMVT
10.8176,10.82,10.745,10.755,87326,2021-06-01 18:23:00,IMVT
10.755,10.76,10.74,10.745,28236,2021-06-01 18:24:00,IMVT
10.745,10.8,10.745,10.7856,43018,2021-06-01 18:25:00,IMVT
10.785,10.79,10.7501,10.7501,11154,2021-06-01 18:26:00,IMVT
10.76,10.799,10.7501,10.7692,18358,2021-06-01 18:27:00,IMVT
10.765,10.765,10.75,10.755,5904,2021-06-01 18:28:00,IMVT
10.755,10.7585,10.74,10.7401,14574,2021-06-01 18:29:00,IMVT
10.74,10.755,10.73,10.7401,15759,2021-06-01 18:30:00,IMVT
10.75,10.76,10.74,10.74,17837,2021-06-01 18:31:00,IMVT
10.75,10.76,10.74,10.7409,22978,2021-06-01 18:32:00,IMVT
10.75,10.76,10.7402,10.7406,17053,2021-06-01 18:33:00,IMVT
10.745,10.745,10.7,10.705,35475,2021-06-01 18:34:00,IMVT
10.7,10.73,10.66,10.7,42802,2021-06-01 18:35:00,IMVT
10.703,10.71,10.6662,10.6871,21611,2021-06-01 18:36:00,IMVT
10.6827,10.74,10.68,10.725,25501,2021-06-01 18:37:00,IMVT
10.725,10.725,10.71,10.715,6740,2021-06-01 18:38:00,IMVT
10.715,10.8,10.7,10.76,52963,2021-06-01 18:39:00,IMVT
10.76,10.86,10.75,10.82,59168,2021-06-01 18:40:00,IMVT
10.82,10.82,10.8,10.805,12730,2021-06-01 18:41:00,IMVT
10.805,10.81,10.8,10.805,9716,2021-06-01 18:42:00,IMVT
10.805,10.805,10.73,10.765,68077,2021-06-01 18:43:00,IMVT
10.765,10.79,10.74,10.745,20344,2021-06-01 18:44:00,IMVT
10.7499,10.79,10.7,10.7,46852,2021-06-01 18:45:00,IMVT
10.7,10.75,10.69,10.74,30251,2021-06-01 18:46:00,IMVT
10.74,10.78,10.73,10.78,26731,2021-06-01 18:47:00,IMVT
10.77,10.79,10.77,10.7766,16383,2021-06-01 18:48:00,IMVT
10.775,10.7784,10.7701,10.7772,9986,2021-06-01 18:49:00,IMVT
10.775,10.78,10.77,10.77,6020,2021-06-01 18:50:00,IMVT
10.775,10.7774,10.755,10.77,30186,2021-06-01 18:51:00,IMVT
10.7669,10.77,10.74,10.741,23967,2021-06-01 18:52:00,IMVT
10.745,10.75,10.71,10.715,14308,2021-06-01 18:53:00,IMVT
10.715,10.72,10.71,10.715,19679,2021-06-01 18:54:00,IMVT
10.715,10.7199,10.71,10.715,18110,2021-06-01 18:55:00,IMVT
10.7101,10.7182,10.7,10.7,7810,2021-06-01 18:56:00,IMVT
10.7001,10.7001,10.69,10.6901,7631,2021-06-01 18:57:00,IMVT
10.695,10.7,10.69,10.6959,8532,2021-06-01 18:58:00,IMVT
10.69,10.7,10.69,10.695,14840,2021-06-01 18:59:00,IMVT
10.6983,10.7,10.66,10.685,25745,2021-06-01 19:00:00,IMVT
10.685,10.6881,10.64,10.67,22402,2021-06-01 19:01:00,IMVT
10.67,10.69,10.64,10.64,24547,2021-06-01 19:02:00,IMVT
10.64,10.68,10.61,10.615,57928,2021-06-01 19:03:00,IMVT
10.615,10.62,10.5919,10.598,39809,2021-06-01 19:04:00,IMVT
10.5986,10.61,10.55,10.565,27695,2021-06-01 19:05:00,IMVT
10.565,10.57,10.56,10.5627,24933,2021-06-01 19:06:00,IMVT
10.565,10.57,10.565,10.565,7174,2021-06-01 19:07:00,IMVT
10.5601,10.57,10.545,10.545,24452,2021-06-01 19:08:00,IMVT
10.54,10.56,10.52,10.545,39819,2021-06-01 19:09:00,IMVT
10.545,10.55,10.49,10.5,65807,2021-06-01 19:10:00,IMVT
10.51,10.59,10.51,10.5664,17339,2021-06-01 19:11:00,IMVT
10.55,10.5623,10.55,10.555,9388,2021-06-01 19:12:00,IMVT
10.555,10.555,10.495,10.5,42356,2021-06-01 19:13:00,IMVT
10.49,10.51,10.49,10.505,28259,2021-06-01 19:14:00,IMVT
10.505,10.5078,10.4901,10.495,11117,2021-06-01 19:15:00,IMVT
10.495,10.59,10.495,10.565,26313,2021-06-01 19:16:00,IMVT
10.5678,10.59,10.5616,10.575,30403,2021-06-01 19:17:00,IMVT
10.575,10.58,10.55,10.55,43723,2021-06-01 19:18:00,IMVT
10.5501,10.56,10.45,10.46,61321,2021-06-01 19:19:00,IMVT
10.48,10.54,10.4701,10.525,15440,2021-06-01 19:20:00,IMVT
10.5299,10.5299,10.51,10.5174,16979,2021-06-01 19:21:00,IMVT
10.515,10.515,10.4916,10.495,6780,2021-06-01 19:22:00,IMVT
10.495,10.4967,10.4401,10.4725,53885,2021-06-01 19:23:00,IMVT
10.4799,10.49,10.45,10.45,38254,2021-06-01 19:24:00,IMVT
10.45,10.45,10.44,10.445,29224,2021-06-01 19:25:00,IMVT
10.445,10.45,10.44,10.44,43497,2021-06-01 19:26:00,IMVT
10.4415,10.45,10.43,10.43,18901,2021-06-01 19:27:00,IMVT
10.43,10.4372,10.37,10.3773,91999,2021-06-01 19:28:00,IMVT
10.375,10.41,10.35,10.3967,74108,2021-06-01 19:29:00,IMVT
10.3967,10.4,10.38,10.385,41663,2021-06-01 19:30:00,IMVT
10.385,10.4,10.36,10.385,40671,2021-06-01 19:31:00,IMVT
10.39,10.4,10.36,10.3685,40132,2021-06-01 19:32:00,IMVT
10.36,10.3683,10.25,10.3,130147,2021-06-01 19:33:00,IMVT
10.3,10.375,10.3,10.375,52822,2021-06-01 19:34:00,IMVT
10.3742,10.42,10.3401,10.345,49829,2021-06-01 19:35:00,IMVT
10.34,10.35,10.3,10.325,49571,2021-06-01 19:36:00,IMVT
10.3273,10.33,10.305,10.325,27145,2021-06-01 19:37:00,IMVT
10.325,10.33,10.32,10.325,42231,2021-06-01 19:38:00,IMVT
10.3201,10.3282,10.29,10.305,62966,2021-06-01 19:39:00,IMVT
10.3099,10.33,10.3,10.32,31334,2021-06-01 19:40:00,IMVT
10.315,10.4099,10.3101,10.365,52221,2021-06-01 19:41:00,IMVT
10.3678,10.4,10.36,10.365,32600,2021-06-01 19:42:00,IMVT
10.365,10.37,10.3,10.3002,36389,2021-06-01 19:43:00,IMVT
10.305,10.34,10.235,10.235,132041,2021-06-01 19:44:00,IMVT
10.2369,10.28,10.195,10.2,188127,2021-06-01 19:45:00,IMVT
10.2,10.22,10.16,10.18,124562,2021-06-01 19:46:00,IMVT
10.1801,10.21,10.18,10.1999,92012,2021-06-01 19:47:00,IMVT
10.2,10.2,10.135,10.16,109350,2021-06-01 19:48:00,IMVT
10.17,10.1752,10.1,10.125,90100,2021-06-01 19:49:00,IMVT
10.13,10.13,9.98,9.98,187430,2021-06-01 19:50:00,IMVT
9.98,9.99,9.88,9.8845,173031,2021-06-01 19:51:00,IMVT
9.8801,9.888,9.8,9.805,148838,2021-06-01 19:52:00,IMVT
9.805,9.93,9.725,9.725,158761,2021-06-01 19:53:00,IMVT
9.7222,9.73,9.51,9.5501,352856,2021-06-01 19:54:00,IMVT
9.58,9.7948,9.5501,9.695,202332,2021-06-01 19:55:00,IMVT
9.695,9.695,9.4801,9.4801,266648,2021-06-01 19:56:00,IMVT
9.48,9.4878,9.22,9.37,496447,2021-06-01 19:57:00,IMVT
9.365,9.67,9.33,9.62,488965,2021-06-01 19:58:00,IMVT
9.62,9.67,9.3,9.59,471547,2021-06-01 19:59:00,IMVT
9.4,9.55,9.4,9.4,250838,2021-06-01 20:00:00,IMVT
9.55,9.59,9.53,9.53,8719,2021-06-01 20:01:00,IMVT
9.55,9.55,9.5,9.55,7468,2021-06-01 20:02:00,IMVT
9.56,9.59,9.5,9.58,10820,2021-06-01 20:03:00,IMVT
9.57,9.58,9.54,9.56,4515,2021-06-01 20:04:00,IMVT
9.56,9.56,9.54,9.54,280,2021-06-01 20:05:00,IMVT
9.56,9.58,9.56,9.56,1440,2021-06-01 20:06:00,IMVT
9.54,9.57,9.54,9.57,1089,2021-06-01 20:07:00,IMVT
9.55,9.58,9.53,9.53,9053,2021-06-01 20:08:00,IMVT
9.53,9.53,9.5,9.5,12292,2021-06-01 20:09:00,IMVT
9.54,9.54,9.54,9.54,500,2021-06-01 20:10:00,IMVT
9.54,9.54,9.52,9.52,2040,2021-06-01 20:11:00,IMVT
9.55,9.55,9.55,9.55,210,2021-06-01 20:12:00,IMVT
9.55,9.55,9.52,9.55,2291,2021-06-01 20:13:00,IMVT
9.55,9.55,9.55,9.55,250,2021-06-01 20:14:00,IMVT
9.55,9.55,9.51,9.51,3393,2021-06-01 20:15:00,IMVT
9.55,9.55,9.52,9.52,2031,2021-06-01 20:16:00,IMVT
9.52,9.52,9.45,9.45,8150,2021-06-01 20:17:00,IMVT
9.45,9.5,9.45,9.5,1653,2021-06-01 20:18:00,IMVT
9.5,9.5,9.5,9.5,1214,2021-06-01 20:19:00,IMVT
9.5,9.5,9.5,9.5,320,2021-06-01 20:20:00,IMVT
9.49,9.5,9.49,9.5,750,2021-06-01 20:21:00,IMVT
9.5,9.5,9.5,9.5,100,2021-06-01 20:22:00,IMVT
9.5,9.52,9.48,9.52,3240,2021-06-01 20:23:00,IMVT
9.52,9.52,9.51,9.52,1600,2021-06-01 20:24:00,IMVT
9.52,9.52,9.5,9.5,2311,2021-06-01 20:25:00,IMVT
9.5,9.5,9.48,9.5,2065,2021-06-01 20:26:00,IMVT
9.55,9.55,9.55,9.55,100,2021-06-01 20:27:00,IMVT
9.52,9.52,9.5,9.51,974,2021-06-01 20:29:00,IMVT
9.51,9.51,9.51,9.51,1408,2021-06-01 20:30:00,IMVT
9.51,9.51,9.5,9.5,4606,2021-06-01 20:31:00,IMVT
9.51,9.51,9.5,9.51,848,2021-06-01 20:32:00,IMVT
9.51,9.52,9.5,9.51,2894,2021-06-01 20:33:00,IMVT
9.51,9.51,9.51,9.51,300,2021-06-01 20:34:00,IMVT
9.5,9.51,9.5,9.51,1650,2021-06-01 20:35:00,IMVT
9.51,9.51,9.51,9.51,908,2021-06-01 20:36:00,IMVT
9.51,9.51,9.51,9.51,1732,2021-06-01 20:37:00,IMVT
9.51,9.51,9.5,9.5,2204,2021-06-01 20:38:00,IMVT
9.5,9.51,9.5,9.51,1500,2021-06-01 20:39:00,IMVT
9.51,9.51,9.51,9.51,432,2021-06-01 20:40:00,IMVT
9.51,9.51,9.51,9.51,883,2021-06-01 20:41:00,IMVT
9.55,9.55,9.53,9.53,964,2021-06-01 20:42:00,IMVT
9.54,9.54,9.54,9.54,1550,2021-06-01 20:43:00,IMVT
9.53,9.55,9.53,9.55,2629,2021-06-01 20:44:00,IMVT
9.55,9.59,9.54,9.59,2000,2021-06-01 20:45:00,IMVT
9.58,9.6,9.55,9.6,1663,2021-06-01 20:46:00,IMVT
9.59,9.59,9.59,9.59,1407,2021-06-01 20:47:00,IMVT
9.59,9.59,9.57,9.58,555,2021-06-01 20:48:00,IMVT
9.58,9.58,9.58,9.58,800,2021-06-01 20:49:00,IMVT
9.55,9.55,9.55,9.55,5000,2021-06-01 20:50:00,IMVT
9.58,9.61,9.58,9.61,1117,2021-06-01 20:51:00,IMVT
9.61,9.61,9.6,9.6,4890,2021-06-01 20:52:00,IMVT
9.6,9.6,9.6,9.6,100,2021-06-01 20:53:00,IMVT
9.62,9.64,9.62,9.64,549,2021-06-01 20:54:00,IMVT
9.63,9.63,9.6,9.63,5751,2021-06-01 20:55:00,IMVT
9.65,9.65,9.65,9.65,700,2021-06-01 20:56:00,IMVT
9.65,9.65,9.63,9.63,1750,2021-06-01 20:57:00,IMVT
9.64,9.64,9.63,9.63,1200,2021-06-01 20:58:00,IMVT
9.61,9.63,9.61,9.63,1635,2021-06-01 20:59:00,IMVT
9.63,9.65,9.63,9.65,1207,2021-06-01 21:00:00,IMVT
9.65,9.67,9.64,9.67,3345,2021-06-01 21:01:00,IMVT
9.67,9.67,9.67,9.67,100,2021-06-01 21:02:00,IMVT
9.67,9.69,9.67,9.69,2920,2021-06-01 21:03:00,IMVT
9.6899,9.7499,9.6899,9.7499,2505,2021-06-01 21:04:00,IMVT
9.72,9.74,9.72,9.74,555,2021-06-01 21:05:00,IMVT
9.6801,9.71,9.6801,9.71,661,2021-06-01 21:06:00,IMVT
9.71,9.71,9.7,9.7,300,2021-06-01 21:07:00,IMVT
9.71,9.71,9.71,9.71,532,2021-06-01 21:08:00,IMVT
9.71,9.71,9.71,9.71,900,2021-06-01 21:09:00,IMVT
9.7,9.71,9.68,9.7,3700,2021-06-01 21:10:00,IMVT
9.7,9.7,9.7,9.7,1059,2021-06-01 21:11:00,IMVT
9.7,9.71,9.7,9.71,1546,2021-06-01 21:12:00,IMVT
9.7,9.75,9.7,9.75,2060,2021-06-01 21:13:00,IMVT
9.74,9.74,9.74,9.74,2600,2021-06-01 21:14:00,IMVT
9.74,9.74,9.72,9.73,968,2021-06-01 21:15:00,IMVT
9.74,9.74,9.72,9.72,988,2021-06-01 21:16:00,IMVT
9.72,9.73,9.71,9.71,4339,2021-06-01 21:17:00,IMVT
9.71,9.72,9.71,9.72,1338,2021-06-01 21:18:00,IMVT
9.74,9.75,9.71,9.75,2149,2021-06-01 21:20:00,IMVT
9.75,9.75,9.75,9.75,542,2021-06-01 21:21:00,IMVT
9.75,9.75,9.74,9.74,2000,2021-06-01 21:22:00,IMVT
9.74,9.74,9.74,9.74,404,2021-06-01 21:23:00,IMVT
9.74,9.74,9.74,9.74,200,2021-06-01 21:24:00,IMVT
9.72,9.73,9.71,9.71,2643,2021-06-01 21:25:00,IMVT
9.72,9.72,9.72,9.72,1100,2021-06-01 21:26:00,IMVT
9.72,9.72,9.72,9.72,1200,2021-06-01 21:29:00,IMVT
9.72,9.74,9.72,9.74,413,2021-06-01 21:32:00,IMVT
9.74,9.74,9.71,9.71,2357,2021-06-01 21:33:00,IMVT
9.73,9.73,9.71,9.73,3170,2021-06-01 21:35:00,IMVT
9.71,9.71,9.7,9.7,708,2021-06-01 21:36:00,IMVT
9.73,9.73,9.7,9.7,1697,2021-06-01 21:37:00,IMVT
9.6999,9.6999,9.6999,9.6999,100,2021-06-01 21:38:00,IMVT
9.7,9.7,9.7,9.7,300,2021-06-01 21:39:00,IMVT
9.7,9.7,9.69,9.7,10464,2021-06-01 21:40:00,IMVT
9.68,9.68,9.68,9.68,6613,2021-06-01 21:41:00,IMVT
9.69,9.69,9.69,9.69,110,2021-06-01 21:42:00,IMVT
9.73,9.73,9.73,9.73,171,2021-06-01 21:43:00,IMVT
9.72,9.72,9.71,9.71,803,2021-06-01 21:44:00,IMVT
9.71,9.71,9.71,9.71,210,2021-06-01 21:45:00,IMVT
9.71,9.71,9.71,9.71,300,2021-06-01 21:46:00,IMVT
9.71,9.71,9.7,9.71,1391,2021-06-01 21:47:00,IMVT
9.74,9.74,9.73,9.74,3100,2021-06-01 21:48:00,IMVT
9.74,9.74,9.74,9.74,450,2021-06-01 21:49:00,IMVT
9.73,9.73,9.73,9.73,650,2021-06-01 21:50:00,IMVT
9.73,9.73,9.73,9.73,250,2021-06-01 21:51:00,IMVT
9.74,9.74,9.7,9.7,1050,2021-06-01 21:52:00,IMVT
9.7,9.7,9.7,9.7,557,2021-06-01 21:53:00,IMVT
9.7,9.72,9.7,9.7,1210,2021-06-01 21:54:00,IMVT
9.71,9.71,9.7,9.71,800,2021-06-01 21:56:00,IMVT
9.71,9.72,9.71,9.72,1000,2021-06-01 21:57:00,IMVT
9.71,9.71,9.7,9.7,1980,2021-06-01 21:58:00,IMVT
9.7,9.72,9.7,9.72,700,2021-06-01 21:59:00,IMVT
9.71,9.71,9.7,9.7,600,2021-06-01 22:00:00,IMVT
9.7,9.7,9.7,9.7,366,2021-06-01 22:01:00,IMVT
9.7,9.7,9.7,9.7,1510,2021-06-01 22:02:00,IMVT
9.69,9.69,9.69,9.69,1070,2021-06-01 22:03:00,IMVT
9.7,9.7,9.7,9.7,532,2021-06-01 22:04:00,IMVT
9.7,9.7,9.7,9.7,500,2021-06-01 22:09:00,IMVT
9.7,9.7,9.7,9.7,150,2021-06-01 22:11:00,IMVT
9.7,9.7,9.7,9.7,1274,2021-06-01 22:13:00,IMVT
9.7,9.7,9.7,9.7,466,2021-06-01 22:14:00,IMVT
9.7,9.7,9.7,9.7,100,2021-06-01 22:15:00,IMVT
9.7,9.7,9.7,9.7,473,2021-06-01 22:16:00,IMVT
9.7,9.7,9.69,9.69,1050,2021-06-01 22:22:00,IMVT
9.6999,9.6999,9.69,9.69,717,2021-06-01 22:24:00,IMVT
9.68,9.68,9.68,9.68,744,2021-06-01 22:25:00,IMVT
9.67,9.67,9.67,9.67,350,2021-06-01 22:28:00,IMVT
9.65,9.65,9.63,9.63,1239,2021-06-01 22:30:00,IMVT
9.63,9.67,9.63,9.67,500,2021-06-01 22:32:00,IMVT
9.67,9.67,9.67,9.67,853,2021-06-01 22:34:00,IMVT
9.7,9.7,9.7,9.7,1000,2021-06-01 22:35:00,IMVT
9.67,9.67,9.67,9.67,147,2021-06-01 22:37:00,IMVT
9.67,9.67,9.67,9.67,1000,2021-06-01 22:39:00,IMVT
9.67,9.67,9.67,9.67,100,2021-06-01 22:43:00,IMVT
9.6699,9.67,9.6699,9.67,400,2021-06-01 22:44:00,IMVT
9.65,9.65,9.65,9.65,505,2021-06-01 22:46:00,IMVT
9.63,9.63,9.63,9.63,104,2021-06-01 22:51:00,IMVT
9.65,9.65,9.65,9.65,500,2021-06-01 22:52:00,IMVT
9.63,9.63,9.63,9.63,2000,2021-06-01 22:53:00,IMVT
9.64,9.64,9.64,9.64,500,2021-06-01 22:57:00,IMVT
9.63,9.63,9.63,9.63,203,2021-06-01 22:58:00,IMVT
9.65,9.65,9.65,9.65,100,2021-06-01 23:01:00,IMVT
9.65,9.65,9.65,9.65,1156,2021-06-01 23:02:00,IMVT
9.67,9.67,9.67,9.67,140,2021-06-01 23:03:00,IMVT
9.65,9.67,9.65,9.67,600,2021-06-01 23:04:00,IMVT
9.67,9.67,9.67,9.67,750,2021-06-01 23:06:00,IMVT
9.67,9.67,9.67,9.67,485,2021-06-01 23:07:00,IMVT
9.65,9.65,9.65,9.65,1500,2021-06-01 23:09:00,IMVT
9.67,9.67,9.67,9.67,500,2021-06-01 23:12:00,IMVT
9.67,9.67,9.67,9.67,194,2021-06-01 23:14:00,IMVT
9.66,9.66,9.64,9.64,2073,2021-06-01 23:17:00,IMVT
9.63,9.63,9.61,9.61,1897,2021-06-01 23:18:00,IMVT
9.6,9.6,9.6,9.6,939,2021-06-01 23:19:00,IMVT
9.63,9.63,9.63,9.63,145,2021-06-01 23:21:00,IMVT
9.6299,9.6299,9.6299,9.6299,100,2021-06-01 23:22:00,IMVT
9.63,9.67,9.63,9.67,1000,2021-06-01 23:23:00,IMVT
9.67,9.67,9.67,9.67,500,2021-06-01 23:25:00,IMVT
9.67,9.67,9.67,9.67,1000,2021-06-01 23:29:00,IMVT
9.67,9.67,9.6699,9.6699,240,2021-06-01 23:30:00,IMVT
9.6799,9.6799,9.67,9.67,1100,2021-06-01 23:32:00,IMVT
9.67,9.67,9.67,9.67,120,2021-06-01 23:33:00,IMVT
9.67,9.67,9.67,9.67,168,2021-06-01 23:34:00,IMVT
9.67,9.67,9.67,9.67,211,2021-06-01 23:36:00,IMVT
9.67,9.67,9.67,9.67,400,2021-06-01 23:39:00,IMVT
9.67,9.67,9.67,9.67,500,2021-06-01 23:40:00,IMVT
9.67,9.67,9.67,9.67,362,2021-06-01 23:41:00,IMVT
9.66,9.66,9.65,9.65,2743,2021-06-01 23:46:00,IMVT
9.65,9.65,9.65,9.65,100,2021-06-01 23:48:00,IMVT
9.65,9.66,9.65,9.66,573,2021-06-01 23:50:00,IMVT
9.68,9.68,9.66,9.66,422,2021-06-01 23:51:00,IMVT
9.63,9.63,9.63,9.63,200,2021-06-01 23:53:00,IMVT
9.63,9.63,9.62,9.6201,1315,2021-06-01 23:54:00,IMVT
9.63,9.63,9.63,9.63,104,2021-06-01 23:56:00,IMVT
9.66,9.68,9.66,9.68,688,2021-06-01 23:59:00,IMVT
9.67,9.67,9.67,9.67,327,2021-06-02 08:03:00,IMVT
9.66,9.67,9.66,9.67,339,2021-06-02 08:04:00,IMVT
9.67,9.67,9.67,9.67,100,2021-06-02 08:05:00,IMVT
9.75,9.75,9.75,9.75,100,2021-06-02 08:06:00,IMVT
9.75,9.75,9.75,9.75,300,2021-06-02 08:11:00,IMVT
9.75,9.75,9.75,9.75,100,2021-06-02 08:14:00,IMVT
9.74,9.74,9.74,9.74,100,2021-06-02 08:16:00,IMVT
9.73,9.74,9.73,9.74,1029,2021-06-02 08:20:00,IMVT
9.74,9.74,9.74,9.74,245,2021-06-02 08:22:00,IMVT
9.7,9.7,9.7,9.7,100,2021-06-02 08:23:00,IMVT
9.67,9.67,9.67,9.67,269,2021-06-02 08:24:00,IMVT
9.66,9.66,9.66,9.66,100,2021-06-02 08:27:00,IMVT
9.65,9.66,9.65,9.66,200,2021-06-02 08:31:00,IMVT
9.66,9.66,9.66,9.66,600,2021-06-02 08:32:00,IMVT
9.74,9.74,9.74,9.74,263,2021-06-02 08:52:00,IMVT
9.74,9.74,9.74,9.74,100,2021-06-02 08:55:00,IMVT
9.74,9.74,9.74,9.74,100,2021-06-02 08:56:00,IMVT
9.74,9.74,9.74,9.74,200,2021-06-02 09:03:00,IMVT
9.7,9.7,9.7,9.7,300,2021-06-02 09:12:00,IMVT
9.7,9.7,9.7,9.7,105,2021-06-02 09:13:00,IMVT
9.7,9.7,9.7,9.7,789,2021-06-02 09:14:00,IMVT
9.68,9.68,9.68,9.68,1575,2021-06-02 09:15:00,IMVT
9.67,9.67,9.67,9.67,200,2021-06-02 09:18:00,IMVT
9.66,9.66,9.66,9.66,100,2021-06-02 09:19:00,IMVT
9.66,9.66,9.66,9.66,100,2021-06-02 09:20:00,IMVT
9.67,9.67,9.67,9.67,100,2021-06-02 09:22:00,IMVT
9.66,9.67,9.66,9.67,687,2021-06-02 09:31:00,IMVT
9.67,9.7,9.67,9.7,367,2021-06-02 09:32:00,IMVT
9.66,9.66,9.64,9.64,300,2021-06-02 09:38:00,IMVT
9.63,9.63,9.63,9.63,400,2021-06-02 09:39:00,IMVT
9.68,9.69,9.68,9.69,300,2021-06-02 09:49:00,IMVT
9.69,9.69,9.69,9.69,167,2021-06-02 10:19:00,IMVT
9.69,9.69,9.68,9.68,329,2021-06-02 10:22:00,IMVT
9.72,9.72,9.72,9.72,100,2021-06-02 10:24:00,IMVT
9.69,9.69,9.69,9.69,1000,2021-06-02 10:27:00,IMVT
9.69,9.69,9.69,9.69,1263,2021-06-02 10:28:00,IMVT
9.73,9.73,9.73,9.73,999,2021-06-02 10:51:00,IMVT
9.73,9.73,9.73,9.73,500,2021-06-02 10:52:00,IMVT
9.72,9.72,9.68,9.68,772,2021-06-02 10:55:00,IMVT
9.64,9.64,9.6,9.6,861,2021-06-02 10:56:00,IMVT
9.59,9.59,9.59,9.59,150,2021-06-02 10:57:00,IMVT
9.57,9.59,9.57,9.59,884,2021-06-02 10:58:00,IMVT
9.69,9.7,9.6,9.7,3717,2021-06-02 11:00:00,IMVT
9.71,9.71,9.7,9.7,4858,2021-06-02 11:01:00,IMVT
9.66,9.7,9.66,9.7,500,2021-06-02 11:02:00,IMVT
9.62,9.62,9.61,9.61,1300,2021-06-02 11:03:00,IMVT
9.69,9.7,9.68,9.7,600,2021-06-02 11:05:00,IMVT
9.65,9.65,9.65,9.65,989,2021-06-02 11:07:00,IMVT
9.68,9.69,9.68,9.69,470,2021-06-02 11:10:00,IMVT
9.63,9.7,9.63,9.7,3667,2021-06-02 11:11:00,IMVT
9.69,9.7,9.69,9.7,2839,2021-06-02 11:12:00,IMVT
9.65,9.69,9.65,9.69,3450,2021-06-02 11:13:00,IMVT
9.65,9.65,9.65,9.65,300,2021-06-02 11:14:00,IMVT
9.64,9.64,9.63,9.63,1377,2021-06-02 11:15:00,IMVT
9.62,9.68,9.62,9.68,300,2021-06-02 11:16:00,IMVT
9.69,9.69,9.69,9.69,231,2021-06-02 11:17:00,IMVT
9.7,9.7,9.7,9.7,177,2021-06-02 11:18:00,IMVT
9.69,9.69,9.69,9.69,163,2021-06-02 11:19:00,IMVT
9.7,9.7,9.7,9.7,300,2021-06-02 11:20:00,IMVT
9.7,9.7,9.69,9.69,1242,2021-06-02 11:21:00,IMVT
9.68,9.68,9.68,9.68,969,2021-06-02 11:22:00,IMVT
9.7,9.7,9.7,9.7,990,2021-06-02 11:23:00,IMVT
9.71,9.71,9.71,9.71,1500,2021-06-02 11:26:00,IMVT
9.71,9.71,9.71,9.71,3700,2021-06-02 11:29:00,IMVT
9.71,9.71,9.7,9.7,3200,2021-06-02 11:31:00,IMVT
9.7,9.7,9.7,9.7,2000,2021-06-02 11:32:00,IMVT
9.7,9.7,9.7,9.7,500,2021-06-02 11:34:00,IMVT
9.71,9.71,9.71,9.71,300,2021-06-02 11:36:00,IMVT
9.71,9.72,9.71,9.71,1440,2021-06-02 11:42:00,IMVT
9.71,9.71,9.71,9.71,100,2021-06-02 11:44:00,IMVT
9.7,9.7,9.7,9.7,1400,2021-06-02 11:45:00,IMVT
9.72,9.72,9.72,9.72,2144,2021-06-02 11:48:00,IMVT
9.72,9.73,9.72,9.73,3706,2021-06-02 11:50:00,IMVT
9.73,9.74,9.73,9.74,300,2021-06-02 11:55:00,IMVT
9.75,9.75,9.75,9.75,1460,2021-06-02 11:56:00,IMVT
9.8,9.82,9.8,9.82,2410,2021-06-02 11:58:00,IMVT
9.81,9.82,9.78,9.78,1100,2021-06-02 12:00:00,IMVT
9.77,9.77,9.77,9.77,500,2021-06-02 12:01:00,IMVT
9.77,9.77,9.77,9.77,200,2021-06-02 12:02:00,IMVT
9.77,9.9,9.76,9.9,2960,2021-06-02 12:03:00,IMVT
9.92,9.92,9.85,9.9,14077,2021-06-02 12:04:00,IMVT
9.92,9.92,9.91,9.91,3800,2021-06-02 12:05:00,IMVT
9.91,9.92,9.91,9.92,349,2021-06-02 12:06:00,IMVT
9.9,9.9,9.88,9.9,2419,2021-06-02 12:07:00,IMVT
9.88,9.88,9.87,9.87,2797,2021-06-02 12:09:00,IMVT
9.86,9.86,9.86,9.86,100,2021-06-02 12:11:00,IMVT
9.86,9.86,9.86,9.86,700,2021-06-02 12:12:00,IMVT
9.88,9.89,9.88,9.89,2425,2021-06-02 12:14:00,IMVT
9.86,9.86,9.86,9.86,200,2021-06-02 12:15:00,IMVT
9.88,9.88,9.86,9.88,2000,2021-06-02 12:16:00,IMVT
9.86,9.86,9.86,9.86,1000,2021-06-02 12:18:00,IMVT
9.88,9.89,9.88,9.88,1903,2021-06-02 12:20:00,IMVT
9.89,9.89,9.88,9.88,1435,2021-06-02 12:21:00,IMVT
9.89,9.89,9.89,9.89,1500,2021-06-02 12:23:00,IMVT
9.9,9.9,9.89,9.9,1300,2021-06-02 12:24:00,IMVT
9.91,9.98,9.9,9.96,6884,2021-06-02 12:25:00,IMVT
9.98,9.99,9.98,9.99,3294,2021-06-02 12:26:00,IMVT
9.96,9.99,9.96,9.9799,2201,2021-06-02 12:27:00,IMVT
9.96,9.98,9.96,9.98,3375,2021-06-02 12:28:00,IMVT
9.98,9.98,9.97,9.97,2550,2021-06-02 12:29:00,IMVT
9.97,9.97,9.9,9.95,960,2021-06-02 12:30:00,IMVT
9.92,9.96,9.89,9.96,2376,2021-06-02 12:31:00,IMVT
9.95,9.95,9.95,9.95,100,2021-06-02 12:32:00,IMVT
9.94,9.9599,9.94,9.9599,200,2021-06-02 12:33:00,IMVT
9.92,9.92,9.92,9.92,100,2021-06-02 12:34:00,IMVT
9.9,9.9,9.9,9.9,400,2021-06-02 12:36:00,IMVT
9.89,9.89,9.89,9.89,100,2021-06-02 12:37:00,IMVT
9.89,9.89,9.86,9.86,502,2021-06-02 12:39:00,IMVT
9.85,9.85,9.85,9.85,2034,2021-06-02 12:41:00,IMVT
9.86,9.86,9.86,9.86,262,2021-06-02 12:42:00,IMVT
9.86,9.86,9.86,9.86,1013,2021-06-02 12:43:00,IMVT
9.86,9.86,9.86,9.86,200,2021-06-02 12:44:00,IMVT
9.86,9.87,9.86,9.87,3099,2021-06-02 12:45:00,IMVT
9.89,9.89,9.89,9.89,1000,2021-06-02 12:47:00,IMVT
9.89,9.89,9.89,9.89,500,2021-06-02 12:49:00,IMVT
9.94,9.94,9.94,9.94,100,2021-06-02 12:51:00,IMVT
9.93,9.93,9.93,9.93,494,2021-06-02 12:53:00,IMVT
9.95,9.95,9.95,9.95,800,2021-06-02 12:56:00,IMVT
9.93,9.93,9.93,9.93,1750,2021-06-02 12:57:00,IMVT
9.92,9.95,9.85,9.85,3477,2021-06-02 12:58:00,IMVT
9.9,9.9,9.88,9.88,5300,2021-06-02 12:59:00,IMVT
9.88,9.9,9.87,9.87,1668,2021-06-02 13:00:00,IMVT
9.86,9.86,9.85,9.85,6719,2021-06-02 13:01:00,IMVT
9.84,9.84,9.81,9.81,1349,2021-06-02 13:02:00,IMVT
9.82,9.82,9.82,9.82,500,2021-06-02 13:03:00,IMVT
9.82,9.825,9.82,9.825,3465,2021-06-02 13:04:00,IMVT
9.83,9.83,9.82,9.82,1635,2021-06-02 13:05:00,IMVT
9.81,9.82,9.8,9.81,1859,2021-06-02 13:06:00,IMVT
9.8,9.8,9.8,9.8,900,2021-06-02 13:08:00,IMVT
9.81,9.81,9.8,9.8,1138,2021-06-02 13:09:00,IMVT
9.8,9.8,9.8,9.8,938,2021-06-02 13:10:00,IMVT
9.8,9.8,9.79,9.79,200,2021-06-02 13:11:00,IMVT
9.8,9.8,9.8,9.8,200,2021-06-02 13:12:00,IMVT
9.79,9.79,9.79,9.79,200,2021-06-02 13:13:00,IMVT
9.78,9.79,9.78,9.78,2213,2021-06-02 13:14:00,IMVT
9.78,9.78,9.78,9.78,380,2021-06-02 13:15:00,IMVT
9.8,9.8,9.79,9.79,200,2021-06-02 13:16:00,IMVT
9.78,9.78,9.78,9.78,2123,2021-06-02 13:18:00,IMVT
9.77,9.77,9.75,9.75,2379,2021-06-02 13:19:00,IMVT
9.75,9.75,9.71,9.71,2969,2021-06-02 13:20:00,IMVT
9.71,9.72,9.71,9.72,2444,2021-06-02 13:21:00,IMVT
9.73,9.73,9.72,9.72,783,2021-06-02 13:22:00,IMVT
9.72,9.72,9.71,9.7101,3250,2021-06-02 13:23:00,IMVT
9.71,9.72,9.71,9.71,1625,2021-06-02 13:24:00,IMVT
9.81,9.82,9.73,9.81,2954,2021-06-02 13:25:00,IMVT
9.82,9.84,9.81,9.82,7770,2021-06-02 13:26:00,IMVT
9.82,9.82,9.81,9.81,936,2021-06-02 13:27:00,IMVT
9.81,9.81,9.79,9.79,1000,2021-06-02 13:28:00,IMVT
9.8,9.81,9.8,9.81,1039,2021-06-02 13:29:00,IMVT
9.8,9.92,9.63,9.92,207677,2021-06-02 13:30:00,IMVT
9.865,10.005,9.8,9.999,92721,2021-06-02 13:31:00,IMVT
10.0,10.12,9.9,9.989,124432,2021-06-02 13:32:00,IMVT
9.989,10.0,9.82,9.905,77902,2021-06-02 13:33:00,IMVT
9.8601,10.03,9.8601,10.03,43475,2021-06-02 13:34:00,IMVT
9.9648,10.16,9.9648,10.14,91300,2021-06-02 13:35:00,IMVT
10.1,10.15,10.03,10.09,62201,2021-06-02 13:36:00,IMVT
10.08,10.41,10.0501,10.41,164369,2021-06-02 13:37:00,IMVT
10.41,10.41,10.05,10.08,99759,2021-06-02 13:38:00,IMVT
10.0999,10.1899,10.064,10.1899,57113,2021-06-02 13:39:00,IMVT
10.1803,10.1803,10.01,10.0692,48963,2021-06-02 13:40:00,IMVT
10.07,10.14,10.05,10.1,36802,2021-06-02 13:41:00,IMVT
10.0968,10.16,10.088,10.12,40006,2021-06-02 13:42:00,IMVT
10.1097,10.19,10.1097,10.16,23211,2021-06-02 13:43:00,IMVT
10.15,10.339,10.15,10.2201,56731,2021-06-02 13:44:00,IMVT
10.2293,10.3,10.1401,10.2,58967,2021-06-02 13:45:00,IMVT
10.1752,10.3,10.17,10.24,47778,2021-06-02 13:46:00,IMVT
10.2,10.25,10.17,10.19,24839,2021-06-02 13:47:00,IMVT
10.199,10.199,10.08,10.096,30364,2021-06-02 13:48:00,IMVT
10.08,10.1152,10.02,10.06,34549,2021-06-02 13:49:00,IMVT
10.07,10.13,10.07,10.11,12713,2021-06-02 13:50:00,IMVT
10.1101,10.13,10.11,10.11,11026,2021-06-02 13:51:00,IMVT
10.1,10.1,10.03,10.06,17845,2021-06-02 13:52:00,IMVT
10.0713,10.1,10.0713,10.1,4302,2021-06-02 13:53:00,IMVT
10.0963,10.24,10.0901,10.185,36235,2021-06-02 13:54:00,IMVT
10.17,10.23,10.14,10.1439,36520,2021-06-02 13:55:00,IMVT
10.15,10.21,10.14,10.15,15133,2021-06-02 13:56:00,IMVT
10.15,10.19,10.15,10.16,15979,2021-06-02 13:57:00,IMVT
10.16,10.2,10.15,10.16,17127,2021-06-02 13:58:00,IMVT
10.1625,10.19,10.06,10.12,24065,2021-06-02 13:59:00,IMVT
10.1159,10.12,9.87,9.8899,74662,2021-06-02 14:00:00,IMVT
9.89,10.0,9.8801,9.9875,21558,2021-06-02 14:01:00,IMVT
9.9801,10.02,9.91,9.92,32501,2021-06-02 14:02:00,IMVT
9.91,9.95,9.91,9.95,14149,2021-06-02 14:03:00,IMVT
9.945,9.95,9.94,9.94,6351,2021-06-02 14:04:00,IMVT
9.95,9.95,9.94,9.9467,4245,2021-06-02 14:05:00,IMVT
9.94,9.94,9.75,9.898,60783,2021-06-02 14:06:00,IMVT
9.89,9.9408,9.89,9.92,22993,2021-06-02 14:07:00,IMVT
9.92,9.99,9.914,9.94,10498,2021-06-02 14:08:00,IMVT
9.96,9.99,9.9595,9.99,5618,2021-06-02 14:09:00,IMVT
10.0,10.05,9.995,10.02,18426,2021-06-02 14:10:00,IMVT
10.0185,10.0185,9.9871,9.99,7587,2021-06-02 14:11:00,IMVT
9.981,9.99,9.94,9.9601,31489,2021-06-02 14:12:00,IMVT
9.9807,10.1197,9.975,10.1197,25439,2021-06-02 14:13:00,IMVT
10.1158,10.1722,10.0901,10.1,31711,2021-06-02 14:14:00,IMVT
10.1091,10.14,10.02,10.02,10471,2021-06-02 14:15:00,IMVT
10.05,10.12,9.98,10.03,26449,2021-06-02 14:16:00,IMVT
10.01,10.14,10.0,10.1399,11309,2021-06-02 14:17:00,IMVT
10.0901,10.101,10.08,10.101,6416,2021-06-02 14:18:00,IMVT
10.1,10.17,10.1,10.125,10417,2021-06-02 14:19:00,IMVT
10.1,10.15,10.08,10.1297,3699,2021-06-02 14:20:00,IMVT
10.13,10.2899,10.12,10.2899,29110,2021-06-02 14:21:00,IMVT
10.28,10.28,10.18,10.181,25634,2021-06-02 14:22:00,IMVT
10.18,10.2415,10.17,10.1901,25610,2021-06-02 14:23:00,IMVT
10.2,10.2396,10.1901,10.2299,14270,2021-06-02 14:24:00,IMVT
10.23,10.28,10.21,10.24,34556,2021-06-02 14:25:00,IMVT
10.24,10.28,10.23,10.25,21096,2021-06-02 14:26:00,IMVT
10.25,10.25,10.19,10.21,9899,2021-06-02 14:27:00,IMVT
10.2,10.22,10.19,10.19,6639,2021-06-02 14:28:00,IMVT
10.19,10.19,10.1505,10.18,11242,2021-06-02 14:29:00,IMVT
10.18,10.2167,10.173,10.2167,12528,2021-06-02 14:30:00,IMVT
10.2059,10.23,10.2,10.22,9561,2021-06-02 14:31:00,IMVT
10.23,10.2342,10.22,10.2222,3780,2021-06-02 14:32:00,IMVT
10.225,10.25,10.22,10.225,14857,2021-06-02 14:33:00,IMVT
10.22,10.23,10.22,10.2283,8337,2021-06-02 14:34:00,IMVT
10.2272,10.2272,10.14,10.15,14278,2021-06-02 14:35:00,IMVT
10.1475,10.1475,10.09,10.1001,6916,2021-06-02 14:36:00,IMVT
10.1,10.11,10.0704,10.11,6732,2021-06-02 14:37:00,IMVT
10.103,10.12,10.1,10.12,10264,2021-06-02 14:38:00,IMVT
10.11,10.19,10.11,10.19,12391,2021-06-02 14:39:00,IMVT
10.195,10.21,10.17,10.17,15099,2021-06-02 14:40:00,IMVT
10.17,10.2,10.1496,10.1496,6961,2021-06-02 14:41:00,IMVT
10.13,10.19,10.125,10.1887,5083,2021-06-02 14:42:00,IMVT
10.1701,10.1821,10.145,10.145,5347,2021-06-02 14:43:00,IMVT
10.1599,10.18,10.1599,10.18,5170,2021-06-02 14:44:00,IMVT
10.1766,10.1766,10.16,10.17,2288,2021-06-02 14:45:00,IMVT
10.1708,10.19,10.1708,10.18,3436,2021-06-02 14:46:00,IMVT
10.185,10.24,10.185,10.24,11260,2021-06-02 14:47:00,IMVT
10.235,10.27,10.23,10.27,11028,2021-06-02 14:48:00,IMVT
10.27,10.28,10.2601,10.28,7184,2021-06-02 14:49:00,IMVT
10.28,10.3,10.26,10.261,20887,2021-06-02 14:50:00,IMVT
10.27,10.27,10.2,10.2401,5697,2021-06-02 14:51:00,IMVT
10.24,10.24,10.2001,10.211,3444,2021-06-02 14:52:00,IMVT
10.23,10.2381,10.22,10.23,2761,2021-06-02 14:53:00,IMVT
10.22,10.22,10.2,10.2,12630,2021-06-02 14:54:00,IMVT
10.19,10.19,10.18,10.185,1195,2021-06-02 14:55:00,IMVT
10.19,10.19,10.18,10.1876,2767,2021-06-02 14:56:00,IMVT
10.18,10.195,10.1725,10.195,7227,2021-06-02 14:57:00,IMVT
10.195,10.2,10.1925,10.195,5331,2021-06-02 14:58:00,IMVT
10.21,10.24,10.21,10.2269,7068,2021-06-02 14:59:00,IMVT
10.23,10.24,10.18,10.18,9894,2021-06-02 15:00:00,IMVT
10.18,10.18,10.08,10.08,10099,2021-06-02 15:01:00,IMVT
10.09,10.11,10.0801,10.0801,9878,2021-06-02 15:02:00,IMVT
10.09,10.09,10.0501,10.06,8671,2021-06-02 15:03:00,IMVT
10.0579,10.08,10.04,10.06,8734,2021-06-02 15:04:00,IMVT
10.07,10.15,10.07,10.14,9765,2021-06-02 15:05:00,IMVT
10.1326,10.15,10.1326,10.15,1690,2021-06-02 15:06:00,IMVT
10.15,10.1601,10.1399,10.14,4903,2021-06-02 15:07:00,IMVT
10.14,10.14,10.1,10.109,4374,2021-06-02 15:08:00,IMVT
10.11,10.11,10.05,10.05,6288,2021-06-02 15:09:00,IMVT
10.0672,10.1,10.06,10.1,9255,2021-06-02 15:10:00,IMVT
10.095,10.13,10.09,10.09,5246,2021-06-02 15:11:00,IMVT
10.0855,10.1445,10.08,10.1445,9985,2021-06-02 15:12:00,IMVT
10.14,10.14,10.1002,10.13,9303,2021-06-02 15:13:00,IMVT
10.14,10.16,10.1,10.1,10588,2021-06-02 15:14:00,IMVT
10.08,10.11,10.08,10.11,2100,2021-06-02 15:15:00,IMVT
10.1199,10.15,10.1199,10.13,5368,2021-06-02 15:16:00,IMVT
10.1201,10.13,10.12,10.12,4465,2021-06-02 15:17:00,IMVT
10.118,10.14,10.118,10.14,1325,2021-06-02 15:18:00,IMVT
10.15,10.15,10.14,10.14,2599,2021-06-02 15:19:00,IMVT
10.15,10.15,10.08,10.0801,5473,2021-06-02 15:20:00,IMVT
10.084,10.1,10.084,10.09,1127,2021-06-02 15:21:00,IMVT
10.0968,10.1,10.08,10.0969,9209,2021-06-02 15:22:00,IMVT
10.0961,10.1,10.09,10.1,1600,2021-06-02 15:23:00,IMVT
10.1,10.105,10.1,10.1,2863,2021-06-02 15:24:00,IMVT
10.1,10.1,10.085,10.085,1800,2021-06-02 15:25:00,IMVT
10.09,10.09,10.08,10.08,13887,2021-06-02 15:26:00,IMVT
10.085,10.09,10.08,10.08,8685,2021-06-02 15:27:00,IMVT
10.085,10.09,10.03,10.03,13903,2021-06-02 15:28:00,IMVT
10.035,10.04,10.0,10.01,23154,2021-06-02 15:29:00,IMVT
10.0029,10.021,9.995,10.02,16417,2021-06-02 15:30:00,IMVT
10.015,10.0201,9.96,9.98,11480,2021-06-02 15:31:00,IMVT
9.9728,9.9926,9.9728,9.99,3520,2021-06-02 15:32:00,IMVT
9.9964,10.0375,9.99,10.0375,3923,2021-06-02 15:33:00,IMVT
10.04,10.07,10.035,10.04,4064,2021-06-02 15:34:00,IMVT
10.04,10.04,10.0,10.01,4566,2021-06-02 15:35:00,IMVT
10.005,10.01,10.0,10.0,9231,2021-06-02 15:36:00,IMVT
10.005,10.01,9.98,9.985,10358,2021-06-02 15:37:00,IMVT
9.992,10.0,9.97,9.98,9610,2021-06-02 15:38:00,IMVT
9.983,10.01,9.9801,9.99,5299,2021-06-02 15:39:00,IMVT
9.981,9.987,9.92,9.92,13913,2021-06-02 15:40:00,IMVT
9.92,9.98,9.88,9.95,13826,2021-06-02 15:41:00,IMVT
9.96,9.98,9.95,9.97,12929,2021-06-02 15:42:00,IMVT
9.98,10.04,9.98,10.0,18109,2021-06-02 15:43:00,IMVT
9.99,9.99,9.94,9.96,6884,2021-06-02 15:44:00,IMVT
9.97,10.02,9.97,9.99,5593,2021-06-02 15:45:00,IMVT
9.9899,9.99,9.9866,9.99,1200,2021-06-02 15:46:00,IMVT
9.99,10.0,9.92,9.98,8933,2021-06-02 15:47:00,IMVT
9.9799,10.01,9.975,10.0,7722,2021-06-02 15:48:00,IMVT
9.9901,10.0,9.98,9.9883,2536,2021-06-02 15:49:00,IMVT
9.9801,9.9801,9.98,9.98,201,2021-06-02 15:50:00,IMVT
9.9801,9.99,9.9801,9.985,700,2021-06-02 15:51:00,IMVT
9.9827,9.99,9.98,9.99,2047,2021-06-02 15:52:00,IMVT
9.99,9.9968,9.99,9.9968,314,2021-06-02 15:53:00,IMVT
9.99,10.0,9.99,9.9971,895,2021-06-02 15:54:00,IMVT
9.995,10.01,9.99,10.0,10776,2021-06-02 15:55:00,IMVT
9.9901,9.9901,9.9901,9.9901,200,2021-06-02 15:56:00,IMVT
9.99,9.9999,9.97,9.98,3910,2021-06-02 15:57:00,IMVT
9.975,10.06,9.975,10.045,3570,2021-06-02 15:58:00,IMVT
10.0499,10.0499,10.045,10.045,600,2021-06-02 15:59:00,IMVT
10.0401,10.0401,10.01,10.02,10656,2021-06-02 16:00:00,IMVT
10.03,10.05,10.0001,10.0057,4801,2021-06-02 16:01:00,IMVT
10.015,10.0199,10.001,10.0199,3110,2021-06-02 16:02:00,IMVT
10.0,10.0,9.97,9.9701,7191,2021-06-02 16:03:00,IMVT
9.9899,9.99,9.98,9.9832,2402,2021-06-02 16:04:00,IMVT
10.0,10.0,9.981,9.981,1768,2021-06-02 16:05:00,IMVT
9.9829,9.99,9.9692,9.9701,12519,2021-06-02 16:06:00,IMVT
9.97,9.98,9.94,9.98,7223,2021-06-02 16:07:00,IMVT
9.96,9.99,9.96,9.98,7763,2021-06-02 16:08:00,IMVT
9.9821,10.02,9.9821,9.995,7061,2021-06-02 16:09:00,IMVT
10.0,10.03,10.0,10.03,4800,2021-06-02 16:10:00,IMVT
10.02,10.02,10.01,10.02,2065,2021-06-02 16:11:00,IMVT
10.029,10.06,10.029,10.045,4248,2021-06-02 16:12:00,IMVT
10.04,10.04,10.0221,10.0221,3419,2021-06-02 16:13:00,IMVT
10.03,10.04,10.03,10.04,2140,2021-06-02 16:14:00,IMVT
10.05,10.05,10.03,10.03,800,2021-06-02 16:15:00,IMVT
10.035,10.04,10.03,10.03,1925,2021-06-02 16:16:00,IMVT
10.0399,10.0399,10.03,10.0304,5500,2021-06-02 16:17:00,IMVT
10.035,10.035,10.0,10.005,4529,2021-06-02 16:18:00,IMVT
10.005,10.005,10.0,10.005,2295,2021-06-02 16:19:00,IMVT
9.99,9.99,9.93,9.97,12207,2021-06-02 16:20:00,IMVT
9.965,10.0,9.95,9.98,6359,2021-06-02 16:21:00,IMVT
9.9801,9.9801,9.96,9.96,4404,2021-06-02 16:22:00,IMVT
9.96,9.98,9.955,9.98,1690,2021-06-02 16:23:00,IMVT
9.98,9.98,9.94,9.95,2292,2021-06-02 16:24:00,IMVT
9.95,9.96,9.94,9.9401,3076,2021-06-02 16:25:00,IMVT
9.9421,9.97,9.9421,9.96,6924,2021-06-02 16:26:00,IMVT
9.965,9.968,9.9601,9.9601,508,2021-06-02 16:27:00,IMVT
9.96,9.98,9.96,9.98,3308,2021-06-02 16:28:00,IMVT
9.975,9.975,9.96,9.97,1131,2021-06-02 16:29:00,IMVT
9.97,9.975,9.9699,9.9701,2692,2021-06-02 16:30:00,IMVT
9.9701,9.9701,9.96,9.96,2848,2021-06-02 16:31:00,IMVT
9.96,9.96,9.95,9.9501,1053,2021-06-02 16:32:00,IMVT
9.9599,9.96,9.955,9.96,1703,2021-06-02 16:33:00,IMVT
9.95,9.96,9.93,9.93,3827,2021-06-02 16:34:00,IMVT
9.921,9.9272,9.9,9.9,4727,2021-06-02 16:35:00,IMVT
9.905,9.905,9.83,9.87,24236,2021-06-02 16:36:00,IMVT
9.86,9.92,9.86,9.9194,5215,2021-06-02 16:37:00,IMVT
9.9,9.93,9.89,9.915,4000,2021-06-02 16:38:00,IMVT
9.915,9.93,9.9051,9.93,6666,2021-06-02 16:39:00,IMVT
9.95,9.95,9.9,9.9363,14166,2021-06-02 16:40:00,IMVT
9.9259,9.94,9.88,9.88,15087,2021-06-02 16:41:00,IMVT
9.875,9.88,9.83,9.865,11788,2021-06-02 16:42:00,IMVT
9.8758,9.8999,9.87,9.87,3236,2021-06-02 16:43:00,IMVT
9.9,9.9,9.881,9.9,1296,2021-06-02 16:44:00,IMVT
9.9,9.9,9.885,9.885,3687,2021-06-02 16:45:00,IMVT
9.885,9.89,9.8801,9.885,1971,2021-06-02 16:46:00,IMVT
9.885,9.89,9.88,9.88,4661,2021-06-02 16:47:00,IMVT
9.8882,9.92,9.88,9.9,7803,2021-06-02 16:48:00,IMVT
9.8901,9.91,9.885,9.91,6435,2021-06-02 16:49:00,IMVT
9.92,9.9299,9.9101,9.9299,8399,2021-06-02 16:50:00,IMVT
9.92,9.9706,9.92,9.955,5440,2021-06-02 16:51:00,IMVT
9.96,9.96,9.93,9.935,7679,2021-06-02 16:52:00,IMVT
9.9449,9.95,9.94,9.95,2225,2021-06-02 16:53:00,IMVT
9.96,9.96,9.935,9.935,4009,2021-06-02 16:54:00,IMVT
9.935,9.96,9.92,9.92,1951,2021-06-02 16:55:00,IMVT
9.9129,9.92,9.9,9.92,2031,2021-06-02 16:56:00,IMVT
9.9,9.9,9.89,9.9,1001,2021-06-02 16:57:00,IMVT
9.9017,9.9355,9.89,9.9258,2530,2021-06-02 16:58:00,IMVT
9.92,9.92,9.9011,9.9011,1254,2021-06-02 16:59:00,IMVT
9.9,9.92,9.89,9.92,1745,2021-06-02 17:00:00,IMVT
9.91,9.93,9.91,9.91,600,2021-06-02 17:01:00,IMVT
9.92,9.92,9.91,9.915,995,2021-06-02 17:02:00,IMVT
9.92,9.93,9.905,9.91,10584,2021-06-02 17:03:00,IMVT
9.925,9.94,9.915,9.915,1400,2021-06-02 17:04:00,IMVT
9.91,9.9125,9.91,9.91,1950,2021-06-02 17:05:00,IMVT
9.9065,9.94,9.9065,9.93,9211,2021-06-02 17:06:00,IMVT
9.94,9.9434,9.9347,9.94,1201,2021-06-02 17:07:00,IMVT
9.94,9.95,9.94,9.95,1193,2021-06-02 17:08:00,IMVT
9.96,9.96,9.9521,9.9521,832,2021-06-02 17:09:00,IMVT
9.965,10.01,9.965,10.005,3600,2021-06-02 17:10:00,IMVT
10.005,10.01,9.99,9.9928,6719,2021-06-02 17:11:00,IMVT
9.9999,9.9999,9.9,9.91,39142,2021-06-02 17:12:00,IMVT
9.94,9.975,9.93,9.94,5847,2021-06-02 17:13:00,IMVT
9.97,9.97,9.9,9.93,13888,2021-06-02 17:14:00,IMVT
9.9001,9.915,9.86,9.89,25095,2021-06-02 17:15:00,IMVT
9.875,9.89,9.871,9.875,1126,2021-06-02 17:16:00,IMVT
9.875,9.925,9.875,9.925,2240,2021-06-02 17:17:00,IMVT
9.92,9.9414,9.91,9.9299,11547,2021-06-02 17:18:00,IMVT
9.9274,9.9274,9.91,9.9247,7448,2021-06-02 17:19:00,IMVT
9.915,9.915,9.885,9.8999,4312,2021-06-02 17:20:00,IMVT
9.89,9.92,9.89,9.92,2833,2021-06-02 17:21:00,IMVT
9.925,9.936,9.91,9.9121,5700,2021-06-02 17:22:00,IMVT
9.91,9.92,9.83,9.84,18372,2021-06-02 17:23:00,IMVT
9.8333,9.87,9.78,9.8263,21928,2021-06-02 17:24:00,IMVT
9.84,9.88,9.84,9.84,6777,2021-06-02 17:25:00,IMVT
9.85,9.86,9.85,9.855,1674,2021-06-02 17:26:00,IMVT
9.8599,9.88,9.8599,9.865,9034,2021-06-02 17:27:00,IMVT
9.865,9.87,9.85,9.86,2838,2021-06-02 17:28:00,IMVT
9.88,9.91,9.87,9.8812,3211,2021-06-02 17:29:00,IMVT
9.8814,9.89,9.865,9.89,2246,2021-06-02 17:30:00,IMVT
9.89,9.95,9.89,9.9301,7471,2021-06-02 17:31:00,IMVT
9.93,9.93,9.9,9.915,1514,2021-06-02 17:32:00,IMVT
9.91,9.925,9.9016,9.91,2000,2021-06-02 17:33:00,IMVT
9.9,9.9,9.885,9.885,1400,2021-06-02 17:34:00,IMVT
9.9,9.94,9.9,9.925,4746,2021-06-02 17:35:00,IMVT
9.925,9.925,9.91,9.92,1450,2021-06-02 17:36:00,IMVT
9.91,9.91,9.9,9.9,1400,2021-06-02 17:37:00,IMVT
9.91,9.91,9.89,9.89,2287,2021-06-02 17:38:00,IMVT
9.88,9.9,9.88,9.8999,3736,2021-06-02 17:39:00,IMVT
9.89,9.91,9.89,9.91,3264,2021-06-02 17:40:00,IMVT
9.905,9.9324,9.905,9.92,1950,2021-06-02 17:41:00,IMVT
9.93,9.94,9.92,9.92,3410,2021-06-02 17:42:00,IMVT
9.91,9.91,9.88,9.8881,6602,2021-06-02 17:43:00,IMVT
9.89,9.9,9.865,9.875,4147,2021-06-02 17:44:00,IMVT
9.875,9.875,9.845,9.85,3460,2021-06-02 17:45:00,IMVT
9.85,9.85,9.841,9.845,1435,2021-06-02 17:46:00,IMVT
9.8484,9.8501,9.845,9.845,2556,2021-06-02 17:47:00,IMVT
9.845,9.845,9.81,9.83,5510,2021-06-02 17:48:00,IMVT
9.83,9.85,9.83,9.84,700,2021-06-02 17:49:00,IMVT
9.84,9.86,9.84,9.86,941,2021-06-02 17:50:00,IMVT
9.85,9.86,9.84,9.86,1700,2021-06-02 17:51:00,IMVT
9.845,9.87,9.845,9.87,2596,2021-06-02 17:52:00,IMVT
9.87,9.8898,9.87,9.87,1601,2021-06-02 17:53:00,IMVT
9.85,9.87,9.85,9.87,300,2021-06-02 17:54:00,IMVT
9.88,9.88,9.8709,9.8709,300,2021-06-02 17:55:00,IMVT
9.875,9.875,9.8086,9.8086,4705,2021-06-02 17:56:00,IMVT
9.8091,9.83,9.805,9.81,2710,2021-06-02 17:57:00,IMVT
9.8029,9.82,9.8029,9.82,1678,2021-06-02 17:58:00,IMVT
9.815,9.82,9.81,9.82,3789,2021-06-02 17:59:00,IMVT
9.815,9.84,9.815,9.84,2341,2021-06-02 18:00:00,IMVT
9.835,9.85,9.835,9.85,1880,2021-06-02 18:01:00,IMVT
9.845,9.845,9.83,9.835,1898,2021-06-02 18:02:00,IMVT
9.835,9.84,9.8233,9.8233,1689,2021-06-02 18:03:00,IMVT
9.825,9.825,9.82,9.82,654,2021-06-02 18:04:00,IMVT
9.82,9.83,9.82,9.825,2194,2021-06-02 18:05:00,IMVT
9.825,9.8251,9.8201,9.8201,2500,2021-06-02 18:06:00,IMVT
9.825,9.828,9.825,9.825,498,2021-06-02 18:07:00,IMVT
9.82,9.83,9.82,9.8298,4255,2021-06-02 18:08:00,IMVT
9.82,9.82,9.8,9.8,5170,2021-06-02 18:09:00,IMVT
9.805,9.81,9.8001,9.805,2177,2021-06-02 18:10:00,IMVT
9.805,9.809,9.75,9.76,20619,2021-06-02 18:11:00,IMVT
9.7663,9.7663,9.73,9.74,8909,2021-06-02 18:12:00,IMVT
9.735,9.735,9.7101,9.725,10559,2021-06-02 18:13:00,IMVT
9.725,9.73,9.66,9.67,11580,2021-06-02 18:14:00,IMVT
9.6638,9.71,9.6638,9.705,6892,2021-06-02 18:15:00,IMVT
9.71,9.74,9.71,9.715,8761,2021-06-02 18:16:00,IMVT
9.715,9.72,9.71,9.71,7459,2021-06-02 18:17:00,IMVT
9.705,9.7072,9.7001,9.7001,1515,2021-06-02 18:18:00,IMVT
9.7,9.7,9.675,9.676,5085,2021-06-02 18:19:00,IMVT
9.6822,9.69,9.68,9.6801,3369,2021-06-02 18:20:00,IMVT
9.68,9.715,9.68,9.695,5838,2021-06-02 18:21:00,IMVT
9.695,9.7174,9.69,9.69,6110,2021-06-02 18:22:00,IMVT
9.69,9.72,9.69,9.6901,5538,2021-06-02 18:23:00,IMVT
9.7063,9.72,9.7,9.71,4985,2021-06-02 18:24:00,IMVT
9.71,9.71,9.69,9.705,4616,2021-06-02 18:25:00,IMVT
9.705,9.72,9.705,9.72,4093,2021-06-02 18:26:00,IMVT
9.72,9.73,9.715,9.72,4565,2021-06-02 18:27:00,IMVT
9.72,9.74,9.72,9.74,4862,2021-06-02 18:28:00,IMVT
9.75,9.78,9.75,9.7788,15934,2021-06-02 18:29:00,IMVT
9.78,9.78,9.755,9.765,11202,2021-06-02 18:30:00,IMVT
9.765,9.78,9.765,9.775,10907,2021-06-02 18:31:00,IMVT
9.77,9.77,9.71,9.71,8377,2021-06-02 18:32:00,IMVT
9.71,9.72,9.68,9.71,17391,2021-06-02 18:33:00,IMVT
9.72,9.72,9.68,9.6851,7260,2021-06-02 18:34:00,IMVT
9.69,9.695,9.68,9.685,10500,2021-06-02 18:35:00,IMVT
9.685,9.7,9.685,9.69,16042,2021-06-02 18:36:00,IMVT
9.69,9.69,9.625,9.625,16272,2021-06-02 18:37:00,IMVT
9.63,9.68,9.621,9.68,13860,2021-06-02 18:38:00,IMVT
9.68,9.68,9.63,9.66,9944,2021-06-02 18:39:00,IMVT
9.66,9.66,9.62,9.65,14383,2021-06-02 18:40:00,IMVT
9.65,9.67,9.64,9.65,21143,2021-06-02 18:41:00,IMVT
9.65,9.66,9.6385,9.6512,4784,2021-06-02 18:42:00,IMVT
9.64,9.66,9.63,9.66,3490,2021-06-02 18:43:00,IMVT
9.655,9.67,9.6501,9.6682,3176,2021-06-02 18:44:00,IMVT
9.665,9.68,9.665,9.675,5002,2021-06-02 18:45:00,IMVT
9.675,9.68,9.6704,9.673,2156,2021-06-02 18:46:00,IMVT
9.675,9.68,9.675,9.68,3078,2021-06-02 18:47:00,IMVT
9.68,9.68,9.67,9.675,2557,2021-06-02 18:48:00,IMVT
9.68,9.72,9.68,9.715,9690,2021-06-02 18:49:00,IMVT
9.71,9.715,9.68,9.68,4190,2021-06-02 18:50:00,IMVT
9.685,9.695,9.685,9.695,800,2021-06-02 18:51:00,IMVT
9.6933,9.7,9.6933,9.695,406,2021-06-02 18:52:00,IMVT
9.695,9.6979,9.695,9.695,700,2021-06-02 18:53:00,IMVT
9.695,9.695,9.675,9.6782,2280,2021-06-02 18:54:00,IMVT
9.67,9.67,9.665,9.665,3099,2021-06-02 18:55:00,IMVT
9.6698,9.68,9.665,9.675,2703,2021-06-02 18:56:00,IMVT
9.6701,9.68,9.6701,9.6775,4349,2021-06-02 18:57:00,IMVT
9.6781,9.6781,9.66,9.665,5375,2021-06-02 18:58:00,IMVT
9.67,9.67,9.665,9.67,3096,2021-06-02 18:59:00,IMVT
9.675,9.68,9.675,9.6793,1281,2021-06-02 19:00:00,IMVT
9.675,9.7,9.6701,9.7,5904,2021-06-02 19:01:00,IMVT
9.7,9.76,9.7,9.715,15555,2021-06-02 19:02:00,IMVT
9.72,9.73,9.71,9.71,1696,2021-06-02 19:03:00,IMVT
9.71,9.73,9.71,9.72,2503,2021-06-02 19:04:00,IMVT
9.73,9.7524,9.73,9.73,4226,2021-06-02 19:05:00,IMVT
9.73,9.74,9.73,9.74,2242,2021-06-02 19:06:00,IMVT
9.75,9.77,9.75,9.7636,2508,2021-06-02 19:07:00,IMVT
9.7601,9.78,9.7601,9.78,3939,2021-06-02 19:08:00,IMVT
9.775,9.78,9.75,9.755,6382,2021-06-02 19:09:00,IMVT
9.755,9.765,9.755,9.765,7624,2021-06-02 19:10:00,IMVT
9.7615,9.805,9.7615,9.805,8464,2021-06-02 19:11:00,IMVT
9.805,9.805,9.775,9.775,9864,2021-06-02 19:12:00,IMVT
9.775,9.82,9.775,9.82,12061,2021-06-02 19:13:00,IMVT
9.82,9.83,9.82,9.825,7464,2021-06-02 19:14:00,IMVT
9.825,9.825,9.82,9.82,2820,2021-06-02 19:15:00,IMVT
9.825,9.825,9.785,9.81,8397,2021-06-02 19:16:00,IMVT
9.81,9.83,9.81,9.825,4174,2021-06-02 19:17:00,IMVT
9.8201,9.84,9.8201,9.835,7045,2021-06-02 19:18:00,IMVT
9.835,9.84,9.835,9.835,1242,2021-06-02 19:19:00,IMVT
9.835,9.87,9.833,9.865,12244,2021-06-02 19:20:00,IMVT
9.86,9.86,9.84,9.845,4468,2021-06-02 19:21:00,IMVT
9.8464,9.85,9.845,9.85,5968,2021-06-02 19:22:00,IMVT
9.85,9.85,9.81,9.815,10126,2021-06-02 19:23:00,IMVT
9.8163,9.83,9.8102,9.82,5421,2021-06-02 19:24:00,IMVT
9.82,9.84,9.82,9.825,15812,2021-06-02 19:25:00,IMVT
9.825,9.83,9.825,9.825,4400,2021-06-02 19:26:00,IMVT
9.825,9.825,9.825,9.825,900,2021-06-02 19:27:00,IMVT
9.825,9.825,9.755,9.79,14366,2021-06-02 19:28:00,IMVT
9.79,9.79,9.75,9.76,13287,2021-06-02 19:29:00,IMVT
9.76,9.78,9.76,9.775,3176,2021-06-02 19:30:00,IMVT
9.775,9.78,9.77,9.775,5466,2021-06-02 19:31:00,IMVT
9.78,9.78,9.775,9.775,9898,2021-06-02 19:32:00,IMVT
9.775,9.7784,9.73,9.73,15071,2021-06-02 19:33:00,IMVT
9.73,9.76,9.7201,9.7516,11648,2021-06-02 19:34:00,IMVT
9.755,9.755,9.74,9.74,3700,2021-06-02 19:35:00,IMVT
9.745,9.785,9.74,9.785,15388,2021-06-02 19:36:00,IMVT
9.785,9.79,9.7801,9.785,3335,2021-06-02 19:37:00,IMVT
9.785,9.79,9.7818,9.7818,1420,2021-06-02 19:38:00,IMVT
9.79,9.79,9.78,9.785,3000,2021-06-02 19:39:00,IMVT
9.785,9.785,9.78,9.785,5136,2021-06-02 19:40:00,IMVT
9.785,9.83,9.775,9.82,22963,2021-06-02 19:41:00,IMVT
9.82,9.8899,9.82,9.88,17875,2021-06-02 19:42:00,IMVT
9.8708,9.88,9.8201,9.835,25705,2021-06-02 19:43:00,IMVT
9.8384,9.85,9.81,9.82,16257,2021-06-02 19:44:00,IMVT
9.83,9.83,9.805,9.81,8552,2021-06-02 19:45:00,IMVT
9.82,9.82,9.805,9.815,3078,2021-06-02 19:46:00,IMVT
9.8101,9.83,9.805,9.825,8013,2021-06-02 19:47:00,IMVT
9.825,9.85,9.82,9.835,7944,2021-06-02 19:48:00,IMVT
9.84,9.845,9.8234,9.84,12457,2021-06-02 19:49:00,IMVT
9.85,9.875,9.85,9.865,6749,2021-06-02 19:50:00,IMVT
9.865,9.865,9.835,9.845,9224,2021-06-02 19:51:00,IMVT
9.845,9.855,9.83,9.855,21568,2021-06-02 19:52:00,IMVT
9.855,9.89,9.855,9.89,12942,2021-06-02 19:53:00,IMVT
9.8817,9.915,9.8817,9.915,16321,2021-06-02 19:54:00,IMVT
9.92,9.955,9.88,9.955,59499,2021-06-02 19:55:00,IMVT
9.955,9.96,9.945,9.9501,35614,2021-06-02 19:56:00,IMVT
9.96,9.99,9.96,9.97,49746,2021-06-02 19:57:00,IMVT
9.975,9.98,9.87,9.88,72408,2021-06-02 19:58:00,IMVT
9.8826,9.91,9.87,9.898,86050,2021-06-02 19:59:00,IMVT
9.92,9.92,9.92,9.92,135300,2021-06-02 20:00:00,IMVT
9.9,9.9,9.9,9.9,100,2021-06-02 20:06:00,IMVT
9.88,9.9,9.88,9.9,1039,2021-06-02 20:12:00,IMVT
9.89,9.89,9.89,9.89,1000,2021-06-02 20:19:00,IMVT
9.88,9.88,9.88,9.88,161,2021-06-02 20:20:00,IMVT
9.84,9.84,9.84,9.84,100,2021-06-02 20:25:00,IMVT
9.8,9.8,9.8,9.8,100,2021-06-02 20:27:00,IMVT
9.76,9.76,9.76,9.76,945,2021-06-02 20:29:00,IMVT
9.84,9.84,9.84,9.84,200,2021-06-02 20:42:00,IMVT
9.84,9.84,9.84,9.84,100,2021-06-02 20:44:00,IMVT
9.83,9.83,9.83,9.83,157,2021-06-02 20:56:00,IMVT
9.84,9.84,9.83,9.83,200,2021-06-02 21:05:00,IMVT
9.83,9.83,9.83,9.83,929,2021-06-02 21:13:00,IMVT
9.81,9.81,9.81,9.81,100,2021-06-02 21:20:00,IMVT
9.83,9.83,9.83,9.83,100,2021-06-02 21:22:00,IMVT
9.88,9.92,9.88,9.92,944,2021-06-02 21:26:00,IMVT
9.89,9.89,9.89,9.89,100,2021-06-02 21:33:00,IMVT
9.8,9.8,9.8,9.8,185,2021-06-02 21:49:00,IMVT
9.8,9.8,9.8,9.8,200,2021-06-02 21:53:00,IMVT
9.78,9.78,9.78,9.78,100,2021-06-02 21:54:00,IMVT
9.76,9.76,9.7,9.7,950,2021-06-02 21:57:00,IMVT
9.85,9.85,9.85,9.85,600,2021-06-02 22:24:00,IMVT
9.9,9.9,9.9,9.9,200,2021-06-02 22:33:00,IMVT
9.9,9.9,9.9,9.9,340,2021-06-02 22:41:00,IMVT
9.9,9.9,9.9,9.9,1800,2021-06-02 22:42:00,IMVT
9.9,9.92,9.9,9.92,799,2021-06-02 22:43:00,IMVT
9.95,9.95,9.95,9.95,134,2021-06-02 22:45:00,IMVT
9.95,9.95,9.95,9.95,762,2021-06-02 22:46:00,IMVT
9.95,9.95,9.95,9.95,250,2021-06-02 22:48:00,IMVT
9.92,9.92,9.92,9.92,100,2021-06-02 22:49:00,IMVT
9.95,9.95,9.95,9.95,100,2021-06-02 22:50:00,IMVT
9.95,9.95,9.95,9.95,100,2021-06-02 22:51:00,IMVT
9.95,9.95,9.95,9.95,10000,2021-06-02 22:52:00,IMVT
9.95,9.97,9.95,9.97,888,2021-06-02 22:53:00,IMVT
9.97,9.97,9.97,9.97,912,2021-06-02 23:01:00,IMVT
9.97,9.97,9.97,9.97,200,2021-06-02 23:06:00,IMVT
9.88,9.88,9.88,9.88,212,2021-06-03 08:27:00,IMVT
9.88,9.88,9.88,9.88,100,2021-06-03 08:37:00,IMVT
9.8,9.8,9.8,9.8,100,2021-06-03 09:23:00,IMVT
9.71,9.71,9.69,9.69,2655,2021-06-03 09:30:00,IMVT
9.65,9.65,9.65,9.65,250,2021-06-03 09:31:00,IMVT
9.62,9.64,9.62,9.64,330,2021-06-03 09:35:00,IMVT
9.63,9.63,9.63,9.63,1026,2021-06-03 09:41:00,IMVT
9.61,9.61,9.61,9.61,100,2021-06-03 09:44:00,IMVT
9.61,9.61,9.61,9.61,293,2021-06-03 09:57:00,IMVT
9.63,9.63,9.63,9.63,100,2021-06-03 09:58:00,IMVT
9.63,9.63,9.63,9.63,357,2021-06-03 10:04:00,IMVT
9.63,9.63,9.63,9.63,700,2021-06-03 10:13:00,IMVT
9.63,9.63,9.63,9.63,100,2021-06-03 10:14:00,IMVT
9.63,9.63,9.63,9.63,934,2021-06-03 10:19:00,IMVT
9.63,9.63,9.63,9.63,400,2021-06-03 10:42:00,IMVT
9.63,9.63,9.63,9.63,250,2021-06-03 10:57:00,IMVT
9.63,9.63,9.62,9.63,750,2021-06-03 11:00:00,IMVT
9.7,9.82,9.7,9.8,1020,2021-06-03 11:07:00,IMVT
9.81,9.81,9.81,9.81,100,2021-06-03 11:09:00,IMVT
9.78,9.78,9.78,9.78,100,2021-06-03 11:11:00,IMVT
9.72,9.72,9.72,9.72,100,2021-06-03 11:26:00,IMVT
9.64,9.64,9.64,9.64,300,2021-06-03 11:33:00,IMVT
9.7,9.7,9.7,9.7,200,2021-06-03 11:40:00,IMVT
9.7,9.7,9.7,9.7,455,2021-06-03 11:42:00,IMVT
9.69,9.7,9.69,9.7,655,2021-06-03 11:43:00,IMVT
9.75,9.82,9.75,9.82,400,2021-06-03 11:44:00,IMVT
9.68,9.68,9.66,9.66,223,2021-06-03 12:15:00,IMVT
9.71,9.71,9.66,9.66,900,2021-06-03 12:18:00,IMVT
9.71,9.71,9.71,9.71,500,2021-06-03 12:23:00,IMVT
9.67,9.67,9.66,9.66,8000,2021-06-03 12:25:00,IMVT
9.71,9.71,9.71,9.71,300,2021-06-03 12:28:00,IMVT
9.7108,9.7108,9.71,9.71,671,2021-06-03 12:42:00,IMVT
9.7,9.7,9.7,9.7,200,2021-06-03 12:43:00,IMVT
9.7,9.7,9.68,9.7,1155,2021-06-03 12:44:00,IMVT
9.71,9.71,9.71,9.71,100,2021-06-03 12:46:00,IMVT
9.7,9.7,9.7,9.7,193,2021-06-03 12:48:00,IMVT
9.75,9.75,9.75,9.75,300,2021-06-03 12:54:00,IMVT
9.75,9.82,9.75,9.75,1050,2021-06-03 12:55:00,IMVT
9.79,9.79,9.79,9.79,451,2021-06-03 13:00:00,IMVT
9.88,9.88,9.8009,9.8009,550,2021-06-03 13:01:00,IMVT
9.84,9.84,9.84,9.84,200,2021-06-03 13:02:00,IMVT
9.84,9.84,9.84,9.84,1100,2021-06-03 13:04:00,IMVT
9.84,9.84,9.84,9.84,750,2021-06-03 13:05:00,IMVT
9.84,9.84,9.84,9.84,1000,2021-06-03 13:07:00,IMVT
9.87,9.9,9.846,9.846,7003,2021-06-03 13:12:00,IMVT
9.84,9.88,9.84,9.88,800,2021-06-03 13:14:00,IMVT
9.86,9.86,9.86,9.86,100,2021-06-03 13:21:00,IMVT
9.85,9.85,9.85,9.85,500,2021-06-03 13:24:00,IMVT
9.85,9.88,9.85,9.88,800,2021-06-03 13:25:00,IMVT
9.85,9.85,9.85,9.85,350,2021-06-03 13:26:00,IMVT
9.86,9.86,9.85,9.85,201,2021-06-03 13:28:00,IMVT
9.85,9.88,9.842,9.842,28659,2021-06-03 13:30:00,IMVT
9.83,9.85,9.8001,9.8209,3693,2021-06-03 13:31:00,IMVT
9.8,9.89,9.79,9.84,6242,2021-06-03 13:32:00,IMVT
9.8105,9.8754,9.79,9.8032,12406,2021-06-03 13:33:00,IMVT
9.83,9.84,9.7694,9.7694,4916,2021-06-03 13:34:00,IMVT
9.7958,9.85,9.795,9.795,2705,2021-06-03 13:35:00,IMVT
9.795,9.82,9.76,9.81,2781,2021-06-03 13:36:00,IMVT
9.7601,9.83,9.7601,9.82,9157,2021-06-03 13:37:00,IMVT
9.825,9.8851,9.7949,9.8851,122601,2021-06-03 13:38:00,IMVT
9.9,9.95,9.9,9.9,6653,2021-06-03 13:39:00,IMVT
9.94,10.01,9.915,9.9652,23224,2021-06-03 13:40:00,IMVT
9.97,10.0,9.92,9.974,4737,2021-06-03 13:41:00,IMVT
9.96,10.02,9.96,9.9995,9629,2021-06-03 13:42:00,IMVT
10.02,10.05,10.0121,10.0121,3966,2021-06-03 13:43:00,IMVT
10.04,10.1676,10.04,10.04,57924,2021-06-03 13:44:00,IMVT
10.06,10.08,9.96,10.05,279630,2021-06-03 13:45:00,IMVT
10.05,10.2,10.04,10.11,33084,2021-06-03 13:46:00,IMVT
10.14,10.25,10.12,10.2238,20078,2021-06-03 13:47:00,IMVT
10.21,10.23,10.1,10.16,27559,2021-06-03 13:48:00,IMVT
10.18,10.1999,10.16,10.165,18898,2021-06-03 13:49:00,IMVT
10.17,10.215,10.1198,10.15,10935,2021-06-03 13:50:00,IMVT
10.135,10.16,10.1,10.16,25498,2021-06-03 13:51:00,IMVT
10.1558,10.22,10.14,10.22,16382,2021-06-03 13:52:00,IMVT
10.2,10.2219,10.17,10.1821,11460,2021-06-03 13:53:00,IMVT
10.17,10.26,10.16,10.21,21543,2021-06-03 13:54:00,IMVT
10.1868,10.22,10.18,10.2,21018,2021-06-03 13:55:00,IMVT
10.1962,10.25,10.1868,10.222,17112,2021-06-03 13:56:00,IMVT
10.23,10.23,10.2,10.21,15164,2021-06-03 13:57:00,IMVT
10.21,10.21,10.18,10.18,11890,2021-06-03 13:58:00,IMVT
10.165,10.165,10.11,10.135,5898,2021-06-03 13:59:00,IMVT
10.15,10.24,10.135,10.24,8548,2021-06-03 14:00:00,IMVT
10.215,10.2873,10.215,10.26,7716,2021-06-03 14:01:00,IMVT
10.26,10.34,10.24,10.29,20146,2021-06-03 14:02:00,IMVT
10.31,10.31,10.2765,10.3,22291,2021-06-03 14:03:00,IMVT
10.32,10.47,10.31,10.45,34467,2021-06-03 14:04:00,IMVT
10.4286,10.4286,10.3097,10.33,18389,2021-06-03 14:05:00,IMVT
10.33,10.4,10.29,10.37,18080,2021-06-03 14:06:00,IMVT
10.3632,10.41,10.35,10.395,13567,2021-06-03 14:07:00,IMVT
10.4,10.58,10.4,10.54,55440,2021-06-03 14:08:00,IMVT
10.57,10.65,10.51,10.52,32583,2021-06-03 14:09:00,IMVT
10.54,10.6,10.53,10.58,30363,2021-06-03 14:10:00,IMVT
10.571,10.5798,10.4496,10.49,21990,2021-06-03 14:11:00,IMVT
10.4828,10.5363,10.4828,10.51,16310,2021-06-03 14:12:00,IMVT
10.51,10.58,10.49,10.54,15541,2021-06-03 14:13:00,IMVT
10.55,10.64,10.5297,10.64,17155,2021-06-03 14:14:00,IMVT
10.6105,10.64,10.54,10.54,12651,2021-06-03 14:15:00,IMVT
10.54,10.575,10.4,10.43,29788,2021-06-03 14:16:00,IMVT
10.42,10.5,10.4,10.49,9427,2021-06-03 14:17:00,IMVT
10.485,10.4999,10.44,10.44,8293,2021-06-03 14:18:00,IMVT
10.454,10.5,10.45,10.47,9037,2021-06-03 14:19:00,IMVT
10.47,10.5,10.41,10.41,15256,2021-06-03 14:20:00,IMVT
10.426,10.45,10.36,10.41,35802,2021-06-03 14:21:00,IMVT
10.4,10.4865,10.4,10.48,11253,2021-06-03 14:22:00,IMVT
10.49,10.55,10.48,10.54,12747,2021-06-03 14:23:00,IMVT
10.54,10.55,10.41,10.46,12059,2021-06-03 14:24:00,IMVT
10.45,10.485,10.43,10.46,17632,2021-06-03 14:25:00,IMVT
10.463,10.51,10.46,10.49,5430,2021-06-03 14:26:00,IMVT
10.48,10.485,10.45,10.47,10375,2021-06-03 14:27:00,IMVT
10.46,10.46,10.35,10.4,20589,2021-06-03 14:28:00,IMVT
10.405,10.46,10.4,10.44,13172,2021-06-03 14:29:00,IMVT
10.44,10.45,10.42,10.45,1350,2021-06-03 14:30:00,IMVT
10.44,10.45,10.4342,10.44,5413,2021-06-03 14:31:00,IMVT
10.435,10.45,10.42,10.4495,5220,2021-06-03 14:32:00,IMVT
10.45,10.45,10.4235,10.435,3619,2021-06-03 14:33:00,IMVT
10.44,10.455,10.42,10.4231,6472,2021-06-03 14:34:00,IMVT
10.425,10.425,10.37,10.3811,2800,2021-06-03 14:35:00,IMVT
10.387,10.4,10.37,10.37,2675,2021-06-03 14:36:00,IMVT
10.3746,10.39,10.35,10.37,4159,2021-06-03 14:37:00,IMVT
10.35,10.365,10.33,10.3579,5233,2021-06-03 14:38:00,IMVT
10.3999,10.4,10.3686,10.3686,883,2021-06-03 14:39:00,IMVT
10.38,10.4,10.32,10.33,3220,2021-06-03 14:40:00,IMVT
10.33,10.3599,10.32,10.3599,7640,2021-06-03 14:41:00,IMVT
10.345,10.365,10.34,10.365,1485,2021-06-03 14:42:00,IMVT
10.37,10.44,10.37,10.43,4692,2021-06-03 14:43:00,IMVT
10.43,10.43,10.41,10.42,4039,2021-06-03 14:44:00,IMVT
10.43,10.45,10.4149,10.4149,4991,2021-06-03 14:45:00,IMVT
10.45,10.45,10.42,10.43,1400,2021-06-03 14:46:00,IMVT
10.43,10.45,10.43,10.4422,4200,2021-06-03 14:47:00,IMVT
10.445,10.445,10.44,10.445,893,2021-06-03 14:48:00,IMVT
10.445,10.45,10.435,10.44,8075,2021-06-03 14:49:00,IMVT
10.45,10.45,10.425,10.45,8135,2021-06-03 14:50:00,IMVT
10.45,10.46,10.43,10.43,9494,2021-06-03 14:51:00,IMVT
10.43,10.43,10.41,10.41,4512,2021-06-03 14:52:00,IMVT
10.4,10.405,10.39,10.4,600,2021-06-03 14:53:00,IMVT
10.3892,10.41,10.3892,10.41,450,2021-06-03 14:54:00,IMVT
10.39,10.43,10.39,10.43,3200,2021-06-03 14:55:00,IMVT
10.42,10.45,10.4,10.45,11786,2021-06-03 14:56:00,IMVT
10.445,10.45,10.41,10.43,3142,2021-06-03 14:57:00,IMVT
10.4133,10.45,10.4133,10.45,3942,2021-06-03 14:58:00,IMVT
10.44,10.45,10.44,10.45,7459,2021-06-03 14:59:00,IMVT
10.445,10.45,10.43,10.43,2050,2021-06-03 15:00:00,IMVT
10.43,10.4491,10.43,10.44,1300,2021-06-03 15:01:00,IMVT
10.44,10.45,10.44,10.445,2152,2021-06-03 15:02:00,IMVT
10.4424,10.45,10.44,10.45,4503,2021-06-03 15:03:00,IMVT
10.445,10.445,10.42,10.44,2781,2021-06-03 15:04:00,IMVT
10.42,10.45,10.42,10.445,2026,2021-06-03 15:05:00,IMVT
10.445,10.449,10.44,10.449,2500,2021-06-03 15:06:00,IMVT
10.4428,10.455,10.44,10.45,2635,2021-06-03 15:07:00,IMVT
10.443,10.445,10.41,10.41,3799,2021-06-03 15:08:00,IMVT
10.41,10.42,10.36,10.4,2459,2021-06-03 15:09:00,IMVT
10.39,10.395,10.3601,10.3601,2656,2021-06-03 15:10:00,IMVT
10.375,10.375,10.37,10.375,300,2021-06-03 15:11:00,IMVT
10.36,10.375,10.36,10.375,300,2021-06-03 15:12:00,IMVT
10.36,10.36,10.32,10.32,1535,2021-06-03 15:13:00,IMVT
10.32,10.35,10.32,10.3201,2117,2021-06-03 15:14:00,IMVT
10.335,10.39,10.335,10.375,1903,2021-06-03 15:15:00,IMVT
10.375,10.38,10.36,10.36,1600,2021-06-03 15:16:00,IMVT
10.35,10.3505,10.27,10.2889,14540,2021-06-03 15:17:00,IMVT
10.29,10.34,10.28,10.29,16109,2021-06-03 15:18:00,IMVT
10.29,10.3,10.2754,10.285,2629,2021-06-03 15:19:00,IMVT
10.285,10.3,10.285,10.3,474,2021-06-03 15:20:00,IMVT
10.3,10.32,10.291,10.31,3793,2021-06-03 15:21:00,IMVT
10.31,10.32,10.22,10.23,6535,2021-06-03 15:22:00,IMVT
10.28,10.29,10.236,10.255,500,2021-06-03 15:23:00,IMVT
10.3,10.34,10.26,10.34,8750,2021-06-03 15:24:00,IMVT
10.34,10.36,10.31,10.35,5600,2021-06-03 15:25:00,IMVT
10.335,10.335,10.3,10.335,400,2021-06-03 15:26:00,IMVT
10.34,10.34,10.25,10.2599,2050,2021-06-03 15:27:00,IMVT
10.3,10.3,10.3,10.3,200,2021-06-03 15:28:00,IMVT
10.3,10.4,10.3,10.39,5171,2021-06-03 15:29:00,IMVT
10.4,10.41,10.38,10.3975,4980,2021-06-03 15:30:00,IMVT
10.41,10.44,10.405,10.41,3700,2021-06-03 15:31:00,IMVT
10.41,10.42,10.4,10.4,500,2021-06-03 15:32:00,IMVT
10.3936,10.4,10.38,10.4,2700,2021-06-03 15:33:00,IMVT
10.4,10.41,10.39,10.395,1651,2021-06-03 15:34:00,IMVT
10.38,10.42,10.38,10.405,6094,2021-06-03 15:35:00,IMVT
10.41,10.445,10.41,10.43,3449,2021-06-03 15:36:00,IMVT
10.44,10.51,10.43,10.51,20755,2021-06-03 15:37:00,IMVT
10.5,10.52,10.47,10.49,6873,2021-06-03 15:38:00,IMVT
10.47,10.5,10.44,10.49,7416,2021-06-03 15:39:00,IMVT
10.5,10.5,10.4784,10.48,7976,2021-06-03 15:40:00,IMVT
10.48,10.49,10.46,10.465,9574,2021-06-03 15:41:00,IMVT
10.465,10.47,10.44,10.4638,1700,2021-06-03 15:42:00,IMVT
10.4623,10.48,10.45,10.46,4296,2021-06-03 15:43:00,IMVT
10.47,10.49,10.4671,10.48,7219,2021-06-03 15:45:00,IMVT
10.49,10.52,10.4839,10.515,5457,2021-06-03 15:46:00,IMVT
10.51,10.51,10.48,10.48,3447,2021-06-03 15:47:00,IMVT
10.5046,10.5046,10.488,10.488,576,2021-06-03 15:48:00,IMVT
10.495,10.51,10.48,10.49,2514,2021-06-03 15:49:00,IMVT
10.49,10.51,10.4865,10.51,1250,2021-06-03 15:50:00,IMVT
10.51,10.51,10.495,10.51,1600,2021-06-03 15:51:00,IMVT
10.4909,10.5,10.49,10.5,5544,2021-06-03 15:52:00,IMVT
10.51,10.53,10.51,10.52,5708,2021-06-03 15:53:00,IMVT
10.52,10.52,10.49,10.49,5960,2021-06-03 15:54:00,IMVT
10.5,10.51,10.5,10.51,3822,2021-06-03 15:55:00,IMVT
10.5,10.52,10.49,10.49,2200,2021-06-03 15:56:00,IMVT
10.5,10.5,10.49,10.495,3930,2021-06-03 15:57:00,IMVT
10.5,10.5,10.48,10.48,2599,2021-06-03 15:58:00,IMVT
10.48,10.48,10.48,10.48,600,2021-06-03 15:59:00,IMVT
10.477,10.477,10.46,10.47,999,2021-06-03 16:01:00,IMVT
10.47,10.51,10.47,10.51,3100,2021-06-03 16:02:00,IMVT
10.52,10.52,10.51,10.52,800,2021-06-03 16:03:00,IMVT
10.515,10.515,10.5,10.51,1608,2021-06-03 16:04:00,IMVT
10.51,10.55,10.51,10.53,7834,2021-06-03 16:05:00,IMVT
10.525,10.54,10.52,10.53,2024,2021-06-03 16:06:00,IMVT
10.54,10.54,10.53,10.535,2401,2021-06-03 16:07:00,IMVT
10.535,10.535,10.52,10.52,2361,2021-06-03 16:08:00,IMVT
10.535,10.54,10.53,10.54,600,2021-06-03 16:09:00,IMVT
10.54,10.61,10.535,10.6,38128,2021-06-03 16:10:00,IMVT
10.61,10.6897,10.6025,10.635,19551,2021-06-03 16:11:00,IMVT
10.65,10.6899,10.65,10.65,6052,2021-06-03 16:12:00,IMVT
10.6545,10.6545,10.6545,10.6545,281,2021-06-03 16:13:00,IMVT
10.66,10.73,10.66,10.7,19127,2021-06-03 16:14:00,IMVT
10.695,10.695,10.67,10.68,3249,2021-06-03 16:15:00,IMVT
10.68,10.6969,10.661,10.675,7205,2021-06-03 16:16:00,IMVT
10.69,10.69,10.66,10.67,4984,2021-06-03 16:17:00,IMVT
10.66,10.68,10.651,10.651,1525,2021-06-03 16:18:00,IMVT
10.66,10.66,10.6272,10.64,2749,2021-06-03 16:19:00,IMVT
10.6267,10.65,10.62,10.63,2975,2021-06-03 16:20:00,IMVT
10.65,10.66,10.65,10.66,900,2021-06-03 16:21:00,IMVT
10.66,10.671,10.63,10.66,7445,2021-06-03 16:22:00,IMVT
10.66,10.67,10.65,10.65,4240,2021-06-03 16:23:00,IMVT
10.64,10.64,10.59,10.605,10479,2021-06-03 16:24:00,IMVT
10.6,10.6,10.58,10.6,5373,2021-06-03 16:25:00,IMVT
10.61,10.61,10.57,10.59,8505,2021-06-03 16:26:00,IMVT
10.59,10.6067,10.5758,10.6012,2406,2021-06-03 16:27:00,IMVT
10.61,10.65,10.61,10.64,10009,2021-06-03 16:28:00,IMVT
10.645,10.66,10.6,10.6,7700,2021-06-03 16:29:00,IMVT
10.64,10.64,10.64,10.64,180,2021-06-03 16:30:00,IMVT
10.62,10.64,10.61,10.625,1900,2021-06-03 16:31:00,IMVT
10.63,10.63,10.6,10.61,4488,2021-06-03 16:32:00,IMVT
10.591,10.591,10.591,10.591,400,2021-06-03 16:33:00,IMVT
10.6166,10.64,10.605,10.62,3060,2021-06-03 16:34:00,IMVT
10.63,10.65,10.6229,10.65,1252,2021-06-03 16:35:00,IMVT
10.66,10.7,10.64,10.69,8680,2021-06-03 16:36:00,IMVT
10.68,10.7,10.68,10.7,3100,2021-06-03 16:37:00,IMVT
10.69,10.69,10.68,10.68,2182,2021-06-03 16:38:00,IMVT
10.68,10.69,10.66,10.66,5800,2021-06-03 16:39:00,IMVT
10.6864,10.69,10.66,10.67,2291,2021-06-03 16:40:00,IMVT
10.66,10.67,10.63,10.65,5012,2021-06-03 16:41:00,IMVT
10.65,10.65,10.64,10.6499,750,2021-06-03 16:42:00,IMVT
10.645,10.645,10.63,10.63,2300,2021-06-03 16:43:00,IMVT
10.63,10.68,10.63,10.675,1068,2021-06-03 16:44:00,IMVT
10.675,10.69,10.6694,10.67,710,2021-06-03 16:45:00,IMVT
10.7,10.7,10.67,10.67,1500,2021-06-03 16:46:00,IMVT
10.7,10.73,10.7,10.7067,18721,2021-06-03 16:47:00,IMVT
10.71,10.71,10.66,10.68,6300,2021-06-03 16:48:00,IMVT
10.6999,10.7,10.67,10.7,3825,2021-06-03 16:49:00,IMVT
10.6701,10.7,10.6701,10.7,700,2021-06-03 16:50:00,IMVT
10.7,10.7,10.68,10.7,400,2021-06-03 16:51:00,IMVT
10.685,10.7,10.67,10.6875,2055,2021-06-03 16:52:00,IMVT
10.6769,10.7,10.6769,10.7,2590,2021-06-03 16:53:00,IMVT
10.71,10.74,10.71,10.73,2500,2021-06-03 16:54:00,IMVT
10.73,10.74,10.72,10.73,1700,2021-06-03 16:55:00,IMVT
10.7264,10.74,10.7264,10.74,600,2021-06-03 16:56:00,IMVT
10.71,10.71,10.69,10.705,600,2021-06-03 16:57:00,IMVT
10.71,10.73,10.71,10.71,1313,2021-06-03 16:58:00,IMVT
10.71,10.73,10.71,10.72,2501,2021-06-03 16:59:00,IMVT
10.7291,10.7291,10.67,10.6701,5600,2021-06-03 17:00:00,IMVT
10.7212,10.73,10.671,10.73,1320,2021-06-03 17:01:00,IMVT
10.7,10.7,10.67,10.69,800,2021-06-03 17:02:00,IMVT
10.65,10.66,10.64,10.65,5680,2021-06-03 17:03:00,IMVT
10.67,10.68,10.65,10.67,2163,2021-06-03 17:04:00,IMVT
10.66,10.6685,10.65,10.6685,2100,2021-06-03 17:05:00,IMVT
10.64,10.65,10.64,10.65,700,2021-06-03 17:06:00,IMVT
10.63,10.64,10.6,10.62,13353,2021-06-03 17:07:00,IMVT
10.59,10.59,10.57,10.57,5300,2021-06-03 17:08:00,IMVT
10.57,10.58,10.57,10.57,6192,2021-06-03 17:09:00,IMVT
10.59,10.61,10.59,10.6,1778,2021-06-03 17:10:00,IMVT
10.6,10.65,10.6,10.65,17431,2021-06-03 17:11:00,IMVT
10.65,10.685,10.65,10.685,2922,2021-06-03 17:12:00,IMVT
10.68,10.68,10.68,10.68,840,2021-06-03 17:13:00,IMVT
10.69,10.69,10.67,10.69,2200,2021-06-03 17:14:00,IMVT
10.6958,10.7,10.68,10.7,1300,2021-06-03 17:15:00,IMVT
10.71,10.72,10.7,10.7,4985,2021-06-03 17:16:00,IMVT
10.7,10.7,10.7,10.7,200,2021-06-03 17:17:00,IMVT
10.69,10.71,10.69,10.71,2410,2021-06-03 17:18:00,IMVT
10.71,10.72,10.7,10.7081,2634,2021-06-03 17:19:00,IMVT
10.701,10.72,10.7,10.72,3789,2021-06-03 17:20:00,IMVT
10.71,10.72,10.7,10.705,4430,2021-06-03 17:21:00,IMVT
10.705,10.705,10.68,10.68,3608,2021-06-03 17:22:00,IMVT
10.69,10.7,10.68,10.68,525,2021-06-03 17:23:00,IMVT
10.68,10.69,10.67,10.67,834,2021-06-03 17:24:00,IMVT
10.6833,10.6833,10.67,10.67,380,2021-06-03 17:25:00,IMVT
10.67,10.68,10.65,10.68,1100,2021-06-03 17:26:00,IMVT
10.675,10.72,10.675,10.72,4266,2021-06-03 17:27:00,IMVT
10.71,10.71,10.69,10.6999,13671,2021-06-03 17:28:00,IMVT
10.6801,10.69,10.6801,10.69,1400,2021-06-03 17:29:00,IMVT
10.7,10.7,10.69,10.69,500,2021-06-03 17:30:00,IMVT
10.7,10.71,10.7,10.7,2500,2021-06-03 17:31:00,IMVT
10.71,10.72,10.69,10.69,3629,2021-06-03 17:32:00,IMVT
10.69,10.7,10.67,10.67,1800,2021-06-03 17:33:00,IMVT
10.665,10.665,10.6093,10.63,1650,2021-06-03 17:34:00,IMVT
10.641,10.6439,10.64,10.6439,500,2021-06-03 17:35:00,IMVT
10.64,10.65,10.63,10.63,954,2021-06-03 17:36:00,IMVT
10.645,10.65,10.62,10.62,3000,2021-06-03 17:37:00,IMVT
10.63,10.64,10.62,10.64,1143,2021-06-03 17:38:00,IMVT
10.63,10.67,10.63,10.66,3200,2021-06-03 17:39:00,IMVT
10.67,10.69,10.67,10.69,400,2021-06-03 17:40:00,IMVT
10.6809,10.71,10.6809,10.695,3403,2021-06-03 17:41:00,IMVT
10.695,10.715,10.6833,10.71,1700,2021-06-03 17:42:00,IMVT
10.695,10.695,10.65,10.67,900,2021-06-03 17:43:00,IMVT
10.665,10.685,10.665,10.685,1240,2021-06-03 17:44:00,IMVT
10.69,10.71,10.69,10.695,1020,2021-06-03 17:45:00,IMVT
10.6967,10.71,10.681,10.71,2161,2021-06-03 17:46:00,IMVT
10.7,10.72,10.69,10.71,6733,2021-06-03 17:47:00,IMVT
10.72,10.7376,10.72,10.7367,3450,2021-06-03 17:48:00,IMVT
10.73,10.7301,10.71,10.715,4585,2021-06-03 17:49:00,IMVT
10.7001,10.73,10.7001,10.73,800,2021-06-03 17:50:00,IMVT
10.73,10.74,10.72,10.72,1700,2021-06-03 17:51:00,IMVT
10.725,10.78,10.725,10.77,31621,2021-06-03 17:52:00,IMVT
10.7699,10.82,10.7699,10.815,8952,2021-06-03 17:53:00,IMVT
10.83,10.83,10.79,10.8101,3441,2021-06-03 17:54:00,IMVT
10.815,10.815,10.8,10.815,2072,2021-06-03 17:55:00,IMVT
10.815,10.85,10.8092,10.8295,10930,2021-06-03 17:56:00,IMVT
10.8101,10.8299,10.79,10.79,8079,2021-06-03 17:57:00,IMVT
10.7801,10.7907,10.78,10.7907,2100,2021-06-03 17:58:00,IMVT
10.78,10.78,10.78,10.78,600,2021-06-03 17:59:00,IMVT
10.7746,10.79,10.77,10.77,4110,2021-06-03 18:00:00,IMVT
10.75,10.77,10.75,10.76,1700,2021-06-03 18:01:00,IMVT
10.76,10.81,10.76,10.809,5379,2021-06-03 18:02:00,IMVT
10.8045,10.8085,10.7706,10.795,9445,2021-06-03 18:03:00,IMVT
10.8,10.81,10.76,10.775,3381,2021-06-03 18:04:00,IMVT
10.78,10.79,10.78,10.79,899,2021-06-03 18:05:00,IMVT
10.78,10.78,10.76,10.76,2817,2021-06-03 18:06:00,IMVT
10.76,10.77,10.74,10.74,3741,2021-06-03 18:07:00,IMVT
10.73,10.73,10.71,10.72,600,2021-06-03 18:08:00,IMVT
10.72,10.75,10.71,10.7495,5239,2021-06-03 18:09:00,IMVT
10.75,10.76,10.75,10.76,800,2021-06-03 18:10:00,IMVT
10.76,10.76,10.75,10.75,2000,2021-06-03 18:11:00,IMVT
10.75,10.7699,10.75,10.7698,3605,2021-06-03 18:12:00,IMVT
10.75,10.77,10.75,10.76,1500,2021-06-03 18:13:00,IMVT
10.769,10.769,10.755,10.755,1300,2021-06-03 18:14:00,IMVT
10.755,10.755,10.71,10.71,1800,2021-06-03 18:15:00,IMVT
10.71,10.71,10.63,10.63,20874,2021-06-03 18:16:00,IMVT
10.63,10.66,10.62,10.65,2134,2021-06-03 18:17:00,IMVT
10.63,10.66,10.62,10.64,2029,2021-06-03 18:18:00,IMVT
10.62,10.655,10.62,10.64,650,2021-06-03 18:19:00,IMVT
10.655,10.67,10.51,10.545,27243,2021-06-03 18:20:00,IMVT
10.55,10.55,10.54,10.5401,702,2021-06-03 18:21:00,IMVT
10.54,10.55,10.5201,10.54,8800,2021-06-03 18:22:00,IMVT
10.555,10.57,10.54,10.56,2575,2021-06-03 18:23:00,IMVT
10.5751,10.6,10.5751,10.6,1149,2021-06-03 18:24:00,IMVT
10.61,10.65,10.61,10.63,600,2021-06-03 18:25:00,IMVT
10.66,10.66,10.635,10.66,800,2021-06-03 18:26:00,IMVT
10.65,10.68,10.65,10.671,1804,2021-06-03 18:27:00,IMVT
10.67,10.7,10.66,10.7,3400,2021-06-03 18:28:00,IMVT
10.7,10.7,10.64,10.66,4992,2021-06-03 18:29:00,IMVT
10.63,10.645,10.63,10.64,700,2021-06-03 18:30:00,IMVT
10.63,10.63,10.54,10.6,3701,2021-06-03 18:31:00,IMVT
10.5996,10.64,10.5996,10.64,695,2021-06-03 18:32:00,IMVT
10.66,10.66,10.6301,10.65,1500,2021-06-03 18:33:00,IMVT
10.64,10.64,10.61,10.635,4950,2021-06-03 18:34:00,IMVT
10.6215,10.635,10.6215,10.6266,1652,2021-06-03 18:35:00,IMVT
10.62,10.62,10.61,10.6172,1701,2021-06-03 18:36:00,IMVT
10.64,10.67,10.64,10.655,3400,2021-06-03 18:37:00,IMVT
10.65,10.65,10.62,10.62,4000,2021-06-03 18:38:00,IMVT
10.61,10.62,10.59,10.62,8416,2021-06-03 18:39:00,IMVT
10.625,10.625,10.6,10.61,2600,2021-06-03 18:40:00,IMVT
10.605,10.61,10.6014,10.61,1417,2021-06-03 18:41:00,IMVT
10.63,10.66,10.63,10.66,1100,2021-06-03 18:43:00,IMVT
10.68,10.69,10.67,10.69,2300,2021-06-03 18:44:00,IMVT
10.68,10.68,10.6579,10.665,1400,2021-06-03 18:45:00,IMVT
10.65,10.7,10.65,10.685,1535,2021-06-03 18:46:00,IMVT
10.7,10.71,10.69,10.7,4265,2021-06-03 18:49:00,IMVT
10.71,10.71,10.62,10.65,2500,2021-06-03 18:50:00,IMVT
10.66,10.66,10.655,10.655,200,2021-06-03 18:51:00,IMVT
10.65,10.68,10.645,10.67,4382,2021-06-03 18:52:00,IMVT
10.67,10.68,10.65,10.65,4845,2021-06-03 18:53:00,IMVT
10.66,10.66,10.66,10.66,100,2021-06-03 18:54:00,IMVT
10.67,10.69,10.67,10.69,1293,2021-06-03 18:55:00,IMVT
10.695,10.695,10.61,10.64,2300,2021-06-03 18:56:00,IMVT
10.64,10.665,10.64,10.65,2200,2021-06-03 18:57:00,IMVT
10.65,10.66,10.64,10.64,4500,2021-06-03 18:58:00,IMVT
10.65,10.65,10.65,10.65,200,2021-06-03 18:59:00,IMVT
10.65,10.675,10.65,10.675,2699,2021-06-03 19:00:00,IMVT
10.685,10.7,10.68,10.69,2250,2021-06-03 19:01:00,IMVT
10.685,10.69,10.65,10.65,6023,2021-06-03 19:02:00,IMVT
10.66,10.66,10.65,10.65,200,2021-06-03 19:03:00,IMVT
10.65,10.6545,10.65,10.6545,300,2021-06-03 19:04:00,IMVT
10.6663,10.69,10.65,10.66,8567,2021-06-03 19:05:00,IMVT
10.665,10.665,10.65,10.66,1432,2021-06-03 19:06:00,IMVT
10.66,10.67,10.66,10.66,1800,2021-06-03 19:07:00,IMVT
10.66,10.665,10.65,10.665,400,2021-06-03 19:08:00,IMVT
10.66,10.67,10.655,10.655,1364,2021-06-03 19:09:00,IMVT
10.655,10.66,10.64,10.65,2623,2021-06-03 19:10:00,IMVT
10.64,10.65,10.63,10.65,1711,2021-06-03 19:11:00,IMVT
10.64,10.67,10.64,10.67,1200,2021-06-03 19:12:00,IMVT
10.67,10.67,10.65,10.65,2600,2021-06-03 19:13:00,IMVT
10.65,10.65,10.61,10.645,2640,2021-06-03 19:14:00,IMVT
10.64,10.655,10.64,10.655,2011,2021-06-03 19:15:00,IMVT
10.65,10.66,10.645,10.66,1900,2021-06-03 19:16:00,IMVT
10.657,10.67,10.645,10.65,5112,2021-06-03 19:17:00,IMVT
10.65,10.66,10.65,10.66,799,2021-06-03 19:18:00,IMVT
10.665,10.665,10.64,10.64,5300,2021-06-03 19:19:00,IMVT
10.64,10.645,10.61,10.62,1677,2021-06-03 19:20:00,IMVT
10.65,10.65,10.65,10.65,617,2021-06-03 19:21:00,IMVT
10.63,10.64,10.614,10.615,6744,2021-06-03 19:22:00,IMVT
10.61,10.61,10.53,10.55,8470,2021-06-03 19:23:00,IMVT
10.5517,10.59,10.535,10.59,4908,2021-06-03 19:24:00,IMVT
10.5777,10.59,10.575,10.575,3014,2021-06-03 19:25:00,IMVT
10.575,10.575,10.575,10.575,300,2021-06-03 19:26:00,IMVT
10.58,10.595,10.57,10.57,8668,2021-06-03 19:27:00,IMVT
10.58,10.5882,10.58,10.585,389,2021-06-03 19:28:00,IMVT
10.59,10.61,10.59,10.605,6600,2021-06-03 19:29:00,IMVT
10.61,10.65,10.61,10.65,2697,2021-06-03 19:30:00,IMVT
10.65,10.67,10.63,10.63,6503,2021-06-03 19:31:00,IMVT
10.635,10.635,10.595,10.62,9796,2021-06-03 19:32:00,IMVT
10.61,10.61,10.6,10.6,2800,2021-06-03 19:33:00,IMVT
10.61,10.61,10.5916,10.5916,4860,2021-06-03 19:34:00,IMVT
10.5917,10.6,10.57,10.59,8036,2021-06-03 19:35:00,IMVT
10.585,10.59,10.585,10.59,293,2021-06-03 19:36:00,IMVT
10.59,10.6,10.59,10.595,3008,2021-06-03 19:37:00,IMVT
10.605,10.605,10.5457,10.5457,8846,2021-06-03 19:38:00,IMVT
10.54,10.54,10.54,10.54,969,2021-06-03 19:39:00,IMVT
10.54,10.57,10.54,10.55,6960,2021-06-03 19:40:00,IMVT
10.55,10.555,10.52,10.5425,3736,2021-06-03 19:41:00,IMVT
10.55,10.55,10.535,10.537,800,2021-06-03 19:42:00,IMVT
10.535,10.58,10.5231,10.575,5125,2021-06-03 19:43:00,IMVT
10.58,10.6,10.57,10.59,8157,2021-06-03 19:44:00,IMVT
10.595,10.595,10.55,10.55,3851,2021-06-03 19:45:00,IMVT
10.55,10.55,10.515,10.53,7500,2021-06-03 19:46:00,IMVT
10.53,10.56,10.52,10.56,3087,2021-06-03 19:47:00,IMVT
10.57,10.57,10.56,10.57,500,2021-06-03 19:48:00,IMVT
10.58,10.58,10.535,10.58,7498,2021-06-03 19:49:00,IMVT
10.58,10.61,10.58,10.61,5433,2021-06-03 19:50:00,IMVT
10.59,10.65,10.59,10.64,7740,2021-06-03 19:51:00,IMVT
10.65,10.65,10.63,10.65,12243,2021-06-03 19:52:00,IMVT
10.63,10.69,10.63,10.69,9627,2021-06-03 19:53:00,IMVT
10.69,10.73,10.66,10.7,10568,2021-06-03 19:54:00,IMVT
10.69,10.75,10.685,10.75,16932,2021-06-03 19:55:00,IMVT
10.75,10.78,10.72,10.73,20550,2021-06-03 19:56:00,IMVT
10.74,10.78,10.71,10.74,13385,2021-06-03 19:57:00,IMVT
10.74,10.75,10.72,10.74,17700,2021-06-03 19:58:00,IMVT
10.73,10.73,10.69,10.72,18286,2021-06-03 19:59:00,IMVT
10.73,10.73,10.73,10.73,95764,2021-06-03 20:00:00,IMVT
10.73,10.73,10.73,10.73,142,2021-06-03 20:01:00,IMVT
10.7,10.7,10.7,10.7,226,2021-06-03 20:14:00,IMVT
10.5888,10.5888,10.5888,10.5888,160,2021-06-03 20:23:00,IMVT
10.6,10.6,10.6,10.6,430,2021-06-03 20:52:00,IMVT
10.7,10.7,10.7,10.7,500,2021-06-03 21:08:00,IMVT
10.65,10.65,10.65,10.65,100,2021-06-03 21:34:00,IMVT
10.59,10.59,10.59,10.59,341,2021-06-03 21:57:00,IMVT
10.71,10.71,10.71,10.71,488,2021-06-03 22:31:00,IMVT
10.71,10.71,10.71,10.71,100,2021-06-03 22:52:00,IMVT
10.73,10.73,10.73,10.73,345,2021-06-04 11:41:00,IMVT
10.65,10.65,10.65,10.65,150,2021-06-04 11:49:00,IMVT
10.72,10.73,10.72,10.73,300,2021-06-04 12:04:00,IMVT
10.73,10.73,10.73,10.73,160,2021-06-04 12:10:00,IMVT
10.73,10.73,10.73,10.73,414,2021-06-04 12:13:00,IMVT
10.72,10.72,10.72,10.72,100,2021-06-04 12:27:00,IMVT
10.78,10.78,10.73,10.73,600,2021-06-04 12:58:00,IMVT
10.72,10.72,10.72,10.72,100,2021-06-04 13:13:00,IMVT
10.73,10.73,10.73,10.73,100,2021-06-04 13:21:00,IMVT
10.72,10.7434,10.6145,10.6145,19578,2021-06-04 13:30:00,IMVT
10.6,10.6,10.48,10.49,3500,2021-06-04 13:31:00,IMVT
10.4577,10.51,10.455,10.46,8125,2021-06-04 13:32:00,IMVT
10.48,10.52,10.3401,10.4101,9139,2021-06-04 13:33:00,IMVT
10.47,10.51,10.38,10.415,13005,2021-06-04 13:34:00,IMVT
10.41,10.41,10.15,10.19,43516,2021-06-04 13:35:00,IMVT
10.2091,10.35,10.2091,10.29,13173,2021-06-04 13:36:00,IMVT
10.38,10.42,10.38,10.4,30341,2021-06-04 13:37:00,IMVT
10.4,10.44,10.385,10.42,26109,2021-06-04 13:38:00,IMVT
10.41,10.44,10.4067,10.43,7496,2021-06-04 13:39:00,IMVT
10.42,10.44,10.4,10.44,85761,2021-06-04 13:40:00,IMVT
10.43,10.44,10.36,10.36,117118,2021-06-04 13:41:00,IMVT
10.36,10.36,10.18,10.2546,13430,2021-06-04 13:42:00,IMVT
10.2876,10.3,10.19,10.19,15617,2021-06-04 13:43:00,IMVT
10.2,10.2,10.06,10.07,17184,2021-06-04 13:44:00,IMVT
10.12,10.29,10.12,10.29,54244,2021-06-04 13:45:00,IMVT
10.265,10.33,10.24,10.33,14321,2021-06-04 13:46:00,IMVT
10.35,10.38,10.32,10.32,23108,2021-06-04 13:47:00,IMVT
10.335,10.35,10.27,10.29,10871,2021-06-04 13:48:00,IMVT
10.25,10.2649,10.14,10.14,5615,2021-06-04 13:49:00,IMVT
10.155,10.26,10.155,10.24,7687,2021-06-04 13:50:00,IMVT
10.22,10.2299,10.1292,10.1292,6357,2021-06-04 13:51:00,IMVT
10.18,10.28,10.16,10.28,14183,2021-06-04 13:52:00,IMVT
10.28,10.31,10.2335,10.31,59547,2021-06-04 13:53:00,IMVT
10.31,10.42,10.2696,10.4,19243,2021-06-04 13:54:00,IMVT
10.38,10.38,10.23,10.25,4523,2021-06-04 13:55:00,IMVT
10.245,10.245,10.22,10.22,965,2021-06-04 13:56:00,IMVT
10.22,10.22,10.15,10.1528,4713,2021-06-04 13:57:00,IMVT
10.18,10.18,10.14,10.14,1388,2021-06-04 13:58:00,IMVT
10.155,10.18,10.13,10.18,12221,2021-06-04 13:59:00,IMVT
10.19,10.19,10.12,10.12,4308,2021-06-04 14:00:00,IMVT
10.15,10.16,10.13,10.1564,5493,2021-06-04 14:01:00,IMVT
10.16,10.16,10.1101,10.1454,9595,2021-06-04 14:02:00,IMVT
10.15,10.2,10.1359,10.1359,9286,2021-06-04 14:03:00,IMVT
10.1621,10.17,10.12,10.12,5146,2021-06-04 14:04:00,IMVT
10.135,10.145,10.12,10.12,4200,2021-06-04 14:05:00,IMVT
10.135,10.15,10.1,10.15,14415,2021-06-04 14:06:00,IMVT
10.15,10.28,10.15,10.22,17134,2021-06-04 14:07:00,IMVT
10.22,10.22,10.17,10.21,4503,2021-06-04 14:08:00,IMVT
10.1701,10.1701,10.14,10.15,4520,2021-06-04 14:09:00,IMVT
10.15,10.15,10.1,10.1,3350,2021-06-04 14:10:00,IMVT
10.0891,10.1,10.01,10.05,15261,2021-06-04 14:11:00,IMVT
10.06,10.06,10.03,10.03,10467,2021-06-04 14:12:00,IMVT
10.02,10.16,10.01,10.12,63119,2021-06-04 14:13:00,IMVT
10.11,10.12,10.06,10.06,15059,2021-06-04 14:14:00,IMVT
10.1,10.11,9.96,10.0405,21567,2021-06-04 14:15:00,IMVT
10.023,10.08,10.01,10.07,37144,2021-06-04 14:16:00,IMVT
10.07,10.075,10.01,10.025,7280,2021-06-04 14:17:00,IMVT
10.0245,10.04,9.98,9.98,11136,2021-06-04 14:18:00,IMVT
9.9833,10.0,9.97,9.97,3224,2021-06-04 14:19:00,IMVT
9.97,10.01,9.97,10.0,11903,2021-06-04 14:20:00,IMVT
10.0053,10.0053,9.9602,9.9762,4115,2021-06-04 14:21:00,IMVT
9.97,10.0,9.97,9.9921,8039,2021-06-04 14:22:00,IMVT
9.98,10.0,9.98,10.0,4236,2021-06-04 14:23:00,IMVT
10.0,10.02,10.0,10.01,5703,2021-06-04 14:24:00,IMVT
10.005,10.0075,9.91,9.91,7141,2021-06-04 14:25:00,IMVT
9.9316,9.95,9.91,9.94,10399,2021-06-04 14:26:00,IMVT
9.95,9.98,9.94,9.96,5674,2021-06-04 14:27:00,IMVT
9.955,9.98,9.95,9.9556,3481,2021-06-04 14:28:00,IMVT
9.97,9.9899,9.97,9.9852,3435,2021-06-04 14:29:00,IMVT
9.98,9.99,9.96,9.96,8374,2021-06-04 14:30:00,IMVT
9.9699,9.9832,9.96,9.9832,8692,2021-06-04 14:31:00,IMVT
9.99,10.1,9.99,10.1,13030,2021-06-04 14:32:00,IMVT
10.09,10.11,10.07,10.08,12856,2021-06-04 14:33:00,IMVT
10.075,10.075,10.06,10.075,2093,2021-06-04 14:34:00,IMVT
10.09,10.12,10.0695,10.12,7286,2021-06-04 14:35:00,IMVT
10.1242,10.2,10.11,10.18,16390,2021-06-04 14:36:00,IMVT
10.195,10.22,10.195,10.2,10548,2021-06-04 14:37:00,IMVT
10.21,10.2106,10.175,10.175,2061,2021-06-04 14:38:00,IMVT
10.16,10.16,10.16,10.16,869,2021-06-04 14:39:00,IMVT
10.16,10.16,10.135,10.135,1000,2021-06-04 14:40:00,IMVT
10.11,10.11,10.11,10.11,148,2021-06-04 14:41:00,IMVT
10.11,10.135,10.1,10.1,4050,2021-06-04 14:42:00,IMVT
10.095,10.1059,10.08,10.095,3234,2021-06-04 14:43:00,IMVT
10.11,10.11,10.08,10.08,4793,2021-06-04 14:44:00,IMVT
10.09,10.0922,10.018,10.018,1400,2021-06-04 14:45:00,IMVT
10.03,10.06,10.01,10.0489,8560,2021-06-04 14:46:00,IMVT
10.04,10.07,10.04,10.05,6038,2021-06-04 14:47:00,IMVT
10.02,10.054,10.02,10.04,3042,2021-06-04 14:48:00,IMVT
10.04,10.04,10.04,10.04,417,2021-06-04 14:49:00,IMVT
10.04,10.05,10.025,10.045,3982,2021-06-04 14:50:00,IMVT
10.05,10.06,10.05,10.05,4591,2021-06-04 14:51:00,IMVT
10.05,10.06,10.04,10.05,1230,2021-06-04 14:52:00,IMVT
10.04,10.06,10.04,10.055,4598,2021-06-04 14:53:00,IMVT
10.05,10.055,10.03,10.045,4131,2021-06-04 14:54:00,IMVT
10.045,10.06,10.03,10.06,2536,2021-06-04 14:55:00,IMVT
10.0463,10.0543,10.03,10.03,1832,2021-06-04 14:56:00,IMVT
10.03,10.07,10.03,10.06,6050,2021-06-04 14:57:00,IMVT
10.0638,10.0638,10.03,10.03,2235,2021-06-04 14:58:00,IMVT
10.0395,10.0512,10.0395,10.045,3094,2021-06-04 14:59:00,IMVT
10.045,10.06,10.03,10.0499,1848,2021-06-04 15:00:00,IMVT
10.04,10.05,10.02,10.05,515,2021-06-04 15:01:00,IMVT
10.03,10.03,10.03,10.03,200,2021-06-04 15:02:00,IMVT
10.02,10.0361,10.02,10.03,900,2021-06-04 15:03:00,IMVT
10.03,10.03,10.03,10.03,1100,2021-06-04 15:04:00,IMVT
10.02,10.04,10.02,10.035,4909,2021-06-04 15:06:00,IMVT
10.035,10.04,10.035,10.035,5252,2021-06-04 15:07:00,IMVT
10.0374,10.08,10.035,10.0631,9752,2021-06-04 15:08:00,IMVT
10.06,10.07,10.04,10.045,9232,2021-06-04 15:09:00,IMVT
10.06,10.06,10.04,10.0448,510,2021-06-04 15:10:00,IMVT
10.03,10.0451,10.0,10.01,2832,2021-06-04 15:11:00,IMVT
10.0151,10.02,10.01,10.02,3263,2021-06-04 15:12:00,IMVT
10.025,10.03,10.025,10.0274,2250,2021-06-04 15:13:00,IMVT
10.0274,10.03,10.02,10.02,2848,2021-06-04 15:14:00,IMVT
10.015,10.0213,10.0,10.015,695,2021-06-04 15:15:00,IMVT
10.0,10.02,10.0,10.01,7915,2021-06-04 15:16:00,IMVT
10.01,10.065,10.01,10.065,7857,2021-06-04 15:17:00,IMVT
10.065,10.135,10.06,10.135,20982,2021-06-04 15:18:00,IMVT
10.1321,10.135,10.06,10.08,13336,2021-06-04 15:19:00,IMVT
10.0941,10.0941,10.06,10.06,2585,2021-06-04 15:20:00,IMVT
10.09,10.09,10.06,10.075,1439,2021-06-04 15:21:00,IMVT
10.0696,10.1,10.04,10.04,7632,2021-06-04 15:22:00,IMVT
10.055,10.07,10.01,10.01,1694,2021-06-04 15:23:00,IMVT
10.04,10.05,10.02,10.02,1381,2021-06-04 15:24:00,IMVT
10.06,10.06,10.03,10.03,1387,2021-06-04 15:25:00,IMVT
10.03,10.03,10.02,10.02,400,2021-06-04 15:26:00,IMVT
10.0356,10.075,10.025,10.075,8808,2021-06-04 15:27:00,IMVT
10.075,10.079,10.07,10.07,4652,2021-06-04 15:28:00,IMVT
10.07,10.1,10.07,10.1,30821,2021-06-04 15:29:00,IMVT
10.1,10.11,10.1,10.105,4444,2021-06-04 15:30:00,IMVT
10.105,10.14,10.105,10.1233,7293,2021-06-04 15:31:00,IMVT
10.14,10.18,10.1225,10.18,10460,2021-06-04 15:32:00,IMVT
10.18,10.18,10.13,10.13,5351,2021-06-04 15:33:00,IMVT
10.145,10.15,10.12,10.15,1783,2021-06-04 15:34:00,IMVT
10.145,10.15,10.1443,10.15,3499,2021-06-04 15:35:00,IMVT
10.15,10.15,10.15,10.15,275,2021-06-04 15:36:00,IMVT
10.15,10.157,10.1468,10.155,1652,2021-06-04 15:37:00,IMVT
10.15,10.15,10.15,10.15,1554,2021-06-04 15:38:00,IMVT
10.15,10.1573,10.15,10.1573,11503,2021-06-04 15:39:00,IMVT
10.16,10.167,10.15,10.167,5260,2021-06-04 15:40:00,IMVT
10.15,10.15,10.15,10.15,995,2021-06-04 15:41:00,IMVT
10.155,10.155,10.14,10.1485,6795,2021-06-04 15:42:00,IMVT
10.15,10.15,10.145,10.15,1137,2021-06-04 15:43:00,IMVT
10.15,10.16,10.145,10.16,2229,2021-06-04 15:44:00,IMVT
10.17,10.1767,10.1698,10.1767,1179,2021-06-04 15:45:00,IMVT
10.17,10.17,10.16,10.16,1290,2021-06-04 15:46:00,IMVT
10.17,10.17,10.14,10.145,6325,2021-06-04 15:47:00,IMVT
10.15,10.15,10.145,10.145,1777,2021-06-04 15:48:00,IMVT
10.145,10.155,10.145,10.155,1412,2021-06-04 15:49:00,IMVT
10.15,10.1582,10.15,10.1582,2336,2021-06-04 15:50:00,IMVT
10.16,10.17,10.15,10.17,6303,2021-06-04 15:51:00,IMVT
10.17,10.21,10.17,10.21,47768,2021-06-04 15:52:00,IMVT
10.2027,10.26,10.2027,10.25,22223,2021-06-04 15:53:00,IMVT
10.25,10.3,10.25,10.3,74765,2021-06-04 15:54:00,IMVT
10.33,10.331,10.28,10.28,5037,2021-06-04 15:55:00,IMVT
10.28,10.32,10.24,10.24,8845,2021-06-04 15:56:00,IMVT
10.2613,10.2613,10.23,10.24,1390,2021-06-04 15:57:00,IMVT
10.23,10.23,10.2,10.2,1652,2021-06-04 15:58:00,IMVT
10.195,10.195,10.17,10.17,806,2021-06-04 15:59:00,IMVT
10.18,10.2,10.17,10.2,4055,2021-06-04 16:00:00,IMVT
10.195,10.195,10.17,10.17,2345,2021-06-04 16:01:00,IMVT
10.16,10.18,10.16,10.18,427,2021-06-04 16:02:00,IMVT
10.19,10.19,10.125,10.125,3678,2021-06-04 16:03:00,IMVT
10.125,10.125,10.095,10.11,4748,2021-06-04 16:04:00,IMVT
10.12,10.12,10.12,10.12,795,2021-06-04 16:05:00,IMVT
10.115,10.115,10.1124,10.115,407,2021-06-04 16:06:00,IMVT
10.1119,10.115,10.1,10.1,2003,2021-06-04 16:07:00,IMVT
10.1,10.15,10.1,10.15,10600,2021-06-04 16:08:00,IMVT
10.145,10.155,10.12,10.14,987,2021-06-04 16:09:00,IMVT
10.13,10.13,10.11,10.11,626,2021-06-04 16:10:00,IMVT
10.11,10.115,10.11,10.11,1003,2021-06-04 16:11:00,IMVT
10.11,10.11,10.1,10.1015,1444,2021-06-04 16:12:00,IMVT
10.1,10.1,10.06,10.0754,3151,2021-06-04 16:13:00,IMVT
10.07,10.07,10.03,10.0559,4310,2021-06-04 16:14:00,IMVT
10.06,10.07,10.0534,10.07,1390,2021-06-04 16:15:00,IMVT
10.05,10.0624,10.05,10.06,1485,2021-06-04 16:16:00,IMVT
10.06,10.135,10.06,10.13,10191,2021-06-04 16:17:00,IMVT
10.13,10.13,10.09,10.09,1771,2021-06-04 16:18:00,IMVT
10.1125,10.12,10.09,10.105,1950,2021-06-04 16:19:00,IMVT
10.105,10.16,10.105,10.13,7114,2021-06-04 16:20:00,IMVT
10.1,10.12,10.1,10.105,831,2021-06-04 16:21:00,IMVT
10.105,10.12,10.105,10.105,2143,2021-06-04 16:22:00,IMVT
10.12,10.12,10.105,10.12,1871,2021-06-04 16:23:00,IMVT
10.12,10.12,10.105,10.115,2920,2021-06-04 16:24:00,IMVT
10.11,10.13,10.1,10.13,10887,2021-06-04 16:25:00,IMVT
10.14,10.15,10.14,10.15,21927,2021-06-04 16:26:00,IMVT
10.14,10.1516,10.14,10.15,47940,2021-06-04 16:27:00,IMVT
10.15,10.15,10.12,10.12,40531,2021-06-04 16:28:00,IMVT
10.12,10.12,10.12,10.12,1200,2021-06-04 16:29:00,IMVT
10.11,10.1111,10.09,10.1,2400,2021-06-04 16:30:00,IMVT
10.11,10.13,10.09,10.13,6493,2021-06-04 16:31:00,IMVT
10.1,10.1018,10.09,10.1018,422,2021-06-04 16:32:00,IMVT
10.11,10.11,10.07,10.07,414,2021-06-04 16:33:00,IMVT
10.095,10.095,10.08,10.08,3154,2021-06-04 16:34:00,IMVT
10.08,10.08,10.07,10.08,594,2021-06-04 16:35:00,IMVT
10.08,10.08,10.05,10.05,918,2021-06-04 16:36:00,IMVT
10.06,10.06,10.05,10.05,200,2021-06-04 16:37:00,IMVT
10.05,10.05,10.04,10.04,300,2021-06-04 16:38:00,IMVT
10.0553,10.0553,10.02,10.02,1093,2021-06-04 16:39:00,IMVT
10.0239,10.04,10.0239,10.03,600,2021-06-04 16:40:00,IMVT
10.03,10.04,10.03,10.03,1501,2021-06-04 16:41:00,IMVT
10.035,10.04,10.03,10.035,1915,2021-06-04 16:42:00,IMVT
10.0315,10.04,10.03,10.035,2665,2021-06-04 16:43:00,IMVT
10.035,10.04,10.035,10.0382,1289,2021-06-04 16:44:00,IMVT
10.03,10.035,10.02,10.02,1783,2021-06-04 16:45:00,IMVT
10.02,10.02,10.0043,10.01,2299,2021-06-04 16:46:00,IMVT
10.01,10.0133,10.0,10.01,432,2021-06-04 16:47:00,IMVT
10.015,10.015,10.0,10.005,5065,2021-06-04 16:48:00,IMVT
10.01,10.02,10.01,10.01,2237,2021-06-04 16:49:00,IMVT
10.005,10.02,10.0,10.0,1500,2021-06-04 16:50:00,IMVT
10.0,10.0,9.95,9.97,29301,2021-06-04 16:51:00,IMVT
9.95,9.95,9.93,9.94,8051,2021-06-04 16:52:00,IMVT
9.9301,9.96,9.9301,9.96,2789,2021-06-04 16:53:00,IMVT
9.9501,9.9501,9.945,9.945,1500,2021-06-04 16:54:00,IMVT
9.95,9.95,9.9205,9.9315,2038,2021-06-04 16:55:00,IMVT
9.94,9.94,9.93,9.935,1803,2021-06-04 16:56:00,IMVT
9.935,9.94,9.935,9.94,1302,2021-06-04 16:57:00,IMVT
9.93,9.93,9.93,9.93,100,2021-06-04 16:58:00,IMVT
9.94,9.9447,9.93,9.9447,400,2021-06-04 16:59:00,IMVT
9.93,9.93,9.93,9.93,500,2021-06-04 17:01:00,IMVT
9.93,9.93,9.92,9.92,1221,2021-06-04 17:03:00,IMVT
9.92,9.92,9.905,9.905,9798,2021-06-04 17:04:00,IMVT
9.905,9.92,9.905,9.92,8954,2021-06-04 17:05:00,IMVT
9.92,9.9253,9.91,9.9198,2050,2021-06-04 17:06:00,IMVT
9.92,9.945,9.92,9.94,18435,2021-06-04 17:07:00,IMVT
9.945,9.97,9.945,9.945,16380,2021-06-04 17:08:00,IMVT
9.9619,9.9619,9.94,9.94,372,2021-06-04 17:09:00,IMVT
9.945,9.9653,9.94,9.9653,1416,2021-06-04 17:10:00,IMVT
9.94,9.94,9.94,9.94,293,2021-06-04 17:11:00,IMVT
9.94,9.97,9.94,9.97,659,2021-06-04 17:12:00,IMVT
9.97,9.97,9.94,9.9636,2287,2021-06-04 17:13:00,IMVT
9.97,10.0,9.94,9.98,4358,2021-06-04 17:14:00,IMVT
9.99,9.99,9.94,9.9479,11146,2021-06-04 17:15:00,IMVT
9.9569,9.9569,9.94,9.95,1414,2021-06-04 17:16:00,IMVT
9.95,9.96,9.93,9.96,6350,2021-06-04 17:17:00,IMVT
9.961,10.0,9.96,9.99,10066,2021-06-04 17:18:00,IMVT
9.99,10.0,9.9815,10.0,24895,2021-06-04 17:19:00,IMVT
9.9985,10.0,9.99,9.995,14833,2021-06-04 17:20:00,IMVT
9.9999,9.9999,9.99,9.99,705,2021-06-04 17:21:00,IMVT
9.9974,10.0,9.99,10.0,1432,2021-06-04 17:22:00,IMVT
9.9979,10.0,9.99,9.99,3720,2021-06-04 17:23:00,IMVT
9.995,10.005,9.995,10.005,37963,2021-06-04 17:24:00,IMVT
10.0,10.005,10.0,10.0,477,2021-06-04 17:25:00,IMVT
10.0,10.01,10.0,10.005,1509,2021-06-04 17:26:00,IMVT
10.003,10.0079,9.99,9.995,6574,2021-06-04 17:27:00,IMVT
9.98,9.98,9.97,9.97,5336,2021-06-04 17:28:00,IMVT
9.97,9.97,9.96,9.96,1946,2021-06-04 17:29:00,IMVT
9.96,9.98,9.96,9.98,3308,2021-06-04 17:30:00,IMVT
9.99,10.01,9.98,9.98,3409,2021-06-04 17:31:00,IMVT
10.0091,10.0091,10.0,10.0,7400,2021-06-04 17:32:00,IMVT
10.0,10.0,10.0,10.0,696,2021-06-04 17:33:00,IMVT
10.0021,10.0021,10.0,10.0009,502,2021-06-04 17:34:00,IMVT
10.005,10.01,10.0,10.01,1200,2021-06-04 17:35:00,IMVT
10.01,10.015,10.0,10.0,1448,2021-06-04 17:36:00,IMVT
10.01,10.04,10.01,10.04,28734,2021-06-04 17:37:00,IMVT
10.035,10.04,10.01,10.02,2383,2021-06-04 17:38:00,IMVT
10.02,10.0206,10.01,10.01,987,2021-06-04 17:39:00,IMVT
10.01,10.01,10.01,10.01,600,2021-06-04 17:40:00,IMVT
10.03,10.03,10.01,10.02,500,2021-06-04 17:41:00,IMVT
10.0167,10.0167,9.98,9.9913,11746,2021-06-04 17:42:00,IMVT
9.9839,9.9925,9.98,9.98,505,2021-06-04 17:43:00,IMVT
9.98,9.98,9.9,9.93,52592,2021-06-04 17:44:00,IMVT
9.9,9.92,9.88,9.88,29387,2021-06-04 17:45:00,IMVT
9.8899,9.9,9.88,9.9,4954,2021-06-04 17:46:00,IMVT
9.9,9.9,9.89,9.9,2349,2021-06-04 17:47:00,IMVT
9.9,9.9,9.895,9.9,7258,2021-06-04 17:48:00,IMVT
9.898,9.9,9.895,9.9,2104,2021-06-04 17:49:00,IMVT
9.9,9.9,9.89,9.9,8558,2021-06-04 17:50:00,IMVT
9.895,9.895,9.89,9.89,485,2021-06-04 17:51:00,IMVT
9.89,9.9,9.89,9.9,5871,2021-06-04 17:52:00,IMVT
9.895,9.895,9.87,9.87,7548,2021-06-04 17:53:00,IMVT
9.865,9.865,9.84,9.8415,6347,2021-06-04 17:54:00,IMVT
9.845,9.85,9.8401,9.845,4141,2021-06-04 17:55:00,IMVT
9.841,9.8418,9.835,9.835,2856,2021-06-04 17:56:00,IMVT
9.835,9.8899,9.835,9.88,6323,2021-06-04 17:57:00,IMVT
9.875,9.9,9.875,9.9,8142,2021-06-04 17:58:00,IMVT
9.895,9.9,9.88,9.9,2043,2021-06-04 17:59:00,IMVT
9.88,9.88,9.87,9.87,480,2021-06-04 18:00:00,IMVT
9.8738,9.88,9.8738,9.88,1588,2021-06-04 18:01:00,IMVT
9.89,9.89,9.86,9.87,1473,2021-06-04 18:02:00,IMVT
9.8675,9.868,9.865,9.868,925,2021-06-04 18:03:00,IMVT
9.8617,9.8682,9.86,9.86,2010,2021-06-04 18:04:00,IMVT
9.865,9.865,9.86,9.86,6085,2021-06-04 18:05:00,IMVT
9.86,9.86,9.85,9.85,700,2021-06-04 18:06:00,IMVT
9.85,9.85,9.82,9.82,3140,2021-06-04 18:08:00,IMVT
9.82,9.8223,9.81,9.8174,3239,2021-06-04 18:09:00,IMVT
9.815,9.82,9.815,9.815,3459,2021-06-04 18:10:00,IMVT
9.815,9.82,9.815,9.82,1705,2021-06-04 18:11:00,IMVT
9.8197,9.88,9.815,9.8554,80555,2021-06-04 18:12:00,IMVT
9.855,9.855,9.83,9.839,14014,2021-06-04 18:13:00,IMVT
9.84,9.84,9.8319,9.8319,6403,2021-06-04 18:14:00,IMVT
9.84,9.845,9.8,9.8271,35870,2021-06-04 18:15:00,IMVT
9.83,9.91,9.81,9.91,20914,2021-06-04 18:16:00,IMVT
9.91,9.97,9.8976,9.97,17797,2021-06-04 18:17:00,IMVT
9.946,10.01,9.946,10.01,20151,2021-06-04 18:18:00,IMVT
10.01,10.075,10.01,10.075,13306,2021-06-04 18:19:00,IMVT
10.075,10.12,10.075,10.12,19637,2021-06-04 18:20:00,IMVT
10.13,10.1899,10.13,10.1899,20738,2021-06-04 18:21:00,IMVT
10.1801,10.1901,10.16,10.1901,11017,2021-06-04 18:22:00,IMVT
10.19,10.19,10.03,10.03,6667,2021-06-04 18:23:00,IMVT
10.07,10.07,10.03,10.03,1099,2021-06-04 18:24:00,IMVT
10.0192,10.0192,10.01,10.01,635,2021-06-04 18:25:00,IMVT
10.035,10.035,10.01,10.03,1312,2021-06-04 18:26:00,IMVT
10.01,10.02,9.97,9.97,7131,2021-06-04 18:27:00,IMVT
9.97,9.97,9.97,9.97,496,2021-06-04 18:28:00,IMVT
9.9986,9.9986,9.95,9.95,2421,2021-06-04 18:29:00,IMVT
9.96,9.965,9.95,9.965,535,2021-06-04 18:30:00,IMVT
9.95,9.955,9.935,9.935,3657,2021-06-04 18:31:00,IMVT
9.9496,9.9496,9.92,9.92,902,2021-06-04 18:32:00,IMVT
9.9,9.93,9.9,9.93,2643,2021-06-04 18:33:00,IMVT
9.93,9.93,9.9078,9.9078,1235,2021-06-04 18:34:00,IMVT
9.915,9.93,9.915,9.915,2209,2021-06-04 18:35:00,IMVT
9.93,9.93,9.91,9.91,534,2021-06-04 18:36:00,IMVT
9.93,9.96,9.93,9.96,3242,2021-06-04 18:37:00,IMVT
9.929,9.96,9.929,9.94,755,2021-06-04 18:38:00,IMVT
9.94,9.9561,9.94,9.9561,1100,2021-06-04 18:39:00,IMVT
9.9428,9.9428,9.935,9.935,250,2021-06-04 18:40:00,IMVT
9.92,9.925,9.89,9.895,3068,2021-06-04 18:41:00,IMVT
9.905,9.905,9.905,9.905,999,2021-06-04 18:42:00,IMVT
9.88,9.9,9.87,9.88,4081,2021-06-04 18:43:00,IMVT
9.88,9.88,9.86,9.87,900,2021-06-04 18:44:00,IMVT
9.87,9.87,9.87,9.87,100,2021-06-04 18:45:00,IMVT
9.8923,9.92,9.8798,9.915,5404,2021-06-04 18:46:00,IMVT
9.915,9.93,9.915,9.93,600,2021-06-04 18:47:00,IMVT
9.93,9.93,9.91,9.93,1500,2021-06-04 18:48:00,IMVT
9.9264,9.94,9.91,9.94,2320,2021-06-04 18:49:00,IMVT
9.94,9.95,9.93,9.93,3300,2021-06-04 18:50:00,IMVT
9.9284,9.9284,9.9,9.9,500,2021-06-04 18:51:00,IMVT
9.91,9.91,9.9,9.903,1240,2021-06-04 18:52:00,IMVT
9.92,9.92,9.87,9.88,5268,2021-06-04 18:53:00,IMVT
9.88,9.8967,9.88,9.89,1466,2021-06-04 18:54:00,IMVT
9.88,9.89,9.87,9.87,1667,2021-06-04 18:55:00,IMVT
9.885,9.885,9.88,9.88,487,2021-06-04 18:56:00,IMVT
9.88,9.88,9.87,9.875,2316,2021-06-04 18:57:00,IMVT
9.87,9.87,9.84,9.84,4130,2021-06-04 18:58:00,IMVT
9.84,9.845,9.82,9.831,6919,2021-06-04 18:59:00,IMVT
9.85,9.87,9.845,9.87,2723,2021-06-04 19:00:00,IMVT
9.87,9.88,9.87,9.88,1930,2021-06-04 19:01:00,IMVT
9.8797,9.8797,9.85,9.85,661,2021-06-04 19:02:00,IMVT
9.85,9.85,9.85,9.85,300,2021-06-04 19:03:00,IMVT
9.84,9.86,9.84,9.86,2603,2021-06-04 19:04:00,IMVT
9.865,9.865,9.845,9.85,3196,2021-06-04 19:05:00,IMVT
9.845,9.8496,9.845,9.8496,1600,2021-06-04 19:06:00,IMVT
9.83,9.83,9.83,9.83,126,2021-06-04 19:07:00,IMVT
9.8382,9.86,9.83,9.83,1251,2021-06-04 19:08:00,IMVT
9.82,9.84,9.81,9.815,6450,2021-06-04 19:09:00,IMVT
9.815,9.86,9.81,9.85,5192,2021-06-04 19:10:00,IMVT
9.83,9.8318,9.83,9.8318,300,2021-06-04 19:11:00,IMVT
9.83,9.87,9.8251,9.86,8573,2021-06-04 19:12:00,IMVT
9.8694,9.91,9.855,9.91,5712,2021-06-04 19:13:00,IMVT
9.9,9.9,9.85,9.865,5361,2021-06-04 19:14:00,IMVT
9.865,9.88,9.865,9.865,863,2021-06-04 19:15:00,IMVT
9.86,9.87,9.86,9.87,905,2021-06-04 19:16:00,IMVT
9.87,9.89,9.865,9.89,3502,2021-06-04 19:17:00,IMVT
9.89,9.9,9.8801,9.89,5377,2021-06-04 19:18:00,IMVT
9.91,9.91,9.89,9.89,2263,2021-06-04 19:19:00,IMVT
9.9,9.91,9.895,9.9,2262,2021-06-04 19:20:00,IMVT
9.9,9.9,9.9,9.9,1697,2021-06-04 19:21:00,IMVT
9.9016,9.91,9.895,9.895,5208,2021-06-04 19:22:00,IMVT
9.8928,9.91,9.89,9.91,3849,2021-06-04 19:23:00,IMVT
9.9,9.905,9.9,9.905,1107,2021-06-04 19:24:00,IMVT
9.905,9.91,9.9,9.9,4028,2021-06-04 19:25:00,IMVT
9.9,9.9,9.89,9.89,2098,2021-06-04 19:26:00,IMVT
9.895,9.9,9.89,9.895,3737,2021-06-04 19:27:00,IMVT
9.895,9.92,9.895,9.92,3336,2021-06-04 19:28:00,IMVT
9.91,9.92,9.91,9.92,1000,2021-06-04 19:29:00,IMVT
9.9,9.92,9.9,9.92,2107,2021-06-04 19:30:00,IMVT
9.92,9.92,9.91,9.91,852,2021-06-04 19:31:00,IMVT
9.91,9.91,9.9,9.9,1103,2021-06-04 19:32:00,IMVT
9.915,9.92,9.9,9.9149,6205,2021-06-04 19:33:00,IMVT
9.92,9.92,9.9,9.9,1735,2021-06-04 19:34:00,IMVT
9.89,9.89,9.87,9.87,3132,2021-06-04 19:35:00,IMVT
9.87,9.88,9.86,9.88,3734,2021-06-04 19:36:00,IMVT
9.88,9.88,9.86,9.87,2520,2021-06-04 19:37:00,IMVT
9.865,9.8768,9.86,9.8738,2108,2021-06-04 19:38:00,IMVT
9.8738,9.88,9.86,9.8691,2024,2021-06-04 19:39:00,IMVT
9.87,9.87,9.855,9.855,7697,2021-06-04 19:40:00,IMVT
9.855,9.88,9.85,9.875,9117,2021-06-04 19:41:00,IMVT
9.87,9.915,9.87,9.895,20218,2021-06-04 19:42:00,IMVT
9.895,9.9,9.89,9.895,3571,2021-06-04 19:43:00,IMVT
9.895,9.915,9.89,9.915,5155,2021-06-04 19:44:00,IMVT
9.915,9.92,9.9,9.9,4195,2021-06-04 19:45:00,IMVT
9.9,9.91,9.9,9.91,2381,2021-06-04 19:46:00,IMVT
9.91,9.91,9.9,9.91,2478,2021-06-04 19:47:00,IMVT
9.905,9.91,9.9,9.9,2937,2021-06-04 19:48:00,IMVT
9.91,9.91,9.9,9.905,4677,2021-06-04 19:49:00,IMVT
9.905,9.915,9.89,9.895,9789,2021-06-04 19:50:00,IMVT
9.895,9.9,9.89,9.89,4461,2021-06-04 19:51:00,IMVT
9.9,9.9,9.88,9.8898,3769,2021-06-04 19:52:00,IMVT
9.895,9.9,9.89,9.89,9474,2021-06-04 19:53:00,IMVT
9.8954,9.9,9.89,9.89,4197,2021-06-04 19:54:00,IMVT
9.895,9.9,9.89,9.895,6817,2021-06-04 19:55:00,IMVT
9.895,9.895,9.86,9.865,9568,2021-06-04 19:56:00,IMVT
9.865,9.9,9.865,9.895,11828,2021-06-04 19:57:00,IMVT
9.895,9.91,9.89,9.895,21322,2021-06-04 19:58:00,IMVT
9.89,9.96,9.89,9.95,71897,2021-06-04 19:59:00,IMVT
9.93,9.93,9.93,9.93,120742,2021-06-04 20:00:00,IMVT
9.93,9.93,9.93,9.93,232,2021-06-04 20:06:00,IMVT
9.93,9.93,9.93,9.93,300,2021-06-04 20:21:00,IMVT
9.92,9.92,9.92,9.92,607,2021-06-04 20:27:00,IMVT
9.92,9.92,9.92,9.92,500,2021-06-04 20:30:00,IMVT
9.9201,9.9201,9.9201,9.9201,1000,2021-06-04 20:42:00,IMVT
9.93,9.93,9.93,9.93,1500,2021-06-04 20:59:00,IMVT
9.93,9.93,9.93,9.93,100,2021-06-04 21:03:00,IMVT
9.93,9.93,9.93,9.93,200,2021-06-04 21:20:00,IMVT
9.93,9.93,9.93,9.93,400,2021-06-04 21:29:00,IMVT
9.93,9.93,9.93,9.93,300,2021-06-04 21:34:00,IMVT
9.93,9.93,9.93,9.93,723,2021-06-04 21:37:00,IMVT
9.9305,9.9305,9.9305,9.9305,100,2021-06-04 21:44:00,IMVT
9.9302,9.9302,9.9302,9.9302,200,2021-06-04 21:52:00,IMVT
9.93,9.93,9.93,9.93,1000,2021-06-04 21:53:00,IMVT
9.98,9.98,9.98,9.98,100,2021-06-04 22:15:00,IMVT
9.9799,9.9799,9.9799,9.9799,100,2021-06-04 22:35:00,IMVT
9.98,9.98,9.98,9.98,100,2021-06-04 22:37:00,IMVT
9.98,9.98,9.98,9.98,225,2021-06-04 22:45:00,IMVT
9.93,9.93,9.93,9.93,331,2021-06-04 22:58:00,IMVT
9.93,9.93,9.93,9.93,132,2021-06-04 23:07:00,IMVT
9.93,9.93,9.93,9.93,167,2021-06-04 23:55:00,IMVT
10.12,10.12,10.12,10.12,100,2021-06-07 10:06:00,IMVT
10.13,10.13,10.13,10.13,1000,2021-06-07 10:09:00,IMVT
10.13,10.13,10.13,10.13,200,2021-06-07 10:11:00,IMVT
10.12,10.12,10.12,10.12,100,2021-06-07 10:13:00,IMVT
10.1,10.1,10.1,10.1,200,2021-06-07 10:16:00,IMVT
10.11,10.11,10.11,10.11,290,2021-06-07 10:31:00,IMVT
10.12,10.12,10.12,10.12,456,2021-06-07 10:34:00,IMVT
10.12,10.12,10.12,10.12,400,2021-06-07 11:04:00,IMVT
10.12,10.12,10.12,10.12,100,2021-06-07 11:06:00,IMVT
10.1,10.1,10.1,10.1,100,2021-06-07 11:09:00,IMVT
10.15,10.15,10.15,10.15,100,2021-06-07 12:21:00,IMVT
10.14,10.14,10.14,10.14,100,2021-06-07 12:24:00,IMVT
10.12,10.12,10.12,10.12,100,2021-06-07 12:26:00,IMVT
10.0,10.0,10.0,10.0,100,2021-06-07 13:09:00,IMVT
10.01,10.09,10.0,10.0305,21240,2021-06-07 13:30:00,IMVT
10.0,10.12,10.0,10.12,10558,2021-06-07 13:31:00,IMVT
10.1171,10.18,10.09,10.18,15158,2021-06-07 13:32:00,IMVT
10.165,10.18,10.09,10.17,7990,2021-06-07 13:33:00,IMVT
10.0816,10.14,10.08,10.12,9151,2021-06-07 13:34:00,IMVT
10.14,10.17,10.09,10.14,3406,2021-06-07 13:35:00,IMVT
10.159,10.159,10.06,10.12,4249,2021-06-07 13:36:00,IMVT
10.12,10.14,10.06,10.12,1950,2021-06-07 13:37:00,IMVT
10.12,10.12,10.06,10.08,5856,2021-06-07 13:38:00,IMVT
10.04,10.25,10.04,10.23,19994,2021-06-07 13:39:00,IMVT
10.2076,10.22,10.18,10.2,2146,2021-06-07 13:40:00,IMVT
10.22,10.24,10.18,10.2065,8947,2021-06-07 13:41:00,IMVT
10.21,10.229,10.2,10.22,7135,2021-06-07 13:42:00,IMVT
10.2,10.21,10.1726,10.1726,4380,2021-06-07 13:43:00,IMVT
10.17,10.1855,10.15,10.16,1291,2021-06-07 13:44:00,IMVT
10.2,10.24,10.1884,10.24,17820,2021-06-07 13:45:00,IMVT
10.2299,10.28,10.2299,10.255,3309,2021-06-07 13:46:00,IMVT
10.27,10.38,10.27,10.294,16490,2021-06-07 13:47:00,IMVT
10.29,10.29,10.26,10.27,900,2021-06-07 13:48:00,IMVT
10.27,10.305,10.258,10.285,8235,2021-06-07 13:49:00,IMVT
10.2599,10.32,10.2501,10.2809,5395,2021-06-07 13:50:00,IMVT
10.29,10.315,10.27,10.3,4516,2021-06-07 13:51:00,IMVT
10.27,10.2765,10.24,10.2765,4929,2021-06-07 13:52:00,IMVT
10.25,10.29,10.25,10.275,2000,2021-06-07 13:53:00,IMVT
10.29,10.2932,10.23,10.23,1800,2021-06-07 13:54:00,IMVT
10.2423,10.26,10.22,10.22,1325,2021-06-07 13:55:00,IMVT
10.22,10.2505,10.2,10.2505,1419,2021-06-07 13:56:00,IMVT
10.225,10.225,10.17,10.2076,6278,2021-06-07 13:57:00,IMVT
10.2099,10.2099,10.18,10.192,2899,2021-06-07 13:58:00,IMVT
10.205,10.23,10.19,10.22,1800,2021-06-07 13:59:00,IMVT
10.239,10.239,10.17,10.17,1214,2021-06-07 14:00:00,IMVT
10.1532,10.21,10.1532,10.2,2497,2021-06-07 14:01:00,IMVT
10.18,10.2,10.14,10.14,2992,2021-06-07 14:02:00,IMVT
10.16,10.19,10.14,10.17,40611,2021-06-07 14:03:00,IMVT
10.17,10.1908,10.15,10.155,2200,2021-06-07 14:04:00,IMVT
10.13,10.15,10.13,10.15,203,2021-06-07 14:05:00,IMVT
10.1394,10.15,10.1,10.125,5701,2021-06-07 14:06:00,IMVT
10.11,10.16,10.11,10.16,3940,2021-06-07 14:07:00,IMVT
10.1301,10.19,10.1301,10.18,600,2021-06-07 14:08:00,IMVT
10.18,10.23,10.18,10.2,2920,2021-06-07 14:09:00,IMVT
10.22,10.24,10.22,10.23,697,2021-06-07 14:10:00,IMVT
10.22,10.225,10.18,10.2044,11384,2021-06-07 14:11:00,IMVT
10.2094,10.22,10.19,10.22,1096,2021-06-07 14:12:00,IMVT
10.22,10.26,10.22,10.22,1572,2021-06-07 14:13:00,IMVT
10.25,10.25,10.22,10.22,500,2021-06-07 14:14:00,IMVT
10.22,10.26,10.21,10.24,3098,2021-06-07 14:15:00,IMVT
10.2254,10.24,10.2154,10.2154,1730,2021-06-07 14:16:00,IMVT
10.21,10.22,10.21,10.22,800,2021-06-07 14:17:00,IMVT
10.2,10.215,10.2,10.215,300,2021-06-07 14:18:00,IMVT
10.215,10.215,10.2,10.2,300,2021-06-07 14:19:00,IMVT
10.2,10.21,10.19,10.21,3200,2021-06-07 14:20:00,IMVT
10.21,10.26,10.21,10.24,4522,2021-06-07 14:21:00,IMVT
10.25,10.25,10.22,10.22,1612,2021-06-07 14:22:00,IMVT
10.19,10.19,10.19,10.19,100,2021-06-07 14:23:00,IMVT
10.21,10.21,10.2,10.2,200,2021-06-07 14:24:00,IMVT
10.21,10.23,10.2,10.22,1982,2021-06-07 14:25:00,IMVT
10.23,10.27,10.22,10.22,3000,2021-06-07 14:26:00,IMVT
10.22,10.26,10.22,10.26,1600,2021-06-07 14:27:00,IMVT
10.24,10.24,10.22,10.22,793,2021-06-07 14:28:00,IMVT
10.26,10.26,10.2,10.215,4207,2021-06-07 14:29:00,IMVT
10.2,10.23,10.2,10.23,200,2021-06-07 14:30:00,IMVT
10.2074,10.23,10.2,10.23,5417,2021-06-07 14:31:00,IMVT
10.24,10.28,10.24,10.27,2843,2021-06-07 14:32:00,IMVT
10.27,10.29,10.27,10.29,800,2021-06-07 14:33:00,IMVT
10.29,10.31,10.29,10.3,7070,2021-06-07 14:34:00,IMVT
10.3,10.33,10.3,10.31,2400,2021-06-07 14:35:00,IMVT
10.31,10.32,10.29,10.29,2100,2021-06-07 14:36:00,IMVT
10.29,10.33,10.29,10.32,1900,2021-06-07 14:37:00,IMVT
10.32,10.3216,10.31,10.32,1214,2021-06-07 14:38:00,IMVT
10.32,10.32,10.32,10.32,571,2021-06-07 14:39:00,IMVT
10.31,10.33,10.3051,10.32,1202,2021-06-07 14:40:00,IMVT
10.3,10.32,10.3,10.301,1300,2021-06-07 14:41:00,IMVT
10.3,10.3,10.29,10.29,1012,2021-06-07 14:42:00,IMVT
10.27,10.27,10.27,10.27,200,2021-06-07 14:44:00,IMVT
10.2864,10.2864,10.28,10.28,600,2021-06-07 14:45:00,IMVT
10.2702,10.28,10.25,10.26,2654,2021-06-07 14:46:00,IMVT
10.26,10.31,10.26,10.29,10513,2021-06-07 14:47:00,IMVT
10.29,10.29,10.29,10.29,150,2021-06-07 14:48:00,IMVT
10.31,10.33,10.31,10.33,2320,2021-06-07 14:49:00,IMVT
10.32,10.37,10.32,10.37,5355,2021-06-07 14:50:00,IMVT
10.37,10.45,10.37,10.39,7087,2021-06-07 14:51:00,IMVT
10.4,10.4,10.3564,10.385,10965,2021-06-07 14:52:00,IMVT
10.3641,10.3703,10.35,10.37,2391,2021-06-07 14:53:00,IMVT
10.3715,10.3715,10.34,10.36,1141,2021-06-07 14:54:00,IMVT
10.35,10.36,10.35,10.36,1000,2021-06-07 14:55:00,IMVT
10.37,10.47,10.37,10.413,11279,2021-06-07 14:56:00,IMVT
10.46,10.47,10.41,10.46,14483,2021-06-07 14:57:00,IMVT
10.4668,10.62,10.4668,10.53,30657,2021-06-07 14:58:00,IMVT
10.53,10.6,10.49,10.575,28234,2021-06-07 14:59:00,IMVT
10.59,10.61,10.54,10.58,79455,2021-06-07 15:00:00,IMVT
10.61,10.67,10.5854,10.6605,22715,2021-06-07 15:01:00,IMVT
10.66,10.66,10.61,10.61,5461,2021-06-07 15:02:00,IMVT
10.61,10.67,10.61,10.66,8754,2021-06-07 15:03:00,IMVT
10.6379,10.6379,10.53,10.57,12685,2021-06-07 15:04:00,IMVT
10.5414,10.6,10.53,10.6,2150,2021-06-07 15:05:00,IMVT
10.59,10.64,10.5836,10.62,3026,2021-06-07 15:06:00,IMVT
10.66,10.67,10.61,10.61,6489,2021-06-07 15:07:00,IMVT
10.6189,10.6189,10.585,10.585,610,2021-06-07 15:08:00,IMVT
10.52,10.63,10.51,10.63,11148,2021-06-07 15:09:00,IMVT
10.6,10.63,10.575,10.59,5400,2021-06-07 15:10:00,IMVT
10.59,10.6,10.55,10.55,1000,2021-06-07 15:11:00,IMVT
10.55,10.59,10.53,10.59,5617,2021-06-07 15:12:00,IMVT
10.57,10.58,10.56,10.575,1500,2021-06-07 15:13:00,IMVT
10.57,10.67,10.57,10.6616,8226,2021-06-07 15:14:00,IMVT
10.66,10.69,10.6522,10.69,4249,2021-06-07 15:15:00,IMVT
10.69,10.73,10.67,10.67,12169,2021-06-07 15:16:00,IMVT
10.7,10.7,10.6,10.64,10143,2021-06-07 15:17:00,IMVT
10.6226,10.65,10.6226,10.65,1500,2021-06-07 15:18:00,IMVT
10.6401,10.65,10.63,10.63,3100,2021-06-07 15:19:00,IMVT
10.6207,10.65,10.61,10.61,1022,2021-06-07 15:20:00,IMVT
10.65,10.65,10.61,10.6247,7043,2021-06-07 15:21:00,IMVT
10.601,10.62,10.58,10.59,6435,2021-06-07 15:22:00,IMVT
10.59,10.6,10.5688,10.585,3972,2021-06-07 15:23:00,IMVT
10.6,10.65,10.6,10.63,10317,2021-06-07 15:24:00,IMVT
10.6206,10.64,10.61,10.61,1645,2021-06-07 15:25:00,IMVT
10.61,10.7,10.6,10.7,12035,2021-06-07 15:26:00,IMVT
10.6948,10.72,10.65,10.65,4392,2021-06-07 15:27:00,IMVT
10.68,10.68,10.64,10.6603,5900,2021-06-07 15:28:00,IMVT
10.65,10.69,10.64,10.69,4698,2021-06-07 15:29:00,IMVT
10.68,10.69,10.65,10.66,5595,2021-06-07 15:30:00,IMVT
10.665,10.69,10.65,10.69,5718,2021-06-07 15:31:00,IMVT
10.6828,10.71,10.6828,10.7,4910,2021-06-07 15:32:00,IMVT
10.71,10.71,10.682,10.685,2800,2021-06-07 15:33:00,IMVT
10.68,10.7,10.68,10.68,49257,2021-06-07 15:34:00,IMVT
10.695,10.71,10.68,10.7,68953,2021-06-07 15:35:00,IMVT
10.71,10.71,10.69,10.69,1300,2021-06-07 15:36:00,IMVT
10.7,10.7,10.68,10.7,2311,2021-06-07 15:37:00,IMVT
10.69,10.7,10.68,10.685,27400,2021-06-07 15:38:00,IMVT
10.68,10.7,10.68,10.69,2297,2021-06-07 15:39:00,IMVT
10.69,10.73,10.69,10.73,6457,2021-06-07 15:40:00,IMVT
10.71,10.71,10.693,10.7,3557,2021-06-07 15:41:00,IMVT
10.7,10.7,10.69,10.69,2999,2021-06-07 15:42:00,IMVT
10.69,10.74,10.69,10.74,2300,2021-06-07 15:43:00,IMVT
10.74,10.76,10.66,10.68,20494,2021-06-07 15:44:00,IMVT
10.7,10.7,10.6711,10.68,4329,2021-06-07 15:45:00,IMVT
10.6901,10.6901,10.6901,10.6901,140,2021-06-07 15:46:00,IMVT
10.68,10.7,10.68,10.68,863,2021-06-07 15:47:00,IMVT
10.66,10.69,10.66,10.6601,700,2021-06-07 15:48:00,IMVT
10.6687,10.68,10.6687,10.68,1725,2021-06-07 15:49:00,IMVT
10.69,10.7168,10.69,10.7168,1840,2021-06-07 15:50:00,IMVT
10.7101,10.73,10.7101,10.718,1030,2021-06-07 15:51:00,IMVT
10.72,10.74,10.71,10.72,2571,2021-06-07 15:52:00,IMVT
10.72,10.74,10.71,10.74,1856,2021-06-07 15:53:00,IMVT
10.71,10.73,10.71,10.73,1111,2021-06-07 15:54:00,IMVT
10.71,10.71,10.63,10.64,9957,2021-06-07 15:55:00,IMVT
10.61,10.64,10.6042,10.6042,962,2021-06-07 15:56:00,IMVT
10.6001,10.62,10.6,10.62,2900,2021-06-07 15:57:00,IMVT
10.64,10.64,10.6159,10.6159,2357,2021-06-07 15:58:00,IMVT
10.61,10.62,10.574,10.59,8080,2021-06-07 15:59:00,IMVT
10.5901,10.6,10.59,10.6,900,2021-06-07 16:00:00,IMVT
10.5879,10.5879,10.5879,10.5879,400,2021-06-07 16:01:00,IMVT
10.585,10.585,10.51,10.53,12051,2021-06-07 16:02:00,IMVT
10.54,10.555,10.54,10.555,900,2021-06-07 16:03:00,IMVT
10.5562,10.5562,10.5562,10.5562,100,2021-06-07 16:04:00,IMVT
10.56,10.59,10.56,10.59,1190,2021-06-07 16:05:00,IMVT
10.59,10.61,10.59,10.5976,1959,2021-06-07 16:06:00,IMVT
10.61,10.62,10.6,10.6,1325,2021-06-07 16:07:00,IMVT
10.59,10.59,10.56,10.56,523,2021-06-07 16:08:00,IMVT
10.56,10.57,10.55,10.57,1800,2021-06-07 16:09:00,IMVT
10.57,10.6,10.57,10.6,1910,2021-06-07 16:10:00,IMVT
10.5999,10.5999,10.59,10.59,1600,2021-06-07 16:11:00,IMVT
10.58,10.62,10.58,10.59,5510,2021-06-07 16:12:00,IMVT
10.605,10.61,10.59,10.61,2568,2021-06-07 16:13:00,IMVT
10.62,10.62,10.62,10.62,100,2021-06-07 16:14:00,IMVT
10.62,10.7,10.62,10.62,21205,2021-06-07 16:15:00,IMVT
10.62,10.62,10.62,10.62,200,2021-06-07 16:16:00,IMVT
10.62,10.66,10.62,10.64,3100,2021-06-07 16:17:00,IMVT
10.65,10.66,10.65,10.65,800,2021-06-07 16:18:00,IMVT
10.65,10.65,10.64,10.6445,800,2021-06-07 16:19:00,IMVT
10.65,10.66,10.645,10.645,600,2021-06-07 16:20:00,IMVT
10.65,10.65,10.63,10.635,1450,2021-06-07 16:21:00,IMVT
10.64,10.64,10.61,10.61,2294,2021-06-07 16:22:00,IMVT
10.61,10.61,10.61,10.61,900,2021-06-07 16:23:00,IMVT
10.63,10.63,10.61,10.61,400,2021-06-07 16:24:00,IMVT
10.6,10.6,10.6,10.6,400,2021-06-07 16:25:00,IMVT
10.61,10.61,10.59,10.59,1806,2021-06-07 16:26:00,IMVT
10.58,10.66,10.57,10.65,20691,2021-06-07 16:27:00,IMVT
10.655,10.655,10.6,10.62,1052,2021-06-07 16:28:00,IMVT
10.61,10.62,10.61,10.62,600,2021-06-07 16:31:00,IMVT
10.62,10.64,10.62,10.63,3303,2021-06-07 16:32:00,IMVT
10.62,10.7,10.62,10.7,15208,2021-06-07 16:34:00,IMVT
10.7,10.7,10.66,10.66,1777,2021-06-07 16:35:00,IMVT
10.68,10.68,10.65,10.67,1182,2021-06-07 16:36:00,IMVT
10.675,10.675,10.675,10.675,400,2021-06-07 16:37:00,IMVT
10.675,10.675,10.675,10.675,5000,2021-06-07 16:38:00,IMVT
10.675,10.68,10.66,10.66,1500,2021-06-07 16:39:00,IMVT
10.665,10.67,10.65,10.65,2463,2021-06-07 16:40:00,IMVT
10.655,10.71,10.655,10.71,8529,2021-06-07 16:41:00,IMVT
10.7,10.7,10.66,10.66,1588,2021-06-07 16:42:00,IMVT
10.665,10.67,10.665,10.665,2903,2021-06-07 16:43:00,IMVT
10.663,10.705,10.645,10.7,8055,2021-06-07 16:44:00,IMVT
10.675,10.705,10.66,10.705,2708,2021-06-07 16:45:00,IMVT
10.7,10.7,10.66,10.66,1597,2021-06-07 16:46:00,IMVT
10.7,10.7,10.66,10.66,9525,2021-06-07 16:47:00,IMVT
10.6622,10.6622,10.65,10.65,407,2021-06-07 16:48:00,IMVT
10.655,10.7,10.65,10.7,14386,2021-06-07 16:49:00,IMVT
10.65,10.6515,10.61,10.61,4318,2021-06-07 16:51:00,IMVT
10.61,10.63,10.61,10.63,2303,2021-06-07 16:52:00,IMVT
10.63,10.705,10.62,10.705,12260,2021-06-07 16:53:00,IMVT
10.7,10.7,10.63,10.63,3635,2021-06-07 16:54:00,IMVT
10.645,10.645,10.645,10.645,300,2021-06-07 16:55:00,IMVT
10.645,10.66,10.645,10.66,2321,2021-06-07 16:56:00,IMVT
10.64,10.64,10.63,10.635,2371,2021-06-07 16:57:00,IMVT
10.64,10.65,10.64,10.645,1292,2021-06-07 16:58:00,IMVT
10.65,10.66,10.65,10.655,600,2021-06-07 16:59:00,IMVT
10.65,10.69,10.65,10.6881,2491,2021-06-07 17:00:00,IMVT
10.71,10.74,10.68,10.71,31324,2021-06-07 17:01:00,IMVT
10.73,10.73,10.701,10.701,2638,2021-06-07 17:02:00,IMVT
10.71,10.73,10.7,10.715,7614,2021-06-07 17:03:00,IMVT
10.71,10.71,10.7,10.71,710,2021-06-07 17:04:00,IMVT
10.71,10.71,10.7,10.7,1300,2021-06-07 17:05:00,IMVT
10.69,10.71,10.69,10.7,2849,2021-06-07 17:06:00,IMVT
10.71,10.73,10.71,10.71,3547,2021-06-07 17:07:00,IMVT
10.72,10.72,10.71,10.71,813,2021-06-07 17:08:00,IMVT
10.71,10.71,10.66,10.66,2097,2021-06-07 17:09:00,IMVT
10.67,10.69,10.67,10.69,2994,2021-06-07 17:10:00,IMVT
10.67,10.67,10.66,10.67,1600,2021-06-07 17:11:00,IMVT
10.66,10.69,10.66,10.675,1000,2021-06-07 17:12:00,IMVT
10.66,10.675,10.66,10.67,4387,2021-06-07 17:13:00,IMVT
10.665,10.69,10.665,10.69,5092,2021-06-07 17:14:00,IMVT
10.68,10.68,10.67,10.67,900,2021-06-07 17:15:00,IMVT
10.68,10.69,10.67,10.69,2486,2021-06-07 17:16:00,IMVT
10.67,10.67,10.67,10.67,300,2021-06-07 17:17:00,IMVT
10.66,10.6669,10.66,10.6669,730,2021-06-07 17:18:00,IMVT
10.68,10.68,10.66,10.68,1643,2021-06-07 17:19:00,IMVT
10.69,10.71,10.69,10.7,2582,2021-06-07 17:20:00,IMVT
10.69,10.69,10.68,10.68,1900,2021-06-07 17:21:00,IMVT
10.67,10.67,10.65,10.67,2639,2021-06-07 17:22:00,IMVT
10.65,10.66,10.63,10.63,803,2021-06-07 17:23:00,IMVT
10.62,10.63,10.581,10.581,6563,2021-06-07 17:24:00,IMVT
10.58,10.58,10.56,10.57,1863,2021-06-07 17:25:00,IMVT
10.57,10.58,10.57,10.57,2698,2021-06-07 17:26:00,IMVT
10.59,10.62,10.575,10.61,20567,2021-06-07 17:27:00,IMVT
10.61,10.62,10.6,10.6,3914,2021-06-07 17:28:00,IMVT
10.6,10.61,10.6,10.6,2103,2021-06-07 17:29:00,IMVT
10.61,10.62,10.6,10.62,5430,2021-06-07 17:30:00,IMVT
10.61,10.69,10.61,10.69,24376,2021-06-07 17:31:00,IMVT
10.675,10.76,10.675,10.75,11023,2021-06-07 17:32:00,IMVT
10.74,10.76,10.72,10.72,3520,2021-06-07 17:33:00,IMVT
10.7284,10.74,10.72,10.73,2555,2021-06-07 17:34:00,IMVT
10.73,10.73,10.73,10.73,300,2021-06-07 17:35:00,IMVT
10.72,10.73,10.69,10.69,4412,2021-06-07 17:36:00,IMVT
10.7,10.7,10.68,10.68,1944,2021-06-07 17:37:00,IMVT
10.69,10.69,10.68,10.68,800,2021-06-07 17:38:00,IMVT
10.69,10.71,10.69,10.71,2087,2021-06-07 17:39:00,IMVT
10.6957,10.705,10.69,10.7,2523,2021-06-07 17:40:00,IMVT
10.71,10.74,10.7046,10.725,4646,2021-06-07 17:41:00,IMVT
10.7203,10.73,10.7116,10.7116,1798,2021-06-07 17:42:00,IMVT
10.71,10.715,10.7,10.7105,4777,2021-06-07 17:43:00,IMVT
10.71,10.72,10.7,10.72,3663,2021-06-07 17:44:00,IMVT
10.72,10.74,10.72,10.72,1854,2021-06-07 17:45:00,IMVT
10.72,10.72,10.7,10.72,1625,2021-06-07 17:46:00,IMVT
10.7,10.71,10.7,10.71,600,2021-06-07 17:47:00,IMVT
10.7,10.72,10.7,10.71,1198,2021-06-07 17:48:00,IMVT
10.72,10.72,10.7,10.72,800,2021-06-07 17:49:00,IMVT
10.7199,10.7199,10.69,10.7,1439,2021-06-07 17:50:00,IMVT
10.71,10.71,10.69,10.7,17500,2021-06-07 17:51:00,IMVT
10.68,10.68,10.64,10.655,1830,2021-06-07 17:52:00,IMVT
10.655,10.71,10.655,10.7,11444,2021-06-07 17:53:00,IMVT
10.71,10.71,10.7,10.7,19504,2021-06-07 17:54:00,IMVT
10.69,10.71,10.69,10.71,4952,2021-06-07 17:55:00,IMVT
10.72,10.72,10.695,10.7,2489,2021-06-07 17:56:00,IMVT
10.71,10.71,10.6807,10.685,1509,2021-06-07 17:57:00,IMVT
10.69,10.69,10.69,10.69,761,2021-06-07 17:58:00,IMVT
10.7,10.7,10.69,10.69,200,2021-06-07 17:59:00,IMVT
10.69,10.715,10.69,10.715,3752,2021-06-07 18:00:00,IMVT
10.715,10.715,10.67,10.67,2261,2021-06-07 18:01:00,IMVT
10.67,10.67,10.64,10.66,1550,2021-06-07 18:02:00,IMVT
10.65,10.66,10.65,10.655,400,2021-06-07 18:03:00,IMVT
10.65,10.65,10.63,10.63,1924,2021-06-07 18:04:00,IMVT
10.62,10.62,10.62,10.62,200,2021-06-07 18:05:00,IMVT
10.62,10.63,10.59,10.59,32353,2021-06-07 18:06:00,IMVT
10.57,10.58,10.57,10.57,4121,2021-06-07 18:07:00,IMVT
10.57,10.58,10.57,10.57,1043,2021-06-07 18:08:00,IMVT
10.57,10.58,10.57,10.57,400,2021-06-07 18:09:00,IMVT
10.57,10.58,10.56,10.57,2520,2021-06-07 18:10:00,IMVT
10.56,10.6,10.56,10.58,82169,2021-06-07 18:11:00,IMVT
10.58,10.58,10.57,10.57,1800,2021-06-07 18:12:00,IMVT
10.58,10.58,10.56,10.57,2782,2021-06-07 18:13:00,IMVT
10.56,10.56,10.5584,10.5584,1800,2021-06-07 18:14:00,IMVT
10.56,10.57,10.535,10.535,4339,2021-06-07 18:15:00,IMVT
10.535,10.535,10.43,10.43,3363,2021-06-07 18:16:00,IMVT
10.445,10.445,10.38,10.38,15279,2021-06-07 18:17:00,IMVT
10.37,10.37,10.22,10.3,24829,2021-06-07 18:18:00,IMVT
10.28,10.354,10.26,10.345,6495,2021-06-07 18:19:00,IMVT
10.36,10.51,10.35,10.45,21233,2021-06-07 18:20:00,IMVT
10.45,10.45,10.43,10.43,600,2021-06-07 18:21:00,IMVT
10.45,10.45,10.45,10.45,700,2021-06-07 18:22:00,IMVT
10.45,10.45,10.37,10.39,7215,2021-06-07 18:23:00,IMVT
10.37,10.39,10.3,10.31,7859,2021-06-07 18:24:00,IMVT
10.315,10.33,10.3,10.3,8566,2021-06-07 18:25:00,IMVT
10.3,10.31,10.3,10.3,6048,2021-06-07 18:26:00,IMVT
10.3,10.31,10.29,10.3,2773,2021-06-07 18:27:00,IMVT
10.3,10.3,10.29,10.29,2561,2021-06-07 18:28:00,IMVT
10.29,10.3007,10.28,10.295,2922,2021-06-07 18:29:00,IMVT
10.295,10.3037,10.26,10.265,5011,2021-06-07 18:30:00,IMVT
10.265,10.265,10.25,10.265,2116,2021-06-07 18:31:00,IMVT
10.25,10.3,10.25,10.28,6346,2021-06-07 18:32:00,IMVT
10.2905,10.2905,10.285,10.285,1582,2021-06-07 18:33:00,IMVT
10.3,10.34,10.285,10.34,3689,2021-06-07 18:34:00,IMVT
10.36,10.37,10.36,10.37,946,2021-06-07 18:35:00,IMVT
10.38,10.38,10.35,10.38,6970,2021-06-07 18:36:00,IMVT
10.38,10.43,10.37,10.43,2341,2021-06-07 18:37:00,IMVT
10.405,10.405,10.35,10.36,2000,2021-06-07 18:38:00,IMVT
10.36,10.395,10.36,10.37,2230,2021-06-07 18:39:00,IMVT
10.366,10.375,10.35,10.35,1988,2021-06-07 18:40:00,IMVT
10.37,10.37,10.35,10.35,500,2021-06-07 18:41:00,IMVT
10.36,10.38,10.355,10.355,5100,2021-06-07 18:42:00,IMVT
10.355,10.37,10.34,10.355,1541,2021-06-07 18:43:00,IMVT
10.355,10.37,10.355,10.36,400,2021-06-07 18:44:00,IMVT
10.35,10.35,10.34,10.34,2395,2021-06-07 18:45:00,IMVT
10.34,10.3455,10.32,10.32,1243,2021-06-07 18:46:00,IMVT
10.32,10.32,10.28,10.29,2100,2021-06-07 18:47:00,IMVT
10.285,10.31,10.28,10.28,9046,2021-06-07 18:48:00,IMVT
10.28,10.28,10.26,10.26,946,2021-06-07 18:49:00,IMVT
10.26,10.28,10.26,10.28,2697,2021-06-07 18:50:00,IMVT
10.28,10.28,10.23,10.28,11885,2021-06-07 18:51:00,IMVT
10.29,10.33,10.29,10.323,11823,2021-06-07 18:52:00,IMVT
10.305,10.305,10.3,10.3,1000,2021-06-07 18:53:00,IMVT
10.28,10.3,10.28,10.29,1190,2021-06-07 18:54:00,IMVT
10.29,10.29,10.29,10.29,100,2021-06-07 18:55:00,IMVT
10.2964,10.299,10.28,10.299,2440,2021-06-07 18:56:00,IMVT
10.29,10.31,10.275,10.275,4865,2021-06-07 18:57:00,IMVT
10.28,10.3,10.275,10.3,2410,2021-06-07 18:58:00,IMVT
10.29,10.3,10.26,10.26,1382,2021-06-07 18:59:00,IMVT
10.265,10.305,10.265,10.2901,1725,2021-06-07 19:00:00,IMVT
10.305,10.305,10.27,10.2785,1233,2021-06-07 19:01:00,IMVT
10.28,10.305,10.27,10.305,3501,2021-06-07 19:03:00,IMVT
10.305,10.305,10.3,10.305,1785,2021-06-07 19:04:00,IMVT
10.305,10.305,10.3,10.3,1000,2021-06-07 19:05:00,IMVT
10.29,10.325,10.29,10.315,8307,2021-06-07 19:06:00,IMVT
10.315,10.315,10.3,10.305,2100,2021-06-07 19:07:00,IMVT
10.3,10.34,10.3,10.335,4899,2021-06-07 19:08:00,IMVT
10.335,10.34,10.33,10.335,1200,2021-06-07 19:09:00,IMVT
10.34,10.38,10.34,10.37,4389,2021-06-07 19:10:00,IMVT
10.37,10.38,10.35,10.37,4131,2021-06-07 19:11:00,IMVT
10.37,10.39,10.365,10.3858,3081,2021-06-07 19:12:00,IMVT
10.39,10.4,10.38,10.4,4026,2021-06-07 19:13:00,IMVT
10.38,10.4,10.38,10.38,530,2021-06-07 19:14:00,IMVT
10.39,10.39,10.38,10.385,3542,2021-06-07 19:15:00,IMVT
10.385,10.44,10.385,10.42,2931,2021-06-07 19:16:00,IMVT
10.43,10.44,10.43,10.43,1655,2021-06-07 19:17:00,IMVT
10.44,10.45,10.39,10.405,2898,2021-06-07 19:18:00,IMVT
10.415,10.415,10.39,10.41,5801,2021-06-07 19:19:00,IMVT
10.4,10.41,10.39,10.39,1849,2021-06-07 19:20:00,IMVT
10.395,10.395,10.36,10.3865,5237,2021-06-07 19:21:00,IMVT
10.37,10.39,10.37,10.39,280,2021-06-07 19:22:00,IMVT
10.37,10.38,10.37,10.37,1696,2021-06-07 19:23:00,IMVT
10.37,10.39,10.37,10.39,2427,2021-06-07 19:24:00,IMVT
10.385,10.43,10.385,10.42,2800,2021-06-07 19:25:00,IMVT
10.425,10.425,10.4,10.41,4416,2021-06-07 19:26:00,IMVT
10.41,10.42,10.405,10.41,1236,2021-06-07 19:27:00,IMVT
10.405,10.42,10.38,10.39,2523,2021-06-07 19:28:00,IMVT
10.4,10.4,10.38,10.38,361,2021-06-07 19:29:00,IMVT
10.4,10.4022,10.38,10.4,4012,2021-06-07 19:30:00,IMVT
10.4,10.4,10.35,10.35,3534,2021-06-07 19:31:00,IMVT
10.35,10.35,10.33,10.33,6853,2021-06-07 19:32:00,IMVT
10.34,10.34,10.32,10.33,8919,2021-06-07 19:33:00,IMVT
10.33,10.33,10.31,10.32,3362,2021-06-07 19:34:00,IMVT
10.31,10.33,10.3,10.33,5619,2021-06-07 19:35:00,IMVT
10.32,10.34,10.32,10.325,4384,2021-06-07 19:36:00,IMVT
10.32,10.325,10.3,10.305,1366,2021-06-07 19:37:00,IMVT
10.3,10.31,10.3,10.31,700,2021-06-07 19:38:00,IMVT
10.305,10.305,10.3,10.3,1200,2021-06-07 19:39:00,IMVT
10.305,10.33,10.305,10.32,8027,2021-06-07 19:40:00,IMVT
10.32,10.32,10.3,10.305,7900,2021-06-07 19:41:00,IMVT
10.31,10.31,10.3,10.31,2285,2021-06-07 19:42:00,IMVT
10.305,10.31,10.24,10.25,26636,2021-06-07 19:43:00,IMVT
10.26,10.28,10.255,10.26,3968,2021-06-07 19:44:00,IMVT
10.26,10.27,10.24,10.24,2829,2021-06-07 19:45:00,IMVT
10.25,10.26,10.24,10.25,6549,2021-06-07 19:46:00,IMVT
10.25,10.25,10.25,10.25,1085,2021-06-07 19:47:00,IMVT
10.25,10.25,10.24,10.25,1602,2021-06-07 19:48:00,IMVT
10.25,10.26,10.22,10.22,2546,2021-06-07 19:49:00,IMVT
10.225,10.26,10.22,10.26,5615,2021-06-07 19:50:00,IMVT
10.26,10.27,10.24,10.245,4591,2021-06-07 19:51:00,IMVT
10.24,10.24,10.22,10.23,3874,2021-06-07 19:52:00,IMVT
10.22,10.235,10.22,10.225,8101,2021-06-07 19:53:00,IMVT
10.2254,10.24,10.2,10.23,19996,2021-06-07 19:54:00,IMVT
10.23,10.24,10.2,10.205,8622,2021-06-07 19:55:00,IMVT
10.205,10.21,10.2,10.205,8926,2021-06-07 19:56:00,IMVT
10.21,10.22,10.2,10.2,14567,2021-06-07 19:57:00,IMVT
10.2,10.21,10.2,10.205,8978,2021-06-07 19:58:00,IMVT
10.2,10.21,10.18,10.19,38000,2021-06-07 19:59:00,IMVT
10.2,10.2,10.2,10.2,199891,2021-06-07 20:00:00,IMVT
10.21,10.21,10.21,10.21,400,2021-06-07 20:19:00,IMVT
10.22,10.25,10.22,10.25,300,2021-06-07 20:22:00,IMVT
10.47,10.47,10.47,10.47,100,2021-06-07 20:23:00,IMVT
10.45,10.45,10.45,10.45,462,2021-06-07 20:47:00,IMVT
10.2201,10.2201,10.2201,10.2201,499,2021-06-07 20:52:00,IMVT
10.46,10.46,10.46,10.46,600,2021-06-07 21:18:00,IMVT
10.46,10.46,10.46,10.46,186,2021-06-07 23:59:00,IMVT
10.25,10.25,10.25,10.25,100,2021-06-08 09:33:00,IMVT
10.49,10.49,10.49,10.49,493,2021-06-08 11:02:00,IMVT
10.35,10.35,10.35,10.35,170,2021-06-08 12:29:00,IMVT
10.35,10.35,10.35,10.35,287,2021-06-08 12:47:00,IMVT
10.31,10.31,10.31,10.31,328,2021-06-08 12:54:00,IMVT
10.31,10.31,10.31,10.31,4500,2021-06-08 13:02:00,IMVT
10.31,10.31,10.31,10.31,400,2021-06-08 13:08:00,IMVT
10.31,10.31,10.31,10.31,300,2021-06-08 13:13:00,IMVT
10.31,10.31,10.31,10.31,370,2021-06-08 13:16:00,IMVT
10.31,10.5,10.31,10.5,16243,2021-06-08 13:30:00,IMVT
10.54,10.54,10.47,10.49,3670,2021-06-08 13:31:00,IMVT
10.5,10.5,10.3901,10.425,4499,2021-06-08 13:32:00,IMVT
10.425,10.43,10.3634,10.39,5255,2021-06-08 13:33:00,IMVT
10.35,10.4,10.34,10.37,12905,2021-06-08 13:34:00,IMVT
10.37,10.37,10.34,10.34,1300,2021-06-08 13:35:00,IMVT
10.355,10.355,10.32,10.335,1018,2021-06-08 13:36:00,IMVT
10.335,10.335,10.3,10.315,2100,2021-06-08 13:37:00,IMVT
10.315,10.315,10.315,10.315,500,2021-06-08 13:38:00,IMVT
10.315,10.315,10.315,10.315,600,2021-06-08 13:39:00,IMVT
10.29,10.33,10.29,10.33,1094,2021-06-08 13:40:00,IMVT
10.319,10.4,10.31,10.4,7308,2021-06-08 13:41:00,IMVT
10.38,10.45,10.38,10.44,1900,2021-06-08 13:42:00,IMVT
10.435,10.44,10.42,10.425,2025,2021-06-08 13:43:00,IMVT
10.44,10.4599,10.42,10.43,8634,2021-06-08 13:44:00,IMVT
10.431,10.431,10.43,10.43,1100,2021-06-08 13:45:00,IMVT
10.4371,10.445,10.41,10.41,2910,2021-06-08 13:46:00,IMVT
10.4,10.4,10.39,10.4,1900,2021-06-08 13:47:00,IMVT
10.375,10.38,10.37,10.37,2222,2021-06-08 13:48:00,IMVT
10.35,10.35,10.3,10.3158,3050,2021-06-08 13:49:00,IMVT
10.3042,10.3141,10.3,10.3,1954,2021-06-08 13:50:00,IMVT
10.3,10.3,10.27,10.27,2233,2021-06-08 13:51:00,IMVT
10.261,10.261,10.24,10.24,6350,2021-06-08 13:52:00,IMVT
10.23,10.28,10.225,10.28,4502,2021-06-08 13:53:00,IMVT
10.28,10.33,10.28,10.33,2243,2021-06-08 13:54:00,IMVT
10.31,10.33,10.3,10.33,1900,2021-06-08 13:55:00,IMVT
10.34,10.355,10.32,10.355,1821,2021-06-08 13:56:00,IMVT
10.34,10.38,10.34,10.36,4926,2021-06-08 13:57:00,IMVT
10.36,10.3718,10.36,10.3718,204,2021-06-08 13:58:00,IMVT
10.35,10.36,10.35,10.36,900,2021-06-08 13:59:00,IMVT
10.3554,10.3554,10.33,10.33,1879,2021-06-08 14:00:00,IMVT
10.32,10.32,10.3,10.31,3000,2021-06-08 14:01:00,IMVT
10.31,10.31,10.29,10.295,3013,2021-06-08 14:02:00,IMVT
10.29,10.3368,10.29,10.3368,2593,2021-06-08 14:03:00,IMVT
10.3274,10.3274,10.32,10.32,1400,2021-06-08 14:04:00,IMVT
10.33,10.33,10.31,10.32,1874,2021-06-08 14:05:00,IMVT
10.33,10.35,10.32,10.35,5871,2021-06-08 14:07:00,IMVT
10.36,10.36,10.35,10.36,750,2021-06-08 14:08:00,IMVT
10.36,10.36,10.36,10.36,100,2021-06-08 14:09:00,IMVT
10.36,10.4,10.355,10.4,11169,2021-06-08 14:10:00,IMVT
10.4,10.4,10.39,10.4,1600,2021-06-08 14:11:00,IMVT
10.39,10.4,10.3848,10.3848,1124,2021-06-08 14:12:00,IMVT
10.3848,10.4,10.38,10.4,3243,2021-06-08 14:13:00,IMVT
10.395,10.45,10.395,10.45,11816,2021-06-08 14:14:00,IMVT
10.45,10.47,10.445,10.46,4088,2021-06-08 14:15:00,IMVT
10.46,10.46,10.46,10.46,300,2021-06-08 14:16:00,IMVT
10.46,10.5,10.45,10.5,9954,2021-06-08 14:17:00,IMVT
10.5,10.55,10.49,10.54,14343,2021-06-08 14:18:00,IMVT
10.54,10.55,10.54,10.545,513,2021-06-08 14:19:00,IMVT
10.545,10.5474,10.54,10.5401,6067,2021-06-08 14:20:00,IMVT
10.545,10.57,10.5404,10.57,6477,2021-06-08 14:21:00,IMVT
10.5537,10.58,10.5537,10.58,10432,2021-06-08 14:22:00,IMVT
10.58,10.63,10.58,10.625,13027,2021-06-08 14:23:00,IMVT
10.625,10.66,10.625,10.64,14585,2021-06-08 14:24:00,IMVT
10.635,10.635,10.61,10.62,6125,2021-06-08 14:25:00,IMVT
10.62,10.64,10.62,10.64,3562,2021-06-08 14:26:00,IMVT
10.65,10.65,10.63,10.63,2570,2021-06-08 14:27:00,IMVT
10.64,10.65,10.63,10.65,3915,2021-06-08 14:28:00,IMVT
10.64,10.65,10.63,10.65,3184,2021-06-08 14:29:00,IMVT
10.64,10.65,10.63,10.65,9255,2021-06-08 14:30:00,IMVT
10.65,10.74,10.65,10.72,9420,2021-06-08 14:31:00,IMVT
10.74,10.74,10.69,10.7,17886,2021-06-08 14:32:00,IMVT
10.695,10.715,10.68,10.68,7651,2021-06-08 14:33:00,IMVT
10.68,10.68,10.67,10.6738,1652,2021-06-08 14:34:00,IMVT
10.68,10.68,10.61,10.625,6709,2021-06-08 14:35:00,IMVT
10.62,10.63,10.62,10.625,989,2021-06-08 14:36:00,IMVT
10.625,10.625,10.61,10.61,5776,2021-06-08 14:37:00,IMVT
10.61,10.61,10.56,10.56,2043,2021-06-08 14:38:00,IMVT
10.57,10.57,10.53,10.55,1974,2021-06-08 14:39:00,IMVT
10.54,10.54,10.53,10.54,3463,2021-06-08 14:40:00,IMVT
10.55,10.55,10.52,10.54,4857,2021-06-08 14:41:00,IMVT
10.5401,10.55,10.54,10.5449,1000,2021-06-08 14:42:00,IMVT
10.55,10.57,10.55,10.57,925,2021-06-08 14:43:00,IMVT
10.57,10.57,10.56,10.56,3418,2021-06-08 14:44:00,IMVT
10.56,10.61,10.56,10.61,3405,2021-06-08 14:45:00,IMVT
10.62,10.62,10.58,10.58,2735,2021-06-08 14:46:00,IMVT
10.58,10.595,10.57,10.58,2716,2021-06-08 14:47:00,IMVT
10.58,10.585,10.58,10.585,900,2021-06-08 14:48:00,IMVT
10.59,10.59,10.57,10.5862,556,2021-06-08 14:49:00,IMVT
10.57,10.57,10.57,10.57,1615,2021-06-08 14:50:00,IMVT
10.57,10.57,10.55,10.55,4005,2021-06-08 14:51:00,IMVT
10.55,10.55,10.49,10.49,2129,2021-06-08 14:52:00,IMVT
10.4911,10.5013,10.4858,10.4858,2851,2021-06-08 14:53:00,IMVT
10.48,10.48,10.46,10.46,900,2021-06-08 14:54:00,IMVT
10.45,10.46,10.44,10.4418,2226,2021-06-08 14:55:00,IMVT
10.4419,10.475,10.4419,10.475,1445,2021-06-08 14:56:00,IMVT
10.48,10.48,10.47,10.47,200,2021-06-08 14:57:00,IMVT
10.46,10.46,10.44,10.44,700,2021-06-08 14:58:00,IMVT
10.455,10.455,10.41,10.41,1656,2021-06-08 14:59:00,IMVT
10.41,10.42,10.41,10.41,600,2021-06-08 15:00:00,IMVT
10.41,10.44,10.4,10.435,3472,2021-06-08 15:01:00,IMVT
10.44,10.44,10.44,10.44,200,2021-06-08 15:02:00,IMVT
10.431,10.44,10.43,10.44,1300,2021-06-08 15:03:00,IMVT
10.41,10.42,10.41,10.42,900,2021-06-08 15:04:00,IMVT
10.4,10.4,10.39,10.39,1118,2021-06-08 15:05:00,IMVT
10.405,10.405,10.405,10.405,100,2021-06-08 15:06:00,IMVT
10.405,10.45,10.405,10.43,3408,2021-06-08 15:07:00,IMVT
10.43,10.45,10.43,10.44,1570,2021-06-08 15:08:00,IMVT
10.44,10.44,10.43,10.43,1145,2021-06-08 15:09:00,IMVT
10.43,10.43,10.42,10.43,982,2021-06-08 15:10:00,IMVT
10.41,10.41,10.4,10.4,600,2021-06-08 15:11:00,IMVT
10.395,10.4,10.3801,10.3801,2511,2021-06-08 15:12:00,IMVT
10.36,10.36,10.36,10.36,100,2021-06-08 15:13:00,IMVT
10.36,10.37,10.36,10.36,1667,2021-06-08 15:14:00,IMVT
10.33,10.345,10.33,10.345,900,2021-06-08 15:15:00,IMVT
10.34,10.36,10.34,10.36,1887,2021-06-08 15:16:00,IMVT
10.35,10.35,10.33,10.33,1936,2021-06-08 15:17:00,IMVT
10.33,10.33,10.3273,10.3273,300,2021-06-08 15:18:00,IMVT
10.31,10.31,10.3,10.3,5320,2021-06-08 15:19:00,IMVT
10.29,10.31,10.29,10.29,4900,2021-06-08 15:20:00,IMVT
10.28,10.29,10.28,10.29,950,2021-06-08 15:21:00,IMVT
10.27,10.29,10.27,10.2874,1617,2021-06-08 15:22:00,IMVT
10.28,10.29,10.2759,10.29,600,2021-06-08 15:23:00,IMVT
10.29,10.3,10.29,10.295,1120,2021-06-08 15:24:00,IMVT
10.29,10.3,10.27,10.3,2293,2021-06-08 15:25:00,IMVT
10.285,10.31,10.285,10.31,4129,2021-06-08 15:26:00,IMVT
10.31,10.31,10.3,10.3,1662,2021-06-08 15:27:00,IMVT
10.31,10.33,10.31,10.33,400,2021-06-08 15:28:00,IMVT
10.33,10.34,10.33,10.33,600,2021-06-08 15:29:00,IMVT
10.3417,10.35,10.3417,10.35,924,2021-06-08 15:30:00,IMVT
10.34,10.36,10.34,10.36,1000,2021-06-08 15:31:00,IMVT
10.36,10.36,10.31,10.315,2455,2021-06-08 15:32:00,IMVT
10.31,10.31,10.31,10.31,1876,2021-06-08 15:33:00,IMVT
10.31,10.31,10.3063,10.3063,882,2021-06-08 15:34:00,IMVT
10.32,10.32,10.3,10.31,1100,2021-06-08 15:35:00,IMVT
10.3,10.3,10.3,10.3,100,2021-06-08 15:36:00,IMVT
10.29,10.29,10.29,10.29,702,2021-06-08 15:37:00,IMVT
10.285,10.3,10.28,10.3,1900,2021-06-08 15:38:00,IMVT
10.3,10.3,10.2933,10.2933,1300,2021-06-08 15:39:00,IMVT
10.2916,10.2916,10.285,10.285,1571,2021-06-08 15:40:00,IMVT
10.29,10.29,10.29,10.29,1699,2021-06-08 15:41:00,IMVT
10.2969,10.32,10.2969,10.32,1772,2021-06-08 15:42:00,IMVT
10.315,10.37,10.315,10.37,1085,2021-06-08 15:44:00,IMVT
10.35,10.35,10.33,10.35,4639,2021-06-08 15:45:00,IMVT
10.36,10.36,10.31,10.31,2940,2021-06-08 15:46:00,IMVT
10.3399,10.3399,10.26,10.26,8033,2021-06-08 15:47:00,IMVT
10.26,10.26,10.2,10.2,13413,2021-06-08 15:48:00,IMVT
10.215,10.24,10.19,10.24,1781,2021-06-08 15:49:00,IMVT
10.29,10.29,10.24,10.24,2180,2021-06-08 15:50:00,IMVT
10.23,10.24,10.23,10.24,646,2021-06-08 15:51:00,IMVT
10.24,10.26,10.24,10.255,1894,2021-06-08 15:52:00,IMVT
10.2543,10.2543,10.24,10.24,1800,2021-06-08 15:53:00,IMVT
10.26,10.26,10.245,10.26,2700,2021-06-08 15:55:00,IMVT
10.2821,10.2821,10.25,10.265,3400,2021-06-08 15:56:00,IMVT
10.255,10.255,10.23,10.23,4734,2021-06-08 15:57:00,IMVT
10.2306,10.2464,10.2306,10.2464,3318,2021-06-08 15:58:00,IMVT
10.25,10.25,10.24,10.24,470,2021-06-08 15:59:00,IMVT
10.245,10.25,10.2414,10.25,400,2021-06-08 16:00:00,IMVT
10.255,10.26,10.23,10.23,5579,2021-06-08 16:01:00,IMVT
10.24,10.26,10.235,10.235,3500,2021-06-08 16:02:00,IMVT
10.2375,10.2375,10.2324,10.2324,1964,2021-06-08 16:03:00,IMVT
10.23,10.25,10.23,10.24,1905,2021-06-08 16:04:00,IMVT
10.24,10.24,10.235,10.24,2006,2021-06-08 16:05:00,IMVT
10.23,10.23,10.23,10.23,800,2021-06-08 16:06:00,IMVT
10.22,10.22,10.2144,10.22,950,2021-06-08 16:07:00,IMVT
10.21,10.21,10.18,10.18,1691,2021-06-08 16:08:00,IMVT
10.18,10.19,10.17,10.19,2888,2021-06-08 16:09:00,IMVT
10.18,10.18,10.173,10.175,1000,2021-06-08 16:10:00,IMVT
10.18,10.1963,10.1766,10.1963,3011,2021-06-08 16:11:00,IMVT
10.21,10.22,10.209,10.22,1231,2021-06-08 16:12:00,IMVT
10.235,10.235,10.235,10.235,100,2021-06-08 16:13:00,IMVT
10.2418,10.25,10.2418,10.25,1100,2021-06-08 16:14:00,IMVT
10.24,10.25,10.24,10.25,600,2021-06-08 16:16:00,IMVT
10.24,10.25,10.24,10.25,3100,2021-06-08 16:17:00,IMVT
10.25,10.26,10.24,10.2505,2100,2021-06-08 16:18:00,IMVT
10.245,10.25,10.23,10.24,4777,2021-06-08 16:19:00,IMVT
10.23,10.24,10.22,10.22,2239,2021-06-08 16:20:00,IMVT
10.2309,10.2309,10.22,10.22,600,2021-06-08 16:21:00,IMVT
10.22,10.22,10.22,10.22,300,2021-06-08 16:22:00,IMVT
10.225,10.225,10.21,10.21,834,2021-06-08 16:23:00,IMVT
10.21,10.215,10.21,10.215,900,2021-06-08 16:24:00,IMVT
10.21,10.21,10.205,10.205,500,2021-06-08 16:25:00,IMVT
10.205,10.205,10.2,10.2,800,2021-06-08 16:26:00,IMVT
10.21,10.21,10.21,10.21,1170,2021-06-08 16:27:00,IMVT
10.215,10.22,10.215,10.22,800,2021-06-08 16:28:00,IMVT
10.23,10.25,10.23,10.25,1107,2021-06-08 16:29:00,IMVT
10.24,10.24,10.24,10.24,100,2021-06-08 16:30:00,IMVT
10.24,10.24,10.24,10.24,100,2021-06-08 16:31:00,IMVT
10.2622,10.2622,10.24,10.25,2001,2021-06-08 16:32:00,IMVT
10.24,10.24,10.24,10.24,1082,2021-06-08 16:33:00,IMVT
10.24,10.25,10.24,10.245,300,2021-06-08 16:35:00,IMVT
10.24,10.26,10.24,10.26,910,2021-06-08 16:36:00,IMVT
10.26,10.265,10.2501,10.26,2693,2021-06-08 16:37:00,IMVT
10.265,10.27,10.265,10.27,200,2021-06-08 16:38:00,IMVT
10.26,10.27,10.25,10.26,1998,2021-06-08 16:39:00,IMVT
10.26,10.26,10.25,10.255,4607,2021-06-08 16:40:00,IMVT
10.255,10.26,10.255,10.255,2228,2021-06-08 16:41:00,IMVT
10.255,10.255,10.255,10.255,203,2021-06-08 16:42:00,IMVT
10.25,10.25,10.24,10.25,2000,2021-06-08 16:43:00,IMVT
10.25,10.25,10.25,10.25,200,2021-06-08 16:44:00,IMVT
10.24,10.25,10.24,10.25,1700,2021-06-08 16:45:00,IMVT
10.23,10.23,10.23,10.23,100,2021-06-08 16:46:00,IMVT
10.245,10.245,10.23,10.23,400,2021-06-08 16:47:00,IMVT
10.24,10.24,10.235,10.24,650,2021-06-08 16:48:00,IMVT
10.24,10.24,10.235,10.24,1012,2021-06-08 16:49:00,IMVT
10.25,10.25,10.25,10.25,200,2021-06-08 16:50:00,IMVT
10.25,10.25,10.25,10.25,689,2021-06-08 16:51:00,IMVT
10.24,10.24,10.23,10.23,687,2021-06-08 16:52:00,IMVT
10.245,10.245,10.23,10.24,3741,2021-06-08 16:53:00,IMVT
10.24,10.2549,10.24,10.2549,1577,2021-06-08 16:54:00,IMVT
10.255,10.255,10.255,10.255,500,2021-06-08 16:56:00,IMVT
10.25,10.25,10.25,10.25,600,2021-06-08 16:57:00,IMVT
10.255,10.26,10.25,10.26,3900,2021-06-08 16:58:00,IMVT
10.26,10.26,10.25,10.26,1591,2021-06-08 16:59:00,IMVT
10.25,10.25,10.25,10.25,2083,2021-06-08 17:00:00,IMVT
10.25,10.25,10.24,10.24,200,2021-06-08 17:01:00,IMVT
10.25,10.25,10.23,10.23,4480,2021-06-08 17:02:00,IMVT
10.2399,10.2399,10.22,10.23,1610,2021-06-08 17:04:00,IMVT
10.235,10.235,10.23,10.23,1344,2021-06-08 17:05:00,IMVT
10.22,10.22,10.22,10.22,100,2021-06-08 17:06:00,IMVT
10.225,10.24,10.22,10.24,2927,2021-06-08 17:07:00,IMVT
10.2321,10.235,10.23,10.235,445,2021-06-08 17:08:00,IMVT
10.235,10.235,10.18,10.19,5778,2021-06-08 17:09:00,IMVT
10.19,10.2,10.185,10.19,2158,2021-06-08 17:10:00,IMVT
10.19,10.19,10.18,10.18,1792,2021-06-08 17:11:00,IMVT
10.18,10.19,10.18,10.19,2842,2021-06-08 17:12:00,IMVT
10.18,10.19,10.18,10.19,200,2021-06-08 17:13:00,IMVT
10.19,10.22,10.1882,10.22,2506,2021-06-08 17:15:00,IMVT
10.21,10.21,10.21,10.21,300,2021-06-08 17:16:00,IMVT
10.21,10.21,10.2,10.2,400,2021-06-08 17:17:00,IMVT
10.21,10.21,10.2,10.21,400,2021-06-08 17:18:00,IMVT
10.22,10.22,10.22,10.22,400,2021-06-08 17:19:00,IMVT
10.22,10.22,10.22,10.22,200,2021-06-08 17:20:00,IMVT
10.22,10.23,10.205,10.21,1600,2021-06-08 17:22:00,IMVT
10.2,10.205,10.2,10.205,1000,2021-06-08 17:23:00,IMVT
10.21,10.21,10.2099,10.21,2130,2021-06-08 17:24:00,IMVT
10.205,10.225,10.205,10.225,1300,2021-06-08 17:26:00,IMVT
10.225,10.225,10.22,10.22,700,2021-06-08 17:27:00,IMVT
10.225,10.225,10.22,10.225,300,2021-06-08 17:28:00,IMVT
10.225,10.225,10.22,10.225,618,2021-06-08 17:29:00,IMVT
10.225,10.225,10.22,10.22,900,2021-06-08 17:30:00,IMVT
10.22,10.235,10.22,10.23,2323,2021-06-08 17:31:00,IMVT
10.23,10.23,10.23,10.23,300,2021-06-08 17:32:00,IMVT
10.225,10.225,10.225,10.225,100,2021-06-08 17:33:00,IMVT
10.22,10.225,10.22,10.225,500,2021-06-08 17:34:00,IMVT
10.22,10.22,10.205,10.21,12136,2021-06-08 17:35:00,IMVT
10.215,10.22,10.215,10.22,200,2021-06-08 17:36:00,IMVT
10.23,10.26,10.2295,10.26,2900,2021-06-08 17:37:00,IMVT
10.24,10.255,10.24,10.24,600,2021-06-08 17:38:00,IMVT
10.25,10.25,10.25,10.25,100,2021-06-08 17:39:00,IMVT
10.25,10.25,10.24,10.24,2446,2021-06-08 17:40:00,IMVT
10.24,10.24,10.23,10.23,262,2021-06-08 17:41:00,IMVT
10.23,10.245,10.23,10.2418,880,2021-06-08 17:42:00,IMVT
10.25,10.26,10.25,10.26,5170,2021-06-08 17:43:00,IMVT
10.265,10.269,10.26,10.26,2983,2021-06-08 17:44:00,IMVT
10.2601,10.275,10.2601,10.275,6347,2021-06-08 17:45:00,IMVT
10.275,10.275,10.275,10.275,200,2021-06-08 17:46:00,IMVT
10.275,10.2779,10.275,10.275,400,2021-06-08 17:47:00,IMVT
10.275,10.279,10.275,10.279,300,2021-06-08 17:48:00,IMVT
10.27,10.27,10.265,10.265,2250,2021-06-08 17:49:00,IMVT
10.265,10.265,10.265,10.265,100,2021-06-08 17:51:00,IMVT
10.26,10.26,10.25,10.25,3595,2021-06-08 17:52:00,IMVT
10.26,10.26,10.25,10.255,3113,2021-06-08 17:53:00,IMVT
10.255,10.26,10.255,10.26,5816,2021-06-08 17:54:00,IMVT
10.25,10.2581,10.25,10.2581,228,2021-06-08 17:56:00,IMVT
10.255,10.26,10.255,10.26,1750,2021-06-08 17:57:00,IMVT
10.25,10.255,10.25,10.25,2663,2021-06-08 17:58:00,IMVT
10.255,10.255,10.24,10.25,2135,2021-06-08 17:59:00,IMVT
10.25,10.26,10.2495,10.25,1830,2021-06-08 18:00:00,IMVT
10.25,10.25,10.245,10.25,1000,2021-06-08 18:01:00,IMVT
10.2579,10.2579,10.24,10.24,2642,2021-06-08 18:02:00,IMVT
10.26,10.26,10.24,10.25,2360,2021-06-08 18:03:00,IMVT
10.25,10.255,10.25,10.25,813,2021-06-08 18:04:00,IMVT
10.255,10.255,10.255,10.255,200,2021-06-08 18:05:00,IMVT
10.255,10.255,10.25,10.255,442,2021-06-08 18:06:00,IMVT
10.255,10.255,10.25,10.255,1445,2021-06-08 18:07:00,IMVT
10.255,10.255,10.25,10.255,1000,2021-06-08 18:08:00,IMVT
10.25,10.25,10.25,10.25,500,2021-06-08 18:09:00,IMVT
10.24,10.25,10.24,10.25,200,2021-06-08 18:10:00,IMVT
10.24,10.25,10.24,10.245,300,2021-06-08 18:11:00,IMVT
10.24,10.245,10.24,10.2418,1131,2021-06-08 18:12:00,IMVT
10.241,10.245,10.24,10.245,1200,2021-06-08 18:14:00,IMVT
10.245,10.2557,10.243,10.2557,4026,2021-06-08 18:15:00,IMVT
10.25,10.255,10.25,10.255,600,2021-06-08 18:16:00,IMVT
10.255,10.255,10.255,10.255,100,2021-06-08 18:17:00,IMVT
10.255,10.26,10.255,10.255,3576,2021-06-08 18:18:00,IMVT
10.255,10.26,10.2533,10.2533,2174,2021-06-08 18:19:00,IMVT
10.255,10.255,10.25,10.255,2100,2021-06-08 18:20:00,IMVT
10.255,10.255,10.25,10.25,376,2021-06-08 18:21:00,IMVT
10.25,10.2583,10.25,10.2583,1336,2021-06-08 18:22:00,IMVT
10.255,10.255,10.245,10.25,1728,2021-06-08 18:23:00,IMVT
10.255,10.26,10.255,10.255,2304,2021-06-08 18:24:00,IMVT
10.26,10.28,10.26,10.28,1476,2021-06-08 18:25:00,IMVT
10.29,10.33,10.29,10.315,1410,2021-06-08 18:26:00,IMVT
10.32,10.32,10.31,10.31,800,2021-06-08 18:27:00,IMVT
10.3,10.35,10.3,10.35,3266,2021-06-08 18:28:00,IMVT
10.35,10.35,10.34,10.345,1300,2021-06-08 18:29:00,IMVT
10.345,10.345,10.34,10.345,1700,2021-06-08 18:30:00,IMVT
10.34,10.36,10.34,10.36,6433,2021-06-08 18:31:00,IMVT
10.37,10.37,10.36,10.36,316,2021-06-08 18:32:00,IMVT
10.36,10.37,10.36,10.37,584,2021-06-08 18:33:00,IMVT
10.36,10.39,10.36,10.39,4287,2021-06-08 18:34:00,IMVT
10.38,10.38,10.38,10.38,300,2021-06-08 18:35:00,IMVT
10.3965,10.3965,10.38,10.39,2488,2021-06-08 18:36:00,IMVT
10.39,10.39,10.38,10.39,2909,2021-06-08 18:37:00,IMVT
10.39,10.39,10.37,10.37,5677,2021-06-08 18:38:00,IMVT
10.375,10.375,10.36,10.36,1909,2021-06-08 18:39:00,IMVT
10.36,10.365,10.35,10.35,1900,2021-06-08 18:40:00,IMVT
10.35,10.35,10.3401,10.35,1052,2021-06-08 18:41:00,IMVT
10.34,10.34,10.34,10.34,400,2021-06-08 18:42:00,IMVT
10.345,10.36,10.345,10.36,2833,2021-06-08 18:43:00,IMVT
10.36,10.36,10.35,10.35,432,2021-06-08 18:44:00,IMVT
10.35,10.36,10.35,10.36,2029,2021-06-08 18:45:00,IMVT
10.36,10.365,10.36,10.365,1229,2021-06-08 18:46:00,IMVT
10.37,10.39,10.3699,10.39,4911,2021-06-08 18:47:00,IMVT
10.39,10.39,10.38,10.383,4900,2021-06-08 18:48:00,IMVT
10.382,10.385,10.382,10.385,670,2021-06-08 18:49:00,IMVT
10.385,10.385,10.38,10.385,600,2021-06-08 18:50:00,IMVT
10.38,10.385,10.38,10.385,3662,2021-06-08 18:51:00,IMVT
10.385,10.385,10.38,10.38,300,2021-06-08 18:52:00,IMVT
10.385,10.385,10.37,10.37,4898,2021-06-08 18:53:00,IMVT
10.36,10.3601,10.35,10.35,3437,2021-06-08 18:54:00,IMVT
10.34,10.34,10.335,10.335,500,2021-06-08 18:55:00,IMVT
10.335,10.34,10.33,10.34,600,2021-06-08 18:56:00,IMVT
10.34,10.35,10.34,10.35,4512,2021-06-08 18:57:00,IMVT
10.345,10.345,10.345,10.345,100,2021-06-08 18:58:00,IMVT
10.345,10.345,10.345,10.345,200,2021-06-08 19:00:00,IMVT
10.34,10.35,10.34,10.35,1137,2021-06-08 19:01:00,IMVT
10.35,10.37,10.345,10.37,1831,2021-06-08 19:02:00,IMVT
10.37,10.38,10.37,10.375,1509,2021-06-08 19:03:00,IMVT
10.375,10.4,10.375,10.3901,2530,2021-06-08 19:04:00,IMVT
10.395,10.395,10.39,10.39,200,2021-06-08 19:05:00,IMVT
10.39,10.395,10.39,10.39,2529,2021-06-08 19:06:00,IMVT
10.395,10.395,10.38,10.38,6869,2021-06-08 19:07:00,IMVT
10.39,10.4,10.39,10.4,2926,2021-06-08 19:08:00,IMVT
10.405,10.408,10.405,10.408,300,2021-06-08 19:09:00,IMVT
10.41,10.46,10.41,10.46,5356,2021-06-08 19:10:00,IMVT
10.47,10.47,10.46,10.47,2675,2021-06-08 19:11:00,IMVT
10.47,10.47,10.45,10.455,2028,2021-06-08 19:12:00,IMVT
10.455,10.46,10.45,10.455,1278,2021-06-08 19:13:00,IMVT
10.45,10.45,10.44,10.44,2752,2021-06-08 19:14:00,IMVT
10.445,10.445,10.43,10.43,1338,2021-06-08 19:15:00,IMVT
10.43,10.43,10.42,10.425,1636,2021-06-08 19:16:00,IMVT
10.4204,10.425,10.41,10.42,6675,2021-06-08 19:17:00,IMVT
10.42,10.425,10.42,10.425,669,2021-06-08 19:18:00,IMVT
10.425,10.425,10.42,10.42,223,2021-06-08 19:19:00,IMVT
10.42,10.43,10.42,10.43,1720,2021-06-08 19:20:00,IMVT
10.42,10.43,10.42,10.425,700,2021-06-08 19:21:00,IMVT
10.425,10.425,10.42,10.425,700,2021-06-08 19:22:00,IMVT
10.425,10.425,10.42,10.4207,1999,2021-06-08 19:23:00,IMVT
10.425,10.43,10.42,10.42,1474,2021-06-08 19:24:00,IMVT
10.42,10.42,10.41,10.41,1266,2021-06-08 19:25:00,IMVT
10.415,10.415,10.41,10.41,873,2021-06-08 19:26:00,IMVT
10.415,10.415,10.415,10.415,368,2021-06-08 19:27:00,IMVT
10.415,10.419,10.41,10.415,2112,2021-06-08 19:28:00,IMVT
10.42,10.43,10.415,10.43,5026,2021-06-08 19:29:00,IMVT
10.43,10.43,10.42,10.42,2052,2021-06-08 19:30:00,IMVT
10.42,10.43,10.42,10.43,8298,2021-06-08 19:31:00,IMVT
10.425,10.425,10.425,10.425,900,2021-06-08 19:32:00,IMVT
10.42,10.425,10.42,10.425,1286,2021-06-08 19:33:00,IMVT
10.4285,10.43,10.42,10.43,2156,2021-06-08 19:34:00,IMVT
10.42,10.425,10.41,10.415,7378,2021-06-08 19:35:00,IMVT
10.415,10.415,10.41,10.41,1080,2021-06-08 19:36:00,IMVT
10.415,10.415,10.41,10.415,685,2021-06-08 19:37:00,IMVT
10.41,10.415,10.41,10.415,2124,2021-06-08 19:38:00,IMVT
10.4115,10.415,10.41,10.415,2068,2021-06-08 19:39:00,IMVT
10.42,10.42,10.41,10.415,3219,2021-06-08 19:40:00,IMVT
10.415,10.415,10.41,10.415,2788,2021-06-08 19:41:00,IMVT
10.41,10.415,10.41,10.415,1877,2021-06-08 19:42:00,IMVT
10.415,10.415,10.41,10.41,5685,2021-06-08 19:43:00,IMVT
10.41,10.42,10.41,10.415,1550,2021-06-08 19:44:00,IMVT
10.41,10.42,10.41,10.42,10752,2021-06-08 19:45:00,IMVT
10.415,10.42,10.41,10.41,3837,2021-06-08 19:46:00,IMVT
10.415,10.42,10.41,10.415,2223,2021-06-08 19:47:00,IMVT
10.41,10.42,10.41,10.41,3459,2021-06-08 19:48:00,IMVT
10.41,10.42,10.405,10.405,13261,2021-06-08 19:49:00,IMVT
10.41,10.44,10.36,10.39,19792,2021-06-08 19:50:00,IMVT
10.4,10.42,10.39,10.41,3718,2021-06-08 19:51:00,IMVT
10.42,10.42,10.41,10.41,1200,2021-06-08 19:52:00,IMVT
10.42,10.42,10.41,10.42,2992,2021-06-08 19:53:00,IMVT
10.42,10.44,10.41,10.4319,11968,2021-06-08 19:54:00,IMVT
10.43,10.435,10.4,10.405,11698,2021-06-08 19:55:00,IMVT
10.41,10.42,10.41,10.42,5408,2021-06-08 19:56:00,IMVT
10.415,10.42,10.41,10.42,9600,2021-06-08 19:57:00,IMVT
10.415,10.43,10.41,10.42,14890,2021-06-08 19:58:00,IMVT
10.42,10.44,10.41,10.44,20403,2021-06-08 19:59:00,IMVT
10.43,10.43,10.43,10.43,87569,2021-06-08 20:00:00,IMVT
10.43,10.43,10.43,10.43,332,2021-06-08 20:01:00,IMVT
10.43,10.43,10.43,10.43,100,2021-06-08 20:35:00,IMVT
10.43,10.43,10.43,10.43,240,2021-06-08 20:56:00,IMVT
10.4301,10.4301,10.43,10.43,650,2021-06-09 12:47:00,IMVT
10.45,10.45,10.43,10.43,300,2021-06-09 13:00:00,IMVT
10.43,10.43,10.43,10.43,106,2021-06-09 13:04:00,IMVT
10.43,10.43,10.43,10.43,500,2021-06-09 13:09:00,IMVT
10.6,10.6,10.6,10.6,300,2021-06-09 13:11:00,IMVT
10.43,10.43,10.43,10.43,291,2021-06-09 13:20:00,IMVT
10.55,10.55,10.55,10.55,500,2021-06-09 13:21:00,IMVT
10.42,10.42,10.42,10.42,138,2021-06-09 13:28:00,IMVT
10.46,10.55,10.46,10.55,11787,2021-06-09 13:30:00,IMVT
10.52,10.555,10.52,10.555,300,2021-06-09 13:31:00,IMVT
10.555,10.69,10.55,10.68,5265,2021-06-09 13:32:00,IMVT
10.69,10.7,10.625,10.7,4496,2021-06-09 13:33:00,IMVT
10.675,10.73,10.6531,10.6839,2602,2021-06-09 13:34:00,IMVT
10.66,10.74,10.66,10.6601,2505,2021-06-09 13:35:00,IMVT
10.71,10.72,10.6686,10.72,1326,2021-06-09 13:36:00,IMVT
10.73,10.73,10.6876,10.6876,2781,2021-06-09 13:37:00,IMVT
10.68,10.7,10.6162,10.63,2680,2021-06-09 13:38:00,IMVT
10.6146,10.6146,10.6146,10.6146,100,2021-06-09 13:39:00,IMVT
10.6,10.645,10.6,10.62,2204,2021-06-09 13:40:00,IMVT
10.63,10.65,10.61,10.61,6913,2021-06-09 13:41:00,IMVT
10.62,10.72,10.6101,10.69,5595,2021-06-09 13:42:00,IMVT
10.6457,10.69,10.6457,10.69,2670,2021-06-09 13:43:00,IMVT
10.675,10.675,10.6443,10.6443,1300,2021-06-09 13:44:00,IMVT
10.6589,10.683,10.6589,10.6785,1704,2021-06-09 13:45:00,IMVT
10.645,10.67,10.645,10.67,1004,2021-06-09 13:46:00,IMVT
10.66,10.66,10.5756,10.61,6018,2021-06-09 13:47:00,IMVT
10.5792,10.64,10.57,10.62,8706,2021-06-09 13:48:00,IMVT
10.62,10.62,10.62,10.62,1323,2021-06-09 13:49:00,IMVT
10.62,10.625,10.53,10.53,5390,2021-06-09 13:50:00,IMVT
10.5361,10.5361,10.525,10.525,605,2021-06-09 13:51:00,IMVT
10.539,10.595,10.52,10.55,7849,2021-06-09 13:52:00,IMVT
10.54,10.54,10.53,10.54,3769,2021-06-09 13:53:00,IMVT
10.53,10.53,10.5,10.5,1000,2021-06-09 13:54:00,IMVT
10.5,10.52,10.4901,10.52,538,2021-06-09 13:55:00,IMVT
10.54,10.58,10.54,10.56,1724,2021-06-09 13:56:00,IMVT
10.55,10.55,10.55,10.55,100,2021-06-09 13:57:00,IMVT
10.544,10.544,10.544,10.544,100,2021-06-09 13:59:00,IMVT
10.55,10.58,10.55,10.57,970,2021-06-09 14:00:00,IMVT
10.6,10.6,10.6,10.6,500,2021-06-09 14:01:00,IMVT
10.6,10.6,10.6,10.6,200,2021-06-09 14:02:00,IMVT
10.62,10.63,10.62,10.63,997,2021-06-09 14:03:00,IMVT
10.6389,10.6389,10.62,10.62,1012,2021-06-09 14:04:00,IMVT
10.62,10.67,10.61,10.67,5746,2021-06-09 14:05:00,IMVT
10.67,10.67,10.63,10.65,700,2021-06-09 14:06:00,IMVT
10.65,10.67,10.65,10.67,800,2021-06-09 14:09:00,IMVT
10.68,10.68,10.6658,10.67,1122,2021-06-09 14:10:00,IMVT
10.66,10.66,10.66,10.66,1000,2021-06-09 14:11:00,IMVT
10.6544,10.67,10.6544,10.66,1100,2021-06-09 14:12:00,IMVT
10.67,10.68,10.67,10.6712,380,2021-06-09 14:13:00,IMVT
10.6796,10.76,10.6796,10.76,11550,2021-06-09 14:14:00,IMVT
10.75,10.76,10.7,10.72,5299,2021-06-09 14:15:00,IMVT
10.7201,10.73,10.72,10.73,3246,2021-06-09 14:16:00,IMVT
10.73,10.74,10.725,10.74,1389,2021-06-09 14:17:00,IMVT
10.735,10.74,10.735,10.74,440,2021-06-09 14:18:00,IMVT
10.74,10.745,10.65,10.69,7260,2021-06-09 14:19:00,IMVT
10.71,10.71,10.71,10.71,200,2021-06-09 14:20:00,IMVT
10.73,10.73,10.73,10.73,1160,2021-06-09 14:21:00,IMVT
10.74,10.74,10.7227,10.7227,1559,2021-06-09 14:22:00,IMVT
10.7212,10.74,10.72,10.74,3459,2021-06-09 14:23:00,IMVT
10.75,10.8,10.74,10.8,15375,2021-06-09 14:24:00,IMVT
10.795,10.8,10.7668,10.7668,10906,2021-06-09 14:25:00,IMVT
10.775,10.78,10.73,10.74,8004,2021-06-09 14:26:00,IMVT
10.73,10.77,10.72,10.7574,9125,2021-06-09 14:27:00,IMVT
10.75,10.77,10.75,10.77,1185,2021-06-09 14:28:00,IMVT
10.75,10.8,10.75,10.8,2694,2021-06-09 14:29:00,IMVT
10.795,10.8,10.795,10.795,1200,2021-06-09 14:30:00,IMVT
10.8,10.83,10.785,10.79,9756,2021-06-09 14:31:00,IMVT
10.7964,10.7964,10.785,10.785,489,2021-06-09 14:32:00,IMVT
10.7805,10.82,10.7733,10.82,2687,2021-06-09 14:33:00,IMVT
10.82,10.835,10.82,10.83,3639,2021-06-09 14:34:00,IMVT
10.84,10.85,10.83,10.83,4441,2021-06-09 14:35:00,IMVT
10.82,10.83,10.81,10.82,1400,2021-06-09 14:36:00,IMVT
10.8287,10.8287,10.82,10.82,1971,2021-06-09 14:37:00,IMVT
10.8153,10.82,10.81,10.81,600,2021-06-09 14:38:00,IMVT
10.81,10.81,10.81,10.81,590,2021-06-09 14:39:00,IMVT
10.82,10.82,10.81,10.81,1662,2021-06-09 14:40:00,IMVT
10.81,10.81,10.7873,10.79,2372,2021-06-09 14:41:00,IMVT
10.79,10.8,10.79,10.8,1200,2021-06-09 14:42:00,IMVT
10.79,10.82,10.79,10.8007,4673,2021-06-09 14:43:00,IMVT
10.805,10.805,10.785,10.8,3964,2021-06-09 14:44:00,IMVT
10.8,10.808,10.79,10.79,788,2021-06-09 14:45:00,IMVT
10.79,10.79,10.72,10.72,3046,2021-06-09 14:46:00,IMVT
10.7127,10.7127,10.7127,10.7127,500,2021-06-09 14:47:00,IMVT
10.665,10.665,10.6393,10.6393,525,2021-06-09 14:48:00,IMVT
10.64,10.6497,10.64,10.6497,200,2021-06-09 14:49:00,IMVT
10.64,10.66,10.64,10.65,1000,2021-06-09 14:50:00,IMVT
10.64,10.66,10.64,10.66,300,2021-06-09 14:51:00,IMVT
10.66,10.6752,10.66,10.6752,907,2021-06-09 14:52:00,IMVT
10.67,10.67,10.66,10.66,787,2021-06-09 14:53:00,IMVT
10.66,10.66,10.66,10.66,100,2021-06-09 14:54:00,IMVT
10.67,10.67,10.65,10.65,1000,2021-06-09 14:56:00,IMVT
10.63,10.64,10.63,10.64,1563,2021-06-09 14:57:00,IMVT
10.64,10.66,10.64,10.66,2700,2021-06-09 14:58:00,IMVT
10.67,10.6862,10.67,10.6862,2500,2021-06-09 14:59:00,IMVT
10.675,10.7,10.67,10.67,800,2021-06-09 15:00:00,IMVT
10.68,10.69,10.67,10.68,1522,2021-06-09 15:01:00,IMVT
10.685,10.685,10.685,10.685,212,2021-06-09 15:02:00,IMVT
10.68,10.69,10.68,10.69,3540,2021-06-09 15:04:00,IMVT
10.7,10.7,10.68,10.68,3081,2021-06-09 15:05:00,IMVT
10.68,10.68,10.67,10.675,1203,2021-06-09 15:06:00,IMVT
10.675,10.675,10.6727,10.6727,1089,2021-06-09 15:07:00,IMVT
10.675,10.6772,10.67,10.6772,1085,2021-06-09 15:08:00,IMVT
10.67,10.68,10.67,10.67,1500,2021-06-09 15:09:00,IMVT
10.67,10.675,10.66,10.675,1500,2021-06-09 15:10:00,IMVT
10.675,10.675,10.66,10.6714,1500,2021-06-09 15:11:00,IMVT
10.675,10.68,10.675,10.68,2876,2021-06-09 15:12:00,IMVT
10.69,10.69,10.68,10.68,513,2021-06-09 15:13:00,IMVT
10.68,10.68,10.66,10.66,2647,2021-06-09 15:14:00,IMVT
10.68,10.68,10.66,10.68,2700,2021-06-09 15:15:00,IMVT
10.66,10.66,10.66,10.66,100,2021-06-09 15:16:00,IMVT
10.62,10.62,10.62,10.62,200,2021-06-09 15:18:00,IMVT
10.62,10.62,10.62,10.62,200,2021-06-09 15:19:00,IMVT
10.62,10.62,10.61,10.61,1500,2021-06-09 15:20:00,IMVT
10.6,10.6,10.57,10.57,990,2021-06-09 15:21:00,IMVT
10.56,10.58,10.56,10.58,1497,2021-06-09 15:22:00,IMVT
10.56,10.56,10.56,10.56,956,2021-06-09 15:23:00,IMVT
10.56,10.56,10.56,10.56,100,2021-06-09 15:25:00,IMVT
10.59,10.59,10.56,10.56,1492,2021-06-09 15:26:00,IMVT
10.56,10.56,10.55,10.55,710,2021-06-09 15:27:00,IMVT
10.54,10.56,10.54,10.56,1400,2021-06-09 15:28:00,IMVT
10.545,10.545,10.5319,10.5319,240,2021-06-09 15:29:00,IMVT
10.52,10.5235,10.52,10.5227,500,2021-06-09 15:30:00,IMVT
10.52,10.55,10.52,10.535,600,2021-06-09 15:31:00,IMVT
10.535,10.58,10.535,10.54,1176,2021-06-09 15:32:00,IMVT
10.5401,10.5583,10.5401,10.5583,1600,2021-06-09 15:33:00,IMVT
10.54,10.54,10.54,10.54,200,2021-06-09 15:34:00,IMVT
10.51,10.51,10.51,10.51,1003,2021-06-09 15:35:00,IMVT
10.5,10.52,10.5,10.5,522,2021-06-09 15:36:00,IMVT
10.53,10.53,10.5,10.5,4766,2021-06-09 15:37:00,IMVT
10.52,10.52,10.52,10.52,100,2021-06-09 15:38:00,IMVT
10.49,10.49,10.49,10.49,550,2021-06-09 15:39:00,IMVT
10.47,10.4799,10.42,10.46,5570,2021-06-09 15:40:00,IMVT
10.45,10.455,10.43,10.43,400,2021-06-09 15:41:00,IMVT
10.445,10.445,10.445,10.445,100,2021-06-09 15:42:00,IMVT
10.46,10.49,10.46,10.49,1969,2021-06-09 15:43:00,IMVT
10.47,10.47,10.47,10.47,345,2021-06-09 15:45:00,IMVT
10.49,10.52,10.48,10.52,1766,2021-06-09 15:46:00,IMVT
10.52,10.52,10.52,10.52,200,2021-06-09 15:47:00,IMVT
10.5106,10.5106,10.5106,10.5106,200,2021-06-09 15:49:00,IMVT
10.48,10.48,10.48,10.48,600,2021-06-09 15:50:00,IMVT
10.47,10.49,10.47,10.48,500,2021-06-09 15:51:00,IMVT
10.45,10.4504,10.42,10.42,9930,2021-06-09 15:54:00,IMVT
10.42,10.4206,10.41,10.42,3543,2021-06-09 15:55:00,IMVT
10.42,10.42,10.385,10.385,3067,2021-06-09 15:56:00,IMVT
10.38,10.42,10.38,10.42,2186,2021-06-09 15:57:00,IMVT
10.4,10.4,10.4,10.4,100,2021-06-09 15:59:00,IMVT
10.415,10.415,10.415,10.415,180,2021-06-09 16:00:00,IMVT
10.415,10.415,10.415,10.415,200,2021-06-09 16:01:00,IMVT
10.415,10.45,10.415,10.4447,806,2021-06-09 16:02:00,IMVT
10.435,10.45,10.435,10.45,797,2021-06-09 16:03:00,IMVT
10.45,10.47,10.45,10.47,620,2021-06-09 16:04:00,IMVT
10.46,10.47,10.45,10.46,600,2021-06-09 16:05:00,IMVT
10.47,10.47,10.455,10.47,1289,2021-06-09 16:06:00,IMVT
10.48,10.51,10.48,10.51,2400,2021-06-09 16:07:00,IMVT
10.51,10.52,10.5,10.52,3772,2021-06-09 16:08:00,IMVT
10.52,10.55,10.5,10.55,1700,2021-06-09 16:09:00,IMVT
10.54,10.55,10.54,10.55,300,2021-06-09 16:10:00,IMVT
10.57,10.59,10.57,10.58,1000,2021-06-09 16:11:00,IMVT
10.57,10.59,10.57,10.59,1600,2021-06-09 16:12:00,IMVT
10.59,10.59,10.58,10.59,300,2021-06-09 16:13:00,IMVT
10.59,10.59,10.575,10.575,1197,2021-06-09 16:14:00,IMVT
10.575,10.6,10.57,10.6,12552,2021-06-09 16:15:00,IMVT
10.595,10.595,10.59,10.59,200,2021-06-09 16:16:00,IMVT
10.6,10.6,10.58,10.59,2661,2021-06-09 16:17:00,IMVT
10.6,10.62,10.6,10.62,2145,2021-06-09 16:18:00,IMVT
10.606,10.615,10.6,10.615,913,2021-06-09 16:19:00,IMVT
10.615,10.6299,10.615,10.6299,1770,2021-06-09 16:20:00,IMVT
10.61,10.61,10.59,10.61,1600,2021-06-09 16:21:00,IMVT
10.61,10.6343,10.61,10.615,1135,2021-06-09 16:22:00,IMVT
10.61,10.615,10.6,10.6,400,2021-06-09 16:23:00,IMVT
10.59,10.6006,10.59,10.6006,230,2021-06-09 16:25:00,IMVT
10.595,10.595,10.595,10.595,271,2021-06-09 16:27:00,IMVT
10.58,10.595,10.58,10.595,356,2021-06-09 16:28:00,IMVT
10.58,10.595,10.58,10.5925,606,2021-06-09 16:29:00,IMVT
10.595,10.63,10.575,10.63,11197,2021-06-09 16:30:00,IMVT
10.62,10.62,10.62,10.62,231,2021-06-09 16:31:00,IMVT
10.62,10.62,10.62,10.62,694,2021-06-09 16:32:00,IMVT
10.59,10.6,10.58,10.6,1270,2021-06-09 16:34:00,IMVT
10.6,10.63,10.59,10.63,3176,2021-06-09 16:35:00,IMVT
10.62,10.6208,10.61,10.6208,575,2021-06-09 16:36:00,IMVT
10.63,10.7,10.63,10.7,9901,2021-06-09 16:37:00,IMVT
10.68,10.68,10.65,10.65,638,2021-06-09 16:38:00,IMVT
10.65,10.65,10.65,10.65,1015,2021-06-09 16:39:00,IMVT
10.65,10.65,10.65,10.65,400,2021-06-09 16:40:00,IMVT
10.65,10.65,10.65,10.65,223,2021-06-09 16:41:00,IMVT
10.68,10.68,10.65,10.65,1108,2021-06-09 16:42:00,IMVT
10.6737,10.69,10.665,10.69,1779,2021-06-09 16:43:00,IMVT
10.6712,10.68,10.6712,10.68,100450,2021-06-09 16:45:00,IMVT
10.7,10.72,10.69,10.72,2000,2021-06-09 16:46:00,IMVT
10.7029,10.7029,10.7029,10.7029,114,2021-06-09 16:47:00,IMVT
10.7,10.7,10.7,10.7,1383,2021-06-09 16:48:00,IMVT
10.69,10.74,10.69,10.74,7849,2021-06-09 16:49:00,IMVT
10.74,10.75,10.737,10.737,13925,2021-06-09 16:50:00,IMVT
10.73,10.73,10.73,10.73,192,2021-06-09 16:51:00,IMVT
10.74,10.74,10.72,10.72,3498,2021-06-09 16:52:00,IMVT
10.72,10.735,10.71,10.72,5205,2021-06-09 16:53:00,IMVT
10.74,10.74,10.74,10.74,1300,2021-06-09 16:54:00,IMVT
10.75,10.75,10.71,10.75,2765,2021-06-09 16:55:00,IMVT
10.73,10.73,10.73,10.73,165,2021-06-09 16:56:00,IMVT
10.74,10.75,10.74,10.74,848,2021-06-09 16:58:00,IMVT
10.75,10.75,10.74,10.74,1124,2021-06-09 16:59:00,IMVT
10.76,10.76,10.75,10.76,2326,2021-06-09 17:00:00,IMVT
10.7578,10.78,10.75,10.78,379,2021-06-09 17:01:00,IMVT
10.76,10.76,10.76,10.76,100,2021-06-09 17:02:00,IMVT
10.7557,10.7557,10.75,10.75,666,2021-06-09 17:03:00,IMVT
10.75,10.7561,10.735,10.735,5450,2021-06-09 17:04:00,IMVT
10.7254,10.735,10.72,10.735,2560,2021-06-09 17:05:00,IMVT
10.74,10.75,10.72,10.74,6106,2021-06-09 17:06:00,IMVT
10.75,10.75,10.74,10.74,1232,2021-06-09 17:07:00,IMVT
10.74,10.74,10.74,10.74,1000,2021-06-09 17:08:00,IMVT
10.75,10.75,10.74,10.74,302,2021-06-09 17:09:00,IMVT
10.74,10.74,10.7214,10.7214,1878,2021-06-09 17:10:00,IMVT
10.735,10.735,10.72,10.73,965,2021-06-09 17:11:00,IMVT
10.725,10.7298,10.72,10.72,3547,2021-06-09 17:13:00,IMVT
10.7,10.7,10.69,10.69,803,2021-06-09 17:14:00,IMVT
10.685,10.685,10.685,10.685,100,2021-06-09 17:15:00,IMVT
10.685,10.69,10.685,10.69,20400,2021-06-09 17:16:00,IMVT
10.69,10.69,10.69,10.69,6600,2021-06-09 17:17:00,IMVT
10.69,10.69,10.65,10.66,4644,2021-06-09 17:18:00,IMVT
10.67,10.75,10.67,10.73,22190,2021-06-09 17:19:00,IMVT
10.74,10.76,10.73,10.74,8203,2021-06-09 17:20:00,IMVT
10.75,10.78,10.75,10.76,54600,2021-06-09 17:21:00,IMVT
10.73,10.76,10.73,10.75,4067,2021-06-09 17:22:00,IMVT
10.75,10.76,10.75,10.7598,3473,2021-06-09 17:23:00,IMVT
10.765,10.765,10.76,10.76,309,2021-06-09 17:24:00,IMVT
10.77,10.79,10.77,10.79,851,2021-06-09 17:25:00,IMVT
10.79,10.825,10.79,10.825,9464,2021-06-09 17:26:00,IMVT
10.83,10.83,10.81,10.81,2270,2021-06-09 17:27:00,IMVT
10.7878,10.7878,10.7878,10.7878,180,2021-06-09 17:28:00,IMVT
10.77,10.77,10.77,10.77,104,2021-06-09 17:29:00,IMVT
10.75,10.75,10.75,10.75,124,2021-06-09 17:33:00,IMVT
10.75,10.75,10.75,10.75,175,2021-06-09 17:34:00,IMVT
10.75,10.77,10.75,10.75,2966,2021-06-09 17:35:00,IMVT
10.775,10.775,10.76,10.76,369,2021-06-09 17:36:00,IMVT
10.77,10.77,10.75,10.75,2357,2021-06-09 17:37:00,IMVT
10.75,10.75,10.75,10.75,315,2021-06-09 17:38:00,IMVT
10.755,10.77,10.755,10.77,1900,2021-06-09 17:39:00,IMVT
10.77,10.78,10.76,10.76,2360,2021-06-09 17:40:00,IMVT
10.7501,10.7501,10.7294,10.7294,6327,2021-06-09 17:41:00,IMVT
10.7267,10.7267,10.72,10.72,736,2021-06-09 17:42:00,IMVT
10.7218,10.7218,10.72,10.72,329,2021-06-09 17:43:00,IMVT
10.73,10.74,10.71,10.72,4004,2021-06-09 17:44:00,IMVT
10.7,10.7,10.7,10.7,100,2021-06-09 17:45:00,IMVT
10.705,10.71,10.705,10.705,2127,2021-06-09 17:47:00,IMVT
10.7,10.705,10.7,10.7,2200,2021-06-09 17:48:00,IMVT
10.7,10.7,10.7,10.7,13143,2021-06-09 17:49:00,IMVT
10.69,10.69,10.68,10.68,557,2021-06-09 17:51:00,IMVT
10.665,10.665,10.665,10.665,123,2021-06-09 17:52:00,IMVT
10.66,10.69,10.66,10.69,1901,2021-06-09 17:55:00,IMVT
10.67,10.7,10.67,10.69,5194,2021-06-09 17:56:00,IMVT
10.7,10.73,10.7,10.73,10900,2021-06-09 17:57:00,IMVT
10.75,10.78,10.735,10.75,42606,2021-06-09 17:58:00,IMVT
10.75,10.77,10.74,10.75,6501,2021-06-09 18:00:00,IMVT
10.74,10.76,10.74,10.74,360,2021-06-09 18:02:00,IMVT
10.7467,10.7467,10.74,10.74,361,2021-06-09 18:03:00,IMVT
10.73,10.73,10.73,10.73,276,2021-06-09 18:05:00,IMVT
10.73,10.73,10.69,10.72,3858,2021-06-09 18:06:00,IMVT
10.71,10.71,10.705,10.705,1000,2021-06-09 18:07:00,IMVT
10.7,10.71,10.7,10.71,1158,2021-06-09 18:08:00,IMVT
10.715,10.77,10.715,10.77,6227,2021-06-09 18:09:00,IMVT
10.77,10.77,10.77,10.77,342,2021-06-09 18:10:00,IMVT
10.77,10.77,10.75,10.75,5257,2021-06-09 18:11:00,IMVT
10.7429,10.7429,10.74,10.74,656,2021-06-09 18:12:00,IMVT
10.74,10.74,10.7104,10.725,10701,2021-06-09 18:13:00,IMVT
10.725,10.725,10.725,10.725,200,2021-06-09 18:14:00,IMVT
10.72,10.77,10.7,10.76,7390,2021-06-09 18:15:00,IMVT
10.73,10.73,10.73,10.73,136,2021-06-09 18:16:00,IMVT
10.745,10.745,10.745,10.745,400,2021-06-09 18:17:00,IMVT
10.741,10.75,10.74,10.74,3004,2021-06-09 18:18:00,IMVT
10.74,10.74,10.74,10.74,400,2021-06-09 18:19:00,IMVT
10.75,10.77,10.75,10.77,3094,2021-06-09 18:20:00,IMVT
10.77,10.77,10.76,10.76,501,2021-06-09 18:21:00,IMVT
10.76,10.76,10.74,10.74,800,2021-06-09 18:22:00,IMVT
10.73,10.73,10.71,10.71,573,2021-06-09 18:23:00,IMVT
10.7,10.7,10.7,10.7,137,2021-06-09 18:24:00,IMVT
10.7,10.7,10.7,10.7,200,2021-06-09 18:25:00,IMVT
10.695,10.71,10.695,10.71,1814,2021-06-09 18:26:00,IMVT
10.73,10.78,10.73,10.77,5926,2021-06-09 18:28:00,IMVT
10.76,10.76,10.76,10.76,1977,2021-06-09 18:29:00,IMVT
10.76,10.76,10.76,10.76,200,2021-06-09 18:30:00,IMVT
10.75,10.77,10.74,10.77,2392,2021-06-09 18:31:00,IMVT
10.775,10.775,10.76,10.76,400,2021-06-09 18:32:00,IMVT
10.77,10.77,10.75,10.75,581,2021-06-09 18:34:00,IMVT
10.74,10.74,10.73,10.74,400,2021-06-09 18:35:00,IMVT
10.725,10.725,10.725,10.725,100,2021-06-09 18:37:00,IMVT
10.72,10.8,10.72,10.8,9834,2021-06-09 18:38:00,IMVT
10.78,10.78,10.76,10.76,1610,2021-06-09 18:39:00,IMVT
10.75,10.76,10.74,10.76,1160,2021-06-09 18:41:00,IMVT
10.765,10.78,10.751,10.78,493,2021-06-09 18:42:00,IMVT
10.77,10.77,10.75,10.75,411,2021-06-09 18:43:00,IMVT
10.74,10.74,10.73,10.73,831,2021-06-09 18:44:00,IMVT
10.735,10.76,10.735,10.7504,1225,2021-06-09 18:45:00,IMVT
10.73,10.73,10.73,10.73,100,2021-06-09 18:47:00,IMVT
10.75,10.75,10.72,10.72,300,2021-06-09 18:48:00,IMVT
10.71,10.73,10.71,10.73,400,2021-06-09 18:49:00,IMVT
10.72,10.73,10.72,10.72,2578,2021-06-09 18:50:00,IMVT
10.73,10.73,10.713,10.713,5759,2021-06-09 18:51:00,IMVT
10.715,10.72,10.715,10.715,3700,2021-06-09 18:52:00,IMVT
10.715,10.715,10.7,10.7,2700,2021-06-09 18:53:00,IMVT
10.7,10.7,10.69,10.69,325,2021-06-09 18:54:00,IMVT
10.69,10.69,10.68,10.6835,1749,2021-06-09 18:55:00,IMVT
10.68,10.7,10.68,10.68,500,2021-06-09 18:56:00,IMVT
10.69,10.69,10.67,10.675,900,2021-06-09 18:57:00,IMVT
10.67,10.67,10.65,10.65,2610,2021-06-09 18:58:00,IMVT
10.64,10.64,10.62,10.62,600,2021-06-09 18:59:00,IMVT
10.63,10.64,10.63,10.64,304,2021-06-09 19:00:00,IMVT
10.64,10.64,10.62,10.62,1205,2021-06-09 19:01:00,IMVT
10.62,10.63,10.62,10.62,300,2021-06-09 19:02:00,IMVT
10.62,10.625,10.61,10.62,2292,2021-06-09 19:03:00,IMVT
10.62,10.62,10.61,10.615,1150,2021-06-09 19:04:00,IMVT
10.6,10.6,10.59,10.59,1245,2021-06-09 19:05:00,IMVT
10.57,10.57,10.56,10.5629,1100,2021-06-09 19:07:00,IMVT
10.56,10.56,10.55,10.55,1200,2021-06-09 19:08:00,IMVT
10.55,10.55,10.55,10.55,1500,2021-06-09 19:09:00,IMVT
10.54,10.58,10.54,10.58,3400,2021-06-09 19:10:00,IMVT
10.58,10.58,10.575,10.575,5200,2021-06-09 19:11:00,IMVT
10.57,10.57,10.57,10.57,600,2021-06-09 19:12:00,IMVT
10.575,10.58,10.575,10.5767,1871,2021-06-09 19:13:00,IMVT
10.565,10.565,10.56,10.56,200,2021-06-09 19:14:00,IMVT
10.562,10.575,10.562,10.57,2749,2021-06-09 19:15:00,IMVT
10.57,10.57,10.57,10.57,200,2021-06-09 19:16:00,IMVT
10.57,10.57,10.56,10.57,366,2021-06-09 19:17:00,IMVT
10.56,10.56,10.53,10.54,3144,2021-06-09 19:18:00,IMVT
10.53,10.53,10.505,10.505,5135,2021-06-09 19:19:00,IMVT
10.51,10.515,10.505,10.51,3403,2021-06-09 19:20:00,IMVT
10.505,10.505,10.47,10.47,2246,2021-06-09 19:21:00,IMVT
10.47,10.47,10.46,10.46,700,2021-06-09 19:22:00,IMVT
10.45,10.4657,10.45,10.45,1000,2021-06-09 19:23:00,IMVT
10.46,10.47,10.45,10.47,3696,2021-06-09 19:24:00,IMVT
10.475,10.48,10.475,10.48,991,2021-06-09 19:25:00,IMVT
10.475,10.48,10.475,10.475,1607,2021-06-09 19:26:00,IMVT
10.47,10.47,10.46,10.4684,1582,2021-06-09 19:27:00,IMVT
10.465,10.465,10.455,10.455,500,2021-06-09 19:28:00,IMVT
10.45,10.45,10.43,10.43,2221,2021-06-09 19:29:00,IMVT
10.43,10.43,10.42,10.42,7790,2021-06-09 19:30:00,IMVT
10.4173,10.46,10.41,10.46,16060,2021-06-09 19:31:00,IMVT
10.47,10.51,10.469,10.5099,3395,2021-06-09 19:32:00,IMVT
10.52,10.54,10.52,10.53,2336,2021-06-09 19:33:00,IMVT
10.52,10.52,10.505,10.505,1688,2021-06-09 19:34:00,IMVT
10.5,10.5,10.47,10.47,2545,2021-06-09 19:35:00,IMVT
10.47,10.51,10.465,10.5,5085,2021-06-09 19:36:00,IMVT
10.5,10.51,10.49,10.49,2607,2021-06-09 19:37:00,IMVT
10.49,10.49,10.485,10.49,1736,2021-06-09 19:38:00,IMVT
10.485,10.505,10.485,10.49,3055,2021-06-09 19:39:00,IMVT
10.4915,10.4915,10.4728,10.4728,3852,2021-06-09 19:40:00,IMVT
10.475,10.49,10.475,10.49,3882,2021-06-09 19:41:00,IMVT
10.49,10.49,10.47,10.47,4500,2021-06-09 19:42:00,IMVT
10.465,10.49,10.44,10.49,8507,2021-06-09 19:43:00,IMVT
10.5,10.5,10.49,10.49,1198,2021-06-09 19:44:00,IMVT
10.495,10.5,10.44,10.47,8608,2021-06-09 19:45:00,IMVT
10.46,10.5,10.46,10.48,4082,2021-06-09 19:46:00,IMVT
10.48,10.5,10.48,10.5,1327,2021-06-09 19:47:00,IMVT
10.495,10.52,10.49,10.49,3375,2021-06-09 19:48:00,IMVT
10.48,10.485,10.47,10.48,3740,2021-06-09 19:49:00,IMVT
10.48,10.49,10.48,10.49,2723,2021-06-09 19:50:00,IMVT
10.485,10.49,10.47,10.47,4584,2021-06-09 19:51:00,IMVT
10.475,10.49,10.47,10.48,7786,2021-06-09 19:52:00,IMVT
10.485,10.4899,10.48,10.48,4835,2021-06-09 19:53:00,IMVT
10.485,10.55,10.485,10.53,8839,2021-06-09 19:54:00,IMVT
10.53,10.54,10.51,10.51,4375,2021-06-09 19:55:00,IMVT
10.52,10.53,10.51,10.51,4400,2021-06-09 19:56:00,IMVT
10.51,10.52,10.49,10.52,13263,2021-06-09 19:57:00,IMVT
10.53,10.55,10.5282,10.545,12816,2021-06-09 19:58:00,IMVT
10.55,10.58,10.55,10.57,33236,2021-06-09 19:59:00,IMVT
10.57,10.57,10.57,10.57,114441,2021-06-09 20:00:00,IMVT
10.57,10.57,10.57,10.57,175,2021-06-09 20:10:00,IMVT
10.57,10.57,10.57,10.57,200,2021-06-09 20:25:00,IMVT
10.57,10.57,10.57,10.57,1000,2021-06-09 20:32:00,IMVT
10.57,10.57,10.57,10.57,250,2021-06-09 20:47:00,IMVT
10.75,10.75,10.75,10.75,100,2021-06-09 20:53:00,IMVT
10.6,10.6,10.6,10.6,235,2021-06-09 22:10:00,IMVT
10.6,10.6,10.6,10.6,100,2021-06-10 10:52:00,IMVT
10.6001,10.6001,10.6001,10.6001,5000,2021-06-10 12:16:00,IMVT
10.63,10.63,10.63,10.63,250,2021-06-10 12:46:00,IMVT
10.63,10.64,10.58,10.58,10710,2021-06-10 13:30:00,IMVT
10.63,10.63,10.63,10.63,100,2021-06-10 13:31:00,IMVT
10.6,10.6,10.53,10.5416,2871,2021-06-10 13:32:00,IMVT
10.58,10.58,10.58,10.58,100,2021-06-10 13:33:00,IMVT
10.6136,10.665,10.6136,10.665,1362,2021-06-10 13:34:00,IMVT
10.63,10.66,10.6279,10.6279,600,2021-06-10 13:35:00,IMVT
10.6,10.6,10.6,10.6,2341,2021-06-10 13:36:00,IMVT
10.625,10.63,10.62,10.63,400,2021-06-10 13:37:00,IMVT
10.625,10.63,10.61,10.63,4038,2021-06-10 13:38:00,IMVT
10.63,10.64,10.62,10.62,1950,2021-06-10 13:39:00,IMVT
10.61,10.61,10.61,10.61,300,2021-06-10 13:40:00,IMVT
10.62,10.67,10.62,10.66,3138,2021-06-10 13:41:00,IMVT
10.65,10.7,10.64,10.7,3088,2021-06-10 13:42:00,IMVT
10.63,10.63,10.63,10.63,300,2021-06-10 13:43:00,IMVT
10.6381,10.64,10.62,10.64,1900,2021-06-10 13:44:00,IMVT
10.63,10.635,10.63,10.63,2700,2021-06-10 13:45:00,IMVT
10.67,10.67,10.62,10.62,2256,2021-06-10 13:48:00,IMVT
10.65,10.65,10.65,10.65,200,2021-06-10 13:49:00,IMVT
10.6394,10.64,10.61,10.64,1678,2021-06-10 13:50:00,IMVT
10.63,10.63,10.61,10.62,1930,2021-06-10 13:51:00,IMVT
10.64,10.65,10.62,10.62,3311,2021-06-10 13:52:00,IMVT
10.65,10.65,10.58,10.58,7713,2021-06-10 13:53:00,IMVT
10.57,10.57,10.57,10.57,1000,2021-06-10 13:54:00,IMVT
10.565,10.59,10.565,10.59,200,2021-06-10 13:55:00,IMVT
10.59,10.59,10.59,10.59,500,2021-06-10 13:56:00,IMVT
10.6,10.64,10.6,10.64,1400,2021-06-10 13:57:00,IMVT
10.63,10.63,10.61,10.61,1233,2021-06-10 13:58:00,IMVT
10.6,10.6,10.6,10.6,1200,2021-06-10 13:59:00,IMVT
10.6,10.61,10.6,10.61,4749,2021-06-10 14:00:00,IMVT
10.6218,10.63,10.6,10.63,3652,2021-06-10 14:01:00,IMVT
10.65,10.7,10.65,10.68,3200,2021-06-10 14:02:00,IMVT
10.68,10.7132,10.68,10.7132,2600,2021-06-10 14:03:00,IMVT
10.69,10.69,10.6753,10.6753,1530,2021-06-10 14:04:00,IMVT
10.6701,10.69,10.67,10.69,600,2021-06-10 14:05:00,IMVT
10.69,10.69,10.69,10.69,100,2021-06-10 14:06:00,IMVT
10.675,10.71,10.66,10.67,9173,2021-06-10 14:07:00,IMVT
10.67,10.67,10.67,10.67,200,2021-06-10 14:08:00,IMVT
10.64,10.64,10.64,10.64,200,2021-06-10 14:09:00,IMVT
10.6327,10.64,10.63,10.63,1056,2021-06-10 14:10:00,IMVT
10.612,10.6133,10.612,10.6133,600,2021-06-10 14:11:00,IMVT
10.6134,10.62,10.6,10.6,800,2021-06-10 14:12:00,IMVT
10.62,10.62,10.56,10.56,5066,2021-06-10 14:13:00,IMVT
10.57,10.58,10.56,10.565,4500,2021-06-10 14:14:00,IMVT
10.6,10.63,10.6,10.62,846,2021-06-10 14:15:00,IMVT
10.62,10.63,10.62,10.62,719,2021-06-10 14:16:00,IMVT
10.63,10.64,10.62,10.62,300,2021-06-10 14:18:00,IMVT
10.625,10.64,10.625,10.64,1402,2021-06-10 14:19:00,IMVT
10.65,10.65,10.65,10.65,300,2021-06-10 14:20:00,IMVT
10.64,10.64,10.63,10.63,300,2021-06-10 14:21:00,IMVT
10.63,10.63,10.62,10.62,842,2021-06-10 14:22:00,IMVT
10.63,10.64,10.62,10.62,800,2021-06-10 14:23:00,IMVT
10.61,10.62,10.6,10.61,2340,2021-06-10 14:24:00,IMVT
10.615,10.615,10.615,10.615,400,2021-06-10 14:25:00,IMVT
10.615,10.615,10.615,10.615,400,2021-06-10 14:26:00,IMVT
10.615,10.615,10.59,10.59,1000,2021-06-10 14:27:00,IMVT
10.57,10.57,10.57,10.57,499,2021-06-10 14:28:00,IMVT
10.59,10.6,10.59,10.6,1054,2021-06-10 14:29:00,IMVT
10.6,10.6,10.6,10.6,100,2021-06-10 14:30:00,IMVT
10.63,10.63,10.63,10.63,100,2021-06-10 14:31:00,IMVT
10.615,10.615,10.6,10.6,300,2021-06-10 14:32:00,IMVT
10.59,10.63,10.5818,10.59,1419,2021-06-10 14:33:00,IMVT
10.59,10.61,10.57,10.57,1100,2021-06-10 14:34:00,IMVT
10.6,10.6,10.6,10.6,300,2021-06-10 14:35:00,IMVT
10.63,10.63,10.58,10.58,400,2021-06-10 14:36:00,IMVT
10.5701,10.5701,10.56,10.56,2551,2021-06-10 14:37:00,IMVT
10.57,10.59,10.57,10.59,725,2021-06-10 14:38:00,IMVT
10.58,10.58,10.57,10.57,1100,2021-06-10 14:39:00,IMVT
10.57,10.6,10.57,10.6,500,2021-06-10 14:40:00,IMVT
10.58,10.6,10.57,10.57,865,2021-06-10 14:41:00,IMVT
10.56,10.56,10.54,10.54,690,2021-06-10 14:42:00,IMVT
10.53,10.54,10.524,10.54,1100,2021-06-10 14:44:00,IMVT
10.52,10.52,10.52,10.52,100,2021-06-10 14:45:00,IMVT
10.515,10.52,10.48,10.48,4990,2021-06-10 14:46:00,IMVT
10.45,10.48,10.45,10.4583,900,2021-06-10 14:47:00,IMVT
10.48,10.495,10.47,10.47,3078,2021-06-10 14:48:00,IMVT
10.5068,10.5068,10.47,10.47,1452,2021-06-10 14:49:00,IMVT
10.47,10.51,10.46,10.51,2046,2021-06-10 14:50:00,IMVT
10.5109,10.5109,10.51,10.51,965,2021-06-10 14:51:00,IMVT
10.54,10.57,10.54,10.57,1150,2021-06-10 14:53:00,IMVT
10.571,10.58,10.55,10.57,400,2021-06-10 14:54:00,IMVT
10.5373,10.5373,10.52,10.52,2140,2021-06-10 14:55:00,IMVT
10.555,10.555,10.555,10.555,100,2021-06-10 14:56:00,IMVT
10.56,10.56,10.53,10.53,1500,2021-06-10 14:57:00,IMVT
10.53,10.53,10.5164,10.5164,851,2021-06-10 14:58:00,IMVT
10.54,10.54,10.54,10.54,10000,2021-06-10 14:59:00,IMVT
10.535,10.535,10.52,10.52,902,2021-06-10 15:00:00,IMVT
10.54,10.55,10.535,10.535,5951,2021-06-10 15:01:00,IMVT
10.55,10.63,10.55,10.63,1400,2021-06-10 15:02:00,IMVT
10.6238,10.6238,10.56,10.57,900,2021-06-10 15:03:00,IMVT
10.55,10.55,10.55,10.55,275,2021-06-10 15:04:00,IMVT
10.55,10.55,10.55,10.55,100,2021-06-10 15:05:00,IMVT
10.59,10.59,10.58,10.59,400,2021-06-10 15:06:00,IMVT
10.6,10.63,10.58,10.58,1200,2021-06-10 15:07:00,IMVT
10.58,10.6,10.58,10.59,4800,2021-06-10 15:09:00,IMVT
10.6,10.65,10.6,10.65,5650,2021-06-10 15:10:00,IMVT
10.65,10.65,10.63,10.63,4700,2021-06-10 15:11:00,IMVT
10.64,10.67,10.64,10.67,2090,2021-06-10 15:12:00,IMVT
10.655,10.67,10.64,10.67,804,2021-06-10 15:13:00,IMVT
10.65,10.67,10.65,10.65,400,2021-06-10 15:14:00,IMVT
10.65,10.65,10.64,10.64,900,2021-06-10 15:15:00,IMVT
10.62,10.62,10.62,10.62,201,2021-06-10 15:16:00,IMVT
10.66,10.66,10.645,10.66,300,2021-06-10 15:17:00,IMVT
10.659,10.68,10.659,10.6598,5642,2021-06-10 15:18:00,IMVT
10.6598,10.6598,10.6598,10.6598,500,2021-06-10 15:19:00,IMVT
10.63,10.65,10.63,10.65,829,2021-06-10 15:20:00,IMVT
10.66,10.66,10.66,10.66,100,2021-06-10 15:21:00,IMVT
10.66,10.67,10.66,10.67,400,2021-06-10 15:22:00,IMVT
10.69,10.69,10.69,10.69,100,2021-06-10 15:23:00,IMVT
10.69,10.69,10.69,10.69,200,2021-06-10 15:24:00,IMVT
10.7,10.7,10.7,10.7,100,2021-06-10 15:25:00,IMVT
10.68,10.68,10.66,10.66,1303,2021-06-10 15:26:00,IMVT
10.66,10.66,10.66,10.66,200,2021-06-10 15:27:00,IMVT
10.665,10.7,10.65,10.7,1100,2021-06-10 15:29:00,IMVT
10.7,10.7,10.68,10.68,700,2021-06-10 15:30:00,IMVT
10.68,10.69,10.68,10.69,2389,2021-06-10 15:31:00,IMVT
10.7,10.7,10.7,10.7,100,2021-06-10 15:32:00,IMVT
10.6801,10.6801,10.6801,10.6801,293,2021-06-10 15:33:00,IMVT
10.6827,10.7,10.6827,10.7,1750,2021-06-10 15:34:00,IMVT
10.71,10.71,10.71,10.71,500,2021-06-10 15:35:00,IMVT
10.7,10.7,10.7,10.7,600,2021-06-10 15:36:00,IMVT
10.705,10.71,10.7,10.705,6900,2021-06-10 15:37:00,IMVT
10.705,10.705,10.705,10.705,100,2021-06-10 15:38:00,IMVT
10.7033,10.705,10.7,10.7,1468,2021-06-10 15:39:00,IMVT
10.7,10.7,10.7,10.7,100,2021-06-10 15:40:00,IMVT
10.69,10.7,10.6784,10.7,5062,2021-06-10 15:41:00,IMVT
10.715,10.715,10.7023,10.7023,854,2021-06-10 15:42:00,IMVT
10.7,10.705,10.7,10.705,1600,2021-06-10 15:43:00,IMVT
10.705,10.71,10.69,10.69,2050,2021-06-10 15:44:00,IMVT
10.7,10.705,10.7,10.705,700,2021-06-10 15:45:00,IMVT
10.7,10.7,10.6995,10.7,2100,2021-06-10 15:46:00,IMVT
10.705,10.705,10.7,10.705,1500,2021-06-10 15:47:00,IMVT
10.71,10.71,10.71,10.71,100,2021-06-10 15:49:00,IMVT
10.69,10.69,10.68,10.68,600,2021-06-10 15:50:00,IMVT
10.68,10.68,10.68,10.68,1000,2021-06-10 15:51:00,IMVT
10.68,10.68,10.68,10.68,600,2021-06-10 15:52:00,IMVT
10.68,10.7,10.68,10.69,4204,2021-06-10 15:53:00,IMVT
10.71,10.71,10.71,10.71,100,2021-06-10 15:54:00,IMVT
10.7,10.71,10.7,10.71,3186,2021-06-10 15:58:00,IMVT
10.72,10.72,10.72,10.72,200,2021-06-10 15:59:00,IMVT
10.69,10.7,10.69,10.7,500,2021-06-10 16:00:00,IMVT
10.7,10.72,10.7,10.72,1031,2021-06-10 16:02:00,IMVT
10.701,10.71,10.701,10.71,404,2021-06-10 16:03:00,IMVT
10.7,10.7,10.7,10.7,200,2021-06-10 16:04:00,IMVT
10.705,10.705,10.705,10.705,100,2021-06-10 16:05:00,IMVT
10.69,10.7,10.69,10.69,1302,2021-06-10 16:06:00,IMVT
10.7,10.7,10.6865,10.6865,241,2021-06-10 16:07:00,IMVT
10.7,10.7,10.68,10.68,2724,2021-06-10 16:08:00,IMVT
10.68,10.6851,10.68,10.68,889,2021-06-10 16:09:00,IMVT
10.685,10.685,10.68,10.68,300,2021-06-10 16:10:00,IMVT
10.69,10.71,10.69,10.71,1505,2021-06-10 16:11:00,IMVT
10.6947,10.6947,10.6947,10.6947,100,2021-06-10 16:12:00,IMVT
10.71,10.71,10.66,10.67,15183,2021-06-10 16:13:00,IMVT
10.65,10.665,10.58,10.63,14608,2021-06-10 16:14:00,IMVT
10.65,10.66,10.65,10.66,300,2021-06-10 16:15:00,IMVT
10.67,10.67,10.67,10.67,200,2021-06-10 16:19:00,IMVT
10.66,10.66,10.66,10.66,900,2021-06-10 16:20:00,IMVT
10.65,10.665,10.65,10.665,200,2021-06-10 16:23:00,IMVT
10.665,10.665,10.665,10.665,200,2021-06-10 16:24:00,IMVT
10.68,10.68,10.68,10.68,485,2021-06-10 16:26:00,IMVT
10.665,10.68,10.665,10.68,200,2021-06-10 16:28:00,IMVT
10.665,10.665,10.665,10.665,100,2021-06-10 16:29:00,IMVT
10.665,10.68,10.665,10.68,800,2021-06-10 16:31:00,IMVT
10.68,10.68,10.68,10.68,1767,2021-06-10 16:33:00,IMVT
10.69,10.69,10.66,10.67,1100,2021-06-10 16:34:00,IMVT
10.65,10.65,10.65,10.65,500,2021-06-10 16:35:00,IMVT
10.67,10.67,10.65,10.65,200,2021-06-10 16:38:00,IMVT
10.64,10.67,10.64,10.67,300,2021-06-10 16:39:00,IMVT
10.65,10.66,10.64,10.66,3007,2021-06-10 16:40:00,IMVT
10.67,10.675,10.67,10.675,801,2021-06-10 16:42:00,IMVT
10.66,10.69,10.66,10.69,200,2021-06-10 16:43:00,IMVT
10.66,10.66,10.66,10.66,290,2021-06-10 16:44:00,IMVT
10.67,10.67,10.62,10.63,5338,2021-06-10 16:45:00,IMVT
10.65,10.667,10.64,10.667,2600,2021-06-10 16:46:00,IMVT
10.67,10.67,10.67,10.67,200,2021-06-10 16:47:00,IMVT
10.68,10.68,10.68,10.68,100,2021-06-10 16:48:00,IMVT
10.68,10.68,10.68,10.68,300,2021-06-10 16:50:00,IMVT
10.69,10.69,10.68,10.68,200,2021-06-10 16:51:00,IMVT
10.68,10.68,10.67,10.67,1553,2021-06-10 16:55:00,IMVT
10.67,10.67,10.67,10.67,2000,2021-06-10 16:56:00,IMVT
10.68,10.68,10.68,10.68,100,2021-06-10 16:57:00,IMVT
10.66,10.66,10.66,10.66,700,2021-06-10 16:58:00,IMVT
10.67,10.67,10.665,10.665,230,2021-06-10 16:59:00,IMVT
10.65,10.67,10.65,10.655,2641,2021-06-10 17:01:00,IMVT
10.66,10.66,10.66,10.66,100,2021-06-10 17:02:00,IMVT
10.66,10.66,10.66,10.66,100,2021-06-10 17:03:00,IMVT
10.67,10.67,10.67,10.67,1000,2021-06-10 17:05:00,IMVT
10.661,10.661,10.6401,10.6401,1900,2021-06-10 17:06:00,IMVT
10.66,10.66,10.65,10.65,669,2021-06-10 17:07:00,IMVT
10.6599,10.66,10.6529,10.655,1600,2021-06-10 17:08:00,IMVT
10.655,10.655,10.655,10.655,100,2021-06-10 17:09:00,IMVT
10.6599,10.66,10.64,10.65,2171,2021-06-10 17:10:00,IMVT
10.645,10.645,10.645,10.645,200,2021-06-10 17:11:00,IMVT
10.645,10.65,10.6405,10.6405,700,2021-06-10 17:12:00,IMVT
10.645,10.645,10.645,10.645,111,2021-06-10 17:13:00,IMVT
10.65,10.65,10.645,10.645,200,2021-06-10 17:14:00,IMVT
10.6405,10.6405,10.62,10.62,2781,2021-06-10 17:15:00,IMVT
10.63,10.63,10.63,10.63,655,2021-06-10 17:16:00,IMVT
10.6301,10.6305,10.63,10.6305,1388,2021-06-10 17:17:00,IMVT
10.63,10.63,10.63,10.63,175,2021-06-10 17:18:00,IMVT
10.64,10.64,10.62,10.62,200,2021-06-10 17:19:00,IMVT
10.62,10.63,10.6,10.62,5800,2021-06-10 17:20:00,IMVT
10.6,10.61,10.6,10.61,200,2021-06-10 17:22:00,IMVT
10.62,10.62,10.62,10.62,1583,2021-06-10 17:24:00,IMVT
10.64,10.64,10.62,10.62,400,2021-06-10 17:25:00,IMVT
10.61,10.61,10.61,10.61,496,2021-06-10 17:26:00,IMVT
10.61,10.61,10.595,10.595,1192,2021-06-10 17:27:00,IMVT
10.59,10.59,10.58,10.58,200,2021-06-10 17:28:00,IMVT
10.5828,10.5828,10.58,10.58,314,2021-06-10 17:29:00,IMVT
10.5872,10.5872,10.5872,10.5872,700,2021-06-10 17:31:00,IMVT
10.58,10.58,10.58,10.58,200,2021-06-10 17:32:00,IMVT
10.59,10.61,10.59,10.6,1868,2021-06-10 17:33:00,IMVT
10.61,10.61,10.59,10.59,900,2021-06-10 17:34:00,IMVT
10.58,10.58,10.56,10.57,600,2021-06-10 17:35:00,IMVT
10.565,10.565,10.565,10.565,100,2021-06-10 17:37:00,IMVT
10.565,10.58,10.565,10.58,300,2021-06-10 17:39:00,IMVT
10.58,10.58,10.58,10.58,900,2021-06-10 17:40:00,IMVT
10.57,10.57,10.57,10.57,910,2021-06-10 17:41:00,IMVT
10.58,10.58,10.57,10.58,900,2021-06-10 17:42:00,IMVT
10.56,10.56,10.56,10.56,300,2021-06-10 17:43:00,IMVT
10.5575,10.58,10.5575,10.58,1204,2021-06-10 17:44:00,IMVT
10.58,10.59,10.58,10.59,400,2021-06-10 17:45:00,IMVT
10.6,10.6,10.59,10.6,300,2021-06-10 17:46:00,IMVT
10.58,10.58,10.58,10.58,834,2021-06-10 17:48:00,IMVT
10.58,10.59,10.58,10.58,500,2021-06-10 17:49:00,IMVT
10.58,10.58,10.58,10.58,925,2021-06-10 17:50:00,IMVT
10.59,10.59,10.58,10.59,1200,2021-06-10 17:51:00,IMVT
10.58,10.58,10.58,10.58,200,2021-06-10 17:52:00,IMVT
10.59,10.59,10.59,10.59,1083,2021-06-10 17:53:00,IMVT
10.59,10.6,10.59,10.6,200,2021-06-10 17:54:00,IMVT
10.6,10.6,10.59,10.59,200,2021-06-10 17:55:00,IMVT
10.59,10.59,10.59,10.59,100,2021-06-10 17:57:00,IMVT
10.59,10.59,10.57,10.57,2100,2021-06-10 17:59:00,IMVT
10.58,10.58,10.58,10.58,5500,2021-06-10 18:00:00,IMVT
10.58,10.59,10.58,10.59,549,2021-06-10 18:01:00,IMVT
10.6,10.6,10.6,10.6,942,2021-06-10 18:02:00,IMVT
10.6,10.61,10.6,10.61,806,2021-06-10 18:03:00,IMVT
10.62,10.63,10.62,10.63,1761,2021-06-10 18:04:00,IMVT
10.64,10.64,10.64,10.64,200,2021-06-10 18:05:00,IMVT
10.64,10.64,10.63,10.63,500,2021-06-10 18:06:00,IMVT
10.635,10.65,10.63,10.63,1140,2021-06-10 18:08:00,IMVT
10.63,10.64,10.63,10.63,959,2021-06-10 18:09:00,IMVT
10.62,10.62,10.61,10.61,659,2021-06-10 18:10:00,IMVT
10.6,10.62,10.59,10.62,1146,2021-06-10 18:11:00,IMVT
10.61,10.64,10.61,10.64,680,2021-06-10 18:13:00,IMVT
10.63,10.63,10.63,10.63,100,2021-06-10 18:15:00,IMVT
10.64,10.64,10.63,10.635,1467,2021-06-10 18:16:00,IMVT
10.62,10.62,10.62,10.62,128,2021-06-10 18:17:00,IMVT
10.63,10.63,10.62,10.625,700,2021-06-10 18:18:00,IMVT
10.63,10.63,10.63,10.63,100,2021-06-10 18:19:00,IMVT
10.62,10.65,10.62,10.65,300,2021-06-10 18:20:00,IMVT
10.63,10.63,10.61,10.61,1741,2021-06-10 18:21:00,IMVT
10.6,10.63,10.59,10.615,1300,2021-06-10 18:22:00,IMVT
10.61,10.63,10.6,10.63,950,2021-06-10 18:23:00,IMVT
10.6,10.62,10.6,10.62,1100,2021-06-10 18:26:00,IMVT
10.62,10.625,10.62,10.625,202,2021-06-10 18:27:00,IMVT
10.63,10.63,10.62,10.63,400,2021-06-10 18:28:00,IMVT
10.62,10.62,10.61,10.61,918,2021-06-10 18:30:00,IMVT
10.62,10.64,10.62,10.64,300,2021-06-10 18:31:00,IMVT
10.64,10.65,10.64,10.64,1035,2021-06-10 18:32:00,IMVT
10.65,10.65,10.64,10.65,400,2021-06-10 18:34:00,IMVT
10.64,10.64,10.64,10.64,138,2021-06-10 18:35:00,IMVT
10.64,10.64,10.6346,10.6346,532,2021-06-10 18:36:00,IMVT
10.65,10.65,10.65,10.65,700,2021-06-10 18:37:00,IMVT
10.66,10.7,10.66,10.7,7767,2021-06-10 18:38:00,IMVT
10.685,10.69,10.67,10.67,1110,2021-06-10 18:40:00,IMVT
10.66,10.66,10.66,10.66,100,2021-06-10 18:42:00,IMVT
10.6746,10.6746,10.6746,10.6746,100,2021-06-10 18:43:00,IMVT
10.67,10.68,10.66,10.68,7403,2021-06-10 18:44:00,IMVT
10.69,10.69,10.69,10.69,200,2021-06-10 18:45:00,IMVT
10.67,10.679,10.67,10.679,5700,2021-06-10 18:46:00,IMVT
10.68,10.69,10.6763,10.69,2700,2021-06-10 18:47:00,IMVT
10.685,10.7,10.6788,10.69,10673,2021-06-10 18:48:00,IMVT
10.71,10.71,10.68,10.68,2275,2021-06-10 18:49:00,IMVT
10.685,10.685,10.685,10.685,300,2021-06-10 18:50:00,IMVT
10.685,10.685,10.685,10.685,200,2021-06-10 18:51:00,IMVT
10.69,10.7,10.69,10.7,1729,2021-06-10 18:52:00,IMVT
10.69,10.69,10.67,10.67,2056,2021-06-10 18:53:00,IMVT
10.67,10.68,10.67,10.68,200,2021-06-10 18:54:00,IMVT
10.66,10.66,10.65,10.65,600,2021-06-10 18:55:00,IMVT
10.655,10.68,10.655,10.68,1800,2021-06-10 18:56:00,IMVT
10.69,10.69,10.69,10.69,100,2021-06-10 18:57:00,IMVT
10.69,10.69,10.67,10.67,741,2021-06-10 18:59:00,IMVT
10.68,10.69,10.66,10.68,2965,2021-06-10 19:00:00,IMVT
10.67,10.68,10.66,10.68,900,2021-06-10 19:01:00,IMVT
10.6672,10.6672,10.6672,10.6672,185,2021-06-10 19:02:00,IMVT
10.6658,10.6658,10.635,10.635,2659,2021-06-10 19:04:00,IMVT
10.64,10.64,10.63,10.63,300,2021-06-10 19:05:00,IMVT
10.63,10.64,10.62,10.64,1400,2021-06-10 19:06:00,IMVT
10.65,10.65,10.65,10.65,300,2021-06-10 19:07:00,IMVT
10.66,10.66,10.65,10.66,800,2021-06-10 19:08:00,IMVT
10.6501,10.66,10.6501,10.66,500,2021-06-10 19:09:00,IMVT
10.65,10.67,10.65,10.67,300,2021-06-10 19:10:00,IMVT
10.66,10.67,10.64,10.64,3324,2021-06-10 19:13:00,IMVT
10.65,10.65,10.64,10.64,1000,2021-06-10 19:14:00,IMVT
10.65,10.65,10.6257,10.6257,1890,2021-06-10 19:15:00,IMVT
10.64,10.64,10.62,10.62,1587,2021-06-10 19:16:00,IMVT
10.62,10.64,10.62,10.64,2589,2021-06-10 19:17:00,IMVT
10.64,10.64,10.64,10.64,483,2021-06-10 19:18:00,IMVT
10.63,10.65,10.63,10.65,253,2021-06-10 19:19:00,IMVT
10.63,10.63,10.63,10.63,200,2021-06-10 19:20:00,IMVT
10.64,10.64,10.64,10.64,500,2021-06-10 19:21:00,IMVT
10.65,10.65,10.64,10.645,2380,2021-06-10 19:22:00,IMVT
10.645,10.645,10.645,10.645,304,2021-06-10 19:23:00,IMVT
10.65,10.65,10.64,10.645,11922,2021-06-10 19:24:00,IMVT
10.65,10.65,10.645,10.645,1206,2021-06-10 19:25:00,IMVT
10.65,10.65,10.635,10.64,2559,2021-06-10 19:26:00,IMVT
10.64,10.64,10.64,10.64,200,2021-06-10 19:27:00,IMVT
10.63,10.635,10.63,10.63,1388,2021-06-10 19:28:00,IMVT
10.62,10.64,10.61,10.63,3170,2021-06-10 19:29:00,IMVT
10.63,10.635,10.63,10.635,400,2021-06-10 19:30:00,IMVT
10.63,10.64,10.63,10.64,300,2021-06-10 19:31:00,IMVT
10.63,10.63,10.61,10.61,2500,2021-06-10 19:32:00,IMVT
10.62,10.63,10.62,10.6263,400,2021-06-10 19:33:00,IMVT
10.63,10.63,10.61,10.61,2400,2021-06-10 19:34:00,IMVT
10.63,10.63,10.62,10.62,3200,2021-06-10 19:35:00,IMVT
10.615,10.62,10.61,10.61,1205,2021-06-10 19:36:00,IMVT
10.611,10.64,10.611,10.64,8572,2021-06-10 19:37:00,IMVT
10.635,10.66,10.635,10.66,7829,2021-06-10 19:38:00,IMVT
10.67,10.67,10.66,10.6601,1150,2021-06-10 19:39:00,IMVT
10.66,10.66,10.645,10.65,13055,2021-06-10 19:40:00,IMVT
10.645,10.65,10.645,10.645,5200,2021-06-10 19:41:00,IMVT
10.64,10.65,10.64,10.65,800,2021-06-10 19:42:00,IMVT
10.645,10.65,10.64,10.645,2300,2021-06-10 19:43:00,IMVT
10.6473,10.6473,10.64,10.645,800,2021-06-10 19:44:00,IMVT
10.64,10.645,10.64,10.645,776,2021-06-10 19:45:00,IMVT
10.645,10.65,10.64,10.64,500,2021-06-10 19:46:00,IMVT
10.65,10.65,10.645,10.645,1300,2021-06-10 19:47:00,IMVT
10.64,10.645,10.63,10.635,3324,2021-06-10 19:48:00,IMVT
10.64,10.64,10.635,10.635,900,2021-06-10 19:49:00,IMVT
10.64,10.67,10.635,10.67,20599,2021-06-10 19:50:00,IMVT
10.67,10.69,10.67,10.68,3019,2021-06-10 19:51:00,IMVT
10.68,10.69,10.67,10.69,3985,2021-06-10 19:52:00,IMVT
10.68,10.7,10.68,10.695,3105,2021-06-10 19:53:00,IMVT
10.6962,10.7,10.69,10.695,2798,2021-06-10 19:54:00,IMVT
10.7,10.72,10.7,10.71,6972,2021-06-10 19:55:00,IMVT
10.705,10.74,10.7,10.74,41831,2021-06-10 19:56:00,IMVT
10.74,10.77,10.73,10.77,21433,2021-06-10 19:57:00,IMVT
10.77,10.77,10.73,10.77,24001,2021-06-10 19:58:00,IMVT
10.755,10.76,10.72,10.72,39315,2021-06-10 19:59:00,IMVT
10.73,10.73,10.73,10.73,77301,2021-06-10 20:00:00,IMVT
10.73,10.73,10.73,10.73,1260,2021-06-10 20:01:00,IMVT
10.73,10.73,10.73,10.73,25397,2021-06-10 20:02:00,IMVT
10.73,10.73,10.73,10.73,116,2021-06-11 08:38:00,IMVT
10.81,10.81,10.81,10.81,200,2021-06-11 12:35:00,IMVT
10.8,10.8,10.8,10.8,200,2021-06-11 12:58:00,IMVT
10.73,10.73,10.73,10.73,100,2021-06-11 13:00:00,IMVT
10.78,10.78,10.68,10.68,9691,2021-06-11 13:30:00,IMVT
10.7133,10.79,10.7102,10.7102,1539,2021-06-11 13:33:00,IMVT
10.78,10.79,10.69,10.735,965,2021-06-11 13:34:00,IMVT
10.78,10.78,10.78,10.78,400,2021-06-11 13:35:00,IMVT
10.77,10.77,10.68,10.68,350,2021-06-11 13:36:00,IMVT
10.77,10.77,10.77,10.77,200,2021-06-11 13:37:00,IMVT
10.7248,10.7248,10.7248,10.7248,300,2021-06-11 13:39:00,IMVT
10.67,10.67,10.67,10.67,100,2021-06-11 13:40:00,IMVT
10.72,10.72,10.72,10.72,100,2021-06-11 13:42:00,IMVT
10.68,10.74,10.68,10.69,1319,2021-06-11 13:43:00,IMVT
10.71,10.71,10.67,10.7,1800,2021-06-11 13:44:00,IMVT
10.7,10.72,10.67,10.7,6759,2021-06-11 13:45:00,IMVT
10.73,10.73,10.68,10.7,1265,2021-06-11 13:46:00,IMVT
10.66,10.66,10.65,10.65,200,2021-06-11 13:47:00,IMVT
10.675,10.675,10.675,10.675,19400,2021-06-11 13:48:00,IMVT
10.66,10.71,10.66,10.71,8026,2021-06-11 13:49:00,IMVT
10.7,10.72,10.695,10.72,1878,2021-06-11 13:50:00,IMVT
10.73,10.76,10.73,10.73,2269,2021-06-11 13:51:00,IMVT
10.72,10.72,10.69,10.71,2179,2021-06-11 13:52:00,IMVT
10.72,10.74,10.72,10.74,800,2021-06-11 13:53:00,IMVT
10.74,10.74,10.74,10.74,100,2021-06-11 13:54:00,IMVT
10.71,10.71,10.71,10.71,200,2021-06-11 13:55:00,IMVT
10.68,10.7,10.65,10.65,800,2021-06-11 13:56:00,IMVT
10.7,10.71,10.7,10.71,421,2021-06-11 13:57:00,IMVT
10.71,10.71,10.695,10.695,286,2021-06-11 13:58:00,IMVT
10.72,10.74,10.72,10.74,330,2021-06-11 14:00:00,IMVT
10.74,10.76,10.74,10.76,396,2021-06-11 14:01:00,IMVT
10.75,10.75,10.75,10.75,268,2021-06-11 14:02:00,IMVT
10.75,10.75,10.75,10.75,200,2021-06-11 14:04:00,IMVT
10.73,10.75,10.71,10.71,700,2021-06-11 14:05:00,IMVT
10.75,10.8,10.75,10.79,1573,2021-06-11 14:06:00,IMVT
10.8,10.805,10.8,10.805,492,2021-06-11 14:07:00,IMVT
10.805,10.805,10.7989,10.7989,200,2021-06-11 14:08:00,IMVT
10.82,10.83,10.81,10.81,3319,2021-06-11 14:10:00,IMVT
10.81,10.81,10.81,10.81,150,2021-06-11 14:12:00,IMVT
10.79,10.8,10.79,10.8,2981,2021-06-11 14:15:00,IMVT
10.79,10.83,10.77,10.83,1652,2021-06-11 14:18:00,IMVT
10.83,10.849,10.83,10.84,6014,2021-06-11 14:19:00,IMVT
10.8382,10.8382,10.82,10.82,3272,2021-06-11 14:20:00,IMVT
10.83,10.83,10.83,10.83,100,2021-06-11 14:21:00,IMVT
10.83,10.835,10.83,10.83,700,2021-06-11 14:22:00,IMVT
10.85,10.88,10.83,10.86,8565,2021-06-11 14:23:00,IMVT
10.86,10.86,10.845,10.845,600,2021-06-11 14:24:00,IMVT
10.8599,10.8599,10.8599,10.8599,200,2021-06-11 14:25:00,IMVT
10.85,10.85,10.85,10.85,200,2021-06-11 14:26:00,IMVT
10.88,10.88,10.86,10.86,496,2021-06-11 14:27:00,IMVT
10.85,10.87,10.85,10.87,200,2021-06-11 14:28:00,IMVT
10.85,10.86,10.84,10.84,1101,2021-06-11 14:29:00,IMVT
10.8599,10.8599,10.85,10.85,200,2021-06-11 14:30:00,IMVT
10.845,10.845,10.845,10.845,300,2021-06-11 14:31:00,IMVT
10.8557,10.8557,10.8514,10.8514,1100,2021-06-11 14:32:00,IMVT
10.8596,10.86,10.84,10.8562,3387,2021-06-11 14:33:00,IMVT
10.86,10.86,10.86,10.86,1300,2021-06-11 14:34:00,IMVT
10.865,10.87,10.842,10.87,1500,2021-06-11 14:35:00,IMVT
10.85,10.8686,10.85,10.8686,1334,2021-06-11 14:36:00,IMVT
10.87,10.88,10.85,10.85,3250,2021-06-11 14:37:00,IMVT
10.85,10.86,10.84,10.84,636,2021-06-11 14:38:00,IMVT
10.86,10.86,10.82,10.82,2186,2021-06-11 14:39:00,IMVT
10.82,10.85,10.82,10.85,700,2021-06-11 14:40:00,IMVT
10.833,10.833,10.82,10.82,569,2021-06-11 14:41:00,IMVT
10.83,10.83,10.83,10.83,203,2021-06-11 14:42:00,IMVT
10.815,10.83,10.815,10.83,500,2021-06-11 14:44:00,IMVT
10.8,10.8,10.78,10.78,998,2021-06-11 14:45:00,IMVT
10.79,10.79,10.79,10.79,100,2021-06-11 14:46:00,IMVT
10.78,10.79,10.77,10.79,1491,2021-06-11 14:47:00,IMVT
10.77,10.79,10.76,10.79,500,2021-06-11 14:49:00,IMVT
10.75,10.79,10.75,10.79,850,2021-06-11 14:51:00,IMVT
10.785,10.785,10.785,10.785,300,2021-06-11 14:52:00,IMVT
10.785,10.8,10.785,10.79,900,2021-06-11 14:53:00,IMVT
10.785,10.785,10.78,10.78,1200,2021-06-11 14:54:00,IMVT
10.76,10.76,10.76,10.76,100,2021-06-11 14:55:00,IMVT
10.747,10.747,10.747,10.747,141,2021-06-11 14:56:00,IMVT
10.741,10.76,10.725,10.74,10500,2021-06-11 14:57:00,IMVT
10.77,10.77,10.74,10.75,800,2021-06-11 14:58:00,IMVT
10.745,10.745,10.745,10.745,100,2021-06-11 14:59:00,IMVT
10.7377,10.76,10.7377,10.745,394,2021-06-11 15:00:00,IMVT
10.7484,10.75,10.73,10.735,2075,2021-06-11 15:01:00,IMVT
10.72,10.72,10.71,10.71,818,2021-06-11 15:03:00,IMVT
10.7,10.7,10.68,10.68,403,2021-06-11 15:04:00,IMVT
10.69,10.71,10.68,10.68,2396,2021-06-11 15:05:00,IMVT
10.695,10.7,10.69,10.7,3000,2021-06-11 15:06:00,IMVT
10.7,10.7,10.69,10.69,1299,2021-06-11 15:07:00,IMVT
10.7,10.7,10.7,10.7,150,2021-06-11 15:08:00,IMVT
10.7,10.7,10.7,10.7,100,2021-06-11 15:09:00,IMVT
10.6922,10.6922,10.68,10.68,900,2021-06-11 15:10:00,IMVT
10.68,10.7,10.68,10.7,500,2021-06-11 15:11:00,IMVT
10.67,10.67,10.63,10.63,3496,2021-06-11 15:13:00,IMVT
10.64,10.64,10.64,10.64,170,2021-06-11 15:14:00,IMVT
10.635,10.65,10.635,10.6354,600,2021-06-11 15:15:00,IMVT
10.62,10.62,10.582,10.5892,7190,2021-06-11 15:16:00,IMVT
10.6,10.6,10.6,10.6,300,2021-06-11 15:18:00,IMVT
10.6,10.6,10.59,10.6,1300,2021-06-11 15:19:00,IMVT
10.59,10.61,10.59,10.61,500,2021-06-11 15:20:00,IMVT
10.61,10.63,10.61,10.63,1179,2021-06-11 15:21:00,IMVT
10.6284,10.6284,10.62,10.62,590,2021-06-11 15:22:00,IMVT
10.627,10.627,10.625,10.625,376,2021-06-11 15:23:00,IMVT
10.62,10.62,10.6,10.6,800,2021-06-11 15:24:00,IMVT
10.6,10.6,10.58,10.59,3000,2021-06-11 15:25:00,IMVT
10.61,10.62,10.61,10.62,294,2021-06-11 15:26:00,IMVT
10.6036,10.6154,10.6036,10.6154,550,2021-06-11 15:27:00,IMVT
10.6122,10.6155,10.6122,10.6155,321,2021-06-11 15:28:00,IMVT
10.61,10.61,10.61,10.61,200,2021-06-11 15:29:00,IMVT
10.6,10.61,10.58,10.58,800,2021-06-11 15:30:00,IMVT
10.59,10.59,10.585,10.585,1200,2021-06-11 15:31:00,IMVT
10.58,10.58,10.52,10.52,3903,2021-06-11 15:32:00,IMVT
10.535,10.55,10.535,10.55,400,2021-06-11 15:33:00,IMVT
10.52,10.52,10.52,10.52,300,2021-06-11 15:35:00,IMVT
10.52,10.53,10.51,10.515,1053,2021-06-11 15:36:00,IMVT
10.5,10.5,10.48,10.5,4950,2021-06-11 15:37:00,IMVT
10.49,10.49,10.49,10.49,3809,2021-06-11 15:38:00,IMVT
10.5,10.51,10.48,10.51,9850,2021-06-11 15:39:00,IMVT
10.51,10.51,10.51,10.51,200,2021-06-11 15:40:00,IMVT
10.5027,10.5027,10.46,10.46,1300,2021-06-11 15:41:00,IMVT
10.475,10.475,10.475,10.475,100,2021-06-11 15:42:00,IMVT
10.46,10.46,10.46,10.46,710,2021-06-11 15:44:00,IMVT
10.468,10.51,10.468,10.51,986,2021-06-11 15:45:00,IMVT
10.51,10.51,10.5,10.5,400,2021-06-11 15:46:00,IMVT
10.495,10.51,10.495,10.506,1100,2021-06-11 15:47:00,IMVT
10.505,10.51,10.5,10.5,1150,2021-06-11 15:48:00,IMVT
10.495,10.495,10.495,10.495,500,2021-06-11 15:49:00,IMVT
10.49,10.495,10.49,10.495,200,2021-06-11 15:50:00,IMVT
10.49,10.49,10.49,10.49,200,2021-06-11 15:52:00,IMVT
10.49,10.49,10.475,10.48,1103,2021-06-11 15:53:00,IMVT
10.48,10.48,10.46,10.46,585,2021-06-11 15:54:00,IMVT
10.46,10.46,10.46,10.46,100,2021-06-11 15:55:00,IMVT
10.48,10.49,10.48,10.49,2641,2021-06-11 15:58:00,IMVT
10.46,10.4803,10.46,10.4702,880,2021-06-11 15:59:00,IMVT
10.475,10.495,10.4606,10.495,709,2021-06-11 16:00:00,IMVT
10.51,10.51,10.51,10.51,100,2021-06-11 16:02:00,IMVT
10.5,10.51,10.5,10.51,736,2021-06-11 16:03:00,IMVT
10.515,10.515,10.515,10.515,122,2021-06-11 16:04:00,IMVT
10.52,10.52,10.52,10.52,100,2021-06-11 16:05:00,IMVT
10.51,10.51,10.51,10.51,100,2021-06-11 16:06:00,IMVT
10.51,10.54,10.51,10.525,5194,2021-06-11 16:08:00,IMVT
10.5227,10.53,10.5111,10.5111,13700,2021-06-11 16:09:00,IMVT
10.53,10.53,10.52,10.5201,3700,2021-06-11 16:11:00,IMVT
10.518,10.52,10.5,10.5,4273,2021-06-11 16:12:00,IMVT
10.49,10.49,10.49,10.49,200,2021-06-11 16:13:00,IMVT
10.48,10.48,10.42,10.42,4047,2021-06-11 16:14:00,IMVT
10.435,10.435,10.435,10.435,600,2021-06-11 16:15:00,IMVT
10.44,10.44,10.42,10.43,4300,2021-06-11 16:16:00,IMVT
10.4399,10.4399,10.4399,10.4399,200,2021-06-11 16:17:00,IMVT
10.416,10.43,10.416,10.4233,1100,2021-06-11 16:18:00,IMVT
10.4232,10.45,10.4232,10.45,2169,2021-06-11 16:19:00,IMVT
10.45,10.45,10.45,10.45,200,2021-06-11 16:20:00,IMVT
10.48,10.48,10.48,10.48,1080,2021-06-11 16:21:00,IMVT
10.46,10.46,10.46,10.46,5559,2021-06-11 16:23:00,IMVT
10.46,10.48,10.46,10.48,1436,2021-06-11 16:24:00,IMVT
10.45,10.45,10.45,10.45,200,2021-06-11 16:25:00,IMVT
10.45,10.45,10.45,10.45,200,2021-06-11 16:26:00,IMVT
10.45,10.45,10.449,10.45,900,2021-06-11 16:28:00,IMVT
10.45,10.45,10.45,10.45,300,2021-06-11 16:29:00,IMVT
10.47,10.47,10.47,10.47,700,2021-06-11 16:30:00,IMVT
10.45,10.45,10.45,10.45,100,2021-06-11 16:33:00,IMVT
10.45,10.45,10.44,10.44,2463,2021-06-11 16:34:00,IMVT
10.445,10.445,10.445,10.445,100,2021-06-11 16:35:00,IMVT
10.4516,10.4516,10.4516,10.4516,100,2021-06-11 16:36:00,IMVT
10.46,10.465,10.46,10.46,1160,2021-06-11 16:37:00,IMVT
10.47,10.47,10.47,10.47,300,2021-06-11 16:38:00,IMVT
10.475,10.475,10.475,10.475,100,2021-06-11 16:39:00,IMVT
10.475,10.475,10.475,10.475,200,2021-06-11 16:41:00,IMVT
10.475,10.49,10.475,10.48,15900,2021-06-11 16:42:00,IMVT
10.4679,10.49,10.4679,10.49,1456,2021-06-11 16:44:00,IMVT
10.505,10.505,10.505,10.505,100,2021-06-11 16:45:00,IMVT
10.53,10.53,10.53,10.53,100,2021-06-11 16:47:00,IMVT
10.5,10.5,10.4918,10.4918,1076,2021-06-11 16:48:00,IMVT
10.49,10.49,10.49,10.49,100,2021-06-11 16:50:00,IMVT
10.5,10.51,10.5,10.505,2538,2021-06-11 16:51:00,IMVT
10.505,10.52,10.505,10.505,4492,2021-06-11 16:52:00,IMVT
10.5001,10.5001,10.5001,10.5001,100,2021-06-11 16:53:00,IMVT
10.505,10.505,10.505,10.505,600,2021-06-11 16:54:00,IMVT
10.508,10.508,10.508,10.508,100,2021-06-11 16:55:00,IMVT
10.51,10.51,10.5,10.5,800,2021-06-11 16:56:00,IMVT
10.51,10.51,10.5,10.5059,1516,2021-06-11 16:57:00,IMVT
10.51,10.51,10.51,10.51,100,2021-06-11 16:58:00,IMVT
10.5,10.5,10.5,10.5,400,2021-06-11 16:59:00,IMVT
10.5,10.5,10.5,10.5,800,2021-06-11 17:00:00,IMVT
10.495,10.5,10.49,10.5,1608,2021-06-11 17:01:00,IMVT
10.49,10.5,10.49,10.49,1100,2021-06-11 17:02:00,IMVT
10.48,10.48,10.48,10.48,100,2021-06-11 17:03:00,IMVT
10.49,10.49,10.49,10.49,100,2021-06-11 17:04:00,IMVT
10.49,10.52,10.49,10.52,1283,2021-06-11 17:05:00,IMVT
10.51,10.51,10.51,10.51,500,2021-06-11 17:07:00,IMVT
10.5136,10.5136,10.51,10.51,716,2021-06-11 17:10:00,IMVT
10.515,10.515,10.515,10.515,600,2021-06-11 17:11:00,IMVT
10.52,10.52,10.52,10.52,100,2021-06-11 17:12:00,IMVT
10.52,10.53,10.52,10.525,1100,2021-06-11 17:13:00,IMVT
10.525,10.525,10.525,10.525,100,2021-06-11 17:14:00,IMVT
10.525,10.525,10.52,10.52,300,2021-06-11 17:15:00,IMVT
10.5227,10.5227,10.52,10.52,692,2021-06-11 17:16:00,IMVT
10.52,10.52,10.51,10.51,400,2021-06-11 17:17:00,IMVT
10.52,10.52,10.52,10.52,746,2021-06-11 17:18:00,IMVT
10.52,10.53,10.52,10.52,400,2021-06-11 17:19:00,IMVT
10.52,10.5263,10.515,10.515,1436,2021-06-11 17:20:00,IMVT
10.51,10.515,10.49,10.49,2821,2021-06-11 17:21:00,IMVT
10.5,10.5,10.48,10.48,1022,2021-06-11 17:23:00,IMVT
10.49,10.505,10.49,10.505,1950,2021-06-11 17:24:00,IMVT
10.49,10.49,10.49,10.49,400,2021-06-11 17:26:00,IMVT
10.5,10.505,10.5,10.505,1190,2021-06-11 17:27:00,IMVT
10.49,10.49,10.49,10.49,1776,2021-06-11 17:28:00,IMVT
10.505,10.505,10.505,10.505,100,2021-06-11 17:30:00,IMVT
10.5,10.5,10.5,10.5,400,2021-06-11 17:31:00,IMVT
10.505,10.51,10.505,10.505,1934,2021-06-11 17:32:00,IMVT
10.51,10.51,10.51,10.51,100,2021-06-11 17:33:00,IMVT
10.5,10.505,10.49,10.505,2502,2021-06-11 17:34:00,IMVT
10.5,10.5,10.5,10.5,200,2021-06-11 17:35:00,IMVT
10.5,10.5,10.5,10.5,200,2021-06-11 17:36:00,IMVT
10.49,10.49,10.49,10.49,400,2021-06-11 17:37:00,IMVT
10.5,10.5,10.5,10.5,200,2021-06-11 17:38:00,IMVT
10.49,10.5,10.49,10.5,800,2021-06-11 17:41:00,IMVT
10.49,10.51,10.49,10.505,1838,2021-06-11 17:43:00,IMVT
10.505,10.505,10.5,10.5,2010,2021-06-11 17:45:00,IMVT
10.505,10.505,10.505,10.505,800,2021-06-11 17:47:00,IMVT
10.51,10.51,10.51,10.51,100,2021-06-11 17:48:00,IMVT
10.52,10.52,10.51,10.52,1525,2021-06-11 17:54:00,IMVT
10.54,10.5447,10.54,10.5447,1235,2021-06-11 17:56:00,IMVT
10.55,10.55,10.55,10.55,100,2021-06-11 17:57:00,IMVT
10.54,10.54,10.54,10.54,100,2021-06-11 17:59:00,IMVT
10.54,10.57,10.54,10.57,775,2021-06-11 18:01:00,IMVT
10.57,10.57,10.57,10.57,100,2021-06-11 18:02:00,IMVT
10.59,10.6,10.59,10.6,2357,2021-06-11 18:04:00,IMVT
10.62,10.62,10.62,10.62,100,2021-06-11 18:07:00,IMVT
10.62,10.62,10.62,10.62,200,2021-06-11 18:09:00,IMVT
10.63,10.63,10.63,10.63,600,2021-06-11 18:10:00,IMVT
10.63,10.63,10.63,10.63,400,2021-06-11 18:11:00,IMVT
10.63,10.63,10.63,10.63,100,2021-06-11 18:12:00,IMVT
10.61,10.61,10.61,10.61,100,2021-06-11 18:13:00,IMVT
10.615,10.615,10.6,10.6,1881,2021-06-11 18:14:00,IMVT
10.61,10.63,10.61,10.63,901,2021-06-11 18:16:00,IMVT
10.625,10.625,10.625,10.625,500,2021-06-11 18:18:00,IMVT
10.65,10.65,10.65,10.65,200,2021-06-11 18:19:00,IMVT
10.64,10.64,10.64,10.64,1900,2021-06-11 18:20:00,IMVT
10.65,10.66,10.65,10.66,1000,2021-06-11 18:21:00,IMVT
10.65,10.65,10.63,10.63,1100,2021-06-11 18:22:00,IMVT
10.6422,10.6422,10.6422,10.6422,4500,2021-06-11 18:23:00,IMVT
10.64,10.64,10.63,10.64,300,2021-06-11 18:25:00,IMVT
10.63,10.63,10.63,10.63,200,2021-06-11 18:26:00,IMVT
10.64,10.64,10.64,10.64,1200,2021-06-11 18:27:00,IMVT
10.63,10.63,10.63,10.63,100,2021-06-11 18:28:00,IMVT
10.63,10.63,10.63,10.63,600,2021-06-11 18:29:00,IMVT
10.63,10.63,10.63,10.63,100,2021-06-11 18:31:00,IMVT
10.62,10.62,10.61,10.61,600,2021-06-11 18:33:00,IMVT
10.63,10.63,10.63,10.63,200,2021-06-11 18:34:00,IMVT
10.63,10.63,10.63,10.63,100,2021-06-11 18:37:00,IMVT
10.64,10.65,10.64,10.65,1382,2021-06-11 18:38:00,IMVT
10.65,10.65,10.65,10.65,800,2021-06-11 18:39:00,IMVT
10.65,10.65,10.65,10.65,600,2021-06-11 18:41:00,IMVT
10.66,10.66,10.66,10.66,400,2021-06-11 18:42:00,IMVT
10.66,10.66,10.66,10.66,400,2021-06-11 18:43:00,IMVT
10.66,10.66,10.66,10.66,400,2021-06-11 18:44:00,IMVT
10.66,10.6651,10.66,10.6651,200,2021-06-11 18:45:00,IMVT
10.65,10.65,10.65,10.65,100,2021-06-11 18:49:00,IMVT
10.67,10.67,10.67,10.67,710,2021-06-11 18:50:00,IMVT
10.68,10.68,10.68,10.68,300,2021-06-11 18:51:00,IMVT
10.69,10.69,10.69,10.69,100,2021-06-11 18:53:00,IMVT
10.67,10.68,10.67,10.68,1400,2021-06-11 18:54:00,IMVT
10.68,10.68,10.67,10.67,2693,2021-06-11 18:55:00,IMVT
10.67,10.68,10.67,10.68,700,2021-06-11 18:58:00,IMVT
10.69,10.7,10.69,10.6933,2656,2021-06-11 19:01:00,IMVT
10.7,10.7,10.7,10.7,3590,2021-06-11 19:02:00,IMVT
10.695,10.7,10.695,10.7,500,2021-06-11 19:03:00,IMVT
10.69,10.69,10.69,10.69,1100,2021-06-11 19:05:00,IMVT
10.675,10.68,10.675,10.68,936,2021-06-11 19:09:00,IMVT
10.68,10.685,10.68,10.685,400,2021-06-11 19:10:00,IMVT
10.69,10.69,10.69,10.69,300,2021-06-11 19:11:00,IMVT
10.69,10.7,10.69,10.7,700,2021-06-11 19:12:00,IMVT
10.69,10.69,10.69,10.69,1218,2021-06-11 19:13:00,IMVT
10.69,10.69,10.69,10.69,100,2021-06-11 19:14:00,IMVT
10.69,10.69,10.69,10.69,200,2021-06-11 19:15:00,IMVT
10.69,10.69,10.69,10.69,200,2021-06-11 19:16:00,IMVT
10.695,10.7,10.695,10.7,500,2021-06-11 19:17:00,IMVT
10.695,10.71,10.69,10.71,982,2021-06-11 19:18:00,IMVT
10.705,10.705,10.705,10.705,250,2021-06-11 19:19:00,IMVT
10.71,10.72,10.71,10.72,200,2021-06-11 19:20:00,IMVT
10.71,10.71,10.7,10.7,1900,2021-06-11 19:21:00,IMVT
10.705,10.705,10.705,10.705,399,2021-06-11 19:22:00,IMVT
10.7,10.7,10.7,10.7,200,2021-06-11 19:23:00,IMVT
10.71,10.71,10.705,10.705,500,2021-06-11 19:24:00,IMVT
10.71,10.71,10.71,10.71,800,2021-06-11 19:25:00,IMVT
10.7,10.7,10.69,10.69,1300,2021-06-11 19:26:00,IMVT
10.695,10.695,10.695,10.695,100,2021-06-11 19:27:00,IMVT
10.69,10.7,10.69,10.7,600,2021-06-11 19:28:00,IMVT
10.69,10.6946,10.69,10.6946,200,2021-06-11 19:29:00,IMVT
10.7,10.7,10.69,10.7,2698,2021-06-11 19:30:00,IMVT
10.71,10.71,10.698,10.698,700,2021-06-11 19:31:00,IMVT
10.71,10.72,10.71,10.72,725,2021-06-11 19:32:00,IMVT
10.71,10.73,10.71,10.73,900,2021-06-11 19:34:00,IMVT
10.71,10.71,10.7,10.705,2912,2021-06-11 19:35:00,IMVT
10.71,10.71,10.71,10.71,100,2021-06-11 19:36:00,IMVT
10.705,10.705,10.705,10.705,100,2021-06-11 19:37:00,IMVT
10.71,10.72,10.7,10.72,748,2021-06-11 19:38:00,IMVT
10.71,10.71,10.71,10.71,100,2021-06-11 19:39:00,IMVT
10.71,10.71,10.71,10.71,2057,2021-06-11 19:40:00,IMVT
10.7012,10.71,10.7,10.71,1162,2021-06-11 19:41:00,IMVT
10.71,10.71,10.71,10.71,500,2021-06-11 19:42:00,IMVT
10.7,10.71,10.7,10.7038,300,2021-06-11 19:43:00,IMVT
10.7033,10.72,10.7033,10.71,1015,2021-06-11 19:44:00,IMVT
10.72,10.72,10.7,10.7,1459,2021-06-11 19:45:00,IMVT
10.69,10.69,10.69,10.69,400,2021-06-11 19:46:00,IMVT
10.682,10.7,10.682,10.692,412,2021-06-11 19:47:00,IMVT
10.698,10.698,10.695,10.695,500,2021-06-11 19:48:00,IMVT
10.69,10.7,10.68,10.7,5912,2021-06-11 19:49:00,IMVT
10.71,10.71,10.7,10.7,653,2021-06-11 19:50:00,IMVT
10.695,10.7,10.6905,10.6905,1145,2021-06-11 19:51:00,IMVT
10.695,10.7,10.69,10.695,6400,2021-06-11 19:52:00,IMVT
10.69,10.695,10.69,10.69,1213,2021-06-11 19:53:00,IMVT
10.695,10.7,10.69,10.7,5290,2021-06-11 19:54:00,IMVT
10.7001,10.71,10.7,10.7,1241,2021-06-11 19:55:00,IMVT
10.705,10.71,10.705,10.71,1336,2021-06-11 19:56:00,IMVT
10.71,10.72,10.71,10.72,2906,2021-06-11 19:57:00,IMVT
10.71,10.74,10.71,10.735,5240,2021-06-11 19:58:00,IMVT
10.735,10.739,10.7,10.72,15708,2021-06-11 19:59:00,IMVT
10.71,10.71,10.71,10.71,52736,2021-06-11 20:00:00,IMVT
10.51,10.52,10.51,10.52,200,2021-06-11 20:11:00,IMVT
10.7,10.7,10.7,10.7,339,2021-06-11 20:44:00,IMVT
10.65,10.65,10.65,10.65,300,2021-06-11 20:49:00,IMVT
10.65,10.65,10.65,10.65,153,2021-06-11 20:59:00,IMVT
10.7441,10.75,10.7441,10.75,358,2021-06-11 21:28:00,IMVT
10.7,10.7,10.7,10.7,280,2021-06-11 21:55:00,IMVT
10.51,10.51,10.51,10.51,200,2021-06-14 08:44:00,IMVT
10.75,10.75,10.75,10.75,200,2021-06-14 09:14:00,IMVT
10.8,10.8,10.8,10.8,175,2021-06-14 12:14:00,IMVT
10.8,10.8,10.8,10.8,300,2021-06-14 12:27:00,IMVT
10.8,10.8,10.8,10.8,105,2021-06-14 13:03:00,IMVT
10.8,10.8,10.8,10.8,200,2021-06-14 13:06:00,IMVT
10.8,10.8,10.8,10.8,200,2021-06-14 13:18:00,IMVT
10.8,10.8,10.8,10.8,200,2021-06-14 13:29:00,IMVT
10.81,10.81,10.7739,10.8,11229,2021-06-14 13:30:00,IMVT
10.8065,10.84,10.8065,10.82,390,2021-06-14 13:31:00,IMVT
10.82,10.82,10.8075,10.8075,562,2021-06-14 13:32:00,IMVT
10.85,10.99,10.85,10.95,26520,2021-06-14 13:33:00,IMVT
10.99,10.99,10.94,10.94,2584,2021-06-14 13:34:00,IMVT
10.9474,10.9474,10.9474,10.9474,100,2021-06-14 13:35:00,IMVT
10.94,10.99,10.94,10.99,380,2021-06-14 13:36:00,IMVT
10.97,10.9811,10.95,10.95,3116,2021-06-14 13:37:00,IMVT
10.9427,10.96,10.9427,10.96,400,2021-06-14 13:38:00,IMVT
10.97,11.04,10.9628,11.0123,11406,2021-06-14 13:39:00,IMVT
11.0524,11.0524,10.99,10.99,4366,2021-06-14 13:40:00,IMVT
11.0,11.0,10.95,10.95,2727,2021-06-14 13:41:00,IMVT
10.96,10.96,10.95,10.96,1000,2021-06-14 13:42:00,IMVT
10.9425,10.9425,10.94,10.94,1500,2021-06-14 13:43:00,IMVT
10.94,10.95,10.88,10.9496,5256,2021-06-14 13:44:00,IMVT
10.965,10.965,10.965,10.965,100,2021-06-14 13:45:00,IMVT
10.94,10.94,10.94,10.94,100,2021-06-14 13:47:00,IMVT
10.91,10.93,10.91,10.91,1593,2021-06-14 13:48:00,IMVT
10.9189,10.92,10.9189,10.92,300,2021-06-14 13:49:00,IMVT
10.91,10.91,10.891,10.891,1076,2021-06-14 13:51:00,IMVT
10.88,10.88,10.88,10.88,300,2021-06-14 13:52:00,IMVT
10.8687,10.87,10.85,10.87,1351,2021-06-14 13:53:00,IMVT
10.86,10.88,10.86,10.88,1000,2021-06-14 13:54:00,IMVT
10.8701,10.8701,10.87,10.87,1500,2021-06-14 13:55:00,IMVT
10.841,10.8501,10.84,10.8501,4899,2021-06-14 13:56:00,IMVT
10.85,10.89,10.85,10.8753,2711,2021-06-14 13:58:00,IMVT
10.8672,10.94,10.8672,10.94,865,2021-06-14 13:59:00,IMVT
10.9516,10.9516,10.91,10.9477,2382,2021-06-14 14:01:00,IMVT
10.9,10.92,10.9,10.9,2003,2021-06-14 14:02:00,IMVT
10.89,10.907,10.89,10.89,1666,2021-06-14 14:03:00,IMVT
10.89,10.91,10.88,10.91,3034,2021-06-14 14:04:00,IMVT
10.9224,10.9224,10.91,10.91,400,2021-06-14 14:06:00,IMVT
10.9,10.94,10.9,10.93,3771,2021-06-14 14:07:00,IMVT
10.95,10.95,10.93,10.95,699,2021-06-14 14:08:00,IMVT
10.95,10.95,10.94,10.94,1299,2021-06-14 14:09:00,IMVT
10.96,10.96,10.9568,10.9568,412,2021-06-14 14:10:00,IMVT
10.96,10.99,10.96,10.99,4317,2021-06-14 14:11:00,IMVT
10.99,10.99,10.98,10.98,2555,2021-06-14 14:12:00,IMVT
10.98,10.98,10.96,10.97,4680,2021-06-14 14:14:00,IMVT
10.97,10.99,10.97,10.99,2218,2021-06-14 14:15:00,IMVT
10.97,10.971,10.96,10.96,2058,2021-06-14 14:16:00,IMVT
10.96,10.96,10.96,10.96,1953,2021-06-14 14:17:00,IMVT
10.98,10.98,10.98,10.98,102,2021-06-14 14:18:00,IMVT
10.96,10.96,10.93,10.93,1918,2021-06-14 14:19:00,IMVT
10.93,10.95,10.93,10.94,1502,2021-06-14 14:20:00,IMVT
10.9448,10.95,10.94,10.94,5195,2021-06-14 14:21:00,IMVT
10.93,10.93,10.9101,10.9188,1156,2021-06-14 14:22:00,IMVT
10.925,10.925,10.925,10.925,1400,2021-06-14 14:23:00,IMVT
10.92,10.92,10.91,10.91,200,2021-06-14 14:24:00,IMVT
10.93,10.95,10.93,10.945,3005,2021-06-14 14:25:00,IMVT
10.9499,10.9499,10.9499,10.9499,300,2021-06-14 14:26:00,IMVT
10.93,10.95,10.93,10.95,873,2021-06-14 14:27:00,IMVT
10.94,10.96,10.94,10.96,600,2021-06-14 14:28:00,IMVT
10.95,10.95,10.94,10.94,700,2021-06-14 14:29:00,IMVT
10.92,10.92,10.88,10.91,7746,2021-06-14 14:31:00,IMVT
10.9,10.9,10.9,10.9,100,2021-06-14 14:32:00,IMVT
10.9,10.9,10.9,10.9,500,2021-06-14 14:33:00,IMVT
10.87,10.87,10.85,10.8562,3040,2021-06-14 14:35:00,IMVT
10.865,10.865,10.8581,10.8581,600,2021-06-14 14:36:00,IMVT
10.865,10.865,10.865,10.865,882,2021-06-14 14:37:00,IMVT
10.85,10.85,10.83,10.83,5623,2021-06-14 14:39:00,IMVT
10.85,10.8704,10.849,10.8704,3794,2021-06-14 14:41:00,IMVT
10.85,10.85,10.84,10.84,800,2021-06-14 14:42:00,IMVT
10.8161,10.82,10.8161,10.82,450,2021-06-14 14:43:00,IMVT
10.84,10.84,10.829,10.83,600,2021-06-14 14:45:00,IMVT
10.85,10.85,10.85,10.85,400,2021-06-14 14:47:00,IMVT
10.85,10.86,10.84,10.86,5375,2021-06-14 14:48:00,IMVT
10.8503,10.88,10.8503,10.88,285,2021-06-14 14:50:00,IMVT
10.85,10.85,10.85,10.85,1000,2021-06-14 14:51:00,IMVT
10.855,10.855,10.855,10.855,510,2021-06-14 14:52:00,IMVT
10.855,10.855,10.855,10.855,100,2021-06-14 14:53:00,IMVT
10.85,10.85,10.85,10.85,100,2021-06-14 14:54:00,IMVT
10.86,10.86,10.8582,10.8582,1500,2021-06-14 14:55:00,IMVT
10.86,10.86,10.83,10.84,2350,2021-06-14 14:56:00,IMVT
10.82,10.83,10.82,10.82,1398,2021-06-14 14:57:00,IMVT
10.83,10.83,10.81,10.81,3470,2021-06-14 14:58:00,IMVT
10.8,10.805,10.7903,10.7903,2300,2021-06-14 14:59:00,IMVT
10.79,10.79,10.77,10.79,1899,2021-06-14 15:00:00,IMVT
10.7847,10.7847,10.7847,10.7847,400,2021-06-14 15:01:00,IMVT
10.7967,10.7967,10.7967,10.7967,600,2021-06-14 15:02:00,IMVT
10.8,10.83,10.8,10.83,1400,2021-06-14 15:03:00,IMVT
10.8001,10.8001,10.8001,10.8001,195,2021-06-14 15:04:00,IMVT
10.8,10.8015,10.8,10.8015,400,2021-06-14 15:07:00,IMVT
10.8,10.8,10.79,10.8,1199,2021-06-14 15:08:00,IMVT
10.78,10.78,10.77,10.77,400,2021-06-14 15:09:00,IMVT
10.78,10.79,10.78,10.79,400,2021-06-14 15:10:00,IMVT
10.78,10.78,10.78,10.78,100,2021-06-14 15:11:00,IMVT
10.78,10.79,10.78,10.79,209,2021-06-14 15:12:00,IMVT
10.8,10.815,10.8,10.815,1090,2021-06-14 15:14:00,IMVT
10.8,10.83,10.8,10.8,1634,2021-06-14 15:16:00,IMVT
10.8114,10.8114,10.8114,10.8114,100,2021-06-14 15:17:00,IMVT
10.8,10.8,10.8,10.8,200,2021-06-14 15:18:00,IMVT
10.7951,10.7951,10.7951,10.7951,501,2021-06-14 15:20:00,IMVT
10.79,10.79,10.77,10.77,1235,2021-06-14 15:21:00,IMVT
10.77,10.7899,10.77,10.7899,1100,2021-06-14 15:22:00,IMVT
10.775,10.775,10.76,10.761,1608,2021-06-14 15:23:00,IMVT
10.7657,10.7657,10.7657,10.7657,492,2021-06-14 15:25:00,IMVT
10.76,10.76,10.76,10.76,100,2021-06-14 15:26:00,IMVT
10.7853,10.7853,10.7685,10.7685,1050,2021-06-14 15:27:00,IMVT
10.79,10.805,10.79,10.805,1900,2021-06-14 15:28:00,IMVT
10.7939,10.7939,10.7939,10.7939,100,2021-06-14 15:29:00,IMVT
10.7951,10.83,10.7951,10.83,1495,2021-06-14 15:30:00,IMVT
10.83,10.83,10.83,10.83,400,2021-06-14 15:31:00,IMVT
10.82,10.82,10.82,10.82,300,2021-06-14 15:33:00,IMVT
10.81,10.81,10.8,10.8,400,2021-06-14 15:35:00,IMVT
10.807,10.8097,10.78,10.79,13009,2021-06-14 15:37:00,IMVT
10.79,10.79,10.79,10.79,594,2021-06-14 15:38:00,IMVT
10.8,10.8,10.79,10.8,700,2021-06-14 15:39:00,IMVT
10.775,10.775,10.77,10.77,1192,2021-06-14 15:41:00,IMVT
10.77,10.77,10.77,10.77,830,2021-06-14 15:42:00,IMVT
10.79,10.795,10.785,10.795,600,2021-06-14 15:43:00,IMVT
10.78,10.79,10.78,10.79,300,2021-06-14 15:44:00,IMVT
10.788,10.79,10.77,10.77,2000,2021-06-14 15:45:00,IMVT
10.79,10.79,10.79,10.79,200,2021-06-14 15:46:00,IMVT
10.77,10.79,10.77,10.79,2502,2021-06-14 15:47:00,IMVT
10.7967,10.7967,10.7967,10.7967,200,2021-06-14 15:48:00,IMVT
10.79,10.79,10.79,10.79,483,2021-06-14 15:49:00,IMVT
10.785,10.79,10.785,10.79,1197,2021-06-14 15:50:00,IMVT
10.78,10.78,10.78,10.78,100,2021-06-14 15:52:00,IMVT
10.78,10.78,10.78,10.78,100,2021-06-14 15:54:00,IMVT
10.78,10.78,10.78,10.78,200,2021-06-14 15:55:00,IMVT
10.79,10.82,10.78,10.82,3459,2021-06-14 15:56:00,IMVT
10.8138,10.8138,10.8138,10.8138,500,2021-06-14 15:58:00,IMVT
10.81,10.82,10.81,10.82,820,2021-06-14 16:02:00,IMVT
10.8299,10.845,10.8299,10.84,2520,2021-06-14 16:05:00,IMVT
10.84,10.84,10.83,10.83,670,2021-06-14 16:06:00,IMVT
10.83,10.83,10.83,10.83,800,2021-06-14 16:08:00,IMVT
10.84,10.84,10.84,10.84,200,2021-06-14 16:09:00,IMVT
10.82,10.82,10.82,10.82,100,2021-06-14 16:11:00,IMVT
10.81,10.81,10.79,10.79,743,2021-06-14 16:12:00,IMVT
10.8,10.8,10.8,10.8,100,2021-06-14 16:13:00,IMVT
10.8,10.8,10.8,10.8,100,2021-06-14 16:14:00,IMVT
10.7958,10.7958,10.7958,10.7958,100,2021-06-14 16:16:00,IMVT
10.8,10.8,10.8,10.8,600,2021-06-14 16:17:00,IMVT
10.81,10.81,10.8,10.81,1550,2021-06-14 16:18:00,IMVT
10.8053,10.8053,10.8053,10.8053,100,2021-06-14 16:20:00,IMVT
10.8,10.8,10.8,10.8,463,2021-06-14 16:21:00,IMVT
10.81,10.845,10.81,10.82,5680,2021-06-14 16:22:00,IMVT
10.815,10.815,10.815,10.815,100,2021-06-14 16:26:00,IMVT
10.8,10.815,10.8,10.815,200,2021-06-14 16:27:00,IMVT
10.815,10.815,10.815,10.815,100,2021-06-14 16:28:00,IMVT
10.8,10.8,10.8,10.8,200,2021-06-14 16:29:00,IMVT
10.8,10.8,10.8,10.8,600,2021-06-14 16:30:00,IMVT
10.79,10.79,10.78,10.78,1510,2021-06-14 16:31:00,IMVT
10.8,10.8,10.8,10.8,400,2021-06-14 16:32:00,IMVT
10.8025,10.8025,10.77,10.77,3671,2021-06-14 16:34:00,IMVT
10.76,10.77,10.75,10.77,5348,2021-06-14 16:35:00,IMVT
10.75,10.755,10.75,10.755,6098,2021-06-14 16:36:00,IMVT
10.755,10.755,10.7303,10.75,2237,2021-06-14 16:37:00,IMVT
10.7599,10.76,10.7599,10.76,600,2021-06-14 16:38:00,IMVT
10.76,10.76,10.76,10.76,200,2021-06-14 16:39:00,IMVT
10.775,10.7878,10.76,10.76,3100,2021-06-14 16:40:00,IMVT
10.77,10.77,10.77,10.77,387,2021-06-14 16:43:00,IMVT
10.77,10.77,10.76,10.76,756,2021-06-14 16:46:00,IMVT
10.765,10.765,10.7501,10.7501,300,2021-06-14 16:47:00,IMVT
10.76,10.76,10.76,10.76,800,2021-06-14 16:50:00,IMVT
10.77,10.78,10.77,10.78,690,2021-06-14 16:51:00,IMVT
10.79,10.79,10.79,10.79,100,2021-06-14 16:52:00,IMVT
10.78,10.78,10.78,10.78,1100,2021-06-14 16:55:00,IMVT
10.79,10.8,10.79,10.8,400,2021-06-14 16:56:00,IMVT
10.79,10.79,10.79,10.79,500,2021-06-14 16:59:00,IMVT
10.7957,10.8,10.7957,10.8,2000,2021-06-14 17:01:00,IMVT
10.8,10.8,10.79,10.79,2689,2021-06-14 17:03:00,IMVT
10.8,10.8,10.8,10.8,1194,2021-06-14 17:06:00,IMVT
10.8,10.81,10.8,10.8025,1700,2021-06-14 17:07:00,IMVT
10.8,10.8025,10.8,10.8,974,2021-06-14 17:08:00,IMVT
10.8,10.8,10.8,10.8,583,2021-06-14 17:09:00,IMVT
10.7901,10.7901,10.77,10.77,1519,2021-06-14 17:14:00,IMVT
10.77,10.77,10.77,10.77,200,2021-06-14 17:15:00,IMVT
10.76,10.76,10.755,10.755,200,2021-06-14 17:17:00,IMVT
10.75,10.75,10.75,10.75,200,2021-06-14 17:19:00,IMVT
10.73,10.75,10.73,10.75,1300,2021-06-14 17:20:00,IMVT
10.75,10.75,10.75,10.75,500,2021-06-14 17:23:00,IMVT
10.75,10.76,10.75,10.76,300,2021-06-14 17:25:00,IMVT
10.75,10.76,10.75,10.76,400,2021-06-14 17:28:00,IMVT
10.77,10.77,10.77,10.77,400,2021-06-14 17:29:00,IMVT
10.78,10.79,10.78,10.79,1100,2021-06-14 17:31:00,IMVT
10.79,10.79,10.79,10.79,900,2021-06-14 17:32:00,IMVT
10.79,10.79,10.79,10.79,100,2021-06-14 17:35:00,IMVT
10.785,10.785,10.785,10.785,100,2021-06-14 17:36:00,IMVT
10.79,10.8,10.785,10.795,47029,2021-06-14 17:37:00,IMVT
10.795,10.8,10.795,10.8,1774,2021-06-14 17:38:00,IMVT
10.81,10.81,10.8,10.8,300,2021-06-14 17:39:00,IMVT
10.81,10.81,10.81,10.81,726,2021-06-14 17:40:00,IMVT
10.81,10.81,10.79,10.79,2794,2021-06-14 17:41:00,IMVT
10.8,10.8,10.795,10.8,2253,2021-06-14 17:42:00,IMVT
10.8,10.8,10.79,10.79,400,2021-06-14 17:43:00,IMVT
10.79,10.79,10.79,10.79,900,2021-06-14 17:44:00,IMVT
10.78,10.78,10.76,10.76,400,2021-06-14 17:45:00,IMVT
10.77,10.78,10.77,10.78,2808,2021-06-14 17:46:00,IMVT
10.78,10.79,10.78,10.79,200,2021-06-14 17:47:00,IMVT
10.8,10.8,10.8,10.8,2753,2021-06-14 17:48:00,IMVT
10.796,10.796,10.796,10.796,500,2021-06-14 17:49:00,IMVT
10.79,10.79,10.79,10.79,400,2021-06-14 17:50:00,IMVT
10.785,10.8,10.785,10.8,600,2021-06-14 17:51:00,IMVT
10.79,10.79,10.78,10.78,600,2021-06-14 17:52:00,IMVT
10.78,10.78,10.78,10.78,200,2021-06-14 17:53:00,IMVT
10.8,10.8,10.79,10.79,218,2021-06-14 17:58:00,IMVT
10.8,10.8,10.8,10.8,900,2021-06-14 17:59:00,IMVT
10.8,10.8,10.8,10.8,900,2021-06-14 18:00:00,IMVT
10.8,10.8,10.8,10.8,1100,2021-06-14 18:01:00,IMVT
10.8,10.8,10.8,10.8,600,2021-06-14 18:02:00,IMVT
10.8,10.81,10.8,10.8,2237,2021-06-14 18:04:00,IMVT
10.8,10.81,10.79,10.79,2800,2021-06-14 18:05:00,IMVT
10.8,10.81,10.795,10.795,3565,2021-06-14 18:07:00,IMVT
10.79,10.795,10.79,10.795,900,2021-06-14 18:10:00,IMVT
10.8,10.8,10.79,10.79,700,2021-06-14 18:11:00,IMVT
10.8,10.8,10.8,10.8,1962,2021-06-14 18:12:00,IMVT
10.8,10.81,10.8,10.805,2400,2021-06-14 18:13:00,IMVT
10.8,10.81,10.8,10.81,300,2021-06-14 18:16:00,IMVT
10.81,10.81,10.8032,10.8032,277,2021-06-14 18:17:00,IMVT
10.805,10.805,10.805,10.805,100,2021-06-14 18:18:00,IMVT
10.8,10.8,10.8,10.8,875,2021-06-14 18:19:00,IMVT
10.79,10.79,10.79,10.79,100,2021-06-14 18:20:00,IMVT
10.8,10.81,10.8,10.8025,2202,2021-06-14 18:21:00,IMVT
10.8,10.81,10.8,10.8,1253,2021-06-14 18:22:00,IMVT
10.8,10.8,10.8,10.8,617,2021-06-14 18:23:00,IMVT
10.8,10.8,10.78,10.78,896,2021-06-14 18:24:00,IMVT
10.78,10.78,10.78,10.78,500,2021-06-14 18:25:00,IMVT
10.79,10.79,10.785,10.79,1000,2021-06-14 18:26:00,IMVT
10.79,10.8,10.79,10.8,600,2021-06-14 18:27:00,IMVT
10.81,10.81,10.81,10.81,100,2021-06-14 18:28:00,IMVT
10.795,10.82,10.795,10.81,3320,2021-06-14 18:30:00,IMVT
10.8,10.8,10.79,10.79,807,2021-06-14 18:31:00,IMVT
10.79,10.79,10.785,10.79,600,2021-06-14 18:32:00,IMVT
10.8,10.8,10.7995,10.8,700,2021-06-14 18:34:00,IMVT
10.8,10.8,10.8,10.8,400,2021-06-14 18:35:00,IMVT
10.79,10.8,10.79,10.7907,2700,2021-06-14 18:36:00,IMVT
10.8,10.81,10.8,10.8,1100,2021-06-14 18:38:00,IMVT
10.81,10.81,10.8,10.8,1351,2021-06-14 18:41:00,IMVT
10.8,10.8,10.8,10.8,100,2021-06-14 18:42:00,IMVT
10.81,10.81,10.79,10.8025,8449,2021-06-14 18:43:00,IMVT
10.81,10.81,10.8,10.8,1604,2021-06-14 18:44:00,IMVT
10.8,10.8,10.8,10.8,2137,2021-06-14 18:45:00,IMVT
10.805,10.805,10.8025,10.8025,518,2021-06-14 18:46:00,IMVT
10.8,10.8,10.8,10.8,100,2021-06-14 18:48:00,IMVT
10.81,10.81,10.8,10.8,1900,2021-06-14 18:49:00,IMVT
10.7975,10.8,10.795,10.8,436,2021-06-14 18:50:00,IMVT
10.8,10.8,10.79,10.79,300,2021-06-14 18:51:00,IMVT
10.79,10.79,10.77,10.77,2300,2021-06-14 18:52:00,IMVT
10.77,10.79,10.75,10.79,2712,2021-06-14 18:53:00,IMVT
10.78,10.78,10.75,10.775,12292,2021-06-14 18:54:00,IMVT
10.775,10.775,10.77,10.77,400,2021-06-14 18:55:00,IMVT
10.78,10.79,10.78,10.79,900,2021-06-14 18:57:00,IMVT
10.78,10.78,10.78,10.78,100,2021-06-14 19:00:00,IMVT
10.79,10.79,10.77,10.78,3300,2021-06-14 19:01:00,IMVT
10.77,10.77,10.77,10.77,100,2021-06-14 19:02:00,IMVT
10.79,10.79,10.79,10.79,100,2021-06-14 19:03:00,IMVT
10.77,10.77,10.735,10.735,2358,2021-06-14 19:05:00,IMVT
10.73,10.74,10.73,10.74,200,2021-06-14 19:06:00,IMVT
10.73,10.73,10.73,10.73,100,2021-06-14 19:07:00,IMVT
10.73,10.76,10.73,10.76,2006,2021-06-14 19:08:00,IMVT
10.77,10.77,10.76,10.76,400,2021-06-14 19:09:00,IMVT
10.7643,10.7643,10.7643,10.7643,1500,2021-06-14 19:10:00,IMVT
10.77,10.77,10.77,10.77,800,2021-06-14 19:12:00,IMVT
10.765,10.765,10.765,10.765,313,2021-06-14 19:13:00,IMVT
10.765,10.765,10.765,10.765,464,2021-06-14 19:14:00,IMVT
10.76,10.76,10.76,10.76,300,2021-06-14 19:15:00,IMVT
10.76,10.77,10.76,10.76,1200,2021-06-14 19:16:00,IMVT
10.76,10.76,10.73,10.73,1949,2021-06-14 19:18:00,IMVT
10.72,10.72,10.69,10.72,12601,2021-06-14 19:19:00,IMVT
10.71,10.71,10.7,10.7,200,2021-06-14 19:20:00,IMVT
10.71,10.71,10.71,10.71,1400,2021-06-14 19:21:00,IMVT
10.71,10.71,10.71,10.71,100,2021-06-14 19:22:00,IMVT
10.71,10.71,10.71,10.71,200,2021-06-14 19:23:00,IMVT
10.71,10.72,10.71,10.72,894,2021-06-14 19:24:00,IMVT
10.72,10.74,10.72,10.74,1700,2021-06-14 19:25:00,IMVT
10.74,10.75,10.74,10.75,660,2021-06-14 19:26:00,IMVT
10.74,10.75,10.73,10.75,1500,2021-06-14 19:27:00,IMVT
10.75,10.77,10.75,10.77,1000,2021-06-14 19:28:00,IMVT
10.77,10.77,10.75,10.75,900,2021-06-14 19:29:00,IMVT
10.755,10.775,10.755,10.77,700,2021-06-14 19:30:00,IMVT
10.77,10.7722,10.75,10.76,3579,2021-06-14 19:32:00,IMVT
10.75,10.75,10.75,10.75,100,2021-06-14 19:33:00,IMVT
10.755,10.755,10.72,10.72,9653,2021-06-14 19:34:00,IMVT
10.71,10.72,10.7,10.71,3621,2021-06-14 19:35:00,IMVT
10.715,10.715,10.7,10.71,1405,2021-06-14 19:36:00,IMVT
10.7,10.705,10.69,10.69,2350,2021-06-14 19:37:00,IMVT
10.69,10.695,10.68,10.695,2090,2021-06-14 19:38:00,IMVT
10.69,10.69,10.685,10.685,900,2021-06-14 19:39:00,IMVT
10.69,10.69,10.67,10.675,3576,2021-06-14 19:40:00,IMVT
10.675,10.675,10.675,10.675,200,2021-06-14 19:41:00,IMVT
10.68,10.69,10.675,10.675,4494,2021-06-14 19:42:00,IMVT
10.67,10.7,10.665,10.7,4280,2021-06-14 19:43:00,IMVT
10.7,10.7,10.68,10.69,1400,2021-06-14 19:44:00,IMVT
10.68,10.69,10.68,10.69,803,2021-06-14 19:45:00,IMVT
10.68,10.68,10.67,10.67,600,2021-06-14 19:47:00,IMVT
10.68,10.71,10.68,10.71,626,2021-06-14 19:48:00,IMVT
10.69,10.7,10.69,10.69,2400,2021-06-14 19:49:00,IMVT
10.68,10.69,10.65,10.67,4120,2021-06-14 19:50:00,IMVT
10.66,10.66,10.64,10.65,3378,2021-06-14 19:51:00,IMVT
10.66,10.67,10.65,10.6594,2459,2021-06-14 19:52:00,IMVT
10.655,10.67,10.655,10.67,1811,2021-06-14 19:53:00,IMVT
10.67,10.7,10.66,10.69,4494,2021-06-14 19:54:00,IMVT
10.685,10.7,10.685,10.69,3504,2021-06-14 19:55:00,IMVT
10.69,10.71,10.685,10.705,5647,2021-06-14 19:56:00,IMVT
10.7,10.71,10.7,10.71,3412,2021-06-14 19:57:00,IMVT
10.71,10.71,10.705,10.705,6502,2021-06-14 19:58:00,IMVT
10.71,10.74,10.7,10.73,13425,2021-06-14 19:59:00,IMVT
10.74,10.74,10.74,10.74,137952,2021-06-14 20:00:00,IMVT
10.74,10.74,10.74,10.74,100165,2021-06-14 20:01:00,IMVT
10.6665,10.6665,10.6665,10.6665,100,2021-06-14 21:12:00,IMVT
10.72,10.72,10.72,10.72,215,2021-06-14 21:48:00,IMVT
10.5693,10.5693,10.5693,10.5693,200,2021-06-15 12:07:00,IMVT
10.85,10.85,10.85,10.85,100,2021-06-15 13:06:00,IMVT
10.7,10.7,10.7,10.7,161,2021-06-15 13:19:00,IMVT
10.8,10.8,10.769,10.769,7670,2021-06-15 13:30:00,IMVT
10.75,10.76,10.75,10.76,288,2021-06-15 13:31:00,IMVT
10.81,10.81,10.68,10.68,5615,2021-06-15 13:33:00,IMVT
10.62,10.63,10.52,10.62,15908,2021-06-15 13:34:00,IMVT
10.725,10.725,10.725,10.725,160,2021-06-15 13:35:00,IMVT
10.69,10.725,10.68,10.725,7267,2021-06-15 13:36:00,IMVT
10.7,10.7,10.63,10.63,3017,2021-06-15 13:37:00,IMVT
10.61,10.61,10.58,10.58,600,2021-06-15 13:38:00,IMVT
10.58,10.65,10.58,10.6499,8367,2021-06-15 13:39:00,IMVT
10.63,10.65,10.61,10.61,5896,2021-06-15 13:40:00,IMVT
10.61,10.63,10.61,10.6189,600,2021-06-15 13:41:00,IMVT
10.655,10.655,10.63,10.63,876,2021-06-15 13:44:00,IMVT
10.67,10.67,10.66,10.66,300,2021-06-15 13:45:00,IMVT
10.6609,10.72,10.6609,10.7199,3600,2021-06-15 13:46:00,IMVT
10.68,10.68,10.68,10.68,300,2021-06-15 13:48:00,IMVT
10.7,10.765,10.7,10.765,1604,2021-06-15 13:49:00,IMVT
10.71,10.715,10.7,10.715,945,2021-06-15 13:50:00,IMVT
10.68,10.7,10.66,10.7,1695,2021-06-15 13:52:00,IMVT
10.73,10.73,10.695,10.7,1976,2021-06-15 13:53:00,IMVT
10.75,10.75,10.73,10.73,201,2021-06-15 13:54:00,IMVT
10.7,10.7,10.69,10.69,600,2021-06-15 13:55:00,IMVT
10.7,10.7,10.7,10.7,600,2021-06-15 13:56:00,IMVT
10.67,10.69,10.67,10.69,300,2021-06-15 13:57:00,IMVT
10.66,10.66,10.6,10.64,6652,2021-06-15 13:59:00,IMVT
10.64,10.64,10.62,10.62,1100,2021-06-15 14:01:00,IMVT
10.62,10.62,10.62,10.62,200,2021-06-15 14:02:00,IMVT
10.6482,10.6482,10.635,10.635,208,2021-06-15 14:03:00,IMVT
10.66,10.66,10.64,10.65,1000,2021-06-15 14:04:00,IMVT
10.62,10.64,10.62,10.63,798,2021-06-15 14:05:00,IMVT
10.62,10.62,10.62,10.62,975,2021-06-15 14:06:00,IMVT
10.59,10.62,10.59,10.62,2000,2021-06-15 14:07:00,IMVT
10.6115,10.63,10.6115,10.63,395,2021-06-15 14:08:00,IMVT
10.64,10.65,10.61,10.65,1465,2021-06-15 14:10:00,IMVT
10.615,10.63,10.615,10.63,800,2021-06-15 14:11:00,IMVT
10.6,10.6,10.6,10.6,1345,2021-06-15 14:12:00,IMVT
10.63,10.63,10.615,10.615,1201,2021-06-15 14:13:00,IMVT
10.63,10.63,10.63,10.63,100,2021-06-15 14:14:00,IMVT
10.63,10.64,10.6,10.6,3686,2021-06-15 14:15:00,IMVT
10.59,10.62,10.59,10.62,700,2021-06-15 14:17:00,IMVT
10.63,10.64,10.63,10.64,400,2021-06-15 14:19:00,IMVT
10.63,10.63,10.6,10.6,5600,2021-06-15 14:21:00,IMVT
10.6,10.61,10.6,10.61,1093,2021-06-15 14:22:00,IMVT
10.6,10.6,10.57,10.57,700,2021-06-15 14:23:00,IMVT
10.56,10.56,10.56,10.56,500,2021-06-15 14:24:00,IMVT
10.54,10.54,10.5343,10.54,300,2021-06-15 14:25:00,IMVT
10.53,10.54,10.52,10.53,1463,2021-06-15 14:26:00,IMVT
10.53,10.58,10.52,10.57,3939,2021-06-15 14:27:00,IMVT
10.57,10.57,10.56,10.56,700,2021-06-15 14:28:00,IMVT
10.55,10.56,10.55,10.56,1429,2021-06-15 14:30:00,IMVT
10.55,10.55,10.54,10.55,760,2021-06-15 14:31:00,IMVT
10.5397,10.55,10.53,10.53,700,2021-06-15 14:32:00,IMVT
10.52,10.54,10.52,10.54,1176,2021-06-15 14:33:00,IMVT
10.56,10.56,10.56,10.56,200,2021-06-15 14:34:00,IMVT
10.55,10.56,10.55,10.56,300,2021-06-15 14:35:00,IMVT
10.55,10.55,10.53,10.53,550,2021-06-15 14:36:00,IMVT
10.5523,10.56,10.5523,10.56,915,2021-06-15 14:38:00,IMVT
10.6,10.6,10.6,10.6,200,2021-06-15 14:40:00,IMVT
10.61,10.61,10.6,10.6,600,2021-06-15 14:42:00,IMVT
10.61,10.62,10.59,10.62,1821,2021-06-15 14:44:00,IMVT
10.62,10.64,10.62,10.64,500,2021-06-15 14:45:00,IMVT
10.64,10.65,10.64,10.6459,692,2021-06-15 14:46:00,IMVT
10.65,10.655,10.64,10.655,656,2021-06-15 14:47:00,IMVT
10.65,10.65,10.65,10.65,200,2021-06-15 14:48:00,IMVT
10.655,10.66,10.65,10.65,550,2021-06-15 14:49:00,IMVT
10.66,10.66,10.66,10.66,200,2021-06-15 14:50:00,IMVT
10.66,10.67,10.65,10.65,657,2021-06-15 14:51:00,IMVT
10.6401,10.6401,10.6401,10.6401,999,2021-06-15 14:53:00,IMVT
10.648,10.655,10.648,10.655,529,2021-06-15 14:54:00,IMVT
10.64,10.64,10.62,10.62,1740,2021-06-15 14:55:00,IMVT
10.63,10.635,10.63,10.635,203,2021-06-15 14:56:00,IMVT
10.64,10.64,10.63,10.63,1221,2021-06-15 14:57:00,IMVT
10.635,10.635,10.635,10.635,100,2021-06-15 15:02:00,IMVT
10.65,10.68,10.65,10.68,702,2021-06-15 15:03:00,IMVT
10.665,10.665,10.64,10.6624,1311,2021-06-15 15:04:00,IMVT
10.65,10.65,10.65,10.65,100,2021-06-15 15:05:00,IMVT
10.645,10.645,10.62,10.62,541,2021-06-15 15:06:00,IMVT
10.6257,10.6257,10.6257,10.6257,472,2021-06-15 15:07:00,IMVT
10.62,10.62,10.62,10.62,200,2021-06-15 15:08:00,IMVT
10.65,10.65,10.63,10.64,500,2021-06-15 15:09:00,IMVT
10.635,10.64,10.635,10.64,400,2021-06-15 15:10:00,IMVT
10.65,10.6741,10.65,10.6741,1000,2021-06-15 15:11:00,IMVT
10.665,10.68,10.665,10.68,600,2021-06-15 15:12:00,IMVT
10.67,10.67,10.67,10.67,100,2021-06-15 15:13:00,IMVT
10.665,10.665,10.65,10.65,605,2021-06-15 15:14:00,IMVT
10.665,10.665,10.64,10.645,1200,2021-06-15 15:15:00,IMVT
10.66,10.66,10.63,10.63,553,2021-06-15 15:16:00,IMVT
10.65,10.65,10.64,10.64,300,2021-06-15 15:17:00,IMVT
10.64,10.64,10.63,10.63,1600,2021-06-15 15:18:00,IMVT
10.61,10.61,10.6,10.6,400,2021-06-15 15:19:00,IMVT
10.59,10.6,10.5836,10.6,2020,2021-06-15 15:20:00,IMVT
10.58,10.58,10.58,10.58,130,2021-06-15 15:21:00,IMVT
10.6,10.6,10.6,10.6,200,2021-06-15 15:22:00,IMVT
10.6,10.6,10.6,10.6,300,2021-06-15 15:23:00,IMVT
10.59,10.59,10.59,10.59,200,2021-06-15 15:24:00,IMVT
10.585,10.585,10.57,10.575,600,2021-06-15 15:25:00,IMVT
10.57,10.57,10.56,10.56,400,2021-06-15 15:26:00,IMVT
10.56,10.57,10.54,10.56,948,2021-06-15 15:27:00,IMVT
10.54,10.54,10.535,10.535,200,2021-06-15 15:28:00,IMVT
10.53,10.54,10.53,10.54,700,2021-06-15 15:29:00,IMVT
10.535,10.55,10.535,10.55,700,2021-06-15 15:30:00,IMVT
10.54,10.55,10.54,10.55,400,2021-06-15 15:31:00,IMVT
10.55,10.55,10.53,10.5409,1700,2021-06-15 15:32:00,IMVT
10.55,10.56,10.55,10.555,1282,2021-06-15 15:33:00,IMVT
10.55,10.57,10.54,10.57,7300,2021-06-15 15:34:00,IMVT
10.56,10.56,10.55,10.55,200,2021-06-15 15:35:00,IMVT
10.55,10.555,10.55,10.555,200,2021-06-15 15:36:00,IMVT
10.55,10.555,10.55,10.55,400,2021-06-15 15:37:00,IMVT
10.55,10.55,10.52,10.52,1300,2021-06-15 15:38:00,IMVT
10.525,10.525,10.511,10.511,740,2021-06-15 15:39:00,IMVT
10.53,10.53,10.53,10.53,200,2021-06-15 15:40:00,IMVT
10.53,10.55,10.53,10.54,1394,2021-06-15 15:41:00,IMVT
10.54,10.54,10.54,10.54,400,2021-06-15 15:43:00,IMVT
10.52,10.5261,10.52,10.5261,300,2021-06-15 15:45:00,IMVT
10.52,10.535,10.52,10.52,400,2021-06-15 15:46:00,IMVT
10.52,10.52,10.52,10.52,200,2021-06-15 15:47:00,IMVT
10.52,10.53,10.51,10.51,1100,2021-06-15 15:48:00,IMVT
10.51,10.525,10.51,10.525,400,2021-06-15 15:49:00,IMVT
10.53,10.53,10.52,10.5237,1200,2021-06-15 15:50:00,IMVT
10.52,10.54,10.52,10.54,400,2021-06-15 15:51:00,IMVT
10.53,10.54,10.52,10.5355,1800,2021-06-15 15:52:00,IMVT
10.5238,10.53,10.5238,10.53,200,2021-06-15 15:53:00,IMVT
10.52,10.525,10.51,10.525,400,2021-06-15 15:54:00,IMVT
10.51,10.52,10.51,10.52,300,2021-06-15 15:55:00,IMVT
10.5,10.53,10.5,10.52,1943,2021-06-15 15:56:00,IMVT
10.52,10.52,10.52,10.52,300,2021-06-15 15:57:00,IMVT
10.53,10.55,10.53,10.55,684,2021-06-15 15:58:00,IMVT
10.55,10.55,10.5345,10.5345,203,2021-06-15 16:00:00,IMVT
10.55,10.57,10.55,10.57,1400,2021-06-15 16:01:00,IMVT
10.57,10.57,10.56,10.57,700,2021-06-15 16:02:00,IMVT
10.56,10.56,10.56,10.56,200,2021-06-15 16:03:00,IMVT
10.56,10.56,10.55,10.56,400,2021-06-15 16:05:00,IMVT
10.56,10.57,10.56,10.57,970,2021-06-15 16:06:00,IMVT
10.56,10.56,10.55,10.56,503,2021-06-15 16:07:00,IMVT
10.55,10.55,10.53,10.53,400,2021-06-15 16:08:00,IMVT
10.54,10.54,10.52,10.52,1420,2021-06-15 16:09:00,IMVT
10.55,10.56,10.54,10.56,3026,2021-06-15 16:10:00,IMVT
10.56,10.56,10.53,10.53,500,2021-06-15 16:11:00,IMVT
10.52,10.52,10.52,10.52,300,2021-06-15 16:13:00,IMVT
10.53,10.53,10.53,10.53,100,2021-06-15 16:14:00,IMVT
10.53,10.53,10.51,10.51,400,2021-06-15 16:15:00,IMVT
10.5292,10.5292,10.5292,10.5292,285,2021-06-15 16:16:00,IMVT
10.525,10.54,10.525,10.54,1098,2021-06-15 16:17:00,IMVT
10.54,10.54,10.52,10.52,2941,2021-06-15 16:18:00,IMVT
10.54,10.54,10.54,10.54,228,2021-06-15 16:19:00,IMVT
10.55,10.57,10.55,10.565,1591,2021-06-15 16:21:00,IMVT
10.56,10.56,10.56,10.56,100,2021-06-15 16:22:00,IMVT
10.58,10.59,10.57,10.59,1115,2021-06-15 16:23:00,IMVT
10.61,10.63,10.61,10.63,600,2021-06-15 16:24:00,IMVT
10.63,10.635,10.63,10.635,700,2021-06-15 16:25:00,IMVT
10.65,10.66,10.63,10.635,1800,2021-06-15 16:26:00,IMVT
10.66,10.68,10.66,10.68,864,2021-06-15 16:27:00,IMVT
10.68,10.68,10.68,10.68,600,2021-06-15 16:28:00,IMVT
10.68,10.7,10.675,10.7,1834,2021-06-15 16:29:00,IMVT
10.7,10.7,10.66,10.69,2367,2021-06-15 16:30:00,IMVT
10.69,10.71,10.69,10.7,1400,2021-06-15 16:31:00,IMVT
10.705,10.715,10.69,10.7,1900,2021-06-15 16:32:00,IMVT
10.72,10.72,10.72,10.72,100,2021-06-15 16:33:00,IMVT
10.72,10.72,10.7,10.72,1700,2021-06-15 16:34:00,IMVT
10.71,10.73,10.71,10.72,500,2021-06-15 16:35:00,IMVT
10.71,10.72,10.7,10.72,500,2021-06-15 16:36:00,IMVT
10.71,10.71,10.71,10.71,200,2021-06-15 16:37:00,IMVT
10.72,10.72,10.71,10.71,700,2021-06-15 16:38:00,IMVT
10.7,10.7,10.7,10.7,100,2021-06-15 16:39:00,IMVT
10.7,10.7,10.685,10.685,1058,2021-06-15 16:40:00,IMVT
10.67,10.685,10.67,10.685,900,2021-06-15 16:41:00,IMVT
10.7,10.7,10.67,10.67,545,2021-06-15 16:42:00,IMVT
10.68,10.68,10.68,10.68,200,2021-06-15 16:43:00,IMVT
10.67,10.67,10.6634,10.6634,460,2021-06-15 16:44:00,IMVT
10.65,10.65,10.65,10.65,200,2021-06-15 16:45:00,IMVT
10.63,10.64,10.61,10.61,400,2021-06-15 16:46:00,IMVT
10.62,10.635,10.62,10.62,600,2021-06-15 16:47:00,IMVT
10.65,10.65,10.6401,10.6401,300,2021-06-15 16:48:00,IMVT
10.66,10.66,10.66,10.66,100,2021-06-15 16:49:00,IMVT
10.665,10.665,10.665,10.665,200,2021-06-15 16:54:00,IMVT
10.65,10.66,10.6432,10.6432,830,2021-06-15 16:55:00,IMVT
10.65,10.66,10.64,10.66,600,2021-06-15 16:56:00,IMVT
10.65,10.65,10.64,10.64,840,2021-06-15 16:57:00,IMVT
10.635,10.64,10.635,10.64,500,2021-06-15 16:58:00,IMVT
10.63,10.63,10.62,10.62,300,2021-06-15 16:59:00,IMVT
10.61,10.615,10.59,10.61,600,2021-06-15 17:03:00,IMVT
10.62,10.62,10.62,10.62,100,2021-06-15 17:04:00,IMVT
10.63,10.645,10.63,10.645,600,2021-06-15 17:06:00,IMVT
10.67,10.67,10.665,10.665,200,2021-06-15 17:07:00,IMVT
10.65,10.65,10.65,10.65,200,2021-06-15 17:08:00,IMVT
10.65,10.68,10.65,10.68,2113,2021-06-15 17:09:00,IMVT
10.68,10.68,10.68,10.68,200,2021-06-15 17:10:00,IMVT
10.68,10.69,10.68,10.69,200,2021-06-15 17:12:00,IMVT
10.69,10.7,10.68,10.68,700,2021-06-15 17:13:00,IMVT
10.67,10.67,10.67,10.67,100,2021-06-15 17:14:00,IMVT
10.66,10.66,10.65,10.65,700,2021-06-15 17:15:00,IMVT
10.63,10.65,10.63,10.65,200,2021-06-15 17:16:00,IMVT
10.65,10.665,10.64,10.665,600,2021-06-15 17:17:00,IMVT
10.66,10.66,10.66,10.66,200,2021-06-15 17:19:00,IMVT
10.67,10.68,10.67,10.68,330,2021-06-15 17:20:00,IMVT
10.68,10.695,10.68,10.695,200,2021-06-15 17:22:00,IMVT
10.71,10.71,10.71,10.71,100,2021-06-15 17:23:00,IMVT
10.68,10.68,10.68,10.68,900,2021-06-15 17:24:00,IMVT
10.68,10.7,10.68,10.7,920,2021-06-15 17:26:00,IMVT
10.69,10.69,10.69,10.69,250,2021-06-15 17:27:00,IMVT
10.71,10.73,10.705,10.73,3815,2021-06-15 17:28:00,IMVT
10.715,10.72,10.715,10.72,405,2021-06-15 17:29:00,IMVT
10.715,10.715,10.715,10.715,200,2021-06-15 17:30:00,IMVT
10.7,10.71,10.685,10.69,4095,2021-06-15 17:32:00,IMVT
10.705,10.705,10.705,10.705,100,2021-06-15 17:33:00,IMVT
10.705,10.705,10.705,10.705,100,2021-06-15 17:34:00,IMVT
10.69,10.71,10.68,10.695,1769,2021-06-15 17:35:00,IMVT
10.73,10.73,10.7,10.7,1400,2021-06-15 17:41:00,IMVT
10.705,10.73,10.7,10.72,3078,2021-06-15 17:42:00,IMVT
10.72,10.73,10.72,10.72,520,2021-06-15 17:43:00,IMVT
10.73,10.73,10.73,10.73,762,2021-06-15 17:45:00,IMVT
10.71,10.72,10.71,10.72,300,2021-06-15 17:46:00,IMVT
10.73,10.73,10.73,10.73,100,2021-06-15 17:48:00,IMVT
10.75,10.76,10.73,10.75,1200,2021-06-15 17:51:00,IMVT
10.7306,10.77,10.7306,10.75,650,2021-06-15 17:52:00,IMVT
10.74,10.75,10.74,10.75,400,2021-06-15 17:53:00,IMVT
10.77,10.77,10.74,10.74,1300,2021-06-15 17:54:00,IMVT
10.74,10.76,10.715,10.715,1303,2021-06-15 17:55:00,IMVT
10.71,10.71,10.71,10.71,100,2021-06-15 17:56:00,IMVT
10.7,10.71,10.7,10.71,200,2021-06-15 17:57:00,IMVT
10.72,10.74,10.72,10.74,245,2021-06-15 17:58:00,IMVT
10.7,10.74,10.7,10.72,300,2021-06-15 18:00:00,IMVT
10.715,10.72,10.715,10.72,350,2021-06-15 18:01:00,IMVT
10.75,10.75,10.74,10.74,1400,2021-06-15 18:03:00,IMVT
10.73,10.73,10.72,10.73,700,2021-06-15 18:04:00,IMVT
10.72,10.72,10.72,10.72,100,2021-06-15 18:05:00,IMVT
10.725,10.725,10.71,10.71,200,2021-06-15 18:07:00,IMVT
10.715,10.715,10.715,10.715,300,2021-06-15 18:08:00,IMVT
10.7,10.72,10.69,10.69,2788,2021-06-15 18:10:00,IMVT
10.705,10.705,10.705,10.705,184,2021-06-15 18:11:00,IMVT
10.72,10.72,10.72,10.72,100,2021-06-15 18:12:00,IMVT
10.73,10.73,10.7,10.7,2000,2021-06-15 18:13:00,IMVT
10.705,10.705,10.69,10.7,1700,2021-06-15 18:14:00,IMVT
10.69,10.69,10.69,10.69,480,2021-06-15 18:15:00,IMVT
10.69,10.69,10.69,10.69,500,2021-06-15 18:16:00,IMVT
10.7,10.705,10.7,10.705,300,2021-06-15 18:17:00,IMVT
10.705,10.705,10.705,10.705,100,2021-06-15 18:18:00,IMVT
10.7,10.715,10.7,10.715,355,2021-06-15 18:20:00,IMVT
10.7,10.7,10.7,10.7,100,2021-06-15 18:21:00,IMVT
10.72,10.72,10.71,10.72,1054,2021-06-15 18:22:00,IMVT
10.74,10.74,10.73,10.73,400,2021-06-15 18:23:00,IMVT
10.71,10.71,10.71,10.71,200,2021-06-15 18:25:00,IMVT
10.72,10.75,10.71,10.74,2792,2021-06-15 18:26:00,IMVT
10.73,10.73,10.725,10.73,2200,2021-06-15 18:27:00,IMVT
10.73,10.73,10.73,10.73,100,2021-06-15 18:29:00,IMVT
10.735,10.735,10.735,10.735,100,2021-06-15 18:30:00,IMVT
10.73,10.73,10.73,10.73,100,2021-06-15 18:31:00,IMVT
10.735,10.735,10.735,10.735,100,2021-06-15 18:33:00,IMVT
10.7242,10.735,10.7242,10.735,900,2021-06-15 18:35:00,IMVT
10.72,10.74,10.72,10.73,600,2021-06-15 18:38:00,IMVT
10.73,10.73,10.73,10.73,100,2021-06-15 18:39:00,IMVT
10.735,10.735,10.72,10.72,200,2021-06-15 18:40:00,IMVT
10.735,10.75,10.735,10.74,1451,2021-06-15 18:41:00,IMVT
10.73,10.735,10.7221,10.73,1050,2021-06-15 18:42:00,IMVT
10.7302,10.7302,10.73,10.73,744,2021-06-15 18:45:00,IMVT
10.73,10.735,10.73,10.735,889,2021-06-15 18:47:00,IMVT
10.73,10.75,10.72,10.735,784,2021-06-15 18:49:00,IMVT
10.75,10.75,10.74,10.74,500,2021-06-15 18:50:00,IMVT
10.75,10.77,10.75,10.76,1500,2021-06-15 18:51:00,IMVT
10.77,10.77,10.76,10.76,200,2021-06-15 18:52:00,IMVT
10.76,10.765,10.76,10.765,500,2021-06-15 18:53:00,IMVT
10.76,10.76,10.76,10.76,100,2021-06-15 18:54:00,IMVT
10.7486,10.7486,10.7486,10.7486,100,2021-06-15 18:56:00,IMVT
10.75,10.75,10.74,10.74,611,2021-06-15 18:57:00,IMVT
10.74,10.75,10.74,10.75,1043,2021-06-15 18:59:00,IMVT
10.75,10.75,10.75,10.75,234,2021-06-15 19:01:00,IMVT
10.77,10.78,10.76,10.77,2341,2021-06-15 19:03:00,IMVT
10.76,10.76,10.76,10.76,100,2021-06-15 19:04:00,IMVT
10.75,10.75,10.73,10.735,600,2021-06-15 19:05:00,IMVT
10.74,10.74,10.74,10.74,500,2021-06-15 19:06:00,IMVT
10.745,10.745,10.73,10.7379,800,2021-06-15 19:07:00,IMVT
10.73,10.77,10.73,10.75,1662,2021-06-15 19:08:00,IMVT
10.75,10.75,10.745,10.75,696,2021-06-15 19:09:00,IMVT
10.76,10.76,10.76,10.76,100,2021-06-15 19:10:00,IMVT
10.75,10.76,10.74,10.76,850,2021-06-15 19:11:00,IMVT
10.755,10.755,10.755,10.755,254,2021-06-15 19:12:00,IMVT
10.74,10.76,10.74,10.75,821,2021-06-15 19:14:00,IMVT
10.75,10.76,10.75,10.76,300,2021-06-15 19:15:00,IMVT
10.74,10.74,10.74,10.74,100,2021-06-15 19:16:00,IMVT
10.74,10.75,10.74,10.74,2678,2021-06-15 19:17:00,IMVT
10.76,10.76,10.7492,10.7492,300,2021-06-15 19:18:00,IMVT
10.75,10.76,10.75,10.76,300,2021-06-15 19:19:00,IMVT
10.77,10.77,10.77,10.77,100,2021-06-15 19:20:00,IMVT
10.75,10.75,10.74,10.74,1300,2021-06-15 19:21:00,IMVT
10.76,10.76,10.73,10.74,700,2021-06-15 19:22:00,IMVT
10.73,10.745,10.72,10.745,1403,2021-06-15 19:23:00,IMVT
10.76,10.76,10.74,10.75,500,2021-06-15 19:25:00,IMVT
10.75,10.76,10.74,10.745,1900,2021-06-15 19:26:00,IMVT
10.76,10.76,10.76,10.76,597,2021-06-15 19:27:00,IMVT
10.76,10.76,10.76,10.76,1100,2021-06-15 19:28:00,IMVT
10.77,10.79,10.77,10.79,400,2021-06-15 19:31:00,IMVT
10.78,10.79,10.78,10.78,1105,2021-06-15 19:32:00,IMVT
10.77,10.775,10.77,10.775,800,2021-06-15 19:33:00,IMVT
10.775,10.79,10.775,10.79,1004,2021-06-15 19:34:00,IMVT
10.78,10.78,10.77,10.77,1177,2021-06-15 19:35:00,IMVT
10.77,10.79,10.7681,10.79,2532,2021-06-15 19:37:00,IMVT
10.79,10.79,10.79,10.79,600,2021-06-15 19:38:00,IMVT
10.78,10.79,10.76,10.76,1839,2021-06-15 19:39:00,IMVT
10.765,10.765,10.75,10.75,800,2021-06-15 19:40:00,IMVT
10.75,10.755,10.75,10.75,500,2021-06-15 19:41:00,IMVT
10.76,10.76,10.76,10.76,100,2021-06-15 19:42:00,IMVT
10.77,10.77,10.76,10.76,300,2021-06-15 19:43:00,IMVT
10.76,10.76,10.74,10.74,2317,2021-06-15 19:44:00,IMVT
10.74,10.74,10.74,10.74,600,2021-06-15 19:45:00,IMVT
10.75,10.76,10.75,10.76,1846,2021-06-15 19:46:00,IMVT
10.7599,10.76,10.755,10.755,662,2021-06-15 19:47:00,IMVT
10.75,10.77,10.75,10.75,3388,2021-06-15 19:48:00,IMVT
10.76,10.76,10.76,10.76,947,2021-06-15 19:49:00,IMVT
10.75,10.76,10.75,10.755,1000,2021-06-15 19:50:00,IMVT
10.75,10.75,10.74,10.74,700,2021-06-15 19:51:00,IMVT
10.75,10.75,10.741,10.741,785,2021-06-15 19:52:00,IMVT
10.74,10.77,10.74,10.76,5334,2021-06-15 19:53:00,IMVT
10.755,10.755,10.74,10.745,1248,2021-06-15 19:54:00,IMVT
10.74,10.75,10.74,10.75,330,2021-06-15 19:55:00,IMVT
10.74,10.75,10.73,10.7301,542,2021-06-15 19:56:00,IMVT
10.75,10.77,10.75,10.75,4834,2021-06-15 19:57:00,IMVT
10.75,10.76,10.745,10.76,737,2021-06-15 19:58:00,IMVT
10.76,10.78,10.75,10.77,6531,2021-06-15 19:59:00,IMVT
10.76,10.76,10.76,10.76,95412,2021-06-15 20:00:00,IMVT
10.7501,10.7501,10.75,10.75,1828,2021-06-16 12:28:00,IMVT
10.65,10.67,10.63,10.65,10620,2021-06-16 13:30:00,IMVT
10.6571,10.6571,10.6571,10.6571,500,2021-06-16 13:31:00,IMVT
10.6831,10.6831,10.6831,10.6831,292,2021-06-16 13:33:00,IMVT
10.67,10.67,10.67,10.67,100,2021-06-16 13:34:00,IMVT
10.67,10.68,10.67,10.68,200,2021-06-16 13:35:00,IMVT
10.75,10.75,10.75,10.75,750,2021-06-16 13:36:00,IMVT
10.705,10.74,10.705,10.73,300,2021-06-16 13:37:00,IMVT
10.75,10.8,10.74,10.8,1720,2021-06-16 13:38:00,IMVT
10.83,10.83,10.795,10.795,820,2021-06-16 13:39:00,IMVT
10.795,10.795,10.795,10.795,100,2021-06-16 13:40:00,IMVT
10.795,10.795,10.795,10.795,100,2021-06-16 13:41:00,IMVT
10.83,10.83,10.83,10.83,100,2021-06-16 13:44:00,IMVT
10.84,10.85,10.84,10.85,300,2021-06-16 13:45:00,IMVT
10.86,10.8937,10.86,10.8937,2730,2021-06-16 13:47:00,IMVT
10.8692,10.8692,10.83,10.83,1506,2021-06-16 13:48:00,IMVT
10.82,10.82,10.82,10.82,500,2021-06-16 13:49:00,IMVT
10.82,10.82,10.82,10.82,100,2021-06-16 13:50:00,IMVT
10.81,10.84,10.81,10.8372,2000,2021-06-16 13:51:00,IMVT
10.8499,10.8499,10.8499,10.8499,500,2021-06-16 13:52:00,IMVT
10.84,10.84,10.84,10.84,100,2021-06-16 13:54:00,IMVT
10.85,10.89,10.85,10.89,2581,2021-06-16 13:55:00,IMVT
10.885,10.885,10.825,10.825,2000,2021-06-16 13:56:00,IMVT
10.77,10.77,10.77,10.77,110,2021-06-16 13:57:00,IMVT
10.79,10.79,10.79,10.79,100,2021-06-16 13:59:00,IMVT
10.795,10.795,10.75,10.785,1695,2021-06-16 14:01:00,IMVT
10.75,10.75,10.75,10.75,100,2021-06-16 14:03:00,IMVT
10.75,10.75,10.75,10.75,100,2021-06-16 14:04:00,IMVT
10.78,10.78,10.78,10.78,900,2021-06-16 14:05:00,IMVT
10.83,10.83,10.83,10.83,134,2021-06-16 14:06:00,IMVT
10.8,10.8144,10.8,10.8144,201,2021-06-16 14:07:00,IMVT
10.8125,10.8125,10.81,10.8125,867,2021-06-16 14:08:00,IMVT
10.85,10.85,10.835,10.835,1800,2021-06-16 14:09:00,IMVT
10.835,10.835,10.835,10.835,100,2021-06-16 14:10:00,IMVT
10.85,10.85,10.835,10.85,1619,2021-06-16 14:12:00,IMVT
10.85,10.85,10.85,10.85,100,2021-06-16 14:13:00,IMVT
10.85,10.85,10.85,10.85,144,2021-06-16 14:14:00,IMVT
10.84,10.845,10.84,10.84,300,2021-06-16 14:15:00,IMVT
10.83,10.87,10.83,10.86,1623,2021-06-16 14:16:00,IMVT
10.885,10.885,10.885,10.885,300,2021-06-16 14:18:00,IMVT
10.9,10.91,10.9,10.9089,1548,2021-06-16 14:19:00,IMVT
10.89,10.89,10.89,10.89,1188,2021-06-16 14:20:00,IMVT
10.89,10.8965,10.89,10.8965,600,2021-06-16 14:21:00,IMVT
10.88,10.89,10.86,10.86,3100,2021-06-16 14:22:00,IMVT
10.85,10.85,10.85,10.85,929,2021-06-16 14:23:00,IMVT
10.85,10.85,10.85,10.85,100,2021-06-16 14:24:00,IMVT
10.85,10.85,10.84,10.84,700,2021-06-16 14:25:00,IMVT
10.83,10.83,10.83,10.83,100,2021-06-16 14:26:00,IMVT
10.84,10.84,10.8352,10.8352,400,2021-06-16 14:27:00,IMVT
10.83,10.84,10.83,10.83,770,2021-06-16 14:29:00,IMVT
10.84,10.84,10.84,10.84,200,2021-06-16 14:30:00,IMVT
10.82,10.82,10.8,10.8,1900,2021-06-16 14:31:00,IMVT
10.78,10.78,10.775,10.775,489,2021-06-16 14:34:00,IMVT
10.785,10.785,10.785,10.785,125,2021-06-16 14:36:00,IMVT
10.75,10.75,10.75,10.75,100,2021-06-16 14:37:00,IMVT
10.7552,10.7552,10.7552,10.7552,185,2021-06-16 14:38:00,IMVT
10.775,10.775,10.77,10.775,1000,2021-06-16 14:39:00,IMVT
10.78,10.78,10.78,10.78,100,2021-06-16 14:40:00,IMVT
10.77,10.78,10.76,10.765,2371,2021-06-16 14:42:00,IMVT
10.7723,10.7723,10.7723,10.7723,200,2021-06-16 14:44:00,IMVT
10.75,10.75,10.72,10.745,4468,2021-06-16 14:45:00,IMVT
10.75,10.754,10.745,10.745,2000,2021-06-16 14:46:00,IMVT
10.745,10.745,10.745,10.745,329,2021-06-16 14:47:00,IMVT
10.745,10.78,10.745,10.78,1269,2021-06-16 14:48:00,IMVT
10.77,10.82,10.77,10.81,10254,2021-06-16 14:49:00,IMVT
10.82,10.82,10.79,10.8144,2447,2021-06-16 14:50:00,IMVT
10.8,10.8,10.79,10.795,501,2021-06-16 14:51:00,IMVT
10.7837,10.7837,10.7837,10.7837,100,2021-06-16 14:53:00,IMVT
10.79,10.79,10.79,10.79,200,2021-06-16 14:54:00,IMVT
10.8,10.8216,10.8,10.8216,1082,2021-06-16 14:55:00,IMVT
10.8,10.81,10.79,10.79,500,2021-06-16 14:56:00,IMVT
10.81,10.83,10.81,10.83,500,2021-06-16 14:59:00,IMVT
10.8,10.8,10.8,10.8,200,2021-06-16 15:01:00,IMVT
10.83,10.85,10.83,10.85,1600,2021-06-16 15:03:00,IMVT
10.855,10.855,10.855,10.855,100,2021-06-16 15:04:00,IMVT
10.87,10.87,10.87,10.87,100,2021-06-16 15:05:00,IMVT
10.875,10.88,10.86,10.8681,811,2021-06-16 15:06:00,IMVT
10.87,10.87,10.86,10.86,940,2021-06-16 15:07:00,IMVT
10.86,10.86,10.84,10.845,2000,2021-06-16 15:08:00,IMVT
10.84,10.84,10.84,10.84,300,2021-06-16 15:09:00,IMVT
10.835,10.835,10.835,10.835,200,2021-06-16 15:12:00,IMVT
10.85,10.86,10.85,10.86,600,2021-06-16 15:13:00,IMVT
10.86,10.86,10.86,10.86,300,2021-06-16 15:14:00,IMVT
10.8612,10.8612,10.8612,10.8612,322,2021-06-16 15:15:00,IMVT
10.865,10.87,10.86,10.87,1685,2021-06-16 15:16:00,IMVT
10.86,10.86,10.85,10.85,1100,2021-06-16 15:17:00,IMVT
10.86,10.875,10.855,10.875,2832,2021-06-16 15:18:00,IMVT
10.87,10.87,10.86,10.86,1136,2021-06-16 15:19:00,IMVT
10.86,10.86,10.86,10.86,200,2021-06-16 15:20:00,IMVT
10.86,10.88,10.86,10.88,1800,2021-06-16 15:21:00,IMVT
10.87,10.875,10.87,10.875,200,2021-06-16 15:22:00,IMVT
10.875,10.875,10.875,10.875,100,2021-06-16 15:23:00,IMVT
10.87,10.87,10.85,10.8605,3000,2021-06-16 15:24:00,IMVT
10.855,10.86,10.855,10.86,400,2021-06-16 15:25:00,IMVT
10.8733,10.885,10.8733,10.885,1100,2021-06-16 15:27:00,IMVT
10.88,10.88,10.88,10.88,1500,2021-06-16 15:28:00,IMVT
10.86,10.86,10.86,10.86,406,2021-06-16 15:30:00,IMVT
10.87,10.87,10.87,10.87,100,2021-06-16 15:31:00,IMVT
10.865,10.87,10.85,10.855,6972,2021-06-16 15:33:00,IMVT
10.85,10.85,10.85,10.85,300,2021-06-16 15:34:00,IMVT
10.84,10.85,10.83,10.85,2600,2021-06-16 15:40:00,IMVT
10.855,10.86,10.855,10.86,241,2021-06-16 15:41:00,IMVT
10.86,10.86,10.86,10.86,241,2021-06-16 15:42:00,IMVT
10.88,10.88,10.88,10.88,1000,2021-06-16 15:44:00,IMVT
10.89,10.89,10.8885,10.8885,1221,2021-06-16 15:45:00,IMVT
10.89,10.89,10.89,10.89,202,2021-06-16 15:46:00,IMVT
10.88,10.88,10.88,10.88,100,2021-06-16 15:47:00,IMVT
10.89,10.895,10.89,10.895,410,2021-06-16 15:48:00,IMVT
10.9,10.92,10.9,10.9,7011,2021-06-16 15:49:00,IMVT
10.91,10.91,10.91,10.91,100,2021-06-16 15:50:00,IMVT
10.91,10.92,10.91,10.92,950,2021-06-16 15:51:00,IMVT
10.92,10.92,10.92,10.92,700,2021-06-16 15:53:00,IMVT
10.92,10.925,10.92,10.92,1681,2021-06-16 15:55:00,IMVT
10.915,10.915,10.91,10.91,1616,2021-06-16 15:56:00,IMVT
10.9,10.9,10.89,10.89,902,2021-06-16 15:57:00,IMVT
10.8832,10.8832,10.8832,10.8832,300,2021-06-16 15:58:00,IMVT
10.89,10.89,10.89,10.89,794,2021-06-16 16:00:00,IMVT
10.895,10.895,10.89,10.89,500,2021-06-16 16:01:00,IMVT
10.895,10.91,10.895,10.91,1198,2021-06-16 16:03:00,IMVT
10.91,10.91,10.91,10.91,100,2021-06-16 16:04:00,IMVT
10.9,10.91,10.89,10.89,1250,2021-06-16 16:06:00,IMVT
10.89,10.89,10.89,10.89,100,2021-06-16 16:07:00,IMVT
10.9,10.9,10.9,10.9,100,2021-06-16 16:09:00,IMVT
10.91,10.91,10.91,10.91,500,2021-06-16 16:10:00,IMVT
10.89,10.89,10.885,10.885,600,2021-06-16 16:11:00,IMVT
10.88,10.885,10.87,10.87,800,2021-06-16 16:12:00,IMVT
10.87,10.87,10.86,10.86,1200,2021-06-16 16:13:00,IMVT
10.85,10.85,10.84,10.84,600,2021-06-16 16:14:00,IMVT
10.84,10.84,10.84,10.84,120,2021-06-16 16:16:00,IMVT
10.833,10.833,10.82,10.82,2592,2021-06-16 16:17:00,IMVT
10.82,10.82,10.82,10.82,100,2021-06-16 16:18:00,IMVT
10.82,10.82,10.74,10.74,4828,2021-06-16 16:19:00,IMVT
10.74,10.77,10.73,10.75,3700,2021-06-16 16:20:00,IMVT
10.74,10.74,10.72,10.72,1105,2021-06-16 16:21:00,IMVT
10.7,10.73,10.7,10.715,947,2021-06-16 16:22:00,IMVT
10.715,10.715,10.7,10.71,873,2021-06-16 16:23:00,IMVT
10.7,10.72,10.68,10.71,12587,2021-06-16 16:24:00,IMVT
10.72,10.73,10.72,10.73,700,2021-06-16 16:25:00,IMVT
10.74,10.74,10.74,10.74,430,2021-06-16 16:27:00,IMVT
10.735,10.75,10.73,10.74,1974,2021-06-16 16:28:00,IMVT
10.76,10.76,10.76,10.76,100,2021-06-16 16:30:00,IMVT
10.7437,10.75,10.73,10.745,2973,2021-06-16 16:31:00,IMVT
10.74,10.74,10.73,10.735,400,2021-06-16 16:32:00,IMVT
10.72,10.72,10.72,10.72,718,2021-06-16 16:34:00,IMVT
10.73,10.73,10.725,10.725,200,2021-06-16 16:35:00,IMVT
10.72,10.73,10.71,10.71,1600,2021-06-16 16:36:00,IMVT
10.72,10.72,10.71,10.71,300,2021-06-16 16:37:00,IMVT
10.705,10.705,10.705,10.705,200,2021-06-16 16:38:00,IMVT
10.7026,10.705,10.685,10.7,1800,2021-06-16 16:39:00,IMVT
10.71,10.71,10.7,10.7,1131,2021-06-16 16:40:00,IMVT
10.7,10.7,10.68,10.6962,1168,2021-06-16 16:41:00,IMVT
10.7,10.7,10.68,10.68,894,2021-06-16 16:42:00,IMVT
10.69,10.69,10.6701,10.6701,400,2021-06-16 16:43:00,IMVT
10.67,10.67,10.67,10.67,180,2021-06-16 16:44:00,IMVT
10.68,10.7,10.68,10.7,1200,2021-06-16 16:45:00,IMVT
10.72,10.76,10.71,10.76,6050,2021-06-16 16:46:00,IMVT
10.77,10.77,10.75,10.755,609,2021-06-16 16:47:00,IMVT
10.75,10.76,10.75,10.76,600,2021-06-16 16:48:00,IMVT
10.76,10.76,10.76,10.76,200,2021-06-16 16:50:00,IMVT
10.7675,10.795,10.7675,10.79,19317,2021-06-16 16:51:00,IMVT
10.79,10.82,10.785,10.815,14581,2021-06-16 16:52:00,IMVT
10.815,10.815,10.805,10.805,768,2021-06-16 16:53:00,IMVT
10.8,10.805,10.8,10.8,300,2021-06-16 16:55:00,IMVT
10.81,10.81,10.805,10.81,950,2021-06-16 16:56:00,IMVT
10.8,10.8,10.78,10.78,1593,2021-06-16 16:58:00,IMVT
10.79,10.79,10.79,10.79,100,2021-06-16 16:59:00,IMVT
10.78,10.785,10.78,10.78,796,2021-06-16 17:02:00,IMVT
10.775,10.805,10.775,10.805,5387,2021-06-16 17:03:00,IMVT
10.8001,10.82,10.8,10.82,1435,2021-06-16 17:04:00,IMVT
10.82,10.82,10.82,10.82,100,2021-06-16 17:05:00,IMVT
10.81,10.81,10.81,10.81,100,2021-06-16 17:06:00,IMVT
10.81,10.82,10.81,10.82,1450,2021-06-16 17:08:00,IMVT
10.8105,10.84,10.8105,10.84,1193,2021-06-16 17:10:00,IMVT
10.86,10.87,10.86,10.86,500,2021-06-16 17:11:00,IMVT
10.855,10.855,10.855,10.855,100,2021-06-16 17:12:00,IMVT
10.87,10.87,10.87,10.87,700,2021-06-16 17:13:00,IMVT
10.87,10.87,10.87,10.87,351,2021-06-16 17:14:00,IMVT
10.875,10.875,10.875,10.875,200,2021-06-16 17:15:00,IMVT
10.875,10.88,10.875,10.88,400,2021-06-16 17:17:00,IMVT
10.88,10.89,10.88,10.89,600,2021-06-16 17:18:00,IMVT
10.88,10.9,10.88,10.9,721,2021-06-16 17:20:00,IMVT
10.89,10.89,10.89,10.89,100,2021-06-16 17:21:00,IMVT
10.885,10.885,10.85,10.85,4100,2021-06-16 17:23:00,IMVT
10.86,10.86,10.85,10.85,500,2021-06-16 17:24:00,IMVT
10.855,10.855,10.84,10.84,900,2021-06-16 17:25:00,IMVT
10.84,10.84,10.79,10.79,9501,2021-06-16 17:26:00,IMVT
10.79,10.8,10.79,10.8,1212,2021-06-16 17:27:00,IMVT
10.81,10.81,10.81,10.81,400,2021-06-16 17:29:00,IMVT
10.81,10.82,10.81,10.82,698,2021-06-16 17:30:00,IMVT
10.815,10.815,10.81,10.81,600,2021-06-16 17:33:00,IMVT
10.82,10.83,10.82,10.83,1400,2021-06-16 17:34:00,IMVT
10.83,10.83,10.83,10.83,100,2021-06-16 17:35:00,IMVT
10.82,10.825,10.81,10.821,12108,2021-06-16 17:36:00,IMVT
10.81,10.81,10.81,10.81,600,2021-06-16 17:37:00,IMVT
10.82,10.82,10.8,10.82,3400,2021-06-16 17:38:00,IMVT
10.815,10.815,10.815,10.815,500,2021-06-16 17:39:00,IMVT
10.82,10.85,10.82,10.83,1100,2021-06-16 17:41:00,IMVT
10.83,10.83,10.825,10.825,1000,2021-06-16 17:45:00,IMVT
10.83,10.84,10.83,10.84,1155,2021-06-16 17:47:00,IMVT
10.84,10.845,10.84,10.845,300,2021-06-16 17:48:00,IMVT
10.84,10.845,10.84,10.845,200,2021-06-16 17:49:00,IMVT
10.85,10.86,10.85,10.86,1619,2021-06-16 17:51:00,IMVT
10.86,10.86,10.86,10.86,100,2021-06-16 17:53:00,IMVT
10.8617,10.87,10.86,10.86,1268,2021-06-16 17:54:00,IMVT
10.87,10.87,10.86,10.865,580,2021-06-16 17:55:00,IMVT
10.86,10.86,10.84,10.84,2804,2021-06-16 17:56:00,IMVT
10.84,10.84,10.83,10.835,1010,2021-06-16 17:57:00,IMVT
10.84,10.86,10.84,10.86,2138,2021-06-16 17:59:00,IMVT
10.84,10.84,10.79,10.805,4502,2021-06-16 18:00:00,IMVT
10.77,10.77,10.75,10.75,200,2021-06-16 18:01:00,IMVT
10.75,10.79,10.75,10.79,1393,2021-06-16 18:02:00,IMVT
10.7589,10.7589,10.7589,10.7589,180,2021-06-16 18:03:00,IMVT
10.76,10.76,10.75,10.75,1000,2021-06-16 18:04:00,IMVT
10.7606,10.7606,10.7606,10.7606,2790,2021-06-16 18:05:00,IMVT
10.77,10.78,10.74,10.74,1605,2021-06-16 18:06:00,IMVT
10.745,10.77,10.73,10.74,2400,2021-06-16 18:07:00,IMVT
10.72,10.72,10.7,10.7,700,2021-06-16 18:08:00,IMVT
10.72,10.75,10.72,10.75,1600,2021-06-16 18:10:00,IMVT
10.72,10.72,10.72,10.72,300,2021-06-16 18:11:00,IMVT
10.71,10.72,10.71,10.72,753,2021-06-16 18:12:00,IMVT
10.71,10.71,10.71,10.71,100,2021-06-16 18:13:00,IMVT
10.73,10.73,10.72,10.72,500,2021-06-16 18:14:00,IMVT
10.71,10.72,10.69,10.69,3141,2021-06-16 18:15:00,IMVT
10.67,10.69,10.64,10.66,4102,2021-06-16 18:16:00,IMVT
10.66,10.66,10.66,10.66,700,2021-06-16 18:17:00,IMVT
10.66,10.66,10.62,10.62,1000,2021-06-16 18:18:00,IMVT
10.62,10.635,10.62,10.63,2857,2021-06-16 18:19:00,IMVT
10.63,10.64,10.62,10.64,1500,2021-06-16 18:20:00,IMVT
10.655,10.6574,10.655,10.6574,400,2021-06-16 18:21:00,IMVT
10.64,10.67,10.64,10.67,1464,2021-06-16 18:22:00,IMVT
10.67,10.7,10.67,10.7,1100,2021-06-16 18:24:00,IMVT
10.7,10.74,10.7,10.74,1300,2021-06-16 18:25:00,IMVT
10.76,10.76,10.75,10.75,400,2021-06-16 18:26:00,IMVT
10.74,10.81,10.74,10.81,7563,2021-06-16 18:27:00,IMVT
10.78,10.79,10.78,10.78,1800,2021-06-16 18:28:00,IMVT
10.785,10.785,10.785,10.785,200,2021-06-16 18:29:00,IMVT
10.78,10.8,10.77,10.8,2592,2021-06-16 18:30:00,IMVT
10.82,10.82,10.82,10.82,100,2021-06-16 18:31:00,IMVT
10.825,10.84,10.79,10.81,4648,2021-06-16 18:32:00,IMVT
10.82,10.825,10.79,10.8,4550,2021-06-16 18:33:00,IMVT
10.8,10.81,10.8,10.81,240,2021-06-16 18:34:00,IMVT
10.8,10.8,10.795,10.795,600,2021-06-16 18:35:00,IMVT
10.795,10.795,10.76,10.76,1675,2021-06-16 18:36:00,IMVT
10.78,10.78,10.77,10.77,1335,2021-06-16 18:37:00,IMVT
10.76,10.78,10.75,10.76,1700,2021-06-16 18:38:00,IMVT
10.75,10.75,10.73,10.73,1900,2021-06-16 18:39:00,IMVT
10.72,10.74,10.71,10.71,4493,2021-06-16 18:40:00,IMVT
10.73,10.74,10.7,10.7,1900,2021-06-16 18:41:00,IMVT
10.7,10.73,10.7,10.72,1613,2021-06-16 18:42:00,IMVT
10.715,10.715,10.7,10.7044,8466,2021-06-16 18:43:00,IMVT
10.71,10.73,10.705,10.73,1400,2021-06-16 18:44:00,IMVT
10.73,10.73,10.71,10.73,1800,2021-06-16 18:46:00,IMVT
10.73,10.75,10.73,10.75,1982,2021-06-16 18:47:00,IMVT
10.76,10.76,10.73,10.73,3000,2021-06-16 18:48:00,IMVT
10.75,10.75,10.75,10.75,198,2021-06-16 18:49:00,IMVT
10.745,10.76,10.745,10.76,200,2021-06-16 18:50:00,IMVT
10.755,10.755,10.755,10.755,100,2021-06-16 18:51:00,IMVT
10.76,10.77,10.76,10.77,392,2021-06-16 18:52:00,IMVT
10.8,10.8,10.76,10.765,2600,2021-06-16 18:53:00,IMVT
10.79,10.8,10.78,10.785,800,2021-06-16 18:54:00,IMVT
10.775,10.775,10.76,10.76,200,2021-06-16 18:55:00,IMVT
10.77,10.81,10.77,10.805,1272,2021-06-16 18:56:00,IMVT
10.8,10.81,10.8,10.81,1300,2021-06-16 18:57:00,IMVT
10.82,10.86,10.82,10.86,2106,2021-06-16 18:58:00,IMVT
10.845,10.845,10.83,10.845,1000,2021-06-16 18:59:00,IMVT
10.85,10.87,10.85,10.87,800,2021-06-16 19:00:00,IMVT
10.87,10.9,10.8633,10.9,3001,2021-06-16 19:01:00,IMVT
10.9,10.9,10.9,10.9,200,2021-06-16 19:02:00,IMVT
10.9,10.9,10.86,10.87,4000,2021-06-16 19:03:00,IMVT
10.86,10.86,10.86,10.86,300,2021-06-16 19:04:00,IMVT
10.86,10.87,10.86,10.8601,905,2021-06-16 19:05:00,IMVT
10.87,10.89,10.87,10.875,902,2021-06-16 19:06:00,IMVT
10.89,10.89,10.89,10.89,400,2021-06-16 19:07:00,IMVT
10.89,10.89,10.89,10.89,200,2021-06-16 19:08:00,IMVT
10.89,10.89,10.89,10.89,400,2021-06-16 19:09:00,IMVT
10.89,10.91,10.89,10.91,2924,2021-06-16 19:10:00,IMVT
10.91,10.92,10.9,10.92,8103,2021-06-16 19:11:00,IMVT
10.92,10.925,10.91,10.92,3149,2021-06-16 19:12:00,IMVT
10.92,10.925,10.92,10.92,1590,2021-06-16 19:13:00,IMVT
10.925,10.93,10.925,10.93,2827,2021-06-16 19:14:00,IMVT
10.92,10.93,10.92,10.9292,2700,2021-06-16 19:15:00,IMVT
10.925,10.925,10.92,10.92,1700,2021-06-16 19:16:00,IMVT
10.915,10.92,10.9,10.9,2100,2021-06-16 19:17:00,IMVT
10.9,10.9035,10.9,10.9,1100,2021-06-16 19:18:00,IMVT
10.905,10.91,10.905,10.91,500,2021-06-16 19:19:00,IMVT
10.91,10.93,10.91,10.92,2163,2021-06-16 19:20:00,IMVT
10.92,10.93,10.92,10.93,474,2021-06-16 19:21:00,IMVT
10.925,10.93,10.925,10.925,400,2021-06-16 19:22:00,IMVT
10.93,10.935,10.93,10.93,1539,2021-06-16 19:23:00,IMVT
10.925,10.95,10.925,10.94,8923,2021-06-16 19:24:00,IMVT
10.939,10.95,10.939,10.95,3243,2021-06-16 19:25:00,IMVT
10.95,10.96,10.94,10.96,11446,2021-06-16 19:26:00,IMVT
10.95,10.9516,10.94,10.94,4297,2021-06-16 19:27:00,IMVT
10.94,10.94,10.92,10.92,1800,2021-06-16 19:28:00,IMVT
10.9212,10.9212,10.905,10.905,365,2021-06-16 19:29:00,IMVT
10.905,10.905,10.9,10.9,300,2021-06-16 19:30:00,IMVT
10.91,10.91,10.9,10.91,1200,2021-06-16 19:31:00,IMVT
10.91,10.91,10.88,10.88,2771,2021-06-16 19:32:00,IMVT
10.87,10.87,10.84,10.84,600,2021-06-16 19:33:00,IMVT
10.84,10.84,10.81,10.81,1000,2021-06-16 19:34:00,IMVT
10.8177,10.85,10.81,10.85,13399,2021-06-16 19:35:00,IMVT
10.84,10.86,10.83,10.86,2784,2021-06-16 19:36:00,IMVT
10.84,10.84,10.84,10.84,100,2021-06-16 19:38:00,IMVT
10.84,10.87,10.84,10.86,4997,2021-06-16 19:39:00,IMVT
10.86,10.87,10.86,10.86,2500,2021-06-16 19:40:00,IMVT
10.87,10.89,10.865,10.88,4153,2021-06-16 19:41:00,IMVT
10.88,10.88,10.87,10.87,4435,2021-06-16 19:42:00,IMVT
10.87,10.88,10.87,10.88,2797,2021-06-16 19:43:00,IMVT
10.88,10.88,10.88,10.88,100,2021-06-16 19:44:00,IMVT
10.88,10.88,10.87,10.88,600,2021-06-16 19:45:00,IMVT
10.875,10.875,10.875,10.875,500,2021-06-16 19:46:00,IMVT
10.88,10.89,10.88,10.89,2392,2021-06-16 19:47:00,IMVT
10.89,10.89,10.88,10.885,5931,2021-06-16 19:48:00,IMVT
10.88,10.89,10.86,10.86,2576,2021-06-16 19:49:00,IMVT
10.865,10.89,10.86,10.89,4938,2021-06-16 19:50:00,IMVT
10.89,10.89,10.89,10.89,300,2021-06-16 19:51:00,IMVT
10.9,10.9,10.89,10.89,903,2021-06-16 19:52:00,IMVT
10.895,10.9,10.89,10.9,1940,2021-06-16 19:53:00,IMVT
10.9,10.9,10.865,10.865,8512,2021-06-16 19:54:00,IMVT
10.86,10.865,10.85,10.85,3326,2021-06-16 19:55:00,IMVT
10.85,10.87,10.85,10.865,6983,2021-06-16 19:56:00,IMVT
10.8699,10.87,10.84,10.84,9597,2021-06-16 19:57:00,IMVT
10.85,10.86,10.85,10.85,8895,2021-06-16 19:58:00,IMVT
10.85,10.89,10.85,10.89,20508,2021-06-16 19:59:00,IMVT
10.89,10.89,10.89,10.89,82204,2021-06-16 20:00:00,IMVT
10.89,10.89,10.89,10.89,167541,2021-06-16 20:01:00,IMVT
10.89,10.89,10.89,10.89,1319,2021-06-16 20:02:00,IMVT
10.8,10.8,10.8,10.8,150,2021-06-17 11:01:00,IMVT
10.79,10.79,10.79,10.79,180,2021-06-17 13:28:00,IMVT
10.87,10.87,10.795,10.795,9857,2021-06-17 13:30:00,IMVT
10.785,10.785,10.785,10.785,100,2021-06-17 13:33:00,IMVT
10.8,10.8,10.8,10.8,300,2021-06-17 13:36:00,IMVT
10.8,10.8,10.8,10.8,134,2021-06-17 13:37:00,IMVT
10.835,10.88,10.825,10.88,2353,2021-06-17 13:40:00,IMVT
10.88,10.89,10.88,10.89,646,2021-06-17 13:41:00,IMVT
10.9,10.92,10.88,10.906,1887,2021-06-17 13:42:00,IMVT
10.9,10.9,10.841,10.841,981,2021-06-17 13:43:00,IMVT
10.87,10.87,10.82,10.82,460,2021-06-17 13:45:00,IMVT
10.845,10.93,10.845,10.93,600,2021-06-17 13:46:00,IMVT
10.85,10.905,10.85,10.905,416,2021-06-17 13:47:00,IMVT
10.915,10.915,10.915,10.915,300,2021-06-17 13:48:00,IMVT
10.915,10.92,10.8994,10.92,576,2021-06-17 13:50:00,IMVT
10.92,10.98,10.92,10.97,7997,2021-06-17 13:51:00,IMVT
10.99,10.99,10.95,10.97,9002,2021-06-17 13:52:00,IMVT
10.98,10.985,10.97,10.97,1137,2021-06-17 13:53:00,IMVT
10.975,10.99,10.975,10.99,400,2021-06-17 13:54:00,IMVT
11.0,11.03,11.0,11.03,4747,2021-06-17 13:55:00,IMVT
11.025,11.025,11.0,11.0,1821,2021-06-17 13:56:00,IMVT
11.01,11.03,11.0027,11.01,500,2021-06-17 13:57:00,IMVT
11.03,11.04,11.02,11.04,678,2021-06-17 13:58:00,IMVT
11.01,11.01,11.01,11.01,200,2021-06-17 13:59:00,IMVT
11.01,11.02,10.99,10.99,2311,2021-06-17 14:00:00,IMVT
10.99,11.0,10.98,10.995,1800,2021-06-17 14:01:00,IMVT
11.0,11.0,10.9908,10.9908,600,2021-06-17 14:02:00,IMVT
11.0,11.02,11.0,11.01,3419,2021-06-17 14:03:00,IMVT
10.995,10.995,10.99,10.99,1400,2021-06-17 14:04:00,IMVT
11.01,11.04,11.01,11.04,2291,2021-06-17 14:06:00,IMVT
11.03,11.03,11.02,11.02,2100,2021-06-17 14:07:00,IMVT
11.01,11.02,11.01,11.01,900,2021-06-17 14:08:00,IMVT
11.0,11.0,10.99,10.99,400,2021-06-17 14:09:00,IMVT
10.97,10.98,10.96,10.98,1417,2021-06-17 14:10:00,IMVT
10.99,11.01,10.97,10.98,1394,2021-06-17 14:11:00,IMVT
10.974,10.974,10.974,10.974,200,2021-06-17 14:12:00,IMVT
10.985,10.985,10.985,10.985,100,2021-06-17 14:13:00,IMVT
11.0,11.04,10.99,11.04,11711,2021-06-17 14:14:00,IMVT
11.03,11.03,11.005,11.005,2235,2021-06-17 14:15:00,IMVT
10.9901,11.0,10.985,10.9971,2030,2021-06-17 14:16:00,IMVT
10.99,11.0,10.99,11.0,1200,2021-06-17 14:17:00,IMVT
11.0173,11.0173,11.0173,11.0173,150,2021-06-17 14:19:00,IMVT
11.013,11.03,11.01,11.03,3200,2021-06-17 14:20:00,IMVT
11.03,11.03,11.03,11.03,114,2021-06-17 14:21:00,IMVT
11.04,11.069,11.04,11.06,12606,2021-06-17 14:22:00,IMVT
11.08,11.08,11.065,11.08,2415,2021-06-17 14:23:00,IMVT
11.0873,11.0873,11.06,11.06,1700,2021-06-17 14:24:00,IMVT
11.05,11.07,11.05,11.07,500,2021-06-17 14:25:00,IMVT
11.06,11.07,11.06,11.06,1912,2021-06-17 14:27:00,IMVT
11.05,11.07,11.05,11.07,16755,2021-06-17 14:28:00,IMVT
11.06,11.08,11.06,11.06,1350,2021-06-17 14:29:00,IMVT
11.06,11.07,11.0541,11.07,715,2021-06-17 14:30:00,IMVT
11.05,11.05,11.03,11.03,1766,2021-06-17 14:31:00,IMVT
11.0,11.0,10.97,10.99,3700,2021-06-17 14:33:00,IMVT
10.99,11.0,10.989,11.0,2900,2021-06-17 14:34:00,IMVT
11.01,11.01,11.0,11.0,200,2021-06-17 14:36:00,IMVT
11.02,11.04,11.02,11.04,1000,2021-06-17 14:37:00,IMVT
11.03,11.055,11.03,11.055,9751,2021-06-17 14:38:00,IMVT
11.04,11.06,11.04,11.06,3350,2021-06-17 14:40:00,IMVT
11.07,11.075,11.07,11.075,900,2021-06-17 14:41:00,IMVT
11.08,11.0899,11.08,11.0899,3548,2021-06-17 14:42:00,IMVT
11.09,11.09,11.0816,11.09,1100,2021-06-17 14:43:00,IMVT
11.09,11.09,11.09,11.09,600,2021-06-17 14:44:00,IMVT
11.09,11.095,11.09,11.09,1919,2021-06-17 14:45:00,IMVT
11.09,11.09,11.08,11.08,1150,2021-06-17 14:46:00,IMVT
11.08,11.08,11.07,11.07,2777,2021-06-17 14:47:00,IMVT
11.08,11.11,11.08,11.11,4972,2021-06-17 14:48:00,IMVT
11.11,11.13,11.0999,11.12,5112,2021-06-17 14:49:00,IMVT
11.12,11.12,11.1123,11.1123,320,2021-06-17 14:50:00,IMVT
11.1,11.1,11.09,11.09,1065,2021-06-17 14:53:00,IMVT
11.1,11.1,11.09,11.1,5985,2021-06-17 14:54:00,IMVT
11.11,11.11,11.11,11.11,100,2021-06-17 14:55:00,IMVT
11.11,11.12,11.11,11.12,200,2021-06-17 14:56:00,IMVT
11.11,11.11,11.1,11.11,1742,2021-06-17 14:57:00,IMVT
11.115,11.12,11.11,11.12,500,2021-06-17 14:58:00,IMVT
11.12,11.12,11.12,11.12,300,2021-06-17 14:59:00,IMVT
11.15,11.15,11.15,11.15,700,2021-06-17 15:00:00,IMVT
11.15,11.15,11.15,11.15,700,2021-06-17 15:01:00,IMVT
11.1563,11.1563,11.1563,11.1563,1000,2021-06-17 15:02:00,IMVT
11.16,11.185,11.16,11.185,1032,2021-06-17 15:03:00,IMVT
11.19,11.2,11.17,11.17,8277,2021-06-17 15:04:00,IMVT
11.1854,11.1854,11.14,11.16,3100,2021-06-17 15:06:00,IMVT
11.16,11.2151,11.15,11.2151,2809,2021-06-17 15:08:00,IMVT
11.1942,11.2,11.1942,11.2,580,2021-06-17 15:09:00,IMVT
11.18,11.19,11.18,11.19,1400,2021-06-17 15:10:00,IMVT
11.18,11.18,11.16,11.16,800,2021-06-17 15:11:00,IMVT
11.17,11.17,11.17,11.17,116,2021-06-17 15:12:00,IMVT
11.1499,11.17,11.13,11.13,3839,2021-06-17 15:13:00,IMVT
11.14,11.15,11.14,11.145,625,2021-06-17 15:14:00,IMVT
11.15,11.16,11.14,11.16,700,2021-06-17 15:15:00,IMVT
11.18,11.18,11.17,11.17,657,2021-06-17 15:16:00,IMVT
11.18,11.19,11.18,11.19,500,2021-06-17 15:17:00,IMVT
11.17,11.18,11.17,11.17,2900,2021-06-17 15:18:00,IMVT
11.18,11.19,11.18,11.19,300,2021-06-17 15:20:00,IMVT
11.18,11.18,11.17,11.17,1300,2021-06-17 15:22:00,IMVT
11.17,11.17,11.16,11.16,500,2021-06-17 15:23:00,IMVT
11.16,11.16,11.155,11.155,1300,2021-06-17 15:25:00,IMVT
11.16,11.1681,11.16,11.1681,1212,2021-06-17 15:26:00,IMVT
11.15,11.16,11.15,11.16,3258,2021-06-17 15:27:00,IMVT
11.1799,11.1799,11.16,11.16,500,2021-06-17 15:28:00,IMVT
11.14,11.14,11.14,11.14,400,2021-06-17 15:29:00,IMVT
11.144,11.144,11.13,11.13,210,2021-06-17 15:30:00,IMVT
11.14,11.17,11.13,11.17,4054,2021-06-17 15:32:00,IMVT
11.175,11.19,11.175,11.19,969,2021-06-17 15:33:00,IMVT
11.19,11.2,11.19,11.2,1360,2021-06-17 15:35:00,IMVT
11.2,11.2,11.19,11.195,1818,2021-06-17 15:36:00,IMVT
11.2,11.2,11.2,11.2,1026,2021-06-17 15:37:00,IMVT
11.2,11.2,11.2,11.2,700,2021-06-17 15:38:00,IMVT
11.21,11.21,11.2,11.2,300,2021-06-17 15:39:00,IMVT
11.21,11.21,11.21,11.21,200,2021-06-17 15:40:00,IMVT
11.21,11.22,11.21,11.22,600,2021-06-17 15:41:00,IMVT
11.25,11.25,11.23,11.23,668,2021-06-17 15:42:00,IMVT
11.25,11.27,11.25,11.26,1298,2021-06-17 15:43:00,IMVT
11.28,11.28,11.24,11.26,1200,2021-06-17 15:45:00,IMVT
11.26,11.26,11.26,11.26,300,2021-06-17 15:46:00,IMVT
11.26,11.26,11.26,11.26,100,2021-06-17 15:47:00,IMVT
11.255,11.27,11.2524,11.27,1184,2021-06-17 15:48:00,IMVT
11.29,11.29,11.26,11.2899,2200,2021-06-17 15:49:00,IMVT
11.2899,11.2899,11.275,11.275,3100,2021-06-17 15:50:00,IMVT
11.2899,11.2899,11.25,11.25,1850,2021-06-17 15:51:00,IMVT
11.2699,11.2699,11.23,11.23,2307,2021-06-17 15:52:00,IMVT
11.26,11.26,11.22,11.22,600,2021-06-17 15:53:00,IMVT
11.2,11.22,11.2,11.22,825,2021-06-17 15:54:00,IMVT
11.215,11.215,11.2,11.2,2770,2021-06-17 15:55:00,IMVT
11.21,11.21,11.18,11.185,5942,2021-06-17 15:56:00,IMVT
11.185,11.2,11.18,11.2,6014,2021-06-17 15:57:00,IMVT
11.22,11.22,11.18,11.205,1792,2021-06-17 15:59:00,IMVT
11.22,11.23,11.22,11.2216,2092,2021-06-17 16:01:00,IMVT
11.24,11.24,11.24,11.24,200,2021-06-17 16:02:00,IMVT
11.245,11.245,11.22,11.22,1303,2021-06-17 16:03:00,IMVT
11.22,11.22,11.2,11.205,1012,2021-06-17 16:04:00,IMVT
11.21,11.21,11.19,11.19,800,2021-06-17 16:05:00,IMVT
11.19,11.22,11.18,11.18,3549,2021-06-17 16:06:00,IMVT
11.18,11.2,11.17,11.19,2100,2021-06-17 16:07:00,IMVT
11.18,11.21,11.18,11.18,1150,2021-06-17 16:08:00,IMVT
11.1876,11.21,11.1876,11.21,277,2021-06-17 16:09:00,IMVT
11.19,11.19,11.19,11.19,600,2021-06-17 16:10:00,IMVT
11.18,11.18,11.16,11.17,1300,2021-06-17 16:11:00,IMVT
11.15,11.17,11.15,11.17,400,2021-06-17 16:12:00,IMVT
11.16,11.16,11.16,11.16,250,2021-06-17 16:13:00,IMVT
11.17,11.2,11.17,11.18,11806,2021-06-17 16:14:00,IMVT
11.16,11.16,11.14,11.14,3106,2021-06-17 16:15:00,IMVT
11.14,11.14,11.085,11.085,2476,2021-06-17 16:17:00,IMVT
11.07,11.085,11.07,11.07,1100,2021-06-17 16:18:00,IMVT
11.07,11.07,11.06,11.06,500,2021-06-17 16:19:00,IMVT
11.05,11.05,11.03,11.0301,4497,2021-06-17 16:20:00,IMVT
11.03,11.06,11.03,11.06,400,2021-06-17 16:21:00,IMVT
11.06,11.06,11.05,11.051,860,2021-06-17 16:22:00,IMVT
11.05,11.0599,11.03,11.03,1000,2021-06-17 16:23:00,IMVT
11.03,11.03,11.02,11.03,4293,2021-06-17 16:24:00,IMVT
11.04,11.04,11.03,11.03,400,2021-06-17 16:25:00,IMVT
11.03,11.03,11.03,11.03,800,2021-06-17 16:26:00,IMVT
11.0,11.0,11.0,11.0,100,2021-06-17 16:28:00,IMVT
11.0,11.0,10.9872,10.9872,1201,2021-06-17 16:29:00,IMVT
10.99,10.99,10.985,10.985,200,2021-06-17 16:30:00,IMVT
10.98,11.0,10.98,11.0,1000,2021-06-17 16:31:00,IMVT
11.01,11.01,11.005,11.005,1279,2021-06-17 16:32:00,IMVT
11.005,11.01,11.005,11.01,800,2021-06-17 16:33:00,IMVT
11.01,11.01,11.0,11.0057,1350,2021-06-17 16:34:00,IMVT
11.02,11.02,11.02,11.02,100,2021-06-17 16:35:00,IMVT
11.0,11.0,10.99,10.99,1070,2021-06-17 16:36:00,IMVT
10.99,11.0,10.99,11.0,700,2021-06-17 16:37:00,IMVT
10.99,11.0,10.98,11.0,1750,2021-06-17 16:39:00,IMVT
11.005,11.01,11.005,11.01,300,2021-06-17 16:40:00,IMVT
11.01,11.02,11.0016,11.01,2600,2021-06-17 16:41:00,IMVT
11.005,11.005,10.99,11.0,800,2021-06-17 16:42:00,IMVT
10.98,10.98,10.98,10.98,200,2021-06-17 16:43:00,IMVT
10.97,10.97,10.95,10.95,2274,2021-06-17 16:44:00,IMVT
10.94,10.94,10.94,10.94,200,2021-06-17 16:45:00,IMVT
10.94,10.94,10.94,10.94,100,2021-06-17 16:46:00,IMVT
10.93,10.93,10.93,10.93,200,2021-06-17 16:48:00,IMVT
10.94,10.94,10.94,10.94,100,2021-06-17 16:49:00,IMVT
10.95,10.95,10.95,10.95,100,2021-06-17 16:50:00,IMVT
10.93,10.93,10.93,10.93,200,2021-06-17 16:51:00,IMVT
10.95,10.97,10.95,10.95,3100,2021-06-17 16:52:00,IMVT
10.96,10.97,10.96,10.97,755,2021-06-17 16:53:00,IMVT
10.955,10.97,10.955,10.97,200,2021-06-17 16:55:00,IMVT
10.94,10.96,10.94,10.94,300,2021-06-17 16:57:00,IMVT
10.94,10.94,10.93,10.94,1100,2021-06-17 16:58:00,IMVT
10.95,10.96,10.94,10.96,700,2021-06-17 16:59:00,IMVT
10.97,11.02,10.97,11.02,300,2021-06-17 17:00:00,IMVT
11.02,11.02,11.02,11.02,5200,2021-06-17 17:01:00,IMVT
11.02,11.02,11.02,11.02,200,2021-06-17 17:02:00,IMVT
11.02,11.02,11.02,11.02,100,2021-06-17 17:03:00,IMVT
10.98,11.01,10.98,11.01,200,2021-06-17 17:04:00,IMVT
11.01,11.01,10.98,11.0,2100,2021-06-17 17:05:00,IMVT
11.02,11.02,11.02,11.02,100,2021-06-17 17:06:00,IMVT
11.02,11.02,11.0,11.02,400,2021-06-17 17:07:00,IMVT
11.02,11.02,11.01,11.01,835,2021-06-17 17:08:00,IMVT
11.03,11.03,11.02,11.02,922,2021-06-17 17:09:00,IMVT
11.02,11.03,11.02,11.03,400,2021-06-17 17:10:00,IMVT
11.02,11.025,11.01,11.01,3135,2021-06-17 17:11:00,IMVT
11.005,11.005,11.005,11.005,100,2021-06-17 17:14:00,IMVT
11.005,11.005,10.99,10.99,300,2021-06-17 17:16:00,IMVT
10.99,11.01,10.99,11.005,1480,2021-06-17 17:17:00,IMVT
11.005,11.005,11.005,11.005,500,2021-06-17 17:18:00,IMVT
11.0,11.005,10.99,11.0,1700,2021-06-17 17:19:00,IMVT
11.0,11.005,11.0,11.0,1360,2021-06-17 17:21:00,IMVT
11.0,11.005,10.99,10.99,1831,2021-06-17 17:22:00,IMVT
10.99,10.99,10.98,10.98,1304,2021-06-17 17:23:00,IMVT
10.99,10.99,10.99,10.99,1006,2021-06-17 17:24:00,IMVT
10.98,10.98,10.97,10.9777,858,2021-06-17 17:25:00,IMVT
10.975,10.975,10.97,10.97,4212,2021-06-17 17:26:00,IMVT
10.96,10.96,10.96,10.96,100,2021-06-17 17:27:00,IMVT
10.9616,10.9616,10.9616,10.9616,500,2021-06-17 17:28:00,IMVT
10.97,10.98,10.97,10.98,900,2021-06-17 17:29:00,IMVT
10.98,10.99,10.98,10.99,400,2021-06-17 17:30:00,IMVT
10.99,10.99,10.99,10.99,200,2021-06-17 17:31:00,IMVT
10.98,10.99,10.98,10.99,1200,2021-06-17 17:32:00,IMVT
11.0,11.0,10.995,10.995,471,2021-06-17 17:33:00,IMVT
10.99,10.99,10.98,10.99,900,2021-06-17 17:34:00,IMVT
10.98,10.99,10.98,10.98,2568,2021-06-17 17:35:00,IMVT
10.975,10.975,10.96,10.96,1000,2021-06-17 17:36:00,IMVT
10.96,10.96,10.95,10.95,1000,2021-06-17 17:38:00,IMVT
10.95,10.96,10.95,10.96,260,2021-06-17 17:40:00,IMVT
10.96,10.975,10.95,10.975,1500,2021-06-17 17:42:00,IMVT
10.98,10.985,10.98,10.985,300,2021-06-17 17:43:00,IMVT
10.98,11.0,10.98,11.0,200,2021-06-17 17:44:00,IMVT
11.0,11.0,11.0,11.0,400,2021-06-17 17:45:00,IMVT
11.005,11.005,11.005,11.005,100,2021-06-17 17:46:00,IMVT
11.005,11.02,10.99,11.0,3919,2021-06-17 17:47:00,IMVT
11.0,11.0,11.0,11.0,100,2021-06-17 17:49:00,IMVT
11.005,11.005,11.0001,11.0001,1000,2021-06-17 17:50:00,IMVT
11.01,11.01,11.01,11.01,100,2021-06-17 17:51:00,IMVT
11.01,11.02,11.01,11.02,2586,2021-06-17 17:52:00,IMVT
11.005,11.005,10.9934,10.9934,1856,2021-06-17 17:53:00,IMVT
10.995,10.995,10.99,10.99,1181,2021-06-17 17:54:00,IMVT
10.99,10.99,10.98,10.98,400,2021-06-17 17:55:00,IMVT
10.97,10.98,10.97,10.98,200,2021-06-17 17:56:00,IMVT
10.9767,10.98,10.9767,10.98,700,2021-06-17 17:58:00,IMVT
10.98,10.98,10.98,10.98,100,2021-06-17 17:59:00,IMVT
10.96,11.0,10.96,11.0,2300,2021-06-17 18:00:00,IMVT
10.99,10.99,10.98,10.99,600,2021-06-17 18:01:00,IMVT
10.98,10.98,10.97,10.97,500,2021-06-17 18:02:00,IMVT
10.98,10.98,10.9601,10.9601,712,2021-06-17 18:03:00,IMVT
10.9767,10.9767,10.96,10.96,700,2021-06-17 18:04:00,IMVT
10.98,10.98,10.97,10.97,1700,2021-06-17 18:05:00,IMVT
10.98,10.99,10.98,10.98,800,2021-06-17 18:07:00,IMVT
10.985,10.99,10.98,10.99,1190,2021-06-17 18:08:00,IMVT
11.0,11.0,11.0,11.0,500,2021-06-17 18:10:00,IMVT
11.02,11.02,11.02,11.02,1018,2021-06-17 18:11:00,IMVT
11.01,11.01,11.005,11.01,2063,2021-06-17 18:12:00,IMVT
11.005,11.005,11.005,11.005,494,2021-06-17 18:13:00,IMVT
11.005,11.01,11.005,11.005,999,2021-06-17 18:14:00,IMVT
11.0082,11.01,11.005,11.01,500,2021-06-17 18:15:00,IMVT
11.01,11.01,10.995,10.995,1460,2021-06-17 18:16:00,IMVT
10.99,10.99,10.99,10.99,100,2021-06-17 18:17:00,IMVT
11.0,11.0,11.0,11.0,1636,2021-06-17 18:18:00,IMVT
11.0,11.0,11.0,11.0,100,2021-06-17 18:19:00,IMVT
11.0,11.0,11.0,11.0,100,2021-06-17 18:20:00,IMVT
11.0,11.0,11.0,11.0,100,2021-06-17 18:21:00,IMVT
11.0,11.0,11.0,11.0,1900,2021-06-17 18:22:00,IMVT
11.0,11.01,11.0,11.01,200,2021-06-17 18:23:00,IMVT
11.0,11.01,11.0,11.01,2424,2021-06-17 18:24:00,IMVT
11.005,11.005,10.99,10.99,2552,2021-06-17 18:25:00,IMVT
10.995,10.995,10.995,10.995,100,2021-06-17 18:26:00,IMVT
10.97,10.97,10.97,10.97,400,2021-06-17 18:27:00,IMVT
10.9614,10.9614,10.9614,10.9614,100,2021-06-17 18:28:00,IMVT
10.97,10.97,10.97,10.97,100,2021-06-17 18:30:00,IMVT
10.96,10.96,10.955,10.96,600,2021-06-17 18:31:00,IMVT
10.96,10.96,10.95,10.95,500,2021-06-17 18:33:00,IMVT
10.955,10.97,10.955,10.97,1861,2021-06-17 18:34:00,IMVT
10.97,10.97,10.97,10.97,300,2021-06-17 18:35:00,IMVT
10.965,10.97,10.965,10.97,706,2021-06-17 18:36:00,IMVT
10.99,11.0,10.99,10.995,690,2021-06-17 18:37:00,IMVT
11.0,11.005,11.0,11.005,500,2021-06-17 18:38:00,IMVT
11.015,11.015,11.015,11.015,100,2021-06-17 18:39:00,IMVT
11.03,11.03,11.01,11.01,300,2021-06-17 18:40:00,IMVT
11.01,11.01,11.01,11.01,200,2021-06-17 18:41:00,IMVT
11.02,11.02,11.02,11.02,100,2021-06-17 18:42:00,IMVT
11.01,11.02,11.0,11.005,1434,2021-06-17 18:43:00,IMVT
11.005,11.01,11.005,11.005,400,2021-06-17 18:44:00,IMVT
11.0,11.005,11.0,11.0,2400,2021-06-17 18:45:00,IMVT
11.0,11.0,11.0,11.0,600,2021-06-17 18:46:00,IMVT
11.0,11.01,11.0,11.005,2150,2021-06-17 18:47:00,IMVT
11.005,11.005,11.005,11.005,200,2021-06-17 18:48:00,IMVT
11.0,11.0,11.0,11.0,201,2021-06-17 18:49:00,IMVT
11.0,11.0,11.0,11.0,700,2021-06-17 18:50:00,IMVT
11.0,11.02,11.0,11.02,2281,2021-06-17 18:51:00,IMVT
11.03,11.04,11.03,11.03,300,2021-06-17 18:52:00,IMVT
11.04,11.04,11.04,11.04,100,2021-06-17 18:53:00,IMVT
11.04,11.04,11.04,11.04,300,2021-06-17 18:54:00,IMVT
11.04,11.04,11.025,11.025,1900,2021-06-17 18:55:00,IMVT
11.025,11.028,11.025,11.028,225,2021-06-17 18:56:00,IMVT
11.03,11.03,11.03,11.03,1050,2021-06-17 18:57:00,IMVT
11.04,11.04,11.02,11.02,1940,2021-06-17 18:59:00,IMVT
11.025,11.035,11.025,11.035,684,2021-06-17 19:00:00,IMVT
11.03,11.03,11.02,11.02,500,2021-06-17 19:01:00,IMVT
11.025,11.025,11.025,11.025,700,2021-06-17 19:02:00,IMVT
11.03,11.04,11.03,11.04,1000,2021-06-17 19:03:00,IMVT
11.045,11.1,11.045,11.08,1858,2021-06-17 19:04:00,IMVT
11.0741,11.09,11.0741,11.09,210,2021-06-17 19:05:00,IMVT
11.09,11.09,11.09,11.09,200,2021-06-17 19:06:00,IMVT
11.09,11.09,11.08,11.08,500,2021-06-17 19:07:00,IMVT
11.09,11.09,11.08,11.09,300,2021-06-17 19:08:00,IMVT
11.09,11.09,11.09,11.09,428,2021-06-17 19:09:00,IMVT
11.09,11.09,11.09,11.09,786,2021-06-17 19:10:00,IMVT
11.095,11.12,11.095,11.1,2263,2021-06-17 19:11:00,IMVT
11.11,11.12,11.11,11.12,1096,2021-06-17 19:12:00,IMVT
11.11,11.11,11.1,11.11,2036,2021-06-17 19:13:00,IMVT
11.09,11.09,11.07,11.08,3961,2021-06-17 19:15:00,IMVT
11.06,11.07,11.06,11.07,303,2021-06-17 19:16:00,IMVT
11.06,11.06,11.06,11.06,200,2021-06-17 19:17:00,IMVT
11.07,11.07,11.0574,11.0574,200,2021-06-17 19:18:00,IMVT
11.07,11.07,11.05,11.05,2803,2021-06-17 19:19:00,IMVT
11.04,11.05,11.04,11.05,2073,2021-06-17 19:20:00,IMVT
11.04,11.04,11.0184,11.0184,2200,2021-06-17 19:21:00,IMVT
11.02,11.03,11.02,11.03,200,2021-06-17 19:22:00,IMVT
11.01,11.03,11.01,11.03,200,2021-06-17 19:23:00,IMVT
11.02,11.03,11.01,11.03,800,2021-06-17 19:25:00,IMVT
11.03,11.03,11.03,11.03,300,2021-06-17 19:26:00,IMVT
11.02,11.03,11.02,11.03,201,2021-06-17 19:27:00,IMVT
11.02,11.02,11.0,11.0,4850,2021-06-17 19:28:00,IMVT
11.0,11.015,11.0,11.015,740,2021-06-17 19:29:00,IMVT
11.01,11.02,11.01,11.01,1375,2021-06-17 19:30:00,IMVT
11.03,11.07,11.02,11.07,2855,2021-06-17 19:31:00,IMVT
11.07,11.07,11.05,11.05,2304,2021-06-17 19:32:00,IMVT
11.07,11.09,11.07,11.07,2157,2021-06-17 19:33:00,IMVT
11.07,11.07,11.065,11.07,2961,2021-06-17 19:34:00,IMVT
11.07,11.08,11.06,11.08,5755,2021-06-17 19:35:00,IMVT
11.07,11.07,11.06,11.06,950,2021-06-17 19:36:00,IMVT
11.06,11.07,11.04,11.07,5268,2021-06-17 19:37:00,IMVT
11.075,11.08,11.07,11.075,1667,2021-06-17 19:38:00,IMVT
11.07,11.075,11.07,11.075,700,2021-06-17 19:39:00,IMVT
11.075,11.09,11.075,11.09,1631,2021-06-17 19:40:00,IMVT
11.09,11.095,11.09,11.095,300,2021-06-17 19:41:00,IMVT
11.095,11.095,11.07,11.075,5123,2021-06-17 19:42:00,IMVT
11.07,11.09,11.07,11.085,5838,2021-06-17 19:43:00,IMVT
11.08,11.08,11.07,11.075,1100,2021-06-17 19:44:00,IMVT
11.07,11.08,11.07,11.08,300,2021-06-17 19:45:00,IMVT
11.08,11.09,11.075,11.085,4594,2021-06-17 19:46:00,IMVT
11.085,11.09,11.085,11.085,1100,2021-06-17 19:47:00,IMVT
11.09,11.11,11.085,11.1,3923,2021-06-17 19:48:00,IMVT
11.12,11.14,11.11,11.115,7949,2021-06-17 19:49:00,IMVT
11.13,11.13,11.12,11.12,6013,2021-06-17 19:50:00,IMVT
11.13,11.13,11.12,11.12,1468,2021-06-17 19:51:00,IMVT
11.12,11.13,11.12,11.12,844,2021-06-17 19:52:00,IMVT
11.12,11.145,11.12,11.125,6954,2021-06-17 19:53:00,IMVT
11.12,11.12,11.11,11.115,2187,2021-06-17 19:54:00,IMVT
11.11,11.13,11.11,11.125,6374,2021-06-17 19:55:00,IMVT
11.13,11.13,11.1221,11.13,6076,2021-06-17 19:56:00,IMVT
11.13,11.15,11.13,11.14,7950,2021-06-17 19:57:00,IMVT
11.135,11.14,11.13,11.13,2900,2021-06-17 19:58:00,IMVT
11.14,11.15,11.13,11.14,10925,2021-06-17 19:59:00,IMVT
11.14,11.14,11.14,11.14,46755,2021-06-17 20:00:00,IMVT
11.14,11.14,11.14,11.14,4159,2021-06-17 20:01:00,IMVT
11.14,11.14,11.14,11.14,100,2021-06-17 20:32:00,IMVT
11.14,11.14,11.14,11.14,100,2021-06-17 20:35:00,IMVT
11.13,11.13,11.13,11.13,400,2021-06-17 21:50:00,IMVT
11.0,11.0,11.0,11.0,100,2021-06-17 22:03:00,IMVT
11.44,11.44,11.44,11.44,100,2021-06-18 08:48:00,IMVT
11.5,11.5,11.5,11.5,150,2021-06-18 08:51:00,IMVT
11.0,11.0,11.0,11.0,190,2021-06-18 13:08:00,IMVT
11.01,11.01,10.99,10.99,200,2021-06-18 13:29:00,IMVT
11.0,11.19,11.0,11.0511,44153,2021-06-18 13:30:00,IMVT
11.1579,11.1579,11.1579,11.1579,451,2021-06-18 13:31:00,IMVT
11.1882,11.1882,11.1,11.1538,730,2021-06-18 13:32:00,IMVT
11.1581,11.1581,11.01,11.01,2549,2021-06-18 13:34:00,IMVT
11.18,11.18,11.18,11.18,100,2021-06-18 13:35:00,IMVT
11.02,11.09,11.02,11.0829,618,2021-06-18 13:36:00,IMVT
11.0348,11.0348,11.0348,11.0348,284,2021-06-18 13:38:00,IMVT
11.06,11.06,11.06,11.06,300,2021-06-18 13:40:00,IMVT
11.09,11.09,11.05,11.05,800,2021-06-18 13:41:00,IMVT
11.06,11.065,11.03,11.06,883,2021-06-18 13:42:00,IMVT
11.0345,11.06,11.03,11.06,1240,2021-06-18 13:43:00,IMVT
11.06,11.1,11.06,11.08,400,2021-06-18 13:44:00,IMVT
11.0504,11.07,11.03,11.03,1000,2021-06-18 13:45:00,IMVT
11.03,11.03,11.03,11.03,100,2021-06-18 13:46:00,IMVT
11.05,11.05,11.05,11.05,100,2021-06-18 13:47:00,IMVT
11.0511,11.0511,11.02,11.02,200,2021-06-18 13:48:00,IMVT
11.065,11.065,11.01,11.01,386,2021-06-18 13:49:00,IMVT
11.02,11.04,11.01,11.03,2440,2021-06-18 13:50:00,IMVT
11.01,11.08,10.94,11.025,7328,2021-06-18 13:51:00,IMVT
11.05,11.05,11.0306,11.0306,358,2021-06-18 13:52:00,IMVT
11.025,11.025,10.99,10.99,1065,2021-06-18 13:53:00,IMVT
11.01,11.01,10.9975,11.0,700,2021-06-18 13:54:00,IMVT
10.9876,10.9876,10.9876,10.9876,100,2021-06-18 13:55:00,IMVT
10.9919,10.9919,10.9919,10.9919,258,2021-06-18 13:56:00,IMVT
11.02,11.065,11.02,11.03,1539,2021-06-18 13:57:00,IMVT
11.05,11.05,11.05,11.05,200,2021-06-18 13:58:00,IMVT
11.07,11.07,10.9601,10.9601,1000,2021-06-18 13:59:00,IMVT
10.985,11.01,10.985,11.01,1500,2021-06-18 14:00:00,IMVT
10.99,10.99,10.97,10.97,1290,2021-06-18 14:01:00,IMVT
10.94,10.97,10.94,10.97,1600,2021-06-18 14:02:00,IMVT
10.951,10.965,10.93,10.93,1700,2021-06-18 14:03:00,IMVT
10.94,10.94,10.87,10.935,3832,2021-06-18 14:04:00,IMVT
10.96,10.96,10.9499,10.9499,200,2021-06-18 14:06:00,IMVT
10.945,10.97,10.945,10.9604,1300,2021-06-18 14:08:00,IMVT
10.93,10.9677,10.93,10.96,1153,2021-06-18 14:09:00,IMVT
10.945,10.945,10.92,10.92,500,2021-06-18 14:10:00,IMVT
10.92,10.94,10.92,10.93,1432,2021-06-18 14:12:00,IMVT
10.93,10.95,10.93,10.95,500,2021-06-18 14:13:00,IMVT
10.92,10.92,10.91,10.91,408,2021-06-18 14:14:00,IMVT
10.91,10.925,10.9,10.925,6809,2021-06-18 14:15:00,IMVT
10.93,10.93,10.89,10.89,208,2021-06-18 14:16:00,IMVT
10.9,10.91,10.89,10.91,3015,2021-06-18 14:17:00,IMVT
10.89,10.89,10.83,10.83,3147,2021-06-18 14:18:00,IMVT
10.8334,10.8334,10.82,10.82,300,2021-06-18 14:20:00,IMVT
10.82,10.8499,10.81,10.8385,2385,2021-06-18 14:21:00,IMVT
10.82,10.82,10.82,10.82,100,2021-06-18 14:22:00,IMVT
10.825,10.86,10.82,10.86,4764,2021-06-18 14:23:00,IMVT
10.86,10.87,10.86,10.87,200,2021-06-18 14:24:00,IMVT
10.88,10.88,10.81,10.83,7547,2021-06-18 14:25:00,IMVT
10.85,10.85,10.85,10.85,100,2021-06-18 14:27:00,IMVT
10.8418,10.8418,10.8418,10.8418,100,2021-06-18 14:28:00,IMVT
10.87,10.95,10.87,10.91,3900,2021-06-18 14:29:00,IMVT
10.91,10.91,10.89,10.89,1337,2021-06-18 14:30:00,IMVT
10.85,10.88,10.85,10.87,1000,2021-06-18 14:31:00,IMVT
10.89,10.9,10.89,10.8997,1500,2021-06-18 14:32:00,IMVT
10.92,10.92,10.92,10.92,300,2021-06-18 14:34:00,IMVT
10.93,10.93,10.91,10.91,368,2021-06-18 14:35:00,IMVT
10.93,10.93,10.9,10.91,1237,2021-06-18 14:36:00,IMVT
10.91,10.91,10.91,10.91,200,2021-06-18 14:37:00,IMVT
10.9173,10.9173,10.9173,10.9173,180,2021-06-18 14:38:00,IMVT
10.91,10.92,10.89,10.92,800,2021-06-18 14:39:00,IMVT
10.93,10.93,10.915,10.92,732,2021-06-18 14:40:00,IMVT
10.94,10.94,10.94,10.94,100,2021-06-18 14:41:00,IMVT
10.96,10.98,10.94,10.94,1304,2021-06-18 14:42:00,IMVT
10.935,10.935,10.935,10.935,211,2021-06-18 14:44:00,IMVT
10.93,10.96,10.93,10.96,300,2021-06-18 14:45:00,IMVT
10.96,10.96,10.96,10.96,200,2021-06-18 14:46:00,IMVT
10.96,10.96,10.96,10.96,100,2021-06-18 14:47:00,IMVT
10.96,11.02,10.96,10.9902,1312,2021-06-18 14:48:00,IMVT
11.03,11.03,11.015,11.015,222,2021-06-18 14:49:00,IMVT
11.03,11.03,11.0,11.0,3050,2021-06-18 14:50:00,IMVT
11.0,11.0,10.98,10.99,1730,2021-06-18 14:51:00,IMVT
10.985,10.985,10.96,10.96,500,2021-06-18 14:52:00,IMVT
10.955,10.955,10.955,10.955,100,2021-06-18 14:53:00,IMVT
10.98,10.98,10.97,10.97,620,2021-06-18 14:55:00,IMVT
10.965,10.965,10.965,10.965,100,2021-06-18 14:56:00,IMVT
10.97,10.97,10.97,10.97,100,2021-06-18 14:57:00,IMVT
10.98,10.98,10.98,10.98,700,2021-06-18 14:58:00,IMVT
10.97,10.98,10.96,10.97,974,2021-06-18 14:59:00,IMVT
10.964,10.97,10.95,10.95,3675,2021-06-18 15:00:00,IMVT
10.95,11.02,10.9416,11.02,8543,2021-06-18 15:01:00,IMVT
11.0323,11.0323,11.0323,11.0323,250,2021-06-18 15:02:00,IMVT
11.03,11.03,11.03,11.03,600,2021-06-18 15:04:00,IMVT
11.04,11.055,11.02,11.02,1900,2021-06-18 15:05:00,IMVT
11.05,11.05,11.04,11.04,2800,2021-06-18 15:06:00,IMVT
11.045,11.06,11.045,11.06,300,2021-06-18 15:07:00,IMVT
11.02,11.04,11.02,11.04,1300,2021-06-18 15:08:00,IMVT
11.02,11.02,11.01,11.02,500,2021-06-18 15:09:00,IMVT
11.0,11.0,11.0,11.0,200,2021-06-18 15:12:00,IMVT
10.98,10.98,10.9401,10.9401,1903,2021-06-18 15:13:00,IMVT
10.98,11.0,10.98,11.0,1618,2021-06-18 15:14:00,IMVT
11.0,11.03,11.0,11.03,300,2021-06-18 15:15:00,IMVT
11.02,11.02,11.02,11.02,175,2021-06-18 15:16:00,IMVT
11.025,11.025,11.025,11.025,100,2021-06-18 15:17:00,IMVT
11.021,11.021,11.021,11.021,175,2021-06-18 15:18:00,IMVT
11.02,11.06,11.02,11.0295,800,2021-06-18 15:19:00,IMVT
11.0256,11.04,11.02,11.02,500,2021-06-18 15:20:00,IMVT
11.03,11.03,11.03,11.03,100,2021-06-18 15:22:00,IMVT
11.03,11.035,11.02,11.03,500,2021-06-18 15:23:00,IMVT
11.035,11.035,11.0,11.0,1121,2021-06-18 15:24:00,IMVT
10.99,10.99,10.99,10.99,200,2021-06-18 15:25:00,IMVT
10.985,10.985,10.985,10.985,100,2021-06-18 15:26:00,IMVT
11.0,11.025,11.0,11.025,1365,2021-06-18 15:27:00,IMVT
11.02,11.02,11.02,11.02,100,2021-06-18 15:28:00,IMVT
11.02,11.02,11.02,11.02,200,2021-06-18 15:29:00,IMVT
11.02,11.02,11.02,11.02,400,2021-06-18 15:30:00,IMVT
11.025,11.03,11.025,11.025,1649,2021-06-18 15:31:00,IMVT
11.025,11.03,11.025,11.025,1140,2021-06-18 15:32:00,IMVT
11.025,11.025,11.02,11.025,742,2021-06-18 15:33:00,IMVT
11.01,11.01,11.01,11.01,100,2021-06-18 15:34:00,IMVT
11.01,11.04,11.01,11.04,350,2021-06-18 15:35:00,IMVT
11.04,11.04,11.035,11.035,715,2021-06-18 15:36:00,IMVT
11.035,11.035,11.035,11.035,900,2021-06-18 15:37:00,IMVT
11.04,11.04,11.035,11.04,800,2021-06-18 15:38:00,IMVT
11.03,11.03,11.03,11.03,700,2021-06-18 15:39:00,IMVT
11.02,11.02,11.02,11.02,500,2021-06-18 15:40:00,IMVT
11.01,11.01,10.99,10.99,200,2021-06-18 15:42:00,IMVT
10.99,10.99,10.99,10.99,200,2021-06-18 15:43:00,IMVT
11.0,11.0,10.99,10.99,590,2021-06-18 15:44:00,IMVT
10.97,10.97,10.97,10.97,100,2021-06-18 15:46:00,IMVT
11.0,11.0,10.98,11.0,1100,2021-06-18 15:47:00,IMVT
11.015,11.015,11.015,11.015,100,2021-06-18 15:48:00,IMVT
11.01,11.01,11.01,11.01,600,2021-06-18 15:49:00,IMVT
11.03,11.03,11.02,11.02,200,2021-06-18 15:51:00,IMVT
11.01,11.02,11.01,11.02,300,2021-06-18 15:52:00,IMVT
11.01,11.01,11.0,11.0,777,2021-06-18 15:54:00,IMVT
10.99,11.01,10.99,11.01,400,2021-06-18 15:55:00,IMVT
11.01,11.02,11.01,11.02,1600,2021-06-18 15:58:00,IMVT
11.01,11.03,11.01,11.02,3500,2021-06-18 15:59:00,IMVT
11.03,11.03,11.02,11.02,397,2021-06-18 16:00:00,IMVT
11.02,11.02,11.01,11.01,300,2021-06-18 16:01:00,IMVT
11.025,11.025,11.025,11.025,100,2021-06-18 16:02:00,IMVT
11.02,11.02,11.02,11.02,100,2021-06-18 16:03:00,IMVT
11.025,11.025,11.01,11.01,500,2021-06-18 16:04:00,IMVT
11.0117,11.0117,11.0,11.0,800,2021-06-18 16:05:00,IMVT
11.0,11.01,11.0,11.01,614,2021-06-18 16:06:00,IMVT
10.995,10.995,10.99,10.99,502,2021-06-18 16:08:00,IMVT
10.995,10.995,10.995,10.995,100,2021-06-18 16:10:00,IMVT
10.98,10.98,10.98,10.98,600,2021-06-18 16:11:00,IMVT
10.97,10.97,10.97,10.97,200,2021-06-18 16:12:00,IMVT
10.97,10.97,10.97,10.97,158,2021-06-18 16:13:00,IMVT
10.97,10.97,10.97,10.97,100,2021-06-18 16:15:00,IMVT
10.96,10.96,10.96,10.96,100,2021-06-18 16:16:00,IMVT
10.97,10.97,10.97,10.97,100,2021-06-18 16:17:00,IMVT
10.95,10.95,10.94,10.94,1525,2021-06-18 16:19:00,IMVT
10.94,10.94,10.93,10.94,700,2021-06-18 16:20:00,IMVT
10.92,10.94,10.92,10.94,200,2021-06-18 16:21:00,IMVT
10.94,10.94,10.94,10.94,1842,2021-06-18 16:22:00,IMVT
10.955,10.97,10.955,10.97,200,2021-06-18 16:23:00,IMVT
10.97,10.97,10.939,10.939,1200,2021-06-18 16:24:00,IMVT
10.95,10.95,10.95,10.95,100,2021-06-18 16:26:00,IMVT
10.944,10.944,10.944,10.944,200,2021-06-18 16:27:00,IMVT
10.95,10.95,10.93,10.93,800,2021-06-18 16:28:00,IMVT
10.94,10.95,10.94,10.95,800,2021-06-18 16:29:00,IMVT
10.94,10.955,10.94,10.955,200,2021-06-18 16:30:00,IMVT
10.955,10.955,10.955,10.955,100,2021-06-18 16:31:00,IMVT
10.95,10.95,10.94,10.94,200,2021-06-18 16:32:00,IMVT
10.96,10.96,10.93,10.93,855,2021-06-18 16:33:00,IMVT
10.93,10.95,10.93,10.93,1100,2021-06-18 16:34:00,IMVT
10.93,10.93,10.93,10.93,301,2021-06-18 16:35:00,IMVT
10.94,10.94,10.93,10.93,800,2021-06-18 16:37:00,IMVT
10.92,10.92,10.92,10.92,200,2021-06-18 16:38:00,IMVT
10.92,10.93,10.92,10.93,200,2021-06-18 16:40:00,IMVT
10.9261,10.9261,10.9261,10.9261,100,2021-06-18 16:41:00,IMVT
10.93,10.93,10.91,10.91,200,2021-06-18 16:42:00,IMVT
10.925,10.93,10.92,10.93,300,2021-06-18 16:43:00,IMVT
10.92,10.92,10.91,10.91,547,2021-06-18 16:44:00,IMVT
10.9,10.9,10.9,10.9,100,2021-06-18 16:45:00,IMVT
10.894,10.894,10.894,10.894,200,2021-06-18 16:46:00,IMVT
10.89,10.89,10.89,10.89,200,2021-06-18 16:48:00,IMVT
10.9,10.93,10.9,10.93,1140,2021-06-18 16:49:00,IMVT
10.91,10.91,10.9,10.9,701,2021-06-18 16:50:00,IMVT
10.88,10.88,10.86,10.88,3000,2021-06-18 16:51:00,IMVT
10.87,10.88,10.87,10.88,400,2021-06-18 16:52:00,IMVT
10.88,10.89,10.88,10.89,400,2021-06-18 16:53:00,IMVT
10.91,10.93,10.91,10.93,500,2021-06-18 16:54:00,IMVT
10.94,10.94,10.94,10.94,100,2021-06-18 16:56:00,IMVT
10.94,10.955,10.94,10.955,800,2021-06-18 16:58:00,IMVT
10.94,10.95,10.93,10.93,900,2021-06-18 16:59:00,IMVT
10.93,10.93,10.93,10.93,389,2021-06-18 17:00:00,IMVT
10.91,10.91,10.91,10.91,200,2021-06-18 17:02:00,IMVT
10.92,10.92,10.9146,10.92,300,2021-06-18 17:03:00,IMVT
10.93,10.93,10.91,10.91,200,2021-06-18 17:05:00,IMVT
10.93,10.93,10.93,10.93,100,2021-06-18 17:06:00,IMVT
10.92,10.94,10.92,10.94,1345,2021-06-18 17:07:00,IMVT
10.9342,10.95,10.9342,10.95,300,2021-06-18 17:08:00,IMVT
10.96,10.96,10.93,10.94,2084,2021-06-18 17:10:00,IMVT
10.9565,10.96,10.9565,10.96,381,2021-06-18 17:12:00,IMVT
10.94,10.94,10.94,10.94,100,2021-06-18 17:13:00,IMVT
10.94,10.94,10.94,10.94,100,2021-06-18 17:14:00,IMVT
10.96,10.96,10.93,10.93,987,2021-06-18 17:15:00,IMVT
10.926,10.93,10.926,10.93,215,2021-06-18 17:16:00,IMVT
10.94,10.94,10.94,10.94,100,2021-06-18 17:17:00,IMVT
10.92,10.92,10.92,10.92,100,2021-06-18 17:18:00,IMVT
10.92,10.92,10.91,10.91,800,2021-06-18 17:20:00,IMVT
10.915,10.915,10.915,10.915,100,2021-06-18 17:21:00,IMVT
10.9,10.92,10.88,10.92,7056,2021-06-18 17:22:00,IMVT
10.91,10.925,10.91,10.925,800,2021-06-18 17:24:00,IMVT
10.935,10.95,10.935,10.95,500,2021-06-18 17:25:00,IMVT
10.95,10.96,10.95,10.95,800,2021-06-18 17:26:00,IMVT
10.97,10.97,10.97,10.97,100,2021-06-18 17:27:00,IMVT
10.96,10.96,10.95,10.95,900,2021-06-18 17:28:00,IMVT
10.95,10.95,10.945,10.945,405,2021-06-18 17:29:00,IMVT
10.95,10.95,10.95,10.95,200,2021-06-18 17:30:00,IMVT
10.94,10.94,10.94,10.94,100,2021-06-18 17:31:00,IMVT
10.96,10.96,10.96,10.96,100,2021-06-18 17:32:00,IMVT
10.97,10.97,10.97,10.97,217,2021-06-18 17:33:00,IMVT
10.98,10.98,10.97,10.97,400,2021-06-18 17:34:00,IMVT
10.98,10.98,10.98,10.98,100,2021-06-18 17:35:00,IMVT
10.97,10.97,10.97,10.97,600,2021-06-18 17:36:00,IMVT
10.96,10.9718,10.95,10.95,1129,2021-06-18 17:37:00,IMVT
10.9568,10.98,10.9568,10.98,399,2021-06-18 17:39:00,IMVT
10.98,10.98,10.95,10.95,300,2021-06-18 17:41:00,IMVT
10.965,10.98,10.965,10.98,200,2021-06-18 17:42:00,IMVT
10.97,10.97,10.97,10.97,100,2021-06-18 17:43:00,IMVT
10.95,10.96,10.95,10.96,200,2021-06-18 17:44:00,IMVT
10.95,10.95,10.95,10.95,100,2021-06-18 17:45:00,IMVT
10.96,10.965,10.95,10.965,3162,2021-06-18 17:46:00,IMVT
10.965,10.97,10.965,10.97,200,2021-06-18 17:49:00,IMVT
10.96,10.96,10.96,10.96,400,2021-06-18 17:50:00,IMVT
10.96,10.96,10.96,10.96,100,2021-06-18 17:51:00,IMVT
10.97,10.97,10.96,10.9661,400,2021-06-18 17:52:00,IMVT
10.96,10.96,10.96,10.96,100,2021-06-18 17:53:00,IMVT
10.97,10.97,10.97,10.97,100,2021-06-18 17:55:00,IMVT
10.96,10.96,10.96,10.96,100,2021-06-18 17:56:00,IMVT
10.96,10.96,10.95,10.95,300,2021-06-18 17:57:00,IMVT
10.95,10.95,10.93,10.93,600,2021-06-18 17:58:00,IMVT
10.92,10.92,10.8996,10.9056,2200,2021-06-18 17:59:00,IMVT
10.91,10.91,10.905,10.905,469,2021-06-18 18:00:00,IMVT
10.92,10.99,10.92,10.99,1234,2021-06-18 18:01:00,IMVT
10.99,11.01,10.99,10.99,1100,2021-06-18 18:02:00,IMVT
10.98,10.99,10.9706,10.9706,1173,2021-06-18 18:03:00,IMVT
10.99,10.99,10.97,10.99,300,2021-06-18 18:05:00,IMVT
10.99,10.99,10.99,10.99,100,2021-06-18 18:06:00,IMVT
10.985,10.99,10.98,10.99,751,2021-06-18 18:07:00,IMVT
10.98,10.98,10.975,10.975,300,2021-06-18 18:08:00,IMVT
11.0,11.0,10.98,10.98,318,2021-06-18 18:10:00,IMVT
10.98,11.0,10.98,10.984,300,2021-06-18 18:11:00,IMVT
11.0,11.0,10.96,10.97,1400,2021-06-18 18:12:00,IMVT
10.97,10.98,10.97,10.98,931,2021-06-18 18:13:00,IMVT
10.98,10.99,10.98,10.99,200,2021-06-18 18:14:00,IMVT
11.0,11.0,10.97,11.0,860,2021-06-18 18:15:00,IMVT
11.0,11.0,11.0,11.0,100,2021-06-18 18:16:00,IMVT
11.0,11.0,11.0,11.0,200,2021-06-18 18:17:00,IMVT
11.0,11.005,10.98,11.0,6477,2021-06-18 18:18:00,IMVT
10.99,10.99,10.99,10.99,200,2021-06-18 18:19:00,IMVT
11.0,11.0,10.9995,11.0,1000,2021-06-18 18:21:00,IMVT
11.0,11.01,11.0,11.01,500,2021-06-18 18:22:00,IMVT
11.02,11.02,10.98,10.98,1768,2021-06-18 18:23:00,IMVT
10.98,10.99,10.96,10.97,2630,2021-06-18 18:24:00,IMVT
10.99,10.99,10.97,10.97,1500,2021-06-18 18:25:00,IMVT
10.96,10.96,10.96,10.96,100,2021-06-18 18:27:00,IMVT
10.99,10.99,10.99,10.99,100,2021-06-18 18:28:00,IMVT
10.99,10.99,10.99,10.99,100,2021-06-18 18:29:00,IMVT
10.99,10.99,10.97,10.9899,1700,2021-06-18 18:30:00,IMVT
10.99,10.99,10.99,10.99,100,2021-06-18 18:32:00,IMVT
10.96,10.98,10.96,10.98,407,2021-06-18 18:33:00,IMVT
10.97,10.99,10.97,10.99,226,2021-06-18 18:34:00,IMVT
10.99,10.99,10.99,10.99,100,2021-06-18 18:35:00,IMVT
10.96,10.96,10.95,10.95,2700,2021-06-18 18:37:00,IMVT
10.95,10.95,10.95,10.95,100,2021-06-18 18:38:00,IMVT
10.95,10.95,10.94,10.94,300,2021-06-18 18:39:00,IMVT
10.94,10.95,10.94,10.94,2742,2021-06-18 18:41:00,IMVT
10.93,10.935,10.93,10.93,890,2021-06-18 18:42:00,IMVT
10.925,10.93,10.92,10.93,500,2021-06-18 18:43:00,IMVT
10.91,10.91,10.91,10.91,600,2021-06-18 18:44:00,IMVT
10.93,10.93,10.93,10.93,100,2021-06-18 18:45:00,IMVT
10.93,10.93,10.92,10.92,266,2021-06-18 18:46:00,IMVT
10.94,10.94,10.94,10.94,100,2021-06-18 18:47:00,IMVT
10.93,10.93,10.93,10.93,100,2021-06-18 18:48:00,IMVT
10.9,10.9,10.9,10.9,400,2021-06-18 18:49:00,IMVT
10.92,10.93,10.92,10.93,1489,2021-06-18 18:50:00,IMVT
10.93,10.93,10.93,10.93,100,2021-06-18 18:51:00,IMVT
10.91,10.91,10.89,10.9,1090,2021-06-18 18:52:00,IMVT
10.91,10.91,10.91,10.91,100,2021-06-18 18:53:00,IMVT
10.91,10.91,10.91,10.91,100,2021-06-18 18:55:00,IMVT
10.91,10.91,10.9,10.9,400,2021-06-18 18:56:00,IMVT
10.89,10.91,10.89,10.89,3821,2021-06-18 18:57:00,IMVT
10.88,10.88,10.88,10.88,224,2021-06-18 18:58:00,IMVT
10.88,10.9,10.88,10.9,301,2021-06-18 18:59:00,IMVT
10.87,10.87,10.87,10.87,200,2021-06-18 19:00:00,IMVT
10.88,10.91,10.88,10.9,2000,2021-06-18 19:01:00,IMVT
10.92,10.92,10.92,10.92,100,2021-06-18 19:02:00,IMVT
10.89,10.89,10.88,10.89,400,2021-06-18 19:03:00,IMVT
10.8844,10.8844,10.8844,10.8844,500,2021-06-18 19:04:00,IMVT
10.89,10.89,10.87,10.88,600,2021-06-18 19:05:00,IMVT
10.87,10.87,10.87,10.87,200,2021-06-18 19:06:00,IMVT
10.87,10.8893,10.87,10.875,1050,2021-06-18 19:07:00,IMVT
10.89,10.8932,10.89,10.89,1250,2021-06-18 19:08:00,IMVT
10.89,10.9,10.89,10.9,790,2021-06-18 19:09:00,IMVT
10.88,10.9,10.88,10.89,876,2021-06-18 19:10:00,IMVT
10.88,10.91,10.88,10.91,325,2021-06-18 19:11:00,IMVT
10.92,10.93,10.91,10.93,1515,2021-06-18 19:12:00,IMVT
10.93,10.93,10.925,10.93,1200,2021-06-18 19:13:00,IMVT
10.92,10.93,10.92,10.93,500,2021-06-18 19:14:00,IMVT
10.9411,10.9411,10.915,10.915,1122,2021-06-18 19:15:00,IMVT
10.9,10.93,10.9,10.93,600,2021-06-18 19:16:00,IMVT
10.92,10.94,10.912,10.94,904,2021-06-18 19:17:00,IMVT
10.94,10.97,10.94,10.96,2300,2021-06-18 19:18:00,IMVT
10.98,10.98,10.98,10.98,100,2021-06-18 19:19:00,IMVT
10.98,11.01,10.97,11.0,3455,2021-06-18 19:20:00,IMVT
11.01,11.01,11.0,11.0,300,2021-06-18 19:21:00,IMVT
11.01,11.03,11.01,11.02,1817,2021-06-18 19:22:00,IMVT
11.025,11.025,11.01,11.025,2800,2021-06-18 19:23:00,IMVT
11.02,11.025,11.02,11.025,200,2021-06-18 19:24:00,IMVT
11.025,11.03,11.025,11.03,700,2021-06-18 19:25:00,IMVT
11.02,11.035,11.02,11.02,4500,2021-06-18 19:26:00,IMVT
11.02,11.03,11.02,11.025,2200,2021-06-18 19:27:00,IMVT
11.025,11.03,11.0147,11.02,3650,2021-06-18 19:28:00,IMVT
11.02,11.025,11.02,11.025,700,2021-06-18 19:29:00,IMVT
11.025,11.03,11.02,11.02,4212,2021-06-18 19:30:00,IMVT
11.03,11.04,11.02,11.04,889,2021-06-18 19:31:00,IMVT
11.03,11.09,11.03,11.06,7036,2021-06-18 19:32:00,IMVT
11.06,11.14,11.06,11.125,1769,2021-06-18 19:33:00,IMVT
11.12,11.13,11.095,11.12,3146,2021-06-18 19:34:00,IMVT
11.12,11.17,11.12,11.13,5092,2021-06-18 19:35:00,IMVT
11.13,11.13,11.1,11.11,3596,2021-06-18 19:36:00,IMVT
11.11,11.11,11.09,11.09,2500,2021-06-18 19:37:00,IMVT
11.09,11.09,11.075,11.09,2000,2021-06-18 19:38:00,IMVT
11.07,11.14,11.07,11.14,1918,2021-06-18 19:39:00,IMVT
11.11,11.13,11.11,11.11,1255,2021-06-18 19:40:00,IMVT
11.14,11.14,11.13,11.13,2989,2021-06-18 19:41:00,IMVT
11.13,11.135,11.105,11.105,3533,2021-06-18 19:42:00,IMVT
11.09,11.11,11.08,11.08,1350,2021-06-18 19:43:00,IMVT
11.08,11.12,11.07,11.12,2727,2021-06-18 19:44:00,IMVT
11.1,11.12,11.1,11.11,3707,2021-06-18 19:45:00,IMVT
11.105,11.105,11.1,11.1,900,2021-06-18 19:46:00,IMVT
11.09,11.11,11.09,11.11,2000,2021-06-18 19:47:00,IMVT
11.105,11.115,11.09,11.09,2611,2021-06-18 19:48:00,IMVT
11.09,11.1,11.085,11.085,1637,2021-06-18 19:49:00,IMVT
11.07,11.08,11.0,11.07,23507,2021-06-18 19:50:00,IMVT
11.05,11.07,11.04,11.07,12650,2021-06-18 19:51:00,IMVT
11.07,11.08,11.03,11.05,11480,2021-06-18 19:52:00,IMVT
11.05,11.1,11.05,11.07,6008,2021-06-18 19:53:00,IMVT
11.07,11.18,11.05,11.17,23423,2021-06-18 19:54:00,IMVT
11.18,11.18,11.14,11.18,12956,2021-06-18 19:55:00,IMVT
11.18,11.19,11.15,11.16,6796,2021-06-18 19:56:00,IMVT
11.15,11.23,11.15,11.22,14411,2021-06-18 19:57:00,IMVT
11.21,11.22,11.17,11.22,30550,2021-06-18 19:58:00,IMVT
11.23,11.3,11.17,11.24,83189,2021-06-18 19:59:00,IMVT
11.23,11.23,11.23,11.23,1019948,2021-06-18 20:00:00,IMVT
11.23,11.23,11.23,11.23,3902,2021-06-18 20:01:00,IMVT
11.23,11.24,11.23,11.23,79760,2021-06-18 20:02:00,IMVT
11.22,11.22,11.22,11.22,219,2021-06-18 20:12:00,IMVT
11.1,11.1,11.1,11.1,198,2021-06-21 11:45:00,IMVT
11.3,11.3,11.3,11.3,175,2021-06-21 12:30:00,IMVT
11.3,11.3,11.3,11.3,500,2021-06-21 12:34:00,IMVT
11.12,11.12,11.12,11.12,450,2021-06-21 13:02:00,IMVT
11.11,11.11,11.11,11.11,100,2021-06-21 13:07:00,IMVT
11.12,11.12,11.12,11.12,200,2021-06-21 13:08:00,IMVT
11.12,11.12,11.12,11.12,200,2021-06-21 13:09:00,IMVT
11.2,11.28,11.2,11.28,10336,2021-06-21 13:30:00,IMVT
11.26,11.26,11.2,11.23,1359,2021-06-21 13:31:00,IMVT
11.14,11.14,11.14,11.14,100,2021-06-21 13:32:00,IMVT
11.185,11.185,11.1,11.1,1951,2021-06-21 13:34:00,IMVT
11.135,11.14,11.105,11.105,634,2021-06-21 13:35:00,IMVT
11.13,11.13,11.13,11.13,1500,2021-06-21 13:36:00,IMVT
11.05,11.05,10.91,10.91,7576,2021-06-21 13:37:00,IMVT
10.95,11.0,10.93,10.985,2159,2021-06-21 13:38:00,IMVT
11.0,11.05,10.99,10.99,800,2021-06-21 13:39:00,IMVT
10.9793,10.9793,10.9793,10.9793,500,2021-06-21 13:40:00,IMVT
10.98,11.02,10.98,11.02,1300,2021-06-21 13:41:00,IMVT
11.1,11.11,11.05,11.06,1611,2021-06-21 13:42:00,IMVT
11.06,11.06,11.02,11.06,925,2021-06-21 13:43:00,IMVT
11.06,11.095,11.06,11.095,200,2021-06-21 13:44:00,IMVT
11.095,11.095,11.095,11.095,100,2021-06-21 13:45:00,IMVT
11.11,11.11,11.05,11.07,1396,2021-06-21 13:46:00,IMVT
11.05,11.05,11.04,11.04,200,2021-06-21 13:47:00,IMVT
11.1,11.1,11.1,11.1,300,2021-06-21 13:49:00,IMVT
11.08,11.08,11.05,11.05,400,2021-06-21 13:50:00,IMVT
11.04,11.04,11.04,11.04,100,2021-06-21 13:51:00,IMVT
11.02,11.02,11.02,11.02,100,2021-06-21 13:53:00,IMVT
11.04,11.13,11.04,11.105,4311,2021-06-21 13:55:00,IMVT
11.13,11.13,11.115,11.12,500,2021-06-21 13:56:00,IMVT
11.14,11.14,11.14,11.14,198,2021-06-21 13:57:00,IMVT
11.14,11.22,11.1373,11.2,5383,2021-06-21 13:58:00,IMVT
11.23,11.23,11.21,11.23,922,2021-06-21 13:59:00,IMVT
11.235,11.235,11.2,11.2,900,2021-06-21 14:00:00,IMVT
11.2128,11.2296,11.2084,11.2084,487,2021-06-21 14:01:00,IMVT
11.25,11.34,11.25,11.34,3761,2021-06-21 14:03:00,IMVT
11.3132,11.3132,11.3132,11.3132,100,2021-06-21 14:04:00,IMVT
11.35,11.36,11.31,11.36,3585,2021-06-21 14:05:00,IMVT
11.33,11.39,11.33,11.39,3643,2021-06-21 14:06:00,IMVT
11.39,11.39,11.36,11.36,200,2021-06-21 14:07:00,IMVT
11.4,11.4,11.35,11.3591,733,2021-06-21 14:08:00,IMVT
11.36,11.39,11.35,11.35,1710,2021-06-21 14:09:00,IMVT
11.35,11.35,11.33,11.349,500,2021-06-21 14:10:00,IMVT
11.314,11.314,11.31,11.31,211,2021-06-21 14:11:00,IMVT
11.28,11.28,11.2483,11.2688,1789,2021-06-21 14:12:00,IMVT
11.2521,11.2521,11.23,11.24,1500,2021-06-21 14:13:00,IMVT
11.24,11.29,11.24,11.28,1414,2021-06-21 14:14:00,IMVT
11.28,11.3,11.28,11.29,600,2021-06-21 14:15:00,IMVT
11.3,11.33,11.29,11.31,800,2021-06-21 14:16:00,IMVT
11.3,11.3,11.245,11.245,1204,2021-06-21 14:17:00,IMVT
11.2523,11.2523,11.24,11.24,400,2021-06-21 14:18:00,IMVT
11.22,11.23,11.21,11.23,600,2021-06-21 14:19:00,IMVT
11.18,11.18,11.18,11.18,850,2021-06-21 14:22:00,IMVT
11.22,11.23,11.19,11.19,700,2021-06-21 14:23:00,IMVT
11.19,11.19,11.18,11.19,1900,2021-06-21 14:25:00,IMVT
11.19,11.24,11.19,11.23,900,2021-06-21 14:26:00,IMVT
11.25,11.26,11.24,11.24,700,2021-06-21 14:27:00,IMVT
11.235,11.24,11.235,11.24,300,2021-06-21 14:28:00,IMVT
11.23,11.2308,11.22,11.22,1398,2021-06-21 14:29:00,IMVT
11.21,11.21,11.18,11.18,468,2021-06-21 14:30:00,IMVT
11.1794,11.1794,11.1794,11.1794,200,2021-06-21 14:31:00,IMVT
11.21,11.23,11.21,11.23,300,2021-06-21 14:32:00,IMVT
11.22,11.22,11.21,11.21,500,2021-06-21 14:34:00,IMVT
11.19,11.19,11.19,11.19,100,2021-06-21 14:35:00,IMVT
11.1926,11.2,11.19,11.2,608,2021-06-21 14:36:00,IMVT
11.212,11.212,11.1801,11.19,1100,2021-06-21 14:37:00,IMVT
11.17,11.17,11.16,11.16,600,2021-06-21 14:38:00,IMVT
11.1616,11.19,11.1616,11.19,200,2021-06-21 14:39:00,IMVT
11.185,11.21,11.185,11.2,800,2021-06-21 14:40:00,IMVT
11.201,11.21,11.1701,11.185,4040,2021-06-21 14:41:00,IMVT
11.18,11.18,11.15,11.15,3244,2021-06-21 14:44:00,IMVT
11.15,11.15,11.14,11.14,200,2021-06-21 14:45:00,IMVT
11.145,11.145,11.145,11.145,100,2021-06-21 14:47:00,IMVT
11.17,11.17,11.14,11.14,600,2021-06-21 14:50:00,IMVT
11.1563,11.1563,11.1563,11.1563,250,2021-06-21 14:51:00,IMVT
11.16,11.16,11.08,11.1,3450,2021-06-21 14:52:00,IMVT
11.1,11.1,11.1,11.1,100,2021-06-21 14:53:00,IMVT
11.12,11.12,11.12,11.12,100,2021-06-21 14:54:00,IMVT
11.1,11.14,11.1,11.14,700,2021-06-21 14:55:00,IMVT
11.14,11.14,11.13,11.13,400,2021-06-21 14:56:00,IMVT
11.12,11.12,11.11,11.11,646,2021-06-21 14:57:00,IMVT
11.08,11.1,11.08,11.1,680,2021-06-21 15:00:00,IMVT
11.0973,11.1,11.0973,11.1,225,2021-06-21 15:01:00,IMVT
11.1,11.12,11.1,11.11,500,2021-06-21 15:02:00,IMVT
11.13,11.1397,11.13,11.1397,224,2021-06-21 15:03:00,IMVT
11.14,11.15,11.13,11.14,1200,2021-06-21 15:04:00,IMVT
11.15,11.16,11.15,11.16,300,2021-06-21 15:05:00,IMVT
11.16,11.2,11.16,11.18,700,2021-06-21 15:06:00,IMVT
11.21,11.21,11.16,11.16,1061,2021-06-21 15:07:00,IMVT
11.15,11.16,11.14,11.14,645,2021-06-21 15:08:00,IMVT
11.14,11.15,11.14,11.15,900,2021-06-21 15:09:00,IMVT
11.12,11.14,11.12,11.14,200,2021-06-21 15:11:00,IMVT
11.13,11.13,11.1,11.1,1060,2021-06-21 15:12:00,IMVT
11.08,11.08,11.08,11.08,200,2021-06-21 15:13:00,IMVT
11.095,11.11,11.095,11.11,700,2021-06-21 15:14:00,IMVT
11.1,11.1,11.1,11.1,100,2021-06-21 15:16:00,IMVT
11.11,11.11,11.1,11.1,200,2021-06-21 15:22:00,IMVT
11.08,11.08,11.08,11.08,100,2021-06-21 15:23:00,IMVT
11.1,11.11,11.1,11.11,200,2021-06-21 15:24:00,IMVT
11.1,11.12,11.1,11.12,1580,2021-06-21 15:25:00,IMVT
11.11,11.12,11.11,11.12,200,2021-06-21 15:28:00,IMVT
11.14,11.14,11.14,11.14,100,2021-06-21 15:29:00,IMVT
11.135,11.135,11.12,11.12,780,2021-06-21 15:30:00,IMVT
11.11,11.11,11.11,11.11,100,2021-06-21 15:31:00,IMVT
11.14,11.14,11.14,11.14,100,2021-06-21 15:35:00,IMVT
11.125,11.125,11.125,11.125,200,2021-06-21 15:38:00,IMVT
11.14,11.14,11.14,11.14,1000,2021-06-21 15:39:00,IMVT
11.125,11.125,11.12,11.12,250,2021-06-21 15:40:00,IMVT
11.12,11.12,11.09,11.09,1382,2021-06-21 15:41:00,IMVT
11.095,11.095,11.095,11.095,100,2021-06-21 15:42:00,IMVT
11.1,11.1,11.1,11.1,717,2021-06-21 15:43:00,IMVT
11.09,11.1,11.09,11.1,500,2021-06-21 15:45:00,IMVT
11.1,11.1,11.1,11.1,200,2021-06-21 15:46:00,IMVT
11.1,11.1,11.1,11.1,253,2021-06-21 15:47:00,IMVT
11.11,11.11,11.0901,11.0901,1100,2021-06-21 15:48:00,IMVT
11.11,11.11,11.11,11.11,100,2021-06-21 15:49:00,IMVT
11.13,11.13,11.13,11.13,100,2021-06-21 15:50:00,IMVT
11.14,11.14,11.14,11.14,100,2021-06-21 15:51:00,IMVT
11.11,11.11,11.09,11.1,1032,2021-06-21 15:52:00,IMVT
11.09,11.09,11.08,11.08,1160,2021-06-21 15:53:00,IMVT
11.08,11.08,11.07,11.07,361,2021-06-21 15:54:00,IMVT
11.08,11.085,11.08,11.085,800,2021-06-21 15:55:00,IMVT
11.1,11.12,11.09,11.12,600,2021-06-21 15:57:00,IMVT
11.0959,11.0959,11.0959,11.0959,500,2021-06-21 15:58:00,IMVT
11.12,11.12,11.12,11.12,300,2021-06-21 15:59:00,IMVT
11.12,11.13,11.12,11.13,600,2021-06-21 16:00:00,IMVT
11.15,11.16,11.15,11.16,379,2021-06-21 16:03:00,IMVT
11.15,11.15,11.15,11.15,1000,2021-06-21 16:05:00,IMVT
11.15,11.15,11.15,11.15,200,2021-06-21 16:06:00,IMVT
11.16,11.16,11.15,11.15,200,2021-06-21 16:07:00,IMVT
11.1534,11.165,11.1534,11.1617,1974,2021-06-21 16:08:00,IMVT
11.15,11.1619,11.15,11.1619,1100,2021-06-21 16:11:00,IMVT
11.1613,11.17,11.15,11.16,5700,2021-06-21 16:12:00,IMVT
11.17,11.17,11.17,11.17,500,2021-06-21 16:14:00,IMVT
11.17,11.17,11.17,11.17,600,2021-06-21 16:15:00,IMVT
11.16,11.17,11.16,11.17,299,2021-06-21 16:17:00,IMVT
11.15,11.18,11.15,11.16,1300,2021-06-21 16:18:00,IMVT
11.1601,11.18,11.16,11.18,300,2021-06-21 16:20:00,IMVT
11.177,11.23,11.177,11.23,6400,2021-06-21 16:21:00,IMVT
11.22,11.22,11.2,11.2,1500,2021-06-21 16:22:00,IMVT
11.219,11.24,11.199,11.2122,11387,2021-06-21 16:23:00,IMVT
11.22,11.22,11.22,11.22,200,2021-06-21 16:24:00,IMVT
11.215,11.23,11.215,11.215,500,2021-06-21 16:26:00,IMVT
11.2,11.24,11.2,11.23,800,2021-06-21 16:27:00,IMVT
11.235,11.26,11.235,11.26,2860,2021-06-21 16:28:00,IMVT
11.28,11.28,11.26,11.26,2485,2021-06-21 16:29:00,IMVT
11.25,11.25,11.24,11.24,701,2021-06-21 16:30:00,IMVT
11.25,11.25,11.25,11.25,802,2021-06-21 16:31:00,IMVT
11.23,11.23,11.23,11.23,300,2021-06-21 16:32:00,IMVT
11.22,11.22,11.22,11.22,100,2021-06-21 16:33:00,IMVT
11.22,11.24,11.22,11.24,1941,2021-06-21 16:34:00,IMVT
11.247,11.28,11.247,11.28,2400,2021-06-21 16:35:00,IMVT
11.2742,11.3,11.27,11.2998,2300,2021-06-21 16:37:00,IMVT
11.29,11.31,11.29,11.31,606,2021-06-21 16:38:00,IMVT
11.31,11.33,11.31,11.33,200,2021-06-21 16:39:00,IMVT
11.31,11.31,11.29,11.29,1100,2021-06-21 16:40:00,IMVT
11.27,11.29,11.27,11.28,1633,2021-06-21 16:41:00,IMVT
11.28,11.28,11.28,11.28,100,2021-06-21 16:43:00,IMVT
11.28,11.2803,11.28,11.2803,200,2021-06-21 16:44:00,IMVT
11.3,11.3,11.29,11.29,787,2021-06-21 16:45:00,IMVT
11.3,11.3,11.27,11.29,1498,2021-06-21 16:46:00,IMVT
11.27,11.29,11.27,11.29,1008,2021-06-21 16:47:00,IMVT
11.29,11.3009,11.29,11.3009,200,2021-06-21 16:48:00,IMVT
11.29,11.3,11.29,11.3,855,2021-06-21 16:49:00,IMVT
11.28,11.3,11.28,11.3,300,2021-06-21 16:50:00,IMVT
11.31,11.31,11.29,11.3,800,2021-06-21 16:51:00,IMVT
11.2931,11.2931,11.2931,11.2931,400,2021-06-21 16:52:00,IMVT
11.31,11.32,11.305,11.32,700,2021-06-21 16:53:00,IMVT
11.32,11.32,11.29,11.29,2006,2021-06-21 16:54:00,IMVT
11.28,11.28,11.27,11.27,1900,2021-06-21 16:55:00,IMVT
11.275,11.275,11.275,11.275,100,2021-06-21 16:56:00,IMVT
11.26,11.28,11.26,11.28,400,2021-06-21 16:57:00,IMVT
11.27,11.27,11.27,11.27,200,2021-06-21 16:58:00,IMVT
11.28,11.28,11.27,11.27,2552,2021-06-21 16:59:00,IMVT
11.28,11.28,11.27,11.27,300,2021-06-21 17:00:00,IMVT
11.275,11.275,11.275,11.275,100,2021-06-21 17:01:00,IMVT
11.275,11.275,11.275,11.275,100,2021-06-21 17:02:00,IMVT
11.29,11.29,11.29,11.29,200,2021-06-21 17:03:00,IMVT
11.275,11.275,11.275,11.275,200,2021-06-21 17:05:00,IMVT
11.29,11.29,11.29,11.29,200,2021-06-21 17:06:00,IMVT
11.31,11.31,11.3,11.3,200,2021-06-21 17:07:00,IMVT
11.32,11.32,11.32,11.32,500,2021-06-21 17:08:00,IMVT
11.32,11.35,11.32,11.35,7361,2021-06-21 17:09:00,IMVT
11.33,11.34,11.32,11.33,1734,2021-06-21 17:10:00,IMVT
11.32,11.32,11.31,11.31,1500,2021-06-21 17:11:00,IMVT
11.3,11.3,11.29,11.29,1600,2021-06-21 17:12:00,IMVT
11.28,11.2815,11.27,11.27,2200,2021-06-21 17:13:00,IMVT
11.27,11.27,11.25,11.265,500,2021-06-21 17:14:00,IMVT
11.25,11.25,11.25,11.25,200,2021-06-21 17:16:00,IMVT
11.29,11.29,11.29,11.29,103,2021-06-21 17:17:00,IMVT
11.29,11.3,11.27,11.27,2154,2021-06-21 17:18:00,IMVT
11.28,11.28,11.28,11.28,100,2021-06-21 17:19:00,IMVT
11.3,11.3,11.3,11.3,100,2021-06-21 17:21:00,IMVT
11.27,11.27,11.27,11.27,600,2021-06-21 17:23:00,IMVT
11.2802,11.2802,11.2802,11.2802,921,2021-06-21 17:24:00,IMVT
11.271,11.275,11.26,11.2722,1400,2021-06-21 17:25:00,IMVT
11.28,11.28,11.28,11.28,100,2021-06-21 17:26:00,IMVT
11.27,11.28,11.27,11.28,300,2021-06-21 17:27:00,IMVT
11.28,11.29,11.28,11.28,500,2021-06-21 17:28:00,IMVT
11.28,11.28,11.28,11.28,200,2021-06-21 17:29:00,IMVT
11.29,11.29,11.2744,11.29,1000,2021-06-21 17:30:00,IMVT
11.31,11.32,11.31,11.32,300,2021-06-21 17:31:00,IMVT
11.31,11.35,11.31,11.31,878,2021-06-21 17:32:00,IMVT
11.3,11.3,11.3,11.3,688,2021-06-21 17:33:00,IMVT
11.305,11.31,11.28,11.28,2165,2021-06-21 17:34:00,IMVT
11.27,11.275,11.27,11.275,1000,2021-06-21 17:35:00,IMVT
11.27,11.27,11.25,11.255,3819,2021-06-21 17:36:00,IMVT
11.2492,11.2492,11.2492,11.2492,100,2021-06-21 17:37:00,IMVT
11.24,11.2465,11.21,11.24,1894,2021-06-21 17:38:00,IMVT
11.26,11.26,11.24,11.25,398,2021-06-21 17:40:00,IMVT
11.24,11.24,11.21,11.22,1400,2021-06-21 17:41:00,IMVT
11.22,11.22,11.22,11.22,200,2021-06-21 17:43:00,IMVT
11.21,11.21,11.21,11.21,100,2021-06-21 17:44:00,IMVT
11.21,11.21,11.19,11.19,441,2021-06-21 17:45:00,IMVT
11.205,11.205,11.19,11.205,400,2021-06-21 17:48:00,IMVT
11.22,11.22,11.19,11.205,1742,2021-06-21 17:49:00,IMVT
11.21,11.21,11.21,11.21,100,2021-06-21 17:51:00,IMVT
11.2,11.2,11.19,11.2,400,2021-06-21 17:52:00,IMVT
11.19,11.19,11.19,11.19,200,2021-06-21 17:53:00,IMVT
11.19,11.21,11.19,11.21,957,2021-06-21 17:54:00,IMVT
11.2,11.2,11.2,11.2,400,2021-06-21 17:55:00,IMVT
11.19,11.2,11.19,11.2,350,2021-06-21 17:56:00,IMVT
11.18,11.18,11.18,11.18,100,2021-06-21 17:57:00,IMVT
11.18,11.19,11.17,11.19,400,2021-06-21 17:58:00,IMVT
11.2,11.21,11.2,11.21,700,2021-06-21 17:59:00,IMVT
11.2,11.21,11.2,11.2,300,2021-06-21 18:00:00,IMVT
11.21,11.24,11.21,11.24,600,2021-06-21 18:01:00,IMVT
11.24,11.24,11.24,11.24,100,2021-06-21 18:02:00,IMVT
11.23,11.23,11.21,11.22,926,2021-06-21 18:03:00,IMVT
11.21,11.21,11.2,11.21,427,2021-06-21 18:04:00,IMVT
11.195,11.195,11.195,11.195,100,2021-06-21 18:05:00,IMVT
11.21,11.23,11.2,11.23,926,2021-06-21 18:06:00,IMVT
11.235,11.25,11.235,11.25,286,2021-06-21 18:07:00,IMVT
11.2595,11.2595,11.2595,11.2595,100,2021-06-21 18:09:00,IMVT
11.25,11.25,11.25,11.25,300,2021-06-21 18:10:00,IMVT
11.26,11.26,11.25,11.25,340,2021-06-21 18:11:00,IMVT
11.27,11.27,11.27,11.27,100,2021-06-21 18:12:00,IMVT
11.24,11.25,11.23,11.24,1500,2021-06-21 18:13:00,IMVT
11.25,11.25,11.25,11.25,102,2021-06-21 18:14:00,IMVT
11.2287,11.25,11.221,11.235,859,2021-06-21 18:16:00,IMVT
11.25,11.25,11.22,11.22,796,2021-06-21 18:17:00,IMVT
11.25,11.26,11.25,11.26,400,2021-06-21 18:18:00,IMVT
11.265,11.28,11.265,11.28,200,2021-06-21 18:19:00,IMVT
11.26,11.26,11.26,11.26,600,2021-06-21 18:20:00,IMVT
11.265,11.27,11.265,11.27,340,2021-06-21 18:21:00,IMVT
11.275,11.275,11.275,11.275,1117,2021-06-21 18:23:00,IMVT
11.28,11.28,11.28,11.28,100,2021-06-21 18:24:00,IMVT
11.2676,11.28,11.2676,11.28,309,2021-06-21 18:26:00,IMVT
11.27,11.271,11.27,11.271,400,2021-06-21 18:28:00,IMVT
11.27,11.29,11.27,11.29,600,2021-06-21 18:29:00,IMVT
11.29,11.29,11.29,11.29,100,2021-06-21 18:30:00,IMVT
11.28,11.28,11.26,11.27,1546,2021-06-21 18:31:00,IMVT
11.27,11.27,11.25,11.25,700,2021-06-21 18:32:00,IMVT
11.24,11.27,11.24,11.27,735,2021-06-21 18:33:00,IMVT
11.26,11.27,11.26,11.27,900,2021-06-21 18:34:00,IMVT
11.2652,11.2652,11.26,11.26,300,2021-06-21 18:35:00,IMVT
11.26,11.26,11.26,11.26,100,2021-06-21 18:36:00,IMVT
11.27,11.28,11.27,11.27,400,2021-06-21 18:37:00,IMVT
11.27,11.27,11.27,11.27,200,2021-06-21 18:40:00,IMVT
11.255,11.255,11.255,11.255,300,2021-06-21 18:41:00,IMVT
11.255,11.26,11.235,11.24,3644,2021-06-21 18:42:00,IMVT
11.25,11.25,11.25,11.25,1500,2021-06-21 18:43:00,IMVT
11.25,11.2505,11.23,11.25,1954,2021-06-21 18:44:00,IMVT
11.23,11.24,11.23,11.24,368,2021-06-21 18:45:00,IMVT
11.22,11.22,11.22,11.22,100,2021-06-21 18:48:00,IMVT
11.22,11.22,11.22,11.22,100,2021-06-21 18:49:00,IMVT
11.23,11.23,11.23,11.23,300,2021-06-21 18:50:00,IMVT
11.21,11.23,11.21,11.23,1100,2021-06-21 18:51:00,IMVT
11.23,11.23,11.23,11.23,500,2021-06-21 18:52:00,IMVT
11.25,11.27,11.25,11.27,400,2021-06-21 18:53:00,IMVT
11.27,11.27,11.25,11.25,1015,2021-06-21 18:54:00,IMVT
11.24,11.24,11.24,11.24,100,2021-06-21 18:55:00,IMVT
11.28,11.28,11.26,11.26,549,2021-06-21 18:56:00,IMVT
11.2597,11.2597,11.2597,11.2597,147,2021-06-21 18:57:00,IMVT
11.25,11.27,11.25,11.25,697,2021-06-21 18:59:00,IMVT
11.26,11.27,11.26,11.27,902,2021-06-21 19:00:00,IMVT
11.26,11.26,11.26,11.26,100,2021-06-21 19:01:00,IMVT
11.25,11.25,11.25,11.25,100,2021-06-21 19:02:00,IMVT
11.27,11.27,11.27,11.27,200,2021-06-21 19:03:00,IMVT
11.27,11.27,11.27,11.27,400,2021-06-21 19:05:00,IMVT
11.275,11.275,11.27,11.27,348,2021-06-21 19:07:00,IMVT
11.27,11.27,11.27,11.27,100,2021-06-21 19:08:00,IMVT
11.28,11.305,11.28,11.305,2870,2021-06-21 19:09:00,IMVT
11.29,11.29,11.28,11.2881,400,2021-06-21 19:12:00,IMVT
11.28,11.3,11.28,11.29,687,2021-06-21 19:13:00,IMVT
11.29,11.29,11.29,11.29,636,2021-06-21 19:14:00,IMVT
11.29,11.29,11.29,11.29,100,2021-06-21 19:15:00,IMVT
11.3,11.31,11.3,11.31,200,2021-06-21 19:16:00,IMVT
11.32,11.32,11.31,11.31,500,2021-06-21 19:18:00,IMVT
11.3,11.3,11.29,11.29,800,2021-06-21 19:19:00,IMVT
11.285,11.285,11.285,11.285,244,2021-06-21 19:20:00,IMVT
11.26,11.26,11.24,11.25,1500,2021-06-21 19:21:00,IMVT
11.26,11.26,11.26,11.26,146,2021-06-21 19:22:00,IMVT
11.26,11.27,11.245,11.245,1570,2021-06-21 19:23:00,IMVT
11.26,11.26,11.24,11.24,400,2021-06-21 19:25:00,IMVT
11.23,11.23,11.225,11.225,800,2021-06-21 19:26:00,IMVT
11.22,11.23,11.22,11.23,400,2021-06-21 19:27:00,IMVT
11.23,11.24,11.23,11.24,430,2021-06-21 19:28:00,IMVT
11.25,11.26,11.25,11.26,808,2021-06-21 19:29:00,IMVT
11.26,11.26,11.235,11.235,1541,2021-06-21 19:30:00,IMVT
11.25,11.25,11.25,11.25,200,2021-06-21 19:31:00,IMVT
11.25,11.26,11.25,11.25,722,2021-06-21 19:32:00,IMVT
11.24,11.27,11.24,11.27,1588,2021-06-21 19:33:00,IMVT
11.27,11.27,11.25,11.255,611,2021-06-21 19:34:00,IMVT
11.26,11.26,11.25,11.26,637,2021-06-21 19:35:00,IMVT
11.24,11.24,11.235,11.24,812,2021-06-21 19:38:00,IMVT
11.23,11.23,11.23,11.23,900,2021-06-21 19:39:00,IMVT
11.23,11.23,11.22,11.22,500,2021-06-21 19:40:00,IMVT
11.22,11.22,11.21,11.22,2296,2021-06-21 19:41:00,IMVT
11.22,11.23,11.22,11.22,441,2021-06-21 19:42:00,IMVT
11.23,11.23,11.205,11.21,3100,2021-06-21 19:43:00,IMVT
11.21,11.23,11.21,11.23,758,2021-06-21 19:44:00,IMVT
11.22,11.22,11.14,11.2,16184,2021-06-21 19:45:00,IMVT
11.19,11.21,11.19,11.19,800,2021-06-21 19:46:00,IMVT
11.19,11.2,11.19,11.19,400,2021-06-21 19:47:00,IMVT
11.2,11.21,11.19,11.2,4188,2021-06-21 19:48:00,IMVT
11.19,11.24,11.19,11.24,2036,2021-06-21 19:49:00,IMVT
11.24,11.29,11.24,11.255,13735,2021-06-21 19:50:00,IMVT
11.24,11.25,11.22,11.22,2002,2021-06-21 19:51:00,IMVT
11.235,11.235,11.2,11.2,1803,2021-06-21 19:52:00,IMVT
11.21,11.23,11.21,11.21,4642,2021-06-21 19:53:00,IMVT
11.21,11.23,11.21,11.23,2026,2021-06-21 19:54:00,IMVT
11.22,11.23,11.21,11.22,5699,2021-06-21 19:55:00,IMVT
11.225,11.23,11.22,11.225,3315,2021-06-21 19:56:00,IMVT
11.225,11.26,11.22,11.26,4129,2021-06-21 19:57:00,IMVT
11.25,11.26,11.24,11.25,3606,2021-06-21 19:58:00,IMVT
11.25,11.28,11.23,11.23,22712,2021-06-21 19:59:00,IMVT
11.25,11.25,11.25,11.25,101062,2021-06-21 20:00:00,IMVT
11.1,11.1,11.1,11.1,100,2021-06-21 23:26:00,IMVT
11.32,11.32,11.32,11.32,140,2021-06-22 12:58:00,IMVT
11.32,11.35,11.25,11.35,5819,2021-06-22 13:30:00,IMVT
11.25,11.2656,11.25,11.2656,1141,2021-06-22 13:31:00,IMVT
11.23,11.24,11.08,11.09,2042,2021-06-22 13:32:00,IMVT
11.09,11.19,11.08,11.19,8589,2021-06-22 13:34:00,IMVT
11.19,11.24,11.17,11.18,5738,2021-06-22 13:35:00,IMVT
11.105,11.105,11.105,11.105,100,2021-06-22 13:37:00,IMVT
11.1,11.1232,11.1,11.1232,200,2021-06-22 13:38:00,IMVT
11.19,11.19,11.19,11.19,200,2021-06-22 13:40:00,IMVT
11.11,11.11,11.11,11.11,100,2021-06-22 13:41:00,IMVT
11.11,11.11,11.07,11.07,1362,2021-06-22 13:44:00,IMVT
11.07,11.07,11.0533,11.0533,376,2021-06-22 13:45:00,IMVT
11.03,11.04,11.03,11.03,750,2021-06-22 13:46:00,IMVT
11.0,11.02,10.96,11.0,2489,2021-06-22 13:47:00,IMVT
10.97,11.08,10.97,11.05,2438,2021-06-22 13:48:00,IMVT
11.08,11.08,11.0287,11.05,2311,2021-06-22 13:49:00,IMVT
11.07,11.13,11.07,11.13,1274,2021-06-22 13:50:00,IMVT
11.09,11.09,11.08,11.08,759,2021-06-22 13:51:00,IMVT
11.0278,11.0278,11.0278,11.0278,1000,2021-06-22 13:54:00,IMVT
11.07,11.07,11.07,11.07,200,2021-06-22 13:55:00,IMVT
11.05,11.05,11.03,11.03,400,2021-06-22 13:57:00,IMVT
11.03,11.03,11.03,11.03,1500,2021-06-22 13:58:00,IMVT
11.0411,11.05,11.0411,11.05,282,2021-06-22 13:59:00,IMVT
11.02,11.02,11.01,11.01,1590,2021-06-22 14:00:00,IMVT
10.975,11.03,10.975,11.03,10558,2021-06-22 14:01:00,IMVT
11.06,11.06,11.03,11.03,834,2021-06-22 14:02:00,IMVT
11.05,11.05,11.01,11.02,1300,2021-06-22 14:03:00,IMVT
10.975,11.01,10.975,11.01,600,2021-06-22 14:04:00,IMVT
11.01,11.03,11.01,11.03,400,2021-06-22 14:05:00,IMVT
11.035,11.04,11.0,11.04,5500,2021-06-22 14:06:00,IMVT
11.05,11.06,11.03,11.03,500,2021-06-22 14:07:00,IMVT
11.03,11.06,11.02,11.03,1046,2021-06-22 14:08:00,IMVT
11.01,11.015,10.9719,10.9719,3959,2021-06-22 14:09:00,IMVT
10.985,11.0001,10.985,10.985,5750,2021-06-22 14:10:00,IMVT
10.99,11.01,10.95,10.96,3555,2021-06-22 14:11:00,IMVT
10.98,10.98,10.96,10.96,456,2021-06-22 14:12:00,IMVT
10.99,10.99,10.98,10.98,1000,2021-06-22 14:13:00,IMVT
10.98,11.0,10.98,10.98,7200,2021-06-22 14:14:00,IMVT
10.97,10.99,10.97,10.99,1414,2021-06-22 14:15:00,IMVT
10.98,10.99,10.97,10.99,700,2021-06-22 14:16:00,IMVT
10.98,10.98,10.98,10.98,675,2021-06-22 14:17:00,IMVT
10.98,10.98,10.96,10.96,577,2021-06-22 14:18:00,IMVT
10.96,10.96,10.93,10.93,1200,2021-06-22 14:19:00,IMVT
10.93,10.96,10.92,10.96,499,2021-06-22 14:20:00,IMVT
10.92,10.925,10.92,10.925,241,2021-06-22 14:21:00,IMVT
10.94,10.94,10.92,10.92,1100,2021-06-22 14:22:00,IMVT
10.92,10.92,10.895,10.895,2600,2021-06-22 14:23:00,IMVT
10.895,10.91,10.8938,10.8942,700,2021-06-22 14:24:00,IMVT
10.8887,10.89,10.88,10.89,336,2021-06-22 14:26:00,IMVT
10.91,10.91,10.91,10.91,200,2021-06-22 14:27:00,IMVT
10.91,10.91,10.89,10.9025,300,2021-06-22 14:28:00,IMVT
10.9,10.9,10.9,10.9,200,2021-06-22 14:29:00,IMVT
10.89,10.89,10.88,10.89,1787,2021-06-22 14:30:00,IMVT
10.87,10.8842,10.855,10.855,1200,2021-06-22 14:31:00,IMVT
10.85,10.85,10.85,10.85,200,2021-06-22 14:32:00,IMVT
10.85,10.855,10.81,10.82,3238,2021-06-22 14:33:00,IMVT
10.8,10.84,10.8,10.84,7644,2021-06-22 14:34:00,IMVT
10.84,10.84,10.83,10.83,1074,2021-06-22 14:35:00,IMVT
10.83,10.83,10.83,10.83,200,2021-06-22 14:36:00,IMVT
10.87,10.9,10.86,10.86,1075,2021-06-22 14:38:00,IMVT
10.885,10.885,10.885,10.885,100,2021-06-22 14:39:00,IMVT
10.9,10.92,10.9,10.92,441,2021-06-22 14:40:00,IMVT
10.92,10.92,10.9192,10.92,2500,2021-06-22 14:41:00,IMVT
10.9,10.91,10.88,10.91,1720,2021-06-22 14:42:00,IMVT
10.8923,10.8923,10.8923,10.8923,110,2021-06-22 14:44:00,IMVT
10.8899,10.8899,10.8899,10.8899,100,2021-06-22 14:47:00,IMVT
10.92,10.93,10.92,10.93,582,2021-06-22 14:48:00,IMVT
10.915,10.92,10.915,10.92,600,2021-06-22 14:49:00,IMVT
10.91,10.91,10.89,10.89,925,2021-06-22 14:52:00,IMVT
10.895,10.895,10.895,10.895,1000,2021-06-22 14:55:00,IMVT
10.88,10.88,10.88,10.88,700,2021-06-22 14:56:00,IMVT
10.89,10.9,10.89,10.9,1840,2021-06-22 14:57:00,IMVT
10.9,10.9,10.9,10.9,363,2021-06-22 14:58:00,IMVT
10.88,10.88,10.88,10.88,100,2021-06-22 14:59:00,IMVT
10.89,10.89,10.88,10.89,3046,2021-06-22 15:00:00,IMVT
10.875,10.875,10.86,10.87,305,2021-06-22 15:01:00,IMVT
10.85,10.85,10.85,10.85,100,2021-06-22 15:02:00,IMVT
10.86,10.89,10.86,10.89,872,2021-06-22 15:03:00,IMVT
10.88,10.88,10.88,10.88,100,2021-06-22 15:04:00,IMVT
10.88,10.895,10.88,10.88,804,2021-06-22 15:05:00,IMVT
10.87,10.87,10.87,10.87,700,2021-06-22 15:06:00,IMVT
10.89,10.93,10.89,10.93,2176,2021-06-22 15:07:00,IMVT
10.93,10.94,10.92,10.9274,3435,2021-06-22 15:08:00,IMVT
10.92,10.92,10.91,10.91,600,2021-06-22 15:09:00,IMVT
10.93,10.94,10.93,10.93,2531,2021-06-22 15:10:00,IMVT
10.9,10.9,10.9,10.9,300,2021-06-22 15:11:00,IMVT
10.88,10.88,10.88,10.88,400,2021-06-22 15:12:00,IMVT
10.87,10.87,10.87,10.87,100,2021-06-22 15:13:00,IMVT
10.85,10.85,10.85,10.85,500,2021-06-22 15:14:00,IMVT
10.86,10.86,10.85,10.85,400,2021-06-22 15:15:00,IMVT
10.85,10.85,10.85,10.85,291,2021-06-22 15:16:00,IMVT
10.85,10.85,10.84,10.84,623,2021-06-22 15:17:00,IMVT
10.84,10.85,10.82,10.85,1239,2021-06-22 15:18:00,IMVT
10.8389,10.84,10.8389,10.84,1055,2021-06-22 15:19:00,IMVT
10.85,10.86,10.85,10.86,780,2021-06-22 15:21:00,IMVT
10.85,10.85,10.83,10.845,5286,2021-06-22 15:22:00,IMVT
10.845,10.854,10.84,10.854,900,2021-06-22 15:23:00,IMVT
10.83,10.83,10.83,10.83,200,2021-06-22 15:25:00,IMVT
10.845,10.845,10.845,10.845,100,2021-06-22 15:26:00,IMVT
10.83,10.83,10.83,10.83,100,2021-06-22 15:27:00,IMVT
10.85,10.89,10.85,10.89,3995,2021-06-22 15:28:00,IMVT
10.87,10.87,10.85,10.85,500,2021-06-22 15:30:00,IMVT
10.85,10.85,10.85,10.85,300,2021-06-22 15:31:00,IMVT
10.8537,10.8537,10.84,10.84,853,2021-06-22 15:32:00,IMVT
10.84,10.841,10.84,10.84,2200,2021-06-22 15:33:00,IMVT
10.843,10.85,10.83,10.84,4600,2021-06-22 15:34:00,IMVT
10.83,10.83,10.83,10.83,200,2021-06-22 15:35:00,IMVT
10.83,10.83,10.82,10.83,600,2021-06-22 15:36:00,IMVT
10.83,10.84,10.83,10.84,500,2021-06-22 15:37:00,IMVT
10.83,10.83,10.83,10.83,500,2021-06-22 15:38:00,IMVT
10.8338,10.84,10.83,10.84,926,2021-06-22 15:39:00,IMVT
10.84,10.84,10.83,10.84,1920,2021-06-22 15:40:00,IMVT
10.83,10.83,10.82,10.82,594,2021-06-22 15:41:00,IMVT
10.81,10.825,10.81,10.825,2600,2021-06-22 15:43:00,IMVT
10.82,10.82,10.82,10.82,2800,2021-06-22 15:44:00,IMVT
10.82,10.82,10.81,10.81,918,2021-06-22 15:45:00,IMVT
10.8069,10.8069,10.8069,10.8069,100,2021-06-22 15:46:00,IMVT
10.81,10.81,10.81,10.81,200,2021-06-22 15:47:00,IMVT
10.8,10.8,10.8,10.8,249,2021-06-22 15:48:00,IMVT
10.81,10.815,10.8,10.8021,500,2021-06-22 15:49:00,IMVT
10.8,10.8,10.76,10.76,1506,2021-06-22 15:50:00,IMVT
10.77,10.77,10.755,10.77,3202,2021-06-22 15:51:00,IMVT
10.78,10.78,10.78,10.78,600,2021-06-22 15:53:00,IMVT
10.78,10.78,10.77,10.77,962,2021-06-22 15:54:00,IMVT
10.77,10.77,10.76,10.76,599,2021-06-22 15:55:00,IMVT
10.76,10.76,10.74,10.74,1480,2021-06-22 15:56:00,IMVT
10.745,10.745,10.73,10.73,1600,2021-06-22 15:57:00,IMVT
10.735,10.74,10.71,10.71,849,2021-06-22 15:58:00,IMVT
10.73,10.74,10.73,10.74,1200,2021-06-22 16:00:00,IMVT
10.76,10.76,10.75,10.75,1500,2021-06-22 16:01:00,IMVT
10.76,10.77,10.73,10.74,7592,2021-06-22 16:02:00,IMVT
10.74,10.74,10.73,10.74,1360,2021-06-22 16:03:00,IMVT
10.73,10.73,10.72,10.72,380,2021-06-22 16:04:00,IMVT
10.72,10.72,10.7,10.71,525,2021-06-22 16:05:00,IMVT
10.71,10.72,10.69,10.715,14358,2021-06-22 16:06:00,IMVT
10.72,10.72,10.72,10.72,760,2021-06-22 16:07:00,IMVT
10.72,10.72,10.72,10.72,413,2021-06-22 16:08:00,IMVT
10.72,10.74,10.72,10.725,3231,2021-06-22 16:09:00,IMVT
10.725,10.725,10.725,10.725,2932,2021-06-22 16:10:00,IMVT
10.73,10.73,10.73,10.73,261,2021-06-22 16:11:00,IMVT
10.725,10.7299,10.725,10.725,300,2021-06-22 16:12:00,IMVT
10.725,10.725,10.725,10.725,100,2021-06-22 16:13:00,IMVT
10.725,10.73,10.725,10.725,7679,2021-06-22 16:14:00,IMVT
10.73,10.735,10.72,10.735,7476,2021-06-22 16:15:00,IMVT
10.735,10.76,10.735,10.76,7298,2021-06-22 16:16:00,IMVT
10.76,10.76,10.74,10.74,400,2021-06-22 16:17:00,IMVT
10.7401,10.7401,10.7401,10.7401,100,2021-06-22 16:18:00,IMVT
10.76,10.76,10.75,10.75,300,2021-06-22 16:19:00,IMVT
10.74,10.74,10.74,10.74,100,2021-06-22 16:20:00,IMVT
10.76,10.78,10.76,10.78,5377,2021-06-22 16:21:00,IMVT
10.78,10.8,10.78,10.8,2100,2021-06-22 16:23:00,IMVT
10.7954,10.805,10.7954,10.8,2144,2021-06-22 16:24:00,IMVT
10.78,10.7845,10.78,10.7845,800,2021-06-22 16:25:00,IMVT
10.79,10.79,10.79,10.79,200,2021-06-22 16:26:00,IMVT
10.78,10.79,10.78,10.79,3531,2021-06-22 16:28:00,IMVT
10.78,10.78,10.78,10.78,800,2021-06-22 16:30:00,IMVT
10.775,10.775,10.775,10.775,500,2021-06-22 16:33:00,IMVT
10.78,10.78,10.78,10.78,1563,2021-06-22 16:34:00,IMVT
10.79,10.81,10.79,10.81,2577,2021-06-22 16:35:00,IMVT
10.82,10.83,10.82,10.83,405,2021-06-22 16:36:00,IMVT
10.81,10.81,10.81,10.81,100,2021-06-22 16:37:00,IMVT
10.82,10.82,10.82,10.82,100,2021-06-22 16:38:00,IMVT
10.83,10.83,10.8,10.8,1428,2021-06-22 16:39:00,IMVT
10.79,10.79,10.77,10.7701,3831,2021-06-22 16:41:00,IMVT
10.77,10.77,10.76,10.76,1100,2021-06-22 16:42:00,IMVT
10.77,10.78,10.7684,10.78,2491,2021-06-22 16:45:00,IMVT
10.77,10.77,10.76,10.76,732,2021-06-22 16:46:00,IMVT
10.76,10.76,10.76,10.76,700,2021-06-22 16:47:00,IMVT
10.76,10.76,10.76,10.76,100,2021-06-22 16:48:00,IMVT
10.76,10.76,10.76,10.76,330,2021-06-22 16:49:00,IMVT
10.76,10.76,10.76,10.76,100,2021-06-22 16:50:00,IMVT
10.7582,10.7582,10.7582,10.7582,139,2021-06-22 16:52:00,IMVT
10.76,10.76,10.76,10.76,208,2021-06-22 16:53:00,IMVT
10.76,10.765,10.76,10.76,996,2021-06-22 16:54:00,IMVT
10.75,10.75,10.75,10.75,900,2021-06-22 16:56:00,IMVT
10.76,10.76,10.76,10.76,200,2021-06-22 16:57:00,IMVT
10.76,10.76,10.76,10.76,800,2021-06-22 17:03:00,IMVT
10.7585,10.76,10.7585,10.76,681,2021-06-22 17:04:00,IMVT
10.7596,10.7596,10.7596,10.7596,279,2021-06-22 17:11:00,IMVT
10.76,10.765,10.76,10.765,850,2021-06-22 17:12:00,IMVT
10.76,10.76,10.74,10.74,986,2021-06-22 17:14:00,IMVT
10.74,10.75,10.74,10.75,2700,2021-06-22 17:15:00,IMVT
10.7499,10.7499,10.7499,10.7499,1000,2021-06-22 17:18:00,IMVT
10.76,10.78,10.75,10.78,3187,2021-06-22 17:19:00,IMVT
10.78,10.8041,10.78,10.8041,1200,2021-06-22 17:20:00,IMVT
10.81,10.81,10.81,10.81,100,2021-06-22 17:21:00,IMVT
10.81,10.81,10.81,10.81,200,2021-06-22 17:23:00,IMVT
10.81,10.84,10.81,10.84,2997,2021-06-22 17:27:00,IMVT
10.87,10.87,10.87,10.87,200,2021-06-22 17:30:00,IMVT
10.85,10.85,10.85,10.85,600,2021-06-22 17:32:00,IMVT
10.86,10.86,10.86,10.86,100,2021-06-22 17:34:00,IMVT
10.87,10.87,10.87,10.87,1285,2021-06-22 17:38:00,IMVT
10.89,10.89,10.89,10.89,100,2021-06-22 17:39:00,IMVT
10.89,10.89,10.89,10.89,100,2021-06-22 17:40:00,IMVT
10.87,10.87,10.85,10.86,1320,2021-06-22 17:41:00,IMVT
10.83,10.83,10.83,10.83,100,2021-06-22 17:43:00,IMVT
10.85,10.85,10.85,10.85,100,2021-06-22 17:45:00,IMVT
10.85,10.86,10.85,10.86,1176,2021-06-22 17:46:00,IMVT
10.854,10.87,10.85,10.85,1090,2021-06-22 17:47:00,IMVT
10.87,10.87,10.87,10.87,791,2021-06-22 17:54:00,IMVT
10.855,10.855,10.855,10.855,200,2021-06-22 17:55:00,IMVT
10.855,10.855,10.855,10.855,100,2021-06-22 17:57:00,IMVT
10.84,10.87,10.84,10.87,3100,2021-06-22 17:58:00,IMVT
10.8685,10.8685,10.8685,10.8685,1000,2021-06-22 17:59:00,IMVT
10.87,10.87,10.87,10.87,199,2021-06-22 18:03:00,IMVT
10.86,10.86,10.86,10.86,100,2021-06-22 18:05:00,IMVT
10.87,10.87,10.87,10.87,1000,2021-06-22 18:07:00,IMVT
10.86,10.86,10.86,10.86,789,2021-06-22 18:08:00,IMVT
10.86,10.86,10.86,10.86,1800,2021-06-22 18:10:00,IMVT
10.8603,10.8603,10.8603,10.8603,500,2021-06-22 18:14:00,IMVT
10.87,10.87,10.85,10.86,900,2021-06-22 18:15:00,IMVT
10.85,10.85,10.83,10.83,300,2021-06-22 18:18:00,IMVT
10.83,10.83,10.825,10.83,6900,2021-06-22 18:20:00,IMVT
10.825,10.825,10.825,10.825,100,2021-06-22 18:21:00,IMVT
10.825,10.83,10.825,10.83,2139,2021-06-22 18:24:00,IMVT
10.835,10.835,10.835,10.835,400,2021-06-22 18:25:00,IMVT
10.84,10.86,10.84,10.86,1123,2021-06-22 18:26:00,IMVT
10.86,10.86,10.86,10.86,300,2021-06-22 18:28:00,IMVT
10.86,10.87,10.86,10.86,1007,2021-06-22 18:29:00,IMVT
10.88,10.88,10.855,10.855,500,2021-06-22 18:30:00,IMVT
10.8601,10.8601,10.85,10.85,410,2021-06-22 18:32:00,IMVT
10.855,10.855,10.855,10.855,100,2021-06-22 18:33:00,IMVT
10.84,10.84,10.84,10.84,136,2021-06-22 18:34:00,IMVT
10.83,10.84,10.83,10.83,300,2021-06-22 18:35:00,IMVT
10.83,10.83,10.82,10.82,400,2021-06-22 18:37:00,IMVT
10.821,10.825,10.821,10.825,270,2021-06-22 18:40:00,IMVT
10.82,10.82,10.82,10.82,100,2021-06-22 18:41:00,IMVT
10.82,10.82,10.82,10.82,100,2021-06-22 18:42:00,IMVT
10.81,10.81,10.81,10.81,200,2021-06-22 18:43:00,IMVT
10.82,10.83,10.82,10.83,2100,2021-06-22 18:45:00,IMVT
10.83,10.83,10.83,10.83,100,2021-06-22 18:49:00,IMVT
10.82,10.83,10.82,10.83,600,2021-06-22 18:51:00,IMVT
10.83,10.84,10.83,10.84,2180,2021-06-22 18:54:00,IMVT
10.84,10.85,10.84,10.845,1653,2021-06-22 18:55:00,IMVT
10.85,10.85,10.8401,10.845,1976,2021-06-22 18:56:00,IMVT
10.86,10.86,10.855,10.86,1100,2021-06-22 19:00:00,IMVT
10.89,10.89,10.89,10.89,200,2021-06-22 19:01:00,IMVT
10.89,10.89,10.89,10.89,300,2021-06-22 19:02:00,IMVT
10.885,10.885,10.885,10.885,104,2021-06-22 19:04:00,IMVT
10.9,10.91,10.9,10.91,900,2021-06-22 19:05:00,IMVT
10.92,10.92,10.92,10.92,144,2021-06-22 19:06:00,IMVT
10.92,10.92,10.92,10.92,200,2021-06-22 19:07:00,IMVT
10.93,10.93,10.93,10.93,199,2021-06-22 19:08:00,IMVT
10.93,10.95,10.93,10.95,1200,2021-06-22 19:10:00,IMVT
10.94,10.94,10.91,10.93,3007,2021-06-22 19:11:00,IMVT
10.92,10.92,10.91,10.91,300,2021-06-22 19:14:00,IMVT
10.93,10.95,10.93,10.95,1578,2021-06-22 19:15:00,IMVT
10.96,10.96,10.9501,10.9501,400,2021-06-22 19:16:00,IMVT
10.96,10.96,10.96,10.96,200,2021-06-22 19:17:00,IMVT
10.98,10.99,10.96,10.98,2486,2021-06-22 19:18:00,IMVT
10.98,10.99,10.98,10.99,1100,2021-06-22 19:19:00,IMVT
10.99,10.99,10.98,10.98,1299,2021-06-22 19:20:00,IMVT
10.99,11.0,10.99,10.99,700,2021-06-22 19:21:00,IMVT
10.99,10.99,10.99,10.99,2000,2021-06-22 19:22:00,IMVT
10.99,11.03,10.98,11.03,9411,2021-06-22 19:23:00,IMVT
11.03,11.06,11.03,11.06,1515,2021-06-22 19:24:00,IMVT
11.06,11.07,11.06,11.07,700,2021-06-22 19:25:00,IMVT
11.065,11.085,11.0601,11.085,6047,2021-06-22 19:26:00,IMVT
11.0801,11.12,11.075,11.08,3247,2021-06-22 19:27:00,IMVT
11.0556,11.0556,11.0556,11.0556,470,2021-06-22 19:28:00,IMVT
11.06,11.07,11.05,11.07,2147,2021-06-22 19:29:00,IMVT
11.07,11.07,11.0582,11.0582,700,2021-06-22 19:30:00,IMVT
11.08,11.08,11.08,11.08,1981,2021-06-22 19:31:00,IMVT
11.085,11.09,11.075,11.08,7167,2021-06-22 19:32:00,IMVT
11.08,11.118,11.08,11.118,2302,2021-06-22 19:33:00,IMVT
11.11,11.14,11.11,11.1386,5570,2021-06-22 19:34:00,IMVT
11.1332,11.15,11.13,11.13,3670,2021-06-22 19:35:00,IMVT
11.125,11.13,11.11,11.11,1000,2021-06-22 19:36:00,IMVT
11.105,11.105,11.1,11.105,500,2021-06-22 19:38:00,IMVT
11.07,11.07,11.07,11.07,400,2021-06-22 19:39:00,IMVT
11.065,11.065,11.065,11.065,200,2021-06-22 19:40:00,IMVT
11.06,11.08,11.06,11.08,1016,2021-06-22 19:41:00,IMVT
11.06,11.06,11.06,11.06,300,2021-06-22 19:42:00,IMVT
11.05,11.06,11.04,11.05,803,2021-06-22 19:43:00,IMVT
11.04,11.05,11.04,11.04,1486,2021-06-22 19:44:00,IMVT
11.035,11.035,11.03,11.03,400,2021-06-22 19:45:00,IMVT
11.04,11.05,11.04,11.05,1500,2021-06-22 19:46:00,IMVT
11.05,11.09,11.05,11.09,3993,2021-06-22 19:47:00,IMVT
11.07,11.08,11.07,11.08,300,2021-06-22 19:48:00,IMVT
11.054,11.054,11.02,11.028,8593,2021-06-22 19:49:00,IMVT
11.02,11.045,11.02,11.045,4826,2021-06-22 19:50:00,IMVT
11.05,11.1,11.05,11.07,12175,2021-06-22 19:51:00,IMVT
11.07,11.08,11.06,11.07,851,2021-06-22 19:52:00,IMVT
11.08,11.08,11.04,11.04,1860,2021-06-22 19:53:00,IMVT
11.04,11.06,11.03,11.06,2100,2021-06-22 19:54:00,IMVT
11.06,11.09,11.06,11.09,1857,2021-06-22 19:55:00,IMVT
11.08,11.09,11.07,11.08,1050,2021-06-22 19:56:00,IMVT
11.07,11.09,11.05,11.05,3400,2021-06-22 19:57:00,IMVT
11.05,11.08,11.05,11.08,9682,2021-06-22 19:58:00,IMVT
11.08,11.12,11.08,11.1,8363,2021-06-22 19:59:00,IMVT
11.09,11.09,11.09,11.09,84490,2021-06-22 20:00:00,IMVT
11.0,11.0,11.0,11.0,300,2021-06-22 21:08:00,IMVT
10.99,11.14,10.99,11.13,9649,2021-06-23 13:30:00,IMVT
11.11,11.22,11.11,11.22,4276,2021-06-23 13:31:00,IMVT
11.22,11.255,11.155,11.22,11832,2021-06-23 13:32:00,IMVT
11.255,11.275,11.25,11.25,2660,2021-06-23 13:33:00,IMVT
11.3,11.3,11.23,11.29,8024,2021-06-23 13:34:00,IMVT
11.28,11.29,11.25,11.27,842,2021-06-23 13:35:00,IMVT
11.28,11.29,11.28,11.29,300,2021-06-23 13:36:00,IMVT
11.29,11.29,11.2469,11.2469,1125,2021-06-23 13:37:00,IMVT
11.29,11.29,11.28,11.28,200,2021-06-23 13:38:00,IMVT
11.26,11.32,11.26,11.32,2301,2021-06-23 13:39:00,IMVT
11.32,11.35,11.3,11.35,7133,2021-06-23 13:40:00,IMVT
11.33,11.35,11.3155,11.325,1000,2021-06-23 13:41:00,IMVT
11.37,11.37,11.33,11.35,900,2021-06-23 13:43:00,IMVT
11.38,11.38,11.38,11.38,100,2021-06-23 13:44:00,IMVT
11.39,11.42,11.39,11.4,2966,2021-06-23 13:45:00,IMVT
11.4254,11.4254,11.29,11.3022,2184,2021-06-23 13:46:00,IMVT
11.21,11.21,11.21,11.21,2100,2021-06-23 13:49:00,IMVT
11.21,11.255,11.205,11.205,676,2021-06-23 13:50:00,IMVT
11.205,11.205,11.205,11.205,100,2021-06-23 13:51:00,IMVT
11.25,11.25,11.25,11.25,100,2021-06-23 13:52:00,IMVT
11.19,11.19,11.18,11.18,999,2021-06-23 13:53:00,IMVT
11.18,11.185,11.18,11.185,587,2021-06-23 13:54:00,IMVT
11.185,11.185,11.185,11.185,100,2021-06-23 13:55:00,IMVT
11.16,11.16,11.16,11.16,200,2021-06-23 13:57:00,IMVT
11.16,11.16,11.16,11.16,200,2021-06-23 13:58:00,IMVT
11.19,11.23,11.19,11.23,1772,2021-06-23 14:00:00,IMVT
11.2,11.23,11.19,11.19,500,2021-06-23 14:01:00,IMVT
11.19,11.2,11.18,11.2,1000,2021-06-23 14:02:00,IMVT
11.2,11.2,11.18,11.2,900,2021-06-23 14:03:00,IMVT
11.17,11.17,11.17,11.17,100,2021-06-23 14:04:00,IMVT
11.16,11.1704,11.15,11.15,2600,2021-06-23 14:05:00,IMVT
11.15,11.15,11.14,11.14,900,2021-06-23 14:06:00,IMVT
11.13,11.14,11.13,11.13,300,2021-06-23 14:07:00,IMVT
11.15,11.15,11.15,11.15,200,2021-06-23 14:09:00,IMVT
11.17,11.19,11.165,11.165,2400,2021-06-23 14:10:00,IMVT
11.16,11.16,11.15,11.15,569,2021-06-23 14:11:00,IMVT
11.15,11.205,11.15,11.205,900,2021-06-23 14:12:00,IMVT
11.205,11.205,11.205,11.205,125,2021-06-23 14:13:00,IMVT
11.18,11.18,11.18,11.18,200,2021-06-23 14:14:00,IMVT
11.16,11.21,11.16,11.19,2677,2021-06-23 14:15:00,IMVT
11.16,11.16,11.16,11.16,500,2021-06-23 14:17:00,IMVT
11.16,11.185,11.16,11.185,300,2021-06-23 14:18:00,IMVT
11.18,11.1839,11.16,11.1839,706,2021-06-23 14:20:00,IMVT
11.16,11.16,11.14,11.15,1825,2021-06-23 14:22:00,IMVT
11.13,11.14,11.08,11.08,1604,2021-06-23 14:23:00,IMVT
11.08,11.0815,11.08,11.0815,426,2021-06-23 14:25:00,IMVT
11.085,11.11,11.085,11.0975,627,2021-06-23 14:27:00,IMVT
11.13,11.13,11.13,11.13,300,2021-06-23 14:28:00,IMVT
11.11,11.11,11.11,11.11,100,2021-06-23 14:29:00,IMVT
11.13,11.13,11.09,11.11,4093,2021-06-23 14:32:00,IMVT
11.095,11.095,11.095,11.095,100,2021-06-23 14:34:00,IMVT
11.095,11.095,11.095,11.095,500,2021-06-23 14:35:00,IMVT
11.095,11.095,11.095,11.095,100,2021-06-23 14:37:00,IMVT
11.11,11.14,11.095,11.11,2843,2021-06-23 14:38:00,IMVT
11.13,11.13,11.1,11.1,300,2021-06-23 14:40:00,IMVT
11.1,11.1,11.09,11.09,300,2021-06-23 14:42:00,IMVT
11.09,11.09,11.09,11.09,250,2021-06-23 14:45:00,IMVT
11.11,11.11,11.0901,11.0901,700,2021-06-23 14:46:00,IMVT
11.09,11.09,11.07,11.07,900,2021-06-23 14:47:00,IMVT
11.06,11.06,11.03,11.06,1761,2021-06-23 14:48:00,IMVT
11.05,11.05,11.05,11.05,428,2021-06-23 14:49:00,IMVT
11.03,11.03,11.03,11.03,100,2021-06-23 14:52:00,IMVT
11.05,11.065,11.04,11.065,1200,2021-06-23 14:53:00,IMVT
11.05,11.05,11.04,11.04,801,2021-06-23 14:56:00,IMVT
11.03,11.03,11.03,11.03,300,2021-06-23 14:57:00,IMVT
11.05,11.05,11.03,11.03,300,2021-06-23 15:00:00,IMVT
11.02,11.02,11.02,11.02,200,2021-06-23 15:01:00,IMVT
11.02,11.02,11.02,11.02,200,2021-06-23 15:03:00,IMVT
11.04,11.04,11.01,11.01,6317,2021-06-23 15:04:00,IMVT
11.04,11.04,11.025,11.025,200,2021-06-23 15:05:00,IMVT
11.025,11.03,11.0,11.01,3371,2021-06-23 15:06:00,IMVT
11.01,11.01,11.01,11.01,400,2021-06-23 15:07:00,IMVT
11.02,11.02,11.02,11.02,400,2021-06-23 15:08:00,IMVT
11.01,11.03,11.0,11.02,1200,2021-06-23 15:09:00,IMVT
11.07,11.0786,11.07,11.0786,600,2021-06-23 15:12:00,IMVT
11.08,11.08,11.05,11.07,1106,2021-06-23 15:13:00,IMVT
11.1,11.1,11.09,11.09,200,2021-06-23 15:14:00,IMVT
11.0902,11.0902,11.0902,11.0902,140,2021-06-23 15:16:00,IMVT
11.08,11.095,11.08,11.095,300,2021-06-23 15:17:00,IMVT
11.095,11.095,11.04,11.04,2108,2021-06-23 15:21:00,IMVT
11.03,11.03,11.03,11.03,200,2021-06-23 15:23:00,IMVT
11.03,11.05,11.03,11.04,946,2021-06-23 15:24:00,IMVT
11.07,11.1099,11.07,11.1099,1640,2021-06-23 15:25:00,IMVT
11.06,11.07,11.06,11.07,850,2021-06-23 15:28:00,IMVT
11.075,11.09,11.075,11.09,509,2021-06-23 15:29:00,IMVT
11.11,11.11,11.095,11.095,202,2021-06-23 15:31:00,IMVT
11.08,11.08,11.08,11.08,2000,2021-06-23 15:33:00,IMVT
11.07,11.07,11.07,11.07,100,2021-06-23 15:34:00,IMVT
11.03,11.03,11.03,11.03,100,2021-06-23 15:35:00,IMVT
11.04,11.05,11.04,11.05,2266,2021-06-23 15:36:00,IMVT
11.07,11.08,11.07,11.08,600,2021-06-23 15:38:00,IMVT
11.09,11.09,11.06,11.06,300,2021-06-23 15:41:00,IMVT
11.06,11.06,11.04,11.04,820,2021-06-23 15:43:00,IMVT
11.05,11.05,11.04,11.04,1328,2021-06-23 15:44:00,IMVT
11.05,11.05,11.05,11.05,100,2021-06-23 15:45:00,IMVT
11.0301,11.0301,11.0301,11.0301,150,2021-06-23 15:50:00,IMVT
11.05,11.05,11.05,11.05,100,2021-06-23 15:51:00,IMVT
11.0377,11.0377,11.0377,11.0377,400,2021-06-23 15:52:00,IMVT
11.05,11.05,11.05,11.05,1200,2021-06-23 15:54:00,IMVT
11.05,11.06,11.05,11.05,5188,2021-06-23 15:55:00,IMVT
11.04,11.04,11.03,11.03,300,2021-06-23 15:56:00,IMVT
11.03,11.03,11.03,11.03,200,2021-06-23 15:57:00,IMVT
11.04,11.04,11.03,11.04,700,2021-06-23 15:58:00,IMVT
11.0416,11.0416,11.0416,11.0416,118,2021-06-23 15:59:00,IMVT
11.03,11.04,11.03,11.04,200,2021-06-23 16:02:00,IMVT
11.04,11.04,11.04,11.04,100,2021-06-23 16:04:00,IMVT
11.04,11.05,11.04,11.045,907,2021-06-23 16:07:00,IMVT
11.045,11.045,11.045,11.045,200,2021-06-23 16:09:00,IMVT
11.04,11.04,11.03,11.03,854,2021-06-23 16:11:00,IMVT
11.05,11.06,11.04,11.04,3195,2021-06-23 16:13:00,IMVT
11.04,11.05,11.04,11.05,1045,2021-06-23 16:16:00,IMVT
11.05,11.05,11.05,11.05,100,2021-06-23 16:18:00,IMVT
11.05,11.05,11.04,11.04,500,2021-06-23 16:19:00,IMVT
11.041,11.06,11.041,11.05,1618,2021-06-23 16:22:00,IMVT
11.05,11.05,11.05,11.05,714,2021-06-23 16:26:00,IMVT
11.05,11.05,11.05,11.05,1400,2021-06-23 16:28:00,IMVT
11.06,11.06,11.06,11.06,100,2021-06-23 16:30:00,IMVT
11.06,11.06,11.06,11.06,400,2021-06-23 16:31:00,IMVT
11.06,11.06,11.06,11.06,100,2021-06-23 16:32:00,IMVT
11.05,11.05,11.05,11.05,200,2021-06-23 16:33:00,IMVT
11.02,11.05,11.02,11.05,5200,2021-06-23 16:34:00,IMVT
11.05,11.05,11.0449,11.0449,1900,2021-06-23 16:36:00,IMVT
11.05,11.05,11.04,11.04,329,2021-06-23 16:37:00,IMVT
11.03,11.03,11.0,11.0,700,2021-06-23 16:38:00,IMVT
10.99,10.99,10.98,10.98,800,2021-06-23 16:39:00,IMVT
10.9723,10.9799,10.96,10.97,1050,2021-06-23 16:40:00,IMVT
10.965,10.965,10.95,10.95,200,2021-06-23 16:41:00,IMVT
10.97,10.98,10.97,10.98,700,2021-06-23 16:43:00,IMVT
10.9755,10.98,10.9755,10.98,1100,2021-06-23 16:44:00,IMVT
11.0,11.0,11.0,11.0,100,2021-06-23 16:45:00,IMVT
11.01,11.01,11.01,11.01,300,2021-06-23 16:49:00,IMVT
11.01,11.01,11.01,11.01,100,2021-06-23 16:51:00,IMVT
11.0,11.0,10.99,10.99,1700,2021-06-23 16:53:00,IMVT
10.98,10.98,10.98,10.98,100,2021-06-23 16:54:00,IMVT
10.9945,10.9945,10.9945,10.9945,500,2021-06-23 16:57:00,IMVT
11.0,11.01,11.0,11.0,600,2021-06-23 16:58:00,IMVT
11.02,11.02,11.005,11.005,253,2021-06-23 17:00:00,IMVT
11.005,11.005,11.005,11.005,100,2021-06-23 17:01:00,IMVT
11.005,11.005,10.99,10.99,300,2021-06-23 17:02:00,IMVT
11.0,11.0,10.995,10.995,1400,2021-06-23 17:03:00,IMVT
10.99,10.9914,10.99,10.9914,800,2021-06-23 17:04:00,IMVT
11.0,11.0,10.99,10.99,1199,2021-06-23 17:05:00,IMVT
10.99,10.99,10.99,10.99,200,2021-06-23 17:06:00,IMVT
10.99,10.99,10.98,10.98,1292,2021-06-23 17:07:00,IMVT
10.985,10.985,10.985,10.985,200,2021-06-23 17:08:00,IMVT
10.98,10.98,10.98,10.98,200,2021-06-23 17:09:00,IMVT
10.9784,10.98,10.975,10.975,557,2021-06-23 17:10:00,IMVT
10.97,10.97,10.97,10.97,499,2021-06-23 17:12:00,IMVT
10.97,10.975,10.97,10.975,400,2021-06-23 17:16:00,IMVT
10.97,10.97,10.965,10.965,250,2021-06-23 17:18:00,IMVT
10.97,10.97,10.97,10.97,300,2021-06-23 17:19:00,IMVT
10.98,10.99,10.98,10.98,1106,2021-06-23 17:22:00,IMVT
10.98,10.98,10.98,10.98,100,2021-06-23 17:24:00,IMVT
10.99,11.0,10.99,10.99,1410,2021-06-23 17:25:00,IMVT
11.0,11.01,11.0,11.01,1110,2021-06-23 17:26:00,IMVT
11.01,11.02,11.01,11.02,200,2021-06-23 17:29:00,IMVT
11.02,11.02,11.02,11.02,100,2021-06-23 17:30:00,IMVT
11.0,11.0,10.99,10.99,1435,2021-06-23 17:33:00,IMVT
11.01,11.01,11.01,11.01,500,2021-06-23 17:35:00,IMVT
11.02,11.02,11.02,11.02,100,2021-06-23 17:36:00,IMVT
11.01,11.02,11.01,11.02,200,2021-06-23 17:37:00,IMVT
11.03,11.03,11.02,11.02,200,2021-06-23 17:40:00,IMVT
11.03,11.03,11.02,11.02,500,2021-06-23 17:42:00,IMVT
11.01,11.01,11.01,11.01,300,2021-06-23 17:44:00,IMVT
11.025,11.04,11.01,11.01,450,2021-06-23 17:48:00,IMVT
11.04,11.05,11.04,11.05,898,2021-06-23 17:50:00,IMVT
11.0624,11.0624,11.0624,11.0624,362,2021-06-23 17:52:00,IMVT
11.07,11.08,11.07,11.07,900,2021-06-23 17:53:00,IMVT
11.086,11.086,11.075,11.075,300,2021-06-23 17:56:00,IMVT
11.07,11.07,11.06,11.06,600,2021-06-23 17:57:00,IMVT
11.06,11.06,11.05,11.05,1206,2021-06-23 17:59:00,IMVT
11.07,11.07,11.035,11.05,2400,2021-06-23 18:00:00,IMVT
11.0336,11.0336,11.0336,11.0336,399,2021-06-23 18:01:00,IMVT
11.0286,11.0286,11.0286,11.0286,127,2021-06-23 18:03:00,IMVT
11.0467,11.0467,11.0467,11.0467,750,2021-06-23 18:04:00,IMVT
11.04,11.04,11.04,11.04,881,2021-06-23 18:05:00,IMVT
11.04,11.04,11.035,11.04,640,2021-06-23 18:07:00,IMVT
11.035,11.04,11.035,11.04,300,2021-06-23 18:10:00,IMVT
11.04,11.04,11.035,11.035,833,2021-06-23 18:12:00,IMVT
11.035,11.035,11.035,11.035,200,2021-06-23 18:15:00,IMVT
11.04,11.04,11.03,11.04,1112,2021-06-23 18:16:00,IMVT
11.03,11.03,11.03,11.03,343,2021-06-23 18:17:00,IMVT
11.02,11.02,11.01,11.01,950,2021-06-23 18:18:00,IMVT
11.02,11.02,11.015,11.015,400,2021-06-23 18:20:00,IMVT
11.01,11.01,11.01,11.01,320,2021-06-23 18:21:00,IMVT
11.005,11.01,11.005,11.01,204,2021-06-23 18:22:00,IMVT
11.0055,11.0055,11.005,11.005,1100,2021-06-23 18:23:00,IMVT
11.01,11.01,11.0,11.0,1000,2021-06-23 18:25:00,IMVT
11.0,11.0,11.0,11.0,100,2021-06-23 18:27:00,IMVT
11.0,11.0,10.9948,11.0,400,2021-06-23 18:29:00,IMVT
11.01,11.01,11.0,11.0,200,2021-06-23 18:30:00,IMVT
10.995,10.995,10.995,10.995,100,2021-06-23 18:31:00,IMVT
11.0,11.0,11.0,11.0,700,2021-06-23 18:33:00,IMVT
11.0,11.0,11.0,11.0,100,2021-06-23 18:34:00,IMVT
11.0035,11.02,11.0035,11.01,308,2021-06-23 18:35:00,IMVT
11.01,11.01,11.01,11.01,100,2021-06-23 18:36:00,IMVT
11.0,11.02,11.0,11.0043,584,2021-06-23 18:39:00,IMVT
11.01,11.01,11.0,11.0,202,2021-06-23 18:40:00,IMVT
11.01,11.02,10.995,11.02,10135,2021-06-23 18:41:00,IMVT
11.025,11.04,11.025,11.04,500,2021-06-23 18:42:00,IMVT
11.04,11.05,11.03,11.03,17138,2021-06-23 18:43:00,IMVT
11.02,11.025,10.98,10.98,6233,2021-06-23 18:44:00,IMVT
10.975,10.99,10.975,10.98,1400,2021-06-23 18:45:00,IMVT
10.985,10.985,10.985,10.985,2280,2021-06-23 18:47:00,IMVT
10.98,10.98,10.94,10.96,4200,2021-06-23 18:48:00,IMVT
10.965,10.97,10.965,10.97,500,2021-06-23 18:51:00,IMVT
10.99,10.99,10.97,10.97,200,2021-06-23 18:54:00,IMVT
10.98,10.98,10.98,10.98,100,2021-06-23 18:55:00,IMVT
10.98,10.99,10.98,10.98,500,2021-06-23 18:56:00,IMVT
10.99,10.99,10.99,10.99,200,2021-06-23 18:59:00,IMVT
11.01,11.01,11.01,11.01,529,2021-06-23 19:00:00,IMVT
10.99,10.99,10.99,10.99,300,2021-06-23 19:02:00,IMVT
10.98,10.98,10.98,10.98,400,2021-06-23 19:03:00,IMVT
10.98,10.98,10.98,10.98,345,2021-06-23 19:04:00,IMVT
10.99,10.99,10.99,10.99,300,2021-06-23 19:05:00,IMVT
10.98,10.98,10.98,10.98,100,2021-06-23 19:07:00,IMVT
10.99,11.0,10.98,10.98,1500,2021-06-23 19:09:00,IMVT
11.0,11.0,11.0,11.0,100,2021-06-23 19:10:00,IMVT
10.99,11.0,10.99,11.0,600,2021-06-23 19:11:00,IMVT
11.0035,11.0035,11.0035,11.0035,667,2021-06-23 19:13:00,IMVT
11.01,11.01,10.97,10.98,1836,2021-06-23 19:17:00,IMVT
10.99,10.99,10.99,10.99,800,2021-06-23 19:18:00,IMVT
10.995,11.0,10.995,11.0,215,2021-06-23 19:19:00,IMVT
11.0,11.0,10.99,10.99,700,2021-06-23 19:20:00,IMVT
11.005,11.02,11.005,11.02,486,2021-06-23 19:22:00,IMVT
11.015,11.02,11.015,11.02,1278,2021-06-23 19:27:00,IMVT
11.01,11.02,11.01,11.02,2700,2021-06-23 19:28:00,IMVT
11.02,11.03,11.02,11.02,523,2021-06-23 19:29:00,IMVT
11.03,11.03,11.02,11.03,400,2021-06-23 19:30:00,IMVT
11.03,11.03,11.03,11.03,200,2021-06-23 19:31:00,IMVT
11.02,11.02,11.01,11.01,600,2021-06-23 19:33:00,IMVT
11.01,11.01,10.99,11.01,2153,2021-06-23 19:34:00,IMVT
10.995,10.995,10.995,10.995,200,2021-06-23 19:36:00,IMVT
10.99,10.99,10.985,10.985,533,2021-06-23 19:37:00,IMVT
10.98,11.0,10.98,11.0,2210,2021-06-23 19:38:00,IMVT
11.0,11.0,10.99,10.99,378,2021-06-23 19:39:00,IMVT
10.985,10.985,10.98,10.98,200,2021-06-23 19:40:00,IMVT
10.98,10.98,10.98,10.98,100,2021-06-23 19:41:00,IMVT
10.98,10.98,10.98,10.98,438,2021-06-23 19:42:00,IMVT
10.98,10.981,10.975,10.981,1989,2021-06-23 19:43:00,IMVT
10.98,10.98,10.98,10.98,100,2021-06-23 19:44:00,IMVT
10.98,10.99,10.98,10.99,1439,2021-06-23 19:45:00,IMVT
10.995,10.995,10.995,10.995,100,2021-06-23 19:48:00,IMVT
10.99,10.99,10.98,10.985,2289,2021-06-23 19:49:00,IMVT
10.98,10.98,10.965,10.965,1090,2021-06-23 19:50:00,IMVT
10.97,10.97,10.97,10.97,100,2021-06-23 19:51:00,IMVT
10.96,10.96,10.96,10.96,500,2021-06-23 19:52:00,IMVT
10.96,10.965,10.96,10.96,727,2021-06-23 19:53:00,IMVT
10.9622,10.98,10.96,10.98,2215,2021-06-23 19:54:00,IMVT
10.98,10.9893,10.98,10.9893,1097,2021-06-23 19:55:00,IMVT
10.9899,10.99,10.9899,10.99,424,2021-06-23 19:56:00,IMVT
10.98,10.99,10.98,10.9879,1877,2021-06-23 19:57:00,IMVT
10.98,10.98,10.965,10.98,3043,2021-06-23 19:58:00,IMVT
10.98,11.0,10.97,10.99,5569,2021-06-23 19:59:00,IMVT
11.0,11.0,11.0,11.0,44413,2021-06-23 20:00:00,IMVT
11.0,11.0,11.0,11.0,6472,2021-06-23 20:01:00,IMVT
11.0,11.0,11.0,11.0,100,2021-06-23 20:31:00,IMVT
11.0,11.0,11.0,11.0,500,2021-06-24 11:47:00,IMVT
11.1894,11.1894,11.1894,11.1894,100,2021-06-24 12:59:00,IMVT
10.93,10.96,10.9,10.9,2666,2021-06-24 13:25:00,IMVT
11.0,11.0,10.82,10.88,48072,2021-06-24 13:30:00,IMVT
10.93,11.04,10.93,11.04,840,2021-06-24 13:31:00,IMVT
10.9125,11.09,10.9125,11.07,3250,2021-06-24 13:32:00,IMVT
10.9902,10.9902,10.9902,10.9902,500,2021-06-24 13:33:00,IMVT
11.12,11.13,11.055,11.13,1932,2021-06-24 13:34:00,IMVT
11.11,11.13,11.07,11.13,700,2021-06-24 13:36:00,IMVT
11.055,11.055,11.055,11.055,1100,2021-06-24 13:37:00,IMVT
11.1,11.15,11.09,11.15,6663,2021-06-24 13:38:00,IMVT
11.15,11.16,11.1,11.1,3420,2021-06-24 13:39:00,IMVT
11.1,11.1,11.1,11.1,200,2021-06-24 13:40:00,IMVT
11.08,11.08,11.07,11.08,889,2021-06-24 13:44:00,IMVT
11.05,11.05,11.05,11.05,200,2021-06-24 13:45:00,IMVT
11.05,11.0727,11.05,11.0727,2100,2021-06-24 13:46:00,IMVT
11.06,11.06,10.99,11.03,12653,2021-06-24 13:49:00,IMVT
11.03,11.06,11.03,11.05,881,2021-06-24 13:51:00,IMVT
11.028,11.03,11.0238,11.0238,500,2021-06-24 13:53:00,IMVT
11.02,11.02,10.96,10.98,2400,2021-06-24 13:54:00,IMVT
10.96,10.965,10.96,10.965,200,2021-06-24 13:55:00,IMVT
10.97,10.98,10.97,10.98,1897,2021-06-24 13:56:00,IMVT
10.98,10.99,10.98,10.985,1971,2021-06-24 13:57:00,IMVT
10.985,10.99,10.98,10.98,300,2021-06-24 13:58:00,IMVT
10.98,11.03,10.98,11.02,4708,2021-06-24 13:59:00,IMVT
11.02,11.02,11.0,11.0,3000,2021-06-24 14:01:00,IMVT
11.03,11.04,11.03,11.03,983,2021-06-24 14:02:00,IMVT
11.045,11.05,11.045,11.05,300,2021-06-24 14:03:00,IMVT
11.09,11.09,11.09,11.09,100,2021-06-24 14:04:00,IMVT
11.08,11.11,11.08,11.09,2916,2021-06-24 14:06:00,IMVT
11.085,11.085,11.085,11.085,100,2021-06-24 14:07:00,IMVT
11.09,11.1,11.08,11.09,3575,2021-06-24 14:08:00,IMVT
11.1,11.1,11.0875,11.1,920,2021-06-24 14:09:00,IMVT
11.1,11.11,11.1,11.1,300,2021-06-24 14:11:00,IMVT
11.1,11.14,11.1,11.14,2800,2021-06-24 14:12:00,IMVT
11.13,11.13,11.11,11.11,1300,2021-06-24 14:13:00,IMVT
11.15,11.15,11.09,11.09,7017,2021-06-24 14:15:00,IMVT
11.08,11.08,11.08,11.08,500,2021-06-24 14:16:00,IMVT
11.075,11.09,11.075,11.09,1300,2021-06-24 14:17:00,IMVT
11.09,11.1,11.09,11.1,500,2021-06-24 14:18:00,IMVT
11.105,11.105,11.105,11.105,100,2021-06-24 14:19:00,IMVT
11.1,11.1,11.1,11.1,200,2021-06-24 14:21:00,IMVT
11.11,11.11,11.1,11.1,200,2021-06-24 14:22:00,IMVT
11.1,11.11,11.1,11.1,1720,2021-06-24 14:23:00,IMVT
11.11,11.11,11.105,11.105,260,2021-06-24 14:26:00,IMVT
11.11,11.12,11.11,11.12,1730,2021-06-24 14:27:00,IMVT
11.125,11.13,11.125,11.13,200,2021-06-24 14:28:00,IMVT
11.1385,11.14,11.13,11.14,1820,2021-06-24 14:29:00,IMVT
11.14,11.14,11.14,11.14,520,2021-06-24 14:30:00,IMVT
11.13,11.15,11.13,11.15,600,2021-06-24 14:31:00,IMVT
11.13,11.14,11.13,11.13,700,2021-06-24 14:34:00,IMVT
11.14,11.14,11.13,11.13,1400,2021-06-24 14:36:00,IMVT
11.13,11.14,11.13,11.14,200,2021-06-24 14:37:00,IMVT
11.13,11.13,11.13,11.13,200,2021-06-24 14:38:00,IMVT
11.14,11.17,11.14,11.16,5829,2021-06-24 14:39:00,IMVT
11.165,11.1881,11.165,11.1881,1600,2021-06-24 14:40:00,IMVT
11.17,11.17,11.16,11.16,700,2021-06-24 14:41:00,IMVT
11.13,11.165,11.13,11.165,1400,2021-06-24 14:42:00,IMVT
11.15,11.15,11.15,11.15,200,2021-06-24 14:45:00,IMVT
11.14,11.1475,11.1353,11.14,1216,2021-06-24 14:46:00,IMVT
11.13,11.1319,11.11,11.11,914,2021-06-24 14:47:00,IMVT
11.08,11.08,11.08,11.08,200,2021-06-24 14:48:00,IMVT
11.07,11.08,11.06,11.06,1500,2021-06-24 14:49:00,IMVT
11.03,11.03,11.03,11.03,100,2021-06-24 14:51:00,IMVT
11.06,11.06,11.045,11.05,1400,2021-06-24 14:52:00,IMVT
11.06,11.06,11.06,11.06,400,2021-06-24 14:53:00,IMVT
11.07,11.07,11.07,11.07,220,2021-06-24 14:54:00,IMVT
11.08,11.08,11.07,11.07,200,2021-06-24 14:55:00,IMVT
11.0772,11.0772,11.0772,11.0772,110,2021-06-24 14:57:00,IMVT
11.09,11.09,11.09,11.09,100,2021-06-24 14:58:00,IMVT
11.085,11.085,11.07,11.07,400,2021-06-24 14:59:00,IMVT
11.09,11.09,11.09,11.09,100,2021-06-24 15:01:00,IMVT
11.08,11.085,11.06,11.06,1451,2021-06-24 15:03:00,IMVT
11.07,11.08,11.07,11.08,600,2021-06-24 15:04:00,IMVT
11.075,11.08,11.075,11.08,400,2021-06-24 15:05:00,IMVT
11.06,11.06,11.06,11.06,644,2021-06-24 15:09:00,IMVT
11.06,11.06,11.04,11.04,789,2021-06-24 15:10:00,IMVT
11.05,11.05,11.05,11.05,100,2021-06-24 15:11:00,IMVT
11.05,11.05,11.03,11.03,200,2021-06-24 15:12:00,IMVT
11.05,11.05,11.045,11.045,400,2021-06-24 15:13:00,IMVT
11.04,11.04,11.03,11.035,700,2021-06-24 15:14:00,IMVT
11.03,11.04,11.01,11.0222,4500,2021-06-24 15:15:00,IMVT
11.02,11.02,10.99,10.99,772,2021-06-24 15:16:00,IMVT
10.99,11.0,10.99,10.99,1519,2021-06-24 15:17:00,IMVT
11.01,11.01,11.01,11.01,100,2021-06-24 15:18:00,IMVT
11.0031,11.01,11.0031,11.01,3533,2021-06-24 15:19:00,IMVT
11.005,11.02,11.005,11.02,2441,2021-06-24 15:20:00,IMVT
11.03,11.03,11.0101,11.02,1100,2021-06-24 15:21:00,IMVT
11.03,11.03,11.02,11.03,1100,2021-06-24 15:24:00,IMVT
11.0359,11.0359,11.0359,11.0359,800,2021-06-24 15:25:00,IMVT
11.04,11.06,11.035,11.035,1900,2021-06-24 15:26:00,IMVT
11.04,11.05,11.04,11.05,700,2021-06-24 15:28:00,IMVT
11.023,11.023,11.023,11.023,455,2021-06-24 15:31:00,IMVT
11.03,11.04,11.03,11.04,700,2021-06-24 15:33:00,IMVT
11.03,11.03,11.03,11.03,100,2021-06-24 15:34:00,IMVT
11.02,11.02,11.02,11.02,100,2021-06-24 15:35:00,IMVT
11.04,11.04,11.04,11.04,400,2021-06-24 15:36:00,IMVT
11.05,11.06,11.05,11.06,1046,2021-06-24 15:37:00,IMVT
11.05,11.05,11.05,11.05,400,2021-06-24 15:38:00,IMVT
11.04,11.04,11.04,11.04,100,2021-06-24 15:39:00,IMVT
11.06,11.06,11.06,11.06,100,2021-06-24 15:40:00,IMVT
11.05,11.05,11.05,11.05,600,2021-06-24 15:45:00,IMVT
11.04,11.04,11.04,11.04,200,2021-06-24 15:46:00,IMVT
11.035,11.05,11.035,11.05,1028,2021-06-24 15:47:00,IMVT
11.05,11.05,11.04,11.04,306,2021-06-24 15:48:00,IMVT
11.0301,11.0301,11.0301,11.0301,700,2021-06-24 15:49:00,IMVT
11.0382,11.0382,11.0382,11.0382,586,2021-06-24 15:50:00,IMVT
11.046,11.05,11.04,11.04,2000,2021-06-24 15:51:00,IMVT
11.04,11.05,11.04,11.05,616,2021-06-24 15:52:00,IMVT
11.03,11.03,11.02,11.02,700,2021-06-24 15:53:00,IMVT
11.02,11.02,11.02,11.02,147,2021-06-24 15:54:00,IMVT
11.02,11.02,11.01,11.02,2001,2021-06-24 15:55:00,IMVT
11.04,11.0417,11.035,11.0417,1500,2021-06-24 15:58:00,IMVT
11.06,11.06,11.06,11.06,400,2021-06-24 16:00:00,IMVT
11.04,11.04,11.04,11.04,400,2021-06-24 16:03:00,IMVT
11.05,11.05,11.03,11.03,1700,2021-06-24 16:05:00,IMVT
11.02,11.02,11.02,11.02,307,2021-06-24 16:06:00,IMVT
11.02,11.02,11.02,11.02,200,2021-06-24 16:07:00,IMVT
11.03,11.03,11.0,11.0,2652,2021-06-24 16:08:00,IMVT
10.99,10.99,10.97,10.99,1500,2021-06-24 16:09:00,IMVT
10.9814,10.9814,10.9814,10.9814,185,2021-06-24 16:12:00,IMVT
10.99,11.0,10.99,11.0,212,2021-06-24 16:16:00,IMVT
10.99,10.99,10.97,10.97,1833,2021-06-24 16:18:00,IMVT
10.97,10.97,10.97,10.97,200,2021-06-24 16:20:00,IMVT
10.96,10.9626,10.96,10.9626,400,2021-06-24 16:21:00,IMVT
10.965,10.97,10.965,10.97,400,2021-06-24 16:22:00,IMVT
10.97,10.97,10.965,10.97,1500,2021-06-24 16:23:00,IMVT
10.96,10.97,10.96,10.97,711,2021-06-24 16:24:00,IMVT
10.97,10.97,10.9677,10.97,800,2021-06-24 16:25:00,IMVT
10.98,10.98,10.98,10.98,1000,2021-06-24 16:26:00,IMVT
11.0,11.0,11.0,11.0,200,2021-06-24 16:29:00,IMVT
11.0,11.0,11.0,11.0,200,2021-06-24 16:30:00,IMVT
10.99,10.99,10.99,10.99,100,2021-06-24 16:31:00,IMVT
10.98,10.98,10.965,10.97,1825,2021-06-24 16:32:00,IMVT
10.96,10.96,10.95,10.95,2565,2021-06-24 16:33:00,IMVT
10.95,10.95,10.94,10.95,465,2021-06-24 16:34:00,IMVT
10.93,10.931,10.92,10.92,1216,2021-06-24 16:35:00,IMVT
10.94,10.945,10.93,10.93,7625,2021-06-24 16:38:00,IMVT
10.94,10.94,10.94,10.94,100,2021-06-24 16:40:00,IMVT
10.9399,10.9399,10.9399,10.9399,300,2021-06-24 16:42:00,IMVT
10.9367,10.94,10.93,10.93,600,2021-06-24 16:43:00,IMVT
10.93,10.93,10.93,10.93,300,2021-06-24 16:44:00,IMVT
10.925,10.94,10.925,10.94,1023,2021-06-24 16:45:00,IMVT
10.9486,10.9486,10.9486,10.9486,1000,2021-06-24 16:47:00,IMVT
10.94,10.9434,10.925,10.935,2387,2021-06-24 16:49:00,IMVT
10.91,10.91,10.91,10.91,400,2021-06-24 16:50:00,IMVT
10.905,10.905,10.88,10.89,3596,2021-06-24 16:51:00,IMVT
10.89,10.89,10.87,10.87,800,2021-06-24 16:52:00,IMVT
10.88,10.88,10.88,10.88,100,2021-06-24 16:55:00,IMVT
10.86,10.87,10.86,10.87,200,2021-06-24 16:57:00,IMVT
10.8644,10.8644,10.8644,10.8644,100,2021-06-24 16:58:00,IMVT
10.86,10.86,10.82,10.84,4534,2021-06-24 16:59:00,IMVT
10.84,10.85,10.84,10.85,1005,2021-06-24 17:00:00,IMVT
10.8599,10.88,10.85,10.88,2200,2021-06-24 17:01:00,IMVT
10.88,10.88,10.88,10.88,300,2021-06-24 17:03:00,IMVT
10.87,10.88,10.87,10.88,2400,2021-06-24 17:05:00,IMVT
10.8776,10.8776,10.87,10.87,500,2021-06-24 17:07:00,IMVT
10.87,10.89,10.87,10.89,3907,2021-06-24 17:08:00,IMVT
10.88,10.88,10.86,10.86,7687,2021-06-24 17:09:00,IMVT
10.85,10.85,10.84,10.84,1300,2021-06-24 17:10:00,IMVT
10.84,10.84,10.84,10.84,100,2021-06-24 17:11:00,IMVT
10.8344,10.8344,10.8344,10.8344,100,2021-06-24 17:12:00,IMVT
10.85,10.88,10.8417,10.87,3905,2021-06-24 17:13:00,IMVT
10.875,10.875,10.875,10.875,200,2021-06-24 17:14:00,IMVT
10.89,10.89,10.875,10.875,200,2021-06-24 17:17:00,IMVT
10.8839,10.8839,10.8839,10.8839,300,2021-06-24 17:18:00,IMVT
10.86,10.88,10.86,10.88,1700,2021-06-24 17:19:00,IMVT
10.88,10.92,10.88,10.92,3322,2021-06-24 17:21:00,IMVT
10.91,10.925,10.91,10.925,910,2021-06-24 17:22:00,IMVT
10.93,10.93,10.93,10.93,100,2021-06-24 17:23:00,IMVT
10.92,10.92,10.92,10.92,100,2021-06-24 17:25:00,IMVT
10.93,10.945,10.93,10.94,1430,2021-06-24 17:26:00,IMVT
10.95,10.95,10.95,10.95,100,2021-06-24 17:27:00,IMVT
10.94,10.94,10.94,10.94,200,2021-06-24 17:30:00,IMVT
10.95,10.95,10.93,10.93,200,2021-06-24 17:31:00,IMVT
10.94,10.94,10.94,10.94,100,2021-06-24 17:33:00,IMVT
10.93,10.94,10.925,10.93,1900,2021-06-24 17:35:00,IMVT
10.93,10.94,10.93,10.935,300,2021-06-24 17:37:00,IMVT
10.93,10.93,10.93,10.93,100,2021-06-24 17:39:00,IMVT
10.935,10.94,10.91,10.91,9429,2021-06-24 17:40:00,IMVT
10.92,10.92,10.92,10.92,268,2021-06-24 17:41:00,IMVT
10.91,10.91,10.89,10.89,2200,2021-06-24 17:44:00,IMVT
10.87,10.87,10.87,10.87,653,2021-06-24 17:46:00,IMVT
10.87,10.87,10.87,10.87,600,2021-06-24 17:47:00,IMVT
10.86,10.86,10.86,10.86,100,2021-06-24 17:48:00,IMVT
10.86,10.86,10.85,10.85,200,2021-06-24 17:49:00,IMVT
10.85,10.85,10.845,10.845,443,2021-06-24 17:50:00,IMVT
10.85,10.86,10.85,10.86,2900,2021-06-24 17:51:00,IMVT
10.865,10.865,10.865,10.865,100,2021-06-24 17:54:00,IMVT
10.8726,10.88,10.8726,10.88,320,2021-06-24 17:55:00,IMVT
10.88,10.89,10.87,10.88,1600,2021-06-24 17:58:00,IMVT
10.885,10.885,10.885,10.885,100,2021-06-24 17:59:00,IMVT
10.87,10.8898,10.87,10.87,1163,2021-06-24 18:02:00,IMVT
10.88,10.88,10.88,10.88,100,2021-06-24 18:03:00,IMVT
10.87,10.9,10.87,10.9,4134,2021-06-24 18:04:00,IMVT
10.9,10.9,10.9,10.9,100,2021-06-24 18:05:00,IMVT
10.9,10.9,10.9,10.9,100,2021-06-24 18:08:00,IMVT
10.91,10.91,10.91,10.91,100,2021-06-24 18:09:00,IMVT
10.91,10.91,10.9,10.9,300,2021-06-24 18:10:00,IMVT
10.91,10.92,10.91,10.92,2000,2021-06-24 18:11:00,IMVT
10.93,10.93,10.93,10.93,200,2021-06-24 18:13:00,IMVT
10.91,10.91,10.91,10.91,900,2021-06-24 18:16:00,IMVT
10.91,10.91,10.91,10.91,100,2021-06-24 18:18:00,IMVT
10.9,10.9,10.9,10.9,500,2021-06-24 18:19:00,IMVT
10.89,10.89,10.88,10.88,200,2021-06-24 18:20:00,IMVT
10.88,10.88,10.88,10.88,476,2021-06-24 18:21:00,IMVT
10.87,10.91,10.87,10.91,2900,2021-06-24 18:22:00,IMVT
10.91,10.91,10.91,10.91,200,2021-06-24 18:27:00,IMVT
10.91,10.91,10.89,10.89,1805,2021-06-24 18:28:00,IMVT
10.9,10.9,10.895,10.895,600,2021-06-24 18:29:00,IMVT
10.89,10.9,10.89,10.895,958,2021-06-24 18:30:00,IMVT
10.9,10.9,10.8975,10.9,400,2021-06-24 18:31:00,IMVT
10.9,10.9,10.89,10.89,300,2021-06-24 18:32:00,IMVT
10.9,10.9,10.9,10.9,800,2021-06-24 18:36:00,IMVT
10.9099,10.91,10.88,10.88,3752,2021-06-24 18:38:00,IMVT
10.89,10.89,10.88,10.88,300,2021-06-24 18:41:00,IMVT
10.9,10.91,10.89,10.91,6563,2021-06-24 18:42:00,IMVT
10.92,10.925,10.915,10.925,700,2021-06-24 18:45:00,IMVT
10.92,10.92,10.92,10.92,498,2021-06-24 18:47:00,IMVT
10.93,10.93,10.93,10.93,1000,2021-06-24 18:50:00,IMVT
10.93,10.94,10.9299,10.93,1944,2021-06-24 18:51:00,IMVT
10.94,10.94,10.9375,10.9375,200,2021-06-24 18:52:00,IMVT
10.94,10.94,10.94,10.94,200,2021-06-24 18:53:00,IMVT
10.955,10.955,10.955,10.955,234,2021-06-24 18:54:00,IMVT
10.97,10.97,10.97,10.97,100,2021-06-24 18:55:00,IMVT
10.955,10.955,10.955,10.955,102,2021-06-24 18:57:00,IMVT
10.96,10.96,10.96,10.96,100,2021-06-24 18:58:00,IMVT
10.96,10.97,10.945,10.95,1860,2021-06-24 18:59:00,IMVT
10.95,10.95,10.95,10.95,700,2021-06-24 19:00:00,IMVT
10.95,10.95,10.95,10.95,400,2021-06-24 19:02:00,IMVT
10.9467,10.9467,10.9467,10.9467,300,2021-06-24 19:03:00,IMVT
10.94,10.94,10.92,10.92,1197,2021-06-24 19:04:00,IMVT
10.93,10.93,10.93,10.93,500,2021-06-24 19:05:00,IMVT
10.92,10.92,10.92,10.92,200,2021-06-24 19:06:00,IMVT
10.92,10.93,10.92,10.93,300,2021-06-24 19:08:00,IMVT
10.93,10.93,10.88,10.88,4446,2021-06-24 19:09:00,IMVT
10.88,10.915,10.88,10.915,4483,2021-06-24 19:10:00,IMVT
10.915,10.915,10.91,10.91,1300,2021-06-24 19:11:00,IMVT
10.9,10.905,10.88,10.88,3232,2021-06-24 19:12:00,IMVT
10.8846,10.8846,10.87,10.88,9681,2021-06-24 19:13:00,IMVT
10.88,10.88,10.87,10.88,765,2021-06-24 19:14:00,IMVT
10.885,10.89,10.883,10.883,1400,2021-06-24 19:15:00,IMVT
10.885,10.885,10.87,10.87,1400,2021-06-24 19:16:00,IMVT
10.875,10.89,10.87,10.87,17679,2021-06-24 19:17:00,IMVT
10.88,10.89,10.88,10.89,1722,2021-06-24 19:18:00,IMVT
10.89,10.89,10.89,10.89,100,2021-06-24 19:20:00,IMVT
10.89,10.89,10.875,10.88,700,2021-06-24 19:21:00,IMVT
10.88,10.88,10.88,10.88,1500,2021-06-24 19:23:00,IMVT
10.88,10.88,10.88,10.88,100,2021-06-24 19:24:00,IMVT
10.885,10.885,10.88,10.88,200,2021-06-24 19:25:00,IMVT
10.885,10.885,10.875,10.88,2210,2021-06-24 19:26:00,IMVT
10.88,10.895,10.87,10.89,4552,2021-06-24 19:29:00,IMVT
10.89,10.89,10.88,10.88,1100,2021-06-24 19:30:00,IMVT
10.8801,10.8801,10.8801,10.8801,230,2021-06-24 19:31:00,IMVT
10.89,10.895,10.89,10.89,1982,2021-06-24 19:32:00,IMVT
10.89,10.8935,10.89,10.8935,800,2021-06-24 19:33:00,IMVT
10.89,10.89,10.89,10.89,1149,2021-06-24 19:34:00,IMVT
10.89,10.89,10.89,10.89,700,2021-06-24 19:35:00,IMVT
10.895,10.895,10.89,10.89,400,2021-06-24 19:36:00,IMVT
10.89,10.91,10.89,10.91,5910,2021-06-24 19:37:00,IMVT
10.9,10.9,10.9,10.9,1400,2021-06-24 19:38:00,IMVT
10.9,10.91,10.9,10.91,724,2021-06-24 19:39:00,IMVT
10.9016,10.905,10.9,10.905,420,2021-06-24 19:40:00,IMVT
10.9,10.9,10.9,10.9,600,2021-06-24 19:41:00,IMVT
10.91,10.91,10.905,10.91,1981,2021-06-24 19:42:00,IMVT
10.915,10.915,10.915,10.915,100,2021-06-24 19:43:00,IMVT
10.92,10.93,10.92,10.93,2000,2021-06-24 19:44:00,IMVT
10.928,10.928,10.92,10.92,1388,2021-06-24 19:46:00,IMVT
10.92,10.92,10.92,10.92,2468,2021-06-24 19:47:00,IMVT
10.92,10.92,10.91,10.91,1500,2021-06-24 19:48:00,IMVT
10.92,10.96,10.92,10.955,9289,2021-06-24 19:50:00,IMVT
10.955,10.955,10.94,10.94,2471,2021-06-24 19:51:00,IMVT
10.94,10.94,10.935,10.935,500,2021-06-24 19:52:00,IMVT
10.93,10.93,10.915,10.92,3129,2021-06-24 19:53:00,IMVT
10.93,10.955,10.925,10.955,8580,2021-06-24 19:54:00,IMVT
10.97,10.97,10.9621,10.97,905,2021-06-24 19:55:00,IMVT
10.96,10.96,10.95,10.96,5000,2021-06-24 19:56:00,IMVT
10.9599,10.97,10.9599,10.97,4236,2021-06-24 19:57:00,IMVT
10.965,10.97,10.96,10.97,9402,2021-06-24 19:58:00,IMVT
10.97,11.0,10.96,11.0,33313,2021-06-24 19:59:00,IMVT
11.0,11.0,11.0,11.0,103165,2021-06-24 20:00:00,IMVT
10.8853,10.8853,10.8853,10.8853,1080,2021-06-24 21:22:00,IMVT
11.0,11.0,11.0,11.0,400,2021-06-25 13:01:00,IMVT
11.06,11.06,11.06,11.06,4019,2021-06-25 13:30:00,IMVT
11.035,11.035,11.035,11.035,200,2021-06-25 13:34:00,IMVT
11.035,11.11,11.035,11.11,1426,2021-06-25 13:35:00,IMVT
11.05,11.05,11.02,11.02,800,2021-06-25 13:38:00,IMVT
11.04,11.08,11.04,11.08,2349,2021-06-25 13:39:00,IMVT
11.07,11.07,11.06,11.06,740,2021-06-25 13:40:00,IMVT
11.06,11.06,11.06,11.06,799,2021-06-25 13:41:00,IMVT
11.08,11.08,11.08,11.08,400,2021-06-25 13:43:00,IMVT
11.1,11.1,11.08,11.08,800,2021-06-25 13:44:00,IMVT
11.07,11.07,11.0473,11.0473,1400,2021-06-25 13:45:00,IMVT
11.0453,11.0453,11.0453,11.0453,136,2021-06-25 13:46:00,IMVT
11.04,11.05,11.03,11.03,2106,2021-06-25 13:47:00,IMVT
11.02,11.02,11.0,11.0,958,2021-06-25 13:49:00,IMVT
10.99,11.03,10.98,11.03,900,2021-06-25 13:51:00,IMVT
11.02,11.02,11.0,11.0,600,2021-06-25 13:52:00,IMVT
10.9975,10.9975,10.98,10.98,210,2021-06-25 13:53:00,IMVT
11.02,11.02,11.02,11.02,100,2021-06-25 13:54:00,IMVT
10.99,10.99,10.99,10.99,100,2021-06-25 13:55:00,IMVT
10.99,10.99,10.94,10.94,1844,2021-06-25 13:56:00,IMVT
10.95,11.0,10.95,10.97,1500,2021-06-25 13:57:00,IMVT
10.97,10.99,10.97,10.99,1192,2021-06-25 13:59:00,IMVT
10.965,10.965,10.965,10.965,100,2021-06-25 14:02:00,IMVT
10.99,11.01,10.99,11.01,11891,2021-06-25 14:03:00,IMVT
11.03,11.03,11.0,11.01,1686,2021-06-25 14:04:00,IMVT
10.99,10.995,10.98,10.99,1973,2021-06-25 14:06:00,IMVT
10.98,10.98,10.96,10.96,600,2021-06-25 14:07:00,IMVT
10.97,10.97,10.97,10.97,100,2021-06-25 14:08:00,IMVT
10.98,10.99,10.98,10.99,1100,2021-06-25 14:09:00,IMVT
10.98,10.98,10.96,10.96,2521,2021-06-25 14:11:00,IMVT
10.95,10.95,10.95,10.95,100,2021-06-25 14:12:00,IMVT
10.94,10.94,10.94,10.94,200,2021-06-25 14:13:00,IMVT
10.96,10.97,10.96,10.97,600,2021-06-25 14:14:00,IMVT
10.97,11.0,10.97,10.97,1000,2021-06-25 14:15:00,IMVT
11.0,11.01,10.99,11.01,1090,2021-06-25 14:16:00,IMVT
11.0,11.0,11.0,11.0,563,2021-06-25 14:17:00,IMVT
10.99,10.99,10.99,10.99,400,2021-06-25 14:18:00,IMVT
11.01,11.01,11.01,11.01,100,2021-06-25 14:19:00,IMVT
11.01,11.01,10.98,11.0,1100,2021-06-25 14:20:00,IMVT
10.995,10.995,10.995,10.995,100,2021-06-25 14:21:00,IMVT
10.98,10.985,10.98,10.985,300,2021-06-25 14:22:00,IMVT
10.9934,10.9934,10.97,10.97,600,2021-06-25 14:23:00,IMVT
10.97,10.97,10.97,10.97,100,2021-06-25 14:25:00,IMVT
10.9783,11.0,10.9783,11.0,400,2021-06-25 14:26:00,IMVT
11.01,11.01,11.0,11.01,500,2021-06-25 14:27:00,IMVT
11.0,11.0,10.99,10.99,400,2021-06-25 14:28:00,IMVT
10.99,10.99,10.99,10.99,800,2021-06-25 14:29:00,IMVT
11.0,11.02,11.0,11.02,500,2021-06-25 14:30:00,IMVT
10.99,10.99,10.99,10.99,1100,2021-06-25 14:36:00,IMVT
11.0,11.0,10.98,10.98,200,2021-06-25 14:37:00,IMVT
10.98,10.98,10.98,10.98,507,2021-06-25 14:38:00,IMVT
10.98,10.98,10.965,10.965,900,2021-06-25 14:39:00,IMVT
10.94,10.94,10.94,10.94,100,2021-06-25 14:41:00,IMVT
10.97,10.99,10.97,10.99,1475,2021-06-25 14:42:00,IMVT
11.0,11.0,11.0,11.0,100,2021-06-25 14:43:00,IMVT
10.98,10.98,10.96,10.96,500,2021-06-25 14:45:00,IMVT
10.96,10.96,10.96,10.96,500,2021-06-25 14:46:00,IMVT
10.94,10.94,10.94,10.94,200,2021-06-25 14:47:00,IMVT
10.965,10.965,10.965,10.965,100,2021-06-25 14:49:00,IMVT
10.94,10.94,10.94,10.94,100,2021-06-25 14:50:00,IMVT
10.99,10.99,10.99,10.99,100,2021-06-25 14:51:00,IMVT
10.94,10.95,10.94,10.95,200,2021-06-25 14:52:00,IMVT
10.98,10.98,10.98,10.98,500,2021-06-25 14:53:00,IMVT
10.99,11.02,10.99,11.02,500,2021-06-25 14:54:00,IMVT
11.02,11.03,11.02,11.03,3986,2021-06-25 14:55:00,IMVT
11.05,11.05,11.05,11.05,100,2021-06-25 14:57:00,IMVT
11.02,11.02,11.0,11.01,1736,2021-06-25 14:58:00,IMVT
11.01,11.03,11.01,11.02,1263,2021-06-25 15:02:00,IMVT
11.04,11.04,11.04,11.04,100,2021-06-25 15:03:00,IMVT
11.04,11.04,11.04,11.04,100,2021-06-25 15:05:00,IMVT
11.02,11.02,11.0,11.0,1100,2021-06-25 15:06:00,IMVT
11.0,11.01,11.0,11.01,300,2021-06-25 15:07:00,IMVT
11.0,11.0,11.0,11.0,100,2021-06-25 15:08:00,IMVT
11.02,11.03,11.02,11.03,200,2021-06-25 15:09:00,IMVT
11.02,11.03,11.02,11.03,300,2021-06-25 15:10:00,IMVT
11.01,11.02,10.99,11.0,1900,2021-06-25 15:12:00,IMVT
11.01,11.01,11.01,11.01,980,2021-06-25 15:13:00,IMVT
11.005,11.005,11.005,11.005,100,2021-06-25 15:14:00,IMVT
11.01,11.0101,11.01,11.0101,600,2021-06-25 15:15:00,IMVT
11.01,11.01,11.01,11.01,515,2021-06-25 15:16:00,IMVT
11.01,11.01,11.01,11.01,200,2021-06-25 15:19:00,IMVT
11.0,11.01,11.0,11.01,200,2021-06-25 15:20:00,IMVT
11.0107,11.0107,11.0107,11.0107,100,2021-06-25 15:21:00,IMVT
11.02,11.025,11.02,11.025,300,2021-06-25 15:23:00,IMVT
11.03,11.03,11.024,11.024,200,2021-06-25 15:25:00,IMVT
11.04,11.04,11.02,11.02,222,2021-06-25 15:27:00,IMVT
11.02,11.02,11.0,11.01,1100,2021-06-25 15:28:00,IMVT
11.03,11.06,11.03,11.06,10457,2021-06-25 15:30:00,IMVT
11.06,11.06,11.06,11.06,100,2021-06-25 15:33:00,IMVT
11.05,11.05,11.04,11.04,1100,2021-06-25 15:35:00,IMVT
11.04,11.04,11.01,11.01,1100,2021-06-25 15:36:00,IMVT
11.02,11.03,11.02,11.03,200,2021-06-25 15:37:00,IMVT
11.0,11.0,11.0,11.0,100,2021-06-25 15:38:00,IMVT
11.01,11.01,11.01,11.01,100,2021-06-25 15:39:00,IMVT
11.02,11.02,11.0,11.0,800,2021-06-25 15:40:00,IMVT
11.0,11.0,11.0,11.0,100,2021-06-25 15:41:00,IMVT
11.02,11.02,10.995,10.995,602,2021-06-25 15:43:00,IMVT
10.99,10.99,10.99,10.99,100,2021-06-25 15:44:00,IMVT
11.02,11.02,11.02,11.02,100,2021-06-25 15:45:00,IMVT
11.02,11.02,11.02,11.02,100,2021-06-25 15:46:00,IMVT
11.03,11.07,11.03,11.05,9551,2021-06-25 15:48:00,IMVT
11.07,11.08,11.05,11.08,7356,2021-06-25 15:49:00,IMVT
11.09,11.09,11.09,11.09,100,2021-06-25 15:52:00,IMVT
11.07,11.07,11.0601,11.0601,900,2021-06-25 15:53:00,IMVT
11.06,11.06,11.06,11.06,200,2021-06-25 15:54:00,IMVT
11.09,11.09,11.09,11.09,100,2021-06-25 15:55:00,IMVT
11.1,11.1,11.1,11.1,989,2021-06-25 15:57:00,IMVT
11.11,11.15,11.1,11.125,4999,2021-06-25 15:59:00,IMVT
11.11,11.1313,11.11,11.1313,300,2021-06-25 16:00:00,IMVT
11.13,11.13,11.13,11.13,400,2021-06-25 16:01:00,IMVT
11.13,11.13,11.12,11.12,621,2021-06-25 16:03:00,IMVT
11.13,11.14,11.13,11.14,400,2021-06-25 16:04:00,IMVT
11.15,11.15,11.1231,11.15,2197,2021-06-25 16:07:00,IMVT
11.15,11.15,11.15,11.15,100,2021-06-25 16:09:00,IMVT
11.14,11.14,11.12,11.12,3216,2021-06-25 16:10:00,IMVT
11.11,11.12,11.1,11.1103,1400,2021-06-25 16:12:00,IMVT
11.11,11.11,11.1,11.1,400,2021-06-25 16:14:00,IMVT
11.13,11.13,11.13,11.13,211,2021-06-25 16:15:00,IMVT
11.14,11.14,11.14,11.14,100,2021-06-25 16:18:00,IMVT
11.15,11.15,11.15,11.15,1300,2021-06-25 16:19:00,IMVT
11.15,11.15,11.14,11.15,1200,2021-06-25 16:20:00,IMVT
11.1649,11.17,11.1649,11.17,600,2021-06-25 16:23:00,IMVT
11.17,11.17,11.16,11.17,710,2021-06-25 16:24:00,IMVT
11.16,11.16,11.15,11.155,600,2021-06-25 16:25:00,IMVT
11.15,11.15,11.09,11.13,12198,2021-06-25 16:26:00,IMVT
11.12,11.12,11.12,11.12,400,2021-06-25 16:27:00,IMVT
11.11,11.11,11.11,11.11,200,2021-06-25 16:28:00,IMVT
11.115,11.115,11.115,11.115,100,2021-06-25 16:30:00,IMVT
11.13,11.13,11.13,11.13,800,2021-06-25 16:31:00,IMVT
11.14,11.14,11.13,11.13,1795,2021-06-25 16:32:00,IMVT
11.12,11.13,11.12,11.13,400,2021-06-25 16:33:00,IMVT
11.12,11.12,11.12,11.12,200,2021-06-25 16:34:00,IMVT
11.125,11.125,11.125,11.125,300,2021-06-25 16:35:00,IMVT
11.12,11.15,11.12,11.15,600,2021-06-25 16:36:00,IMVT
11.15,11.15,11.15,11.15,100,2021-06-25 16:38:00,IMVT
11.15,11.18,11.15,11.17,900,2021-06-25 16:40:00,IMVT
11.17,11.17,11.17,11.17,1200,2021-06-25 16:41:00,IMVT
11.17,11.19,11.16,11.19,1688,2021-06-25 16:42:00,IMVT
11.19,11.19,11.19,11.19,200,2021-06-25 16:43:00,IMVT
11.21,11.24,11.21,11.23,1130,2021-06-25 16:45:00,IMVT
11.22,11.22,11.21,11.21,1200,2021-06-25 16:46:00,IMVT
11.2,11.205,11.19,11.205,5500,2021-06-25 16:47:00,IMVT
11.205,11.205,11.205,11.205,100,2021-06-25 16:48:00,IMVT
11.2,11.2,11.2,11.2,100,2021-06-25 16:50:00,IMVT
11.19,11.19,11.17,11.19,1100,2021-06-25 16:51:00,IMVT
11.18,11.18,11.1736,11.1736,200,2021-06-25 16:52:00,IMVT
11.175,11.19,11.175,11.19,2300,2021-06-25 16:53:00,IMVT
11.194,11.2,11.19,11.19,700,2021-06-25 16:54:00,IMVT
11.19,11.19,11.19,11.19,400,2021-06-25 16:55:00,IMVT
11.18,11.205,11.18,11.205,563,2021-06-25 16:58:00,IMVT
11.21,11.21,11.21,11.21,100,2021-06-25 16:59:00,IMVT
11.19,11.19,11.18,11.18,1600,2021-06-25 17:00:00,IMVT
11.17,11.17,11.17,11.17,100,2021-06-25 17:02:00,IMVT
11.199,11.199,11.199,11.199,139,2021-06-25 17:03:00,IMVT
11.19,11.19,11.18,11.18,400,2021-06-25 17:04:00,IMVT
11.18,11.18,11.18,11.18,100,2021-06-25 17:05:00,IMVT
11.17,11.17,11.14,11.14,300,2021-06-25 17:07:00,IMVT
11.1401,11.1401,11.1401,11.1401,360,2021-06-25 17:08:00,IMVT
11.14,11.155,11.14,11.14,400,2021-06-25 17:09:00,IMVT
11.14,11.14,11.14,11.14,200,2021-06-25 17:10:00,IMVT
11.14,11.14,11.14,11.14,800,2021-06-25 17:11:00,IMVT
11.15,11.155,11.15,11.155,300,2021-06-25 17:12:00,IMVT
11.16,11.16,11.16,11.16,100,2021-06-25 17:13:00,IMVT
11.17,11.17,11.15,11.15,1000,2021-06-25 17:15:00,IMVT
11.155,11.155,11.14,11.14,400,2021-06-25 17:17:00,IMVT
11.14,11.14,11.14,11.14,100,2021-06-25 17:19:00,IMVT
11.16,11.16,11.16,11.16,100,2021-06-25 17:20:00,IMVT
11.155,11.155,11.12,11.12,1208,2021-06-25 17:21:00,IMVT
11.12,11.12,11.12,11.12,100,2021-06-25 17:22:00,IMVT
11.16,11.16,11.14,11.16,1500,2021-06-25 17:23:00,IMVT
11.16,11.16,11.16,11.16,100,2021-06-25 17:24:00,IMVT
11.1545,11.1545,11.1545,11.1545,200,2021-06-25 17:25:00,IMVT
11.16,11.16,11.14,11.14,700,2021-06-25 17:26:00,IMVT
11.16,11.16,11.16,11.16,200,2021-06-25 17:28:00,IMVT
11.16,11.175,11.16,11.17,1300,2021-06-25 17:29:00,IMVT
11.16,11.16,11.16,11.16,400,2021-06-25 17:30:00,IMVT
11.17,11.17,11.15,11.15,927,2021-06-25 17:31:00,IMVT
11.16,11.16,11.14,11.16,1300,2021-06-25 17:32:00,IMVT
11.14,11.14,11.1395,11.1395,264,2021-06-25 17:33:00,IMVT
11.17,11.17,11.16,11.16,750,2021-06-25 17:35:00,IMVT
11.17,11.17,11.17,11.17,100,2021-06-25 17:37:00,IMVT
11.18,11.18,11.17,11.18,1150,2021-06-25 17:38:00,IMVT
11.18,11.18,11.18,11.18,100,2021-06-25 17:39:00,IMVT
11.17,11.17,11.17,11.17,400,2021-06-25 17:40:00,IMVT
11.16,11.16,11.12,11.12,9471,2021-06-25 17:41:00,IMVT
11.14,11.14,11.11,11.11,1798,2021-06-25 17:43:00,IMVT
11.12,11.12,11.04,11.05,9128,2021-06-25 17:44:00,IMVT
11.055,11.11,11.055,11.11,1600,2021-06-25 17:45:00,IMVT
11.095,11.095,11.06,11.06,705,2021-06-25 17:48:00,IMVT
11.06,11.09,11.06,11.09,200,2021-06-25 17:50:00,IMVT
11.1048,11.1048,11.07,11.07,400,2021-06-25 17:52:00,IMVT
11.095,11.095,11.095,11.095,100,2021-06-25 17:53:00,IMVT
11.07,11.07,11.07,11.07,100,2021-06-25 17:54:00,IMVT
11.12,11.12,11.12,11.12,300,2021-06-25 17:56:00,IMVT
11.11,11.11,11.1,11.1,1300,2021-06-25 17:57:00,IMVT
11.08,11.0934,11.08,11.0801,1580,2021-06-25 17:58:00,IMVT
11.08,11.08,11.08,11.08,1200,2021-06-25 18:01:00,IMVT
11.08,11.08,11.04,11.04,4581,2021-06-25 18:03:00,IMVT
11.04,11.04,11.04,11.04,429,2021-06-25 18:04:00,IMVT
11.07,11.07,11.06,11.06,600,2021-06-25 18:05:00,IMVT
11.06,11.06,11.04,11.04,200,2021-06-25 18:06:00,IMVT
11.08,11.085,11.07,11.085,1800,2021-06-25 18:07:00,IMVT
11.085,11.085,11.085,11.085,200,2021-06-25 18:08:00,IMVT
11.09,11.09,11.09,11.09,100,2021-06-25 18:10:00,IMVT
11.085,11.085,11.085,11.085,100,2021-06-25 18:11:00,IMVT
11.1,11.1,11.09,11.09,500,2021-06-25 18:12:00,IMVT
11.099,11.11,11.099,11.11,800,2021-06-25 18:14:00,IMVT
11.11,11.11,11.1,11.1,400,2021-06-25 18:15:00,IMVT
11.12,11.12,11.12,11.12,713,2021-06-25 18:16:00,IMVT
11.13,11.13,11.09,11.1,2281,2021-06-25 18:17:00,IMVT
11.1,11.1,11.1,11.1,100,2021-06-25 18:20:00,IMVT
11.1,11.11,11.09,11.09,1755,2021-06-25 18:22:00,IMVT
11.09,11.09,11.09,11.09,1500,2021-06-25 18:23:00,IMVT
11.1,11.1,11.1,11.1,359,2021-06-25 18:29:00,IMVT
11.08,11.08,11.08,11.08,100,2021-06-25 18:30:00,IMVT
11.08,11.08,11.08,11.08,100,2021-06-25 18:32:00,IMVT
11.1,11.1,11.1,11.1,200,2021-06-25 18:33:00,IMVT
11.08,11.08,11.08,11.08,100,2021-06-25 18:34:00,IMVT
11.1,11.11,11.1,11.1,3400,2021-06-25 18:35:00,IMVT
11.105,11.11,11.105,11.11,219,2021-06-25 18:37:00,IMVT
11.11,11.125,11.11,11.125,900,2021-06-25 18:38:00,IMVT
11.11,11.11,11.11,11.11,900,2021-06-25 18:40:00,IMVT
11.12,11.12,11.12,11.12,100,2021-06-25 18:44:00,IMVT
11.12,11.12,11.12,11.12,300,2021-06-25 18:45:00,IMVT
11.115,11.115,11.11,11.11,1032,2021-06-25 18:46:00,IMVT
11.12,11.12,11.12,11.12,632,2021-06-25 18:48:00,IMVT
11.14,11.16,11.13,11.16,2500,2021-06-25 18:52:00,IMVT
11.18,11.18,11.17,11.17,2635,2021-06-25 18:55:00,IMVT
11.16,11.16,11.15,11.16,3366,2021-06-25 18:57:00,IMVT
11.17,11.17,11.16,11.17,688,2021-06-25 18:58:00,IMVT
11.17,11.18,11.17,11.18,630,2021-06-25 18:59:00,IMVT
11.2,11.2,11.185,11.2,300,2021-06-25 19:00:00,IMVT
11.18,11.19,11.18,11.19,358,2021-06-25 19:01:00,IMVT
11.18,11.18,11.18,11.18,100,2021-06-25 19:02:00,IMVT
11.18,11.18,11.17,11.17,1124,2021-06-25 19:03:00,IMVT
11.17,11.17,11.13,11.13,1100,2021-06-25 19:06:00,IMVT
11.16,11.16,11.15,11.15,605,2021-06-25 19:08:00,IMVT
11.155,11.16,11.155,11.16,730,2021-06-25 19:09:00,IMVT
11.17,11.18,11.17,11.18,984,2021-06-25 19:10:00,IMVT
11.17,11.17,11.17,11.17,200,2021-06-25 19:11:00,IMVT
11.16,11.17,11.16,11.17,800,2021-06-25 19:12:00,IMVT
11.17,11.17,11.17,11.17,1815,2021-06-25 19:13:00,IMVT
11.16,11.1604,11.15,11.16,3657,2021-06-25 19:14:00,IMVT
11.16,11.16,11.16,11.16,200,2021-06-25 19:15:00,IMVT
11.16,11.16,11.15,11.15,1100,2021-06-25 19:16:00,IMVT
11.145,11.145,11.14,11.14,800,2021-06-25 19:17:00,IMVT
11.14,11.14,11.14,11.14,988,2021-06-25 19:18:00,IMVT
11.15,11.15,11.15,11.15,100,2021-06-25 19:19:00,IMVT
11.14,11.14,11.1386,11.1386,955,2021-06-25 19:20:00,IMVT
11.135,11.14,11.13,11.14,400,2021-06-25 19:21:00,IMVT
11.135,11.135,11.13,11.13,600,2021-06-25 19:22:00,IMVT
11.14,11.14,11.14,11.14,851,2021-06-25 19:23:00,IMVT
11.15,11.17,11.15,11.16,400,2021-06-25 19:24:00,IMVT
11.18,11.19,11.18,11.19,568,2021-06-25 19:26:00,IMVT
11.18,11.18,11.17,11.17,500,2021-06-25 19:27:00,IMVT
11.17,11.17,11.17,11.17,100,2021-06-25 19:28:00,IMVT
11.1799,11.18,11.16,11.17,3400,2021-06-25 19:29:00,IMVT
11.17,11.18,11.17,11.17,856,2021-06-25 19:30:00,IMVT
11.18,11.18,11.17,11.18,500,2021-06-25 19:31:00,IMVT
11.17,11.175,11.15,11.15,1200,2021-06-25 19:32:00,IMVT
11.15,11.18,11.15,11.16,1817,2021-06-25 19:33:00,IMVT
11.17,11.19,11.16,11.19,844,2021-06-25 19:34:00,IMVT
11.19,11.2,11.17,11.2,1684,2021-06-25 19:35:00,IMVT
11.21,11.23,11.21,11.22,600,2021-06-25 19:36:00,IMVT
11.22,11.23,11.2,11.21,3508,2021-06-25 19:37:00,IMVT
11.2,11.21,11.19,11.205,1500,2021-06-25 19:38:00,IMVT
11.21,11.21,11.205,11.21,508,2021-06-25 19:39:00,IMVT
11.215,11.22,11.215,11.22,300,2021-06-25 19:40:00,IMVT
11.22,11.225,11.22,11.225,200,2021-06-25 19:41:00,IMVT
11.225,11.23,11.2147,11.2147,3110,2021-06-25 19:42:00,IMVT
11.225,11.24,11.22,11.23,1500,2021-06-25 19:43:00,IMVT
11.23,11.26,11.23,11.25,5713,2021-06-25 19:44:00,IMVT
11.25,11.28,11.25,11.265,2000,2021-06-25 19:45:00,IMVT
11.28,11.28,11.24,11.25,4723,2021-06-25 19:46:00,IMVT
11.26,11.27,11.24,11.27,2079,2021-06-25 19:47:00,IMVT
11.27,11.27,11.25,11.25,2100,2021-06-25 19:48:00,IMVT
11.26,11.26,11.25,11.25,237,2021-06-25 19:49:00,IMVT
11.265,11.31,11.26,11.31,19928,2021-06-25 19:50:00,IMVT
11.31,11.32,11.3,11.31,3383,2021-06-25 19:51:00,IMVT
11.29,11.34,11.29,11.3199,4086,2021-06-25 19:52:00,IMVT
11.35,11.35,11.28,11.305,3814,2021-06-25 19:53:00,IMVT
11.33,11.35,11.31,11.345,5790,2021-06-25 19:54:00,IMVT
11.35,11.44,11.35,11.36,11591,2021-06-25 19:55:00,IMVT
11.38,11.44,11.3501,11.365,18778,2021-06-25 19:56:00,IMVT
11.35,11.43,11.35,11.41,14459,2021-06-25 19:57:00,IMVT
11.42,11.45,11.41,11.4475,24769,2021-06-25 19:58:00,IMVT
11.45,11.47,11.41,11.42,48091,2021-06-25 19:59:00,IMVT
11.41,11.41,11.41,11.41,320144,2021-06-25 20:00:00,IMVT
11.41,11.41,11.41,11.41,22383,2021-06-25 20:01:00,IMVT
11.41,11.41,11.41,11.41,5588,2021-06-25 20:02:00,IMVT
11.35,11.35,11.35,11.35,100,2021-06-25 20:14:00,IMVT
11.2001,11.2001,11.2001,11.2001,200,2021-06-25 20:33:00,IMVT
11.41,11.41,11.41,11.41,165254,2021-06-25 20:35:00,IMVT
11.4008,11.41,11.4008,11.41,375,2021-06-25 20:45:00,IMVT
11.4,11.4,11.4,11.4,122,2021-06-28 11:55:00,IMVT
11.44,11.45,11.44,11.45,200,2021-06-28 12:43:00,IMVT
11.45,11.45,11.45,11.45,100,2021-06-28 12:44:00,IMVT
11.49,11.49,11.45,11.48,9783,2021-06-28 13:30:00,IMVT
11.48,11.55,11.36,11.53,10274,2021-06-28 13:31:00,IMVT
11.53,11.61,11.48,11.48,5287,2021-06-28 13:32:00,IMVT
11.48,11.48,11.48,11.48,1745,2021-06-28 13:35:00,IMVT
11.445,11.445,11.445,11.445,100,2021-06-28 13:37:00,IMVT
11.44,11.44,11.3784,11.3784,2000,2021-06-28 13:38:00,IMVT
11.41,11.41,11.41,11.41,200,2021-06-28 13:39:00,IMVT
11.3795,11.3795,11.31,11.31,1517,2021-06-28 13:40:00,IMVT
11.31,11.34,11.3,11.34,1800,2021-06-28 13:41:00,IMVT
11.3673,11.41,11.3,11.3,3400,2021-06-28 13:42:00,IMVT
11.35,11.35,11.35,11.35,300,2021-06-28 13:43:00,IMVT
11.31,11.39,11.3,11.39,1444,2021-06-28 13:45:00,IMVT
11.35,11.3801,11.34,11.3801,1865,2021-06-28 13:46:00,IMVT
11.3312,11.3312,11.3312,11.3312,500,2021-06-28 13:47:00,IMVT
11.32,11.33,11.25,11.25,3011,2021-06-28 13:48:00,IMVT
11.24,11.24,11.24,11.24,1500,2021-06-28 13:49:00,IMVT
11.23,11.23,11.21,11.21,3561,2021-06-28 13:50:00,IMVT
11.22,11.22,11.215,11.215,300,2021-06-28 13:51:00,IMVT
11.21,11.21,11.2,11.2,771,2021-06-28 13:52:00,IMVT
11.2,11.2172,11.2,11.2172,1300,2021-06-28 13:54:00,IMVT
11.2396,11.2396,11.2396,11.2396,300,2021-06-28 13:55:00,IMVT
11.2127,11.2127,11.2,11.2,548,2021-06-28 13:56:00,IMVT
11.2,11.2,11.2,11.2,1612,2021-06-28 13:57:00,IMVT
11.1697,11.21,11.1401,11.1401,479,2021-06-28 13:58:00,IMVT
11.14,11.189,11.14,11.189,333,2021-06-28 13:59:00,IMVT
11.16,11.18,11.16,11.18,800,2021-06-28 14:00:00,IMVT
11.19,11.26,11.19,11.26,1000,2021-06-28 14:01:00,IMVT
11.275,11.275,11.275,11.275,100,2021-06-28 14:02:00,IMVT
11.25,11.25,11.21,11.21,800,2021-06-28 14:03:00,IMVT
11.22,11.22,11.19,11.19,1580,2021-06-28 14:04:00,IMVT
11.21,11.25,11.21,11.25,1120,2021-06-28 14:05:00,IMVT
11.24,11.24,11.24,11.24,300,2021-06-28 14:06:00,IMVT
11.2342,11.25,11.2342,11.25,371,2021-06-28 14:07:00,IMVT
11.23,11.23,11.23,11.23,200,2021-06-28 14:08:00,IMVT
11.26,11.26,11.21,11.21,901,2021-06-28 14:09:00,IMVT
11.275,11.275,11.24,11.24,887,2021-06-28 14:10:00,IMVT
11.25,11.25,11.24,11.24,500,2021-06-28 14:13:00,IMVT
11.21,11.21,11.21,11.21,100,2021-06-28 14:15:00,IMVT
11.2251,11.2251,11.2251,11.2251,499,2021-06-28 14:16:00,IMVT
11.21,11.21,11.2,11.2,1586,2021-06-28 14:18:00,IMVT
11.2,11.2,11.1774,11.1774,235,2021-06-28 14:19:00,IMVT
11.17,11.17,11.165,11.165,200,2021-06-28 14:20:00,IMVT
11.15,11.15,11.12,11.12,1200,2021-06-28 14:21:00,IMVT
11.12,11.12,11.07,11.07,11750,2021-06-28 14:24:00,IMVT
11.0716,11.075,11.0716,11.075,1400,2021-06-28 14:25:00,IMVT
11.081,11.081,11.081,11.081,200,2021-06-28 14:26:00,IMVT
11.06,11.08,11.06,11.08,3477,2021-06-28 14:27:00,IMVT
11.12,11.12,11.12,11.12,100,2021-06-28 14:28:00,IMVT
11.105,11.18,11.105,11.18,4110,2021-06-28 14:29:00,IMVT
11.1799,11.18,11.1799,11.18,1100,2021-06-28 14:31:00,IMVT
11.18,11.18,11.13,11.14,1000,2021-06-28 14:32:00,IMVT
11.14,11.14,11.14,11.14,588,2021-06-28 14:34:00,IMVT
11.12,11.12,11.12,11.12,100,2021-06-28 14:35:00,IMVT
11.12,11.12,11.12,11.12,100,2021-06-28 14:37:00,IMVT
11.11,11.11,11.11,11.11,100,2021-06-28 14:38:00,IMVT
11.1318,11.1318,11.09,11.09,1219,2021-06-28 14:39:00,IMVT
11.105,11.12,11.105,11.12,200,2021-06-28 14:41:00,IMVT
11.0903,11.0903,11.0903,11.0903,2500,2021-06-28 14:42:00,IMVT
11.12,11.12,11.0892,11.0892,3287,2021-06-28 14:43:00,IMVT
11.08,11.08,11.08,11.08,493,2021-06-28 14:44:00,IMVT
11.08,11.08,11.08,11.08,210,2021-06-28 14:45:00,IMVT
11.071,11.071,11.06,11.06,1394,2021-06-28 14:46:00,IMVT
11.05,11.05,11.05,11.05,100,2021-06-28 14:47:00,IMVT
11.05,11.06,11.04,11.04,1825,2021-06-28 14:49:00,IMVT
11.04,11.07,11.04,11.06,1320,2021-06-28 14:50:00,IMVT
11.055,11.055,11.05,11.05,305,2021-06-28 14:51:00,IMVT
11.05,11.05,11.05,11.05,100,2021-06-28 14:52:00,IMVT
11.05,11.05,11.05,11.05,1143,2021-06-28 14:53:00,IMVT
11.05,11.06,11.04,11.04,900,2021-06-28 14:54:00,IMVT
11.04,11.04,11.04,11.04,450,2021-06-28 14:55:00,IMVT
11.03,11.04,11.03,11.04,1133,2021-06-28 14:57:00,IMVT
11.04,11.04,11.04,11.04,100,2021-06-28 14:58:00,IMVT
11.04,11.04,11.04,11.04,100,2021-06-28 14:59:00,IMVT
11.05,11.06,11.05,11.06,1552,2021-06-28 15:00:00,IMVT
11.06,11.069,11.06,11.069,1100,2021-06-28 15:01:00,IMVT
11.07,11.07,11.065,11.065,800,2021-06-28 15:02:00,IMVT
11.07,11.07,11.07,11.07,104,2021-06-28 15:03:00,IMVT
11.07,11.07,11.07,11.07,600,2021-06-28 15:07:00,IMVT
11.07,11.07,11.06,11.06,400,2021-06-28 15:08:00,IMVT
11.0411,11.0411,11.0411,11.0411,200,2021-06-28 15:11:00,IMVT
11.0501,11.0501,11.0501,11.0501,100,2021-06-28 15:14:00,IMVT
11.05,11.05,11.05,11.05,100,2021-06-28 15:15:00,IMVT
11.05,11.0599,11.05,11.0599,4000,2021-06-28 15:17:00,IMVT
11.06,11.07,11.06,11.07,1190,2021-06-28 15:18:00,IMVT
11.08,11.08,11.08,11.08,100,2021-06-28 15:19:00,IMVT
11.0743,11.0743,11.07,11.07,1700,2021-06-28 15:20:00,IMVT
11.08,11.08,11.08,11.08,400,2021-06-28 15:25:00,IMVT
11.09,11.09,11.08,11.09,500,2021-06-28 15:26:00,IMVT
11.09,11.09,11.09,11.09,192,2021-06-28 15:29:00,IMVT
11.0855,11.0855,11.0855,11.0855,100,2021-06-28 15:30:00,IMVT
11.07,11.07,11.06,11.07,1194,2021-06-28 15:32:00,IMVT
11.07,11.085,11.07,11.085,800,2021-06-28 15:33:00,IMVT
11.07,11.07,11.07,11.07,100,2021-06-28 15:36:00,IMVT
11.09,11.09,11.09,11.09,200,2021-06-28 15:37:00,IMVT
11.09,11.09,11.09,11.09,100,2021-06-28 15:38:00,IMVT
11.1,11.1,11.1,11.1,100,2021-06-28 15:39:00,IMVT
11.095,11.1,11.095,11.1,1100,2021-06-28 15:40:00,IMVT
11.1,11.1,11.1,11.1,100,2021-06-28 15:42:00,IMVT
11.09,11.09,11.08,11.08,500,2021-06-28 15:43:00,IMVT
11.09,11.09,11.08,11.08,700,2021-06-28 15:45:00,IMVT
11.08,11.09,11.08,11.09,800,2021-06-28 15:46:00,IMVT
11.0701,11.0701,11.0701,11.0701,100,2021-06-28 15:48:00,IMVT
11.09,11.09,11.09,11.09,124,2021-06-28 15:50:00,IMVT
11.09,11.09,11.09,11.09,100,2021-06-28 15:51:00,IMVT
11.09,11.1,11.09,11.1,300,2021-06-28 15:52:00,IMVT
11.09,11.09,11.09,11.09,1280,2021-06-28 15:56:00,IMVT
11.08,11.08,11.08,11.08,100,2021-06-28 15:58:00,IMVT
11.08,11.095,11.08,11.095,1200,2021-06-28 15:59:00,IMVT
11.08,11.08,11.08,11.08,400,2021-06-28 16:00:00,IMVT
11.08,11.1,11.08,11.1,500,2021-06-28 16:01:00,IMVT
11.08,11.08,11.07,11.07,644,2021-06-28 16:03:00,IMVT
11.075,11.075,11.06,11.06,2359,2021-06-28 16:04:00,IMVT
11.08,11.08,11.07,11.08,1421,2021-06-28 16:05:00,IMVT
11.09,11.09,11.09,11.09,300,2021-06-28 16:06:00,IMVT
11.1,11.1,11.1,11.1,100,2021-06-28 16:08:00,IMVT
11.1,11.1,11.09,11.09,1360,2021-06-28 16:09:00,IMVT
11.0999,11.0999,11.0999,11.0999,588,2021-06-28 16:10:00,IMVT
11.08,11.08,11.07,11.07,500,2021-06-28 16:11:00,IMVT
11.08,11.08,11.075,11.075,270,2021-06-28 16:12:00,IMVT
11.075,11.075,11.075,11.075,100,2021-06-28 16:13:00,IMVT
11.09,11.09,11.09,11.09,416,2021-06-28 16:14:00,IMVT
11.09,11.1,11.09,11.1,1100,2021-06-28 16:16:00,IMVT
11.1,11.11,11.1,11.11,350,2021-06-28 16:17:00,IMVT
11.11,11.14,11.11,11.14,700,2021-06-28 16:18:00,IMVT
11.1546,11.1546,11.1546,11.1546,100,2021-06-28 16:19:00,IMVT
11.16,11.16,11.15,11.16,400,2021-06-28 16:20:00,IMVT
11.14,11.17,11.14,11.17,800,2021-06-28 16:23:00,IMVT
11.19,11.19,11.19,11.19,200,2021-06-28 16:26:00,IMVT
11.17,11.17,11.17,11.17,105,2021-06-28 16:28:00,IMVT
11.195,11.195,11.195,11.195,100,2021-06-28 16:29:00,IMVT
11.22,11.22,11.22,11.22,100,2021-06-28 16:30:00,IMVT
11.18,11.185,11.18,11.185,800,2021-06-28 16:34:00,IMVT
11.18,11.18,11.17,11.18,1676,2021-06-28 16:35:00,IMVT
11.18,11.18,11.18,11.18,213,2021-06-28 16:36:00,IMVT
11.14,11.14,11.14,11.14,100,2021-06-28 16:41:00,IMVT
11.16,11.16,11.16,11.16,500,2021-06-28 16:42:00,IMVT
11.14,11.14,11.14,11.14,100,2021-06-28 16:44:00,IMVT
11.16,11.16,11.16,11.16,100,2021-06-28 16:46:00,IMVT
11.14,11.14,11.14,11.14,100,2021-06-28 16:47:00,IMVT
11.18,11.18,11.18,11.18,100,2021-06-28 16:48:00,IMVT
11.16,11.16,11.16,11.16,100,2021-06-28 16:49:00,IMVT
11.14,11.15,11.14,11.14,1700,2021-06-28 16:50:00,IMVT
11.15,11.15,11.14,11.14,599,2021-06-28 16:52:00,IMVT
11.145,11.145,11.13,11.13,300,2021-06-28 16:55:00,IMVT
11.15,11.15,11.15,11.15,3500,2021-06-28 16:56:00,IMVT
11.12,11.12,11.12,11.12,200,2021-06-28 16:58:00,IMVT
11.15,11.15,11.15,11.15,100,2021-06-28 16:59:00,IMVT
11.12,11.13,11.12,11.13,423,2021-06-28 17:01:00,IMVT
11.15,11.15,11.135,11.135,3365,2021-06-28 17:04:00,IMVT
11.15,11.15,11.1438,11.1438,700,2021-06-28 17:05:00,IMVT
11.14,11.15,11.14,11.15,4900,2021-06-28 17:06:00,IMVT
11.16,11.16,11.16,11.16,100,2021-06-28 17:07:00,IMVT
11.15,11.18,11.15,11.17,848,2021-06-28 17:08:00,IMVT
11.15,11.1616,11.15,11.1616,250,2021-06-28 17:09:00,IMVT
11.1652,11.1652,11.15,11.15,320,2021-06-28 17:10:00,IMVT
11.14,11.14,11.14,11.14,200,2021-06-28 17:11:00,IMVT
11.13,11.13,11.13,11.13,400,2021-06-28 17:12:00,IMVT
11.1201,11.1201,11.1201,11.1201,500,2021-06-28 17:13:00,IMVT
11.12,11.12,11.11,11.11,200,2021-06-28 17:15:00,IMVT
11.1,11.115,11.1,11.115,1304,2021-06-28 17:16:00,IMVT
11.12,11.12,11.12,11.12,200,2021-06-28 17:18:00,IMVT
11.12,11.12,11.12,11.12,100,2021-06-28 17:20:00,IMVT
11.1002,11.1002,11.1002,11.1002,200,2021-06-28 17:21:00,IMVT
11.1,11.1,11.1,11.1,499,2021-06-28 17:22:00,IMVT
11.09,11.1,11.08,11.08,400,2021-06-28 17:23:00,IMVT
11.12,11.12,11.12,11.12,400,2021-06-28 17:24:00,IMVT
11.1,11.1,11.1,11.1,200,2021-06-28 17:26:00,IMVT
11.08,11.09,11.06,11.09,3391,2021-06-28 17:27:00,IMVT
11.0604,11.0604,11.0604,11.0604,100,2021-06-28 17:28:00,IMVT
11.05,11.07,11.04,11.05,2249,2021-06-28 17:29:00,IMVT
11.07,11.07,11.06,11.06,1073,2021-06-28 17:30:00,IMVT
11.04,11.04,11.04,11.04,300,2021-06-28 17:32:00,IMVT
11.035,11.035,11.03,11.03,715,2021-06-28 17:33:00,IMVT
11.04,11.06,11.04,11.06,1000,2021-06-28 17:35:00,IMVT
11.055,11.055,11.055,11.055,200,2021-06-28 17:36:00,IMVT
11.07,11.07,11.07,11.07,100,2021-06-28 17:39:00,IMVT
11.06,11.06,11.06,11.06,100,2021-06-28 17:40:00,IMVT
11.07,11.07,11.07,11.07,500,2021-06-28 17:41:00,IMVT
11.08,11.09,11.07,11.07,600,2021-06-28 17:42:00,IMVT
11.06,11.06,11.0479,11.0479,364,2021-06-28 17:43:00,IMVT
11.05,11.05,11.05,11.05,100,2021-06-28 17:45:00,IMVT
11.07,11.07,11.06,11.07,500,2021-06-28 17:47:00,IMVT
11.06,11.08,11.06,11.08,380,2021-06-28 17:48:00,IMVT
11.05,11.05,11.05,11.05,399,2021-06-28 17:50:00,IMVT
11.0701,11.0701,11.0701,11.0701,104,2021-06-28 17:55:00,IMVT
11.0708,11.0708,11.065,11.065,1100,2021-06-28 17:56:00,IMVT
11.05,11.05,11.05,11.05,700,2021-06-28 17:57:00,IMVT
11.07,11.07,11.07,11.07,100,2021-06-28 17:58:00,IMVT
11.04,11.04,11.04,11.04,180,2021-06-28 17:59:00,IMVT
11.03,11.04,11.03,11.04,300,2021-06-28 18:00:00,IMVT
11.05,11.07,11.05,11.07,1900,2021-06-28 18:03:00,IMVT
11.04,11.05,11.04,11.05,1066,2021-06-28 18:09:00,IMVT
11.0512,11.0512,11.0512,11.0512,100,2021-06-28 18:10:00,IMVT
11.07,11.07,11.07,11.07,100,2021-06-28 18:14:00,IMVT
11.06,11.06,11.05,11.06,300,2021-06-28 18:15:00,IMVT
11.04,11.04,11.04,11.04,590,2021-06-28 18:18:00,IMVT
11.0461,11.0461,11.0461,11.0461,200,2021-06-28 18:19:00,IMVT
11.03,11.03,11.03,11.03,100,2021-06-28 18:20:00,IMVT
11.045,11.045,11.045,11.045,100,2021-06-28 18:21:00,IMVT
11.04,11.04,11.03,11.03,200,2021-06-28 18:22:00,IMVT
11.03,11.04,11.03,11.04,200,2021-06-28 18:24:00,IMVT
11.04,11.04,11.04,11.04,600,2021-06-28 18:25:00,IMVT
11.04,11.04,11.04,11.04,600,2021-06-28 18:26:00,IMVT
11.04,11.04,11.03,11.03,900,2021-06-28 18:27:00,IMVT
11.03,11.04,11.03,11.035,5800,2021-06-28 18:28:00,IMVT
11.04,11.04,11.04,11.04,100,2021-06-28 18:29:00,IMVT
11.04,11.04,11.04,11.04,300,2021-06-28 18:30:00,IMVT
11.035,11.035,11.035,11.035,100,2021-06-28 18:31:00,IMVT
11.03,11.03,11.02,11.03,700,2021-06-28 18:33:00,IMVT
11.02,11.02,11.02,11.02,400,2021-06-28 18:34:00,IMVT
11.03,11.03,11.03,11.03,300,2021-06-28 18:36:00,IMVT
11.04,11.04,11.04,11.04,100,2021-06-28 18:37:00,IMVT
11.04,11.05,11.04,11.05,300,2021-06-28 18:39:00,IMVT
11.05,11.05,11.05,11.05,232,2021-06-28 18:40:00,IMVT
11.06,11.06,11.05,11.05,200,2021-06-28 18:43:00,IMVT
11.06,11.09,11.06,11.09,738,2021-06-28 18:44:00,IMVT
11.05,11.06,11.05,11.06,799,2021-06-28 18:48:00,IMVT
11.07,11.07,11.07,11.07,100,2021-06-28 18:49:00,IMVT
11.05,11.07,11.05,11.07,2500,2021-06-28 18:51:00,IMVT
11.08,11.08,11.05,11.05,200,2021-06-28 18:56:00,IMVT
11.04,11.04,11.04,11.04,200,2021-06-28 18:57:00,IMVT
11.07,11.08,11.07,11.08,700,2021-06-28 18:58:00,IMVT
11.08,11.08,11.08,11.08,300,2021-06-28 19:00:00,IMVT
11.09,11.09,11.09,11.09,100,2021-06-28 19:02:00,IMVT
11.06,11.06,11.06,11.06,774,2021-06-28 19:04:00,IMVT
11.08,11.08,11.08,11.08,800,2021-06-28 19:05:00,IMVT
11.1,11.1,11.1,11.1,100,2021-06-28 19:09:00,IMVT
11.07,11.07,11.06,11.06,200,2021-06-28 19:10:00,IMVT
11.06,11.074,11.03,11.03,1500,2021-06-28 19:11:00,IMVT
11.03,11.04,11.03,11.04,900,2021-06-28 19:12:00,IMVT
11.04,11.04,11.04,11.04,900,2021-06-28 19:17:00,IMVT
11.05,11.05,11.05,11.05,200,2021-06-28 19:18:00,IMVT
11.06,11.07,11.06,11.07,1400,2021-06-28 19:19:00,IMVT
11.07,11.07,11.07,11.07,300,2021-06-28 19:20:00,IMVT
11.075,11.075,11.075,11.075,100,2021-06-28 19:21:00,IMVT
11.07,11.075,11.07,11.075,200,2021-06-28 19:23:00,IMVT
11.07,11.07,11.07,11.07,709,2021-06-28 19:24:00,IMVT
11.08,11.09,11.08,11.09,300,2021-06-28 19:25:00,IMVT
11.1,11.1,11.1,11.1,100,2021-06-28 19:28:00,IMVT
11.09,11.09,11.07,11.09,2250,2021-06-28 19:29:00,IMVT
11.075,11.09,11.075,11.09,400,2021-06-28 19:30:00,IMVT
11.1,11.1,11.1,11.1,600,2021-06-28 19:32:00,IMVT
11.1,11.1,11.1,11.1,400,2021-06-28 19:34:00,IMVT
11.1,11.1,11.08,11.08,400,2021-06-28 19:35:00,IMVT
11.08,11.08,11.07,11.07,1117,2021-06-28 19:38:00,IMVT
11.07,11.07,11.07,11.07,200,2021-06-28 19:39:00,IMVT
11.08,11.08,11.08,11.08,1044,2021-06-28 19:40:00,IMVT
11.09,11.09,11.09,11.09,300,2021-06-28 19:41:00,IMVT
11.08,11.09,11.08,11.08,781,2021-06-28 19:43:00,IMVT
11.08,11.08,11.07,11.08,1714,2021-06-28 19:44:00,IMVT
11.09,11.09,11.09,11.09,200,2021-06-28 19:46:00,IMVT
11.09,11.09,11.09,11.09,300,2021-06-28 19:47:00,IMVT
11.09,11.09,11.07,11.07,1984,2021-06-28 19:49:00,IMVT
11.08,11.09,11.08,11.08,5050,2021-06-28 19:50:00,IMVT
11.09,11.095,11.09,11.095,200,2021-06-28 19:51:00,IMVT
11.09,11.1,11.09,11.09,600,2021-06-28 19:52:00,IMVT
11.09,11.1,11.09,11.095,895,2021-06-28 19:53:00,IMVT
11.1,11.1,11.1,11.1,1400,2021-06-28 19:54:00,IMVT
11.11,11.11,11.1,11.1,700,2021-06-28 19:55:00,IMVT
11.12,11.12,11.09,11.09,608,2021-06-28 19:56:00,IMVT
11.08,11.1165,11.08,11.09,1857,2021-06-28 19:57:00,IMVT
11.09,11.1,11.08,11.08,4044,2021-06-28 19:58:00,IMVT
11.09,11.12,11.08,11.08,6868,2021-06-28 19:59:00,IMVT
11.08,11.08,11.08,11.08,50361,2021-06-28 20:00:00,IMVT
11.08,11.08,11.08,11.08,226,2021-06-28 21:16:00,IMVT
11.08,11.08,11.08,11.08,3500,2021-06-28 21:25:00,IMVT
11.1,11.1,11.1,11.1,577,2021-06-28 21:31:00,IMVT
11.1,11.1,11.1,11.1,250,2021-06-28 23:23:00,IMVT
11.1,11.1,11.1,11.1,111,2021-06-28 23:56:00,IMVT
11.08,11.08,11.08,11.08,102,2021-06-29 12:25:00,IMVT
11.03,11.03,11.02,11.02,250,2021-06-29 12:58:00,IMVT
11.1,11.1,11.1,11.1,377,2021-06-29 13:28:00,IMVT
11.14,11.15,11.09,11.12,7038,2021-06-29 13:30:00,IMVT
11.05,11.06,11.03,11.045,900,2021-06-29 13:31:00,IMVT
11.0194,11.02,10.95,10.95,6496,2021-06-29 13:32:00,IMVT
11.0,11.0,11.0,11.0,300,2021-06-29 13:34:00,IMVT
10.9795,10.9795,10.97,10.97,300,2021-06-29 13:35:00,IMVT
11.05,11.05,11.0,11.022,748,2021-06-29 13:36:00,IMVT
11.045,11.045,11.045,11.045,390,2021-06-29 13:38:00,IMVT
11.05,11.05,11.04,11.04,400,2021-06-29 13:40:00,IMVT
11.02,11.04,11.02,11.04,500,2021-06-29 13:41:00,IMVT
11.04,11.04,11.02,11.02,375,2021-06-29 13:42:00,IMVT
11.03,11.04,11.03,11.04,1325,2021-06-29 13:43:00,IMVT
11.04,11.04,11.04,11.04,100,2021-06-29 13:45:00,IMVT
11.01,11.01,11.0,11.01,300,2021-06-29 13:46:00,IMVT
10.99,10.99,10.99,10.99,600,2021-06-29 13:47:00,IMVT
10.9866,10.99,10.98,10.99,1222,2021-06-29 13:48:00,IMVT
10.98,11.0,10.98,10.99,2550,2021-06-29 13:49:00,IMVT
11.0,11.0,11.0,11.0,800,2021-06-29 13:50:00,IMVT
10.98,10.98,10.98,10.98,100,2021-06-29 13:53:00,IMVT
10.98,10.98,10.92,10.93,4260,2021-06-29 13:54:00,IMVT
10.96,10.96,10.96,10.96,699,2021-06-29 13:57:00,IMVT
10.95,10.95,10.91,10.91,1500,2021-06-29 13:58:00,IMVT
10.9,10.9,10.87,10.87,1711,2021-06-29 13:59:00,IMVT
10.87,10.87,10.85,10.865,341,2021-06-29 14:00:00,IMVT
10.88,10.885,10.88,10.885,1211,2021-06-29 14:01:00,IMVT
10.89,10.9,10.89,10.9,2088,2021-06-29 14:02:00,IMVT
10.8913,10.8913,10.87,10.87,868,2021-06-29 14:03:00,IMVT
10.88,10.88,10.84,10.84,4332,2021-06-29 14:05:00,IMVT
10.87,10.87,10.85,10.855,1800,2021-06-29 14:06:00,IMVT
10.85,10.88,10.85,10.88,4354,2021-06-29 14:07:00,IMVT
10.86,10.86,10.84,10.84,1000,2021-06-29 14:09:00,IMVT
10.82,10.85,10.82,10.85,1200,2021-06-29 14:10:00,IMVT
10.84,10.84,10.84,10.84,4064,2021-06-29 14:12:00,IMVT
10.825,10.83,10.811,10.83,1800,2021-06-29 14:13:00,IMVT
10.84,10.84,10.84,10.84,100,2021-06-29 14:14:00,IMVT
10.84,10.84,10.84,10.84,500,2021-06-29 14:15:00,IMVT
10.84,10.84,10.84,10.84,800,2021-06-29 14:17:00,IMVT
10.83,10.85,10.83,10.85,1000,2021-06-29 14:18:00,IMVT
10.86,10.86,10.86,10.86,500,2021-06-29 14:19:00,IMVT
10.86,10.86,10.86,10.86,200,2021-06-29 14:20:00,IMVT
10.85,10.85,10.82,10.8367,1200,2021-06-29 14:21:00,IMVT
10.82,10.82,10.82,10.82,100,2021-06-29 14:22:00,IMVT
10.81,10.81,10.78,10.79,5054,2021-06-29 14:23:00,IMVT
10.8,10.8,10.8,10.8,432,2021-06-29 14:24:00,IMVT
10.81,10.81,10.77,10.77,2851,2021-06-29 14:25:00,IMVT
10.78,10.8,10.77,10.79,1800,2021-06-29 14:26:00,IMVT
10.8,10.81,10.8,10.81,712,2021-06-29 14:27:00,IMVT
10.83,10.83,10.825,10.825,1656,2021-06-29 14:28:00,IMVT
10.83,10.83,10.83,10.83,100,2021-06-29 14:29:00,IMVT
10.84,10.84,10.84,10.84,443,2021-06-29 14:31:00,IMVT
10.85,10.85,10.8481,10.8481,600,2021-06-29 14:32:00,IMVT
10.85,10.85,10.84,10.84,1200,2021-06-29 14:33:00,IMVT
10.84,10.8464,10.83,10.83,900,2021-06-29 14:34:00,IMVT
10.85,10.85,10.84,10.84,500,2021-06-29 14:35:00,IMVT
10.84,10.84,10.84,10.84,593,2021-06-29 14:36:00,IMVT
10.85,10.9,10.85,10.9,6600,2021-06-29 14:37:00,IMVT
10.9,10.9,10.9,10.9,200,2021-06-29 14:38:00,IMVT
10.905,10.95,10.899,10.95,11799,2021-06-29 14:39:00,IMVT
10.94,10.94,10.94,10.94,300,2021-06-29 14:41:00,IMVT
10.96,10.96,10.95,10.95,890,2021-06-29 14:42:00,IMVT
10.94,10.94,10.93,10.93,503,2021-06-29 14:44:00,IMVT
10.93,10.93,10.923,10.923,519,2021-06-29 14:45:00,IMVT
10.92,10.93,10.92,10.93,1028,2021-06-29 14:46:00,IMVT
10.92,10.92,10.86,10.86,1680,2021-06-29 14:48:00,IMVT
10.84,10.85,10.84,10.85,700,2021-06-29 14:49:00,IMVT
10.87,10.89,10.87,10.89,2100,2021-06-29 14:50:00,IMVT
10.89,10.89,10.88,10.88,300,2021-06-29 14:51:00,IMVT
10.8782,10.89,10.8782,10.89,1099,2021-06-29 14:53:00,IMVT
10.88,10.88,10.88,10.88,100,2021-06-29 14:56:00,IMVT
10.84,10.84,10.84,10.84,300,2021-06-29 14:57:00,IMVT
10.86,10.87,10.86,10.87,1279,2021-06-29 14:58:00,IMVT
10.87,10.87,10.85,10.85,1108,2021-06-29 14:59:00,IMVT
10.86,10.86,10.86,10.86,200,2021-06-29 15:02:00,IMVT
10.84,10.84,10.81,10.81,400,2021-06-29 15:03:00,IMVT
10.8,10.8,10.77,10.77,1400,2021-06-29 15:04:00,IMVT
10.7769,10.81,10.7769,10.81,2301,2021-06-29 15:05:00,IMVT
10.82,10.83,10.82,10.83,800,2021-06-29 15:07:00,IMVT
10.85,10.86,10.85,10.86,2000,2021-06-29 15:08:00,IMVT
10.8767,10.8767,10.8762,10.8762,1100,2021-06-29 15:09:00,IMVT
10.86,10.86,10.855,10.855,496,2021-06-29 15:10:00,IMVT
10.84,10.84,10.84,10.84,100,2021-06-29 15:11:00,IMVT
10.86,10.86,10.84,10.84,300,2021-06-29 15:12:00,IMVT
10.85,10.86,10.85,10.86,300,2021-06-29 15:13:00,IMVT
10.85,10.85,10.85,10.85,100,2021-06-29 15:14:00,IMVT
10.85,10.87,10.85,10.87,1430,2021-06-29 15:15:00,IMVT
10.86,10.86,10.86,10.86,116,2021-06-29 15:16:00,IMVT
10.8697,10.8697,10.8697,10.8697,300,2021-06-29 15:17:00,IMVT
10.86,10.86,10.86,10.86,100,2021-06-29 15:18:00,IMVT
10.84,10.84,10.84,10.84,200,2021-06-29 15:19:00,IMVT
10.84,10.84,10.84,10.84,100,2021-06-29 15:22:00,IMVT
10.84,10.85,10.835,10.835,1002,2021-06-29 15:23:00,IMVT
10.85,10.85,10.85,10.85,100,2021-06-29 15:24:00,IMVT
10.86,10.86,10.85,10.85,200,2021-06-29 15:26:00,IMVT
10.85,10.86,10.8497,10.86,1020,2021-06-29 15:27:00,IMVT
10.85,10.85,10.85,10.85,200,2021-06-29 15:29:00,IMVT
10.86,10.86,10.855,10.86,502,2021-06-29 15:30:00,IMVT
10.84,10.84,10.84,10.84,100,2021-06-29 15:31:00,IMVT
10.847,10.847,10.84,10.84,450,2021-06-29 15:33:00,IMVT
10.83,10.835,10.825,10.825,467,2021-06-29 15:35:00,IMVT
10.83,10.84,10.83,10.84,1295,2021-06-29 15:36:00,IMVT
10.82,10.82,10.82,10.82,100,2021-06-29 15:37:00,IMVT
10.84,10.84,10.82,10.82,400,2021-06-29 15:38:00,IMVT
10.82,10.84,10.82,10.84,900,2021-06-29 15:40:00,IMVT
10.82,10.82,10.82,10.82,200,2021-06-29 15:43:00,IMVT
10.83,10.84,10.83,10.84,700,2021-06-29 15:45:00,IMVT
10.83,10.83,10.83,10.83,200,2021-06-29 15:46:00,IMVT
10.83,10.83,10.83,10.83,100,2021-06-29 15:47:00,IMVT
10.81,10.81,10.8,10.8,301,2021-06-29 15:48:00,IMVT
10.8,10.8,10.8,10.8,100,2021-06-29 15:49:00,IMVT
10.78,10.78,10.78,10.78,100,2021-06-29 15:50:00,IMVT
10.7793,10.785,10.7793,10.785,261,2021-06-29 15:51:00,IMVT
10.77,10.78,10.77,10.78,1224,2021-06-29 15:52:00,IMVT
10.79,10.8,10.79,10.79,398,2021-06-29 15:53:00,IMVT
10.7903,10.7903,10.7903,10.7903,100,2021-06-29 15:54:00,IMVT
10.78,10.78,10.775,10.775,300,2021-06-29 15:55:00,IMVT
10.79,10.79,10.79,10.79,2400,2021-06-29 15:56:00,IMVT
10.78,10.79,10.78,10.785,400,2021-06-29 15:57:00,IMVT
10.79,10.79,10.79,10.79,700,2021-06-29 15:58:00,IMVT
10.79,10.79,10.79,10.79,100,2021-06-29 15:59:00,IMVT
10.8,10.8,10.8,10.8,300,2021-06-29 16:00:00,IMVT
10.79,10.81,10.78,10.81,3096,2021-06-29 16:01:00,IMVT
10.82,10.82,10.82,10.82,100,2021-06-29 16:03:00,IMVT
10.83,10.85,10.82,10.85,1423,2021-06-29 16:07:00,IMVT
10.84,10.84,10.84,10.84,100,2021-06-29 16:08:00,IMVT
10.845,10.845,10.845,10.845,100,2021-06-29 16:09:00,IMVT
10.85,10.85,10.8499,10.8499,200,2021-06-29 16:10:00,IMVT
10.85,10.865,10.85,10.865,988,2021-06-29 16:12:00,IMVT
10.865,10.865,10.84,10.84,899,2021-06-29 16:13:00,IMVT
10.83,10.83,10.83,10.83,300,2021-06-29 16:14:00,IMVT
10.825,10.84,10.815,10.84,1702,2021-06-29 16:15:00,IMVT
10.84,10.84,10.84,10.84,100,2021-06-29 16:17:00,IMVT
10.85,10.86,10.85,10.86,300,2021-06-29 16:18:00,IMVT
10.86,10.86,10.86,10.86,200,2021-06-29 16:19:00,IMVT
10.85,10.86,10.85,10.8599,800,2021-06-29 16:21:00,IMVT
10.85,10.85,10.85,10.85,100,2021-06-29 16:24:00,IMVT
10.83,10.83,10.81,10.81,500,2021-06-29 16:25:00,IMVT
10.81,10.82,10.81,10.82,1400,2021-06-29 16:27:00,IMVT
10.82,10.82,10.82,10.82,400,2021-06-29 16:29:00,IMVT
10.81,10.82,10.81,10.82,200,2021-06-29 16:30:00,IMVT
10.82,10.85,10.82,10.85,2400,2021-06-29 16:31:00,IMVT
10.84,10.84,10.84,10.84,200,2021-06-29 16:36:00,IMVT
10.84,10.84,10.84,10.84,200,2021-06-29 16:38:00,IMVT
10.85,10.85,10.85,10.85,350,2021-06-29 16:39:00,IMVT
10.85,10.85,10.85,10.85,600,2021-06-29 16:40:00,IMVT
10.845,10.845,10.845,10.845,115,2021-06-29 16:41:00,IMVT
10.85,10.85,10.85,10.85,1100,2021-06-29 16:43:00,IMVT
10.85,10.85,10.84,10.84,400,2021-06-29 16:45:00,IMVT
10.85,10.86,10.85,10.86,300,2021-06-29 16:46:00,IMVT
10.84,10.84,10.835,10.835,752,2021-06-29 16:48:00,IMVT
10.832,10.832,10.832,10.832,1030,2021-06-29 16:50:00,IMVT
10.84,10.86,10.84,10.86,1700,2021-06-29 16:52:00,IMVT
10.875,10.875,10.875,10.875,100,2021-06-29 16:53:00,IMVT
10.85,10.85,10.85,10.85,304,2021-06-29 16:56:00,IMVT
10.84,10.84,10.84,10.84,600,2021-06-29 16:58:00,IMVT
10.82,10.83,10.81,10.82,3850,2021-06-29 17:00:00,IMVT
10.82,10.82,10.82,10.82,100,2021-06-29 17:03:00,IMVT
10.82,10.82,10.82,10.82,100,2021-06-29 17:04:00,IMVT
10.81,10.81,10.81,10.81,100,2021-06-29 17:05:00,IMVT
10.82,10.82,10.82,10.82,100,2021-06-29 17:06:00,IMVT
10.82,10.82,10.81,10.81,806,2021-06-29 17:07:00,IMVT
10.81,10.81,10.81,10.81,100,2021-06-29 17:08:00,IMVT
10.83,10.835,10.83,10.835,1594,2021-06-29 17:09:00,IMVT
10.835,10.835,10.835,10.835,100,2021-06-29 17:10:00,IMVT
10.86,10.86,10.85,10.85,200,2021-06-29 17:12:00,IMVT
10.83,10.83,10.83,10.83,102,2021-06-29 17:13:00,IMVT
10.84,10.84,10.84,10.84,200,2021-06-29 17:14:00,IMVT
10.83,10.83,10.83,10.83,200,2021-06-29 17:15:00,IMVT
10.82,10.82,10.82,10.82,100,2021-06-29 17:16:00,IMVT
10.82,10.82,10.81,10.82,1614,2021-06-29 17:19:00,IMVT
10.82,10.83,10.82,10.83,400,2021-06-29 17:20:00,IMVT
10.84,10.84,10.82,10.82,507,2021-06-29 17:21:00,IMVT
10.84,10.86,10.84,10.86,200,2021-06-29 17:24:00,IMVT
10.85,10.85,10.85,10.85,431,2021-06-29 17:28:00,IMVT
10.86,10.88,10.86,10.88,1300,2021-06-29 17:31:00,IMVT
10.88,10.89,10.88,10.88,904,2021-06-29 17:32:00,IMVT
10.87,10.89,10.87,10.89,834,2021-06-29 17:33:00,IMVT
10.86,10.87,10.86,10.87,300,2021-06-29 17:35:00,IMVT
10.84,10.84,10.84,10.84,100,2021-06-29 17:39:00,IMVT
10.86,10.86,10.86,10.86,100,2021-06-29 17:41:00,IMVT
10.84,10.85,10.84,10.85,300,2021-06-29 17:42:00,IMVT
10.84,10.84,10.84,10.84,100,2021-06-29 17:43:00,IMVT
10.84,10.84,10.84,10.84,100,2021-06-29 17:44:00,IMVT
10.85,10.85,10.84,10.85,1600,2021-06-29 17:45:00,IMVT
10.85,10.85,10.85,10.85,100,2021-06-29 17:49:00,IMVT
10.84,10.85,10.84,10.85,300,2021-06-29 17:50:00,IMVT
10.84,10.84,10.84,10.84,200,2021-06-29 17:51:00,IMVT
10.83,10.83,10.83,10.83,300,2021-06-29 17:52:00,IMVT
10.84,10.84,10.84,10.84,100,2021-06-29 17:53:00,IMVT
10.83,10.83,10.83,10.83,100,2021-06-29 17:54:00,IMVT
10.83,10.835,10.83,10.835,200,2021-06-29 17:56:00,IMVT
10.83,10.83,10.83,10.83,234,2021-06-29 17:58:00,IMVT
10.83,10.845,10.83,10.845,1048,2021-06-29 17:59:00,IMVT
10.85,10.85,10.85,10.85,100,2021-06-29 18:00:00,IMVT
10.85,10.85,10.85,10.85,100,2021-06-29 18:01:00,IMVT
10.85,10.87,10.8463,10.87,986,2021-06-29 18:02:00,IMVT
10.88,10.88,10.8642,10.8642,2115,2021-06-29 18:03:00,IMVT
10.85,10.85,10.85,10.85,100,2021-06-29 18:04:00,IMVT
10.845,10.85,10.845,10.85,200,2021-06-29 18:09:00,IMVT
10.85,10.86,10.85,10.86,600,2021-06-29 18:10:00,IMVT
10.8527,10.86,10.8527,10.855,300,2021-06-29 18:13:00,IMVT
10.85,10.8527,10.85,10.85,900,2021-06-29 18:15:00,IMVT
10.84,10.84,10.84,10.84,100,2021-06-29 18:16:00,IMVT
10.84,10.84,10.84,10.84,200,2021-06-29 18:17:00,IMVT
10.83,10.83,10.83,10.83,500,2021-06-29 18:18:00,IMVT
10.82,10.84,10.82,10.84,2300,2021-06-29 18:19:00,IMVT
10.85,10.85,10.84,10.85,600,2021-06-29 18:20:00,IMVT
10.849,10.87,10.849,10.87,400,2021-06-29 18:21:00,IMVT
10.87,10.87,10.87,10.87,100,2021-06-29 18:23:00,IMVT
10.86,10.86,10.86,10.86,100,2021-06-29 18:26:00,IMVT
10.84,10.84,10.84,10.84,200,2021-06-29 18:27:00,IMVT
10.83,10.83,10.83,10.83,300,2021-06-29 18:29:00,IMVT
10.83,10.83,10.83,10.83,500,2021-06-29 18:30:00,IMVT
10.82,10.82,10.82,10.82,200,2021-06-29 18:32:00,IMVT
10.82,10.82,10.81,10.815,1100,2021-06-29 18:33:00,IMVT
10.81,10.82,10.81,10.82,900,2021-06-29 18:35:00,IMVT
10.83,10.84,10.83,10.84,700,2021-06-29 18:36:00,IMVT
10.85,10.86,10.84,10.86,400,2021-06-29 18:38:00,IMVT
10.84,10.84,10.82,10.82,900,2021-06-29 18:41:00,IMVT
10.82,10.82,10.82,10.82,300,2021-06-29 18:43:00,IMVT
10.83,10.83,10.82,10.82,1216,2021-06-29 18:45:00,IMVT
10.81,10.82,10.81,10.82,400,2021-06-29 18:46:00,IMVT
10.82,10.82,10.82,10.82,100,2021-06-29 18:47:00,IMVT
10.81,10.81,10.81,10.81,100,2021-06-29 18:49:00,IMVT
10.82,10.82,10.81,10.82,500,2021-06-29 18:50:00,IMVT
10.82,10.82,10.82,10.82,600,2021-06-29 18:51:00,IMVT
10.8183,10.8183,10.81,10.81,387,2021-06-29 18:52:00,IMVT
10.81,10.81,10.81,10.81,100,2021-06-29 18:53:00,IMVT
10.82,10.82,10.82,10.82,100,2021-06-29 18:54:00,IMVT
10.82,10.8201,10.82,10.8201,2899,2021-06-29 18:55:00,IMVT
10.82,10.82,10.82,10.82,100,2021-06-29 18:56:00,IMVT
10.83,10.86,10.83,10.86,2098,2021-06-29 18:58:00,IMVT
10.85,10.85,10.84,10.84,824,2021-06-29 18:59:00,IMVT
10.84,10.84,10.84,10.84,100,2021-06-29 19:01:00,IMVT
10.85,10.86,10.85,10.85,1278,2021-06-29 19:02:00,IMVT
10.85,10.85,10.83,10.84,600,2021-06-29 19:04:00,IMVT
10.835,10.835,10.835,10.835,100,2021-06-29 19:05:00,IMVT
10.84,10.84,10.84,10.84,100,2021-06-29 19:07:00,IMVT
10.85,10.865,10.85,10.8612,885,2021-06-29 19:08:00,IMVT
10.86,10.86,10.85,10.85,300,2021-06-29 19:09:00,IMVT
10.84,10.84,10.83,10.83,536,2021-06-29 19:13:00,IMVT
10.84,10.84,10.82,10.83,600,2021-06-29 19:14:00,IMVT
10.83,10.84,10.83,10.84,1046,2021-06-29 19:17:00,IMVT
10.83,10.83,10.83,10.83,100,2021-06-29 19:18:00,IMVT
10.83,10.83,10.83,10.83,500,2021-06-29 19:19:00,IMVT
10.82,10.82,10.82,10.82,100,2021-06-29 19:20:00,IMVT
10.83,10.83,10.82,10.82,500,2021-06-29 19:21:00,IMVT
10.816,10.816,10.816,10.816,100,2021-06-29 19:22:00,IMVT
10.83,10.83,10.83,10.83,1073,2021-06-29 19:24:00,IMVT
10.83,10.83,10.82,10.82,1258,2021-06-29 19:26:00,IMVT
10.82,10.82,10.81,10.82,1700,2021-06-29 19:27:00,IMVT
10.82,10.82,10.82,10.82,200,2021-06-29 19:28:00,IMVT
10.82,10.82,10.82,10.82,800,2021-06-29 19:29:00,IMVT
10.82,10.82,10.82,10.82,100,2021-06-29 19:31:00,IMVT
10.82,10.84,10.82,10.84,1100,2021-06-29 19:32:00,IMVT
10.84,10.84,10.84,10.84,100,2021-06-29 19:33:00,IMVT
10.84,10.84,10.84,10.84,862,2021-06-29 19:34:00,IMVT
10.84,10.84,10.83,10.83,400,2021-06-29 19:35:00,IMVT
10.82,10.83,10.82,10.83,2086,2021-06-29 19:36:00,IMVT
10.83,10.84,10.83,10.835,500,2021-06-29 19:37:00,IMVT
10.83,10.83,10.83,10.83,307,2021-06-29 19:38:00,IMVT
10.82,10.82,10.82,10.82,1407,2021-06-29 19:39:00,IMVT
10.82,10.82,10.8175,10.82,1396,2021-06-29 19:40:00,IMVT
10.825,10.825,10.82,10.82,500,2021-06-29 19:41:00,IMVT
10.8175,10.8175,10.8175,10.8175,100,2021-06-29 19:42:00,IMVT
10.8175,10.83,10.8175,10.8299,1800,2021-06-29 19:43:00,IMVT
10.83,10.83,10.83,10.83,100,2021-06-29 19:44:00,IMVT
10.83,10.83,10.83,10.83,900,2021-06-29 19:45:00,IMVT
10.83,10.83,10.82,10.82,1800,2021-06-29 19:46:00,IMVT
10.825,10.825,10.82,10.82,1315,2021-06-29 19:47:00,IMVT
10.81,10.81,10.81,10.81,500,2021-06-29 19:48:00,IMVT
10.82,10.83,10.81,10.83,4159,2021-06-29 19:49:00,IMVT
10.825,10.83,10.825,10.83,600,2021-06-29 19:50:00,IMVT
10.83,10.84,10.83,10.84,1500,2021-06-29 19:52:00,IMVT
10.83,10.8382,10.83,10.83,1272,2021-06-29 19:53:00,IMVT
10.83,10.84,10.83,10.83,1200,2021-06-29 19:54:00,IMVT
10.83,10.85,10.82,10.85,7123,2021-06-29 19:55:00,IMVT
10.8499,10.85,10.83,10.83,4559,2021-06-29 19:56:00,IMVT
10.83,10.85,10.83,10.83,3449,2021-06-29 19:57:00,IMVT
10.82,10.83,10.8,10.8001,10015,2021-06-29 19:58:00,IMVT
10.82,10.84,10.8,10.82,15172,2021-06-29 19:59:00,IMVT
10.8,10.8,10.8,10.8,40901,2021-06-29 20:00:00,IMVT
10.99,10.99,10.99,10.99,100,2021-06-29 20:16:00,IMVT
10.8,10.8,10.79,10.79,800,2021-06-29 22:55:00,IMVT
10.77,10.77,10.77,10.77,1200,2021-06-29 23:06:00,IMVT
10.77,10.77,10.77,10.77,420,2021-06-29 23:23:00,IMVT
10.7336,10.7336,10.7336,10.7336,100,2021-06-30 13:02:00,IMVT
10.7302,10.7302,10.73,10.73,1142,2021-06-30 13:10:00,IMVT
10.86,10.87,10.8,10.87,9389,2021-06-30 13:30:00,IMVT
10.845,10.88,10.845,10.88,450,2021-06-30 13:31:00,IMVT
10.81,10.81,10.78,10.78,800,2021-06-30 13:33:00,IMVT
10.7607,10.77,10.73,10.73,1550,2021-06-30 13:36:00,IMVT
10.73,10.73,10.73,10.73,140,2021-06-30 13:37:00,IMVT
10.73,10.73,10.73,10.73,500,2021-06-30 13:38:00,IMVT
10.76,10.76,10.76,10.76,527,2021-06-30 13:39:00,IMVT
10.76,10.76,10.76,10.76,400,2021-06-30 13:40:00,IMVT
10.75,10.76,10.75,10.76,200,2021-06-30 13:41:00,IMVT
10.76,10.76,10.73,10.73,4834,2021-06-30 13:42:00,IMVT
10.7624,10.7624,10.7624,10.7624,100,2021-06-30 13:44:00,IMVT
10.78,10.78,10.7683,10.7683,400,2021-06-30 13:45:00,IMVT
10.74,10.74,10.73,10.74,1300,2021-06-30 13:46:00,IMVT
10.72,10.72,10.68,10.68,2102,2021-06-30 13:48:00,IMVT
10.71,10.71,10.7,10.7,300,2021-06-30 13:49:00,IMVT
10.69,10.69,10.67,10.67,2170,2021-06-30 13:51:00,IMVT
10.6784,10.6784,10.6784,10.6784,1000,2021-06-30 13:52:00,IMVT
10.7,10.7,10.7,10.7,400,2021-06-30 13:53:00,IMVT
10.73,10.74,10.73,10.74,400,2021-06-30 13:55:00,IMVT
10.79,10.79,10.7774,10.7774,1200,2021-06-30 13:56:00,IMVT
10.76,10.76,10.76,10.76,100,2021-06-30 13:57:00,IMVT
10.74,10.75,10.74,10.75,550,2021-06-30 13:59:00,IMVT
10.74,10.75,10.74,10.75,1067,2021-06-30 14:00:00,IMVT
10.76,10.76,10.76,10.76,473,2021-06-30 14:01:00,IMVT
10.8,10.8,10.78,10.78,300,2021-06-30 14:02:00,IMVT
10.8,10.8,10.7999,10.7999,521,2021-06-30 14:03:00,IMVT
10.78,10.8,10.7763,10.8,1863,2021-06-30 14:04:00,IMVT
10.7943,10.815,10.79,10.815,3200,2021-06-30 14:05:00,IMVT
10.83,10.83,10.83,10.83,100,2021-06-30 14:06:00,IMVT
10.81,10.81,10.79,10.81,1800,2021-06-30 14:07:00,IMVT
10.84,10.84,10.84,10.84,100,2021-06-30 14:10:00,IMVT
10.82,10.82,10.76,10.76,2099,2021-06-30 14:11:00,IMVT
10.79,10.8,10.79,10.8,557,2021-06-30 14:14:00,IMVT
10.825,10.825,10.825,10.825,318,2021-06-30 14:19:00,IMVT
10.82,10.82,10.82,10.82,100,2021-06-30 14:20:00,IMVT
10.84,10.84,10.84,10.84,231,2021-06-30 14:23:00,IMVT
10.84,10.84,10.84,10.84,100,2021-06-30 14:24:00,IMVT
10.86,10.86,10.86,10.86,100,2021-06-30 14:25:00,IMVT
10.85,10.85,10.85,10.85,635,2021-06-30 14:26:00,IMVT
10.865,10.865,10.865,10.865,131,2021-06-30 14:31:00,IMVT
10.8693,10.8693,10.8693,10.8693,108,2021-06-30 14:34:00,IMVT
10.84,10.84,10.82,10.83,900,2021-06-30 14:35:00,IMVT
10.82,10.82,10.82,10.82,100,2021-06-30 14:36:00,IMVT
10.81,10.81,10.81,10.81,100,2021-06-30 14:37:00,IMVT
10.84,10.84,10.84,10.84,100,2021-06-30 14:39:00,IMVT
10.822,10.822,10.822,10.822,467,2021-06-30 14:43:00,IMVT
10.82,10.82,10.82,10.82,400,2021-06-30 14:47:00,IMVT
10.82,10.83,10.82,10.8294,1094,2021-06-30 14:48:00,IMVT
10.81,10.81,10.81,10.81,200,2021-06-30 14:49:00,IMVT
10.801,10.81,10.8,10.8,6592,2021-06-30 14:52:00,IMVT
10.809,10.81,10.809,10.81,941,2021-06-30 14:58:00,IMVT
10.8,10.8,10.8,10.8,100,2021-06-30 14:59:00,IMVT
10.8,10.8,10.8,10.8,5000,2021-06-30 15:00:00,IMVT
10.8,10.8,10.8,10.8,1000,2021-06-30 15:01:00,IMVT
10.8,10.8,10.8,10.8,100,2021-06-30 15:02:00,IMVT
10.79,10.79,10.79,10.79,800,2021-06-30 15:03:00,IMVT
10.8,10.8,10.8,10.8,110,2021-06-30 15:04:00,IMVT
10.8004,10.8004,10.8004,10.8004,100,2021-06-30 15:08:00,IMVT
10.82,10.83,10.82,10.83,850,2021-06-30 15:09:00,IMVT
10.82,10.82,10.81,10.81,1384,2021-06-30 15:10:00,IMVT
10.82,10.82,10.82,10.82,800,2021-06-30 15:11:00,IMVT
10.82,10.82,10.812,10.82,1095,2021-06-30 15:14:00,IMVT
10.82,10.82,10.82,10.82,2500,2021-06-30 15:18:00,IMVT
10.81,10.81,10.81,10.81,600,2021-06-30 15:19:00,IMVT
10.81,10.82,10.81,10.82,1300,2021-06-30 15:20:00,IMVT
10.81,10.81,10.81,10.81,100,2021-06-30 15:22:00,IMVT
10.83,10.84,10.83,10.84,1694,2021-06-30 15:23:00,IMVT
10.84,10.84,10.82,10.82,3900,2021-06-30 15:24:00,IMVT
10.829,10.83,10.81,10.81,2400,2021-06-30 15:26:00,IMVT
10.81,10.81,10.81,10.81,200,2021-06-30 15:27:00,IMVT
10.81,10.81,10.81,10.81,100,2021-06-30 15:28:00,IMVT
10.79,10.79,10.79,10.79,100,2021-06-30 15:29:00,IMVT
10.807,10.81,10.79,10.81,700,2021-06-30 15:30:00,IMVT
10.79,10.79,10.78,10.78,200,2021-06-30 15:31:00,IMVT
10.78,10.81,10.78,10.81,1353,2021-06-30 15:32:00,IMVT
10.81,10.83,10.81,10.83,600,2021-06-30 15:33:00,IMVT
10.825,10.825,10.82,10.82,400,2021-06-30 15:34:00,IMVT
10.82,10.82,10.82,10.82,100,2021-06-30 15:36:00,IMVT
10.82,10.82,10.82,10.82,778,2021-06-30 15:38:00,IMVT
10.83,10.83,10.83,10.83,100,2021-06-30 15:41:00,IMVT
10.83,10.83,10.81,10.81,511,2021-06-30 15:42:00,IMVT
10.81,10.81,10.81,10.81,100,2021-06-30 15:43:00,IMVT
10.79,10.8,10.79,10.79,500,2021-06-30 15:45:00,IMVT
10.79,10.8,10.79,10.8,200,2021-06-30 15:46:00,IMVT
10.79,10.79,10.79,10.79,100,2021-06-30 15:51:00,IMVT
10.7999,10.7999,10.7999,10.7999,100,2021-06-30 15:52:00,IMVT
10.79,10.79,10.79,10.79,200,2021-06-30 15:53:00,IMVT
10.8,10.8,10.8,10.8,400,2021-06-30 15:55:00,IMVT
10.8,10.8,10.8,10.8,100,2021-06-30 15:57:00,IMVT
10.79,10.791,10.79,10.791,246,2021-06-30 15:59:00,IMVT
10.8,10.8,10.8,10.8,200,2021-06-30 16:02:00,IMVT
10.782,10.782,10.76,10.76,825,2021-06-30 16:03:00,IMVT
10.78,10.78,10.76,10.76,900,2021-06-30 16:04:00,IMVT
10.77,10.77,10.77,10.77,100,2021-06-30 16:06:00,IMVT
10.76,10.76,10.76,10.76,100,2021-06-30 16:08:00,IMVT
10.77,10.77,10.75,10.75,400,2021-06-30 16:09:00,IMVT
10.75,10.76,10.75,10.7585,900,2021-06-30 16:10:00,IMVT
10.75,10.75,10.75,10.75,100,2021-06-30 16:12:00,IMVT
10.77,10.77,10.77,10.77,100,2021-06-30 16:13:00,IMVT
10.77,10.77,10.77,10.77,100,2021-06-30 16:14:00,IMVT
10.78,10.78,10.77,10.77,200,2021-06-30 16:15:00,IMVT
10.75,10.76,10.75,10.75,6134,2021-06-30 16:20:00,IMVT
10.76,10.76,10.76,10.76,447,2021-06-30 16:21:00,IMVT
10.75,10.75,10.74,10.74,400,2021-06-30 16:22:00,IMVT
10.7356,10.7356,10.72,10.72,500,2021-06-30 16:25:00,IMVT
10.71,10.71,10.71,10.71,400,2021-06-30 16:26:00,IMVT
10.71,10.71,10.71,10.71,100,2021-06-30 16:27:00,IMVT
10.715,10.72,10.715,10.72,952,2021-06-30 16:28:00,IMVT
10.725,10.73,10.725,10.73,800,2021-06-30 16:29:00,IMVT
10.75,10.79,10.75,10.79,1300,2021-06-30 16:34:00,IMVT
10.79,10.79,10.78,10.78,200,2021-06-30 16:35:00,IMVT
10.765,10.765,10.765,10.765,100,2021-06-30 16:37:00,IMVT
10.765,10.765,10.75,10.75,200,2021-06-30 16:38:00,IMVT
10.75,10.765,10.74,10.74,400,2021-06-30 16:39:00,IMVT
10.7699,10.7699,10.7699,10.7699,125,2021-06-30 16:42:00,IMVT
10.74,10.74,10.74,10.74,392,2021-06-30 16:45:00,IMVT
10.74,10.74,10.74,10.74,200,2021-06-30 16:46:00,IMVT
10.75,10.75,10.75,10.75,400,2021-06-30 16:48:00,IMVT
10.74,10.74,10.74,10.74,100,2021-06-30 16:49:00,IMVT
10.7627,10.7627,10.7627,10.7627,100,2021-06-30 16:52:00,IMVT
10.75,10.75,10.73,10.73,1505,2021-06-30 16:54:00,IMVT
10.7405,10.7405,10.73,10.73,200,2021-06-30 16:56:00,IMVT
10.735,10.735,10.735,10.735,273,2021-06-30 16:58:00,IMVT
10.75,10.75,10.75,10.75,260,2021-06-30 17:00:00,IMVT
10.75,10.75,10.74,10.74,300,2021-06-30 17:01:00,IMVT
10.75,10.76,10.75,10.76,591,2021-06-30 17:06:00,IMVT
10.755,10.7564,10.75,10.7564,578,2021-06-30 17:07:00,IMVT
10.75,10.75,10.75,10.75,600,2021-06-30 17:08:00,IMVT
10.76,10.76,10.76,10.76,203,2021-06-30 17:09:00,IMVT
10.77,10.77,10.77,10.77,100,2021-06-30 17:14:00,IMVT
10.79,10.79,10.79,10.79,998,2021-06-30 17:16:00,IMVT
10.78,10.78,10.78,10.78,200,2021-06-30 17:17:00,IMVT
10.7999,10.8,10.7999,10.8,240,2021-06-30 17:18:00,IMVT
10.8,10.8,10.8,10.8,300,2021-06-30 17:21:00,IMVT
10.79,10.79,10.79,10.79,100,2021-06-30 17:24:00,IMVT
10.82,10.82,10.82,10.82,200,2021-06-30 17:25:00,IMVT
10.83,10.83,10.83,10.83,100,2021-06-30 17:26:00,IMVT
10.83,10.83,10.83,10.83,200,2021-06-30 17:27:00,IMVT
10.84,10.85,10.84,10.85,200,2021-06-30 17:29:00,IMVT
10.83,10.83,10.83,10.83,342,2021-06-30 17:31:00,IMVT
10.83,10.83,10.8,10.81,1969,2021-06-30 17:32:00,IMVT
10.805,10.805,10.805,10.805,200,2021-06-30 17:35:00,IMVT
10.805,10.81,10.805,10.81,1400,2021-06-30 17:36:00,IMVT
10.82,10.82,10.82,10.82,100,2021-06-30 17:37:00,IMVT
10.805,10.805,10.805,10.805,100,2021-06-30 17:39:00,IMVT
10.805,10.805,10.805,10.805,171,2021-06-30 17:40:00,IMVT
10.8111,10.8111,10.79,10.79,300,2021-06-30 17:41:00,IMVT
10.8,10.8,10.78,10.78,900,2021-06-30 17:46:00,IMVT
10.775,10.78,10.775,10.78,478,2021-06-30 17:47:00,IMVT
10.79,10.79,10.79,10.79,100,2021-06-30 17:49:00,IMVT
10.7834,10.7834,10.7834,10.7834,300,2021-06-30 17:52:00,IMVT
10.78,10.78,10.76,10.76,1246,2021-06-30 17:54:00,IMVT
10.76,10.76,10.76,10.76,200,2021-06-30 17:56:00,IMVT
10.76,10.77,10.76,10.77,200,2021-06-30 17:57:00,IMVT
10.77,10.77,10.77,10.77,200,2021-06-30 17:58:00,IMVT
10.775,10.775,10.77,10.77,800,2021-06-30 17:59:00,IMVT
10.76,10.775,10.76,10.775,400,2021-06-30 18:02:00,IMVT
10.77,10.77,10.77,10.77,100,2021-06-30 18:03:00,IMVT
10.78,10.785,10.78,10.785,800,2021-06-30 18:05:00,IMVT
10.78,10.78,10.78,10.78,300,2021-06-30 18:06:00,IMVT
10.78,10.78,10.775,10.78,1457,2021-06-30 18:08:00,IMVT
10.77,10.77,10.77,10.77,300,2021-06-30 18:09:00,IMVT
10.77,10.77,10.77,10.77,100,2021-06-30 18:10:00,IMVT
10.77,10.77,10.77,10.77,200,2021-06-30 18:12:00,IMVT
10.78,10.78,10.77,10.77,200,2021-06-30 18:15:00,IMVT
10.77,10.77,10.77,10.77,200,2021-06-30 18:17:00,IMVT
10.78,10.78,10.775,10.775,600,2021-06-30 18:18:00,IMVT
10.78,10.78,10.78,10.78,100,2021-06-30 18:19:00,IMVT
10.77,10.77,10.77,10.77,1000,2021-06-30 18:20:00,IMVT
10.76,10.76,10.76,10.76,100,2021-06-30 18:21:00,IMVT
10.75,10.75,10.75,10.75,339,2021-06-30 18:22:00,IMVT
10.73,10.73,10.72,10.72,517,2021-06-30 18:23:00,IMVT
10.715,10.7199,10.715,10.7199,300,2021-06-30 18:24:00,IMVT
10.72,10.72,10.72,10.72,636,2021-06-30 18:25:00,IMVT
10.72,10.72,10.71,10.71,700,2021-06-30 18:28:00,IMVT
10.71,10.71,10.71,10.71,200,2021-06-30 18:29:00,IMVT
10.73,10.73,10.73,10.73,621,2021-06-30 18:32:00,IMVT
10.73,10.73,10.73,10.73,100,2021-06-30 18:33:00,IMVT
10.73,10.73,10.73,10.73,100,2021-06-30 18:34:00,IMVT
10.74,10.76,10.73,10.76,800,2021-06-30 18:40:00,IMVT
10.74,10.74,10.74,10.74,344,2021-06-30 18:42:00,IMVT
10.75,10.75,10.75,10.75,1365,2021-06-30 18:43:00,IMVT
10.75,10.75,10.74,10.74,420,2021-06-30 18:44:00,IMVT
10.73,10.73,10.725,10.73,1400,2021-06-30 18:46:00,IMVT
10.73,10.74,10.73,10.74,1375,2021-06-30 18:47:00,IMVT
10.735,10.735,10.735,10.735,100,2021-06-30 18:48:00,IMVT
10.735,10.735,10.735,10.735,100,2021-06-30 18:49:00,IMVT
10.7315,10.7315,10.7315,10.7315,500,2021-06-30 18:50:00,IMVT
10.73,10.73,10.73,10.73,200,2021-06-30 18:51:00,IMVT
10.73,10.73,10.73,10.73,100,2021-06-30 18:52:00,IMVT
10.72,10.73,10.71,10.715,7707,2021-06-30 18:54:00,IMVT
10.715,10.715,10.7,10.7,2029,2021-06-30 18:55:00,IMVT
10.7,10.7,10.68,10.68,789,2021-06-30 18:56:00,IMVT
10.68,10.68,10.67,10.67,300,2021-06-30 18:57:00,IMVT
10.67,10.67,10.67,10.67,400,2021-06-30 18:58:00,IMVT
10.67,10.67,10.67,10.67,472,2021-06-30 18:59:00,IMVT
10.66,10.66,10.66,10.66,500,2021-06-30 19:00:00,IMVT
10.66,10.66,10.66,10.66,672,2021-06-30 19:01:00,IMVT
10.655,10.655,10.62,10.64,3422,2021-06-30 19:02:00,IMVT
10.63,10.64,10.63,10.64,500,2021-06-30 19:04:00,IMVT
10.6284,10.6284,10.6284,10.6284,1970,2021-06-30 19:05:00,IMVT
10.625,10.625,10.615,10.62,1743,2021-06-30 19:06:00,IMVT
10.62,10.62,10.61,10.61,200,2021-06-30 19:07:00,IMVT
10.62,10.62,10.61,10.61,200,2021-06-30 19:09:00,IMVT
10.62,10.6299,10.6,10.6,7319,2021-06-30 19:10:00,IMVT
10.61,10.63,10.61,10.61,3885,2021-06-30 19:11:00,IMVT
10.6,10.61,10.59,10.6,3471,2021-06-30 19:13:00,IMVT
10.58,10.58,10.57,10.58,2100,2021-06-30 19:15:00,IMVT
10.58,10.59,10.57,10.5802,1692,2021-06-30 19:16:00,IMVT
10.57,10.57,10.57,10.57,600,2021-06-30 19:17:00,IMVT
10.57,10.575,10.56,10.57,1500,2021-06-30 19:18:00,IMVT
10.56,10.56,10.56,10.56,200,2021-06-30 19:19:00,IMVT
10.56,10.56,10.54,10.56,8302,2021-06-30 19:20:00,IMVT
10.555,10.56,10.555,10.56,1400,2021-06-30 19:21:00,IMVT
10.55,10.57,10.55,10.56,2100,2021-06-30 19:22:00,IMVT
10.5599,10.5599,10.53,10.53,1100,2021-06-30 19:23:00,IMVT
10.54,10.55,10.54,10.55,600,2021-06-30 19:24:00,IMVT
10.55,10.55,10.55,10.55,400,2021-06-30 19:25:00,IMVT
10.55,10.57,10.55,10.555,3785,2021-06-30 19:26:00,IMVT
10.55,10.55,10.55,10.55,100,2021-06-30 19:27:00,IMVT
10.543,10.543,10.543,10.543,730,2021-06-30 19:29:00,IMVT
10.54,10.55,10.535,10.55,1969,2021-06-30 19:30:00,IMVT
10.54,10.54,10.54,10.54,200,2021-06-30 19:31:00,IMVT
10.55,10.55,10.54,10.55,10051,2021-06-30 19:32:00,IMVT
10.5431,10.55,10.5431,10.55,1265,2021-06-30 19:33:00,IMVT
10.55,10.555,10.55,10.555,708,2021-06-30 19:34:00,IMVT
10.57,10.57,10.57,10.57,100,2021-06-30 19:35:00,IMVT
10.5758,10.5758,10.56,10.56,1500,2021-06-30 19:36:00,IMVT
10.5805,10.5817,10.5805,10.5817,600,2021-06-30 19:37:00,IMVT
10.57,10.59,10.57,10.59,500,2021-06-30 19:39:00,IMVT
10.59,10.59,10.57,10.57,2227,2021-06-30 19:40:00,IMVT
10.59,10.59,10.58,10.58,298,2021-06-30 19:41:00,IMVT
10.57,10.57,10.56,10.56,2133,2021-06-30 19:42:00,IMVT
10.568,10.57,10.56,10.57,2150,2021-06-30 19:43:00,IMVT
10.56,10.56,10.555,10.56,2190,2021-06-30 19:44:00,IMVT
10.56,10.56,10.56,10.56,100,2021-06-30 19:45:00,IMVT
10.565,10.57,10.565,10.565,1260,2021-06-30 19:46:00,IMVT
10.57,10.57,10.565,10.57,1498,2021-06-30 19:47:00,IMVT
10.58,10.58,10.57,10.575,800,2021-06-30 19:48:00,IMVT
10.57,10.57,10.55,10.56,1535,2021-06-30 19:49:00,IMVT
10.56,10.56,10.55,10.55,799,2021-06-30 19:50:00,IMVT
10.55,10.55,10.535,10.54,4246,2021-06-30 19:51:00,IMVT
10.54,10.55,10.535,10.55,2300,2021-06-30 19:52:00,IMVT
10.55,10.55,10.54,10.54,1506,2021-06-30 19:53:00,IMVT
10.54,10.566,10.54,10.566,3556,2021-06-30 19:54:00,IMVT
10.58,10.595,10.565,10.58,16003,2021-06-30 19:55:00,IMVT
10.5718,10.5959,10.5718,10.58,3971,2021-06-30 19:56:00,IMVT
10.58,10.6,10.58,10.6,1997,2021-06-30 19:57:00,IMVT
10.59,10.6,10.59,10.6,1600,2021-06-30 19:58:00,IMVT
10.6,10.6,10.58,10.59,7606,2021-06-30 19:59:00,IMVT
10.58,10.58,10.57,10.57,79027,2021-06-30 20:00:00,IMVT
10.68,10.68,10.68,10.68,200,2021-06-30 20:06:00,IMVT
10.57,10.57,10.57,10.57,1791,2021-06-30 22:56:00,IMVT
10.43,10.43,10.43,10.43,178,2021-06-30 22:57:00,IMVT
10.45,10.45,10.45,10.45,364,2021-06-30 23:29:00,IMVT
