open,high,low,close,volume,datetime,symbol
4.7,4.7,4.7,4.7,205,2021-06-01 13:30:00,QLI
4.705,4.705,4.705,4.705,222,2021-06-01 13:46:00,QLI
4.688,4.688,4.688,4.688,100,2021-06-01 14:02:00,QLI
4.7299,4.7299,4.7299,4.7299,126,2021-06-01 14:04:00,QLI
4.7299,4.7299,4.7299,4.7299,200,2021-06-01 14:07:00,QLI
4.7,4.7,4.7,4.7,152,2021-06-01 14:08:00,QLI
4.7,4.7,4.7,4.7,100,2021-06-01 14:09:00,QLI
4.68,4.68,4.68,4.68,100,2021-06-01 14:10:00,QLI
4.6401,4.65,4.63,4.6301,1766,2021-06-01 14:19:00,QLI
4.6326,4.6326,4.63,4.63,1800,2021-06-01 14:20:00,QLI
4.6305,4.6305,4.63,4.63,600,2021-06-01 14:21:00,QLI
4.64,4.64,4.64,4.64,100,2021-06-01 14:22:00,QLI
4.63,4.63,4.63,4.63,100,2021-06-01 14:25:00,QLI
4.63,4.63,4.63,4.63,100,2021-06-01 14:27:00,QLI
4.63,4.63,4.63,4.63,100,2021-06-01 14:31:00,QLI
4.66,4.66,4.66,4.66,100,2021-06-01 14:47:00,QLI
4.64,4.64,4.64,4.64,1000,2021-06-01 14:50:00,QLI
4.63,4.63,4.63,4.63,800,2021-06-01 14:51:00,QLI
4.64,4.64,4.64,4.64,300,2021-06-01 15:10:00,QLI
4.6328,4.6328,4.6328,4.6328,250,2021-06-01 15:13:00,QLI
4.633,4.633,4.63,4.63,1550,2021-06-01 15:14:00,QLI
4.63,4.63,4.57,4.5866,5083,2021-06-01 15:15:00,QLI
4.5879,4.5879,4.5879,4.5879,2400,2021-06-01 15:20:00,QLI
4.5801,4.6,4.5801,4.6,2300,2021-06-01 15:22:00,QLI
4.6165,4.6165,4.6,4.6,400,2021-06-01 15:24:00,QLI
4.6,4.6,4.6,4.6,200,2021-06-01 15:27:00,QLI
4.6,4.6,4.6,4.6,100,2021-06-01 15:29:00,QLI
4.6,4.6,4.6,4.6,626,2021-06-01 15:31:00,QLI
4.53,4.53,4.53,4.53,137,2021-06-01 15:56:00,QLI
4.53,4.53,4.52,4.52,400,2021-06-01 15:59:00,QLI
4.53,4.53,4.53,4.53,139,2021-06-01 16:07:00,QLI
4.545,4.545,4.545,4.545,100,2021-06-01 16:17:00,QLI
4.545,4.545,4.545,4.545,200,2021-06-01 16:20:00,QLI
4.54,4.55,4.54,4.55,249,2021-06-01 16:22:00,QLI
4.55,4.56,4.55,4.55,900,2021-06-01 16:24:00,QLI
4.56,4.56,4.55,4.55,682,2021-06-01 16:31:00,QLI
4.5899,4.5899,4.5899,4.5899,300,2021-06-01 16:42:00,QLI
4.54,4.54,4.54,4.54,100,2021-06-01 16:51:00,QLI
4.54,4.54,4.54,4.54,100,2021-06-01 16:56:00,QLI
4.54,4.54,4.54,4.54,100,2021-06-01 16:59:00,QLI
4.59,4.59,4.59,4.59,100,2021-06-01 17:11:00,QLI
4.58,4.59,4.58,4.59,765,2021-06-01 17:19:00,QLI
4.6126,4.6126,4.6126,4.6126,109,2021-06-01 17:22:00,QLI
4.604,4.604,4.604,4.604,196,2021-06-01 17:51:00,QLI
4.61,4.61,4.61,4.61,2200,2021-06-01 17:58:00,QLI
4.5435,4.5435,4.5435,4.5435,950,2021-06-01 18:06:00,QLI
4.58,4.58,4.58,4.58,100,2021-06-01 18:18:00,QLI
4.595,4.595,4.595,4.595,100,2021-06-01 18:39:00,QLI
4.61,4.61,4.6,4.6,200,2021-06-01 19:02:00,QLI
4.6199,4.6199,4.6199,4.6199,434,2021-06-01 19:06:00,QLI
4.62,4.62,4.62,4.62,500,2021-06-01 19:16:00,QLI
4.59,4.59,4.59,4.59,100,2021-06-01 19:45:00,QLI
4.59,4.59,4.59,4.59,100,2021-06-01 19:50:00,QLI
4.5901,4.5901,4.59,4.59,2571,2021-06-01 19:52:00,QLI
4.6,4.6,4.6,4.6,1081,2021-06-01 19:53:00,QLI
4.6,4.6,4.6,4.6,100,2021-06-01 19:57:00,QLI
4.6,4.6,4.6,4.6,100,2021-06-01 19:59:00,QLI
4.59,4.59,4.59,4.59,197,2021-06-01 20:00:00,QLI
4.66,4.66,4.66,4.66,400,2021-06-02 13:51:00,QLI
4.65,4.65,4.65,4.65,998,2021-06-02 14:02:00,QLI
4.6899,4.6899,4.6899,4.6899,100,2021-06-02 14:22:00,QLI
4.69,4.69,4.69,4.69,100,2021-06-02 14:24:00,QLI
4.64,4.64,4.64,4.64,420,2021-06-02 14:27:00,QLI
4.68,4.69,4.665,4.665,2960,2021-06-02 14:31:00,QLI
4.7,4.7,4.693,4.7,800,2021-06-02 14:37:00,QLI
4.7,4.7,4.7,4.7,400,2021-06-02 14:38:00,QLI
4.6501,4.6501,4.6501,4.6501,200,2021-06-02 14:46:00,QLI
4.693,4.693,4.693,4.693,100,2021-06-02 15:07:00,QLI
4.6553,4.6553,4.6553,4.6553,200,2021-06-02 15:08:00,QLI
4.65,4.65,4.65,4.65,353,2021-06-02 15:11:00,QLI
4.65,4.65,4.64,4.6405,2527,2021-06-02 15:13:00,QLI
4.6405,4.6405,4.56,4.5648,4621,2021-06-02 15:14:00,QLI
4.6,4.6,4.6,4.6,100,2021-06-02 15:17:00,QLI
4.6115,4.6115,4.6115,4.6115,100,2021-06-02 15:19:00,QLI
4.64,4.64,4.64,4.64,100,2021-06-02 15:22:00,QLI
4.65,4.65,4.65,4.65,100,2021-06-02 15:29:00,QLI
4.55,4.6,4.55,4.56,5895,2021-06-02 15:34:00,QLI
4.57,4.57,4.57,4.57,100,2021-06-02 15:43:00,QLI
4.6,4.6,4.6,4.6,100,2021-06-02 15:56:00,QLI
4.6,4.6,4.5946,4.5964,1100,2021-06-02 15:57:00,QLI
4.57,4.57,4.57,4.57,100,2021-06-02 16:02:00,QLI
4.6,4.6,4.6,4.6,100,2021-06-02 16:11:00,QLI
4.5999,4.5999,4.56,4.56,300,2021-06-02 16:24:00,QLI
4.57,4.57,4.55,4.55,1900,2021-06-02 16:29:00,QLI
4.5799,4.5799,4.5799,4.5799,500,2021-06-02 16:38:00,QLI
4.565,4.565,4.565,4.565,4300,2021-06-02 16:41:00,QLI
4.55,4.55,4.55,4.55,100,2021-06-02 16:43:00,QLI
4.57,4.57,4.55,4.55,380,2021-06-02 16:46:00,QLI
4.559,4.559,4.559,4.559,118,2021-06-02 17:00:00,QLI
4.5673,4.5673,4.5673,4.5673,400,2021-06-02 17:19:00,QLI
4.56,4.56,4.56,4.56,100,2021-06-02 17:20:00,QLI
4.5607,4.5607,4.5607,4.5607,700,2021-06-02 17:23:00,QLI
4.5601,4.5601,4.5601,4.5601,150,2021-06-02 17:29:00,QLI
4.5673,4.5673,4.5673,4.5673,200,2021-06-02 17:30:00,QLI
4.5673,4.57,4.5673,4.57,400,2021-06-02 17:32:00,QLI
4.57,4.59,4.57,4.59,300,2021-06-02 17:33:00,QLI
4.6073,4.61,4.6073,4.61,300,2021-06-02 17:35:00,QLI
4.59,4.6073,4.59,4.6073,200,2021-06-02 17:36:00,QLI
4.6073,4.61,4.6073,4.61,200,2021-06-02 17:38:00,QLI
4.6,4.6,4.6,4.6,100,2021-06-02 17:40:00,QLI
4.6073,4.6073,4.6073,4.6073,200,2021-06-02 17:41:00,QLI
4.6,4.6073,4.6,4.6073,300,2021-06-02 17:43:00,QLI
4.61,4.61,4.6073,4.6073,200,2021-06-02 17:44:00,QLI
4.6073,4.61,4.6073,4.61,200,2021-06-02 17:46:00,QLI
4.6073,4.6073,4.6073,4.6073,400,2021-06-02 17:47:00,QLI
4.64,4.64,4.635,4.6373,500,2021-06-02 17:49:00,QLI
4.63,4.63,4.63,4.63,1000,2021-06-02 17:50:00,QLI
4.64,4.65,4.64,4.6473,400,2021-06-02 17:52:00,QLI
4.65,4.65,4.6473,4.6473,400,2021-06-02 17:53:00,QLI
4.6473,4.6473,4.6473,4.6473,200,2021-06-02 17:54:00,QLI
4.65,4.65,4.65,4.65,200,2021-06-02 17:55:00,QLI
4.66,4.66,4.66,4.66,400,2021-06-02 17:56:00,QLI
4.65,4.65,4.65,4.65,200,2021-06-02 17:57:00,QLI
4.665,4.665,4.665,4.665,100,2021-06-02 17:58:00,QLI
4.665,4.68,4.66,4.68,500,2021-06-02 17:59:00,QLI
4.65,4.67,4.65,4.67,200,2021-06-02 18:00:00,QLI
4.67,4.67,4.67,4.67,300,2021-06-02 18:01:00,QLI
4.67,4.67,4.67,4.67,100,2021-06-02 18:02:00,QLI
4.69,4.69,4.69,4.69,100,2021-06-02 18:03:00,QLI
4.695,4.695,4.695,4.695,100,2021-06-02 18:04:00,QLI
4.655,4.7,4.655,4.7,600,2021-06-02 18:05:00,QLI
4.7,4.7,4.69,4.69,200,2021-06-02 18:06:00,QLI
4.695,4.7,4.695,4.7,400,2021-06-02 18:07:00,QLI
4.695,4.695,4.695,4.695,200,2021-06-02 18:08:00,QLI
4.7,4.7,4.7,4.7,200,2021-06-02 18:09:00,QLI
4.7,4.7,4.7,4.7,200,2021-06-02 18:10:00,QLI
4.7,4.7,4.7,4.7,200,2021-06-02 18:11:00,QLI
4.7,4.7,4.7,4.7,300,2021-06-02 18:12:00,QLI
4.7,4.7,4.7,4.7,500,2021-06-02 18:13:00,QLI
4.7,4.8,4.7,4.8,300,2021-06-02 18:14:00,QLI
4.8999,4.8999,4.8999,4.8999,350,2021-06-02 18:16:00,QLI
4.7245,4.7245,4.7245,4.7245,165,2021-06-02 18:37:00,QLI
4.8,4.8,4.8,4.8,200,2021-06-02 18:38:00,QLI
4.8,4.8,4.79,4.79,710,2021-06-02 18:53:00,QLI
4.7865,4.79,4.7865,4.79,600,2021-06-02 18:55:00,QLI
4.79,4.79,4.78,4.78,597,2021-06-02 18:56:00,QLI
4.78,4.78,4.78,4.78,100,2021-06-02 18:57:00,QLI
4.7873,4.7873,4.78,4.78,300,2021-06-02 18:58:00,QLI
4.7873,4.7873,4.7873,4.7873,200,2021-06-02 18:59:00,QLI
4.79,4.79,4.79,4.79,200,2021-06-02 19:00:00,QLI
4.7973,4.8,4.7973,4.8,400,2021-06-02 19:01:00,QLI
4.79,4.8,4.79,4.8,400,2021-06-02 19:02:00,QLI
4.8,4.8,4.8,4.8,500,2021-06-02 19:04:00,QLI
4.8,4.8,4.8,4.8,506,2021-06-02 19:05:00,QLI
4.8,4.8,4.8,4.8,250,2021-06-02 19:07:00,QLI
4.8001,4.8001,4.8001,4.8001,220,2021-06-02 19:13:00,QLI
4.81,4.81,4.81,4.81,200,2021-06-02 19:19:00,QLI
4.8035,4.81,4.8,4.81,1203,2021-06-02 19:20:00,QLI
4.8,4.8,4.79,4.79,1850,2021-06-02 19:27:00,QLI
4.8,4.8,4.8,4.8,200,2021-06-02 19:29:00,QLI
4.8,4.8,4.8,4.8,100,2021-06-02 19:30:00,QLI
4.79,4.8,4.79,4.8,400,2021-06-02 19:32:00,QLI
4.79,4.79,4.79,4.79,400,2021-06-02 19:33:00,QLI
4.79,4.8,4.79,4.8,300,2021-06-02 19:34:00,QLI
4.8,4.8,4.8,4.8,100,2021-06-02 19:35:00,QLI
4.8,4.8,4.8,4.8,300,2021-06-02 19:36:00,QLI
4.8,4.8,4.8,4.8,100,2021-06-02 19:37:00,QLI
4.8,4.8,4.8,4.8,200,2021-06-02 19:38:00,QLI
4.8,4.8,4.8,4.8,200,2021-06-02 19:39:00,QLI
4.8,4.8,4.8,4.8,100,2021-06-02 19:41:00,QLI
4.8,4.8,4.79,4.79,200,2021-06-02 19:42:00,QLI
4.8,4.8,4.8,4.8,200,2021-06-02 19:43:00,QLI
4.8,4.8,4.8,4.8,200,2021-06-02 19:45:00,QLI
4.8,4.8,4.8,4.8,200,2021-06-02 19:46:00,QLI
4.8,4.8,4.8,4.8,300,2021-06-02 19:48:00,QLI
4.8,4.8,4.8,4.8,100,2021-06-02 19:49:00,QLI
4.8,4.8,4.8,4.8,100,2021-06-02 19:50:00,QLI
4.8,4.8,4.8,4.8,200,2021-06-02 19:52:00,QLI
4.7965,4.8,4.7965,4.8,200,2021-06-02 19:53:00,QLI
4.8,4.8,4.8,4.8,215,2021-06-02 19:54:00,QLI
4.8,4.8,4.75,4.75,225,2021-06-02 19:56:00,QLI
4.8,4.8,4.8,4.8,500,2021-06-02 19:58:00,QLI
4.8,4.8,4.8,4.8,318,2021-06-02 19:59:00,QLI
4.8,4.8,4.8,4.8,164,2021-06-02 20:00:00,QLI
4.8,4.8,4.8,4.8,100,2021-06-02 21:07:00,QLI
4.8,4.8,4.8,4.8,326,2021-06-03 13:30:00,QLI
4.78,4.79,4.76,4.76,1100,2021-06-03 13:39:00,QLI
4.79,4.79,4.79,4.79,100,2021-06-03 13:42:00,QLI
4.75,4.75,4.75,4.75,100,2021-06-03 13:43:00,QLI
4.7535,4.76,4.75,4.76,700,2021-06-03 13:48:00,QLI
4.79,4.79,4.75,4.75,200,2021-06-03 13:50:00,QLI
4.74,4.74,4.74,4.74,100,2021-06-03 13:53:00,QLI
4.72,4.72,4.72,4.72,100,2021-06-03 13:56:00,QLI
4.72,4.7899,4.72,4.7899,205,2021-06-03 14:02:00,QLI
4.76,4.77,4.76,4.77,1500,2021-06-03 14:08:00,QLI
4.73,4.73,4.73,4.73,140,2021-06-03 14:09:00,QLI
4.73,4.73,4.73,4.73,100,2021-06-03 14:11:00,QLI
4.77,4.77,4.77,4.77,100,2021-06-03 14:15:00,QLI
4.741,4.741,4.7,4.7,7365,2021-06-03 14:19:00,QLI
4.7001,4.7001,4.7001,4.7001,100,2021-06-03 14:25:00,QLI
4.7001,4.7001,4.7001,4.7001,400,2021-06-03 14:27:00,QLI
4.71,4.71,4.71,4.71,100,2021-06-03 14:28:00,QLI
4.79,4.79,4.79,4.79,100,2021-06-03 14:33:00,QLI
4.71,4.71,4.71,4.71,100,2021-06-03 14:39:00,QLI
4.76,4.77,4.76,4.77,200,2021-06-03 14:40:00,QLI
4.72,4.72,4.72,4.72,100,2021-06-03 14:46:00,QLI
4.77,4.77,4.77,4.77,500,2021-06-03 14:51:00,QLI
4.77,4.77,4.77,4.77,100,2021-06-03 14:55:00,QLI
4.8,4.8,4.8,4.8,100,2021-06-03 14:56:00,QLI
4.77,4.77,4.77,4.77,300,2021-06-03 15:01:00,QLI
4.77,4.77,4.77,4.77,100,2021-06-03 15:03:00,QLI
4.8,4.8,4.8,4.8,100,2021-06-03 15:04:00,QLI
4.8,4.8,4.8,4.8,100,2021-06-03 15:12:00,QLI
4.77,4.77,4.77,4.77,100,2021-06-03 15:18:00,QLI
4.77,4.77,4.77,4.77,400,2021-06-03 15:19:00,QLI
4.77,4.77,4.77,4.77,100,2021-06-03 15:27:00,QLI
4.7419,4.7419,4.7419,4.7419,100,2021-06-03 15:29:00,QLI
4.77,4.77,4.77,4.77,100,2021-06-03 15:35:00,QLI
4.7201,4.7201,4.7201,4.7201,388,2021-06-03 15:36:00,QLI
4.73,4.73,4.73,4.73,100,2021-06-03 15:38:00,QLI
4.77,4.77,4.77,4.77,100,2021-06-03 15:42:00,QLI
4.78,4.78,4.78,4.78,100,2021-06-03 15:50:00,QLI
4.73,4.73,4.73,4.73,100,2021-06-03 15:51:00,QLI
4.7201,4.7201,4.7201,4.7201,400,2021-06-03 15:54:00,QLI
4.78,4.78,4.78,4.78,100,2021-06-03 15:56:00,QLI
4.79,4.79,4.79,4.79,100,2021-06-03 16:04:00,QLI
4.73,4.73,4.73,4.73,100,2021-06-03 16:05:00,QLI
4.77,4.77,4.77,4.77,100,2021-06-03 16:10:00,QLI
4.74,4.74,4.74,4.74,100,2021-06-03 16:14:00,QLI
4.73,4.73,4.73,4.73,100,2021-06-03 16:20:00,QLI
4.73,4.73,4.73,4.73,100,2021-06-03 16:21:00,QLI
4.72,4.72,4.72,4.72,100,2021-06-03 16:25:00,QLI
4.71,4.71,4.71,4.71,352,2021-06-03 16:31:00,QLI
4.705,4.705,4.705,4.705,100,2021-06-03 16:37:00,QLI
4.7,4.7,4.7,4.7,100,2021-06-03 16:57:00,QLI
4.7099,4.7099,4.7099,4.7099,1000,2021-06-03 17:07:00,QLI
4.71,4.71,4.71,4.71,100,2021-06-03 17:08:00,QLI
4.7006,4.7006,4.7006,4.7006,1000,2021-06-03 17:15:00,QLI
4.705,4.705,4.705,4.705,100,2021-06-03 17:17:00,QLI
4.71,4.72,4.71,4.72,2605,2021-06-03 17:18:00,QLI
4.75,4.75,4.75,4.75,100,2021-06-03 17:23:00,QLI
4.75,4.75,4.75,4.75,100,2021-06-03 17:27:00,QLI
4.75,4.75,4.75,4.75,100,2021-06-03 17:31:00,QLI
4.75,4.75,4.749,4.749,400,2021-06-03 17:35:00,QLI
4.75,4.75,4.75,4.75,200,2021-06-03 17:36:00,QLI
4.78,4.78,4.78,4.78,100,2021-06-03 17:39:00,QLI
4.7501,4.7501,4.7501,4.7501,200,2021-06-03 17:45:00,QLI
4.7501,4.7501,4.7501,4.7501,108,2021-06-03 17:52:00,QLI
4.76,4.76,4.76,4.76,100,2021-06-03 17:56:00,QLI
4.77,4.77,4.76,4.76,300,2021-06-03 17:58:00,QLI
4.7201,4.74,4.72,4.72,400,2021-06-03 18:07:00,QLI
4.7149,4.7149,4.7149,4.7149,200,2021-06-03 18:17:00,QLI
4.71,4.71,4.71,4.71,100,2021-06-03 18:23:00,QLI
4.71,4.71,4.71,4.71,500,2021-06-03 18:41:00,QLI
4.71,4.71,4.71,4.71,100,2021-06-03 19:16:00,QLI
4.71,4.71,4.71,4.71,300,2021-06-03 19:32:00,QLI
4.71,4.71,4.71,4.71,400,2021-06-03 19:35:00,QLI
4.72,4.76,4.72,4.76,700,2021-06-03 19:36:00,QLI
4.755,4.755,4.755,4.755,100,2021-06-03 19:38:00,QLI
4.77,4.77,4.77,4.77,100,2021-06-03 19:39:00,QLI
4.77,4.77,4.77,4.77,100,2021-06-03 19:40:00,QLI
4.77,4.77,4.77,4.77,100,2021-06-03 19:51:00,QLI
4.76,4.76,4.76,4.76,100,2021-06-03 19:56:00,QLI
4.76,4.76,4.76,4.76,200,2021-06-03 19:58:00,QLI
4.765,4.77,4.765,4.77,1035,2021-06-03 19:59:00,QLI
4.77,4.77,4.77,4.77,316,2021-06-03 20:00:00,QLI
4.82,4.82,4.82,4.82,100,2021-06-04 13:30:00,QLI
4.82,4.82,4.81,4.82,700,2021-06-04 13:44:00,QLI
4.82,4.8205,4.82,4.8205,799,2021-06-04 13:45:00,QLI
4.78,4.78,4.78,4.78,100,2021-06-04 13:46:00,QLI
4.77,4.77,4.77,4.77,300,2021-06-04 13:51:00,QLI
4.7735,4.78,4.77,4.77,940,2021-06-04 13:55:00,QLI
4.7335,4.74,4.73,4.73,400,2021-06-04 13:59:00,QLI
4.73,4.73,4.73,4.73,100,2021-06-04 14:04:00,QLI
4.75,4.75,4.75,4.75,250,2021-06-04 14:09:00,QLI
4.79,4.8,4.79,4.8,300,2021-06-04 14:11:00,QLI
4.8,4.8,4.7973,4.8,500,2021-06-04 14:19:00,QLI
4.81,4.82,4.7763,4.82,1300,2021-06-04 14:20:00,QLI
4.82,4.86,4.81,4.86,3478,2021-06-04 14:21:00,QLI
4.88,4.93,4.88,4.93,3551,2021-06-04 14:22:00,QLI
4.9123,4.98,4.9123,4.9752,4000,2021-06-04 14:23:00,QLI
4.95,4.979,4.95,4.979,1900,2021-06-04 14:24:00,QLI
4.95,4.95,4.9473,4.9473,1700,2021-06-04 14:26:00,QLI
4.9027,4.95,4.9027,4.95,1871,2021-06-04 14:27:00,QLI
4.95,4.95,4.95,4.95,402,2021-06-04 14:28:00,QLI
4.98,4.99,4.9799,4.99,5890,2021-06-04 14:30:00,QLI
4.98,4.9811,4.98,4.9811,300,2021-06-04 14:31:00,QLI
4.98,4.98,4.98,4.98,2900,2021-06-04 14:34:00,QLI
4.95,4.95,4.95,4.95,106,2021-06-04 14:40:00,QLI
4.9527,4.9527,4.95,4.95,300,2021-06-04 14:41:00,QLI
4.9527,4.9527,4.95,4.95,300,2021-06-04 14:42:00,QLI
4.95,4.95,4.95,4.95,300,2021-06-04 14:43:00,QLI
4.95,4.95,4.95,4.95,331,2021-06-04 14:49:00,QLI
4.95,4.95,4.94,4.94,500,2021-06-04 14:50:00,QLI
4.9501,4.9501,4.9501,4.9501,100,2021-06-04 14:51:00,QLI
4.95,4.95,4.9123,4.95,323,2021-06-04 14:52:00,QLI
4.95,4.95,4.95,4.95,100,2021-06-04 14:53:00,QLI
4.95,4.95,4.9,4.95,600,2021-06-04 14:55:00,QLI
4.91,4.91,4.91,4.91,600,2021-06-04 14:59:00,QLI
4.9426,4.9426,4.9426,4.9426,100,2021-06-04 15:00:00,QLI
4.911,4.911,4.91,4.91,550,2021-06-04 15:10:00,QLI
4.9006,4.9006,4.9,4.9,1453,2021-06-04 15:11:00,QLI
4.9,4.9,4.9,4.9,600,2021-06-04 15:20:00,QLI
4.86,4.86,4.845,4.845,5500,2021-06-04 15:27:00,QLI
4.8999,4.8999,4.8999,4.8999,100,2021-06-04 15:29:00,QLI
4.8427,4.85,4.8427,4.85,200,2021-06-04 15:36:00,QLI
4.85,4.85,4.85,4.85,1000,2021-06-04 15:39:00,QLI
4.85,4.85,4.85,4.85,500,2021-06-04 15:45:00,QLI
4.887,4.887,4.887,4.887,500,2021-06-04 15:47:00,QLI
4.85,4.85,4.85,4.85,100,2021-06-04 15:55:00,QLI
4.85,4.85,4.84,4.84,900,2021-06-04 16:00:00,QLI
4.86,4.86,4.86,4.86,100,2021-06-04 16:08:00,QLI
4.86,4.8605,4.86,4.8605,806,2021-06-04 16:12:00,QLI
4.84,4.84,4.84,4.84,100,2021-06-04 16:37:00,QLI
4.85,4.85,4.84,4.84,360,2021-06-04 16:44:00,QLI
4.8227,4.8227,4.82,4.82,1640,2021-06-04 16:45:00,QLI
4.82,4.82,4.82,4.82,1345,2021-06-04 16:48:00,QLI
4.85,4.89,4.85,4.89,1000,2021-06-04 17:01:00,QLI
4.82,4.82,4.82,4.82,100,2021-06-04 17:32:00,QLI
4.85,4.85,4.85,4.85,240,2021-06-04 17:43:00,QLI
4.81,4.81,4.81,4.81,300,2021-06-04 17:51:00,QLI
4.86,4.86,4.86,4.86,100,2021-06-04 18:07:00,QLI
4.8599,4.8599,4.8599,4.8599,2470,2021-06-04 18:09:00,QLI
4.81,4.81,4.81,4.81,100,2021-06-04 18:18:00,QLI
4.8101,4.8101,4.8101,4.8101,433,2021-06-04 18:22:00,QLI
4.81,4.86,4.81,4.86,600,2021-06-04 18:28:00,QLI
4.86,4.86,4.82,4.82,200,2021-06-04 18:48:00,QLI
4.82,4.82,4.82,4.82,599,2021-06-04 18:58:00,QLI
4.81,4.81,4.81,4.81,100,2021-06-04 19:08:00,QLI
4.835,4.835,4.835,4.835,103,2021-06-04 19:10:00,QLI
4.86,4.86,4.86,4.86,100,2021-06-04 19:29:00,QLI
4.81,4.81,4.81,4.81,726,2021-06-04 19:36:00,QLI
4.81,4.8101,4.8,4.8,2562,2021-06-04 19:46:00,QLI
4.8,4.8,4.8,4.8,100,2021-06-04 19:47:00,QLI
4.8,4.8,4.8,4.8,100,2021-06-04 19:51:00,QLI
4.8,4.85,4.8,4.85,200,2021-06-04 19:54:00,QLI
4.8,4.85,4.8,4.85,200,2021-06-04 19:56:00,QLI
4.85,4.85,4.85,4.85,100,2021-06-04 19:58:00,QLI
4.8,4.8,4.8,4.8,577,2021-06-04 19:59:00,QLI
4.85,4.85,4.85,4.85,219,2021-06-04 20:00:00,QLI
4.85,4.85,4.85,4.85,100,2021-06-07 13:11:00,QLI
4.85,4.85,4.85,4.85,662,2021-06-07 13:30:00,QLI
4.8535,4.86,4.81,4.81,1058,2021-06-07 13:38:00,QLI
4.83,4.83,4.83,4.83,1111,2021-06-07 13:39:00,QLI
4.8299,4.8299,4.8299,4.8299,1000,2021-06-07 13:40:00,QLI
4.81,4.81,4.81,4.81,100,2021-06-07 13:43:00,QLI
4.81,4.81,4.81,4.81,437,2021-06-07 13:45:00,QLI
4.7501,4.7501,4.7501,4.7501,5000,2021-06-07 13:46:00,QLI
4.76,4.77,4.75,4.75,11148,2021-06-07 13:47:00,QLI
4.81,4.81,4.73,4.73,7556,2021-06-07 13:48:00,QLI
4.7465,4.75,4.73,4.75,2815,2021-06-07 13:58:00,QLI
4.7451,4.75,4.745,4.75,7396,2021-06-07 14:01:00,QLI
4.9691,4.9691,4.9691,4.9691,500,2021-06-07 14:04:00,QLI
4.78,4.78,4.78,4.78,103,2021-06-07 14:06:00,QLI
4.81,4.81,4.81,4.81,100,2021-06-07 14:12:00,QLI
4.82,4.82,4.82,4.82,100,2021-06-07 14:13:00,QLI
4.808,4.808,4.808,4.808,200,2021-06-07 14:21:00,QLI
4.78,4.78,4.75,4.75,1400,2021-06-07 14:32:00,QLI
4.76,4.7885,4.75,4.7885,2764,2021-06-07 14:33:00,QLI
4.78,4.78,4.78,4.78,1000,2021-06-07 14:34:00,QLI
4.79,4.79,4.79,4.79,200,2021-06-07 14:38:00,QLI
4.7821,4.7821,4.78,4.78,3000,2021-06-07 14:39:00,QLI
4.79,4.79,4.78,4.78,2000,2021-06-07 15:05:00,QLI
4.8146,4.8146,4.8146,4.8146,100,2021-06-07 15:07:00,QLI
4.79,4.79,4.79,4.79,200,2021-06-07 15:08:00,QLI
4.81,4.81,4.81,4.81,800,2021-06-07 15:21:00,QLI
4.85,4.85,4.85,4.85,100,2021-06-07 15:23:00,QLI
4.8,4.8,4.8,4.8,100,2021-06-07 15:45:00,QLI
4.8353,4.8353,4.8353,4.8353,200,2021-06-07 16:21:00,QLI
4.83,4.83,4.83,4.83,100,2021-06-07 16:37:00,QLI
4.79,4.79,4.79,4.79,200,2021-06-07 17:05:00,QLI
4.8,4.8,4.8,4.8,1000,2021-06-07 17:20:00,QLI
4.8,4.8,4.78,4.78,1393,2021-06-07 17:26:00,QLI
4.71,4.71,4.71,4.71,760,2021-06-07 17:34:00,QLI
4.73,4.73,4.73,4.73,400,2021-06-07 17:48:00,QLI
4.77,4.77,4.77,4.77,1000,2021-06-07 17:53:00,QLI
4.79,4.79,4.79,4.79,104,2021-06-07 17:54:00,QLI
4.765,4.765,4.765,4.765,105,2021-06-07 18:17:00,QLI
4.7786,4.7786,4.7786,4.7786,500,2021-06-07 18:48:00,QLI
4.78,4.78,4.78,4.78,100,2021-06-07 18:59:00,QLI
4.8,4.8,4.8,4.8,465,2021-06-07 19:14:00,QLI
4.87,4.87,4.87,4.87,534,2021-06-07 19:45:00,QLI
4.8,4.8042,4.8,4.8042,638,2021-06-07 19:46:00,QLI
4.81,4.81,4.8,4.8,800,2021-06-07 19:47:00,QLI
4.8584,4.8584,4.8584,4.8584,3200,2021-06-07 19:51:00,QLI
4.81,4.81,4.81,4.81,545,2021-06-07 19:54:00,QLI
4.8,4.8108,4.8,4.81,980,2021-06-07 19:57:00,QLI
4.8,4.8,4.8,4.8,226,2021-06-07 19:59:00,QLI
4.8,4.8,4.8,4.8,200,2021-06-08 08:31:00,QLI
4.8,4.8,4.8,4.8,200,2021-06-08 08:34:00,QLI
4.59,4.59,4.53,4.53,4813,2021-06-08 13:31:00,QLI
4.78,4.78,4.78,4.78,100,2021-06-08 13:34:00,QLI
4.5873,4.5873,4.5873,4.5873,196,2021-06-08 13:35:00,QLI
4.7999,4.7999,4.7999,4.7999,500,2021-06-08 13:39:00,QLI
4.6792,4.6792,4.6792,4.6792,130,2021-06-08 13:42:00,QLI
4.6701,4.69,4.6701,4.69,800,2021-06-08 13:43:00,QLI
4.7735,4.7735,4.7735,4.7735,200,2021-06-08 13:51:00,QLI
4.71,4.7108,4.7,4.7108,2600,2021-06-08 13:55:00,QLI
4.75,4.78,4.75,4.78,1500,2021-06-08 14:06:00,QLI
4.8465,4.85,4.82,4.85,1800,2021-06-08 14:07:00,QLI
4.8465,4.88,4.84,4.87,2100,2021-06-08 14:08:00,QLI
4.88,4.91,4.8656,4.91,2010,2021-06-08 14:09:00,QLI
4.94,4.94,4.9192,4.9288,1700,2021-06-08 14:10:00,QLI
4.9272,4.95,4.905,4.905,1937,2021-06-08 14:11:00,QLI
4.925,4.98,4.925,4.98,1901,2021-06-08 14:12:00,QLI
4.99,4.99,4.9865,4.9873,1700,2021-06-08 14:13:00,QLI
4.9873,4.9873,4.98,4.98,700,2021-06-08 14:14:00,QLI
4.9,4.9,4.9,4.9,782,2021-06-08 14:20:00,QLI
4.96,4.97,4.96,4.97,200,2021-06-08 14:30:00,QLI
4.91,4.97,4.85,4.85,1807,2021-06-08 14:35:00,QLI
4.85,4.85,4.85,4.85,300,2021-06-08 14:37:00,QLI
4.9593,4.9593,4.9593,4.9593,100,2021-06-08 14:39:00,QLI
4.8627,4.8627,4.85,4.8501,3500,2021-06-08 14:53:00,QLI
4.88,4.88,4.88,4.88,100,2021-06-08 14:58:00,QLI
4.8,4.81,4.8,4.8,1500,2021-06-08 15:19:00,QLI
4.7945,4.7945,4.76,4.76,200,2021-06-08 15:23:00,QLI
4.75,4.75,4.75,4.75,930,2021-06-08 15:26:00,QLI
4.78,4.78,4.71,4.71,400,2021-06-08 16:17:00,QLI
4.75,4.75,4.75,4.75,400,2021-06-08 16:24:00,QLI
4.745,4.745,4.745,4.745,100,2021-06-08 16:39:00,QLI
4.72,4.72,4.72,4.72,400,2021-06-08 16:45:00,QLI
4.745,4.745,4.745,4.745,200,2021-06-08 17:03:00,QLI
4.77,4.77,4.755,4.755,300,2021-06-08 17:10:00,QLI
4.76,4.77,4.76,4.77,800,2021-06-08 17:11:00,QLI
4.7744,4.7744,4.7744,4.7744,499,2021-06-08 17:29:00,QLI
4.8,4.8,4.78,4.78,750,2021-06-08 18:37:00,QLI
4.78,4.78,4.78,4.78,710,2021-06-08 19:29:00,QLI
4.7801,4.7801,4.7801,4.7801,800,2021-06-08 19:41:00,QLI
4.85,4.85,4.85,4.85,100,2021-06-08 19:44:00,QLI
4.815,4.815,4.815,4.815,200,2021-06-08 19:46:00,QLI
4.815,4.85,4.815,4.85,200,2021-06-08 19:47:00,QLI
4.84,4.85,4.82,4.8324,1600,2021-06-08 19:48:00,QLI
4.8538,4.8538,4.8538,4.8538,165,2021-06-08 19:49:00,QLI
4.82,4.82,4.82,4.82,100,2021-06-08 19:52:00,QLI
4.82,4.82,4.79,4.79,455,2021-06-08 19:55:00,QLI
4.79,4.84,4.79,4.84,225,2021-06-08 19:57:00,QLI
4.84,4.84,4.84,4.84,220,2021-06-08 20:00:00,QLI
4.63,4.63,4.63,4.63,187,2021-06-09 11:58:00,QLI
4.9799,4.98,4.9799,4.98,200,2021-06-09 12:44:00,QLI
4.95,4.95,4.95,4.95,100,2021-06-09 12:56:00,QLI
4.94,4.95,4.94,4.95,2000,2021-06-09 13:24:00,QLI
4.94,4.94,4.94,4.94,100,2021-06-09 13:33:00,QLI
4.885,4.885,4.885,4.885,343,2021-06-09 13:37:00,QLI
4.86,4.86,4.78,4.78,4900,2021-06-09 13:48:00,QLI
4.75,4.78,4.75,4.75,500,2021-06-09 13:49:00,QLI
4.7965,4.8,4.78,4.79,6433,2021-06-09 13:59:00,QLI
4.82,4.82,4.8,4.8,1315,2021-06-09 14:01:00,QLI
4.8004,4.8004,4.8,4.8,2400,2021-06-09 14:05:00,QLI
4.81,4.81,4.81,4.81,500,2021-06-09 14:11:00,QLI
4.805,4.81,4.805,4.81,377,2021-06-09 14:13:00,QLI
4.8001,4.8002,4.8,4.8002,1960,2021-06-09 14:14:00,QLI
4.79,4.79,4.79,4.79,500,2021-06-09 14:17:00,QLI
4.78,4.78,4.78,4.78,1100,2021-06-09 14:19:00,QLI
4.78,4.78,4.78,4.78,100,2021-06-09 14:23:00,QLI
4.77,4.77,4.77,4.77,200,2021-06-09 14:30:00,QLI
4.77,4.77,4.77,4.77,300,2021-06-09 14:31:00,QLI
4.77,4.77,4.765,4.77,400,2021-06-09 14:35:00,QLI
4.765,4.765,4.765,4.765,100,2021-06-09 14:37:00,QLI
4.7616,4.7616,4.7616,4.7616,300,2021-06-09 14:38:00,QLI
4.7606,4.7606,4.7606,4.7606,130,2021-06-09 14:42:00,QLI
4.765,4.765,4.765,4.765,250,2021-06-09 14:45:00,QLI
4.79,4.79,4.79,4.79,138,2021-06-09 14:50:00,QLI
4.77,4.77,4.77,4.77,100,2021-06-09 14:59:00,QLI
4.7601,4.7601,4.76,4.76,1500,2021-06-09 15:00:00,QLI
4.765,4.765,4.765,4.765,200,2021-06-09 15:08:00,QLI
4.76,4.76,4.76,4.76,453,2021-06-09 15:18:00,QLI
4.7695,4.7695,4.7695,4.7695,500,2021-06-09 15:19:00,QLI
4.7697,4.7697,4.7697,4.7697,1000,2021-06-09 15:24:00,QLI
4.765,4.765,4.765,4.765,100,2021-06-09 15:29:00,QLI
4.7606,4.7606,4.7606,4.7606,100,2021-06-09 15:30:00,QLI
4.76,4.76,4.76,4.76,141,2021-06-09 15:32:00,QLI
4.7608,4.7608,4.7608,4.7608,300,2021-06-09 15:35:00,QLI
4.76,4.76,4.76,4.76,847,2021-06-09 15:38:00,QLI
4.76,4.76,4.76,4.76,100,2021-06-09 15:41:00,QLI
4.768,4.768,4.768,4.768,206,2021-06-09 15:49:00,QLI
4.76,4.76,4.76,4.76,100,2021-06-09 16:09:00,QLI
4.75,4.76,4.75,4.76,839,2021-06-09 16:40:00,QLI
4.75,4.75,4.74,4.74,6248,2021-06-09 16:47:00,QLI
4.755,4.755,4.755,4.755,100,2021-06-09 16:54:00,QLI
4.77,4.77,4.77,4.77,1600,2021-06-09 16:58:00,QLI
4.77,4.77,4.77,4.77,100,2021-06-09 17:00:00,QLI
4.75,4.75,4.75,4.75,128,2021-06-09 17:44:00,QLI
4.7528,4.7532,4.7528,4.7532,400,2021-06-09 17:54:00,QLI
4.75,4.75,4.75,4.75,229,2021-06-09 17:56:00,QLI
4.75,4.75,4.75,4.75,136,2021-06-09 18:10:00,QLI
4.7689,4.7689,4.7689,4.7689,250,2021-06-09 18:13:00,QLI
4.75,4.75,4.75,4.75,232,2021-06-09 18:26:00,QLI
4.76,4.76,4.751,4.751,400,2021-06-09 18:29:00,QLI
4.76,4.76,4.76,4.76,275,2021-06-09 18:33:00,QLI
4.77,4.77,4.76,4.76,294,2021-06-09 18:43:00,QLI
4.75,4.75,4.75,4.75,126,2021-06-09 18:44:00,QLI
4.76,4.76,4.76,4.76,300,2021-06-09 18:46:00,QLI
4.7688,4.7688,4.7688,4.7688,100,2021-06-09 18:49:00,QLI
4.77,4.77,4.77,4.77,100,2021-06-09 18:57:00,QLI
4.75,4.75,4.75,4.75,100,2021-06-09 19:04:00,QLI
4.76,4.76,4.76,4.76,305,2021-06-09 19:08:00,QLI
4.75,4.75,4.75,4.75,178,2021-06-09 19:27:00,QLI
4.74,4.77,4.74,4.77,400,2021-06-09 19:43:00,QLI
4.74,4.75,4.74,4.75,507,2021-06-09 19:59:00,QLI
4.75,4.75,4.75,4.75,3950,2021-06-09 20:16:00,QLI
4.75,4.75,4.74,4.74,1902,2021-06-10 11:00:00,QLI
4.75,4.75,4.75,4.75,300,2021-06-10 12:05:00,QLI
4.75,4.75,4.75,4.75,500,2021-06-10 12:43:00,QLI
4.75,4.75,4.75,4.75,300,2021-06-10 12:44:00,QLI
4.8432,4.8432,4.8432,4.8432,208,2021-06-10 13:38:00,QLI
4.77,4.77,4.7501,4.7501,4100,2021-06-10 13:45:00,QLI
4.7501,4.7501,4.7501,4.7501,2000,2021-06-10 13:46:00,QLI
4.8427,4.8427,4.8427,4.8427,208,2021-06-10 13:47:00,QLI
4.842,4.842,4.842,4.842,150,2021-06-10 13:49:00,QLI
4.7601,4.7601,4.7601,4.7601,500,2021-06-10 13:55:00,QLI
4.77,4.77,4.75,4.75,2880,2021-06-10 13:56:00,QLI
4.76,4.76,4.76,4.76,486,2021-06-10 14:10:00,QLI
4.84,4.84,4.84,4.84,500,2021-06-10 14:12:00,QLI
4.7631,4.7631,4.7631,4.7631,1111,2021-06-10 14:14:00,QLI
4.7666,4.7666,4.7666,4.7666,222,2021-06-10 14:15:00,QLI
4.7601,4.7601,4.73,4.73,17413,2021-06-10 14:16:00,QLI
4.73,4.73,4.73,4.73,866,2021-06-10 14:22:00,QLI
4.72,4.748,4.72,4.721,1154,2021-06-10 14:30:00,QLI
4.72,4.72,4.72,4.72,100,2021-06-10 14:32:00,QLI
4.71,4.71,4.71,4.71,145,2021-06-10 14:41:00,QLI
4.7104,4.7104,4.7104,4.7104,550,2021-06-10 14:43:00,QLI
4.71,4.71,4.71,4.71,200,2021-06-10 14:46:00,QLI
4.71,4.71,4.71,4.71,300,2021-06-10 14:49:00,QLI
4.71,4.71,4.71,4.71,355,2021-06-10 14:50:00,QLI
4.7,4.7,4.69,4.69,1420,2021-06-10 14:51:00,QLI
4.7,4.7,4.7,4.7,542,2021-06-10 14:55:00,QLI
4.715,4.715,4.715,4.715,121,2021-06-10 14:57:00,QLI
4.7,4.7,4.7,4.7,1258,2021-06-10 14:59:00,QLI
4.7001,4.7001,4.7001,4.7001,255,2021-06-10 15:03:00,QLI
4.71,4.71,4.7073,4.7073,600,2021-06-10 15:11:00,QLI
4.69,4.6905,4.68,4.68,2725,2021-06-10 15:55:00,QLI
4.67,4.67,4.67,4.67,1187,2021-06-10 16:08:00,QLI
4.69,4.69,4.69,4.69,100,2021-06-10 16:14:00,QLI
4.65,4.65,4.65,4.65,100,2021-06-10 16:26:00,QLI
4.6499,4.6499,4.6499,4.6499,1075,2021-06-10 16:43:00,QLI
4.65,4.65,4.65,4.65,100,2021-06-10 17:13:00,QLI
4.61,4.61,4.61,4.61,100,2021-06-10 17:26:00,QLI
4.6253,4.6253,4.6253,4.6253,100,2021-06-10 17:35:00,QLI
4.6299,4.6299,4.6299,4.6299,1000,2021-06-10 17:36:00,QLI
4.61,4.61,4.61,4.61,429,2021-06-10 17:37:00,QLI
4.64,4.6576,4.64,4.6576,2000,2021-06-10 17:45:00,QLI
4.6576,4.6576,4.6576,4.6576,400,2021-06-10 17:49:00,QLI
4.62,4.62,4.62,4.62,100,2021-06-10 18:32:00,QLI
4.6,4.61,4.6,4.61,1720,2021-06-10 18:40:00,QLI
4.6389,4.6389,4.6389,4.6389,100,2021-06-10 18:57:00,QLI
4.6713,4.6713,4.6713,4.6713,100,2021-06-10 19:02:00,QLI
4.6778,4.69,4.6778,4.69,200,2021-06-10 19:03:00,QLI
4.65,4.65,4.62,4.62,404,2021-06-10 19:42:00,QLI
4.625,4.625,4.625,4.625,100,2021-06-10 19:43:00,QLI
4.67,4.67,4.64,4.65,10845,2021-06-11 13:39:00,QLI
4.64,4.64,4.64,4.64,9978,2021-06-11 13:40:00,QLI
4.62,4.63,4.62,4.6201,20100,2021-06-11 13:48:00,QLI
4.63,4.63,4.58,4.62,14500,2021-06-11 13:49:00,QLI
4.6,4.6,4.6,4.6,100,2021-06-11 13:55:00,QLI
4.58,4.58,4.52,4.52,7422,2021-06-11 13:57:00,QLI
4.56,4.56,4.56,4.56,110,2021-06-11 13:58:00,QLI
4.6,4.6,4.6,4.6,100,2021-06-11 14:02:00,QLI
4.6,4.6,4.6,4.6,800,2021-06-11 14:05:00,QLI
4.6,4.6,4.6,4.6,100,2021-06-11 14:08:00,QLI
4.62,4.62,4.62,4.62,100,2021-06-11 14:10:00,QLI
4.6,4.6,4.6,4.6,100,2021-06-11 14:20:00,QLI
4.58,4.58,4.58,4.58,100,2021-06-11 14:26:00,QLI
4.6,4.6,4.6,4.6,160,2021-06-11 14:27:00,QLI
4.6,4.6,4.6,4.6,100,2021-06-11 14:33:00,QLI
4.6,4.6,4.6,4.6,600,2021-06-11 14:34:00,QLI
4.61,4.62,4.61,4.62,600,2021-06-11 14:39:00,QLI
4.6173,4.62,4.61,4.62,600,2021-06-11 14:40:00,QLI
4.6,4.6,4.6,4.6,100,2021-06-11 14:41:00,QLI
4.595,4.62,4.595,4.62,600,2021-06-11 14:43:00,QLI
4.6173,4.62,4.61,4.62,800,2021-06-11 14:45:00,QLI
4.6181,4.6181,4.6181,4.6181,500,2021-06-11 14:54:00,QLI
4.595,4.62,4.595,4.61,600,2021-06-11 14:56:00,QLI
4.6173,4.62,4.61,4.62,600,2021-06-11 14:57:00,QLI
4.6244,4.6244,4.6244,4.6244,130,2021-06-11 15:02:00,QLI
4.62,4.62,4.62,4.62,100,2021-06-11 15:05:00,QLI
4.62,4.62,4.58,4.58,1792,2021-06-11 15:08:00,QLI
4.5869,4.5869,4.5869,4.5869,100,2021-06-11 15:10:00,QLI
4.58,4.58,4.58,4.58,100,2021-06-11 15:13:00,QLI
4.57,4.6,4.57,4.6,200,2021-06-11 15:36:00,QLI
4.6,4.6,4.6,4.6,100,2021-06-11 15:51:00,QLI
4.6,4.6,4.56,4.56,3975,2021-06-11 16:00:00,QLI
4.6,4.6,4.6,4.6,100,2021-06-11 16:08:00,QLI
4.56,4.6,4.53,4.53,1832,2021-06-11 16:13:00,QLI
4.6,4.6,4.6,4.6,200,2021-06-11 16:14:00,QLI
4.6,4.6,4.6,4.6,300,2021-06-11 16:19:00,QLI
4.56,4.56,4.56,4.56,100,2021-06-11 16:26:00,QLI
4.58,4.58,4.58,4.58,100,2021-06-11 16:28:00,QLI
4.57,4.57,4.53,4.53,2045,2021-06-11 16:34:00,QLI
4.54,4.56,4.54,4.56,1000,2021-06-11 16:58:00,QLI
4.51,4.5101,4.5,4.5,15356,2021-06-11 17:00:00,QLI
4.45,4.5,4.42,4.5,1872,2021-06-11 17:02:00,QLI
4.44,4.44,4.44,4.44,100,2021-06-11 17:05:00,QLI
4.465,4.4999,4.465,4.4999,6950,2021-06-11 17:06:00,QLI
4.47,4.47,4.47,4.47,133,2021-06-11 17:11:00,QLI
4.47,4.47,4.46,4.46,300,2021-06-11 17:12:00,QLI
4.46,4.46,4.4,4.4247,4770,2021-06-11 17:13:00,QLI
4.41,4.41,4.4,4.4,1000,2021-06-11 17:14:00,QLI
4.4267,4.4267,4.4267,4.4267,1000,2021-06-11 17:15:00,QLI
4.43,4.4921,4.43,4.4921,1100,2021-06-11 17:16:00,QLI
4.49,4.49,4.49,4.49,100,2021-06-11 17:17:00,QLI
4.485,4.53,4.485,4.53,1000,2021-06-11 17:20:00,QLI
4.53,4.54,4.53,4.53,476,2021-06-11 17:22:00,QLI
4.53,4.53,4.53,4.53,727,2021-06-11 17:25:00,QLI
4.5,4.5,4.5,4.5,500,2021-06-11 17:27:00,QLI
4.5,4.5,4.5,4.5,350,2021-06-11 17:31:00,QLI
4.48,4.48,4.48,4.48,100,2021-06-11 17:40:00,QLI
4.5173,4.518,4.5173,4.518,200,2021-06-11 18:10:00,QLI
4.525,4.53,4.525,4.53,500,2021-06-11 18:13:00,QLI
4.54,4.54,4.54,4.54,200,2021-06-11 18:15:00,QLI
4.5373,4.54,4.5373,4.54,300,2021-06-11 18:17:00,QLI
4.5435,4.5435,4.5435,4.5435,273,2021-06-11 18:19:00,QLI
4.58,4.58,4.58,4.58,300,2021-06-11 18:24:00,QLI
4.59,4.59,4.59,4.59,200,2021-06-11 18:25:00,QLI
4.6,4.61,4.6,4.61,200,2021-06-11 18:28:00,QLI
4.575,4.6,4.575,4.6,500,2021-06-11 18:29:00,QLI
4.58,4.58,4.58,4.58,200,2021-06-11 18:33:00,QLI
4.6,4.6045,4.6,4.6045,400,2021-06-11 18:34:00,QLI
4.61,4.61,4.61,4.61,228,2021-06-11 18:37:00,QLI
4.56,4.61,4.56,4.61,300,2021-06-11 19:09:00,QLI
4.6,4.65,4.6,4.65,1900,2021-06-11 19:16:00,QLI
4.6001,4.6017,4.59,4.59,2469,2021-06-11 19:20:00,QLI
4.5973,4.6,4.5973,4.6,200,2021-06-11 19:22:00,QLI
4.59,4.59,4.59,4.59,100,2021-06-11 19:30:00,QLI
4.59,4.6,4.59,4.6,1000,2021-06-11 19:31:00,QLI
4.57,4.57,4.57,4.57,100,2021-06-11 19:33:00,QLI
4.6,4.6,4.59,4.59,700,2021-06-11 19:42:00,QLI
4.59,4.59,4.59,4.59,100,2021-06-11 19:45:00,QLI
4.56,4.6,4.56,4.5973,1100,2021-06-11 19:47:00,QLI
4.59,4.59,4.57,4.57,400,2021-06-11 19:50:00,QLI
4.555,4.59,4.555,4.59,900,2021-06-11 19:53:00,QLI
4.59,4.59,4.575,4.59,500,2021-06-11 19:55:00,QLI
4.59,4.59,4.59,4.59,200,2021-06-11 19:58:00,QLI
4.59,4.6,4.575,4.575,460,2021-06-11 19:59:00,QLI
4.59,4.59,4.59,4.59,184,2021-06-11 20:00:00,QLI
4.62,4.62,4.62,4.62,220,2021-06-14 13:45:00,QLI
4.5,4.5,4.48,4.483,4590,2021-06-14 13:52:00,QLI
4.48,4.483,4.48,4.483,1800,2021-06-14 13:53:00,QLI
4.48,4.48,4.48,4.48,100,2021-06-14 13:54:00,QLI
4.48,4.48,4.4712,4.4712,200,2021-06-14 13:57:00,QLI
4.4717,4.48,4.4717,4.48,246,2021-06-14 14:02:00,QLI
4.4799,4.4799,4.4798,4.4798,1446,2021-06-14 14:04:00,QLI
4.47,4.47,4.4601,4.47,2600,2021-06-14 14:05:00,QLI
4.475,4.475,4.47,4.47,315,2021-06-14 14:06:00,QLI
4.46,4.46,4.46,4.46,500,2021-06-14 14:07:00,QLI
4.47,4.4701,4.47,4.47,500,2021-06-14 14:13:00,QLI
4.4801,4.4801,4.4801,4.4801,225,2021-06-14 14:24:00,QLI
4.5131,4.5131,4.5131,4.5131,219,2021-06-14 14:26:00,QLI
4.5,4.5,4.5,4.5,200,2021-06-14 14:34:00,QLI
4.5,4.5,4.495,4.495,400,2021-06-14 14:45:00,QLI
4.52,4.52,4.51,4.51,200,2021-06-14 14:50:00,QLI
4.5344,4.5344,4.5344,4.5344,100,2021-06-14 15:02:00,QLI
4.5001,4.501,4.48,4.48,2260,2021-06-14 15:09:00,QLI
4.5,4.5,4.4975,4.4975,200,2021-06-14 15:15:00,QLI
4.46,4.47,4.46,4.47,300,2021-06-14 15:24:00,QLI
4.48,4.48,4.48,4.48,139,2021-06-14 15:26:00,QLI
4.5,4.5,4.5,4.5,100,2021-06-14 15:47:00,QLI
4.5,4.5,4.5,4.5,200,2021-06-14 15:49:00,QLI
4.5,4.5,4.4973,4.4973,200,2021-06-14 15:50:00,QLI
4.4811,4.4811,4.48,4.48,790,2021-06-14 15:52:00,QLI
4.48,4.48,4.48,4.48,200,2021-06-14 15:53:00,QLI
4.496,4.496,4.496,4.496,200,2021-06-14 16:01:00,QLI
4.49,4.4922,4.49,4.4922,222,2021-06-14 16:18:00,QLI
4.4895,4.49,4.4895,4.49,200,2021-06-14 16:20:00,QLI
4.4899,4.4899,4.4899,4.4899,1000,2021-06-14 16:23:00,QLI
4.48,4.48,4.48,4.48,100,2021-06-14 16:28:00,QLI
4.4899,4.4899,4.4899,4.4899,500,2021-06-14 16:42:00,QLI
4.475,4.475,4.475,4.475,1000,2021-06-14 16:43:00,QLI
4.475,4.475,4.475,4.475,250,2021-06-14 16:45:00,QLI
4.4874,4.4874,4.4874,4.4874,201,2021-06-14 16:51:00,QLI
4.5,4.5,4.493,4.493,1000,2021-06-14 16:58:00,QLI
4.48,4.48,4.48,4.48,200,2021-06-14 17:01:00,QLI
4.48,4.5,4.48,4.5,1866,2021-06-14 17:03:00,QLI
4.4901,4.4901,4.4901,4.4901,3000,2021-06-14 17:04:00,QLI
4.4901,4.4912,4.49,4.4901,4488,2021-06-14 17:14:00,QLI
4.47,4.47,4.47,4.47,100,2021-06-14 17:17:00,QLI
4.46,4.4607,4.41,4.41,9108,2021-06-14 17:51:00,QLI
4.49,4.49,4.42,4.42,1000,2021-06-14 18:17:00,QLI
4.4259,4.4259,4.4259,4.4259,200,2021-06-14 18:18:00,QLI
4.49,4.49,4.49,4.49,100,2021-06-14 18:20:00,QLI
4.43,4.43,4.43,4.43,100,2021-06-14 18:25:00,QLI
4.46,4.46,4.46,4.46,250,2021-06-14 18:26:00,QLI
4.4301,4.4315,4.43,4.4315,900,2021-06-14 18:29:00,QLI
4.44,4.44,4.44,4.44,300,2021-06-14 18:51:00,QLI
4.46,4.46,4.46,4.46,500,2021-06-14 19:08:00,QLI
4.45,4.457,4.45,4.457,600,2021-06-14 19:17:00,QLI
4.43,4.43,4.43,4.43,100,2021-06-14 19:21:00,QLI
4.455,4.48,4.43,4.43,5000,2021-06-14 19:27:00,QLI
4.43,4.43,4.43,4.43,100,2021-06-14 19:43:00,QLI
4.4133,4.4133,4.4133,4.4133,1000,2021-06-14 19:47:00,QLI
4.45,4.45,4.45,4.45,100,2021-06-14 19:49:00,QLI
4.44,4.44,4.44,4.44,200,2021-06-14 19:50:00,QLI
4.45,4.45,4.45,4.45,100,2021-06-14 19:52:00,QLI
4.45,4.4501,4.43,4.43,300,2021-06-14 19:53:00,QLI
4.41,4.41,4.41,4.41,342,2021-06-14 19:55:00,QLI
4.42,4.42,4.415,4.42,470,2021-06-14 19:59:00,QLI
4.45,4.45,4.45,4.45,166,2021-06-15 08:01:00,QLI
4.45,4.45,4.45,4.45,105,2021-06-15 13:30:00,QLI
4.45,4.45,4.45,4.45,900,2021-06-15 13:34:00,QLI
4.45,4.45,4.45,4.45,399,2021-06-15 13:39:00,QLI
4.455,4.455,4.455,4.455,224,2021-06-15 13:40:00,QLI
4.42,4.42,4.42,4.42,100,2021-06-15 13:43:00,QLI
4.43,4.43,4.43,4.43,200,2021-06-15 13:44:00,QLI
4.43,4.43,4.4201,4.43,8100,2021-06-15 13:46:00,QLI
4.421,4.43,4.4201,4.4201,6000,2021-06-15 13:47:00,QLI
4.43,4.43,4.42,4.4201,12336,2021-06-15 13:48:00,QLI
4.411,4.411,4.411,4.411,1000,2021-06-15 13:50:00,QLI
4.41,4.41,4.41,4.41,100,2021-06-15 13:51:00,QLI
4.4,4.4,4.4,4.4,100,2021-06-15 13:53:00,QLI
4.41,4.41,4.4,4.4004,6018,2021-06-15 14:04:00,QLI
4.4,4.4,4.4,4.4,200,2021-06-15 14:11:00,QLI
4.38,4.38,4.37,4.37,10300,2021-06-15 14:19:00,QLI
4.38,4.38,4.3773,4.3773,3200,2021-06-15 14:25:00,QLI
4.3773,4.38,4.375,4.38,3990,2021-06-15 14:26:00,QLI
4.3958,4.3958,4.3958,4.3958,500,2021-06-15 14:37:00,QLI
4.41,4.41,4.41,4.41,100,2021-06-15 14:41:00,QLI
4.389,4.389,4.389,4.389,1000,2021-06-15 14:55:00,QLI
4.3866,4.3866,4.3866,4.3866,500,2021-06-15 14:56:00,QLI
4.39,4.39,4.39,4.39,500,2021-06-15 14:59:00,QLI
4.37,4.38,4.37,4.38,3010,2021-06-15 15:04:00,QLI
4.38,4.38,4.38,4.38,100,2021-06-15 15:05:00,QLI
4.4,4.4,4.4,4.4,200,2021-06-15 15:12:00,QLI
4.3717,4.3717,4.3717,4.3717,1000,2021-06-15 15:37:00,QLI
4.37,4.37,4.37,4.37,100,2021-06-15 15:45:00,QLI
4.37,4.37,4.37,4.37,100,2021-06-15 15:48:00,QLI
4.37,4.37,4.37,4.37,256,2021-06-15 16:00:00,QLI
4.385,4.385,4.385,4.385,100,2021-06-15 16:06:00,QLI
4.38,4.38,4.37,4.37,1638,2021-06-15 16:47:00,QLI
4.38,4.38,4.38,4.38,100,2021-06-15 17:04:00,QLI
4.38,4.38,4.38,4.38,228,2021-06-15 17:12:00,QLI
4.37,4.38,4.37,4.37,1367,2021-06-15 17:21:00,QLI
4.38,4.38,4.38,4.38,574,2021-06-15 17:33:00,QLI
4.37,4.37,4.37,4.37,227,2021-06-15 17:48:00,QLI
4.39,4.39,4.39,4.39,100,2021-06-15 17:56:00,QLI
4.35,4.36,4.336,4.336,549,2021-06-15 18:24:00,QLI
4.39,4.42,4.38,4.4,2718,2021-06-15 18:29:00,QLI
4.4,4.41,4.4,4.4,1220,2021-06-15 18:30:00,QLI
4.41,4.42,4.4,4.4,510,2021-06-15 18:39:00,QLI
4.44,4.44,4.44,4.44,1000,2021-06-15 18:40:00,QLI
4.42,4.42,4.42,4.42,100,2021-06-15 18:54:00,QLI
4.42,4.42,4.42,4.42,100,2021-06-15 19:01:00,QLI
4.42,4.42,4.42,4.42,100,2021-06-15 19:07:00,QLI
4.4,4.4,4.4,4.4,100,2021-06-15 19:20:00,QLI
4.42,4.42,4.42,4.42,200,2021-06-15 19:31:00,QLI
4.42,4.42,4.4103,4.4103,200,2021-06-15 19:35:00,QLI
4.42,4.42,4.42,4.42,100,2021-06-15 19:40:00,QLI
4.41,4.41,4.41,4.41,100,2021-06-15 19:48:00,QLI
4.42,4.42,4.42,4.42,400,2021-06-15 19:49:00,QLI
4.41,4.42,4.41,4.42,200,2021-06-15 19:51:00,QLI
4.425,4.425,4.42,4.42,200,2021-06-15 19:54:00,QLI
4.425,4.425,4.425,4.425,100,2021-06-15 19:58:00,QLI
4.425,4.425,4.42,4.42,480,2021-06-15 19:59:00,QLI
4.45,4.46,4.45,4.46,768,2021-06-16 13:40:00,QLI
4.45,4.45,4.45,4.45,300,2021-06-16 13:45:00,QLI
4.45,4.45,4.45,4.45,300,2021-06-16 13:55:00,QLI
4.465,4.479,4.465,4.465,500,2021-06-16 13:57:00,QLI
4.45,4.45,4.45,4.45,100,2021-06-16 14:01:00,QLI
4.45,4.45,4.45,4.45,172,2021-06-16 14:05:00,QLI
4.45,4.45,4.45,4.45,100,2021-06-16 14:06:00,QLI
4.45,4.45,4.45,4.45,185,2021-06-16 14:15:00,QLI
4.45,4.45,4.45,4.45,700,2021-06-16 14:19:00,QLI
4.46,4.46,4.46,4.46,600,2021-06-16 14:22:00,QLI
4.45,4.45,4.45,4.45,300,2021-06-16 14:41:00,QLI
4.4653,4.4653,4.4653,4.4653,300,2021-06-16 14:42:00,QLI
4.45,4.45,4.45,4.45,500,2021-06-16 14:45:00,QLI
4.45,4.45,4.45,4.45,100,2021-06-16 14:47:00,QLI
4.445,4.45,4.445,4.45,200,2021-06-16 14:49:00,QLI
4.45,4.45,4.45,4.45,300,2021-06-16 14:53:00,QLI
4.44,4.44,4.44,4.44,500,2021-06-16 14:59:00,QLI
4.44,4.44,4.44,4.44,176,2021-06-16 15:01:00,QLI
4.44,4.44,4.44,4.44,156,2021-06-16 15:03:00,QLI
4.44,4.44,4.44,4.44,400,2021-06-16 15:08:00,QLI
4.44,4.44,4.44,4.44,181,2021-06-16 15:12:00,QLI
4.44,4.4405,4.43,4.4405,1319,2021-06-16 15:15:00,QLI
4.44,4.44,4.44,4.44,100,2021-06-16 15:32:00,QLI
4.44,4.44,4.44,4.44,300,2021-06-16 15:40:00,QLI
4.43,4.43,4.43,4.43,200,2021-06-16 15:50:00,QLI
4.44,4.44,4.44,4.44,100,2021-06-16 15:55:00,QLI
4.445,4.45,4.445,4.45,500,2021-06-16 15:56:00,QLI
4.45,4.45,4.45,4.45,400,2021-06-16 16:14:00,QLI
4.4505,4.4505,4.45,4.45,420,2021-06-16 16:16:00,QLI
4.45,4.4505,4.45,4.4505,400,2021-06-16 16:31:00,QLI
4.45,4.45,4.4,4.4,701,2021-06-16 16:38:00,QLI
4.43,4.43,4.43,4.43,300,2021-06-16 16:41:00,QLI
4.43,4.43,4.43,4.43,100,2021-06-16 16:49:00,QLI
4.43,4.43,4.43,4.43,200,2021-06-16 16:54:00,QLI
4.44,4.44,4.44,4.44,100,2021-06-16 16:59:00,QLI
4.42,4.42,4.42,4.42,200,2021-06-16 17:04:00,QLI
4.44,4.44,4.44,4.44,100,2021-06-16 17:06:00,QLI
4.43,4.43,4.43,4.43,100,2021-06-16 17:08:00,QLI
4.445,4.445,4.44,4.44,300,2021-06-16 17:15:00,QLI
4.43,4.4305,4.43,4.4305,400,2021-06-16 17:22:00,QLI
4.42,4.4201,4.4,4.41,2200,2021-06-16 17:23:00,QLI
4.42,4.42,4.4,4.42,900,2021-06-16 17:24:00,QLI
4.42,4.42,4.41,4.41,200,2021-06-16 17:25:00,QLI
4.41,4.41,4.41,4.41,463,2021-06-16 17:29:00,QLI
4.41,4.41,4.41,4.41,100,2021-06-16 17:30:00,QLI
4.42,4.42,4.4173,4.42,300,2021-06-16 17:33:00,QLI
4.41,4.4105,4.4,4.41,3600,2021-06-16 17:38:00,QLI
4.41,4.41,4.41,4.41,100,2021-06-16 17:40:00,QLI
4.41,4.41,4.41,4.41,171,2021-06-16 17:44:00,QLI
4.41,4.4105,4.4,4.4105,500,2021-06-16 17:48:00,QLI
4.41,4.42,4.41,4.42,1500,2021-06-16 17:54:00,QLI
4.43,4.43,4.43,4.43,200,2021-06-16 17:55:00,QLI
4.4,4.4,4.4,4.4,200,2021-06-16 17:59:00,QLI
4.41,4.43,4.41,4.43,3560,2021-06-16 18:00:00,QLI
4.45,4.46,4.45,4.46,400,2021-06-16 18:02:00,QLI
4.45,4.45,4.45,4.45,200,2021-06-16 18:15:00,QLI
4.44,4.44,4.44,4.44,200,2021-06-16 18:18:00,QLI
4.4488,4.45,4.4488,4.45,500,2021-06-16 18:20:00,QLI
4.45,4.45,4.45,4.45,300,2021-06-16 18:32:00,QLI
4.45,4.45,4.45,4.45,100,2021-06-16 18:33:00,QLI
4.45,4.45,4.45,4.45,100,2021-06-16 18:36:00,QLI
4.45,4.45,4.45,4.45,100,2021-06-16 18:38:00,QLI
4.4273,4.4273,4.4273,4.4273,100,2021-06-16 18:44:00,QLI
4.42,4.42,4.42,4.42,130,2021-06-16 18:50:00,QLI
4.43,4.44,4.43,4.44,400,2021-06-16 19:05:00,QLI
4.46,4.46,4.46,4.46,100,2021-06-16 19:12:00,QLI
4.4501,4.4501,4.4501,4.4501,100,2021-06-16 19:23:00,QLI
4.465,4.465,4.465,4.465,100,2021-06-16 19:38:00,QLI
4.465,4.465,4.465,4.465,100,2021-06-16 19:41:00,QLI
4.45,4.45,4.45,4.45,100,2021-06-16 19:44:00,QLI
4.453,4.453,4.453,4.453,207,2021-06-16 19:47:00,QLI
4.465,4.465,4.465,4.465,150,2021-06-16 19:48:00,QLI
4.45,4.45,4.45,4.45,100,2021-06-16 19:50:00,QLI
4.45,4.45,4.45,4.45,464,2021-06-16 19:52:00,QLI
4.47,4.47,4.47,4.47,200,2021-06-16 19:54:00,QLI
4.46,4.46,4.46,4.46,100,2021-06-16 19:55:00,QLI
4.47,4.471,4.47,4.47,855,2021-06-17 13:56:00,QLI
4.475,4.475,4.46,4.46,500,2021-06-17 14:01:00,QLI
4.46,4.46,4.46,4.46,400,2021-06-17 14:24:00,QLI
4.47,4.47,4.47,4.47,200,2021-06-17 14:37:00,QLI
4.47,4.47,4.47,4.47,100,2021-06-17 14:38:00,QLI
4.48,4.48,4.46,4.46,1621,2021-06-17 14:44:00,QLI
4.47,4.47,4.47,4.47,100,2021-06-17 14:46:00,QLI
4.49,4.49,4.49,4.49,190,2021-06-17 14:48:00,QLI
4.49,4.49,4.4852,4.49,1000,2021-06-17 14:50:00,QLI
4.48,4.48,4.48,4.48,100,2021-06-17 14:53:00,QLI
4.47,4.47,4.47,4.47,100,2021-06-17 15:21:00,QLI
4.47,4.47,4.47,4.47,100,2021-06-17 15:22:00,QLI
4.47,4.4701,4.45,4.45,3592,2021-06-17 15:27:00,QLI
4.45,4.4505,4.44,4.45,4586,2021-06-17 15:32:00,QLI
4.45,4.45,4.45,4.45,3000,2021-06-17 15:33:00,QLI
4.45,4.45,4.45,4.45,300,2021-06-17 15:42:00,QLI
4.45,4.45,4.45,4.45,100,2021-06-17 15:43:00,QLI
4.46,4.46,4.46,4.46,120,2021-06-17 15:49:00,QLI
4.45,4.45,4.45,4.45,200,2021-06-17 15:54:00,QLI
4.45,4.45,4.45,4.45,300,2021-06-17 16:03:00,QLI
4.45,4.45,4.45,4.45,368,2021-06-17 16:04:00,QLI
4.45,4.45,4.45,4.45,196,2021-06-17 16:08:00,QLI
4.45,4.45,4.45,4.45,400,2021-06-17 16:13:00,QLI
4.44,4.44,4.43,4.43,300,2021-06-17 16:16:00,QLI
4.44,4.44,4.44,4.44,100,2021-06-17 16:22:00,QLI
4.45,4.45,4.45,4.45,205,2021-06-17 16:25:00,QLI
4.415,4.415,4.415,4.415,100,2021-06-17 16:33:00,QLI
4.42,4.42,4.42,4.42,300,2021-06-17 16:48:00,QLI
4.42,4.42,4.42,4.42,100,2021-06-17 16:50:00,QLI
4.43,4.43,4.43,4.43,200,2021-06-17 16:51:00,QLI
4.43,4.43,4.43,4.43,300,2021-06-17 16:55:00,QLI
4.435,4.435,4.43,4.43,300,2021-06-17 17:04:00,QLI
4.43,4.43,4.43,4.43,200,2021-06-17 17:12:00,QLI
4.44,4.44,4.44,4.44,100,2021-06-17 17:21:00,QLI
4.4309,4.4309,4.4309,4.4309,100,2021-06-17 17:39:00,QLI
4.44,4.45,4.4386,4.45,3262,2021-06-17 17:40:00,QLI
4.45,4.45,4.45,4.45,266,2021-06-17 18:03:00,QLI
4.45,4.45,4.45,4.45,100,2021-06-17 18:15:00,QLI
4.46,4.46,4.46,4.46,400,2021-06-17 18:16:00,QLI
4.45,4.45,4.42,4.42,450,2021-06-17 18:48:00,QLI
4.45,4.45,4.4,4.4,2192,2021-06-17 18:50:00,QLI
4.44,4.45,4.44,4.45,500,2021-06-17 18:51:00,QLI
4.45,4.45,4.45,4.45,200,2021-06-17 19:19:00,QLI
4.45,4.45,4.45,4.45,300,2021-06-17 19:21:00,QLI
4.45,4.45,4.45,4.45,235,2021-06-17 19:24:00,QLI
4.45,4.45,4.43,4.43,200,2021-06-17 19:25:00,QLI
4.45,4.45,4.45,4.45,100,2021-06-17 19:26:00,QLI
4.46,4.46,4.45,4.45,601,2021-06-17 19:32:00,QLI
4.46,4.46,4.46,4.46,228,2021-06-17 19:33:00,QLI
4.47,4.47,4.466,4.466,200,2021-06-17 19:34:00,QLI
4.47,4.47,4.47,4.47,100,2021-06-17 19:35:00,QLI
4.47,4.47,4.4676,4.4676,200,2021-06-17 19:39:00,QLI
4.47,4.47,4.47,4.47,200,2021-06-17 19:40:00,QLI
4.47,4.47,4.47,4.47,205,2021-06-17 19:41:00,QLI
4.46,4.46,4.46,4.46,137,2021-06-17 19:42:00,QLI
4.47,4.47,4.45,4.469,500,2021-06-17 19:45:00,QLI
4.47,4.47,4.4673,4.4673,200,2021-06-17 19:46:00,QLI
4.49,4.49,4.4844,4.4844,200,2021-06-17 19:47:00,QLI
4.47,4.48,4.47,4.48,256,2021-06-17 19:51:00,QLI
4.48,4.48,4.45,4.48,300,2021-06-17 19:52:00,QLI
4.4773,4.4773,4.4764,4.4764,200,2021-06-17 19:53:00,QLI
4.45,4.45,4.45,4.45,360,2021-06-17 19:55:00,QLI
4.45,4.45,4.45,4.45,145,2021-06-17 19:57:00,QLI
4.48,4.48,4.4752,4.4752,200,2021-06-17 19:58:00,QLI
4.48,4.49,4.48,4.49,400,2021-06-17 19:59:00,QLI
4.47,4.47,4.47,4.47,327,2021-06-17 20:00:00,QLI
4.5744,4.5744,4.5744,4.5744,1000,2021-06-18 13:32:00,QLI
4.4501,4.4501,4.422,4.422,2098,2021-06-18 14:11:00,QLI
4.43,4.43,4.43,4.43,100,2021-06-18 14:12:00,QLI
4.44,4.44,4.44,4.44,100,2021-06-18 14:13:00,QLI
4.44,4.44,4.43,4.43,780,2021-06-18 14:14:00,QLI
4.45,4.45,4.445,4.45,1400,2021-06-18 14:17:00,QLI
4.4501,4.46,4.44,4.44,3964,2021-06-18 14:18:00,QLI
4.44,4.4401,4.44,4.4401,700,2021-06-18 14:21:00,QLI
4.44,4.4402,4.43,4.4402,5605,2021-06-18 14:22:00,QLI
4.44,4.44,4.44,4.44,400,2021-06-18 14:24:00,QLI
4.44,4.44,4.44,4.44,100,2021-06-18 14:25:00,QLI
4.44,4.44,4.44,4.44,200,2021-06-18 14:27:00,QLI
4.44,4.45,4.44,4.45,800,2021-06-18 14:30:00,QLI
4.4501,4.4501,4.45,4.45,2100,2021-06-18 14:39:00,QLI
4.4501,4.4501,4.44,4.44,2700,2021-06-18 14:40:00,QLI
4.44,4.44,4.44,4.44,300,2021-06-18 14:49:00,QLI
4.441,4.441,4.441,4.441,200,2021-06-18 14:52:00,QLI
4.45,4.45,4.44,4.44,398,2021-06-18 14:55:00,QLI
4.45,4.45,4.44,4.44,300,2021-06-18 14:56:00,QLI
4.44,4.44,4.44,4.44,200,2021-06-18 14:58:00,QLI
4.45,4.45,4.45,4.45,100,2021-06-18 15:00:00,QLI
4.445,4.45,4.44,4.45,1200,2021-06-18 15:02:00,QLI
4.48,4.51,4.474,4.51,2776,2021-06-18 15:12:00,QLI
4.52,4.5273,4.52,4.5273,600,2021-06-18 15:13:00,QLI
4.4633,4.4633,4.4633,4.4633,500,2021-06-18 15:19:00,QLI
4.46,4.46,4.46,4.46,100,2021-06-18 15:34:00,QLI
4.45,4.45,4.45,4.45,100,2021-06-18 16:26:00,QLI
4.49,4.49,4.49,4.49,100,2021-06-18 16:27:00,QLI
4.45,4.45,4.45,4.45,100,2021-06-18 17:14:00,QLI
4.45,4.48,4.45,4.48,300,2021-06-18 17:17:00,QLI
4.477,4.477,4.477,4.477,300,2021-06-18 17:33:00,QLI
4.45,4.45,4.45,4.45,622,2021-06-18 17:50:00,QLI
4.45,4.45,4.45,4.45,400,2021-06-18 18:09:00,QLI
4.45,4.45,4.45,4.45,100,2021-06-18 18:23:00,QLI
4.47,4.47,4.47,4.47,100,2021-06-18 18:25:00,QLI
4.45,4.45,4.45,4.45,200,2021-06-18 18:29:00,QLI
4.45,4.45,4.45,4.45,282,2021-06-18 18:37:00,QLI
4.45,4.45,4.4441,4.45,1159,2021-06-18 18:42:00,QLI
4.45,4.45,4.45,4.45,359,2021-06-18 18:52:00,QLI
4.45,4.45,4.45,4.45,100,2021-06-18 18:54:00,QLI
4.45,4.45,4.45,4.45,239,2021-06-18 18:59:00,QLI
4.45,4.455,4.43,4.455,2882,2021-06-18 19:06:00,QLI
4.45,4.45,4.45,4.45,148,2021-06-18 19:11:00,QLI
4.445,4.45,4.445,4.45,200,2021-06-18 19:12:00,QLI
4.45,4.45,4.45,4.45,200,2021-06-18 19:13:00,QLI
4.45,4.45,4.45,4.45,300,2021-06-18 19:15:00,QLI
4.45,4.45,4.45,4.45,100,2021-06-18 19:33:00,QLI
4.45,4.45,4.45,4.45,200,2021-06-18 19:34:00,QLI
4.45,4.45,4.44,4.45,400,2021-06-18 19:46:00,QLI
4.47,4.47,4.47,4.47,200,2021-06-18 19:47:00,QLI
4.47,4.47,4.45,4.45,600,2021-06-18 19:48:00,QLI
4.47,4.47,4.47,4.47,200,2021-06-18 19:49:00,QLI
4.47,4.48,4.45,4.45,1400,2021-06-18 19:50:00,QLI
4.48,4.48,4.48,4.48,200,2021-06-18 19:51:00,QLI
4.4752,4.48,4.4752,4.48,200,2021-06-18 19:52:00,QLI
4.48,4.49,4.47,4.49,1013,2021-06-18 19:53:00,QLI
4.47,4.49,4.45,4.45,1002,2021-06-18 19:54:00,QLI
4.49,4.49,4.4852,4.4852,217,2021-06-18 19:55:00,QLI
4.4844,4.4844,4.482,4.482,201,2021-06-18 19:56:00,QLI
4.482,4.482,4.482,4.482,110,2021-06-18 19:57:00,QLI
4.488,4.49,4.48,4.48,500,2021-06-18 19:58:00,QLI
4.49,4.5,4.45,4.5,3938,2021-06-18 19:59:00,QLI
4.52,4.52,4.52,4.52,20731,2021-06-18 20:00:00,QLI
4.41,4.41,4.41,4.41,100,2021-06-18 20:54:00,QLI
4.42,4.42,4.41,4.41,566,2021-06-21 08:03:00,QLI
4.57,4.57,4.57,4.57,318,2021-06-21 13:30:00,QLI
4.605,4.605,4.605,4.605,179,2021-06-21 13:32:00,QLI
4.6,4.6075,4.6,4.6075,300,2021-06-21 13:33:00,QLI
4.48,4.48,4.48,4.48,100,2021-06-21 13:35:00,QLI
4.47,4.47,4.47,4.47,300,2021-06-21 13:36:00,QLI
4.47,4.47,4.47,4.47,100,2021-06-21 13:50:00,QLI
4.47,4.47,4.45,4.45,700,2021-06-21 13:52:00,QLI
4.46,4.46,4.46,4.46,100,2021-06-21 13:55:00,QLI
4.58,4.58,4.45,4.45,1000,2021-06-21 13:58:00,QLI
4.46,4.46,4.46,4.46,100,2021-06-21 14:01:00,QLI
4.46,4.46,4.46,4.46,100,2021-06-21 14:06:00,QLI
4.46,4.46,4.46,4.46,100,2021-06-21 14:13:00,QLI
4.4501,4.4501,4.41,4.41,2078,2021-06-21 14:19:00,QLI
4.43,4.43,4.43,4.43,300,2021-06-21 14:20:00,QLI
4.43,4.43,4.41,4.41,600,2021-06-21 14:21:00,QLI
4.428,4.428,4.428,4.428,150,2021-06-21 14:24:00,QLI
4.41,4.42,4.41,4.42,500,2021-06-21 14:26:00,QLI
4.41,4.42,4.41,4.42,278,2021-06-21 14:27:00,QLI
4.42,4.42,4.42,4.42,100,2021-06-21 14:28:00,QLI
4.42,4.42,4.4,4.4,200,2021-06-21 14:29:00,QLI
4.42,4.42,4.42,4.42,100,2021-06-21 14:30:00,QLI
4.41,4.42,4.41,4.42,210,2021-06-21 14:33:00,QLI
4.42,4.42,4.42,4.42,600,2021-06-21 14:36:00,QLI
4.4,4.4,4.4,4.4,179,2021-06-21 14:37:00,QLI
4.42,4.42,4.42,4.42,407,2021-06-21 14:38:00,QLI
4.42,4.42,4.42,4.42,100,2021-06-21 14:39:00,QLI
4.42,4.42,4.42,4.42,100,2021-06-21 14:40:00,QLI
4.42,4.42,4.42,4.42,300,2021-06-21 14:41:00,QLI
4.42,4.42,4.42,4.42,100,2021-06-21 14:46:00,QLI
4.41,4.42,4.41,4.42,200,2021-06-21 14:50:00,QLI
4.42,4.42,4.42,4.42,100,2021-06-21 14:51:00,QLI
4.42,4.42,4.42,4.42,100,2021-06-21 14:54:00,QLI
4.42,4.42,4.42,4.42,300,2021-06-21 14:55:00,QLI
4.42,4.42,4.42,4.42,100,2021-06-21 14:58:00,QLI
4.415,4.43,4.415,4.43,700,2021-06-21 14:59:00,QLI
4.43,4.43,4.43,4.43,100,2021-06-21 15:07:00,QLI
4.43,4.43,4.43,4.43,100,2021-06-21 15:11:00,QLI
4.43,4.43,4.43,4.43,900,2021-06-21 15:12:00,QLI
4.43,4.43,4.43,4.43,100,2021-06-21 15:13:00,QLI
4.43,4.43,4.43,4.43,200,2021-06-21 15:14:00,QLI
4.43,4.43,4.43,4.43,200,2021-06-21 15:15:00,QLI
4.43,4.43,4.43,4.43,100,2021-06-21 15:20:00,QLI
4.43,4.43,4.43,4.43,100,2021-06-21 15:21:00,QLI
4.43,4.43,4.43,4.43,100,2021-06-21 15:23:00,QLI
4.435,4.435,4.435,4.435,100,2021-06-21 15:26:00,QLI
4.44,4.44,4.44,4.44,226,2021-06-21 15:28:00,QLI
4.44,4.45,4.43,4.45,3642,2021-06-21 15:29:00,QLI
4.45,4.45,4.45,4.45,200,2021-06-21 15:33:00,QLI
4.4504,4.4504,4.4504,4.4504,239,2021-06-21 15:42:00,QLI
4.45,4.48,4.45,4.48,200,2021-06-21 15:48:00,QLI
4.45,4.45,4.45,4.45,100,2021-06-21 15:58:00,QLI
4.45,4.45,4.45,4.45,100,2021-06-21 16:01:00,QLI
4.45,4.45,4.45,4.45,100,2021-06-21 16:09:00,QLI
4.45,4.45,4.45,4.45,100,2021-06-21 16:13:00,QLI
4.45,4.45,4.44,4.44,855,2021-06-21 16:17:00,QLI
4.44,4.44,4.44,4.44,200,2021-06-21 16:19:00,QLI
4.44,4.44,4.44,4.44,100,2021-06-21 16:20:00,QLI
4.44,4.44,4.44,4.44,100,2021-06-21 16:21:00,QLI
4.44,4.44,4.44,4.44,100,2021-06-21 16:23:00,QLI
4.445,4.45,4.445,4.445,300,2021-06-21 16:24:00,QLI
4.45,4.45,4.45,4.45,5445,2021-06-21 16:25:00,QLI
4.45,4.45,4.45,4.45,100,2021-06-21 16:56:00,QLI
4.45,4.45,4.45,4.45,145,2021-06-21 17:02:00,QLI
4.45,4.45,4.45,4.45,200,2021-06-21 17:06:00,QLI
4.45,4.45,4.45,4.45,100,2021-06-21 17:11:00,QLI
4.45,4.45,4.45,4.45,200,2021-06-21 17:14:00,QLI
4.45,4.45,4.45,4.45,100,2021-06-21 17:23:00,QLI
4.45,4.45,4.45,4.45,297,2021-06-21 17:25:00,QLI
4.45,4.45,4.45,4.45,600,2021-06-21 17:40:00,QLI
4.45,4.45,4.45,4.45,100,2021-06-21 17:45:00,QLI
4.45,4.45,4.45,4.45,100,2021-06-21 18:01:00,QLI
4.45,4.45,4.45,4.45,282,2021-06-21 18:09:00,QLI
4.45,4.45,4.45,4.45,100,2021-06-21 18:22:00,QLI
4.45,4.45,4.45,4.45,300,2021-06-21 18:23:00,QLI
4.45,4.45,4.45,4.45,100,2021-06-21 18:24:00,QLI
4.45,4.45,4.45,4.45,100,2021-06-21 18:39:00,QLI
4.45,4.45,4.45,4.45,200,2021-06-21 18:42:00,QLI
4.45,4.45,4.45,4.45,200,2021-06-21 18:43:00,QLI
4.45,4.45,4.45,4.45,100,2021-06-21 18:54:00,QLI
4.45,4.45,4.45,4.45,290,2021-06-21 18:57:00,QLI
4.45,4.45,4.45,4.45,100,2021-06-21 19:05:00,QLI
4.45,4.45,4.45,4.45,300,2021-06-21 19:10:00,QLI
4.4682,4.4682,4.45,4.45,534,2021-06-21 19:28:00,QLI
4.45,4.45,4.45,4.45,700,2021-06-21 19:33:00,QLI
4.45,4.45,4.45,4.45,200,2021-06-21 19:36:00,QLI
4.45,4.45,4.45,4.45,200,2021-06-21 19:40:00,QLI
4.45,4.45,4.45,4.45,200,2021-06-21 19:43:00,QLI
4.45,4.45,4.45,4.45,194,2021-06-21 19:47:00,QLI
4.45,4.45,4.45,4.45,264,2021-06-21 19:48:00,QLI
4.45,4.45,4.45,4.45,100,2021-06-21 19:49:00,QLI
4.45,4.45,4.44,4.44,1229,2021-06-21 19:50:00,QLI
4.45,4.45,4.45,4.45,500,2021-06-21 19:51:00,QLI
4.45,4.45,4.45,4.45,427,2021-06-21 19:53:00,QLI
4.45,4.45,4.45,4.45,100,2021-06-21 19:54:00,QLI
4.47,4.47,4.47,4.47,100,2021-06-21 19:57:00,QLI
4.45,4.45,4.45,4.45,100,2021-06-21 19:58:00,QLI
4.45,4.45,4.45,4.45,100,2021-06-21 19:59:00,QLI
4.46,4.46,4.46,4.46,193,2021-06-21 20:00:00,QLI
4.457,4.457,4.457,4.457,500,2021-06-22 13:38:00,QLI
4.44,4.44,4.44,4.44,350,2021-06-22 13:39:00,QLI
4.45,4.45,4.45,4.45,210,2021-06-22 13:47:00,QLI
4.41,4.42,4.41,4.42,400,2021-06-22 13:51:00,QLI
4.41,4.41,4.41,4.41,200,2021-06-22 13:58:00,QLI
4.41,4.42,4.41,4.42,264,2021-06-22 14:07:00,QLI
4.41,4.41,4.4,4.4,2694,2021-06-22 14:08:00,QLI
4.4,4.4,4.4,4.4,294,2021-06-22 14:10:00,QLI
4.4,4.4,4.4,4.4,127,2021-06-22 14:11:00,QLI
4.4,4.4,4.4,4.4,200,2021-06-22 14:15:00,QLI
4.4099,4.4099,4.4099,4.4099,125,2021-06-22 14:21:00,QLI
4.4,4.4,4.4,4.4,300,2021-06-22 14:28:00,QLI
4.39,4.39,4.39,4.39,199,2021-06-22 14:29:00,QLI
4.4,4.4001,4.39,4.4,935,2021-06-22 14:34:00,QLI
4.4,4.4,4.4,4.4,300,2021-06-22 14:35:00,QLI
4.4,4.4,4.39,4.39,1200,2021-06-22 14:36:00,QLI
4.38,4.38,4.3541,4.3541,405,2021-06-22 14:37:00,QLI
4.38,4.38,4.38,4.38,200,2021-06-22 14:40:00,QLI
4.38,4.38,4.38,4.38,195,2021-06-22 14:43:00,QLI
4.37,4.38,4.37,4.37,605,2021-06-22 14:55:00,QLI
4.38,4.39,4.375,4.38,1669,2021-06-22 15:00:00,QLI
4.38,4.38,4.38,4.38,100,2021-06-22 15:01:00,QLI
4.39,4.39,4.39,4.39,100,2021-06-22 15:04:00,QLI
4.4,4.4,4.4,4.4,2700,2021-06-22 15:05:00,QLI
4.4,4.4,4.4,4.4,1500,2021-06-22 15:06:00,QLI
4.42,4.42,4.4,4.4,560,2021-06-22 15:12:00,QLI
4.4,4.4,4.4,4.4,100,2021-06-22 15:27:00,QLI
4.401,4.41,4.401,4.41,500,2021-06-22 15:30:00,QLI
4.4,4.4,4.4,4.4,100,2021-06-22 15:31:00,QLI
4.4006,4.4006,4.4,4.4,692,2021-06-22 15:34:00,QLI
4.4,4.4,4.4,4.4,200,2021-06-22 15:36:00,QLI
4.39,4.39,4.39,4.39,660,2021-06-22 15:37:00,QLI
4.3906,4.3906,4.39,4.39,300,2021-06-22 15:39:00,QLI
4.39,4.39,4.39,4.39,100,2021-06-22 15:40:00,QLI
4.4,4.4,4.395,4.4,428,2021-06-22 15:46:00,QLI
4.42,4.42,4.42,4.42,200,2021-06-22 15:48:00,QLI
4.4,4.4,4.4,4.4,400,2021-06-22 16:02:00,QLI
4.41,4.41,4.4006,4.4006,580,2021-06-22 16:20:00,QLI
4.42,4.42,4.42,4.42,100,2021-06-22 16:40:00,QLI
4.4,4.4,4.4,4.4,535,2021-06-22 16:58:00,QLI
4.4,4.4,4.36,4.36,1333,2021-06-22 17:05:00,QLI
4.4,4.4,4.4,4.4,300,2021-06-22 17:06:00,QLI
4.4,4.4,4.4,4.4,400,2021-06-22 17:09:00,QLI
4.4,4.4,4.4,4.4,200,2021-06-22 17:37:00,QLI
4.4,4.4,4.4,4.4,164,2021-06-22 17:51:00,QLI
4.4,4.4,4.4,4.4,199,2021-06-22 18:10:00,QLI
4.4,4.4,4.4,4.4,180,2021-06-22 18:18:00,QLI
4.37,4.39,4.37,4.39,500,2021-06-22 18:20:00,QLI
4.4187,4.4187,4.4187,4.4187,500,2021-06-22 18:38:00,QLI
4.41,4.41,4.41,4.41,200,2021-06-22 18:41:00,QLI
4.41,4.41,4.41,4.41,100,2021-06-22 18:45:00,QLI
4.4,4.4,4.4,4.4,100,2021-06-22 18:57:00,QLI
4.4,4.4,4.4,4.4,400,2021-06-22 19:11:00,QLI
4.4,4.4,4.4,4.4,100,2021-06-22 19:16:00,QLI
4.4,4.4,4.38,4.38,400,2021-06-22 19:18:00,QLI
4.4,4.4,4.39,4.39,500,2021-06-22 19:22:00,QLI
4.39,4.39,4.39,4.39,100,2021-06-22 19:24:00,QLI
4.39,4.39,4.39,4.39,112,2021-06-22 19:26:00,QLI
4.3984,4.3984,4.39,4.39,400,2021-06-22 19:28:00,QLI
4.4,4.4,4.39,4.39,500,2021-06-22 19:29:00,QLI
4.39,4.39,4.39,4.39,100,2021-06-22 19:30:00,QLI
4.3999,4.3999,4.3999,4.3999,130,2021-06-22 19:32:00,QLI
4.38,4.38,4.38,4.38,300,2021-06-22 19:33:00,QLI
4.3973,4.4,4.3973,4.4,1200,2021-06-22 19:34:00,QLI
4.37,4.37,4.37,4.37,176,2021-06-22 19:48:00,QLI
4.3727,4.3727,4.35,4.35,2144,2021-06-22 19:49:00,QLI
4.37,4.37,4.37,4.37,100,2021-06-22 19:50:00,QLI
4.36,4.36,4.36,4.36,100,2021-06-22 19:51:00,QLI
4.37,4.37,4.37,4.37,200,2021-06-22 19:52:00,QLI
4.37,4.3899,4.37,4.3899,1400,2021-06-22 19:54:00,QLI
4.35,4.37,4.35,4.37,495,2021-06-22 19:56:00,QLI
4.35,4.37,4.35,4.35,1070,2021-06-22 19:57:00,QLI
4.35,4.35,4.35,4.35,100,2021-06-22 19:58:00,QLI
4.35,4.35,4.35,4.35,647,2021-06-22 19:59:00,QLI
4.37,4.37,4.37,4.37,320,2021-06-22 20:00:00,QLI
4.42,4.42,4.42,4.42,135,2021-06-23 13:46:00,QLI
4.4,4.4035,4.4,4.4035,300,2021-06-23 13:50:00,QLI
4.37,4.37,4.37,4.37,272,2021-06-23 13:51:00,QLI
4.3616,4.3616,4.3616,4.3616,150,2021-06-23 14:04:00,QLI
4.37,4.37,4.37,4.37,100,2021-06-23 14:06:00,QLI
4.3501,4.4,4.35,4.4,6213,2021-06-23 14:07:00,QLI
4.35,4.39,4.3301,4.39,6100,2021-06-23 14:08:00,QLI
4.3411,4.395,4.34,4.39,9496,2021-06-23 14:09:00,QLI
4.33,4.33,4.3001,4.3001,1938,2021-06-23 14:10:00,QLI
4.3,4.3,4.3,4.3,1499,2021-06-23 14:11:00,QLI
4.31,4.34,4.31,4.34,200,2021-06-23 14:15:00,QLI
4.34,4.34,4.34,4.34,235,2021-06-23 14:16:00,QLI
4.31,4.33,4.3,4.33,2142,2021-06-23 14:17:00,QLI
4.31,4.31,4.31,4.31,1800,2021-06-23 14:19:00,QLI
4.3165,4.3165,4.3165,4.3165,179,2021-06-23 14:20:00,QLI
4.32,4.32,4.32,4.32,100,2021-06-23 14:27:00,QLI
4.32,4.32,4.32,4.32,200,2021-06-23 14:28:00,QLI
4.35,4.35,4.35,4.35,100,2021-06-23 14:31:00,QLI
4.34,4.35,4.325,4.35,1250,2021-06-23 14:41:00,QLI
4.3058,4.3058,4.3058,4.3058,150,2021-06-23 14:46:00,QLI
4.31,4.31,4.31,4.31,100,2021-06-23 14:50:00,QLI
4.34,4.34,4.3,4.3,400,2021-06-23 14:51:00,QLI
4.3,4.3,4.28,4.28,1000,2021-06-23 15:01:00,QLI
4.3,4.3,4.3,4.3,100,2021-06-23 15:02:00,QLI
4.31,4.31,4.3,4.3,500,2021-06-23 15:03:00,QLI
4.3,4.3,4.3,4.3,100,2021-06-23 15:05:00,QLI
4.3191,4.3191,4.3191,4.3191,750,2021-06-23 15:08:00,QLI
4.3,4.3,4.3,4.3,100,2021-06-23 15:10:00,QLI
4.31,4.31,4.29,4.29,477,2021-06-23 15:13:00,QLI
4.3,4.3,4.3,4.3,200,2021-06-23 15:22:00,QLI
4.3,4.3083,4.29,4.29,1850,2021-06-23 15:30:00,QLI
4.3,4.3,4.3,4.3,100,2021-06-23 15:32:00,QLI
4.3,4.3,4.3,4.3,100,2021-06-23 15:39:00,QLI
4.3,4.3,4.3,4.3,649,2021-06-23 15:45:00,QLI
4.31,4.32,4.31,4.31,5000,2021-06-23 15:48:00,QLI
4.3,4.3,4.3,4.3,541,2021-06-23 15:53:00,QLI
4.3,4.3,4.29,4.3,2075,2021-06-23 15:54:00,QLI
4.3,4.3,4.3,4.3,100,2021-06-23 16:00:00,QLI
4.3,4.3,4.3,4.3,400,2021-06-23 16:03:00,QLI
4.3,4.3,4.3,4.3,392,2021-06-23 16:04:00,QLI
4.3191,4.3191,4.3191,4.3191,500,2021-06-23 16:13:00,QLI
4.3192,4.3192,4.3192,4.3192,1000,2021-06-23 16:22:00,QLI
4.3004,4.31,4.3,4.31,1000,2021-06-23 16:25:00,QLI
4.3,4.3,4.3,4.3,300,2021-06-23 16:31:00,QLI
4.3,4.3,4.3,4.3,300,2021-06-23 16:32:00,QLI
4.3,4.3035,4.3,4.3,1105,2021-06-23 16:35:00,QLI
4.3,4.3,4.3,4.3,300,2021-06-23 16:38:00,QLI
4.3,4.3,4.3,4.3,100,2021-06-23 16:40:00,QLI
4.3,4.3,4.3,4.3,681,2021-06-23 16:53:00,QLI
4.3,4.3,4.3,4.3,100,2021-06-23 16:54:00,QLI
4.3172,4.3172,4.3,4.3,3663,2021-06-23 17:06:00,QLI
4.3,4.3,4.3,4.3,141,2021-06-23 17:11:00,QLI
4.3,4.3,4.3,4.3,100,2021-06-23 17:13:00,QLI
4.304,4.304,4.304,4.304,100,2021-06-23 17:15:00,QLI
4.32,4.32,4.32,4.32,105,2021-06-23 17:34:00,QLI
4.3,4.3,4.3,4.3,100,2021-06-23 17:37:00,QLI
4.31,4.31,4.31,4.31,500,2021-06-23 17:41:00,QLI
4.3,4.3,4.3,4.3,134,2021-06-23 17:48:00,QLI
4.3,4.3,4.3,4.3,100,2021-06-23 17:54:00,QLI
4.3,4.3,4.3,4.3,165,2021-06-23 17:59:00,QLI
4.32,4.32,4.32,4.32,154,2021-06-23 18:09:00,QLI
4.3,4.3,4.3,4.3,830,2021-06-23 18:18:00,QLI
4.3,4.3,4.3,4.3,931,2021-06-23 18:25:00,QLI
4.31,4.31,4.31,4.31,101,2021-06-23 18:38:00,QLI
4.3,4.3,4.3,4.3,100,2021-06-23 18:40:00,QLI
4.3,4.3,4.3,4.3,153,2021-06-23 18:43:00,QLI
4.31,4.31,4.31,4.31,100,2021-06-23 18:49:00,QLI
4.3,4.3,4.3,4.3,3040,2021-06-23 18:54:00,QLI
4.3,4.3,4.3,4.3,202,2021-06-23 19:00:00,QLI
4.3,4.3,4.3,4.3,101,2021-06-23 19:02:00,QLI
4.3,4.3,4.3,4.3,400,2021-06-23 19:05:00,QLI
4.3,4.3,4.3,4.3,100,2021-06-23 19:08:00,QLI
4.32,4.32,4.32,4.32,200,2021-06-23 19:21:00,QLI
4.3,4.3,4.3,4.3,400,2021-06-23 19:26:00,QLI
4.301,4.301,4.3,4.3,3768,2021-06-23 19:27:00,QLI
4.314,4.314,4.3,4.3,200,2021-06-23 19:30:00,QLI
4.3,4.3,4.3,4.3,100,2021-06-23 19:31:00,QLI
4.3,4.3,4.28,4.3,3190,2021-06-23 19:32:00,QLI
4.3,4.3,4.3,4.3,144,2021-06-23 19:33:00,QLI
4.28,4.28,4.28,4.28,280,2021-06-23 19:34:00,QLI
4.3,4.3,4.3,4.3,324,2021-06-23 19:35:00,QLI
4.3,4.3,4.3,4.3,376,2021-06-23 19:37:00,QLI
4.28,4.28,4.28,4.28,100,2021-06-23 19:38:00,QLI
4.3,4.3,4.29,4.3,300,2021-06-23 19:40:00,QLI
4.32,4.32,4.3,4.3,200,2021-06-23 19:41:00,QLI
4.3,4.3,4.3,4.3,300,2021-06-23 19:44:00,QLI
4.28,4.28,4.28,4.28,200,2021-06-23 19:46:00,QLI
4.3,4.3,4.3,4.3,300,2021-06-23 19:48:00,QLI
4.3,4.3,4.27,4.29,2575,2021-06-23 19:50:00,QLI
4.28,4.29,4.27,4.27,900,2021-06-23 19:51:00,QLI
4.28,4.28,4.28,4.28,113,2021-06-23 19:52:00,QLI
4.29,4.29,4.26,4.27,1031,2021-06-23 19:53:00,QLI
4.27,4.29,4.22,4.22,7605,2021-06-23 19:54:00,QLI
4.25,4.27,4.24,4.26,2400,2021-06-23 19:55:00,QLI
4.26,4.27,4.25,4.2673,2900,2021-06-23 19:56:00,QLI
4.265,4.27,4.24,4.27,3930,2021-06-23 19:57:00,QLI
4.25,4.27,4.24,4.26,6047,2021-06-23 19:58:00,QLI
4.26,4.27,4.24,4.24,4818,2021-06-23 19:59:00,QLI
4.2,4.2,4.2,4.2,25905,2021-06-23 20:00:00,QLI
4.21,4.21,4.2,4.2,2990,2021-06-23 21:59:00,QLI
4.2,4.2,4.2,4.2,800,2021-06-23 22:05:00,QLI
4.21,4.21,4.21,4.21,1194,2021-06-24 13:30:00,QLI
4.22,4.22,4.22,4.22,400,2021-06-24 13:36:00,QLI
4.22,4.22,4.22,4.22,100,2021-06-24 13:54:00,QLI
4.2296,4.2296,4.2296,4.2296,100,2021-06-24 14:02:00,QLI
4.22,4.23,4.22,4.23,220,2021-06-24 14:07:00,QLI
4.21,4.21,4.21,4.21,147,2021-06-24 14:16:00,QLI
4.21,4.21,4.21,4.21,538,2021-06-24 14:17:00,QLI
4.21,4.21,4.21,4.21,133,2021-06-24 14:22:00,QLI
4.22,4.23,4.22,4.23,1121,2021-06-24 14:30:00,QLI
4.23,4.23,4.23,4.23,600,2021-06-24 14:44:00,QLI
4.23,4.23,4.23,4.23,100,2021-06-24 15:06:00,QLI
4.23,4.23,4.23,4.23,499,2021-06-24 15:36:00,QLI
4.2327,4.2327,4.2327,4.2327,106,2021-06-24 15:38:00,QLI
4.24,4.24,4.24,4.24,208,2021-06-24 15:39:00,QLI
4.25,4.25,4.25,4.25,200,2021-06-24 15:46:00,QLI
4.2322,4.26,4.2322,4.26,942,2021-06-24 15:50:00,QLI
4.2573,4.2573,4.2573,4.2573,100,2021-06-24 15:52:00,QLI
4.2573,4.26,4.2573,4.26,500,2021-06-24 15:54:00,QLI
4.2573,4.2573,4.2573,4.2573,200,2021-06-24 15:56:00,QLI
4.2573,4.26,4.2573,4.26,300,2021-06-24 15:58:00,QLI
4.23,4.26,4.22,4.22,300,2021-06-24 15:59:00,QLI
4.26,4.26,4.26,4.26,300,2021-06-24 16:00:00,QLI
4.2573,4.26,4.2573,4.26,400,2021-06-24 16:01:00,QLI
4.2573,4.26,4.2573,4.26,200,2021-06-24 16:02:00,QLI
4.3,4.4,4.3,4.4,300,2021-06-24 16:03:00,QLI
4.4,4.4,4.39,4.39,287,2021-06-24 16:04:00,QLI
4.38,4.38,4.38,4.38,200,2021-06-24 16:05:00,QLI
4.37,4.38,4.2809,4.2809,1187,2021-06-24 16:08:00,QLI
4.28,4.365,4.28,4.358,900,2021-06-24 16:12:00,QLI
4.25,4.25,4.25,4.25,100,2021-06-24 16:35:00,QLI
4.3,4.31,4.3,4.31,200,2021-06-24 17:40:00,QLI
4.3,4.3,4.28,4.28,490,2021-06-24 17:58:00,QLI
4.29,4.29,4.29,4.29,136,2021-06-24 18:00:00,QLI
4.28,4.28,4.28,4.28,263,2021-06-24 18:08:00,QLI
4.29,4.29,4.29,4.29,300,2021-06-24 18:09:00,QLI
4.29,4.29,4.29,4.29,131,2021-06-24 18:10:00,QLI
4.3,4.3,4.3,4.3,100,2021-06-24 18:19:00,QLI
4.31,4.31,4.31,4.31,100,2021-06-24 18:35:00,QLI
4.31,4.31,4.31,4.31,100,2021-06-24 18:38:00,QLI
4.31,4.31,4.31,4.31,100,2021-06-24 18:39:00,QLI
4.3,4.3,4.3,4.3,100,2021-06-24 18:47:00,QLI
4.3,4.3,4.3,4.3,100,2021-06-24 18:50:00,QLI
4.3,4.3,4.24,4.24,959,2021-06-24 18:58:00,QLI
4.2201,4.226,4.2201,4.226,1306,2021-06-24 18:59:00,QLI
4.22,4.22,4.22,4.22,200,2021-06-24 19:16:00,QLI
4.23,4.23,4.23,4.23,100,2021-06-24 19:17:00,QLI
4.26,4.26,4.26,4.26,100,2021-06-24 19:18:00,QLI
4.22,4.22,4.22,4.22,136,2021-06-24 19:42:00,QLI
4.24,4.24,4.24,4.24,260,2021-06-24 19:47:00,QLI
4.26,4.26,4.26,4.26,189,2021-06-24 19:50:00,QLI
4.23,4.23,4.23,4.23,903,2021-06-24 19:51:00,QLI
4.26,4.26,4.26,4.26,300,2021-06-24 19:55:00,QLI
4.26,4.27,4.2573,4.2673,1000,2021-06-24 19:56:00,QLI
4.2673,4.27,4.2665,4.27,1200,2021-06-24 19:57:00,QLI
4.23,4.2865,4.23,4.2816,1133,2021-06-24 19:58:00,QLI
4.23,4.28,4.23,4.28,1210,2021-06-24 19:59:00,QLI
4.24,4.24,4.24,4.24,139,2021-06-24 20:00:00,QLI
4.35,4.35,4.35,4.35,100,2021-06-24 20:59:00,QLI
4.29,4.29,4.29,4.29,200,2021-06-25 11:08:00,QLI
4.3,4.3,4.3,4.3,900,2021-06-25 11:09:00,QLI
4.3,4.3,4.291,4.2964,600,2021-06-25 13:30:00,QLI
4.29,4.29,4.29,4.29,300,2021-06-25 13:31:00,QLI
4.28,4.28,4.27,4.28,390,2021-06-25 13:32:00,QLI
4.3,4.3,4.3,4.3,200,2021-06-25 13:51:00,QLI
4.3,4.3,4.3,4.3,100,2021-06-25 13:52:00,QLI
4.2959,4.2959,4.2959,4.2959,100,2021-06-25 13:53:00,QLI
4.32,4.32,4.32,4.32,300,2021-06-25 13:58:00,QLI
4.32,4.32,4.3,4.3,4913,2021-06-25 14:03:00,QLI
4.31,4.31,4.29,4.29,1450,2021-06-25 14:04:00,QLI
4.3,4.3,4.28,4.28,5000,2021-06-25 14:06:00,QLI
4.31,4.31,4.3,4.31,1600,2021-06-25 14:07:00,QLI
4.31,4.31,4.2989,4.2989,560,2021-06-25 14:12:00,QLI
4.28,4.28,4.28,4.28,200,2021-06-25 14:13:00,QLI
4.3,4.3,4.2973,4.2973,1000,2021-06-25 14:14:00,QLI
4.3,4.3,4.29,4.29,600,2021-06-25 14:15:00,QLI
4.33,4.33,4.33,4.33,200,2021-06-25 14:21:00,QLI
4.33,4.33,4.33,4.33,100,2021-06-25 14:24:00,QLI
4.35,4.35,4.35,4.35,100,2021-06-25 14:26:00,QLI
4.35,4.35,4.35,4.35,100,2021-06-25 14:31:00,QLI
4.35,4.35,4.35,4.35,100,2021-06-25 14:40:00,QLI
4.36,4.3989,4.36,4.3989,2091,2021-06-25 14:41:00,QLI
4.37,4.37,4.36,4.36,1000,2021-06-25 14:43:00,QLI
4.375,4.4,4.375,4.4,350,2021-06-25 14:48:00,QLI
4.4,4.4,4.4,4.4,250,2021-06-25 14:59:00,QLI
4.36,4.36,4.36,4.36,100,2021-06-25 15:07:00,QLI
4.36,4.36,4.36,4.36,400,2021-06-25 15:14:00,QLI
4.39,4.39,4.39,4.39,491,2021-06-25 15:15:00,QLI
4.36,4.37,4.36,4.37,200,2021-06-25 15:20:00,QLI
4.375,4.38,4.375,4.38,251,2021-06-25 15:22:00,QLI
4.38,4.38,4.37,4.37,500,2021-06-25 15:23:00,QLI
4.385,4.385,4.385,4.385,300,2021-06-25 15:24:00,QLI
4.37,4.39,4.37,4.39,455,2021-06-25 15:27:00,QLI
4.39,4.39,4.38,4.38,200,2021-06-25 15:34:00,QLI
4.37,4.37,4.37,4.37,100,2021-06-25 15:44:00,QLI
4.3601,4.37,4.3601,4.37,200,2021-06-25 15:46:00,QLI
4.37,4.37,4.37,4.37,100,2021-06-25 15:55:00,QLI
4.37,4.37,4.37,4.37,100,2021-06-25 16:00:00,QLI
4.38,4.38,4.37,4.37,800,2021-06-25 16:12:00,QLI
4.37,4.37,4.37,4.37,600,2021-06-25 16:27:00,QLI
4.37,4.37,4.36,4.3601,2132,2021-06-25 16:57:00,QLI
4.37,4.37,4.37,4.37,100,2021-06-25 16:58:00,QLI
4.3799,4.3799,4.3799,4.3799,100,2021-06-25 17:07:00,QLI
4.3789,4.3789,4.3789,4.3789,100,2021-06-25 17:08:00,QLI
4.3799,4.3999,4.3799,4.3999,200,2021-06-25 17:10:00,QLI
4.37,4.37,4.37,4.37,100,2021-06-25 17:18:00,QLI
4.36,4.36,4.36,4.36,200,2021-06-25 17:22:00,QLI
4.36,4.36,4.36,4.36,1000,2021-06-25 17:32:00,QLI
4.37,4.37,4.35,4.35,1800,2021-06-25 17:33:00,QLI
4.37,4.4,4.3662,4.4,1000,2021-06-25 17:38:00,QLI
4.36,4.36,4.36,4.36,100,2021-06-25 17:40:00,QLI
4.35,4.35,4.35,4.35,500,2021-06-25 17:45:00,QLI
4.37,4.37,4.37,4.37,100,2021-06-25 18:00:00,QLI
4.384,4.39,4.36,4.36,1200,2021-06-25 18:21:00,QLI
4.37,4.37,4.37,4.37,100,2021-06-25 18:22:00,QLI
4.37,4.37,4.37,4.37,100,2021-06-25 18:44:00,QLI
4.37,4.37,4.37,4.37,100,2021-06-25 19:09:00,QLI
4.37,4.37,4.37,4.37,500,2021-06-25 19:24:00,QLI
4.36,4.36,4.36,4.36,1500,2021-06-25 19:25:00,QLI
4.37,4.37,4.37,4.37,100,2021-06-25 19:26:00,QLI
4.38,4.38,4.38,4.38,178,2021-06-25 19:35:00,QLI
4.3742,4.3742,4.3742,4.3742,100,2021-06-25 19:39:00,QLI
4.38,4.38,4.38,4.38,100,2021-06-25 19:41:00,QLI
4.4,4.4,4.4,4.4,200,2021-06-25 19:47:00,QLI
4.38,4.38,4.38,4.38,100,2021-06-25 19:50:00,QLI
4.39,4.4,4.39,4.4,1979,2021-06-25 19:53:00,QLI
4.39,4.39,4.37,4.37,300,2021-06-25 19:58:00,QLI
4.4,4.4,4.4,4.4,500,2021-06-25 19:59:00,QLI
4.41,4.41,4.41,4.41,200,2021-06-25 20:07:00,QLI
4.4095,4.4095,4.4095,4.4095,200,2021-06-25 20:08:00,QLI
4.4,4.4,4.4,4.4,100,2021-06-28 08:00:00,QLI
4.41,4.41,4.41,4.41,250,2021-06-28 13:16:00,QLI
4.41,4.41,4.41,4.41,180,2021-06-28 13:21:00,QLI
4.36,4.36,4.35,4.36,329,2021-06-28 13:30:00,QLI
4.35,4.35,4.35,4.35,100,2021-06-28 13:32:00,QLI
4.41,4.41,4.41,4.41,200,2021-06-28 13:47:00,QLI
4.36,4.36,4.36,4.36,100,2021-06-28 13:52:00,QLI
4.36,4.37,4.36,4.37,551,2021-06-28 13:57:00,QLI
4.41,4.41,4.41,4.41,200,2021-06-28 13:58:00,QLI
4.37,4.37,4.37,4.37,100,2021-06-28 14:03:00,QLI
4.37,4.37,4.37,4.37,100,2021-06-28 14:05:00,QLI
4.37,4.37,4.37,4.37,100,2021-06-28 14:10:00,QLI
4.38,4.38,4.38,4.38,100,2021-06-28 14:15:00,QLI
4.38,4.38,4.38,4.38,100,2021-06-28 14:18:00,QLI
4.38,4.38,4.36,4.36,3228,2021-06-28 14:23:00,QLI
4.36,4.36,4.36,4.36,100,2021-06-28 14:31:00,QLI
4.3501,4.36,4.34,4.34,3400,2021-06-28 14:34:00,QLI
4.34,4.35,4.34,4.35,1400,2021-06-28 14:36:00,QLI
4.35,4.35,4.35,4.35,100,2021-06-28 14:48:00,QLI
4.35,4.35,4.34,4.35,900,2021-06-28 14:51:00,QLI
4.33,4.33,4.32,4.32,3709,2021-06-28 14:52:00,QLI
4.34,4.34,4.25,4.25,8932,2021-06-28 14:53:00,QLI
4.26,4.27,4.25,4.25,2436,2021-06-28 14:54:00,QLI
4.27,4.27,4.23,4.23,7374,2021-06-28 14:55:00,QLI
4.25,4.25,4.25,4.25,100,2021-06-28 14:56:00,QLI
4.23,4.23,4.23,4.23,100,2021-06-28 15:06:00,QLI
4.25,4.25,4.23,4.25,500,2021-06-28 15:09:00,QLI
4.2937,4.2937,4.2937,4.2937,100,2021-06-28 15:10:00,QLI
4.275,4.299,4.275,4.299,300,2021-06-28 15:11:00,QLI
4.29,4.29,4.29,4.29,100,2021-06-28 15:12:00,QLI
4.2894,4.2894,4.25,4.26,375,2021-06-28 15:26:00,QLI
4.2829,4.2829,4.2829,4.2829,100,2021-06-28 15:34:00,QLI
4.2829,4.2829,4.2829,4.2829,100,2021-06-28 15:38:00,QLI
4.24,4.24,4.24,4.24,100,2021-06-28 15:40:00,QLI
4.25,4.25,4.25,4.25,100,2021-06-28 15:54:00,QLI
4.24,4.24,4.24,4.24,100,2021-06-28 16:04:00,QLI
4.241,4.241,4.241,4.241,431,2021-06-28 16:06:00,QLI
4.25,4.25,4.25,4.25,100,2021-06-28 16:07:00,QLI
4.26,4.26,4.26,4.26,100,2021-06-28 16:23:00,QLI
4.28,4.28,4.28,4.28,400,2021-06-28 16:24:00,QLI
4.26,4.26,4.26,4.26,100,2021-06-28 16:28:00,QLI
4.2573,4.2584,4.25,4.25,907,2021-06-28 16:32:00,QLI
4.2573,4.26,4.25,4.2573,1100,2021-06-28 16:35:00,QLI
4.25,4.25,4.25,4.25,100,2021-06-28 16:43:00,QLI
4.2573,4.2573,4.2573,4.2573,100,2021-06-28 16:45:00,QLI
4.2588,4.2588,4.2588,4.2588,100,2021-06-28 16:50:00,QLI
4.2599,4.2599,4.2599,4.2599,300,2021-06-28 17:02:00,QLI
4.26,4.26,4.26,4.26,1000,2021-06-28 17:12:00,QLI
4.245,4.245,4.245,4.245,100,2021-06-28 17:21:00,QLI
4.2573,4.26,4.25,4.25,400,2021-06-28 17:34:00,QLI
4.25,4.25,4.25,4.25,100,2021-06-28 17:36:00,QLI
4.2573,4.26,4.25,4.25,800,2021-06-28 17:37:00,QLI
4.24,4.24,4.24,4.24,100,2021-06-28 17:43:00,QLI
4.254,4.254,4.254,4.254,100,2021-06-28 18:01:00,QLI
4.25,4.25,4.25,4.25,100,2021-06-28 18:47:00,QLI
4.2573,4.2573,4.25,4.2573,458,2021-06-28 18:49:00,QLI
4.26,4.26,4.26,4.26,231,2021-06-28 18:59:00,QLI
4.26,4.26,4.26,4.26,100,2021-06-28 19:27:00,QLI
4.25,4.25,4.25,4.25,100,2021-06-28 19:31:00,QLI
4.245,4.245,4.245,4.245,100,2021-06-28 19:39:00,QLI
4.25,4.25,4.25,4.25,100,2021-06-28 19:44:00,QLI
4.26,4.26,4.2573,4.2573,700,2021-06-28 19:51:00,QLI
4.25,4.26,4.25,4.26,900,2021-06-28 19:52:00,QLI
4.26,4.29,4.26,4.284,548,2021-06-28 19:53:00,QLI
4.28,4.29,4.2773,4.28,800,2021-06-28 19:54:00,QLI
4.2773,4.28,4.2765,4.28,500,2021-06-28 19:55:00,QLI
4.28,4.3,4.28,4.2936,600,2021-06-28 19:56:00,QLI
4.28,4.28,4.28,4.28,100,2021-06-28 19:58:00,QLI
4.26,4.3,4.26,4.3,234,2021-06-28 19:59:00,QLI
4.27,4.27,4.27,4.27,127,2021-06-28 20:00:00,QLI
4.35,4.35,4.35,4.35,100,2021-06-29 12:05:00,QLI
4.295,4.295,4.295,4.295,100,2021-06-29 13:35:00,QLI
4.34,4.34,4.34,4.34,100,2021-06-29 14:08:00,QLI
4.34,4.34,4.34,4.34,238,2021-06-29 14:14:00,QLI
4.34,4.34,4.34,4.34,150,2021-06-29 14:15:00,QLI
4.28,4.28,4.28,4.28,400,2021-06-29 14:26:00,QLI
4.31,4.31,4.31,4.31,100,2021-06-29 14:31:00,QLI
4.29,4.31,4.29,4.31,300,2021-06-29 14:42:00,QLI
4.3001,4.3001,4.3001,4.3001,100,2021-06-29 14:49:00,QLI
4.305,4.305,4.305,4.305,120,2021-06-29 15:09:00,QLI
4.28,4.28,4.28,4.28,400,2021-06-29 15:18:00,QLI
4.31,4.31,4.31,4.31,100,2021-06-29 15:47:00,QLI
4.29,4.299,4.29,4.299,490,2021-06-29 16:05:00,QLI
4.3,4.3,4.3,4.3,100,2021-06-29 16:10:00,QLI
4.2869,4.3,4.2869,4.3,600,2021-06-29 16:12:00,QLI
4.275,4.275,4.275,4.275,175,2021-06-29 16:26:00,QLI
4.2799,4.2799,4.2799,4.2799,232,2021-06-29 16:30:00,QLI
4.26,4.26,4.26,4.26,117,2021-06-29 16:56:00,QLI
4.2966,4.2966,4.2966,4.2966,233,2021-06-29 17:01:00,QLI
4.28,4.28,4.28,4.28,400,2021-06-29 17:32:00,QLI
4.3,4.31,4.3,4.31,1115,2021-06-29 17:35:00,QLI
4.3,4.3,4.3,4.3,100,2021-06-29 17:37:00,QLI
4.3001,4.3001,4.3001,4.3001,100,2021-06-29 17:38:00,QLI
4.3,4.3,4.3,4.3,300,2021-06-29 17:39:00,QLI
4.3,4.3,4.3,4.3,4074,2021-06-29 17:40:00,QLI
4.3099,4.3099,4.3099,4.3099,800,2021-06-29 17:52:00,QLI
4.31,4.32,4.31,4.32,1410,2021-06-29 17:53:00,QLI
4.28,4.28,4.28,4.28,400,2021-06-29 18:07:00,QLI
4.28,4.29,4.28,4.28,600,2021-06-29 18:08:00,QLI
4.305,4.305,4.305,4.305,531,2021-06-29 18:10:00,QLI
4.3,4.3,4.3,4.3,200,2021-06-29 18:26:00,QLI
4.2801,4.2801,4.2801,4.2801,200,2021-06-29 18:41:00,QLI
4.28,4.28,4.28,4.28,100,2021-06-29 19:04:00,QLI
4.28,4.28,4.28,4.28,200,2021-06-29 19:12:00,QLI
4.28,4.28,4.28,4.28,465,2021-06-29 19:38:00,QLI
4.29,4.29,4.29,4.29,100,2021-06-29 19:41:00,QLI
4.3,4.3,4.3,4.3,100,2021-06-29 19:42:00,QLI
4.29,4.315,4.29,4.315,300,2021-06-29 19:55:00,QLI
4.3,4.3,4.3,4.3,100,2021-06-29 19:57:00,QLI
4.33,4.33,4.33,4.33,222,2021-06-29 20:00:00,QLI
4.33,4.33,4.33,4.33,112,2021-06-29 22:11:00,QLI
4.35,4.35,4.35,4.35,142,2021-06-29 23:21:00,QLI
4.32,4.33,4.32,4.33,500,2021-06-30 09:01:00,QLI
4.28,4.33,4.28,4.33,408,2021-06-30 13:30:00,QLI
4.35,4.35,4.35,4.35,116,2021-06-30 13:34:00,QLI
4.34,4.34,4.34,4.34,100,2021-06-30 13:35:00,QLI
4.3,4.3,4.28,4.28,800,2021-06-30 13:44:00,QLI
4.2716,4.2716,4.2716,4.2716,360,2021-06-30 13:53:00,QLI
4.2959,4.2959,4.2959,4.2959,100,2021-06-30 13:54:00,QLI
4.2744,4.2744,4.2744,4.2744,126,2021-06-30 13:56:00,QLI
4.3,4.3,4.3,4.3,100,2021-06-30 14:06:00,QLI
4.27,4.27,4.27,4.27,100,2021-06-30 14:13:00,QLI
4.27,4.2701,4.24,4.24,1100,2021-06-30 14:15:00,QLI
4.2501,4.2501,4.2501,4.2501,5430,2021-06-30 14:16:00,QLI
4.26,4.26,4.26,4.26,100,2021-06-30 14:26:00,QLI
4.25,4.251,4.25,4.251,625,2021-06-30 14:32:00,QLI
4.251,4.251,4.25,4.25,629,2021-06-30 14:35:00,QLI
4.21,4.21,4.21,4.21,125,2021-06-30 14:36:00,QLI
4.23,4.23,4.23,4.23,100,2021-06-30 14:48:00,QLI
4.23,4.23,4.23,4.23,110,2021-06-30 14:56:00,QLI
4.2772,4.2772,4.2772,4.2772,250,2021-06-30 15:07:00,QLI
4.23,4.23,4.23,4.23,100,2021-06-30 15:09:00,QLI
4.23,4.23,4.23,4.23,1000,2021-06-30 15:10:00,QLI
4.22,4.22,4.22,4.22,200,2021-06-30 15:17:00,QLI
4.25,4.25,4.235,4.235,1023,2021-06-30 15:23:00,QLI
4.25,4.25,4.25,4.25,200,2021-06-30 15:24:00,QLI
4.25,4.25,4.23,4.23,200,2021-06-30 15:34:00,QLI
4.23,4.24,4.23,4.24,800,2021-06-30 15:41:00,QLI
4.23,4.23,4.22,4.22,300,2021-06-30 15:42:00,QLI
4.22,4.235,4.22,4.235,500,2021-06-30 15:51:00,QLI
4.2499,4.2499,4.2499,4.2499,500,2021-06-30 15:54:00,QLI
4.235,4.235,4.235,4.235,100,2021-06-30 15:56:00,QLI
4.23,4.25,4.23,4.25,200,2021-06-30 16:04:00,QLI
4.22,4.22,4.22,4.22,667,2021-06-30 16:15:00,QLI
4.2313,4.2313,4.2313,4.2313,2000,2021-06-30 16:28:00,QLI
4.25,4.25,4.25,4.25,660,2021-06-30 16:33:00,QLI
4.25,4.25,4.25,4.25,100,2021-06-30 16:46:00,QLI
4.25,4.25,4.25,4.25,200,2021-06-30 16:54:00,QLI
4.26,4.26,4.26,4.26,100,2021-06-30 17:03:00,QLI
4.25,4.25,4.25,4.25,200,2021-06-30 17:12:00,QLI
4.24,4.24,4.24,4.24,500,2021-06-30 17:33:00,QLI
4.25,4.25,4.25,4.25,500,2021-06-30 17:35:00,QLI
4.25,4.25,4.25,4.25,200,2021-06-30 17:40:00,QLI
4.22,4.22,4.22,4.22,2000,2021-06-30 17:42:00,QLI
4.2301,4.2301,4.2301,4.2301,242,2021-06-30 18:40:00,QLI
4.23,4.23,4.23,4.23,100,2021-06-30 18:49:00,QLI
4.22,4.22,4.22,4.22,700,2021-06-30 19:13:00,QLI
4.23,4.23,4.23,4.23,567,2021-06-30 19:21:00,QLI
4.22,4.22,4.22,4.22,5552,2021-06-30 19:22:00,QLI
4.21,4.2105,4.21,4.21,600,2021-06-30 19:24:00,QLI
4.2195,4.22,4.2195,4.22,800,2021-06-30 19:36:00,QLI
4.21,4.2105,4.21,4.21,1415,2021-06-30 19:48:00,QLI
4.22,4.22,4.21,4.21,1400,2021-06-30 19:49:00,QLI
4.21,4.21,4.21,4.21,225,2021-06-30 19:50:00,QLI
4.2288,4.2288,4.2288,4.2288,142,2021-06-30 19:54:00,QLI
4.21,4.21,4.21,4.21,340,2021-06-30 19:56:00,QLI
4.21,4.21,4.21,4.21,135,2021-06-30 19:57:00,QLI
4.21,4.21,4.21,4.21,500,2021-06-30 19:59:00,QLI
4.21,4.21,4.21,4.21,136,2021-06-30 20:00:00,QLI
4.21,4.21,4.21,4.21,104,2021-06-30 20:12:00,QLI
4.21,4.21,4.21,4.21,500,2021-06-30 22:11:00,QLI
