open,high,low,close,volume,datetime,symbol
17.24,17.3,17.22,17.22,5035,2021-06-01 13:30:00,TBPH
17.38,17.38,17.38,17.38,119,2021-06-01 13:36:00,TBPH
17.3794,17.3794,17.27,17.27,700,2021-06-01 13:37:00,TBPH
17.41,17.42,17.41,17.42,200,2021-06-01 13:43:00,TBPH
17.3,17.3,17.17,17.17,3380,2021-06-01 13:48:00,TBPH
17.21,17.26,17.2,17.22,1212,2021-06-01 13:51:00,TBPH
17.29,17.29,17.27,17.27,1300,2021-06-01 13:52:00,TBPH
17.26,17.26,17.19,17.19,2268,2021-06-01 13:53:00,TBPH
17.23,17.255,17.23,17.255,300,2021-06-01 14:05:00,TBPH
17.27,17.27,17.27,17.27,100,2021-06-01 14:07:00,TBPH
17.28,17.28,17.28,17.28,2000,2021-06-01 14:12:00,TBPH
17.26,17.26,17.23,17.23,200,2021-06-01 14:14:00,TBPH
17.25,17.29,17.24,17.26,600,2021-06-01 14:18:00,TBPH
17.32,17.41,17.32,17.3201,627,2021-06-01 14:19:00,TBPH
17.33,17.35,17.31,17.31,1118,2021-06-01 14:23:00,TBPH
17.37,17.37,17.35,17.35,200,2021-06-01 14:25:00,TBPH
17.35,17.35,17.35,17.35,300,2021-06-01 14:26:00,TBPH
17.37,17.37,17.34,17.34,200,2021-06-01 14:27:00,TBPH
17.43,17.43,17.4,17.4,600,2021-06-01 14:31:00,TBPH
17.45,17.47,17.35,17.35,5533,2021-06-01 14:32:00,TBPH
17.364,17.364,17.32,17.32,1100,2021-06-01 14:34:00,TBPH
17.37,17.37,17.37,17.37,100,2021-06-01 14:35:00,TBPH
17.3,17.3,17.3,17.3,100,2021-06-01 14:37:00,TBPH
17.265,17.265,17.24,17.24,200,2021-06-01 14:45:00,TBPH
17.22,17.24,17.22,17.24,222,2021-06-01 14:47:00,TBPH
17.21,17.22,17.21,17.21,300,2021-06-01 14:52:00,TBPH
17.255,17.255,17.255,17.255,100,2021-06-01 14:55:00,TBPH
17.26,17.26,17.26,17.26,100,2021-06-01 14:57:00,TBPH
17.23,17.23,17.23,17.23,100,2021-06-01 14:58:00,TBPH
17.215,17.215,17.215,17.215,100,2021-06-01 15:00:00,TBPH
17.25,17.25,17.245,17.245,200,2021-06-01 15:01:00,TBPH
17.28,17.28,17.28,17.28,117,2021-06-01 15:03:00,TBPH
17.28,17.29,17.28,17.28,400,2021-06-01 15:06:00,TBPH
17.29,17.31,17.27,17.27,620,2021-06-01 15:08:00,TBPH
17.27,17.28,17.27,17.27,400,2021-06-01 15:09:00,TBPH
17.3,17.3,17.3,17.3,420,2021-06-01 15:10:00,TBPH
17.32,17.32,17.32,17.32,100,2021-06-01 15:12:00,TBPH
17.35,17.35,17.34,17.35,300,2021-06-01 15:22:00,TBPH
17.3,17.32,17.27,17.27,600,2021-06-01 15:23:00,TBPH
17.26,17.26,17.26,17.26,100,2021-06-01 15:24:00,TBPH
17.24,17.24,17.24,17.24,100,2021-06-01 15:28:00,TBPH
17.23,17.23,17.23,17.23,2900,2021-06-01 15:30:00,TBPH
17.23,17.23,17.23,17.23,100,2021-06-01 15:34:00,TBPH
17.27,17.27,17.27,17.27,100,2021-06-01 15:37:00,TBPH
17.275,17.31,17.275,17.31,400,2021-06-01 15:47:00,TBPH
17.31,17.31,17.31,17.31,100,2021-06-01 15:52:00,TBPH
17.4,17.42,17.4,17.42,300,2021-06-01 15:55:00,TBPH
17.46,17.46,17.46,17.46,300,2021-06-01 16:06:00,TBPH
17.44,17.44,17.43,17.43,600,2021-06-01 16:07:00,TBPH
17.45,17.46,17.44,17.46,1098,2021-06-01 16:10:00,TBPH
17.42,17.42,17.42,17.42,200,2021-06-01 16:11:00,TBPH
17.415,17.43,17.4,17.4,1167,2021-06-01 16:12:00,TBPH
17.415,17.49,17.415,17.49,2409,2021-06-01 16:13:00,TBPH
17.46,17.46,17.46,17.46,100,2021-06-01 16:14:00,TBPH
17.5,17.5,17.49,17.49,300,2021-06-01 16:20:00,TBPH
17.5,17.5,17.496,17.496,500,2021-06-01 16:21:00,TBPH
17.47,17.52,17.47,17.52,600,2021-06-01 16:22:00,TBPH
17.49,17.49,17.49,17.49,100,2021-06-01 16:24:00,TBPH
17.495,17.5,17.49,17.495,1700,2021-06-01 16:25:00,TBPH
17.5,17.5,17.5,17.5,100,2021-06-01 16:27:00,TBPH
17.5,17.5,17.5,17.5,996,2021-06-01 16:32:00,TBPH
17.48,17.525,17.48,17.5,1216,2021-06-01 16:33:00,TBPH
17.51,17.52,17.51,17.52,300,2021-06-01 16:37:00,TBPH
17.5,17.515,17.5,17.5,1840,2021-06-01 16:39:00,TBPH
17.53,17.53,17.53,17.53,300,2021-06-01 16:41:00,TBPH
17.5,17.5,17.5,17.5,100,2021-06-01 16:42:00,TBPH
17.53,17.53,17.52,17.53,800,2021-06-01 16:43:00,TBPH
17.53,17.53,17.53,17.53,200,2021-06-01 16:44:00,TBPH
17.54,17.54,17.51,17.51,500,2021-06-01 16:45:00,TBPH
17.5,17.5,17.5,17.5,100,2021-06-01 16:49:00,TBPH
17.49,17.5,17.48,17.49,800,2021-06-01 16:50:00,TBPH
17.5,17.5,17.49,17.5,400,2021-06-01 16:52:00,TBPH
17.52,17.53,17.52,17.53,200,2021-06-01 16:58:00,TBPH
17.535,17.535,17.535,17.535,100,2021-06-01 16:59:00,TBPH
17.53,17.53,17.52,17.52,600,2021-06-01 17:01:00,TBPH
17.5,17.5,17.5,17.5,100,2021-06-01 17:03:00,TBPH
17.5,17.5,17.5,17.5,300,2021-06-01 17:05:00,TBPH
17.51,17.51,17.5,17.5,400,2021-06-01 17:07:00,TBPH
17.54,17.54,17.54,17.54,300,2021-06-01 17:11:00,TBPH
17.57,17.59,17.57,17.59,200,2021-06-01 17:17:00,TBPH
17.58,17.58,17.58,17.58,200,2021-06-01 17:21:00,TBPH
17.6,17.6,17.6,17.6,100,2021-06-01 17:22:00,TBPH
17.585,17.585,17.585,17.585,200,2021-06-01 17:25:00,TBPH
17.57,17.575,17.545,17.545,1000,2021-06-01 17:26:00,TBPH
17.52,17.52,17.52,17.52,100,2021-06-01 17:27:00,TBPH
17.5,17.5,17.48,17.49,1600,2021-06-01 17:29:00,TBPH
17.49,17.52,17.49,17.51,4811,2021-06-01 17:30:00,TBPH
17.5,17.5,17.49,17.5,800,2021-06-01 17:31:00,TBPH
17.51,17.51,17.5,17.5,415,2021-06-01 17:32:00,TBPH
17.5,17.5,17.5,17.5,200,2021-06-01 17:36:00,TBPH
17.5,17.52,17.48,17.51,4809,2021-06-01 17:38:00,TBPH
17.53,17.53,17.51,17.51,600,2021-06-01 17:41:00,TBPH
17.52,17.52,17.52,17.52,100,2021-06-01 17:42:00,TBPH
17.5,17.5,17.5,17.5,100,2021-06-01 17:45:00,TBPH
17.5,17.5,17.5,17.5,100,2021-06-01 17:47:00,TBPH
17.51,17.51,17.5,17.5,300,2021-06-01 17:48:00,TBPH
17.5,17.52,17.5,17.52,300,2021-06-01 17:51:00,TBPH
17.51,17.51,17.51,17.51,143,2021-06-01 17:53:00,TBPH
17.5,17.5,17.5,17.5,100,2021-06-01 17:54:00,TBPH
17.53,17.53,17.53,17.53,500,2021-06-01 17:55:00,TBPH
17.55,17.55,17.54,17.55,400,2021-06-01 17:57:00,TBPH
17.55,17.565,17.55,17.565,1011,2021-06-01 18:01:00,TBPH
17.565,17.59,17.565,17.59,200,2021-06-01 18:02:00,TBPH
17.56,17.56,17.56,17.56,100,2021-06-01 18:03:00,TBPH
17.53,17.54,17.53,17.54,400,2021-06-01 18:04:00,TBPH
17.55,17.55,17.5,17.5,800,2021-06-01 18:07:00,TBPH
17.5,17.5,17.5,17.5,100,2021-06-01 18:08:00,TBPH
17.5,17.5,17.5,17.5,100,2021-06-01 18:11:00,TBPH
17.51,17.51,17.5,17.5,200,2021-06-01 18:12:00,TBPH
17.5,17.52,17.49,17.52,1318,2021-06-01 18:13:00,TBPH
17.5,17.5,17.5,17.5,100,2021-06-01 18:14:00,TBPH
17.51,17.51,17.51,17.51,100,2021-06-01 18:17:00,TBPH
17.5,17.5,17.5,17.5,100,2021-06-01 18:19:00,TBPH
17.53,17.54,17.53,17.54,600,2021-06-01 18:21:00,TBPH
17.52,17.52,17.5,17.5,400,2021-06-01 18:22:00,TBPH
17.515,17.515,17.515,17.515,100,2021-06-01 18:24:00,TBPH
17.5,17.5,17.5,17.5,100,2021-06-01 18:25:00,TBPH
17.515,17.515,17.515,17.515,100,2021-06-01 18:27:00,TBPH
17.5,17.5,17.5,17.5,100,2021-06-01 18:28:00,TBPH
17.49,17.51,17.49,17.5,900,2021-06-01 18:29:00,TBPH
17.52,17.52,17.51,17.52,1000,2021-06-01 18:30:00,TBPH
17.52,17.53,17.52,17.53,300,2021-06-01 18:31:00,TBPH
17.52,17.52,17.52,17.52,200,2021-06-01 18:32:00,TBPH
17.52,17.52,17.51,17.51,300,2021-06-01 18:33:00,TBPH
17.5,17.51,17.49,17.5,4179,2021-06-01 18:34:00,TBPH
17.5,17.5,17.5,17.5,100,2021-06-01 18:36:00,TBPH
17.5,17.5,17.5,17.5,100,2021-06-01 18:37:00,TBPH
17.53,17.53,17.53,17.53,300,2021-06-01 18:38:00,TBPH
17.55,17.55,17.54,17.54,300,2021-06-01 18:42:00,TBPH
17.56,17.56,17.52,17.53,500,2021-06-01 18:43:00,TBPH
17.52,17.52,17.52,17.52,100,2021-06-01 18:44:00,TBPH
17.53,17.53,17.52,17.52,201,2021-06-01 18:45:00,TBPH
17.52,17.52,17.51,17.51,900,2021-06-01 18:46:00,TBPH
17.5,17.5,17.5,17.5,300,2021-06-01 18:48:00,TBPH
17.49,17.51,17.49,17.51,2300,2021-06-01 18:51:00,TBPH
17.49,17.49,17.49,17.49,300,2021-06-01 18:52:00,TBPH
17.48,17.48,17.45,17.45,424,2021-06-01 18:53:00,TBPH
17.44,17.44,17.44,17.44,872,2021-06-01 18:54:00,TBPH
17.45,17.45,17.45,17.45,200,2021-06-01 18:55:00,TBPH
17.45,17.45,17.45,17.45,100,2021-06-01 18:57:00,TBPH
17.44,17.44,17.44,17.44,100,2021-06-01 18:58:00,TBPH
17.45,17.45,17.45,17.45,200,2021-06-01 18:59:00,TBPH
17.49,17.49,17.45,17.45,200,2021-06-01 19:00:00,TBPH
17.4471,17.49,17.4471,17.49,240,2021-06-01 19:01:00,TBPH
17.45,17.45,17.45,17.45,100,2021-06-01 19:02:00,TBPH
17.49,17.49,17.49,17.49,100,2021-06-01 19:03:00,TBPH
17.49,17.51,17.49,17.51,300,2021-06-01 19:04:00,TBPH
17.51,17.51,17.51,17.51,100,2021-06-01 19:05:00,TBPH
17.5,17.5,17.5,17.5,100,2021-06-01 19:06:00,TBPH
17.5,17.5,17.48,17.48,600,2021-06-01 19:07:00,TBPH
17.47,17.49,17.445,17.445,1501,2021-06-01 19:08:00,TBPH
17.45,17.45,17.45,17.45,400,2021-06-01 19:09:00,TBPH
17.44,17.45,17.44,17.445,1100,2021-06-01 19:10:00,TBPH
17.445,17.445,17.43,17.435,1100,2021-06-01 19:11:00,TBPH
17.46,17.46,17.46,17.46,300,2021-06-01 19:12:00,TBPH
17.46,17.46,17.46,17.46,100,2021-06-01 19:13:00,TBPH
17.47,17.47,17.47,17.47,100,2021-06-01 19:18:00,TBPH
17.48,17.48,17.45,17.45,400,2021-06-01 19:20:00,TBPH
17.44,17.445,17.41,17.41,1272,2021-06-01 19:21:00,TBPH
17.395,17.395,17.39,17.39,600,2021-06-01 19:22:00,TBPH
17.39,17.41,17.39,17.41,1100,2021-06-01 19:23:00,TBPH
17.41,17.41,17.39,17.39,205,2021-06-01 19:25:00,TBPH
17.41,17.41,17.38,17.38,900,2021-06-01 19:27:00,TBPH
17.395,17.4,17.395,17.395,500,2021-06-01 19:29:00,TBPH
17.395,17.395,17.395,17.395,600,2021-06-01 19:30:00,TBPH
17.4,17.4,17.39,17.39,600,2021-06-01 19:32:00,TBPH
17.39,17.395,17.39,17.395,665,2021-06-01 19:33:00,TBPH
17.39,17.39,17.37,17.38,1278,2021-06-01 19:34:00,TBPH
17.38,17.4,17.38,17.39,849,2021-06-01 19:35:00,TBPH
17.4,17.4,17.4,17.4,100,2021-06-01 19:36:00,TBPH
17.4,17.41,17.4,17.41,489,2021-06-01 19:37:00,TBPH
17.42,17.45,17.41,17.41,748,2021-06-01 19:38:00,TBPH
17.42,17.42,17.4,17.42,300,2021-06-01 19:39:00,TBPH
17.42,17.42,17.405,17.41,1000,2021-06-01 19:40:00,TBPH
17.41,17.41,17.4,17.4,200,2021-06-01 19:41:00,TBPH
17.4,17.4,17.39,17.39,300,2021-06-01 19:42:00,TBPH
17.36,17.36,17.36,17.36,100,2021-06-01 19:43:00,TBPH
17.39,17.4,17.39,17.4,200,2021-06-01 19:44:00,TBPH
17.39,17.39,17.38,17.39,500,2021-06-01 19:45:00,TBPH
17.4,17.4,17.4,17.4,100,2021-06-01 19:46:00,TBPH
17.385,17.385,17.36,17.36,600,2021-06-01 19:47:00,TBPH
17.365,17.365,17.365,17.365,218,2021-06-01 19:48:00,TBPH
17.35,17.36,17.34,17.34,1180,2021-06-01 19:50:00,TBPH
17.33,17.33,17.32,17.32,479,2021-06-01 19:51:00,TBPH
17.33,17.33,17.33,17.33,200,2021-06-01 19:52:00,TBPH
17.32,17.34,17.32,17.33,2900,2021-06-01 19:53:00,TBPH
17.33,17.33,17.32,17.32,300,2021-06-01 19:54:00,TBPH
17.35,17.36,17.33,17.36,400,2021-06-01 19:55:00,TBPH
17.36,17.36,17.35,17.36,1300,2021-06-01 19:56:00,TBPH
17.36,17.4,17.34,17.4,1861,2021-06-01 19:57:00,TBPH
17.4,17.4,17.35,17.38,3020,2021-06-01 19:58:00,TBPH
17.38,17.41,17.38,17.41,1876,2021-06-01 19:59:00,TBPH
17.38,17.38,17.38,17.38,33117,2021-06-01 20:00:00,TBPH
17.52,17.61,17.52,17.61,3217,2021-06-02 13:30:00,TBPH
17.5479,17.67,17.5479,17.67,300,2021-06-02 13:33:00,TBPH
17.54,17.54,17.54,17.54,100,2021-06-02 13:38:00,TBPH
17.46,17.55,17.46,17.55,600,2021-06-02 13:40:00,TBPH
17.5475,17.5475,17.5475,17.5475,300,2021-06-02 13:45:00,TBPH
17.61,17.61,17.61,17.61,100,2021-06-02 13:46:00,TBPH
17.52,17.52,17.51,17.51,200,2021-06-02 13:49:00,TBPH
17.52,17.56,17.52,17.56,200,2021-06-02 13:50:00,TBPH
17.57,17.57,17.57,17.57,100,2021-06-02 13:53:00,TBPH
17.46,17.499,17.43,17.43,423,2021-06-02 13:56:00,TBPH
17.46,17.46,17.46,17.46,400,2021-06-02 14:00:00,TBPH
17.46,17.46,17.46,17.46,260,2021-06-02 14:01:00,TBPH
17.41,17.41,17.41,17.41,100,2021-06-02 14:05:00,TBPH
17.37,17.4,17.37,17.4,300,2021-06-02 14:07:00,TBPH
17.39,17.39,17.39,17.39,100,2021-06-02 14:12:00,TBPH
17.36,17.36,17.36,17.36,100,2021-06-02 14:15:00,TBPH
17.39,17.39,17.39,17.39,100,2021-06-02 14:22:00,TBPH
17.41,17.41,17.39,17.39,300,2021-06-02 14:23:00,TBPH
17.42,17.42,17.42,17.42,200,2021-06-02 14:33:00,TBPH
17.39,17.39,17.37,17.37,500,2021-06-02 14:34:00,TBPH
17.33,17.33,17.32,17.32,300,2021-06-02 14:36:00,TBPH
17.34,17.34,17.34,17.34,200,2021-06-02 14:41:00,TBPH
17.39,17.39,17.39,17.39,100,2021-06-02 14:47:00,TBPH
17.36,17.36,17.34,17.35,300,2021-06-02 14:55:00,TBPH
17.3359,17.3359,17.3359,17.3359,150,2021-06-02 14:56:00,TBPH
17.33,17.33,17.3299,17.33,655,2021-06-02 14:58:00,TBPH
17.35,17.35,17.35,17.35,600,2021-06-02 15:02:00,TBPH
17.33,17.33,17.32,17.32,200,2021-06-02 15:04:00,TBPH
17.3,17.31,17.3,17.31,300,2021-06-02 15:05:00,TBPH
17.25,17.25,17.24,17.25,800,2021-06-02 15:11:00,TBPH
17.27,17.27,17.27,17.27,100,2021-06-02 15:19:00,TBPH
17.3,17.3,17.3,17.3,100,2021-06-02 15:21:00,TBPH
17.3,17.34,17.3,17.34,400,2021-06-02 15:23:00,TBPH
17.35,17.36,17.33,17.33,600,2021-06-02 15:26:00,TBPH
17.32,17.32,17.32,17.32,200,2021-06-02 15:32:00,TBPH
17.28,17.29,17.27,17.27,500,2021-06-02 15:41:00,TBPH
17.23,17.23,17.23,17.23,200,2021-06-02 15:46:00,TBPH
17.19,17.19,17.19,17.19,100,2021-06-02 15:52:00,TBPH
17.23,17.23,17.21,17.21,809,2021-06-02 15:53:00,TBPH
17.21,17.21,17.21,17.21,100,2021-06-02 15:54:00,TBPH
17.175,17.19,17.175,17.19,528,2021-06-02 15:58:00,TBPH
17.16,17.16,17.16,17.16,200,2021-06-02 15:59:00,TBPH
17.12,17.12,17.12,17.12,200,2021-06-02 16:02:00,TBPH
17.12,17.12,17.12,17.12,700,2021-06-02 16:03:00,TBPH
17.12,17.14,17.1,17.13,2194,2021-06-02 16:04:00,TBPH
17.12,17.13,17.115,17.12,1746,2021-06-02 16:05:00,TBPH
17.12,17.15,17.12,17.12,1800,2021-06-02 16:06:00,TBPH
17.12,17.12,17.12,17.12,1028,2021-06-02 16:07:00,TBPH
17.12,17.13,17.12,17.12,500,2021-06-02 16:08:00,TBPH
17.12,17.12,17.09,17.09,2406,2021-06-02 16:09:00,TBPH
17.08,17.08,17.06,17.06,871,2021-06-02 16:10:00,TBPH
17.055,17.07,17.055,17.06,500,2021-06-02 16:11:00,TBPH
17.05,17.05,17.05,17.05,100,2021-06-02 16:12:00,TBPH
17.05,17.05,17.05,17.05,100,2021-06-02 16:15:00,TBPH
17.04,17.04,17.03,17.03,633,2021-06-02 16:19:00,TBPH
17.02,17.02,17.02,17.02,100,2021-06-02 16:20:00,TBPH
17.02,17.02,17.02,17.02,400,2021-06-02 16:21:00,TBPH
17.03,17.03,17.02,17.025,1400,2021-06-02 16:22:00,TBPH
17.02,17.03,17.01,17.02,5823,2021-06-02 16:23:00,TBPH
17.025,17.025,17.02,17.02,600,2021-06-02 16:24:00,TBPH
17.02,17.0291,17.02,17.02,1493,2021-06-02 16:25:00,TBPH
17.025,17.025,17.025,17.025,100,2021-06-02 16:26:00,TBPH
17.02,17.02,17.01,17.02,1300,2021-06-02 16:27:00,TBPH
17.02,17.02,17.02,17.02,200,2021-06-02 16:28:00,TBPH
17.02,17.03,17.02,17.03,1600,2021-06-02 16:29:00,TBPH
17.04,17.04,17.03,17.03,600,2021-06-02 16:30:00,TBPH
17.035,17.035,17.035,17.035,200,2021-06-02 16:31:00,TBPH
17.02,17.025,17.02,17.02,300,2021-06-02 16:33:00,TBPH
17.02,17.02,17.02,17.02,100,2021-06-02 16:34:00,TBPH
17.03,17.03,17.03,17.03,100,2021-06-02 16:37:00,TBPH
17.04,17.04,17.04,17.04,600,2021-06-02 16:38:00,TBPH
17.05,17.05,17.04,17.04,400,2021-06-02 16:39:00,TBPH
17.04,17.04,17.04,17.04,850,2021-06-02 16:41:00,TBPH
17.04,17.04,17.04,17.04,100,2021-06-02 16:44:00,TBPH
17.035,17.035,17.035,17.035,100,2021-06-02 16:46:00,TBPH
17.02,17.02,17.02,17.02,200,2021-06-02 16:47:00,TBPH
17.03,17.03,17.03,17.03,100,2021-06-02 16:48:00,TBPH
17.04,17.05,17.035,17.05,600,2021-06-02 16:49:00,TBPH
17.02,17.02,17.02,17.02,204,2021-06-02 16:50:00,TBPH
17.02,17.02,17.02,17.02,100,2021-06-02 16:51:00,TBPH
17.035,17.035,17.035,17.035,100,2021-06-02 16:52:00,TBPH
17.035,17.035,17.035,17.035,1200,2021-06-02 16:55:00,TBPH
17.02,17.02,17.02,17.02,200,2021-06-02 16:56:00,TBPH
17.02,17.02,17.02,17.02,400,2021-06-02 16:58:00,TBPH
17.03,17.03,17.03,17.03,300,2021-06-02 16:59:00,TBPH
17.04,17.04,17.02,17.02,500,2021-06-02 17:01:00,TBPH
17.03,17.03,17.03,17.03,100,2021-06-02 17:02:00,TBPH
17.015,17.015,17.015,17.015,100,2021-06-02 17:05:00,TBPH
17.0115,17.0115,17.0115,17.0115,154,2021-06-02 17:06:00,TBPH
17.0098,17.0098,16.99,16.99,1114,2021-06-02 17:07:00,TBPH
16.95,16.95,16.95,16.95,549,2021-06-02 17:08:00,TBPH
16.93,16.93,16.93,16.93,100,2021-06-02 17:11:00,TBPH
16.93,16.93,16.91,16.93,400,2021-06-02 17:13:00,TBPH
16.89,16.89,16.89,16.89,400,2021-06-02 17:16:00,TBPH
16.9,16.91,16.9,16.91,800,2021-06-02 17:17:00,TBPH
16.9298,16.9298,16.9298,16.9298,295,2021-06-02 17:18:00,TBPH
16.92,16.92,16.92,16.92,100,2021-06-02 17:26:00,TBPH
16.95,16.95,16.95,16.95,100,2021-06-02 17:27:00,TBPH
16.99,16.99,16.99,16.99,100,2021-06-02 17:30:00,TBPH
16.99,17.02,16.99,17.015,600,2021-06-02 17:32:00,TBPH
17.025,17.05,17.025,17.05,200,2021-06-02 17:33:00,TBPH
17.03,17.03,17.01,17.01,400,2021-06-02 17:36:00,TBPH
17.07,17.07,17.07,17.07,200,2021-06-02 17:39:00,TBPH
17.05,17.06,17.05,17.06,200,2021-06-02 17:40:00,TBPH
17.03,17.03,17.03,17.03,300,2021-06-02 17:41:00,TBPH
17.02,17.05,17.02,17.05,200,2021-06-02 17:42:00,TBPH
17.03,17.03,17.03,17.03,700,2021-06-02 17:44:00,TBPH
17.04,17.04,17.04,17.04,200,2021-06-02 17:45:00,TBPH
17.04,17.04,17.04,17.04,100,2021-06-02 17:47:00,TBPH
17.05,17.05,17.05,17.05,100,2021-06-02 17:50:00,TBPH
17.05,17.05,17.0,17.02,400,2021-06-02 17:51:00,TBPH
17.01,17.02,17.01,17.02,200,2021-06-02 17:52:00,TBPH
17.02,17.02,16.99,16.99,300,2021-06-02 17:53:00,TBPH
17.03,17.03,17.03,17.03,100,2021-06-02 17:55:00,TBPH
17.03,17.03,17.0,17.0,300,2021-06-02 17:56:00,TBPH
17.04,17.04,17.04,17.04,100,2021-06-02 17:57:00,TBPH
17.04,17.04,17.04,17.04,100,2021-06-02 17:58:00,TBPH
17.04,17.04,17.04,17.04,200,2021-06-02 17:59:00,TBPH
17.04,17.04,17.04,17.04,200,2021-06-02 18:00:00,TBPH
17.02,17.02,17.02,17.02,300,2021-06-02 18:01:00,TBPH
17.05,17.05,17.015,17.02,400,2021-06-02 18:05:00,TBPH
17.01,17.01,17.01,17.01,100,2021-06-02 18:08:00,TBPH
17.0,17.01,16.99,17.0,1100,2021-06-02 18:09:00,TBPH
16.98,16.98,16.93,16.93,1145,2021-06-02 18:10:00,TBPH
16.92,16.92,16.92,16.92,123,2021-06-02 18:12:00,TBPH
16.87,16.89,16.86,16.88,900,2021-06-02 18:13:00,TBPH
16.91,16.92,16.91,16.92,300,2021-06-02 18:14:00,TBPH
16.94,16.94,16.94,16.94,200,2021-06-02 18:15:00,TBPH
16.97,16.97,16.97,16.97,100,2021-06-02 18:17:00,TBPH
16.97,16.97,16.97,16.97,200,2021-06-02 18:18:00,TBPH
16.97,16.97,16.97,16.97,100,2021-06-02 18:19:00,TBPH
16.92,16.96,16.92,16.96,300,2021-06-02 18:20:00,TBPH
16.96,16.96,16.92,16.92,1000,2021-06-02 18:21:00,TBPH
16.91,16.91,16.91,16.91,100,2021-06-02 18:22:00,TBPH
16.92,16.92,16.915,16.915,500,2021-06-02 18:24:00,TBPH
16.89,16.9,16.89,16.9,200,2021-06-02 18:26:00,TBPH
16.93,16.93,16.93,16.93,100,2021-06-02 18:29:00,TBPH
16.93,16.93,16.93,16.93,367,2021-06-02 18:30:00,TBPH
16.93,16.95,16.93,16.95,200,2021-06-02 18:32:00,TBPH
16.98,16.98,16.96,16.96,200,2021-06-02 18:33:00,TBPH
16.99,16.99,16.99,16.99,100,2021-06-02 18:34:00,TBPH
16.99,16.99,16.99,16.99,200,2021-06-02 18:36:00,TBPH
16.97,16.99,16.97,16.99,300,2021-06-02 18:37:00,TBPH
17.0,17.0,17.0,17.0,100,2021-06-02 18:38:00,TBPH
17.0,17.0,17.0,17.0,200,2021-06-02 18:39:00,TBPH
17.0,17.01,17.0,17.01,700,2021-06-02 18:40:00,TBPH
17.03,17.03,17.02,17.02,400,2021-06-02 18:41:00,TBPH
17.03,17.06,17.03,17.06,200,2021-06-02 18:42:00,TBPH
17.06,17.06,17.06,17.06,100,2021-06-02 18:43:00,TBPH
17.03,17.08,17.01,17.01,1700,2021-06-02 18:44:00,TBPH
16.99,17.0,16.98,16.99,800,2021-06-02 18:45:00,TBPH
16.95,16.95,16.95,16.95,207,2021-06-02 18:46:00,TBPH
16.92,16.92,16.915,16.915,500,2021-06-02 18:47:00,TBPH
16.92,16.925,16.92,16.925,800,2021-06-02 18:48:00,TBPH
16.9,16.9,16.88,16.88,600,2021-06-02 18:50:00,TBPH
16.885,16.885,16.885,16.885,300,2021-06-02 18:52:00,TBPH
16.895,16.895,16.895,16.895,400,2021-06-02 18:53:00,TBPH
16.89,16.89,16.89,16.89,100,2021-06-02 18:54:00,TBPH
16.875,16.875,16.86,16.86,500,2021-06-02 18:55:00,TBPH
16.89,16.89,16.89,16.89,300,2021-06-02 18:56:00,TBPH
16.885,16.9,16.885,16.9,300,2021-06-02 18:58:00,TBPH
16.9,16.9,16.9,16.9,395,2021-06-02 18:59:00,TBPH
16.91,16.91,16.87,16.87,300,2021-06-02 19:00:00,TBPH
16.91,16.91,16.91,16.91,100,2021-06-02 19:01:00,TBPH
16.94,16.94,16.94,16.94,100,2021-06-02 19:02:00,TBPH
16.94,16.94,16.92,16.94,315,2021-06-02 19:03:00,TBPH
16.94,16.94,16.91,16.91,700,2021-06-02 19:04:00,TBPH
16.93,16.93,16.93,16.93,200,2021-06-02 19:05:00,TBPH
16.95,16.95,16.95,16.95,100,2021-06-02 19:06:00,TBPH
16.95,16.96,16.95,16.96,200,2021-06-02 19:07:00,TBPH
16.97,16.97,16.94,16.94,700,2021-06-02 19:09:00,TBPH
16.9446,16.95,16.9446,16.95,320,2021-06-02 19:11:00,TBPH
16.94,16.94,16.94,16.94,100,2021-06-02 19:12:00,TBPH
16.96,16.96,16.96,16.96,200,2021-06-02 19:14:00,TBPH
16.99,16.99,16.97,16.97,200,2021-06-02 19:15:00,TBPH
16.99,16.99,16.99,16.99,100,2021-06-02 19:16:00,TBPH
16.99,16.99,16.99,16.99,100,2021-06-02 19:17:00,TBPH
17.0,17.0,17.0,17.0,100,2021-06-02 19:18:00,TBPH
17.0,17.0,17.0,17.0,100,2021-06-02 19:20:00,TBPH
16.99,16.99,16.99,16.99,300,2021-06-02 19:21:00,TBPH
16.95,17.0,16.95,17.0,300,2021-06-02 19:22:00,TBPH
17.0,17.0,16.95,16.97,805,2021-06-02 19:23:00,TBPH
16.97,16.98,16.97,16.98,200,2021-06-02 19:25:00,TBPH
17.0,17.0,17.0,17.0,100,2021-06-02 19:27:00,TBPH
17.0,17.0,16.98,17.0,947,2021-06-02 19:28:00,TBPH
16.99,16.99,16.99,16.99,100,2021-06-02 19:29:00,TBPH
17.02,17.02,17.02,17.02,100,2021-06-02 19:30:00,TBPH
17.02,17.02,16.98,16.98,600,2021-06-02 19:31:00,TBPH
16.96,16.96,16.96,16.96,100,2021-06-02 19:32:00,TBPH
16.96,16.97,16.96,16.97,741,2021-06-02 19:33:00,TBPH
16.96,16.96,16.92,16.92,612,2021-06-02 19:34:00,TBPH
16.905,16.92,16.9,16.915,800,2021-06-02 19:36:00,TBPH
16.9,16.9,16.9,16.9,200,2021-06-02 19:37:00,TBPH
16.91,16.93,16.9,16.91,1000,2021-06-02 19:38:00,TBPH
16.94,16.94,16.94,16.94,100,2021-06-02 19:39:00,TBPH
16.945,16.96,16.945,16.96,300,2021-06-02 19:40:00,TBPH
16.96,16.96,16.94,16.94,600,2021-06-02 19:41:00,TBPH
16.95,16.95,16.95,16.95,455,2021-06-02 19:43:00,TBPH
16.95,16.96,16.95,16.96,200,2021-06-02 19:44:00,TBPH
16.965,16.98,16.965,16.98,500,2021-06-02 19:45:00,TBPH
16.98,16.98,16.98,16.98,100,2021-06-02 19:46:00,TBPH
16.98,16.98,16.93,16.95,2070,2021-06-02 19:47:00,TBPH
16.955,16.955,16.955,16.955,104,2021-06-02 19:48:00,TBPH
16.97,16.98,16.97,16.98,500,2021-06-02 19:49:00,TBPH
17.0,17.01,16.99,16.99,300,2021-06-02 19:50:00,TBPH
16.98,16.98,16.94,16.95,1830,2021-06-02 19:51:00,TBPH
16.95,16.97,16.95,16.97,1900,2021-06-02 19:52:00,TBPH
16.96,16.99,16.96,16.98,730,2021-06-02 19:53:00,TBPH
16.99,17.01,16.99,17.01,400,2021-06-02 19:54:00,TBPH
17.02,17.05,16.99,17.05,2522,2021-06-02 19:55:00,TBPH
17.05,17.07,17.05,17.06,1100,2021-06-02 19:56:00,TBPH
17.03,17.04,16.99,17.03,1832,2021-06-02 19:57:00,TBPH
17.0,17.03,16.99,17.01,3959,2021-06-02 19:58:00,TBPH
17.04,17.04,16.98,16.99,4746,2021-06-02 19:59:00,TBPH
17.02,17.02,17.02,17.02,29988,2021-06-02 20:00:00,TBPH
17.02,17.02,17.02,17.02,100,2021-06-03 13:29:00,TBPH
16.92,16.92,16.92,16.92,3672,2021-06-03 13:30:00,TBPH
17.27,17.4,17.22,17.4,1300,2021-06-03 13:37:00,TBPH
17.21,17.3,17.12,17.3,548,2021-06-03 13:38:00,TBPH
16.91,16.91,16.91,16.91,100,2021-06-03 13:43:00,TBPH
16.95,16.96,16.95,16.96,669,2021-06-03 13:45:00,TBPH
16.96,16.96,16.75,16.75,625,2021-06-03 13:47:00,TBPH
16.75,16.75,16.75,16.75,100,2021-06-03 13:49:00,TBPH
16.71,16.71,16.71,16.71,300,2021-06-03 13:53:00,TBPH
16.7,16.75,16.7,16.75,400,2021-06-03 13:54:00,TBPH
16.77,16.77,16.75,16.77,500,2021-06-03 13:55:00,TBPH
16.76,16.76,16.76,16.76,100,2021-06-03 14:00:00,TBPH
16.81,16.82,16.81,16.82,600,2021-06-03 14:02:00,TBPH
16.83,16.83,16.81,16.81,503,2021-06-03 14:06:00,TBPH
16.795,16.795,16.795,16.795,601,2021-06-03 14:08:00,TBPH
16.83,16.85,16.82,16.82,1579,2021-06-03 14:10:00,TBPH
16.79,16.79,16.77,16.77,800,2021-06-03 14:11:00,TBPH
16.75,16.75,16.75,16.75,720,2021-06-03 14:15:00,TBPH
16.74,16.74,16.74,16.74,100,2021-06-03 14:20:00,TBPH
16.7001,16.7001,16.7001,16.7001,200,2021-06-03 14:25:00,TBPH
16.7,16.7,16.7,16.7,139,2021-06-03 14:29:00,TBPH
16.64,16.64,16.64,16.64,200,2021-06-03 14:34:00,TBPH
16.65,16.65,16.65,16.65,100,2021-06-03 14:38:00,TBPH
16.7,16.7,16.68,16.68,200,2021-06-03 14:40:00,TBPH
16.74,16.74,16.72,16.72,400,2021-06-03 14:51:00,TBPH
16.7,16.7,16.7,16.7,100,2021-06-03 14:52:00,TBPH
16.72,16.72,16.72,16.72,400,2021-06-03 14:53:00,TBPH
16.73,16.73,16.73,16.73,100,2021-06-03 14:54:00,TBPH
16.72,16.72,16.72,16.72,500,2021-06-03 14:55:00,TBPH
16.7,16.7,16.66,16.69,795,2021-06-03 14:57:00,TBPH
16.69,16.69,16.69,16.69,200,2021-06-03 14:59:00,TBPH
16.69,16.69,16.69,16.69,100,2021-06-03 15:01:00,TBPH
16.68,16.68,16.65,16.65,200,2021-06-03 15:07:00,TBPH
16.65,16.65,16.61,16.61,500,2021-06-03 15:08:00,TBPH
16.61,16.64,16.61,16.64,200,2021-06-03 15:13:00,TBPH
16.63,16.63,16.63,16.63,200,2021-06-03 15:14:00,TBPH
16.59,16.59,16.59,16.59,1600,2021-06-03 15:20:00,TBPH
16.61,16.61,16.61,16.61,100,2021-06-03 15:21:00,TBPH
16.6,16.6,16.57,16.57,799,2021-06-03 15:22:00,TBPH
16.6,16.6,16.6,16.6,100,2021-06-03 15:23:00,TBPH
16.6,16.6,16.6,16.6,195,2021-06-03 15:27:00,TBPH
16.6,16.62,16.6,16.62,300,2021-06-03 15:29:00,TBPH
16.62,16.62,16.62,16.62,100,2021-06-03 15:30:00,TBPH
16.62,16.63,16.62,16.63,200,2021-06-03 15:35:00,TBPH
16.6,16.6,16.6,16.6,100,2021-06-03 15:38:00,TBPH
16.625,16.625,16.625,16.625,200,2021-06-03 15:40:00,TBPH
16.63,16.63,16.6,16.62,850,2021-06-03 15:42:00,TBPH
16.63,16.64,16.63,16.64,300,2021-06-03 15:44:00,TBPH
16.66,16.66,16.66,16.66,100,2021-06-03 15:47:00,TBPH
16.65,16.65,16.65,16.65,500,2021-06-03 15:48:00,TBPH
16.63,16.63,16.63,16.63,200,2021-06-03 15:54:00,TBPH
16.684,16.684,16.684,16.684,250,2021-06-03 15:55:00,TBPH
16.69,16.69,16.68,16.68,400,2021-06-03 15:58:00,TBPH
16.68,16.68,16.68,16.68,100,2021-06-03 16:04:00,TBPH
16.74,16.74,16.74,16.74,100,2021-06-03 16:09:00,TBPH
16.72,16.72,16.72,16.72,100,2021-06-03 16:11:00,TBPH
16.73,16.73,16.73,16.73,100,2021-06-03 16:12:00,TBPH
16.69,16.69,16.68,16.68,400,2021-06-03 16:13:00,TBPH
16.67,16.67,16.67,16.67,200,2021-06-03 16:15:00,TBPH
16.66,16.66,16.66,16.66,100,2021-06-03 16:23:00,TBPH
16.66,16.66,16.66,16.66,298,2021-06-03 16:24:00,TBPH
16.69,16.71,16.69,16.71,200,2021-06-03 16:25:00,TBPH
16.65,16.66,16.65,16.65,1806,2021-06-03 16:32:00,TBPH
16.65,16.65,16.65,16.65,600,2021-06-03 16:33:00,TBPH
16.69,16.69,16.69,16.69,400,2021-06-03 16:36:00,TBPH
16.71,16.71,16.71,16.71,200,2021-06-03 16:41:00,TBPH
16.71,16.73,16.68,16.73,300,2021-06-03 16:43:00,TBPH
16.73,16.73,16.73,16.73,455,2021-06-03 16:46:00,TBPH
16.7,16.7,16.7,16.7,100,2021-06-03 16:53:00,TBPH
16.73,16.73,16.73,16.73,200,2021-06-03 17:01:00,TBPH
16.7483,16.75,16.7483,16.75,381,2021-06-03 17:07:00,TBPH
16.73,16.73,16.73,16.73,200,2021-06-03 17:09:00,TBPH
16.76,16.76,16.76,16.76,100,2021-06-03 17:10:00,TBPH
16.79,16.79,16.775,16.775,300,2021-06-03 17:17:00,TBPH
16.76,16.77,16.76,16.77,500,2021-06-03 17:23:00,TBPH
16.75,16.75,16.75,16.75,191,2021-06-03 17:24:00,TBPH
16.74,16.74,16.74,16.74,116,2021-06-03 17:27:00,TBPH
16.755,16.755,16.755,16.755,100,2021-06-03 17:29:00,TBPH
16.73,16.73,16.73,16.73,200,2021-06-03 17:40:00,TBPH
16.72,16.72,16.72,16.72,200,2021-06-03 17:41:00,TBPH
16.72,16.72,16.72,16.72,100,2021-06-03 17:43:00,TBPH
16.71,16.71,16.65,16.65,6534,2021-06-03 17:44:00,TBPH
16.66,16.71,16.66,16.71,400,2021-06-03 17:46:00,TBPH
16.7,16.7,16.7,16.7,100,2021-06-03 17:47:00,TBPH
16.7,16.7,16.7,16.7,100,2021-06-03 17:50:00,TBPH
16.7,16.72,16.7,16.72,200,2021-06-03 17:53:00,TBPH
16.72,16.72,16.72,16.72,200,2021-06-03 17:58:00,TBPH
16.735,16.735,16.735,16.735,100,2021-06-03 18:06:00,TBPH
16.75,16.76,16.75,16.76,200,2021-06-03 18:07:00,TBPH
16.73,16.73,16.73,16.73,200,2021-06-03 18:09:00,TBPH
16.73,16.73,16.73,16.73,100,2021-06-03 18:20:00,TBPH
16.73,16.73,16.73,16.73,200,2021-06-03 18:21:00,TBPH
16.75,16.77,16.75,16.75,967,2021-06-03 18:22:00,TBPH
16.75,16.75,16.75,16.75,233,2021-06-03 18:24:00,TBPH
16.77,16.77,16.77,16.77,200,2021-06-03 18:26:00,TBPH
16.765,16.78,16.765,16.78,300,2021-06-03 18:30:00,TBPH
16.79,16.79,16.79,16.79,100,2021-06-03 18:31:00,TBPH
16.782,16.782,16.782,16.782,250,2021-06-03 18:33:00,TBPH
16.76,16.77,16.76,16.77,300,2021-06-03 18:39:00,TBPH
16.78,16.78,16.78,16.78,100,2021-06-03 18:41:00,TBPH
16.79,16.79,16.79,16.79,100,2021-06-03 18:47:00,TBPH
16.77,16.77,16.77,16.77,200,2021-06-03 18:50:00,TBPH
16.76,16.76,16.76,16.76,100,2021-06-03 18:52:00,TBPH
16.8,16.8,16.8,16.8,300,2021-06-03 18:54:00,TBPH
16.81,16.81,16.8,16.8,200,2021-06-03 18:57:00,TBPH
16.83,16.85,16.83,16.85,445,2021-06-03 19:00:00,TBPH
16.84,16.84,16.84,16.84,341,2021-06-03 19:04:00,TBPH
16.83,16.83,16.83,16.83,300,2021-06-03 19:07:00,TBPH
16.84,16.85,16.84,16.85,200,2021-06-03 19:08:00,TBPH
16.865,16.91,16.865,16.91,1420,2021-06-03 19:11:00,TBPH
16.905,16.905,16.905,16.905,100,2021-06-03 19:13:00,TBPH
16.895,16.895,16.895,16.895,100,2021-06-03 19:15:00,TBPH
16.88,16.88,16.85,16.85,899,2021-06-03 19:16:00,TBPH
16.85,16.85,16.85,16.85,300,2021-06-03 19:18:00,TBPH
16.85,16.85,16.85,16.85,287,2021-06-03 19:19:00,TBPH
16.845,16.845,16.845,16.845,200,2021-06-03 19:22:00,TBPH
16.84,16.84,16.84,16.84,100,2021-06-03 19:25:00,TBPH
16.83,16.83,16.83,16.83,100,2021-06-03 19:26:00,TBPH
16.85,16.87,16.85,16.87,400,2021-06-03 19:30:00,TBPH
16.86,16.86,16.85,16.85,1100,2021-06-03 19:31:00,TBPH
16.85,16.85,16.85,16.85,154,2021-06-03 19:33:00,TBPH
16.85,16.85,16.85,16.85,100,2021-06-03 19:35:00,TBPH
16.84,16.84,16.84,16.84,100,2021-06-03 19:36:00,TBPH
16.82,16.82,16.82,16.82,398,2021-06-03 19:39:00,TBPH
16.815,16.815,16.815,16.815,100,2021-06-03 19:41:00,TBPH
16.8,16.81,16.79,16.805,1100,2021-06-03 19:43:00,TBPH
16.79,16.79,16.79,16.79,200,2021-06-03 19:44:00,TBPH
16.79,16.79,16.79,16.79,100,2021-06-03 19:45:00,TBPH
16.79,16.81,16.79,16.8,1200,2021-06-03 19:46:00,TBPH
16.78,16.78,16.78,16.78,217,2021-06-03 19:49:00,TBPH
16.78,16.81,16.78,16.81,800,2021-06-03 19:50:00,TBPH
16.81,16.81,16.8,16.8,200,2021-06-03 19:53:00,TBPH
16.81,16.81,16.8,16.8,705,2021-06-03 19:54:00,TBPH
16.8,16.81,16.8,16.81,200,2021-06-03 19:55:00,TBPH
16.8,16.8,16.795,16.795,419,2021-06-03 19:57:00,TBPH
16.79,16.8,16.77,16.8,1733,2021-06-03 19:58:00,TBPH
16.78,16.78,16.73,16.74,3280,2021-06-03 19:59:00,TBPH
16.76,16.76,16.76,16.76,19697,2021-06-03 20:00:00,TBPH
16.83,16.83,16.66,16.66,1961,2021-06-04 13:30:00,TBPH
16.83,16.83,16.83,16.83,200,2021-06-04 13:35:00,TBPH
16.8225,16.87,16.8225,16.87,300,2021-06-04 13:36:00,TBPH
16.86,16.98,16.86,16.98,700,2021-06-04 13:38:00,TBPH
16.85,16.85,16.83,16.83,400,2021-06-04 13:39:00,TBPH
16.76,16.76,16.76,16.76,100,2021-06-04 13:44:00,TBPH
16.77,16.87,16.77,16.87,400,2021-06-04 13:46:00,TBPH
16.82,16.82,16.82,16.82,100,2021-06-04 13:53:00,TBPH
16.83,16.83,16.83,16.83,200,2021-06-04 13:54:00,TBPH
16.95,16.95,16.95,16.95,100,2021-06-04 13:55:00,TBPH
16.86,16.86,16.86,16.86,100,2021-06-04 13:56:00,TBPH
16.77,16.77,16.77,16.77,100,2021-06-04 14:00:00,TBPH
16.75,16.75,16.75,16.75,100,2021-06-04 14:06:00,TBPH
16.7053,16.7053,16.7053,16.7053,500,2021-06-04 14:07:00,TBPH
16.74,16.74,16.74,16.74,100,2021-06-04 14:08:00,TBPH
16.72,16.74,16.72,16.74,300,2021-06-04 14:09:00,TBPH
16.7,16.7,16.7,16.7,500,2021-06-04 14:10:00,TBPH
16.69,16.7,16.69,16.69,330,2021-06-04 14:11:00,TBPH
16.67,16.67,16.67,16.67,100,2021-06-04 14:14:00,TBPH
16.68,16.68,16.68,16.68,1500,2021-06-04 14:17:00,TBPH
16.74,16.74,16.74,16.74,100,2021-06-04 14:18:00,TBPH
16.77,16.77,16.77,16.77,200,2021-06-04 14:19:00,TBPH
16.67,16.67,16.67,16.67,100,2021-06-04 14:22:00,TBPH
16.73,16.73,16.73,16.73,100,2021-06-04 14:23:00,TBPH
16.66,16.66,16.66,16.66,100,2021-06-04 14:28:00,TBPH
16.68,16.76,16.68,16.76,1100,2021-06-04 14:34:00,TBPH
16.76,16.76,16.75,16.75,200,2021-06-04 14:37:00,TBPH
16.78,16.83,16.78,16.83,452,2021-06-04 14:38:00,TBPH
16.83,16.83,16.83,16.83,100,2021-06-04 14:42:00,TBPH
16.795,16.795,16.795,16.795,100,2021-06-04 14:43:00,TBPH
16.87,16.87,16.87,16.87,100,2021-06-04 14:46:00,TBPH
16.86,16.86,16.82,16.83,700,2021-06-04 14:48:00,TBPH
16.81,16.81,16.81,16.81,100,2021-06-04 14:50:00,TBPH
16.83,16.83,16.825,16.825,1000,2021-06-04 14:51:00,TBPH
16.8,16.8,16.76,16.76,600,2021-06-04 14:52:00,TBPH
16.78,16.78,16.76,16.76,630,2021-06-04 15:07:00,TBPH
16.74,16.74,16.73,16.73,200,2021-06-04 15:09:00,TBPH
16.71,16.71,16.695,16.695,600,2021-06-04 15:14:00,TBPH
16.7,16.7,16.7,16.7,227,2021-06-04 15:23:00,TBPH
16.73,16.77,16.7,16.77,700,2021-06-04 15:26:00,TBPH
16.78,16.78,16.78,16.78,100,2021-06-04 15:27:00,TBPH
16.71,16.71,16.71,16.71,537,2021-06-04 15:35:00,TBPH
16.72,16.72,16.72,16.72,200,2021-06-04 15:36:00,TBPH
16.72,16.72,16.69,16.69,400,2021-06-04 15:42:00,TBPH
16.69,16.7,16.69,16.7,300,2021-06-04 15:43:00,TBPH
16.695,16.695,16.695,16.695,100,2021-06-04 15:47:00,TBPH
16.7145,16.7145,16.7145,16.7145,226,2021-06-04 15:48:00,TBPH
16.72,16.72,16.72,16.72,100,2021-06-04 15:51:00,TBPH
16.73,16.73,16.73,16.73,100,2021-06-04 15:54:00,TBPH
16.73,16.73,16.73,16.73,1281,2021-06-04 15:56:00,TBPH
16.72,16.72,16.72,16.72,200,2021-06-04 15:57:00,TBPH
16.68,16.68,16.68,16.68,300,2021-06-04 16:01:00,TBPH
16.66,16.68,16.66,16.68,350,2021-06-04 16:03:00,TBPH
16.65,16.65,16.645,16.645,2200,2021-06-04 16:08:00,TBPH
16.66,16.67,16.66,16.67,300,2021-06-04 16:09:00,TBPH
16.67,16.67,16.67,16.67,100,2021-06-04 16:23:00,TBPH
16.67,16.7,16.67,16.7,221,2021-06-04 16:24:00,TBPH
16.7,16.7,16.68,16.68,600,2021-06-04 16:25:00,TBPH
16.67,16.67,16.67,16.67,100,2021-06-04 16:28:00,TBPH
16.6899,16.69,16.675,16.675,1181,2021-06-04 16:33:00,TBPH
16.7,16.7,16.7,16.7,100,2021-06-04 16:34:00,TBPH
16.75,16.75,16.75,16.75,100,2021-06-04 16:35:00,TBPH
16.71,16.71,16.67,16.67,1484,2021-06-04 16:43:00,TBPH
16.67,16.67,16.66,16.66,603,2021-06-04 16:50:00,TBPH
16.69,16.69,16.69,16.69,100,2021-06-04 16:56:00,TBPH
16.675,16.675,16.675,16.675,100,2021-06-04 16:59:00,TBPH
16.68,16.68,16.68,16.68,1000,2021-06-04 17:05:00,TBPH
16.66,16.66,16.66,16.66,100,2021-06-04 17:06:00,TBPH
16.7,16.71,16.7,16.71,600,2021-06-04 17:08:00,TBPH
16.675,16.675,16.675,16.675,100,2021-06-04 17:15:00,TBPH
16.675,16.675,16.675,16.675,100,2021-06-04 17:19:00,TBPH
16.66,16.66,16.65,16.66,772,2021-06-04 17:24:00,TBPH
16.65,16.65,16.65,16.65,100,2021-06-04 17:28:00,TBPH
16.65,16.65,16.64,16.64,200,2021-06-04 17:29:00,TBPH
16.6499,16.6499,16.6499,16.6499,100,2021-06-04 17:30:00,TBPH
16.66,16.66,16.66,16.66,700,2021-06-04 17:42:00,TBPH
16.675,16.675,16.675,16.675,100,2021-06-04 17:43:00,TBPH
16.675,16.675,16.675,16.675,100,2021-06-04 17:46:00,TBPH
16.66,16.66,16.66,16.66,100,2021-06-04 17:47:00,TBPH
16.64,16.64,16.62,16.625,759,2021-06-04 17:58:00,TBPH
16.62,16.62,16.58,16.58,900,2021-06-04 18:04:00,TBPH
16.59,16.59,16.59,16.59,300,2021-06-04 18:05:00,TBPH
16.62,16.62,16.62,16.62,100,2021-06-04 18:08:00,TBPH
16.61,16.61,16.61,16.61,100,2021-06-04 18:15:00,TBPH
16.61,16.61,16.61,16.61,100,2021-06-04 18:16:00,TBPH
16.6,16.6,16.56,16.56,1228,2021-06-04 18:24:00,TBPH
16.575,16.575,16.575,16.575,100,2021-06-04 18:25:00,TBPH
16.55,16.55,16.55,16.55,202,2021-06-04 18:27:00,TBPH
16.55,16.56,16.54,16.545,594,2021-06-04 18:28:00,TBPH
16.54,16.54,16.54,16.54,100,2021-06-04 18:29:00,TBPH
16.52,16.52,16.52,16.52,100,2021-06-04 18:32:00,TBPH
16.52,16.52,16.52,16.52,286,2021-06-04 18:33:00,TBPH
16.52,16.52,16.52,16.52,700,2021-06-04 18:34:00,TBPH
16.53,16.53,16.52,16.52,300,2021-06-04 18:35:00,TBPH
16.52,16.52,16.52,16.52,100,2021-06-04 18:36:00,TBPH
16.535,16.535,16.535,16.535,100,2021-06-04 18:37:00,TBPH
16.54,16.54,16.54,16.54,457,2021-06-04 18:44:00,TBPH
16.56,16.56,16.56,16.56,200,2021-06-04 18:48:00,TBPH
16.56,16.56,16.56,16.56,399,2021-06-04 18:51:00,TBPH
16.57,16.57,16.57,16.57,200,2021-06-04 18:53:00,TBPH
16.57,16.59,16.57,16.59,200,2021-06-04 18:54:00,TBPH
16.56,16.56,16.56,16.56,100,2021-06-04 18:58:00,TBPH
16.56,16.56,16.56,16.56,100,2021-06-04 19:00:00,TBPH
16.56,16.56,16.56,16.56,200,2021-06-04 19:05:00,TBPH
16.55,16.55,16.55,16.55,168,2021-06-04 19:07:00,TBPH
16.56,16.56,16.56,16.56,470,2021-06-04 19:14:00,TBPH
16.55,16.56,16.55,16.56,300,2021-06-04 19:16:00,TBPH
16.55,16.55,16.55,16.55,100,2021-06-04 19:18:00,TBPH
16.56,16.56,16.56,16.56,100,2021-06-04 19:21:00,TBPH
16.56,16.56,16.56,16.56,132,2021-06-04 19:22:00,TBPH
16.54,16.555,16.54,16.555,200,2021-06-04 19:23:00,TBPH
16.57,16.57,16.57,16.57,100,2021-06-04 19:26:00,TBPH
16.57,16.57,16.55,16.55,500,2021-06-04 19:28:00,TBPH
16.56,16.56,16.555,16.56,400,2021-06-04 19:36:00,TBPH
16.55,16.55,16.55,16.55,100,2021-06-04 19:37:00,TBPH
16.56,16.6,16.56,16.58,731,2021-06-04 19:38:00,TBPH
16.58,16.58,16.56,16.57,500,2021-06-04 19:39:00,TBPH
16.5855,16.5855,16.57,16.57,362,2021-06-04 19:42:00,TBPH
16.565,16.565,16.565,16.565,100,2021-06-04 19:43:00,TBPH
16.57,16.57,16.56,16.56,318,2021-06-04 19:46:00,TBPH
16.56,16.56,16.56,16.56,200,2021-06-04 19:47:00,TBPH
16.55,16.56,16.55,16.55,300,2021-06-04 19:49:00,TBPH
16.55,16.55,16.53,16.55,788,2021-06-04 19:50:00,TBPH
16.54,16.54,16.54,16.54,100,2021-06-04 19:51:00,TBPH
16.54,16.54,16.54,16.54,400,2021-06-04 19:52:00,TBPH
16.56,16.58,16.56,16.58,1320,2021-06-04 19:53:00,TBPH
16.57,16.57,16.54,16.555,600,2021-06-04 19:54:00,TBPH
16.555,16.555,16.55,16.55,300,2021-06-04 19:55:00,TBPH
16.54,16.57,16.54,16.57,825,2021-06-04 19:57:00,TBPH
16.56,16.57,16.56,16.57,1106,2021-06-04 19:58:00,TBPH
16.57,16.59,16.56,16.59,5376,2021-06-04 19:59:00,TBPH
16.57,16.57,16.57,16.57,30032,2021-06-04 20:00:00,TBPH
16.6,16.6,16.53,16.53,2038,2021-06-07 13:30:00,TBPH
16.8,16.8,16.8,16.8,100,2021-06-07 13:31:00,TBPH
16.61,16.61,16.61,16.61,100,2021-06-07 13:40:00,TBPH
16.63,16.63,16.63,16.63,600,2021-06-07 13:44:00,TBPH
16.64,16.65,16.64,16.64,700,2021-06-07 13:45:00,TBPH
16.64,16.64,16.64,16.64,300,2021-06-07 13:46:00,TBPH
16.64,16.64,16.64,16.64,100,2021-06-07 13:48:00,TBPH
16.61,16.61,16.6,16.61,900,2021-06-07 13:49:00,TBPH
16.61,16.61,16.61,16.61,100,2021-06-07 13:53:00,TBPH
16.57,16.57,16.55,16.55,300,2021-06-07 13:54:00,TBPH
16.55,16.55,16.55,16.55,100,2021-06-07 13:56:00,TBPH
16.615,16.615,16.58,16.58,723,2021-06-07 13:59:00,TBPH
16.6,16.6,16.545,16.545,5343,2021-06-07 14:03:00,TBPH
16.51,16.56,16.5,16.545,3874,2021-06-07 14:05:00,TBPH
16.58,16.59,16.565,16.57,620,2021-06-07 14:06:00,TBPH
16.67,16.67,16.67,16.67,100,2021-06-07 14:09:00,TBPH
16.65,16.65,16.65,16.65,100,2021-06-07 14:11:00,TBPH
16.645,16.645,16.645,16.645,100,2021-06-07 14:12:00,TBPH
16.63,16.63,16.63,16.63,100,2021-06-07 14:16:00,TBPH
16.635,16.635,16.635,16.635,100,2021-06-07 14:19:00,TBPH
16.6,16.6,16.6,16.6,100,2021-06-07 14:20:00,TBPH
16.595,16.595,16.57,16.57,200,2021-06-07 14:24:00,TBPH
16.56,16.56,16.56,16.56,100,2021-06-07 14:25:00,TBPH
16.56,16.56,16.56,16.56,200,2021-06-07 14:34:00,TBPH
16.6,16.61,16.6,16.61,400,2021-06-07 14:35:00,TBPH
16.62,16.62,16.62,16.62,1400,2021-06-07 14:38:00,TBPH
16.65,16.65,16.65,16.65,200,2021-06-07 14:44:00,TBPH
16.66,16.67,16.65,16.67,400,2021-06-07 14:45:00,TBPH
16.68,16.685,16.68,16.685,300,2021-06-07 14:49:00,TBPH
16.7,16.76,16.7,16.74,1601,2021-06-07 14:51:00,TBPH
16.7,16.7,16.7,16.7,200,2021-06-07 14:53:00,TBPH
16.65,16.65,16.64,16.64,200,2021-06-07 14:54:00,TBPH
16.65,16.665,16.65,16.665,400,2021-06-07 14:55:00,TBPH
16.69,16.69,16.69,16.69,200,2021-06-07 14:56:00,TBPH
16.73,16.8,16.73,16.8,414,2021-06-07 14:58:00,TBPH
16.82,16.83,16.82,16.83,400,2021-06-07 14:59:00,TBPH
16.82,16.82,16.82,16.82,100,2021-06-07 15:00:00,TBPH
16.85,16.9,16.85,16.9,900,2021-06-07 15:01:00,TBPH
16.91,16.94,16.91,16.94,500,2021-06-07 15:02:00,TBPH
16.95,16.95,16.95,16.95,100,2021-06-07 15:03:00,TBPH
16.89,16.89,16.84,16.84,500,2021-06-07 15:04:00,TBPH
16.82,16.87,16.82,16.865,700,2021-06-07 15:08:00,TBPH
16.865,16.865,16.865,16.865,100,2021-06-07 15:09:00,TBPH
16.85,16.865,16.85,16.865,1200,2021-06-07 15:12:00,TBPH
16.89,16.91,16.89,16.91,599,2021-06-07 15:13:00,TBPH
16.94,16.94,16.92,16.92,300,2021-06-07 15:14:00,TBPH
16.96,16.96,16.96,16.96,200,2021-06-07 15:15:00,TBPH
16.9,16.9,16.9,16.9,100,2021-06-07 15:16:00,TBPH
16.9,16.96,16.9,16.96,5980,2021-06-07 15:17:00,TBPH
16.97,16.97,16.97,16.97,100,2021-06-07 15:18:00,TBPH
16.98,17.0,16.98,17.0,1983,2021-06-07 15:19:00,TBPH
16.97,16.97,16.96,16.96,500,2021-06-07 15:22:00,TBPH
16.955,16.955,16.955,16.955,200,2021-06-07 15:23:00,TBPH
16.93,16.93,16.93,16.93,100,2021-06-07 15:24:00,TBPH
16.93,16.93,16.93,16.93,298,2021-06-07 15:25:00,TBPH
16.93,16.95,16.92,16.92,900,2021-06-07 15:27:00,TBPH
16.9,16.9,16.9,16.9,100,2021-06-07 15:28:00,TBPH
16.86,16.88,16.86,16.88,800,2021-06-07 15:30:00,TBPH
16.89,16.89,16.89,16.89,300,2021-06-07 15:31:00,TBPH
16.885,16.885,16.885,16.885,103,2021-06-07 15:32:00,TBPH
16.87,16.87,16.87,16.87,100,2021-06-07 15:34:00,TBPH
16.89,16.9,16.89,16.9,791,2021-06-07 15:36:00,TBPH
16.86,16.885,16.86,16.885,1200,2021-06-07 15:37:00,TBPH
16.86,16.86,16.86,16.86,200,2021-06-07 15:38:00,TBPH
16.87,16.88,16.87,16.88,500,2021-06-07 15:39:00,TBPH
16.885,16.885,16.885,16.885,100,2021-06-07 15:40:00,TBPH
16.9,16.9,16.9,16.9,300,2021-06-07 15:42:00,TBPH
16.9066,16.91,16.9066,16.91,448,2021-06-07 15:43:00,TBPH
16.96,16.96,16.93,16.93,300,2021-06-07 15:45:00,TBPH
16.945,16.945,16.945,16.945,100,2021-06-07 15:47:00,TBPH
16.9299,16.9299,16.9299,16.9299,160,2021-06-07 15:48:00,TBPH
16.93,16.93,16.93,16.93,200,2021-06-07 15:49:00,TBPH
16.95,16.95,16.95,16.95,500,2021-06-07 15:53:00,TBPH
16.94,16.94,16.94,16.94,200,2021-06-07 15:54:00,TBPH
16.94,16.94,16.94,16.94,300,2021-06-07 15:55:00,TBPH
16.935,16.96,16.935,16.96,286,2021-06-07 15:56:00,TBPH
16.955,16.955,16.94,16.94,200,2021-06-07 15:57:00,TBPH
16.93,16.93,16.93,16.93,100,2021-06-07 15:58:00,TBPH
16.88,16.91,16.88,16.91,400,2021-06-07 16:01:00,TBPH
16.89,16.89,16.89,16.89,100,2021-06-07 16:04:00,TBPH
16.9,16.9,16.9,16.9,100,2021-06-07 16:05:00,TBPH
16.87,16.87,16.87,16.87,100,2021-06-07 16:06:00,TBPH
16.9,16.9,16.9,16.9,300,2021-06-07 16:07:00,TBPH
16.91,16.92,16.91,16.92,200,2021-06-07 16:09:00,TBPH
16.93,16.955,16.93,16.955,300,2021-06-07 16:10:00,TBPH
16.93,16.93,16.93,16.93,600,2021-06-07 16:12:00,TBPH
16.96,16.96,16.96,16.96,100,2021-06-07 16:15:00,TBPH
16.96,16.96,16.96,16.96,100,2021-06-07 16:16:00,TBPH
16.95,16.955,16.95,16.955,701,2021-06-07 16:25:00,TBPH
16.955,16.955,16.955,16.955,141,2021-06-07 16:27:00,TBPH
16.93,16.93,16.93,16.93,200,2021-06-07 16:28:00,TBPH
16.93,16.93,16.93,16.93,300,2021-06-07 16:30:00,TBPH
16.92,16.92,16.92,16.92,100,2021-06-07 16:31:00,TBPH
16.92,16.92,16.92,16.92,200,2021-06-07 16:32:00,TBPH
16.91,16.92,16.9,16.92,700,2021-06-07 16:33:00,TBPH
16.96,16.96,16.95,16.95,200,2021-06-07 16:38:00,TBPH
16.96,16.96,16.96,16.96,100,2021-06-07 16:40:00,TBPH
16.95,16.95,16.95,16.95,100,2021-06-07 16:46:00,TBPH
16.93,16.94,16.91,16.94,400,2021-06-07 16:51:00,TBPH
16.95,16.95,16.95,16.95,100,2021-06-07 16:54:00,TBPH
16.94,16.94,16.94,16.94,100,2021-06-07 16:56:00,TBPH
16.92,16.92,16.91,16.91,300,2021-06-07 16:58:00,TBPH
16.94,16.94,16.94,16.94,100,2021-06-07 16:59:00,TBPH
16.94,16.96,16.94,16.96,200,2021-06-07 17:00:00,TBPH
16.95,16.95,16.95,16.95,100,2021-06-07 17:01:00,TBPH
16.97,17.0,16.97,16.99,1190,2021-06-07 17:07:00,TBPH
17.0,17.0,17.0,17.0,100,2021-06-07 17:10:00,TBPH
16.99,16.99,16.99,16.99,100,2021-06-07 17:11:00,TBPH
16.99,17.03,16.99,17.03,400,2021-06-07 17:14:00,TBPH
17.015,17.015,17.015,17.015,100,2021-06-07 17:15:00,TBPH
17.0,17.0,17.0,17.0,100,2021-06-07 17:16:00,TBPH
17.0,17.0,16.99,16.99,200,2021-06-07 17:19:00,TBPH
16.98,16.98,16.98,16.98,100,2021-06-07 17:23:00,TBPH
17.03,17.03,17.03,17.03,100,2021-06-07 17:25:00,TBPH
17.02,17.02,17.02,17.02,100,2021-06-07 17:26:00,TBPH
16.98,16.98,16.935,16.97,1700,2021-06-07 17:27:00,TBPH
17.0,17.01,17.0,17.01,300,2021-06-07 17:29:00,TBPH
16.97,16.97,16.97,16.97,150,2021-06-07 17:30:00,TBPH
17.0,17.0,17.0,17.0,100,2021-06-07 17:33:00,TBPH
16.99,16.99,16.94,16.94,400,2021-06-07 17:36:00,TBPH
16.93,16.94,16.93,16.94,200,2021-06-07 17:37:00,TBPH
16.955,16.955,16.955,16.955,100,2021-06-07 17:41:00,TBPH
16.945,16.945,16.92,16.92,400,2021-06-07 17:42:00,TBPH
16.975,16.975,16.975,16.975,100,2021-06-07 17:45:00,TBPH
16.943,16.943,16.91,16.91,400,2021-06-07 17:49:00,TBPH
16.91,16.91,16.9,16.9,200,2021-06-07 17:50:00,TBPH
16.9,16.9,16.9,16.9,100,2021-06-07 17:51:00,TBPH
16.9,16.9,16.9,16.9,100,2021-06-07 17:52:00,TBPH
16.86,16.86,16.86,16.86,100,2021-06-07 17:57:00,TBPH
16.86,16.86,16.86,16.86,100,2021-06-07 17:59:00,TBPH
16.87,16.89,16.87,16.88,600,2021-06-07 18:00:00,TBPH
16.86,16.86,16.86,16.86,200,2021-06-07 18:01:00,TBPH
16.875,16.875,16.875,16.875,100,2021-06-07 18:02:00,TBPH
16.88,16.88,16.88,16.88,100,2021-06-07 18:03:00,TBPH
16.865,16.865,16.865,16.865,100,2021-06-07 18:06:00,TBPH
16.84,16.86,16.82,16.84,544,2021-06-07 18:08:00,TBPH
16.85,16.85,16.85,16.85,100,2021-06-07 18:12:00,TBPH
16.87,16.87,16.87,16.87,100,2021-06-07 18:15:00,TBPH
16.84,16.84,16.84,16.84,100,2021-06-07 18:16:00,TBPH
16.82,16.82,16.82,16.82,100,2021-06-07 18:17:00,TBPH
16.83,16.86,16.83,16.86,300,2021-06-07 18:18:00,TBPH
16.84,16.84,16.83,16.83,200,2021-06-07 18:19:00,TBPH
16.88,16.88,16.86,16.865,800,2021-06-07 18:22:00,TBPH
16.865,16.89,16.865,16.89,200,2021-06-07 18:23:00,TBPH
16.89,16.89,16.89,16.89,100,2021-06-07 18:24:00,TBPH
16.91,16.91,16.88,16.88,700,2021-06-07 18:30:00,TBPH
16.89,16.89,16.89,16.89,100,2021-06-07 18:32:00,TBPH
16.89,16.89,16.89,16.89,400,2021-06-07 18:36:00,TBPH
16.86,16.86,16.86,16.86,200,2021-06-07 18:38:00,TBPH
16.88,16.88,16.88,16.88,100,2021-06-07 18:39:00,TBPH
16.88,16.89,16.88,16.89,400,2021-06-07 18:40:00,TBPH
16.84,16.84,16.84,16.84,100,2021-06-07 18:41:00,TBPH
16.87,16.87,16.87,16.87,244,2021-06-07 18:42:00,TBPH
16.88,16.88,16.88,16.88,100,2021-06-07 18:44:00,TBPH
16.87,16.87,16.84,16.84,500,2021-06-07 18:46:00,TBPH
16.82,16.82,16.82,16.82,100,2021-06-07 18:49:00,TBPH
16.8,16.8,16.8,16.8,100,2021-06-07 18:52:00,TBPH
16.785,16.785,16.785,16.785,200,2021-06-07 18:54:00,TBPH
16.785,16.785,16.785,16.785,100,2021-06-07 18:55:00,TBPH
16.78,16.78,16.78,16.78,100,2021-06-07 18:57:00,TBPH
16.79,16.79,16.79,16.79,244,2021-06-07 18:58:00,TBPH
16.775,16.78,16.775,16.78,223,2021-06-07 18:59:00,TBPH
16.77,16.78,16.76,16.78,300,2021-06-07 19:02:00,TBPH
16.75,16.75,16.75,16.75,100,2021-06-07 19:05:00,TBPH
16.8,16.825,16.8,16.825,1301,2021-06-07 19:09:00,TBPH
16.81,16.81,16.81,16.81,100,2021-06-07 19:11:00,TBPH
16.83,16.83,16.81,16.81,1363,2021-06-07 19:15:00,TBPH
16.84,16.85,16.84,16.85,300,2021-06-07 19:16:00,TBPH
16.85,16.85,16.835,16.835,205,2021-06-07 19:18:00,TBPH
16.82,16.82,16.82,16.82,200,2021-06-07 19:20:00,TBPH
16.825,16.825,16.825,16.825,300,2021-06-07 19:21:00,TBPH
16.8,16.8,16.8,16.8,100,2021-06-07 19:22:00,TBPH
16.8,16.83,16.8,16.83,566,2021-06-07 19:23:00,TBPH
16.83,16.84,16.83,16.84,436,2021-06-07 19:24:00,TBPH
16.85,16.85,16.85,16.85,200,2021-06-07 19:30:00,TBPH
16.84,16.84,16.84,16.84,100,2021-06-07 19:31:00,TBPH
16.85,16.86,16.84,16.85,1500,2021-06-07 19:33:00,TBPH
16.82,16.82,16.82,16.82,100,2021-06-07 19:34:00,TBPH
16.82,16.82,16.77,16.77,300,2021-06-07 19:35:00,TBPH
16.785,16.785,16.77,16.77,500,2021-06-07 19:36:00,TBPH
16.73,16.73,16.73,16.73,100,2021-06-07 19:38:00,TBPH
16.72,16.72,16.72,16.72,200,2021-06-07 19:39:00,TBPH
16.74,16.74,16.73,16.73,300,2021-06-07 19:40:00,TBPH
16.73,16.73,16.73,16.73,100,2021-06-07 19:41:00,TBPH
16.72,16.72,16.68,16.68,900,2021-06-07 19:42:00,TBPH
16.68,16.69,16.68,16.69,400,2021-06-07 19:43:00,TBPH
16.68,16.71,16.68,16.6817,1780,2021-06-07 19:44:00,TBPH
16.7,16.7,16.68,16.68,330,2021-06-07 19:45:00,TBPH
16.68,16.695,16.68,16.695,400,2021-06-07 19:46:00,TBPH
16.66,16.66,16.66,16.66,200,2021-06-07 19:47:00,TBPH
16.66,16.67,16.66,16.66,309,2021-06-07 19:48:00,TBPH
16.67,16.68,16.67,16.68,700,2021-06-07 19:49:00,TBPH
16.66,16.66,16.66,16.66,446,2021-06-07 19:50:00,TBPH
16.675,16.675,16.675,16.675,100,2021-06-07 19:51:00,TBPH
16.63,16.63,16.61,16.61,797,2021-06-07 19:52:00,TBPH
16.64,16.66,16.64,16.64,1701,2021-06-07 19:53:00,TBPH
16.65,16.65,16.63,16.63,389,2021-06-07 19:54:00,TBPH
16.66,16.66,16.65,16.65,1100,2021-06-07 19:55:00,TBPH
16.61,16.625,16.61,16.625,447,2021-06-07 19:56:00,TBPH
16.625,16.625,16.61,16.62,900,2021-06-07 19:57:00,TBPH
16.62,16.68,16.62,16.64,3994,2021-06-07 19:58:00,TBPH
16.66,16.67,16.61,16.64,6462,2021-06-07 19:59:00,TBPH
16.65,16.65,16.65,16.65,94913,2021-06-07 20:00:00,TBPH
16.65,16.82,16.65,16.82,3264,2021-06-08 13:30:00,TBPH
16.6797,16.6797,16.6797,16.6797,200,2021-06-08 13:32:00,TBPH
16.58,16.58,16.58,16.58,200,2021-06-08 13:34:00,TBPH
16.78,16.78,16.78,16.78,100,2021-06-08 13:35:00,TBPH
16.61,16.8,16.61,16.8,400,2021-06-08 13:36:00,TBPH
16.63,16.63,16.63,16.63,270,2021-06-08 13:38:00,TBPH
16.74,16.74,16.68,16.68,329,2021-06-08 13:39:00,TBPH
16.68,16.68,16.68,16.68,200,2021-06-08 13:41:00,TBPH
16.7,16.71,16.7,16.71,200,2021-06-08 13:43:00,TBPH
16.7,16.71,16.7,16.71,200,2021-06-08 13:44:00,TBPH
16.71,16.71,16.7,16.7,200,2021-06-08 13:45:00,TBPH
16.72,16.72,16.66,16.66,630,2021-06-08 13:47:00,TBPH
16.63,16.63,16.63,16.63,100,2021-06-08 13:49:00,TBPH
16.64,16.68,16.6,16.67,5010,2021-06-08 13:51:00,TBPH
16.61,16.66,16.61,16.65,2607,2021-06-08 13:52:00,TBPH
16.67,16.67,16.65,16.65,500,2021-06-08 13:53:00,TBPH
16.67,16.69,16.67,16.69,560,2021-06-08 13:54:00,TBPH
16.71,16.72,16.7,16.7,410,2021-06-08 13:55:00,TBPH
16.7,16.7,16.7,16.7,100,2021-06-08 13:56:00,TBPH
16.7,16.73,16.7,16.73,700,2021-06-08 13:57:00,TBPH
16.72,16.72,16.72,16.72,100,2021-06-08 13:58:00,TBPH
16.71,16.74,16.69,16.69,3593,2021-06-08 13:59:00,TBPH
16.68,16.68,16.68,16.68,200,2021-06-08 14:01:00,TBPH
16.71,16.72,16.71,16.72,2400,2021-06-08 14:02:00,TBPH
16.73,16.89,16.72,16.89,6545,2021-06-08 14:03:00,TBPH
16.81,16.81,16.8006,16.8006,200,2021-06-08 14:04:00,TBPH
16.78,16.78,16.77,16.77,500,2021-06-08 14:11:00,TBPH
16.77,16.775,16.77,16.775,200,2021-06-08 14:12:00,TBPH
16.8,16.8,16.78,16.78,302,2021-06-08 14:17:00,TBPH
16.86,16.86,16.86,16.86,100,2021-06-08 14:24:00,TBPH
16.88,16.88,16.88,16.88,700,2021-06-08 14:40:00,TBPH
16.85,16.85,16.85,16.85,190,2021-06-08 14:42:00,TBPH
16.91,16.91,16.91,16.91,300,2021-06-08 14:43:00,TBPH
16.92,16.92,16.92,16.92,3000,2021-06-08 14:46:00,TBPH
16.95,16.99,16.95,16.99,500,2021-06-08 14:49:00,TBPH
16.99,16.99,16.99,16.99,100,2021-06-08 14:51:00,TBPH
16.94,16.94,16.94,16.94,200,2021-06-08 14:52:00,TBPH
16.925,16.95,16.9,16.95,2874,2021-06-08 14:54:00,TBPH
16.91,16.91,16.9,16.9,200,2021-06-08 14:57:00,TBPH
16.92,16.965,16.92,16.965,5800,2021-06-08 14:58:00,TBPH
16.95,16.95,16.95,16.95,100,2021-06-08 15:00:00,TBPH
16.93,16.93,16.92,16.92,4849,2021-06-08 15:02:00,TBPH
16.92,16.94,16.92,16.94,200,2021-06-08 15:03:00,TBPH
16.91,16.915,16.9,16.915,300,2021-06-08 15:04:00,TBPH
16.95,16.95,16.95,16.95,300,2021-06-08 15:06:00,TBPH
16.98,16.98,16.98,16.98,430,2021-06-08 15:09:00,TBPH
16.98,16.98,16.965,16.965,365,2021-06-08 15:15:00,TBPH
16.92,16.98,16.92,16.965,300,2021-06-08 15:16:00,TBPH
16.98,16.98,16.98,16.98,100,2021-06-08 15:17:00,TBPH
16.98,17.015,16.98,17.015,600,2021-06-08 15:18:00,TBPH
17.02,17.02,17.02,17.02,200,2021-06-08 15:19:00,TBPH
17.02,17.02,17.02,17.02,100,2021-06-08 15:22:00,TBPH
17.03,17.03,16.98,16.98,1152,2021-06-08 15:23:00,TBPH
17.03,17.03,17.03,17.03,500,2021-06-08 15:28:00,TBPH
17.075,17.075,17.075,17.075,100,2021-06-08 15:29:00,TBPH
17.04,17.04,17.04,17.04,1000,2021-06-08 15:31:00,TBPH
17.03,17.03,17.03,17.03,100,2021-06-08 15:32:00,TBPH
17.06,17.06,17.06,17.06,100,2021-06-08 15:33:00,TBPH
17.0258,17.0258,17.0258,17.0258,430,2021-06-08 15:35:00,TBPH
17.03,17.03,16.97,17.015,400,2021-06-08 15:36:00,TBPH
17.01,17.01,16.97,16.97,1100,2021-06-08 15:37:00,TBPH
16.96,16.98,16.96,16.98,600,2021-06-08 15:39:00,TBPH
16.93,17.0,16.93,16.98,800,2021-06-08 15:40:00,TBPH
17.0,17.0,17.0,17.0,300,2021-06-08 15:42:00,TBPH
17.0,17.02,17.0,17.0,1201,2021-06-08 15:45:00,TBPH
17.0,17.0,17.0,17.0,200,2021-06-08 15:50:00,TBPH
17.0,17.0,17.0,17.0,200,2021-06-08 15:52:00,TBPH
17.0,17.0,17.0,17.0,100,2021-06-08 15:54:00,TBPH
17.01,17.07,17.01,17.07,417,2021-06-08 16:00:00,TBPH
17.05,17.05,17.05,17.05,100,2021-06-08 16:01:00,TBPH
17.05,17.12,17.05,17.12,700,2021-06-08 16:02:00,TBPH
17.09,17.09,17.09,17.09,100,2021-06-08 16:03:00,TBPH
17.09,17.09,17.06,17.06,473,2021-06-08 16:07:00,TBPH
17.075,17.075,17.075,17.075,100,2021-06-08 16:09:00,TBPH
17.09,17.09,17.08,17.08,200,2021-06-08 16:13:00,TBPH
17.08,17.08,17.08,17.08,100,2021-06-08 16:16:00,TBPH
17.07,17.07,17.07,17.07,100,2021-06-08 16:27:00,TBPH
17.06,17.06,17.06,17.06,100,2021-06-08 16:35:00,TBPH
17.07,17.07,17.07,17.07,300,2021-06-08 16:43:00,TBPH
17.07,17.07,17.07,17.07,100,2021-06-08 16:44:00,TBPH
17.0601,17.0601,17.05,17.06,2300,2021-06-08 16:48:00,TBPH
17.0304,17.0304,17.0,17.0,3500,2021-06-08 16:49:00,TBPH
16.98,17.0,16.98,17.0,1300,2021-06-08 16:50:00,TBPH
17.0,17.0,17.0,17.0,100,2021-06-08 16:51:00,TBPH
17.0,17.0,17.0,17.0,100,2021-06-08 16:52:00,TBPH
17.0,17.0,17.0,17.0,100,2021-06-08 16:53:00,TBPH
17.0,17.0,16.995,16.995,300,2021-06-08 16:57:00,TBPH
17.0,17.0,16.98,16.98,239,2021-06-08 17:03:00,TBPH
17.0,17.0,17.0,17.0,100,2021-06-08 17:04:00,TBPH
17.0,17.0,17.0,17.0,100,2021-06-08 17:12:00,TBPH
17.0,17.0,17.0,17.0,200,2021-06-08 17:13:00,TBPH
16.99,17.0,16.99,17.0,600,2021-06-08 17:17:00,TBPH
17.0,17.03,16.995,17.03,1300,2021-06-08 17:18:00,TBPH
17.035,17.035,17.035,17.035,200,2021-06-08 17:19:00,TBPH
17.04,17.04,17.04,17.04,100,2021-06-08 17:20:00,TBPH
17.02,17.02,17.02,17.02,479,2021-06-08 17:21:00,TBPH
17.02,17.04,17.01,17.01,400,2021-06-08 17:23:00,TBPH
17.04,17.04,17.01,17.01,493,2021-06-08 17:26:00,TBPH
17.06,17.06,17.06,17.06,200,2021-06-08 17:33:00,TBPH
17.03,17.07,17.03,17.05,1200,2021-06-08 17:43:00,TBPH
17.0,17.0,17.0,17.0,100,2021-06-08 17:58:00,TBPH
17.0,17.02,17.0,17.01,600,2021-06-08 17:59:00,TBPH
16.995,16.995,16.995,16.995,100,2021-06-08 18:01:00,TBPH
17.0,17.0,17.0,17.0,100,2021-06-08 18:02:00,TBPH
16.99,17.0,16.99,16.995,300,2021-06-08 18:03:00,TBPH
17.0,17.01,17.0,17.01,300,2021-06-08 18:07:00,TBPH
17.0,17.0,16.99,17.0,700,2021-06-08 18:09:00,TBPH
17.0,17.0,17.0,17.0,600,2021-06-08 18:13:00,TBPH
17.01,17.02,17.01,17.02,700,2021-06-08 18:14:00,TBPH
17.03,17.03,17.02,17.02,200,2021-06-08 18:16:00,TBPH
17.02,17.02,17.02,17.02,100,2021-06-08 18:28:00,TBPH
17.01,17.01,17.01,17.01,299,2021-06-08 18:32:00,TBPH
17.0,17.0,17.0,17.0,100,2021-06-08 18:34:00,TBPH
17.02,17.03,17.02,17.03,788,2021-06-08 18:36:00,TBPH
17.02,17.02,17.02,17.02,100,2021-06-08 18:43:00,TBPH
17.03,17.03,17.03,17.03,200,2021-06-08 18:45:00,TBPH
17.02,17.02,17.02,17.02,300,2021-06-08 18:46:00,TBPH
17.01,17.01,17.01,17.01,200,2021-06-08 18:47:00,TBPH
17.02,17.02,17.02,17.02,100,2021-06-08 18:50:00,TBPH
17.02,17.02,17.02,17.02,400,2021-06-08 18:53:00,TBPH
17.015,17.015,17.015,17.015,100,2021-06-08 18:55:00,TBPH
17.02,17.065,17.02,17.065,1619,2021-06-08 18:57:00,TBPH
17.06,17.06,17.06,17.06,100,2021-06-08 19:00:00,TBPH
17.054,17.07,17.0504,17.0504,452,2021-06-08 19:03:00,TBPH
17.09,17.09,17.08,17.08,700,2021-06-08 19:08:00,TBPH
17.1,17.1,17.1,17.1,152,2021-06-08 19:11:00,TBPH
17.1,17.1,17.1,17.1,120,2021-06-08 19:13:00,TBPH
17.1,17.12,17.1,17.12,625,2021-06-08 19:14:00,TBPH
17.13,17.13,17.13,17.13,300,2021-06-08 19:15:00,TBPH
17.13,17.13,17.13,17.13,100,2021-06-08 19:17:00,TBPH
17.14,17.155,17.14,17.155,600,2021-06-08 19:21:00,TBPH
17.14,17.14,17.12,17.12,600,2021-06-08 19:22:00,TBPH
17.11,17.11,17.11,17.11,100,2021-06-08 19:26:00,TBPH
17.11,17.12,17.11,17.11,736,2021-06-08 19:29:00,TBPH
17.1,17.1,17.1,17.1,100,2021-06-08 19:30:00,TBPH
17.115,17.115,17.115,17.115,100,2021-06-08 19:31:00,TBPH
17.11,17.11,17.11,17.11,100,2021-06-08 19:32:00,TBPH
17.14,17.14,17.14,17.14,300,2021-06-08 19:33:00,TBPH
17.1468,17.1468,17.1468,17.1468,584,2021-06-08 19:34:00,TBPH
17.145,17.145,17.145,17.145,100,2021-06-08 19:35:00,TBPH
17.145,17.145,17.145,17.145,100,2021-06-08 19:36:00,TBPH
17.14,17.15,17.14,17.15,800,2021-06-08 19:37:00,TBPH
17.14,17.14,17.14,17.14,195,2021-06-08 19:38:00,TBPH
17.14,17.14,17.14,17.14,200,2021-06-08 19:39:00,TBPH
17.145,17.145,17.145,17.145,100,2021-06-08 19:40:00,TBPH
17.14,17.145,17.14,17.145,200,2021-06-08 19:42:00,TBPH
17.145,17.15,17.145,17.15,500,2021-06-08 19:43:00,TBPH
17.16,17.16,17.16,17.16,360,2021-06-08 19:44:00,TBPH
17.17,17.17,17.17,17.17,600,2021-06-08 19:45:00,TBPH
17.16,17.16,17.16,17.16,372,2021-06-08 19:47:00,TBPH
17.16,17.16,17.16,17.16,300,2021-06-08 19:48:00,TBPH
17.16,17.1615,17.16,17.1601,702,2021-06-08 19:49:00,TBPH
17.16,17.16,17.15,17.15,1000,2021-06-08 19:50:00,TBPH
17.165,17.17,17.14,17.14,3077,2021-06-08 19:51:00,TBPH
17.14,17.14,17.06,17.06,4810,2021-06-08 19:52:00,TBPH
17.09,17.09,17.06,17.075,1097,2021-06-08 19:53:00,TBPH
17.09,17.09,17.075,17.075,200,2021-06-08 19:54:00,TBPH
17.06,17.06,17.06,17.06,300,2021-06-08 19:55:00,TBPH
17.065,17.08,17.05,17.05,1083,2021-06-08 19:56:00,TBPH
17.065,17.065,17.05,17.05,400,2021-06-08 19:57:00,TBPH
17.08,17.11,17.065,17.11,1694,2021-06-08 19:58:00,TBPH
17.1,17.11,17.05,17.11,8161,2021-06-08 19:59:00,TBPH
17.1,17.1,17.1,17.1,60988,2021-06-08 20:00:00,TBPH
17.1,17.1,17.1,17.1,356,2021-06-08 20:01:00,TBPH
17.23,17.23,17.1,17.1,4649,2021-06-09 13:30:00,TBPH
17.1225,17.42,17.1225,17.42,659,2021-06-09 13:34:00,TBPH
17.34,17.4,17.34,17.4,200,2021-06-09 13:35:00,TBPH
17.27,17.35,17.26,17.35,572,2021-06-09 13:42:00,TBPH
17.44,17.47,17.44,17.47,846,2021-06-09 13:46:00,TBPH
17.49,17.49,17.49,17.49,100,2021-06-09 13:47:00,TBPH
17.4829,17.4829,17.4829,17.4829,605,2021-06-09 13:48:00,TBPH
17.39,17.39,17.39,17.39,359,2021-06-09 13:51:00,TBPH
17.37,17.37,17.3,17.305,620,2021-06-09 13:54:00,TBPH
17.2904,17.2904,17.2904,17.2904,1100,2021-06-09 13:55:00,TBPH
17.27,17.335,17.27,17.3,3100,2021-06-09 13:56:00,TBPH
17.2401,17.245,17.2401,17.245,950,2021-06-09 13:57:00,TBPH
17.24,17.24,17.2,17.2,1850,2021-06-09 13:58:00,TBPH
17.16,17.16,17.1,17.1,215,2021-06-09 14:01:00,TBPH
17.135,17.135,17.135,17.135,100,2021-06-09 14:03:00,TBPH
17.15,17.15,17.15,17.15,100,2021-06-09 14:07:00,TBPH
17.175,17.175,17.17,17.17,200,2021-06-09 14:09:00,TBPH
17.185,17.225,17.137,17.225,2113,2021-06-09 14:11:00,TBPH
17.23,17.23,17.23,17.23,1710,2021-06-09 14:17:00,TBPH
17.24,17.24,17.2,17.2,300,2021-06-09 14:19:00,TBPH
17.19,17.19,17.19,17.19,100,2021-06-09 14:20:00,TBPH
17.2,17.2,17.19,17.19,300,2021-06-09 14:25:00,TBPH
17.225,17.25,17.225,17.25,200,2021-06-09 14:26:00,TBPH
17.3,17.3,17.3,17.3,100,2021-06-09 14:29:00,TBPH
17.3,17.3,17.295,17.295,600,2021-06-09 14:30:00,TBPH
17.3,17.3,17.3,17.3,100,2021-06-09 14:35:00,TBPH
17.28,17.28,17.28,17.28,450,2021-06-09 14:36:00,TBPH
17.31,17.31,17.31,17.31,100,2021-06-09 14:40:00,TBPH
17.31,17.31,17.31,17.31,100,2021-06-09 14:42:00,TBPH
17.29,17.29,17.26,17.26,1406,2021-06-09 14:47:00,TBPH
17.26,17.26,17.22,17.22,200,2021-06-09 14:48:00,TBPH
17.19,17.19,17.19,17.19,300,2021-06-09 14:53:00,TBPH
17.225,17.225,17.225,17.225,200,2021-06-09 14:54:00,TBPH
17.19,17.19,17.19,17.19,300,2021-06-09 14:55:00,TBPH
17.19,17.19,17.19,17.19,100,2021-06-09 14:56:00,TBPH
17.19,17.19,17.17,17.17,300,2021-06-09 14:57:00,TBPH
17.205,17.205,17.205,17.205,100,2021-06-09 14:58:00,TBPH
17.15,17.18,17.14,17.14,500,2021-06-09 15:00:00,TBPH
17.14,17.14,17.14,17.14,200,2021-06-09 15:01:00,TBPH
17.14,17.14,17.14,17.14,100,2021-06-09 15:02:00,TBPH
17.14,17.14,17.14,17.14,300,2021-06-09 15:03:00,TBPH
17.11,17.11,17.11,17.11,200,2021-06-09 15:04:00,TBPH
17.13,17.13,17.13,17.13,100,2021-06-09 15:05:00,TBPH
17.08,17.08,17.08,17.08,100,2021-06-09 15:06:00,TBPH
17.08,17.11,17.08,17.11,2029,2021-06-09 15:07:00,TBPH
17.12,17.13,17.12,17.13,300,2021-06-09 15:08:00,TBPH
17.12,17.12,17.12,17.12,100,2021-06-09 15:10:00,TBPH
17.11,17.11,17.11,17.11,100,2021-06-09 15:13:00,TBPH
17.11,17.11,17.04,17.04,500,2021-06-09 15:17:00,TBPH
17.04,17.04,17.0,17.0,728,2021-06-09 15:18:00,TBPH
17.0,17.0,17.0,17.0,100,2021-06-09 15:19:00,TBPH
16.995,17.05,16.995,17.05,2977,2021-06-09 15:20:00,TBPH
17.05,17.05,17.05,17.05,100,2021-06-09 15:23:00,TBPH
17.04,17.04,17.02,17.02,200,2021-06-09 15:24:00,TBPH
17.04,17.04,17.04,17.04,100,2021-06-09 15:27:00,TBPH
17.045,17.045,17.045,17.045,100,2021-06-09 15:28:00,TBPH
17.05,17.05,17.045,17.045,400,2021-06-09 15:29:00,TBPH
17.045,17.045,17.04,17.04,230,2021-06-09 15:30:00,TBPH
17.03,17.045,17.03,17.045,300,2021-06-09 15:31:00,TBPH
17.045,17.07,17.045,17.06,1000,2021-06-09 15:32:00,TBPH
17.08,17.08,17.08,17.08,100,2021-06-09 15:34:00,TBPH
17.05,17.05,17.05,17.05,100,2021-06-09 15:36:00,TBPH
17.05,17.05,17.05,17.05,100,2021-06-09 15:37:00,TBPH
17.05,17.05,17.05,17.05,200,2021-06-09 15:38:00,TBPH
17.05,17.05,17.05,17.05,200,2021-06-09 15:39:00,TBPH
17.05,17.05,17.05,17.05,200,2021-06-09 15:40:00,TBPH
17.05,17.07,17.05,17.05,300,2021-06-09 15:41:00,TBPH
17.05,17.05,17.05,17.05,300,2021-06-09 15:42:00,TBPH
17.05,17.05,17.05,17.05,100,2021-06-09 15:43:00,TBPH
17.05,17.05,17.05,17.05,200,2021-06-09 15:44:00,TBPH
17.05,17.05,17.05,17.05,100,2021-06-09 15:45:00,TBPH
17.05,17.11,17.05,17.11,1307,2021-06-09 15:46:00,TBPH
17.07,17.07,17.07,17.07,100,2021-06-09 15:48:00,TBPH
17.1,17.11,17.0872,17.098,1978,2021-06-09 15:49:00,TBPH
17.095,17.095,17.095,17.095,100,2021-06-09 15:50:00,TBPH
17.085,17.085,17.085,17.085,100,2021-06-09 15:51:00,TBPH
17.1,17.1,17.1,17.1,200,2021-06-09 15:52:00,TBPH
17.09,17.09,17.065,17.065,1000,2021-06-09 15:54:00,TBPH
17.065,17.065,17.065,17.065,100,2021-06-09 15:55:00,TBPH
17.065,17.065,17.065,17.065,200,2021-06-09 15:56:00,TBPH
17.065,17.065,17.065,17.065,100,2021-06-09 15:57:00,TBPH
17.065,17.065,17.065,17.065,300,2021-06-09 15:58:00,TBPH
17.065,17.065,17.065,17.065,100,2021-06-09 15:59:00,TBPH
17.065,17.065,17.065,17.065,100,2021-06-09 16:00:00,TBPH
17.06,17.06,17.055,17.055,200,2021-06-09 16:01:00,TBPH
17.055,17.055,17.055,17.055,100,2021-06-09 16:02:00,TBPH
17.07,17.08,17.07,17.08,1194,2021-06-09 16:03:00,TBPH
17.08,17.12,17.08,17.12,1100,2021-06-09 16:10:00,TBPH
17.12,17.12,17.12,17.12,200,2021-06-09 16:11:00,TBPH
17.145,17.145,17.145,17.145,100,2021-06-09 16:12:00,TBPH
17.145,17.16,17.145,17.16,200,2021-06-09 16:14:00,TBPH
17.13,17.13,17.13,17.13,100,2021-06-09 16:15:00,TBPH
17.11,17.125,17.07,17.08,2411,2021-06-09 16:21:00,TBPH
17.095,17.095,17.095,17.095,100,2021-06-09 16:22:00,TBPH
17.095,17.095,17.095,17.095,100,2021-06-09 16:23:00,TBPH
17.095,17.095,17.095,17.095,200,2021-06-09 16:24:00,TBPH
17.095,17.095,17.095,17.095,100,2021-06-09 16:25:00,TBPH
17.095,17.095,17.095,17.095,100,2021-06-09 16:26:00,TBPH
17.095,17.1,17.095,17.1,200,2021-06-09 16:27:00,TBPH
17.1,17.1,17.1,17.1,100,2021-06-09 16:28:00,TBPH
17.1,17.1,17.1,17.1,100,2021-06-09 16:29:00,TBPH
17.1,17.1,17.1,17.1,100,2021-06-09 16:30:00,TBPH
17.1,17.1,17.08,17.085,800,2021-06-09 16:31:00,TBPH
17.085,17.11,17.085,17.11,1200,2021-06-09 16:32:00,TBPH
17.13,17.13,17.13,17.13,200,2021-06-09 16:34:00,TBPH
17.11,17.11,17.11,17.11,300,2021-06-09 16:42:00,TBPH
17.11,17.11,17.11,17.11,100,2021-06-09 16:43:00,TBPH
17.125,17.125,17.1,17.1,200,2021-06-09 16:45:00,TBPH
17.1,17.1,17.1,17.1,100,2021-06-09 16:46:00,TBPH
17.1,17.1,17.1,17.1,200,2021-06-09 16:47:00,TBPH
17.1,17.125,17.1,17.125,200,2021-06-09 16:49:00,TBPH
17.1,17.1,17.1,17.1,100,2021-06-09 16:50:00,TBPH
17.1,17.1,17.1,17.1,100,2021-06-09 16:51:00,TBPH
17.1,17.1,17.08,17.08,328,2021-06-09 16:52:00,TBPH
17.07,17.07,17.07,17.07,500,2021-06-09 16:53:00,TBPH
17.06,17.08,17.06,17.08,1034,2021-06-09 16:54:00,TBPH
17.09,17.09,17.09,17.09,300,2021-06-09 16:55:00,TBPH
17.08,17.1,17.08,17.1,1048,2021-06-09 16:59:00,TBPH
17.09,17.09,17.09,17.09,100,2021-06-09 17:04:00,TBPH
17.1,17.1,17.1,17.1,200,2021-06-09 17:09:00,TBPH
17.1,17.1,17.1,17.1,100,2021-06-09 17:10:00,TBPH
17.1,17.1,17.1,17.1,200,2021-06-09 17:11:00,TBPH
17.1,17.1,17.1,17.1,200,2021-06-09 17:12:00,TBPH
17.1,17.15,17.1,17.15,3629,2021-06-09 17:13:00,TBPH
17.12,17.12,17.12,17.12,200,2021-06-09 17:14:00,TBPH
17.15,17.16,17.14,17.14,300,2021-06-09 17:20:00,TBPH
17.14,17.14,17.14,17.14,100,2021-06-09 17:21:00,TBPH
17.135,17.135,17.135,17.135,100,2021-06-09 17:23:00,TBPH
17.12,17.12,17.12,17.12,200,2021-06-09 17:24:00,TBPH
17.135,17.16,17.135,17.16,1360,2021-06-09 17:25:00,TBPH
17.21,17.22,17.21,17.22,369,2021-06-09 17:29:00,TBPH
17.24,17.25,17.22,17.22,824,2021-06-09 17:30:00,TBPH
17.22,17.22,17.22,17.22,200,2021-06-09 17:31:00,TBPH
17.23,17.23,17.21,17.21,500,2021-06-09 17:32:00,TBPH
17.24,17.24,17.24,17.24,100,2021-06-09 17:34:00,TBPH
17.21,17.21,17.21,17.21,100,2021-06-09 17:35:00,TBPH
17.24,17.24,17.24,17.24,100,2021-06-09 17:37:00,TBPH
17.18,17.22,17.18,17.22,200,2021-06-09 17:39:00,TBPH
17.18,17.21,17.18,17.21,200,2021-06-09 17:40:00,TBPH
17.21,17.21,17.21,17.21,100,2021-06-09 17:41:00,TBPH
17.21,17.21,17.21,17.21,200,2021-06-09 17:42:00,TBPH
17.21,17.21,17.2,17.2,200,2021-06-09 17:43:00,TBPH
17.21,17.21,17.21,17.21,100,2021-06-09 17:44:00,TBPH
17.18,17.18,17.18,17.18,100,2021-06-09 17:45:00,TBPH
17.21,17.21,17.18,17.18,200,2021-06-09 17:46:00,TBPH
17.23,17.23,17.23,17.23,217,2021-06-09 17:47:00,TBPH
17.23,17.23,17.23,17.23,200,2021-06-09 17:48:00,TBPH
17.2,17.205,17.1706,17.1706,1159,2021-06-09 17:49:00,TBPH
17.2,17.2,17.17,17.17,400,2021-06-09 17:50:00,TBPH
17.17,17.18,17.16,17.18,1178,2021-06-09 17:51:00,TBPH
17.22,17.22,17.22,17.22,200,2021-06-09 17:52:00,TBPH
17.25,17.26,17.25,17.26,300,2021-06-09 17:53:00,TBPH
17.265,17.265,17.265,17.265,100,2021-06-09 17:55:00,TBPH
17.265,17.265,17.24,17.24,300,2021-06-09 17:59:00,TBPH
17.265,17.265,17.24,17.24,200,2021-06-09 18:00:00,TBPH
17.265,17.265,17.265,17.265,200,2021-06-09 18:01:00,TBPH
17.24,17.24,17.24,17.24,200,2021-06-09 18:02:00,TBPH
17.26,17.26,17.26,17.26,100,2021-06-09 18:03:00,TBPH
17.26,17.26,17.24,17.24,200,2021-06-09 18:04:00,TBPH
17.24,17.24,17.24,17.24,100,2021-06-09 18:05:00,TBPH
17.22,17.26,17.22,17.26,300,2021-06-09 18:06:00,TBPH
17.26,17.28,17.26,17.28,1223,2021-06-09 18:07:00,TBPH
17.28,17.28,17.28,17.28,100,2021-06-09 18:09:00,TBPH
17.28,17.28,17.26,17.26,200,2021-06-09 18:10:00,TBPH
17.3,17.3,17.3,17.3,200,2021-06-09 18:11:00,TBPH
17.3,17.33,17.3,17.315,1300,2021-06-09 18:12:00,TBPH
17.34,17.34,17.34,17.34,200,2021-06-09 18:13:00,TBPH
17.3633,17.3633,17.3633,17.3633,1240,2021-06-09 18:14:00,TBPH
17.355,17.38,17.33,17.33,1000,2021-06-09 18:15:00,TBPH
17.35,17.35,17.35,17.35,100,2021-06-09 18:16:00,TBPH
17.37,17.37,17.37,17.37,200,2021-06-09 18:17:00,TBPH
17.37,17.37,17.37,17.37,229,2021-06-09 18:18:00,TBPH
17.37,17.37,17.34,17.34,400,2021-06-09 18:19:00,TBPH
17.335,17.335,17.32,17.33,700,2021-06-09 18:22:00,TBPH
17.325,17.325,17.3,17.3,600,2021-06-09 18:23:00,TBPH
17.29,17.3,17.29,17.3,200,2021-06-09 18:24:00,TBPH
17.26,17.26,17.26,17.26,100,2021-06-09 18:25:00,TBPH
17.26,17.26,17.26,17.26,200,2021-06-09 18:26:00,TBPH
17.26,17.275,17.26,17.275,200,2021-06-09 18:27:00,TBPH
17.26,17.26,17.26,17.26,100,2021-06-09 18:28:00,TBPH
17.275,17.28,17.26,17.26,2200,2021-06-09 18:29:00,TBPH
17.26,17.265,17.25,17.265,700,2021-06-09 18:30:00,TBPH
17.26,17.26,17.26,17.26,400,2021-06-09 18:31:00,TBPH
17.26,17.26,17.26,17.26,200,2021-06-09 18:32:00,TBPH
17.26,17.26,17.26,17.26,200,2021-06-09 18:33:00,TBPH
17.26,17.26,17.26,17.26,100,2021-06-09 18:34:00,TBPH
17.26,17.28,17.26,17.28,599,2021-06-09 18:35:00,TBPH
17.28,17.32,17.28,17.31,800,2021-06-09 18:36:00,TBPH
17.29,17.29,17.28,17.28,308,2021-06-09 18:37:00,TBPH
17.29,17.32,17.29,17.32,500,2021-06-09 18:38:00,TBPH
17.32,17.32,17.32,17.32,100,2021-06-09 18:40:00,TBPH
17.32,17.325,17.32,17.325,200,2021-06-09 18:42:00,TBPH
17.34,17.34,17.34,17.34,100,2021-06-09 18:44:00,TBPH
17.31,17.325,17.29,17.3,1919,2021-06-09 18:45:00,TBPH
17.3,17.3,17.3,17.3,100,2021-06-09 18:46:00,TBPH
17.32,17.32,17.2706,17.2734,850,2021-06-09 18:47:00,TBPH
17.29,17.29,17.27,17.27,300,2021-06-09 18:48:00,TBPH
17.28,17.29,17.28,17.29,200,2021-06-09 18:49:00,TBPH
17.29,17.29,17.29,17.29,100,2021-06-09 18:53:00,TBPH
17.27,17.2708,17.27,17.2708,1313,2021-06-09 18:54:00,TBPH
17.285,17.285,17.285,17.285,200,2021-06-09 18:56:00,TBPH
17.275,17.275,17.26,17.26,200,2021-06-09 18:57:00,TBPH
17.285,17.285,17.285,17.285,100,2021-06-09 18:58:00,TBPH
17.285,17.285,17.285,17.285,100,2021-06-09 19:01:00,TBPH
17.275,17.275,17.275,17.275,300,2021-06-09 19:03:00,TBPH
17.275,17.275,17.275,17.275,200,2021-06-09 19:04:00,TBPH
17.28,17.29,17.27,17.27,900,2021-06-09 19:05:00,TBPH
17.28,17.3,17.28,17.3,800,2021-06-09 19:07:00,TBPH
17.31,17.31,17.31,17.31,200,2021-06-09 19:08:00,TBPH
17.305,17.305,17.305,17.305,100,2021-06-09 19:11:00,TBPH
17.3,17.3,17.29,17.29,400,2021-06-09 19:14:00,TBPH
17.295,17.3,17.295,17.3,400,2021-06-09 19:15:00,TBPH
17.29,17.3,17.29,17.3,200,2021-06-09 19:16:00,TBPH
17.2901,17.3,17.255,17.255,1557,2021-06-09 19:17:00,TBPH
17.255,17.255,17.255,17.255,200,2021-06-09 19:18:00,TBPH
17.26,17.26,17.255,17.255,300,2021-06-09 19:19:00,TBPH
17.255,17.26,17.255,17.26,200,2021-06-09 19:20:00,TBPH
17.25,17.27,17.25,17.27,800,2021-06-09 19:21:00,TBPH
17.26,17.26,17.26,17.26,100,2021-06-09 19:22:00,TBPH
17.265,17.265,17.265,17.265,100,2021-06-09 19:23:00,TBPH
17.265,17.27,17.245,17.26,899,2021-06-09 19:24:00,TBPH
17.26,17.26,17.26,17.26,1600,2021-06-09 19:25:00,TBPH
17.245,17.26,17.245,17.26,1805,2021-06-09 19:26:00,TBPH
17.26,17.26,17.26,17.26,300,2021-06-09 19:27:00,TBPH
17.24,17.24,17.24,17.24,100,2021-06-09 19:28:00,TBPH
17.245,17.27,17.245,17.27,400,2021-06-09 19:29:00,TBPH
17.245,17.26,17.24,17.25,2908,2021-06-09 19:30:00,TBPH
17.25,17.26,17.25,17.26,600,2021-06-09 19:31:00,TBPH
17.27,17.27,17.27,17.27,100,2021-06-09 19:34:00,TBPH
17.26,17.27,17.26,17.26,300,2021-06-09 19:35:00,TBPH
17.26,17.27,17.26,17.27,300,2021-06-09 19:36:00,TBPH
17.26,17.28,17.26,17.27,1500,2021-06-09 19:37:00,TBPH
17.28,17.28,17.27,17.27,300,2021-06-09 19:39:00,TBPH
17.265,17.265,17.255,17.26,900,2021-06-09 19:40:00,TBPH
17.26,17.26,17.255,17.26,1400,2021-06-09 19:41:00,TBPH
17.25,17.26,17.245,17.26,2100,2021-06-09 19:42:00,TBPH
17.25,17.265,17.24,17.24,1800,2021-06-09 19:43:00,TBPH
17.23,17.23,17.23,17.23,100,2021-06-09 19:44:00,TBPH
17.25,17.25,17.235,17.25,400,2021-06-09 19:46:00,TBPH
17.245,17.245,17.23,17.23,700,2021-06-09 19:47:00,TBPH
17.24,17.25,17.23,17.23,700,2021-06-09 19:48:00,TBPH
17.25,17.25,17.23,17.23,700,2021-06-09 19:49:00,TBPH
17.235,17.24,17.235,17.24,2443,2021-06-09 19:50:00,TBPH
17.235,17.245,17.235,17.245,1970,2021-06-09 19:51:00,TBPH
17.25,17.25,17.235,17.235,758,2021-06-09 19:52:00,TBPH
17.235,17.26,17.235,17.26,2288,2021-06-09 19:53:00,TBPH
17.26,17.26,17.25,17.255,729,2021-06-09 19:54:00,TBPH
17.26,17.26,17.255,17.26,499,2021-06-09 19:55:00,TBPH
17.26,17.26,17.25,17.25,300,2021-06-09 19:56:00,TBPH
17.255,17.26,17.25,17.255,1173,2021-06-09 19:57:00,TBPH
17.25,17.29,17.25,17.28,2503,2021-06-09 19:58:00,TBPH
17.3,17.3,17.27,17.3,2465,2021-06-09 19:59:00,TBPH
17.3,17.3,17.3,17.3,28909,2021-06-09 20:00:00,TBPH
17.29,17.29,17.29,17.29,1862,2021-06-10 13:30:00,TBPH
17.3705,17.45,17.31,17.31,825,2021-06-10 13:32:00,TBPH
17.32,17.36,17.31,17.31,3406,2021-06-10 13:33:00,TBPH
17.44,17.44,17.41,17.44,300,2021-06-10 13:34:00,TBPH
17.42,17.44,17.39,17.39,1200,2021-06-10 13:35:00,TBPH
17.4,17.4,17.39,17.39,1518,2021-06-10 13:36:00,TBPH
17.39,17.405,17.34,17.4,5809,2021-06-10 13:37:00,TBPH
17.42,17.42,17.41,17.41,200,2021-06-10 13:38:00,TBPH
17.425,17.4298,17.425,17.4298,300,2021-06-10 13:39:00,TBPH
17.44,17.44,17.44,17.44,300,2021-06-10 13:40:00,TBPH
17.445,17.49,17.44,17.445,1000,2021-06-10 13:41:00,TBPH
17.35,17.36,17.35,17.36,1117,2021-06-10 13:43:00,TBPH
17.41,17.41,17.41,17.41,100,2021-06-10 13:47:00,TBPH
17.44,17.445,17.435,17.44,2303,2021-06-10 13:50:00,TBPH
17.44,17.45,17.43,17.43,2202,2021-06-10 13:52:00,TBPH
17.43,17.43,17.4,17.4,1514,2021-06-10 13:53:00,TBPH
17.4,17.42,17.4,17.41,300,2021-06-10 13:55:00,TBPH
17.45,17.45,17.435,17.435,300,2021-06-10 13:57:00,TBPH
17.445,17.445,17.38,17.38,2621,2021-06-10 13:58:00,TBPH
17.39,17.39,17.39,17.39,100,2021-06-10 14:00:00,TBPH
17.4,17.4,17.4,17.4,200,2021-06-10 14:01:00,TBPH
17.4,17.44,17.4,17.44,715,2021-06-10 14:02:00,TBPH
17.44,17.44,17.44,17.44,760,2021-06-10 14:03:00,TBPH
17.44,17.44,17.44,17.44,100,2021-06-10 14:04:00,TBPH
17.43,17.44,17.37,17.4,3277,2021-06-10 14:05:00,TBPH
17.4,17.4,17.4,17.4,891,2021-06-10 14:06:00,TBPH
17.4,17.4,17.4,17.4,200,2021-06-10 14:07:00,TBPH
17.4,17.4,17.4,17.4,123,2021-06-10 14:09:00,TBPH
17.4,17.4,17.4,17.4,100,2021-06-10 14:10:00,TBPH
17.405,17.405,17.405,17.405,100,2021-06-10 14:12:00,TBPH
17.41,17.41,17.41,17.41,600,2021-06-10 14:14:00,TBPH
17.41,17.41,17.41,17.41,900,2021-06-10 14:15:00,TBPH
17.4,17.4,17.37,17.37,1010,2021-06-10 14:16:00,TBPH
17.37,17.37,17.37,17.37,300,2021-06-10 14:17:00,TBPH
17.39,17.39,17.375,17.375,400,2021-06-10 14:20:00,TBPH
17.4,17.4,17.4,17.4,100,2021-06-10 14:22:00,TBPH
17.4,17.4,17.4,17.4,100,2021-06-10 14:26:00,TBPH
17.39,17.39,17.36,17.36,874,2021-06-10 14:27:00,TBPH
17.39,17.4,17.39,17.4,400,2021-06-10 14:30:00,TBPH
17.405,17.405,17.405,17.405,200,2021-06-10 14:31:00,TBPH
17.405,17.405,17.405,17.405,200,2021-06-10 14:35:00,TBPH
17.405,17.405,17.405,17.405,300,2021-06-10 14:36:00,TBPH
17.39,17.39,17.36,17.36,1722,2021-06-10 14:37:00,TBPH
17.37,17.37,17.37,17.37,200,2021-06-10 14:38:00,TBPH
17.385,17.385,17.385,17.385,100,2021-06-10 14:44:00,TBPH
17.37,17.37,17.37,17.37,700,2021-06-10 14:45:00,TBPH
17.34,17.34,17.29,17.29,200,2021-06-10 14:47:00,TBPH
17.34,17.34,17.34,17.34,100,2021-06-10 14:51:00,TBPH
17.37,17.38,17.35,17.35,700,2021-06-10 14:54:00,TBPH
17.35,17.35,17.35,17.35,400,2021-06-10 14:55:00,TBPH
17.33,17.33,17.3,17.3,600,2021-06-10 15:00:00,TBPH
17.33,17.34,17.31,17.31,400,2021-06-10 15:01:00,TBPH
17.345,17.345,17.345,17.345,139,2021-06-10 15:03:00,TBPH
17.35,17.35,17.35,17.35,100,2021-06-10 15:06:00,TBPH
17.385,17.385,17.385,17.385,100,2021-06-10 15:09:00,TBPH
17.36,17.36,17.36,17.36,100,2021-06-10 15:12:00,TBPH
17.39,17.425,17.39,17.39,300,2021-06-10 15:13:00,TBPH
17.445,17.455,17.445,17.455,200,2021-06-10 15:18:00,TBPH
17.46,17.46,17.46,17.46,100,2021-06-10 15:19:00,TBPH
17.45,17.45,17.43,17.435,900,2021-06-10 15:21:00,TBPH
17.44,17.45,17.42,17.42,2741,2021-06-10 15:24:00,TBPH
17.42,17.42,17.41,17.41,700,2021-06-10 15:27:00,TBPH
17.41,17.41,17.41,17.41,400,2021-06-10 15:28:00,TBPH
17.41,17.41,17.4,17.4,1313,2021-06-10 15:30:00,TBPH
17.345,17.345,17.31,17.31,300,2021-06-10 15:35:00,TBPH
17.3,17.3,17.285,17.3,640,2021-06-10 15:36:00,TBPH
17.34,17.34,17.34,17.34,100,2021-06-10 15:37:00,TBPH
17.35,17.35,17.35,17.35,100,2021-06-10 15:44:00,TBPH
17.358,17.37,17.34,17.34,1500,2021-06-10 15:47:00,TBPH
17.34,17.34,17.34,17.34,200,2021-06-10 15:51:00,TBPH
17.355,17.355,17.355,17.355,100,2021-06-10 15:55:00,TBPH
17.36,17.36,17.36,17.36,100,2021-06-10 15:59:00,TBPH
17.36,17.36,17.36,17.36,100,2021-06-10 16:02:00,TBPH
17.36,17.39,17.36,17.39,900,2021-06-10 16:03:00,TBPH
17.37,17.37,17.35,17.35,2225,2021-06-10 16:08:00,TBPH
17.34,17.34,17.34,17.34,100,2021-06-10 16:12:00,TBPH
17.37,17.37,17.37,17.37,100,2021-06-10 16:15:00,TBPH
17.37,17.37,17.355,17.355,200,2021-06-10 16:17:00,TBPH
17.365,17.365,17.365,17.365,300,2021-06-10 16:22:00,TBPH
17.365,17.365,17.365,17.365,100,2021-06-10 16:23:00,TBPH
17.39,17.39,17.39,17.39,400,2021-06-10 16:25:00,TBPH
17.38,17.38,17.38,17.38,200,2021-06-10 16:28:00,TBPH
17.39,17.39,17.39,17.39,100,2021-06-10 16:29:00,TBPH
17.395,17.4,17.395,17.4,300,2021-06-10 16:30:00,TBPH
17.42,17.42,17.42,17.42,100,2021-06-10 16:33:00,TBPH
17.42,17.42,17.42,17.42,200,2021-06-10 16:34:00,TBPH
17.47,17.47,17.47,17.47,100,2021-06-10 16:39:00,TBPH
17.47,17.47,17.47,17.47,100,2021-06-10 16:40:00,TBPH
17.47,17.53,17.47,17.53,2443,2021-06-10 16:41:00,TBPH
17.59,17.59,17.59,17.59,100,2021-06-10 16:43:00,TBPH
17.54,17.64,17.54,17.64,500,2021-06-10 16:44:00,TBPH
17.6389,17.64,17.6389,17.64,1045,2021-06-10 16:45:00,TBPH
17.57,17.67,17.57,17.67,700,2021-06-10 16:46:00,TBPH
17.67,17.67,17.67,17.67,100,2021-06-10 16:48:00,TBPH
17.685,17.735,17.685,17.735,200,2021-06-10 16:49:00,TBPH
17.73,17.73,17.73,17.73,100,2021-06-10 16:50:00,TBPH
17.74,17.74,17.74,17.74,100,2021-06-10 16:51:00,TBPH
17.72,17.72,17.72,17.72,200,2021-06-10 16:53:00,TBPH
17.72,17.72,17.7,17.71,400,2021-06-10 16:54:00,TBPH
17.7,17.71,17.7,17.71,625,2021-06-10 16:56:00,TBPH
17.6903,17.73,17.6903,17.71,4705,2021-06-10 16:57:00,TBPH
17.7,17.7,17.69,17.69,600,2021-06-10 16:58:00,TBPH
17.675,17.675,17.65,17.65,1344,2021-06-10 16:59:00,TBPH
17.655,17.7,17.655,17.7,766,2021-06-10 17:02:00,TBPH
17.68,17.68,17.68,17.68,200,2021-06-10 17:03:00,TBPH
17.7,17.74,17.7,17.74,310,2021-06-10 17:07:00,TBPH
17.75,17.75,17.75,17.75,100,2021-06-10 17:12:00,TBPH
17.76,17.76,17.76,17.76,487,2021-06-10 17:17:00,TBPH
17.81,17.81,17.81,17.81,100,2021-06-10 17:19:00,TBPH
17.795,17.795,17.795,17.795,200,2021-06-10 17:21:00,TBPH
17.78,17.78,17.76,17.76,975,2021-06-10 17:26:00,TBPH
17.76,17.76,17.76,17.76,420,2021-06-10 17:27:00,TBPH
17.77,17.77,17.77,17.77,100,2021-06-10 17:29:00,TBPH
17.77,17.77,17.76,17.76,300,2021-06-10 17:30:00,TBPH
17.77,17.77,17.77,17.77,100,2021-06-10 17:31:00,TBPH
17.79,17.79,17.79,17.79,100,2021-06-10 17:32:00,TBPH
17.765,17.765,17.74,17.74,1400,2021-06-10 17:37:00,TBPH
17.69,17.69,17.69,17.69,100,2021-06-10 17:38:00,TBPH
17.71,17.71,17.71,17.71,100,2021-06-10 17:44:00,TBPH
17.69,17.69,17.68,17.68,400,2021-06-10 17:45:00,TBPH
17.705,17.705,17.705,17.705,100,2021-06-10 17:46:00,TBPH
17.68,17.7,17.65,17.675,3919,2021-06-10 17:48:00,TBPH
17.7,17.72,17.69,17.72,1500,2021-06-10 17:49:00,TBPH
17.75,17.77,17.725,17.77,770,2021-06-10 17:54:00,TBPH
17.77,17.77,17.77,17.77,100,2021-06-10 17:57:00,TBPH
17.79,17.79,17.79,17.79,112,2021-06-10 18:00:00,TBPH
17.76,17.77,17.76,17.77,600,2021-06-10 18:01:00,TBPH
17.79,17.79,17.79,17.79,100,2021-06-10 18:02:00,TBPH
17.83,17.87,17.82,17.87,5021,2021-06-10 18:03:00,TBPH
17.89,17.89,17.89,17.89,100,2021-06-10 18:07:00,TBPH
17.9,17.91,17.9,17.91,200,2021-06-10 18:12:00,TBPH
17.85,17.85,17.85,17.85,100,2021-06-10 18:13:00,TBPH
17.875,17.9,17.875,17.9,300,2021-06-10 18:14:00,TBPH
17.87,17.885,17.87,17.885,400,2021-06-10 18:17:00,TBPH
17.885,17.885,17.885,17.885,100,2021-06-10 18:18:00,TBPH
17.885,17.885,17.84,17.84,1132,2021-06-10 18:19:00,TBPH
17.84,17.85,17.83,17.83,1700,2021-06-10 18:20:00,TBPH
17.85,17.86,17.85,17.86,300,2021-06-10 18:24:00,TBPH
17.865,17.865,17.865,17.865,100,2021-06-10 18:25:00,TBPH
17.84,17.84,17.84,17.84,100,2021-06-10 18:29:00,TBPH
17.85,17.85,17.84,17.84,200,2021-06-10 18:31:00,TBPH
17.88,17.92,17.88,17.92,1084,2021-06-10 18:33:00,TBPH
17.94,17.94,17.915,17.94,300,2021-06-10 18:35:00,TBPH
17.97,17.97,17.97,17.97,100,2021-06-10 18:36:00,TBPH
17.97,17.97,17.97,17.97,100,2021-06-10 18:37:00,TBPH
17.96,17.98,17.96,17.98,200,2021-06-10 18:39:00,TBPH
17.95,17.95,17.93,17.94,400,2021-06-10 18:42:00,TBPH
17.94,17.95,17.89,17.89,2266,2021-06-10 18:43:00,TBPH
17.88,17.88,17.88,17.88,100,2021-06-10 18:44:00,TBPH
17.91,17.91,17.91,17.91,200,2021-06-10 18:52:00,TBPH
17.89,17.89,17.88,17.88,700,2021-06-10 18:53:00,TBPH
17.885,17.885,17.885,17.885,100,2021-06-10 18:56:00,TBPH
17.9,17.9,17.9,17.9,200,2021-06-10 18:57:00,TBPH
17.895,17.91,17.895,17.91,200,2021-06-10 18:58:00,TBPH
17.88,17.895,17.88,17.895,300,2021-06-10 19:01:00,TBPH
17.88,17.92,17.88,17.89,2855,2021-06-10 19:02:00,TBPH
17.89,17.895,17.89,17.895,400,2021-06-10 19:04:00,TBPH
17.89,17.89,17.89,17.89,763,2021-06-10 19:05:00,TBPH
17.9,17.9,17.9,17.9,400,2021-06-10 19:06:00,TBPH
17.915,17.93,17.915,17.925,700,2021-06-10 19:08:00,TBPH
17.94,17.94,17.94,17.94,200,2021-06-10 19:10:00,TBPH
17.93,17.93,17.92,17.92,900,2021-06-10 19:11:00,TBPH
17.91,17.91,17.89,17.91,1100,2021-06-10 19:12:00,TBPH
17.89,17.89,17.89,17.89,106,2021-06-10 19:14:00,TBPH
17.89,17.89,17.89,17.89,100,2021-06-10 19:16:00,TBPH
17.91,17.92,17.91,17.92,400,2021-06-10 19:18:00,TBPH
17.91,17.91,17.91,17.91,100,2021-06-10 19:19:00,TBPH
17.92,17.92,17.91,17.92,853,2021-06-10 19:22:00,TBPH
17.93,17.93,17.9102,17.93,1619,2021-06-10 19:24:00,TBPH
17.93,17.93,17.915,17.93,3206,2021-06-10 19:25:00,TBPH
17.91,17.91,17.91,17.91,100,2021-06-10 19:26:00,TBPH
17.92,17.95,17.92,17.95,500,2021-06-10 19:27:00,TBPH
17.96,17.96,17.94,17.945,300,2021-06-10 19:28:00,TBPH
17.97,17.97,17.97,17.97,100,2021-06-10 19:30:00,TBPH
17.95,17.95,17.94,17.94,300,2021-06-10 19:31:00,TBPH
17.94,17.95,17.93,17.93,4674,2021-06-10 19:32:00,TBPH
17.925,17.93,17.925,17.93,200,2021-06-10 19:34:00,TBPH
17.91,17.93,17.91,17.92,1373,2021-06-10 19:35:00,TBPH
17.915,17.93,17.91,17.93,1000,2021-06-10 19:36:00,TBPH
17.93,17.93,17.93,17.93,600,2021-06-10 19:37:00,TBPH
17.93,17.94,17.92,17.93,3200,2021-06-10 19:38:00,TBPH
17.96,17.96,17.955,17.96,572,2021-06-10 19:39:00,TBPH
17.96,17.96,17.96,17.96,200,2021-06-10 19:41:00,TBPH
17.97,17.97,17.97,17.97,100,2021-06-10 19:42:00,TBPH
17.97,17.98,17.97,17.98,400,2021-06-10 19:43:00,TBPH
17.98,17.98,17.97,17.98,500,2021-06-10 19:44:00,TBPH
17.98,17.99,17.98,17.98,300,2021-06-10 19:45:00,TBPH
17.98,17.99,17.96,17.98,4858,2021-06-10 19:46:00,TBPH
17.99,17.99,17.97,17.98,1351,2021-06-10 19:47:00,TBPH
17.97,17.99,17.97,17.99,2773,2021-06-10 19:48:00,TBPH
17.99,18.0,17.99,17.99,3593,2021-06-10 19:49:00,TBPH
17.98,18.0,17.98,18.0,3441,2021-06-10 19:50:00,TBPH
18.0,18.005,18.0,18.005,4067,2021-06-10 19:51:00,TBPH
18.02,18.04,18.02,18.04,300,2021-06-10 19:52:00,TBPH
18.04,18.04,18.02,18.02,1798,2021-06-10 19:53:00,TBPH
18.02,18.02,17.98,17.98,3515,2021-06-10 19:54:00,TBPH
17.98,17.99,17.96,17.98,4705,2021-06-10 19:55:00,TBPH
18.0,18.0,17.995,18.0,870,2021-06-10 19:56:00,TBPH
18.0,18.005,17.995,18.0,2637,2021-06-10 19:57:00,TBPH
18.0,18.01,18.0,18.0,4066,2021-06-10 19:58:00,TBPH
18.0,18.01,17.99,18.005,3337,2021-06-10 19:59:00,TBPH
18.0,18.0,18.0,18.0,30553,2021-06-10 20:00:00,TBPH
18.0,18.0,18.0,18.0,664,2021-06-10 20:01:00,TBPH
17.97,17.97,17.69,17.7,2592,2021-06-11 13:30:00,TBPH
17.92,17.92,17.82,17.82,300,2021-06-11 13:31:00,TBPH
17.82,17.82,17.82,17.82,100,2021-06-11 13:32:00,TBPH
17.82,17.83,17.82,17.82,400,2021-06-11 13:33:00,TBPH
17.77,17.81,17.72,17.72,700,2021-06-11 13:34:00,TBPH
17.72,17.72,17.72,17.72,100,2021-06-11 13:35:00,TBPH
17.8,17.8,17.8,17.8,100,2021-06-11 13:36:00,TBPH
17.84,17.84,17.84,17.84,100,2021-06-11 13:37:00,TBPH
17.85,17.861,17.85,17.861,1000,2021-06-11 13:40:00,TBPH
17.87,17.87,17.87,17.87,100,2021-06-11 13:41:00,TBPH
17.87,17.87,17.87,17.87,100,2021-06-11 13:42:00,TBPH
17.87,17.87,17.87,17.87,100,2021-06-11 13:43:00,TBPH
17.915,17.96,17.915,17.96,200,2021-06-11 13:44:00,TBPH
17.87,17.96,17.87,17.96,500,2021-06-11 13:45:00,TBPH
17.99,17.99,17.99,17.99,155,2021-06-11 13:48:00,TBPH
18.025,18.13,18.025,18.065,1340,2021-06-11 13:49:00,TBPH
18.1,18.1,18.1,18.1,100,2021-06-11 13:50:00,TBPH
18.105,18.17,18.105,18.17,200,2021-06-11 13:51:00,TBPH
18.19,18.19,18.17,18.17,300,2021-06-11 13:52:00,TBPH
18.18,18.27,18.18,18.27,295,2021-06-11 13:53:00,TBPH
18.24,18.24,18.24,18.24,100,2021-06-11 13:55:00,TBPH
18.29,18.29,18.27,18.27,200,2021-06-11 13:56:00,TBPH
18.24,18.27,18.23,18.27,400,2021-06-11 13:57:00,TBPH
18.28,18.28,18.28,18.28,100,2021-06-11 13:58:00,TBPH
18.38,18.38,18.27,18.27,1200,2021-06-11 13:59:00,TBPH
18.29,18.29,18.27,18.27,200,2021-06-11 14:00:00,TBPH
18.29,18.29,18.29,18.29,100,2021-06-11 14:02:00,TBPH
18.22,18.22,18.13,18.15,600,2021-06-11 14:03:00,TBPH
18.105,18.18,18.105,18.14,1300,2021-06-11 14:04:00,TBPH
18.13,18.13,18.115,18.115,400,2021-06-11 14:05:00,TBPH
18.16,18.16,18.16,18.16,200,2021-06-11 14:06:00,TBPH
18.16,18.2,18.16,18.2,1100,2021-06-11 14:07:00,TBPH
18.22,18.22,18.22,18.22,400,2021-06-11 14:08:00,TBPH
18.24,18.24,18.22,18.22,200,2021-06-11 14:09:00,TBPH
18.27,18.27,18.27,18.27,100,2021-06-11 14:11:00,TBPH
18.27,18.27,18.27,18.27,100,2021-06-11 14:12:00,TBPH
18.27,18.27,18.25,18.25,200,2021-06-11 14:15:00,TBPH
18.32,18.32,18.32,18.32,100,2021-06-11 14:16:00,TBPH
18.32,18.32,18.25,18.31,400,2021-06-11 14:17:00,TBPH
18.295,18.295,18.295,18.295,100,2021-06-11 14:18:00,TBPH
18.39,18.39,18.39,18.39,100,2021-06-11 14:19:00,TBPH
18.38,18.38,18.335,18.335,200,2021-06-11 14:21:00,TBPH
18.33,18.35,18.31,18.35,400,2021-06-11 14:23:00,TBPH
18.37,18.37,18.37,18.37,100,2021-06-11 14:24:00,TBPH
18.335,18.37,18.335,18.37,200,2021-06-11 14:25:00,TBPH
18.345,18.345,18.29,18.29,1209,2021-06-11 14:28:00,TBPH
18.27,18.27,18.21,18.22,1100,2021-06-11 14:32:00,TBPH
18.24,18.24,18.24,18.24,600,2021-06-11 14:36:00,TBPH
18.28,18.28,18.28,18.28,100,2021-06-11 14:37:00,TBPH
18.285,18.285,18.285,18.285,100,2021-06-11 14:39:00,TBPH
18.2647,18.2647,18.2647,18.2647,525,2021-06-11 14:40:00,TBPH
18.285,18.285,18.285,18.285,100,2021-06-11 14:41:00,TBPH
18.31,18.34,18.31,18.34,200,2021-06-11 14:45:00,TBPH
18.3,18.3,18.26,18.26,1340,2021-06-11 14:46:00,TBPH
18.26,18.26,18.26,18.26,300,2021-06-11 14:47:00,TBPH
18.23,18.23,18.23,18.23,100,2021-06-11 14:48:00,TBPH
18.235,18.235,18.235,18.235,100,2021-06-11 14:51:00,TBPH
18.21,18.21,18.21,18.21,300,2021-06-11 14:54:00,TBPH
18.18,18.18,18.18,18.18,300,2021-06-11 14:55:00,TBPH
18.14,18.14,18.14,18.14,100,2021-06-11 14:56:00,TBPH
18.125,18.125,18.125,18.125,100,2021-06-11 14:58:00,TBPH
18.125,18.125,18.1,18.1,200,2021-06-11 14:59:00,TBPH
18.08,18.08,18.08,18.08,100,2021-06-11 15:01:00,TBPH
18.09,18.09,18.09,18.09,100,2021-06-11 15:02:00,TBPH
18.06,18.06,18.06,18.06,300,2021-06-11 15:03:00,TBPH
17.98,17.98,17.98,17.98,200,2021-06-11 15:05:00,TBPH
17.98,17.98,17.98,17.98,400,2021-06-11 15:07:00,TBPH
17.95,17.95,17.95,17.95,100,2021-06-11 15:08:00,TBPH
17.94,17.94,17.93,17.93,400,2021-06-11 15:09:00,TBPH
17.87,17.87,17.87,17.87,200,2021-06-11 15:16:00,TBPH
17.86,17.86,17.86,17.86,100,2021-06-11 15:17:00,TBPH
17.87,17.87,17.85,17.85,200,2021-06-11 15:18:00,TBPH
17.87,17.87,17.87,17.87,100,2021-06-11 15:19:00,TBPH
17.89,17.91,17.89,17.91,200,2021-06-11 15:21:00,TBPH
17.9,17.91,17.9,17.91,969,2021-06-11 15:24:00,TBPH
17.905,17.905,17.905,17.905,100,2021-06-11 15:25:00,TBPH
17.93,17.93,17.93,17.93,245,2021-06-11 15:31:00,TBPH
17.925,17.925,17.91,17.91,900,2021-06-11 15:32:00,TBPH
17.91,17.91,17.91,17.91,200,2021-06-11 15:35:00,TBPH
17.9,17.91,17.9,17.91,900,2021-06-11 15:36:00,TBPH
17.94,17.94,17.94,17.94,100,2021-06-11 15:37:00,TBPH
17.94,17.94,17.94,17.94,600,2021-06-11 15:40:00,TBPH
17.92,17.92,17.91,17.91,500,2021-06-11 15:41:00,TBPH
17.92,17.92,17.92,17.92,200,2021-06-11 15:47:00,TBPH
17.89,17.89,17.89,17.89,100,2021-06-11 15:48:00,TBPH
17.94,17.94,17.9317,17.9317,600,2021-06-11 15:52:00,TBPH
17.97,17.97,17.97,17.97,100,2021-06-11 15:53:00,TBPH
17.95,17.96,17.95,17.95,700,2021-06-11 15:54:00,TBPH
17.95,17.95,17.95,17.95,100,2021-06-11 15:56:00,TBPH
17.99,17.99,17.99,17.99,200,2021-06-11 15:58:00,TBPH
18.01,18.01,18.01,18.01,100,2021-06-11 16:00:00,TBPH
17.99,17.99,17.99,17.99,100,2021-06-11 16:07:00,TBPH
17.99,18.01,17.99,18.01,1282,2021-06-11 16:08:00,TBPH
18.03,18.03,18.03,18.03,100,2021-06-11 16:09:00,TBPH
18.01,18.04,18.01,18.04,400,2021-06-11 16:11:00,TBPH
18.06,18.06,18.06,18.06,100,2021-06-11 16:13:00,TBPH
18.04,18.04,18.04,18.04,1100,2021-06-11 16:14:00,TBPH
18.075,18.075,18.075,18.075,200,2021-06-11 16:20:00,TBPH
18.06,18.07,18.04,18.07,1135,2021-06-11 16:26:00,TBPH
18.06,18.06,18.06,18.06,800,2021-06-11 16:27:00,TBPH
18.04,18.04,18.04,18.04,1920,2021-06-11 16:32:00,TBPH
18.06,18.06,18.06,18.06,100,2021-06-11 16:34:00,TBPH
18.07,18.07,18.06,18.06,300,2021-06-11 16:37:00,TBPH
18.13,18.13,18.13,18.13,100,2021-06-11 16:42:00,TBPH
18.14,18.14,18.14,18.14,100,2021-06-11 16:45:00,TBPH
18.12,18.12,18.12,18.12,699,2021-06-11 16:48:00,TBPH
18.1,18.1,18.1,18.1,100,2021-06-11 16:50:00,TBPH
18.12,18.14,18.12,18.14,300,2021-06-11 16:52:00,TBPH
18.16,18.16,18.16,18.16,400,2021-06-11 16:53:00,TBPH
18.15,18.15,18.15,18.15,700,2021-06-11 16:57:00,TBPH
18.16,18.16,18.15,18.15,700,2021-06-11 17:02:00,TBPH
18.145,18.16,18.12,18.16,789,2021-06-11 17:03:00,TBPH
18.16,18.17,18.16,18.17,200,2021-06-11 17:05:00,TBPH
18.175,18.175,18.175,18.175,100,2021-06-11 17:07:00,TBPH
18.18,18.18,18.18,18.18,100,2021-06-11 17:09:00,TBPH
18.2,18.2,18.2,18.2,100,2021-06-11 17:10:00,TBPH
18.24,18.24,18.24,18.24,100,2021-06-11 17:11:00,TBPH
18.19,18.205,18.19,18.205,200,2021-06-11 17:16:00,TBPH
18.19,18.19,18.19,18.19,100,2021-06-11 17:17:00,TBPH
18.19,18.19,18.19,18.19,400,2021-06-11 17:18:00,TBPH
18.19,18.19,18.18,18.18,600,2021-06-11 17:22:00,TBPH
18.2,18.2,18.19,18.19,907,2021-06-11 17:23:00,TBPH
18.2,18.2,18.2,18.2,351,2021-06-11 17:25:00,TBPH
18.19,18.2,18.18,18.195,1000,2021-06-11 17:26:00,TBPH
18.2,18.2,18.2,18.2,100,2021-06-11 17:27:00,TBPH
18.18,18.215,18.18,18.215,1103,2021-06-11 17:29:00,TBPH
18.22,18.22,18.22,18.22,100,2021-06-11 17:30:00,TBPH
18.22,18.22,18.22,18.22,100,2021-06-11 17:32:00,TBPH
18.235,18.235,18.235,18.235,100,2021-06-11 17:34:00,TBPH
18.23,18.23,18.23,18.23,100,2021-06-11 17:39:00,TBPH
18.23,18.23,18.22,18.22,957,2021-06-11 17:40:00,TBPH
18.21,18.21,18.21,18.21,100,2021-06-11 17:42:00,TBPH
18.22,18.22,18.22,18.22,100,2021-06-11 17:44:00,TBPH
18.24,18.24,18.24,18.24,300,2021-06-11 17:45:00,TBPH
18.22,18.22,18.22,18.22,598,2021-06-11 17:46:00,TBPH
18.215,18.215,18.215,18.215,100,2021-06-11 17:51:00,TBPH
18.2,18.2,18.2,18.2,8700,2021-06-11 17:52:00,TBPH
18.2,18.2,18.19,18.2,900,2021-06-11 17:53:00,TBPH
18.21,18.23,18.21,18.23,400,2021-06-11 17:57:00,TBPH
18.22,18.22,18.22,18.22,300,2021-06-11 17:58:00,TBPH
18.22,18.22,18.22,18.22,200,2021-06-11 18:00:00,TBPH
18.225,18.225,18.225,18.225,100,2021-06-11 18:01:00,TBPH
18.21,18.21,18.21,18.21,200,2021-06-11 18:02:00,TBPH
18.22,18.22,18.22,18.22,100,2021-06-11 18:05:00,TBPH
18.225,18.225,18.21,18.21,200,2021-06-11 18:07:00,TBPH
18.225,18.23,18.225,18.23,200,2021-06-11 18:08:00,TBPH
18.22,18.22,18.21,18.21,300,2021-06-11 18:09:00,TBPH
18.23,18.23,18.23,18.23,200,2021-06-11 18:10:00,TBPH
18.23,18.23,18.23,18.23,100,2021-06-11 18:12:00,TBPH
18.23,18.24,18.23,18.24,700,2021-06-11 18:13:00,TBPH
18.2389,18.2389,18.2389,18.2389,200,2021-06-11 18:14:00,TBPH
18.245,18.245,18.245,18.245,100,2021-06-11 18:17:00,TBPH
18.245,18.245,18.245,18.245,100,2021-06-11 18:19:00,TBPH
18.23,18.23,18.23,18.23,300,2021-06-11 18:20:00,TBPH
18.22,18.22,18.2,18.2,900,2021-06-11 18:22:00,TBPH
18.2,18.2,18.2,18.2,100,2021-06-11 18:24:00,TBPH
18.2,18.2,18.2,18.2,100,2021-06-11 18:28:00,TBPH
18.2,18.2,18.2,18.2,400,2021-06-11 18:29:00,TBPH
18.2,18.2,18.2,18.2,200,2021-06-11 18:32:00,TBPH
18.22,18.23,18.22,18.23,200,2021-06-11 18:34:00,TBPH
18.205,18.205,18.205,18.205,100,2021-06-11 18:37:00,TBPH
18.205,18.205,18.205,18.205,100,2021-06-11 18:38:00,TBPH
18.22,18.22,18.21,18.21,1300,2021-06-11 18:39:00,TBPH
18.19,18.19,18.19,18.19,126,2021-06-11 18:42:00,TBPH
18.2,18.2,18.2,18.2,400,2021-06-11 18:43:00,TBPH
18.2,18.21,18.19,18.21,1298,2021-06-11 18:46:00,TBPH
18.21,18.21,18.21,18.21,100,2021-06-11 18:47:00,TBPH
18.22,18.22,18.22,18.22,400,2021-06-11 18:48:00,TBPH
18.225,18.225,18.225,18.225,300,2021-06-11 18:49:00,TBPH
18.225,18.225,18.225,18.225,100,2021-06-11 18:53:00,TBPH
18.225,18.225,18.225,18.225,100,2021-06-11 18:54:00,TBPH
18.225,18.225,18.225,18.225,100,2021-06-11 18:55:00,TBPH
18.225,18.225,18.21,18.21,500,2021-06-11 18:56:00,TBPH
18.21,18.21,18.21,18.21,200,2021-06-11 18:57:00,TBPH
18.21,18.21,18.21,18.21,900,2021-06-11 18:58:00,TBPH
18.215,18.215,18.215,18.215,100,2021-06-11 18:59:00,TBPH
18.215,18.215,18.215,18.215,100,2021-06-11 19:00:00,TBPH
18.215,18.23,18.215,18.23,300,2021-06-11 19:01:00,TBPH
18.235,18.235,18.235,18.235,100,2021-06-11 19:02:00,TBPH
18.23,18.23,18.23,18.23,100,2021-06-11 19:03:00,TBPH
18.23,18.23,18.23,18.23,219,2021-06-11 19:04:00,TBPH
18.235,18.235,18.235,18.235,100,2021-06-11 19:05:00,TBPH
18.23,18.23,18.23,18.23,400,2021-06-11 19:06:00,TBPH
18.22,18.22,18.22,18.22,100,2021-06-11 19:08:00,TBPH
18.225,18.225,18.225,18.225,100,2021-06-11 19:09:00,TBPH
18.21,18.21,18.21,18.21,200,2021-06-11 19:10:00,TBPH
18.21,18.21,18.21,18.21,200,2021-06-11 19:11:00,TBPH
18.205,18.21,18.2,18.21,491,2021-06-11 19:12:00,TBPH
18.21,18.22,18.2,18.22,869,2021-06-11 19:13:00,TBPH
18.215,18.215,18.215,18.215,300,2021-06-11 19:15:00,TBPH
18.21,18.21,18.21,18.21,100,2021-06-11 19:16:00,TBPH
18.215,18.215,18.215,18.215,100,2021-06-11 19:17:00,TBPH
18.23,18.23,18.23,18.23,200,2021-06-11 19:18:00,TBPH
18.24,18.26,18.24,18.26,400,2021-06-11 19:19:00,TBPH
18.23,18.23,18.21,18.21,200,2021-06-11 19:20:00,TBPH
18.21,18.23,18.21,18.23,200,2021-06-11 19:21:00,TBPH
18.23,18.245,18.23,18.245,400,2021-06-11 19:22:00,TBPH
18.22,18.22,18.21,18.21,1061,2021-06-11 19:25:00,TBPH
18.22,18.22,18.22,18.22,100,2021-06-11 19:30:00,TBPH
18.21,18.21,18.21,18.21,100,2021-06-11 19:32:00,TBPH
18.21,18.21,18.21,18.21,400,2021-06-11 19:33:00,TBPH
18.21,18.21,18.21,18.21,300,2021-06-11 19:35:00,TBPH
18.205,18.205,18.205,18.205,100,2021-06-11 19:38:00,TBPH
18.205,18.205,18.205,18.205,100,2021-06-11 19:39:00,TBPH
18.21,18.21,18.21,18.21,100,2021-06-11 19:40:00,TBPH
18.21,18.21,18.21,18.21,100,2021-06-11 19:42:00,TBPH
18.21,18.21,18.19,18.2,2955,2021-06-11 19:44:00,TBPH
18.2,18.21,18.2,18.21,200,2021-06-11 19:45:00,TBPH
18.2,18.22,18.2,18.215,1086,2021-06-11 19:46:00,TBPH
18.21,18.21,18.21,18.21,100,2021-06-11 19:48:00,TBPH
18.21,18.215,18.21,18.215,500,2021-06-11 19:49:00,TBPH
18.22,18.22,18.21,18.21,700,2021-06-11 19:50:00,TBPH
18.21,18.22,18.205,18.215,5798,2021-06-11 19:51:00,TBPH
18.21,18.225,18.21,18.225,1740,2021-06-11 19:52:00,TBPH
18.22,18.23,18.22,18.225,2100,2021-06-11 19:53:00,TBPH
18.22,18.22,18.21,18.215,3386,2021-06-11 19:54:00,TBPH
18.21,18.22,18.21,18.21,1100,2021-06-11 19:55:00,TBPH
18.22,18.23,18.21,18.22,1300,2021-06-11 19:56:00,TBPH
18.21,18.215,18.2,18.2,1737,2021-06-11 19:57:00,TBPH
18.2,18.2,18.19,18.2,1404,2021-06-11 19:58:00,TBPH
18.19,18.22,18.18,18.22,3478,2021-06-11 19:59:00,TBPH
18.2,18.2,18.2,18.2,46086,2021-06-11 20:00:00,TBPH
18.26,18.27,18.26,18.27,2442,2021-06-14 13:30:00,TBPH
18.41,18.41,18.41,18.41,100,2021-06-14 13:31:00,TBPH
18.45,18.45,18.45,18.45,100,2021-06-14 13:40:00,TBPH
18.4,18.4,18.4,18.4,1000,2021-06-14 13:42:00,TBPH
18.49,18.56,18.49,18.56,500,2021-06-14 13:45:00,TBPH
18.65,18.65,18.65,18.65,100,2021-06-14 13:46:00,TBPH
18.5919,18.5919,18.5919,18.5919,542,2021-06-14 13:47:00,TBPH
18.55,18.61,18.515,18.61,3117,2021-06-14 13:50:00,TBPH
18.575,18.575,18.575,18.575,100,2021-06-14 13:52:00,TBPH
18.575,18.575,18.575,18.575,100,2021-06-14 13:53:00,TBPH
18.55,18.55,18.55,18.55,462,2021-06-14 13:54:00,TBPH
18.59,18.6,18.59,18.6,300,2021-06-14 13:56:00,TBPH
18.59,18.59,18.59,18.59,100,2021-06-14 13:58:00,TBPH
18.555,18.555,18.555,18.555,200,2021-06-14 14:02:00,TBPH
18.58,18.58,18.53,18.53,700,2021-06-14 14:04:00,TBPH
18.49,18.49,18.49,18.49,100,2021-06-14 14:06:00,TBPH
18.5,18.5,18.5,18.5,300,2021-06-14 14:07:00,TBPH
18.53,18.53,18.53,18.53,470,2021-06-14 14:11:00,TBPH
18.57,18.59,18.57,18.59,1514,2021-06-14 14:14:00,TBPH
18.57,18.62,18.57,18.62,600,2021-06-14 14:15:00,TBPH
18.6,18.6,18.6,18.6,508,2021-06-14 14:20:00,TBPH
18.555,18.555,18.555,18.555,100,2021-06-14 14:21:00,TBPH
18.5754,18.5754,18.5754,18.5754,205,2021-06-14 14:22:00,TBPH
18.54,18.54,18.53,18.53,600,2021-06-14 14:24:00,TBPH
18.55,18.55,18.55,18.55,100,2021-06-14 14:25:00,TBPH
18.56,18.56,18.56,18.56,100,2021-06-14 14:26:00,TBPH
18.59,18.61,18.58,18.61,1890,2021-06-14 14:29:00,TBPH
18.56,18.56,18.54,18.54,200,2021-06-14 14:31:00,TBPH
18.57,18.57,18.57,18.57,214,2021-06-14 14:32:00,TBPH
18.57,18.57,18.57,18.57,400,2021-06-14 14:33:00,TBPH
18.49,18.49,18.47,18.47,388,2021-06-14 14:37:00,TBPH
18.5,18.5,18.5,18.5,100,2021-06-14 14:41:00,TBPH
18.48,18.48,18.47,18.47,310,2021-06-14 14:42:00,TBPH
18.48,18.48,18.48,18.48,400,2021-06-14 14:44:00,TBPH
18.555,18.555,18.52,18.53,400,2021-06-14 14:47:00,TBPH
18.5,18.5,18.5,18.5,1401,2021-06-14 14:50:00,TBPH
18.48,18.48,18.48,18.48,100,2021-06-14 14:53:00,TBPH
18.51,18.535,18.51,18.535,800,2021-06-14 14:54:00,TBPH
18.55,18.55,18.55,18.55,400,2021-06-14 14:56:00,TBPH
18.5,18.5,18.5,18.5,330,2021-06-14 14:58:00,TBPH
18.54,18.54,18.54,18.54,200,2021-06-14 15:03:00,TBPH
18.6,18.6,18.57,18.6,700,2021-06-14 15:04:00,TBPH
18.58,18.58,18.51,18.53,1101,2021-06-14 15:08:00,TBPH
18.55,18.55,18.55,18.55,100,2021-06-14 15:09:00,TBPH
18.54,18.54,18.54,18.54,300,2021-06-14 15:10:00,TBPH
18.55,18.59,18.55,18.59,800,2021-06-14 15:13:00,TBPH
18.615,18.615,18.57,18.57,200,2021-06-14 15:15:00,TBPH
18.58,18.59,18.58,18.59,200,2021-06-14 15:23:00,TBPH
18.54,18.57,18.54,18.57,200,2021-06-14 15:24:00,TBPH
18.57,18.57,18.57,18.57,400,2021-06-14 15:25:00,TBPH
18.565,18.565,18.565,18.565,100,2021-06-14 15:28:00,TBPH
18.59,18.59,18.59,18.59,200,2021-06-14 15:29:00,TBPH
18.57,18.57,18.57,18.57,100,2021-06-14 15:32:00,TBPH
18.57,18.57,18.57,18.57,152,2021-06-14 15:33:00,TBPH
18.59,18.59,18.58,18.59,800,2021-06-14 15:36:00,TBPH
18.57,18.57,18.57,18.57,100,2021-06-14 15:37:00,TBPH
18.59,18.59,18.59,18.59,400,2021-06-14 15:42:00,TBPH
18.6,18.62,18.6,18.62,1111,2021-06-14 15:44:00,TBPH
18.68,18.68,18.68,18.68,100,2021-06-14 15:48:00,TBPH
18.66,18.66,18.63,18.65,1189,2021-06-14 15:49:00,TBPH
18.67,18.7,18.67,18.7,804,2021-06-14 15:51:00,TBPH
18.69,18.69,18.69,18.69,300,2021-06-14 15:52:00,TBPH
18.67,18.695,18.67,18.695,222,2021-06-14 15:55:00,TBPH
18.65,18.65,18.65,18.65,200,2021-06-14 15:57:00,TBPH
18.65,18.68,18.65,18.66,500,2021-06-14 15:59:00,TBPH
18.66,18.66,18.66,18.66,100,2021-06-14 16:00:00,TBPH
18.67,18.67,18.67,18.67,100,2021-06-14 16:01:00,TBPH
18.64,18.655,18.64,18.655,2340,2021-06-14 16:02:00,TBPH
18.67,18.67,18.67,18.67,524,2021-06-14 16:09:00,TBPH
18.68,18.69,18.68,18.69,300,2021-06-14 16:10:00,TBPH
18.68,18.68,18.68,18.68,100,2021-06-14 16:11:00,TBPH
18.69,18.695,18.685,18.695,2000,2021-06-14 16:12:00,TBPH
18.695,18.73,18.695,18.73,1090,2021-06-14 16:13:00,TBPH
18.71,18.715,18.71,18.715,300,2021-06-14 16:17:00,TBPH
18.71,18.73,18.71,18.73,400,2021-06-14 16:23:00,TBPH
18.74,18.743,18.74,18.741,900,2021-06-14 16:24:00,TBPH
18.74,18.75,18.74,18.74,500,2021-06-14 16:28:00,TBPH
18.75,18.75,18.73,18.74,3584,2021-06-14 16:29:00,TBPH
18.72,18.72,18.69,18.7,1000,2021-06-14 16:30:00,TBPH
18.7,18.71,18.7,18.71,200,2021-06-14 16:31:00,TBPH
18.71,18.71,18.71,18.71,200,2021-06-14 16:33:00,TBPH
18.71,18.71,18.71,18.71,100,2021-06-14 16:36:00,TBPH
18.69,18.69,18.69,18.69,100,2021-06-14 16:38:00,TBPH
18.675,18.675,18.66,18.66,240,2021-06-14 16:39:00,TBPH
18.65,18.65,18.65,18.65,100,2021-06-14 16:40:00,TBPH
18.64,18.64,18.64,18.64,100,2021-06-14 16:41:00,TBPH
18.64,18.66,18.64,18.66,300,2021-06-14 16:43:00,TBPH
18.66,18.66,18.66,18.66,200,2021-06-14 16:47:00,TBPH
18.67,18.67,18.64,18.64,300,2021-06-14 16:51:00,TBPH
18.67,18.67,18.67,18.67,400,2021-06-14 16:59:00,TBPH
18.68,18.7,18.68,18.7,200,2021-06-14 17:00:00,TBPH
18.71,18.71,18.67,18.67,800,2021-06-14 17:03:00,TBPH
18.62,18.65,18.61,18.65,2498,2021-06-14 17:04:00,TBPH
18.7,18.73,18.7,18.73,200,2021-06-14 17:07:00,TBPH
18.74,18.75,18.71,18.71,300,2021-06-14 17:08:00,TBPH
18.69,18.69,18.69,18.69,200,2021-06-14 17:09:00,TBPH
18.72,18.72,18.72,18.72,100,2021-06-14 17:10:00,TBPH
18.74,18.74,18.74,18.74,100,2021-06-14 17:11:00,TBPH
18.745,18.745,18.745,18.745,167,2021-06-14 17:18:00,TBPH
18.77,18.8,18.77,18.8,1000,2021-06-14 17:19:00,TBPH
18.81,18.81,18.81,18.81,100,2021-06-14 17:22:00,TBPH
18.76,18.76,18.75,18.75,300,2021-06-14 17:23:00,TBPH
18.8,18.8,18.8,18.8,100,2021-06-14 17:24:00,TBPH
18.77,18.77,18.77,18.77,100,2021-06-14 17:26:00,TBPH
18.8,18.8,18.8,18.8,100,2021-06-14 17:27:00,TBPH
18.83,18.83,18.78,18.78,300,2021-06-14 17:28:00,TBPH
18.78,18.79,18.765,18.765,700,2021-06-14 17:29:00,TBPH
18.8,18.8,18.8,18.8,100,2021-06-14 17:31:00,TBPH
18.77,18.77,18.76,18.76,200,2021-06-14 17:32:00,TBPH
18.76,18.77,18.73,18.735,1300,2021-06-14 17:33:00,TBPH
18.77,18.77,18.77,18.77,109,2021-06-14 17:34:00,TBPH
18.71,18.71,18.71,18.71,100,2021-06-14 17:39:00,TBPH
18.66,18.66,18.66,18.66,100,2021-06-14 17:48:00,TBPH
18.64,18.645,18.64,18.645,200,2021-06-14 17:50:00,TBPH
18.63,18.63,18.63,18.63,100,2021-06-14 17:51:00,TBPH
18.55,18.55,18.54,18.54,200,2021-06-14 17:53:00,TBPH
18.57,18.5824,18.57,18.5824,873,2021-06-14 17:55:00,TBPH
18.59,18.59,18.59,18.59,100,2021-06-14 17:58:00,TBPH
18.6,18.6,18.6,18.6,200,2021-06-14 18:03:00,TBPH
18.64,18.64,18.64,18.64,100,2021-06-14 18:09:00,TBPH
18.625,18.72,18.625,18.72,4497,2021-06-14 18:10:00,TBPH
18.66,18.66,18.66,18.66,100,2021-06-14 18:12:00,TBPH
18.685,18.685,18.685,18.685,191,2021-06-14 18:16:00,TBPH
18.7,18.7,18.7,18.7,100,2021-06-14 18:17:00,TBPH
18.7,18.715,18.7,18.715,300,2021-06-14 18:18:00,TBPH
18.68,18.69,18.675,18.69,300,2021-06-14 18:20:00,TBPH
18.66,18.67,18.66,18.665,500,2021-06-14 18:24:00,TBPH
18.68,18.69,18.67,18.69,824,2021-06-14 18:25:00,TBPH
18.71,18.71,18.71,18.71,100,2021-06-14 18:26:00,TBPH
18.6915,18.74,18.6915,18.74,577,2021-06-14 18:27:00,TBPH
18.775,18.775,18.775,18.775,100,2021-06-14 18:31:00,TBPH
18.79,18.79,18.74,18.74,1500,2021-06-14 18:34:00,TBPH
18.76,18.76,18.76,18.76,200,2021-06-14 18:35:00,TBPH
18.76,18.76,18.76,18.76,300,2021-06-14 18:36:00,TBPH
18.8,18.8,18.8,18.8,100,2021-06-14 18:37:00,TBPH
18.8,18.8,18.775,18.775,200,2021-06-14 18:38:00,TBPH
18.7941,18.7941,18.7941,18.7941,109,2021-06-14 18:39:00,TBPH
18.75,18.75,18.75,18.75,300,2021-06-14 18:40:00,TBPH
18.78,18.78,18.78,18.78,100,2021-06-14 18:43:00,TBPH
18.77,18.77,18.73,18.763,1626,2021-06-14 18:46:00,TBPH
18.75,18.75,18.74,18.75,400,2021-06-14 18:47:00,TBPH
18.77,18.77,18.77,18.77,100,2021-06-14 18:48:00,TBPH
18.74,18.74,18.74,18.74,399,2021-06-14 18:50:00,TBPH
18.7234,18.73,18.69,18.73,1100,2021-06-14 18:53:00,TBPH
18.69,18.71,18.69,18.71,700,2021-06-14 19:00:00,TBPH
18.68,18.71,18.68,18.69,3406,2021-06-14 19:05:00,TBPH
18.64,18.72,18.64,18.72,2433,2021-06-14 19:06:00,TBPH
18.72,18.76,18.72,18.72,1500,2021-06-14 19:07:00,TBPH
18.71,18.74,18.71,18.74,200,2021-06-14 19:08:00,TBPH
18.75,18.75,18.75,18.75,100,2021-06-14 19:09:00,TBPH
18.74,18.75,18.71,18.73,1795,2021-06-14 19:10:00,TBPH
18.7,18.7,18.7,18.7,100,2021-06-14 19:11:00,TBPH
18.73,18.73,18.73,18.73,100,2021-06-14 19:12:00,TBPH
18.73,18.73,18.73,18.73,100,2021-06-14 19:14:00,TBPH
18.71,18.72,18.71,18.72,200,2021-06-14 19:15:00,TBPH
18.71,18.71,18.71,18.71,590,2021-06-14 19:17:00,TBPH
18.73,18.76,18.72,18.75,1987,2021-06-14 19:18:00,TBPH
18.75,18.75,18.75,18.75,100,2021-06-14 19:21:00,TBPH
18.73,18.75,18.73,18.75,200,2021-06-14 19:27:00,TBPH
18.75,18.75,18.75,18.75,200,2021-06-14 19:28:00,TBPH
18.745,18.745,18.73,18.73,215,2021-06-14 19:30:00,TBPH
18.71,18.71,18.71,18.71,200,2021-06-14 19:32:00,TBPH
18.69,18.69,18.69,18.69,2200,2021-06-14 19:33:00,TBPH
18.69,18.69,18.69,18.69,133,2021-06-14 19:34:00,TBPH
18.66,18.69,18.66,18.69,200,2021-06-14 19:35:00,TBPH
18.69,18.69,18.69,18.69,560,2021-06-14 19:36:00,TBPH
18.69,18.69,18.69,18.69,272,2021-06-14 19:37:00,TBPH
18.7,18.71,18.68,18.69,2682,2021-06-14 19:41:00,TBPH
18.67,18.69,18.67,18.69,809,2021-06-14 19:42:00,TBPH
18.69,18.69,18.69,18.69,100,2021-06-14 19:43:00,TBPH
18.7,18.7,18.7,18.7,100,2021-06-14 19:44:00,TBPH
18.69,18.69,18.69,18.69,100,2021-06-14 19:45:00,TBPH
18.685,18.685,18.685,18.685,100,2021-06-14 19:47:00,TBPH
18.69,18.695,18.68,18.69,3030,2021-06-14 19:50:00,TBPH
18.69,18.7,18.69,18.69,581,2021-06-14 19:51:00,TBPH
18.685,18.69,18.68,18.68,3281,2021-06-14 19:52:00,TBPH
18.69,18.7,18.69,18.7,732,2021-06-14 19:53:00,TBPH
18.69,18.73,18.69,18.73,4030,2021-06-14 19:54:00,TBPH
18.74,18.74,18.72,18.72,241,2021-06-14 19:55:00,TBPH
18.715,18.715,18.715,18.715,200,2021-06-14 19:56:00,TBPH
18.715,18.745,18.715,18.72,2174,2021-06-14 19:57:00,TBPH
18.74,18.74,18.71,18.73,500,2021-06-14 19:58:00,TBPH
18.74,18.74,18.72,18.74,2628,2021-06-14 19:59:00,TBPH
18.74,18.74,18.74,18.74,24532,2021-06-14 20:00:00,TBPH
18.64,18.64,18.19,18.435,3978,2021-06-15 13:30:00,TBPH
18.6715,18.75,18.6715,18.75,630,2021-06-15 13:31:00,TBPH
18.6926,18.6926,18.6926,18.6926,100,2021-06-15 13:38:00,TBPH
18.68,18.69,18.68,18.69,326,2021-06-15 13:43:00,TBPH
18.75,18.79,18.73,18.79,2085,2021-06-15 13:50:00,TBPH
18.82,18.82,18.73,18.76,20418,2021-06-15 13:52:00,TBPH
18.7,18.7,18.68,18.68,200,2021-06-15 13:53:00,TBPH
18.6945,18.6945,18.6945,18.6945,2000,2021-06-15 13:58:00,TBPH
18.7,18.7,18.67,18.69,10800,2021-06-15 13:59:00,TBPH
18.63,18.63,18.63,18.63,200,2021-06-15 14:01:00,TBPH
18.51,18.52,18.465,18.465,14000,2021-06-15 14:05:00,TBPH
18.54,18.54,18.54,18.54,100,2021-06-15 14:06:00,TBPH
18.43,18.43,18.43,18.43,100,2021-06-15 14:10:00,TBPH
18.3412,18.355,18.3412,18.355,357,2021-06-15 14:15:00,TBPH
18.29,18.29,18.29,18.29,100,2021-06-15 14:17:00,TBPH
18.26,18.26,18.22,18.22,300,2021-06-15 14:18:00,TBPH
18.21,18.21,18.21,18.21,100,2021-06-15 14:19:00,TBPH
18.21,18.265,18.21,18.265,200,2021-06-15 14:21:00,TBPH
18.23,18.23,18.23,18.23,202,2021-06-15 14:22:00,TBPH
18.14,18.14,18.14,18.14,100,2021-06-15 14:26:00,TBPH
18.07,18.07,18.07,18.07,100,2021-06-15 14:28:00,TBPH
18.18,18.18,18.18,18.18,100,2021-06-15 14:32:00,TBPH
18.14,18.14,18.14,18.14,100,2021-06-15 14:33:00,TBPH
18.13,18.19,18.08,18.19,500,2021-06-15 14:36:00,TBPH
18.08,18.08,18.08,18.08,100,2021-06-15 14:39:00,TBPH
18.16,18.2,18.15,18.165,900,2021-06-15 14:41:00,TBPH
18.12,18.12,18.08,18.08,200,2021-06-15 14:43:00,TBPH
18.05,18.05,18.05,18.05,100,2021-06-15 14:46:00,TBPH
18.1,18.1,18.1,18.1,294,2021-06-15 14:47:00,TBPH
18.05,18.07,18.05,18.07,538,2021-06-15 14:51:00,TBPH
18.09,18.1,18.09,18.1,200,2021-06-15 14:53:00,TBPH
18.1,18.1,18.1,18.1,100,2021-06-15 14:56:00,TBPH
18.14,18.14,18.14,18.14,331,2021-06-15 14:58:00,TBPH
18.2,18.2,18.18,18.18,331,2021-06-15 15:02:00,TBPH
18.14,18.14,18.14,18.14,100,2021-06-15 15:05:00,TBPH
18.17,18.17,18.13,18.14,400,2021-06-15 15:06:00,TBPH
18.144,18.16,18.144,18.15,600,2021-06-15 15:08:00,TBPH
18.15,18.15,18.15,18.15,100,2021-06-15 15:09:00,TBPH
18.13,18.15,18.12,18.145,500,2021-06-15 15:10:00,TBPH
18.21,18.24,18.21,18.24,400,2021-06-15 15:12:00,TBPH
18.23,18.23,18.23,18.23,101,2021-06-15 15:13:00,TBPH
18.19,18.19,18.19,18.19,100,2021-06-15 15:15:00,TBPH
18.19,18.19,18.15,18.175,24900,2021-06-15 15:17:00,TBPH
18.14,18.17,18.12,18.14,436,2021-06-15 15:18:00,TBPH
18.09,18.09,18.08,18.08,318,2021-06-15 15:19:00,TBPH
17.995,17.995,17.99,17.99,200,2021-06-15 15:20:00,TBPH
18.035,18.035,18.035,18.035,100,2021-06-15 15:21:00,TBPH
17.95,17.95,17.95,17.95,100,2021-06-15 15:22:00,TBPH
17.93,17.93,17.93,17.93,200,2021-06-15 15:23:00,TBPH
17.91,17.91,17.91,17.91,100,2021-06-15 15:25:00,TBPH
17.91,17.945,17.91,17.945,200,2021-06-15 15:26:00,TBPH
17.91,17.91,17.91,17.91,200,2021-06-15 15:27:00,TBPH
17.86,17.9,17.86,17.9,400,2021-06-15 15:28:00,TBPH
17.87,17.9,17.87,17.9,400,2021-06-15 15:30:00,TBPH
17.88,17.91,17.875,17.91,400,2021-06-15 15:31:00,TBPH
17.8739,17.8739,17.8739,17.8739,255,2021-06-15 15:32:00,TBPH
17.85,17.87,17.85,17.87,300,2021-06-15 15:34:00,TBPH
17.83,17.83,17.83,17.83,100,2021-06-15 15:36:00,TBPH
17.84,17.87,17.81,17.87,600,2021-06-15 15:37:00,TBPH
17.89,17.89,17.89,17.89,700,2021-06-15 15:39:00,TBPH
17.94,18.0,17.94,18.0,531,2021-06-15 15:42:00,TBPH
17.97,17.97,17.97,17.97,391,2021-06-15 15:43:00,TBPH
17.95,17.95,17.95,17.95,200,2021-06-15 15:46:00,TBPH
17.95,17.95,17.95,17.95,100,2021-06-15 15:47:00,TBPH
17.95,17.95,17.95,17.95,200,2021-06-15 15:48:00,TBPH
17.94,17.94,17.94,17.94,100,2021-06-15 15:50:00,TBPH
17.93,17.93,17.93,17.93,200,2021-06-15 15:51:00,TBPH
17.95,17.95,17.91,17.91,1028,2021-06-15 15:53:00,TBPH
17.94,17.94,17.94,17.94,200,2021-06-15 15:55:00,TBPH
17.95,17.95,17.95,17.95,100,2021-06-15 15:56:00,TBPH
17.98,17.98,17.98,17.98,200,2021-06-15 15:57:00,TBPH
18.0,18.0,18.0,18.0,200,2021-06-15 16:00:00,TBPH
18.01,18.01,17.99,17.99,206,2021-06-15 16:01:00,TBPH
17.97,17.97,17.97,17.97,300,2021-06-15 16:02:00,TBPH
17.96,18.0,17.94,17.94,500,2021-06-15 16:05:00,TBPH
17.94,17.94,17.94,17.94,400,2021-06-15 16:06:00,TBPH
17.95,17.95,17.935,17.94,740,2021-06-15 16:07:00,TBPH
17.95,17.95,17.95,17.95,100,2021-06-15 16:08:00,TBPH
17.93,17.94,17.92,17.94,949,2021-06-15 16:10:00,TBPH
17.905,17.905,17.905,17.905,300,2021-06-15 16:12:00,TBPH
17.905,17.905,17.905,17.905,100,2021-06-15 16:13:00,TBPH
17.905,17.92,17.905,17.92,200,2021-06-15 16:14:00,TBPH
17.93,17.95,17.93,17.95,400,2021-06-15 16:15:00,TBPH
17.9606,17.9606,17.9606,17.9606,1010,2021-06-15 16:16:00,TBPH
17.98,17.98,17.98,17.98,126,2021-06-15 16:17:00,TBPH
17.96,17.96,17.96,17.96,201,2021-06-15 16:20:00,TBPH
17.95,17.95,17.95,17.95,200,2021-06-15 16:21:00,TBPH
17.95,17.95,17.95,17.95,300,2021-06-15 16:22:00,TBPH
17.97,17.98,17.97,17.98,600,2021-06-15 16:23:00,TBPH
17.98,17.98,17.98,17.98,200,2021-06-15 16:24:00,TBPH
17.99,17.99,17.99,17.99,190,2021-06-15 16:26:00,TBPH
17.97,17.97,17.95,17.95,700,2021-06-15 16:29:00,TBPH
17.91,17.91,17.91,17.91,100,2021-06-15 16:32:00,TBPH
17.92,17.94,17.92,17.94,400,2021-06-15 16:33:00,TBPH
17.94,17.94,17.93,17.94,300,2021-06-15 16:38:00,TBPH
17.94,17.94,17.94,17.94,300,2021-06-15 16:40:00,TBPH
17.94,17.94,17.94,17.94,278,2021-06-15 16:42:00,TBPH
17.935,17.935,17.935,17.935,100,2021-06-15 16:43:00,TBPH
17.935,17.935,17.92,17.93,400,2021-06-15 16:44:00,TBPH
17.92,17.92,17.92,17.92,200,2021-06-15 16:46:00,TBPH
17.93,17.93,17.92,17.92,700,2021-06-15 16:47:00,TBPH
17.93,17.93,17.93,17.93,100,2021-06-15 16:49:00,TBPH
17.93,17.93,17.93,17.93,100,2021-06-15 16:50:00,TBPH
17.92,17.92,17.92,17.92,240,2021-06-15 16:51:00,TBPH
17.925,17.925,17.925,17.925,100,2021-06-15 16:52:00,TBPH
17.91,17.91,17.9,17.9,300,2021-06-15 16:53:00,TBPH
17.905,17.905,17.89,17.905,302,2021-06-15 16:56:00,TBPH
17.88,17.88,17.85,17.85,200,2021-06-15 16:57:00,TBPH
17.84,17.88,17.84,17.865,809,2021-06-15 17:00:00,TBPH
17.84,17.84,17.84,17.84,100,2021-06-15 17:02:00,TBPH
17.825,17.825,17.825,17.825,100,2021-06-15 17:04:00,TBPH
17.835,17.835,17.835,17.835,100,2021-06-15 17:08:00,TBPH
17.86,17.88,17.86,17.88,800,2021-06-15 17:09:00,TBPH
17.875,17.875,17.875,17.875,100,2021-06-15 17:10:00,TBPH
17.87,17.88,17.87,17.88,300,2021-06-15 17:11:00,TBPH
17.875,17.875,17.875,17.875,100,2021-06-15 17:14:00,TBPH
17.87,17.87,17.87,17.87,100,2021-06-15 17:16:00,TBPH
17.89,17.9,17.88,17.88,700,2021-06-15 17:17:00,TBPH
17.89,17.89,17.89,17.89,200,2021-06-15 17:18:00,TBPH
17.9,17.9,17.9,17.9,100,2021-06-15 17:20:00,TBPH
17.9,17.9,17.9,17.9,100,2021-06-15 17:22:00,TBPH
17.91,17.92,17.91,17.92,400,2021-06-15 17:27:00,TBPH
17.915,17.915,17.89,17.89,768,2021-06-15 17:31:00,TBPH
17.895,17.895,17.895,17.895,100,2021-06-15 17:34:00,TBPH
17.88,17.88,17.88,17.88,200,2021-06-15 17:40:00,TBPH
17.89,17.905,17.89,17.905,400,2021-06-15 17:41:00,TBPH
17.93,17.93,17.93,17.93,100,2021-06-15 17:44:00,TBPH
17.94,17.94,17.94,17.94,300,2021-06-15 17:45:00,TBPH
17.96,17.98,17.96,17.98,600,2021-06-15 17:48:00,TBPH
17.99,17.99,17.99,17.99,500,2021-06-15 17:50:00,TBPH
17.96,17.96,17.95,17.95,400,2021-06-15 17:51:00,TBPH
17.95,17.95,17.95,17.95,100,2021-06-15 17:52:00,TBPH
17.935,17.94,17.935,17.94,200,2021-06-15 17:54:00,TBPH
17.935,17.935,17.935,17.935,100,2021-06-15 17:55:00,TBPH
17.92,17.92,17.92,17.92,200,2021-06-15 17:59:00,TBPH
17.92,17.92,17.92,17.92,100,2021-06-15 18:02:00,TBPH
17.92,17.92,17.92,17.92,100,2021-06-15 18:04:00,TBPH
17.92,17.92,17.92,17.92,636,2021-06-15 18:05:00,TBPH
17.94,17.97,17.94,17.97,400,2021-06-15 18:06:00,TBPH
17.945,17.945,17.945,17.945,1196,2021-06-15 18:08:00,TBPH
17.945,17.945,17.945,17.945,100,2021-06-15 18:09:00,TBPH
17.95,17.95,17.95,17.95,100,2021-06-15 18:11:00,TBPH
17.95,17.95,17.95,17.95,400,2021-06-15 18:12:00,TBPH
17.96,17.96,17.96,17.96,500,2021-06-15 18:13:00,TBPH
17.95,17.95,17.93,17.95,700,2021-06-15 18:14:00,TBPH
17.91,17.91,17.9,17.9,200,2021-06-15 18:15:00,TBPH
17.92,17.93,17.92,17.93,200,2021-06-15 18:18:00,TBPH
17.93,17.93,17.93,17.93,100,2021-06-15 18:28:00,TBPH
17.93,17.93,17.92,17.92,508,2021-06-15 18:29:00,TBPH
17.91,17.91,17.9,17.9,200,2021-06-15 18:33:00,TBPH
17.84,17.84,17.84,17.84,200,2021-06-15 18:35:00,TBPH
17.875,17.875,17.875,17.875,100,2021-06-15 18:38:00,TBPH
17.855,17.855,17.855,17.855,100,2021-06-15 18:43:00,TBPH
17.85,17.86,17.85,17.86,700,2021-06-15 18:46:00,TBPH
17.87,17.87,17.86,17.87,400,2021-06-15 18:57:00,TBPH
17.87,17.87,17.87,17.87,500,2021-06-15 19:00:00,TBPH
17.85,17.85,17.85,17.85,300,2021-06-15 19:04:00,TBPH
17.87,17.87,17.87,17.87,200,2021-06-15 19:06:00,TBPH
17.88,17.88,17.88,17.88,200,2021-06-15 19:09:00,TBPH
17.89,17.89,17.89,17.89,100,2021-06-15 19:10:00,TBPH
17.88,17.88,17.85,17.85,989,2021-06-15 19:14:00,TBPH
17.845,17.845,17.845,17.845,500,2021-06-15 19:21:00,TBPH
17.85,17.85,17.85,17.85,200,2021-06-15 19:22:00,TBPH
17.84,17.85,17.84,17.84,805,2021-06-15 19:23:00,TBPH
17.84,17.84,17.83,17.83,1100,2021-06-15 19:25:00,TBPH
17.82,17.88,17.82,17.88,1160,2021-06-15 19:26:00,TBPH
17.89,17.95,17.89,17.95,500,2021-06-15 19:27:00,TBPH
17.93,17.93,17.9,17.9,1184,2021-06-15 19:30:00,TBPH
17.88,17.9,17.88,17.9,300,2021-06-15 19:32:00,TBPH
17.87,17.87,17.86,17.86,375,2021-06-15 19:33:00,TBPH
17.86,17.86,17.86,17.86,182,2021-06-15 19:35:00,TBPH
17.86,17.86,17.86,17.86,200,2021-06-15 19:36:00,TBPH
17.86,17.86,17.86,17.86,200,2021-06-15 19:37:00,TBPH
17.87,17.87,17.87,17.87,400,2021-06-15 19:39:00,TBPH
17.89,17.89,17.89,17.89,100,2021-06-15 19:40:00,TBPH
17.88,17.88,17.88,17.88,100,2021-06-15 19:41:00,TBPH
17.88,17.89,17.88,17.89,200,2021-06-15 19:44:00,TBPH
17.88,17.89,17.88,17.89,300,2021-06-15 19:45:00,TBPH
17.885,17.91,17.885,17.9,900,2021-06-15 19:47:00,TBPH
17.9,17.95,17.9,17.95,1300,2021-06-15 19:49:00,TBPH
17.94,17.95,17.92,17.92,2816,2021-06-15 19:50:00,TBPH
17.93,17.97,17.93,17.97,1536,2021-06-15 19:51:00,TBPH
17.975,17.975,17.96,17.97,2372,2021-06-15 19:52:00,TBPH
17.94,17.94,17.93,17.94,600,2021-06-15 19:53:00,TBPH
17.94,17.98,17.94,17.98,6297,2021-06-15 19:54:00,TBPH
18.0,18.01,17.98,18.01,4528,2021-06-15 19:55:00,TBPH
18.01,18.02,18.01,18.0177,904,2021-06-15 19:56:00,TBPH
18.02,18.06,18.02,18.055,4356,2021-06-15 19:57:00,TBPH
18.055,18.06,18.03,18.04,4485,2021-06-15 19:58:00,TBPH
18.04,18.04,18.02,18.02,4121,2021-06-15 19:59:00,TBPH
18.01,18.01,18.01,18.01,53269,2021-06-15 20:00:00,TBPH
18.03,18.03,18.03,18.03,1096,2021-06-16 13:30:00,TBPH
18.22,18.22,18.22,18.22,100,2021-06-16 13:35:00,TBPH
18.16,18.28,18.035,18.28,700,2021-06-16 13:40:00,TBPH
18.21,18.21,18.21,18.21,143,2021-06-16 13:45:00,TBPH
18.23,18.23,18.19,18.23,400,2021-06-16 13:46:00,TBPH
18.23,18.23,18.23,18.23,100,2021-06-16 13:49:00,TBPH
18.205,18.205,18.205,18.205,100,2021-06-16 13:55:00,TBPH
18.07,18.16,18.07,18.16,731,2021-06-16 14:00:00,TBPH
18.09,18.13,18.09,18.13,400,2021-06-16 14:02:00,TBPH
18.12,18.16,18.11,18.16,3585,2021-06-16 14:03:00,TBPH
18.13,18.13,18.13,18.13,100,2021-06-16 14:05:00,TBPH
18.11,18.19,18.11,18.17,800,2021-06-16 14:09:00,TBPH
18.14,18.14,18.14,18.14,100,2021-06-16 14:10:00,TBPH
18.141,18.16,18.1,18.1,400,2021-06-16 14:11:00,TBPH
18.145,18.145,18.145,18.145,100,2021-06-16 14:15:00,TBPH
18.17,18.175,18.17,18.175,200,2021-06-16 14:21:00,TBPH
18.175,18.175,18.175,18.175,100,2021-06-16 14:24:00,TBPH
18.13,18.13,18.13,18.13,200,2021-06-16 14:27:00,TBPH
18.07,18.07,18.04,18.04,200,2021-06-16 14:30:00,TBPH
18.04,18.05,18.04,18.05,202,2021-06-16 14:32:00,TBPH
18.05,18.05,18.02,18.02,19600,2021-06-16 14:33:00,TBPH
18.09,18.09,18.09,18.09,100,2021-06-16 14:35:00,TBPH
18.04,18.04,18.04,18.04,100,2021-06-16 14:38:00,TBPH
18.02,18.03,18.02,18.03,200,2021-06-16 14:46:00,TBPH
18.03,18.05,18.03,18.05,404,2021-06-16 14:51:00,TBPH
18.07,18.07,18.07,18.07,100,2021-06-16 14:52:00,TBPH
18.055,18.055,18.0,18.0,400,2021-06-16 14:54:00,TBPH
17.99,17.99,17.99,17.99,100,2021-06-16 14:55:00,TBPH
17.985,17.985,17.985,17.985,100,2021-06-16 15:02:00,TBPH
18.01,18.01,18.01,18.01,100,2021-06-16 15:06:00,TBPH
18.01,18.01,18.01,18.01,100,2021-06-16 15:07:00,TBPH
18.0,18.0,17.98,17.98,400,2021-06-16 15:08:00,TBPH
17.95,17.95,17.95,17.95,400,2021-06-16 15:10:00,TBPH
17.97,17.97,17.97,17.97,100,2021-06-16 15:11:00,TBPH
18.0,18.0,18.0,18.0,100,2021-06-16 15:16:00,TBPH
18.0,18.0,18.0,18.0,100,2021-06-16 15:21:00,TBPH
18.04,18.04,18.04,18.04,100,2021-06-16 15:25:00,TBPH
18.01,18.01,18.01,18.01,100,2021-06-16 15:26:00,TBPH
18.06,18.06,18.06,18.06,100,2021-06-16 15:32:00,TBPH
18.01,18.01,18.01,18.01,100,2021-06-16 15:34:00,TBPH
18.025,18.025,18.01,18.02,882,2021-06-16 15:35:00,TBPH
18.04,18.07,18.04,18.07,600,2021-06-16 15:36:00,TBPH
18.055,18.055,18.03,18.03,200,2021-06-16 15:38:00,TBPH
18.02,18.02,18.02,18.02,113,2021-06-16 15:39:00,TBPH
18.08,18.08,18.08,18.08,100,2021-06-16 15:41:00,TBPH
18.08,18.08,18.08,18.08,100,2021-06-16 15:43:00,TBPH
18.13,18.13,18.13,18.13,100,2021-06-16 15:53:00,TBPH
18.17,18.17,18.17,18.17,100,2021-06-16 15:55:00,TBPH
18.16,18.17,18.14,18.14,500,2021-06-16 16:00:00,TBPH
18.14,18.14,18.14,18.14,200,2021-06-16 16:02:00,TBPH
18.07,18.07,18.07,18.07,100,2021-06-16 16:09:00,TBPH
18.01,18.01,18.0,18.0,200,2021-06-16 16:13:00,TBPH
18.0,18.03,18.0,18.03,200,2021-06-16 16:16:00,TBPH
18.04,18.05,18.01,18.01,604,2021-06-16 16:19:00,TBPH
18.02,18.02,18.02,18.02,300,2021-06-16 16:25:00,TBPH
18.0,18.01,18.0,18.01,400,2021-06-16 16:29:00,TBPH
17.99,17.99,17.99,17.99,100,2021-06-16 16:30:00,TBPH
17.97,17.98,17.97,17.98,200,2021-06-16 16:35:00,TBPH
17.96,17.96,17.945,17.945,16920,2021-06-16 16:36:00,TBPH
17.925,17.925,17.925,17.925,100,2021-06-16 16:40:00,TBPH
17.905,17.905,17.905,17.905,300,2021-06-16 16:45:00,TBPH
17.905,17.905,17.905,17.905,100,2021-06-16 16:48:00,TBPH
17.93,17.93,17.92,17.93,600,2021-06-16 16:50:00,TBPH
17.965,17.965,17.965,17.965,200,2021-06-16 16:51:00,TBPH
17.99,18.0,17.99,17.99,562,2021-06-16 16:56:00,TBPH
18.05,18.05,18.05,18.05,200,2021-06-16 16:57:00,TBPH
18.07,18.07,18.07,18.07,100,2021-06-16 16:58:00,TBPH
18.0,18.0,18.0,18.0,100,2021-06-16 17:00:00,TBPH
18.0,18.0,18.0,18.0,200,2021-06-16 17:03:00,TBPH
18.0,18.0,18.0,18.0,100,2021-06-16 17:04:00,TBPH
17.98,17.98,17.98,17.98,200,2021-06-16 17:05:00,TBPH
17.965,17.965,17.965,17.965,100,2021-06-16 17:09:00,TBPH
18.0,18.0,18.0,18.0,200,2021-06-16 17:13:00,TBPH
18.02,18.02,18.01,18.01,500,2021-06-16 17:16:00,TBPH
18.0,18.0,18.0,18.0,100,2021-06-16 17:18:00,TBPH
17.97,17.97,17.97,17.97,300,2021-06-16 17:23:00,TBPH
17.96,17.98,17.96,17.98,200,2021-06-16 17:24:00,TBPH
17.97,17.97,17.97,17.97,100,2021-06-16 17:25:00,TBPH
17.97,17.97,17.97,17.97,100,2021-06-16 17:27:00,TBPH
17.97,17.97,17.97,17.97,100,2021-06-16 17:30:00,TBPH
17.98,17.98,17.98,17.98,100,2021-06-16 17:31:00,TBPH
17.97,17.97,17.97,17.97,100,2021-06-16 17:32:00,TBPH
17.98,17.98,17.98,17.98,100,2021-06-16 17:37:00,TBPH
17.96,17.97,17.96,17.97,300,2021-06-16 17:39:00,TBPH
17.98,17.98,17.98,17.98,100,2021-06-16 17:43:00,TBPH
18.02,18.02,17.99,17.99,300,2021-06-16 17:48:00,TBPH
18.0,18.0,18.0,18.0,200,2021-06-16 17:49:00,TBPH
18.04,18.04,18.04,18.04,100,2021-06-16 17:50:00,TBPH
17.98,17.98,17.98,17.98,100,2021-06-16 17:51:00,TBPH
17.99,18.01,17.99,18.01,200,2021-06-16 17:53:00,TBPH
18.06,18.07,18.0,18.07,500,2021-06-16 18:00:00,TBPH
17.99,17.99,17.99,17.99,100,2021-06-16 18:02:00,TBPH
17.95,17.965,17.94,17.965,600,2021-06-16 18:05:00,TBPH
17.955,17.96,17.955,17.96,300,2021-06-16 18:08:00,TBPH
17.98,17.98,17.98,17.98,100,2021-06-16 18:11:00,TBPH
17.97,17.97,17.97,17.97,200,2021-06-16 18:12:00,TBPH
17.95,17.95,17.95,17.95,200,2021-06-16 18:13:00,TBPH
17.945,17.99,17.945,17.99,500,2021-06-16 18:14:00,TBPH
17.97,17.97,17.97,17.97,100,2021-06-16 18:15:00,TBPH
17.945,17.97,17.945,17.97,200,2021-06-16 18:16:00,TBPH
17.915,17.915,17.89,17.89,200,2021-06-16 18:18:00,TBPH
17.895,17.895,17.895,17.895,100,2021-06-16 18:20:00,TBPH
17.885,17.885,17.885,17.885,100,2021-06-16 18:23:00,TBPH
17.93,17.93,17.915,17.93,600,2021-06-16 18:25:00,TBPH
17.97,17.97,17.97,17.97,531,2021-06-16 18:27:00,TBPH
17.97,17.97,17.96,17.96,300,2021-06-16 18:28:00,TBPH
17.99,17.99,17.99,17.99,400,2021-06-16 18:29:00,TBPH
18.0,18.01,18.0,18.01,200,2021-06-16 18:30:00,TBPH
18.0,18.03,18.0,18.03,800,2021-06-16 18:31:00,TBPH
18.01,18.01,18.01,18.01,100,2021-06-16 18:37:00,TBPH
17.99,17.99,17.965,17.965,1118,2021-06-16 18:38:00,TBPH
17.99,17.99,17.99,17.99,200,2021-06-16 18:39:00,TBPH
17.97,18.0,17.95,17.95,400,2021-06-16 18:40:00,TBPH
17.96,17.96,17.96,17.96,100,2021-06-16 18:42:00,TBPH
17.93,17.93,17.92,17.92,200,2021-06-16 18:44:00,TBPH
17.95,17.95,17.95,17.95,100,2021-06-16 18:46:00,TBPH
17.95,18.01,17.95,18.01,400,2021-06-16 18:48:00,TBPH
18.03,18.03,18.03,18.03,200,2021-06-16 18:49:00,TBPH
18.005,18.015,18.005,18.015,200,2021-06-16 18:50:00,TBPH
18.01,18.01,18.01,18.01,100,2021-06-16 18:51:00,TBPH
18.05,18.05,18.03,18.03,400,2021-06-16 18:54:00,TBPH
18.08,18.08,18.06,18.06,1200,2021-06-16 18:56:00,TBPH
18.11,18.11,18.11,18.11,100,2021-06-16 18:57:00,TBPH
18.13,18.13,18.13,18.13,100,2021-06-16 18:59:00,TBPH
18.12,18.12,18.12,18.12,100,2021-06-16 19:00:00,TBPH
18.14,18.14,18.14,18.14,400,2021-06-16 19:01:00,TBPH
18.14,18.14,18.14,18.14,100,2021-06-16 19:02:00,TBPH
18.145,18.145,18.12,18.14,600,2021-06-16 19:04:00,TBPH
18.14,18.14,18.14,18.14,300,2021-06-16 19:05:00,TBPH
18.165,18.165,18.165,18.165,200,2021-06-16 19:07:00,TBPH
18.19,18.19,18.19,18.19,311,2021-06-16 19:08:00,TBPH
18.2,18.215,18.19,18.19,1300,2021-06-16 19:09:00,TBPH
18.25,18.26,18.21,18.26,300,2021-06-16 19:10:00,TBPH
18.28,18.28,18.28,18.28,100,2021-06-16 19:11:00,TBPH
18.31,18.31,18.28,18.28,800,2021-06-16 19:15:00,TBPH
18.22,18.22,18.22,18.22,100,2021-06-16 19:16:00,TBPH
18.23,18.24,18.23,18.24,200,2021-06-16 19:17:00,TBPH
18.25,18.26,18.25,18.26,200,2021-06-16 19:21:00,TBPH
18.3,18.3,18.3,18.3,100,2021-06-16 19:23:00,TBPH
18.3,18.3,18.3,18.3,100,2021-06-16 19:24:00,TBPH
18.32,18.33,18.32,18.33,400,2021-06-16 19:25:00,TBPH
18.33,18.33,18.33,18.33,100,2021-06-16 19:27:00,TBPH
18.3,18.3,18.29,18.29,500,2021-06-16 19:28:00,TBPH
18.29,18.29,18.29,18.29,100,2021-06-16 19:29:00,TBPH
18.25,18.26,18.25,18.25,400,2021-06-16 19:30:00,TBPH
18.29,18.3,18.29,18.3,200,2021-06-16 19:31:00,TBPH
18.27,18.27,18.25,18.26,600,2021-06-16 19:32:00,TBPH
18.25,18.25,18.25,18.25,100,2021-06-16 19:33:00,TBPH
18.26,18.26,18.26,18.26,292,2021-06-16 19:34:00,TBPH
18.23,18.23,18.23,18.23,100,2021-06-16 19:35:00,TBPH
18.235,18.235,18.235,18.235,100,2021-06-16 19:36:00,TBPH
18.25,18.25,18.25,18.25,100,2021-06-16 19:39:00,TBPH
18.27,18.32,18.27,18.32,500,2021-06-16 19:40:00,TBPH
18.33,18.35,18.33,18.35,1110,2021-06-16 19:41:00,TBPH
18.3,18.32,18.3,18.32,545,2021-06-16 19:42:00,TBPH
18.32,18.34,18.32,18.34,400,2021-06-16 19:44:00,TBPH
18.32,18.32,18.3,18.3,700,2021-06-16 19:45:00,TBPH
18.27,18.27,18.27,18.27,300,2021-06-16 19:46:00,TBPH
18.31,18.31,18.295,18.31,410,2021-06-16 19:48:00,TBPH
18.28,18.28,18.18,18.24,2890,2021-06-16 19:50:00,TBPH
18.23,18.27,18.21,18.27,836,2021-06-16 19:51:00,TBPH
18.23,18.25,18.23,18.25,500,2021-06-16 19:52:00,TBPH
18.25,18.25,18.25,18.25,300,2021-06-16 19:53:00,TBPH
18.26,18.32,18.24,18.28,1314,2021-06-16 19:54:00,TBPH
18.3,18.3,18.27,18.28,898,2021-06-16 19:55:00,TBPH
18.3,18.31,18.27,18.31,800,2021-06-16 19:56:00,TBPH
18.295,18.295,18.26,18.26,1046,2021-06-16 19:57:00,TBPH
18.28,18.29,18.26,18.28,1200,2021-06-16 19:58:00,TBPH
18.295,18.3,18.27,18.28,1706,2021-06-16 19:59:00,TBPH
18.28,18.28,18.28,18.28,84165,2021-06-16 20:00:00,TBPH
18.28,18.28,18.28,18.28,2239,2021-06-16 20:01:00,TBPH
18.28,18.28,18.28,18.28,1042,2021-06-16 20:02:00,TBPH
18.21,18.21,18.03,18.03,2623,2021-06-17 13:30:00,TBPH
17.795,18.24,17.795,17.83,1178,2021-06-17 13:31:00,TBPH
17.97,18.0,17.97,18.0,349,2021-06-17 13:33:00,TBPH
18.035,18.09,18.035,18.09,769,2021-06-17 13:36:00,TBPH
18.095,18.095,18.095,18.095,100,2021-06-17 13:37:00,TBPH
18.155,18.155,18.155,18.155,100,2021-06-17 13:44:00,TBPH
18.17,18.17,18.17,18.17,200,2021-06-17 13:56:00,TBPH
18.26,18.315,18.26,18.28,900,2021-06-17 13:57:00,TBPH
18.25,18.25,18.23,18.23,400,2021-06-17 13:58:00,TBPH
18.23,18.23,18.23,18.23,100,2021-06-17 14:00:00,TBPH
18.18,18.22,18.18,18.22,500,2021-06-17 14:02:00,TBPH
18.18,18.18,18.165,18.165,300,2021-06-17 14:04:00,TBPH
18.155,18.155,18.1405,18.1405,300,2021-06-17 14:05:00,TBPH
18.19,18.19,18.185,18.185,241,2021-06-17 14:07:00,TBPH
18.225,18.225,18.225,18.225,100,2021-06-17 14:08:00,TBPH
18.21,18.21,18.15,18.17,1536,2021-06-17 14:09:00,TBPH
18.185,18.185,18.185,18.185,100,2021-06-17 14:15:00,TBPH
18.185,18.185,18.185,18.185,100,2021-06-17 14:16:00,TBPH
18.2,18.2,18.2,18.2,100,2021-06-17 14:24:00,TBPH
18.2,18.2,18.2,18.2,100,2021-06-17 14:25:00,TBPH
18.23,18.26,18.19,18.19,1575,2021-06-17 14:26:00,TBPH
18.14,18.14,18.14,18.14,236,2021-06-17 14:30:00,TBPH
18.03,18.035,18.03,18.035,293,2021-06-17 14:34:00,TBPH
18.0,18.0,18.0,18.0,100,2021-06-17 14:35:00,TBPH
18.04,18.055,18.04,18.055,500,2021-06-17 14:36:00,TBPH
18.02,18.02,18.0,18.0,600,2021-06-17 14:37:00,TBPH
17.98,17.985,17.98,17.985,200,2021-06-17 14:38:00,TBPH
17.97,17.97,17.97,17.97,100,2021-06-17 14:39:00,TBPH
17.94,17.94,17.93,17.93,200,2021-06-17 14:40:00,TBPH
17.95,17.95,17.95,17.95,100,2021-06-17 14:45:00,TBPH
17.95,17.95,17.95,17.95,100,2021-06-17 14:46:00,TBPH
17.93,17.93,17.91,17.91,300,2021-06-17 14:47:00,TBPH
17.94,17.94,17.94,17.94,100,2021-06-17 14:48:00,TBPH
17.98,17.98,17.98,17.98,100,2021-06-17 14:49:00,TBPH
17.98,17.98,17.98,17.98,300,2021-06-17 14:50:00,TBPH
17.98,17.985,17.98,17.985,200,2021-06-17 14:51:00,TBPH
17.97,17.97,17.97,17.97,700,2021-06-17 14:52:00,TBPH
17.95,17.95,17.95,17.95,100,2021-06-17 14:53:00,TBPH
18.01,18.01,17.98,17.99,1264,2021-06-17 14:54:00,TBPH
17.93,17.93,17.93,17.93,100,2021-06-17 14:56:00,TBPH
17.9,17.91,17.9,17.91,320,2021-06-17 14:57:00,TBPH
17.94,17.94,17.94,17.94,300,2021-06-17 14:58:00,TBPH
17.97,17.97,17.97,17.97,100,2021-06-17 15:00:00,TBPH
17.97,17.97,17.97,17.97,100,2021-06-17 15:02:00,TBPH
17.98,17.98,17.98,17.98,100,2021-06-17 15:03:00,TBPH
17.95,17.97,17.95,17.955,500,2021-06-17 15:08:00,TBPH
17.98,17.99,17.98,17.98,500,2021-06-17 15:09:00,TBPH
17.96,17.96,17.93,17.93,2247,2021-06-17 15:11:00,TBPH
17.91,17.92,17.9,17.92,1510,2021-06-17 15:12:00,TBPH
17.96,17.96,17.935,17.935,600,2021-06-17 15:16:00,TBPH
17.9,17.9,17.895,17.895,581,2021-06-17 15:23:00,TBPH
17.91,17.91,17.91,17.91,100,2021-06-17 15:25:00,TBPH
17.89,17.89,17.89,17.89,100,2021-06-17 15:28:00,TBPH
17.88,17.88,17.88,17.88,100,2021-06-17 15:29:00,TBPH
17.86,17.86,17.86,17.86,200,2021-06-17 15:33:00,TBPH
17.86,17.89,17.86,17.89,2000,2021-06-17 15:35:00,TBPH
17.915,17.915,17.915,17.915,100,2021-06-17 15:36:00,TBPH
17.89,17.905,17.89,17.905,300,2021-06-17 15:37:00,TBPH
17.925,17.97,17.925,17.94,300,2021-06-17 15:42:00,TBPH
17.97,17.97,17.97,17.97,100,2021-06-17 15:43:00,TBPH
18.0,18.02,18.0,18.02,200,2021-06-17 15:47:00,TBPH
18.03,18.03,18.03,18.03,100,2021-06-17 15:48:00,TBPH
18.03,18.03,18.03,18.03,100,2021-06-17 15:49:00,TBPH
18.02,18.02,18.0,18.0,400,2021-06-17 15:51:00,TBPH
17.985,17.985,17.985,17.985,100,2021-06-17 15:52:00,TBPH
17.98,17.98,17.97,17.97,200,2021-06-17 15:53:00,TBPH
17.97,17.97,17.97,17.97,200,2021-06-17 15:54:00,TBPH
17.87,17.87,17.87,17.87,870,2021-06-17 16:01:00,TBPH
17.89,17.89,17.89,17.89,100,2021-06-17 16:02:00,TBPH
17.865,17.865,17.865,17.865,100,2021-06-17 16:04:00,TBPH
17.85,17.86,17.83,17.83,800,2021-06-17 16:06:00,TBPH
17.78,17.78,17.75,17.75,480,2021-06-17 16:09:00,TBPH
17.8,17.81,17.8,17.81,600,2021-06-17 16:12:00,TBPH
17.8,17.8,17.8,17.8,100,2021-06-17 16:15:00,TBPH
17.74,17.74,17.74,17.74,100,2021-06-17 16:17:00,TBPH
17.74,17.74,17.74,17.74,300,2021-06-17 16:19:00,TBPH
17.7,17.7,17.67,17.67,532,2021-06-17 16:21:00,TBPH
17.67,17.67,17.67,17.67,100,2021-06-17 16:24:00,TBPH
17.7,17.7,17.68,17.68,319,2021-06-17 16:25:00,TBPH
17.64,17.69,17.64,17.69,400,2021-06-17 16:28:00,TBPH
17.615,17.66,17.615,17.66,500,2021-06-17 16:32:00,TBPH
17.63,17.63,17.62,17.62,200,2021-06-17 16:33:00,TBPH
17.61,17.64,17.61,17.64,200,2021-06-17 16:36:00,TBPH
17.64,17.65,17.64,17.65,400,2021-06-17 16:37:00,TBPH
17.56,17.56,17.56,17.56,396,2021-06-17 16:46:00,TBPH
17.56,17.56,17.55,17.55,200,2021-06-17 16:47:00,TBPH
17.49,17.49,17.47,17.47,400,2021-06-17 16:48:00,TBPH
17.47,17.5,17.47,17.5,537,2021-06-17 16:49:00,TBPH
17.535,17.535,17.5,17.5,500,2021-06-17 16:53:00,TBPH
17.45,17.48,17.45,17.48,300,2021-06-17 16:55:00,TBPH
17.5,17.53,17.5,17.51,500,2021-06-17 16:56:00,TBPH
17.53,17.57,17.53,17.57,1369,2021-06-17 16:57:00,TBPH
17.51,17.51,17.51,17.51,100,2021-06-17 17:02:00,TBPH
17.49,17.49,17.49,17.49,100,2021-06-17 17:03:00,TBPH
17.51,17.51,17.51,17.51,200,2021-06-17 17:04:00,TBPH
17.48,17.515,17.48,17.515,500,2021-06-17 17:06:00,TBPH
17.56,17.58,17.56,17.58,300,2021-06-17 17:08:00,TBPH
17.605,17.605,17.5928,17.5928,350,2021-06-17 17:09:00,TBPH
17.58,17.58,17.58,17.58,300,2021-06-17 17:15:00,TBPH
17.59,17.59,17.59,17.59,100,2021-06-17 17:17:00,TBPH
17.585,17.585,17.585,17.585,100,2021-06-17 17:21:00,TBPH
17.61,17.63,17.61,17.63,300,2021-06-17 17:22:00,TBPH
17.615,17.615,17.615,17.615,100,2021-06-17 17:34:00,TBPH
17.615,17.615,17.615,17.615,200,2021-06-17 17:36:00,TBPH
17.63,17.63,17.63,17.63,600,2021-06-17 17:42:00,TBPH
17.65,17.65,17.65,17.65,100,2021-06-17 17:47:00,TBPH
17.69,17.7,17.69,17.7,200,2021-06-17 17:48:00,TBPH
17.71,17.71,17.68,17.68,400,2021-06-17 17:50:00,TBPH
17.67,17.67,17.67,17.67,100,2021-06-17 17:55:00,TBPH
17.67,17.67,17.67,17.67,100,2021-06-17 17:57:00,TBPH
17.67,17.67,17.67,17.67,100,2021-06-17 17:58:00,TBPH
17.67,17.72,17.67,17.72,400,2021-06-17 18:00:00,TBPH
17.705,17.705,17.705,17.705,100,2021-06-17 18:01:00,TBPH
17.68,17.68,17.68,17.68,200,2021-06-17 18:03:00,TBPH
17.63,17.63,17.63,17.63,100,2021-06-17 18:06:00,TBPH
17.6,17.63,17.6,17.63,500,2021-06-17 18:07:00,TBPH
17.63,17.69,17.63,17.68,700,2021-06-17 18:10:00,TBPH
17.66,17.74,17.66,17.74,4016,2021-06-17 18:11:00,TBPH
17.75,17.75,17.75,17.75,100,2021-06-17 18:12:00,TBPH
17.75,17.75,17.72,17.72,500,2021-06-17 18:13:00,TBPH
17.72,17.72,17.72,17.72,600,2021-06-17 18:14:00,TBPH
17.7,17.7,17.69,17.69,900,2021-06-17 18:15:00,TBPH
17.69,17.7,17.69,17.7,300,2021-06-17 18:16:00,TBPH
17.71,17.72,17.68,17.68,2295,2021-06-17 18:18:00,TBPH
17.66,17.75,17.66,17.67,2380,2021-06-17 18:19:00,TBPH
17.64,17.655,17.64,17.65,600,2021-06-17 18:20:00,TBPH
17.64,17.66,17.64,17.64,300,2021-06-17 18:21:00,TBPH
17.64,17.68,17.58,17.63,5825,2021-06-17 18:22:00,TBPH
17.65,17.65,17.65,17.65,100,2021-06-17 18:23:00,TBPH
17.62,17.658,17.6,17.6,400,2021-06-17 18:25:00,TBPH
17.575,17.575,17.575,17.575,100,2021-06-17 18:35:00,TBPH
17.6,17.6,17.6,17.6,700,2021-06-17 18:36:00,TBPH
17.605,17.62,17.605,17.62,200,2021-06-17 18:37:00,TBPH
17.62,17.66,17.62,17.66,400,2021-06-17 18:38:00,TBPH
17.63,17.63,17.63,17.63,200,2021-06-17 18:43:00,TBPH
17.66,17.66,17.66,17.66,100,2021-06-17 18:45:00,TBPH
17.69,17.69,17.69,17.69,100,2021-06-17 18:46:00,TBPH
17.7,17.7,17.7,17.7,100,2021-06-17 18:47:00,TBPH
17.695,17.695,17.695,17.695,200,2021-06-17 18:48:00,TBPH
17.71,17.71,17.71,17.71,103,2021-06-17 18:52:00,TBPH
17.65,17.66,17.65,17.66,400,2021-06-17 18:58:00,TBPH
17.65,17.65,17.65,17.65,100,2021-06-17 19:02:00,TBPH
17.65,17.65,17.65,17.65,100,2021-06-17 19:03:00,TBPH
17.63,17.65,17.63,17.65,300,2021-06-17 19:04:00,TBPH
17.67,17.68,17.67,17.68,621,2021-06-17 19:09:00,TBPH
17.7,17.7,17.7,17.7,200,2021-06-17 19:10:00,TBPH
17.715,17.715,17.715,17.715,100,2021-06-17 19:12:00,TBPH
17.705,17.705,17.705,17.705,200,2021-06-17 19:13:00,TBPH
17.7,17.72,17.7,17.7,300,2021-06-17 19:14:00,TBPH
17.7,17.7,17.7,17.7,100,2021-06-17 19:15:00,TBPH
17.68,17.7,17.66,17.69,1905,2021-06-17 19:17:00,TBPH
17.65,17.65,17.63,17.63,200,2021-06-17 19:19:00,TBPH
17.61,17.625,17.61,17.625,250,2021-06-17 19:20:00,TBPH
17.625,17.625,17.625,17.625,205,2021-06-17 19:21:00,TBPH
17.59,17.59,17.59,17.59,200,2021-06-17 19:22:00,TBPH
17.55,17.55,17.55,17.55,500,2021-06-17 19:26:00,TBPH
17.55,17.55,17.55,17.55,200,2021-06-17 19:27:00,TBPH
17.59,17.62,17.58,17.62,700,2021-06-17 19:28:00,TBPH
17.57,17.58,17.5,17.5,4300,2021-06-17 19:29:00,TBPH
17.5,17.54,17.5,17.53,800,2021-06-17 19:30:00,TBPH
17.53,17.53,17.53,17.53,300,2021-06-17 19:32:00,TBPH
17.55,17.555,17.55,17.555,200,2021-06-17 19:33:00,TBPH
17.59,17.61,17.59,17.61,800,2021-06-17 19:35:00,TBPH
17.59,17.59,17.59,17.59,431,2021-06-17 19:36:00,TBPH
17.59,17.6,17.59,17.59,400,2021-06-17 19:37:00,TBPH
17.59,17.615,17.59,17.605,1500,2021-06-17 19:39:00,TBPH
17.6,17.61,17.6,17.6,300,2021-06-17 19:40:00,TBPH
17.62,17.62,17.6,17.605,700,2021-06-17 19:41:00,TBPH
17.6,17.6,17.59,17.6,400,2021-06-17 19:42:00,TBPH
17.59,17.59,17.59,17.59,500,2021-06-17 19:43:00,TBPH
17.59,17.59,17.59,17.59,200,2021-06-17 19:44:00,TBPH
17.59,17.59,17.58,17.59,300,2021-06-17 19:45:00,TBPH
17.59,17.59,17.59,17.59,300,2021-06-17 19:46:00,TBPH
17.605,17.605,17.59,17.59,300,2021-06-17 19:47:00,TBPH
17.59,17.59,17.59,17.59,900,2021-06-17 19:48:00,TBPH
17.59,17.61,17.59,17.59,400,2021-06-17 19:49:00,TBPH
17.57,17.58,17.515,17.565,3948,2021-06-17 19:50:00,TBPH
17.58,17.58,17.57,17.58,500,2021-06-17 19:52:00,TBPH
17.58,17.58,17.565,17.565,300,2021-06-17 19:53:00,TBPH
17.565,17.61,17.565,17.61,3422,2021-06-17 19:54:00,TBPH
17.59,17.6,17.57,17.58,2500,2021-06-17 19:55:00,TBPH
17.58,17.58,17.53,17.55,2021,2021-06-17 19:56:00,TBPH
17.55,17.57,17.55,17.57,1000,2021-06-17 19:57:00,TBPH
17.53,17.6,17.53,17.6,4613,2021-06-17 19:58:00,TBPH
17.61,17.62,17.57,17.62,3074,2021-06-17 19:59:00,TBPH
17.63,17.63,17.63,17.63,65116,2021-06-17 20:00:00,TBPH
17.63,17.63,17.63,17.63,369,2021-06-17 20:01:00,TBPH
17.29,17.29,17.28,17.28,400,2021-06-18 13:29:00,TBPH
17.25,17.25,17.25,17.25,47570,2021-06-18 13:30:00,TBPH
17.27,17.36,17.26,17.36,400,2021-06-18 13:38:00,TBPH
17.38,17.46,17.38,17.46,200,2021-06-18 13:39:00,TBPH
17.45,17.45,17.45,17.45,200,2021-06-18 13:44:00,TBPH
17.46,17.46,17.46,17.46,300,2021-06-18 13:50:00,TBPH
17.43,17.46,17.43,17.46,300,2021-06-18 13:54:00,TBPH
17.5,17.5,17.5,17.5,100,2021-06-18 13:57:00,TBPH
17.435,17.435,17.435,17.435,100,2021-06-18 14:01:00,TBPH
17.41,17.41,17.37,17.37,600,2021-06-18 14:02:00,TBPH
17.33,17.38,17.33,17.38,300,2021-06-18 14:03:00,TBPH
17.48,17.48,17.48,17.48,100,2021-06-18 14:10:00,TBPH
17.44,17.44,17.44,17.44,100,2021-06-18 14:11:00,TBPH
17.48,17.48,17.48,17.48,100,2021-06-18 14:12:00,TBPH
17.5,17.52,17.5,17.52,700,2021-06-18 14:15:00,TBPH
17.51,17.51,17.42,17.42,400,2021-06-18 14:16:00,TBPH
17.38,17.38,17.38,17.38,239,2021-06-18 14:18:00,TBPH
17.35,17.35,17.35,17.35,128,2021-06-18 14:21:00,TBPH
17.335,17.37,17.335,17.37,800,2021-06-18 14:25:00,TBPH
17.395,17.395,17.395,17.395,100,2021-06-18 14:29:00,TBPH
17.38,17.38,17.35,17.35,300,2021-06-18 14:32:00,TBPH
17.45,17.45,17.45,17.45,100,2021-06-18 14:35:00,TBPH
17.46,17.46,17.46,17.46,100,2021-06-18 14:36:00,TBPH
17.45,17.45,17.45,17.45,100,2021-06-18 14:40:00,TBPH
17.44,17.44,17.42,17.42,500,2021-06-18 14:41:00,TBPH
17.38,17.38,17.38,17.38,105,2021-06-18 14:43:00,TBPH
17.38,17.38,17.38,17.38,100,2021-06-18 14:45:00,TBPH
17.38,17.38,17.38,17.38,179,2021-06-18 14:47:00,TBPH
17.42,17.42,17.42,17.42,100,2021-06-18 14:48:00,TBPH
17.38,17.4,17.38,17.4,400,2021-06-18 14:53:00,TBPH
17.39,17.42,17.39,17.42,400,2021-06-18 14:55:00,TBPH
17.4,17.4,17.4,17.4,100,2021-06-18 15:00:00,TBPH
17.42,17.42,17.42,17.42,300,2021-06-18 15:01:00,TBPH
17.42,17.45,17.42,17.45,300,2021-06-18 15:03:00,TBPH
17.46,17.46,17.46,17.46,100,2021-06-18 15:05:00,TBPH
17.46,17.46,17.46,17.46,200,2021-06-18 15:07:00,TBPH
17.49,17.49,17.49,17.49,100,2021-06-18 15:09:00,TBPH
17.46,17.46,17.46,17.46,100,2021-06-18 15:10:00,TBPH
17.51,17.51,17.485,17.485,200,2021-06-18 15:11:00,TBPH
17.47,17.475,17.43,17.44,1000,2021-06-18 15:13:00,TBPH
17.43,17.47,17.43,17.47,400,2021-06-18 15:14:00,TBPH
17.43,17.48,17.43,17.48,200,2021-06-18 15:15:00,TBPH
17.435,17.435,17.43,17.43,200,2021-06-18 15:16:00,TBPH
17.445,17.445,17.39,17.39,400,2021-06-18 15:17:00,TBPH
17.39,17.39,17.39,17.39,100,2021-06-18 15:18:00,TBPH
17.38,17.38,17.38,17.38,100,2021-06-18 15:19:00,TBPH
17.38,17.38,17.38,17.38,100,2021-06-18 15:20:00,TBPH
17.38,17.42,17.38,17.42,400,2021-06-18 15:21:00,TBPH
17.44,17.44,17.44,17.44,5000,2021-06-18 15:22:00,TBPH
17.435,17.435,17.42,17.42,200,2021-06-18 15:23:00,TBPH
17.41,17.41,17.36,17.36,500,2021-06-18 15:25:00,TBPH
17.35,17.35,17.35,17.35,100,2021-06-18 15:26:00,TBPH
17.35,17.35,17.31,17.32,900,2021-06-18 15:27:00,TBPH
17.3,17.3,17.28,17.28,800,2021-06-18 15:28:00,TBPH
17.26,17.29,17.26,17.27,500,2021-06-18 15:29:00,TBPH
17.25,17.25,17.25,17.25,100,2021-06-18 15:30:00,TBPH
17.265,17.265,17.235,17.235,200,2021-06-18 15:31:00,TBPH
17.275,17.3,17.275,17.295,500,2021-06-18 15:32:00,TBPH
17.31,17.31,17.29,17.29,400,2021-06-18 15:33:00,TBPH
17.285,17.285,17.285,17.285,100,2021-06-18 15:34:00,TBPH
17.265,17.265,17.26,17.26,200,2021-06-18 15:36:00,TBPH
17.295,17.33,17.295,17.31,500,2021-06-18 15:37:00,TBPH
17.34,17.355,17.34,17.355,300,2021-06-18 15:38:00,TBPH
17.35,17.35,17.35,17.35,200,2021-06-18 15:39:00,TBPH
17.315,17.315,17.315,17.315,100,2021-06-18 15:40:00,TBPH
17.3,17.3,17.3,17.3,124,2021-06-18 15:41:00,TBPH
17.275,17.275,17.25,17.25,200,2021-06-18 15:43:00,TBPH
17.25,17.25,17.25,17.25,100,2021-06-18 15:44:00,TBPH
17.255,17.26,17.22,17.22,1517,2021-06-18 15:45:00,TBPH
17.19,17.19,17.19,17.19,100,2021-06-18 15:46:00,TBPH
17.19,17.19,17.12,17.12,300,2021-06-18 15:47:00,TBPH
17.11,17.14,17.11,17.125,602,2021-06-18 15:48:00,TBPH
17.1,17.125,17.1,17.125,200,2021-06-18 15:49:00,TBPH
17.1,17.13,17.1,17.13,200,2021-06-18 15:50:00,TBPH
17.12,17.13,17.08,17.105,700,2021-06-18 15:51:00,TBPH
17.11,17.11,17.075,17.075,500,2021-06-18 15:52:00,TBPH
17.1,17.17,17.1,17.14,1450,2021-06-18 15:53:00,TBPH
17.17,17.17,17.165,17.165,200,2021-06-18 15:56:00,TBPH
17.165,17.17,17.165,17.17,200,2021-06-18 15:57:00,TBPH
17.17,17.19,17.17,17.19,300,2021-06-18 15:58:00,TBPH
17.21,17.21,17.21,17.21,100,2021-06-18 16:00:00,TBPH
17.17,17.18,17.16,17.18,328,2021-06-18 16:01:00,TBPH
17.19,17.19,17.175,17.19,500,2021-06-18 16:02:00,TBPH
17.18,17.18,17.18,17.18,100,2021-06-18 16:03:00,TBPH
17.16,17.16,17.16,17.16,200,2021-06-18 16:05:00,TBPH
17.16,17.17,17.15,17.15,500,2021-06-18 16:06:00,TBPH
17.13,17.13,17.13,17.13,100,2021-06-18 16:07:00,TBPH
17.14,17.14,17.14,17.14,100,2021-06-18 16:08:00,TBPH
17.1375,17.145,17.1375,17.145,200,2021-06-18 16:09:00,TBPH
17.15,17.15,17.15,17.15,400,2021-06-18 16:10:00,TBPH
17.14,17.18,17.13,17.18,1800,2021-06-18 16:11:00,TBPH
17.16,17.16,17.16,17.16,100,2021-06-18 16:13:00,TBPH
17.17,17.17,17.17,17.17,100,2021-06-18 16:14:00,TBPH
17.15,17.15,17.15,17.15,100,2021-06-18 16:15:00,TBPH
17.17,17.17,17.16,17.16,200,2021-06-18 16:16:00,TBPH
17.17,17.17,17.17,17.17,200,2021-06-18 16:19:00,TBPH
17.18,17.18,17.18,17.18,200,2021-06-18 16:20:00,TBPH
17.185,17.19,17.185,17.19,300,2021-06-18 16:22:00,TBPH
17.19,17.205,17.185,17.205,700,2021-06-18 16:23:00,TBPH
17.19,17.19,17.19,17.19,200,2021-06-18 16:25:00,TBPH
17.2,17.2,17.2,17.2,100,2021-06-18 16:27:00,TBPH
17.19,17.19,17.19,17.19,100,2021-06-18 16:29:00,TBPH
17.205,17.23,17.205,17.23,400,2021-06-18 16:31:00,TBPH
17.22,17.22,17.16,17.16,748,2021-06-18 16:33:00,TBPH
17.15,17.15,17.15,17.15,300,2021-06-18 16:34:00,TBPH
17.15,17.15,17.145,17.15,300,2021-06-18 16:35:00,TBPH
17.13,17.13,17.13,17.13,200,2021-06-18 16:37:00,TBPH
17.11,17.11,17.11,17.11,100,2021-06-18 16:38:00,TBPH
17.11,17.11,17.11,17.11,100,2021-06-18 16:39:00,TBPH
17.1,17.1,17.1,17.1,100,2021-06-18 16:40:00,TBPH
17.12,17.12,17.12,17.12,100,2021-06-18 16:42:00,TBPH
17.105,17.105,17.1,17.1,200,2021-06-18 16:43:00,TBPH
17.08,17.08,17.075,17.075,200,2021-06-18 16:45:00,TBPH
17.07,17.07,17.07,17.07,100,2021-06-18 16:48:00,TBPH
17.06,17.07,17.06,17.07,200,2021-06-18 16:50:00,TBPH
17.055,17.055,17.055,17.055,200,2021-06-18 16:52:00,TBPH
17.07,17.07,17.07,17.07,200,2021-06-18 16:53:00,TBPH
17.07,17.07,17.07,17.07,400,2021-06-18 16:55:00,TBPH
17.08,17.085,17.08,17.085,200,2021-06-18 16:56:00,TBPH
17.09,17.09,17.08,17.08,200,2021-06-18 16:57:00,TBPH
17.09,17.09,17.08,17.08,400,2021-06-18 16:59:00,TBPH
17.065,17.065,17.06,17.06,200,2021-06-18 17:00:00,TBPH
17.04,17.06,17.04,17.06,329,2021-06-18 17:02:00,TBPH
17.05,17.05,17.05,17.05,400,2021-06-18 17:04:00,TBPH
17.05,17.05,17.05,17.05,100,2021-06-18 17:07:00,TBPH
17.05,17.06,17.05,17.06,900,2021-06-18 17:10:00,TBPH
17.07,17.07,17.07,17.07,100,2021-06-18 17:11:00,TBPH
17.075,17.075,17.075,17.075,100,2021-06-18 17:12:00,TBPH
17.06,17.07,17.04,17.04,1100,2021-06-18 17:15:00,TBPH
17.03,17.03,17.015,17.015,500,2021-06-18 17:17:00,TBPH
17.02,17.02,17.02,17.02,100,2021-06-18 17:18:00,TBPH
17.04,17.04,17.04,17.04,200,2021-06-18 17:19:00,TBPH
17.01,17.03,16.985,16.995,1000,2021-06-18 17:22:00,TBPH
16.98,16.99,16.98,16.99,200,2021-06-18 17:23:00,TBPH
16.95,16.95,16.95,16.95,100,2021-06-18 17:25:00,TBPH
16.925,16.94,16.925,16.925,300,2021-06-18 17:26:00,TBPH
16.95,16.95,16.93,16.93,300,2021-06-18 17:27:00,TBPH
16.95,16.95,16.94,16.94,200,2021-06-18 17:31:00,TBPH
16.93,16.93,16.93,16.93,300,2021-06-18 17:32:00,TBPH
16.965,16.965,16.965,16.965,100,2021-06-18 17:35:00,TBPH
16.97,16.97,16.97,16.97,205,2021-06-18 17:36:00,TBPH
16.95,16.96,16.95,16.96,300,2021-06-18 17:41:00,TBPH
16.94,16.94,16.93,16.93,300,2021-06-18 17:43:00,TBPH
16.945,16.945,16.945,16.945,100,2021-06-18 17:44:00,TBPH
16.92,16.92,16.92,16.92,200,2021-06-18 17:53:00,TBPH
16.94,16.945,16.925,16.945,949,2021-06-18 17:54:00,TBPH
16.94,16.94,16.93,16.93,600,2021-06-18 17:55:00,TBPH
16.89,16.9,16.885,16.9,701,2021-06-18 17:57:00,TBPH
16.9199,16.9199,16.89,16.89,415,2021-06-18 17:58:00,TBPH
16.92,16.92,16.92,16.92,600,2021-06-18 18:00:00,TBPH
16.9,16.91,16.9,16.91,200,2021-06-18 18:01:00,TBPH
16.895,16.91,16.895,16.91,600,2021-06-18 18:02:00,TBPH
16.925,16.925,16.925,16.925,100,2021-06-18 18:03:00,TBPH
16.92,17.0,16.91,17.0,5390,2021-06-18 18:05:00,TBPH
17.025,17.025,17.025,17.025,100,2021-06-18 18:07:00,TBPH
17.01,17.01,17.01,17.01,100,2021-06-18 18:08:00,TBPH
17.02,17.06,17.02,17.06,600,2021-06-18 18:09:00,TBPH
17.1,17.1,17.06,17.06,2957,2021-06-18 18:10:00,TBPH
17.065,17.065,17.06,17.06,200,2021-06-18 18:11:00,TBPH
17.07,17.08,17.05,17.08,400,2021-06-18 18:12:00,TBPH
17.09,17.09,17.09,17.09,200,2021-06-18 18:13:00,TBPH
17.1,17.1,17.1,17.1,100,2021-06-18 18:16:00,TBPH
17.15,17.15,17.14,17.15,300,2021-06-18 18:17:00,TBPH
17.19,17.19,17.19,17.19,100,2021-06-18 18:18:00,TBPH
17.25,17.26,17.25,17.26,500,2021-06-18 18:20:00,TBPH
17.27,17.27,17.25,17.25,200,2021-06-18 18:24:00,TBPH
17.23,17.23,17.23,17.23,100,2021-06-18 18:25:00,TBPH
17.24,17.24,17.24,17.24,100,2021-06-18 18:27:00,TBPH
17.285,17.285,17.285,17.285,100,2021-06-18 18:28:00,TBPH
17.3,17.3,17.3,17.3,103,2021-06-18 18:29:00,TBPH
17.31,17.31,17.31,17.31,200,2021-06-18 18:30:00,TBPH
17.31,17.33,17.31,17.33,400,2021-06-18 18:31:00,TBPH
17.33,17.33,17.325,17.325,200,2021-06-18 18:33:00,TBPH
17.3,17.3,17.25,17.25,966,2021-06-18 18:36:00,TBPH
17.245,17.26,17.245,17.26,200,2021-06-18 18:38:00,TBPH
17.3023,17.3023,17.3023,17.3023,100,2021-06-18 18:41:00,TBPH
17.27,17.27,17.27,17.27,441,2021-06-18 18:42:00,TBPH
17.23,17.23,17.21,17.23,700,2021-06-18 18:44:00,TBPH
17.25,17.27,17.25,17.27,334,2021-06-18 18:45:00,TBPH
17.285,17.285,17.27,17.27,200,2021-06-18 18:46:00,TBPH
17.255,17.255,17.255,17.255,100,2021-06-18 18:49:00,TBPH
17.24,17.24,17.24,17.24,100,2021-06-18 18:50:00,TBPH
17.25,17.25,17.235,17.235,200,2021-06-18 18:51:00,TBPH
17.215,17.215,17.215,17.215,200,2021-06-18 18:53:00,TBPH
17.22,17.22,17.22,17.22,100,2021-06-18 18:55:00,TBPH
17.215,17.23,17.215,17.23,200,2021-06-18 18:57:00,TBPH
17.24,17.24,17.22,17.22,1901,2021-06-18 18:58:00,TBPH
17.21,17.22,17.21,17.22,200,2021-06-18 18:59:00,TBPH
17.21,17.23,17.21,17.215,300,2021-06-18 19:00:00,TBPH
17.26,17.26,17.26,17.26,200,2021-06-18 19:02:00,TBPH
17.27,17.3,17.27,17.27,700,2021-06-18 19:03:00,TBPH
17.27,17.27,17.25,17.25,700,2021-06-18 19:04:00,TBPH
17.27,17.27,17.26,17.26,200,2021-06-18 19:06:00,TBPH
17.27,17.28,17.27,17.28,500,2021-06-18 19:09:00,TBPH
17.29,17.3,17.28,17.3,400,2021-06-18 19:10:00,TBPH
17.34,17.34,17.34,17.34,200,2021-06-18 19:13:00,TBPH
17.35,17.35,17.32,17.32,800,2021-06-18 19:14:00,TBPH
17.325,17.325,17.325,17.325,100,2021-06-18 19:15:00,TBPH
17.33,17.33,17.32,17.33,400,2021-06-18 19:18:00,TBPH
17.345,17.36,17.33,17.36,800,2021-06-18 19:20:00,TBPH
17.36,17.36,17.35,17.35,600,2021-06-18 19:21:00,TBPH
17.36,17.36,17.36,17.36,100,2021-06-18 19:22:00,TBPH
17.36,17.36,17.36,17.36,100,2021-06-18 19:25:00,TBPH
17.36,17.36,17.36,17.36,100,2021-06-18 19:27:00,TBPH
17.365,17.38,17.365,17.38,300,2021-06-18 19:29:00,TBPH
17.37,17.37,17.36,17.36,300,2021-06-18 19:30:00,TBPH
17.36,17.37,17.35,17.35,900,2021-06-18 19:33:00,TBPH
17.365,17.365,17.365,17.365,200,2021-06-18 19:34:00,TBPH
17.365,17.365,17.35,17.35,300,2021-06-18 19:35:00,TBPH
17.36,17.37,17.35,17.36,500,2021-06-18 19:36:00,TBPH
17.365,17.37,17.365,17.37,300,2021-06-18 19:37:00,TBPH
17.36,17.37,17.36,17.37,200,2021-06-18 19:38:00,TBPH
17.38,17.38,17.375,17.375,200,2021-06-18 19:39:00,TBPH
17.375,17.375,17.36,17.37,1087,2021-06-18 19:40:00,TBPH
17.36,17.37,17.36,17.37,200,2021-06-18 19:41:00,TBPH
17.36,17.36,17.35,17.36,300,2021-06-18 19:43:00,TBPH
17.37,17.41,17.37,17.41,1513,2021-06-18 19:44:00,TBPH
17.395,17.425,17.395,17.425,500,2021-06-18 19:45:00,TBPH
17.41,17.43,17.38,17.38,1300,2021-06-18 19:46:00,TBPH
17.38,17.38,17.34,17.34,400,2021-06-18 19:47:00,TBPH
17.36,17.36,17.34,17.34,807,2021-06-18 19:48:00,TBPH
17.34,17.35,17.33,17.33,600,2021-06-18 19:49:00,TBPH
17.33,17.4,17.33,17.4,1800,2021-06-18 19:50:00,TBPH
17.39,17.39,17.37,17.37,700,2021-06-18 19:51:00,TBPH
17.37,17.395,17.37,17.395,700,2021-06-18 19:52:00,TBPH
17.41,17.41,17.38,17.41,917,2021-06-18 19:53:00,TBPH
17.395,17.59,17.395,17.59,7379,2021-06-18 19:54:00,TBPH
17.62,17.65,17.47,17.47,2961,2021-06-18 19:55:00,TBPH
17.54,17.58,17.48,17.53,3160,2021-06-18 19:56:00,TBPH
17.54,17.55,17.47,17.52,1435,2021-06-18 19:57:00,TBPH
17.54,17.56,17.525,17.54,9133,2021-06-18 19:58:00,TBPH
17.545,17.59,17.45,17.52,17209,2021-06-18 19:59:00,TBPH
17.52,17.52,17.52,17.52,246580,2021-06-18 20:00:00,TBPH
17.52,17.52,17.52,17.52,8492,2021-06-18 20:02:00,TBPH
15.52,15.52,15.51,15.51,200,2021-06-21 10:06:00,TBPH
15.51,15.51,15.51,15.51,100,2021-06-21 10:07:00,TBPH
15.49,15.49,15.49,15.49,100,2021-06-21 10:08:00,TBPH
15.51,15.51,15.51,15.51,400,2021-06-21 10:14:00,TBPH
16.4,16.88,16.4,16.88,1000,2021-06-21 11:01:00,TBPH
16.27,16.27,16.27,16.27,100,2021-06-21 12:02:00,TBPH
16.2601,16.2601,16.2601,16.2601,250,2021-06-21 12:04:00,TBPH
16.2607,16.2607,16.2607,16.2607,100,2021-06-21 12:25:00,TBPH
16.3,16.3,16.3,16.3,100,2021-06-21 12:31:00,TBPH
16.26,16.26,16.26,16.26,500,2021-06-21 12:53:00,TBPH
16.8,16.8,16.8,16.8,4128,2021-06-21 13:30:00,TBPH
16.8,16.88,16.64,16.82,1555,2021-06-21 13:31:00,TBPH
16.6501,16.82,16.6501,16.785,5152,2021-06-21 13:32:00,TBPH
16.835,16.84,16.835,16.84,1100,2021-06-21 13:33:00,TBPH
16.72,16.72,16.72,16.72,100,2021-06-21 13:34:00,TBPH
16.59,16.7,16.59,16.69,600,2021-06-21 13:35:00,TBPH
16.61,16.62,16.61,16.62,600,2021-06-21 13:36:00,TBPH
16.57,16.57,16.51,16.51,300,2021-06-21 13:37:00,TBPH
16.49,16.59,16.49,16.59,400,2021-06-21 13:39:00,TBPH
16.6,16.6,16.55,16.6,1617,2021-06-21 13:40:00,TBPH
16.55,16.55,16.55,16.55,100,2021-06-21 13:41:00,TBPH
16.555,16.575,16.555,16.575,300,2021-06-21 13:42:00,TBPH
16.6,16.64,16.59,16.62,4704,2021-06-21 13:44:00,TBPH
16.63,16.63,16.61,16.61,762,2021-06-21 13:45:00,TBPH
16.61,16.61,16.504,16.504,520,2021-06-21 13:46:00,TBPH
16.54,16.54,16.54,16.54,100,2021-06-21 13:48:00,TBPH
16.59,16.59,16.46,16.49,2284,2021-06-21 13:50:00,TBPH
16.5,16.51,16.485,16.485,400,2021-06-21 13:51:00,TBPH
16.46,16.46,16.42,16.42,466,2021-06-21 13:52:00,TBPH
16.43,16.43,16.41,16.43,400,2021-06-21 13:53:00,TBPH
16.43,16.45,16.43,16.43,1200,2021-06-21 13:54:00,TBPH
16.43,16.45,16.43,16.45,300,2021-06-21 13:55:00,TBPH
16.46,16.46,16.41,16.4205,500,2021-06-21 13:56:00,TBPH
16.43,16.43,16.43,16.43,200,2021-06-21 13:57:00,TBPH
16.42,16.44,16.405,16.44,1101,2021-06-21 13:58:00,TBPH
16.42,16.48,16.4,16.415,1160,2021-06-21 13:59:00,TBPH
16.425,16.425,16.425,16.425,1100,2021-06-21 14:00:00,TBPH
16.425,16.425,16.425,16.425,100,2021-06-21 14:01:00,TBPH
16.425,16.475,16.425,16.475,1295,2021-06-21 14:02:00,TBPH
16.4562,16.4562,16.44,16.44,500,2021-06-21 14:03:00,TBPH
16.47,16.48,16.47,16.47,2059,2021-06-21 14:04:00,TBPH
16.45,16.46,16.45,16.45,935,2021-06-21 14:05:00,TBPH
16.48,16.48,16.48,16.48,200,2021-06-21 14:06:00,TBPH
16.49,16.49,16.49,16.49,1365,2021-06-21 14:08:00,TBPH
16.49,16.49,16.49,16.49,100,2021-06-21 14:09:00,TBPH
16.49,16.49,16.455,16.49,1300,2021-06-21 14:11:00,TBPH
16.49,16.49,16.49,16.49,400,2021-06-21 14:12:00,TBPH
16.49,16.49,16.49,16.49,200,2021-06-21 14:13:00,TBPH
16.395,16.395,16.395,16.395,100,2021-06-21 14:14:00,TBPH
16.41,16.47,16.41,16.46,2485,2021-06-21 14:15:00,TBPH
16.44,16.44,16.44,16.44,200,2021-06-21 14:17:00,TBPH
16.48,16.48,16.435,16.435,200,2021-06-21 14:18:00,TBPH
16.4,16.42,16.375,16.42,6600,2021-06-21 14:19:00,TBPH
16.41,16.42,16.385,16.42,1798,2021-06-21 14:21:00,TBPH
16.47,16.47,16.47,16.47,400,2021-06-21 14:22:00,TBPH
16.48,16.54,16.4663,16.4663,3534,2021-06-21 14:23:00,TBPH
16.5338,16.63,16.5338,16.63,1900,2021-06-21 14:24:00,TBPH
16.63,16.73,16.63,16.73,1966,2021-06-21 14:25:00,TBPH
16.79,16.79,16.79,16.79,100,2021-06-21 14:26:00,TBPH
16.73,16.77,16.71,16.77,1200,2021-06-21 14:27:00,TBPH
16.71,16.79,16.7,16.79,3230,2021-06-21 14:28:00,TBPH
16.79,16.79,16.79,16.79,167,2021-06-21 14:29:00,TBPH
16.75,16.79,16.75,16.79,697,2021-06-21 14:30:00,TBPH
16.75,16.79,16.75,16.79,500,2021-06-21 14:31:00,TBPH
16.73,16.73,16.73,16.73,100,2021-06-21 14:34:00,TBPH
16.755,16.79,16.755,16.79,200,2021-06-21 14:36:00,TBPH
16.79,16.9,16.79,16.9,2279,2021-06-21 14:37:00,TBPH
16.92,16.92,16.92,16.92,100,2021-06-21 14:39:00,TBPH
16.875,16.875,16.875,16.875,100,2021-06-21 14:42:00,TBPH
16.88,17.02,16.88,17.015,8062,2021-06-21 14:44:00,TBPH
17.02,17.12,17.02,17.12,1511,2021-06-21 14:45:00,TBPH
17.1,17.1,17.1,17.1,658,2021-06-21 14:46:00,TBPH
17.075,17.075,17.075,17.075,100,2021-06-21 14:47:00,TBPH
17.11,17.13,17.11,17.13,1300,2021-06-21 14:48:00,TBPH
17.125,17.125,17.125,17.125,100,2021-06-21 14:50:00,TBPH
17.2,17.2,17.2,17.2,100,2021-06-21 14:51:00,TBPH
17.17,17.2,17.17,17.2,500,2021-06-21 14:52:00,TBPH
17.175,17.175,17.085,17.085,1710,2021-06-21 14:54:00,TBPH
17.07,17.08,17.05,17.08,400,2021-06-21 14:55:00,TBPH
17.11,17.16,17.11,17.16,2000,2021-06-21 14:56:00,TBPH
17.17,17.18,17.17,17.18,600,2021-06-21 14:58:00,TBPH
17.21,17.21,17.21,17.21,100,2021-06-21 14:59:00,TBPH
17.16,17.16,17.16,17.16,100,2021-06-21 15:00:00,TBPH
17.2,17.2,17.2,17.2,100,2021-06-21 15:01:00,TBPH
17.15,17.2,17.12,17.19,500,2021-06-21 15:02:00,TBPH
17.18,17.19,17.16,17.19,400,2021-06-21 15:03:00,TBPH
17.16,17.26,17.16,17.26,1316,2021-06-21 15:04:00,TBPH
17.26,17.26,17.26,17.26,100,2021-06-21 15:05:00,TBPH
17.225,17.26,17.225,17.26,400,2021-06-21 15:06:00,TBPH
17.26,17.31,17.26,17.31,700,2021-06-21 15:07:00,TBPH
17.25,17.33,17.25,17.33,3028,2021-06-21 15:08:00,TBPH
17.32,17.36,17.32,17.36,200,2021-06-21 15:09:00,TBPH
17.29,17.29,17.29,17.29,100,2021-06-21 15:10:00,TBPH
17.29,17.29,17.29,17.29,326,2021-06-21 15:12:00,TBPH
17.31,17.31,17.31,17.31,400,2021-06-21 15:13:00,TBPH
17.31,17.31,17.31,17.31,100,2021-06-21 15:14:00,TBPH
17.25,17.31,17.25,17.31,500,2021-06-21 15:16:00,TBPH
17.29,17.35,17.29,17.35,1441,2021-06-21 15:17:00,TBPH
17.36,17.4,17.345,17.345,400,2021-06-21 15:18:00,TBPH
17.36,17.4,17.34,17.4,826,2021-06-21 15:19:00,TBPH
17.43,17.49,17.43,17.49,450,2021-06-21 15:21:00,TBPH
17.49,17.49,17.45,17.49,1061,2021-06-21 15:22:00,TBPH
17.49,17.49,17.48,17.48,300,2021-06-21 15:23:00,TBPH
17.445,17.445,17.445,17.445,100,2021-06-21 15:25:00,TBPH
17.45,17.47,17.42,17.47,1000,2021-06-21 15:26:00,TBPH
17.5,17.525,17.5,17.5,600,2021-06-21 15:27:00,TBPH
17.55,17.55,17.53,17.53,300,2021-06-21 15:29:00,TBPH
17.53,17.565,17.53,17.565,868,2021-06-21 15:30:00,TBPH
17.57,17.57,17.57,17.57,100,2021-06-21 15:32:00,TBPH
17.54,17.54,17.54,17.54,300,2021-06-21 15:33:00,TBPH
17.575,17.61,17.575,17.61,200,2021-06-21 15:35:00,TBPH
17.6,17.6,17.6,17.6,100,2021-06-21 15:36:00,TBPH
17.61,17.61,17.54,17.54,717,2021-06-21 15:37:00,TBPH
17.55,17.55,17.55,17.55,100,2021-06-21 15:40:00,TBPH
17.53,17.56,17.53,17.54,900,2021-06-21 15:41:00,TBPH
17.53,17.57,17.53,17.57,400,2021-06-21 15:43:00,TBPH
17.55,17.55,17.48,17.49,6948,2021-06-21 15:45:00,TBPH
17.47,17.5,17.45,17.495,1433,2021-06-21 15:46:00,TBPH
17.5,17.54,17.5,17.54,500,2021-06-21 15:47:00,TBPH
17.57,17.63,17.57,17.63,535,2021-06-21 15:49:00,TBPH
17.62,17.62,17.62,17.62,100,2021-06-21 15:50:00,TBPH
17.63,17.63,17.63,17.63,100,2021-06-21 15:51:00,TBPH
17.63,17.63,17.63,17.63,100,2021-06-21 15:52:00,TBPH
17.59,17.59,17.56,17.56,1100,2021-06-21 15:53:00,TBPH
17.535,17.535,17.49,17.49,300,2021-06-21 15:54:00,TBPH
17.52,17.57,17.52,17.57,1300,2021-06-21 15:58:00,TBPH
17.58,17.58,17.58,17.58,100,2021-06-21 15:59:00,TBPH
17.61,17.62,17.61,17.62,300,2021-06-21 16:01:00,TBPH
17.62,17.62,17.58,17.61,720,2021-06-21 16:02:00,TBPH
17.6,17.61,17.59,17.61,400,2021-06-21 16:05:00,TBPH
17.6,17.6,17.6,17.6,200,2021-06-21 16:06:00,TBPH
17.57,17.72,17.57,17.68,5038,2021-06-21 16:07:00,TBPH
17.69,17.73,17.6805,17.73,4365,2021-06-21 16:08:00,TBPH
17.73,17.73,17.68,17.68,1028,2021-06-21 16:09:00,TBPH
17.68,17.68,17.67,17.67,200,2021-06-21 16:11:00,TBPH
17.69,17.76,17.68,17.73,1400,2021-06-21 16:12:00,TBPH
17.76,17.76,17.7101,17.7101,630,2021-06-21 16:14:00,TBPH
17.71,17.71,17.71,17.71,100,2021-06-21 16:15:00,TBPH
17.69,17.69,17.69,17.69,100,2021-06-21 16:19:00,TBPH
17.69,17.69,17.69,17.69,200,2021-06-21 16:20:00,TBPH
17.68,17.68,17.65,17.65,507,2021-06-21 16:31:00,TBPH
17.67,17.67,17.67,17.67,100,2021-06-21 16:32:00,TBPH
17.69,17.69,17.69,17.69,2043,2021-06-21 16:34:00,TBPH
17.7,17.7,17.7,17.7,201,2021-06-21 16:35:00,TBPH
17.71,17.71,17.71,17.71,100,2021-06-21 16:38:00,TBPH
17.7,17.7,17.7,17.7,300,2021-06-21 16:39:00,TBPH
17.69,17.69,17.67,17.67,610,2021-06-21 16:41:00,TBPH
17.67,17.67,17.67,17.67,200,2021-06-21 16:42:00,TBPH
17.67,17.69,17.67,17.69,200,2021-06-21 16:44:00,TBPH
17.69,17.75,17.69,17.75,1498,2021-06-21 16:45:00,TBPH
17.75,17.75,17.75,17.75,100,2021-06-21 16:46:00,TBPH
17.75,17.75,17.75,17.75,100,2021-06-21 16:47:00,TBPH
17.71,17.75,17.71,17.75,700,2021-06-21 16:48:00,TBPH
17.75,17.75,17.75,17.75,100,2021-06-21 16:49:00,TBPH
17.71,17.74,17.71,17.74,600,2021-06-21 16:50:00,TBPH
17.74,17.74,17.73,17.73,400,2021-06-21 16:54:00,TBPH
17.74,17.74,17.71,17.74,9656,2021-06-21 16:55:00,TBPH
17.72,17.72,17.72,17.72,100,2021-06-21 16:59:00,TBPH
17.69,17.69,17.69,17.69,100,2021-06-21 17:00:00,TBPH
17.66,17.68,17.66,17.68,200,2021-06-21 17:01:00,TBPH
17.675,17.675,17.675,17.675,100,2021-06-21 17:03:00,TBPH
17.65,17.655,17.65,17.655,200,2021-06-21 17:04:00,TBPH
17.65,17.65,17.65,17.65,100,2021-06-21 17:06:00,TBPH
17.655,17.655,17.64,17.64,1400,2021-06-21 17:08:00,TBPH
17.63,17.63,17.59,17.59,800,2021-06-21 17:10:00,TBPH
17.61,17.61,17.58,17.6,500,2021-06-21 17:11:00,TBPH
17.59,17.59,17.59,17.59,100,2021-06-21 17:12:00,TBPH
17.55,17.55,17.52,17.52,300,2021-06-21 17:14:00,TBPH
17.555,17.555,17.555,17.555,100,2021-06-21 17:16:00,TBPH
17.555,17.555,17.555,17.555,100,2021-06-21 17:17:00,TBPH
17.55,17.55,17.55,17.55,100,2021-06-21 17:19:00,TBPH
17.55,17.55,17.52,17.52,200,2021-06-21 17:20:00,TBPH
17.55,17.55,17.55,17.55,200,2021-06-21 17:21:00,TBPH
17.53,17.55,17.52,17.55,467,2021-06-21 17:22:00,TBPH
17.545,17.545,17.545,17.545,100,2021-06-21 17:24:00,TBPH
17.53,17.545,17.53,17.545,200,2021-06-21 17:25:00,TBPH
17.545,17.545,17.51,17.54,300,2021-06-21 17:26:00,TBPH
17.52,17.52,17.52,17.52,100,2021-06-21 17:29:00,TBPH
17.5,17.54,17.5,17.53,400,2021-06-21 17:30:00,TBPH
17.53,17.53,17.53,17.53,324,2021-06-21 17:31:00,TBPH
17.53,17.53,17.53,17.53,100,2021-06-21 17:33:00,TBPH
17.5,17.5053,17.5,17.5,400,2021-06-21 17:34:00,TBPH
17.5,17.5,17.5,17.5,100,2021-06-21 17:35:00,TBPH
17.49,17.51,17.49,17.51,2311,2021-06-21 17:36:00,TBPH
17.51,17.51,17.51,17.51,100,2021-06-21 17:37:00,TBPH
17.5,17.54,17.5,17.54,8814,2021-06-21 17:38:00,TBPH
17.515,17.515,17.515,17.515,100,2021-06-21 17:39:00,TBPH
17.5,17.5,17.49,17.49,303,2021-06-21 17:40:00,TBPH
17.46,17.46,17.43,17.445,1271,2021-06-21 17:41:00,TBPH
17.48,17.49,17.445,17.49,6456,2021-06-21 17:42:00,TBPH
17.5,17.52,17.5,17.52,800,2021-06-21 17:43:00,TBPH
17.51,17.51,17.51,17.51,100,2021-06-21 17:45:00,TBPH
17.51,17.51,17.51,17.51,100,2021-06-21 17:47:00,TBPH
17.49,17.5,17.49,17.5,200,2021-06-21 17:49:00,TBPH
17.495,17.495,17.495,17.495,160,2021-06-21 17:50:00,TBPH
17.54,17.54,17.51,17.51,200,2021-06-21 17:52:00,TBPH
17.51,17.515,17.49,17.49,2209,2021-06-21 17:57:00,TBPH
17.495,17.495,17.495,17.495,100,2021-06-21 18:02:00,TBPH
17.47,17.47,17.47,17.47,300,2021-06-21 18:04:00,TBPH
17.46,17.475,17.45,17.475,400,2021-06-21 18:06:00,TBPH
17.45,17.465,17.45,17.465,410,2021-06-21 18:08:00,TBPH
17.465,17.465,17.465,17.465,100,2021-06-21 18:09:00,TBPH
17.435,17.435,17.435,17.435,100,2021-06-21 18:15:00,TBPH
17.445,17.46,17.43,17.43,323,2021-06-21 18:16:00,TBPH
17.46,17.49,17.46,17.485,3398,2021-06-21 18:17:00,TBPH
17.5,17.51,17.5,17.505,1092,2021-06-21 18:21:00,TBPH
17.48,17.4925,17.475,17.475,702,2021-06-21 18:24:00,TBPH
17.46,17.47,17.45,17.47,7900,2021-06-21 18:25:00,TBPH
17.48,17.51,17.48,17.49,1113,2021-06-21 18:26:00,TBPH
17.5205,17.53,17.5205,17.5206,1120,2021-06-21 18:30:00,TBPH
17.53,17.53,17.5,17.5,600,2021-06-21 18:31:00,TBPH
17.53,17.53,17.53,17.53,100,2021-06-21 18:36:00,TBPH
17.51,17.51,17.51,17.51,100,2021-06-21 18:38:00,TBPH
17.52,17.52,17.49,17.495,600,2021-06-21 18:39:00,TBPH
17.495,17.495,17.495,17.495,100,2021-06-21 18:40:00,TBPH
17.495,17.495,17.495,17.495,100,2021-06-21 18:42:00,TBPH
17.485,17.485,17.485,17.485,100,2021-06-21 18:43:00,TBPH
17.48,17.48,17.48,17.48,443,2021-06-21 18:44:00,TBPH
17.48,17.48,17.47,17.47,217,2021-06-21 18:45:00,TBPH
17.48,17.48,17.48,17.48,100,2021-06-21 18:46:00,TBPH
17.48,17.48,17.48,17.48,200,2021-06-21 18:48:00,TBPH
17.48,17.5,17.48,17.5,1816,2021-06-21 18:50:00,TBPH
17.54,17.55,17.54,17.55,668,2021-06-21 18:52:00,TBPH
17.58,17.6,17.58,17.58,500,2021-06-21 18:57:00,TBPH
17.61,17.61,17.61,17.61,491,2021-06-21 18:58:00,TBPH
17.595,17.595,17.595,17.595,100,2021-06-21 19:01:00,TBPH
17.595,17.595,17.59,17.595,300,2021-06-21 19:02:00,TBPH
17.6,17.6,17.6,17.6,200,2021-06-21 19:03:00,TBPH
17.6,17.6,17.6,17.6,100,2021-06-21 19:04:00,TBPH
17.58,17.585,17.58,17.585,600,2021-06-21 19:06:00,TBPH
17.6,17.6,17.585,17.6,1164,2021-06-21 19:07:00,TBPH
17.58,17.58,17.58,17.58,100,2021-06-21 19:10:00,TBPH
17.57,17.57,17.56,17.56,906,2021-06-21 19:11:00,TBPH
17.555,17.555,17.555,17.555,100,2021-06-21 19:14:00,TBPH
17.535,17.535,17.535,17.535,300,2021-06-21 19:19:00,TBPH
17.55,17.55,17.535,17.535,400,2021-06-21 19:20:00,TBPH
17.535,17.535,17.53,17.53,203,2021-06-21 19:21:00,TBPH
17.52,17.52,17.51,17.52,612,2021-06-21 19:22:00,TBPH
17.52,17.52,17.52,17.52,100,2021-06-21 19:23:00,TBPH
17.53,17.53,17.52,17.52,1700,2021-06-21 19:24:00,TBPH
17.54,17.54,17.54,17.54,100,2021-06-21 19:25:00,TBPH
17.54,17.54,17.54,17.54,300,2021-06-21 19:26:00,TBPH
17.54,17.54,17.54,17.54,401,2021-06-21 19:27:00,TBPH
17.545,17.545,17.545,17.545,100,2021-06-21 19:28:00,TBPH
17.56,17.57,17.55,17.55,6501,2021-06-21 19:29:00,TBPH
17.55,17.55,17.55,17.55,100,2021-06-21 19:30:00,TBPH
17.55,17.55,17.55,17.55,300,2021-06-21 19:32:00,TBPH
17.55,17.55,17.55,17.55,201,2021-06-21 19:33:00,TBPH
17.55,17.55,17.55,17.55,200,2021-06-21 19:35:00,TBPH
17.55,17.55,17.55,17.55,504,2021-06-21 19:36:00,TBPH
17.55,17.55,17.55,17.55,500,2021-06-21 19:37:00,TBPH
17.56,17.57,17.56,17.56,2800,2021-06-21 19:39:00,TBPH
17.555,17.555,17.555,17.555,300,2021-06-21 19:41:00,TBPH
17.55,17.55,17.55,17.55,200,2021-06-21 19:42:00,TBPH
17.57,17.57,17.55,17.56,700,2021-06-21 19:43:00,TBPH
17.56,17.57,17.56,17.57,300,2021-06-21 19:44:00,TBPH
17.56,17.575,17.56,17.575,4200,2021-06-21 19:45:00,TBPH
17.58,17.59,17.57,17.575,3015,2021-06-21 19:46:00,TBPH
17.575,17.58,17.575,17.575,300,2021-06-21 19:47:00,TBPH
17.585,17.585,17.585,17.585,100,2021-06-21 19:48:00,TBPH
17.585,17.585,17.58,17.585,1600,2021-06-21 19:49:00,TBPH
17.56,17.57,17.54,17.565,3301,2021-06-21 19:50:00,TBPH
17.56,17.56,17.54,17.54,672,2021-06-21 19:51:00,TBPH
17.55,17.55,17.55,17.55,200,2021-06-21 19:52:00,TBPH
17.54,17.54,17.54,17.54,200,2021-06-21 19:53:00,TBPH
17.55,17.58,17.55,17.565,2401,2021-06-21 19:54:00,TBPH
17.57,17.57,17.56,17.5699,1300,2021-06-21 19:55:00,TBPH
17.55,17.57,17.55,17.555,1700,2021-06-21 19:56:00,TBPH
17.55,17.55,17.54,17.54,1102,2021-06-21 19:57:00,TBPH
17.54,17.56,17.54,17.56,1458,2021-06-21 19:58:00,TBPH
17.57,17.6,17.56,17.56,2862,2021-06-21 19:59:00,TBPH
17.56,17.56,17.56,17.56,73523,2021-06-21 20:00:00,TBPH
17.56,17.56,17.56,17.56,1463,2021-06-21 20:02:00,TBPH
17.49,17.49,17.49,17.49,1687,2021-06-22 13:30:00,TBPH
17.5105,17.5105,17.44,17.44,205,2021-06-22 13:31:00,TBPH
17.49,17.5,17.49,17.49,300,2021-06-22 13:33:00,TBPH
17.52,17.52,17.52,17.52,100,2021-06-22 13:35:00,TBPH
17.61,17.61,17.61,17.61,100,2021-06-22 13:37:00,TBPH
17.5523,17.58,17.5523,17.58,737,2021-06-22 13:40:00,TBPH
17.61,17.61,17.61,17.61,100,2021-06-22 13:41:00,TBPH
17.58,17.59,17.58,17.59,300,2021-06-22 13:42:00,TBPH
17.512,17.512,17.512,17.512,100,2021-06-22 13:43:00,TBPH
17.49,17.49,17.48,17.48,600,2021-06-22 13:44:00,TBPH
17.495,17.495,17.46,17.46,200,2021-06-22 13:48:00,TBPH
17.4875,17.49,17.4875,17.49,300,2021-06-22 13:49:00,TBPH
17.45,17.45,17.45,17.45,100,2021-06-22 13:51:00,TBPH
17.48,17.48,17.43,17.45,2101,2021-06-22 13:52:00,TBPH
17.46,17.46,17.46,17.46,1000,2021-06-22 13:53:00,TBPH
17.57,17.57,17.57,17.57,100,2021-06-22 13:55:00,TBPH
17.555,17.555,17.555,17.555,100,2021-06-22 13:56:00,TBPH
17.53,17.53,17.52,17.52,800,2021-06-22 13:59:00,TBPH
17.48,17.48,17.435,17.4794,1200,2021-06-22 14:00:00,TBPH
17.53,17.53,17.53,17.53,300,2021-06-22 14:02:00,TBPH
17.53,17.53,17.525,17.525,800,2021-06-22 14:03:00,TBPH
17.52,17.52,17.52,17.52,200,2021-06-22 14:05:00,TBPH
17.52,17.52,17.49,17.49,200,2021-06-22 14:06:00,TBPH
17.49,17.49,17.49,17.49,100,2021-06-22 14:08:00,TBPH
17.49,17.49,17.46,17.47,300,2021-06-22 14:09:00,TBPH
17.51,17.51,17.475,17.5094,1640,2021-06-22 14:12:00,TBPH
17.51,17.52,17.51,17.52,1564,2021-06-22 14:14:00,TBPH
17.52,17.52,17.52,17.52,100,2021-06-22 14:15:00,TBPH
17.52,17.52,17.52,17.52,200,2021-06-22 14:16:00,TBPH
17.52,17.54,17.5,17.5,2400,2021-06-22 14:17:00,TBPH
17.48,17.49,17.45,17.45,1973,2021-06-22 14:20:00,TBPH
17.38,17.39,17.38,17.39,300,2021-06-22 14:23:00,TBPH
17.29,17.3,17.29,17.3,200,2021-06-22 14:24:00,TBPH
17.305,17.305,17.29,17.29,200,2021-06-22 14:25:00,TBPH
17.27,17.295,17.27,17.295,1773,2021-06-22 14:28:00,TBPH
17.26,17.305,17.26,17.305,2339,2021-06-22 14:30:00,TBPH
17.29,17.29,17.28,17.29,700,2021-06-22 14:31:00,TBPH
17.29,17.29,17.26,17.26,500,2021-06-22 14:33:00,TBPH
17.26,17.26,17.26,17.26,1371,2021-06-22 14:35:00,TBPH
17.31,17.31,17.31,17.31,100,2021-06-22 14:36:00,TBPH
17.315,17.315,17.315,17.315,4400,2021-06-22 14:38:00,TBPH
17.315,17.43,17.315,17.42,3700,2021-06-22 14:39:00,TBPH
17.43,17.48,17.43,17.455,1300,2021-06-22 14:40:00,TBPH
17.455,17.455,17.455,17.455,900,2021-06-22 14:41:00,TBPH
17.455,17.53,17.45,17.53,2425,2021-06-22 14:42:00,TBPH
17.51,17.521,17.49,17.5,4200,2021-06-22 14:43:00,TBPH
17.49,17.5,17.49,17.5,300,2021-06-22 14:45:00,TBPH
17.47,17.47,17.47,17.47,100,2021-06-22 14:47:00,TBPH
17.48,17.48,17.48,17.48,400,2021-06-22 14:48:00,TBPH
17.48,17.49,17.48,17.49,401,2021-06-22 14:52:00,TBPH
17.48,17.48,17.48,17.48,100,2021-06-22 14:55:00,TBPH
17.5,17.5,17.5,17.5,1800,2021-06-22 14:58:00,TBPH
17.51,17.52,17.51,17.52,700,2021-06-22 15:03:00,TBPH
17.525,17.525,17.525,17.525,100,2021-06-22 15:05:00,TBPH
17.52,17.52,17.52,17.52,300,2021-06-22 15:06:00,TBPH
17.54,17.55,17.53,17.55,1500,2021-06-22 15:08:00,TBPH
17.56,17.565,17.55,17.565,400,2021-06-22 15:09:00,TBPH
17.565,17.565,17.565,17.565,100,2021-06-22 15:10:00,TBPH
17.56,17.56,17.56,17.56,100,2021-06-22 15:11:00,TBPH
17.56,17.56,17.56,17.56,300,2021-06-22 15:12:00,TBPH
17.56,17.56,17.56,17.56,100,2021-06-22 15:13:00,TBPH
17.55,17.55,17.51,17.51,1294,2021-06-22 15:16:00,TBPH
17.5,17.5,17.5,17.5,200,2021-06-22 15:18:00,TBPH
17.485,17.485,17.485,17.485,100,2021-06-22 15:20:00,TBPH
17.485,17.485,17.47,17.47,400,2021-06-22 15:22:00,TBPH
17.47,17.47,17.45,17.45,200,2021-06-22 15:24:00,TBPH
17.45,17.465,17.45,17.465,300,2021-06-22 15:25:00,TBPH
17.48,17.48,17.48,17.48,100,2021-06-22 15:27:00,TBPH
17.465,17.465,17.465,17.465,100,2021-06-22 15:29:00,TBPH
17.465,17.465,17.46,17.46,867,2021-06-22 15:32:00,TBPH
17.45,17.46,17.45,17.46,300,2021-06-22 15:33:00,TBPH
17.46,17.46,17.46,17.46,100,2021-06-22 15:34:00,TBPH
17.46,17.46,17.46,17.46,200,2021-06-22 15:35:00,TBPH
17.46,17.46,17.46,17.46,300,2021-06-22 15:36:00,TBPH
17.46,17.46,17.46,17.46,100,2021-06-22 15:38:00,TBPH
17.46,17.46,17.46,17.46,100,2021-06-22 15:39:00,TBPH
17.46,17.46,17.45,17.45,800,2021-06-22 15:40:00,TBPH
17.45,17.45,17.45,17.45,500,2021-06-22 15:41:00,TBPH
17.45,17.45,17.45,17.45,100,2021-06-22 15:42:00,TBPH
17.45,17.45,17.44,17.44,200,2021-06-22 15:43:00,TBPH
17.45,17.45,17.45,17.45,200,2021-06-22 15:44:00,TBPH
17.46,17.53,17.46,17.5,8371,2021-06-22 15:45:00,TBPH
17.49,17.49,17.49,17.49,371,2021-06-22 15:46:00,TBPH
17.48,17.49,17.47,17.48,1001,2021-06-22 15:55:00,TBPH
17.47,17.47,17.44,17.44,831,2021-06-22 15:56:00,TBPH
17.44,17.44,17.44,17.44,100,2021-06-22 15:57:00,TBPH
17.44,17.44,17.44,17.44,200,2021-06-22 15:58:00,TBPH
17.43,17.47,17.43,17.47,2808,2021-06-22 15:59:00,TBPH
17.47,17.47,17.47,17.47,100,2021-06-22 16:00:00,TBPH
17.48,17.5,17.48,17.5,600,2021-06-22 16:01:00,TBPH
17.51,17.51,17.51,17.51,400,2021-06-22 16:03:00,TBPH
17.5,17.5,17.5,17.5,1900,2021-06-22 16:04:00,TBPH
17.52,17.52,17.52,17.52,500,2021-06-22 16:07:00,TBPH
17.53,17.53,17.53,17.53,500,2021-06-22 16:09:00,TBPH
17.555,17.555,17.555,17.555,100,2021-06-22 16:12:00,TBPH
17.54,17.54,17.54,17.54,100,2021-06-22 16:13:00,TBPH
17.525,17.525,17.525,17.525,100,2021-06-22 16:14:00,TBPH
17.495,17.495,17.495,17.495,200,2021-06-22 16:18:00,TBPH
17.52,17.52,17.51,17.51,1219,2021-06-22 16:20:00,TBPH
17.51,17.51,17.51,17.51,400,2021-06-22 16:22:00,TBPH
17.53,17.53,17.53,17.53,200,2021-06-22 16:23:00,TBPH
17.49,17.5,17.49,17.5,4400,2021-06-22 16:24:00,TBPH
17.49,17.5,17.49,17.5,900,2021-06-22 16:25:00,TBPH
17.495,17.495,17.495,17.495,100,2021-06-22 16:26:00,TBPH
17.51,17.53,17.51,17.52,1200,2021-06-22 16:27:00,TBPH
17.52,17.52,17.52,17.52,100,2021-06-22 16:28:00,TBPH
17.525,17.525,17.525,17.525,100,2021-06-22 16:30:00,TBPH
17.535,17.535,17.535,17.535,100,2021-06-22 16:31:00,TBPH
17.52,17.52,17.52,17.52,100,2021-06-22 16:34:00,TBPH
17.51,17.51,17.5,17.51,1000,2021-06-22 16:39:00,TBPH
17.47,17.49,17.47,17.49,1984,2021-06-22 16:45:00,TBPH
17.4997,17.4997,17.4997,17.4997,370,2021-06-22 16:51:00,TBPH
17.48,17.48,17.48,17.48,200,2021-06-22 16:54:00,TBPH
17.48,17.48,17.48,17.48,200,2021-06-22 17:00:00,TBPH
17.47,17.47,17.47,17.47,200,2021-06-22 17:01:00,TBPH
17.48,17.48,17.48,17.48,5000,2021-06-22 17:03:00,TBPH
17.49,17.51,17.49,17.51,1900,2021-06-22 17:05:00,TBPH
17.525,17.53,17.525,17.53,300,2021-06-22 17:11:00,TBPH
17.54,17.54,17.54,17.54,100,2021-06-22 17:12:00,TBPH
17.53,17.53,17.52,17.53,500,2021-06-22 17:15:00,TBPH
17.51,17.52,17.51,17.52,200,2021-06-22 17:16:00,TBPH
17.5,17.5,17.5,17.5,1500,2021-06-22 17:20:00,TBPH
17.52,17.52,17.52,17.52,100,2021-06-22 17:25:00,TBPH
17.52,17.52,17.52,17.52,700,2021-06-22 17:26:00,TBPH
17.51,17.51,17.51,17.51,100,2021-06-22 17:27:00,TBPH
17.51,17.51,17.51,17.51,300,2021-06-22 17:28:00,TBPH
17.5,17.5,17.5,17.5,100,2021-06-22 17:38:00,TBPH
17.5,17.5,17.5,17.5,100,2021-06-22 17:39:00,TBPH
17.5,17.5,17.5,17.5,500,2021-06-22 17:42:00,TBPH
17.5,17.5,17.5,17.5,400,2021-06-22 17:43:00,TBPH
17.5,17.51,17.491,17.491,5400,2021-06-22 17:44:00,TBPH
17.5,17.5,17.5,17.5,100,2021-06-22 17:45:00,TBPH
17.49,17.49,17.49,17.49,100,2021-06-22 17:46:00,TBPH
17.49,17.52,17.49,17.52,2698,2021-06-22 17:47:00,TBPH
17.53,17.53,17.53,17.53,200,2021-06-22 17:56:00,TBPH
17.54,17.54,17.54,17.54,123,2021-06-22 17:58:00,TBPH
17.53,17.53,17.53,17.53,200,2021-06-22 18:01:00,TBPH
17.52,17.52,17.52,17.52,100,2021-06-22 18:02:00,TBPH
17.53,17.53,17.53,17.53,200,2021-06-22 18:06:00,TBPH
17.52,17.52,17.47,17.47,1521,2021-06-22 18:08:00,TBPH
17.46,17.46,17.46,17.46,300,2021-06-22 18:09:00,TBPH
17.46,17.46,17.46,17.46,100,2021-06-22 18:10:00,TBPH
17.47,17.51,17.47,17.5005,2579,2021-06-22 18:11:00,TBPH
17.49,17.5,17.49,17.5,233,2021-06-22 18:12:00,TBPH
17.48,17.48,17.48,17.48,100,2021-06-22 18:16:00,TBPH
17.47,17.48,17.47,17.48,1100,2021-06-22 18:18:00,TBPH
17.45,17.47,17.45,17.47,649,2021-06-22 18:20:00,TBPH
17.475,17.475,17.475,17.475,100,2021-06-22 18:22:00,TBPH
17.475,17.475,17.475,17.475,100,2021-06-22 18:24:00,TBPH
17.49,17.49,17.485,17.485,1474,2021-06-22 18:25:00,TBPH
17.48,17.48,17.48,17.48,100,2021-06-22 18:27:00,TBPH
17.49,17.49,17.49,17.49,200,2021-06-22 18:29:00,TBPH
17.49,17.49,17.49,17.49,125,2021-06-22 18:33:00,TBPH
17.49,17.49,17.48,17.48,200,2021-06-22 18:34:00,TBPH
17.49,17.49,17.4701,17.475,541,2021-06-22 18:35:00,TBPH
17.48,17.48,17.48,17.48,251,2021-06-22 18:36:00,TBPH
17.48,17.48,17.48,17.48,100,2021-06-22 18:37:00,TBPH
17.48,17.48,17.48,17.48,1079,2021-06-22 18:39:00,TBPH
17.49,17.49,17.49,17.49,200,2021-06-22 18:40:00,TBPH
17.48,17.49,17.48,17.48,900,2021-06-22 18:42:00,TBPH
17.47,17.47,17.47,17.47,200,2021-06-22 18:43:00,TBPH
17.45,17.46,17.44,17.46,2402,2021-06-22 18:44:00,TBPH
17.47,17.47,17.47,17.47,100,2021-06-22 18:45:00,TBPH
17.47,17.47,17.47,17.47,100,2021-06-22 18:46:00,TBPH
17.47,17.49,17.47,17.49,1400,2021-06-22 18:48:00,TBPH
17.5,17.52,17.5,17.52,4000,2021-06-22 18:49:00,TBPH
17.52,17.52,17.52,17.52,100,2021-06-22 18:50:00,TBPH
17.52,17.52,17.5,17.5,1183,2021-06-22 18:51:00,TBPH
17.5,17.5,17.5,17.5,8517,2021-06-22 18:52:00,TBPH
17.5,17.51,17.5,17.51,608,2021-06-22 18:55:00,TBPH
17.5,17.5,17.5,17.5,400,2021-06-22 18:56:00,TBPH
17.49,17.5,17.49,17.5,366,2021-06-22 18:57:00,TBPH
17.49,17.49,17.49,17.49,400,2021-06-22 18:58:00,TBPH
17.475,17.475,17.475,17.475,251,2021-06-22 19:00:00,TBPH
17.46,17.51,17.46,17.475,17120,2021-06-22 19:01:00,TBPH
17.505,17.52,17.5,17.5,8483,2021-06-22 19:02:00,TBPH
17.505,17.52,17.49,17.49,13894,2021-06-22 19:03:00,TBPH
17.51,17.51,17.51,17.51,100,2021-06-22 19:04:00,TBPH
17.495,17.495,17.48,17.48,310,2021-06-22 19:06:00,TBPH
17.46,17.46,17.41,17.41,1250,2021-06-22 19:07:00,TBPH
17.42,17.42,17.415,17.42,2362,2021-06-22 19:08:00,TBPH
17.42,17.44,17.42,17.44,400,2021-06-22 19:09:00,TBPH
17.46,17.46,17.46,17.46,100,2021-06-22 19:10:00,TBPH
17.465,17.465,17.465,17.465,200,2021-06-22 19:11:00,TBPH
17.465,17.465,17.465,17.465,200,2021-06-22 19:12:00,TBPH
17.465,17.465,17.465,17.465,300,2021-06-22 19:13:00,TBPH
17.45,17.45,17.45,17.45,100,2021-06-22 19:14:00,TBPH
17.47,17.49,17.47,17.49,1300,2021-06-22 19:15:00,TBPH
17.49,17.53,17.49,17.51,18415,2021-06-22 19:16:00,TBPH
17.5,17.54,17.495,17.52,11100,2021-06-22 19:17:00,TBPH
17.48,17.5,17.48,17.5,300,2021-06-22 19:18:00,TBPH
17.5,17.5,17.5,17.5,100,2021-06-22 19:19:00,TBPH
17.48,17.52,17.48,17.51,13000,2021-06-22 19:21:00,TBPH
17.5,17.51,17.5,17.505,500,2021-06-22 19:25:00,TBPH
17.49,17.49,17.49,17.49,100,2021-06-22 19:26:00,TBPH
17.5,17.52,17.5,17.52,200,2021-06-22 19:27:00,TBPH
17.51,17.51,17.495,17.495,400,2021-06-22 19:29:00,TBPH
17.505,17.505,17.49,17.49,700,2021-06-22 19:30:00,TBPH
17.5,17.53,17.5,17.51,10372,2021-06-22 19:32:00,TBPH
17.51,17.51,17.51,17.51,100,2021-06-22 19:33:00,TBPH
17.49,17.52,17.49,17.52,1328,2021-06-22 19:34:00,TBPH
17.53,17.54,17.52,17.54,2801,2021-06-22 19:35:00,TBPH
17.525,17.525,17.51,17.51,2199,2021-06-22 19:36:00,TBPH
17.5,17.54,17.49,17.54,17304,2021-06-22 19:37:00,TBPH
17.48,17.48,17.45,17.46,700,2021-06-22 19:38:00,TBPH
17.44,17.47,17.44,17.47,2387,2021-06-22 19:39:00,TBPH
17.47,17.47,17.47,17.47,100,2021-06-22 19:40:00,TBPH
17.47,17.47,17.47,17.47,300,2021-06-22 19:41:00,TBPH
17.46,17.495,17.46,17.49,2100,2021-06-22 19:42:00,TBPH
17.49,17.49,17.49,17.49,299,2021-06-22 19:43:00,TBPH
17.49,17.495,17.48,17.495,6003,2021-06-22 19:45:00,TBPH
17.495,17.5,17.49,17.5,998,2021-06-22 19:46:00,TBPH
17.495,17.495,17.49,17.49,1100,2021-06-22 19:47:00,TBPH
17.48,17.48,17.47,17.47,500,2021-06-22 19:48:00,TBPH
17.47,17.47,17.47,17.47,400,2021-06-22 19:49:00,TBPH
17.47,17.475,17.41,17.45,11338,2021-06-22 19:50:00,TBPH
17.43,17.46,17.43,17.46,706,2021-06-22 19:52:00,TBPH
17.47,17.47,17.45,17.45,400,2021-06-22 19:53:00,TBPH
17.45,17.47,17.45,17.45,14633,2021-06-22 19:54:00,TBPH
17.44,17.45,17.44,17.44,1068,2021-06-22 19:55:00,TBPH
17.445,17.45,17.44,17.445,1266,2021-06-22 19:56:00,TBPH
17.45,17.49,17.44,17.48,33674,2021-06-22 19:57:00,TBPH
17.475,17.49,17.445,17.45,5608,2021-06-22 19:58:00,TBPH
17.445,17.46,17.44,17.44,20505,2021-06-22 19:59:00,TBPH
17.45,17.45,17.45,17.45,76497,2021-06-22 20:00:00,TBPH
17.52,17.52,17.52,17.52,1994,2021-06-23 13:30:00,TBPH
17.62,17.69,17.62,17.69,200,2021-06-23 13:38:00,TBPH
17.7,17.7,17.7,17.7,300,2021-06-23 13:45:00,TBPH
17.69,17.69,17.69,17.69,383,2021-06-23 13:48:00,TBPH
17.64,17.7,17.64,17.6505,900,2021-06-23 13:52:00,TBPH
17.62,17.62,17.62,17.62,200,2021-06-23 13:53:00,TBPH
17.61,17.61,17.61,17.61,200,2021-06-23 13:58:00,TBPH
17.64,17.64,17.64,17.64,100,2021-06-23 13:59:00,TBPH
17.66,17.66,17.66,17.66,100,2021-06-23 14:02:00,TBPH
17.66,17.66,17.66,17.66,100,2021-06-23 14:03:00,TBPH
17.62,17.63,17.62,17.63,300,2021-06-23 14:06:00,TBPH
17.67,17.67,17.67,17.67,100,2021-06-23 14:10:00,TBPH
17.68,17.68,17.68,17.68,100,2021-06-23 14:11:00,TBPH
17.68,17.68,17.68,17.68,100,2021-06-23 14:12:00,TBPH
17.68,17.68,17.65,17.65,500,2021-06-23 14:13:00,TBPH
17.63,17.65,17.57,17.57,900,2021-06-23 14:15:00,TBPH
17.56,17.56,17.56,17.56,400,2021-06-23 14:16:00,TBPH
17.575,17.575,17.54,17.54,200,2021-06-23 14:18:00,TBPH
17.5,17.51,17.5,17.5,300,2021-06-23 14:21:00,TBPH
17.545,17.545,17.527,17.527,200,2021-06-23 14:22:00,TBPH
17.49,17.49,17.49,17.49,100,2021-06-23 14:25:00,TBPH
17.47,17.505,17.47,17.47,346,2021-06-23 14:27:00,TBPH
17.44,17.44,17.44,17.44,100,2021-06-23 14:28:00,TBPH
17.45,17.45,17.45,17.45,100,2021-06-23 14:32:00,TBPH
17.41,17.41,17.41,17.41,200,2021-06-23 14:33:00,TBPH
17.36,17.36,17.36,17.36,100,2021-06-23 14:39:00,TBPH
17.36,17.36,17.36,17.36,100,2021-06-23 14:40:00,TBPH
17.36,17.36,17.36,17.36,200,2021-06-23 14:41:00,TBPH
17.32,17.33,17.295,17.315,400,2021-06-23 14:44:00,TBPH
17.295,17.295,17.295,17.295,100,2021-06-23 14:46:00,TBPH
17.29,17.29,17.29,17.29,100,2021-06-23 14:50:00,TBPH
17.28,17.28,17.28,17.28,200,2021-06-23 14:51:00,TBPH
17.295,17.295,17.295,17.295,100,2021-06-23 14:52:00,TBPH
17.3,17.3,17.3,17.3,200,2021-06-23 14:56:00,TBPH
17.28,17.28,17.28,17.28,200,2021-06-23 14:57:00,TBPH
17.27,17.27,17.25,17.25,700,2021-06-23 14:58:00,TBPH
17.25,17.25,17.235,17.235,300,2021-06-23 14:59:00,TBPH
17.22,17.22,17.22,17.22,100,2021-06-23 15:01:00,TBPH
17.21,17.21,17.21,17.21,100,2021-06-23 15:02:00,TBPH
17.21,17.21,17.21,17.21,200,2021-06-23 15:03:00,TBPH
17.14,17.14,17.14,17.14,100,2021-06-23 15:06:00,TBPH
17.19,17.19,17.19,17.19,600,2021-06-23 15:07:00,TBPH
17.165,17.165,17.165,17.165,100,2021-06-23 15:08:00,TBPH
17.19,17.19,17.19,17.19,100,2021-06-23 15:10:00,TBPH
17.25,17.25,17.23,17.25,400,2021-06-23 15:14:00,TBPH
17.28,17.28,17.28,17.28,100,2021-06-23 15:16:00,TBPH
17.25,17.25,17.25,17.25,100,2021-06-23 15:20:00,TBPH
17.28,17.28,17.24,17.24,400,2021-06-23 15:21:00,TBPH
17.15,17.15,17.15,17.15,100,2021-06-23 15:26:00,TBPH
17.165,17.165,17.1525,17.1525,300,2021-06-23 15:28:00,TBPH
17.15,17.15,17.15,17.15,200,2021-06-23 15:30:00,TBPH
17.17,17.17,17.17,17.17,100,2021-06-23 15:34:00,TBPH
17.14,17.14,17.14,17.14,100,2021-06-23 15:35:00,TBPH
17.13,17.13,17.13,17.13,100,2021-06-23 15:36:00,TBPH
17.14,17.14,17.13,17.13,200,2021-06-23 15:39:00,TBPH
17.15,17.155,17.15,17.155,200,2021-06-23 15:42:00,TBPH
17.12,17.12,17.08,17.08,914,2021-06-23 15:43:00,TBPH
17.06,17.06,17.06,17.06,100,2021-06-23 15:45:00,TBPH
17.08,17.08,17.06,17.06,700,2021-06-23 15:46:00,TBPH
17.04,17.04,17.04,17.04,100,2021-06-23 15:48:00,TBPH
17.0786,17.0786,17.0786,17.0786,754,2021-06-23 15:51:00,TBPH
17.08,17.105,17.08,17.105,800,2021-06-23 15:52:00,TBPH
17.09,17.09,17.09,17.09,200,2021-06-23 15:53:00,TBPH
17.08,17.08,17.08,17.08,200,2021-06-23 15:57:00,TBPH
17.08,17.13,17.08,17.13,967,2021-06-23 15:59:00,TBPH
17.12,17.13,17.12,17.13,300,2021-06-23 16:01:00,TBPH
17.12,17.12,17.12,17.12,100,2021-06-23 16:02:00,TBPH
17.13,17.13,17.13,17.13,100,2021-06-23 16:04:00,TBPH
17.125,17.125,17.125,17.125,100,2021-06-23 16:05:00,TBPH
17.13,17.13,17.13,17.13,100,2021-06-23 16:07:00,TBPH
17.13,17.13,17.13,17.13,100,2021-06-23 16:08:00,TBPH
17.1,17.1,17.1,17.1,100,2021-06-23 16:09:00,TBPH
17.125,17.125,17.125,17.125,200,2021-06-23 16:11:00,TBPH
17.125,17.125,17.125,17.125,100,2021-06-23 16:13:00,TBPH
17.11,17.11,17.11,17.11,100,2021-06-23 16:18:00,TBPH
17.11,17.11,17.11,17.11,100,2021-06-23 16:20:00,TBPH
17.1,17.1,17.1,17.1,499,2021-06-23 16:21:00,TBPH
17.09,17.09,17.09,17.09,100,2021-06-23 16:24:00,TBPH
17.06,17.06,17.06,17.06,100,2021-06-23 16:29:00,TBPH
17.08,17.08,17.06,17.06,200,2021-06-23 16:31:00,TBPH
17.09,17.09,17.08,17.08,600,2021-06-23 16:36:00,TBPH
17.07,17.07,17.07,17.07,393,2021-06-23 16:37:00,TBPH
17.06,17.06,17.06,17.06,100,2021-06-23 16:38:00,TBPH
17.029,17.029,17.029,17.029,100,2021-06-23 16:39:00,TBPH
17.04,17.04,17.04,17.04,100,2021-06-23 16:41:00,TBPH
17.04,17.05,17.04,17.04,500,2021-06-23 16:44:00,TBPH
17.03,17.03,17.03,17.03,100,2021-06-23 16:48:00,TBPH
17.055,17.055,17.055,17.055,100,2021-06-23 16:49:00,TBPH
17.05,17.05,17.03,17.03,300,2021-06-23 16:57:00,TBPH
17.03,17.03,17.03,17.03,200,2021-06-23 16:58:00,TBPH
17.01,17.01,17.01,17.01,408,2021-06-23 17:03:00,TBPH
17.01,17.02,17.01,17.02,200,2021-06-23 17:04:00,TBPH
17.0,17.0,16.95,16.95,687,2021-06-23 17:07:00,TBPH
16.92,16.92,16.92,16.92,200,2021-06-23 17:19:00,TBPH
16.96,16.96,16.96,16.96,200,2021-06-23 17:24:00,TBPH
16.97,16.99,16.97,16.99,500,2021-06-23 17:26:00,TBPH
16.98,17.0,16.98,17.0,294,2021-06-23 17:31:00,TBPH
16.98,16.98,16.96,16.96,400,2021-06-23 17:32:00,TBPH
16.97,16.97,16.97,16.97,100,2021-06-23 17:34:00,TBPH
16.98,16.98,16.98,16.98,100,2021-06-23 17:35:00,TBPH
16.99,16.99,16.99,16.99,200,2021-06-23 17:38:00,TBPH
16.995,16.995,16.995,16.995,100,2021-06-23 17:44:00,TBPH
17.01,17.01,17.01,17.01,100,2021-06-23 17:45:00,TBPH
17.01,17.01,17.01,17.01,100,2021-06-23 17:48:00,TBPH
17.045,17.045,17.045,17.045,100,2021-06-23 17:51:00,TBPH
17.05,17.05,17.05,17.05,100,2021-06-23 17:53:00,TBPH
17.05,17.05,17.05,17.05,100,2021-06-23 17:54:00,TBPH
17.07,17.07,17.05,17.06,1300,2021-06-23 17:56:00,TBPH
17.05,17.05,17.03,17.03,600,2021-06-23 17:58:00,TBPH
17.035,17.035,17.035,17.035,100,2021-06-23 18:08:00,TBPH
17.01,17.01,17.0,17.0,433,2021-06-23 18:14:00,TBPH
16.99,16.99,16.99,16.99,100,2021-06-23 18:15:00,TBPH
16.95,16.955,16.95,16.955,300,2021-06-23 18:16:00,TBPH
16.93,16.93,16.93,16.93,100,2021-06-23 18:17:00,TBPH
16.91,16.91,16.91,16.91,200,2021-06-23 18:19:00,TBPH
16.88,16.88,16.87,16.87,200,2021-06-23 18:20:00,TBPH
16.86,16.86,16.85,16.85,400,2021-06-23 18:22:00,TBPH
16.86,16.89,16.85,16.89,900,2021-06-23 18:23:00,TBPH
16.845,16.845,16.845,16.845,100,2021-06-23 18:24:00,TBPH
16.845,16.845,16.81,16.82,300,2021-06-23 18:25:00,TBPH
16.82,16.82,16.82,16.82,100,2021-06-23 18:26:00,TBPH
16.81,16.81,16.81,16.81,100,2021-06-23 18:27:00,TBPH
16.8,16.82,16.8,16.82,200,2021-06-23 18:29:00,TBPH
16.8,16.8,16.8,16.8,100,2021-06-23 18:30:00,TBPH
16.79,16.79,16.79,16.79,200,2021-06-23 18:31:00,TBPH
16.82,16.82,16.82,16.82,100,2021-06-23 18:32:00,TBPH
16.83,16.83,16.78,16.78,472,2021-06-23 18:33:00,TBPH
16.75,16.75,16.73,16.73,470,2021-06-23 18:34:00,TBPH
16.78,16.8,16.78,16.8,200,2021-06-23 18:35:00,TBPH
16.81,16.82,16.81,16.82,600,2021-06-23 18:36:00,TBPH
16.8,16.8,16.795,16.795,300,2021-06-23 18:37:00,TBPH
16.81,16.81,16.8025,16.8025,200,2021-06-23 18:38:00,TBPH
16.81,16.81,16.81,16.81,100,2021-06-23 18:39:00,TBPH
16.82,16.82,16.82,16.82,200,2021-06-23 18:41:00,TBPH
16.81,16.82,16.81,16.82,200,2021-06-23 18:42:00,TBPH
16.82,16.82,16.82,16.82,100,2021-06-23 18:44:00,TBPH
16.8,16.83,16.8,16.82,300,2021-06-23 18:46:00,TBPH
16.815,16.83,16.815,16.83,200,2021-06-23 18:50:00,TBPH
16.82,16.84,16.82,16.84,900,2021-06-23 18:52:00,TBPH
16.855,16.855,16.84,16.84,1100,2021-06-23 18:53:00,TBPH
16.805,16.805,16.805,16.805,300,2021-06-23 18:55:00,TBPH
16.85,16.85,16.825,16.825,200,2021-06-23 18:59:00,TBPH
16.82,16.845,16.82,16.82,400,2021-06-23 19:01:00,TBPH
16.83,16.83,16.83,16.83,100,2021-06-23 19:04:00,TBPH
16.86,16.88,16.86,16.88,200,2021-06-23 19:05:00,TBPH
16.86,16.86,16.84,16.84,1100,2021-06-23 19:07:00,TBPH
16.83,16.83,16.83,16.83,100,2021-06-23 19:08:00,TBPH
16.85,16.85,16.85,16.85,200,2021-06-23 19:09:00,TBPH
16.88,16.92,16.88,16.92,300,2021-06-23 19:12:00,TBPH
16.88,16.88,16.88,16.88,562,2021-06-23 19:15:00,TBPH
16.875,16.875,16.86,16.86,300,2021-06-23 19:16:00,TBPH
16.84,16.84,16.84,16.84,200,2021-06-23 19:17:00,TBPH
16.87,16.87,16.86,16.86,300,2021-06-23 19:19:00,TBPH
16.85,16.85,16.85,16.85,300,2021-06-23 19:27:00,TBPH
16.84,16.855,16.83,16.83,1000,2021-06-23 19:29:00,TBPH
16.82,16.82,16.82,16.82,100,2021-06-23 19:30:00,TBPH
16.835,16.835,16.82,16.82,300,2021-06-23 19:31:00,TBPH
16.87,16.87,16.87,16.87,100,2021-06-23 19:32:00,TBPH
16.835,16.835,16.835,16.835,100,2021-06-23 19:34:00,TBPH
16.82,16.82,16.81,16.82,1300,2021-06-23 19:35:00,TBPH
16.82,16.82,16.76,16.78,900,2021-06-23 19:36:00,TBPH
16.76,16.76,16.73,16.73,600,2021-06-23 19:37:00,TBPH
16.72,16.77,16.7,16.77,4015,2021-06-23 19:38:00,TBPH
16.735,16.735,16.735,16.735,500,2021-06-23 19:39:00,TBPH
16.745,16.745,16.745,16.745,100,2021-06-23 19:40:00,TBPH
16.74,16.74,16.74,16.74,400,2021-06-23 19:41:00,TBPH
16.74,16.74,16.74,16.74,100,2021-06-23 19:42:00,TBPH
16.72,16.74,16.695,16.695,1693,2021-06-23 19:43:00,TBPH
16.695,16.71,16.695,16.71,400,2021-06-23 19:44:00,TBPH
16.71,16.72,16.7,16.7,500,2021-06-23 19:45:00,TBPH
16.69,16.7,16.69,16.7,965,2021-06-23 19:47:00,TBPH
16.71,16.72,16.7,16.7,2760,2021-06-23 19:49:00,TBPH
16.69,16.7,16.69,16.69,500,2021-06-23 19:50:00,TBPH
16.69,16.69,16.68,16.69,600,2021-06-23 19:51:00,TBPH
16.69,16.7,16.69,16.7,600,2021-06-23 19:52:00,TBPH
16.71,16.71,16.71,16.71,200,2021-06-23 19:53:00,TBPH
16.69,16.7,16.69,16.7,1680,2021-06-23 19:54:00,TBPH
16.7,16.7,16.6823,16.69,1569,2021-06-23 19:55:00,TBPH
16.7,16.7,16.6923,16.7,1389,2021-06-23 19:56:00,TBPH
16.7,16.7,16.69,16.7,2515,2021-06-23 19:57:00,TBPH
16.69,16.7,16.69,16.69,1599,2021-06-23 19:58:00,TBPH
16.68,16.68,16.62,16.66,6678,2021-06-23 19:59:00,TBPH
16.65,16.65,16.65,16.65,52258,2021-06-23 20:00:00,TBPH
16.65,16.65,16.65,16.65,669,2021-06-23 20:01:00,TBPH
16.73,16.73,16.73,16.73,2386,2021-06-24 13:30:00,TBPH
16.75,16.77,16.73,16.73,2115,2021-06-24 13:31:00,TBPH
16.72,16.72,16.72,16.72,100,2021-06-24 13:32:00,TBPH
16.75,16.75,16.75,16.75,342,2021-06-24 13:33:00,TBPH
16.8,16.81,16.8,16.81,364,2021-06-24 13:34:00,TBPH
16.89,16.89,16.81,16.81,600,2021-06-24 13:35:00,TBPH
16.86,16.86,16.86,16.86,100,2021-06-24 13:36:00,TBPH
16.86,16.89,16.86,16.89,600,2021-06-24 13:37:00,TBPH
16.92,16.97,16.89,16.92,1418,2021-06-24 13:38:00,TBPH
17.0,17.01,17.0,17.01,600,2021-06-24 13:40:00,TBPH
17.03,17.03,16.99,17.0,780,2021-06-24 13:41:00,TBPH
17.005,17.005,17.005,17.005,550,2021-06-24 13:42:00,TBPH
17.025,17.025,17.025,17.025,900,2021-06-24 13:44:00,TBPH
17.03,17.055,17.03,17.055,1384,2021-06-24 13:45:00,TBPH
17.065,17.075,17.065,17.075,500,2021-06-24 13:46:00,TBPH
17.075,17.075,17.07,17.075,1000,2021-06-24 13:47:00,TBPH
17.075,17.075,17.075,17.075,300,2021-06-24 13:48:00,TBPH
17.075,17.075,17.03,17.03,2843,2021-06-24 13:49:00,TBPH
17.05,17.06,17.05,17.05,936,2021-06-24 13:50:00,TBPH
17.03,17.03,16.98,17.01,1002,2021-06-24 13:51:00,TBPH
16.95,16.95,16.95,16.95,200,2021-06-24 13:52:00,TBPH
16.935,16.935,16.92,16.92,842,2021-06-24 13:53:00,TBPH
16.9,16.92,16.9,16.92,643,2021-06-24 13:54:00,TBPH
16.87,16.885,16.75,16.77,2243,2021-06-24 13:55:00,TBPH
16.79,16.84,16.79,16.83,1605,2021-06-24 13:56:00,TBPH
16.78,16.8,16.77,16.8,7834,2021-06-24 13:59:00,TBPH
16.77,16.77,16.73,16.73,1822,2021-06-24 14:01:00,TBPH
16.73,16.73,16.73,16.73,1068,2021-06-24 14:02:00,TBPH
16.76,16.77,16.76,16.77,791,2021-06-24 14:03:00,TBPH
16.77,16.77,16.76,16.76,600,2021-06-24 14:04:00,TBPH
16.765,16.77,16.765,16.765,1292,2021-06-24 14:05:00,TBPH
16.79,16.79,16.78,16.78,1041,2021-06-24 14:06:00,TBPH
16.81,16.81,16.81,16.81,719,2021-06-24 14:07:00,TBPH
16.78,16.78,16.78,16.78,1300,2021-06-24 14:08:00,TBPH
16.78,16.78,16.78,16.78,297,2021-06-24 14:09:00,TBPH
16.81,16.82,16.81,16.82,674,2021-06-24 14:10:00,TBPH
16.805,16.805,16.805,16.805,300,2021-06-24 14:11:00,TBPH
16.805,16.805,16.805,16.805,200,2021-06-24 14:12:00,TBPH
16.805,16.805,16.805,16.805,300,2021-06-24 14:13:00,TBPH
16.81,16.81,16.81,16.81,300,2021-06-24 14:14:00,TBPH
16.815,16.815,16.8,16.8,1007,2021-06-24 14:15:00,TBPH
16.82,16.82,16.82,16.82,100,2021-06-24 14:16:00,TBPH
16.83,16.9,16.83,16.9,1100,2021-06-24 14:17:00,TBPH
16.9,16.9,16.86,16.86,900,2021-06-24 14:18:00,TBPH
16.88,16.88,16.86,16.86,800,2021-06-24 14:20:00,TBPH
16.88,16.88,16.88,16.88,500,2021-06-24 14:21:00,TBPH
16.88,16.88,16.88,16.88,351,2021-06-24 14:22:00,TBPH
16.88,16.9,16.88,16.9,600,2021-06-24 14:23:00,TBPH
16.91,17.02,16.91,17.02,1003,2021-06-24 14:24:00,TBPH
17.03,17.0425,17.03,17.0425,800,2021-06-24 14:25:00,TBPH
17.03,17.03,17.01,17.01,923,2021-06-24 14:26:00,TBPH
17.01,17.01,16.99,17.0,1753,2021-06-24 14:27:00,TBPH
16.99,16.99,16.99,16.99,602,2021-06-24 14:28:00,TBPH
16.98,16.98,16.98,16.98,100,2021-06-24 14:29:00,TBPH
16.98,16.98,16.98,16.98,100,2021-06-24 14:30:00,TBPH
16.97,16.97,16.97,16.97,200,2021-06-24 14:31:00,TBPH
16.97,16.97,16.97,16.97,200,2021-06-24 14:32:00,TBPH
16.97,16.97,16.97,16.97,317,2021-06-24 14:33:00,TBPH
16.93,16.93,16.91,16.91,200,2021-06-24 14:34:00,TBPH
16.915,16.92,16.9,16.9,800,2021-06-24 14:35:00,TBPH
16.89,16.89,16.89,16.89,403,2021-06-24 14:36:00,TBPH
16.89,16.89,16.875,16.875,300,2021-06-24 14:37:00,TBPH
16.875,16.875,16.875,16.875,200,2021-06-24 14:38:00,TBPH
16.875,16.875,16.875,16.875,100,2021-06-24 14:39:00,TBPH
16.87,16.87,16.87,16.87,231,2021-06-24 14:40:00,TBPH
16.87,16.87,16.87,16.87,300,2021-06-24 14:41:00,TBPH
16.86,16.86,16.82,16.84,1100,2021-06-24 14:42:00,TBPH
16.83,16.83,16.83,16.83,200,2021-06-24 14:43:00,TBPH
16.83,16.83,16.83,16.83,255,2021-06-24 14:44:00,TBPH
16.82,16.82,16.82,16.82,400,2021-06-24 14:45:00,TBPH
16.81,16.81,16.81,16.81,407,2021-06-24 14:46:00,TBPH
16.81,16.81,16.79,16.79,884,2021-06-24 14:48:00,TBPH
16.8,16.8,16.795,16.795,546,2021-06-24 14:50:00,TBPH
16.8,16.84,16.8,16.84,1988,2021-06-24 14:51:00,TBPH
16.88,16.88,16.88,16.88,100,2021-06-24 14:53:00,TBPH
16.88,16.9,16.88,16.9,756,2021-06-24 14:54:00,TBPH
16.95,16.95,16.93,16.95,304,2021-06-24 14:56:00,TBPH
16.94,16.95,16.94,16.95,209,2021-06-24 14:57:00,TBPH
16.95,17.02,16.95,17.0,1572,2021-06-24 14:58:00,TBPH
17.0,17.005,17.0,17.005,300,2021-06-24 14:59:00,TBPH
17.005,17.005,17.005,17.005,300,2021-06-24 15:00:00,TBPH
17.005,17.005,16.98,16.985,820,2021-06-24 15:01:00,TBPH
16.985,16.985,16.985,16.985,400,2021-06-24 15:02:00,TBPH
16.985,16.985,16.97,16.97,500,2021-06-24 15:03:00,TBPH
16.97,16.97,16.97,16.97,200,2021-06-24 15:04:00,TBPH
16.96,16.96,16.935,16.935,1201,2021-06-24 15:05:00,TBPH
16.92,16.92,16.9,16.9,379,2021-06-24 15:06:00,TBPH
16.89,16.89,16.89,16.89,100,2021-06-24 15:07:00,TBPH
16.88,16.88,16.88,16.88,211,2021-06-24 15:08:00,TBPH
16.88,16.88,16.86,16.875,1419,2021-06-24 15:09:00,TBPH
16.89,16.89,16.89,16.89,100,2021-06-24 15:10:00,TBPH
16.86,16.86,16.86,16.86,100,2021-06-24 15:12:00,TBPH
16.86,16.86,16.81,16.83,600,2021-06-24 15:13:00,TBPH
16.825,16.825,16.795,16.795,700,2021-06-24 15:14:00,TBPH
16.795,16.81,16.795,16.81,934,2021-06-24 15:17:00,TBPH
16.81,16.81,16.81,16.81,176,2021-06-24 15:19:00,TBPH
16.81,16.82,16.8,16.82,405,2021-06-24 15:20:00,TBPH
16.81,16.82,16.8,16.8,403,2021-06-24 15:21:00,TBPH
16.805,16.82,16.805,16.82,300,2021-06-24 15:22:00,TBPH
16.82,16.82,16.8,16.82,400,2021-06-24 15:23:00,TBPH
16.82,16.825,16.81,16.825,800,2021-06-24 15:24:00,TBPH
16.825,16.865,16.825,16.865,3610,2021-06-24 15:25:00,TBPH
16.87,16.87,16.87,16.87,200,2021-06-24 15:26:00,TBPH
16.875,16.89,16.86,16.89,900,2021-06-24 15:27:00,TBPH
16.885,16.89,16.87,16.87,2202,2021-06-24 15:28:00,TBPH
16.87,16.88,16.85,16.88,1635,2021-06-24 15:29:00,TBPH
16.86,16.86,16.86,16.86,200,2021-06-24 15:30:00,TBPH
16.86,16.87,16.86,16.86,500,2021-06-24 15:31:00,TBPH
16.86,16.86,16.86,16.86,100,2021-06-24 15:32:00,TBPH
16.86,16.86,16.86,16.86,300,2021-06-24 15:33:00,TBPH
16.86,16.86,16.86,16.86,300,2021-06-24 15:34:00,TBPH
16.855,16.855,16.855,16.855,300,2021-06-24 15:35:00,TBPH
16.855,16.855,16.855,16.855,400,2021-06-24 15:36:00,TBPH
16.855,16.855,16.855,16.855,200,2021-06-24 15:37:00,TBPH
16.855,16.855,16.855,16.855,200,2021-06-24 15:38:00,TBPH
16.84,16.855,16.84,16.855,792,2021-06-24 15:39:00,TBPH
16.855,16.855,16.855,16.855,300,2021-06-24 15:40:00,TBPH
16.855,16.855,16.855,16.855,300,2021-06-24 15:41:00,TBPH
16.855,16.855,16.855,16.855,400,2021-06-24 15:42:00,TBPH
16.855,16.855,16.855,16.855,429,2021-06-24 15:43:00,TBPH
16.855,16.855,16.855,16.855,300,2021-06-24 15:44:00,TBPH
16.855,16.855,16.855,16.855,300,2021-06-24 15:45:00,TBPH
16.855,16.855,16.84,16.855,470,2021-06-24 15:46:00,TBPH
16.855,16.855,16.83,16.83,1100,2021-06-24 15:47:00,TBPH
16.83,16.84,16.83,16.83,700,2021-06-24 15:48:00,TBPH
16.83,16.85,16.83,16.85,2606,2021-06-24 15:49:00,TBPH
16.83,16.85,16.83,16.85,300,2021-06-24 15:50:00,TBPH
16.85,16.85,16.85,16.85,100,2021-06-24 15:51:00,TBPH
16.84,16.84,16.83,16.83,600,2021-06-24 15:52:00,TBPH
16.82,16.82,16.78,16.78,2198,2021-06-24 15:53:00,TBPH
16.78,16.795,16.78,16.795,446,2021-06-24 15:54:00,TBPH
16.795,16.795,16.795,16.795,100,2021-06-24 15:55:00,TBPH
16.795,16.795,16.795,16.795,346,2021-06-24 15:56:00,TBPH
16.795,16.795,16.795,16.795,497,2021-06-24 15:57:00,TBPH
16.795,16.795,16.795,16.795,346,2021-06-24 15:58:00,TBPH
16.795,16.795,16.795,16.795,422,2021-06-24 15:59:00,TBPH
16.78,16.79,16.78,16.78,1203,2021-06-24 16:00:00,TBPH
16.79,16.79,16.79,16.79,100,2021-06-24 16:01:00,TBPH
16.79,16.79,16.79,16.79,520,2021-06-24 16:02:00,TBPH
16.79,16.79,16.78,16.78,422,2021-06-24 16:03:00,TBPH
16.8,16.82,16.8,16.82,1600,2021-06-24 16:04:00,TBPH
16.82,16.855,16.82,16.855,1542,2021-06-24 16:05:00,TBPH
16.855,16.855,16.855,16.855,646,2021-06-24 16:06:00,TBPH
16.855,16.855,16.855,16.855,400,2021-06-24 16:07:00,TBPH
16.855,16.855,16.84,16.84,400,2021-06-24 16:08:00,TBPH
16.855,16.855,16.84,16.845,900,2021-06-24 16:09:00,TBPH
16.83,16.83,16.82,16.82,1600,2021-06-24 16:10:00,TBPH
16.82,16.82,16.82,16.82,400,2021-06-24 16:11:00,TBPH
16.82,16.82,16.82,16.82,200,2021-06-24 16:12:00,TBPH
16.82,16.82,16.81,16.81,286,2021-06-24 16:14:00,TBPH
16.81,16.81,16.81,16.81,363,2021-06-24 16:15:00,TBPH
16.81,16.81,16.81,16.81,200,2021-06-24 16:16:00,TBPH
16.81,16.82,16.81,16.82,200,2021-06-24 16:17:00,TBPH
16.81,16.81,16.81,16.81,500,2021-06-24 16:18:00,TBPH
16.8,16.8,16.8,16.8,200,2021-06-24 16:20:00,TBPH
16.8,16.8,16.8,16.8,200,2021-06-24 16:21:00,TBPH
16.81,16.81,16.805,16.805,804,2021-06-24 16:22:00,TBPH
16.8,16.81,16.8,16.805,481,2021-06-24 16:23:00,TBPH
16.8,16.8,16.8,16.8,100,2021-06-24 16:24:00,TBPH
16.8,16.8,16.8,16.8,500,2021-06-24 16:25:00,TBPH
16.805,16.81,16.8,16.81,635,2021-06-24 16:26:00,TBPH
16.815,16.815,16.81,16.81,300,2021-06-24 16:27:00,TBPH
16.805,16.805,16.805,16.805,200,2021-06-24 16:28:00,TBPH
16.8,16.81,16.8,16.8,1011,2021-06-24 16:29:00,TBPH
16.8,16.8,16.8,16.8,421,2021-06-24 16:30:00,TBPH
16.8,16.81,16.8,16.81,864,2021-06-24 16:32:00,TBPH
16.82,16.82,16.81,16.81,600,2021-06-24 16:33:00,TBPH
16.83,16.84,16.82,16.83,671,2021-06-24 16:34:00,TBPH
16.83,16.83,16.83,16.83,300,2021-06-24 16:36:00,TBPH
16.83,16.83,16.83,16.83,200,2021-06-24 16:37:00,TBPH
16.84,16.845,16.83,16.845,900,2021-06-24 16:38:00,TBPH
16.855,16.855,16.855,16.855,433,2021-06-24 16:39:00,TBPH
16.855,16.87,16.855,16.87,500,2021-06-24 16:40:00,TBPH
16.855,16.87,16.855,16.865,1120,2021-06-24 16:41:00,TBPH
16.885,16.9,16.88,16.9,600,2021-06-24 16:43:00,TBPH
16.9,16.98,16.9,16.98,1082,2021-06-24 16:44:00,TBPH
16.99,16.99,16.99,16.99,100,2021-06-24 16:45:00,TBPH
16.975,17.0,16.975,16.985,898,2021-06-24 16:46:00,TBPH
16.985,16.985,16.985,16.985,300,2021-06-24 16:47:00,TBPH
16.99,16.99,16.98,16.985,1000,2021-06-24 16:48:00,TBPH
16.97,16.97,16.96,16.96,2402,2021-06-24 16:49:00,TBPH
16.95,16.95,16.94,16.94,1431,2021-06-24 16:50:00,TBPH
16.94,16.94,16.92,16.92,500,2021-06-24 16:51:00,TBPH
16.92,16.92,16.91,16.92,556,2021-06-24 16:52:00,TBPH
16.9,16.915,16.9,16.915,416,2021-06-24 16:53:00,TBPH
16.915,16.915,16.915,16.915,600,2021-06-24 16:54:00,TBPH
16.91,16.91,16.88,16.88,670,2021-06-24 16:55:00,TBPH
16.87,16.87,16.85,16.85,600,2021-06-24 16:56:00,TBPH
16.85,16.85,16.85,16.85,600,2021-06-24 16:58:00,TBPH
16.845,16.845,16.845,16.845,300,2021-06-24 16:59:00,TBPH
16.83,16.83,16.82,16.825,424,2021-06-24 17:00:00,TBPH
16.82,16.82,16.82,16.82,100,2021-06-24 17:01:00,TBPH
16.81,16.81,16.81,16.81,100,2021-06-24 17:02:00,TBPH
16.815,16.815,16.81,16.81,319,2021-06-24 17:03:00,TBPH
16.81,16.81,16.81,16.81,226,2021-06-24 17:04:00,TBPH
16.8,16.8,16.8,16.8,600,2021-06-24 17:05:00,TBPH
16.8,16.8,16.8,16.8,603,2021-06-24 17:06:00,TBPH
16.8,16.84,16.8,16.84,1446,2021-06-24 17:07:00,TBPH
16.83,16.83,16.83,16.83,700,2021-06-24 17:08:00,TBPH
16.83,16.83,16.83,16.83,200,2021-06-24 17:09:00,TBPH
16.82,16.82,16.82,16.82,100,2021-06-24 17:10:00,TBPH
16.81,16.81,16.8,16.8,949,2021-06-24 17:11:00,TBPH
16.8,16.8,16.8,16.8,422,2021-06-24 17:12:00,TBPH
16.81,16.81,16.81,16.81,438,2021-06-24 17:13:00,TBPH
16.81,16.82,16.81,16.82,331,2021-06-24 17:14:00,TBPH
16.82,16.82,16.82,16.82,300,2021-06-24 17:16:00,TBPH
16.82,16.82,16.82,16.82,400,2021-06-24 17:17:00,TBPH
16.82,16.82,16.82,16.82,200,2021-06-24 17:18:00,TBPH
16.82,16.82,16.81,16.815,600,2021-06-24 17:19:00,TBPH
16.815,16.815,16.815,16.815,446,2021-06-24 17:20:00,TBPH
16.815,16.815,16.815,16.815,322,2021-06-24 17:21:00,TBPH
16.83,16.83,16.83,16.83,100,2021-06-24 17:22:00,TBPH
16.825,16.825,16.81,16.825,1000,2021-06-24 17:23:00,TBPH
16.825,16.825,16.825,16.825,200,2021-06-24 17:24:00,TBPH
16.825,16.86,16.825,16.86,1200,2021-06-24 17:26:00,TBPH
16.86,16.87,16.85,16.87,500,2021-06-24 17:27:00,TBPH
16.87,16.87,16.855,16.855,300,2021-06-24 17:28:00,TBPH
16.87,16.87,16.855,16.87,975,2021-06-24 17:29:00,TBPH
16.89,16.94,16.89,16.92,1000,2021-06-24 17:30:00,TBPH
16.92,16.93,16.92,16.93,400,2021-06-24 17:31:00,TBPH
16.92,16.93,16.87,16.87,3297,2021-06-24 17:32:00,TBPH
16.87,16.87,16.86,16.86,600,2021-06-24 17:33:00,TBPH
16.86,16.86,16.85,16.85,300,2021-06-24 17:34:00,TBPH
16.85,16.85,16.82,16.82,2026,2021-06-24 17:35:00,TBPH
16.84,16.87,16.84,16.87,916,2021-06-24 17:36:00,TBPH
16.875,16.875,16.875,16.875,300,2021-06-24 17:38:00,TBPH
16.875,16.875,16.875,16.875,200,2021-06-24 17:39:00,TBPH
16.87,16.87,16.85,16.85,798,2021-06-24 17:40:00,TBPH
16.86,16.86,16.84,16.84,300,2021-06-24 17:41:00,TBPH
16.84,16.84,16.84,16.84,100,2021-06-24 17:42:00,TBPH
16.83,16.83,16.82,16.82,204,2021-06-24 17:43:00,TBPH
16.82,16.84,16.82,16.84,939,2021-06-24 17:44:00,TBPH
16.84,16.86,16.84,16.86,849,2021-06-24 17:45:00,TBPH
16.85,16.85,16.85,16.85,100,2021-06-24 17:46:00,TBPH
16.85,16.85,16.83,16.83,1100,2021-06-24 17:47:00,TBPH
16.83,16.83,16.82,16.82,300,2021-06-24 17:48:00,TBPH
16.82,16.82,16.81,16.81,200,2021-06-24 17:49:00,TBPH
16.81,16.81,16.81,16.81,100,2021-06-24 17:50:00,TBPH
16.81,16.845,16.81,16.845,1201,2021-06-24 17:51:00,TBPH
16.845,16.85,16.845,16.85,300,2021-06-24 17:52:00,TBPH
16.85,16.85,16.85,16.85,900,2021-06-24 17:53:00,TBPH
16.85,16.85,16.835,16.84,811,2021-06-24 17:54:00,TBPH
16.83,16.83,16.82,16.82,400,2021-06-24 17:55:00,TBPH
16.825,16.825,16.81,16.81,200,2021-06-24 17:56:00,TBPH
16.81,16.81,16.81,16.81,200,2021-06-24 17:57:00,TBPH
16.82,16.82,16.82,16.82,400,2021-06-24 17:58:00,TBPH
16.82,16.82,16.82,16.82,200,2021-06-24 17:59:00,TBPH
16.82,16.82,16.82,16.82,300,2021-06-24 18:00:00,TBPH
16.82,16.8425,16.82,16.835,1467,2021-06-24 18:01:00,TBPH
16.835,16.835,16.835,16.835,400,2021-06-24 18:02:00,TBPH
16.835,16.835,16.82,16.825,600,2021-06-24 18:03:00,TBPH
16.825,16.825,16.81,16.825,500,2021-06-24 18:04:00,TBPH
16.825,16.825,16.825,16.825,300,2021-06-24 18:05:00,TBPH
16.825,16.825,16.825,16.825,300,2021-06-24 18:06:00,TBPH
16.825,16.825,16.825,16.825,300,2021-06-24 18:07:00,TBPH
16.825,16.825,16.825,16.825,300,2021-06-24 18:08:00,TBPH
16.825,16.825,16.825,16.825,300,2021-06-24 18:09:00,TBPH
16.81,16.825,16.81,16.825,600,2021-06-24 18:10:00,TBPH
16.84,16.84,16.84,16.84,451,2021-06-24 18:11:00,TBPH
16.83,16.83,16.82,16.82,800,2021-06-24 18:12:00,TBPH
16.82,16.82,16.82,16.82,300,2021-06-24 18:13:00,TBPH
16.82,16.82,16.82,16.82,200,2021-06-24 18:14:00,TBPH
16.82,16.82,16.82,16.82,400,2021-06-24 18:15:00,TBPH
16.82,16.82,16.82,16.82,200,2021-06-24 18:16:00,TBPH
16.82,16.82,16.82,16.82,300,2021-06-24 18:17:00,TBPH
16.82,16.82,16.82,16.82,200,2021-06-24 18:18:00,TBPH
16.82,16.82,16.82,16.82,500,2021-06-24 18:19:00,TBPH
16.82,16.82,16.82,16.82,200,2021-06-24 18:20:00,TBPH
16.81,16.81,16.8,16.8,2530,2021-06-24 18:21:00,TBPH
16.805,16.805,16.8,16.8,300,2021-06-24 18:22:00,TBPH
16.79,16.81,16.79,16.805,1748,2021-06-24 18:23:00,TBPH
16.82,16.82,16.82,16.82,100,2021-06-24 18:24:00,TBPH
16.82,16.83,16.81,16.83,1902,2021-06-24 18:25:00,TBPH
16.83,16.83,16.815,16.815,346,2021-06-24 18:26:00,TBPH
16.815,16.815,16.815,16.815,300,2021-06-24 18:27:00,TBPH
16.82,16.82,16.81,16.815,700,2021-06-24 18:28:00,TBPH
16.815,16.815,16.815,16.815,300,2021-06-24 18:29:00,TBPH
16.815,16.815,16.815,16.815,300,2021-06-24 18:30:00,TBPH
16.815,16.815,16.8,16.8,512,2021-06-24 18:31:00,TBPH
16.815,16.815,16.8,16.8,903,2021-06-24 18:32:00,TBPH
16.805,16.81,16.79,16.8,783,2021-06-24 18:33:00,TBPH
16.8,16.8,16.8,16.8,400,2021-06-24 18:34:00,TBPH
16.8,16.8,16.8,16.8,507,2021-06-24 18:35:00,TBPH
16.8,16.815,16.8,16.815,822,2021-06-24 18:36:00,TBPH
16.83,16.83,16.83,16.83,700,2021-06-24 18:37:00,TBPH
16.825,16.825,16.825,16.825,200,2021-06-24 18:38:00,TBPH
16.83,16.84,16.81,16.825,700,2021-06-24 18:39:00,TBPH
16.825,16.825,16.81,16.81,200,2021-06-24 18:40:00,TBPH
16.81,16.81,16.81,16.81,500,2021-06-24 18:41:00,TBPH
16.82,16.84,16.81,16.825,531,2021-06-24 18:42:00,TBPH
16.84,16.84,16.825,16.825,600,2021-06-24 18:43:00,TBPH
16.825,16.825,16.825,16.825,200,2021-06-24 18:44:00,TBPH
16.83,16.83,16.825,16.825,300,2021-06-24 18:45:00,TBPH
16.83,16.835,16.825,16.835,800,2021-06-24 18:46:00,TBPH
16.84,16.9,16.83,16.875,2214,2021-06-24 18:47:00,TBPH
16.9,16.96,16.9,16.96,1309,2021-06-24 18:48:00,TBPH
16.96,16.96,16.92,16.935,1200,2021-06-24 18:49:00,TBPH
16.935,16.935,16.9,16.91,2829,2021-06-24 18:50:00,TBPH
16.9,16.925,16.9,16.925,516,2021-06-24 18:51:00,TBPH
16.915,16.92,16.915,16.92,300,2021-06-24 18:52:00,TBPH
16.92,16.92,16.92,16.92,215,2021-06-24 18:53:00,TBPH
16.92,16.95,16.91,16.95,1055,2021-06-24 18:54:00,TBPH
16.97,16.97,16.97,16.97,500,2021-06-24 18:55:00,TBPH
16.97,16.97,16.94,16.95,1201,2021-06-24 18:56:00,TBPH
16.95,16.96,16.95,16.96,716,2021-06-24 18:57:00,TBPH
16.95,16.95,16.94,16.94,910,2021-06-24 18:58:00,TBPH
16.94,16.945,16.94,16.94,300,2021-06-24 18:59:00,TBPH
16.93,16.93,16.93,16.93,200,2021-06-24 19:00:00,TBPH
16.92,16.935,16.92,16.935,200,2021-06-24 19:01:00,TBPH
16.92,16.92,16.92,16.92,300,2021-06-24 19:02:00,TBPH
16.92,16.92,16.92,16.92,100,2021-06-24 19:03:00,TBPH
16.92,16.93,16.92,16.92,833,2021-06-24 19:04:00,TBPH
16.92,16.92,16.92,16.92,474,2021-06-24 19:05:00,TBPH
16.915,16.915,16.91,16.91,200,2021-06-24 19:06:00,TBPH
16.9,16.9,16.9,16.9,275,2021-06-24 19:07:00,TBPH
16.9,16.91,16.9,16.9,500,2021-06-24 19:08:00,TBPH
16.9,16.9,16.9,16.9,200,2021-06-24 19:09:00,TBPH
16.9,16.93,16.895,16.93,1788,2021-06-24 19:10:00,TBPH
16.94,16.94,16.929,16.94,368,2021-06-24 19:11:00,TBPH
16.94,16.94,16.94,16.94,600,2021-06-24 19:12:00,TBPH
16.93,16.935,16.93,16.935,310,2021-06-24 19:13:00,TBPH
16.93,16.935,16.92,16.92,1400,2021-06-24 19:14:00,TBPH
16.94,16.94,16.92,16.93,721,2021-06-24 19:15:00,TBPH
16.92,16.93,16.92,16.92,500,2021-06-24 19:16:00,TBPH
16.925,16.925,16.9193,16.92,970,2021-06-24 19:17:00,TBPH
16.92,16.92,16.91,16.91,516,2021-06-24 19:18:00,TBPH
16.91,16.92,16.91,16.92,216,2021-06-24 19:19:00,TBPH
16.92,16.93,16.91,16.93,2280,2021-06-24 19:20:00,TBPH
16.93,16.93,16.93,16.93,500,2021-06-24 19:21:00,TBPH
16.93,16.93,16.92,16.93,500,2021-06-24 19:22:00,TBPH
16.925,16.925,16.92,16.92,400,2021-06-24 19:23:00,TBPH
16.92,16.92,16.915,16.92,400,2021-06-24 19:24:00,TBPH
16.92,16.92,16.91,16.91,1917,2021-06-24 19:25:00,TBPH
16.9,16.9,16.9,16.9,200,2021-06-24 19:26:00,TBPH
16.9,16.9,16.87,16.87,1300,2021-06-24 19:27:00,TBPH
16.87,16.885,16.87,16.88,1200,2021-06-24 19:28:00,TBPH
16.87,16.87,16.87,16.87,100,2021-06-24 19:29:00,TBPH
16.88,16.88,16.88,16.88,100,2021-06-24 19:30:00,TBPH
16.87,16.885,16.87,16.885,600,2021-06-24 19:31:00,TBPH
16.87,16.92,16.87,16.92,2443,2021-06-24 19:32:00,TBPH
16.92,16.92,16.92,16.92,314,2021-06-24 19:33:00,TBPH
16.92,16.92,16.91,16.91,717,2021-06-24 19:34:00,TBPH
16.92,16.92,16.91,16.91,500,2021-06-24 19:35:00,TBPH
16.91,16.92,16.91,16.92,1305,2021-06-24 19:36:00,TBPH
16.92,16.93,16.92,16.9275,1733,2021-06-24 19:37:00,TBPH
16.925,16.925,16.92,16.925,910,2021-06-24 19:38:00,TBPH
16.925,16.93,16.925,16.93,2600,2021-06-24 19:39:00,TBPH
16.94,16.95,16.94,16.95,903,2021-06-24 19:40:00,TBPH
16.99,16.99,16.975,16.98,400,2021-06-24 19:41:00,TBPH
16.97,17.0,16.97,16.98,705,2021-06-24 19:42:00,TBPH
17.0,17.0,17.0,17.0,200,2021-06-24 19:43:00,TBPH
17.0,17.07,17.0,17.055,1318,2021-06-24 19:44:00,TBPH
17.07,17.07,17.04,17.04,1197,2021-06-24 19:45:00,TBPH
17.05,17.06,17.05,17.06,417,2021-06-24 19:46:00,TBPH
17.05,17.07,17.05,17.05,920,2021-06-24 19:47:00,TBPH
17.06,17.06,17.05,17.05,421,2021-06-24 19:48:00,TBPH
17.05,17.06,17.04,17.04,400,2021-06-24 19:49:00,TBPH
17.05,17.14,17.05,17.14,6246,2021-06-24 19:50:00,TBPH
17.14,17.14,17.1,17.11,2817,2021-06-24 19:51:00,TBPH
17.1,17.1,17.03,17.03,5927,2021-06-24 19:52:00,TBPH
17.06,17.06,17.015,17.03,1200,2021-06-24 19:53:00,TBPH
17.04,17.07,17.02,17.07,1113,2021-06-24 19:54:00,TBPH
17.07,17.07,17.05,17.07,700,2021-06-24 19:55:00,TBPH
17.06,17.08,17.06,17.08,1100,2021-06-24 19:56:00,TBPH
17.08,17.09,17.07,17.075,2177,2021-06-24 19:57:00,TBPH
17.09,17.11,17.07,17.11,1398,2021-06-24 19:58:00,TBPH
17.11,17.13,17.08,17.11,8260,2021-06-24 19:59:00,TBPH
17.1,17.1,17.1,17.1,29773,2021-06-24 20:00:00,TBPH
17.1,17.1,17.1,17.1,34400,2021-06-24 20:02:00,TBPH
16.55,16.55,16.5,16.5,2428,2021-06-24 20:29:00,TBPH
15.99,16.1,15.99,16.1,2000,2021-06-24 20:30:00,TBPH
16.1,16.1,15.99,16.0,1197,2021-06-24 20:31:00,TBPH
16.0,16.0,16.0,16.0,1000,2021-06-24 20:32:00,TBPH
15.5,15.5,15.4,15.4,799,2021-06-24 20:35:00,TBPH
15.58,15.58,15.43,15.43,836,2021-06-24 20:38:00,TBPH
15.45,15.45,15.45,15.45,1000,2021-06-24 20:43:00,TBPH
15.45,15.45,15.37,15.37,300,2021-06-24 20:44:00,TBPH
15.42,15.45,15.42,15.45,200,2021-06-24 20:45:00,TBPH
15.45,15.45,15.45,15.45,200,2021-06-24 20:49:00,TBPH
15.35,15.35,15.26,15.26,1028,2021-06-24 20:51:00,TBPH
15.27,15.45,15.27,15.35,800,2021-06-24 20:52:00,TBPH
15.34,15.44,15.34,15.44,578,2021-06-24 20:55:00,TBPH
15.39,15.39,15.37,15.38,700,2021-06-24 20:56:00,TBPH
15.4,15.4,15.4,15.4,100,2021-06-24 20:57:00,TBPH
15.51,15.51,15.46,15.46,1284,2021-06-24 21:07:00,TBPH
15.48,15.48,15.48,15.48,300,2021-06-24 21:30:00,TBPH
15.63,15.63,15.63,15.63,200,2021-06-24 21:44:00,TBPH
15.63,15.63,15.63,15.63,400,2021-06-24 21:45:00,TBPH
15.68,15.7,15.68,15.68,2500,2021-06-24 22:09:00,TBPH
15.59,15.59,15.59,15.59,300,2021-06-24 22:13:00,TBPH
15.61,15.61,15.61,15.61,300,2021-06-24 22:42:00,TBPH
15.5,15.5,15.5,15.5,200,2021-06-24 22:49:00,TBPH
15.7,15.7,15.7,15.7,100,2021-06-25 08:04:00,TBPH
15.36,15.36,15.36,15.36,414,2021-06-25 08:15:00,TBPH
15.6,15.6,15.6,15.6,100,2021-06-25 08:23:00,TBPH
15.56,15.56,15.56,15.56,200,2021-06-25 09:02:00,TBPH
15.54,15.54,15.54,15.54,143,2021-06-25 09:27:00,TBPH
15.47,15.5,15.47,15.5,599,2021-06-25 09:58:00,TBPH
15.5,15.5,15.5,15.5,1000,2021-06-25 10:09:00,TBPH
15.51,15.51,15.5,15.5,600,2021-06-25 10:10:00,TBPH
15.53,15.53,15.53,15.53,100,2021-06-25 10:22:00,TBPH
15.55,15.55,15.55,15.55,100,2021-06-25 10:28:00,TBPH
15.47,15.47,15.47,15.47,100,2021-06-25 10:54:00,TBPH
15.47,15.47,15.47,15.47,200,2021-06-25 10:56:00,TBPH
15.47,15.47,15.47,15.47,346,2021-06-25 10:57:00,TBPH
15.47,15.47,15.47,15.47,162,2021-06-25 10:58:00,TBPH
15.48,15.54,15.48,15.54,1969,2021-06-25 11:00:00,TBPH
15.55,15.55,15.55,15.55,200,2021-06-25 11:07:00,TBPH
15.5,15.5,15.5,15.5,100,2021-06-25 11:10:00,TBPH
15.54,15.54,15.54,15.54,203,2021-06-25 11:35:00,TBPH
15.54,15.54,15.54,15.54,700,2021-06-25 11:37:00,TBPH
15.55,15.55,15.54,15.54,200,2021-06-25 11:38:00,TBPH
15.53,15.53,15.53,15.53,300,2021-06-25 11:45:00,TBPH
15.5,15.5,15.5,15.5,261,2021-06-25 11:50:00,TBPH
15.5,15.5,15.5,15.5,118,2021-06-25 11:52:00,TBPH
15.65,15.65,15.65,15.65,200,2021-06-25 12:24:00,TBPH
15.74,15.74,15.74,15.74,247,2021-06-25 12:30:00,TBPH
15.84,15.84,15.84,15.84,100,2021-06-25 12:37:00,TBPH
15.8,15.8,15.8,15.8,1100,2021-06-25 12:38:00,TBPH
15.72,15.72,15.7,15.71,2494,2021-06-25 12:39:00,TBPH
15.71,15.71,15.69,15.69,400,2021-06-25 12:40:00,TBPH
15.7,15.8,15.7,15.8,389,2021-06-25 12:41:00,TBPH
15.71,15.8,15.71,15.8,5297,2021-06-25 12:42:00,TBPH
15.8,15.8,15.8,15.8,600,2021-06-25 12:43:00,TBPH
15.75,15.75,15.75,15.75,300,2021-06-25 12:46:00,TBPH
15.73,15.73,15.73,15.73,400,2021-06-25 12:47:00,TBPH
15.75,15.75,15.72,15.72,664,2021-06-25 12:48:00,TBPH
15.73,15.73,15.73,15.73,400,2021-06-25 12:51:00,TBPH
15.77,15.77,15.77,15.77,100,2021-06-25 12:54:00,TBPH
15.79,15.8,15.79,15.8,1292,2021-06-25 12:57:00,TBPH
15.81,15.81,15.81,15.81,100,2021-06-25 13:00:00,TBPH
15.9,15.9,15.9,15.9,100,2021-06-25 13:03:00,TBPH
15.9,15.9,15.8,15.8,7582,2021-06-25 13:04:00,TBPH
15.76,15.76,15.69,15.7,3804,2021-06-25 13:05:00,TBPH
15.72,15.72,15.65,15.65,1619,2021-06-25 13:07:00,TBPH
15.64,15.65,15.61,15.61,910,2021-06-25 13:08:00,TBPH
15.61,15.61,15.61,15.61,100,2021-06-25 13:09:00,TBPH
15.61,15.65,15.6,15.6,7953,2021-06-25 13:10:00,TBPH
15.56,15.56,15.54,15.54,1168,2021-06-25 13:11:00,TBPH
15.55,15.55,15.55,15.55,100,2021-06-25 13:12:00,TBPH
15.55,15.55,15.5,15.5,639,2021-06-25 13:14:00,TBPH
15.52,15.52,15.5,15.5,2203,2021-06-25 13:15:00,TBPH
15.47,15.47,15.4,15.4,340,2021-06-25 13:16:00,TBPH
15.4,15.4,15.4,15.4,4754,2021-06-25 13:17:00,TBPH
15.37,15.37,15.37,15.37,100,2021-06-25 13:18:00,TBPH
15.37,15.37,15.37,15.37,188,2021-06-25 13:21:00,TBPH
15.37,15.45,15.29,15.45,2822,2021-06-25 13:22:00,TBPH
15.32,15.4,15.3,15.4,541,2021-06-25 13:23:00,TBPH
15.44,15.5,15.44,15.5,5332,2021-06-25 13:24:00,TBPH
15.5,15.5,15.5,15.5,100,2021-06-25 13:25:00,TBPH
15.6,15.61,15.58,15.61,16020,2021-06-25 13:27:00,TBPH
15.6,15.64,15.6,15.6,1500,2021-06-25 13:28:00,TBPH
15.6,15.65,15.59,15.64,2202,2021-06-25 13:29:00,TBPH
15.57,15.65,15.52,15.59,67073,2021-06-25 13:30:00,TBPH
15.5469,15.565,15.47,15.54,22685,2021-06-25 13:31:00,TBPH
15.55,15.61,15.5,15.555,20968,2021-06-25 13:32:00,TBPH
15.55,15.69,15.53,15.66,32674,2021-06-25 13:33:00,TBPH
15.66,15.8,15.66,15.74,52633,2021-06-25 13:34:00,TBPH
15.735,15.8,15.57,15.64,19865,2021-06-25 13:35:00,TBPH
15.6,15.749,15.58,15.685,15706,2021-06-25 13:36:00,TBPH
15.685,15.715,15.66,15.69,13115,2021-06-25 13:37:00,TBPH
15.68,15.69,15.63,15.645,18387,2021-06-25 13:38:00,TBPH
15.63,15.69,15.61,15.675,14769,2021-06-25 13:39:00,TBPH
15.68,15.73,15.665,15.665,16340,2021-06-25 13:40:00,TBPH
15.66,15.665,15.66,15.665,2000,2021-06-25 13:41:00,TBPH
15.665,15.675,15.58,15.635,19440,2021-06-25 13:42:00,TBPH
15.61,15.64,15.59,15.59,10781,2021-06-25 13:43:00,TBPH
15.58,15.58,15.555,15.56,1600,2021-06-25 13:44:00,TBPH
15.545,15.575,15.5,15.55,7662,2021-06-25 13:45:00,TBPH
15.55,15.57,15.5,15.5306,19238,2021-06-25 13:46:00,TBPH
15.52,15.57,15.5,15.5,32624,2021-06-25 13:47:00,TBPH
15.5,15.56,15.47,15.56,21889,2021-06-25 13:48:00,TBPH
15.54,15.57,15.53,15.54,4207,2021-06-25 13:49:00,TBPH
15.54,15.61,15.5301,15.6,4206,2021-06-25 13:50:00,TBPH
15.61,15.65,15.595,15.6,8967,2021-06-25 13:51:00,TBPH
15.6,15.61,15.58,15.5907,2600,2021-06-25 13:52:00,TBPH
15.57,15.59,15.57,15.58,1363,2021-06-25 13:53:00,TBPH
15.5828,15.6,15.57,15.57,6539,2021-06-25 13:54:00,TBPH
15.585,15.585,15.53,15.53,1400,2021-06-25 13:55:00,TBPH
15.545,15.55,15.545,15.55,600,2021-06-25 13:56:00,TBPH
15.55,15.56,15.55,15.55,800,2021-06-25 13:57:00,TBPH
15.53,15.55,15.5,15.532,7998,2021-06-25 13:58:00,TBPH
15.54,15.56,15.53,15.53,3279,2021-06-25 13:59:00,TBPH
15.535,15.54,15.53,15.535,3187,2021-06-25 14:00:00,TBPH
15.535,15.54,15.535,15.54,1715,2021-06-25 14:01:00,TBPH
15.535,15.535,15.52,15.53,8855,2021-06-25 14:02:00,TBPH
15.525,15.53,15.52,15.525,2481,2021-06-25 14:03:00,TBPH
15.525,15.55,15.5,15.5,15063,2021-06-25 14:04:00,TBPH
15.5,15.505,15.44,15.45,5797,2021-06-25 14:05:00,TBPH
15.455,15.465,15.4,15.4,7541,2021-06-25 14:06:00,TBPH
15.4,15.4,15.34,15.3497,14587,2021-06-25 14:07:00,TBPH
15.34,15.35,15.29,15.35,12985,2021-06-25 14:08:00,TBPH
15.3341,15.41,15.33,15.38,9131,2021-06-25 14:09:00,TBPH
15.37,15.38,15.36,15.38,902,2021-06-25 14:10:00,TBPH
15.4,15.47,15.385,15.47,3614,2021-06-25 14:11:00,TBPH
15.47,15.5,15.47,15.47,18137,2021-06-25 14:12:00,TBPH
15.4771,15.495,15.47,15.48,7100,2021-06-25 14:13:00,TBPH
15.49,15.49,15.48,15.48,955,2021-06-25 14:14:00,TBPH
15.485,15.5,15.485,15.485,700,2021-06-25 14:15:00,TBPH
15.49,15.51,15.46,15.5,9888,2021-06-25 14:16:00,TBPH
15.5082,15.51,15.49,15.51,1200,2021-06-25 14:17:00,TBPH
15.51,15.51,15.5,15.51,597,2021-06-25 14:18:00,TBPH
15.5,15.5,15.48,15.5,9553,2021-06-25 14:19:00,TBPH
15.5,15.5,15.5,15.5,1000,2021-06-25 14:20:00,TBPH
15.51,15.64,15.505,15.585,35894,2021-06-25 14:21:00,TBPH
15.5952,15.5952,15.5701,15.5701,400,2021-06-25 14:22:00,TBPH
15.6,15.61,15.57,15.575,13163,2021-06-25 14:23:00,TBPH
15.575,15.58,15.57,15.575,4216,2021-06-25 14:24:00,TBPH
15.575,15.66,15.575,15.66,10458,2021-06-25 14:25:00,TBPH
15.66,15.69,15.64,15.64,9759,2021-06-25 14:26:00,TBPH
15.645,15.67,15.6192,15.62,19107,2021-06-25 14:27:00,TBPH
15.6277,15.67,15.61,15.64,15553,2021-06-25 14:28:00,TBPH
15.61,15.69,15.61,15.69,7547,2021-06-25 14:29:00,TBPH
15.66,15.69,15.65,15.65,7402,2021-06-25 14:30:00,TBPH
15.64,15.64,15.58,15.585,4483,2021-06-25 14:31:00,TBPH
15.585,15.63,15.585,15.6,3789,2021-06-25 14:32:00,TBPH
15.62,15.63,15.59,15.63,3318,2021-06-25 14:33:00,TBPH
15.63,15.66,15.62,15.62,3328,2021-06-25 14:34:00,TBPH
15.65,15.67,15.63,15.63,8643,2021-06-25 14:35:00,TBPH
15.635,15.635,15.56,15.56,6719,2021-06-25 14:36:00,TBPH
15.56,15.57,15.525,15.53,4710,2021-06-25 14:37:00,TBPH
15.56,15.6162,15.56,15.595,2408,2021-06-25 14:38:00,TBPH
15.6101,15.6101,15.6,15.6,1462,2021-06-25 14:39:00,TBPH
15.6,15.6015,15.59,15.595,15853,2021-06-25 14:40:00,TBPH
15.595,15.6,15.59,15.595,4954,2021-06-25 14:41:00,TBPH
15.6,15.68,15.6,15.68,8193,2021-06-25 14:42:00,TBPH
15.67,15.8,15.67,15.775,16235,2021-06-25 14:43:00,TBPH
15.77,15.77,15.7301,15.755,10590,2021-06-25 14:44:00,TBPH
15.74,15.75,15.74,15.75,300,2021-06-25 14:45:00,TBPH
15.755,15.755,15.7302,15.735,6591,2021-06-25 14:46:00,TBPH
15.735,15.8285,15.73,15.745,16095,2021-06-25 14:47:00,TBPH
15.74,15.75,15.74,15.7405,1500,2021-06-25 14:48:00,TBPH
15.75,15.8,15.74,15.78,5323,2021-06-25 14:49:00,TBPH
15.8,15.8,15.71,15.725,7800,2021-06-25 14:50:00,TBPH
15.725,15.7306,15.7,15.7,1979,2021-06-25 14:51:00,TBPH
15.7,15.73,15.6725,15.725,6703,2021-06-25 14:52:00,TBPH
15.72,15.74,15.7,15.715,4113,2021-06-25 14:53:00,TBPH
15.705,15.735,15.705,15.715,2200,2021-06-25 14:54:00,TBPH
15.72,15.76,15.72,15.76,1714,2021-06-25 14:55:00,TBPH
15.745,15.75,15.71,15.72,4097,2021-06-25 14:56:00,TBPH
15.715,15.715,15.71,15.7106,800,2021-06-25 14:57:00,TBPH
15.715,15.715,15.67,15.6705,7849,2021-06-25 14:58:00,TBPH
15.68,15.73,15.68,15.71,5854,2021-06-25 14:59:00,TBPH
15.73,15.73,15.7,15.7,4758,2021-06-25 15:00:00,TBPH
15.71,15.71,15.7,15.71,1289,2021-06-25 15:01:00,TBPH
15.71,15.71,15.7,15.7,992,2021-06-25 15:02:00,TBPH
15.705,15.73,15.695,15.715,6833,2021-06-25 15:03:00,TBPH
15.715,15.715,15.715,15.715,656,2021-06-25 15:04:00,TBPH
15.7101,15.715,15.7101,15.715,1072,2021-06-25 15:05:00,TBPH
15.715,15.715,15.67,15.67,11660,2021-06-25 15:06:00,TBPH
15.66,15.7,15.66,15.68,5635,2021-06-25 15:07:00,TBPH
15.695,15.7,15.68,15.68,3754,2021-06-25 15:08:00,TBPH
15.685,15.685,15.685,15.685,100,2021-06-25 15:09:00,TBPH
15.685,15.685,15.68,15.68,1212,2021-06-25 15:10:00,TBPH
15.685,15.69,15.68,15.68,2336,2021-06-25 15:11:00,TBPH
15.685,15.69,15.68,15.685,4887,2021-06-25 15:12:00,TBPH
15.685,15.685,15.6801,15.685,1684,2021-06-25 15:13:00,TBPH
15.68,15.685,15.665,15.665,5318,2021-06-25 15:14:00,TBPH
15.665,15.665,15.66,15.665,3619,2021-06-25 15:15:00,TBPH
15.665,15.68,15.585,15.665,16790,2021-06-25 15:16:00,TBPH
15.64,15.665,15.64,15.64,2603,2021-06-25 15:17:00,TBPH
15.64,15.69,15.64,15.64,2306,2021-06-25 15:18:00,TBPH
15.665,15.68,15.64,15.675,1040,2021-06-25 15:19:00,TBPH
15.675,15.675,15.66,15.675,1169,2021-06-25 15:20:00,TBPH
15.66,15.69,15.66,15.675,756,2021-06-25 15:21:00,TBPH
15.69,15.71,15.69,15.7,4396,2021-06-25 15:22:00,TBPH
15.695,15.715,15.68,15.705,3370,2021-06-25 15:23:00,TBPH
15.7,15.72,15.68,15.71,16772,2021-06-25 15:24:00,TBPH
15.72,15.73,15.72,15.725,2410,2021-06-25 15:25:00,TBPH
15.73,15.73,15.7,15.715,5211,2021-06-25 15:26:00,TBPH
15.7,15.73,15.7,15.73,400,2021-06-25 15:27:00,TBPH
15.715,15.73,15.7,15.73,772,2021-06-25 15:28:00,TBPH
15.7,15.73,15.7,15.715,1782,2021-06-25 15:29:00,TBPH
15.73,15.805,15.715,15.76,8516,2021-06-25 15:30:00,TBPH
15.78,16.0,15.78,15.8194,15463,2021-06-25 15:31:00,TBPH
15.8001,15.85,15.8001,15.85,1641,2021-06-25 15:32:00,TBPH
15.85,15.89,15.84,15.85,10050,2021-06-25 15:33:00,TBPH
15.835,15.875,15.82,15.875,12788,2021-06-25 15:34:00,TBPH
15.9,15.92,15.88,15.9,13813,2021-06-25 15:35:00,TBPH
15.9,15.9,15.85,15.9,6709,2021-06-25 15:36:00,TBPH
15.9,15.9,15.885,15.89,2001,2021-06-25 15:37:00,TBPH
15.88,15.95,15.82,15.9,7236,2021-06-25 15:38:00,TBPH
15.92,15.92,15.89,15.89,973,2021-06-25 15:39:00,TBPH
15.92,15.93,15.92,15.93,2007,2021-06-25 15:40:00,TBPH
15.94,15.94,15.915,15.915,4317,2021-06-25 15:41:00,TBPH
15.92,15.95,15.92,15.95,1886,2021-06-25 15:42:00,TBPH
15.93,15.95,15.91,15.93,9085,2021-06-25 15:43:00,TBPH
15.91,15.95,15.91,15.91,900,2021-06-25 15:44:00,TBPH
15.93,15.93,15.91,15.93,2133,2021-06-25 15:45:00,TBPH
15.9101,15.95,15.91,15.95,600,2021-06-25 15:46:00,TBPH
15.91,15.92,15.9,15.9,5842,2021-06-25 15:47:00,TBPH
15.9,15.905,15.8825,15.8825,3800,2021-06-25 15:48:00,TBPH
15.88,15.885,15.82,15.83,2566,2021-06-25 15:49:00,TBPH
15.82,15.9,15.82,15.9,9162,2021-06-25 15:50:00,TBPH
15.89,15.9187,15.86,15.86,1425,2021-06-25 15:51:00,TBPH
15.89,15.89,15.86,15.8725,1136,2021-06-25 15:52:00,TBPH
15.885,15.885,15.86,15.885,1053,2021-06-25 15:53:00,TBPH
15.87,15.87,15.84,15.84,6281,2021-06-25 15:54:00,TBPH
15.85,15.86,15.82,15.83,2847,2021-06-25 15:55:00,TBPH
15.83,15.83,15.82,15.82,903,2021-06-25 15:56:00,TBPH
15.825,15.825,15.75,15.815,9389,2021-06-25 15:57:00,TBPH
15.815,15.8399,15.8,15.815,1922,2021-06-25 15:58:00,TBPH
15.815,15.82,15.79,15.815,1900,2021-06-25 15:59:00,TBPH
15.83,15.83,15.79,15.79,2711,2021-06-25 16:00:00,TBPH
15.79,15.8,15.785,15.785,600,2021-06-25 16:01:00,TBPH
15.785,15.7958,15.77,15.77,1375,2021-06-25 16:02:00,TBPH
15.785,15.785,15.785,15.785,524,2021-06-25 16:03:00,TBPH
15.785,15.785,15.77,15.77,827,2021-06-25 16:04:00,TBPH
15.8,15.8,15.785,15.785,1000,2021-06-25 16:05:00,TBPH
15.785,15.785,15.785,15.785,1100,2021-06-25 16:06:00,TBPH
15.785,15.785,15.785,15.785,700,2021-06-25 16:07:00,TBPH
15.785,15.785,15.785,15.785,1200,2021-06-25 16:08:00,TBPH
15.785,15.84,15.785,15.835,7854,2021-06-25 16:09:00,TBPH
15.83,15.88,15.83,15.855,7137,2021-06-25 16:10:00,TBPH
15.86,15.86,15.855,15.855,997,2021-06-25 16:11:00,TBPH
15.855,15.855,15.84,15.84,4511,2021-06-25 16:12:00,TBPH
15.83,15.83,15.82,15.825,1700,2021-06-25 16:13:00,TBPH
15.825,15.825,15.78,15.78,5700,2021-06-25 16:14:00,TBPH
15.7711,15.7711,15.77,15.77,603,2021-06-25 16:15:00,TBPH
15.775,15.775,15.76,15.775,3113,2021-06-25 16:16:00,TBPH
15.775,15.775,15.72,15.75,10371,2021-06-25 16:17:00,TBPH
15.75,15.795,15.75,15.795,959,2021-06-25 16:18:00,TBPH
15.81,15.81,15.8,15.81,500,2021-06-25 16:19:00,TBPH
15.8,15.8,15.79,15.79,2363,2021-06-25 16:20:00,TBPH
15.79,15.79,15.78,15.785,1309,2021-06-25 16:21:00,TBPH
15.785,15.785,15.755,15.755,2620,2021-06-25 16:22:00,TBPH
15.75,15.75,15.745,15.745,600,2021-06-25 16:23:00,TBPH
15.75,15.815,15.75,15.815,2505,2021-06-25 16:24:00,TBPH
15.815,15.82,15.815,15.815,1609,2021-06-25 16:25:00,TBPH
15.805,15.805,15.795,15.795,1531,2021-06-25 16:26:00,TBPH
15.795,15.82,15.79,15.805,2694,2021-06-25 16:27:00,TBPH
15.805,15.82,15.805,15.805,1500,2021-06-25 16:28:00,TBPH
15.81,15.83,15.8,15.83,1739,2021-06-25 16:29:00,TBPH
15.84,15.91,15.8301,15.91,3969,2021-06-25 16:30:00,TBPH
15.91,15.91,15.87,15.87,4923,2021-06-25 16:31:00,TBPH
15.875,15.91,15.87,15.905,3881,2021-06-25 16:32:00,TBPH
15.905,15.905,15.895,15.895,670,2021-06-25 16:33:00,TBPH
15.895,15.905,15.89,15.8901,3819,2021-06-25 16:34:00,TBPH
15.905,15.915,15.905,15.915,1390,2021-06-25 16:35:00,TBPH
15.915,16.0,15.915,15.97,20919,2021-06-25 16:36:00,TBPH
15.97,16.0,15.97,16.0,9027,2021-06-25 16:37:00,TBPH
15.98,16.06,15.98,15.99,28542,2021-06-25 16:38:00,TBPH
15.98,15.985,15.97,15.98,3046,2021-06-25 16:39:00,TBPH
15.97,15.98,15.96,15.97,1387,2021-06-25 16:40:00,TBPH
15.98,16.0,15.97,15.97,7995,2021-06-25 16:41:00,TBPH
15.97,15.97,15.97,15.97,1315,2021-06-25 16:42:00,TBPH
15.97,15.97,15.97,15.97,492,2021-06-25 16:43:00,TBPH
15.97,15.97,15.97,15.97,1088,2021-06-25 16:44:00,TBPH
15.97,15.97,15.95,15.95,2455,2021-06-25 16:45:00,TBPH
15.94,15.95,15.94,15.94,3493,2021-06-25 16:46:00,TBPH
15.94,15.965,15.935,15.96,3709,2021-06-25 16:47:00,TBPH
15.96,15.96,15.94,15.95,1415,2021-06-25 16:48:00,TBPH
15.95,15.965,15.945,15.965,1589,2021-06-25 16:49:00,TBPH
15.965,15.965,15.935,15.935,3316,2021-06-25 16:50:00,TBPH
15.935,15.935,15.91,15.9101,2492,2021-06-25 16:51:00,TBPH
15.915,15.915,15.915,15.915,800,2021-06-25 16:52:00,TBPH
15.915,15.915,15.91,15.915,1157,2021-06-25 16:53:00,TBPH
15.915,15.915,15.915,15.915,800,2021-06-25 16:54:00,TBPH
15.92,15.99,15.915,15.97,5496,2021-06-25 16:55:00,TBPH
15.98,15.98,15.96,15.962,2639,2021-06-25 16:56:00,TBPH
15.965,15.98,15.96,15.98,2916,2021-06-25 16:57:00,TBPH
15.965,15.965,15.96,15.965,565,2021-06-25 16:58:00,TBPH
15.965,15.965,15.96,15.96,972,2021-06-25 16:59:00,TBPH
15.965,15.965,15.96,15.965,2418,2021-06-25 17:00:00,TBPH
15.9601,15.965,15.94,15.945,3728,2021-06-25 17:01:00,TBPH
15.94,15.945,15.94,15.945,764,2021-06-25 17:02:00,TBPH
15.945,15.945,15.875,15.875,3555,2021-06-25 17:03:00,TBPH
15.86,15.92,15.86,15.92,3567,2021-06-25 17:04:00,TBPH
15.92,15.92,15.92,15.92,400,2021-06-25 17:05:00,TBPH
15.925,15.94,15.925,15.94,3724,2021-06-25 17:06:00,TBPH
15.94,15.955,15.91,15.925,7196,2021-06-25 17:07:00,TBPH
15.925,15.94,15.9136,15.925,2703,2021-06-25 17:08:00,TBPH
15.91,15.92,15.9,15.9,2865,2021-06-25 17:09:00,TBPH
15.895,15.895,15.89,15.89,900,2021-06-25 17:10:00,TBPH
15.885,15.89,15.885,15.89,10038,2021-06-25 17:11:00,TBPH
15.9,15.93,15.9,15.91,1763,2021-06-25 17:12:00,TBPH
15.92,15.98,15.92,15.95,4415,2021-06-25 17:13:00,TBPH
15.95,15.95,15.93,15.94,1440,2021-06-25 17:14:00,TBPH
15.92,15.925,15.91,15.91,609,2021-06-25 17:15:00,TBPH
15.91,15.925,15.91,15.91,610,2021-06-25 17:16:00,TBPH
15.925,15.94,15.91,15.925,18470,2021-06-25 17:17:00,TBPH
15.925,15.925,15.91,15.915,2078,2021-06-25 17:18:00,TBPH
15.915,15.92,15.91,15.91,1622,2021-06-25 17:19:00,TBPH
15.92,15.92,15.91,15.91,328,2021-06-25 17:20:00,TBPH
15.91,15.915,15.91,15.91,761,2021-06-25 17:21:00,TBPH
15.915,15.915,15.91,15.91,700,2021-06-25 17:22:00,TBPH
15.915,15.915,15.91,15.91,1125,2021-06-25 17:23:00,TBPH
15.915,15.915,15.885,15.885,1100,2021-06-25 17:24:00,TBPH
15.88,15.885,15.88,15.88,1631,2021-06-25 17:25:00,TBPH
15.875,15.875,15.86,15.865,1457,2021-06-25 17:26:00,TBPH
15.865,15.865,15.86,15.865,1902,2021-06-25 17:27:00,TBPH
15.86,15.865,15.86,15.865,757,2021-06-25 17:28:00,TBPH
15.865,15.865,15.86,15.86,1723,2021-06-25 17:29:00,TBPH
15.865,15.87,15.86,15.86,2200,2021-06-25 17:30:00,TBPH
15.865,15.865,15.86,15.865,1400,2021-06-25 17:31:00,TBPH
15.86,15.865,15.85,15.85,5513,2021-06-25 17:32:00,TBPH
15.855,15.855,15.85,15.85,400,2021-06-25 17:33:00,TBPH
15.855,15.855,15.855,15.855,1000,2021-06-25 17:34:00,TBPH
15.855,15.855,15.855,15.855,1600,2021-06-25 17:35:00,TBPH
15.855,15.86,15.855,15.86,2764,2021-06-25 17:36:00,TBPH
15.855,15.92,15.855,15.895,6005,2021-06-25 17:37:00,TBPH
15.895,15.895,15.895,15.895,794,2021-06-25 17:38:00,TBPH
15.895,15.92,15.89,15.91,3322,2021-06-25 17:39:00,TBPH
15.91,15.91,15.8907,15.91,2829,2021-06-25 17:40:00,TBPH
15.91,15.91,15.84,15.84,6507,2021-06-25 17:41:00,TBPH
15.84,15.84,15.8305,15.84,800,2021-06-25 17:42:00,TBPH
15.84,15.84,15.83,15.8305,400,2021-06-25 17:43:00,TBPH
15.84,15.84,15.84,15.84,1156,2021-06-25 17:44:00,TBPH
15.83,15.835,15.83,15.83,800,2021-06-25 17:45:00,TBPH
15.84,15.84,15.83,15.83,600,2021-06-25 17:46:00,TBPH
15.835,15.835,15.8,15.815,4900,2021-06-25 17:47:00,TBPH
15.805,15.84,15.8,15.84,4329,2021-06-25 17:48:00,TBPH
15.835,15.85,15.835,15.84,900,2021-06-25 17:49:00,TBPH
15.84,15.845,15.84,15.845,1292,2021-06-25 17:50:00,TBPH
15.845,15.845,15.81,15.81,2962,2021-06-25 17:51:00,TBPH
15.8,15.8,15.79,15.79,1606,2021-06-25 17:52:00,TBPH
15.795,15.795,15.795,15.795,300,2021-06-25 17:53:00,TBPH
15.795,15.8,15.79,15.7901,2478,2021-06-25 17:54:00,TBPH
15.79,15.79,15.77,15.775,16613,2021-06-25 17:55:00,TBPH
15.77,15.78,15.77,15.77,1500,2021-06-25 17:56:00,TBPH
15.775,15.775,15.77,15.77,500,2021-06-25 17:57:00,TBPH
15.7711,15.775,15.7711,15.775,876,2021-06-25 17:58:00,TBPH
15.775,15.7773,15.775,15.775,588,2021-06-25 17:59:00,TBPH
15.77,15.775,15.77,15.775,1144,2021-06-25 18:00:00,TBPH
15.775,15.775,15.77,15.775,699,2021-06-25 18:01:00,TBPH
15.775,15.775,15.77,15.775,700,2021-06-25 18:02:00,TBPH
15.775,15.775,15.77,15.775,1200,2021-06-25 18:03:00,TBPH
15.775,15.775,15.7701,15.775,1458,2021-06-25 18:04:00,TBPH
15.775,15.78,15.7701,15.775,1385,2021-06-25 18:05:00,TBPH
15.775,15.81,15.77,15.79,3500,2021-06-25 18:06:00,TBPH
15.81,15.87,15.81,15.8402,6140,2021-06-25 18:07:00,TBPH
15.85,15.85,15.84,15.845,1458,2021-06-25 18:08:00,TBPH
15.845,15.845,15.83,15.835,1787,2021-06-25 18:09:00,TBPH
15.835,15.835,15.83,15.835,800,2021-06-25 18:10:00,TBPH
15.835,15.835,15.79,15.79,2912,2021-06-25 18:11:00,TBPH
15.795,15.795,15.77,15.785,1000,2021-06-25 18:12:00,TBPH
15.785,15.785,15.7775,15.785,700,2021-06-25 18:13:00,TBPH
15.785,15.8,15.765,15.77,3205,2021-06-25 18:14:00,TBPH
15.76,15.76,15.75,15.75,300,2021-06-25 18:15:00,TBPH
15.755,15.77,15.75,15.75,4442,2021-06-25 18:16:00,TBPH
15.745,15.745,15.745,15.745,200,2021-06-25 18:17:00,TBPH
15.745,15.745,15.74,15.74,1100,2021-06-25 18:18:00,TBPH
15.74,15.74,15.74,15.74,639,2021-06-25 18:19:00,TBPH
15.74,15.7442,15.74,15.74,4075,2021-06-25 18:20:00,TBPH
15.75,15.75,15.7306,15.7306,2033,2021-06-25 18:21:00,TBPH
15.735,15.74,15.73,15.735,3708,2021-06-25 18:22:00,TBPH
15.735,15.735,15.73,15.73,2190,2021-06-25 18:23:00,TBPH
15.735,15.75,15.7301,15.75,3375,2021-06-25 18:24:00,TBPH
15.76,15.77,15.73,15.74,7756,2021-06-25 18:25:00,TBPH
15.75,15.76,15.745,15.745,1172,2021-06-25 18:26:00,TBPH
15.755,15.76,15.7501,15.76,2169,2021-06-25 18:27:00,TBPH
15.7525,15.76,15.7525,15.76,1809,2021-06-25 18:28:00,TBPH
15.755,15.76,15.75,15.75,3276,2021-06-25 18:29:00,TBPH
15.75,15.75,15.73,15.735,2364,2021-06-25 18:30:00,TBPH
15.735,15.735,15.735,15.735,611,2021-06-25 18:31:00,TBPH
15.735,15.735,15.735,15.735,700,2021-06-25 18:32:00,TBPH
15.74,15.74,15.73,15.735,1092,2021-06-25 18:33:00,TBPH
15.735,15.74,15.73,15.74,740,2021-06-25 18:34:00,TBPH
15.735,15.74,15.735,15.735,900,2021-06-25 18:35:00,TBPH
15.73,15.735,15.73,15.735,1100,2021-06-25 18:36:00,TBPH
15.735,15.74,15.73,15.73,4009,2021-06-25 18:37:00,TBPH
15.715,15.715,15.67,15.68,2442,2021-06-25 18:38:00,TBPH
15.67,15.67,15.62,15.655,13075,2021-06-25 18:39:00,TBPH
15.65,15.65,15.65,15.65,300,2021-06-25 18:40:00,TBPH
15.65,15.65,15.64,15.64,600,2021-06-25 18:41:00,TBPH
15.65,15.65,15.6401,15.65,1185,2021-06-25 18:42:00,TBPH
15.65,15.65,15.61,15.625,3335,2021-06-25 18:43:00,TBPH
15.625,15.625,15.625,15.625,400,2021-06-25 18:44:00,TBPH
15.625,15.625,15.625,15.625,500,2021-06-25 18:45:00,TBPH
15.61,15.64,15.61,15.64,800,2021-06-25 18:46:00,TBPH
15.625,15.625,15.61,15.625,500,2021-06-25 18:47:00,TBPH
15.625,15.63,15.61,15.615,1455,2021-06-25 18:48:00,TBPH
15.61,15.63,15.61,15.63,3015,2021-06-25 18:49:00,TBPH
15.635,15.65,15.635,15.65,1100,2021-06-25 18:50:00,TBPH
15.645,15.65,15.645,15.65,600,2021-06-25 18:51:00,TBPH
15.66,15.66,15.65,15.66,1226,2021-06-25 18:52:00,TBPH
15.66,15.665,15.66,15.66,2709,2021-06-25 18:53:00,TBPH
15.665,15.665,15.65,15.655,5201,2021-06-25 18:54:00,TBPH
15.6501,15.655,15.6501,15.6501,1200,2021-06-25 18:55:00,TBPH
15.65,15.655,15.65,15.65,13539,2021-06-25 18:56:00,TBPH
15.655,15.66,15.6501,15.66,969,2021-06-25 18:57:00,TBPH
15.66,15.66,15.6501,15.66,1043,2021-06-25 18:58:00,TBPH
15.6501,15.67,15.6501,15.67,2765,2021-06-25 18:59:00,TBPH
15.67,15.72,15.67,15.71,1953,2021-06-25 19:00:00,TBPH
15.71,15.71,15.71,15.71,1181,2021-06-25 19:01:00,TBPH
15.71,15.72,15.71,15.72,1908,2021-06-25 19:02:00,TBPH
15.72,15.72,15.7,15.705,3226,2021-06-25 19:03:00,TBPH
15.705,15.705,15.68,15.68,3391,2021-06-25 19:04:00,TBPH
15.695,15.695,15.69,15.69,616,2021-06-25 19:05:00,TBPH
15.69,15.695,15.69,15.69,701,2021-06-25 19:06:00,TBPH
15.695,15.695,15.665,15.665,4649,2021-06-25 19:07:00,TBPH
15.665,15.6699,15.64,15.64,3235,2021-06-25 19:08:00,TBPH
15.64,15.65,15.6301,15.6301,4802,2021-06-25 19:09:00,TBPH
15.64,15.645,15.6301,15.64,1455,2021-06-25 19:10:00,TBPH
15.6401,15.65,15.6401,15.645,1326,2021-06-25 19:11:00,TBPH
15.65,15.65,15.63,15.63,4437,2021-06-25 19:12:00,TBPH
15.635,15.635,15.625,15.625,1490,2021-06-25 19:13:00,TBPH
15.625,15.63,15.6201,15.6201,2313,2021-06-25 19:14:00,TBPH
15.625,15.625,15.5262,15.5262,13500,2021-06-25 19:15:00,TBPH
15.54,15.55,15.5,15.5,9969,2021-06-25 19:16:00,TBPH
15.48,15.48,15.47,15.48,500,2021-06-25 19:17:00,TBPH
15.48,15.52,15.46,15.49,7111,2021-06-25 19:18:00,TBPH
15.49,15.49,15.46,15.465,1606,2021-06-25 19:19:00,TBPH
15.48,15.4923,15.4688,15.47,1332,2021-06-25 19:20:00,TBPH
15.47,15.5,15.47,15.485,2780,2021-06-25 19:21:00,TBPH
15.485,15.51,15.48,15.51,2332,2021-06-25 19:22:00,TBPH
15.5,15.51,15.5,15.5,1753,2021-06-25 19:23:00,TBPH
15.5,15.5,15.42,15.43,10894,2021-06-25 19:24:00,TBPH
15.45,15.53,15.45,15.525,7386,2021-06-25 19:25:00,TBPH
15.525,15.525,15.5,15.505,3957,2021-06-25 19:26:00,TBPH
15.505,15.51,15.5,15.5,5246,2021-06-25 19:27:00,TBPH
15.505,15.53,15.465,15.515,11213,2021-06-25 19:28:00,TBPH
15.5,15.515,15.5,15.5,2767,2021-06-25 19:29:00,TBPH
15.5,15.505,15.46,15.48,4525,2021-06-25 19:30:00,TBPH
15.475,15.51,15.47,15.505,7466,2021-06-25 19:31:00,TBPH
15.5,15.505,15.49,15.495,2494,2021-06-25 19:32:00,TBPH
15.495,15.52,15.495,15.5,5063,2021-06-25 19:33:00,TBPH
15.51,15.51,15.4901,15.5,8073,2021-06-25 19:34:00,TBPH
15.5,15.505,15.5,15.5,1993,2021-06-25 19:35:00,TBPH
15.5,15.505,15.5,15.5,3471,2021-06-25 19:36:00,TBPH
15.5,15.505,15.5,15.5,2429,2021-06-25 19:37:00,TBPH
15.505,15.51,15.49,15.5,12954,2021-06-25 19:38:00,TBPH
15.51,15.52,15.5,15.5,9384,2021-06-25 19:39:00,TBPH
15.505,15.509,15.5,15.5,4690,2021-06-25 19:40:00,TBPH
15.505,15.505,15.49,15.5,7888,2021-06-25 19:41:00,TBPH
15.5,15.52,15.49,15.5,13008,2021-06-25 19:42:00,TBPH
15.5,15.5,15.49,15.5,2978,2021-06-25 19:43:00,TBPH
15.5,15.51,15.48,15.4801,7226,2021-06-25 19:44:00,TBPH
15.485,15.505,15.47,15.5,13363,2021-06-25 19:45:00,TBPH
15.5,15.54,15.4925,15.53,6014,2021-06-25 19:46:00,TBPH
15.55,15.56,15.52,15.56,7490,2021-06-25 19:47:00,TBPH
15.56,15.63,15.56,15.62,4043,2021-06-25 19:48:00,TBPH
15.63,15.63,15.59,15.595,9313,2021-06-25 19:49:00,TBPH
15.59,15.6,15.53,15.575,12441,2021-06-25 19:50:00,TBPH
15.575,15.59,15.56,15.59,4295,2021-06-25 19:51:00,TBPH
15.58,15.64,15.5725,15.63,9357,2021-06-25 19:52:00,TBPH
15.615,15.64,15.6,15.625,20321,2021-06-25 19:53:00,TBPH
15.625,15.67,15.625,15.67,14202,2021-06-25 19:54:00,TBPH
15.67,15.68,15.65,15.655,17051,2021-06-25 19:55:00,TBPH
15.655,15.655,15.53,15.53,34355,2021-06-25 19:56:00,TBPH
15.5209,15.56,15.52,15.56,24740,2021-06-25 19:57:00,TBPH
15.58,15.61,15.55,15.58,21567,2021-06-25 19:58:00,TBPH
15.6,15.62,15.55,15.58,51062,2021-06-25 19:59:00,TBPH
15.6,15.6,15.6,15.6,770331,2021-06-25 20:00:00,TBPH
15.72,15.72,15.72,15.72,720,2021-06-25 20:05:00,TBPH
15.67,15.68,15.67,15.68,1216,2021-06-25 20:06:00,TBPH
15.75,15.75,15.75,15.75,100,2021-06-25 20:07:00,TBPH
15.7,15.7,15.6,15.7,2080,2021-06-25 20:13:00,TBPH
15.6,15.7,15.6,15.7,280,2021-06-25 20:14:00,TBPH
15.7,15.7,15.7,15.7,1502,2021-06-25 20:33:00,TBPH
15.6,15.6,15.6,15.6,24075,2021-06-25 20:35:00,TBPH
15.8,15.81,15.8,15.81,30133,2021-06-28 13:30:00,TBPH
15.89,16.04,15.89,16.0,1228,2021-06-28 13:31:00,TBPH
16.0,16.0,15.8757,15.885,1103,2021-06-28 13:32:00,TBPH
15.99,16.0,15.99,16.0,650,2021-06-28 13:33:00,TBPH
15.99,16.05,15.99,16.0,2118,2021-06-28 13:34:00,TBPH
15.92,15.92,15.8,15.83,7149,2021-06-28 13:35:00,TBPH
15.84,15.88,15.81,15.86,1413,2021-06-28 13:36:00,TBPH
15.87,15.87,15.87,15.87,1200,2021-06-28 13:37:00,TBPH
15.8246,15.8246,15.8,15.8,1330,2021-06-28 13:39:00,TBPH
15.86,15.86,15.86,15.86,500,2021-06-28 13:40:00,TBPH
15.86,15.88,15.86,15.86,2520,2021-06-28 13:41:00,TBPH
15.88,15.88,15.85,15.85,2158,2021-06-28 13:42:00,TBPH
15.8379,15.84,15.8379,15.838,1586,2021-06-28 13:43:00,TBPH
15.84,15.86,15.81,15.81,5139,2021-06-28 13:44:00,TBPH
15.82,15.83,15.82,15.83,200,2021-06-28 13:45:00,TBPH
15.82,15.83,15.82,15.83,800,2021-06-28 13:46:00,TBPH
15.85,15.87,15.85,15.86,930,2021-06-28 13:47:00,TBPH
15.87,15.9,15.86,15.86,1514,2021-06-28 13:48:00,TBPH
15.86,15.86,15.86,15.86,200,2021-06-28 13:49:00,TBPH
15.85,15.87,15.85,15.87,500,2021-06-28 13:50:00,TBPH
15.87,15.88,15.855,15.88,4368,2021-06-28 13:51:00,TBPH
15.875,15.88,15.875,15.875,1203,2021-06-28 13:52:00,TBPH
15.875,15.88,15.875,15.88,1800,2021-06-28 13:53:00,TBPH
15.875,15.89,15.81,15.81,6051,2021-06-28 13:54:00,TBPH
15.81,15.825,15.8,15.805,7480,2021-06-28 13:55:00,TBPH
15.81,15.81,15.81,15.81,200,2021-06-28 13:56:00,TBPH
15.81,15.81,15.805,15.805,800,2021-06-28 13:57:00,TBPH
15.805,15.82,15.8,15.815,4432,2021-06-28 13:58:00,TBPH
15.815,15.83,15.815,15.83,1119,2021-06-28 13:59:00,TBPH
15.83,15.83,15.825,15.83,900,2021-06-28 14:00:00,TBPH
15.83,15.895,15.83,15.86,2850,2021-06-28 14:01:00,TBPH
15.885,15.885,15.87,15.87,500,2021-06-28 14:02:00,TBPH
15.865,15.9,15.865,15.9,672,2021-06-28 14:03:00,TBPH
15.9,15.91,15.9,15.91,644,2021-06-28 14:04:00,TBPH
15.91,15.97,15.91,15.965,1300,2021-06-28 14:05:00,TBPH
15.965,15.965,15.95,15.95,646,2021-06-28 14:06:00,TBPH
15.95,15.95,15.94,15.94,400,2021-06-28 14:07:00,TBPH
15.95,15.96,15.945,15.955,1000,2021-06-28 14:09:00,TBPH
15.945,15.955,15.945,15.955,421,2021-06-28 14:11:00,TBPH
15.955,15.955,15.88,15.88,1566,2021-06-28 14:12:00,TBPH
15.88,15.89,15.87,15.87,300,2021-06-28 14:13:00,TBPH
15.87,15.9,15.87,15.9,500,2021-06-28 14:15:00,TBPH
15.92,15.925,15.905,15.925,500,2021-06-28 14:16:00,TBPH
15.925,15.935,15.91,15.935,800,2021-06-28 14:17:00,TBPH
15.935,15.935,15.935,15.935,100,2021-06-28 14:18:00,TBPH
15.935,15.95,15.93,15.95,600,2021-06-28 14:19:00,TBPH
15.94,15.94,15.94,15.94,100,2021-06-28 14:20:00,TBPH
15.94,15.95,15.94,15.94,700,2021-06-28 14:21:00,TBPH
15.94,15.95,15.94,15.95,600,2021-06-28 14:22:00,TBPH
15.94,15.94,15.94,15.94,200,2021-06-28 14:23:00,TBPH
15.93,15.93,15.885,15.885,400,2021-06-28 14:24:00,TBPH
15.86,15.86,15.86,15.86,241,2021-06-28 14:26:00,TBPH
15.86,15.88,15.86,15.88,400,2021-06-28 14:27:00,TBPH
15.8825,15.8825,15.88,15.88,300,2021-06-28 14:28:00,TBPH
15.93,15.93,15.93,15.93,100,2021-06-28 14:30:00,TBPH
15.95,15.95,15.95,15.95,200,2021-06-28 14:31:00,TBPH
15.95,15.95,15.95,15.95,200,2021-06-28 14:33:00,TBPH
15.95,15.95,15.95,15.95,100,2021-06-28 14:34:00,TBPH
15.93,15.93,15.93,15.93,300,2021-06-28 14:35:00,TBPH
15.91,15.91,15.905,15.905,200,2021-06-28 14:36:00,TBPH
15.88,15.89,15.88,15.8801,312,2021-06-28 14:37:00,TBPH
15.88,15.88,15.83,15.83,600,2021-06-28 14:38:00,TBPH
15.82,15.82,15.805,15.81,300,2021-06-28 14:39:00,TBPH
15.83,15.83,15.83,15.83,100,2021-06-28 14:40:00,TBPH
15.83,15.84,15.83,15.84,300,2021-06-28 14:41:00,TBPH
15.83,15.855,15.83,15.855,700,2021-06-28 14:43:00,TBPH
15.82,15.82,15.82,15.82,100,2021-06-28 14:46:00,TBPH
15.83,15.8325,15.83,15.8325,500,2021-06-28 14:47:00,TBPH
15.83,15.83,15.825,15.825,300,2021-06-28 14:48:00,TBPH
15.83,15.83,15.83,15.83,100,2021-06-28 14:49:00,TBPH
15.8233,15.825,15.8233,15.825,225,2021-06-28 14:50:00,TBPH
15.83,15.85,15.83,15.85,400,2021-06-28 14:51:00,TBPH
15.83,15.83,15.83,15.83,200,2021-06-28 14:53:00,TBPH
15.83,15.83,15.83,15.83,200,2021-06-28 14:54:00,TBPH
15.825,15.825,15.825,15.825,200,2021-06-28 14:55:00,TBPH
15.825,15.83,15.825,15.83,200,2021-06-28 14:56:00,TBPH
15.83,15.83,15.83,15.83,100,2021-06-28 14:57:00,TBPH
15.8301,15.8301,15.8301,15.8301,250,2021-06-28 14:58:00,TBPH
15.84,15.84,15.84,15.84,100,2021-06-28 14:59:00,TBPH
15.85,15.85,15.85,15.85,100,2021-06-28 15:00:00,TBPH
15.86,15.86,15.86,15.86,100,2021-06-28 15:02:00,TBPH
15.86,15.91,15.86,15.89,2101,2021-06-28 15:03:00,TBPH
15.88,15.88,15.88,15.88,100,2021-06-28 15:04:00,TBPH
15.88,15.88,15.88,15.88,200,2021-06-28 15:05:00,TBPH
15.88,15.88,15.88,15.88,100,2021-06-28 15:06:00,TBPH
15.9,15.91,15.9,15.9,400,2021-06-28 15:07:00,TBPH
15.9,15.9,15.895,15.895,519,2021-06-28 15:08:00,TBPH
15.895,15.92,15.895,15.92,2400,2021-06-28 15:10:00,TBPH
15.925,15.925,15.925,15.925,200,2021-06-28 15:12:00,TBPH
15.925,15.925,15.925,15.925,100,2021-06-28 15:13:00,TBPH
15.91,15.915,15.91,15.915,200,2021-06-28 15:14:00,TBPH
15.915,15.915,15.915,15.915,600,2021-06-28 15:15:00,TBPH
15.92,15.92,15.92,15.92,200,2021-06-28 15:16:00,TBPH
15.915,15.915,15.915,15.915,300,2021-06-28 15:17:00,TBPH
15.91,15.91,15.91,15.91,200,2021-06-28 15:18:00,TBPH
15.915,15.915,15.85,15.85,1100,2021-06-28 15:19:00,TBPH
15.85,15.87,15.85,15.87,700,2021-06-28 15:20:00,TBPH
15.87,15.87,15.87,15.87,100,2021-06-28 15:21:00,TBPH
15.89,15.89,15.885,15.885,200,2021-06-28 15:23:00,TBPH
15.885,15.885,15.885,15.885,100,2021-06-28 15:24:00,TBPH
15.89,15.895,15.88,15.88,2365,2021-06-28 15:25:00,TBPH
15.865,15.865,15.865,15.865,100,2021-06-28 15:26:00,TBPH
15.88,15.88,15.87,15.87,200,2021-06-28 15:27:00,TBPH
15.87,15.87,15.87,15.87,100,2021-06-28 15:28:00,TBPH
15.865,15.865,15.865,15.865,100,2021-06-28 15:30:00,TBPH
15.865,15.865,15.865,15.865,100,2021-06-28 15:32:00,TBPH
15.87,15.87,15.87,15.87,309,2021-06-28 15:33:00,TBPH
15.87,15.87,15.87,15.87,500,2021-06-28 15:34:00,TBPH
15.865,15.865,15.865,15.865,100,2021-06-28 15:35:00,TBPH
15.87,15.87,15.87,15.87,100,2021-06-28 15:36:00,TBPH
15.865,15.87,15.865,15.87,500,2021-06-28 15:37:00,TBPH
15.8604,15.87,15.8604,15.87,350,2021-06-28 15:38:00,TBPH
15.87,15.875,15.87,15.875,400,2021-06-28 15:39:00,TBPH
15.875,15.875,15.8,15.82,3637,2021-06-28 15:40:00,TBPH
15.835,15.835,15.835,15.835,100,2021-06-28 15:41:00,TBPH
15.82,15.82,15.82,15.82,100,2021-06-28 15:42:00,TBPH
15.82,15.82,15.81,15.82,400,2021-06-28 15:44:00,TBPH
15.815,15.815,15.81,15.81,300,2021-06-28 15:46:00,TBPH
15.815,15.815,15.815,15.815,200,2021-06-28 15:47:00,TBPH
15.815,15.815,15.81,15.81,900,2021-06-28 15:48:00,TBPH
15.81,15.815,15.81,15.815,200,2021-06-28 15:49:00,TBPH
15.815,15.815,15.815,15.815,100,2021-06-28 15:52:00,TBPH
15.815,15.82,15.815,15.82,531,2021-06-28 15:54:00,TBPH
15.83,15.85,15.83,15.85,900,2021-06-28 15:55:00,TBPH
15.83,15.845,15.83,15.845,600,2021-06-28 15:56:00,TBPH
15.85,15.85,15.85,15.85,200,2021-06-28 15:57:00,TBPH
15.87,15.87,15.87,15.87,500,2021-06-28 15:58:00,TBPH
15.87,15.87,15.87,15.87,364,2021-06-28 15:59:00,TBPH
15.87,15.87,15.87,15.87,100,2021-06-28 16:00:00,TBPH
15.87,15.87,15.87,15.87,500,2021-06-28 16:01:00,TBPH
15.865,15.865,15.865,15.865,400,2021-06-28 16:04:00,TBPH
15.865,15.865,15.865,15.865,200,2021-06-28 16:05:00,TBPH
15.865,15.865,15.865,15.865,100,2021-06-28 16:06:00,TBPH
15.865,15.865,15.86,15.86,1200,2021-06-28 16:07:00,TBPH
15.865,15.865,15.86,15.86,400,2021-06-28 16:08:00,TBPH
15.86,15.86,15.85,15.85,300,2021-06-28 16:09:00,TBPH
15.86,15.86,15.83,15.83,2000,2021-06-28 16:10:00,TBPH
15.84,15.84,15.84,15.84,100,2021-06-28 16:11:00,TBPH
15.835,15.85,15.835,15.85,1773,2021-06-28 16:14:00,TBPH
15.87,15.87,15.87,15.87,100,2021-06-28 16:15:00,TBPH
15.87,15.87,15.87,15.87,100,2021-06-28 16:16:00,TBPH
15.875,15.875,15.87,15.875,1100,2021-06-28 16:17:00,TBPH
15.8789,15.8789,15.87,15.87,300,2021-06-28 16:18:00,TBPH
15.875,15.875,15.875,15.875,100,2021-06-28 16:19:00,TBPH
15.88,15.885,15.87,15.885,1491,2021-06-28 16:20:00,TBPH
15.88,15.885,15.88,15.885,200,2021-06-28 16:21:00,TBPH
15.885,15.885,15.87,15.87,500,2021-06-28 16:22:00,TBPH
15.87,15.87,15.87,15.87,100,2021-06-28 16:23:00,TBPH
15.87,15.87,15.865,15.865,333,2021-06-28 16:24:00,TBPH
15.865,15.865,15.8601,15.8601,300,2021-06-28 16:26:00,TBPH
15.865,15.865,15.865,15.865,300,2021-06-28 16:27:00,TBPH
15.8687,15.8687,15.8687,15.8687,100,2021-06-28 16:28:00,TBPH
15.865,15.865,15.865,15.865,100,2021-06-28 16:29:00,TBPH
15.865,15.865,15.865,15.865,300,2021-06-28 16:30:00,TBPH
15.865,15.865,15.865,15.865,100,2021-06-28 16:31:00,TBPH
15.865,15.865,15.865,15.865,100,2021-06-28 16:32:00,TBPH
15.865,15.865,15.865,15.865,200,2021-06-28 16:33:00,TBPH
15.865,15.865,15.845,15.85,2700,2021-06-28 16:34:00,TBPH
15.85,15.85,15.85,15.85,300,2021-06-28 16:35:00,TBPH
15.85,15.85,15.85,15.85,500,2021-06-28 16:36:00,TBPH
15.85,15.85,15.85,15.85,700,2021-06-28 16:37:00,TBPH
15.845,15.845,15.845,15.845,100,2021-06-28 16:41:00,TBPH
15.845,15.845,15.845,15.845,100,2021-06-28 16:42:00,TBPH
15.84,15.84,15.84,15.84,500,2021-06-28 16:43:00,TBPH
15.845,15.845,15.84,15.84,600,2021-06-28 16:44:00,TBPH
15.835,15.835,15.835,15.835,100,2021-06-28 16:45:00,TBPH
15.833,15.833,15.833,15.833,200,2021-06-28 16:46:00,TBPH
15.8301,15.835,15.8301,15.835,1200,2021-06-28 16:47:00,TBPH
15.84,15.84,15.83,15.83,900,2021-06-28 16:48:00,TBPH
15.83,15.83,15.8201,15.83,900,2021-06-28 16:49:00,TBPH
15.82,15.82,15.82,15.82,300,2021-06-28 16:50:00,TBPH
15.82,15.82,15.8109,15.8109,928,2021-06-28 16:51:00,TBPH
15.81,15.8101,15.805,15.805,1180,2021-06-28 16:52:00,TBPH
15.805,15.805,15.805,15.805,100,2021-06-28 16:54:00,TBPH
15.805,15.805,15.805,15.805,100,2021-06-28 16:55:00,TBPH
15.805,15.805,15.805,15.805,200,2021-06-28 16:57:00,TBPH
15.805,15.805,15.805,15.805,100,2021-06-28 16:58:00,TBPH
15.805,15.805,15.805,15.805,300,2021-06-28 16:59:00,TBPH
15.81,15.81,15.81,15.81,100,2021-06-28 17:00:00,TBPH
15.805,15.81,15.805,15.81,400,2021-06-28 17:01:00,TBPH
15.81,15.81,15.81,15.81,100,2021-06-28 17:03:00,TBPH
15.805,15.81,15.805,15.81,400,2021-06-28 17:07:00,TBPH
15.805,15.805,15.801,15.801,200,2021-06-28 17:08:00,TBPH
15.8,15.805,15.8,15.805,300,2021-06-28 17:09:00,TBPH
15.81,15.81,15.81,15.81,100,2021-06-28 17:10:00,TBPH
15.81,15.81,15.81,15.81,100,2021-06-28 17:11:00,TBPH
15.81,15.81,15.81,15.81,100,2021-06-28 17:12:00,TBPH
15.805,15.81,15.805,15.81,300,2021-06-28 17:13:00,TBPH
15.8,15.8,15.8,15.8,306,2021-06-28 17:15:00,TBPH
15.805,15.81,15.805,15.81,300,2021-06-28 17:16:00,TBPH
15.805,15.81,15.805,15.81,2715,2021-06-28 17:19:00,TBPH
15.82,15.855,15.81,15.81,6156,2021-06-28 17:20:00,TBPH
15.81,15.82,15.8,15.82,800,2021-06-28 17:21:00,TBPH
15.8,15.81,15.8,15.8001,1354,2021-06-28 17:22:00,TBPH
15.805,15.805,15.805,15.805,100,2021-06-28 17:24:00,TBPH
15.8,15.805,15.8,15.8002,2246,2021-06-28 17:25:00,TBPH
15.805,15.81,15.805,15.805,1700,2021-06-28 17:26:00,TBPH
15.805,15.805,15.71,15.77,5958,2021-06-28 17:27:00,TBPH
15.76,15.76,15.72,15.72,426,2021-06-28 17:28:00,TBPH
15.7,15.7,15.7,15.7,100,2021-06-28 17:29:00,TBPH
15.71,15.72,15.71,15.71,500,2021-06-28 17:31:00,TBPH
15.725,15.725,15.725,15.725,100,2021-06-28 17:32:00,TBPH
15.73,15.73,15.73,15.73,200,2021-06-28 17:33:00,TBPH
15.74,15.74,15.73,15.73,1200,2021-06-28 17:34:00,TBPH
15.74,15.74,15.74,15.74,100,2021-06-28 17:37:00,TBPH
15.75,15.75,15.75,15.75,720,2021-06-28 17:38:00,TBPH
15.755,15.78,15.755,15.78,1026,2021-06-28 17:39:00,TBPH
15.7701,15.78,15.765,15.765,1208,2021-06-28 17:40:00,TBPH
15.7601,15.765,15.7601,15.765,1100,2021-06-28 17:41:00,TBPH
15.76,15.765,15.76,15.76,1259,2021-06-28 17:42:00,TBPH
15.7525,15.7525,15.74,15.74,400,2021-06-28 17:43:00,TBPH
15.74,15.74,15.735,15.735,200,2021-06-28 17:44:00,TBPH
15.74,15.74,15.74,15.74,100,2021-06-28 17:45:00,TBPH
15.73,15.73,15.63,15.69,4106,2021-06-28 17:46:00,TBPH
15.695,15.705,15.695,15.705,200,2021-06-28 17:47:00,TBPH
15.71,15.71,15.71,15.71,100,2021-06-28 17:49:00,TBPH
15.7,15.705,15.7,15.705,200,2021-06-28 17:50:00,TBPH
15.7001,15.705,15.7001,15.705,300,2021-06-28 17:53:00,TBPH
15.705,15.705,15.705,15.705,100,2021-06-28 17:54:00,TBPH
15.71,15.71,15.71,15.71,691,2021-06-28 17:57:00,TBPH
15.705,15.76,15.705,15.76,3519,2021-06-28 17:58:00,TBPH
15.76,15.76,15.75,15.755,1702,2021-06-28 17:59:00,TBPH
15.755,15.755,15.74,15.74,1100,2021-06-28 18:00:00,TBPH
15.75,15.755,15.75,15.755,700,2021-06-28 18:03:00,TBPH
15.755,15.755,15.755,15.755,100,2021-06-28 18:04:00,TBPH
15.755,15.76,15.755,15.76,200,2021-06-28 18:06:00,TBPH
15.755,15.755,15.755,15.755,100,2021-06-28 18:08:00,TBPH
15.755,15.755,15.755,15.755,100,2021-06-28 18:09:00,TBPH
15.755,15.755,15.755,15.755,100,2021-06-28 18:11:00,TBPH
15.76,15.76,15.76,15.76,100,2021-06-28 18:13:00,TBPH
15.755,15.7599,15.755,15.7599,400,2021-06-28 18:14:00,TBPH
15.7501,15.76,15.7501,15.755,700,2021-06-28 18:16:00,TBPH
15.755,15.755,15.755,15.755,200,2021-06-28 18:17:00,TBPH
15.755,15.755,15.755,15.755,322,2021-06-28 18:18:00,TBPH
15.76,15.76,15.755,15.755,200,2021-06-28 18:19:00,TBPH
15.755,15.755,15.75,15.75,1100,2021-06-28 18:21:00,TBPH
15.745,15.745,15.74,15.74,700,2021-06-28 18:22:00,TBPH
15.735,15.735,15.735,15.735,200,2021-06-28 18:24:00,TBPH
15.735,15.735,15.735,15.735,300,2021-06-28 18:25:00,TBPH
15.735,15.735,15.735,15.735,100,2021-06-28 18:26:00,TBPH
15.735,15.735,15.7301,15.7301,250,2021-06-28 18:27:00,TBPH
15.735,15.735,15.7,15.71,4222,2021-06-28 18:28:00,TBPH
15.71,15.71,15.7,15.705,3214,2021-06-28 18:29:00,TBPH
15.7,15.71,15.7,15.71,912,2021-06-28 18:30:00,TBPH
15.71,15.71,15.705,15.705,200,2021-06-28 18:31:00,TBPH
15.705,15.705,15.705,15.705,100,2021-06-28 18:33:00,TBPH
15.705,15.71,15.705,15.71,200,2021-06-28 18:34:00,TBPH
15.71,15.71,15.71,15.71,100,2021-06-28 18:35:00,TBPH
15.705,15.71,15.705,15.71,200,2021-06-28 18:37:00,TBPH
15.705,15.71,15.705,15.71,200,2021-06-28 18:38:00,TBPH
15.71,15.72,15.71,15.72,2084,2021-06-28 18:39:00,TBPH
15.715,15.73,15.715,15.725,1257,2021-06-28 18:40:00,TBPH
15.7201,15.7201,15.68,15.68,3185,2021-06-28 18:41:00,TBPH
15.69,15.69,15.69,15.69,100,2021-06-28 18:43:00,TBPH
15.685,15.685,15.685,15.685,100,2021-06-28 18:44:00,TBPH
15.69,15.69,15.69,15.69,400,2021-06-28 18:48:00,TBPH
15.6999,15.6999,15.6999,15.6999,318,2021-06-28 18:49:00,TBPH
15.7,15.72,15.7,15.715,400,2021-06-28 18:50:00,TBPH
15.715,15.715,15.715,15.715,100,2021-06-28 18:51:00,TBPH
15.71,15.71,15.71,15.71,100,2021-06-28 18:52:00,TBPH
15.715,15.715,15.715,15.715,100,2021-06-28 18:53:00,TBPH
15.72,15.72,15.72,15.72,100,2021-06-28 18:54:00,TBPH
15.72,15.72,15.72,15.72,100,2021-06-28 18:55:00,TBPH
15.72,15.72,15.72,15.72,100,2021-06-28 18:56:00,TBPH
15.72,15.72,15.715,15.715,200,2021-06-28 18:57:00,TBPH
15.715,15.72,15.715,15.72,200,2021-06-28 18:59:00,TBPH
15.72,15.72,15.7,15.7,900,2021-06-28 19:00:00,TBPH
15.695,15.695,15.695,15.695,100,2021-06-28 19:02:00,TBPH
15.7,15.7,15.695,15.695,300,2021-06-28 19:03:00,TBPH
15.695,15.7,15.695,15.7,200,2021-06-28 19:04:00,TBPH
15.695,15.695,15.695,15.695,200,2021-06-28 19:06:00,TBPH
15.695,15.7,15.695,15.7,200,2021-06-28 19:08:00,TBPH
15.695,15.695,15.695,15.695,100,2021-06-28 19:09:00,TBPH
15.695,15.7,15.69,15.69,2514,2021-06-28 19:10:00,TBPH
15.685,15.685,15.685,15.685,100,2021-06-28 19:12:00,TBPH
15.69,15.69,15.5901,15.63,7012,2021-06-28 19:13:00,TBPH
15.63,15.63,15.63,15.63,100,2021-06-28 19:14:00,TBPH
15.64,15.64,15.64,15.64,129,2021-06-28 19:15:00,TBPH
15.635,15.64,15.635,15.64,500,2021-06-28 19:16:00,TBPH
15.67,15.675,15.67,15.675,389,2021-06-28 19:17:00,TBPH
15.67,15.675,15.67,15.675,400,2021-06-28 19:19:00,TBPH
15.67,15.67,15.67,15.67,400,2021-06-28 19:20:00,TBPH
15.665,15.67,15.665,15.67,200,2021-06-28 19:21:00,TBPH
15.665,15.665,15.66,15.66,300,2021-06-28 19:23:00,TBPH
15.66,15.66,15.645,15.645,600,2021-06-28 19:24:00,TBPH
15.645,15.645,15.645,15.645,100,2021-06-28 19:25:00,TBPH
15.645,15.645,15.645,15.645,200,2021-06-28 19:26:00,TBPH
15.645,15.645,15.645,15.645,100,2021-06-28 19:27:00,TBPH
15.645,15.65,15.645,15.645,400,2021-06-28 19:28:00,TBPH
15.645,15.645,15.64,15.645,600,2021-06-28 19:29:00,TBPH
15.645,15.645,15.645,15.645,100,2021-06-28 19:30:00,TBPH
15.64,15.64,15.6101,15.6101,3280,2021-06-28 19:31:00,TBPH
15.615,15.64,15.615,15.64,2100,2021-06-28 19:32:00,TBPH
15.635,15.635,15.635,15.635,100,2021-06-28 19:33:00,TBPH
15.64,15.64,15.62,15.62,1817,2021-06-28 19:34:00,TBPH
15.615,15.615,15.615,15.615,200,2021-06-28 19:35:00,TBPH
15.62,15.62,15.62,15.62,1000,2021-06-28 19:36:00,TBPH
15.63,15.63,15.625,15.6289,400,2021-06-28 19:37:00,TBPH
15.625,15.625,15.62,15.625,400,2021-06-28 19:38:00,TBPH
15.625,15.63,15.625,15.63,200,2021-06-28 19:39:00,TBPH
15.625,15.64,15.625,15.64,4248,2021-06-28 19:41:00,TBPH
15.62,15.63,15.62,15.63,500,2021-06-28 19:42:00,TBPH
15.625,15.64,15.625,15.63,1187,2021-06-28 19:43:00,TBPH
15.64,15.64,15.64,15.64,358,2021-06-28 19:44:00,TBPH
15.635,15.66,15.6301,15.645,3900,2021-06-28 19:45:00,TBPH
15.645,15.65,15.64,15.645,1100,2021-06-28 19:46:00,TBPH
15.645,15.645,15.645,15.645,900,2021-06-28 19:47:00,TBPH
15.645,15.65,15.63,15.63,2100,2021-06-28 19:48:00,TBPH
15.63,15.64,15.63,15.64,634,2021-06-28 19:49:00,TBPH
15.65,15.65,15.63,15.635,1200,2021-06-28 19:50:00,TBPH
15.64,15.66,15.64,15.645,3635,2021-06-28 19:51:00,TBPH
15.645,15.645,15.645,15.645,600,2021-06-28 19:52:00,TBPH
15.645,15.65,15.6263,15.6263,3484,2021-06-28 19:53:00,TBPH
15.65,15.8,15.64,15.78,17201,2021-06-28 19:54:00,TBPH
15.76,15.76,15.69,15.695,2685,2021-06-28 19:55:00,TBPH
15.695,15.71,15.695,15.71,2713,2021-06-28 19:56:00,TBPH
15.705,15.71,15.7,15.71,1800,2021-06-28 19:57:00,TBPH
15.705,15.76,15.705,15.76,5697,2021-06-28 19:58:00,TBPH
15.75,15.75,15.72,15.73,6107,2021-06-28 19:59:00,TBPH
15.73,15.73,15.73,15.73,36165,2021-06-28 20:00:00,TBPH
15.73,15.73,15.73,15.73,3368,2021-06-29 13:30:00,TBPH
15.7222,15.7222,15.7222,15.7222,1000,2021-06-29 13:31:00,TBPH
15.625,15.71,15.625,15.7,551,2021-06-29 13:33:00,TBPH
15.7,15.7,15.7,15.7,100,2021-06-29 13:34:00,TBPH
15.73,15.73,15.73,15.73,200,2021-06-29 13:35:00,TBPH
15.7,15.7,15.69,15.69,300,2021-06-29 13:37:00,TBPH
15.735,15.735,15.735,15.735,100,2021-06-29 13:38:00,TBPH
15.79,15.82,15.79,15.82,909,2021-06-29 13:42:00,TBPH
15.805,15.805,15.805,15.805,100,2021-06-29 13:44:00,TBPH
15.8,15.82,15.8,15.82,400,2021-06-29 13:47:00,TBPH
15.83,15.87,15.795,15.795,5179,2021-06-29 13:48:00,TBPH
15.75,15.75,15.7184,15.7184,300,2021-06-29 13:51:00,TBPH
15.69,15.69,15.68,15.68,400,2021-06-29 13:52:00,TBPH
15.59,15.59,15.59,15.59,100,2021-06-29 13:54:00,TBPH
15.53,15.59,15.53,15.5725,675,2021-06-29 13:55:00,TBPH
15.6,15.6,15.6,15.6,100,2021-06-29 13:56:00,TBPH
15.59,15.59,15.56,15.56,464,2021-06-29 13:58:00,TBPH
15.56,15.56,15.56,15.56,100,2021-06-29 13:59:00,TBPH
15.55,15.56,15.55,15.55,300,2021-06-29 14:02:00,TBPH
15.55,15.55,15.54,15.54,215,2021-06-29 14:04:00,TBPH
15.55,15.55,15.53,15.53,200,2021-06-29 14:06:00,TBPH
15.46,15.46,15.45,15.45,400,2021-06-29 14:09:00,TBPH
15.47,15.49,15.47,15.47,300,2021-06-29 14:10:00,TBPH
15.49,15.49,15.49,15.49,200,2021-06-29 14:12:00,TBPH
15.44,15.465,15.44,15.465,500,2021-06-29 14:14:00,TBPH
15.44,15.44,15.44,15.44,100,2021-06-29 14:15:00,TBPH
15.47,15.47,15.45,15.45,315,2021-06-29 14:21:00,TBPH
15.435,15.435,15.42,15.42,200,2021-06-29 14:22:00,TBPH
15.46,15.46,15.46,15.46,100,2021-06-29 14:26:00,TBPH
15.44,15.44,15.44,15.44,100,2021-06-29 14:27:00,TBPH
15.45,15.45,15.45,15.45,330,2021-06-29 14:28:00,TBPH
15.4499,15.45,15.4499,15.45,200,2021-06-29 14:30:00,TBPH
15.47,15.47,15.47,15.47,300,2021-06-29 14:31:00,TBPH
15.49,15.51,15.49,15.51,200,2021-06-29 14:32:00,TBPH
15.49,15.51,15.48,15.51,500,2021-06-29 14:38:00,TBPH
15.52,15.52,15.5,15.5,314,2021-06-29 14:39:00,TBPH
15.49,15.49,15.49,15.49,300,2021-06-29 14:40:00,TBPH
15.44,15.45,15.44,15.45,200,2021-06-29 14:41:00,TBPH
15.46,15.46,15.46,15.46,100,2021-06-29 14:44:00,TBPH
15.45,15.455,15.45,15.455,300,2021-06-29 14:45:00,TBPH
15.5,15.5,15.5,15.5,100,2021-06-29 14:47:00,TBPH
15.46,15.48,15.46,15.47,1500,2021-06-29 14:50:00,TBPH
15.36,15.4,15.36,15.4,200,2021-06-29 14:55:00,TBPH
15.36,15.36,15.36,15.36,516,2021-06-29 14:58:00,TBPH
15.3599,15.3599,15.3599,15.3599,100,2021-06-29 14:59:00,TBPH
15.32,15.3269,15.31,15.3269,836,2021-06-29 15:00:00,TBPH
15.315,15.315,15.315,15.315,100,2021-06-29 15:02:00,TBPH
15.3,15.3,15.24,15.26,1100,2021-06-29 15:03:00,TBPH
15.24,15.24,15.24,15.24,100,2021-06-29 15:04:00,TBPH
15.22,15.23,15.21,15.21,1753,2021-06-29 15:05:00,TBPH
15.19,15.19,15.18,15.19,547,2021-06-29 15:06:00,TBPH
15.2053,15.2053,15.2,15.2,500,2021-06-29 15:07:00,TBPH
15.2,15.22,15.2,15.22,325,2021-06-29 15:08:00,TBPH
15.22,15.22,15.22,15.22,200,2021-06-29 15:09:00,TBPH
15.22,15.25,15.21,15.23,2780,2021-06-29 15:10:00,TBPH
15.25,15.25,15.25,15.25,300,2021-06-29 15:11:00,TBPH
15.255,15.255,15.23,15.25,852,2021-06-29 15:13:00,TBPH
15.25,15.26,15.24,15.26,814,2021-06-29 15:15:00,TBPH
15.27,15.27,15.27,15.27,100,2021-06-29 15:17:00,TBPH
15.26,15.27,15.25,15.25,1350,2021-06-29 15:21:00,TBPH
15.25,15.255,15.25,15.25,460,2021-06-29 15:22:00,TBPH
15.255,15.255,15.255,15.255,100,2021-06-29 15:25:00,TBPH
15.25,15.25,15.24,15.24,300,2021-06-29 15:26:00,TBPH
15.24,15.25,15.24,15.24,1182,2021-06-29 15:28:00,TBPH
15.245,15.28,15.23,15.25,7745,2021-06-29 15:29:00,TBPH
15.25,15.25,15.25,15.25,100,2021-06-29 15:30:00,TBPH
15.25,15.27,15.23,15.27,1776,2021-06-29 15:32:00,TBPH
15.245,15.25,15.23,15.25,2197,2021-06-29 15:34:00,TBPH
15.25,15.25,15.25,15.25,200,2021-06-29 15:36:00,TBPH
15.25,15.25,15.25,15.25,200,2021-06-29 15:37:00,TBPH
15.27,15.28,15.27,15.28,291,2021-06-29 15:40:00,TBPH
15.28,15.31,15.28,15.31,500,2021-06-29 15:44:00,TBPH
15.29,15.29,15.26,15.26,800,2021-06-29 15:46:00,TBPH
15.25,15.255,15.25,15.255,1100,2021-06-29 15:48:00,TBPH
15.25,15.32,15.25,15.295,7255,2021-06-29 15:49:00,TBPH
15.28,15.295,15.22,15.24,2344,2021-06-29 15:51:00,TBPH
15.22,15.22,15.215,15.215,400,2021-06-29 15:52:00,TBPH
15.23,15.23,15.215,15.215,900,2021-06-29 15:54:00,TBPH
15.23,15.23,15.23,15.23,100,2021-06-29 15:55:00,TBPH
15.21,15.24,15.21,15.2317,1500,2021-06-29 15:57:00,TBPH
15.245,15.28,15.23,15.28,2500,2021-06-29 16:00:00,TBPH
15.27,15.27,15.26,15.26,200,2021-06-29 16:01:00,TBPH
15.26,15.29,15.26,15.29,500,2021-06-29 16:02:00,TBPH
15.28,15.28,15.27,15.27,526,2021-06-29 16:03:00,TBPH
15.25,15.25,15.25,15.25,200,2021-06-29 16:04:00,TBPH
15.26,15.26,15.25,15.25,300,2021-06-29 16:05:00,TBPH
15.25,15.25,15.245,15.245,900,2021-06-29 16:06:00,TBPH
15.25,15.25,15.245,15.25,800,2021-06-29 16:07:00,TBPH
15.245,15.245,15.245,15.245,300,2021-06-29 16:08:00,TBPH
15.245,15.2599,15.24,15.24,544,2021-06-29 16:09:00,TBPH
15.245,15.245,15.23,15.245,1503,2021-06-29 16:10:00,TBPH
15.245,15.245,15.245,15.245,100,2021-06-29 16:11:00,TBPH
15.245,15.26,15.245,15.26,876,2021-06-29 16:12:00,TBPH
15.26,15.26,15.24,15.245,1093,2021-06-29 16:14:00,TBPH
15.25,15.25,15.25,15.25,100,2021-06-29 16:15:00,TBPH
15.245,15.245,15.245,15.245,100,2021-06-29 16:16:00,TBPH
15.245,15.29,15.245,15.29,600,2021-06-29 16:17:00,TBPH
15.26,15.26,15.26,15.26,300,2021-06-29 16:19:00,TBPH
15.3,15.3,15.28,15.29,900,2021-06-29 16:20:00,TBPH
15.29,15.3,15.29,15.3,200,2021-06-29 16:21:00,TBPH
15.3,15.31,15.3,15.3,2881,2021-06-29 16:22:00,TBPH
15.3,15.32,15.29,15.29,1200,2021-06-29 16:23:00,TBPH
15.29,15.29,15.27,15.27,446,2021-06-29 16:25:00,TBPH
15.245,15.245,15.245,15.245,100,2021-06-29 16:27:00,TBPH
15.245,15.245,15.23,15.23,749,2021-06-29 16:28:00,TBPH
15.23,15.23,15.23,15.23,521,2021-06-29 16:29:00,TBPH
15.21,15.21,15.17,15.17,1898,2021-06-29 16:30:00,TBPH
15.16,15.17,15.15,15.15,2313,2021-06-29 16:32:00,TBPH
15.18,15.18,15.17,15.17,400,2021-06-29 16:33:00,TBPH
15.17,15.17,15.17,15.17,100,2021-06-29 16:35:00,TBPH
15.18,15.19,15.17,15.19,1000,2021-06-29 16:36:00,TBPH
15.22,15.22,15.22,15.22,100,2021-06-29 16:38:00,TBPH
15.205,15.21,15.205,15.21,300,2021-06-29 16:40:00,TBPH
15.215,15.215,15.215,15.215,100,2021-06-29 16:42:00,TBPH
15.215,15.215,15.18,15.18,634,2021-06-29 16:43:00,TBPH
15.18,15.18,15.18,15.18,100,2021-06-29 16:44:00,TBPH
15.16,15.2,15.15,15.185,6462,2021-06-29 16:46:00,TBPH
15.21,15.21,15.2,15.2,700,2021-06-29 16:47:00,TBPH
15.21,15.21,15.21,15.21,100,2021-06-29 16:48:00,TBPH
15.195,15.195,15.195,15.195,106,2021-06-29 16:49:00,TBPH
15.21,15.23,15.21,15.23,700,2021-06-29 16:50:00,TBPH
15.22,15.22,15.21,15.21,300,2021-06-29 16:56:00,TBPH
15.195,15.21,15.195,15.21,808,2021-06-29 16:58:00,TBPH
15.21,15.21,15.21,15.21,100,2021-06-29 17:00:00,TBPH
15.215,15.215,15.18,15.195,2246,2021-06-29 17:01:00,TBPH
15.21,15.22,15.21,15.22,200,2021-06-29 17:02:00,TBPH
15.19,15.19,15.17,15.17,318,2021-06-29 17:04:00,TBPH
15.17,15.17,15.17,15.17,300,2021-06-29 17:05:00,TBPH
15.175,15.175,15.175,15.175,100,2021-06-29 17:09:00,TBPH
15.16,15.16,15.16,15.16,200,2021-06-29 17:11:00,TBPH
15.16,15.1856,15.16,15.17,1197,2021-06-29 17:13:00,TBPH
15.1899,15.1899,15.17,15.175,434,2021-06-29 17:14:00,TBPH
15.175,15.175,15.07,15.1,10686,2021-06-29 17:15:00,TBPH
15.095,15.095,15.09,15.09,315,2021-06-29 17:16:00,TBPH
15.05,15.05,15.04,15.04,300,2021-06-29 17:18:00,TBPH
15.045,15.045,15.045,15.045,100,2021-06-29 17:19:00,TBPH
15.02,15.045,15.02,15.02,350,2021-06-29 17:20:00,TBPH
15.02,15.02,15.02,15.02,100,2021-06-29 17:21:00,TBPH
15.05,15.0558,15.05,15.0558,1100,2021-06-29 17:22:00,TBPH
15.07,15.07,15.05,15.05,705,2021-06-29 17:23:00,TBPH
15.03,15.03,14.88,14.89,15142,2021-06-29 17:24:00,TBPH
14.89,14.9812,14.89,14.9812,1700,2021-06-29 17:25:00,TBPH
14.97,14.97,14.96,14.96,410,2021-06-29 17:27:00,TBPH
14.96,14.96,14.95,14.95,388,2021-06-29 17:28:00,TBPH
14.94,14.94,14.92,14.92,300,2021-06-29 17:29:00,TBPH
14.94,14.95,14.92,14.9359,3307,2021-06-29 17:30:00,TBPH
14.9,14.9,14.89,14.895,651,2021-06-29 17:31:00,TBPH
14.87,14.88,14.855,14.855,300,2021-06-29 17:32:00,TBPH
14.83,14.86,14.83,14.86,1035,2021-06-29 17:33:00,TBPH
14.87,14.87,14.87,14.87,100,2021-06-29 17:34:00,TBPH
14.88,14.9,14.87,14.88,955,2021-06-29 17:35:00,TBPH
14.865,14.865,14.865,14.865,100,2021-06-29 17:36:00,TBPH
14.85,14.85,14.85,14.85,103,2021-06-29 17:37:00,TBPH
14.865,14.865,14.865,14.865,100,2021-06-29 17:38:00,TBPH
14.85,14.85,14.85,14.85,100,2021-06-29 17:39:00,TBPH
14.85,14.85,14.83,14.85,2500,2021-06-29 17:40:00,TBPH
14.8599,14.8599,14.8599,14.8599,336,2021-06-29 17:41:00,TBPH
14.8536,14.8536,14.8536,14.8536,100,2021-06-29 17:42:00,TBPH
14.84,14.85,14.83,14.83,712,2021-06-29 17:43:00,TBPH
14.84,14.84,14.84,14.84,200,2021-06-29 17:45:00,TBPH
14.825,14.825,14.825,14.825,200,2021-06-29 17:46:00,TBPH
14.84,14.84,14.82,14.83,1400,2021-06-29 17:47:00,TBPH
14.83,14.85,14.825,14.825,400,2021-06-29 17:48:00,TBPH
14.83,14.89,14.83,14.861,2209,2021-06-29 17:49:00,TBPH
14.855,14.88,14.855,14.88,2172,2021-06-29 17:50:00,TBPH
14.88,14.88,14.85,14.88,900,2021-06-29 17:51:00,TBPH
14.89,14.89,14.87,14.87,1400,2021-06-29 17:54:00,TBPH
14.88,14.88,14.88,14.88,100,2021-06-29 17:55:00,TBPH
14.835,14.86,14.81,14.86,1303,2021-06-29 17:56:00,TBPH
14.84,14.855,14.84,14.855,850,2021-06-29 17:57:00,TBPH
14.84,14.84,14.83,14.83,300,2021-06-29 17:58:00,TBPH
14.839,14.84,14.82,14.84,2480,2021-06-29 17:59:00,TBPH
14.84,14.84,14.83,14.83,1006,2021-06-29 18:00:00,TBPH
14.8275,14.84,14.8275,14.84,300,2021-06-29 18:02:00,TBPH
14.84,14.91,14.84,14.91,3003,2021-06-29 18:03:00,TBPH
14.9,14.92,14.9,14.91,1000,2021-06-29 18:05:00,TBPH
14.88,14.91,14.88,14.91,1050,2021-06-29 18:07:00,TBPH
14.895,14.895,14.88,14.89,300,2021-06-29 18:09:00,TBPH
14.87,14.87,14.87,14.87,200,2021-06-29 18:10:00,TBPH
14.875,14.875,14.875,14.875,200,2021-06-29 18:11:00,TBPH
14.85,14.85,14.85,14.85,100,2021-06-29 18:12:00,TBPH
14.85,14.85,14.85,14.85,508,2021-06-29 18:13:00,TBPH
14.845,14.845,14.845,14.845,200,2021-06-29 18:14:00,TBPH
14.87,14.87,14.85,14.85,500,2021-06-29 18:16:00,TBPH
14.8504,14.86,14.845,14.845,602,2021-06-29 18:18:00,TBPH
14.8275,14.8275,14.8275,14.8275,100,2021-06-29 18:20:00,TBPH
14.8275,14.85,14.8275,14.835,502,2021-06-29 18:21:00,TBPH
14.84,14.855,14.84,14.855,200,2021-06-29 18:23:00,TBPH
14.855,14.86,14.855,14.86,200,2021-06-29 18:25:00,TBPH
14.87,14.87,14.86,14.87,2308,2021-06-29 18:26:00,TBPH
14.87,14.88,14.86,14.86,1200,2021-06-29 18:27:00,TBPH
14.87,14.87,14.87,14.87,100,2021-06-29 18:28:00,TBPH
14.85,14.85,14.85,14.85,205,2021-06-29 18:30:00,TBPH
14.87,14.875,14.87,14.87,600,2021-06-29 18:31:00,TBPH
14.84,14.85,14.84,14.85,800,2021-06-29 18:33:00,TBPH
14.84,14.84,14.84,14.84,200,2021-06-29 18:34:00,TBPH
14.85,14.85,14.84,14.84,300,2021-06-29 18:35:00,TBPH
14.85,14.85,14.85,14.85,100,2021-06-29 18:37:00,TBPH
14.84,14.84,14.84,14.84,400,2021-06-29 18:38:00,TBPH
14.85,14.85,14.84,14.84,1051,2021-06-29 18:39:00,TBPH
14.84,14.85,14.84,14.84,1251,2021-06-29 18:40:00,TBPH
14.84,14.85,14.84,14.85,300,2021-06-29 18:41:00,TBPH
14.85,14.85,14.845,14.845,869,2021-06-29 18:42:00,TBPH
14.87,14.875,14.87,14.875,506,2021-06-29 18:46:00,TBPH
14.88,14.935,14.88,14.91,4300,2021-06-29 18:48:00,TBPH
14.94,14.95,14.92,14.95,4100,2021-06-29 18:49:00,TBPH
14.97,14.97,14.94,14.94,2494,2021-06-29 18:50:00,TBPH
14.92,14.92,14.92,14.92,100,2021-06-29 18:52:00,TBPH
14.94,14.96,14.93,14.96,600,2021-06-29 18:53:00,TBPH
14.95,14.95,14.92,14.92,497,2021-06-29 18:58:00,TBPH
14.94,14.94,14.935,14.935,300,2021-06-29 18:59:00,TBPH
14.93,14.93,14.92,14.92,517,2021-06-29 19:00:00,TBPH
14.94,14.94,14.94,14.94,201,2021-06-29 19:01:00,TBPH
14.91,14.93,14.91,14.93,200,2021-06-29 19:03:00,TBPH
14.92,14.92,14.92,14.92,450,2021-06-29 19:04:00,TBPH
14.9,14.9,14.89,14.89,500,2021-06-29 19:05:00,TBPH
14.89,14.9,14.89,14.9,700,2021-06-29 19:06:00,TBPH
14.91,14.91,14.91,14.91,100,2021-06-29 19:08:00,TBPH
14.91,14.91,14.91,14.91,100,2021-06-29 19:09:00,TBPH
14.92,14.92,14.91,14.91,500,2021-06-29 19:10:00,TBPH
14.9,14.9,14.89,14.89,500,2021-06-29 19:11:00,TBPH
14.89,14.895,14.89,14.895,301,2021-06-29 19:14:00,TBPH
14.8922,14.9,14.8922,14.9,301,2021-06-29 19:15:00,TBPH
14.9,14.91,14.9,14.91,505,2021-06-29 19:16:00,TBPH
14.93,14.94,14.92,14.94,1632,2021-06-29 19:18:00,TBPH
14.92,14.92,14.92,14.92,100,2021-06-29 19:19:00,TBPH
14.9052,14.93,14.9052,14.912,400,2021-06-29 19:22:00,TBPH
14.92,14.92,14.92,14.92,100,2021-06-29 19:23:00,TBPH
14.92,14.93,14.91,14.93,300,2021-06-29 19:24:00,TBPH
14.93,14.94,14.92,14.92,700,2021-06-29 19:25:00,TBPH
14.94,14.94,14.94,14.94,500,2021-06-29 19:26:00,TBPH
14.95,14.95,14.95,14.95,200,2021-06-29 19:28:00,TBPH
14.95,14.95,14.95,14.95,200,2021-06-29 19:29:00,TBPH
14.96,14.96,14.96,14.96,200,2021-06-29 19:30:00,TBPH
14.96,14.96,14.95,14.95,300,2021-06-29 19:32:00,TBPH
14.95,14.96,14.95,14.96,500,2021-06-29 19:33:00,TBPH
14.96,14.97,14.95,14.95,3614,2021-06-29 19:35:00,TBPH
14.94,14.94,14.93,14.93,1181,2021-06-29 19:36:00,TBPH
14.94,14.94,14.94,14.94,568,2021-06-29 19:37:00,TBPH
14.95,14.95,14.95,14.95,200,2021-06-29 19:38:00,TBPH
14.955,14.955,14.95,14.95,200,2021-06-29 19:40:00,TBPH
14.99,14.99,14.99,14.99,100,2021-06-29 19:41:00,TBPH
15.0,15.0,14.9701,14.9701,2800,2021-06-29 19:42:00,TBPH
15.01,15.01,14.97,15.0,1412,2021-06-29 19:43:00,TBPH
15.01,15.02,15.0,15.02,1600,2021-06-29 19:45:00,TBPH
15.03,15.03,15.03,15.03,100,2021-06-29 19:46:00,TBPH
15.03,15.03,15.02,15.02,300,2021-06-29 19:47:00,TBPH
15.05,15.05,15.03,15.05,1600,2021-06-29 19:48:00,TBPH
15.035,15.04,15.02,15.04,1000,2021-06-29 19:49:00,TBPH
15.03,15.03,15.01,15.015,4838,2021-06-29 19:50:00,TBPH
15.01,15.01,14.995,14.995,1000,2021-06-29 19:51:00,TBPH
14.99,15.0,14.98,14.98,2885,2021-06-29 19:52:00,TBPH
14.98,14.98,14.98,14.98,300,2021-06-29 19:53:00,TBPH
14.98,15.06,14.98,15.06,2945,2021-06-29 19:54:00,TBPH
15.02,15.05,15.02,15.05,3892,2021-06-29 19:55:00,TBPH
15.05,15.05,15.02,15.02,3085,2021-06-29 19:56:00,TBPH
15.06,15.08,15.05,15.06,3271,2021-06-29 19:57:00,TBPH
15.0599,15.07,15.04,15.07,5873,2021-06-29 19:58:00,TBPH
15.07,15.07,15.01,15.02,6490,2021-06-29 19:59:00,TBPH
15.01,15.01,15.01,15.01,92401,2021-06-29 20:00:00,TBPH
14.92,14.92,14.92,14.92,159,2021-06-30 13:29:00,TBPH
14.87,14.98,14.76,14.98,7498,2021-06-30 13:30:00,TBPH
14.845,14.96,14.8,14.9,3002,2021-06-30 13:33:00,TBPH
14.88,14.885,14.83,14.83,700,2021-06-30 13:34:00,TBPH
14.8,14.93,14.8,14.83,6077,2021-06-30 13:35:00,TBPH
14.83,14.84,14.8,14.84,1000,2021-06-30 13:36:00,TBPH
14.8,14.85,14.75,14.75,5896,2021-06-30 13:37:00,TBPH
14.74,14.79,14.74,14.77,1500,2021-06-30 13:38:00,TBPH
14.79,14.79,14.79,14.79,1400,2021-06-30 13:39:00,TBPH
14.8,14.87,14.8,14.8673,3956,2021-06-30 13:40:00,TBPH
14.81,14.88,14.8,14.875,3300,2021-06-30 13:42:00,TBPH
14.88,14.97,14.87,14.905,1698,2021-06-30 13:43:00,TBPH
14.965,14.965,14.965,14.965,100,2021-06-30 13:46:00,TBPH
14.88,14.91,14.84,14.91,1783,2021-06-30 13:48:00,TBPH
14.85,14.85,14.84,14.84,500,2021-06-30 13:50:00,TBPH
14.78,14.78,14.76,14.76,500,2021-06-30 13:51:00,TBPH
14.7,14.7,14.7,14.7,100,2021-06-30 13:52:00,TBPH
14.765,14.875,14.765,14.875,3400,2021-06-30 13:53:00,TBPH
14.87,14.87,14.8249,14.8249,235,2021-06-30 13:54:00,TBPH
14.9,14.94,14.9,14.9,500,2021-06-30 13:56:00,TBPH
14.91,14.94,14.89,14.89,1200,2021-06-30 13:57:00,TBPH
14.94,14.94,14.94,14.94,100,2021-06-30 13:58:00,TBPH
14.94,14.94,14.94,14.94,100,2021-06-30 13:59:00,TBPH
14.92,14.97,14.92,14.97,3100,2021-06-30 14:02:00,TBPH
14.995,15.0,14.995,14.995,301,2021-06-30 14:03:00,TBPH
14.998,15.01,14.99,14.99,2018,2021-06-30 14:05:00,TBPH
15.0,15.0,15.0,15.0,100,2021-06-30 14:06:00,TBPH
14.96,14.96,14.96,14.96,100,2021-06-30 14:07:00,TBPH
14.95,14.95,14.91,14.91,1020,2021-06-30 14:08:00,TBPH
14.89,14.897,14.84,14.84,1122,2021-06-30 14:10:00,TBPH
14.83,14.85,14.775,14.775,800,2021-06-30 14:11:00,TBPH
14.75,14.79,14.75,14.79,200,2021-06-30 14:12:00,TBPH
14.75,14.75,14.75,14.75,200,2021-06-30 14:13:00,TBPH
14.75,14.75,14.74,14.74,400,2021-06-30 14:14:00,TBPH
14.76,14.77,14.71,14.76,1402,2021-06-30 14:15:00,TBPH
14.76,14.76,14.71,14.71,455,2021-06-30 14:16:00,TBPH
14.71,14.82,14.71,14.78,3000,2021-06-30 14:17:00,TBPH
14.81,14.81,14.79,14.79,800,2021-06-30 14:21:00,TBPH
14.79,14.79,14.79,14.79,100,2021-06-30 14:23:00,TBPH
14.8,14.81,14.77,14.81,650,2021-06-30 14:25:00,TBPH
14.77,14.79,14.76,14.79,300,2021-06-30 14:26:00,TBPH
14.78,14.78,14.76,14.76,500,2021-06-30 14:27:00,TBPH
14.7675,14.7675,14.7675,14.7675,100,2021-06-30 14:28:00,TBPH
14.775,14.775,14.775,14.775,200,2021-06-30 14:29:00,TBPH
14.75,14.775,14.73,14.73,2152,2021-06-30 14:30:00,TBPH
14.73,14.73,14.67,14.67,1991,2021-06-30 14:31:00,TBPH
14.65,14.65,14.6,14.6,300,2021-06-30 14:32:00,TBPH
14.6,14.609,14.58,14.6,1307,2021-06-30 14:33:00,TBPH
14.58,14.6122,14.56,14.6122,1088,2021-06-30 14:34:00,TBPH
14.56,14.56,14.53,14.53,500,2021-06-30 14:35:00,TBPH
14.52,14.615,14.52,14.6,3868,2021-06-30 14:36:00,TBPH
14.59,14.63,14.534,14.55,2725,2021-06-30 14:37:00,TBPH
14.59,14.66,14.55,14.66,2412,2021-06-30 14:38:00,TBPH
14.59,14.59,14.59,14.59,682,2021-06-30 14:39:00,TBPH
14.59,14.59,14.59,14.59,300,2021-06-30 14:40:00,TBPH
14.59,14.615,14.58,14.59,953,2021-06-30 14:41:00,TBPH
14.57,14.57,14.57,14.57,100,2021-06-30 14:42:00,TBPH
14.57,14.59,14.57,14.59,600,2021-06-30 14:43:00,TBPH
14.59,14.67,14.59,14.65,13400,2021-06-30 14:44:00,TBPH
14.7,14.7,14.7,14.7,100,2021-06-30 14:45:00,TBPH
14.7,14.7,14.65,14.65,800,2021-06-30 14:48:00,TBPH
14.63,14.63,14.63,14.63,300,2021-06-30 14:49:00,TBPH
14.6,14.6,14.6,14.6,200,2021-06-30 14:50:00,TBPH
14.58,14.59,14.58,14.59,700,2021-06-30 14:51:00,TBPH
14.58,14.59,14.58,14.59,300,2021-06-30 14:52:00,TBPH
14.59,14.6,14.59,14.6,400,2021-06-30 14:53:00,TBPH
14.61,14.62,14.61,14.62,200,2021-06-30 14:54:00,TBPH
14.6,14.63,14.59,14.61,2766,2021-06-30 14:55:00,TBPH
14.59,14.69,14.59,14.69,4033,2021-06-30 14:56:00,TBPH
14.69,14.72,14.69,14.72,1000,2021-06-30 14:58:00,TBPH
14.715,14.715,14.69,14.69,400,2021-06-30 15:01:00,TBPH
14.71,14.74,14.68,14.735,3508,2021-06-30 15:02:00,TBPH
14.74,14.75,14.72,14.75,560,2021-06-30 15:03:00,TBPH
14.75,14.76,14.75,14.76,500,2021-06-30 15:04:00,TBPH
14.74,14.74,14.74,14.74,200,2021-06-30 15:07:00,TBPH
14.75,14.8,14.74,14.785,2596,2021-06-30 15:08:00,TBPH
14.8,14.83,14.8,14.83,1900,2021-06-30 15:10:00,TBPH
14.84,14.91,14.84,14.905,3228,2021-06-30 15:11:00,TBPH
14.905,14.94,14.9,14.94,2388,2021-06-30 15:12:00,TBPH
14.9287,14.96,14.9287,14.96,1201,2021-06-30 15:13:00,TBPH
14.97,14.99,14.97,14.99,4087,2021-06-30 15:14:00,TBPH
15.0299,15.0299,15.0299,15.0299,100,2021-06-30 15:15:00,TBPH
14.995,14.995,14.995,14.995,200,2021-06-30 15:16:00,TBPH
14.99,14.99,14.99,14.99,308,2021-06-30 15:17:00,TBPH
14.985,14.985,14.96,14.97,400,2021-06-30 15:18:00,TBPH
14.91,14.93,14.91,14.92,400,2021-06-30 15:19:00,TBPH
14.92,14.92,14.92,14.92,200,2021-06-30 15:20:00,TBPH
14.9,14.915,14.9,14.915,600,2021-06-30 15:21:00,TBPH
14.89,14.93,14.89,14.9,900,2021-06-30 15:22:00,TBPH
14.93,14.98,14.93,14.98,2200,2021-06-30 15:23:00,TBPH
14.97,14.97,14.97,14.97,100,2021-06-30 15:24:00,TBPH
14.95,14.97,14.95,14.97,500,2021-06-30 15:25:00,TBPH
14.98,14.98,14.98,14.98,100,2021-06-30 15:27:00,TBPH
14.99,14.99,14.99,14.99,100,2021-06-30 15:29:00,TBPH
14.99,14.99,14.99,14.99,100,2021-06-30 15:30:00,TBPH
14.95,14.97,14.95,14.97,200,2021-06-30 15:32:00,TBPH
14.97,14.99,14.95,14.97,600,2021-06-30 15:33:00,TBPH
14.95,14.95,14.95,14.95,200,2021-06-30 15:34:00,TBPH
14.965,14.965,14.965,14.965,100,2021-06-30 15:35:00,TBPH
14.95,14.98,14.95,14.97,1457,2021-06-30 15:36:00,TBPH
14.98,15.0,14.98,14.99,1000,2021-06-30 15:39:00,TBPH
14.97,14.985,14.97,14.98,700,2021-06-30 15:41:00,TBPH
14.97,14.98,14.95,14.96,850,2021-06-30 15:42:00,TBPH
14.97,14.97,14.93,14.95,600,2021-06-30 15:43:00,TBPH
14.945,14.945,14.945,14.945,200,2021-06-30 15:44:00,TBPH
14.9,14.925,14.89,14.89,500,2021-06-30 15:45:00,TBPH
14.83,14.83,14.83,14.83,100,2021-06-30 15:46:00,TBPH
14.83,14.83,14.83,14.83,100,2021-06-30 15:47:00,TBPH
14.845,14.86,14.845,14.86,200,2021-06-30 15:48:00,TBPH
14.81,14.835,14.81,14.81,644,2021-06-30 15:49:00,TBPH
14.835,14.835,14.81,14.81,200,2021-06-30 15:50:00,TBPH
14.81,14.835,14.81,14.835,834,2021-06-30 15:51:00,TBPH
14.86,14.87,14.845,14.855,2918,2021-06-30 15:52:00,TBPH
14.855,14.87,14.855,14.87,200,2021-06-30 15:53:00,TBPH
14.86,14.87,14.86,14.87,500,2021-06-30 15:54:00,TBPH
14.86,14.86,14.86,14.86,100,2021-06-30 15:55:00,TBPH
14.855,14.855,14.855,14.855,100,2021-06-30 15:57:00,TBPH
14.855,14.855,14.855,14.855,398,2021-06-30 15:58:00,TBPH
14.855,14.88,14.855,14.88,500,2021-06-30 15:59:00,TBPH
14.85,14.87,14.85,14.87,200,2021-06-30 16:03:00,TBPH
14.85,14.87,14.85,14.87,200,2021-06-30 16:04:00,TBPH
14.85,14.88,14.85,14.88,1900,2021-06-30 16:05:00,TBPH
14.89,14.91,14.89,14.91,2300,2021-06-30 16:06:00,TBPH
14.89,14.91,14.89,14.91,470,2021-06-30 16:08:00,TBPH
14.9,14.9,14.9,14.9,200,2021-06-30 16:10:00,TBPH
14.88,14.9,14.88,14.9,200,2021-06-30 16:12:00,TBPH
14.88,14.9,14.88,14.9,200,2021-06-30 16:13:00,TBPH
14.89,14.905,14.89,14.89,400,2021-06-30 16:14:00,TBPH
14.89,14.89,14.89,14.89,100,2021-06-30 16:15:00,TBPH
14.89,14.9,14.89,14.89,741,2021-06-30 16:17:00,TBPH
14.885,14.885,14.885,14.885,100,2021-06-30 16:18:00,TBPH
14.885,14.885,14.87,14.885,400,2021-06-30 16:19:00,TBPH
14.87,14.885,14.87,14.885,200,2021-06-30 16:20:00,TBPH
14.86,14.885,14.86,14.885,300,2021-06-30 16:21:00,TBPH
14.87,14.91,14.87,14.89,600,2021-06-30 16:22:00,TBPH
14.87,14.89,14.87,14.89,200,2021-06-30 16:23:00,TBPH
14.89,14.89,14.87,14.89,300,2021-06-30 16:24:00,TBPH
14.86,14.9,14.86,14.89,300,2021-06-30 16:25:00,TBPH
14.87,14.91,14.87,14.905,3700,2021-06-30 16:26:00,TBPH
14.89,14.955,14.89,14.955,2700,2021-06-30 16:27:00,TBPH
14.96,14.96,14.96,14.96,200,2021-06-30 16:28:00,TBPH
14.965,14.965,14.965,14.965,100,2021-06-30 16:30:00,TBPH
14.98,15.0,14.98,14.99,2154,2021-06-30 16:32:00,TBPH
15.02,15.02,15.02,15.02,600,2021-06-30 16:37:00,TBPH
15.03,15.03,15.03,15.03,300,2021-06-30 16:38:00,TBPH
15.03,15.035,15.02,15.02,1000,2021-06-30 16:39:00,TBPH
15.0,15.0,15.0,15.0,200,2021-06-30 16:41:00,TBPH
15.0,15.005,15.0,15.005,800,2021-06-30 16:43:00,TBPH
15.009,15.02,15.009,15.02,1567,2021-06-30 16:44:00,TBPH
15.0176,15.0176,15.0176,15.0176,250,2021-06-30 16:47:00,TBPH
15.03,15.03,15.0,15.0125,300,2021-06-30 16:52:00,TBPH
15.0,15.0,15.0,15.0,100,2021-06-30 16:53:00,TBPH
15.0,15.01,15.0,15.01,500,2021-06-30 16:54:00,TBPH
15.01,15.01,15.01,15.01,820,2021-06-30 16:55:00,TBPH
15.0,15.005,15.0,15.0,822,2021-06-30 16:56:00,TBPH
15.0,15.03,15.0,15.03,2606,2021-06-30 16:57:00,TBPH
15.03,15.045,15.03,15.045,1400,2021-06-30 17:01:00,TBPH
15.06,15.065,15.06,15.065,473,2021-06-30 17:03:00,TBPH
15.05,15.05,15.04,15.04,900,2021-06-30 17:05:00,TBPH
15.045,15.06,15.045,15.06,1316,2021-06-30 17:09:00,TBPH
15.07,15.07,15.07,15.07,300,2021-06-30 17:10:00,TBPH
15.075,15.075,15.075,15.075,100,2021-06-30 17:13:00,TBPH
15.08,15.1,15.08,15.1,701,2021-06-30 17:14:00,TBPH
15.1174,15.13,15.1174,15.13,350,2021-06-30 17:17:00,TBPH
15.11,15.11,15.1,15.1,856,2021-06-30 17:20:00,TBPH
15.09,15.09,15.09,15.09,200,2021-06-30 17:21:00,TBPH
15.08,15.09,15.07,15.07,383,2021-06-30 17:25:00,TBPH
15.07,15.07,15.07,15.07,100,2021-06-30 17:26:00,TBPH
15.07,15.07,15.07,15.07,100,2021-06-30 17:27:00,TBPH
15.08,15.08,15.0,15.05,8434,2021-06-30 17:29:00,TBPH
15.06,15.06,15.06,15.06,300,2021-06-30 17:30:00,TBPH
15.08,15.09,15.08,15.09,2142,2021-06-30 17:31:00,TBPH
15.095,15.13,15.08,15.13,1572,2021-06-30 17:32:00,TBPH
15.13,15.15,15.13,15.15,1300,2021-06-30 17:33:00,TBPH
15.16,15.18,15.16,15.18,200,2021-06-30 17:35:00,TBPH
15.18,15.18,15.18,15.18,100,2021-06-30 17:36:00,TBPH
15.185,15.185,15.18,15.18,200,2021-06-30 17:38:00,TBPH
15.17,15.17,15.17,15.17,100,2021-06-30 17:39:00,TBPH
15.16,15.16,15.15,15.15,1140,2021-06-30 17:40:00,TBPH
15.15,15.15,15.15,15.15,821,2021-06-30 17:41:00,TBPH
15.15,15.15,15.15,15.15,200,2021-06-30 17:42:00,TBPH
15.15,15.15,15.15,15.15,100,2021-06-30 17:43:00,TBPH
15.15,15.16,15.15,15.15,800,2021-06-30 17:44:00,TBPH
15.15,15.15,15.11,15.11,1482,2021-06-30 17:45:00,TBPH
15.1,15.1,15.1,15.1,100,2021-06-30 17:46:00,TBPH
15.08,15.08,15.08,15.08,200,2021-06-30 17:47:00,TBPH
15.08,15.08,15.08,15.08,100,2021-06-30 17:48:00,TBPH
15.05,15.05,15.05,15.05,200,2021-06-30 17:49:00,TBPH
15.05,15.05,15.05,15.05,100,2021-06-30 17:50:00,TBPH
15.03,15.03,15.03,15.03,500,2021-06-30 17:51:00,TBPH
15.0,15.0,14.99,14.99,300,2021-06-30 17:52:00,TBPH
15.0,15.0,14.98,14.98,300,2021-06-30 17:53:00,TBPH
14.98,14.99,14.96,14.96,300,2021-06-30 17:54:00,TBPH
14.94,14.94,14.94,14.94,100,2021-06-30 17:55:00,TBPH
14.94,14.94,14.9,14.9,200,2021-06-30 17:56:00,TBPH
14.92,14.945,14.92,14.9425,300,2021-06-30 17:57:00,TBPH
14.91,14.91,14.91,14.91,200,2021-06-30 17:58:00,TBPH
14.91,14.91,14.91,14.91,200,2021-06-30 17:59:00,TBPH
14.93,14.93,14.93,14.93,100,2021-06-30 18:00:00,TBPH
14.9,14.9,14.9,14.9,100,2021-06-30 18:01:00,TBPH
14.905,14.905,14.905,14.905,100,2021-06-30 18:02:00,TBPH
14.89,14.89,14.87,14.87,200,2021-06-30 18:03:00,TBPH
14.89,14.89,14.89,14.89,200,2021-06-30 18:04:00,TBPH
14.9,14.94,14.9,14.93,2835,2021-06-30 18:05:00,TBPH
14.93,14.94,14.93,14.93,1189,2021-06-30 18:06:00,TBPH
14.91,14.91,14.91,14.91,150,2021-06-30 18:08:00,TBPH
14.89,14.89,14.89,14.89,100,2021-06-30 18:10:00,TBPH
14.91,14.91,14.91,14.91,148,2021-06-30 18:11:00,TBPH
14.89,14.89,14.89,14.89,500,2021-06-30 18:14:00,TBPH
14.89,14.89,14.89,14.89,100,2021-06-30 18:15:00,TBPH
14.89,14.89,14.89,14.89,200,2021-06-30 18:16:00,TBPH
14.89,14.895,14.88,14.88,500,2021-06-30 18:17:00,TBPH
14.895,14.93,14.895,14.915,7893,2021-06-30 18:18:00,TBPH
14.91,14.93,14.9,14.9,9298,2021-06-30 18:23:00,TBPH
14.91,14.915,14.82,14.82,7837,2021-06-30 18:24:00,TBPH
14.79,14.79,14.79,14.79,100,2021-06-30 18:25:00,TBPH
14.81,14.81,14.81,14.81,200,2021-06-30 18:26:00,TBPH
14.81,14.81,14.81,14.81,200,2021-06-30 18:27:00,TBPH
14.8,14.8,14.75,14.75,1382,2021-06-30 18:28:00,TBPH
14.71,14.74,14.71,14.72,510,2021-06-30 18:29:00,TBPH
14.73,14.735,14.71,14.71,2500,2021-06-30 18:30:00,TBPH
14.71,14.7355,14.7,14.72,1000,2021-06-30 18:31:00,TBPH
14.7,14.72,14.7,14.7,1100,2021-06-30 18:32:00,TBPH
14.72,14.73,14.68,14.725,3705,2021-06-30 18:33:00,TBPH
14.725,14.73,14.7,14.705,2445,2021-06-30 18:34:00,TBPH
14.705,14.705,14.705,14.705,200,2021-06-30 18:35:00,TBPH
14.705,14.705,14.705,14.705,400,2021-06-30 18:36:00,TBPH
14.705,14.705,14.6969,14.6969,200,2021-06-30 18:37:00,TBPH
14.69,14.705,14.69,14.705,400,2021-06-30 18:38:00,TBPH
14.7,14.705,14.69,14.705,600,2021-06-30 18:39:00,TBPH
14.69,14.705,14.68,14.695,1084,2021-06-30 18:40:00,TBPH
14.695,14.695,14.695,14.695,300,2021-06-30 18:41:00,TBPH
14.695,14.71,14.695,14.71,2892,2021-06-30 18:42:00,TBPH
14.71,14.71,14.71,14.71,100,2021-06-30 18:43:00,TBPH
14.7,14.7,14.695,14.695,400,2021-06-30 18:45:00,TBPH
14.68,14.695,14.68,14.68,300,2021-06-30 18:46:00,TBPH
14.71,14.71,14.695,14.695,200,2021-06-30 18:47:00,TBPH
14.695,14.695,14.68,14.695,526,2021-06-30 18:48:00,TBPH
14.695,14.695,14.65,14.67,600,2021-06-30 18:49:00,TBPH
14.66,14.66,14.64,14.655,400,2021-06-30 18:50:00,TBPH
14.63,14.63,14.62,14.62,400,2021-06-30 18:51:00,TBPH
14.64,14.64,14.62,14.63,500,2021-06-30 18:52:00,TBPH
14.63,14.65,14.63,14.63,2274,2021-06-30 18:53:00,TBPH
14.635,14.635,14.635,14.635,300,2021-06-30 18:54:00,TBPH
14.62,14.62,14.62,14.62,100,2021-06-30 18:55:00,TBPH
14.635,14.635,14.57,14.57,2411,2021-06-30 18:56:00,TBPH
14.59,14.59,14.57,14.59,500,2021-06-30 18:57:00,TBPH
14.57,14.595,14.57,14.58,700,2021-06-30 18:58:00,TBPH
14.58,14.625,14.58,14.625,4217,2021-06-30 18:59:00,TBPH
14.62,14.65,14.62,14.64,5111,2021-06-30 19:00:00,TBPH
14.63,14.66,14.63,14.65,2778,2021-06-30 19:01:00,TBPH
14.645,14.645,14.645,14.645,100,2021-06-30 19:02:00,TBPH
14.645,14.645,14.645,14.645,100,2021-06-30 19:03:00,TBPH
14.63,14.63,14.62,14.62,1412,2021-06-30 19:04:00,TBPH
14.6299,14.6299,14.625,14.625,1550,2021-06-30 19:05:00,TBPH
14.625,14.63,14.61,14.625,1540,2021-06-30 19:06:00,TBPH
14.625,14.625,14.61,14.625,4289,2021-06-30 19:07:00,TBPH
14.61,14.62,14.61,14.62,525,2021-06-30 19:08:00,TBPH
14.61,14.615,14.6,14.6,400,2021-06-30 19:09:00,TBPH
14.6,14.605,14.59,14.605,962,2021-06-30 19:10:00,TBPH
14.59,14.6,14.59,14.6,300,2021-06-30 19:11:00,TBPH
14.61,14.62,14.6,14.615,3200,2021-06-30 19:12:00,TBPH
14.615,14.615,14.615,14.615,500,2021-06-30 19:13:00,TBPH
14.615,14.615,14.59,14.59,995,2021-06-30 19:14:00,TBPH
14.59,14.59,14.57,14.57,400,2021-06-30 19:15:00,TBPH
14.565,14.565,14.56,14.565,600,2021-06-30 19:16:00,TBPH
14.565,14.585,14.565,14.57,6241,2021-06-30 19:17:00,TBPH
14.58,14.58,14.58,14.58,300,2021-06-30 19:18:00,TBPH
14.58,14.58,14.58,14.58,300,2021-06-30 19:19:00,TBPH
14.58,14.58,14.58,14.58,300,2021-06-30 19:20:00,TBPH
14.58,14.58,14.57,14.57,200,2021-06-30 19:21:00,TBPH
14.58,14.5899,14.57,14.5899,1371,2021-06-30 19:22:00,TBPH
14.57,14.57,14.55,14.56,1456,2021-06-30 19:23:00,TBPH
14.55,14.5681,14.55,14.55,1243,2021-06-30 19:24:00,TBPH
14.55,14.56,14.55,14.56,500,2021-06-30 19:25:00,TBPH
14.55,14.56,14.55,14.55,300,2021-06-30 19:26:00,TBPH
14.55,14.565,14.55,14.55,4033,2021-06-30 19:27:00,TBPH
14.54,14.545,14.53,14.53,813,2021-06-30 19:28:00,TBPH
14.54,14.55,14.53,14.55,4098,2021-06-30 19:29:00,TBPH
14.54,14.54,14.49,14.49,1958,2021-06-30 19:30:00,TBPH
14.49,14.49,14.46,14.48,400,2021-06-30 19:31:00,TBPH
14.49,14.51,14.4865,14.51,3454,2021-06-30 19:32:00,TBPH
14.51,14.51,14.51,14.51,400,2021-06-30 19:33:00,TBPH
14.51,14.525,14.51,14.525,2611,2021-06-30 19:34:00,TBPH
14.525,14.53,14.525,14.53,1923,2021-06-30 19:35:00,TBPH
14.53,14.53,14.53,14.53,1100,2021-06-30 19:36:00,TBPH
14.53,14.53,14.53,14.53,200,2021-06-30 19:37:00,TBPH
14.53,14.53,14.53,14.53,100,2021-06-30 19:38:00,TBPH
14.53,14.53,14.53,14.53,100,2021-06-30 19:39:00,TBPH
14.53,14.53,14.52,14.53,400,2021-06-30 19:40:00,TBPH
14.53,14.53,14.49,14.515,4266,2021-06-30 19:41:00,TBPH
14.5,14.515,14.5,14.515,400,2021-06-30 19:42:00,TBPH
14.515,14.515,14.5,14.5,700,2021-06-30 19:43:00,TBPH
14.5,14.515,14.48,14.49,3326,2021-06-30 19:44:00,TBPH
14.48,14.49,14.48,14.49,700,2021-06-30 19:45:00,TBPH
14.49,14.49,14.48,14.48,600,2021-06-30 19:46:00,TBPH
14.5,14.51,14.495,14.5,10498,2021-06-30 19:47:00,TBPH
14.5,14.5,14.46,14.475,3373,2021-06-30 19:48:00,TBPH
14.46,14.46,14.46,14.46,200,2021-06-30 19:49:00,TBPH
14.49,14.51,14.49,14.51,7447,2021-06-30 19:50:00,TBPH
14.51,14.51,14.51,14.51,1629,2021-06-30 19:51:00,TBPH
14.51,14.51,14.51,14.51,1200,2021-06-30 19:52:00,TBPH
14.51,14.5196,14.5,14.5196,900,2021-06-30 19:53:00,TBPH
14.51,14.53,14.49,14.51,23909,2021-06-30 19:54:00,TBPH
14.52,14.52,14.51,14.51,2363,2021-06-30 19:55:00,TBPH
14.51,14.51,14.5,14.505,2895,2021-06-30 19:56:00,TBPH
14.505,14.515,14.505,14.51,8332,2021-06-30 19:57:00,TBPH
14.51,14.52,14.49,14.52,12579,2021-06-30 19:58:00,TBPH
14.52,14.54,14.5,14.5,8757,2021-06-30 19:59:00,TBPH
14.52,14.52,14.52,14.52,77920,2021-06-30 20:00:00,TBPH
14.52,14.52,14.52,14.52,727,2021-06-30 20:02:00,TBPH
