open,high,low,close,volume,datetime,symbol
15.17,15.19,15.11,15.19,1969,2021-06-01 13:30:00,VOXX
15.19,15.19,15.19,15.19,133,2021-06-01 13:31:00,VOXX
15.2599,15.2599,15.2599,15.2599,200,2021-06-01 13:32:00,VOXX
15.19,15.19,15.19,15.19,100,2021-06-01 13:33:00,VOXX
15.22,15.28,15.22,15.28,1368,2021-06-01 13:34:00,VOXX
15.27,15.275,15.26,15.275,400,2021-06-01 13:35:00,VOXX
15.28,15.46,15.28,15.37,5748,2021-06-01 13:36:00,VOXX
15.37,15.37,15.37,15.37,100,2021-06-01 13:37:00,VOXX
15.4765,15.4765,15.4765,15.4765,100,2021-06-01 13:39:00,VOXX
15.5,15.5,15.5,15.5,260,2021-06-01 13:40:00,VOXX
15.42,15.42,15.42,15.42,100,2021-06-01 13:42:00,VOXX
15.5,15.535,15.5,15.535,697,2021-06-01 13:44:00,VOXX
15.5,15.5,15.5,15.5,300,2021-06-01 13:50:00,VOXX
15.4,15.4,15.4,15.4,100,2021-06-01 13:51:00,VOXX
15.4,15.46,15.37,15.37,1137,2021-06-01 13:52:00,VOXX
15.405,15.405,15.405,15.405,100,2021-06-01 13:53:00,VOXX
15.46,15.46,15.46,15.46,200,2021-06-01 13:56:00,VOXX
15.45,15.46,15.45,15.46,200,2021-06-01 13:58:00,VOXX
15.5,15.5,15.5,15.5,100,2021-06-01 14:01:00,VOXX
15.57,15.57,15.45,15.5661,300,2021-06-01 14:02:00,VOXX
15.64,15.64,15.64,15.64,300,2021-06-01 14:08:00,VOXX
15.5,15.55,15.5,15.55,1800,2021-06-01 14:13:00,VOXX
15.51,15.51,15.5,15.5,200,2021-06-01 14:14:00,VOXX
15.5,15.52,15.5,15.52,2900,2021-06-01 14:15:00,VOXX
15.57,15.57,15.57,15.57,300,2021-06-01 14:18:00,VOXX
15.52,15.52,15.5,15.5,1000,2021-06-01 14:20:00,VOXX
15.42,15.42,15.42,15.42,100,2021-06-01 14:22:00,VOXX
15.5383,15.5383,15.5383,15.5383,300,2021-06-01 14:26:00,VOXX
15.5488,15.5488,15.5488,15.5488,300,2021-06-01 14:28:00,VOXX
15.5,15.5,15.5,15.5,100,2021-06-01 14:29:00,VOXX
15.5,15.54,15.5,15.54,700,2021-06-01 14:32:00,VOXX
15.53,15.54,15.51,15.5282,1073,2021-06-01 14:34:00,VOXX
15.52,15.52,15.52,15.52,100,2021-06-01 14:35:00,VOXX
15.53,15.53,15.53,15.53,100,2021-06-01 14:43:00,VOXX
15.45,15.45,15.36,15.44,900,2021-06-01 14:45:00,VOXX
15.34,15.34,15.34,15.34,200,2021-06-01 14:47:00,VOXX
15.33,15.33,15.33,15.33,100,2021-06-01 14:49:00,VOXX
15.33,15.33,15.26,15.26,200,2021-06-01 14:50:00,VOXX
15.36,15.36,15.34,15.36,1215,2021-06-01 14:51:00,VOXX
15.36,15.37,15.36,15.37,500,2021-06-01 14:52:00,VOXX
15.37,15.4,15.37,15.4,452,2021-06-01 14:53:00,VOXX
15.42,15.43,15.42,15.43,608,2021-06-01 14:54:00,VOXX
15.41,15.44,15.41,15.44,512,2021-06-01 14:55:00,VOXX
15.45,15.45,15.43,15.43,500,2021-06-01 14:56:00,VOXX
15.45,15.49,15.45,15.49,960,2021-06-01 14:57:00,VOXX
15.48,15.49,15.44,15.49,688,2021-06-01 14:58:00,VOXX
15.46,15.5,15.45,15.5,1915,2021-06-01 14:59:00,VOXX
15.47,15.49,15.45,15.48,600,2021-06-01 15:00:00,VOXX
15.49,15.54,15.49,15.54,408,2021-06-01 15:01:00,VOXX
15.545,15.545,15.545,15.545,100,2021-06-01 15:04:00,VOXX
15.58,15.58,15.58,15.58,200,2021-06-01 15:05:00,VOXX
15.576,15.59,15.576,15.59,600,2021-06-01 15:06:00,VOXX
15.63,15.63,15.63,15.63,100,2021-06-01 15:08:00,VOXX
15.65,15.65,15.65,15.65,100,2021-06-01 15:09:00,VOXX
15.65,15.66,15.625,15.66,527,2021-06-01 15:12:00,VOXX
15.69,15.69,15.65,15.65,494,2021-06-01 15:13:00,VOXX
15.73,15.73,15.73,15.73,200,2021-06-01 15:14:00,VOXX
15.73,15.73,15.73,15.73,200,2021-06-01 15:15:00,VOXX
15.72,15.73,15.65,15.66,406,2021-06-01 15:18:00,VOXX
15.66,15.66,15.66,15.66,100,2021-06-01 15:20:00,VOXX
15.65,15.65,15.65,15.65,100,2021-06-01 15:27:00,VOXX
15.69,15.69,15.69,15.69,100,2021-06-01 15:28:00,VOXX
15.68,15.68,15.68,15.68,100,2021-06-01 15:30:00,VOXX
15.64,15.64,15.64,15.64,128,2021-06-01 15:31:00,VOXX
15.66,15.66,15.65,15.65,300,2021-06-01 15:34:00,VOXX
15.71,15.71,15.71,15.71,200,2021-06-01 15:38:00,VOXX
15.675,15.675,15.675,15.675,500,2021-06-01 15:43:00,VOXX
15.675,15.675,15.675,15.675,100,2021-06-01 15:47:00,VOXX
15.7,15.7,15.7,15.7,100,2021-06-01 15:48:00,VOXX
15.7,15.7,15.7,15.7,200,2021-06-01 15:50:00,VOXX
15.69,15.69,15.68,15.68,300,2021-06-01 15:51:00,VOXX
15.71,15.71,15.71,15.71,497,2021-06-01 15:53:00,VOXX
15.69,15.69,15.69,15.69,159,2021-06-01 15:54:00,VOXX
15.72,15.76,15.719,15.76,1602,2021-06-01 16:03:00,VOXX
15.76,15.76,15.76,15.76,100,2021-06-01 16:04:00,VOXX
15.7799,15.7799,15.7799,15.7799,100,2021-06-01 16:19:00,VOXX
15.745,15.745,15.72,15.72,400,2021-06-01 16:20:00,VOXX
15.77,15.78,15.77,15.78,200,2021-06-01 16:23:00,VOXX
15.75,15.78,15.75,15.7785,700,2021-06-01 16:24:00,VOXX
15.78,15.78,15.78,15.78,100,2021-06-01 16:26:00,VOXX
15.77,15.77,15.77,15.77,100,2021-06-01 16:28:00,VOXX
15.8399,15.8399,15.77,15.77,1400,2021-06-01 16:34:00,VOXX
15.75,15.75,15.75,15.75,126,2021-06-01 16:39:00,VOXX
15.7585,15.77,15.7585,15.77,304,2021-06-01 16:46:00,VOXX
15.69,15.69,15.69,15.69,100,2021-06-01 16:49:00,VOXX
15.67,15.67,15.63,15.63,315,2021-06-01 16:50:00,VOXX
15.63,15.63,15.63,15.63,200,2021-06-01 16:51:00,VOXX
15.63,15.6894,15.63,15.6894,200,2021-06-01 16:53:00,VOXX
15.63,15.63,15.63,15.63,100,2021-06-01 16:54:00,VOXX
15.67,15.67,15.64,15.64,300,2021-06-01 16:55:00,VOXX
15.56,15.56,15.56,15.56,100,2021-06-01 16:56:00,VOXX
15.56,15.56,15.56,15.56,100,2021-06-01 16:58:00,VOXX
15.56,15.56,15.56,15.56,200,2021-06-01 16:59:00,VOXX
15.605,15.605,15.605,15.605,100,2021-06-01 17:00:00,VOXX
15.64,15.65,15.63,15.65,400,2021-06-01 17:01:00,VOXX
15.605,15.605,15.605,15.605,129,2021-06-01 17:02:00,VOXX
15.66,15.685,15.66,15.685,300,2021-06-01 17:03:00,VOXX
15.66,15.67,15.65,15.67,440,2021-06-01 17:04:00,VOXX
15.65,15.68,15.65,15.68,700,2021-06-01 17:05:00,VOXX
15.715,15.715,15.715,15.715,100,2021-06-01 17:06:00,VOXX
15.74,15.74,15.7,15.71,400,2021-06-01 17:10:00,VOXX
15.7624,15.7624,15.76,15.76,302,2021-06-01 17:18:00,VOXX
15.76,15.76,15.76,15.76,300,2021-06-01 17:23:00,VOXX
15.7899,15.7899,15.7899,15.7899,100,2021-06-01 17:28:00,VOXX
15.8,15.8,15.8,15.8,100,2021-06-01 17:33:00,VOXX
15.74,15.74,15.71,15.71,300,2021-06-01 17:34:00,VOXX
15.67,15.67,15.67,15.67,100,2021-06-01 17:35:00,VOXX
15.705,15.705,15.705,15.705,250,2021-06-01 17:36:00,VOXX
15.7339,15.7339,15.7339,15.7339,550,2021-06-01 17:38:00,VOXX
15.74,15.74,15.74,15.74,200,2021-06-01 17:39:00,VOXX
15.79,15.79,15.79,15.79,200,2021-06-01 17:51:00,VOXX
15.78,15.79,15.75,15.75,400,2021-06-01 17:55:00,VOXX
15.75,15.78,15.75,15.76,682,2021-06-01 18:00:00,VOXX
15.79,15.79,15.79,15.79,100,2021-06-01 18:05:00,VOXX
15.76,15.76,15.76,15.76,100,2021-06-01 18:06:00,VOXX
15.76,15.78,15.76,15.78,300,2021-06-01 18:07:00,VOXX
15.81,15.81,15.81,15.81,100,2021-06-01 18:12:00,VOXX
15.82,15.82,15.82,15.82,200,2021-06-01 18:13:00,VOXX
15.8,15.8,15.8,15.8,100,2021-06-01 18:17:00,VOXX
15.75,15.75,15.75,15.75,200,2021-06-01 18:18:00,VOXX
15.74,15.74,15.74,15.74,100,2021-06-01 18:20:00,VOXX
15.79,15.79,15.79,15.79,100,2021-06-01 18:26:00,VOXX
15.79,15.79,15.79,15.79,100,2021-06-01 18:27:00,VOXX
15.77,15.78,15.76,15.78,300,2021-06-01 18:29:00,VOXX
15.8,15.8,15.8,15.8,200,2021-06-01 18:31:00,VOXX
15.8075,15.83,15.8075,15.83,800,2021-06-01 18:34:00,VOXX
15.79,15.79,15.79,15.79,200,2021-06-01 18:38:00,VOXX
15.77,15.77,15.77,15.77,100,2021-06-01 18:40:00,VOXX
15.76,15.77,15.76,15.77,204,2021-06-01 18:41:00,VOXX
15.785,15.785,15.785,15.785,100,2021-06-01 18:43:00,VOXX
15.8,15.8,15.8,15.8,500,2021-06-01 18:44:00,VOXX
15.81,15.81,15.76,15.76,2098,2021-06-01 18:51:00,VOXX
15.745,15.745,15.745,15.745,136,2021-06-01 18:52:00,VOXX
15.77,15.78,15.77,15.77,400,2021-06-01 18:53:00,VOXX
15.73,15.73,15.73,15.73,100,2021-06-01 18:54:00,VOXX
15.78,15.78,15.78,15.78,100,2021-06-01 18:55:00,VOXX
15.77,15.77,15.77,15.77,100,2021-06-01 18:57:00,VOXX
15.79,15.81,15.79,15.81,773,2021-06-01 18:58:00,VOXX
15.8,15.8,15.8,15.8,815,2021-06-01 18:59:00,VOXX
15.74,15.74,15.74,15.74,100,2021-06-01 19:00:00,VOXX
15.77,15.77,15.76,15.76,200,2021-06-01 19:03:00,VOXX
15.76,15.76,15.76,15.76,100,2021-06-01 19:12:00,VOXX
15.8,15.8,15.78,15.78,400,2021-06-01 19:13:00,VOXX
15.76,15.76,15.75,15.75,200,2021-06-01 19:18:00,VOXX
15.75,15.75,15.73,15.73,1125,2021-06-01 19:20:00,VOXX
15.78,15.78,15.78,15.78,100,2021-06-01 19:21:00,VOXX
15.77,15.77,15.77,15.77,100,2021-06-01 19:23:00,VOXX
15.7871,15.7871,15.7871,15.7871,200,2021-06-01 19:24:00,VOXX
15.76,15.76,15.75,15.75,500,2021-06-01 19:26:00,VOXX
15.76,15.76,15.76,15.76,100,2021-06-01 19:27:00,VOXX
15.735,15.735,15.735,15.735,127,2021-06-01 19:28:00,VOXX
15.76,15.76,15.76,15.76,100,2021-06-01 19:29:00,VOXX
15.69,15.69,15.69,15.69,260,2021-06-01 19:31:00,VOXX
15.695,15.72,15.67,15.67,400,2021-06-01 19:35:00,VOXX
15.7,15.71,15.7,15.705,400,2021-06-01 19:36:00,VOXX
15.7,15.7,15.7,15.7,100,2021-06-01 19:38:00,VOXX
15.69,15.69,15.69,15.69,100,2021-06-01 19:39:00,VOXX
15.6501,15.6501,15.6501,15.6501,113,2021-06-01 19:40:00,VOXX
15.66,15.68,15.64,15.665,1742,2021-06-01 19:41:00,VOXX
15.67,15.7,15.6566,15.6566,1127,2021-06-01 19:42:00,VOXX
15.66,15.66,15.635,15.65,900,2021-06-01 19:45:00,VOXX
15.66,15.66,15.6172,15.6172,213,2021-06-01 19:46:00,VOXX
15.61,15.625,15.61,15.625,411,2021-06-01 19:48:00,VOXX
15.65,15.65,15.635,15.635,328,2021-06-01 19:49:00,VOXX
15.6001,15.6001,15.6001,15.6001,101,2021-06-01 19:50:00,VOXX
15.6,15.6,15.55,15.55,844,2021-06-01 19:51:00,VOXX
15.61,15.62,15.55,15.62,700,2021-06-01 19:53:00,VOXX
15.69,15.69,15.5801,15.5801,1523,2021-06-01 19:54:00,VOXX
15.59,15.6799,15.5858,15.63,675,2021-06-01 19:55:00,VOXX
15.59,15.6788,15.59,15.5901,601,2021-06-01 19:56:00,VOXX
15.62,15.63,15.571,15.6,1800,2021-06-01 19:57:00,VOXX
15.57,15.6352,15.57,15.6352,1400,2021-06-01 19:58:00,VOXX
15.635,15.64,15.59,15.64,2427,2021-06-01 19:59:00,VOXX
15.59,15.59,15.59,15.59,9870,2021-06-01 20:00:00,VOXX
15.59,15.59,15.59,15.59,537,2021-06-01 20:20:00,VOXX
15.6,15.6,15.6,15.6,803,2021-06-02 13:30:00,VOXX
15.61,15.61,15.61,15.61,100,2021-06-02 13:31:00,VOXX
15.52,15.52,15.41,15.41,720,2021-06-02 13:34:00,VOXX
15.42,15.42,15.38,15.38,300,2021-06-02 13:35:00,VOXX
15.295,15.46,15.295,15.46,1700,2021-06-02 13:41:00,VOXX
15.44,15.44,15.44,15.44,100,2021-06-02 13:44:00,VOXX
15.15,15.3641,15.15,15.2768,1598,2021-06-02 13:45:00,VOXX
15.2084,15.2084,15.2084,15.2084,318,2021-06-02 13:46:00,VOXX
15.39,15.39,15.39,15.39,100,2021-06-02 13:47:00,VOXX
15.49,15.5,15.41,15.41,1450,2021-06-02 13:52:00,VOXX
15.26,15.3482,15.26,15.3482,1200,2021-06-02 13:56:00,VOXX
15.25,15.25,15.18,15.18,200,2021-06-02 13:57:00,VOXX
15.26,15.3,15.2,15.3,330,2021-06-02 13:58:00,VOXX
15.2554,15.2554,15.2554,15.2554,700,2021-06-02 13:59:00,VOXX
15.21,15.21,15.21,15.21,200,2021-06-02 14:00:00,VOXX
15.2213,15.2213,15.22,15.2201,800,2021-06-02 14:01:00,VOXX
15.23,15.23,15.225,15.225,200,2021-06-02 14:04:00,VOXX
15.23,15.23,15.22,15.22,820,2021-06-02 14:05:00,VOXX
15.18,15.22,15.18,15.22,870,2021-06-02 14:07:00,VOXX
15.13,15.13,15.13,15.13,200,2021-06-02 14:08:00,VOXX
15.13,15.13,15.13,15.13,100,2021-06-02 14:09:00,VOXX
15.16,15.16,15.16,15.16,100,2021-06-02 14:10:00,VOXX
15.13,15.13,15.115,15.115,200,2021-06-02 14:12:00,VOXX
15.15,15.15,15.15,15.15,100,2021-06-02 14:13:00,VOXX
15.18,15.18,15.18,15.18,100,2021-06-02 14:14:00,VOXX
15.11,15.1726,15.11,15.1726,500,2021-06-02 14:15:00,VOXX
15.1,15.1,15.1,15.1,200,2021-06-02 14:16:00,VOXX
15.12,15.15,15.12,15.15,300,2021-06-02 14:17:00,VOXX
15.125,15.125,15.125,15.125,100,2021-06-02 14:18:00,VOXX
15.08,15.095,15.08,15.095,200,2021-06-02 14:22:00,VOXX
15.16,15.16,15.16,15.16,100,2021-06-02 14:24:00,VOXX
15.08,15.08,15.08,15.08,200,2021-06-02 14:26:00,VOXX
15.14,15.16,15.14,15.16,485,2021-06-02 14:28:00,VOXX
15.18,15.23,15.18,15.2044,700,2021-06-02 14:30:00,VOXX
15.23,15.2454,15.23,15.2454,300,2021-06-02 14:31:00,VOXX
15.27,15.27,15.27,15.27,100,2021-06-02 14:32:00,VOXX
15.26,15.26,15.21,15.21,500,2021-06-02 14:33:00,VOXX
15.2276,15.2276,15.2276,15.2276,1440,2021-06-02 14:35:00,VOXX
15.15,15.15,15.14,15.14,300,2021-06-02 14:38:00,VOXX
15.2,15.2,15.145,15.145,200,2021-06-02 14:42:00,VOXX
15.25,15.25,15.16,15.16,200,2021-06-02 14:43:00,VOXX
15.25,15.2504,15.25,15.2504,200,2021-06-02 14:44:00,VOXX
15.26,15.26,15.26,15.26,100,2021-06-02 14:46:00,VOXX
15.21,15.21,15.21,15.21,300,2021-06-02 14:50:00,VOXX
15.19,15.2238,15.19,15.2238,900,2021-06-02 14:51:00,VOXX
15.15,15.15,15.15,15.15,100,2021-06-02 14:54:00,VOXX
15.15,15.15,15.15,15.15,100,2021-06-02 14:56:00,VOXX
15.206,15.206,15.206,15.206,200,2021-06-02 14:57:00,VOXX
15.16,15.16,15.16,15.16,200,2021-06-02 14:58:00,VOXX
15.16,15.24,15.16,15.24,311,2021-06-02 15:00:00,VOXX
15.23,15.23,15.18,15.18,300,2021-06-02 15:01:00,VOXX
15.24,15.24,15.24,15.24,300,2021-06-02 15:03:00,VOXX
15.29,15.34,15.29,15.34,200,2021-06-02 15:04:00,VOXX
15.37,15.37,15.37,15.37,200,2021-06-02 15:05:00,VOXX
15.37,15.37,15.37,15.37,200,2021-06-02 15:06:00,VOXX
15.3684,15.3684,15.3684,15.3684,200,2021-06-02 15:07:00,VOXX
15.43,15.43,15.43,15.43,200,2021-06-02 15:08:00,VOXX
15.43,15.43,15.43,15.43,200,2021-06-02 15:09:00,VOXX
15.43,15.43,15.32,15.32,856,2021-06-02 15:10:00,VOXX
15.345,15.345,15.345,15.345,100,2021-06-02 15:12:00,VOXX
15.37,15.38,15.32,15.38,700,2021-06-02 15:14:00,VOXX
15.39,15.39,15.39,15.39,200,2021-06-02 15:15:00,VOXX
15.32,15.32,15.27,15.27,300,2021-06-02 15:20:00,VOXX
15.3,15.3,15.3,15.3,100,2021-06-02 15:21:00,VOXX
15.29,15.29,15.29,15.29,200,2021-06-02 15:22:00,VOXX
15.29,15.3,15.29,15.3,200,2021-06-02 15:23:00,VOXX
15.29,15.29,15.29,15.29,100,2021-06-02 15:24:00,VOXX
15.295,15.295,15.295,15.295,100,2021-06-02 15:25:00,VOXX
15.29,15.29,15.29,15.29,100,2021-06-02 15:26:00,VOXX
15.29,15.29,15.29,15.29,100,2021-06-02 15:27:00,VOXX
15.23,15.23,15.23,15.23,100,2021-06-02 15:28:00,VOXX
15.2,15.31,15.2,15.31,500,2021-06-02 15:29:00,VOXX
15.33,15.33,15.33,15.33,100,2021-06-02 15:30:00,VOXX
15.34,15.375,15.34,15.375,800,2021-06-02 15:36:00,VOXX
15.4,15.4,15.4,15.4,100,2021-06-02 15:40:00,VOXX
15.372,15.41,15.37,15.41,300,2021-06-02 15:41:00,VOXX
15.42,15.42,15.42,15.42,200,2021-06-02 15:42:00,VOXX
15.37,15.37,15.37,15.37,100,2021-06-02 15:44:00,VOXX
15.402,15.43,15.39,15.43,400,2021-06-02 15:47:00,VOXX
15.36,15.36,15.36,15.36,100,2021-06-02 15:52:00,VOXX
15.3601,15.3601,15.3601,15.3601,300,2021-06-02 15:55:00,VOXX
15.36,15.36,15.36,15.36,100,2021-06-02 15:59:00,VOXX
15.4,15.4,15.4,15.4,600,2021-06-02 16:01:00,VOXX
15.38,15.38,15.33,15.33,200,2021-06-02 16:04:00,VOXX
15.405,15.405,15.405,15.405,200,2021-06-02 16:15:00,VOXX
15.411,15.43,15.411,15.43,320,2021-06-02 16:16:00,VOXX
15.44,15.49,15.43,15.49,758,2021-06-02 16:17:00,VOXX
15.51,15.51,15.49,15.49,318,2021-06-02 16:20:00,VOXX
15.48,15.48,15.48,15.48,300,2021-06-02 16:25:00,VOXX
15.46,15.46,15.46,15.46,300,2021-06-02 16:26:00,VOXX
15.47,15.5,15.47,15.5,400,2021-06-02 16:30:00,VOXX
15.51,15.51,15.51,15.51,100,2021-06-02 16:39:00,VOXX
15.39,15.4,15.39,15.4,303,2021-06-02 16:41:00,VOXX
15.51,15.53,15.51,15.53,300,2021-06-02 16:49:00,VOXX
15.51,15.55,15.5,15.55,2000,2021-06-02 16:53:00,VOXX
15.55,15.55,15.55,15.55,100,2021-06-02 16:54:00,VOXX
15.55,15.55,15.55,15.55,100,2021-06-02 16:56:00,VOXX
15.55,15.57,15.55,15.57,400,2021-06-02 17:03:00,VOXX
15.64,15.64,15.64,15.64,100,2021-06-02 17:09:00,VOXX
15.58,15.64,15.58,15.64,916,2021-06-02 17:14:00,VOXX
15.64,15.64,15.64,15.64,100,2021-06-02 17:17:00,VOXX
15.6113,15.6113,15.6113,15.6113,321,2021-06-02 17:18:00,VOXX
15.56,15.56,15.56,15.56,100,2021-06-02 17:21:00,VOXX
15.56,15.56,15.55,15.55,300,2021-06-02 17:22:00,VOXX
15.55,15.55,15.53,15.55,700,2021-06-02 17:23:00,VOXX
15.49,15.49,15.49,15.49,100,2021-06-02 17:27:00,VOXX
15.45,15.4889,15.44,15.4889,600,2021-06-02 17:28:00,VOXX
15.53,15.56,15.52,15.52,1000,2021-06-02 17:29:00,VOXX
15.455,15.455,15.4273,15.4273,320,2021-06-02 17:33:00,VOXX
15.51,15.54,15.51,15.54,400,2021-06-02 17:36:00,VOXX
15.4401,15.4401,15.4401,15.4401,100,2021-06-02 17:41:00,VOXX
15.505,15.505,15.505,15.505,100,2021-06-02 17:44:00,VOXX
15.57,15.57,15.525,15.525,400,2021-06-02 17:51:00,VOXX
15.5611,15.5611,15.5611,15.5611,259,2021-06-02 17:53:00,VOXX
15.57,15.57,15.525,15.525,200,2021-06-02 17:56:00,VOXX
15.57,15.57,15.57,15.57,100,2021-06-02 18:00:00,VOXX
15.57,15.59,15.57,15.59,500,2021-06-02 18:01:00,VOXX
15.595,15.62,15.58,15.62,400,2021-06-02 18:03:00,VOXX
15.585,15.585,15.585,15.585,200,2021-06-02 18:05:00,VOXX
15.609,15.62,15.609,15.62,200,2021-06-02 18:07:00,VOXX
15.59,15.59,15.585,15.59,428,2021-06-02 18:10:00,VOXX
15.56,15.56,15.56,15.56,200,2021-06-02 18:11:00,VOXX
15.56,15.56,15.56,15.56,200,2021-06-02 18:15:00,VOXX
15.6,15.6,15.6,15.6,163,2021-06-02 18:16:00,VOXX
15.585,15.6,15.56,15.56,754,2021-06-02 18:17:00,VOXX
15.53,15.53,15.53,15.53,321,2021-06-02 18:18:00,VOXX
15.54,15.54,15.54,15.54,300,2021-06-02 18:20:00,VOXX
15.51,15.535,15.51,15.535,500,2021-06-02 18:23:00,VOXX
15.52,15.52,15.52,15.52,200,2021-06-02 18:24:00,VOXX
15.53,15.53,15.53,15.53,100,2021-06-02 18:26:00,VOXX
15.47,15.47,15.47,15.47,100,2021-06-02 18:29:00,VOXX
15.5,15.5,15.5,15.5,100,2021-06-02 18:32:00,VOXX
15.54,15.55,15.53,15.54,1419,2021-06-02 18:34:00,VOXX
15.55,15.55,15.55,15.55,100,2021-06-02 18:38:00,VOXX
15.53,15.53,15.53,15.53,100,2021-06-02 18:40:00,VOXX
15.54,15.54,15.54,15.54,100,2021-06-02 18:41:00,VOXX
15.52,15.545,15.52,15.535,750,2021-06-02 18:46:00,VOXX
15.54,15.54,15.54,15.54,100,2021-06-02 18:59:00,VOXX
15.55,15.56,15.55,15.56,300,2021-06-02 19:00:00,VOXX
15.54,15.545,15.54,15.545,200,2021-06-02 19:02:00,VOXX
15.53,15.53,15.53,15.53,100,2021-06-02 19:04:00,VOXX
15.54,15.55,15.54,15.55,200,2021-06-02 19:06:00,VOXX
15.56,15.57,15.56,15.57,440,2021-06-02 19:14:00,VOXX
15.6,15.6,15.6,15.6,100,2021-06-02 19:20:00,VOXX
15.6,15.6,15.6,15.6,475,2021-06-02 19:30:00,VOXX
15.5744,15.5744,15.5744,15.5744,300,2021-06-02 19:31:00,VOXX
15.53,15.53,15.53,15.53,100,2021-06-02 19:34:00,VOXX
15.55,15.55,15.55,15.55,100,2021-06-02 19:35:00,VOXX
15.55,15.56,15.53,15.53,600,2021-06-02 19:36:00,VOXX
15.5,15.52,15.5,15.52,300,2021-06-02 19:40:00,VOXX
15.48,15.48,15.48,15.48,100,2021-06-02 19:41:00,VOXX
15.52,15.53,15.52,15.53,400,2021-06-02 19:42:00,VOXX
15.54,15.54,15.54,15.54,552,2021-06-02 19:44:00,VOXX
15.505,15.505,15.505,15.505,100,2021-06-02 19:46:00,VOXX
15.505,15.505,15.505,15.505,100,2021-06-02 19:47:00,VOXX
15.54,15.57,15.53,15.55,1328,2021-06-02 19:50:00,VOXX
15.54,15.54,15.54,15.54,359,2021-06-02 19:51:00,VOXX
15.52,15.525,15.49,15.49,450,2021-06-02 19:54:00,VOXX
15.52,15.56,15.48,15.56,900,2021-06-02 19:55:00,VOXX
15.56,15.56,15.56,15.56,100,2021-06-02 19:56:00,VOXX
15.495,15.52,15.47,15.52,768,2021-06-02 19:57:00,VOXX
15.535,15.535,15.52,15.52,800,2021-06-02 19:58:00,VOXX
15.56,15.57,15.53,15.55,716,2021-06-02 19:59:00,VOXX
15.53,15.53,15.53,15.53,6632,2021-06-02 20:00:00,VOXX
15.45,15.5,15.3,15.3,4672,2021-06-03 13:30:00,VOXX
15.52,15.52,15.52,15.52,100,2021-06-03 13:31:00,VOXX
15.51,15.51,15.33,15.33,200,2021-06-03 13:32:00,VOXX
15.51,15.51,15.51,15.51,100,2021-06-03 13:36:00,VOXX
15.34,15.37,15.21,15.35,3240,2021-06-03 13:40:00,VOXX
15.42,15.42,15.2,15.41,400,2021-06-03 13:42:00,VOXX
15.31,15.31,15.31,15.31,100,2021-06-03 13:43:00,VOXX
15.41,15.41,15.41,15.41,200,2021-06-03 13:44:00,VOXX
15.39,15.39,15.39,15.39,100,2021-06-03 13:45:00,VOXX
15.38,15.38,15.295,15.295,200,2021-06-03 13:46:00,VOXX
15.295,15.295,15.295,15.295,100,2021-06-03 13:47:00,VOXX
15.38,15.38,15.15,15.15,1200,2021-06-03 13:49:00,VOXX
15.24,15.24,15.19,15.19,350,2021-06-03 13:51:00,VOXX
15.24,15.24,15.24,15.24,200,2021-06-03 13:52:00,VOXX
15.35,15.35,15.35,15.35,100,2021-06-03 13:53:00,VOXX
15.35,15.35,15.32,15.35,400,2021-06-03 13:54:00,VOXX
15.38,15.38,15.29,15.29,300,2021-06-03 13:55:00,VOXX
15.32,15.32,15.32,15.32,100,2021-06-03 13:56:00,VOXX
15.33,15.39,15.33,15.39,200,2021-06-03 13:57:00,VOXX
15.39,15.43,15.39,15.43,200,2021-06-03 13:58:00,VOXX
15.44,15.44,15.44,15.44,100,2021-06-03 13:59:00,VOXX
15.4,15.4,15.4,15.4,732,2021-06-03 14:07:00,VOXX
15.35,15.385,15.32,15.385,300,2021-06-03 14:08:00,VOXX
15.44,15.44,15.44,15.44,100,2021-06-03 14:09:00,VOXX
15.3099,15.3099,15.24,15.24,2300,2021-06-03 14:17:00,VOXX
15.3,15.3,15.3,15.3,100,2021-06-03 14:18:00,VOXX
15.34,15.35,15.26,15.35,300,2021-06-03 14:19:00,VOXX
15.4,15.4,15.28,15.39,2288,2021-06-03 14:20:00,VOXX
15.36,15.4,15.34,15.34,400,2021-06-03 14:21:00,VOXX
15.41,15.49,15.41,15.44,300,2021-06-03 14:22:00,VOXX
15.5,15.53,15.4,15.4,2654,2021-06-03 14:23:00,VOXX
15.56,15.56,15.56,15.56,100,2021-06-03 14:24:00,VOXX
15.56,15.56,15.42,15.49,300,2021-06-03 14:25:00,VOXX
15.43,15.43,15.43,15.43,100,2021-06-03 14:26:00,VOXX
15.56,15.56,15.49,15.49,200,2021-06-03 14:27:00,VOXX
15.56,15.56,15.54,15.54,200,2021-06-03 14:28:00,VOXX
15.44,15.505,15.42,15.42,300,2021-06-03 14:29:00,VOXX
15.58,15.58,15.58,15.58,200,2021-06-03 14:31:00,VOXX
15.5,15.5,15.42,15.5,300,2021-06-03 14:32:00,VOXX
15.575,15.575,15.575,15.575,100,2021-06-03 14:33:00,VOXX
15.57,15.6,15.512,15.6,300,2021-06-03 14:34:00,VOXX
15.65,15.65,15.61,15.61,200,2021-06-03 14:35:00,VOXX
15.48,15.6086,15.48,15.6086,325,2021-06-03 14:36:00,VOXX
15.61,15.61,15.545,15.545,200,2021-06-03 14:37:00,VOXX
15.49,15.54,15.49,15.54,200,2021-06-03 14:38:00,VOXX
15.59,15.59,15.59,15.59,100,2021-06-03 14:39:00,VOXX
15.58,15.59,15.58,15.59,488,2021-06-03 14:40:00,VOXX
15.5665,15.58,15.565,15.58,400,2021-06-03 14:41:00,VOXX
15.59,15.65,15.57,15.65,500,2021-06-03 14:43:00,VOXX
15.65,15.65,15.65,15.65,100,2021-06-03 14:44:00,VOXX
15.63,15.63,15.63,15.63,100,2021-06-03 14:45:00,VOXX
15.63,15.63,15.63,15.63,100,2021-06-03 14:46:00,VOXX
15.65,15.65,15.65,15.65,100,2021-06-03 14:47:00,VOXX
15.68,15.68,15.68,15.68,100,2021-06-03 14:48:00,VOXX
15.68,15.68,15.61,15.61,200,2021-06-03 14:49:00,VOXX
15.69,15.69,15.69,15.69,200,2021-06-03 14:50:00,VOXX
15.705,15.705,15.705,15.705,100,2021-06-03 14:51:00,VOXX
15.67,15.705,15.66,15.67,803,2021-06-03 14:52:00,VOXX
15.72,15.72,15.67,15.67,200,2021-06-03 14:53:00,VOXX
15.695,15.695,15.695,15.695,100,2021-06-03 14:54:00,VOXX
15.7,15.72,15.6992,15.6992,707,2021-06-03 14:55:00,VOXX
15.725,15.7422,15.725,15.7397,400,2021-06-03 14:56:00,VOXX
15.72,15.72,15.71,15.71,200,2021-06-03 14:57:00,VOXX
15.69,15.69,15.69,15.69,100,2021-06-03 14:58:00,VOXX
15.7527,15.79,15.7527,15.79,400,2021-06-03 14:59:00,VOXX
15.78,15.78,15.77,15.77,200,2021-06-03 15:00:00,VOXX
15.75,15.75,15.75,15.75,100,2021-06-03 15:01:00,VOXX
15.7546,15.76,15.7546,15.76,300,2021-06-03 15:02:00,VOXX
15.71,15.76,15.71,15.76,200,2021-06-03 15:03:00,VOXX
15.76,15.76,15.76,15.76,100,2021-06-03 15:04:00,VOXX
15.76,15.77,15.76,15.77,200,2021-06-03 15:05:00,VOXX
15.74,15.75,15.74,15.75,600,2021-06-03 15:06:00,VOXX
15.73,15.755,15.73,15.755,200,2021-06-03 15:07:00,VOXX
15.77,15.77,15.77,15.77,100,2021-06-03 15:08:00,VOXX
15.77,15.77,15.77,15.77,100,2021-06-03 15:10:00,VOXX
15.77,15.77,15.77,15.77,100,2021-06-03 15:11:00,VOXX
15.77,15.77,15.77,15.77,100,2021-06-03 15:13:00,VOXX
15.77,15.77,15.68,15.68,200,2021-06-03 15:14:00,VOXX
15.67,15.715,15.67,15.715,200,2021-06-03 15:15:00,VOXX
15.66,15.71,15.66,15.6968,500,2021-06-03 15:16:00,VOXX
15.645,15.645,15.645,15.645,100,2021-06-03 15:18:00,VOXX
15.6,15.6,15.6,15.6,100,2021-06-03 15:22:00,VOXX
15.64,15.64,15.64,15.64,100,2021-06-03 15:23:00,VOXX
15.52,15.52,15.52,15.52,100,2021-06-03 15:24:00,VOXX
15.51,15.58,15.51,15.58,300,2021-06-03 15:26:00,VOXX
15.59,15.59,15.59,15.59,100,2021-06-03 15:27:00,VOXX
15.59,15.59,15.5,15.5,200,2021-06-03 15:28:00,VOXX
15.5709,15.5709,15.5709,15.5709,400,2021-06-03 15:29:00,VOXX
15.53,15.53,15.53,15.53,400,2021-06-03 15:30:00,VOXX
15.57,15.59,15.57,15.58,400,2021-06-03 15:32:00,VOXX
15.62,15.62,15.62,15.62,100,2021-06-03 15:33:00,VOXX
15.625,15.67,15.58,15.67,300,2021-06-03 15:34:00,VOXX
15.68,15.68,15.68,15.68,300,2021-06-03 15:36:00,VOXX
15.6501,15.74,15.6501,15.74,450,2021-06-03 15:37:00,VOXX
15.76,15.76,15.76,15.76,100,2021-06-03 15:38:00,VOXX
15.66,15.66,15.66,15.66,100,2021-06-03 15:39:00,VOXX
15.68,15.68,15.65,15.65,645,2021-06-03 15:45:00,VOXX
15.645,15.645,15.6303,15.645,600,2021-06-03 15:46:00,VOXX
15.59,15.59,15.59,15.59,100,2021-06-03 15:47:00,VOXX
15.67,15.67,15.67,15.67,100,2021-06-03 15:48:00,VOXX
15.67,15.67,15.67,15.67,400,2021-06-03 15:49:00,VOXX
15.67,15.67,15.57,15.67,700,2021-06-03 15:50:00,VOXX
15.57,15.57,15.57,15.57,100,2021-06-03 15:51:00,VOXX
15.57,15.59,15.48,15.59,700,2021-06-03 15:52:00,VOXX
15.58,15.58,15.58,15.58,100,2021-06-03 15:53:00,VOXX
15.58,15.58,15.58,15.58,100,2021-06-03 15:54:00,VOXX
15.5,15.59,15.49,15.49,500,2021-06-03 15:56:00,VOXX
15.59,15.59,15.59,15.59,100,2021-06-03 15:57:00,VOXX
15.535,15.66,15.535,15.66,700,2021-06-03 15:59:00,VOXX
15.615,15.615,15.615,15.615,100,2021-06-03 16:00:00,VOXX
15.57,15.6103,15.54,15.54,393,2021-06-03 16:01:00,VOXX
15.52,15.66,15.52,15.66,600,2021-06-03 16:02:00,VOXX
15.65,15.65,15.65,15.65,100,2021-06-03 16:03:00,VOXX
15.58,15.58,15.58,15.58,100,2021-06-03 16:08:00,VOXX
15.62,15.62,15.62,15.62,100,2021-06-03 16:09:00,VOXX
15.57,15.57,15.57,15.57,100,2021-06-03 16:11:00,VOXX
15.62,15.639,15.62,15.639,732,2021-06-03 16:12:00,VOXX
15.63,15.65,15.63,15.65,200,2021-06-03 16:13:00,VOXX
15.65,15.65,15.61,15.61,200,2021-06-03 16:15:00,VOXX
15.65,15.65,15.58,15.58,200,2021-06-03 16:19:00,VOXX
15.58,15.58,15.58,15.58,100,2021-06-03 16:21:00,VOXX
15.64,15.64,15.64,15.64,100,2021-06-03 16:23:00,VOXX
15.64,15.64,15.61,15.61,300,2021-06-03 16:28:00,VOXX
15.64,15.64,15.64,15.64,200,2021-06-03 16:29:00,VOXX
15.61,15.61,15.61,15.61,101,2021-06-03 16:31:00,VOXX
15.67,15.67,15.67,15.67,100,2021-06-03 16:32:00,VOXX
15.625,15.64,15.625,15.64,623,2021-06-03 16:40:00,VOXX
15.68,15.68,15.68,15.68,100,2021-06-03 16:42:00,VOXX
15.68,15.68,15.68,15.68,200,2021-06-03 16:43:00,VOXX
15.655,15.655,15.655,15.655,100,2021-06-03 16:46:00,VOXX
15.7,15.7,15.7,15.7,100,2021-06-03 16:47:00,VOXX
15.63,15.7,15.62,15.7,300,2021-06-03 16:49:00,VOXX
15.64,15.64,15.64,15.64,100,2021-06-03 16:56:00,VOXX
15.6201,15.645,15.6201,15.645,291,2021-06-03 17:04:00,VOXX
15.57,15.64,15.57,15.64,200,2021-06-03 17:08:00,VOXX
15.6,15.6,15.6,15.6,100,2021-06-03 17:09:00,VOXX
15.63,15.63,15.61,15.61,400,2021-06-03 17:10:00,VOXX
15.645,15.645,15.645,15.645,100,2021-06-03 17:11:00,VOXX
15.6172,15.68,15.6172,15.68,300,2021-06-03 17:13:00,VOXX
15.67,15.67,15.67,15.67,100,2021-06-03 17:14:00,VOXX
15.68,15.68,15.68,15.68,100,2021-06-03 17:15:00,VOXX
15.645,15.68,15.645,15.67,400,2021-06-03 17:16:00,VOXX
15.73,15.73,15.73,15.73,100,2021-06-03 17:18:00,VOXX
15.73,15.75,15.73,15.75,652,2021-06-03 17:19:00,VOXX
15.7,15.7,15.7,15.7,100,2021-06-03 17:20:00,VOXX
15.73,15.75,15.73,15.75,300,2021-06-03 17:22:00,VOXX
15.76,15.77,15.76,15.77,200,2021-06-03 17:23:00,VOXX
15.775,15.775,15.775,15.775,100,2021-06-03 17:24:00,VOXX
15.745,15.745,15.745,15.745,100,2021-06-03 17:25:00,VOXX
15.77,15.77,15.77,15.77,100,2021-06-03 17:27:00,VOXX
15.76,15.78,15.76,15.78,400,2021-06-03 17:29:00,VOXX
15.76,15.76,15.76,15.76,100,2021-06-03 17:31:00,VOXX
15.7,15.7,15.7,15.7,100,2021-06-03 17:36:00,VOXX
15.74,15.74,15.74,15.74,400,2021-06-03 17:39:00,VOXX
15.7,15.7,15.7,15.7,100,2021-06-03 17:40:00,VOXX
15.73,15.73,15.73,15.73,100,2021-06-03 17:43:00,VOXX
15.68,15.68,15.68,15.68,230,2021-06-03 17:47:00,VOXX
15.695,15.695,15.695,15.695,100,2021-06-03 17:48:00,VOXX
15.71,15.71,15.71,15.71,100,2021-06-03 17:49:00,VOXX
15.62,15.62,15.62,15.62,500,2021-06-03 17:50:00,VOXX
15.7,15.71,15.7,15.71,500,2021-06-03 17:53:00,VOXX
15.685,15.685,15.685,15.685,100,2021-06-03 17:54:00,VOXX
15.72,15.72,15.72,15.72,100,2021-06-03 17:55:00,VOXX
15.66,15.68,15.66,15.68,200,2021-06-03 17:56:00,VOXX
15.65,15.72,15.65,15.72,200,2021-06-03 17:58:00,VOXX
15.64,15.64,15.64,15.64,100,2021-06-03 18:00:00,VOXX
15.67,15.67,15.67,15.67,200,2021-06-03 18:01:00,VOXX
15.6,15.6,15.6,15.6,100,2021-06-03 18:02:00,VOXX
15.635,15.68,15.635,15.68,300,2021-06-03 18:03:00,VOXX
15.68,15.71,15.68,15.7037,618,2021-06-03 18:04:00,VOXX
15.72,15.76,15.72,15.76,500,2021-06-03 18:06:00,VOXX
15.74,15.74,15.74,15.74,100,2021-06-03 18:08:00,VOXX
15.74,15.74,15.74,15.74,100,2021-06-03 18:09:00,VOXX
15.68,15.68,15.68,15.68,318,2021-06-03 18:15:00,VOXX
15.65,15.66,15.65,15.66,300,2021-06-03 18:16:00,VOXX
15.665,15.665,15.66,15.66,200,2021-06-03 18:17:00,VOXX
15.684,15.73,15.684,15.72,2476,2021-06-03 18:19:00,VOXX
15.7,15.7,15.69,15.69,400,2021-06-03 18:20:00,VOXX
15.705,15.73,15.705,15.73,300,2021-06-03 18:22:00,VOXX
15.73,15.73,15.73,15.73,100,2021-06-03 18:23:00,VOXX
15.73,15.73,15.73,15.73,200,2021-06-03 18:24:00,VOXX
15.69,15.7012,15.69,15.7012,600,2021-06-03 18:25:00,VOXX
15.7,15.71,15.7,15.705,500,2021-06-03 18:26:00,VOXX
15.72,15.74,15.72,15.72,1196,2021-06-03 18:27:00,VOXX
15.74,15.74,15.74,15.74,100,2021-06-03 18:28:00,VOXX
15.7584,15.7584,15.7584,15.7584,150,2021-06-03 18:29:00,VOXX
15.77,15.77,15.74,15.7699,750,2021-06-03 18:30:00,VOXX
15.7402,15.7402,15.735,15.735,200,2021-06-03 18:31:00,VOXX
15.76,15.76,15.76,15.76,100,2021-06-03 18:32:00,VOXX
15.76,15.76,15.76,15.76,100,2021-06-03 18:33:00,VOXX
15.76,15.76,15.76,15.76,200,2021-06-03 18:34:00,VOXX
15.72,15.75,15.71,15.75,300,2021-06-03 18:35:00,VOXX
15.71,15.74,15.71,15.74,200,2021-06-03 18:37:00,VOXX
15.71,15.715,15.69,15.69,525,2021-06-03 18:38:00,VOXX
15.7,15.7,15.7,15.7,100,2021-06-03 18:40:00,VOXX
15.7,15.7,15.7,15.7,100,2021-06-03 18:41:00,VOXX
15.675,15.715,15.675,15.7,2100,2021-06-03 18:42:00,VOXX
15.69,15.69,15.675,15.675,300,2021-06-03 18:43:00,VOXX
15.69,15.69,15.69,15.69,100,2021-06-03 18:44:00,VOXX
15.7,15.74,15.7,15.74,1349,2021-06-03 18:45:00,VOXX
15.72,15.72,15.68,15.68,200,2021-06-03 18:46:00,VOXX
15.74,15.74,15.71,15.71,200,2021-06-03 18:47:00,VOXX
15.705,15.71,15.705,15.71,259,2021-06-03 18:48:00,VOXX
15.74,15.74,15.74,15.74,100,2021-06-03 18:50:00,VOXX
15.74,15.74,15.74,15.74,100,2021-06-03 18:51:00,VOXX
15.7399,15.74,15.7399,15.74,200,2021-06-03 18:52:00,VOXX
15.72,15.72,15.65,15.65,400,2021-06-03 18:56:00,VOXX
15.65,15.67,15.65,15.66,400,2021-06-03 18:57:00,VOXX
15.6725,15.6725,15.6454,15.665,500,2021-06-03 18:58:00,VOXX
15.67,15.67,15.67,15.67,100,2021-06-03 18:59:00,VOXX
15.67,15.69,15.67,15.675,400,2021-06-03 19:00:00,VOXX
15.72,15.72,15.72,15.72,100,2021-06-03 19:01:00,VOXX
15.685,15.685,15.685,15.685,100,2021-06-03 19:08:00,VOXX
15.71,15.74,15.71,15.74,400,2021-06-03 19:09:00,VOXX
15.68,15.68,15.68,15.68,100,2021-06-03 19:10:00,VOXX
15.71,15.71,15.695,15.695,300,2021-06-03 19:11:00,VOXX
15.665,15.665,15.665,15.665,100,2021-06-03 19:27:00,VOXX
15.65,15.65,15.65,15.65,100,2021-06-03 19:29:00,VOXX
15.665,15.665,15.65,15.66,400,2021-06-03 19:30:00,VOXX
15.68,15.7,15.68,15.7,700,2021-06-03 19:33:00,VOXX
15.73,15.73,15.68,15.705,500,2021-06-03 19:35:00,VOXX
15.74,15.74,15.725,15.725,200,2021-06-03 19:39:00,VOXX
15.75,15.75,15.75,15.75,502,2021-06-03 19:40:00,VOXX
15.73,15.73,15.73,15.73,100,2021-06-03 19:41:00,VOXX
15.71,15.71,15.68,15.68,600,2021-06-03 19:42:00,VOXX
15.7,15.7,15.7,15.7,100,2021-06-03 19:43:00,VOXX
15.71,15.71,15.7,15.7,200,2021-06-03 19:44:00,VOXX
15.68,15.68,15.68,15.68,200,2021-06-03 19:46:00,VOXX
15.7,15.72,15.7,15.72,200,2021-06-03 19:47:00,VOXX
15.72,15.72,15.69,15.69,200,2021-06-03 19:48:00,VOXX
15.6658,15.69,15.6658,15.69,291,2021-06-03 19:49:00,VOXX
15.71,15.76,15.69,15.69,554,2021-06-03 19:50:00,VOXX
15.73,15.73,15.73,15.73,200,2021-06-03 19:51:00,VOXX
15.74,15.76,15.69,15.69,2327,2021-06-03 19:52:00,VOXX
15.74,15.76,15.73,15.75,800,2021-06-03 19:53:00,VOXX
15.73,15.75,15.71,15.71,400,2021-06-03 19:54:00,VOXX
15.75,15.75,15.69,15.75,1028,2021-06-03 19:55:00,VOXX
15.69,15.74,15.69,15.72,434,2021-06-03 19:56:00,VOXX
15.69,15.72,15.6702,15.7,2266,2021-06-03 19:57:00,VOXX
15.7,15.71,15.655,15.69,1501,2021-06-03 19:58:00,VOXX
15.68,15.7,15.65,15.67,2111,2021-06-03 19:59:00,VOXX
15.7,15.7,15.7,15.7,9358,2021-06-03 20:00:00,VOXX
15.7,15.7,15.7,15.7,2181,2021-06-03 20:12:00,VOXX
15.71,15.72,15.63,15.63,2041,2021-06-04 13:30:00,VOXX
15.74,15.74,15.74,15.74,100,2021-06-04 13:31:00,VOXX
15.73,15.73,15.73,15.73,100,2021-06-04 13:33:00,VOXX
15.645,15.645,15.645,15.645,100,2021-06-04 13:35:00,VOXX
15.58,15.58,15.58,15.58,100,2021-06-04 13:36:00,VOXX
15.77,15.89,15.77,15.89,1917,2021-06-04 13:39:00,VOXX
15.89,15.91,15.8755,15.91,1089,2021-06-04 13:41:00,VOXX
16.0,16.0,15.95,15.969,1191,2021-06-04 13:42:00,VOXX
15.97,15.97,15.88,15.925,700,2021-06-04 13:44:00,VOXX
15.95,16.0,15.95,16.0,2041,2021-06-04 13:46:00,VOXX
16.04,16.04,16.04,16.04,100,2021-06-04 13:47:00,VOXX
16.07,16.07,16.07,16.07,100,2021-06-04 13:48:00,VOXX
16.07,16.07,16.07,16.07,100,2021-06-04 13:49:00,VOXX
16.07,16.07,16.07,16.07,100,2021-06-04 13:52:00,VOXX
16.07,16.07,16.07,16.07,100,2021-06-04 13:54:00,VOXX
16.07,16.07,16.07,16.07,100,2021-06-04 13:55:00,VOXX
15.97,15.97,15.97,15.97,100,2021-06-04 13:56:00,VOXX
16.07,16.07,16.07,16.07,100,2021-06-04 13:57:00,VOXX
15.89,16.05,15.89,16.05,200,2021-06-04 13:59:00,VOXX
15.955,15.955,15.78,15.78,1719,2021-06-04 14:01:00,VOXX
15.83,15.9093,15.825,15.9093,1800,2021-06-04 14:02:00,VOXX
15.84,15.84,15.84,15.84,400,2021-06-04 14:03:00,VOXX
15.84,15.84,15.84,15.84,300,2021-06-04 14:04:00,VOXX
15.78,15.78,15.76,15.76,3100,2021-06-04 14:06:00,VOXX
15.76,15.76,15.76,15.76,100,2021-06-04 14:07:00,VOXX
15.63,15.74,15.61,15.74,300,2021-06-04 14:09:00,VOXX
15.7,15.7,15.7,15.7,100,2021-06-04 14:14:00,VOXX
15.65,15.65,15.65,15.65,300,2021-06-04 14:15:00,VOXX
15.7,15.7,15.7,15.7,100,2021-06-04 14:18:00,VOXX
15.7,15.7,15.7,15.7,100,2021-06-04 14:19:00,VOXX
15.695,15.695,15.69,15.69,200,2021-06-04 14:22:00,VOXX
15.69,15.69,15.69,15.69,100,2021-06-04 14:24:00,VOXX
15.68,15.7,15.645,15.645,850,2021-06-04 14:25:00,VOXX
15.7,15.73,15.7,15.73,300,2021-06-04 14:29:00,VOXX
15.76,15.77,15.75,15.75,800,2021-06-04 14:31:00,VOXX
15.75,15.785,15.75,15.785,300,2021-06-04 14:32:00,VOXX
15.82,15.82,15.82,15.82,300,2021-06-04 14:33:00,VOXX
15.83,15.83,15.83,15.83,100,2021-06-04 14:34:00,VOXX
15.83,15.83,15.795,15.795,200,2021-06-04 14:38:00,VOXX
15.75,15.83,15.75,15.83,300,2021-06-04 14:42:00,VOXX
15.75,15.79,15.75,15.79,200,2021-06-04 14:43:00,VOXX
15.76,15.83,15.74,15.83,1300,2021-06-04 14:44:00,VOXX
15.88,15.88,15.88,15.88,100,2021-06-04 14:49:00,VOXX
15.88,15.88,15.88,15.88,100,2021-06-04 14:53:00,VOXX
15.87,15.87,15.847,15.847,363,2021-06-04 14:54:00,VOXX
15.8881,15.8881,15.8881,15.8881,316,2021-06-04 14:56:00,VOXX
15.84,15.84,15.84,15.84,100,2021-06-04 14:58:00,VOXX
15.84,15.84,15.84,15.84,100,2021-06-04 15:04:00,VOXX
15.7905,15.7905,15.7801,15.7801,292,2021-06-04 15:06:00,VOXX
15.84,15.84,15.84,15.84,280,2021-06-04 15:07:00,VOXX
15.9,15.9,15.9,15.9,100,2021-06-04 15:10:00,VOXX
15.89,15.89,15.89,15.89,100,2021-06-04 15:14:00,VOXX
15.81,15.81,15.81,15.81,400,2021-06-04 15:16:00,VOXX
15.89,15.89,15.89,15.89,100,2021-06-04 15:17:00,VOXX
15.89,15.89,15.89,15.89,100,2021-06-04 15:18:00,VOXX
15.9,15.9,15.84,15.9,300,2021-06-04 15:19:00,VOXX
15.8357,15.8357,15.8357,15.8357,400,2021-06-04 15:20:00,VOXX
15.87,15.87,15.87,15.87,200,2021-06-04 15:23:00,VOXX
15.84,15.84,15.84,15.84,100,2021-06-04 15:25:00,VOXX
15.89,15.89,15.89,15.89,100,2021-06-04 15:26:00,VOXX
15.9,15.92,15.9,15.92,447,2021-06-04 15:27:00,VOXX
15.94,15.95,15.94,15.95,681,2021-06-04 15:28:00,VOXX
15.98,15.98,15.98,15.98,100,2021-06-04 15:29:00,VOXX
15.93,15.93,15.93,15.93,100,2021-06-04 15:30:00,VOXX
15.97,15.97,15.97,15.97,100,2021-06-04 15:33:00,VOXX
15.97,15.97,15.97,15.97,100,2021-06-04 15:34:00,VOXX
15.97,15.97,15.97,15.97,100,2021-06-04 15:38:00,VOXX
15.99,15.99,15.99,15.99,100,2021-06-04 15:39:00,VOXX
15.94,15.96,15.94,15.96,300,2021-06-04 15:42:00,VOXX
15.99,15.99,15.98,15.98,500,2021-06-04 15:44:00,VOXX
15.94,15.94,15.94,15.94,100,2021-06-04 15:47:00,VOXX
15.935,15.935,15.935,15.935,100,2021-06-04 15:48:00,VOXX
15.935,15.935,15.935,15.935,100,2021-06-04 15:49:00,VOXX
15.9599,15.98,15.9599,15.96,500,2021-06-04 15:51:00,VOXX
15.95,15.95,15.95,15.95,275,2021-06-04 15:53:00,VOXX
15.9071,15.9071,15.9071,15.9071,200,2021-06-04 15:54:00,VOXX
15.95,15.97,15.95,15.97,826,2021-06-04 15:58:00,VOXX
15.98,15.98,15.98,15.98,100,2021-06-04 15:59:00,VOXX
16.0,16.0,16.0,16.0,100,2021-06-04 16:04:00,VOXX
15.98,16.01,15.98,15.99,826,2021-06-04 16:07:00,VOXX
16.03,16.03,16.03,16.03,200,2021-06-04 16:08:00,VOXX
16.04,16.04,16.04,16.04,100,2021-06-04 16:09:00,VOXX
16.05,16.07,16.05,16.07,737,2021-06-04 16:12:00,VOXX
16.08,16.08,16.08,16.08,100,2021-06-04 16:13:00,VOXX
16.075,16.075,16.05,16.05,300,2021-06-04 16:17:00,VOXX
16.01,16.03,16.01,16.03,200,2021-06-04 16:18:00,VOXX
16.02,16.03,16.01,16.03,400,2021-06-04 16:22:00,VOXX
16.09,16.09,16.09,16.09,100,2021-06-04 16:24:00,VOXX
16.1,16.1,16.1,16.1,100,2021-06-04 16:28:00,VOXX
16.11,16.11,16.11,16.11,100,2021-06-04 16:29:00,VOXX
16.11,16.11,16.0892,16.0892,700,2021-06-04 16:31:00,VOXX
16.125,16.125,16.125,16.125,105,2021-06-04 16:32:00,VOXX
16.09,16.09,16.08,16.08,1000,2021-06-04 16:35:00,VOXX
16.11,16.11,16.11,16.11,100,2021-06-04 16:41:00,VOXX
16.12,16.12,16.1166,16.1166,310,2021-06-04 16:42:00,VOXX
16.11,16.11,16.11,16.11,100,2021-06-04 16:43:00,VOXX
16.132,16.132,16.132,16.132,310,2021-06-04 16:44:00,VOXX
16.0854,16.0854,16.06,16.06,1165,2021-06-04 16:48:00,VOXX
16.085,16.11,16.0607,16.11,424,2021-06-04 16:50:00,VOXX
16.17,16.17,16.13,16.13,200,2021-06-04 16:54:00,VOXX
16.12,16.12,16.08,16.08,574,2021-06-04 16:55:00,VOXX
16.07,16.07,16.07,16.07,100,2021-06-04 16:57:00,VOXX
16.14,16.14,16.14,16.14,100,2021-06-04 16:59:00,VOXX
16.14,16.14,16.14,16.14,100,2021-06-04 17:04:00,VOXX
16.115,16.16,16.115,16.16,1447,2021-06-04 17:05:00,VOXX
16.2,16.2,16.2,16.2,100,2021-06-04 17:09:00,VOXX
16.17,16.17,16.17,16.17,100,2021-06-04 17:10:00,VOXX
16.2,16.2,16.2,16.2,100,2021-06-04 17:12:00,VOXX
16.16,16.18,16.16,16.18,300,2021-06-04 17:17:00,VOXX
16.16,16.16,16.16,16.16,300,2021-06-04 17:20:00,VOXX
16.16,16.18,16.16,16.18,700,2021-06-04 17:21:00,VOXX
16.18,16.18,16.18,16.18,100,2021-06-04 17:23:00,VOXX
16.21,16.21,16.21,16.21,100,2021-06-04 17:28:00,VOXX
16.215,16.215,16.215,16.215,100,2021-06-04 17:33:00,VOXX
16.215,16.25,16.215,16.25,200,2021-06-04 17:34:00,VOXX
16.24,16.29,16.24,16.25,4578,2021-06-04 17:36:00,VOXX
16.265,16.265,16.265,16.265,100,2021-06-04 17:38:00,VOXX
16.29,16.31,16.27,16.27,900,2021-06-04 17:41:00,VOXX
16.26,16.31,16.25,16.25,300,2021-06-04 17:44:00,VOXX
16.23,16.23,16.23,16.23,100,2021-06-04 17:45:00,VOXX
16.23,16.23,16.23,16.23,100,2021-06-04 17:46:00,VOXX
16.275,16.275,16.275,16.275,100,2021-06-04 17:48:00,VOXX
16.34,16.37,16.34,16.37,600,2021-06-04 17:49:00,VOXX
16.3468,16.3468,16.3468,16.3468,100,2021-06-04 17:51:00,VOXX
16.34,16.34,16.3,16.33,800,2021-06-04 17:53:00,VOXX
16.35,16.35,16.35,16.35,100,2021-06-04 17:54:00,VOXX
16.3,16.3,16.3,16.3,100,2021-06-04 17:55:00,VOXX
16.325,16.325,16.325,16.325,173,2021-06-04 17:56:00,VOXX
16.35,16.35,16.33,16.33,200,2021-06-04 17:58:00,VOXX
16.38,16.38,16.38,16.38,100,2021-06-04 17:59:00,VOXX
16.35,16.35,16.34,16.34,200,2021-06-04 18:03:00,VOXX
16.34,16.34,16.34,16.34,1100,2021-06-04 18:04:00,VOXX
16.36,16.36,16.36,16.36,100,2021-06-04 18:06:00,VOXX
16.29,16.2985,16.29,16.2985,1100,2021-06-04 18:09:00,VOXX
16.25,16.27,16.25,16.26,300,2021-06-04 18:10:00,VOXX
16.2905,16.2905,16.28,16.29,641,2021-06-04 18:11:00,VOXX
16.29,16.29,16.27,16.27,500,2021-06-04 18:13:00,VOXX
16.33,16.33,16.33,16.33,100,2021-06-04 18:14:00,VOXX
16.3093,16.3093,16.3093,16.3093,226,2021-06-04 18:15:00,VOXX
16.2,16.2,16.1869,16.1869,347,2021-06-04 18:16:00,VOXX
16.19,16.2,16.19,16.2,413,2021-06-04 18:17:00,VOXX
16.21,16.22,16.21,16.22,500,2021-06-04 18:18:00,VOXX
16.22,16.22,16.22,16.22,100,2021-06-04 18:19:00,VOXX
16.18,16.19,16.18,16.19,300,2021-06-04 18:20:00,VOXX
16.2,16.2,16.2,16.2,100,2021-06-04 18:21:00,VOXX
16.2,16.2,16.2,16.2,100,2021-06-04 18:23:00,VOXX
16.2,16.2,16.2,16.2,100,2021-06-04 18:28:00,VOXX
16.21,16.21,16.21,16.21,100,2021-06-04 18:29:00,VOXX
16.15,16.15,16.15,16.15,400,2021-06-04 18:32:00,VOXX
16.105,16.105,16.105,16.105,131,2021-06-04 18:41:00,VOXX
16.0801,16.105,16.05,16.05,1300,2021-06-04 18:42:00,VOXX
16.08,16.12,16.08,16.12,599,2021-06-04 18:44:00,VOXX
16.15,16.15,16.15,16.15,100,2021-06-04 18:46:00,VOXX
16.12,16.12,16.12,16.12,100,2021-06-04 18:48:00,VOXX
16.09,16.09,16.09,16.09,100,2021-06-04 18:51:00,VOXX
16.115,16.115,16.09,16.09,400,2021-06-04 18:52:00,VOXX
16.115,16.115,16.115,16.115,100,2021-06-04 18:56:00,VOXX
16.1324,16.1324,16.1324,16.1324,100,2021-06-04 18:57:00,VOXX
16.14,16.14,16.12,16.12,200,2021-06-04 18:58:00,VOXX
16.12,16.12,16.12,16.12,100,2021-06-04 19:02:00,VOXX
16.14,16.14,16.14,16.14,100,2021-06-04 19:07:00,VOXX
16.14,16.14,16.14,16.14,100,2021-06-04 19:08:00,VOXX
16.15,16.17,16.15,16.17,896,2021-06-04 19:09:00,VOXX
16.2,16.2,16.2,16.2,100,2021-06-04 19:12:00,VOXX
16.19,16.19,16.19,16.19,100,2021-06-04 19:14:00,VOXX
16.2,16.2,16.2,16.2,200,2021-06-04 19:17:00,VOXX
16.2,16.21,16.2,16.21,405,2021-06-04 19:18:00,VOXX
16.2,16.21,16.2,16.21,1089,2021-06-04 19:20:00,VOXX
16.21,16.21,16.21,16.21,300,2021-06-04 19:21:00,VOXX
16.18,16.18,16.155,16.155,300,2021-06-04 19:23:00,VOXX
16.17,16.17,16.17,16.17,100,2021-06-04 19:27:00,VOXX
16.15,16.15,16.15,16.15,100,2021-06-04 19:30:00,VOXX
16.13,16.15,16.12,16.15,700,2021-06-04 19:32:00,VOXX
16.13,16.13,16.125,16.125,700,2021-06-04 19:37:00,VOXX
16.125,16.125,16.125,16.125,100,2021-06-04 19:39:00,VOXX
16.1,16.1,16.1,16.1,200,2021-06-04 19:40:00,VOXX
16.12,16.12,16.12,16.12,100,2021-06-04 19:43:00,VOXX
16.11,16.11,16.11,16.11,100,2021-06-04 19:46:00,VOXX
16.13,16.13,16.13,16.13,500,2021-06-04 19:47:00,VOXX
16.13,16.13,16.12,16.13,897,2021-06-04 19:48:00,VOXX
16.1494,16.1494,16.1494,16.1494,100,2021-06-04 19:49:00,VOXX
16.15,16.18,16.11,16.17,1626,2021-06-04 19:50:00,VOXX
16.17,16.17,16.17,16.17,100,2021-06-04 19:51:00,VOXX
16.15,16.15,16.15,16.15,260,2021-06-04 19:52:00,VOXX
16.13,16.1533,16.13,16.14,757,2021-06-04 19:53:00,VOXX
16.155,16.155,16.12,16.13,1579,2021-06-04 19:54:00,VOXX
16.1,16.1,16.1,16.1,100,2021-06-04 19:55:00,VOXX
16.09,16.095,16.09,16.095,200,2021-06-04 19:56:00,VOXX
16.08,16.11,16.06,16.06,2423,2021-06-04 19:57:00,VOXX
16.07,16.07,16.04,16.05,1714,2021-06-04 19:58:00,VOXX
16.03,16.12,16.03,16.11,2672,2021-06-04 19:59:00,VOXX
16.11,16.11,16.11,16.11,15846,2021-06-04 20:00:00,VOXX
16.25,16.25,16.25,16.25,2684,2021-06-07 13:30:00,VOXX
16.16,16.16,16.16,16.16,100,2021-06-07 13:35:00,VOXX
16.175,16.175,16.175,16.175,100,2021-06-07 13:40:00,VOXX
16.44,16.44,16.265,16.44,902,2021-06-07 13:50:00,VOXX
16.26,16.26,16.15,16.15,1083,2021-06-07 13:51:00,VOXX
16.125,16.16,16.1,16.11,988,2021-06-07 13:53:00,VOXX
16.1,16.1,16.1,16.1,100,2021-06-07 13:58:00,VOXX
16.125,16.17,16.125,16.17,200,2021-06-07 13:59:00,VOXX
16.17,16.19,16.17,16.19,200,2021-06-07 14:00:00,VOXX
16.18,16.2,16.18,16.2,300,2021-06-07 14:02:00,VOXX
16.16,16.24,16.16,16.24,2568,2021-06-07 14:03:00,VOXX
16.17,16.17,16.17,16.17,100,2021-06-07 14:05:00,VOXX
16.24,16.24,16.17,16.22,460,2021-06-07 14:07:00,VOXX
16.16,16.16,16.16,16.16,200,2021-06-07 14:09:00,VOXX
16.15,16.15,16.15,16.15,200,2021-06-07 14:12:00,VOXX
16.17,16.18,16.17,16.18,300,2021-06-07 14:14:00,VOXX
16.165,16.165,16.165,16.165,100,2021-06-07 14:16:00,VOXX
16.11,16.11,16.11,16.11,100,2021-06-07 14:18:00,VOXX
16.1,16.1,16.1,16.1,200,2021-06-07 14:20:00,VOXX
16.21,16.22,16.131,16.135,1100,2021-06-07 14:22:00,VOXX
16.131,16.131,16.131,16.131,612,2021-06-07 14:24:00,VOXX
16.19,16.19,16.19,16.19,100,2021-06-07 14:27:00,VOXX
16.14,16.14,16.14,16.14,100,2021-06-07 14:29:00,VOXX
16.13,16.13,16.13,16.13,500,2021-06-07 14:31:00,VOXX
16.11,16.11,16.11,16.11,200,2021-06-07 14:34:00,VOXX
16.08,16.1,16.08,16.1,703,2021-06-07 14:36:00,VOXX
16.1,16.16,16.1,16.15,1295,2021-06-07 14:39:00,VOXX
16.11,16.12,16.11,16.12,1200,2021-06-07 14:40:00,VOXX
16.12,16.12,16.12,16.12,100,2021-06-07 14:41:00,VOXX
16.11,16.11,16.11,16.11,200,2021-06-07 14:42:00,VOXX
16.13,16.13,16.13,16.13,100,2021-06-07 14:43:00,VOXX
16.12,16.12,16.1,16.1,427,2021-06-07 14:44:00,VOXX
16.06,16.06,16.06,16.06,100,2021-06-07 14:45:00,VOXX
16.09,16.1,16.09,16.1,669,2021-06-07 14:48:00,VOXX
16.08,16.08,16.06,16.06,742,2021-06-07 14:51:00,VOXX
16.11,16.11,16.11,16.11,200,2021-06-07 14:55:00,VOXX
16.14,16.14,16.12,16.12,1606,2021-06-07 14:57:00,VOXX
16.12,16.12,16.12,16.12,100,2021-06-07 14:59:00,VOXX
16.15,16.15,16.12,16.12,800,2021-06-07 15:00:00,VOXX
16.11,16.12,16.11,16.12,300,2021-06-07 15:02:00,VOXX
16.11,16.11,16.1,16.105,300,2021-06-07 15:03:00,VOXX
16.09,16.09,16.09,16.09,200,2021-06-07 15:04:00,VOXX
16.07,16.09,16.07,16.07,929,2021-06-07 15:05:00,VOXX
16.07,16.07,16.07,16.07,400,2021-06-07 15:06:00,VOXX
16.06,16.06,16.05,16.05,300,2021-06-07 15:08:00,VOXX
16.04,16.04,16.04,16.04,200,2021-06-07 15:09:00,VOXX
16.07,16.0783,16.07,16.0783,660,2021-06-07 15:12:00,VOXX
16.08,16.08,16.04,16.04,1700,2021-06-07 15:13:00,VOXX
16.03,16.03,16.01,16.02,1466,2021-06-07 15:14:00,VOXX
16.0115,16.03,16.0115,16.03,1400,2021-06-07 15:15:00,VOXX
16.03,16.03,15.99,16.0,600,2021-06-07 15:16:00,VOXX
16.0,16.01,16.0,16.0,1400,2021-06-07 15:17:00,VOXX
16.02,16.02,16.02,16.02,200,2021-06-07 15:20:00,VOXX
16.02,16.02,16.02,16.02,200,2021-06-07 15:21:00,VOXX
16.03,16.03,16.03,16.03,200,2021-06-07 15:22:00,VOXX
16.01,16.02,16.01,16.02,900,2021-06-07 15:23:00,VOXX
16.02,16.02,16.02,16.02,100,2021-06-07 15:25:00,VOXX
16.0,16.01,16.0,16.0,1000,2021-06-07 15:26:00,VOXX
16.03,16.03,16.03,16.03,100,2021-06-07 15:29:00,VOXX
16.04,16.04,16.04,16.04,300,2021-06-07 15:30:00,VOXX
16.04,16.04,16.04,16.04,200,2021-06-07 15:31:00,VOXX
16.04,16.04,16.04,16.04,200,2021-06-07 15:33:00,VOXX
16.04,16.04,16.04,16.04,100,2021-06-07 15:35:00,VOXX
16.05,16.06,16.0217,16.05,790,2021-06-07 15:39:00,VOXX
16.05,16.05,16.05,16.05,200,2021-06-07 15:44:00,VOXX
16.06,16.06,16.06,16.06,200,2021-06-07 15:45:00,VOXX
16.06,16.06,16.06,16.06,100,2021-06-07 15:46:00,VOXX
16.0301,16.0301,16.0301,16.0301,105,2021-06-07 15:48:00,VOXX
16.08,16.08,16.08,16.08,100,2021-06-07 15:49:00,VOXX
16.11,16.11,16.11,16.11,100,2021-06-07 15:50:00,VOXX
16.12,16.12,16.1,16.1,200,2021-06-07 15:51:00,VOXX
16.12,16.12,16.12,16.12,100,2021-06-07 15:52:00,VOXX
16.08,16.08,16.08,16.08,100,2021-06-07 15:54:00,VOXX
16.12,16.22,16.12,16.22,600,2021-06-07 15:56:00,VOXX
16.16,16.16,16.15,16.15,200,2021-06-07 15:57:00,VOXX
16.18,16.19,16.18,16.19,300,2021-06-07 16:05:00,VOXX
16.21,16.21,16.21,16.21,100,2021-06-07 16:09:00,VOXX
16.21,16.21,16.21,16.21,400,2021-06-07 16:10:00,VOXX
16.25,16.25,16.21,16.215,700,2021-06-07 16:11:00,VOXX
16.2,16.2,16.2,16.2,100,2021-06-07 16:12:00,VOXX
16.2,16.2,16.2,16.2,123,2021-06-07 16:13:00,VOXX
16.215,16.215,16.215,16.215,100,2021-06-07 16:15:00,VOXX
16.22,16.22,16.22,16.22,100,2021-06-07 16:16:00,VOXX
16.27,16.27,16.27,16.27,100,2021-06-07 16:19:00,VOXX
16.28,16.28,16.28,16.28,100,2021-06-07 16:20:00,VOXX
16.3103,16.32,16.3103,16.32,4097,2021-06-07 16:25:00,VOXX
16.33,16.33,16.32,16.32,200,2021-06-07 16:26:00,VOXX
16.33,16.34,16.33,16.34,200,2021-06-07 16:27:00,VOXX
16.34,16.34,16.34,16.34,100,2021-06-07 16:29:00,VOXX
16.33,16.33,16.33,16.33,100,2021-06-07 16:32:00,VOXX
16.34,16.34,16.34,16.34,100,2021-06-07 16:33:00,VOXX
16.352,16.352,16.352,16.352,200,2021-06-07 16:36:00,VOXX
16.38,16.38,16.38,16.38,300,2021-06-07 16:38:00,VOXX
16.35,16.35,16.35,16.35,600,2021-06-07 16:41:00,VOXX
16.36,16.36,16.36,16.36,617,2021-06-07 16:42:00,VOXX
16.38,16.38,16.37,16.37,200,2021-06-07 16:44:00,VOXX
16.4,16.4,16.4,16.4,401,2021-06-07 16:45:00,VOXX
16.4499,16.4499,16.4499,16.4499,100,2021-06-07 16:49:00,VOXX
16.4,16.4,16.4,16.4,100,2021-06-07 16:53:00,VOXX
16.46,16.46,16.46,16.46,100,2021-06-07 16:54:00,VOXX
16.43,16.43,16.43,16.43,100,2021-06-07 16:56:00,VOXX
16.46,16.46,16.45,16.46,1500,2021-06-07 17:00:00,VOXX
16.469,16.469,16.469,16.469,1000,2021-06-07 17:04:00,VOXX
16.45,16.45,16.45,16.45,950,2021-06-07 17:05:00,VOXX
16.42,16.42,16.42,16.42,300,2021-06-07 17:12:00,VOXX
16.42,16.42,16.42,16.42,200,2021-06-07 17:15:00,VOXX
16.4,16.4,16.4,16.4,100,2021-06-07 17:17:00,VOXX
16.4,16.4,16.4,16.4,100,2021-06-07 17:19:00,VOXX
16.4,16.41,16.4,16.41,200,2021-06-07 17:20:00,VOXX
16.4152,16.4152,16.39,16.39,298,2021-06-07 17:21:00,VOXX
16.4136,16.4136,16.4136,16.4136,212,2021-06-07 17:22:00,VOXX
16.395,16.395,16.38,16.38,200,2021-06-07 17:27:00,VOXX
16.42,16.42,16.42,16.42,200,2021-06-07 17:28:00,VOXX
16.39,16.41,16.38,16.395,776,2021-06-07 17:29:00,VOXX
16.41,16.41,16.41,16.41,200,2021-06-07 17:31:00,VOXX
16.42,16.42,16.42,16.42,100,2021-06-07 17:34:00,VOXX
16.44,16.46,16.44,16.46,300,2021-06-07 17:35:00,VOXX
16.47,16.47,16.47,16.47,100,2021-06-07 17:36:00,VOXX
16.45,16.45,16.45,16.45,200,2021-06-07 17:38:00,VOXX
16.46,16.46,16.46,16.46,100,2021-06-07 17:40:00,VOXX
16.48,16.49,16.48,16.485,349,2021-06-07 17:42:00,VOXX
16.5,16.54,16.493,16.51,2400,2021-06-07 17:49:00,VOXX
16.46,16.46,16.46,16.46,304,2021-06-07 17:51:00,VOXX
16.45,16.45,16.45,16.45,100,2021-06-07 17:52:00,VOXX
16.46,16.46,16.46,16.46,100,2021-06-07 17:53:00,VOXX
16.49,16.49,16.49,16.49,100,2021-06-07 17:54:00,VOXX
16.42,16.42,16.42,16.42,100,2021-06-07 17:55:00,VOXX
16.48,16.48,16.48,16.48,100,2021-06-07 18:01:00,VOXX
16.4377,16.4377,16.4377,16.4377,102,2021-06-07 18:06:00,VOXX
16.46,16.46,16.449,16.449,300,2021-06-07 18:09:00,VOXX
16.48,16.48,16.48,16.48,100,2021-06-07 18:12:00,VOXX
16.5,16.5,16.5,16.5,100,2021-06-07 18:13:00,VOXX
16.47,16.47,16.45,16.45,200,2021-06-07 18:18:00,VOXX
16.44,16.44,16.44,16.44,100,2021-06-07 18:19:00,VOXX
16.4,16.4,16.4,16.4,100,2021-06-07 18:23:00,VOXX
16.42,16.44,16.42,16.433,944,2021-06-07 18:25:00,VOXX
16.48,16.48,16.48,16.48,100,2021-06-07 18:32:00,VOXX
16.47,16.47,16.47,16.47,299,2021-06-07 18:34:00,VOXX
16.49,16.5,16.49,16.5,200,2021-06-07 18:37:00,VOXX
16.515,16.515,16.48,16.48,1291,2021-06-07 18:41:00,VOXX
16.45,16.46,16.45,16.46,300,2021-06-07 18:42:00,VOXX
16.45,16.45,16.45,16.45,100,2021-06-07 18:47:00,VOXX
16.44,16.44,16.44,16.44,100,2021-06-07 18:48:00,VOXX
16.43,16.43,16.43,16.43,100,2021-06-07 18:49:00,VOXX
16.44,16.44,16.44,16.44,100,2021-06-07 18:50:00,VOXX
16.44,16.44,16.44,16.44,100,2021-06-07 18:51:00,VOXX
16.44,16.44,16.34,16.34,732,2021-06-07 18:55:00,VOXX
16.41,16.41,16.41,16.41,100,2021-06-07 18:56:00,VOXX
16.415,16.415,16.415,16.415,100,2021-06-07 18:57:00,VOXX
16.41,16.41,16.4,16.4,400,2021-06-07 18:59:00,VOXX
16.405,16.41,16.405,16.41,200,2021-06-07 19:03:00,VOXX
16.44,16.44,16.44,16.44,100,2021-06-07 19:05:00,VOXX
16.405,16.405,16.405,16.405,100,2021-06-07 19:06:00,VOXX
16.43,16.43,16.43,16.43,100,2021-06-07 19:07:00,VOXX
16.4139,16.44,16.4139,16.44,800,2021-06-07 19:08:00,VOXX
16.44,16.44,16.44,16.44,100,2021-06-07 19:11:00,VOXX
16.46,16.46,16.44,16.44,590,2021-06-07 19:13:00,VOXX
16.45,16.45,16.45,16.45,100,2021-06-07 19:14:00,VOXX
16.47,16.47,16.45,16.45,200,2021-06-07 19:15:00,VOXX
16.45,16.45,16.45,16.45,400,2021-06-07 19:16:00,VOXX
16.46,16.5,16.46,16.5,200,2021-06-07 19:17:00,VOXX
16.505,16.505,16.505,16.505,100,2021-06-07 19:19:00,VOXX
16.5245,16.5245,16.4802,16.495,1508,2021-06-07 19:20:00,VOXX
16.46,16.52,16.46,16.52,482,2021-06-07 19:21:00,VOXX
16.505,16.505,16.505,16.505,100,2021-06-07 19:24:00,VOXX
16.5,16.5,16.5,16.5,100,2021-06-07 19:26:00,VOXX
16.51,16.51,16.51,16.51,159,2021-06-07 19:28:00,VOXX
16.495,16.495,16.495,16.495,100,2021-06-07 19:30:00,VOXX
16.495,16.495,16.495,16.495,270,2021-06-07 19:31:00,VOXX
16.52,16.52,16.5162,16.52,500,2021-06-07 19:32:00,VOXX
16.5,16.5,16.5,16.5,100,2021-06-07 19:33:00,VOXX
16.48,16.495,16.465,16.465,300,2021-06-07 19:35:00,VOXX
16.5,16.51,16.5,16.5,660,2021-06-07 19:36:00,VOXX
16.5,16.51,16.5,16.51,200,2021-06-07 19:38:00,VOXX
16.485,16.485,16.485,16.485,100,2021-06-07 19:39:00,VOXX
16.46,16.485,16.46,16.485,300,2021-06-07 19:41:00,VOXX
16.495,16.495,16.495,16.495,100,2021-06-07 19:43:00,VOXX
16.495,16.495,16.49,16.49,400,2021-06-07 19:44:00,VOXX
16.49,16.49,16.48,16.48,692,2021-06-07 19:45:00,VOXX
16.475,16.5,16.475,16.5,800,2021-06-07 19:47:00,VOXX
16.51,16.51,16.505,16.505,600,2021-06-07 19:48:00,VOXX
16.55,16.56,16.55,16.55,600,2021-06-07 19:50:00,VOXX
16.53,16.53,16.53,16.53,104,2021-06-07 19:51:00,VOXX
16.53,16.535,16.52,16.52,600,2021-06-07 19:52:00,VOXX
16.535,16.535,16.535,16.535,100,2021-06-07 19:53:00,VOXX
16.52,16.52,16.5,16.5,2625,2021-06-07 19:55:00,VOXX
16.47,16.54,16.47,16.5,2100,2021-06-07 19:56:00,VOXX
16.51,16.52,16.49,16.51,2358,2021-06-07 19:57:00,VOXX
16.52,16.53,16.51,16.51,1194,2021-06-07 19:58:00,VOXX
16.525,16.57,16.51,16.57,3175,2021-06-07 19:59:00,VOXX
16.52,16.52,16.52,16.52,4426,2021-06-07 20:00:00,VOXX
16.55,16.55,16.4,16.4,2540,2021-06-08 13:30:00,VOXX
16.64,16.64,16.64,16.64,187,2021-06-08 13:32:00,VOXX
16.38,16.38,16.38,16.38,100,2021-06-08 13:34:00,VOXX
16.53,16.53,16.46,16.46,615,2021-06-08 13:36:00,VOXX
16.52,16.52,16.52,16.52,128,2021-06-08 13:37:00,VOXX
16.5899,16.5899,16.51,16.51,400,2021-06-08 13:41:00,VOXX
16.58,16.58,16.58,16.58,600,2021-06-08 13:42:00,VOXX
16.59,16.59,16.59,16.59,273,2021-06-08 13:45:00,VOXX
16.67,16.67,16.58,16.58,360,2021-06-08 13:46:00,VOXX
16.57,16.58,16.56,16.56,500,2021-06-08 13:47:00,VOXX
16.54,16.54,16.49,16.49,550,2021-06-08 13:49:00,VOXX
16.44,16.44,16.44,16.44,100,2021-06-08 13:52:00,VOXX
16.449,16.45,16.4,16.4,1400,2021-06-08 13:53:00,VOXX
16.4,16.4,16.37,16.37,997,2021-06-08 13:54:00,VOXX
16.34,16.34,16.34,16.34,100,2021-06-08 14:00:00,VOXX
16.3566,16.3566,16.3566,16.3566,500,2021-06-08 14:06:00,VOXX
16.33,16.33,16.33,16.33,100,2021-06-08 14:07:00,VOXX
16.385,16.44,16.385,16.44,700,2021-06-08 14:15:00,VOXX
16.5,16.5,16.5,16.5,100,2021-06-08 14:16:00,VOXX
16.47,16.47,16.435,16.435,521,2021-06-08 14:17:00,VOXX
16.39,16.39,16.39,16.39,100,2021-06-08 14:21:00,VOXX
16.48,16.48,16.48,16.48,121,2021-06-08 14:22:00,VOXX
16.48,16.53,16.48,16.53,400,2021-06-08 14:23:00,VOXX
16.66,16.66,16.66,16.66,100,2021-06-08 14:28:00,VOXX
16.67,16.68,16.67,16.68,566,2021-06-08 14:30:00,VOXX
16.7008,16.7489,16.7008,16.7489,825,2021-06-08 14:33:00,VOXX
16.68,16.68,16.68,16.68,600,2021-06-08 14:35:00,VOXX
16.6677,16.6677,16.6677,16.6677,250,2021-06-08 14:38:00,VOXX
16.66,16.66,16.66,16.66,100,2021-06-08 14:39:00,VOXX
16.68,16.68,16.68,16.68,100,2021-06-08 14:40:00,VOXX
16.65,16.6605,16.65,16.6605,360,2021-06-08 14:43:00,VOXX
16.701,16.701,16.701,16.701,125,2021-06-08 14:45:00,VOXX
16.71,16.7519,16.71,16.7519,250,2021-06-08 14:46:00,VOXX
16.73,16.73,16.73,16.73,200,2021-06-08 14:47:00,VOXX
16.73,16.73,16.73,16.73,100,2021-06-08 14:48:00,VOXX
16.7,16.7,16.7,16.7,100,2021-06-08 14:49:00,VOXX
16.68,16.68,16.67,16.67,200,2021-06-08 14:51:00,VOXX
16.68,16.68,16.68,16.68,100,2021-06-08 14:52:00,VOXX
16.63,16.63,16.63,16.63,100,2021-06-08 14:53:00,VOXX
16.65,16.65,16.65,16.65,200,2021-06-08 14:55:00,VOXX
16.63,16.63,16.63,16.63,100,2021-06-08 14:56:00,VOXX
16.58,16.58,16.57,16.57,300,2021-06-08 14:58:00,VOXX
16.595,16.595,16.595,16.595,100,2021-06-08 14:59:00,VOXX
16.605,16.605,16.53,16.53,300,2021-06-08 15:00:00,VOXX
16.58,16.58,16.58,16.58,200,2021-06-08 15:01:00,VOXX
16.57,16.57,16.55,16.55,229,2021-06-08 15:03:00,VOXX
16.51,16.51,16.51,16.51,400,2021-06-08 15:05:00,VOXX
16.472,16.472,16.42,16.44,3653,2021-06-08 15:06:00,VOXX
16.42,16.42,16.42,16.42,100,2021-06-08 15:07:00,VOXX
16.44,16.44,16.44,16.44,200,2021-06-08 15:09:00,VOXX
16.44,16.44,16.44,16.44,401,2021-06-08 15:13:00,VOXX
16.44,16.46,16.42,16.42,1801,2021-06-08 15:14:00,VOXX
16.45,16.45,16.34,16.3757,1200,2021-06-08 15:15:00,VOXX
16.35,16.35,16.35,16.35,100,2021-06-08 15:17:00,VOXX
16.35,16.376,16.32,16.32,350,2021-06-08 15:19:00,VOXX
16.31,16.31,16.31,16.31,100,2021-06-08 15:20:00,VOXX
16.35,16.35,16.3,16.3,225,2021-06-08 15:21:00,VOXX
16.305,16.305,16.27,16.27,300,2021-06-08 15:23:00,VOXX
16.28,16.3,16.27,16.27,500,2021-06-08 15:24:00,VOXX
16.3,16.3222,16.3,16.3222,200,2021-06-08 15:25:00,VOXX
16.31,16.31,16.31,16.31,100,2021-06-08 15:28:00,VOXX
16.3428,16.3428,16.3428,16.3428,100,2021-06-08 15:29:00,VOXX
16.333,16.333,16.3,16.315,500,2021-06-08 15:30:00,VOXX
16.3,16.3,16.27,16.27,300,2021-06-08 15:33:00,VOXX
16.295,16.295,16.288,16.288,400,2021-06-08 15:35:00,VOXX
16.26,16.27,16.26,16.26,400,2021-06-08 15:37:00,VOXX
16.3,16.31,16.3,16.31,800,2021-06-08 15:38:00,VOXX
16.27,16.27,16.27,16.27,100,2021-06-08 15:40:00,VOXX
16.29,16.29,16.285,16.285,200,2021-06-08 15:42:00,VOXX
16.28,16.31,16.28,16.28,900,2021-06-08 15:43:00,VOXX
16.25,16.3,16.25,16.3,1051,2021-06-08 15:45:00,VOXX
16.23,16.23,16.22,16.22,901,2021-06-08 15:50:00,VOXX
16.18,16.215,16.18,16.215,2051,2021-06-08 15:51:00,VOXX
16.24,16.24,16.24,16.24,400,2021-06-08 15:55:00,VOXX
16.245,16.27,16.235,16.27,3200,2021-06-08 15:56:00,VOXX
16.285,16.285,16.285,16.285,100,2021-06-08 15:57:00,VOXX
16.21,16.21,16.21,16.21,100,2021-06-08 16:00:00,VOXX
16.245,16.245,16.245,16.245,100,2021-06-08 16:03:00,VOXX
16.22,16.22,16.22,16.22,100,2021-06-08 16:07:00,VOXX
16.22,16.22,16.22,16.22,400,2021-06-08 16:09:00,VOXX
16.25,16.25,16.25,16.25,100,2021-06-08 16:12:00,VOXX
16.28,16.28,16.2207,16.2207,1580,2021-06-08 16:13:00,VOXX
16.25,16.25,16.25,16.25,100,2021-06-08 16:15:00,VOXX
16.25,16.25,16.2,16.2,1859,2021-06-08 16:17:00,VOXX
16.15,16.16,16.11,16.16,1800,2021-06-08 16:22:00,VOXX
16.1501,16.1501,16.1501,16.1501,318,2021-06-08 16:24:00,VOXX
16.19,16.19,16.19,16.19,100,2021-06-08 16:27:00,VOXX
16.22,16.22,16.19,16.22,700,2021-06-08 16:29:00,VOXX
16.24,16.24,16.24,16.24,100,2021-06-08 16:30:00,VOXX
16.28,16.28,16.23,16.23,255,2021-06-08 16:38:00,VOXX
16.28,16.28,16.28,16.28,200,2021-06-08 16:41:00,VOXX
16.25,16.25,16.22,16.22,400,2021-06-08 16:42:00,VOXX
16.22,16.22,16.2,16.205,1267,2021-06-08 16:46:00,VOXX
16.15,16.15,16.15,16.15,200,2021-06-08 16:47:00,VOXX
16.19,16.19,16.15,16.17,800,2021-06-08 16:48:00,VOXX
16.17,16.18,16.163,16.17,600,2021-06-08 16:50:00,VOXX
16.17,16.17,16.17,16.17,600,2021-06-08 16:51:00,VOXX
16.19,16.19,16.19,16.19,200,2021-06-08 16:52:00,VOXX
16.15,16.15,16.15,16.15,100,2021-06-08 16:53:00,VOXX
16.15,16.15,16.11,16.15,3275,2021-06-08 16:58:00,VOXX
16.12,16.12,16.12,16.12,100,2021-06-08 16:59:00,VOXX
16.1192,16.1192,16.1192,16.1192,175,2021-06-08 17:02:00,VOXX
16.11,16.11,16.11,16.11,100,2021-06-08 17:05:00,VOXX
16.12,16.12,16.115,16.115,400,2021-06-08 17:07:00,VOXX
16.14,16.14,16.14,16.14,100,2021-06-08 17:08:00,VOXX
16.13,16.16,16.12,16.16,900,2021-06-08 17:13:00,VOXX
16.16,16.16,16.16,16.16,100,2021-06-08 17:14:00,VOXX
16.155,16.155,16.155,16.155,100,2021-06-08 17:15:00,VOXX
16.155,16.17,16.155,16.17,360,2021-06-08 17:18:00,VOXX
16.19,16.19,16.19,16.19,100,2021-06-08 17:19:00,VOXX
16.18,16.18,16.155,16.155,718,2021-06-08 17:23:00,VOXX
16.145,16.145,16.145,16.145,100,2021-06-08 17:24:00,VOXX
16.1552,16.1552,16.1552,16.1552,250,2021-06-08 17:25:00,VOXX
16.15,16.15,16.15,16.15,100,2021-06-08 17:26:00,VOXX
16.13,16.13,16.13,16.13,100,2021-06-08 17:28:00,VOXX
16.13,16.13,16.13,16.13,200,2021-06-08 17:30:00,VOXX
16.16,16.16,16.16,16.16,100,2021-06-08 17:31:00,VOXX
16.15,16.15,16.15,16.15,100,2021-06-08 17:37:00,VOXX
16.16,16.16,16.14,16.14,200,2021-06-08 17:41:00,VOXX
16.18,16.18,16.16,16.16,500,2021-06-08 17:42:00,VOXX
16.18,16.18,16.16,16.18,400,2021-06-08 17:45:00,VOXX
16.18,16.19,16.18,16.19,400,2021-06-08 17:46:00,VOXX
16.19,16.2,16.16,16.16,400,2021-06-08 17:51:00,VOXX
16.19,16.19,16.16,16.17,500,2021-06-08 17:53:00,VOXX
16.165,16.165,16.1612,16.1612,820,2021-06-08 17:54:00,VOXX
16.2,16.2,16.175,16.175,300,2021-06-08 17:55:00,VOXX
16.16,16.16,16.16,16.16,100,2021-06-08 17:57:00,VOXX
16.14,16.14,16.14,16.14,100,2021-06-08 18:00:00,VOXX
16.17,16.17,16.17,16.17,200,2021-06-08 18:02:00,VOXX
16.175,16.175,16.15,16.15,600,2021-06-08 18:03:00,VOXX
16.19,16.19,16.18,16.18,200,2021-06-08 18:05:00,VOXX
16.21,16.21,16.21,16.21,100,2021-06-08 18:07:00,VOXX
16.21,16.21,16.195,16.195,200,2021-06-08 18:08:00,VOXX
16.23,16.23,16.23,16.23,299,2021-06-08 18:10:00,VOXX
16.2,16.2,16.2,16.2,100,2021-06-08 18:12:00,VOXX
16.22,16.22,16.21,16.21,300,2021-06-08 18:16:00,VOXX
16.21,16.21,16.2025,16.21,500,2021-06-08 18:18:00,VOXX
16.2,16.2,16.2,16.2,500,2021-06-08 18:21:00,VOXX
16.19,16.205,16.18,16.205,500,2021-06-08 18:22:00,VOXX
16.18,16.23,16.18,16.23,200,2021-06-08 18:25:00,VOXX
16.2,16.2,16.2,16.2,100,2021-06-08 18:28:00,VOXX
16.2,16.2,16.2,16.2,100,2021-06-08 18:30:00,VOXX
16.18,16.1943,16.18,16.1943,489,2021-06-08 18:31:00,VOXX
16.19,16.19,16.18,16.18,400,2021-06-08 18:32:00,VOXX
16.18,16.2,16.17,16.2,1000,2021-06-08 18:34:00,VOXX
16.2,16.2,16.2,16.2,400,2021-06-08 18:36:00,VOXX
16.2,16.2,16.2,16.2,100,2021-06-08 18:42:00,VOXX
16.2,16.2,16.18,16.18,238,2021-06-08 18:43:00,VOXX
16.19,16.19,16.19,16.19,100,2021-06-08 18:44:00,VOXX
16.195,16.195,16.18,16.18,200,2021-06-08 18:45:00,VOXX
16.19,16.2,16.18,16.18,800,2021-06-08 18:46:00,VOXX
16.18,16.18,16.17,16.17,200,2021-06-08 18:47:00,VOXX
16.17,16.17,16.17,16.17,100,2021-06-08 18:49:00,VOXX
16.17,16.21,16.17,16.19,1000,2021-06-08 18:50:00,VOXX
16.18,16.195,16.17,16.17,500,2021-06-08 18:53:00,VOXX
16.18,16.18,16.18,16.18,100,2021-06-08 18:55:00,VOXX
16.18,16.2,16.18,16.2,400,2021-06-08 18:56:00,VOXX
16.2,16.2,16.19,16.19,300,2021-06-08 18:58:00,VOXX
16.1675,16.1675,16.15,16.15,300,2021-06-08 19:00:00,VOXX
16.2,16.2,16.2,16.2,100,2021-06-08 19:01:00,VOXX
16.17,16.17,16.17,16.17,700,2021-06-08 19:02:00,VOXX
16.2077,16.2077,16.16,16.195,450,2021-06-08 19:04:00,VOXX
16.19,16.19,16.19,16.19,100,2021-06-08 19:06:00,VOXX
16.16,16.16,16.16,16.16,100,2021-06-08 19:07:00,VOXX
16.16,16.18,16.15,16.18,500,2021-06-08 19:08:00,VOXX
16.15,16.18,16.14,16.17,1500,2021-06-08 19:09:00,VOXX
16.19,16.19,16.18,16.18,339,2021-06-08 19:11:00,VOXX
16.18,16.2,16.17,16.17,300,2021-06-08 19:12:00,VOXX
16.18,16.18,16.18,16.18,100,2021-06-08 19:15:00,VOXX
16.18,16.18,16.18,16.18,229,2021-06-08 19:16:00,VOXX
16.17,16.17,16.16,16.16,400,2021-06-08 19:17:00,VOXX
16.18,16.18,16.16,16.16,426,2021-06-08 19:18:00,VOXX
16.18,16.18,16.16,16.16,300,2021-06-08 19:20:00,VOXX
16.15,16.15,16.15,16.15,100,2021-06-08 19:22:00,VOXX
16.175,16.175,16.13,16.13,600,2021-06-08 19:23:00,VOXX
16.135,16.135,16.135,16.135,100,2021-06-08 19:24:00,VOXX
16.12,16.15,16.12,16.12,400,2021-06-08 19:26:00,VOXX
16.14,16.14,16.14,16.14,100,2021-06-08 19:27:00,VOXX
16.12,16.12,16.04,16.075,1700,2021-06-08 19:28:00,VOXX
16.07,16.07,16.07,16.07,100,2021-06-08 19:29:00,VOXX
16.05,16.08,16.05,16.08,900,2021-06-08 19:30:00,VOXX
16.05,16.07,16.05,16.07,200,2021-06-08 19:31:00,VOXX
16.05,16.075,16.05,16.075,1300,2021-06-08 19:32:00,VOXX
16.09,16.09,16.08,16.08,200,2021-06-08 19:33:00,VOXX
16.1,16.1,16.09,16.09,200,2021-06-08 19:34:00,VOXX
16.09,16.1,16.08,16.08,900,2021-06-08 19:35:00,VOXX
16.095,16.11,16.08,16.11,1040,2021-06-08 19:36:00,VOXX
16.08,16.1,16.08,16.1,634,2021-06-08 19:37:00,VOXX
16.09,16.11,16.09,16.11,960,2021-06-08 19:38:00,VOXX
16.09,16.09,16.09,16.09,100,2021-06-08 19:39:00,VOXX
16.1,16.1,16.1,16.1,100,2021-06-08 19:40:00,VOXX
16.09,16.09,16.09,16.09,500,2021-06-08 19:41:00,VOXX
16.08,16.09,16.08,16.09,422,2021-06-08 19:43:00,VOXX
16.08,16.08,16.08,16.08,600,2021-06-08 19:44:00,VOXX
16.08,16.08,16.08,16.08,100,2021-06-08 19:45:00,VOXX
16.08,16.08,16.07,16.08,300,2021-06-08 19:46:00,VOXX
16.07,16.08,16.07,16.0756,400,2021-06-08 19:47:00,VOXX
16.06,16.07,16.06,16.07,1800,2021-06-08 19:48:00,VOXX
16.07,16.08,16.06,16.06,500,2021-06-08 19:49:00,VOXX
16.08,16.11,16.07,16.1,2300,2021-06-08 19:50:00,VOXX
16.09,16.09,16.0875,16.0875,300,2021-06-08 19:51:00,VOXX
16.09,16.1,16.09,16.09,723,2021-06-08 19:52:00,VOXX
16.09,16.1,16.09,16.1,500,2021-06-08 19:53:00,VOXX
16.105,16.11,16.1,16.11,600,2021-06-08 19:54:00,VOXX
16.1125,16.1125,16.06,16.07,5096,2021-06-08 19:55:00,VOXX
16.07,16.09,16.07,16.07,365,2021-06-08 19:56:00,VOXX
16.08,16.11,16.08,16.09,1935,2021-06-08 19:57:00,VOXX
16.095,16.11,16.08,16.11,2040,2021-06-08 19:58:00,VOXX
16.11,16.13,16.05,16.08,2971,2021-06-08 19:59:00,VOXX
16.09,16.09,16.09,16.09,10097,2021-06-08 20:00:00,VOXX
16.09,16.09,16.09,16.09,3761,2021-06-08 20:17:00,VOXX
16.09,16.09,16.09,16.09,1208,2021-06-09 13:00:00,VOXX
16.13,16.13,16.13,16.13,917,2021-06-09 13:30:00,VOXX
16.11,16.11,16.1,16.1,200,2021-06-09 13:31:00,VOXX
16.4003,16.4003,16.4003,16.4003,600,2021-06-09 13:33:00,VOXX
16.1,16.1,16.1,16.1,165,2021-06-09 13:36:00,VOXX
16.13,16.13,16.13,16.13,100,2021-06-09 13:41:00,VOXX
16.12,16.16,16.085,16.16,1494,2021-06-09 13:45:00,VOXX
16.145,16.145,16.145,16.145,100,2021-06-09 13:46:00,VOXX
16.11,16.11,16.11,16.11,100,2021-06-09 13:48:00,VOXX
16.1,16.1,16.1,16.1,256,2021-06-09 13:49:00,VOXX
16.01,16.01,16.0,16.0,1965,2021-06-09 13:50:00,VOXX
15.98,15.98,15.965,15.965,555,2021-06-09 13:51:00,VOXX
15.96,15.96,15.95,15.95,313,2021-06-09 13:52:00,VOXX
15.94,15.94,15.94,15.94,713,2021-06-09 13:54:00,VOXX
15.93,15.99,15.93,15.99,200,2021-06-09 13:56:00,VOXX
16.08,16.08,16.06,16.06,400,2021-06-09 14:00:00,VOXX
16.16,16.16,16.16,16.16,100,2021-06-09 14:05:00,VOXX
16.03,16.03,16.03,16.03,100,2021-06-09 14:06:00,VOXX
16.18,16.18,16.18,16.18,300,2021-06-09 14:08:00,VOXX
16.28,16.28,16.28,16.28,175,2021-06-09 14:09:00,VOXX
16.1,16.1,16.1,16.1,102,2021-06-09 14:17:00,VOXX
16.2486,16.2486,16.2486,16.2486,200,2021-06-09 14:18:00,VOXX
16.14,16.14,16.14,16.14,100,2021-06-09 14:19:00,VOXX
16.12,16.12,16.12,16.12,200,2021-06-09 14:22:00,VOXX
16.11,16.11,16.11,16.11,100,2021-06-09 14:23:00,VOXX
16.12,16.12,16.12,16.12,100,2021-06-09 14:24:00,VOXX
16.155,16.155,16.12,16.155,700,2021-06-09 14:32:00,VOXX
16.2,16.21,16.2,16.2,400,2021-06-09 14:33:00,VOXX
16.2,16.25,16.2,16.25,400,2021-06-09 14:34:00,VOXX
16.1916,16.1916,16.1916,16.1916,300,2021-06-09 14:37:00,VOXX
16.195,16.195,16.195,16.195,100,2021-06-09 14:44:00,VOXX
16.2,16.2,16.2,16.2,300,2021-06-09 14:45:00,VOXX
16.21,16.21,16.21,16.21,200,2021-06-09 14:46:00,VOXX
16.23,16.23,16.2,16.2,200,2021-06-09 14:47:00,VOXX
16.15,16.15,16.15,16.15,100,2021-06-09 14:49:00,VOXX
16.19,16.205,16.19,16.205,400,2021-06-09 14:54:00,VOXX
16.2,16.205,16.2,16.205,574,2021-06-09 15:01:00,VOXX
16.24,16.26,16.24,16.26,700,2021-06-09 15:04:00,VOXX
16.21,16.21,16.21,16.21,100,2021-06-09 15:08:00,VOXX
16.215,16.215,16.215,16.215,100,2021-06-09 15:16:00,VOXX
16.18,16.18,16.18,16.18,200,2021-06-09 15:24:00,VOXX
16.18,16.18,16.18,16.18,100,2021-06-09 15:25:00,VOXX
16.23,16.23,16.23,16.23,100,2021-06-09 15:28:00,VOXX
16.1695,16.1695,16.1695,16.1695,125,2021-06-09 15:32:00,VOXX
16.195,16.195,16.195,16.195,100,2021-06-09 15:33:00,VOXX
16.22,16.22,16.22,16.22,100,2021-06-09 15:38:00,VOXX
16.185,16.185,16.185,16.185,100,2021-06-09 15:45:00,VOXX
16.17,16.17,16.17,16.17,100,2021-06-09 15:48:00,VOXX
16.08,16.08,16.08,16.08,100,2021-06-09 15:58:00,VOXX
16.095,16.095,16.095,16.095,133,2021-06-09 16:00:00,VOXX
16.08,16.08,16.08,16.08,100,2021-06-09 16:08:00,VOXX
16.105,16.105,16.105,16.105,100,2021-06-09 16:09:00,VOXX
16.15,16.15,16.15,16.15,300,2021-06-09 16:19:00,VOXX
16.14,16.14,16.14,16.14,100,2021-06-09 16:22:00,VOXX
16.16,16.175,16.16,16.175,800,2021-06-09 16:28:00,VOXX
16.13,16.13,16.13,16.13,100,2021-06-09 16:32:00,VOXX
16.1,16.1,16.1,16.1,100,2021-06-09 16:37:00,VOXX
16.07,16.07,16.06,16.06,200,2021-06-09 16:40:00,VOXX
16.11,16.11,16.11,16.11,125,2021-06-09 16:43:00,VOXX
16.09,16.09,16.07,16.07,400,2021-06-09 16:44:00,VOXX
16.03,16.03,16.0,16.0,500,2021-06-09 16:51:00,VOXX
15.97,15.97,15.935,15.935,700,2021-06-09 16:54:00,VOXX
15.955,15.955,15.955,15.955,100,2021-06-09 16:55:00,VOXX
15.955,15.955,15.955,15.955,100,2021-06-09 16:56:00,VOXX
15.98,15.98,15.98,15.98,100,2021-06-09 16:59:00,VOXX
15.94,15.94,15.94,15.94,100,2021-06-09 17:00:00,VOXX
15.9722,15.9722,15.9722,15.9722,100,2021-06-09 17:02:00,VOXX
15.98,15.98,15.98,15.98,100,2021-06-09 17:03:00,VOXX
15.98,15.99,15.98,15.99,300,2021-06-09 17:05:00,VOXX
15.93,15.93,15.93,15.93,300,2021-06-09 17:13:00,VOXX
15.9,15.9,15.9,15.9,300,2021-06-09 17:15:00,VOXX
15.88,15.88,15.88,15.88,100,2021-06-09 17:16:00,VOXX
15.905,15.905,15.88,15.88,200,2021-06-09 17:17:00,VOXX
15.92,15.92,15.92,15.92,100,2021-06-09 17:18:00,VOXX
15.89,15.89,15.89,15.89,100,2021-06-09 17:20:00,VOXX
15.92,15.92,15.92,15.92,100,2021-06-09 17:24:00,VOXX
15.89,15.9,15.89,15.9,400,2021-06-09 17:25:00,VOXX
15.87,15.87,15.87,15.87,100,2021-06-09 17:28:00,VOXX
15.85,15.85,15.75,15.81,2500,2021-06-09 17:30:00,VOXX
15.82,15.82,15.82,15.82,100,2021-06-09 17:33:00,VOXX
15.82,15.82,15.79,15.81,500,2021-06-09 17:34:00,VOXX
15.81,15.81,15.81,15.81,200,2021-06-09 17:35:00,VOXX
15.76,15.77,15.725,15.7548,1506,2021-06-09 17:37:00,VOXX
15.75,15.75,15.72,15.72,700,2021-06-09 17:38:00,VOXX
15.75,15.75,15.75,15.75,100,2021-06-09 17:39:00,VOXX
15.75,15.76,15.74,15.74,700,2021-06-09 17:40:00,VOXX
15.7133,15.7133,15.7133,15.7133,260,2021-06-09 17:41:00,VOXX
15.715,15.715,15.715,15.715,100,2021-06-09 17:42:00,VOXX
15.73,15.74,15.73,15.74,200,2021-06-09 17:43:00,VOXX
15.75,15.75,15.75,15.75,100,2021-06-09 17:45:00,VOXX
15.74,15.74,15.74,15.74,100,2021-06-09 17:47:00,VOXX
15.74,15.74,15.7,15.7,300,2021-06-09 17:48:00,VOXX
15.73,15.73,15.72,15.72,200,2021-06-09 17:50:00,VOXX
15.73,15.73,15.69,15.71,1000,2021-06-09 17:51:00,VOXX
15.75,15.75,15.75,15.75,100,2021-06-09 17:52:00,VOXX
15.745,15.745,15.745,15.745,100,2021-06-09 17:53:00,VOXX
15.72,15.72,15.72,15.72,638,2021-06-09 17:54:00,VOXX
15.68,15.73,15.68,15.73,400,2021-06-09 17:55:00,VOXX
15.74,15.74,15.7,15.7,2500,2021-06-09 17:58:00,VOXX
15.715,15.715,15.715,15.715,100,2021-06-09 17:59:00,VOXX
15.72,15.7279,15.7,15.7,500,2021-06-09 18:00:00,VOXX
15.74,15.78,15.72,15.78,700,2021-06-09 18:01:00,VOXX
15.78,15.78,15.76,15.76,200,2021-06-09 18:02:00,VOXX
15.8,15.8,15.8,15.8,100,2021-06-09 18:04:00,VOXX
15.76,15.76,15.76,15.76,200,2021-06-09 18:08:00,VOXX
15.77,15.77,15.76,15.76,200,2021-06-09 18:09:00,VOXX
15.75,15.75,15.75,15.75,100,2021-06-09 18:10:00,VOXX
15.72,15.745,15.71,15.71,300,2021-06-09 18:11:00,VOXX
15.725,15.725,15.725,15.725,200,2021-06-09 18:17:00,VOXX
15.74,15.74,15.74,15.74,100,2021-06-09 18:18:00,VOXX
15.72,15.765,15.72,15.72,400,2021-06-09 18:20:00,VOXX
15.73,15.73,15.73,15.73,100,2021-06-09 18:25:00,VOXX
15.765,15.765,15.765,15.765,100,2021-06-09 18:26:00,VOXX
15.73,15.73,15.73,15.73,100,2021-06-09 18:28:00,VOXX
15.8,15.8,15.75,15.76,2200,2021-06-09 18:29:00,VOXX
15.75,15.75,15.74,15.74,200,2021-06-09 18:31:00,VOXX
15.75,15.75,15.7,15.71,4540,2021-06-09 18:32:00,VOXX
15.695,15.73,15.695,15.715,2368,2021-06-09 18:33:00,VOXX
15.715,15.77,15.715,15.76,800,2021-06-09 18:34:00,VOXX
15.755,15.755,15.755,15.755,200,2021-06-09 18:35:00,VOXX
15.75,15.76,15.75,15.76,400,2021-06-09 18:37:00,VOXX
15.76,15.77,15.74,15.74,500,2021-06-09 18:40:00,VOXX
15.775,15.775,15.775,15.775,200,2021-06-09 18:42:00,VOXX
15.78,15.8,15.78,15.8,200,2021-06-09 18:43:00,VOXX
15.77,15.77,15.77,15.77,100,2021-06-09 18:45:00,VOXX
15.82,15.82,15.82,15.82,260,2021-06-09 18:46:00,VOXX
15.79,15.79,15.77,15.77,200,2021-06-09 18:48:00,VOXX
15.79,15.79,15.79,15.79,100,2021-06-09 18:51:00,VOXX
15.81,15.81,15.81,15.81,150,2021-06-09 18:52:00,VOXX
15.8,15.81,15.78,15.8,2500,2021-06-09 18:53:00,VOXX
15.77,15.77,15.725,15.725,600,2021-06-09 18:54:00,VOXX
15.74,15.74,15.74,15.74,500,2021-06-09 18:55:00,VOXX
15.76,15.76,15.76,15.76,400,2021-06-09 18:56:00,VOXX
15.7363,15.7363,15.7363,15.7363,250,2021-06-09 18:57:00,VOXX
15.75,15.75,15.73,15.73,200,2021-06-09 18:59:00,VOXX
15.76,15.76,15.76,15.76,100,2021-06-09 19:02:00,VOXX
15.73,15.73,15.72,15.72,200,2021-06-09 19:04:00,VOXX
15.74,15.77,15.73,15.73,1562,2021-06-09 19:07:00,VOXX
15.71,15.71,15.71,15.71,100,2021-06-09 19:08:00,VOXX
15.705,15.705,15.7,15.7,200,2021-06-09 19:09:00,VOXX
15.705,15.74,15.705,15.74,800,2021-06-09 19:11:00,VOXX
15.73,15.73,15.73,15.73,500,2021-06-09 19:12:00,VOXX
15.73,15.73,15.73,15.73,200,2021-06-09 19:13:00,VOXX
15.72,15.72,15.7103,15.7103,220,2021-06-09 19:14:00,VOXX
15.73,15.73,15.72,15.72,600,2021-06-09 19:18:00,VOXX
15.71,15.71,15.71,15.71,100,2021-06-09 19:20:00,VOXX
15.68,15.68,15.63,15.63,1188,2021-06-09 19:21:00,VOXX
15.645,15.66,15.645,15.645,551,2021-06-09 19:22:00,VOXX
15.6665,15.6665,15.56,15.62,1550,2021-06-09 19:23:00,VOXX
15.63,15.645,15.62,15.62,700,2021-06-09 19:24:00,VOXX
15.59,15.59,15.59,15.59,100,2021-06-09 19:28:00,VOXX
15.56,15.57,15.55,15.57,400,2021-06-09 19:29:00,VOXX
15.55,15.57,15.53,15.53,2200,2021-06-09 19:30:00,VOXX
15.5375,15.57,15.53,15.54,1700,2021-06-09 19:31:00,VOXX
15.56,15.56,15.56,15.56,100,2021-06-09 19:32:00,VOXX
15.56,15.58,15.54,15.56,600,2021-06-09 19:33:00,VOXX
15.59,15.6,15.55,15.58,600,2021-06-09 19:34:00,VOXX
15.6,15.63,15.59,15.63,900,2021-06-09 19:35:00,VOXX
15.63,15.65,15.63,15.63,900,2021-06-09 19:36:00,VOXX
15.62,15.62,15.62,15.62,100,2021-06-09 19:37:00,VOXX
15.63,15.64,15.63,15.63,700,2021-06-09 19:38:00,VOXX
15.65,15.665,15.65,15.665,700,2021-06-09 19:39:00,VOXX
15.65,15.65,15.64,15.64,632,2021-06-09 19:40:00,VOXX
15.6669,15.6669,15.6669,15.6669,555,2021-06-09 19:41:00,VOXX
15.64,15.64,15.64,15.64,100,2021-06-09 19:42:00,VOXX
15.63,15.63,15.61,15.615,472,2021-06-09 19:43:00,VOXX
15.63,15.63,15.62,15.62,700,2021-06-09 19:44:00,VOXX
15.649,15.649,15.649,15.649,100,2021-06-09 19:45:00,VOXX
15.65,15.65,15.62,15.63,1300,2021-06-09 19:46:00,VOXX
15.6325,15.65,15.63,15.64,1000,2021-06-09 19:47:00,VOXX
15.64,15.645,15.635,15.645,1200,2021-06-09 19:48:00,VOXX
15.63,15.63,15.62,15.63,700,2021-06-09 19:50:00,VOXX
15.615,15.63,15.615,15.625,1400,2021-06-09 19:51:00,VOXX
15.625,15.63,15.625,15.63,609,2021-06-09 19:52:00,VOXX
15.63,15.63,15.62,15.62,200,2021-06-09 19:53:00,VOXX
15.64,15.65,15.62,15.64,1549,2021-06-09 19:54:00,VOXX
15.67,15.67,15.65,15.65,600,2021-06-09 19:55:00,VOXX
15.66,15.665,15.65,15.665,300,2021-06-09 19:56:00,VOXX
15.66,15.67,15.65,15.655,1300,2021-06-09 19:57:00,VOXX
15.65,15.67,15.63,15.63,3439,2021-06-09 19:58:00,VOXX
15.67,15.68,15.62,15.64,2325,2021-06-09 19:59:00,VOXX
15.65,15.65,15.65,15.65,13431,2021-06-09 20:00:00,VOXX
16.41,16.41,16.41,16.41,100,2021-06-09 21:42:00,VOXX
15.65,15.65,15.65,15.65,1230,2021-06-10 12:42:00,VOXX
15.83,15.83,15.83,15.83,871,2021-06-10 13:30:00,VOXX
15.925,15.925,15.8,15.8,1098,2021-06-10 13:31:00,VOXX
15.9629,15.9629,15.9629,15.9629,219,2021-06-10 13:37:00,VOXX
15.72,15.72,15.71,15.71,300,2021-06-10 13:38:00,VOXX
15.72,15.76,15.72,15.76,1600,2021-06-10 13:46:00,VOXX
15.72,15.72,15.72,15.72,171,2021-06-10 13:49:00,VOXX
15.83,15.83,15.83,15.83,100,2021-06-10 13:52:00,VOXX
15.72,15.72,15.67,15.71,1667,2021-06-10 13:58:00,VOXX
15.645,15.69,15.645,15.69,232,2021-06-10 14:02:00,VOXX
15.651,15.651,15.651,15.651,200,2021-06-10 14:08:00,VOXX
15.65,15.7253,15.65,15.7253,200,2021-06-10 14:13:00,VOXX
15.6,15.6,15.6,15.6,100,2021-06-10 14:15:00,VOXX
15.6,15.6,15.6,15.6,100,2021-06-10 14:16:00,VOXX
15.59,15.59,15.59,15.59,100,2021-06-10 14:17:00,VOXX
15.6,15.6,15.54,15.54,300,2021-06-10 14:18:00,VOXX
15.5101,15.5101,15.48,15.48,2558,2021-06-10 14:19:00,VOXX
15.485,15.485,15.485,15.485,100,2021-06-10 14:20:00,VOXX
15.52,15.52,15.52,15.52,100,2021-06-10 14:21:00,VOXX
15.4635,15.4635,15.45,15.46,1017,2021-06-10 14:22:00,VOXX
15.47,15.47,15.47,15.47,200,2021-06-10 14:23:00,VOXX
15.52,15.52,15.52,15.52,125,2021-06-10 14:24:00,VOXX
15.51,15.51,15.51,15.51,100,2021-06-10 14:25:00,VOXX
15.4836,15.5,15.4836,15.5,475,2021-06-10 14:26:00,VOXX
15.47,15.47,15.47,15.47,100,2021-06-10 14:28:00,VOXX
15.52,15.52,15.52,15.52,200,2021-06-10 14:30:00,VOXX
15.5154,15.5154,15.5154,15.5154,1650,2021-06-10 14:33:00,VOXX
15.52,15.52,15.52,15.52,250,2021-06-10 14:35:00,VOXX
15.5,15.5,15.47,15.47,735,2021-06-10 14:36:00,VOXX
15.4781,15.4781,15.438,15.438,350,2021-06-10 14:37:00,VOXX
15.39,15.39,15.3,15.3,600,2021-06-10 14:41:00,VOXX
15.33,15.3301,15.33,15.3301,200,2021-06-10 14:42:00,VOXX
15.31,15.31,15.31,15.31,100,2021-06-10 14:44:00,VOXX
15.3,15.31,15.28,15.31,302,2021-06-10 14:45:00,VOXX
15.275,15.275,15.275,15.275,100,2021-06-10 14:46:00,VOXX
15.24,15.24,15.24,15.24,100,2021-06-10 14:49:00,VOXX
15.31,15.33,15.29,15.31,1625,2021-06-10 14:51:00,VOXX
15.28,15.28,15.2,15.2,738,2021-06-10 14:52:00,VOXX
15.245,15.245,15.245,15.245,300,2021-06-10 14:53:00,VOXX
15.24,15.24,15.24,15.24,200,2021-06-10 14:55:00,VOXX
15.26,15.27,15.245,15.245,1700,2021-06-10 14:56:00,VOXX
15.245,15.245,15.245,15.245,200,2021-06-10 14:57:00,VOXX
15.25,15.37,15.25,15.37,1200,2021-06-10 14:58:00,VOXX
15.25,15.26,15.25,15.25,300,2021-06-10 15:01:00,VOXX
15.28,15.33,15.25,15.25,1851,2021-06-10 15:02:00,VOXX
15.27,15.27,15.27,15.27,100,2021-06-10 15:04:00,VOXX
15.27,15.27,15.27,15.27,100,2021-06-10 15:05:00,VOXX
15.3065,15.31,15.265,15.31,700,2021-06-10 15:07:00,VOXX
15.33,15.33,15.33,15.33,100,2021-06-10 15:10:00,VOXX
15.31,15.34,15.28,15.28,1158,2021-06-10 15:11:00,VOXX
15.21,15.21,15.21,15.21,100,2021-06-10 15:12:00,VOXX
15.205,15.205,15.205,15.205,100,2021-06-10 15:15:00,VOXX
15.2159,15.23,15.15,15.23,1215,2021-06-10 15:16:00,VOXX
15.17,15.22,15.17,15.2144,900,2021-06-10 15:21:00,VOXX
15.2,15.24,15.2,15.24,538,2021-06-10 15:22:00,VOXX
15.23,15.24,15.23,15.2365,300,2021-06-10 15:23:00,VOXX
15.24,15.24,15.24,15.24,146,2021-06-10 15:24:00,VOXX
15.24,15.24,15.17,15.17,350,2021-06-10 15:25:00,VOXX
15.17,15.17,15.155,15.155,490,2021-06-10 15:27:00,VOXX
15.16,15.16,15.16,15.16,100,2021-06-10 15:30:00,VOXX
15.15,15.15,15.15,15.15,641,2021-06-10 15:31:00,VOXX
15.15,15.15,15.1,15.115,700,2021-06-10 15:32:00,VOXX
15.13,15.16,15.13,15.16,1957,2021-06-10 15:33:00,VOXX
15.165,15.165,15.165,15.165,100,2021-06-10 15:35:00,VOXX
15.15,15.15,15.1275,15.1275,298,2021-06-10 15:36:00,VOXX
15.13,15.18,15.13,15.18,1814,2021-06-10 15:39:00,VOXX
15.16,15.16,15.16,15.16,100,2021-06-10 15:40:00,VOXX
15.11,15.11,15.11,15.11,200,2021-06-10 15:42:00,VOXX
15.08,15.08,15.03,15.05,2000,2021-06-10 15:43:00,VOXX
15.08,15.08,15.08,15.08,100,2021-06-10 15:44:00,VOXX
15.08,15.08,15.06,15.06,300,2021-06-10 15:46:00,VOXX
15.05,15.05,15.05,15.05,100,2021-06-10 15:47:00,VOXX
15.11,15.15,15.11,15.15,300,2021-06-10 15:50:00,VOXX
15.14,15.14,15.14,15.14,100,2021-06-10 15:51:00,VOXX
15.13,15.13,15.11,15.11,200,2021-06-10 15:53:00,VOXX
15.11,15.11,15.11,15.11,100,2021-06-10 15:54:00,VOXX
15.14,15.14,15.14,15.14,100,2021-06-10 15:55:00,VOXX
15.14,15.14,15.12,15.14,300,2021-06-10 15:57:00,VOXX
15.18,15.18,15.18,15.18,186,2021-06-10 16:01:00,VOXX
15.18,15.18,15.18,15.18,300,2021-06-10 16:02:00,VOXX
15.145,15.145,15.11,15.11,200,2021-06-10 16:03:00,VOXX
15.14,15.15,15.14,15.15,900,2021-06-10 16:04:00,VOXX
15.18,15.18,15.175,15.18,647,2021-06-10 16:05:00,VOXX
15.2,15.2,15.2,15.2,1500,2021-06-10 16:07:00,VOXX
15.08,15.08,15.08,15.08,100,2021-06-10 16:11:00,VOXX
15.095,15.095,15.06,15.06,300,2021-06-10 16:12:00,VOXX
15.06,15.06,15.06,15.06,100,2021-06-10 16:18:00,VOXX
15.095,15.14,15.08,15.14,600,2021-06-10 16:19:00,VOXX
15.07,15.07,15.06,15.06,1388,2021-06-10 16:21:00,VOXX
15.07,15.07,15.03,15.03,1250,2021-06-10 16:25:00,VOXX
15.03,15.03,15.0,15.0,300,2021-06-10 16:26:00,VOXX
15.0,15.0,14.95,14.97,1908,2021-06-10 16:30:00,VOXX
14.97,14.97,14.965,14.965,254,2021-06-10 16:32:00,VOXX
14.96,15.02,14.96,15.0,1335,2021-06-10 16:33:00,VOXX
15.03,15.03,15.02,15.03,700,2021-06-10 16:34:00,VOXX
15.05,15.07,15.04,15.07,400,2021-06-10 16:35:00,VOXX
15.069,15.069,15.04,15.04,400,2021-06-10 16:36:00,VOXX
15.04,15.04,15.04,15.04,100,2021-06-10 16:37:00,VOXX
15.04,15.05,15.04,15.05,200,2021-06-10 16:38:00,VOXX
15.09,15.1,15.09,15.1,200,2021-06-10 16:41:00,VOXX
15.149,15.149,15.149,15.149,556,2021-06-10 16:45:00,VOXX
15.135,15.135,15.135,15.135,100,2021-06-10 16:46:00,VOXX
15.135,15.135,15.135,15.135,100,2021-06-10 16:47:00,VOXX
15.1,15.1,15.1,15.1,100,2021-06-10 16:50:00,VOXX
15.17,15.17,15.17,15.17,260,2021-06-10 16:52:00,VOXX
15.17,15.17,15.17,15.17,100,2021-06-10 17:02:00,VOXX
15.16,15.17,15.16,15.165,600,2021-06-10 17:12:00,VOXX
15.14,15.14,15.1,15.1,300,2021-06-10 17:14:00,VOXX
15.13,15.13,15.13,15.13,100,2021-06-10 17:17:00,VOXX
15.11,15.11,15.11,15.11,100,2021-06-10 17:18:00,VOXX
15.12,15.12,15.12,15.12,100,2021-06-10 17:21:00,VOXX
15.1,15.1,15.1,15.1,300,2021-06-10 17:25:00,VOXX
15.05,15.05,15.05,15.05,100,2021-06-10 17:29:00,VOXX
15.04,15.06,15.0,15.04,1814,2021-06-10 17:31:00,VOXX
15.02,15.02,15.02,15.02,100,2021-06-10 17:34:00,VOXX
15.01,15.01,15.01,15.01,200,2021-06-10 17:35:00,VOXX
15.01,15.01,15.01,15.01,100,2021-06-10 17:36:00,VOXX
15.01,15.01,15.01,15.01,100,2021-06-10 17:38:00,VOXX
15.04,15.04,15.04,15.04,100,2021-06-10 17:41:00,VOXX
15.01,15.01,15.01,15.01,100,2021-06-10 17:42:00,VOXX
15.03,15.03,15.03,15.03,200,2021-06-10 17:47:00,VOXX
15.02,15.04,15.02,15.04,700,2021-06-10 17:51:00,VOXX
15.04,15.07,15.04,15.05,500,2021-06-10 17:52:00,VOXX
15.05,15.05,15.05,15.05,100,2021-06-10 17:53:00,VOXX
15.04,15.04,15.04,15.04,100,2021-06-10 17:59:00,VOXX
15.0595,15.0595,15.0595,15.0595,100,2021-06-10 18:03:00,VOXX
15.049,15.049,15.049,15.049,300,2021-06-10 18:06:00,VOXX
15.06,15.06,15.05,15.05,981,2021-06-10 18:07:00,VOXX
15.035,15.035,15.035,15.035,100,2021-06-10 18:09:00,VOXX
15.0,15.0,15.0,15.0,100,2021-06-10 18:10:00,VOXX
14.985,14.985,14.985,14.985,100,2021-06-10 18:12:00,VOXX
15.01,15.03,15.005,15.03,1700,2021-06-10 18:13:00,VOXX
15.03,15.03,15.0,15.0,300,2021-06-10 18:14:00,VOXX
15.03,15.03,15.03,15.03,200,2021-06-10 18:15:00,VOXX
15.03,15.03,15.03,15.03,100,2021-06-10 18:16:00,VOXX
14.99,14.99,14.99,14.99,100,2021-06-10 18:25:00,VOXX
15.01,15.02,15.01,15.02,600,2021-06-10 18:26:00,VOXX
15.0,15.0,15.0,15.0,100,2021-06-10 18:27:00,VOXX
14.95,14.95,14.9,14.94,2365,2021-06-10 18:29:00,VOXX
14.9599,14.99,14.9599,14.99,3000,2021-06-10 18:33:00,VOXX
14.96,14.99,14.955,14.955,700,2021-06-10 18:34:00,VOXX
14.99,14.99,14.99,14.99,100,2021-06-10 18:35:00,VOXX
14.965,14.965,14.94,14.94,200,2021-06-10 18:36:00,VOXX
14.965,14.965,14.965,14.965,100,2021-06-10 18:37:00,VOXX
14.94,14.94,14.94,14.94,140,2021-06-10 18:40:00,VOXX
14.94,14.94,14.94,14.94,100,2021-06-10 18:42:00,VOXX
14.94,14.9489,14.94,14.9489,827,2021-06-10 18:43:00,VOXX
14.925,14.95,14.91,14.95,732,2021-06-10 18:44:00,VOXX
14.95,14.98,14.95,14.98,1381,2021-06-10 18:45:00,VOXX
14.94,14.9699,14.94,14.95,400,2021-06-10 18:46:00,VOXX
14.94,14.95,14.92,14.92,600,2021-06-10 18:50:00,VOXX
14.9,14.9,14.9,14.9,100,2021-06-10 18:51:00,VOXX
14.94,14.94,14.925,14.925,600,2021-06-10 18:53:00,VOXX
14.93,14.93,14.93,14.93,100,2021-06-10 18:54:00,VOXX
14.935,14.935,14.935,14.935,100,2021-06-10 18:55:00,VOXX
14.94,14.96,14.93,14.93,1400,2021-06-10 18:56:00,VOXX
14.94,14.94,14.94,14.94,100,2021-06-10 18:57:00,VOXX
14.93,14.93,14.93,14.93,100,2021-06-10 18:58:00,VOXX
14.9,14.9,14.9,14.9,100,2021-06-10 18:59:00,VOXX
14.915,14.915,14.915,14.915,100,2021-06-10 19:00:00,VOXX
14.9,14.9,14.9,14.9,401,2021-06-10 19:04:00,VOXX
14.91,14.91,14.87,14.87,709,2021-06-10 19:08:00,VOXX
14.89,14.91,14.89,14.905,500,2021-06-10 19:09:00,VOXX
14.925,14.925,14.925,14.925,100,2021-06-10 19:10:00,VOXX
14.91,14.91,14.8965,14.8965,477,2021-06-10 19:11:00,VOXX
14.911,14.925,14.89,14.89,500,2021-06-10 19:14:00,VOXX
14.89,14.89,14.85,14.85,400,2021-06-10 19:17:00,VOXX
14.865,14.865,14.865,14.865,200,2021-06-10 19:18:00,VOXX
14.865,14.89,14.84,14.89,600,2021-06-10 19:21:00,VOXX
14.89,14.9,14.89,14.9,500,2021-06-10 19:23:00,VOXX
14.895,14.91,14.895,14.9,900,2021-06-10 19:26:00,VOXX
14.91,14.93,14.905,14.93,500,2021-06-10 19:27:00,VOXX
14.9,14.91,14.9,14.9,1051,2021-06-10 19:31:00,VOXX
14.88,14.88,14.87,14.87,700,2021-06-10 19:32:00,VOXX
14.85,14.86,14.8401,14.86,850,2021-06-10 19:34:00,VOXX
14.84,14.84,14.84,14.84,500,2021-06-10 19:35:00,VOXX
14.84,14.84,14.83,14.83,600,2021-06-10 19:36:00,VOXX
14.87,14.88,14.86,14.88,800,2021-06-10 19:37:00,VOXX
14.87,14.87,14.87,14.87,100,2021-06-10 19:38:00,VOXX
14.8948,14.8948,14.8948,14.8948,300,2021-06-10 19:39:00,VOXX
14.85,14.85,14.845,14.85,907,2021-06-10 19:40:00,VOXX
14.85,14.85,14.85,14.85,200,2021-06-10 19:42:00,VOXX
14.84,14.84,14.84,14.84,411,2021-06-10 19:43:00,VOXX
14.81,14.835,14.81,14.835,1747,2021-06-10 19:44:00,VOXX
14.835,14.84,14.82,14.84,2800,2021-06-10 19:45:00,VOXX
14.83,14.83,14.78,14.79,2062,2021-06-10 19:46:00,VOXX
14.78,14.805,14.78,14.8,1572,2021-06-10 19:47:00,VOXX
14.795,14.82,14.78,14.79,1500,2021-06-10 19:48:00,VOXX
14.85,14.85,14.83,14.83,200,2021-06-10 19:49:00,VOXX
14.83,14.85,14.83,14.84,1050,2021-06-10 19:50:00,VOXX
14.855,14.855,14.84,14.84,355,2021-06-10 19:52:00,VOXX
14.8659,14.8659,14.84,14.84,310,2021-06-10 19:53:00,VOXX
14.85,14.905,14.84,14.905,2458,2021-06-10 19:54:00,VOXX
14.9,14.9,14.82,14.86,862,2021-06-10 19:55:00,VOXX
14.86,14.86,14.84,14.85,500,2021-06-10 19:56:00,VOXX
14.85,14.89,14.84,14.86,3458,2021-06-10 19:57:00,VOXX
14.87,14.8984,14.87,14.885,2443,2021-06-10 19:58:00,VOXX
14.88,14.88,14.82,14.86,2930,2021-06-10 19:59:00,VOXX
14.87,14.87,14.87,14.87,13150,2021-06-10 20:00:00,VOXX
14.87,14.87,14.87,14.87,945,2021-06-10 20:08:00,VOXX
14.85,14.85,14.85,14.85,200,2021-06-10 23:38:00,VOXX
15.01,15.045,15.0,15.045,1483,2021-06-11 13:30:00,VOXX
15.11,15.19,15.11,15.19,900,2021-06-11 13:31:00,VOXX
15.25,15.25,15.25,15.25,260,2021-06-11 13:33:00,VOXX
15.0121,15.0121,15.0121,15.0121,1000,2021-06-11 13:35:00,VOXX
15.0118,15.0118,15.0118,15.0118,1000,2021-06-11 13:36:00,VOXX
15.0672,15.0672,15.0672,15.0672,562,2021-06-11 13:37:00,VOXX
15.028,15.03,15.02,15.02,872,2021-06-11 13:38:00,VOXX
15.18,15.185,15.18,15.185,200,2021-06-11 13:41:00,VOXX
15.03,15.14,15.03,15.14,300,2021-06-11 13:44:00,VOXX
15.12,15.12,15.12,15.12,100,2021-06-11 13:46:00,VOXX
15.06,15.06,15.06,15.06,100,2021-06-11 13:47:00,VOXX
15.09,15.15,15.09,15.15,1380,2021-06-11 13:54:00,VOXX
15.2,15.2,15.2,15.2,100,2021-06-11 13:55:00,VOXX
15.15,15.16,15.15,15.16,200,2021-06-11 13:56:00,VOXX
15.11,15.11,15.11,15.11,150,2021-06-11 13:57:00,VOXX
15.12,15.12,15.12,15.12,133,2021-06-11 13:58:00,VOXX
15.18,15.18,15.16,15.18,393,2021-06-11 13:59:00,VOXX
15.2,15.2,15.2,15.2,200,2021-06-11 14:01:00,VOXX
15.11,15.11,15.11,15.11,298,2021-06-11 14:02:00,VOXX
15.175,15.175,15.175,15.175,100,2021-06-11 14:08:00,VOXX
15.195,15.195,15.195,15.195,100,2021-06-11 14:09:00,VOXX
15.22,15.22,15.22,15.22,100,2021-06-11 14:13:00,VOXX
15.23,15.24,15.23,15.24,600,2021-06-11 14:18:00,VOXX
15.27,15.3,15.27,15.3,1693,2021-06-11 14:20:00,VOXX
15.35,15.35,15.35,15.35,100,2021-06-11 14:26:00,VOXX
15.351,15.351,15.351,15.351,326,2021-06-11 14:33:00,VOXX
15.4,15.4,15.4,15.4,100,2021-06-11 14:39:00,VOXX
15.41,15.41,15.41,15.41,415,2021-06-11 14:40:00,VOXX
15.4,15.4,15.38,15.38,200,2021-06-11 14:41:00,VOXX
15.37,15.37,15.37,15.37,200,2021-06-11 14:44:00,VOXX
15.3484,15.3484,15.3484,15.3484,650,2021-06-11 14:45:00,VOXX
15.39,15.39,15.39,15.39,100,2021-06-11 14:54:00,VOXX
15.39,15.39,15.39,15.39,200,2021-06-11 15:01:00,VOXX
15.41,15.41,15.39,15.39,200,2021-06-11 15:04:00,VOXX
15.37,15.37,15.37,15.37,200,2021-06-11 15:05:00,VOXX
15.41,15.41,15.41,15.41,100,2021-06-11 15:07:00,VOXX
15.42,15.45,15.42,15.425,300,2021-06-11 15:09:00,VOXX
15.39,15.39,15.39,15.39,100,2021-06-11 15:11:00,VOXX
15.31,15.31,15.31,15.31,100,2021-06-11 15:13:00,VOXX
15.33,15.33,15.33,15.33,100,2021-06-11 15:14:00,VOXX
15.32,15.32,15.32,15.32,100,2021-06-11 15:19:00,VOXX
15.31,15.31,15.31,15.31,100,2021-06-11 15:21:00,VOXX
15.295,15.295,15.295,15.295,100,2021-06-11 15:23:00,VOXX
15.31,15.31,15.31,15.31,100,2021-06-11 15:24:00,VOXX
15.325,15.325,15.325,15.325,100,2021-06-11 15:28:00,VOXX
15.27,15.27,15.27,15.27,100,2021-06-11 15:33:00,VOXX
15.28,15.28,15.28,15.28,100,2021-06-11 15:36:00,VOXX
15.21,15.21,15.2,15.2,400,2021-06-11 15:41:00,VOXX
15.19,15.19,15.19,15.19,100,2021-06-11 15:46:00,VOXX
15.2,15.2,15.2,15.2,1400,2021-06-11 15:47:00,VOXX
15.18,15.18,15.18,15.18,100,2021-06-11 15:49:00,VOXX
15.215,15.215,15.18,15.18,1300,2021-06-11 15:51:00,VOXX
15.18,15.18,15.18,15.18,100,2021-06-11 15:53:00,VOXX
15.18,15.18,15.18,15.18,400,2021-06-11 15:57:00,VOXX
15.165,15.165,15.165,15.165,100,2021-06-11 15:58:00,VOXX
15.17,15.17,15.17,15.17,100,2021-06-11 16:00:00,VOXX
15.18,15.18,15.17,15.17,200,2021-06-11 16:01:00,VOXX
15.205,15.205,15.205,15.205,100,2021-06-11 16:02:00,VOXX
15.1797,15.1797,15.17,15.17,225,2021-06-11 16:03:00,VOXX
15.17,15.17,15.17,15.17,443,2021-06-11 16:04:00,VOXX
15.17,15.17,15.1648,15.1648,405,2021-06-11 16:05:00,VOXX
15.15,15.15,15.12,15.12,200,2021-06-11 16:10:00,VOXX
15.13,15.13,15.13,15.13,100,2021-06-11 16:13:00,VOXX
15.13,15.13,15.13,15.13,100,2021-06-11 16:16:00,VOXX
15.1,15.1,15.09,15.09,599,2021-06-11 16:17:00,VOXX
15.08,15.08,15.08,15.08,100,2021-06-11 16:19:00,VOXX
15.0775,15.0775,15.05,15.05,200,2021-06-11 16:20:00,VOXX
15.0744,15.0744,15.0744,15.0744,230,2021-06-11 16:21:00,VOXX
15.05,15.06,15.02,15.02,446,2021-06-11 16:22:00,VOXX
15.055,15.055,15.055,15.055,100,2021-06-11 16:23:00,VOXX
15.032,15.16,15.02,15.16,6346,2021-06-11 16:24:00,VOXX
15.18,15.18,15.16,15.16,600,2021-06-11 16:25:00,VOXX
15.16,15.16,15.16,15.16,358,2021-06-11 16:28:00,VOXX
15.17,15.17,15.17,15.17,100,2021-06-11 16:31:00,VOXX
15.2,15.2,15.2,15.2,200,2021-06-11 16:34:00,VOXX
15.19,15.19,15.19,15.19,100,2021-06-11 16:35:00,VOXX
15.19,15.19,15.19,15.19,550,2021-06-11 16:39:00,VOXX
15.15,15.15,15.15,15.15,100,2021-06-11 16:44:00,VOXX
15.17,15.17,15.17,15.17,100,2021-06-11 16:49:00,VOXX
15.16,15.16,15.16,15.16,100,2021-06-11 16:50:00,VOXX
15.18,15.18,15.17,15.17,700,2021-06-11 16:51:00,VOXX
15.17,15.22,15.17,15.22,1300,2021-06-11 16:52:00,VOXX
15.205,15.205,15.205,15.205,200,2021-06-11 16:55:00,VOXX
15.21,15.21,15.21,15.21,100,2021-06-11 16:56:00,VOXX
15.2,15.2,15.2,15.2,111,2021-06-11 17:00:00,VOXX
15.17,15.17,15.17,15.17,100,2021-06-11 17:02:00,VOXX
15.18,15.19,15.18,15.19,1300,2021-06-11 17:05:00,VOXX
15.18,15.18,15.18,15.18,100,2021-06-11 17:08:00,VOXX
15.1642,15.19,15.1642,15.19,647,2021-06-11 17:10:00,VOXX
15.18,15.18,15.18,15.18,500,2021-06-11 17:17:00,VOXX
15.18,15.18,15.18,15.18,395,2021-06-11 17:21:00,VOXX
15.18,15.18,15.18,15.18,100,2021-06-11 17:25:00,VOXX
15.175,15.175,15.175,15.175,100,2021-06-11 17:29:00,VOXX
15.17,15.17,15.17,15.17,100,2021-06-11 17:30:00,VOXX
15.18,15.18,15.18,15.18,600,2021-06-11 17:31:00,VOXX
15.1899,15.1899,15.17,15.17,400,2021-06-11 17:34:00,VOXX
15.18,15.18,15.18,15.18,400,2021-06-11 17:37:00,VOXX
15.185,15.2,15.185,15.2,700,2021-06-11 17:38:00,VOXX
15.22,15.22,15.22,15.22,551,2021-06-11 17:42:00,VOXX
15.21,15.21,15.21,15.21,200,2021-06-11 17:43:00,VOXX
15.19,15.19,15.19,15.19,500,2021-06-11 17:47:00,VOXX
15.19,15.19,15.18,15.185,600,2021-06-11 17:55:00,VOXX
15.17,15.17,15.17,15.17,100,2021-06-11 17:58:00,VOXX
15.18,15.18,15.18,15.18,299,2021-06-11 18:00:00,VOXX
15.19,15.19,15.19,15.19,100,2021-06-11 18:01:00,VOXX
15.185,15.185,15.185,15.185,547,2021-06-11 18:03:00,VOXX
15.17,15.17,15.17,15.17,100,2021-06-11 18:04:00,VOXX
15.18,15.18,15.16,15.16,1638,2021-06-11 18:06:00,VOXX
15.18,15.18,15.16,15.16,200,2021-06-11 18:08:00,VOXX
15.18,15.18,15.18,15.18,500,2021-06-11 18:09:00,VOXX
15.17,15.17,15.17,15.17,200,2021-06-11 18:10:00,VOXX
15.17,15.17,15.17,15.17,104,2021-06-11 18:11:00,VOXX
15.16,15.16,15.16,15.16,100,2021-06-11 18:14:00,VOXX
15.15,15.15,15.1,15.1,6022,2021-06-11 18:17:00,VOXX
15.08,15.08,15.055,15.055,1018,2021-06-11 18:18:00,VOXX
15.1,15.13,15.1,15.13,541,2021-06-11 18:20:00,VOXX
15.08,15.08,15.08,15.08,514,2021-06-11 18:25:00,VOXX
15.08,15.08,15.08,15.08,100,2021-06-11 18:26:00,VOXX
15.025,15.025,15.025,15.025,100,2021-06-11 18:32:00,VOXX
15.025,15.025,15.025,15.025,100,2021-06-11 18:33:00,VOXX
15.04,15.04,15.04,15.04,600,2021-06-11 18:34:00,VOXX
15.05,15.05,15.0,15.01,1591,2021-06-11 18:36:00,VOXX
15.04,15.04,15.04,15.04,502,2021-06-11 18:38:00,VOXX
14.98,14.98,14.98,14.98,100,2021-06-11 18:42:00,VOXX
15.005,15.005,15.005,15.005,100,2021-06-11 18:44:00,VOXX
14.99,15.01,14.99,15.01,900,2021-06-11 18:47:00,VOXX
15.04,15.04,15.04,15.04,500,2021-06-11 18:50:00,VOXX
15.055,15.0669,15.055,15.0669,470,2021-06-11 18:51:00,VOXX
15.04,15.04,15.04,15.04,100,2021-06-11 18:52:00,VOXX
15.06,15.06,15.06,15.06,664,2021-06-11 18:54:00,VOXX
15.085,15.085,15.085,15.085,496,2021-06-11 18:56:00,VOXX
15.05,15.05,15.045,15.045,300,2021-06-11 18:57:00,VOXX
15.05,15.05,15.05,15.05,500,2021-06-11 18:58:00,VOXX
15.055,15.055,15.055,15.055,200,2021-06-11 19:02:00,VOXX
15.05,15.06,15.05,15.06,900,2021-06-11 19:03:00,VOXX
15.05,15.05,15.04,15.04,479,2021-06-11 19:04:00,VOXX
15.035,15.035,15.02,15.02,400,2021-06-11 19:05:00,VOXX
15.0,15.02,15.0,15.02,1135,2021-06-11 19:10:00,VOXX
15.025,15.03,15.01,15.03,1600,2021-06-11 19:18:00,VOXX
15.05,15.05,15.035,15.035,200,2021-06-11 19:20:00,VOXX
15.035,15.035,15.035,15.035,200,2021-06-11 19:21:00,VOXX
15.03,15.04,15.03,15.04,800,2021-06-11 19:23:00,VOXX
15.05,15.05,15.05,15.05,500,2021-06-11 19:25:00,VOXX
15.1,15.1,15.1,15.1,167,2021-06-11 19:27:00,VOXX
15.08,15.08,15.06,15.06,800,2021-06-11 19:30:00,VOXX
15.07,15.07,15.07,15.07,100,2021-06-11 19:31:00,VOXX
15.11,15.19,15.11,15.16,4338,2021-06-11 19:35:00,VOXX
15.17,15.17,15.17,15.17,100,2021-06-11 19:39:00,VOXX
15.18,15.18,15.16,15.16,500,2021-06-11 19:41:00,VOXX
15.15,15.15,15.15,15.15,100,2021-06-11 19:42:00,VOXX
15.179,15.179,15.15,15.15,350,2021-06-11 19:43:00,VOXX
15.14,15.18,15.14,15.17,400,2021-06-11 19:45:00,VOXX
15.15,15.15,15.15,15.15,217,2021-06-11 19:46:00,VOXX
15.15,15.155,15.15,15.155,200,2021-06-11 19:49:00,VOXX
15.18,15.195,15.15,15.195,900,2021-06-11 19:50:00,VOXX
15.16,15.16,15.16,15.16,200,2021-06-11 19:52:00,VOXX
15.19,15.19,15.14,15.1848,401,2021-06-11 19:53:00,VOXX
15.17,15.17,15.14,15.15,915,2021-06-11 19:54:00,VOXX
15.145,15.17,15.12,15.13,1355,2021-06-11 19:55:00,VOXX
15.135,15.135,15.12,15.12,500,2021-06-11 19:56:00,VOXX
15.125,15.15,15.11,15.14,2784,2021-06-11 19:57:00,VOXX
15.13,15.14,15.12,15.14,1746,2021-06-11 19:58:00,VOXX
15.15,15.19,15.13,15.19,998,2021-06-11 19:59:00,VOXX
15.19,15.19,15.19,15.19,9576,2021-06-11 20:00:00,VOXX
15.33,15.33,15.33,15.33,1206,2021-06-14 13:30:00,VOXX
15.31,15.5014,15.31,15.5014,426,2021-06-14 13:31:00,VOXX
15.55,15.55,15.55,15.55,100,2021-06-14 13:34:00,VOXX
15.52,15.52,15.45,15.45,600,2021-06-14 13:35:00,VOXX
15.51,15.51,15.51,15.51,202,2021-06-14 13:41:00,VOXX
15.55,15.55,15.55,15.55,100,2021-06-14 13:42:00,VOXX
15.56,15.57,15.56,15.57,200,2021-06-14 13:43:00,VOXX
15.4709,15.55,15.4709,15.55,275,2021-06-14 13:44:00,VOXX
15.53,15.53,15.53,15.53,100,2021-06-14 13:47:00,VOXX
15.53,15.53,15.53,15.53,100,2021-06-14 13:48:00,VOXX
15.47,15.47,15.46,15.46,200,2021-06-14 13:50:00,VOXX
15.3,15.3,15.28,15.28,3121,2021-06-14 13:53:00,VOXX
15.29,15.29,15.29,15.29,300,2021-06-14 13:56:00,VOXX
15.325,15.325,15.325,15.325,200,2021-06-14 14:02:00,VOXX
15.325,15.325,15.325,15.325,121,2021-06-14 14:03:00,VOXX
15.23,15.23,15.23,15.23,100,2021-06-14 14:05:00,VOXX
15.23,15.23,15.23,15.23,400,2021-06-14 14:06:00,VOXX
15.285,15.285,15.285,15.285,400,2021-06-14 14:10:00,VOXX
15.285,15.34,15.285,15.32,571,2021-06-14 14:11:00,VOXX
15.23,15.2862,15.23,15.2862,400,2021-06-14 14:12:00,VOXX
15.29,15.29,15.29,15.29,750,2021-06-14 14:14:00,VOXX
15.3,15.3,15.3,15.3,100,2021-06-14 14:19:00,VOXX
15.33,15.33,15.32,15.33,711,2021-06-14 14:22:00,VOXX
15.27,15.27,15.27,15.27,100,2021-06-14 14:30:00,VOXX
15.24,15.24,15.24,15.24,105,2021-06-14 14:34:00,VOXX
15.2,15.2,15.2,15.2,371,2021-06-14 14:35:00,VOXX
15.16,15.16,15.16,15.16,100,2021-06-14 14:36:00,VOXX
15.1794,15.1794,15.1794,15.1794,800,2021-06-14 14:38:00,VOXX
15.17,15.17,15.17,15.17,200,2021-06-14 14:39:00,VOXX
15.1651,15.1651,15.1651,15.1651,1000,2021-06-14 14:40:00,VOXX
15.17,15.18,15.17,15.18,728,2021-06-14 14:44:00,VOXX
15.24,15.24,15.24,15.24,100,2021-06-14 14:45:00,VOXX
15.21,15.21,15.21,15.21,1381,2021-06-14 14:55:00,VOXX
15.19,15.19,15.19,15.19,200,2021-06-14 15:05:00,VOXX
15.2,15.2,15.2,15.2,100,2021-06-14 15:06:00,VOXX
15.12,15.12,15.12,15.12,200,2021-06-14 15:08:00,VOXX
15.18,15.18,15.18,15.18,100,2021-06-14 15:09:00,VOXX
15.22,15.22,15.22,15.22,1100,2021-06-14 15:15:00,VOXX
15.2,15.2,15.2,15.2,100,2021-06-14 15:16:00,VOXX
15.225,15.225,15.225,15.225,100,2021-06-14 15:22:00,VOXX
15.215,15.215,15.215,15.215,400,2021-06-14 15:25:00,VOXX
15.25,15.25,15.25,15.25,300,2021-06-14 15:30:00,VOXX
15.21,15.21,15.21,15.21,100,2021-06-14 15:32:00,VOXX
15.22,15.22,15.22,15.22,105,2021-06-14 15:34:00,VOXX
15.24,15.24,15.24,15.24,100,2021-06-14 15:37:00,VOXX
15.25,15.26,15.25,15.26,200,2021-06-14 15:43:00,VOXX
15.26,15.27,15.26,15.27,200,2021-06-14 15:47:00,VOXX
15.19,15.19,15.19,15.19,200,2021-06-14 15:51:00,VOXX
15.21,15.225,15.205,15.225,300,2021-06-14 15:52:00,VOXX
15.1904,15.1904,15.18,15.18,275,2021-06-14 15:56:00,VOXX
15.2699,15.2699,15.2699,15.2699,100,2021-06-14 15:58:00,VOXX
15.27,15.27,15.27,15.27,210,2021-06-14 16:00:00,VOXX
15.28,15.29,15.28,15.29,200,2021-06-14 16:04:00,VOXX
15.28,15.28,15.28,15.28,100,2021-06-14 16:05:00,VOXX
15.275,15.275,15.25,15.25,200,2021-06-14 16:08:00,VOXX
15.29,15.3,15.26,15.26,830,2021-06-14 16:16:00,VOXX
15.25,15.26,15.25,15.26,200,2021-06-14 16:17:00,VOXX
15.25,15.25,15.25,15.25,400,2021-06-14 16:25:00,VOXX
15.23,15.23,15.1806,15.1806,315,2021-06-14 16:31:00,VOXX
15.21,15.21,15.21,15.21,100,2021-06-14 16:32:00,VOXX
15.23,15.25,15.23,15.25,400,2021-06-14 16:36:00,VOXX
15.28,15.28,15.25,15.25,200,2021-06-14 16:45:00,VOXX
15.265,15.265,15.24,15.24,500,2021-06-14 16:49:00,VOXX
15.22,15.23,15.22,15.22,300,2021-06-14 16:55:00,VOXX
15.24,15.24,15.24,15.24,200,2021-06-14 16:56:00,VOXX
15.245,15.245,15.22,15.22,200,2021-06-14 16:58:00,VOXX
15.24,15.24,15.24,15.24,100,2021-06-14 17:02:00,VOXX
15.2599,15.2599,15.2599,15.2599,150,2021-06-14 17:07:00,VOXX
15.245,15.245,15.245,15.245,100,2021-06-14 17:12:00,VOXX
15.2499,15.2499,15.2497,15.2497,500,2021-06-14 17:14:00,VOXX
15.22,15.22,15.22,15.22,100,2021-06-14 17:15:00,VOXX
15.2596,15.2596,15.22,15.24,525,2021-06-14 17:18:00,VOXX
15.22,15.22,15.19,15.2066,300,2021-06-14 17:19:00,VOXX
15.19,15.19,15.19,15.19,657,2021-06-14 17:21:00,VOXX
15.178,15.178,15.178,15.178,375,2021-06-14 17:25:00,VOXX
15.18,15.18,15.16,15.16,290,2021-06-14 17:26:00,VOXX
15.18,15.19,15.18,15.19,400,2021-06-14 17:27:00,VOXX
15.2,15.23,15.2,15.23,500,2021-06-14 17:33:00,VOXX
15.23,15.23,15.23,15.23,100,2021-06-14 17:34:00,VOXX
15.23,15.24,15.23,15.24,200,2021-06-14 17:35:00,VOXX
15.22,15.22,15.22,15.22,100,2021-06-14 17:43:00,VOXX
15.17,15.17,15.17,15.17,810,2021-06-14 17:44:00,VOXX
15.1965,15.2,15.14,15.14,1800,2021-06-14 17:47:00,VOXX
15.17,15.17,15.17,15.17,100,2021-06-14 17:48:00,VOXX
15.16,15.16,15.15,15.15,207,2021-06-14 17:54:00,VOXX
15.12,15.12,15.12,15.12,100,2021-06-14 18:01:00,VOXX
15.11,15.11,15.11,15.11,100,2021-06-14 18:03:00,VOXX
15.11,15.11,15.105,15.105,300,2021-06-14 18:05:00,VOXX
15.105,15.105,15.105,15.105,200,2021-06-14 18:07:00,VOXX
15.071,15.071,15.071,15.071,220,2021-06-14 18:10:00,VOXX
15.09,15.09,15.06,15.06,400,2021-06-14 18:18:00,VOXX
15.07,15.07,15.07,15.07,700,2021-06-14 18:21:00,VOXX
15.06,15.08,15.0,15.0,600,2021-06-14 18:23:00,VOXX
15.035,15.035,15.035,15.035,100,2021-06-14 18:27:00,VOXX
15.0,15.0,14.99,14.99,408,2021-06-14 18:29:00,VOXX
14.98,14.985,14.98,14.985,200,2021-06-14 18:30:00,VOXX
14.96,15.0,14.96,14.99,300,2021-06-14 18:32:00,VOXX
14.96,14.96,14.96,14.96,136,2021-06-14 18:36:00,VOXX
14.965,14.965,14.965,14.965,150,2021-06-14 18:37:00,VOXX
14.98,14.98,14.95,14.95,304,2021-06-14 18:38:00,VOXX
14.97,14.97,14.95,14.95,300,2021-06-14 18:42:00,VOXX
14.96,14.98,14.96,14.98,900,2021-06-14 18:43:00,VOXX
14.94,14.94,14.94,14.94,100,2021-06-14 18:45:00,VOXX
14.97,14.97,14.91,14.91,900,2021-06-14 18:48:00,VOXX
14.915,14.915,14.915,14.915,100,2021-06-14 18:49:00,VOXX
14.91,14.91,14.91,14.91,300,2021-06-14 18:50:00,VOXX
14.94,14.94,14.92,14.92,700,2021-06-14 18:51:00,VOXX
14.93,14.94,14.93,14.94,200,2021-06-14 18:52:00,VOXX
14.92,14.92,14.92,14.92,100,2021-06-14 18:53:00,VOXX
14.945,14.945,14.945,14.945,100,2021-06-14 18:54:00,VOXX
14.9644,14.9644,14.9644,14.9644,300,2021-06-14 18:55:00,VOXX
14.94,14.94,14.94,14.94,100,2021-06-14 18:58:00,VOXX
14.95,14.96,14.95,14.96,200,2021-06-14 18:59:00,VOXX
14.94,14.94,14.94,14.94,100,2021-06-14 19:02:00,VOXX
14.935,14.935,14.935,14.935,500,2021-06-14 19:04:00,VOXX
14.9,14.9,14.9,14.9,100,2021-06-14 19:05:00,VOXX
14.94,14.94,14.94,14.94,200,2021-06-14 19:06:00,VOXX
14.9,14.91,14.895,14.91,600,2021-06-14 19:09:00,VOXX
14.87,14.87,14.87,14.87,100,2021-06-14 19:11:00,VOXX
14.89,14.91,14.89,14.9,761,2021-06-14 19:14:00,VOXX
14.88,14.88,14.88,14.88,100,2021-06-14 19:16:00,VOXX
14.88,14.89,14.88,14.89,200,2021-06-14 19:18:00,VOXX
14.895,14.895,14.895,14.895,200,2021-06-14 19:21:00,VOXX
14.89,14.9,14.89,14.9,600,2021-06-14 19:24:00,VOXX
14.88,14.88,14.88,14.88,100,2021-06-14 19:25:00,VOXX
14.885,14.885,14.885,14.885,100,2021-06-14 19:26:00,VOXX
14.88,14.88,14.85,14.85,670,2021-06-14 19:27:00,VOXX
14.845,14.86,14.845,14.86,600,2021-06-14 19:28:00,VOXX
14.84,14.84,14.84,14.84,200,2021-06-14 19:29:00,VOXX
14.85,14.86,14.85,14.85,300,2021-06-14 19:30:00,VOXX
14.865,14.87,14.86,14.87,1200,2021-06-14 19:31:00,VOXX
14.865,14.865,14.85,14.85,900,2021-06-14 19:32:00,VOXX
14.865,14.865,14.865,14.865,210,2021-06-14 19:34:00,VOXX
14.85,14.85,14.85,14.85,100,2021-06-14 19:35:00,VOXX
14.855,14.855,14.855,14.855,100,2021-06-14 19:36:00,VOXX
14.87,14.87,14.87,14.87,200,2021-06-14 19:37:00,VOXX
14.855,14.87,14.855,14.86,300,2021-06-14 19:38:00,VOXX
14.86,14.86,14.86,14.86,100,2021-06-14 19:41:00,VOXX
14.875,14.875,14.875,14.875,100,2021-06-14 19:43:00,VOXX
14.87,14.88,14.87,14.88,200,2021-06-14 19:44:00,VOXX
14.88,14.88,14.87,14.87,509,2021-06-14 19:45:00,VOXX
14.875,14.88,14.875,14.88,200,2021-06-14 19:46:00,VOXX
14.8882,14.8882,14.8882,14.8882,100,2021-06-14 19:47:00,VOXX
14.875,14.875,14.875,14.875,200,2021-06-14 19:49:00,VOXX
14.88,14.88,14.85,14.87,2642,2021-06-14 19:50:00,VOXX
14.87,14.87,14.86,14.86,463,2021-06-14 19:51:00,VOXX
14.84,14.84,14.8,14.825,823,2021-06-14 19:52:00,VOXX
14.825,14.825,14.8,14.8,3053,2021-06-14 19:53:00,VOXX
14.815,14.815,14.8,14.8,600,2021-06-14 19:54:00,VOXX
14.8,14.8,14.77,14.79,5171,2021-06-14 19:55:00,VOXX
14.79,14.79,14.76,14.76,897,2021-06-14 19:56:00,VOXX
14.76,14.82,14.75,14.82,4233,2021-06-14 19:57:00,VOXX
14.78,14.81,14.77,14.78,1437,2021-06-14 19:58:00,VOXX
14.8,14.91,14.8,14.91,5056,2021-06-14 19:59:00,VOXX
14.89,14.89,14.89,14.89,8807,2021-06-14 20:00:00,VOXX
14.9,14.98,14.9,14.9275,1562,2021-06-15 13:30:00,VOXX
14.97,14.97,14.97,14.97,1110,2021-06-15 13:32:00,VOXX
14.9,14.9,14.83,14.83,1040,2021-06-15 13:33:00,VOXX
14.8,14.8,14.8,14.8,100,2021-06-15 13:34:00,VOXX
14.69,14.75,14.69,14.75,300,2021-06-15 13:36:00,VOXX
14.73,14.78,14.73,14.78,800,2021-06-15 13:37:00,VOXX
14.78,14.78,14.78,14.78,200,2021-06-15 13:38:00,VOXX
14.7011,14.79,14.7011,14.79,300,2021-06-15 13:40:00,VOXX
14.74,14.74,14.74,14.74,200,2021-06-15 13:46:00,VOXX
14.74,14.74,14.74,14.74,100,2021-06-15 13:48:00,VOXX
14.745,14.745,14.745,14.745,100,2021-06-15 13:50:00,VOXX
14.745,14.745,14.745,14.745,100,2021-06-15 13:51:00,VOXX
14.745,14.745,14.745,14.745,100,2021-06-15 13:52:00,VOXX
14.78,14.78,14.78,14.78,395,2021-06-15 13:53:00,VOXX
14.7776,14.7806,14.751,14.751,600,2021-06-15 13:54:00,VOXX
14.78,14.78,14.6,14.601,11130,2021-06-15 14:01:00,VOXX
14.65,14.65,14.65,14.65,200,2021-06-15 14:02:00,VOXX
14.65,14.652,14.65,14.652,997,2021-06-15 14:03:00,VOXX
14.61,14.61,14.61,14.61,100,2021-06-15 14:04:00,VOXX
14.537,14.54,14.5,14.54,3216,2021-06-15 14:07:00,VOXX
14.535,14.535,14.535,14.535,700,2021-06-15 14:08:00,VOXX
14.55,14.55,14.51,14.51,558,2021-06-15 14:09:00,VOXX
14.5,14.5,14.5,14.5,666,2021-06-15 14:10:00,VOXX
14.38,14.47,14.38,14.47,700,2021-06-15 14:11:00,VOXX
14.45,14.45,14.42,14.42,200,2021-06-15 14:14:00,VOXX
14.42,14.42,14.42,14.42,100,2021-06-15 14:17:00,VOXX
14.41,14.41,14.41,14.41,100,2021-06-15 14:18:00,VOXX
14.43,14.47,14.43,14.47,600,2021-06-15 14:19:00,VOXX
14.48,14.48,14.47,14.47,255,2021-06-15 14:23:00,VOXX
14.47,14.47,14.47,14.47,200,2021-06-15 14:24:00,VOXX
14.49,14.49,14.42,14.43,760,2021-06-15 14:25:00,VOXX
14.37,14.41,14.37,14.41,200,2021-06-15 14:26:00,VOXX
14.36,14.37,14.25,14.29,5925,2021-06-15 14:28:00,VOXX
14.295,14.3,14.295,14.3,300,2021-06-15 14:29:00,VOXX
14.33,14.34,14.3281,14.3281,501,2021-06-15 14:31:00,VOXX
14.44,14.44,14.44,14.44,100,2021-06-15 14:34:00,VOXX
14.43,14.43,14.38,14.38,250,2021-06-15 14:35:00,VOXX
14.43,14.43,14.4293,14.4293,200,2021-06-15 14:38:00,VOXX
14.435,14.44,14.435,14.44,300,2021-06-15 14:39:00,VOXX
14.39,14.39,14.3539,14.3539,200,2021-06-15 14:44:00,VOXX
14.382,14.382,14.382,14.382,100,2021-06-15 14:45:00,VOXX
14.4499,14.4499,14.4499,14.4499,2500,2021-06-15 14:46:00,VOXX
14.47,14.5,14.47,14.47,313,2021-06-15 14:47:00,VOXX
14.57,14.57,14.57,14.57,300,2021-06-15 14:52:00,VOXX
14.52,14.6395,14.52,14.54,7021,2021-06-15 14:54:00,VOXX
14.6,14.6,14.6,14.6,100,2021-06-15 14:55:00,VOXX
14.65,14.67,14.63,14.67,300,2021-06-15 14:57:00,VOXX
14.62,14.62,14.62,14.62,200,2021-06-15 14:58:00,VOXX
14.67,14.67,14.67,14.67,100,2021-06-15 14:59:00,VOXX
14.68,14.68,14.68,14.68,260,2021-06-15 15:00:00,VOXX
14.68,14.68,14.68,14.68,300,2021-06-15 15:06:00,VOXX
14.6101,14.68,14.6101,14.68,400,2021-06-15 15:07:00,VOXX
14.6699,14.6699,14.6699,14.6699,2155,2021-06-15 15:10:00,VOXX
14.67,14.76,14.67,14.76,800,2021-06-15 15:11:00,VOXX
14.715,14.715,14.715,14.715,200,2021-06-15 15:12:00,VOXX
14.75,14.75,14.75,14.75,191,2021-06-15 15:13:00,VOXX
14.6767,14.7,14.6767,14.7,300,2021-06-15 15:17:00,VOXX
14.71,14.7865,14.71,14.7865,919,2021-06-15 15:18:00,VOXX
14.73,14.73,14.73,14.73,100,2021-06-15 15:20:00,VOXX
14.74,14.74,14.74,14.74,100,2021-06-15 15:24:00,VOXX
14.74,14.74,14.7,14.7,440,2021-06-15 15:25:00,VOXX
14.74,14.74,14.74,14.74,300,2021-06-15 15:26:00,VOXX
14.73,14.73,14.72,14.72,200,2021-06-15 15:28:00,VOXX
14.68,14.68,14.64,14.65,300,2021-06-15 15:31:00,VOXX
14.65,14.65,14.65,14.65,100,2021-06-15 15:34:00,VOXX
14.6301,14.65,14.63,14.64,2000,2021-06-15 15:35:00,VOXX
14.6566,14.6566,14.6566,14.6566,250,2021-06-15 15:38:00,VOXX
14.59,14.59,14.59,14.59,100,2021-06-15 15:39:00,VOXX
14.61,14.61,14.61,14.61,100,2021-06-15 15:43:00,VOXX
14.61,14.61,14.6,14.6,200,2021-06-15 15:44:00,VOXX
14.5761,14.5761,14.5761,14.5761,274,2021-06-15 15:45:00,VOXX
14.63,14.63,14.63,14.63,400,2021-06-15 15:46:00,VOXX
14.62,14.62,14.62,14.62,100,2021-06-15 15:47:00,VOXX
14.62,14.62,14.62,14.62,100,2021-06-15 15:48:00,VOXX
14.56,14.56,14.56,14.56,100,2021-06-15 15:50:00,VOXX
14.5596,14.5596,14.5596,14.5596,200,2021-06-15 15:51:00,VOXX
14.5437,14.5437,14.5437,14.5437,250,2021-06-15 15:53:00,VOXX
14.535,14.535,14.535,14.535,100,2021-06-15 15:56:00,VOXX
14.56,14.58,14.56,14.56,400,2021-06-15 15:58:00,VOXX
14.58,14.58,14.58,14.58,200,2021-06-15 16:00:00,VOXX
14.58,14.585,14.58,14.585,200,2021-06-15 16:02:00,VOXX
14.59,14.59,14.59,14.59,300,2021-06-15 16:03:00,VOXX
14.61,14.61,14.61,14.61,200,2021-06-15 16:05:00,VOXX
14.6,14.6,14.6,14.6,100,2021-06-15 16:06:00,VOXX
14.57,14.57,14.57,14.57,100,2021-06-15 16:07:00,VOXX
14.55,14.57,14.55,14.57,210,2021-06-15 16:12:00,VOXX
14.56,14.56,14.56,14.56,100,2021-06-15 16:13:00,VOXX
14.555,14.555,14.53,14.53,400,2021-06-15 16:14:00,VOXX
14.51,14.51,14.47,14.5,1870,2021-06-15 16:16:00,VOXX
14.525,14.525,14.52,14.52,200,2021-06-15 16:17:00,VOXX
14.5,14.5,14.5,14.5,200,2021-06-15 16:21:00,VOXX
14.51,14.52,14.51,14.52,714,2021-06-15 16:22:00,VOXX
14.525,14.525,14.525,14.525,200,2021-06-15 16:24:00,VOXX
14.525,14.525,14.525,14.525,200,2021-06-15 16:27:00,VOXX
14.53,14.555,14.53,14.555,600,2021-06-15 16:28:00,VOXX
14.53,14.53,14.515,14.515,701,2021-06-15 16:30:00,VOXX
14.54,14.5447,14.54,14.5447,1300,2021-06-15 16:31:00,VOXX
14.55,14.55,14.55,14.55,100,2021-06-15 16:32:00,VOXX
14.532,14.55,14.49,14.515,2370,2021-06-15 16:33:00,VOXX
14.51,14.51,14.51,14.51,100,2021-06-15 16:35:00,VOXX
14.53,14.54,14.51,14.54,800,2021-06-15 16:36:00,VOXX
14.51,14.54,14.5,14.54,1320,2021-06-15 16:39:00,VOXX
14.55,14.55,14.55,14.55,100,2021-06-15 16:40:00,VOXX
14.5137,14.5137,14.5137,14.5137,1000,2021-06-15 16:41:00,VOXX
14.545,14.545,14.5,14.5,1290,2021-06-15 16:42:00,VOXX
14.51,14.51,14.51,14.51,100,2021-06-15 16:43:00,VOXX
14.51,14.51,14.51,14.51,200,2021-06-15 16:45:00,VOXX
14.54,14.54,14.54,14.54,100,2021-06-15 16:49:00,VOXX
14.525,14.55,14.525,14.55,600,2021-06-15 16:50:00,VOXX
14.5363,14.5363,14.5363,14.5363,1250,2021-06-15 16:51:00,VOXX
14.58,14.58,14.5764,14.5764,2100,2021-06-15 16:54:00,VOXX
14.55,14.55,14.54,14.545,502,2021-06-15 16:58:00,VOXX
14.53,14.53,14.53,14.53,100,2021-06-15 17:00:00,VOXX
14.56,14.56,14.54,14.54,200,2021-06-15 17:01:00,VOXX
14.55,14.55,14.55,14.55,100,2021-06-15 17:04:00,VOXX
14.57,14.57,14.57,14.57,300,2021-06-15 17:07:00,VOXX
14.57,14.57,14.57,14.57,100,2021-06-15 17:09:00,VOXX
14.55,14.55,14.55,14.55,200,2021-06-15 17:11:00,VOXX
14.55,14.55,14.55,14.55,100,2021-06-15 17:14:00,VOXX
14.55,14.55,14.55,14.55,300,2021-06-15 17:15:00,VOXX
14.56,14.56,14.51,14.52,800,2021-06-15 17:18:00,VOXX
14.54,14.54,14.54,14.54,100,2021-06-15 17:20:00,VOXX
14.56,14.56,14.56,14.56,200,2021-06-15 17:21:00,VOXX
14.565,14.565,14.565,14.565,100,2021-06-15 17:23:00,VOXX
14.555,14.555,14.555,14.555,100,2021-06-15 17:24:00,VOXX
14.555,14.555,14.555,14.555,100,2021-06-15 17:30:00,VOXX
14.53,14.53,14.53,14.53,100,2021-06-15 17:32:00,VOXX
14.52,14.52,14.52,14.52,100,2021-06-15 17:33:00,VOXX
14.52,14.52,14.52,14.52,100,2021-06-15 17:34:00,VOXX
14.54,14.54,14.51,14.51,300,2021-06-15 17:36:00,VOXX
14.53,14.56,14.53,14.56,1100,2021-06-15 17:40:00,VOXX
14.57,14.57,14.57,14.57,100,2021-06-15 17:44:00,VOXX
14.57,14.57,14.57,14.57,100,2021-06-15 17:46:00,VOXX
14.57,14.57,14.57,14.57,100,2021-06-15 17:49:00,VOXX
14.58,14.59,14.58,14.59,600,2021-06-15 17:50:00,VOXX
14.58,14.58,14.58,14.58,100,2021-06-15 17:51:00,VOXX
14.59,14.59,14.59,14.59,100,2021-06-15 17:52:00,VOXX
14.58,14.58,14.58,14.58,100,2021-06-15 17:53:00,VOXX
14.59,14.59,14.59,14.59,300,2021-06-15 17:58:00,VOXX
14.6,14.6,14.6,14.6,100,2021-06-15 18:00:00,VOXX
14.59,14.63,14.59,14.63,800,2021-06-15 18:07:00,VOXX
14.62,14.63,14.62,14.63,300,2021-06-15 18:09:00,VOXX
14.6,14.6,14.6,14.6,100,2021-06-15 18:12:00,VOXX
14.57,14.57,14.56,14.56,200,2021-06-15 18:14:00,VOXX
14.58,14.58,14.55,14.55,400,2021-06-15 18:15:00,VOXX
14.57,14.58,14.57,14.58,200,2021-06-15 18:16:00,VOXX
14.58,14.58,14.56,14.5705,1300,2021-06-15 18:17:00,VOXX
14.565,14.565,14.565,14.565,100,2021-06-15 18:19:00,VOXX
14.53,14.53,14.52,14.52,216,2021-06-15 18:20:00,VOXX
14.52,14.52,14.52,14.52,408,2021-06-15 18:24:00,VOXX
14.54,14.54,14.535,14.54,700,2021-06-15 18:26:00,VOXX
14.55,14.57,14.55,14.57,1250,2021-06-15 18:27:00,VOXX
14.57,14.57,14.57,14.57,100,2021-06-15 18:28:00,VOXX
14.555,14.555,14.555,14.555,100,2021-06-15 18:29:00,VOXX
14.57,14.57,14.57,14.57,100,2021-06-15 18:30:00,VOXX
14.54,14.54,14.54,14.54,100,2021-06-15 18:31:00,VOXX
14.525,14.525,14.525,14.525,100,2021-06-15 18:35:00,VOXX
14.5,14.5,14.5,14.5,100,2021-06-15 18:37:00,VOXX
14.5499,14.5499,14.5499,14.5499,200,2021-06-15 18:38:00,VOXX
14.49,14.515,14.49,14.49,400,2021-06-15 18:40:00,VOXX
14.51,14.51,14.51,14.51,100,2021-06-15 18:42:00,VOXX
14.5,14.5,14.48,14.48,400,2021-06-15 18:43:00,VOXX
14.5,14.545,14.48,14.52,1800,2021-06-15 18:49:00,VOXX
14.535,14.535,14.535,14.535,100,2021-06-15 18:50:00,VOXX
14.51,14.51,14.51,14.51,500,2021-06-15 18:52:00,VOXX
14.505,14.505,14.505,14.505,300,2021-06-15 18:56:00,VOXX
14.495,14.5,14.48,14.48,300,2021-06-15 18:57:00,VOXX
14.48,14.53,14.47,14.53,700,2021-06-15 19:00:00,VOXX
14.52,14.525,14.52,14.525,300,2021-06-15 19:02:00,VOXX
14.5,14.5,14.49,14.49,200,2021-06-15 19:05:00,VOXX
14.495,14.495,14.48,14.495,400,2021-06-15 19:06:00,VOXX
14.495,14.51,14.495,14.495,400,2021-06-15 19:07:00,VOXX
14.495,14.495,14.495,14.495,100,2021-06-15 19:08:00,VOXX
14.49,14.49,14.49,14.49,300,2021-06-15 19:09:00,VOXX
14.51,14.55,14.51,14.55,1100,2021-06-15 19:10:00,VOXX
14.55,14.58,14.55,14.58,470,2021-06-15 19:12:00,VOXX
14.57,14.6,14.57,14.6,607,2021-06-15 19:13:00,VOXX
14.61,14.63,14.61,14.63,200,2021-06-15 19:14:00,VOXX
14.63,14.64,14.63,14.64,200,2021-06-15 19:16:00,VOXX
14.62,14.62,14.58,14.58,1266,2021-06-15 19:17:00,VOXX
14.64,14.64,14.64,14.64,100,2021-06-15 19:19:00,VOXX
14.615,14.615,14.615,14.615,100,2021-06-15 19:22:00,VOXX
14.6,14.61,14.58,14.61,700,2021-06-15 19:23:00,VOXX
14.605,14.605,14.605,14.605,100,2021-06-15 19:25:00,VOXX
14.58,14.6,14.56,14.56,1100,2021-06-15 19:27:00,VOXX
14.59,14.59,14.59,14.59,100,2021-06-15 19:28:00,VOXX
14.58,14.6,14.57,14.6,600,2021-06-15 19:29:00,VOXX
14.6,14.6,14.6,14.6,100,2021-06-15 19:30:00,VOXX
14.61,14.62,14.61,14.62,600,2021-06-15 19:31:00,VOXX
14.63,14.63,14.62,14.62,300,2021-06-15 19:32:00,VOXX
14.62,14.66,14.62,14.66,1754,2021-06-15 19:33:00,VOXX
14.63,14.645,14.63,14.645,400,2021-06-15 19:37:00,VOXX
14.635,14.64,14.635,14.64,400,2021-06-15 19:38:00,VOXX
14.65,14.66,14.65,14.66,500,2021-06-15 19:39:00,VOXX
14.67,14.67,14.67,14.67,200,2021-06-15 19:41:00,VOXX
14.64,14.64,14.63,14.64,400,2021-06-15 19:42:00,VOXX
14.64,14.64,14.64,14.64,100,2021-06-15 19:43:00,VOXX
14.64,14.64,14.64,14.64,350,2021-06-15 19:45:00,VOXX
14.63,14.63,14.63,14.63,100,2021-06-15 19:46:00,VOXX
14.64,14.66,14.62,14.66,400,2021-06-15 19:47:00,VOXX
14.66,14.68,14.65,14.68,1000,2021-06-15 19:48:00,VOXX
14.67,14.67,14.63,14.66,1075,2021-06-15 19:50:00,VOXX
14.66,14.66,14.64,14.64,200,2021-06-15 19:52:00,VOXX
14.64,14.66,14.63,14.66,900,2021-06-15 19:53:00,VOXX
14.66,14.67,14.64,14.64,1809,2021-06-15 19:54:00,VOXX
14.65,14.65,14.63,14.635,400,2021-06-15 19:55:00,VOXX
14.63,14.63,14.62,14.62,400,2021-06-15 19:56:00,VOXX
14.625,14.625,14.6,14.61,600,2021-06-15 19:57:00,VOXX
14.6,14.61,14.59,14.6,1000,2021-06-15 19:58:00,VOXX
14.6,14.65,14.6,14.65,2300,2021-06-15 19:59:00,VOXX
14.63,14.63,14.63,14.63,16227,2021-06-15 20:00:00,VOXX
14.63,14.63,14.63,14.63,3666,2021-06-15 20:10:00,VOXX
14.63,14.63,14.63,14.63,1874,2021-06-16 13:30:00,VOXX
14.54,14.54,14.54,14.54,1283,2021-06-16 13:31:00,VOXX
14.5,14.5,14.33,14.33,500,2021-06-16 13:32:00,VOXX
14.34,14.34,14.34,14.34,100,2021-06-16 13:33:00,VOXX
14.35,14.35,14.35,14.35,100,2021-06-16 13:34:00,VOXX
14.35,14.35,14.35,14.35,100,2021-06-16 13:35:00,VOXX
14.33,14.33,14.33,14.33,500,2021-06-16 13:36:00,VOXX
14.33,14.33,14.27,14.27,1300,2021-06-16 13:37:00,VOXX
14.22,14.29,14.22,14.29,600,2021-06-16 13:39:00,VOXX
14.33,14.33,14.33,14.33,100,2021-06-16 13:40:00,VOXX
14.28,14.28,14.28,14.28,100,2021-06-16 13:41:00,VOXX
14.25,14.25,14.25,14.25,100,2021-06-16 13:43:00,VOXX
14.25,14.25,14.25,14.25,100,2021-06-16 13:45:00,VOXX
14.33,14.33,14.33,14.33,100,2021-06-16 13:47:00,VOXX
14.33,14.33,14.3,14.3,1169,2021-06-16 13:49:00,VOXX
14.27,14.27,14.27,14.27,100,2021-06-16 13:50:00,VOXX
14.27,14.3,14.17,14.17,6258,2021-06-16 13:51:00,VOXX
14.16,14.16,14.16,14.16,108,2021-06-16 13:52:00,VOXX
14.12,14.12,14.12,14.12,100,2021-06-16 13:53:00,VOXX
14.11,14.11,14.11,14.11,100,2021-06-16 13:54:00,VOXX
14.05,14.05,14.05,14.05,400,2021-06-16 13:56:00,VOXX
14.06,14.06,14.06,14.06,100,2021-06-16 13:58:00,VOXX
14.05,14.05,14.0,14.05,7915,2021-06-16 13:59:00,VOXX
13.98,14.07,13.98,14.07,805,2021-06-16 14:00:00,VOXX
14.14,14.14,14.14,14.14,100,2021-06-16 14:01:00,VOXX
14.07,14.07,14.05,14.05,3703,2021-06-16 14:02:00,VOXX
14.09,14.09,14.09,14.09,200,2021-06-16 14:03:00,VOXX
14.085,14.09,14.085,14.09,1000,2021-06-16 14:05:00,VOXX
14.1199,14.1199,14.09,14.1,400,2021-06-16 14:06:00,VOXX
14.1,14.1,14.08,14.08,749,2021-06-16 14:11:00,VOXX
14.09,14.09,14.09,14.09,100,2021-06-16 14:15:00,VOXX
14.0752,14.13,14.0752,14.13,770,2021-06-16 14:16:00,VOXX
14.1293,14.1293,14.1293,14.1293,250,2021-06-16 14:17:00,VOXX
14.115,14.115,14.11,14.11,200,2021-06-16 14:18:00,VOXX
14.105,14.105,14.105,14.105,100,2021-06-16 14:19:00,VOXX
14.1121,14.15,14.1121,14.15,504,2021-06-16 14:20:00,VOXX
14.13,14.13,14.13,14.13,100,2021-06-16 14:21:00,VOXX
14.13,14.13,14.13,14.13,100,2021-06-16 14:22:00,VOXX
14.09,14.09,14.03,14.06,4152,2021-06-16 14:24:00,VOXX
14.06,14.06,14.06,14.06,400,2021-06-16 14:25:00,VOXX
14.09,14.09,14.09,14.09,200,2021-06-16 14:26:00,VOXX
14.126,14.126,14.126,14.126,649,2021-06-16 14:30:00,VOXX
14.04,14.1,14.04,14.1,450,2021-06-16 14:35:00,VOXX
14.1,14.1,14.1,14.1,350,2021-06-16 14:36:00,VOXX
14.1,14.21,14.1,14.21,1313,2021-06-16 14:37:00,VOXX
14.2,14.2,14.18,14.18,400,2021-06-16 14:38:00,VOXX
14.19,14.28,14.19,14.28,1122,2021-06-16 14:39:00,VOXX
14.22,14.2283,14.22,14.2283,950,2021-06-16 14:41:00,VOXX
14.169,14.171,14.07,14.14,6278,2021-06-16 14:42:00,VOXX
14.16,14.2,14.16,14.2,1271,2021-06-16 14:44:00,VOXX
14.23,14.23,14.23,14.23,400,2021-06-16 14:45:00,VOXX
14.195,14.195,14.195,14.195,100,2021-06-16 14:48:00,VOXX
14.23,14.23,14.23,14.23,300,2021-06-16 14:52:00,VOXX
14.23,14.23,14.22,14.22,900,2021-06-16 14:53:00,VOXX
14.22,14.22,14.18,14.22,300,2021-06-16 14:54:00,VOXX
14.17,14.17,14.17,14.17,100,2021-06-16 14:56:00,VOXX
14.16,14.16,14.16,14.16,100,2021-06-16 14:58:00,VOXX
14.28,14.28,14.28,14.28,511,2021-06-16 15:03:00,VOXX
14.31,14.31,14.3,14.3,442,2021-06-16 15:04:00,VOXX
14.27,14.27,14.27,14.27,200,2021-06-16 15:05:00,VOXX
14.27,14.27,14.27,14.27,100,2021-06-16 15:07:00,VOXX
14.245,14.25,14.21,14.25,600,2021-06-16 15:09:00,VOXX
14.24,14.24,14.21,14.21,762,2021-06-16 15:10:00,VOXX
14.23,14.23,14.23,14.23,100,2021-06-16 15:11:00,VOXX
14.26,14.26,14.23,14.23,200,2021-06-16 15:12:00,VOXX
14.25,14.25,14.25,14.25,200,2021-06-16 15:14:00,VOXX
14.25,14.25,14.25,14.25,100,2021-06-16 15:15:00,VOXX
14.25,14.25,14.25,14.25,100,2021-06-16 15:18:00,VOXX
14.25,14.25,14.25,14.25,100,2021-06-16 15:21:00,VOXX
14.26,14.3,14.26,14.3,500,2021-06-16 15:22:00,VOXX
14.3,14.3,14.3,14.3,200,2021-06-16 15:23:00,VOXX
14.3399,14.34,14.3399,14.34,300,2021-06-16 15:25:00,VOXX
14.34,14.36,14.34,14.36,500,2021-06-16 15:31:00,VOXX
14.35,14.35,14.32,14.32,300,2021-06-16 15:32:00,VOXX
14.32,14.32,14.31,14.31,300,2021-06-16 15:35:00,VOXX
14.305,14.305,14.305,14.305,200,2021-06-16 15:37:00,VOXX
14.3,14.3,14.3,14.3,400,2021-06-16 15:40:00,VOXX
14.31,14.32,14.31,14.32,807,2021-06-16 15:42:00,VOXX
14.33,14.33,14.33,14.33,100,2021-06-16 15:45:00,VOXX
14.32,14.32,14.3,14.3,200,2021-06-16 15:47:00,VOXX
14.3,14.34,14.3,14.34,500,2021-06-16 15:48:00,VOXX
14.32,14.32,14.32,14.32,400,2021-06-16 15:49:00,VOXX
14.3985,14.3985,14.366,14.366,240,2021-06-16 15:52:00,VOXX
14.34,14.34,14.34,14.34,719,2021-06-16 15:54:00,VOXX
14.34,14.34,14.34,14.34,100,2021-06-16 15:55:00,VOXX
14.34,14.34,14.34,14.34,100,2021-06-16 15:56:00,VOXX
14.3,14.3,14.3,14.3,100,2021-06-16 16:00:00,VOXX
14.3,14.3,14.3,14.3,100,2021-06-16 16:02:00,VOXX
14.33,14.33,14.33,14.33,300,2021-06-16 16:03:00,VOXX
14.32,14.32,14.32,14.32,100,2021-06-16 16:06:00,VOXX
14.31,14.34,14.29,14.34,900,2021-06-16 16:09:00,VOXX
14.32,14.32,14.32,14.32,100,2021-06-16 16:11:00,VOXX
14.3,14.3,14.29,14.29,400,2021-06-16 16:12:00,VOXX
14.27,14.27,14.25,14.25,300,2021-06-16 16:14:00,VOXX
14.21,14.21,14.2,14.2,300,2021-06-16 16:18:00,VOXX
14.21,14.23,14.21,14.23,500,2021-06-16 16:19:00,VOXX
14.22,14.22,14.22,14.22,100,2021-06-16 16:22:00,VOXX
14.21,14.21,14.21,14.21,200,2021-06-16 16:24:00,VOXX
14.135,14.14,14.05,14.09,5662,2021-06-16 16:25:00,VOXX
14.084,14.085,14.03,14.03,9686,2021-06-16 16:26:00,VOXX
14.065,14.065,14.065,14.065,200,2021-06-16 16:27:00,VOXX
14.1,14.15,14.1,14.15,900,2021-06-16 16:28:00,VOXX
14.1622,14.1622,14.13,14.155,810,2021-06-16 16:29:00,VOXX
14.155,14.155,14.155,14.155,200,2021-06-16 16:30:00,VOXX
14.15,14.15,14.11,14.11,500,2021-06-16 16:31:00,VOXX
14.14,14.14,14.14,14.14,300,2021-06-16 16:33:00,VOXX
14.16,14.16,14.16,14.16,100,2021-06-16 16:34:00,VOXX
14.141,14.141,14.141,14.141,300,2021-06-16 16:35:00,VOXX
14.14,14.165,14.14,14.165,400,2021-06-16 16:36:00,VOXX
14.11,14.12,14.11,14.12,469,2021-06-16 16:38:00,VOXX
14.1424,14.1424,14.1424,14.1424,100,2021-06-16 16:39:00,VOXX
14.11,14.16,14.11,14.12,800,2021-06-16 16:40:00,VOXX
14.13,14.13,14.13,14.13,300,2021-06-16 16:41:00,VOXX
14.13,14.17,14.13,14.17,439,2021-06-16 16:42:00,VOXX
14.17,14.17,14.17,14.17,450,2021-06-16 16:43:00,VOXX
14.18,14.2,14.18,14.2,200,2021-06-16 16:48:00,VOXX
14.18,14.18,14.18,14.18,335,2021-06-16 16:49:00,VOXX
14.155,14.155,14.155,14.155,100,2021-06-16 16:52:00,VOXX
14.16,14.16,14.14,14.14,500,2021-06-16 16:54:00,VOXX
14.18,14.18,14.18,14.18,100,2021-06-16 16:56:00,VOXX
14.21,14.21,14.21,14.21,100,2021-06-16 16:59:00,VOXX
14.215,14.215,14.215,14.215,100,2021-06-16 17:00:00,VOXX
14.19,14.19,14.19,14.19,100,2021-06-16 17:02:00,VOXX
14.15,14.15,14.15,14.15,100,2021-06-16 17:05:00,VOXX
14.16,14.16,14.16,14.16,100,2021-06-16 17:10:00,VOXX
14.2,14.2,14.19,14.19,200,2021-06-16 17:14:00,VOXX
14.2,14.2,14.2,14.2,100,2021-06-16 17:15:00,VOXX
14.185,14.185,14.16,14.16,900,2021-06-16 17:17:00,VOXX
14.14,14.14,14.14,14.14,100,2021-06-16 17:22:00,VOXX
14.14,14.14,14.125,14.125,200,2021-06-16 17:26:00,VOXX
14.12,14.14,14.12,14.14,200,2021-06-16 17:30:00,VOXX
14.179,14.179,14.15,14.15,1100,2021-06-16 17:33:00,VOXX
14.2,14.22,14.2,14.22,500,2021-06-16 17:35:00,VOXX
14.19,14.19,14.18,14.18,200,2021-06-16 17:39:00,VOXX
14.21,14.21,14.2,14.2,300,2021-06-16 17:42:00,VOXX
14.18,14.18,14.18,14.18,100,2021-06-16 17:45:00,VOXX
14.16,14.16,14.16,14.16,218,2021-06-16 17:48:00,VOXX
14.16,14.16,14.145,14.145,561,2021-06-16 17:50:00,VOXX
14.2,14.2,14.2,14.2,100,2021-06-16 17:51:00,VOXX
14.18,14.18,14.18,14.18,100,2021-06-16 17:52:00,VOXX
14.22,14.25,14.22,14.25,200,2021-06-16 17:53:00,VOXX
14.2,14.2,14.2,14.2,100,2021-06-16 17:55:00,VOXX
14.19,14.19,14.19,14.19,100,2021-06-16 17:56:00,VOXX
14.1901,14.1901,14.1901,14.1901,100,2021-06-16 17:58:00,VOXX
14.17,14.17,14.1,14.1,700,2021-06-16 18:00:00,VOXX
14.1,14.1,14.08,14.08,300,2021-06-16 18:01:00,VOXX
14.16,14.16,14.05,14.05,300,2021-06-16 18:02:00,VOXX
14.135,14.135,14.135,14.135,100,2021-06-16 18:03:00,VOXX
14.18,14.2,14.16,14.16,400,2021-06-16 18:06:00,VOXX
14.165,14.2,14.165,14.195,700,2021-06-16 18:10:00,VOXX
14.18,14.18,14.18,14.18,100,2021-06-16 18:12:00,VOXX
14.09,14.09,14.09,14.09,100,2021-06-16 18:13:00,VOXX
14.07,14.07,14.06,14.06,200,2021-06-16 18:15:00,VOXX
14.04,14.0536,14.04,14.0536,570,2021-06-16 18:19:00,VOXX
14.039,14.09,14.03,14.09,11289,2021-06-16 18:20:00,VOXX
14.11,14.14,14.11,14.14,200,2021-06-16 18:23:00,VOXX
14.16,14.16,14.13,14.16,300,2021-06-16 18:30:00,VOXX
14.17,14.2,14.17,14.2,1187,2021-06-16 18:31:00,VOXX
14.22,14.24,14.22,14.24,450,2021-06-16 18:33:00,VOXX
14.25,14.25,14.25,14.25,100,2021-06-16 18:34:00,VOXX
14.22,14.23,14.22,14.23,200,2021-06-16 18:37:00,VOXX
14.25,14.25,14.25,14.25,100,2021-06-16 18:38:00,VOXX
14.24,14.24,14.21,14.21,200,2021-06-16 18:39:00,VOXX
14.2,14.21,14.2,14.21,300,2021-06-16 18:42:00,VOXX
14.19,14.19,14.14,14.16,400,2021-06-16 18:44:00,VOXX
14.16,14.17,14.16,14.17,400,2021-06-16 18:45:00,VOXX
14.19,14.19,14.19,14.19,100,2021-06-16 18:46:00,VOXX
14.23,14.23,14.22,14.22,236,2021-06-16 18:48:00,VOXX
14.2,14.2,14.2,14.2,100,2021-06-16 18:50:00,VOXX
14.2,14.21,14.2,14.21,200,2021-06-16 18:51:00,VOXX
14.2,14.2,14.2,14.2,100,2021-06-16 18:53:00,VOXX
14.21,14.24,14.21,14.23,400,2021-06-16 18:54:00,VOXX
14.21,14.21,14.13,14.13,906,2021-06-16 18:55:00,VOXX
14.23,14.24,14.23,14.24,300,2021-06-16 18:59:00,VOXX
14.24,14.24,14.24,14.24,500,2021-06-16 19:01:00,VOXX
14.23,14.23,14.23,14.23,100,2021-06-16 19:04:00,VOXX
14.23,14.23,14.23,14.23,200,2021-06-16 19:05:00,VOXX
14.25,14.25,14.24,14.24,200,2021-06-16 19:06:00,VOXX
14.26,14.3,14.26,14.3,400,2021-06-16 19:08:00,VOXX
14.3,14.3261,14.3,14.3261,300,2021-06-16 19:09:00,VOXX
14.28,14.28,14.28,14.28,100,2021-06-16 19:11:00,VOXX
14.3,14.3,14.3,14.3,100,2021-06-16 19:12:00,VOXX
14.295,14.295,14.295,14.295,500,2021-06-16 19:13:00,VOXX
14.32,14.325,14.3,14.325,700,2021-06-16 19:15:00,VOXX
14.3,14.3,14.3,14.3,425,2021-06-16 19:17:00,VOXX
14.31,14.32,14.31,14.31,500,2021-06-16 19:19:00,VOXX
14.335,14.36,14.335,14.36,900,2021-06-16 19:20:00,VOXX
14.37,14.38,14.37,14.38,400,2021-06-16 19:22:00,VOXX
14.38,14.38,14.34,14.38,400,2021-06-16 19:24:00,VOXX
14.4,14.41,14.39,14.41,300,2021-06-16 19:25:00,VOXX
14.435,14.435,14.435,14.435,930,2021-06-16 19:26:00,VOXX
14.42,14.43,14.42,14.43,1500,2021-06-16 19:27:00,VOXX
14.395,14.395,14.39,14.39,200,2021-06-16 19:29:00,VOXX
14.36,14.36,14.36,14.36,100,2021-06-16 19:30:00,VOXX
14.375,14.4,14.375,14.38,500,2021-06-16 19:31:00,VOXX
14.36,14.39,14.36,14.39,700,2021-06-16 19:32:00,VOXX
14.38,14.38,14.38,14.38,100,2021-06-16 19:33:00,VOXX
14.34,14.34,14.34,14.34,100,2021-06-16 19:35:00,VOXX
14.35,14.35,14.35,14.35,100,2021-06-16 19:36:00,VOXX
14.36,14.37,14.36,14.37,300,2021-06-16 19:37:00,VOXX
14.37,14.37,14.35,14.35,200,2021-06-16 19:39:00,VOXX
14.375,14.4,14.375,14.385,600,2021-06-16 19:40:00,VOXX
14.4,14.41,14.4,14.41,500,2021-06-16 19:41:00,VOXX
14.41,14.41,14.37,14.37,1212,2021-06-16 19:42:00,VOXX
14.385,14.395,14.385,14.395,200,2021-06-16 19:43:00,VOXX
14.385,14.385,14.37,14.37,400,2021-06-16 19:44:00,VOXX
14.36,14.37,14.36,14.37,400,2021-06-16 19:45:00,VOXX
14.365,14.38,14.365,14.38,1300,2021-06-16 19:46:00,VOXX
14.38,14.38,14.38,14.38,100,2021-06-16 19:47:00,VOXX
14.37,14.37,14.37,14.37,400,2021-06-16 19:48:00,VOXX
14.36,14.36,14.36,14.36,100,2021-06-16 19:49:00,VOXX
14.32,14.35,14.31,14.35,1100,2021-06-16 19:50:00,VOXX
14.36,14.37,14.36,14.365,300,2021-06-16 19:52:00,VOXX
14.35,14.37,14.33,14.34,800,2021-06-16 19:54:00,VOXX
14.35,14.4,14.3452,14.36,2017,2021-06-16 19:55:00,VOXX
14.34,14.34,14.3,14.3,600,2021-06-16 19:56:00,VOXX
14.29,14.36,14.29,14.33,1834,2021-06-16 19:57:00,VOXX
14.34,14.34,14.31,14.32,717,2021-06-16 19:58:00,VOXX
14.32,14.32,14.29,14.31,1772,2021-06-16 19:59:00,VOXX
14.29,14.29,14.29,14.29,10016,2021-06-16 20:00:00,VOXX
14.29,14.29,14.29,14.29,1107,2021-06-16 20:01:00,VOXX
14.2,14.21,14.2,14.21,1220,2021-06-17 13:30:00,VOXX
14.19,14.19,14.19,14.19,100,2021-06-17 13:32:00,VOXX
14.33,14.34,14.33,14.33,1065,2021-06-17 13:33:00,VOXX
14.26,14.36,14.26,14.36,2100,2021-06-17 13:35:00,VOXX
14.3,14.3,14.3,14.3,100,2021-06-17 13:36:00,VOXX
14.29,14.29,14.27,14.27,200,2021-06-17 13:37:00,VOXX
14.28,14.28,14.28,14.28,100,2021-06-17 13:38:00,VOXX
14.2904,14.2904,14.2904,14.2904,100,2021-06-17 13:39:00,VOXX
14.24,14.24,14.24,14.24,100,2021-06-17 13:41:00,VOXX
14.22,14.22,14.22,14.22,100,2021-06-17 13:42:00,VOXX
14.21,14.21,14.18,14.18,500,2021-06-17 13:44:00,VOXX
14.14,14.14,14.1,14.1,300,2021-06-17 13:46:00,VOXX
14.16,14.16,14.16,14.16,100,2021-06-17 13:47:00,VOXX
14.16,14.16,14.16,14.16,200,2021-06-17 13:49:00,VOXX
14.1,14.1,14.1,14.1,400,2021-06-17 13:52:00,VOXX
14.1,14.11,14.03,14.03,10557,2021-06-17 13:54:00,VOXX
14.04,14.04,14.04,14.04,100,2021-06-17 13:56:00,VOXX
14.045,14.12,14.04,14.04,503,2021-06-17 13:57:00,VOXX
14.03,14.03,14.03,14.03,112,2021-06-17 13:59:00,VOXX
14.13,14.13,14.13,14.13,100,2021-06-17 14:00:00,VOXX
14.11,14.11,14.11,14.11,200,2021-06-17 14:01:00,VOXX
14.129,14.129,14.03,14.03,525,2021-06-17 14:03:00,VOXX
14.03,14.05,14.03,14.05,3820,2021-06-17 14:05:00,VOXX
14.03,14.03,13.91,13.91,14507,2021-06-17 14:08:00,VOXX
13.92,13.92,13.91,13.91,400,2021-06-17 14:11:00,VOXX
13.91,13.91,13.91,13.91,100,2021-06-17 14:12:00,VOXX
13.91,13.9602,13.91,13.9602,300,2021-06-17 14:17:00,VOXX
14.0331,14.0431,14.0331,14.0431,1100,2021-06-17 14:21:00,VOXX
14.02,14.02,14.01,14.01,313,2021-06-17 14:24:00,VOXX
14.01,14.01,14.01,14.01,759,2021-06-17 14:28:00,VOXX
13.96,13.96,13.96,13.96,100,2021-06-17 14:30:00,VOXX
13.96,13.96,13.96,13.96,100,2021-06-17 14:31:00,VOXX
13.94,13.94,13.94,13.94,100,2021-06-17 14:33:00,VOXX
14.0,14.03,14.0,14.03,300,2021-06-17 14:37:00,VOXX
14.03,14.03,14.03,14.03,200,2021-06-17 14:41:00,VOXX
13.99,13.99,13.99,13.99,100,2021-06-17 14:54:00,VOXX
13.95,13.95,13.95,13.95,200,2021-06-17 14:55:00,VOXX
14.01,14.01,14.01,14.01,100,2021-06-17 14:56:00,VOXX
14.01,14.01,14.01,14.01,250,2021-06-17 14:57:00,VOXX
13.93,13.96,13.91,13.91,700,2021-06-17 15:05:00,VOXX
13.91,13.9117,13.9,13.9,2631,2021-06-17 15:06:00,VOXX
13.86,13.9,13.86,13.9,300,2021-06-17 15:07:00,VOXX
13.9,13.92,13.875,13.905,2497,2021-06-17 15:09:00,VOXX
13.9,13.9,13.9,13.9,500,2021-06-17 15:11:00,VOXX
13.87,13.87,13.87,13.87,100,2021-06-17 15:12:00,VOXX
13.835,13.8415,13.835,13.835,965,2021-06-17 15:14:00,VOXX
13.85,13.855,13.835,13.8475,500,2021-06-17 15:15:00,VOXX
13.84,13.84,13.84,13.84,100,2021-06-17 15:17:00,VOXX
13.82,13.82,13.8,13.8,740,2021-06-17 15:18:00,VOXX
13.82,13.83,13.815,13.815,600,2021-06-17 15:19:00,VOXX
13.8,13.8,13.765,13.78,1487,2021-06-17 15:20:00,VOXX
13.81,13.81,13.78,13.809,1000,2021-06-17 15:23:00,VOXX
13.72,13.72,13.72,13.72,160,2021-06-17 15:25:00,VOXX
13.7588,13.7588,13.7588,13.7588,215,2021-06-17 15:26:00,VOXX
13.7447,13.7447,13.7447,13.7447,457,2021-06-17 15:27:00,VOXX
13.7834,13.7834,13.7834,13.7834,200,2021-06-17 15:32:00,VOXX
13.77,13.77,13.76,13.76,400,2021-06-17 15:33:00,VOXX
13.782,13.782,13.74,13.7401,860,2021-06-17 15:35:00,VOXX
13.76,13.76,13.74,13.75,685,2021-06-17 15:36:00,VOXX
13.77,13.77,13.745,13.745,1000,2021-06-17 15:38:00,VOXX
13.77,13.77,13.75,13.75,300,2021-06-17 15:39:00,VOXX
13.79,13.79,13.79,13.79,100,2021-06-17 15:40:00,VOXX
13.77,13.77,13.77,13.77,100,2021-06-17 15:42:00,VOXX
13.76,13.7852,13.76,13.77,766,2021-06-17 15:44:00,VOXX
13.7779,13.7779,13.7779,13.7779,1000,2021-06-17 15:45:00,VOXX
13.77,13.77,13.745,13.75,500,2021-06-17 15:46:00,VOXX
13.755,13.8393,13.755,13.8393,3399,2021-06-17 15:50:00,VOXX
13.805,13.805,13.805,13.805,100,2021-06-17 15:51:00,VOXX
13.71,13.715,13.68,13.68,400,2021-06-17 15:54:00,VOXX
13.67,13.67,13.59,13.59,595,2021-06-17 16:00:00,VOXX
13.635,13.635,13.635,13.635,100,2021-06-17 16:02:00,VOXX
13.67,13.69,13.635,13.69,800,2021-06-17 16:03:00,VOXX
13.63,13.64,13.61,13.61,515,2021-06-17 16:05:00,VOXX
13.59,13.6194,13.58,13.6194,1400,2021-06-17 16:08:00,VOXX
13.58,13.58,13.58,13.58,100,2021-06-17 16:09:00,VOXX
13.57,13.59,13.57,13.59,1100,2021-06-17 16:12:00,VOXX
13.59,13.59,13.59,13.59,100,2021-06-17 16:14:00,VOXX
13.58,13.58,13.55,13.57,997,2021-06-17 16:15:00,VOXX
13.55,13.55,13.545,13.545,900,2021-06-17 16:16:00,VOXX
13.55,13.55,13.54,13.541,1900,2021-06-17 16:17:00,VOXX
13.5356,13.56,13.5356,13.56,2208,2021-06-17 16:18:00,VOXX
13.55,13.55,13.52,13.52,1190,2021-06-17 16:19:00,VOXX
13.54,13.55,13.54,13.55,500,2021-06-17 16:21:00,VOXX
13.56,13.57,13.56,13.57,200,2021-06-17 16:22:00,VOXX
13.55,13.55,13.54,13.54,727,2021-06-17 16:23:00,VOXX
13.52,13.52,13.52,13.52,348,2021-06-17 16:24:00,VOXX
13.54,13.54,13.53,13.53,200,2021-06-17 16:25:00,VOXX
13.51,13.51,13.51,13.51,3860,2021-06-17 16:26:00,VOXX
13.48,13.49,13.42,13.42,1375,2021-06-17 16:28:00,VOXX
13.48,13.5,13.48,13.5,400,2021-06-17 16:29:00,VOXX
13.465,13.465,13.465,13.465,100,2021-06-17 16:31:00,VOXX
13.48,13.51,13.48,13.49,1702,2021-06-17 16:32:00,VOXX
13.535,13.535,13.535,13.535,300,2021-06-17 16:35:00,VOXX
13.535,13.535,13.535,13.535,200,2021-06-17 16:36:00,VOXX
13.535,13.535,13.535,13.535,100,2021-06-17 16:37:00,VOXX
13.535,13.535,13.535,13.535,100,2021-06-17 16:38:00,VOXX
13.535,13.575,13.535,13.575,2801,2021-06-17 16:39:00,VOXX
13.56,13.619,13.56,13.619,322,2021-06-17 16:40:00,VOXX
13.595,13.6201,13.595,13.6201,204,2021-06-17 16:41:00,VOXX
13.595,13.595,13.595,13.595,100,2021-06-17 16:42:00,VOXX
13.56,13.56,13.54,13.54,300,2021-06-17 16:45:00,VOXX
13.545,13.545,13.51,13.51,200,2021-06-17 16:46:00,VOXX
13.55,13.58,13.55,13.5575,900,2021-06-17 16:49:00,VOXX
13.55,13.55,13.52,13.52,300,2021-06-17 16:50:00,VOXX
13.52,13.52,13.52,13.52,100,2021-06-17 16:51:00,VOXX
13.56,13.57,13.535,13.57,800,2021-06-17 16:55:00,VOXX
13.545,13.545,13.545,13.545,100,2021-06-17 16:57:00,VOXX
13.53,13.53,13.53,13.53,1101,2021-06-17 16:58:00,VOXX
13.5,13.5,13.5,13.5,200,2021-06-17 17:00:00,VOXX
13.495,13.515,13.495,13.515,500,2021-06-17 17:01:00,VOXX
13.4901,13.4901,13.4901,13.4901,700,2021-06-17 17:03:00,VOXX
13.53,13.54,13.525,13.525,600,2021-06-17 17:07:00,VOXX
13.5,13.5,13.5,13.5,100,2021-06-17 17:08:00,VOXX
13.55,13.55,13.55,13.55,100,2021-06-17 17:09:00,VOXX
13.555,13.56,13.52,13.52,400,2021-06-17 17:10:00,VOXX
13.52,13.52,13.52,13.52,500,2021-06-17 17:12:00,VOXX
13.5025,13.5025,13.48,13.48,200,2021-06-17 17:16:00,VOXX
13.505,13.505,13.505,13.505,100,2021-06-17 17:18:00,VOXX
13.55,13.55,13.505,13.505,200,2021-06-17 17:19:00,VOXX
13.46,13.46,13.46,13.46,100,2021-06-17 17:20:00,VOXX
13.505,13.51,13.485,13.51,1100,2021-06-17 17:22:00,VOXX
13.505,13.505,13.49,13.49,500,2021-06-17 17:23:00,VOXX
13.505,13.54,13.505,13.54,500,2021-06-17 17:24:00,VOXX
13.5,13.5,13.5,13.5,734,2021-06-17 17:25:00,VOXX
13.52,13.52,13.52,13.52,100,2021-06-17 17:27:00,VOXX
13.505,13.505,13.505,13.505,300,2021-06-17 17:29:00,VOXX
13.5199,13.5397,13.495,13.5397,1310,2021-06-17 17:30:00,VOXX
13.495,13.495,13.495,13.495,146,2021-06-17 17:31:00,VOXX
13.49,13.49,13.49,13.49,100,2021-06-17 17:32:00,VOXX
13.5,13.51,13.5,13.51,200,2021-06-17 17:33:00,VOXX
13.51,13.51,13.51,13.51,150,2021-06-17 17:36:00,VOXX
13.48,13.48,13.48,13.48,100,2021-06-17 17:39:00,VOXX
13.46,13.4684,13.46,13.46,300,2021-06-17 17:40:00,VOXX
13.49,13.5,13.45,13.45,500,2021-06-17 17:42:00,VOXX
13.48,13.52,13.475,13.5,2239,2021-06-17 17:43:00,VOXX
13.525,13.525,13.525,13.525,100,2021-06-17 17:45:00,VOXX
13.54,13.55,13.54,13.55,600,2021-06-17 17:47:00,VOXX
13.52,13.52,13.515,13.515,500,2021-06-17 17:50:00,VOXX
13.5,13.5,13.47,13.47,399,2021-06-17 17:51:00,VOXX
13.475,13.475,13.45,13.45,200,2021-06-17 17:54:00,VOXX
13.43,13.45,13.43,13.43,1000,2021-06-17 17:55:00,VOXX
13.4288,13.46,13.4288,13.46,438,2021-06-17 17:56:00,VOXX
13.475,13.4938,13.475,13.4938,1200,2021-06-17 17:57:00,VOXX
13.44,13.44,13.44,13.44,100,2021-06-17 17:59:00,VOXX
13.535,13.535,13.535,13.535,100,2021-06-17 18:01:00,VOXX
13.48,13.48,13.48,13.48,300,2021-06-17 18:03:00,VOXX
13.5191,13.5191,13.46,13.4765,1257,2021-06-17 18:04:00,VOXX
13.48,13.48,13.48,13.48,173,2021-06-17 18:08:00,VOXX
13.47,13.4712,13.47,13.4712,500,2021-06-17 18:10:00,VOXX
13.48,13.48,13.46,13.46,400,2021-06-17 18:13:00,VOXX
13.46,13.4605,13.4,13.4605,3200,2021-06-17 18:15:00,VOXX
13.435,13.47,13.435,13.44,800,2021-06-17 18:16:00,VOXX
13.46,13.49,13.44,13.45,800,2021-06-17 18:18:00,VOXX
13.5,13.5,13.49,13.49,200,2021-06-17 18:20:00,VOXX
13.49,13.49,13.46,13.46,200,2021-06-17 18:21:00,VOXX
13.45,13.46,13.43,13.43,300,2021-06-17 18:22:00,VOXX
13.465,13.465,13.465,13.465,100,2021-06-17 18:24:00,VOXX
13.43,13.43,13.43,13.43,200,2021-06-17 18:27:00,VOXX
13.445,13.445,13.445,13.445,100,2021-06-17 18:29:00,VOXX
13.43,13.43,13.405,13.405,1300,2021-06-17 18:31:00,VOXX
13.42,13.425,13.405,13.425,800,2021-06-17 18:32:00,VOXX
13.44,13.44,13.425,13.44,500,2021-06-17 18:33:00,VOXX
13.43,13.44,13.43,13.43,400,2021-06-17 18:35:00,VOXX
13.41,13.41,13.41,13.41,100,2021-06-17 18:36:00,VOXX
13.42,13.42,13.42,13.42,100,2021-06-17 18:38:00,VOXX
13.39,13.4,13.39,13.4,500,2021-06-17 18:39:00,VOXX
13.385,13.385,13.38,13.38,304,2021-06-17 18:40:00,VOXX
13.42,13.43,13.3971,13.3971,1300,2021-06-17 18:42:00,VOXX
13.4,13.4,13.4,13.4,400,2021-06-17 18:43:00,VOXX
13.41,13.42,13.405,13.405,300,2021-06-17 18:44:00,VOXX
13.41,13.41,13.41,13.41,100,2021-06-17 18:45:00,VOXX
13.405,13.405,13.405,13.405,400,2021-06-17 18:46:00,VOXX
13.38,13.38,13.38,13.38,300,2021-06-17 18:49:00,VOXX
13.41,13.41,13.41,13.41,100,2021-06-17 18:50:00,VOXX
13.39,13.39,13.39,13.39,100,2021-06-17 18:51:00,VOXX
13.38,13.39,13.36,13.36,500,2021-06-17 18:53:00,VOXX
13.39,13.39,13.355,13.375,1200,2021-06-17 18:54:00,VOXX
13.39,13.4,13.39,13.4,831,2021-06-17 18:55:00,VOXX
13.395,13.395,13.395,13.395,100,2021-06-17 18:56:00,VOXX
13.4,13.41,13.4,13.41,200,2021-06-17 18:59:00,VOXX
13.4,13.45,13.4,13.45,800,2021-06-17 19:00:00,VOXX
13.42,13.42,13.38,13.41,1518,2021-06-17 19:02:00,VOXX
13.43,13.43,13.4,13.41,1500,2021-06-17 19:03:00,VOXX
13.41,13.445,13.4,13.405,2619,2021-06-17 19:04:00,VOXX
13.395,13.42,13.395,13.42,855,2021-06-17 19:06:00,VOXX
13.405,13.405,13.405,13.405,171,2021-06-17 19:07:00,VOXX
13.4,13.4,13.4,13.4,100,2021-06-17 19:09:00,VOXX
13.43,13.43,13.4,13.43,421,2021-06-17 19:10:00,VOXX
13.4225,13.4299,13.4225,13.4299,2900,2021-06-17 19:11:00,VOXX
13.415,13.415,13.4,13.4,371,2021-06-17 19:12:00,VOXX
13.415,13.415,13.4,13.4,300,2021-06-17 19:13:00,VOXX
13.45,13.45,13.43,13.43,305,2021-06-17 19:16:00,VOXX
13.425,13.44,13.425,13.43,1504,2021-06-17 19:17:00,VOXX
13.43,13.43,13.43,13.43,200,2021-06-17 19:19:00,VOXX
13.42,13.42,13.41,13.41,204,2021-06-17 19:21:00,VOXX
13.4299,13.4299,13.38,13.38,1000,2021-06-17 19:22:00,VOXX
13.37,13.39,13.37,13.38,400,2021-06-17 19:24:00,VOXX
13.41,13.42,13.39,13.41,684,2021-06-17 19:25:00,VOXX
13.41,13.41,13.4,13.41,1200,2021-06-17 19:27:00,VOXX
13.4323,13.4323,13.4323,13.4323,225,2021-06-17 19:28:00,VOXX
13.43,13.435,13.425,13.425,800,2021-06-17 19:30:00,VOXX
13.41,13.45,13.41,13.43,1204,2021-06-17 19:31:00,VOXX
13.45,13.45,13.43,13.43,300,2021-06-17 19:32:00,VOXX
13.4201,13.455,13.42,13.42,1683,2021-06-17 19:33:00,VOXX
13.425,13.425,13.39,13.4,5475,2021-06-17 19:34:00,VOXX
13.38,13.405,13.38,13.38,300,2021-06-17 19:35:00,VOXX
13.4,13.41,13.39,13.395,1100,2021-06-17 19:37:00,VOXX
13.405,13.415,13.39,13.39,300,2021-06-17 19:38:00,VOXX
13.4,13.44,13.4,13.42,1829,2021-06-17 19:39:00,VOXX
13.435,13.435,13.435,13.435,200,2021-06-17 19:40:00,VOXX
13.44,13.44,13.4,13.4,900,2021-06-17 19:41:00,VOXX
13.39,13.43,13.39,13.415,1300,2021-06-17 19:42:00,VOXX
13.41,13.42,13.41,13.415,821,2021-06-17 19:43:00,VOXX
13.4,13.4,13.385,13.4,2217,2021-06-17 19:44:00,VOXX
13.38,13.405,13.38,13.405,200,2021-06-17 19:45:00,VOXX
13.38,13.47,13.38,13.445,8528,2021-06-17 19:46:00,VOXX
13.445,13.51,13.445,13.51,3897,2021-06-17 19:47:00,VOXX
13.505,13.5199,13.465,13.465,1057,2021-06-17 19:48:00,VOXX
13.475,13.4843,13.45,13.4843,313,2021-06-17 19:49:00,VOXX
13.4855,13.4855,13.4855,13.4855,209,2021-06-17 19:50:00,VOXX
13.465,13.4899,13.45,13.4899,571,2021-06-17 19:51:00,VOXX
13.45,13.45,13.45,13.45,200,2021-06-17 19:52:00,VOXX
13.44,13.44,13.4,13.4,2650,2021-06-17 19:53:00,VOXX
13.4,13.4499,13.4,13.41,2421,2021-06-17 19:54:00,VOXX
13.41,13.4458,13.39,13.4458,2295,2021-06-17 19:55:00,VOXX
13.405,13.41,13.37,13.395,2252,2021-06-17 19:56:00,VOXX
13.395,13.42,13.37,13.37,4723,2021-06-17 19:57:00,VOXX
13.39,13.39,13.36,13.36,2308,2021-06-17 19:58:00,VOXX
13.37,13.4,13.35,13.35,10042,2021-06-17 19:59:00,VOXX
13.34,13.34,13.34,13.34,35301,2021-06-17 20:00:00,VOXX
13.34,13.34,13.34,13.34,157,2021-06-17 20:01:00,VOXX
13.34,13.34,13.34,13.34,1825,2021-06-17 20:07:00,VOXX
13.16,13.27,13.1,13.1,27086,2021-06-18 13:30:00,VOXX
13.18,13.18,13.18,13.18,100,2021-06-18 13:31:00,VOXX
13.2,13.2,13.2,13.2,619,2021-06-18 13:32:00,VOXX
13.24,13.28,13.24,13.28,500,2021-06-18 13:33:00,VOXX
13.245,13.245,13.245,13.245,100,2021-06-18 13:34:00,VOXX
13.2566,13.2566,13.2566,13.2566,6650,2021-06-18 13:37:00,VOXX
13.28,13.31,13.28,13.31,701,2021-06-18 13:39:00,VOXX
13.31,13.31,13.31,13.31,399,2021-06-18 13:44:00,VOXX
13.19,13.22,13.19,13.22,545,2021-06-18 13:48:00,VOXX
13.17,13.17,13.17,13.17,950,2021-06-18 13:50:00,VOXX
13.15,13.15,13.09,13.09,300,2021-06-18 13:52:00,VOXX
13.11,13.11,13.085,13.09,504,2021-06-18 13:54:00,VOXX
13.0763,13.0763,13.0763,13.0763,104,2021-06-18 13:55:00,VOXX
13.08,13.11,13.08,13.11,400,2021-06-18 13:56:00,VOXX
13.11,13.11,13.11,13.11,329,2021-06-18 13:57:00,VOXX
13.17,13.2915,13.17,13.2915,1262,2021-06-18 14:00:00,VOXX
13.25,13.25,13.16,13.16,1300,2021-06-18 14:01:00,VOXX
13.1244,13.1244,13.1244,13.1244,200,2021-06-18 14:03:00,VOXX
13.15,13.15,13.15,13.15,200,2021-06-18 14:04:00,VOXX
13.15,13.24,13.15,13.205,500,2021-06-18 14:10:00,VOXX
13.16,13.16,13.15,13.15,300,2021-06-18 14:11:00,VOXX
13.105,13.17,13.105,13.14,2900,2021-06-18 14:12:00,VOXX
13.13,13.13,13.1,13.1,304,2021-06-18 14:15:00,VOXX
13.06,13.06,13.05,13.05,200,2021-06-18 14:20:00,VOXX
13.095,13.14,13.095,13.14,1000,2021-06-18 14:21:00,VOXX
13.19,13.19,13.13,13.14,700,2021-06-18 14:30:00,VOXX
13.17,13.22,13.17,13.22,300,2021-06-18 14:33:00,VOXX
13.28,13.28,13.28,13.28,200,2021-06-18 14:36:00,VOXX
13.23,13.23,13.22,13.22,200,2021-06-18 14:39:00,VOXX
13.22,13.22,13.22,13.22,200,2021-06-18 14:40:00,VOXX
13.17,13.18,13.17,13.18,300,2021-06-18 14:43:00,VOXX
13.18,13.19,13.17,13.17,721,2021-06-18 14:44:00,VOXX
13.22,13.22,13.195,13.22,900,2021-06-18 14:45:00,VOXX
13.22,13.22,13.22,13.22,300,2021-06-18 14:47:00,VOXX
13.27,13.27,13.27,13.27,200,2021-06-18 14:50:00,VOXX
13.29,13.29,13.29,13.29,100,2021-06-18 14:51:00,VOXX
13.26,13.26,13.26,13.26,500,2021-06-18 14:52:00,VOXX
13.2585,13.26,13.2585,13.26,1125,2021-06-18 14:53:00,VOXX
13.225,13.225,13.225,13.225,200,2021-06-18 14:54:00,VOXX
13.26,13.26,13.26,13.26,125,2021-06-18 14:55:00,VOXX
13.31,13.32,13.31,13.32,464,2021-06-18 14:56:00,VOXX
13.2701,13.2701,13.2701,13.2701,200,2021-06-18 15:00:00,VOXX
13.31,13.31,13.31,13.31,200,2021-06-18 15:02:00,VOXX
13.3499,13.3499,13.3499,13.3499,100,2021-06-18 15:08:00,VOXX
13.29,13.29,13.29,13.29,100,2021-06-18 15:10:00,VOXX
13.31,13.31,13.31,13.31,350,2021-06-18 15:12:00,VOXX
13.27,13.27,13.27,13.27,100,2021-06-18 15:13:00,VOXX
13.27,13.27,13.27,13.27,100,2021-06-18 15:15:00,VOXX
13.31,13.31,13.31,13.31,100,2021-06-18 15:16:00,VOXX
13.27,13.27,13.27,13.27,100,2021-06-18 15:20:00,VOXX
13.27,13.27,13.27,13.27,100,2021-06-18 15:23:00,VOXX
13.2775,13.3,13.27,13.28,1200,2021-06-18 15:25:00,VOXX
13.26,13.28,13.26,13.28,960,2021-06-18 15:26:00,VOXX
13.28,13.28,13.27,13.275,800,2021-06-18 15:28:00,VOXX
13.3,13.3,13.3,13.3,100,2021-06-18 15:29:00,VOXX
13.32,13.35,13.32,13.33,1100,2021-06-18 15:31:00,VOXX
13.35,13.36,13.35,13.36,200,2021-06-18 15:32:00,VOXX
13.39,13.4,13.38,13.4,400,2021-06-18 15:36:00,VOXX
13.41,13.41,13.41,13.41,200,2021-06-18 15:37:00,VOXX
13.45,13.45,13.45,13.45,100,2021-06-18 15:38:00,VOXX
13.44,13.44,13.44,13.44,446,2021-06-18 15:40:00,VOXX
13.44,13.44,13.44,13.44,100,2021-06-18 15:41:00,VOXX
13.44,13.44,13.44,13.44,100,2021-06-18 15:42:00,VOXX
13.46,13.47,13.46,13.47,400,2021-06-18 15:44:00,VOXX
13.48,13.48,13.48,13.48,200,2021-06-18 15:45:00,VOXX
13.49,13.51,13.48,13.51,700,2021-06-18 15:46:00,VOXX
13.52,13.52,13.52,13.52,200,2021-06-18 15:48:00,VOXX
13.54,13.55,13.5,13.5,545,2021-06-18 15:49:00,VOXX
13.49,13.49,13.49,13.49,895,2021-06-18 15:52:00,VOXX
13.52,13.525,13.51,13.51,565,2021-06-18 15:58:00,VOXX
13.51,13.51,13.51,13.51,100,2021-06-18 15:59:00,VOXX
13.51,13.51,13.5,13.5,300,2021-06-18 16:01:00,VOXX
13.49,13.49,13.49,13.49,100,2021-06-18 16:02:00,VOXX
13.485,13.485,13.47,13.47,900,2021-06-18 16:06:00,VOXX
13.43,13.43,13.43,13.43,100,2021-06-18 16:07:00,VOXX
13.46,13.46,13.46,13.46,200,2021-06-18 16:08:00,VOXX
13.46,13.46,13.46,13.46,100,2021-06-18 16:10:00,VOXX
13.43,13.43,13.43,13.43,100,2021-06-18 16:11:00,VOXX
13.4,13.4,13.4,13.4,100,2021-06-18 16:12:00,VOXX
13.4,13.4,13.4,13.4,100,2021-06-18 16:13:00,VOXX
13.4,13.4,13.4,13.4,100,2021-06-18 16:15:00,VOXX
13.405,13.42,13.4,13.4,700,2021-06-18 16:18:00,VOXX
13.4,13.4,13.4,13.4,100,2021-06-18 16:25:00,VOXX
13.41,13.41,13.41,13.41,100,2021-06-18 16:26:00,VOXX
13.4,13.4,13.4,13.4,100,2021-06-18 16:30:00,VOXX
13.39,13.39,13.33,13.35,700,2021-06-18 16:33:00,VOXX
13.35,13.35,13.35,13.35,200,2021-06-18 16:34:00,VOXX
13.34,13.34,13.31,13.31,1373,2021-06-18 16:35:00,VOXX
13.325,13.325,13.31,13.32,300,2021-06-18 16:37:00,VOXX
13.29,13.29,13.29,13.29,100,2021-06-18 16:38:00,VOXX
13.29,13.29,13.26,13.26,500,2021-06-18 16:39:00,VOXX
13.24,13.24,13.23,13.23,500,2021-06-18 16:40:00,VOXX
13.23,13.23,13.23,13.23,200,2021-06-18 16:42:00,VOXX
13.23,13.23,13.23,13.23,100,2021-06-18 16:43:00,VOXX
13.24,13.24,13.2,13.2,200,2021-06-18 16:45:00,VOXX
13.18,13.18,13.18,13.18,200,2021-06-18 16:49:00,VOXX
13.18,13.18,13.18,13.18,100,2021-06-18 16:50:00,VOXX
13.18,13.2,13.18,13.2,500,2021-06-18 16:51:00,VOXX
13.2,13.24,13.19,13.24,1380,2021-06-18 16:52:00,VOXX
13.22,13.22,13.2,13.22,600,2021-06-18 16:55:00,VOXX
13.192,13.192,13.11,13.11,10543,2021-06-18 17:02:00,VOXX
13.12,13.12,13.05,13.06,9696,2021-06-18 17:03:00,VOXX
13.05,13.05,13.05,13.05,100,2021-06-18 17:06:00,VOXX
13.1,13.1,13.1,13.1,100,2021-06-18 17:07:00,VOXX
13.1,13.1,13.1,13.1,200,2021-06-18 17:08:00,VOXX
13.1,13.1,13.03,13.03,600,2021-06-18 17:09:00,VOXX
13.075,13.075,13.075,13.075,100,2021-06-18 17:10:00,VOXX
13.03,13.075,13.03,13.075,200,2021-06-18 17:11:00,VOXX
13.1116,13.1116,13.1116,13.1116,315,2021-06-18 17:12:00,VOXX
13.11,13.16,13.11,13.13,1304,2021-06-18 17:13:00,VOXX
13.18,13.18,13.18,13.18,400,2021-06-18 17:15:00,VOXX
13.18,13.18,13.18,13.18,100,2021-06-18 17:16:00,VOXX
13.18,13.2,13.18,13.2,638,2021-06-18 17:19:00,VOXX
13.2,13.2,13.2,13.2,200,2021-06-18 17:20:00,VOXX
13.1679,13.1679,13.1679,13.1679,100,2021-06-18 17:21:00,VOXX
13.19,13.19,13.19,13.19,100,2021-06-18 17:22:00,VOXX
13.165,13.165,13.165,13.165,200,2021-06-18 17:23:00,VOXX
13.14,13.14,13.14,13.14,100,2021-06-18 17:26:00,VOXX
13.08,13.08,13.08,13.08,100,2021-06-18 17:29:00,VOXX
13.15,13.15,13.15,13.15,100,2021-06-18 17:31:00,VOXX
13.15,13.15,13.15,13.15,100,2021-06-18 17:32:00,VOXX
13.16,13.19,13.16,13.19,670,2021-06-18 17:33:00,VOXX
13.205,13.205,13.205,13.205,100,2021-06-18 17:36:00,VOXX
13.23,13.23,13.23,13.23,100,2021-06-18 17:42:00,VOXX
13.17,13.17,13.17,13.17,1045,2021-06-18 17:45:00,VOXX
13.12,13.12,13.12,13.12,200,2021-06-18 17:46:00,VOXX
13.12,13.12,13.12,13.12,100,2021-06-18 17:49:00,VOXX
13.17,13.2,13.17,13.2,800,2021-06-18 17:53:00,VOXX
13.22,13.22,13.22,13.22,100,2021-06-18 17:54:00,VOXX
13.16,13.16,13.16,13.16,300,2021-06-18 18:00:00,VOXX
13.15,13.15,13.15,13.15,298,2021-06-18 18:01:00,VOXX
13.2,13.2,13.2,13.2,100,2021-06-18 18:02:00,VOXX
13.22,13.22,13.22,13.22,1500,2021-06-18 18:03:00,VOXX
13.19,13.19,13.19,13.19,100,2021-06-18 18:05:00,VOXX
13.18,13.18,13.18,13.18,100,2021-06-18 18:10:00,VOXX
13.2,13.2,13.2,13.2,100,2021-06-18 18:12:00,VOXX
13.13,13.13,13.13,13.13,100,2021-06-18 18:19:00,VOXX
13.18,13.19,13.18,13.19,400,2021-06-18 18:21:00,VOXX
13.13,13.1874,13.13,13.1874,1600,2021-06-18 18:25:00,VOXX
13.13,13.13,13.13,13.13,100,2021-06-18 18:27:00,VOXX
13.165,13.22,13.16,13.22,3803,2021-06-18 18:28:00,VOXX
13.24,13.24,13.23,13.23,418,2021-06-18 18:29:00,VOXX
13.22,13.22,13.22,13.22,1000,2021-06-18 18:31:00,VOXX
13.22,13.22,13.2,13.2,407,2021-06-18 18:34:00,VOXX
13.23,13.23,13.23,13.23,300,2021-06-18 18:35:00,VOXX
13.19,13.22,13.19,13.22,300,2021-06-18 18:38:00,VOXX
13.16,13.185,13.11,13.15,663,2021-06-18 18:42:00,VOXX
13.13,13.15,13.12,13.14,1652,2021-06-18 18:45:00,VOXX
13.14,13.14,13.14,13.14,617,2021-06-18 18:50:00,VOXX
13.15,13.15,13.13,13.13,500,2021-06-18 18:51:00,VOXX
13.13,13.13,13.13,13.13,300,2021-06-18 18:52:00,VOXX
13.13,13.13,13.13,13.13,463,2021-06-18 18:53:00,VOXX
13.11,13.11,13.1,13.1,500,2021-06-18 18:54:00,VOXX
13.051,13.051,13.051,13.051,200,2021-06-18 18:56:00,VOXX
13.075,13.075,13.075,13.075,100,2021-06-18 18:57:00,VOXX
13.11,13.11,13.11,13.11,200,2021-06-18 18:58:00,VOXX
13.08,13.08,13.07,13.07,900,2021-06-18 18:59:00,VOXX
13.1,13.1,13.1,13.1,500,2021-06-18 19:01:00,VOXX
13.12,13.12,13.105,13.105,1400,2021-06-18 19:03:00,VOXX
13.12,13.12,13.12,13.12,200,2021-06-18 19:08:00,VOXX
13.09,13.13,13.09,13.13,840,2021-06-18 19:13:00,VOXX
13.12,13.19,13.12,13.16,6874,2021-06-18 19:15:00,VOXX
13.19,13.19,13.19,13.19,100,2021-06-18 19:16:00,VOXX
13.171,13.171,13.171,13.171,200,2021-06-18 19:19:00,VOXX
13.21,13.21,13.21,13.21,700,2021-06-18 19:22:00,VOXX
13.17,13.17,13.17,13.17,100,2021-06-18 19:25:00,VOXX
13.16,13.16,13.16,13.16,307,2021-06-18 19:28:00,VOXX
13.15,13.15,13.15,13.15,100,2021-06-18 19:30:00,VOXX
13.13,13.13,13.13,13.13,200,2021-06-18 19:31:00,VOXX
13.1,13.1,13.1,13.1,200,2021-06-18 19:32:00,VOXX
13.12,13.14,13.09,13.14,1300,2021-06-18 19:33:00,VOXX
13.16,13.16,13.16,13.16,300,2021-06-18 19:34:00,VOXX
13.16,13.16,13.16,13.16,200,2021-06-18 19:35:00,VOXX
13.13,13.13,13.13,13.13,300,2021-06-18 19:37:00,VOXX
13.15,13.15,13.15,13.15,100,2021-06-18 19:38:00,VOXX
13.13,13.17,13.13,13.17,200,2021-06-18 19:39:00,VOXX
13.14,13.15,13.14,13.15,600,2021-06-18 19:40:00,VOXX
13.15,13.16,13.15,13.16,796,2021-06-18 19:42:00,VOXX
13.17,13.19,13.17,13.19,800,2021-06-18 19:44:00,VOXX
13.19,13.19,13.19,13.19,100,2021-06-18 19:45:00,VOXX
13.19,13.19,13.19,13.19,200,2021-06-18 19:47:00,VOXX
13.16,13.16,13.15,13.16,500,2021-06-18 19:48:00,VOXX
13.16,13.16,13.14,13.14,600,2021-06-18 19:49:00,VOXX
13.17,13.2,13.17,13.2,1792,2021-06-18 19:50:00,VOXX
13.19,13.19,13.18,13.18,400,2021-06-18 19:51:00,VOXX
13.21,13.22,13.19,13.1901,507,2021-06-18 19:52:00,VOXX
13.21,13.24,13.21,13.24,1090,2021-06-18 19:54:00,VOXX
13.21,13.24,13.21,13.21,400,2021-06-18 19:55:00,VOXX
13.215,13.215,13.21,13.21,932,2021-06-18 19:56:00,VOXX
13.22,13.225,13.2,13.2,1600,2021-06-18 19:57:00,VOXX
13.2,13.21,13.19,13.21,1346,2021-06-18 19:58:00,VOXX
13.22,13.22,13.17,13.19,1704,2021-06-18 19:59:00,VOXX
13.22,13.22,13.22,13.22,17321,2021-06-18 20:00:00,VOXX
13.22,13.22,13.22,13.22,1160,2021-06-18 20:01:00,VOXX
13.2,13.2,13.2,13.2,300,2021-06-18 20:37:00,VOXX
13.33,13.33,13.33,13.33,3220,2021-06-21 13:30:00,VOXX
13.29,13.29,13.29,13.29,200,2021-06-21 13:35:00,VOXX
13.28,13.28,13.28,13.28,400,2021-06-21 13:38:00,VOXX
13.3,13.3,13.3,13.3,210,2021-06-21 13:39:00,VOXX
13.3,13.3,13.3,13.3,100,2021-06-21 13:42:00,VOXX
13.295,13.295,13.295,13.295,100,2021-06-21 13:43:00,VOXX
13.32,13.32,13.32,13.32,100,2021-06-21 13:44:00,VOXX
13.41,13.41,13.41,13.41,104,2021-06-21 13:45:00,VOXX
13.4136,13.4136,13.4136,13.4136,1000,2021-06-21 13:46:00,VOXX
13.38,13.38,13.38,13.38,300,2021-06-21 13:47:00,VOXX
13.41,13.45,13.41,13.45,1200,2021-06-21 13:48:00,VOXX
13.47,13.47,13.47,13.47,296,2021-06-21 13:49:00,VOXX
13.47,13.47,13.47,13.47,200,2021-06-21 13:52:00,VOXX
13.45,13.45,13.445,13.445,272,2021-06-21 13:56:00,VOXX
13.45,13.47,13.45,13.47,400,2021-06-21 13:58:00,VOXX
13.46,13.46,13.45,13.45,300,2021-06-21 14:00:00,VOXX
13.44,13.465,13.44,13.465,200,2021-06-21 14:01:00,VOXX
13.48,13.48,13.48,13.48,100,2021-06-21 14:04:00,VOXX
13.49,13.49,13.49,13.49,100,2021-06-21 14:05:00,VOXX
13.51,13.54,13.51,13.54,1037,2021-06-21 14:06:00,VOXX
13.5399,13.5399,13.5399,13.5399,300,2021-06-21 14:07:00,VOXX
13.501,13.501,13.501,13.501,100,2021-06-21 14:08:00,VOXX
13.593,13.593,13.593,13.593,350,2021-06-21 14:11:00,VOXX
13.52,13.52,13.52,13.52,300,2021-06-21 14:14:00,VOXX
13.54,13.5908,13.54,13.5908,200,2021-06-21 14:15:00,VOXX
13.54,13.565,13.54,13.565,200,2021-06-21 14:18:00,VOXX
13.55,13.55,13.54,13.54,200,2021-06-21 14:19:00,VOXX
13.53,13.53,13.53,13.53,100,2021-06-21 14:22:00,VOXX
13.58,13.58,13.53,13.53,364,2021-06-21 14:26:00,VOXX
13.5792,13.5792,13.5792,13.5792,150,2021-06-21 14:28:00,VOXX
13.481,13.481,13.481,13.481,110,2021-06-21 14:33:00,VOXX
13.5,13.5,13.5,13.5,100,2021-06-21 14:36:00,VOXX
13.52,13.52,13.5,13.5,400,2021-06-21 14:43:00,VOXX
13.5,13.54,13.5,13.54,950,2021-06-21 14:44:00,VOXX
13.52,13.52,13.52,13.52,300,2021-06-21 14:45:00,VOXX
13.51,13.51,13.51,13.51,100,2021-06-21 14:47:00,VOXX
13.51,13.51,13.51,13.51,100,2021-06-21 14:49:00,VOXX
13.479,13.479,13.479,13.479,100,2021-06-21 14:51:00,VOXX
13.4999,13.4999,13.4999,13.4999,100,2021-06-21 14:53:00,VOXX
13.45,13.45,13.45,13.45,100,2021-06-21 15:05:00,VOXX
13.49,13.49,13.45,13.45,200,2021-06-21 15:08:00,VOXX
13.45,13.45,13.45,13.45,100,2021-06-21 15:09:00,VOXX
13.45,13.45,13.45,13.45,100,2021-06-21 15:11:00,VOXX
13.42,13.42,13.42,13.42,100,2021-06-21 15:14:00,VOXX
13.48,13.48,13.48,13.48,100,2021-06-21 15:19:00,VOXX
13.42,13.42,13.42,13.42,100,2021-06-21 15:21:00,VOXX
13.41,13.45,13.34,13.445,10847,2021-06-21 15:22:00,VOXX
13.45,13.4723,13.45,13.4723,200,2021-06-21 15:24:00,VOXX
13.47,13.47,13.47,13.47,300,2021-06-21 15:28:00,VOXX
13.47,13.48,13.47,13.48,200,2021-06-21 15:29:00,VOXX
13.455,13.455,13.455,13.455,100,2021-06-21 15:30:00,VOXX
13.47,13.47,13.47,13.47,100,2021-06-21 15:32:00,VOXX
13.44,13.45,13.43,13.43,572,2021-06-21 15:34:00,VOXX
13.42,13.42,13.42,13.42,100,2021-06-21 15:36:00,VOXX
13.44,13.44,13.44,13.44,100,2021-06-21 15:37:00,VOXX
13.41,13.41,13.41,13.41,100,2021-06-21 15:38:00,VOXX
13.46,13.46,13.45,13.45,200,2021-06-21 15:41:00,VOXX
13.45,13.45,13.45,13.45,100,2021-06-21 15:44:00,VOXX
13.4473,13.4473,13.425,13.425,200,2021-06-21 15:48:00,VOXX
13.42,13.42,13.42,13.42,134,2021-06-21 15:52:00,VOXX
13.39,13.39,13.39,13.39,103,2021-06-21 15:53:00,VOXX
13.38,13.38,13.38,13.38,100,2021-06-21 15:54:00,VOXX
13.4,13.42,13.4,13.42,446,2021-06-21 15:55:00,VOXX
13.4742,13.53,13.4742,13.52,500,2021-06-21 16:02:00,VOXX
13.48,13.48,13.48,13.48,100,2021-06-21 16:04:00,VOXX
13.45,13.45,13.45,13.45,100,2021-06-21 16:07:00,VOXX
13.451,13.451,13.451,13.451,150,2021-06-21 16:15:00,VOXX
13.5,13.5,13.5,13.5,100,2021-06-21 16:16:00,VOXX
13.47,13.55,13.47,13.55,1222,2021-06-21 16:22:00,VOXX
13.52,13.52,13.52,13.52,400,2021-06-21 16:28:00,VOXX
13.525,13.525,13.525,13.525,100,2021-06-21 16:31:00,VOXX
13.57,13.57,13.57,13.57,100,2021-06-21 16:34:00,VOXX
13.57,13.57,13.56,13.56,300,2021-06-21 16:36:00,VOXX
13.56,13.58,13.56,13.57,722,2021-06-21 16:37:00,VOXX
13.615,13.615,13.615,13.615,100,2021-06-21 16:39:00,VOXX
13.61,13.61,13.61,13.61,100,2021-06-21 16:40:00,VOXX
13.62,13.62,13.62,13.62,100,2021-06-21 16:43:00,VOXX
13.63,13.64,13.63,13.63,916,2021-06-21 16:44:00,VOXX
13.62,13.62,13.61,13.61,800,2021-06-21 16:45:00,VOXX
13.64,13.64,13.64,13.64,283,2021-06-21 16:46:00,VOXX
13.645,13.645,13.645,13.645,1300,2021-06-21 16:47:00,VOXX
13.61,13.61,13.61,13.61,200,2021-06-21 16:48:00,VOXX
13.62,13.63,13.62,13.63,200,2021-06-21 16:49:00,VOXX
13.65,13.65,13.65,13.65,200,2021-06-21 16:53:00,VOXX
13.67,13.67,13.67,13.67,100,2021-06-21 16:54:00,VOXX
13.71,13.71,13.71,13.71,117,2021-06-21 16:56:00,VOXX
13.69,13.69,13.69,13.69,100,2021-06-21 16:59:00,VOXX
13.67,13.67,13.67,13.67,100,2021-06-21 17:01:00,VOXX
13.6706,13.6706,13.6706,13.6706,500,2021-06-21 17:04:00,VOXX
13.69,13.7,13.69,13.7,400,2021-06-21 17:06:00,VOXX
13.7,13.7,13.7,13.7,100,2021-06-21 17:08:00,VOXX
13.71,13.71,13.71,13.71,100,2021-06-21 17:09:00,VOXX
13.7,13.7,13.7,13.7,100,2021-06-21 17:10:00,VOXX
13.7419,13.7419,13.7419,13.7419,141,2021-06-21 17:11:00,VOXX
13.7394,13.7394,13.71,13.71,1190,2021-06-21 17:13:00,VOXX
13.75,13.75,13.75,13.75,150,2021-06-21 17:14:00,VOXX
13.73,13.73,13.73,13.73,100,2021-06-21 17:16:00,VOXX
13.71,13.71,13.71,13.71,200,2021-06-21 17:17:00,VOXX
13.72,13.72,13.72,13.72,100,2021-06-21 17:23:00,VOXX
13.7195,13.7195,13.7195,13.7195,200,2021-06-21 17:27:00,VOXX
13.72,13.73,13.72,13.73,600,2021-06-21 17:28:00,VOXX
13.73,13.73,13.73,13.73,100,2021-06-21 17:29:00,VOXX
13.74,13.76,13.73,13.76,300,2021-06-21 17:32:00,VOXX
13.7,13.7,13.69,13.69,348,2021-06-21 17:33:00,VOXX
13.715,13.715,13.715,13.715,100,2021-06-21 17:35:00,VOXX
13.715,13.715,13.715,13.715,100,2021-06-21 17:38:00,VOXX
13.72,13.72,13.72,13.72,100,2021-06-21 17:40:00,VOXX
13.76,13.76,13.76,13.76,100,2021-06-21 17:41:00,VOXX
13.71,13.72,13.71,13.72,549,2021-06-21 17:42:00,VOXX
13.7,13.73,13.7,13.73,200,2021-06-21 17:48:00,VOXX
13.68,13.68,13.68,13.68,100,2021-06-21 17:50:00,VOXX
13.68,13.68,13.68,13.68,100,2021-06-21 17:52:00,VOXX
13.67,13.69,13.67,13.69,200,2021-06-21 17:53:00,VOXX
13.675,13.675,13.675,13.675,255,2021-06-21 17:54:00,VOXX
13.7,13.74,13.7,13.74,1477,2021-06-21 18:00:00,VOXX
13.69,13.72,13.69,13.72,600,2021-06-21 18:04:00,VOXX
13.7,13.7,13.7,13.7,100,2021-06-21 18:06:00,VOXX
13.74,13.79,13.715,13.79,2000,2021-06-21 18:07:00,VOXX
13.73,13.73,13.73,13.73,200,2021-06-21 18:10:00,VOXX
13.745,13.745,13.745,13.745,100,2021-06-21 18:16:00,VOXX
13.745,13.745,13.745,13.745,100,2021-06-21 18:17:00,VOXX
13.72,13.72,13.72,13.72,100,2021-06-21 18:18:00,VOXX
13.77,13.77,13.77,13.77,100,2021-06-21 18:21:00,VOXX
13.7,13.7,13.7,13.7,100,2021-06-21 18:23:00,VOXX
13.71,13.74,13.71,13.74,200,2021-06-21 18:25:00,VOXX
13.715,13.715,13.715,13.715,179,2021-06-21 18:26:00,VOXX
13.69,13.71,13.68,13.705,500,2021-06-21 18:32:00,VOXX
13.72,13.77,13.72,13.77,400,2021-06-21 18:35:00,VOXX
13.75,13.82,13.75,13.82,400,2021-06-21 18:36:00,VOXX
13.7977,13.7999,13.7977,13.7999,1200,2021-06-21 18:37:00,VOXX
13.79,13.8,13.79,13.79,300,2021-06-21 18:39:00,VOXX
13.77,13.77,13.74,13.74,300,2021-06-21 18:40:00,VOXX
13.742,13.742,13.742,13.742,268,2021-06-21 18:41:00,VOXX
13.77,13.78,13.77,13.78,3951,2021-06-21 18:42:00,VOXX
13.77,13.77,13.77,13.77,100,2021-06-21 18:44:00,VOXX
13.76,13.76,13.76,13.76,110,2021-06-21 18:47:00,VOXX
13.79,13.79,13.79,13.79,210,2021-06-21 18:48:00,VOXX
13.77,13.8,13.77,13.8,200,2021-06-21 18:49:00,VOXX
13.78,13.8,13.78,13.8,450,2021-06-21 18:51:00,VOXX
13.77,13.77,13.77,13.77,100,2021-06-21 18:52:00,VOXX
13.78,13.85,13.78,13.85,1872,2021-06-21 18:53:00,VOXX
13.82,13.82,13.78,13.81,2600,2021-06-21 18:54:00,VOXX
13.8,13.8,13.8,13.8,100,2021-06-21 18:55:00,VOXX
13.8,13.8,13.8,13.8,100,2021-06-21 18:56:00,VOXX
13.8,13.8,13.8,13.8,100,2021-06-21 18:57:00,VOXX
13.8,13.8,13.8,13.8,100,2021-06-21 18:58:00,VOXX
13.8,13.82,13.8,13.82,240,2021-06-21 18:59:00,VOXX
13.81,13.81,13.8075,13.81,525,2021-06-21 19:00:00,VOXX
13.82,13.84,13.82,13.84,200,2021-06-21 19:01:00,VOXX
13.81,13.81,13.81,13.81,100,2021-06-21 19:02:00,VOXX
13.81,13.81,13.81,13.81,100,2021-06-21 19:03:00,VOXX
13.81,13.81,13.81,13.81,100,2021-06-21 19:04:00,VOXX
13.805,13.82,13.805,13.82,200,2021-06-21 19:05:00,VOXX
13.83,13.83,13.83,13.83,200,2021-06-21 19:06:00,VOXX
13.82,13.86,13.82,13.86,200,2021-06-21 19:07:00,VOXX
13.84,13.84,13.84,13.84,100,2021-06-21 19:08:00,VOXX
13.84,13.84,13.83,13.83,900,2021-06-21 19:09:00,VOXX
13.81,13.81,13.81,13.81,100,2021-06-21 19:10:00,VOXX
13.805,13.805,13.7801,13.7801,400,2021-06-21 19:11:00,VOXX
13.79,13.79,13.79,13.79,100,2021-06-21 19:12:00,VOXX
13.79,13.79,13.78,13.78,600,2021-06-21 19:14:00,VOXX
13.765,13.765,13.76,13.76,200,2021-06-21 19:16:00,VOXX
13.76,13.775,13.76,13.775,680,2021-06-21 19:18:00,VOXX
13.76,13.76,13.75,13.75,1219,2021-06-21 19:20:00,VOXX
13.76,13.76,13.73,13.73,439,2021-06-21 19:23:00,VOXX
13.73,13.73,13.73,13.73,100,2021-06-21 19:24:00,VOXX
13.73,13.73,13.73,13.73,100,2021-06-21 19:26:00,VOXX
13.71,13.72,13.71,13.72,1179,2021-06-21 19:27:00,VOXX
13.72,13.73,13.72,13.73,250,2021-06-21 19:29:00,VOXX
13.73,13.73,13.72,13.72,300,2021-06-21 19:30:00,VOXX
13.73,13.73,13.73,13.73,100,2021-06-21 19:33:00,VOXX
13.74,13.74,13.74,13.74,200,2021-06-21 19:34:00,VOXX
13.76,13.76,13.73,13.73,500,2021-06-21 19:35:00,VOXX
13.725,13.725,13.725,13.725,200,2021-06-21 19:37:00,VOXX
13.71,13.72,13.71,13.72,300,2021-06-21 19:39:00,VOXX
13.735,13.735,13.71,13.725,1411,2021-06-21 19:41:00,VOXX
13.71,13.71,13.71,13.71,100,2021-06-21 19:42:00,VOXX
13.705,13.705,13.705,13.705,100,2021-06-21 19:43:00,VOXX
13.69,13.69,13.69,13.69,100,2021-06-21 19:45:00,VOXX
13.685,13.7,13.685,13.7,1052,2021-06-21 19:47:00,VOXX
13.69,13.69,13.69,13.69,100,2021-06-21 19:48:00,VOXX
13.72,13.725,13.71,13.725,600,2021-06-21 19:49:00,VOXX
13.75,13.75,13.73,13.73,300,2021-06-21 19:50:00,VOXX
13.745,13.745,13.74,13.74,200,2021-06-21 19:51:00,VOXX
13.73,13.73,13.725,13.725,303,2021-06-21 19:52:00,VOXX
13.74,13.74,13.74,13.74,194,2021-06-21 19:53:00,VOXX
13.725,13.74,13.725,13.74,200,2021-06-21 19:54:00,VOXX
13.74,13.74,13.7,13.7001,1140,2021-06-21 19:55:00,VOXX
13.7,13.71,13.7,13.71,700,2021-06-21 19:56:00,VOXX
13.72,13.745,13.72,13.745,900,2021-06-21 19:57:00,VOXX
13.745,13.755,13.73,13.73,700,2021-06-21 19:58:00,VOXX
13.74,13.77,13.71,13.77,1702,2021-06-21 19:59:00,VOXX
13.75,13.75,13.75,13.75,9963,2021-06-21 20:00:00,VOXX
13.75,13.75,13.75,13.75,622,2021-06-21 20:01:00,VOXX
13.76,13.76,13.76,13.76,1028,2021-06-22 13:30:00,VOXX
13.54,13.54,13.53,13.53,700,2021-06-22 13:36:00,VOXX
13.51,13.51,13.51,13.51,100,2021-06-22 13:38:00,VOXX
13.52,13.52,13.45,13.4715,300,2021-06-22 13:41:00,VOXX
13.4658,13.4658,13.4658,13.4658,149,2021-06-22 13:44:00,VOXX
13.48,13.48,13.48,13.48,520,2021-06-22 13:45:00,VOXX
13.43,13.43,13.33,13.33,1500,2021-06-22 13:48:00,VOXX
13.38,13.41,13.38,13.41,300,2021-06-22 13:49:00,VOXX
13.4156,13.4156,13.4156,13.4156,200,2021-06-22 13:50:00,VOXX
13.35,13.35,13.35,13.35,100,2021-06-22 13:52:00,VOXX
13.34,13.34,13.33,13.33,355,2021-06-22 13:54:00,VOXX
13.25,13.25,13.25,13.25,200,2021-06-22 13:55:00,VOXX
13.24,13.24,13.23,13.23,300,2021-06-22 13:57:00,VOXX
13.3663,13.3663,13.3663,13.3663,100,2021-06-22 14:00:00,VOXX
13.315,13.315,13.315,13.315,100,2021-06-22 14:04:00,VOXX
13.38,13.38,13.38,13.38,100,2021-06-22 14:06:00,VOXX
13.3,13.3,13.3,13.3,300,2021-06-22 14:11:00,VOXX
13.3,13.32,13.29,13.29,500,2021-06-22 14:13:00,VOXX
13.27,13.27,13.25,13.25,1066,2021-06-22 14:26:00,VOXX
13.24,13.24,13.2,13.2,690,2021-06-22 14:27:00,VOXX
13.225,13.28,13.225,13.28,935,2021-06-22 14:29:00,VOXX
13.28,13.31,13.28,13.31,250,2021-06-22 14:32:00,VOXX
13.26,13.26,13.23,13.23,500,2021-06-22 14:33:00,VOXX
13.17,13.25,13.17,13.25,9481,2021-06-22 14:35:00,VOXX
13.27,13.27,13.27,13.27,100,2021-06-22 14:36:00,VOXX
13.2993,13.31,13.285,13.31,400,2021-06-22 14:38:00,VOXX
13.359,13.359,13.359,13.359,1000,2021-06-22 14:39:00,VOXX
13.33,13.33,13.33,13.33,133,2021-06-22 14:40:00,VOXX
13.3908,13.3908,13.3908,13.3908,100,2021-06-22 14:41:00,VOXX
13.42,13.42,13.42,13.42,100,2021-06-22 14:42:00,VOXX
13.43,13.43,13.43,13.43,100,2021-06-22 14:43:00,VOXX
13.42,13.42,13.42,13.42,100,2021-06-22 14:44:00,VOXX
13.37,13.37,13.37,13.37,200,2021-06-22 14:45:00,VOXX
13.37,13.41,13.37,13.41,600,2021-06-22 14:47:00,VOXX
13.42,13.42,13.36,13.36,200,2021-06-22 14:48:00,VOXX
13.43,13.43,13.4,13.41,400,2021-06-22 14:51:00,VOXX
13.37,13.4,13.37,13.4,2205,2021-06-22 14:52:00,VOXX
13.4,13.4,13.34,13.37,6086,2021-06-22 14:53:00,VOXX
13.34,13.34,13.31,13.33,1434,2021-06-22 14:54:00,VOXX
13.28,13.29,13.25,13.29,1420,2021-06-22 14:55:00,VOXX
13.28,13.31,13.28,13.31,892,2021-06-22 14:56:00,VOXX
13.28,13.28,13.28,13.28,100,2021-06-22 14:57:00,VOXX
13.2467,13.27,13.2467,13.27,540,2021-06-22 15:02:00,VOXX
13.24,13.26,13.24,13.2505,700,2021-06-22 15:03:00,VOXX
13.25,13.2674,13.25,13.26,1462,2021-06-22 15:05:00,VOXX
13.275,13.275,13.275,13.275,100,2021-06-22 15:08:00,VOXX
13.28,13.3684,13.28,13.29,2220,2021-06-22 15:10:00,VOXX
13.29,13.3,13.285,13.3,600,2021-06-22 15:11:00,VOXX
13.3,13.3,13.3,13.3,300,2021-06-22 15:13:00,VOXX
13.3,13.3,13.3,13.3,100,2021-06-22 15:14:00,VOXX
13.27,13.27,13.22,13.27,400,2021-06-22 15:18:00,VOXX
13.25,13.25,13.25,13.25,100,2021-06-22 15:21:00,VOXX
13.25,13.25,13.25,13.25,100,2021-06-22 15:26:00,VOXX
13.24,13.26,13.225,13.26,2280,2021-06-22 15:27:00,VOXX
13.23,13.24,13.2,13.2,1023,2021-06-22 15:29:00,VOXX
13.24,13.24,13.1833,13.21,900,2021-06-22 15:30:00,VOXX
13.2,13.2,13.2,13.2,100,2021-06-22 15:36:00,VOXX
13.18,13.18,13.175,13.175,500,2021-06-22 15:37:00,VOXX
13.2,13.2,13.15,13.15,500,2021-06-22 15:38:00,VOXX
13.15,13.18,13.15,13.15,2400,2021-06-22 15:40:00,VOXX
13.17,13.17,13.16,13.16,300,2021-06-22 15:45:00,VOXX
13.12,13.12,13.12,13.12,100,2021-06-22 15:49:00,VOXX
13.14,13.18,13.14,13.18,300,2021-06-22 15:50:00,VOXX
13.185,13.185,13.185,13.185,100,2021-06-22 15:51:00,VOXX
13.1886,13.19,13.1886,13.19,850,2021-06-22 15:52:00,VOXX
13.16,13.16,13.16,13.16,100,2021-06-22 16:01:00,VOXX
13.15,13.15,13.15,13.15,308,2021-06-22 16:07:00,VOXX
13.14,13.14,13.14,13.14,200,2021-06-22 16:08:00,VOXX
13.13,13.13,13.11,13.11,718,2021-06-22 16:10:00,VOXX
13.11,13.11,13.11,13.11,400,2021-06-22 16:11:00,VOXX
13.12,13.13,13.12,13.13,300,2021-06-22 16:13:00,VOXX
13.13,13.14,13.13,13.13,800,2021-06-22 16:14:00,VOXX
13.14,13.14,13.14,13.14,100,2021-06-22 16:23:00,VOXX
13.15,13.15,13.13,13.13,711,2021-06-22 16:26:00,VOXX
13.125,13.15,13.125,13.15,600,2021-06-22 16:29:00,VOXX
13.2,13.21,13.2,13.21,300,2021-06-22 16:35:00,VOXX
13.15,13.15,13.13,13.13,800,2021-06-22 16:41:00,VOXX
13.13,13.13,13.04,13.1,9897,2021-06-22 16:42:00,VOXX
13.09,13.09,13.09,13.09,100,2021-06-22 16:45:00,VOXX
13.07,13.07,13.07,13.07,100,2021-06-22 16:51:00,VOXX
13.06,13.09,13.06,13.085,1000,2021-06-22 16:56:00,VOXX
13.06,13.06,13.06,13.06,1111,2021-06-22 16:58:00,VOXX
13.06,13.07,13.06,13.07,600,2021-06-22 16:59:00,VOXX
13.06,13.06,13.06,13.06,100,2021-06-22 17:00:00,VOXX
13.06,13.06,13.06,13.06,100,2021-06-22 17:01:00,VOXX
13.1,13.1,13.1,13.1,100,2021-06-22 17:02:00,VOXX
13.1,13.1,13.1,13.1,100,2021-06-22 17:04:00,VOXX
13.1,13.1,13.095,13.095,200,2021-06-22 17:06:00,VOXX
13.09,13.09,13.09,13.09,100,2021-06-22 17:07:00,VOXX
13.06,13.07,13.06,13.07,200,2021-06-22 17:10:00,VOXX
13.09,13.09,13.09,13.09,100,2021-06-22 17:11:00,VOXX
13.12,13.12,13.12,13.12,100,2021-06-22 17:12:00,VOXX
13.1,13.1,13.09,13.09,900,2021-06-22 17:15:00,VOXX
13.115,13.115,13.115,13.115,100,2021-06-22 17:25:00,VOXX
13.1196,13.13,13.1196,13.13,600,2021-06-22 17:26:00,VOXX
13.12,13.12,13.08,13.08,300,2021-06-22 17:27:00,VOXX
13.105,13.14,13.07,13.07,300,2021-06-22 17:40:00,VOXX
13.08,13.12,13.07,13.12,300,2021-06-22 17:41:00,VOXX
13.1,13.1,13.1,13.1,100,2021-06-22 17:44:00,VOXX
13.13,13.14,13.13,13.14,301,2021-06-22 17:47:00,VOXX
13.12,13.12,13.12,13.12,100,2021-06-22 17:48:00,VOXX
13.15,13.15,13.15,13.15,203,2021-06-22 17:50:00,VOXX
13.1301,13.165,13.1301,13.165,400,2021-06-22 17:56:00,VOXX
13.195,13.195,13.195,13.195,200,2021-06-22 18:00:00,VOXX
13.195,13.23,13.17,13.17,300,2021-06-22 18:01:00,VOXX
13.2,13.2,13.2,13.2,303,2021-06-22 18:02:00,VOXX
13.23,13.23,13.205,13.205,200,2021-06-22 18:03:00,VOXX
13.25,13.25,13.25,13.25,101,2021-06-22 18:05:00,VOXX
13.25,13.25,13.235,13.235,350,2021-06-22 18:06:00,VOXX
13.22,13.25,13.22,13.25,600,2021-06-22 18:08:00,VOXX
13.215,13.215,13.215,13.215,300,2021-06-22 18:12:00,VOXX
13.2,13.2,13.2,13.2,500,2021-06-22 18:13:00,VOXX
13.18,13.25,13.18,13.25,400,2021-06-22 18:18:00,VOXX
13.215,13.215,13.215,13.215,100,2021-06-22 18:19:00,VOXX
13.18,13.18,13.18,13.18,100,2021-06-22 18:21:00,VOXX
13.22,13.22,13.22,13.22,100,2021-06-22 18:24:00,VOXX
13.22,13.27,13.21,13.27,2761,2021-06-22 18:29:00,VOXX
13.31,13.31,13.31,13.31,100,2021-06-22 18:32:00,VOXX
13.26,13.26,13.24,13.24,1400,2021-06-22 18:37:00,VOXX
13.19,13.2,13.19,13.2,200,2021-06-22 18:41:00,VOXX
13.1901,13.1901,13.1901,13.1901,100,2021-06-22 18:44:00,VOXX
13.225,13.225,13.225,13.225,100,2021-06-22 18:47:00,VOXX
13.19,13.22,13.19,13.22,1453,2021-06-22 18:51:00,VOXX
13.25,13.25,13.2,13.25,700,2021-06-22 19:01:00,VOXX
13.24,13.26,13.22,13.26,400,2021-06-22 19:02:00,VOXX
13.26,13.26,13.26,13.26,635,2021-06-22 19:05:00,VOXX
13.29,13.29,13.29,13.29,100,2021-06-22 19:07:00,VOXX
13.29,13.29,13.29,13.29,100,2021-06-22 19:12:00,VOXX
13.29,13.3,13.29,13.3,318,2021-06-22 19:13:00,VOXX
13.34,13.4011,13.34,13.4011,999,2021-06-22 19:18:00,VOXX
13.43,13.43,13.43,13.43,100,2021-06-22 19:22:00,VOXX
13.43,13.43,13.395,13.42,300,2021-06-22 19:23:00,VOXX
13.42,13.42,13.39,13.39,200,2021-06-22 19:27:00,VOXX
13.37,13.37,13.37,13.37,688,2021-06-22 19:28:00,VOXX
13.36,13.36,13.36,13.36,300,2021-06-22 19:29:00,VOXX
13.34,13.34,13.34,13.34,200,2021-06-22 19:30:00,VOXX
13.3,13.3,13.3,13.3,100,2021-06-22 19:31:00,VOXX
13.315,13.315,13.315,13.315,100,2021-06-22 19:33:00,VOXX
13.31,13.34,13.31,13.34,250,2021-06-22 19:35:00,VOXX
13.29,13.29,13.28,13.29,500,2021-06-22 19:38:00,VOXX
13.31,13.33,13.31,13.33,327,2021-06-22 19:39:00,VOXX
13.3462,13.3462,13.3462,13.3462,300,2021-06-22 19:40:00,VOXX
13.33,13.34,13.33,13.34,488,2021-06-22 19:42:00,VOXX
13.32,13.32,13.32,13.32,100,2021-06-22 19:44:00,VOXX
13.33,13.34,13.32,13.34,500,2021-06-22 19:45:00,VOXX
13.36,13.36,13.36,13.36,100,2021-06-22 19:47:00,VOXX
13.33,13.33,13.33,13.33,100,2021-06-22 19:48:00,VOXX
13.33,13.33,13.33,13.33,100,2021-06-22 19:49:00,VOXX
13.33,13.34,13.33,13.34,600,2021-06-22 19:50:00,VOXX
13.3372,13.3391,13.3372,13.3391,850,2021-06-22 19:51:00,VOXX
13.36,13.37,13.35,13.35,1900,2021-06-22 19:52:00,VOXX
13.38,13.38,13.35,13.365,300,2021-06-22 19:53:00,VOXX
13.36,13.38,13.36,13.38,431,2021-06-22 19:54:00,VOXX
13.38,13.38,13.34,13.36,2067,2021-06-22 19:55:00,VOXX
13.36,13.36,13.36,13.36,100,2021-06-22 19:56:00,VOXX
13.38,13.38,13.36,13.37,500,2021-06-22 19:57:00,VOXX
13.37,13.37,13.34,13.34,1000,2021-06-22 19:58:00,VOXX
13.34,13.38,13.34,13.36,1160,2021-06-22 19:59:00,VOXX
13.37,13.37,13.37,13.37,7607,2021-06-22 20:00:00,VOXX
13.37,13.37,13.37,13.37,480,2021-06-22 21:06:00,VOXX
13.45,13.45,13.45,13.45,616,2021-06-23 13:30:00,VOXX
13.4592,13.4592,13.4,13.4,249,2021-06-23 13:32:00,VOXX
13.5357,13.5357,13.5357,13.5357,300,2021-06-23 13:35:00,VOXX
13.485,13.485,13.48,13.48,349,2021-06-23 13:43:00,VOXX
13.55,13.6,13.55,13.56,1300,2021-06-23 13:45:00,VOXX
13.55,13.55,13.55,13.55,100,2021-06-23 13:47:00,VOXX
13.53,13.57,13.53,13.57,200,2021-06-23 13:51:00,VOXX
13.5,13.5,13.5,13.5,1327,2021-06-23 13:52:00,VOXX
13.44,13.44,13.44,13.44,200,2021-06-23 13:53:00,VOXX
13.4,13.48,13.4,13.48,200,2021-06-23 13:54:00,VOXX
13.4,13.4,13.4,13.4,400,2021-06-23 13:57:00,VOXX
13.39,13.39,13.38,13.38,200,2021-06-23 13:58:00,VOXX
13.4324,13.4324,13.4324,13.4324,366,2021-06-23 13:59:00,VOXX
13.39,13.39,13.39,13.39,100,2021-06-23 14:00:00,VOXX
13.39,13.39,13.39,13.39,100,2021-06-23 14:01:00,VOXX
13.405,13.405,13.405,13.405,500,2021-06-23 14:04:00,VOXX
13.45,13.45,13.45,13.45,100,2021-06-23 14:05:00,VOXX
13.48,13.58,13.48,13.54,5657,2021-06-23 14:06:00,VOXX
13.505,13.505,13.505,13.505,1349,2021-06-23 14:07:00,VOXX
13.49,13.49,13.49,13.49,1500,2021-06-23 14:10:00,VOXX
13.51,13.535,13.46,13.4936,10167,2021-06-23 14:13:00,VOXX
13.53,13.53,13.53,13.53,200,2021-06-23 14:17:00,VOXX
13.43,13.43,13.42,13.42,200,2021-06-23 14:19:00,VOXX
13.43,13.53,13.43,13.53,200,2021-06-23 14:22:00,VOXX
13.46,13.54,13.46,13.54,400,2021-06-23 14:24:00,VOXX
13.58,13.62,13.58,13.62,200,2021-06-23 14:27:00,VOXX
13.62,13.62,13.62,13.62,250,2021-06-23 14:28:00,VOXX
13.62,13.62,13.62,13.62,100,2021-06-23 14:30:00,VOXX
13.67,13.67,13.61,13.61,200,2021-06-23 14:32:00,VOXX
13.61,13.61,13.61,13.61,100,2021-06-23 14:34:00,VOXX
13.58,13.595,13.58,13.595,500,2021-06-23 14:35:00,VOXX
13.61,13.61,13.61,13.61,119,2021-06-23 14:36:00,VOXX
13.6899,13.6899,13.665,13.665,500,2021-06-23 14:37:00,VOXX
13.69,13.705,13.69,13.705,399,2021-06-23 14:38:00,VOXX
13.73,13.73,13.73,13.73,100,2021-06-23 14:43:00,VOXX
13.66,13.66,13.63,13.64,1595,2021-06-23 14:47:00,VOXX
13.6691,13.6691,13.6691,13.6691,200,2021-06-23 14:48:00,VOXX
13.61,13.61,13.6,13.6,300,2021-06-23 14:53:00,VOXX
13.62,13.62,13.62,13.62,100,2021-06-23 14:55:00,VOXX
13.58,13.58,13.58,13.58,100,2021-06-23 15:00:00,VOXX
13.6,13.6,13.54,13.54,400,2021-06-23 15:03:00,VOXX
13.53,13.53,13.53,13.53,100,2021-06-23 15:06:00,VOXX
13.54,13.54,13.54,13.54,100,2021-06-23 15:08:00,VOXX
13.57,13.57,13.57,13.57,100,2021-06-23 15:11:00,VOXX
13.61,13.61,13.61,13.61,499,2021-06-23 15:12:00,VOXX
13.67,13.67,13.67,13.67,100,2021-06-23 15:13:00,VOXX
13.635,13.635,13.635,13.635,100,2021-06-23 15:17:00,VOXX
13.61,13.61,13.61,13.61,100,2021-06-23 15:21:00,VOXX
13.635,13.635,13.635,13.635,100,2021-06-23 15:23:00,VOXX
13.7088,13.7088,13.7088,13.7088,905,2021-06-23 15:25:00,VOXX
13.635,13.635,13.635,13.635,100,2021-06-23 15:27:00,VOXX
13.64,13.655,13.61,13.61,300,2021-06-23 15:30:00,VOXX
13.6,13.63,13.6,13.6,400,2021-06-23 15:34:00,VOXX
13.6,13.6,13.6,13.6,100,2021-06-23 15:38:00,VOXX
13.65,13.65,13.65,13.65,100,2021-06-23 15:41:00,VOXX
13.65,13.7,13.65,13.7,859,2021-06-23 15:44:00,VOXX
13.72,13.75,13.72,13.75,440,2021-06-23 15:45:00,VOXX
13.76,13.76,13.76,13.76,100,2021-06-23 15:46:00,VOXX
13.72,13.72,13.71,13.71,200,2021-06-23 15:55:00,VOXX
13.68,13.68,13.68,13.68,100,2021-06-23 15:59:00,VOXX
13.705,13.705,13.705,13.705,100,2021-06-23 16:00:00,VOXX
13.68,13.73,13.68,13.73,200,2021-06-23 16:09:00,VOXX
13.73,13.73,13.72,13.72,300,2021-06-23 16:12:00,VOXX
13.73,13.73,13.73,13.73,100,2021-06-23 16:19:00,VOXX
13.75,13.75,13.72,13.72,200,2021-06-23 16:21:00,VOXX
13.76,13.76,13.75,13.75,200,2021-06-23 16:22:00,VOXX
13.75,13.75,13.75,13.75,100,2021-06-23 16:25:00,VOXX
13.77,13.77,13.73,13.73,676,2021-06-23 16:32:00,VOXX
13.72,13.72,13.72,13.72,100,2021-06-23 16:36:00,VOXX
13.71,13.71,13.71,13.71,400,2021-06-23 16:38:00,VOXX
13.69,13.69,13.69,13.69,100,2021-06-23 16:39:00,VOXX
13.7,13.7,13.68,13.68,200,2021-06-23 16:40:00,VOXX
13.74,13.74,13.69,13.73,300,2021-06-23 16:41:00,VOXX
13.725,13.725,13.725,13.725,100,2021-06-23 16:42:00,VOXX
13.68,13.68,13.68,13.68,230,2021-06-23 16:44:00,VOXX
13.78,13.78,13.78,13.78,1000,2021-06-23 16:51:00,VOXX
13.71,13.71,13.7,13.7,300,2021-06-23 16:56:00,VOXX
13.66,13.66,13.66,13.66,100,2021-06-23 17:01:00,VOXX
13.66,13.66,13.66,13.66,100,2021-06-23 17:02:00,VOXX
13.67,13.67,13.67,13.67,100,2021-06-23 17:08:00,VOXX
13.67,13.67,13.67,13.67,200,2021-06-23 17:13:00,VOXX
13.67,13.67,13.67,13.67,100,2021-06-23 17:14:00,VOXX
13.71,13.75,13.71,13.75,1102,2021-06-23 17:16:00,VOXX
13.76,13.76,13.76,13.76,217,2021-06-23 17:20:00,VOXX
13.775,13.775,13.775,13.775,100,2021-06-23 17:25:00,VOXX
13.785,13.785,13.785,13.785,100,2021-06-23 17:30:00,VOXX
13.76,13.76,13.76,13.76,100,2021-06-23 17:34:00,VOXX
13.77,13.77,13.77,13.77,100,2021-06-23 17:39:00,VOXX
13.77,13.77,13.77,13.77,100,2021-06-23 17:40:00,VOXX
13.77,13.77,13.77,13.77,300,2021-06-23 17:43:00,VOXX
13.7772,13.7772,13.7772,13.7772,800,2021-06-23 17:50:00,VOXX
13.8,13.8,13.8,13.8,100,2021-06-23 17:51:00,VOXX
13.76,13.76,13.76,13.76,100,2021-06-23 17:52:00,VOXX
13.82,13.82,13.82,13.82,100,2021-06-23 17:53:00,VOXX
13.8,13.8,13.8,13.8,100,2021-06-23 17:54:00,VOXX
13.78,13.78,13.78,13.78,100,2021-06-23 17:55:00,VOXX
13.786,13.786,13.76,13.76,350,2021-06-23 17:59:00,VOXX
13.76,13.76,13.76,13.76,100,2021-06-23 18:01:00,VOXX
13.75,13.76,13.75,13.76,200,2021-06-23 18:02:00,VOXX
13.75,13.75,13.75,13.75,100,2021-06-23 18:03:00,VOXX
13.745,13.745,13.745,13.745,230,2021-06-23 18:05:00,VOXX
13.745,13.745,13.73,13.73,200,2021-06-23 18:08:00,VOXX
13.73,13.73,13.69,13.69,200,2021-06-23 18:16:00,VOXX
13.735,13.735,13.735,13.735,100,2021-06-23 18:17:00,VOXX
13.7084,13.7084,13.66,13.66,700,2021-06-23 18:22:00,VOXX
13.66,13.66,13.66,13.66,100,2021-06-23 18:27:00,VOXX
13.66,13.73,13.66,13.73,3197,2021-06-23 18:28:00,VOXX
13.72,13.72,13.72,13.72,100,2021-06-23 18:29:00,VOXX
13.73,13.73,13.73,13.73,100,2021-06-23 18:30:00,VOXX
13.74,13.74,13.74,13.74,100,2021-06-23 18:32:00,VOXX
13.75,13.8,13.75,13.8,200,2021-06-23 18:33:00,VOXX
13.74,13.74,13.74,13.74,100,2021-06-23 18:34:00,VOXX
13.7,13.7,13.7,13.7,100,2021-06-23 18:38:00,VOXX
13.735,13.77,13.71,13.77,400,2021-06-23 18:39:00,VOXX
13.8,13.8,13.7482,13.755,1100,2021-06-23 18:41:00,VOXX
13.75,13.75,13.75,13.75,200,2021-06-23 18:44:00,VOXX
13.75,13.75,13.73,13.75,701,2021-06-23 18:48:00,VOXX
13.73,13.73,13.73,13.73,100,2021-06-23 18:49:00,VOXX
13.77,13.77,13.77,13.77,100,2021-06-23 18:50:00,VOXX
13.73,13.73,13.73,13.73,100,2021-06-23 18:52:00,VOXX
13.73,13.73,13.73,13.73,200,2021-06-23 18:53:00,VOXX
13.73,13.73,13.73,13.73,100,2021-06-23 18:54:00,VOXX
13.755,13.755,13.755,13.755,100,2021-06-23 18:57:00,VOXX
13.73,13.73,13.73,13.73,100,2021-06-23 18:58:00,VOXX
13.76,13.77,13.75,13.765,400,2021-06-23 19:02:00,VOXX
13.73,13.73,13.73,13.73,100,2021-06-23 19:09:00,VOXX
13.72,13.73,13.72,13.72,446,2021-06-23 19:15:00,VOXX
13.72,13.72,13.72,13.72,200,2021-06-23 19:18:00,VOXX
13.71,13.76,13.71,13.76,900,2021-06-23 19:20:00,VOXX
13.78,13.82,13.78,13.82,200,2021-06-23 19:26:00,VOXX
13.75,13.75,13.75,13.75,100,2021-06-23 19:29:00,VOXX
13.79,13.79,13.79,13.79,200,2021-06-23 19:30:00,VOXX
13.76,13.76,13.76,13.76,100,2021-06-23 19:32:00,VOXX
13.76,13.79,13.76,13.76,300,2021-06-23 19:34:00,VOXX
13.76,13.76,13.75,13.75,200,2021-06-23 19:35:00,VOXX
13.76,13.77,13.76,13.77,200,2021-06-23 19:38:00,VOXX
13.74,13.755,13.74,13.755,200,2021-06-23 19:39:00,VOXX
13.78,13.78,13.755,13.755,200,2021-06-23 19:41:00,VOXX
13.7301,13.7301,13.7301,13.7301,330,2021-06-23 19:42:00,VOXX
13.73,13.73,13.73,13.73,300,2021-06-23 19:43:00,VOXX
13.73,13.75,13.725,13.75,600,2021-06-23 19:44:00,VOXX
13.75,13.75,13.725,13.725,300,2021-06-23 19:45:00,VOXX
13.76,13.76,13.76,13.76,200,2021-06-23 19:46:00,VOXX
13.725,13.75,13.725,13.75,510,2021-06-23 19:47:00,VOXX
13.745,13.75,13.745,13.75,318,2021-06-23 19:48:00,VOXX
13.73,13.73,13.71,13.71,200,2021-06-23 19:50:00,VOXX
13.7,13.7,13.69,13.69,489,2021-06-23 19:51:00,VOXX
13.66,13.66,13.66,13.66,100,2021-06-23 19:53:00,VOXX
13.68,13.71,13.68,13.71,600,2021-06-23 19:54:00,VOXX
13.69,13.69,13.69,13.69,200,2021-06-23 19:55:00,VOXX
13.69,13.73,13.69,13.73,800,2021-06-23 19:56:00,VOXX
13.73,13.73,13.68,13.68,1130,2021-06-23 19:57:00,VOXX
13.67,13.7,13.67,13.675,1406,2021-06-23 19:58:00,VOXX
13.7,13.75,13.695,13.7,1784,2021-06-23 19:59:00,VOXX
13.68,13.68,13.68,13.68,14160,2021-06-23 20:00:00,VOXX
13.68,13.68,13.68,13.68,3654,2021-06-23 20:01:00,VOXX
13.67,13.67,13.67,13.67,100,2021-06-23 22:03:00,VOXX
13.67,13.67,13.67,13.67,500,2021-06-23 22:25:00,VOXX
13.8,13.8,13.7349,13.7349,1760,2021-06-24 13:30:00,VOXX
13.74,13.83,13.74,13.83,2600,2021-06-24 13:33:00,VOXX
13.71,13.75,13.71,13.75,200,2021-06-24 13:36:00,VOXX
13.69,13.73,13.69,13.73,200,2021-06-24 13:42:00,VOXX
13.69,13.69,13.655,13.655,1700,2021-06-24 13:43:00,VOXX
13.6525,13.6525,13.6525,13.6525,100,2021-06-24 13:44:00,VOXX
13.59,13.655,13.59,13.655,500,2021-06-24 13:48:00,VOXX
13.74,13.74,13.57,13.57,1950,2021-06-24 13:49:00,VOXX
13.72,13.72,13.62,13.62,200,2021-06-24 13:51:00,VOXX
13.675,13.675,13.675,13.675,100,2021-06-24 13:52:00,VOXX
13.62,13.62,13.61,13.61,335,2021-06-24 13:54:00,VOXX
13.62,13.62,13.61,13.61,200,2021-06-24 13:55:00,VOXX
13.53,13.53,13.53,13.53,100,2021-06-24 13:57:00,VOXX
13.52,13.55,13.51,13.55,697,2021-06-24 13:59:00,VOXX
13.54,13.54,13.54,13.54,200,2021-06-24 14:02:00,VOXX
13.58,13.59,13.58,13.59,300,2021-06-24 14:05:00,VOXX
13.6263,13.65,13.6263,13.65,200,2021-06-24 14:07:00,VOXX
13.55,13.55,13.55,13.55,100,2021-06-24 14:08:00,VOXX
13.69,13.69,13.69,13.69,271,2021-06-24 14:11:00,VOXX
13.59,13.59,13.59,13.59,100,2021-06-24 14:14:00,VOXX
13.58,13.59,13.53,13.53,500,2021-06-24 14:15:00,VOXX
13.5,13.5,13.5,13.5,278,2021-06-24 14:16:00,VOXX
13.49,13.49,13.49,13.49,100,2021-06-24 14:17:00,VOXX
13.5,13.5,13.5,13.5,100,2021-06-24 14:19:00,VOXX
13.5,13.5,13.49,13.49,200,2021-06-24 14:20:00,VOXX
13.5,13.5,13.5,13.5,100,2021-06-24 14:21:00,VOXX
13.461,13.51,13.4412,13.485,4293,2021-06-24 14:23:00,VOXX
13.4367,13.455,13.4367,13.455,2100,2021-06-24 14:24:00,VOXX
13.455,13.455,13.455,13.455,200,2021-06-24 14:25:00,VOXX
13.46,13.46,13.46,13.46,200,2021-06-24 14:26:00,VOXX
13.455,13.455,13.455,13.455,100,2021-06-24 14:27:00,VOXX
13.52,13.63,13.52,13.63,1500,2021-06-24 14:30:00,VOXX
13.59,13.59,13.59,13.59,200,2021-06-24 14:31:00,VOXX
13.59,13.59,13.59,13.59,200,2021-06-24 14:32:00,VOXX
13.64,13.64,13.64,13.64,100,2021-06-24 14:34:00,VOXX
13.655,13.655,13.655,13.655,1000,2021-06-24 14:35:00,VOXX
13.69,13.69,13.69,13.69,100,2021-06-24 14:37:00,VOXX
13.66,13.66,13.66,13.66,100,2021-06-24 14:38:00,VOXX
13.665,13.665,13.665,13.665,100,2021-06-24 14:39:00,VOXX
13.665,13.665,13.665,13.665,100,2021-06-24 14:41:00,VOXX
13.665,13.665,13.63,13.63,300,2021-06-24 14:42:00,VOXX
13.5701,13.5701,13.5701,13.5701,300,2021-06-24 14:44:00,VOXX
13.64,13.64,13.64,13.64,100,2021-06-24 14:47:00,VOXX
13.63,13.63,13.63,13.63,200,2021-06-24 14:48:00,VOXX
13.67,13.67,13.67,13.67,100,2021-06-24 14:49:00,VOXX
13.595,13.595,13.595,13.595,100,2021-06-24 14:54:00,VOXX
13.6,13.6,13.575,13.575,400,2021-06-24 14:56:00,VOXX
13.62,13.65,13.62,13.65,400,2021-06-24 14:57:00,VOXX
13.645,13.645,13.645,13.645,100,2021-06-24 14:58:00,VOXX
13.72,13.72,13.6938,13.6938,200,2021-06-24 15:02:00,VOXX
13.71,13.71,13.71,13.71,100,2021-06-24 15:08:00,VOXX
13.71,13.71,13.71,13.71,100,2021-06-24 15:11:00,VOXX
13.7,13.7,13.67,13.67,400,2021-06-24 15:13:00,VOXX
13.675,13.675,13.675,13.675,100,2021-06-24 15:20:00,VOXX
13.64,13.64,13.64,13.64,100,2021-06-24 15:25:00,VOXX
13.67,13.685,13.67,13.67,300,2021-06-24 15:28:00,VOXX
13.705,13.705,13.705,13.705,500,2021-06-24 15:31:00,VOXX
13.73,13.73,13.73,13.73,100,2021-06-24 15:33:00,VOXX
13.7,13.72,13.67,13.71,600,2021-06-24 15:34:00,VOXX
13.72,13.72,13.72,13.72,100,2021-06-24 15:42:00,VOXX
13.71,13.71,13.71,13.71,355,2021-06-24 15:43:00,VOXX
13.7,13.7,13.7,13.7,1100,2021-06-24 15:45:00,VOXX
13.7,13.7,13.7,13.7,100,2021-06-24 15:48:00,VOXX
13.69,13.69,13.69,13.69,500,2021-06-24 15:56:00,VOXX
13.72,13.72,13.72,13.72,270,2021-06-24 15:57:00,VOXX
13.69,13.69,13.69,13.69,300,2021-06-24 16:10:00,VOXX
13.68,13.75,13.68,13.715,700,2021-06-24 16:15:00,VOXX
13.71,13.71,13.71,13.71,100,2021-06-24 16:17:00,VOXX
13.73,13.73,13.72,13.72,200,2021-06-24 16:25:00,VOXX
13.73,13.765,13.73,13.765,200,2021-06-24 16:26:00,VOXX
13.74,13.74,13.74,13.74,100,2021-06-24 16:28:00,VOXX
13.795,13.795,13.795,13.795,100,2021-06-24 16:29:00,VOXX
13.74,13.74,13.74,13.74,200,2021-06-24 16:33:00,VOXX
13.73,13.73,13.73,13.73,100,2021-06-24 16:34:00,VOXX
13.74,13.74,13.74,13.74,364,2021-06-24 16:39:00,VOXX
13.77,13.82,13.77,13.82,400,2021-06-24 16:41:00,VOXX
13.79,13.79,13.79,13.79,100,2021-06-24 16:42:00,VOXX
13.82,13.82,13.82,13.82,100,2021-06-24 16:47:00,VOXX
13.815,13.815,13.815,13.815,100,2021-06-24 16:48:00,VOXX
13.8175,13.8175,13.8,13.8,300,2021-06-24 16:50:00,VOXX
13.795,13.795,13.795,13.795,100,2021-06-24 16:52:00,VOXX
13.78,13.78,13.78,13.78,401,2021-06-24 16:53:00,VOXX
13.795,13.795,13.795,13.795,100,2021-06-24 16:54:00,VOXX
13.79,13.79,13.79,13.79,100,2021-06-24 16:59:00,VOXX
13.835,13.85,13.83,13.85,400,2021-06-24 17:05:00,VOXX
13.88,13.88,13.88,13.88,100,2021-06-24 17:07:00,VOXX
13.865,13.89,13.86,13.86,300,2021-06-24 17:08:00,VOXX
13.82,13.82,13.82,13.82,100,2021-06-24 17:10:00,VOXX
13.8359,13.8359,13.8359,13.8359,200,2021-06-24 17:14:00,VOXX
13.82,13.84,13.82,13.84,300,2021-06-24 17:19:00,VOXX
13.82,13.82,13.82,13.82,100,2021-06-24 17:20:00,VOXX
13.83,13.83,13.83,13.83,100,2021-06-24 17:21:00,VOXX
13.83,13.84,13.83,13.84,300,2021-06-24 17:24:00,VOXX
13.8809,13.8809,13.8809,13.8809,1000,2021-06-24 17:25:00,VOXX
13.865,13.9,13.865,13.9,300,2021-06-24 17:27:00,VOXX
13.875,13.875,13.875,13.875,100,2021-06-24 17:29:00,VOXX
13.88,13.88,13.87,13.87,200,2021-06-24 17:32:00,VOXX
13.9,13.9,13.9,13.9,100,2021-06-24 17:34:00,VOXX
13.86,13.86,13.86,13.86,300,2021-06-24 17:35:00,VOXX
13.855,13.855,13.855,13.855,100,2021-06-24 17:38:00,VOXX
13.855,13.855,13.855,13.855,100,2021-06-24 17:41:00,VOXX
13.85,13.85,13.85,13.85,100,2021-06-24 17:43:00,VOXX
13.87,13.87,13.87,13.87,100,2021-06-24 17:47:00,VOXX
13.85,13.85,13.85,13.85,200,2021-06-24 17:48:00,VOXX
13.87,13.87,13.86,13.86,327,2021-06-24 17:51:00,VOXX
13.89,13.89,13.89,13.89,100,2021-06-24 17:53:00,VOXX
13.8994,13.8994,13.8994,13.8994,100,2021-06-24 17:54:00,VOXX
13.89,13.89,13.89,13.89,100,2021-06-24 17:56:00,VOXX
13.9,13.93,13.9,13.925,500,2021-06-24 18:00:00,VOXX
13.92,13.96,13.92,13.96,300,2021-06-24 18:02:00,VOXX
13.935,13.935,13.935,13.935,100,2021-06-24 18:04:00,VOXX
13.92,13.94,13.92,13.94,200,2021-06-24 18:05:00,VOXX
13.9394,13.9394,13.9394,13.9394,100,2021-06-24 18:06:00,VOXX
13.94,13.94,13.91,13.91,200,2021-06-24 18:07:00,VOXX
13.92,13.92,13.92,13.92,100,2021-06-24 18:08:00,VOXX
13.93,13.93,13.93,13.93,100,2021-06-24 18:09:00,VOXX
13.93,13.94,13.93,13.94,200,2021-06-24 18:11:00,VOXX
13.935,13.935,13.935,13.935,100,2021-06-24 18:12:00,VOXX
13.95,13.95,13.95,13.95,100,2021-06-24 18:13:00,VOXX
13.9481,13.9481,13.9481,13.9481,1000,2021-06-24 18:16:00,VOXX
13.94,13.95,13.94,13.95,400,2021-06-24 18:18:00,VOXX
13.9694,13.9694,13.9694,13.9694,100,2021-06-24 18:19:00,VOXX
13.9699,14.0,13.9699,14.0,500,2021-06-24 18:20:00,VOXX
13.99,13.99,13.99,13.99,100,2021-06-24 18:22:00,VOXX
13.98,13.98,13.96,13.96,500,2021-06-24 18:23:00,VOXX
13.945,13.955,13.945,13.955,200,2021-06-24 18:27:00,VOXX
13.94,13.94,13.94,13.94,100,2021-06-24 18:28:00,VOXX
13.94,13.97,13.94,13.95,300,2021-06-24 18:29:00,VOXX
13.9992,13.9992,13.97,13.97,200,2021-06-24 18:31:00,VOXX
13.96,13.96,13.94,13.94,802,2021-06-24 18:34:00,VOXX
13.94,13.94,13.94,13.94,100,2021-06-24 18:36:00,VOXX
13.93,13.93,13.93,13.93,100,2021-06-24 18:37:00,VOXX
13.93,13.93,13.93,13.93,500,2021-06-24 18:38:00,VOXX
13.93,13.93,13.91,13.93,946,2021-06-24 18:39:00,VOXX
13.915,13.915,13.915,13.915,100,2021-06-24 18:40:00,VOXX
13.89,13.905,13.89,13.905,300,2021-06-24 18:43:00,VOXX
13.9,13.9,13.9,13.9,198,2021-06-24 18:47:00,VOXX
13.94,13.94,13.88,13.88,400,2021-06-24 18:50:00,VOXX
13.88,13.895,13.86,13.86,300,2021-06-24 18:51:00,VOXX
13.86,13.86,13.86,13.86,100,2021-06-24 18:52:00,VOXX
13.855,13.855,13.855,13.855,100,2021-06-24 18:54:00,VOXX
13.87,13.88,13.85,13.85,400,2021-06-24 18:55:00,VOXX
13.88,13.88,13.8799,13.88,402,2021-06-24 18:56:00,VOXX
13.89,13.89,13.89,13.89,100,2021-06-24 18:58:00,VOXX
13.88,13.88,13.85,13.87,400,2021-06-24 18:59:00,VOXX
13.86,13.86,13.86,13.86,100,2021-06-24 19:01:00,VOXX
13.845,13.845,13.83,13.83,200,2021-06-24 19:06:00,VOXX
13.86,13.87,13.86,13.86,401,2021-06-24 19:07:00,VOXX
13.85,13.85,13.85,13.85,200,2021-06-24 19:17:00,VOXX
13.8788,13.8788,13.8788,13.8788,100,2021-06-24 19:18:00,VOXX
13.83,13.83,13.83,13.83,100,2021-06-24 19:20:00,VOXX
13.88,13.88,13.83,13.83,200,2021-06-24 19:21:00,VOXX
13.84,13.84,13.82,13.82,600,2021-06-24 19:22:00,VOXX
13.81,13.81,13.81,13.81,400,2021-06-24 19:24:00,VOXX
13.815,13.83,13.815,13.83,500,2021-06-24 19:25:00,VOXX
13.855,13.855,13.855,13.855,100,2021-06-24 19:26:00,VOXX
13.855,13.855,13.82,13.82,400,2021-06-24 19:29:00,VOXX
13.81,13.81,13.81,13.81,100,2021-06-24 19:31:00,VOXX
13.83,13.83,13.83,13.83,100,2021-06-24 19:32:00,VOXX
13.85,13.85,13.825,13.85,334,2021-06-24 19:34:00,VOXX
13.86,13.86,13.86,13.86,100,2021-06-24 19:35:00,VOXX
13.87,13.87,13.87,13.87,100,2021-06-24 19:37:00,VOXX
13.87,13.87,13.87,13.87,200,2021-06-24 19:38:00,VOXX
13.87,13.87,13.87,13.87,200,2021-06-24 19:40:00,VOXX
13.8892,13.89,13.87,13.89,400,2021-06-24 19:41:00,VOXX
13.87,13.87,13.87,13.87,100,2021-06-24 19:43:00,VOXX
13.89,13.89,13.87,13.87,200,2021-06-24 19:44:00,VOXX
13.87,13.89,13.87,13.89,600,2021-06-24 19:45:00,VOXX
13.9,13.9,13.885,13.885,400,2021-06-24 19:47:00,VOXX
13.892,13.9169,13.88,13.9169,1160,2021-06-24 19:48:00,VOXX
13.905,13.905,13.905,13.905,100,2021-06-24 19:49:00,VOXX
13.89,13.92,13.89,13.9,400,2021-06-24 19:50:00,VOXX
13.89,13.9,13.89,13.9,200,2021-06-24 19:51:00,VOXX
13.9,13.92,13.9,13.92,300,2021-06-24 19:52:00,VOXX
13.9,13.9,13.9,13.9,614,2021-06-24 19:53:00,VOXX
13.9,13.91,13.9,13.91,1503,2021-06-24 19:54:00,VOXX
13.925,13.93,13.92,13.925,800,2021-06-24 19:55:00,VOXX
13.925,13.93,13.925,13.93,604,2021-06-24 19:56:00,VOXX
13.93,13.94,13.93,13.935,800,2021-06-24 19:57:00,VOXX
13.94,13.94,13.94,13.94,900,2021-06-24 19:58:00,VOXX
13.93,14.0,13.91,13.96,5099,2021-06-24 19:59:00,VOXX
13.96,13.96,13.96,13.96,9104,2021-06-24 20:00:00,VOXX
14.0,14.0,13.89,13.9,1555,2021-06-25 13:30:00,VOXX
13.9,13.9,13.9,13.9,100,2021-06-25 13:31:00,VOXX
13.88,13.88,13.88,13.88,100,2021-06-25 13:36:00,VOXX
13.925,13.925,13.925,13.925,303,2021-06-25 13:39:00,VOXX
13.98,13.98,13.98,13.98,100,2021-06-25 13:40:00,VOXX
13.99,14.0,13.99,14.0,845,2021-06-25 13:41:00,VOXX
14.0466,14.0466,14.0466,14.0466,100,2021-06-25 13:42:00,VOXX
13.97,13.97,13.97,13.97,100,2021-06-25 13:47:00,VOXX
14.01,14.01,14.01,14.01,100,2021-06-25 13:51:00,VOXX
14.0015,14.0015,14.0015,14.0015,500,2021-06-25 13:52:00,VOXX
13.91,13.91,13.91,13.91,100,2021-06-25 13:56:00,VOXX
13.925,13.925,13.925,13.925,100,2021-06-25 13:57:00,VOXX
13.925,13.93,13.925,13.93,200,2021-06-25 13:59:00,VOXX
13.93,13.93,13.93,13.93,300,2021-06-25 14:01:00,VOXX
13.94,13.94,13.94,13.94,100,2021-06-25 14:03:00,VOXX
13.99,13.99,13.99,13.99,300,2021-06-25 14:04:00,VOXX
13.99,13.99,13.98,13.98,200,2021-06-25 14:07:00,VOXX
13.985,13.985,13.985,13.985,100,2021-06-25 14:08:00,VOXX
14.03,14.03,14.03,14.03,400,2021-06-25 14:09:00,VOXX
14.0,14.0,13.985,13.985,327,2021-06-25 14:13:00,VOXX
14.02,14.02,14.02,14.02,100,2021-06-25 14:14:00,VOXX
13.99,14.04,13.99,14.04,657,2021-06-25 14:15:00,VOXX
14.055,14.07,14.055,14.07,200,2021-06-25 14:17:00,VOXX
14.08,14.08,14.08,14.08,100,2021-06-25 14:18:00,VOXX
14.07,14.075,14.04,14.075,500,2021-06-25 14:26:00,VOXX
14.11,14.14,14.11,14.14,400,2021-06-25 14:30:00,VOXX
14.115,14.115,14.115,14.115,100,2021-06-25 14:31:00,VOXX
14.1,14.115,14.09,14.115,600,2021-06-25 14:36:00,VOXX
14.08,14.08,14.06,14.06,400,2021-06-25 14:39:00,VOXX
14.07,14.07,14.07,14.07,100,2021-06-25 14:41:00,VOXX
14.09,14.09,14.09,14.09,300,2021-06-25 14:47:00,VOXX
14.115,14.115,14.115,14.115,100,2021-06-25 14:50:00,VOXX
14.14,14.14,14.14,14.14,100,2021-06-25 14:51:00,VOXX
14.14,14.14,14.14,14.14,100,2021-06-25 14:54:00,VOXX
14.16,14.16,14.16,14.16,715,2021-06-25 14:56:00,VOXX
14.13,14.13,14.13,14.13,100,2021-06-25 14:58:00,VOXX
14.115,14.115,14.115,14.115,100,2021-06-25 15:01:00,VOXX
14.12,14.12,14.12,14.12,100,2021-06-25 15:05:00,VOXX
14.1344,14.1344,14.1344,14.1344,176,2021-06-25 15:08:00,VOXX
14.135,14.135,14.135,14.135,100,2021-06-25 15:09:00,VOXX
14.14,14.14,14.14,14.14,100,2021-06-25 15:11:00,VOXX
14.15,14.16,14.15,14.16,200,2021-06-25 15:12:00,VOXX
14.14,14.15,14.14,14.14,300,2021-06-25 15:16:00,VOXX
14.16,14.16,14.1401,14.1401,450,2021-06-25 15:18:00,VOXX
14.14,14.14,14.14,14.14,526,2021-06-25 15:20:00,VOXX
14.135,14.135,14.135,14.135,100,2021-06-25 15:24:00,VOXX
14.16,14.17,14.16,14.17,314,2021-06-25 15:31:00,VOXX
14.17,14.17,14.17,14.17,100,2021-06-25 15:32:00,VOXX
14.175,14.19,14.175,14.19,200,2021-06-25 15:35:00,VOXX
14.19,14.19,14.19,14.19,150,2021-06-25 15:39:00,VOXX
14.1968,14.1968,14.1968,14.1968,300,2021-06-25 15:44:00,VOXX
14.19,14.19,14.19,14.19,100,2021-06-25 15:46:00,VOXX
14.19,14.19,14.18,14.18,300,2021-06-25 15:48:00,VOXX
14.195,14.195,14.195,14.195,100,2021-06-25 15:49:00,VOXX
14.195,14.195,14.195,14.195,100,2021-06-25 15:50:00,VOXX
14.18,14.18,14.18,14.18,100,2021-06-25 15:52:00,VOXX
14.18,14.18,14.16,14.16,481,2021-06-25 15:57:00,VOXX
14.1443,14.1443,14.1443,14.1443,1000,2021-06-25 16:01:00,VOXX
14.11,14.11,14.11,14.11,100,2021-06-25 16:04:00,VOXX
14.17,14.17,14.13,14.13,200,2021-06-25 16:06:00,VOXX
14.15,14.15,14.15,14.15,100,2021-06-25 16:08:00,VOXX
14.13,14.13,14.13,14.13,200,2021-06-25 16:09:00,VOXX
14.095,14.095,14.07,14.07,200,2021-06-25 16:13:00,VOXX
14.085,14.085,14.085,14.085,100,2021-06-25 16:20:00,VOXX
14.07,14.07,14.055,14.055,900,2021-06-25 16:23:00,VOXX
14.03,14.03,14.03,14.03,100,2021-06-25 16:24:00,VOXX
14.045,14.045,14.03,14.03,200,2021-06-25 16:25:00,VOXX
14.02,14.02,14.02,14.02,100,2021-06-25 16:26:00,VOXX
14.0,14.0,14.0,14.0,500,2021-06-25 16:29:00,VOXX
13.96,13.96,13.95,13.95,300,2021-06-25 16:32:00,VOXX
13.97,13.97,13.97,13.97,100,2021-06-25 16:33:00,VOXX
13.95,13.95,13.95,13.95,100,2021-06-25 16:34:00,VOXX
13.945,13.945,13.945,13.945,100,2021-06-25 16:36:00,VOXX
13.97,13.975,13.97,13.975,200,2021-06-25 16:37:00,VOXX
13.965,13.965,13.965,13.965,200,2021-06-25 16:39:00,VOXX
13.94,13.94,13.94,13.94,100,2021-06-25 16:46:00,VOXX
13.92,13.93,13.92,13.93,200,2021-06-25 16:48:00,VOXX
13.92,13.92,13.92,13.92,600,2021-06-25 16:49:00,VOXX
13.92,13.92,13.92,13.92,100,2021-06-25 16:50:00,VOXX
13.93,13.93,13.93,13.93,200,2021-06-25 16:54:00,VOXX
13.94,13.95,13.92,13.94,900,2021-06-25 16:55:00,VOXX
13.98,13.98,13.98,13.98,100,2021-06-25 17:02:00,VOXX
13.96,13.96,13.96,13.96,339,2021-06-25 17:04:00,VOXX
13.95,13.955,13.95,13.955,400,2021-06-25 17:05:00,VOXX
13.94,13.94,13.94,13.94,100,2021-06-25 17:12:00,VOXX
13.92,13.92,13.92,13.92,100,2021-06-25 17:20:00,VOXX
13.92,13.93,13.91,13.91,477,2021-06-25 17:23:00,VOXX
13.92,13.92,13.92,13.92,100,2021-06-25 17:29:00,VOXX
13.9,13.9,13.89,13.89,700,2021-06-25 17:31:00,VOXX
13.9,13.9,13.9,13.9,100,2021-06-25 17:34:00,VOXX
13.885,13.885,13.885,13.885,100,2021-06-25 17:35:00,VOXX
13.85,13.85,13.85,13.85,500,2021-06-25 17:39:00,VOXX
13.87,13.87,13.87,13.87,101,2021-06-25 17:43:00,VOXX
13.875,13.875,13.875,13.875,100,2021-06-25 17:44:00,VOXX
13.86,13.86,13.85,13.85,200,2021-06-25 17:49:00,VOXX
13.86,13.87,13.86,13.87,300,2021-06-25 17:51:00,VOXX
13.86,13.86,13.86,13.86,100,2021-06-25 17:52:00,VOXX
13.87,13.88,13.87,13.875,1100,2021-06-25 18:04:00,VOXX
13.905,13.93,13.905,13.93,200,2021-06-25 18:05:00,VOXX
13.94,13.95,13.94,13.95,300,2021-06-25 18:12:00,VOXX
13.95,13.95,13.95,13.95,200,2021-06-25 18:13:00,VOXX
13.94,13.94,13.94,13.94,100,2021-06-25 18:15:00,VOXX
13.93,13.955,13.93,13.955,500,2021-06-25 18:17:00,VOXX
13.96,13.96,13.96,13.96,200,2021-06-25 18:23:00,VOXX
13.95,13.95,13.95,13.95,100,2021-06-25 18:25:00,VOXX
13.95,13.95,13.95,13.95,100,2021-06-25 18:29:00,VOXX
13.95,13.95,13.95,13.95,100,2021-06-25 18:30:00,VOXX
13.93,13.95,13.93,13.95,200,2021-06-25 18:33:00,VOXX
13.96,13.97,13.96,13.97,1385,2021-06-25 18:34:00,VOXX
14.02,14.02,14.02,14.02,100,2021-06-25 18:38:00,VOXX
14.04,14.04,14.04,14.04,100,2021-06-25 18:39:00,VOXX
14.04,14.04,14.04,14.04,100,2021-06-25 18:40:00,VOXX
14.05,14.05,14.05,14.05,100,2021-06-25 18:46:00,VOXX
14.04,14.04,14.03,14.03,400,2021-06-25 18:47:00,VOXX
14.02,14.02,14.02,14.02,498,2021-06-25 18:48:00,VOXX
14.02,14.0245,14.02,14.02,700,2021-06-25 18:50:00,VOXX
14.02,14.05,14.02,14.05,300,2021-06-25 18:51:00,VOXX
14.035,14.035,14.03,14.03,355,2021-06-25 18:52:00,VOXX
14.05,14.05,14.05,14.05,200,2021-06-25 18:53:00,VOXX
14.035,14.035,14.035,14.035,100,2021-06-25 18:58:00,VOXX
14.06,14.06,14.03,14.03,500,2021-06-25 18:59:00,VOXX
14.05,14.05,14.05,14.05,100,2021-06-25 19:03:00,VOXX
14.045,14.045,14.045,14.045,100,2021-06-25 19:07:00,VOXX
14.06,14.06,14.06,14.06,199,2021-06-25 19:10:00,VOXX
14.05,14.05,14.05,14.05,100,2021-06-25 19:12:00,VOXX
14.06,14.06,14.02,14.02,1000,2021-06-25 19:21:00,VOXX
14.035,14.035,14.035,14.035,300,2021-06-25 19:24:00,VOXX
14.04,14.05,14.04,14.05,400,2021-06-25 19:26:00,VOXX
14.05,14.07,14.05,14.07,800,2021-06-25 19:29:00,VOXX
14.075,14.075,14.075,14.075,100,2021-06-25 19:30:00,VOXX
14.05,14.05,14.05,14.05,400,2021-06-25 19:32:00,VOXX
14.05,14.05,14.04,14.05,500,2021-06-25 19:34:00,VOXX
14.04,14.04,14.03,14.03,200,2021-06-25 19:35:00,VOXX
14.04,14.04,14.04,14.04,548,2021-06-25 19:36:00,VOXX
14.06,14.06,14.04,14.04,700,2021-06-25 19:39:00,VOXX
14.04,14.04,14.04,14.04,500,2021-06-25 19:40:00,VOXX
14.045,14.045,14.045,14.045,200,2021-06-25 19:41:00,VOXX
14.045,14.045,14.04,14.04,600,2021-06-25 19:42:00,VOXX
14.05,14.05,14.05,14.05,100,2021-06-25 19:43:00,VOXX
14.05,14.05,14.05,14.05,400,2021-06-25 19:44:00,VOXX
14.065,14.065,14.065,14.065,300,2021-06-25 19:47:00,VOXX
14.065,14.065,14.05,14.05,511,2021-06-25 19:48:00,VOXX
14.04,14.04,14.04,14.04,300,2021-06-25 19:49:00,VOXX
14.035,14.035,14.01,14.01,800,2021-06-25 19:50:00,VOXX
14.0,14.0,13.98,13.99,600,2021-06-25 19:51:00,VOXX
13.97,14.02,13.96,13.97,2805,2021-06-25 19:52:00,VOXX
13.95,13.95,13.93,13.93,1200,2021-06-25 19:53:00,VOXX
13.95,13.99,13.87,13.93,7629,2021-06-25 19:54:00,VOXX
13.905,13.93,13.89,13.93,300,2021-06-25 19:55:00,VOXX
13.93,14.0,13.93,14.0,1325,2021-06-25 19:56:00,VOXX
13.98,14.01,13.97,14.01,1100,2021-06-25 19:57:00,VOXX
14.02,14.02,13.94,13.95,1404,2021-06-25 19:58:00,VOXX
13.95,13.98,13.95,13.96,4299,2021-06-25 19:59:00,VOXX
13.96,13.96,13.96,13.96,467741,2021-06-25 20:00:00,VOXX
13.96,13.96,13.96,13.96,801,2021-06-25 20:02:00,VOXX
13.96,13.96,13.96,13.96,51156,2021-06-25 20:03:00,VOXX
14.0,14.0,14.0,14.0,100,2021-06-28 13:00:00,VOXX
13.98,14.0304,13.95,14.0199,2948,2021-06-28 13:30:00,VOXX
14.02,14.02,14.02,14.02,478,2021-06-28 13:31:00,VOXX
14.06,14.06,14.0,14.0,800,2021-06-28 13:34:00,VOXX
13.98,13.99,13.9,13.93,834,2021-06-28 13:35:00,VOXX
13.97,13.98,13.97,13.98,600,2021-06-28 13:40:00,VOXX
14.03,14.03,13.99,13.99,400,2021-06-28 13:41:00,VOXX
13.97,13.97,13.97,13.97,101,2021-06-28 13:43:00,VOXX
14.06,14.06,14.06,14.06,100,2021-06-28 13:44:00,VOXX
14.0518,14.0518,14.0518,14.0518,355,2021-06-28 13:46:00,VOXX
14.0599,14.0599,14.0599,14.0599,352,2021-06-28 13:48:00,VOXX
14.0125,14.07,14.0125,14.07,553,2021-06-28 13:50:00,VOXX
14.1,14.1104,14.1,14.1104,450,2021-06-28 13:52:00,VOXX
14.125,14.15,14.125,14.15,200,2021-06-28 13:56:00,VOXX
14.15,14.15,14.15,14.15,100,2021-06-28 13:59:00,VOXX
14.19,14.23,14.17,14.23,1114,2021-06-28 14:00:00,VOXX
14.16,14.17,14.13,14.13,500,2021-06-28 14:03:00,VOXX
14.08,14.09,14.07,14.07,300,2021-06-28 14:05:00,VOXX
14.04,14.04,14.04,14.04,100,2021-06-28 14:09:00,VOXX
14.01,14.01,14.01,14.01,100,2021-06-28 14:11:00,VOXX
13.9763,13.9763,13.9763,13.9763,525,2021-06-28 14:15:00,VOXX
13.98,13.98,13.98,13.98,300,2021-06-28 14:16:00,VOXX
14.0,14.0,14.0,14.0,100,2021-06-28 14:17:00,VOXX
13.94,13.95,13.93,13.95,400,2021-06-28 14:20:00,VOXX
13.99,13.99,13.99,13.99,100,2021-06-28 14:21:00,VOXX
14.07,14.07,14.07,14.07,100,2021-06-28 14:24:00,VOXX
14.05,14.05,14.05,14.05,100,2021-06-28 14:25:00,VOXX
13.995,14.08,13.995,14.05,940,2021-06-28 14:28:00,VOXX
14.05,14.05,14.05,14.05,100,2021-06-28 14:32:00,VOXX
13.92,13.92,13.92,13.92,100,2021-06-28 14:42:00,VOXX
13.8525,13.87,13.8525,13.87,400,2021-06-28 14:49:00,VOXX
13.95,13.95,13.95,13.95,100,2021-06-28 14:51:00,VOXX
14.0,14.0,14.0,14.0,330,2021-06-28 14:53:00,VOXX
14.01,14.01,13.98,13.98,200,2021-06-28 15:01:00,VOXX
14.04,14.04,14.037,14.037,815,2021-06-28 15:11:00,VOXX
14.0499,14.0499,14.0499,14.0499,1000,2021-06-28 15:16:00,VOXX
14.01,14.01,14.01,14.01,100,2021-06-28 15:17:00,VOXX
14.05,14.05,14.05,14.05,100,2021-06-28 15:21:00,VOXX
14.07,14.07,14.07,14.07,100,2021-06-28 15:25:00,VOXX
14.04,14.04,14.04,14.04,100,2021-06-28 15:27:00,VOXX
14.01,14.01,14.01,14.01,100,2021-06-28 15:31:00,VOXX
14.05,14.06,14.05,14.06,200,2021-06-28 15:34:00,VOXX
14.02,14.03,14.02,14.02,599,2021-06-28 15:35:00,VOXX
14.07,14.07,14.07,14.07,100,2021-06-28 15:42:00,VOXX
14.02,14.02,14.02,14.02,100,2021-06-28 15:44:00,VOXX
14.0463,14.0463,14.0463,14.0463,527,2021-06-28 15:54:00,VOXX
14.08,14.08,14.08,14.08,500,2021-06-28 16:00:00,VOXX
14.03,14.065,14.03,14.065,600,2021-06-28 16:04:00,VOXX
14.08,14.08,14.06,14.06,300,2021-06-28 16:06:00,VOXX
14.05,14.05,14.05,14.05,200,2021-06-28 16:11:00,VOXX
14.0605,14.0605,14.04,14.04,200,2021-06-28 16:14:00,VOXX
14.08,14.08,14.08,14.08,100,2021-06-28 16:15:00,VOXX
14.06,14.06,14.06,14.06,100,2021-06-28 16:17:00,VOXX
14.05,14.05,14.05,14.05,100,2021-06-28 16:18:00,VOXX
14.04,14.04,14.02,14.02,200,2021-06-28 16:20:00,VOXX
14.04,14.04,14.04,14.04,100,2021-06-28 16:21:00,VOXX
14.045,14.045,14.045,14.045,100,2021-06-28 16:23:00,VOXX
14.07,14.07,14.07,14.07,100,2021-06-28 16:26:00,VOXX
14.1,14.1,14.1,14.1,100,2021-06-28 16:27:00,VOXX
14.11,14.11,14.09,14.09,898,2021-06-28 16:28:00,VOXX
14.08,14.08,14.08,14.08,100,2021-06-28 16:36:00,VOXX
14.1,14.1,14.1,14.1,1500,2021-06-28 16:39:00,VOXX
14.1,14.1,14.09,14.09,350,2021-06-28 16:48:00,VOXX
14.12,14.12,14.12,14.12,100,2021-06-28 16:52:00,VOXX
14.07,14.07,14.07,14.07,100,2021-06-28 16:55:00,VOXX
14.045,14.045,14.045,14.045,351,2021-06-28 17:15:00,VOXX
14.03,14.03,14.03,14.03,100,2021-06-28 17:16:00,VOXX
14.0,14.0,14.0,14.0,900,2021-06-28 17:25:00,VOXX
13.95,13.95,13.95,13.95,100,2021-06-28 17:26:00,VOXX
13.9231,13.9231,13.9231,13.9231,100,2021-06-28 17:27:00,VOXX
13.88,13.88,13.84,13.87,801,2021-06-28 17:28:00,VOXX
13.8498,13.8498,13.8498,13.8498,290,2021-06-28 17:30:00,VOXX
13.91,13.91,13.91,13.91,100,2021-06-28 17:33:00,VOXX
13.885,13.885,13.885,13.885,100,2021-06-28 17:35:00,VOXX
13.85,13.87,13.85,13.87,200,2021-06-28 17:43:00,VOXX
13.9,13.9,13.9,13.9,100,2021-06-28 18:02:00,VOXX
13.91,13.91,13.91,13.91,2500,2021-06-28 18:08:00,VOXX
13.86,13.86,13.86,13.86,100,2021-06-28 18:09:00,VOXX
13.865,13.9,13.865,13.9,300,2021-06-28 18:10:00,VOXX
13.92,13.94,13.92,13.94,800,2021-06-28 18:11:00,VOXX
13.98,13.98,13.98,13.98,100,2021-06-28 18:14:00,VOXX
13.95,13.95,13.95,13.95,1500,2021-06-28 18:21:00,VOXX
13.99,13.99,13.99,13.99,100,2021-06-28 18:27:00,VOXX
13.94,13.94,13.94,13.94,100,2021-06-28 18:29:00,VOXX
13.9656,13.9656,13.9656,13.9656,320,2021-06-28 18:35:00,VOXX
13.97,13.98,13.97,13.98,200,2021-06-28 18:36:00,VOXX
13.99,13.99,13.99,13.99,100,2021-06-28 18:37:00,VOXX
13.995,13.995,13.995,13.995,100,2021-06-28 18:45:00,VOXX
14.0,14.0,14.0,14.0,271,2021-06-28 18:47:00,VOXX
13.97,13.97,13.97,13.97,100,2021-06-28 18:49:00,VOXX
13.98,13.98,13.98,13.98,300,2021-06-28 18:50:00,VOXX
14.02,14.02,14.02,14.02,100,2021-06-28 18:58:00,VOXX
14.05,14.07,14.05,14.06,2242,2021-06-28 19:04:00,VOXX
14.035,14.035,14.035,14.035,100,2021-06-28 19:08:00,VOXX
14.01,14.01,14.01,14.01,100,2021-06-28 19:09:00,VOXX
14.035,14.035,14.035,14.035,100,2021-06-28 19:10:00,VOXX
14.025,14.025,14.025,14.025,100,2021-06-28 19:11:00,VOXX
14.04,14.04,14.04,14.04,100,2021-06-28 19:12:00,VOXX
14.05,14.06,14.05,14.06,400,2021-06-28 19:17:00,VOXX
14.06,14.06,14.06,14.06,100,2021-06-28 19:20:00,VOXX
14.09,14.09,14.09,14.09,100,2021-06-28 19:22:00,VOXX
14.07,14.07,14.07,14.07,100,2021-06-28 19:24:00,VOXX
14.06,14.08,14.06,14.08,200,2021-06-28 19:28:00,VOXX
14.05,14.05,14.05,14.05,100,2021-06-28 19:33:00,VOXX
14.05,14.07,14.05,14.07,700,2021-06-28 19:35:00,VOXX
14.07,14.07,14.07,14.07,100,2021-06-28 19:40:00,VOXX
14.06,14.07,14.06,14.07,200,2021-06-28 19:41:00,VOXX
14.05,14.05,14.04,14.04,449,2021-06-28 19:42:00,VOXX
14.04,14.05,14.04,14.05,200,2021-06-28 19:43:00,VOXX
14.055,14.07,14.055,14.07,200,2021-06-28 19:46:00,VOXX
14.04,14.045,14.04,14.045,360,2021-06-28 19:48:00,VOXX
14.04,14.05,14.0301,14.0301,1000,2021-06-28 19:50:00,VOXX
14.07,14.07,14.07,14.07,500,2021-06-28 19:53:00,VOXX
14.08,14.08,14.08,14.08,200,2021-06-28 19:54:00,VOXX
14.085,14.09,14.07,14.09,760,2021-06-28 19:55:00,VOXX
14.1,14.1,14.1,14.1,199,2021-06-28 19:56:00,VOXX
14.1,14.1,14.1,14.1,600,2021-06-28 19:58:00,VOXX
14.09,14.1,14.045,14.09,2258,2021-06-28 19:59:00,VOXX
14.06,14.06,14.06,14.06,14887,2021-06-28 20:00:00,VOXX
14.03,14.03,14.03,14.03,1276,2021-06-29 13:30:00,VOXX
14.214,14.214,14.06,14.06,300,2021-06-29 13:47:00,VOXX
14.09,14.16,14.09,14.16,480,2021-06-29 14:01:00,VOXX
14.1,14.1,14.1,14.1,100,2021-06-29 14:04:00,VOXX
14.077,14.077,14.077,14.077,100,2021-06-29 14:05:00,VOXX
14.02,14.02,13.99,13.99,1835,2021-06-29 14:15:00,VOXX
14.02,14.02,14.0,14.0,401,2021-06-29 14:17:00,VOXX
14.1,14.15,14.1,14.15,400,2021-06-29 14:31:00,VOXX
14.16,14.16,14.16,14.16,500,2021-06-29 14:33:00,VOXX
14.13,14.13,14.13,14.13,100,2021-06-29 14:35:00,VOXX
14.09,14.09,14.09,14.09,100,2021-06-29 14:39:00,VOXX
14.09,14.09,14.08,14.08,600,2021-06-29 14:40:00,VOXX
14.1015,14.1015,14.1015,14.1015,100,2021-06-29 14:43:00,VOXX
14.09,14.09,14.09,14.09,100,2021-06-29 14:45:00,VOXX
14.08,14.08,14.08,14.08,100,2021-06-29 14:49:00,VOXX
14.08,14.1085,14.08,14.1085,200,2021-06-29 15:01:00,VOXX
14.07,14.08,14.07,14.08,500,2021-06-29 15:03:00,VOXX
14.07,14.07,14.07,14.07,200,2021-06-29 15:04:00,VOXX
14.05,14.05,14.05,14.05,1988,2021-06-29 15:08:00,VOXX
14.075,14.075,14.075,14.075,200,2021-06-29 15:09:00,VOXX
14.11,14.11,14.11,14.11,250,2021-06-29 15:11:00,VOXX
14.11,14.11,14.11,14.11,200,2021-06-29 15:12:00,VOXX
14.1,14.1,14.03,14.03,9997,2021-06-29 15:16:00,VOXX
14.12,14.12,14.0432,14.0432,1000,2021-06-29 15:18:00,VOXX
14.08,14.08,14.08,14.08,100,2021-06-29 15:20:00,VOXX
14.0492,14.0492,14.0492,14.0492,100,2021-06-29 15:21:00,VOXX
14.075,14.075,14.075,14.075,100,2021-06-29 15:25:00,VOXX
14.05,14.05,14.05,14.05,200,2021-06-29 15:26:00,VOXX
14.03,14.03,14.0,14.0,500,2021-06-29 15:33:00,VOXX
13.97,13.97,13.94,13.96,407,2021-06-29 15:39:00,VOXX
13.95,13.95,13.95,13.95,140,2021-06-29 15:40:00,VOXX
13.9303,13.9303,13.9303,13.9303,100,2021-06-29 15:41:00,VOXX
13.89,13.89,13.89,13.89,100,2021-06-29 15:44:00,VOXX
13.9,13.955,13.9,13.93,500,2021-06-29 15:45:00,VOXX
13.92,13.92,13.92,13.92,500,2021-06-29 15:51:00,VOXX
13.9126,13.9126,13.9126,13.9126,400,2021-06-29 15:57:00,VOXX
13.925,13.925,13.925,13.925,100,2021-06-29 16:00:00,VOXX
13.88,13.88,13.88,13.88,100,2021-06-29 16:01:00,VOXX
13.85,13.85,13.85,13.85,150,2021-06-29 16:05:00,VOXX
13.91,13.91,13.91,13.91,600,2021-06-29 16:18:00,VOXX
13.85,13.85,13.85,13.85,200,2021-06-29 16:28:00,VOXX
13.84,13.86,13.84,13.86,206,2021-06-29 16:34:00,VOXX
13.84,13.855,13.81,13.81,1281,2021-06-29 16:36:00,VOXX
13.8001,13.8001,13.8001,13.8001,1500,2021-06-29 16:40:00,VOXX
13.81,13.81,13.81,13.81,100,2021-06-29 16:43:00,VOXX
13.81,13.81,13.81,13.81,299,2021-06-29 16:44:00,VOXX
13.81,13.81,13.81,13.81,200,2021-06-29 16:45:00,VOXX
13.84,13.84,13.84,13.84,100,2021-06-29 16:51:00,VOXX
13.85,13.85,13.84,13.84,700,2021-06-29 16:53:00,VOXX
13.83,13.83,13.82,13.82,300,2021-06-29 16:56:00,VOXX
13.8,13.8,13.8,13.8,271,2021-06-29 17:05:00,VOXX
13.8135,13.8135,13.8135,13.8135,400,2021-06-29 17:08:00,VOXX
13.81,13.81,13.81,13.81,378,2021-06-29 17:12:00,VOXX
13.77,13.77,13.77,13.77,200,2021-06-29 17:14:00,VOXX
13.77,13.77,13.77,13.77,100,2021-06-29 17:15:00,VOXX
13.77,13.77,13.77,13.77,678,2021-06-29 17:19:00,VOXX
13.77,13.79,13.77,13.79,600,2021-06-29 17:21:00,VOXX
13.79,13.79,13.79,13.79,100,2021-06-29 17:31:00,VOXX
13.8,13.81,13.8,13.81,204,2021-06-29 17:39:00,VOXX
13.7812,13.7812,13.7812,13.7812,675,2021-06-29 17:44:00,VOXX
13.78,13.81,13.78,13.81,300,2021-06-29 17:45:00,VOXX
13.78,13.78,13.78,13.78,300,2021-06-29 17:46:00,VOXX
13.77,13.77,13.77,13.77,100,2021-06-29 17:50:00,VOXX
13.77,13.77,13.77,13.77,200,2021-06-29 17:54:00,VOXX
13.77,13.77,13.77,13.77,200,2021-06-29 17:55:00,VOXX
13.72,13.72,13.72,13.72,100,2021-06-29 17:59:00,VOXX
13.75,13.75,13.75,13.75,900,2021-06-29 18:01:00,VOXX
13.74,13.74,13.74,13.74,100,2021-06-29 18:02:00,VOXX
13.76,13.76,13.76,13.76,200,2021-06-29 18:03:00,VOXX
13.74,13.74,13.74,13.74,200,2021-06-29 18:04:00,VOXX
13.765,13.765,13.765,13.765,500,2021-06-29 18:07:00,VOXX
13.79,13.79,13.79,13.79,400,2021-06-29 18:09:00,VOXX
13.79,13.79,13.79,13.79,200,2021-06-29 18:10:00,VOXX
13.78,13.78,13.78,13.78,100,2021-06-29 18:12:00,VOXX
13.7801,13.7801,13.7801,13.7801,101,2021-06-29 18:13:00,VOXX
13.75,13.75,13.75,13.75,580,2021-06-29 18:18:00,VOXX
13.7,13.7,13.7,13.7,100,2021-06-29 18:19:00,VOXX
13.735,13.735,13.7,13.7,800,2021-06-29 18:24:00,VOXX
13.7,13.7,13.7,13.7,200,2021-06-29 18:26:00,VOXX
13.7014,13.7014,13.7014,13.7014,100,2021-06-29 18:28:00,VOXX
13.735,13.735,13.735,13.735,100,2021-06-29 18:33:00,VOXX
13.71,13.71,13.71,13.71,100,2021-06-29 18:34:00,VOXX
13.73,13.73,13.73,13.73,100,2021-06-29 18:35:00,VOXX
13.73,13.73,13.73,13.73,400,2021-06-29 18:37:00,VOXX
13.7006,13.7006,13.7,13.7,1383,2021-06-29 18:38:00,VOXX
13.67,13.67,13.67,13.67,100,2021-06-29 18:40:00,VOXX
13.66,13.66,13.65,13.65,561,2021-06-29 18:43:00,VOXX
13.67,13.68,13.67,13.68,400,2021-06-29 18:44:00,VOXX
13.67,13.67,13.67,13.67,100,2021-06-29 18:45:00,VOXX
13.64,13.64,13.64,13.64,200,2021-06-29 18:48:00,VOXX
13.63,13.63,13.63,13.63,274,2021-06-29 18:52:00,VOXX
13.62,13.62,13.62,13.62,200,2021-06-29 18:53:00,VOXX
13.61,13.61,13.61,13.61,100,2021-06-29 18:54:00,VOXX
13.655,13.67,13.655,13.67,200,2021-06-29 18:56:00,VOXX
13.63,13.63,13.63,13.63,210,2021-06-29 18:57:00,VOXX
13.66,13.7,13.66,13.66,600,2021-06-29 19:01:00,VOXX
13.66,13.66,13.66,13.66,100,2021-06-29 19:02:00,VOXX
13.66,13.66,13.66,13.66,161,2021-06-29 19:03:00,VOXX
13.6407,13.6407,13.6407,13.6407,332,2021-06-29 19:04:00,VOXX
13.66,13.66,13.63,13.63,959,2021-06-29 19:05:00,VOXX
13.635,13.635,13.635,13.635,100,2021-06-29 19:06:00,VOXX
13.63,13.67,13.63,13.665,1700,2021-06-29 19:09:00,VOXX
13.64,13.64,13.64,13.64,100,2021-06-29 19:11:00,VOXX
13.641,13.641,13.641,13.641,200,2021-06-29 19:13:00,VOXX
13.67,13.67,13.67,13.67,100,2021-06-29 19:14:00,VOXX
13.66,13.66,13.66,13.66,100,2021-06-29 19:16:00,VOXX
13.66,13.66,13.66,13.66,100,2021-06-29 19:17:00,VOXX
13.66,13.66,13.66,13.66,100,2021-06-29 19:18:00,VOXX
13.64,13.64,13.64,13.64,100,2021-06-29 19:23:00,VOXX
13.645,13.66,13.645,13.66,300,2021-06-29 19:27:00,VOXX
13.66,13.66,13.6575,13.6575,300,2021-06-29 19:28:00,VOXX
13.65,13.65,13.65,13.65,100,2021-06-29 19:31:00,VOXX
13.66,13.68,13.66,13.68,300,2021-06-29 19:32:00,VOXX
13.68,13.68,13.68,13.68,100,2021-06-29 19:34:00,VOXX
13.66,13.66,13.66,13.66,200,2021-06-29 19:35:00,VOXX
13.68,13.68,13.68,13.68,200,2021-06-29 19:36:00,VOXX
13.66,13.66,13.66,13.66,100,2021-06-29 19:44:00,VOXX
13.66,13.695,13.66,13.68,400,2021-06-29 19:45:00,VOXX
13.71,13.71,13.7,13.7,300,2021-06-29 19:46:00,VOXX
13.71,13.71,13.71,13.71,100,2021-06-29 19:48:00,VOXX
13.68,13.68,13.68,13.68,100,2021-06-29 19:49:00,VOXX
13.67,13.67,13.66,13.66,200,2021-06-29 19:50:00,VOXX
13.7,13.7,13.7,13.7,682,2021-06-29 19:51:00,VOXX
13.67,13.67,13.67,13.67,100,2021-06-29 19:53:00,VOXX
13.68,13.68,13.66,13.66,300,2021-06-29 19:54:00,VOXX
13.68,13.68,13.66,13.67,700,2021-06-29 19:55:00,VOXX
13.675,13.675,13.66,13.66,200,2021-06-29 19:56:00,VOXX
13.66,13.67,13.63,13.66,900,2021-06-29 19:57:00,VOXX
13.6408,13.69,13.6408,13.69,800,2021-06-29 19:58:00,VOXX
13.69,13.69,13.69,13.69,200,2021-06-29 19:59:00,VOXX
13.68,13.68,13.68,13.68,4803,2021-06-29 20:00:00,VOXX
13.68,13.68,13.68,13.68,100,2021-06-29 20:01:00,VOXX
13.9,13.93,13.9,13.93,1500,2021-06-29 20:18:00,VOXX
13.99,14.01,13.99,14.01,500,2021-06-29 20:23:00,VOXX
14.15,14.15,14.15,14.15,200,2021-06-30 08:49:00,VOXX
14.1,14.1,14.1,14.1,100,2021-06-30 11:20:00,VOXX
14.47,14.47,14.47,14.47,300,2021-06-30 12:58:00,VOXX
14.55,14.63,14.5,14.62,9428,2021-06-30 13:30:00,VOXX
14.5838,14.62,14.5838,14.62,2800,2021-06-30 13:31:00,VOXX
14.5999,14.6,14.525,14.6,1380,2021-06-30 13:33:00,VOXX
14.51,14.51,14.34,14.34,4637,2021-06-30 13:34:00,VOXX
14.31,14.39,14.31,14.39,450,2021-06-30 13:35:00,VOXX
14.41,14.45,14.38,14.41,2350,2021-06-30 13:37:00,VOXX
14.45,14.45,14.45,14.45,100,2021-06-30 13:40:00,VOXX
14.42,14.42,14.42,14.42,500,2021-06-30 13:41:00,VOXX
14.395,14.395,14.395,14.395,100,2021-06-30 13:43:00,VOXX
14.4541,14.4541,14.4,14.4,3952,2021-06-30 13:45:00,VOXX
14.4,14.4,14.4,14.4,990,2021-06-30 13:46:00,VOXX
14.33,14.33,14.3,14.32,600,2021-06-30 13:48:00,VOXX
14.36,14.36,14.35,14.35,3100,2021-06-30 13:51:00,VOXX
14.39,14.39,14.39,14.39,200,2021-06-30 13:52:00,VOXX
14.39,14.39,14.39,14.39,200,2021-06-30 13:53:00,VOXX
14.38,14.38,14.33,14.33,200,2021-06-30 13:54:00,VOXX
14.3973,14.44,14.3973,14.44,585,2021-06-30 13:57:00,VOXX
14.39,14.39,14.39,14.39,100,2021-06-30 14:01:00,VOXX
14.39,14.4,14.39,14.4,500,2021-06-30 14:02:00,VOXX
14.4,14.4,14.36,14.36,200,2021-06-30 14:03:00,VOXX
14.39,14.39,14.39,14.39,100,2021-06-30 14:06:00,VOXX
14.42,14.42,14.36,14.36,1300,2021-06-30 14:07:00,VOXX
14.385,14.385,14.36,14.36,269,2021-06-30 14:08:00,VOXX
14.32,14.32,14.29,14.29,678,2021-06-30 14:10:00,VOXX
14.28,14.28,14.28,14.28,300,2021-06-30 14:11:00,VOXX
14.161,14.161,14.16,14.16,1098,2021-06-30 14:15:00,VOXX
14.19,14.2,14.19,14.19,500,2021-06-30 14:20:00,VOXX
14.24,14.24,14.2,14.2,200,2021-06-30 14:21:00,VOXX
14.16,14.16,14.16,14.16,200,2021-06-30 14:23:00,VOXX
14.19,14.19,14.19,14.19,100,2021-06-30 14:29:00,VOXX
14.24,14.24,14.24,14.24,300,2021-06-30 14:32:00,VOXX
14.26,14.26,14.26,14.26,100,2021-06-30 14:35:00,VOXX
14.2899,14.2899,14.2899,14.2899,100,2021-06-30 14:36:00,VOXX
14.23,14.25,14.23,14.25,400,2021-06-30 14:37:00,VOXX
14.2799,14.2799,14.25,14.25,550,2021-06-30 14:47:00,VOXX
14.1401,14.1401,14.1401,14.1401,200,2021-06-30 14:55:00,VOXX
14.17,14.19,14.17,14.19,200,2021-06-30 14:56:00,VOXX
14.15,14.159,14.12,14.159,1200,2021-06-30 15:02:00,VOXX
14.15,14.15,14.15,14.15,400,2021-06-30 15:06:00,VOXX
14.15,14.15,14.15,14.15,400,2021-06-30 15:08:00,VOXX
14.155,14.155,14.155,14.155,100,2021-06-30 15:10:00,VOXX
14.19,14.19,14.19,14.19,200,2021-06-30 15:20:00,VOXX
14.235,14.27,14.235,14.25,500,2021-06-30 15:31:00,VOXX
14.25,14.25,14.25,14.25,100,2021-06-30 15:32:00,VOXX
14.245,14.245,14.2009,14.2009,400,2021-06-30 15:39:00,VOXX
14.289,14.289,14.289,14.289,650,2021-06-30 15:41:00,VOXX
14.2777,14.2777,14.2777,14.2777,100,2021-06-30 15:42:00,VOXX
14.2443,14.2443,14.2443,14.2443,100,2021-06-30 15:43:00,VOXX
14.255,14.255,14.255,14.255,100,2021-06-30 15:45:00,VOXX
14.25,14.25,14.25,14.25,200,2021-06-30 15:46:00,VOXX
14.22,14.22,14.18,14.18,730,2021-06-30 15:47:00,VOXX
14.16,14.16,14.13,14.13,692,2021-06-30 16:02:00,VOXX
14.16,14.16,14.16,14.16,100,2021-06-30 16:03:00,VOXX
14.14,14.14,14.14,14.14,200,2021-06-30 16:12:00,VOXX
14.12,14.12,14.12,14.12,200,2021-06-30 16:19:00,VOXX
14.11,14.11,14.1,14.1,394,2021-06-30 16:20:00,VOXX
14.095,14.095,14.07,14.07,609,2021-06-30 16:21:00,VOXX
14.06,14.06,14.03,14.03,2682,2021-06-30 16:22:00,VOXX
14.04,14.06,14.04,14.06,200,2021-06-30 16:24:00,VOXX
14.2,14.2,14.135,14.135,500,2021-06-30 16:27:00,VOXX
14.2,14.2,14.2,14.2,2000,2021-06-30 16:38:00,VOXX
14.11,14.11,14.11,14.11,100,2021-06-30 16:41:00,VOXX
14.15,14.19,14.15,14.19,500,2021-06-30 16:43:00,VOXX
14.21,14.21,14.2,14.2,300,2021-06-30 16:49:00,VOXX
14.235,14.235,14.18,14.18,200,2021-06-30 16:50:00,VOXX
14.17,14.17,14.17,14.17,100,2021-06-30 16:57:00,VOXX
14.16,14.16,14.1,14.1,700,2021-06-30 16:58:00,VOXX
14.13,14.13,14.13,14.13,100,2021-06-30 17:11:00,VOXX
14.09,14.09,14.08,14.08,200,2021-06-30 17:12:00,VOXX
14.08,14.08,14.04,14.04,545,2021-06-30 17:19:00,VOXX
14.11,14.149,14.105,14.149,500,2021-06-30 17:38:00,VOXX
14.1,14.1,14.1,14.1,100,2021-06-30 17:39:00,VOXX
14.1399,14.1399,14.1399,14.1399,2490,2021-06-30 17:40:00,VOXX
14.105,14.105,14.105,14.105,100,2021-06-30 17:44:00,VOXX
14.07,14.07,14.07,14.07,300,2021-06-30 17:47:00,VOXX
14.1,14.1,14.1,14.1,200,2021-06-30 17:50:00,VOXX
14.08,14.08,14.08,14.08,100,2021-06-30 17:56:00,VOXX
14.09,14.09,14.09,14.09,100,2021-06-30 17:59:00,VOXX
14.085,14.085,14.085,14.085,100,2021-06-30 18:00:00,VOXX
14.07,14.07,14.07,14.07,100,2021-06-30 18:07:00,VOXX
14.0301,14.0301,14.0301,14.0301,1894,2021-06-30 18:08:00,VOXX
14.03,14.035,14.0,14.0,2137,2021-06-30 18:12:00,VOXX
14.0439,14.0439,14.0439,14.0439,2000,2021-06-30 18:19:00,VOXX
14.04,14.04,14.04,14.04,100,2021-06-30 18:24:00,VOXX
14.03,14.055,14.03,14.055,400,2021-06-30 18:31:00,VOXX
14.07,14.08,14.07,14.08,200,2021-06-30 18:33:00,VOXX
14.1,14.1,14.1,14.1,100,2021-06-30 18:37:00,VOXX
14.1,14.1,14.1,14.1,200,2021-06-30 18:43:00,VOXX
14.09,14.09,14.09,14.09,100,2021-06-30 18:44:00,VOXX
14.12,14.12,14.118,14.118,600,2021-06-30 18:49:00,VOXX
14.14,14.15,14.125,14.125,691,2021-06-30 18:52:00,VOXX
14.14,14.14,14.14,14.14,100,2021-06-30 18:54:00,VOXX
14.13,14.13,14.12,14.12,240,2021-06-30 18:55:00,VOXX
14.12,14.12,14.12,14.12,100,2021-06-30 18:57:00,VOXX
14.17,14.17,14.17,14.17,100,2021-06-30 19:04:00,VOXX
14.14,14.14,14.14,14.14,100,2021-06-30 19:07:00,VOXX
14.16,14.27,14.16,14.2,11491,2021-06-30 19:08:00,VOXX
14.18,14.185,14.16,14.185,366,2021-06-30 19:11:00,VOXX
14.17,14.19,14.17,14.19,580,2021-06-30 19:12:00,VOXX
14.2,14.2,14.2,14.2,100,2021-06-30 19:13:00,VOXX
14.2,14.2,14.2,14.2,200,2021-06-30 19:14:00,VOXX
14.19,14.21,14.19,14.21,300,2021-06-30 19:21:00,VOXX
14.18,14.19,14.18,14.19,200,2021-06-30 19:22:00,VOXX
14.19,14.19,14.19,14.19,100,2021-06-30 19:25:00,VOXX
14.19,14.19,14.19,14.19,100,2021-06-30 19:26:00,VOXX
14.19,14.19,14.19,14.19,100,2021-06-30 19:27:00,VOXX
14.19,14.19,14.18,14.18,400,2021-06-30 19:30:00,VOXX
14.17,14.17,14.15,14.15,500,2021-06-30 19:32:00,VOXX
14.14,14.14,14.1201,14.14,461,2021-06-30 19:34:00,VOXX
14.13,14.13,14.13,14.13,100,2021-06-30 19:35:00,VOXX
14.1,14.11,14.1,14.11,200,2021-06-30 19:37:00,VOXX
14.12,14.13,14.115,14.115,500,2021-06-30 19:39:00,VOXX
14.115,14.115,14.115,14.115,100,2021-06-30 19:40:00,VOXX
14.14,14.14,14.14,14.14,300,2021-06-30 19:41:00,VOXX
14.12,14.12,14.12,14.12,142,2021-06-30 19:42:00,VOXX
14.15,14.17,14.15,14.17,552,2021-06-30 19:43:00,VOXX
14.13,14.13,14.13,14.13,133,2021-06-30 19:44:00,VOXX
14.15,14.16,14.14,14.14,600,2021-06-30 19:45:00,VOXX
14.15,14.18,14.15,14.18,800,2021-06-30 19:47:00,VOXX
14.17,14.17,14.17,14.17,100,2021-06-30 19:48:00,VOXX
14.16,14.16,14.16,14.16,121,2021-06-30 19:49:00,VOXX
14.11,14.13,14.08,14.12,1582,2021-06-30 19:50:00,VOXX
14.11,14.12,14.08,14.08,315,2021-06-30 19:51:00,VOXX
14.12,14.12,14.09,14.09,1200,2021-06-30 19:53:00,VOXX
14.1,14.1,14.05,14.06,1046,2021-06-30 19:54:00,VOXX
14.05,14.08,14.04,14.04,3583,2021-06-30 19:55:00,VOXX
14.04,14.06,14.04,14.04,1192,2021-06-30 19:56:00,VOXX
14.05,14.07,14.045,14.045,1113,2021-06-30 19:57:00,VOXX
14.04,14.04,14.03,14.03,2325,2021-06-30 19:58:00,VOXX
14.03,14.035,14.02,14.02,1798,2021-06-30 19:59:00,VOXX
14.01,14.01,14.01,14.01,23853,2021-06-30 20:00:00,VOXX
