open,high,low,close,volume,datetime,symbol
5.96,5.9903,5.96,5.9903,8885,2021-06-01 13:30:00,VRAY
5.97,5.97,5.97,5.97,661,2021-06-01 13:31:00,VRAY
5.9609,5.9609,5.9609,5.9609,388,2021-06-01 13:33:00,VRAY
5.98,5.98,5.96,5.97,3596,2021-06-01 13:34:00,VRAY
5.95,5.95,5.95,5.95,516,2021-06-01 13:35:00,VRAY
5.96,5.96,5.96,5.96,400,2021-06-01 13:36:00,VRAY
5.98,5.98,5.955,5.98,2203,2021-06-01 13:37:00,VRAY
5.9801,5.9801,5.9801,5.9801,1000,2021-06-01 13:38:00,VRAY
5.985,5.985,5.98,5.98,300,2021-06-01 13:39:00,VRAY
5.98,5.99,5.97,5.99,1385,2021-06-01 13:40:00,VRAY
5.98,5.98,5.98,5.98,100,2021-06-01 13:42:00,VRAY
5.98,5.98,5.955,5.96,925,2021-06-01 13:43:00,VRAY
5.97,5.97,5.965,5.97,900,2021-06-01 13:44:00,VRAY
5.97,5.985,5.97,5.98,5000,2021-06-01 13:45:00,VRAY
5.98,5.98,5.97,5.97,585,2021-06-01 13:46:00,VRAY
5.97,5.97,5.9599,5.9599,1100,2021-06-01 13:47:00,VRAY
5.955,5.955,5.955,5.955,100,2021-06-01 13:48:00,VRAY
5.95,5.95,5.95,5.95,300,2021-06-01 13:49:00,VRAY
5.96,5.975,5.96,5.97,1412,2021-06-01 13:50:00,VRAY
5.97,5.97,5.97,5.97,400,2021-06-01 13:51:00,VRAY
5.97,5.97,5.96,5.965,901,2021-06-01 13:52:00,VRAY
5.94,5.94,5.93,5.93,1423,2021-06-01 13:54:00,VRAY
5.9323,5.9323,5.9323,5.9323,468,2021-06-01 13:55:00,VRAY
5.9399,5.9399,5.935,5.935,1250,2021-06-01 13:56:00,VRAY
5.92,5.945,5.92,5.945,1000,2021-06-01 13:57:00,VRAY
5.945,5.95,5.945,5.95,900,2021-06-01 13:58:00,VRAY
5.95,5.95,5.94,5.94,200,2021-06-01 13:59:00,VRAY
5.94,5.96,5.94,5.9532,8138,2021-06-01 14:00:00,VRAY
5.96,5.98,5.9561,5.96,2491,2021-06-01 14:01:00,VRAY
5.96,5.99,5.96,5.99,2653,2021-06-01 14:02:00,VRAY
5.99,6.03,5.99,6.025,3300,2021-06-01 14:03:00,VRAY
6.02,6.02,6.01,6.01,1215,2021-06-01 14:04:00,VRAY
6.0,6.0,5.9945,5.9945,800,2021-06-01 14:05:00,VRAY
5.9999,5.9999,5.9999,5.9999,100,2021-06-01 14:08:00,VRAY
5.995,5.995,5.99,5.99,200,2021-06-01 14:11:00,VRAY
5.9901,5.9901,5.97,5.97,3905,2021-06-01 14:12:00,VRAY
5.96,5.96,5.96,5.96,100,2021-06-01 14:13:00,VRAY
5.95,5.95,5.94,5.94,200,2021-06-01 14:14:00,VRAY
5.945,5.95,5.945,5.95,2670,2021-06-01 14:15:00,VRAY
5.94,5.94,5.94,5.94,4950,2021-06-01 14:16:00,VRAY
5.945,5.9499,5.945,5.9499,450,2021-06-01 14:18:00,VRAY
5.94,5.94,5.94,5.94,723,2021-06-01 14:19:00,VRAY
5.93,5.94,5.93,5.94,1400,2021-06-01 14:20:00,VRAY
5.93,5.93,5.93,5.93,1495,2021-06-01 14:22:00,VRAY
5.93,5.93,5.93,5.93,100,2021-06-01 14:23:00,VRAY
5.93,5.935,5.93,5.935,400,2021-06-01 14:25:00,VRAY
5.93,5.935,5.93,5.935,200,2021-06-01 14:26:00,VRAY
5.93,5.94,5.93,5.9375,1874,2021-06-01 14:27:00,VRAY
5.94,5.9433,5.94,5.9433,1306,2021-06-01 14:28:00,VRAY
5.95,5.95,5.94,5.945,400,2021-06-01 14:30:00,VRAY
5.95,5.97,5.9475,5.965,4902,2021-06-01 14:31:00,VRAY
5.965,5.97,5.95,5.95,2630,2021-06-01 14:32:00,VRAY
5.955,5.955,5.955,5.955,300,2021-06-01 14:34:00,VRAY
5.95,5.95,5.94,5.95,1348,2021-06-01 14:39:00,VRAY
5.94,5.94,5.935,5.935,200,2021-06-01 14:41:00,VRAY
5.935,5.94,5.935,5.94,200,2021-06-01 14:42:00,VRAY
5.93,5.93,5.875,5.88,31042,2021-06-01 14:45:00,VRAY
5.88,5.88,5.88,5.88,200,2021-06-01 14:46:00,VRAY
5.87,5.87,5.87,5.87,504,2021-06-01 14:47:00,VRAY
5.87,5.87,5.87,5.87,100,2021-06-01 14:48:00,VRAY
5.87,5.87,5.845,5.85,5118,2021-06-01 14:49:00,VRAY
5.85,5.85,5.85,5.85,900,2021-06-01 14:50:00,VRAY
5.85,5.85,5.82,5.83,8373,2021-06-01 14:51:00,VRAY
5.83,5.83,5.83,5.83,400,2021-06-01 14:53:00,VRAY
5.83,5.83,5.83,5.83,700,2021-06-01 14:54:00,VRAY
5.83,5.83,5.83,5.83,666,2021-06-01 14:55:00,VRAY
5.83,5.835,5.83,5.835,288,2021-06-01 14:56:00,VRAY
5.8325,5.8399,5.83,5.83,700,2021-06-01 14:57:00,VRAY
5.83,5.83,5.83,5.83,1013,2021-06-01 14:58:00,VRAY
5.82,5.82,5.8,5.81,4600,2021-06-01 14:59:00,VRAY
5.81,5.825,5.81,5.815,2400,2021-06-01 15:00:00,VRAY
5.82,5.82,5.82,5.82,200,2021-06-01 15:01:00,VRAY
5.82,5.82,5.815,5.82,1000,2021-06-01 15:02:00,VRAY
5.82,5.82,5.81,5.81,1339,2021-06-01 15:03:00,VRAY
5.81,5.81,5.81,5.81,200,2021-06-01 15:04:00,VRAY
5.815,5.815,5.815,5.815,100,2021-06-01 15:05:00,VRAY
5.81,5.825,5.8,5.82,11062,2021-06-01 15:06:00,VRAY
5.8199,5.835,5.8199,5.835,5383,2021-06-01 15:07:00,VRAY
5.84,5.84,5.84,5.84,600,2021-06-01 15:08:00,VRAY
5.85,5.855,5.85,5.855,889,2021-06-01 15:09:00,VRAY
5.85,5.85,5.85,5.85,1300,2021-06-01 15:10:00,VRAY
5.86,5.865,5.86,5.865,1200,2021-06-01 15:11:00,VRAY
5.87,5.88,5.87,5.88,1000,2021-06-01 15:12:00,VRAY
5.88,5.89,5.88,5.8801,2680,2021-06-01 15:13:00,VRAY
5.89,5.9,5.89,5.9,850,2021-06-01 15:14:00,VRAY
5.895,5.895,5.89,5.89,200,2021-06-01 15:15:00,VRAY
5.89,5.89,5.89,5.89,1352,2021-06-01 15:16:00,VRAY
5.88,5.89,5.88,5.89,200,2021-06-01 15:17:00,VRAY
5.89,5.89,5.89,5.89,200,2021-06-01 15:19:00,VRAY
5.89,5.89,5.89,5.89,400,2021-06-01 15:20:00,VRAY
5.885,5.89,5.885,5.89,3300,2021-06-01 15:21:00,VRAY
5.89,5.89,5.89,5.89,100,2021-06-01 15:23:00,VRAY
5.895,5.895,5.895,5.895,100,2021-06-01 15:25:00,VRAY
5.895,5.895,5.895,5.895,530,2021-06-01 15:26:00,VRAY
5.895,5.91,5.89,5.91,4402,2021-06-01 15:28:00,VRAY
5.9,5.9,5.885,5.885,3796,2021-06-01 15:30:00,VRAY
5.89,5.89,5.89,5.89,100,2021-06-01 15:33:00,VRAY
5.89,5.89,5.89,5.89,100,2021-06-01 15:34:00,VRAY
5.89,5.89,5.89,5.89,100,2021-06-01 15:35:00,VRAY
5.88,5.88,5.88,5.88,100,2021-06-01 15:36:00,VRAY
5.89,5.89,5.88,5.88,200,2021-06-01 15:38:00,VRAY
5.885,5.885,5.885,5.885,200,2021-06-01 15:41:00,VRAY
5.88,5.8841,5.88,5.88,2327,2021-06-01 15:43:00,VRAY
5.88,5.88,5.873,5.8753,1425,2021-06-01 15:44:00,VRAY
5.87,5.875,5.87,5.875,1100,2021-06-01 15:45:00,VRAY
5.87,5.8701,5.87,5.8701,200,2021-06-01 15:46:00,VRAY
5.87,5.87,5.87,5.87,321,2021-06-01 15:47:00,VRAY
5.87,5.87,5.87,5.87,100,2021-06-01 15:48:00,VRAY
5.87,5.875,5.87,5.875,200,2021-06-01 15:50:00,VRAY
5.875,5.9,5.87,5.895,2700,2021-06-01 15:52:00,VRAY
5.895,5.92,5.895,5.92,3700,2021-06-01 15:54:00,VRAY
5.92,5.92,5.92,5.92,100,2021-06-01 15:55:00,VRAY
5.91,5.91,5.9,5.9,2532,2021-06-01 15:56:00,VRAY
5.9,5.9,5.9,5.9,300,2021-06-01 15:58:00,VRAY
5.905,5.905,5.905,5.905,100,2021-06-01 15:59:00,VRAY
5.905,5.905,5.895,5.895,1591,2021-06-01 16:00:00,VRAY
5.89,5.89,5.89,5.89,100,2021-06-01 16:01:00,VRAY
5.9,5.9,5.9,5.9,300,2021-06-01 16:03:00,VRAY
5.905,5.905,5.9,5.9001,1800,2021-06-01 16:04:00,VRAY
5.9,5.9,5.9,5.9,100,2021-06-01 16:05:00,VRAY
5.9,5.9,5.9,5.9,300,2021-06-01 16:06:00,VRAY
5.9,5.9,5.9,5.9,100,2021-06-01 16:09:00,VRAY
5.895,5.895,5.895,5.895,100,2021-06-01 16:10:00,VRAY
5.895,5.895,5.875,5.875,3420,2021-06-01 16:11:00,VRAY
5.88,5.9,5.875,5.895,11013,2021-06-01 16:12:00,VRAY
5.895,5.895,5.895,5.895,400,2021-06-01 16:15:00,VRAY
5.895,5.895,5.895,5.895,100,2021-06-01 16:16:00,VRAY
5.895,5.895,5.895,5.895,1306,2021-06-01 16:17:00,VRAY
5.8932,5.8932,5.8932,5.8932,150,2021-06-01 16:18:00,VRAY
5.9,5.9088,5.9,5.905,2621,2021-06-01 16:19:00,VRAY
5.91,5.91,5.905,5.905,2771,2021-06-01 16:20:00,VRAY
5.905,5.905,5.905,5.905,1000,2021-06-01 16:23:00,VRAY
5.905,5.915,5.905,5.915,1476,2021-06-01 16:24:00,VRAY
5.92,5.92,5.915,5.915,200,2021-06-01 16:25:00,VRAY
5.9181,5.9181,5.915,5.915,300,2021-06-01 16:27:00,VRAY
5.915,5.915,5.915,5.915,100,2021-06-01 16:28:00,VRAY
5.92,5.94,5.915,5.94,18300,2021-06-01 16:29:00,VRAY
5.94,5.94,5.94,5.94,100,2021-06-01 16:30:00,VRAY
5.93,5.93,5.915,5.915,3219,2021-06-01 16:31:00,VRAY
5.915,5.915,5.915,5.915,100,2021-06-01 16:33:00,VRAY
5.91,5.91,5.905,5.905,1000,2021-06-01 16:34:00,VRAY
5.91,5.92,5.91,5.91,1100,2021-06-01 16:35:00,VRAY
5.92,5.92,5.92,5.92,400,2021-06-01 16:37:00,VRAY
5.915,5.92,5.915,5.92,1586,2021-06-01 16:38:00,VRAY
5.92,5.92,5.92,5.92,100,2021-06-01 16:42:00,VRAY
5.92,5.92,5.92,5.92,100,2021-06-01 16:43:00,VRAY
5.915,5.915,5.915,5.915,200,2021-06-01 16:44:00,VRAY
5.915,5.915,5.91,5.91,200,2021-06-01 16:47:00,VRAY
5.915,5.915,5.915,5.915,200,2021-06-01 16:48:00,VRAY
5.915,5.915,5.915,5.915,2000,2021-06-01 16:49:00,VRAY
5.915,5.915,5.91,5.91,5500,2021-06-01 16:51:00,VRAY
5.915,5.915,5.915,5.915,100,2021-06-01 16:53:00,VRAY
5.91,5.92,5.91,5.92,300,2021-06-01 16:54:00,VRAY
5.91,5.91,5.91,5.91,200,2021-06-01 16:55:00,VRAY
5.91,5.91,5.9,5.9,1445,2021-06-01 16:56:00,VRAY
5.9,5.9,5.9,5.9,200,2021-06-01 16:57:00,VRAY
5.905,5.905,5.905,5.905,100,2021-06-01 16:58:00,VRAY
5.905,5.91,5.9,5.91,1400,2021-06-01 16:59:00,VRAY
5.91,5.925,5.91,5.925,1820,2021-06-01 17:00:00,VRAY
5.92,5.92,5.92,5.92,100,2021-06-01 17:01:00,VRAY
5.93,5.93,5.93,5.93,100,2021-06-01 17:02:00,VRAY
5.93,5.93,5.925,5.925,200,2021-06-01 17:03:00,VRAY
5.93,5.93,5.93,5.93,100,2021-06-01 17:04:00,VRAY
5.925,5.93,5.925,5.925,300,2021-06-01 17:05:00,VRAY
5.93,5.93,5.93,5.93,100,2021-06-01 17:06:00,VRAY
5.93,5.94,5.93,5.94,2100,2021-06-01 17:07:00,VRAY
5.94,5.95,5.94,5.945,600,2021-06-01 17:08:00,VRAY
5.945,5.95,5.945,5.95,972,2021-06-01 17:09:00,VRAY
5.955,5.955,5.955,5.955,100,2021-06-01 17:10:00,VRAY
5.96,5.96,5.96,5.96,100,2021-06-01 17:14:00,VRAY
5.955,5.97,5.955,5.97,200,2021-06-01 17:15:00,VRAY
5.965,5.965,5.965,5.965,300,2021-06-01 17:16:00,VRAY
5.963,5.965,5.963,5.965,700,2021-06-01 17:18:00,VRAY
5.965,5.965,5.965,5.965,100,2021-06-01 17:19:00,VRAY
5.96,5.965,5.96,5.965,5904,2021-06-01 17:22:00,VRAY
5.97,5.97,5.97,5.97,1181,2021-06-01 17:24:00,VRAY
5.97,5.97,5.97,5.97,100,2021-06-01 17:25:00,VRAY
5.98,5.98,5.975,5.98,600,2021-06-01 17:27:00,VRAY
5.98,5.98,5.9701,5.9799,450,2021-06-01 17:28:00,VRAY
5.98,5.985,5.98,5.985,501,2021-06-01 17:29:00,VRAY
5.98,5.98,5.98,5.98,120,2021-06-01 17:30:00,VRAY
5.985,5.985,5.985,5.985,300,2021-06-01 17:35:00,VRAY
5.99,5.99,5.99,5.99,120,2021-06-01 17:36:00,VRAY
5.9825,5.985,5.975,5.975,4906,2021-06-01 17:38:00,VRAY
5.975,5.975,5.975,5.975,100,2021-06-01 17:40:00,VRAY
5.98,5.98,5.98,5.98,500,2021-06-01 17:41:00,VRAY
5.975,5.975,5.975,5.975,200,2021-06-01 17:43:00,VRAY
5.975,5.98,5.975,5.975,3500,2021-06-01 17:44:00,VRAY
5.975,5.975,5.975,5.975,200,2021-06-01 17:45:00,VRAY
5.97,5.97,5.97,5.97,100,2021-06-01 17:47:00,VRAY
5.98,5.99,5.98,5.99,1446,2021-06-01 17:49:00,VRAY
5.9856,6.0,5.985,5.995,5049,2021-06-01 17:50:00,VRAY
5.9937,6.0,5.9937,6.0,1900,2021-06-01 17:51:00,VRAY
5.994,5.994,5.994,5.994,124,2021-06-01 17:52:00,VRAY
5.995,5.995,5.99,5.995,657,2021-06-01 17:53:00,VRAY
6.0,6.0,6.0,6.0,100,2021-06-01 17:54:00,VRAY
5.995,6.0,5.995,6.0,300,2021-06-01 17:55:00,VRAY
6.0,6.0,6.0,6.0,201,2021-06-01 17:56:00,VRAY
6.0,6.0,6.0,6.0,100,2021-06-01 17:57:00,VRAY
5.9901,5.995,5.9901,5.995,1100,2021-06-01 17:58:00,VRAY
5.995,5.995,5.985,5.985,4935,2021-06-01 18:00:00,VRAY
5.99,5.99,5.99,5.99,200,2021-06-01 18:01:00,VRAY
5.99,5.99,5.99,5.99,500,2021-06-01 18:02:00,VRAY
5.995,5.995,5.985,5.985,5101,2021-06-01 18:03:00,VRAY
5.985,5.985,5.985,5.985,250,2021-06-01 18:04:00,VRAY
5.985,5.985,5.985,5.985,100,2021-06-01 18:07:00,VRAY
5.99,5.99,5.99,5.99,100,2021-06-01 18:08:00,VRAY
5.99,5.995,5.99,5.995,1200,2021-06-01 18:09:00,VRAY
5.99,5.9924,5.99,5.9924,1000,2021-06-01 18:10:00,VRAY
5.995,6.0,5.995,6.0,200,2021-06-01 18:12:00,VRAY
6.0,6.0,5.995,5.995,515,2021-06-01 18:13:00,VRAY
6.0,6.0,6.0,6.0,100,2021-06-01 18:14:00,VRAY
5.995,5.995,5.995,5.995,100,2021-06-01 18:15:00,VRAY
5.995,6.0,5.995,6.0,300,2021-06-01 18:16:00,VRAY
5.99,5.99,5.99,5.99,200,2021-06-01 18:17:00,VRAY
5.99,6.0,5.99,6.0,300,2021-06-01 18:18:00,VRAY
5.995,5.995,5.995,5.995,200,2021-06-01 18:19:00,VRAY
6.0,6.0,5.995,5.995,400,2021-06-01 18:20:00,VRAY
5.995,5.995,5.985,5.99,7453,2021-06-01 18:21:00,VRAY
5.985,5.99,5.985,5.99,800,2021-06-01 18:22:00,VRAY
5.99,5.99,5.99,5.99,100,2021-06-01 18:25:00,VRAY
5.985,5.985,5.985,5.985,100,2021-06-01 18:26:00,VRAY
5.99,5.99,5.99,5.99,414,2021-06-01 18:28:00,VRAY
5.985,5.99,5.985,5.985,1304,2021-06-01 18:30:00,VRAY
5.99,6.0,5.99,5.995,3596,2021-06-01 18:31:00,VRAY
5.995,6.0,5.995,6.0,1266,2021-06-01 18:32:00,VRAY
5.99,5.995,5.99,5.99,3461,2021-06-01 18:33:00,VRAY
5.985,5.99,5.985,5.99,767,2021-06-01 18:34:00,VRAY
5.985,5.99,5.985,5.985,700,2021-06-01 18:35:00,VRAY
5.99,5.99,5.99,5.99,200,2021-06-01 18:37:00,VRAY
5.98,5.98,5.98,5.98,100,2021-06-01 18:39:00,VRAY
5.99,5.99,5.99,5.99,600,2021-06-01 18:40:00,VRAY
5.9801,5.99,5.98,5.99,9500,2021-06-01 18:41:00,VRAY
5.985,5.985,5.985,5.985,200,2021-06-01 18:42:00,VRAY
5.99,5.99,5.98,5.98,200,2021-06-01 18:44:00,VRAY
5.98,5.99,5.98,5.99,500,2021-06-01 18:45:00,VRAY
5.99,5.99,5.99,5.99,300,2021-06-01 18:46:00,VRAY
5.9891,5.99,5.985,5.99,500,2021-06-01 18:47:00,VRAY
5.99,5.99,5.99,5.99,100,2021-06-01 18:48:00,VRAY
5.9878,5.99,5.9878,5.99,450,2021-06-01 18:50:00,VRAY
5.99,5.99,5.975,5.99,8617,2021-06-01 18:51:00,VRAY
5.985,5.985,5.985,5.985,100,2021-06-01 18:52:00,VRAY
5.985,5.985,5.98,5.98,300,2021-06-01 18:54:00,VRAY
5.985,5.985,5.985,5.985,100,2021-06-01 18:56:00,VRAY
5.985,5.985,5.985,5.985,100,2021-06-01 18:57:00,VRAY
5.985,5.99,5.985,5.985,400,2021-06-01 18:58:00,VRAY
5.985,5.99,5.985,5.99,200,2021-06-01 19:00:00,VRAY
5.99,5.99,5.99,5.99,400,2021-06-01 19:01:00,VRAY
5.99,5.995,5.99,5.995,1644,2021-06-01 19:02:00,VRAY
6.0,6.0,5.995,5.995,1392,2021-06-01 19:03:00,VRAY
6.0,6.0,5.995,5.995,300,2021-06-01 19:04:00,VRAY
5.99,5.99,5.99,5.99,138,2021-06-01 19:05:00,VRAY
5.99,5.995,5.99,5.995,580,2021-06-01 19:06:00,VRAY
5.99,5.995,5.99,5.995,408,2021-06-01 19:07:00,VRAY
5.99,6.0,5.99,6.0,708,2021-06-01 19:08:00,VRAY
5.995,5.995,5.99,5.99,366,2021-06-01 19:09:00,VRAY
5.99,5.995,5.99,5.99,933,2021-06-01 19:10:00,VRAY
5.99,5.995,5.99,5.99,491,2021-06-01 19:11:00,VRAY
5.99,6.0,5.99,6.0,1318,2021-06-01 19:12:00,VRAY
5.995,6.0,5.99,6.0,500,2021-06-01 19:14:00,VRAY
5.99,6.0,5.99,6.0,800,2021-06-01 19:15:00,VRAY
5.995,5.995,5.995,5.995,100,2021-06-01 19:16:00,VRAY
6.0,6.0,5.99,5.995,1593,2021-06-01 19:17:00,VRAY
5.995,6.0,5.99,6.0,400,2021-06-01 19:18:00,VRAY
5.995,5.995,5.995,5.995,200,2021-06-01 19:19:00,VRAY
5.995,6.0,5.99,6.0,1283,2021-06-01 19:20:00,VRAY
5.995,5.995,5.995,5.995,100,2021-06-01 19:21:00,VRAY
5.995,6.0,5.995,6.0,300,2021-06-01 19:22:00,VRAY
6.0,6.0,5.99,5.995,4363,2021-06-01 19:23:00,VRAY
5.99,6.0,5.99,5.995,700,2021-06-01 19:24:00,VRAY
5.995,5.995,5.99,5.995,1194,2021-06-01 19:26:00,VRAY
5.99,6.0,5.99,6.0,404,2021-06-01 19:27:00,VRAY
6.0,6.0,5.99,5.99,1513,2021-06-01 19:28:00,VRAY
5.995,5.995,5.995,5.995,300,2021-06-01 19:29:00,VRAY
5.995,6.0,5.99,5.99,1328,2021-06-01 19:30:00,VRAY
5.995,6.0,5.99,5.995,1212,2021-06-01 19:31:00,VRAY
5.995,5.995,5.99,5.995,1208,2021-06-01 19:32:00,VRAY
5.995,6.0,5.99,5.99,700,2021-06-01 19:33:00,VRAY
5.995,5.995,5.995,5.995,200,2021-06-01 19:34:00,VRAY
5.995,5.995,5.99,5.995,940,2021-06-01 19:35:00,VRAY
5.995,5.995,5.99,5.99,5438,2021-06-01 19:36:00,VRAY
5.99,5.99,5.985,5.985,3896,2021-06-01 19:37:00,VRAY
5.985,5.985,5.985,5.985,200,2021-06-01 19:38:00,VRAY
5.98,5.985,5.98,5.985,1620,2021-06-01 19:39:00,VRAY
5.985,5.99,5.985,5.985,800,2021-06-01 19:40:00,VRAY
5.98,5.985,5.98,5.985,500,2021-06-01 19:41:00,VRAY
5.985,5.985,5.98,5.985,500,2021-06-01 19:42:00,VRAY
5.98,5.99,5.98,5.99,600,2021-06-01 19:43:00,VRAY
5.985,5.99,5.98,5.98,1462,2021-06-01 19:44:00,VRAY
5.98,5.99,5.98,5.98,8971,2021-06-01 19:45:00,VRAY
5.98,5.99,5.98,5.99,1870,2021-06-01 19:46:00,VRAY
5.98,5.99,5.98,5.985,1500,2021-06-01 19:47:00,VRAY
5.99,5.99,5.985,5.985,1100,2021-06-01 19:48:00,VRAY
5.985,5.99,5.985,5.985,1000,2021-06-01 19:49:00,VRAY
5.985,5.99,5.975,5.975,11908,2021-06-01 19:50:00,VRAY
5.975,5.98,5.97,5.98,1700,2021-06-01 19:51:00,VRAY
5.975,5.975,5.97,5.975,1150,2021-06-01 19:52:00,VRAY
5.975,5.98,5.97,5.975,2424,2021-06-01 19:53:00,VRAY
5.975,5.98,5.97,5.98,3601,2021-06-01 19:54:00,VRAY
5.98,5.98,5.97,5.975,5226,2021-06-01 19:55:00,VRAY
5.975,5.98,5.97,5.97,3400,2021-06-01 19:56:00,VRAY
5.975,5.98,5.97,5.98,5598,2021-06-01 19:57:00,VRAY
5.975,5.98,5.97,5.97,4900,2021-06-01 19:58:00,VRAY
5.97,5.98,5.97,5.98,10095,2021-06-01 19:59:00,VRAY
5.98,5.98,5.98,5.98,79167,2021-06-01 20:00:00,VRAY
5.88,5.88,5.88,5.88,171,2021-06-01 23:36:00,VRAY
6.03,6.03,6.015,6.03,8222,2021-06-02 13:30:00,VRAY
6.01,6.02,6.01,6.018,1100,2021-06-02 13:31:00,VRAY
5.99,5.99,5.985,5.985,800,2021-06-02 13:32:00,VRAY
5.98,5.98,5.95,5.95,1049,2021-06-02 13:33:00,VRAY
5.95,5.96,5.95,5.96,1095,2021-06-02 13:34:00,VRAY
5.935,5.96,5.925,5.96,7573,2021-06-02 13:37:00,VRAY
5.975,5.975,5.975,5.975,700,2021-06-02 13:38:00,VRAY
5.98,5.98,5.98,5.98,200,2021-06-02 13:39:00,VRAY
5.99,5.99,5.99,5.99,100,2021-06-02 13:40:00,VRAY
5.985,6.0,5.97,5.97,6090,2021-06-02 13:41:00,VRAY
5.96,5.96,5.96,5.96,200,2021-06-02 13:42:00,VRAY
5.95,5.95,5.95,5.95,100,2021-06-02 13:44:00,VRAY
5.96,5.96,5.94,5.94,400,2021-06-02 13:45:00,VRAY
5.95,5.97,5.94,5.97,7188,2021-06-02 13:46:00,VRAY
5.97,5.98,5.97,5.98,800,2021-06-02 13:47:00,VRAY
5.97,5.97,5.97,5.97,500,2021-06-02 13:48:00,VRAY
5.975,5.98,5.97,5.97,5288,2021-06-02 13:49:00,VRAY
5.97,5.97,5.95,5.95,400,2021-06-02 13:52:00,VRAY
5.95,5.95,5.95,5.95,200,2021-06-02 13:53:00,VRAY
5.94,5.95,5.94,5.95,700,2021-06-02 13:54:00,VRAY
5.94,5.94,5.94,5.94,100,2021-06-02 13:55:00,VRAY
5.93,5.93,5.92,5.93,6579,2021-06-02 13:56:00,VRAY
5.93,5.93,5.905,5.905,400,2021-06-02 13:57:00,VRAY
5.9,5.92,5.9,5.92,600,2021-06-02 13:58:00,VRAY
5.92,5.92,5.92,5.92,100,2021-06-02 13:59:00,VRAY
5.91,5.93,5.91,5.93,1000,2021-06-02 14:00:00,VRAY
5.915,5.92,5.915,5.915,600,2021-06-02 14:01:00,VRAY
5.91,5.92,5.91,5.92,1320,2021-06-02 14:02:00,VRAY
5.925,5.925,5.92,5.92,1355,2021-06-02 14:03:00,VRAY
5.93,5.93,5.9254,5.9254,818,2021-06-02 14:04:00,VRAY
5.93,5.94,5.93,5.94,400,2021-06-02 14:05:00,VRAY
5.94,5.95,5.94,5.95,2694,2021-06-02 14:06:00,VRAY
5.95,5.955,5.95,5.955,400,2021-06-02 14:07:00,VRAY
5.95,5.95,5.94,5.94,604,2021-06-02 14:08:00,VRAY
5.94,5.94,5.935,5.935,758,2021-06-02 14:10:00,VRAY
5.93,5.93,5.93,5.93,200,2021-06-02 14:11:00,VRAY
5.92,5.92,5.9,5.9,2550,2021-06-02 14:12:00,VRAY
5.9,5.9,5.9,5.9,100,2021-06-02 14:13:00,VRAY
5.9,5.9,5.9,5.9,110,2021-06-02 14:14:00,VRAY
5.905,5.925,5.905,5.92,3100,2021-06-02 14:15:00,VRAY
5.93,5.935,5.93,5.935,900,2021-06-02 14:17:00,VRAY
5.93,5.93,5.93,5.93,400,2021-06-02 14:20:00,VRAY
5.92,5.92,5.92,5.92,100,2021-06-02 14:21:00,VRAY
5.93,5.93,5.93,5.93,3154,2021-06-02 14:22:00,VRAY
5.935,5.935,5.935,5.935,208,2021-06-02 14:23:00,VRAY
5.93,5.93,5.93,5.93,400,2021-06-02 14:24:00,VRAY
5.93,5.93,5.93,5.93,3000,2021-06-02 14:25:00,VRAY
5.92,5.92,5.92,5.92,100,2021-06-02 14:26:00,VRAY
5.9214,5.93,5.92,5.92,808,2021-06-02 14:27:00,VRAY
5.92,5.92,5.92,5.92,200,2021-06-02 14:28:00,VRAY
5.92,5.92,5.9,5.9,1046,2021-06-02 14:29:00,VRAY
5.9,5.9,5.89,5.89,1500,2021-06-02 14:30:00,VRAY
5.89,5.89,5.89,5.89,100,2021-06-02 14:31:00,VRAY
5.89,5.89,5.89,5.89,100,2021-06-02 14:32:00,VRAY
5.9,5.9,5.895,5.895,2900,2021-06-02 14:33:00,VRAY
5.89,5.89,5.89,5.89,500,2021-06-02 14:34:00,VRAY
5.88,5.88,5.87,5.875,1700,2021-06-02 14:35:00,VRAY
5.87,5.87,5.8575,5.87,2100,2021-06-02 14:36:00,VRAY
5.88,5.88,5.872,5.872,600,2021-06-02 14:37:00,VRAY
5.871,5.872,5.87,5.87,592,2021-06-02 14:38:00,VRAY
5.88,5.88,5.88,5.88,1300,2021-06-02 14:40:00,VRAY
5.89,5.89,5.89,5.89,400,2021-06-02 14:41:00,VRAY
5.9,5.902,5.9,5.9,400,2021-06-02 14:42:00,VRAY
5.905,5.93,5.905,5.92,3795,2021-06-02 14:43:00,VRAY
5.925,5.925,5.925,5.925,100,2021-06-02 14:44:00,VRAY
5.93,5.94,5.93,5.94,1555,2021-06-02 14:45:00,VRAY
5.93,5.93,5.93,5.93,100,2021-06-02 14:46:00,VRAY
5.93,5.93,5.93,5.93,2000,2021-06-02 14:47:00,VRAY
5.93,5.93,5.925,5.925,400,2021-06-02 14:48:00,VRAY
5.93,5.93,5.93,5.93,687,2021-06-02 14:50:00,VRAY
5.94,5.95,5.94,5.95,2800,2021-06-02 14:51:00,VRAY
5.95,5.95,5.95,5.95,1546,2021-06-02 14:52:00,VRAY
5.945,5.945,5.945,5.945,169,2021-06-02 14:53:00,VRAY
5.95,5.96,5.95,5.96,500,2021-06-02 14:54:00,VRAY
5.95,5.95,5.95,5.95,100,2021-06-02 14:55:00,VRAY
5.95,5.95,5.95,5.95,300,2021-06-02 14:56:00,VRAY
5.95,5.95,5.95,5.95,100,2021-06-02 14:57:00,VRAY
5.94,5.94,5.94,5.94,200,2021-06-02 14:58:00,VRAY
5.945,5.96,5.945,5.96,1694,2021-06-02 14:59:00,VRAY
5.96,5.98,5.95,5.95,6263,2021-06-02 15:00:00,VRAY
5.94,5.94,5.93,5.93,200,2021-06-02 15:01:00,VRAY
5.935,5.935,5.935,5.935,100,2021-06-02 15:02:00,VRAY
5.94,5.94,5.94,5.94,601,2021-06-02 15:03:00,VRAY
5.945,5.945,5.94,5.94,420,2021-06-02 15:05:00,VRAY
5.94,5.94,5.94,5.94,815,2021-06-02 15:06:00,VRAY
5.94,5.95,5.94,5.95,800,2021-06-02 15:07:00,VRAY
5.95,5.95,5.95,5.95,100,2021-06-02 15:08:00,VRAY
5.94,5.94,5.94,5.94,100,2021-06-02 15:09:00,VRAY
5.94,5.94,5.94,5.94,1200,2021-06-02 15:10:00,VRAY
5.94,5.95,5.94,5.95,1200,2021-06-02 15:14:00,VRAY
5.94,5.94,5.94,5.94,200,2021-06-02 15:17:00,VRAY
5.945,5.945,5.945,5.945,100,2021-06-02 15:18:00,VRAY
5.9416,5.9416,5.9416,5.9416,1924,2021-06-02 15:19:00,VRAY
5.945,5.965,5.945,5.96,3200,2021-06-02 15:20:00,VRAY
5.965,5.97,5.965,5.97,600,2021-06-02 15:21:00,VRAY
5.97,5.97,5.97,5.97,699,2021-06-02 15:22:00,VRAY
5.98,5.98,5.975,5.975,2342,2021-06-02 15:24:00,VRAY
5.97,5.97,5.97,5.97,807,2021-06-02 15:28:00,VRAY
5.96,5.96,5.96,5.96,100,2021-06-02 15:29:00,VRAY
5.965,5.985,5.965,5.97,3500,2021-06-02 15:30:00,VRAY
5.96,5.96,5.96,5.96,1000,2021-06-02 15:31:00,VRAY
5.95,5.95,5.95,5.95,200,2021-06-02 15:32:00,VRAY
5.955,5.955,5.95,5.95,200,2021-06-02 15:33:00,VRAY
5.95,5.95,5.95,5.95,100,2021-06-02 15:34:00,VRAY
5.9565,5.9565,5.9565,5.9565,300,2021-06-02 15:37:00,VRAY
5.95,5.95,5.95,5.95,200,2021-06-02 15:38:00,VRAY
5.95,5.955,5.95,5.955,2286,2021-06-02 15:39:00,VRAY
5.95,5.95,5.95,5.95,100,2021-06-02 15:40:00,VRAY
5.96,5.96,5.955,5.9561,1850,2021-06-02 15:42:00,VRAY
5.95,5.95,5.95,5.95,100,2021-06-02 15:43:00,VRAY
5.95,5.95,5.95,5.95,100,2021-06-02 15:44:00,VRAY
5.955,5.955,5.955,5.955,123,2021-06-02 15:45:00,VRAY
5.95,5.95,5.95,5.95,1473,2021-06-02 15:46:00,VRAY
5.945,5.95,5.94,5.94,600,2021-06-02 15:51:00,VRAY
5.95,5.95,5.945,5.95,1800,2021-06-02 15:52:00,VRAY
5.9579,5.96,5.9579,5.96,1900,2021-06-02 15:53:00,VRAY
5.965,5.965,5.965,5.965,200,2021-06-02 15:54:00,VRAY
5.97,5.97,5.97,5.97,1000,2021-06-02 15:56:00,VRAY
5.97,5.97,5.97,5.97,1393,2021-06-02 15:58:00,VRAY
5.96,5.96,5.96,5.96,100,2021-06-02 15:59:00,VRAY
5.96,5.965,5.96,5.965,200,2021-06-02 16:00:00,VRAY
5.96,5.96,5.95,5.95,1300,2021-06-02 16:01:00,VRAY
5.955,5.96,5.955,5.955,2000,2021-06-02 16:05:00,VRAY
5.955,5.96,5.955,5.955,600,2021-06-02 16:06:00,VRAY
5.95,5.95,5.95,5.95,200,2021-06-02 16:08:00,VRAY
5.9569,5.9569,5.955,5.955,574,2021-06-02 16:09:00,VRAY
5.96,5.96,5.96,5.96,100,2021-06-02 16:11:00,VRAY
5.96,5.96,5.955,5.96,300,2021-06-02 16:12:00,VRAY
5.96,5.96,5.96,5.96,100,2021-06-02 16:13:00,VRAY
5.96,5.96,5.96,5.96,100,2021-06-02 16:15:00,VRAY
5.9535,5.96,5.9535,5.955,951,2021-06-02 16:16:00,VRAY
5.96,5.96,5.945,5.95,1845,2021-06-02 16:17:00,VRAY
5.945,5.945,5.945,5.945,1300,2021-06-02 16:18:00,VRAY
5.945,5.945,5.945,5.945,200,2021-06-02 16:20:00,VRAY
5.94,5.95,5.94,5.95,2700,2021-06-02 16:22:00,VRAY
5.945,5.96,5.945,5.96,8925,2021-06-02 16:23:00,VRAY
5.96,5.96,5.955,5.955,1556,2021-06-02 16:24:00,VRAY
5.95,5.95,5.95,5.95,578,2021-06-02 16:25:00,VRAY
5.955,5.955,5.95,5.95,1326,2021-06-02 16:26:00,VRAY
5.95,5.955,5.95,5.95,400,2021-06-02 16:27:00,VRAY
5.95,5.95,5.95,5.95,2604,2021-06-02 16:28:00,VRAY
5.945,5.95,5.945,5.95,480,2021-06-02 16:29:00,VRAY
5.95,5.955,5.94,5.95,3870,2021-06-02 16:30:00,VRAY
5.945,5.945,5.925,5.925,2318,2021-06-02 16:31:00,VRAY
5.92,5.92,5.915,5.915,1483,2021-06-02 16:32:00,VRAY
5.91,5.91,5.91,5.91,200,2021-06-02 16:33:00,VRAY
5.91,5.92,5.91,5.915,1300,2021-06-02 16:34:00,VRAY
5.915,5.915,5.915,5.915,100,2021-06-02 16:35:00,VRAY
5.92,5.92,5.915,5.915,1000,2021-06-02 16:37:00,VRAY
5.92,5.925,5.915,5.925,1698,2021-06-02 16:38:00,VRAY
5.925,5.925,5.925,5.925,200,2021-06-02 16:39:00,VRAY
5.93,5.93,5.93,5.93,200,2021-06-02 16:42:00,VRAY
5.925,5.93,5.925,5.93,450,2021-06-02 16:44:00,VRAY
5.93,5.93,5.925,5.925,920,2021-06-02 16:45:00,VRAY
5.94,5.94,5.94,5.94,300,2021-06-02 16:46:00,VRAY
5.94,5.945,5.94,5.945,1925,2021-06-02 16:47:00,VRAY
5.95,5.95,5.95,5.95,900,2021-06-02 16:48:00,VRAY
5.955,5.955,5.955,5.955,600,2021-06-02 16:49:00,VRAY
5.955,5.955,5.955,5.955,100,2021-06-02 16:50:00,VRAY
5.955,5.955,5.955,5.955,168,2021-06-02 16:51:00,VRAY
5.955,5.955,5.955,5.955,200,2021-06-02 16:52:00,VRAY
5.95,5.95,5.94,5.94,1810,2021-06-02 16:53:00,VRAY
5.9419,5.9419,5.9419,5.9419,100,2021-06-02 16:54:00,VRAY
5.94,5.94,5.94,5.94,100,2021-06-02 16:55:00,VRAY
5.94,5.94,5.94,5.94,100,2021-06-02 16:56:00,VRAY
5.945,5.96,5.945,5.96,3700,2021-06-02 16:57:00,VRAY
5.96,5.96,5.955,5.955,3855,2021-06-02 16:58:00,VRAY
5.955,5.955,5.955,5.955,100,2021-06-02 17:02:00,VRAY
5.96,5.96,5.96,5.96,1677,2021-06-02 17:03:00,VRAY
5.965,5.965,5.965,5.965,100,2021-06-02 17:04:00,VRAY
5.965,5.965,5.955,5.96,3110,2021-06-02 17:05:00,VRAY
5.96,5.96,5.96,5.96,1000,2021-06-02 17:07:00,VRAY
5.97,5.98,5.97,5.98,2229,2021-06-02 17:08:00,VRAY
5.98,5.98,5.98,5.98,1855,2021-06-02 17:12:00,VRAY
5.98,5.99,5.98,5.99,2600,2021-06-02 17:13:00,VRAY
5.98,5.98,5.97,5.97,1797,2021-06-02 17:14:00,VRAY
5.97,5.97,5.97,5.97,1200,2021-06-02 17:15:00,VRAY
5.97,5.97,5.97,5.97,400,2021-06-02 17:16:00,VRAY
5.97,5.9725,5.97,5.9725,950,2021-06-02 17:17:00,VRAY
5.98,5.985,5.98,5.98,2307,2021-06-02 17:18:00,VRAY
5.98,5.98,5.98,5.98,400,2021-06-02 17:19:00,VRAY
5.9821,5.985,5.9821,5.985,200,2021-06-02 17:20:00,VRAY
5.98,5.98,5.98,5.98,1009,2021-06-02 17:21:00,VRAY
5.97,5.97,5.955,5.96,1000,2021-06-02 17:22:00,VRAY
5.95,5.95,5.95,5.95,300,2021-06-02 17:24:00,VRAY
5.955,5.96,5.955,5.96,1017,2021-06-02 17:27:00,VRAY
5.97,5.97,5.97,5.97,100,2021-06-02 17:28:00,VRAY
5.96,5.96,5.96,5.96,133,2021-06-02 17:30:00,VRAY
5.97,5.97,5.97,5.97,100,2021-06-02 17:31:00,VRAY
5.97,5.975,5.97,5.975,1500,2021-06-02 17:32:00,VRAY
5.975,5.975,5.975,5.975,182,2021-06-02 17:34:00,VRAY
5.98,5.98,5.975,5.975,300,2021-06-02 17:35:00,VRAY
5.97,5.97,5.96,5.96,1983,2021-06-02 17:36:00,VRAY
5.96,5.96,5.96,5.96,400,2021-06-02 17:37:00,VRAY
5.96,5.96,5.95,5.96,1500,2021-06-02 17:40:00,VRAY
5.96,5.96,5.96,5.96,523,2021-06-02 17:43:00,VRAY
5.96,5.96,5.955,5.96,2900,2021-06-02 17:44:00,VRAY
5.96,5.96,5.96,5.96,200,2021-06-02 17:45:00,VRAY
5.96,5.96,5.96,5.96,685,2021-06-02 17:46:00,VRAY
5.95,5.95,5.945,5.945,300,2021-06-02 17:47:00,VRAY
5.94,5.94,5.93,5.93,666,2021-06-02 17:48:00,VRAY
5.93,5.93,5.93,5.93,200,2021-06-02 17:49:00,VRAY
5.94,5.94,5.94,5.94,1810,2021-06-02 17:50:00,VRAY
5.94,5.95,5.94,5.95,1039,2021-06-02 17:51:00,VRAY
5.95,5.9535,5.95,5.9535,200,2021-06-02 17:52:00,VRAY
5.95,5.95,5.95,5.95,100,2021-06-02 17:53:00,VRAY
5.96,5.96,5.96,5.96,390,2021-06-02 17:54:00,VRAY
5.9586,5.9586,5.9586,5.9586,2500,2021-06-02 17:56:00,VRAY
5.95,5.95,5.95,5.95,1192,2021-06-02 17:57:00,VRAY
5.945,5.945,5.945,5.945,100,2021-06-02 17:59:00,VRAY
5.945,5.945,5.945,5.945,107,2021-06-02 18:00:00,VRAY
5.95,5.955,5.95,5.95,593,2021-06-02 18:01:00,VRAY
5.95,5.95,5.945,5.945,568,2021-06-02 18:02:00,VRAY
5.945,5.945,5.945,5.945,126,2021-06-02 18:03:00,VRAY
5.9436,5.9436,5.94,5.94,650,2021-06-02 18:04:00,VRAY
5.93,5.93,5.93,5.93,520,2021-06-02 18:07:00,VRAY
5.94,5.94,5.94,5.94,1200,2021-06-02 18:08:00,VRAY
5.94,5.94,5.94,5.94,700,2021-06-02 18:09:00,VRAY
5.94,5.94,5.93,5.93,1870,2021-06-02 18:10:00,VRAY
5.93,5.93,5.925,5.93,1596,2021-06-02 18:11:00,VRAY
5.93,5.93,5.925,5.93,1300,2021-06-02 18:12:00,VRAY
5.92,5.92,5.91,5.91,2273,2021-06-02 18:13:00,VRAY
5.91,5.91,5.91,5.91,200,2021-06-02 18:14:00,VRAY
5.91,5.91,5.905,5.91,2279,2021-06-02 18:15:00,VRAY
5.92,5.92,5.92,5.92,100,2021-06-02 18:17:00,VRAY
5.91,5.91,5.91,5.91,100,2021-06-02 18:18:00,VRAY
5.92,5.92,5.91,5.91,400,2021-06-02 18:19:00,VRAY
5.915,5.915,5.915,5.915,170,2021-06-02 18:20:00,VRAY
5.91,5.91,5.91,5.91,100,2021-06-02 18:21:00,VRAY
5.915,5.915,5.91,5.91,304,2021-06-02 18:22:00,VRAY
5.92,5.93,5.915,5.93,3500,2021-06-02 18:23:00,VRAY
5.93,5.93,5.93,5.93,300,2021-06-02 18:24:00,VRAY
5.925,5.93,5.925,5.93,1500,2021-06-02 18:25:00,VRAY
5.925,5.93,5.925,5.93,400,2021-06-02 18:26:00,VRAY
5.93,5.93,5.925,5.925,1000,2021-06-02 18:28:00,VRAY
5.925,5.935,5.925,5.935,2382,2021-06-02 18:30:00,VRAY
5.93,5.93,5.93,5.93,696,2021-06-02 18:31:00,VRAY
5.93,5.93,5.93,5.93,108,2021-06-02 18:32:00,VRAY
5.935,5.935,5.935,5.935,100,2021-06-02 18:34:00,VRAY
5.939,5.939,5.939,5.939,100,2021-06-02 18:35:00,VRAY
5.94,5.94,5.935,5.94,600,2021-06-02 18:36:00,VRAY
5.935,5.94,5.935,5.94,1849,2021-06-02 18:39:00,VRAY
5.94,5.945,5.935,5.945,3157,2021-06-02 18:40:00,VRAY
5.95,5.95,5.935,5.935,3163,2021-06-02 18:42:00,VRAY
5.931,5.931,5.93,5.93,1350,2021-06-02 18:44:00,VRAY
5.935,5.935,5.935,5.935,106,2021-06-02 18:45:00,VRAY
5.935,5.935,5.935,5.935,200,2021-06-02 18:46:00,VRAY
5.935,5.94,5.935,5.94,700,2021-06-02 18:49:00,VRAY
5.93,5.945,5.93,5.94,3857,2021-06-02 18:50:00,VRAY
5.94,5.94,5.94,5.94,350,2021-06-02 18:51:00,VRAY
5.95,5.95,5.95,5.95,100,2021-06-02 18:53:00,VRAY
5.95,5.95,5.9463,5.9463,400,2021-06-02 18:56:00,VRAY
5.95,5.95,5.945,5.95,800,2021-06-02 18:57:00,VRAY
5.95,5.95,5.95,5.95,1600,2021-06-02 19:00:00,VRAY
5.95,5.95,5.95,5.95,246,2021-06-02 19:01:00,VRAY
5.95,5.96,5.945,5.96,2606,2021-06-02 19:02:00,VRAY
5.955,5.96,5.955,5.96,2952,2021-06-02 19:06:00,VRAY
5.96,5.96,5.96,5.96,100,2021-06-02 19:08:00,VRAY
5.96,5.96,5.96,5.96,100,2021-06-02 19:09:00,VRAY
5.96,5.965,5.955,5.96,4520,2021-06-02 19:11:00,VRAY
5.955,5.955,5.95,5.95,203,2021-06-02 19:12:00,VRAY
5.95,5.96,5.95,5.96,400,2021-06-02 19:14:00,VRAY
5.96,5.96,5.955,5.955,7725,2021-06-02 19:15:00,VRAY
5.96,5.96,5.96,5.96,100,2021-06-02 19:16:00,VRAY
5.96,5.96,5.96,5.96,100,2021-06-02 19:17:00,VRAY
5.96,5.96,5.95,5.96,500,2021-06-02 19:18:00,VRAY
5.96,5.96,5.96,5.96,100,2021-06-02 19:19:00,VRAY
5.96,5.96,5.96,5.96,100,2021-06-02 19:20:00,VRAY
5.96,5.96,5.96,5.96,300,2021-06-02 19:21:00,VRAY
5.96,5.97,5.96,5.97,4414,2021-06-02 19:22:00,VRAY
5.97,5.97,5.965,5.965,600,2021-06-02 19:23:00,VRAY
5.9679,5.97,5.9679,5.97,1100,2021-06-02 19:24:00,VRAY
5.97,5.97,5.97,5.97,100,2021-06-02 19:25:00,VRAY
5.97,5.97,5.97,5.97,100,2021-06-02 19:26:00,VRAY
5.97,5.97,5.97,5.97,100,2021-06-02 19:27:00,VRAY
5.96,5.97,5.96,5.97,822,2021-06-02 19:28:00,VRAY
5.97,5.97,5.965,5.97,1200,2021-06-02 19:29:00,VRAY
5.97,5.975,5.965,5.975,5415,2021-06-02 19:30:00,VRAY
5.97,5.975,5.97,5.97,1152,2021-06-02 19:31:00,VRAY
5.975,5.975,5.97,5.9701,1636,2021-06-02 19:32:00,VRAY
5.975,5.975,5.965,5.965,2327,2021-06-02 19:33:00,VRAY
5.965,5.965,5.965,5.965,100,2021-06-02 19:34:00,VRAY
5.965,5.965,5.965,5.965,100,2021-06-02 19:35:00,VRAY
5.97,5.97,5.965,5.965,600,2021-06-02 19:36:00,VRAY
5.97,5.97,5.96,5.96,500,2021-06-02 19:37:00,VRAY
5.97,5.97,5.965,5.97,700,2021-06-02 19:38:00,VRAY
5.97,5.97,5.965,5.97,1640,2021-06-02 19:39:00,VRAY
5.975,5.975,5.975,5.975,100,2021-06-02 19:40:00,VRAY
5.97,5.977,5.97,5.975,800,2021-06-02 19:42:00,VRAY
5.975,5.975,5.96,5.96,5182,2021-06-02 19:43:00,VRAY
5.96,5.965,5.96,5.965,5014,2021-06-02 19:44:00,VRAY
5.965,5.97,5.965,5.97,664,2021-06-02 19:45:00,VRAY
5.965,5.965,5.965,5.965,400,2021-06-02 19:46:00,VRAY
5.965,5.97,5.965,5.965,1300,2021-06-02 19:47:00,VRAY
5.965,5.97,5.965,5.97,2100,2021-06-02 19:48:00,VRAY
5.97,5.97,5.97,5.97,600,2021-06-02 19:49:00,VRAY
5.97,5.97,5.96,5.965,3227,2021-06-02 19:50:00,VRAY
5.965,5.97,5.96,5.965,1200,2021-06-02 19:51:00,VRAY
5.96,5.965,5.96,5.965,2476,2021-06-02 19:52:00,VRAY
5.96,5.96,5.95,5.955,5849,2021-06-02 19:53:00,VRAY
5.96,5.965,5.955,5.9599,24534,2021-06-02 19:54:00,VRAY
5.955,5.96,5.95,5.955,12917,2021-06-02 19:55:00,VRAY
5.955,5.96,5.95,5.96,800,2021-06-02 19:56:00,VRAY
5.96,5.96,5.95,5.96,3822,2021-06-02 19:57:00,VRAY
5.96,5.98,5.95,5.975,20116,2021-06-02 19:58:00,VRAY
5.975,5.98,5.97,5.97,11302,2021-06-02 19:59:00,VRAY
5.97,5.97,5.97,5.97,51016,2021-06-02 20:00:00,VRAY
5.95,5.95,5.95,5.95,100,2021-06-02 23:59:00,VRAY
5.94,5.94,5.94,5.94,7019,2021-06-03 13:30:00,VRAY
5.94,5.97,5.94,5.97,750,2021-06-03 13:31:00,VRAY
5.97,5.98,5.94,5.95,2896,2021-06-03 13:32:00,VRAY
5.96,5.97,5.95,5.97,1691,2021-06-03 13:34:00,VRAY
5.96,5.96,5.93,5.94,1300,2021-06-03 13:35:00,VRAY
5.94,5.94,5.935,5.935,800,2021-06-03 13:36:00,VRAY
5.93,5.93,5.93,5.93,400,2021-06-03 13:37:00,VRAY
5.92,5.92,5.91,5.92,1690,2021-06-03 13:38:00,VRAY
5.91,5.91,5.89,5.89,1000,2021-06-03 13:39:00,VRAY
5.895,5.9,5.893,5.893,5273,2021-06-03 13:40:00,VRAY
5.89,5.89,5.87,5.87,1000,2021-06-03 13:41:00,VRAY
5.87,5.87,5.87,5.87,400,2021-06-03 13:42:00,VRAY
5.87,5.87,5.87,5.87,600,2021-06-03 13:43:00,VRAY
5.87,5.87,5.87,5.87,900,2021-06-03 13:44:00,VRAY
5.88,5.92,5.88,5.92,1300,2021-06-03 13:45:00,VRAY
5.91,5.91,5.91,5.91,1300,2021-06-03 13:47:00,VRAY
5.9101,5.9101,5.9,5.9,1575,2021-06-03 13:48:00,VRAY
5.89,5.895,5.88,5.88,1200,2021-06-03 13:49:00,VRAY
5.87,5.89,5.87,5.89,3321,2021-06-03 13:50:00,VRAY
5.89,5.89,5.87,5.87,2180,2021-06-03 13:51:00,VRAY
5.88,5.88,5.85,5.855,6260,2021-06-03 13:52:00,VRAY
5.85,5.85,5.83,5.83,5413,2021-06-03 13:53:00,VRAY
5.825,5.86,5.825,5.845,33829,2021-06-03 13:54:00,VRAY
5.845,5.85,5.845,5.845,7933,2021-06-03 13:55:00,VRAY
5.85,5.855,5.85,5.855,1300,2021-06-03 13:56:00,VRAY
5.86,5.865,5.85,5.855,2321,2021-06-03 13:57:00,VRAY
5.85,5.855,5.85,5.85,1995,2021-06-03 13:58:00,VRAY
5.85,5.85,5.845,5.85,5161,2021-06-03 13:59:00,VRAY
5.85,5.85,5.84,5.85,12408,2021-06-03 14:00:00,VRAY
5.85,5.85,5.85,5.85,186,2021-06-03 14:01:00,VRAY
5.84,5.91,5.835,5.905,5300,2021-06-03 14:02:00,VRAY
5.91,5.9347,5.91,5.93,1975,2021-06-03 14:03:00,VRAY
5.945,5.945,5.945,5.945,191,2021-06-03 14:04:00,VRAY
5.945,5.95,5.945,5.95,702,2021-06-03 14:05:00,VRAY
5.94,5.94,5.935,5.94,2400,2021-06-03 14:06:00,VRAY
5.95,5.955,5.95,5.955,317,2021-06-03 14:07:00,VRAY
5.95,5.955,5.95,5.955,1400,2021-06-03 14:08:00,VRAY
5.96,5.97,5.96,5.97,2400,2021-06-03 14:09:00,VRAY
5.98,5.98,5.965,5.965,2210,2021-06-03 14:10:00,VRAY
5.96,5.96,5.96,5.96,500,2021-06-03 14:11:00,VRAY
5.95,5.9501,5.95,5.9501,200,2021-06-03 14:12:00,VRAY
5.955,5.955,5.955,5.955,184,2021-06-03 14:14:00,VRAY
5.95,5.955,5.94,5.94,1299,2021-06-03 14:15:00,VRAY
5.94,5.95,5.94,5.94,5480,2021-06-03 14:16:00,VRAY
5.94,5.94,5.9322,5.9322,1561,2021-06-03 14:17:00,VRAY
5.935,5.935,5.935,5.935,1000,2021-06-03 14:18:00,VRAY
5.94,5.955,5.935,5.95,3601,2021-06-03 14:19:00,VRAY
5.955,5.955,5.955,5.955,300,2021-06-03 14:20:00,VRAY
5.955,5.965,5.955,5.965,1987,2021-06-03 14:21:00,VRAY
5.965,5.965,5.955,5.955,1821,2021-06-03 14:22:00,VRAY
5.9528,5.9528,5.9528,5.9528,500,2021-06-03 14:23:00,VRAY
5.955,5.955,5.95,5.95,586,2021-06-03 14:24:00,VRAY
5.95,5.95,5.95,5.95,1624,2021-06-03 14:25:00,VRAY
5.955,5.96,5.955,5.96,287,2021-06-03 14:26:00,VRAY
5.96,5.97,5.96,5.97,800,2021-06-03 14:28:00,VRAY
5.965,5.965,5.965,5.965,307,2021-06-03 14:29:00,VRAY
5.96,5.96,5.96,5.96,1000,2021-06-03 14:30:00,VRAY
5.97,5.98,5.97,5.975,1300,2021-06-03 14:31:00,VRAY
5.975,5.98,5.975,5.975,5049,2021-06-03 14:32:00,VRAY
5.975,5.98,5.975,5.975,1582,2021-06-03 14:33:00,VRAY
5.97,5.99,5.97,5.99,1050,2021-06-03 14:35:00,VRAY
5.995,5.9999,5.995,5.995,1506,2021-06-03 14:36:00,VRAY
5.995,6.01,5.995,6.005,1120,2021-06-03 14:37:00,VRAY
6.0,6.0,5.99,5.995,4495,2021-06-03 14:38:00,VRAY
5.995,5.995,5.99,5.99,300,2021-06-03 14:40:00,VRAY
5.995,6.005,5.995,6.005,2614,2021-06-03 14:42:00,VRAY
6.01,6.01,6.01,6.01,1150,2021-06-03 14:44:00,VRAY
6.02,6.03,6.02,6.025,722,2021-06-03 14:45:00,VRAY
6.03,6.03,6.025,6.025,900,2021-06-03 14:46:00,VRAY
6.03,6.05,6.03,6.05,2901,2021-06-03 14:47:00,VRAY
6.045,6.045,6.045,6.045,400,2021-06-03 14:48:00,VRAY
6.045,6.05,6.045,6.045,347,2021-06-03 14:49:00,VRAY
6.05,6.05,6.045,6.045,425,2021-06-03 14:50:00,VRAY
6.045,6.045,6.035,6.035,2704,2021-06-03 14:51:00,VRAY
6.03,6.03,6.03,6.03,300,2021-06-03 14:52:00,VRAY
6.035,6.035,6.035,6.035,194,2021-06-03 14:53:00,VRAY
6.035,6.035,6.035,6.035,200,2021-06-03 14:54:00,VRAY
6.03,6.035,6.03,6.035,431,2021-06-03 14:55:00,VRAY
6.035,6.04,6.035,6.04,900,2021-06-03 14:56:00,VRAY
6.03,6.035,6.03,6.035,200,2021-06-03 14:57:00,VRAY
6.03,6.04,6.03,6.04,1487,2021-06-03 14:58:00,VRAY
6.0499,6.05,6.0499,6.05,574,2021-06-03 14:59:00,VRAY
6.055,6.07,6.055,6.06,3830,2021-06-03 15:00:00,VRAY
6.05,6.05,6.05,6.05,400,2021-06-03 15:01:00,VRAY
6.06,6.06,6.055,6.055,207,2021-06-03 15:02:00,VRAY
6.055,6.055,6.04,6.04,2808,2021-06-03 15:03:00,VRAY
6.04,6.04,6.03,6.03,3907,2021-06-03 15:04:00,VRAY
6.025,6.04,6.025,6.035,3670,2021-06-03 15:05:00,VRAY
6.035,6.035,6.035,6.035,201,2021-06-03 15:08:00,VRAY
6.037,6.037,6.03,6.0327,797,2021-06-03 15:09:00,VRAY
6.03,6.03,6.01,6.01,1700,2021-06-03 15:10:00,VRAY
6.015,6.015,6.015,6.015,217,2021-06-03 15:11:00,VRAY
6.01,6.01,6.01,6.01,100,2021-06-03 15:12:00,VRAY
6.0135,6.0135,6.0135,6.0135,100,2021-06-03 15:13:00,VRAY
6.015,6.015,6.015,6.015,209,2021-06-03 15:14:00,VRAY
6.015,6.015,6.01,6.01,400,2021-06-03 15:15:00,VRAY
6.01,6.01,5.99,5.995,7136,2021-06-03 15:16:00,VRAY
5.99,5.99,5.99,5.99,100,2021-06-03 15:17:00,VRAY
5.99,5.995,5.99,5.99,329,2021-06-03 15:18:00,VRAY
5.9924,5.9924,5.99,5.99,800,2021-06-03 15:19:00,VRAY
5.98,5.98,5.98,5.98,100,2021-06-03 15:20:00,VRAY
5.985,5.985,5.985,5.985,1120,2021-06-03 15:21:00,VRAY
5.985,5.985,5.985,5.985,1100,2021-06-03 15:22:00,VRAY
5.98,5.985,5.98,5.985,321,2021-06-03 15:23:00,VRAY
5.985,5.99,5.985,5.985,3924,2021-06-03 15:24:00,VRAY
5.98,5.98,5.97,5.97,600,2021-06-03 15:25:00,VRAY
5.975,5.975,5.97,5.97,287,2021-06-03 15:26:00,VRAY
5.97,5.97,5.96,5.96,1829,2021-06-03 15:27:00,VRAY
5.96,5.9601,5.955,5.955,3647,2021-06-03 15:28:00,VRAY
5.955,5.965,5.955,5.965,600,2021-06-03 15:29:00,VRAY
5.9619,5.9619,5.9619,5.9619,1340,2021-06-03 15:31:00,VRAY
5.965,5.965,5.965,5.965,100,2021-06-03 15:32:00,VRAY
5.965,5.965,5.965,5.965,100,2021-06-03 15:33:00,VRAY
5.965,5.965,5.965,5.965,100,2021-06-03 15:34:00,VRAY
5.965,5.965,5.95,5.96,2999,2021-06-03 15:35:00,VRAY
5.955,5.96,5.955,5.96,1400,2021-06-03 15:36:00,VRAY
5.9699,5.97,5.965,5.965,7700,2021-06-03 15:38:00,VRAY
5.965,5.9655,5.965,5.9655,2200,2021-06-03 15:39:00,VRAY
5.965,5.965,5.965,5.965,100,2021-06-03 15:40:00,VRAY
5.965,5.965,5.96,5.96,1268,2021-06-03 15:41:00,VRAY
5.97,5.97,5.96,5.96,600,2021-06-03 15:43:00,VRAY
5.96,5.96,5.96,5.96,100,2021-06-03 15:45:00,VRAY
5.965,5.965,5.965,5.965,400,2021-06-03 15:47:00,VRAY
5.97,5.97,5.97,5.97,400,2021-06-03 15:48:00,VRAY
5.96,5.96,5.96,5.96,1420,2021-06-03 15:50:00,VRAY
5.96,5.96,5.95,5.952,1950,2021-06-03 15:53:00,VRAY
5.955,5.955,5.955,5.955,100,2021-06-03 15:55:00,VRAY
5.955,5.955,5.955,5.955,100,2021-06-03 15:56:00,VRAY
5.96,5.97,5.96,5.97,1100,2021-06-03 15:59:00,VRAY
5.97,5.99,5.97,5.99,3500,2021-06-03 16:00:00,VRAY
5.9801,6.005,5.9801,6.005,1916,2021-06-03 16:02:00,VRAY
6.02,6.025,6.02,6.02,1300,2021-06-03 16:04:00,VRAY
6.015,6.015,6.015,6.015,100,2021-06-03 16:05:00,VRAY
6.015,6.02,6.015,6.02,200,2021-06-03 16:06:00,VRAY
6.015,6.015,6.01,6.01,475,2021-06-03 16:07:00,VRAY
6.015,6.02,6.01,6.015,1489,2021-06-03 16:08:00,VRAY
6.02,6.02,6.02,6.02,300,2021-06-03 16:09:00,VRAY
6.03,6.03,6.02,6.02,854,2021-06-03 16:10:00,VRAY
6.02,6.02,6.02,6.02,400,2021-06-03 16:11:00,VRAY
6.025,6.025,6.015,6.015,1191,2021-06-03 16:12:00,VRAY
6.015,6.015,6.01,6.01,420,2021-06-03 16:16:00,VRAY
6.01,6.01,6.0,6.0,1714,2021-06-03 16:17:00,VRAY
6.005,6.005,6.005,6.005,100,2021-06-03 16:21:00,VRAY
6.005,6.009,6.005,6.009,250,2021-06-03 16:22:00,VRAY
6.005,6.005,6.005,6.005,100,2021-06-03 16:23:00,VRAY
6.005,6.01,6.0,6.01,1000,2021-06-03 16:24:00,VRAY
6.0033,6.01,6.0,6.0,785,2021-06-03 16:25:00,VRAY
6.01,6.015,6.005,6.015,1700,2021-06-03 16:28:00,VRAY
6.02,6.02,6.02,6.02,100,2021-06-03 16:29:00,VRAY
6.02,6.02,6.02,6.02,500,2021-06-03 16:30:00,VRAY
6.01,6.01,6.01,6.01,200,2021-06-03 16:31:00,VRAY
6.015,6.015,6.01,6.01,200,2021-06-03 16:32:00,VRAY
6.02,6.02,6.02,6.02,500,2021-06-03 16:33:00,VRAY
6.02,6.02,6.02,6.02,1999,2021-06-03 16:34:00,VRAY
6.025,6.025,6.025,6.025,200,2021-06-03 16:35:00,VRAY
6.03,6.04,6.03,6.035,4020,2021-06-03 16:37:00,VRAY
6.04,6.04,6.04,6.04,300,2021-06-03 16:39:00,VRAY
6.05,6.05,6.05,6.05,300,2021-06-03 16:40:00,VRAY
6.04,6.0473,6.04,6.0473,600,2021-06-03 16:41:00,VRAY
6.045,6.0468,6.045,6.0468,200,2021-06-03 16:42:00,VRAY
6.0426,6.0426,6.04,6.0401,1477,2021-06-03 16:43:00,VRAY
6.04,6.045,6.04,6.045,745,2021-06-03 16:44:00,VRAY
6.04,6.045,6.04,6.045,200,2021-06-03 16:45:00,VRAY
6.045,6.05,6.045,6.05,400,2021-06-03 16:46:00,VRAY
6.0499,6.0499,6.04,6.04,7000,2021-06-03 16:47:00,VRAY
6.0485,6.0499,6.02,6.025,16975,2021-06-03 16:48:00,VRAY
6.0276,6.03,6.02,6.025,3400,2021-06-03 16:49:00,VRAY
6.02,6.04,6.02,6.04,3500,2021-06-03 16:50:00,VRAY
6.04,6.045,6.04,6.045,200,2021-06-03 16:51:00,VRAY
6.045,6.045,6.045,6.045,112,2021-06-03 16:52:00,VRAY
6.0438,6.0438,6.0438,6.0438,100,2021-06-03 16:53:00,VRAY
6.0408,6.05,6.0408,6.05,400,2021-06-03 16:54:00,VRAY
6.045,6.045,6.0417,6.0417,1600,2021-06-03 16:55:00,VRAY
6.05,6.06,6.04,6.04,16627,2021-06-03 16:56:00,VRAY
6.045,6.045,6.04,6.04,1200,2021-06-03 16:58:00,VRAY
6.0427,6.045,6.03,6.03,3600,2021-06-03 17:02:00,VRAY
6.035,6.035,6.03,6.03,2600,2021-06-03 17:03:00,VRAY
6.03,6.03,6.02,6.025,15206,2021-06-03 17:04:00,VRAY
6.02,6.03,6.02,6.02,1800,2021-06-03 17:05:00,VRAY
6.0224,6.025,6.0224,6.025,450,2021-06-03 17:07:00,VRAY
6.03,6.03,6.03,6.03,100,2021-06-03 17:08:00,VRAY
6.02,6.03,6.02,6.03,300,2021-06-03 17:09:00,VRAY
6.03,6.04,6.025,6.04,3900,2021-06-03 17:10:00,VRAY
6.03,6.04,6.03,6.04,12057,2021-06-03 17:11:00,VRAY
6.04,6.05,6.04,6.05,8722,2021-06-03 17:12:00,VRAY
6.045,6.045,6.04,6.04,4189,2021-06-03 17:13:00,VRAY
6.04,6.04,6.04,6.04,1500,2021-06-03 17:14:00,VRAY
6.035,6.05,6.0331,6.043,3787,2021-06-03 17:15:00,VRAY
6.04,6.04,6.04,6.04,100,2021-06-03 17:16:00,VRAY
6.0402,6.0402,6.04,6.04,1100,2021-06-03 17:17:00,VRAY
6.045,6.045,6.045,6.045,275,2021-06-03 17:20:00,VRAY
6.045,6.045,6.045,6.045,100,2021-06-03 17:21:00,VRAY
6.045,6.045,6.045,6.045,210,2021-06-03 17:23:00,VRAY
6.045,6.05,6.045,6.05,220,2021-06-03 17:24:00,VRAY
6.04,6.05,6.04,6.0468,13815,2021-06-03 17:25:00,VRAY
6.049,6.0699,6.049,6.0699,2114,2021-06-03 17:26:00,VRAY
6.07,6.09,6.07,6.0895,7993,2021-06-03 17:27:00,VRAY
6.0839,6.09,6.07,6.075,6151,2021-06-03 17:28:00,VRAY
6.075,6.0899,6.075,6.0878,7700,2021-06-03 17:29:00,VRAY
6.0884,6.0884,6.0799,6.0799,7044,2021-06-03 17:30:00,VRAY
6.08,6.08,6.07,6.07,2560,2021-06-03 17:31:00,VRAY
6.075,6.09,6.075,6.08,3350,2021-06-03 17:32:00,VRAY
6.08,6.09,6.08,6.0866,7022,2021-06-03 17:33:00,VRAY
6.085,6.085,6.08,6.085,2229,2021-06-03 17:34:00,VRAY
6.0849,6.0849,6.07,6.07,7526,2021-06-03 17:35:00,VRAY
6.075,6.075,6.075,6.075,100,2021-06-03 17:38:00,VRAY
6.075,6.075,6.07,6.075,326,2021-06-03 17:39:00,VRAY
6.075,6.08,6.075,6.08,3012,2021-06-03 17:40:00,VRAY
6.075,6.08,6.07,6.07,3724,2021-06-03 17:41:00,VRAY
6.08,6.08,6.08,6.08,1503,2021-06-03 17:42:00,VRAY
6.0892,6.09,6.0892,6.09,1800,2021-06-03 17:43:00,VRAY
6.08,6.125,6.08,6.1,50473,2021-06-03 17:44:00,VRAY
6.1,6.1,6.09,6.09,9100,2021-06-03 17:45:00,VRAY
6.095,6.11,6.0901,6.11,5163,2021-06-03 17:46:00,VRAY
6.105,6.1084,6.105,6.105,3500,2021-06-03 17:47:00,VRAY
6.1,6.1,6.09,6.09,2313,2021-06-03 17:48:00,VRAY
6.09,6.09,6.085,6.085,1522,2021-06-03 17:49:00,VRAY
6.0899,6.0899,6.08,6.08,2800,2021-06-03 17:50:00,VRAY
6.08,6.08,6.08,6.08,1000,2021-06-03 17:51:00,VRAY
6.085,6.0966,6.085,6.095,7963,2021-06-03 17:52:00,VRAY
6.093,6.093,6.093,6.093,2000,2021-06-03 17:54:00,VRAY
6.095,6.11,6.095,6.11,4990,2021-06-03 17:55:00,VRAY
6.11,6.11,6.1,6.1,5832,2021-06-03 17:56:00,VRAY
6.1037,6.11,6.1037,6.11,799,2021-06-03 17:57:00,VRAY
6.1099,6.11,6.1077,6.11,5700,2021-06-03 17:58:00,VRAY
6.11,6.13,6.1099,6.13,6141,2021-06-03 17:59:00,VRAY
6.125,6.13,6.125,6.13,2000,2021-06-03 18:00:00,VRAY
6.13,6.13,6.1,6.1099,8597,2021-06-03 18:01:00,VRAY
6.11,6.11,6.11,6.11,1100,2021-06-03 18:02:00,VRAY
6.12,6.13,6.115,6.1201,7400,2021-06-03 18:04:00,VRAY
6.13,6.13,6.13,6.13,2500,2021-06-03 18:05:00,VRAY
6.1201,6.13,6.115,6.13,12310,2021-06-03 18:06:00,VRAY
6.1273,6.1273,6.12,6.125,1250,2021-06-03 18:07:00,VRAY
6.13,6.14,6.1279,6.14,3359,2021-06-03 18:08:00,VRAY
6.14,6.145,6.135,6.14,5180,2021-06-03 18:09:00,VRAY
6.15,6.15,6.125,6.125,5906,2021-06-03 18:10:00,VRAY
6.12,6.12,6.11,6.11,700,2021-06-03 18:11:00,VRAY
6.11,6.115,6.11,6.115,2000,2021-06-03 18:12:00,VRAY
6.115,6.115,6.115,6.115,1350,2021-06-03 18:13:00,VRAY
6.115,6.115,6.115,6.115,100,2021-06-03 18:14:00,VRAY
6.115,6.115,6.115,6.115,1000,2021-06-03 18:15:00,VRAY
6.115,6.115,6.115,6.115,300,2021-06-03 18:16:00,VRAY
6.12,6.12,6.12,6.12,100,2021-06-03 18:17:00,VRAY
6.11,6.11,6.1,6.1,7379,2021-06-03 18:18:00,VRAY
6.1,6.1041,6.1,6.1041,1574,2021-06-03 18:19:00,VRAY
6.105,6.105,6.105,6.105,100,2021-06-03 18:21:00,VRAY
6.105,6.105,6.105,6.105,100,2021-06-03 18:22:00,VRAY
6.105,6.105,6.105,6.105,230,2021-06-03 18:23:00,VRAY
6.1,6.1,6.09,6.09,16518,2021-06-03 18:24:00,VRAY
6.095,6.097,6.08,6.085,6195,2021-06-03 18:25:00,VRAY
6.08,6.09,6.08,6.09,2742,2021-06-03 18:26:00,VRAY
6.09,6.09,6.09,6.09,100,2021-06-03 18:27:00,VRAY
6.09,6.09,6.09,6.09,300,2021-06-03 18:28:00,VRAY
6.1,6.11,6.1,6.11,1345,2021-06-03 18:30:00,VRAY
6.11,6.11,6.11,6.11,500,2021-06-03 18:31:00,VRAY
6.115,6.115,6.1,6.1,1300,2021-06-03 18:32:00,VRAY
6.1061,6.1061,6.1061,6.1061,100,2021-06-03 18:33:00,VRAY
6.1,6.1,6.1,6.1,200,2021-06-03 18:34:00,VRAY
6.1,6.11,6.1,6.11,1721,2021-06-03 18:35:00,VRAY
6.11,6.11,6.11,6.11,1599,2021-06-03 18:36:00,VRAY
6.12,6.12,6.12,6.12,200,2021-06-03 18:38:00,VRAY
6.11,6.11,6.09,6.09,2145,2021-06-03 18:39:00,VRAY
6.095,6.1,6.095,6.0989,6972,2021-06-03 18:40:00,VRAY
6.0999,6.1,6.093,6.093,6894,2021-06-03 18:41:00,VRAY
6.093,6.093,6.0851,6.09,5473,2021-06-03 18:42:00,VRAY
6.09,6.1,6.09,6.1,398,2021-06-03 18:43:00,VRAY
6.0981,6.0981,6.0981,6.0981,132,2021-06-03 18:44:00,VRAY
6.1,6.1,6.1,6.1,534,2021-06-03 18:45:00,VRAY
6.1,6.1,6.095,6.095,200,2021-06-03 18:46:00,VRAY
6.095,6.1,6.095,6.1,3192,2021-06-03 18:47:00,VRAY
6.1,6.1,6.095,6.1,4132,2021-06-03 18:48:00,VRAY
6.1,6.1,6.1,6.1,600,2021-06-03 18:49:00,VRAY
6.1,6.1099,6.095,6.1,9172,2021-06-03 18:51:00,VRAY
6.1,6.1,6.09,6.095,986,2021-06-03 18:52:00,VRAY
6.095,6.0975,6.095,6.0975,2000,2021-06-03 18:53:00,VRAY
6.095,6.095,6.095,6.095,562,2021-06-03 18:54:00,VRAY
6.1,6.1,6.1,6.1,6803,2021-06-03 18:55:00,VRAY
6.095,6.095,6.095,6.095,100,2021-06-03 18:56:00,VRAY
6.095,6.1,6.095,6.1,300,2021-06-03 18:57:00,VRAY
6.1,6.1,6.1,6.1,1583,2021-06-03 18:58:00,VRAY
6.1,6.1,6.0901,6.1,3431,2021-06-03 18:59:00,VRAY
6.1,6.105,6.1,6.1,5027,2021-06-03 19:00:00,VRAY
6.1,6.1,6.1,6.1,998,2021-06-03 19:01:00,VRAY
6.0976,6.0976,6.0976,6.0976,500,2021-06-03 19:02:00,VRAY
6.1,6.1,6.1,6.1,100,2021-06-03 19:03:00,VRAY
6.1,6.1,6.09,6.1,974,2021-06-03 19:05:00,VRAY
6.1,6.1,6.1,6.1,3926,2021-06-03 19:06:00,VRAY
6.1,6.1,6.1,6.1,500,2021-06-03 19:07:00,VRAY
6.095,6.1,6.091,6.091,3500,2021-06-03 19:08:00,VRAY
6.1,6.105,6.1,6.1,3800,2021-06-03 19:09:00,VRAY
6.1,6.11,6.1,6.1,2113,2021-06-03 19:10:00,VRAY
6.1,6.1,6.1,6.1,1130,2021-06-03 19:11:00,VRAY
6.105,6.105,6.105,6.105,2500,2021-06-03 19:12:00,VRAY
6.1015,6.11,6.1,6.11,10025,2021-06-03 19:13:00,VRAY
6.1,6.1,6.09,6.1,17729,2021-06-03 19:14:00,VRAY
6.1,6.1,6.099,6.099,2900,2021-06-03 19:15:00,VRAY
6.1,6.105,6.0963,6.1,5755,2021-06-03 19:16:00,VRAY
6.09,6.1,6.09,6.1,850,2021-06-03 19:18:00,VRAY
6.0923,6.095,6.0923,6.095,511,2021-06-03 19:19:00,VRAY
6.09,6.09,6.09,6.09,2844,2021-06-03 19:20:00,VRAY
6.085,6.085,6.085,6.085,316,2021-06-03 19:21:00,VRAY
6.08,6.09,6.08,6.09,3100,2021-06-03 19:23:00,VRAY
6.09,6.1,6.09,6.09,7084,2021-06-03 19:24:00,VRAY
6.0858,6.0858,6.08,6.085,3000,2021-06-03 19:25:00,VRAY
6.0855,6.1,6.085,6.0916,9733,2021-06-03 19:26:00,VRAY
6.091,6.091,6.08,6.085,9798,2021-06-03 19:27:00,VRAY
6.08,6.08,6.08,6.08,100,2021-06-03 19:28:00,VRAY
6.085,6.09,6.085,6.085,1616,2021-06-03 19:29:00,VRAY
6.08,6.095,6.08,6.095,4916,2021-06-03 19:30:00,VRAY
6.095,6.1,6.095,6.095,1700,2021-06-03 19:32:00,VRAY
6.0901,6.095,6.09,6.0939,12475,2021-06-03 19:33:00,VRAY
6.095,6.095,6.09,6.09,600,2021-06-03 19:34:00,VRAY
6.09,6.09,6.09,6.09,100,2021-06-03 19:35:00,VRAY
6.0935,6.0935,6.09,6.09,350,2021-06-03 19:36:00,VRAY
6.09,6.09,6.09,6.09,100,2021-06-03 19:37:00,VRAY
6.095,6.095,6.095,6.095,700,2021-06-03 19:38:00,VRAY
6.09,6.0925,6.09,6.09,820,2021-06-03 19:39:00,VRAY
6.095,6.1,6.09,6.095,954,2021-06-03 19:40:00,VRAY
6.09,6.095,6.09,6.095,500,2021-06-03 19:41:00,VRAY
6.095,6.095,6.09,6.095,500,2021-06-03 19:42:00,VRAY
6.09,6.0964,6.09,6.09,320,2021-06-03 19:43:00,VRAY
6.09,6.095,6.09,6.09,800,2021-06-03 19:44:00,VRAY
6.09,6.095,6.09,6.09,460,2021-06-03 19:45:00,VRAY
6.095,6.095,6.09,6.09,680,2021-06-03 19:46:00,VRAY
6.09,6.095,6.09,6.092,500,2021-06-03 19:47:00,VRAY
6.09,6.09,6.08,6.0873,8483,2021-06-03 19:48:00,VRAY
6.08,6.09,6.08,6.0899,864,2021-06-03 19:49:00,VRAY
6.09,6.1,6.085,6.095,11294,2021-06-03 19:50:00,VRAY
6.0977,6.0999,6.09,6.09,3633,2021-06-03 19:51:00,VRAY
6.09,6.0977,6.09,6.095,1680,2021-06-03 19:52:00,VRAY
6.095,6.1,6.09,6.1,1016,2021-06-03 19:53:00,VRAY
6.095,6.13,6.09,6.125,18191,2021-06-03 19:54:00,VRAY
6.12,6.13,6.12,6.12,1100,2021-06-03 19:55:00,VRAY
6.125,6.14,6.12,6.14,6194,2021-06-03 19:56:00,VRAY
6.14,6.14,6.13,6.14,8489,2021-06-03 19:57:00,VRAY
6.135,6.14,6.12,6.12,18995,2021-06-03 19:58:00,VRAY
6.115,6.12,6.1,6.11,19076,2021-06-03 19:59:00,VRAY
6.11,6.11,6.11,6.11,70900,2021-06-03 20:00:00,VRAY
6.11,6.11,6.11,6.11,1191,2021-06-03 20:01:00,VRAY
6.12,6.12,6.11,6.11,6234,2021-06-04 13:30:00,VRAY
6.11,6.11,6.1,6.1,635,2021-06-04 13:31:00,VRAY
6.12,6.15,6.12,6.1499,1092,2021-06-04 13:32:00,VRAY
6.12,6.12,6.12,6.12,200,2021-06-04 13:33:00,VRAY
6.12,6.12,6.11,6.11,400,2021-06-04 13:34:00,VRAY
6.11,6.12,6.11,6.11,300,2021-06-04 13:35:00,VRAY
6.11,6.11,6.11,6.11,100,2021-06-04 13:36:00,VRAY
6.11,6.12,6.11,6.12,687,2021-06-04 13:37:00,VRAY
6.13,6.13,6.13,6.13,500,2021-06-04 13:38:00,VRAY
6.135,6.14,6.12,6.14,7586,2021-06-04 13:39:00,VRAY
6.14,6.1496,6.14,6.14,960,2021-06-04 13:40:00,VRAY
6.15,6.185,6.145,6.175,10982,2021-06-04 13:41:00,VRAY
6.18,6.18,6.15,6.1699,3939,2021-06-04 13:42:00,VRAY
6.1699,6.18,6.15,6.155,9872,2021-06-04 13:43:00,VRAY
6.155,6.1573,6.155,6.155,3816,2021-06-04 13:44:00,VRAY
6.1585,6.21,6.155,6.21,4738,2021-06-04 13:45:00,VRAY
6.22,6.23,6.215,6.23,3815,2021-06-04 13:46:00,VRAY
6.23,6.25,6.23,6.25,2385,2021-06-04 13:47:00,VRAY
6.24,6.245,6.2301,6.2301,2067,2021-06-04 13:48:00,VRAY
6.24,6.2499,6.235,6.245,2761,2021-06-04 13:49:00,VRAY
6.2468,6.265,6.24,6.24,16782,2021-06-04 13:50:00,VRAY
6.24,6.255,6.23,6.23,4642,2021-06-04 13:51:00,VRAY
6.23,6.25,6.22,6.24,16544,2021-06-04 13:52:00,VRAY
6.23,6.23,6.2,6.2,2400,2021-06-04 13:53:00,VRAY
6.2,6.2,6.175,6.18,1900,2021-06-04 13:54:00,VRAY
6.19,6.19,6.18,6.18,300,2021-06-04 13:55:00,VRAY
6.18,6.18,6.17,6.175,500,2021-06-04 13:56:00,VRAY
6.17,6.175,6.17,6.175,400,2021-06-04 13:57:00,VRAY
6.17,6.17,6.16,6.16,600,2021-06-04 13:58:00,VRAY
6.17,6.17,6.17,6.17,425,2021-06-04 13:59:00,VRAY
6.17,6.17,6.16,6.16,350,2021-06-04 14:00:00,VRAY
6.17,6.175,6.17,6.17,1300,2021-06-04 14:01:00,VRAY
6.17,6.175,6.17,6.175,1300,2021-06-04 14:02:00,VRAY
6.17,6.17,6.17,6.17,826,2021-06-04 14:03:00,VRAY
6.175,6.1765,6.175,6.1765,1350,2021-06-04 14:04:00,VRAY
6.175,6.185,6.16,6.17,23065,2021-06-04 14:05:00,VRAY
6.17,6.175,6.165,6.17,7600,2021-06-04 14:06:00,VRAY
6.17,6.175,6.16,6.17,7420,2021-06-04 14:07:00,VRAY
6.18,6.18,6.175,6.175,600,2021-06-04 14:10:00,VRAY
6.175,6.175,6.175,6.175,100,2021-06-04 14:11:00,VRAY
6.17,6.17,6.17,6.17,200,2021-06-04 14:12:00,VRAY
6.17,6.17,6.145,6.15,17600,2021-06-04 14:13:00,VRAY
6.14,6.14,6.11,6.11,5800,2021-06-04 14:14:00,VRAY
6.11,6.117,6.09,6.1,3148,2021-06-04 14:16:00,VRAY
6.095,6.095,6.09,6.095,761,2021-06-04 14:17:00,VRAY
6.09,6.09,6.08,6.08,200,2021-06-04 14:18:00,VRAY
6.085,6.085,6.05,6.06,6152,2021-06-04 14:19:00,VRAY
6.06,6.075,6.06,6.075,3259,2021-06-04 14:20:00,VRAY
6.08,6.0801,6.08,6.08,1636,2021-06-04 14:21:00,VRAY
6.08,6.08,6.075,6.075,1035,2021-06-04 14:22:00,VRAY
6.08,6.13,6.08,6.125,14950,2021-06-04 14:23:00,VRAY
6.125,6.13,6.125,6.13,300,2021-06-04 14:24:00,VRAY
6.13,6.135,6.13,6.13,2191,2021-06-04 14:25:00,VRAY
6.1299,6.1299,6.1299,6.1299,300,2021-06-04 14:26:00,VRAY
6.12,6.12,6.12,6.12,203,2021-06-04 14:27:00,VRAY
6.125,6.14,6.125,6.14,930,2021-06-04 14:28:00,VRAY
6.145,6.145,6.145,6.145,100,2021-06-04 14:29:00,VRAY
6.15,6.15,6.14,6.145,1202,2021-06-04 14:30:00,VRAY
6.145,6.145,6.145,6.145,200,2021-06-04 14:31:00,VRAY
6.14,6.14,6.14,6.14,100,2021-06-04 14:32:00,VRAY
6.145,6.145,6.145,6.145,100,2021-06-04 14:33:00,VRAY
6.15,6.16,6.15,6.16,3700,2021-06-04 14:35:00,VRAY
6.16,6.16,6.16,6.16,700,2021-06-04 14:36:00,VRAY
6.165,6.165,6.165,6.165,100,2021-06-04 14:37:00,VRAY
6.165,6.165,6.165,6.165,300,2021-06-04 14:39:00,VRAY
6.165,6.165,6.165,6.165,200,2021-06-04 14:41:00,VRAY
6.165,6.17,6.165,6.165,400,2021-06-04 14:42:00,VRAY
6.17,6.175,6.17,6.17,37562,2021-06-04 14:43:00,VRAY
6.165,6.17,6.16,6.17,4022,2021-06-04 14:45:00,VRAY
6.17,6.175,6.17,6.17,3929,2021-06-04 14:46:00,VRAY
6.165,6.175,6.165,6.17,2200,2021-06-04 14:47:00,VRAY
6.165,6.165,6.165,6.165,200,2021-06-04 14:49:00,VRAY
6.165,6.165,6.165,6.165,200,2021-06-04 14:51:00,VRAY
6.17,6.175,6.17,6.17,3900,2021-06-04 14:52:00,VRAY
6.165,6.175,6.165,6.17,4307,2021-06-04 14:53:00,VRAY
6.17,6.175,6.17,6.175,600,2021-06-04 14:54:00,VRAY
6.175,6.175,6.175,6.175,100,2021-06-04 14:55:00,VRAY
6.17,6.1776,6.17,6.175,1420,2021-06-04 14:56:00,VRAY
6.18,6.18,6.17,6.1768,755,2021-06-04 14:57:00,VRAY
6.18,6.18,6.18,6.18,1500,2021-06-04 14:58:00,VRAY
6.17,6.18,6.17,6.18,500,2021-06-04 14:59:00,VRAY
6.18,6.18,6.175,6.1766,501,2021-06-04 15:00:00,VRAY
6.1748,6.1748,6.1748,6.1748,300,2021-06-04 15:02:00,VRAY
6.175,6.175,6.175,6.175,200,2021-06-04 15:03:00,VRAY
6.18,6.18,6.1703,6.1703,600,2021-06-04 15:04:00,VRAY
6.18,6.195,6.18,6.195,2302,2021-06-04 15:05:00,VRAY
6.2,6.21,6.2,6.21,2967,2021-06-04 15:06:00,VRAY
6.21,6.21,6.21,6.21,100,2021-06-04 15:07:00,VRAY
6.2099,6.2099,6.2099,6.2099,500,2021-06-04 15:08:00,VRAY
6.205,6.205,6.205,6.205,100,2021-06-04 15:09:00,VRAY
6.205,6.21,6.205,6.21,1611,2021-06-04 15:10:00,VRAY
6.22,6.23,6.22,6.23,2531,2021-06-04 15:11:00,VRAY
6.23,6.23,6.225,6.225,400,2021-06-04 15:12:00,VRAY
6.225,6.225,6.22,6.2213,13120,2021-06-04 15:13:00,VRAY
6.225,6.225,6.22,6.225,1800,2021-06-04 15:14:00,VRAY
6.23,6.235,6.23,6.235,12600,2021-06-04 15:15:00,VRAY
6.235,6.255,6.235,6.255,10418,2021-06-04 15:16:00,VRAY
6.255,6.255,6.255,6.255,100,2021-06-04 15:17:00,VRAY
6.255,6.26,6.25,6.25,4820,2021-06-04 15:18:00,VRAY
6.255,6.26,6.255,6.255,300,2021-06-04 15:19:00,VRAY
6.255,6.255,6.255,6.255,600,2021-06-04 15:20:00,VRAY
6.26,6.26,6.255,6.255,300,2021-06-04 15:21:00,VRAY
6.255,6.255,6.255,6.255,100,2021-06-04 15:22:00,VRAY
6.255,6.255,6.255,6.255,300,2021-06-04 15:23:00,VRAY
6.26,6.265,6.255,6.265,1200,2021-06-04 15:24:00,VRAY
6.265,6.27,6.265,6.27,1300,2021-06-04 15:25:00,VRAY
6.2775,6.2775,6.2775,6.2775,100,2021-06-04 15:26:00,VRAY
6.275,6.3,6.27,6.3,9746,2021-06-04 15:27:00,VRAY
6.31,6.33,6.3099,6.32,15829,2021-06-04 15:28:00,VRAY
6.32,6.32,6.3099,6.3099,2182,2021-06-04 15:29:00,VRAY
6.3,6.3,6.3,6.3,800,2021-06-04 15:31:00,VRAY
6.29,6.29,6.27,6.27,3900,2021-06-04 15:32:00,VRAY
6.2739,6.28,6.27,6.28,11415,2021-06-04 15:33:00,VRAY
6.295,6.295,6.29,6.292,400,2021-06-04 15:34:00,VRAY
6.295,6.295,6.29,6.29,837,2021-06-04 15:35:00,VRAY
6.29,6.29,6.29,6.29,2100,2021-06-04 15:36:00,VRAY
6.285,6.285,6.28,6.28,1036,2021-06-04 15:37:00,VRAY
6.28,6.28,6.28,6.28,700,2021-06-04 15:38:00,VRAY
6.3,6.305,6.3,6.305,1418,2021-06-04 15:39:00,VRAY
6.3025,6.3096,6.3025,6.3096,300,2021-06-04 15:40:00,VRAY
6.3001,6.3099,6.3001,6.3099,2392,2021-06-04 15:41:00,VRAY
6.3,6.31,6.3,6.3,3480,2021-06-04 15:43:00,VRAY
6.29,6.3,6.29,6.3,10700,2021-06-04 15:45:00,VRAY
6.3,6.31,6.295,6.31,8000,2021-06-04 15:46:00,VRAY
6.32,6.325,6.32,6.325,500,2021-06-04 15:47:00,VRAY
6.329,6.335,6.3285,6.335,12400,2021-06-04 15:48:00,VRAY
6.335,6.34,6.33,6.33,3253,2021-06-04 15:49:00,VRAY
6.339,6.339,6.339,6.339,500,2021-06-04 15:50:00,VRAY
6.34,6.35,6.34,6.345,1315,2021-06-04 15:51:00,VRAY
6.345,6.35,6.345,6.35,2713,2021-06-04 15:52:00,VRAY
6.36,6.36,6.355,6.3596,1700,2021-06-04 15:53:00,VRAY
6.355,6.355,6.35,6.35,3900,2021-06-04 15:54:00,VRAY
6.355,6.36,6.355,6.355,5000,2021-06-04 15:55:00,VRAY
6.355,6.355,6.355,6.355,400,2021-06-04 15:56:00,VRAY
6.355,6.355,6.355,6.355,807,2021-06-04 15:57:00,VRAY
6.355,6.355,6.355,6.355,300,2021-06-04 15:58:00,VRAY
6.36,6.36,6.355,6.355,400,2021-06-04 15:59:00,VRAY
6.36,6.37,6.355,6.355,4447,2021-06-04 16:00:00,VRAY
6.36,6.36,6.355,6.355,300,2021-06-04 16:01:00,VRAY
6.36,6.36,6.3501,6.3501,600,2021-06-04 16:02:00,VRAY
6.36,6.36,6.353,6.36,700,2021-06-04 16:03:00,VRAY
6.35,6.35,6.345,6.35,1597,2021-06-04 16:04:00,VRAY
6.35,6.38,6.35,6.38,14222,2021-06-04 16:05:00,VRAY
6.38,6.38,6.37,6.375,6657,2021-06-04 16:06:00,VRAY
6.375,6.38,6.3701,6.38,1047,2021-06-04 16:07:00,VRAY
6.3895,6.4,6.3895,6.4,1200,2021-06-04 16:08:00,VRAY
6.4,6.42,6.39,6.39,13731,2021-06-04 16:09:00,VRAY
6.395,6.395,6.395,6.395,100,2021-06-04 16:10:00,VRAY
6.395,6.395,6.38,6.38,3700,2021-06-04 16:11:00,VRAY
6.3777,6.3777,6.3777,6.3777,156,2021-06-04 16:12:00,VRAY
6.375,6.375,6.37,6.375,1900,2021-06-04 16:13:00,VRAY
6.38,6.3899,6.38,6.3823,3068,2021-06-04 16:14:00,VRAY
6.38,6.38,6.375,6.375,5025,2021-06-04 16:15:00,VRAY
6.38,6.38,6.38,6.38,300,2021-06-04 16:18:00,VRAY
6.38,6.385,6.38,6.38,628,2021-06-04 16:19:00,VRAY
6.385,6.39,6.37,6.37,6791,2021-06-04 16:20:00,VRAY
6.37,6.37,6.37,6.37,300,2021-06-04 16:21:00,VRAY
6.36,6.36,6.34,6.34,5738,2021-06-04 16:22:00,VRAY
6.34,6.35,6.34,6.345,2100,2021-06-04 16:23:00,VRAY
6.35,6.365,6.35,6.365,2900,2021-06-04 16:24:00,VRAY
6.365,6.365,6.365,6.365,100,2021-06-04 16:25:00,VRAY
6.365,6.37,6.365,6.365,747,2021-06-04 16:26:00,VRAY
6.36,6.36,6.36,6.36,100,2021-06-04 16:28:00,VRAY
6.365,6.37,6.365,6.365,1186,2021-06-04 16:29:00,VRAY
6.365,6.365,6.365,6.365,200,2021-06-04 16:31:00,VRAY
6.365,6.365,6.365,6.365,100,2021-06-04 16:32:00,VRAY
6.3675,6.3675,6.3601,6.3601,2700,2021-06-04 16:33:00,VRAY
6.365,6.365,6.365,6.365,300,2021-06-04 16:34:00,VRAY
6.365,6.365,6.36,6.36,1572,2021-06-04 16:35:00,VRAY
6.365,6.365,6.365,6.365,399,2021-06-04 16:36:00,VRAY
6.365,6.365,6.34,6.34,4744,2021-06-04 16:37:00,VRAY
6.34,6.34,6.34,6.34,700,2021-06-04 16:38:00,VRAY
6.34,6.345,6.34,6.345,600,2021-06-04 16:39:00,VRAY
6.35,6.35,6.35,6.35,200,2021-06-04 16:40:00,VRAY
6.3454,6.3454,6.345,6.345,1100,2021-06-04 16:41:00,VRAY
6.34,6.34,6.33,6.33,2256,2021-06-04 16:43:00,VRAY
6.34,6.35,6.34,6.3406,4900,2021-06-04 16:44:00,VRAY
6.35,6.35,6.35,6.35,200,2021-06-04 16:45:00,VRAY
6.35,6.35,6.35,6.35,400,2021-06-04 16:48:00,VRAY
6.355,6.36,6.355,6.36,300,2021-06-04 16:49:00,VRAY
6.355,6.355,6.355,6.355,600,2021-06-04 16:50:00,VRAY
6.36,6.365,6.36,6.365,2957,2021-06-04 16:52:00,VRAY
6.365,6.37,6.365,6.365,3532,2021-06-04 16:53:00,VRAY
6.365,6.365,6.36,6.36,1031,2021-06-04 16:54:00,VRAY
6.365,6.365,6.365,6.365,100,2021-06-04 16:55:00,VRAY
6.365,6.37,6.36,6.36,2422,2021-06-04 16:57:00,VRAY
6.3656,6.3656,6.3656,6.3656,100,2021-06-04 16:58:00,VRAY
6.37,6.37,6.37,6.37,100,2021-06-04 16:59:00,VRAY
6.365,6.365,6.365,6.365,400,2021-06-04 17:00:00,VRAY
6.365,6.365,6.365,6.365,100,2021-06-04 17:01:00,VRAY
6.37,6.37,6.37,6.37,300,2021-06-04 17:02:00,VRAY
6.365,6.365,6.36,6.365,1770,2021-06-04 17:06:00,VRAY
6.363,6.363,6.363,6.363,500,2021-06-04 17:07:00,VRAY
6.37,6.38,6.37,6.375,2627,2021-06-04 17:08:00,VRAY
6.375,6.375,6.375,6.375,354,2021-06-04 17:09:00,VRAY
6.38,6.385,6.375,6.38,2792,2021-06-04 17:10:00,VRAY
6.38,6.38,6.37,6.375,4268,2021-06-04 17:11:00,VRAY
6.3778,6.39,6.3778,6.39,2426,2021-06-04 17:13:00,VRAY
6.395,6.395,6.395,6.395,100,2021-06-04 17:14:00,VRAY
6.395,6.395,6.395,6.395,100,2021-06-04 17:15:00,VRAY
6.39,6.395,6.39,6.395,400,2021-06-04 17:16:00,VRAY
6.39,6.39,6.39,6.39,200,2021-06-04 17:17:00,VRAY
6.395,6.395,6.395,6.395,100,2021-06-04 17:18:00,VRAY
6.4,6.43,6.395,6.43,11700,2021-06-04 17:20:00,VRAY
6.435,6.435,6.42,6.42,900,2021-06-04 17:21:00,VRAY
6.42,6.42,6.42,6.42,100,2021-06-04 17:22:00,VRAY
6.41,6.415,6.41,6.415,1100,2021-06-04 17:23:00,VRAY
6.42,6.42,6.415,6.42,1747,2021-06-04 17:24:00,VRAY
6.425,6.43,6.425,6.43,710,2021-06-04 17:25:00,VRAY
6.43,6.43,6.41,6.4299,8932,2021-06-04 17:26:00,VRAY
6.43,6.44,6.43,6.44,1142,2021-06-04 17:30:00,VRAY
6.44,6.44,6.4377,6.44,900,2021-06-04 17:32:00,VRAY
6.43,6.43,6.43,6.43,100,2021-06-04 17:35:00,VRAY
6.435,6.435,6.435,6.435,100,2021-06-04 17:36:00,VRAY
6.43,6.43,6.42,6.42,2234,2021-06-04 17:38:00,VRAY
6.43,6.43,6.43,6.43,400,2021-06-04 17:39:00,VRAY
6.43,6.43,6.43,6.43,925,2021-06-04 17:40:00,VRAY
6.4271,6.4273,6.41,6.41,10240,2021-06-04 17:41:00,VRAY
6.4097,6.4097,6.4097,6.4097,300,2021-06-04 17:44:00,VRAY
6.405,6.41,6.405,6.41,932,2021-06-04 17:45:00,VRAY
6.405,6.41,6.405,6.41,462,2021-06-04 17:46:00,VRAY
6.405,6.41,6.4,6.41,800,2021-06-04 17:47:00,VRAY
6.405,6.408,6.405,6.405,800,2021-06-04 17:48:00,VRAY
6.405,6.405,6.405,6.405,100,2021-06-04 17:49:00,VRAY
6.405,6.405,6.405,6.405,100,2021-06-04 17:50:00,VRAY
6.405,6.405,6.4,6.4,400,2021-06-04 17:51:00,VRAY
6.405,6.405,6.405,6.405,100,2021-06-04 17:52:00,VRAY
6.405,6.405,6.405,6.405,200,2021-06-04 17:53:00,VRAY
6.405,6.405,6.405,6.405,400,2021-06-04 17:54:00,VRAY
6.405,6.405,6.405,6.405,100,2021-06-04 17:55:00,VRAY
6.405,6.405,6.405,6.405,300,2021-06-04 17:56:00,VRAY
6.405,6.405,6.405,6.405,200,2021-06-04 17:57:00,VRAY
6.405,6.405,6.405,6.405,500,2021-06-04 17:58:00,VRAY
6.405,6.405,6.405,6.405,100,2021-06-04 18:00:00,VRAY
6.405,6.405,6.4,6.405,800,2021-06-04 18:01:00,VRAY
6.4,6.4,6.39,6.4,11081,2021-06-04 18:02:00,VRAY
6.39,6.4,6.39,6.4,600,2021-06-04 18:06:00,VRAY
6.4,6.4,6.4,6.4,700,2021-06-04 18:09:00,VRAY
6.4,6.4,6.4,6.4,300,2021-06-04 18:10:00,VRAY
6.4,6.4,6.39,6.39,400,2021-06-04 18:12:00,VRAY
6.4,6.4,6.395,6.3991,8470,2021-06-04 18:13:00,VRAY
6.4,6.4,6.4,6.4,100,2021-06-04 18:14:00,VRAY
6.4,6.407,6.4,6.407,1887,2021-06-04 18:15:00,VRAY
6.405,6.405,6.4,6.4,700,2021-06-04 18:16:00,VRAY
6.4,6.405,6.38,6.38,4306,2021-06-04 18:17:00,VRAY
6.38,6.385,6.375,6.375,3455,2021-06-04 18:18:00,VRAY
6.38,6.38,6.3743,6.3743,543,2021-06-04 18:19:00,VRAY
6.38,6.38,6.38,6.38,1450,2021-06-04 18:21:00,VRAY
6.385,6.395,6.385,6.39,4701,2021-06-04 18:22:00,VRAY
6.395,6.395,6.39,6.39,505,2021-06-04 18:23:00,VRAY
6.39,6.39,6.39,6.39,357,2021-06-04 18:24:00,VRAY
6.39,6.4,6.39,6.4,5102,2021-06-04 18:25:00,VRAY
6.395,6.395,6.395,6.395,100,2021-06-04 18:27:00,VRAY
6.39,6.39,6.38,6.38,2349,2021-06-04 18:28:00,VRAY
6.39,6.39,6.385,6.385,400,2021-06-04 18:29:00,VRAY
6.38,6.39,6.38,6.39,1100,2021-06-04 18:30:00,VRAY
6.395,6.395,6.395,6.395,700,2021-06-04 18:31:00,VRAY
6.3901,6.3901,6.39,6.39,350,2021-06-04 18:32:00,VRAY
6.39,6.39,6.37,6.38,4900,2021-06-04 18:34:00,VRAY
6.375,6.38,6.375,6.38,937,2021-06-04 18:37:00,VRAY
6.375,6.375,6.375,6.375,800,2021-06-04 18:38:00,VRAY
6.3701,6.3701,6.3701,6.3701,500,2021-06-04 18:39:00,VRAY
6.38,6.38,6.375,6.375,393,2021-06-04 18:40:00,VRAY
6.38,6.38,6.375,6.375,200,2021-06-04 18:41:00,VRAY
6.375,6.375,6.37,6.375,300,2021-06-04 18:42:00,VRAY
6.375,6.375,6.375,6.375,100,2021-06-04 18:43:00,VRAY
6.375,6.375,6.375,6.375,300,2021-06-04 18:44:00,VRAY
6.38,6.38,6.38,6.38,1777,2021-06-04 18:45:00,VRAY
6.38,6.385,6.38,6.385,370,2021-06-04 18:46:00,VRAY
6.3808,6.3808,6.3808,6.3808,600,2021-06-04 18:48:00,VRAY
6.3868,6.3868,6.3868,6.3868,360,2021-06-04 18:49:00,VRAY
6.39,6.405,6.39,6.4,9451,2021-06-04 18:50:00,VRAY
6.4,6.4,6.4,6.4,158,2021-06-04 18:51:00,VRAY
6.395,6.395,6.39,6.395,500,2021-06-04 18:52:00,VRAY
6.4,6.405,6.4,6.4,3830,2021-06-04 18:54:00,VRAY
6.4,6.405,6.4,6.405,300,2021-06-04 18:55:00,VRAY
6.405,6.405,6.4,6.405,1100,2021-06-04 18:56:00,VRAY
6.4,6.405,6.4,6.4,300,2021-06-04 18:57:00,VRAY
6.405,6.405,6.39,6.39,2101,2021-06-04 18:58:00,VRAY
6.4,6.405,6.4,6.405,3100,2021-06-04 19:00:00,VRAY
6.405,6.405,6.4,6.405,600,2021-06-04 19:01:00,VRAY
6.4,6.405,6.4,6.4,600,2021-06-04 19:02:00,VRAY
6.4021,6.405,6.39,6.39,7984,2021-06-04 19:03:00,VRAY
6.395,6.395,6.395,6.395,100,2021-06-04 19:04:00,VRAY
6.4,6.4067,6.395,6.4067,2500,2021-06-04 19:06:00,VRAY
6.405,6.405,6.405,6.405,100,2021-06-04 19:07:00,VRAY
6.405,6.41,6.405,6.405,2300,2021-06-04 19:08:00,VRAY
6.41,6.41,6.4,6.405,2000,2021-06-04 19:09:00,VRAY
6.4063,6.4063,6.4012,6.405,3133,2021-06-04 19:10:00,VRAY
6.41,6.41,6.41,6.41,300,2021-06-04 19:11:00,VRAY
6.405,6.41,6.405,6.41,982,2021-06-04 19:12:00,VRAY
6.405,6.41,6.405,6.41,4560,2021-06-04 19:13:00,VRAY
6.41,6.41,6.4,6.41,3455,2021-06-04 19:14:00,VRAY
6.41,6.42,6.41,6.415,3100,2021-06-04 19:15:00,VRAY
6.415,6.415,6.415,6.415,350,2021-06-04 19:16:00,VRAY
6.415,6.415,6.415,6.415,200,2021-06-04 19:17:00,VRAY
6.415,6.415,6.415,6.415,1300,2021-06-04 19:18:00,VRAY
6.41,6.43,6.41,6.415,9511,2021-06-04 19:19:00,VRAY
6.43,6.44,6.425,6.44,4816,2021-06-04 19:20:00,VRAY
6.435,6.46,6.435,6.46,7823,2021-06-04 19:21:00,VRAY
6.46,6.465,6.46,6.46,1473,2021-06-04 19:22:00,VRAY
6.465,6.47,6.465,6.47,1420,2021-06-04 19:23:00,VRAY
6.47,6.47,6.465,6.465,1957,2021-06-04 19:24:00,VRAY
6.465,6.465,6.445,6.465,12737,2021-06-04 19:25:00,VRAY
6.465,6.47,6.46,6.46,1400,2021-06-04 19:26:00,VRAY
6.46,6.47,6.45,6.47,7048,2021-06-04 19:27:00,VRAY
6.47,6.47,6.47,6.47,1100,2021-06-04 19:28:00,VRAY
6.47,6.47,6.46,6.465,6893,2021-06-04 19:29:00,VRAY
6.465,6.47,6.46,6.47,1709,2021-06-04 19:30:00,VRAY
6.465,6.465,6.46,6.46,770,2021-06-04 19:31:00,VRAY
6.46,6.46,6.455,6.46,5105,2021-06-04 19:32:00,VRAY
6.45,6.46,6.45,6.46,900,2021-06-04 19:33:00,VRAY
6.46,6.465,6.4597,6.465,5597,2021-06-04 19:34:00,VRAY
6.465,6.47,6.46,6.47,3088,2021-06-04 19:35:00,VRAY
6.475,6.5,6.475,6.495,7999,2021-06-04 19:36:00,VRAY
6.495,6.495,6.48,6.485,3508,2021-06-04 19:37:00,VRAY
6.485,6.49,6.485,6.49,1811,2021-06-04 19:38:00,VRAY
6.49,6.49,6.485,6.485,2646,2021-06-04 19:39:00,VRAY
6.4899,6.4899,6.48,6.485,4412,2021-06-04 19:40:00,VRAY
6.48,6.485,6.46,6.46,6435,2021-06-04 19:41:00,VRAY
6.465,6.47,6.46,6.465,2573,2021-06-04 19:42:00,VRAY
6.46,6.48,6.46,6.48,5028,2021-06-04 19:43:00,VRAY
6.475,6.48,6.475,6.48,2352,2021-06-04 19:44:00,VRAY
6.48,6.49,6.48,6.4886,2589,2021-06-04 19:45:00,VRAY
6.48,6.49,6.46,6.465,5996,2021-06-04 19:46:00,VRAY
6.465,6.47,6.465,6.47,1300,2021-06-04 19:47:00,VRAY
6.465,6.4699,6.43,6.44,20563,2021-06-04 19:48:00,VRAY
6.435,6.445,6.425,6.445,13724,2021-06-04 19:49:00,VRAY
6.44,6.46,6.435,6.455,13200,2021-06-04 19:50:00,VRAY
6.45,6.46,6.44,6.46,11032,2021-06-04 19:51:00,VRAY
6.46,6.465,6.46,6.46,2627,2021-06-04 19:52:00,VRAY
6.46,6.47,6.46,6.4667,5495,2021-06-04 19:53:00,VRAY
6.47,6.48,6.445,6.445,19913,2021-06-04 19:54:00,VRAY
6.45,6.46,6.45,6.46,12638,2021-06-04 19:55:00,VRAY
6.4529,6.46,6.45,6.45,6854,2021-06-04 19:56:00,VRAY
6.46,6.47,6.45,6.47,14540,2021-06-04 19:57:00,VRAY
6.465,6.48,6.46,6.48,12239,2021-06-04 19:58:00,VRAY
6.48,6.48,6.46,6.47,35789,2021-06-04 19:59:00,VRAY
6.46,6.46,6.46,6.46,95818,2021-06-04 20:00:00,VRAY
6.46,6.46,6.46,6.46,4185,2021-06-04 20:01:00,VRAY
6.41,6.41,6.41,6.41,100,2021-06-04 20:40:00,VRAY
6.49,6.49,6.49,6.49,1000,2021-06-07 12:17:00,VRAY
6.49,6.5,6.49,6.5,1339,2021-06-07 13:25:00,VRAY
6.5,6.5176,6.5,6.5176,22647,2021-06-07 13:30:00,VRAY
6.5145,6.5145,6.5145,6.5145,5000,2021-06-07 13:31:00,VRAY
6.51,6.54,6.51,6.54,5410,2021-06-07 13:32:00,VRAY
6.53,6.5597,6.53,6.5597,1080,2021-06-07 13:33:00,VRAY
6.56,6.56,6.48,6.5,14230,2021-06-07 13:34:00,VRAY
6.495,6.53,6.495,6.53,4808,2021-06-07 13:35:00,VRAY
6.54,6.54,6.54,6.54,100,2021-06-07 13:36:00,VRAY
6.54,6.54,6.52,6.52,700,2021-06-07 13:37:00,VRAY
6.51,6.51,6.49,6.4975,1024,2021-06-07 13:38:00,VRAY
6.5,6.52,6.5,6.5,1370,2021-06-07 13:39:00,VRAY
6.5,6.5,6.4999,6.4999,950,2021-06-07 13:40:00,VRAY
6.505,6.525,6.505,6.525,1286,2021-06-07 13:41:00,VRAY
6.53,6.53,6.52,6.525,2802,2021-06-07 13:42:00,VRAY
6.535,6.55,6.535,6.55,653,2021-06-07 13:43:00,VRAY
6.5427,6.57,6.5427,6.57,900,2021-06-07 13:44:00,VRAY
6.575,6.595,6.5708,6.59,8007,2021-06-07 13:45:00,VRAY
6.6,6.6,6.58,6.59,7220,2021-06-07 13:46:00,VRAY
6.595,6.595,6.595,6.595,1000,2021-06-07 13:47:00,VRAY
6.59,6.595,6.59,6.59,900,2021-06-07 13:48:00,VRAY
6.6,6.6,6.6,6.6,244,2021-06-07 13:49:00,VRAY
6.6,6.6301,6.6,6.6301,6744,2021-06-07 13:50:00,VRAY
6.63,6.63,6.59,6.59,6090,2021-06-07 13:51:00,VRAY
6.59,6.595,6.58,6.58,2204,2021-06-07 13:52:00,VRAY
6.58,6.58,6.58,6.58,1313,2021-06-07 13:53:00,VRAY
6.59,6.6,6.5781,6.5781,1463,2021-06-07 13:54:00,VRAY
6.58,6.59,6.58,6.59,1760,2021-06-07 13:55:00,VRAY
6.58,6.59,6.575,6.59,1028,2021-06-07 13:56:00,VRAY
6.6,6.6,6.565,6.58,16670,2021-06-07 13:57:00,VRAY
6.57,6.57,6.56,6.56,1050,2021-06-07 13:58:00,VRAY
6.545,6.55,6.545,6.55,1079,2021-06-07 13:59:00,VRAY
6.56,6.575,6.56,6.575,499,2021-06-07 14:00:00,VRAY
6.57,6.58,6.555,6.58,2150,2021-06-07 14:01:00,VRAY
6.585,6.585,6.58,6.58,400,2021-06-07 14:02:00,VRAY
6.585,6.595,6.58,6.595,3051,2021-06-07 14:03:00,VRAY
6.59,6.6,6.59,6.595,1299,2021-06-07 14:04:00,VRAY
6.595,6.6,6.59,6.595,3900,2021-06-07 14:05:00,VRAY
6.5973,6.6,6.595,6.595,1286,2021-06-07 14:06:00,VRAY
6.6,6.6,6.58,6.58,11456,2021-06-07 14:07:00,VRAY
6.58,6.58,6.58,6.58,150,2021-06-07 14:08:00,VRAY
6.575,6.575,6.575,6.575,100,2021-06-07 14:09:00,VRAY
6.575,6.58,6.575,6.575,900,2021-06-07 14:10:00,VRAY
6.575,6.575,6.565,6.565,800,2021-06-07 14:11:00,VRAY
6.565,6.595,6.565,6.59,5596,2021-06-07 14:12:00,VRAY
6.59,6.595,6.59,6.595,300,2021-06-07 14:13:00,VRAY
6.595,6.595,6.59,6.59,1200,2021-06-07 14:14:00,VRAY
6.585,6.585,6.585,6.585,200,2021-06-07 14:15:00,VRAY
6.581,6.59,6.581,6.59,200,2021-06-07 14:16:00,VRAY
6.59,6.59,6.585,6.59,1940,2021-06-07 14:17:00,VRAY
6.59,6.595,6.59,6.595,479,2021-06-07 14:18:00,VRAY
6.59,6.59,6.59,6.59,1000,2021-06-07 14:19:00,VRAY
6.59,6.5999,6.59,6.5999,1400,2021-06-07 14:20:00,VRAY
6.591,6.595,6.59,6.59,600,2021-06-07 14:21:00,VRAY
6.5999,6.5999,6.595,6.595,300,2021-06-07 14:22:00,VRAY
6.6,6.62,6.6,6.62,4429,2021-06-07 14:23:00,VRAY
6.64,6.65,6.64,6.65,10200,2021-06-07 14:24:00,VRAY
6.64,6.64,6.6346,6.6346,2700,2021-06-07 14:25:00,VRAY
6.63,6.63,6.625,6.63,700,2021-06-07 14:26:00,VRAY
6.63,6.63,6.6212,6.63,3400,2021-06-07 14:27:00,VRAY
6.63,6.65,6.63,6.65,965,2021-06-07 14:28:00,VRAY
6.65,6.65,6.64,6.645,5943,2021-06-07 14:29:00,VRAY
6.645,6.645,6.645,6.645,200,2021-06-07 14:30:00,VRAY
6.645,6.645,6.645,6.645,100,2021-06-07 14:33:00,VRAY
6.64,6.64,6.64,6.64,700,2021-06-07 14:34:00,VRAY
6.64,6.645,6.64,6.645,200,2021-06-07 14:35:00,VRAY
6.645,6.666,6.645,6.66,4102,2021-06-07 14:36:00,VRAY
6.66,6.67,6.66,6.66,1782,2021-06-07 14:37:00,VRAY
6.66,6.66,6.65,6.655,1200,2021-06-07 14:38:00,VRAY
6.655,6.66,6.651,6.651,5300,2021-06-07 14:39:00,VRAY
6.655,6.655,6.655,6.655,1098,2021-06-07 14:41:00,VRAY
6.651,6.66,6.651,6.655,5900,2021-06-07 14:43:00,VRAY
6.655,6.655,6.65,6.65,1178,2021-06-07 14:44:00,VRAY
6.66,6.66,6.66,6.66,1097,2021-06-07 14:45:00,VRAY
6.66,6.67,6.66,6.67,4845,2021-06-07 14:46:00,VRAY
6.67,6.67,6.64,6.645,4200,2021-06-07 14:47:00,VRAY
6.64,6.64,6.6379,6.6379,1500,2021-06-07 14:48:00,VRAY
6.64,6.65,6.64,6.65,1630,2021-06-07 14:49:00,VRAY
6.65,6.655,6.65,6.655,4300,2021-06-07 14:50:00,VRAY
6.66,6.675,6.66,6.66,3874,2021-06-07 14:51:00,VRAY
6.66,6.66,6.655,6.655,500,2021-06-07 14:52:00,VRAY
6.655,6.655,6.65,6.65,1500,2021-06-07 14:53:00,VRAY
6.6401,6.65,6.6401,6.65,389,2021-06-07 14:54:00,VRAY
6.645,6.645,6.645,6.645,228,2021-06-07 14:55:00,VRAY
6.65,6.66,6.65,6.66,2170,2021-06-07 14:56:00,VRAY
6.66,6.66,6.66,6.66,100,2021-06-07 14:57:00,VRAY
6.66,6.685,6.66,6.68,3368,2021-06-07 14:58:00,VRAY
6.68,6.685,6.67,6.67,1405,2021-06-07 14:59:00,VRAY
6.68,6.69,6.68,6.68,2624,2021-06-07 15:00:00,VRAY
6.675,6.7,6.67,6.69,11217,2021-06-07 15:01:00,VRAY
6.685,6.6881,6.68,6.68,1300,2021-06-07 15:02:00,VRAY
6.68,6.68,6.675,6.675,1532,2021-06-07 15:03:00,VRAY
6.6724,6.675,6.67,6.675,1007,2021-06-07 15:04:00,VRAY
6.665,6.665,6.66,6.66,700,2021-06-07 15:05:00,VRAY
6.66,6.67,6.66,6.67,1800,2021-06-07 15:06:00,VRAY
6.67,6.6804,6.67,6.68,3700,2021-06-07 15:07:00,VRAY
6.67,6.67,6.67,6.67,347,2021-06-07 15:09:00,VRAY
6.67,6.69,6.67,6.69,10600,2021-06-07 15:10:00,VRAY
6.68,6.68,6.68,6.68,200,2021-06-07 15:11:00,VRAY
6.687,6.687,6.687,6.687,311,2021-06-07 15:12:00,VRAY
6.69,6.7,6.69,6.695,3124,2021-06-07 15:13:00,VRAY
6.695,6.7,6.68,6.68,4044,2021-06-07 15:14:00,VRAY
6.685,6.685,6.685,6.685,1500,2021-06-07 15:15:00,VRAY
6.68,6.68,6.68,6.68,661,2021-06-07 15:17:00,VRAY
6.68,6.68,6.68,6.68,138,2021-06-07 15:18:00,VRAY
6.685,6.685,6.68,6.68,300,2021-06-07 15:19:00,VRAY
6.68,6.68,6.67,6.675,1423,2021-06-07 15:20:00,VRAY
6.67,6.675,6.67,6.675,5600,2021-06-07 15:21:00,VRAY
6.675,6.675,6.66,6.66,7086,2021-06-07 15:22:00,VRAY
6.66,6.66,6.65,6.65,830,2021-06-07 15:23:00,VRAY
6.65,6.65,6.65,6.65,347,2021-06-07 15:24:00,VRAY
6.65,6.65,6.65,6.65,200,2021-06-07 15:25:00,VRAY
6.65,6.65,6.65,6.65,200,2021-06-07 15:26:00,VRAY
6.655,6.655,6.655,6.655,300,2021-06-07 15:27:00,VRAY
6.655,6.655,6.62,6.62,10188,2021-06-07 15:28:00,VRAY
6.625,6.63,6.62,6.62,1200,2021-06-07 15:29:00,VRAY
6.62,6.6299,6.6001,6.6001,3609,2021-06-07 15:30:00,VRAY
6.6,6.61,6.6,6.6,1100,2021-06-07 15:32:00,VRAY
6.605,6.605,6.6,6.6,400,2021-06-07 15:33:00,VRAY
6.61,6.6128,6.61,6.6107,6086,2021-06-07 15:34:00,VRAY
6.62,6.625,6.62,6.625,1700,2021-06-07 15:35:00,VRAY
6.62,6.62,6.61,6.615,1988,2021-06-07 15:36:00,VRAY
6.61,6.61,6.6,6.6,1600,2021-06-07 15:37:00,VRAY
6.6,6.6,6.59,6.59,3928,2021-06-07 15:38:00,VRAY
6.59,6.59,6.59,6.59,100,2021-06-07 15:39:00,VRAY
6.59,6.59,6.571,6.575,1939,2021-06-07 15:41:00,VRAY
6.57,6.57,6.57,6.57,200,2021-06-07 15:43:00,VRAY
6.575,6.575,6.575,6.575,100,2021-06-07 15:44:00,VRAY
6.578,6.578,6.578,6.578,100,2021-06-07 15:45:00,VRAY
6.5739,6.58,6.5739,6.58,1000,2021-06-07 15:47:00,VRAY
6.58,6.58,6.58,6.58,500,2021-06-07 15:48:00,VRAY
6.575,6.575,6.575,6.575,100,2021-06-07 15:49:00,VRAY
6.58,6.6064,6.575,6.6064,6978,2021-06-07 15:50:00,VRAY
6.6,6.6,6.59,6.59,2468,2021-06-07 15:51:00,VRAY
6.6,6.6,6.6,6.6,100,2021-06-07 15:52:00,VRAY
6.595,6.595,6.595,6.595,100,2021-06-07 15:53:00,VRAY
6.6,6.61,6.595,6.61,1900,2021-06-07 15:55:00,VRAY
6.61,6.62,6.61,6.615,1487,2021-06-07 15:56:00,VRAY
6.62,6.62,6.62,6.62,100,2021-06-07 15:57:00,VRAY
6.62,6.62,6.62,6.62,100,2021-06-07 15:58:00,VRAY
6.62,6.63,6.62,6.63,1987,2021-06-07 16:00:00,VRAY
6.63,6.63,6.62,6.62,3625,2021-06-07 16:01:00,VRAY
6.629,6.63,6.62,6.628,4700,2021-06-07 16:02:00,VRAY
6.62,6.62,6.62,6.62,500,2021-06-07 16:03:00,VRAY
6.63,6.63,6.62,6.63,2100,2021-06-07 16:05:00,VRAY
6.63,6.63,6.6274,6.6274,400,2021-06-07 16:06:00,VRAY
6.63,6.64,6.625,6.63,7347,2021-06-07 16:07:00,VRAY
6.63,6.63,6.63,6.63,408,2021-06-07 16:08:00,VRAY
6.63,6.63,6.62,6.62,3843,2021-06-07 16:09:00,VRAY
6.62,6.62,6.605,6.605,3100,2021-06-07 16:13:00,VRAY
6.61,6.61,6.61,6.61,150,2021-06-07 16:14:00,VRAY
6.6,6.6,6.6,6.6,275,2021-06-07 16:15:00,VRAY
6.61,6.63,6.61,6.63,3386,2021-06-07 16:16:00,VRAY
6.63,6.63,6.63,6.63,1190,2021-06-07 16:17:00,VRAY
6.64,6.64,6.64,6.64,100,2021-06-07 16:19:00,VRAY
6.64,6.65,6.64,6.64,1500,2021-06-07 16:20:00,VRAY
6.64,6.64,6.64,6.64,166,2021-06-07 16:21:00,VRAY
6.64,6.64,6.635,6.635,2087,2021-06-07 16:22:00,VRAY
6.63,6.63,6.63,6.63,200,2021-06-07 16:25:00,VRAY
6.63,6.63,6.63,6.63,208,2021-06-07 16:26:00,VRAY
6.63,6.6301,6.62,6.62,6352,2021-06-07 16:27:00,VRAY
6.62,6.6223,6.62,6.6223,525,2021-06-07 16:30:00,VRAY
6.62,6.62,6.62,6.62,1000,2021-06-07 16:32:00,VRAY
6.62,6.62,6.62,6.62,326,2021-06-07 16:33:00,VRAY
6.62,6.62,6.62,6.62,309,2021-06-07 16:34:00,VRAY
6.625,6.625,6.62,6.62,200,2021-06-07 16:35:00,VRAY
6.63,6.65,6.63,6.65,6790,2021-06-07 16:37:00,VRAY
6.65,6.654,6.65,6.65,6339,2021-06-07 16:38:00,VRAY
6.645,6.645,6.645,6.645,600,2021-06-07 16:39:00,VRAY
6.64,6.64,6.64,6.64,2100,2021-06-07 16:40:00,VRAY
6.65,6.66,6.65,6.66,4000,2021-06-07 16:41:00,VRAY
6.66,6.66,6.66,6.66,700,2021-06-07 16:42:00,VRAY
6.655,6.66,6.655,6.66,500,2021-06-07 16:43:00,VRAY
6.6599,6.6599,6.6599,6.6599,100,2021-06-07 16:45:00,VRAY
6.65,6.65,6.65,6.65,100,2021-06-07 16:46:00,VRAY
6.65,6.65,6.64,6.645,2700,2021-06-07 16:49:00,VRAY
6.64,6.64,6.64,6.64,100,2021-06-07 16:53:00,VRAY
6.64,6.64,6.64,6.64,100,2021-06-07 16:54:00,VRAY
6.64,6.64,6.64,6.64,200,2021-06-07 16:55:00,VRAY
6.65,6.679,6.65,6.679,6152,2021-06-07 16:56:00,VRAY
6.675,6.675,6.675,6.675,100,2021-06-07 16:57:00,VRAY
6.68,6.68,6.68,6.68,1099,2021-06-07 16:58:00,VRAY
6.68,6.68,6.68,6.68,300,2021-06-07 16:59:00,VRAY
6.685,6.685,6.685,6.685,700,2021-06-07 17:00:00,VRAY
6.69,6.69,6.6856,6.6856,200,2021-06-07 17:02:00,VRAY
6.68,6.685,6.68,6.68,304,2021-06-07 17:04:00,VRAY
6.68,6.68,6.68,6.68,2030,2021-06-07 17:06:00,VRAY
6.675,6.68,6.675,6.68,2582,2021-06-07 17:07:00,VRAY
6.685,6.685,6.685,6.685,2500,2021-06-07 17:11:00,VRAY
6.68,6.68,6.67,6.675,1306,2021-06-07 17:12:00,VRAY
6.6734,6.6734,6.67,6.67,264,2021-06-07 17:13:00,VRAY
6.67,6.68,6.67,6.67,3700,2021-06-07 17:14:00,VRAY
6.68,6.68,6.675,6.675,300,2021-06-07 17:15:00,VRAY
6.675,6.675,6.675,6.675,100,2021-06-07 17:17:00,VRAY
6.68,6.68,6.68,6.68,2181,2021-06-07 17:18:00,VRAY
6.69,6.69,6.685,6.685,400,2021-06-07 17:19:00,VRAY
6.69,6.69,6.685,6.69,3900,2021-06-07 17:20:00,VRAY
6.69,6.69,6.69,6.69,400,2021-06-07 17:21:00,VRAY
6.69,6.69,6.685,6.685,1407,2021-06-07 17:22:00,VRAY
6.685,6.685,6.685,6.685,100,2021-06-07 17:23:00,VRAY
6.6864,6.6864,6.675,6.68,4301,2021-06-07 17:24:00,VRAY
6.68,6.68,6.675,6.675,1102,2021-06-07 17:27:00,VRAY
6.67,6.67,6.66,6.66,2262,2021-06-07 17:30:00,VRAY
6.665,6.67,6.665,6.67,1826,2021-06-07 17:31:00,VRAY
6.675,6.675,6.6732,6.6732,500,2021-06-07 17:33:00,VRAY
6.68,6.68,6.68,6.68,3640,2021-06-07 17:35:00,VRAY
6.685,6.685,6.67,6.67,3082,2021-06-07 17:36:00,VRAY
6.67,6.672,6.67,6.67,300,2021-06-07 17:37:00,VRAY
6.67,6.67,6.67,6.67,606,2021-06-07 17:38:00,VRAY
6.67,6.67,6.665,6.665,789,2021-06-07 17:39:00,VRAY
6.665,6.665,6.665,6.665,408,2021-06-07 17:42:00,VRAY
6.67,6.68,6.67,6.675,3226,2021-06-07 17:44:00,VRAY
6.6788,6.6788,6.6788,6.6788,100,2021-06-07 17:45:00,VRAY
6.67,6.67,6.67,6.67,500,2021-06-07 17:46:00,VRAY
6.67,6.67,6.67,6.67,104,2021-06-07 17:47:00,VRAY
6.67,6.67,6.66,6.665,8095,2021-06-07 17:48:00,VRAY
6.67,6.67,6.67,6.67,100,2021-06-07 17:49:00,VRAY
6.66,6.665,6.66,6.66,1610,2021-06-07 17:50:00,VRAY
6.665,6.665,6.665,6.665,105,2021-06-07 17:53:00,VRAY
6.665,6.665,6.665,6.665,100,2021-06-07 17:54:00,VRAY
6.67,6.67,6.66,6.66,4186,2021-06-07 17:55:00,VRAY
6.655,6.66,6.65,6.65,2200,2021-06-07 17:56:00,VRAY
6.65,6.6566,6.65,6.6566,330,2021-06-07 17:57:00,VRAY
6.6589,6.6589,6.6589,6.6589,200,2021-06-07 17:58:00,VRAY
6.65,6.65,6.63,6.63,4140,2021-06-07 17:59:00,VRAY
6.64,6.645,6.6375,6.645,2218,2021-06-07 18:00:00,VRAY
6.645,6.66,6.645,6.66,879,2021-06-07 18:01:00,VRAY
6.65,6.65,6.64,6.64,2006,2021-06-07 18:02:00,VRAY
6.64,6.64,6.64,6.64,358,2021-06-07 18:03:00,VRAY
6.65,6.66,6.65,6.66,1600,2021-06-07 18:06:00,VRAY
6.65,6.65,6.64,6.64,2494,2021-06-07 18:07:00,VRAY
6.64,6.64,6.64,6.64,100,2021-06-07 18:08:00,VRAY
6.65,6.65,6.65,6.65,800,2021-06-07 18:10:00,VRAY
6.64,6.64,6.64,6.64,1292,2021-06-07 18:11:00,VRAY
6.64,6.64,6.63,6.63,2012,2021-06-07 18:13:00,VRAY
6.64,6.65,6.64,6.65,3153,2021-06-07 18:14:00,VRAY
6.66,6.66,6.66,6.66,400,2021-06-07 18:15:00,VRAY
6.67,6.67,6.67,6.67,3145,2021-06-07 18:18:00,VRAY
6.67,6.67,6.67,6.67,245,2021-06-07 18:20:00,VRAY
6.67,6.68,6.67,6.675,700,2021-06-07 18:21:00,VRAY
6.675,6.675,6.67,6.67,5034,2021-06-07 18:22:00,VRAY
6.66,6.665,6.66,6.66,902,2021-06-07 18:24:00,VRAY
6.66,6.66,6.66,6.66,100,2021-06-07 18:25:00,VRAY
6.66,6.66,6.66,6.66,200,2021-06-07 18:26:00,VRAY
6.665,6.665,6.665,6.665,100,2021-06-07 18:27:00,VRAY
6.66,6.66,6.66,6.66,100,2021-06-07 18:28:00,VRAY
6.67,6.68,6.67,6.679,8218,2021-06-07 18:29:00,VRAY
6.6799,6.6799,6.6799,6.6799,5000,2021-06-07 18:30:00,VRAY
6.675,6.675,6.675,6.675,700,2021-06-07 18:31:00,VRAY
6.675,6.69,6.675,6.69,5600,2021-06-07 18:32:00,VRAY
6.69,6.69,6.685,6.685,2818,2021-06-07 18:33:00,VRAY
6.685,6.685,6.685,6.685,200,2021-06-07 18:34:00,VRAY
6.69,6.69,6.69,6.69,900,2021-06-07 18:35:00,VRAY
6.69,6.69,6.685,6.685,988,2021-06-07 18:36:00,VRAY
6.69,6.69,6.6899,6.69,864,2021-06-07 18:37:00,VRAY
6.69,6.69,6.69,6.69,400,2021-06-07 18:39:00,VRAY
6.69,6.69,6.685,6.685,500,2021-06-07 18:40:00,VRAY
6.69,6.69,6.69,6.69,300,2021-06-07 18:41:00,VRAY
6.69,6.69,6.685,6.685,300,2021-06-07 18:42:00,VRAY
6.69,6.69,6.68,6.69,300,2021-06-07 18:43:00,VRAY
6.685,6.69,6.68,6.69,300,2021-06-07 18:44:00,VRAY
6.69,6.7,6.65,6.67,25040,2021-06-07 18:45:00,VRAY
6.67,6.6771,6.67,6.6771,831,2021-06-07 18:46:00,VRAY
6.67,6.67,6.66,6.66,500,2021-06-07 18:47:00,VRAY
6.65,6.65,6.65,6.65,100,2021-06-07 18:48:00,VRAY
6.66,6.66,6.6575,6.6575,4806,2021-06-07 18:49:00,VRAY
6.6599,6.66,6.65,6.65,2200,2021-06-07 18:50:00,VRAY
6.65,6.66,6.65,6.66,3517,2021-06-07 18:51:00,VRAY
6.665,6.665,6.665,6.665,100,2021-06-07 18:53:00,VRAY
6.665,6.67,6.665,6.67,2094,2021-06-07 18:54:00,VRAY
6.67,6.67,6.67,6.67,100,2021-06-07 18:55:00,VRAY
6.67,6.67,6.66,6.67,3709,2021-06-07 18:56:00,VRAY
6.67,6.67,6.67,6.67,400,2021-06-07 18:57:00,VRAY
6.6628,6.6628,6.6628,6.6628,750,2021-06-07 18:58:00,VRAY
6.665,6.665,6.665,6.665,200,2021-06-07 18:59:00,VRAY
6.669,6.67,6.665,6.67,2700,2021-06-07 19:00:00,VRAY
6.67,6.67,6.67,6.67,2825,2021-06-07 19:01:00,VRAY
6.67,6.67,6.67,6.67,900,2021-06-07 19:02:00,VRAY
6.675,6.68,6.6727,6.68,2300,2021-06-07 19:03:00,VRAY
6.675,6.68,6.67,6.675,3191,2021-06-07 19:04:00,VRAY
6.68,6.68,6.675,6.675,3500,2021-06-07 19:05:00,VRAY
6.675,6.675,6.675,6.675,100,2021-06-07 19:06:00,VRAY
6.68,6.68,6.675,6.68,1500,2021-06-07 19:07:00,VRAY
6.675,6.675,6.675,6.675,100,2021-06-07 19:08:00,VRAY
6.68,6.68,6.67,6.675,2428,2021-06-07 19:09:00,VRAY
6.675,6.675,6.675,6.675,100,2021-06-07 19:10:00,VRAY
6.675,6.675,6.675,6.675,394,2021-06-07 19:11:00,VRAY
6.67,6.68,6.67,6.675,3143,2021-06-07 19:12:00,VRAY
6.675,6.68,6.675,6.68,1193,2021-06-07 19:13:00,VRAY
6.68,6.685,6.675,6.685,2733,2021-06-07 19:14:00,VRAY
6.68,6.685,6.68,6.685,500,2021-06-07 19:15:00,VRAY
6.685,6.69,6.685,6.69,1100,2021-06-07 19:16:00,VRAY
6.69,6.7,6.69,6.6901,5445,2021-06-07 19:17:00,VRAY
6.695,6.695,6.695,6.695,1500,2021-06-07 19:18:00,VRAY
6.695,6.695,6.695,6.695,200,2021-06-07 19:19:00,VRAY
6.7,6.7,6.695,6.695,9602,2021-06-07 19:20:00,VRAY
6.7,6.7,6.68,6.68,6377,2021-06-07 19:21:00,VRAY
6.6828,6.685,6.6828,6.685,1100,2021-06-07 19:22:00,VRAY
6.685,6.69,6.685,6.685,2100,2021-06-07 19:23:00,VRAY
6.685,6.69,6.685,6.685,307,2021-06-07 19:24:00,VRAY
6.69,6.69,6.681,6.6869,1000,2021-06-07 19:25:00,VRAY
6.685,6.69,6.68,6.685,3677,2021-06-07 19:26:00,VRAY
6.685,6.685,6.685,6.685,100,2021-06-07 19:27:00,VRAY
6.685,6.685,6.685,6.685,900,2021-06-07 19:28:00,VRAY
6.685,6.69,6.685,6.685,4005,2021-06-07 19:29:00,VRAY
6.685,6.685,6.685,6.685,100,2021-06-07 19:30:00,VRAY
6.685,6.69,6.685,6.69,441,2021-06-07 19:31:00,VRAY
6.685,6.69,6.685,6.69,3400,2021-06-07 19:32:00,VRAY
6.69,6.69,6.685,6.685,800,2021-06-07 19:33:00,VRAY
6.685,6.685,6.655,6.67,12733,2021-06-07 19:34:00,VRAY
6.67,6.68,6.67,6.68,3973,2021-06-07 19:35:00,VRAY
6.68,6.68,6.675,6.68,2500,2021-06-07 19:36:00,VRAY
6.675,6.675,6.66,6.66,4126,2021-06-07 19:37:00,VRAY
6.66,6.665,6.66,6.665,200,2021-06-07 19:38:00,VRAY
6.66,6.66,6.65,6.66,2900,2021-06-07 19:39:00,VRAY
6.655,6.66,6.655,6.655,300,2021-06-07 19:40:00,VRAY
6.655,6.66,6.655,6.66,4189,2021-06-07 19:41:00,VRAY
6.66,6.665,6.65,6.65,10816,2021-06-07 19:42:00,VRAY
6.64,6.6455,6.64,6.64,2579,2021-06-07 19:43:00,VRAY
6.645,6.645,6.64,6.64,400,2021-06-07 19:44:00,VRAY
6.64,6.65,6.64,6.65,5056,2021-06-07 19:45:00,VRAY
6.65,6.65,6.64,6.645,5197,2021-06-07 19:46:00,VRAY
6.645,6.65,6.64,6.645,3649,2021-06-07 19:47:00,VRAY
6.65,6.65,6.64,6.65,1180,2021-06-07 19:48:00,VRAY
6.645,6.65,6.64,6.64,9752,2021-06-07 19:49:00,VRAY
6.645,6.645,6.63,6.63,9255,2021-06-07 19:50:00,VRAY
6.63,6.64,6.63,6.635,1105,2021-06-07 19:51:00,VRAY
6.63,6.64,6.621,6.63,9827,2021-06-07 19:52:00,VRAY
6.625,6.63,6.625,6.63,5405,2021-06-07 19:53:00,VRAY
6.63,6.63,6.62,6.625,5966,2021-06-07 19:54:00,VRAY
6.625,6.63,6.625,6.63,6252,2021-06-07 19:55:00,VRAY
6.63,6.63,6.62,6.63,7269,2021-06-07 19:56:00,VRAY
6.625,6.63,6.62,6.625,9363,2021-06-07 19:57:00,VRAY
6.63,6.64,6.625,6.63,17880,2021-06-07 19:58:00,VRAY
6.63,6.635,6.62,6.62,19375,2021-06-07 19:59:00,VRAY
6.63,6.63,6.63,6.63,48752,2021-06-07 20:00:00,VRAY
6.64,6.64,6.64,6.64,290,2021-06-07 20:09:00,VRAY
6.64,6.64,6.64,6.64,300,2021-06-07 21:39:00,VRAY
6.5,6.5,6.5,6.5,400,2021-06-08 12:34:00,VRAY
6.45,6.45,6.45,6.45,250,2021-06-08 12:58:00,VRAY
6.45,6.45,6.45,6.45,500,2021-06-08 12:59:00,VRAY
6.45,6.45,6.45,6.45,2000,2021-06-08 13:00:00,VRAY
6.45,6.45,6.45,6.45,2500,2021-06-08 13:01:00,VRAY
6.3,6.3,6.3,6.3,100,2021-06-08 13:15:00,VRAY
6.31,6.31,6.31,6.31,120,2021-06-08 13:17:00,VRAY
6.37,6.37,6.35,6.35,1899,2021-06-08 13:26:00,VRAY
6.32,6.32,6.3,6.32,4897,2021-06-08 13:27:00,VRAY
6.42,6.42,6.38,6.39,8555,2021-06-08 13:28:00,VRAY
6.44,6.44,6.16,6.22,51229,2021-06-08 13:30:00,VRAY
6.22,6.249,6.22,6.24,3780,2021-06-08 13:31:00,VRAY
6.235,6.25,6.19,6.19,5439,2021-06-08 13:32:00,VRAY
6.18,6.18,6.14,6.16,5893,2021-06-08 13:33:00,VRAY
6.15,6.1599,6.12,6.1584,15096,2021-06-08 13:34:00,VRAY
6.15,6.15,6.101,6.1284,16727,2021-06-08 13:35:00,VRAY
6.12,6.125,6.0301,6.05,19758,2021-06-08 13:36:00,VRAY
6.03,6.03,5.99,6.0,17386,2021-06-08 13:37:00,VRAY
5.99,6.005,5.99,6.005,9270,2021-06-08 13:38:00,VRAY
5.995,6.01,5.96,6.0001,19977,2021-06-08 13:39:00,VRAY
6.0,6.01,6.0,6.0,6647,2021-06-08 13:40:00,VRAY
6.005,6.0086,6.0,6.005,16291,2021-06-08 13:41:00,VRAY
6.0,6.01,6.0,6.0,13655,2021-06-08 13:42:00,VRAY
6.005,6.01,6.0,6.005,7080,2021-06-08 13:43:00,VRAY
6.005,6.01,6.0,6.0,7827,2021-06-08 13:44:00,VRAY
6.0,6.0069,6.0,6.0,7968,2021-06-08 13:45:00,VRAY
6.0,6.01,6.0,6.0,6703,2021-06-08 13:46:00,VRAY
6.0009,6.005,5.99,6.0,11335,2021-06-08 13:47:00,VRAY
6.0,6.007,6.0,6.0,3037,2021-06-08 13:48:00,VRAY
6.0025,6.0092,6.0,6.0,13918,2021-06-08 13:49:00,VRAY
6.0,6.01,6.0,6.0,14656,2021-06-08 13:50:00,VRAY
6.0001,6.0067,5.99,6.0,4625,2021-06-08 13:51:00,VRAY
6.0,6.0072,5.99,6.0,11416,2021-06-08 13:52:00,VRAY
6.0,6.005,6.0,6.0,2232,2021-06-08 13:53:00,VRAY
6.0,6.0001,6.0,6.0,4149,2021-06-08 13:54:00,VRAY
6.0,6.01,6.0,6.0001,25862,2021-06-08 13:55:00,VRAY
6.0,6.009,6.0,6.0001,2376,2021-06-08 13:56:00,VRAY
6.0,6.005,6.0,6.0,2361,2021-06-08 13:57:00,VRAY
6.0,6.004,6.0,6.004,2213,2021-06-08 13:58:00,VRAY
6.0001,6.005,6.0,6.0001,2616,2021-06-08 13:59:00,VRAY
6.0001,6.005,6.0,6.0,4002,2021-06-08 14:00:00,VRAY
6.005,6.07,6.005,6.01,36972,2021-06-08 14:01:00,VRAY
6.005,6.045,6.005,6.025,10900,2021-06-08 14:02:00,VRAY
6.025,6.035,6.01,6.02,11827,2021-06-08 14:03:00,VRAY
6.03,6.03,6.0148,6.015,4017,2021-06-08 14:04:00,VRAY
6.015,6.02,6.01,6.0199,11039,2021-06-08 14:05:00,VRAY
6.015,6.015,6.015,6.015,1600,2021-06-08 14:06:00,VRAY
6.015,6.0199,6.01,6.015,1807,2021-06-08 14:07:00,VRAY
6.015,6.015,6.01,6.015,3182,2021-06-08 14:08:00,VRAY
6.015,6.015,6.01,6.015,600,2021-06-08 14:09:00,VRAY
6.015,6.04,6.015,6.035,11525,2021-06-08 14:10:00,VRAY
6.035,6.05,6.0301,6.0402,5286,2021-06-08 14:11:00,VRAY
6.045,6.0464,6.04,6.04,2363,2021-06-08 14:12:00,VRAY
6.045,6.05,6.0447,6.05,2550,2021-06-08 14:13:00,VRAY
6.05,6.05,6.0436,6.045,2629,2021-06-08 14:14:00,VRAY
6.045,6.115,6.045,6.115,21653,2021-06-08 14:15:00,VRAY
6.115,6.12,6.1,6.105,16799,2021-06-08 14:16:00,VRAY
6.101,6.105,6.07,6.07,4100,2021-06-08 14:17:00,VRAY
6.0711,6.075,6.07,6.07,2000,2021-06-08 14:18:00,VRAY
6.0701,6.075,6.0701,6.0701,1214,2021-06-08 14:19:00,VRAY
6.07,6.07,6.07,6.07,300,2021-06-08 14:20:00,VRAY
6.075,6.075,6.07,6.075,1565,2021-06-08 14:21:00,VRAY
6.07,6.075,6.07,6.07,1038,2021-06-08 14:22:00,VRAY
6.07,6.07,6.05,6.055,3097,2021-06-08 14:23:00,VRAY
6.055,6.055,6.05,6.055,1032,2021-06-08 14:24:00,VRAY
6.05,6.0599,6.05,6.0599,2049,2021-06-08 14:25:00,VRAY
6.06,6.1,6.055,6.1,6531,2021-06-08 14:26:00,VRAY
6.095,6.11,6.095,6.1062,6483,2021-06-08 14:27:00,VRAY
6.1,6.1,6.09,6.095,9631,2021-06-08 14:28:00,VRAY
6.095,6.105,6.095,6.105,2515,2021-06-08 14:29:00,VRAY
6.105,6.105,6.1,6.1,800,2021-06-08 14:30:00,VRAY
6.105,6.105,6.104,6.105,1963,2021-06-08 14:31:00,VRAY
6.105,6.105,6.085,6.085,3500,2021-06-08 14:32:00,VRAY
6.0875,6.0875,6.08,6.085,1050,2021-06-08 14:33:00,VRAY
6.085,6.085,6.085,6.085,505,2021-06-08 14:34:00,VRAY
6.085,6.085,6.08,6.085,600,2021-06-08 14:35:00,VRAY
6.0872,6.0874,6.085,6.0874,1380,2021-06-08 14:36:00,VRAY
6.08,6.085,6.08,6.085,4591,2021-06-08 14:37:00,VRAY
6.085,6.085,6.08,6.0803,668,2021-06-08 14:38:00,VRAY
6.08,6.085,6.08,6.085,200,2021-06-08 14:39:00,VRAY
6.085,6.088,6.055,6.055,8611,2021-06-08 14:40:00,VRAY
6.055,6.055,6.05,6.05,15960,2021-06-08 14:41:00,VRAY
6.05,6.055,6.05,6.055,800,2021-06-08 14:42:00,VRAY
6.06,6.06,6.05,6.05,3761,2021-06-08 14:43:00,VRAY
6.05,6.055,6.05,6.055,700,2021-06-08 14:44:00,VRAY
6.05,6.06,6.05,6.05,3100,2021-06-08 14:45:00,VRAY
6.055,6.055,6.055,6.055,100,2021-06-08 14:46:00,VRAY
6.06,6.06,6.05,6.055,800,2021-06-08 14:47:00,VRAY
6.05,6.06,6.05,6.05,3169,2021-06-08 14:48:00,VRAY
6.05,6.055,6.05,6.055,1150,2021-06-08 14:49:00,VRAY
6.05,6.055,6.05,6.055,500,2021-06-08 14:50:00,VRAY
6.055,6.055,6.05,6.055,3805,2021-06-08 14:51:00,VRAY
6.05,6.055,6.05,6.05,9780,2021-06-08 14:52:00,VRAY
6.05,6.055,6.05,6.055,2375,2021-06-08 14:53:00,VRAY
6.05,6.06,6.05,6.055,10630,2021-06-08 14:54:00,VRAY
6.055,6.055,6.05,6.055,5600,2021-06-08 14:55:00,VRAY
6.055,6.055,6.055,6.055,900,2021-06-08 14:56:00,VRAY
6.05,6.055,6.05,6.05,5876,2021-06-08 14:57:00,VRAY
6.05,6.055,6.05,6.055,1678,2021-06-08 14:58:00,VRAY
6.05,6.055,6.05,6.055,1134,2021-06-08 14:59:00,VRAY
6.05,6.055,6.05,6.05,2700,2021-06-08 15:00:00,VRAY
6.05,6.055,6.05,6.05,4399,2021-06-08 15:01:00,VRAY
6.05,6.06,6.05,6.05,2581,2021-06-08 15:02:00,VRAY
6.05,6.055,6.05,6.055,900,2021-06-08 15:03:00,VRAY
6.05,6.055,6.05,6.055,1395,2021-06-08 15:04:00,VRAY
6.05,6.06,6.05,6.05,3882,2021-06-08 15:05:00,VRAY
6.05,6.055,6.05,6.055,2100,2021-06-08 15:06:00,VRAY
6.05,6.0573,6.05,6.0501,2159,2021-06-08 15:07:00,VRAY
6.05,6.055,6.05,6.055,493,2021-06-08 15:08:00,VRAY
6.055,6.055,6.05,6.05,1895,2021-06-08 15:09:00,VRAY
6.055,6.06,6.05,6.055,2917,2021-06-08 15:10:00,VRAY
6.05,6.055,6.05,6.055,3099,2021-06-08 15:11:00,VRAY
6.05,6.055,6.05,6.055,1199,2021-06-08 15:12:00,VRAY
6.05,6.06,6.05,6.05,1373,2021-06-08 15:13:00,VRAY
6.05,6.055,6.05,6.05,2700,2021-06-08 15:14:00,VRAY
6.05,6.055,6.05,6.055,200,2021-06-08 15:15:00,VRAY
6.055,6.055,6.052,6.055,400,2021-06-08 15:16:00,VRAY
6.05,6.055,6.05,6.055,3796,2021-06-08 15:17:00,VRAY
6.05,6.06,6.05,6.055,19701,2021-06-08 15:18:00,VRAY
6.055,6.07,6.05,6.065,43633,2021-06-08 15:19:00,VRAY
6.065,6.065,6.065,6.065,600,2021-06-08 15:20:00,VRAY
6.06,6.06,6.01,6.01,16716,2021-06-08 15:21:00,VRAY
6.015,6.02,6.01,6.0178,8747,2021-06-08 15:22:00,VRAY
6.0155,6.0155,6.0,6.0,3724,2021-06-08 15:23:00,VRAY
6.0,6.005,5.95,5.9525,32099,2021-06-08 15:24:00,VRAY
5.9501,5.955,5.91,5.9111,16867,2021-06-08 15:25:00,VRAY
5.92,5.95,5.92,5.95,7924,2021-06-08 15:26:00,VRAY
5.95,5.955,5.9419,5.95,2300,2021-06-08 15:27:00,VRAY
5.945,5.95,5.945,5.945,600,2021-06-08 15:28:00,VRAY
5.94,5.945,5.94,5.9427,1241,2021-06-08 15:29:00,VRAY
5.945,5.945,5.9,5.905,12212,2021-06-08 15:30:00,VRAY
5.91,5.95,5.91,5.95,5900,2021-06-08 15:31:00,VRAY
5.95,5.98,5.945,5.98,3912,2021-06-08 15:32:00,VRAY
5.98,5.98,5.955,5.955,8057,2021-06-08 15:33:00,VRAY
5.955,5.955,5.95,5.95,1700,2021-06-08 15:34:00,VRAY
5.955,5.955,5.955,5.955,300,2021-06-08 15:35:00,VRAY
5.95,5.9598,5.95,5.955,1869,2021-06-08 15:36:00,VRAY
5.955,5.955,5.95,5.955,500,2021-06-08 15:37:00,VRAY
5.955,5.96,5.95,5.955,3272,2021-06-08 15:38:00,VRAY
5.95,5.95,5.95,5.95,100,2021-06-08 15:39:00,VRAY
5.955,5.96,5.9501,5.96,400,2021-06-08 15:40:00,VRAY
5.9501,5.96,5.9501,5.96,1200,2021-06-08 15:41:00,VRAY
5.96,5.98,5.96,5.98,2507,2021-06-08 15:42:00,VRAY
5.98,6.0,5.98,6.0,7214,2021-06-08 15:43:00,VRAY
6.0,6.005,5.9901,6.005,2744,2021-06-08 15:44:00,VRAY
6.005,6.005,5.975,5.975,11574,2021-06-08 15:45:00,VRAY
5.975,5.9983,5.975,5.9983,1696,2021-06-08 15:46:00,VRAY
5.993,5.993,5.9923,5.9923,1300,2021-06-08 15:47:00,VRAY
6.0,6.005,6.0,6.0,3300,2021-06-08 15:48:00,VRAY
6.0,6.01,6.0,6.005,3001,2021-06-08 15:50:00,VRAY
6.0077,6.0077,6.0077,6.0077,250,2021-06-08 15:51:00,VRAY
6.01,6.01,6.005,6.01,1000,2021-06-08 15:52:00,VRAY
6.01,6.01,6.005,6.005,5945,2021-06-08 15:53:00,VRAY
6.005,6.02,6.005,6.015,4323,2021-06-08 15:54:00,VRAY
6.015,6.015,6.015,6.015,700,2021-06-08 15:55:00,VRAY
6.015,6.015,6.015,6.015,100,2021-06-08 15:56:00,VRAY
6.0101,6.0101,6.01,6.01,487,2021-06-08 15:57:00,VRAY
6.015,6.015,6.01,6.015,300,2021-06-08 15:58:00,VRAY
6.015,6.015,6.015,6.015,200,2021-06-08 16:00:00,VRAY
6.015,6.015,6.015,6.015,218,2021-06-08 16:01:00,VRAY
6.015,6.015,6.015,6.015,200,2021-06-08 16:02:00,VRAY
6.015,6.015,6.015,6.015,5378,2021-06-08 16:03:00,VRAY
6.015,6.015,6.015,6.015,400,2021-06-08 16:04:00,VRAY
6.02,6.02,6.01,6.015,600,2021-06-08 16:05:00,VRAY
6.01,6.015,6.01,6.015,1700,2021-06-08 16:06:00,VRAY
6.015,6.02,6.01,6.015,7000,2021-06-08 16:07:00,VRAY
6.015,6.04,6.015,6.035,16286,2021-06-08 16:08:00,VRAY
6.035,6.045,6.0301,6.045,3362,2021-06-08 16:09:00,VRAY
6.045,6.05,6.035,6.035,21530,2021-06-08 16:10:00,VRAY
6.035,6.04,6.0301,6.0301,1204,2021-06-08 16:11:00,VRAY
6.035,6.035,6.035,6.035,100,2021-06-08 16:12:00,VRAY
6.035,6.035,6.03,6.035,600,2021-06-08 16:13:00,VRAY
6.0301,6.04,6.0301,6.035,300,2021-06-08 16:14:00,VRAY
6.03,6.03,6.03,6.03,100,2021-06-08 16:15:00,VRAY
6.03,6.03,6.03,6.03,100,2021-06-08 16:16:00,VRAY
6.035,6.035,6.03,6.035,800,2021-06-08 16:17:00,VRAY
6.03,6.04,6.03,6.0301,800,2021-06-08 16:18:00,VRAY
6.035,6.035,6.035,6.035,691,2021-06-08 16:19:00,VRAY
6.03,6.035,6.03,6.035,1120,2021-06-08 16:20:00,VRAY
6.0301,6.0301,6.0301,6.0301,123,2021-06-08 16:21:00,VRAY
6.035,6.035,6.03,6.03,200,2021-06-08 16:22:00,VRAY
6.03,6.03,6.0229,6.025,6830,2021-06-08 16:23:00,VRAY
6.03,6.03,6.02,6.025,1371,2021-06-08 16:24:00,VRAY
6.025,6.03,6.025,6.025,1535,2021-06-08 16:25:00,VRAY
6.02,6.025,6.02,6.025,600,2021-06-08 16:26:00,VRAY
6.025,6.03,6.02,6.025,1100,2021-06-08 16:28:00,VRAY
6.025,6.025,6.02,6.025,689,2021-06-08 16:29:00,VRAY
6.025,6.05,6.02,6.045,6669,2021-06-08 16:30:00,VRAY
6.045,6.045,6.045,6.045,500,2021-06-08 16:31:00,VRAY
6.045,6.05,6.045,6.045,1600,2021-06-08 16:32:00,VRAY
6.045,6.05,6.04,6.045,1100,2021-06-08 16:33:00,VRAY
6.05,6.07,6.045,6.07,3578,2021-06-08 16:34:00,VRAY
6.08,6.09,6.075,6.09,5706,2021-06-08 16:35:00,VRAY
6.085,6.09,6.08,6.08,2169,2021-06-08 16:36:00,VRAY
6.085,6.085,6.085,6.085,649,2021-06-08 16:37:00,VRAY
6.085,6.085,6.0801,6.0801,240,2021-06-08 16:38:00,VRAY
6.085,6.085,6.085,6.085,600,2021-06-08 16:39:00,VRAY
6.08,6.08,6.075,6.075,900,2021-06-08 16:40:00,VRAY
6.075,6.08,6.07,6.07,1200,2021-06-08 16:41:00,VRAY
6.075,6.075,6.075,6.075,200,2021-06-08 16:42:00,VRAY
6.07,6.07,6.07,6.07,100,2021-06-08 16:43:00,VRAY
6.075,6.075,6.075,6.075,100,2021-06-08 16:44:00,VRAY
6.07,6.075,6.07,6.0701,465,2021-06-08 16:46:00,VRAY
6.075,6.08,6.075,6.075,700,2021-06-08 16:48:00,VRAY
6.08,6.09,6.08,6.09,6275,2021-06-08 16:49:00,VRAY
6.09,6.09,6.085,6.085,454,2021-06-08 16:50:00,VRAY
6.085,6.085,6.085,6.085,100,2021-06-08 16:51:00,VRAY
6.09,6.09,6.09,6.09,1071,2021-06-08 16:52:00,VRAY
6.09,6.09,6.09,6.09,304,2021-06-08 16:54:00,VRAY
6.09,6.09,6.09,6.09,370,2021-06-08 16:55:00,VRAY
6.09,6.09,6.085,6.085,1500,2021-06-08 16:56:00,VRAY
6.0861,6.0861,6.085,6.085,200,2021-06-08 16:57:00,VRAY
6.0801,6.0801,6.0702,6.075,3937,2021-06-08 16:58:00,VRAY
6.075,6.075,6.075,6.075,100,2021-06-08 17:00:00,VRAY
6.07,6.07,6.07,6.07,200,2021-06-08 17:02:00,VRAY
6.075,6.075,6.07,6.07,200,2021-06-08 17:03:00,VRAY
6.075,6.075,6.0701,6.075,540,2021-06-08 17:04:00,VRAY
6.075,6.075,6.075,6.075,100,2021-06-08 17:05:00,VRAY
6.075,6.08,6.075,6.075,300,2021-06-08 17:06:00,VRAY
6.07,6.07,6.07,6.07,200,2021-06-08 17:08:00,VRAY
6.0766,6.08,6.0701,6.0701,547,2021-06-08 17:10:00,VRAY
6.075,6.075,6.075,6.075,300,2021-06-08 17:11:00,VRAY
6.075,6.075,6.07,6.075,400,2021-06-08 17:12:00,VRAY
6.075,6.075,6.075,6.075,200,2021-06-08 17:13:00,VRAY
6.07,6.07,6.07,6.07,100,2021-06-08 17:14:00,VRAY
6.07,6.075,6.07,6.075,900,2021-06-08 17:15:00,VRAY
6.08,6.08,6.075,6.075,503,2021-06-08 17:16:00,VRAY
6.075,6.075,6.07,6.0701,5000,2021-06-08 17:17:00,VRAY
6.07,6.07,6.06,6.065,6956,2021-06-08 17:18:00,VRAY
6.06,6.065,6.06,6.065,1303,2021-06-08 17:19:00,VRAY
6.065,6.065,6.065,6.065,100,2021-06-08 17:20:00,VRAY
6.06,6.065,6.06,6.0601,1280,2021-06-08 17:21:00,VRAY
6.06,6.065,6.06,6.0601,2526,2021-06-08 17:23:00,VRAY
6.065,6.065,6.05,6.055,11047,2021-06-08 17:24:00,VRAY
6.05,6.055,6.05,6.055,599,2021-06-08 17:25:00,VRAY
6.06,6.06,6.055,6.055,600,2021-06-08 17:26:00,VRAY
6.05,6.0589,6.05,6.05,1118,2021-06-08 17:27:00,VRAY
6.05,6.05,6.045,6.045,1854,2021-06-08 17:28:00,VRAY
6.045,6.045,6.045,6.045,100,2021-06-08 17:30:00,VRAY
6.04,6.045,6.04,6.045,1604,2021-06-08 17:31:00,VRAY
6.0401,6.045,6.04,6.04,1274,2021-06-08 17:32:00,VRAY
6.04,6.045,6.04,6.045,454,2021-06-08 17:33:00,VRAY
6.045,6.045,6.04,6.045,400,2021-06-08 17:34:00,VRAY
6.04,6.045,6.04,6.04,1297,2021-06-08 17:35:00,VRAY
6.04,6.045,6.04,6.045,565,2021-06-08 17:36:00,VRAY
6.045,6.045,6.045,6.045,200,2021-06-08 17:37:00,VRAY
6.04,6.04,6.03,6.035,1577,2021-06-08 17:38:00,VRAY
6.035,6.035,6.0301,6.0301,550,2021-06-08 17:39:00,VRAY
6.035,6.035,6.03,6.03,1433,2021-06-08 17:40:00,VRAY
6.035,6.035,6.0301,6.0301,200,2021-06-08 17:41:00,VRAY
6.03,6.03,6.02,6.0201,2997,2021-06-08 17:42:00,VRAY
6.02,6.0208,6.02,6.02,4530,2021-06-08 17:43:00,VRAY
6.015,6.015,6.01,6.015,554,2021-06-08 17:44:00,VRAY
6.015,6.015,6.015,6.015,100,2021-06-08 17:45:00,VRAY
6.01,6.01,6.0,6.0,16387,2021-06-08 17:46:00,VRAY
6.0,6.0099,6.0,6.0099,3204,2021-06-08 17:47:00,VRAY
6.005,6.04,6.005,6.04,16039,2021-06-08 17:48:00,VRAY
6.04,6.049,6.04,6.045,2878,2021-06-08 17:49:00,VRAY
6.05,6.05,6.05,6.05,1500,2021-06-08 17:50:00,VRAY
6.05,6.055,6.05,6.05,9796,2021-06-08 17:51:00,VRAY
6.05,6.05,6.045,6.045,1616,2021-06-08 17:52:00,VRAY
6.04,6.04,6.035,6.035,900,2021-06-08 17:53:00,VRAY
6.04,6.04,6.035,6.035,1100,2021-06-08 17:55:00,VRAY
6.035,6.04,6.03,6.04,549,2021-06-08 17:56:00,VRAY
6.0399,6.0399,6.0399,6.0399,128,2021-06-08 17:57:00,VRAY
6.032,6.032,6.032,6.032,100,2021-06-08 17:58:00,VRAY
6.03,6.035,6.03,6.035,300,2021-06-08 17:59:00,VRAY
6.03,6.04,6.03,6.04,2152,2021-06-08 18:01:00,VRAY
6.05,6.05,6.05,6.05,1500,2021-06-08 18:03:00,VRAY
6.0472,6.0472,6.045,6.045,460,2021-06-08 18:04:00,VRAY
6.05,6.06,6.045,6.055,9854,2021-06-08 18:05:00,VRAY
6.055,6.06,6.045,6.045,5079,2021-06-08 18:06:00,VRAY
6.04,6.04,6.035,6.035,2781,2021-06-08 18:07:00,VRAY
6.04,6.04,6.04,6.04,300,2021-06-08 18:09:00,VRAY
6.03,6.03,6.03,6.03,200,2021-06-08 18:10:00,VRAY
6.03,6.03,6.03,6.03,400,2021-06-08 18:11:00,VRAY
6.035,6.04,6.035,6.04,500,2021-06-08 18:12:00,VRAY
6.0399,6.0399,6.03,6.035,440,2021-06-08 18:13:00,VRAY
6.03,6.035,6.03,6.03,1584,2021-06-08 18:14:00,VRAY
6.035,6.035,6.035,6.035,884,2021-06-08 18:15:00,VRAY
6.035,6.04,6.035,6.04,800,2021-06-08 18:16:00,VRAY
6.03,6.03,6.03,6.03,200,2021-06-08 18:17:00,VRAY
6.035,6.035,6.03,6.03,200,2021-06-08 18:18:00,VRAY
6.035,6.035,6.03,6.03,300,2021-06-08 18:19:00,VRAY
6.035,6.035,6.03,6.03,308,2021-06-08 18:20:00,VRAY
6.03,6.03,6.02,6.02,7414,2021-06-08 18:21:00,VRAY
6.02,6.025,6.02,6.02,1466,2021-06-08 18:22:00,VRAY
6.02,6.025,6.0,6.0,17198,2021-06-08 18:23:00,VRAY
6.0025,6.03,6.0,6.03,11119,2021-06-08 18:24:00,VRAY
6.04,6.04,6.04,6.04,473,2021-06-08 18:25:00,VRAY
6.035,6.04,6.035,6.0374,1378,2021-06-08 18:26:00,VRAY
6.04,6.04,6.035,6.035,432,2021-06-08 18:27:00,VRAY
6.0387,6.04,6.03,6.03,2474,2021-06-08 18:28:00,VRAY
6.035,6.04,6.035,6.04,200,2021-06-08 18:29:00,VRAY
6.04,6.04,6.03,6.03,1200,2021-06-08 18:30:00,VRAY
6.03,6.04,6.03,6.04,700,2021-06-08 18:31:00,VRAY
6.035,6.035,6.035,6.035,100,2021-06-08 18:32:00,VRAY
6.04,6.04,6.04,6.04,769,2021-06-08 18:33:00,VRAY
6.04,6.04,6.0393,6.0393,500,2021-06-08 18:34:00,VRAY
6.0301,6.0301,6.03,6.03,625,2021-06-08 18:36:00,VRAY
6.035,6.035,6.035,6.035,100,2021-06-08 18:37:00,VRAY
6.03,6.03,6.03,6.03,500,2021-06-08 18:39:00,VRAY
6.035,6.04,6.035,6.04,200,2021-06-08 18:40:00,VRAY
6.04,6.04,6.04,6.04,501,2021-06-08 18:41:00,VRAY
6.04,6.04,6.04,6.04,100,2021-06-08 18:42:00,VRAY
6.035,6.035,6.035,6.035,100,2021-06-08 18:43:00,VRAY
6.04,6.04,6.04,6.04,100,2021-06-08 18:44:00,VRAY
6.04,6.04,6.035,6.035,1084,2021-06-08 18:45:00,VRAY
6.035,6.04,6.035,6.035,300,2021-06-08 18:46:00,VRAY
6.035,6.035,6.035,6.035,299,2021-06-08 18:47:00,VRAY
6.04,6.04,6.04,6.04,100,2021-06-08 18:48:00,VRAY
6.04,6.04,6.03,6.03,300,2021-06-08 18:49:00,VRAY
6.035,6.04,6.035,6.04,300,2021-06-08 18:50:00,VRAY
6.04,6.04,6.035,6.035,700,2021-06-08 18:51:00,VRAY
6.04,6.04,6.035,6.035,650,2021-06-08 18:52:00,VRAY
6.04,6.04,6.035,6.035,200,2021-06-08 18:53:00,VRAY
6.035,6.04,6.032,6.04,502,2021-06-08 18:54:00,VRAY
6.04,6.04,6.0392,6.0392,300,2021-06-08 18:55:00,VRAY
6.04,6.045,6.03,6.035,12400,2021-06-08 18:56:00,VRAY
6.04,6.045,6.03,6.035,6429,2021-06-08 18:57:00,VRAY
6.035,6.04,6.035,6.04,1314,2021-06-08 18:58:00,VRAY
6.04,6.04,6.035,6.04,1100,2021-06-08 18:59:00,VRAY
6.04,6.04,6.04,6.04,1358,2021-06-08 19:00:00,VRAY
6.04,6.04,6.035,6.04,4383,2021-06-08 19:01:00,VRAY
6.04,6.04,6.035,6.035,7400,2021-06-08 19:02:00,VRAY
6.04,6.04,6.035,6.035,1900,2021-06-08 19:03:00,VRAY
6.04,6.085,6.04,6.07,18299,2021-06-08 19:04:00,VRAY
6.08,6.08,6.07,6.075,2353,2021-06-08 19:05:00,VRAY
6.08,6.08,6.075,6.075,1200,2021-06-08 19:06:00,VRAY
6.08,6.08,6.08,6.08,1764,2021-06-08 19:07:00,VRAY
6.08,6.08,6.0701,6.0701,1400,2021-06-08 19:08:00,VRAY
6.075,6.08,6.075,6.08,5446,2021-06-08 19:09:00,VRAY
6.075,6.08,6.0701,6.08,3200,2021-06-08 19:10:00,VRAY
6.08,6.08,6.075,6.08,2565,2021-06-08 19:11:00,VRAY
6.08,6.1001,6.075,6.1,8420,2021-06-08 19:12:00,VRAY
6.1,6.11,6.1,6.11,400,2021-06-08 19:13:00,VRAY
6.11,6.11,6.11,6.11,300,2021-06-08 19:14:00,VRAY
6.105,6.11,6.105,6.11,3200,2021-06-08 19:15:00,VRAY
6.103,6.12,6.1028,6.12,4440,2021-06-08 19:16:00,VRAY
6.12,6.14,6.12,6.14,3084,2021-06-08 19:17:00,VRAY
6.15,6.155,6.143,6.1501,3600,2021-06-08 19:18:00,VRAY
6.16,6.17,6.12,6.13,25488,2021-06-08 19:19:00,VRAY
6.125,6.125,6.125,6.125,100,2021-06-08 19:20:00,VRAY
6.12,6.125,6.11,6.11,2500,2021-06-08 19:21:00,VRAY
6.11,6.115,6.11,6.11,2500,2021-06-08 19:22:00,VRAY
6.1,6.105,6.09,6.09,4350,2021-06-08 19:23:00,VRAY
6.0973,6.1,6.09,6.095,1550,2021-06-08 19:24:00,VRAY
6.1,6.1,6.095,6.1,3686,2021-06-08 19:25:00,VRAY
6.095,6.1,6.095,6.1,2200,2021-06-08 19:26:00,VRAY
6.09,6.095,6.09,6.095,2700,2021-06-08 19:27:00,VRAY
6.1,6.1,6.09,6.1,4129,2021-06-08 19:28:00,VRAY
6.095,6.1,6.095,6.1,5526,2021-06-08 19:29:00,VRAY
6.095,6.1,6.095,6.095,2281,2021-06-08 19:30:00,VRAY
6.1,6.1,6.095,6.095,6723,2021-06-08 19:31:00,VRAY
6.1,6.1,6.095,6.1,5500,2021-06-08 19:32:00,VRAY
6.1,6.105,6.095,6.1,13581,2021-06-08 19:33:00,VRAY
6.1,6.1,6.095,6.1,2801,2021-06-08 19:34:00,VRAY
6.1,6.1,6.095,6.095,2900,2021-06-08 19:35:00,VRAY
6.095,6.1,6.09,6.095,9882,2021-06-08 19:36:00,VRAY
6.095,6.095,6.09,6.095,5000,2021-06-08 19:37:00,VRAY
6.09,6.1,6.09,6.1,900,2021-06-08 19:38:00,VRAY
6.1,6.1,6.095,6.1,2800,2021-06-08 19:39:00,VRAY
6.1,6.1,6.095,6.1,3900,2021-06-08 19:40:00,VRAY
6.1,6.1,6.095,6.0966,4802,2021-06-08 19:41:00,VRAY
6.0901,6.1,6.0901,6.095,4700,2021-06-08 19:42:00,VRAY
6.1,6.1,6.095,6.1,3200,2021-06-08 19:43:00,VRAY
6.1,6.1,6.095,6.095,17273,2021-06-08 19:44:00,VRAY
6.095,6.1,6.09,6.09,5000,2021-06-08 19:45:00,VRAY
6.1,6.1,6.09,6.09,5450,2021-06-08 19:46:00,VRAY
6.095,6.1,6.095,6.1,4100,2021-06-08 19:47:00,VRAY
6.1,6.1,6.09,6.1,5100,2021-06-08 19:48:00,VRAY
6.1,6.1,6.09,6.1,5700,2021-06-08 19:49:00,VRAY
6.1,6.1099,6.09,6.105,38888,2021-06-08 19:50:00,VRAY
6.105,6.11,6.1,6.105,8710,2021-06-08 19:51:00,VRAY
6.11,6.12,6.105,6.115,20323,2021-06-08 19:52:00,VRAY
6.11,6.12,6.11,6.115,13971,2021-06-08 19:53:00,VRAY
6.115,6.12,6.115,6.12,11424,2021-06-08 19:54:00,VRAY
6.12,6.13,6.115,6.13,10484,2021-06-08 19:55:00,VRAY
6.13,6.15,6.13,6.15,13354,2021-06-08 19:56:00,VRAY
6.15,6.15,6.1401,6.15,14101,2021-06-08 19:57:00,VRAY
6.145,6.15,6.11,6.11,32056,2021-06-08 19:58:00,VRAY
6.1102,6.12,6.11,6.12,16772,2021-06-08 19:59:00,VRAY
6.12,6.12,6.12,6.12,85601,2021-06-08 20:00:00,VRAY
6.12,6.12,6.12,6.12,100,2021-06-08 21:29:00,VRAY
6.12,6.12,6.12,6.12,100,2021-06-08 21:34:00,VRAY
6.12,6.12,6.12,6.12,100,2021-06-08 21:49:00,VRAY
6.32,6.32,6.32,6.32,100,2021-06-08 22:34:00,VRAY
6.32,6.32,6.32,6.32,200,2021-06-08 23:19:00,VRAY
6.32,6.32,6.32,6.32,300,2021-06-08 23:23:00,VRAY
6.02,6.02,6.02,6.02,100,2021-06-09 11:39:00,VRAY
6.2,6.2,6.2,6.2,104,2021-06-09 13:12:00,VRAY
6.21,6.25,6.2001,6.205,7175,2021-06-09 13:30:00,VRAY
6.21,6.2212,6.21,6.2212,947,2021-06-09 13:32:00,VRAY
6.2101,6.2417,6.21,6.23,3000,2021-06-09 13:33:00,VRAY
6.23,6.3,6.23,6.3,2995,2021-06-09 13:34:00,VRAY
6.29,6.3,6.28,6.3,3420,2021-06-09 13:35:00,VRAY
6.31,6.35,6.29,6.29,11254,2021-06-09 13:36:00,VRAY
6.29,6.2901,6.29,6.29,900,2021-06-09 13:37:00,VRAY
6.27,6.27,6.25,6.25,3790,2021-06-09 13:38:00,VRAY
6.25,6.255,6.24,6.24,1887,2021-06-09 13:39:00,VRAY
6.23,6.23,6.215,6.22,2958,2021-06-09 13:40:00,VRAY
6.22,6.225,6.22,6.225,200,2021-06-09 13:41:00,VRAY
6.2297,6.26,6.22,6.2501,19139,2021-06-09 13:42:00,VRAY
6.25,6.25,6.25,6.25,985,2021-06-09 13:43:00,VRAY
6.24,6.24,6.24,6.24,100,2021-06-09 13:44:00,VRAY
6.245,6.26,6.245,6.26,2300,2021-06-09 13:45:00,VRAY
6.27,6.27,6.25,6.25,6700,2021-06-09 13:46:00,VRAY
6.25,6.25,6.18,6.19,4947,2021-06-09 13:47:00,VRAY
6.1882,6.2,6.1882,6.19,4913,2021-06-09 13:48:00,VRAY
6.18,6.18,6.125,6.135,1258,2021-06-09 13:49:00,VRAY
6.13,6.14,6.125,6.14,860,2021-06-09 13:50:00,VRAY
6.145,6.145,6.145,6.145,1200,2021-06-09 13:51:00,VRAY
6.14,6.145,6.14,6.14,750,2021-06-09 13:52:00,VRAY
6.13,6.13,6.11,6.11,4051,2021-06-09 13:53:00,VRAY
6.11,6.11,6.11,6.11,300,2021-06-09 13:54:00,VRAY
6.11,6.15,6.11,6.15,3246,2021-06-09 13:55:00,VRAY
6.155,6.19,6.155,6.1859,2250,2021-06-09 13:56:00,VRAY
6.18,6.1801,6.18,6.18,401,2021-06-09 13:57:00,VRAY
6.18,6.18,6.17,6.1787,2815,2021-06-09 13:58:00,VRAY
6.1785,6.1785,6.165,6.1701,2530,2021-06-09 13:59:00,VRAY
6.175,6.1889,6.175,6.1889,1618,2021-06-09 14:00:00,VRAY
6.18,6.19,6.18,6.185,900,2021-06-09 14:01:00,VRAY
6.185,6.22,6.185,6.22,1436,2021-06-09 14:02:00,VRAY
6.215,6.23,6.215,6.23,400,2021-06-09 14:03:00,VRAY
6.235,6.24,6.23,6.23,1630,2021-06-09 14:04:00,VRAY
6.225,6.24,6.225,6.24,1235,2021-06-09 14:05:00,VRAY
6.245,6.26,6.2401,6.25,4300,2021-06-09 14:06:00,VRAY
6.26,6.26,6.25,6.25,2200,2021-06-09 14:07:00,VRAY
6.2501,6.2501,6.2501,6.2501,200,2021-06-09 14:08:00,VRAY
6.245,6.26,6.245,6.255,1100,2021-06-09 14:09:00,VRAY
6.26,6.26,6.25,6.25,2300,2021-06-09 14:10:00,VRAY
6.251,6.251,6.25,6.25,1388,2021-06-09 14:11:00,VRAY
6.25,6.25,6.25,6.25,1201,2021-06-09 14:12:00,VRAY
6.245,6.25,6.245,6.245,4372,2021-06-09 14:13:00,VRAY
6.245,6.245,6.24,6.2401,800,2021-06-09 14:14:00,VRAY
6.24,6.24,6.22,6.22,1203,2021-06-09 14:15:00,VRAY
6.225,6.225,6.21,6.215,3784,2021-06-09 14:16:00,VRAY
6.21,6.2101,6.19,6.21,10502,2021-06-09 14:17:00,VRAY
6.2,6.215,6.19,6.21,5588,2021-06-09 14:18:00,VRAY
6.21,6.21,6.21,6.21,200,2021-06-09 14:19:00,VRAY
6.22,6.24,6.22,6.24,2400,2021-06-09 14:20:00,VRAY
6.245,6.245,6.245,6.245,500,2021-06-09 14:21:00,VRAY
6.241,6.241,6.24,6.24,2507,2021-06-09 14:22:00,VRAY
6.245,6.245,6.245,6.245,100,2021-06-09 14:23:00,VRAY
6.25,6.255,6.24,6.24,8943,2021-06-09 14:24:00,VRAY
6.235,6.235,6.235,6.235,700,2021-06-09 14:25:00,VRAY
6.235,6.24,6.23,6.23,300,2021-06-09 14:26:00,VRAY
6.23,6.23,6.23,6.23,100,2021-06-09 14:27:00,VRAY
6.23,6.23,6.23,6.23,200,2021-06-09 14:28:00,VRAY
6.23,6.23,6.205,6.205,4268,2021-06-09 14:31:00,VRAY
6.19,6.19,6.19,6.19,300,2021-06-09 14:32:00,VRAY
6.195,6.2,6.195,6.2,3100,2021-06-09 14:33:00,VRAY
6.19,6.19,6.19,6.19,600,2021-06-09 14:34:00,VRAY
6.19,6.19,6.19,6.19,100,2021-06-09 14:35:00,VRAY
6.19,6.1963,6.19,6.19,1462,2021-06-09 14:37:00,VRAY
6.1901,6.2,6.19,6.19,5750,2021-06-09 14:38:00,VRAY
6.19,6.195,6.19,6.195,200,2021-06-09 14:39:00,VRAY
6.195,6.195,6.193,6.193,1300,2021-06-09 14:40:00,VRAY
6.2,6.2,6.195,6.2,7575,2021-06-09 14:41:00,VRAY
6.199,6.21,6.198,6.205,9300,2021-06-09 14:42:00,VRAY
6.205,6.205,6.205,6.205,100,2021-06-09 14:43:00,VRAY
6.205,6.205,6.205,6.205,400,2021-06-09 14:44:00,VRAY
6.205,6.205,6.205,6.205,100,2021-06-09 14:45:00,VRAY
6.2,6.205,6.2,6.2,526,2021-06-09 14:46:00,VRAY
6.205,6.205,6.205,6.205,116,2021-06-09 14:47:00,VRAY
6.2,6.2,6.18,6.1806,4109,2021-06-09 14:48:00,VRAY
6.185,6.185,6.1701,6.175,3673,2021-06-09 14:49:00,VRAY
6.175,6.19,6.175,6.185,2400,2021-06-09 14:50:00,VRAY
6.19,6.19,6.18,6.18,500,2021-06-09 14:51:00,VRAY
6.1837,6.1887,6.1837,6.1887,1100,2021-06-09 14:52:00,VRAY
6.189,6.189,6.189,6.189,1000,2021-06-09 14:56:00,VRAY
6.185,6.185,6.18,6.18,600,2021-06-09 14:58:00,VRAY
6.18,6.18,6.18,6.18,100,2021-06-09 15:00:00,VRAY
6.1872,6.1872,6.18,6.1801,1100,2021-06-09 15:01:00,VRAY
6.18,6.18,6.175,6.175,3990,2021-06-09 15:02:00,VRAY
6.175,6.175,6.17,6.17,1571,2021-06-09 15:03:00,VRAY
6.17,6.17,6.16,6.16,5710,2021-06-09 15:04:00,VRAY
6.165,6.165,6.16,6.1601,1460,2021-06-09 15:05:00,VRAY
6.16,6.16,6.15,6.15,1325,2021-06-09 15:06:00,VRAY
6.1425,6.1425,6.135,6.14,2500,2021-06-09 15:07:00,VRAY
6.14,6.16,6.14,6.15,3654,2021-06-09 15:08:00,VRAY
6.15,6.15,6.15,6.15,500,2021-06-09 15:09:00,VRAY
6.15,6.155,6.15,6.15,1000,2021-06-09 15:10:00,VRAY
6.15,6.15,6.15,6.15,300,2021-06-09 15:11:00,VRAY
6.15,6.15,6.145,6.145,200,2021-06-09 15:12:00,VRAY
6.145,6.145,6.145,6.145,100,2021-06-09 15:14:00,VRAY
6.14,6.14,6.14,6.14,565,2021-06-09 15:15:00,VRAY
6.14,6.14,6.14,6.14,198,2021-06-09 15:16:00,VRAY
6.14,6.14,6.14,6.14,100,2021-06-09 15:17:00,VRAY
6.14,6.14,6.14,6.14,200,2021-06-09 15:19:00,VRAY
6.14,6.14,6.14,6.14,100,2021-06-09 15:20:00,VRAY
6.14,6.147,6.14,6.145,375,2021-06-09 15:21:00,VRAY
6.14,6.145,6.14,6.145,800,2021-06-09 15:22:00,VRAY
6.145,6.145,6.145,6.145,100,2021-06-09 15:23:00,VRAY
6.145,6.145,6.145,6.145,100,2021-06-09 15:26:00,VRAY
6.15,6.15,6.145,6.145,2000,2021-06-09 15:27:00,VRAY
6.145,6.15,6.145,6.145,2101,2021-06-09 15:28:00,VRAY
6.14,6.14,6.14,6.14,100,2021-06-09 15:30:00,VRAY
6.14,6.1482,6.14,6.145,2100,2021-06-09 15:31:00,VRAY
6.145,6.15,6.145,6.15,17700,2021-06-09 15:32:00,VRAY
6.15,6.15,6.14,6.14,4026,2021-06-09 15:33:00,VRAY
6.14,6.14,6.14,6.14,100,2021-06-09 15:34:00,VRAY
6.14,6.14,6.14,6.14,200,2021-06-09 15:35:00,VRAY
6.14,6.14,6.14,6.14,200,2021-06-09 15:38:00,VRAY
6.14,6.14,6.14,6.14,300,2021-06-09 15:39:00,VRAY
6.1401,6.1401,6.1401,6.1401,500,2021-06-09 15:40:00,VRAY
6.145,6.145,6.14,6.14,400,2021-06-09 15:42:00,VRAY
6.145,6.145,6.14,6.14,200,2021-06-09 15:43:00,VRAY
6.145,6.145,6.14,6.145,6109,2021-06-09 15:45:00,VRAY
6.14,6.14,6.14,6.14,100,2021-06-09 15:46:00,VRAY
6.14,6.145,6.14,6.14,5295,2021-06-09 15:48:00,VRAY
6.135,6.135,6.135,6.135,100,2021-06-09 15:51:00,VRAY
6.135,6.14,6.13,6.1326,3760,2021-06-09 15:52:00,VRAY
6.13,6.13,6.13,6.13,1100,2021-06-09 15:53:00,VRAY
6.13,6.13,6.13,6.13,146,2021-06-09 15:54:00,VRAY
6.13,6.13,6.13,6.13,736,2021-06-09 15:55:00,VRAY
6.13,6.135,6.13,6.13,1512,2021-06-09 15:56:00,VRAY
6.13,6.13,6.13,6.13,300,2021-06-09 15:59:00,VRAY
6.12,6.12,6.12,6.12,774,2021-06-09 16:01:00,VRAY
6.12,6.12,6.12,6.12,100,2021-06-09 16:02:00,VRAY
6.125,6.125,6.125,6.125,100,2021-06-09 16:04:00,VRAY
6.1248,6.1248,6.12,6.12,750,2021-06-09 16:06:00,VRAY
6.1266,6.1283,6.1266,6.1283,1612,2021-06-09 16:07:00,VRAY
6.12,6.12,6.12,6.12,200,2021-06-09 16:09:00,VRAY
6.125,6.13,6.125,6.125,1075,2021-06-09 16:10:00,VRAY
6.125,6.125,6.125,6.125,19497,2021-06-09 16:11:00,VRAY
6.13,6.15,6.13,6.1499,28245,2021-06-09 16:12:00,VRAY
6.145,6.15,6.14,6.145,500,2021-06-09 16:13:00,VRAY
6.145,6.145,6.145,6.145,100,2021-06-09 16:14:00,VRAY
6.14,6.14,6.14,6.14,1194,2021-06-09 16:17:00,VRAY
6.14,6.14,6.135,6.135,4422,2021-06-09 16:18:00,VRAY
6.13,6.13,6.13,6.13,700,2021-06-09 16:21:00,VRAY
6.135,6.14,6.135,6.135,3100,2021-06-09 16:22:00,VRAY
6.135,6.135,6.135,6.135,100,2021-06-09 16:24:00,VRAY
6.135,6.135,6.135,6.135,100,2021-06-09 16:26:00,VRAY
6.135,6.135,6.13,6.13,1003,2021-06-09 16:27:00,VRAY
6.1301,6.135,6.1301,6.135,300,2021-06-09 16:28:00,VRAY
6.1362,6.1362,6.1362,6.1362,121,2021-06-09 16:29:00,VRAY
6.13,6.13,6.13,6.13,597,2021-06-09 16:30:00,VRAY
6.1341,6.1341,6.13,6.13,200,2021-06-09 16:31:00,VRAY
6.1365,6.1365,6.1365,6.1365,100,2021-06-09 16:32:00,VRAY
6.131,6.135,6.131,6.135,3960,2021-06-09 16:33:00,VRAY
6.13,6.13,6.13,6.13,200,2021-06-09 16:34:00,VRAY
6.135,6.135,6.135,6.135,100,2021-06-09 16:36:00,VRAY
6.135,6.135,6.135,6.135,600,2021-06-09 16:37:00,VRAY
6.135,6.14,6.1336,6.135,1565,2021-06-09 16:38:00,VRAY
6.13,6.135,6.13,6.135,1000,2021-06-09 16:39:00,VRAY
6.13,6.135,6.13,6.135,1200,2021-06-09 16:41:00,VRAY
6.1301,6.135,6.13,6.135,1049,2021-06-09 16:43:00,VRAY
6.135,6.135,6.135,6.135,100,2021-06-09 16:45:00,VRAY
6.135,6.135,6.13,6.135,922,2021-06-09 16:47:00,VRAY
6.133,6.133,6.133,6.133,200,2021-06-09 16:48:00,VRAY
6.13,6.135,6.13,6.135,200,2021-06-09 16:49:00,VRAY
6.135,6.14,6.135,6.14,400,2021-06-09 16:50:00,VRAY
6.14,6.14,6.14,6.14,100,2021-06-09 16:51:00,VRAY
6.135,6.135,6.13,6.13,3751,2021-06-09 16:56:00,VRAY
6.135,6.135,6.135,6.135,100,2021-06-09 16:58:00,VRAY
6.13,6.13,6.13,6.13,200,2021-06-09 17:05:00,VRAY
6.13,6.137,6.13,6.13,450,2021-06-09 17:08:00,VRAY
6.135,6.135,6.13,6.13,400,2021-06-09 17:09:00,VRAY
6.135,6.135,6.135,6.135,100,2021-06-09 17:10:00,VRAY
6.135,6.135,6.135,6.135,100,2021-06-09 17:13:00,VRAY
6.13,6.14,6.13,6.1301,5000,2021-06-09 17:14:00,VRAY
6.1317,6.1317,6.1317,6.1317,1600,2021-06-09 17:15:00,VRAY
6.13,6.13,6.13,6.13,255,2021-06-09 17:16:00,VRAY
6.13,6.13,6.13,6.13,291,2021-06-09 17:17:00,VRAY
6.135,6.135,6.135,6.135,581,2021-06-09 17:18:00,VRAY
6.13,6.135,6.12,6.12,12199,2021-06-09 17:19:00,VRAY
6.12,6.125,6.12,6.125,1154,2021-06-09 17:20:00,VRAY
6.12,6.12,6.12,6.12,100,2021-06-09 17:21:00,VRAY
6.12,6.12,6.12,6.12,100,2021-06-09 17:22:00,VRAY
6.1201,6.1201,6.1201,6.1201,1900,2021-06-09 17:24:00,VRAY
6.13,6.13,6.125,6.125,245,2021-06-09 17:25:00,VRAY
6.12,6.12,6.12,6.12,400,2021-06-09 17:26:00,VRAY
6.1234,6.1234,6.1234,6.1234,500,2021-06-09 17:27:00,VRAY
6.12,6.12,6.12,6.12,200,2021-06-09 17:28:00,VRAY
6.1227,6.1227,6.12,6.12,700,2021-06-09 17:29:00,VRAY
6.13,6.13,6.12,6.12,700,2021-06-09 17:30:00,VRAY
6.12,6.12,6.12,6.12,200,2021-06-09 17:31:00,VRAY
6.12,6.1201,6.12,6.1201,804,2021-06-09 17:33:00,VRAY
6.12,6.12,6.12,6.12,100,2021-06-09 17:35:00,VRAY
6.125,6.125,6.125,6.125,100,2021-06-09 17:36:00,VRAY
6.12,6.125,6.11,6.11,3688,2021-06-09 17:37:00,VRAY
6.11,6.11,6.11,6.11,300,2021-06-09 17:38:00,VRAY
6.11,6.11,6.11,6.11,320,2021-06-09 17:39:00,VRAY
6.11,6.11,6.11,6.11,1287,2021-06-09 17:40:00,VRAY
6.11,6.11,6.11,6.11,1566,2021-06-09 17:41:00,VRAY
6.11,6.11,6.11,6.11,361,2021-06-09 17:42:00,VRAY
6.11,6.12,6.11,6.12,674,2021-06-09 17:43:00,VRAY
6.11,6.115,6.11,6.1112,1454,2021-06-09 17:44:00,VRAY
6.11,6.11,6.1,6.1,6166,2021-06-09 17:45:00,VRAY
6.1,6.1,6.1,6.1,253,2021-06-09 17:46:00,VRAY
6.1,6.1,6.1,6.1,217,2021-06-09 17:47:00,VRAY
6.1,6.1,6.0901,6.095,4679,2021-06-09 17:48:00,VRAY
6.09,6.0901,6.09,6.09,1188,2021-06-09 17:50:00,VRAY
6.09,6.095,6.09,6.09,1239,2021-06-09 17:51:00,VRAY
6.09,6.09,6.09,6.09,395,2021-06-09 17:52:00,VRAY
6.09,6.09,6.0701,6.0701,6302,2021-06-09 17:53:00,VRAY
6.065,6.07,6.065,6.0666,8968,2021-06-09 17:54:00,VRAY
6.065,6.12,6.065,6.12,16138,2021-06-09 17:55:00,VRAY
6.1126,6.1126,6.11,6.11,520,2021-06-09 17:56:00,VRAY
6.11,6.1122,6.11,6.1122,507,2021-06-09 17:58:00,VRAY
6.1188,6.1188,6.115,6.115,3169,2021-06-09 18:01:00,VRAY
6.11,6.11,6.11,6.11,1561,2021-06-09 18:02:00,VRAY
6.105,6.105,6.105,6.105,100,2021-06-09 18:03:00,VRAY
6.1,6.1,6.095,6.095,1474,2021-06-09 18:04:00,VRAY
6.095,6.095,6.0706,6.0706,5972,2021-06-09 18:06:00,VRAY
6.075,6.075,6.075,6.075,100,2021-06-09 18:07:00,VRAY
6.075,6.075,6.075,6.075,100,2021-06-09 18:08:00,VRAY
6.07,6.075,6.07,6.075,546,2021-06-09 18:09:00,VRAY
6.07,6.07,6.05,6.055,8573,2021-06-09 18:10:00,VRAY
6.05,6.05,6.05,6.05,900,2021-06-09 18:11:00,VRAY
6.055,6.06,6.0501,6.055,5298,2021-06-09 18:13:00,VRAY
6.06,6.06,6.0575,6.0575,291,2021-06-09 18:14:00,VRAY
6.0595,6.07,6.0595,6.07,5042,2021-06-09 18:15:00,VRAY
6.065,6.075,6.065,6.075,1687,2021-06-09 18:16:00,VRAY
6.0788,6.08,6.0788,6.08,1268,2021-06-09 18:17:00,VRAY
6.0799,6.0799,6.0799,6.0799,1000,2021-06-09 18:18:00,VRAY
6.07,6.075,6.07,6.07,854,2021-06-09 18:19:00,VRAY
6.07,6.07,6.0601,6.065,2691,2021-06-09 18:20:00,VRAY
6.06,6.06,6.06,6.06,100,2021-06-09 18:23:00,VRAY
6.065,6.065,6.065,6.065,100,2021-06-09 18:24:00,VRAY
6.06,6.06,6.06,6.06,820,2021-06-09 18:25:00,VRAY
6.065,6.065,6.06,6.06,300,2021-06-09 18:26:00,VRAY
6.065,6.065,6.0633,6.065,400,2021-06-09 18:27:00,VRAY
6.07,6.07,6.07,6.07,500,2021-06-09 18:28:00,VRAY
6.06,6.09,6.06,6.09,8700,2021-06-09 18:29:00,VRAY
6.08,6.08,6.08,6.08,200,2021-06-09 18:31:00,VRAY
6.09,6.09,6.09,6.09,100,2021-06-09 18:32:00,VRAY
6.09,6.09,6.085,6.0861,800,2021-06-09 18:33:00,VRAY
6.09,6.09,6.085,6.085,1000,2021-06-09 18:34:00,VRAY
6.09,6.09,6.09,6.09,300,2021-06-09 18:35:00,VRAY
6.09,6.09,6.08,6.08,400,2021-06-09 18:37:00,VRAY
6.085,6.09,6.085,6.09,568,2021-06-09 18:38:00,VRAY
6.085,6.09,6.085,6.09,600,2021-06-09 18:39:00,VRAY
6.09,6.09,6.09,6.09,400,2021-06-09 18:40:00,VRAY
6.09,6.09,6.09,6.09,400,2021-06-09 18:41:00,VRAY
6.09,6.09,6.09,6.09,100,2021-06-09 18:42:00,VRAY
6.0825,6.09,6.0825,6.0877,1200,2021-06-09 18:43:00,VRAY
6.09,6.09,6.09,6.09,168,2021-06-09 18:44:00,VRAY
6.09,6.11,6.09,6.1001,3100,2021-06-09 18:45:00,VRAY
6.105,6.11,6.105,6.11,200,2021-06-09 18:46:00,VRAY
6.11,6.11,6.105,6.11,700,2021-06-09 18:47:00,VRAY
6.105,6.105,6.105,6.105,100,2021-06-09 18:48:00,VRAY
6.11,6.11,6.1046,6.11,639,2021-06-09 18:49:00,VRAY
6.11,6.11,6.11,6.11,100,2021-06-09 18:50:00,VRAY
6.11,6.11,6.11,6.11,100,2021-06-09 18:51:00,VRAY
6.11,6.11,6.11,6.11,1000,2021-06-09 18:52:00,VRAY
6.11,6.11,6.11,6.11,100,2021-06-09 18:55:00,VRAY
6.1001,6.11,6.095,6.095,7420,2021-06-09 18:57:00,VRAY
6.09,6.095,6.09,6.095,200,2021-06-09 18:58:00,VRAY
6.09,6.095,6.09,6.095,216,2021-06-09 19:01:00,VRAY
6.095,6.095,6.095,6.095,100,2021-06-09 19:03:00,VRAY
6.095,6.095,6.095,6.095,100,2021-06-09 19:04:00,VRAY
6.0924,6.095,6.0924,6.095,900,2021-06-09 19:05:00,VRAY
6.095,6.095,6.095,6.095,200,2021-06-09 19:06:00,VRAY
6.1,6.1,6.0901,6.0901,500,2021-06-09 19:07:00,VRAY
6.095,6.095,6.09,6.09,620,2021-06-09 19:08:00,VRAY
6.095,6.095,6.095,6.095,300,2021-06-09 19:09:00,VRAY
6.095,6.095,6.09,6.095,600,2021-06-09 19:10:00,VRAY
6.095,6.095,6.095,6.095,500,2021-06-09 19:11:00,VRAY
6.09,6.1,6.09,6.095,400,2021-06-09 19:12:00,VRAY
6.095,6.095,6.09,6.095,1629,2021-06-09 19:13:00,VRAY
6.09,6.1,6.09,6.095,1200,2021-06-09 19:14:00,VRAY
6.0928,6.0928,6.0928,6.0928,100,2021-06-09 19:15:00,VRAY
6.095,6.1,6.09,6.1,400,2021-06-09 19:16:00,VRAY
6.09,6.09,6.09,6.09,100,2021-06-09 19:17:00,VRAY
6.095,6.095,6.0901,6.095,700,2021-06-09 19:18:00,VRAY
6.09,6.09,6.06,6.06,8897,2021-06-09 19:19:00,VRAY
6.065,6.065,6.06,6.06,200,2021-06-09 19:20:00,VRAY
6.06,6.06,6.05,6.05,2468,2021-06-09 19:21:00,VRAY
6.05,6.055,6.05,6.05,2415,2021-06-09 19:22:00,VRAY
6.04,6.0401,6.04,6.04,1849,2021-06-09 19:23:00,VRAY
6.03,6.035,6.0201,6.0201,2390,2021-06-09 19:24:00,VRAY
6.02,6.02,6.01,6.01,2531,2021-06-09 19:25:00,VRAY
6.0,6.0001,6.0,6.0,2024,2021-06-09 19:26:00,VRAY
6.0,6.0,6.0,6.0,500,2021-06-09 19:27:00,VRAY
6.0,6.0,6.0,6.0,200,2021-06-09 19:28:00,VRAY
6.0015,6.0015,6.0,6.0,2923,2021-06-09 19:29:00,VRAY
6.0,6.0,5.99,5.99,2250,2021-06-09 19:31:00,VRAY
5.99,5.99,5.98,5.985,3652,2021-06-09 19:32:00,VRAY
5.98,5.98,5.98,5.98,2292,2021-06-09 19:33:00,VRAY
5.98,5.9801,5.98,5.98,1500,2021-06-09 19:34:00,VRAY
5.987,5.99,5.98,5.98,1817,2021-06-09 19:35:00,VRAY
5.985,5.985,5.98,5.98,1000,2021-06-09 19:36:00,VRAY
5.985,5.99,5.985,5.99,500,2021-06-09 19:37:00,VRAY
5.98,5.9899,5.98,5.98,2800,2021-06-09 19:38:00,VRAY
5.985,5.985,5.98,5.985,1377,2021-06-09 19:39:00,VRAY
5.9825,5.985,5.98,5.985,1731,2021-06-09 19:40:00,VRAY
5.98,5.985,5.98,5.985,1500,2021-06-09 19:41:00,VRAY
5.985,5.985,5.98,5.985,2079,2021-06-09 19:42:00,VRAY
5.98,5.985,5.96,5.965,25376,2021-06-09 19:43:00,VRAY
5.965,5.97,5.95,5.965,30068,2021-06-09 19:44:00,VRAY
5.965,5.97,5.96,5.965,11712,2021-06-09 19:45:00,VRAY
5.965,5.97,5.965,5.965,3372,2021-06-09 19:46:00,VRAY
5.97,6.0,5.965,6.0,19396,2021-06-09 19:47:00,VRAY
6.0,6.01,5.995,6.01,14920,2021-06-09 19:48:00,VRAY
6.009,6.01,6.0,6.01,3230,2021-06-09 19:49:00,VRAY
6.0,6.01,6.0,6.01,5392,2021-06-09 19:50:00,VRAY
6.01,6.01,6.005,6.005,6088,2021-06-09 19:51:00,VRAY
6.005,6.02,6.005,6.02,4324,2021-06-09 19:52:00,VRAY
6.02,6.02,6.015,6.015,2700,2021-06-09 19:53:00,VRAY
6.02,6.03,6.02,6.02,3984,2021-06-09 19:54:00,VRAY
6.025,6.03,6.02,6.03,17225,2021-06-09 19:55:00,VRAY
6.025,6.03,6.0201,6.025,9228,2021-06-09 19:56:00,VRAY
6.025,6.03,6.02,6.025,8716,2021-06-09 19:57:00,VRAY
6.0201,6.03,6.02,6.025,8497,2021-06-09 19:58:00,VRAY
6.03,6.03,6.02,6.025,12580,2021-06-09 19:59:00,VRAY
6.03,6.03,6.03,6.03,58737,2021-06-09 20:00:00,VRAY
6.07,6.07,6.07,6.07,200,2021-06-09 21:43:00,VRAY
6.07,6.07,6.07,6.07,286,2021-06-09 21:51:00,VRAY
6.03,6.03,6.03,6.03,1879,2021-06-10 13:17:00,VRAY
5.98,5.98,5.87,5.87,23842,2021-06-10 13:30:00,VRAY
5.86,5.86,5.75,5.75,27819,2021-06-10 13:31:00,VRAY
5.75,5.75,5.59,5.59,39169,2021-06-10 13:32:00,VRAY
5.5858,5.67,5.5858,5.66,15172,2021-06-10 13:33:00,VRAY
5.67,5.72,5.67,5.71,6584,2021-06-10 13:34:00,VRAY
5.72,5.765,5.69,5.695,8424,2021-06-10 13:35:00,VRAY
5.7,5.7,5.64,5.65,13177,2021-06-10 13:36:00,VRAY
5.64,5.71,5.64,5.68,16016,2021-06-10 13:37:00,VRAY
5.68,5.68,5.64,5.67,7845,2021-06-10 13:38:00,VRAY
5.66,5.67,5.65,5.65,4300,2021-06-10 13:39:00,VRAY
5.65,5.65,5.605,5.605,10331,2021-06-10 13:40:00,VRAY
5.61,5.65,5.605,5.65,17491,2021-06-10 13:41:00,VRAY
5.64,5.66,5.62,5.66,11141,2021-06-10 13:42:00,VRAY
5.67,5.69,5.67,5.69,7462,2021-06-10 13:43:00,VRAY
5.7,5.7,5.68,5.7,11131,2021-06-10 13:44:00,VRAY
5.6901,5.73,5.6901,5.71,4580,2021-06-10 13:45:00,VRAY
5.72,5.745,5.72,5.745,3327,2021-06-10 13:46:00,VRAY
5.74,5.74,5.7,5.705,3850,2021-06-10 13:47:00,VRAY
5.7,5.71,5.7,5.705,2527,2021-06-10 13:48:00,VRAY
5.72,5.76,5.71,5.76,10220,2021-06-10 13:49:00,VRAY
5.75,5.77,5.74,5.76,14425,2021-06-10 13:50:00,VRAY
5.76,5.78,5.76,5.7797,2457,2021-06-10 13:51:00,VRAY
5.78,5.78,5.77,5.7795,3668,2021-06-10 13:52:00,VRAY
5.775,5.775,5.76,5.76,3102,2021-06-10 13:53:00,VRAY
5.75,5.77,5.75,5.77,14208,2021-06-10 13:54:00,VRAY
5.7763,5.7763,5.77,5.7701,1040,2021-06-10 13:55:00,VRAY
5.775,5.775,5.775,5.775,300,2021-06-10 13:56:00,VRAY
5.78,5.78,5.7792,5.7792,3326,2021-06-10 13:57:00,VRAY
5.78,5.78,5.77,5.77,400,2021-06-10 13:58:00,VRAY
5.775,5.775,5.775,5.775,684,2021-06-10 13:59:00,VRAY
5.77,5.775,5.77,5.775,1200,2021-06-10 14:00:00,VRAY
5.775,5.775,5.76,5.775,15522,2021-06-10 14:01:00,VRAY
5.77,5.78,5.77,5.78,500,2021-06-10 14:02:00,VRAY
5.775,5.78,5.77,5.78,1398,2021-06-10 14:03:00,VRAY
5.78,5.78,5.77,5.77,200,2021-06-10 14:04:00,VRAY
5.7706,5.7706,5.7701,5.7701,1606,2021-06-10 14:05:00,VRAY
5.775,5.78,5.77,5.775,1155,2021-06-10 14:06:00,VRAY
5.7731,5.775,5.74,5.7475,11484,2021-06-10 14:07:00,VRAY
5.745,5.745,5.74,5.74,600,2021-06-10 14:08:00,VRAY
5.74,5.74,5.71,5.71,6859,2021-06-10 14:09:00,VRAY
5.705,5.705,5.685,5.685,9636,2021-06-10 14:10:00,VRAY
5.685,5.685,5.68,5.68,600,2021-06-10 14:11:00,VRAY
5.682,5.682,5.66,5.66,1800,2021-06-10 14:12:00,VRAY
5.6528,5.6528,5.65,5.65,400,2021-06-10 14:13:00,VRAY
5.65,5.7,5.635,5.685,34683,2021-06-10 14:14:00,VRAY
5.68,5.7,5.68,5.69,1307,2021-06-10 14:15:00,VRAY
5.7,5.715,5.7,5.71,3842,2021-06-10 14:16:00,VRAY
5.7,5.7,5.675,5.675,6500,2021-06-10 14:17:00,VRAY
5.6714,5.68,5.66,5.67,8293,2021-06-10 14:18:00,VRAY
5.66,5.66,5.66,5.66,600,2021-06-10 14:19:00,VRAY
5.652,5.652,5.61,5.61,4099,2021-06-10 14:20:00,VRAY
5.6,5.61,5.59,5.605,10784,2021-06-10 14:21:00,VRAY
5.605,5.605,5.605,5.605,100,2021-06-10 14:22:00,VRAY
5.6,5.605,5.6,5.605,400,2021-06-10 14:23:00,VRAY
5.605,5.605,5.605,5.605,4100,2021-06-10 14:24:00,VRAY
5.6,5.6,5.57,5.575,8754,2021-06-10 14:25:00,VRAY
5.575,5.59,5.56,5.56,9081,2021-06-10 14:26:00,VRAY
5.56,5.56,5.535,5.545,6505,2021-06-10 14:27:00,VRAY
5.5401,5.56,5.54,5.5463,9975,2021-06-10 14:28:00,VRAY
5.545,5.56,5.545,5.555,3655,2021-06-10 14:29:00,VRAY
5.555,5.555,5.53,5.53,10782,2021-06-10 14:30:00,VRAY
5.53,5.53,5.5,5.51,10535,2021-06-10 14:31:00,VRAY
5.5001,5.51,5.48,5.495,20905,2021-06-10 14:32:00,VRAY
5.495,5.54,5.49,5.54,18590,2021-06-10 14:33:00,VRAY
5.5301,5.54,5.5301,5.535,941,2021-06-10 14:34:00,VRAY
5.54,5.54,5.53,5.53,3371,2021-06-10 14:35:00,VRAY
5.535,5.54,5.52,5.52,8291,2021-06-10 14:36:00,VRAY
5.5171,5.519,5.515,5.515,800,2021-06-10 14:37:00,VRAY
5.52,5.52,5.51,5.5141,7900,2021-06-10 14:38:00,VRAY
5.52,5.52,5.495,5.495,4073,2021-06-10 14:39:00,VRAY
5.49,5.5,5.4801,5.5,10017,2021-06-10 14:40:00,VRAY
5.495,5.5,5.495,5.5,7231,2021-06-10 14:41:00,VRAY
5.51,5.53,5.51,5.5282,6300,2021-06-10 14:42:00,VRAY
5.525,5.53,5.52,5.52,800,2021-06-10 14:43:00,VRAY
5.525,5.53,5.5,5.505,5019,2021-06-10 14:44:00,VRAY
5.5,5.505,5.48,5.485,11445,2021-06-10 14:45:00,VRAY
5.48,5.485,5.48,5.48,650,2021-06-10 14:46:00,VRAY
5.4825,5.4825,5.46,5.462,13857,2021-06-10 14:47:00,VRAY
5.465,5.47,5.46,5.46,10588,2021-06-10 14:48:00,VRAY
5.465,5.465,5.46,5.46,887,2021-06-10 14:49:00,VRAY
5.465,5.47,5.45,5.47,22030,2021-06-10 14:50:00,VRAY
5.476,5.476,5.476,5.476,1000,2021-06-10 14:51:00,VRAY
5.472,5.475,5.465,5.465,8161,2021-06-10 14:52:00,VRAY
5.465,5.47,5.4618,5.47,2100,2021-06-10 14:53:00,VRAY
5.47,5.475,5.465,5.475,2200,2021-06-10 14:54:00,VRAY
5.47,5.47,5.46,5.46,10338,2021-06-10 14:55:00,VRAY
5.465,5.47,5.4601,5.465,4245,2021-06-10 14:56:00,VRAY
5.47,5.47,5.4615,5.465,1276,2021-06-10 14:57:00,VRAY
5.465,5.47,5.46,5.465,2600,2021-06-10 14:58:00,VRAY
5.465,5.465,5.4644,5.4644,1500,2021-06-10 14:59:00,VRAY
5.46,5.46,5.455,5.455,4601,2021-06-10 15:00:00,VRAY
5.455,5.46,5.455,5.455,2265,2021-06-10 15:01:00,VRAY
5.46,5.485,5.4575,5.485,10319,2021-06-10 15:02:00,VRAY
5.485,5.4865,5.48,5.485,1500,2021-06-10 15:03:00,VRAY
5.485,5.485,5.485,5.485,100,2021-06-10 15:04:00,VRAY
5.485,5.485,5.46,5.46,5499,2021-06-10 15:05:00,VRAY
5.47,5.475,5.47,5.475,989,2021-06-10 15:06:00,VRAY
5.4743,5.475,5.4743,5.475,200,2021-06-10 15:07:00,VRAY
5.48,5.505,5.48,5.505,14705,2021-06-10 15:08:00,VRAY
5.505,5.51,5.505,5.51,4537,2021-06-10 15:09:00,VRAY
5.52,5.52,5.51,5.5199,4775,2021-06-10 15:10:00,VRAY
5.52,5.545,5.52,5.54,13280,2021-06-10 15:11:00,VRAY
5.535,5.535,5.5199,5.5199,3200,2021-06-10 15:12:00,VRAY
5.52,5.52,5.505,5.5098,11500,2021-06-10 15:13:00,VRAY
5.505,5.51,5.505,5.51,1500,2021-06-10 15:14:00,VRAY
5.5,5.51,5.495,5.495,2317,2021-06-10 15:15:00,VRAY
5.4988,5.4988,5.495,5.495,3500,2021-06-10 15:16:00,VRAY
5.495,5.5,5.49,5.5,1800,2021-06-10 15:17:00,VRAY
5.495,5.525,5.495,5.525,13374,2021-06-10 15:18:00,VRAY
5.525,5.53,5.525,5.53,200,2021-06-10 15:19:00,VRAY
5.52,5.52,5.49,5.5,8153,2021-06-10 15:20:00,VRAY
5.495,5.5,5.495,5.5,400,2021-06-10 15:21:00,VRAY
5.5,5.5,5.5,5.5,100,2021-06-10 15:22:00,VRAY
5.5,5.5,5.5,5.5,1054,2021-06-10 15:23:00,VRAY
5.5,5.51,5.5,5.51,6091,2021-06-10 15:24:00,VRAY
5.5,5.51,5.5,5.51,457,2021-06-10 15:25:00,VRAY
5.5,5.51,5.5,5.505,1100,2021-06-10 15:26:00,VRAY
5.505,5.51,5.49,5.495,5742,2021-06-10 15:27:00,VRAY
5.495,5.495,5.495,5.495,600,2021-06-10 15:28:00,VRAY
5.5,5.5,5.495,5.495,647,2021-06-10 15:29:00,VRAY
5.495,5.495,5.49,5.495,500,2021-06-10 15:30:00,VRAY
5.495,5.495,5.495,5.495,400,2021-06-10 15:31:00,VRAY
5.495,5.495,5.495,5.495,900,2021-06-10 15:32:00,VRAY
5.495,5.5,5.495,5.5,600,2021-06-10 15:33:00,VRAY
5.5,5.5,5.495,5.495,301,2021-06-10 15:34:00,VRAY
5.495,5.5,5.4916,5.495,2947,2021-06-10 15:35:00,VRAY
5.495,5.495,5.48,5.485,9188,2021-06-10 15:36:00,VRAY
5.485,5.485,5.485,5.485,100,2021-06-10 15:37:00,VRAY
5.4819,5.485,5.4819,5.485,1300,2021-06-10 15:38:00,VRAY
5.485,5.485,5.45,5.45,20143,2021-06-10 15:40:00,VRAY
5.45,5.45,5.42,5.4226,8937,2021-06-10 15:41:00,VRAY
5.43,5.43,5.42,5.42,18733,2021-06-10 15:42:00,VRAY
5.42,5.42,5.4,5.4126,12488,2021-06-10 15:43:00,VRAY
5.415,5.4199,5.41,5.4199,1709,2021-06-10 15:44:00,VRAY
5.415,5.4195,5.4101,5.4101,5100,2021-06-10 15:45:00,VRAY
5.4101,5.43,5.4101,5.43,17257,2021-06-10 15:46:00,VRAY
5.43,5.46,5.43,5.46,13871,2021-06-10 15:47:00,VRAY
5.47,5.47,5.47,5.47,816,2021-06-10 15:48:00,VRAY
5.47,5.47,5.47,5.47,300,2021-06-10 15:49:00,VRAY
5.47,5.48,5.47,5.48,1066,2021-06-10 15:50:00,VRAY
5.48,5.48,5.48,5.48,653,2021-06-10 15:51:00,VRAY
5.48,5.489,5.4799,5.489,1906,2021-06-10 15:52:00,VRAY
5.485,5.485,5.465,5.47,8536,2021-06-10 15:53:00,VRAY
5.475,5.48,5.475,5.48,1500,2021-06-10 15:54:00,VRAY
5.48,5.48,5.48,5.48,300,2021-06-10 15:55:00,VRAY
5.48,5.48,5.48,5.48,200,2021-06-10 15:56:00,VRAY
5.4701,5.48,5.4701,5.4701,3700,2021-06-10 15:58:00,VRAY
5.48,5.52,5.48,5.515,11138,2021-06-10 15:59:00,VRAY
5.515,5.515,5.515,5.515,100,2021-06-10 16:00:00,VRAY
5.5101,5.5133,5.5,5.505,6737,2021-06-10 16:01:00,VRAY
5.505,5.505,5.505,5.505,300,2021-06-10 16:02:00,VRAY
5.505,5.505,5.505,5.505,700,2021-06-10 16:03:00,VRAY
5.505,5.505,5.5,5.5,1008,2021-06-10 16:04:00,VRAY
5.5,5.505,5.5,5.5004,810,2021-06-10 16:05:00,VRAY
5.505,5.505,5.495,5.495,3989,2021-06-10 16:06:00,VRAY
5.495,5.5,5.4901,5.4901,1600,2021-06-10 16:07:00,VRAY
5.5,5.5,5.4908,5.4908,1700,2021-06-10 16:08:00,VRAY
5.5,5.5,5.495,5.5,781,2021-06-10 16:09:00,VRAY
5.495,5.5,5.495,5.5,1000,2021-06-10 16:10:00,VRAY
5.495,5.495,5.495,5.495,2103,2021-06-10 16:11:00,VRAY
5.495,5.5,5.495,5.5,958,2021-06-10 16:12:00,VRAY
5.5,5.5,5.5,5.5,100,2021-06-10 16:13:00,VRAY
5.5,5.53,5.5,5.52,21604,2021-06-10 16:15:00,VRAY
5.525,5.53,5.525,5.53,600,2021-06-10 16:16:00,VRAY
5.53,5.54,5.53,5.54,1711,2021-06-10 16:17:00,VRAY
5.54,5.54,5.54,5.54,900,2021-06-10 16:18:00,VRAY
5.54,5.545,5.54,5.545,5230,2021-06-10 16:19:00,VRAY
5.545,5.5462,5.545,5.5462,701,2021-06-10 16:20:00,VRAY
5.545,5.55,5.53,5.535,12263,2021-06-10 16:21:00,VRAY
5.535,5.535,5.535,5.535,200,2021-06-10 16:22:00,VRAY
5.535,5.539,5.5323,5.539,1800,2021-06-10 16:23:00,VRAY
5.53,5.53,5.53,5.53,600,2021-06-10 16:24:00,VRAY
5.53,5.535,5.53,5.5301,1000,2021-06-10 16:25:00,VRAY
5.53,5.54,5.53,5.535,5426,2021-06-10 16:26:00,VRAY
5.535,5.535,5.535,5.535,446,2021-06-10 16:27:00,VRAY
5.535,5.56,5.535,5.545,18340,2021-06-10 16:28:00,VRAY
5.56,5.62,5.55,5.5517,74179,2021-06-10 16:29:00,VRAY
5.5581,5.57,5.555,5.565,30167,2021-06-10 16:30:00,VRAY
5.5601,5.5601,5.53,5.535,28840,2021-06-10 16:31:00,VRAY
5.535,5.55,5.535,5.545,25312,2021-06-10 16:32:00,VRAY
5.545,5.55,5.545,5.545,2700,2021-06-10 16:33:00,VRAY
5.55,5.5591,5.55,5.5591,9487,2021-06-10 16:34:00,VRAY
5.555,5.5599,5.5501,5.5599,450,2021-06-10 16:35:00,VRAY
5.56,5.57,5.56,5.565,11786,2021-06-10 16:36:00,VRAY
5.57,5.6,5.5699,5.5998,8802,2021-06-10 16:37:00,VRAY
5.6,5.6,5.5901,5.595,1024,2021-06-10 16:38:00,VRAY
5.6,5.61,5.595,5.61,15211,2021-06-10 16:39:00,VRAY
5.612,5.63,5.61,5.63,11483,2021-06-10 16:40:00,VRAY
5.63,5.63,5.625,5.625,724,2021-06-10 16:41:00,VRAY
5.625,5.625,5.625,5.625,400,2021-06-10 16:42:00,VRAY
5.6208,5.625,5.62,5.62,1482,2021-06-10 16:43:00,VRAY
5.62,5.625,5.6026,5.61,11314,2021-06-10 16:44:00,VRAY
5.6097,5.61,5.6,5.605,6500,2021-06-10 16:45:00,VRAY
5.605,5.61,5.6001,5.6001,1343,2021-06-10 16:46:00,VRAY
5.61,5.61,5.61,5.61,303,2021-06-10 16:48:00,VRAY
5.61,5.61,5.605,5.605,1015,2021-06-10 16:49:00,VRAY
5.61,5.62,5.61,5.6101,2084,2021-06-10 16:50:00,VRAY
5.615,5.615,5.61,5.615,900,2021-06-10 16:51:00,VRAY
5.6185,5.6185,5.6185,5.6185,700,2021-06-10 16:52:00,VRAY
5.62,5.62,5.62,5.62,100,2021-06-10 16:53:00,VRAY
5.62,5.62,5.62,5.62,100,2021-06-10 16:54:00,VRAY
5.615,5.63,5.615,5.63,16544,2021-06-10 16:55:00,VRAY
5.63,5.63,5.6201,5.63,5420,2021-06-10 16:56:00,VRAY
5.63,5.63,5.63,5.63,400,2021-06-10 16:57:00,VRAY
5.63,5.65,5.63,5.645,5995,2021-06-10 16:58:00,VRAY
5.65,5.65,5.64,5.645,12556,2021-06-10 16:59:00,VRAY
5.6401,5.6401,5.64,5.64,1600,2021-06-10 17:00:00,VRAY
5.645,5.645,5.6425,5.6425,1100,2021-06-10 17:01:00,VRAY
5.64,5.645,5.64,5.6401,6202,2021-06-10 17:02:00,VRAY
5.6401,5.65,5.64,5.645,12200,2021-06-10 17:03:00,VRAY
5.64,5.6491,5.64,5.645,900,2021-06-10 17:04:00,VRAY
5.645,5.645,5.6401,5.6401,300,2021-06-10 17:05:00,VRAY
5.6401,5.645,5.6401,5.645,1000,2021-06-10 17:06:00,VRAY
5.645,5.645,5.6401,5.645,2800,2021-06-10 17:07:00,VRAY
5.645,5.645,5.645,5.645,200,2021-06-10 17:08:00,VRAY
5.645,5.645,5.645,5.645,232,2021-06-10 17:09:00,VRAY
5.645,5.645,5.645,5.645,400,2021-06-10 17:10:00,VRAY
5.65,5.65,5.645,5.65,1100,2021-06-10 17:14:00,VRAY
5.65,5.65,5.6401,5.6401,1466,2021-06-10 17:15:00,VRAY
5.645,5.65,5.645,5.65,300,2021-06-10 17:16:00,VRAY
5.645,5.65,5.645,5.65,419,2021-06-10 17:17:00,VRAY
5.6423,5.65,5.6401,5.6401,2800,2021-06-10 17:18:00,VRAY
5.65,5.65,5.645,5.645,400,2021-06-10 17:19:00,VRAY
5.645,5.645,5.645,5.645,504,2021-06-10 17:20:00,VRAY
5.645,5.645,5.645,5.645,100,2021-06-10 17:21:00,VRAY
5.64,5.645,5.64,5.645,681,2021-06-10 17:23:00,VRAY
5.645,5.655,5.645,5.655,5507,2021-06-10 17:24:00,VRAY
5.655,5.6565,5.655,5.655,906,2021-06-10 17:25:00,VRAY
5.655,5.655,5.65,5.655,8107,2021-06-10 17:26:00,VRAY
5.655,5.655,5.655,5.655,605,2021-06-10 17:27:00,VRAY
5.655,5.655,5.655,5.655,306,2021-06-10 17:28:00,VRAY
5.655,5.655,5.655,5.655,400,2021-06-10 17:29:00,VRAY
5.655,5.6577,5.655,5.6577,814,2021-06-10 17:30:00,VRAY
5.65,5.655,5.65,5.655,722,2021-06-10 17:31:00,VRAY
5.655,5.655,5.65,5.655,300,2021-06-10 17:32:00,VRAY
5.65,5.655,5.65,5.655,600,2021-06-10 17:33:00,VRAY
5.655,5.655,5.65,5.655,400,2021-06-10 17:34:00,VRAY
5.655,5.655,5.655,5.655,383,2021-06-10 17:35:00,VRAY
5.655,5.655,5.655,5.655,1706,2021-06-10 17:36:00,VRAY
5.655,5.655,5.655,5.655,400,2021-06-10 17:37:00,VRAY
5.655,5.655,5.655,5.655,600,2021-06-10 17:38:00,VRAY
5.655,5.66,5.65,5.65,739,2021-06-10 17:39:00,VRAY
5.66,5.66,5.66,5.66,847,2021-06-10 17:40:00,VRAY
5.655,5.66,5.655,5.66,600,2021-06-10 17:41:00,VRAY
5.66,5.66,5.66,5.66,100,2021-06-10 17:42:00,VRAY
5.655,5.66,5.655,5.655,900,2021-06-10 17:43:00,VRAY
5.655,5.66,5.655,5.655,904,2021-06-10 17:44:00,VRAY
5.655,5.66,5.65,5.655,2034,2021-06-10 17:45:00,VRAY
5.655,5.655,5.655,5.655,300,2021-06-10 17:46:00,VRAY
5.655,5.655,5.655,5.655,303,2021-06-10 17:47:00,VRAY
5.655,5.66,5.655,5.655,700,2021-06-10 17:48:00,VRAY
5.655,5.6569,5.655,5.655,480,2021-06-10 17:49:00,VRAY
5.655,5.66,5.655,5.66,1000,2021-06-10 17:50:00,VRAY
5.655,5.66,5.655,5.66,6348,2021-06-10 17:51:00,VRAY
5.655,5.66,5.655,5.66,775,2021-06-10 17:52:00,VRAY
5.655,5.655,5.655,5.655,605,2021-06-10 17:53:00,VRAY
5.655,5.655,5.655,5.655,100,2021-06-10 17:54:00,VRAY
5.6501,5.659,5.6501,5.655,6404,2021-06-10 17:55:00,VRAY
5.655,5.655,5.655,5.655,308,2021-06-10 17:56:00,VRAY
5.655,5.66,5.655,5.655,500,2021-06-10 17:57:00,VRAY
5.66,5.66,5.655,5.655,2060,2021-06-10 17:58:00,VRAY
5.655,5.66,5.655,5.66,600,2021-06-10 17:59:00,VRAY
5.655,5.655,5.655,5.655,100,2021-06-10 18:00:00,VRAY
5.655,5.66,5.655,5.66,1645,2021-06-10 18:01:00,VRAY
5.655,5.655,5.655,5.655,100,2021-06-10 18:02:00,VRAY
5.655,5.655,5.655,5.655,400,2021-06-10 18:03:00,VRAY
5.66,5.6863,5.655,5.6863,24069,2021-06-10 18:04:00,VRAY
5.69,5.7,5.68,5.7,4000,2021-06-10 18:05:00,VRAY
5.7,5.7,5.7,5.7,600,2021-06-10 18:06:00,VRAY
5.7,5.7,5.7,5.7,600,2021-06-10 18:07:00,VRAY
5.7,5.71,5.6973,5.71,7893,2021-06-10 18:08:00,VRAY
5.72,5.72,5.72,5.72,100,2021-06-10 18:09:00,VRAY
5.72,5.725,5.72,5.725,4391,2021-06-10 18:10:00,VRAY
5.7201,5.73,5.71,5.715,18813,2021-06-10 18:11:00,VRAY
5.715,5.7199,5.71,5.715,2400,2021-06-10 18:12:00,VRAY
5.715,5.715,5.71,5.715,1000,2021-06-10 18:13:00,VRAY
5.715,5.72,5.715,5.72,200,2021-06-10 18:14:00,VRAY
5.713,5.713,5.713,5.713,306,2021-06-10 18:15:00,VRAY
5.715,5.72,5.7136,5.715,4610,2021-06-10 18:17:00,VRAY
5.72,5.72,5.715,5.715,410,2021-06-10 18:18:00,VRAY
5.72,5.72,5.71,5.71,400,2021-06-10 18:19:00,VRAY
5.715,5.715,5.715,5.715,974,2021-06-10 18:20:00,VRAY
5.72,5.72,5.715,5.715,681,2021-06-10 18:21:00,VRAY
5.715,5.715,5.715,5.715,1000,2021-06-10 18:22:00,VRAY
5.711,5.715,5.71,5.71,2800,2021-06-10 18:23:00,VRAY
5.715,5.715,5.71,5.71,1151,2021-06-10 18:24:00,VRAY
5.72,5.72,5.72,5.72,300,2021-06-10 18:25:00,VRAY
5.715,5.715,5.715,5.715,550,2021-06-10 18:26:00,VRAY
5.715,5.715,5.711,5.711,500,2021-06-10 18:27:00,VRAY
5.715,5.715,5.715,5.715,100,2021-06-10 18:28:00,VRAY
5.715,5.715,5.711,5.715,890,2021-06-10 18:29:00,VRAY
5.715,5.715,5.715,5.715,600,2021-06-10 18:30:00,VRAY
5.715,5.715,5.715,5.715,100,2021-06-10 18:31:00,VRAY
5.715,5.715,5.71,5.715,1000,2021-06-10 18:32:00,VRAY
5.715,5.715,5.715,5.715,100,2021-06-10 18:33:00,VRAY
5.715,5.715,5.715,5.715,876,2021-06-10 18:34:00,VRAY
5.715,5.7199,5.715,5.715,700,2021-06-10 18:35:00,VRAY
5.715,5.72,5.715,5.715,300,2021-06-10 18:36:00,VRAY
5.72,5.72,5.72,5.72,100,2021-06-10 18:37:00,VRAY
5.715,5.72,5.715,5.715,1272,2021-06-10 18:38:00,VRAY
5.715,5.715,5.715,5.715,200,2021-06-10 18:39:00,VRAY
5.715,5.72,5.715,5.72,600,2021-06-10 18:40:00,VRAY
5.715,5.72,5.715,5.72,400,2021-06-10 18:41:00,VRAY
5.715,5.715,5.71,5.715,800,2021-06-10 18:42:00,VRAY
5.715,5.715,5.715,5.715,100,2021-06-10 18:43:00,VRAY
5.715,5.715,5.715,5.715,300,2021-06-10 18:44:00,VRAY
5.715,5.715,5.71,5.71,2400,2021-06-10 18:45:00,VRAY
5.715,5.715,5.715,5.715,200,2021-06-10 18:46:00,VRAY
5.715,5.715,5.715,5.715,200,2021-06-10 18:47:00,VRAY
5.715,5.715,5.715,5.715,836,2021-06-10 18:48:00,VRAY
5.715,5.715,5.715,5.715,200,2021-06-10 18:49:00,VRAY
5.715,5.715,5.715,5.715,300,2021-06-10 18:50:00,VRAY
5.72,5.72,5.72,5.72,200,2021-06-10 18:51:00,VRAY
5.72,5.72,5.715,5.72,600,2021-06-10 18:52:00,VRAY
5.72,5.72,5.715,5.715,7900,2021-06-10 18:53:00,VRAY
5.715,5.72,5.715,5.72,800,2021-06-10 18:54:00,VRAY
5.715,5.715,5.7101,5.7101,400,2021-06-10 18:55:00,VRAY
5.715,5.715,5.715,5.715,200,2021-06-10 18:56:00,VRAY
5.715,5.72,5.715,5.715,1002,2021-06-10 18:57:00,VRAY
5.72,5.72,5.715,5.72,2811,2021-06-10 18:58:00,VRAY
5.72,5.72,5.72,5.72,420,2021-06-10 18:59:00,VRAY
5.715,5.72,5.715,5.715,22450,2021-06-10 19:00:00,VRAY
5.715,5.72,5.71,5.715,800,2021-06-10 19:01:00,VRAY
5.72,5.72,5.715,5.715,1768,2021-06-10 19:02:00,VRAY
5.71,5.72,5.71,5.715,3388,2021-06-10 19:03:00,VRAY
5.72,5.72,5.715,5.72,1841,2021-06-10 19:04:00,VRAY
5.715,5.72,5.715,5.72,804,2021-06-10 19:05:00,VRAY
5.715,5.72,5.715,5.715,2372,2021-06-10 19:06:00,VRAY
5.72,5.72,5.7131,5.715,1400,2021-06-10 19:07:00,VRAY
5.72,5.75,5.715,5.75,43534,2021-06-10 19:08:00,VRAY
5.75,5.75,5.745,5.75,1069,2021-06-10 19:09:00,VRAY
5.75,5.76,5.75,5.76,9744,2021-06-10 19:10:00,VRAY
5.77,5.77,5.765,5.77,900,2021-06-10 19:11:00,VRAY
5.77,5.77,5.77,5.77,900,2021-06-10 19:12:00,VRAY
5.7699,5.77,5.7649,5.77,4700,2021-06-10 19:13:00,VRAY
5.77,5.77,5.765,5.765,825,2021-06-10 19:14:00,VRAY
5.77,5.78,5.7699,5.775,6920,2021-06-10 19:15:00,VRAY
5.78,5.79,5.78,5.79,7791,2021-06-10 19:16:00,VRAY
5.79,5.79,5.79,5.79,2296,2021-06-10 19:17:00,VRAY
5.79,5.8,5.7823,5.795,2874,2021-06-10 19:18:00,VRAY
5.8,5.8,5.8,5.8,996,2021-06-10 19:19:00,VRAY
5.8,5.805,5.77,5.77,39692,2021-06-10 19:20:00,VRAY
5.77,5.77,5.72,5.725,12590,2021-06-10 19:21:00,VRAY
5.725,5.73,5.725,5.725,3047,2021-06-10 19:22:00,VRAY
5.725,5.725,5.725,5.725,1852,2021-06-10 19:23:00,VRAY
5.73,5.73,5.725,5.73,9436,2021-06-10 19:24:00,VRAY
5.73,5.74,5.725,5.735,9324,2021-06-10 19:25:00,VRAY
5.735,5.74,5.735,5.74,4000,2021-06-10 19:26:00,VRAY
5.74,5.74,5.7349,5.74,2266,2021-06-10 19:27:00,VRAY
5.74,5.74,5.735,5.74,831,2021-06-10 19:28:00,VRAY
5.735,5.74,5.735,5.74,1973,2021-06-10 19:29:00,VRAY
5.73,5.74,5.73,5.73,3196,2021-06-10 19:30:00,VRAY
5.735,5.74,5.73,5.74,1977,2021-06-10 19:31:00,VRAY
5.74,5.74,5.73,5.74,1400,2021-06-10 19:32:00,VRAY
5.735,5.74,5.735,5.74,1381,2021-06-10 19:33:00,VRAY
5.735,5.74,5.735,5.74,2300,2021-06-10 19:34:00,VRAY
5.74,5.74,5.73,5.735,3200,2021-06-10 19:35:00,VRAY
5.74,5.74,5.73,5.735,16978,2021-06-10 19:36:00,VRAY
5.735,5.735,5.7,5.7002,20033,2021-06-10 19:37:00,VRAY
5.705,5.705,5.7025,5.705,1700,2021-06-10 19:38:00,VRAY
5.705,5.71,5.7025,5.71,3899,2021-06-10 19:39:00,VRAY
5.705,5.705,5.7,5.705,5997,2021-06-10 19:40:00,VRAY
5.7,5.71,5.7,5.705,4129,2021-06-10 19:41:00,VRAY
5.705,5.705,5.7,5.705,1500,2021-06-10 19:42:00,VRAY
5.71,5.71,5.7,5.705,10501,2021-06-10 19:43:00,VRAY
5.705,5.705,5.7,5.705,8668,2021-06-10 19:44:00,VRAY
5.705,5.71,5.7,5.705,20103,2021-06-10 19:45:00,VRAY
5.7,5.71,5.7,5.705,26427,2021-06-10 19:46:00,VRAY
5.705,5.71,5.705,5.705,10412,2021-06-10 19:47:00,VRAY
5.705,5.71,5.7,5.7,14356,2021-06-10 19:48:00,VRAY
5.705,5.7072,5.7,5.705,9795,2021-06-10 19:49:00,VRAY
5.71,5.72,5.705,5.715,59160,2021-06-10 19:50:00,VRAY
5.715,5.72,5.71,5.715,8243,2021-06-10 19:51:00,VRAY
5.715,5.72,5.71,5.715,21093,2021-06-10 19:52:00,VRAY
5.715,5.72,5.71,5.715,12345,2021-06-10 19:53:00,VRAY
5.715,5.73,5.71,5.725,63471,2021-06-10 19:54:00,VRAY
5.725,5.73,5.725,5.73,13225,2021-06-10 19:55:00,VRAY
5.72,5.73,5.72,5.73,20975,2021-06-10 19:56:00,VRAY
5.725,5.73,5.72,5.725,26624,2021-06-10 19:57:00,VRAY
5.73,5.76,5.73,5.75,42502,2021-06-10 19:58:00,VRAY
5.755,5.77,5.75,5.76,39131,2021-06-10 19:59:00,VRAY
5.76,5.76,5.76,5.76,112218,2021-06-10 20:00:00,VRAY
5.67,5.67,5.66,5.66,300,2021-06-10 20:11:00,VRAY
5.76,5.76,5.76,5.76,207,2021-06-11 13:27:00,VRAY
5.6988,5.8,5.6988,5.8,11691,2021-06-11 13:30:00,VRAY
5.77,5.8,5.77,5.785,3337,2021-06-11 13:31:00,VRAY
5.79,5.8,5.78,5.785,6608,2021-06-11 13:32:00,VRAY
5.79,5.79,5.78,5.78,1000,2021-06-11 13:33:00,VRAY
5.77,5.77,5.75,5.75,3239,2021-06-11 13:34:00,VRAY
5.745,5.745,5.73,5.73,5840,2021-06-11 13:35:00,VRAY
5.72,5.72,5.72,5.72,800,2021-06-11 13:36:00,VRAY
5.72,5.72,5.72,5.72,622,2021-06-11 13:37:00,VRAY
5.71,5.71,5.71,5.71,616,2021-06-11 13:38:00,VRAY
5.705,5.72,5.705,5.72,1695,2021-06-11 13:39:00,VRAY
5.72,5.73,5.72,5.73,1052,2021-06-11 13:40:00,VRAY
5.72,5.725,5.72,5.725,1000,2021-06-11 13:41:00,VRAY
5.7201,5.725,5.7201,5.725,747,2021-06-11 13:42:00,VRAY
5.72,5.72,5.711,5.711,1079,2021-06-11 13:43:00,VRAY
5.7103,5.715,5.71,5.71,2189,2021-06-11 13:45:00,VRAY
5.71,5.7165,5.71,5.7165,450,2021-06-11 13:46:00,VRAY
5.715,5.715,5.715,5.715,200,2021-06-11 13:48:00,VRAY
5.715,5.72,5.7101,5.7101,3879,2021-06-11 13:51:00,VRAY
5.7171,5.7171,5.7101,5.7101,1200,2021-06-11 13:52:00,VRAY
5.71,5.7127,5.71,5.7114,800,2021-06-11 13:53:00,VRAY
5.715,5.715,5.715,5.715,300,2021-06-11 13:54:00,VRAY
5.71,5.715,5.705,5.705,2025,2021-06-11 13:55:00,VRAY
5.7,5.7072,5.7,5.7072,3329,2021-06-11 13:56:00,VRAY
5.705,5.705,5.68,5.68,2704,2021-06-11 13:57:00,VRAY
5.68,5.695,5.68,5.695,6298,2021-06-11 14:00:00,VRAY
5.695,5.695,5.691,5.695,6500,2021-06-11 14:01:00,VRAY
5.6964,5.6964,5.6964,5.6964,200,2021-06-11 14:02:00,VRAY
5.695,5.695,5.695,5.695,200,2021-06-11 14:04:00,VRAY
5.69,5.69,5.69,5.69,600,2021-06-11 14:05:00,VRAY
5.695,5.695,5.695,5.695,100,2021-06-11 14:06:00,VRAY
5.6901,5.6901,5.6901,5.6901,155,2021-06-11 14:08:00,VRAY
5.695,5.695,5.695,5.695,1979,2021-06-11 14:09:00,VRAY
5.695,5.695,5.695,5.695,100,2021-06-11 14:10:00,VRAY
5.695,5.695,5.695,5.695,420,2021-06-11 14:11:00,VRAY
5.695,5.7,5.695,5.695,1017,2021-06-11 14:14:00,VRAY
5.695,5.7,5.695,5.7,600,2021-06-11 14:15:00,VRAY
5.7,5.7,5.695,5.695,605,2021-06-11 14:16:00,VRAY
5.695,5.695,5.695,5.695,2477,2021-06-11 14:17:00,VRAY
5.7,5.73,5.7,5.725,12855,2021-06-11 14:18:00,VRAY
5.73,5.74,5.73,5.74,1718,2021-06-11 14:19:00,VRAY
5.74,5.74,5.7377,5.7377,300,2021-06-11 14:20:00,VRAY
5.73,5.74,5.73,5.74,1175,2021-06-11 14:21:00,VRAY
5.74,5.74,5.735,5.74,1400,2021-06-11 14:22:00,VRAY
5.74,5.74,5.7377,5.7377,400,2021-06-11 14:23:00,VRAY
5.74,5.74,5.74,5.74,100,2021-06-11 14:24:00,VRAY
5.74,5.74,5.74,5.74,100,2021-06-11 14:25:00,VRAY
5.74,5.74,5.735,5.735,2667,2021-06-11 14:26:00,VRAY
5.74,5.74,5.74,5.74,100,2021-06-11 14:28:00,VRAY
5.74,5.75,5.74,5.75,3291,2021-06-11 14:29:00,VRAY
5.7401,5.745,5.71,5.71,15257,2021-06-11 14:30:00,VRAY
5.71,5.71,5.7,5.7,1100,2021-06-11 14:31:00,VRAY
5.7028,5.7028,5.7028,5.7028,102,2021-06-11 14:34:00,VRAY
5.71,5.71,5.705,5.705,1100,2021-06-11 14:36:00,VRAY
5.705,5.705,5.705,5.705,100,2021-06-11 14:37:00,VRAY
5.7,5.7001,5.7,5.7001,1345,2021-06-11 14:38:00,VRAY
5.7,5.7,5.7,5.7,900,2021-06-11 14:39:00,VRAY
5.69,5.695,5.69,5.695,8855,2021-06-11 14:40:00,VRAY
5.695,5.695,5.69,5.69,1197,2021-06-11 14:45:00,VRAY
5.69,5.69,5.651,5.655,8565,2021-06-11 14:46:00,VRAY
5.65,5.651,5.6401,5.645,4858,2021-06-11 14:47:00,VRAY
5.64,5.64,5.64,5.64,300,2021-06-11 14:48:00,VRAY
5.6401,5.6411,5.6401,5.6411,5100,2021-06-11 14:50:00,VRAY
5.641,5.641,5.641,5.641,266,2021-06-11 14:51:00,VRAY
5.6401,5.6401,5.6401,5.6401,100,2021-06-11 14:52:00,VRAY
5.641,5.641,5.641,5.641,100,2021-06-11 14:54:00,VRAY
5.64,5.64,5.64,5.64,100,2021-06-11 14:55:00,VRAY
5.64,5.64,5.64,5.64,4861,2021-06-11 14:56:00,VRAY
5.645,5.645,5.645,5.645,350,2021-06-11 14:57:00,VRAY
5.65,5.65,5.63,5.63,7345,2021-06-11 14:58:00,VRAY
5.635,5.6399,5.63,5.6399,4623,2021-06-11 14:59:00,VRAY
5.63,5.63,5.63,5.63,100,2021-06-11 15:01:00,VRAY
5.635,5.635,5.635,5.635,100,2021-06-11 15:03:00,VRAY
5.63,5.635,5.63,5.63,1920,2021-06-11 15:04:00,VRAY
5.63,5.63,5.62,5.62,964,2021-06-11 15:05:00,VRAY
5.625,5.625,5.62,5.62,200,2021-06-11 15:06:00,VRAY
5.621,5.621,5.62,5.62,300,2021-06-11 15:07:00,VRAY
5.625,5.625,5.62,5.62,300,2021-06-11 15:12:00,VRAY
5.625,5.625,5.625,5.625,200,2021-06-11 15:13:00,VRAY
5.625,5.665,5.625,5.665,21700,2021-06-11 15:17:00,VRAY
5.665,5.665,5.66,5.665,2829,2021-06-11 15:18:00,VRAY
5.66,5.665,5.66,5.665,200,2021-06-11 15:19:00,VRAY
5.665,5.665,5.66,5.665,526,2021-06-11 15:20:00,VRAY
5.66,5.665,5.66,5.665,200,2021-06-11 15:22:00,VRAY
5.665,5.665,5.665,5.665,200,2021-06-11 15:23:00,VRAY
5.66,5.66,5.66,5.66,1352,2021-06-11 15:24:00,VRAY
5.66,5.665,5.66,5.66,1849,2021-06-11 15:25:00,VRAY
5.6601,5.665,5.66,5.66,3610,2021-06-11 15:27:00,VRAY
5.66,5.66,5.66,5.66,100,2021-06-11 15:28:00,VRAY
5.66,5.66,5.66,5.66,200,2021-06-11 15:32:00,VRAY
5.66,5.66,5.66,5.66,100,2021-06-11 15:34:00,VRAY
5.66,5.66,5.65,5.65,1341,2021-06-11 15:35:00,VRAY
5.65,5.65,5.65,5.65,100,2021-06-11 15:36:00,VRAY
5.65,5.65,5.65,5.65,300,2021-06-11 15:37:00,VRAY
5.65,5.66,5.65,5.655,1700,2021-06-11 15:39:00,VRAY
5.65,5.655,5.65,5.655,200,2021-06-11 15:40:00,VRAY
5.65,5.66,5.65,5.655,600,2021-06-11 15:43:00,VRAY
5.66,5.66,5.655,5.66,300,2021-06-11 15:46:00,VRAY
5.655,5.67,5.655,5.665,14176,2021-06-11 15:47:00,VRAY
5.665,5.665,5.665,5.665,300,2021-06-11 15:48:00,VRAY
5.665,5.665,5.665,5.665,295,2021-06-11 15:49:00,VRAY
5.67,5.67,5.665,5.6699,553,2021-06-11 15:50:00,VRAY
5.665,5.67,5.665,5.67,500,2021-06-11 15:51:00,VRAY
5.665,5.665,5.665,5.665,200,2021-06-11 15:52:00,VRAY
5.665,5.665,5.66,5.665,2300,2021-06-11 15:53:00,VRAY
5.665,5.67,5.66,5.66,500,2021-06-11 15:54:00,VRAY
5.66,5.66,5.66,5.66,767,2021-06-11 15:55:00,VRAY
5.665,5.665,5.665,5.665,100,2021-06-11 15:56:00,VRAY
5.67,5.67,5.67,5.67,100,2021-06-11 16:00:00,VRAY
5.67,5.67,5.66,5.665,8086,2021-06-11 16:01:00,VRAY
5.655,5.655,5.65,5.6501,1233,2021-06-11 16:02:00,VRAY
5.655,5.655,5.655,5.655,300,2021-06-11 16:05:00,VRAY
5.655,5.655,5.65,5.6501,400,2021-06-11 16:07:00,VRAY
5.655,5.655,5.655,5.655,247,2021-06-11 16:08:00,VRAY
5.655,5.655,5.655,5.655,100,2021-06-11 16:09:00,VRAY
5.655,5.655,5.655,5.655,100,2021-06-11 16:12:00,VRAY
5.655,5.66,5.655,5.66,1600,2021-06-11 16:13:00,VRAY
5.65,5.655,5.63,5.64,4973,2021-06-11 16:14:00,VRAY
5.63,5.63,5.63,5.63,100,2021-06-11 16:15:00,VRAY
5.635,5.635,5.62,5.62,1900,2021-06-11 16:16:00,VRAY
5.615,5.615,5.61,5.61,264,2021-06-11 16:17:00,VRAY
5.61,5.61,5.61,5.61,100,2021-06-11 16:19:00,VRAY
5.6166,5.62,5.615,5.615,500,2021-06-11 16:20:00,VRAY
5.615,5.615,5.615,5.615,400,2021-06-11 16:21:00,VRAY
5.615,5.615,5.615,5.615,100,2021-06-11 16:22:00,VRAY
5.62,5.62,5.61,5.615,3479,2021-06-11 16:23:00,VRAY
5.615,5.615,5.615,5.615,300,2021-06-11 16:25:00,VRAY
5.615,5.615,5.615,5.615,100,2021-06-11 16:28:00,VRAY
5.61,5.6131,5.61,5.6131,300,2021-06-11 16:29:00,VRAY
5.61,5.61,5.61,5.61,100,2021-06-11 16:31:00,VRAY
5.615,5.615,5.615,5.615,600,2021-06-11 16:33:00,VRAY
5.61,5.61,5.61,5.61,100,2021-06-11 16:35:00,VRAY
5.61,5.615,5.61,5.615,600,2021-06-11 16:37:00,VRAY
5.615,5.615,5.615,5.615,200,2021-06-11 16:38:00,VRAY
5.61,5.615,5.61,5.615,400,2021-06-11 16:39:00,VRAY
5.615,5.615,5.615,5.615,900,2021-06-11 16:40:00,VRAY
5.615,5.615,5.615,5.615,300,2021-06-11 16:41:00,VRAY
5.615,5.615,5.615,5.615,100,2021-06-11 16:42:00,VRAY
5.615,5.615,5.61,5.61,300,2021-06-11 16:43:00,VRAY
5.615,5.615,5.615,5.615,200,2021-06-11 16:44:00,VRAY
5.615,5.615,5.615,5.615,100,2021-06-11 16:45:00,VRAY
5.615,5.62,5.615,5.615,2900,2021-06-11 16:46:00,VRAY
5.615,5.62,5.615,5.615,1084,2021-06-11 16:47:00,VRAY
5.62,5.62,5.615,5.615,300,2021-06-11 16:48:00,VRAY
5.615,5.615,5.615,5.615,400,2021-06-11 16:49:00,VRAY
5.615,5.62,5.615,5.615,600,2021-06-11 16:50:00,VRAY
5.615,5.62,5.615,5.62,300,2021-06-11 16:51:00,VRAY
5.615,5.615,5.615,5.615,200,2021-06-11 16:52:00,VRAY
5.615,5.62,5.615,5.615,600,2021-06-11 16:53:00,VRAY
5.62,5.62,5.615,5.62,500,2021-06-11 16:54:00,VRAY
5.62,5.635,5.615,5.635,9309,2021-06-11 16:55:00,VRAY
5.635,5.64,5.635,5.635,600,2021-06-11 16:56:00,VRAY
5.64,5.65,5.64,5.645,6202,2021-06-11 16:57:00,VRAY
5.65,5.665,5.645,5.665,7993,2021-06-11 16:58:00,VRAY
5.665,5.67,5.66,5.67,1600,2021-06-11 16:59:00,VRAY
5.67,5.67,5.67,5.67,1095,2021-06-11 17:00:00,VRAY
5.67,5.67,5.665,5.665,700,2021-06-11 17:01:00,VRAY
5.67,5.67,5.67,5.67,300,2021-06-11 17:02:00,VRAY
5.67,5.67,5.67,5.67,200,2021-06-11 17:03:00,VRAY
5.665,5.665,5.645,5.645,9875,2021-06-11 17:04:00,VRAY
5.64,5.645,5.64,5.64,300,2021-06-11 17:05:00,VRAY
5.64,5.645,5.64,5.645,200,2021-06-11 17:06:00,VRAY
5.64,5.645,5.64,5.645,20100,2021-06-11 17:07:00,VRAY
5.64,5.645,5.64,5.645,2730,2021-06-11 17:08:00,VRAY
5.645,5.645,5.64,5.64,300,2021-06-11 17:09:00,VRAY
5.65,5.65,5.645,5.645,1300,2021-06-11 17:10:00,VRAY
5.645,5.65,5.64,5.645,953,2021-06-11 17:11:00,VRAY
5.64,5.645,5.64,5.645,491,2021-06-11 17:12:00,VRAY
5.645,5.645,5.64,5.645,700,2021-06-11 17:13:00,VRAY
5.645,5.645,5.645,5.645,300,2021-06-11 17:14:00,VRAY
5.645,5.645,5.645,5.645,200,2021-06-11 17:15:00,VRAY
5.645,5.645,5.645,5.645,500,2021-06-11 17:16:00,VRAY
5.645,5.645,5.6425,5.6425,200,2021-06-11 17:17:00,VRAY
5.645,5.65,5.645,5.645,300,2021-06-11 17:18:00,VRAY
5.65,5.66,5.645,5.66,9882,2021-06-11 17:19:00,VRAY
5.655,5.66,5.655,5.66,500,2021-06-11 17:20:00,VRAY
5.655,5.655,5.655,5.655,200,2021-06-11 17:21:00,VRAY
5.66,5.66,5.655,5.655,700,2021-06-11 17:22:00,VRAY
5.655,5.66,5.655,5.655,600,2021-06-11 17:23:00,VRAY
5.66,5.66,5.655,5.655,1086,2021-06-11 17:24:00,VRAY
5.655,5.66,5.655,5.66,800,2021-06-11 17:25:00,VRAY
5.66,5.66,5.65,5.66,4664,2021-06-11 17:26:00,VRAY
5.66,5.66,5.66,5.66,100,2021-06-11 17:27:00,VRAY
5.655,5.7,5.655,5.7,16124,2021-06-11 17:28:00,VRAY
5.695,5.695,5.695,5.695,900,2021-06-11 17:29:00,VRAY
5.7,5.7,5.695,5.7,1200,2021-06-11 17:30:00,VRAY
5.7,5.71,5.695,5.71,6065,2021-06-11 17:31:00,VRAY
5.72,5.728,5.72,5.728,1554,2021-06-11 17:32:00,VRAY
5.725,5.73,5.725,5.73,300,2021-06-11 17:33:00,VRAY
5.725,5.73,5.72,5.72,10079,2021-06-11 17:34:00,VRAY
5.73,5.73,5.7235,5.73,1150,2021-06-11 17:36:00,VRAY
5.725,5.73,5.725,5.725,400,2021-06-11 17:37:00,VRAY
5.7297,5.75,5.725,5.75,6078,2021-06-11 17:38:00,VRAY
5.75,5.75,5.75,5.75,1000,2021-06-11 17:39:00,VRAY
5.75,5.77,5.75,5.77,2418,2021-06-11 17:40:00,VRAY
5.77,5.77,5.75,5.75,10887,2021-06-11 17:41:00,VRAY
5.75,5.75,5.74,5.74,3643,2021-06-11 17:43:00,VRAY
5.745,5.745,5.745,5.745,100,2021-06-11 17:44:00,VRAY
5.745,5.745,5.745,5.745,100,2021-06-11 17:47:00,VRAY
5.745,5.755,5.745,5.755,4502,2021-06-11 17:48:00,VRAY
5.755,5.755,5.755,5.755,300,2021-06-11 17:49:00,VRAY
5.755,5.76,5.755,5.76,500,2021-06-11 17:50:00,VRAY
5.75,5.755,5.745,5.745,5564,2021-06-11 17:52:00,VRAY
5.7493,5.7493,5.745,5.745,448,2021-06-11 17:54:00,VRAY
5.745,5.745,5.745,5.745,100,2021-06-11 17:55:00,VRAY
5.745,5.745,5.745,5.745,200,2021-06-11 17:56:00,VRAY
5.745,5.745,5.745,5.745,100,2021-06-11 17:58:00,VRAY
5.745,5.75,5.745,5.745,400,2021-06-11 18:00:00,VRAY
5.745,5.745,5.745,5.745,100,2021-06-11 18:01:00,VRAY
5.745,5.745,5.745,5.745,900,2021-06-11 18:02:00,VRAY
5.745,5.745,5.74,5.745,800,2021-06-11 18:04:00,VRAY
5.745,5.75,5.745,5.745,1000,2021-06-11 18:05:00,VRAY
5.745,5.75,5.74,5.75,1100,2021-06-11 18:06:00,VRAY
5.745,5.75,5.745,5.75,600,2021-06-11 18:07:00,VRAY
5.745,5.75,5.745,5.75,1300,2021-06-11 18:08:00,VRAY
5.745,5.75,5.745,5.75,900,2021-06-11 18:09:00,VRAY
5.745,5.745,5.745,5.745,607,2021-06-11 18:10:00,VRAY
5.745,5.75,5.745,5.75,1400,2021-06-11 18:11:00,VRAY
5.745,5.75,5.74,5.75,1100,2021-06-11 18:12:00,VRAY
5.75,5.79,5.745,5.79,17910,2021-06-11 18:13:00,VRAY
5.79,5.79,5.785,5.7899,426,2021-06-11 18:14:00,VRAY
5.79,5.79,5.785,5.79,2919,2021-06-11 18:15:00,VRAY
5.79,5.79,5.785,5.79,1400,2021-06-11 18:16:00,VRAY
5.785,5.785,5.78,5.78,300,2021-06-11 18:17:00,VRAY
5.785,5.785,5.775,5.775,5252,2021-06-11 18:18:00,VRAY
5.77,5.775,5.761,5.761,2826,2021-06-11 18:19:00,VRAY
5.76,5.77,5.755,5.755,4823,2021-06-11 18:20:00,VRAY
5.7501,5.755,5.75,5.75,853,2021-06-11 18:21:00,VRAY
5.755,5.755,5.755,5.755,200,2021-06-11 18:22:00,VRAY
5.755,5.755,5.755,5.755,300,2021-06-11 18:23:00,VRAY
5.75,5.76,5.75,5.755,6360,2021-06-11 18:24:00,VRAY
5.755,5.76,5.755,5.755,400,2021-06-11 18:25:00,VRAY
5.755,5.76,5.755,5.755,916,2021-06-11 18:26:00,VRAY
5.755,5.755,5.755,5.755,300,2021-06-11 18:27:00,VRAY
5.76,5.76,5.75,5.755,300,2021-06-11 18:28:00,VRAY
5.76,5.76,5.755,5.755,200,2021-06-11 18:29:00,VRAY
5.755,5.76,5.755,5.76,300,2021-06-11 18:30:00,VRAY
5.755,5.76,5.75,5.755,1400,2021-06-11 18:31:00,VRAY
5.755,5.76,5.755,5.76,840,2021-06-11 18:32:00,VRAY
5.755,5.76,5.755,5.755,1100,2021-06-11 18:33:00,VRAY
5.755,5.76,5.755,5.755,500,2021-06-11 18:34:00,VRAY
5.755,5.76,5.755,5.755,800,2021-06-11 18:35:00,VRAY
5.755,5.76,5.755,5.755,400,2021-06-11 18:36:00,VRAY
5.755,5.76,5.755,5.755,400,2021-06-11 18:37:00,VRAY
5.755,5.76,5.755,5.76,600,2021-06-11 18:38:00,VRAY
5.76,5.76,5.755,5.76,1400,2021-06-11 18:39:00,VRAY
5.76,5.76,5.755,5.755,4000,2021-06-11 18:40:00,VRAY
5.755,5.755,5.755,5.755,200,2021-06-11 18:41:00,VRAY
5.755,5.76,5.7528,5.755,2171,2021-06-11 18:42:00,VRAY
5.76,5.76,5.755,5.755,1352,2021-06-11 18:43:00,VRAY
5.755,5.76,5.755,5.755,500,2021-06-11 18:44:00,VRAY
5.76,5.76,5.75,5.755,4441,2021-06-11 18:45:00,VRAY
5.76,5.76,5.755,5.76,1627,2021-06-11 18:46:00,VRAY
5.7575,5.7575,5.755,5.755,400,2021-06-11 18:47:00,VRAY
5.76,5.76,5.755,5.755,200,2021-06-11 18:48:00,VRAY
5.755,5.76,5.755,5.76,300,2021-06-11 18:49:00,VRAY
5.755,5.755,5.755,5.755,500,2021-06-11 18:50:00,VRAY
5.755,5.76,5.755,5.755,900,2021-06-11 18:51:00,VRAY
5.76,5.76,5.755,5.755,300,2021-06-11 18:52:00,VRAY
5.76,5.76,5.755,5.755,300,2021-06-11 18:53:00,VRAY
5.76,5.76,5.755,5.76,700,2021-06-11 18:54:00,VRAY
5.755,5.8054,5.755,5.8054,28532,2021-06-11 18:55:00,VRAY
5.805,5.81,5.805,5.805,1600,2021-06-11 18:56:00,VRAY
5.81,5.81,5.81,5.81,200,2021-06-11 18:58:00,VRAY
5.81,5.82,5.81,5.8199,8482,2021-06-11 18:59:00,VRAY
5.82,5.82,5.8137,5.82,900,2021-06-11 19:00:00,VRAY
5.82,5.82,5.82,5.82,2221,2021-06-11 19:01:00,VRAY
5.82,5.82,5.815,5.82,1804,2021-06-11 19:02:00,VRAY
5.82,5.82,5.82,5.82,600,2021-06-11 19:03:00,VRAY
5.82,5.82,5.815,5.82,600,2021-06-11 19:04:00,VRAY
5.815,5.82,5.8134,5.8134,606,2021-06-11 19:05:00,VRAY
5.815,5.815,5.7801,5.7801,11640,2021-06-11 19:06:00,VRAY
5.785,5.785,5.7822,5.785,300,2021-06-11 19:07:00,VRAY
5.78,5.7801,5.77,5.77,2296,2021-06-11 19:08:00,VRAY
5.78,5.78,5.775,5.775,14869,2021-06-11 19:09:00,VRAY
5.775,5.775,5.77,5.77,700,2021-06-11 19:12:00,VRAY
5.775,5.775,5.775,5.775,100,2021-06-11 19:13:00,VRAY
5.775,5.775,5.77,5.77,400,2021-06-11 19:14:00,VRAY
5.775,5.775,5.775,5.775,200,2021-06-11 19:15:00,VRAY
5.775,5.775,5.775,5.775,300,2021-06-11 19:16:00,VRAY
5.775,5.775,5.77,5.77,500,2021-06-11 19:17:00,VRAY
5.775,5.775,5.775,5.775,500,2021-06-11 19:18:00,VRAY
5.775,5.775,5.775,5.775,400,2021-06-11 19:19:00,VRAY
5.77,5.775,5.77,5.77,690,2021-06-11 19:20:00,VRAY
5.775,5.775,5.775,5.775,220,2021-06-11 19:21:00,VRAY
5.775,5.775,5.775,5.775,300,2021-06-11 19:22:00,VRAY
5.775,5.7797,5.77,5.775,1300,2021-06-11 19:23:00,VRAY
5.775,5.78,5.772,5.775,4149,2021-06-11 19:24:00,VRAY
5.775,5.78,5.77,5.77,1700,2021-06-11 19:25:00,VRAY
5.775,5.78,5.775,5.78,2400,2021-06-11 19:26:00,VRAY
5.78,5.78,5.775,5.775,600,2021-06-11 19:27:00,VRAY
5.78,5.82,5.775,5.8132,32812,2021-06-11 19:28:00,VRAY
5.81,5.81,5.7841,5.785,21106,2021-06-11 19:29:00,VRAY
5.79,5.79,5.785,5.785,200,2021-06-11 19:30:00,VRAY
5.785,5.785,5.785,5.785,200,2021-06-11 19:31:00,VRAY
5.785,5.785,5.7801,5.7801,600,2021-06-11 19:32:00,VRAY
5.78,5.78,5.78,5.78,100,2021-06-11 19:33:00,VRAY
5.78,5.78,5.78,5.78,200,2021-06-11 19:34:00,VRAY
5.785,5.79,5.78,5.78,6129,2021-06-11 19:35:00,VRAY
5.78,5.78,5.78,5.78,1391,2021-06-11 19:36:00,VRAY
5.785,5.79,5.78,5.78,1750,2021-06-11 19:37:00,VRAY
5.78,5.785,5.78,5.785,400,2021-06-11 19:38:00,VRAY
5.78,5.785,5.78,5.7801,1600,2021-06-11 19:39:00,VRAY
5.78,5.7833,5.78,5.78,300,2021-06-11 19:40:00,VRAY
5.78,5.785,5.78,5.785,1400,2021-06-11 19:41:00,VRAY
5.78,5.785,5.78,5.785,500,2021-06-11 19:42:00,VRAY
5.785,5.7875,5.78,5.785,1514,2021-06-11 19:43:00,VRAY
5.785,5.785,5.785,5.785,400,2021-06-11 19:44:00,VRAY
5.785,5.785,5.78,5.785,2800,2021-06-11 19:45:00,VRAY
5.785,5.7876,5.78,5.78,1200,2021-06-11 19:46:00,VRAY
5.785,5.785,5.78,5.78,1300,2021-06-11 19:47:00,VRAY
5.785,5.79,5.78,5.78,228836,2021-06-11 19:48:00,VRAY
5.785,5.79,5.78,5.785,1533,2021-06-11 19:49:00,VRAY
5.79,5.79,5.785,5.79,2000,2021-06-11 19:50:00,VRAY
5.785,5.79,5.785,5.785,2678,2021-06-11 19:51:00,VRAY
5.785,5.79,5.785,5.79,9546,2021-06-11 19:52:00,VRAY
5.79,5.81,5.785,5.81,24045,2021-06-11 19:53:00,VRAY
5.81,5.81,5.8001,5.81,9985,2021-06-11 19:54:00,VRAY
5.805,5.83,5.805,5.83,14330,2021-06-11 19:55:00,VRAY
5.83,5.83,5.82,5.83,7867,2021-06-11 19:56:00,VRAY
5.83,5.84,5.83,5.835,13855,2021-06-11 19:57:00,VRAY
5.835,5.84,5.8,5.805,30342,2021-06-11 19:58:00,VRAY
5.805,5.81,5.8,5.8,15021,2021-06-11 19:59:00,VRAY
5.81,5.81,5.81,5.81,55983,2021-06-11 20:00:00,VRAY
5.81,5.81,5.81,5.81,100,2021-06-11 20:47:00,VRAY
5.81,5.81,5.81,5.81,100,2021-06-11 20:48:00,VRAY
5.81,5.81,5.81,5.81,109,2021-06-14 13:07:00,VRAY
5.81,5.84,5.8,5.84,11372,2021-06-14 13:30:00,VRAY
5.84,5.86,5.84,5.84,1000,2021-06-14 13:32:00,VRAY
5.84,5.88,5.815,5.87,19804,2021-06-14 13:33:00,VRAY
5.88,5.92,5.88,5.9,8455,2021-06-14 13:34:00,VRAY
5.9,5.93,5.8798,5.93,8210,2021-06-14 13:35:00,VRAY
5.93,5.95,5.92,5.92,3649,2021-06-14 13:36:00,VRAY
5.91,5.91,5.9,5.91,4700,2021-06-14 13:37:00,VRAY
5.9,5.92,5.895,5.92,6097,2021-06-14 13:38:00,VRAY
5.92,5.92,5.9101,5.9101,562,2021-06-14 13:39:00,VRAY
5.91,5.91,5.89,5.91,8064,2021-06-14 13:40:00,VRAY
5.92,5.92,5.92,5.92,100,2021-06-14 13:41:00,VRAY
5.91,5.91,5.9,5.905,6266,2021-06-14 13:42:00,VRAY
5.9,5.905,5.89,5.905,5612,2021-06-14 13:43:00,VRAY
5.9,5.9,5.89,5.89,1325,2021-06-14 13:44:00,VRAY
5.9,5.9,5.895,5.895,1600,2021-06-14 13:45:00,VRAY
5.8934,5.9,5.89,5.895,7272,2021-06-14 13:46:00,VRAY
5.91,5.92,5.91,5.92,4000,2021-06-14 13:48:00,VRAY
5.92,5.92,5.89,5.9,7870,2021-06-14 13:49:00,VRAY
5.895,5.91,5.885,5.89,7667,2021-06-14 13:50:00,VRAY
5.89,5.91,5.87,5.91,16339,2021-06-14 13:51:00,VRAY
5.9,5.91,5.9,5.905,5807,2021-06-14 13:52:00,VRAY
5.9,5.9,5.9,5.9,2416,2021-06-14 13:53:00,VRAY
5.9023,5.9023,5.9023,5.9023,125,2021-06-14 13:54:00,VRAY
5.905,5.93,5.905,5.92,11088,2021-06-14 13:55:00,VRAY
5.93,5.935,5.93,5.935,3170,2021-06-14 13:56:00,VRAY
5.9381,5.94,5.93,5.93,600,2021-06-14 13:58:00,VRAY
5.94,5.9528,5.935,5.9528,4718,2021-06-14 13:59:00,VRAY
5.955,5.955,5.92,5.92,1647,2021-06-14 14:00:00,VRAY
5.9,5.92,5.88,5.88,11036,2021-06-14 14:01:00,VRAY
5.8823,5.885,5.88,5.885,800,2021-06-14 14:02:00,VRAY
5.88,5.88,5.87,5.87,1209,2021-06-14 14:04:00,VRAY
5.88,5.89,5.88,5.885,800,2021-06-14 14:05:00,VRAY
5.89,5.9,5.89,5.89,7943,2021-06-14 14:06:00,VRAY
5.895,5.895,5.89,5.89,4400,2021-06-14 14:07:00,VRAY
5.8925,5.895,5.89,5.895,1986,2021-06-14 14:08:00,VRAY
5.89,5.89,5.88,5.889,10801,2021-06-14 14:10:00,VRAY
5.89,5.905,5.885,5.905,8407,2021-06-14 14:11:00,VRAY
5.9,5.9023,5.89,5.9023,7080,2021-06-14 14:12:00,VRAY
5.91,5.91,5.91,5.91,100,2021-06-14 14:13:00,VRAY
5.91,5.91,5.91,5.91,1554,2021-06-14 14:14:00,VRAY
5.91,5.915,5.91,5.91,2021,2021-06-14 14:15:00,VRAY
5.915,5.915,5.915,5.915,242,2021-06-14 14:16:00,VRAY
5.91,5.9171,5.91,5.9171,400,2021-06-14 14:17:00,VRAY
5.915,5.915,5.915,5.915,100,2021-06-14 14:18:00,VRAY
5.91,5.91,5.905,5.905,2014,2021-06-14 14:19:00,VRAY
5.905,5.905,5.9,5.905,1243,2021-06-14 14:20:00,VRAY
5.9,5.9026,5.895,5.895,6537,2021-06-14 14:21:00,VRAY
5.9,5.9,5.894,5.895,10330,2021-06-14 14:22:00,VRAY
5.894,5.894,5.894,5.894,100,2021-06-14 14:25:00,VRAY
5.8901,5.895,5.89,5.8901,900,2021-06-14 14:26:00,VRAY
5.89,5.9,5.885,5.895,4913,2021-06-14 14:27:00,VRAY
5.895,5.895,5.895,5.895,400,2021-06-14 14:28:00,VRAY
5.8904,5.895,5.89,5.89,1163,2021-06-14 14:29:00,VRAY
5.895,5.895,5.875,5.875,3240,2021-06-14 14:30:00,VRAY
5.875,5.875,5.875,5.875,100,2021-06-14 14:31:00,VRAY
5.875,5.875,5.875,5.875,200,2021-06-14 14:32:00,VRAY
5.875,5.875,5.875,5.875,100,2021-06-14 14:34:00,VRAY
5.87,5.88,5.86,5.86,13186,2021-06-14 14:35:00,VRAY
5.855,5.855,5.855,5.855,2887,2021-06-14 14:36:00,VRAY
5.855,5.855,5.855,5.855,233,2021-06-14 14:37:00,VRAY
5.855,5.855,5.855,5.855,400,2021-06-14 14:38:00,VRAY
5.85,5.8573,5.85,5.8573,3130,2021-06-14 14:39:00,VRAY
5.86,5.86,5.855,5.855,552,2021-06-14 14:40:00,VRAY
5.855,5.855,5.855,5.855,100,2021-06-14 14:41:00,VRAY
5.85,5.86,5.845,5.85,8160,2021-06-14 14:42:00,VRAY
5.855,5.855,5.855,5.855,259,2021-06-14 14:44:00,VRAY
5.86,5.87,5.86,5.87,2105,2021-06-14 14:45:00,VRAY
5.87,5.88,5.87,5.88,3301,2021-06-14 14:47:00,VRAY
5.875,5.88,5.875,5.88,1475,2021-06-14 14:48:00,VRAY
5.8712,5.885,5.8712,5.885,5000,2021-06-14 14:49:00,VRAY
5.89,5.89,5.89,5.89,100,2021-06-14 14:52:00,VRAY
5.89,5.89,5.885,5.885,200,2021-06-14 14:53:00,VRAY
5.885,5.9,5.885,5.895,4321,2021-06-14 14:54:00,VRAY
5.895,5.895,5.89,5.89,3744,2021-06-14 14:55:00,VRAY
5.89,5.895,5.865,5.87,22346,2021-06-14 14:56:00,VRAY
5.865,5.89,5.865,5.89,9561,2021-06-14 14:59:00,VRAY
5.885,5.9,5.88,5.89,16912,2021-06-14 15:00:00,VRAY
5.895,5.895,5.88,5.885,4784,2021-06-14 15:01:00,VRAY
5.88,5.8865,5.88,5.8865,370,2021-06-14 15:02:00,VRAY
5.8847,5.8847,5.8847,5.8847,163,2021-06-14 15:03:00,VRAY
5.885,5.885,5.885,5.885,326,2021-06-14 15:04:00,VRAY
5.88,5.88,5.88,5.88,200,2021-06-14 15:05:00,VRAY
5.885,5.885,5.885,5.885,100,2021-06-14 15:06:00,VRAY
5.885,5.89,5.875,5.875,4382,2021-06-14 15:07:00,VRAY
5.875,5.875,5.855,5.855,5011,2021-06-14 15:08:00,VRAY
5.85,5.855,5.85,5.855,300,2021-06-14 15:09:00,VRAY
5.855,5.855,5.855,5.855,400,2021-06-14 15:11:00,VRAY
5.86,5.86,5.86,5.86,220,2021-06-14 15:12:00,VRAY
5.855,5.855,5.85,5.85,200,2021-06-14 15:14:00,VRAY
5.855,5.855,5.855,5.855,100,2021-06-14 15:16:00,VRAY
5.85,5.85,5.85,5.85,100,2021-06-14 15:18:00,VRAY
5.855,5.86,5.855,5.855,425,2021-06-14 15:21:00,VRAY
5.8571,5.8571,5.85,5.85,1043,2021-06-14 15:22:00,VRAY
5.85,5.85,5.85,5.85,200,2021-06-14 15:23:00,VRAY
5.855,5.855,5.855,5.855,100,2021-06-14 15:24:00,VRAY
5.85,5.86,5.85,5.86,3212,2021-06-14 15:25:00,VRAY
5.855,5.855,5.855,5.855,100,2021-06-14 15:27:00,VRAY
5.8509,5.8509,5.8509,5.8509,1200,2021-06-14 15:29:00,VRAY
5.855,5.855,5.855,5.855,202,2021-06-14 15:30:00,VRAY
5.85,5.85,5.85,5.85,100,2021-06-14 15:31:00,VRAY
5.85,5.85,5.85,5.85,200,2021-06-14 15:32:00,VRAY
5.855,5.855,5.85,5.85,220,2021-06-14 15:33:00,VRAY
5.85,5.855,5.845,5.85,5710,2021-06-14 15:36:00,VRAY
5.845,5.845,5.84,5.84,200,2021-06-14 15:37:00,VRAY
5.845,5.85,5.845,5.845,400,2021-06-14 15:38:00,VRAY
5.84,5.84,5.84,5.84,100,2021-06-14 15:41:00,VRAY
5.8432,5.845,5.8432,5.845,725,2021-06-14 15:42:00,VRAY
5.845,5.845,5.845,5.845,100,2021-06-14 15:44:00,VRAY
5.8464,5.8464,5.8464,5.8464,250,2021-06-14 15:45:00,VRAY
5.85,5.85,5.845,5.845,300,2021-06-14 15:46:00,VRAY
5.845,5.845,5.845,5.845,200,2021-06-14 15:47:00,VRAY
5.85,5.855,5.85,5.855,2214,2021-06-14 15:48:00,VRAY
5.8565,5.8565,5.8565,5.8565,200,2021-06-14 15:49:00,VRAY
5.855,5.855,5.855,5.855,500,2021-06-14 15:50:00,VRAY
5.86,5.86,5.86,5.86,1500,2021-06-14 15:52:00,VRAY
5.86,5.865,5.86,5.86,7963,2021-06-14 15:54:00,VRAY
5.855,5.855,5.855,5.855,108,2021-06-14 15:56:00,VRAY
5.855,5.855,5.855,5.855,200,2021-06-14 15:57:00,VRAY
5.855,5.855,5.855,5.855,100,2021-06-14 15:58:00,VRAY
5.855,5.855,5.855,5.855,100,2021-06-14 16:00:00,VRAY
5.855,5.855,5.855,5.855,100,2021-06-14 16:02:00,VRAY
5.86,5.86,5.86,5.86,100,2021-06-14 16:05:00,VRAY
5.855,5.855,5.855,5.855,100,2021-06-14 16:07:00,VRAY
5.855,5.855,5.855,5.855,231,2021-06-14 16:09:00,VRAY
5.855,5.855,5.855,5.855,200,2021-06-14 16:12:00,VRAY
5.8599,5.8599,5.855,5.855,1775,2021-06-14 16:13:00,VRAY
5.855,5.855,5.855,5.855,200,2021-06-14 16:14:00,VRAY
5.855,5.855,5.85,5.855,900,2021-06-14 16:15:00,VRAY
5.855,5.855,5.855,5.855,100,2021-06-14 16:16:00,VRAY
5.85,5.85,5.85,5.85,160,2021-06-14 16:17:00,VRAY
5.855,5.855,5.855,5.855,271,2021-06-14 16:18:00,VRAY
5.855,5.855,5.84,5.845,6608,2021-06-14 16:20:00,VRAY
5.85,5.85,5.85,5.85,800,2021-06-14 16:21:00,VRAY
5.8426,5.85,5.8426,5.85,1100,2021-06-14 16:22:00,VRAY
5.845,5.845,5.845,5.845,100,2021-06-14 16:23:00,VRAY
5.845,5.845,5.845,5.845,100,2021-06-14 16:24:00,VRAY
5.845,5.845,5.84,5.84,200,2021-06-14 16:25:00,VRAY
5.845,5.845,5.84,5.84,800,2021-06-14 16:27:00,VRAY
5.845,5.845,5.845,5.845,100,2021-06-14 16:28:00,VRAY
5.845,5.845,5.84,5.84,200,2021-06-14 16:30:00,VRAY
5.84,5.84,5.815,5.815,6643,2021-06-14 16:31:00,VRAY
5.815,5.83,5.815,5.83,4067,2021-06-14 16:32:00,VRAY
5.825,5.83,5.825,5.83,300,2021-06-14 16:33:00,VRAY
5.825,5.825,5.825,5.825,100,2021-06-14 16:35:00,VRAY
5.82,5.82,5.81,5.815,15422,2021-06-14 16:39:00,VRAY
5.815,5.815,5.815,5.815,100,2021-06-14 16:40:00,VRAY
5.81,5.81,5.81,5.81,100,2021-06-14 16:41:00,VRAY
5.815,5.82,5.815,5.82,200,2021-06-14 16:43:00,VRAY
5.81,5.82,5.81,5.82,200,2021-06-14 16:44:00,VRAY
5.815,5.815,5.815,5.815,100,2021-06-14 16:46:00,VRAY
5.81,5.82,5.81,5.81,441,2021-06-14 16:47:00,VRAY
5.81,5.82,5.81,5.815,4819,2021-06-14 16:48:00,VRAY
5.815,5.815,5.815,5.815,200,2021-06-14 16:49:00,VRAY
5.8127,5.815,5.8127,5.815,500,2021-06-14 16:50:00,VRAY
5.81,5.81,5.81,5.81,400,2021-06-14 16:52:00,VRAY
5.81,5.81,5.81,5.81,100,2021-06-14 16:53:00,VRAY
5.81,5.81,5.805,5.805,2569,2021-06-14 16:54:00,VRAY
5.8009,5.81,5.8009,5.81,10694,2021-06-14 16:56:00,VRAY
5.81,5.815,5.81,5.81,9402,2021-06-14 16:57:00,VRAY
5.81,5.81,5.805,5.81,600,2021-06-14 16:58:00,VRAY
5.805,5.805,5.805,5.805,100,2021-06-14 16:59:00,VRAY
5.8,5.805,5.8,5.8,300,2021-06-14 17:00:00,VRAY
5.8,5.8,5.8,5.8,100,2021-06-14 17:01:00,VRAY
5.805,5.805,5.8,5.8,701,2021-06-14 17:03:00,VRAY
5.8,5.805,5.8,5.8,3181,2021-06-14 17:04:00,VRAY
5.8,5.805,5.795,5.795,1746,2021-06-14 17:05:00,VRAY
5.795,5.795,5.79,5.795,600,2021-06-14 17:06:00,VRAY
5.79,5.8,5.79,5.8,400,2021-06-14 17:07:00,VRAY
5.8,5.8,5.79,5.79,200,2021-06-14 17:08:00,VRAY
5.8,5.8,5.8,5.8,200,2021-06-14 17:09:00,VRAY
5.795,5.795,5.79,5.79,300,2021-06-14 17:10:00,VRAY
5.7928,5.8,5.7914,5.7914,623,2021-06-14 17:11:00,VRAY
5.79,5.795,5.79,5.795,318,2021-06-14 17:12:00,VRAY
5.79,5.79,5.79,5.79,100,2021-06-14 17:16:00,VRAY
5.795,5.795,5.79,5.79,2000,2021-06-14 17:17:00,VRAY
5.79,5.8,5.79,5.79,2895,2021-06-14 17:18:00,VRAY
5.785,5.785,5.76,5.765,6072,2021-06-14 17:19:00,VRAY
5.765,5.77,5.765,5.77,200,2021-06-14 17:20:00,VRAY
5.77,5.78,5.77,5.78,2434,2021-06-14 17:21:00,VRAY
5.775,5.775,5.77,5.77,300,2021-06-14 17:23:00,VRAY
5.78,5.78,5.78,5.78,100,2021-06-14 17:25:00,VRAY
5.77,5.79,5.77,5.79,5700,2021-06-14 17:26:00,VRAY
5.79,5.79,5.79,5.79,100,2021-06-14 17:27:00,VRAY
5.788,5.788,5.78,5.78,940,2021-06-14 17:29:00,VRAY
5.78,5.78,5.78,5.78,300,2021-06-14 17:30:00,VRAY
5.785,5.785,5.78,5.78,200,2021-06-14 17:32:00,VRAY
5.785,5.785,5.785,5.785,100,2021-06-14 17:35:00,VRAY
5.79,5.79,5.77,5.78,6038,2021-06-14 17:37:00,VRAY
5.775,5.775,5.77,5.77,200,2021-06-14 17:40:00,VRAY
5.775,5.775,5.775,5.775,100,2021-06-14 17:42:00,VRAY
5.775,5.775,5.77,5.77,320,2021-06-14 17:43:00,VRAY
5.77,5.775,5.76,5.77,4399,2021-06-14 17:44:00,VRAY
5.77,5.77,5.765,5.77,2000,2021-06-14 17:45:00,VRAY
5.765,5.767,5.765,5.767,200,2021-06-14 17:49:00,VRAY
5.765,5.765,5.76,5.76,600,2021-06-14 17:50:00,VRAY
5.7627,5.77,5.76,5.76,8568,2021-06-14 17:52:00,VRAY
5.76,5.77,5.755,5.77,29443,2021-06-14 17:53:00,VRAY
5.77,5.78,5.77,5.78,19520,2021-06-14 17:54:00,VRAY
5.78,5.78,5.77,5.78,10800,2021-06-14 17:55:00,VRAY
5.78,5.785,5.78,5.785,3600,2021-06-14 17:56:00,VRAY
5.79,5.79,5.79,5.79,100,2021-06-14 17:57:00,VRAY
5.78,5.785,5.775,5.78,3568,2021-06-14 17:58:00,VRAY
5.77,5.77,5.77,5.77,100,2021-06-14 18:00:00,VRAY
5.78,5.78,5.78,5.78,900,2021-06-14 18:01:00,VRAY
5.7847,5.79,5.78,5.78,763,2021-06-14 18:02:00,VRAY
5.78,5.8,5.78,5.795,9536,2021-06-14 18:04:00,VRAY
5.8,5.8,5.795,5.8,400,2021-06-14 18:05:00,VRAY
5.795,5.795,5.795,5.795,200,2021-06-14 18:07:00,VRAY
5.7923,5.7923,5.7923,5.7923,100,2021-06-14 18:08:00,VRAY
5.795,5.795,5.795,5.795,200,2021-06-14 18:09:00,VRAY
5.795,5.795,5.795,5.795,200,2021-06-14 18:10:00,VRAY
5.8,5.8,5.8,5.8,710,2021-06-14 18:11:00,VRAY
5.8,5.8,5.8,5.8,300,2021-06-14 18:12:00,VRAY
5.795,5.795,5.795,5.795,200,2021-06-14 18:14:00,VRAY
5.79,5.795,5.785,5.79,4300,2021-06-14 18:15:00,VRAY
5.79,5.79,5.785,5.785,400,2021-06-14 18:16:00,VRAY
5.79,5.79,5.79,5.79,100,2021-06-14 18:17:00,VRAY
5.785,5.785,5.785,5.785,200,2021-06-14 18:18:00,VRAY
5.785,5.785,5.785,5.785,200,2021-06-14 18:19:00,VRAY
5.785,5.79,5.785,5.79,400,2021-06-14 18:20:00,VRAY
5.79,5.79,5.79,5.79,100,2021-06-14 18:21:00,VRAY
5.7873,5.79,5.78,5.79,700,2021-06-14 18:22:00,VRAY
5.785,5.79,5.78,5.78,500,2021-06-14 18:23:00,VRAY
5.7815,5.79,5.7815,5.79,2614,2021-06-14 18:24:00,VRAY
5.785,5.785,5.755,5.755,9877,2021-06-14 18:25:00,VRAY
5.755,5.765,5.75,5.765,7092,2021-06-14 18:26:00,VRAY
5.765,5.765,5.76,5.76,300,2021-06-14 18:27:00,VRAY
5.765,5.765,5.765,5.765,100,2021-06-14 18:28:00,VRAY
5.77,5.77,5.765,5.765,1100,2021-06-14 18:29:00,VRAY
5.765,5.765,5.76,5.765,500,2021-06-14 18:30:00,VRAY
5.765,5.765,5.76,5.76,500,2021-06-14 18:31:00,VRAY
5.765,5.77,5.765,5.77,2077,2021-06-14 18:33:00,VRAY
5.77,5.77,5.765,5.765,300,2021-06-14 18:34:00,VRAY
5.76,5.76,5.76,5.76,100,2021-06-14 18:36:00,VRAY
5.76,5.765,5.75,5.755,28292,2021-06-14 18:37:00,VRAY
5.755,5.755,5.755,5.755,200,2021-06-14 18:39:00,VRAY
5.755,5.755,5.755,5.755,225,2021-06-14 18:40:00,VRAY
5.755,5.755,5.755,5.755,200,2021-06-14 18:41:00,VRAY
5.755,5.76,5.755,5.755,1200,2021-06-14 18:42:00,VRAY
5.755,5.7568,5.755,5.755,550,2021-06-14 18:43:00,VRAY
5.755,5.755,5.755,5.755,300,2021-06-14 18:44:00,VRAY
5.7599,5.7599,5.75,5.75,1100,2021-06-14 18:45:00,VRAY
5.755,5.755,5.755,5.755,200,2021-06-14 18:46:00,VRAY
5.755,5.755,5.755,5.755,347,2021-06-14 18:47:00,VRAY
5.755,5.76,5.755,5.76,220,2021-06-14 18:48:00,VRAY
5.755,5.755,5.75,5.755,300,2021-06-14 18:49:00,VRAY
5.755,5.755,5.755,5.755,100,2021-06-14 18:50:00,VRAY
5.755,5.755,5.755,5.755,100,2021-06-14 18:51:00,VRAY
5.755,5.7565,5.75,5.7565,500,2021-06-14 18:52:00,VRAY
5.755,5.755,5.755,5.755,300,2021-06-14 18:53:00,VRAY
5.755,5.77,5.755,5.765,17129,2021-06-14 18:54:00,VRAY
5.77,5.77,5.765,5.77,400,2021-06-14 18:55:00,VRAY
5.763,5.77,5.763,5.77,200,2021-06-14 18:56:00,VRAY
5.77,5.77,5.75,5.755,4562,2021-06-14 18:57:00,VRAY
5.76,5.76,5.76,5.76,600,2021-06-14 18:58:00,VRAY
5.755,5.755,5.755,5.755,100,2021-06-14 19:00:00,VRAY
5.755,5.755,5.755,5.755,200,2021-06-14 19:01:00,VRAY
5.755,5.755,5.755,5.755,100,2021-06-14 19:03:00,VRAY
5.75,5.75,5.75,5.75,100,2021-06-14 19:04:00,VRAY
5.755,5.76,5.75,5.75,2800,2021-06-14 19:05:00,VRAY
5.755,5.76,5.755,5.755,600,2021-06-14 19:06:00,VRAY
5.75,5.755,5.75,5.755,200,2021-06-14 19:07:00,VRAY
5.755,5.755,5.75,5.755,5448,2021-06-14 19:10:00,VRAY
5.745,5.75,5.74,5.75,2221,2021-06-14 19:11:00,VRAY
5.745,5.745,5.74,5.74,200,2021-06-14 19:12:00,VRAY
5.745,5.745,5.74,5.745,300,2021-06-14 19:13:00,VRAY
5.745,5.75,5.745,5.745,400,2021-06-14 19:14:00,VRAY
5.745,5.745,5.74,5.74,300,2021-06-14 19:15:00,VRAY
5.74,5.745,5.74,5.745,1300,2021-06-14 19:16:00,VRAY
5.74,5.74,5.74,5.74,100,2021-06-14 19:17:00,VRAY
5.745,5.745,5.73,5.73,5617,2021-06-14 19:18:00,VRAY
5.735,5.74,5.735,5.74,2000,2021-06-14 19:19:00,VRAY
5.74,5.755,5.73,5.75,17815,2021-06-14 19:20:00,VRAY
5.75,5.75,5.745,5.75,2100,2021-06-14 19:21:00,VRAY
5.75,5.75,5.75,5.75,800,2021-06-14 19:22:00,VRAY
5.75,5.75,5.7499,5.75,1360,2021-06-14 19:23:00,VRAY
5.745,5.75,5.745,5.75,600,2021-06-14 19:25:00,VRAY
5.74,5.75,5.74,5.75,709,2021-06-14 19:26:00,VRAY
5.75,5.75,5.75,5.75,300,2021-06-14 19:27:00,VRAY
5.75,5.75,5.745,5.745,300,2021-06-14 19:28:00,VRAY
5.75,5.75,5.745,5.745,1000,2021-06-14 19:29:00,VRAY
5.75,5.76,5.75,5.76,4357,2021-06-14 19:30:00,VRAY
5.755,5.76,5.755,5.76,400,2021-06-14 19:31:00,VRAY
5.76,5.79,5.76,5.79,11779,2021-06-14 19:32:00,VRAY
5.79,5.84,5.79,5.84,22959,2021-06-14 19:33:00,VRAY
5.84,5.84,5.84,5.84,7900,2021-06-14 19:34:00,VRAY
5.84,5.865,5.82,5.82,20727,2021-06-14 19:35:00,VRAY
5.825,5.825,5.82,5.82,2310,2021-06-14 19:36:00,VRAY
5.811,5.815,5.811,5.815,300,2021-06-14 19:37:00,VRAY
5.81,5.81,5.805,5.81,3229,2021-06-14 19:38:00,VRAY
5.81,5.81,5.8,5.805,1300,2021-06-14 19:39:00,VRAY
5.8,5.8,5.8,5.8,200,2021-06-14 19:40:00,VRAY
5.8,5.8,5.795,5.795,2156,2021-06-14 19:41:00,VRAY
5.795,5.795,5.79,5.79,540,2021-06-14 19:42:00,VRAY
5.79,5.8,5.79,5.79,571,2021-06-14 19:43:00,VRAY
5.8,5.8,5.795,5.795,1100,2021-06-14 19:44:00,VRAY
5.795,5.8,5.795,5.795,900,2021-06-14 19:45:00,VRAY
5.8,5.8,5.79,5.8,2133,2021-06-14 19:46:00,VRAY
5.795,5.8,5.795,5.795,1220,2021-06-14 19:47:00,VRAY
5.795,5.81,5.795,5.81,6731,2021-06-14 19:48:00,VRAY
5.81,5.82,5.81,5.82,4331,2021-06-14 19:49:00,VRAY
5.82,5.835,5.81,5.835,13666,2021-06-14 19:50:00,VRAY
5.825,5.835,5.82,5.835,5038,2021-06-14 19:51:00,VRAY
5.835,5.84,5.835,5.84,5260,2021-06-14 19:52:00,VRAY
5.84,5.85,5.835,5.845,4963,2021-06-14 19:53:00,VRAY
5.85,5.85,5.81,5.82,27041,2021-06-14 19:54:00,VRAY
5.82,5.83,5.815,5.82,11116,2021-06-14 19:55:00,VRAY
5.825,5.83,5.82,5.82,10278,2021-06-14 19:56:00,VRAY
5.825,5.835,5.82,5.83,13094,2021-06-14 19:57:00,VRAY
5.825,5.83,5.82,5.825,10052,2021-06-14 19:58:00,VRAY
5.825,5.835,5.82,5.83,22302,2021-06-14 19:59:00,VRAY
5.82,5.82,5.82,5.82,78295,2021-06-14 20:00:00,VRAY
5.8,5.84,5.8,5.84,5006,2021-06-15 13:30:00,VRAY
5.85,5.85,5.84,5.844,2201,2021-06-15 13:31:00,VRAY
5.84,5.84,5.8,5.81,3246,2021-06-15 13:32:00,VRAY
5.8,5.81,5.79,5.79,4700,2021-06-15 13:33:00,VRAY
5.76,5.77,5.76,5.76,500,2021-06-15 13:34:00,VRAY
5.77,5.785,5.77,5.78,1641,2021-06-15 13:35:00,VRAY
5.79,5.79,5.79,5.79,182,2021-06-15 13:36:00,VRAY
5.78,5.78,5.7616,5.7616,600,2021-06-15 13:38:00,VRAY
5.77,5.77,5.74,5.74,1000,2021-06-15 13:39:00,VRAY
5.73,5.74,5.71,5.74,2893,2021-06-15 13:40:00,VRAY
5.74,5.75,5.74,5.75,600,2021-06-15 13:41:00,VRAY
5.73,5.73,5.72,5.72,800,2021-06-15 13:42:00,VRAY
5.74,5.74,5.74,5.74,300,2021-06-15 13:43:00,VRAY
5.74,5.775,5.74,5.775,5576,2021-06-15 13:45:00,VRAY
5.775,5.78,5.77,5.77,500,2021-06-15 13:46:00,VRAY
5.76,5.76,5.76,5.76,300,2021-06-15 13:47:00,VRAY
5.75,5.77,5.75,5.77,2429,2021-06-15 13:48:00,VRAY
5.77,5.77,5.765,5.765,4600,2021-06-15 13:49:00,VRAY
5.77,5.775,5.77,5.775,1600,2021-06-15 13:50:00,VRAY
5.775,5.775,5.76,5.76,800,2021-06-15 13:51:00,VRAY
5.76,5.79,5.76,5.79,1005,2021-06-15 13:52:00,VRAY
5.805,5.81,5.805,5.81,200,2021-06-15 13:53:00,VRAY
5.8,5.8,5.78,5.78,900,2021-06-15 13:55:00,VRAY
5.77,5.7717,5.765,5.765,1500,2021-06-15 13:57:00,VRAY
5.76,5.76,5.76,5.76,744,2021-06-15 13:59:00,VRAY
5.76,5.76,5.76,5.76,200,2021-06-15 14:00:00,VRAY
5.76,5.76,5.75,5.75,900,2021-06-15 14:01:00,VRAY
5.76,5.76,5.7578,5.76,600,2021-06-15 14:02:00,VRAY
5.765,5.765,5.765,5.765,350,2021-06-15 14:03:00,VRAY
5.7682,5.7682,5.7682,5.7682,167,2021-06-15 14:04:00,VRAY
5.77,5.77,5.77,5.77,100,2021-06-15 14:06:00,VRAY
5.76,5.76,5.76,5.76,100,2021-06-15 14:07:00,VRAY
5.76,5.76,5.76,5.76,100,2021-06-15 14:09:00,VRAY
5.76,5.76,5.745,5.745,3419,2021-06-15 14:10:00,VRAY
5.74,5.74,5.74,5.74,200,2021-06-15 14:12:00,VRAY
5.74,5.74,5.74,5.74,100,2021-06-15 14:15:00,VRAY
5.74,5.74,5.74,5.74,200,2021-06-15 14:16:00,VRAY
5.75,5.75,5.75,5.75,2204,2021-06-15 14:17:00,VRAY
5.755,5.755,5.755,5.755,100,2021-06-15 14:18:00,VRAY
5.75,5.7501,5.75,5.75,1000,2021-06-15 14:20:00,VRAY
5.75,5.75,5.74,5.74,2400,2021-06-15 14:23:00,VRAY
5.7317,5.7317,5.73,5.73,1068,2021-06-15 14:24:00,VRAY
5.73,5.73,5.72,5.72,1500,2021-06-15 14:25:00,VRAY
5.72,5.72,5.7,5.7,2450,2021-06-15 14:26:00,VRAY
5.7,5.705,5.7,5.705,9018,2021-06-15 14:27:00,VRAY
5.7,5.7,5.7,5.7,400,2021-06-15 14:28:00,VRAY
5.7,5.7,5.68,5.68,2110,2021-06-15 14:29:00,VRAY
5.68,5.69,5.68,5.685,320,2021-06-15 14:30:00,VRAY
5.6899,5.6899,5.68,5.68,1100,2021-06-15 14:32:00,VRAY
5.69,5.69,5.69,5.69,520,2021-06-15 14:33:00,VRAY
5.69,5.69,5.69,5.69,900,2021-06-15 14:34:00,VRAY
5.68,5.68,5.68,5.68,500,2021-06-15 14:35:00,VRAY
5.68,5.68,5.68,5.68,400,2021-06-15 14:36:00,VRAY
5.675,5.675,5.675,5.675,125,2021-06-15 14:37:00,VRAY
5.68,5.695,5.68,5.695,1200,2021-06-15 14:38:00,VRAY
5.7,5.71,5.7,5.71,700,2021-06-15 14:39:00,VRAY
5.72,5.725,5.72,5.72,300,2021-06-15 14:40:00,VRAY
5.73,5.73,5.72,5.72,900,2021-06-15 14:42:00,VRAY
5.725,5.74,5.725,5.735,900,2021-06-15 14:47:00,VRAY
5.74,5.74,5.74,5.74,300,2021-06-15 14:49:00,VRAY
5.74,5.74,5.74,5.74,500,2021-06-15 14:52:00,VRAY
5.73,5.73,5.7201,5.7201,2226,2021-06-15 14:57:00,VRAY
5.72,5.72,5.72,5.72,100,2021-06-15 14:58:00,VRAY
5.73,5.73,5.722,5.722,570,2021-06-15 14:59:00,VRAY
5.73,5.735,5.725,5.735,2800,2021-06-15 15:00:00,VRAY
5.735,5.735,5.735,5.735,100,2021-06-15 15:01:00,VRAY
5.735,5.735,5.72,5.72,800,2021-06-15 15:02:00,VRAY
5.73,5.73,5.725,5.725,600,2021-06-15 15:04:00,VRAY
5.72,5.72,5.72,5.72,1324,2021-06-15 15:05:00,VRAY
5.72,5.72,5.72,5.72,200,2021-06-15 15:06:00,VRAY
5.72,5.73,5.72,5.73,1300,2021-06-15 15:07:00,VRAY
5.72,5.72,5.72,5.72,100,2021-06-15 15:09:00,VRAY
5.725,5.725,5.725,5.725,300,2021-06-15 15:12:00,VRAY
5.7264,5.7264,5.72,5.72,300,2021-06-15 15:14:00,VRAY
5.73,5.73,5.725,5.725,300,2021-06-15 15:17:00,VRAY
5.72,5.72,5.72,5.72,100,2021-06-15 15:18:00,VRAY
5.72,5.72,5.71,5.71,3000,2021-06-15 15:20:00,VRAY
5.7,5.7,5.69,5.69,4316,2021-06-15 15:21:00,VRAY
5.69,5.69,5.68,5.68,1300,2021-06-15 15:22:00,VRAY
5.6729,5.6729,5.6729,5.6729,140,2021-06-15 15:23:00,VRAY
5.67,5.67,5.67,5.67,959,2021-06-15 15:24:00,VRAY
5.665,5.67,5.665,5.665,1247,2021-06-15 15:25:00,VRAY
5.665,5.665,5.665,5.665,200,2021-06-15 15:26:00,VRAY
5.66,5.665,5.63,5.65,8070,2021-06-15 15:28:00,VRAY
5.65,5.66,5.65,5.655,1019,2021-06-15 15:29:00,VRAY
5.65,5.65,5.65,5.65,100,2021-06-15 15:33:00,VRAY
5.65,5.65,5.64,5.64,600,2021-06-15 15:34:00,VRAY
5.6499,5.6499,5.63,5.63,2000,2021-06-15 15:35:00,VRAY
5.63,5.63,5.63,5.63,100,2021-06-15 15:37:00,VRAY
5.62,5.62,5.62,5.62,300,2021-06-15 15:38:00,VRAY
5.6258,5.64,5.625,5.64,2248,2021-06-15 15:39:00,VRAY
5.64,5.64,5.6321,5.6321,300,2021-06-15 15:40:00,VRAY
5.6334,5.6379,5.6334,5.6379,2678,2021-06-15 15:41:00,VRAY
5.6305,5.64,5.6305,5.64,374,2021-06-15 15:42:00,VRAY
5.64,5.64,5.64,5.64,400,2021-06-15 15:43:00,VRAY
5.645,5.645,5.645,5.645,100,2021-06-15 15:45:00,VRAY
5.645,5.645,5.645,5.645,100,2021-06-15 15:46:00,VRAY
5.645,5.645,5.645,5.645,100,2021-06-15 15:49:00,VRAY
5.645,5.645,5.645,5.645,100,2021-06-15 15:50:00,VRAY
5.64,5.64,5.64,5.64,100,2021-06-15 15:52:00,VRAY
5.64,5.64,5.635,5.64,1609,2021-06-15 15:54:00,VRAY
5.635,5.635,5.635,5.635,200,2021-06-15 15:55:00,VRAY
5.64,5.64,5.64,5.64,1308,2021-06-15 15:56:00,VRAY
5.64,5.64,5.64,5.64,100,2021-06-15 15:57:00,VRAY
5.65,5.675,5.65,5.675,2400,2021-06-15 15:58:00,VRAY
5.69,5.7,5.69,5.7,1600,2021-06-15 16:00:00,VRAY
5.7,5.7,5.7,5.7,400,2021-06-15 16:01:00,VRAY
5.7,5.7,5.7,5.7,1400,2021-06-15 16:02:00,VRAY
5.7,5.7,5.7,5.7,100,2021-06-15 16:03:00,VRAY
5.7,5.7,5.7,5.7,100,2021-06-15 16:04:00,VRAY
5.69,5.69,5.69,5.69,100,2021-06-15 16:06:00,VRAY
5.695,5.695,5.69,5.69,800,2021-06-15 16:08:00,VRAY
5.685,5.685,5.685,5.685,750,2021-06-15 16:09:00,VRAY
5.69,5.69,5.69,5.69,200,2021-06-15 16:10:00,VRAY
5.685,5.7,5.685,5.7,5900,2021-06-15 16:12:00,VRAY
5.69,5.69,5.69,5.69,200,2021-06-15 16:13:00,VRAY
5.69,5.69,5.68,5.68,1700,2021-06-15 16:15:00,VRAY
5.675,5.685,5.675,5.685,2100,2021-06-15 16:16:00,VRAY
5.68,5.68,5.68,5.68,540,2021-06-15 16:18:00,VRAY
5.68,5.68,5.68,5.68,1500,2021-06-15 16:23:00,VRAY
5.68,5.69,5.68,5.69,524,2021-06-15 16:24:00,VRAY
5.685,5.685,5.68,5.685,520,2021-06-15 16:25:00,VRAY
5.69,5.69,5.69,5.69,100,2021-06-15 16:28:00,VRAY
5.69,5.69,5.685,5.685,200,2021-06-15 16:30:00,VRAY
5.685,5.69,5.685,5.69,300,2021-06-15 16:31:00,VRAY
5.69,5.69,5.69,5.69,1900,2021-06-15 16:34:00,VRAY
5.7,5.7,5.69,5.69,2704,2021-06-15 16:36:00,VRAY
5.69,5.69,5.69,5.69,400,2021-06-15 16:39:00,VRAY
5.685,5.69,5.685,5.69,700,2021-06-15 16:41:00,VRAY
5.685,5.685,5.67,5.67,2034,2021-06-15 16:42:00,VRAY
5.67,5.67,5.67,5.67,1000,2021-06-15 16:43:00,VRAY
5.665,5.665,5.665,5.665,200,2021-06-15 16:44:00,VRAY
5.6677,5.6677,5.6677,5.6677,353,2021-06-15 16:45:00,VRAY
5.665,5.665,5.66,5.66,300,2021-06-15 16:46:00,VRAY
5.665,5.67,5.665,5.67,300,2021-06-15 16:48:00,VRAY
5.67,5.67,5.67,5.67,1765,2021-06-15 16:49:00,VRAY
5.68,5.68,5.675,5.68,600,2021-06-15 16:50:00,VRAY
5.68,5.69,5.68,5.69,900,2021-06-15 16:52:00,VRAY
5.69,5.69,5.69,5.69,100,2021-06-15 16:53:00,VRAY
5.69,5.69,5.69,5.69,200,2021-06-15 16:54:00,VRAY
5.69,5.69,5.69,5.69,200,2021-06-15 16:56:00,VRAY
5.685,5.69,5.685,5.69,200,2021-06-15 16:57:00,VRAY
5.69,5.69,5.69,5.69,100,2021-06-15 16:58:00,VRAY
5.69,5.69,5.69,5.69,100,2021-06-15 16:59:00,VRAY
5.685,5.685,5.685,5.685,100,2021-06-15 17:00:00,VRAY
5.685,5.685,5.675,5.68,1700,2021-06-15 17:01:00,VRAY
5.675,5.675,5.675,5.675,100,2021-06-15 17:03:00,VRAY
5.68,5.68,5.68,5.68,200,2021-06-15 17:04:00,VRAY
5.68,5.68,5.68,5.68,300,2021-06-15 17:06:00,VRAY
5.68,5.68,5.68,5.68,200,2021-06-15 17:07:00,VRAY
5.68,5.68,5.68,5.68,200,2021-06-15 17:09:00,VRAY
5.68,5.68,5.68,5.68,100,2021-06-15 17:10:00,VRAY
5.68,5.68,5.68,5.68,200,2021-06-15 17:11:00,VRAY
5.68,5.68,5.67,5.67,1516,2021-06-15 17:13:00,VRAY
5.68,5.68,5.68,5.68,100,2021-06-15 17:14:00,VRAY
5.675,5.675,5.675,5.675,200,2021-06-15 17:15:00,VRAY
5.675,5.675,5.675,5.675,200,2021-06-15 17:16:00,VRAY
5.675,5.69,5.675,5.6823,984,2021-06-15 17:17:00,VRAY
5.69,5.69,5.69,5.69,100,2021-06-15 17:20:00,VRAY
5.69,5.69,5.69,5.69,100,2021-06-15 17:22:00,VRAY
5.69,5.73,5.69,5.73,38437,2021-06-15 17:24:00,VRAY
5.7325,5.7325,5.7325,5.7325,1000,2021-06-15 17:25:00,VRAY
5.74,5.77,5.74,5.765,2000,2021-06-15 17:26:00,VRAY
5.76,5.765,5.76,5.765,200,2021-06-15 17:27:00,VRAY
5.77,5.77,5.765,5.765,200,2021-06-15 17:28:00,VRAY
5.77,5.77,5.77,5.77,200,2021-06-15 17:29:00,VRAY
5.77,5.77,5.765,5.765,200,2021-06-15 17:30:00,VRAY
5.77,5.78,5.77,5.78,2281,2021-06-15 17:31:00,VRAY
5.78,5.78,5.78,5.78,200,2021-06-15 17:32:00,VRAY
5.78,5.78,5.78,5.78,100,2021-06-15 17:33:00,VRAY
5.77,5.775,5.77,5.775,600,2021-06-15 17:34:00,VRAY
5.78,5.78,5.78,5.78,200,2021-06-15 17:35:00,VRAY
5.78,5.78,5.78,5.78,100,2021-06-15 17:36:00,VRAY
5.78,5.78,5.78,5.78,300,2021-06-15 17:38:00,VRAY
5.78,5.78,5.78,5.78,800,2021-06-15 17:39:00,VRAY
5.79,5.79,5.79,5.79,200,2021-06-15 17:40:00,VRAY
5.79,5.8,5.785,5.8,2958,2021-06-15 17:41:00,VRAY
5.8,5.8,5.8,5.8,1100,2021-06-15 17:42:00,VRAY
5.8,5.8,5.8,5.8,200,2021-06-15 17:43:00,VRAY
5.81,5.81,5.81,5.81,200,2021-06-15 17:44:00,VRAY
5.81,5.81,5.8095,5.8095,300,2021-06-15 17:45:00,VRAY
5.8,5.805,5.795,5.795,4147,2021-06-15 17:46:00,VRAY
5.8,5.81,5.8,5.81,1537,2021-06-15 17:49:00,VRAY
5.81,5.81,5.81,5.81,100,2021-06-15 17:50:00,VRAY
5.8,5.8,5.8,5.8,200,2021-06-15 17:51:00,VRAY
5.81,5.81,5.81,5.81,100,2021-06-15 17:52:00,VRAY
5.805,5.81,5.805,5.81,600,2021-06-15 17:53:00,VRAY
5.81,5.81,5.805,5.805,600,2021-06-15 17:54:00,VRAY
5.81,5.81,5.795,5.795,6352,2021-06-15 17:55:00,VRAY
5.7908,5.795,5.78,5.78,3400,2021-06-15 17:56:00,VRAY
5.775,5.775,5.775,5.775,200,2021-06-15 17:57:00,VRAY
5.78,5.78,5.78,5.78,1928,2021-06-15 17:58:00,VRAY
5.775,5.775,5.775,5.775,100,2021-06-15 17:59:00,VRAY
5.775,5.775,5.7708,5.7708,300,2021-06-15 18:00:00,VRAY
5.77,5.77,5.77,5.77,1000,2021-06-15 18:03:00,VRAY
5.775,5.78,5.775,5.78,700,2021-06-15 18:04:00,VRAY
5.775,5.78,5.775,5.78,600,2021-06-15 18:07:00,VRAY
5.78,5.78,5.775,5.78,300,2021-06-15 18:08:00,VRAY
5.78,5.78,5.78,5.78,100,2021-06-15 18:09:00,VRAY
5.78,5.78,5.775,5.775,400,2021-06-15 18:10:00,VRAY
5.78,5.78,5.78,5.78,200,2021-06-15 18:12:00,VRAY
5.78,5.78,5.78,5.78,200,2021-06-15 18:13:00,VRAY
5.78,5.78,5.76,5.76,2848,2021-06-15 18:14:00,VRAY
5.76,5.765,5.755,5.76,3720,2021-06-15 18:15:00,VRAY
5.765,5.765,5.765,5.765,100,2021-06-15 18:16:00,VRAY
5.77,5.78,5.77,5.78,3800,2021-06-15 18:17:00,VRAY
5.78,5.78,5.78,5.78,200,2021-06-15 18:18:00,VRAY
5.78,5.78,5.78,5.78,100,2021-06-15 18:19:00,VRAY
5.775,5.775,5.775,5.775,300,2021-06-15 18:20:00,VRAY
5.775,5.78,5.775,5.775,1100,2021-06-15 18:21:00,VRAY
5.78,5.79,5.78,5.79,1299,2021-06-15 18:22:00,VRAY
5.79,5.8,5.78,5.79,2500,2021-06-15 18:23:00,VRAY
5.8,5.8,5.795,5.795,200,2021-06-15 18:26:00,VRAY
5.8,5.8,5.8,5.8,200,2021-06-15 18:27:00,VRAY
5.79,5.81,5.79,5.81,1224,2021-06-15 18:29:00,VRAY
5.82,5.82,5.82,5.82,200,2021-06-15 18:30:00,VRAY
5.815,5.815,5.815,5.815,100,2021-06-15 18:31:00,VRAY
5.82,5.82,5.82,5.82,100,2021-06-15 18:32:00,VRAY
5.82,5.82,5.82,5.82,100,2021-06-15 18:33:00,VRAY
5.82,5.82,5.82,5.82,300,2021-06-15 18:34:00,VRAY
5.82,5.82,5.82,5.82,100,2021-06-15 18:35:00,VRAY
5.82,5.83,5.82,5.83,200,2021-06-15 18:36:00,VRAY
5.8204,5.8204,5.8204,5.8204,100,2021-06-15 18:38:00,VRAY
5.82,5.825,5.815,5.815,7883,2021-06-15 18:39:00,VRAY
5.82,5.82,5.82,5.82,2300,2021-06-15 18:40:00,VRAY
5.82,5.82,5.815,5.815,2581,2021-06-15 18:45:00,VRAY
5.815,5.815,5.815,5.815,200,2021-06-15 18:46:00,VRAY
5.815,5.815,5.815,5.815,100,2021-06-15 18:47:00,VRAY
5.815,5.82,5.815,5.82,800,2021-06-15 18:48:00,VRAY
5.825,5.825,5.82,5.82,300,2021-06-15 18:49:00,VRAY
5.83,5.83,5.82,5.825,300,2021-06-15 18:52:00,VRAY
5.825,5.845,5.825,5.845,4156,2021-06-15 18:56:00,VRAY
5.845,5.845,5.845,5.845,100,2021-06-15 18:57:00,VRAY
5.8401,5.8401,5.8401,5.8401,1204,2021-06-15 18:58:00,VRAY
5.85,5.85,5.85,5.85,100,2021-06-15 18:59:00,VRAY
5.845,5.845,5.845,5.845,385,2021-06-15 19:01:00,VRAY
5.85,5.85,5.85,5.85,200,2021-06-15 19:02:00,VRAY
5.84,5.845,5.835,5.835,2256,2021-06-15 19:03:00,VRAY
5.835,5.835,5.82,5.825,2371,2021-06-15 19:04:00,VRAY
5.83,5.83,5.83,5.83,100,2021-06-15 19:07:00,VRAY
5.825,5.825,5.825,5.825,100,2021-06-15 19:08:00,VRAY
5.825,5.83,5.82,5.82,400,2021-06-15 19:11:00,VRAY
5.825,5.825,5.825,5.825,100,2021-06-15 19:12:00,VRAY
5.83,5.83,5.825,5.825,1388,2021-06-15 19:13:00,VRAY
5.825,5.828,5.82,5.825,595,2021-06-15 19:14:00,VRAY
5.825,5.825,5.825,5.825,136,2021-06-15 19:15:00,VRAY
5.825,5.83,5.825,5.83,200,2021-06-15 19:16:00,VRAY
5.825,5.825,5.825,5.825,200,2021-06-15 19:17:00,VRAY
5.83,5.83,5.825,5.825,200,2021-06-15 19:18:00,VRAY
5.825,5.825,5.825,5.825,600,2021-06-15 19:19:00,VRAY
5.83,5.83,5.83,5.83,200,2021-06-15 19:20:00,VRAY
5.82,5.82,5.82,5.82,100,2021-06-15 19:21:00,VRAY
5.825,5.825,5.805,5.805,9058,2021-06-15 19:23:00,VRAY
5.8,5.805,5.8,5.805,980,2021-06-15 19:24:00,VRAY
5.805,5.805,5.805,5.805,200,2021-06-15 19:25:00,VRAY
5.805,5.805,5.805,5.805,500,2021-06-15 19:26:00,VRAY
5.805,5.805,5.805,5.805,400,2021-06-15 19:27:00,VRAY
5.805,5.805,5.805,5.805,300,2021-06-15 19:28:00,VRAY
5.805,5.805,5.805,5.805,300,2021-06-15 19:29:00,VRAY
5.805,5.805,5.805,5.805,300,2021-06-15 19:30:00,VRAY
5.805,5.805,5.8,5.805,700,2021-06-15 19:31:00,VRAY
5.805,5.805,5.805,5.805,500,2021-06-15 19:32:00,VRAY
5.805,5.805,5.8,5.8,641,2021-06-15 19:33:00,VRAY
5.805,5.805,5.805,5.805,500,2021-06-15 19:34:00,VRAY
5.805,5.81,5.8,5.805,4013,2021-06-15 19:35:00,VRAY
5.805,5.805,5.805,5.805,400,2021-06-15 19:36:00,VRAY
5.805,5.805,5.795,5.795,6304,2021-06-15 19:37:00,VRAY
5.795,5.795,5.795,5.795,500,2021-06-15 19:38:00,VRAY
5.795,5.795,5.795,5.795,400,2021-06-15 19:39:00,VRAY
5.8,5.81,5.8,5.805,2600,2021-06-15 19:40:00,VRAY
5.805,5.805,5.805,5.805,400,2021-06-15 19:41:00,VRAY
5.805,5.805,5.805,5.805,200,2021-06-15 19:42:00,VRAY
5.81,5.81,5.81,5.81,100,2021-06-15 19:43:00,VRAY
5.81,5.81,5.8,5.805,1000,2021-06-15 19:44:00,VRAY
5.805,5.81,5.801,5.805,950,2021-06-15 19:45:00,VRAY
5.81,5.82,5.81,5.815,4071,2021-06-15 19:46:00,VRAY
5.82,5.82,5.82,5.82,900,2021-06-15 19:47:00,VRAY
5.82,5.82,5.815,5.815,800,2021-06-15 19:48:00,VRAY
5.82,5.83,5.82,5.825,2574,2021-06-15 19:49:00,VRAY
5.83,5.83,5.82,5.83,2600,2021-06-15 19:50:00,VRAY
5.83,5.83,5.82,5.83,3322,2021-06-15 19:51:00,VRAY
5.825,5.83,5.825,5.825,700,2021-06-15 19:52:00,VRAY
5.825,5.83,5.825,5.825,1100,2021-06-15 19:53:00,VRAY
5.82,5.83,5.82,5.83,2100,2021-06-15 19:54:00,VRAY
5.83,5.83,5.8225,5.825,3413,2021-06-15 19:55:00,VRAY
5.825,5.83,5.82,5.82,14749,2021-06-15 19:56:00,VRAY
5.83,5.83,5.825,5.83,1192,2021-06-15 19:57:00,VRAY
5.825,5.835,5.82,5.825,9766,2021-06-15 19:58:00,VRAY
5.83,5.84,5.82,5.82,18288,2021-06-15 19:59:00,VRAY
5.83,5.83,5.83,5.83,105592,2021-06-15 20:00:00,VRAY
5.83,5.83,5.83,5.83,1411,2021-06-15 20:01:00,VRAY
5.8,5.8,5.8,5.8,4432,2021-06-16 13:30:00,VRAY
5.76,5.8,5.76,5.8,2390,2021-06-16 13:32:00,VRAY
5.8,5.81,5.79,5.795,5778,2021-06-16 13:33:00,VRAY
5.785,5.785,5.78,5.78,200,2021-06-16 13:34:00,VRAY
5.78,5.78,5.77,5.77,600,2021-06-16 13:35:00,VRAY
5.78,5.785,5.76,5.76,1200,2021-06-16 13:36:00,VRAY
5.7491,5.7491,5.7491,5.7491,100,2021-06-16 13:38:00,VRAY
5.75,5.75,5.73,5.74,5826,2021-06-16 13:39:00,VRAY
5.76,5.77,5.755,5.77,500,2021-06-16 13:40:00,VRAY
5.77,5.78,5.77,5.78,750,2021-06-16 13:41:00,VRAY
5.78,5.78,5.78,5.78,1218,2021-06-16 13:42:00,VRAY
5.77,5.77,5.77,5.77,600,2021-06-16 13:44:00,VRAY
5.775,5.775,5.77,5.77,546,2021-06-16 13:45:00,VRAY
5.76,5.76,5.75,5.75,2144,2021-06-16 13:49:00,VRAY
5.75,5.76,5.75,5.76,1261,2021-06-16 13:50:00,VRAY
5.76,5.76,5.76,5.76,800,2021-06-16 13:51:00,VRAY
5.78,5.78,5.78,5.78,100,2021-06-16 13:52:00,VRAY
5.775,5.78,5.775,5.78,2000,2021-06-16 13:54:00,VRAY
5.77,5.775,5.77,5.77,1200,2021-06-16 13:55:00,VRAY
5.77,5.77,5.76,5.76,1100,2021-06-16 13:56:00,VRAY
5.76,5.76,5.76,5.76,400,2021-06-16 13:57:00,VRAY
5.76,5.76,5.76,5.76,200,2021-06-16 14:00:00,VRAY
5.75,5.755,5.745,5.755,4900,2021-06-16 14:02:00,VRAY
5.76,5.76,5.76,5.76,100,2021-06-16 14:03:00,VRAY
5.7584,5.76,5.7584,5.76,300,2021-06-16 14:05:00,VRAY
5.75,5.75,5.75,5.75,840,2021-06-16 14:07:00,VRAY
5.75,5.75,5.745,5.745,600,2021-06-16 14:08:00,VRAY
5.75,5.75,5.75,5.75,1007,2021-06-16 14:09:00,VRAY
5.75,5.755,5.745,5.745,1020,2021-06-16 14:10:00,VRAY
5.745,5.75,5.745,5.75,1203,2021-06-16 14:11:00,VRAY
5.75,5.75,5.75,5.75,400,2021-06-16 14:12:00,VRAY
5.76,5.805,5.76,5.8,4721,2021-06-16 14:14:00,VRAY
5.8,5.8,5.8,5.8,100,2021-06-16 14:15:00,VRAY
5.82,5.84,5.82,5.84,3688,2021-06-16 14:16:00,VRAY
5.84,5.84,5.84,5.84,200,2021-06-16 14:19:00,VRAY
5.839,5.839,5.839,5.839,1950,2021-06-16 14:20:00,VRAY
5.8319,5.8319,5.8319,5.8319,100,2021-06-16 14:21:00,VRAY
5.835,5.835,5.82,5.825,3700,2021-06-16 14:22:00,VRAY
5.82,5.82,5.81,5.81,1400,2021-06-16 14:24:00,VRAY
5.805,5.805,5.805,5.805,100,2021-06-16 14:25:00,VRAY
5.8,5.8017,5.8,5.8,700,2021-06-16 14:26:00,VRAY
5.8,5.8,5.8,5.8,200,2021-06-16 14:27:00,VRAY
5.8,5.8,5.8,5.8,900,2021-06-16 14:28:00,VRAY
5.8,5.8,5.8,5.8,100,2021-06-16 14:29:00,VRAY
5.8,5.8,5.8,5.8,200,2021-06-16 14:30:00,VRAY
5.8,5.805,5.8,5.8,600,2021-06-16 14:31:00,VRAY
5.8,5.8071,5.8,5.8071,200,2021-06-16 14:32:00,VRAY
5.8,5.8,5.8,5.8,100,2021-06-16 14:35:00,VRAY
5.8,5.8,5.78,5.78,2700,2021-06-16 14:36:00,VRAY
5.79,5.79,5.79,5.79,1500,2021-06-16 14:37:00,VRAY
5.795,5.795,5.795,5.795,100,2021-06-16 14:39:00,VRAY
5.795,5.795,5.795,5.795,300,2021-06-16 14:41:00,VRAY
5.8,5.8,5.8,5.8,1974,2021-06-16 14:42:00,VRAY
5.805,5.805,5.805,5.805,100,2021-06-16 14:47:00,VRAY
5.805,5.805,5.805,5.805,100,2021-06-16 14:48:00,VRAY
5.805,5.81,5.805,5.805,1820,2021-06-16 14:50:00,VRAY
5.805,5.805,5.805,5.805,100,2021-06-16 14:51:00,VRAY
5.805,5.805,5.805,5.805,300,2021-06-16 14:52:00,VRAY
5.8,5.8,5.8,5.8,100,2021-06-16 14:53:00,VRAY
5.8,5.8,5.8,5.8,100,2021-06-16 14:54:00,VRAY
5.8,5.8,5.8,5.8,100,2021-06-16 14:55:00,VRAY
5.805,5.808,5.805,5.805,600,2021-06-16 14:56:00,VRAY
5.805,5.805,5.805,5.805,100,2021-06-16 14:58:00,VRAY
5.81,5.81,5.805,5.805,400,2021-06-16 14:59:00,VRAY
5.81,5.825,5.81,5.825,4404,2021-06-16 15:00:00,VRAY
5.83,5.83,5.83,5.83,100,2021-06-16 15:02:00,VRAY
5.825,5.825,5.825,5.825,150,2021-06-16 15:03:00,VRAY
5.83,5.83,5.83,5.83,100,2021-06-16 15:05:00,VRAY
5.825,5.825,5.82,5.82,309,2021-06-16 15:06:00,VRAY
5.825,5.825,5.825,5.825,100,2021-06-16 15:08:00,VRAY
5.8265,5.8265,5.825,5.825,533,2021-06-16 15:10:00,VRAY
5.83,5.83,5.825,5.825,1900,2021-06-16 15:13:00,VRAY
5.825,5.825,5.825,5.825,100,2021-06-16 15:14:00,VRAY
5.825,5.83,5.825,5.83,2434,2021-06-16 15:15:00,VRAY
5.835,5.835,5.835,5.835,200,2021-06-16 15:19:00,VRAY
5.84,5.84,5.835,5.835,320,2021-06-16 15:21:00,VRAY
5.835,5.84,5.835,5.84,600,2021-06-16 15:22:00,VRAY
5.83,5.83,5.83,5.83,100,2021-06-16 15:23:00,VRAY
5.835,5.835,5.835,5.835,100,2021-06-16 15:24:00,VRAY
5.835,5.835,5.835,5.835,100,2021-06-16 15:26:00,VRAY
5.835,5.835,5.835,5.835,100,2021-06-16 15:27:00,VRAY
5.84,5.84,5.84,5.84,200,2021-06-16 15:28:00,VRAY
5.835,5.835,5.835,5.835,300,2021-06-16 15:31:00,VRAY
5.83,5.835,5.83,5.83,400,2021-06-16 15:32:00,VRAY
5.835,5.84,5.835,5.84,700,2021-06-16 15:35:00,VRAY
5.835,5.835,5.835,5.835,300,2021-06-16 15:36:00,VRAY
5.831,5.835,5.831,5.835,216,2021-06-16 15:37:00,VRAY
5.835,5.835,5.83,5.835,2530,2021-06-16 15:38:00,VRAY
5.83,5.83,5.83,5.83,100,2021-06-16 15:39:00,VRAY
5.83,5.84,5.83,5.835,4292,2021-06-16 15:40:00,VRAY
5.8325,5.835,5.8325,5.835,400,2021-06-16 15:41:00,VRAY
5.83,5.835,5.83,5.835,318,2021-06-16 15:42:00,VRAY
5.835,5.835,5.835,5.835,100,2021-06-16 15:43:00,VRAY
5.83,5.83,5.83,5.83,100,2021-06-16 15:44:00,VRAY
5.83,5.835,5.83,5.835,2200,2021-06-16 15:45:00,VRAY
5.83,5.83,5.83,5.83,700,2021-06-16 15:46:00,VRAY
5.83,5.835,5.83,5.835,4217,2021-06-16 15:49:00,VRAY
5.835,5.835,5.83,5.83,1500,2021-06-16 15:50:00,VRAY
5.83,5.835,5.83,5.83,2200,2021-06-16 15:51:00,VRAY
5.835,5.835,5.835,5.835,100,2021-06-16 15:52:00,VRAY
5.83,5.83,5.82,5.825,7707,2021-06-16 15:53:00,VRAY
5.825,5.83,5.825,5.83,2100,2021-06-16 15:54:00,VRAY
5.825,5.825,5.82,5.82,600,2021-06-16 15:55:00,VRAY
5.82,5.82,5.81,5.81,2630,2021-06-16 15:57:00,VRAY
5.81,5.81,5.8,5.805,2600,2021-06-16 15:58:00,VRAY
5.805,5.805,5.805,5.805,300,2021-06-16 15:59:00,VRAY
5.81,5.82,5.8,5.8125,9429,2021-06-16 16:00:00,VRAY
5.81,5.815,5.81,5.815,200,2021-06-16 16:01:00,VRAY
5.815,5.82,5.815,5.815,300,2021-06-16 16:06:00,VRAY
5.815,5.815,5.815,5.815,825,2021-06-16 16:07:00,VRAY
5.8101,5.815,5.8101,5.815,300,2021-06-16 16:08:00,VRAY
5.82,5.82,5.81,5.81,300,2021-06-16 16:10:00,VRAY
5.815,5.815,5.815,5.815,200,2021-06-16 16:11:00,VRAY
5.81,5.81,5.805,5.805,1600,2021-06-16 16:12:00,VRAY
5.8,5.8,5.79,5.79,3800,2021-06-16 16:13:00,VRAY
5.79,5.79,5.78,5.78,2800,2021-06-16 16:15:00,VRAY
5.78,5.78,5.78,5.78,100,2021-06-16 16:19:00,VRAY
5.78,5.785,5.78,5.785,400,2021-06-16 16:20:00,VRAY
5.78,5.78,5.78,5.78,200,2021-06-16 16:21:00,VRAY
5.78,5.785,5.78,5.78,400,2021-06-16 16:22:00,VRAY
5.78,5.78,5.77,5.77,6024,2021-06-16 16:23:00,VRAY
5.77,5.77,5.77,5.77,300,2021-06-16 16:24:00,VRAY
5.77,5.77,5.76,5.76,1800,2021-06-16 16:25:00,VRAY
5.76,5.76,5.76,5.76,100,2021-06-16 16:26:00,VRAY
5.76,5.76,5.76,5.76,100,2021-06-16 16:27:00,VRAY
5.76,5.76,5.76,5.76,300,2021-06-16 16:29:00,VRAY
5.76,5.76,5.76,5.76,200,2021-06-16 16:30:00,VRAY
5.76,5.76,5.76,5.76,200,2021-06-16 16:31:00,VRAY
5.76,5.76,5.76,5.76,100,2021-06-16 16:32:00,VRAY
5.7668,5.7668,5.7668,5.7668,303,2021-06-16 16:34:00,VRAY
5.76,5.76,5.75,5.75,1689,2021-06-16 16:36:00,VRAY
5.75,5.75,5.75,5.75,728,2021-06-16 16:37:00,VRAY
5.75,5.75,5.74,5.75,6349,2021-06-16 16:38:00,VRAY
5.74,5.755,5.74,5.755,4632,2021-06-16 16:39:00,VRAY
5.75,5.75,5.75,5.75,37600,2021-06-16 16:40:00,VRAY
5.76,5.78,5.76,5.78,4013,2021-06-16 16:41:00,VRAY
5.78,5.78,5.77,5.775,2200,2021-06-16 16:42:00,VRAY
5.775,5.775,5.76,5.76,5200,2021-06-16 16:43:00,VRAY
5.76,5.76,5.75,5.75,5699,2021-06-16 16:44:00,VRAY
5.75,5.75,5.75,5.75,100,2021-06-16 16:48:00,VRAY
5.75,5.75,5.75,5.75,200,2021-06-16 16:49:00,VRAY
5.75,5.75,5.75,5.75,400,2021-06-16 16:50:00,VRAY
5.75,5.75,5.75,5.75,100,2021-06-16 16:52:00,VRAY
5.75,5.75,5.75,5.75,3521,2021-06-16 16:53:00,VRAY
5.75,5.75,5.75,5.75,100,2021-06-16 16:54:00,VRAY
5.759,5.759,5.75,5.75,7597,2021-06-16 16:55:00,VRAY
5.755,5.76,5.75,5.75,1923,2021-06-16 16:56:00,VRAY
5.75,5.75,5.75,5.75,400,2021-06-16 16:58:00,VRAY
5.75,5.75,5.75,5.75,800,2021-06-16 16:59:00,VRAY
5.75,5.7505,5.75,5.75,400,2021-06-16 17:00:00,VRAY
5.75,5.75,5.75,5.75,200,2021-06-16 17:01:00,VRAY
5.75,5.75,5.75,5.75,100,2021-06-16 17:02:00,VRAY
5.75,5.75,5.74,5.74,1200,2021-06-16 17:03:00,VRAY
5.74,5.74,5.73,5.73,2100,2021-06-16 17:04:00,VRAY
5.73,5.73,5.73,5.73,500,2021-06-16 17:05:00,VRAY
5.73,5.73,5.73,5.73,100,2021-06-16 17:06:00,VRAY
5.73,5.73,5.73,5.73,100,2021-06-16 17:07:00,VRAY
5.73,5.73,5.73,5.73,200,2021-06-16 17:08:00,VRAY
5.73,5.73,5.73,5.73,100,2021-06-16 17:09:00,VRAY
5.73,5.73,5.73,5.73,100,2021-06-16 17:10:00,VRAY
5.73,5.73,5.73,5.73,100,2021-06-16 17:11:00,VRAY
5.73,5.73,5.73,5.73,400,2021-06-16 17:12:00,VRAY
5.73,5.74,5.73,5.74,4456,2021-06-16 17:13:00,VRAY
5.745,5.75,5.745,5.745,454,2021-06-16 17:14:00,VRAY
5.74,5.74,5.74,5.74,300,2021-06-16 17:16:00,VRAY
5.74,5.74,5.74,5.74,100,2021-06-16 17:17:00,VRAY
5.74,5.74,5.73,5.73,800,2021-06-16 17:21:00,VRAY
5.73,5.73,5.72,5.72,3964,2021-06-16 17:25:00,VRAY
5.72,5.72,5.72,5.72,100,2021-06-16 17:28:00,VRAY
5.72,5.72,5.72,5.72,300,2021-06-16 17:29:00,VRAY
5.72,5.73,5.72,5.73,2068,2021-06-16 17:30:00,VRAY
5.73,5.735,5.73,5.735,3098,2021-06-16 17:31:00,VRAY
5.739,5.739,5.73,5.735,1925,2021-06-16 17:32:00,VRAY
5.735,5.735,5.735,5.735,100,2021-06-16 17:34:00,VRAY
5.735,5.735,5.735,5.735,100,2021-06-16 17:37:00,VRAY
5.735,5.74,5.735,5.74,3378,2021-06-16 17:41:00,VRAY
5.74,5.75,5.74,5.75,500,2021-06-16 17:44:00,VRAY
5.74,5.74,5.74,5.74,200,2021-06-16 17:50:00,VRAY
5.75,5.76,5.745,5.755,5700,2021-06-16 17:51:00,VRAY
5.75,5.76,5.75,5.75,5094,2021-06-16 17:52:00,VRAY
5.75,5.75,5.75,5.75,1800,2021-06-16 17:53:00,VRAY
5.76,5.76,5.75,5.76,1800,2021-06-16 17:54:00,VRAY
5.76,5.76,5.76,5.76,1200,2021-06-16 17:55:00,VRAY
5.76,5.76,5.76,5.76,1218,2021-06-16 17:56:00,VRAY
5.75,5.75,5.75,5.75,200,2021-06-16 17:57:00,VRAY
5.75,5.75,5.71,5.72,5851,2021-06-16 18:00:00,VRAY
5.705,5.705,5.705,5.705,100,2021-06-16 18:01:00,VRAY
5.705,5.71,5.7,5.71,3168,2021-06-16 18:02:00,VRAY
5.72,5.72,5.72,5.72,800,2021-06-16 18:04:00,VRAY
5.73,5.74,5.72,5.74,5300,2021-06-16 18:06:00,VRAY
5.74,5.75,5.73,5.73,1801,2021-06-16 18:07:00,VRAY
5.745,5.745,5.745,5.745,100,2021-06-16 18:10:00,VRAY
5.745,5.745,5.74,5.745,400,2021-06-16 18:11:00,VRAY
5.74,5.74,5.73,5.73,1600,2021-06-16 18:12:00,VRAY
5.72,5.72,5.715,5.715,1100,2021-06-16 18:15:00,VRAY
5.71,5.72,5.71,5.71,2095,2021-06-16 18:16:00,VRAY
5.7,5.7,5.695,5.695,1799,2021-06-16 18:18:00,VRAY
5.69,5.69,5.69,5.69,100,2021-06-16 18:19:00,VRAY
5.6971,5.7,5.695,5.695,1069,2021-06-16 18:20:00,VRAY
5.7,5.71,5.7,5.71,2749,2021-06-16 18:21:00,VRAY
5.71,5.72,5.71,5.72,4000,2021-06-16 18:23:00,VRAY
5.73,5.73,5.73,5.73,1000,2021-06-16 18:25:00,VRAY
5.745,5.76,5.745,5.76,5224,2021-06-16 18:27:00,VRAY
5.755,5.755,5.755,5.755,100,2021-06-16 18:28:00,VRAY
5.76,5.76,5.76,5.76,1200,2021-06-16 18:29:00,VRAY
5.76,5.765,5.755,5.755,800,2021-06-16 18:30:00,VRAY
5.76,5.77,5.76,5.77,2300,2021-06-16 18:31:00,VRAY
5.775,5.78,5.77,5.77,2100,2021-06-16 18:32:00,VRAY
5.79,5.79,5.785,5.785,1000,2021-06-16 18:33:00,VRAY
5.79,5.795,5.79,5.79,900,2021-06-16 18:34:00,VRAY
5.79,5.79,5.78,5.78,900,2021-06-16 18:35:00,VRAY
5.78,5.78,5.765,5.765,2200,2021-06-16 18:36:00,VRAY
5.77,5.775,5.77,5.775,2210,2021-06-16 18:37:00,VRAY
5.77,5.78,5.77,5.78,1160,2021-06-16 18:38:00,VRAY
5.77,5.78,5.76,5.76,770,2021-06-16 18:39:00,VRAY
5.76,5.76,5.755,5.755,400,2021-06-16 18:40:00,VRAY
5.76,5.76,5.76,5.76,1100,2021-06-16 18:41:00,VRAY
5.76,5.76,5.76,5.76,100,2021-06-16 18:42:00,VRAY
5.75,5.75,5.74,5.74,1200,2021-06-16 18:43:00,VRAY
5.73,5.73,5.73,5.73,200,2021-06-16 18:44:00,VRAY
5.725,5.735,5.725,5.735,1843,2021-06-16 18:46:00,VRAY
5.735,5.74,5.735,5.74,1416,2021-06-16 18:47:00,VRAY
5.74,5.74,5.74,5.74,2200,2021-06-16 18:48:00,VRAY
5.73,5.73,5.72,5.725,3665,2021-06-16 18:49:00,VRAY
5.725,5.74,5.725,5.74,2177,2021-06-16 18:50:00,VRAY
5.74,5.74,5.74,5.74,400,2021-06-16 18:51:00,VRAY
5.74,5.745,5.74,5.74,767,2021-06-16 18:52:00,VRAY
5.74,5.74,5.74,5.74,300,2021-06-16 18:53:00,VRAY
5.74,5.75,5.74,5.745,700,2021-06-16 18:54:00,VRAY
5.75,5.75,5.745,5.745,300,2021-06-16 18:55:00,VRAY
5.75,5.75,5.75,5.75,100,2021-06-16 18:56:00,VRAY
5.745,5.745,5.745,5.745,1000,2021-06-16 18:57:00,VRAY
5.75,5.76,5.75,5.76,1800,2021-06-16 18:58:00,VRAY
5.76,5.76,5.755,5.755,200,2021-06-16 18:59:00,VRAY
5.755,5.755,5.755,5.755,200,2021-06-16 19:00:00,VRAY
5.76,5.76,5.76,5.76,100,2021-06-16 19:01:00,VRAY
5.75,5.75,5.75,5.75,800,2021-06-16 19:02:00,VRAY
5.75,5.76,5.75,5.755,300,2021-06-16 19:03:00,VRAY
5.76,5.76,5.76,5.76,100,2021-06-16 19:04:00,VRAY
5.755,5.755,5.755,5.755,100,2021-06-16 19:05:00,VRAY
5.76,5.76,5.755,5.76,400,2021-06-16 19:06:00,VRAY
5.755,5.775,5.755,5.77,7490,2021-06-16 19:07:00,VRAY
5.775,5.775,5.775,5.775,100,2021-06-16 19:08:00,VRAY
5.78,5.78,5.775,5.78,1518,2021-06-16 19:09:00,VRAY
5.78,5.78,5.78,5.78,1154,2021-06-16 19:10:00,VRAY
5.78,5.78,5.78,5.78,100,2021-06-16 19:11:00,VRAY
5.78,5.79,5.78,5.79,700,2021-06-16 19:12:00,VRAY
5.79,5.79,5.79,5.79,400,2021-06-16 19:14:00,VRAY
5.79,5.79,5.79,5.79,900,2021-06-16 19:15:00,VRAY
5.785,5.785,5.785,5.785,100,2021-06-16 19:16:00,VRAY
5.78,5.79,5.78,5.78,1000,2021-06-16 19:18:00,VRAY
5.79,5.79,5.785,5.785,520,2021-06-16 19:19:00,VRAY
5.79,5.79,5.79,5.79,1900,2021-06-16 19:20:00,VRAY
5.8,5.8,5.8,5.8,200,2021-06-16 19:21:00,VRAY
5.795,5.8,5.795,5.795,400,2021-06-16 19:23:00,VRAY
5.8,5.81,5.8,5.81,3749,2021-06-16 19:24:00,VRAY
5.81,5.81,5.81,5.81,200,2021-06-16 19:25:00,VRAY
5.81,5.815,5.81,5.815,3708,2021-06-16 19:26:00,VRAY
5.81,5.815,5.81,5.815,2191,2021-06-16 19:27:00,VRAY
5.805,5.81,5.79,5.79,3412,2021-06-16 19:28:00,VRAY
5.79,5.79,5.79,5.79,400,2021-06-16 19:29:00,VRAY
5.8,5.8,5.79,5.8,1800,2021-06-16 19:30:00,VRAY
5.79,5.79,5.79,5.79,2400,2021-06-16 19:31:00,VRAY
5.785,5.785,5.78,5.78,300,2021-06-16 19:32:00,VRAY
5.785,5.785,5.785,5.785,200,2021-06-16 19:33:00,VRAY
5.78,5.79,5.78,5.78,735,2021-06-16 19:35:00,VRAY
5.785,5.785,5.785,5.785,200,2021-06-16 19:36:00,VRAY
5.78,5.785,5.78,5.785,579,2021-06-16 19:37:00,VRAY
5.79,5.79,5.785,5.785,500,2021-06-16 19:38:00,VRAY
5.785,5.79,5.785,5.79,2300,2021-06-16 19:39:00,VRAY
5.79,5.8,5.79,5.8,4889,2021-06-16 19:40:00,VRAY
5.8,5.815,5.8,5.815,1400,2021-06-16 19:41:00,VRAY
5.81,5.815,5.81,5.81,1867,2021-06-16 19:42:00,VRAY
5.8,5.81,5.8,5.81,700,2021-06-16 19:43:00,VRAY
5.8,5.805,5.8,5.805,200,2021-06-16 19:44:00,VRAY
5.802,5.805,5.8,5.805,2400,2021-06-16 19:45:00,VRAY
5.805,5.81,5.805,5.81,780,2021-06-16 19:46:00,VRAY
5.8,5.8,5.8,5.8,300,2021-06-16 19:47:00,VRAY
5.805,5.81,5.8,5.805,1300,2021-06-16 19:48:00,VRAY
5.81,5.81,5.801,5.81,400,2021-06-16 19:49:00,VRAY
5.81,5.85,5.8,5.8295,22431,2021-06-16 19:50:00,VRAY
5.83,5.83,5.825,5.83,400,2021-06-16 19:51:00,VRAY
5.82,5.83,5.82,5.83,2332,2021-06-16 19:52:00,VRAY
5.83,5.83,5.821,5.83,3845,2021-06-16 19:53:00,VRAY
5.83,5.84,5.821,5.83,8031,2021-06-16 19:54:00,VRAY
5.84,5.84,5.835,5.84,2200,2021-06-16 19:55:00,VRAY
5.84,5.84,5.83,5.8325,12163,2021-06-16 19:56:00,VRAY
5.84,5.84,5.83,5.84,5129,2021-06-16 19:57:00,VRAY
5.84,5.84,5.83,5.835,6123,2021-06-16 19:58:00,VRAY
5.84,5.84,5.83,5.8399,9775,2021-06-16 19:59:00,VRAY
5.84,5.84,5.84,5.84,188338,2021-06-16 20:00:00,VRAY
5.84,5.84,5.84,5.84,3432,2021-06-16 20:01:00,VRAY
5.96,5.96,5.96,5.96,222,2021-06-16 23:24:00,VRAY
5.83,5.92,5.83,5.83,10920,2021-06-17 13:30:00,VRAY
5.87,5.88,5.83,5.83,1530,2021-06-17 13:31:00,VRAY
5.88,5.89,5.88,5.89,300,2021-06-17 13:32:00,VRAY
5.89,5.91,5.89,5.91,500,2021-06-17 13:33:00,VRAY
5.9,5.9,5.87,5.87,2300,2021-06-17 13:34:00,VRAY
5.87,5.87,5.86,5.86,1400,2021-06-17 13:35:00,VRAY
5.86,5.87,5.86,5.86,907,2021-06-17 13:36:00,VRAY
5.85,5.86,5.85,5.86,2668,2021-06-17 13:37:00,VRAY
5.86,5.87,5.86,5.87,803,2021-06-17 13:38:00,VRAY
5.84,5.84,5.81,5.81,841,2021-06-17 13:39:00,VRAY
5.82,5.82,5.8,5.82,4281,2021-06-17 13:40:00,VRAY
5.81,5.81,5.8,5.8,1645,2021-06-17 13:41:00,VRAY
5.79,5.79,5.75,5.765,2103,2021-06-17 13:42:00,VRAY
5.78,5.78,5.77,5.77,600,2021-06-17 13:43:00,VRAY
5.77,5.77,5.77,5.77,200,2021-06-17 13:44:00,VRAY
5.77,5.78,5.77,5.78,1200,2021-06-17 13:45:00,VRAY
5.78,5.79,5.78,5.79,800,2021-06-17 13:46:00,VRAY
5.79,5.79,5.79,5.79,100,2021-06-17 13:47:00,VRAY
5.79,5.8217,5.79,5.8217,977,2021-06-17 13:48:00,VRAY
5.82,5.82,5.81,5.82,1700,2021-06-17 13:49:00,VRAY
5.82,5.82,5.82,5.82,100,2021-06-17 13:50:00,VRAY
5.83,5.84,5.83,5.8389,1860,2021-06-17 13:51:00,VRAY
5.83,5.83,5.83,5.83,364,2021-06-17 13:52:00,VRAY
5.83,5.83,5.83,5.83,500,2021-06-17 13:54:00,VRAY
5.83,5.83,5.83,5.83,500,2021-06-17 13:55:00,VRAY
5.84,5.84,5.84,5.84,400,2021-06-17 13:57:00,VRAY
5.86,5.86,5.84,5.84,4300,2021-06-17 13:59:00,VRAY
5.835,5.835,5.835,5.835,100,2021-06-17 14:00:00,VRAY
5.83,5.83,5.81,5.81,1000,2021-06-17 14:01:00,VRAY
5.815,5.815,5.815,5.815,1196,2021-06-17 14:02:00,VRAY
5.82,5.82,5.82,5.82,500,2021-06-17 14:03:00,VRAY
5.815,5.815,5.815,5.815,503,2021-06-17 14:04:00,VRAY
5.82,5.82,5.815,5.815,700,2021-06-17 14:05:00,VRAY
5.82,5.825,5.8,5.8,3329,2021-06-17 14:06:00,VRAY
5.79,5.79,5.79,5.79,300,2021-06-17 14:07:00,VRAY
5.79,5.79,5.79,5.79,300,2021-06-17 14:08:00,VRAY
5.79,5.79,5.77,5.77,2381,2021-06-17 14:09:00,VRAY
5.77,5.77,5.77,5.77,1050,2021-06-17 14:13:00,VRAY
5.775,5.775,5.76,5.765,1000,2021-06-17 14:14:00,VRAY
5.765,5.78,5.765,5.78,2176,2021-06-17 14:18:00,VRAY
5.78,5.78,5.7795,5.7795,300,2021-06-17 14:19:00,VRAY
5.77,5.77,5.75,5.75,3442,2021-06-17 14:20:00,VRAY
5.755,5.755,5.75,5.75,200,2021-06-17 14:21:00,VRAY
5.76,5.76,5.76,5.76,1000,2021-06-17 14:26:00,VRAY
5.765,5.765,5.765,5.765,100,2021-06-17 14:27:00,VRAY
5.765,5.765,5.765,5.765,100,2021-06-17 14:29:00,VRAY
5.77,5.77,5.7666,5.7666,900,2021-06-17 14:30:00,VRAY
5.763,5.763,5.74,5.74,4810,2021-06-17 14:31:00,VRAY
5.73,5.74,5.73,5.74,500,2021-06-17 14:32:00,VRAY
5.7375,5.74,5.7375,5.74,2315,2021-06-17 14:33:00,VRAY
5.75,5.75,5.75,5.75,700,2021-06-17 14:35:00,VRAY
5.76,5.76,5.755,5.76,800,2021-06-17 14:36:00,VRAY
5.765,5.765,5.765,5.765,100,2021-06-17 14:38:00,VRAY
5.7699,5.77,5.7699,5.77,300,2021-06-17 14:42:00,VRAY
5.775,5.78,5.775,5.775,1700,2021-06-17 14:43:00,VRAY
5.78,5.79,5.77,5.77,2988,2021-06-17 14:47:00,VRAY
5.775,5.775,5.775,5.775,100,2021-06-17 14:48:00,VRAY
5.78,5.78,5.78,5.78,100,2021-06-17 14:49:00,VRAY
5.7799,5.7799,5.7799,5.7799,500,2021-06-17 14:50:00,VRAY
5.775,5.775,5.775,5.775,100,2021-06-17 14:53:00,VRAY
5.77,5.77,5.76,5.765,2050,2021-06-17 14:54:00,VRAY
5.765,5.765,5.765,5.765,100,2021-06-17 14:55:00,VRAY
5.765,5.765,5.765,5.765,100,2021-06-17 14:56:00,VRAY
5.765,5.78,5.765,5.78,1800,2021-06-17 14:57:00,VRAY
5.78,5.78,5.78,5.78,354,2021-06-17 14:58:00,VRAY
5.78,5.78,5.78,5.78,1020,2021-06-17 15:00:00,VRAY
5.78,5.78,5.78,5.78,810,2021-06-17 15:01:00,VRAY
5.775,5.775,5.775,5.775,100,2021-06-17 15:02:00,VRAY
5.775,5.775,5.775,5.775,120,2021-06-17 15:04:00,VRAY
5.78,5.78,5.78,5.78,200,2021-06-17 15:07:00,VRAY
5.78,5.79,5.78,5.79,1702,2021-06-17 15:09:00,VRAY
5.785,5.785,5.785,5.785,400,2021-06-17 15:10:00,VRAY
5.7835,5.7835,5.7835,5.7835,200,2021-06-17 15:11:00,VRAY
5.78,5.78,5.78,5.78,619,2021-06-17 15:12:00,VRAY
5.77,5.78,5.77,5.78,500,2021-06-17 15:13:00,VRAY
5.77,5.775,5.77,5.775,200,2021-06-17 15:14:00,VRAY
5.775,5.775,5.775,5.775,101,2021-06-17 15:17:00,VRAY
5.7701,5.7701,5.7701,5.7701,400,2021-06-17 15:18:00,VRAY
5.775,5.775,5.775,5.775,100,2021-06-17 15:19:00,VRAY
5.77,5.77,5.77,5.77,100,2021-06-17 15:21:00,VRAY
5.78,5.78,5.78,5.78,1361,2021-06-17 15:22:00,VRAY
5.78,5.78,5.77,5.77,1544,2021-06-17 15:23:00,VRAY
5.765,5.765,5.765,5.765,100,2021-06-17 15:24:00,VRAY
5.77,5.77,5.77,5.77,300,2021-06-17 15:25:00,VRAY
5.769,5.77,5.769,5.77,1450,2021-06-17 15:26:00,VRAY
5.78,5.78,5.77,5.77,300,2021-06-17 15:27:00,VRAY
5.77,5.77,5.77,5.77,100,2021-06-17 15:28:00,VRAY
5.77,5.77,5.765,5.765,400,2021-06-17 15:29:00,VRAY
5.765,5.765,5.765,5.765,100,2021-06-17 15:31:00,VRAY
5.77,5.77,5.765,5.765,1000,2021-06-17 15:33:00,VRAY
5.77,5.77,5.765,5.765,500,2021-06-17 15:35:00,VRAY
5.762,5.762,5.762,5.762,100,2021-06-17 15:36:00,VRAY
5.765,5.765,5.765,5.765,400,2021-06-17 15:37:00,VRAY
5.763,5.77,5.763,5.77,300,2021-06-17 15:38:00,VRAY
5.77,5.78,5.77,5.78,1000,2021-06-17 15:40:00,VRAY
5.78,5.79,5.78,5.79,1100,2021-06-17 15:41:00,VRAY
5.785,5.785,5.785,5.785,175,2021-06-17 15:44:00,VRAY
5.79,5.79,5.79,5.79,100,2021-06-17 15:49:00,VRAY
5.78,5.78,5.77,5.77,9361,2021-06-17 15:51:00,VRAY
5.765,5.765,5.76,5.76,500,2021-06-17 15:52:00,VRAY
5.76,5.76,5.76,5.76,876,2021-06-17 15:53:00,VRAY
5.75,5.75,5.74,5.74,1500,2021-06-17 15:54:00,VRAY
5.73,5.73,5.73,5.73,1300,2021-06-17 15:55:00,VRAY
5.73,5.73,5.72,5.72,700,2021-06-17 15:56:00,VRAY
5.71,5.71,5.71,5.71,200,2021-06-17 15:57:00,VRAY
5.7001,5.705,5.7001,5.705,2100,2021-06-17 15:58:00,VRAY
5.7,5.7,5.672,5.68,6640,2021-06-17 15:59:00,VRAY
5.68,5.68,5.67,5.67,1572,2021-06-17 16:00:00,VRAY
5.69,5.695,5.69,5.695,1184,2021-06-17 16:02:00,VRAY
5.7,5.7,5.7,5.7,100,2021-06-17 16:03:00,VRAY
5.69,5.69,5.69,5.69,518,2021-06-17 16:04:00,VRAY
5.68,5.68,5.675,5.675,300,2021-06-17 16:06:00,VRAY
5.675,5.675,5.675,5.675,100,2021-06-17 16:07:00,VRAY
5.675,5.675,5.675,5.675,100,2021-06-17 16:11:00,VRAY
5.675,5.675,5.675,5.675,100,2021-06-17 16:12:00,VRAY
5.68,5.68,5.68,5.68,795,2021-06-17 16:14:00,VRAY
5.67,5.67,5.655,5.66,1225,2021-06-17 16:15:00,VRAY
5.655,5.655,5.655,5.655,100,2021-06-17 16:17:00,VRAY
5.65,5.65,5.63,5.63,5875,2021-06-17 16:18:00,VRAY
5.635,5.635,5.62,5.635,2500,2021-06-17 16:19:00,VRAY
5.63,5.63,5.625,5.625,900,2021-06-17 16:20:00,VRAY
5.625,5.625,5.625,5.625,200,2021-06-17 16:21:00,VRAY
5.6299,5.64,5.6299,5.63,1166,2021-06-17 16:22:00,VRAY
5.6381,5.6381,5.63,5.63,400,2021-06-17 16:23:00,VRAY
5.63,5.63,5.63,5.63,980,2021-06-17 16:24:00,VRAY
5.62,5.625,5.61,5.625,4667,2021-06-17 16:25:00,VRAY
5.62,5.62,5.62,5.62,434,2021-06-17 16:26:00,VRAY
5.6139,5.6139,5.6139,5.6139,945,2021-06-17 16:27:00,VRAY
5.61,5.61,5.6,5.6,12433,2021-06-17 16:28:00,VRAY
5.59,5.59,5.5871,5.5871,1100,2021-06-17 16:30:00,VRAY
5.585,5.585,5.585,5.585,2000,2021-06-17 16:31:00,VRAY
5.59,5.61,5.59,5.61,2578,2021-06-17 16:32:00,VRAY
5.62,5.625,5.62,5.625,300,2021-06-17 16:34:00,VRAY
5.63,5.63,5.63,5.63,100,2021-06-17 16:35:00,VRAY
5.625,5.63,5.625,5.63,500,2021-06-17 16:37:00,VRAY
5.635,5.64,5.635,5.64,514,2021-06-17 16:39:00,VRAY
5.64,5.64,5.64,5.64,100,2021-06-17 16:40:00,VRAY
5.64,5.64,5.635,5.635,600,2021-06-17 16:42:00,VRAY
5.63,5.63,5.63,5.63,1106,2021-06-17 16:44:00,VRAY
5.63,5.63,5.63,5.63,200,2021-06-17 16:45:00,VRAY
5.63,5.64,5.63,5.635,900,2021-06-17 16:48:00,VRAY
5.635,5.635,5.635,5.635,200,2021-06-17 16:49:00,VRAY
5.64,5.64,5.64,5.64,600,2021-06-17 16:50:00,VRAY
5.65,5.65,5.65,5.65,300,2021-06-17 16:53:00,VRAY
5.655,5.655,5.655,5.655,100,2021-06-17 16:55:00,VRAY
5.658,5.658,5.655,5.655,200,2021-06-17 16:56:00,VRAY
5.655,5.655,5.655,5.655,100,2021-06-17 16:57:00,VRAY
5.66,5.67,5.66,5.67,2100,2021-06-17 17:02:00,VRAY
5.67,5.67,5.66,5.66,1949,2021-06-17 17:03:00,VRAY
5.66,5.665,5.66,5.665,400,2021-06-17 17:04:00,VRAY
5.66,5.67,5.66,5.67,800,2021-06-17 17:06:00,VRAY
5.67,5.69,5.67,5.69,1882,2021-06-17 17:08:00,VRAY
5.6901,5.695,5.6901,5.695,1100,2021-06-17 17:09:00,VRAY
5.69,5.69,5.68,5.69,1410,2021-06-17 17:11:00,VRAY
5.69,5.69,5.69,5.69,100,2021-06-17 17:13:00,VRAY
5.68,5.68,5.68,5.68,1600,2021-06-17 17:14:00,VRAY
5.68,5.68,5.665,5.665,1750,2021-06-17 17:15:00,VRAY
5.67,5.67,5.67,5.67,1500,2021-06-17 17:16:00,VRAY
5.68,5.68,5.68,5.68,1200,2021-06-17 17:18:00,VRAY
5.68,5.68,5.68,5.68,300,2021-06-17 17:21:00,VRAY
5.68,5.68,5.68,5.68,1412,2021-06-17 17:23:00,VRAY
5.68,5.68,5.68,5.68,1766,2021-06-17 17:24:00,VRAY
5.68,5.68,5.68,5.68,396,2021-06-17 17:25:00,VRAY
5.68,5.69,5.68,5.69,400,2021-06-17 17:26:00,VRAY
5.68,5.68,5.68,5.68,1090,2021-06-17 17:29:00,VRAY
5.68,5.68,5.675,5.675,600,2021-06-17 17:31:00,VRAY
5.68,5.7,5.68,5.7,800,2021-06-17 17:33:00,VRAY
5.69,5.69,5.69,5.69,1200,2021-06-17 17:35:00,VRAY
5.68,5.685,5.68,5.685,300,2021-06-17 17:38:00,VRAY
5.69,5.69,5.69,5.69,145,2021-06-17 17:43:00,VRAY
5.69,5.7,5.69,5.695,1607,2021-06-17 17:45:00,VRAY
5.69,5.69,5.69,5.69,500,2021-06-17 17:46:00,VRAY
5.69,5.69,5.69,5.69,100,2021-06-17 17:47:00,VRAY
5.695,5.695,5.695,5.695,651,2021-06-17 17:48:00,VRAY
5.69,5.69,5.69,5.69,100,2021-06-17 17:49:00,VRAY
5.69,5.695,5.69,5.695,277,2021-06-17 17:50:00,VRAY
5.69,5.69,5.69,5.69,200,2021-06-17 17:53:00,VRAY
5.69,5.69,5.685,5.685,972,2021-06-17 17:54:00,VRAY
5.685,5.685,5.685,5.685,100,2021-06-17 17:55:00,VRAY
5.68,5.68,5.68,5.68,300,2021-06-17 17:57:00,VRAY
5.68,5.68,5.68,5.68,100,2021-06-17 17:58:00,VRAY
5.6806,5.6866,5.6806,5.6866,900,2021-06-17 17:59:00,VRAY
5.685,5.71,5.68,5.71,4239,2021-06-17 18:01:00,VRAY
5.705,5.72,5.705,5.71,5971,2021-06-17 18:02:00,VRAY
5.72,5.72,5.71,5.71,1562,2021-06-17 18:05:00,VRAY
5.7,5.71,5.7,5.71,1631,2021-06-17 18:06:00,VRAY
5.7116,5.7116,5.7,5.7,1219,2021-06-17 18:07:00,VRAY
5.705,5.705,5.705,5.705,100,2021-06-17 18:08:00,VRAY
5.71,5.71,5.7001,5.7001,978,2021-06-17 18:10:00,VRAY
5.71,5.71,5.7,5.71,2183,2021-06-17 18:14:00,VRAY
5.71,5.71,5.705,5.705,400,2021-06-17 18:15:00,VRAY
5.705,5.705,5.705,5.705,100,2021-06-17 18:16:00,VRAY
5.705,5.71,5.705,5.71,300,2021-06-17 18:17:00,VRAY
5.7,5.7,5.7,5.7,100,2021-06-17 18:19:00,VRAY
5.705,5.705,5.705,5.705,100,2021-06-17 18:21:00,VRAY
5.71,5.71,5.7,5.7,1899,2021-06-17 18:24:00,VRAY
5.71,5.72,5.71,5.715,1557,2021-06-17 18:25:00,VRAY
5.715,5.715,5.7,5.7,2892,2021-06-17 18:26:00,VRAY
5.705,5.705,5.685,5.685,2483,2021-06-17 18:27:00,VRAY
5.69,5.69,5.69,5.69,2100,2021-06-17 18:28:00,VRAY
5.7,5.7,5.7,5.7,1000,2021-06-17 18:29:00,VRAY
5.705,5.705,5.705,5.705,101,2021-06-17 18:30:00,VRAY
5.7099,5.71,5.705,5.71,2000,2021-06-17 18:31:00,VRAY
5.715,5.715,5.71,5.71,1549,2021-06-17 18:32:00,VRAY
5.7,5.725,5.7,5.725,8880,2021-06-17 18:33:00,VRAY
5.73,5.73,5.725,5.73,3800,2021-06-17 18:34:00,VRAY
5.735,5.735,5.735,5.735,100,2021-06-17 18:37:00,VRAY
5.74,5.745,5.74,5.745,1059,2021-06-17 18:38:00,VRAY
5.745,5.745,5.745,5.745,100,2021-06-17 18:39:00,VRAY
5.745,5.745,5.745,5.745,100,2021-06-17 18:43:00,VRAY
5.745,5.765,5.745,5.765,1700,2021-06-17 18:45:00,VRAY
5.76,5.76,5.76,5.76,100,2021-06-17 18:46:00,VRAY
5.76,5.76,5.75,5.75,4662,2021-06-17 18:48:00,VRAY
5.75,5.75,5.75,5.75,100,2021-06-17 18:49:00,VRAY
5.755,5.755,5.755,5.755,100,2021-06-17 18:50:00,VRAY
5.755,5.765,5.755,5.765,2060,2021-06-17 18:51:00,VRAY
5.77,5.77,5.77,5.77,100,2021-06-17 18:52:00,VRAY
5.77,5.77,5.77,5.77,500,2021-06-17 18:53:00,VRAY
5.78,5.78,5.78,5.78,100,2021-06-17 18:55:00,VRAY
5.775,5.78,5.7635,5.7635,2815,2021-06-17 18:56:00,VRAY
5.765,5.765,5.755,5.755,1300,2021-06-17 18:57:00,VRAY
5.7578,5.7578,5.755,5.755,400,2021-06-17 18:58:00,VRAY
5.755,5.755,5.75,5.75,200,2021-06-17 18:59:00,VRAY
5.75,5.75,5.75,5.75,100,2021-06-17 19:00:00,VRAY
5.75,5.75,5.75,5.75,500,2021-06-17 19:01:00,VRAY
5.742,5.75,5.742,5.745,4290,2021-06-17 19:02:00,VRAY
5.75,5.77,5.74,5.77,2175,2021-06-17 19:03:00,VRAY
5.77,5.77,5.77,5.77,700,2021-06-17 19:04:00,VRAY
5.7701,5.7701,5.7701,5.7701,1000,2021-06-17 19:05:00,VRAY
5.775,5.775,5.77,5.77,1000,2021-06-17 19:06:00,VRAY
5.77,5.77,5.77,5.77,784,2021-06-17 19:07:00,VRAY
5.7743,5.7743,5.7743,5.7743,4000,2021-06-17 19:08:00,VRAY
5.775,5.78,5.775,5.78,1962,2021-06-17 19:11:00,VRAY
5.785,5.8,5.785,5.8,600,2021-06-17 19:12:00,VRAY
5.8,5.81,5.8,5.81,300,2021-06-17 19:13:00,VRAY
5.805,5.805,5.805,5.805,100,2021-06-17 19:15:00,VRAY
5.805,5.805,5.79,5.795,5673,2021-06-17 19:16:00,VRAY
5.795,5.795,5.7932,5.7932,1300,2021-06-17 19:17:00,VRAY
5.79,5.79,5.76,5.76,5330,2021-06-17 19:18:00,VRAY
5.76,5.765,5.755,5.755,3400,2021-06-17 19:19:00,VRAY
5.76,5.76,5.76,5.76,100,2021-06-17 19:20:00,VRAY
5.75,5.75,5.75,5.75,2783,2021-06-17 19:21:00,VRAY
5.75,5.75,5.75,5.75,100,2021-06-17 19:22:00,VRAY
5.7577,5.7577,5.7577,5.7577,100,2021-06-17 19:25:00,VRAY
5.75,5.75,5.75,5.75,100,2021-06-17 19:26:00,VRAY
5.755,5.755,5.755,5.755,100,2021-06-17 19:27:00,VRAY
5.76,5.775,5.76,5.775,4291,2021-06-17 19:28:00,VRAY
5.775,5.775,5.77,5.77,791,2021-06-17 19:29:00,VRAY
5.78,5.79,5.775,5.79,2400,2021-06-17 19:30:00,VRAY
5.8,5.8,5.79,5.8,1400,2021-06-17 19:31:00,VRAY
5.79,5.79,5.79,5.79,1400,2021-06-17 19:32:00,VRAY
5.8,5.8,5.8,5.8,400,2021-06-17 19:33:00,VRAY
5.79,5.79,5.79,5.79,7400,2021-06-17 19:34:00,VRAY
5.79,5.79,5.79,5.79,300,2021-06-17 19:35:00,VRAY
5.79,5.79,5.79,5.79,395,2021-06-17 19:36:00,VRAY
5.8,5.8,5.785,5.785,5200,2021-06-17 19:37:00,VRAY
5.78,5.78,5.775,5.775,2578,2021-06-17 19:38:00,VRAY
5.775,5.775,5.775,5.775,457,2021-06-17 19:39:00,VRAY
5.775,5.775,5.775,5.775,100,2021-06-17 19:40:00,VRAY
5.77,5.77,5.77,5.77,100,2021-06-17 19:41:00,VRAY
5.771,5.771,5.77,5.77,1500,2021-06-17 19:42:00,VRAY
5.77,5.77,5.77,5.77,200,2021-06-17 19:43:00,VRAY
5.77,5.77,5.77,5.77,197,2021-06-17 19:44:00,VRAY
5.77,5.78,5.77,5.78,900,2021-06-17 19:45:00,VRAY
5.775,5.78,5.77,5.77,600,2021-06-17 19:46:00,VRAY
5.78,5.78,5.775,5.775,3780,2021-06-17 19:47:00,VRAY
5.78,5.78,5.78,5.78,4698,2021-06-17 19:48:00,VRAY
5.79,5.79,5.78,5.785,900,2021-06-17 19:49:00,VRAY
5.79,5.795,5.75,5.77,34879,2021-06-17 19:50:00,VRAY
5.77,5.77,5.76,5.765,3948,2021-06-17 19:51:00,VRAY
5.76,5.77,5.76,5.7636,1700,2021-06-17 19:52:00,VRAY
5.76,5.77,5.76,5.76,1600,2021-06-17 19:53:00,VRAY
5.76,5.78,5.76,5.77,18011,2021-06-17 19:54:00,VRAY
5.76,5.78,5.76,5.77,7312,2021-06-17 19:55:00,VRAY
5.775,5.78,5.77,5.775,1000,2021-06-17 19:56:00,VRAY
5.775,5.78,5.77,5.77,1381,2021-06-17 19:57:00,VRAY
5.771,5.775,5.761,5.77,13818,2021-06-17 19:58:00,VRAY
5.76,5.78,5.76,5.78,10983,2021-06-17 19:59:00,VRAY
5.78,5.78,5.78,5.78,158790,2021-06-17 20:00:00,VRAY
5.78,5.78,5.78,5.78,956,2021-06-17 20:01:00,VRAY
5.6,5.62,5.6,5.6,2234,2021-06-18 13:25:00,VRAY
5.62,5.63,5.62,5.63,1726,2021-06-18 13:29:00,VRAY
5.64,5.839,5.64,5.839,134114,2021-06-18 13:30:00,VRAY
5.7,5.7,5.7,5.7,600,2021-06-18 13:31:00,VRAY
5.68,5.68,5.66,5.66,300,2021-06-18 13:32:00,VRAY
5.66,5.68,5.645,5.65,3600,2021-06-18 13:33:00,VRAY
5.64,5.64,5.63,5.63,900,2021-06-18 13:34:00,VRAY
5.63,5.63,5.62,5.63,2217,2021-06-18 13:35:00,VRAY
5.63,5.68,5.63,5.68,1508,2021-06-18 13:36:00,VRAY
5.68,5.68,5.68,5.68,832,2021-06-18 13:37:00,VRAY
5.684,5.689,5.67,5.68,3013,2021-06-18 13:38:00,VRAY
5.69,5.69,5.69,5.69,1400,2021-06-18 13:39:00,VRAY
5.68,5.68,5.68,5.68,500,2021-06-18 13:40:00,VRAY
5.69,5.71,5.69,5.69,2794,2021-06-18 13:41:00,VRAY
5.7,5.7,5.7,5.7,2000,2021-06-18 13:42:00,VRAY
5.71,5.71,5.71,5.71,200,2021-06-18 13:43:00,VRAY
5.7,5.7,5.7,5.7,100,2021-06-18 13:44:00,VRAY
5.7,5.7,5.7,5.7,100,2021-06-18 13:45:00,VRAY
5.7,5.7,5.7,5.7,200,2021-06-18 13:46:00,VRAY
5.7,5.72,5.7,5.72,1602,2021-06-18 13:47:00,VRAY
5.73,5.7302,5.73,5.7301,5154,2021-06-18 13:48:00,VRAY
5.73,5.75,5.73,5.75,1669,2021-06-18 13:49:00,VRAY
5.74,5.74,5.73,5.73,600,2021-06-18 13:50:00,VRAY
5.71,5.71,5.7,5.7,925,2021-06-18 13:51:00,VRAY
5.7,5.7,5.7,5.7,600,2021-06-18 13:52:00,VRAY
5.72,5.72,5.72,5.72,800,2021-06-18 13:53:00,VRAY
5.715,5.74,5.715,5.73,3500,2021-06-18 13:54:00,VRAY
5.72,5.72,5.71,5.71,3816,2021-06-18 13:56:00,VRAY
5.72,5.72,5.72,5.72,1469,2021-06-18 13:57:00,VRAY
5.71,5.71,5.71,5.71,1116,2021-06-18 13:58:00,VRAY
5.71,5.71,5.71,5.71,700,2021-06-18 13:59:00,VRAY
5.72,5.72,5.72,5.72,4534,2021-06-18 14:00:00,VRAY
5.715,5.72,5.715,5.72,1400,2021-06-18 14:03:00,VRAY
5.72,5.74,5.72,5.74,600,2021-06-18 14:04:00,VRAY
5.74,5.74,5.72,5.72,2900,2021-06-18 14:05:00,VRAY
5.72,5.725,5.72,5.72,2120,2021-06-18 14:08:00,VRAY
5.71,5.71,5.705,5.71,3020,2021-06-18 14:09:00,VRAY
5.7,5.7,5.7,5.7,200,2021-06-18 14:10:00,VRAY
5.7,5.7,5.7,5.7,600,2021-06-18 14:11:00,VRAY
5.7,5.715,5.7,5.715,1568,2021-06-18 14:12:00,VRAY
5.71,5.71,5.71,5.71,200,2021-06-18 14:14:00,VRAY
5.7,5.7,5.7,5.7,500,2021-06-18 14:17:00,VRAY
5.7,5.7,5.7,5.7,100,2021-06-18 14:19:00,VRAY
5.7,5.71,5.7,5.705,2680,2021-06-18 14:20:00,VRAY
5.7,5.7,5.7,5.7,100,2021-06-18 14:22:00,VRAY
5.71,5.71,5.7076,5.71,3856,2021-06-18 14:23:00,VRAY
5.7,5.705,5.7,5.705,204,2021-06-18 14:25:00,VRAY
5.705,5.705,5.69,5.695,2727,2021-06-18 14:28:00,VRAY
5.7,5.73,5.7,5.73,8192,2021-06-18 14:29:00,VRAY
5.72,5.72,5.72,5.72,607,2021-06-18 14:30:00,VRAY
5.72,5.72,5.72,5.72,621,2021-06-18 14:31:00,VRAY
5.74,5.75,5.74,5.75,2428,2021-06-18 14:32:00,VRAY
5.76,5.76,5.76,5.76,200,2021-06-18 14:33:00,VRAY
5.77,5.77,5.77,5.77,100,2021-06-18 14:34:00,VRAY
5.77,5.77,5.77,5.77,200,2021-06-18 14:36:00,VRAY
5.77,5.77,5.77,5.77,244,2021-06-18 14:37:00,VRAY
5.78,5.79,5.78,5.79,200,2021-06-18 14:38:00,VRAY
5.785,5.785,5.78,5.78,2703,2021-06-18 14:39:00,VRAY
5.78,5.785,5.78,5.785,500,2021-06-18 14:40:00,VRAY
5.78,5.78,5.78,5.78,100,2021-06-18 14:41:00,VRAY
5.78,5.78,5.78,5.78,100,2021-06-18 14:42:00,VRAY
5.78,5.78,5.78,5.78,1218,2021-06-18 14:43:00,VRAY
5.77,5.77,5.77,5.77,300,2021-06-18 14:47:00,VRAY
5.78,5.79,5.78,5.79,2100,2021-06-18 14:48:00,VRAY
5.795,5.795,5.795,5.795,100,2021-06-18 14:50:00,VRAY
5.795,5.795,5.795,5.795,100,2021-06-18 14:53:00,VRAY
5.8,5.8,5.8,5.8,100,2021-06-18 14:54:00,VRAY
5.8,5.81,5.8,5.81,900,2021-06-18 14:55:00,VRAY
5.805,5.81,5.805,5.81,294,2021-06-18 14:56:00,VRAY
5.81,5.82,5.81,5.82,400,2021-06-18 14:57:00,VRAY
5.81,5.81,5.81,5.81,200,2021-06-18 14:59:00,VRAY
5.82,5.82,5.81,5.81,200,2021-06-18 15:00:00,VRAY
5.815,5.82,5.815,5.82,400,2021-06-18 15:01:00,VRAY
5.815,5.815,5.815,5.815,150,2021-06-18 15:02:00,VRAY
5.815,5.82,5.815,5.82,200,2021-06-18 15:03:00,VRAY
5.82,5.82,5.82,5.82,100,2021-06-18 15:04:00,VRAY
5.82,5.82,5.82,5.82,100,2021-06-18 15:07:00,VRAY
5.82,5.82,5.82,5.82,100,2021-06-18 15:08:00,VRAY
5.82,5.82,5.82,5.82,100,2021-06-18 15:09:00,VRAY
5.81,5.81,5.805,5.805,1900,2021-06-18 15:10:00,VRAY
5.805,5.805,5.805,5.805,600,2021-06-18 15:11:00,VRAY
5.81,5.81,5.81,5.81,100,2021-06-18 15:13:00,VRAY
5.8,5.8,5.8,5.8,300,2021-06-18 15:14:00,VRAY
5.81,5.81,5.81,5.81,100,2021-06-18 15:15:00,VRAY
5.81,5.81,5.81,5.81,1200,2021-06-18 15:18:00,VRAY
5.805,5.805,5.805,5.805,100,2021-06-18 15:19:00,VRAY
5.8,5.8,5.8,5.8,100,2021-06-18 15:20:00,VRAY
5.81,5.81,5.8,5.8,400,2021-06-18 15:22:00,VRAY
5.81,5.81,5.81,5.81,100,2021-06-18 15:23:00,VRAY
5.805,5.805,5.805,5.805,100,2021-06-18 15:24:00,VRAY
5.8,5.8,5.79,5.79,3290,2021-06-18 15:25:00,VRAY
5.795,5.795,5.795,5.795,100,2021-06-18 15:26:00,VRAY
5.79,5.79,5.785,5.785,1892,2021-06-18 15:27:00,VRAY
5.79,5.79,5.79,5.79,108,2021-06-18 15:30:00,VRAY
5.785,5.785,5.785,5.785,100,2021-06-18 15:31:00,VRAY
5.79,5.8,5.79,5.79,1000,2021-06-18 15:32:00,VRAY
5.8,5.8,5.8,5.8,1314,2021-06-18 15:37:00,VRAY
5.82,5.82,5.82,5.82,100,2021-06-18 15:38:00,VRAY
5.82,5.82,5.82,5.82,300,2021-06-18 15:39:00,VRAY
5.825,5.825,5.825,5.825,100,2021-06-18 15:40:00,VRAY
5.83,5.83,5.83,5.83,100,2021-06-18 15:41:00,VRAY
5.83,5.83,5.83,5.83,100,2021-06-18 15:44:00,VRAY
5.83,5.83,5.825,5.83,2050,2021-06-18 15:45:00,VRAY
5.83,5.83,5.81,5.81,2894,2021-06-18 15:46:00,VRAY
5.81,5.81,5.81,5.81,600,2021-06-18 15:48:00,VRAY
5.81,5.81,5.81,5.81,2500,2021-06-18 15:56:00,VRAY
5.815,5.82,5.79,5.79,11841,2021-06-18 15:58:00,VRAY
5.79,5.79,5.79,5.79,700,2021-06-18 15:59:00,VRAY
5.79,5.79,5.79,5.79,100,2021-06-18 16:01:00,VRAY
5.79,5.795,5.79,5.79,6400,2021-06-18 16:07:00,VRAY
5.79,5.79,5.79,5.79,612,2021-06-18 16:08:00,VRAY
5.79,5.79,5.78,5.79,3907,2021-06-18 16:09:00,VRAY
5.785,5.8,5.78,5.78,16658,2021-06-18 16:16:00,VRAY
5.7863,5.7863,5.7863,5.7863,200,2021-06-18 16:19:00,VRAY
5.79,5.79,5.79,5.79,100,2021-06-18 16:20:00,VRAY
5.78,5.78,5.78,5.78,100,2021-06-18 16:21:00,VRAY
5.78,5.78,5.78,5.78,300,2021-06-18 16:22:00,VRAY
5.785,5.785,5.785,5.785,150,2021-06-18 16:24:00,VRAY
5.78,5.79,5.78,5.79,200,2021-06-18 16:26:00,VRAY
5.785,5.785,5.785,5.785,100,2021-06-18 16:27:00,VRAY
5.785,5.785,5.785,5.785,100,2021-06-18 16:29:00,VRAY
5.78,5.78,5.78,5.78,200,2021-06-18 16:31:00,VRAY
5.785,5.785,5.77,5.77,3445,2021-06-18 16:33:00,VRAY
5.77,5.77,5.75,5.75,4086,2021-06-18 16:34:00,VRAY
5.7521,5.7521,5.75,5.75,406,2021-06-18 16:36:00,VRAY
5.75,5.75,5.745,5.745,1044,2021-06-18 16:38:00,VRAY
5.745,5.745,5.74,5.74,500,2021-06-18 16:39:00,VRAY
5.74,5.74,5.74,5.74,100,2021-06-18 16:40:00,VRAY
5.74,5.75,5.74,5.75,600,2021-06-18 16:41:00,VRAY
5.745,5.745,5.74,5.74,400,2021-06-18 16:43:00,VRAY
5.74,5.74,5.74,5.74,200,2021-06-18 16:44:00,VRAY
5.745,5.745,5.745,5.745,100,2021-06-18 16:47:00,VRAY
5.74,5.7401,5.73,5.735,5863,2021-06-18 16:48:00,VRAY
5.73,5.73,5.73,5.73,300,2021-06-18 16:49:00,VRAY
5.73,5.73,5.72,5.725,1842,2021-06-18 16:51:00,VRAY
5.72,5.72,5.72,5.72,100,2021-06-18 16:52:00,VRAY
5.72,5.72,5.72,5.72,921,2021-06-18 16:54:00,VRAY
5.725,5.725,5.72,5.72,500,2021-06-18 16:59:00,VRAY
5.72,5.725,5.72,5.725,387,2021-06-18 17:03:00,VRAY
5.72,5.72,5.72,5.72,100,2021-06-18 17:04:00,VRAY
5.72,5.72,5.72,5.72,100,2021-06-18 17:05:00,VRAY
5.725,5.725,5.725,5.725,100,2021-06-18 17:06:00,VRAY
5.72,5.72,5.72,5.72,100,2021-06-18 17:08:00,VRAY
5.72,5.725,5.72,5.725,500,2021-06-18 17:09:00,VRAY
5.73,5.73,5.725,5.725,200,2021-06-18 17:11:00,VRAY
5.72,5.72,5.71,5.715,3000,2021-06-18 17:12:00,VRAY
5.715,5.715,5.715,5.715,100,2021-06-18 17:14:00,VRAY
5.71,5.71,5.71,5.71,100,2021-06-18 17:16:00,VRAY
5.715,5.715,5.715,5.715,341,2021-06-18 17:20:00,VRAY
5.72,5.72,5.72,5.72,100,2021-06-18 17:21:00,VRAY
5.71,5.71,5.69,5.69,5776,2021-06-18 17:22:00,VRAY
5.69,5.695,5.685,5.685,1596,2021-06-18 17:23:00,VRAY
5.68,5.685,5.68,5.685,400,2021-06-18 17:25:00,VRAY
5.69,5.695,5.685,5.69,6201,2021-06-18 17:26:00,VRAY
5.68,5.68,5.67,5.67,4239,2021-06-18 17:30:00,VRAY
5.675,5.675,5.67,5.67,300,2021-06-18 17:31:00,VRAY
5.675,5.675,5.675,5.675,100,2021-06-18 17:34:00,VRAY
5.675,5.675,5.675,5.675,100,2021-06-18 17:35:00,VRAY
5.67,5.67,5.67,5.67,200,2021-06-18 17:36:00,VRAY
5.68,5.68,5.68,5.68,3105,2021-06-18 17:39:00,VRAY
5.685,5.685,5.685,5.685,100,2021-06-18 17:41:00,VRAY
5.68,5.68,5.68,5.68,100,2021-06-18 17:42:00,VRAY
5.68,5.68,5.68,5.68,100,2021-06-18 17:45:00,VRAY
5.6895,5.6895,5.67,5.675,10875,2021-06-18 17:46:00,VRAY
5.675,5.675,5.675,5.675,100,2021-06-18 17:47:00,VRAY
5.67,5.675,5.67,5.675,200,2021-06-18 17:50:00,VRAY
5.67,5.67,5.67,5.67,400,2021-06-18 17:52:00,VRAY
5.67,5.67,5.67,5.67,176,2021-06-18 17:56:00,VRAY
5.67,5.67,5.67,5.67,100,2021-06-18 17:58:00,VRAY
5.67,5.67,5.665,5.665,1025,2021-06-18 17:59:00,VRAY
5.66,5.66,5.66,5.66,358,2021-06-18 18:00:00,VRAY
5.665,5.665,5.665,5.665,200,2021-06-18 18:01:00,VRAY
5.66,5.662,5.66,5.662,1500,2021-06-18 18:03:00,VRAY
5.66,5.665,5.66,5.665,600,2021-06-18 18:04:00,VRAY
5.66,5.66,5.66,5.66,525,2021-06-18 18:05:00,VRAY
5.665,5.665,5.665,5.665,238,2021-06-18 18:07:00,VRAY
5.66,5.665,5.655,5.665,6820,2021-06-18 18:08:00,VRAY
5.66,5.665,5.66,5.665,348,2021-06-18 18:10:00,VRAY
5.66,5.66,5.66,5.66,465,2021-06-18 18:11:00,VRAY
5.65,5.65,5.65,5.65,150,2021-06-18 18:12:00,VRAY
5.65,5.65,5.65,5.65,1076,2021-06-18 18:13:00,VRAY
5.65,5.65,5.65,5.65,100,2021-06-18 18:15:00,VRAY
5.655,5.66,5.655,5.655,1665,2021-06-18 18:16:00,VRAY
5.65,5.65,5.65,5.65,852,2021-06-18 18:23:00,VRAY
5.65,5.6502,5.65,5.6502,200,2021-06-18 18:26:00,VRAY
5.65,5.65,5.65,5.65,272,2021-06-18 18:27:00,VRAY
5.65,5.65,5.65,5.65,200,2021-06-18 18:28:00,VRAY
5.65,5.655,5.65,5.655,433,2021-06-18 18:30:00,VRAY
5.655,5.655,5.655,5.655,200,2021-06-18 18:31:00,VRAY
5.65,5.65,5.65,5.65,300,2021-06-18 18:32:00,VRAY
5.655,5.655,5.655,5.655,300,2021-06-18 18:34:00,VRAY
5.65,5.655,5.65,5.655,1594,2021-06-18 18:35:00,VRAY
5.655,5.655,5.65,5.655,2875,2021-06-18 18:36:00,VRAY
5.64,5.655,5.64,5.655,5348,2021-06-18 18:37:00,VRAY
5.655,5.655,5.655,5.655,100,2021-06-18 18:41:00,VRAY
5.65,5.65,5.64,5.64,3391,2021-06-18 18:42:00,VRAY
5.63,5.63,5.62,5.62,300,2021-06-18 18:43:00,VRAY
5.62,5.62,5.62,5.62,100,2021-06-18 18:45:00,VRAY
5.62,5.62,5.62,5.62,600,2021-06-18 18:47:00,VRAY
5.62,5.62,5.62,5.62,100,2021-06-18 18:49:00,VRAY
5.62,5.62,5.62,5.62,200,2021-06-18 18:50:00,VRAY
5.625,5.63,5.625,5.63,300,2021-06-18 18:51:00,VRAY
5.625,5.625,5.62,5.625,500,2021-06-18 18:52:00,VRAY
5.62,5.625,5.62,5.62,2361,2021-06-18 18:53:00,VRAY
5.615,5.62,5.615,5.62,900,2021-06-18 18:54:00,VRAY
5.615,5.615,5.615,5.615,200,2021-06-18 18:56:00,VRAY
5.615,5.615,5.61,5.615,400,2021-06-18 18:58:00,VRAY
5.61,5.61,5.61,5.61,200,2021-06-18 18:59:00,VRAY
5.61,5.615,5.61,5.615,300,2021-06-18 19:00:00,VRAY
5.62,5.63,5.615,5.63,3600,2021-06-18 19:01:00,VRAY
5.63,5.63,5.63,5.63,108,2021-06-18 19:02:00,VRAY
5.625,5.63,5.625,5.63,2222,2021-06-18 19:03:00,VRAY
5.63,5.63,5.625,5.63,4210,2021-06-18 19:04:00,VRAY
5.63,5.64,5.63,5.64,4788,2021-06-18 19:05:00,VRAY
5.65,5.65,5.63,5.635,6222,2021-06-18 19:06:00,VRAY
5.6372,5.6372,5.635,5.635,1160,2021-06-18 19:07:00,VRAY
5.63,5.63,5.63,5.63,553,2021-06-18 19:09:00,VRAY
5.63,5.63,5.63,5.63,100,2021-06-18 19:10:00,VRAY
5.63,5.65,5.63,5.65,6459,2021-06-18 19:12:00,VRAY
5.65,5.67,5.65,5.66,3738,2021-06-18 19:13:00,VRAY
5.665,5.67,5.665,5.67,200,2021-06-18 19:14:00,VRAY
5.67,5.695,5.67,5.69,8694,2021-06-18 19:15:00,VRAY
5.69,5.7,5.69,5.7,3897,2021-06-18 19:16:00,VRAY
5.7,5.7,5.69,5.69,1100,2021-06-18 19:18:00,VRAY
5.695,5.7,5.69,5.69,300,2021-06-18 19:19:00,VRAY
5.69,5.695,5.69,5.695,200,2021-06-18 19:20:00,VRAY
5.69,5.695,5.69,5.69,1300,2021-06-18 19:21:00,VRAY
5.7,5.7,5.695,5.695,600,2021-06-18 19:22:00,VRAY
5.69,5.71,5.69,5.7032,3656,2021-06-18 19:23:00,VRAY
5.71,5.71,5.71,5.71,400,2021-06-18 19:24:00,VRAY
5.71,5.71,5.71,5.71,200,2021-06-18 19:25:00,VRAY
5.71,5.71,5.705,5.705,700,2021-06-18 19:26:00,VRAY
5.71,5.71,5.7,5.705,700,2021-06-18 19:27:00,VRAY
5.705,5.71,5.705,5.705,300,2021-06-18 19:28:00,VRAY
5.705,5.71,5.7,5.71,700,2021-06-18 19:29:00,VRAY
5.705,5.71,5.7,5.705,2400,2021-06-18 19:30:00,VRAY
5.705,5.71,5.7,5.705,900,2021-06-18 19:31:00,VRAY
5.7,5.71,5.7,5.705,1200,2021-06-18 19:32:00,VRAY
5.7,5.705,5.7,5.705,718,2021-06-18 19:33:00,VRAY
5.705,5.71,5.685,5.685,7080,2021-06-18 19:34:00,VRAY
5.68,5.689,5.68,5.68,2269,2021-06-18 19:35:00,VRAY
5.68,5.685,5.67,5.68,4168,2021-06-18 19:36:00,VRAY
5.68,5.68,5.675,5.675,400,2021-06-18 19:37:00,VRAY
5.67,5.68,5.67,5.675,2500,2021-06-18 19:38:00,VRAY
5.67,5.675,5.67,5.675,800,2021-06-18 19:39:00,VRAY
5.675,5.675,5.67,5.675,1368,2021-06-18 19:40:00,VRAY
5.67,5.675,5.67,5.675,1000,2021-06-18 19:41:00,VRAY
5.67,5.675,5.67,5.675,900,2021-06-18 19:42:00,VRAY
5.675,5.68,5.67,5.675,900,2021-06-18 19:43:00,VRAY
5.68,5.69,5.675,5.685,5241,2021-06-18 19:44:00,VRAY
5.685,5.685,5.68,5.685,1600,2021-06-18 19:45:00,VRAY
5.685,5.685,5.67,5.675,4993,2021-06-18 19:46:00,VRAY
5.675,5.675,5.67,5.67,1800,2021-06-18 19:47:00,VRAY
5.67,5.675,5.66,5.665,6378,2021-06-18 19:48:00,VRAY
5.665,5.665,5.66,5.66,1800,2021-06-18 19:49:00,VRAY
5.67,5.87,5.665,5.8,109538,2021-06-18 19:50:00,VRAY
5.8,5.8,5.74,5.77,28945,2021-06-18 19:51:00,VRAY
5.78,5.78,5.75,5.775,33369,2021-06-18 19:52:00,VRAY
5.775,5.83,5.77,5.805,37193,2021-06-18 19:53:00,VRAY
5.8,5.94,5.785,5.83,55662,2021-06-18 19:54:00,VRAY
5.82,5.825,5.78,5.78,13721,2021-06-18 19:55:00,VRAY
5.78,5.81,5.77,5.785,14265,2021-06-18 19:56:00,VRAY
5.78,5.785,5.78,5.785,2894,2021-06-18 19:57:00,VRAY
5.785,5.79,5.77,5.77,20232,2021-06-18 19:58:00,VRAY
5.78,5.78,5.75,5.76,34027,2021-06-18 19:59:00,VRAY
5.77,5.77,5.77,5.77,917620,2021-06-18 20:00:00,VRAY
5.77,5.77,5.77,5.77,159246,2021-06-18 20:01:00,VRAY
5.77,5.77,5.77,5.77,6229,2021-06-18 20:03:00,VRAY
5.8,5.86,5.78,5.81,8433,2021-06-21 13:30:00,VRAY
5.82,5.82,5.77,5.7987,2260,2021-06-21 13:31:00,VRAY
5.8,5.8,5.78,5.8,2318,2021-06-21 13:32:00,VRAY
5.81,5.81,5.77,5.79,3370,2021-06-21 13:33:00,VRAY
5.79,5.82,5.79,5.82,1440,2021-06-21 13:34:00,VRAY
5.81,5.81,5.8075,5.8075,500,2021-06-21 13:35:00,VRAY
5.8,5.8,5.78,5.78,3799,2021-06-21 13:36:00,VRAY
5.79,5.79,5.775,5.78,3399,2021-06-21 13:37:00,VRAY
5.77,5.7801,5.77,5.7801,2050,2021-06-21 13:38:00,VRAY
5.78,5.78,5.76,5.76,950,2021-06-21 13:39:00,VRAY
5.76,5.76,5.75,5.7536,1104,2021-06-21 13:40:00,VRAY
5.75,5.75,5.75,5.75,650,2021-06-21 13:41:00,VRAY
5.75,5.75,5.75,5.75,300,2021-06-21 13:42:00,VRAY
5.76,5.77,5.76,5.77,400,2021-06-21 13:43:00,VRAY
5.77,5.77,5.77,5.77,300,2021-06-21 13:44:00,VRAY
5.7585,5.7585,5.7585,5.7585,100,2021-06-21 13:45:00,VRAY
5.76,5.77,5.76,5.77,1501,2021-06-21 13:46:00,VRAY
5.77,5.77,5.76,5.76,500,2021-06-21 13:47:00,VRAY
5.7551,5.7683,5.7551,5.7683,785,2021-06-21 13:48:00,VRAY
5.76,5.77,5.76,5.77,1350,2021-06-21 13:49:00,VRAY
5.77,5.78,5.77,5.78,1969,2021-06-21 13:50:00,VRAY
5.77,5.77,5.77,5.77,400,2021-06-21 13:51:00,VRAY
5.76,5.76,5.76,5.76,100,2021-06-21 13:52:00,VRAY
5.76,5.76,5.76,5.76,600,2021-06-21 13:53:00,VRAY
5.76,5.77,5.76,5.77,707,2021-06-21 13:54:00,VRAY
5.75,5.75,5.74,5.75,2543,2021-06-21 13:55:00,VRAY
5.76,5.76,5.76,5.76,100,2021-06-21 13:57:00,VRAY
5.7584,5.77,5.7584,5.77,1150,2021-06-21 13:58:00,VRAY
5.77,5.78,5.76,5.78,7761,2021-06-21 13:59:00,VRAY
5.79,5.79,5.79,5.79,700,2021-06-21 14:00:00,VRAY
5.79,5.79,5.79,5.79,1500,2021-06-21 14:01:00,VRAY
5.78,5.78,5.78,5.78,100,2021-06-21 14:02:00,VRAY
5.7883,5.8,5.7883,5.8,1300,2021-06-21 14:03:00,VRAY
5.79,5.8,5.79,5.79,3092,2021-06-21 14:04:00,VRAY
5.79,5.79,5.79,5.79,1100,2021-06-21 14:06:00,VRAY
5.8,5.8,5.8,5.8,800,2021-06-21 14:08:00,VRAY
5.8,5.8,5.79,5.79,700,2021-06-21 14:09:00,VRAY
5.79,5.79,5.775,5.775,1834,2021-06-21 14:11:00,VRAY
5.77,5.77,5.77,5.77,100,2021-06-21 14:12:00,VRAY
5.77,5.77,5.76,5.76,2200,2021-06-21 14:13:00,VRAY
5.75,5.75,5.75,5.75,100,2021-06-21 14:14:00,VRAY
5.75,5.75,5.75,5.75,1000,2021-06-21 14:15:00,VRAY
5.76,5.76,5.755,5.755,500,2021-06-21 14:16:00,VRAY
5.75,5.75,5.73,5.73,4329,2021-06-21 14:19:00,VRAY
5.74,5.75,5.74,5.745,1600,2021-06-21 14:20:00,VRAY
5.74,5.74,5.73,5.74,1380,2021-06-21 14:21:00,VRAY
5.735,5.735,5.72,5.72,1024,2021-06-21 14:22:00,VRAY
5.72,5.7224,5.72,5.7224,230,2021-06-21 14:24:00,VRAY
5.73,5.73,5.73,5.73,200,2021-06-21 14:26:00,VRAY
5.725,5.725,5.725,5.725,196,2021-06-21 14:27:00,VRAY
5.73,5.74,5.72,5.72,3631,2021-06-21 14:28:00,VRAY
5.73,5.73,5.73,5.73,2500,2021-06-21 14:29:00,VRAY
5.73,5.73,5.73,5.73,300,2021-06-21 14:30:00,VRAY
5.725,5.725,5.72,5.72,208,2021-06-21 14:31:00,VRAY
5.73,5.74,5.73,5.74,3691,2021-06-21 14:32:00,VRAY
5.745,5.745,5.745,5.745,100,2021-06-21 14:33:00,VRAY
5.74,5.74,5.73,5.73,400,2021-06-21 14:34:00,VRAY
5.73,5.73,5.72,5.72,1000,2021-06-21 14:35:00,VRAY
5.72,5.72,5.72,5.72,300,2021-06-21 14:36:00,VRAY
5.73,5.73,5.725,5.725,619,2021-06-21 14:37:00,VRAY
5.725,5.725,5.725,5.725,100,2021-06-21 14:38:00,VRAY
5.72,5.72,5.705,5.71,1700,2021-06-21 14:39:00,VRAY
5.71,5.715,5.71,5.71,1517,2021-06-21 14:40:00,VRAY
5.72,5.72,5.72,5.72,100,2021-06-21 14:41:00,VRAY
5.72,5.725,5.72,5.725,1700,2021-06-21 14:42:00,VRAY
5.73,5.73,5.725,5.725,200,2021-06-21 14:44:00,VRAY
5.7273,5.7273,5.7273,5.7273,500,2021-06-21 14:45:00,VRAY
5.725,5.725,5.725,5.725,300,2021-06-21 14:47:00,VRAY
5.73,5.73,5.73,5.73,3300,2021-06-21 14:50:00,VRAY
5.73,5.73,5.71,5.715,3150,2021-06-21 14:51:00,VRAY
5.715,5.715,5.71,5.71,1000,2021-06-21 14:52:00,VRAY
5.7,5.7,5.69,5.69,1800,2021-06-21 14:54:00,VRAY
5.695,5.695,5.69,5.69,200,2021-06-21 14:57:00,VRAY
5.69,5.69,5.685,5.685,433,2021-06-21 14:58:00,VRAY
5.68,5.68,5.68,5.68,100,2021-06-21 14:59:00,VRAY
5.69,5.69,5.685,5.685,1533,2021-06-21 15:00:00,VRAY
5.69,5.69,5.685,5.685,235,2021-06-21 15:03:00,VRAY
5.69,5.7,5.6877,5.695,4331,2021-06-21 15:04:00,VRAY
5.695,5.71,5.695,5.705,3237,2021-06-21 15:05:00,VRAY
5.705,5.705,5.705,5.705,500,2021-06-21 15:06:00,VRAY
5.7,5.7,5.7,5.7,100,2021-06-21 15:08:00,VRAY
5.71,5.72,5.71,5.72,2700,2021-06-21 15:09:00,VRAY
5.715,5.715,5.715,5.715,200,2021-06-21 15:10:00,VRAY
5.7199,5.7199,5.7199,5.7199,212,2021-06-21 15:12:00,VRAY
5.71,5.73,5.7,5.73,7492,2021-06-21 15:13:00,VRAY
5.73,5.74,5.73,5.74,4196,2021-06-21 15:14:00,VRAY
5.74,5.74,5.74,5.74,499,2021-06-21 15:15:00,VRAY
5.75,5.75,5.75,5.75,100,2021-06-21 15:16:00,VRAY
5.745,5.745,5.745,5.745,200,2021-06-21 15:18:00,VRAY
5.75,5.75,5.75,5.75,100,2021-06-21 15:19:00,VRAY
5.745,5.745,5.745,5.745,314,2021-06-21 15:20:00,VRAY
5.75,5.75,5.75,5.75,100,2021-06-21 15:22:00,VRAY
5.745,5.745,5.745,5.745,193,2021-06-21 15:24:00,VRAY
5.75,5.75,5.75,5.75,100,2021-06-21 15:25:00,VRAY
5.74,5.74,5.72,5.72,8384,2021-06-21 15:26:00,VRAY
5.72,5.72,5.72,5.72,300,2021-06-21 15:27:00,VRAY
5.73,5.73,5.73,5.73,3500,2021-06-21 15:28:00,VRAY
5.73,5.73,5.73,5.73,200,2021-06-21 15:29:00,VRAY
5.73,5.73,5.73,5.73,500,2021-06-21 15:31:00,VRAY
5.72,5.72,5.72,5.72,200,2021-06-21 15:33:00,VRAY
5.72,5.72,5.71,5.72,1227,2021-06-21 15:34:00,VRAY
5.72,5.72,5.72,5.72,1700,2021-06-21 15:37:00,VRAY
5.725,5.73,5.725,5.73,200,2021-06-21 15:38:00,VRAY
5.725,5.73,5.725,5.73,228,2021-06-21 15:40:00,VRAY
5.73,5.73,5.73,5.73,100,2021-06-21 15:42:00,VRAY
5.73,5.735,5.73,5.735,2901,2021-06-21 15:45:00,VRAY
5.7337,5.735,5.7337,5.735,966,2021-06-21 15:46:00,VRAY
5.74,5.74,5.74,5.74,100,2021-06-21 15:48:00,VRAY
5.735,5.75,5.735,5.74,5218,2021-06-21 15:49:00,VRAY
5.75,5.75,5.75,5.75,200,2021-06-21 15:53:00,VRAY
5.74,5.74,5.72,5.72,5315,2021-06-21 15:54:00,VRAY
5.72,5.735,5.72,5.735,3737,2021-06-21 15:55:00,VRAY
5.735,5.735,5.735,5.735,100,2021-06-21 15:56:00,VRAY
5.735,5.735,5.735,5.735,200,2021-06-21 16:00:00,VRAY
5.73,5.73,5.73,5.73,100,2021-06-21 16:01:00,VRAY
5.74,5.74,5.74,5.74,4800,2021-06-21 16:02:00,VRAY
5.74,5.74,5.735,5.735,600,2021-06-21 16:03:00,VRAY
5.73,5.73,5.73,5.73,400,2021-06-21 16:07:00,VRAY
5.74,5.74,5.735,5.735,346,2021-06-21 16:13:00,VRAY
5.74,5.76,5.74,5.755,5308,2021-06-21 16:15:00,VRAY
5.75,5.755,5.75,5.755,6577,2021-06-21 16:16:00,VRAY
5.755,5.755,5.755,5.755,500,2021-06-21 16:18:00,VRAY
5.755,5.77,5.755,5.76,5152,2021-06-21 16:19:00,VRAY
5.765,5.765,5.765,5.765,2000,2021-06-21 16:20:00,VRAY
5.77,5.77,5.77,5.77,300,2021-06-21 16:22:00,VRAY
5.76,5.76,5.76,5.76,100,2021-06-21 16:24:00,VRAY
5.77,5.77,5.765,5.77,536,2021-06-21 16:25:00,VRAY
5.77,5.77,5.77,5.77,1400,2021-06-21 16:26:00,VRAY
5.78,5.78,5.775,5.78,300,2021-06-21 16:27:00,VRAY
5.78,5.78,5.78,5.78,100,2021-06-21 16:28:00,VRAY
5.78,5.78,5.775,5.775,4029,2021-06-21 16:29:00,VRAY
5.775,5.775,5.775,5.775,200,2021-06-21 16:30:00,VRAY
5.775,5.775,5.775,5.775,119,2021-06-21 16:32:00,VRAY
5.775,5.775,5.77,5.77,2840,2021-06-21 16:33:00,VRAY
5.765,5.77,5.76,5.765,1263,2021-06-21 16:34:00,VRAY
5.77,5.78,5.77,5.77,1131,2021-06-21 16:35:00,VRAY
5.7722,5.7722,5.7722,5.7722,100,2021-06-21 16:36:00,VRAY
5.78,5.78,5.78,5.78,3215,2021-06-21 16:37:00,VRAY
5.79,5.79,5.79,5.79,1100,2021-06-21 16:38:00,VRAY
5.795,5.795,5.795,5.795,100,2021-06-21 16:39:00,VRAY
5.791,5.791,5.78,5.785,2569,2021-06-21 16:40:00,VRAY
5.785,5.79,5.785,5.785,300,2021-06-21 16:41:00,VRAY
5.783,5.783,5.783,5.783,100,2021-06-21 16:42:00,VRAY
5.78,5.78,5.78,5.78,100,2021-06-21 16:43:00,VRAY
5.79,5.79,5.79,5.79,1700,2021-06-21 16:45:00,VRAY
5.8,5.81,5.795,5.81,1938,2021-06-21 16:46:00,VRAY
5.81,5.81,5.81,5.81,3600,2021-06-21 16:47:00,VRAY
5.8,5.8,5.8,5.8,200,2021-06-21 16:48:00,VRAY
5.8,5.8,5.8,5.8,1723,2021-06-21 16:50:00,VRAY
5.8098,5.81,5.805,5.805,400,2021-06-21 16:51:00,VRAY
5.805,5.81,5.805,5.81,977,2021-06-21 16:53:00,VRAY
5.82,5.82,5.82,5.82,900,2021-06-21 16:54:00,VRAY
5.8144,5.8144,5.8144,5.8144,1000,2021-06-21 16:56:00,VRAY
5.82,5.82,5.82,5.82,100,2021-06-21 16:58:00,VRAY
5.81,5.81,5.81,5.81,100,2021-06-21 16:59:00,VRAY
5.81,5.81,5.8,5.8,3588,2021-06-21 17:00:00,VRAY
5.8,5.8,5.8,5.8,600,2021-06-21 17:01:00,VRAY
5.8024,5.8024,5.8,5.8,4146,2021-06-21 17:02:00,VRAY
5.8,5.81,5.8,5.81,300,2021-06-21 17:03:00,VRAY
5.8,5.8,5.775,5.78,15764,2021-06-21 17:04:00,VRAY
5.77,5.7722,5.77,5.77,1000,2021-06-21 17:07:00,VRAY
5.77,5.78,5.77,5.775,984,2021-06-21 17:08:00,VRAY
5.78,5.8,5.78,5.8,7163,2021-06-21 17:09:00,VRAY
5.8,5.81,5.8,5.81,2600,2021-06-21 17:10:00,VRAY
5.815,5.815,5.815,5.815,100,2021-06-21 17:11:00,VRAY
5.81,5.81,5.81,5.81,600,2021-06-21 17:14:00,VRAY
5.805,5.81,5.8,5.81,300,2021-06-21 17:15:00,VRAY
5.81,5.81,5.81,5.81,100,2021-06-21 17:16:00,VRAY
5.81,5.81,5.805,5.805,600,2021-06-21 17:17:00,VRAY
5.81,5.81,5.81,5.81,100,2021-06-21 17:18:00,VRAY
5.805,5.805,5.805,5.805,166,2021-06-21 17:20:00,VRAY
5.805,5.805,5.8,5.8,7400,2021-06-21 17:22:00,VRAY
5.81,5.81,5.8,5.8,200,2021-06-21 17:23:00,VRAY
5.8,5.8011,5.8,5.8,3827,2021-06-21 17:24:00,VRAY
5.805,5.805,5.805,5.805,288,2021-06-21 17:25:00,VRAY
5.8,5.8,5.8,5.8,100,2021-06-21 17:27:00,VRAY
5.8094,5.8094,5.8094,5.8094,100,2021-06-21 17:29:00,VRAY
5.81,5.83,5.805,5.825,3402,2021-06-21 17:30:00,VRAY
5.82,5.83,5.82,5.825,800,2021-06-21 17:31:00,VRAY
5.823,5.823,5.823,5.823,123,2021-06-21 17:32:00,VRAY
5.8216,5.8216,5.81,5.81,6228,2021-06-21 17:34:00,VRAY
5.815,5.815,5.81,5.81,600,2021-06-21 17:35:00,VRAY
5.82,5.83,5.82,5.825,2717,2021-06-21 17:36:00,VRAY
5.82,5.82,5.82,5.82,861,2021-06-21 17:37:00,VRAY
5.8226,5.8226,5.8226,5.8226,165,2021-06-21 17:38:00,VRAY
5.825,5.84,5.825,5.83,10428,2021-06-21 17:40:00,VRAY
5.83,5.83,5.82,5.825,3957,2021-06-21 17:41:00,VRAY
5.82,5.82,5.82,5.82,300,2021-06-21 17:42:00,VRAY
5.825,5.825,5.825,5.825,400,2021-06-21 17:45:00,VRAY
5.82,5.825,5.82,5.825,500,2021-06-21 17:46:00,VRAY
5.83,5.83,5.83,5.83,100,2021-06-21 17:48:00,VRAY
5.825,5.825,5.81,5.81,3100,2021-06-21 17:49:00,VRAY
5.81,5.815,5.81,5.81,700,2021-06-21 17:50:00,VRAY
5.81,5.815,5.81,5.81,1300,2021-06-21 17:51:00,VRAY
5.81,5.81,5.81,5.81,500,2021-06-21 17:52:00,VRAY
5.8116,5.815,5.8116,5.815,600,2021-06-21 17:54:00,VRAY
5.81,5.81,5.81,5.81,300,2021-06-21 17:55:00,VRAY
5.81,5.81,5.79,5.795,10926,2021-06-21 17:56:00,VRAY
5.79,5.79,5.79,5.79,100,2021-06-21 17:57:00,VRAY
5.79,5.79,5.78,5.78,1300,2021-06-21 17:58:00,VRAY
5.78,5.785,5.78,5.785,900,2021-06-21 17:59:00,VRAY
5.79,5.79,5.77,5.77,9286,2021-06-21 18:00:00,VRAY
5.77,5.77,5.77,5.77,100,2021-06-21 18:03:00,VRAY
5.77,5.77,5.75,5.75,1792,2021-06-21 18:04:00,VRAY
5.76,5.77,5.755,5.77,5300,2021-06-21 18:05:00,VRAY
5.775,5.775,5.77,5.77,600,2021-06-21 18:06:00,VRAY
5.77,5.78,5.77,5.78,200,2021-06-21 18:07:00,VRAY
5.7749,5.7749,5.7749,5.7749,194,2021-06-21 18:08:00,VRAY
5.77,5.77,5.77,5.77,200,2021-06-21 18:09:00,VRAY
5.78,5.78,5.7727,5.78,1783,2021-06-21 18:12:00,VRAY
5.775,5.775,5.77,5.775,539,2021-06-21 18:14:00,VRAY
5.775,5.775,5.775,5.775,200,2021-06-21 18:15:00,VRAY
5.78,5.79,5.78,5.79,1700,2021-06-21 18:16:00,VRAY
5.78,5.785,5.78,5.785,800,2021-06-21 18:19:00,VRAY
5.78,5.78,5.78,5.78,100,2021-06-21 18:21:00,VRAY
5.785,5.79,5.785,5.79,300,2021-06-21 18:23:00,VRAY
5.79,5.79,5.785,5.79,300,2021-06-21 18:24:00,VRAY
5.78,5.78,5.78,5.78,800,2021-06-21 18:25:00,VRAY
5.79,5.79,5.78,5.79,1800,2021-06-21 18:26:00,VRAY
5.785,5.79,5.785,5.79,200,2021-06-21 18:28:00,VRAY
5.78,5.78,5.78,5.78,100,2021-06-21 18:29:00,VRAY
5.785,5.785,5.785,5.785,100,2021-06-21 18:30:00,VRAY
5.79,5.79,5.78,5.78,6200,2021-06-21 18:31:00,VRAY
5.78,5.78,5.75,5.75,7383,2021-06-21 18:32:00,VRAY
5.75,5.76,5.75,5.7588,400,2021-06-21 18:33:00,VRAY
5.76,5.76,5.76,5.76,300,2021-06-21 18:34:00,VRAY
5.755,5.755,5.753,5.753,3000,2021-06-21 18:35:00,VRAY
5.75,5.75,5.75,5.75,400,2021-06-21 18:36:00,VRAY
5.75,5.75,5.75,5.75,200,2021-06-21 18:37:00,VRAY
5.75,5.75,5.75,5.75,100,2021-06-21 18:39:00,VRAY
5.75,5.75,5.74,5.745,3808,2021-06-21 18:40:00,VRAY
5.745,5.7499,5.74,5.745,2200,2021-06-21 18:41:00,VRAY
5.74,5.74,5.74,5.74,200,2021-06-21 18:42:00,VRAY
5.74,5.74,5.74,5.74,100,2021-06-21 18:43:00,VRAY
5.74,5.74,5.735,5.735,2575,2021-06-21 18:44:00,VRAY
5.73,5.735,5.73,5.735,693,2021-06-21 18:45:00,VRAY
5.7316,5.7316,5.7316,5.7316,100,2021-06-21 18:46:00,VRAY
5.73,5.735,5.73,5.735,200,2021-06-21 18:47:00,VRAY
5.735,5.735,5.73,5.73,2023,2021-06-21 18:48:00,VRAY
5.73,5.73,5.73,5.73,100,2021-06-21 18:49:00,VRAY
5.74,5.745,5.72,5.72,10984,2021-06-21 18:51:00,VRAY
5.73,5.735,5.73,5.735,2300,2021-06-21 18:52:00,VRAY
5.735,5.735,5.73,5.73,200,2021-06-21 18:53:00,VRAY
5.74,5.75,5.735,5.75,7232,2021-06-21 18:56:00,VRAY
5.745,5.76,5.745,5.755,4012,2021-06-21 18:57:00,VRAY
5.76,5.765,5.76,5.765,1053,2021-06-21 18:58:00,VRAY
5.76,5.76,5.74,5.745,4802,2021-06-21 18:59:00,VRAY
5.745,5.7577,5.745,5.755,3008,2021-06-21 19:00:00,VRAY
5.755,5.76,5.755,5.755,1600,2021-06-21 19:03:00,VRAY
5.76,5.77,5.76,5.77,3999,2021-06-21 19:04:00,VRAY
5.77,5.77,5.76,5.76,300,2021-06-21 19:05:00,VRAY
5.76,5.76,5.76,5.76,100,2021-06-21 19:06:00,VRAY
5.76,5.765,5.755,5.755,4053,2021-06-21 19:07:00,VRAY
5.75,5.755,5.75,5.75,300,2021-06-21 19:08:00,VRAY
5.76,5.76,5.76,5.76,100,2021-06-21 19:09:00,VRAY
5.75,5.75,5.75,5.75,2588,2021-06-21 19:10:00,VRAY
5.75,5.75,5.75,5.75,100,2021-06-21 19:11:00,VRAY
5.75,5.75,5.75,5.75,100,2021-06-21 19:13:00,VRAY
5.76,5.76,5.75,5.75,4300,2021-06-21 19:14:00,VRAY
5.755,5.755,5.755,5.755,100,2021-06-21 19:16:00,VRAY
5.76,5.76,5.75,5.75,200,2021-06-21 19:18:00,VRAY
5.755,5.755,5.755,5.755,100,2021-06-21 19:20:00,VRAY
5.75,5.75,5.74,5.74,4390,2021-06-21 19:21:00,VRAY
5.74,5.74,5.73,5.73,2290,2021-06-21 19:22:00,VRAY
5.735,5.735,5.735,5.735,100,2021-06-21 19:23:00,VRAY
5.73,5.73,5.73,5.73,100,2021-06-21 19:24:00,VRAY
5.73,5.73,5.73,5.73,100,2021-06-21 19:25:00,VRAY
5.73,5.73,5.73,5.73,1545,2021-06-21 19:26:00,VRAY
5.73,5.73,5.725,5.73,6673,2021-06-21 19:27:00,VRAY
5.74,5.74,5.74,5.74,100,2021-06-21 19:28:00,VRAY
5.735,5.737,5.735,5.735,691,2021-06-21 19:29:00,VRAY
5.73,5.73,5.73,5.73,1000,2021-06-21 19:30:00,VRAY
5.735,5.735,5.735,5.735,400,2021-06-21 19:31:00,VRAY
5.735,5.7363,5.735,5.7363,500,2021-06-21 19:33:00,VRAY
5.735,5.735,5.73,5.73,200,2021-06-21 19:34:00,VRAY
5.735,5.74,5.73,5.735,705,2021-06-21 19:35:00,VRAY
5.735,5.735,5.72,5.725,4100,2021-06-21 19:36:00,VRAY
5.72,5.72,5.72,5.72,100,2021-06-21 19:37:00,VRAY
5.73,5.73,5.725,5.725,200,2021-06-21 19:38:00,VRAY
5.725,5.725,5.72,5.72,200,2021-06-21 19:39:00,VRAY
5.725,5.725,5.725,5.725,200,2021-06-21 19:41:00,VRAY
5.7233,5.73,5.7233,5.725,2214,2021-06-21 19:42:00,VRAY
5.72,5.725,5.72,5.725,300,2021-06-21 19:43:00,VRAY
5.73,5.73,5.72,5.72,889,2021-06-21 19:44:00,VRAY
5.72,5.73,5.72,5.72,800,2021-06-21 19:45:00,VRAY
5.72,5.725,5.72,5.72,987,2021-06-21 19:46:00,VRAY
5.72,5.73,5.72,5.725,300,2021-06-21 19:47:00,VRAY
5.72,5.725,5.72,5.72,800,2021-06-21 19:48:00,VRAY
5.725,5.725,5.7237,5.725,800,2021-06-21 19:49:00,VRAY
5.73,5.74,5.72,5.735,16442,2021-06-21 19:50:00,VRAY
5.735,5.74,5.73,5.73,2300,2021-06-21 19:51:00,VRAY
5.735,5.74,5.73,5.74,853,2021-06-21 19:52:00,VRAY
5.74,5.75,5.73,5.75,33295,2021-06-21 19:53:00,VRAY
5.745,5.75,5.745,5.745,5825,2021-06-21 19:54:00,VRAY
5.75,5.75,5.74,5.75,5853,2021-06-21 19:55:00,VRAY
5.745,5.75,5.745,5.745,2359,2021-06-21 19:56:00,VRAY
5.75,5.75,5.74,5.75,2850,2021-06-21 19:57:00,VRAY
5.75,5.75,5.74,5.75,2900,2021-06-21 19:58:00,VRAY
5.75,5.75,5.735,5.74,14780,2021-06-21 19:59:00,VRAY
5.74,5.74,5.74,5.74,188222,2021-06-21 20:00:00,VRAY
5.74,5.74,5.74,5.74,3789,2021-06-21 20:01:00,VRAY
5.73,5.73,5.72,5.72,5742,2021-06-22 13:30:00,VRAY
5.75,5.75,5.68,5.705,8053,2021-06-22 13:31:00,VRAY
5.69,5.69,5.62,5.62,4719,2021-06-22 13:32:00,VRAY
5.64,5.64,5.61,5.61,4253,2021-06-22 13:33:00,VRAY
5.6,5.61,5.58,5.58,6301,2021-06-22 13:34:00,VRAY
5.59,5.61,5.59,5.61,1000,2021-06-22 13:35:00,VRAY
5.6118,5.6118,5.6118,5.6118,250,2021-06-22 13:36:00,VRAY
5.62,5.62,5.62,5.62,400,2021-06-22 13:37:00,VRAY
5.63,5.63,5.63,5.63,100,2021-06-22 13:38:00,VRAY
5.62,5.62,5.62,5.62,200,2021-06-22 13:40:00,VRAY
5.635,5.635,5.62,5.63,700,2021-06-22 13:41:00,VRAY
5.63,5.63,5.63,5.63,200,2021-06-22 13:42:00,VRAY
5.61,5.61,5.61,5.61,100,2021-06-22 13:43:00,VRAY
5.61,5.62,5.6,5.62,2600,2021-06-22 13:44:00,VRAY
5.61,5.62,5.6,5.6,5079,2021-06-22 13:45:00,VRAY
5.59,5.6,5.59,5.59,3200,2021-06-22 13:46:00,VRAY
5.5968,5.5968,5.5968,5.5968,100,2021-06-22 13:47:00,VRAY
5.59,5.59,5.57,5.57,2675,2021-06-22 13:48:00,VRAY
5.58,5.585,5.58,5.585,900,2021-06-22 13:49:00,VRAY
5.585,5.585,5.585,5.585,500,2021-06-22 13:50:00,VRAY
5.58,5.58,5.531,5.535,2607,2021-06-22 13:51:00,VRAY
5.54,5.54,5.533,5.5373,300,2021-06-22 13:52:00,VRAY
5.5373,5.5373,5.5373,5.5373,100,2021-06-22 13:53:00,VRAY
5.54,5.55,5.53,5.53,1800,2021-06-22 13:54:00,VRAY
5.54,5.545,5.53,5.545,4600,2021-06-22 13:55:00,VRAY
5.55,5.56,5.55,5.55,700,2021-06-22 13:56:00,VRAY
5.56,5.59,5.56,5.58,3281,2021-06-22 13:57:00,VRAY
5.57,5.57,5.57,5.57,100,2021-06-22 13:58:00,VRAY
5.58,5.58,5.55,5.55,1700,2021-06-22 14:00:00,VRAY
5.55,5.575,5.55,5.57,2800,2021-06-22 14:01:00,VRAY
5.575,5.58,5.575,5.575,580,2021-06-22 14:02:00,VRAY
5.59,5.59,5.585,5.59,1800,2021-06-22 14:03:00,VRAY
5.58,5.58,5.57,5.57,1960,2021-06-22 14:06:00,VRAY
5.57,5.5712,5.57,5.5712,1300,2021-06-22 14:07:00,VRAY
5.575,5.59,5.575,5.59,2900,2021-06-22 14:11:00,VRAY
5.595,5.595,5.595,5.595,200,2021-06-22 14:12:00,VRAY
5.6,5.6,5.58,5.58,6505,2021-06-22 14:13:00,VRAY
5.58,5.58,5.58,5.58,100,2021-06-22 14:14:00,VRAY
5.59,5.59,5.58,5.59,300,2021-06-22 14:16:00,VRAY
5.59,5.6,5.58,5.58,3611,2021-06-22 14:17:00,VRAY
5.59,5.6,5.59,5.59,900,2021-06-22 14:19:00,VRAY
5.595,5.6,5.595,5.595,921,2021-06-22 14:22:00,VRAY
5.595,5.595,5.595,5.595,200,2021-06-22 14:23:00,VRAY
5.595,5.595,5.59,5.59,500,2021-06-22 14:24:00,VRAY
5.6,5.6,5.595,5.595,200,2021-06-22 14:25:00,VRAY
5.59,5.59,5.59,5.59,100,2021-06-22 14:27:00,VRAY
5.6,5.6,5.595,5.595,300,2021-06-22 14:28:00,VRAY
5.6,5.6,5.59,5.595,400,2021-06-22 14:29:00,VRAY
5.59,5.59,5.55,5.55,25541,2021-06-22 14:31:00,VRAY
5.55,5.55,5.55,5.55,200,2021-06-22 14:32:00,VRAY
5.55,5.55,5.53,5.53,4903,2021-06-22 14:33:00,VRAY
5.53,5.555,5.525,5.555,4731,2021-06-22 14:34:00,VRAY
5.555,5.56,5.555,5.56,1900,2021-06-22 14:35:00,VRAY
5.565,5.565,5.56,5.56,770,2021-06-22 14:37:00,VRAY
5.55,5.555,5.55,5.555,200,2021-06-22 14:38:00,VRAY
5.56,5.56,5.56,5.56,200,2021-06-22 14:39:00,VRAY
5.56,5.56,5.5558,5.56,500,2021-06-22 14:41:00,VRAY
5.56,5.575,5.56,5.565,3401,2021-06-22 14:42:00,VRAY
5.57,5.575,5.57,5.575,700,2021-06-22 14:43:00,VRAY
5.575,5.575,5.575,5.575,100,2021-06-22 14:44:00,VRAY
5.57,5.57,5.57,5.57,200,2021-06-22 14:46:00,VRAY
5.58,5.58,5.58,5.58,165,2021-06-22 14:48:00,VRAY
5.58,5.59,5.58,5.59,800,2021-06-22 14:49:00,VRAY
5.58,5.58,5.58,5.58,100,2021-06-22 14:51:00,VRAY
5.59,5.59,5.59,5.59,687,2021-06-22 14:52:00,VRAY
5.595,5.595,5.595,5.595,100,2021-06-22 14:53:00,VRAY
5.6,5.605,5.6,5.605,2179,2021-06-22 14:54:00,VRAY
5.61,5.615,5.605,5.615,3385,2021-06-22 14:55:00,VRAY
5.615,5.615,5.61,5.61,3121,2021-06-22 14:57:00,VRAY
5.62,5.62,5.61,5.62,909,2021-06-22 14:58:00,VRAY
5.615,5.63,5.615,5.63,1600,2021-06-22 14:59:00,VRAY
5.63,5.63,5.62,5.62,1489,2021-06-22 15:00:00,VRAY
5.63,5.63,5.62,5.63,1500,2021-06-22 15:01:00,VRAY
5.625,5.625,5.62,5.62,400,2021-06-22 15:02:00,VRAY
5.63,5.63,5.63,5.63,300,2021-06-22 15:03:00,VRAY
5.63,5.63,5.625,5.63,1100,2021-06-22 15:04:00,VRAY
5.63,5.63,5.62,5.62,1100,2021-06-22 15:05:00,VRAY
5.625,5.625,5.62,5.625,8909,2021-06-22 15:06:00,VRAY
5.625,5.63,5.625,5.625,1503,2021-06-22 15:07:00,VRAY
5.625,5.64,5.625,5.64,756,2021-06-22 15:08:00,VRAY
5.635,5.635,5.635,5.635,200,2021-06-22 15:09:00,VRAY
5.635,5.635,5.635,5.635,200,2021-06-22 15:10:00,VRAY
5.635,5.635,5.635,5.635,300,2021-06-22 15:11:00,VRAY
5.635,5.635,5.635,5.635,800,2021-06-22 15:12:00,VRAY
5.635,5.64,5.6333,5.635,1551,2021-06-22 15:13:00,VRAY
5.63,5.63,5.63,5.63,120,2021-06-22 15:14:00,VRAY
5.635,5.64,5.635,5.635,5814,2021-06-22 15:15:00,VRAY
5.63,5.63,5.63,5.63,240,2021-06-22 15:16:00,VRAY
5.64,5.64,5.64,5.64,100,2021-06-22 15:17:00,VRAY
5.635,5.64,5.63,5.63,8936,2021-06-22 15:18:00,VRAY
5.63,5.63,5.625,5.625,227,2021-06-22 15:19:00,VRAY
5.62,5.62,5.62,5.62,1100,2021-06-22 15:20:00,VRAY
5.6201,5.6201,5.6201,5.6201,100,2021-06-22 15:21:00,VRAY
5.6235,5.6235,5.6235,5.6235,200,2021-06-22 15:22:00,VRAY
5.63,5.63,5.63,5.63,200,2021-06-22 15:26:00,VRAY
5.63,5.645,5.63,5.645,3326,2021-06-22 15:27:00,VRAY
5.645,5.645,5.645,5.645,400,2021-06-22 15:28:00,VRAY
5.65,5.67,5.65,5.67,2099,2021-06-22 15:29:00,VRAY
5.67,5.67,5.6622,5.6622,1200,2021-06-22 15:30:00,VRAY
5.67,5.69,5.67,5.69,2152,2021-06-22 15:31:00,VRAY
5.7,5.7,5.7,5.7,300,2021-06-22 15:32:00,VRAY
5.695,5.695,5.695,5.695,200,2021-06-22 15:34:00,VRAY
5.69,5.69,5.69,5.69,100,2021-06-22 15:35:00,VRAY
5.69,5.69,5.685,5.685,3415,2021-06-22 15:37:00,VRAY
5.68,5.68,5.6701,5.6701,1520,2021-06-22 15:38:00,VRAY
5.68,5.68,5.675,5.68,918,2021-06-22 15:41:00,VRAY
5.68,5.68,5.68,5.68,128,2021-06-22 15:43:00,VRAY
5.68,5.68,5.68,5.68,100,2021-06-22 15:44:00,VRAY
5.68,5.68,5.68,5.68,622,2021-06-22 15:45:00,VRAY
5.685,5.685,5.685,5.685,500,2021-06-22 15:46:00,VRAY
5.69,5.71,5.69,5.71,2785,2021-06-22 15:49:00,VRAY
5.71,5.73,5.71,5.73,2100,2021-06-22 15:51:00,VRAY
5.725,5.73,5.725,5.73,300,2021-06-22 15:52:00,VRAY
5.725,5.73,5.72,5.72,16603,2021-06-22 15:53:00,VRAY
5.72,5.725,5.72,5.725,400,2021-06-22 15:54:00,VRAY
5.72,5.73,5.72,5.73,300,2021-06-22 15:55:00,VRAY
5.73,5.73,5.72,5.73,1900,2021-06-22 15:56:00,VRAY
5.725,5.73,5.72,5.72,1512,2021-06-22 15:57:00,VRAY
5.72,5.72,5.72,5.72,1200,2021-06-22 15:58:00,VRAY
5.72,5.72,5.71,5.71,2974,2021-06-22 15:59:00,VRAY
5.715,5.72,5.715,5.72,372,2021-06-22 16:00:00,VRAY
5.72,5.73,5.72,5.72,4168,2021-06-22 16:01:00,VRAY
5.725,5.73,5.72,5.72,6081,2021-06-22 16:02:00,VRAY
5.715,5.72,5.715,5.72,300,2021-06-22 16:03:00,VRAY
5.715,5.715,5.715,5.715,100,2021-06-22 16:05:00,VRAY
5.715,5.715,5.71,5.715,400,2021-06-22 16:08:00,VRAY
5.72,5.72,5.72,5.72,100,2021-06-22 16:11:00,VRAY
5.72,5.72,5.72,5.72,100,2021-06-22 16:12:00,VRAY
5.715,5.72,5.715,5.72,969,2021-06-22 16:13:00,VRAY
5.72,5.72,5.72,5.72,100,2021-06-22 16:14:00,VRAY
5.7162,5.72,5.7162,5.72,300,2021-06-22 16:15:00,VRAY
5.715,5.715,5.715,5.715,1800,2021-06-22 16:16:00,VRAY
5.715,5.715,5.71,5.71,800,2021-06-22 16:17:00,VRAY
5.72,5.72,5.71,5.71,6457,2021-06-22 16:18:00,VRAY
5.72,5.72,5.715,5.715,500,2021-06-22 16:20:00,VRAY
5.715,5.715,5.715,5.715,100,2021-06-22 16:21:00,VRAY
5.72,5.72,5.72,5.72,100,2021-06-22 16:23:00,VRAY
5.72,5.72,5.72,5.72,100,2021-06-22 16:24:00,VRAY
5.72,5.72,5.72,5.72,200,2021-06-22 16:25:00,VRAY
5.72,5.72,5.715,5.715,400,2021-06-22 16:26:00,VRAY
5.7101,5.72,5.7101,5.72,350,2021-06-22 16:27:00,VRAY
5.715,5.72,5.715,5.72,200,2021-06-22 16:28:00,VRAY
5.72,5.72,5.72,5.72,100,2021-06-22 16:29:00,VRAY
5.714,5.72,5.714,5.72,300,2021-06-22 16:31:00,VRAY
5.72,5.72,5.71,5.715,1100,2021-06-22 16:32:00,VRAY
5.72,5.72,5.715,5.72,300,2021-06-22 16:33:00,VRAY
5.72,5.72,5.72,5.72,200,2021-06-22 16:34:00,VRAY
5.72,5.745,5.72,5.73,23536,2021-06-22 16:35:00,VRAY
5.735,5.735,5.735,5.735,1700,2021-06-22 16:36:00,VRAY
5.7367,5.7367,5.7367,5.7367,261,2021-06-22 16:39:00,VRAY
5.73,5.73,5.725,5.73,2878,2021-06-22 16:40:00,VRAY
5.72,5.72,5.72,5.72,662,2021-06-22 16:41:00,VRAY
5.73,5.73,5.725,5.725,300,2021-06-22 16:43:00,VRAY
5.725,5.725,5.725,5.725,300,2021-06-22 16:47:00,VRAY
5.725,5.725,5.725,5.725,200,2021-06-22 16:48:00,VRAY
5.725,5.725,5.725,5.725,400,2021-06-22 16:49:00,VRAY
5.725,5.725,5.725,5.725,100,2021-06-22 16:50:00,VRAY
5.725,5.725,5.725,5.725,400,2021-06-22 16:51:00,VRAY
5.725,5.73,5.725,5.725,530,2021-06-22 16:52:00,VRAY
5.725,5.725,5.7231,5.7231,450,2021-06-22 16:53:00,VRAY
5.725,5.725,5.725,5.725,200,2021-06-22 16:54:00,VRAY
5.725,5.725,5.725,5.725,200,2021-06-22 16:55:00,VRAY
5.72,5.72,5.705,5.705,10365,2021-06-22 16:56:00,VRAY
5.705,5.705,5.705,5.705,100,2021-06-22 16:57:00,VRAY
5.705,5.72,5.7,5.715,4333,2021-06-22 17:00:00,VRAY
5.72,5.72,5.72,5.72,5300,2021-06-22 17:03:00,VRAY
5.715,5.715,5.715,5.715,100,2021-06-22 17:04:00,VRAY
5.72,5.72,5.72,5.72,100,2021-06-22 17:05:00,VRAY
5.72,5.72,5.715,5.715,313,2021-06-22 17:07:00,VRAY
5.72,5.72,5.72,5.72,200,2021-06-22 17:08:00,VRAY
5.72,5.72,5.72,5.72,402,2021-06-22 17:09:00,VRAY
5.72,5.72,5.72,5.72,300,2021-06-22 17:10:00,VRAY
5.72,5.72,5.72,5.72,100,2021-06-22 17:15:00,VRAY
5.72,5.72,5.72,5.72,100,2021-06-22 17:16:00,VRAY
5.72,5.72,5.72,5.72,100,2021-06-22 17:17:00,VRAY
5.715,5.715,5.71,5.715,5874,2021-06-22 17:20:00,VRAY
5.705,5.705,5.7,5.7,200,2021-06-22 17:22:00,VRAY
5.71,5.71,5.7,5.7,200,2021-06-22 17:25:00,VRAY
5.7038,5.7038,5.7,5.7,200,2021-06-22 17:29:00,VRAY
5.701,5.7029,5.7,5.7,760,2021-06-22 17:30:00,VRAY
5.705,5.705,5.705,5.705,100,2021-06-22 17:31:00,VRAY
5.71,5.71,5.71,5.71,700,2021-06-22 17:33:00,VRAY
5.71,5.71,5.71,5.71,100,2021-06-22 17:34:00,VRAY
5.71,5.71,5.71,5.71,100,2021-06-22 17:35:00,VRAY
5.71,5.71,5.71,5.71,100,2021-06-22 17:36:00,VRAY
5.71,5.71,5.71,5.71,100,2021-06-22 17:37:00,VRAY
5.7,5.71,5.7,5.71,600,2021-06-22 17:38:00,VRAY
5.71,5.71,5.71,5.71,200,2021-06-22 17:40:00,VRAY
5.71,5.71,5.71,5.71,100,2021-06-22 17:41:00,VRAY
5.705,5.705,5.7032,5.7032,894,2021-06-22 17:45:00,VRAY
5.7001,5.705,5.7001,5.705,400,2021-06-22 17:46:00,VRAY
5.71,5.71,5.71,5.71,400,2021-06-22 17:47:00,VRAY
5.71,5.71,5.71,5.71,100,2021-06-22 17:49:00,VRAY
5.71,5.71,5.71,5.71,200,2021-06-22 17:50:00,VRAY
5.71,5.71,5.71,5.71,100,2021-06-22 17:51:00,VRAY
5.71,5.71,5.71,5.71,100,2021-06-22 17:52:00,VRAY
5.7,5.705,5.7,5.7,2000,2021-06-22 17:55:00,VRAY
5.705,5.71,5.705,5.71,900,2021-06-22 17:56:00,VRAY
5.71,5.71,5.71,5.71,100,2021-06-22 17:57:00,VRAY
5.705,5.71,5.705,5.705,800,2021-06-22 17:58:00,VRAY
5.707,5.71,5.707,5.71,300,2021-06-22 17:59:00,VRAY
5.7,5.71,5.7,5.7,468,2021-06-22 18:00:00,VRAY
5.705,5.705,5.7037,5.705,300,2021-06-22 18:01:00,VRAY
5.71,5.71,5.71,5.71,100,2021-06-22 18:02:00,VRAY
5.71,5.71,5.705,5.705,400,2021-06-22 18:03:00,VRAY
5.705,5.71,5.7,5.71,600,2021-06-22 18:04:00,VRAY
5.705,5.705,5.705,5.705,3170,2021-06-22 18:06:00,VRAY
5.71,5.71,5.71,5.71,100,2021-06-22 18:07:00,VRAY
5.705,5.705,5.7,5.7,218,2021-06-22 18:08:00,VRAY
5.705,5.71,5.7,5.71,500,2021-06-22 18:09:00,VRAY
5.7,5.71,5.7,5.71,300,2021-06-22 18:10:00,VRAY
5.71,5.71,5.71,5.71,200,2021-06-22 18:11:00,VRAY
5.7,5.71,5.7,5.71,400,2021-06-22 18:12:00,VRAY
5.71,5.71,5.71,5.71,100,2021-06-22 18:13:00,VRAY
5.71,5.74,5.71,5.74,4288,2021-06-22 18:14:00,VRAY
5.74,5.75,5.74,5.75,1236,2021-06-22 18:15:00,VRAY
5.75,5.75,5.75,5.75,1600,2021-06-22 18:16:00,VRAY
5.7435,5.75,5.7435,5.75,450,2021-06-22 18:17:00,VRAY
5.745,5.75,5.745,5.745,1100,2021-06-22 18:18:00,VRAY
5.75,5.75,5.75,5.75,100,2021-06-22 18:19:00,VRAY
5.74,5.74,5.74,5.74,2449,2021-06-22 18:20:00,VRAY
5.74,5.74,5.74,5.74,600,2021-06-22 18:21:00,VRAY
5.74,5.74,5.74,5.74,300,2021-06-22 18:22:00,VRAY
5.74,5.74,5.735,5.735,785,2021-06-22 18:23:00,VRAY
5.74,5.74,5.74,5.74,200,2021-06-22 18:25:00,VRAY
5.74,5.74,5.74,5.74,200,2021-06-22 18:26:00,VRAY
5.74,5.74,5.735,5.735,6700,2021-06-22 18:29:00,VRAY
5.73,5.735,5.73,5.735,2462,2021-06-22 18:31:00,VRAY
5.74,5.74,5.74,5.74,100,2021-06-22 18:32:00,VRAY
5.74,5.74,5.74,5.74,113,2021-06-22 18:35:00,VRAY
5.74,5.74,5.74,5.74,100,2021-06-22 18:37:00,VRAY
5.74,5.74,5.74,5.74,100,2021-06-22 18:38:00,VRAY
5.74,5.74,5.74,5.74,300,2021-06-22 18:39:00,VRAY
5.74,5.74,5.74,5.74,200,2021-06-22 18:44:00,VRAY
5.74,5.75,5.74,5.745,4417,2021-06-22 18:45:00,VRAY
5.745,5.75,5.745,5.75,500,2021-06-22 18:46:00,VRAY
5.74,5.745,5.74,5.74,500,2021-06-22 18:47:00,VRAY
5.74,5.74,5.74,5.74,300,2021-06-22 18:49:00,VRAY
5.75,5.75,5.74,5.74,1305,2021-06-22 18:51:00,VRAY
5.745,5.745,5.74,5.74,400,2021-06-22 18:52:00,VRAY
5.745,5.745,5.745,5.745,300,2021-06-22 18:53:00,VRAY
5.74,5.74,5.74,5.74,300,2021-06-22 18:54:00,VRAY
5.74,5.74,5.74,5.74,120,2021-06-22 18:55:00,VRAY
5.74,5.75,5.74,5.75,600,2021-06-22 18:56:00,VRAY
5.7478,5.7478,5.74,5.74,1300,2021-06-22 18:58:00,VRAY
5.74,5.745,5.74,5.745,200,2021-06-22 18:59:00,VRAY
5.74,5.74,5.74,5.74,300,2021-06-22 19:00:00,VRAY
5.74,5.75,5.74,5.75,300,2021-06-22 19:01:00,VRAY
5.745,5.7699,5.74,5.75,14852,2021-06-22 19:02:00,VRAY
5.75,5.75,5.75,5.75,600,2021-06-22 19:03:00,VRAY
5.76,5.76,5.76,5.76,100,2021-06-22 19:04:00,VRAY
5.76,5.76,5.76,5.76,300,2021-06-22 19:05:00,VRAY
5.7525,5.77,5.7525,5.77,3101,2021-06-22 19:06:00,VRAY
5.765,5.765,5.765,5.765,500,2021-06-22 19:07:00,VRAY
5.77,5.78,5.77,5.775,2007,2021-06-22 19:08:00,VRAY
5.775,5.775,5.775,5.775,100,2021-06-22 19:10:00,VRAY
5.78,5.78,5.78,5.78,100,2021-06-22 19:11:00,VRAY
5.78,5.78,5.775,5.775,300,2021-06-22 19:12:00,VRAY
5.775,5.78,5.775,5.78,1300,2021-06-22 19:13:00,VRAY
5.78,5.785,5.78,5.785,1400,2021-06-22 19:14:00,VRAY
5.79,5.8,5.79,5.8,988,2021-06-22 19:15:00,VRAY
5.8,5.81,5.8,5.81,900,2021-06-22 19:16:00,VRAY
5.8,5.81,5.8,5.805,2800,2021-06-22 19:17:00,VRAY
5.81,5.81,5.81,5.81,102,2021-06-22 19:19:00,VRAY
5.81,5.82,5.81,5.8134,1446,2021-06-22 19:20:00,VRAY
5.82,5.82,5.82,5.82,200,2021-06-22 19:21:00,VRAY
5.815,5.82,5.815,5.82,836,2021-06-22 19:22:00,VRAY
5.81,5.81,5.8,5.8,7779,2021-06-22 19:23:00,VRAY
5.8,5.815,5.79,5.81,3893,2021-06-22 19:24:00,VRAY
5.815,5.82,5.81,5.81,300,2021-06-22 19:25:00,VRAY
5.81,5.82,5.81,5.82,2387,2021-06-22 19:26:00,VRAY
5.815,5.815,5.815,5.815,200,2021-06-22 19:27:00,VRAY
5.82,5.83,5.82,5.82,3451,2021-06-22 19:28:00,VRAY
5.82,5.825,5.82,5.825,1846,2021-06-22 19:29:00,VRAY
5.8138,5.825,5.8138,5.825,2400,2021-06-22 19:30:00,VRAY
5.82,5.82,5.81,5.81,2902,2021-06-22 19:32:00,VRAY
5.81,5.81,5.81,5.81,420,2021-06-22 19:33:00,VRAY
5.815,5.815,5.815,5.815,300,2021-06-22 19:34:00,VRAY
5.815,5.815,5.815,5.815,200,2021-06-22 19:35:00,VRAY
5.815,5.815,5.81,5.81,700,2021-06-22 19:36:00,VRAY
5.82,5.82,5.81,5.82,3697,2021-06-22 19:40:00,VRAY
5.815,5.815,5.815,5.815,100,2021-06-22 19:41:00,VRAY
5.81,5.815,5.8,5.805,5084,2021-06-22 19:42:00,VRAY
5.805,5.805,5.8,5.805,400,2021-06-22 19:43:00,VRAY
5.805,5.81,5.805,5.81,300,2021-06-22 19:45:00,VRAY
5.8,5.81,5.8,5.81,2300,2021-06-22 19:46:00,VRAY
5.81,5.81,5.81,5.81,662,2021-06-22 19:47:00,VRAY
5.805,5.81,5.8,5.81,500,2021-06-22 19:48:00,VRAY
5.805,5.81,5.8,5.805,5403,2021-06-22 19:49:00,VRAY
5.81,5.81,5.8,5.81,21338,2021-06-22 19:50:00,VRAY
5.81,5.81,5.8,5.8,3453,2021-06-22 19:51:00,VRAY
5.8,5.805,5.79,5.8,11684,2021-06-22 19:52:00,VRAY
5.795,5.795,5.79,5.79,200,2021-06-22 19:53:00,VRAY
5.79,5.815,5.79,5.81,16623,2021-06-22 19:54:00,VRAY
5.81,5.815,5.81,5.815,3026,2021-06-22 19:55:00,VRAY
5.82,5.82,5.81,5.815,1400,2021-06-22 19:56:00,VRAY
5.815,5.82,5.81,5.82,9312,2021-06-22 19:57:00,VRAY
5.815,5.82,5.81,5.82,5908,2021-06-22 19:58:00,VRAY
5.82,5.83,5.815,5.83,16133,2021-06-22 19:59:00,VRAY
5.83,5.83,5.83,5.83,134975,2021-06-22 20:00:00,VRAY
5.83,5.83,5.83,5.83,105,2021-06-22 20:07:00,VRAY
5.96,5.96,5.96,5.96,1000,2021-06-23 12:25:00,VRAY
5.87,5.87,5.83,5.83,6446,2021-06-23 13:30:00,VRAY
5.83,5.845,5.83,5.845,700,2021-06-23 13:31:00,VRAY
5.86,5.87,5.83,5.83,2551,2021-06-23 13:32:00,VRAY
5.84,5.84,5.84,5.84,700,2021-06-23 13:33:00,VRAY
5.85,5.86,5.85,5.86,2000,2021-06-23 13:35:00,VRAY
5.85,5.85,5.85,5.85,700,2021-06-23 13:36:00,VRAY
5.85,5.85,5.85,5.85,400,2021-06-23 13:37:00,VRAY
5.845,5.845,5.84,5.84,1029,2021-06-23 13:38:00,VRAY
5.84,5.84,5.84,5.84,300,2021-06-23 13:40:00,VRAY
5.84,5.84,5.82,5.82,640,2021-06-23 13:41:00,VRAY
5.83,5.83,5.83,5.83,167,2021-06-23 13:42:00,VRAY
5.83,5.84,5.83,5.84,400,2021-06-23 13:43:00,VRAY
5.85,5.85,5.85,5.85,100,2021-06-23 13:44:00,VRAY
5.86,5.86,5.855,5.86,800,2021-06-23 13:45:00,VRAY
5.86,5.87,5.85,5.87,19496,2021-06-23 13:47:00,VRAY
5.8829,5.885,5.88,5.885,2100,2021-06-23 13:48:00,VRAY
5.8818,5.8818,5.865,5.88,2400,2021-06-23 13:49:00,VRAY
5.885,5.885,5.88,5.88,884,2021-06-23 13:50:00,VRAY
5.885,5.899,5.885,5.8875,3312,2021-06-23 13:51:00,VRAY
5.885,5.885,5.87,5.88,6100,2021-06-23 13:52:00,VRAY
5.88,5.885,5.88,5.885,500,2021-06-23 13:53:00,VRAY
5.885,5.885,5.88,5.88,200,2021-06-23 13:54:00,VRAY
5.88,5.88,5.88,5.88,200,2021-06-23 13:55:00,VRAY
5.88,5.885,5.88,5.88,664,2021-06-23 13:56:00,VRAY
5.8818,5.883,5.88,5.88,4814,2021-06-23 13:58:00,VRAY
5.88,5.88,5.87,5.87,600,2021-06-23 14:00:00,VRAY
5.87,5.87,5.85,5.85,1900,2021-06-23 14:01:00,VRAY
5.84,5.84,5.83,5.83,796,2021-06-23 14:02:00,VRAY
5.835,5.835,5.835,5.835,100,2021-06-23 14:03:00,VRAY
5.84,5.85,5.83,5.83,1400,2021-06-23 14:04:00,VRAY
5.824,5.824,5.824,5.824,500,2021-06-23 14:05:00,VRAY
5.8275,5.83,5.825,5.8299,2728,2021-06-23 14:06:00,VRAY
5.8281,5.85,5.8281,5.845,2776,2021-06-23 14:07:00,VRAY
5.84,5.84,5.84,5.84,200,2021-06-23 14:08:00,VRAY
5.84,5.84,5.84,5.84,745,2021-06-23 14:09:00,VRAY
5.84,5.84,5.84,5.84,1485,2021-06-23 14:10:00,VRAY
5.83,5.83,5.83,5.83,500,2021-06-23 14:11:00,VRAY
5.83,5.83,5.83,5.83,874,2021-06-23 14:12:00,VRAY
5.83,5.83,5.83,5.83,100,2021-06-23 14:13:00,VRAY
5.83,5.83,5.83,5.83,100,2021-06-23 14:14:00,VRAY
5.83,5.83,5.82,5.82,1527,2021-06-23 14:16:00,VRAY
5.825,5.825,5.825,5.825,350,2021-06-23 14:17:00,VRAY
5.83,5.83,5.82,5.82,4146,2021-06-23 14:23:00,VRAY
5.82,5.82,5.82,5.82,200,2021-06-23 14:24:00,VRAY
5.83,5.835,5.83,5.835,1200,2021-06-23 14:26:00,VRAY
5.83,5.83,5.83,5.83,200,2021-06-23 14:27:00,VRAY
5.83,5.83,5.83,5.83,1844,2021-06-23 14:32:00,VRAY
5.82,5.82,5.82,5.82,200,2021-06-23 14:33:00,VRAY
5.825,5.825,5.825,5.825,100,2021-06-23 14:34:00,VRAY
5.82,5.82,5.82,5.82,100,2021-06-23 14:35:00,VRAY
5.83,5.83,5.825,5.825,1685,2021-06-23 14:36:00,VRAY
5.825,5.825,5.825,5.825,100,2021-06-23 14:37:00,VRAY
5.825,5.825,5.825,5.825,100,2021-06-23 14:38:00,VRAY
5.82,5.82,5.82,5.82,200,2021-06-23 14:39:00,VRAY
5.82,5.8232,5.815,5.815,2417,2021-06-23 14:42:00,VRAY
5.815,5.815,5.81,5.81,200,2021-06-23 14:43:00,VRAY
5.81,5.81,5.81,5.81,100,2021-06-23 14:44:00,VRAY
5.8175,5.82,5.815,5.82,4625,2021-06-23 14:45:00,VRAY
5.8201,5.8201,5.815,5.815,5253,2021-06-23 14:46:00,VRAY
5.815,5.815,5.8016,5.805,2300,2021-06-23 14:47:00,VRAY
5.805,5.805,5.8,5.805,600,2021-06-23 14:48:00,VRAY
5.8,5.8,5.79,5.79,400,2021-06-23 14:49:00,VRAY
5.8,5.8,5.79,5.79,1297,2021-06-23 14:50:00,VRAY
5.79,5.79,5.79,5.79,400,2021-06-23 14:51:00,VRAY
5.8,5.8,5.8,5.8,600,2021-06-23 14:53:00,VRAY
5.805,5.805,5.805,5.805,100,2021-06-23 14:55:00,VRAY
5.805,5.805,5.805,5.805,100,2021-06-23 14:56:00,VRAY
5.805,5.806,5.805,5.806,1100,2021-06-23 15:00:00,VRAY
5.8,5.8,5.795,5.8,1300,2021-06-23 15:02:00,VRAY
5.79,5.79,5.785,5.785,1043,2021-06-23 15:03:00,VRAY
5.787,5.787,5.78,5.78,200,2021-06-23 15:04:00,VRAY
5.79,5.79,5.79,5.79,100,2021-06-23 15:05:00,VRAY
5.78,5.78,5.78,5.78,300,2021-06-23 15:06:00,VRAY
5.79,5.8,5.785,5.8,4901,2021-06-23 15:08:00,VRAY
5.795,5.8,5.795,5.795,852,2021-06-23 15:09:00,VRAY
5.795,5.795,5.795,5.795,100,2021-06-23 15:11:00,VRAY
5.795,5.815,5.795,5.815,3100,2021-06-23 15:13:00,VRAY
5.82,5.825,5.82,5.8248,3461,2021-06-23 15:14:00,VRAY
5.83,5.83,5.83,5.83,243,2021-06-23 15:15:00,VRAY
5.825,5.825,5.825,5.825,200,2021-06-23 15:16:00,VRAY
5.8247,5.8247,5.8247,5.8247,1000,2021-06-23 15:17:00,VRAY
5.825,5.825,5.825,5.825,100,2021-06-23 15:18:00,VRAY
5.8264,5.8264,5.8264,5.8264,750,2021-06-23 15:19:00,VRAY
5.8299,5.8299,5.8299,5.8299,100,2021-06-23 15:20:00,VRAY
5.825,5.825,5.825,5.825,100,2021-06-23 15:21:00,VRAY
5.825,5.825,5.825,5.825,500,2021-06-23 15:29:00,VRAY
5.8283,5.8283,5.8283,5.8283,478,2021-06-23 15:30:00,VRAY
5.82,5.82,5.81,5.815,2889,2021-06-23 15:31:00,VRAY
5.82,5.825,5.815,5.825,2034,2021-06-23 15:32:00,VRAY
5.82,5.82,5.82,5.82,200,2021-06-23 15:34:00,VRAY
5.82,5.82,5.81,5.81,1023,2021-06-23 15:35:00,VRAY
5.815,5.815,5.815,5.815,100,2021-06-23 15:36:00,VRAY
5.815,5.815,5.815,5.815,100,2021-06-23 15:40:00,VRAY
5.815,5.815,5.815,5.815,100,2021-06-23 15:44:00,VRAY
5.82,5.85,5.82,5.845,6283,2021-06-23 15:45:00,VRAY
5.85,5.85,5.845,5.85,400,2021-06-23 15:49:00,VRAY
5.85,5.85,5.8482,5.8482,400,2021-06-23 15:51:00,VRAY
5.85,5.86,5.85,5.86,2141,2021-06-23 15:52:00,VRAY
5.855,5.855,5.845,5.845,4577,2021-06-23 15:53:00,VRAY
5.85,5.85,5.84,5.84,200,2021-06-23 15:54:00,VRAY
5.845,5.845,5.845,5.845,100,2021-06-23 15:55:00,VRAY
5.85,5.85,5.845,5.845,212,2021-06-23 15:59:00,VRAY
5.85,5.85,5.85,5.85,100,2021-06-23 16:02:00,VRAY
5.84,5.84,5.84,5.84,100,2021-06-23 16:03:00,VRAY
5.84,5.84,5.84,5.84,100,2021-06-23 16:04:00,VRAY
5.85,5.85,5.845,5.85,3100,2021-06-23 16:09:00,VRAY
5.855,5.855,5.855,5.855,100,2021-06-23 16:10:00,VRAY
5.86,5.86,5.85,5.85,1847,2021-06-23 16:11:00,VRAY
5.855,5.855,5.855,5.855,100,2021-06-23 16:12:00,VRAY
5.855,5.855,5.85,5.85,200,2021-06-23 16:13:00,VRAY
5.855,5.855,5.855,5.855,100,2021-06-23 16:14:00,VRAY
5.85,5.85,5.85,5.85,100,2021-06-23 16:15:00,VRAY
5.855,5.855,5.855,5.855,100,2021-06-23 16:16:00,VRAY
5.86,5.87,5.86,5.865,4392,2021-06-23 16:18:00,VRAY
5.865,5.875,5.865,5.875,800,2021-06-23 16:19:00,VRAY
5.88,5.887,5.88,5.887,600,2021-06-23 16:20:00,VRAY
5.885,5.885,5.885,5.885,400,2021-06-23 16:21:00,VRAY
5.885,5.895,5.885,5.895,700,2021-06-23 16:22:00,VRAY
5.9,5.9,5.895,5.895,9100,2021-06-23 16:23:00,VRAY
5.89,5.89,5.88,5.88,31877,2021-06-23 16:25:00,VRAY
5.875,5.875,5.87,5.87,200,2021-06-23 16:26:00,VRAY
5.875,5.875,5.875,5.875,100,2021-06-23 16:29:00,VRAY
5.88,5.89,5.88,5.89,2807,2021-06-23 16:30:00,VRAY
5.89,5.89,5.89,5.89,300,2021-06-23 16:31:00,VRAY
5.89,5.89,5.88,5.88,850,2021-06-23 16:32:00,VRAY
5.885,5.885,5.885,5.885,100,2021-06-23 16:33:00,VRAY
5.8899,5.8899,5.8899,5.8899,118,2021-06-23 16:34:00,VRAY
5.885,5.9,5.885,5.895,1125,2021-06-23 16:36:00,VRAY
5.89,5.89,5.885,5.885,900,2021-06-23 16:39:00,VRAY
5.88,5.88,5.875,5.875,500,2021-06-23 16:40:00,VRAY
5.88,5.88,5.87,5.88,1126,2021-06-23 16:41:00,VRAY
5.89,5.89,5.89,5.89,1492,2021-06-23 16:44:00,VRAY
5.89,5.89,5.89,5.89,2220,2021-06-23 16:45:00,VRAY
5.88,5.88,5.88,5.88,1000,2021-06-23 16:49:00,VRAY
5.875,5.875,5.875,5.875,200,2021-06-23 16:51:00,VRAY
5.875,5.875,5.875,5.875,100,2021-06-23 16:52:00,VRAY
5.875,5.8799,5.875,5.8799,2550,2021-06-23 16:55:00,VRAY
5.88,5.885,5.88,5.88,1700,2021-06-23 16:56:00,VRAY
5.875,5.875,5.875,5.875,100,2021-06-23 16:58:00,VRAY
5.875,5.875,5.875,5.875,100,2021-06-23 17:03:00,VRAY
5.875,5.875,5.875,5.875,100,2021-06-23 17:05:00,VRAY
5.875,5.875,5.87,5.875,1400,2021-06-23 17:06:00,VRAY
5.88,5.88,5.87,5.88,4937,2021-06-23 17:07:00,VRAY
5.875,5.875,5.875,5.875,200,2021-06-23 17:14:00,VRAY
5.875,5.8799,5.875,5.8799,600,2021-06-23 17:15:00,VRAY
5.87,5.87,5.87,5.87,1090,2021-06-23 17:17:00,VRAY
5.875,5.875,5.87,5.87,300,2021-06-23 17:21:00,VRAY
5.875,5.875,5.875,5.875,160,2021-06-23 17:22:00,VRAY
5.87,5.87,5.87,5.87,200,2021-06-23 17:24:00,VRAY
5.875,5.875,5.875,5.875,100,2021-06-23 17:26:00,VRAY
5.88,5.89,5.88,5.88,1817,2021-06-23 17:29:00,VRAY
5.885,5.885,5.885,5.885,200,2021-06-23 17:33:00,VRAY
5.885,5.895,5.885,5.895,2225,2021-06-23 17:35:00,VRAY
5.9,5.9,5.9,5.9,100,2021-06-23 17:36:00,VRAY
5.9,5.9,5.9,5.9,500,2021-06-23 17:39:00,VRAY
5.895,5.895,5.89,5.89,400,2021-06-23 17:41:00,VRAY
5.89,5.89,5.89,5.89,100,2021-06-23 17:42:00,VRAY
5.895,5.895,5.895,5.895,100,2021-06-23 17:43:00,VRAY
5.89,5.89,5.89,5.89,200,2021-06-23 17:44:00,VRAY
5.9,5.91,5.895,5.9,4200,2021-06-23 17:45:00,VRAY
5.895,5.895,5.895,5.895,400,2021-06-23 17:46:00,VRAY
5.895,5.9,5.895,5.9,1000,2021-06-23 17:47:00,VRAY
5.91,5.915,5.91,5.915,500,2021-06-23 17:49:00,VRAY
5.91,5.91,5.91,5.91,900,2021-06-23 17:50:00,VRAY
5.91,5.91,5.9028,5.9028,700,2021-06-23 17:51:00,VRAY
5.91,5.915,5.905,5.915,600,2021-06-23 17:52:00,VRAY
5.91,5.915,5.91,5.915,600,2021-06-23 17:53:00,VRAY
5.91,5.92,5.91,5.92,2404,2021-06-23 17:54:00,VRAY
5.9136,5.9136,5.9136,5.9136,150,2021-06-23 17:56:00,VRAY
5.92,5.925,5.92,5.925,600,2021-06-23 17:57:00,VRAY
5.92,5.9233,5.915,5.915,2025,2021-06-23 17:59:00,VRAY
5.92,5.93,5.915,5.925,2300,2021-06-23 18:00:00,VRAY
5.92,5.92,5.92,5.92,720,2021-06-23 18:01:00,VRAY
5.92,5.92,5.92,5.92,100,2021-06-23 18:02:00,VRAY
5.92,5.93,5.92,5.925,1100,2021-06-23 18:03:00,VRAY
5.9201,5.9201,5.915,5.915,1812,2021-06-23 18:04:00,VRAY
5.915,5.915,5.915,5.915,200,2021-06-23 18:06:00,VRAY
5.91,5.915,5.91,5.915,300,2021-06-23 18:08:00,VRAY
5.915,5.915,5.915,5.915,200,2021-06-23 18:10:00,VRAY
5.92,5.92,5.92,5.92,1410,2021-06-23 18:11:00,VRAY
5.9186,5.925,5.9186,5.925,3000,2021-06-23 18:12:00,VRAY
5.925,5.925,5.925,5.925,900,2021-06-23 18:13:00,VRAY
5.925,5.925,5.921,5.921,800,2021-06-23 18:14:00,VRAY
5.92,5.925,5.92,5.925,300,2021-06-23 18:15:00,VRAY
5.92,5.92,5.915,5.915,4300,2021-06-23 18:16:00,VRAY
5.91,5.915,5.91,5.91,1662,2021-06-23 18:17:00,VRAY
5.91,5.91,5.91,5.91,100,2021-06-23 18:18:00,VRAY
5.91,5.92,5.91,5.91,1168,2021-06-23 18:19:00,VRAY
5.915,5.915,5.915,5.915,500,2021-06-23 18:20:00,VRAY
5.91,5.915,5.91,5.915,600,2021-06-23 18:21:00,VRAY
5.91,5.91,5.91,5.91,500,2021-06-23 18:23:00,VRAY
5.91,5.9171,5.91,5.915,879,2021-06-23 18:24:00,VRAY
5.915,5.915,5.915,5.915,300,2021-06-23 18:26:00,VRAY
5.915,5.915,5.89,5.895,9650,2021-06-23 18:27:00,VRAY
5.89,5.8911,5.89,5.89,4061,2021-06-23 18:28:00,VRAY
5.895,5.895,5.89,5.89,200,2021-06-23 18:29:00,VRAY
5.895,5.895,5.895,5.895,100,2021-06-23 18:30:00,VRAY
5.89,5.89,5.89,5.89,500,2021-06-23 18:31:00,VRAY
5.9,5.91,5.895,5.905,3193,2021-06-23 18:32:00,VRAY
5.905,5.905,5.9001,5.903,1600,2021-06-23 18:33:00,VRAY
5.905,5.905,5.9001,5.905,2100,2021-06-23 18:34:00,VRAY
5.9,5.9,5.89,5.89,6219,2021-06-23 18:35:00,VRAY
5.895,5.895,5.89,5.89,200,2021-06-23 18:38:00,VRAY
5.895,5.895,5.8936,5.895,400,2021-06-23 18:39:00,VRAY
5.9,5.9,5.895,5.895,8090,2021-06-23 18:40:00,VRAY
5.895,5.895,5.895,5.895,100,2021-06-23 18:41:00,VRAY
5.895,5.895,5.895,5.895,422,2021-06-23 18:42:00,VRAY
5.89,5.9,5.89,5.8923,2302,2021-06-23 18:43:00,VRAY
5.89,5.89,5.89,5.89,100,2021-06-23 18:44:00,VRAY
5.8953,5.905,5.89,5.9,6512,2021-06-23 18:46:00,VRAY
5.895,5.895,5.895,5.895,100,2021-06-23 18:47:00,VRAY
5.9,5.9,5.895,5.895,1000,2021-06-23 18:49:00,VRAY
5.9,5.9,5.895,5.895,1228,2021-06-23 18:50:00,VRAY
5.9,5.9,5.89,5.895,520,2021-06-23 18:52:00,VRAY
5.9,5.9,5.9,5.9,200,2021-06-23 18:53:00,VRAY
5.89,5.89,5.89,5.89,100,2021-06-23 18:55:00,VRAY
5.9,5.9,5.895,5.895,400,2021-06-23 18:56:00,VRAY
5.895,5.895,5.895,5.895,100,2021-06-23 18:57:00,VRAY
5.9,5.9,5.9,5.9,100,2021-06-23 18:58:00,VRAY
5.8913,5.9,5.89,5.895,3400,2021-06-23 18:59:00,VRAY
5.895,5.895,5.895,5.895,600,2021-06-23 19:00:00,VRAY
5.895,5.91,5.89,5.905,14364,2021-06-23 19:01:00,VRAY
5.905,5.91,5.9,5.905,2200,2021-06-23 19:02:00,VRAY
5.905,5.905,5.905,5.905,100,2021-06-23 19:03:00,VRAY
5.905,5.905,5.905,5.905,400,2021-06-23 19:05:00,VRAY
5.905,5.905,5.905,5.905,400,2021-06-23 19:06:00,VRAY
5.905,5.905,5.905,5.905,200,2021-06-23 19:08:00,VRAY
5.9,5.905,5.89,5.895,8031,2021-06-23 19:09:00,VRAY
5.895,5.905,5.89,5.905,8683,2021-06-23 19:10:00,VRAY
5.9,5.9,5.895,5.895,1500,2021-06-23 19:11:00,VRAY
5.9,5.9,5.895,5.895,1436,2021-06-23 19:12:00,VRAY
5.895,5.895,5.895,5.895,100,2021-06-23 19:14:00,VRAY
5.895,5.895,5.895,5.895,100,2021-06-23 19:16:00,VRAY
5.89,5.895,5.885,5.885,4496,2021-06-23 19:17:00,VRAY
5.885,5.89,5.88,5.885,4309,2021-06-23 19:18:00,VRAY
5.885,5.91,5.885,5.91,3200,2021-06-23 19:20:00,VRAY
5.905,5.905,5.905,5.905,400,2021-06-23 19:21:00,VRAY
5.9091,5.9091,5.9091,5.9091,1700,2021-06-23 19:22:00,VRAY
5.905,5.905,5.905,5.905,400,2021-06-23 19:23:00,VRAY
5.905,5.905,5.905,5.905,100,2021-06-23 19:25:00,VRAY
5.91,5.93,5.91,5.93,3161,2021-06-23 19:26:00,VRAY
5.925,5.935,5.925,5.935,4085,2021-06-23 19:27:00,VRAY
5.93,5.96,5.93,5.96,9543,2021-06-23 19:28:00,VRAY
5.96,5.96,5.96,5.96,400,2021-06-23 19:29:00,VRAY
5.955,5.955,5.955,5.955,600,2021-06-23 19:30:00,VRAY
5.96,5.965,5.95,5.96,4364,2021-06-23 19:31:00,VRAY
5.96,5.965,5.96,5.965,1000,2021-06-23 19:32:00,VRAY
5.965,5.965,5.94,5.95,12538,2021-06-23 19:33:00,VRAY
5.945,5.945,5.9447,5.945,1596,2021-06-23 19:34:00,VRAY
5.945,5.95,5.945,5.945,1000,2021-06-23 19:35:00,VRAY
5.95,5.955,5.94,5.95,11822,2021-06-23 19:36:00,VRAY
5.94,5.94,5.925,5.925,9314,2021-06-23 19:37:00,VRAY
5.93,5.93,5.93,5.93,410,2021-06-23 19:38:00,VRAY
5.925,5.93,5.925,5.925,790,2021-06-23 19:39:00,VRAY
5.925,5.925,5.925,5.925,100,2021-06-23 19:40:00,VRAY
5.925,5.925,5.925,5.925,1000,2021-06-23 19:41:00,VRAY
5.93,5.93,5.92,5.925,3000,2021-06-23 19:42:00,VRAY
5.927,5.93,5.925,5.93,700,2021-06-23 19:43:00,VRAY
5.925,5.96,5.925,5.95,34598,2021-06-23 19:44:00,VRAY
5.95,5.95,5.945,5.945,1296,2021-06-23 19:45:00,VRAY
5.945,5.945,5.94,5.94,500,2021-06-23 19:46:00,VRAY
5.94,5.94,5.935,5.935,3400,2021-06-23 19:47:00,VRAY
5.93,5.93,5.93,5.93,200,2021-06-23 19:48:00,VRAY
5.935,5.935,5.93,5.93,1413,2021-06-23 19:49:00,VRAY
5.93,5.93,5.925,5.925,2747,2021-06-23 19:50:00,VRAY
5.925,5.925,5.925,5.925,1500,2021-06-23 19:51:00,VRAY
5.925,5.93,5.92,5.92,3199,2021-06-23 19:52:00,VRAY
5.93,5.93,5.92,5.93,1300,2021-06-23 19:53:00,VRAY
5.925,5.93,5.925,5.925,1856,2021-06-23 19:54:00,VRAY
5.925,5.93,5.925,5.925,3471,2021-06-23 19:55:00,VRAY
5.925,5.93,5.91,5.91,14916,2021-06-23 19:56:00,VRAY
5.915,5.92,5.915,5.92,2182,2021-06-23 19:57:00,VRAY
5.92,5.92,5.91,5.92,1930,2021-06-23 19:58:00,VRAY
5.91,5.92,5.91,5.92,6876,2021-06-23 19:59:00,VRAY
5.92,5.92,5.92,5.92,87657,2021-06-23 20:00:00,VRAY
5.92,5.92,5.92,5.92,20911,2021-06-23 20:01:00,VRAY
5.98,5.98,5.98,5.98,100,2021-06-23 23:48:00,VRAY
5.9999,5.9999,5.9999,5.9999,300,2021-06-24 12:01:00,VRAY
6.0,6.0,6.0,6.0,300,2021-06-24 12:30:00,VRAY
5.99,6.0,5.99,6.0,333,2021-06-24 12:47:00,VRAY
6.05,6.05,6.05,6.05,200,2021-06-24 13:11:00,VRAY
6.14,6.2,6.14,6.2,3593,2021-06-24 13:19:00,VRAY
6.24,6.24,6.2,6.21,621,2021-06-24 13:25:00,VRAY
6.2,6.22,6.2,6.22,1148,2021-06-24 13:26:00,VRAY
6.28,6.28,6.28,6.28,800,2021-06-24 13:29:00,VRAY
6.25,6.46,6.25,6.36,42683,2021-06-24 13:30:00,VRAY
6.3663,6.3701,6.32,6.33,261590,2021-06-24 13:31:00,VRAY
6.32,6.45,6.32,6.45,6805,2021-06-24 13:32:00,VRAY
6.4498,6.48,6.44,6.46,15065,2021-06-24 13:33:00,VRAY
6.47,6.57,6.47,6.56,70883,2021-06-24 13:34:00,VRAY
6.55,6.55,6.52,6.54,19715,2021-06-24 13:35:00,VRAY
6.54,6.55,6.52,6.535,55581,2021-06-24 13:36:00,VRAY
6.54,6.55,6.54,6.545,181100,2021-06-24 13:37:00,VRAY
6.55,6.61,6.5,6.53,71932,2021-06-24 13:38:00,VRAY
6.5199,6.5199,6.46,6.47,5435,2021-06-24 13:39:00,VRAY
6.48,6.52,6.4377,6.4377,18775,2021-06-24 13:40:00,VRAY
6.45,6.455,6.44,6.44,19894,2021-06-24 13:41:00,VRAY
6.4275,6.44,6.4201,6.4301,12302,2021-06-24 13:42:00,VRAY
6.435,6.46,6.435,6.455,3783,2021-06-24 13:43:00,VRAY
6.45,6.45,6.44,6.44,4858,2021-06-24 13:44:00,VRAY
6.45,6.52,6.45,6.52,67349,2021-06-24 13:45:00,VRAY
6.51,6.545,6.51,6.51,37963,2021-06-24 13:46:00,VRAY
6.5,6.52,6.5,6.509,31791,2021-06-24 13:47:00,VRAY
6.51,6.52,6.48,6.485,4818,2021-06-24 13:48:00,VRAY
6.48,6.48,6.47,6.4719,2075,2021-06-24 13:49:00,VRAY
6.475,6.4889,6.475,6.4889,1500,2021-06-24 13:50:00,VRAY
6.48,6.48,6.44,6.44,4977,2021-06-24 13:51:00,VRAY
6.449,6.465,6.449,6.46,6359,2021-06-24 13:52:00,VRAY
6.4648,6.4648,6.4581,6.4581,500,2021-06-24 13:53:00,VRAY
6.46,6.47,6.45,6.47,11295,2021-06-24 13:54:00,VRAY
6.4599,6.4599,6.455,6.455,3449,2021-06-24 13:55:00,VRAY
6.46,6.51,6.46,6.5,9940,2021-06-24 13:56:00,VRAY
6.49,6.5,6.485,6.5,1950,2021-06-24 13:57:00,VRAY
6.5,6.515,6.5,6.51,43642,2021-06-24 13:58:00,VRAY
6.52,6.52,6.5,6.5,4271,2021-06-24 13:59:00,VRAY
6.505,6.51,6.48,6.49,1300,2021-06-24 14:00:00,VRAY
6.475,6.505,6.47,6.5,10118,2021-06-24 14:01:00,VRAY
6.5,6.55,6.5,6.55,76063,2021-06-24 14:02:00,VRAY
6.55,6.58,6.545,6.58,32816,2021-06-24 14:03:00,VRAY
6.5684,6.6,6.559,6.59,23283,2021-06-24 14:04:00,VRAY
6.59,6.61,6.59,6.595,18115,2021-06-24 14:05:00,VRAY
6.59,6.6199,6.5701,6.5812,43202,2021-06-24 14:06:00,VRAY
6.58,6.5901,6.58,6.5901,3117,2021-06-24 14:07:00,VRAY
6.6,6.65,6.5998,6.6,26514,2021-06-24 14:08:00,VRAY
6.61,6.655,6.605,6.62,17506,2021-06-24 14:09:00,VRAY
6.6268,6.63,6.62,6.625,1400,2021-06-24 14:10:00,VRAY
6.625,6.67,6.6202,6.6538,14194,2021-06-24 14:11:00,VRAY
6.6582,6.68,6.65,6.675,25368,2021-06-24 14:12:00,VRAY
6.675,6.695,6.665,6.665,41048,2021-06-24 14:13:00,VRAY
6.665,6.665,6.63,6.66,49031,2021-06-24 14:14:00,VRAY
6.6601,6.665,6.655,6.655,5863,2021-06-24 14:15:00,VRAY
6.655,6.66,6.6501,6.655,9160,2021-06-24 14:16:00,VRAY
6.655,6.66,6.65,6.65,49175,2021-06-24 14:17:00,VRAY
6.6594,6.6594,6.59,6.59,28417,2021-06-24 14:18:00,VRAY
6.6,6.64,6.599,6.64,5074,2021-06-24 14:19:00,VRAY
6.645,6.66,6.645,6.6498,43704,2021-06-24 14:20:00,VRAY
6.6474,6.6474,6.6474,6.6474,100,2021-06-24 14:21:00,VRAY
6.64,6.64,6.61,6.61,2375,2021-06-24 14:22:00,VRAY
6.61,6.61,6.55,6.552,6406,2021-06-24 14:23:00,VRAY
6.55,6.56,6.55,6.56,889,2021-06-24 14:24:00,VRAY
6.56,6.58,6.555,6.58,16354,2021-06-24 14:25:00,VRAY
6.575,6.6,6.575,6.6,3834,2021-06-24 14:26:00,VRAY
6.61,6.62,6.6099,6.6099,4614,2021-06-24 14:27:00,VRAY
6.6047,6.645,6.6047,6.645,8389,2021-06-24 14:28:00,VRAY
6.65,6.66,6.65,6.65,6655,2021-06-24 14:29:00,VRAY
6.655,6.69,6.65,6.685,4476,2021-06-24 14:30:00,VRAY
6.685,6.69,6.685,6.685,11033,2021-06-24 14:31:00,VRAY
6.6895,6.705,6.685,6.695,52163,2021-06-24 14:32:00,VRAY
6.6987,6.6999,6.69,6.6903,6584,2021-06-24 14:33:00,VRAY
6.698,6.698,6.69,6.6927,6648,2021-06-24 14:34:00,VRAY
6.695,6.695,6.6508,6.691,20668,2021-06-24 14:35:00,VRAY
6.695,6.72,6.6909,6.6909,21467,2021-06-24 14:36:00,VRAY
6.695,6.695,6.69,6.695,2495,2021-06-24 14:37:00,VRAY
6.695,6.71,6.69,6.7,7956,2021-06-24 14:38:00,VRAY
6.7,6.705,6.695,6.7,9149,2021-06-24 14:39:00,VRAY
6.695,6.71,6.695,6.7,4536,2021-06-24 14:40:00,VRAY
6.69,6.69,6.665,6.6662,3769,2021-06-24 14:41:00,VRAY
6.665,6.695,6.66,6.695,4679,2021-06-24 14:42:00,VRAY
6.695,6.6971,6.68,6.6879,2643,2021-06-24 14:43:00,VRAY
6.6801,6.69,6.6801,6.69,3160,2021-06-24 14:44:00,VRAY
6.695,6.6976,6.695,6.695,2063,2021-06-24 14:45:00,VRAY
6.695,6.71,6.68,6.68,13175,2021-06-24 14:46:00,VRAY
6.68,6.68,6.66,6.66,2720,2021-06-24 14:47:00,VRAY
6.66,6.6622,6.66,6.66,600,2021-06-24 14:48:00,VRAY
6.66,6.665,6.64,6.6401,6126,2021-06-24 14:49:00,VRAY
6.62,6.625,6.62,6.625,1170,2021-06-24 14:50:00,VRAY
6.62,6.62,6.62,6.62,1597,2021-06-24 14:51:00,VRAY
6.63,6.63,6.62,6.6267,1769,2021-06-24 14:52:00,VRAY
6.625,6.63,6.59,6.6,6640,2021-06-24 14:53:00,VRAY
6.59,6.625,6.59,6.625,7512,2021-06-24 14:54:00,VRAY
6.62,6.62,6.61,6.61,10300,2021-06-24 14:55:00,VRAY
6.62,6.62,6.58,6.58,5077,2021-06-24 14:56:00,VRAY
6.59,6.6,6.59,6.59,13869,2021-06-24 14:57:00,VRAY
6.58,6.595,6.58,6.59,4957,2021-06-24 14:58:00,VRAY
6.58,6.58,6.58,6.58,100,2021-06-24 14:59:00,VRAY
6.5873,6.6,6.58,6.5929,18528,2021-06-24 15:01:00,VRAY
6.595,6.61,6.595,6.61,4915,2021-06-24 15:03:00,VRAY
6.617,6.64,6.595,6.605,18741,2021-06-24 15:04:00,VRAY
6.6,6.6,6.6,6.6,200,2021-06-24 15:05:00,VRAY
6.59,6.6,6.59,6.6,4692,2021-06-24 15:06:00,VRAY
6.6,6.6,6.59,6.5928,600,2021-06-24 15:07:00,VRAY
6.6,6.6,6.59,6.59,1600,2021-06-24 15:08:00,VRAY
6.6,6.61,6.59,6.59,13594,2021-06-24 15:09:00,VRAY
6.59,6.59,6.58,6.58,5860,2021-06-24 15:10:00,VRAY
6.5846,6.5846,6.5846,6.5846,210,2021-06-24 15:11:00,VRAY
6.58,6.59,6.58,6.58,1050,2021-06-24 15:12:00,VRAY
6.587,6.587,6.587,6.587,300,2021-06-24 15:13:00,VRAY
6.581,6.581,6.58,6.58,2853,2021-06-24 15:14:00,VRAY
6.57,6.57,6.53,6.53,13316,2021-06-24 15:15:00,VRAY
6.52,6.55,6.52,6.54,9735,2021-06-24 15:16:00,VRAY
6.54,6.545,6.48,6.54,33510,2021-06-24 15:17:00,VRAY
6.545,6.5562,6.545,6.555,1766,2021-06-24 15:18:00,VRAY
6.56,6.56,6.555,6.555,437,2021-06-24 15:19:00,VRAY
6.56,6.56,6.56,6.56,200,2021-06-24 15:20:00,VRAY
6.555,6.56,6.54,6.54,3002,2021-06-24 15:21:00,VRAY
6.545,6.57,6.545,6.57,24321,2021-06-24 15:22:00,VRAY
6.5767,6.5767,6.5767,6.5767,350,2021-06-24 15:23:00,VRAY
6.5778,6.5778,6.57,6.57,1100,2021-06-24 15:24:00,VRAY
6.57,6.5778,6.57,6.575,1000,2021-06-24 15:25:00,VRAY
6.57,6.57,6.56,6.56,700,2021-06-24 15:26:00,VRAY
6.56,6.57,6.55,6.5699,4760,2021-06-24 15:27:00,VRAY
6.56,6.56,6.545,6.545,23846,2021-06-24 15:28:00,VRAY
6.54,6.54,6.54,6.54,1100,2021-06-24 15:29:00,VRAY
6.54,6.5417,6.53,6.53,2389,2021-06-24 15:30:00,VRAY
6.53,6.53,6.53,6.53,100,2021-06-24 15:31:00,VRAY
6.53,6.535,6.53,6.53,2157,2021-06-24 15:32:00,VRAY
6.5219,6.53,6.52,6.53,1163,2021-06-24 15:33:00,VRAY
6.53,6.535,6.53,6.5335,2500,2021-06-24 15:34:00,VRAY
6.54,6.54,6.51,6.5141,8205,2021-06-24 15:35:00,VRAY
6.515,6.515,6.515,6.515,500,2021-06-24 15:36:00,VRAY
6.515,6.5161,6.51,6.5161,21432,2021-06-24 15:37:00,VRAY
6.52,6.52,6.5,6.5,5492,2021-06-24 15:39:00,VRAY
6.5,6.5,6.46,6.46,13305,2021-06-24 15:40:00,VRAY
6.45,6.45,6.41,6.435,24743,2021-06-24 15:41:00,VRAY
6.435,6.4365,6.43,6.435,1620,2021-06-24 15:42:00,VRAY
6.435,6.435,6.43,6.435,700,2021-06-24 15:43:00,VRAY
6.435,6.435,6.435,6.435,1100,2021-06-24 15:44:00,VRAY
6.435,6.49,6.435,6.46,27746,2021-06-24 15:45:00,VRAY
6.455,6.46,6.45,6.46,6691,2021-06-24 15:46:00,VRAY
6.46,6.47,6.46,6.465,5500,2021-06-24 15:47:00,VRAY
6.46,6.46,6.455,6.455,4922,2021-06-24 15:49:00,VRAY
6.455,6.455,6.45,6.455,844,2021-06-24 15:50:00,VRAY
6.455,6.455,6.4548,6.455,700,2021-06-24 15:51:00,VRAY
6.46,6.51,6.46,6.5,26716,2021-06-24 15:52:00,VRAY
6.5088,6.52,6.505,6.52,5907,2021-06-24 15:53:00,VRAY
6.525,6.53,6.525,6.525,1100,2021-06-24 15:54:00,VRAY
6.525,6.58,6.525,6.58,20600,2021-06-24 15:55:00,VRAY
6.57,6.57,6.57,6.57,1508,2021-06-24 15:56:00,VRAY
6.5673,6.57,6.565,6.565,700,2021-06-24 15:57:00,VRAY
6.56,6.585,6.56,6.565,3386,2021-06-24 16:00:00,VRAY
6.56,6.5605,6.56,6.5605,500,2021-06-24 16:01:00,VRAY
6.57,6.575,6.57,6.575,1200,2021-06-24 16:02:00,VRAY
6.585,6.585,6.585,6.585,500,2021-06-24 16:03:00,VRAY
6.585,6.585,6.585,6.585,200,2021-06-24 16:04:00,VRAY
6.58,6.58,6.57,6.57,3800,2021-06-24 16:06:00,VRAY
6.565,6.565,6.565,6.565,1207,2021-06-24 16:07:00,VRAY
6.5674,6.5674,6.56,6.56,2100,2021-06-24 16:09:00,VRAY
6.55,6.55,6.53,6.53,3350,2021-06-24 16:10:00,VRAY
6.521,6.521,6.52,6.5201,2949,2021-06-24 16:11:00,VRAY
6.518,6.518,6.515,6.515,2500,2021-06-24 16:12:00,VRAY
6.5111,6.513,6.498,6.4984,6949,2021-06-24 16:13:00,VRAY
6.499,6.4999,6.49,6.4941,3780,2021-06-24 16:15:00,VRAY
6.49,6.5,6.49,6.49,4043,2021-06-24 16:16:00,VRAY
6.48,6.48,6.48,6.48,798,2021-06-24 16:17:00,VRAY
6.476,6.476,6.476,6.476,100,2021-06-24 16:18:00,VRAY
6.471,6.4772,6.47,6.4772,1500,2021-06-24 16:19:00,VRAY
6.47,6.47,6.45,6.455,10967,2021-06-24 16:20:00,VRAY
6.46,6.47,6.46,6.47,2589,2021-06-24 16:21:00,VRAY
6.46,6.46,6.4501,6.4501,1000,2021-06-24 16:25:00,VRAY
6.45,6.4568,6.45,6.45,4050,2021-06-24 16:26:00,VRAY
6.44,6.445,6.44,6.445,200,2021-06-24 16:27:00,VRAY
6.44,6.44,6.44,6.44,500,2021-06-24 16:28:00,VRAY
6.4474,6.4474,6.41,6.4201,8348,2021-06-24 16:29:00,VRAY
6.4,6.43,6.4,6.43,8825,2021-06-24 16:30:00,VRAY
6.435,6.44,6.435,6.4375,900,2021-06-24 16:31:00,VRAY
6.44,6.44,6.43,6.43,6561,2021-06-24 16:32:00,VRAY
6.42,6.42,6.405,6.405,1473,2021-06-24 16:33:00,VRAY
6.405,6.41,6.405,6.41,5653,2021-06-24 16:34:00,VRAY
6.42,6.42,6.42,6.42,200,2021-06-24 16:35:00,VRAY
6.4101,6.415,6.4101,6.4101,2500,2021-06-24 16:36:00,VRAY
6.42,6.43,6.42,6.43,1972,2021-06-24 16:37:00,VRAY
6.4298,6.43,6.418,6.418,4022,2021-06-24 16:38:00,VRAY
6.41,6.43,6.41,6.42,7726,2021-06-24 16:39:00,VRAY
6.41,6.42,6.41,6.42,1200,2021-06-24 16:40:00,VRAY
6.41,6.41,6.41,6.41,300,2021-06-24 16:41:00,VRAY
6.41,6.4133,6.4,6.41,7120,2021-06-24 16:42:00,VRAY
6.4,6.4074,6.4,6.4,700,2021-06-24 16:43:00,VRAY
6.4,6.4,6.4,6.4,1296,2021-06-24 16:44:00,VRAY
6.41,6.41,6.405,6.405,635,2021-06-24 16:45:00,VRAY
6.4,6.4,6.3997,6.4,10265,2021-06-24 16:46:00,VRAY
6.4,6.4,6.4,6.4,2293,2021-06-24 16:47:00,VRAY
6.4,6.41,6.4,6.4,1000,2021-06-24 16:48:00,VRAY
6.4,6.42,6.4,6.41,5210,2021-06-24 16:49:00,VRAY
6.4101,6.42,6.4101,6.42,600,2021-06-24 16:50:00,VRAY
6.414,6.415,6.414,6.415,1000,2021-06-24 16:51:00,VRAY
6.41,6.41,6.4001,6.4001,1900,2021-06-24 16:52:00,VRAY
6.4065,6.4065,6.4,6.4,352,2021-06-24 16:54:00,VRAY
6.4001,6.4001,6.4,6.4,3290,2021-06-24 16:55:00,VRAY
6.405,6.405,6.4,6.4,1300,2021-06-24 16:56:00,VRAY
6.4,6.41,6.4,6.4028,3887,2021-06-24 16:57:00,VRAY
6.4,6.4,6.4,6.4,200,2021-06-24 16:58:00,VRAY
6.4,6.41,6.4,6.4,2773,2021-06-24 16:59:00,VRAY
6.4,6.41,6.4,6.4,2480,2021-06-24 17:00:00,VRAY
6.4,6.4,6.4,6.4,300,2021-06-24 17:01:00,VRAY
6.4069,6.4069,6.4,6.4,200,2021-06-24 17:02:00,VRAY
6.4066,6.4066,6.4066,6.4066,156,2021-06-24 17:03:00,VRAY
6.405,6.405,6.405,6.405,196,2021-06-24 17:04:00,VRAY
6.41,6.41,6.41,6.41,500,2021-06-24 17:05:00,VRAY
6.4,6.4,6.4,6.4,502297,2021-06-24 17:06:00,VRAY
6.4,6.435,6.4,6.4274,13664,2021-06-24 17:07:00,VRAY
6.425,6.445,6.425,6.435,11543,2021-06-24 17:08:00,VRAY
6.436,6.44,6.435,6.4369,2300,2021-06-24 17:09:00,VRAY
6.4306,6.4306,6.4306,6.4306,4051,2021-06-24 17:10:00,VRAY
6.44,6.44,6.435,6.435,500,2021-06-24 17:13:00,VRAY
6.4376,6.4376,6.4358,6.4358,200,2021-06-24 17:14:00,VRAY
6.435,6.46,6.4301,6.459,6049,2021-06-24 17:15:00,VRAY
6.455,6.475,6.455,6.465,1776,2021-06-24 17:16:00,VRAY
6.468,6.47,6.4675,6.47,754,2021-06-24 17:17:00,VRAY
6.465,6.465,6.465,6.465,100,2021-06-24 17:18:00,VRAY
6.465,6.465,6.465,6.465,519,2021-06-24 17:19:00,VRAY
6.46,6.46,6.44,6.44,7395,2021-06-24 17:20:00,VRAY
6.45,6.45,6.445,6.445,1055,2021-06-24 17:21:00,VRAY
6.445,6.445,6.445,6.445,172,2021-06-24 17:22:00,VRAY
6.45,6.46,6.45,6.455,3016,2021-06-24 17:23:00,VRAY
6.455,6.455,6.455,6.455,212,2021-06-24 17:24:00,VRAY
6.45,6.45,6.45,6.45,200,2021-06-24 17:25:00,VRAY
6.455,6.455,6.455,6.455,182,2021-06-24 17:27:00,VRAY
6.4561,6.4561,6.455,6.455,200,2021-06-24 17:29:00,VRAY
6.455,6.455,6.455,6.455,200,2021-06-24 17:30:00,VRAY
6.457,6.46,6.4501,6.455,1315,2021-06-24 17:31:00,VRAY
6.455,6.455,6.4501,6.4501,255,2021-06-24 17:32:00,VRAY
6.455,6.455,6.45,6.455,830,2021-06-24 17:33:00,VRAY
6.46,6.46,6.455,6.46,440,2021-06-24 17:34:00,VRAY
6.46,6.485,6.455,6.485,6554,2021-06-24 17:37:00,VRAY
6.48,6.5,6.48,6.5,1500,2021-06-24 17:38:00,VRAY
6.495,6.5,6.4928,6.4928,1250,2021-06-24 17:39:00,VRAY
6.495,6.5,6.49,6.5,300,2021-06-24 17:40:00,VRAY
6.4967,6.4967,6.49,6.49,4806,2021-06-24 17:41:00,VRAY
6.5,6.54,6.5,6.5399,8071,2021-06-24 17:42:00,VRAY
6.5357,6.5357,6.53,6.53,1700,2021-06-24 17:43:00,VRAY
6.5332,6.5332,6.515,6.5162,8157,2021-06-24 17:44:00,VRAY
6.5199,6.5199,6.51,6.51,5150,2021-06-24 17:45:00,VRAY
6.51,6.53,6.51,6.52,4789,2021-06-24 17:46:00,VRAY
6.525,6.525,6.525,6.525,1985,2021-06-24 17:49:00,VRAY
6.525,6.525,6.52,6.52,200,2021-06-24 17:50:00,VRAY
6.525,6.525,6.525,6.525,100,2021-06-24 17:51:00,VRAY
6.52,6.5257,6.52,6.525,1000,2021-06-24 17:52:00,VRAY
6.5201,6.5281,6.5201,6.525,1848,2021-06-24 17:53:00,VRAY
6.523,6.523,6.523,6.523,100,2021-06-24 17:54:00,VRAY
6.5273,6.5273,6.525,6.525,1197,2021-06-24 17:56:00,VRAY
6.53,6.535,6.53,6.535,1384,2021-06-24 17:57:00,VRAY
6.535,6.54,6.53,6.535,2586,2021-06-24 17:58:00,VRAY
6.535,6.535,6.535,6.535,500,2021-06-24 17:59:00,VRAY
6.54,6.57,6.54,6.5515,8397,2021-06-24 18:00:00,VRAY
6.56,6.56,6.555,6.555,400,2021-06-24 18:01:00,VRAY
6.552,6.56,6.5501,6.56,2100,2021-06-24 18:02:00,VRAY
6.55,6.5583,6.54,6.54,4197,2021-06-24 18:03:00,VRAY
6.55,6.55,6.55,6.55,500,2021-06-24 18:04:00,VRAY
6.5499,6.5499,6.5429,6.5429,329,2021-06-24 18:05:00,VRAY
6.5426,6.55,6.54,6.545,1580,2021-06-24 18:06:00,VRAY
6.545,6.545,6.545,6.545,100,2021-06-24 18:07:00,VRAY
6.5422,6.55,6.53,6.54,7140,2021-06-24 18:08:00,VRAY
6.535,6.55,6.535,6.55,6059,2021-06-24 18:09:00,VRAY
6.55,6.57,6.545,6.55,24230,2021-06-24 18:10:00,VRAY
6.555,6.555,6.555,6.555,200,2021-06-24 18:12:00,VRAY
6.56,6.56,6.56,6.56,1600,2021-06-24 18:13:00,VRAY
6.555,6.555,6.555,6.555,200,2021-06-24 18:14:00,VRAY
6.555,6.555,6.55,6.55,200,2021-06-24 18:15:00,VRAY
6.555,6.555,6.555,6.555,900,2021-06-24 18:18:00,VRAY
6.55,6.55,6.55,6.55,100,2021-06-24 18:19:00,VRAY
6.56,6.56,6.555,6.555,651,2021-06-24 18:20:00,VRAY
6.55,6.55,6.55,6.55,100,2021-06-24 18:21:00,VRAY
6.55,6.55,6.55,6.55,100,2021-06-24 18:22:00,VRAY
6.56,6.56,6.555,6.555,2571,2021-06-24 18:23:00,VRAY
6.56,6.59,6.56,6.58,7435,2021-06-24 18:24:00,VRAY
6.585,6.585,6.585,6.585,100,2021-06-24 18:25:00,VRAY
6.59,6.6,6.585,6.585,4493,2021-06-24 18:26:00,VRAY
6.5879,6.59,6.585,6.59,1510,2021-06-24 18:27:00,VRAY
6.585,6.59,6.585,6.585,4695,2021-06-24 18:29:00,VRAY
6.59,6.59,6.575,6.58,4470,2021-06-24 18:30:00,VRAY
6.59,6.595,6.59,6.595,2086,2021-06-24 18:31:00,VRAY
6.595,6.595,6.57,6.571,1793,2021-06-24 18:32:00,VRAY
6.575,6.575,6.575,6.575,300,2021-06-24 18:34:00,VRAY
6.5799,6.5799,6.56,6.565,2780,2021-06-24 18:35:00,VRAY
6.565,6.565,6.56,6.56,3352,2021-06-24 18:36:00,VRAY
6.565,6.565,6.565,6.565,100,2021-06-24 18:37:00,VRAY
6.5601,6.565,6.5601,6.5613,803,2021-06-24 18:38:00,VRAY
6.564,6.564,6.564,6.564,112,2021-06-24 18:39:00,VRAY
6.57,6.57,6.565,6.565,918,2021-06-24 18:41:00,VRAY
6.5623,6.565,6.5623,6.565,1050,2021-06-24 18:42:00,VRAY
6.57,6.58,6.57,6.58,5511,2021-06-24 18:43:00,VRAY
6.59,6.59,6.58,6.58,6800,2021-06-24 18:44:00,VRAY
6.585,6.585,6.585,6.585,100,2021-06-24 18:45:00,VRAY
6.585,6.585,6.56,6.56,8070,2021-06-24 18:47:00,VRAY
6.56,6.57,6.56,6.57,45300,2021-06-24 18:48:00,VRAY
6.565,6.565,6.55,6.555,3639,2021-06-24 18:49:00,VRAY
6.555,6.555,6.52,6.525,11844,2021-06-24 18:50:00,VRAY
6.525,6.525,6.51,6.51,5014,2021-06-24 18:51:00,VRAY
6.5101,6.515,6.51,6.515,1924,2021-06-24 18:52:00,VRAY
6.52,6.525,6.51,6.52,16643,2021-06-24 18:53:00,VRAY
6.525,6.525,6.52,6.5222,1300,2021-06-24 18:54:00,VRAY
6.5201,6.5201,6.5201,6.5201,4000,2021-06-24 18:55:00,VRAY
6.525,6.53,6.51,6.53,7573,2021-06-24 18:56:00,VRAY
6.525,6.525,6.525,6.525,500,2021-06-24 18:57:00,VRAY
6.525,6.525,6.525,6.525,100,2021-06-24 18:58:00,VRAY
6.53,6.53,6.525,6.525,500,2021-06-24 19:00:00,VRAY
6.525,6.53,6.525,6.53,429,2021-06-24 19:02:00,VRAY
6.528,6.528,6.52,6.525,1453,2021-06-24 19:03:00,VRAY
6.52,6.52,6.52,6.52,100,2021-06-24 19:04:00,VRAY
6.52,6.52,6.52,6.52,196,2021-06-24 19:06:00,VRAY
6.53,6.545,6.525,6.545,4382,2021-06-24 19:07:00,VRAY
6.545,6.5466,6.5432,6.545,2400,2021-06-24 19:08:00,VRAY
6.545,6.55,6.54,6.545,5190,2021-06-24 19:09:00,VRAY
6.545,6.545,6.545,6.545,400,2021-06-24 19:10:00,VRAY
6.545,6.585,6.545,6.58,15758,2021-06-24 19:11:00,VRAY
6.5701,6.58,6.5701,6.575,900,2021-06-24 19:12:00,VRAY
6.575,6.6,6.575,6.595,2228,2021-06-24 19:13:00,VRAY
6.595,6.6,6.59,6.6,2614,2021-06-24 19:14:00,VRAY
6.5983,6.62,6.58,6.59,33651,2021-06-24 19:15:00,VRAY
6.585,6.585,6.585,6.585,400,2021-06-24 19:16:00,VRAY
6.585,6.59,6.585,6.585,800,2021-06-24 19:17:00,VRAY
6.59,6.59,6.585,6.585,1820,2021-06-24 19:18:00,VRAY
6.59,6.59,6.585,6.585,53300,2021-06-24 19:19:00,VRAY
6.585,6.59,6.585,6.585,1090,2021-06-24 19:20:00,VRAY
6.5899,6.5899,6.58,6.58,2054,2021-06-24 19:21:00,VRAY
6.585,6.5899,6.58,6.58,6148,2021-06-24 19:22:00,VRAY
6.585,6.587,6.58,6.587,1078,2021-06-24 19:23:00,VRAY
6.58,6.585,6.55,6.55,15857,2021-06-24 19:24:00,VRAY
6.555,6.555,6.53,6.53,7600,2021-06-24 19:25:00,VRAY
6.535,6.535,6.52,6.525,2864,2021-06-24 19:26:00,VRAY
6.52,6.52,6.495,6.495,2350,2021-06-24 19:27:00,VRAY
6.49,6.49,6.49,6.49,400,2021-06-24 19:28:00,VRAY
6.5,6.5,6.47,6.475,8048,2021-06-24 19:29:00,VRAY
6.475,6.48,6.47,6.475,3918,2021-06-24 19:30:00,VRAY
6.47,6.4799,6.47,6.47,2000,2021-06-24 19:31:00,VRAY
6.475,6.475,6.46,6.46,14435,2021-06-24 19:32:00,VRAY
6.46,6.47,6.46,6.46,1200,2021-06-24 19:33:00,VRAY
6.46,6.47,6.46,6.46,900,2021-06-24 19:34:00,VRAY
6.46,6.47,6.46,6.465,1300,2021-06-24 19:35:00,VRAY
6.46,6.47,6.46,6.465,9874,2021-06-24 19:36:00,VRAY
6.465,6.47,6.445,6.445,20233,2021-06-24 19:37:00,VRAY
6.445,6.45,6.44,6.445,3098,2021-06-24 19:38:00,VRAY
6.445,6.445,6.44,6.44,1100,2021-06-24 19:39:00,VRAY
6.445,6.445,6.44,6.445,1600,2021-06-24 19:40:00,VRAY
6.44,6.45,6.44,6.445,2000,2021-06-24 19:41:00,VRAY
6.44,6.51,6.44,6.51,13193,2021-06-24 19:42:00,VRAY
6.505,6.51,6.5,6.505,8047,2021-06-24 19:43:00,VRAY
6.5025,6.51,6.5,6.505,2225,2021-06-24 19:44:00,VRAY
6.505,6.52,6.5,6.52,6788,2021-06-24 19:45:00,VRAY
6.515,6.52,6.495,6.495,7872,2021-06-24 19:46:00,VRAY
6.495,6.495,6.49,6.495,1813,2021-06-24 19:47:00,VRAY
6.495,6.5,6.495,6.5,1161,2021-06-24 19:48:00,VRAY
6.495,6.5,6.49,6.5,3955,2021-06-24 19:49:00,VRAY
6.5,6.54,6.495,6.535,71177,2021-06-24 19:50:00,VRAY
6.535,6.54,6.53,6.53,1499,2021-06-24 19:51:00,VRAY
6.535,6.54,6.535,6.54,2591,2021-06-24 19:52:00,VRAY
6.54,6.54,6.535,6.54,3412,2021-06-24 19:53:00,VRAY
6.535,6.55,6.5301,6.545,77159,2021-06-24 19:54:00,VRAY
6.545,6.545,6.51,6.53,22628,2021-06-24 19:55:00,VRAY
6.525,6.55,6.525,6.545,54232,2021-06-24 19:56:00,VRAY
6.55,6.565,6.543,6.565,35911,2021-06-24 19:57:00,VRAY
6.565,6.58,6.56,6.58,34615,2021-06-24 19:58:00,VRAY
6.585,6.61,6.58,6.61,81143,2021-06-24 19:59:00,VRAY
6.61,6.61,6.61,6.61,133784,2021-06-24 20:00:00,VRAY
6.6,6.6,6.6,6.6,1000,2021-06-24 20:02:00,VRAY
6.5999,6.5999,6.5999,6.5999,500,2021-06-24 20:03:00,VRAY
6.59,6.6,6.59,6.6,1100,2021-06-24 20:05:00,VRAY
6.5999,6.5999,6.5999,6.5999,100,2021-06-24 20:07:00,VRAY
6.6,6.6,6.6,6.6,300,2021-06-24 20:09:00,VRAY
6.54,6.54,6.53,6.53,1800,2021-06-24 20:13:00,VRAY
6.53,6.53,6.53,6.53,500,2021-06-24 20:20:00,VRAY
6.51,6.51,6.51,6.51,100,2021-06-24 20:23:00,VRAY
6.55,6.55,6.55,6.55,200,2021-06-24 20:27:00,VRAY
6.56,6.57,6.56,6.57,600,2021-06-24 20:34:00,VRAY
6.58,6.58,6.58,6.58,416,2021-06-24 20:36:00,VRAY
6.5801,6.5801,6.5801,6.5801,200,2021-06-24 21:52:00,VRAY
6.6,6.6,6.6,6.6,100,2021-06-24 22:25:00,VRAY
6.6,6.6,6.6,6.6,495,2021-06-24 22:56:00,VRAY
6.6,6.6,6.6,6.6,250,2021-06-24 23:25:00,VRAY
6.6,6.6,6.6,6.6,100,2021-06-24 23:36:00,VRAY
6.6,6.61,6.6,6.61,1355,2021-06-25 11:00:00,VRAY
6.61,6.61,6.61,6.61,200,2021-06-25 12:17:00,VRAY
6.69,6.7,6.69,6.69,888,2021-06-25 12:23:00,VRAY
6.7,6.7,6.7,6.7,400,2021-06-25 12:24:00,VRAY
6.61,6.61,6.61,6.61,250,2021-06-25 12:26:00,VRAY
6.61,6.61,6.61,6.61,2077,2021-06-25 13:08:00,VRAY
6.67,6.7,6.67,6.7,566,2021-06-25 13:18:00,VRAY
6.63,6.7,6.63,6.7,248,2021-06-25 13:29:00,VRAY
6.64,6.6458,6.6,6.6,49498,2021-06-25 13:30:00,VRAY
6.6,6.6,6.55,6.56,31269,2021-06-25 13:31:00,VRAY
6.55,6.55,6.55,6.55,200,2021-06-25 13:32:00,VRAY
6.54,6.541,6.5101,6.5101,5017,2021-06-25 13:33:00,VRAY
6.5101,6.5204,6.49,6.5162,5177,2021-06-25 13:34:00,VRAY
6.518,6.56,6.5162,6.5564,7120,2021-06-25 13:35:00,VRAY
6.56,6.58,6.54,6.58,27774,2021-06-25 13:36:00,VRAY
6.57,6.6,6.57,6.57,10372,2021-06-25 13:37:00,VRAY
6.57,6.58,6.54,6.58,10935,2021-06-25 13:38:00,VRAY
6.58,6.59,6.56,6.588,9705,2021-06-25 13:39:00,VRAY
6.59,6.63,6.59,6.6,7727,2021-06-25 13:40:00,VRAY
6.61,6.61,6.5973,6.598,2700,2021-06-25 13:41:00,VRAY
6.61,6.63,6.61,6.63,900,2021-06-25 13:42:00,VRAY
6.64,6.67,6.6384,6.655,7617,2021-06-25 13:43:00,VRAY
6.66,6.66,6.65,6.66,2200,2021-06-25 13:44:00,VRAY
6.66,6.66,6.6515,6.66,1700,2021-06-25 13:45:00,VRAY
6.67,6.73,6.665,6.73,10809,2021-06-25 13:46:00,VRAY
6.72,6.72,6.69,6.7,2767,2021-06-25 13:47:00,VRAY
6.6988,6.72,6.69,6.7,7818,2021-06-25 13:48:00,VRAY
6.705,6.73,6.705,6.725,2156,2021-06-25 13:49:00,VRAY
6.7299,6.75,6.7299,6.75,3126,2021-06-25 13:50:00,VRAY
6.75,6.79,6.75,6.775,26028,2021-06-25 13:51:00,VRAY
6.775,6.775,6.75,6.75,3581,2021-06-25 13:52:00,VRAY
6.74,6.74,6.735,6.735,700,2021-06-25 13:53:00,VRAY
6.7381,6.745,6.7381,6.745,1678,2021-06-25 13:54:00,VRAY
6.74,6.74,6.725,6.7299,1300,2021-06-25 13:55:00,VRAY
6.72,6.72,6.72,6.72,5808,2021-06-25 13:56:00,VRAY
6.7106,6.74,6.71,6.71,7187,2021-06-25 13:57:00,VRAY
6.705,6.71,6.7023,6.7099,3314,2021-06-25 13:58:00,VRAY
6.7071,6.72,6.7071,6.72,8613,2021-06-25 13:59:00,VRAY
6.72,6.74,6.71,6.715,3258,2021-06-25 14:00:00,VRAY
6.71,6.71,6.69,6.69,6402,2021-06-25 14:01:00,VRAY
6.69,6.69,6.64,6.65,16512,2021-06-25 14:02:00,VRAY
6.65,6.65,6.65,6.65,1650,2021-06-25 14:03:00,VRAY
6.64,6.64,6.63,6.64,1942,2021-06-25 14:04:00,VRAY
6.64,6.65,6.63,6.645,2457,2021-06-25 14:05:00,VRAY
6.64,6.64,6.63,6.635,600,2021-06-25 14:06:00,VRAY
6.64,6.64,6.61,6.615,4831,2021-06-25 14:07:00,VRAY
6.62,6.62,6.62,6.62,202,2021-06-25 14:08:00,VRAY
6.62,6.62,6.62,6.62,200,2021-06-25 14:09:00,VRAY
6.619,6.619,6.6116,6.6116,579,2021-06-25 14:10:00,VRAY
6.62,6.635,6.62,6.635,3565,2021-06-25 14:11:00,VRAY
6.64,6.65,6.64,6.65,1194,2021-06-25 14:12:00,VRAY
6.64,6.64,6.63,6.64,3232,2021-06-25 14:13:00,VRAY
6.635,6.635,6.635,6.635,100,2021-06-25 14:14:00,VRAY
6.635,6.635,6.62,6.6217,6151,2021-06-25 14:15:00,VRAY
6.63,6.63,6.625,6.625,3192,2021-06-25 14:16:00,VRAY
6.622,6.625,6.622,6.625,200,2021-06-25 14:17:00,VRAY
6.62,6.63,6.62,6.63,1361,2021-06-25 14:18:00,VRAY
6.64,6.64,6.62,6.62,1697,2021-06-25 14:20:00,VRAY
6.61,6.61,6.595,6.595,2800,2021-06-25 14:22:00,VRAY
6.6,6.6,6.59,6.59,2300,2021-06-25 14:23:00,VRAY
6.59,6.595,6.59,6.5901,647,2021-06-25 14:24:00,VRAY
6.5981,6.5981,6.5981,6.5981,500,2021-06-25 14:25:00,VRAY
6.6,6.62,6.6,6.61,2278,2021-06-25 14:26:00,VRAY
6.615,6.615,6.61,6.61,2000,2021-06-25 14:27:00,VRAY
6.6,6.6,6.5866,6.5866,1765,2021-06-25 14:28:00,VRAY
6.59,6.59,6.585,6.585,200,2021-06-25 14:29:00,VRAY
6.585,6.585,6.58,6.58,300,2021-06-25 14:30:00,VRAY
6.5869,6.5869,6.5869,6.5869,100,2021-06-25 14:33:00,VRAY
6.58,6.585,6.58,6.58,428,2021-06-25 14:34:00,VRAY
6.59,6.595,6.59,6.59,1519,2021-06-25 14:35:00,VRAY
6.595,6.595,6.585,6.585,1818,2021-06-25 14:36:00,VRAY
6.585,6.595,6.58,6.595,3210,2021-06-25 14:39:00,VRAY
6.6,6.605,6.59,6.605,6101,2021-06-25 14:40:00,VRAY
6.605,6.605,6.605,6.605,1376,2021-06-25 14:41:00,VRAY
6.605,6.63,6.605,6.62,6502,2021-06-25 14:42:00,VRAY
6.6199,6.6199,6.6199,6.6199,400,2021-06-25 14:44:00,VRAY
6.61,6.63,6.61,6.629,1950,2021-06-25 14:45:00,VRAY
6.63,6.64,6.62,6.64,1617,2021-06-25 14:46:00,VRAY
6.64,6.64,6.61,6.61,9388,2021-06-25 14:47:00,VRAY
6.61,6.61,6.61,6.61,100,2021-06-25 14:49:00,VRAY
6.615,6.615,6.6,6.61,4377,2021-06-25 14:50:00,VRAY
6.61,6.61,6.61,6.61,258,2021-06-25 14:51:00,VRAY
6.61,6.62,6.6,6.61,5760,2021-06-25 14:52:00,VRAY
6.615,6.615,6.61,6.61,500,2021-06-25 14:53:00,VRAY
6.61,6.61,6.6,6.6,700,2021-06-25 14:55:00,VRAY
6.5916,6.5916,6.59,6.59,237,2021-06-25 14:56:00,VRAY
6.59,6.59,6.56,6.56,5183,2021-06-25 14:57:00,VRAY
6.569,6.569,6.555,6.56,1279,2021-06-25 14:58:00,VRAY
6.56,6.56,6.53,6.53,4250,2021-06-25 14:59:00,VRAY
6.53,6.54,6.53,6.54,2032,2021-06-25 15:00:00,VRAY
6.55,6.56,6.55,6.56,2465,2021-06-25 15:01:00,VRAY
6.57,6.59,6.56,6.59,634,2021-06-25 15:02:00,VRAY
6.58,6.6,6.58,6.6,1675,2021-06-25 15:03:00,VRAY
6.6,6.61,6.6,6.61,1362,2021-06-25 15:04:00,VRAY
6.61,6.64,6.61,6.615,5200,2021-06-25 15:05:00,VRAY
6.615,6.615,6.59,6.59,6075,2021-06-25 15:06:00,VRAY
6.59,6.6,6.59,6.59,3811,2021-06-25 15:07:00,VRAY
6.58,6.585,6.58,6.58,500,2021-06-25 15:08:00,VRAY
6.58,6.59,6.58,6.59,2397,2021-06-25 15:09:00,VRAY
6.59,6.59,6.58,6.58,1155,2021-06-25 15:10:00,VRAY
6.59,6.5999,6.59,6.5925,1312,2021-06-25 15:11:00,VRAY
6.5925,6.595,6.5925,6.595,459,2021-06-25 15:14:00,VRAY
6.5925,6.5925,6.59,6.59,653,2021-06-25 15:15:00,VRAY
6.59,6.59,6.59,6.59,200,2021-06-25 15:16:00,VRAY
6.5925,6.595,6.5925,6.595,340,2021-06-25 15:17:00,VRAY
6.5925,6.6,6.59,6.59,2408,2021-06-25 15:18:00,VRAY
6.59,6.59,6.59,6.59,380,2021-06-25 15:19:00,VRAY
6.59,6.595,6.57,6.57,3128,2021-06-25 15:20:00,VRAY
6.57,6.58,6.57,6.57,912,2021-06-25 15:21:00,VRAY
6.57,6.58,6.57,6.58,1463,2021-06-25 15:22:00,VRAY
6.585,6.585,6.585,6.585,100,2021-06-25 15:23:00,VRAY
6.59,6.59,6.59,6.59,500,2021-06-25 15:24:00,VRAY
6.59,6.6,6.57,6.57,6126,2021-06-25 15:25:00,VRAY
6.57,6.57,6.57,6.57,447,2021-06-25 15:26:00,VRAY
6.57,6.58,6.57,6.58,2071,2021-06-25 15:27:00,VRAY
6.58,6.5986,6.58,6.5986,979,2021-06-25 15:28:00,VRAY
6.6,6.62,6.6,6.6,5801,2021-06-25 15:29:00,VRAY
6.6,6.62,6.6,6.62,1200,2021-06-25 15:30:00,VRAY
6.62,6.62,6.62,6.62,100,2021-06-25 15:31:00,VRAY
6.64,6.64,6.63,6.6302,700,2021-06-25 15:32:00,VRAY
6.64,6.64,6.64,6.64,236,2021-06-25 15:33:00,VRAY
6.63,6.63,6.63,6.63,1598,2021-06-25 15:34:00,VRAY
6.625,6.63,6.58,6.58,9543,2021-06-25 15:35:00,VRAY
6.59,6.59,6.58,6.585,1136,2021-06-25 15:36:00,VRAY
6.59,6.59,6.59,6.59,100,2021-06-25 15:37:00,VRAY
6.59,6.59,6.59,6.59,436,2021-06-25 15:39:00,VRAY
6.59,6.59,6.5881,6.5881,766,2021-06-25 15:40:00,VRAY
6.585,6.59,6.585,6.59,1218,2021-06-25 15:41:00,VRAY
6.59,6.59,6.59,6.59,300,2021-06-25 15:42:00,VRAY
6.585,6.6,6.585,6.5955,1999,2021-06-25 15:45:00,VRAY
6.6,6.6,6.58,6.5864,2161,2021-06-25 15:46:00,VRAY
6.58,6.59,6.58,6.59,200,2021-06-25 15:49:00,VRAY
6.59,6.6,6.59,6.6,2100,2021-06-25 15:51:00,VRAY
6.59,6.6,6.59,6.59,6780,2021-06-25 15:52:00,VRAY
6.59,6.6,6.58,6.59,7139,2021-06-25 15:53:00,VRAY
6.58,6.59,6.58,6.59,800,2021-06-25 15:54:00,VRAY
6.585,6.585,6.585,6.585,100,2021-06-25 15:55:00,VRAY
6.58,6.58,6.57,6.5714,3254,2021-06-25 15:59:00,VRAY
6.58,6.58,6.5743,6.575,2000,2021-06-25 16:00:00,VRAY
6.58,6.59,6.58,6.59,3911,2021-06-25 16:01:00,VRAY
6.6,6.6,6.6,6.6,465,2021-06-25 16:02:00,VRAY
6.6,6.6,6.6,6.6,313,2021-06-25 16:03:00,VRAY
6.6,6.61,6.6,6.61,3303,2021-06-25 16:06:00,VRAY
6.61,6.61,6.6,6.6,4169,2021-06-25 16:07:00,VRAY
6.595,6.6,6.59,6.59,2029,2021-06-25 16:08:00,VRAY
6.59,6.59,6.59,6.59,100,2021-06-25 16:09:00,VRAY
6.59,6.59,6.59,6.59,100,2021-06-25 16:10:00,VRAY
6.595,6.598,6.595,6.598,300,2021-06-25 16:12:00,VRAY
6.5999,6.5999,6.58,6.59,1819,2021-06-25 16:15:00,VRAY
6.5801,6.585,6.575,6.575,5192,2021-06-25 16:16:00,VRAY
6.57,6.57,6.56,6.56,1663,2021-06-25 16:18:00,VRAY
6.57,6.57,6.55,6.56,5304,2021-06-25 16:19:00,VRAY
6.565,6.5699,6.565,6.565,3696,2021-06-25 16:20:00,VRAY
6.565,6.565,6.565,6.565,892,2021-06-25 16:21:00,VRAY
6.565,6.565,6.565,6.565,439,2021-06-25 16:22:00,VRAY
6.565,6.565,6.565,6.565,335,2021-06-25 16:23:00,VRAY
6.5601,6.5601,6.55,6.55,1200,2021-06-25 16:24:00,VRAY
6.54,6.54,6.54,6.54,1900,2021-06-25 16:26:00,VRAY
6.535,6.535,6.53,6.53,2080,2021-06-25 16:27:00,VRAY
6.53,6.535,6.53,6.535,3000,2021-06-25 16:28:00,VRAY
6.54,6.55,6.533,6.545,2477,2021-06-25 16:29:00,VRAY
6.55,6.56,6.545,6.555,3382,2021-06-25 16:30:00,VRAY
6.555,6.565,6.555,6.565,2304,2021-06-25 16:31:00,VRAY
6.56,6.56,6.555,6.555,9056,2021-06-25 16:32:00,VRAY
6.555,6.555,6.52,6.525,4464,2021-06-25 16:35:00,VRAY
6.52,6.53,6.52,6.52,600,2021-06-25 16:36:00,VRAY
6.53,6.53,6.52,6.53,800,2021-06-25 16:37:00,VRAY
6.53,6.545,6.53,6.545,2101,2021-06-25 16:40:00,VRAY
6.545,6.55,6.545,6.55,200,2021-06-25 16:44:00,VRAY
6.55,6.55,6.545,6.55,5625,2021-06-25 16:45:00,VRAY
6.54,6.55,6.54,6.545,4716,2021-06-25 16:46:00,VRAY
6.545,6.55,6.545,6.55,1699,2021-06-25 16:47:00,VRAY
6.55,6.55,6.5,6.505,14737,2021-06-25 16:48:00,VRAY
6.505,6.51,6.5,6.5,2608,2021-06-25 16:49:00,VRAY
6.505,6.505,6.5,6.5,2774,2021-06-25 16:50:00,VRAY
6.5,6.5,6.5,6.5,416,2021-06-25 16:51:00,VRAY
6.5,6.5,6.495,6.5,1054,2021-06-25 16:52:00,VRAY
6.5,6.515,6.5,6.515,3044,2021-06-25 16:53:00,VRAY
6.515,6.52,6.49,6.49,12135,2021-06-25 16:54:00,VRAY
6.5,6.51,6.5,6.51,1312,2021-06-25 16:55:00,VRAY
6.51,6.54,6.5,6.5,29209,2021-06-25 16:56:00,VRAY
6.505,6.52,6.495,6.52,8741,2021-06-25 16:57:00,VRAY
6.52,6.55,6.52,6.55,7304,2021-06-25 16:58:00,VRAY
6.5424,6.56,6.5424,6.5501,3116,2021-06-25 16:59:00,VRAY
6.555,6.56,6.555,6.56,1402,2021-06-25 17:00:00,VRAY
6.56,6.56,6.53,6.53,7713,2021-06-25 17:01:00,VRAY
6.535,6.535,6.53,6.53,300,2021-06-25 17:02:00,VRAY
6.53,6.535,6.53,6.535,200,2021-06-25 17:03:00,VRAY
6.5343,6.54,6.53,6.53,3089,2021-06-25 17:04:00,VRAY
6.532,6.535,6.53,6.535,1986,2021-06-25 17:05:00,VRAY
6.52,6.5223,6.52,6.5223,600,2021-06-25 17:06:00,VRAY
6.53,6.55,6.53,6.55,4566,2021-06-25 17:08:00,VRAY
6.56,6.575,6.555,6.575,6986,2021-06-25 17:10:00,VRAY
6.575,6.5799,6.575,6.5799,2100,2021-06-25 17:11:00,VRAY
6.58,6.58,6.575,6.58,561,2021-06-25 17:12:00,VRAY
6.58,6.6,6.58,6.5987,3263,2021-06-25 17:13:00,VRAY
6.591,6.595,6.59,6.595,507,2021-06-25 17:14:00,VRAY
6.5901,6.595,6.57,6.57,5093,2021-06-25 17:15:00,VRAY
6.58,6.595,6.58,6.59,3476,2021-06-25 17:16:00,VRAY
6.5944,6.605,6.5944,6.605,1719,2021-06-25 17:18:00,VRAY
6.61,6.61,6.6035,6.6035,875,2021-06-25 17:19:00,VRAY
6.605,6.605,6.6,6.605,2720,2021-06-25 17:20:00,VRAY
6.605,6.605,6.605,6.605,480,2021-06-25 17:21:00,VRAY
6.6,6.6,6.6,6.6,500,2021-06-25 17:22:00,VRAY
6.6,6.615,6.5993,6.615,9991,2021-06-25 17:24:00,VRAY
6.61,6.61,6.6,6.6,5850,2021-06-25 17:26:00,VRAY
6.6,6.605,6.595,6.6,1460,2021-06-25 17:27:00,VRAY
6.6,6.6,6.6,6.6,396,2021-06-25 17:28:00,VRAY
6.6,6.61,6.6,6.605,3366,2021-06-25 17:29:00,VRAY
6.6039,6.605,6.6001,6.6001,1350,2021-06-25 17:30:00,VRAY
6.61,6.61,6.61,6.61,300,2021-06-25 17:31:00,VRAY
6.61,6.61,6.61,6.61,200,2021-06-25 17:32:00,VRAY
6.61,6.61,6.605,6.605,990,2021-06-25 17:33:00,VRAY
6.605,6.605,6.605,6.605,2300,2021-06-25 17:34:00,VRAY
6.605,6.6082,6.6,6.6082,1442,2021-06-25 17:35:00,VRAY
6.605,6.605,6.605,6.605,500,2021-06-25 17:36:00,VRAY
6.605,6.605,6.605,6.605,684,2021-06-25 17:37:00,VRAY
6.6033,6.61,6.6033,6.605,680,2021-06-25 17:38:00,VRAY
6.605,6.605,6.605,6.605,300,2021-06-25 17:39:00,VRAY
6.61,6.61,6.605,6.605,200,2021-06-25 17:40:00,VRAY
6.605,6.61,6.6,6.61,2300,2021-06-25 17:41:00,VRAY
6.605,6.605,6.6,6.6,300,2021-06-25 17:42:00,VRAY
6.6099,6.61,6.6,6.6,2500,2021-06-25 17:43:00,VRAY
6.61,6.61,6.605,6.605,200,2021-06-25 17:44:00,VRAY
6.61,6.61,6.605,6.605,1800,2021-06-25 17:45:00,VRAY
6.605,6.605,6.605,6.605,100,2021-06-25 17:46:00,VRAY
6.605,6.605,6.605,6.605,272,2021-06-25 17:47:00,VRAY
6.61,6.61,6.57,6.57,10824,2021-06-25 17:48:00,VRAY
6.57,6.57,6.57,6.57,200,2021-06-25 17:49:00,VRAY
6.57,6.57,6.57,6.57,100,2021-06-25 17:50:00,VRAY
6.575,6.575,6.57,6.57,893,2021-06-25 17:52:00,VRAY
6.57,6.59,6.5633,6.59,2074,2021-06-25 17:53:00,VRAY
6.59,6.6,6.59,6.6,1558,2021-06-25 17:54:00,VRAY
6.6,6.62,6.6,6.615,2818,2021-06-25 17:56:00,VRAY
6.62,6.62,6.62,6.62,200,2021-06-25 17:57:00,VRAY
6.615,6.62,6.61,6.61,410,2021-06-25 17:58:00,VRAY
6.615,6.62,6.61,6.61,4100,2021-06-25 17:59:00,VRAY
6.62,6.62,6.62,6.62,100,2021-06-25 18:00:00,VRAY
6.62,6.62,6.615,6.615,300,2021-06-25 18:01:00,VRAY
6.62,6.62,6.62,6.62,200,2021-06-25 18:02:00,VRAY
6.615,6.62,6.615,6.62,200,2021-06-25 18:03:00,VRAY
6.62,6.62,6.6125,6.6125,200,2021-06-25 18:04:00,VRAY
6.615,6.62,6.615,6.62,480,2021-06-25 18:05:00,VRAY
6.615,6.62,6.615,6.62,6925,2021-06-25 18:06:00,VRAY
6.625,6.63,6.625,6.63,400,2021-06-25 18:07:00,VRAY
6.625,6.63,6.6214,6.6214,1998,2021-06-25 18:08:00,VRAY
6.63,6.63,6.59,6.595,3402,2021-06-25 18:09:00,VRAY
6.6,6.61,6.595,6.605,5887,2021-06-25 18:10:00,VRAY
6.605,6.605,6.605,6.605,300,2021-06-25 18:11:00,VRAY
6.605,6.61,6.605,6.605,3541,2021-06-25 18:13:00,VRAY
6.61,6.61,6.57,6.57,5346,2021-06-25 18:14:00,VRAY
6.575,6.575,6.575,6.575,240,2021-06-25 18:15:00,VRAY
6.58,6.585,6.575,6.585,2636,2021-06-25 18:16:00,VRAY
6.58,6.58,6.58,6.58,100,2021-06-25 18:17:00,VRAY
6.585,6.62,6.585,6.62,26020,2021-06-25 18:19:00,VRAY
6.62,6.62,6.62,6.62,2468,2021-06-25 18:20:00,VRAY
6.64,6.64,6.64,6.64,458,2021-06-25 18:21:00,VRAY
6.635,6.64,6.635,6.64,200,2021-06-25 18:22:00,VRAY
6.631,6.64,6.631,6.64,2100,2021-06-25 18:23:00,VRAY
6.64,6.66,6.64,6.66,4203,2021-06-25 18:24:00,VRAY
6.66,6.68,6.66,6.68,3722,2021-06-25 18:25:00,VRAY
6.68,6.68,6.68,6.68,498,2021-06-25 18:26:00,VRAY
6.688,6.705,6.687,6.7,6348,2021-06-25 18:27:00,VRAY
6.7,6.7,6.7,6.7,1400,2021-06-25 18:28:00,VRAY
6.705,6.71,6.68,6.68,10645,2021-06-25 18:29:00,VRAY
6.685,6.69,6.685,6.69,2959,2021-06-25 18:30:00,VRAY
6.7,6.715,6.69,6.695,10839,2021-06-25 18:31:00,VRAY
6.6999,6.6999,6.6938,6.6938,527,2021-06-25 18:32:00,VRAY
6.7,6.7,6.7,6.7,100,2021-06-25 18:33:00,VRAY
6.69,6.695,6.67,6.67,2217,2021-06-25 18:34:00,VRAY
6.68,6.68,6.68,6.68,100,2021-06-25 18:35:00,VRAY
6.68,6.695,6.68,6.695,6409,2021-06-25 18:36:00,VRAY
6.695,6.695,6.69,6.695,400,2021-06-25 18:37:00,VRAY
6.697,6.7,6.697,6.7,1100,2021-06-25 18:39:00,VRAY
6.695,6.695,6.69,6.695,873,2021-06-25 18:40:00,VRAY
6.7,6.7,6.69,6.69,300,2021-06-25 18:41:00,VRAY
6.7,6.7,6.695,6.695,500,2021-06-25 18:42:00,VRAY
6.69,6.695,6.68,6.68,3675,2021-06-25 18:43:00,VRAY
6.68,6.685,6.68,6.6819,2200,2021-06-25 18:44:00,VRAY
6.685,6.685,6.68,6.68,800,2021-06-25 18:45:00,VRAY
6.68,6.69,6.68,6.69,2618,2021-06-25 18:46:00,VRAY
6.68,6.69,6.68,6.685,4117,2021-06-25 18:47:00,VRAY
6.68,6.685,6.68,6.685,400,2021-06-25 18:48:00,VRAY
6.69,6.69,6.68,6.68,600,2021-06-25 18:49:00,VRAY
6.68,6.68,6.68,6.68,100,2021-06-25 18:50:00,VRAY
6.685,6.69,6.68,6.68,500,2021-06-25 18:51:00,VRAY
6.685,6.71,6.68,6.7062,10714,2021-06-25 18:52:00,VRAY
6.7001,6.705,6.695,6.695,3700,2021-06-25 18:53:00,VRAY
6.695,6.695,6.69,6.69,2182,2021-06-25 18:54:00,VRAY
6.7,6.7,6.695,6.7,621,2021-06-25 18:56:00,VRAY
6.695,6.72,6.695,6.715,15486,2021-06-25 18:57:00,VRAY
6.715,6.715,6.675,6.675,10430,2021-06-25 18:58:00,VRAY
6.68,6.68,6.67,6.675,6897,2021-06-25 18:59:00,VRAY
6.67,6.94,6.67,6.82,184772,2021-06-25 19:00:00,VRAY
6.81,6.815,6.745,6.77,62846,2021-06-25 19:01:00,VRAY
6.765,6.84,6.755,6.83,95300,2021-06-25 19:02:00,VRAY
6.82,6.8252,6.765,6.775,33260,2021-06-25 19:03:00,VRAY
6.77,6.78,6.76,6.763,22815,2021-06-25 19:04:00,VRAY
6.765,6.77,6.76,6.765,18596,2021-06-25 19:05:00,VRAY
6.765,6.8,6.755,6.77,71938,2021-06-25 19:06:00,VRAY
6.78,6.78,6.73,6.73,62286,2021-06-25 19:07:00,VRAY
6.73,6.76,6.73,6.755,15818,2021-06-25 19:08:00,VRAY
6.755,6.755,6.73,6.735,8774,2021-06-25 19:09:00,VRAY
6.7354,6.7354,6.73,6.735,1500,2021-06-25 19:10:00,VRAY
6.7368,6.7368,6.71,6.7224,11938,2021-06-25 19:11:00,VRAY
6.725,6.75,6.725,6.745,18026,2021-06-25 19:12:00,VRAY
6.74,6.765,6.72,6.74,45249,2021-06-25 19:13:00,VRAY
6.74,6.74,6.72,6.73,3919,2021-06-25 19:14:00,VRAY
6.724,6.725,6.72,6.725,3100,2021-06-25 19:15:00,VRAY
6.726,6.726,6.725,6.725,2400,2021-06-25 19:16:00,VRAY
6.725,6.73,6.725,6.725,2100,2021-06-25 19:17:00,VRAY
6.72,6.725,6.71,6.71,6803,2021-06-25 19:18:00,VRAY
6.71,6.715,6.69,6.695,10011,2021-06-25 19:19:00,VRAY
6.69,6.71,6.69,6.71,13627,2021-06-25 19:20:00,VRAY
6.7,6.71,6.7,6.71,3196,2021-06-25 19:21:00,VRAY
6.71,6.715,6.695,6.7,24372,2021-06-25 19:22:00,VRAY
6.7,6.7,6.695,6.695,3565,2021-06-25 19:23:00,VRAY
6.695,6.715,6.69,6.69,9789,2021-06-25 19:24:00,VRAY
6.7,6.715,6.695,6.705,17533,2021-06-25 19:25:00,VRAY
6.71,6.71,6.7,6.705,3894,2021-06-25 19:26:00,VRAY
6.71,6.73,6.71,6.73,8382,2021-06-25 19:27:00,VRAY
6.725,6.73,6.72,6.725,1982,2021-06-25 19:28:00,VRAY
6.7233,6.725,6.72,6.725,2000,2021-06-25 19:29:00,VRAY
6.725,6.73,6.7,6.71,13168,2021-06-25 19:30:00,VRAY
6.71,6.715,6.71,6.715,1600,2021-06-25 19:31:00,VRAY
6.715,6.715,6.69,6.695,6991,2021-06-25 19:32:00,VRAY
6.69,6.7,6.69,6.69,4112,2021-06-25 19:33:00,VRAY
6.695,6.72,6.695,6.71,15628,2021-06-25 19:34:00,VRAY
6.7131,6.72,6.7101,6.72,1632,2021-06-25 19:35:00,VRAY
6.72,6.755,6.71,6.745,10965,2021-06-25 19:36:00,VRAY
6.745,6.745,6.74,6.745,2021,2021-06-25 19:37:00,VRAY
6.745,6.745,6.73,6.735,5824,2021-06-25 19:38:00,VRAY
6.74,6.74,6.73,6.735,900,2021-06-25 19:39:00,VRAY
6.73,6.75,6.73,6.75,12530,2021-06-25 19:40:00,VRAY
6.75,6.75,6.73,6.735,5586,2021-06-25 19:41:00,VRAY
6.735,6.735,6.73,6.735,1800,2021-06-25 19:42:00,VRAY
6.735,6.735,6.72,6.725,4854,2021-06-25 19:43:00,VRAY
6.72,6.7272,6.7,6.71,8210,2021-06-25 19:44:00,VRAY
6.7,6.71,6.68,6.695,28960,2021-06-25 19:45:00,VRAY
6.69,6.7,6.69,6.7,6645,2021-06-25 19:46:00,VRAY
6.69,6.7,6.69,6.695,1475,2021-06-25 19:47:00,VRAY
6.69,6.6999,6.69,6.6999,1700,2021-06-25 19:48:00,VRAY
6.695,6.7,6.69,6.69,5337,2021-06-25 19:49:00,VRAY
6.69,6.7,6.66,6.695,8641,2021-06-25 19:50:00,VRAY
6.69,6.7,6.69,6.69,3320,2021-06-25 19:51:00,VRAY
6.69,6.735,6.69,6.725,32650,2021-06-25 19:52:00,VRAY
6.72,6.725,6.65,6.65,40297,2021-06-25 19:53:00,VRAY
6.655,6.665,6.59,6.605,39912,2021-06-25 19:54:00,VRAY
6.6,6.62,6.57,6.61,69981,2021-06-25 19:55:00,VRAY
6.615,6.62,6.56,6.59,50006,2021-06-25 19:56:00,VRAY
6.59,6.595,6.555,6.565,69438,2021-06-25 19:57:00,VRAY
6.56,6.58,6.55,6.57,68398,2021-06-25 19:58:00,VRAY
6.57,6.58,6.55,6.56,78036,2021-06-25 19:59:00,VRAY
6.56,6.56,6.56,6.56,1770654,2021-06-25 20:00:00,VRAY
6.56,6.56,6.56,6.56,2328,2021-06-25 20:01:00,VRAY
6.56,6.56,6.56,6.56,26802,2021-06-25 20:02:00,VRAY
6.56,6.56,6.56,6.56,148931,2021-06-25 20:03:00,VRAY
6.53,6.53,6.53,6.53,100,2021-06-25 20:05:00,VRAY
6.56,6.56,6.56,6.56,560088,2021-06-25 20:35:00,VRAY
6.61,6.61,6.61,6.61,100,2021-06-28 11:43:00,VRAY
6.6995,6.7,6.6995,6.7,600,2021-06-28 12:04:00,VRAY
6.85,6.85,6.85,6.85,200,2021-06-28 12:29:00,VRAY
6.88,6.88,6.88,6.88,2000,2021-06-28 12:30:00,VRAY
6.8,6.8,6.8,6.8,200,2021-06-28 12:45:00,VRAY
6.76,6.76,6.76,6.76,200,2021-06-28 12:51:00,VRAY
6.76,6.76,6.76,6.76,1600,2021-06-28 12:53:00,VRAY
6.76,6.76,6.76,6.76,1500,2021-06-28 12:54:00,VRAY
6.62,6.62,6.62,6.62,100,2021-06-28 13:03:00,VRAY
6.59,6.61,6.59,6.59,12448,2021-06-28 13:30:00,VRAY
6.62,6.62,6.62,6.62,100,2021-06-28 13:31:00,VRAY
6.61,6.66,6.61,6.63,13390,2021-06-28 13:32:00,VRAY
6.63,6.64,6.58,6.59,4098,2021-06-28 13:33:00,VRAY
6.595,6.6,6.59,6.59,1000,2021-06-28 13:34:00,VRAY
6.6,6.6,6.5278,6.53,10443,2021-06-28 13:35:00,VRAY
6.525,6.55,6.525,6.55,2552,2021-06-28 13:36:00,VRAY
6.55,6.57,6.54,6.57,7927,2021-06-28 13:37:00,VRAY
6.57,6.5899,6.57,6.5899,1000,2021-06-28 13:38:00,VRAY
6.59,6.605,6.59,6.59,2871,2021-06-28 13:39:00,VRAY
6.59,6.59,6.575,6.59,3035,2021-06-28 13:40:00,VRAY
6.585,6.585,6.575,6.585,2400,2021-06-28 13:41:00,VRAY
6.575,6.575,6.52,6.52,4299,2021-06-28 13:42:00,VRAY
6.52,6.52,6.505,6.515,3009,2021-06-28 13:43:00,VRAY
6.505,6.52,6.505,6.52,1334,2021-06-28 13:44:00,VRAY
6.52,6.525,6.515,6.515,4600,2021-06-28 13:45:00,VRAY
6.52,6.525,6.515,6.52,1929,2021-06-28 13:46:00,VRAY
6.525,6.525,6.495,6.495,25374,2021-06-28 13:47:00,VRAY
6.49,6.49,6.48,6.485,1000,2021-06-28 13:48:00,VRAY
6.49,6.515,6.485,6.514,2900,2021-06-28 13:49:00,VRAY
6.51,6.51,6.5,6.505,1300,2021-06-28 13:50:00,VRAY
6.505,6.515,6.5,6.5101,2143,2021-06-28 13:51:00,VRAY
6.51,6.51,6.48,6.48,678,2021-06-28 13:52:00,VRAY
6.473,6.49,6.4707,6.49,2546,2021-06-28 13:53:00,VRAY
6.483,6.485,6.44,6.45,11488,2021-06-28 13:54:00,VRAY
6.445,6.45,6.43,6.45,10090,2021-06-28 13:55:00,VRAY
6.45,6.455,6.42,6.42,15052,2021-06-28 13:56:00,VRAY
6.43,6.43,6.39,6.4213,10937,2021-06-28 13:57:00,VRAY
6.4296,6.43,6.425,6.4299,3700,2021-06-28 13:58:00,VRAY
6.43,6.46,6.425,6.46,2337,2021-06-28 13:59:00,VRAY
6.47,6.5,6.47,6.495,7087,2021-06-28 14:00:00,VRAY
6.49,6.5,6.49,6.5,1835,2021-06-28 14:01:00,VRAY
6.5,6.51,6.5,6.51,1100,2021-06-28 14:02:00,VRAY
6.505,6.505,6.505,6.505,600,2021-06-28 14:03:00,VRAY
6.505,6.515,6.49,6.515,8234,2021-06-28 14:04:00,VRAY
6.52,6.555,6.52,6.53,7902,2021-06-28 14:05:00,VRAY
6.5237,6.53,6.5237,6.5284,2315,2021-06-28 14:06:00,VRAY
6.53,6.53,6.5205,6.5205,1728,2021-06-28 14:07:00,VRAY
6.525,6.525,6.525,6.525,100,2021-06-28 14:08:00,VRAY
6.53,6.53,6.525,6.53,1758,2021-06-28 14:09:00,VRAY
6.525,6.525,6.515,6.515,2548,2021-06-28 14:10:00,VRAY
6.515,6.52,6.515,6.52,2548,2021-06-28 14:11:00,VRAY
6.52,6.52,6.515,6.515,785,2021-06-28 14:12:00,VRAY
6.515,6.515,6.505,6.51,1760,2021-06-28 14:13:00,VRAY
6.505,6.51,6.501,6.51,1115,2021-06-28 14:14:00,VRAY
6.51,6.51,6.51,6.51,100,2021-06-28 14:15:00,VRAY
6.505,6.515,6.505,6.515,906,2021-06-28 14:16:00,VRAY
6.515,6.5161,6.515,6.5161,400,2021-06-28 14:17:00,VRAY
6.52,6.52,6.5,6.505,6236,2021-06-28 14:18:00,VRAY
6.5,6.52,6.5,6.52,10021,2021-06-28 14:19:00,VRAY
6.515,6.52,6.515,6.52,893,2021-06-28 14:20:00,VRAY
6.51,6.51,6.51,6.51,100,2021-06-28 14:21:00,VRAY
6.5168,6.5168,6.5168,6.5168,300,2021-06-28 14:22:00,VRAY
6.52,6.525,6.515,6.515,8115,2021-06-28 14:23:00,VRAY
6.515,6.515,6.515,6.515,100,2021-06-28 14:24:00,VRAY
6.51,6.515,6.5,6.5,2594,2021-06-28 14:25:00,VRAY
6.5,6.52,6.5,6.515,9489,2021-06-28 14:26:00,VRAY
6.52,6.52,6.52,6.52,700,2021-06-28 14:27:00,VRAY
6.52,6.525,6.515,6.52,6142,2021-06-28 14:28:00,VRAY
6.52,6.52,6.515,6.52,5145,2021-06-28 14:29:00,VRAY
6.515,6.515,6.515,6.515,300,2021-06-28 14:30:00,VRAY
6.515,6.515,6.515,6.515,100,2021-06-28 14:31:00,VRAY
6.51,6.51,6.5,6.51,6466,2021-06-28 14:32:00,VRAY
6.51,6.51,6.51,6.51,1000,2021-06-28 14:33:00,VRAY
6.52,6.525,6.51,6.51,5000,2021-06-28 14:34:00,VRAY
6.51,6.53,6.51,6.51,7713,2021-06-28 14:35:00,VRAY
6.505,6.51,6.505,6.51,500,2021-06-28 14:36:00,VRAY
6.5,6.505,6.5,6.5,719,2021-06-28 14:37:00,VRAY
6.5066,6.5066,6.5,6.5,4468,2021-06-28 14:38:00,VRAY
6.5,6.5,6.5,6.5,100,2021-06-28 14:39:00,VRAY
6.5,6.5,6.5,6.5,1868,2021-06-28 14:40:00,VRAY
6.5,6.505,6.5,6.505,5314,2021-06-28 14:41:00,VRAY
6.505,6.505,6.5,6.5,1597,2021-06-28 14:44:00,VRAY
6.5,6.5,6.5,6.5,4472,2021-06-28 14:45:00,VRAY
6.5,6.5,6.5,6.5,8005,2021-06-28 14:46:00,VRAY
6.505,6.505,6.5,6.5,3717,2021-06-28 14:47:00,VRAY
6.5,6.5,6.5,6.5,1000,2021-06-28 14:48:00,VRAY
6.5,6.5,6.5,6.5,6461,2021-06-28 14:49:00,VRAY
6.5,6.515,6.5,6.51,7350,2021-06-28 14:50:00,VRAY
6.51,6.515,6.51,6.51,1200,2021-06-28 14:51:00,VRAY
6.52,6.525,6.515,6.52,5752,2021-06-28 14:52:00,VRAY
6.5225,6.525,6.52,6.525,9429,2021-06-28 14:53:00,VRAY
6.515,6.52,6.515,6.52,899,2021-06-28 14:54:00,VRAY
6.52,6.52,6.52,6.52,2100,2021-06-28 14:55:00,VRAY
6.524,6.525,6.524,6.525,560,2021-06-28 14:56:00,VRAY
6.525,6.525,6.525,6.525,400,2021-06-28 14:57:00,VRAY
6.525,6.525,6.52,6.525,420,2021-06-28 14:58:00,VRAY
6.525,6.5268,6.525,6.525,653,2021-06-28 14:59:00,VRAY
6.525,6.525,6.5225,6.5225,889,2021-06-28 15:00:00,VRAY
6.525,6.525,6.52,6.52,1025,2021-06-28 15:01:00,VRAY
6.52,6.52,6.52,6.52,200,2021-06-28 15:02:00,VRAY
6.525,6.53,6.52,6.525,1800,2021-06-28 15:03:00,VRAY
6.52,6.535,6.52,6.525,11576,2021-06-28 15:04:00,VRAY
6.53,6.53,6.52,6.525,2655,2021-06-28 15:05:00,VRAY
6.525,6.525,6.52,6.525,700,2021-06-28 15:06:00,VRAY
6.52,6.525,6.52,6.525,400,2021-06-28 15:07:00,VRAY
6.525,6.525,6.525,6.525,1046,2021-06-28 15:08:00,VRAY
6.525,6.57,6.52,6.56,10918,2021-06-28 15:09:00,VRAY
6.565,6.59,6.55,6.59,30321,2021-06-28 15:10:00,VRAY
6.595,6.595,6.59,6.59,200,2021-06-28 15:11:00,VRAY
6.5946,6.61,6.5946,6.61,1883,2021-06-28 15:12:00,VRAY
6.61,6.62,6.61,6.615,661,2021-06-28 15:13:00,VRAY
6.615,6.62,6.615,6.615,400,2021-06-28 15:14:00,VRAY
6.615,6.615,6.615,6.615,100,2021-06-28 15:15:00,VRAY
6.615,6.615,6.615,6.615,200,2021-06-28 15:16:00,VRAY
6.615,6.62,6.615,6.62,2508,2021-06-28 15:17:00,VRAY
6.625,6.63,6.625,6.625,722,2021-06-28 15:18:00,VRAY
6.625,6.625,6.6102,6.6102,2200,2021-06-28 15:19:00,VRAY
6.615,6.615,6.61,6.61,400,2021-06-28 15:20:00,VRAY
6.615,6.615,6.58,6.595,4800,2021-06-28 15:21:00,VRAY
6.6,6.61,6.6,6.605,2639,2021-06-28 15:22:00,VRAY
6.6081,6.6081,6.6081,6.6081,1500,2021-06-28 15:24:00,VRAY
6.605,6.605,6.5899,6.5899,2285,2021-06-28 15:25:00,VRAY
6.59,6.605,6.59,6.595,7244,2021-06-28 15:26:00,VRAY
6.59,6.59,6.59,6.59,100,2021-06-28 15:27:00,VRAY
6.59,6.59,6.58,6.58,4101,2021-06-28 15:28:00,VRAY
6.575,6.58,6.575,6.58,1991,2021-06-28 15:29:00,VRAY
6.57,6.57,6.565,6.565,1800,2021-06-28 15:30:00,VRAY
6.57,6.59,6.57,6.59,104070,2021-06-28 15:31:00,VRAY
6.59,6.6,6.59,6.595,1310,2021-06-28 15:32:00,VRAY
6.595,6.6,6.595,6.595,500,2021-06-28 15:33:00,VRAY
6.6,6.615,6.595,6.6101,4166,2021-06-28 15:34:00,VRAY
6.61,6.615,6.595,6.6,7408,2021-06-28 15:35:00,VRAY
6.595,6.595,6.595,6.595,100,2021-06-28 15:36:00,VRAY
6.595,6.595,6.595,6.595,200,2021-06-28 15:38:00,VRAY
6.5901,6.595,6.58,6.58,3276,2021-06-28 15:39:00,VRAY
6.575,6.575,6.551,6.565,1700,2021-06-28 15:40:00,VRAY
6.57,6.57,6.57,6.57,152,2021-06-28 15:41:00,VRAY
6.565,6.57,6.56,6.57,2395,2021-06-28 15:42:00,VRAY
6.57,6.57,6.57,6.57,101,2021-06-28 15:44:00,VRAY
6.575,6.575,6.575,6.575,100,2021-06-28 15:46:00,VRAY
6.57,6.5705,6.57,6.5705,1000,2021-06-28 15:49:00,VRAY
6.57,6.57,6.56,6.565,3554,2021-06-28 15:50:00,VRAY
6.565,6.565,6.56,6.56,1500,2021-06-28 15:51:00,VRAY
6.56,6.56,6.55,6.555,10456,2021-06-28 15:53:00,VRAY
6.55,6.5541,6.53,6.53,3095,2021-06-28 15:54:00,VRAY
6.53,6.535,6.53,6.53,2181,2021-06-28 15:55:00,VRAY
6.53,6.53,6.5201,6.5201,276,2021-06-28 15:56:00,VRAY
6.53,6.53,6.53,6.53,800,2021-06-28 15:57:00,VRAY
6.54,6.54,6.535,6.54,1900,2021-06-28 15:58:00,VRAY
6.55,6.56,6.55,6.5558,900,2021-06-28 15:59:00,VRAY
6.56,6.57,6.56,6.57,2600,2021-06-28 16:00:00,VRAY
6.565,6.565,6.565,6.565,100,2021-06-28 16:01:00,VRAY
6.565,6.565,6.55,6.555,2450,2021-06-28 16:03:00,VRAY
6.56,6.565,6.55,6.565,900,2021-06-28 16:04:00,VRAY
6.565,6.565,6.565,6.565,673,2021-06-28 16:07:00,VRAY
6.565,6.565,6.565,6.565,1272,2021-06-28 16:08:00,VRAY
6.565,6.57,6.565,6.569,2139,2021-06-28 16:09:00,VRAY
6.565,6.565,6.565,6.565,900,2021-06-28 16:10:00,VRAY
6.565,6.57,6.56,6.565,1371,2021-06-28 16:11:00,VRAY
6.565,6.565,6.565,6.565,100,2021-06-28 16:14:00,VRAY
6.5628,6.5628,6.5628,6.5628,100,2021-06-28 16:15:00,VRAY
6.565,6.565,6.565,6.565,304,2021-06-28 16:16:00,VRAY
6.57,6.579,6.56,6.575,4948,2021-06-28 16:17:00,VRAY
6.575,6.575,6.575,6.575,300,2021-06-28 16:18:00,VRAY
6.575,6.575,6.575,6.575,100,2021-06-28 16:19:00,VRAY
6.58,6.6,6.58,6.595,6258,2021-06-28 16:20:00,VRAY
6.595,6.595,6.595,6.595,200,2021-06-28 16:21:00,VRAY
6.59,6.595,6.588,6.588,4341,2021-06-28 16:22:00,VRAY
6.585,6.6,6.5801,6.6,4266,2021-06-28 16:23:00,VRAY
6.605,6.605,6.605,6.605,300,2021-06-28 16:24:00,VRAY
6.6,6.6,6.6,6.6,100,2021-06-28 16:25:00,VRAY
6.605,6.605,6.6,6.6,2721,2021-06-28 16:27:00,VRAY
6.59,6.59,6.59,6.59,100,2021-06-28 16:29:00,VRAY
6.59,6.59,6.585,6.585,3800,2021-06-28 16:30:00,VRAY
6.585,6.585,6.585,6.585,599,2021-06-28 16:33:00,VRAY
6.582,6.62,6.582,6.615,15665,2021-06-28 16:34:00,VRAY
6.615,6.625,6.615,6.625,6309,2021-06-28 16:35:00,VRAY
6.625,6.625,6.625,6.625,200,2021-06-28 16:37:00,VRAY
6.629,6.629,6.61,6.615,7123,2021-06-28 16:38:00,VRAY
6.6171,6.6171,6.6171,6.6171,500,2021-06-28 16:42:00,VRAY
6.615,6.62,6.61,6.615,1800,2021-06-28 16:44:00,VRAY
6.61,6.61,6.61,6.61,200,2021-06-28 16:45:00,VRAY
6.6116,6.64,6.61,6.64,60877,2021-06-28 16:47:00,VRAY
6.63,6.63,6.63,6.63,100,2021-06-28 16:48:00,VRAY
6.635,6.635,6.635,6.635,500,2021-06-28 16:49:00,VRAY
6.635,6.635,6.62,6.62,12000,2021-06-28 16:50:00,VRAY
6.615,6.615,6.615,6.615,200,2021-06-28 16:51:00,VRAY
6.615,6.615,6.61,6.61,2320,2021-06-28 16:52:00,VRAY
6.615,6.615,6.61,6.615,2600,2021-06-28 16:53:00,VRAY
6.61,6.615,6.61,6.615,800,2021-06-28 16:54:00,VRAY
6.61,6.615,6.61,6.615,805,2021-06-28 16:55:00,VRAY
6.615,6.62,6.615,6.62,9786,2021-06-28 16:56:00,VRAY
6.62,6.63,6.62,6.625,12315,2021-06-28 16:58:00,VRAY
6.625,6.63,6.625,6.63,3559,2021-06-28 17:00:00,VRAY
6.625,6.625,6.625,6.625,649,2021-06-28 17:01:00,VRAY
6.6299,6.63,6.62,6.625,1300,2021-06-28 17:02:00,VRAY
6.625,6.625,6.625,6.625,318,2021-06-28 17:03:00,VRAY
6.625,6.625,6.625,6.625,482,2021-06-28 17:04:00,VRAY
6.625,6.63,6.625,6.63,2100,2021-06-28 17:05:00,VRAY
6.625,6.63,6.62,6.62,420,2021-06-28 17:06:00,VRAY
6.6201,6.6201,6.62,6.62,400,2021-06-28 17:07:00,VRAY
6.62,6.625,6.62,6.625,200,2021-06-28 17:08:00,VRAY
6.62,6.625,6.61,6.615,4000,2021-06-28 17:10:00,VRAY
6.615,6.615,6.6137,6.6137,1700,2021-06-28 17:11:00,VRAY
6.61,6.615,6.61,6.615,400,2021-06-28 17:12:00,VRAY
6.62,6.62,6.61,6.615,630,2021-06-28 17:13:00,VRAY
6.62,6.62,6.61,6.61,306,2021-06-28 17:14:00,VRAY
6.62,6.635,6.61,6.635,16437,2021-06-28 17:15:00,VRAY
6.635,6.635,6.635,6.635,518,2021-06-28 17:16:00,VRAY
6.64,6.645,6.635,6.645,5363,2021-06-28 17:17:00,VRAY
6.645,6.645,6.645,6.645,100,2021-06-28 17:18:00,VRAY
6.6401,6.65,6.63,6.63,4963,2021-06-28 17:19:00,VRAY
6.625,6.625,6.625,6.625,300,2021-06-28 17:20:00,VRAY
6.62,6.625,6.62,6.625,652,2021-06-28 17:21:00,VRAY
6.62,6.63,6.615,6.62,7897,2021-06-28 17:22:00,VRAY
6.62,6.629,6.62,6.629,600,2021-06-28 17:23:00,VRAY
6.625,6.625,6.625,6.625,100,2021-06-28 17:24:00,VRAY
6.62,6.63,6.62,6.62,1600,2021-06-28 17:25:00,VRAY
6.62,6.62,6.61,6.615,6149,2021-06-28 17:26:00,VRAY
6.615,6.62,6.61,6.615,11242,2021-06-28 17:27:00,VRAY
6.61,6.62,6.6,6.61,3900,2021-06-28 17:28:00,VRAY
6.605,6.605,6.592,6.592,3700,2021-06-28 17:29:00,VRAY
6.595,6.62,6.595,6.6165,5030,2021-06-28 17:30:00,VRAY
6.62,6.64,6.62,6.635,2895,2021-06-28 17:31:00,VRAY
6.635,6.635,6.63,6.63,300,2021-06-28 17:32:00,VRAY
6.635,6.635,6.63,6.635,1865,2021-06-28 17:33:00,VRAY
6.635,6.64,6.634,6.64,729,2021-06-28 17:34:00,VRAY
6.635,6.635,6.635,6.635,700,2021-06-28 17:35:00,VRAY
6.6389,6.6389,6.635,6.635,700,2021-06-28 17:37:00,VRAY
6.635,6.645,6.635,6.64,9642,2021-06-28 17:38:00,VRAY
6.645,6.645,6.645,6.645,100,2021-06-28 17:39:00,VRAY
6.645,6.645,6.64,6.64,1000,2021-06-28 17:40:00,VRAY
6.635,6.635,6.635,6.635,329,2021-06-28 17:41:00,VRAY
6.635,6.635,6.635,6.635,300,2021-06-28 17:42:00,VRAY
6.635,6.635,6.635,6.635,1300,2021-06-28 17:43:00,VRAY
6.635,6.635,6.635,6.635,310,2021-06-28 17:44:00,VRAY
6.64,6.64,6.635,6.635,1600,2021-06-28 17:45:00,VRAY
6.635,6.635,6.635,6.635,758,2021-06-28 17:46:00,VRAY
6.635,6.635,6.635,6.635,1100,2021-06-28 17:47:00,VRAY
6.635,6.635,6.635,6.635,100,2021-06-28 17:48:00,VRAY
6.635,6.635,6.635,6.635,500,2021-06-28 17:49:00,VRAY
6.635,6.65,6.635,6.635,7419,2021-06-28 17:50:00,VRAY
6.64,6.65,6.64,6.645,4100,2021-06-28 17:51:00,VRAY
6.645,6.6499,6.645,6.6499,544,2021-06-28 17:52:00,VRAY
6.645,6.645,6.641,6.641,500,2021-06-28 17:53:00,VRAY
6.645,6.645,6.645,6.645,400,2021-06-28 17:54:00,VRAY
6.645,6.6495,6.64,6.645,3900,2021-06-28 17:55:00,VRAY
6.645,6.645,6.645,6.645,500,2021-06-28 17:56:00,VRAY
6.645,6.645,6.645,6.645,500,2021-06-28 17:57:00,VRAY
6.65,6.66,6.645,6.65,4245,2021-06-28 17:58:00,VRAY
6.65,6.655,6.64,6.645,2976,2021-06-28 17:59:00,VRAY
6.645,6.645,6.645,6.645,400,2021-06-28 18:00:00,VRAY
6.645,6.645,6.635,6.635,1899,2021-06-28 18:01:00,VRAY
6.635,6.64,6.635,6.635,2785,2021-06-28 18:02:00,VRAY
6.635,6.64,6.635,6.635,4509,2021-06-28 18:03:00,VRAY
6.635,6.635,6.635,6.635,200,2021-06-28 18:04:00,VRAY
6.635,6.635,6.635,6.635,200,2021-06-28 18:05:00,VRAY
6.63,6.635,6.63,6.635,700,2021-06-28 18:06:00,VRAY
6.635,6.635,6.6327,6.635,1708,2021-06-28 18:07:00,VRAY
6.635,6.635,6.635,6.635,100,2021-06-28 18:09:00,VRAY
6.635,6.635,6.635,6.635,1200,2021-06-28 18:10:00,VRAY
6.635,6.635,6.635,6.635,100,2021-06-28 18:11:00,VRAY
6.63,6.63,6.63,6.63,200,2021-06-28 18:12:00,VRAY
6.635,6.635,6.635,6.635,1100,2021-06-28 18:13:00,VRAY
6.635,6.635,6.63,6.635,3500,2021-06-28 18:14:00,VRAY
6.635,6.635,6.635,6.635,400,2021-06-28 18:15:00,VRAY
6.63,6.635,6.63,6.635,413,2021-06-28 18:16:00,VRAY
6.635,6.635,6.63,6.635,500,2021-06-28 18:17:00,VRAY
6.635,6.635,6.635,6.635,200,2021-06-28 18:18:00,VRAY
6.63,6.635,6.625,6.625,1400,2021-06-28 18:19:00,VRAY
6.63,6.63,6.625,6.625,331,2021-06-28 18:20:00,VRAY
6.63,6.63,6.63,6.63,100,2021-06-28 18:22:00,VRAY
6.625,6.635,6.625,6.635,6875,2021-06-28 18:23:00,VRAY
6.64,6.64,6.635,6.635,3055,2021-06-28 18:24:00,VRAY
6.635,6.635,6.635,6.635,454,2021-06-28 18:25:00,VRAY
6.635,6.635,6.635,6.635,400,2021-06-28 18:28:00,VRAY
6.635,6.64,6.62,6.625,13709,2021-06-28 18:29:00,VRAY
6.625,6.63,6.615,6.63,6500,2021-06-28 18:30:00,VRAY
6.63,6.63,6.625,6.625,1278,2021-06-28 18:31:00,VRAY
6.625,6.625,6.625,6.625,100,2021-06-28 18:32:00,VRAY
6.625,6.625,6.625,6.625,1300,2021-06-28 18:34:00,VRAY
6.62,6.625,6.62,6.625,400,2021-06-28 18:36:00,VRAY
6.63,6.64,6.625,6.635,6482,2021-06-28 18:37:00,VRAY
6.635,6.635,6.635,6.635,100,2021-06-28 18:39:00,VRAY
6.635,6.635,6.635,6.635,800,2021-06-28 18:40:00,VRAY
6.635,6.635,6.635,6.635,300,2021-06-28 18:42:00,VRAY
6.635,6.635,6.635,6.635,676,2021-06-28 18:43:00,VRAY
6.635,6.635,6.635,6.635,220,2021-06-28 18:44:00,VRAY
6.635,6.635,6.63,6.635,587,2021-06-28 18:45:00,VRAY
6.635,6.635,6.635,6.635,300,2021-06-28 18:47:00,VRAY
6.63,6.64,6.615,6.635,13836,2021-06-28 18:48:00,VRAY
6.635,6.635,6.635,6.635,531,2021-06-28 18:49:00,VRAY
6.6379,6.6379,6.635,6.635,2957,2021-06-28 18:50:00,VRAY
6.635,6.635,6.635,6.635,1114,2021-06-28 18:51:00,VRAY
6.635,6.635,6.635,6.635,1300,2021-06-28 18:52:00,VRAY
6.635,6.635,6.635,6.635,2100,2021-06-28 18:53:00,VRAY
6.635,6.64,6.635,6.635,400,2021-06-28 18:55:00,VRAY
6.635,6.635,6.635,6.635,100,2021-06-28 18:56:00,VRAY
6.635,6.655,6.635,6.655,31385,2021-06-28 18:58:00,VRAY
6.655,6.655,6.655,6.655,300,2021-06-28 18:59:00,VRAY
6.655,6.6577,6.65,6.655,2200,2021-06-28 19:00:00,VRAY
6.655,6.66,6.655,6.655,500,2021-06-28 19:01:00,VRAY
6.655,6.655,6.655,6.655,600,2021-06-28 19:02:00,VRAY
6.655,6.655,6.655,6.655,400,2021-06-28 19:03:00,VRAY
6.655,6.655,6.655,6.655,100,2021-06-28 19:04:00,VRAY
6.655,6.655,6.655,6.655,300,2021-06-28 19:05:00,VRAY
6.655,6.655,6.655,6.655,500,2021-06-28 19:06:00,VRAY
6.655,6.655,6.655,6.655,700,2021-06-28 19:07:00,VRAY
6.65,6.655,6.635,6.655,14110,2021-06-28 19:08:00,VRAY
6.655,6.655,6.655,6.655,500,2021-06-28 19:09:00,VRAY
6.655,6.66,6.655,6.66,2900,2021-06-28 19:10:00,VRAY
6.655,6.655,6.645,6.65,2220,2021-06-28 19:11:00,VRAY
6.645,6.655,6.645,6.655,4548,2021-06-28 19:12:00,VRAY
6.655,6.665,6.655,6.665,8525,2021-06-28 19:13:00,VRAY
6.6663,6.67,6.665,6.665,3171,2021-06-28 19:14:00,VRAY
6.665,6.665,6.665,6.665,2424,2021-06-28 19:15:00,VRAY
6.665,6.67,6.665,6.67,9146,2021-06-28 19:16:00,VRAY
6.675,6.68,6.675,6.675,1273,2021-06-28 19:17:00,VRAY
6.675,6.675,6.675,6.675,1492,2021-06-28 19:18:00,VRAY
6.68,6.68,6.67,6.67,1100,2021-06-28 19:19:00,VRAY
6.675,6.68,6.675,6.675,30900,2021-06-28 19:20:00,VRAY
6.675,6.68,6.675,6.68,2407,2021-06-28 19:21:00,VRAY
6.675,6.68,6.675,6.675,1738,2021-06-28 19:22:00,VRAY
6.675,6.675,6.675,6.675,300,2021-06-28 19:23:00,VRAY
6.675,6.6755,6.675,6.675,1200,2021-06-28 19:24:00,VRAY
6.675,6.675,6.67,6.675,2600,2021-06-28 19:25:00,VRAY
6.675,6.675,6.675,6.675,600,2021-06-28 19:26:00,VRAY
6.67,6.68,6.67,6.675,13059,2021-06-28 19:27:00,VRAY
6.675,6.68,6.675,6.68,8864,2021-06-28 19:28:00,VRAY
6.675,6.68,6.675,6.675,300,2021-06-28 19:29:00,VRAY
6.675,6.675,6.675,6.675,1110,2021-06-28 19:30:00,VRAY
6.675,6.675,6.67,6.67,1662,2021-06-28 19:31:00,VRAY
6.68,6.68,6.67,6.675,1583,2021-06-28 19:32:00,VRAY
6.67,6.675,6.67,6.675,3517,2021-06-28 19:33:00,VRAY
6.675,6.675,6.675,6.675,826,2021-06-28 19:34:00,VRAY
6.675,6.675,6.67,6.67,2671,2021-06-28 19:35:00,VRAY
6.675,6.68,6.67,6.67,10434,2021-06-28 19:36:00,VRAY
6.675,6.675,6.665,6.67,10979,2021-06-28 19:37:00,VRAY
6.665,6.6675,6.66,6.665,5400,2021-06-28 19:38:00,VRAY
6.66,6.665,6.66,6.665,600,2021-06-28 19:39:00,VRAY
6.66,6.67,6.66,6.66,4947,2021-06-28 19:40:00,VRAY
6.67,6.71,6.67,6.705,30702,2021-06-28 19:41:00,VRAY
6.705,6.71,6.7,6.7,6394,2021-06-28 19:42:00,VRAY
6.705,6.71,6.705,6.705,13979,2021-06-28 19:43:00,VRAY
6.705,6.705,6.69,6.695,4693,2021-06-28 19:44:00,VRAY
6.69,6.695,6.67,6.67,18788,2021-06-28 19:45:00,VRAY
6.67,6.675,6.67,6.675,600,2021-06-28 19:46:00,VRAY
6.67,6.68,6.67,6.675,2700,2021-06-28 19:47:00,VRAY
6.67,6.68,6.67,6.68,3600,2021-06-28 19:48:00,VRAY
6.685,6.69,6.68,6.685,4120,2021-06-28 19:49:00,VRAY
6.69,6.715,6.69,6.71,5800,2021-06-28 19:50:00,VRAY
6.705,6.705,6.705,6.705,200,2021-06-28 19:51:00,VRAY
6.71,6.72,6.7,6.71,7618,2021-06-28 19:52:00,VRAY
6.7,6.71,6.7,6.705,1525,2021-06-28 19:53:00,VRAY
6.71,6.72,6.7,6.705,8534,2021-06-28 19:54:00,VRAY
6.7,6.7099,6.7,6.705,8736,2021-06-28 19:55:00,VRAY
6.705,6.72,6.7,6.72,21381,2021-06-28 19:56:00,VRAY
6.715,6.72,6.71,6.71,3578,2021-06-28 19:57:00,VRAY
6.715,6.72,6.71,6.71,11336,2021-06-28 19:58:00,VRAY
6.715,6.72,6.71,6.71,20764,2021-06-28 19:59:00,VRAY
6.71,6.71,6.71,6.71,456496,2021-06-28 20:00:00,VRAY
6.71,6.71,6.71,6.71,4984,2021-06-28 20:01:00,VRAY
6.71,6.71,6.71,6.71,100,2021-06-28 20:21:00,VRAY
6.7099,6.7099,6.7099,6.7099,500,2021-06-28 20:37:00,VRAY
6.75,6.75,6.75,6.75,600,2021-06-29 13:28:00,VRAY
6.71,6.77,6.71,6.73,25472,2021-06-29 13:30:00,VRAY
6.71,6.72,6.6901,6.72,1900,2021-06-29 13:31:00,VRAY
6.71,6.75,6.705,6.73,27490,2021-06-29 13:32:00,VRAY
6.74,6.74,6.73,6.73,400,2021-06-29 13:33:00,VRAY
6.735,6.76,6.735,6.76,2540,2021-06-29 13:34:00,VRAY
6.73,6.73,6.69,6.69,1700,2021-06-29 13:35:00,VRAY
6.69,6.69,6.66,6.66,1276,2021-06-29 13:36:00,VRAY
6.67,6.68,6.66,6.68,1000,2021-06-29 13:37:00,VRAY
6.67,6.67,6.66,6.66,700,2021-06-29 13:38:00,VRAY
6.665,6.67,6.665,6.67,400,2021-06-29 13:39:00,VRAY
6.67,6.67,6.645,6.645,1996,2021-06-29 13:40:00,VRAY
6.65,6.66,6.65,6.655,620,2021-06-29 13:41:00,VRAY
6.65,6.65,6.62,6.64,6896,2021-06-29 13:42:00,VRAY
6.65,6.655,6.65,6.655,600,2021-06-29 13:43:00,VRAY
6.66,6.67,6.66,6.67,4601,2021-06-29 13:44:00,VRAY
6.68,6.6888,6.68,6.6888,400,2021-06-29 13:45:00,VRAY
6.685,6.71,6.685,6.71,600,2021-06-29 13:47:00,VRAY
6.72,6.73,6.72,6.72,1307,2021-06-29 13:48:00,VRAY
6.72,6.72,6.72,6.72,100,2021-06-29 13:49:00,VRAY
6.73,6.74,6.73,6.74,5600,2021-06-29 13:50:00,VRAY
6.74,6.75,6.73,6.73,1800,2021-06-29 13:51:00,VRAY
6.735,6.74,6.735,6.74,1400,2021-06-29 13:52:00,VRAY
6.78,6.78,6.77,6.77,700,2021-06-29 13:53:00,VRAY
6.76,6.77,6.75,6.77,1059,2021-06-29 13:54:00,VRAY
6.78,6.79,6.78,6.7899,1900,2021-06-29 13:55:00,VRAY
6.78,6.78,6.78,6.78,200,2021-06-29 13:56:00,VRAY
6.77,6.7717,6.77,6.7717,400,2021-06-29 13:57:00,VRAY
6.77,6.77,6.77,6.77,100,2021-06-29 13:58:00,VRAY
6.77,6.77,6.765,6.765,1186,2021-06-29 13:59:00,VRAY
6.775,6.775,6.775,6.775,100,2021-06-29 14:00:00,VRAY
6.77,6.77,6.76,6.77,2600,2021-06-29 14:01:00,VRAY
6.78,6.8,6.775,6.8,3230,2021-06-29 14:02:00,VRAY
6.8062,6.81,6.78,6.79,2634,2021-06-29 14:03:00,VRAY
6.79,6.79,6.77,6.77,1000,2021-06-29 14:04:00,VRAY
6.77,6.77,6.77,6.77,200,2021-06-29 14:05:00,VRAY
6.77,6.77,6.74,6.7479,1948,2021-06-29 14:06:00,VRAY
6.74,6.74,6.7205,6.725,800,2021-06-29 14:07:00,VRAY
6.73,6.745,6.725,6.7401,1755,2021-06-29 14:08:00,VRAY
6.75,6.75,6.745,6.75,300,2021-06-29 14:09:00,VRAY
6.745,6.745,6.745,6.745,100,2021-06-29 14:10:00,VRAY
6.74,6.745,6.74,6.745,500,2021-06-29 14:11:00,VRAY
6.745,6.745,6.73,6.74,2600,2021-06-29 14:12:00,VRAY
6.73,6.74,6.725,6.74,1800,2021-06-29 14:13:00,VRAY
6.742,6.745,6.742,6.745,4200,2021-06-29 14:14:00,VRAY
6.745,6.75,6.735,6.735,6054,2021-06-29 14:15:00,VRAY
6.73,6.73,6.73,6.73,200,2021-06-29 14:16:00,VRAY
6.74,6.74,6.735,6.74,400,2021-06-29 14:17:00,VRAY
6.75,6.77,6.75,6.76,21034,2021-06-29 14:18:00,VRAY
6.765,6.78,6.76,6.78,2316,2021-06-29 14:19:00,VRAY
6.775,6.78,6.775,6.775,1000,2021-06-29 14:20:00,VRAY
6.775,6.775,6.77,6.775,1100,2021-06-29 14:21:00,VRAY
6.775,6.775,6.775,6.775,800,2021-06-29 14:22:00,VRAY
6.775,6.775,6.775,6.775,200,2021-06-29 14:23:00,VRAY
6.775,6.78,6.775,6.78,500,2021-06-29 14:24:00,VRAY
6.77,6.775,6.755,6.755,2839,2021-06-29 14:25:00,VRAY
6.76,6.76,6.76,6.76,203,2021-06-29 14:27:00,VRAY
6.755,6.77,6.725,6.725,15902,2021-06-29 14:29:00,VRAY
6.73,6.73,6.725,6.73,500,2021-06-29 14:30:00,VRAY
6.73,6.73,6.73,6.73,200,2021-06-29 14:31:00,VRAY
6.725,6.73,6.725,6.73,1050,2021-06-29 14:32:00,VRAY
6.73,6.74,6.725,6.74,939,2021-06-29 14:33:00,VRAY
6.75,6.75,6.75,6.75,300,2021-06-29 14:34:00,VRAY
6.755,6.755,6.745,6.75,2300,2021-06-29 14:36:00,VRAY
6.755,6.755,6.755,6.755,300,2021-06-29 14:37:00,VRAY
6.755,6.755,6.755,6.755,600,2021-06-29 14:39:00,VRAY
6.755,6.755,6.75,6.75,354,2021-06-29 14:40:00,VRAY
6.75,6.75,6.745,6.75,102900,2021-06-29 14:41:00,VRAY
6.76,6.79,6.76,6.7835,5193,2021-06-29 14:42:00,VRAY
6.785,6.785,6.785,6.785,149,2021-06-29 14:43:00,VRAY
6.79,6.79,6.785,6.79,3194,2021-06-29 14:45:00,VRAY
6.79,6.797,6.785,6.795,1824,2021-06-29 14:46:00,VRAY
6.8,6.8,6.785,6.79,13353,2021-06-29 14:47:00,VRAY
6.79,6.79,6.785,6.785,400,2021-06-29 14:48:00,VRAY
6.7885,6.7885,6.7885,6.7885,300,2021-06-29 14:49:00,VRAY
6.785,6.785,6.785,6.785,100,2021-06-29 14:50:00,VRAY
6.79,6.79,6.785,6.785,800,2021-06-29 14:51:00,VRAY
6.785,6.785,6.785,6.785,200,2021-06-29 14:52:00,VRAY
6.79,6.79,6.785,6.785,200,2021-06-29 14:53:00,VRAY
6.785,6.785,6.785,6.785,400,2021-06-29 14:54:00,VRAY
6.7824,6.79,6.7824,6.785,1300,2021-06-29 14:55:00,VRAY
6.78,6.78,6.775,6.775,1300,2021-06-29 14:57:00,VRAY
6.77,6.77,6.77,6.77,100,2021-06-29 14:58:00,VRAY
6.775,6.775,6.775,6.775,1000,2021-06-29 15:02:00,VRAY
6.775,6.775,6.75,6.76,2500,2021-06-29 15:04:00,VRAY
6.75,6.75,6.75,6.75,200,2021-06-29 15:06:00,VRAY
6.755,6.755,6.755,6.755,100,2021-06-29 15:07:00,VRAY
6.76,6.768,6.76,6.768,2148,2021-06-29 15:08:00,VRAY
6.765,6.765,6.765,6.765,100,2021-06-29 15:09:00,VRAY
6.765,6.765,6.735,6.735,2116,2021-06-29 15:11:00,VRAY
6.73,6.73,6.73,6.73,100,2021-06-29 15:14:00,VRAY
6.74,6.75,6.735,6.74,3464,2021-06-29 15:15:00,VRAY
6.74,6.74,6.735,6.735,666,2021-06-29 15:16:00,VRAY
6.74,6.76,6.74,6.76,397,2021-06-29 15:17:00,VRAY
6.75,6.75,6.75,6.75,100,2021-06-29 15:19:00,VRAY
6.76,6.77,6.755,6.77,4197,2021-06-29 15:20:00,VRAY
6.77,6.77,6.77,6.77,700,2021-06-29 15:21:00,VRAY
6.775,6.775,6.775,6.775,100,2021-06-29 15:22:00,VRAY
6.78,6.78,6.78,6.78,100,2021-06-29 15:23:00,VRAY
6.778,6.778,6.778,6.778,500,2021-06-29 15:24:00,VRAY
6.775,6.775,6.775,6.775,1800,2021-06-29 15:28:00,VRAY
6.77,6.775,6.77,6.77,1768,2021-06-29 15:29:00,VRAY
6.765,6.77,6.765,6.765,1299,2021-06-29 15:33:00,VRAY
6.76,6.76,6.76,6.76,120,2021-06-29 15:34:00,VRAY
6.76,6.76,6.74,6.74,5059,2021-06-29 15:36:00,VRAY
6.735,6.74,6.735,6.7388,1020,2021-06-29 15:37:00,VRAY
6.73,6.73,6.73,6.73,100,2021-06-29 15:38:00,VRAY
6.74,6.74,6.735,6.735,200,2021-06-29 15:40:00,VRAY
6.7386,6.74,6.735,6.735,600,2021-06-29 15:41:00,VRAY
6.735,6.735,6.735,6.735,130,2021-06-29 15:42:00,VRAY
6.74,6.75,6.735,6.745,3157,2021-06-29 15:46:00,VRAY
6.745,6.75,6.745,6.75,200,2021-06-29 15:47:00,VRAY
6.75,6.755,6.74,6.74,4239,2021-06-29 15:48:00,VRAY
6.74,6.74,6.74,6.74,100,2021-06-29 15:50:00,VRAY
6.73,6.73,6.71,6.71,1556,2021-06-29 15:51:00,VRAY
6.71,6.71,6.71,6.71,100,2021-06-29 15:53:00,VRAY
6.7,6.7,6.7,6.7,500,2021-06-29 15:54:00,VRAY
6.7,6.7,6.695,6.7,1700,2021-06-29 15:56:00,VRAY
6.7099,6.71,6.7099,6.71,1900,2021-06-29 15:57:00,VRAY
6.72,6.725,6.72,6.725,200,2021-06-29 15:58:00,VRAY
6.72,6.72,6.72,6.72,586,2021-06-29 15:59:00,VRAY
6.7128,6.7128,6.71,6.71,1471,2021-06-29 16:01:00,VRAY
6.705,6.705,6.705,6.705,100,2021-06-29 16:02:00,VRAY
6.71,6.71,6.705,6.705,200,2021-06-29 16:04:00,VRAY
6.7,6.7,6.7,6.7,100,2021-06-29 16:07:00,VRAY
6.705,6.72,6.705,6.72,3200,2021-06-29 16:11:00,VRAY
6.725,6.725,6.72,6.72,600,2021-06-29 16:13:00,VRAY
6.72,6.72,6.72,6.72,100,2021-06-29 16:14:00,VRAY
6.725,6.73,6.72,6.73,633,2021-06-29 16:16:00,VRAY
6.725,6.725,6.725,6.725,100,2021-06-29 16:19:00,VRAY
6.72,6.73,6.72,6.73,700,2021-06-29 16:20:00,VRAY
6.73,6.73,6.73,6.73,100,2021-06-29 16:21:00,VRAY
6.725,6.725,6.725,6.725,200,2021-06-29 16:23:00,VRAY
6.73,6.73,6.73,6.73,100,2021-06-29 16:25:00,VRAY
6.725,6.725,6.725,6.725,100,2021-06-29 16:26:00,VRAY
6.73,6.73,6.7268,6.7297,700,2021-06-29 16:27:00,VRAY
6.72,6.7222,6.715,6.715,1766,2021-06-29 16:28:00,VRAY
6.705,6.71,6.7,6.7,4226,2021-06-29 16:29:00,VRAY
6.72,6.72,6.72,6.72,803,2021-06-29 16:30:00,VRAY
6.725,6.725,6.725,6.725,100,2021-06-29 16:31:00,VRAY
6.725,6.725,6.725,6.725,100,2021-06-29 16:32:00,VRAY
6.72,6.725,6.72,6.72,890,2021-06-29 16:33:00,VRAY
6.72,6.72,6.705,6.71,2100,2021-06-29 16:34:00,VRAY
6.7099,6.7099,6.7099,6.7099,250,2021-06-29 16:38:00,VRAY
6.705,6.705,6.705,6.705,100,2021-06-29 16:39:00,VRAY
6.7009,6.7009,6.7009,6.7009,300,2021-06-29 16:40:00,VRAY
6.71,6.72,6.705,6.72,3211,2021-06-29 16:41:00,VRAY
6.72,6.72,6.71,6.71,800,2021-06-29 16:42:00,VRAY
6.715,6.715,6.715,6.715,100,2021-06-29 16:44:00,VRAY
6.71,6.715,6.71,6.715,338,2021-06-29 16:45:00,VRAY
6.715,6.715,6.71,6.71,320,2021-06-29 16:47:00,VRAY
6.72,6.72,6.7,6.7,1220,2021-06-29 16:48:00,VRAY
6.7,6.7,6.7,6.7,100,2021-06-29 16:51:00,VRAY
6.705,6.71,6.705,6.71,200,2021-06-29 16:52:00,VRAY
6.71,6.71,6.71,6.71,600,2021-06-29 16:53:00,VRAY
6.705,6.705,6.705,6.705,100,2021-06-29 16:54:00,VRAY
6.7,6.7,6.7,6.7,500,2021-06-29 16:55:00,VRAY
6.705,6.71,6.705,6.71,600,2021-06-29 16:57:00,VRAY
6.7,6.7,6.68,6.685,3662,2021-06-29 16:58:00,VRAY
6.685,6.685,6.685,6.685,200,2021-06-29 16:59:00,VRAY
6.685,6.7,6.685,6.7,2997,2021-06-29 17:00:00,VRAY
6.7,6.7,6.69,6.69,1073,2021-06-29 17:01:00,VRAY
6.705,6.705,6.705,6.705,100,2021-06-29 17:02:00,VRAY
6.7,6.7001,6.7,6.7001,1600,2021-06-29 17:04:00,VRAY
6.7,6.71,6.69,6.71,7378,2021-06-29 17:05:00,VRAY
6.705,6.715,6.705,6.715,2198,2021-06-29 17:07:00,VRAY
6.72,6.72,6.71,6.71,1125,2021-06-29 17:10:00,VRAY
6.705,6.705,6.705,6.705,100,2021-06-29 17:11:00,VRAY
6.71,6.71,6.705,6.71,400,2021-06-29 17:13:00,VRAY
6.7,6.7,6.7,6.7,900,2021-06-29 17:14:00,VRAY
6.7,6.7,6.68,6.68,2116,2021-06-29 17:18:00,VRAY
6.67,6.67,6.67,6.67,993,2021-06-29 17:19:00,VRAY
6.66,6.66,6.6522,6.6522,1280,2021-06-29 17:20:00,VRAY
6.655,6.655,6.63,6.64,3682,2021-06-29 17:21:00,VRAY
6.64,6.64,6.64,6.64,100,2021-06-29 17:22:00,VRAY
6.645,6.645,6.64,6.64,800,2021-06-29 17:23:00,VRAY
6.645,6.645,6.645,6.645,100,2021-06-29 17:25:00,VRAY
6.64,6.64,6.625,6.64,3574,2021-06-29 17:26:00,VRAY
6.6369,6.6369,6.6369,6.6369,500,2021-06-29 17:27:00,VRAY
6.631,6.642,6.631,6.64,1800,2021-06-29 17:29:00,VRAY
6.64,6.64,6.63,6.63,300,2021-06-29 17:30:00,VRAY
6.65,6.65,6.65,6.65,176,2021-06-29 17:33:00,VRAY
6.645,6.65,6.64,6.65,1600,2021-06-29 17:34:00,VRAY
6.65,6.65,6.65,6.65,1800,2021-06-29 17:35:00,VRAY
6.6574,6.6574,6.655,6.655,264,2021-06-29 17:36:00,VRAY
6.655,6.655,6.65,6.65,1903,2021-06-29 17:37:00,VRAY
6.645,6.65,6.645,6.65,3300,2021-06-29 17:39:00,VRAY
6.65,6.66,6.65,6.66,200,2021-06-29 17:40:00,VRAY
6.66,6.66,6.66,6.66,700,2021-06-29 17:41:00,VRAY
6.66,6.66,6.66,6.66,100,2021-06-29 17:42:00,VRAY
6.6577,6.6577,6.6577,6.6577,100,2021-06-29 17:44:00,VRAY
6.66,6.67,6.66,6.66,11264,2021-06-29 17:45:00,VRAY
6.665,6.67,6.665,6.67,200,2021-06-29 17:47:00,VRAY
6.665,6.665,6.665,6.665,263,2021-06-29 17:48:00,VRAY
6.67,6.67,6.665,6.67,1600,2021-06-29 17:50:00,VRAY
6.68,6.68,6.68,6.68,100,2021-06-29 17:51:00,VRAY
6.68,6.68,6.68,6.68,100,2021-06-29 17:53:00,VRAY
6.67,6.675,6.65,6.65,2041,2021-06-29 17:55:00,VRAY
6.655,6.659,6.655,6.659,200,2021-06-29 17:56:00,VRAY
6.66,6.66,6.655,6.66,1400,2021-06-29 17:58:00,VRAY
6.665,6.685,6.665,6.685,4000,2021-06-29 17:59:00,VRAY
6.68,6.68,6.68,6.68,100,2021-06-29 18:01:00,VRAY
6.68,6.68,6.675,6.675,1189,2021-06-29 18:02:00,VRAY
6.67,6.67,6.67,6.67,100,2021-06-29 18:04:00,VRAY
6.67,6.67,6.66,6.66,2800,2021-06-29 18:06:00,VRAY
6.66,6.66,6.66,6.66,100,2021-06-29 18:07:00,VRAY
6.665,6.665,6.665,6.665,100,2021-06-29 18:10:00,VRAY
6.66,6.66,6.66,6.66,100,2021-06-29 18:11:00,VRAY
6.66,6.66,6.66,6.66,246,2021-06-29 18:12:00,VRAY
6.67,6.67,6.665,6.665,600,2021-06-29 18:13:00,VRAY
6.66,6.665,6.65,6.66,6450,2021-06-29 18:17:00,VRAY
6.66,6.66,6.66,6.66,2090,2021-06-29 18:19:00,VRAY
6.65,6.655,6.65,6.655,200,2021-06-29 18:20:00,VRAY
6.65,6.65,6.645,6.645,480,2021-06-29 18:23:00,VRAY
6.65,6.66,6.645,6.66,1800,2021-06-29 18:25:00,VRAY
6.66,6.665,6.65,6.65,6148,2021-06-29 18:28:00,VRAY
6.64,6.64,6.63,6.63,2008,2021-06-29 18:29:00,VRAY
6.635,6.66,6.63,6.66,12054,2021-06-29 18:30:00,VRAY
6.655,6.655,6.65,6.65,200,2021-06-29 18:32:00,VRAY
6.65,6.65,6.645,6.645,1420,2021-06-29 18:33:00,VRAY
6.64,6.64,6.64,6.64,100,2021-06-29 18:34:00,VRAY
6.64,6.64,6.64,6.64,800,2021-06-29 18:36:00,VRAY
6.63,6.63,6.63,6.63,100,2021-06-29 18:37:00,VRAY
6.6399,6.6399,6.625,6.625,1271,2021-06-29 18:38:00,VRAY
6.62,6.62,6.62,6.62,200,2021-06-29 18:40:00,VRAY
6.62,6.62,6.62,6.62,615,2021-06-29 18:43:00,VRAY
6.615,6.615,6.615,6.615,100,2021-06-29 18:44:00,VRAY
6.615,6.615,6.615,6.615,200,2021-06-29 18:45:00,VRAY
6.615,6.615,6.615,6.615,100,2021-06-29 18:47:00,VRAY
6.61,6.61,6.61,6.61,200,2021-06-29 18:48:00,VRAY
6.61,6.61,6.61,6.61,100,2021-06-29 18:49:00,VRAY
6.615,6.62,6.615,6.6164,1452,2021-06-29 18:50:00,VRAY
6.6134,6.6134,6.6134,6.6134,100,2021-06-29 18:52:00,VRAY
6.615,6.63,6.61,6.63,3624,2021-06-29 18:53:00,VRAY
6.63,6.635,6.62,6.63,2618,2021-06-29 18:54:00,VRAY
6.6222,6.63,6.6222,6.63,1300,2021-06-29 18:56:00,VRAY
6.625,6.625,6.625,6.625,100,2021-06-29 18:57:00,VRAY
6.63,6.63,6.62,6.63,1900,2021-06-29 18:58:00,VRAY
6.63,6.63,6.625,6.625,500,2021-06-29 18:59:00,VRAY
6.625,6.64,6.62,6.64,6381,2021-06-29 19:00:00,VRAY
6.64,6.64,6.635,6.635,300,2021-06-29 19:02:00,VRAY
6.64,6.64,6.64,6.64,100,2021-06-29 19:03:00,VRAY
6.63,6.635,6.62,6.62,3218,2021-06-29 19:04:00,VRAY
6.62,6.6224,6.62,6.6224,2900,2021-06-29 19:05:00,VRAY
6.625,6.625,6.625,6.625,100,2021-06-29 19:06:00,VRAY
6.63,6.63,6.63,6.63,100,2021-06-29 19:07:00,VRAY
6.62,6.62,6.62,6.62,200,2021-06-29 19:08:00,VRAY
6.625,6.625,6.625,6.625,100,2021-06-29 19:09:00,VRAY
6.62,6.63,6.62,6.63,1500,2021-06-29 19:10:00,VRAY
6.625,6.63,6.62,6.63,613,2021-06-29 19:11:00,VRAY
6.625,6.64,6.62,6.64,900,2021-06-29 19:13:00,VRAY
6.64,6.66,6.64,6.66,5946,2021-06-29 19:14:00,VRAY
6.66,6.66,6.65,6.65,200,2021-06-29 19:15:00,VRAY
6.655,6.655,6.65,6.655,824,2021-06-29 19:16:00,VRAY
6.66,6.66,6.66,6.66,200,2021-06-29 19:17:00,VRAY
6.655,6.66,6.655,6.66,400,2021-06-29 19:18:00,VRAY
6.65,6.65,6.65,6.65,200,2021-06-29 19:19:00,VRAY
6.65,6.655,6.64,6.645,2800,2021-06-29 19:21:00,VRAY
6.64,6.64,6.64,6.64,300,2021-06-29 19:22:00,VRAY
6.65,6.65,6.65,6.65,100,2021-06-29 19:23:00,VRAY
6.64,6.645,6.64,6.645,200,2021-06-29 19:24:00,VRAY
6.65,6.66,6.64,6.66,2300,2021-06-29 19:25:00,VRAY
6.66,6.66,6.66,6.66,100,2021-06-29 19:26:00,VRAY
6.655,6.655,6.655,6.655,200,2021-06-29 19:27:00,VRAY
6.6574,6.6574,6.655,6.655,570,2021-06-29 19:28:00,VRAY
6.66,6.66,6.66,6.66,200,2021-06-29 19:29:00,VRAY
6.66,6.67,6.66,6.67,1578,2021-06-29 19:30:00,VRAY
6.67,6.68,6.67,6.68,2737,2021-06-29 19:31:00,VRAY
6.68,6.695,6.68,6.695,4937,2021-06-29 19:32:00,VRAY
6.7,6.7,6.698,6.698,1413,2021-06-29 19:33:00,VRAY
6.7,6.71,6.7,6.71,2869,2021-06-29 19:34:00,VRAY
6.71,6.715,6.705,6.71,3353,2021-06-29 19:35:00,VRAY
6.71,6.715,6.705,6.715,2400,2021-06-29 19:36:00,VRAY
6.72,6.72,6.7173,6.72,1900,2021-06-29 19:37:00,VRAY
6.72,6.74,6.72,6.73,5518,2021-06-29 19:38:00,VRAY
6.73,6.74,6.73,6.74,2900,2021-06-29 19:39:00,VRAY
6.74,6.745,6.735,6.735,4849,2021-06-29 19:40:00,VRAY
6.74,6.74,6.735,6.735,3218,2021-06-29 19:41:00,VRAY
6.74,6.76,6.74,6.76,102644,2021-06-29 19:42:00,VRAY
6.76,6.77,6.76,6.77,9266,2021-06-29 19:43:00,VRAY
6.77,6.79,6.76,6.785,47523,2021-06-29 19:44:00,VRAY
6.78,6.79,6.78,6.785,2913,2021-06-29 19:45:00,VRAY
6.7872,6.8,6.785,6.8,31346,2021-06-29 19:46:00,VRAY
6.8,6.8,6.78,6.79,5809,2021-06-29 19:47:00,VRAY
6.79,6.795,6.78,6.78,6177,2021-06-29 19:48:00,VRAY
6.785,6.79,6.78,6.79,1225,2021-06-29 19:49:00,VRAY
6.78,6.8,6.78,6.79,14011,2021-06-29 19:50:00,VRAY
6.785,6.79,6.785,6.79,900,2021-06-29 19:51:00,VRAY
6.79,6.79,6.78,6.78,2714,2021-06-29 19:52:00,VRAY
6.78,6.79,6.78,6.78,4035,2021-06-29 19:53:00,VRAY
6.79,6.79,6.77,6.77,9991,2021-06-29 19:54:00,VRAY
6.78,6.78,6.77,6.77,4100,2021-06-29 19:55:00,VRAY
6.78,6.78,6.77,6.78,4243,2021-06-29 19:56:00,VRAY
6.775,6.78,6.77,6.77,2620,2021-06-29 19:57:00,VRAY
6.775,6.775,6.755,6.77,15839,2021-06-29 19:58:00,VRAY
6.76,6.765,6.74,6.74,20921,2021-06-29 19:59:00,VRAY
6.75,6.75,6.75,6.75,80420,2021-06-29 20:00:00,VRAY
6.75,6.75,6.75,6.75,200,2021-06-29 20:01:00,VRAY
6.71,6.7118,6.71,6.7118,4613,2021-06-30 13:30:00,VRAY
6.7085,6.7085,6.7085,6.7085,744,2021-06-30 13:31:00,VRAY
6.7,6.7,6.65,6.65,1500,2021-06-30 13:32:00,VRAY
6.65,6.6524,6.61,6.6524,1854,2021-06-30 13:33:00,VRAY
6.64,6.64,6.64,6.64,500,2021-06-30 13:34:00,VRAY
6.62,6.62,6.62,6.62,200,2021-06-30 13:35:00,VRAY
6.62,6.62,6.6,6.61,700,2021-06-30 13:38:00,VRAY
6.59,6.61,6.58,6.61,3000,2021-06-30 13:39:00,VRAY
6.63,6.63,6.63,6.63,100,2021-06-30 13:40:00,VRAY
6.61,6.61,6.58,6.58,500,2021-06-30 13:41:00,VRAY
6.58,6.58,6.58,6.58,401,2021-06-30 13:42:00,VRAY
6.58,6.6,6.58,6.6,500,2021-06-30 13:43:00,VRAY
6.6,6.6,6.6,6.6,500,2021-06-30 13:46:00,VRAY
6.56,6.58,6.54,6.54,3132,2021-06-30 13:47:00,VRAY
6.53,6.54,6.52,6.54,6448,2021-06-30 13:48:00,VRAY
6.55,6.56,6.54,6.54,3200,2021-06-30 13:49:00,VRAY
6.53,6.53,6.52,6.52,768,2021-06-30 13:50:00,VRAY
6.52,6.53,6.52,6.53,410,2021-06-30 13:51:00,VRAY
6.5299,6.5299,6.5299,6.5299,1000,2021-06-30 13:52:00,VRAY
6.53,6.53,6.53,6.53,100,2021-06-30 13:53:00,VRAY
6.518,6.53,6.518,6.53,1050,2021-06-30 13:54:00,VRAY
6.52,6.52,6.52,6.52,200,2021-06-30 13:55:00,VRAY
6.54,6.55,6.54,6.55,448,2021-06-30 13:56:00,VRAY
6.5598,6.57,6.5598,6.565,723,2021-06-30 13:57:00,VRAY
6.56,6.56,6.54,6.54,2372,2021-06-30 13:58:00,VRAY
6.54,6.54,6.54,6.54,100,2021-06-30 13:59:00,VRAY
6.53,6.535,6.53,6.535,1033,2021-06-30 14:01:00,VRAY
6.535,6.535,6.5102,6.5102,700,2021-06-30 14:02:00,VRAY
6.5213,6.5213,6.52,6.52,500,2021-06-30 14:03:00,VRAY
6.53,6.53,6.52,6.52,1800,2021-06-30 14:04:00,VRAY
6.53,6.54,6.52,6.5298,700,2021-06-30 14:05:00,VRAY
6.5262,6.5262,6.51,6.51,3600,2021-06-30 14:06:00,VRAY
6.52,6.53,6.48,6.5127,18748,2021-06-30 14:07:00,VRAY
6.52,6.53,6.52,6.53,200,2021-06-30 14:08:00,VRAY
6.52,6.53,6.52,6.53,4120,2021-06-30 14:09:00,VRAY
6.52,6.54,6.52,6.53,1814,2021-06-30 14:10:00,VRAY
6.55,6.5599,6.54,6.5599,5352,2021-06-30 14:11:00,VRAY
6.54,6.54,6.53,6.53,1700,2021-06-30 14:12:00,VRAY
6.54,6.54,6.54,6.54,100,2021-06-30 14:13:00,VRAY
6.53,6.53,6.53,6.53,162,2021-06-30 14:15:00,VRAY
6.52,6.52,6.52,6.52,100,2021-06-30 14:16:00,VRAY
6.515,6.53,6.51,6.53,10500,2021-06-30 14:17:00,VRAY
6.53,6.53,6.53,6.53,100,2021-06-30 14:18:00,VRAY
6.53,6.53,6.5,6.5,3611,2021-06-30 14:19:00,VRAY
6.51,6.52,6.5,6.52,4603,2021-06-30 14:20:00,VRAY
6.52,6.52,6.51,6.51,1400,2021-06-30 14:21:00,VRAY
6.51,6.51,6.505,6.505,930,2021-06-30 14:22:00,VRAY
6.51,6.51,6.51,6.51,100,2021-06-30 14:23:00,VRAY
6.52,6.52,6.52,6.52,400,2021-06-30 14:24:00,VRAY
6.52,6.52,6.52,6.52,100,2021-06-30 14:25:00,VRAY
6.529,6.54,6.529,6.535,2499,2021-06-30 14:26:00,VRAY
6.535,6.535,6.53,6.53,700,2021-06-30 14:27:00,VRAY
6.5285,6.5352,6.525,6.5352,692,2021-06-30 14:28:00,VRAY
6.53,6.53,6.53,6.53,100,2021-06-30 14:29:00,VRAY
6.53,6.53,6.53,6.53,400,2021-06-30 14:30:00,VRAY
6.535,6.535,6.51,6.51,2155,2021-06-30 14:32:00,VRAY
6.5,6.515,6.5,6.515,3603,2021-06-30 14:34:00,VRAY
6.52,6.52,6.52,6.52,800,2021-06-30 14:35:00,VRAY
6.525,6.53,6.525,6.53,1091,2021-06-30 14:36:00,VRAY
6.52,6.52,6.5,6.505,23027,2021-06-30 14:37:00,VRAY
6.51,6.51,6.5,6.5,590,2021-06-30 14:38:00,VRAY
6.5,6.505,6.5,6.505,600,2021-06-30 14:39:00,VRAY
6.505,6.505,6.5,6.505,500,2021-06-30 14:40:00,VRAY
6.505,6.505,6.5,6.5,6785,2021-06-30 14:41:00,VRAY
6.5,6.505,6.5,6.505,1674,2021-06-30 14:42:00,VRAY
6.505,6.505,6.5,6.5,447,2021-06-30 14:43:00,VRAY
6.5,6.53,6.5,6.52,12294,2021-06-30 14:44:00,VRAY
6.51,6.51,6.505,6.505,200,2021-06-30 14:45:00,VRAY
6.505,6.505,6.505,6.505,3500,2021-06-30 14:46:00,VRAY
6.5,6.5,6.5,6.5,200,2021-06-30 14:47:00,VRAY
6.5,6.51,6.5,6.51,2000,2021-06-30 14:48:00,VRAY
6.51,6.51,6.51,6.51,400,2021-06-30 14:49:00,VRAY
6.51,6.51,6.51,6.51,400,2021-06-30 14:52:00,VRAY
6.51,6.51,6.51,6.51,1100,2021-06-30 14:53:00,VRAY
6.5,6.5077,6.5,6.5077,1093,2021-06-30 14:54:00,VRAY
6.5,6.505,6.5,6.5,2667,2021-06-30 14:57:00,VRAY
6.5,6.5,6.5,6.5,100,2021-06-30 14:59:00,VRAY
6.5,6.5002,6.5,6.5002,2000,2021-06-30 15:01:00,VRAY
6.5,6.505,6.5,6.5,6316,2021-06-30 15:02:00,VRAY
6.5001,6.5001,6.5,6.5,1200,2021-06-30 15:03:00,VRAY
6.501,6.501,6.5,6.5,2000,2021-06-30 15:04:00,VRAY
6.5,6.53,6.5,6.53,8659,2021-06-30 15:05:00,VRAY
6.52,6.52,6.51,6.51,42185,2021-06-30 15:06:00,VRAY
6.51,6.51,6.51,6.51,300,2021-06-30 15:07:00,VRAY
6.505,6.505,6.505,6.505,100,2021-06-30 15:08:00,VRAY
6.5,6.5,6.5,6.5,3895,2021-06-30 15:09:00,VRAY
6.5,6.5,6.49,6.49,3259,2021-06-30 15:10:00,VRAY
6.4981,6.4981,6.49,6.49,848,2021-06-30 15:11:00,VRAY
6.49,6.495,6.49,6.49,1333,2021-06-30 15:12:00,VRAY
6.495,6.51,6.495,6.5,2872,2021-06-30 15:13:00,VRAY
6.51,6.51,6.51,6.51,100,2021-06-30 15:14:00,VRAY
6.5,6.5083,6.5,6.5,2808,2021-06-30 15:15:00,VRAY
6.51,6.51,6.51,6.51,100,2021-06-30 15:17:00,VRAY
6.505,6.505,6.505,6.505,288,2021-06-30 15:19:00,VRAY
6.5,6.52,6.5,6.51,1373,2021-06-30 15:20:00,VRAY
6.51,6.51,6.503,6.51,1702,2021-06-30 15:21:00,VRAY
6.505,6.505,6.5,6.5,1296,2021-06-30 15:22:00,VRAY
6.505,6.505,6.505,6.505,100,2021-06-30 15:23:00,VRAY
6.5,6.5,6.5,6.5,500,2021-06-30 15:25:00,VRAY
6.51,6.515,6.505,6.51,2088,2021-06-30 15:28:00,VRAY
6.5118,6.5118,6.51,6.51,400,2021-06-30 15:29:00,VRAY
6.515,6.515,6.515,6.515,241,2021-06-30 15:30:00,VRAY
6.515,6.515,6.515,6.515,100,2021-06-30 15:31:00,VRAY
6.51,6.53,6.51,6.53,4500,2021-06-30 15:32:00,VRAY
6.55,6.55,6.54,6.545,300,2021-06-30 15:33:00,VRAY
6.54,6.545,6.54,6.545,300,2021-06-30 15:34:00,VRAY
6.54,6.54,6.51,6.51,3722,2021-06-30 15:35:00,VRAY
6.511,6.525,6.511,6.525,995,2021-06-30 15:37:00,VRAY
6.52,6.52,6.52,6.52,200,2021-06-30 15:39:00,VRAY
6.52,6.52,6.52,6.52,100,2021-06-30 15:40:00,VRAY
6.53,6.54,6.53,6.53,1800,2021-06-30 15:41:00,VRAY
6.54,6.54,6.54,6.54,1300,2021-06-30 15:42:00,VRAY
6.55,6.555,6.54,6.549,1714,2021-06-30 15:45:00,VRAY
6.5499,6.5499,6.54,6.54,646,2021-06-30 15:48:00,VRAY
6.54,6.54,6.53,6.53,2173,2021-06-30 15:50:00,VRAY
6.52,6.52,6.515,6.515,200,2021-06-30 15:51:00,VRAY
6.51,6.51,6.51,6.51,100,2021-06-30 15:52:00,VRAY
6.51,6.52,6.51,6.52,2175,2021-06-30 15:53:00,VRAY
6.51,6.51,6.51,6.51,110,2021-06-30 15:54:00,VRAY
6.52,6.52,6.51,6.52,1200,2021-06-30 15:55:00,VRAY
6.52,6.52,6.52,6.52,500,2021-06-30 15:56:00,VRAY
6.525,6.525,6.525,6.525,100,2021-06-30 15:57:00,VRAY
6.52,6.52,6.52,6.52,300,2021-06-30 15:58:00,VRAY
6.518,6.52,6.515,6.515,1040,2021-06-30 15:59:00,VRAY
6.53,6.55,6.53,6.55,1500,2021-06-30 16:00:00,VRAY
6.545,6.5487,6.545,6.5487,1269,2021-06-30 16:01:00,VRAY
6.545,6.545,6.545,6.545,200,2021-06-30 16:02:00,VRAY
6.545,6.545,6.545,6.545,837,2021-06-30 16:03:00,VRAY
6.545,6.545,6.545,6.545,100,2021-06-30 16:04:00,VRAY
6.545,6.55,6.545,6.55,700,2021-06-30 16:05:00,VRAY
6.555,6.555,6.55,6.55,1552,2021-06-30 16:06:00,VRAY
6.555,6.56,6.555,6.56,1099,2021-06-30 16:07:00,VRAY
6.5577,6.5577,6.555,6.555,200,2021-06-30 16:10:00,VRAY
6.56,6.58,6.555,6.58,3938,2021-06-30 16:11:00,VRAY
6.575,6.58,6.575,6.58,1000,2021-06-30 16:12:00,VRAY
6.58,6.59,6.58,6.59,200,2021-06-30 16:13:00,VRAY
6.59,6.59,6.59,6.59,200,2021-06-30 16:14:00,VRAY
6.59,6.59,6.59,6.59,200,2021-06-30 16:15:00,VRAY
6.585,6.59,6.585,6.585,400,2021-06-30 16:16:00,VRAY
6.59,6.59,6.5817,6.59,1400,2021-06-30 16:17:00,VRAY
6.59,6.59,6.585,6.585,1352,2021-06-30 16:18:00,VRAY
6.58,6.58,6.58,6.58,2028,2021-06-30 16:19:00,VRAY
6.57,6.57,6.57,6.57,1342,2021-06-30 16:20:00,VRAY
6.56,6.56,6.56,6.56,200,2021-06-30 16:21:00,VRAY
6.56,6.56,6.56,6.56,100,2021-06-30 16:23:00,VRAY
6.56,6.56,6.56,6.56,200,2021-06-30 16:24:00,VRAY
6.56,6.56,6.54,6.55,3240,2021-06-30 16:26:00,VRAY
6.55,6.55,6.55,6.55,200,2021-06-30 16:28:00,VRAY
6.545,6.545,6.545,6.545,200,2021-06-30 16:29:00,VRAY
6.545,6.545,6.545,6.545,100,2021-06-30 16:30:00,VRAY
6.545,6.56,6.545,6.56,500,2021-06-30 16:31:00,VRAY
6.56,6.575,6.56,6.575,1900,2021-06-30 16:33:00,VRAY
6.57,6.57,6.57,6.57,100,2021-06-30 16:37:00,VRAY
6.57,6.57,6.56,6.56,2750,2021-06-30 16:38:00,VRAY
6.555,6.56,6.555,6.5577,500,2021-06-30 16:39:00,VRAY
6.55,6.55,6.55,6.55,100,2021-06-30 16:40:00,VRAY
6.55,6.55,6.55,6.55,500,2021-06-30 16:41:00,VRAY
6.56,6.56,6.56,6.56,1478,2021-06-30 16:43:00,VRAY
6.58,6.59,6.575,6.585,2600,2021-06-30 16:46:00,VRAY
6.59,6.59,6.59,6.59,104,2021-06-30 16:47:00,VRAY
6.585,6.585,6.585,6.585,100,2021-06-30 16:48:00,VRAY
6.585,6.585,6.585,6.585,100,2021-06-30 16:49:00,VRAY
6.585,6.59,6.585,6.59,200,2021-06-30 16:50:00,VRAY
6.59,6.59,6.585,6.585,300,2021-06-30 16:51:00,VRAY
6.59,6.59,6.59,6.59,200,2021-06-30 16:52:00,VRAY
6.59,6.59,6.59,6.59,100,2021-06-30 16:53:00,VRAY
6.59,6.61,6.59,6.605,10809,2021-06-30 16:55:00,VRAY
6.61,6.62,6.605,6.62,2140,2021-06-30 16:56:00,VRAY
6.62,6.62,6.61,6.61,1900,2021-06-30 16:57:00,VRAY
6.6052,6.6052,6.6,6.6,500,2021-06-30 16:58:00,VRAY
6.6,6.6,6.59,6.59,1904,2021-06-30 17:00:00,VRAY
6.6,6.605,6.595,6.605,1228,2021-06-30 17:02:00,VRAY
6.605,6.609,6.605,6.6075,1000,2021-06-30 17:03:00,VRAY
6.605,6.605,6.605,6.605,100,2021-06-30 17:04:00,VRAY
6.6,6.6,6.6,6.6,300,2021-06-30 17:06:00,VRAY
6.605,6.605,6.605,6.605,200,2021-06-30 17:07:00,VRAY
6.6,6.6,6.6,6.6,100,2021-06-30 17:08:00,VRAY
6.6,6.6,6.6,6.6,100,2021-06-30 17:10:00,VRAY
6.605,6.615,6.605,6.615,1572,2021-06-30 17:12:00,VRAY
6.615,6.615,6.61,6.615,300,2021-06-30 17:13:00,VRAY
6.615,6.615,6.615,6.615,100,2021-06-30 17:14:00,VRAY
6.62,6.62,6.62,6.62,200,2021-06-30 17:15:00,VRAY
6.62,6.62,6.6134,6.62,400,2021-06-30 17:16:00,VRAY
6.62,6.62,6.615,6.62,300,2021-06-30 17:17:00,VRAY
6.62,6.62,6.62,6.62,200,2021-06-30 17:19:00,VRAY
6.615,6.615,6.6,6.61,5200,2021-06-30 17:20:00,VRAY
6.61,6.61,6.605,6.605,900,2021-06-30 17:21:00,VRAY
6.6099,6.62,6.6099,6.615,1400,2021-06-30 17:23:00,VRAY
6.615,6.615,6.615,6.615,100,2021-06-30 17:24:00,VRAY
6.62,6.62,6.6101,6.6101,1100,2021-06-30 17:25:00,VRAY
6.62,6.62,6.61,6.61,200,2021-06-30 17:26:00,VRAY
6.61,6.61,6.61,6.61,200,2021-06-30 17:28:00,VRAY
6.615,6.63,6.615,6.625,3965,2021-06-30 17:30:00,VRAY
6.625,6.625,6.615,6.62,13704,2021-06-30 17:32:00,VRAY
6.62,6.63,6.6,6.6,2593,2021-06-30 17:33:00,VRAY
6.6,6.6,6.6,6.6,200,2021-06-30 17:34:00,VRAY
6.61,6.615,6.605,6.615,700,2021-06-30 17:35:00,VRAY
6.6075,6.6075,6.6075,6.6075,400,2021-06-30 17:38:00,VRAY
6.6,6.6,6.6,6.6,100,2021-06-30 17:39:00,VRAY
6.601,6.601,6.6,6.6,1148,2021-06-30 17:42:00,VRAY
6.61,6.61,6.61,6.61,1600,2021-06-30 17:43:00,VRAY
6.61,6.615,6.61,6.615,900,2021-06-30 17:44:00,VRAY
6.615,6.615,6.61,6.61,200,2021-06-30 17:46:00,VRAY
6.615,6.615,6.615,6.615,200,2021-06-30 17:48:00,VRAY
6.62,6.62,6.615,6.615,500,2021-06-30 17:50:00,VRAY
6.62,6.62,6.6136,6.6136,200,2021-06-30 17:51:00,VRAY
6.62,6.62,6.62,6.62,200,2021-06-30 17:52:00,VRAY
6.62,6.62,6.62,6.62,100,2021-06-30 17:53:00,VRAY
6.62,6.62,6.6132,6.6132,300,2021-06-30 17:54:00,VRAY
6.615,6.62,6.615,6.62,200,2021-06-30 17:55:00,VRAY
6.615,6.62,6.615,6.62,400,2021-06-30 17:56:00,VRAY
6.62,6.62,6.61,6.6145,300,2021-06-30 17:57:00,VRAY
6.6147,6.6147,6.6147,6.6147,100,2021-06-30 17:58:00,VRAY
6.62,6.63,6.615,6.63,24450,2021-06-30 17:59:00,VRAY
6.621,6.621,6.621,6.621,100,2021-06-30 18:00:00,VRAY
6.625,6.63,6.625,6.63,400,2021-06-30 18:01:00,VRAY
6.62,6.63,6.62,6.63,500,2021-06-30 18:02:00,VRAY
6.625,6.625,6.6236,6.6236,200,2021-06-30 18:03:00,VRAY
6.63,6.63,6.62,6.63,400,2021-06-30 18:04:00,VRAY
6.63,6.63,6.62,6.625,420,2021-06-30 18:05:00,VRAY
6.625,6.63,6.62,6.625,815,2021-06-30 18:06:00,VRAY
6.625,6.625,6.62,6.625,700,2021-06-30 18:07:00,VRAY
6.625,6.63,6.625,6.63,300,2021-06-30 18:08:00,VRAY
6.625,6.625,6.59,6.59,7145,2021-06-30 18:09:00,VRAY
6.6,6.6,6.6,6.6,100,2021-06-30 18:10:00,VRAY
6.5958,6.5958,6.5958,6.5958,200,2021-06-30 18:11:00,VRAY
6.6,6.6,6.59,6.59,1000,2021-06-30 18:12:00,VRAY
6.595,6.6,6.595,6.595,787,2021-06-30 18:13:00,VRAY
6.599,6.599,6.599,6.599,1000,2021-06-30 18:14:00,VRAY
6.595,6.595,6.59,6.59,468,2021-06-30 18:15:00,VRAY
6.5992,6.5992,6.5992,6.5992,243,2021-06-30 18:16:00,VRAY
6.595,6.5971,6.595,6.5971,400,2021-06-30 18:17:00,VRAY
6.59,6.59,6.57,6.57,4549,2021-06-30 18:18:00,VRAY
6.57,6.57,6.56,6.565,975,2021-06-30 18:20:00,VRAY
6.565,6.565,6.565,6.565,490,2021-06-30 18:21:00,VRAY
6.56,6.565,6.55,6.55,1876,2021-06-30 18:23:00,VRAY
6.5463,6.5463,6.5463,6.5463,200,2021-06-30 18:24:00,VRAY
6.54,6.5499,6.54,6.54,1200,2021-06-30 18:25:00,VRAY
6.545,6.545,6.545,6.545,100,2021-06-30 18:26:00,VRAY
6.545,6.55,6.545,6.545,1864,2021-06-30 18:27:00,VRAY
6.5512,6.5512,6.5512,6.5512,1650,2021-06-30 18:29:00,VRAY
6.55,6.55,6.55,6.55,100,2021-06-30 18:30:00,VRAY
6.555,6.555,6.55,6.555,300,2021-06-30 18:31:00,VRAY
6.555,6.555,6.555,6.555,300,2021-06-30 18:32:00,VRAY
6.553,6.553,6.553,6.553,200,2021-06-30 18:33:00,VRAY
6.555,6.56,6.555,6.56,600,2021-06-30 18:35:00,VRAY
6.56,6.56,6.56,6.56,100,2021-06-30 18:36:00,VRAY
6.56,6.57,6.56,6.57,3108,2021-06-30 18:37:00,VRAY
6.5699,6.5699,6.5633,6.5633,1300,2021-06-30 18:38:00,VRAY
6.565,6.57,6.565,6.57,500,2021-06-30 18:39:00,VRAY
6.57,6.57,6.57,6.57,500,2021-06-30 18:40:00,VRAY
6.57,6.57,6.57,6.57,100,2021-06-30 18:41:00,VRAY
6.57,6.58,6.57,6.58,3800,2021-06-30 18:42:00,VRAY
6.58,6.58,6.57,6.58,1500,2021-06-30 18:43:00,VRAY
6.58,6.58,6.58,6.58,200,2021-06-30 18:44:00,VRAY
6.58,6.58,6.57,6.58,500,2021-06-30 18:45:00,VRAY
6.57,6.58,6.57,6.58,500,2021-06-30 18:46:00,VRAY
6.58,6.58,6.58,6.58,100,2021-06-30 18:47:00,VRAY
6.575,6.58,6.575,6.58,300,2021-06-30 18:48:00,VRAY
6.575,6.58,6.575,6.58,400,2021-06-30 18:49:00,VRAY
6.575,6.58,6.575,6.5795,300,2021-06-30 18:50:00,VRAY
6.58,6.58,6.58,6.58,100,2021-06-30 18:51:00,VRAY
6.575,6.58,6.57,6.58,300,2021-06-30 18:52:00,VRAY
6.58,6.58,6.58,6.58,200,2021-06-30 18:53:00,VRAY
6.57,6.59,6.57,6.59,3203,2021-06-30 18:54:00,VRAY
6.59,6.59,6.585,6.59,500,2021-06-30 18:55:00,VRAY
6.59,6.59,6.59,6.59,200,2021-06-30 18:56:00,VRAY
6.59,6.59,6.59,6.59,100,2021-06-30 18:57:00,VRAY
6.59,6.59,6.5832,6.5832,200,2021-06-30 18:58:00,VRAY
6.58,6.58,6.56,6.58,7934,2021-06-30 18:59:00,VRAY
6.5737,6.5737,6.5737,6.5737,100,2021-06-30 19:00:00,VRAY
6.58,6.58,6.58,6.58,100,2021-06-30 19:01:00,VRAY
6.58,6.58,6.57,6.575,833,2021-06-30 19:02:00,VRAY
6.575,6.575,6.575,6.575,100,2021-06-30 19:03:00,VRAY
6.58,6.58,6.58,6.58,200,2021-06-30 19:04:00,VRAY
6.575,6.58,6.575,6.58,1138,2021-06-30 19:05:00,VRAY
6.575,6.58,6.575,6.58,6900,2021-06-30 19:06:00,VRAY
6.58,6.58,6.57,6.575,3602,2021-06-30 19:07:00,VRAY
6.58,6.58,6.58,6.58,200,2021-06-30 19:09:00,VRAY
6.58,6.58,6.575,6.575,400,2021-06-30 19:10:00,VRAY
6.575,6.575,6.56,6.56,4900,2021-06-30 19:11:00,VRAY
6.555,6.555,6.555,6.555,100,2021-06-30 19:12:00,VRAY
6.55,6.55,6.55,6.55,120,2021-06-30 19:13:00,VRAY
6.55,6.555,6.55,6.55,500,2021-06-30 19:14:00,VRAY
6.55,6.55,6.535,6.545,2608,2021-06-30 19:15:00,VRAY
6.545,6.55,6.54,6.55,600,2021-06-30 19:16:00,VRAY
6.54,6.545,6.54,6.545,200,2021-06-30 19:17:00,VRAY
6.54,6.54,6.53,6.53,1624,2021-06-30 19:18:00,VRAY
6.53,6.535,6.53,6.535,400,2021-06-30 19:20:00,VRAY
6.535,6.535,6.535,6.535,200,2021-06-30 19:21:00,VRAY
6.535,6.535,6.53,6.535,1000,2021-06-30 19:22:00,VRAY
6.535,6.535,6.535,6.535,200,2021-06-30 19:23:00,VRAY
6.53,6.53,6.53,6.53,200,2021-06-30 19:24:00,VRAY
6.54,6.55,6.54,6.55,3957,2021-06-30 19:25:00,VRAY
6.55,6.55,6.55,6.55,100,2021-06-30 19:26:00,VRAY
6.55,6.55,6.55,6.55,100,2021-06-30 19:27:00,VRAY
6.55,6.55,6.55,6.55,200,2021-06-30 19:28:00,VRAY
6.55,6.55,6.545,6.545,400,2021-06-30 19:29:00,VRAY
6.545,6.56,6.545,6.56,6451,2021-06-30 19:30:00,VRAY
6.55,6.555,6.55,6.555,3620,2021-06-30 19:31:00,VRAY
6.55,6.55,6.55,6.55,3774,2021-06-30 19:32:00,VRAY
6.56,6.56,6.56,6.56,100,2021-06-30 19:33:00,VRAY
6.56,6.56,6.555,6.56,861,2021-06-30 19:34:00,VRAY
6.555,6.56,6.555,6.555,500,2021-06-30 19:35:00,VRAY
6.55,6.555,6.55,6.555,977,2021-06-30 19:36:00,VRAY
6.55,6.555,6.55,6.55,459,2021-06-30 19:37:00,VRAY
6.55,6.555,6.535,6.54,4044,2021-06-30 19:38:00,VRAY
6.535,6.535,6.53,6.53,200,2021-06-30 19:39:00,VRAY
6.54,6.54,6.535,6.54,1780,2021-06-30 19:40:00,VRAY
6.54,6.54,6.53,6.535,1426,2021-06-30 19:42:00,VRAY
6.535,6.55,6.535,6.545,5437,2021-06-30 19:43:00,VRAY
6.545,6.55,6.54,6.55,2135,2021-06-30 19:44:00,VRAY
6.5423,6.56,6.5423,6.56,6404,2021-06-30 19:45:00,VRAY
6.56,6.56,6.55,6.56,2709,2021-06-30 19:46:00,VRAY
6.56,6.57,6.55,6.57,5934,2021-06-30 19:47:00,VRAY
6.57,6.57,6.565,6.57,3565,2021-06-30 19:48:00,VRAY
6.57,6.57,6.565,6.57,3409,2021-06-30 19:49:00,VRAY
6.57,6.58,6.57,6.575,3194,2021-06-30 19:50:00,VRAY
6.58,6.58,6.57,6.58,2800,2021-06-30 19:51:00,VRAY
6.58,6.58,6.575,6.575,3189,2021-06-30 19:52:00,VRAY
6.58,6.58,6.58,6.58,2879,2021-06-30 19:53:00,VRAY
6.58,6.59,6.575,6.59,15130,2021-06-30 19:54:00,VRAY
6.59,6.6,6.58,6.58,15374,2021-06-30 19:55:00,VRAY
6.585,6.6,6.58,6.6,7600,2021-06-30 19:56:00,VRAY
6.6,6.61,6.6,6.61,15502,2021-06-30 19:57:00,VRAY
6.6046,6.61,6.6,6.605,15156,2021-06-30 19:58:00,VRAY
6.61,6.63,6.59,6.59,54144,2021-06-30 19:59:00,VRAY
6.6,6.6,6.6,6.6,99351,2021-06-30 20:00:00,VRAY
6.6,6.6,6.6,6.6,2036,2021-06-30 20:02:00,VRAY
