open,high,low,close,volume,datetime,symbol
19.57,19.78,19.34,19.78,3865,2022-06-01 13:30:00,AGIO
19.815,19.815,19.57,19.57,3404,2022-06-01 13:35:00,AGIO
19.52,19.64,19.39,19.4,5475,2022-06-01 13:40:00,AGIO
19.4,19.5,19.39,19.4,2328,2022-06-01 13:45:00,AGIO
19.4,19.4,19.22,19.29,5101,2022-06-01 13:50:00,AGIO
19.3,19.405,19.3,19.34,2288,2022-06-01 13:55:00,AGIO
19.32,19.32,19.0501,19.0501,6819,2022-06-01 14:00:00,AGIO
19.08,19.1072,19.02,19.0907,7515,2022-06-01 14:05:00,AGIO
19.06,19.155,19.06,19.06,1401,2022-06-01 14:10:00,AGIO
19.03,19.03,19.01,19.02,2534,2022-06-01 14:15:00,AGIO
19.03,19.09,19.02,19.045,6635,2022-06-01 14:20:00,AGIO
19.05,19.1,19.04,19.09,4960,2022-06-01 14:25:00,AGIO
19.13,19.16,19.05,19.05,1727,2022-06-01 14:30:00,AGIO
19.02,19.045,18.95,19.045,9602,2022-06-01 14:35:00,AGIO
19.045,19.08,19.015,19.015,1200,2022-06-01 14:40:00,AGIO
19.0,19.07,19.0,19.005,3800,2022-06-01 14:45:00,AGIO
18.99,19.09,18.99,19.09,2751,2022-06-01 14:50:00,AGIO
19.09,19.09,18.96,18.975,8981,2022-06-01 14:55:00,AGIO
18.95,19.03,18.95,19.03,5877,2022-06-01 15:00:00,AGIO
19.02,19.04,18.99,19.0,1800,2022-06-01 15:05:00,AGIO
19.03,19.03,19.0,19.0,3106,2022-06-01 15:10:00,AGIO
19.015,19.015,18.92,18.96,26816,2022-06-01 15:15:00,AGIO
18.94,18.96,18.87,18.88,6003,2022-06-01 15:20:00,AGIO
18.87,18.9,18.84,18.89,5479,2022-06-01 15:25:00,AGIO
18.89,18.89,18.75,18.75,3599,2022-06-01 15:30:00,AGIO
18.73,18.73,18.62,18.62,2807,2022-06-01 15:35:00,AGIO
18.61,18.675,18.5704,18.675,3338,2022-06-01 15:40:00,AGIO
18.655,18.73,18.63,18.67,2675,2022-06-01 15:45:00,AGIO
18.66,18.66,18.63,18.66,1206,2022-06-01 15:50:00,AGIO
18.66,18.68,18.62,18.62,1835,2022-06-01 15:55:00,AGIO
18.6,18.65,18.57,18.625,1500,2022-06-01 16:00:00,AGIO
18.625,18.69,18.625,18.69,2011,2022-06-01 16:05:00,AGIO
18.65,18.67,18.61,18.61,861,2022-06-01 16:10:00,AGIO
18.65,18.7,18.62,18.67,2699,2022-06-01 16:15:00,AGIO
18.675,18.675,18.62,18.635,1473,2022-06-01 16:20:00,AGIO
18.635,18.635,18.52,18.54,2615,2022-06-01 16:25:00,AGIO
18.54,18.65,18.54,18.58,2000,2022-06-01 16:30:00,AGIO
18.61,18.64,18.59,18.64,1200,2022-06-01 16:35:00,AGIO
18.67,18.705,18.62,18.64,1100,2022-06-01 16:40:00,AGIO
18.62,18.62,18.54,18.56,2026,2022-06-01 16:45:00,AGIO
18.575,18.61,18.55,18.59,3441,2022-06-01 16:50:00,AGIO
18.59,18.62,18.59,18.6,3745,2022-06-01 16:55:00,AGIO
18.6,18.69,18.6,18.68,1500,2022-06-01 17:00:00,AGIO
18.68,18.71,18.66,18.685,1900,2022-06-01 17:05:00,AGIO
18.69,18.73,18.68,18.705,1760,2022-06-01 17:10:00,AGIO
18.73,18.75,18.7,18.7399,2500,2022-06-01 17:15:00,AGIO
18.72,18.72,18.62,18.655,2220,2022-06-01 17:20:00,AGIO
18.67,18.79,18.67,18.77,1800,2022-06-01 17:25:00,AGIO
18.77,18.77,18.72,18.76,4113,2022-06-01 17:30:00,AGIO
18.77,18.9,18.77,18.9,3918,2022-06-01 17:35:00,AGIO
18.909,18.95,18.87,18.92,3700,2022-06-01 17:40:00,AGIO
18.94,19.015,18.94,19.01,3882,2022-06-01 17:45:00,AGIO
19.025,19.07,18.95,18.96,4537,2022-06-01 17:50:00,AGIO
18.97,19.01,18.94,18.94,2614,2022-06-01 17:55:00,AGIO
18.96,19.0,18.9,18.99,4108,2022-06-01 18:00:00,AGIO
18.99,19.04,18.94,19.03,3105,2022-06-01 18:05:00,AGIO
19.04,19.04,18.98,19.02,1837,2022-06-01 18:10:00,AGIO
19.0,19.03,18.915,18.915,2952,2022-06-01 18:15:00,AGIO
18.92,19.05,18.92,19.05,2315,2022-06-01 18:20:00,AGIO
19.035,19.11,19.035,19.08,2692,2022-06-01 18:25:00,AGIO
19.09,19.11,19.06,19.065,1743,2022-06-01 18:30:00,AGIO
19.05,19.09,19.05,19.05,3758,2022-06-01 18:35:00,AGIO
19.07,19.14,19.07,19.14,1450,2022-06-01 18:40:00,AGIO
19.16,19.16,19.09,19.09,2115,2022-06-01 18:45:00,AGIO
19.115,19.115,19.06,19.06,2602,2022-06-01 18:50:00,AGIO
19.08,19.17,19.08,19.15,7609,2022-06-01 18:55:00,AGIO
19.155,19.22,19.09,19.19,15453,2022-06-01 19:00:00,AGIO
19.17,19.35,19.17,19.32,7164,2022-06-01 19:05:00,AGIO
19.34,19.435,19.31,19.41,8827,2022-06-01 19:10:00,AGIO
19.39,19.39,19.35,19.35,3025,2022-06-01 19:15:00,AGIO
19.34,19.44,19.34,19.42,5528,2022-06-01 19:20:00,AGIO
19.42,19.42,19.33,19.39,7555,2022-06-01 19:25:00,AGIO
19.39,19.39,19.32,19.35,7673,2022-06-01 19:30:00,AGIO
19.34,19.36,19.32,19.32,8157,2022-06-01 19:35:00,AGIO
19.315,19.35,19.23,19.25,6887,2022-06-01 19:40:00,AGIO
19.23,19.26,19.18,19.24,7833,2022-06-01 19:45:00,AGIO
19.24,19.24,19.16,19.165,14604,2022-06-01 19:50:00,AGIO
19.18,19.18,19.07,19.11,42216,2022-06-01 19:55:00,AGIO
19.09,19.09,19.09,19.09,153452,2022-06-01 20:00:00,AGIO
19.13,19.63,18.97,19.23,7005,2022-06-02 13:30:00,AGIO
19.08,19.13,18.98,19.13,5784,2022-06-02 13:35:00,AGIO
19.0,19.18,18.96,19.11,1400,2022-06-02 13:40:00,AGIO
19.19,19.19,18.99,19.14,4200,2022-06-02 13:45:00,AGIO
19.12,19.26,19.12,19.15,3757,2022-06-02 13:50:00,AGIO
19.15,19.19,19.04,19.19,5386,2022-06-02 13:55:00,AGIO
19.22,19.36,19.22,19.24,2380,2022-06-02 14:00:00,AGIO
19.14,19.14,19.08,19.09,2000,2022-06-02 14:05:00,AGIO
19.1,19.29,19.1,19.29,700,2022-06-02 14:10:00,AGIO
19.26,19.28,19.2,19.2,600,2022-06-02 14:15:00,AGIO
19.17,19.18,19.12,19.17,1700,2022-06-02 14:20:00,AGIO
19.155,19.155,19.155,19.155,100,2022-06-02 14:25:00,AGIO
19.16,19.23,19.16,19.22,3158,2022-06-02 14:30:00,AGIO
19.2,19.22,19.17,19.22,1801,2022-06-02 14:35:00,AGIO
19.24,19.24,19.17,19.235,1300,2022-06-02 14:40:00,AGIO
19.25,19.25,19.2,19.25,1200,2022-06-02 14:45:00,AGIO
19.23,19.28,19.2,19.27,2000,2022-06-02 14:50:00,AGIO
19.26,19.37,19.23,19.365,1500,2022-06-02 14:55:00,AGIO
19.36,19.36,19.3,19.3,1700,2022-06-02 15:00:00,AGIO
19.23,19.275,19.23,19.26,1855,2022-06-02 15:05:00,AGIO
19.29,19.34,19.28,19.34,700,2022-06-02 15:10:00,AGIO
19.37,19.42,19.29,19.3,3830,2022-06-02 15:15:00,AGIO
19.26,19.26,19.26,19.26,101,2022-06-02 15:20:00,AGIO
19.26,19.31,19.26,19.31,1151,2022-06-02 15:25:00,AGIO
19.29,19.47,19.29,19.47,11327,2022-06-02 15:30:00,AGIO
19.47,19.47,19.4,19.45,2100,2022-06-02 15:35:00,AGIO
19.48,19.51,19.46,19.51,1000,2022-06-02 15:40:00,AGIO
19.49,19.49,19.49,19.49,100,2022-06-02 15:45:00,AGIO
19.48,19.5,19.46,19.46,3101,2022-06-02 15:50:00,AGIO
19.45,19.46,19.44,19.46,1500,2022-06-02 15:55:00,AGIO
19.44,19.46,19.44,19.44,400,2022-06-02 16:00:00,AGIO
19.43,19.43,19.37,19.39,900,2022-06-02 16:05:00,AGIO
19.41,19.41,19.4,19.4,700,2022-06-02 16:10:00,AGIO
19.4,19.445,19.4,19.445,1306,2022-06-02 16:15:00,AGIO
19.4418,19.4418,19.35,19.38,3252,2022-06-02 16:20:00,AGIO
19.39,19.56,19.39,19.56,10838,2022-06-02 16:25:00,AGIO
19.5654,19.58,19.535,19.58,1250,2022-06-02 16:30:00,AGIO
19.58,19.58,19.55,19.55,1946,2022-06-02 16:35:00,AGIO
19.57,19.6,19.43,19.43,5014,2022-06-02 16:40:00,AGIO
19.44,19.45,19.34,19.365,5201,2022-06-02 16:45:00,AGIO
19.35,19.46,19.35,19.45,2388,2022-06-02 16:50:00,AGIO
19.46,19.46,19.4,19.405,735,2022-06-02 16:55:00,AGIO
19.43,19.475,19.43,19.475,1800,2022-06-02 17:00:00,AGIO
19.45,19.455,19.4,19.4,1100,2022-06-02 17:05:00,AGIO
19.43,19.44,19.41,19.42,500,2022-06-02 17:10:00,AGIO
19.42,19.44,19.42,19.425,1500,2022-06-02 17:15:00,AGIO
19.43,19.44,19.43,19.44,300,2022-06-02 17:20:00,AGIO
19.43,19.46,19.38,19.435,2169,2022-06-02 17:25:00,AGIO
19.44,19.51,19.435,19.48,3861,2022-06-02 17:30:00,AGIO
19.47,19.47,19.43,19.45,1330,2022-06-02 17:35:00,AGIO
19.45,19.46,19.435,19.44,2425,2022-06-02 17:40:00,AGIO
19.435,19.44,19.41,19.44,2887,2022-06-02 17:45:00,AGIO
19.45,19.48,19.45,19.46,500,2022-06-02 17:50:00,AGIO
19.465,19.49,19.445,19.46,2612,2022-06-02 17:55:00,AGIO
19.475,19.5,19.46,19.495,1639,2022-06-02 18:00:00,AGIO
19.5095,19.515,19.48,19.515,1688,2022-06-02 18:05:00,AGIO
19.53,19.55,19.52,19.535,3535,2022-06-02 18:10:00,AGIO
19.525,19.53,19.51,19.53,1300,2022-06-02 18:15:00,AGIO
19.51,19.6,19.51,19.6,1200,2022-06-02 18:20:00,AGIO
19.57,19.58,19.55,19.57,2021,2022-06-02 18:25:00,AGIO
19.56,19.58,19.51,19.51,2256,2022-06-02 18:30:00,AGIO
19.54,19.55,19.51,19.54,2798,2022-06-02 18:35:00,AGIO
19.53,19.545,19.51,19.52,1400,2022-06-02 18:40:00,AGIO
19.53,19.54,19.5,19.5,2511,2022-06-02 18:45:00,AGIO
19.48,19.54,19.48,19.51,1790,2022-06-02 18:50:00,AGIO
19.51,19.53,19.42,19.43,1900,2022-06-02 18:55:00,AGIO
19.39,19.41,19.36,19.39,1400,2022-06-02 19:00:00,AGIO
19.38,19.38,19.34,19.34,1872,2022-06-02 19:05:00,AGIO
19.325,19.36,19.32,19.33,1526,2022-06-02 19:10:00,AGIO
19.32,19.34,19.3,19.31,1411,2022-06-02 19:15:00,AGIO
19.31,19.32,19.29,19.31,800,2022-06-02 19:20:00,AGIO
19.3,19.325,19.241,19.255,3011,2022-06-02 19:25:00,AGIO
19.26,19.28,19.24,19.28,2897,2022-06-02 19:30:00,AGIO
19.3,19.36,19.28,19.29,2226,2022-06-02 19:35:00,AGIO
19.29,19.34,19.29,19.31,4634,2022-06-02 19:40:00,AGIO
19.325,19.34,19.27,19.285,7420,2022-06-02 19:45:00,AGIO
19.3,19.38,19.3,19.345,10616,2022-06-02 19:50:00,AGIO
19.34,19.4,19.321,19.38,24080,2022-06-02 19:55:00,AGIO
19.38,19.38,19.38,19.38,85268,2022-06-02 20:00:00,AGIO
19.19,19.54,19.19,19.54,7025,2022-06-03 13:30:00,AGIO
19.53,19.63,19.43,19.63,4910,2022-06-03 13:35:00,AGIO
19.72,19.83,19.68,19.8,5658,2022-06-03 13:40:00,AGIO
19.73,19.92,19.68,19.92,3514,2022-06-03 13:45:00,AGIO
19.895,19.94,19.8,19.88,3177,2022-06-03 13:50:00,AGIO
19.81,19.9,19.78,19.87,7735,2022-06-03 13:55:00,AGIO
19.875,20.1099,19.83,19.9,5282,2022-06-03 14:00:00,AGIO
19.87,19.97,19.82,19.97,3900,2022-06-03 14:05:00,AGIO
19.94,19.955,19.885,19.885,5116,2022-06-03 14:10:00,AGIO
19.89,19.93,19.78,19.875,7452,2022-06-03 14:15:00,AGIO
19.81,19.85,19.71,19.85,1800,2022-06-03 14:20:00,AGIO
19.79,19.88,19.79,19.88,200,2022-06-03 14:25:00,AGIO
19.88,19.894,19.82,19.89,3420,2022-06-03 14:30:00,AGIO
19.91,19.99,19.84,19.89,2300,2022-06-03 14:35:00,AGIO
19.875,19.915,19.86,19.885,4300,2022-06-03 14:40:00,AGIO
19.85,19.86,19.77,19.77,1300,2022-06-03 14:45:00,AGIO
19.775,19.775,19.7,19.74,2200,2022-06-03 14:50:00,AGIO
19.75,19.75,19.7,19.7,2023,2022-06-03 14:55:00,AGIO
19.69,19.69,19.54,19.54,1431,2022-06-03 15:00:00,AGIO
19.52,19.54,19.51,19.54,600,2022-06-03 15:05:00,AGIO
19.51,19.53,19.51,19.53,800,2022-06-03 15:10:00,AGIO
19.51,19.54,19.51,19.54,1000,2022-06-03 15:15:00,AGIO
19.52,19.52,19.42,19.43,2547,2022-06-03 15:20:00,AGIO
19.46,19.5495,19.46,19.49,2200,2022-06-03 15:25:00,AGIO
19.57,19.57,19.53,19.54,900,2022-06-03 15:30:00,AGIO
19.55,19.55,19.51,19.51,400,2022-06-03 15:35:00,AGIO
19.52,19.53,19.52,19.53,306,2022-06-03 15:40:00,AGIO
19.61,19.61,19.56,19.56,1104,2022-06-03 15:45:00,AGIO
19.56,19.59,19.56,19.57,400,2022-06-03 15:50:00,AGIO
19.63,19.63,19.61,19.615,300,2022-06-03 15:55:00,AGIO
19.595,19.67,19.595,19.635,2340,2022-06-03 16:00:00,AGIO
19.66,19.66,19.56,19.56,600,2022-06-03 16:05:00,AGIO
19.52,19.525,19.49,19.49,704,2022-06-03 16:10:00,AGIO
19.5,19.535,19.49,19.49,2043,2022-06-03 16:15:00,AGIO
19.495,19.62,19.47,19.62,1800,2022-06-03 16:20:00,AGIO
19.58,19.58,19.58,19.58,200,2022-06-03 16:25:00,AGIO
19.56,19.56,19.56,19.56,204,2022-06-03 16:30:00,AGIO
19.55,19.65,19.55,19.62,2575,2022-06-03 16:35:00,AGIO
19.6485,19.6485,19.59,19.59,669,2022-06-03 16:40:00,AGIO
19.6,19.63,19.6,19.63,500,2022-06-03 16:45:00,AGIO
19.63,19.63,19.63,19.63,100,2022-06-03 16:50:00,AGIO
19.71,19.73,19.68,19.72,700,2022-06-03 16:55:00,AGIO
19.75,19.86,19.75,19.83,600,2022-06-03 17:00:00,AGIO
19.83,19.83,19.8,19.8,636,2022-06-03 17:05:00,AGIO
19.84,19.84,19.75,19.77,700,2022-06-03 17:10:00,AGIO
19.7,19.72,19.68,19.69,1304,2022-06-03 17:15:00,AGIO
19.72,19.79,19.72,19.78,800,2022-06-03 17:20:00,AGIO
19.78,19.78,19.73,19.755,2703,2022-06-03 17:25:00,AGIO
19.75,19.795,19.731,19.795,821,2022-06-03 17:30:00,AGIO
19.825,19.825,19.77,19.78,1000,2022-06-03 17:35:00,AGIO
19.75,19.75,19.67,19.67,500,2022-06-03 17:40:00,AGIO
19.68,19.705,19.655,19.695,1000,2022-06-03 17:45:00,AGIO
19.695,19.7,19.67,19.7,3131,2022-06-03 17:50:00,AGIO
19.66,19.67,19.64,19.64,1300,2022-06-03 17:55:00,AGIO
19.61,19.715,19.61,19.68,1219,2022-06-03 18:00:00,AGIO
19.675,19.695,19.675,19.69,300,2022-06-03 18:05:00,AGIO
19.695,19.7,19.675,19.7,600,2022-06-03 18:10:00,AGIO
19.68,19.75,19.675,19.75,1248,2022-06-03 18:15:00,AGIO
19.74,19.74,19.71,19.71,1425,2022-06-03 18:20:00,AGIO
19.71,19.72,19.7,19.7,1430,2022-06-03 18:25:00,AGIO
19.71,19.71,19.665,19.675,1500,2022-06-03 18:30:00,AGIO
19.665,19.6875,19.64,19.64,731,2022-06-03 18:35:00,AGIO
19.615,19.67,19.615,19.665,1777,2022-06-03 18:40:00,AGIO
19.68,19.68,19.65,19.66,800,2022-06-03 18:45:00,AGIO
19.66,19.71,19.645,19.71,1727,2022-06-03 18:50:00,AGIO
19.715,19.715,19.67,19.68,3100,2022-06-03 18:55:00,AGIO
19.66,19.66,19.49,19.49,25709,2022-06-03 19:00:00,AGIO
19.48,19.49,19.39,19.395,11811,2022-06-03 19:05:00,AGIO
19.4,19.43,19.31,19.31,5828,2022-06-03 19:10:00,AGIO
19.34,19.365,19.28,19.3,11403,2022-06-03 19:15:00,AGIO
19.3,19.3,19.255,19.3,4824,2022-06-03 19:20:00,AGIO
19.3,19.31,19.27,19.28,8687,2022-06-03 19:25:00,AGIO
19.28,19.3,19.26,19.26,8953,2022-06-03 19:30:00,AGIO
19.26,19.43,19.25,19.39,22140,2022-06-03 19:35:00,AGIO
19.38,19.485,19.38,19.44,5545,2022-06-03 19:40:00,AGIO
19.445,19.53,19.42,19.5,3162,2022-06-03 19:45:00,AGIO
19.51,19.73,19.51,19.72,13108,2022-06-03 19:50:00,AGIO
19.74,19.74,19.65,19.68,78804,2022-06-03 19:55:00,AGIO
19.68,19.68,19.68,19.68,127150,2022-06-03 20:00:00,AGIO
19.89,20.59,19.89,20.01,9266,2022-06-06 13:30:00,AGIO
19.95,19.95,19.74,19.74,1023,2022-06-06 13:35:00,AGIO
19.77,19.88,19.625,19.655,3833,2022-06-06 13:40:00,AGIO
19.66,19.66,19.567,19.59,4116,2022-06-06 13:45:00,AGIO
19.59,19.59,19.525,19.53,1200,2022-06-06 13:50:00,AGIO
19.51,19.63,19.48,19.63,2188,2022-06-06 13:55:00,AGIO
19.63,19.65,19.6,19.61,604,2022-06-06 14:00:00,AGIO
19.58,19.585,19.52,19.53,1349,2022-06-06 14:05:00,AGIO
19.49,19.5,19.41,19.449,6274,2022-06-06 14:15:00,AGIO
19.395,19.4,19.35,19.36,2257,2022-06-06 14:20:00,AGIO
19.34,19.5,19.34,19.5,925,2022-06-06 14:25:00,AGIO
19.53,19.575,19.49,19.575,743,2022-06-06 14:30:00,AGIO
19.58,19.58,19.56,19.56,403,2022-06-06 14:35:00,AGIO
19.59,19.62,19.51,19.53,3891,2022-06-06 14:40:00,AGIO
19.52,19.535,19.46,19.46,800,2022-06-06 14:45:00,AGIO
19.42,19.42,19.33,19.33,1511,2022-06-06 14:50:00,AGIO
19.32,19.32,19.24,19.265,1000,2022-06-06 14:55:00,AGIO
19.255,19.295,19.22,19.28,3546,2022-06-06 15:00:00,AGIO
19.27,19.27,19.19,19.19,2344,2022-06-06 15:05:00,AGIO
19.18,19.18,19.06,19.1,3600,2022-06-06 15:10:00,AGIO
19.12,19.21,19.11,19.21,5112,2022-06-06 15:15:00,AGIO
19.215,19.215,19.19,19.21,1200,2022-06-06 15:20:00,AGIO
19.205,19.24,19.2,19.2,1200,2022-06-06 15:25:00,AGIO
19.19,19.19,19.14,19.14,707,2022-06-06 15:30:00,AGIO
19.1,19.18,19.1,19.18,1790,2022-06-06 15:35:00,AGIO
19.19,19.3,19.19,19.3,300,2022-06-06 15:40:00,AGIO
19.25,19.275,19.19,19.19,940,2022-06-06 15:45:00,AGIO
19.23,19.23,19.205,19.205,200,2022-06-06 15:50:00,AGIO
19.205,19.205,19.13,19.16,1400,2022-06-06 15:55:00,AGIO
19.155,19.155,19.0,19.06,4605,2022-06-06 16:00:00,AGIO
19.08,19.08,19.02,19.03,1000,2022-06-06 16:05:00,AGIO
19.0,19.06,19.0,19.03,10412,2022-06-06 16:10:00,AGIO
19.03,19.06,19.03,19.04,2600,2022-06-06 16:15:00,AGIO
19.04,19.04,19.0,19.015,6743,2022-06-06 16:20:00,AGIO
19.015,19.03,18.96,18.97,23401,2022-06-06 16:25:00,AGIO
18.97,18.98,18.92,18.98,3200,2022-06-06 16:30:00,AGIO
18.98,19.06,18.97,19.055,2974,2022-06-06 16:35:00,AGIO
19.055,19.055,18.9,18.92,25756,2022-06-06 16:40:00,AGIO
18.9305,18.9305,18.855,18.855,1454,2022-06-06 16:45:00,AGIO
18.87,18.87,18.72,18.75,9882,2022-06-06 16:50:00,AGIO
18.73,18.78,18.695,18.7,6506,2022-06-06 16:55:00,AGIO
18.69,18.71,18.605,18.605,8174,2022-06-06 17:00:00,AGIO
18.64,18.655,18.55,18.56,33028,2022-06-06 17:05:00,AGIO
18.56,18.59,18.54,18.57,2981,2022-06-06 17:10:00,AGIO
18.575,18.575,18.45,18.45,11662,2022-06-06 17:15:00,AGIO
18.45,18.49,18.44,18.49,2611,2022-06-06 17:20:00,AGIO
18.48,18.57,18.48,18.57,3956,2022-06-06 17:25:00,AGIO
18.56,18.56,18.47,18.48,6042,2022-06-06 17:30:00,AGIO
18.475,18.5,18.45,18.48,5939,2022-06-06 17:35:00,AGIO
18.48,18.54,18.48,18.515,6828,2022-06-06 17:40:00,AGIO
18.52,18.66,18.51,18.65,30348,2022-06-06 17:45:00,AGIO
18.64,18.65,18.62,18.63,2651,2022-06-06 17:50:00,AGIO
18.63,18.655,18.61,18.635,2419,2022-06-06 17:55:00,AGIO
18.645,18.645,18.56,18.57,3025,2022-06-06 18:00:00,AGIO
18.52,18.52,18.45,18.48,2400,2022-06-06 18:05:00,AGIO
18.47,18.57,18.46,18.55,2518,2022-06-06 18:10:00,AGIO
18.56,18.57,18.525,18.555,1840,2022-06-06 18:15:00,AGIO
18.555,18.58,18.495,18.51,1700,2022-06-06 18:20:00,AGIO
18.51,18.51,18.48,18.48,1145,2022-06-06 18:25:00,AGIO
18.48,18.49,18.47,18.49,1453,2022-06-06 18:30:00,AGIO
18.49,18.54,18.475,18.475,4084,2022-06-06 18:35:00,AGIO
18.49,18.54,18.49,18.52,1600,2022-06-06 18:40:00,AGIO
18.52,18.57,18.52,18.56,900,2022-06-06 18:45:00,AGIO
18.53,18.53,18.43,18.5,7462,2022-06-06 18:50:00,AGIO
18.49,18.53,18.49,18.51,2332,2022-06-06 18:55:00,AGIO
18.505,18.55,18.505,18.53,700,2022-06-06 19:00:00,AGIO
18.55,18.55,18.43,18.45,5786,2022-06-06 19:05:00,AGIO
18.445,18.48,18.43,18.435,3343,2022-06-06 19:10:00,AGIO
18.435,18.485,18.43,18.43,3140,2022-06-06 19:15:00,AGIO
18.42,18.455,18.38,18.42,11829,2022-06-06 19:20:00,AGIO
18.4,18.4038,18.34,18.35,4708,2022-06-06 19:25:00,AGIO
18.34,18.36,18.32,18.33,7625,2022-06-06 19:30:00,AGIO
18.315,18.35,18.315,18.34,9024,2022-06-06 19:35:00,AGIO
18.34,18.37,18.32,18.345,26107,2022-06-06 19:40:00,AGIO
18.34,18.35,18.32,18.3425,7884,2022-06-06 19:45:00,AGIO
18.35,18.35,18.22,18.25,15207,2022-06-06 19:50:00,AGIO
18.25,18.35,18.25,18.31,35735,2022-06-06 19:55:00,AGIO
18.31,18.31,18.31,18.31,142741,2022-06-06 20:00:00,AGIO
18.09,18.09,18.09,18.09,100,2022-06-07 13:25:00,AGIO
18.02,18.58,18.02,18.42,8105,2022-06-07 13:30:00,AGIO
18.41,18.5,18.41,18.5,500,2022-06-07 13:35:00,AGIO
18.6363,18.6363,18.57,18.59,1453,2022-06-07 13:40:00,AGIO
18.625,18.625,18.54,18.54,600,2022-06-07 13:45:00,AGIO
18.57,18.58,18.485,18.495,5198,2022-06-07 13:50:00,AGIO
18.555,18.59,18.52,18.575,900,2022-06-07 13:55:00,AGIO
18.54,18.61,18.54,18.61,1445,2022-06-07 14:00:00,AGIO
18.525,18.58,18.49,18.54,19559,2022-06-07 14:05:00,AGIO
18.51,18.575,18.48,18.56,14555,2022-06-07 14:10:00,AGIO
18.56,18.715,18.56,18.655,21225,2022-06-07 14:15:00,AGIO
18.665,18.68,18.635,18.65,2324,2022-06-07 14:20:00,AGIO
18.64,18.67,18.58,18.66,3213,2022-06-07 14:25:00,AGIO
18.66,18.66,18.535,18.605,10485,2022-06-07 14:30:00,AGIO
18.64,18.8088,18.63,18.785,27161,2022-06-07 14:35:00,AGIO
18.78,18.95,18.77,18.89,4331,2022-06-07 14:40:00,AGIO
18.92,18.94,18.91,18.91,1700,2022-06-07 14:45:00,AGIO
18.91,18.91,18.83,18.91,2953,2022-06-07 14:50:00,AGIO
18.91,18.93,18.84,18.84,1900,2022-06-07 14:55:00,AGIO
18.92,18.97,18.92,18.95,700,2022-06-07 15:00:00,AGIO
18.92,18.93,18.88,18.89,1710,2022-06-07 15:05:00,AGIO
18.93,18.98,18.93,18.97,1100,2022-06-07 15:10:00,AGIO
18.975,19.01,18.95,18.95,1952,2022-06-07 15:15:00,AGIO
18.99,18.99,18.99,18.99,100,2022-06-07 15:20:00,AGIO
19.02,19.04,18.9893,18.9893,1011,2022-06-07 15:25:00,AGIO
18.96,18.96,18.86,18.86,2102,2022-06-07 15:30:00,AGIO
18.84,18.84,18.82,18.83,1604,2022-06-07 15:35:00,AGIO
18.885,18.935,18.885,18.935,200,2022-06-07 15:40:00,AGIO
18.95,18.95,18.9,18.92,810,2022-06-07 15:45:00,AGIO
18.92,18.97,18.92,18.93,300,2022-06-07 15:50:00,AGIO
18.92,18.995,18.92,18.995,1300,2022-06-07 15:55:00,AGIO
19.035,19.035,18.98,18.98,800,2022-06-07 16:00:00,AGIO
19.0,19.0,18.94,19.0,1030,2022-06-07 16:05:00,AGIO
19.005,19.005,18.94,18.94,1600,2022-06-07 16:10:00,AGIO
18.86,18.95,18.86,18.95,1666,2022-06-07 16:15:00,AGIO
18.93,19.03,18.93,19.0,1027,2022-06-07 16:20:00,AGIO
19.0,19.005,18.945,18.945,1780,2022-06-07 16:25:00,AGIO
18.92,18.98,18.92,18.98,807,2022-06-07 16:30:00,AGIO
19.03,19.03,18.98,18.98,1363,2022-06-07 16:35:00,AGIO
18.99,19.04,18.99,19.04,516,2022-06-07 16:40:00,AGIO
19.02,19.02,18.97,18.99,700,2022-06-07 16:45:00,AGIO
18.97,19.035,18.95,19.035,1234,2022-06-07 16:50:00,AGIO
19.03,19.03,18.98,18.98,1300,2022-06-07 16:55:00,AGIO
19.0193,19.0193,18.975,19.01,725,2022-06-07 17:00:00,AGIO
19.0,19.01,19.0,19.01,419,2022-06-07 17:05:00,AGIO
19.02,19.04,19.02,19.02,869,2022-06-07 17:10:00,AGIO
19.03,19.08,19.02,19.02,2400,2022-06-07 17:15:00,AGIO
19.0349,19.06,19.03,19.03,638,2022-06-07 17:20:00,AGIO
19.01,19.01,18.96,18.96,1000,2022-06-07 17:25:00,AGIO
18.96,19.07,18.96,19.07,1016,2022-06-07 17:30:00,AGIO
19.04,19.105,19.01,19.105,2200,2022-06-07 17:35:00,AGIO
19.08,19.08,19.04,19.05,2200,2022-06-07 17:40:00,AGIO
19.045,19.065,19.04,19.05,2100,2022-06-07 17:45:00,AGIO
19.055,19.06,19.045,19.05,1100,2022-06-07 17:50:00,AGIO
19.055,19.075,19.045,19.045,1322,2022-06-07 17:55:00,AGIO
19.045,19.075,19.045,19.065,3322,2022-06-07 18:00:00,AGIO
19.065,19.07,19.05,19.06,1433,2022-06-07 18:05:00,AGIO
19.06,19.075,19.05,19.05,3245,2022-06-07 18:10:00,AGIO
19.07,19.07,19.06,19.06,914,2022-06-07 18:15:00,AGIO
19.06,19.11,19.05,19.11,2376,2022-06-07 18:20:00,AGIO
19.13,19.2,19.1,19.2,11121,2022-06-07 18:25:00,AGIO
19.17,19.25,19.17,19.25,900,2022-06-07 18:30:00,AGIO
19.25,19.27,19.21,19.21,2209,2022-06-07 18:35:00,AGIO
19.21,19.22,19.14,19.17,6492,2022-06-07 18:40:00,AGIO
19.2,19.205,19.17,19.205,7141,2022-06-07 18:45:00,AGIO
19.205,19.205,19.08,19.105,8393,2022-06-07 18:50:00,AGIO
19.11,19.219,19.09,19.175,4084,2022-06-07 18:55:00,AGIO
19.175,19.24,19.175,19.225,1500,2022-06-07 19:00:00,AGIO
19.225,19.24,19.22,19.24,930,2022-06-07 19:05:00,AGIO
19.26,19.29,19.26,19.28,1300,2022-06-07 19:10:00,AGIO
19.3,19.42,19.3,19.41,1950,2022-06-07 19:15:00,AGIO
19.42,19.42,19.33,19.33,3699,2022-06-07 19:20:00,AGIO
19.37,19.459,19.37,19.45,5486,2022-06-07 19:25:00,AGIO
19.44,19.46,19.42,19.45,3220,2022-06-07 19:30:00,AGIO
19.44,19.53,19.43,19.53,13635,2022-06-07 19:35:00,AGIO
19.525,19.525,19.48,19.5,18558,2022-06-07 19:40:00,AGIO
19.505,19.549,19.455,19.5,20188,2022-06-07 19:45:00,AGIO
19.49,19.585,19.49,19.585,15996,2022-06-07 19:50:00,AGIO
19.59,19.59,19.51,19.53,40222,2022-06-07 19:55:00,AGIO
19.55,19.55,19.55,19.55,153597,2022-06-07 20:00:00,AGIO
19.65,19.74,19.24,19.72,5327,2022-06-08 13:30:00,AGIO
19.785,19.83,19.64,19.79,2529,2022-06-08 13:35:00,AGIO
19.805,19.92,19.68,19.92,3400,2022-06-08 13:40:00,AGIO
19.85,20.24,19.85,20.16,2981,2022-06-08 13:45:00,AGIO
20.185,20.23,20.15,20.2,2747,2022-06-08 13:50:00,AGIO
20.315,20.43,20.3067,20.34,1218,2022-06-08 13:55:00,AGIO
20.25,20.35,20.25,20.25,2164,2022-06-08 14:00:00,AGIO
20.275,20.275,20.24,20.26,5200,2022-06-08 14:05:00,AGIO
20.21,20.21,20.11,20.13,1899,2022-06-08 14:10:00,AGIO
20.13,20.13,20.02,20.02,1100,2022-06-08 14:15:00,AGIO
20.07,20.13,19.99,19.99,2600,2022-06-08 14:20:00,AGIO
19.99,20.03,19.96,19.96,1525,2022-06-08 14:25:00,AGIO
19.94,20.25,19.92,20.25,1300,2022-06-08 14:30:00,AGIO
20.22,20.29,20.15,20.24,1590,2022-06-08 14:35:00,AGIO
20.27,20.27,20.17,20.17,1500,2022-06-08 14:40:00,AGIO
20.14,20.23,20.14,20.22,1237,2022-06-08 14:45:00,AGIO
20.24,20.29,20.24,20.28,1609,2022-06-08 14:50:00,AGIO
20.31,20.31,20.22,20.22,2042,2022-06-08 14:55:00,AGIO
20.17,20.18,20.16,20.16,721,2022-06-08 15:00:00,AGIO
20.21,20.25,20.21,20.21,1184,2022-06-08 15:05:00,AGIO
20.21,20.35,20.21,20.28,2200,2022-06-08 15:10:00,AGIO
20.29,20.29,20.21,20.22,2599,2022-06-08 15:15:00,AGIO
20.24,20.26,20.23,20.235,2764,2022-06-08 15:20:00,AGIO
20.23,20.35,20.23,20.33,1904,2022-06-08 15:25:00,AGIO
20.31,20.35,20.31,20.325,2700,2022-06-08 15:30:00,AGIO
20.34,20.39,20.34,20.37,1878,2022-06-08 15:35:00,AGIO
20.38,20.385,20.285,20.3,11366,2022-06-08 15:40:00,AGIO
20.29,20.44,20.29,20.44,17573,2022-06-08 15:45:00,AGIO
20.42,20.46,20.41,20.41,2299,2022-06-08 15:50:00,AGIO
20.39,20.45,20.39,20.41,1900,2022-06-08 15:55:00,AGIO
20.385,20.48,20.385,20.43,1932,2022-06-08 16:00:00,AGIO
20.42,20.435,20.35,20.365,1242,2022-06-08 16:05:00,AGIO
20.34,20.34,20.25,20.25,1600,2022-06-08 16:10:00,AGIO
20.3,20.32,20.28,20.28,814,2022-06-08 16:15:00,AGIO
20.32,20.32,20.19,20.21,1300,2022-06-08 16:20:00,AGIO
20.21,20.21,20.132,20.175,1200,2022-06-08 16:25:00,AGIO
20.13,20.13,20.07,20.105,1300,2022-06-08 16:30:00,AGIO
20.015,20.015,19.93,19.93,675,2022-06-08 16:35:00,AGIO
19.9,19.94,19.89,19.9,18400,2022-06-08 16:40:00,AGIO
19.92,19.98,19.92,19.98,1475,2022-06-08 16:45:00,AGIO
19.96,19.965,19.95,19.95,906,2022-06-08 16:50:00,AGIO
19.95,20.04,19.95,20.04,700,2022-06-08 16:55:00,AGIO
20.045,20.055,20.0,20.055,23400,2022-06-08 17:00:00,AGIO
20.05,20.05,20.01,20.02,2066,2022-06-08 17:05:00,AGIO
19.935,19.935,19.93,19.93,200,2022-06-08 17:10:00,AGIO
19.94,19.98,19.94,19.98,400,2022-06-08 17:15:00,AGIO
19.97,19.98,19.97,19.98,816,2022-06-08 17:20:00,AGIO
19.97,19.97,19.95,19.97,500,2022-06-08 17:25:00,AGIO
19.98,19.98,19.9,19.9,1659,2022-06-08 17:30:00,AGIO
19.895,19.895,19.84,19.86,1600,2022-06-08 17:35:00,AGIO
19.83,19.88,19.825,19.88,1008,2022-06-08 17:40:00,AGIO
19.89,19.905,19.88,19.88,10739,2022-06-08 17:45:00,AGIO
19.84,19.84,19.8,19.84,1100,2022-06-08 17:50:00,AGIO
19.85,19.85,19.85,19.85,423,2022-06-08 17:55:00,AGIO
19.86,19.97,19.86,19.97,1000,2022-06-08 18:00:00,AGIO
19.97,19.97,19.85,19.85,1734,2022-06-08 18:05:00,AGIO
19.87,19.89,19.86,19.87,900,2022-06-08 18:10:00,AGIO
19.89,19.89,19.87,19.87,850,2022-06-08 18:15:00,AGIO
19.86,19.86,19.84,19.84,200,2022-06-08 18:20:00,AGIO
19.83,19.83,19.76,19.77,1040,2022-06-08 18:25:00,AGIO
19.76,19.78,19.76,19.76,500,2022-06-08 18:30:00,AGIO
19.74,19.78,19.72,19.78,1100,2022-06-08 18:35:00,AGIO
19.79,19.79,19.77,19.775,828,2022-06-08 18:40:00,AGIO
19.79,19.82,19.78,19.81,1200,2022-06-08 18:45:00,AGIO
19.79,19.82,19.79,19.8,922,2022-06-08 18:50:00,AGIO
19.79,19.79,19.77,19.79,1073,2022-06-08 18:55:00,AGIO
19.775,19.775,19.75,19.775,875,2022-06-08 19:00:00,AGIO
19.76,19.76,19.72,19.75,700,2022-06-08 19:05:00,AGIO
19.76,19.81,19.76,19.81,700,2022-06-08 19:10:00,AGIO
19.81,19.81,19.77,19.77,1646,2022-06-08 19:15:00,AGIO
19.79,19.81,19.79,19.81,600,2022-06-08 19:20:00,AGIO
19.83,19.86,19.82,19.85,800,2022-06-08 19:25:00,AGIO
19.86,19.95,19.86,19.92,2701,2022-06-08 19:30:00,AGIO
19.96,19.96,19.92,19.94,2959,2022-06-08 19:35:00,AGIO
19.9528,20.01,19.94,20.01,2986,2022-06-08 19:40:00,AGIO
20.0,20.0,19.95,19.97,3182,2022-06-08 19:45:00,AGIO
19.96,20.03,19.96,19.965,5870,2022-06-08 19:50:00,AGIO
19.97,20.03,19.97,19.99,12082,2022-06-08 19:55:00,AGIO
20.02,20.02,20.02,20.02,143777,2022-06-08 20:00:00,AGIO
19.87,19.87,19.63,19.79,2139,2022-06-09 13:30:00,AGIO
19.78,19.82,19.72,19.79,1338,2022-06-09 13:35:00,AGIO
19.75,19.75,19.64,19.74,1500,2022-06-09 13:40:00,AGIO
19.7,19.99,19.7,19.875,2413,2022-06-09 13:45:00,AGIO
19.89,20.14,19.89,19.97,1830,2022-06-09 13:50:00,AGIO
19.96,19.99,19.87,19.99,5398,2022-06-09 13:55:00,AGIO
20.0,20.06,20.0,20.01,1028,2022-06-09 14:00:00,AGIO
19.95,19.99,19.89,19.89,1300,2022-06-09 14:05:00,AGIO
19.87,19.965,19.87,19.96,1467,2022-06-09 14:10:00,AGIO
19.965,19.965,19.85,19.85,1850,2022-06-09 14:15:00,AGIO
19.89,19.89,19.85,19.85,745,2022-06-09 14:20:00,AGIO
19.9,19.9,19.84,19.87,1900,2022-06-09 14:25:00,AGIO
19.87,19.93,19.82,19.87,900,2022-06-09 14:30:00,AGIO
19.89,19.9,19.85,19.88,983,2022-06-09 14:35:00,AGIO
19.87,19.87,19.76,19.76,700,2022-06-09 14:40:00,AGIO
19.75,19.75,19.7,19.7,1365,2022-06-09 14:45:00,AGIO
19.68,19.69,19.65,19.65,1426,2022-06-09 14:50:00,AGIO
19.64,19.71,19.62,19.71,1600,2022-06-09 14:55:00,AGIO
19.68,19.69,19.58,19.58,800,2022-06-09 15:00:00,AGIO
19.56,19.64,19.54,19.64,1486,2022-06-09 15:05:00,AGIO
19.63,19.65,19.61,19.64,2511,2022-06-09 15:10:00,AGIO
19.66,19.66,19.59,19.59,1712,2022-06-09 15:15:00,AGIO
19.59,19.645,19.58,19.645,2090,2022-06-09 15:20:00,AGIO
19.635,19.635,19.62,19.63,1472,2022-06-09 15:25:00,AGIO
19.61,19.69,19.61,19.69,1514,2022-06-09 15:30:00,AGIO
19.72,19.72,19.65,19.71,2600,2022-06-09 15:35:00,AGIO
19.675,19.71,19.67,19.675,2400,2022-06-09 15:40:00,AGIO
19.665,19.665,19.55,19.55,925,2022-06-09 15:45:00,AGIO
19.53,19.625,19.5,19.62,2783,2022-06-09 15:50:00,AGIO
19.64,19.68,19.63,19.68,800,2022-06-09 15:55:00,AGIO
19.66,19.665,19.64,19.645,1000,2022-06-09 16:00:00,AGIO
19.645,19.645,19.615,19.615,1150,2022-06-09 16:05:00,AGIO
19.6,19.6,19.54,19.56,1900,2022-06-09 16:10:00,AGIO
19.625,19.65,19.625,19.65,500,2022-06-09 16:15:00,AGIO
19.64,19.67,19.635,19.65,1900,2022-06-09 16:20:00,AGIO
19.64,19.68,19.64,19.68,10960,2022-06-09 16:25:00,AGIO
19.7,19.71,19.68,19.7,3405,2022-06-09 16:30:00,AGIO
19.71,19.71,19.67,19.7,837,2022-06-09 16:35:00,AGIO
19.71,19.75,19.69,19.75,900,2022-06-09 16:40:00,AGIO
19.7,19.72,19.7,19.72,500,2022-06-09 16:45:00,AGIO
19.72,19.72,19.7,19.7,700,2022-06-09 16:50:00,AGIO
19.7,19.71,19.635,19.65,2105,2022-06-09 16:55:00,AGIO
19.69,19.7418,19.68,19.71,811,2022-06-09 17:00:00,AGIO
19.76,19.8,19.76,19.8,201,2022-06-09 17:05:00,AGIO
19.84,19.84,19.76,19.76,500,2022-06-09 17:10:00,AGIO
19.755,19.76,19.755,19.76,200,2022-06-09 17:15:00,AGIO
19.78,19.78,19.73,19.73,527,2022-06-09 17:20:00,AGIO
19.7,19.7,19.67,19.67,600,2022-06-09 17:25:00,AGIO
19.69,19.69,19.66,19.67,603,2022-06-09 17:30:00,AGIO
19.67,19.7,19.66,19.7,2053,2022-06-09 17:35:00,AGIO
19.71,19.71,19.68,19.685,701,2022-06-09 17:40:00,AGIO
19.7,19.77,19.7,19.74,2060,2022-06-09 17:45:00,AGIO
19.76,19.76,19.76,19.76,200,2022-06-09 17:50:00,AGIO
19.775,19.795,19.73,19.75,11906,2022-06-09 17:55:00,AGIO
19.74,19.78,19.695,19.78,4084,2022-06-09 18:00:00,AGIO
19.8,19.85,19.8,19.83,1800,2022-06-09 18:05:00,AGIO
19.83,19.835,19.8105,19.8105,1340,2022-06-09 18:10:00,AGIO
19.84,19.86,19.83,19.85,2594,2022-06-09 18:15:00,AGIO
19.855,19.87,19.79,19.79,1423,2022-06-09 18:20:00,AGIO
19.8,19.82,19.8,19.81,700,2022-06-09 18:25:00,AGIO
19.8,19.8,19.74,19.75,8298,2022-06-09 18:30:00,AGIO
19.745,19.745,19.74,19.745,300,2022-06-09 18:35:00,AGIO
19.79,19.81,19.79,19.8,400,2022-06-09 18:40:00,AGIO
19.81,19.85,19.81,19.82,2932,2022-06-09 18:45:00,AGIO
19.81,19.81,19.75,19.75,2033,2022-06-09 18:50:00,AGIO
19.75,19.765,19.72,19.74,8100,2022-06-09 18:55:00,AGIO
19.76,19.76,19.7,19.7,800,2022-06-09 19:00:00,AGIO
19.68,19.72,19.68,19.72,1000,2022-06-09 19:05:00,AGIO
19.74,19.74,19.72,19.73,800,2022-06-09 19:10:00,AGIO
19.72,19.77,19.72,19.77,1398,2022-06-09 19:15:00,AGIO
19.755,19.755,19.71,19.71,1400,2022-06-09 19:20:00,AGIO
19.69,19.69,19.64,19.64,2616,2022-06-09 19:25:00,AGIO
19.635,19.66,19.635,19.6529,1514,2022-06-09 19:30:00,AGIO
19.64,19.68,19.63,19.68,2583,2022-06-09 19:35:00,AGIO
19.68,19.68,19.62,19.63,3643,2022-06-09 19:40:00,AGIO
19.6353,19.65,19.61,19.61,5250,2022-06-09 19:45:00,AGIO
19.6,19.62,19.551,19.6,15398,2022-06-09 19:50:00,AGIO
19.6,19.62,19.56,19.6,21829,2022-06-09 19:55:00,AGIO
19.6,19.6,19.6,19.6,140406,2022-06-09 20:00:00,AGIO
19.12,19.12,19.12,19.12,100,2022-06-10 13:25:00,AGIO
18.91,19.26,18.91,19.05,10537,2022-06-10 13:30:00,AGIO
18.97,18.99,18.95,18.99,400,2022-06-10 13:35:00,AGIO
19.13,19.21,19.13,19.21,300,2022-06-10 13:40:00,AGIO
19.07,19.14,19.05,19.14,2122,2022-06-10 13:45:00,AGIO
19.04,19.17,19.04,19.05,9258,2022-06-10 13:50:00,AGIO
19.05,19.15,19.05,19.11,7998,2022-06-10 13:55:00,AGIO
19.13,19.16,19.02,19.02,29670,2022-06-10 14:00:00,AGIO
19.015,19.02,18.87,18.96,3475,2022-06-10 14:05:00,AGIO
18.97,18.99,18.76,18.83,2285,2022-06-10 14:10:00,AGIO
18.835,18.9,18.81,18.82,1700,2022-06-10 14:15:00,AGIO
18.87,18.925,18.87,18.925,1500,2022-06-10 14:20:00,AGIO
18.92,18.95,18.87,18.87,1300,2022-06-10 14:25:00,AGIO
18.845,18.87,18.79,18.835,2404,2022-06-10 14:30:00,AGIO
18.825,18.825,18.59,18.605,14053,2022-06-10 14:35:00,AGIO
18.58,18.78,18.53,18.78,6372,2022-06-10 14:40:00,AGIO
18.77,18.785,18.66,18.68,2435,2022-06-10 14:45:00,AGIO
18.66,18.75,18.57,18.6,5287,2022-06-10 14:50:00,AGIO
18.61,18.665,18.6,18.6,3248,2022-06-10 14:55:00,AGIO
18.615,18.64,18.55,18.64,3591,2022-06-10 15:00:00,AGIO
18.61,18.61,18.565,18.58,2774,2022-06-10 15:05:00,AGIO
18.58,18.635,18.56,18.63,2863,2022-06-10 15:10:00,AGIO
18.65,18.71,18.61,18.69,3286,2022-06-10 15:15:00,AGIO
18.695,18.71,18.64,18.68,2111,2022-06-10 15:20:00,AGIO
18.65,18.66,18.65,18.65,1031,2022-06-10 15:25:00,AGIO
18.62,18.62,18.54,18.54,1981,2022-06-10 15:30:00,AGIO
18.56,18.56,18.52,18.52,2514,2022-06-10 15:35:00,AGIO
18.55,18.58,18.52,18.55,1311,2022-06-10 15:40:00,AGIO
18.521,18.575,18.5,18.5,2200,2022-06-10 15:45:00,AGIO
18.55,18.565,18.5,18.55,1427,2022-06-10 15:50:00,AGIO
18.52,18.55,18.5,18.55,2165,2022-06-10 15:55:00,AGIO
18.54,18.55,18.5,18.54,2919,2022-06-10 16:00:00,AGIO
18.55,18.63,18.55,18.591,1536,2022-06-10 16:05:00,AGIO
18.57,18.57,18.5,18.53,1706,2022-06-10 16:10:00,AGIO
18.5,18.54,18.5,18.54,4804,2022-06-10 16:15:00,AGIO
18.55,18.6,18.55,18.55,1746,2022-06-10 16:20:00,AGIO
18.51,18.54,18.51,18.54,895,2022-06-10 16:25:00,AGIO
18.54,18.57,18.53,18.565,3800,2022-06-10 16:30:00,AGIO
18.58,18.605,18.57,18.575,1500,2022-06-10 16:35:00,AGIO
18.59,18.615,18.57,18.6,3598,2022-06-10 16:40:00,AGIO
18.57,18.57,18.5,18.51,4392,2022-06-10 16:45:00,AGIO
18.52,18.52,18.45,18.49,3838,2022-06-10 16:50:00,AGIO
18.49,18.53,18.49,18.5,2185,2022-06-10 16:55:00,AGIO
18.5,18.5,18.41,18.43,2557,2022-06-10 17:00:00,AGIO
18.43,18.47,18.425,18.46,2353,2022-06-10 17:05:00,AGIO
18.45,18.45,18.415,18.44,3015,2022-06-10 17:10:00,AGIO
18.45,18.51,18.44,18.51,1062,2022-06-10 17:15:00,AGIO
18.505,18.505,18.41,18.42,2002,2022-06-10 17:20:00,AGIO
18.44,18.505,18.44,18.485,32200,2022-06-10 17:25:00,AGIO
18.47,18.485,18.39,18.42,29025,2022-06-10 17:30:00,AGIO
18.45,18.5,18.41,18.5,14535,2022-06-10 17:35:00,AGIO
18.5,18.57,18.5,18.57,2350,2022-06-10 17:40:00,AGIO
18.57,18.575,18.545,18.56,809,2022-06-10 17:45:00,AGIO
18.61,18.64,18.56,18.585,2402,2022-06-10 17:50:00,AGIO
18.56,18.58,18.52,18.56,2702,2022-06-10 17:55:00,AGIO
18.56,18.585,18.55,18.585,2100,2022-06-10 18:00:00,AGIO
18.59,18.67,18.59,18.65,14964,2022-06-10 18:05:00,AGIO
18.65,18.67,18.59,18.59,9707,2022-06-10 18:10:00,AGIO
18.57,18.58,18.55,18.55,4438,2022-06-10 18:15:00,AGIO
18.55,18.58,18.55,18.56,1965,2022-06-10 18:20:00,AGIO
18.55,18.5507,18.47,18.49,2079,2022-06-10 18:25:00,AGIO
18.55,18.56,18.54,18.54,1690,2022-06-10 18:30:00,AGIO
18.52,18.52,18.49,18.49,1200,2022-06-10 18:35:00,AGIO
18.49,18.51,18.48,18.491,1400,2022-06-10 18:40:00,AGIO
18.54,18.55,18.5,18.54,2614,2022-06-10 18:45:00,AGIO
18.55,18.57,18.525,18.55,4306,2022-06-10 18:50:00,AGIO
18.55,18.595,18.54,18.581,1969,2022-06-10 18:55:00,AGIO
18.58,18.6,18.51,18.51,3149,2022-06-10 19:00:00,AGIO
18.53,18.61,18.53,18.59,2100,2022-06-10 19:05:00,AGIO
18.591,18.685,18.591,18.67,5428,2022-06-10 19:10:00,AGIO
18.66,18.79,18.66,18.79,3896,2022-06-10 19:15:00,AGIO
18.79,18.815,18.75,18.81,5564,2022-06-10 19:20:00,AGIO
18.83,18.87,18.76,18.77,9433,2022-06-10 19:25:00,AGIO
18.75,18.75,18.675,18.675,10611,2022-06-10 19:30:00,AGIO
18.68,18.69,18.62,18.66,7770,2022-06-10 19:35:00,AGIO
18.65,18.66,18.61,18.66,7268,2022-06-10 19:40:00,AGIO
18.64,18.64,18.58,18.58,7178,2022-06-10 19:45:00,AGIO
18.58,18.59,18.48,18.52,17148,2022-06-10 19:50:00,AGIO
18.51,18.53,18.49,18.51,46097,2022-06-10 19:55:00,AGIO
18.53,18.53,18.5,18.5,103909,2022-06-10 20:00:00,AGIO
18.5,18.5,18.5,18.5,50037,2022-06-10 20:30:00,AGIO
17.79,18.27,17.68,17.85,7814,2022-06-13 13:30:00,AGIO
17.93,18.0,17.93,17.97,500,2022-06-13 13:35:00,AGIO
17.88,17.9,17.77,17.8,4987,2022-06-13 13:40:00,AGIO
17.82,17.82,17.69,17.7,3366,2022-06-13 13:45:00,AGIO
17.69,17.69,17.61,17.67,2400,2022-06-13 13:50:00,AGIO
17.65,17.66,17.6,17.63,1006,2022-06-13 13:55:00,AGIO
17.63,17.64,17.46,17.46,2527,2022-06-13 14:00:00,AGIO
17.43,17.61,17.43,17.54,5307,2022-06-13 14:05:00,AGIO
17.52,17.66,17.465,17.55,3516,2022-06-13 14:10:00,AGIO
17.55,17.58,17.49,17.51,1722,2022-06-13 14:15:00,AGIO
17.49,17.55,17.43,17.5,3148,2022-06-13 14:20:00,AGIO
17.41,17.44,17.395,17.44,1890,2022-06-13 14:25:00,AGIO
17.43,17.49,17.43,17.49,910,2022-06-13 14:30:00,AGIO
17.45,17.5,17.45,17.475,6230,2022-06-13 14:35:00,AGIO
17.47,17.48,17.4095,17.4095,1778,2022-06-13 14:40:00,AGIO
17.425,17.43,17.38,17.39,24295,2022-06-13 14:45:00,AGIO
17.365,17.41,17.33,17.41,3690,2022-06-13 14:50:00,AGIO
17.41,17.46,17.41,17.46,1400,2022-06-13 14:55:00,AGIO
17.43,17.45,17.4,17.405,1832,2022-06-13 15:00:00,AGIO
17.39,17.43,17.37,17.37,3214,2022-06-13 15:05:00,AGIO
17.36,17.42,17.35,17.42,1524,2022-06-13 15:10:00,AGIO
17.46,17.51,17.46,17.49,1910,2022-06-13 15:15:00,AGIO
17.485,17.52,17.485,17.52,1768,2022-06-13 15:20:00,AGIO
17.53,17.53,17.4,17.42,2914,2022-06-13 15:25:00,AGIO
17.365,17.39,17.33,17.35,1846,2022-06-13 15:30:00,AGIO
17.36,17.485,17.36,17.485,10801,2022-06-13 15:35:00,AGIO
17.5,17.5,17.425,17.445,1022,2022-06-13 15:40:00,AGIO
17.425,17.44,17.41,17.425,3562,2022-06-13 15:45:00,AGIO
17.44,17.45,17.42,17.45,1732,2022-06-13 15:50:00,AGIO
17.44,17.44,17.41,17.43,4113,2022-06-13 15:55:00,AGIO
17.41,17.42,17.28,17.29,22055,2022-06-13 16:00:00,AGIO
17.27,17.39,17.27,17.38,4150,2022-06-13 16:05:00,AGIO
17.395,17.48,17.395,17.46,1910,2022-06-13 16:10:00,AGIO
17.44,17.46,17.385,17.42,1064,2022-06-13 16:15:00,AGIO
17.41,17.49,17.41,17.49,1242,2022-06-13 16:20:00,AGIO
17.49,17.605,17.49,17.605,1458,2022-06-13 16:25:00,AGIO
17.61,17.76,17.6,17.75,2629,2022-06-13 16:30:00,AGIO
17.825,17.9,17.825,17.86,1059,2022-06-13 16:35:00,AGIO
17.841,17.841,17.71,17.71,1898,2022-06-13 16:40:00,AGIO
17.71,17.71,17.62,17.62,1434,2022-06-13 16:45:00,AGIO
17.585,17.585,17.47,17.47,1913,2022-06-13 16:50:00,AGIO
17.47,17.515,17.45,17.47,3924,2022-06-13 16:55:00,AGIO
17.47,17.47,17.42,17.43,660,2022-06-13 17:00:00,AGIO
17.41,17.48,17.41,17.46,1856,2022-06-13 17:05:00,AGIO
17.45,17.46,17.43,17.46,1931,2022-06-13 17:10:00,AGIO
17.455,17.475,17.45,17.46,905,2022-06-13 17:15:00,AGIO
17.45,17.45,17.4,17.4,1392,2022-06-13 17:20:00,AGIO
17.41,17.5,17.41,17.48,12978,2022-06-13 17:25:00,AGIO
17.47,17.505,17.47,17.48,8063,2022-06-13 17:30:00,AGIO
17.48,17.58,17.48,17.56,3300,2022-06-13 17:35:00,AGIO
17.57,17.65,17.56,17.625,2200,2022-06-13 17:40:00,AGIO
17.63,17.65,17.6,17.6,1573,2022-06-13 17:45:00,AGIO
17.59,17.59,17.56,17.56,2611,2022-06-13 17:50:00,AGIO
17.57,17.605,17.57,17.6,3707,2022-06-13 17:55:00,AGIO
17.585,17.59,17.56,17.59,1284,2022-06-13 18:00:00,AGIO
17.6,17.62,17.565,17.565,2908,2022-06-13 18:05:00,AGIO
17.55,17.605,17.54,17.56,2993,2022-06-13 18:10:00,AGIO
17.575,17.59,17.55,17.56,1598,2022-06-13 18:15:00,AGIO
17.57,17.61,17.57,17.61,2628,2022-06-13 18:20:00,AGIO
17.6,17.635,17.6,17.61,1431,2022-06-13 18:25:00,AGIO
17.61,17.61,17.52,17.555,3341,2022-06-13 18:30:00,AGIO
17.6,17.65,17.6,17.62,1916,2022-06-13 18:35:00,AGIO
17.63,17.63,17.59,17.59,1847,2022-06-13 18:40:00,AGIO
17.59,17.6,17.56,17.57,2125,2022-06-13 18:45:00,AGIO
17.57,17.575,17.555,17.57,1924,2022-06-13 18:50:00,AGIO
17.57,17.59,17.505,17.54,1920,2022-06-13 18:55:00,AGIO
17.515,17.555,17.5,17.555,2066,2022-06-13 19:00:00,AGIO
17.54,17.55,17.44,17.49,8306,2022-06-13 19:05:00,AGIO
17.49,17.53,17.47,17.51,3286,2022-06-13 19:10:00,AGIO
17.48,17.58,17.47,17.52,6066,2022-06-13 19:15:00,AGIO
17.47,17.48,17.36,17.375,4891,2022-06-13 19:20:00,AGIO
17.3,17.32,17.27,17.294,7627,2022-06-13 19:25:00,AGIO
17.31,17.4,17.31,17.38,9095,2022-06-13 19:30:00,AGIO
17.385,17.41,17.36,17.38,5144,2022-06-13 19:35:00,AGIO
17.38,17.4,17.36,17.39,7520,2022-06-13 19:40:00,AGIO
17.36,17.4,17.36,17.365,6613,2022-06-13 19:45:00,AGIO
17.36,17.37,17.3,17.36,31043,2022-06-13 19:50:00,AGIO
17.365,17.4,17.34,17.38,33752,2022-06-13 19:55:00,AGIO
17.37,17.37,17.37,17.37,140782,2022-06-13 20:00:00,AGIO
17.37,17.37,17.37,17.37,364,2022-06-13 20:05:00,AGIO
17.46,17.52,17.21,17.21,8245,2022-06-14 13:30:00,AGIO
17.15,17.35,17.13,17.165,5452,2022-06-14 13:35:00,AGIO
17.18,17.23,16.88,16.91,6597,2022-06-14 13:40:00,AGIO
16.92,17.05,16.91,17.02,7700,2022-06-14 13:45:00,AGIO
17.02,17.19,17.02,17.19,5543,2022-06-14 13:50:00,AGIO
17.22,17.33,17.18,17.325,6751,2022-06-14 13:55:00,AGIO
17.36,17.36,17.24,17.27,7880,2022-06-14 14:00:00,AGIO
17.27,17.275,17.07,17.07,5494,2022-06-14 14:05:00,AGIO
17.09,17.09,16.95,17.05,4259,2022-06-14 14:10:00,AGIO
17.06,17.06,16.995,17.01,1430,2022-06-14 14:15:00,AGIO
16.95,16.95,16.83,16.83,9891,2022-06-14 14:20:00,AGIO
16.83,16.95,16.82,16.9,2140,2022-06-14 14:25:00,AGIO
16.91,16.975,16.89,16.92,2912,2022-06-14 14:30:00,AGIO
16.96,17.1,16.96,17.04,1692,2022-06-14 14:35:00,AGIO
17.06,17.076,16.93,16.99,5856,2022-06-14 14:40:00,AGIO
17.0,17.265,17.0,17.265,5352,2022-06-14 14:45:00,AGIO
17.265,17.265,17.1326,17.1326,1577,2022-06-14 14:50:00,AGIO
17.12,17.13,17.08,17.08,4976,2022-06-14 14:55:00,AGIO
17.09,17.14,17.09,17.115,2439,2022-06-14 15:00:00,AGIO
17.1,17.12,17.07,17.1,4344,2022-06-14 15:05:00,AGIO
17.085,17.13,17.085,17.1,1151,2022-06-14 15:10:00,AGIO
17.12,17.15,17.08,17.125,2992,2022-06-14 15:15:00,AGIO
17.16,17.17,17.05,17.17,5268,2022-06-14 15:20:00,AGIO
17.19,17.25,17.19,17.205,654,2022-06-14 15:25:00,AGIO
17.2,17.28,17.18,17.265,1149,2022-06-14 15:30:00,AGIO
17.26,17.28,17.21,17.21,1218,2022-06-14 15:35:00,AGIO
17.215,17.22,17.16,17.205,2638,2022-06-14 15:40:00,AGIO
17.225,17.27,17.2,17.25,1970,2022-06-14 15:45:00,AGIO
17.25,17.255,17.205,17.255,1244,2022-06-14 15:50:00,AGIO
17.265,17.275,17.19,17.2,4774,2022-06-14 15:55:00,AGIO
17.145,17.145,17.08,17.08,600,2022-06-14 16:00:00,AGIO
17.07,17.195,17.07,17.15,1874,2022-06-14 16:05:00,AGIO
17.13,17.16,17.13,17.135,660,2022-06-14 16:10:00,AGIO
17.155,17.195,17.13,17.195,1180,2022-06-14 16:15:00,AGIO
17.23,17.23,17.11,17.12,2379,2022-06-14 16:20:00,AGIO
17.115,17.14,17.07,17.14,4092,2022-06-14 16:25:00,AGIO
17.12,17.15,17.08,17.14,6996,2022-06-14 16:30:00,AGIO
17.14,17.18,17.14,17.15,3460,2022-06-14 16:35:00,AGIO
17.14,17.16,17.14,17.16,5270,2022-06-14 16:40:00,AGIO
17.15,17.16,17.14,17.155,4349,2022-06-14 16:45:00,AGIO
17.155,17.17,17.14,17.15,14254,2022-06-14 16:50:00,AGIO
17.16,17.24,17.16,17.24,13023,2022-06-14 16:55:00,AGIO
17.27,17.3,17.22,17.22,1301,2022-06-14 17:00:00,AGIO
17.205,17.225,17.15,17.215,2467,2022-06-14 17:05:00,AGIO
17.24,17.25,17.22,17.24,1158,2022-06-14 17:10:00,AGIO
17.24,17.28,17.24,17.28,642,2022-06-14 17:15:00,AGIO
17.32,17.35,17.305,17.325,1704,2022-06-14 17:20:00,AGIO
17.31,17.31,17.24,17.25,700,2022-06-14 17:25:00,AGIO
17.23,17.29,17.23,17.24,3637,2022-06-14 17:30:00,AGIO
17.21,17.2219,17.19,17.1969,883,2022-06-14 17:35:00,AGIO
17.21,17.21,17.17,17.17,1020,2022-06-14 17:40:00,AGIO
17.18,17.2,17.18,17.18,844,2022-06-14 17:45:00,AGIO
17.185,17.2,17.18,17.19,1845,2022-06-14 17:50:00,AGIO
17.18,17.18,17.11,17.11,20557,2022-06-14 17:55:00,AGIO
17.13,17.175,17.13,17.155,2214,2022-06-14 18:00:00,AGIO
17.16,17.2,17.12,17.125,1824,2022-06-14 18:05:00,AGIO
17.12,17.15,17.12,17.15,1114,2022-06-14 18:10:00,AGIO
17.155,17.17,17.15,17.155,1104,2022-06-14 18:15:00,AGIO
17.165,17.21,17.15,17.15,2148,2022-06-14 18:20:00,AGIO
17.11,17.16,17.11,17.14,849,2022-06-14 18:25:00,AGIO
17.135,17.15,17.125,17.15,910,2022-06-14 18:30:00,AGIO
17.14,17.18,17.135,17.17,1671,2022-06-14 18:35:00,AGIO
17.15,17.15,17.09,17.1,2060,2022-06-14 18:40:00,AGIO
17.105,17.105,17.07,17.07,748,2022-06-14 18:45:00,AGIO
17.06,17.08,17.04,17.055,1804,2022-06-14 18:50:00,AGIO
17.055,17.07,17.05,17.06,1269,2022-06-14 18:55:00,AGIO
17.05,17.09,17.02,17.09,1514,2022-06-14 19:00:00,AGIO
17.07,17.075,17.06,17.06,796,2022-06-14 19:05:00,AGIO
17.07,17.081,16.995,17.015,10966,2022-06-14 19:10:00,AGIO
17.015,17.015,16.93,16.97,13733,2022-06-14 19:15:00,AGIO
16.97,17.01,16.97,16.97,2631,2022-06-14 19:20:00,AGIO
16.97,17.04,16.96,17.02,3048,2022-06-14 19:25:00,AGIO
17.025,17.11,17.01,17.04,5994,2022-06-14 19:30:00,AGIO
17.05,17.07,17.02,17.05,5905,2022-06-14 19:35:00,AGIO
17.05,17.08,16.98,16.98,6790,2022-06-14 19:40:00,AGIO
16.99,17.08,16.99,17.08,8014,2022-06-14 19:45:00,AGIO
17.08,17.08,16.935,16.965,11572,2022-06-14 19:50:00,AGIO
16.965,17.08,16.93,17.06,62762,2022-06-14 19:55:00,AGIO
17.06,17.06,17.06,17.06,156526,2022-06-14 20:00:00,AGIO
17.16,17.69,17.16,17.69,5734,2022-06-15 13:30:00,AGIO
17.69,17.69,17.45,17.53,16588,2022-06-15 13:35:00,AGIO
17.46,17.53,17.39,17.48,7525,2022-06-15 13:40:00,AGIO
17.47,17.48,17.38,17.39,6017,2022-06-15 13:45:00,AGIO
17.45,17.61,17.42,17.55,6191,2022-06-15 13:50:00,AGIO
17.56,17.62,17.52,17.55,6569,2022-06-15 13:55:00,AGIO
17.58,17.685,17.53,17.63,4769,2022-06-15 14:00:00,AGIO
17.62,17.7,17.61,17.66,3700,2022-06-15 14:05:00,AGIO
17.645,17.75,17.615,17.73,3628,2022-06-15 14:10:00,AGIO
17.72,17.72,17.635,17.645,4670,2022-06-15 14:15:00,AGIO
17.63,17.68,17.58,17.675,4036,2022-06-15 14:20:00,AGIO
17.67,17.735,17.63,17.68,8760,2022-06-15 14:25:00,AGIO
17.705,17.75,17.65,17.68,4082,2022-06-15 14:30:00,AGIO
17.7,17.8051,17.7,17.75,19409,2022-06-15 14:35:00,AGIO
17.75,17.79,17.73,17.73,2391,2022-06-15 14:40:00,AGIO
17.725,17.75,17.68,17.7,4716,2022-06-15 14:45:00,AGIO
17.705,17.71,17.59,17.59,2300,2022-06-15 14:50:00,AGIO
17.62,17.66,17.57,17.615,13585,2022-06-15 14:55:00,AGIO
17.64,17.68,17.605,17.675,1918,2022-06-15 15:00:00,AGIO
17.65,17.675,17.61,17.62,3100,2022-06-15 15:05:00,AGIO
17.63,17.66,17.6,17.66,3119,2022-06-15 15:10:00,AGIO
17.6695,17.77,17.635,17.75,4422,2022-06-15 15:15:00,AGIO
17.76,17.795,17.725,17.795,2479,2022-06-15 15:20:00,AGIO
17.795,17.865,17.65,17.85,28359,2022-06-15 15:25:00,AGIO
17.86,17.87,17.73,17.76,11800,2022-06-15 15:30:00,AGIO
17.74,17.78,17.73,17.78,1730,2022-06-15 15:35:00,AGIO
17.8,17.83,17.77,17.83,8239,2022-06-15 15:40:00,AGIO
17.81,17.88,17.81,17.88,2799,2022-06-15 15:45:00,AGIO
17.88,17.88,17.82,17.83,6512,2022-06-15 15:50:00,AGIO
17.86,17.92,17.86,17.9,4331,2022-06-15 15:55:00,AGIO
17.91,17.92,17.89,17.905,3095,2022-06-15 16:00:00,AGIO
17.91,17.9496,17.885,17.905,3365,2022-06-15 16:05:00,AGIO
17.86,17.88,17.83,17.88,3702,2022-06-15 16:10:00,AGIO
17.88,17.915,17.88,17.905,1543,2022-06-15 16:15:00,AGIO
17.92,17.955,17.92,17.95,1400,2022-06-15 16:20:00,AGIO
17.96,17.96,17.905,17.905,2300,2022-06-15 16:25:00,AGIO
17.91,17.96,17.91,17.915,2150,2022-06-15 16:30:00,AGIO
17.92,17.925,17.87,17.87,1400,2022-06-15 16:35:00,AGIO
17.89,17.89,17.844,17.88,10001,2022-06-15 16:40:00,AGIO
17.89,17.93,17.885,17.885,2400,2022-06-15 16:45:00,AGIO
17.88,17.885,17.83,17.84,1600,2022-06-15 16:50:00,AGIO
17.83,17.88,17.77,17.87,6593,2022-06-15 16:55:00,AGIO
17.815,17.83,17.815,17.83,1500,2022-06-15 17:00:00,AGIO
17.835,17.88,17.82,17.88,14360,2022-06-15 17:05:00,AGIO
17.9,17.95,17.9,17.935,4700,2022-06-15 17:10:00,AGIO
17.92,17.94,17.86,17.905,10296,2022-06-15 17:15:00,AGIO
17.905,17.92,17.89,17.9,1800,2022-06-15 17:20:00,AGIO
17.94,18.0,17.89,18.0,12382,2022-06-15 17:25:00,AGIO
17.96,18.0,17.95,17.99,2420,2022-06-15 17:30:00,AGIO
17.98,18.05,17.97,18.05,2663,2022-06-15 17:35:00,AGIO
18.04,18.07,18.01,18.03,6300,2022-06-15 17:40:00,AGIO
18.03,18.03,17.995,18.01,2783,2022-06-15 17:45:00,AGIO
18.01,18.09,17.94,18.07,8482,2022-06-15 17:50:00,AGIO
18.075,18.26,18.075,18.25,3092,2022-06-15 17:55:00,AGIO
18.21,18.35,18.03,18.06,21134,2022-06-15 18:00:00,AGIO
18.11,18.145,17.9,17.97,12600,2022-06-15 18:05:00,AGIO
18.0,18.13,17.93,18.07,5166,2022-06-15 18:10:00,AGIO
18.09,18.14,18.03,18.125,6785,2022-06-15 18:15:00,AGIO
18.17,18.18,18.03,18.06,6278,2022-06-15 18:20:00,AGIO
18.07,18.18,18.04,18.11,5578,2022-06-15 18:25:00,AGIO
18.1,18.13,17.92,18.02,8404,2022-06-15 18:30:00,AGIO
18.0,18.37,17.99,18.37,8940,2022-06-15 18:35:00,AGIO
18.34,18.72,18.32,18.68,17569,2022-06-15 18:40:00,AGIO
18.67,18.7,18.39,18.42,15677,2022-06-15 18:45:00,AGIO
18.41,18.41,18.11,18.14,3101,2022-06-15 18:50:00,AGIO
18.16,18.235,18.07,18.21,5794,2022-06-15 18:55:00,AGIO
18.21,18.34,18.2,18.29,6882,2022-06-15 19:00:00,AGIO
18.28,18.335,18.215,18.305,4410,2022-06-15 19:05:00,AGIO
18.28,18.335,18.15,18.22,7388,2022-06-15 19:10:00,AGIO
18.21,18.26,18.14,18.25,4917,2022-06-15 19:15:00,AGIO
18.25,18.36,18.25,18.3,12392,2022-06-15 19:20:00,AGIO
18.29,18.33,18.25,18.33,12480,2022-06-15 19:25:00,AGIO
18.33,18.405,18.275,18.35,14214,2022-06-15 19:30:00,AGIO
18.34,18.44,18.24,18.25,25013,2022-06-15 19:35:00,AGIO
18.23,18.264,18.18,18.22,11852,2022-06-15 19:40:00,AGIO
18.2,18.3,18.19,18.27,19902,2022-06-15 19:45:00,AGIO
18.29,18.38,18.22,18.34,15449,2022-06-15 19:50:00,AGIO
18.33,18.37,18.29,18.33,61529,2022-06-15 19:55:00,AGIO
18.33,18.33,18.33,18.33,153216,2022-06-15 20:00:00,AGIO
17.71,18.48,17.71,18.14,5391,2022-06-16 13:30:00,AGIO
17.82,17.98,17.61,17.765,2852,2022-06-16 13:35:00,AGIO
17.631,17.75,17.51,17.6194,5325,2022-06-16 13:40:00,AGIO
17.63,17.67,17.425,17.54,4508,2022-06-16 13:45:00,AGIO
17.4,17.42,17.29,17.32,2959,2022-06-16 13:50:00,AGIO
17.28,17.31,17.15,17.15,2630,2022-06-16 13:55:00,AGIO
17.12,17.25,17.06,17.205,8190,2022-06-16 14:00:00,AGIO
17.195,17.26,17.18,17.24,3801,2022-06-16 14:05:00,AGIO
17.25,17.37,17.22,17.37,2247,2022-06-16 14:10:00,AGIO
17.33,17.4,17.29,17.31,1626,2022-06-16 14:15:00,AGIO
17.26,17.26,17.17,17.19,3121,2022-06-16 14:20:00,AGIO
17.23,17.23,17.09,17.21,3890,2022-06-16 14:25:00,AGIO
17.23,17.23,17.06,17.06,2119,2022-06-16 14:30:00,AGIO
17.09,17.2,17.09,17.18,2986,2022-06-16 14:35:00,AGIO
17.18,17.18,17.05,17.075,1116,2022-06-16 14:40:00,AGIO
17.01,17.05,16.99,17.0,7373,2022-06-16 14:45:00,AGIO
16.99,17.04,16.98,17.01,3292,2022-06-16 14:50:00,AGIO
17.03,17.04,16.985,16.985,1239,2022-06-16 14:55:00,AGIO
17.0,17.01,16.94,16.94,2346,2022-06-16 15:00:00,AGIO
16.95,17.0,16.95,16.96,9180,2022-06-16 15:05:00,AGIO
16.98,17.02,16.98,16.99,2616,2022-06-16 15:10:00,AGIO
16.97,17.05,16.97,17.0,4883,2022-06-16 15:15:00,AGIO
16.96,17.02,16.95,17.0,7031,2022-06-16 15:20:00,AGIO
16.99,17.07,16.99,17.03,9873,2022-06-16 15:25:00,AGIO
17.0229,17.0229,16.95,17.015,3660,2022-06-16 15:30:00,AGIO
17.0,17.095,17.0,17.07,8954,2022-06-16 15:35:00,AGIO
17.09,17.09,16.97,16.97,5267,2022-06-16 15:40:00,AGIO
16.96,16.96,16.85,16.9,15730,2022-06-16 15:45:00,AGIO
16.89,16.89,16.81,16.85,3412,2022-06-16 15:50:00,AGIO
16.85,16.91,16.84,16.91,6197,2022-06-16 15:55:00,AGIO
16.92,16.92,16.86,16.9,2556,2022-06-16 16:00:00,AGIO
16.85,16.85,16.8,16.8,630,2022-06-16 16:05:00,AGIO
16.85,16.87,16.83,16.84,2098,2022-06-16 16:10:00,AGIO
16.84,16.88,16.84,16.84,1130,2022-06-16 16:15:00,AGIO
16.86,16.87,16.83,16.83,3922,2022-06-16 16:20:00,AGIO
16.84,16.85,16.8,16.84,3397,2022-06-16 16:25:00,AGIO
16.83,16.845,16.82,16.845,1020,2022-06-16 16:30:00,AGIO
16.8,16.8,16.75,16.765,1399,2022-06-16 16:35:00,AGIO
16.8,16.86,16.78,16.84,4016,2022-06-16 16:40:00,AGIO
16.845,16.9,16.81,16.885,4362,2022-06-16 16:45:00,AGIO
16.87,16.9,16.81,16.81,1516,2022-06-16 16:50:00,AGIO
16.8,16.82,16.75,16.79,2719,2022-06-16 16:55:00,AGIO
16.785,16.86,16.76,16.76,2630,2022-06-16 17:00:00,AGIO
16.76,16.87,16.76,16.85,4846,2022-06-16 17:05:00,AGIO
16.83,16.87,16.83,16.86,4141,2022-06-16 17:10:00,AGIO
16.85,16.86,16.83,16.83,3303,2022-06-16 17:15:00,AGIO
16.8,16.86,16.78,16.84,15775,2022-06-16 17:20:00,AGIO
16.82,16.93,16.8,16.9,9065,2022-06-16 17:25:00,AGIO
16.88,17.14,16.88,17.125,21964,2022-06-16 17:30:00,AGIO
17.14,17.15,17.04,17.07,29229,2022-06-16 17:35:00,AGIO
17.05,17.065,17.02,17.06,2467,2022-06-16 17:40:00,AGIO
17.04,17.04,16.97,16.97,2300,2022-06-16 17:45:00,AGIO
16.96,17.03,16.95,17.03,3030,2022-06-16 17:50:00,AGIO
17.03,17.03,17.01,17.01,600,2022-06-16 17:55:00,AGIO
17.015,17.07,17.015,17.05,2167,2022-06-16 18:00:00,AGIO
17.0593,17.07,17.04,17.04,2726,2022-06-16 18:05:00,AGIO
17.055,17.055,16.97,17.01,2800,2022-06-16 18:10:00,AGIO
17.0,17.0,16.94,16.98,3570,2022-06-16 18:15:00,AGIO
16.99,17.02,16.98,17.02,1728,2022-06-16 18:20:00,AGIO
17.01,17.03,16.94,16.94,2066,2022-06-16 18:25:00,AGIO
16.97,16.99,16.96,16.98,1673,2022-06-16 18:30:00,AGIO
16.99,16.995,16.96,16.96,2900,2022-06-16 18:35:00,AGIO
16.96,17.0,16.96,16.98,1254,2022-06-16 18:40:00,AGIO
17.01,17.025,16.87,16.87,4113,2022-06-16 18:45:00,AGIO
16.9,16.9,16.87,16.885,2019,2022-06-16 18:50:00,AGIO
16.88,16.92,16.88,16.92,1313,2022-06-16 18:55:00,AGIO
16.95,17.06,16.95,17.06,3361,2022-06-16 19:00:00,AGIO
17.05,17.1,17.0,17.1,6840,2022-06-16 19:05:00,AGIO
17.16,17.17,17.09,17.12,6956,2022-06-16 19:10:00,AGIO
17.11,17.11,17.04,17.085,4037,2022-06-16 19:15:00,AGIO
17.11,17.114,17.06,17.06,4066,2022-06-16 19:20:00,AGIO
17.06,17.12,17.06,17.07,15139,2022-06-16 19:25:00,AGIO
17.065,17.065,16.93,16.93,6000,2022-06-16 19:30:00,AGIO
16.94,17.08,16.92,17.075,7203,2022-06-16 19:35:00,AGIO
17.08,17.1,17.055,17.06,7228,2022-06-16 19:40:00,AGIO
17.05,17.07,16.98,16.995,10453,2022-06-16 19:45:00,AGIO
17.0,17.03,16.945,17.02,24662,2022-06-16 19:50:00,AGIO
17.03,17.17,17.02,17.14,66484,2022-06-16 19:55:00,AGIO
17.14,17.14,17.14,17.14,157403,2022-06-16 20:00:00,AGIO
17.38,17.88,17.38,17.88,50710,2022-06-17 13:30:00,AGIO
17.82,17.89,17.67,17.69,6599,2022-06-17 13:35:00,AGIO
17.705,17.87,17.68,17.695,12923,2022-06-17 13:40:00,AGIO
17.72,17.835,17.71,17.77,7470,2022-06-17 13:45:00,AGIO
17.81,17.97,17.76,17.915,24044,2022-06-17 13:50:00,AGIO
17.91,17.97,17.86,17.95,12009,2022-06-17 13:55:00,AGIO
17.96,17.96,17.85,17.85,3300,2022-06-17 14:00:00,AGIO
17.815,17.84,17.73,17.76,2986,2022-06-17 14:05:00,AGIO
17.785,17.81,17.735,17.76,2160,2022-06-17 14:10:00,AGIO
17.8,17.81,17.64,17.71,8521,2022-06-17 14:15:00,AGIO
17.72,17.72,17.575,17.67,2090,2022-06-17 14:20:00,AGIO
17.7399,17.88,17.69,17.87,4031,2022-06-17 14:25:00,AGIO
17.92,17.98,17.82,17.85,23033,2022-06-17 14:30:00,AGIO
17.83,18.12,17.81,18.12,16897,2022-06-17 14:35:00,AGIO
18.14,18.19,18.11,18.16,6059,2022-06-17 14:40:00,AGIO
18.16,18.22,18.135,18.15,6587,2022-06-17 14:45:00,AGIO
18.13,18.23,18.1,18.205,3414,2022-06-17 14:50:00,AGIO
18.19,18.22,18.05,18.14,41261,2022-06-17 14:55:00,AGIO
18.11,18.205,18.065,18.18,24819,2022-06-17 15:00:00,AGIO
18.18,18.29,18.175,18.28,15915,2022-06-17 15:05:00,AGIO
18.285,18.285,18.09,18.1,10437,2022-06-17 15:10:00,AGIO
18.105,18.18,18.105,18.13,4417,2022-06-17 15:15:00,AGIO
18.155,18.155,18.05,18.06,3466,2022-06-17 15:20:00,AGIO
18.05,18.05,18.0,18.03,2477,2022-06-17 15:25:00,AGIO
18.04,18.16,18.03,18.11,5943,2022-06-17 15:30:00,AGIO
18.08,18.13,18.07,18.095,9330,2022-06-17 15:35:00,AGIO
18.095,18.175,18.065,18.075,8871,2022-06-17 15:40:00,AGIO
18.07,18.18,18.07,18.17,4926,2022-06-17 15:45:00,AGIO
18.18,18.18,18.045,18.12,10917,2022-06-17 15:50:00,AGIO
18.14,18.15,18.065,18.09,3017,2022-06-17 15:55:00,AGIO
18.07,18.08,17.9339,17.99,4491,2022-06-17 16:00:00,AGIO
18.0,18.01,17.88,17.91,6741,2022-06-17 16:05:00,AGIO
17.92,17.955,17.87,17.955,4261,2022-06-17 16:10:00,AGIO
18.0,18.01,17.96,17.96,2000,2022-06-17 16:15:00,AGIO
17.995,18.09,17.995,18.09,1800,2022-06-17 16:20:00,AGIO
18.125,18.16,18.125,18.15,3358,2022-06-17 16:25:00,AGIO
18.15,18.15,18.08,18.13,3710,2022-06-17 16:30:00,AGIO
18.12,18.12,18.04,18.05,10739,2022-06-17 16:35:00,AGIO
18.055,18.23,18.04,18.23,10162,2022-06-17 16:40:00,AGIO
18.23,18.23,18.11,18.15,8000,2022-06-17 16:45:00,AGIO
18.14,18.14,18.05,18.07,2639,2022-06-17 16:50:00,AGIO
18.08,18.11,18.07,18.11,1933,2022-06-17 16:55:00,AGIO
18.12,18.2045,18.12,18.2045,3918,2022-06-17 17:00:00,AGIO
18.2,18.205,18.13,18.15,4551,2022-06-17 17:05:00,AGIO
18.14,18.19,18.125,18.19,2400,2022-06-17 17:10:00,AGIO
18.17,18.22,18.15,18.2112,2567,2022-06-17 17:15:00,AGIO
18.22,18.22,18.15,18.155,2700,2022-06-17 17:20:00,AGIO
18.14,18.14,18.05,18.1,4628,2022-06-17 17:25:00,AGIO
18.1,18.11,18.06,18.1,3678,2022-06-17 17:30:00,AGIO
18.09,18.12,18.01,18.02,1739,2022-06-17 17:35:00,AGIO
18.03,18.065,18.02,18.065,4004,2022-06-17 17:40:00,AGIO
18.065,18.1,18.02,18.04,5110,2022-06-17 17:45:00,AGIO
18.035,18.06,17.935,17.94,2792,2022-06-17 17:50:00,AGIO
17.92,17.96,17.84,17.9,26851,2022-06-17 17:55:00,AGIO
17.92,18.01,17.91,17.98,3577,2022-06-17 18:00:00,AGIO
17.97,17.98,17.85,17.885,6610,2022-06-17 18:05:00,AGIO
17.9,17.91,17.86,17.9,6849,2022-06-17 18:10:00,AGIO
17.91,17.96,17.91,17.935,3070,2022-06-17 18:15:00,AGIO
17.935,17.99,17.83,17.975,21032,2022-06-17 18:20:00,AGIO
17.975,17.99,17.92,17.92,18202,2022-06-17 18:25:00,AGIO
17.91,17.96,17.9,17.96,9741,2022-06-17 18:30:00,AGIO
17.96,18.08,17.95,18.07,5031,2022-06-17 18:35:00,AGIO
18.1,18.1,18.01,18.01,5177,2022-06-17 18:40:00,AGIO
18.02,18.02,17.91,17.96,11327,2022-06-17 18:45:00,AGIO
17.97,18.02,17.95,18.02,1700,2022-06-17 18:50:00,AGIO
18.02,18.07,18.01,18.015,3601,2022-06-17 18:55:00,AGIO
18.02,18.06,17.97,17.97,4281,2022-06-17 19:00:00,AGIO
17.97,18.08,17.965,18.07,32036,2022-06-17 19:05:00,AGIO
18.07,18.1,17.92,17.95,37386,2022-06-17 19:10:00,AGIO
17.93,18.12,17.93,18.085,9988,2022-06-17 19:15:00,AGIO
18.09,18.12,18.0,18.03,32335,2022-06-17 19:20:00,AGIO
18.025,18.06,18.01,18.02,3527,2022-06-17 19:25:00,AGIO
18.03,18.13,18.03,18.11,12897,2022-06-17 19:30:00,AGIO
18.11,18.18,18.09,18.15,14270,2022-06-17 19:35:00,AGIO
18.14,18.18,17.95,17.95,76711,2022-06-17 19:40:00,AGIO
17.96,17.98,17.93,17.95,10503,2022-06-17 19:45:00,AGIO
17.96,18.21,17.81,17.93,113774,2022-06-17 19:50:00,AGIO
17.93,18.02,17.89,17.99,47565,2022-06-17 19:55:00,AGIO
17.97,17.97,17.97,17.97,568970,2022-06-17 20:00:00,AGIO
17.97,17.97,17.97,17.97,7688,2022-06-17 20:20:00,AGIO
17.97,17.97,17.97,17.97,3008,2022-06-17 20:25:00,AGIO
18.36,18.75,18.3367,18.45,55983,2022-06-21 13:30:00,AGIO
18.34,18.48,18.21,18.465,5378,2022-06-21 13:35:00,AGIO
18.44,18.54,18.35,18.37,5319,2022-06-21 13:40:00,AGIO
18.35,18.44,18.15,18.25,2613,2022-06-21 13:45:00,AGIO
18.34,18.55,18.34,18.5,5290,2022-06-21 13:50:00,AGIO
18.465,18.54,18.46,18.54,1899,2022-06-21 13:55:00,AGIO
18.62,18.64,18.5,18.54,6163,2022-06-21 14:00:00,AGIO
18.49,18.57,18.41,18.45,4673,2022-06-21 14:05:00,AGIO
18.41,18.55,18.41,18.52,5000,2022-06-21 14:10:00,AGIO
18.545,18.67,18.51,18.56,7426,2022-06-21 14:15:00,AGIO
18.58,18.63,18.5,18.57,3387,2022-06-21 14:20:00,AGIO
18.5526,18.59,18.45,18.455,3700,2022-06-21 14:25:00,AGIO
18.43,18.51,18.355,18.355,6132,2022-06-21 14:30:00,AGIO
18.37,18.46,18.35,18.42,38244,2022-06-21 14:35:00,AGIO
18.44,18.49,18.405,18.44,16391,2022-06-21 14:40:00,AGIO
18.445,18.53,18.445,18.525,4440,2022-06-21 14:45:00,AGIO
18.58,18.71,18.57,18.68,2301,2022-06-21 14:50:00,AGIO
18.73,18.75,18.65,18.75,3500,2022-06-21 14:55:00,AGIO
18.77,18.77,18.67,18.67,20628,2022-06-21 15:00:00,AGIO
18.7,18.7,18.55,18.55,15961,2022-06-21 15:05:00,AGIO
18.55,18.58,18.42,18.56,24262,2022-06-21 15:10:00,AGIO
18.51,18.54,18.4,18.54,158858,2022-06-21 15:15:00,AGIO
18.525,18.56,18.35,18.35,10167,2022-06-21 15:20:00,AGIO
18.39,18.48,18.39,18.46,4854,2022-06-21 15:25:00,AGIO
18.46,18.47,18.37,18.42,7702,2022-06-21 15:30:00,AGIO
18.415,18.45,18.36,18.36,6915,2022-06-21 15:35:00,AGIO
18.32,18.46,18.32,18.39,3346,2022-06-21 15:40:00,AGIO
18.43,18.46,18.41,18.43,1414,2022-06-21 15:45:00,AGIO
18.45,18.48,18.42,18.42,2500,2022-06-21 15:50:00,AGIO
18.44,18.46,18.41,18.425,3341,2022-06-21 15:55:00,AGIO
18.42,18.44,18.42,18.43,2500,2022-06-21 16:00:00,AGIO
18.43,18.45,18.41,18.43,2000,2022-06-21 16:05:00,AGIO
18.43,18.46,18.41,18.45,6202,2022-06-21 16:10:00,AGIO
18.44,18.45,18.42,18.43,6530,2022-06-21 16:15:00,AGIO
18.41,18.42,18.39,18.42,1400,2022-06-21 16:20:00,AGIO
18.42,18.47,18.4,18.415,7100,2022-06-21 16:25:00,AGIO
18.415,18.46,18.4,18.41,8056,2022-06-21 16:30:00,AGIO
18.4,18.43,18.39,18.4079,8448,2022-06-21 16:35:00,AGIO
18.41,18.47,18.405,18.44,20654,2022-06-21 16:40:00,AGIO
18.445,18.45,18.42,18.4475,9594,2022-06-21 16:45:00,AGIO
18.45,18.45,18.43,18.43,5228,2022-06-21 16:50:00,AGIO
18.42,18.45,18.42,18.45,4800,2022-06-21 16:55:00,AGIO
18.44,18.45,18.36,18.4,6605,2022-06-21 17:00:00,AGIO
18.38,18.42,18.355,18.4,7819,2022-06-21 17:05:00,AGIO
18.4,18.48,18.395,18.46,5081,2022-06-21 17:10:00,AGIO
18.465,18.465,18.38,18.4,7531,2022-06-21 17:15:00,AGIO
18.4,18.45,18.4,18.45,3871,2022-06-21 17:20:00,AGIO
18.45,18.48,18.44,18.445,10097,2022-06-21 17:25:00,AGIO
18.45,18.5,18.41,18.43,56449,2022-06-21 17:30:00,AGIO
18.43,18.46,18.375,18.375,11020,2022-06-21 17:35:00,AGIO
18.36,18.41,18.355,18.39,6675,2022-06-21 17:40:00,AGIO
18.37,18.455,18.37,18.455,122187,2022-06-21 17:45:00,AGIO
18.45,18.49,18.44,18.48,27809,2022-06-21 17:50:00,AGIO
18.49,18.49,18.43,18.47,4722,2022-06-21 17:55:00,AGIO
18.45,18.465,18.36,18.37,7920,2022-06-21 18:00:00,AGIO
18.39,18.39,18.36,18.38,4346,2022-06-21 18:05:00,AGIO
18.38,18.39,18.35,18.35,6422,2022-06-21 18:10:00,AGIO
18.37,18.39,18.36,18.38,3500,2022-06-21 18:15:00,AGIO
18.39,18.41,18.39,18.4,7208,2022-06-21 18:20:00,AGIO
18.4,18.4527,18.39,18.445,5304,2022-06-21 18:25:00,AGIO
18.4484,18.45,18.355,18.39,13905,2022-06-21 18:30:00,AGIO
18.405,18.415,18.33,18.34,10296,2022-06-21 18:35:00,AGIO
18.33,18.35,18.3,18.31,7874,2022-06-21 18:40:00,AGIO
18.3,18.3,18.22,18.24,7571,2022-06-21 18:45:00,AGIO
18.24,18.26,18.23,18.25,6406,2022-06-21 18:50:00,AGIO
18.25,18.29,18.16,18.17,15677,2022-06-21 18:55:00,AGIO
18.165,18.215,18.15,18.17,3635,2022-06-21 19:00:00,AGIO
18.16,18.26,18.16,18.21,4600,2022-06-21 19:05:00,AGIO
18.21,18.26,18.19,18.25,2900,2022-06-21 19:10:00,AGIO
18.27,18.28,18.24,18.28,5680,2022-06-21 19:15:00,AGIO
18.28,18.3,18.22,18.23,5000,2022-06-21 19:20:00,AGIO
18.23,18.3,18.23,18.3,5352,2022-06-21 19:25:00,AGIO
18.29,18.3,18.265,18.27,7292,2022-06-21 19:30:00,AGIO
18.26,18.26,18.155,18.155,6995,2022-06-21 19:35:00,AGIO
18.16,18.235,18.14,18.15,16616,2022-06-21 19:40:00,AGIO
18.14,18.19,18.125,18.13,13314,2022-06-21 19:45:00,AGIO
18.13,18.16,18.045,18.12,29196,2022-06-21 19:50:00,AGIO
18.11,18.14,18.055,18.08,39788,2022-06-21 19:55:00,AGIO
18.09,18.09,18.09,18.09,187815,2022-06-21 20:00:00,AGIO
17.83,18.43,17.83,18.38,7380,2022-06-22 13:30:00,AGIO
18.33,18.43,18.33,18.37,15178,2022-06-22 13:35:00,AGIO
18.37,18.43,18.3,18.33,66526,2022-06-22 13:40:00,AGIO
18.44,18.75,18.43,18.71,4910,2022-06-22 13:45:00,AGIO
18.61,18.68,18.515,18.6,6516,2022-06-22 13:50:00,AGIO
18.58,18.65,18.535,18.61,12140,2022-06-22 13:55:00,AGIO
18.61,18.78,18.52,18.68,37986,2022-06-22 14:00:00,AGIO
18.715,18.9,18.68,18.75,81224,2022-06-22 14:05:00,AGIO
18.75,18.96,18.72,18.89,258784,2022-06-22 14:10:00,AGIO
18.91,18.92,18.81,18.81,17947,2022-06-22 14:15:00,AGIO
18.81,18.95,18.79,18.935,14018,2022-06-22 14:20:00,AGIO
18.92,19.01,18.9,18.935,15185,2022-06-22 14:25:00,AGIO
18.935,19.17,18.935,19.17,7099,2022-06-22 14:30:00,AGIO
19.21,19.21,18.95,19.045,42656,2022-06-22 14:35:00,AGIO
19.04,19.04,18.78,18.845,22579,2022-06-22 14:40:00,AGIO
18.8,18.82,18.675,18.71,3701,2022-06-22 14:45:00,AGIO
18.69,18.73,18.62,18.7,8870,2022-06-22 14:50:00,AGIO
18.67,18.69,18.56,18.56,6092,2022-06-22 14:55:00,AGIO
18.585,18.585,18.46,18.53,6653,2022-06-22 15:00:00,AGIO
18.52,18.56,18.455,18.5,6882,2022-06-22 15:05:00,AGIO
18.515,18.525,18.485,18.49,2590,2022-06-22 15:10:00,AGIO
18.4915,18.64,18.4915,18.62,4568,2022-06-22 15:15:00,AGIO
18.6,18.65,18.585,18.6,7762,2022-06-22 15:20:00,AGIO
18.61,18.65,18.605,18.64,2900,2022-06-22 15:25:00,AGIO
18.635,18.65,18.63,18.635,3988,2022-06-22 15:30:00,AGIO
18.63,18.7,18.63,18.65,4080,2022-06-22 15:35:00,AGIO
18.63,18.63,18.5,18.59,3800,2022-06-22 15:40:00,AGIO
18.54,18.55,18.42,18.51,2331,2022-06-22 15:45:00,AGIO
18.49,18.49,18.4,18.41,1800,2022-06-22 15:50:00,AGIO
18.42,18.425,18.315,18.32,4268,2022-06-22 15:55:00,AGIO
18.33,18.36,18.24,18.27,5650,2022-06-22 16:00:00,AGIO
18.275,18.3242,18.27,18.275,1935,2022-06-22 16:05:00,AGIO
18.27,18.27,18.2,18.21,2000,2022-06-22 16:10:00,AGIO
18.18,18.25,18.18,18.23,2200,2022-06-22 16:15:00,AGIO
18.25,18.39,18.25,18.375,13439,2022-06-22 16:20:00,AGIO
18.385,18.415,18.33,18.415,4085,2022-06-22 16:25:00,AGIO
18.4,18.47,18.4,18.44,3210,2022-06-22 16:30:00,AGIO
18.475,18.475,18.415,18.42,2913,2022-06-22 16:35:00,AGIO
18.44,18.5,18.42,18.485,9345,2022-06-22 16:40:00,AGIO
18.485,18.59,18.47,18.55,4485,2022-06-22 16:45:00,AGIO
18.53,18.585,18.51,18.56,2748,2022-06-22 16:50:00,AGIO
18.56,18.56,18.42,18.445,6310,2022-06-22 16:55:00,AGIO
18.45,18.45,18.34,18.36,3670,2022-06-22 17:00:00,AGIO
18.37,18.41,18.37,18.4,1790,2022-06-22 17:05:00,AGIO
18.405,18.45,18.4,18.45,2974,2022-06-22 17:10:00,AGIO
18.43,18.47,18.42,18.45,1642,2022-06-22 17:15:00,AGIO
18.43,18.45,18.42,18.44,3198,2022-06-22 17:20:00,AGIO
18.46,18.48,18.4,18.4,3612,2022-06-22 17:25:00,AGIO
18.38,18.4,18.38,18.38,1914,2022-06-22 17:30:00,AGIO
18.37,18.405,18.335,18.375,2917,2022-06-22 17:35:00,AGIO
18.39,18.42,18.39,18.41,3293,2022-06-22 17:40:00,AGIO
18.405,18.44,18.4,18.415,4494,2022-06-22 17:45:00,AGIO
18.415,18.445,18.38,18.4,8049,2022-06-22 17:50:00,AGIO
18.41,18.41,18.39,18.4,2800,2022-06-22 17:55:00,AGIO
18.4,18.46,18.4,18.445,5246,2022-06-22 18:00:00,AGIO
18.43,18.43,18.39,18.4,11515,2022-06-22 18:05:00,AGIO
18.39,18.39,18.32,18.3508,9227,2022-06-22 18:10:00,AGIO
18.375,18.38,18.31,18.33,30194,2022-06-22 18:15:00,AGIO
18.365,18.39,18.285,18.34,59802,2022-06-22 18:20:00,AGIO
18.34,18.46,18.34,18.46,32536,2022-06-22 18:25:00,AGIO
18.48,18.585,18.47,18.58,12816,2022-06-22 18:30:00,AGIO
18.59,18.62,18.49,18.53,17432,2022-06-22 18:35:00,AGIO
18.54,18.57,18.48,18.53,8308,2022-06-22 18:40:00,AGIO
18.52,18.58,18.485,18.49,6624,2022-06-22 18:45:00,AGIO
18.49,18.53,18.46,18.49,9509,2022-06-22 18:50:00,AGIO
18.51,18.55,18.51,18.54,7561,2022-06-22 18:55:00,AGIO
18.54,18.63,18.51,18.615,3781,2022-06-22 19:00:00,AGIO
18.63,18.68,18.45,18.45,51904,2022-06-22 19:05:00,AGIO
18.46,18.75,18.46,18.73,865763,2022-06-22 19:10:00,AGIO
18.64,18.795,18.5,18.76,86745,2022-06-22 19:15:00,AGIO
18.76,18.8,18.59,18.595,15944,2022-06-22 19:20:00,AGIO
18.6,18.6,18.46,18.5,9266,2022-06-22 19:25:00,AGIO
18.5,18.57,18.5,18.51,5980,2022-06-22 19:30:00,AGIO
18.51,18.52,18.45,18.52,6502,2022-06-22 19:35:00,AGIO
18.5,18.5,18.441,18.48,6775,2022-06-22 19:40:00,AGIO
18.475,18.49,18.4699,18.48,6481,2022-06-22 19:45:00,AGIO
18.47,18.56,18.44,18.53,26154,2022-06-22 19:50:00,AGIO
18.56,18.61,18.515,18.58,80688,2022-06-22 19:55:00,AGIO
18.6,18.6,18.6,18.6,123053,2022-06-22 20:00:00,AGIO
18.6,18.6,18.6,18.6,293,2022-06-22 20:05:00,AGIO
18.72,19.0781,18.72,19.0781,6704,2022-06-23 13:30:00,AGIO
18.96,19.06,18.88,18.98,9932,2022-06-23 13:35:00,AGIO
18.885,18.98,18.83,18.83,2542,2022-06-23 13:40:00,AGIO
18.77,18.79,18.65,18.69,33426,2022-06-23 13:45:00,AGIO
18.72,18.72,18.6,18.67,3300,2022-06-23 13:50:00,AGIO
18.77,18.92,18.74,18.91,6377,2022-06-23 13:55:00,AGIO
18.905,19.06,18.905,19.0,4676,2022-06-23 14:00:00,AGIO
19.025,19.13,19.0,19.02,3857,2022-06-23 14:05:00,AGIO
19.05,19.17,18.95,19.155,3440,2022-06-23 14:10:00,AGIO
19.15,19.16,19.11,19.16,5042,2022-06-23 14:15:00,AGIO
19.19,19.2,19.15,19.17,13971,2022-06-23 14:20:00,AGIO
19.16,19.17,19.06,19.12,21992,2022-06-23 14:25:00,AGIO
19.15,19.15,19.055,19.115,3847,2022-06-23 14:30:00,AGIO
19.135,19.29,19.12,19.255,3196,2022-06-23 14:35:00,AGIO
19.26,19.315,19.24,19.315,2826,2022-06-23 14:40:00,AGIO
19.3,19.36,19.27,19.33,3839,2022-06-23 14:45:00,AGIO
19.34,19.42,19.34,19.42,704,2022-06-23 14:50:00,AGIO
19.47,19.53,19.47,19.49,6408,2022-06-23 14:55:00,AGIO
19.51,19.51,19.41,19.41,6057,2022-06-23 15:00:00,AGIO
19.41,19.54,19.41,19.515,4768,2022-06-23 15:05:00,AGIO
19.52,19.67,19.52,19.63,4609,2022-06-23 15:10:00,AGIO
19.61,19.71,19.605,19.7,5180,2022-06-23 15:15:00,AGIO
19.7,19.74,19.68,19.74,3706,2022-06-23 15:20:00,AGIO
19.75,19.75,19.7,19.74,5969,2022-06-23 15:25:00,AGIO
19.75,19.84,19.75,19.84,28171,2022-06-23 15:30:00,AGIO
19.84,19.85,19.79,19.81,13429,2022-06-23 15:35:00,AGIO
19.81,19.85,19.78,19.835,6206,2022-06-23 15:40:00,AGIO
19.85,19.85,19.82,19.84,2604,2022-06-23 15:45:00,AGIO
19.85,19.91,19.85,19.851,8918,2022-06-23 15:50:00,AGIO
19.85,19.93,19.84,19.895,3247,2022-06-23 15:55:00,AGIO
19.89,19.9,19.77,19.79,5613,2022-06-23 16:00:00,AGIO
19.79,19.88,19.78,19.85,5146,2022-06-23 16:05:00,AGIO
19.855,19.855,19.7774,19.81,3309,2022-06-23 16:10:00,AGIO
19.82,19.97,19.82,19.96,6525,2022-06-23 16:15:00,AGIO
19.97,19.99,19.94,19.96,7284,2022-06-23 16:20:00,AGIO
19.97,20.005,19.9,19.95,7186,2022-06-23 16:25:00,AGIO
19.93,19.97,19.92,19.95,1362,2022-06-23 16:30:00,AGIO
19.96,19.96,19.87,19.87,2468,2022-06-23 16:35:00,AGIO
19.905,19.995,19.89,19.995,2980,2022-06-23 16:40:00,AGIO
19.99,20.08,19.96,20.06,3207,2022-06-23 16:45:00,AGIO
20.05,20.05,20.0,20.045,1401,2022-06-23 16:50:00,AGIO
20.045,20.08,20.02,20.02,4111,2022-06-23 16:55:00,AGIO
20.025,20.025,19.93,19.98,4446,2022-06-23 17:00:00,AGIO
19.99,20.09,19.99,20.09,2455,2022-06-23 17:05:00,AGIO
20.095,20.17,20.095,20.16,2913,2022-06-23 17:10:00,AGIO
20.18,20.25,20.17,20.25,3219,2022-06-23 17:15:00,AGIO
20.2682,20.29,20.21,20.29,4885,2022-06-23 17:20:00,AGIO
20.285,20.31,20.275,20.31,3001,2022-06-23 17:25:00,AGIO
20.3599,20.3599,20.3,20.32,1416,2022-06-23 17:30:00,AGIO
20.32,20.4,20.32,20.385,2463,2022-06-23 17:35:00,AGIO
20.4,20.42,20.35,20.395,1600,2022-06-23 17:40:00,AGIO
20.4,20.44,20.38,20.42,2514,2022-06-23 17:45:00,AGIO
20.43,20.5,20.42,20.48,6843,2022-06-23 17:50:00,AGIO
20.495,20.495,20.41,20.46,4636,2022-06-23 17:55:00,AGIO
20.45,20.55,20.45,20.55,4000,2022-06-23 18:00:00,AGIO
20.52,20.62,20.52,20.62,2957,2022-06-23 18:05:00,AGIO
20.635,20.68,20.59,20.68,2609,2022-06-23 18:10:00,AGIO
20.665,20.69,20.63,20.645,2034,2022-06-23 18:15:00,AGIO
20.67,20.75,20.65,20.74,4200,2022-06-23 18:20:00,AGIO
20.76,20.76,20.69,20.72,1689,2022-06-23 18:25:00,AGIO
20.73,20.88,20.72,20.88,9419,2022-06-23 18:30:00,AGIO
20.9,20.97,20.89,20.9,5243,2022-06-23 18:35:00,AGIO
20.9,20.94,20.88,20.94,2218,2022-06-23 18:40:00,AGIO
20.95,20.975,20.9,20.935,4400,2022-06-23 18:45:00,AGIO
20.97,21.02,20.95,21.02,3450,2022-06-23 18:50:00,AGIO
21.01,21.01,20.94,21.0,4839,2022-06-23 18:55:00,AGIO
21.01,21.08,20.995,21.08,4700,2022-06-23 19:00:00,AGIO
21.08,21.1,21.05,21.09,6430,2022-06-23 19:05:00,AGIO
21.085,21.085,20.99,20.995,8290,2022-06-23 19:10:00,AGIO
20.98,20.98,20.89,20.91,4101,2022-06-23 19:15:00,AGIO
20.88,20.895,20.835,20.85,5938,2022-06-23 19:20:00,AGIO
20.825,20.97,20.825,20.94,7242,2022-06-23 19:25:00,AGIO
20.96,21.07,20.95,21.07,7300,2022-06-23 19:30:00,AGIO
21.09,21.09,20.96,20.97,7953,2022-06-23 19:35:00,AGIO
20.965,21.12,20.96,21.1,21580,2022-06-23 19:40:00,AGIO
21.09,21.24,21.09,21.24,16077,2022-06-23 19:45:00,AGIO
21.25,21.315,21.22,21.315,24665,2022-06-23 19:50:00,AGIO
21.32,21.35,21.26,21.28,60559,2022-06-23 19:55:00,AGIO
21.28,21.28,21.28,21.28,164209,2022-06-23 20:00:00,AGIO
20.5,20.5,20.5,20.5,200,2022-06-23 22:25:00,AGIO
21.99,21.99,21.99,21.99,200,2022-06-24 12:50:00,AGIO
22.32,22.32,22.32,22.32,100,2022-06-24 13:20:00,AGIO
21.6,21.82,21.51,21.66,22738,2022-06-24 13:30:00,AGIO
21.68,21.75,21.5,21.58,7000,2022-06-24 13:35:00,AGIO
21.49,21.65,21.4,21.65,7607,2022-06-24 13:40:00,AGIO
21.7,21.73,21.43,21.49,1207,2022-06-24 13:45:00,AGIO
21.47,21.75,21.46,21.75,5528,2022-06-24 13:50:00,AGIO
21.66,21.84,21.58,21.81,13051,2022-06-24 13:55:00,AGIO
21.85,21.98,21.77,21.905,8479,2022-06-24 14:00:00,AGIO
21.945,22.08,21.905,22.08,4388,2022-06-24 14:05:00,AGIO
22.04,22.09,21.97,22.08,6488,2022-06-24 14:10:00,AGIO
22.08,22.13,21.95,22.12,6795,2022-06-24 14:15:00,AGIO
22.15,22.18,22.09,22.09,3239,2022-06-24 14:20:00,AGIO
22.07,22.09,22.01,22.06,12912,2022-06-24 14:25:00,AGIO
22.09,22.11,22.01,22.08,4664,2022-06-24 14:30:00,AGIO
22.12,22.12,21.97,21.995,11231,2022-06-24 14:35:00,AGIO
22.02,22.04,21.985,21.99,8067,2022-06-24 14:40:00,AGIO
21.94,22.0,21.94,21.98,1386,2022-06-24 14:45:00,AGIO
21.93,21.94,21.83,21.83,2136,2022-06-24 14:50:00,AGIO
21.72,21.81,21.6,21.6,9189,2022-06-24 14:55:00,AGIO
21.61,21.66,21.47,21.49,5709,2022-06-24 15:00:00,AGIO
21.495,21.495,21.42,21.43,3835,2022-06-24 15:05:00,AGIO
21.43,21.47,21.195,21.195,16989,2022-06-24 15:10:00,AGIO
21.13,21.185,21.05,21.15,3215,2022-06-24 15:15:00,AGIO
21.175,21.175,21.06,21.06,34002,2022-06-24 15:20:00,AGIO
21.12,21.24,21.1,21.24,6475,2022-06-24 15:25:00,AGIO
21.29,21.37,21.23,21.35,2865,2022-06-24 15:30:00,AGIO
21.31,21.31,21.21,21.235,4694,2022-06-24 15:35:00,AGIO
21.23,21.25,21.17,21.23,14330,2022-06-24 15:40:00,AGIO
21.24,21.38,21.2,21.34,13517,2022-06-24 15:45:00,AGIO
21.325,21.37,21.28,21.37,2501,2022-06-24 15:50:00,AGIO
21.42,21.56,21.42,21.56,7995,2022-06-24 15:55:00,AGIO
21.57,21.61,21.54,21.59,4560,2022-06-24 16:00:00,AGIO
21.57,21.62,21.56,21.62,2800,2022-06-24 16:05:00,AGIO
21.65,21.7,21.64,21.7,8937,2022-06-24 16:10:00,AGIO
21.7,21.7588,21.62,21.62,10046,2022-06-24 16:15:00,AGIO
21.6,21.62,21.53,21.62,3396,2022-06-24 16:20:00,AGIO
21.65,21.7,21.62,21.7,5149,2022-06-24 16:25:00,AGIO
21.71,21.75,21.6,21.63,7719,2022-06-24 16:30:00,AGIO
21.59,21.665,21.57,21.63,8493,2022-06-24 16:35:00,AGIO
21.65,21.68,21.635,21.67,4380,2022-06-24 16:40:00,AGIO
21.65,21.65,21.5,21.52,2229,2022-06-24 16:45:00,AGIO
21.55,21.6,21.545,21.545,3558,2022-06-24 16:50:00,AGIO
21.56,21.58,21.55,21.56,2141,2022-06-24 16:55:00,AGIO
21.575,21.575,21.48,21.5,3988,2022-06-24 17:00:00,AGIO
21.5,21.5,21.45,21.5,2000,2022-06-24 17:05:00,AGIO
21.53,21.58,21.53,21.53,2300,2022-06-24 17:10:00,AGIO
21.52,21.6,21.52,21.58,1300,2022-06-24 17:15:00,AGIO
21.59,21.65,21.56,21.64,2396,2022-06-24 17:20:00,AGIO
21.66,21.7,21.65,21.65,2537,2022-06-24 17:25:00,AGIO
21.65,21.66,21.615,21.63,1519,2022-06-24 17:30:00,AGIO
21.62,21.69,21.59,21.69,3096,2022-06-24 17:35:00,AGIO
21.69,21.74,21.63,21.73,8613,2022-06-24 17:40:00,AGIO
21.7,21.73,21.7,21.71,700,2022-06-24 17:45:00,AGIO
21.715,21.77,21.685,21.77,7595,2022-06-24 17:50:00,AGIO
21.765,21.79,21.75,21.75,4641,2022-06-24 17:55:00,AGIO
21.79,21.81,21.79,21.81,400,2022-06-24 18:00:00,AGIO
21.82,21.85,21.77,21.8,5600,2022-06-24 18:05:00,AGIO
21.81,21.87,21.79,21.799,4696,2022-06-24 18:10:00,AGIO
21.785,21.81,21.785,21.81,1582,2022-06-24 18:15:00,AGIO
21.83,21.84,21.765,21.8,10823,2022-06-24 18:20:00,AGIO
21.83,21.83,21.74,21.78,2700,2022-06-24 18:25:00,AGIO
21.8,21.85,21.8,21.85,1925,2022-06-24 18:30:00,AGIO
21.84,21.88,21.83,21.88,2429,2022-06-24 18:35:00,AGIO
21.88,21.91,21.88,21.91,1800,2022-06-24 18:40:00,AGIO
21.905,21.91,21.89,21.89,2294,2022-06-24 18:45:00,AGIO
21.91,21.95,21.89,21.95,4598,2022-06-24 18:50:00,AGIO
21.96,22.1,21.96,22.08,14390,2022-06-24 18:55:00,AGIO
22.09,22.09,22.0,22.0,1835,2022-06-24 19:00:00,AGIO
21.99,22.08,21.94,22.075,6565,2022-06-24 19:05:00,AGIO
22.06,22.2,22.04,22.19,13129,2022-06-24 19:10:00,AGIO
22.19,22.25,22.18,22.24,12672,2022-06-24 19:15:00,AGIO
22.24,22.24,22.21,22.23,16664,2022-06-24 19:20:00,AGIO
22.24,22.39,22.23,22.37,15470,2022-06-24 19:25:00,AGIO
22.37,22.46,22.37,22.455,13290,2022-06-24 19:30:00,AGIO
22.47,22.51,22.45,22.49,19892,2022-06-24 19:35:00,AGIO
22.49,22.56,22.47,22.54,23475,2022-06-24 19:40:00,AGIO
22.54,22.555,22.36,22.38,34477,2022-06-24 19:45:00,AGIO
22.39,22.61,22.39,22.57,43787,2022-06-24 19:50:00,AGIO
22.58,22.59,22.48,22.58,126798,2022-06-24 19:55:00,AGIO
22.57,22.57,22.57,22.57,435482,2022-06-24 20:00:00,AGIO
22.57,22.57,22.57,22.57,300,2022-06-24 20:10:00,AGIO
22.35,22.35,22.35,22.35,400,2022-06-24 21:15:00,AGIO
22.2,22.2,22.2,22.2,300,2022-06-24 22:30:00,AGIO
22.2,22.2,22.2,22.2,300,2022-06-24 22:35:00,AGIO
22.32,22.66,22.27,22.37,9323,2022-06-27 13:30:00,AGIO
22.35,22.55,22.32,22.55,5791,2022-06-27 13:35:00,AGIO
22.53,22.53,22.22,22.35,23814,2022-06-27 13:40:00,AGIO
22.35,22.4,22.28,22.31,17726,2022-06-27 13:45:00,AGIO
22.31,22.54,22.27,22.54,6808,2022-06-27 13:50:00,AGIO
22.51,22.6,22.38,22.38,4026,2022-06-27 13:55:00,AGIO
22.43,22.56,22.43,22.56,2796,2022-06-27 14:00:00,AGIO
22.57,22.675,22.57,22.6,7977,2022-06-27 14:05:00,AGIO
22.64,22.64,22.5,22.5,1263,2022-06-27 14:10:00,AGIO
22.44,22.54,22.44,22.53,4400,2022-06-27 14:15:00,AGIO
22.52,22.54,22.48,22.51,6044,2022-06-27 14:20:00,AGIO
22.48,22.5,22.37,22.405,13065,2022-06-27 14:25:00,AGIO
22.42,22.68,22.42,22.68,2600,2022-06-27 14:30:00,AGIO
22.71,22.81,22.67,22.77,10590,2022-06-27 14:35:00,AGIO
22.795,22.82,22.705,22.82,3128,2022-06-27 14:40:00,AGIO
22.805,22.89,22.75,22.79,3311,2022-06-27 14:45:00,AGIO
22.79,22.96,22.79,22.96,2031,2022-06-27 14:50:00,AGIO
22.93,22.97,22.91,22.92,2895,2022-06-27 14:55:00,AGIO
22.94,22.96,22.88,22.92,4119,2022-06-27 15:00:00,AGIO
22.9,23.0,22.895,22.91,3678,2022-06-27 15:05:00,AGIO
22.92,22.95,22.84,22.85,3000,2022-06-27 15:10:00,AGIO
22.86,22.89,22.81,22.87,3368,2022-06-27 15:15:00,AGIO
22.89,22.98,22.88,22.97,1848,2022-06-27 15:20:00,AGIO
22.98,23.07,22.93,22.98,5294,2022-06-27 15:25:00,AGIO
23.0,23.0,22.92,22.965,900,2022-06-27 15:30:00,AGIO
22.96,22.965,22.93,22.965,1910,2022-06-27 15:35:00,AGIO
22.96,23.02,22.95,22.97,2756,2022-06-27 15:40:00,AGIO
22.98,22.98,22.92,22.98,4120,2022-06-27 15:45:00,AGIO
22.965,22.965,22.85,22.85,9033,2022-06-27 15:50:00,AGIO
22.85,22.895,22.81,22.815,10789,2022-06-27 15:55:00,AGIO
22.78,22.78,22.62,22.66,4455,2022-06-27 16:00:00,AGIO
22.69,22.76,22.68,22.75,7754,2022-06-27 16:05:00,AGIO
22.73,22.81,22.72,22.785,3100,2022-06-27 16:10:00,AGIO
22.74,22.76,22.7,22.76,3881,2022-06-27 16:15:00,AGIO
22.76,22.8,22.74,22.77,8119,2022-06-27 16:20:00,AGIO
22.77,22.79,22.66,22.66,7712,2022-06-27 16:25:00,AGIO
22.66,22.76,22.65,22.76,2533,2022-06-27 16:30:00,AGIO
22.75,22.8,22.75,22.79,1700,2022-06-27 16:35:00,AGIO
22.76,22.82,22.75,22.78,2450,2022-06-27 16:40:00,AGIO
22.8,22.855,22.79,22.85,1800,2022-06-27 16:45:00,AGIO
22.89,22.94,22.89,22.931,1778,2022-06-27 16:50:00,AGIO
22.93,22.94,22.88,22.92,1400,2022-06-27 16:55:00,AGIO
22.94,22.94,22.86,22.94,1944,2022-06-27 17:00:00,AGIO
22.95,23.0,22.94,22.98,1475,2022-06-27 17:05:00,AGIO
23.0,23.085,23.0,23.085,1428,2022-06-27 17:10:00,AGIO
23.1,23.1,23.05,23.09,3668,2022-06-27 17:15:00,AGIO
23.07,23.155,23.05,23.155,3793,2022-06-27 17:20:00,AGIO
23.14,23.2,23.1,23.2,2346,2022-06-27 17:25:00,AGIO
23.21,23.21,23.13,23.2,3707,2022-06-27 17:30:00,AGIO
23.19,23.26,23.18,23.25,2927,2022-06-27 17:35:00,AGIO
23.26,23.28,23.2,23.215,4359,2022-06-27 17:40:00,AGIO
23.23,23.28,23.2,23.28,1537,2022-06-27 17:45:00,AGIO
23.27,23.3,23.23,23.23,2190,2022-06-27 17:50:00,AGIO
23.22,23.26,23.18,23.24,3132,2022-06-27 17:55:00,AGIO
23.25,23.31,23.24,23.28,3791,2022-06-27 18:00:00,AGIO
23.3,23.32,23.27,23.27,2733,2022-06-27 18:05:00,AGIO
23.34,23.37,23.32,23.34,2000,2022-06-27 18:10:00,AGIO
23.345,23.39,23.26,23.39,4525,2022-06-27 18:15:00,AGIO
23.37,23.42,23.36,23.38,1804,2022-06-27 18:20:00,AGIO
23.35,23.38,23.29,23.38,3049,2022-06-27 18:25:00,AGIO
23.36,23.415,23.35,23.4,2193,2022-06-27 18:30:00,AGIO
23.38,23.4,23.36,23.39,3536,2022-06-27 18:35:00,AGIO
23.405,23.43,23.38,23.42,1462,2022-06-27 18:40:00,AGIO
23.41,23.53,23.41,23.52,6336,2022-06-27 18:45:00,AGIO
23.52,23.54,23.47,23.48,2755,2022-06-27 18:50:00,AGIO
23.46,23.49,23.43,23.465,5085,2022-06-27 18:55:00,AGIO
23.47,23.47,23.3,23.37,4550,2022-06-27 19:00:00,AGIO
23.355,23.42,23.34,23.42,2763,2022-06-27 19:05:00,AGIO
23.42,23.44,23.4,23.42,2051,2022-06-27 19:10:00,AGIO
23.45,23.48,23.42,23.44,2761,2022-06-27 19:15:00,AGIO
23.43,23.43,23.31,23.31,4571,2022-06-27 19:20:00,AGIO
23.32,23.33,23.23,23.24,7706,2022-06-27 19:25:00,AGIO
23.25,23.31,23.24,23.25,5151,2022-06-27 19:30:00,AGIO
23.24,23.24,23.03,23.03,5807,2022-06-27 19:35:00,AGIO
23.04,23.18,23.04,23.18,7865,2022-06-27 19:40:00,AGIO
23.17,23.21,23.13,23.14,8231,2022-06-27 19:45:00,AGIO
23.15,23.15,23.05,23.07,18194,2022-06-27 19:50:00,AGIO
23.08,23.2,23.06,23.16,35081,2022-06-27 19:55:00,AGIO
23.15,23.15,23.15,23.15,124357,2022-06-27 20:00:00,AGIO
23.03,23.51,22.78,23.16,8336,2022-06-28 13:30:00,AGIO
23.05,23.32,23.02,23.235,3038,2022-06-28 13:35:00,AGIO
23.24,23.24,23.01,23.19,2703,2022-06-28 13:40:00,AGIO
23.17,23.29,23.1,23.2,2400,2022-06-28 13:45:00,AGIO
23.32,23.34,23.19,23.25,8042,2022-06-28 13:50:00,AGIO
23.22,23.22,23.0004,23.09,5807,2022-06-28 13:55:00,AGIO
23.04,23.19,23.0,23.08,6241,2022-06-28 14:00:00,AGIO
23.0,23.115,23.0,23.035,4458,2022-06-28 14:05:00,AGIO
23.06,23.26,23.06,23.26,800,2022-06-28 14:10:00,AGIO
23.25,23.29,23.19,23.22,1400,2022-06-28 14:15:00,AGIO
23.19,23.2,23.12,23.15,2200,2022-06-28 14:20:00,AGIO
23.19,23.23,23.19,23.2,1051,2022-06-28 14:25:00,AGIO
23.17,23.24,23.04,23.22,2600,2022-06-28 14:30:00,AGIO
23.22,23.26,23.12,23.15,4104,2022-06-28 14:35:00,AGIO
23.125,23.125,23.0,23.0489,4823,2022-06-28 14:40:00,AGIO
23.04,23.08,22.99,23.04,5246,2022-06-28 14:45:00,AGIO
23.05,23.06,22.98,23.02,6144,2022-06-28 14:50:00,AGIO
23.02,23.1,23.02,23.1,1300,2022-06-28 14:55:00,AGIO
23.09,23.18,23.09,23.15,2275,2022-06-28 15:00:00,AGIO
23.11,23.11,23.06,23.08,1425,2022-06-28 15:05:00,AGIO
23.04,23.29,23.02,23.29,13625,2022-06-28 15:10:00,AGIO
23.28,23.28,23.03,23.03,3531,2022-06-28 15:15:00,AGIO
23.06,23.08,23.0,23.0305,3538,2022-06-28 15:20:00,AGIO
23.0215,23.0215,22.945,22.965,18319,2022-06-28 15:25:00,AGIO
22.95,23.0,22.92,22.99,3600,2022-06-28 15:30:00,AGIO
22.86,22.86,22.75,22.79,800,2022-06-28 15:35:00,AGIO
22.75,22.86,22.73,22.83,7113,2022-06-28 15:40:00,AGIO
22.825,22.869,22.82,22.869,3103,2022-06-28 15:45:00,AGIO
22.86,22.89,22.82,22.85,1790,2022-06-28 15:50:00,AGIO
22.83,22.89,22.825,22.87,2400,2022-06-28 15:55:00,AGIO
22.87,22.87,22.79,22.84,5737,2022-06-28 16:00:00,AGIO
22.85,22.92,22.85,22.92,2100,2022-06-28 16:05:00,AGIO
22.935,22.975,22.91,22.95,7037,2022-06-28 16:10:00,AGIO
22.89,22.89,22.81,22.87,4049,2022-06-28 16:15:00,AGIO
22.89,22.9,22.87,22.89,1782,2022-06-28 16:20:00,AGIO
22.89,22.92,22.89,22.9,1727,2022-06-28 16:25:00,AGIO
22.91,22.91,22.85,22.85,1600,2022-06-28 16:30:00,AGIO
22.83,22.925,22.82,22.925,3600,2022-06-28 16:35:00,AGIO
22.97,23.04,22.97,23.03,1900,2022-06-28 16:40:00,AGIO
23.045,23.045,23.0,23.015,1342,2022-06-28 16:45:00,AGIO
23.03,23.05,22.97,22.97,2546,2022-06-28 16:50:00,AGIO
22.91,22.96,22.834,22.88,5441,2022-06-28 16:55:00,AGIO
22.88,22.925,22.81,22.87,5892,2022-06-28 17:00:00,AGIO
22.865,22.865,22.8,22.83,4716,2022-06-28 17:05:00,AGIO
22.83,22.87,22.79,22.81,6987,2022-06-28 17:10:00,AGIO
22.81,22.825,22.75,22.75,4250,2022-06-28 17:15:00,AGIO
22.75,22.79,22.74,22.77,4464,2022-06-28 17:20:00,AGIO
22.76,22.77,22.72,22.75,3842,2022-06-28 17:25:00,AGIO
22.74,22.79,22.735,22.76,3868,2022-06-28 17:30:00,AGIO
22.73,22.76,22.62,22.635,16761,2022-06-28 17:35:00,AGIO
22.635,22.725,22.63,22.72,2535,2022-06-28 17:40:00,AGIO
22.72,22.81,22.71,22.73,2631,2022-06-28 17:45:00,AGIO
22.755,22.755,22.68,22.7,3561,2022-06-28 17:50:00,AGIO
22.7,22.7,22.57,22.645,5454,2022-06-28 17:55:00,AGIO
22.63,22.74,22.63,22.65,5783,2022-06-28 18:00:00,AGIO
22.65,22.67,22.59,22.59,2611,2022-06-28 18:05:00,AGIO
22.61,22.69,22.605,22.66,3709,2022-06-28 18:10:00,AGIO
22.675,22.7,22.675,22.68,2200,2022-06-28 18:15:00,AGIO
22.66,22.73,22.65,22.71,3300,2022-06-28 18:20:00,AGIO
22.73,22.78,22.72,22.78,1990,2022-06-28 18:25:00,AGIO
22.785,22.85,22.77,22.82,3823,2022-06-28 18:30:00,AGIO
22.82,22.82,22.75,22.76,4084,2022-06-28 18:35:00,AGIO
22.76,22.78,22.7175,22.765,2992,2022-06-28 18:40:00,AGIO
22.77,22.84,22.77,22.84,4300,2022-06-28 18:45:00,AGIO
22.83,22.88,22.82,22.87,2700,2022-06-28 18:50:00,AGIO
22.865,22.87,22.8,22.86,4377,2022-06-28 18:55:00,AGIO
22.855,22.91,22.855,22.86,4143,2022-06-28 19:00:00,AGIO
22.84,22.88,22.785,22.88,8223,2022-06-28 19:05:00,AGIO
22.885,23.0,22.88,22.99,5622,2022-06-28 19:10:00,AGIO
22.995,23.02,22.975,23.0,10960,2022-06-28 19:15:00,AGIO
23.0,23.065,22.98,23.05,5100,2022-06-28 19:20:00,AGIO
23.05,23.07,23.01,23.01,6880,2022-06-28 19:25:00,AGIO
23.01,23.015,22.9,22.92,8380,2022-06-28 19:30:00,AGIO
22.93,22.96,22.92,22.92,8314,2022-06-28 19:35:00,AGIO
22.93,22.93,22.82,22.84,9881,2022-06-28 19:40:00,AGIO
22.85,22.89,22.82,22.84,16204,2022-06-28 19:45:00,AGIO
22.845,22.845,22.69,22.69,20737,2022-06-28 19:50:00,AGIO
22.7,22.7,22.58,22.61,74877,2022-06-28 19:55:00,AGIO
22.61,22.61,22.61,22.61,175526,2022-06-28 20:00:00,AGIO
22.61,22.61,22.61,22.61,698,2022-06-28 20:05:00,AGIO
22.47,22.47,22.47,22.47,100,2022-06-29 13:25:00,AGIO
22.43,22.43,22.37,22.37,5762,2022-06-29 13:30:00,AGIO
22.265,22.275,22.0,22.0,12745,2022-06-29 13:35:00,AGIO
22.03,22.18,21.9,21.98,12286,2022-06-29 13:40:00,AGIO
21.95,22.06,21.93,22.01,900,2022-06-29 13:45:00,AGIO
22.25,22.375,22.24,22.34,2408,2022-06-29 13:50:00,AGIO
22.36,22.37,22.29,22.33,1969,2022-06-29 13:55:00,AGIO
22.34,22.49,22.28,22.44,1600,2022-06-29 14:00:00,AGIO
22.4,22.51,22.33,22.51,2900,2022-06-29 14:05:00,AGIO
22.54,22.54,22.44,22.45,2828,2022-06-29 14:10:00,AGIO
22.41,22.41,22.3,22.31,1700,2022-06-29 14:15:00,AGIO
22.35,22.39,22.3,22.39,1500,2022-06-29 14:20:00,AGIO
22.395,22.47,22.395,22.47,1100,2022-06-29 14:25:00,AGIO
22.48,22.49,22.35,22.36,2300,2022-06-29 14:30:00,AGIO
22.33,22.33,22.29,22.29,520,2022-06-29 14:35:00,AGIO
22.23,22.34,22.23,22.34,1200,2022-06-29 14:40:00,AGIO
22.45,22.45,22.37,22.395,1456,2022-06-29 14:45:00,AGIO
22.43,22.48,22.41,22.45,2821,2022-06-29 14:50:00,AGIO
22.43,22.43,22.29,22.31,1201,2022-06-29 14:55:00,AGIO
22.315,22.32,22.26,22.26,1600,2022-06-29 15:00:00,AGIO
22.28,22.28,22.225,22.26,2554,2022-06-29 15:05:00,AGIO
22.28,22.29,22.24,22.24,2700,2022-06-29 15:10:00,AGIO
22.27,22.3,22.27,22.27,1000,2022-06-29 15:15:00,AGIO
22.27,22.365,22.27,22.36,1108,2022-06-29 15:20:00,AGIO
22.39,22.48,22.39,22.44,1739,2022-06-29 15:25:00,AGIO
22.43,22.53,22.425,22.53,300,2022-06-29 15:30:00,AGIO
22.57,22.59,22.52,22.59,2400,2022-06-29 15:35:00,AGIO
22.545,22.57,22.53,22.53,1692,2022-06-29 15:40:00,AGIO
22.51,22.53,22.47,22.49,1738,2022-06-29 15:45:00,AGIO
22.51,22.61,22.5,22.61,1400,2022-06-29 15:50:00,AGIO
22.59,22.61,22.55,22.55,900,2022-06-29 15:55:00,AGIO
22.53,22.53,22.48,22.48,1955,2022-06-29 16:00:00,AGIO
22.47,22.47,22.43,22.46,2212,2022-06-29 16:05:00,AGIO
22.45,22.45,22.3,22.39,2000,2022-06-29 16:10:00,AGIO
22.41,22.49,22.4,22.49,1400,2022-06-29 16:15:00,AGIO
22.51,22.51,22.415,22.42,2347,2022-06-29 16:20:00,AGIO
22.405,22.43,22.3758,22.42,2667,2022-06-29 16:25:00,AGIO
22.48,22.48,22.45,22.48,1472,2022-06-29 16:30:00,AGIO
22.48,22.59,22.48,22.55,2340,2022-06-29 16:35:00,AGIO
22.525,22.525,22.525,22.525,100,2022-06-29 16:40:00,AGIO
22.58,22.59,22.515,22.54,3119,2022-06-29 16:45:00,AGIO
22.53,22.55,22.51,22.53,1594,2022-06-29 16:50:00,AGIO
22.51,22.64,22.51,22.64,900,2022-06-29 16:55:00,AGIO
22.61,22.675,22.61,22.675,2124,2022-06-29 17:00:00,AGIO
22.66,22.69,22.62,22.67,2205,2022-06-29 17:05:00,AGIO
22.68,22.69,22.545,22.56,1920,2022-06-29 17:10:00,AGIO
22.565,22.58,22.55,22.565,900,2022-06-29 17:15:00,AGIO
22.565,22.61,22.54,22.58,2226,2022-06-29 17:20:00,AGIO
22.61,22.69,22.605,22.64,2000,2022-06-29 17:25:00,AGIO
22.645,22.66,22.63,22.66,900,2022-06-29 17:30:00,AGIO
22.67,22.71,22.67,22.71,600,2022-06-29 17:35:00,AGIO
22.68,22.72,22.67,22.69,2119,2022-06-29 17:40:00,AGIO
22.71,22.72,22.63,22.63,2100,2022-06-29 17:45:00,AGIO
22.66,22.66,22.62,22.65,2695,2022-06-29 17:50:00,AGIO
22.68,22.74,22.67,22.7,1300,2022-06-29 17:55:00,AGIO
22.68,22.72,22.65,22.705,1800,2022-06-29 18:00:00,AGIO
22.7,22.755,22.69,22.69,1843,2022-06-29 18:05:00,AGIO
22.7,22.82,22.69,22.79,2800,2022-06-29 18:10:00,AGIO
22.78,22.85,22.76,22.79,2646,2022-06-29 18:15:00,AGIO
22.75,22.7775,22.73,22.77,3467,2022-06-29 18:20:00,AGIO
22.765,22.8046,22.75,22.8,1100,2022-06-29 18:25:00,AGIO
22.74,22.77,22.72,22.75,3038,2022-06-29 18:30:00,AGIO
22.75,22.79,22.75,22.76,1724,2022-06-29 18:35:00,AGIO
22.77,22.82,22.76,22.82,2300,2022-06-29 18:40:00,AGIO
22.82,22.85,22.81,22.81,3205,2022-06-29 18:45:00,AGIO
22.83,22.84,22.8,22.8,1742,2022-06-29 18:50:00,AGIO
22.8,22.8,22.67,22.695,1524,2022-06-29 18:55:00,AGIO
22.625,22.63,22.565,22.59,2400,2022-06-29 19:00:00,AGIO
22.59,22.61,22.57,22.58,3142,2022-06-29 19:05:00,AGIO
22.56,22.56,22.52,22.56,1600,2022-06-29 19:10:00,AGIO
22.565,22.59,22.55,22.55,2115,2022-06-29 19:15:00,AGIO
22.56,22.605,22.555,22.5645,2804,2022-06-29 19:20:00,AGIO
22.55,22.63,22.55,22.59,5950,2022-06-29 19:25:00,AGIO
22.58,22.58,22.455,22.48,3646,2022-06-29 19:30:00,AGIO
22.46,22.46,22.32,22.32,4266,2022-06-29 19:35:00,AGIO
22.32,22.4,22.32,22.36,5897,2022-06-29 19:40:00,AGIO
22.37,22.37,22.28,22.29,9201,2022-06-29 19:45:00,AGIO
22.34,22.36,22.19,22.26,29353,2022-06-29 19:50:00,AGIO
22.27,22.39,22.27,22.38,53734,2022-06-29 19:55:00,AGIO
22.38,22.38,22.38,22.38,85613,2022-06-29 20:00:00,AGIO
22.38,22.38,22.38,22.38,5172,2022-06-29 20:05:00,AGIO
