open,high,low,close,volume,datetime,symbol
19.76,19.76,19.76,19.76,317,2022-06-01 13:30:00,BSCR
19.75,19.76,19.75,19.76,3865,2022-06-01 13:35:00,BSCR
19.7609,19.768,19.7609,19.768,1897,2022-06-01 13:40:00,BSCR
19.78,19.78,19.78,19.78,154,2022-06-01 13:45:00,BSCR
19.79,19.79,19.79,19.79,1262,2022-06-01 13:55:00,BSCR
19.77,19.77,19.7267,19.7391,1105,2022-06-01 14:00:00,BSCR
19.7031,19.7031,19.7031,19.7031,152,2022-06-01 14:05:00,BSCR
19.6935,19.6935,19.6935,19.6935,746,2022-06-01 14:10:00,BSCR
19.685,19.6897,19.68,19.68,1535,2022-06-01 14:20:00,BSCR
19.6843,19.6843,19.6843,19.6843,398,2022-06-01 14:25:00,BSCR
19.68,19.68,19.68,19.68,300,2022-06-01 14:30:00,BSCR
19.66,19.6688,19.6563,19.6688,2175,2022-06-01 14:35:00,BSCR
19.67,19.67,19.67,19.67,101,2022-06-01 14:45:00,BSCR
19.66,19.66,19.66,19.66,570,2022-06-01 14:55:00,BSCR
19.66,19.6616,19.66,19.66,1000,2022-06-01 15:05:00,BSCR
19.6689,19.6692,19.6601,19.6601,9302,2022-06-01 15:15:00,BSCR
19.6452,19.6452,19.6452,19.6452,227,2022-06-01 15:20:00,BSCR
19.6375,19.6375,19.6375,19.6375,287,2022-06-01 15:25:00,BSCR
19.64,19.64,19.64,19.64,98469,2022-06-01 15:30:00,BSCR
19.635,19.65,19.635,19.65,1760,2022-06-01 15:45:00,BSCR
19.63,19.6307,19.63,19.6307,200,2022-06-01 16:00:00,BSCR
19.6495,19.65,19.6463,19.6463,806,2022-06-01 16:20:00,BSCR
19.64,19.64,19.64,19.64,851,2022-06-01 16:25:00,BSCR
19.64,19.64,19.64,19.64,100,2022-06-01 16:30:00,BSCR
19.6349,19.6349,19.6349,19.6349,1512,2022-06-01 16:45:00,BSCR
19.63,19.63,19.63,19.63,800,2022-06-01 16:50:00,BSCR
19.64,19.64,19.64,19.64,1000,2022-06-01 17:00:00,BSCR
19.65,19.65,19.65,19.65,1983,2022-06-01 17:15:00,BSCR
19.65,19.65,19.65,19.65,144,2022-06-01 17:20:00,BSCR
19.645,19.6475,19.645,19.6475,388,2022-06-01 17:25:00,BSCR
19.65,19.65,19.65,19.65,100,2022-06-01 17:35:00,BSCR
19.65,19.65,19.65,19.65,2500,2022-06-01 18:15:00,BSCR
19.6516,19.6516,19.6516,19.6516,402,2022-06-01 18:20:00,BSCR
19.66,19.66,19.66,19.66,800,2022-06-01 18:25:00,BSCR
19.65,19.65,19.64,19.65,3400,2022-06-01 18:30:00,BSCR
19.65,19.6594,19.65,19.6594,2731,2022-06-01 18:35:00,BSCR
19.66,19.66,19.66,19.66,255,2022-06-01 18:45:00,BSCR
19.65,19.65,19.65,19.65,1000,2022-06-01 18:50:00,BSCR
19.65,19.6527,19.65,19.6527,1106,2022-06-01 19:05:00,BSCR
19.66,19.66,19.66,19.66,100,2022-06-01 19:15:00,BSCR
19.6597,19.6597,19.655,19.655,867,2022-06-01 19:20:00,BSCR
19.66,19.66,19.6599,19.6599,750,2022-06-01 19:30:00,BSCR
19.66,19.67,19.66,19.6617,1700,2022-06-01 19:35:00,BSCR
19.67,19.67,19.66,19.66,1062,2022-06-01 19:40:00,BSCR
19.65,19.65,19.65,19.65,102,2022-06-01 19:45:00,BSCR
19.655,19.655,19.655,19.655,200,2022-06-01 19:55:00,BSCR
19.65,19.65,19.65,19.65,312,2022-06-01 20:00:00,BSCR
19.65,19.65,19.65,19.65,1900,2022-06-02 13:45:00,BSCR
19.64,19.64,19.64,19.64,8500,2022-06-02 13:55:00,BSCR
19.63,19.64,19.63,19.64,3861,2022-06-02 14:00:00,BSCR
19.63,19.63,19.63,19.63,13625,2022-06-02 14:05:00,BSCR
19.6364,19.6364,19.6364,19.6364,179,2022-06-02 14:10:00,BSCR
19.625,19.625,19.625,19.625,1701,2022-06-02 14:20:00,BSCR
19.63,19.63,19.625,19.625,2953,2022-06-02 14:25:00,BSCR
19.6464,19.65,19.6464,19.65,201,2022-06-02 14:35:00,BSCR
19.675,19.675,19.675,19.675,282,2022-06-02 15:10:00,BSCR
19.66,19.66,19.66,19.66,3057,2022-06-02 15:25:00,BSCR
19.66,19.66,19.66,19.66,58157,2022-06-02 15:35:00,BSCR
19.66,19.66,19.66,19.66,16231,2022-06-02 15:45:00,BSCR
19.67,19.67,19.66,19.66,14100,2022-06-02 15:55:00,BSCR
19.66,19.67,19.66,19.6666,2727,2022-06-02 16:05:00,BSCR
19.67,19.67,19.665,19.665,489,2022-06-02 16:15:00,BSCR
19.67,19.67,19.67,19.67,800,2022-06-02 16:20:00,BSCR
19.67,19.67,19.67,19.67,5400,2022-06-02 16:25:00,BSCR
19.6736,19.6736,19.6736,19.6736,762,2022-06-02 16:30:00,BSCR
19.6774,19.6774,19.6774,19.6774,300,2022-06-02 16:50:00,BSCR
19.67,19.67,19.67,19.67,101,2022-06-02 17:00:00,BSCR
19.6799,19.68,19.6777,19.6777,2152,2022-06-02 17:10:00,BSCR
19.675,19.675,19.675,19.675,200,2022-06-02 17:20:00,BSCR
19.68,19.68,19.68,19.68,400,2022-06-02 18:00:00,BSCR
19.68,19.68,19.68,19.68,100,2022-06-02 18:10:00,BSCR
19.6899,19.6899,19.6899,19.6899,200,2022-06-02 18:15:00,BSCR
19.68,19.69,19.68,19.685,4272,2022-06-02 18:35:00,BSCR
19.6899,19.6899,19.6899,19.6899,300,2022-06-02 18:45:00,BSCR
19.6834,19.6834,19.6834,19.6834,160,2022-06-02 18:50:00,BSCR
19.675,19.675,19.675,19.675,500,2022-06-02 19:00:00,BSCR
19.675,19.675,19.675,19.675,2028,2022-06-02 19:05:00,BSCR
19.6749,19.6749,19.6749,19.6749,905,2022-06-02 19:10:00,BSCR
19.67,19.675,19.67,19.6709,3118,2022-06-02 19:15:00,BSCR
19.675,19.68,19.67,19.675,1101,2022-06-02 19:20:00,BSCR
19.68,19.68,19.675,19.68,5000,2022-06-02 19:25:00,BSCR
19.687,19.69,19.68,19.69,3175,2022-06-02 19:30:00,BSCR
19.69,19.69,19.68,19.69,1247,2022-06-02 19:35:00,BSCR
19.69,19.69,19.68,19.685,5120,2022-06-02 19:40:00,BSCR
19.69,19.695,19.68,19.695,23415,2022-06-02 19:45:00,BSCR
19.695,19.7,19.69,19.7,4553,2022-06-02 19:50:00,BSCR
19.695,19.695,19.695,19.695,34957,2022-06-02 19:55:00,BSCR
19.68,19.68,19.68,19.68,328,2022-06-02 20:00:00,BSCR
19.62,19.62,19.6126,19.6126,1171,2022-06-03 13:30:00,BSCR
19.612,19.63,19.612,19.63,1599,2022-06-03 13:50:00,BSCR
19.62,19.62,19.62,19.62,11000,2022-06-03 13:55:00,BSCR
19.635,19.635,19.635,19.635,243,2022-06-03 14:00:00,BSCR
19.63,19.63,19.63,19.63,6000,2022-06-03 14:15:00,BSCR
19.64,19.64,19.64,19.64,5191,2022-06-03 14:25:00,BSCR
19.65,19.65,19.65,19.65,3003,2022-06-03 14:30:00,BSCR
19.639,19.64,19.6334,19.6334,624,2022-06-03 14:35:00,BSCR
19.64,19.64,19.64,19.64,100,2022-06-03 14:40:00,BSCR
19.639,19.64,19.638,19.638,846,2022-06-03 14:50:00,BSCR
19.639,19.64,19.63,19.64,2119,2022-06-03 15:10:00,BSCR
19.63,19.63,19.63,19.63,100,2022-06-03 15:20:00,BSCR
19.6151,19.6151,19.6151,19.6151,733,2022-06-03 15:25:00,BSCR
19.63,19.63,19.6276,19.6276,600,2022-06-03 15:30:00,BSCR
19.6279,19.6279,19.6279,19.6279,101,2022-06-03 15:35:00,BSCR
19.63,19.63,19.63,19.63,100,2022-06-03 15:40:00,BSCR
19.62,19.62,19.62,19.62,1000,2022-06-03 15:50:00,BSCR
19.63,19.63,19.6299,19.6299,1590,2022-06-03 15:55:00,BSCR
19.6172,19.6172,19.6172,19.6172,776,2022-06-03 16:00:00,BSCR
19.6158,19.62,19.6158,19.62,385,2022-06-03 16:05:00,BSCR
19.629,19.63,19.629,19.6299,600,2022-06-03 16:10:00,BSCR
19.63,19.63,19.63,19.63,100,2022-06-03 16:15:00,BSCR
19.61,19.63,19.61,19.63,400,2022-06-03 16:20:00,BSCR
19.628,19.63,19.628,19.63,477,2022-06-03 16:35:00,BSCR
19.64,19.64,19.635,19.635,200,2022-06-03 16:40:00,BSCR
19.63,19.6334,19.63,19.6332,1056,2022-06-03 16:50:00,BSCR
19.639,19.64,19.639,19.6399,800,2022-06-03 16:55:00,BSCR
19.635,19.64,19.635,19.64,760,2022-06-03 17:00:00,BSCR
19.64,19.64,19.6398,19.6398,7412,2022-06-03 17:05:00,BSCR
19.635,19.635,19.635,19.635,100,2022-06-03 17:15:00,BSCR
19.635,19.65,19.635,19.65,200,2022-06-03 17:20:00,BSCR
19.64,19.64,19.64,19.64,100,2022-06-03 17:35:00,BSCR
19.635,19.635,19.635,19.635,100,2022-06-03 17:40:00,BSCR
19.6318,19.635,19.6318,19.635,1039,2022-06-03 18:00:00,BSCR
19.635,19.635,19.635,19.635,200,2022-06-03 18:20:00,BSCR
19.635,19.635,19.635,19.635,3110,2022-06-03 18:35:00,BSCR
19.63,19.635,19.63,19.63,3917,2022-06-03 18:40:00,BSCR
19.635,19.635,19.635,19.635,100,2022-06-03 18:45:00,BSCR
19.635,19.6399,19.635,19.6399,5081,2022-06-03 18:50:00,BSCR
19.6354,19.6354,19.6354,19.6354,1846,2022-06-03 18:55:00,BSCR
19.635,19.635,19.635,19.635,100,2022-06-03 19:00:00,BSCR
19.635,19.635,19.635,19.635,1600,2022-06-03 19:05:00,BSCR
19.635,19.635,19.635,19.635,1000,2022-06-03 19:15:00,BSCR
19.635,19.635,19.635,19.635,284,2022-06-03 19:25:00,BSCR
19.64,19.645,19.635,19.645,1050,2022-06-03 19:30:00,BSCR
19.6499,19.6499,19.6443,19.645,10267,2022-06-03 19:35:00,BSCR
19.645,19.645,19.645,19.645,100,2022-06-03 19:40:00,BSCR
19.645,19.645,19.645,19.645,100,2022-06-03 19:50:00,BSCR
19.645,19.645,19.645,19.645,100,2022-06-03 19:55:00,BSCR
19.65,19.65,19.65,19.65,139,2022-06-03 20:00:00,BSCR
19.63,19.63,19.63,19.63,400,2022-06-06 13:30:00,BSCR
19.612,19.612,19.612,19.612,1789,2022-06-06 13:35:00,BSCR
19.619,19.62,19.615,19.615,2626,2022-06-06 13:40:00,BSCR
19.6,19.6,19.6,19.6,100,2022-06-06 13:50:00,BSCR
19.595,19.6,19.595,19.6,482,2022-06-06 14:20:00,BSCR
19.599,19.599,19.59,19.59,637,2022-06-06 14:35:00,BSCR
19.585,19.59,19.585,19.59,1005,2022-06-06 14:45:00,BSCR
19.5999,19.5999,19.5999,19.5999,5103,2022-06-06 14:50:00,BSCR
19.5914,19.5914,19.5914,19.5914,209,2022-06-06 15:05:00,BSCR
19.57,19.57,19.56,19.56,1563,2022-06-06 15:25:00,BSCR
19.575,19.575,19.575,19.575,1277,2022-06-06 15:40:00,BSCR
19.59,19.59,19.59,19.59,190,2022-06-06 15:45:00,BSCR
19.58,19.58,19.58,19.58,700,2022-06-06 16:10:00,BSCR
19.5844,19.5844,19.5844,19.5844,500,2022-06-06 16:20:00,BSCR
19.575,19.575,19.575,19.575,3830,2022-06-06 16:25:00,BSCR
19.575,19.575,19.575,19.575,752,2022-06-06 16:30:00,BSCR
19.575,19.575,19.575,19.575,882,2022-06-06 16:40:00,BSCR
19.57,19.59,19.57,19.59,3419,2022-06-06 16:50:00,BSCR
19.5776,19.5776,19.5776,19.5776,256,2022-06-06 17:00:00,BSCR
19.571,19.571,19.571,19.571,2150,2022-06-06 17:20:00,BSCR
19.5728,19.5728,19.5728,19.5728,263,2022-06-06 17:25:00,BSCR
19.5783,19.5783,19.5783,19.5783,392,2022-06-06 17:35:00,BSCR
19.5701,19.5701,19.5701,19.5701,412,2022-06-06 18:35:00,BSCR
19.58,19.58,19.57,19.57,1134,2022-06-06 18:40:00,BSCR
19.5764,19.5764,19.5764,19.5764,285,2022-06-06 18:45:00,BSCR
19.58,19.58,19.58,19.58,641,2022-06-06 18:50:00,BSCR
19.59,19.59,19.59,19.59,665,2022-06-06 19:00:00,BSCR
19.5761,19.5761,19.5761,19.5761,261,2022-06-06 19:05:00,BSCR
19.579,19.579,19.579,19.579,134,2022-06-06 19:15:00,BSCR
19.579,19.58,19.579,19.5799,1050,2022-06-06 19:25:00,BSCR
19.57,19.58,19.57,19.57,2133,2022-06-06 19:35:00,BSCR
19.59,19.59,19.59,19.59,1306,2022-06-07 13:30:00,BSCR
19.6,19.6,19.5995,19.5995,559,2022-06-07 13:55:00,BSCR
19.62,19.62,19.62,19.62,299,2022-06-07 14:05:00,BSCR
19.605,19.605,19.605,19.605,900,2022-06-07 14:10:00,BSCR
19.6087,19.6087,19.6087,19.6087,835,2022-06-07 14:20:00,BSCR
19.6233,19.6233,19.6233,19.6233,486,2022-06-07 14:40:00,BSCR
19.631,19.631,19.631,19.631,115,2022-06-07 15:00:00,BSCR
19.63,19.63,19.625,19.6294,5806,2022-06-07 15:05:00,BSCR
19.63,19.63,19.6263,19.6263,844,2022-06-07 15:10:00,BSCR
19.63,19.64,19.63,19.64,9712,2022-06-07 15:20:00,BSCR
19.6376,19.6376,19.6376,19.6376,800,2022-06-07 15:25:00,BSCR
19.615,19.615,19.6101,19.6101,500,2022-06-07 15:45:00,BSCR
19.625,19.625,19.625,19.625,500,2022-06-07 16:10:00,BSCR
19.62,19.6236,19.62,19.6236,900,2022-06-07 16:15:00,BSCR
19.629,19.629,19.629,19.629,510,2022-06-07 16:20:00,BSCR
19.6293,19.6293,19.6293,19.6293,366,2022-06-07 16:35:00,BSCR
19.625,19.625,19.625,19.625,800,2022-06-07 16:55:00,BSCR
19.625,19.625,19.625,19.625,1111,2022-06-07 17:05:00,BSCR
19.625,19.625,19.625,19.625,2750,2022-06-07 17:15:00,BSCR
19.62,19.62,19.62,19.62,100,2022-06-07 17:30:00,BSCR
19.62,19.62,19.62,19.62,1718,2022-06-07 18:25:00,BSCR
19.625,19.625,19.625,19.625,123,2022-06-07 18:30:00,BSCR
19.63,19.63,19.62,19.62,1189,2022-06-07 18:35:00,BSCR
19.6192,19.6192,19.6192,19.6192,1681,2022-06-07 18:50:00,BSCR
19.6132,19.6132,19.61,19.61,711,2022-06-07 19:05:00,BSCR
19.61,19.61,19.61,19.61,408,2022-06-07 19:10:00,BSCR
19.62,19.62,19.6059,19.6059,9327,2022-06-07 19:30:00,BSCR
19.6169,19.62,19.6107,19.6107,6500,2022-06-07 19:40:00,BSCR
19.615,19.615,19.61,19.61,1400,2022-06-07 19:45:00,BSCR
19.625,19.625,19.62,19.62,3426,2022-06-07 19:55:00,BSCR
19.62,19.62,19.62,19.62,300,2022-06-07 20:00:00,BSCR
19.58,19.58,19.58,19.58,101,2022-06-08 13:30:00,BSCR
19.5778,19.5778,19.5778,19.5778,650,2022-06-08 13:40:00,BSCR
19.572,19.572,19.572,19.572,1131,2022-06-08 13:45:00,BSCR
19.585,19.585,19.585,19.585,589,2022-06-08 13:50:00,BSCR
19.5999,19.6,19.5977,19.5977,3600,2022-06-08 14:15:00,BSCR
19.6,19.6,19.6,19.6,127,2022-06-08 14:20:00,BSCR
19.6038,19.6038,19.6038,19.6038,132,2022-06-08 14:25:00,BSCR
19.605,19.6083,19.605,19.6083,2856,2022-06-08 14:30:00,BSCR
19.605,19.605,19.605,19.605,400,2022-06-08 14:40:00,BSCR
19.61,19.61,19.6034,19.6034,215,2022-06-08 14:45:00,BSCR
19.609,19.609,19.609,19.609,344,2022-06-08 15:05:00,BSCR
19.6,19.6,19.6,19.6,450,2022-06-08 15:10:00,BSCR
19.6099,19.6099,19.6099,19.6099,200,2022-06-08 15:15:00,BSCR
19.612,19.612,19.612,19.612,125,2022-06-08 15:25:00,BSCR
19.62,19.62,19.616,19.616,2088,2022-06-08 15:30:00,BSCR
19.6199,19.6199,19.6199,19.6199,5030,2022-06-08 15:35:00,BSCR
19.61,19.61,19.61,19.61,404,2022-06-08 15:40:00,BSCR
19.61,19.61,19.609,19.61,9719,2022-06-08 15:45:00,BSCR
19.603,19.603,19.603,19.603,204,2022-06-08 16:05:00,BSCR
19.609,19.61,19.609,19.61,380,2022-06-08 16:10:00,BSCR
19.6084,19.6084,19.6084,19.6084,164,2022-06-08 16:15:00,BSCR
19.6,19.6,19.5982,19.5982,931,2022-06-08 16:20:00,BSCR
19.59,19.5999,19.59,19.5999,2026,2022-06-08 16:40:00,BSCR
19.589,19.59,19.585,19.59,790,2022-06-08 17:15:00,BSCR
19.6,19.6,19.6,19.6,378,2022-06-08 17:35:00,BSCR
19.595,19.595,19.595,19.595,479,2022-06-08 17:55:00,BSCR
19.5961,19.5961,19.5961,19.5961,875,2022-06-08 18:00:00,BSCR
19.5971,19.5971,19.5971,19.5971,1551,2022-06-08 18:05:00,BSCR
19.5999,19.6,19.5966,19.5966,3360,2022-06-08 18:10:00,BSCR
19.595,19.5999,19.595,19.5999,5648,2022-06-08 18:30:00,BSCR
19.599,19.6,19.59,19.6,2757,2022-06-08 18:35:00,BSCR
19.595,19.5966,19.59,19.5966,4010,2022-06-08 19:10:00,BSCR
19.5962,19.5992,19.5962,19.5992,1885,2022-06-08 19:15:00,BSCR
19.6,19.6,19.59,19.595,3616,2022-06-08 19:20:00,BSCR
19.5979,19.6,19.59,19.59,2978,2022-06-08 19:25:00,BSCR
19.5973,19.5973,19.5973,19.5973,276,2022-06-08 19:35:00,BSCR
19.595,19.6,19.595,19.595,2403,2022-06-08 19:40:00,BSCR
19.595,19.595,19.595,19.595,900,2022-06-08 19:45:00,BSCR
19.595,19.595,19.595,19.595,1400,2022-06-08 19:50:00,BSCR
19.595,19.595,19.58,19.585,4246,2022-06-08 19:55:00,BSCR
19.57,19.57,19.57,19.57,300,2022-06-08 20:00:00,BSCR
19.54,19.56,19.54,19.56,384,2022-06-09 13:30:00,BSCR
19.5494,19.5494,19.548,19.548,1008,2022-06-09 13:35:00,BSCR
19.5407,19.5412,19.54,19.54,400,2022-06-09 13:55:00,BSCR
19.5475,19.5475,19.5475,19.5475,375,2022-06-09 14:00:00,BSCR
19.54,19.54,19.54,19.54,279,2022-06-09 14:05:00,BSCR
19.54,19.54,19.54,19.54,525,2022-06-09 14:10:00,BSCR
19.5419,19.5499,19.5419,19.5499,4845,2022-06-09 14:15:00,BSCR
19.5499,19.5499,19.545,19.545,3655,2022-06-09 14:20:00,BSCR
19.5486,19.5486,19.5486,19.5486,1029,2022-06-09 14:25:00,BSCR
19.54,19.54,19.515,19.515,1900,2022-06-09 14:50:00,BSCR
19.51,19.51,19.5094,19.5094,18659,2022-06-09 15:05:00,BSCR
19.51,19.51,19.506,19.506,3252,2022-06-09 15:10:00,BSCR
19.519,19.519,19.513,19.513,2833,2022-06-09 15:20:00,BSCR
19.515,19.515,19.515,19.515,201,2022-06-09 15:30:00,BSCR
19.5206,19.525,19.5206,19.525,586,2022-06-09 15:45:00,BSCR
19.52,19.52,19.52,19.52,747,2022-06-09 15:50:00,BSCR
19.528,19.528,19.525,19.525,2253,2022-06-09 15:55:00,BSCR
19.5233,19.5233,19.5233,19.5233,719,2022-06-09 16:00:00,BSCR
19.525,19.525,19.525,19.525,500,2022-06-09 16:05:00,BSCR
19.5201,19.5201,19.5201,19.5201,3600,2022-06-09 16:25:00,BSCR
19.525,19.525,19.525,19.525,455,2022-06-09 16:45:00,BSCR
19.54,19.54,19.52,19.525,1821,2022-06-09 17:00:00,BSCR
19.5254,19.5254,19.5254,19.5254,352,2022-06-09 17:35:00,BSCR
19.53,19.54,19.53,19.538,3805,2022-06-09 18:10:00,BSCR
19.5322,19.5322,19.5322,19.5322,455,2022-06-09 18:25:00,BSCR
19.525,19.53,19.525,19.53,1244,2022-06-09 18:35:00,BSCR
19.525,19.525,19.525,19.525,1857,2022-06-09 18:50:00,BSCR
19.5299,19.5299,19.5299,19.5299,3321,2022-06-09 18:55:00,BSCR
19.52,19.52,19.52,19.52,100,2022-06-09 19:05:00,BSCR
19.52,19.52,19.52,19.52,1106,2022-06-09 19:25:00,BSCR
19.4899,19.49,19.4899,19.49,10240,2022-06-09 19:40:00,BSCR
19.485,19.49,19.485,19.49,543,2022-06-09 19:45:00,BSCR
19.49,19.49,19.49,19.49,100,2022-06-09 19:50:00,BSCR
19.4899,19.49,19.485,19.485,800,2022-06-09 19:55:00,BSCR
19.49,19.49,19.49,19.49,300,2022-06-09 20:00:00,BSCR
19.41,19.41,19.41,19.41,3698,2022-06-10 13:30:00,BSCR
19.3751,19.3751,19.3751,19.3751,964,2022-06-10 14:05:00,BSCR
19.375,19.3794,19.375,19.3794,1100,2022-06-10 14:10:00,BSCR
19.3718,19.3718,19.3718,19.3718,395,2022-06-10 14:15:00,BSCR
19.3794,19.3794,19.3794,19.3794,185,2022-06-10 14:30:00,BSCR
19.378,19.378,19.3748,19.3748,541,2022-06-10 14:35:00,BSCR
19.3701,19.3778,19.3701,19.3778,751,2022-06-10 14:40:00,BSCR
19.3765,19.3765,19.37,19.37,244,2022-06-10 14:45:00,BSCR
19.375,19.38,19.3749,19.38,579,2022-06-10 14:50:00,BSCR
19.375,19.375,19.375,19.375,700,2022-06-10 14:55:00,BSCR
19.37,19.37,19.37,19.37,1041,2022-06-10 15:00:00,BSCR
19.3328,19.3328,19.3328,19.3328,765,2022-06-10 15:05:00,BSCR
19.3323,19.3323,19.3323,19.3323,600,2022-06-10 15:15:00,BSCR
19.348,19.348,19.3446,19.3446,1251,2022-06-10 15:25:00,BSCR
19.345,19.349,19.345,19.349,3111,2022-06-10 15:40:00,BSCR
19.34,19.34,19.34,19.34,100,2022-06-10 15:45:00,BSCR
19.345,19.345,19.345,19.345,227,2022-06-10 15:50:00,BSCR
19.35,19.35,19.35,19.35,700,2022-06-10 15:55:00,BSCR
19.3431,19.3431,19.34,19.34,2192,2022-06-10 16:05:00,BSCR
19.34,19.34,19.335,19.335,2900,2022-06-10 16:10:00,BSCR
19.3335,19.3335,19.33,19.33,1700,2022-06-10 16:15:00,BSCR
19.325,19.325,19.3,19.3,1000,2022-06-10 16:20:00,BSCR
19.295,19.295,19.295,19.295,411,2022-06-10 16:45:00,BSCR
19.3,19.3,19.3,19.3,1011,2022-06-10 16:50:00,BSCR
19.3,19.305,19.3,19.305,333,2022-06-10 16:55:00,BSCR
19.305,19.305,19.305,19.305,1295,2022-06-10 17:10:00,BSCR
19.3099,19.31,19.3045,19.31,784,2022-06-10 17:15:00,BSCR
19.315,19.315,19.315,19.315,669,2022-06-10 17:40:00,BSCR
19.3207,19.3207,19.3207,19.3207,230,2022-06-10 17:50:00,BSCR
19.3254,19.3254,19.3254,19.3254,797,2022-06-10 18:05:00,BSCR
19.3201,19.3201,19.3201,19.3201,193,2022-06-10 18:15:00,BSCR
19.3255,19.33,19.32,19.325,817,2022-06-10 18:25:00,BSCR
19.335,19.34,19.3347,19.3347,5551,2022-06-10 18:35:00,BSCR
19.335,19.3383,19.335,19.335,1510,2022-06-10 18:40:00,BSCR
19.3371,19.3371,19.3371,19.3371,310,2022-06-10 18:45:00,BSCR
19.3369,19.3369,19.332,19.332,1000,2022-06-10 18:55:00,BSCR
19.33,19.33,19.33,19.33,100,2022-06-10 19:00:00,BSCR
19.335,19.34,19.331,19.335,8590,2022-06-10 19:25:00,BSCR
19.335,19.335,19.335,19.335,100,2022-06-10 19:30:00,BSCR
19.34,19.34,19.3364,19.34,2141,2022-06-10 19:35:00,BSCR
19.35,19.35,19.345,19.35,1200,2022-06-10 19:40:00,BSCR
19.35,19.35,19.3425,19.345,1577,2022-06-10 19:45:00,BSCR
19.345,19.3484,19.34,19.34,4240,2022-06-10 19:50:00,BSCR
19.345,19.35,19.34,19.345,4137,2022-06-10 19:55:00,BSCR
19.35,19.35,19.35,19.35,300,2022-06-10 20:00:00,BSCR
19.09,19.22,19.09,19.12,9907,2022-06-13 13:30:00,BSCR
19.1299,19.13,19.12,19.129,1473,2022-06-13 13:35:00,BSCR
19.13,19.13,19.12,19.12,3948,2022-06-13 13:40:00,BSCR
19.14,19.14,19.135,19.135,3629,2022-06-13 13:45:00,BSCR
19.138,19.138,19.138,19.138,243,2022-06-13 13:50:00,BSCR
19.15,19.15,19.11,19.11,1273,2022-06-13 13:55:00,BSCR
19.13,19.14,19.13,19.14,300,2022-06-13 14:00:00,BSCR
19.125,19.125,19.12,19.12,200,2022-06-13 14:05:00,BSCR
19.12,19.12,19.093,19.095,2806,2022-06-13 14:10:00,BSCR
19.0948,19.0981,19.0948,19.095,2200,2022-06-13 14:15:00,BSCR
19.11,19.11,19.095,19.1001,2020,2022-06-13 14:20:00,BSCR
19.105,19.12,19.105,19.12,499,2022-06-13 14:25:00,BSCR
19.115,19.115,19.115,19.115,200,2022-06-13 14:30:00,BSCR
19.115,19.12,19.115,19.12,1370,2022-06-13 14:35:00,BSCR
19.12,19.125,19.115,19.125,1060,2022-06-13 14:40:00,BSCR
19.125,19.13,19.125,19.125,400,2022-06-13 14:45:00,BSCR
19.125,19.125,19.125,19.125,400,2022-06-13 14:50:00,BSCR
19.125,19.125,19.125,19.125,300,2022-06-13 14:55:00,BSCR
19.125,19.125,19.09,19.09,3116,2022-06-13 15:00:00,BSCR
19.1,19.1,19.09,19.095,1260,2022-06-13 15:05:00,BSCR
19.095,19.095,19.09,19.095,908,2022-06-13 15:10:00,BSCR
19.095,19.095,19.095,19.095,350,2022-06-13 15:15:00,BSCR
19.095,19.1,19.095,19.1,900,2022-06-13 15:20:00,BSCR
19.1,19.11,19.1,19.11,1124,2022-06-13 15:25:00,BSCR
19.11,19.13,19.11,19.13,1000,2022-06-13 15:30:00,BSCR
19.1029,19.11,19.1011,19.11,3571,2022-06-13 15:35:00,BSCR
19.105,19.105,19.105,19.105,300,2022-06-13 15:40:00,BSCR
19.11,19.13,19.11,19.12,1446,2022-06-13 15:45:00,BSCR
19.115,19.12,19.1142,19.115,4083,2022-06-13 15:50:00,BSCR
19.115,19.115,19.115,19.115,500,2022-06-13 15:55:00,BSCR
19.115,19.1295,19.115,19.12,1639,2022-06-13 16:00:00,BSCR
19.12,19.13,19.12,19.13,700,2022-06-13 16:05:00,BSCR
19.13,19.13,19.125,19.13,1532,2022-06-13 16:10:00,BSCR
19.13,19.14,19.13,19.14,1731,2022-06-13 16:15:00,BSCR
19.14,19.15,19.14,19.145,1174,2022-06-13 16:20:00,BSCR
19.1416,19.145,19.14,19.145,1550,2022-06-13 16:25:00,BSCR
19.145,19.15,19.14,19.15,2257,2022-06-13 16:30:00,BSCR
19.145,19.15,19.145,19.15,200,2022-06-13 16:35:00,BSCR
19.15,19.17,19.145,19.145,764,2022-06-13 16:40:00,BSCR
19.15,19.15,19.145,19.145,300,2022-06-13 16:45:00,BSCR
19.15,19.16,19.14,19.14,800,2022-06-13 16:50:00,BSCR
19.145,19.145,19.145,19.145,400,2022-06-13 16:55:00,BSCR
19.145,19.145,19.145,19.145,300,2022-06-13 17:00:00,BSCR
19.145,19.15,19.145,19.145,600,2022-06-13 17:05:00,BSCR
19.145,19.145,19.145,19.145,350,2022-06-13 17:10:00,BSCR
19.145,19.145,19.145,19.145,200,2022-06-13 17:15:00,BSCR
19.145,19.145,19.145,19.145,300,2022-06-13 17:20:00,BSCR
19.145,19.15,19.145,19.15,3337,2022-06-13 17:25:00,BSCR
19.15,19.15,19.145,19.145,200,2022-06-13 17:30:00,BSCR
19.145,19.15,19.145,19.145,500,2022-06-13 17:35:00,BSCR
19.145,19.1471,19.145,19.145,602,2022-06-13 17:40:00,BSCR
19.145,19.145,19.145,19.145,500,2022-06-13 17:45:00,BSCR
19.145,19.15,19.145,19.145,400,2022-06-13 17:50:00,BSCR
19.145,19.148,19.145,19.145,983,2022-06-13 17:55:00,BSCR
19.145,19.145,19.145,19.145,200,2022-06-13 18:00:00,BSCR
19.145,19.145,19.14,19.14,562,2022-06-13 18:05:00,BSCR
19.145,19.145,19.14,19.14,922,2022-06-13 18:10:00,BSCR
19.14,19.14,19.135,19.135,3600,2022-06-13 18:15:00,BSCR
19.13,19.13,19.1,19.11,2700,2022-06-13 18:20:00,BSCR
19.11,19.11,19.11,19.11,1110,2022-06-13 18:25:00,BSCR
19.11,19.11,19.105,19.105,804,2022-06-13 18:30:00,BSCR
19.105,19.11,19.105,19.105,1080,2022-06-13 18:35:00,BSCR
19.105,19.105,19.105,19.105,300,2022-06-13 18:40:00,BSCR
19.105,19.105,19.105,19.105,200,2022-06-13 18:45:00,BSCR
19.105,19.105,19.105,19.105,400,2022-06-13 18:50:00,BSCR
19.1,19.11,19.09,19.09,5236,2022-06-13 18:55:00,BSCR
19.075,19.075,19.075,19.075,100,2022-06-13 19:00:00,BSCR
19.075,19.075,19.075,19.075,700,2022-06-13 19:05:00,BSCR
19.0723,19.075,19.07,19.07,500,2022-06-13 19:10:00,BSCR
19.075,19.075,19.02,19.02,1804,2022-06-13 19:15:00,BSCR
19.0124,19.0192,19.0124,19.015,3784,2022-06-13 19:20:00,BSCR
19.015,19.015,19.015,19.015,200,2022-06-13 19:25:00,BSCR
19.015,19.015,18.98,18.98,2860,2022-06-13 19:30:00,BSCR
18.99,19.05,18.99,19.05,3362,2022-06-13 19:35:00,BSCR
19.02,19.05,19.02,19.04,2306,2022-06-13 19:40:00,BSCR
19.035,19.06,19.035,19.045,2533,2022-06-13 19:45:00,BSCR
19.045,19.08,19.045,19.07,1348,2022-06-13 19:50:00,BSCR
19.07,19.11,19.055,19.055,1848,2022-06-13 19:55:00,BSCR
19.06,19.06,19.06,19.06,300,2022-06-13 20:00:00,BSCR
19.1,19.11,19.1,19.1,615,2022-06-14 13:30:00,BSCR
19.1,19.11,19.1,19.11,1890,2022-06-14 13:35:00,BSCR
19.12,19.12,19.115,19.115,900,2022-06-14 13:40:00,BSCR
19.12,19.12,19.1142,19.12,2391,2022-06-14 13:45:00,BSCR
19.12,19.12,19.1105,19.115,1459,2022-06-14 13:50:00,BSCR
19.115,19.12,19.115,19.115,1137,2022-06-14 13:55:00,BSCR
19.115,19.115,19.115,19.115,600,2022-06-14 14:00:00,BSCR
19.115,19.115,19.115,19.115,600,2022-06-14 14:05:00,BSCR
19.115,19.115,19.11,19.11,1100,2022-06-14 14:10:00,BSCR
19.075,19.075,19.075,19.075,900,2022-06-14 14:20:00,BSCR
19.075,19.075,19.075,19.075,600,2022-06-14 14:25:00,BSCR
19.075,19.075,19.055,19.055,1000,2022-06-14 14:30:00,BSCR
19.0548,19.055,19.0501,19.0501,7717,2022-06-14 14:35:00,BSCR
19.055,19.0577,19.055,19.055,8285,2022-06-14 14:40:00,BSCR
19.055,19.055,19.055,19.055,400,2022-06-14 14:45:00,BSCR
19.055,19.0555,19.055,19.055,565,2022-06-14 14:50:00,BSCR
19.055,19.0566,19.0512,19.0566,2816,2022-06-14 14:55:00,BSCR
19.055,19.055,19.055,19.055,1700,2022-06-14 15:00:00,BSCR
19.055,19.055,19.03,19.03,7890,2022-06-14 15:05:00,BSCR
19.03,19.03,19.0195,19.02,5780,2022-06-14 15:10:00,BSCR
19.025,19.03,19.025,19.03,2287,2022-06-14 15:15:00,BSCR
19.025,19.025,19.02,19.025,1006,2022-06-14 15:20:00,BSCR
19.025,19.03,19.025,19.025,1000,2022-06-14 15:25:00,BSCR
19.025,19.025,19.025,19.025,900,2022-06-14 15:30:00,BSCR
19.025,19.025,19.025,19.025,600,2022-06-14 15:35:00,BSCR
19.02,19.025,19.0,19.0,5100,2022-06-14 15:40:00,BSCR
19.0,19.01,19.0,19.0,1827,2022-06-14 15:45:00,BSCR
18.9912,19.0099,18.9912,19.0,2849,2022-06-14 15:50:00,BSCR
19.015,19.02,19.015,19.015,800,2022-06-14 15:55:00,BSCR
19.015,19.02,19.01,19.015,685,2022-06-14 16:00:00,BSCR
19.015,19.015,19.01,19.015,400,2022-06-14 16:05:00,BSCR
19.015,19.015,19.015,19.015,400,2022-06-14 16:10:00,BSCR
19.015,19.11,19.015,19.03,165145,2022-06-14 16:15:00,BSCR
19.03,19.035,19.005,19.005,15214,2022-06-14 16:20:00,BSCR
19.005,19.005,19.005,19.005,300,2022-06-14 16:25:00,BSCR
19.005,19.005,19.005,19.005,1952,2022-06-14 16:30:00,BSCR
19.005,19.005,19.0,19.005,700,2022-06-14 16:35:00,BSCR
19.005,19.0068,19.005,19.005,5604,2022-06-14 16:40:00,BSCR
19.005,19.005,19.005,19.005,200,2022-06-14 16:45:00,BSCR
19.005,19.01,19.0033,19.005,1358,2022-06-14 16:50:00,BSCR
19.005,19.005,19.005,19.005,789,2022-06-14 16:55:00,BSCR
19.005,19.005,19.005,19.005,500,2022-06-14 17:00:00,BSCR
19.005,19.01,19.005,19.005,9700,2022-06-14 17:05:00,BSCR
19.005,19.02,19.005,19.015,6462,2022-06-14 17:10:00,BSCR
19.015,19.015,19.015,19.015,300,2022-06-14 17:15:00,BSCR
19.015,19.04,19.01,19.035,25095,2022-06-14 17:20:00,BSCR
19.03,19.035,18.98,18.99,7279,2022-06-14 17:25:00,BSCR
18.995,18.995,18.995,18.995,5554,2022-06-14 17:30:00,BSCR
18.995,19.015,18.995,19.01,8057,2022-06-14 17:35:00,BSCR
19.005,19.015,19.005,19.01,10676,2022-06-14 17:40:00,BSCR
19.005,19.005,19.005,19.005,130,2022-06-14 17:45:00,BSCR
19.0096,19.0096,19.0,19.0,2125,2022-06-14 17:50:00,BSCR
19.0,19.01,19.0,19.005,7454,2022-06-14 17:55:00,BSCR
19.0056,19.015,19.005,19.015,4757,2022-06-14 18:00:00,BSCR
19.015,19.02,19.015,19.02,3506,2022-06-14 18:05:00,BSCR
19.025,19.025,19.025,19.025,300,2022-06-14 18:10:00,BSCR
19.025,19.025,19.025,19.025,300,2022-06-14 18:15:00,BSCR
19.025,19.025,19.025,19.025,600,2022-06-14 18:20:00,BSCR
19.025,19.0278,19.02,19.02,3804,2022-06-14 18:25:00,BSCR
19.02,19.04,19.005,19.02,49975,2022-06-14 18:30:00,BSCR
19.02,19.02,19.005,19.01,24364,2022-06-14 18:35:00,BSCR
19.005,19.01,19.005,19.005,800,2022-06-14 18:40:00,BSCR
19.005,19.005,19.0047,19.0047,521,2022-06-14 18:45:00,BSCR
19.005,19.005,18.97,18.97,3423,2022-06-14 18:50:00,BSCR
18.965,18.9693,18.965,18.965,4297,2022-06-14 18:55:00,BSCR
18.965,18.965,18.96,18.96,400,2022-06-14 19:00:00,BSCR
18.935,18.935,18.935,18.935,2776,2022-06-14 19:05:00,BSCR
18.935,18.935,18.935,18.935,1253,2022-06-14 19:10:00,BSCR
18.939,18.939,18.935,18.935,685,2022-06-14 19:15:00,BSCR
18.935,18.935,18.935,18.935,1900,2022-06-14 19:20:00,BSCR
18.9353,18.9353,18.9344,18.935,1731,2022-06-14 19:25:00,BSCR
18.94,18.95,18.94,18.94,13362,2022-06-14 19:30:00,BSCR
18.95,18.97,18.94,18.96,13702,2022-06-14 19:35:00,BSCR
18.95,18.95,18.945,18.945,2600,2022-06-14 19:40:00,BSCR
18.945,18.945,18.945,18.945,3810,2022-06-14 19:45:00,BSCR
18.945,18.96,18.9419,18.945,1700,2022-06-14 19:50:00,BSCR
18.945,18.95,18.945,18.945,1300,2022-06-14 19:55:00,BSCR
18.95,18.95,18.95,18.95,100,2022-06-14 20:00:00,BSCR
19.07,19.07,19.07,19.07,818,2022-06-15 13:25:00,BSCR
19.08,19.08,19.08,19.08,3148,2022-06-15 13:30:00,BSCR
19.0882,19.1075,19.0882,19.1075,1947,2022-06-15 13:40:00,BSCR
19.11,19.11,19.11,19.11,600,2022-06-15 14:20:00,BSCR
19.1,19.1036,19.1,19.1036,1635,2022-06-15 14:25:00,BSCR
19.1,19.1,19.09,19.09,2100,2022-06-15 14:30:00,BSCR
19.08,19.08,19.08,19.08,400,2022-06-15 14:35:00,BSCR
19.08,19.08,19.08,19.08,200,2022-06-15 14:40:00,BSCR
19.07,19.08,19.07,19.07,324,2022-06-15 14:45:00,BSCR
19.07,19.07,19.07,19.07,2300,2022-06-15 14:50:00,BSCR
19.06,19.06,19.06,19.06,1600,2022-06-15 14:55:00,BSCR
19.06,19.06,19.055,19.055,257,2022-06-15 15:00:00,BSCR
19.065,19.065,19.065,19.065,100,2022-06-15 15:10:00,BSCR
19.07,19.07,19.06,19.06,7613,2022-06-15 15:15:00,BSCR
19.0642,19.0642,19.0642,19.0642,200,2022-06-15 15:25:00,BSCR
19.07,19.07,19.07,19.07,700,2022-06-15 15:30:00,BSCR
19.0601,19.07,19.0601,19.07,4325,2022-06-15 15:40:00,BSCR
19.065,19.065,19.065,19.065,1545,2022-06-15 15:45:00,BSCR
19.06,19.06,19.06,19.06,1453,2022-06-15 15:55:00,BSCR
19.0628,19.0628,19.0628,19.0628,230,2022-06-15 16:00:00,BSCR
19.06,19.06,19.06,19.06,2500,2022-06-15 16:05:00,BSCR
19.06,19.06,19.06,19.06,100,2022-06-15 16:10:00,BSCR
19.0731,19.0731,19.0731,19.0731,305,2022-06-15 16:15:00,BSCR
19.075,19.075,19.075,19.075,100,2022-06-15 16:20:00,BSCR
19.075,19.075,19.07,19.07,2739,2022-06-15 16:25:00,BSCR
19.075,19.078,19.075,19.078,1048,2022-06-15 16:30:00,BSCR
19.07,19.07,19.07,19.07,900,2022-06-15 16:35:00,BSCR
19.06,19.06,19.05,19.06,3514,2022-06-15 16:40:00,BSCR
19.06,19.06,19.06,19.06,1900,2022-06-15 16:45:00,BSCR
19.059,19.059,19.0521,19.0521,1747,2022-06-15 16:50:00,BSCR
19.06,19.06,19.06,19.06,100,2022-06-15 16:55:00,BSCR
19.065,19.065,19.065,19.065,200,2022-06-15 17:05:00,BSCR
19.07,19.07,19.0698,19.07,458,2022-06-15 17:10:00,BSCR
19.07,19.07,19.065,19.065,400,2022-06-15 17:15:00,BSCR
19.0627,19.0627,19.0627,19.0627,380,2022-06-15 17:20:00,BSCR
19.0697,19.0697,19.0697,19.0697,878,2022-06-15 17:30:00,BSCR
19.063,19.0661,19.063,19.0661,1670,2022-06-15 17:35:00,BSCR
19.06,19.06,19.06,19.06,3800,2022-06-15 17:40:00,BSCR
19.05,19.055,19.05,19.05,3800,2022-06-15 17:45:00,BSCR
19.0599,19.0599,19.05,19.05,5267,2022-06-15 17:50:00,BSCR
19.0501,19.055,19.0501,19.055,1700,2022-06-15 17:55:00,BSCR
19.07,19.0777,19.0,19.0,5888,2022-06-15 18:00:00,BSCR
19.0,19.01,19.0,19.01,5239,2022-06-15 18:05:00,BSCR
19.005,19.005,19.005,19.005,2590,2022-06-15 18:10:00,BSCR
19.0026,19.005,19.0026,19.005,4807,2022-06-15 18:15:00,BSCR
19.005,19.005,19.005,19.005,2400,2022-06-15 18:20:00,BSCR
19.005,19.005,19.0,19.005,3595,2022-06-15 18:30:00,BSCR
19.005,19.1,19.0,19.07,22091,2022-06-15 18:35:00,BSCR
19.05,19.09,19.05,19.09,15701,2022-06-15 18:40:00,BSCR
19.08,19.1,19.08,19.09,9200,2022-06-15 18:45:00,BSCR
19.12,19.12,19.09,19.09,4300,2022-06-15 18:50:00,BSCR
19.07,19.085,19.06,19.075,11700,2022-06-15 18:55:00,BSCR
19.08,19.1,19.08,19.095,6692,2022-06-15 19:00:00,BSCR
19.095,19.095,19.095,19.095,3862,2022-06-15 19:05:00,BSCR
19.1,19.125,19.1,19.125,4669,2022-06-15 19:10:00,BSCR
19.125,19.125,19.1204,19.125,2624,2022-06-15 19:15:00,BSCR
19.13,19.17,19.13,19.17,3945,2022-06-15 19:20:00,BSCR
19.17,19.18,19.17,19.18,600,2022-06-15 19:25:00,BSCR
19.18,19.18,19.165,19.165,1516,2022-06-15 19:30:00,BSCR
19.165,19.165,19.165,19.165,500,2022-06-15 19:35:00,BSCR
19.14,19.14,19.135,19.14,800,2022-06-15 19:40:00,BSCR
19.155,19.16,19.155,19.1598,5665,2022-06-15 19:45:00,BSCR
19.165,19.165,19.145,19.15,954,2022-06-15 19:50:00,BSCR
19.15,19.165,19.15,19.165,1713,2022-06-15 19:55:00,BSCR
19.16,19.16,19.16,19.16,166,2022-06-15 20:00:00,BSCR
19.03,19.03,19.03,19.03,170,2022-06-16 13:30:00,BSCR
19.0564,19.0564,19.0564,19.0564,900,2022-06-16 13:35:00,BSCR
19.045,19.045,19.045,19.045,5277,2022-06-16 13:40:00,BSCR
19.03,19.058,19.03,19.058,380,2022-06-16 13:45:00,BSCR
19.0328,19.0399,19.0328,19.0399,6479,2022-06-16 13:50:00,BSCR
19.0386,19.0386,19.0272,19.0298,1565,2022-06-16 13:55:00,BSCR
19.02,19.02,19.01,19.02,17233,2022-06-16 14:00:00,BSCR
19.02,19.02,19.02,19.02,700,2022-06-16 14:05:00,BSCR
19.0261,19.03,19.0261,19.03,469,2022-06-16 14:10:00,BSCR
19.0401,19.0401,19.0401,19.0401,250,2022-06-16 14:15:00,BSCR
19.045,19.045,19.045,19.045,699,2022-06-16 14:20:00,BSCR
19.059,19.06,19.051,19.06,983,2022-06-16 14:25:00,BSCR
19.07,19.07,19.07,19.07,200,2022-06-16 14:35:00,BSCR
19.0608,19.0608,19.0608,19.0608,345,2022-06-16 14:50:00,BSCR
19.0783,19.0783,19.0783,19.0783,1250,2022-06-16 15:00:00,BSCR
19.0809,19.11,19.0809,19.11,2411,2022-06-16 15:10:00,BSCR
19.1026,19.11,19.1026,19.11,584,2022-06-16 15:15:00,BSCR
19.1176,19.1176,19.1176,19.1176,598,2022-06-16 15:20:00,BSCR
19.1137,19.1137,19.1137,19.1137,703,2022-06-16 15:30:00,BSCR
19.13,19.13,19.11,19.11,200,2022-06-16 15:40:00,BSCR
19.11,19.1186,19.11,19.11,429,2022-06-16 15:45:00,BSCR
19.08,19.08,19.08,19.08,200,2022-06-16 16:20:00,BSCR
19.085,19.085,19.085,19.085,417,2022-06-16 16:25:00,BSCR
19.09,19.09,19.09,19.09,375,2022-06-16 16:35:00,BSCR
19.119,19.119,19.119,19.119,250,2022-06-16 16:40:00,BSCR
19.1008,19.1008,19.1008,19.1008,139,2022-06-16 17:05:00,BSCR
19.0972,19.0972,19.0972,19.0972,324,2022-06-16 17:20:00,BSCR
19.1039,19.105,19.1039,19.105,1243,2022-06-16 17:25:00,BSCR
19.105,19.105,19.105,19.105,100,2022-06-16 17:30:00,BSCR
19.105,19.105,19.1001,19.1001,4779,2022-06-16 17:35:00,BSCR
19.1,19.107,19.1,19.105,717,2022-06-16 17:40:00,BSCR
19.1,19.1,19.1,19.1,100,2022-06-16 17:45:00,BSCR
19.0943,19.0943,19.085,19.085,431,2022-06-16 17:50:00,BSCR
19.0901,19.12,19.0901,19.12,1675,2022-06-16 17:55:00,BSCR
19.11,19.115,19.11,19.115,13937,2022-06-16 18:05:00,BSCR
19.115,19.115,19.11,19.11,300,2022-06-16 18:10:00,BSCR
19.11,19.115,19.11,19.11,15123,2022-06-16 18:15:00,BSCR
19.11,19.11,19.11,19.11,300,2022-06-16 18:20:00,BSCR
19.104,19.104,19.1,19.1,256,2022-06-16 18:25:00,BSCR
19.1,19.1,19.095,19.095,600,2022-06-16 18:30:00,BSCR
19.095,19.095,19.095,19.095,4302,2022-06-16 18:35:00,BSCR
19.09,19.1,19.09,19.095,1358,2022-06-16 18:40:00,BSCR
19.095,19.095,19.0908,19.0908,871,2022-06-16 18:45:00,BSCR
19.09,19.1,19.09,19.1,815,2022-06-16 18:50:00,BSCR
19.09,19.09,19.09,19.09,100,2022-06-16 18:55:00,BSCR
19.1,19.11,19.1,19.107,4983,2022-06-16 19:00:00,BSCR
19.1,19.1,19.1,19.1,100,2022-06-16 19:05:00,BSCR
19.1058,19.1058,19.1,19.1,1150,2022-06-16 19:10:00,BSCR
19.09,19.1,19.09,19.1,241,2022-06-16 19:15:00,BSCR
19.1044,19.12,19.1044,19.12,10363,2022-06-16 19:20:00,BSCR
19.115,19.12,19.115,19.12,500,2022-06-16 19:25:00,BSCR
19.14,19.14,19.135,19.14,1400,2022-06-16 19:30:00,BSCR
19.16,19.16,19.16,19.16,100,2022-06-16 19:35:00,BSCR
19.155,19.1599,19.155,19.1599,1650,2022-06-16 19:40:00,BSCR
19.15,19.15,19.1473,19.1473,346,2022-06-16 19:45:00,BSCR
19.15,19.15,19.15,19.15,100,2022-06-16 19:50:00,BSCR
19.1556,19.17,19.15,19.17,16215,2022-06-16 19:55:00,BSCR
19.16,19.16,19.16,19.16,2332,2022-06-16 20:00:00,BSCR
19.18,19.36,19.175,19.175,5214,2022-06-17 13:30:00,BSCR
19.175,19.18,19.1718,19.1718,1524,2022-06-17 13:35:00,BSCR
19.175,19.2,19.175,19.19,16118,2022-06-17 13:40:00,BSCR
19.16,19.16,19.16,19.16,281,2022-06-17 13:55:00,BSCR
19.16,19.16,19.16,19.16,300,2022-06-17 14:15:00,BSCR
19.1121,19.125,19.1121,19.1203,2958,2022-06-17 14:35:00,BSCR
19.14,19.14,19.1363,19.14,5296,2022-06-17 14:40:00,BSCR
19.135,19.135,19.135,19.135,338,2022-06-17 14:45:00,BSCR
19.15,19.15,19.15,19.15,500,2022-06-17 14:55:00,BSCR
19.1425,19.1425,19.1425,19.1425,4400,2022-06-17 15:05:00,BSCR
19.1401,19.1401,19.1401,19.1401,456,2022-06-17 15:10:00,BSCR
19.16,19.16,19.1597,19.1597,1321,2022-06-17 15:20:00,BSCR
19.179,19.18,19.179,19.18,369,2022-06-17 15:25:00,BSCR
19.1703,19.1703,19.1703,19.1703,295,2022-06-17 15:35:00,BSCR
19.165,19.1661,19.165,19.165,1742,2022-06-17 15:40:00,BSCR
19.16,19.16,19.16,19.16,1800,2022-06-17 15:45:00,BSCR
19.17,19.17,19.17,19.17,400,2022-06-17 16:00:00,BSCR
19.1746,19.1749,19.1746,19.1749,330,2022-06-17 16:05:00,BSCR
19.1747,19.1747,19.17,19.17,244,2022-06-17 16:10:00,BSCR
19.185,19.185,19.185,19.185,283,2022-06-17 16:15:00,BSCR
19.19,19.19,19.19,19.19,100,2022-06-17 16:20:00,BSCR
19.1813,19.1813,19.1813,19.1813,119,2022-06-17 16:30:00,BSCR
19.19,19.19,19.185,19.1858,2951,2022-06-17 16:35:00,BSCR
19.1801,19.1801,19.18,19.18,512,2022-06-17 16:50:00,BSCR
19.18,19.18,19.18,19.18,260,2022-06-17 16:55:00,BSCR
19.19,19.19,19.19,19.19,100,2022-06-17 17:10:00,BSCR
19.19,19.19,19.19,19.19,100,2022-06-17 17:20:00,BSCR
19.1901,19.1901,19.19,19.19,1879,2022-06-17 17:35:00,BSCR
19.19,19.19,19.18,19.18,654,2022-06-17 17:40:00,BSCR
19.189,19.19,19.18,19.18,2940,2022-06-17 17:55:00,BSCR
19.1865,19.1867,19.185,19.185,1689,2022-06-17 18:00:00,BSCR
19.185,19.185,19.185,19.185,100,2022-06-17 18:05:00,BSCR
19.18,19.18,19.18,19.18,4738,2022-06-17 18:10:00,BSCR
19.185,19.185,19.185,19.185,600,2022-06-17 18:15:00,BSCR
19.1876,19.19,19.185,19.185,2699,2022-06-17 18:20:00,BSCR
19.185,19.185,19.185,19.185,200,2022-06-17 18:25:00,BSCR
19.1872,19.1872,19.185,19.185,668,2022-06-17 18:30:00,BSCR
19.185,19.185,19.18,19.185,2003,2022-06-17 18:35:00,BSCR
19.19,19.2,19.185,19.19,2721,2022-06-17 18:40:00,BSCR
19.19,19.2,19.19,19.195,7823,2022-06-17 18:50:00,BSCR
19.195,19.195,19.195,19.195,521,2022-06-17 18:55:00,BSCR
19.1999,19.1999,19.1844,19.1844,1404,2022-06-17 19:00:00,BSCR
19.175,19.175,19.16,19.165,4514,2022-06-17 19:10:00,BSCR
19.165,19.17,19.165,19.17,241,2022-06-17 19:15:00,BSCR
19.161,19.161,19.161,19.161,1820,2022-06-17 19:20:00,BSCR
19.1674,19.1674,19.16,19.16,256,2022-06-17 19:30:00,BSCR
19.165,19.165,19.1601,19.165,5022,2022-06-17 19:35:00,BSCR
19.1649,19.165,19.1623,19.1623,1102,2022-06-17 19:40:00,BSCR
19.165,19.1699,19.16,19.1699,10810,2022-06-17 19:45:00,BSCR
19.165,19.1681,19.165,19.1681,2553,2022-06-17 19:55:00,BSCR
19.12,19.12,19.12,19.12,6472,2022-06-21 13:30:00,BSCR
19.112,19.112,19.11,19.11,1100,2022-06-21 13:35:00,BSCR
19.1141,19.14,19.1141,19.14,4800,2022-06-21 13:40:00,BSCR
19.135,19.135,19.135,19.135,149,2022-06-21 13:45:00,BSCR
19.1483,19.1483,19.1483,19.1483,1864,2022-06-21 13:50:00,BSCR
19.135,19.135,19.13,19.1305,500,2022-06-21 13:55:00,BSCR
19.15,19.15,19.14,19.14,5274,2022-06-21 14:05:00,BSCR
19.14,19.14,19.14,19.14,1468,2022-06-21 14:45:00,BSCR
19.149,19.15,19.1481,19.1481,734,2022-06-21 14:50:00,BSCR
19.1487,19.1487,19.12,19.14,4302,2022-06-21 15:05:00,BSCR
19.15,19.16,19.145,19.153,4734,2022-06-21 15:15:00,BSCR
19.15,19.15,19.15,19.15,100,2022-06-21 15:25:00,BSCR
19.155,19.155,19.155,19.155,215,2022-06-21 15:30:00,BSCR
19.135,19.135,19.12,19.12,3461,2022-06-21 15:40:00,BSCR
19.12,19.13,19.12,19.12,400,2022-06-21 15:45:00,BSCR
19.13,19.13,19.13,19.13,100,2022-06-21 15:50:00,BSCR
19.115,19.115,19.115,19.115,3132,2022-06-21 16:00:00,BSCR
19.11,19.115,19.11,19.112,5086,2022-06-21 16:05:00,BSCR
19.12,19.12,19.12,19.12,1200,2022-06-21 16:15:00,BSCR
19.12,19.125,19.12,19.125,1000,2022-06-21 16:20:00,BSCR
19.1334,19.1334,19.12,19.12,1395,2022-06-21 16:35:00,BSCR
19.12,19.12,19.12,19.12,116,2022-06-21 16:40:00,BSCR
19.125,19.125,19.125,19.125,1600,2022-06-21 16:45:00,BSCR
19.13,19.13,19.13,19.13,157,2022-06-21 16:50:00,BSCR
19.125,19.13,19.125,19.13,1542,2022-06-21 17:00:00,BSCR
19.12,19.12,19.12,19.12,100,2022-06-21 17:05:00,BSCR
19.125,19.125,19.125,19.125,1000,2022-06-21 17:10:00,BSCR
19.125,19.13,19.125,19.1263,400,2022-06-21 17:15:00,BSCR
19.13,19.13,19.13,19.13,346,2022-06-21 17:20:00,BSCR
19.13,19.13,19.13,19.13,6520,2022-06-21 17:40:00,BSCR
19.1286,19.1286,19.125,19.125,517,2022-06-21 17:45:00,BSCR
19.125,19.125,19.125,19.125,2606,2022-06-21 17:50:00,BSCR
19.1272,19.1272,19.1272,19.1272,1500,2022-06-21 18:05:00,BSCR
19.1282,19.13,19.1216,19.13,2651,2022-06-21 18:20:00,BSCR
19.1291,19.1291,19.1291,19.1291,3405,2022-06-21 18:30:00,BSCR
19.12,19.13,19.12,19.13,2072,2022-06-21 18:35:00,BSCR
19.125,19.125,19.125,19.125,100,2022-06-21 18:40:00,BSCR
19.12,19.12,19.12,19.12,2200,2022-06-21 18:45:00,BSCR
19.12,19.1299,19.12,19.1299,1013,2022-06-21 18:50:00,BSCR
19.1267,19.1267,19.1267,19.1267,377,2022-06-21 19:00:00,BSCR
19.1202,19.1202,19.1202,19.1202,1045,2022-06-21 19:10:00,BSCR
19.1271,19.1271,19.1271,19.1271,348,2022-06-21 19:15:00,BSCR
19.125,19.125,19.125,19.125,100,2022-06-21 19:20:00,BSCR
19.12,19.1279,19.12,19.1279,385,2022-06-21 19:25:00,BSCR
19.1286,19.1286,19.12,19.1201,2969,2022-06-21 19:30:00,BSCR
19.12,19.12,19.12,19.12,1043,2022-06-21 19:35:00,BSCR
19.125,19.1279,19.12,19.12,905,2022-06-21 19:40:00,BSCR
19.121,19.13,19.121,19.13,2830,2022-06-21 19:45:00,BSCR
19.13,19.13,19.125,19.125,1489,2022-06-21 19:50:00,BSCR
19.125,19.125,19.125,19.125,582,2022-06-21 19:55:00,BSCR
19.13,19.13,19.13,19.13,522,2022-06-21 20:00:00,BSCR
19.21,19.21,19.19,19.19,486,2022-06-22 13:30:00,BSCR
19.19,19.208,19.1805,19.208,1263,2022-06-22 13:35:00,BSCR
19.21,19.21,19.21,19.21,100,2022-06-22 13:45:00,BSCR
19.215,19.215,19.215,19.215,300,2022-06-22 13:50:00,BSCR
19.22,19.22,19.22,19.22,191,2022-06-22 13:55:00,BSCR
19.22,19.22,19.22,19.22,635,2022-06-22 14:00:00,BSCR
19.215,19.22,19.215,19.22,1040,2022-06-22 14:05:00,BSCR
19.215,19.215,19.215,19.215,260,2022-06-22 14:15:00,BSCR
19.205,19.205,19.205,19.205,100,2022-06-22 14:20:00,BSCR
19.2019,19.21,19.2019,19.21,1614,2022-06-22 14:30:00,BSCR
19.2,19.2,19.2,19.2,300,2022-06-22 14:45:00,BSCR
19.21,19.22,19.2066,19.2066,1200,2022-06-22 14:50:00,BSCR
19.2014,19.2014,19.2014,19.2014,534,2022-06-22 14:55:00,BSCR
19.21,19.22,19.207,19.214,2538,2022-06-22 15:05:00,BSCR
19.205,19.2075,19.205,19.2075,1317,2022-06-22 15:10:00,BSCR
19.2097,19.2097,19.2097,19.2097,681,2022-06-22 15:15:00,BSCR
19.2085,19.21,19.19,19.19,3615,2022-06-22 15:20:00,BSCR
19.185,19.19,19.1822,19.1896,4618,2022-06-22 15:25:00,BSCR
19.189,19.199,19.185,19.199,7323,2022-06-22 15:30:00,BSCR
19.1938,19.199,19.1938,19.199,2425,2022-06-22 15:35:00,BSCR
19.195,19.195,19.195,19.195,599,2022-06-22 15:40:00,BSCR
19.1912,19.1912,19.19,19.19,1000,2022-06-22 15:45:00,BSCR
19.19,19.19,19.19,19.19,212,2022-06-22 15:50:00,BSCR
19.1932,19.1932,19.16,19.17,800,2022-06-22 16:05:00,BSCR
19.17,19.17,19.17,19.17,900,2022-06-22 16:10:00,BSCR
19.169,19.173,19.169,19.17,2515,2022-06-22 16:15:00,BSCR
19.179,19.18,19.175,19.175,431,2022-06-22 16:45:00,BSCR
19.175,19.175,19.175,19.175,200,2022-06-22 16:50:00,BSCR
19.18,19.18,19.1772,19.1772,4100,2022-06-22 16:55:00,BSCR
19.175,19.175,19.175,19.175,100,2022-06-22 17:05:00,BSCR
19.175,19.18,19.175,19.18,903,2022-06-22 17:10:00,BSCR
19.175,19.175,19.175,19.175,100,2022-06-22 17:15:00,BSCR
19.181,19.1838,19.181,19.1838,625,2022-06-22 17:25:00,BSCR
19.185,19.187,19.185,19.187,1975,2022-06-22 17:30:00,BSCR
19.185,19.1862,19.185,19.1862,795,2022-06-22 17:40:00,BSCR
19.1856,19.1856,19.1856,19.1856,200,2022-06-22 17:45:00,BSCR
19.1841,19.185,19.1841,19.185,842,2022-06-22 18:00:00,BSCR
19.185,19.185,19.185,19.185,1860,2022-06-22 18:05:00,BSCR
19.1862,19.1862,19.1862,19.1862,888,2022-06-22 18:10:00,BSCR
19.18,19.18,19.17,19.17,4456,2022-06-22 18:25:00,BSCR
19.17,19.17,19.165,19.165,500,2022-06-22 18:30:00,BSCR
19.165,19.165,19.165,19.165,300,2022-06-22 18:35:00,BSCR
19.16,19.1681,19.1493,19.1493,857,2022-06-22 18:55:00,BSCR
19.156,19.156,19.1401,19.1401,1012,2022-06-22 19:00:00,BSCR
19.15,19.15,19.15,19.15,113,2022-06-22 19:05:00,BSCR
19.15,19.15,19.15,19.15,213,2022-06-22 19:10:00,BSCR
19.155,19.155,19.155,19.155,500,2022-06-22 19:25:00,BSCR
19.155,19.155,19.155,19.155,300,2022-06-22 19:30:00,BSCR
19.155,19.155,19.15,19.15,1800,2022-06-22 19:40:00,BSCR
19.1505,19.155,19.1505,19.155,838,2022-06-22 19:45:00,BSCR
19.155,19.155,19.15,19.15,3800,2022-06-22 19:50:00,BSCR
19.15,19.15,19.15,19.15,400,2022-06-22 19:55:00,BSCR
19.22,19.232,19.18,19.18,3693,2022-06-23 13:30:00,BSCR
19.2306,19.2306,19.2306,19.2306,534,2022-06-23 13:35:00,BSCR
19.23,19.23,19.23,19.23,1200,2022-06-23 13:40:00,BSCR
19.23,19.262,19.2255,19.262,14614,2022-06-23 13:45:00,BSCR
19.28,19.28,19.28,19.28,1000,2022-06-23 13:50:00,BSCR
19.305,19.31,19.305,19.3099,873,2022-06-23 14:00:00,BSCR
19.3,19.3,19.3,19.3,100,2022-06-23 14:05:00,BSCR
19.29,19.29,19.285,19.285,4528,2022-06-23 14:10:00,BSCR
19.29,19.29,19.29,19.29,500,2022-06-23 14:15:00,BSCR
19.299,19.299,19.299,19.299,217,2022-06-23 14:20:00,BSCR
19.2945,19.2945,19.2945,19.2945,600,2022-06-23 14:25:00,BSCR
19.295,19.295,19.295,19.295,200,2022-06-23 14:30:00,BSCR
19.3,19.3,19.3,19.3,550,2022-06-23 14:35:00,BSCR
19.32,19.32,19.3194,19.3194,1900,2022-06-23 14:50:00,BSCR
19.3276,19.3292,19.325,19.325,2300,2022-06-23 14:55:00,BSCR
19.3292,19.3292,19.325,19.325,932,2022-06-23 15:00:00,BSCR
19.325,19.325,19.3,19.3,2274,2022-06-23 15:05:00,BSCR
19.3,19.3,19.3,19.3,100,2022-06-23 15:20:00,BSCR
19.2632,19.2632,19.2632,19.2632,182,2022-06-23 15:35:00,BSCR
19.255,19.255,19.255,19.255,200,2022-06-23 15:40:00,BSCR
19.26,19.26,19.26,19.26,177,2022-06-23 15:50:00,BSCR
19.26,19.26,19.26,19.26,100,2022-06-23 15:55:00,BSCR
19.2599,19.2599,19.2599,19.2599,650,2022-06-23 16:15:00,BSCR
19.25,19.2505,19.25,19.2505,600,2022-06-23 16:20:00,BSCR
19.257,19.257,19.257,19.257,1000,2022-06-23 16:30:00,BSCR
19.259,19.26,19.259,19.2599,1600,2022-06-23 16:35:00,BSCR
19.264,19.264,19.264,19.264,1000,2022-06-23 17:20:00,BSCR
19.2608,19.265,19.26,19.2633,1321,2022-06-23 17:25:00,BSCR
19.265,19.265,19.265,19.265,182,2022-06-23 17:30:00,BSCR
19.2641,19.2641,19.26,19.26,1600,2022-06-23 17:45:00,BSCR
19.2488,19.2488,19.2488,19.2488,100,2022-06-23 17:50:00,BSCR
19.258,19.26,19.258,19.26,704,2022-06-23 18:00:00,BSCR
19.265,19.265,19.26,19.26,300,2022-06-23 18:05:00,BSCR
19.2615,19.2615,19.2615,19.2615,404,2022-06-23 18:15:00,BSCR
19.2699,19.2699,19.2699,19.2699,500,2022-06-23 18:20:00,BSCR
19.26,19.26,19.26,19.26,400,2022-06-23 18:25:00,BSCR
19.265,19.27,19.25,19.25,1895,2022-06-23 18:35:00,BSCR
19.24,19.245,19.24,19.245,4533,2022-06-23 18:40:00,BSCR
19.24,19.24,19.24,19.24,200,2022-06-23 18:45:00,BSCR
19.245,19.245,19.245,19.245,600,2022-06-23 18:50:00,BSCR
19.245,19.245,19.245,19.245,500,2022-06-23 18:55:00,BSCR
19.24,19.24,19.24,19.24,1466,2022-06-23 19:00:00,BSCR
19.24,19.25,19.24,19.2483,1700,2022-06-23 19:05:00,BSCR
19.245,19.25,19.24,19.25,3500,2022-06-23 19:10:00,BSCR
19.24,19.24,19.24,19.24,1100,2022-06-23 19:15:00,BSCR
19.24,19.24,19.24,19.24,1300,2022-06-23 19:20:00,BSCR
19.245,19.245,19.245,19.245,169,2022-06-23 19:25:00,BSCR
19.248,19.248,19.248,19.248,157,2022-06-23 19:30:00,BSCR
19.24,19.245,19.24,19.245,4034,2022-06-23 19:35:00,BSCR
19.245,19.25,19.245,19.25,3280,2022-06-23 19:40:00,BSCR
19.25,19.25,19.245,19.245,4300,2022-06-23 19:45:00,BSCR
19.2483,19.2483,19.225,19.225,4043,2022-06-23 19:50:00,BSCR
19.23,19.26,19.22,19.26,5239,2022-06-23 19:55:00,BSCR
19.25,19.25,19.25,19.25,100,2022-06-23 20:00:00,BSCR
19.25,19.25,19.25,19.25,1567,2022-06-24 13:30:00,BSCR
19.252,19.252,19.25,19.25,872,2022-06-24 13:35:00,BSCR
19.26,19.2608,19.26,19.2608,1700,2022-06-24 13:40:00,BSCR
19.26,19.26,19.26,19.26,500,2022-06-24 13:45:00,BSCR
19.265,19.265,19.26,19.265,10621,2022-06-24 13:55:00,BSCR
19.29,19.3044,19.29,19.3044,932,2022-06-24 14:00:00,BSCR
19.315,19.322,19.3105,19.3105,1431,2022-06-24 14:10:00,BSCR
19.315,19.315,19.315,19.315,1427,2022-06-24 14:15:00,BSCR
19.315,19.315,19.31,19.31,2173,2022-06-24 14:30:00,BSCR
19.287,19.287,19.287,19.287,285,2022-06-24 14:35:00,BSCR
19.268,19.27,19.268,19.27,971,2022-06-24 14:40:00,BSCR
19.26,19.26,19.26,19.26,100,2022-06-24 14:50:00,BSCR
19.26,19.26,19.2523,19.2523,800,2022-06-24 15:00:00,BSCR
19.265,19.265,19.265,19.265,145,2022-06-24 15:05:00,BSCR
19.27,19.27,19.265,19.265,200,2022-06-24 15:20:00,BSCR
19.2655,19.2732,19.2609,19.269,1128,2022-06-24 15:30:00,BSCR
19.284,19.284,19.284,19.284,1660,2022-06-24 15:40:00,BSCR
19.275,19.2783,19.275,19.2783,886,2022-06-24 15:45:00,BSCR
19.29,19.29,19.29,19.29,100,2022-06-24 15:50:00,BSCR
19.27,19.27,19.27,19.27,1250,2022-06-24 15:55:00,BSCR
19.2708,19.2708,19.265,19.265,1511,2022-06-24 16:00:00,BSCR
19.2697,19.2697,19.2697,19.2697,179,2022-06-24 16:05:00,BSCR
19.275,19.275,19.275,19.275,100,2022-06-24 16:15:00,BSCR
19.2737,19.2737,19.2737,19.2737,112,2022-06-24 16:25:00,BSCR
19.28,19.28,19.28,19.28,100,2022-06-24 16:40:00,BSCR
19.2616,19.2772,19.2616,19.27,1501,2022-06-24 16:45:00,BSCR
19.2772,19.2772,19.2772,19.2772,196,2022-06-24 16:50:00,BSCR
19.27,19.27,19.27,19.27,1469,2022-06-24 17:05:00,BSCR
19.28,19.28,19.28,19.28,100,2022-06-24 17:20:00,BSCR
19.2723,19.28,19.2723,19.28,400,2022-06-24 17:25:00,BSCR
19.26,19.26,19.2,19.24,41706,2022-06-24 17:35:00,BSCR
19.255,19.255,19.25,19.25,1600,2022-06-24 17:40:00,BSCR
19.25,19.26,19.25,19.26,900,2022-06-24 17:45:00,BSCR
19.2565,19.26,19.25,19.255,4005,2022-06-24 17:50:00,BSCR
19.26,19.27,19.26,19.265,1100,2022-06-24 18:00:00,BSCR
19.27,19.27,19.27,19.27,200,2022-06-24 18:05:00,BSCR
19.26,19.265,19.26,19.265,800,2022-06-24 18:30:00,BSCR
19.2646,19.265,19.2606,19.2606,1043,2022-06-24 18:40:00,BSCR
19.265,19.265,19.265,19.265,462,2022-06-24 18:45:00,BSCR
19.27,19.27,19.2677,19.2677,772,2022-06-24 19:00:00,BSCR
19.265,19.265,19.265,19.265,156,2022-06-24 19:15:00,BSCR
19.27,19.27,19.2653,19.2653,242,2022-06-24 19:20:00,BSCR
19.265,19.27,19.265,19.265,6665,2022-06-24 19:30:00,BSCR
19.2635,19.2635,19.2635,19.2635,123,2022-06-24 19:35:00,BSCR
19.265,19.27,19.265,19.265,1501,2022-06-24 19:40:00,BSCR
19.2699,19.2699,19.265,19.265,3110,2022-06-24 19:45:00,BSCR
19.265,19.27,19.26,19.2615,13781,2022-06-24 19:50:00,BSCR
19.27,19.28,19.265,19.2671,24603,2022-06-24 19:55:00,BSCR
19.21,19.21,19.21,19.21,1010,2022-06-27 13:30:00,BSCR
19.225,19.225,19.225,19.225,1999,2022-06-27 13:35:00,BSCR
19.235,19.235,19.235,19.235,1472,2022-06-27 13:45:00,BSCR
19.2303,19.2303,19.2303,19.2303,221,2022-06-27 13:50:00,BSCR
19.23,19.23,19.23,19.23,100,2022-06-27 13:55:00,BSCR
19.2314,19.2375,19.2314,19.2375,512,2022-06-27 14:00:00,BSCR
19.2367,19.2367,19.2367,19.2367,479,2022-06-27 14:25:00,BSCR
19.2346,19.2346,19.2346,19.2346,518,2022-06-27 14:35:00,BSCR
19.235,19.235,19.235,19.235,156,2022-06-27 14:40:00,BSCR
19.245,19.245,19.245,19.245,2000,2022-06-27 15:15:00,BSCR
19.2413,19.2413,19.2413,19.2413,1202,2022-06-27 15:25:00,BSCR
19.2398,19.2398,19.2398,19.2398,189,2022-06-27 15:30:00,BSCR
19.22,19.23,19.22,19.23,1036,2022-06-27 15:35:00,BSCR
19.2219,19.23,19.2219,19.23,995,2022-06-27 15:40:00,BSCR
19.225,19.23,19.225,19.23,800,2022-06-27 15:45:00,BSCR
19.23,19.2308,19.23,19.2308,659,2022-06-27 16:20:00,BSCR
19.23,19.235,19.23,19.235,900,2022-06-27 16:25:00,BSCR
19.23,19.24,19.23,19.24,1751,2022-06-27 16:30:00,BSCR
19.235,19.235,19.235,19.235,311,2022-06-27 16:35:00,BSCR
19.2313,19.2313,19.2313,19.2313,500,2022-06-27 16:40:00,BSCR
19.23,19.23,19.23,19.23,100,2022-06-27 16:45:00,BSCR
19.23,19.23,19.23,19.23,440,2022-06-27 17:00:00,BSCR
19.2082,19.2082,19.2082,19.2082,500,2022-06-27 17:05:00,BSCR
19.2094,19.21,19.205,19.205,1806,2022-06-27 17:20:00,BSCR
19.215,19.215,19.215,19.215,424,2022-06-27 17:30:00,BSCR
19.205,19.205,19.205,19.205,100,2022-06-27 17:55:00,BSCR
19.2098,19.2098,19.2,19.2,1534,2022-06-27 18:00:00,BSCR
19.2,19.2,19.2,19.2,1289,2022-06-27 18:05:00,BSCR
19.2038,19.2038,19.2038,19.2038,126,2022-06-27 18:20:00,BSCR
19.205,19.205,19.205,19.205,100,2022-06-27 18:25:00,BSCR
19.2001,19.2001,19.2001,19.2001,243,2022-06-27 18:40:00,BSCR
19.205,19.21,19.2,19.205,2854,2022-06-27 18:45:00,BSCR
19.2014,19.2014,19.2014,19.2014,146,2022-06-27 18:50:00,BSCR
19.205,19.21,19.205,19.21,1662,2022-06-27 18:55:00,BSCR
19.21,19.21,19.21,19.21,200,2022-06-27 19:05:00,BSCR
19.21,19.2184,19.207,19.21,8722,2022-06-27 19:10:00,BSCR
19.2014,19.225,19.2014,19.225,23837,2022-06-27 19:25:00,BSCR
19.2207,19.225,19.22,19.225,2145,2022-06-27 19:30:00,BSCR
19.2208,19.225,19.2208,19.225,1243,2022-06-27 19:35:00,BSCR
19.225,19.225,19.22,19.22,600,2022-06-27 19:40:00,BSCR
19.225,19.225,19.225,19.225,610,2022-06-27 19:45:00,BSCR
19.225,19.225,19.225,19.225,100,2022-06-27 19:55:00,BSCR
19.21,19.21,19.21,19.21,300,2022-06-27 20:00:00,BSCR
19.19,19.19,19.184,19.184,7449,2022-06-28 13:30:00,BSCR
19.19,19.19,19.19,19.19,1439,2022-06-28 13:35:00,BSCR
19.188,19.188,19.18,19.18,1452,2022-06-28 13:40:00,BSCR
19.185,19.185,19.185,19.185,1821,2022-06-28 13:55:00,BSCR
19.1814,19.1814,19.1814,19.1814,388,2022-06-28 14:00:00,BSCR
19.17,19.17,19.17,19.17,208,2022-06-28 14:05:00,BSCR
19.18,19.18,19.18,19.18,285,2022-06-28 14:15:00,BSCR
19.1719,19.1719,19.15,19.1595,1455,2022-06-28 14:25:00,BSCR
19.15,19.17,19.15,19.17,200,2022-06-28 14:35:00,BSCR
19.17,19.17,19.17,19.17,5213,2022-06-28 14:45:00,BSCR
19.1501,19.1582,19.1501,19.1582,457,2022-06-28 14:55:00,BSCR
19.155,19.155,19.155,19.155,1100,2022-06-28 15:05:00,BSCR
19.16,19.1798,19.155,19.16,12678,2022-06-28 15:20:00,BSCR
19.165,19.165,19.165,19.165,2100,2022-06-28 15:30:00,BSCR
19.16,19.16,19.16,19.16,910,2022-06-28 15:40:00,BSCR
19.1555,19.1555,19.1555,19.1555,370,2022-06-28 15:45:00,BSCR
19.168,19.168,19.168,19.168,900,2022-06-28 15:50:00,BSCR
19.15,19.15,19.15,19.15,3435,2022-06-28 15:55:00,BSCR
19.17,19.17,19.17,19.17,200,2022-06-28 16:00:00,BSCR
19.17,19.17,19.17,19.17,100,2022-06-28 16:10:00,BSCR
19.17,19.19,19.1699,19.1878,6575,2022-06-28 16:15:00,BSCR
19.19,19.19,19.185,19.185,1500,2022-06-28 16:35:00,BSCR
19.1815,19.1815,19.1815,19.1815,353,2022-06-28 16:40:00,BSCR
19.19,19.19,19.19,19.19,100,2022-06-28 16:50:00,BSCR
19.19,19.19,19.186,19.19,3800,2022-06-28 16:55:00,BSCR
19.1886,19.1886,19.1886,19.1886,351,2022-06-28 17:05:00,BSCR
19.1801,19.1801,19.1801,19.1801,3000,2022-06-28 17:20:00,BSCR
19.1892,19.1892,19.18,19.18,2964,2022-06-28 17:25:00,BSCR
19.185,19.185,19.185,19.185,100,2022-06-28 17:35:00,BSCR
19.1884,19.19,19.1884,19.19,1356,2022-06-28 17:40:00,BSCR
19.1809,19.19,19.1809,19.19,1710,2022-06-28 17:45:00,BSCR
19.19,19.19,19.19,19.19,100,2022-06-28 18:00:00,BSCR
19.195,19.195,19.195,19.195,600,2022-06-28 18:05:00,BSCR
19.195,19.195,19.195,19.195,100,2022-06-28 18:15:00,BSCR
19.19,19.19,19.19,19.19,780,2022-06-28 18:20:00,BSCR
19.195,19.195,19.195,19.195,100,2022-06-28 18:25:00,BSCR
19.195,19.195,19.195,19.195,162,2022-06-28 18:30:00,BSCR
19.19,19.19,19.19,19.19,436,2022-06-28 18:35:00,BSCR
19.1948,19.1948,19.1948,19.1948,520,2022-06-28 18:40:00,BSCR
19.195,19.195,19.195,19.195,100,2022-06-28 18:45:00,BSCR
19.19,19.19,19.19,19.19,400,2022-06-28 18:50:00,BSCR
19.195,19.195,19.195,19.195,2080,2022-06-28 18:55:00,BSCR
19.1949,19.1998,19.1949,19.1998,1260,2022-06-28 19:00:00,BSCR
19.195,19.1987,19.195,19.1987,2387,2022-06-28 19:05:00,BSCR
19.195,19.195,19.187,19.19,8455,2022-06-28 19:10:00,BSCR
19.1999,19.1999,19.195,19.1993,2950,2022-06-28 19:25:00,BSCR
19.19,19.1999,19.19,19.198,3368,2022-06-28 19:30:00,BSCR
19.1965,19.2,19.19,19.2,1843,2022-06-28 19:35:00,BSCR
19.195,19.2,19.19,19.19,1319,2022-06-28 19:40:00,BSCR
19.1895,19.19,19.1884,19.19,12972,2022-06-28 19:45:00,BSCR
19.185,19.189,19.1835,19.189,2713,2022-06-28 19:50:00,BSCR
19.19,19.19,19.185,19.185,4522,2022-06-28 19:55:00,BSCR
19.19,19.19,19.19,19.19,300,2022-06-28 20:00:00,BSCR
19.2,19.2,19.185,19.1949,3272,2022-06-29 13:30:00,BSCR
19.1734,19.2,19.1734,19.18,1634,2022-06-29 13:35:00,BSCR
19.1969,19.2019,19.1833,19.2,4259,2022-06-29 13:40:00,BSCR
19.199,19.2,19.1977,19.1977,720,2022-06-29 13:55:00,BSCR
19.23,19.2522,19.23,19.23,2523,2022-06-29 14:20:00,BSCR
19.23,19.23,19.23,19.23,552,2022-06-29 14:30:00,BSCR
19.225,19.225,19.225,19.225,1100,2022-06-29 14:35:00,BSCR
19.22,19.22,19.22,19.22,312,2022-06-29 14:40:00,BSCR
19.2364,19.2364,19.2364,19.2364,156,2022-06-29 14:50:00,BSCR
19.2301,19.24,19.2301,19.24,500,2022-06-29 14:55:00,BSCR
19.2474,19.2474,19.24,19.24,5792,2022-06-29 15:00:00,BSCR
19.24,19.245,19.24,19.245,3400,2022-06-29 15:05:00,BSCR
19.25,19.25,19.25,19.25,900,2022-06-29 15:10:00,BSCR
19.25,19.2519,19.25,19.2519,2607,2022-06-29 15:15:00,BSCR
19.25,19.26,19.25,19.26,3300,2022-06-29 15:20:00,BSCR
19.25,19.26,19.25,19.26,5978,2022-06-29 15:25:00,BSCR
19.26,19.26,19.26,19.26,100,2022-06-29 15:30:00,BSCR
19.26,19.26,19.26,19.26,1227,2022-06-29 15:35:00,BSCR
19.26,19.26,19.26,19.26,700,2022-06-29 15:40:00,BSCR
19.2607,19.2607,19.26,19.26,288,2022-06-29 15:50:00,BSCR
19.2699,19.2699,19.265,19.265,3005,2022-06-29 16:10:00,BSCR
19.2656,19.2699,19.2656,19.2699,6506,2022-06-29 16:20:00,BSCR
19.27,19.27,19.27,19.27,300,2022-06-29 16:30:00,BSCR
19.26,19.265,19.26,19.265,570,2022-06-29 16:35:00,BSCR
19.2691,19.2691,19.2691,19.2691,1039,2022-06-29 16:40:00,BSCR
19.265,19.265,19.265,19.265,320,2022-06-29 16:50:00,BSCR
19.265,19.265,19.265,19.265,100,2022-06-29 16:55:00,BSCR
19.265,19.265,19.265,19.265,714,2022-06-29 17:15:00,BSCR
19.265,19.265,19.265,19.265,1706,2022-06-29 17:20:00,BSCR
19.265,19.265,19.265,19.265,359,2022-06-29 17:25:00,BSCR
19.265,19.265,19.26,19.26,1000,2022-06-29 17:40:00,BSCR
19.26,19.26,19.26,19.26,830,2022-06-29 17:45:00,BSCR
19.269,19.27,19.265,19.265,11318,2022-06-29 17:55:00,BSCR
19.26,19.265,19.26,19.265,4456,2022-06-29 18:00:00,BSCR
19.2694,19.2694,19.2694,19.2694,522,2022-06-29 18:05:00,BSCR
19.2642,19.2642,19.2642,19.2642,1280,2022-06-29 18:10:00,BSCR
19.265,19.265,19.265,19.265,100,2022-06-29 18:25:00,BSCR
19.26,19.2675,19.26,19.26,1724,2022-06-29 18:30:00,BSCR
19.268,19.2687,19.268,19.2687,564,2022-06-29 18:35:00,BSCR
19.27,19.27,19.26,19.26,300,2022-06-29 18:45:00,BSCR
19.2637,19.2637,19.2637,19.2637,247,2022-06-29 18:50:00,BSCR
19.265,19.265,19.265,19.265,258,2022-06-29 19:05:00,BSCR
19.265,19.265,19.265,19.265,155,2022-06-29 19:15:00,BSCR
19.27,19.27,19.27,19.27,785,2022-06-29 19:20:00,BSCR
19.269,19.2693,19.2601,19.2659,3378,2022-06-29 19:25:00,BSCR
19.27,19.27,19.26,19.27,2995,2022-06-29 19:30:00,BSCR
19.265,19.265,19.265,19.265,311,2022-06-29 19:40:00,BSCR
19.27,19.28,19.26,19.27,4898,2022-06-29 19:45:00,BSCR
19.27,19.27,19.27,19.27,5800,2022-06-29 19:55:00,BSCR
19.27,19.27,19.27,19.27,220,2022-06-29 20:00:00,BSCR
