open,high,low,close,volume,datetime,symbol
71.45,71.73,71.45,71.545,1064,2021-08-23 13:30:00,CCOI
71.41,71.41,71.41,71.41,100,2021-08-23 13:37:00,CCOI
71.75,71.75,71.74,71.74,300,2021-08-23 13:48:00,CCOI
71.715,71.715,71.715,71.715,325,2021-08-23 13:56:00,CCOI
71.67,71.67,71.53,71.53,800,2021-08-23 14:01:00,CCOI
71.51,71.72,71.51,71.72,500,2021-08-23 14:11:00,CCOI
71.69,71.69,71.69,71.69,100,2021-08-23 14:13:00,CCOI
71.6362,71.6362,71.6362,71.6362,1608,2021-08-23 14:14:00,CCOI
71.67,71.67,71.67,71.67,200,2021-08-23 14:24:00,CCOI
71.52,71.52,71.52,71.52,100,2021-08-23 14:33:00,CCOI
71.57,71.63,71.57,71.63,200,2021-08-23 14:35:00,CCOI
71.55,71.55,71.55,71.55,200,2021-08-23 14:38:00,CCOI
71.485,71.485,71.485,71.485,350,2021-08-23 14:41:00,CCOI
71.61,71.71,71.61,71.71,400,2021-08-23 14:42:00,CCOI
71.695,71.8,71.695,71.79,1600,2021-08-23 14:43:00,CCOI
71.755,71.755,71.755,71.755,100,2021-08-23 14:44:00,CCOI
71.76,71.76,71.76,71.76,200,2021-08-23 14:45:00,CCOI
71.65,71.65,71.65,71.65,100,2021-08-23 14:50:00,CCOI
71.63,71.65,71.63,71.65,285,2021-08-23 14:55:00,CCOI
71.6243,71.6243,71.6243,71.6243,110,2021-08-23 15:00:00,CCOI
71.54,71.54,71.54,71.54,100,2021-08-23 15:01:00,CCOI
71.56,71.56,71.56,71.56,100,2021-08-23 15:03:00,CCOI
71.45,71.45,71.45,71.45,100,2021-08-23 15:07:00,CCOI
71.5,71.5,71.5,71.5,125,2021-08-23 15:08:00,CCOI
71.56,71.56,71.56,71.56,100,2021-08-23 15:10:00,CCOI
71.57,71.57,71.57,71.57,100,2021-08-23 15:14:00,CCOI
71.49,71.49,71.48,71.48,200,2021-08-23 15:15:00,CCOI
71.43,71.43,71.43,71.43,100,2021-08-23 15:16:00,CCOI
71.6,71.6,71.6,71.6,100,2021-08-23 15:21:00,CCOI
71.57,71.57,71.485,71.485,300,2021-08-23 15:25:00,CCOI
71.46,71.5,71.46,71.5,300,2021-08-23 15:26:00,CCOI
71.5,71.52,71.5,71.52,400,2021-08-23 15:28:00,CCOI
71.54,71.54,71.54,71.54,500,2021-08-23 15:29:00,CCOI
71.51,71.51,71.5,71.5,200,2021-08-23 15:34:00,CCOI
71.52,71.56,71.52,71.55,313,2021-08-23 15:36:00,CCOI
71.47,71.47,71.47,71.47,100,2021-08-23 15:37:00,CCOI
71.58,71.58,71.58,71.58,100,2021-08-23 15:43:00,CCOI
71.5,71.5,71.5,71.5,100,2021-08-23 15:44:00,CCOI
71.55,71.55,71.54,71.54,200,2021-08-23 15:47:00,CCOI
71.55,71.55,71.55,71.55,100,2021-08-23 15:48:00,CCOI
71.56,71.56,71.56,71.56,100,2021-08-23 15:51:00,CCOI
71.6,71.61,71.6,71.61,300,2021-08-23 15:52:00,CCOI
71.68,71.71,71.68,71.69,400,2021-08-23 15:57:00,CCOI
71.71,71.72,71.71,71.72,300,2021-08-23 16:00:00,CCOI
71.79,71.8,71.76,71.79,908,2021-08-23 16:07:00,CCOI
71.73,71.73,71.69,71.69,200,2021-08-23 16:09:00,CCOI
71.7,71.7,71.7,71.7,100,2021-08-23 16:13:00,CCOI
71.7,71.7,71.7,71.7,370,2021-08-23 16:16:00,CCOI
71.65,71.65,71.65,71.65,300,2021-08-23 16:19:00,CCOI
71.7,71.7,71.7,71.7,300,2021-08-23 16:24:00,CCOI
71.65,71.65,71.65,71.65,200,2021-08-23 16:31:00,CCOI
71.76,71.76,71.76,71.76,100,2021-08-23 16:43:00,CCOI
71.75,71.75,71.75,71.75,200,2021-08-23 16:47:00,CCOI
71.745,71.745,71.745,71.745,100,2021-08-23 16:48:00,CCOI
71.745,71.745,71.745,71.745,100,2021-08-23 16:49:00,CCOI
71.71,71.71,71.66,71.66,500,2021-08-23 16:51:00,CCOI
71.71,71.71,71.71,71.71,200,2021-08-23 16:53:00,CCOI
71.745,71.745,71.745,71.745,100,2021-08-23 16:56:00,CCOI
71.74,71.74,71.74,71.74,100,2021-08-23 16:57:00,CCOI
71.79,71.8,71.79,71.8,200,2021-08-23 17:02:00,CCOI
71.82,71.82,71.82,71.82,100,2021-08-23 17:03:00,CCOI
71.78,71.78,71.78,71.78,100,2021-08-23 17:05:00,CCOI
71.77,71.77,71.77,71.77,100,2021-08-23 17:08:00,CCOI
71.82,71.82,71.82,71.82,100,2021-08-23 17:09:00,CCOI
71.83,71.83,71.81,71.81,802,2021-08-23 17:13:00,CCOI
71.84,71.84,71.84,71.84,100,2021-08-23 17:16:00,CCOI
71.83,71.83,71.83,71.83,100,2021-08-23 17:18:00,CCOI
71.8011,71.82,71.74,71.804,3106,2021-08-23 17:19:00,CCOI
71.72,71.72,71.72,71.72,100,2021-08-23 17:22:00,CCOI
71.68,71.68,71.63,71.63,200,2021-08-23 17:23:00,CCOI
71.68,71.68,71.68,71.68,100,2021-08-23 17:25:00,CCOI
71.58,71.58,71.58,71.58,200,2021-08-23 17:31:00,CCOI
71.6,71.6,71.595,71.595,200,2021-08-23 17:34:00,CCOI
71.48,71.48,71.48,71.48,100,2021-08-23 17:36:00,CCOI
71.535,71.535,71.535,71.535,100,2021-08-23 17:40:00,CCOI
71.6,71.6,71.6,71.6,400,2021-08-23 17:45:00,CCOI
71.615,71.615,71.615,71.615,100,2021-08-23 17:49:00,CCOI
71.62,71.62,71.62,71.62,100,2021-08-23 17:50:00,CCOI
71.6,71.6,71.6,71.6,100,2021-08-23 17:54:00,CCOI
71.6539,71.6539,71.61,71.61,379,2021-08-23 17:56:00,CCOI
71.61,71.61,71.61,71.61,100,2021-08-23 17:57:00,CCOI
71.61,71.61,71.61,71.61,100,2021-08-23 17:58:00,CCOI
71.61,71.61,71.58,71.58,526,2021-08-23 18:00:00,CCOI
71.58,71.58,71.58,71.58,101,2021-08-23 18:02:00,CCOI
71.53,71.57,71.52,71.52,15664,2021-08-23 18:05:00,CCOI
71.53,71.53,71.53,71.53,100,2021-08-23 18:06:00,CCOI
71.52,71.52,71.52,71.52,100,2021-08-23 18:07:00,CCOI
71.5,71.5,71.48,71.48,300,2021-08-23 18:08:00,CCOI
71.5,71.52,71.44,71.44,600,2021-08-23 18:10:00,CCOI
71.53,71.53,71.53,71.53,100,2021-08-23 18:13:00,CCOI
71.5,71.5,71.5,71.5,100,2021-08-23 18:16:00,CCOI
71.49,71.495,71.49,71.495,300,2021-08-23 18:19:00,CCOI
71.54,71.54,71.54,71.54,100,2021-08-23 18:20:00,CCOI
71.54,71.58,71.54,71.58,346,2021-08-23 18:25:00,CCOI
71.59,71.59,71.59,71.59,300,2021-08-23 18:29:00,CCOI
71.63,71.63,71.57,71.57,300,2021-08-23 18:33:00,CCOI
71.61,71.65,71.61,71.65,200,2021-08-23 18:35:00,CCOI
71.65,71.65,71.63,71.63,1026,2021-08-23 18:36:00,CCOI
71.62,71.62,71.62,71.62,200,2021-08-23 18:44:00,CCOI
71.655,71.6588,71.655,71.6588,235,2021-08-23 18:45:00,CCOI
71.6581,71.6581,71.6581,71.6581,233,2021-08-23 18:46:00,CCOI
71.69,71.69,71.63,71.63,1109,2021-08-23 18:48:00,CCOI
71.675,71.675,71.675,71.675,100,2021-08-23 18:56:00,CCOI
71.71,71.71,71.71,71.71,200,2021-08-23 19:02:00,CCOI
71.69,71.77,71.69,71.71,900,2021-08-23 19:04:00,CCOI
71.7,71.7,71.7,71.7,100,2021-08-23 19:06:00,CCOI
71.65,71.65,71.65,71.65,100,2021-08-23 19:09:00,CCOI
71.71,71.71,71.69,71.69,300,2021-08-23 19:16:00,CCOI
71.72,71.72,71.72,71.72,100,2021-08-23 19:17:00,CCOI
71.7,71.7,71.7,71.7,199,2021-08-23 19:18:00,CCOI
71.7,71.7,71.7,71.7,100,2021-08-23 19:20:00,CCOI
71.74,71.74,71.74,71.74,100,2021-08-23 19:21:00,CCOI
71.72,71.72,71.71,71.71,300,2021-08-23 19:22:00,CCOI
71.675,71.675,71.675,71.675,579,2021-08-23 19:23:00,CCOI
71.66,71.7,71.66,71.7,300,2021-08-23 19:25:00,CCOI
71.71,71.71,71.68,71.68,1484,2021-08-23 19:26:00,CCOI
71.675,71.675,71.64,71.66,500,2021-08-23 19:28:00,CCOI
71.655,71.655,71.655,71.655,100,2021-08-23 19:29:00,CCOI
71.68,71.68,71.67,71.67,400,2021-08-23 19:30:00,CCOI
71.65,71.67,71.65,71.67,300,2021-08-23 19:32:00,CCOI
71.65,71.67,71.65,71.67,400,2021-08-23 19:34:00,CCOI
71.65,71.65,71.65,71.65,200,2021-08-23 19:36:00,CCOI
71.6,71.6,71.6,71.6,100,2021-08-23 19:37:00,CCOI
71.61,71.61,71.55,71.57,500,2021-08-23 19:39:00,CCOI
71.54,71.66,71.54,71.57,1300,2021-08-23 19:41:00,CCOI
71.62,71.62,71.615,71.615,200,2021-08-23 19:42:00,CCOI
71.63,71.73,71.63,71.695,6910,2021-08-23 19:43:00,CCOI
71.72,71.73,71.68,71.71,700,2021-08-23 19:45:00,CCOI
71.7,71.71,71.7,71.7,300,2021-08-23 19:46:00,CCOI
71.68,71.68,71.68,71.68,100,2021-08-23 19:47:00,CCOI
71.81,71.81,71.77,71.77,500,2021-08-23 19:48:00,CCOI
71.79,71.83,71.67,71.7,1664,2021-08-23 19:50:00,CCOI
71.72,71.72,71.7,71.7,604,2021-08-23 19:51:00,CCOI
71.695,71.695,71.695,71.695,100,2021-08-23 19:52:00,CCOI
71.7,71.72,71.67,71.72,500,2021-08-23 19:53:00,CCOI
71.73,71.75,71.71,71.71,800,2021-08-23 19:54:00,CCOI
71.695,71.7,71.695,71.7,649,2021-08-23 19:55:00,CCOI
71.69,71.69,71.67,71.69,1692,2021-08-23 19:56:00,CCOI
71.68,71.69,71.67,71.69,812,2021-08-23 19:57:00,CCOI
71.695,71.8,71.69,71.71,1734,2021-08-23 19:58:00,CCOI
71.71,71.71,71.64,71.71,3530,2021-08-23 19:59:00,CCOI
71.64,71.64,71.64,71.64,22845,2021-08-23 20:00:00,CCOI
71.9,71.9,71.59,71.59,1714,2021-08-24 13:30:00,CCOI
71.39,71.39,71.39,71.39,100,2021-08-24 13:35:00,CCOI
71.71,71.74,71.71,71.74,200,2021-08-24 13:38:00,CCOI
71.39,71.39,71.38,71.38,291,2021-08-24 13:40:00,CCOI
71.21,71.21,71.09,71.09,694,2021-08-24 13:42:00,CCOI
71.11,71.11,71.11,71.11,100,2021-08-24 13:45:00,CCOI
71.15,71.15,71.15,71.15,100,2021-08-24 13:50:00,CCOI
71.33,71.33,71.18,71.18,200,2021-08-24 13:53:00,CCOI
71.23,71.23,71.2,71.2,300,2021-08-24 13:54:00,CCOI
70.96,71.03,70.92,70.92,320,2021-08-24 13:55:00,CCOI
71.03,71.14,71.03,71.14,300,2021-08-24 13:56:00,CCOI
71.14,71.15,71.14,71.15,200,2021-08-24 13:59:00,CCOI
71.055,71.12,71.0,71.12,500,2021-08-24 14:00:00,CCOI
71.125,71.125,70.96,71.04,608,2021-08-24 14:01:00,CCOI
71.13,71.16,71.11,71.15,600,2021-08-24 14:02:00,CCOI
71.15,71.15,71.05,71.14,700,2021-08-24 14:05:00,CCOI
71.1,71.1,71.1,71.1,200,2021-08-24 14:06:00,CCOI
71.1,71.1,71.1,71.1,100,2021-08-24 14:09:00,CCOI
71.13,71.13,71.13,71.13,100,2021-08-24 14:10:00,CCOI
71.18,71.19,71.18,71.19,300,2021-08-24 14:12:00,CCOI
71.28,71.28,71.28,71.28,100,2021-08-24 14:14:00,CCOI
71.36,71.36,71.36,71.36,100,2021-08-24 14:19:00,CCOI
71.4,71.51,71.37,71.375,14546,2021-08-24 14:21:00,CCOI
71.35,71.35,71.35,71.35,100,2021-08-24 14:22:00,CCOI
71.4,71.4,71.4,71.4,100,2021-08-24 14:23:00,CCOI
71.35,71.35,71.35,71.35,100,2021-08-24 14:24:00,CCOI
71.395,71.395,71.395,71.395,100,2021-08-24 14:25:00,CCOI
71.395,71.395,71.395,71.395,306,2021-08-24 14:27:00,CCOI
71.34,71.34,71.34,71.34,100,2021-08-24 14:29:00,CCOI
71.39,71.39,71.39,71.39,100,2021-08-24 14:32:00,CCOI
71.35,71.425,71.35,71.425,200,2021-08-24 14:34:00,CCOI
71.47,71.47,71.47,71.47,381,2021-08-24 14:35:00,CCOI
71.49,71.51,71.48,71.51,400,2021-08-24 14:36:00,CCOI
71.53,71.53,71.53,71.53,100,2021-08-24 14:39:00,CCOI
71.66,71.66,71.66,71.66,100,2021-08-24 14:41:00,CCOI
71.6,71.6,71.6,71.6,100,2021-08-24 14:44:00,CCOI
71.6813,71.6813,71.6813,71.6813,420,2021-08-24 14:48:00,CCOI
71.61,71.61,71.56,71.56,200,2021-08-24 14:49:00,CCOI
71.63,71.645,71.63,71.645,400,2021-08-24 14:50:00,CCOI
71.69,71.69,71.69,71.69,100,2021-08-24 14:51:00,CCOI
71.7,71.7,71.7,71.7,126,2021-08-24 14:52:00,CCOI
71.7,71.7,71.7,71.7,200,2021-08-24 14:58:00,CCOI
71.64,71.64,71.64,71.64,100,2021-08-24 14:59:00,CCOI
71.64,71.64,71.64,71.64,100,2021-08-24 15:05:00,CCOI
71.68,71.73,71.68,71.73,200,2021-08-24 15:07:00,CCOI
71.71,71.71,71.71,71.71,100,2021-08-24 15:09:00,CCOI
71.75,71.75,71.71,71.71,211,2021-08-24 15:11:00,CCOI
71.72,71.74,71.72,71.74,300,2021-08-24 15:13:00,CCOI
71.74,71.8,71.7,71.8,1100,2021-08-24 15:14:00,CCOI
71.695,71.745,71.69,71.745,543,2021-08-24 15:18:00,CCOI
71.81,71.81,71.8,71.8,200,2021-08-24 15:23:00,CCOI
71.89,71.89,71.89,71.89,100,2021-08-24 15:24:00,CCOI
71.84,71.84,71.84,71.84,100,2021-08-24 15:25:00,CCOI
71.88,71.88,71.88,71.88,100,2021-08-24 15:27:00,CCOI
71.77,71.825,71.77,71.825,200,2021-08-24 15:28:00,CCOI
71.73,71.89,71.73,71.89,1300,2021-08-24 15:31:00,CCOI
71.87,71.9125,71.87,71.91,800,2021-08-24 15:32:00,CCOI
71.945,71.945,71.89,71.89,302,2021-08-24 15:33:00,CCOI
71.955,71.955,71.955,71.955,198,2021-08-24 15:34:00,CCOI
72.0,72.11,71.995,71.995,600,2021-08-24 15:36:00,CCOI
72.04,72.04,71.95,71.95,200,2021-08-24 15:38:00,CCOI
71.96,71.96,71.96,71.96,100,2021-08-24 15:43:00,CCOI
72.06,72.06,72.0035,72.06,600,2021-08-24 15:45:00,CCOI
72.06,72.06,72.06,72.06,100,2021-08-24 15:46:00,CCOI
72.02,72.02,71.93,72.01,3966,2021-08-24 15:48:00,CCOI
72.045,72.08,72.045,72.08,200,2021-08-24 15:51:00,CCOI
72.01,72.01,71.96,72.01,650,2021-08-24 15:53:00,CCOI
71.995,71.995,71.995,71.995,100,2021-08-24 15:54:00,CCOI
72.0579,72.07,72.0579,72.07,400,2021-08-24 15:56:00,CCOI
72.04,72.04,72.04,72.04,100,2021-08-24 15:58:00,CCOI
72.1062,72.1062,72.1062,72.1062,117,2021-08-24 16:00:00,CCOI
72.03,72.07,71.975,71.99,1700,2021-08-24 16:01:00,CCOI
71.99,71.99,71.99,71.99,100,2021-08-24 16:03:00,CCOI
71.965,71.965,71.965,71.965,100,2021-08-24 16:07:00,CCOI
71.91,71.985,71.89,71.985,1100,2021-08-24 16:12:00,CCOI
71.97,71.97,71.96,71.96,200,2021-08-24 16:13:00,CCOI
71.97,72.0,71.97,72.0,300,2021-08-24 16:18:00,CCOI
72.0,72.04,72.0,72.04,200,2021-08-24 16:19:00,CCOI
71.96,72.0,71.96,72.0,200,2021-08-24 16:21:00,CCOI
71.985,71.985,71.985,71.985,100,2021-08-24 16:22:00,CCOI
71.93,71.995,71.93,71.995,500,2021-08-24 16:23:00,CCOI
72.0,72.0,72.0,72.0,100,2021-08-24 16:25:00,CCOI
71.995,71.995,71.97,71.97,300,2021-08-24 16:27:00,CCOI
71.93,71.93,71.93,71.93,100,2021-08-24 16:28:00,CCOI
71.99,71.99,71.985,71.985,200,2021-08-24 16:29:00,CCOI
71.935,71.94,71.935,71.94,200,2021-08-24 16:30:00,CCOI
71.98,71.98,71.98,71.98,200,2021-08-24 16:31:00,CCOI
71.9,71.9,71.9,71.9,100,2021-08-24 16:32:00,CCOI
71.94,71.98,71.94,71.98,200,2021-08-24 16:33:00,CCOI
71.89,72.0,71.89,71.89,935,2021-08-24 16:37:00,CCOI
71.94,71.94,71.89,71.94,300,2021-08-24 16:42:00,CCOI
71.94,71.94,71.94,71.94,102,2021-08-24 16:43:00,CCOI
71.99,71.99,71.9034,71.945,720,2021-08-24 16:44:00,CCOI
71.9,71.9,71.9,71.9,100,2021-08-24 16:47:00,CCOI
72.0,72.005,72.0,72.005,400,2021-08-24 16:49:00,CCOI
71.98,71.98,71.98,71.98,100,2021-08-24 16:50:00,CCOI
72.0,72.0,71.97,71.98,410,2021-08-24 16:52:00,CCOI
72.005,72.005,71.97,72.005,300,2021-08-24 16:53:00,CCOI
72.0,72.0,72.0,72.0,100,2021-08-24 16:54:00,CCOI
71.96,72.05,71.96,72.01,800,2021-08-24 16:56:00,CCOI
71.97,71.97,71.97,71.97,100,2021-08-24 16:57:00,CCOI
71.98,71.98,71.98,71.98,100,2021-08-24 17:02:00,CCOI
71.99,71.99,71.99,71.99,100,2021-08-24 17:05:00,CCOI
72.05,72.05,72.05,72.05,100,2021-08-24 17:09:00,CCOI
72.05,72.07,72.02,72.02,300,2021-08-24 17:10:00,CCOI
72.08,72.08,72.08,72.08,100,2021-08-24 17:11:00,CCOI
72.05,72.05,71.975,72.0,820,2021-08-24 17:12:00,CCOI
71.995,71.995,71.995,71.995,100,2021-08-24 17:14:00,CCOI
71.99,71.99,71.99,71.99,200,2021-08-24 17:16:00,CCOI
71.96,71.99,71.96,71.99,300,2021-08-24 17:17:00,CCOI
71.955,71.955,71.935,71.935,200,2021-08-24 17:20:00,CCOI
71.94,71.945,71.94,71.945,300,2021-08-24 17:21:00,CCOI
71.945,71.945,71.9,71.91,700,2021-08-24 17:22:00,CCOI
71.88,71.93,71.87,71.905,1100,2021-08-24 17:24:00,CCOI
71.87,71.9,71.87,71.9,200,2021-08-24 17:27:00,CCOI
71.87,71.87,71.87,71.87,100,2021-08-24 17:29:00,CCOI
71.905,71.905,71.905,71.905,200,2021-08-24 17:30:00,CCOI
71.93,71.97,71.93,71.97,439,2021-08-24 17:31:00,CCOI
71.95,71.95,71.95,71.95,100,2021-08-24 17:32:00,CCOI
71.95,71.99,71.93,71.935,1000,2021-08-24 17:33:00,CCOI
71.9,71.935,71.9,71.935,400,2021-08-24 17:36:00,CCOI
71.9,71.9,71.9,71.9,100,2021-08-24 17:37:00,CCOI
71.97,71.97,71.91,71.91,200,2021-08-24 17:41:00,CCOI
71.94,71.94,71.94,71.94,100,2021-08-24 17:43:00,CCOI
71.92,71.94,71.91,71.93,700,2021-08-24 17:45:00,CCOI
71.935,71.935,71.91,71.91,200,2021-08-24 17:46:00,CCOI
71.89,71.895,71.89,71.895,200,2021-08-24 17:47:00,CCOI
71.8625,71.8625,71.8625,71.8625,100,2021-08-24 17:48:00,CCOI
71.86,71.86,71.86,71.86,100,2021-08-24 17:49:00,CCOI
71.875,71.9,71.86,71.86,500,2021-08-24 17:50:00,CCOI
71.85,71.85,71.8,71.8,200,2021-08-24 17:51:00,CCOI
71.78,71.78,71.78,71.78,100,2021-08-24 17:56:00,CCOI
71.75,71.75,71.75,71.75,100,2021-08-24 17:57:00,CCOI
71.7,71.7,71.69,71.69,200,2021-08-24 17:59:00,CCOI
71.74,71.74,71.74,71.74,100,2021-08-24 18:00:00,CCOI
71.69,71.69,71.69,71.69,100,2021-08-24 18:01:00,CCOI
71.65,71.65,71.65,71.65,190,2021-08-24 18:02:00,CCOI
71.62,71.73,71.6,71.73,1010,2021-08-24 18:03:00,CCOI
71.64,71.65,71.63,71.65,500,2021-08-24 18:04:00,CCOI
71.65,71.65,71.56,71.65,800,2021-08-24 18:06:00,CCOI
71.64,71.65,71.64,71.65,300,2021-08-24 18:07:00,CCOI
71.7194,71.74,71.7194,71.74,399,2021-08-24 18:10:00,CCOI
71.67,71.67,71.6475,71.6475,800,2021-08-24 18:16:00,CCOI
71.65,71.65,71.65,71.65,100,2021-08-24 18:17:00,CCOI
71.65,71.655,71.59,71.655,801,2021-08-24 18:18:00,CCOI
71.65,71.65,71.65,71.65,360,2021-08-24 18:19:00,CCOI
71.62,71.62,71.62,71.62,100,2021-08-24 18:20:00,CCOI
71.62,71.64,71.62,71.64,600,2021-08-24 18:21:00,CCOI
71.54,71.54,71.485,71.485,300,2021-08-24 18:22:00,CCOI
71.46,71.46,71.44,71.45,300,2021-08-24 18:23:00,CCOI
71.44,71.48,71.44,71.48,800,2021-08-24 18:24:00,CCOI
71.46,71.46,71.4,71.4,200,2021-08-24 18:26:00,CCOI
71.39,71.39,71.39,71.39,200,2021-08-24 18:27:00,CCOI
71.46,71.46,71.46,71.46,700,2021-08-24 18:28:00,CCOI
71.39,71.49,71.39,71.49,600,2021-08-24 18:29:00,CCOI
71.45,71.45,71.45,71.45,100,2021-08-24 18:30:00,CCOI
71.48,71.48,71.44,71.47,600,2021-08-24 18:31:00,CCOI
71.42,71.51,71.42,71.5,600,2021-08-24 18:34:00,CCOI
71.51,71.53,71.51,71.53,400,2021-08-24 18:36:00,CCOI
71.47,71.47,71.44,71.44,400,2021-08-24 18:40:00,CCOI
71.39,71.39,71.39,71.39,100,2021-08-24 18:41:00,CCOI
71.34,71.34,71.34,71.34,100,2021-08-24 18:44:00,CCOI
71.33,71.33,71.325,71.325,200,2021-08-24 18:46:00,CCOI
71.33,71.38,71.315,71.36,2869,2021-08-24 18:47:00,CCOI
71.36,71.36,71.36,71.36,100,2021-08-24 18:51:00,CCOI
71.33,71.33,71.33,71.33,100,2021-08-24 18:55:00,CCOI
71.34,71.34,71.34,71.34,100,2021-08-24 18:57:00,CCOI
71.34,71.34,71.31,71.31,200,2021-08-24 19:00:00,CCOI
71.33,71.33,71.33,71.33,100,2021-08-24 19:02:00,CCOI
71.33,71.3764,71.33,71.3764,256,2021-08-24 19:03:00,CCOI
71.35,71.35,71.35,71.35,100,2021-08-24 19:04:00,CCOI
71.33,71.33,71.27,71.33,1400,2021-08-24 19:05:00,CCOI
71.29,71.33,71.29,71.33,200,2021-08-24 19:07:00,CCOI
71.34,71.34,71.34,71.34,360,2021-08-24 19:11:00,CCOI
71.38,71.38,71.38,71.38,100,2021-08-24 19:12:00,CCOI
71.37,71.37,71.37,71.37,100,2021-08-24 19:14:00,CCOI
71.34,71.36,71.34,71.36,200,2021-08-24 19:15:00,CCOI
71.29,71.29,71.29,71.29,100,2021-08-24 19:20:00,CCOI
71.33,71.33,71.31,71.31,200,2021-08-24 19:24:00,CCOI
71.26,71.26,71.26,71.26,100,2021-08-24 19:25:00,CCOI
71.3,71.3,71.3,71.3,100,2021-08-24 19:28:00,CCOI
71.27,71.27,71.27,71.27,100,2021-08-24 19:29:00,CCOI
71.24,71.24,71.24,71.24,100,2021-08-24 19:30:00,CCOI
71.28,71.29,71.28,71.28,800,2021-08-24 19:32:00,CCOI
71.31,71.31,71.31,71.31,100,2021-08-24 19:34:00,CCOI
71.3,71.3,71.3,71.3,100,2021-08-24 19:35:00,CCOI
71.3,71.3,71.3,71.3,400,2021-08-24 19:36:00,CCOI
71.27,71.27,71.27,71.27,100,2021-08-24 19:38:00,CCOI
71.2001,71.2001,71.2001,71.2001,117,2021-08-24 19:39:00,CCOI
71.18,71.18,71.18,71.18,200,2021-08-24 19:42:00,CCOI
71.15,71.215,71.14,71.215,1800,2021-08-24 19:43:00,CCOI
71.18,71.18,71.18,71.18,200,2021-08-24 19:49:00,CCOI
71.37,71.37,71.27,71.295,1847,2021-08-24 19:50:00,CCOI
71.25,71.28,71.24,71.24,1526,2021-08-24 19:51:00,CCOI
71.21,71.21,71.2,71.2,400,2021-08-24 19:52:00,CCOI
71.19,71.19,71.19,71.19,100,2021-08-24 19:53:00,CCOI
71.18,71.255,71.18,71.24,1442,2021-08-24 19:54:00,CCOI
71.26,71.31,71.26,71.31,1700,2021-08-24 19:55:00,CCOI
71.32,71.375,71.315,71.34,1813,2021-08-24 19:56:00,CCOI
71.35,71.42,71.35,71.355,2000,2021-08-24 19:57:00,CCOI
71.35,71.38,71.32,71.38,2970,2021-08-24 19:58:00,CCOI
71.4,71.44,71.39,71.43,2743,2021-08-24 19:59:00,CCOI
71.44,71.44,71.44,71.44,30272,2021-08-24 20:00:00,CCOI
71.44,71.44,71.44,71.44,859,2021-08-24 20:01:00,CCOI
71.65,71.65,71.12,71.6346,1496,2021-08-25 13:30:00,CCOI
71.63,71.63,71.63,71.63,100,2021-08-25 13:40:00,CCOI
71.6652,71.6652,71.6652,71.6652,107,2021-08-25 13:42:00,CCOI
71.69,71.69,71.69,71.69,100,2021-08-25 13:51:00,CCOI
71.49,71.59,71.45,71.45,886,2021-08-25 13:55:00,CCOI
71.52,71.52,71.5,71.5,200,2021-08-25 13:56:00,CCOI
71.59,71.59,71.59,71.59,100,2021-08-25 14:05:00,CCOI
71.49,71.49,71.49,71.49,100,2021-08-25 14:15:00,CCOI
71.6,71.61,71.6,71.61,400,2021-08-25 14:24:00,CCOI
71.6124,71.6124,71.6124,71.6124,355,2021-08-25 14:27:00,CCOI
71.7,71.7,71.7,71.7,100,2021-08-25 14:28:00,CCOI
71.65,71.71,71.64,71.71,400,2021-08-25 14:30:00,CCOI
71.63,71.66,71.57,71.66,512,2021-08-25 14:36:00,CCOI
71.52,71.52,71.52,71.52,200,2021-08-25 14:43:00,CCOI
71.2,71.2,71.2,71.2,200,2021-08-25 14:54:00,CCOI
71.15,71.18,71.15,71.18,200,2021-08-25 14:59:00,CCOI
71.175,71.21,71.135,71.16,14951,2021-08-25 15:00:00,CCOI
71.03,71.03,70.98,70.98,419,2021-08-25 15:08:00,CCOI
70.9,70.9,70.87,70.87,200,2021-08-25 15:12:00,CCOI
70.75,70.75,70.75,70.75,100,2021-08-25 15:17:00,CCOI
70.8,70.8,70.8,70.8,100,2021-08-25 15:18:00,CCOI
70.86,70.86,70.86,70.86,100,2021-08-25 15:19:00,CCOI
70.92,70.93,70.92,70.93,200,2021-08-25 15:20:00,CCOI
70.95,70.95,70.94,70.95,300,2021-08-25 15:21:00,CCOI
70.87,70.88,70.87,70.88,300,2021-08-25 15:23:00,CCOI
70.905,70.905,70.905,70.905,100,2021-08-25 15:28:00,CCOI
70.98,70.98,70.98,70.98,200,2021-08-25 15:33:00,CCOI
71.1,71.1,71.1,71.1,100,2021-08-25 15:44:00,CCOI
71.055,71.19,71.055,71.13,10905,2021-08-25 15:46:00,CCOI
71.12,71.12,71.12,71.12,189,2021-08-25 15:49:00,CCOI
71.19,71.19,71.19,71.19,200,2021-08-25 15:56:00,CCOI
71.23,71.23,71.2,71.2,200,2021-08-25 15:57:00,CCOI
71.17,71.2,71.16,71.2,500,2021-08-25 15:59:00,CCOI
71.275,71.275,71.275,71.275,100,2021-08-25 16:06:00,CCOI
71.34,71.34,71.34,71.34,100,2021-08-25 16:07:00,CCOI
71.31,71.31,71.3,71.3,295,2021-08-25 16:08:00,CCOI
71.3059,71.3059,71.3059,71.3059,144,2021-08-25 16:17:00,CCOI
71.28,71.28,71.28,71.28,200,2021-08-25 16:18:00,CCOI
71.25,71.25,71.25,71.25,100,2021-08-25 16:19:00,CCOI
71.18,71.225,71.18,71.18,300,2021-08-25 16:26:00,CCOI
71.225,71.225,71.225,71.225,100,2021-08-25 16:29:00,CCOI
71.27,71.285,71.2562,71.285,424,2021-08-25 16:34:00,CCOI
71.29,71.3,71.28,71.29,417,2021-08-25 16:40:00,CCOI
71.29,71.29,71.29,71.29,200,2021-08-25 16:41:00,CCOI
71.35,71.35,71.35,71.35,100,2021-08-25 16:45:00,CCOI
71.31,71.31,71.3,71.3,300,2021-08-25 16:47:00,CCOI
71.3,71.3,71.3,71.3,418,2021-08-25 16:53:00,CCOI
71.31,71.31,71.31,71.31,100,2021-08-25 16:58:00,CCOI
71.315,71.315,71.315,71.315,100,2021-08-25 17:00:00,CCOI
71.31,71.31,71.27,71.27,300,2021-08-25 17:02:00,CCOI
71.33,71.33,71.33,71.33,200,2021-08-25 17:08:00,CCOI
71.29,71.29,71.28,71.28,798,2021-08-25 17:09:00,CCOI
71.27,71.27,71.27,71.27,260,2021-08-25 17:10:00,CCOI
71.2067,71.2067,71.2067,71.2067,190,2021-08-25 17:13:00,CCOI
71.25,71.32,71.25,71.3,509,2021-08-25 17:16:00,CCOI
71.39,71.39,71.39,71.39,200,2021-08-25 17:23:00,CCOI
71.3016,71.3016,71.3016,71.3016,200,2021-08-25 17:24:00,CCOI
71.31,71.35,71.27,71.27,500,2021-08-25 17:25:00,CCOI
71.24,71.24,71.24,71.24,100,2021-08-25 17:27:00,CCOI
71.26,71.26,71.26,71.26,100,2021-08-25 17:28:00,CCOI
71.35,71.35,71.35,71.35,300,2021-08-25 17:31:00,CCOI
71.35,71.35,71.35,71.35,100,2021-08-25 17:32:00,CCOI
71.345,71.345,71.345,71.345,100,2021-08-25 17:33:00,CCOI
71.3577,71.3577,71.3577,71.3577,130,2021-08-25 17:34:00,CCOI
71.34,71.34,71.34,71.34,100,2021-08-25 17:37:00,CCOI
71.35,71.35,71.35,71.35,100,2021-08-25 17:42:00,CCOI
71.35,71.38,71.35,71.38,200,2021-08-25 17:47:00,CCOI
71.32,71.32,71.32,71.32,100,2021-08-25 17:50:00,CCOI
71.3,71.3,71.28,71.28,273,2021-08-25 17:51:00,CCOI
71.24,71.24,71.24,71.24,10100,2021-08-25 17:56:00,CCOI
71.23,71.23,71.23,71.23,100,2021-08-25 18:02:00,CCOI
71.235,71.235,71.235,71.235,400,2021-08-25 18:03:00,CCOI
71.3,71.36,71.3,71.335,1580,2021-08-25 18:05:00,CCOI
71.4,71.58,71.33,71.58,1531,2021-08-25 18:06:00,CCOI
71.52,71.52,71.44,71.47,800,2021-08-25 18:09:00,CCOI
71.48,71.53,71.48,71.48,360,2021-08-25 18:14:00,CCOI
71.5901,71.5901,71.5901,71.5901,341,2021-08-25 18:23:00,CCOI
71.61,71.66,71.55,71.595,1936,2021-08-25 18:27:00,CCOI
71.64,71.64,71.64,71.64,100,2021-08-25 18:32:00,CCOI
71.64,71.64,71.64,71.64,100,2021-08-25 18:33:00,CCOI
71.6,71.63,71.56,71.63,1367,2021-08-25 18:41:00,CCOI
71.64,71.64,71.64,71.64,200,2021-08-25 18:42:00,CCOI
71.655,71.655,71.65,71.65,600,2021-08-25 18:43:00,CCOI
71.63,71.66,71.625,71.625,400,2021-08-25 18:46:00,CCOI
71.59,71.625,71.59,71.625,200,2021-08-25 18:52:00,CCOI
71.625,71.67,71.625,71.67,228,2021-08-25 18:53:00,CCOI
71.69,71.69,71.69,71.69,100,2021-08-25 18:55:00,CCOI
71.675,71.675,71.675,71.675,100,2021-08-25 18:59:00,CCOI
71.65,71.73,71.65,71.73,570,2021-08-25 19:03:00,CCOI
71.73,71.735,71.73,71.735,300,2021-08-25 19:04:00,CCOI
71.71,71.73,71.7,71.725,900,2021-08-25 19:05:00,CCOI
71.745,71.745,71.745,71.745,100,2021-08-25 19:10:00,CCOI
71.77,71.77,71.77,71.77,100,2021-08-25 19:12:00,CCOI
71.75,71.76,71.75,71.76,200,2021-08-25 19:13:00,CCOI
71.75,71.75,71.75,71.75,100,2021-08-25 19:14:00,CCOI
71.75,71.75,71.75,71.75,1000,2021-08-25 19:15:00,CCOI
71.73,71.79,71.73,71.79,1400,2021-08-25 19:17:00,CCOI
71.77,71.77,71.69,71.73,1296,2021-08-25 19:21:00,CCOI
71.69,71.69,71.69,71.69,200,2021-08-25 19:22:00,CCOI
71.66,71.66,71.66,71.66,176,2021-08-25 19:23:00,CCOI
71.63,71.63,71.63,71.63,100,2021-08-25 19:27:00,CCOI
71.62,71.62,71.615,71.615,200,2021-08-25 19:28:00,CCOI
71.62,71.665,71.62,71.665,1540,2021-08-25 19:29:00,CCOI
71.65,71.65,71.65,71.65,238,2021-08-25 19:30:00,CCOI
71.67,71.67,71.65,71.65,300,2021-08-25 19:31:00,CCOI
71.71,71.72,71.675,71.705,500,2021-08-25 19:32:00,CCOI
71.705,71.73,71.705,71.73,625,2021-08-25 19:33:00,CCOI
71.75,71.75,71.75,71.75,110,2021-08-25 19:35:00,CCOI
71.78,71.78,71.76,71.76,200,2021-08-25 19:36:00,CCOI
71.745,71.745,71.745,71.745,100,2021-08-25 19:37:00,CCOI
71.73,71.76,71.73,71.735,2096,2021-08-25 19:38:00,CCOI
71.7,71.74,71.7,71.725,962,2021-08-25 19:39:00,CCOI
71.75,71.76,71.735,71.735,829,2021-08-25 19:40:00,CCOI
71.71,71.71,71.69,71.71,300,2021-08-25 19:41:00,CCOI
71.74,71.74,71.74,71.74,100,2021-08-25 19:42:00,CCOI
71.74,71.74,71.74,71.74,130,2021-08-25 19:43:00,CCOI
71.76,71.815,71.76,71.815,1000,2021-08-25 19:45:00,CCOI
71.82,71.83,71.815,71.83,1016,2021-08-25 19:46:00,CCOI
71.83,71.85,71.81,71.85,1000,2021-08-25 19:47:00,CCOI
71.85,71.85,71.82,71.82,200,2021-08-25 19:48:00,CCOI
71.74,71.84,71.74,71.84,703,2021-08-25 19:49:00,CCOI
71.75,71.75,71.75,71.75,240,2021-08-25 19:51:00,CCOI
71.75,71.75,71.73,71.73,200,2021-08-25 19:52:00,CCOI
71.75,71.78,71.74,71.74,1270,2021-08-25 19:53:00,CCOI
71.76,71.7696,71.74,71.7696,1078,2021-08-25 19:54:00,CCOI
71.77,71.88,71.77,71.88,1000,2021-08-25 19:55:00,CCOI
71.82,71.85,71.81,71.85,2485,2021-08-25 19:56:00,CCOI
71.85,71.85,71.81,71.83,1246,2021-08-25 19:57:00,CCOI
71.83,71.83,71.83,71.83,700,2021-08-25 19:58:00,CCOI
71.84,71.91,71.84,71.845,3734,2021-08-25 19:59:00,CCOI
71.88,71.88,71.88,71.88,27451,2021-08-25 20:00:00,CCOI
71.88,71.88,71.88,71.88,1817,2021-08-25 20:01:00,CCOI
71.67,71.96,71.3,71.3,1907,2021-08-26 13:30:00,CCOI
71.615,71.615,71.615,71.615,100,2021-08-26 13:33:00,CCOI
71.8,71.8,71.8,71.8,100,2021-08-26 13:45:00,CCOI
71.565,71.67,71.475,71.475,732,2021-08-26 13:50:00,CCOI
71.59,71.59,71.59,71.59,100,2021-08-26 13:51:00,CCOI
71.55,71.7,71.525,71.7,2371,2021-08-26 13:53:00,CCOI
71.82,71.82,71.675,71.735,500,2021-08-26 13:54:00,CCOI
71.67,71.73,71.66,71.68,1300,2021-08-26 13:58:00,CCOI
71.77,71.89,71.77,71.79,600,2021-08-26 14:00:00,CCOI
71.78,71.78,71.78,71.78,200,2021-08-26 14:01:00,CCOI
71.745,71.745,71.745,71.745,100,2021-08-26 14:07:00,CCOI
71.735,71.735,71.735,71.735,130,2021-08-26 14:08:00,CCOI
71.735,71.735,71.735,71.735,155,2021-08-26 14:09:00,CCOI
71.67,71.72,71.65,71.72,924,2021-08-26 14:10:00,CCOI
71.66,71.7,71.66,71.7,200,2021-08-26 14:11:00,CCOI
71.81,71.81,71.81,71.81,100,2021-08-26 14:19:00,CCOI
71.74,71.74,71.74,71.74,100,2021-08-26 14:21:00,CCOI
71.74,71.74,71.74,71.74,100,2021-08-26 14:22:00,CCOI
71.73,71.74,71.73,71.74,200,2021-08-26 14:24:00,CCOI
71.74,71.86,71.7,71.7,1700,2021-08-26 14:25:00,CCOI
71.7,71.8,71.69,71.8,900,2021-08-26 14:26:00,CCOI
71.74,71.74,71.74,71.74,100,2021-08-26 14:27:00,CCOI
72.02,72.02,72.02,72.02,100,2021-08-26 14:29:00,CCOI
72.05,72.06,72.05,72.05,400,2021-08-26 14:32:00,CCOI
72.06,72.06,72.06,72.06,300,2021-08-26 14:33:00,CCOI
72.095,72.095,72.05,72.05,300,2021-08-26 14:34:00,CCOI
72.09,72.09,72.09,72.09,100,2021-08-26 14:37:00,CCOI
72.06,72.06,72.06,72.06,228,2021-08-26 14:38:00,CCOI
72.11,72.11,72.11,72.11,200,2021-08-26 14:40:00,CCOI
72.03,72.03,72.03,72.03,100,2021-08-26 14:41:00,CCOI
72.0,72.0,72.0,72.0,100,2021-08-26 14:44:00,CCOI
72.015,72.015,72.015,72.015,100,2021-08-26 14:47:00,CCOI
72.04,72.05,72.04,72.05,300,2021-08-26 14:48:00,CCOI
72.005,72.005,72.005,72.005,100,2021-08-26 14:49:00,CCOI
71.97,71.98,71.97,71.98,200,2021-08-26 14:50:00,CCOI
71.93,71.93,71.85,71.9,1399,2021-08-26 14:51:00,CCOI
71.985,72.08,71.985,72.08,515,2021-08-26 14:52:00,CCOI
71.96,71.96,71.96,71.96,100,2021-08-26 14:57:00,CCOI
71.895,71.895,71.895,71.895,100,2021-08-26 15:00:00,CCOI
71.83,71.83,71.83,71.83,100,2021-08-26 15:01:00,CCOI
71.76,71.76,71.76,71.76,100,2021-08-26 15:02:00,CCOI
71.97,71.97,71.97,71.97,100,2021-08-26 15:09:00,CCOI
72.055,72.055,72.055,72.055,100,2021-08-26 15:11:00,CCOI
72.055,72.055,71.97,71.97,401,2021-08-26 15:19:00,CCOI
72.0494,72.0494,72.0,72.0,700,2021-08-26 15:22:00,CCOI
71.93,71.93,71.93,71.93,200,2021-08-26 15:25:00,CCOI
71.87,71.91,71.87,71.91,300,2021-08-26 15:28:00,CCOI
71.93,71.93,71.93,71.93,100,2021-08-26 15:29:00,CCOI
71.9648,71.9648,71.9648,71.9648,200,2021-08-26 15:34:00,CCOI
71.94,71.94,71.94,71.94,111,2021-08-26 15:35:00,CCOI
71.98,72.05,71.98,72.05,300,2021-08-26 15:37:00,CCOI
72.03,72.0301,71.96,71.96,1200,2021-08-26 15:39:00,CCOI
71.9722,71.9722,71.9722,71.9722,198,2021-08-26 15:40:00,CCOI
71.93,71.93,71.84,71.84,785,2021-08-26 15:41:00,CCOI
71.84,71.84,71.83,71.83,400,2021-08-26 15:42:00,CCOI
71.77,71.77,71.72,71.72,200,2021-08-26 15:44:00,CCOI
71.71,71.71,71.69,71.69,300,2021-08-26 15:45:00,CCOI
71.69,71.69,71.66,71.66,200,2021-08-26 15:46:00,CCOI
71.7,71.8,71.69,71.8,1374,2021-08-26 15:47:00,CCOI
71.75,71.75,71.675,71.695,300,2021-08-26 15:49:00,CCOI
71.66,71.66,71.66,71.66,100,2021-08-26 15:52:00,CCOI
71.7,71.7,71.7,71.7,100,2021-08-26 15:53:00,CCOI
71.72,71.73,71.72,71.73,300,2021-08-26 15:56:00,CCOI
71.76,71.76,71.74,71.74,200,2021-08-26 16:02:00,CCOI
71.79,71.79,71.79,71.79,300,2021-08-26 16:03:00,CCOI
71.82,71.82,71.82,71.82,100,2021-08-26 16:04:00,CCOI
71.76,71.77,71.72,71.72,561,2021-08-26 16:06:00,CCOI
71.71,71.745,71.71,71.71,1200,2021-08-26 16:09:00,CCOI
71.75,71.88,71.75,71.845,1100,2021-08-26 16:10:00,CCOI
71.845,71.845,71.845,71.845,600,2021-08-26 16:11:00,CCOI
71.89,71.89,71.87,71.87,300,2021-08-26 16:12:00,CCOI
71.88,71.88,71.78,71.78,600,2021-08-26 16:15:00,CCOI
71.76,71.76,71.73,71.73,300,2021-08-26 16:19:00,CCOI
71.765,71.765,71.72,71.72,232,2021-08-26 16:20:00,CCOI
71.695,71.695,71.695,71.695,100,2021-08-26 16:22:00,CCOI
71.665,71.69,71.665,71.69,500,2021-08-26 16:24:00,CCOI
71.655,71.655,71.655,71.655,100,2021-08-26 16:26:00,CCOI
71.655,71.655,71.64,71.64,600,2021-08-26 16:27:00,CCOI
71.6,71.7,71.6,71.7,900,2021-08-26 16:28:00,CCOI
71.675,71.675,71.675,71.675,200,2021-08-26 16:29:00,CCOI
71.685,71.685,71.67,71.67,400,2021-08-26 16:30:00,CCOI
71.61,71.665,71.61,71.665,800,2021-08-26 16:31:00,CCOI
71.71,71.74,71.66,71.67,600,2021-08-26 16:33:00,CCOI
71.69,71.74,71.69,71.74,300,2021-08-26 16:34:00,CCOI
71.78,71.78,71.78,71.78,200,2021-08-26 16:35:00,CCOI
71.78,71.82,71.78,71.8,900,2021-08-26 16:37:00,CCOI
71.805,71.805,71.805,71.805,396,2021-08-26 16:38:00,CCOI
71.8209,71.8209,71.81,71.81,720,2021-08-26 16:41:00,CCOI
71.79,71.8,71.79,71.79,700,2021-08-26 16:45:00,CCOI
71.79,71.88,71.79,71.875,1500,2021-08-26 16:46:00,CCOI
71.9,71.92,71.82,71.875,2372,2021-08-26 16:48:00,CCOI
71.89,71.89,71.81,71.81,2804,2021-08-26 16:49:00,CCOI
71.8,71.82,71.76,71.78,800,2021-08-26 16:50:00,CCOI
71.795,71.795,71.795,71.795,187,2021-08-26 16:51:00,CCOI
71.79,71.79,71.75,71.75,300,2021-08-26 16:56:00,CCOI
71.72,71.72,71.72,71.72,100,2021-08-26 16:59:00,CCOI
71.69,71.77,71.67,71.76,1900,2021-08-26 17:03:00,CCOI
71.69,71.81,71.69,71.77,1998,2021-08-26 17:04:00,CCOI
71.81,71.87,71.77,71.77,2594,2021-08-26 17:05:00,CCOI
71.72,71.75,71.72,71.75,294,2021-08-26 17:06:00,CCOI
71.75,71.75,71.75,71.75,194,2021-08-26 17:07:00,CCOI
71.73,71.73,71.73,71.73,100,2021-08-26 17:08:00,CCOI
71.78,71.78,71.75,71.75,300,2021-08-26 17:09:00,CCOI
71.7748,71.7748,71.7748,71.7748,122,2021-08-26 17:10:00,CCOI
71.76,71.9,71.76,71.9,2092,2021-08-26 17:12:00,CCOI
71.9,71.93,71.9,71.93,400,2021-08-26 17:13:00,CCOI
71.84,71.84,71.82,71.82,300,2021-08-26 17:17:00,CCOI
71.89,71.92,71.85,71.92,400,2021-08-26 17:18:00,CCOI
71.815,71.835,71.815,71.835,222,2021-08-26 17:21:00,CCOI
71.785,71.785,71.785,71.785,100,2021-08-26 17:28:00,CCOI
71.785,71.785,71.785,71.785,100,2021-08-26 17:30:00,CCOI
71.81,71.81,71.77,71.78,600,2021-08-26 17:34:00,CCOI
71.79,71.81,71.79,71.81,400,2021-08-26 17:35:00,CCOI
71.82,71.84,71.82,71.84,700,2021-08-26 17:36:00,CCOI
71.815,71.86,71.815,71.83,1551,2021-08-26 17:37:00,CCOI
71.83,71.83,71.8126,71.8126,312,2021-08-26 17:38:00,CCOI
71.79,71.87,71.79,71.83,1100,2021-08-26 17:39:00,CCOI
71.89,71.93,71.81,71.81,1961,2021-08-26 17:49:00,CCOI
71.825,71.825,71.79,71.79,300,2021-08-26 17:50:00,CCOI
71.78,71.8,71.78,71.8,200,2021-08-26 17:51:00,CCOI
71.81,71.81,71.81,71.81,100,2021-08-26 17:52:00,CCOI
71.835,71.835,71.835,71.835,100,2021-08-26 17:56:00,CCOI
71.79,71.8,71.79,71.8,200,2021-08-26 18:00:00,CCOI
71.79,71.8,71.785,71.795,510,2021-08-26 18:01:00,CCOI
71.8,71.8,71.8,71.8,300,2021-08-26 18:02:00,CCOI
71.81,71.81,71.81,71.81,200,2021-08-26 18:03:00,CCOI
71.78,71.79,71.78,71.785,300,2021-08-26 18:04:00,CCOI
71.84,71.84,71.84,71.84,100,2021-08-26 18:06:00,CCOI
71.85,71.86,71.83,71.86,1290,2021-08-26 18:07:00,CCOI
71.84,71.84,71.84,71.84,200,2021-08-26 18:09:00,CCOI
71.87,71.87,71.87,71.87,100,2021-08-26 18:11:00,CCOI
71.905,71.905,71.905,71.905,100,2021-08-26 18:12:00,CCOI
71.88,71.88,71.88,71.88,200,2021-08-26 18:14:00,CCOI
71.83,71.83,71.83,71.83,129,2021-08-26 18:18:00,CCOI
71.8692,71.8692,71.825,71.86,482,2021-08-26 18:19:00,CCOI
71.89,71.89,71.89,71.89,100,2021-08-26 18:21:00,CCOI
71.92,71.935,71.91,71.935,1133,2021-08-26 18:23:00,CCOI
71.925,71.925,71.925,71.925,100,2021-08-26 18:25:00,CCOI
71.9,71.925,71.9,71.925,400,2021-08-26 18:26:00,CCOI
71.99,71.99,71.975,71.975,600,2021-08-26 18:29:00,CCOI
72.03,72.03,72.03,72.03,261,2021-08-26 18:33:00,CCOI
72.0,72.06,72.0,72.06,500,2021-08-26 18:35:00,CCOI
71.985,71.985,71.985,71.985,100,2021-08-26 18:37:00,CCOI
72.01,72.01,72.0,72.0,200,2021-08-26 18:38:00,CCOI
72.0,72.0,72.0,72.0,100,2021-08-26 18:39:00,CCOI
72.025,72.025,72.025,72.025,140,2021-08-26 18:41:00,CCOI
72.04,72.07,72.04,72.07,300,2021-08-26 18:44:00,CCOI
72.04,72.04,72.04,72.04,100,2021-08-26 18:45:00,CCOI
72.03,72.03,72.02,72.02,200,2021-08-26 18:46:00,CCOI
72.025,72.025,72.025,72.025,100,2021-08-26 18:47:00,CCOI
71.95,72.06,71.94,72.0,1044,2021-08-26 18:48:00,CCOI
72.0,72.0,72.0,72.0,100,2021-08-26 18:53:00,CCOI
71.96,72.0,71.96,72.0,300,2021-08-26 18:59:00,CCOI
71.94,71.94,71.94,71.94,100,2021-08-26 19:00:00,CCOI
71.9,71.9,71.89,71.89,300,2021-08-26 19:02:00,CCOI
71.91,71.91,71.91,71.91,100,2021-08-26 19:04:00,CCOI
71.895,71.895,71.895,71.895,100,2021-08-26 19:05:00,CCOI
71.89,71.89,71.89,71.89,107,2021-08-26 19:07:00,CCOI
71.88,71.88,71.88,71.88,100,2021-08-26 19:08:00,CCOI
71.91,71.93,71.91,71.93,700,2021-08-26 19:09:00,CCOI
71.905,71.905,71.88,71.89,300,2021-08-26 19:11:00,CCOI
71.94,71.95,71.94,71.95,200,2021-08-26 19:14:00,CCOI
71.97,72.0,71.97,72.0,200,2021-08-26 19:16:00,CCOI
72.006,72.006,72.006,72.006,200,2021-08-26 19:17:00,CCOI
72.01,72.01,72.01,72.01,100,2021-08-26 19:21:00,CCOI
72.03,72.03,72.025,72.025,200,2021-08-26 19:22:00,CCOI
72.03,72.03,72.03,72.03,500,2021-08-26 19:25:00,CCOI
72.0,72.0,72.0,72.0,150,2021-08-26 19:26:00,CCOI
72.01,72.01,72.01,72.01,100,2021-08-26 19:27:00,CCOI
71.97,71.99,71.97,71.99,400,2021-08-26 19:28:00,CCOI
72.01,72.02,72.01,72.02,400,2021-08-26 19:29:00,CCOI
72.02,72.02,72.0,72.0,286,2021-08-26 19:30:00,CCOI
71.98,71.98,71.98,71.98,100,2021-08-26 19:31:00,CCOI
71.9,71.9,71.9,71.9,100,2021-08-26 19:33:00,CCOI
71.88,71.88,71.87,71.87,223,2021-08-26 19:34:00,CCOI
71.89,71.895,71.89,71.895,300,2021-08-26 19:35:00,CCOI
71.91,71.96,71.91,71.96,600,2021-08-26 19:36:00,CCOI
71.96,71.98,71.96,71.98,400,2021-08-26 19:37:00,CCOI
71.985,71.985,71.965,71.965,500,2021-08-26 19:38:00,CCOI
71.94,71.94,71.935,71.935,200,2021-08-26 19:39:00,CCOI
71.93,71.93,71.93,71.93,200,2021-08-26 19:40:00,CCOI
71.93,71.98,71.93,71.98,800,2021-08-26 19:41:00,CCOI
71.98,71.98,71.98,71.98,200,2021-08-26 19:42:00,CCOI
71.97,71.99,71.97,71.985,550,2021-08-26 19:43:00,CCOI
71.985,72.0,71.975,72.0,500,2021-08-26 19:45:00,CCOI
71.985,71.985,71.985,71.985,100,2021-08-26 19:46:00,CCOI
71.985,72.0,71.985,72.0,500,2021-08-26 19:47:00,CCOI
72.0,72.01,71.98,72.01,750,2021-08-26 19:49:00,CCOI
72.02,72.035,72.01,72.01,500,2021-08-26 19:50:00,CCOI
71.99,71.995,71.99,71.99,300,2021-08-26 19:51:00,CCOI
71.99,72.0,71.99,72.0,400,2021-08-26 19:52:00,CCOI
71.98,71.98,71.97,71.97,200,2021-08-26 19:53:00,CCOI
71.98,72.0,71.97,71.97,561,2021-08-26 19:54:00,CCOI
71.94,71.94,71.94,71.94,100,2021-08-26 19:55:00,CCOI
71.93,71.94,71.91,71.93,900,2021-08-26 19:56:00,CCOI
71.95,71.965,71.945,71.945,500,2021-08-26 19:57:00,CCOI
71.93,71.94,71.91,71.92,988,2021-08-26 19:58:00,CCOI
71.93,71.93,71.85,71.9,1584,2021-08-26 19:59:00,CCOI
71.88,71.88,71.88,71.88,17033,2021-08-26 20:00:00,CCOI
71.88,71.88,71.88,71.88,1306,2021-08-26 20:01:00,CCOI
72.03,72.42,72.03,72.42,2205,2021-08-27 13:30:00,CCOI
72.43,72.43,72.43,72.43,200,2021-08-27 13:33:00,CCOI
72.17,72.17,71.97,71.97,5100,2021-08-27 13:37:00,CCOI
72.17,72.17,72.17,72.17,100,2021-08-27 13:41:00,CCOI
72.055,72.055,72.055,72.055,100,2021-08-27 13:44:00,CCOI
72.08,72.08,72.08,72.08,300,2021-08-27 13:46:00,CCOI
72.14,72.14,72.14,72.14,100,2021-08-27 13:52:00,CCOI
72.14,72.14,72.14,72.14,200,2021-08-27 13:53:00,CCOI
72.135,72.135,72.135,72.135,300,2021-08-27 13:54:00,CCOI
72.1384,72.1384,72.1384,72.1384,300,2021-08-27 13:57:00,CCOI
72.05,72.05,71.8,71.8,603,2021-08-27 14:00:00,CCOI
72.05,72.085,72.05,72.085,200,2021-08-27 14:02:00,CCOI
72.07,72.07,72.07,72.07,100,2021-08-27 14:12:00,CCOI
72.19,72.19,72.03,72.18,401,2021-08-27 14:15:00,CCOI
72.18,72.29,72.18,72.29,689,2021-08-27 14:16:00,CCOI
72.285,72.285,72.285,72.285,100,2021-08-27 14:18:00,CCOI
72.35,72.35,72.35,72.35,100,2021-08-27 14:19:00,CCOI
72.25,72.35,72.25,72.35,200,2021-08-27 14:25:00,CCOI
72.21,72.24,72.21,72.24,300,2021-08-27 14:27:00,CCOI
72.33,72.33,72.24,72.24,200,2021-08-27 14:30:00,CCOI
72.29,72.29,72.29,72.29,500,2021-08-27 14:31:00,CCOI
72.24,72.24,72.24,72.24,300,2021-08-27 14:33:00,CCOI
72.12,72.27,72.12,72.27,400,2021-08-27 14:35:00,CCOI
72.32,72.32,72.32,72.32,164,2021-08-27 14:38:00,CCOI
72.32,72.32,72.32,72.32,231,2021-08-27 14:39:00,CCOI
72.32,72.325,72.29,72.325,600,2021-08-27 14:40:00,CCOI
72.36,72.36,72.36,72.36,200,2021-08-27 14:42:00,CCOI
72.35,72.35,72.35,72.35,200,2021-08-27 14:44:00,CCOI
72.36,72.4,72.36,72.4,440,2021-08-27 14:45:00,CCOI
72.41,72.41,72.4,72.4,200,2021-08-27 14:46:00,CCOI
72.47,72.54,72.46,72.54,600,2021-08-27 14:47:00,CCOI
72.61,72.61,72.61,72.61,100,2021-08-27 14:48:00,CCOI
72.56,72.56,72.56,72.56,100,2021-08-27 14:50:00,CCOI
72.565,72.565,72.565,72.565,100,2021-08-27 14:52:00,CCOI
72.57,72.57,72.57,72.57,100,2021-08-27 14:53:00,CCOI
72.49,72.49,72.35,72.35,600,2021-08-27 14:54:00,CCOI
72.44,72.5,72.44,72.5,850,2021-08-27 14:55:00,CCOI
72.57,72.57,72.57,72.57,100,2021-08-27 14:56:00,CCOI
72.59,72.59,72.59,72.59,100,2021-08-27 14:57:00,CCOI
72.48,72.48,72.48,72.48,100,2021-08-27 14:59:00,CCOI
72.52,72.55,72.52,72.55,200,2021-08-27 15:00:00,CCOI
72.62,72.62,72.62,72.62,100,2021-08-27 15:01:00,CCOI
72.56,72.62,72.55,72.6,700,2021-08-27 15:02:00,CCOI
72.6,72.6,72.6,72.6,100,2021-08-27 15:03:00,CCOI
72.56,72.56,72.56,72.56,100,2021-08-27 15:04:00,CCOI
72.57,72.57,72.57,72.57,100,2021-08-27 15:05:00,CCOI
72.53,72.53,72.53,72.53,100,2021-08-27 15:07:00,CCOI
72.55,72.58,72.55,72.57,600,2021-08-27 15:08:00,CCOI
72.57,72.61,72.545,72.545,400,2021-08-27 15:10:00,CCOI
72.55,72.56,72.55,72.56,400,2021-08-27 15:11:00,CCOI
72.57,72.58,72.57,72.58,297,2021-08-27 15:12:00,CCOI
72.6,72.68,72.6,72.68,500,2021-08-27 15:14:00,CCOI
72.74,72.74,72.74,72.74,100,2021-08-27 15:18:00,CCOI
72.73,72.74,72.73,72.74,200,2021-08-27 15:20:00,CCOI
72.69,72.69,72.69,72.69,100,2021-08-27 15:26:00,CCOI
72.66,72.66,72.66,72.66,400,2021-08-27 15:27:00,CCOI
72.62,72.62,72.62,72.62,100,2021-08-27 15:28:00,CCOI
72.53,72.53,72.53,72.53,100,2021-08-27 15:29:00,CCOI
72.46,72.46,72.46,72.46,100,2021-08-27 15:34:00,CCOI
72.46,72.46,72.46,72.46,100,2021-08-27 15:37:00,CCOI
72.52,72.52,72.52,72.52,100,2021-08-27 15:38:00,CCOI
72.55,72.57,72.55,72.57,300,2021-08-27 15:39:00,CCOI
72.55,72.55,72.54,72.54,300,2021-08-27 15:40:00,CCOI
72.63,72.63,72.63,72.63,100,2021-08-27 15:42:00,CCOI
72.61,72.61,72.61,72.61,200,2021-08-27 15:50:00,CCOI
72.59,72.59,72.59,72.59,100,2021-08-27 15:57:00,CCOI
72.605,72.605,72.55,72.55,400,2021-08-27 15:59:00,CCOI
72.52,72.52,72.52,72.52,100,2021-08-27 16:02:00,CCOI
72.47,72.47,72.47,72.47,100,2021-08-27 16:03:00,CCOI
72.47,72.47,72.47,72.47,118,2021-08-27 16:04:00,CCOI
72.47,72.47,72.47,72.47,100,2021-08-27 16:05:00,CCOI
72.5,72.53,72.5,72.53,300,2021-08-27 16:08:00,CCOI
72.62,72.63,72.55,72.55,906,2021-08-27 16:10:00,CCOI
72.55,72.555,72.47,72.47,400,2021-08-27 16:13:00,CCOI
72.59,72.59,72.59,72.59,100,2021-08-27 16:15:00,CCOI
72.56,72.56,72.56,72.56,100,2021-08-27 16:16:00,CCOI
72.53,72.535,72.47,72.51,2300,2021-08-27 16:20:00,CCOI
72.49,72.49,72.49,72.49,100,2021-08-27 16:21:00,CCOI
72.495,72.53,72.46,72.49,1820,2021-08-27 16:22:00,CCOI
72.42,72.42,72.42,72.42,100,2021-08-27 16:26:00,CCOI
72.4,72.4,72.36,72.37,600,2021-08-27 16:27:00,CCOI
72.4,72.405,72.4,72.405,200,2021-08-27 16:31:00,CCOI
72.42,72.43,72.415,72.415,500,2021-08-27 16:34:00,CCOI
72.38,72.38,72.38,72.38,100,2021-08-27 16:35:00,CCOI
72.415,72.45,72.415,72.43,400,2021-08-27 16:38:00,CCOI
72.44,72.44,72.44,72.44,100,2021-08-27 16:40:00,CCOI
72.4,72.4,72.38,72.38,200,2021-08-27 16:45:00,CCOI
72.33,72.33,72.33,72.33,100,2021-08-27 16:48:00,CCOI
72.28,72.28,72.28,72.28,400,2021-08-27 16:50:00,CCOI
72.19,72.19,72.19,72.19,100,2021-08-27 16:53:00,CCOI
72.19,72.23,72.19,72.23,200,2021-08-27 16:54:00,CCOI
72.22,72.22,72.19,72.22,451,2021-08-27 16:56:00,CCOI
72.23,72.23,72.23,72.23,500,2021-08-27 17:00:00,CCOI
72.23,72.23,72.23,72.23,200,2021-08-27 17:01:00,CCOI
72.27,72.27,72.27,72.27,300,2021-08-27 17:02:00,CCOI
72.27,72.27,72.27,72.27,100,2021-08-27 17:04:00,CCOI
72.25,72.25,72.25,72.25,100,2021-08-27 17:05:00,CCOI
72.25,72.25,72.225,72.225,400,2021-08-27 17:07:00,CCOI
72.155,72.155,72.155,72.155,100,2021-08-27 17:09:00,CCOI
72.14,72.14,72.14,72.14,200,2021-08-27 17:13:00,CCOI
72.09,72.09,72.09,72.09,100,2021-08-27 17:14:00,CCOI
72.15,72.15,72.15,72.15,100,2021-08-27 17:18:00,CCOI
72.16,72.16,72.16,72.16,217,2021-08-27 17:19:00,CCOI
72.2,72.2,72.155,72.155,534,2021-08-27 17:21:00,CCOI
72.165,72.165,72.165,72.165,180,2021-08-27 17:22:00,CCOI
72.18,72.21,72.165,72.21,916,2021-08-27 17:33:00,CCOI
72.25,72.25,72.13,72.13,5332,2021-08-27 17:34:00,CCOI
72.09,72.18,72.09,72.18,1043,2021-08-27 17:40:00,CCOI
72.195,72.195,72.14,72.14,308,2021-08-27 17:41:00,CCOI
72.125,72.13,72.125,72.13,300,2021-08-27 17:46:00,CCOI
72.15,72.16,72.145,72.16,300,2021-08-27 17:48:00,CCOI
72.11,72.11,72.09,72.09,400,2021-08-27 17:51:00,CCOI
72.09,72.09,72.09,72.09,100,2021-08-27 17:54:00,CCOI
72.1,72.105,72.1,72.105,454,2021-08-27 17:55:00,CCOI
72.095,72.12,72.095,72.11,500,2021-08-27 17:57:00,CCOI
72.11,72.13,72.04,72.13,1300,2021-08-27 18:00:00,CCOI
72.08,72.11,72.08,72.11,200,2021-08-27 18:04:00,CCOI
72.07,72.07,72.04,72.07,1131,2021-08-27 18:06:00,CCOI
72.02,72.02,72.02,72.02,100,2021-08-27 18:07:00,CCOI
72.015,72.015,72.015,72.015,100,2021-08-27 18:10:00,CCOI
72.04,72.04,72.04,72.04,100,2021-08-27 18:15:00,CCOI
71.99,71.99,71.99,71.99,100,2021-08-27 18:18:00,CCOI
71.985,71.985,71.985,71.985,200,2021-08-27 18:21:00,CCOI
71.985,71.985,71.985,71.985,400,2021-08-27 18:23:00,CCOI
72.0019,72.0019,72.0019,72.0019,100,2021-08-27 18:27:00,CCOI
72.03,72.04,71.97,71.97,1100,2021-08-27 18:28:00,CCOI
71.97,71.97,71.95,71.95,200,2021-08-27 18:29:00,CCOI
71.99,71.99,71.975,71.975,300,2021-08-27 18:30:00,CCOI
71.96,71.965,71.96,71.965,200,2021-08-27 18:32:00,CCOI
71.9675,71.99,71.95,71.95,500,2021-08-27 18:33:00,CCOI
71.95,71.95,71.95,71.95,300,2021-08-27 18:35:00,CCOI
71.94,71.94,71.94,71.94,300,2021-08-27 18:36:00,CCOI
71.915,71.93,71.915,71.93,400,2021-08-27 18:38:00,CCOI
71.92,71.94,71.92,71.92,400,2021-08-27 18:39:00,CCOI
71.94,71.94,71.94,71.94,100,2021-08-27 18:40:00,CCOI
71.91,71.91,71.91,71.91,100,2021-08-27 18:41:00,CCOI
71.91,71.91,71.91,71.91,100,2021-08-27 18:42:00,CCOI
71.915,71.915,71.915,71.915,200,2021-08-27 18:46:00,CCOI
71.91,71.91,71.91,71.91,100,2021-08-27 18:48:00,CCOI
71.89,71.92,71.89,71.91,500,2021-08-27 19:00:00,CCOI
71.94,71.95,71.94,71.95,200,2021-08-27 19:01:00,CCOI
71.96,71.96,71.955,71.955,300,2021-08-27 19:02:00,CCOI
71.94,71.94,71.94,71.94,100,2021-08-27 19:03:00,CCOI
71.995,71.995,71.995,71.995,100,2021-08-27 19:05:00,CCOI
72.035,72.035,72.035,72.035,100,2021-08-27 19:06:00,CCOI
72.055,72.055,72.055,72.055,100,2021-08-27 19:08:00,CCOI
72.06,72.06,72.06,72.06,100,2021-08-27 19:09:00,CCOI
72.05,72.05,72.05,72.05,100,2021-08-27 19:12:00,CCOI
72.03,72.04,72.01,72.03,550,2021-08-27 19:14:00,CCOI
72.04,72.09,72.04,72.055,500,2021-08-27 19:15:00,CCOI
72.03,72.08,72.03,72.08,400,2021-08-27 19:17:00,CCOI
72.05,72.06,72.05,72.05,400,2021-08-27 19:18:00,CCOI
72.06,72.06,72.06,72.06,100,2021-08-27 19:21:00,CCOI
72.07,72.07,72.07,72.07,150,2021-08-27 19:25:00,CCOI
72.09,72.09,72.09,72.09,300,2021-08-27 19:26:00,CCOI
72.11,72.125,72.09,72.125,402,2021-08-27 19:27:00,CCOI
72.1,72.11,72.07,72.07,800,2021-08-27 19:28:00,CCOI
72.08,72.1492,72.08,72.1492,200,2021-08-27 19:29:00,CCOI
72.06,72.06,72.06,72.06,281,2021-08-27 19:30:00,CCOI
72.05,72.05,72.05,72.05,200,2021-08-27 19:33:00,CCOI
72.06,72.06,72.04,72.04,600,2021-08-27 19:34:00,CCOI
72.04,72.04,72.04,72.04,200,2021-08-27 19:35:00,CCOI
72.02,72.02,72.02,72.02,100,2021-08-27 19:36:00,CCOI
71.875,71.93,71.875,71.88,300,2021-08-27 19:37:00,CCOI
71.905,71.905,71.905,71.905,170,2021-08-27 19:38:00,CCOI
71.93,71.93,71.88,71.88,200,2021-08-27 19:39:00,CCOI
71.88,71.88,71.88,71.88,100,2021-08-27 19:40:00,CCOI
71.88,71.9,71.85,71.85,600,2021-08-27 19:41:00,CCOI
71.84,71.84,71.8,71.825,500,2021-08-27 19:42:00,CCOI
71.84,71.84,71.81,71.84,400,2021-08-27 19:43:00,CCOI
71.85,71.85,71.83,71.83,200,2021-08-27 19:44:00,CCOI
71.81,71.87,71.81,71.855,800,2021-08-27 19:45:00,CCOI
71.895,71.895,71.895,71.895,100,2021-08-27 19:46:00,CCOI
71.88,71.88,71.81,71.839,757,2021-08-27 19:48:00,CCOI
71.805,71.805,71.805,71.805,100,2021-08-27 19:49:00,CCOI
71.83,71.83,71.72,71.72,900,2021-08-27 19:50:00,CCOI
71.74,71.74,71.72,71.74,400,2021-08-27 19:51:00,CCOI
71.73,71.73,71.68,71.7,760,2021-08-27 19:52:00,CCOI
71.695,71.71,71.65,71.65,800,2021-08-27 19:53:00,CCOI
71.7,71.7175,71.655,71.655,1500,2021-08-27 19:54:00,CCOI
71.72,71.72,71.655,71.665,1635,2021-08-27 19:55:00,CCOI
71.68,71.7,71.63,71.69,2800,2021-08-27 19:56:00,CCOI
71.69,71.71,71.66,71.67,3750,2021-08-27 19:57:00,CCOI
71.655,71.775,71.655,71.77,3900,2021-08-27 19:58:00,CCOI
71.77,71.94,71.73,71.94,12076,2021-08-27 19:59:00,CCOI
71.93,71.93,71.93,71.93,64237,2021-08-27 20:00:00,CCOI
71.93,71.93,71.93,71.93,1422,2021-08-27 20:01:00,CCOI
72.2,72.21,72.2,72.21,1592,2021-08-30 13:30:00,CCOI
72.42,72.425,72.42,72.425,400,2021-08-30 13:31:00,CCOI
72.49,72.49,72.49,72.49,100,2021-08-30 13:32:00,CCOI
72.19,72.19,71.99,71.99,200,2021-08-30 13:34:00,CCOI
71.99,71.99,71.99,71.99,100,2021-08-30 13:37:00,CCOI
71.96,71.96,71.96,71.96,100,2021-08-30 13:38:00,CCOI
72.12,72.12,71.94,71.94,2712,2021-08-30 13:42:00,CCOI
72.01,72.18,72.0,72.15,600,2021-08-30 13:46:00,CCOI
72.36,72.36,72.36,72.36,100,2021-08-30 13:49:00,CCOI
72.38,72.445,72.34,72.37,3280,2021-08-30 13:50:00,CCOI
72.53,72.65,72.53,72.57,600,2021-08-30 13:51:00,CCOI
72.64,72.73,72.53,72.645,3000,2021-08-30 13:52:00,CCOI
72.65,72.735,72.65,72.735,2498,2021-08-30 13:53:00,CCOI
72.75,72.87,72.75,72.87,400,2021-08-30 13:54:00,CCOI
72.92,72.94,72.92,72.94,387,2021-08-30 13:55:00,CCOI
72.94,72.95,72.94,72.95,200,2021-08-30 13:56:00,CCOI
73.03,73.15,72.9737,72.9862,2532,2021-08-30 13:57:00,CCOI
73.075,73.075,73.075,73.075,100,2021-08-30 13:58:00,CCOI
73.2,73.2,73.2,73.2,100,2021-08-30 13:59:00,CCOI
73.19,73.2,73.19,73.2,400,2021-08-30 14:00:00,CCOI
73.33,73.35,73.1,73.29,1300,2021-08-30 14:01:00,CCOI
73.29,73.29,73.29,73.29,100,2021-08-30 14:03:00,CCOI
73.29,73.29,73.1,73.1,300,2021-08-30 14:04:00,CCOI
73.19,73.19,72.98,72.99,600,2021-08-30 14:05:00,CCOI
72.99,72.99,72.99,72.99,100,2021-08-30 14:06:00,CCOI
73.07,73.07,73.07,73.07,100,2021-08-30 14:09:00,CCOI
73.0,73.0,72.93,72.995,700,2021-08-30 14:10:00,CCOI
73.04,73.04,73.04,73.04,100,2021-08-30 14:14:00,CCOI
73.03,73.03,73.02,73.02,200,2021-08-30 14:15:00,CCOI
73.18,73.18,73.105,73.105,200,2021-08-30 14:16:00,CCOI
73.105,73.105,73.105,73.105,100,2021-08-30 14:17:00,CCOI
73.0548,73.09,73.0548,73.09,330,2021-08-30 14:18:00,CCOI
73.14,73.14,73.04,73.04,500,2021-08-30 14:19:00,CCOI
73.14,73.14,73.05,73.0659,500,2021-08-30 14:21:00,CCOI
73.14,73.14,73.14,73.14,100,2021-08-30 14:23:00,CCOI
73.14,73.14,72.89,72.915,900,2021-08-30 14:24:00,CCOI
72.92,72.92,72.92,72.92,100,2021-08-30 14:26:00,CCOI
72.92,72.96,72.91,72.91,900,2021-08-30 14:27:00,CCOI
72.91,72.965,72.84,72.84,433,2021-08-30 14:28:00,CCOI
72.83,72.96,72.83,72.96,300,2021-08-30 14:33:00,CCOI
72.97,72.97,72.97,72.97,100,2021-08-30 14:34:00,CCOI
72.91,72.97,72.91,72.97,200,2021-08-30 14:35:00,CCOI
72.97,72.97,72.97,72.97,100,2021-08-30 14:36:00,CCOI
72.97,72.99,72.925,72.925,800,2021-08-30 14:37:00,CCOI
72.94,72.94,72.94,72.94,100,2021-08-30 14:38:00,CCOI
72.935,72.935,72.935,72.935,300,2021-08-30 14:46:00,CCOI
72.97,72.98,72.97,72.98,359,2021-08-30 14:47:00,CCOI
73.01,73.01,73.01,73.01,600,2021-08-30 14:48:00,CCOI
73.045,73.045,73.045,73.045,100,2021-08-30 14:49:00,CCOI
73.09,73.09,73.09,73.09,100,2021-08-30 14:51:00,CCOI
73.05,73.17,73.05,73.17,400,2021-08-30 14:54:00,CCOI
73.1691,73.17,73.1691,73.17,400,2021-08-30 14:55:00,CCOI
73.14,73.17,73.14,73.17,415,2021-08-30 14:56:00,CCOI
73.17,73.18,73.17,73.18,200,2021-08-30 14:57:00,CCOI
73.14,73.14,73.14,73.14,500,2021-08-30 14:58:00,CCOI
73.17,73.17,73.17,73.17,100,2021-08-30 15:00:00,CCOI
73.14,73.17,73.14,73.17,700,2021-08-30 15:01:00,CCOI
73.17,73.23,73.17,73.23,500,2021-08-30 15:02:00,CCOI
73.235,73.235,73.22,73.22,650,2021-08-30 15:07:00,CCOI
73.22,73.22,73.162,73.17,1200,2021-08-30 15:08:00,CCOI
73.195,73.23,73.195,73.23,800,2021-08-30 15:11:00,CCOI
73.2,73.2,73.173,73.173,500,2021-08-30 15:12:00,CCOI
73.2,73.2,73.13,73.13,911,2021-08-30 15:13:00,CCOI
73.0,73.0,73.0,73.0,100,2021-08-30 15:16:00,CCOI
72.995,72.995,72.995,72.995,100,2021-08-30 15:17:00,CCOI
72.99,73.03,72.99,73.03,500,2021-08-30 15:19:00,CCOI
73.09,73.12,73.07,73.07,2759,2021-08-30 15:21:00,CCOI
73.23,73.23,73.22,73.22,200,2021-08-30 15:25:00,CCOI
73.17,73.21,73.17,73.21,300,2021-08-30 15:26:00,CCOI
73.18,73.21,73.18,73.21,200,2021-08-30 15:31:00,CCOI
73.205,73.205,73.205,73.205,200,2021-08-30 15:33:00,CCOI
73.21,73.215,73.21,73.21,800,2021-08-30 15:35:00,CCOI
73.21,73.25,73.21,73.25,400,2021-08-30 15:36:00,CCOI
73.235,73.235,73.19,73.19,400,2021-08-30 15:37:00,CCOI
73.19,73.19,73.19,73.19,100,2021-08-30 15:39:00,CCOI
73.21,73.23,73.21,73.23,400,2021-08-30 15:40:00,CCOI
73.23,73.24,73.23,73.24,200,2021-08-30 15:41:00,CCOI
73.255,73.255,73.255,73.255,500,2021-08-30 15:44:00,CCOI
73.255,73.255,73.255,73.255,100,2021-08-30 15:45:00,CCOI
73.255,73.26,73.235,73.255,3773,2021-08-30 15:46:00,CCOI
73.255,73.26,73.23,73.23,1200,2021-08-30 15:47:00,CCOI
73.19,73.21,73.15,73.21,1245,2021-08-30 15:48:00,CCOI
73.15,73.17,73.045,73.045,2100,2021-08-30 15:49:00,CCOI
73.09,73.09,73.09,73.09,100,2021-08-30 15:50:00,CCOI
73.05,73.05,72.99,73.04,2698,2021-08-30 15:52:00,CCOI
73.05,73.05,73.04,73.04,500,2021-08-30 15:53:00,CCOI
73.04,73.04,73.04,73.04,200,2021-08-30 15:54:00,CCOI
73.01,73.02,72.93,73.0,3374,2021-08-30 15:55:00,CCOI
72.99,73.06,72.94,73.06,5100,2021-08-30 15:56:00,CCOI
73.04,73.04,72.94,72.94,900,2021-08-30 15:57:00,CCOI
72.96,73.02,72.94,72.94,1700,2021-08-30 15:58:00,CCOI
72.96,72.99,72.96,72.96,900,2021-08-30 15:59:00,CCOI
72.95,72.95,72.88,72.92,1182,2021-08-30 16:00:00,CCOI
72.915,72.9596,72.915,72.9596,1300,2021-08-30 16:01:00,CCOI
72.99,73.03,72.99,73.03,300,2021-08-30 16:02:00,CCOI
73.08,73.205,73.08,73.205,500,2021-08-30 16:03:00,CCOI
73.21,73.21,73.21,73.21,700,2021-08-30 16:05:00,CCOI
73.16,73.16,73.16,73.16,100,2021-08-30 16:09:00,CCOI
73.2,73.2,73.13,73.13,1100,2021-08-30 16:15:00,CCOI
73.14,73.14,73.14,73.14,100,2021-08-30 16:16:00,CCOI
73.14,73.14,73.11,73.11,600,2021-08-30 16:17:00,CCOI
73.105,73.105,73.08,73.105,400,2021-08-30 16:20:00,CCOI
73.1,73.1,73.1,73.1,200,2021-08-30 16:22:00,CCOI
73.12,73.12,73.12,73.12,100,2021-08-30 16:25:00,CCOI
73.1,73.125,73.095,73.1,500,2021-08-30 16:27:00,CCOI
73.12,73.14,73.12,73.14,872,2021-08-30 16:29:00,CCOI
73.135,73.135,73.11,73.11,200,2021-08-30 16:31:00,CCOI
73.105,73.13,73.105,73.12,400,2021-08-30 16:37:00,CCOI
73.11,73.11,73.11,73.11,103,2021-08-30 16:38:00,CCOI
73.1,73.105,73.1,73.1,400,2021-08-30 16:40:00,CCOI
73.11,73.11,73.11,73.11,100,2021-08-30 16:42:00,CCOI
73.11,73.11,73.11,73.11,100,2021-08-30 16:43:00,CCOI
73.11,73.11,73.11,73.11,100,2021-08-30 16:45:00,CCOI
73.1099,73.1099,73.1099,73.1099,104,2021-08-30 16:50:00,CCOI
73.15,73.15,73.15,73.15,200,2021-08-30 16:51:00,CCOI
73.16,73.16,73.16,73.16,100,2021-08-30 16:53:00,CCOI
73.15,73.15,73.15,73.15,100,2021-08-30 16:55:00,CCOI
73.1381,73.1381,73.1381,73.1381,183,2021-08-30 16:56:00,CCOI
73.17,73.1738,73.17,73.1738,383,2021-08-30 16:59:00,CCOI
73.2,73.2,73.2,73.2,100,2021-08-30 17:03:00,CCOI
73.21,73.21,73.21,73.21,100,2021-08-30 17:04:00,CCOI
73.24,73.295,73.24,73.295,650,2021-08-30 17:05:00,CCOI
73.31,73.35,73.31,73.35,692,2021-08-30 17:06:00,CCOI
73.46,73.46,73.46,73.46,100,2021-08-30 17:07:00,CCOI
73.47,73.47,73.47,73.47,100,2021-08-30 17:08:00,CCOI
73.47,73.47,73.44,73.44,200,2021-08-30 17:09:00,CCOI
73.46,73.46,73.46,73.46,100,2021-08-30 17:10:00,CCOI
73.47,73.47,73.47,73.47,100,2021-08-30 17:12:00,CCOI
73.47,73.52,73.455,73.47,1200,2021-08-30 17:13:00,CCOI
73.56,73.56,73.56,73.56,100,2021-08-30 17:15:00,CCOI
73.56,73.56,73.56,73.56,100,2021-08-30 17:17:00,CCOI
73.4808,73.4808,73.4808,73.4808,150,2021-08-30 17:18:00,CCOI
73.55,73.55,73.55,73.55,100,2021-08-30 17:19:00,CCOI
73.56,73.639,73.56,73.595,954,2021-08-30 17:21:00,CCOI
73.6,73.6,73.56,73.56,200,2021-08-30 17:22:00,CCOI
73.595,73.595,73.595,73.595,100,2021-08-30 17:23:00,CCOI
73.595,73.595,73.595,73.595,100,2021-08-30 17:24:00,CCOI
73.595,73.595,73.595,73.595,120,2021-08-30 17:25:00,CCOI
73.5806,73.5806,73.5806,73.5806,100,2021-08-30 17:26:00,CCOI
73.64,73.64,73.64,73.64,100,2021-08-30 17:28:00,CCOI
73.67,73.67,73.67,73.67,100,2021-08-30 17:30:00,CCOI
73.7,73.7,73.7,73.7,100,2021-08-30 17:32:00,CCOI
73.69,73.69,73.69,73.69,100,2021-08-30 17:33:00,CCOI
73.71,73.72,73.71,73.72,200,2021-08-30 17:34:00,CCOI
73.74,73.74,73.74,73.74,200,2021-08-30 17:35:00,CCOI
73.81,73.81,73.81,73.81,100,2021-08-30 17:36:00,CCOI
73.82,73.82,73.82,73.82,100,2021-08-30 17:38:00,CCOI
73.85,73.85,73.85,73.85,100,2021-08-30 17:39:00,CCOI
73.85,73.9,73.85,73.9,500,2021-08-30 17:40:00,CCOI
73.92,73.92,73.92,73.92,100,2021-08-30 17:42:00,CCOI
73.95,73.95,73.91,73.91,900,2021-08-30 17:43:00,CCOI
73.92,73.92,73.92,73.92,100,2021-08-30 17:45:00,CCOI
73.97,73.97,73.97,73.97,300,2021-08-30 17:46:00,CCOI
73.99,73.99,73.99,73.99,100,2021-08-30 17:47:00,CCOI
73.96,73.98,73.92,73.98,805,2021-08-30 17:48:00,CCOI
73.95,73.96,73.92,73.95,1010,2021-08-30 17:49:00,CCOI
73.955,73.97,73.955,73.97,233,2021-08-30 17:50:00,CCOI
73.965,73.965,73.93,73.93,645,2021-08-30 17:51:00,CCOI
73.86,73.87,73.85,73.87,400,2021-08-30 17:52:00,CCOI
73.8,73.805,73.8,73.805,200,2021-08-30 17:53:00,CCOI
73.76,73.76,73.76,73.76,100,2021-08-30 17:56:00,CCOI
73.75,73.75,73.75,73.75,100,2021-08-30 17:57:00,CCOI
73.745,73.762,73.745,73.762,419,2021-08-30 18:00:00,CCOI
73.735,73.735,73.735,73.735,200,2021-08-30 18:02:00,CCOI
73.735,73.735,73.68,73.69,700,2021-08-30 18:03:00,CCOI
73.63,73.63,73.63,73.63,100,2021-08-30 18:04:00,CCOI
73.64,73.69,73.64,73.69,300,2021-08-30 18:05:00,CCOI
73.67,73.67,73.67,73.67,100,2021-08-30 18:06:00,CCOI
73.67,73.67,73.67,73.67,100,2021-08-30 18:07:00,CCOI
73.68,73.68,73.68,73.68,200,2021-08-30 18:08:00,CCOI
73.72,73.74,73.72,73.72,500,2021-08-30 18:10:00,CCOI
73.78,73.78,73.78,73.78,100,2021-08-30 18:11:00,CCOI
73.825,73.825,73.825,73.825,100,2021-08-30 18:12:00,CCOI
73.82,73.825,73.82,73.825,502,2021-08-30 18:13:00,CCOI
73.855,73.91,73.855,73.91,300,2021-08-30 18:15:00,CCOI
73.89,73.89,73.865,73.865,500,2021-08-30 18:20:00,CCOI
73.85,73.85,73.81,73.835,600,2021-08-30 18:21:00,CCOI
73.815,73.8402,73.815,73.8402,266,2021-08-30 18:22:00,CCOI
73.795,73.8,73.78,73.8,300,2021-08-30 18:23:00,CCOI
73.78,73.78,73.78,73.78,100,2021-08-30 18:24:00,CCOI
73.79,73.79,73.79,73.79,100,2021-08-30 18:26:00,CCOI
73.79,73.85,73.79,73.84,700,2021-08-30 18:29:00,CCOI
73.85,73.855,73.85,73.855,200,2021-08-30 18:31:00,CCOI
73.855,73.855,73.77,73.77,900,2021-08-30 18:33:00,CCOI
73.77,73.77,73.77,73.77,100,2021-08-30 18:34:00,CCOI
73.77,73.77,73.68,73.68,1029,2021-08-30 18:36:00,CCOI
73.61,73.65,73.61,73.61,700,2021-08-30 18:37:00,CCOI
73.59,73.6,73.59,73.595,500,2021-08-30 18:39:00,CCOI
73.63,73.63,73.63,73.63,200,2021-08-30 18:45:00,CCOI
73.67,73.675,73.67,73.675,200,2021-08-30 18:54:00,CCOI
73.67,73.67,73.67,73.67,100,2021-08-30 18:55:00,CCOI
73.675,73.675,73.675,73.675,200,2021-08-30 18:58:00,CCOI
73.64,73.665,73.63,73.63,727,2021-08-30 18:59:00,CCOI
73.61,73.61,73.61,73.61,100,2021-08-30 19:01:00,CCOI
73.635,73.66,73.54,73.55,3300,2021-08-30 19:02:00,CCOI
73.545,73.57,73.51,73.51,600,2021-08-30 19:03:00,CCOI
73.47,73.47,73.36,73.39,1203,2021-08-30 19:04:00,CCOI
73.39,73.41,73.39,73.39,600,2021-08-30 19:05:00,CCOI
73.485,73.49,73.485,73.49,200,2021-08-30 19:06:00,CCOI
73.53,73.53,73.53,73.53,100,2021-08-30 19:13:00,CCOI
73.585,73.63,73.57,73.63,400,2021-08-30 19:15:00,CCOI
73.7097,73.7097,73.7097,73.7097,171,2021-08-30 19:17:00,CCOI
73.67,73.67,73.67,73.67,100,2021-08-30 19:18:00,CCOI
73.75,73.75,73.75,73.75,100,2021-08-30 19:19:00,CCOI
73.74,73.84,73.7314,73.84,679,2021-08-30 19:20:00,CCOI
73.76,73.795,73.76,73.795,300,2021-08-30 19:21:00,CCOI
73.775,73.775,73.75,73.76,349,2021-08-30 19:22:00,CCOI
73.73,73.76,73.55,73.585,1990,2021-08-30 19:23:00,CCOI
73.46,73.46,73.46,73.46,100,2021-08-30 19:24:00,CCOI
73.43,73.43,73.43,73.43,146,2021-08-30 19:25:00,CCOI
73.435,73.51,73.435,73.51,300,2021-08-30 19:26:00,CCOI
73.475,73.475,73.475,73.475,100,2021-08-30 19:27:00,CCOI
73.45,73.45,73.45,73.45,100,2021-08-30 19:28:00,CCOI
73.44,73.47,73.44,73.47,446,2021-08-30 19:29:00,CCOI
73.44,73.47,73.44,73.47,874,2021-08-30 19:30:00,CCOI
73.49,73.49,73.49,73.49,100,2021-08-30 19:32:00,CCOI
73.485,73.53,73.485,73.495,525,2021-08-30 19:33:00,CCOI
73.51,73.54,73.51,73.54,670,2021-08-30 19:34:00,CCOI
73.52,73.55,73.5,73.51,400,2021-08-30 19:35:00,CCOI
73.53,73.56,73.53,73.56,300,2021-08-30 19:36:00,CCOI
73.58,73.58,73.5,73.545,1400,2021-08-30 19:37:00,CCOI
73.51,73.51,73.3,73.32,6291,2021-08-30 19:38:00,CCOI
73.33,73.4,73.25,73.29,13104,2021-08-30 19:39:00,CCOI
73.32,73.32,73.28,73.28,200,2021-08-30 19:40:00,CCOI
73.26,73.26,73.26,73.26,100,2021-08-30 19:42:00,CCOI
73.22,73.24,73.13,73.13,1700,2021-08-30 19:43:00,CCOI
73.05,73.065,73.03,73.03,1040,2021-08-30 19:44:00,CCOI
73.03,73.11,73.03,73.11,700,2021-08-30 19:45:00,CCOI
73.135,73.135,73.135,73.135,100,2021-08-30 19:46:00,CCOI
73.19,73.27,73.19,73.27,1000,2021-08-30 19:49:00,CCOI
73.29,73.29,73.29,73.29,100,2021-08-30 19:50:00,CCOI
73.25,73.25,73.25,73.25,100,2021-08-30 19:51:00,CCOI
73.27,73.27,73.25,73.265,700,2021-08-30 19:52:00,CCOI
73.265,73.29,73.25,73.29,2318,2021-08-30 19:53:00,CCOI
73.29,73.3,73.24,73.25,12327,2021-08-30 19:54:00,CCOI
73.24,73.26,73.21,73.25,1100,2021-08-30 19:55:00,CCOI
73.22,73.235,73.14,73.14,1600,2021-08-30 19:56:00,CCOI
73.17,73.17,73.05,73.09,3000,2021-08-30 19:57:00,CCOI
73.085,73.17,73.085,73.1,1900,2021-08-30 19:58:00,CCOI
73.1,73.14,73.05,73.14,5661,2021-08-30 19:59:00,CCOI
73.15,73.15,73.15,73.15,36057,2021-08-30 20:00:00,CCOI
73.15,73.15,73.15,73.15,654,2021-08-30 20:01:00,CCOI
72.8,72.99,72.625,72.625,1923,2021-08-31 13:30:00,CCOI
72.88,72.88,72.88,72.88,100,2021-08-31 13:31:00,CCOI
72.5028,72.6345,72.5028,72.6345,1050,2021-08-31 13:32:00,CCOI
72.56,72.63,72.56,72.63,800,2021-08-31 13:33:00,CCOI
72.58,72.58,72.19,72.19,2165,2021-08-31 13:34:00,CCOI
72.18,72.18,72.11,72.11,300,2021-08-31 13:35:00,CCOI
72.17,72.25,72.16,72.175,700,2021-08-31 13:36:00,CCOI
72.11,72.13,72.1,72.13,600,2021-08-31 13:37:00,CCOI
72.03,72.03,71.95,71.95,300,2021-08-31 13:38:00,CCOI
71.88,71.96,71.78,71.82,976,2021-08-31 13:39:00,CCOI
72.07,72.07,72.07,72.07,100,2021-08-31 13:43:00,CCOI
72.05,72.18,72.04,72.11,2406,2021-08-31 13:45:00,CCOI
72.255,72.255,72.23,72.23,400,2021-08-31 13:46:00,CCOI
72.31,72.32,72.31,72.32,300,2021-08-31 13:47:00,CCOI
72.49,72.5,72.49,72.5,201,2021-08-31 13:49:00,CCOI
72.46,72.46,72.46,72.46,100,2021-08-31 13:50:00,CCOI
72.41,72.5,72.41,72.5,300,2021-08-31 13:52:00,CCOI
72.54,72.545,72.53,72.545,300,2021-08-31 13:53:00,CCOI
72.65,72.65,72.65,72.65,100,2021-08-31 13:54:00,CCOI
72.64,72.64,72.64,72.64,300,2021-08-31 13:59:00,CCOI
72.55,72.55,72.55,72.55,100,2021-08-31 14:00:00,CCOI
72.51,72.51,72.51,72.51,100,2021-08-31 14:02:00,CCOI
72.48,72.48,72.48,72.48,100,2021-08-31 14:03:00,CCOI
72.41,72.41,72.365,72.365,500,2021-08-31 14:05:00,CCOI
72.39,72.39,72.29,72.29,400,2021-08-31 14:06:00,CCOI
72.36,72.36,72.36,72.36,200,2021-08-31 14:07:00,CCOI
72.375,72.375,72.375,72.375,100,2021-08-31 14:11:00,CCOI
72.45,72.46,72.425,72.425,340,2021-08-31 14:12:00,CCOI
72.49,72.49,72.35,72.43,940,2021-08-31 14:14:00,CCOI
72.395,72.395,72.385,72.385,500,2021-08-31 14:15:00,CCOI
72.46,72.46,72.46,72.46,100,2021-08-31 14:18:00,CCOI
72.36,72.36,72.35,72.35,200,2021-08-31 14:19:00,CCOI
72.36,72.36,72.31,72.31,200,2021-08-31 14:20:00,CCOI
72.245,72.245,72.245,72.245,100,2021-08-31 14:22:00,CCOI
72.26,72.29,72.26,72.29,400,2021-08-31 14:25:00,CCOI
72.2015,72.2015,72.2015,72.2015,350,2021-08-31 14:26:00,CCOI
72.37,72.37,72.37,72.37,100,2021-08-31 14:27:00,CCOI
72.5,72.58,72.5,72.58,300,2021-08-31 14:29:00,CCOI
72.66,72.66,72.66,72.66,100,2021-08-31 14:31:00,CCOI
72.68,72.72,72.65,72.72,400,2021-08-31 14:32:00,CCOI
72.8,72.86,72.795,72.8,500,2021-08-31 14:33:00,CCOI
72.86,72.86,72.86,72.86,100,2021-08-31 14:34:00,CCOI
72.77,72.77,72.77,72.77,100,2021-08-31 14:35:00,CCOI
72.651,72.71,72.651,72.71,300,2021-08-31 14:36:00,CCOI
72.66,72.66,72.645,72.645,300,2021-08-31 14:37:00,CCOI
72.57,72.59,72.55,72.59,300,2021-08-31 14:38:00,CCOI
72.615,72.615,72.615,72.615,100,2021-08-31 14:39:00,CCOI
72.63,72.63,72.61,72.61,800,2021-08-31 14:40:00,CCOI
72.65,72.68,72.65,72.68,300,2021-08-31 14:41:00,CCOI
72.75,72.75,72.75,72.75,100,2021-08-31 14:46:00,CCOI
72.785,72.785,72.785,72.785,100,2021-08-31 14:47:00,CCOI
72.73,72.73,72.62,72.62,392,2021-08-31 14:50:00,CCOI
72.615,72.615,72.615,72.615,100,2021-08-31 14:52:00,CCOI
72.63,72.63,72.63,72.63,100,2021-08-31 14:53:00,CCOI
72.69,72.7,72.69,72.7,200,2021-08-31 14:54:00,CCOI
72.695,72.695,72.695,72.695,100,2021-08-31 14:55:00,CCOI
72.75,72.76,72.75,72.76,300,2021-08-31 14:59:00,CCOI
72.701,72.71,72.7,72.7,400,2021-08-31 15:00:00,CCOI
72.66,72.66,72.66,72.66,100,2021-08-31 15:03:00,CCOI
72.7,72.7,72.7,72.7,128,2021-08-31 15:04:00,CCOI
72.7,72.82,72.7,72.82,200,2021-08-31 15:05:00,CCOI
72.78,72.78,72.75,72.75,209,2021-08-31 15:06:00,CCOI
72.81,72.81,72.81,72.81,100,2021-08-31 15:09:00,CCOI
72.8,72.8,72.8,72.8,100,2021-08-31 15:11:00,CCOI
72.82,72.82,72.79,72.79,200,2021-08-31 15:12:00,CCOI
72.82,72.82,72.82,72.82,100,2021-08-31 15:13:00,CCOI
72.9,72.9,72.9,72.9,100,2021-08-31 15:18:00,CCOI
72.83,72.83,72.69,72.71,900,2021-08-31 15:19:00,CCOI
72.735,72.735,72.735,72.735,100,2021-08-31 15:24:00,CCOI
72.8,72.8,72.8,72.8,130,2021-08-31 15:32:00,CCOI
72.8,72.8,72.8,72.8,100,2021-08-31 15:34:00,CCOI
72.87,72.87,72.845,72.845,200,2021-08-31 15:35:00,CCOI
72.75,72.785,72.75,72.785,200,2021-08-31 15:37:00,CCOI
72.75,72.75,72.75,72.75,100,2021-08-31 15:40:00,CCOI
72.84,72.84,72.81,72.81,300,2021-08-31 15:43:00,CCOI
72.775,72.81,72.775,72.81,200,2021-08-31 15:49:00,CCOI
72.81,72.81,72.81,72.81,100,2021-08-31 15:50:00,CCOI
72.81,72.835,72.75,72.75,500,2021-08-31 15:52:00,CCOI
72.75,72.82,72.75,72.82,200,2021-08-31 15:53:00,CCOI
72.84,72.84,72.81,72.81,200,2021-08-31 15:58:00,CCOI
72.8,72.8,72.8,72.8,300,2021-08-31 15:59:00,CCOI
72.78,72.78,72.78,72.78,200,2021-08-31 16:00:00,CCOI
72.82,72.82,72.82,72.82,200,2021-08-31 16:01:00,CCOI
72.8,72.8,72.8,72.8,100,2021-08-31 16:04:00,CCOI
72.84,72.84,72.84,72.84,200,2021-08-31 16:06:00,CCOI
72.8,72.8,72.78,72.78,200,2021-08-31 16:07:00,CCOI
72.79,72.79,72.79,72.79,100,2021-08-31 16:10:00,CCOI
72.74,72.74,72.72,72.72,300,2021-08-31 16:11:00,CCOI
72.78,72.79,72.78,72.78,300,2021-08-31 16:15:00,CCOI
72.75,72.77,72.63,72.63,2000,2021-08-31 16:21:00,CCOI
72.64,72.64,72.64,72.64,100,2021-08-31 16:22:00,CCOI
72.5905,72.5905,72.5905,72.5905,289,2021-08-31 16:25:00,CCOI
72.59,72.59,72.58,72.58,400,2021-08-31 16:27:00,CCOI
72.55,72.55,72.55,72.55,200,2021-08-31 16:32:00,CCOI
72.51,72.51,72.46,72.495,700,2021-08-31 16:33:00,CCOI
72.495,72.495,72.495,72.495,100,2021-08-31 16:36:00,CCOI
72.51,72.53,72.51,72.53,200,2021-08-31 16:37:00,CCOI
72.6398,72.6398,72.6398,72.6398,218,2021-08-31 16:40:00,CCOI
72.64,72.64,72.64,72.64,200,2021-08-31 16:42:00,CCOI
72.68,72.68,72.68,72.68,100,2021-08-31 16:43:00,CCOI
72.69,72.69,72.67,72.67,300,2021-08-31 16:45:00,CCOI
72.665,72.665,72.665,72.665,200,2021-08-31 16:47:00,CCOI
72.65,72.7,72.65,72.67,1300,2021-08-31 16:50:00,CCOI
72.695,72.695,72.68,72.68,200,2021-08-31 16:56:00,CCOI
72.67,72.67,72.67,72.67,200,2021-08-31 16:57:00,CCOI
72.69,72.69,72.69,72.69,100,2021-08-31 16:59:00,CCOI
72.62,72.62,72.62,72.62,200,2021-08-31 17:00:00,CCOI
72.63,72.63,72.63,72.63,100,2021-08-31 17:03:00,CCOI
72.52,72.52,72.52,72.52,100,2021-08-31 17:05:00,CCOI
72.52,72.52,72.52,72.52,300,2021-08-31 17:06:00,CCOI
72.49,72.49,72.49,72.49,100,2021-08-31 17:11:00,CCOI
72.48,72.48,72.48,72.48,200,2021-08-31 17:12:00,CCOI
72.44,72.44,72.44,72.44,100,2021-08-31 17:13:00,CCOI
72.4794,72.4794,72.45,72.45,535,2021-08-31 17:16:00,CCOI
72.475,72.475,72.475,72.475,100,2021-08-31 17:17:00,CCOI
72.41,72.41,72.41,72.41,100,2021-08-31 17:19:00,CCOI
72.43,72.43,72.43,72.43,100,2021-08-31 17:22:00,CCOI
72.34,72.34,72.34,72.34,100,2021-08-31 17:27:00,CCOI
72.34,72.355,72.34,72.355,200,2021-08-31 17:28:00,CCOI
72.345,72.345,72.345,72.345,200,2021-08-31 17:29:00,CCOI
72.35,72.37,72.32,72.37,800,2021-08-31 17:30:00,CCOI
72.39,72.41,72.39,72.41,400,2021-08-31 17:31:00,CCOI
72.37,72.37,72.34,72.34,400,2021-08-31 17:36:00,CCOI
72.345,72.4,72.345,72.39,400,2021-08-31 17:37:00,CCOI
72.32,72.32,72.32,72.32,100,2021-08-31 17:40:00,CCOI
72.32,72.4,72.32,72.385,1200,2021-08-31 17:41:00,CCOI
72.47,72.505,72.47,72.5002,1068,2021-08-31 17:42:00,CCOI
72.495,72.495,72.495,72.495,100,2021-08-31 17:43:00,CCOI
72.52,72.52,72.52,72.52,100,2021-08-31 17:44:00,CCOI
72.59,72.59,72.55,72.55,200,2021-08-31 17:49:00,CCOI
72.6,72.6,72.6,72.6,100,2021-08-31 17:52:00,CCOI
72.53,72.53,72.53,72.53,300,2021-08-31 17:54:00,CCOI
72.51,72.55,72.51,72.55,300,2021-08-31 17:57:00,CCOI
72.52,72.52,72.52,72.52,100,2021-08-31 17:58:00,CCOI
72.55,72.55,72.55,72.55,200,2021-08-31 17:59:00,CCOI
72.52,72.52,72.51,72.51,300,2021-08-31 18:02:00,CCOI
72.43,72.43,72.43,72.43,300,2021-08-31 18:05:00,CCOI
72.43,72.43,72.43,72.43,300,2021-08-31 18:09:00,CCOI
72.4,72.4,72.4,72.4,200,2021-08-31 18:13:00,CCOI
72.43,72.43,72.43,72.43,200,2021-08-31 18:14:00,CCOI
72.47,72.47,72.47,72.47,100,2021-08-31 18:15:00,CCOI
72.47,72.47,72.38,72.4316,2646,2021-08-31 18:16:00,CCOI
72.43,72.43,72.43,72.43,100,2021-08-31 18:20:00,CCOI
72.52,72.56,72.52,72.56,300,2021-08-31 18:25:00,CCOI
72.59,72.59,72.58,72.58,300,2021-08-31 18:27:00,CCOI
72.62,72.62,72.62,72.62,100,2021-08-31 18:28:00,CCOI
72.58,72.58,72.58,72.58,200,2021-08-31 18:31:00,CCOI
72.56,72.56,72.555,72.555,300,2021-08-31 18:33:00,CCOI
72.53,72.53,72.53,72.53,100,2021-08-31 18:34:00,CCOI
72.52,72.52,72.52,72.52,100,2021-08-31 18:36:00,CCOI
72.47,72.47,72.43,72.43,200,2021-08-31 18:41:00,CCOI
72.5,72.5,72.495,72.495,300,2021-08-31 18:43:00,CCOI
72.455,72.455,72.455,72.455,100,2021-08-31 18:44:00,CCOI
72.47,72.47,72.46,72.46,487,2021-08-31 18:45:00,CCOI
72.4555,72.4555,72.4555,72.4555,100,2021-08-31 18:48:00,CCOI
72.45,72.45,72.45,72.45,200,2021-08-31 18:49:00,CCOI
72.46,72.46,72.46,72.46,100,2021-08-31 18:50:00,CCOI
72.455,72.455,72.455,72.455,101,2021-08-31 18:51:00,CCOI
72.435,72.48,72.435,72.48,400,2021-08-31 18:52:00,CCOI
72.45,72.45,72.45,72.45,100,2021-08-31 18:53:00,CCOI
72.49,72.49,72.49,72.49,200,2021-08-31 18:56:00,CCOI
72.49,72.525,72.49,72.525,300,2021-08-31 18:59:00,CCOI
72.535,72.535,72.535,72.535,100,2021-08-31 19:01:00,CCOI
72.49,72.49,72.49,72.49,100,2021-08-31 19:02:00,CCOI
72.49,72.49,72.475,72.475,300,2021-08-31 19:03:00,CCOI
72.49,72.49,72.49,72.49,200,2021-08-31 19:04:00,CCOI
72.48,72.48,72.48,72.48,100,2021-08-31 19:05:00,CCOI
72.5,72.5,72.48,72.48,304,2021-08-31 19:08:00,CCOI
72.45,72.45,72.45,72.45,100,2021-08-31 19:09:00,CCOI
72.42,72.42,72.42,72.42,100,2021-08-31 19:15:00,CCOI
72.45,72.45,72.45,72.45,600,2021-08-31 19:16:00,CCOI
72.42,72.42,72.41,72.41,300,2021-08-31 19:18:00,CCOI
72.39,72.39,72.39,72.39,100,2021-08-31 19:21:00,CCOI
72.415,72.415,72.415,72.415,100,2021-08-31 19:23:00,CCOI
72.37,72.37,72.37,72.37,200,2021-08-31 19:24:00,CCOI
72.37,72.37,72.37,72.37,100,2021-08-31 19:25:00,CCOI
72.42,72.42,72.42,72.42,100,2021-08-31 19:26:00,CCOI
72.42,72.42,72.42,72.42,300,2021-08-31 19:27:00,CCOI
72.41,72.41,72.41,72.41,100,2021-08-31 19:28:00,CCOI
72.39,72.39,72.33,72.33,601,2021-08-31 19:29:00,CCOI
72.36,72.36,72.36,72.36,100,2021-08-31 19:30:00,CCOI
72.39,72.39,72.39,72.39,200,2021-08-31 19:33:00,CCOI
72.41,72.43,72.41,72.43,699,2021-08-31 19:34:00,CCOI
72.42,72.42,72.42,72.42,100,2021-08-31 19:35:00,CCOI
72.41,72.41,72.41,72.41,100,2021-08-31 19:36:00,CCOI
72.445,72.445,72.445,72.445,100,2021-08-31 19:37:00,CCOI
72.43,72.43,72.41,72.41,300,2021-08-31 19:38:00,CCOI
72.42,72.42,72.42,72.42,416,2021-08-31 19:39:00,CCOI
72.44,72.47,72.39,72.41,600,2021-08-31 19:40:00,CCOI
72.425,72.429,72.4,72.429,377,2021-08-31 19:41:00,CCOI
72.42,72.42,72.42,72.42,100,2021-08-31 19:42:00,CCOI
72.415,72.415,72.415,72.415,100,2021-08-31 19:43:00,CCOI
72.429,72.429,72.415,72.415,289,2021-08-31 19:44:00,CCOI
72.425,72.45,72.425,72.45,200,2021-08-31 19:45:00,CCOI
72.48,72.49,72.48,72.49,200,2021-08-31 19:46:00,CCOI
72.48,72.485,72.48,72.485,217,2021-08-31 19:47:00,CCOI
72.485,72.4975,72.47,72.47,500,2021-08-31 19:48:00,CCOI
72.465,72.465,72.465,72.465,100,2021-08-31 19:49:00,CCOI
72.51,72.68,72.51,72.59,2100,2021-08-31 19:50:00,CCOI
72.61,72.63,72.6,72.63,500,2021-08-31 19:51:00,CCOI
72.675,72.71,72.675,72.71,600,2021-08-31 19:52:00,CCOI
72.7,72.7,72.7,72.7,300,2021-08-31 19:53:00,CCOI
72.7,72.7,72.54,72.58,2242,2021-08-31 19:54:00,CCOI
72.58,72.6,72.57,72.6,400,2021-08-31 19:55:00,CCOI
72.59,72.67,72.59,72.67,700,2021-08-31 19:56:00,CCOI
72.675,72.71,72.66,72.71,670,2021-08-31 19:57:00,CCOI
72.7,72.72,72.63,72.68,900,2021-08-31 19:58:00,CCOI
72.68,72.68,72.51,72.51,4824,2021-08-31 19:59:00,CCOI
72.58,72.58,72.36,72.36,62901,2021-08-31 20:00:00,CCOI
72.58,72.58,72.58,72.58,32162,2021-08-31 20:02:00,CCOI
72.89,73.32,72.89,73.32,1877,2021-09-01 13:30:00,CCOI
73.135,73.135,73.135,73.135,107,2021-09-01 13:33:00,CCOI
72.79,72.79,72.79,72.79,100,2021-09-01 13:39:00,CCOI
72.845,72.845,72.845,72.845,100,2021-09-01 13:40:00,CCOI
72.81,72.81,72.81,72.81,200,2021-09-01 13:42:00,CCOI
72.72,72.8,72.72,72.8,965,2021-09-01 13:47:00,CCOI
72.88,72.88,72.82,72.82,400,2021-09-01 13:49:00,CCOI
72.93,72.93,72.93,72.93,100,2021-09-01 13:51:00,CCOI
72.9,72.97,72.9,72.97,400,2021-09-01 13:54:00,CCOI
72.86,72.86,72.86,72.86,100,2021-09-01 13:58:00,CCOI
72.775,72.87,72.775,72.87,1130,2021-09-01 13:59:00,CCOI
72.83,72.92,72.83,72.92,600,2021-09-01 14:02:00,CCOI
72.94,72.94,72.94,72.94,100,2021-09-01 14:05:00,CCOI
72.94,72.94,72.94,72.94,100,2021-09-01 14:10:00,CCOI
72.72,72.72,72.7,72.7,800,2021-09-01 14:19:00,CCOI
72.73,72.73,72.73,72.73,100,2021-09-01 14:21:00,CCOI
72.78,72.78,72.78,72.78,100,2021-09-01 14:23:00,CCOI
72.84,72.84,72.84,72.84,200,2021-09-01 14:24:00,CCOI
72.935,72.935,72.92,72.93,458,2021-09-01 14:27:00,CCOI
72.995,72.995,72.995,72.995,100,2021-09-01 14:30:00,CCOI
73.03,73.05,73.03,73.05,234,2021-09-01 14:31:00,CCOI
73.1,73.1,73.1,73.1,200,2021-09-01 14:34:00,CCOI
73.25,73.25,73.125,73.125,717,2021-09-01 14:35:00,CCOI
73.1563,73.1563,73.12,73.12,400,2021-09-01 14:37:00,CCOI
73.13,73.13,73.13,73.13,125,2021-09-01 14:38:00,CCOI
73.165,73.165,73.165,73.165,100,2021-09-01 14:41:00,CCOI
73.165,73.165,73.165,73.165,100,2021-09-01 14:42:00,CCOI
73.22,73.22,73.22,73.22,100,2021-09-01 14:44:00,CCOI
73.2,73.2,73.045,73.045,1000,2021-09-01 14:46:00,CCOI
72.99,72.99,72.99,72.99,200,2021-09-01 14:50:00,CCOI
72.88,72.92,72.88,72.92,200,2021-09-01 14:51:00,CCOI
72.97,73.02,72.97,73.02,301,2021-09-01 14:53:00,CCOI
72.99,72.99,72.97,72.97,200,2021-09-01 14:55:00,CCOI
72.955,72.955,72.955,72.955,100,2021-09-01 14:56:00,CCOI
72.94,72.94,72.94,72.94,100,2021-09-01 15:00:00,CCOI
72.97,72.97,72.97,72.97,100,2021-09-01 15:03:00,CCOI
73.03,73.03,72.98,72.98,200,2021-09-01 15:04:00,CCOI
73.16,73.22,73.16,73.22,475,2021-09-01 15:11:00,CCOI
73.19,73.2,73.18,73.2,300,2021-09-01 15:12:00,CCOI
73.18,73.19,73.13,73.13,400,2021-09-01 15:13:00,CCOI
73.155,73.155,73.155,73.155,200,2021-09-01 15:14:00,CCOI
73.155,73.155,73.12,73.12,400,2021-09-01 15:16:00,CCOI
73.13,73.13,73.13,73.13,100,2021-09-01 15:18:00,CCOI
73.07,73.16,73.07,73.16,200,2021-09-01 15:19:00,CCOI
73.11,73.17,73.11,73.12,500,2021-09-01 15:23:00,CCOI
73.17,73.19,73.17,73.19,400,2021-09-01 15:26:00,CCOI
73.18,73.18,73.18,73.18,200,2021-09-01 15:27:00,CCOI
73.21,73.21,73.21,73.21,200,2021-09-01 15:33:00,CCOI
73.26,73.26,73.26,73.26,200,2021-09-01 15:36:00,CCOI
73.32,73.32,73.32,73.32,300,2021-09-01 15:40:00,CCOI
73.38,73.38,73.38,73.38,100,2021-09-01 15:42:00,CCOI
73.42,73.42,73.42,73.42,100,2021-09-01 15:48:00,CCOI
73.46,73.46,73.45,73.45,300,2021-09-01 15:51:00,CCOI
73.445,73.47,73.445,73.47,200,2021-09-01 15:52:00,CCOI
73.45,73.5,73.45,73.5,300,2021-09-01 15:53:00,CCOI
73.59,73.59,73.59,73.59,100,2021-09-01 15:57:00,CCOI
73.615,73.615,73.615,73.615,100,2021-09-01 16:01:00,CCOI
73.64,73.64,73.6107,73.6107,234,2021-09-01 16:02:00,CCOI
73.66,73.66,73.66,73.66,100,2021-09-01 16:03:00,CCOI
73.6,73.67,73.59,73.67,600,2021-09-01 16:08:00,CCOI
73.66,73.725,73.66,73.725,300,2021-09-01 16:10:00,CCOI
73.765,73.765,73.75,73.75,400,2021-09-01 16:13:00,CCOI
73.75,73.76,73.75,73.76,200,2021-09-01 16:14:00,CCOI
73.76,73.76,73.76,73.76,100,2021-09-01 16:15:00,CCOI
73.78,73.8,73.78,73.8,412,2021-09-01 16:16:00,CCOI
73.87,73.89,73.85,73.89,300,2021-09-01 16:19:00,CCOI
73.9,73.9,73.85,73.87,700,2021-09-01 16:20:00,CCOI
73.84,73.84,73.84,73.84,100,2021-09-01 16:21:00,CCOI
73.82,73.82,73.81,73.81,500,2021-09-01 16:22:00,CCOI
73.79,73.8,73.775,73.775,400,2021-09-01 16:23:00,CCOI
73.805,73.805,73.77,73.805,900,2021-09-01 16:25:00,CCOI
73.81,73.81,73.81,73.81,100,2021-09-01 16:29:00,CCOI
73.83,73.875,73.83,73.875,700,2021-09-01 16:32:00,CCOI
73.91,73.92,73.91,73.92,300,2021-09-01 16:34:00,CCOI
73.9199,73.9199,73.9199,73.9199,100,2021-09-01 16:35:00,CCOI
73.895,73.9137,73.87,73.9137,620,2021-09-01 16:37:00,CCOI
73.95,74.0,73.93,73.99,1350,2021-09-01 16:41:00,CCOI
74.07,74.07,74.07,74.07,100,2021-09-01 16:43:00,CCOI
74.07,74.13,74.07,74.13,300,2021-09-01 16:45:00,CCOI
74.11,74.11,74.11,74.11,200,2021-09-01 16:52:00,CCOI
74.13,74.16,74.13,74.1401,472,2021-09-01 16:53:00,CCOI
74.175,74.18,74.175,74.18,500,2021-09-01 16:55:00,CCOI
74.16,74.16,74.16,74.16,100,2021-09-01 16:59:00,CCOI
74.17,74.17,74.17,74.17,100,2021-09-01 17:00:00,CCOI
74.23,74.23,74.23,74.23,100,2021-09-01 17:06:00,CCOI
74.24,74.24,74.13,74.13,730,2021-09-01 17:07:00,CCOI
74.15,74.2,74.12,74.2,1300,2021-09-01 17:09:00,CCOI
74.23,74.23,74.23,74.23,100,2021-09-01 17:14:00,CCOI
74.28,74.28,74.28,74.28,100,2021-09-01 17:15:00,CCOI
74.29,74.29,74.28,74.28,500,2021-09-01 17:17:00,CCOI
74.24,74.24,74.24,74.24,100,2021-09-01 17:22:00,CCOI
74.27,74.27,74.26,74.26,200,2021-09-01 17:26:00,CCOI
74.2993,74.37,74.2993,74.37,1431,2021-09-01 17:27:00,CCOI
74.41,74.42,74.41,74.42,200,2021-09-01 17:28:00,CCOI
74.42,74.42,74.32,74.325,1000,2021-09-01 17:29:00,CCOI
74.25,74.25,74.25,74.25,100,2021-09-01 17:30:00,CCOI
74.25,74.25,74.25,74.25,100,2021-09-01 17:32:00,CCOI
74.22,74.255,74.22,74.255,300,2021-09-01 17:33:00,CCOI
74.31,74.31,74.26,74.3,340,2021-09-01 17:34:00,CCOI
74.255,74.3,74.255,74.3,200,2021-09-01 17:35:00,CCOI
74.27,74.27,74.26,74.26,800,2021-09-01 17:38:00,CCOI
74.265,74.39,74.26,74.39,2700,2021-09-01 17:39:00,CCOI
74.35,74.35,74.2997,74.2997,4639,2021-09-01 17:40:00,CCOI
74.35,74.35,74.35,74.35,100,2021-09-01 17:42:00,CCOI
74.41,74.42,74.41,74.42,200,2021-09-01 17:44:00,CCOI
74.44,74.5,74.44,74.5,872,2021-09-01 17:51:00,CCOI
74.5,74.5,74.44,74.45,1080,2021-09-01 17:52:00,CCOI
74.5,74.5,74.5,74.5,100,2021-09-01 17:54:00,CCOI
74.49,74.5,74.49,74.5,300,2021-09-01 17:56:00,CCOI
74.5297,74.55,74.5297,74.55,765,2021-09-01 17:58:00,CCOI
74.55,74.55,74.55,74.55,200,2021-09-01 17:59:00,CCOI
74.545,74.545,74.52,74.52,600,2021-09-01 18:00:00,CCOI
74.52,74.5539,74.52,74.5539,500,2021-09-01 18:03:00,CCOI
74.56,74.59,74.56,74.59,800,2021-09-01 18:04:00,CCOI
74.55,74.55,74.54,74.54,400,2021-09-01 18:06:00,CCOI
74.54,74.54,74.54,74.54,200,2021-09-01 18:07:00,CCOI
74.56,74.56,74.56,74.56,100,2021-09-01 18:11:00,CCOI
74.6,74.6,74.6,74.6,100,2021-09-01 18:13:00,CCOI
74.64,74.64,74.64,74.64,100,2021-09-01 18:16:00,CCOI
74.64,74.64,74.62,74.62,700,2021-09-01 18:18:00,CCOI
74.62,74.63,74.62,74.62,400,2021-09-01 18:19:00,CCOI
74.57,74.58,74.57,74.58,300,2021-09-01 18:23:00,CCOI
74.53,74.53,74.53,74.53,100,2021-09-01 18:25:00,CCOI
74.52,74.52,74.52,74.52,100,2021-09-01 18:27:00,CCOI
74.51,74.51,74.51,74.51,200,2021-09-01 18:28:00,CCOI
74.5,74.5,74.5,74.5,100,2021-09-01 18:31:00,CCOI
74.44,74.44,74.36,74.3664,626,2021-09-01 18:32:00,CCOI
74.31,74.31,74.29,74.29,213,2021-09-01 18:33:00,CCOI
74.29,74.29,74.29,74.29,200,2021-09-01 18:34:00,CCOI
74.33,74.36,74.33,74.36,563,2021-09-01 18:36:00,CCOI
74.38,74.38,74.38,74.38,400,2021-09-01 18:37:00,CCOI
74.3,74.3,74.3,74.3,300,2021-09-01 18:42:00,CCOI
74.3,74.3,74.3,74.3,300,2021-09-01 18:47:00,CCOI
74.33,74.33,74.33,74.33,100,2021-09-01 18:48:00,CCOI
74.36,74.36,74.36,74.36,100,2021-09-01 18:50:00,CCOI
74.39,74.39,74.39,74.39,400,2021-09-01 18:58:00,CCOI
74.36,74.36,74.36,74.36,100,2021-09-01 19:00:00,CCOI
74.35,74.37,74.35,74.37,200,2021-09-01 19:01:00,CCOI
74.345,74.345,74.345,74.345,200,2021-09-01 19:02:00,CCOI
74.38,74.38,74.38,74.38,100,2021-09-01 19:05:00,CCOI
74.37,74.4,74.365,74.4,500,2021-09-01 19:06:00,CCOI
74.36,74.36,74.36,74.36,100,2021-09-01 19:07:00,CCOI
74.32,74.32,74.32,74.32,108,2021-09-01 19:09:00,CCOI
74.34,74.34,74.34,74.34,227,2021-09-01 19:12:00,CCOI
74.38,74.43,74.38,74.395,707,2021-09-01 19:13:00,CCOI
74.46,74.46,74.46,74.46,272,2021-09-01 19:15:00,CCOI
74.5,74.5,74.46,74.47,600,2021-09-01 19:16:00,CCOI
74.465,74.465,74.465,74.465,100,2021-09-01 19:22:00,CCOI
74.435,74.44,74.41,74.44,400,2021-09-01 19:24:00,CCOI
74.41,74.44,74.4,74.4,482,2021-09-01 19:26:00,CCOI
74.38,74.38,74.38,74.38,100,2021-09-01 19:27:00,CCOI
74.38,74.38,74.38,74.38,200,2021-09-01 19:28:00,CCOI
74.36,74.37,74.34,74.37,600,2021-09-01 19:30:00,CCOI
74.38,74.38,74.38,74.38,200,2021-09-01 19:31:00,CCOI
74.36,74.37,74.36,74.37,200,2021-09-01 19:32:00,CCOI
74.405,74.405,74.405,74.405,100,2021-09-01 19:35:00,CCOI
74.41,74.41,74.41,74.41,700,2021-09-01 19:36:00,CCOI
74.402,74.41,74.402,74.41,800,2021-09-01 19:38:00,CCOI
74.42,74.48,74.42,74.48,200,2021-09-01 19:39:00,CCOI
74.49,74.49,74.49,74.49,472,2021-09-01 19:40:00,CCOI
74.55,74.55,74.53,74.54,500,2021-09-01 19:41:00,CCOI
74.52,74.52,74.52,74.52,100,2021-09-01 19:42:00,CCOI
74.5,74.51,74.5,74.5,400,2021-09-01 19:43:00,CCOI
74.52,74.52,74.52,74.52,200,2021-09-01 19:44:00,CCOI
74.57,74.615,74.57,74.615,300,2021-09-01 19:45:00,CCOI
74.58,74.58,74.58,74.58,200,2021-09-01 19:46:00,CCOI
74.57,74.57,74.57,74.57,200,2021-09-01 19:47:00,CCOI
74.59,74.59,74.59,74.59,600,2021-09-01 19:48:00,CCOI
74.6,74.6,74.58,74.58,700,2021-09-01 19:49:00,CCOI
74.58,74.58,74.555,74.555,400,2021-09-01 19:50:00,CCOI
74.59,74.6,74.58,74.6,600,2021-09-01 19:51:00,CCOI
74.62,74.62,74.62,74.62,200,2021-09-01 19:52:00,CCOI
74.62,74.62,74.62,74.62,100,2021-09-01 19:53:00,CCOI
74.68,74.71,74.68,74.71,200,2021-09-01 19:54:00,CCOI
74.67,74.67,74.62,74.64,2420,2021-09-01 19:55:00,CCOI
74.64,74.725,74.64,74.7,1812,2021-09-01 19:56:00,CCOI
74.71,74.71,74.68,74.69,1500,2021-09-01 19:57:00,CCOI
74.74,74.74,74.7,74.725,900,2021-09-01 19:58:00,CCOI
74.73,74.81,74.73,74.81,2796,2021-09-01 19:59:00,CCOI
74.8,74.8,74.8,74.8,20765,2021-09-01 20:00:00,CCOI
74.8,74.8,74.8,74.8,170,2021-09-01 20:01:00,CCOI
74.8,74.8,74.8,74.8,7956,2021-09-01 20:34:00,CCOI
74.81,74.9,74.81,74.9,2935,2021-09-02 13:30:00,CCOI
75.0,75.24,75.0,75.12,300,2021-09-02 13:32:00,CCOI
75.06,75.06,75.0,75.0,300,2021-09-02 13:34:00,CCOI
75.041,75.041,75.041,75.041,500,2021-09-02 13:35:00,CCOI
75.14,75.15,74.985,74.985,300,2021-09-02 13:42:00,CCOI
75.23,75.23,75.23,75.23,118,2021-09-02 13:44:00,CCOI
75.115,75.115,75.115,75.115,100,2021-09-02 13:46:00,CCOI
75.24,75.3,75.24,75.3,425,2021-09-02 13:47:00,CCOI
75.45,75.45,75.45,75.45,100,2021-09-02 13:48:00,CCOI
75.32,75.32,75.32,75.32,150,2021-09-02 13:49:00,CCOI
75.42,75.44,75.345,75.44,300,2021-09-02 13:54:00,CCOI
75.33,75.33,75.33,75.33,400,2021-09-02 13:56:00,CCOI
75.26,75.26,75.26,75.26,264,2021-09-02 13:57:00,CCOI
75.375,75.375,75.375,75.375,100,2021-09-02 13:59:00,CCOI
75.365,75.365,75.365,75.365,200,2021-09-02 14:01:00,CCOI
75.365,75.365,75.365,75.365,100,2021-09-02 14:02:00,CCOI
75.25,75.34,75.17,75.17,730,2021-09-02 14:06:00,CCOI
75.19,75.19,75.19,75.19,100,2021-09-02 14:07:00,CCOI
75.175,75.175,75.175,75.175,100,2021-09-02 14:08:00,CCOI
75.212,75.212,75.212,75.212,135,2021-09-02 14:11:00,CCOI
75.17,75.17,75.17,75.17,100,2021-09-02 14:16:00,CCOI
75.11,75.11,75.071,75.071,294,2021-09-02 14:19:00,CCOI
75.13,75.14,75.03,75.06,500,2021-09-02 14:22:00,CCOI
75.1099,75.1099,75.1099,75.1099,100,2021-09-02 14:24:00,CCOI
75.11,75.11,75.08,75.08,500,2021-09-02 14:25:00,CCOI
75.16,75.16,75.15,75.15,200,2021-09-02 14:31:00,CCOI
75.08,75.1,75.08,75.1,200,2021-09-02 14:32:00,CCOI
75.07,75.07,75.03,75.03,200,2021-09-02 14:35:00,CCOI
74.9999,74.9999,74.86,74.89,300,2021-09-02 14:37:00,CCOI
74.85,74.85,74.85,74.85,100,2021-09-02 14:38:00,CCOI
74.875,74.88,74.875,74.88,200,2021-09-02 14:44:00,CCOI
74.905,74.905,74.75,74.805,966,2021-09-02 14:45:00,CCOI
74.7597,74.7597,74.7597,74.7597,1150,2021-09-02 14:46:00,CCOI
74.8,74.8,74.8,74.8,200,2021-09-02 14:47:00,CCOI
74.785,74.785,74.785,74.785,100,2021-09-02 14:58:00,CCOI
74.775,74.82,74.775,74.82,300,2021-09-02 14:59:00,CCOI
74.83,74.83,74.83,74.83,100,2021-09-02 15:01:00,CCOI
74.67,74.68,74.67,74.68,200,2021-09-02 15:06:00,CCOI
74.6702,74.6702,74.625,74.625,300,2021-09-02 15:07:00,CCOI
74.69,74.69,74.645,74.645,400,2021-09-02 15:08:00,CCOI
74.64,74.64,74.625,74.635,300,2021-09-02 15:09:00,CCOI
74.5611,74.5611,74.5611,74.5611,227,2021-09-02 15:10:00,CCOI
74.56,74.56,74.56,74.56,100,2021-09-02 15:14:00,CCOI
74.64,74.64,74.6,74.6,300,2021-09-02 15:16:00,CCOI
74.61,74.64,74.61,74.61,500,2021-09-02 15:17:00,CCOI
74.59,74.59,74.59,74.59,100,2021-09-02 15:18:00,CCOI
74.55,74.55,74.55,74.55,100,2021-09-02 15:21:00,CCOI
74.49,74.505,74.49,74.49,300,2021-09-02 15:22:00,CCOI
74.51,74.52,74.51,74.52,200,2021-09-02 15:23:00,CCOI
74.55,74.55,74.55,74.55,100,2021-09-02 15:25:00,CCOI
74.55,74.55,74.55,74.55,100,2021-09-02 15:28:00,CCOI
74.56,74.56,74.53,74.53,300,2021-09-02 15:33:00,CCOI
74.59,74.59,74.59,74.59,100,2021-09-02 15:36:00,CCOI
74.59,74.62,74.59,74.62,300,2021-09-02 15:37:00,CCOI
74.6651,74.67,74.6651,74.67,635,2021-09-02 15:39:00,CCOI
74.8031,74.8031,74.8031,74.8031,165,2021-09-02 15:40:00,CCOI
74.8,74.8,74.76,74.76,200,2021-09-02 15:43:00,CCOI
74.72,74.76,74.72,74.76,200,2021-09-02 15:44:00,CCOI
74.76,74.76,74.76,74.76,205,2021-09-02 15:49:00,CCOI
74.7595,74.7595,74.7595,74.7595,192,2021-09-02 15:56:00,CCOI
74.7,74.7,74.7,74.7,100,2021-09-02 15:57:00,CCOI
74.735,74.76,74.735,74.76,500,2021-09-02 15:59:00,CCOI
74.775,74.775,74.73,74.76,300,2021-09-02 16:03:00,CCOI
74.8199,74.8199,74.8199,74.8199,200,2021-09-02 16:04:00,CCOI
74.73,74.73,74.73,74.73,100,2021-09-02 16:09:00,CCOI
74.73,74.73,74.73,74.73,100,2021-09-02 16:10:00,CCOI
74.71,74.71,74.67,74.67,400,2021-09-02 16:14:00,CCOI
74.7,74.73,74.7,74.71,800,2021-09-02 16:18:00,CCOI
74.67,74.67,74.67,74.67,200,2021-09-02 16:21:00,CCOI
74.64,74.64,74.64,74.64,100,2021-09-02 16:23:00,CCOI
74.525,74.525,74.525,74.525,100,2021-09-02 16:24:00,CCOI
74.52,74.55,74.52,74.55,600,2021-09-02 16:25:00,CCOI
74.56,74.56,74.56,74.56,200,2021-09-02 16:26:00,CCOI
74.5881,74.5881,74.51,74.51,785,2021-09-02 16:28:00,CCOI
74.54,74.6,74.54,74.6,300,2021-09-02 16:29:00,CCOI
74.605,74.605,74.59,74.59,200,2021-09-02 16:30:00,CCOI
74.65,74.65,74.65,74.65,100,2021-09-02 16:37:00,CCOI
74.57,74.57,74.57,74.57,100,2021-09-02 16:39:00,CCOI
74.585,74.585,74.585,74.585,180,2021-09-02 16:41:00,CCOI
74.66,74.8,74.66,74.8,400,2021-09-02 16:45:00,CCOI
74.77,74.77,74.765,74.765,383,2021-09-02 16:48:00,CCOI
74.7,74.7,74.61,74.61,1060,2021-09-02 16:49:00,CCOI
74.76,74.8,74.74,74.79,600,2021-09-02 16:54:00,CCOI
74.9,74.9,74.9,74.9,320,2021-09-02 16:55:00,CCOI
74.83,74.83,74.82,74.82,200,2021-09-02 16:56:00,CCOI
74.89,74.96,74.875,74.96,522,2021-09-02 16:57:00,CCOI
74.97,75.0,74.97,74.99,450,2021-09-02 16:58:00,CCOI
75.0107,75.08,74.97,75.01,1456,2021-09-02 16:59:00,CCOI
75.0,75.01,75.0,75.01,200,2021-09-02 17:00:00,CCOI
74.91,74.945,74.91,74.945,500,2021-09-02 17:07:00,CCOI
74.91,74.93,74.81,74.86,700,2021-09-02 17:09:00,CCOI
74.93,74.93,74.93,74.93,200,2021-09-02 17:15:00,CCOI
74.955,74.955,74.955,74.955,100,2021-09-02 17:16:00,CCOI
74.945,74.945,74.945,74.945,100,2021-09-02 17:23:00,CCOI
74.99,74.99,74.99,74.99,100,2021-09-02 17:24:00,CCOI
74.98,74.98,74.98,74.98,100,2021-09-02 17:26:00,CCOI
74.88,74.888,74.88,74.888,800,2021-09-02 17:33:00,CCOI
74.91,74.91,74.855,74.855,200,2021-09-02 17:34:00,CCOI
74.92,74.92,74.88,74.88,200,2021-09-02 17:35:00,CCOI
74.8,74.83,74.8,74.83,444,2021-09-02 17:39:00,CCOI
74.8216,74.8216,74.8216,74.8216,130,2021-09-02 17:40:00,CCOI
74.79,74.79,74.78,74.78,300,2021-09-02 17:41:00,CCOI
74.76,74.76,74.73,74.73,200,2021-09-02 17:42:00,CCOI
74.72,74.72,74.72,74.72,200,2021-09-02 17:44:00,CCOI
74.71,74.71,74.71,74.71,100,2021-09-02 17:46:00,CCOI
74.72,74.73,74.68,74.68,500,2021-09-02 17:48:00,CCOI
74.68,74.68,74.68,74.68,100,2021-09-02 17:49:00,CCOI
74.78,74.78,74.78,74.78,298,2021-09-02 17:52:00,CCOI
74.78,74.78,74.66,74.66,1153,2021-09-02 17:54:00,CCOI
74.6599,74.6599,74.6599,74.6599,105,2021-09-02 17:55:00,CCOI
74.6,74.67,74.6,74.65,600,2021-09-02 17:58:00,CCOI
74.68,74.68,74.68,74.68,100,2021-09-02 18:00:00,CCOI
74.73,74.73,74.73,74.73,100,2021-09-02 18:05:00,CCOI
74.7,74.78,74.69,74.78,700,2021-09-02 18:08:00,CCOI
74.8454,74.8454,74.82,74.82,350,2021-09-02 18:09:00,CCOI
74.88,74.88,74.88,74.88,100,2021-09-02 18:14:00,CCOI
74.84,74.9,74.83,74.9,789,2021-09-02 18:17:00,CCOI
74.91,74.91,74.9,74.9,300,2021-09-02 18:18:00,CCOI
74.9599,74.9599,74.86,74.86,270,2021-09-02 18:21:00,CCOI
74.92,74.92,74.91,74.91,300,2021-09-02 18:23:00,CCOI
74.89,74.89,74.89,74.89,100,2021-09-02 18:31:00,CCOI
74.84,74.84,74.81,74.84,326,2021-09-02 18:34:00,CCOI
74.845,74.845,74.845,74.845,100,2021-09-02 18:35:00,CCOI
74.8,74.8,74.79,74.79,200,2021-09-02 18:42:00,CCOI
74.84,74.84,74.84,74.84,100,2021-09-02 18:44:00,CCOI
74.89,74.89,74.85,74.85,200,2021-09-02 18:46:00,CCOI
74.9399,74.94,74.9399,74.94,250,2021-09-02 18:47:00,CCOI
74.895,74.92,74.86,74.88,1388,2021-09-02 18:48:00,CCOI
74.92,74.9582,74.87,74.95,1100,2021-09-02 18:49:00,CCOI
74.88,74.88,74.88,74.88,100,2021-09-02 18:50:00,CCOI
74.98,75.0,74.95,74.95,401,2021-09-02 18:51:00,CCOI
75.04,75.04,75.01,75.01,200,2021-09-02 18:53:00,CCOI
75.01,75.035,75.0,75.0,502,2021-09-02 18:54:00,CCOI
74.995,74.995,74.98,74.98,200,2021-09-02 18:56:00,CCOI
75.08,75.08,75.03,75.055,804,2021-09-02 19:00:00,CCOI
75.02,75.055,75.02,75.04,500,2021-09-02 19:01:00,CCOI
75.03,75.03,75.03,75.03,100,2021-09-02 19:04:00,CCOI
75.03,75.03,75.03,75.03,100,2021-09-02 19:05:00,CCOI
74.99,74.99,74.93,74.98,1263,2021-09-02 19:12:00,CCOI
74.96,74.97,74.93,74.93,600,2021-09-02 19:14:00,CCOI
74.92,74.92,74.92,74.92,100,2021-09-02 19:16:00,CCOI
75.02,75.02,75.02,75.02,103,2021-09-02 19:18:00,CCOI
75.04,75.04,75.02,75.02,300,2021-09-02 19:20:00,CCOI
75.035,75.035,75.035,75.035,100,2021-09-02 19:21:00,CCOI
75.04,75.04,75.04,75.04,100,2021-09-02 19:25:00,CCOI
75.04,75.04,75.04,75.04,200,2021-09-02 19:27:00,CCOI
74.98,75.02,74.98,75.02,300,2021-09-02 19:28:00,CCOI
75.03,75.03,74.98,74.98,200,2021-09-02 19:29:00,CCOI
75.03,75.03,75.03,75.03,100,2021-09-02 19:30:00,CCOI
75.07,75.07,75.07,75.07,100,2021-09-02 19:31:00,CCOI
75.07,75.21,75.06,75.21,2333,2021-09-02 19:32:00,CCOI
75.2268,75.23,75.14,75.21,597,2021-09-02 19:33:00,CCOI
75.24,75.25,75.24,75.25,600,2021-09-02 19:35:00,CCOI
75.25,75.25,75.225,75.225,200,2021-09-02 19:36:00,CCOI
75.24,75.26,75.2,75.26,700,2021-09-02 19:37:00,CCOI
75.24,75.24,75.24,75.24,100,2021-09-02 19:38:00,CCOI
75.29,75.29,75.25,75.27,400,2021-09-02 19:39:00,CCOI
75.29,75.29,75.24,75.26,400,2021-09-02 19:40:00,CCOI
75.27,75.29,75.27,75.29,300,2021-09-02 19:41:00,CCOI
75.32,75.32,75.29,75.29,200,2021-09-02 19:42:00,CCOI
75.33,75.34,75.31,75.31,600,2021-09-02 19:43:00,CCOI
75.31,75.33,75.3,75.31,600,2021-09-02 19:44:00,CCOI
75.3,75.33,75.3,75.33,200,2021-09-02 19:45:00,CCOI
75.33,75.33,75.33,75.33,100,2021-09-02 19:46:00,CCOI
75.3496,75.3496,75.27,75.3,650,2021-09-02 19:47:00,CCOI
75.3,75.32,75.3,75.32,279,2021-09-02 19:48:00,CCOI
75.29,75.29,75.21,75.21,500,2021-09-02 19:49:00,CCOI
75.21,75.25,75.2,75.2,1100,2021-09-02 19:50:00,CCOI
75.27,75.29,75.25,75.29,800,2021-09-02 19:51:00,CCOI
75.26,75.3,75.26,75.3,500,2021-09-02 19:52:00,CCOI
75.29,75.29,75.29,75.29,100,2021-09-02 19:53:00,CCOI
75.27,75.35,75.26,75.33,1025,2021-09-02 19:54:00,CCOI
75.32,75.38,75.32,75.38,600,2021-09-02 19:55:00,CCOI
75.38,75.4,75.37,75.37,815,2021-09-02 19:56:00,CCOI
75.32,75.39,75.32,75.385,1305,2021-09-02 19:57:00,CCOI
75.35,75.43,75.35,75.43,500,2021-09-02 19:58:00,CCOI
75.39,75.44,75.38,75.38,1470,2021-09-02 19:59:00,CCOI
75.41,75.41,75.41,75.41,26008,2021-09-02 20:00:00,CCOI
75.57,75.68,75.45,75.68,2644,2021-09-03 13:30:00,CCOI
75.71,75.77,75.68,75.76,700,2021-09-03 13:31:00,CCOI
75.59,75.59,75.45,75.45,1155,2021-09-03 13:35:00,CCOI
75.31,75.31,75.28,75.28,200,2021-09-03 13:36:00,CCOI
75.44,75.44,75.44,75.44,515,2021-09-03 13:43:00,CCOI
75.31,75.31,75.31,75.31,100,2021-09-03 13:44:00,CCOI
75.27,75.27,75.07,75.07,500,2021-09-03 13:46:00,CCOI
75.075,75.075,75.075,75.075,100,2021-09-03 13:47:00,CCOI
75.15,75.15,75.15,75.15,100,2021-09-03 13:49:00,CCOI
75.08,75.08,75.07,75.07,500,2021-09-03 13:51:00,CCOI
75.07,75.07,75.07,75.07,100,2021-09-03 13:52:00,CCOI
75.15,75.15,75.15,75.15,100,2021-09-03 13:57:00,CCOI
75.09,75.25,75.09,75.25,200,2021-09-03 14:03:00,CCOI
75.25,75.25,75.25,75.25,235,2021-09-03 14:05:00,CCOI
75.25,75.25,75.25,75.25,100,2021-09-03 14:06:00,CCOI
75.24,75.25,75.23,75.23,400,2021-09-03 14:07:00,CCOI
75.235,75.235,75.235,75.235,200,2021-09-03 14:08:00,CCOI
75.245,75.34,75.245,75.34,200,2021-09-03 14:11:00,CCOI
75.35,75.35,75.35,75.35,949,2021-09-03 14:14:00,CCOI
75.27,75.3,75.27,75.3,459,2021-09-03 14:15:00,CCOI
75.29,75.29,75.29,75.29,100,2021-09-03 14:16:00,CCOI
75.29,75.42,75.27,75.42,1300,2021-09-03 14:17:00,CCOI
75.33,75.33,75.295,75.295,600,2021-09-03 14:18:00,CCOI
75.3,75.34,75.295,75.295,300,2021-09-03 14:19:00,CCOI
75.24,75.24,75.24,75.24,100,2021-09-03 14:20:00,CCOI
75.125,75.125,75.125,75.125,100,2021-09-03 14:23:00,CCOI
75.13,75.13,75.13,75.13,100,2021-09-03 14:24:00,CCOI
75.0,75.0,75.0,75.0,100,2021-09-03 14:27:00,CCOI
74.82,74.82,74.82,74.82,100,2021-09-03 14:29:00,CCOI
74.9,74.9,74.9,74.9,100,2021-09-03 14:30:00,CCOI
74.9,74.9,74.9,74.9,200,2021-09-03 14:34:00,CCOI
74.92,74.97,74.92,74.97,900,2021-09-03 14:35:00,CCOI
75.08,75.08,74.96,74.975,654,2021-09-03 14:36:00,CCOI
74.965,74.965,74.965,74.965,100,2021-09-03 14:37:00,CCOI
75.01,75.03,75.01,75.03,300,2021-09-03 14:39:00,CCOI
75.12,75.12,75.12,75.12,123,2021-09-03 14:44:00,CCOI
75.165,75.165,75.165,75.165,400,2021-09-03 14:46:00,CCOI
75.19,75.32,75.19,75.2601,636,2021-09-03 14:48:00,CCOI
75.27,75.32,75.27,75.295,300,2021-09-03 14:50:00,CCOI
75.27,75.34,75.265,75.34,400,2021-09-03 14:53:00,CCOI
75.32,75.485,75.32,75.485,500,2021-09-03 14:54:00,CCOI
75.54,75.55,75.53,75.55,500,2021-09-03 14:55:00,CCOI
75.55,75.66,75.54,75.61,1094,2021-09-03 14:56:00,CCOI
75.59,75.59,75.59,75.59,100,2021-09-03 14:58:00,CCOI
75.49,75.51,75.49,75.51,300,2021-09-03 15:02:00,CCOI
75.48,75.515,75.42,75.42,500,2021-09-03 15:05:00,CCOI
75.42,75.42,75.38,75.38,200,2021-09-03 15:06:00,CCOI
75.43,75.45,75.43,75.45,759,2021-09-03 15:08:00,CCOI
75.33,75.33,75.33,75.33,100,2021-09-03 15:09:00,CCOI
75.33,75.5,75.33,75.5,595,2021-09-03 15:11:00,CCOI
75.41,75.41,75.41,75.41,100,2021-09-03 15:16:00,CCOI
75.42,75.46,75.42,75.46,300,2021-09-03 15:18:00,CCOI
75.47,75.48,75.47,75.48,300,2021-09-03 15:19:00,CCOI
75.33,75.33,75.33,75.33,100,2021-09-03 15:30:00,CCOI
75.35,75.35,75.35,75.35,100,2021-09-03 15:31:00,CCOI
75.4,75.4,75.375,75.375,200,2021-09-03 15:32:00,CCOI
75.3,75.3,75.3,75.3,400,2021-09-03 15:37:00,CCOI
75.32,75.32,75.3,75.3,500,2021-09-03 15:38:00,CCOI
75.33,75.34,75.33,75.34,818,2021-09-03 15:46:00,CCOI
75.3,75.3,75.275,75.275,500,2021-09-03 15:49:00,CCOI
75.29,75.29,75.29,75.29,100,2021-09-03 15:54:00,CCOI
75.3,75.3,75.3,75.3,100,2021-09-03 16:01:00,CCOI
75.37,75.37,75.355,75.355,200,2021-09-03 16:05:00,CCOI
75.38,75.42,75.38,75.42,200,2021-09-03 16:06:00,CCOI
75.5,75.54,75.5,75.54,200,2021-09-03 16:12:00,CCOI
75.49,75.49,75.47,75.47,362,2021-09-03 16:15:00,CCOI
75.48,75.48,75.48,75.48,100,2021-09-03 16:16:00,CCOI
75.485,75.52,75.485,75.49,570,2021-09-03 16:17:00,CCOI
75.5,75.5,75.5,75.5,100,2021-09-03 16:21:00,CCOI
75.565,75.6,75.565,75.6,200,2021-09-03 16:23:00,CCOI
75.665,75.665,75.665,75.665,200,2021-09-03 16:28:00,CCOI
75.61,75.61,75.61,75.61,100,2021-09-03 16:30:00,CCOI
75.53,75.53,75.53,75.53,100,2021-09-03 16:31:00,CCOI
75.45,75.5,75.45,75.5,700,2021-09-03 16:32:00,CCOI
75.5,75.5,75.455,75.475,300,2021-09-03 16:35:00,CCOI
75.48,75.48,75.48,75.48,100,2021-09-03 16:37:00,CCOI
75.49,75.5,75.48,75.48,700,2021-09-03 16:41:00,CCOI
75.55,75.55,75.55,75.55,100,2021-09-03 16:43:00,CCOI
75.51,75.56,75.51,75.53,300,2021-09-03 16:49:00,CCOI
75.52,75.52,75.52,75.52,100,2021-09-03 16:50:00,CCOI
75.49,75.49,75.49,75.49,240,2021-09-03 16:54:00,CCOI
75.56,75.56,75.56,75.56,100,2021-09-03 16:55:00,CCOI
75.56,75.56,75.56,75.56,100,2021-09-03 16:59:00,CCOI
75.58,75.58,75.58,75.58,700,2021-09-03 17:01:00,CCOI
75.58,75.58,75.58,75.58,100,2021-09-03 17:02:00,CCOI
75.56,75.56,75.52,75.52,503,2021-09-03 17:07:00,CCOI
75.475,75.51,75.475,75.51,6100,2021-09-03 17:09:00,CCOI
75.49,75.49,75.49,75.49,100,2021-09-03 17:10:00,CCOI
75.5,75.5,75.5,75.5,100,2021-09-03 17:12:00,CCOI
75.5,75.5399,75.5,75.505,311,2021-09-03 17:13:00,CCOI
75.51,75.51,75.51,75.51,119,2021-09-03 17:15:00,CCOI
75.5,75.5,75.5,75.5,100,2021-09-03 17:16:00,CCOI
75.46,75.46,75.46,75.46,200,2021-09-03 17:18:00,CCOI
75.5,75.5,75.5,75.5,1200,2021-09-03 17:21:00,CCOI
75.5,75.5,75.5,75.5,100,2021-09-03 17:22:00,CCOI
75.471,75.471,75.471,75.471,100,2021-09-03 17:24:00,CCOI
75.53,75.54,75.53,75.54,400,2021-09-03 17:25:00,CCOI
75.52,75.52,75.52,75.52,100,2021-09-03 17:27:00,CCOI
75.515,75.515,75.515,75.515,100,2021-09-03 17:29:00,CCOI
75.505,75.505,75.505,75.505,100,2021-09-03 17:30:00,CCOI
75.54,75.56,75.54,75.56,300,2021-09-03 17:32:00,CCOI
75.51,75.53,75.51,75.53,290,2021-09-03 17:33:00,CCOI
75.52,75.52,75.52,75.52,303,2021-09-03 17:35:00,CCOI
75.485,75.485,75.485,75.485,100,2021-09-03 17:38:00,CCOI
75.485,75.485,75.485,75.485,100,2021-09-03 17:39:00,CCOI
75.5,75.5,75.47,75.47,300,2021-09-03 17:40:00,CCOI
75.5,75.5,75.5,75.5,100,2021-09-03 17:41:00,CCOI
75.485,75.485,75.485,75.485,186,2021-09-03 17:44:00,CCOI
75.51,75.51,75.51,75.51,100,2021-09-03 17:45:00,CCOI
75.49,75.49,75.46,75.46,500,2021-09-03 17:50:00,CCOI
75.49,75.5,75.49,75.5,500,2021-09-03 17:51:00,CCOI
75.45,75.45,75.45,75.45,216,2021-09-03 17:54:00,CCOI
75.36,75.36,75.36,75.36,100,2021-09-03 17:55:00,CCOI
75.16,75.16,75.16,75.16,100,2021-09-03 18:01:00,CCOI
75.235,75.235,75.235,75.235,100,2021-09-03 18:02:00,CCOI
75.13,75.13,75.1,75.1,200,2021-09-03 18:06:00,CCOI
75.08,75.08,75.08,75.08,100,2021-09-03 18:07:00,CCOI
74.96,74.96,74.96,74.96,300,2021-09-03 18:12:00,CCOI
74.92,74.92,74.92,74.92,100,2021-09-03 18:13:00,CCOI
74.87,74.87,74.87,74.87,200,2021-09-03 18:17:00,CCOI
74.95,74.95,74.88,74.88,400,2021-09-03 18:18:00,CCOI
74.88,74.88,74.84,74.84,200,2021-09-03 18:20:00,CCOI
74.8,74.8,74.8,74.8,100,2021-09-03 18:22:00,CCOI
74.87,74.87,74.76,74.76,1147,2021-09-03 18:24:00,CCOI
74.7325,74.7325,74.7325,74.7325,100,2021-09-03 18:28:00,CCOI
74.6,74.6,74.6,74.6,100,2021-09-03 18:33:00,CCOI
74.65,74.65,74.645,74.645,600,2021-09-03 18:34:00,CCOI
74.62,74.62,74.62,74.62,100,2021-09-03 18:35:00,CCOI
74.68,74.69,74.55,74.55,400,2021-09-03 18:36:00,CCOI
74.63,74.63,74.595,74.595,300,2021-09-03 18:37:00,CCOI
74.55,74.64,74.55,74.6,2473,2021-09-03 18:38:00,CCOI
74.64,74.7,74.64,74.7,1100,2021-09-03 18:39:00,CCOI
74.75,74.78,74.75,74.78,200,2021-09-03 18:42:00,CCOI
74.81,74.82,74.81,74.82,400,2021-09-03 18:43:00,CCOI
74.83,74.83,74.83,74.83,100,2021-09-03 18:44:00,CCOI
74.87,74.87,74.87,74.87,100,2021-09-03 18:45:00,CCOI
74.83,74.83,74.83,74.83,100,2021-09-03 18:47:00,CCOI
74.88,74.96,74.875,74.96,700,2021-09-03 18:49:00,CCOI
74.96,74.96,74.96,74.96,100,2021-09-03 18:50:00,CCOI
75.0,75.0,74.965,74.965,540,2021-09-03 18:51:00,CCOI
75.06,75.095,75.05,75.05,500,2021-09-03 18:52:00,CCOI
75.06,75.06,75.06,75.06,100,2021-09-03 19:01:00,CCOI
75.051,75.051,75.05,75.05,200,2021-09-03 19:03:00,CCOI
75.045,75.045,75.045,75.045,100,2021-09-03 19:04:00,CCOI
75.03,75.03,75.03,75.03,100,2021-09-03 19:08:00,CCOI
75.025,75.025,75.025,75.025,100,2021-09-03 19:09:00,CCOI
75.011,75.011,75.011,75.011,100,2021-09-03 19:10:00,CCOI
75.06,75.06,75.04,75.04,500,2021-09-03 19:12:00,CCOI
75.09,75.1,75.08,75.1,700,2021-09-03 19:13:00,CCOI
75.095,75.095,75.095,75.095,100,2021-09-03 19:14:00,CCOI
75.11,75.12,75.11,75.12,300,2021-09-03 19:15:00,CCOI
75.1,75.1,74.99,74.99,1003,2021-09-03 19:16:00,CCOI
74.97,74.97,74.97,74.97,300,2021-09-03 19:17:00,CCOI
74.935,74.935,74.935,74.935,100,2021-09-03 19:19:00,CCOI
74.9,74.9,74.87,74.87,200,2021-09-03 19:20:00,CCOI
74.855,74.855,74.855,74.855,100,2021-09-03 19:21:00,CCOI
74.855,74.88,74.855,74.88,214,2021-09-03 19:22:00,CCOI
74.93,75.04,74.93,75.04,1000,2021-09-03 19:23:00,CCOI
75.0,75.0,75.0,75.0,200,2021-09-03 19:24:00,CCOI
75.0006,75.0006,75.0006,75.0006,200,2021-09-03 19:25:00,CCOI
74.99,74.99,74.99,74.99,100,2021-09-03 19:26:00,CCOI
74.99,74.99,74.99,74.99,100,2021-09-03 19:27:00,CCOI
74.99,74.99,74.99,74.99,100,2021-09-03 19:29:00,CCOI
74.95,74.98,74.94,74.97,500,2021-09-03 19:31:00,CCOI
74.98,74.98,74.955,74.955,200,2021-09-03 19:34:00,CCOI
74.93,74.93,74.93,74.93,100,2021-09-03 19:35:00,CCOI
74.87,74.87,74.831,74.84,400,2021-09-03 19:37:00,CCOI
74.82,74.82,74.78,74.78,450,2021-09-03 19:38:00,CCOI
74.66,74.69,74.645,74.665,900,2021-09-03 19:40:00,CCOI
74.62,74.62,74.58,74.595,300,2021-09-03 19:42:00,CCOI
74.67,74.67,74.66,74.66,400,2021-09-03 19:43:00,CCOI
74.705,74.75,74.705,74.75,200,2021-09-03 19:44:00,CCOI
74.71,74.71,74.71,74.71,100,2021-09-03 19:46:00,CCOI
74.7,74.7,74.7,74.7,100,2021-09-03 19:48:00,CCOI
74.71,74.77,74.69,74.77,700,2021-09-03 19:49:00,CCOI
74.77,74.805,74.77,74.805,650,2021-09-03 19:50:00,CCOI
74.84,74.84,74.8,74.81,700,2021-09-03 19:51:00,CCOI
74.83,74.84,74.83,74.84,400,2021-09-03 19:52:00,CCOI
74.84,74.85,74.84,74.85,200,2021-09-03 19:53:00,CCOI
74.85,74.87,74.84,74.86,1280,2021-09-03 19:54:00,CCOI
74.825,74.85,74.825,74.85,300,2021-09-03 19:55:00,CCOI
74.88,74.88,74.73,74.84,1680,2021-09-03 19:56:00,CCOI
74.81,74.81,74.755,74.79,1100,2021-09-03 19:57:00,CCOI
74.81,74.85,74.81,74.82,816,2021-09-03 19:58:00,CCOI
74.78,74.82,74.74,74.76,1687,2021-09-03 19:59:00,CCOI
74.81,74.81,74.81,74.81,36270,2021-09-03 20:00:00,CCOI
74.81,74.81,74.81,74.81,7002,2021-09-03 20:01:00,CCOI
74.77,74.77,74.6,74.6,2356,2021-09-07 13:30:00,CCOI
74.53,74.53,74.51,74.51,200,2021-09-07 13:32:00,CCOI
74.07,74.37,74.07,74.37,282,2021-09-07 13:36:00,CCOI
74.08,74.08,74.08,74.08,100,2021-09-07 13:39:00,CCOI
74.06,74.06,73.93,73.93,907,2021-09-07 13:40:00,CCOI
73.885,73.885,73.875,73.875,671,2021-09-07 13:41:00,CCOI
73.79,73.79,73.79,73.79,100,2021-09-07 13:42:00,CCOI
73.83,73.83,73.83,73.83,100,2021-09-07 13:44:00,CCOI
73.83,73.83,73.83,73.83,100,2021-09-07 13:45:00,CCOI
73.79,73.79,73.68,73.69,400,2021-09-07 13:46:00,CCOI
73.69,73.8006,73.69,73.8,330,2021-09-07 13:47:00,CCOI
73.81,73.81,73.81,73.81,100,2021-09-07 13:49:00,CCOI
73.8648,73.8648,73.8648,73.8648,235,2021-09-07 13:50:00,CCOI
73.85,73.85,73.85,73.85,100,2021-09-07 13:52:00,CCOI
73.89,74.11,73.89,74.11,698,2021-09-07 13:55:00,CCOI
74.159,74.16,74.159,74.16,300,2021-09-07 13:57:00,CCOI
74.06,74.06,74.06,74.06,100,2021-09-07 13:59:00,CCOI
74.1986,74.1986,74.1986,74.1986,458,2021-09-07 14:00:00,CCOI
74.17,74.17,74.17,74.17,100,2021-09-07 14:01:00,CCOI
74.12,74.12,74.1,74.1,300,2021-09-07 14:02:00,CCOI
74.11,74.11,74.11,74.11,150,2021-09-07 14:03:00,CCOI
74.04,74.04,74.03,74.03,400,2021-09-07 14:04:00,CCOI
74.04,74.06,74.01,74.01,700,2021-09-07 14:05:00,CCOI
74.139,74.139,74.12,74.12,200,2021-09-07 14:07:00,CCOI
74.06,74.06,74.06,74.06,200,2021-09-07 14:08:00,CCOI
73.94,73.94,73.91,73.91,300,2021-09-07 14:11:00,CCOI
73.88,73.89,73.88,73.89,200,2021-09-07 14:12:00,CCOI
73.81,74.03,73.81,74.03,700,2021-09-07 14:13:00,CCOI
74.1,74.27,74.1,74.27,500,2021-09-07 14:14:00,CCOI
74.3,74.3,74.3,74.3,100,2021-09-07 14:15:00,CCOI
74.22,74.24,74.22,74.24,200,2021-09-07 14:17:00,CCOI
74.3,74.3,74.3,74.3,100,2021-09-07 14:19:00,CCOI
74.22,74.3,74.22,74.3,200,2021-09-07 14:20:00,CCOI
74.3,74.3,74.28,74.28,300,2021-09-07 14:22:00,CCOI
74.21,74.3,74.21,74.3,200,2021-09-07 14:25:00,CCOI
74.34,74.34,74.34,74.34,100,2021-09-07 14:26:00,CCOI
74.235,74.29,74.23,74.29,500,2021-09-07 14:28:00,CCOI
74.355,74.4789,74.355,74.4789,900,2021-09-07 14:29:00,CCOI
74.42,74.42,74.42,74.42,100,2021-09-07 14:30:00,CCOI
74.759,74.759,74.71,74.71,200,2021-09-07 14:32:00,CCOI
74.76,74.76,74.59,74.59,307,2021-09-07 14:35:00,CCOI
74.8,75.0,74.8,75.0,11018,2021-09-07 14:39:00,CCOI
75.15,75.15,75.15,75.15,200,2021-09-07 14:41:00,CCOI
75.17,75.17,75.17,75.17,300,2021-09-07 14:42:00,CCOI
75.23,75.23,75.23,75.23,100,2021-09-07 14:43:00,CCOI
75.28,75.35,75.28,75.35,200,2021-09-07 14:44:00,CCOI
75.235,75.235,75.18,75.185,900,2021-09-07 14:46:00,CCOI
75.14,75.14,75.14,75.14,100,2021-09-07 14:48:00,CCOI
75.175,75.175,75.175,75.175,100,2021-09-07 14:49:00,CCOI
75.16,75.18,75.16,75.18,400,2021-09-07 14:51:00,CCOI
75.125,75.16,75.125,75.14,900,2021-09-07 14:52:00,CCOI
75.0,75.0,75.0,75.0,100,2021-09-07 14:55:00,CCOI
75.03,75.03,75.02,75.02,1200,2021-09-07 14:56:00,CCOI
75.13,75.13,75.13,75.13,100,2021-09-07 15:01:00,CCOI
75.14,75.14,75.12,75.13,300,2021-09-07 15:02:00,CCOI
75.2,75.2,75.2,75.2,100,2021-09-07 15:03:00,CCOI
75.28,75.34,75.28,75.34,200,2021-09-07 15:04:00,CCOI
75.25,75.29,75.24,75.29,600,2021-09-07 15:05:00,CCOI
75.27,75.28,75.27,75.28,300,2021-09-07 15:06:00,CCOI
75.325,75.325,75.325,75.325,185,2021-09-07 15:08:00,CCOI
75.37,75.37,75.37,75.37,171,2021-09-07 15:10:00,CCOI
75.445,75.445,75.445,75.445,100,2021-09-07 15:12:00,CCOI
75.419,75.419,75.419,75.419,100,2021-09-07 15:15:00,CCOI
75.49,75.49,75.49,75.49,100,2021-09-07 15:18:00,CCOI
75.54,75.54,75.42,75.44,600,2021-09-07 15:19:00,CCOI
75.3551,75.3551,75.3551,75.3551,128,2021-09-07 15:20:00,CCOI
75.37,75.37,75.37,75.37,100,2021-09-07 15:23:00,CCOI
75.35,75.35,75.35,75.35,401,2021-09-07 15:27:00,CCOI
75.39,75.39,75.39,75.39,400,2021-09-07 15:28:00,CCOI
75.475,75.475,75.475,75.475,100,2021-09-07 15:35:00,CCOI
75.489,75.489,75.41,75.41,200,2021-09-07 15:37:00,CCOI
75.46,75.46,75.46,75.46,300,2021-09-07 15:39:00,CCOI
75.455,75.455,75.455,75.455,100,2021-09-07 15:41:00,CCOI
75.475,75.51,75.475,75.51,600,2021-09-07 15:44:00,CCOI
75.47,75.47,75.47,75.47,100,2021-09-07 15:45:00,CCOI
75.35,75.35,75.33,75.33,200,2021-09-07 15:46:00,CCOI
75.43,75.43,75.43,75.43,100,2021-09-07 15:50:00,CCOI
75.399,75.399,75.399,75.399,100,2021-09-07 15:54:00,CCOI
75.33,75.33,75.33,75.33,792,2021-09-07 15:56:00,CCOI
75.29,75.35,75.29,75.35,400,2021-09-07 15:59:00,CCOI
75.38,75.38,75.38,75.38,100,2021-09-07 16:01:00,CCOI
75.31,75.31,75.31,75.31,101,2021-09-07 16:04:00,CCOI
75.4,75.4,75.4,75.4,200,2021-09-07 16:09:00,CCOI
75.34,75.34,75.34,75.34,100,2021-09-07 16:17:00,CCOI
75.36,75.36,75.34,75.34,300,2021-09-07 16:18:00,CCOI
75.25,75.25,75.25,75.25,100,2021-09-07 16:23:00,CCOI
75.22,75.22,75.22,75.22,200,2021-09-07 16:24:00,CCOI
75.31,75.35,75.31,75.35,300,2021-09-07 16:27:00,CCOI
75.33,75.33,75.33,75.33,118,2021-09-07 16:30:00,CCOI
75.3,75.3,75.2041,75.2041,530,2021-09-07 16:38:00,CCOI
75.255,75.255,75.255,75.255,100,2021-09-07 16:42:00,CCOI
75.23,75.23,75.23,75.23,100,2021-09-07 16:43:00,CCOI
75.23,75.25,75.23,75.23,300,2021-09-07 16:44:00,CCOI
75.23,75.23,75.23,75.23,100,2021-09-07 16:49:00,CCOI
75.24,75.25,75.24,75.25,300,2021-09-07 16:50:00,CCOI
75.26,75.26,75.26,75.26,200,2021-09-07 16:55:00,CCOI
75.32,75.32,75.26,75.26,300,2021-09-07 17:03:00,CCOI
75.34,75.35,75.34,75.35,234,2021-09-07 17:04:00,CCOI
75.335,75.335,75.335,75.335,200,2021-09-07 17:07:00,CCOI
75.36,75.36,75.36,75.36,100,2021-09-07 17:08:00,CCOI
75.33,75.33,75.33,75.33,100,2021-09-07 17:13:00,CCOI
75.37,75.41,75.37,75.37,900,2021-09-07 17:18:00,CCOI
75.405,75.405,75.405,75.405,100,2021-09-07 17:20:00,CCOI
75.44,75.44,75.44,75.44,200,2021-09-07 17:24:00,CCOI
75.45,75.45,75.45,75.45,200,2021-09-07 17:31:00,CCOI
75.489,75.489,75.489,75.489,167,2021-09-07 17:32:00,CCOI
75.48,75.48,75.48,75.48,272,2021-09-07 17:33:00,CCOI
75.47,75.47,75.47,75.47,100,2021-09-07 17:37:00,CCOI
75.49,75.49,75.49,75.49,200,2021-09-07 17:38:00,CCOI
75.57,75.57,75.55,75.56,600,2021-09-07 17:39:00,CCOI
75.52,75.53,75.49,75.49,500,2021-09-07 17:44:00,CCOI
75.51,75.54,75.51,75.54,400,2021-09-07 17:45:00,CCOI
75.6,75.6,75.6,75.6,400,2021-09-07 17:46:00,CCOI
75.61,75.61,75.61,75.61,100,2021-09-07 17:47:00,CCOI
75.63,75.63,75.63,75.63,200,2021-09-07 17:49:00,CCOI
75.6,75.6,75.6,75.6,300,2021-09-07 17:50:00,CCOI
75.59,75.59,75.57,75.59,309,2021-09-07 17:51:00,CCOI
75.56,75.565,75.52,75.565,500,2021-09-07 17:52:00,CCOI
75.5,75.5,75.5,75.5,100,2021-09-07 17:57:00,CCOI
75.4,75.43,75.4,75.43,400,2021-09-07 18:07:00,CCOI
75.39,75.39,75.39,75.39,100,2021-09-07 18:10:00,CCOI
75.39,75.39,75.39,75.39,100,2021-09-07 18:12:00,CCOI
75.3701,75.3701,75.35,75.35,500,2021-09-07 18:14:00,CCOI
75.29,75.29,75.29,75.29,100,2021-09-07 18:17:00,CCOI
75.344,75.344,75.29,75.29,200,2021-09-07 18:18:00,CCOI
75.29,75.29,75.26,75.26,200,2021-09-07 18:20:00,CCOI
75.31,75.329,75.295,75.295,400,2021-09-07 18:21:00,CCOI
75.28,75.28,75.26,75.26,300,2021-09-07 18:23:00,CCOI
75.19,75.19,75.19,75.19,100,2021-09-07 18:24:00,CCOI
75.18,75.18,75.18,75.18,100,2021-09-07 18:26:00,CCOI
75.13,75.13,75.13,75.13,100,2021-09-07 18:28:00,CCOI
75.115,75.115,75.115,75.115,111,2021-09-07 18:29:00,CCOI
75.05,75.05,75.05,75.05,200,2021-09-07 18:30:00,CCOI
75.05,75.05,75.05,75.05,100,2021-09-07 18:31:00,CCOI
75.095,75.095,75.05,75.05,200,2021-09-07 18:32:00,CCOI
75.11,75.11,75.08,75.08,200,2021-09-07 18:33:00,CCOI
75.04,75.04,75.04,75.04,100,2021-09-07 18:35:00,CCOI
75.01,75.01,75.01,75.01,100,2021-09-07 18:36:00,CCOI
74.97,74.97,74.9,74.9,200,2021-09-07 18:39:00,CCOI
74.9391,74.9391,74.9391,74.9391,150,2021-09-07 18:40:00,CCOI
74.93,74.93,74.93,74.93,100,2021-09-07 18:41:00,CCOI
74.98,75.025,74.98,75.025,1000,2021-09-07 18:43:00,CCOI
75.06,75.06,75.06,75.06,100,2021-09-07 18:45:00,CCOI
75.1307,75.1307,75.1,75.1,600,2021-09-07 18:47:00,CCOI
75.14,75.14,75.14,75.14,100,2021-09-07 18:55:00,CCOI
75.19,75.19,75.19,75.19,100,2021-09-07 18:56:00,CCOI
75.19,75.23,75.19,75.23,200,2021-09-07 18:58:00,CCOI
75.175,75.175,75.13,75.13,400,2021-09-07 19:05:00,CCOI
75.105,75.105,75.105,75.105,100,2021-09-07 19:06:00,CCOI
75.08,75.08,75.08,75.08,100,2021-09-07 19:11:00,CCOI
75.08,75.08,75.08,75.08,110,2021-09-07 19:12:00,CCOI
75.11,75.11,75.11,75.11,100,2021-09-07 19:14:00,CCOI
75.07,75.07,75.07,75.07,100,2021-09-07 19:18:00,CCOI
75.02,75.02,75.02,75.02,100,2021-09-07 19:19:00,CCOI
75.06,75.06,75.06,75.06,200,2021-09-07 19:20:00,CCOI
75.07,75.08,75.07,75.08,500,2021-09-07 19:21:00,CCOI
75.15,75.15,75.15,75.15,100,2021-09-07 19:24:00,CCOI
75.19,75.19,75.19,75.19,100,2021-09-07 19:25:00,CCOI
75.2,75.2,75.2,75.2,200,2021-09-07 19:26:00,CCOI
75.17,75.17,75.17,75.17,100,2021-09-07 19:28:00,CCOI
75.165,75.165,75.15,75.15,200,2021-09-07 19:29:00,CCOI
75.07,75.07,75.06,75.06,200,2021-09-07 19:30:00,CCOI
75.05,75.05,75.05,75.05,100,2021-09-07 19:31:00,CCOI
75.08,75.1,75.07,75.1,533,2021-09-07 19:32:00,CCOI
75.11,75.11,75.11,75.11,100,2021-09-07 19:34:00,CCOI
75.1,75.1,75.09,75.09,400,2021-09-07 19:35:00,CCOI
75.06,75.06,75.06,75.06,100,2021-09-07 19:36:00,CCOI
75.04,75.04,75.04,75.04,200,2021-09-07 19:38:00,CCOI
74.99,74.99,74.99,74.99,200,2021-09-07 19:39:00,CCOI
75.005,75.005,75.005,75.005,200,2021-09-07 19:40:00,CCOI
74.98,74.98,74.98,74.98,100,2021-09-07 19:42:00,CCOI
74.95,74.95,74.95,74.95,100,2021-09-07 19:43:00,CCOI
74.96,74.97,74.96,74.97,600,2021-09-07 19:45:00,CCOI
74.98,74.98,74.95,74.95,614,2021-09-07 19:46:00,CCOI
74.95,74.95,74.92,74.92,700,2021-09-07 19:47:00,CCOI
74.88,74.88,74.83,74.83,700,2021-09-07 19:48:00,CCOI
74.83,74.84,74.825,74.83,700,2021-09-07 19:50:00,CCOI
74.8363,74.8363,74.82,74.82,333,2021-09-07 19:51:00,CCOI
74.84,74.85,74.82,74.84,1250,2021-09-07 19:52:00,CCOI
74.865,74.865,74.85,74.85,200,2021-09-07 19:53:00,CCOI
74.85,74.89,74.85,74.88,600,2021-09-07 19:54:00,CCOI
74.94,74.94,74.865,74.91,1043,2021-09-07 19:55:00,CCOI
74.935,74.935,74.935,74.935,200,2021-09-07 19:57:00,CCOI
74.955,74.96,74.91,74.96,400,2021-09-07 19:58:00,CCOI
74.96,75.02,74.95,74.96,1937,2021-09-07 19:59:00,CCOI
74.95,74.95,74.95,74.95,21300,2021-09-07 20:00:00,CCOI
74.95,74.95,74.95,74.95,145,2021-09-07 20:01:00,CCOI
74.95,74.95,74.95,74.95,14544,2021-09-07 21:34:00,CCOI
74.8,74.8,74.8,74.8,250,2021-09-08 08:22:00,CCOI
74.99,74.99,74.99,74.99,100,2021-09-08 13:29:00,CCOI
74.99,75.0,74.9,74.9,1854,2021-09-08 13:30:00,CCOI
75.175,75.175,75.175,75.175,100,2021-09-08 13:31:00,CCOI
75.13,75.13,75.13,75.13,5100,2021-09-08 13:34:00,CCOI
75.0,75.0,75.0,75.0,100,2021-09-08 13:36:00,CCOI
74.89,75.17,74.89,75.17,999,2021-09-08 13:43:00,CCOI
75.21,75.21,75.08,75.08,1900,2021-09-08 13:47:00,CCOI
75.01,75.01,75.01,75.01,100,2021-09-08 13:49:00,CCOI
74.9219,74.93,74.9219,74.93,1500,2021-09-08 13:56:00,CCOI
74.98,74.98,74.98,74.98,100,2021-09-08 13:57:00,CCOI
74.99,75.01,74.99,75.01,300,2021-09-08 13:58:00,CCOI
75.0,75.0,75.0,75.0,200,2021-09-08 14:04:00,CCOI
75.0,75.0,75.0,75.0,100,2021-09-08 14:05:00,CCOI
75.0,75.06,75.0,75.06,200,2021-09-08 14:06:00,CCOI
75.1,75.1,75.1,75.1,100,2021-09-08 14:07:00,CCOI
75.065,75.065,75.065,75.065,100,2021-09-08 14:08:00,CCOI
75.045,75.045,75.035,75.035,200,2021-09-08 14:09:00,CCOI
75.03,75.06,75.03,75.06,200,2021-09-08 14:11:00,CCOI
75.07,75.07,75.07,75.07,100,2021-09-08 14:13:00,CCOI
75.0,75.0,75.0,75.0,100,2021-09-08 14:22:00,CCOI
74.995,74.995,74.995,74.995,300,2021-09-08 14:24:00,CCOI
74.95,75.04,74.95,75.04,600,2021-09-08 14:25:00,CCOI
75.125,75.125,75.125,75.125,198,2021-09-08 14:31:00,CCOI
75.26,75.28,75.26,75.26,400,2021-09-08 14:33:00,CCOI
75.255,75.31,75.255,75.31,200,2021-09-08 14:34:00,CCOI
75.36,75.36,75.35,75.355,516,2021-09-08 14:36:00,CCOI
75.38,75.38,75.38,75.38,100,2021-09-08 14:37:00,CCOI
75.39,75.39,75.39,75.39,100,2021-09-08 14:38:00,CCOI
75.43,75.5,75.39,75.41,700,2021-09-08 14:48:00,CCOI
75.435,75.435,75.435,75.435,100,2021-09-08 14:49:00,CCOI
75.44,75.45,75.44,75.45,200,2021-09-08 14:50:00,CCOI
75.43,75.43,75.43,75.43,200,2021-09-08 14:51:00,CCOI
75.34,75.34,75.21,75.21,500,2021-09-08 14:54:00,CCOI
75.17,75.21,75.13,75.21,1300,2021-09-08 14:55:00,CCOI
75.3,75.34,75.29,75.34,1500,2021-09-08 14:57:00,CCOI
75.45,75.45,75.42,75.42,200,2021-09-08 14:58:00,CCOI
75.36,75.43,75.36,75.43,200,2021-09-08 15:00:00,CCOI
75.42,75.42,75.41,75.41,300,2021-09-08 15:06:00,CCOI
75.44,75.45,75.44,75.45,300,2021-09-08 15:10:00,CCOI
75.43,75.45,75.42,75.45,600,2021-09-08 15:11:00,CCOI
75.4,75.4,75.39,75.39,300,2021-09-08 15:13:00,CCOI
75.395,75.395,75.395,75.395,100,2021-09-08 15:14:00,CCOI
75.38,75.38,75.37,75.37,300,2021-09-08 15:15:00,CCOI
75.2284,75.2284,75.2284,75.2284,120,2021-09-08 15:16:00,CCOI
75.18,75.18,75.18,75.18,100,2021-09-08 15:17:00,CCOI
75.27,75.27,75.27,75.27,100,2021-09-08 15:19:00,CCOI
75.41,75.43,75.385,75.385,600,2021-09-08 15:28:00,CCOI
75.33,75.33,75.3,75.3,700,2021-09-08 15:29:00,CCOI
75.29,75.29,75.29,75.29,100,2021-09-08 15:33:00,CCOI
75.24,75.24,75.22,75.23,300,2021-09-08 15:34:00,CCOI
75.25,75.26,75.13,75.26,900,2021-09-08 15:39:00,CCOI
75.2,75.205,75.2,75.205,200,2021-09-08 15:41:00,CCOI
75.18,75.18,75.18,75.18,100,2021-09-08 15:42:00,CCOI
75.07,75.07,75.07,75.07,600,2021-09-08 15:43:00,CCOI
74.94,74.94,74.94,74.94,100,2021-09-08 15:44:00,CCOI
74.84,74.84,74.84,74.84,100,2021-09-08 15:48:00,CCOI
74.83,74.83,74.83,74.83,200,2021-09-08 15:54:00,CCOI
74.8,74.8,74.68,74.75,511,2021-09-08 15:55:00,CCOI
74.81,74.81,74.81,74.81,100,2021-09-08 15:56:00,CCOI
74.89,74.97,74.86,74.86,1115,2021-09-08 16:02:00,CCOI
74.98,75.0,74.98,75.0,458,2021-09-08 16:07:00,CCOI
75.02,75.02,75.02,75.02,100,2021-09-08 16:08:00,CCOI
74.98,74.98,74.98,74.98,100,2021-09-08 16:11:00,CCOI
75.02,75.02,74.94,74.94,200,2021-09-08 16:12:00,CCOI
74.985,74.985,74.985,74.985,100,2021-09-08 16:13:00,CCOI
75.02,75.02,75.02,75.02,100,2021-09-08 16:16:00,CCOI
75.02,75.02,75.0196,75.02,300,2021-09-08 16:17:00,CCOI
75.02,75.02,74.96,74.96,1400,2021-09-08 16:18:00,CCOI
74.99,74.99,74.99,74.99,100,2021-09-08 16:19:00,CCOI
74.955,74.955,74.955,74.955,397,2021-09-08 16:20:00,CCOI
74.96,75.0,74.96,75.0,200,2021-09-08 16:25:00,CCOI
75.015,75.015,75.015,75.015,200,2021-09-08 16:26:00,CCOI
75.12,75.12,75.12,75.12,200,2021-09-08 16:34:00,CCOI
75.14,75.145,75.14,75.14,300,2021-09-08 16:35:00,CCOI
75.14,75.14,75.02,75.02,1009,2021-09-08 16:36:00,CCOI
75.1,75.11,75.07,75.08,800,2021-09-08 16:40:00,CCOI
75.06,75.06,75.03,75.03,600,2021-09-08 16:44:00,CCOI
75.01,75.01,74.96,74.96,700,2021-09-08 16:46:00,CCOI
74.94,74.94,74.94,74.94,100,2021-09-08 16:47:00,CCOI
74.945,74.945,74.945,74.945,100,2021-09-08 16:50:00,CCOI
74.92,74.96,74.92,74.96,400,2021-09-08 16:53:00,CCOI
74.96,74.96,74.96,74.96,100,2021-09-08 17:00:00,CCOI
74.87,74.87,74.87,74.87,100,2021-09-08 17:05:00,CCOI
74.95,74.96,74.92,74.92,341,2021-09-08 17:06:00,CCOI
74.8,74.8,74.71,74.74,650,2021-09-08 17:15:00,CCOI
74.71,74.71,74.71,74.71,100,2021-09-08 17:18:00,CCOI
74.76,74.76,74.76,74.76,277,2021-09-08 17:24:00,CCOI
74.83,74.84,74.7949,74.7949,1525,2021-09-08 17:26:00,CCOI
74.86,74.86,74.86,74.86,100,2021-09-08 17:27:00,CCOI
74.8209,74.8209,74.8209,74.8209,555,2021-09-08 17:28:00,CCOI
74.8588,74.8588,74.72,74.72,3498,2021-09-08 17:30:00,CCOI
74.755,74.8089,74.755,74.8,577,2021-09-08 17:34:00,CCOI
74.77,74.77,74.72,74.72,300,2021-09-08 17:35:00,CCOI
74.655,74.655,74.655,74.655,100,2021-09-08 17:36:00,CCOI
74.7,74.7,74.7,74.7,100,2021-09-08 17:39:00,CCOI
74.71,74.72,74.66,74.72,500,2021-09-08 17:41:00,CCOI
74.73,74.73,74.73,74.73,100,2021-09-08 17:42:00,CCOI
74.78,74.78,74.78,74.78,100,2021-09-08 17:45:00,CCOI
74.72,74.72,74.72,74.72,300,2021-09-08 17:47:00,CCOI
74.655,74.655,74.655,74.655,100,2021-09-08 17:48:00,CCOI
74.69,74.69,74.68,74.68,200,2021-09-08 17:50:00,CCOI
74.63,74.64,74.63,74.64,200,2021-09-08 17:53:00,CCOI
74.625,74.625,74.625,74.625,100,2021-09-08 17:54:00,CCOI
74.66,74.66,74.66,74.66,100,2021-09-08 17:55:00,CCOI
74.65,74.65,74.65,74.65,119,2021-09-08 17:57:00,CCOI
74.68,74.755,74.67,74.755,500,2021-09-08 18:00:00,CCOI
74.78,74.78,74.75,74.75,300,2021-09-08 18:03:00,CCOI
74.71,74.71,74.71,74.71,169,2021-09-08 18:06:00,CCOI
74.7784,74.779,74.76,74.76,448,2021-09-08 18:08:00,CCOI
74.76,74.77,74.76,74.77,200,2021-09-08 18:10:00,CCOI
74.79,74.81,74.79,74.81,400,2021-09-08 18:15:00,CCOI
74.8,74.8,74.785,74.785,431,2021-09-08 18:16:00,CCOI
74.67,74.67,74.67,74.67,100,2021-09-08 18:20:00,CCOI
74.69,74.7,74.69,74.7,300,2021-09-08 18:21:00,CCOI
74.67,74.67,74.67,74.67,100,2021-09-08 18:24:00,CCOI
74.7,74.7,74.7,74.7,211,2021-09-08 18:28:00,CCOI
74.64,74.64,74.605,74.605,200,2021-09-08 18:32:00,CCOI
74.625,74.625,74.625,74.625,100,2021-09-08 18:33:00,CCOI
74.6,74.63,74.6,74.63,200,2021-09-08 18:37:00,CCOI
74.5,74.5,74.5,74.5,100,2021-09-08 18:40:00,CCOI
74.51,74.51,74.51,74.51,100,2021-09-08 18:41:00,CCOI
74.42,74.42,74.42,74.42,100,2021-09-08 18:42:00,CCOI
74.465,74.51,74.465,74.51,300,2021-09-08 18:43:00,CCOI
74.58,74.58,74.58,74.58,100,2021-09-08 18:45:00,CCOI
74.57,74.57,74.57,74.57,200,2021-09-08 18:47:00,CCOI
74.56,74.56,74.56,74.56,100,2021-09-08 18:49:00,CCOI
74.62,74.65,74.62,74.65,400,2021-09-08 18:59:00,CCOI
74.635,74.635,74.635,74.635,100,2021-09-08 19:01:00,CCOI
74.67,74.67,74.63,74.63,200,2021-09-08 19:03:00,CCOI
74.61,74.61,74.61,74.61,100,2021-09-08 19:05:00,CCOI
74.63,74.63,74.63,74.63,100,2021-09-08 19:06:00,CCOI
74.58,74.58,74.58,74.58,100,2021-09-08 19:08:00,CCOI
74.56,74.6,74.56,74.6,600,2021-09-08 19:10:00,CCOI
74.56,74.56,74.56,74.56,100,2021-09-08 19:15:00,CCOI
74.5513,74.5513,74.5513,74.5513,185,2021-09-08 19:18:00,CCOI
74.59,74.61,74.56,74.57,500,2021-09-08 19:21:00,CCOI
74.56,74.56,74.54,74.54,200,2021-09-08 19:23:00,CCOI
74.55,74.55,74.55,74.55,100,2021-09-08 19:24:00,CCOI
74.53,74.53,74.53,74.53,200,2021-09-08 19:26:00,CCOI
74.51,74.51,74.5,74.5,217,2021-09-08 19:27:00,CCOI
74.49,74.49,74.49,74.49,100,2021-09-08 19:29:00,CCOI
74.49,74.49,74.49,74.49,100,2021-09-08 19:30:00,CCOI
74.44,74.48,74.435,74.47,400,2021-09-08 19:31:00,CCOI
74.49,74.5,74.46,74.47,700,2021-09-08 19:32:00,CCOI
74.45,74.45,74.45,74.45,100,2021-09-08 19:33:00,CCOI
74.5,74.5,74.5,74.5,100,2021-09-08 19:34:00,CCOI
74.48,74.48,74.48,74.48,100,2021-09-08 19:35:00,CCOI
74.53,74.54,74.53,74.53,400,2021-09-08 19:36:00,CCOI
74.53,74.53,74.53,74.53,100,2021-09-08 19:37:00,CCOI
74.54,74.54,74.54,74.54,300,2021-09-08 19:39:00,CCOI
74.55,74.55,74.55,74.55,100,2021-09-08 19:42:00,CCOI
74.55,74.59,74.55,74.59,400,2021-09-08 19:43:00,CCOI
74.61,74.61,74.61,74.61,100,2021-09-08 19:44:00,CCOI
74.6,74.6026,74.6,74.6026,354,2021-09-08 19:45:00,CCOI
74.62,74.63,74.62,74.63,200,2021-09-08 19:46:00,CCOI
74.615,74.65,74.605,74.65,700,2021-09-08 19:48:00,CCOI
74.67,74.725,74.65,74.725,400,2021-09-08 19:50:00,CCOI
74.61,74.61,74.61,74.61,100,2021-09-08 19:52:00,CCOI
74.61,74.63,74.59,74.59,300,2021-09-08 19:53:00,CCOI
74.58,74.6,74.56,74.59,900,2021-09-08 19:55:00,CCOI
74.62,74.685,74.62,74.645,600,2021-09-08 19:56:00,CCOI
74.62,74.63,74.62,74.63,900,2021-09-08 19:57:00,CCOI
74.62,74.65,74.62,74.65,1704,2021-09-08 19:58:00,CCOI
74.66,74.685,74.62,74.68,900,2021-09-08 19:59:00,CCOI
74.61,74.61,74.61,74.61,21986,2021-09-08 20:00:00,CCOI
74.61,74.61,74.61,74.61,4838,2021-09-08 20:33:00,CCOI
74.47,74.47,74.47,74.47,1063,2021-09-09 13:30:00,CCOI
74.325,74.325,74.325,74.325,200,2021-09-09 13:34:00,CCOI
74.13,74.13,74.07,74.07,200,2021-09-09 13:35:00,CCOI
74.04,74.04,74.04,74.04,100,2021-09-09 13:44:00,CCOI
73.88,73.88,73.73,73.73,1200,2021-09-09 13:47:00,CCOI
73.64,73.64,73.63,73.63,200,2021-09-09 13:48:00,CCOI
73.55,73.55,73.55,73.55,100,2021-09-09 13:49:00,CCOI
73.59,73.59,73.41,73.43,400,2021-09-09 13:50:00,CCOI
73.5203,73.5203,73.5203,73.5203,100,2021-09-09 13:55:00,CCOI
73.54,73.54,73.54,73.54,100,2021-09-09 13:56:00,CCOI
73.4357,73.4357,73.4357,73.4357,151,2021-09-09 14:02:00,CCOI
73.63,73.63,73.63,73.63,300,2021-09-09 14:12:00,CCOI
73.64,73.64,73.64,73.64,500,2021-09-09 14:15:00,CCOI
73.72,73.72,73.72,73.72,100,2021-09-09 14:16:00,CCOI
73.8,73.8,73.8,73.8,100,2021-09-09 14:18:00,CCOI
73.81,73.81,73.81,73.81,100,2021-09-09 14:20:00,CCOI
73.8,73.8,73.8,73.8,400,2021-09-09 14:24:00,CCOI
73.73,73.73,73.73,73.73,100,2021-09-09 14:27:00,CCOI
73.77,73.77,73.77,73.77,100,2021-09-09 14:29:00,CCOI
73.91,73.91,73.91,73.91,100,2021-09-09 14:34:00,CCOI
73.92,73.92,73.92,73.92,200,2021-09-09 14:36:00,CCOI
73.94,73.94,73.94,73.94,100,2021-09-09 14:37:00,CCOI
74.06,74.06,74.06,74.06,135,2021-09-09 14:39:00,CCOI
74.03,74.09,74.03,74.09,200,2021-09-09 14:44:00,CCOI
74.04,74.04,74.03,74.03,300,2021-09-09 14:46:00,CCOI
74.03,74.03,74.03,74.03,100,2021-09-09 14:47:00,CCOI
73.97,73.97,73.97,73.97,100,2021-09-09 14:52:00,CCOI
73.98,73.98,73.98,73.98,100,2021-09-09 14:56:00,CCOI
73.88,73.88,73.88,73.88,100,2021-09-09 14:57:00,CCOI
73.88,73.94,73.88,73.94,315,2021-09-09 15:02:00,CCOI
73.7441,73.7441,73.7441,73.7441,138,2021-09-09 15:03:00,CCOI
73.72,73.72,73.72,73.72,100,2021-09-09 15:09:00,CCOI
73.76,73.76,73.76,73.76,219,2021-09-09 15:14:00,CCOI
73.71,73.71,73.71,73.71,100,2021-09-09 15:17:00,CCOI
73.725,73.725,73.725,73.725,100,2021-09-09 15:18:00,CCOI
73.81,73.81,73.81,73.81,200,2021-09-09 15:20:00,CCOI
73.79,73.79,73.79,73.79,100,2021-09-09 15:29:00,CCOI
73.72,73.8,73.72,73.8,300,2021-09-09 15:30:00,CCOI
73.79,73.79,73.79,73.79,100,2021-09-09 15:31:00,CCOI
73.87,73.87,73.87,73.87,100,2021-09-09 15:32:00,CCOI
74.02,74.02,74.02,74.02,171,2021-09-09 15:47:00,CCOI
74.06,74.07,74.03,74.06,400,2021-09-09 15:57:00,CCOI
74.01,74.01,74.01,74.01,100,2021-09-09 16:00:00,CCOI
73.95,73.95,73.95,73.95,100,2021-09-09 16:03:00,CCOI
73.95,73.95,73.95,73.95,100,2021-09-09 16:05:00,CCOI
74.06,74.06,73.96,73.96,500,2021-09-09 16:13:00,CCOI
73.94,74.0,73.82,73.99,9400,2021-09-09 16:18:00,CCOI
74.0185,74.0185,74.0185,74.0185,167,2021-09-09 16:20:00,CCOI
74.0,74.0,74.0,74.0,100,2021-09-09 16:23:00,CCOI
74.03,74.03,74.03,74.03,200,2021-09-09 16:30:00,CCOI
74.0,74.0,73.99,73.99,200,2021-09-09 16:31:00,CCOI
74.0401,74.0401,74.0401,74.0401,290,2021-09-09 16:36:00,CCOI
74.08,74.08,74.08,74.08,100,2021-09-09 16:37:00,CCOI
74.08,74.08,74.08,74.08,4300,2021-09-09 16:38:00,CCOI
73.94,73.94,73.94,73.94,100,2021-09-09 16:46:00,CCOI
74.0,74.0,74.0,74.0,100,2021-09-09 16:55:00,CCOI
73.94,73.94,73.94,73.94,100,2021-09-09 16:57:00,CCOI
73.89,73.89,73.89,73.89,100,2021-09-09 16:59:00,CCOI
73.89,73.89,73.89,73.89,100,2021-09-09 17:02:00,CCOI
73.915,73.915,73.915,73.915,200,2021-09-09 17:05:00,CCOI
73.89,73.89,73.89,73.89,100,2021-09-09 17:06:00,CCOI
73.91,73.92,73.91,73.92,300,2021-09-09 17:10:00,CCOI
73.93,73.93,73.93,73.93,100,2021-09-09 17:15:00,CCOI
73.93,73.93,73.93,73.93,249,2021-09-09 17:20:00,CCOI
73.85,73.85,73.78,73.78,400,2021-09-09 17:21:00,CCOI
73.785,73.79,73.785,73.79,310,2021-09-09 17:23:00,CCOI
73.79,73.79,73.79,73.79,100,2021-09-09 17:24:00,CCOI
73.7,73.7,73.665,73.665,400,2021-09-09 17:39:00,CCOI
73.62,73.7,73.62,73.7,300,2021-09-09 17:40:00,CCOI
73.69,73.69,73.68,73.69,300,2021-09-09 17:44:00,CCOI
73.73,73.73,73.73,73.73,200,2021-09-09 17:56:00,CCOI
73.75,73.75,73.75,73.75,300,2021-09-09 17:57:00,CCOI
73.72,73.72,73.72,73.72,100,2021-09-09 17:58:00,CCOI
73.7096,73.76,73.7096,73.76,575,2021-09-09 18:00:00,CCOI
73.7,73.7,73.695,73.695,200,2021-09-09 18:02:00,CCOI
73.635,73.635,73.635,73.635,200,2021-09-09 18:03:00,CCOI
73.59,73.59,73.59,73.59,100,2021-09-09 18:04:00,CCOI
73.69,73.69,73.69,73.69,100,2021-09-09 18:05:00,CCOI
73.65,73.65,73.65,73.65,100,2021-09-09 18:06:00,CCOI
73.79,73.79,73.79,73.79,100,2021-09-09 18:07:00,CCOI
73.74,73.74,73.73,73.73,300,2021-09-09 18:09:00,CCOI
73.7,73.7,73.7,73.7,113,2021-09-09 18:10:00,CCOI
73.68,73.68,73.68,73.68,200,2021-09-09 18:15:00,CCOI
73.66,73.66,73.66,73.66,100,2021-09-09 18:19:00,CCOI
73.5975,73.5975,73.5975,73.5975,100,2021-09-09 18:23:00,CCOI
73.57,73.57,73.57,73.57,100,2021-09-09 18:25:00,CCOI
73.615,73.615,73.615,73.615,109,2021-09-09 18:27:00,CCOI
73.65,73.65,73.61,73.61,200,2021-09-09 18:28:00,CCOI
73.61,73.61,73.61,73.61,100,2021-09-09 18:30:00,CCOI
73.58,73.58,73.58,73.58,100,2021-09-09 18:35:00,CCOI
73.57,73.59,73.57,73.59,300,2021-09-09 18:37:00,CCOI
73.59,73.59,73.59,73.59,100,2021-09-09 18:39:00,CCOI
73.57,73.57,73.57,73.57,100,2021-09-09 18:49:00,CCOI
73.595,73.595,73.595,73.595,100,2021-09-09 18:51:00,CCOI
73.74,73.74,73.74,73.74,100,2021-09-09 19:00:00,CCOI
73.79,73.79,73.79,73.79,100,2021-09-09 19:02:00,CCOI
73.79,73.81,73.79,73.81,200,2021-09-09 19:04:00,CCOI
73.81,73.81,73.8,73.8,200,2021-09-09 19:07:00,CCOI
73.86,73.86,73.73,73.73,600,2021-09-09 19:08:00,CCOI
73.75,73.75,73.69,73.73,400,2021-09-09 19:13:00,CCOI
73.68,73.68,73.68,73.68,100,2021-09-09 19:14:00,CCOI
73.68,73.68,73.68,73.68,100,2021-09-09 19:19:00,CCOI
73.65,73.65,73.65,73.65,100,2021-09-09 19:27:00,CCOI
73.72,73.72,73.72,73.72,100,2021-09-09 19:28:00,CCOI
73.69,73.7,73.69,73.7,235,2021-09-09 19:29:00,CCOI
73.7,73.7,73.7,73.7,100,2021-09-09 19:31:00,CCOI
73.7,73.7,73.7,73.7,100,2021-09-09 19:33:00,CCOI
73.69,73.69,73.69,73.69,100,2021-09-09 19:34:00,CCOI
73.67,73.68,73.636,73.636,950,2021-09-09 19:36:00,CCOI
73.61,73.61,73.61,73.61,100,2021-09-09 19:37:00,CCOI
73.65,73.65,73.65,73.65,100,2021-09-09 19:38:00,CCOI
73.68,73.69,73.64,73.64,300,2021-09-09 19:40:00,CCOI
73.64,73.64,73.62,73.62,200,2021-09-09 19:41:00,CCOI
73.65,73.65,73.61,73.6189,954,2021-09-09 19:42:00,CCOI
73.62,73.62,73.61,73.61,300,2021-09-09 19:44:00,CCOI
73.61,73.67,73.61,73.67,800,2021-09-09 19:45:00,CCOI
73.62,73.62,73.62,73.62,200,2021-09-09 19:47:00,CCOI
73.59,73.6082,73.58,73.58,500,2021-09-09 19:48:00,CCOI
73.5876,73.5876,73.56,73.56,236,2021-09-09 19:49:00,CCOI
73.47,73.48,73.43,73.43,1900,2021-09-09 19:52:00,CCOI
73.445,73.445,73.33,73.41,1200,2021-09-09 19:53:00,CCOI
73.42,73.42,73.3,73.3,1100,2021-09-09 19:54:00,CCOI
73.26,73.3,73.26,73.29,600,2021-09-09 19:55:00,CCOI
73.26,73.26,73.17,73.17,2095,2021-09-09 19:56:00,CCOI
73.195,73.23,73.18,73.2,1300,2021-09-09 19:57:00,CCOI
73.2,73.2,73.15,73.17,1978,2021-09-09 19:58:00,CCOI
73.16,73.18,73.12,73.17,3996,2021-09-09 19:59:00,CCOI
73.13,73.13,73.13,73.13,29686,2021-09-09 20:00:00,CCOI
73.13,73.13,73.13,73.13,279,2021-09-09 20:01:00,CCOI
73.32,73.32,73.2,73.2,1534,2021-09-10 13:30:00,CCOI
73.2,73.2,73.2,73.2,100,2021-09-10 13:33:00,CCOI
73.24,73.35,73.18,73.35,400,2021-09-10 13:34:00,CCOI
73.04,73.04,73.0,73.0,300,2021-09-10 13:35:00,CCOI
72.82,72.82,72.82,72.82,100,2021-09-10 13:39:00,CCOI
72.96,72.96,72.94,72.94,200,2021-09-10 13:41:00,CCOI
72.86,73.07,72.86,73.06,300,2021-09-10 13:42:00,CCOI
72.9156,72.9156,72.9156,72.9156,383,2021-09-10 13:43:00,CCOI
72.765,72.765,72.6,72.66,474,2021-09-10 13:49:00,CCOI
72.56,72.56,72.56,72.56,100,2021-09-10 13:50:00,CCOI
72.6,72.6,72.6,72.6,100,2021-09-10 13:52:00,CCOI
72.585,72.585,72.585,72.585,100,2021-09-10 13:53:00,CCOI
72.51,72.65,72.49,72.65,800,2021-09-10 13:54:00,CCOI
72.93,73.01,72.93,73.01,503,2021-09-10 13:58:00,CCOI
72.92,72.92,72.9,72.9,200,2021-09-10 13:59:00,CCOI
72.8,72.8,72.8,72.8,100,2021-09-10 14:08:00,CCOI
72.75,72.75,72.75,72.75,201,2021-09-10 14:11:00,CCOI
72.585,72.585,72.585,72.585,100,2021-09-10 14:15:00,CCOI
72.51,72.51,72.51,72.51,100,2021-09-10 14:17:00,CCOI
72.375,72.375,72.375,72.375,100,2021-09-10 14:21:00,CCOI
72.47,72.47,72.47,72.47,100,2021-09-10 14:22:00,CCOI
72.31,72.31,72.31,72.31,100,2021-09-10 14:24:00,CCOI
72.3001,72.3001,72.3001,72.3001,100,2021-09-10 14:26:00,CCOI
72.3,72.3,72.3,72.3,126,2021-09-10 14:27:00,CCOI
72.27,72.33,72.26,72.26,500,2021-09-10 14:29:00,CCOI
72.15,72.17,72.08,72.08,384,2021-09-10 14:30:00,CCOI
72.16,72.16,72.15,72.15,200,2021-09-10 14:31:00,CCOI
72.399,72.399,72.399,72.399,100,2021-09-10 14:39:00,CCOI
72.37,72.4,72.37,72.4,200,2021-09-10 14:40:00,CCOI
72.43,72.43,72.43,72.43,100,2021-09-10 14:41:00,CCOI
72.385,72.385,72.31,72.35,600,2021-09-10 14:45:00,CCOI
72.3,72.3,72.3,72.3,100,2021-09-10 14:46:00,CCOI
72.34,72.34,72.34,72.34,100,2021-09-10 14:47:00,CCOI
72.245,72.245,72.245,72.245,100,2021-09-10 14:50:00,CCOI
72.325,72.325,72.325,72.325,205,2021-09-10 14:53:00,CCOI
72.31,72.31,72.28,72.28,200,2021-09-10 14:55:00,CCOI
72.38,72.38,72.38,72.38,100,2021-09-10 14:58:00,CCOI
72.38,72.38,72.38,72.38,100,2021-09-10 15:00:00,CCOI
72.35,72.35,72.35,72.35,100,2021-09-10 15:03:00,CCOI
72.28,72.28,72.28,72.28,100,2021-09-10 15:08:00,CCOI
72.24,72.24,72.24,72.24,100,2021-09-10 15:09:00,CCOI
72.39,72.41,72.37,72.37,300,2021-09-10 15:10:00,CCOI
72.4453,72.4453,72.4453,72.4453,272,2021-09-10 15:11:00,CCOI
72.425,72.425,72.425,72.425,100,2021-09-10 15:12:00,CCOI
72.36,72.39,72.36,72.39,398,2021-09-10 15:13:00,CCOI
72.39,72.39,72.39,72.39,100,2021-09-10 15:14:00,CCOI
72.38,72.38,72.38,72.38,100,2021-09-10 15:15:00,CCOI
72.41,72.41,72.35,72.35,600,2021-09-10 15:17:00,CCOI
72.29,72.39,72.29,72.39,400,2021-09-10 15:18:00,CCOI
72.4,72.4,72.4,72.4,100,2021-09-10 15:19:00,CCOI
72.41,72.41,72.41,72.41,100,2021-09-10 15:20:00,CCOI
72.4423,72.4423,72.4423,72.4423,120,2021-09-10 15:21:00,CCOI
72.49,72.49,72.49,72.49,100,2021-09-10 15:22:00,CCOI
72.42,72.42,72.42,72.42,398,2021-09-10 15:23:00,CCOI
72.39,72.5,72.39,72.39,394,2021-09-10 15:24:00,CCOI
72.4,72.45,72.4,72.45,300,2021-09-10 15:25:00,CCOI
72.4,72.4,72.4,72.4,100,2021-09-10 15:27:00,CCOI
72.37,72.45,72.37,72.445,300,2021-09-10 15:29:00,CCOI
72.43,72.43,72.43,72.43,100,2021-09-10 15:31:00,CCOI
72.425,72.425,72.425,72.425,100,2021-09-10 15:38:00,CCOI
72.42,72.42,72.42,72.42,100,2021-09-10 15:41:00,CCOI
72.46,72.52,72.46,72.465,700,2021-09-10 15:42:00,CCOI
72.47,72.47,72.47,72.47,434,2021-09-10 15:43:00,CCOI
72.465,72.5,72.465,72.5,200,2021-09-10 15:44:00,CCOI
72.52,72.52,72.39,72.44,1334,2021-09-10 15:45:00,CCOI
72.42,72.42,72.42,72.42,100,2021-09-10 15:49:00,CCOI
72.48,72.515,72.48,72.515,300,2021-09-10 15:53:00,CCOI
72.46,72.46,72.46,72.46,100,2021-09-10 15:55:00,CCOI
72.5,72.5,72.5,72.5,100,2021-09-10 15:56:00,CCOI
72.44,72.44,72.44,72.44,100,2021-09-10 16:01:00,CCOI
72.56,72.56,72.56,72.56,1500,2021-09-10 16:05:00,CCOI
72.56,72.56,72.56,72.56,116,2021-09-10 16:06:00,CCOI
72.66,72.66,72.62,72.62,200,2021-09-10 16:08:00,CCOI
72.5601,72.57,72.56,72.57,513,2021-09-10 16:13:00,CCOI
72.61,72.61,72.61,72.61,100,2021-09-10 16:14:00,CCOI
72.6463,72.6463,72.6463,72.6463,135,2021-09-10 16:15:00,CCOI
72.67,72.7496,72.67,72.7496,596,2021-09-10 16:16:00,CCOI
72.75,72.75,72.75,72.75,100,2021-09-10 16:19:00,CCOI
72.76,72.76,72.75,72.75,200,2021-09-10 16:21:00,CCOI
72.74,72.82,72.74,72.82,200,2021-09-10 16:23:00,CCOI
72.82,72.82,72.82,72.82,100,2021-09-10 16:25:00,CCOI
72.78,72.78,72.78,72.78,100,2021-09-10 16:28:00,CCOI
72.65,72.65,72.65,72.65,100,2021-09-10 16:31:00,CCOI
72.62,72.64,72.62,72.64,200,2021-09-10 16:33:00,CCOI
72.69,72.69,72.67,72.68,300,2021-09-10 16:35:00,CCOI
72.675,72.675,72.675,72.675,250,2021-09-10 16:36:00,CCOI
72.74,72.74,72.74,72.74,100,2021-09-10 16:41:00,CCOI
72.85,72.85,72.85,72.85,100,2021-09-10 16:43:00,CCOI
72.84,72.845,72.84,72.845,288,2021-09-10 16:47:00,CCOI
72.875,72.875,72.83,72.83,600,2021-09-10 16:53:00,CCOI
72.8,72.82,72.74,72.82,500,2021-09-10 16:55:00,CCOI
72.785,72.785,72.785,72.785,100,2021-09-10 16:56:00,CCOI
72.7,72.7,72.7,72.7,100,2021-09-10 16:57:00,CCOI
72.8,72.8,72.8,72.8,100,2021-09-10 16:59:00,CCOI
72.75,72.75,72.75,72.75,100,2021-09-10 17:01:00,CCOI
72.855,72.855,72.855,72.855,100,2021-09-10 17:11:00,CCOI
72.89,72.9,72.87,72.87,1098,2021-09-10 17:13:00,CCOI
72.89,72.89,72.89,72.89,133,2021-09-10 17:14:00,CCOI
72.83,72.83,72.78,72.78,500,2021-09-10 17:15:00,CCOI
72.75,72.76,72.75,72.75,400,2021-09-10 17:16:00,CCOI
72.74,72.74,72.71,72.71,200,2021-09-10 17:20:00,CCOI
72.76,72.76,72.76,72.76,100,2021-09-10 17:31:00,CCOI
72.81,72.81,72.8,72.8,200,2021-09-10 17:33:00,CCOI
72.79,72.79,72.79,72.79,100,2021-09-10 17:35:00,CCOI
72.78,72.78,72.75,72.75,400,2021-09-10 17:36:00,CCOI
72.68,72.68,72.66,72.66,300,2021-09-10 17:41:00,CCOI
72.74,72.74,72.74,72.74,100,2021-09-10 17:47:00,CCOI
72.78,72.78,72.76,72.76,200,2021-09-10 17:51:00,CCOI
72.835,72.835,72.835,72.835,100,2021-09-10 17:59:00,CCOI
72.83,72.85,72.83,72.85,200,2021-09-10 18:03:00,CCOI
72.9,72.9,72.85,72.85,500,2021-09-10 18:07:00,CCOI
72.79,72.79,72.79,72.79,200,2021-09-10 18:08:00,CCOI
72.75,72.75,72.675,72.675,500,2021-09-10 18:10:00,CCOI
72.685,72.685,72.685,72.685,100,2021-09-10 18:12:00,CCOI
72.72,72.73,72.72,72.73,200,2021-09-10 18:13:00,CCOI
72.745,72.745,72.745,72.745,300,2021-09-10 18:14:00,CCOI
72.735,72.735,72.69,72.69,503,2021-09-10 18:17:00,CCOI
72.53,72.53,72.51,72.53,730,2021-09-10 18:21:00,CCOI
72.52,72.52,72.52,72.52,100,2021-09-10 18:23:00,CCOI
72.485,72.485,72.485,72.485,100,2021-09-10 18:24:00,CCOI
72.58,72.58,72.58,72.58,100,2021-09-10 18:30:00,CCOI
72.63,72.63,72.625,72.625,300,2021-09-10 18:32:00,CCOI
72.75,72.75,72.73,72.73,300,2021-09-10 18:37:00,CCOI
72.765,72.765,72.765,72.765,137,2021-09-10 18:39:00,CCOI
72.835,72.845,72.77,72.77,1000,2021-09-10 18:40:00,CCOI
72.7207,72.7207,72.7207,72.7207,160,2021-09-10 18:41:00,CCOI
72.73,72.73,72.73,72.73,100,2021-09-10 18:44:00,CCOI
72.735,72.735,72.735,72.735,100,2021-09-10 18:46:00,CCOI
72.72,72.72,72.72,72.72,300,2021-09-10 18:53:00,CCOI
72.74,72.74,72.71,72.71,400,2021-09-10 19:00:00,CCOI
72.71,72.71,72.71,72.71,100,2021-09-10 19:02:00,CCOI
72.71,72.71,72.71,72.71,100,2021-09-10 19:03:00,CCOI
72.7,72.7,72.7,72.7,200,2021-09-10 19:07:00,CCOI
72.69,72.69,72.675,72.675,200,2021-09-10 19:11:00,CCOI
72.64,72.64,72.64,72.64,100,2021-09-10 19:12:00,CCOI
72.63,72.63,72.63,72.63,100,2021-09-10 19:13:00,CCOI
72.6,72.61,72.58,72.61,800,2021-09-10 19:19:00,CCOI
72.56,72.56,72.53,72.53,400,2021-09-10 19:21:00,CCOI
72.545,72.545,72.52,72.52,325,2021-09-10 19:22:00,CCOI
72.46,72.46,72.46,72.46,100,2021-09-10 19:23:00,CCOI
72.35,72.35,72.35,72.35,200,2021-09-10 19:24:00,CCOI
72.34,72.35,72.32,72.33,400,2021-09-10 19:25:00,CCOI
72.36,72.36,72.36,72.36,100,2021-09-10 19:26:00,CCOI
72.3,72.3,72.3,72.3,100,2021-09-10 19:27:00,CCOI
72.27,72.3,72.27,72.3,200,2021-09-10 19:28:00,CCOI
72.28,72.28,72.26,72.26,200,2021-09-10 19:29:00,CCOI
72.25,72.295,72.22,72.22,300,2021-09-10 19:30:00,CCOI
72.265,72.265,72.22,72.22,200,2021-09-10 19:31:00,CCOI
72.255,72.28,72.23,72.28,338,2021-09-10 19:32:00,CCOI
72.24,72.25,72.24,72.25,300,2021-09-10 19:33:00,CCOI
72.25,72.3,72.25,72.3,328,2021-09-10 19:34:00,CCOI
72.335,72.335,72.27,72.27,236,2021-09-10 19:35:00,CCOI
72.22,72.22,72.22,72.22,100,2021-09-10 19:36:00,CCOI
72.19,72.205,72.18,72.18,300,2021-09-10 19:37:00,CCOI
72.15,72.165,72.14,72.165,348,2021-09-10 19:39:00,CCOI
72.12,72.12,71.99,71.99,1445,2021-09-10 19:40:00,CCOI
71.97,72.02,71.97,72.0,1837,2021-09-10 19:41:00,CCOI
72.01,72.01,72.01,72.01,100,2021-09-10 19:42:00,CCOI
72.01,72.01,72.01,72.01,100,2021-09-10 19:43:00,CCOI
72.015,72.015,72.015,72.015,100,2021-09-10 19:44:00,CCOI
72.005,72.005,72.005,72.005,100,2021-09-10 19:45:00,CCOI
72.02,72.04,72.0,72.02,400,2021-09-10 19:46:00,CCOI
71.99,72.0,71.98,71.995,500,2021-09-10 19:47:00,CCOI
71.99,72.0,71.985,71.985,900,2021-09-10 19:48:00,CCOI
71.91,71.96,71.91,71.95,300,2021-09-10 19:50:00,CCOI
71.94,71.94,71.93,71.93,200,2021-09-10 19:51:00,CCOI
71.92,71.93,71.92,71.93,200,2021-09-10 19:52:00,CCOI
71.93,71.94,71.93,71.94,300,2021-09-10 19:53:00,CCOI
71.96,71.97,71.945,71.97,1194,2021-09-10 19:54:00,CCOI
71.98,71.99,71.95,71.99,830,2021-09-10 19:55:00,CCOI
71.975,71.99,71.975,71.98,400,2021-09-10 19:56:00,CCOI
71.97,71.99,71.965,71.99,1100,2021-09-10 19:57:00,CCOI
71.985,72.0,71.97,71.98,1074,2021-09-10 19:58:00,CCOI
71.955,72.0,71.9,71.95,4500,2021-09-10 19:59:00,CCOI
71.95,71.95,71.95,71.95,29730,2021-09-10 20:00:00,CCOI
71.95,71.95,71.95,71.95,4633,2021-09-10 20:01:00,CCOI
71.95,71.95,71.95,71.95,4768,2021-09-10 21:01:00,CCOI
72.3,72.3,71.985,71.985,1793,2021-09-13 13:30:00,CCOI
72.31,72.31,72.31,72.31,100,2021-09-13 13:34:00,CCOI
72.275,72.275,72.275,72.275,100,2021-09-13 13:38:00,CCOI
72.16,72.16,72.14,72.14,694,2021-09-13 13:39:00,CCOI
72.11,72.11,72.07,72.07,200,2021-09-13 13:40:00,CCOI
72.14,72.1872,72.14,72.1872,311,2021-09-13 13:42:00,CCOI
72.37,72.37,72.37,72.37,100,2021-09-13 13:43:00,CCOI
72.27,72.27,72.27,72.27,100,2021-09-13 13:44:00,CCOI
72.27,72.27,72.27,72.27,200,2021-09-13 13:45:00,CCOI
72.43,72.43,72.43,72.43,200,2021-09-13 13:46:00,CCOI
72.46,72.46,72.46,72.46,100,2021-09-13 13:49:00,CCOI
72.38,72.38,72.38,72.38,100,2021-09-13 13:50:00,CCOI
72.52,72.61,72.52,72.61,400,2021-09-13 13:51:00,CCOI
72.51,72.51,72.36,72.36,700,2021-09-13 13:52:00,CCOI
72.3296,72.3296,72.3296,72.3296,200,2021-09-13 13:54:00,CCOI
72.34,72.34,72.33,72.33,620,2021-09-13 13:56:00,CCOI
72.28,72.29,72.28,72.29,200,2021-09-13 14:01:00,CCOI
72.33,72.33,72.33,72.33,100,2021-09-13 14:05:00,CCOI
72.38,72.42,72.38,72.42,400,2021-09-13 14:09:00,CCOI
72.63,72.66,72.56,72.56,300,2021-09-13 14:11:00,CCOI
72.685,72.725,72.685,72.725,200,2021-09-13 14:17:00,CCOI
72.6,72.6,72.5,72.5,300,2021-09-13 14:18:00,CCOI
72.49,72.49,72.49,72.49,100,2021-09-13 14:24:00,CCOI
72.61,72.63,72.6,72.61,600,2021-09-13 14:25:00,CCOI
72.74,72.74,72.74,72.74,100,2021-09-13 14:26:00,CCOI
72.625,72.625,72.625,72.625,200,2021-09-13 14:27:00,CCOI
72.64,72.64,72.64,72.64,100,2021-09-13 14:30:00,CCOI
72.71,72.71,72.71,72.71,100,2021-09-13 14:31:00,CCOI
72.6,72.6,72.6,72.6,100,2021-09-13 14:33:00,CCOI
72.64,72.64,72.64,72.64,100,2021-09-13 14:35:00,CCOI
72.755,72.755,72.755,72.755,100,2021-09-13 14:43:00,CCOI
72.77,72.78,72.77,72.78,200,2021-09-13 14:49:00,CCOI
72.84,72.84,72.84,72.84,100,2021-09-13 14:50:00,CCOI
72.94,72.94,72.94,72.94,100,2021-09-13 15:02:00,CCOI
72.9325,72.99,72.9325,72.99,200,2021-09-13 15:04:00,CCOI
72.94,72.94,72.94,72.94,100,2021-09-13 15:05:00,CCOI
72.97,72.97,72.96,72.96,400,2021-09-13 15:07:00,CCOI
72.87,72.9,72.87,72.9,500,2021-09-13 15:08:00,CCOI
72.83,72.83,72.755,72.755,300,2021-09-13 15:10:00,CCOI
72.81,72.81,72.81,72.81,100,2021-09-13 15:11:00,CCOI
72.73,72.73,72.73,72.73,100,2021-09-13 15:14:00,CCOI
72.695,72.695,72.695,72.695,100,2021-09-13 15:18:00,CCOI
72.79,72.79,72.79,72.79,100,2021-09-13 15:19:00,CCOI
72.74,72.74,72.7,72.7,300,2021-09-13 15:21:00,CCOI
72.74,72.74,72.74,72.74,100,2021-09-13 15:24:00,CCOI
72.53,72.53,72.53,72.53,300,2021-09-13 15:30:00,CCOI
72.5578,72.5578,72.5578,72.5578,155,2021-09-13 15:32:00,CCOI
72.54,72.54,72.49,72.49,300,2021-09-13 15:35:00,CCOI
72.45,72.45,72.33,72.33,200,2021-09-13 15:36:00,CCOI
72.23,72.23,72.23,72.23,100,2021-09-13 15:38:00,CCOI
72.255,72.255,72.255,72.255,100,2021-09-13 15:39:00,CCOI
72.42,72.42,72.42,72.42,164,2021-09-13 15:45:00,CCOI
72.445,72.445,72.445,72.445,100,2021-09-13 15:46:00,CCOI
72.39,72.39,72.39,72.39,100,2021-09-13 15:51:00,CCOI
72.6,72.6,72.6,72.6,100,2021-09-13 15:56:00,CCOI
72.63,72.63,72.63,72.63,300,2021-09-13 15:58:00,CCOI
72.56,72.56,72.55,72.55,200,2021-09-13 16:02:00,CCOI
72.51,72.51,72.51,72.51,100,2021-09-13 16:03:00,CCOI
72.5121,72.5121,72.5121,72.5121,188,2021-09-13 16:08:00,CCOI
72.58,72.58,72.58,72.58,100,2021-09-13 16:10:00,CCOI
72.65,72.65,72.65,72.65,200,2021-09-13 16:11:00,CCOI
72.705,72.705,72.705,72.705,100,2021-09-13 16:14:00,CCOI
72.68,72.68,72.68,72.68,100,2021-09-13 16:15:00,CCOI
72.86,72.86,72.85,72.85,200,2021-09-13 16:24:00,CCOI
72.875,72.875,72.875,72.875,100,2021-09-13 16:26:00,CCOI
72.875,72.875,72.79,72.79,400,2021-09-13 16:27:00,CCOI
72.79,72.82,72.64,72.64,498,2021-09-13 16:28:00,CCOI
72.69,72.72,72.69,72.72,200,2021-09-13 16:31:00,CCOI
72.71,72.71,72.71,72.71,100,2021-09-13 16:32:00,CCOI
72.66,72.66,72.66,72.66,100,2021-09-13 16:36:00,CCOI
72.62,72.62,72.62,72.62,200,2021-09-13 16:39:00,CCOI
72.57,72.61,72.57,72.61,200,2021-09-13 16:40:00,CCOI
72.61,72.61,72.61,72.61,100,2021-09-13 16:45:00,CCOI
72.64,72.64,72.64,72.64,455,2021-09-13 16:50:00,CCOI
72.611,72.611,72.532,72.532,695,2021-09-13 16:51:00,CCOI
72.56,72.56,72.56,72.56,100,2021-09-13 16:54:00,CCOI
72.555,72.555,72.555,72.555,100,2021-09-13 16:56:00,CCOI
72.5,72.5,72.33,72.365,700,2021-09-13 16:58:00,CCOI
72.3114,72.3114,72.3114,72.3114,299,2021-09-13 16:59:00,CCOI
72.35,72.355,72.35,72.355,300,2021-09-13 17:01:00,CCOI
72.455,72.455,72.455,72.455,100,2021-09-13 17:08:00,CCOI
72.41,72.53,72.36,72.5083,2100,2021-09-13 17:10:00,CCOI
72.49,72.49,72.49,72.49,100,2021-09-13 17:12:00,CCOI
72.39,72.39,72.39,72.39,125,2021-09-13 17:17:00,CCOI
72.45,72.45,72.45,72.45,100,2021-09-13 17:21:00,CCOI
72.51,72.51,72.51,72.51,100,2021-09-13 17:25:00,CCOI
72.54,72.54,72.51,72.51,200,2021-09-13 17:28:00,CCOI
72.44,72.44,72.44,72.44,100,2021-09-13 17:30:00,CCOI
72.385,72.385,72.385,72.385,100,2021-09-13 17:33:00,CCOI
72.4,72.4,72.4,72.4,100,2021-09-13 17:40:00,CCOI
72.36,72.36,72.36,72.36,100,2021-09-13 17:42:00,CCOI
72.36,72.36,72.36,72.36,100,2021-09-13 17:43:00,CCOI
72.34,72.34,72.34,72.34,100,2021-09-13 17:46:00,CCOI
72.45,72.45,72.45,72.45,100,2021-09-13 17:50:00,CCOI
72.52,72.52,72.52,72.52,100,2021-09-13 17:51:00,CCOI
72.465,72.465,72.465,72.465,100,2021-09-13 17:55:00,CCOI
72.5,72.515,72.5,72.515,300,2021-09-13 17:56:00,CCOI
72.52,72.545,72.52,72.545,200,2021-09-13 17:58:00,CCOI
72.58,72.58,72.55,72.58,400,2021-09-13 17:59:00,CCOI
72.58,72.58,72.58,72.58,100,2021-09-13 18:00:00,CCOI
72.64,72.645,72.64,72.645,300,2021-09-13 18:01:00,CCOI
72.63,72.63,72.63,72.63,100,2021-09-13 18:09:00,CCOI
72.68,72.68,72.6606,72.6606,659,2021-09-13 18:10:00,CCOI
72.67,72.67,72.67,72.67,200,2021-09-13 18:13:00,CCOI
72.64,72.64,72.64,72.64,200,2021-09-13 18:15:00,CCOI
72.62,72.62,72.62,72.62,100,2021-09-13 18:16:00,CCOI
72.69,72.71,72.69,72.71,501,2021-09-13 18:17:00,CCOI
72.73,72.73,72.73,72.73,100,2021-09-13 18:18:00,CCOI
72.74,72.74,72.74,72.74,100,2021-09-13 18:21:00,CCOI
72.71,72.73,72.7,72.73,306,2021-09-13 18:22:00,CCOI
72.69,72.7,72.69,72.7,300,2021-09-13 18:23:00,CCOI
72.61,72.61,72.61,72.61,100,2021-09-13 18:25:00,CCOI
72.66,72.66,72.66,72.66,100,2021-09-13 18:26:00,CCOI
72.66,72.68,72.66,72.68,400,2021-09-13 18:31:00,CCOI
72.66,72.66,72.635,72.635,400,2021-09-13 18:35:00,CCOI
72.6587,72.6587,72.6587,72.6587,374,2021-09-13 18:38:00,CCOI
72.61,72.61,72.61,72.61,100,2021-09-13 18:39:00,CCOI
72.61,72.61,72.61,72.61,100,2021-09-13 18:42:00,CCOI
72.67,72.67,72.67,72.67,391,2021-09-13 18:48:00,CCOI
72.74,72.74,72.74,72.74,100,2021-09-13 18:50:00,CCOI
72.72,72.72,72.72,72.72,100,2021-09-13 18:51:00,CCOI
72.7,72.74,72.7,72.74,400,2021-09-13 18:55:00,CCOI
72.73,72.75,72.73,72.75,200,2021-09-13 18:56:00,CCOI
72.63,72.63,72.6,72.6,300,2021-09-13 19:05:00,CCOI
72.6,72.62,72.6,72.62,200,2021-09-13 19:07:00,CCOI
72.67,72.67,72.66,72.66,306,2021-09-13 19:10:00,CCOI
72.74,72.74,72.74,72.74,100,2021-09-13 19:18:00,CCOI
72.785,72.785,72.71,72.71,531,2021-09-13 19:23:00,CCOI
72.7,72.7,72.66,72.66,200,2021-09-13 19:25:00,CCOI
72.69,72.7,72.69,72.7,400,2021-09-13 19:26:00,CCOI
72.71,72.71,72.71,72.71,100,2021-09-13 19:30:00,CCOI
72.77,72.77,72.77,72.77,100,2021-09-13 19:33:00,CCOI
72.74,72.75,72.74,72.74,300,2021-09-13 19:35:00,CCOI
72.72,72.72,72.69,72.69,313,2021-09-13 19:36:00,CCOI
72.66,72.66,72.66,72.66,100,2021-09-13 19:37:00,CCOI
72.72,72.74,72.705,72.705,400,2021-09-13 19:39:00,CCOI
72.72,72.72,72.67,72.67,200,2021-09-13 19:40:00,CCOI
72.7,72.7,72.65,72.65,300,2021-09-13 19:42:00,CCOI
72.655,72.675,72.65,72.65,400,2021-09-13 19:44:00,CCOI
72.66,72.66,72.6,72.6,300,2021-09-13 19:46:00,CCOI
72.53,72.53,72.53,72.53,100,2021-09-13 19:47:00,CCOI
72.54,72.56,72.44,72.45,1100,2021-09-13 19:48:00,CCOI
72.55,72.55,72.55,72.55,100,2021-09-13 19:50:00,CCOI
72.59,72.63,72.59,72.63,200,2021-09-13 19:51:00,CCOI
72.64,72.64,72.64,72.64,100,2021-09-13 19:52:00,CCOI
72.63,72.63,72.59,72.59,200,2021-09-13 19:53:00,CCOI
72.65,72.65,72.57,72.64,993,2021-09-13 19:54:00,CCOI
72.57,72.57,72.57,72.57,200,2021-09-13 19:55:00,CCOI
72.53,72.595,72.53,72.57,645,2021-09-13 19:56:00,CCOI
72.55,72.55,72.52,72.52,300,2021-09-13 19:57:00,CCOI
72.54,72.54,72.525,72.54,400,2021-09-13 19:58:00,CCOI
72.575,72.65,72.575,72.65,700,2021-09-13 19:59:00,CCOI
72.63,72.63,72.63,72.63,27470,2021-09-13 20:00:00,CCOI
72.83,72.83,72.83,72.83,1710,2021-09-14 13:30:00,CCOI
72.69,72.69,72.69,72.69,100,2021-09-14 13:32:00,CCOI
73.24,73.24,73.24,73.24,100,2021-09-14 13:34:00,CCOI
72.67,72.67,72.67,72.67,100,2021-09-14 13:36:00,CCOI
72.67,73.4,72.67,73.4,445,2021-09-14 13:38:00,CCOI
72.51,72.51,72.51,72.51,100,2021-09-14 13:44:00,CCOI
72.705,72.705,72.705,72.705,100,2021-09-14 13:45:00,CCOI
72.429,72.429,72.429,72.429,300,2021-09-14 13:47:00,CCOI
72.7,72.7,72.695,72.695,200,2021-09-14 13:50:00,CCOI
72.69,72.69,72.42,72.685,335,2021-09-14 13:51:00,CCOI
72.685,72.685,72.685,72.685,200,2021-09-14 13:52:00,CCOI
72.685,72.685,72.685,72.685,100,2021-09-14 13:53:00,CCOI
72.41,72.41,72.41,72.41,100,2021-09-14 13:54:00,CCOI
72.46,72.46,72.46,72.46,100,2021-09-14 13:59:00,CCOI
72.26,72.26,71.98,71.98,600,2021-09-14 14:00:00,CCOI
71.95,72.12,71.95,72.12,300,2021-09-14 14:02:00,CCOI
72.24,72.24,72.165,72.165,200,2021-09-14 14:03:00,CCOI
72.295,72.295,72.295,72.295,100,2021-09-14 14:05:00,CCOI
72.23,72.23,72.23,72.23,100,2021-09-14 14:09:00,CCOI
72.03,72.03,72.03,72.03,100,2021-09-14 14:14:00,CCOI
72.37,72.37,72.13,72.13,242,2021-09-14 14:26:00,CCOI
72.3,72.425,72.3,72.425,400,2021-09-14 14:27:00,CCOI
72.31,72.5599,72.31,72.5599,239,2021-09-14 14:28:00,CCOI
72.57,72.57,72.57,72.57,100,2021-09-14 14:29:00,CCOI
72.47,72.565,72.47,72.565,400,2021-09-14 14:30:00,CCOI
72.565,72.565,72.565,72.565,100,2021-09-14 14:31:00,CCOI
72.68,72.68,72.68,72.68,151,2021-09-14 14:32:00,CCOI
72.58,72.58,72.58,72.58,100,2021-09-14 14:35:00,CCOI
72.52,72.52,72.52,72.52,100,2021-09-14 14:38:00,CCOI
72.48,72.48,72.48,72.48,100,2021-09-14 14:39:00,CCOI
72.454,72.538,72.454,72.538,494,2021-09-14 14:40:00,CCOI
72.58,72.58,72.58,72.58,126,2021-09-14 14:44:00,CCOI
72.655,72.655,72.655,72.655,100,2021-09-14 14:46:00,CCOI
72.67,72.67,72.55,72.55,300,2021-09-14 14:48:00,CCOI
72.5,72.525,72.5,72.525,200,2021-09-14 14:53:00,CCOI
72.375,72.375,72.375,72.375,100,2021-09-14 14:57:00,CCOI
72.5,72.5,72.5,72.5,100,2021-09-14 15:01:00,CCOI
72.46,72.46,72.46,72.46,100,2021-09-14 15:05:00,CCOI
72.53,72.57,72.53,72.57,200,2021-09-14 15:12:00,CCOI
72.51,72.51,72.51,72.51,100,2021-09-14 15:16:00,CCOI
72.44,72.44,72.43,72.43,200,2021-09-14 15:17:00,CCOI
72.48,72.48,72.48,72.48,100,2021-09-14 15:19:00,CCOI
72.44,72.44,72.44,72.44,100,2021-09-14 15:20:00,CCOI
72.4891,72.4891,72.4891,72.4891,300,2021-09-14 15:21:00,CCOI
72.49,72.49,72.49,72.49,100,2021-09-14 15:25:00,CCOI
72.475,72.475,72.475,72.475,100,2021-09-14 15:29:00,CCOI
72.55,72.55,72.55,72.55,200,2021-09-14 15:32:00,CCOI
72.51,72.56,72.51,72.56,200,2021-09-14 15:38:00,CCOI
72.47,72.47,72.47,72.47,100,2021-09-14 15:39:00,CCOI
72.51,72.51,72.51,72.51,100,2021-09-14 15:42:00,CCOI
72.56,72.57,72.56,72.56,400,2021-09-14 15:46:00,CCOI
72.545,72.545,72.545,72.545,230,2021-09-14 15:48:00,CCOI
72.42,72.42,72.42,72.42,100,2021-09-14 15:54:00,CCOI
72.5,72.5,72.5,72.5,100,2021-09-14 15:55:00,CCOI
72.46,72.46,72.44,72.44,200,2021-09-14 16:01:00,CCOI
72.54,72.54,72.54,72.54,100,2021-09-14 16:04:00,CCOI
72.52,72.52,72.52,72.52,120,2021-09-14 16:05:00,CCOI
72.55,72.55,72.55,72.55,100,2021-09-14 16:07:00,CCOI
72.5882,72.5882,72.5882,72.5882,100,2021-09-14 16:08:00,CCOI
72.52,72.52,72.52,72.52,100,2021-09-14 16:09:00,CCOI
72.52,72.52,72.51,72.52,300,2021-09-14 16:10:00,CCOI
72.5,72.5,72.5,72.5,100,2021-09-14 16:11:00,CCOI
72.54,72.66,72.54,72.66,400,2021-09-14 16:16:00,CCOI
72.65,72.675,72.65,72.675,200,2021-09-14 16:20:00,CCOI
72.64,72.64,72.63,72.63,200,2021-09-14 16:27:00,CCOI
72.71,72.71,72.71,72.71,100,2021-09-14 16:31:00,CCOI
72.7,72.7,72.7,72.7,100,2021-09-14 16:33:00,CCOI
72.7,72.7,72.67,72.67,400,2021-09-14 16:36:00,CCOI
72.69,72.71,72.69,72.71,300,2021-09-14 16:37:00,CCOI
72.75,72.75,72.75,72.75,100,2021-09-14 16:40:00,CCOI
72.8,72.8,72.8,72.8,100,2021-09-14 16:41:00,CCOI
72.81,72.81,72.81,72.81,100,2021-09-14 16:43:00,CCOI
72.8,72.86,72.79,72.86,400,2021-09-14 16:45:00,CCOI
72.89,72.89,72.89,72.89,100,2021-09-14 16:47:00,CCOI
72.88,72.88,72.88,72.88,127,2021-09-14 16:49:00,CCOI
72.91,72.91,72.91,72.91,100,2021-09-14 16:51:00,CCOI
72.9,72.97,72.9,72.95,341,2021-09-14 16:53:00,CCOI
72.99,72.99,72.99,72.99,100,2021-09-14 16:56:00,CCOI
72.99,72.99,72.99,72.99,100,2021-09-14 16:57:00,CCOI
72.97,72.99,72.945,72.945,1241,2021-09-14 16:59:00,CCOI
72.83,72.9,72.83,72.9,200,2021-09-14 17:01:00,CCOI
72.94,72.94,72.94,72.94,100,2021-09-14 17:02:00,CCOI
72.87,72.87,72.84,72.84,400,2021-09-14 17:03:00,CCOI
72.79,72.79,72.79,72.79,100,2021-09-14 17:04:00,CCOI
72.67,72.67,72.67,72.67,100,2021-09-14 17:05:00,CCOI
72.61,72.61,72.59,72.59,200,2021-09-14 17:08:00,CCOI
72.66,72.66,72.635,72.635,200,2021-09-14 17:12:00,CCOI
72.634,72.634,72.634,72.634,100,2021-09-14 17:17:00,CCOI
72.68,72.69,72.68,72.69,200,2021-09-14 17:18:00,CCOI
72.65,72.65,72.65,72.65,200,2021-09-14 17:23:00,CCOI
72.695,72.695,72.65,72.65,200,2021-09-14 17:26:00,CCOI
72.73,72.73,72.73,72.73,100,2021-09-14 17:29:00,CCOI
72.65,72.65,72.61,72.63,325,2021-09-14 17:30:00,CCOI
72.63,72.63,72.63,72.63,100,2021-09-14 17:32:00,CCOI
72.605,72.605,72.605,72.605,100,2021-09-14 17:33:00,CCOI
72.57,72.57,72.57,72.57,699,2021-09-14 17:40:00,CCOI
72.49,72.49,72.49,72.49,200,2021-09-14 17:45:00,CCOI
72.55,72.57,72.55,72.57,200,2021-09-14 17:47:00,CCOI
72.565,72.565,72.565,72.565,100,2021-09-14 17:54:00,CCOI
72.5313,72.555,72.5313,72.555,275,2021-09-14 17:55:00,CCOI
72.52,72.52,72.52,72.52,100,2021-09-14 17:57:00,CCOI
72.505,72.505,72.505,72.505,200,2021-09-14 18:01:00,CCOI
72.4091,72.41,72.4091,72.41,238,2021-09-14 18:05:00,CCOI
72.445,72.445,72.445,72.445,100,2021-09-14 18:06:00,CCOI
72.48,72.48,72.48,72.48,158,2021-09-14 18:07:00,CCOI
72.44,72.44,72.44,72.44,100,2021-09-14 18:08:00,CCOI
72.475,72.475,72.475,72.475,100,2021-09-14 18:09:00,CCOI
72.49,72.49,72.49,72.49,100,2021-09-14 18:11:00,CCOI
72.49,72.5,72.49,72.5,200,2021-09-14 18:15:00,CCOI
72.46,72.46,72.45,72.45,200,2021-09-14 18:19:00,CCOI
72.5,72.5,72.46,72.46,200,2021-09-14 18:20:00,CCOI
72.515,72.515,72.46,72.46,200,2021-09-14 18:22:00,CCOI
72.53,72.53,72.529,72.529,235,2021-09-14 18:25:00,CCOI
72.45,72.45,72.44,72.44,200,2021-09-14 18:30:00,CCOI
72.43,72.45,72.43,72.45,300,2021-09-14 18:32:00,CCOI
72.38,72.38,72.38,72.38,100,2021-09-14 18:35:00,CCOI
72.35,72.35,72.35,72.35,100,2021-09-14 18:38:00,CCOI
72.41,72.41,72.41,72.41,300,2021-09-14 18:41:00,CCOI
72.46,72.46,72.42,72.42,200,2021-09-14 18:47:00,CCOI
72.437,72.465,72.437,72.465,487,2021-09-14 18:49:00,CCOI
72.49,72.5,72.48,72.48,300,2021-09-14 18:54:00,CCOI
72.46,72.46,72.44,72.45,400,2021-09-14 19:00:00,CCOI
72.42,72.42,72.42,72.42,100,2021-09-14 19:01:00,CCOI
72.375,72.375,72.375,72.375,100,2021-09-14 19:05:00,CCOI
72.34,72.34,72.34,72.34,100,2021-09-14 19:09:00,CCOI
72.4,72.4,72.4,72.4,105,2021-09-14 19:10:00,CCOI
72.32,72.32,72.305,72.305,300,2021-09-14 19:11:00,CCOI
72.34,72.34,72.34,72.34,780,2021-09-14 19:13:00,CCOI
72.28,72.28,72.28,72.28,100,2021-09-14 19:14:00,CCOI
72.24,72.24,72.24,72.24,100,2021-09-14 19:17:00,CCOI
72.12,72.12,72.12,72.12,100,2021-09-14 19:18:00,CCOI
72.145,72.145,72.145,72.145,116,2021-09-14 19:20:00,CCOI
72.21,72.22,72.21,72.22,400,2021-09-14 19:22:00,CCOI
72.27,72.28,72.27,72.28,200,2021-09-14 19:25:00,CCOI
72.26,72.26,72.26,72.26,100,2021-09-14 19:28:00,CCOI
72.18,72.18,72.165,72.165,300,2021-09-14 19:30:00,CCOI
72.1863,72.27,72.1863,72.235,587,2021-09-14 19:33:00,CCOI
72.22,72.22,72.22,72.22,100,2021-09-14 19:35:00,CCOI
72.19,72.19,72.19,72.19,100,2021-09-14 19:36:00,CCOI
72.23,72.24,72.23,72.24,300,2021-09-14 19:37:00,CCOI
72.21,72.21,72.21,72.21,100,2021-09-14 19:38:00,CCOI
72.2507,72.33,72.2507,72.33,300,2021-09-14 19:40:00,CCOI
72.34,72.34,72.34,72.34,100,2021-09-14 19:42:00,CCOI
72.37,72.37,72.37,72.37,166,2021-09-14 19:43:00,CCOI
72.419,72.419,72.419,72.419,100,2021-09-14 19:44:00,CCOI
72.58,72.58,72.58,72.58,100,2021-09-14 19:45:00,CCOI
72.46,72.47,72.42,72.42,400,2021-09-14 19:46:00,CCOI
72.42,72.42,72.42,72.42,100,2021-09-14 19:47:00,CCOI
72.5,72.5,72.37,72.38,400,2021-09-14 19:48:00,CCOI
72.47,72.48,72.47,72.48,200,2021-09-14 19:50:00,CCOI
72.48,72.48,72.42,72.42,200,2021-09-14 19:51:00,CCOI
72.5828,72.59,72.51,72.51,300,2021-09-14 19:52:00,CCOI
72.56,72.56,72.56,72.56,300,2021-09-14 19:53:00,CCOI
72.69,72.69,72.62,72.62,500,2021-09-14 19:54:00,CCOI
72.59,72.61,72.57,72.59,652,2021-09-14 19:55:00,CCOI
72.61,72.67,72.61,72.67,535,2021-09-14 19:57:00,CCOI
72.62,72.69,72.62,72.65,600,2021-09-14 19:58:00,CCOI
72.65,72.69,72.59,72.68,1537,2021-09-14 19:59:00,CCOI
72.68,72.68,72.68,72.68,28873,2021-09-14 20:00:00,CCOI
72.68,72.68,72.68,72.68,536,2021-09-14 20:01:00,CCOI
72.75,72.75,72.75,72.75,1276,2021-09-15 13:30:00,CCOI
72.69,72.69,72.69,72.69,100,2021-09-15 13:32:00,CCOI
72.48,72.48,72.46,72.46,203,2021-09-15 13:33:00,CCOI
72.56,72.56,72.52,72.52,400,2021-09-15 13:38:00,CCOI
72.57,72.57,72.31,72.31,2600,2021-09-15 13:39:00,CCOI
72.37,72.46,72.28,72.37,700,2021-09-15 13:41:00,CCOI
72.45,72.45,72.41,72.41,200,2021-09-15 13:42:00,CCOI
72.51,72.52,72.51,72.52,200,2021-09-15 13:43:00,CCOI
72.62,72.62,72.62,72.62,100,2021-09-15 13:46:00,CCOI
72.68,72.68,72.68,72.68,100,2021-09-15 13:49:00,CCOI
72.77,72.77,72.69,72.69,300,2021-09-15 13:50:00,CCOI
72.645,72.645,72.645,72.645,100,2021-09-15 13:56:00,CCOI
72.68,72.68,72.68,72.68,175,2021-09-15 13:58:00,CCOI
72.68,72.68,72.68,72.68,100,2021-09-15 14:00:00,CCOI
72.8,72.8,72.68,72.76,400,2021-09-15 14:01:00,CCOI
72.635,72.635,72.635,72.635,100,2021-09-15 14:05:00,CCOI
72.7,72.7,72.7,72.7,100,2021-09-15 14:06:00,CCOI
72.59,72.59,72.59,72.59,100,2021-09-15 14:10:00,CCOI
72.62,72.62,72.54,72.61,300,2021-09-15 14:12:00,CCOI
72.55,72.55,72.55,72.55,100,2021-09-15 14:13:00,CCOI
72.49,72.49,72.49,72.49,100,2021-09-15 14:14:00,CCOI
72.485,72.56,72.46,72.55,500,2021-09-15 14:16:00,CCOI
72.5474,72.69,72.5474,72.69,330,2021-09-15 14:17:00,CCOI
72.695,72.695,72.695,72.695,200,2021-09-15 14:18:00,CCOI
72.73,72.73,72.65,72.65,300,2021-09-15 14:25:00,CCOI
72.69,72.69,72.69,72.69,100,2021-09-15 14:30:00,CCOI
72.595,72.595,72.595,72.595,100,2021-09-15 14:33:00,CCOI
72.58,72.59,72.58,72.59,300,2021-09-15 14:36:00,CCOI
72.44,72.44,72.43,72.43,200,2021-09-15 14:37:00,CCOI
72.56,72.56,72.56,72.56,200,2021-09-15 14:38:00,CCOI
72.51,72.51,72.51,72.51,100,2021-09-15 14:44:00,CCOI
72.55,72.55,72.55,72.55,100,2021-09-15 14:48:00,CCOI
72.5404,72.5404,72.54,72.54,300,2021-09-15 14:49:00,CCOI
72.65,72.65,72.65,72.65,100,2021-09-15 14:53:00,CCOI
72.6,72.6,72.6,72.6,100,2021-09-15 14:55:00,CCOI
72.69,72.81,72.69,72.81,601,2021-09-15 14:56:00,CCOI
72.79,72.79,72.73,72.76,500,2021-09-15 15:01:00,CCOI
72.895,72.895,72.895,72.895,500,2021-09-15 15:03:00,CCOI
72.92,72.94,72.92,72.94,400,2021-09-15 15:04:00,CCOI
73.04,73.04,73.02,73.03,300,2021-09-15 15:05:00,CCOI
73.07,73.07,73.07,73.07,200,2021-09-15 15:06:00,CCOI
73.08,73.08,73.08,73.08,100,2021-09-15 15:07:00,CCOI
72.98,73.1,72.9778,73.1,425,2021-09-15 15:10:00,CCOI
73.09,73.09,73.09,73.09,100,2021-09-15 15:12:00,CCOI
73.13,73.13,73.13,73.13,100,2021-09-15 15:14:00,CCOI
73.08,73.16,73.08,73.16,200,2021-09-15 15:15:00,CCOI
73.15,73.15,73.14,73.14,200,2021-09-15 15:17:00,CCOI
73.085,73.085,73.085,73.085,100,2021-09-15 15:18:00,CCOI
73.09,73.09,73.09,73.09,100,2021-09-15 15:19:00,CCOI
73.12,73.13,73.12,73.13,210,2021-09-15 15:21:00,CCOI
73.14,73.14,73.14,73.14,200,2021-09-15 15:23:00,CCOI
73.17,73.17,73.15,73.15,200,2021-09-15 15:24:00,CCOI
73.25,73.25,73.25,73.25,100,2021-09-15 15:25:00,CCOI
73.21,73.21,73.21,73.21,100,2021-09-15 15:26:00,CCOI
73.24,73.24,73.24,73.24,100,2021-09-15 15:29:00,CCOI
73.26,73.26,73.19,73.2,400,2021-09-15 15:30:00,CCOI
73.24,73.24,73.1931,73.1931,921,2021-09-15 15:32:00,CCOI
73.33,73.33,73.33,73.33,100,2021-09-15 15:37:00,CCOI
73.35,73.41,73.35,73.41,400,2021-09-15 15:38:00,CCOI
73.26,73.26,73.26,73.26,250,2021-09-15 15:39:00,CCOI
73.345,73.435,73.345,73.435,500,2021-09-15 15:40:00,CCOI
73.61,73.61,73.55,73.56,800,2021-09-15 15:43:00,CCOI
73.55,73.55,73.55,73.55,100,2021-09-15 15:45:00,CCOI
73.49,73.49,73.48,73.48,200,2021-09-15 15:46:00,CCOI
73.41,73.41,73.41,73.41,100,2021-09-15 15:47:00,CCOI
73.45,73.45,73.45,73.45,100,2021-09-15 15:50:00,CCOI
73.47,73.47,73.47,73.47,200,2021-09-15 15:51:00,CCOI
73.49,73.49,73.49,73.49,300,2021-09-15 15:52:00,CCOI
73.45,73.45,73.44,73.44,200,2021-09-15 15:53:00,CCOI
73.52,73.52,73.485,73.485,300,2021-09-15 15:56:00,CCOI
73.455,73.455,73.455,73.455,100,2021-09-15 15:58:00,CCOI
73.43,73.43,73.43,73.43,200,2021-09-15 15:59:00,CCOI
73.375,73.375,73.375,73.375,100,2021-09-15 16:00:00,CCOI
73.3,73.3,73.3,73.3,200,2021-09-15 16:01:00,CCOI
73.16,73.16,73.16,73.16,100,2021-09-15 16:03:00,CCOI
73.12,73.12,73.11,73.11,200,2021-09-15 16:07:00,CCOI
73.15,73.15,73.15,73.15,100,2021-09-15 16:10:00,CCOI
73.24,73.24,73.24,73.24,100,2021-09-15 16:12:00,CCOI
73.3,73.3,73.3,73.3,200,2021-09-15 16:13:00,CCOI
73.43,73.43,73.43,73.43,300,2021-09-15 16:14:00,CCOI
73.395,73.395,73.395,73.395,100,2021-09-15 16:17:00,CCOI
73.44,73.505,73.44,73.49,400,2021-09-15 16:18:00,CCOI
73.53,73.53,73.525,73.525,200,2021-09-15 16:22:00,CCOI
73.48,73.48,73.48,73.48,100,2021-09-15 16:23:00,CCOI
73.57,73.63,73.57,73.63,300,2021-09-15 16:24:00,CCOI
73.66,73.66,73.655,73.655,200,2021-09-15 16:25:00,CCOI
73.61,73.61,73.61,73.61,100,2021-09-15 16:26:00,CCOI
73.53,73.53,73.53,73.53,200,2021-09-15 16:27:00,CCOI
73.53,73.53,73.53,73.53,100,2021-09-15 16:28:00,CCOI
73.42,73.42,73.335,73.335,300,2021-09-15 16:30:00,CCOI
73.345,73.345,73.345,73.345,149,2021-09-15 16:33:00,CCOI
73.3784,73.3784,73.3784,73.3784,120,2021-09-15 16:35:00,CCOI
73.4,73.4,73.4,73.4,200,2021-09-15 16:36:00,CCOI
73.38,73.38,73.38,73.38,100,2021-09-15 16:38:00,CCOI
73.44,73.44,73.44,73.44,100,2021-09-15 16:39:00,CCOI
73.405,73.44,73.405,73.44,300,2021-09-15 16:40:00,CCOI
73.45,73.45,73.43,73.43,200,2021-09-15 16:41:00,CCOI
73.46,73.6,73.46,73.6,600,2021-09-15 16:43:00,CCOI
73.535,73.535,73.535,73.535,100,2021-09-15 16:44:00,CCOI
73.45,73.45,73.45,73.45,100,2021-09-15 16:46:00,CCOI
73.45,73.45,73.45,73.45,100,2021-09-15 16:47:00,CCOI
73.43,73.43,73.42,73.42,400,2021-09-15 16:50:00,CCOI
73.39,73.39,73.38,73.38,200,2021-09-15 16:51:00,CCOI
73.36,73.36,73.345,73.345,300,2021-09-15 16:54:00,CCOI
73.24,73.24,73.24,73.24,100,2021-09-15 16:55:00,CCOI
73.23,73.27,73.23,73.25,700,2021-09-15 16:56:00,CCOI
73.245,73.29,73.245,73.29,200,2021-09-15 16:58:00,CCOI
73.345,73.35,73.345,73.35,200,2021-09-15 16:59:00,CCOI
73.37,73.37,73.37,73.37,100,2021-09-15 17:03:00,CCOI
73.365,73.365,73.365,73.365,100,2021-09-15 17:04:00,CCOI
73.39,73.39,73.39,73.39,100,2021-09-15 17:05:00,CCOI
73.53,73.53,73.53,73.53,2145,2021-09-15 17:06:00,CCOI
73.38,73.38,73.38,73.38,100,2021-09-15 17:10:00,CCOI
73.42,73.46,73.42,73.46,200,2021-09-15 17:11:00,CCOI
73.6,73.6,73.6,73.6,100,2021-09-15 17:14:00,CCOI
73.62,73.62,73.62,73.62,100,2021-09-15 17:16:00,CCOI
73.54,73.54,73.54,73.54,100,2021-09-15 17:22:00,CCOI
73.53,73.57,73.53,73.57,296,2021-09-15 17:23:00,CCOI
73.55,73.55,73.55,73.55,100,2021-09-15 17:24:00,CCOI
73.54,73.54,73.54,73.54,100,2021-09-15 17:27:00,CCOI
73.57,73.57,73.57,73.57,100,2021-09-15 17:29:00,CCOI
73.59,73.59,73.59,73.59,100,2021-09-15 17:30:00,CCOI
73.56,73.56,73.55,73.55,200,2021-09-15 17:31:00,CCOI
73.55,73.55,73.55,73.55,200,2021-09-15 17:32:00,CCOI
73.58,73.58,73.58,73.58,100,2021-09-15 17:33:00,CCOI
73.6,73.6,73.5758,73.5758,1754,2021-09-15 17:35:00,CCOI
73.56,73.56,73.56,73.56,100,2021-09-15 17:36:00,CCOI
73.56,73.56,73.55,73.55,200,2021-09-15 17:37:00,CCOI
73.55,73.555,73.55,73.555,650,2021-09-15 17:38:00,CCOI
73.59,73.59,73.59,73.59,100,2021-09-15 17:40:00,CCOI
73.59,73.59,73.59,73.59,208,2021-09-15 17:41:00,CCOI
73.6,73.6,73.6,73.6,100,2021-09-15 17:42:00,CCOI
73.56,73.56,73.56,73.56,100,2021-09-15 17:43:00,CCOI
73.61,73.61,73.61,73.61,100,2021-09-15 17:46:00,CCOI
73.63,73.63,73.63,73.63,100,2021-09-15 17:48:00,CCOI
73.58,73.58,73.57,73.57,200,2021-09-15 17:50:00,CCOI
73.515,73.56,73.515,73.56,200,2021-09-15 17:51:00,CCOI
73.55,73.55,73.55,73.55,100,2021-09-15 17:52:00,CCOI
73.55,73.55,73.5,73.55,700,2021-09-15 17:54:00,CCOI
73.59,73.6,73.59,73.6,200,2021-09-15 17:57:00,CCOI
73.61,73.61,73.61,73.61,100,2021-09-15 18:01:00,CCOI
73.53,73.53,73.52,73.52,300,2021-09-15 18:02:00,CCOI
73.51,73.55,73.51,73.55,200,2021-09-15 18:04:00,CCOI
73.52,73.52,73.51,73.51,200,2021-09-15 18:07:00,CCOI
73.47,73.47,73.47,73.47,100,2021-09-15 18:09:00,CCOI
73.37,73.37,73.35,73.35,236,2021-09-15 18:10:00,CCOI
73.38,73.38,73.38,73.38,400,2021-09-15 18:11:00,CCOI
73.31,73.31,73.31,73.31,100,2021-09-15 18:17:00,CCOI
73.22,73.22,73.22,73.22,100,2021-09-15 18:20:00,CCOI
73.2,73.28,73.2,73.28,242,2021-09-15 18:21:00,CCOI
73.25,73.31,73.25,73.3,300,2021-09-15 18:22:00,CCOI
73.265,73.265,73.265,73.265,100,2021-09-15 18:28:00,CCOI
73.3299,73.4,73.3299,73.369,1644,2021-09-15 18:32:00,CCOI
73.35,73.35,73.32,73.32,500,2021-09-15 18:37:00,CCOI
73.3,73.3,73.3,73.3,140,2021-09-15 18:38:00,CCOI
73.32,73.32,73.32,73.32,100,2021-09-15 18:39:00,CCOI
73.3,73.3,73.3,73.3,100,2021-09-15 18:41:00,CCOI
73.28,73.28,73.28,73.28,200,2021-09-15 18:42:00,CCOI
73.25,73.25,73.25,73.25,157,2021-09-15 18:45:00,CCOI
73.31,73.31,73.31,73.31,100,2021-09-15 18:46:00,CCOI
73.38,73.38,73.38,73.38,200,2021-09-15 18:49:00,CCOI
73.32,73.32,73.295,73.31,400,2021-09-15 18:51:00,CCOI
73.3,73.3,73.25,73.25,200,2021-09-15 18:53:00,CCOI
73.27,73.27,73.27,73.27,133,2021-09-15 18:56:00,CCOI
73.2,73.2,73.2,73.2,250,2021-09-15 19:00:00,CCOI
73.135,73.135,73.135,73.135,100,2021-09-15 19:02:00,CCOI
73.15,73.15,73.15,73.15,100,2021-09-15 19:03:00,CCOI
73.115,73.115,73.115,73.115,100,2021-09-15 19:04:00,CCOI
73.11,73.11,73.085,73.09,687,2021-09-15 19:05:00,CCOI
73.0978,73.0978,73.0978,73.0978,125,2021-09-15 19:06:00,CCOI
73.08,73.08,73.08,73.08,300,2021-09-15 19:07:00,CCOI
73.09,73.09,73.09,73.09,100,2021-09-15 19:10:00,CCOI
73.06,73.06,73.06,73.06,200,2021-09-15 19:11:00,CCOI
73.05,73.05,73.05,73.05,100,2021-09-15 19:14:00,CCOI
73.1,73.1,73.1,73.1,100,2021-09-15 19:15:00,CCOI
73.08,73.08,73.08,73.08,100,2021-09-15 19:16:00,CCOI
73.06,73.08,73.03,73.03,303,2021-09-15 19:18:00,CCOI
73.11,73.11,73.11,73.11,450,2021-09-15 19:19:00,CCOI
73.06,73.06,73.06,73.06,100,2021-09-15 19:23:00,CCOI
73.06,73.06,73.06,73.06,100,2021-09-15 19:26:00,CCOI
73.09,73.1,73.09,73.1,533,2021-09-15 19:27:00,CCOI
73.07,73.07,73.07,73.07,300,2021-09-15 19:30:00,CCOI
73.09,73.09,73.09,73.09,200,2021-09-15 19:31:00,CCOI
73.095,73.095,73.095,73.095,100,2021-09-15 19:34:00,CCOI
73.08,73.125,73.08,73.125,395,2021-09-15 19:35:00,CCOI
73.15,73.15,73.125,73.125,700,2021-09-15 19:36:00,CCOI
73.095,73.095,73.07,73.07,200,2021-09-15 19:38:00,CCOI
73.075,73.075,73.04,73.06,600,2021-09-15 19:39:00,CCOI
73.07,73.08,73.04,73.04,1162,2021-09-15 19:40:00,CCOI
73.06,73.06,73.06,73.06,200,2021-09-15 19:41:00,CCOI
73.04,73.04,73.04,73.04,100,2021-09-15 19:44:00,CCOI
73.055,73.055,73.03,73.04,500,2021-09-15 19:45:00,CCOI
73.04,73.04,73.04,73.04,100,2021-09-15 19:46:00,CCOI
73.03,73.03,73.03,73.03,200,2021-09-15 19:47:00,CCOI
73.05,73.05,73.015,73.015,400,2021-09-15 19:48:00,CCOI
73.04,73.04,73.04,73.04,200,2021-09-15 19:49:00,CCOI
73.05,73.05,73.01,73.01,353,2021-09-15 19:50:00,CCOI
73.07,73.07,73.07,73.07,115,2021-09-15 19:51:00,CCOI
73.06,73.065,73.05,73.06,744,2021-09-15 19:52:00,CCOI
73.04,73.04,73.04,73.04,200,2021-09-15 19:53:00,CCOI
73.01,73.09,73.01,73.05,2071,2021-09-15 19:54:00,CCOI
73.05,73.05,73.0,73.0,407,2021-09-15 19:55:00,CCOI
73.06,73.06,73.045,73.05,300,2021-09-15 19:56:00,CCOI
73.05,73.169,73.05,73.169,1800,2021-09-15 19:57:00,CCOI
73.11,73.13,73.07,73.09,1825,2021-09-15 19:58:00,CCOI
73.085,73.11,73.01,73.11,2897,2021-09-15 19:59:00,CCOI
73.12,73.12,73.12,73.12,28042,2021-09-15 20:00:00,CCOI
73.12,73.12,73.12,73.12,5500,2021-09-15 20:02:00,CCOI
72.96,72.96,72.95,72.95,2029,2021-09-16 13:30:00,CCOI
72.61,72.65,72.6,72.605,532,2021-09-16 13:31:00,CCOI
72.7,72.7,72.69,72.69,400,2021-09-16 13:34:00,CCOI
72.65,72.65,72.65,72.65,100,2021-09-16 13:41:00,CCOI
72.81,72.81,72.74,72.74,300,2021-09-16 13:46:00,CCOI
72.63,72.63,72.63,72.63,176,2021-09-16 13:48:00,CCOI
72.58,72.58,72.51,72.51,700,2021-09-16 13:52:00,CCOI
72.45,72.45,72.45,72.45,100,2021-09-16 13:54:00,CCOI
72.26,72.26,72.26,72.26,100,2021-09-16 13:55:00,CCOI
72.26,72.26,72.26,72.26,100,2021-09-16 13:57:00,CCOI
72.05,72.05,72.05,72.05,100,2021-09-16 14:04:00,CCOI
72.11,72.11,72.11,72.11,200,2021-09-16 14:09:00,CCOI
72.06,72.06,72.05,72.05,466,2021-09-16 14:13:00,CCOI
71.97,71.97,71.9,71.9,200,2021-09-16 14:14:00,CCOI
71.87,71.87,71.8,71.8,360,2021-09-16 14:17:00,CCOI
71.76,71.76,71.76,71.76,100,2021-09-16 14:20:00,CCOI
71.7,71.7,71.7,71.7,100,2021-09-16 14:22:00,CCOI
71.65,71.65,71.65,71.65,100,2021-09-16 14:23:00,CCOI
71.65,71.65,71.52,71.62,800,2021-09-16 14:24:00,CCOI
71.68,71.78,71.68,71.78,300,2021-09-16 14:28:00,CCOI
71.76,71.76,71.76,71.76,100,2021-09-16 14:29:00,CCOI
71.8,71.87,71.8,71.87,200,2021-09-16 14:36:00,CCOI
71.96,71.96,71.96,71.96,100,2021-09-16 14:37:00,CCOI
71.92,71.92,71.92,71.92,200,2021-09-16 14:38:00,CCOI
71.96,71.97,71.94,71.94,400,2021-09-16 14:39:00,CCOI
71.78,71.78,71.78,71.78,100,2021-09-16 14:41:00,CCOI
71.69,71.71,71.61,71.61,300,2021-09-16 14:42:00,CCOI
71.87,71.87,71.87,71.87,100,2021-09-16 14:46:00,CCOI
71.825,71.825,71.825,71.825,200,2021-09-16 14:47:00,CCOI
71.72,71.72,71.67,71.67,200,2021-09-16 14:50:00,CCOI
71.72,71.73,71.72,71.73,400,2021-09-16 14:52:00,CCOI
71.66,71.66,71.65,71.65,200,2021-09-16 14:54:00,CCOI
71.6,71.6,71.6,71.6,100,2021-09-16 14:56:00,CCOI
71.55,71.55,71.55,71.55,100,2021-09-16 14:57:00,CCOI
71.62,71.625,71.58,71.625,300,2021-09-16 14:59:00,CCOI
71.58,71.63,71.57,71.57,300,2021-09-16 15:03:00,CCOI
71.5722,71.5722,71.5722,71.5722,132,2021-09-16 15:04:00,CCOI
71.56,71.56,71.56,71.56,100,2021-09-16 15:05:00,CCOI
71.5973,71.5973,71.575,71.575,224,2021-09-16 15:08:00,CCOI
71.61,71.67,71.61,71.67,200,2021-09-16 15:09:00,CCOI
71.59,71.59,71.59,71.59,300,2021-09-16 15:11:00,CCOI
71.66,71.66,71.66,71.66,100,2021-09-16 15:12:00,CCOI
71.775,71.775,71.69,71.69,333,2021-09-16 15:14:00,CCOI
71.675,71.675,71.675,71.675,100,2021-09-16 15:17:00,CCOI
71.78,71.78,71.78,71.78,200,2021-09-16 15:19:00,CCOI
71.815,71.815,71.815,71.815,100,2021-09-16 15:21:00,CCOI
71.96,71.96,71.96,71.96,200,2021-09-16 15:34:00,CCOI
71.95,71.95,71.95,71.95,100,2021-09-16 15:35:00,CCOI
71.94,71.94,71.94,71.94,100,2021-09-16 15:36:00,CCOI
71.96,71.96,71.96,71.96,100,2021-09-16 15:37:00,CCOI
71.945,71.9803,71.945,71.9803,250,2021-09-16 15:38:00,CCOI
71.9,71.9,71.9,71.9,126,2021-09-16 15:41:00,CCOI
71.82,71.82,71.82,71.82,300,2021-09-16 15:46:00,CCOI
71.8,71.82,71.8,71.82,400,2021-09-16 15:48:00,CCOI
71.88,71.88,71.88,71.88,100,2021-09-16 15:49:00,CCOI
71.94,71.94,71.94,71.94,100,2021-09-16 15:59:00,CCOI
71.89,71.89,71.89,71.89,300,2021-09-16 16:01:00,CCOI
71.84,71.84,71.84,71.84,201,2021-09-16 16:02:00,CCOI
71.83,71.84,71.83,71.84,200,2021-09-16 16:03:00,CCOI
71.835,71.86,71.835,71.86,200,2021-09-16 16:04:00,CCOI
71.82,71.82,71.82,71.82,100,2021-09-16 16:05:00,CCOI
71.91,71.91,71.91,71.91,100,2021-09-16 16:06:00,CCOI
71.91,71.93,71.91,71.91,300,2021-09-16 16:07:00,CCOI
71.93,71.93,71.93,71.93,100,2021-09-16 16:08:00,CCOI
71.92,71.92,71.87,71.88,300,2021-09-16 16:09:00,CCOI
71.87,71.87,71.87,71.87,100,2021-09-16 16:11:00,CCOI
71.83,71.83,71.8,71.8,200,2021-09-16 16:15:00,CCOI
71.75,71.75,71.75,71.75,100,2021-09-16 16:17:00,CCOI
71.74,71.74,71.57,71.57,1300,2021-09-16 16:18:00,CCOI
71.64,71.65,71.64,71.65,400,2021-09-16 16:19:00,CCOI
71.54,71.54,71.54,71.54,100,2021-09-16 16:21:00,CCOI
71.5,71.5,71.5,71.5,100,2021-09-16 16:22:00,CCOI
71.49,71.49,71.49,71.49,100,2021-09-16 16:25:00,CCOI
71.4,71.44,71.31,71.33,900,2021-09-16 16:26:00,CCOI
71.36,71.44,71.35,71.44,1080,2021-09-16 16:28:00,CCOI
71.545,71.575,71.545,71.575,300,2021-09-16 16:30:00,CCOI
71.595,71.595,71.595,71.595,100,2021-09-16 16:31:00,CCOI
71.72,71.72,71.72,71.72,100,2021-09-16 16:32:00,CCOI
71.68,71.68,71.68,71.68,125,2021-09-16 16:33:00,CCOI
71.67,71.67,71.5743,71.595,980,2021-09-16 16:34:00,CCOI
71.73,71.76,71.73,71.76,200,2021-09-16 16:41:00,CCOI
71.83,71.83,71.83,71.83,100,2021-09-16 16:44:00,CCOI
71.75,71.75,71.75,71.75,100,2021-09-16 16:47:00,CCOI
71.75,71.75,71.7,71.7,300,2021-09-16 16:51:00,CCOI
71.6,71.65,71.6,71.65,200,2021-09-16 16:55:00,CCOI
71.64,71.64,71.64,71.64,100,2021-09-16 16:57:00,CCOI
71.6,71.6,71.6,71.6,200,2021-09-16 16:59:00,CCOI
71.52,71.56,71.52,71.56,200,2021-09-16 17:02:00,CCOI
71.55,71.55,71.495,71.495,300,2021-09-16 17:06:00,CCOI
71.51,71.53,71.49,71.49,640,2021-09-16 17:09:00,CCOI
71.46,71.46,71.42,71.42,3394,2021-09-16 17:12:00,CCOI
71.44,71.44,71.43,71.43,200,2021-09-16 17:13:00,CCOI
71.47,71.47,71.47,71.47,110,2021-09-16 17:15:00,CCOI
71.5,71.5,71.5,71.5,100,2021-09-16 17:16:00,CCOI
71.42,71.42,71.42,71.42,2133,2021-09-16 17:17:00,CCOI
71.455,71.455,71.455,71.455,100,2021-09-16 17:18:00,CCOI
71.52,71.55,71.52,71.55,200,2021-09-16 17:19:00,CCOI
71.55,71.55,71.55,71.55,100,2021-09-16 17:20:00,CCOI
71.55,71.55,71.48,71.5,700,2021-09-16 17:21:00,CCOI
71.43,71.43,71.42,71.42,200,2021-09-16 17:22:00,CCOI
71.4,71.4,71.36,71.36,200,2021-09-16 17:24:00,CCOI
71.38,71.38,71.38,71.38,100,2021-09-16 17:26:00,CCOI
71.35,71.35,71.35,71.35,200,2021-09-16 17:27:00,CCOI
71.27,71.27,71.27,71.27,100,2021-09-16 17:28:00,CCOI
71.31,71.31,71.27,71.27,200,2021-09-16 17:29:00,CCOI
71.32,71.32,71.225,71.24,1000,2021-09-16 17:30:00,CCOI
71.235,71.235,71.235,71.235,100,2021-09-16 17:31:00,CCOI
71.24,71.24,71.24,71.24,300,2021-09-16 17:32:00,CCOI
71.22,71.22,71.22,71.22,200,2021-09-16 17:34:00,CCOI
71.24,71.28,71.215,71.255,1000,2021-09-16 17:35:00,CCOI
71.25,71.25,71.25,71.25,100,2021-09-16 17:37:00,CCOI
71.22,71.22,71.22,71.22,100,2021-09-16 17:38:00,CCOI
71.25,71.25,71.25,71.25,400,2021-09-16 17:39:00,CCOI
71.28,71.29,71.22,71.255,1200,2021-09-16 17:40:00,CCOI
71.2,71.2,71.2,71.2,100,2021-09-16 17:42:00,CCOI
71.175,71.175,71.175,71.175,100,2021-09-16 17:47:00,CCOI
71.17,71.23,71.155,71.23,1000,2021-09-16 17:48:00,CCOI
71.28,71.295,71.27,71.295,600,2021-09-16 17:49:00,CCOI
71.36,71.365,71.32,71.32,500,2021-09-16 17:50:00,CCOI
71.385,71.385,71.385,71.385,100,2021-09-16 17:51:00,CCOI
71.375,71.39,71.375,71.39,200,2021-09-16 17:52:00,CCOI
71.55,71.56,71.55,71.56,400,2021-09-16 17:53:00,CCOI
71.555,71.555,71.555,71.555,100,2021-09-16 17:54:00,CCOI
71.59,71.59,71.59,71.59,125,2021-09-16 17:55:00,CCOI
71.59,71.59,71.59,71.59,100,2021-09-16 17:56:00,CCOI
71.59,71.59,71.59,71.59,300,2021-09-16 17:59:00,CCOI
71.595,71.595,71.595,71.595,100,2021-09-16 18:00:00,CCOI
71.59,71.59,71.59,71.59,100,2021-09-16 18:01:00,CCOI
71.6,71.67,71.6,71.67,1500,2021-09-16 18:02:00,CCOI
71.75,71.75,71.75,71.75,1000,2021-09-16 18:03:00,CCOI
71.78,71.78,71.78,71.78,200,2021-09-16 18:04:00,CCOI
71.83,71.83,71.83,71.83,200,2021-09-16 18:09:00,CCOI
71.8,71.88,71.8,71.88,200,2021-09-16 18:10:00,CCOI
71.92,71.92,71.92,71.92,100,2021-09-16 18:11:00,CCOI
71.85,71.85,71.85,71.85,100,2021-09-16 18:18:00,CCOI
71.805,71.805,71.805,71.805,182,2021-09-16 18:20:00,CCOI
71.78,71.79,71.75,71.79,1188,2021-09-16 18:25:00,CCOI
71.73,71.73,71.7,71.7,300,2021-09-16 18:27:00,CCOI
71.71,71.71,71.71,71.71,100,2021-09-16 18:28:00,CCOI
71.71,71.75,71.71,71.75,200,2021-09-16 18:29:00,CCOI
71.76,71.76,71.71,71.735,800,2021-09-16 18:30:00,CCOI
71.72,71.72,71.71,71.72,300,2021-09-16 18:31:00,CCOI
71.72,71.73,71.64,71.718,3405,2021-09-16 18:32:00,CCOI
71.73,71.73,71.73,71.73,3463,2021-09-16 18:33:00,CCOI
71.725,71.78,71.725,71.77,600,2021-09-16 18:34:00,CCOI
71.76,71.76,71.76,71.76,100,2021-09-16 18:35:00,CCOI
71.755,71.755,71.755,71.755,100,2021-09-16 18:37:00,CCOI
71.67,71.67,71.67,71.67,100,2021-09-16 18:41:00,CCOI
71.58,71.58,71.58,71.58,100,2021-09-16 18:43:00,CCOI
71.58,71.58,71.58,71.58,100,2021-09-16 18:46:00,CCOI
71.54,71.54,71.53,71.53,300,2021-09-16 18:47:00,CCOI
71.46,71.46,71.46,71.46,100,2021-09-16 18:49:00,CCOI
71.45,71.55,71.45,71.55,500,2021-09-16 18:50:00,CCOI
71.47,71.66,71.47,71.66,1100,2021-09-16 18:52:00,CCOI
71.77,71.77,71.74,71.74,200,2021-09-16 18:56:00,CCOI
71.69,71.69,71.69,71.69,100,2021-09-16 19:00:00,CCOI
71.73,71.73,71.73,71.73,100,2021-09-16 19:01:00,CCOI
71.68,71.68,71.68,71.68,200,2021-09-16 19:02:00,CCOI
71.63,71.63,71.63,71.63,100,2021-09-16 19:04:00,CCOI
71.67,71.73,71.67,71.73,700,2021-09-16 19:05:00,CCOI
71.77,71.77,71.73,71.73,200,2021-09-16 19:07:00,CCOI
71.77,71.81,71.77,71.81,500,2021-09-16 19:08:00,CCOI
71.765,71.765,71.765,71.765,100,2021-09-16 19:09:00,CCOI
71.78,71.82,71.78,71.82,200,2021-09-16 19:10:00,CCOI
71.83,71.83,71.83,71.83,100,2021-09-16 19:14:00,CCOI
71.8,71.8,71.77,71.77,300,2021-09-16 19:16:00,CCOI
71.73,71.73,71.73,71.73,500,2021-09-16 19:18:00,CCOI
71.755,71.755,71.755,71.755,100,2021-09-16 19:19:00,CCOI
71.755,71.78,71.755,71.76,800,2021-09-16 19:20:00,CCOI
71.75,71.76,71.75,71.76,400,2021-09-16 19:22:00,CCOI
71.72,71.73,71.7,71.73,1479,2021-09-16 19:23:00,CCOI
71.65,71.685,71.65,71.65,300,2021-09-16 19:26:00,CCOI
71.56,71.59,71.56,71.59,200,2021-09-16 19:27:00,CCOI
71.6,71.6,71.59,71.59,200,2021-09-16 19:28:00,CCOI
71.56,71.57,71.56,71.565,500,2021-09-16 19:29:00,CCOI
71.6,71.6,71.58,71.6,400,2021-09-16 19:30:00,CCOI
71.6285,71.6285,71.6285,71.6285,200,2021-09-16 19:31:00,CCOI
71.605,71.64,71.605,71.64,400,2021-09-16 19:32:00,CCOI
71.66,71.73,71.66,71.73,500,2021-09-16 19:33:00,CCOI
71.68,71.71,71.68,71.71,400,2021-09-16 19:36:00,CCOI
71.71,71.71,71.71,71.71,100,2021-09-16 19:37:00,CCOI
71.72,71.76,71.72,71.75,1200,2021-09-16 19:38:00,CCOI
71.75,71.75,71.72,71.73,600,2021-09-16 19:39:00,CCOI
71.73,71.74,71.72,71.72,600,2021-09-16 19:40:00,CCOI
71.69,71.69,71.69,71.69,200,2021-09-16 19:41:00,CCOI
71.67,71.7,71.67,71.7,500,2021-09-16 19:43:00,CCOI
71.75,71.75,71.75,71.75,100,2021-09-16 19:44:00,CCOI
71.735,71.735,71.68,71.68,851,2021-09-16 19:45:00,CCOI
71.72,71.72,71.72,71.72,300,2021-09-16 19:46:00,CCOI
71.73,71.73,71.715,71.715,320,2021-09-16 19:47:00,CCOI
71.72,71.72,71.69,71.71,344,2021-09-16 19:48:00,CCOI
71.695,71.695,71.66,71.66,200,2021-09-16 19:49:00,CCOI
71.63,71.66,71.63,71.63,500,2021-09-16 19:50:00,CCOI
71.6,71.6,71.54,71.54,1994,2021-09-16 19:51:00,CCOI
71.56,71.61,71.56,71.61,794,2021-09-16 19:52:00,CCOI
71.61,71.61,71.57,71.57,534,2021-09-16 19:53:00,CCOI
71.55,71.55,71.49,71.49,481,2021-09-16 19:54:00,CCOI
71.46,71.54,71.46,71.525,1502,2021-09-16 19:55:00,CCOI
71.525,71.53,71.5,71.505,700,2021-09-16 19:56:00,CCOI
71.51,71.51,71.47,71.47,900,2021-09-16 19:57:00,CCOI
71.485,71.575,71.485,71.575,3834,2021-09-16 19:58:00,CCOI
71.59,71.6,71.52,71.59,2411,2021-09-16 19:59:00,CCOI
71.51,71.51,71.51,71.51,22908,2021-09-16 20:00:00,CCOI
71.59,72.17,71.59,72.17,500,2021-09-17 13:27:00,CCOI
72.31,72.33,72.31,72.33,440,2021-09-17 13:28:00,CCOI
72.07,72.1,72.07,72.1,1054,2021-09-17 13:29:00,CCOI
72.22,72.22,72.22,72.22,48303,2021-09-17 13:30:00,CCOI
72.32,72.32,72.32,72.32,200,2021-09-17 13:31:00,CCOI
71.91,71.91,71.55,71.55,1171,2021-09-17 13:32:00,CCOI
72.81,72.81,71.59,71.59,433,2021-09-17 13:33:00,CCOI
71.58,71.58,71.58,71.58,100,2021-09-17 13:34:00,CCOI
72.115,72.115,72.115,72.115,100,2021-09-17 13:37:00,CCOI
71.75,72.48,71.75,72.48,200,2021-09-17 13:38:00,CCOI
72.312,72.312,72.115,72.115,435,2021-09-17 13:39:00,CCOI
72.03,72.085,72.03,72.085,200,2021-09-17 13:41:00,CCOI
72.05,72.05,72.05,72.05,100,2021-09-17 13:42:00,CCOI
72.16,72.31,72.16,72.31,700,2021-09-17 13:44:00,CCOI
72.15,72.15,72.15,72.15,100,2021-09-17 13:46:00,CCOI
72.32,72.5,72.32,72.5,1100,2021-09-17 13:47:00,CCOI
72.61,72.61,72.405,72.405,530,2021-09-17 13:48:00,CCOI
72.33,72.33,72.33,72.33,100,2021-09-17 13:50:00,CCOI
72.39,72.49,72.39,72.39,300,2021-09-17 13:51:00,CCOI
72.5,72.5,72.5,72.5,100,2021-09-17 13:52:00,CCOI
72.425,72.425,72.425,72.425,100,2021-09-17 13:53:00,CCOI
72.45,72.45,72.45,72.45,100,2021-09-17 13:55:00,CCOI
72.445,72.445,72.34,72.37,500,2021-09-17 13:56:00,CCOI
72.22,72.22,72.22,72.22,100,2021-09-17 13:57:00,CCOI
72.18,72.21,72.18,72.21,300,2021-09-17 13:58:00,CCOI
72.15,72.15,72.15,72.15,200,2021-09-17 14:00:00,CCOI
72.23,72.23,72.123,72.19,807,2021-09-17 14:05:00,CCOI
72.08,72.08,72.08,72.08,100,2021-09-17 14:07:00,CCOI
72.085,72.19,72.085,72.18,767,2021-09-17 14:09:00,CCOI
72.26,72.26,72.26,72.26,100,2021-09-17 14:10:00,CCOI
72.11,72.135,72.11,72.135,272,2021-09-17 14:12:00,CCOI
71.95,71.95,71.93,71.93,200,2021-09-17 14:15:00,CCOI
71.995,71.995,71.995,71.995,100,2021-09-17 14:19:00,CCOI
72.07,72.07,72.065,72.065,300,2021-09-17 14:20:00,CCOI
72.03,72.03,72.03,72.03,100,2021-09-17 14:21:00,CCOI
72.005,72.005,72.005,72.005,100,2021-09-17 14:24:00,CCOI
72.005,72.005,72.005,72.005,200,2021-09-17 14:25:00,CCOI
72.07,72.17,72.07,72.17,400,2021-09-17 14:27:00,CCOI
72.25,72.25,72.25,72.25,100,2021-09-17 14:28:00,CCOI
72.3,72.4,72.3,72.4,300,2021-09-17 14:30:00,CCOI
72.29,72.29,72.29,72.29,100,2021-09-17 14:33:00,CCOI
72.275,72.275,72.275,72.275,100,2021-09-17 14:34:00,CCOI
72.24,72.24,72.18,72.18,300,2021-09-17 14:35:00,CCOI
72.165,72.165,72.165,72.165,446,2021-09-17 14:36:00,CCOI
72.18,72.25,72.18,72.25,200,2021-09-17 14:38:00,CCOI
72.24,72.3,72.24,72.3,200,2021-09-17 14:39:00,CCOI
72.29,72.29,72.29,72.29,200,2021-09-17 14:40:00,CCOI
72.265,72.265,72.21,72.21,200,2021-09-17 14:42:00,CCOI
72.2,72.21,72.2,72.21,200,2021-09-17 14:44:00,CCOI
72.205,72.265,72.205,72.265,200,2021-09-17 14:47:00,CCOI
72.39,72.42,72.385,72.42,500,2021-09-17 14:49:00,CCOI
72.4,72.4,72.4,72.4,100,2021-09-17 14:50:00,CCOI
72.4,72.43,72.4,72.43,200,2021-09-17 14:53:00,CCOI
72.31,72.31,72.31,72.31,100,2021-09-17 14:55:00,CCOI
72.3,72.3,72.3,72.3,100,2021-09-17 14:57:00,CCOI
72.17,72.17,72.17,72.17,100,2021-09-17 14:58:00,CCOI
72.22,72.22,72.21,72.21,200,2021-09-17 14:59:00,CCOI
72.15,72.15,72.15,72.15,300,2021-09-17 15:02:00,CCOI
72.14,72.14,72.13,72.13,300,2021-09-17 15:03:00,CCOI
72.22,72.22,72.14,72.14,200,2021-09-17 15:05:00,CCOI
72.15,72.15,72.15,72.15,100,2021-09-17 15:08:00,CCOI
72.12,72.12,72.1,72.12,300,2021-09-17 15:10:00,CCOI
72.06,72.06,72.06,72.06,200,2021-09-17 15:11:00,CCOI
72.06,72.06,72.025,72.03,500,2021-09-17 15:13:00,CCOI
72.1,72.1227,72.1,72.1227,432,2021-09-17 15:14:00,CCOI
72.11,72.11,72.07,72.07,300,2021-09-17 15:15:00,CCOI
72.125,72.125,72.125,72.125,100,2021-09-17 15:18:00,CCOI
72.125,72.16,72.125,72.16,300,2021-09-17 15:19:00,CCOI
72.15,72.18,72.085,72.18,600,2021-09-17 15:20:00,CCOI
72.195,72.195,72.195,72.195,100,2021-09-17 15:21:00,CCOI
72.26,72.26,72.26,72.26,300,2021-09-17 15:22:00,CCOI
72.345,72.345,72.345,72.345,100,2021-09-17 15:25:00,CCOI
72.34,72.4,72.34,72.35,300,2021-09-17 15:26:00,CCOI
72.4,72.4,72.38,72.38,200,2021-09-17 15:27:00,CCOI
72.45,72.59,72.45,72.59,600,2021-09-17 15:28:00,CCOI
72.6036,72.6036,72.6036,72.6036,344,2021-09-17 15:29:00,CCOI
72.63,72.81,72.63,72.81,1000,2021-09-17 15:30:00,CCOI
72.83,72.98,72.78,72.97,900,2021-09-17 15:31:00,CCOI
72.96,72.96,72.73,72.73,600,2021-09-17 15:32:00,CCOI
72.81,72.89,72.79,72.87,1202,2021-09-17 15:34:00,CCOI
72.795,72.795,72.795,72.795,100,2021-09-17 15:35:00,CCOI
72.83,72.83,72.83,72.83,100,2021-09-17 15:36:00,CCOI
72.82,72.82,72.79,72.79,300,2021-09-17 15:37:00,CCOI
73.02,73.02,72.95,72.95,300,2021-09-17 15:39:00,CCOI
72.98,72.98,72.97,72.97,200,2021-09-17 15:40:00,CCOI
72.92,72.94,72.9,72.9,521,2021-09-17 15:42:00,CCOI
72.88,72.88,72.88,72.88,200,2021-09-17 15:44:00,CCOI
72.84,72.84,72.83,72.83,200,2021-09-17 15:45:00,CCOI
72.76,72.77,72.595,72.595,400,2021-09-17 15:46:00,CCOI
72.73,72.73,72.73,72.73,100,2021-09-17 15:47:00,CCOI
72.74,72.76,72.65,72.76,500,2021-09-17 15:50:00,CCOI
72.67,72.67,72.67,72.67,100,2021-09-17 15:51:00,CCOI
72.65,72.65,72.65,72.65,100,2021-09-17 15:52:00,CCOI
72.47,72.47,72.47,72.47,200,2021-09-17 15:53:00,CCOI
72.63,72.63,72.595,72.595,281,2021-09-17 15:54:00,CCOI
72.71,72.71,72.71,72.71,100,2021-09-17 15:58:00,CCOI
72.77,72.78,72.77,72.78,200,2021-09-17 16:00:00,CCOI
72.8,72.8,72.74,72.74,200,2021-09-17 16:01:00,CCOI
72.77,72.77,72.77,72.77,100,2021-09-17 16:02:00,CCOI
72.72,72.74,72.68,72.74,400,2021-09-17 16:03:00,CCOI
72.67,72.67,72.62,72.62,400,2021-09-17 16:05:00,CCOI
72.58,72.58,72.58,72.58,100,2021-09-17 16:06:00,CCOI
72.56,72.56,72.56,72.56,200,2021-09-17 16:07:00,CCOI
72.63,72.63,72.62,72.62,480,2021-09-17 16:11:00,CCOI
72.655,72.655,72.655,72.655,100,2021-09-17 16:14:00,CCOI
72.655,72.655,72.62,72.62,400,2021-09-17 16:15:00,CCOI
72.675,72.675,72.675,72.675,100,2021-09-17 16:17:00,CCOI
72.65,72.65,72.65,72.65,100,2021-09-17 16:18:00,CCOI
72.705,72.705,72.705,72.705,100,2021-09-17 16:19:00,CCOI
72.685,72.685,72.685,72.685,100,2021-09-17 16:20:00,CCOI
72.68,72.68,72.6,72.66,600,2021-09-17 16:22:00,CCOI
72.68,72.68,72.68,72.68,100,2021-09-17 16:23:00,CCOI
72.73,72.73,72.715,72.715,300,2021-09-17 16:25:00,CCOI
72.68,72.68,72.68,72.68,100,2021-09-17 16:27:00,CCOI
72.66,72.66,72.59,72.6,500,2021-09-17 16:29:00,CCOI
72.675,72.675,72.675,72.675,100,2021-09-17 16:32:00,CCOI
72.65,72.65,72.65,72.65,100,2021-09-17 16:33:00,CCOI
72.7,72.7,72.7,72.7,200,2021-09-17 16:35:00,CCOI
72.84,72.84,72.78,72.78,400,2021-09-17 16:40:00,CCOI
72.72,72.72,72.65,72.65,200,2021-09-17 16:43:00,CCOI
72.61,72.61,72.6,72.6,200,2021-09-17 16:45:00,CCOI
72.49,72.49,72.49,72.49,258,2021-09-17 16:48:00,CCOI
72.52,72.62,72.52,72.595,700,2021-09-17 16:50:00,CCOI
72.65,72.65,72.65,72.65,300,2021-09-17 16:55:00,CCOI
72.72,72.72,72.68,72.68,300,2021-09-17 16:57:00,CCOI
72.7,72.7,72.7,72.7,200,2021-09-17 16:59:00,CCOI
72.6,72.6,72.6,72.6,100,2021-09-17 17:02:00,CCOI
72.565,72.565,72.55,72.55,400,2021-09-17 17:04:00,CCOI
72.55,72.55,72.55,72.55,300,2021-09-17 17:06:00,CCOI
72.54,72.54,72.54,72.54,100,2021-09-17 17:08:00,CCOI
72.54,72.54,72.54,72.54,100,2021-09-17 17:10:00,CCOI
72.55,72.55,72.55,72.55,100,2021-09-17 17:11:00,CCOI
72.55,72.55,72.55,72.55,100,2021-09-17 17:13:00,CCOI
72.545,72.545,72.52,72.52,200,2021-09-17 17:15:00,CCOI
72.56,72.5983,72.54,72.5983,650,2021-09-17 17:16:00,CCOI
72.52,72.52,72.52,72.52,100,2021-09-17 17:18:00,CCOI
72.48,72.48,72.47,72.47,200,2021-09-17 17:19:00,CCOI
72.44,72.44,72.44,72.44,200,2021-09-17 17:22:00,CCOI
72.425,72.425,72.425,72.425,100,2021-09-17 17:24:00,CCOI
72.4696,72.4696,72.4696,72.4696,126,2021-09-17 17:30:00,CCOI
72.42,72.43,72.405,72.405,400,2021-09-17 17:32:00,CCOI
72.46,72.46,72.46,72.46,100,2021-09-17 17:36:00,CCOI
72.52,72.52,72.52,72.52,296,2021-09-17 17:37:00,CCOI
72.535,72.535,72.535,72.535,100,2021-09-17 17:39:00,CCOI
72.52,72.52,72.52,72.52,200,2021-09-17 17:42:00,CCOI
72.57,72.57,72.51,72.51,300,2021-09-17 17:45:00,CCOI
72.495,72.495,72.495,72.495,100,2021-09-17 17:47:00,CCOI
72.46,72.46,72.46,72.46,100,2021-09-17 17:49:00,CCOI
72.455,72.455,72.455,72.455,100,2021-09-17 17:50:00,CCOI
72.47,72.51,72.47,72.5,1300,2021-09-17 17:52:00,CCOI
72.46,72.46,72.44,72.44,400,2021-09-17 17:53:00,CCOI
72.44,72.44,72.43,72.43,300,2021-09-17 17:54:00,CCOI
72.43,72.43,72.41,72.41,200,2021-09-17 17:58:00,CCOI
72.42,72.42,72.4,72.4,400,2021-09-17 17:59:00,CCOI
72.37,72.38,72.37,72.38,205,2021-09-17 18:01:00,CCOI
72.38,72.38,72.36,72.36,400,2021-09-17 18:02:00,CCOI
72.39,72.39,72.39,72.39,210,2021-09-17 18:07:00,CCOI
72.39,72.41,72.39,72.41,200,2021-09-17 18:08:00,CCOI
72.5597,72.58,72.5597,72.58,335,2021-09-17 18:11:00,CCOI
72.555,72.555,72.555,72.555,100,2021-09-17 18:12:00,CCOI
72.52,72.54,72.47,72.47,600,2021-09-17 18:13:00,CCOI
72.485,72.485,72.485,72.485,100,2021-09-17 18:15:00,CCOI
72.57,72.57,72.57,72.57,200,2021-09-17 18:16:00,CCOI
72.57,72.57,72.57,72.57,100,2021-09-17 18:18:00,CCOI
72.63,72.63,72.63,72.63,100,2021-09-17 18:20:00,CCOI
72.64,72.67,72.63,72.67,600,2021-09-17 18:21:00,CCOI
72.775,72.775,72.775,72.775,100,2021-09-17 18:24:00,CCOI
72.75,72.75,72.75,72.75,300,2021-09-17 18:25:00,CCOI
72.76,72.76,72.72,72.72,200,2021-09-17 18:27:00,CCOI
72.71,72.71,72.71,72.71,100,2021-09-17 18:29:00,CCOI
72.65,72.65,72.64,72.64,200,2021-09-17 18:30:00,CCOI
72.67,72.67,72.57,72.57,200,2021-09-17 18:31:00,CCOI
72.5989,72.5989,72.58,72.58,1000,2021-09-17 18:32:00,CCOI
72.49,72.49,72.4,72.43,300,2021-09-17 18:36:00,CCOI
72.41,72.41,72.4,72.4,300,2021-09-17 18:39:00,CCOI
72.45,72.47,72.42,72.42,740,2021-09-17 18:40:00,CCOI
72.47,72.47,72.47,72.47,100,2021-09-17 18:41:00,CCOI
72.465,72.465,72.465,72.465,100,2021-09-17 18:42:00,CCOI
72.46,72.46,72.46,72.46,100,2021-09-17 18:44:00,CCOI
72.485,72.5,72.47,72.5,600,2021-09-17 18:45:00,CCOI
72.56,72.59,72.56,72.59,200,2021-09-17 18:48:00,CCOI
72.53,72.565,72.49,72.49,500,2021-09-17 18:54:00,CCOI
72.56,72.56,72.545,72.545,200,2021-09-17 18:57:00,CCOI
72.59,72.59,72.55,72.555,500,2021-09-17 19:03:00,CCOI
72.545,72.545,72.545,72.545,100,2021-09-17 19:05:00,CCOI
72.52,72.52,72.44,72.44,400,2021-09-17 19:06:00,CCOI
72.47,72.47,72.47,72.47,100,2021-09-17 19:07:00,CCOI
72.44,72.44,72.44,72.44,400,2021-09-17 19:08:00,CCOI
72.4773,72.4773,72.45,72.45,475,2021-09-17 19:10:00,CCOI
72.47,72.48,72.455,72.455,400,2021-09-17 19:12:00,CCOI
72.41,72.41,72.41,72.41,100,2021-09-17 19:13:00,CCOI
72.39,72.39,72.39,72.39,100,2021-09-17 19:15:00,CCOI
72.35,72.35,72.35,72.35,307,2021-09-17 19:16:00,CCOI
72.41,72.41,72.41,72.41,100,2021-09-17 19:17:00,CCOI
72.385,72.385,72.385,72.385,100,2021-09-17 19:19:00,CCOI
72.4,72.42,72.4,72.42,400,2021-09-17 19:20:00,CCOI
72.43,72.5,72.43,72.5,700,2021-09-17 19:21:00,CCOI
72.53,72.575,72.53,72.575,500,2021-09-17 19:24:00,CCOI
72.54,72.54,72.54,72.54,100,2021-09-17 19:25:00,CCOI
72.53,72.53,72.49,72.51,300,2021-09-17 19:27:00,CCOI
72.515,72.515,72.515,72.515,200,2021-09-17 19:30:00,CCOI
72.49,72.49,72.46,72.47,873,2021-09-17 19:31:00,CCOI
72.49,72.49,72.49,72.49,200,2021-09-17 19:32:00,CCOI
72.545,72.545,72.545,72.545,100,2021-09-17 19:33:00,CCOI
72.51,72.51,72.51,72.51,100,2021-09-17 19:34:00,CCOI
72.54,72.54,72.525,72.525,200,2021-09-17 19:35:00,CCOI
72.5,72.5,72.48,72.48,300,2021-09-17 19:36:00,CCOI
72.475,72.475,72.475,72.475,200,2021-09-17 19:37:00,CCOI
72.5,72.5,72.47,72.47,1415,2021-09-17 19:38:00,CCOI
72.45,72.45,72.42,72.42,300,2021-09-17 19:39:00,CCOI
72.43,72.43,72.42,72.43,1131,2021-09-17 19:40:00,CCOI
72.415,72.415,72.415,72.415,210,2021-09-17 19:41:00,CCOI
72.39,72.39,72.35,72.3795,479,2021-09-17 19:42:00,CCOI
72.33,72.33,72.325,72.325,400,2021-09-17 19:43:00,CCOI
72.34,72.34,72.31,72.31,1300,2021-09-17 19:44:00,CCOI
72.32,72.32,72.26,72.275,900,2021-09-17 19:45:00,CCOI
72.24,72.24,72.16,72.16,600,2021-09-17 19:46:00,CCOI
72.2,72.2,72.12,72.12,900,2021-09-17 19:47:00,CCOI
72.08,72.12,72.07,72.085,1100,2021-09-17 19:48:00,CCOI
72.06,72.13,71.88,72.095,3755,2021-09-17 19:49:00,CCOI
72.03,72.03,71.94,72.02,600,2021-09-17 19:50:00,CCOI
72.155,72.155,71.93,71.97,1600,2021-09-17 19:51:00,CCOI
72.0,72.025,71.95,71.98,1900,2021-09-17 19:52:00,CCOI
72.0,72.55,71.98,72.28,9736,2021-09-17 19:53:00,CCOI
72.23,73.3,72.22,73.16,25477,2021-09-17 19:54:00,CCOI
73.2,73.44,72.92,73.11,7778,2021-09-17 19:55:00,CCOI
72.99,73.24,72.73,73.095,3943,2021-09-17 19:56:00,CCOI
73.11,73.15,72.8,73.13,7991,2021-09-17 19:57:00,CCOI
73.17,73.17,72.92,73.11,6922,2021-09-17 19:58:00,CCOI
73.04,73.32,73.03,73.16,18523,2021-09-17 19:59:00,CCOI
73.17,73.17,73.17,73.17,465271,2021-09-17 20:00:00,CCOI
73.17,73.17,73.17,73.17,45938,2021-09-17 20:01:00,CCOI
73.17,73.17,73.17,73.17,15167,2021-09-17 20:02:00,CCOI
73.17,73.17,73.17,73.17,24739,2021-09-17 20:03:00,CCOI
73.17,73.17,73.17,73.17,16381,2021-09-17 20:04:00,CCOI
73.17,73.17,73.17,73.17,10710,2021-09-17 20:05:00,CCOI
73.17,73.17,73.17,73.17,21041,2021-09-17 20:06:00,CCOI
73.17,73.17,73.17,73.17,5569,2021-09-17 20:14:00,CCOI
72.61,72.86,72.61,72.86,1791,2021-09-20 13:30:00,CCOI
72.81,72.96,72.68,72.68,600,2021-09-20 13:31:00,CCOI
72.6801,72.98,72.6801,72.98,306,2021-09-20 13:34:00,CCOI
72.8,72.8,72.8,72.8,100,2021-09-20 13:35:00,CCOI
72.79,72.79,72.79,72.79,100,2021-09-20 13:41:00,CCOI
73.0,73.0,73.0,73.0,500,2021-09-20 13:43:00,CCOI
73.0,73.2,73.0,73.2,500,2021-09-20 13:45:00,CCOI
73.0,73.0,73.0,73.0,100,2021-09-20 13:49:00,CCOI
73.04,73.04,73.04,73.04,100,2021-09-20 13:50:00,CCOI
72.96,72.96,72.96,72.96,110,2021-09-20 13:52:00,CCOI
72.9111,72.9111,72.9111,72.9111,1000,2021-09-20 13:53:00,CCOI
72.85,72.85,72.85,72.85,100,2021-09-20 13:55:00,CCOI
72.93,72.93,72.93,72.93,236,2021-09-20 13:56:00,CCOI
72.78,72.78,72.78,72.78,100,2021-09-20 13:57:00,CCOI
72.89,72.89,72.89,72.89,100,2021-09-20 13:58:00,CCOI
72.84,72.84,72.82,72.82,300,2021-09-20 14:00:00,CCOI
72.37,72.37,72.37,72.37,100,2021-09-20 14:04:00,CCOI
72.28,72.29,72.28,72.29,200,2021-09-20 14:05:00,CCOI
72.3,72.3,72.0,72.08,440,2021-09-20 14:08:00,CCOI
72.04,72.04,72.01,72.025,700,2021-09-20 14:09:00,CCOI
71.95,71.95,71.69,71.75,1000,2021-09-20 14:19:00,CCOI
71.93,71.95,71.93,71.95,300,2021-09-20 14:25:00,CCOI
72.12,72.12,72.12,72.12,100,2021-09-20 14:27:00,CCOI
72.19,72.19,72.19,72.19,100,2021-09-20 14:28:00,CCOI
72.15,72.15,72.15,72.15,100,2021-09-20 14:30:00,CCOI
72.11,72.22,72.11,72.22,200,2021-09-20 14:31:00,CCOI
72.18,72.18,72.18,72.18,106,2021-09-20 14:32:00,CCOI
72.12,72.12,72.12,72.12,200,2021-09-20 14:33:00,CCOI
72.17,72.17,72.17,72.17,100,2021-09-20 14:34:00,CCOI
72.24,72.24,72.24,72.24,100,2021-09-20 14:35:00,CCOI
72.06,72.06,72.06,72.06,100,2021-09-20 14:39:00,CCOI
71.99,71.99,71.98,71.98,300,2021-09-20 14:41:00,CCOI
72.05,72.05,72.05,72.05,100,2021-09-20 14:43:00,CCOI
71.83,71.84,71.83,71.84,200,2021-09-20 14:45:00,CCOI
71.84,71.84,71.84,71.84,100,2021-09-20 14:46:00,CCOI
71.91,71.91,71.91,71.91,100,2021-09-20 14:47:00,CCOI
71.92,71.92,71.92,71.92,200,2021-09-20 14:50:00,CCOI
71.77,71.77,71.77,71.77,100,2021-09-20 14:56:00,CCOI
71.83,71.83,71.83,71.83,100,2021-09-20 14:58:00,CCOI
71.73,71.73,71.73,71.73,100,2021-09-20 14:59:00,CCOI
71.73,71.73,71.59,71.66,600,2021-09-20 15:00:00,CCOI
71.63,71.63,71.63,71.63,100,2021-09-20 15:01:00,CCOI
71.75,71.75,71.75,71.75,100,2021-09-20 15:03:00,CCOI
71.835,71.89,71.76,71.89,400,2021-09-20 15:04:00,CCOI
71.83,71.83,71.83,71.83,100,2021-09-20 15:05:00,CCOI
71.94,72.04,71.94,72.04,250,2021-09-20 15:07:00,CCOI
71.9712,72.06,71.9712,72.06,200,2021-09-20 15:09:00,CCOI
71.97,71.97,71.86,71.86,300,2021-09-20 15:11:00,CCOI
71.785,71.785,71.785,71.785,100,2021-09-20 15:16:00,CCOI
71.92,71.93,71.9,71.9,500,2021-09-20 15:21:00,CCOI
71.86,71.86,71.86,71.86,100,2021-09-20 15:22:00,CCOI
71.89,71.89,71.89,71.89,200,2021-09-20 15:24:00,CCOI
71.81,71.81,71.81,71.81,100,2021-09-20 15:25:00,CCOI
71.79,71.79,71.78,71.78,200,2021-09-20 15:26:00,CCOI
71.78,71.78,71.715,71.715,300,2021-09-20 15:28:00,CCOI
71.73,71.73,71.73,71.73,100,2021-09-20 15:29:00,CCOI
71.73,71.73,71.51,71.51,400,2021-09-20 15:31:00,CCOI
71.525,71.6,71.47,71.47,518,2021-09-20 15:32:00,CCOI
71.5632,71.5632,71.4,71.4,1052,2021-09-20 15:37:00,CCOI
71.37,71.42,71.3,71.3,900,2021-09-20 15:38:00,CCOI
71.3,71.38,71.3,71.33,500,2021-09-20 15:39:00,CCOI
71.33,71.33,71.33,71.33,446,2021-09-20 15:47:00,CCOI
71.36,71.45,71.35,71.44,800,2021-09-20 15:48:00,CCOI
71.45,71.45,71.45,71.45,200,2021-09-20 15:49:00,CCOI
71.49,71.49,71.49,71.49,100,2021-09-20 15:50:00,CCOI
71.56,71.68,71.56,71.68,431,2021-09-20 15:55:00,CCOI
71.615,71.615,71.6,71.6,300,2021-09-20 15:57:00,CCOI
71.6,71.66,71.6,71.66,300,2021-09-20 15:58:00,CCOI
71.59,71.59,71.59,71.59,100,2021-09-20 15:59:00,CCOI
71.6299,71.6299,71.6299,71.6299,100,2021-09-20 16:02:00,CCOI
71.53,71.53,71.53,71.53,100,2021-09-20 16:04:00,CCOI
71.45,71.485,71.42,71.485,500,2021-09-20 16:06:00,CCOI
71.42,71.43,71.42,71.43,200,2021-09-20 16:09:00,CCOI
71.46,71.46,71.46,71.46,100,2021-09-20 16:11:00,CCOI
71.5,71.5,71.5,71.5,100,2021-09-20 16:12:00,CCOI
71.54,71.54,71.54,71.54,100,2021-09-20 16:13:00,CCOI
71.59,71.59,71.59,71.59,100,2021-09-20 16:18:00,CCOI
71.56,71.56,71.5,71.5,300,2021-09-20 16:21:00,CCOI
71.55,71.57,71.44,71.44,600,2021-09-20 16:22:00,CCOI
71.46,71.46,71.46,71.46,100,2021-09-20 16:24:00,CCOI
71.56,71.56,71.56,71.56,100,2021-09-20 16:25:00,CCOI
71.5788,71.5788,71.5788,71.5788,183,2021-09-20 16:27:00,CCOI
71.58,71.58,71.58,71.58,100,2021-09-20 16:28:00,CCOI
71.5137,71.5137,71.5137,71.5137,320,2021-09-20 16:31:00,CCOI
71.6271,71.6271,71.6271,71.6271,132,2021-09-20 16:32:00,CCOI
71.58,71.58,71.58,71.58,100,2021-09-20 16:34:00,CCOI
71.64,71.64,71.64,71.64,132,2021-09-20 16:38:00,CCOI
71.65,71.67,71.65,71.67,300,2021-09-20 16:41:00,CCOI
71.665,71.665,71.665,71.665,200,2021-09-20 16:42:00,CCOI
71.59,71.59,71.57,71.57,200,2021-09-20 16:44:00,CCOI
71.575,71.575,71.53,71.53,200,2021-09-20 16:45:00,CCOI
71.59,71.59,71.59,71.59,123,2021-09-20 16:48:00,CCOI
71.6089,71.6089,71.6089,71.6089,205,2021-09-20 16:51:00,CCOI
71.57,71.58,71.54,71.58,400,2021-09-20 16:53:00,CCOI
71.555,71.555,71.555,71.555,177,2021-09-20 16:55:00,CCOI
71.58,71.58,71.58,71.58,200,2021-09-20 17:00:00,CCOI
71.53,71.53,71.53,71.53,200,2021-09-20 17:01:00,CCOI
71.445,71.445,71.445,71.445,100,2021-09-20 17:03:00,CCOI
71.4,71.4,71.36,71.36,416,2021-09-20 17:05:00,CCOI
71.38,71.47,71.38,71.47,300,2021-09-20 17:06:00,CCOI
71.36,71.36,71.36,71.36,200,2021-09-20 17:07:00,CCOI
71.33,71.34,71.33,71.34,200,2021-09-20 17:09:00,CCOI
71.41,71.41,71.41,71.41,100,2021-09-20 17:11:00,CCOI
71.326,71.326,71.326,71.326,284,2021-09-20 17:16:00,CCOI
71.39,71.39,71.39,71.39,100,2021-09-20 17:17:00,CCOI
71.37,71.38,71.35,71.38,300,2021-09-20 17:19:00,CCOI
71.33,71.33,71.33,71.33,100,2021-09-20 17:24:00,CCOI
71.37,71.37,71.37,71.37,100,2021-09-20 17:25:00,CCOI
71.36,71.36,71.34,71.34,300,2021-09-20 17:26:00,CCOI
71.345,71.345,71.345,71.345,100,2021-09-20 17:27:00,CCOI
71.36,71.36,71.36,71.36,100,2021-09-20 17:28:00,CCOI
71.4,71.42,71.4,71.42,400,2021-09-20 17:32:00,CCOI
71.425,71.46,71.425,71.46,200,2021-09-20 17:33:00,CCOI
71.535,71.535,71.535,71.535,100,2021-09-20 17:35:00,CCOI
71.5577,71.5577,71.5577,71.5577,260,2021-09-20 17:37:00,CCOI
71.55,71.55,71.55,71.55,100,2021-09-20 17:38:00,CCOI
71.66,71.66,71.6,71.6,400,2021-09-20 17:39:00,CCOI
71.66,71.72,71.66,71.72,200,2021-09-20 17:41:00,CCOI
71.67,71.67,71.67,71.67,100,2021-09-20 17:43:00,CCOI
71.58,71.58,71.58,71.58,100,2021-09-20 17:44:00,CCOI
71.64,71.67,71.64,71.67,200,2021-09-20 17:47:00,CCOI
71.76,71.83,71.76,71.83,400,2021-09-20 17:50:00,CCOI
71.815,71.815,71.815,71.815,200,2021-09-20 17:51:00,CCOI
71.86,71.86,71.86,71.86,100,2021-09-20 17:54:00,CCOI
71.85,71.86,71.85,71.86,200,2021-09-20 17:56:00,CCOI
71.86,71.86,71.825,71.825,200,2021-09-20 17:58:00,CCOI
71.85,71.91,71.85,71.91,400,2021-09-20 17:59:00,CCOI
71.99,71.99,71.935,71.935,300,2021-09-20 18:00:00,CCOI
72.04,72.085,72.04,72.085,400,2021-09-20 18:04:00,CCOI
72.04,72.04,72.04,72.04,200,2021-09-20 18:05:00,CCOI
71.975,71.975,71.975,71.975,200,2021-09-20 18:07:00,CCOI
71.98,71.98,71.95,71.95,200,2021-09-20 18:08:00,CCOI
71.895,71.895,71.895,71.895,100,2021-09-20 18:09:00,CCOI
71.82,71.85,71.82,71.85,200,2021-09-20 18:11:00,CCOI
71.77,71.77,71.77,71.77,300,2021-09-20 18:17:00,CCOI
71.745,71.83,71.745,71.83,200,2021-09-20 18:19:00,CCOI
71.7699,71.7699,71.71,71.71,432,2021-09-20 18:22:00,CCOI
71.69,71.69,71.68,71.68,200,2021-09-20 18:24:00,CCOI
71.61,71.61,71.61,71.61,100,2021-09-20 18:25:00,CCOI
71.54,71.54,71.53,71.53,200,2021-09-20 18:30:00,CCOI
71.49,71.495,71.49,71.49,300,2021-09-20 18:31:00,CCOI
71.47,71.47,71.47,71.47,100,2021-09-20 18:33:00,CCOI
71.49,71.545,71.46,71.46,800,2021-09-20 18:34:00,CCOI
71.46,71.46,71.46,71.46,100,2021-09-20 18:36:00,CCOI
71.41,71.41,71.41,71.41,100,2021-09-20 18:39:00,CCOI
71.495,71.495,71.495,71.495,100,2021-09-20 18:40:00,CCOI
71.42,71.42,71.42,71.42,100,2021-09-20 18:41:00,CCOI
71.43,71.43,71.43,71.43,100,2021-09-20 18:42:00,CCOI
71.43,71.43,71.43,71.43,100,2021-09-20 18:43:00,CCOI
71.45,71.45,71.38,71.38,300,2021-09-20 18:44:00,CCOI
71.48,71.48,71.48,71.48,100,2021-09-20 18:49:00,CCOI
71.465,71.465,71.465,71.465,150,2021-09-20 18:50:00,CCOI
71.41,71.41,71.41,71.41,100,2021-09-20 18:52:00,CCOI
71.46,71.46,71.46,71.46,200,2021-09-20 18:54:00,CCOI
71.535,71.65,71.535,71.57,700,2021-09-20 18:57:00,CCOI
71.55,71.55,71.55,71.55,100,2021-09-20 19:00:00,CCOI
71.46,71.46,71.46,71.46,100,2021-09-20 19:02:00,CCOI
71.52,71.52,71.52,71.52,100,2021-09-20 19:05:00,CCOI
71.415,71.42,71.41,71.41,697,2021-09-20 19:06:00,CCOI
71.46,71.46,71.46,71.46,100,2021-09-20 19:07:00,CCOI
71.44,71.44,71.44,71.44,100,2021-09-20 19:08:00,CCOI
71.435,71.435,71.435,71.435,100,2021-09-20 19:12:00,CCOI
71.435,71.435,71.38,71.38,503,2021-09-20 19:13:00,CCOI
71.36,71.36,71.325,71.325,344,2021-09-20 19:14:00,CCOI
71.285,71.285,71.285,71.285,100,2021-09-20 19:19:00,CCOI
71.36,71.36,71.33,71.33,200,2021-09-20 19:20:00,CCOI
71.36,71.36,71.36,71.36,100,2021-09-20 19:25:00,CCOI
71.45,71.45,71.42,71.425,400,2021-09-20 19:27:00,CCOI
71.415,71.415,71.415,71.415,100,2021-09-20 19:28:00,CCOI
71.4,71.4,71.35,71.35,300,2021-09-20 19:30:00,CCOI
71.5,71.5,71.46,71.46,200,2021-09-20 19:32:00,CCOI
71.52,71.52,71.52,71.52,100,2021-09-20 19:34:00,CCOI
71.545,71.59,71.545,71.59,500,2021-09-20 19:36:00,CCOI
71.665,71.665,71.665,71.665,100,2021-09-20 19:37:00,CCOI
71.64,71.64,71.575,71.575,700,2021-09-20 19:38:00,CCOI
71.54,71.6,71.54,71.57,450,2021-09-20 19:39:00,CCOI
71.61,71.64,71.61,71.64,300,2021-09-20 19:40:00,CCOI
71.71,71.78,71.71,71.78,400,2021-09-20 19:42:00,CCOI
71.83,71.83,71.83,71.83,100,2021-09-20 19:43:00,CCOI
71.81,71.82,71.77,71.77,1910,2021-09-20 19:44:00,CCOI
71.79,71.79,71.79,71.79,100,2021-09-20 19:46:00,CCOI
71.82,71.87,71.82,71.87,400,2021-09-20 19:47:00,CCOI
71.89,71.9189,71.86,71.86,1060,2021-09-20 19:48:00,CCOI
71.88,71.88,71.8,71.81,300,2021-09-20 19:49:00,CCOI
71.81,71.81,71.79,71.79,200,2021-09-20 19:50:00,CCOI
71.89,71.89,71.89,71.89,100,2021-09-20 19:51:00,CCOI
71.9,71.9,71.84,71.84,600,2021-09-20 19:52:00,CCOI
71.8,71.81,71.76,71.76,701,2021-09-20 19:54:00,CCOI
71.72,71.9,71.72,71.9,1190,2021-09-20 19:55:00,CCOI
71.89,72.01,71.89,71.94,2730,2021-09-20 19:57:00,CCOI
71.99,72.01,71.95,72.01,1565,2021-09-20 19:58:00,CCOI
71.99,72.1,71.99,72.1,2002,2021-09-20 19:59:00,CCOI
71.98,71.98,71.98,71.98,32955,2021-09-20 20:00:00,CCOI
71.98,71.98,71.98,71.98,513,2021-09-20 20:01:00,CCOI
71.98,71.98,71.98,71.98,16253,2021-09-20 20:09:00,CCOI
72.28,72.28,72.28,72.28,2032,2021-09-21 13:30:00,CCOI
72.07,72.07,72.07,72.07,100,2021-09-21 13:39:00,CCOI
72.0,72.0,72.0,72.0,100,2021-09-21 13:40:00,CCOI
72.33,72.36,72.33,72.36,896,2021-09-21 13:44:00,CCOI
72.67,72.67,72.67,72.67,100,2021-09-21 13:51:00,CCOI
72.645,72.645,72.645,72.645,100,2021-09-21 13:57:00,CCOI
72.65,72.74,72.55,72.55,300,2021-09-21 13:58:00,CCOI
72.75,72.75,72.75,72.75,100,2021-09-21 13:59:00,CCOI
72.8199,72.8199,72.8199,72.8199,100,2021-09-21 14:01:00,CCOI
72.63,72.63,72.42,72.42,411,2021-09-21 14:03:00,CCOI
72.61,72.61,72.61,72.61,100,2021-09-21 14:15:00,CCOI
72.32,72.475,72.32,72.47,300,2021-09-21 14:20:00,CCOI
72.355,72.355,72.19,72.19,488,2021-09-21 14:28:00,CCOI
72.27,72.27,72.27,72.27,100,2021-09-21 14:29:00,CCOI
72.14,72.14,72.14,72.14,100,2021-09-21 14:35:00,CCOI
72.175,72.2,72.08,72.14,900,2021-09-21 14:37:00,CCOI
72.15,72.15,72.13,72.13,200,2021-09-21 14:38:00,CCOI
72.15,72.15,72.15,72.15,100,2021-09-21 14:39:00,CCOI
72.06,72.06,72.06,72.06,100,2021-09-21 14:40:00,CCOI
72.07,72.07,72.07,72.07,100,2021-09-21 14:45:00,CCOI
72.09,72.125,72.06,72.125,740,2021-09-21 14:47:00,CCOI
72.04,72.105,71.97,71.97,900,2021-09-21 14:49:00,CCOI
71.93,72.0,71.93,72.0,300,2021-09-21 14:51:00,CCOI
71.98,71.98,71.98,71.98,100,2021-09-21 14:52:00,CCOI
71.99,72.0,71.99,72.0,200,2021-09-21 14:54:00,CCOI
72.01,72.025,72.01,72.025,300,2021-09-21 14:59:00,CCOI
71.96,71.96,71.775,71.775,705,2021-09-21 15:02:00,CCOI
71.88,71.91,71.75,71.75,2000,2021-09-21 15:03:00,CCOI
71.67,71.79,71.67,71.79,300,2021-09-21 15:04:00,CCOI
71.785,71.805,71.78,71.78,3200,2021-09-21 15:05:00,CCOI
71.79,71.805,71.77,71.805,400,2021-09-21 15:07:00,CCOI
71.8,71.82,71.69,71.76,700,2021-09-21 15:09:00,CCOI
71.69,71.84,71.69,71.83,1700,2021-09-21 15:10:00,CCOI
71.73,71.88,71.73,71.88,1200,2021-09-21 15:11:00,CCOI
71.83,72.03,71.8,72.005,3800,2021-09-21 15:12:00,CCOI
72.005,72.005,71.95,71.95,1300,2021-09-21 15:13:00,CCOI
72.0,72.025,72.0,72.025,500,2021-09-21 15:14:00,CCOI
72.14,72.14,72.04,72.04,200,2021-09-21 15:15:00,CCOI
72.06,72.06,72.01,72.01,2414,2021-09-21 15:16:00,CCOI
71.91,71.91,71.88,71.88,300,2021-09-21 15:17:00,CCOI
71.98,72.02,71.98,72.02,400,2021-09-21 15:18:00,CCOI
72.09,72.09,72.04,72.04,300,2021-09-21 15:23:00,CCOI
71.8,71.9,71.8,71.9,400,2021-09-21 15:29:00,CCOI
72.0,72.01,71.955,71.955,516,2021-09-21 15:30:00,CCOI
72.01,72.03,72.01,72.03,512,2021-09-21 15:33:00,CCOI
71.98,71.98,71.98,71.98,200,2021-09-21 15:38:00,CCOI
72.03,72.03,72.03,72.03,200,2021-09-21 15:48:00,CCOI
72.03,72.03,72.03,72.03,100,2021-09-21 15:49:00,CCOI
72.0,72.0,72.0,72.0,100,2021-09-21 15:50:00,CCOI
72.04,72.05,72.01,72.05,300,2021-09-21 15:52:00,CCOI
72.01,72.01,72.0,72.0,300,2021-09-21 15:53:00,CCOI
71.92,71.92,71.91,71.91,200,2021-09-21 15:59:00,CCOI
72.03,72.03,72.03,72.03,100,2021-09-21 16:01:00,CCOI
72.03,72.1,72.03,72.1,300,2021-09-21 16:03:00,CCOI
72.08,72.16,72.08,72.16,300,2021-09-21 16:06:00,CCOI
72.25,72.25,72.07,72.07,244,2021-09-21 16:08:00,CCOI
72.155,72.155,72.155,72.155,100,2021-09-21 16:09:00,CCOI
72.145,72.145,72.145,72.145,200,2021-09-21 16:13:00,CCOI
72.12,72.125,72.045,72.045,766,2021-09-21 16:18:00,CCOI
71.99,72.05,71.95,72.05,1500,2021-09-21 16:19:00,CCOI
72.01,72.01,72.01,72.01,100,2021-09-21 16:20:00,CCOI
71.955,71.955,71.955,71.955,100,2021-09-21 16:24:00,CCOI
71.95,71.95,71.95,71.95,100,2021-09-21 16:25:00,CCOI
71.8801,71.8801,71.8801,71.8801,300,2021-09-21 16:31:00,CCOI
71.89,71.89,71.885,71.885,300,2021-09-21 16:33:00,CCOI
71.86,71.86,71.82,71.82,400,2021-09-21 16:44:00,CCOI
71.775,71.775,71.775,71.775,100,2021-09-21 16:45:00,CCOI
71.77,71.78,71.745,71.775,714,2021-09-21 16:49:00,CCOI
71.75,71.775,71.75,71.76,300,2021-09-21 16:50:00,CCOI
71.71,71.745,71.7,71.745,300,2021-09-21 16:51:00,CCOI
71.69,71.695,71.69,71.695,200,2021-09-21 16:52:00,CCOI
71.56,71.56,71.56,71.56,200,2021-09-21 16:54:00,CCOI
71.64,71.64,71.64,71.64,100,2021-09-21 16:55:00,CCOI
71.71,71.75,71.71,71.75,400,2021-09-21 16:56:00,CCOI
71.79,71.79,71.79,71.79,100,2021-09-21 16:59:00,CCOI
71.78,71.78,71.78,71.78,100,2021-09-21 17:09:00,CCOI
71.7,71.7,71.7,71.7,325,2021-09-21 17:12:00,CCOI
71.65,71.65,71.65,71.65,100,2021-09-21 17:14:00,CCOI
71.73,71.73,71.73,71.73,400,2021-09-21 17:19:00,CCOI
71.7,71.7,71.7,71.7,200,2021-09-21 17:21:00,CCOI
71.64,71.64,71.64,71.64,100,2021-09-21 17:23:00,CCOI
71.63,71.63,71.63,71.63,100,2021-09-21 17:24:00,CCOI
71.55,71.55,71.55,71.55,387,2021-09-21 17:25:00,CCOI
71.56,71.56,71.5399,71.5399,676,2021-09-21 17:30:00,CCOI
71.57,71.58,71.57,71.58,300,2021-09-21 17:31:00,CCOI
71.53,71.53,71.53,71.53,100,2021-09-21 17:38:00,CCOI
71.59,71.59,71.59,71.59,100,2021-09-21 17:39:00,CCOI
71.6,71.6,71.53,71.53,200,2021-09-21 17:40:00,CCOI
71.545,71.545,71.545,71.545,100,2021-09-21 17:42:00,CCOI
71.57,71.57,71.57,71.57,100,2021-09-21 17:43:00,CCOI
71.54,71.54,71.54,71.54,100,2021-09-21 17:49:00,CCOI
71.575,71.575,71.53,71.53,300,2021-09-21 17:52:00,CCOI
71.52,71.52,71.47,71.47,300,2021-09-21 17:53:00,CCOI
71.45,71.45,71.385,71.425,700,2021-09-21 17:54:00,CCOI
71.3617,71.3617,71.3617,71.3617,800,2021-09-21 17:56:00,CCOI
71.39,71.39,71.38,71.38,300,2021-09-21 17:57:00,CCOI
71.53,71.53,71.53,71.53,100,2021-09-21 18:00:00,CCOI
71.485,71.485,71.485,71.485,188,2021-09-21 18:04:00,CCOI
71.485,71.485,71.485,71.485,100,2021-09-21 18:06:00,CCOI
71.54,71.54,71.495,71.495,524,2021-09-21 18:10:00,CCOI
71.515,71.515,71.515,71.515,100,2021-09-21 18:11:00,CCOI
71.5,71.5,71.5,71.5,100,2021-09-21 18:12:00,CCOI
71.45,71.45,71.43,71.43,390,2021-09-21 18:15:00,CCOI
71.4052,71.4052,71.4,71.4,600,2021-09-21 18:19:00,CCOI
71.38,71.38,71.38,71.38,200,2021-09-21 18:20:00,CCOI
71.3924,71.4496,71.3924,71.415,321,2021-09-21 18:21:00,CCOI
71.385,71.395,71.385,71.395,400,2021-09-21 18:22:00,CCOI
71.36,71.36,71.35,71.35,300,2021-09-21 18:23:00,CCOI
71.4184,71.4184,71.4184,71.4184,104,2021-09-21 18:24:00,CCOI
71.2907,71.2907,71.2907,71.2907,200,2021-09-21 18:26:00,CCOI
71.2701,71.2701,71.27,71.27,1089,2021-09-21 18:27:00,CCOI
71.265,71.265,71.265,71.265,100,2021-09-21 18:28:00,CCOI
71.275,71.275,71.23,71.23,200,2021-09-21 18:29:00,CCOI
71.28,71.28,71.28,71.28,600,2021-09-21 18:30:00,CCOI
71.32,71.32,71.29,71.3,504,2021-09-21 18:31:00,CCOI
71.29,71.29,71.29,71.29,200,2021-09-21 18:33:00,CCOI
71.305,71.305,71.305,71.305,100,2021-09-21 18:35:00,CCOI
71.315,71.35,71.315,71.35,200,2021-09-21 18:36:00,CCOI
71.28,71.29,71.23,71.23,700,2021-09-21 18:38:00,CCOI
71.27,71.295,71.26,71.295,400,2021-09-21 18:40:00,CCOI
71.25,71.25,71.25,71.25,100,2021-09-21 18:41:00,CCOI
71.24,71.24,71.23,71.23,300,2021-09-21 18:42:00,CCOI
71.21,71.21,71.21,71.21,300,2021-09-21 18:43:00,CCOI
71.19,71.19,71.1,71.13,500,2021-09-21 18:44:00,CCOI
71.13,71.13,71.03,71.07,1300,2021-09-21 18:45:00,CCOI
71.15,71.15,71.115,71.115,300,2021-09-21 18:46:00,CCOI
71.105,71.105,71.105,71.105,100,2021-09-21 18:47:00,CCOI
71.09,71.09,71.09,71.09,100,2021-09-21 18:48:00,CCOI
71.09,71.09,71.05,71.05,400,2021-09-21 18:49:00,CCOI
71.06,71.18,71.06,71.18,3122,2021-09-21 18:50:00,CCOI
71.18,71.255,71.16,71.255,729,2021-09-21 18:51:00,CCOI
71.28,71.29,71.23,71.23,700,2021-09-21 18:57:00,CCOI
71.27,71.27,71.19,71.19,1000,2021-09-21 18:58:00,CCOI
71.13,71.13,71.13,71.13,100,2021-09-21 18:59:00,CCOI
71.165,71.22,71.165,71.18,300,2021-09-21 19:00:00,CCOI
71.18,71.18,71.13,71.13,320,2021-09-21 19:01:00,CCOI
71.17,71.22,71.13,71.13,1053,2021-09-21 19:02:00,CCOI
71.175,71.28,71.15,71.28,2300,2021-09-21 19:03:00,CCOI
71.335,71.335,71.335,71.335,100,2021-09-21 19:04:00,CCOI
71.355,71.355,71.355,71.355,100,2021-09-21 19:05:00,CCOI
71.33,71.33,71.33,71.33,100,2021-09-21 19:07:00,CCOI
71.37,71.37,71.37,71.37,397,2021-09-21 19:10:00,CCOI
71.32,71.32,71.3,71.3,700,2021-09-21 19:11:00,CCOI
71.25,71.25,71.25,71.25,100,2021-09-21 19:12:00,CCOI
71.33,71.33,71.3,71.3,300,2021-09-21 19:13:00,CCOI
71.27,71.3,71.2,71.2,1400,2021-09-21 19:14:00,CCOI
71.29,71.29,71.28,71.29,600,2021-09-21 19:15:00,CCOI
71.23,71.23,71.23,71.23,100,2021-09-21 19:17:00,CCOI
71.23,71.23,71.23,71.23,100,2021-09-21 19:18:00,CCOI
71.17,71.18,71.17,71.18,300,2021-09-21 19:19:00,CCOI
71.175,71.21,71.175,71.21,1500,2021-09-21 19:20:00,CCOI
71.29,71.29,71.29,71.29,100,2021-09-21 19:21:00,CCOI
71.32,71.32,71.32,71.32,100,2021-09-21 19:22:00,CCOI
71.33,71.36,71.33,71.36,300,2021-09-21 19:24:00,CCOI
71.315,71.315,71.315,71.315,100,2021-09-21 19:25:00,CCOI
71.29,71.3,71.27,71.3,1108,2021-09-21 19:26:00,CCOI
71.25,71.25,71.21,71.225,500,2021-09-21 19:27:00,CCOI
71.225,71.225,71.225,71.225,200,2021-09-21 19:28:00,CCOI
71.225,71.225,71.135,71.135,620,2021-09-21 19:29:00,CCOI
71.155,71.19,71.155,71.19,700,2021-09-21 19:30:00,CCOI
71.16,71.165,71.16,71.165,200,2021-09-21 19:32:00,CCOI
71.13,71.13,71.13,71.13,468,2021-09-21 19:33:00,CCOI
71.145,71.145,71.145,71.145,100,2021-09-21 19:34:00,CCOI
71.15,71.155,71.05,71.05,1200,2021-09-21 19:35:00,CCOI
71.04,71.07,71.04,71.07,500,2021-09-21 19:36:00,CCOI
71.08,71.08,71.07,71.075,522,2021-09-21 19:37:00,CCOI
71.08,71.11,71.05,71.065,1031,2021-09-21 19:38:00,CCOI
71.065,71.08,71.02,71.02,900,2021-09-21 19:39:00,CCOI
70.99,70.99,70.99,70.99,100,2021-09-21 19:40:00,CCOI
71.03,71.03,71.0,71.0,300,2021-09-21 19:41:00,CCOI
71.13,71.13,71.1,71.1,300,2021-09-21 19:42:00,CCOI
71.23,71.23,71.23,71.23,100,2021-09-21 19:44:00,CCOI
71.222,71.222,71.11,71.11,742,2021-09-21 19:45:00,CCOI
71.08,71.09,71.08,71.09,200,2021-09-21 19:50:00,CCOI
71.08,71.08,71.04,71.04,452,2021-09-21 19:52:00,CCOI
71.06,71.08,71.06,71.08,200,2021-09-21 19:53:00,CCOI
71.16,71.16,71.05,71.05,400,2021-09-21 19:54:00,CCOI
71.03,71.17,71.02,71.17,2375,2021-09-21 19:55:00,CCOI
71.11,71.14,71.07,71.11,508,2021-09-21 19:56:00,CCOI
71.06,71.09,71.06,71.09,1400,2021-09-21 19:57:00,CCOI
71.06,71.1,71.05,71.1,600,2021-09-21 19:58:00,CCOI
71.08,71.08,70.85,70.85,1400,2021-09-21 19:59:00,CCOI
71.02,71.02,71.02,71.02,19632,2021-09-21 20:00:00,CCOI
71.02,71.02,71.02,71.02,691,2021-09-21 20:01:00,CCOI
71.02,71.02,71.02,71.02,11479,2021-09-21 21:20:00,CCOI
71.16,71.16,71.16,71.16,1830,2021-09-22 13:30:00,CCOI
72.1,72.1,72.1,72.1,100,2021-09-22 13:33:00,CCOI
72.095,72.095,72.095,72.095,100,2021-09-22 13:35:00,CCOI
72.7223,72.7223,70.81,70.81,1869,2021-09-22 13:39:00,CCOI
70.86,71.16,70.86,71.16,300,2021-09-22 13:40:00,CCOI
71.26,71.26,71.26,71.26,100,2021-09-22 13:41:00,CCOI
71.26,71.26,71.23,71.23,200,2021-09-22 13:46:00,CCOI
71.115,71.115,71.115,71.115,200,2021-09-22 13:47:00,CCOI
71.11,71.25,71.11,71.165,800,2021-09-22 13:48:00,CCOI
71.21,71.21,71.21,71.21,100,2021-09-22 13:50:00,CCOI
71.225,71.225,71.225,71.225,100,2021-09-22 13:52:00,CCOI
71.22,71.22,71.03,71.05,400,2021-09-22 13:53:00,CCOI
70.981,70.981,70.98,70.98,1157,2021-09-22 13:57:00,CCOI
71.11,71.28,71.11,71.28,400,2021-09-22 13:58:00,CCOI
71.32,71.32,71.22,71.22,200,2021-09-22 13:59:00,CCOI
71.27,71.27,71.24,71.24,200,2021-09-22 14:02:00,CCOI
71.33,71.33,71.33,71.33,100,2021-09-22 14:03:00,CCOI
71.465,71.465,71.465,71.465,100,2021-09-22 14:04:00,CCOI
71.46,71.46,71.46,71.46,100,2021-09-22 14:05:00,CCOI
71.355,71.355,71.25,71.3,616,2021-09-22 14:06:00,CCOI
71.21,71.21,71.21,71.21,100,2021-09-22 14:07:00,CCOI
71.31,71.31,71.31,71.31,100,2021-09-22 14:08:00,CCOI
71.1363,71.1363,71.1363,71.1363,102,2021-09-22 14:11:00,CCOI
71.21,71.21,71.21,71.21,100,2021-09-22 14:13:00,CCOI
71.27,71.27,71.27,71.27,100,2021-09-22 14:16:00,CCOI
71.13,71.18,71.13,71.18,500,2021-09-22 14:20:00,CCOI
71.215,71.215,71.215,71.215,100,2021-09-22 14:21:00,CCOI
71.275,71.53,71.275,71.51,1200,2021-09-22 14:22:00,CCOI
71.52,71.64,71.52,71.64,400,2021-09-22 14:23:00,CCOI
71.68,71.68,71.68,71.68,100,2021-09-22 14:31:00,CCOI
71.72,71.72,71.72,71.72,100,2021-09-22 14:35:00,CCOI
71.75,71.75,71.75,71.75,100,2021-09-22 14:37:00,CCOI
71.645,71.645,71.645,71.645,130,2021-09-22 14:38:00,CCOI
71.61,71.61,71.46,71.49,500,2021-09-22 14:42:00,CCOI
71.42,71.42,71.42,71.42,100,2021-09-22 14:44:00,CCOI
71.33,71.33,71.33,71.33,100,2021-09-22 14:45:00,CCOI
71.4,71.4,71.4,71.4,200,2021-09-22 14:46:00,CCOI
71.48,71.76,71.41,71.76,1925,2021-09-22 14:49:00,CCOI
71.75,71.75,71.75,71.75,200,2021-09-22 14:50:00,CCOI
71.8,71.8,71.8,71.8,1051,2021-09-22 14:52:00,CCOI
71.88,71.88,71.88,71.88,100,2021-09-22 14:54:00,CCOI
71.9,71.9,71.9,71.9,100,2021-09-22 14:56:00,CCOI
71.875,71.88,71.875,71.88,202,2021-09-22 14:57:00,CCOI
71.96,71.96,71.96,71.96,300,2021-09-22 14:58:00,CCOI
71.915,71.98,71.915,71.915,300,2021-09-22 14:59:00,CCOI
71.9,71.9,71.9,71.9,200,2021-09-22 15:00:00,CCOI
71.9,71.9,71.9,71.9,318,2021-09-22 15:02:00,CCOI
71.85,71.85,71.85,71.85,100,2021-09-22 15:03:00,CCOI
71.93,71.94,71.93,71.94,200,2021-09-22 15:05:00,CCOI
71.92,71.92,71.92,71.92,116,2021-09-22 15:07:00,CCOI
72.0,72.01,72.0,72.01,400,2021-09-22 15:12:00,CCOI
72.16,72.16,72.16,72.16,200,2021-09-22 15:13:00,CCOI
72.17,72.23,72.17,72.23,643,2021-09-22 15:15:00,CCOI
72.19,72.19,72.08,72.08,300,2021-09-22 15:16:00,CCOI
72.09,72.09,72.09,72.09,100,2021-09-22 15:17:00,CCOI
72.155,72.155,72.08,72.08,300,2021-09-22 15:20:00,CCOI
71.995,71.995,71.99,71.99,200,2021-09-22 15:23:00,CCOI
71.93,71.93,71.93,71.93,100,2021-09-22 15:25:00,CCOI
72.05,72.05,72.05,72.05,100,2021-09-22 15:28:00,CCOI
72.06,72.23,72.06,72.23,1148,2021-09-22 15:30:00,CCOI
72.15,72.15,72.15,72.15,300,2021-09-22 15:33:00,CCOI
72.15,72.15,72.15,72.15,100,2021-09-22 15:37:00,CCOI
72.08,72.08,72.06,72.06,200,2021-09-22 15:38:00,CCOI
72.03,72.03,72.03,72.03,100,2021-09-22 15:43:00,CCOI
71.97,71.97,71.97,71.97,100,2021-09-22 15:45:00,CCOI
72.03,72.03,72.03,72.03,300,2021-09-22 15:50:00,CCOI
71.9,71.9,71.9,71.9,100,2021-09-22 16:03:00,CCOI
71.935,71.935,71.9,71.9,1006,2021-09-22 16:04:00,CCOI
71.85,71.85,71.85,71.85,100,2021-09-22 16:07:00,CCOI
71.88,71.88,71.88,71.88,393,2021-09-22 16:10:00,CCOI
71.82,71.82,71.82,71.82,100,2021-09-22 16:14:00,CCOI
71.81,71.81,71.81,71.81,100,2021-09-22 16:19:00,CCOI
71.87,71.895,71.87,71.895,500,2021-09-22 16:22:00,CCOI
71.83,71.83,71.83,71.83,200,2021-09-22 16:24:00,CCOI
71.8,71.8,71.8,71.8,100,2021-09-22 16:25:00,CCOI
71.93,71.93,71.93,71.93,100,2021-09-22 16:41:00,CCOI
71.72,71.72,71.71,71.71,200,2021-09-22 16:44:00,CCOI
71.6901,71.6901,71.6901,71.6901,136,2021-09-22 16:48:00,CCOI
71.69,71.69,71.69,71.69,100,2021-09-22 16:52:00,CCOI
71.68,71.77,71.68,71.77,600,2021-09-22 16:56:00,CCOI
71.77,71.78,71.77,71.78,200,2021-09-22 17:00:00,CCOI
71.78,71.78,71.78,71.78,100,2021-09-22 17:01:00,CCOI
71.79,71.79,71.79,71.79,100,2021-09-22 17:07:00,CCOI
71.73,71.73,71.73,71.73,100,2021-09-22 17:08:00,CCOI
71.63,71.63,71.63,71.63,100,2021-09-22 17:11:00,CCOI
71.58,71.58,71.58,71.58,100,2021-09-22 17:17:00,CCOI
71.53,71.53,71.53,71.53,100,2021-09-22 17:20:00,CCOI
71.58,71.59,71.58,71.59,200,2021-09-22 17:21:00,CCOI
71.68,71.68,71.68,71.68,100,2021-09-22 17:25:00,CCOI
71.61,71.61,71.61,71.61,200,2021-09-22 17:26:00,CCOI
71.6,71.655,71.6,71.655,500,2021-09-22 17:28:00,CCOI
71.69,71.7,71.69,71.7,300,2021-09-22 17:31:00,CCOI
71.74,71.74,71.74,71.74,100,2021-09-22 17:35:00,CCOI
71.67,71.67,71.67,71.67,100,2021-09-22 17:38:00,CCOI
71.74,71.75,71.74,71.75,200,2021-09-22 17:41:00,CCOI
71.76,71.77,71.76,71.77,200,2021-09-22 17:43:00,CCOI
71.77,71.77,71.77,71.77,371,2021-09-22 17:44:00,CCOI
71.69,71.69,71.69,71.69,100,2021-09-22 17:51:00,CCOI
71.68,71.68,71.68,71.68,100,2021-09-22 17:54:00,CCOI
71.7499,71.7499,71.7499,71.7499,128,2021-09-22 17:56:00,CCOI
71.75,71.79,71.75,71.79,200,2021-09-22 18:00:00,CCOI
71.72,71.81,71.72,71.81,200,2021-09-22 18:03:00,CCOI
71.685,71.685,71.685,71.685,100,2021-09-22 18:11:00,CCOI
71.68,71.68,71.68,71.68,100,2021-09-22 18:13:00,CCOI
71.83,71.83,71.82,71.83,400,2021-09-22 18:14:00,CCOI
72.06,72.06,72.06,72.06,100,2021-09-22 18:17:00,CCOI
71.86,71.86,71.84,71.84,400,2021-09-22 18:20:00,CCOI
71.88,71.88,71.88,71.88,100,2021-09-22 18:25:00,CCOI
71.9,72.0,71.9,72.0,300,2021-09-22 18:26:00,CCOI
72.03,72.05,72.03,72.05,300,2021-09-22 18:33:00,CCOI
72.02,72.02,71.97,71.98,700,2021-09-22 18:35:00,CCOI
71.93,71.93,71.93,71.93,127,2021-09-22 18:36:00,CCOI
71.85,71.85,71.843,71.843,428,2021-09-22 18:39:00,CCOI
71.71,71.71,71.58,71.58,414,2021-09-22 18:41:00,CCOI
71.69,71.69,71.69,71.69,200,2021-09-22 18:42:00,CCOI
71.775,71.775,71.775,71.775,100,2021-09-22 18:43:00,CCOI
71.79,71.795,71.79,71.795,200,2021-09-22 18:44:00,CCOI
71.81,71.87,71.81,71.87,200,2021-09-22 18:46:00,CCOI
71.9,71.9,71.9,71.9,100,2021-09-22 18:56:00,CCOI
71.85,71.85,71.85,71.85,200,2021-09-22 18:58:00,CCOI
71.83,71.83,71.83,71.83,100,2021-09-22 19:00:00,CCOI
71.93,72.0132,71.93,72.0132,216,2021-09-22 19:07:00,CCOI
71.98,71.98,71.98,71.98,100,2021-09-22 19:10:00,CCOI
72.0,72.0,72.0,72.0,100,2021-09-22 19:17:00,CCOI
71.96,72.04,71.96,72.04,300,2021-09-22 19:19:00,CCOI
71.97,71.97,71.97,71.97,100,2021-09-22 19:21:00,CCOI
72.0,72.0,71.93,71.93,400,2021-09-22 19:25:00,CCOI
71.975,71.975,71.975,71.975,100,2021-09-22 19:26:00,CCOI
71.97,71.99,71.97,71.99,300,2021-09-22 19:27:00,CCOI
71.89,71.89,71.855,71.855,200,2021-09-22 19:33:00,CCOI
71.85,71.86,71.78,71.78,800,2021-09-22 19:34:00,CCOI
71.76,71.76,71.75,71.75,300,2021-09-22 19:35:00,CCOI
71.76,71.78,71.76,71.78,200,2021-09-22 19:36:00,CCOI
71.75,71.75,71.75,71.75,100,2021-09-22 19:37:00,CCOI
71.78,71.8,71.78,71.8,300,2021-09-22 19:38:00,CCOI
71.85,71.9,71.85,71.86,500,2021-09-22 19:39:00,CCOI
71.86,71.86,71.82,71.82,400,2021-09-22 19:42:00,CCOI
71.86,71.9,71.86,71.9,200,2021-09-22 19:44:00,CCOI
71.89,71.91,71.89,71.9,524,2021-09-22 19:46:00,CCOI
71.83,71.83,71.83,71.83,200,2021-09-22 19:47:00,CCOI
71.78,71.78,71.78,71.78,406,2021-09-22 19:48:00,CCOI
71.76,71.76,71.76,71.76,100,2021-09-22 19:49:00,CCOI
71.7,71.7,71.6759,71.6759,301,2021-09-22 19:50:00,CCOI
71.61,71.61,71.61,71.61,100,2021-09-22 19:51:00,CCOI
71.62,71.69,71.62,71.69,907,2021-09-22 19:52:00,CCOI
71.71,71.77,71.71,71.77,308,2021-09-22 19:53:00,CCOI
71.67,71.67,71.67,71.67,200,2021-09-22 19:54:00,CCOI
71.6201,71.72,71.6201,71.72,1304,2021-09-22 19:55:00,CCOI
71.68,71.68,71.68,71.68,175,2021-09-22 19:56:00,CCOI
71.64,71.69,71.63,71.6675,1300,2021-09-22 19:57:00,CCOI
71.67,71.67,71.62,71.62,1041,2021-09-22 19:58:00,CCOI
71.66,71.8,71.66,71.8,2933,2021-09-22 19:59:00,CCOI
71.7,71.7,71.7,71.7,24816,2021-09-22 20:00:00,CCOI
71.7,71.7,71.7,71.7,536,2021-09-22 20:01:00,CCOI
72.27,72.27,72.27,72.27,2128,2021-09-23 13:30:00,CCOI
72.1201,72.1201,72.1201,72.1201,100,2021-09-23 13:40:00,CCOI
71.96,71.98,71.95,71.95,2311,2021-09-23 13:43:00,CCOI
72.23,72.23,72.23,72.23,100,2021-09-23 13:50:00,CCOI
72.3,72.3,72.3,72.3,300,2021-09-23 14:00:00,CCOI
72.23,72.23,72.23,72.23,100,2021-09-23 14:01:00,CCOI
72.23,72.23,72.23,72.23,100,2021-09-23 14:02:00,CCOI
72.23,72.23,72.17,72.17,300,2021-09-23 14:03:00,CCOI
72.17,72.17,72.1,72.1,700,2021-09-23 14:04:00,CCOI
71.99,71.99,71.99,71.99,500,2021-09-23 14:05:00,CCOI
71.78,71.78,71.78,71.78,100,2021-09-23 14:11:00,CCOI
71.77,71.77,71.62,71.62,200,2021-09-23 14:19:00,CCOI
71.7,71.7,71.7,71.7,100,2021-09-23 14:20:00,CCOI
71.635,71.635,71.635,71.635,100,2021-09-23 14:23:00,CCOI
71.7,71.84,71.7,71.84,666,2021-09-23 14:26:00,CCOI
71.87,71.87,71.83,71.83,200,2021-09-23 14:32:00,CCOI
71.83,71.83,71.83,71.83,100,2021-09-23 14:36:00,CCOI
71.8,71.8,71.64,71.64,860,2021-09-23 14:37:00,CCOI
71.63,71.79,71.63,71.79,200,2021-09-23 14:38:00,CCOI
71.7,71.7,71.7,71.7,455,2021-09-23 14:39:00,CCOI
71.62,71.62,71.54,71.57,600,2021-09-23 14:41:00,CCOI
71.58,71.64,71.58,71.64,200,2021-09-23 14:44:00,CCOI
71.65,71.65,71.58,71.58,200,2021-09-23 14:48:00,CCOI
71.63,71.63,71.6,71.6,200,2021-09-23 14:49:00,CCOI
71.605,71.605,71.605,71.605,325,2021-09-23 14:50:00,CCOI
71.65,71.68,71.65,71.68,300,2021-09-23 14:51:00,CCOI
71.75,71.75,71.74,71.74,200,2021-09-23 14:59:00,CCOI
71.65,71.71,71.65,71.71,300,2021-09-23 15:02:00,CCOI
71.753,71.753,71.753,71.753,125,2021-09-23 15:05:00,CCOI
71.77,71.86,71.77,71.86,500,2021-09-23 15:10:00,CCOI
71.96,71.96,71.96,71.96,100,2021-09-23 15:21:00,CCOI
71.96,72.05,71.96,72.05,433,2021-09-23 15:22:00,CCOI
72.02,72.02,72.02,72.02,200,2021-09-23 15:24:00,CCOI
72.07,72.08,72.07,72.08,200,2021-09-23 15:25:00,CCOI
72.15,72.15,72.15,72.15,100,2021-09-23 15:35:00,CCOI
72.19,72.19,72.19,72.19,200,2021-09-23 15:36:00,CCOI
72.21,72.21,72.175,72.175,500,2021-09-23 15:42:00,CCOI
72.2,72.2,72.12,72.12,200,2021-09-23 15:46:00,CCOI
72.1,72.13,72.08,72.08,661,2021-09-23 15:47:00,CCOI
72.11,72.12,72.11,72.12,300,2021-09-23 15:48:00,CCOI
72.12,72.12,72.12,72.12,100,2021-09-23 15:49:00,CCOI
72.2,72.2,72.2,72.2,100,2021-09-23 15:54:00,CCOI
72.32,72.32,72.32,72.32,100,2021-09-23 15:58:00,CCOI
72.38,72.41,72.38,72.41,700,2021-09-23 15:59:00,CCOI
72.4304,72.4304,72.4304,72.4304,500,2021-09-23 16:00:00,CCOI
72.43,72.43,72.42,72.42,300,2021-09-23 16:05:00,CCOI
72.38,72.38,72.38,72.38,100,2021-09-23 16:09:00,CCOI
72.41,72.41,72.41,72.41,100,2021-09-23 16:13:00,CCOI
72.42,72.43,72.38,72.39,500,2021-09-23 16:17:00,CCOI
72.37,72.37,72.37,72.37,100,2021-09-23 16:19:00,CCOI
72.33,72.33,72.33,72.33,100,2021-09-23 16:22:00,CCOI
72.31,72.31,72.31,72.31,200,2021-09-23 16:23:00,CCOI
72.33,72.33,72.33,72.33,100,2021-09-23 16:34:00,CCOI
72.43,72.43,72.4,72.41,300,2021-09-23 16:35:00,CCOI
72.4,72.4,72.35,72.35,200,2021-09-23 16:39:00,CCOI
72.345,72.395,72.345,72.395,6500,2021-09-23 16:40:00,CCOI
72.54,72.6,72.53,72.53,300,2021-09-23 17:05:00,CCOI
72.5751,72.5751,72.5751,72.5751,102,2021-09-23 17:06:00,CCOI
72.63,72.63,72.63,72.63,100,2021-09-23 17:10:00,CCOI
72.64,72.64,72.64,72.64,100,2021-09-23 17:11:00,CCOI
72.59,72.64,72.54,72.54,394,2021-09-23 17:12:00,CCOI
72.66,72.66,72.66,72.66,100,2021-09-23 17:13:00,CCOI
72.68,72.68,72.68,72.68,100,2021-09-23 17:14:00,CCOI
72.7,72.7,72.7,72.7,200,2021-09-23 17:18:00,CCOI
72.81,72.81,72.81,72.81,100,2021-09-23 17:22:00,CCOI
72.69,72.69,72.69,72.69,100,2021-09-23 17:23:00,CCOI
72.685,72.685,72.685,72.685,100,2021-09-23 17:24:00,CCOI
72.635,72.635,72.635,72.635,100,2021-09-23 17:26:00,CCOI
72.68,72.68,72.68,72.68,100,2021-09-23 17:28:00,CCOI
72.71,72.71,72.71,72.71,100,2021-09-23 17:29:00,CCOI
72.78,72.78,72.78,72.78,100,2021-09-23 17:30:00,CCOI
72.79,72.79,72.76,72.76,503,2021-09-23 17:32:00,CCOI
72.74,72.82,72.74,72.82,389,2021-09-23 17:38:00,CCOI
72.86,72.95,72.86,72.95,200,2021-09-23 17:39:00,CCOI
72.89,72.89,72.84,72.88,500,2021-09-23 17:40:00,CCOI
72.91,72.92,72.91,72.92,200,2021-09-23 17:41:00,CCOI
72.835,72.835,72.835,72.835,100,2021-09-23 17:42:00,CCOI
72.83,72.83,72.83,72.83,100,2021-09-23 17:45:00,CCOI
72.79,72.79,72.72,72.755,1100,2021-09-23 17:47:00,CCOI
72.75,72.75,72.7,72.7,599,2021-09-23 17:48:00,CCOI
72.736,72.736,72.73,72.73,528,2021-09-23 17:49:00,CCOI
72.71,72.7231,72.71,72.7231,439,2021-09-23 17:50:00,CCOI
72.715,72.715,72.715,72.715,100,2021-09-23 17:51:00,CCOI
72.715,72.72,72.715,72.72,919,2021-09-23 17:53:00,CCOI
72.72,72.72,72.595,72.595,3300,2021-09-23 17:54:00,CCOI
72.6,72.6,72.56,72.57,403,2021-09-23 17:55:00,CCOI
72.635,72.635,72.625,72.63,376,2021-09-23 17:56:00,CCOI
72.62,72.62,72.62,72.62,121,2021-09-23 17:57:00,CCOI
72.57,72.57,72.44,72.505,2000,2021-09-23 18:00:00,CCOI
72.52,72.52,72.52,72.52,100,2021-09-23 18:01:00,CCOI
72.505,72.57,72.505,72.555,800,2021-09-23 18:02:00,CCOI
72.55,72.55,72.55,72.55,200,2021-09-23 18:03:00,CCOI
72.52,72.52,72.52,72.52,100,2021-09-23 18:05:00,CCOI
72.5,72.56,72.5,72.53,3852,2021-09-23 18:07:00,CCOI
72.57,72.7496,72.57,72.7496,900,2021-09-23 18:08:00,CCOI
72.675,72.675,72.675,72.675,100,2021-09-23 18:12:00,CCOI
72.7,72.77,72.7,72.77,600,2021-09-23 18:15:00,CCOI
72.785,72.785,72.785,72.785,100,2021-09-23 18:19:00,CCOI
72.91,72.92,72.91,72.92,300,2021-09-23 18:26:00,CCOI
72.968,72.968,72.968,72.968,200,2021-09-23 18:29:00,CCOI
72.97,73.0,72.97,73.0,400,2021-09-23 18:30:00,CCOI
73.1,73.12,72.88,72.9,1900,2021-09-23 18:32:00,CCOI
72.92,72.92,72.92,72.92,100,2021-09-23 18:33:00,CCOI
72.99,72.99,72.99,72.99,452,2021-09-23 18:42:00,CCOI
73.0,73.0,73.0,73.0,100,2021-09-23 18:50:00,CCOI
72.935,72.935,72.935,72.935,100,2021-09-23 18:59:00,CCOI
72.99,72.99,72.99,72.99,183,2021-09-23 19:00:00,CCOI
73.05,73.05,73.05,73.05,100,2021-09-23 19:04:00,CCOI
73.08,73.08,73.08,73.08,100,2021-09-23 19:05:00,CCOI
73.03,73.03,72.98,72.98,700,2021-09-23 19:07:00,CCOI
73.048,73.05,73.02,73.02,300,2021-09-23 19:08:00,CCOI
73.05,73.05,73.05,73.05,400,2021-09-23 19:09:00,CCOI
73.03,73.03,73.03,73.03,100,2021-09-23 19:10:00,CCOI
73.02,73.02,73.0,73.0,400,2021-09-23 19:11:00,CCOI
73.03,73.03,73.03,73.03,400,2021-09-23 19:12:00,CCOI
72.96,72.96,72.96,72.96,100,2021-09-23 19:15:00,CCOI
72.88,72.89,72.88,72.89,400,2021-09-23 19:16:00,CCOI
72.87,72.87,72.77,72.77,400,2021-09-23 19:20:00,CCOI
72.82,72.82,72.82,72.82,100,2021-09-23 19:22:00,CCOI
72.85,72.85,72.84,72.84,559,2021-09-23 19:23:00,CCOI
72.73,72.73,72.73,72.73,100,2021-09-23 19:26:00,CCOI
72.76,72.76,72.76,72.76,200,2021-09-23 19:27:00,CCOI
72.7,72.7,72.65,72.65,300,2021-09-23 19:31:00,CCOI
72.69,72.7,72.67,72.67,300,2021-09-23 19:32:00,CCOI
72.7,72.75,72.7,72.75,510,2021-09-23 19:33:00,CCOI
72.75,72.815,72.725,72.815,400,2021-09-23 19:34:00,CCOI
72.805,72.805,72.805,72.805,100,2021-09-23 19:35:00,CCOI
72.75,72.75,72.71,72.71,200,2021-09-23 19:36:00,CCOI
72.631,72.631,72.631,72.631,100,2021-09-23 19:37:00,CCOI
72.67,72.67,72.63,72.63,300,2021-09-23 19:38:00,CCOI
72.72,72.78,72.7,72.73,1500,2021-09-23 19:41:00,CCOI
72.66,72.68,72.66,72.68,200,2021-09-23 19:43:00,CCOI
72.7192,72.7192,72.7192,72.7192,193,2021-09-23 19:44:00,CCOI
72.67,72.67,72.63,72.65,844,2021-09-23 19:45:00,CCOI
72.635,72.635,72.635,72.635,100,2021-09-23 19:46:00,CCOI
72.62,72.75,72.62,72.75,508,2021-09-23 19:47:00,CCOI
72.7,72.73,72.67,72.69,800,2021-09-23 19:48:00,CCOI
72.64,72.66,72.64,72.66,200,2021-09-23 19:49:00,CCOI
72.67,72.68,72.67,72.68,200,2021-09-23 19:50:00,CCOI
72.73,72.73,72.68,72.68,300,2021-09-23 19:52:00,CCOI
72.7,72.7,72.59,72.64,1300,2021-09-23 19:54:00,CCOI
72.68,72.6891,72.68,72.6891,200,2021-09-23 19:55:00,CCOI
72.6,72.67,72.6,72.67,600,2021-09-23 19:56:00,CCOI
72.72,72.8,72.72,72.75,600,2021-09-23 19:57:00,CCOI
72.74,72.74,72.63,72.63,1068,2021-09-23 19:58:00,CCOI
72.69,72.81,72.69,72.8,2420,2021-09-23 19:59:00,CCOI
72.73,72.73,72.73,72.73,23751,2021-09-23 20:00:00,CCOI
72.73,72.73,72.73,72.73,1259,2021-09-23 20:01:00,CCOI
72.64,72.64,72.64,72.64,1348,2021-09-24 13:30:00,CCOI
72.84,72.84,72.84,72.84,100,2021-09-24 13:35:00,CCOI
72.75,72.75,72.74,72.74,500,2021-09-24 13:37:00,CCOI
72.77,72.77,72.75,72.75,200,2021-09-24 13:38:00,CCOI
72.76,72.8,72.68,72.8,535,2021-09-24 13:39:00,CCOI
72.51,72.765,72.51,72.765,200,2021-09-24 13:40:00,CCOI
72.77,72.805,72.77,72.805,462,2021-09-24 13:45:00,CCOI
72.54,72.54,72.54,72.54,100,2021-09-24 13:52:00,CCOI
72.66,72.66,72.66,72.66,100,2021-09-24 13:54:00,CCOI
72.51,72.51,72.5,72.5,300,2021-09-24 13:55:00,CCOI
72.53,72.53,72.3638,72.46,837,2021-09-24 14:07:00,CCOI
72.535,72.535,72.53,72.53,200,2021-09-24 14:08:00,CCOI
72.62,72.62,72.61,72.61,287,2021-09-24 14:10:00,CCOI
72.43,72.43,72.42,72.42,200,2021-09-24 14:17:00,CCOI
72.445,72.445,72.445,72.445,100,2021-09-24 14:18:00,CCOI
72.48,72.48,72.48,72.48,166,2021-09-24 14:26:00,CCOI
72.44,72.54,72.44,72.44,400,2021-09-24 14:28:00,CCOI
72.515,72.515,72.515,72.515,100,2021-09-24 14:30:00,CCOI
72.49,72.49,72.49,72.49,100,2021-09-24 14:31:00,CCOI
72.4414,72.48,72.395,72.395,550,2021-09-24 14:32:00,CCOI
72.615,72.615,72.615,72.615,100,2021-09-24 14:34:00,CCOI
72.605,72.605,72.605,72.605,100,2021-09-24 14:35:00,CCOI
72.72,72.72,72.72,72.72,100,2021-09-24 14:38:00,CCOI
72.575,72.595,72.575,72.595,300,2021-09-24 14:40:00,CCOI
72.555,72.555,72.555,72.555,100,2021-09-24 14:47:00,CCOI
72.56,72.56,72.56,72.56,100,2021-09-24 14:50:00,CCOI
72.565,72.565,72.565,72.565,229,2021-09-24 14:51:00,CCOI
72.65,72.72,72.65,72.71,390,2021-09-24 14:56:00,CCOI
72.69,72.69,72.68,72.68,200,2021-09-24 14:58:00,CCOI
72.755,72.755,72.755,72.755,100,2021-09-24 14:59:00,CCOI
72.69,72.69,72.69,72.69,100,2021-09-24 15:02:00,CCOI
72.69,72.69,72.68,72.68,200,2021-09-24 15:04:00,CCOI
72.69,72.69,72.69,72.69,300,2021-09-24 15:06:00,CCOI
72.81,72.82,72.745,72.745,400,2021-09-24 15:07:00,CCOI
72.77,72.77,72.61,72.6104,1197,2021-09-24 15:08:00,CCOI
72.68,72.68,72.68,72.68,100,2021-09-24 15:10:00,CCOI
72.62,72.62,72.62,72.62,400,2021-09-24 15:14:00,CCOI
72.48,72.48,72.48,72.48,100,2021-09-24 15:17:00,CCOI
72.46,72.46,72.46,72.46,100,2021-09-24 15:19:00,CCOI
72.25,72.25,72.25,72.25,100,2021-09-24 15:31:00,CCOI
72.315,72.315,72.315,72.315,130,2021-09-24 15:33:00,CCOI
72.32,72.32,72.32,72.32,200,2021-09-24 15:39:00,CCOI
72.36,72.38,72.36,72.37,400,2021-09-24 15:40:00,CCOI
72.425,72.425,72.425,72.425,100,2021-09-24 15:41:00,CCOI
72.44,72.44,72.44,72.44,100,2021-09-24 15:42:00,CCOI
72.42,72.43,72.42,72.43,200,2021-09-24 15:48:00,CCOI
72.39,72.39,72.38,72.38,300,2021-09-24 15:50:00,CCOI
72.29,72.32,72.29,72.32,200,2021-09-24 15:53:00,CCOI
72.3,72.3,72.3,72.3,100,2021-09-24 15:55:00,CCOI
72.4,72.45,72.4,72.45,400,2021-09-24 16:08:00,CCOI
72.51,72.51,72.51,72.51,100,2021-09-24 16:10:00,CCOI
72.47,72.5,72.46,72.5,500,2021-09-24 16:11:00,CCOI
72.4575,72.4575,72.4575,72.4575,365,2021-09-24 16:15:00,CCOI
72.52,72.52,72.52,72.52,261,2021-09-24 16:16:00,CCOI
72.47,72.47,72.45,72.46,675,2021-09-24 16:27:00,CCOI
72.66,72.66,72.61,72.61,200,2021-09-24 16:40:00,CCOI
72.61,72.61,72.54,72.54,518,2021-09-24 16:49:00,CCOI
72.635,72.635,72.635,72.635,100,2021-09-24 16:50:00,CCOI
72.57,72.57,72.57,72.57,181,2021-09-24 16:59:00,CCOI
72.56,72.56,72.56,72.56,100,2021-09-24 17:03:00,CCOI
72.41,72.49,72.41,72.49,300,2021-09-24 17:12:00,CCOI
72.6,72.6,72.6,72.6,125,2021-09-24 17:23:00,CCOI
72.59,72.59,72.59,72.59,100,2021-09-24 17:24:00,CCOI
72.5,72.5,72.5,72.5,100,2021-09-24 17:35:00,CCOI
72.5,72.5,72.5,72.5,300,2021-09-24 17:37:00,CCOI
72.55,72.55,72.55,72.55,100,2021-09-24 17:39:00,CCOI
72.5224,72.5224,72.5224,72.5224,255,2021-09-24 17:42:00,CCOI
72.65,72.65,72.65,72.65,100,2021-09-24 17:44:00,CCOI
72.66,72.66,72.65,72.65,200,2021-09-24 17:47:00,CCOI
72.6604,72.6604,72.6604,72.6604,100,2021-09-24 17:48:00,CCOI
72.61,72.61,72.61,72.61,100,2021-09-24 17:49:00,CCOI
72.61,72.61,72.59,72.59,500,2021-09-24 17:52:00,CCOI
72.6386,72.6386,72.6386,72.6386,1178,2021-09-24 18:04:00,CCOI
72.63,72.63,72.63,72.63,100,2021-09-24 18:07:00,CCOI
72.625,72.625,72.522,72.57,688,2021-09-24 18:15:00,CCOI
72.52,72.53,72.52,72.53,314,2021-09-24 18:16:00,CCOI
72.57,72.57,72.57,72.57,200,2021-09-24 18:17:00,CCOI
72.75,72.75,72.75,72.75,100,2021-09-24 18:23:00,CCOI
72.84,72.84,72.84,72.84,100,2021-09-24 18:28:00,CCOI
72.9,72.9,72.9,72.9,100,2021-09-24 18:30:00,CCOI
72.885,72.885,72.885,72.885,200,2021-09-24 18:33:00,CCOI
72.92,72.92,72.92,72.92,100,2021-09-24 18:34:00,CCOI
72.85,72.865,72.85,72.865,500,2021-09-24 18:35:00,CCOI
72.77,72.77,72.75,72.75,200,2021-09-24 18:42:00,CCOI
72.69,72.69,72.69,72.69,100,2021-09-24 18:43:00,CCOI
72.71,72.71,72.62,72.685,400,2021-09-24 18:48:00,CCOI
72.7666,72.7666,72.7666,72.7666,294,2021-09-24 18:51:00,CCOI
72.72,72.745,72.72,72.745,500,2021-09-24 18:53:00,CCOI
72.6,72.6,72.6,72.6,100,2021-09-24 18:58:00,CCOI
72.665,72.665,72.665,72.665,100,2021-09-24 19:15:00,CCOI
72.63,72.73,72.63,72.71,550,2021-09-24 19:16:00,CCOI
72.81,72.81,72.73,72.73,300,2021-09-24 19:22:00,CCOI
72.84,72.87,72.82,72.85,400,2021-09-24 19:23:00,CCOI
72.82,72.82,72.66,72.66,1300,2021-09-24 19:27:00,CCOI
72.63,72.74,72.62,72.74,300,2021-09-24 19:30:00,CCOI
72.76,72.76,72.76,72.76,100,2021-09-24 19:31:00,CCOI
72.78,72.79,72.78,72.78,400,2021-09-24 19:32:00,CCOI
72.74,72.75,72.73,72.75,300,2021-09-24 19:34:00,CCOI
72.74,72.75,72.68,72.75,500,2021-09-24 19:36:00,CCOI
72.73,72.73,72.7,72.73,300,2021-09-24 19:37:00,CCOI
72.76,72.76,72.76,72.76,100,2021-09-24 19:38:00,CCOI
72.75,72.75,72.75,72.75,200,2021-09-24 19:39:00,CCOI
72.75,72.75,72.69,72.69,400,2021-09-24 19:42:00,CCOI
72.72,72.72,72.72,72.72,100,2021-09-24 19:43:00,CCOI
72.732,72.78,72.732,72.78,500,2021-09-24 19:44:00,CCOI
72.82,72.82,72.68,72.68,1100,2021-09-24 19:45:00,CCOI
72.68,72.73,72.64,72.69,1200,2021-09-24 19:46:00,CCOI
72.725,72.725,72.65,72.65,700,2021-09-24 19:47:00,CCOI
72.72,72.75,72.72,72.75,200,2021-09-24 19:48:00,CCOI
72.725,72.8,72.725,72.765,400,2021-09-24 19:49:00,CCOI
72.74,72.74,72.62,72.62,1072,2021-09-24 19:50:00,CCOI
72.62,72.64,72.6,72.62,900,2021-09-24 19:51:00,CCOI
72.575,72.63,72.575,72.63,500,2021-09-24 19:52:00,CCOI
72.67,72.67,72.65,72.65,247,2021-09-24 19:53:00,CCOI
72.595,72.595,72.515,72.515,400,2021-09-24 19:55:00,CCOI
72.46,72.53,72.46,72.52,883,2021-09-24 19:56:00,CCOI
72.55,72.55,72.55,72.55,100,2021-09-24 19:57:00,CCOI
72.49,72.57,72.49,72.57,1200,2021-09-24 19:58:00,CCOI
72.53,72.53,72.46,72.51,2160,2021-09-24 19:59:00,CCOI
72.46,72.46,72.46,72.46,17600,2021-09-24 20:00:00,CCOI
