open,high,low,close,volume,datetime,symbol
201.55,201.55,201.55,201.55,7434,2021-08-23 13:30:00,FFIV
201.81,202.58,201.81,202.58,400,2021-08-23 13:34:00,FFIV
201.93,201.93,201.71,201.71,300,2021-08-23 13:35:00,FFIV
202.22,202.51,202.22,202.51,400,2021-08-23 13:40:00,FFIV
202.51,202.56,202.48,202.56,300,2021-08-23 13:41:00,FFIV
202.057,202.54,202.057,202.54,357,2021-08-23 13:42:00,FFIV
202.46,202.48,202.255,202.48,404,2021-08-23 13:45:00,FFIV
202.59,202.59,202.42,202.42,200,2021-08-23 13:47:00,FFIV
202.6,202.96,202.6,202.96,1515,2021-08-23 13:49:00,FFIV
203.05,203.05,203.05,203.05,100,2021-08-23 13:51:00,FFIV
202.89,203.84,202.89,203.68,1940,2021-08-23 13:52:00,FFIV
203.33,203.33,203.33,203.33,100,2021-08-23 13:53:00,FFIV
203.44,203.56,203.24,203.42,3400,2021-08-23 13:55:00,FFIV
203.35,203.35,203.35,203.35,100,2021-08-23 13:59:00,FFIV
203.0574,203.0574,202.63,202.63,200,2021-08-23 14:00:00,FFIV
202.39,202.39,202.39,202.39,100,2021-08-23 14:01:00,FFIV
202.655,202.68,202.655,202.67,505,2021-08-23 14:02:00,FFIV
202.92,202.92,202.21,202.21,1400,2021-08-23 14:03:00,FFIV
202.56,202.56,202.56,202.56,100,2021-08-23 14:04:00,FFIV
202.69,202.7,202.505,202.505,620,2021-08-23 14:06:00,FFIV
202.64,202.64,202.39,202.39,200,2021-08-23 14:07:00,FFIV
202.34,202.59,202.34,202.3975,328,2021-08-23 14:08:00,FFIV
202.445,202.445,202.25,202.31,400,2021-08-23 14:09:00,FFIV
202.32,202.32,202.32,202.32,100,2021-08-23 14:10:00,FFIV
202.21,202.21,202.21,202.21,100,2021-08-23 14:11:00,FFIV
202.205,202.205,202.205,202.205,300,2021-08-23 14:12:00,FFIV
202.325,202.43,202.19,202.43,2724,2021-08-23 14:13:00,FFIV
202.5,202.55,202.2,202.2,700,2021-08-23 14:14:00,FFIV
202.68,202.75,202.68,202.75,588,2021-08-23 14:15:00,FFIV
202.77,202.77,202.49,202.49,366,2021-08-23 14:18:00,FFIV
202.71,202.72,202.37,202.59,400,2021-08-23 14:19:00,FFIV
202.645,202.645,202.645,202.645,101,2021-08-23 14:21:00,FFIV
202.92,202.92,202.92,202.92,100,2021-08-23 14:22:00,FFIV
203.04,203.15,203.04,203.15,300,2021-08-23 14:26:00,FFIV
203.16,203.16,202.94,202.94,400,2021-08-23 14:27:00,FFIV
202.94,203.34,202.89,203.34,2100,2021-08-23 14:28:00,FFIV
203.22,203.23,203.22,203.23,364,2021-08-23 14:29:00,FFIV
203.23,203.23,203.015,203.015,200,2021-08-23 14:31:00,FFIV
203.215,203.24,202.92,203.07,1500,2021-08-23 14:35:00,FFIV
203.17,203.17,203.17,203.17,100,2021-08-23 14:37:00,FFIV
202.92,202.92,202.92,202.92,100,2021-08-23 14:38:00,FFIV
203.2476,203.33,203.2476,203.28,450,2021-08-23 14:40:00,FFIV
203.02,203.02,203.02,203.02,100,2021-08-23 14:42:00,FFIV
203.1,203.4,203.08,203.4,1300,2021-08-23 14:43:00,FFIV
203.4,203.4,203.4,203.4,200,2021-08-23 14:46:00,FFIV
203.2556,203.2556,203.2556,203.2556,127,2021-08-23 14:49:00,FFIV
203.26,203.26,203.26,203.26,100,2021-08-23 14:50:00,FFIV
203.19,203.35,203.15,203.35,549,2021-08-23 14:51:00,FFIV
203.25,203.25,203.25,203.25,100,2021-08-23 14:52:00,FFIV
203.16,203.32,202.98,203.32,1100,2021-08-23 14:53:00,FFIV
203.27,203.27,203.07,203.23,600,2021-08-23 14:54:00,FFIV
203.105,203.105,203.105,203.105,100,2021-08-23 14:55:00,FFIV
203.22,203.22,203.14,203.14,200,2021-08-23 14:58:00,FFIV
203.205,203.205,203.2012,203.2012,214,2021-08-23 14:59:00,FFIV
203.18,203.28,203.18,203.28,200,2021-08-23 15:00:00,FFIV
203.29,203.425,203.235,203.41,1513,2021-08-23 15:01:00,FFIV
203.365,203.365,203.12,203.12,3299,2021-08-23 15:02:00,FFIV
203.2,203.35,203.18,203.32,1200,2021-08-23 15:03:00,FFIV
203.315,203.32,203.285,203.315,900,2021-08-23 15:04:00,FFIV
203.31,203.45,203.31,203.345,1000,2021-08-23 15:05:00,FFIV
203.31,203.35,203.31,203.34,1050,2021-08-23 15:06:00,FFIV
203.335,203.35,203.335,203.35,600,2021-08-23 15:07:00,FFIV
203.45,203.45,203.28,203.28,300,2021-08-23 15:08:00,FFIV
203.43,203.545,203.43,203.535,400,2021-08-23 15:10:00,FFIV
203.535,203.535,203.4,203.51,1500,2021-08-23 15:11:00,FFIV
203.51,203.51,203.32,203.32,300,2021-08-23 15:12:00,FFIV
203.505,203.62,203.505,203.57,300,2021-08-23 15:16:00,FFIV
203.46,203.46,203.43,203.43,400,2021-08-23 15:17:00,FFIV
203.39,203.39,203.39,203.39,100,2021-08-23 15:18:00,FFIV
203.47,203.56,203.47,203.56,200,2021-08-23 15:20:00,FFIV
203.38,203.38,203.38,203.38,100,2021-08-23 15:22:00,FFIV
203.5,203.62,203.47,203.47,1900,2021-08-23 15:25:00,FFIV
203.52,203.52,203.52,203.52,100,2021-08-23 15:26:00,FFIV
203.41,203.41,203.41,203.41,100,2021-08-23 15:27:00,FFIV
203.51,203.51,203.34,203.34,702,2021-08-23 15:29:00,FFIV
203.33,203.49,203.33,203.49,456,2021-08-23 15:30:00,FFIV
203.35,203.35,203.35,203.35,145,2021-08-23 15:32:00,FFIV
203.44,203.45,203.44,203.45,200,2021-08-23 15:33:00,FFIV
203.29,203.415,203.28,203.415,300,2021-08-23 15:34:00,FFIV
203.31,203.385,203.2,203.21,900,2021-08-23 15:35:00,FFIV
203.24,203.24,203.24,203.24,130,2021-08-23 15:36:00,FFIV
203.3,203.36,203.3,203.36,200,2021-08-23 15:37:00,FFIV
203.3,203.4,203.3,203.4,200,2021-08-23 15:40:00,FFIV
203.37,203.37,203.37,203.37,100,2021-08-23 15:43:00,FFIV
203.25,203.3,203.2,203.3,300,2021-08-23 15:45:00,FFIV
203.27,203.27,203.27,203.27,100,2021-08-23 15:46:00,FFIV
203.14,203.23,203.14,203.18,300,2021-08-23 15:47:00,FFIV
203.16,203.23,203.14,203.23,400,2021-08-23 15:48:00,FFIV
203.175,203.175,203.175,203.175,300,2021-08-23 15:49:00,FFIV
203.1,203.1,202.895,203.1,4399,2021-08-23 15:50:00,FFIV
203.0,203.0,202.88,202.88,733,2021-08-23 15:51:00,FFIV
202.99,202.99,202.99,202.99,100,2021-08-23 15:53:00,FFIV
202.965,202.965,202.965,202.965,100,2021-08-23 15:57:00,FFIV
203.04,203.04,203.04,203.04,100,2021-08-23 15:58:00,FFIV
203.1,203.1,203.0,203.0,200,2021-08-23 16:01:00,FFIV
203.07,203.07,203.07,203.07,100,2021-08-23 16:02:00,FFIV
203.02,203.02,203.02,203.02,100,2021-08-23 16:03:00,FFIV
202.95,202.95,202.94,202.94,200,2021-08-23 16:05:00,FFIV
202.95,202.95,202.95,202.95,100,2021-08-23 16:06:00,FFIV
202.94,202.96,202.94,202.95,700,2021-08-23 16:07:00,FFIV
202.97,202.97,202.9,202.97,300,2021-08-23 16:08:00,FFIV
202.79,202.79,202.73,202.73,300,2021-08-23 16:09:00,FFIV
202.71,202.73,202.56,202.58,600,2021-08-23 16:10:00,FFIV
202.64,202.64,202.62,202.62,300,2021-08-23 16:11:00,FFIV
202.42,202.42,202.42,202.42,100,2021-08-23 16:13:00,FFIV
202.58,202.58,202.58,202.58,200,2021-08-23 16:15:00,FFIV
202.59,202.59,202.59,202.59,100,2021-08-23 16:16:00,FFIV
202.56,202.56,202.56,202.56,100,2021-08-23 16:18:00,FFIV
202.46,202.55,202.46,202.55,400,2021-08-23 16:20:00,FFIV
202.56,202.56,202.56,202.56,100,2021-08-23 16:21:00,FFIV
202.48,202.48,202.48,202.48,100,2021-08-23 16:22:00,FFIV
202.56,202.56,202.56,202.56,100,2021-08-23 16:24:00,FFIV
202.48,202.48,202.48,202.48,100,2021-08-23 16:26:00,FFIV
202.56,202.56,202.495,202.495,346,2021-08-23 16:27:00,FFIV
202.495,202.56,202.495,202.56,300,2021-08-23 16:29:00,FFIV
202.43,202.54,202.42,202.54,400,2021-08-23 16:31:00,FFIV
202.49,202.49,202.49,202.49,100,2021-08-23 16:32:00,FFIV
202.55,202.59,202.55,202.59,200,2021-08-23 16:35:00,FFIV
202.48,202.48,202.48,202.48,194,2021-08-23 16:37:00,FFIV
202.52,202.52,202.52,202.52,100,2021-08-23 16:38:00,FFIV
202.54,202.63,202.54,202.63,464,2021-08-23 16:39:00,FFIV
202.68,202.68,202.68,202.68,100,2021-08-23 16:40:00,FFIV
202.63,202.63,202.63,202.63,100,2021-08-23 16:41:00,FFIV
202.59,202.65,202.59,202.65,200,2021-08-23 16:42:00,FFIV
202.65,202.68,202.64,202.68,300,2021-08-23 16:43:00,FFIV
202.6218,202.6218,202.6218,202.6218,115,2021-08-23 16:44:00,FFIV
202.7,202.7,202.55,202.55,300,2021-08-23 16:48:00,FFIV
202.67,202.67,202.54,202.54,200,2021-08-23 16:50:00,FFIV
202.68,202.75,202.68,202.74,400,2021-08-23 16:51:00,FFIV
202.76,202.89,202.7,202.89,1572,2021-08-23 16:52:00,FFIV
202.92,203.32,202.92,203.32,500,2021-08-23 16:53:00,FFIV
203.18,203.18,203.17,203.17,405,2021-08-23 16:55:00,FFIV
203.41,203.42,203.41,203.42,200,2021-08-23 16:57:00,FFIV
203.5,203.5,203.5,203.5,100,2021-08-23 16:59:00,FFIV
203.42,203.42,203.42,203.42,100,2021-08-23 17:00:00,FFIV
203.39,203.4,203.335,203.335,600,2021-08-23 17:01:00,FFIV
203.29,203.37,203.28,203.37,700,2021-08-23 17:02:00,FFIV
203.28,203.33,203.28,203.33,200,2021-08-23 17:03:00,FFIV
203.2,203.26,203.2,203.26,200,2021-08-23 17:05:00,FFIV
203.24,203.24,203.24,203.24,100,2021-08-23 17:06:00,FFIV
203.26,203.26,203.26,203.26,100,2021-08-23 17:07:00,FFIV
203.625,203.64,203.625,203.64,300,2021-08-23 17:08:00,FFIV
203.63,203.7,203.63,203.7,200,2021-08-23 17:09:00,FFIV
203.79,203.79,203.64,203.715,400,2021-08-23 17:10:00,FFIV
203.84,203.85,203.84,203.85,200,2021-08-23 17:11:00,FFIV
203.735,203.815,203.735,203.815,200,2021-08-23 17:12:00,FFIV
203.8,203.875,203.8,203.8,600,2021-08-23 17:14:00,FFIV
203.84,203.93,203.79,203.915,700,2021-08-23 17:15:00,FFIV
203.91,203.91,203.91,203.91,100,2021-08-23 17:16:00,FFIV
203.79,203.88,203.79,203.88,602,2021-08-23 17:17:00,FFIV
203.84,203.93,203.84,203.93,200,2021-08-23 17:18:00,FFIV
203.93,203.93,203.9,203.9,200,2021-08-23 17:19:00,FFIV
203.94,204.01,203.94,204.01,300,2021-08-23 17:20:00,FFIV
204.0,204.06,204.0,204.06,200,2021-08-23 17:21:00,FFIV
204.095,204.18,204.095,204.175,600,2021-08-23 17:22:00,FFIV
204.04,204.18,203.99,204.18,800,2021-08-23 17:23:00,FFIV
204.25,204.34,204.18,204.34,400,2021-08-23 17:24:00,FFIV
204.08,204.12,204.07,204.07,700,2021-08-23 17:25:00,FFIV
204.08,204.08,204.08,204.08,100,2021-08-23 17:26:00,FFIV
204.135,204.27,204.135,204.2,500,2021-08-23 17:28:00,FFIV
204.26,204.26,204.26,204.26,100,2021-08-23 17:29:00,FFIV
204.045,204.045,204.045,204.045,100,2021-08-23 17:30:00,FFIV
204.02,204.22,204.02,204.22,400,2021-08-23 17:31:00,FFIV
204.2,204.2,204.2,204.2,200,2021-08-23 17:32:00,FFIV
204.2,204.2,204.2,204.2,100,2021-08-23 17:33:00,FFIV
204.18,204.33,204.18,204.18,500,2021-08-23 17:34:00,FFIV
204.2,204.23,204.2,204.23,200,2021-08-23 17:35:00,FFIV
204.29,204.29,204.29,204.29,100,2021-08-23 17:37:00,FFIV
204.205,204.205,204.205,204.205,100,2021-08-23 17:38:00,FFIV
204.1781,204.33,204.1781,204.33,802,2021-08-23 17:39:00,FFIV
204.14,204.14,204.14,204.14,100,2021-08-23 17:40:00,FFIV
204.28,204.28,204.2355,204.2355,200,2021-08-23 17:41:00,FFIV
204.32,204.35,204.24,204.35,700,2021-08-23 17:42:00,FFIV
204.26,204.34,204.26,204.34,208,2021-08-23 17:44:00,FFIV
204.08,204.08,204.08,204.08,100,2021-08-23 17:45:00,FFIV
204.2,204.2,204.2,204.2,522,2021-08-23 17:52:00,FFIV
204.18,204.18,204.18,204.18,100,2021-08-23 17:53:00,FFIV
204.3,204.32,204.3,204.32,200,2021-08-23 17:57:00,FFIV
204.31,204.38,204.31,204.38,300,2021-08-23 17:58:00,FFIV
204.435,204.435,204.32,204.32,500,2021-08-23 17:59:00,FFIV
204.35,204.44,204.35,204.4155,350,2021-08-23 18:00:00,FFIV
204.31,204.31,204.23,204.28,400,2021-08-23 18:01:00,FFIV
204.25,204.34,204.25,204.34,300,2021-08-23 18:03:00,FFIV
204.41,204.41,204.4,204.4,300,2021-08-23 18:06:00,FFIV
204.34,204.34,204.34,204.34,100,2021-08-23 18:07:00,FFIV
204.42,204.46,204.42,204.46,200,2021-08-23 18:08:00,FFIV
204.43,204.43,204.36,204.36,200,2021-08-23 18:10:00,FFIV
204.43,204.43,204.43,204.43,100,2021-08-23 18:11:00,FFIV
204.285,204.285,204.285,204.285,100,2021-08-23 18:12:00,FFIV
204.32,204.32,204.235,204.265,400,2021-08-23 18:13:00,FFIV
204.22,204.22,204.16,204.17,1000,2021-08-23 18:14:00,FFIV
204.18,204.18,204.18,204.18,100,2021-08-23 18:16:00,FFIV
204.15,204.15,204.15,204.15,100,2021-08-23 18:17:00,FFIV
204.26,204.27,204.26,204.27,300,2021-08-23 18:20:00,FFIV
204.1601,204.1601,204.1601,204.1601,1054,2021-08-23 18:22:00,FFIV
204.22,204.29,204.22,204.29,200,2021-08-23 18:23:00,FFIV
204.18,204.28,204.17,204.28,300,2021-08-23 18:24:00,FFIV
204.34,204.34,204.34,204.34,100,2021-08-23 18:25:00,FFIV
204.26,204.27,204.18,204.18,800,2021-08-23 18:26:00,FFIV
204.16,204.16,204.16,204.16,100,2021-08-23 18:27:00,FFIV
204.13,204.17,204.06,204.06,900,2021-08-23 18:28:00,FFIV
204.16,204.16,203.98,203.98,500,2021-08-23 18:29:00,FFIV
203.875,203.96,203.875,203.96,200,2021-08-23 18:31:00,FFIV
203.865,203.92,203.865,203.92,500,2021-08-23 18:34:00,FFIV
204.0,204.0,204.0,204.0,100,2021-08-23 18:36:00,FFIV
203.85,203.85,203.85,203.85,100,2021-08-23 18:37:00,FFIV
203.75,203.78,203.73,203.78,400,2021-08-23 18:39:00,FFIV
203.539,203.67,203.539,203.67,800,2021-08-23 18:41:00,FFIV
203.74,203.74,203.74,203.74,200,2021-08-23 18:42:00,FFIV
203.74,203.74,203.74,203.74,100,2021-08-23 18:45:00,FFIV
203.695,203.695,203.695,203.695,100,2021-08-23 18:46:00,FFIV
203.74,203.76,203.74,203.76,200,2021-08-23 18:55:00,FFIV
203.72,203.72,203.72,203.72,118,2021-08-23 18:56:00,FFIV
203.83,203.83,203.69,203.83,600,2021-08-23 18:57:00,FFIV
203.7,203.73,203.7,203.73,200,2021-08-23 18:58:00,FFIV
203.65,203.65,203.65,203.65,100,2021-08-23 18:59:00,FFIV
203.69,203.73,203.67,203.7,600,2021-08-23 19:00:00,FFIV
203.7,203.78,203.7,203.78,599,2021-08-23 19:01:00,FFIV
203.59,203.59,203.59,203.59,100,2021-08-23 19:02:00,FFIV
203.62,203.62,203.62,203.62,100,2021-08-23 19:03:00,FFIV
203.72,203.8,203.72,203.8,500,2021-08-23 19:04:00,FFIV
203.725,203.725,203.725,203.725,117,2021-08-23 19:05:00,FFIV
203.68,203.68,203.68,203.68,100,2021-08-23 19:06:00,FFIV
203.74,203.74,203.74,203.74,100,2021-08-23 19:07:00,FFIV
203.73,203.76,203.6675,203.6675,500,2021-08-23 19:09:00,FFIV
203.7025,203.73,203.63,203.73,800,2021-08-23 19:10:00,FFIV
203.72,203.74,203.68,203.74,1977,2021-08-23 19:11:00,FFIV
203.73,203.73,203.73,203.73,100,2021-08-23 19:12:00,FFIV
203.78,203.8,203.77,203.8,595,2021-08-23 19:13:00,FFIV
203.74,203.74,203.74,203.74,100,2021-08-23 19:14:00,FFIV
203.77,203.77,203.68,203.68,820,2021-08-23 19:15:00,FFIV
203.44,203.44,203.44,203.44,100,2021-08-23 19:16:00,FFIV
203.54,203.54,203.54,203.54,100,2021-08-23 19:17:00,FFIV
203.47,203.49,203.33,203.33,1000,2021-08-23 19:18:00,FFIV
203.34,203.41,203.27,203.41,700,2021-08-23 19:19:00,FFIV
203.42,203.42,203.35,203.35,200,2021-08-23 19:20:00,FFIV
203.41,203.41,203.41,203.41,100,2021-08-23 19:22:00,FFIV
203.33,203.35,203.32,203.35,400,2021-08-23 19:23:00,FFIV
203.33,203.33,203.33,203.33,100,2021-08-23 19:24:00,FFIV
203.31,203.31,203.31,203.31,100,2021-08-23 19:25:00,FFIV
203.425,203.425,203.35,203.35,200,2021-08-23 19:26:00,FFIV
203.38,203.38,203.38,203.38,100,2021-08-23 19:28:00,FFIV
203.35,203.35,203.35,203.35,100,2021-08-23 19:29:00,FFIV
203.261,203.261,203.261,203.261,100,2021-08-23 19:30:00,FFIV
203.41,203.46,203.41,203.45,500,2021-08-23 19:32:00,FFIV
203.5,203.5,203.43,203.43,400,2021-08-23 19:33:00,FFIV
203.485,203.485,203.45,203.47,300,2021-08-23 19:34:00,FFIV
203.45,203.45,203.45,203.45,100,2021-08-23 19:35:00,FFIV
203.41,203.44,203.38,203.38,400,2021-08-23 19:36:00,FFIV
203.42,203.42,203.291,203.291,600,2021-08-23 19:38:00,FFIV
203.28,203.28,203.235,203.235,500,2021-08-23 19:39:00,FFIV
203.21,203.21,203.13,203.13,300,2021-08-23 19:40:00,FFIV
203.03,203.03,203.015,203.015,200,2021-08-23 19:41:00,FFIV
203.065,203.065,203.0327,203.0327,218,2021-08-23 19:42:00,FFIV
203.12,203.23,203.12,203.23,841,2021-08-23 19:43:00,FFIV
203.19,203.25,203.19,203.22,400,2021-08-23 19:45:00,FFIV
203.23,203.24,203.2085,203.23,786,2021-08-23 19:47:00,FFIV
203.32,203.32,203.24,203.29,500,2021-08-23 19:48:00,FFIV
203.24,203.3,203.21,203.3,600,2021-08-23 19:49:00,FFIV
203.28,203.28,202.985,203.01,1300,2021-08-23 19:50:00,FFIV
203.03,203.22,203.02,203.21,927,2021-08-23 19:51:00,FFIV
203.22,203.22,203.12,203.12,1464,2021-08-23 19:52:00,FFIV
203.08,203.09,203.04,203.09,1700,2021-08-23 19:53:00,FFIV
203.16,203.16,202.91,202.915,1400,2021-08-23 19:54:00,FFIV
202.86,203.03,202.86,203.03,915,2021-08-23 19:55:00,FFIV
202.9,203.02,202.9,202.96,1000,2021-08-23 19:56:00,FFIV
202.94,203.0109,202.86,202.89,2610,2021-08-23 19:57:00,FFIV
202.885,203.01,202.885,202.99,1475,2021-08-23 19:58:00,FFIV
202.9607,203.13,202.91,203.13,3772,2021-08-23 19:59:00,FFIV
203.08,203.08,203.08,203.08,47505,2021-08-23 20:00:00,FFIV
203.08,203.08,203.08,203.08,749,2021-08-23 20:01:00,FFIV
203.08,203.08,203.08,203.08,508,2021-08-23 20:02:00,FFIV
203.08,203.08,203.08,203.08,3559,2021-08-24 13:30:00,FFIV
204.1,204.1,204.1,204.1,100,2021-08-24 13:32:00,FFIV
204.12,204.12,204.12,204.12,200,2021-08-24 13:33:00,FFIV
204.26,204.84,204.26,204.8298,300,2021-08-24 13:34:00,FFIV
203.87,203.87,203.87,203.87,100,2021-08-24 13:35:00,FFIV
204.68,204.68,204.68,204.68,200,2021-08-24 13:36:00,FFIV
204.5,204.5,204.5,204.5,127,2021-08-24 13:37:00,FFIV
204.95,204.95,204.95,204.95,100,2021-08-24 13:38:00,FFIV
204.97,204.98,204.97,204.98,200,2021-08-24 13:40:00,FFIV
204.44,204.84,204.23,204.84,400,2021-08-24 13:42:00,FFIV
204.78,204.81,204.78,204.81,200,2021-08-24 13:43:00,FFIV
204.81,204.91,204.81,204.91,700,2021-08-24 13:44:00,FFIV
204.94,204.94,204.94,204.94,200,2021-08-24 13:46:00,FFIV
204.54,204.75,204.54,204.75,1100,2021-08-24 13:48:00,FFIV
204.75,205.23,204.75,205.23,1503,2021-08-24 13:49:00,FFIV
205.11,205.125,204.93,205.125,841,2021-08-24 13:51:00,FFIV
204.9271,205.07,204.9271,205.07,400,2021-08-24 13:52:00,FFIV
204.94,204.94,204.94,204.94,100,2021-08-24 13:54:00,FFIV
204.84,205.105,204.82,205.105,500,2021-08-24 13:55:00,FFIV
205.12,205.14,205.12,205.14,200,2021-08-24 13:56:00,FFIV
205.1304,205.25,205.0637,205.25,487,2021-08-24 13:57:00,FFIV
205.27,205.27,205.27,205.27,198,2021-08-24 13:58:00,FFIV
205.4235,205.4235,205.2,205.37,600,2021-08-24 13:59:00,FFIV
205.14,205.14,205.1,205.1,300,2021-08-24 14:00:00,FFIV
205.03,205.03,204.79,204.79,300,2021-08-24 14:01:00,FFIV
204.96,204.99,204.9,204.98,551,2021-08-24 14:02:00,FFIV
204.52,204.52,204.52,204.52,100,2021-08-24 14:08:00,FFIV
204.31,204.31,204.31,204.31,178,2021-08-24 14:11:00,FFIV
204.22,204.22,204.0,204.0,400,2021-08-24 14:13:00,FFIV
203.77,203.77,203.77,203.77,100,2021-08-24 14:14:00,FFIV
204.15,204.15,204.15,204.15,100,2021-08-24 14:15:00,FFIV
204.15,204.18,204.02,204.02,778,2021-08-24 14:16:00,FFIV
204.0,204.0,203.89,203.89,300,2021-08-24 14:17:00,FFIV
203.81,203.81,203.75,203.75,200,2021-08-24 14:18:00,FFIV
203.48,203.48,203.48,203.48,100,2021-08-24 14:22:00,FFIV
203.39,203.39,203.39,203.39,100,2021-08-24 14:26:00,FFIV
203.4,203.4,203.4,203.4,200,2021-08-24 14:29:00,FFIV
203.35,203.55,203.35,203.55,500,2021-08-24 14:31:00,FFIV
203.5,203.5,203.5,203.5,100,2021-08-24 14:32:00,FFIV
203.46,203.46,203.44,203.45,400,2021-08-24 14:34:00,FFIV
203.4877,203.4877,203.42,203.42,300,2021-08-24 14:36:00,FFIV
203.33,203.33,203.33,203.33,100,2021-08-24 14:38:00,FFIV
203.1825,203.1825,203.1825,203.1825,145,2021-08-24 14:39:00,FFIV
203.2412,203.2412,203.2412,203.2412,200,2021-08-24 14:42:00,FFIV
203.26,203.28,203.26,203.27,300,2021-08-24 14:43:00,FFIV
203.3,203.3,203.25,203.25,200,2021-08-24 14:44:00,FFIV
203.32,203.32,203.32,203.32,100,2021-08-24 14:45:00,FFIV
203.37,203.37,203.37,203.37,100,2021-08-24 14:48:00,FFIV
203.42,203.42,203.42,203.42,100,2021-08-24 14:49:00,FFIV
203.48,203.48,203.48,203.48,200,2021-08-24 14:50:00,FFIV
203.82,203.82,203.82,203.82,100,2021-08-24 14:52:00,FFIV
204.04,204.04,203.92,204.025,800,2021-08-24 14:55:00,FFIV
204.045,204.045,204.03,204.03,370,2021-08-24 14:56:00,FFIV
204.3,204.3,204.3,204.3,100,2021-08-24 14:57:00,FFIV
204.21,204.21,204.21,204.21,100,2021-08-24 14:58:00,FFIV
204.115,204.115,204.115,204.115,200,2021-08-24 14:59:00,FFIV
204.21,204.21,204.2,204.2,200,2021-08-24 15:00:00,FFIV
204.02,204.09,204.02,204.09,200,2021-08-24 15:01:00,FFIV
204.05,204.05,204.05,204.05,500,2021-08-24 15:02:00,FFIV
204.0,204.1,204.0,204.1,600,2021-08-24 15:04:00,FFIV
204.15,204.15,204.15,204.15,100,2021-08-24 15:05:00,FFIV
204.2,204.37,204.2,204.245,400,2021-08-24 15:06:00,FFIV
204.38,204.38,204.37,204.37,200,2021-08-24 15:07:00,FFIV
204.37,204.5,204.37,204.5,200,2021-08-24 15:11:00,FFIV
204.5,204.5,204.5,204.5,100,2021-08-24 15:14:00,FFIV
204.47,204.5,204.47,204.5,200,2021-08-24 15:15:00,FFIV
204.43,204.43,204.4,204.4,300,2021-08-24 15:17:00,FFIV
204.41,204.41,204.41,204.41,100,2021-08-24 15:18:00,FFIV
204.25,204.39,204.25,204.39,500,2021-08-24 15:19:00,FFIV
204.2782,204.2782,204.2782,204.2782,102,2021-08-24 15:20:00,FFIV
204.24,204.34,204.24,204.25,800,2021-08-24 15:22:00,FFIV
204.11,204.41,204.11,204.4,900,2021-08-24 15:24:00,FFIV
204.5,204.5,204.11,204.32,900,2021-08-24 15:25:00,FFIV
204.36,204.39,204.1275,204.39,800,2021-08-24 15:26:00,FFIV
204.39,204.39,204.1375,204.1375,200,2021-08-24 15:27:00,FFIV
204.42,204.42,204.2575,204.385,500,2021-08-24 15:28:00,FFIV
204.335,204.355,204.335,204.355,300,2021-08-24 15:29:00,FFIV
204.23,204.385,204.11,204.11,984,2021-08-24 15:30:00,FFIV
204.11,204.15,203.945,203.965,900,2021-08-24 15:31:00,FFIV
203.88,204.0,203.82,203.85,1500,2021-08-24 15:32:00,FFIV
203.83,203.83,203.67,203.8104,700,2021-08-24 15:33:00,FFIV
203.7,203.7,203.3104,203.3104,900,2021-08-24 15:34:00,FFIV
203.26,203.4109,203.26,203.4109,250,2021-08-24 15:35:00,FFIV
203.6,203.6,203.6,203.6,100,2021-08-24 15:43:00,FFIV
203.63,203.63,203.63,203.63,100,2021-08-24 15:46:00,FFIV
203.69,203.69,203.63,203.63,287,2021-08-24 15:47:00,FFIV
203.715,204.02,203.715,204.0,1065,2021-08-24 15:48:00,FFIV
203.86,203.86,203.86,203.86,236,2021-08-24 15:49:00,FFIV
204.08,204.08,204.08,204.08,100,2021-08-24 15:53:00,FFIV
203.97,203.97,203.9,203.9,400,2021-08-24 15:54:00,FFIV
203.935,203.935,203.935,203.935,100,2021-08-24 15:56:00,FFIV
204.03,204.15,204.03,204.15,236,2021-08-24 16:00:00,FFIV
203.9698,203.9698,203.96,203.96,2174,2021-08-24 16:05:00,FFIV
203.96,203.995,203.95,203.995,411,2021-08-24 16:07:00,FFIV
204.06,204.06,204.06,204.06,100,2021-08-24 16:08:00,FFIV
204.16,204.21,204.09,204.1516,2605,2021-08-24 16:10:00,FFIV
204.03,204.03,204.03,204.03,100,2021-08-24 16:17:00,FFIV
204.02,204.02,204.02,204.02,100,2021-08-24 16:19:00,FFIV
204.08,204.08,204.08,204.08,100,2021-08-24 16:21:00,FFIV
204.08,204.08,204.08,204.08,200,2021-08-24 16:28:00,FFIV
204.095,204.095,204.04,204.04,62788,2021-08-24 16:30:00,FFIV
204.05,204.15,204.045,204.15,804,2021-08-24 16:31:00,FFIV
204.3,204.3,204.3,204.3,100,2021-08-24 16:32:00,FFIV
204.28,204.53,204.28,204.52,700,2021-08-24 16:33:00,FFIV
204.4,204.4,204.4,204.4,100,2021-08-24 16:34:00,FFIV
204.54,204.54,204.54,204.54,100,2021-08-24 16:35:00,FFIV
204.63,204.63,204.63,204.63,200,2021-08-24 16:36:00,FFIV
204.78,204.78,204.78,204.78,100,2021-08-24 16:37:00,FFIV
204.66,204.66,204.66,204.66,100,2021-08-24 16:39:00,FFIV
204.82,204.82,204.82,204.82,100,2021-08-24 16:40:00,FFIV
204.8,204.8,204.78,204.78,200,2021-08-24 16:43:00,FFIV
204.92,204.92,204.92,204.92,100,2021-08-24 16:44:00,FFIV
204.83,204.83,204.83,204.83,100,2021-08-24 16:45:00,FFIV
204.78,204.78,204.78,204.78,100,2021-08-24 16:48:00,FFIV
204.765,204.94,204.765,204.91,1135,2021-08-24 16:49:00,FFIV
204.84,204.84,204.84,204.84,100,2021-08-24 16:51:00,FFIV
204.905,204.905,204.905,204.905,100,2021-08-24 16:54:00,FFIV
204.9,204.9,204.9,204.9,100,2021-08-24 16:56:00,FFIV
205.07,205.07,205.07,205.07,200,2021-08-24 16:58:00,FFIV
205.045,205.045,204.99,204.99,200,2021-08-24 17:00:00,FFIV
204.97,204.97,204.97,204.97,100,2021-08-24 17:04:00,FFIV
204.9004,204.9004,204.9,204.9,407,2021-08-24 17:05:00,FFIV
204.68,204.68,204.68,204.68,100,2021-08-24 17:08:00,FFIV
204.82,204.82,204.82,204.82,129,2021-08-24 17:12:00,FFIV
204.94,204.94,204.94,204.94,100,2021-08-24 17:13:00,FFIV
204.86,204.86,204.86,204.86,100,2021-08-24 17:14:00,FFIV
204.91,204.91,204.91,204.91,300,2021-08-24 17:15:00,FFIV
204.82,204.82,204.82,204.82,100,2021-08-24 17:21:00,FFIV
204.82,204.82,204.82,204.82,5600,2021-08-24 17:22:00,FFIV
204.83,204.83,204.83,204.83,100,2021-08-24 17:23:00,FFIV
204.77,204.77,204.76,204.76,300,2021-08-24 17:25:00,FFIV
204.6,204.6,204.59,204.59,400,2021-08-24 17:26:00,FFIV
204.59,204.59,204.59,204.59,100,2021-08-24 17:32:00,FFIV
204.68,204.68,204.68,204.68,100,2021-08-24 17:33:00,FFIV
204.74,204.74,204.74,204.74,100,2021-08-24 17:34:00,FFIV
204.66,204.78,204.66,204.78,200,2021-08-24 17:35:00,FFIV
204.7,204.7,204.7,204.7,100,2021-08-24 17:37:00,FFIV
204.69,204.69,204.69,204.69,100,2021-08-24 17:39:00,FFIV
204.81,204.81,204.81,204.81,200,2021-08-24 17:44:00,FFIV
204.84,204.84,204.84,204.84,200,2021-08-24 17:45:00,FFIV
204.91,204.925,204.91,204.925,200,2021-08-24 17:48:00,FFIV
204.82,204.82,204.81,204.81,800,2021-08-24 17:49:00,FFIV
204.82,204.82,204.82,204.82,100,2021-08-24 17:53:00,FFIV
204.9,204.9,204.9,204.9,100,2021-08-24 17:59:00,FFIV
204.77,204.8,204.77,204.8,298,2021-08-24 18:01:00,FFIV
204.66,204.7,204.66,204.7,300,2021-08-24 18:09:00,FFIV
204.72,204.81,204.72,204.81,500,2021-08-24 18:10:00,FFIV
204.67,204.67,204.67,204.67,100,2021-08-24 18:13:00,FFIV
204.74,204.74,204.7,204.72,300,2021-08-24 18:14:00,FFIV
204.71,204.73,204.57,204.57,2300,2021-08-24 18:17:00,FFIV
204.63,204.63,204.63,204.63,100,2021-08-24 18:19:00,FFIV
204.65,204.65,204.65,204.65,100,2021-08-24 18:22:00,FFIV
204.66,204.7,204.65,204.7,300,2021-08-24 18:26:00,FFIV
204.7022,204.7022,204.7022,204.7022,176,2021-08-24 18:29:00,FFIV
204.6613,204.72,204.56,204.56,3481,2021-08-24 18:30:00,FFIV
204.53,204.5453,204.53,204.5453,250,2021-08-24 18:33:00,FFIV
204.6,204.6,204.6,204.6,200,2021-08-24 18:34:00,FFIV
204.66,204.66,204.66,204.66,100,2021-08-24 18:35:00,FFIV
204.55,204.55,204.55,204.55,100,2021-08-24 18:36:00,FFIV
204.32,204.32,204.32,204.32,100,2021-08-24 18:38:00,FFIV
204.56,204.56,204.56,204.56,100,2021-08-24 18:40:00,FFIV
204.4301,204.4301,204.4301,204.4301,100,2021-08-24 18:43:00,FFIV
204.5,204.66,204.5,204.66,400,2021-08-24 18:45:00,FFIV
204.74,204.74,204.74,204.74,100,2021-08-24 18:46:00,FFIV
204.89,204.89,204.89,204.89,100,2021-08-24 18:48:00,FFIV
205.03,205.03,205.03,205.03,100,2021-08-24 18:49:00,FFIV
205.11,205.11,205.11,205.11,100,2021-08-24 18:51:00,FFIV
205.01,205.01,204.97,204.97,300,2021-08-24 18:52:00,FFIV
205.13,205.13,205.13,205.13,100,2021-08-24 18:55:00,FFIV
205.14,205.16,205.14,205.16,300,2021-08-24 18:59:00,FFIV
205.07,205.12,205.07,205.12,300,2021-08-24 19:01:00,FFIV
204.99,205.04,204.99,205.03,400,2021-08-24 19:04:00,FFIV
205.035,205.035,205.035,205.035,100,2021-08-24 19:06:00,FFIV
204.95,204.95,204.95,204.95,100,2021-08-24 19:07:00,FFIV
204.9,204.9,204.9,204.9,200,2021-08-24 19:10:00,FFIV
204.82,204.82,204.8,204.8,200,2021-08-24 19:11:00,FFIV
204.87,204.87,204.76,204.76,300,2021-08-24 19:12:00,FFIV
204.93,205.01,204.93,204.95,459,2021-08-24 19:15:00,FFIV
205.13,205.13,205.13,205.13,100,2021-08-24 19:16:00,FFIV
205.13,205.13,205.13,205.13,200,2021-08-24 19:17:00,FFIV
205.12,205.12,205.0,205.065,336,2021-08-24 19:18:00,FFIV
205.1,205.1,205.1,205.1,100,2021-08-24 19:23:00,FFIV
205.28,205.28,205.28,205.28,200,2021-08-24 19:27:00,FFIV
205.2899,205.29,205.2899,205.29,200,2021-08-24 19:28:00,FFIV
205.28,205.28,205.28,205.28,200,2021-08-24 19:29:00,FFIV
205.14,205.26,205.14,205.26,400,2021-08-24 19:31:00,FFIV
205.23,205.23,205.18,205.18,900,2021-08-24 19:33:00,FFIV
205.19,205.19,205.19,205.19,100,2021-08-24 19:35:00,FFIV
205.06,205.11,205.06,205.11,200,2021-08-24 19:37:00,FFIV
205.12,205.12,205.12,205.12,100,2021-08-24 19:38:00,FFIV
205.07,205.08,205.07,205.08,400,2021-08-24 19:40:00,FFIV
205.14,205.15,205.14,205.15,400,2021-08-24 19:41:00,FFIV
205.14,205.25,205.08,205.15,1700,2021-08-24 19:42:00,FFIV
205.18,205.18,205.18,205.18,100,2021-08-24 19:43:00,FFIV
205.2,205.2,205.2,205.2,100,2021-08-24 19:44:00,FFIV
205.19,205.19,205.19,205.19,400,2021-08-24 19:45:00,FFIV
205.23,205.235,205.21,205.235,884,2021-08-24 19:46:00,FFIV
205.24,205.26,205.22,205.25,600,2021-08-24 19:48:00,FFIV
205.28,205.46,205.28,205.41,1800,2021-08-24 19:49:00,FFIV
205.32,205.33,205.26,205.33,700,2021-08-24 19:50:00,FFIV
205.31,205.33,205.31,205.33,200,2021-08-24 19:51:00,FFIV
205.39,205.42,205.32,205.42,1347,2021-08-24 19:52:00,FFIV
205.44,205.44,205.39,205.42,3427,2021-08-24 19:53:00,FFIV
205.43,205.56,205.43,205.56,996,2021-08-24 19:54:00,FFIV
205.47,205.47,205.37,205.41,790,2021-08-24 19:55:00,FFIV
205.5,205.63,205.5,205.6,1021,2021-08-24 19:56:00,FFIV
205.57,205.57,205.51,205.54,1249,2021-08-24 19:57:00,FFIV
205.54,205.62,205.5,205.59,2034,2021-08-24 19:58:00,FFIV
205.59,205.67,205.55,205.65,4010,2021-08-24 19:59:00,FFIV
205.61,205.61,205.61,205.61,31074,2021-08-24 20:00:00,FFIV
205.61,205.61,205.61,205.61,1385,2021-08-24 20:01:00,FFIV
205.61,205.61,205.61,205.61,127,2021-08-24 20:02:00,FFIV
205.9,205.91,205.7,205.815,5398,2021-08-25 13:30:00,FFIV
205.99,205.99,205.99,205.99,100,2021-08-25 13:32:00,FFIV
206.0,206.55,206.0,206.55,1100,2021-08-25 13:33:00,FFIV
206.0642,206.0642,206.0642,206.0642,100,2021-08-25 13:34:00,FFIV
206.53,206.53,206.53,206.53,100,2021-08-25 13:35:00,FFIV
206.1,206.1,206.1,206.1,284,2021-08-25 13:37:00,FFIV
206.36,206.36,206.36,206.36,100,2021-08-25 13:38:00,FFIV
206.3,206.53,206.3,206.53,300,2021-08-25 13:39:00,FFIV
206.85,206.85,206.85,206.85,100,2021-08-25 13:41:00,FFIV
206.82,206.9,206.81,206.9,1312,2021-08-25 13:45:00,FFIV
206.95,206.95,206.95,206.95,100,2021-08-25 13:48:00,FFIV
206.5001,206.85,206.5001,206.85,200,2021-08-25 13:49:00,FFIV
206.71,206.99,206.71,206.99,593,2021-08-25 13:51:00,FFIV
206.95,206.95,206.95,206.95,100,2021-08-25 13:52:00,FFIV
206.92,206.92,206.55,206.55,501,2021-08-25 13:54:00,FFIV
206.72,206.83,206.395,206.395,1313,2021-08-25 13:55:00,FFIV
206.53,206.53,206.53,206.53,100,2021-08-25 13:57:00,FFIV
206.53,206.56,206.53,206.56,381,2021-08-25 13:58:00,FFIV
206.89,206.89,206.89,206.89,100,2021-08-25 13:59:00,FFIV
207.0,207.0,207.0,207.0,100,2021-08-25 14:00:00,FFIV
206.825,206.825,206.825,206.825,100,2021-08-25 14:01:00,FFIV
207.0,207.0,207.0,207.0,400,2021-08-25 14:03:00,FFIV
206.78,206.78,206.78,206.78,100,2021-08-25 14:04:00,FFIV
206.94,206.94,206.94,206.94,100,2021-08-25 14:05:00,FFIV
206.95,206.95,206.95,206.95,100,2021-08-25 14:06:00,FFIV
206.94,207.0,206.94,207.0,859,2021-08-25 14:07:00,FFIV
207.11,207.11,207.11,207.11,100,2021-08-25 14:09:00,FFIV
207.13,207.32,207.13,207.32,350,2021-08-25 14:10:00,FFIV
207.18,207.18,207.18,207.18,100,2021-08-25 14:13:00,FFIV
207.27,207.27,207.0,207.175,1351,2021-08-25 14:16:00,FFIV
207.24,207.24,207.24,207.24,100,2021-08-25 14:17:00,FFIV
207.31,207.47,207.31,207.47,300,2021-08-25 14:24:00,FFIV
207.48,207.78,207.48,207.5,1886,2021-08-25 14:27:00,FFIV
207.77,207.81,207.695,207.695,500,2021-08-25 14:28:00,FFIV
207.79,207.79,207.79,207.79,100,2021-08-25 14:29:00,FFIV
207.81,207.81,207.77,207.77,300,2021-08-25 14:30:00,FFIV
207.82,207.82,207.82,207.82,100,2021-08-25 14:32:00,FFIV
207.96,208.0,207.91,207.99,544,2021-08-25 14:34:00,FFIV
207.86,207.86,207.86,207.86,100,2021-08-25 14:35:00,FFIV
208.05,208.05,208.03,208.03,200,2021-08-25 14:36:00,FFIV
208.01,208.01,208.01,208.01,100,2021-08-25 14:39:00,FFIV
208.115,208.115,208.115,208.115,100,2021-08-25 14:40:00,FFIV
208.28,208.29,208.28,208.29,300,2021-08-25 14:41:00,FFIV
208.34,208.34,208.22,208.22,600,2021-08-25 14:42:00,FFIV
208.2,208.2,207.88,207.88,710,2021-08-25 14:43:00,FFIV
207.81,207.81,207.81,207.81,155,2021-08-25 14:44:00,FFIV
207.71,207.71,207.62,207.62,300,2021-08-25 14:45:00,FFIV
207.64,207.77,207.594,207.594,550,2021-08-25 14:46:00,FFIV
207.57,207.57,207.525,207.525,300,2021-08-25 14:47:00,FFIV
207.44,207.44,207.44,207.44,100,2021-08-25 14:48:00,FFIV
207.47,207.47,207.47,207.47,100,2021-08-25 14:50:00,FFIV
207.33,207.33,207.33,207.33,100,2021-08-25 14:54:00,FFIV
207.33,207.33,207.33,207.33,100,2021-08-25 14:55:00,FFIV
207.18,207.18,207.17,207.17,200,2021-08-25 14:56:00,FFIV
207.38,207.52,207.38,207.52,300,2021-08-25 15:00:00,FFIV
207.53,207.53,207.53,207.53,488,2021-08-25 15:03:00,FFIV
207.46,207.46,207.46,207.46,100,2021-08-25 15:05:00,FFIV
207.4,207.4,207.4,207.4,170,2021-08-25 15:09:00,FFIV
207.485,207.485,207.485,207.485,100,2021-08-25 15:10:00,FFIV
207.4,207.4,207.3,207.33,300,2021-08-25 15:12:00,FFIV
207.36,207.36,207.36,207.36,100,2021-08-25 15:13:00,FFIV
207.43,207.43,207.43,207.43,100,2021-08-25 15:14:00,FFIV
207.53,207.656,207.53,207.656,200,2021-08-25 15:20:00,FFIV
207.45,207.45,207.45,207.45,200,2021-08-25 15:25:00,FFIV
207.54,207.54,207.44,207.44,300,2021-08-25 15:26:00,FFIV
207.53,207.53,207.53,207.53,100,2021-08-25 15:28:00,FFIV
207.56,207.56,207.54,207.54,300,2021-08-25 15:30:00,FFIV
207.67,207.78,207.67,207.78,322,2021-08-25 15:32:00,FFIV
207.73,207.73,207.73,207.73,100,2021-08-25 15:39:00,FFIV
207.8065,207.8065,207.8065,207.8065,240,2021-08-25 15:40:00,FFIV
207.83,208.16,207.83,208.16,300,2021-08-25 15:41:00,FFIV
208.12,208.22,208.12,208.22,600,2021-08-25 15:42:00,FFIV
208.14,208.14,208.12,208.14,500,2021-08-25 15:43:00,FFIV
208.29,208.305,208.29,208.305,300,2021-08-25 15:44:00,FFIV
208.5,208.5,208.28,208.28,250,2021-08-25 15:45:00,FFIV
208.22,208.22,208.11,208.11,400,2021-08-25 15:46:00,FFIV
208.01,208.01,208.01,208.01,100,2021-08-25 15:48:00,FFIV
208.25,208.25,208.25,208.25,100,2021-08-25 15:50:00,FFIV
208.17,208.3,208.17,208.3,200,2021-08-25 15:51:00,FFIV
208.31,208.31,208.24,208.24,200,2021-08-25 15:53:00,FFIV
208.244,208.244,208.244,208.244,100,2021-08-25 15:56:00,FFIV
208.28,208.28,208.28,208.28,100,2021-08-25 15:57:00,FFIV
208.365,208.365,208.365,208.365,104,2021-08-25 15:58:00,FFIV
208.18,208.18,208.18,208.18,200,2021-08-25 16:03:00,FFIV
208.08,208.08,207.97,207.97,400,2021-08-25 16:04:00,FFIV
207.96,207.96,207.7218,207.7218,606,2021-08-25 16:07:00,FFIV
207.85,207.95,207.85,207.95,1000,2021-08-25 16:08:00,FFIV
207.9252,208.05,207.9252,208.05,600,2021-08-25 16:09:00,FFIV
208.11,208.18,208.11,208.13,500,2021-08-25 16:12:00,FFIV
208.11,208.19,208.11,208.19,200,2021-08-25 16:13:00,FFIV
208.1,208.1,208.09,208.1,300,2021-08-25 16:14:00,FFIV
208.17,208.17,208.17,208.17,280,2021-08-25 16:15:00,FFIV
208.2,208.2,208.12,208.12,1200,2021-08-25 16:16:00,FFIV
208.03,208.04,208.02,208.02,300,2021-08-25 16:17:00,FFIV
208.12,208.12,208.12,208.12,100,2021-08-25 16:18:00,FFIV
208.0,208.1,208.0,208.1,500,2021-08-25 16:25:00,FFIV
208.02,208.02,208.01,208.01,300,2021-08-25 16:26:00,FFIV
208.01,208.01,208.01,208.01,100,2021-08-25 16:27:00,FFIV
208.01,208.01,207.97,207.97,540,2021-08-25 16:28:00,FFIV
208.03,208.06,208.03,208.05,500,2021-08-25 16:29:00,FFIV
207.75,207.75,207.75,207.75,100,2021-08-25 16:32:00,FFIV
207.8,207.8,207.8,207.8,100,2021-08-25 16:34:00,FFIV
207.8,207.8,207.75,207.75,406,2021-08-25 16:35:00,FFIV
207.72,207.72,207.67,207.7,700,2021-08-25 16:36:00,FFIV
207.605,207.605,207.605,207.605,100,2021-08-25 16:40:00,FFIV
207.66,207.66,207.66,207.66,100,2021-08-25 16:41:00,FFIV
207.525,207.6,207.52,207.6,800,2021-08-25 16:43:00,FFIV
207.555,207.555,207.48,207.55,307,2021-08-25 16:45:00,FFIV
207.54,207.54,207.54,207.54,100,2021-08-25 16:46:00,FFIV
207.53,207.54,207.53,207.54,200,2021-08-25 16:47:00,FFIV
207.57,207.57,207.57,207.57,100,2021-08-25 16:48:00,FFIV
207.68,207.75,207.68,207.75,200,2021-08-25 16:49:00,FFIV
207.75,207.75,207.75,207.75,100,2021-08-25 16:51:00,FFIV
207.72,207.82,207.72,207.765,350,2021-08-25 16:52:00,FFIV
207.82,207.82,207.82,207.82,200,2021-08-25 16:57:00,FFIV
207.785,207.785,207.785,207.785,100,2021-08-25 16:58:00,FFIV
207.73,207.73,207.73,207.73,200,2021-08-25 17:02:00,FFIV
207.73,207.74,207.73,207.74,200,2021-08-25 17:05:00,FFIV
207.72,207.72,207.72,207.72,100,2021-08-25 17:06:00,FFIV
207.63,207.63,207.63,207.63,100,2021-08-25 17:09:00,FFIV
207.6,207.6,207.49,207.49,500,2021-08-25 17:10:00,FFIV
207.54,207.54,207.54,207.54,100,2021-08-25 17:11:00,FFIV
207.54,207.54,207.54,207.54,277,2021-08-25 17:13:00,FFIV
207.53,207.53,207.53,207.53,400,2021-08-25 17:14:00,FFIV
207.59,207.6,207.59,207.6,300,2021-08-25 17:15:00,FFIV
207.69,207.69,207.69,207.69,100,2021-08-25 17:19:00,FFIV
207.57,207.57,207.57,207.57,100,2021-08-25 17:20:00,FFIV
207.58,207.58,207.53,207.57,600,2021-08-25 17:21:00,FFIV
207.61,207.61,207.61,207.61,100,2021-08-25 17:22:00,FFIV
207.67,207.67,207.58,207.59,500,2021-08-25 17:23:00,FFIV
207.61,207.62,207.61,207.62,200,2021-08-25 17:30:00,FFIV
207.66,207.66,207.66,207.66,100,2021-08-25 17:36:00,FFIV
207.51,207.51,207.5,207.5,300,2021-08-25 17:37:00,FFIV
207.49,207.49,207.43,207.43,2016,2021-08-25 17:38:00,FFIV
207.31,207.31,207.31,207.31,100,2021-08-25 17:40:00,FFIV
207.37,207.37,207.29,207.29,300,2021-08-25 17:41:00,FFIV
207.42,207.44,207.42,207.44,303,2021-08-25 17:45:00,FFIV
207.25,207.25,207.24,207.25,1206,2021-08-25 17:48:00,FFIV
207.25,207.25,207.25,207.25,1178,2021-08-25 17:50:00,FFIV
207.0,207.05,207.0,207.03,300,2021-08-25 17:51:00,FFIV
206.91,206.91,206.91,206.91,100,2021-08-25 17:55:00,FFIV
206.82,206.835,206.73,206.835,800,2021-08-25 17:57:00,FFIV
206.78,206.78,206.78,206.78,200,2021-08-25 17:58:00,FFIV
206.86,206.87,206.86,206.87,400,2021-08-25 17:59:00,FFIV
206.77,206.77,206.77,206.77,100,2021-08-25 18:03:00,FFIV
206.94,206.94,206.94,206.94,200,2021-08-25 18:05:00,FFIV
206.92,207.13,206.92,207.09,500,2021-08-25 18:07:00,FFIV
207.19,207.19,207.19,207.19,100,2021-08-25 18:10:00,FFIV
207.29,207.29,207.24,207.29,300,2021-08-25 18:14:00,FFIV
207.22,207.22,207.22,207.22,100,2021-08-25 18:15:00,FFIV
207.02,207.02,207.02,207.02,200,2021-08-25 18:23:00,FFIV
207.0,207.11,207.0,207.11,200,2021-08-25 18:24:00,FFIV
207.105,207.105,207.105,207.105,200,2021-08-25 18:28:00,FFIV
206.98,206.98,206.98,206.98,100,2021-08-25 18:33:00,FFIV
206.93,206.97,206.93,206.97,200,2021-08-25 18:34:00,FFIV
206.91,206.92,206.91,206.91,500,2021-08-25 18:36:00,FFIV
206.88,206.88,206.88,206.88,100,2021-08-25 18:37:00,FFIV
206.985,206.985,206.985,206.985,100,2021-08-25 18:42:00,FFIV
206.83,206.85,206.83,206.85,200,2021-08-25 18:49:00,FFIV
206.71,206.71,206.71,206.71,100,2021-08-25 18:51:00,FFIV
206.64,206.64,206.64,206.64,100,2021-08-25 18:54:00,FFIV
206.69,206.69,206.69,206.69,100,2021-08-25 18:55:00,FFIV
206.6,206.6,206.6,206.6,100,2021-08-25 19:01:00,FFIV
206.56,206.56,206.55,206.55,300,2021-08-25 19:02:00,FFIV
206.43,206.43,206.39,206.39,200,2021-08-25 19:04:00,FFIV
206.5,206.55,206.5,206.55,300,2021-08-25 19:05:00,FFIV
206.44,206.525,206.44,206.525,200,2021-08-25 19:07:00,FFIV
206.505,206.505,206.505,206.505,200,2021-08-25 19:12:00,FFIV
206.41,206.41,206.41,206.41,200,2021-08-25 19:15:00,FFIV
206.281,206.29,206.27,206.27,300,2021-08-25 19:18:00,FFIV
206.24,206.24,206.24,206.24,100,2021-08-25 19:19:00,FFIV
206.19,206.21,206.19,206.21,200,2021-08-25 19:20:00,FFIV
206.26,206.26,206.26,206.26,100,2021-08-25 19:21:00,FFIV
206.19,206.19,206.18,206.18,200,2021-08-25 19:22:00,FFIV
206.21,206.27,206.16,206.27,400,2021-08-25 19:25:00,FFIV
206.27,206.28,206.265,206.265,700,2021-08-25 19:26:00,FFIV
206.22,206.26,206.21,206.26,300,2021-08-25 19:27:00,FFIV
206.26,206.26,206.25,206.25,500,2021-08-25 19:29:00,FFIV
206.32,206.4,206.32,206.4,400,2021-08-25 19:30:00,FFIV
206.35,206.385,206.33,206.37,600,2021-08-25 19:32:00,FFIV
206.38,206.385,206.38,206.385,300,2021-08-25 19:33:00,FFIV
206.39,206.39,206.39,206.39,100,2021-08-25 19:34:00,FFIV
206.43,206.43,206.43,206.43,100,2021-08-25 19:36:00,FFIV
206.291,206.291,206.28,206.28,300,2021-08-25 19:38:00,FFIV
206.22,206.29,206.22,206.285,500,2021-08-25 19:39:00,FFIV
206.29,206.29,206.15,206.15,400,2021-08-25 19:40:00,FFIV
206.17,206.17,206.17,206.17,100,2021-08-25 19:42:00,FFIV
206.28,206.28,206.28,206.28,100,2021-08-25 19:43:00,FFIV
206.32,206.32,206.27,206.27,400,2021-08-25 19:44:00,FFIV
206.38,206.38,206.305,206.37,800,2021-08-25 19:45:00,FFIV
206.12,206.195,206.1,206.1,500,2021-08-25 19:47:00,FFIV
206.135,206.135,206.07,206.07,200,2021-08-25 19:48:00,FFIV
206.06,206.06,206.06,206.06,200,2021-08-25 19:49:00,FFIV
206.02,206.02,205.985,205.985,300,2021-08-25 19:51:00,FFIV
205.96,205.96,205.96,205.96,100,2021-08-25 19:52:00,FFIV
205.95,205.9899,205.88,205.88,508,2021-08-25 19:53:00,FFIV
205.88,205.88,205.8,205.825,2221,2021-08-25 19:54:00,FFIV
205.88,205.95,205.88,205.9,500,2021-08-25 19:55:00,FFIV
205.88,205.9,205.84,205.865,623,2021-08-25 19:56:00,FFIV
205.8999,205.8999,205.83,205.86,654,2021-08-25 19:57:00,FFIV
205.89,205.99,205.86,205.96,2012,2021-08-25 19:58:00,FFIV
205.94,205.96,205.82,205.82,2865,2021-08-25 19:59:00,FFIV
205.89,205.89,205.89,205.89,36141,2021-08-25 20:00:00,FFIV
205.89,205.89,205.89,205.89,818,2021-08-25 20:02:00,FFIV
205.89,205.89,205.89,205.89,314,2021-08-25 20:13:00,FFIV
206.34,206.34,206.34,206.34,2759,2021-08-26 13:30:00,FFIV
206.14,206.14,206.0,206.0,1100,2021-08-26 13:35:00,FFIV
205.96,205.96,205.96,205.96,200,2021-08-26 13:36:00,FFIV
205.78,205.79,205.07,205.32,1760,2021-08-26 13:38:00,FFIV
205.295,205.56,205.295,205.56,605,2021-08-26 13:40:00,FFIV
205.295,205.295,205.295,205.295,100,2021-08-26 13:41:00,FFIV
205.28,205.28,205.28,205.28,200,2021-08-26 13:42:00,FFIV
205.375,205.55,205.29,205.55,1446,2021-08-26 13:43:00,FFIV
205.465,205.465,205.465,205.465,10000,2021-08-26 13:44:00,FFIV
205.49,205.49,205.49,205.49,10100,2021-08-26 13:45:00,FFIV
205.49,205.49,205.49,205.49,208,2021-08-26 13:46:00,FFIV
205.375,205.48,205.375,205.48,400,2021-08-26 13:47:00,FFIV
205.51,205.515,205.41,205.41,300,2021-08-26 13:48:00,FFIV
205.15,205.87,205.13,205.87,1894,2021-08-26 13:49:00,FFIV
205.675,205.8,205.675,205.8,232,2021-08-26 13:51:00,FFIV
205.795,205.795,205.795,205.795,100,2021-08-26 13:53:00,FFIV
205.94,205.94,205.94,205.94,100,2021-08-26 13:54:00,FFIV
206.19,206.75,206.19,206.75,400,2021-08-26 13:55:00,FFIV
206.7652,206.7652,206.7652,206.7652,120,2021-08-26 13:57:00,FFIV
206.535,206.535,206.535,206.535,100,2021-08-26 13:58:00,FFIV
206.438,206.438,206.438,206.438,129,2021-08-26 13:59:00,FFIV
206.555,206.555,206.455,206.455,200,2021-08-26 14:01:00,FFIV
206.565,206.565,206.565,206.565,100,2021-08-26 14:04:00,FFIV
206.65,206.79,206.65,206.79,400,2021-08-26 14:05:00,FFIV
206.69,206.85,206.69,206.69,700,2021-08-26 14:06:00,FFIV
206.7,206.93,206.6,206.77,3012,2021-08-26 14:07:00,FFIV
206.82,206.82,206.715,206.715,400,2021-08-26 14:08:00,FFIV
206.71,206.715,206.71,206.715,200,2021-08-26 14:10:00,FFIV
206.81,206.95,206.81,206.95,400,2021-08-26 14:11:00,FFIV
206.99,206.99,206.99,206.99,100,2021-08-26 14:12:00,FFIV
206.585,206.585,206.585,206.585,100,2021-08-26 14:15:00,FFIV
206.57,206.87,206.57,206.87,200,2021-08-26 14:16:00,FFIV
206.38,206.38,206.38,206.38,200,2021-08-26 14:18:00,FFIV
206.29,206.29,206.29,206.29,157,2021-08-26 14:19:00,FFIV
206.3001,206.71,206.3001,206.71,259,2021-08-26 14:21:00,FFIV
206.46,206.485,206.23,206.23,570,2021-08-26 14:22:00,FFIV
205.935,205.935,205.935,205.935,100,2021-08-26 14:24:00,FFIV
205.53,205.62,205.53,205.62,200,2021-08-26 14:25:00,FFIV
205.38,205.68,205.38,205.57,810,2021-08-26 14:26:00,FFIV
205.64,205.78,205.64,205.78,800,2021-08-26 14:27:00,FFIV
206.04,206.04,205.84,205.84,300,2021-08-26 14:28:00,FFIV
206.005,206.005,206.005,206.005,100,2021-08-26 14:31:00,FFIV
205.945,205.945,205.945,205.945,100,2021-08-26 14:32:00,FFIV
205.78,205.78,205.78,205.78,100,2021-08-26 14:35:00,FFIV
205.68,205.68,205.64,205.64,200,2021-08-26 14:38:00,FFIV
205.64,205.64,205.495,205.495,500,2021-08-26 14:41:00,FFIV
205.23,205.23,205.23,205.23,200,2021-08-26 14:42:00,FFIV
205.13,205.13,205.13,205.13,100,2021-08-26 14:44:00,FFIV
205.72,205.91,205.72,205.74,1100,2021-08-26 14:47:00,FFIV
205.835,205.91,205.825,205.9,500,2021-08-26 14:48:00,FFIV
205.95,205.95,205.78,205.78,200,2021-08-26 14:49:00,FFIV
205.97,205.97,205.96,205.96,200,2021-08-26 14:50:00,FFIV
205.84,206.215,205.83,206.215,1700,2021-08-26 14:51:00,FFIV
206.54,206.63,206.54,206.63,200,2021-08-26 14:52:00,FFIV
206.635,206.635,206.635,206.635,100,2021-08-26 14:53:00,FFIV
206.59,207.01,206.585,207.01,1225,2021-08-26 14:54:00,FFIV
206.59,206.59,206.5401,206.5401,350,2021-08-26 14:55:00,FFIV
206.55,206.55,206.41,206.41,500,2021-08-26 14:56:00,FFIV
206.29,206.29,205.85,206.07,900,2021-08-26 14:57:00,FFIV
205.83,205.83,205.83,205.83,100,2021-08-26 14:58:00,FFIV
205.67,205.77,205.67,205.7,300,2021-08-26 15:00:00,FFIV
205.6,205.6,205.6,205.6,200,2021-08-26 15:01:00,FFIV
205.11,205.11,205.11,205.11,100,2021-08-26 15:02:00,FFIV
205.44,205.44,205.42,205.42,200,2021-08-26 15:03:00,FFIV
205.5,205.61,205.5,205.61,500,2021-08-26 15:04:00,FFIV
205.4,205.4,205.4,205.4,100,2021-08-26 15:05:00,FFIV
205.3501,205.3501,205.3501,205.3501,100,2021-08-26 15:06:00,FFIV
205.55,205.55,205.55,205.55,100,2021-08-26 15:08:00,FFIV
205.54,205.54,205.54,205.54,100,2021-08-26 15:09:00,FFIV
205.51,205.51,205.51,205.51,100,2021-08-26 15:10:00,FFIV
205.68,205.68,205.68,205.68,100,2021-08-26 15:12:00,FFIV
205.54,205.54,205.54,205.54,100,2021-08-26 15:13:00,FFIV
205.6,205.6,205.6,205.6,200,2021-08-26 15:14:00,FFIV
205.635,205.635,205.51,205.51,200,2021-08-26 15:16:00,FFIV
205.36,205.36,205.205,205.205,200,2021-08-26 15:19:00,FFIV
205.26,205.39,205.26,205.39,203,2021-08-26 15:20:00,FFIV
205.56,205.56,205.39,205.39,300,2021-08-26 15:22:00,FFIV
205.41,205.41,205.41,205.41,100,2021-08-26 15:23:00,FFIV
205.51,205.51,205.51,205.51,100,2021-08-26 15:24:00,FFIV
205.42,205.42,205.42,205.42,100,2021-08-26 15:25:00,FFIV
205.31,205.31,205.31,205.31,100,2021-08-26 15:27:00,FFIV
205.31,205.31,205.31,205.31,100,2021-08-26 15:28:00,FFIV
205.175,205.175,205.04,205.04,200,2021-08-26 15:30:00,FFIV
205.02,205.02,205.02,205.02,100,2021-08-26 15:31:00,FFIV
205.24,205.25,205.24,205.25,249,2021-08-26 15:33:00,FFIV
205.02,205.02,205.02,205.02,100,2021-08-26 15:34:00,FFIV
204.91,204.91,204.77,204.77,200,2021-08-26 15:35:00,FFIV
204.75,205.02,204.75,205.02,200,2021-08-26 15:38:00,FFIV
205.03,205.03,205.03,205.03,100,2021-08-26 15:40:00,FFIV
204.82,204.82,204.82,204.82,100,2021-08-26 15:45:00,FFIV
204.83,204.83,204.82,204.82,200,2021-08-26 15:47:00,FFIV
204.84,204.84,204.84,204.84,100,2021-08-26 15:48:00,FFIV
204.65,204.65,204.63,204.63,300,2021-08-26 15:50:00,FFIV
204.705,204.705,204.6,204.6,601,2021-08-26 15:51:00,FFIV
204.695,204.695,204.695,204.695,100,2021-08-26 15:55:00,FFIV
204.62,204.95,204.62,204.95,300,2021-08-26 15:56:00,FFIV
204.91,204.91,204.91,204.91,100,2021-08-26 15:58:00,FFIV
204.88,204.88,204.83,204.83,200,2021-08-26 15:59:00,FFIV
204.945,204.945,204.945,204.945,113,2021-08-26 16:01:00,FFIV
205.08,205.08,204.89,204.97,800,2021-08-26 16:02:00,FFIV
204.87,204.87,204.87,204.87,100,2021-08-26 16:03:00,FFIV
204.87,204.87,204.87,204.87,100,2021-08-26 16:06:00,FFIV
204.87,204.87,204.87,204.87,300,2021-08-26 16:07:00,FFIV
204.81,204.82,204.6401,204.65,3163,2021-08-26 16:11:00,FFIV
204.58,204.58,204.58,204.58,100,2021-08-26 16:12:00,FFIV
204.54,204.54,204.54,204.54,100,2021-08-26 16:13:00,FFIV
204.51,204.51,204.51,204.51,100,2021-08-26 16:14:00,FFIV
204.42,204.58,204.42,204.58,200,2021-08-26 16:15:00,FFIV
204.59,204.59,204.59,204.59,100,2021-08-26 16:16:00,FFIV
204.59,204.59,204.59,204.59,100,2021-08-26 16:17:00,FFIV
204.65,204.65,204.65,204.65,100,2021-08-26 16:24:00,FFIV
204.67,204.67,204.67,204.67,100,2021-08-26 16:25:00,FFIV
204.78,204.78,204.78,204.78,100,2021-08-26 16:27:00,FFIV
204.52,204.52,204.52,204.52,100,2021-08-26 16:28:00,FFIV
204.51,204.64,204.51,204.59,500,2021-08-26 16:32:00,FFIV
204.8,204.8,204.8,204.8,200,2021-08-26 16:33:00,FFIV
204.81,204.81,204.73,204.73,438,2021-08-26 16:34:00,FFIV
204.72,204.72,204.72,204.72,200,2021-08-26 16:35:00,FFIV
204.67,204.67,204.67,204.67,100,2021-08-26 16:39:00,FFIV
204.76,204.76,204.76,204.76,100,2021-08-26 16:40:00,FFIV
204.65,204.65,204.65,204.65,100,2021-08-26 16:41:00,FFIV
204.72,204.72,204.72,204.72,100,2021-08-26 16:42:00,FFIV
204.62,204.62,204.62,204.62,100,2021-08-26 16:43:00,FFIV
204.62,204.62,204.62,204.62,200,2021-08-26 16:49:00,FFIV
204.58,204.58,204.57,204.57,200,2021-08-26 16:50:00,FFIV
204.39,204.39,204.39,204.39,100,2021-08-26 16:53:00,FFIV
204.33,204.33,204.33,204.33,100,2021-08-26 16:55:00,FFIV
204.4,204.4,204.4,204.4,100,2021-08-26 16:58:00,FFIV
204.52,204.52,204.34,204.34,200,2021-08-26 17:00:00,FFIV
204.435,204.435,204.435,204.435,100,2021-08-26 17:01:00,FFIV
204.4,204.45,204.23,204.45,300,2021-08-26 17:02:00,FFIV
204.39,204.39,204.39,204.39,100,2021-08-26 17:03:00,FFIV
204.33,204.33,204.28,204.28,200,2021-08-26 17:06:00,FFIV
204.2,204.2,204.2,204.2,100,2021-08-26 17:07:00,FFIV
204.18,204.18,204.18,204.18,100,2021-08-26 17:11:00,FFIV
204.2458,204.2458,204.2458,204.2458,100,2021-08-26 17:13:00,FFIV
204.17,204.17,204.17,204.17,100,2021-08-26 17:15:00,FFIV
204.09,204.09,204.09,204.09,100,2021-08-26 17:22:00,FFIV
204.13,204.16,204.1,204.16,532,2021-08-26 17:25:00,FFIV
204.22,204.22,204.2,204.2,200,2021-08-26 17:26:00,FFIV
204.14,204.14,204.14,204.14,100,2021-08-26 17:29:00,FFIV
204.225,204.225,204.225,204.225,100,2021-08-26 17:30:00,FFIV
204.23,204.23,204.23,204.23,100,2021-08-26 17:31:00,FFIV
204.23,204.23,204.21,204.21,200,2021-08-26 17:33:00,FFIV
204.18,204.24,204.18,204.24,200,2021-08-26 17:34:00,FFIV
204.15,204.15,204.15,204.15,200,2021-08-26 17:35:00,FFIV
204.15,204.15,204.15,204.15,100,2021-08-26 17:40:00,FFIV
204.13,204.13,204.13,204.13,100,2021-08-26 17:41:00,FFIV
204.1,204.1,204.1,204.1,100,2021-08-26 17:43:00,FFIV
204.215,204.215,204.215,204.215,100,2021-08-26 17:45:00,FFIV
204.16,204.16,204.16,204.16,100,2021-08-26 17:47:00,FFIV
204.21,204.22,204.14,204.22,400,2021-08-26 17:50:00,FFIV
204.18,204.18,204.17,204.17,200,2021-08-26 17:54:00,FFIV
204.27,204.27,204.27,204.27,100,2021-08-26 17:56:00,FFIV
204.29,204.29,204.29,204.29,100,2021-08-26 17:59:00,FFIV
204.15,204.15,204.15,204.15,100,2021-08-26 18:00:00,FFIV
204.22,204.22,204.22,204.22,150,2021-08-26 18:01:00,FFIV
204.09,204.09,204.09,204.09,100,2021-08-26 18:04:00,FFIV
204.01,204.01,204.0,204.0,300,2021-08-26 18:05:00,FFIV
203.99,203.99,203.99,203.99,100,2021-08-26 18:08:00,FFIV
203.87,203.87,203.87,203.87,100,2021-08-26 18:10:00,FFIV
203.93,203.95,203.93,203.95,300,2021-08-26 18:11:00,FFIV
203.87,203.87,203.87,203.87,100,2021-08-26 18:12:00,FFIV
204.0,204.0,204.0,204.0,100,2021-08-26 18:13:00,FFIV
203.885,203.885,203.885,203.885,114,2021-08-26 18:14:00,FFIV
203.99,204.105,203.975,204.105,2300,2021-08-26 18:15:00,FFIV
204.15,204.21,204.1,204.1,400,2021-08-26 18:16:00,FFIV
204.13,204.17,204.13,204.17,200,2021-08-26 18:17:00,FFIV
204.2,204.21,204.12,204.17,800,2021-08-26 18:18:00,FFIV
204.28,204.28,204.255,204.255,200,2021-08-26 18:19:00,FFIV
204.17,204.28,204.17,204.28,200,2021-08-26 18:20:00,FFIV
204.3,204.3525,204.3,204.3525,400,2021-08-26 18:21:00,FFIV
204.475,204.475,204.31,204.33,700,2021-08-26 18:23:00,FFIV
204.33,204.33,204.33,204.33,100,2021-08-26 18:24:00,FFIV
204.17,204.29,204.17,204.29,200,2021-08-26 18:25:00,FFIV
204.17,204.17,204.17,204.17,100,2021-08-26 18:27:00,FFIV
204.255,204.255,204.255,204.255,100,2021-08-26 18:28:00,FFIV
204.23,204.23,204.23,204.23,200,2021-08-26 18:29:00,FFIV
204.27,204.27,204.17,204.22,300,2021-08-26 18:30:00,FFIV
204.29,204.29,204.29,204.29,100,2021-08-26 18:32:00,FFIV
204.17,204.17,204.17,204.17,100,2021-08-26 18:34:00,FFIV
204.25,204.25,204.13,204.13,300,2021-08-26 18:35:00,FFIV
204.23,204.27,204.17,204.17,300,2021-08-26 18:36:00,FFIV
204.36,204.36,204.36,204.36,100,2021-08-26 18:46:00,FFIV
204.24,204.25,204.14,204.25,500,2021-08-26 18:48:00,FFIV
204.14,204.14,204.025,204.025,200,2021-08-26 18:49:00,FFIV
204.195,204.26,204.195,204.26,202,2021-08-26 18:51:00,FFIV
204.14,204.21,204.14,204.2082,400,2021-08-26 18:52:00,FFIV
204.24,204.24,204.24,204.24,100,2021-08-26 18:54:00,FFIV
204.385,204.42,204.29,204.3,800,2021-08-26 18:55:00,FFIV
204.18,204.18,204.18,204.18,100,2021-08-26 18:56:00,FFIV
204.21,204.25,204.16,204.17,700,2021-08-26 18:58:00,FFIV
204.11,204.13,204.1,204.13,600,2021-08-26 18:59:00,FFIV
204.05,204.05,204.05,204.05,100,2021-08-26 19:00:00,FFIV
204.115,204.115,204.115,204.115,100,2021-08-26 19:01:00,FFIV
204.04,204.12,204.04,204.12,300,2021-08-26 19:02:00,FFIV
204.1,204.1,204.1,204.1,100,2021-08-26 19:03:00,FFIV
204.13,204.13,204.13,204.13,100,2021-08-26 19:04:00,FFIV
204.14,204.14,204.14,204.14,100,2021-08-26 19:05:00,FFIV
204.12,204.14,204.12,204.14,500,2021-08-26 19:06:00,FFIV
203.91,203.92,203.91,203.92,300,2021-08-26 19:08:00,FFIV
203.87,204.02,203.87,204.02,200,2021-08-26 19:09:00,FFIV
204.02,204.03,203.86,203.86,2100,2021-08-26 19:10:00,FFIV
203.9338,203.9338,203.9338,203.9338,839,2021-08-26 19:11:00,FFIV
204.01,204.01,203.96,203.96,265,2021-08-26 19:12:00,FFIV
203.95,204.015,203.93,203.93,700,2021-08-26 19:13:00,FFIV
203.9,203.9,203.9,203.9,100,2021-08-26 19:15:00,FFIV
203.95,204.14,203.95,204.14,300,2021-08-26 19:16:00,FFIV
204.24,204.24,204.17,204.17,200,2021-08-26 19:17:00,FFIV
204.17,204.17,204.17,204.17,100,2021-08-26 19:18:00,FFIV
204.375,204.375,204.375,204.375,100,2021-08-26 19:21:00,FFIV
204.3,204.42,204.29,204.4,1017,2021-08-26 19:23:00,FFIV
204.355,204.385,204.28,204.29,500,2021-08-26 19:24:00,FFIV
204.24,204.26,204.24,204.26,300,2021-08-26 19:26:00,FFIV
204.24,204.24,204.24,204.24,216,2021-08-26 19:27:00,FFIV
204.17,204.17,204.17,204.17,100,2021-08-26 19:28:00,FFIV
204.17,204.17,204.17,204.17,100,2021-08-26 19:29:00,FFIV
204.2182,204.2182,204.2182,204.2182,100,2021-08-26 19:30:00,FFIV
204.255,204.28,204.255,204.28,200,2021-08-26 19:32:00,FFIV
204.22,204.275,204.22,204.275,400,2021-08-26 19:33:00,FFIV
204.31,204.31,204.28,204.28,200,2021-08-26 19:34:00,FFIV
204.335,204.35,204.335,204.35,200,2021-08-26 19:35:00,FFIV
204.45,204.74,204.45,204.74,752,2021-08-26 19:36:00,FFIV
204.735,204.735,204.735,204.735,100,2021-08-26 19:37:00,FFIV
204.66,204.66,204.59,204.655,2462,2021-08-26 19:38:00,FFIV
204.709,204.72,204.709,204.72,252,2021-08-26 19:39:00,FFIV
204.785,204.85,204.77,204.85,647,2021-08-26 19:41:00,FFIV
204.79,204.88,204.79,204.88,1221,2021-08-26 19:42:00,FFIV
204.84,204.84,204.74,204.8,700,2021-08-26 19:43:00,FFIV
204.72,204.72,204.57,204.57,900,2021-08-26 19:44:00,FFIV
204.57,204.57,204.485,204.485,215,2021-08-26 19:45:00,FFIV
204.46,204.47,204.43,204.43,400,2021-08-26 19:46:00,FFIV
204.45,204.575,204.45,204.575,823,2021-08-26 19:47:00,FFIV
204.64,204.64,204.58,204.58,300,2021-08-26 19:48:00,FFIV
204.54,204.55,204.51,204.55,1300,2021-08-26 19:49:00,FFIV
204.64,204.785,204.64,204.785,400,2021-08-26 19:50:00,FFIV
204.765,204.765,204.64,204.64,300,2021-08-26 19:51:00,FFIV
204.56,204.65,204.45,204.515,1500,2021-08-26 19:52:00,FFIV
204.5,204.58,204.5,204.5,600,2021-08-26 19:53:00,FFIV
204.57,204.57,204.36,204.39,3214,2021-08-26 19:54:00,FFIV
204.34,204.6,204.34,204.57,1400,2021-08-26 19:55:00,FFIV
204.55,204.65,204.49,204.59,2472,2021-08-26 19:56:00,FFIV
204.63,204.65,204.55,204.57,500,2021-08-26 19:57:00,FFIV
204.57,204.7,204.48,204.48,1200,2021-08-26 19:58:00,FFIV
204.54,204.54,204.3,204.33,2307,2021-08-26 19:59:00,FFIV
204.33,204.33,204.33,204.33,45083,2021-08-26 20:00:00,FFIV
204.33,204.33,204.33,204.33,182,2021-08-26 20:01:00,FFIV
204.33,204.33,204.33,204.33,1371,2021-08-26 20:02:00,FFIV
204.88,204.88,204.88,204.88,3488,2021-08-27 13:30:00,FFIV
204.96,204.99,204.96,204.99,200,2021-08-27 13:33:00,FFIV
204.54,204.54,204.54,204.54,100,2021-08-27 13:35:00,FFIV
204.445,204.445,204.445,204.445,100,2021-08-27 13:36:00,FFIV
204.24,204.3506,204.24,204.3506,200,2021-08-27 13:37:00,FFIV
204.33,204.33,204.33,204.33,100,2021-08-27 13:42:00,FFIV
204.54,204.54,204.5206,204.5206,622,2021-08-27 13:43:00,FFIV
204.54,204.61,204.42,204.42,500,2021-08-27 13:52:00,FFIV
204.31,204.31,204.0,204.0,300,2021-08-27 13:55:00,FFIV
204.36,204.36,204.04,204.04,200,2021-08-27 13:59:00,FFIV
204.29,204.29,204.29,204.29,100,2021-08-27 14:00:00,FFIV
204.05,204.44,204.05,204.3552,504,2021-08-27 14:01:00,FFIV
204.34,204.34,204.34,204.34,100,2021-08-27 14:02:00,FFIV
205.05,205.05,205.05,205.05,100,2021-08-27 14:03:00,FFIV
205.1,205.1,205.1,205.1,100,2021-08-27 14:06:00,FFIV
204.89,204.89,204.89,204.89,100,2021-08-27 14:09:00,FFIV
204.8,204.8,204.8,204.8,100,2021-08-27 14:10:00,FFIV
204.97,204.97,204.87,204.87,900,2021-08-27 14:11:00,FFIV
204.965,204.965,204.965,204.965,100,2021-08-27 14:16:00,FFIV
205.06,205.06,204.89,204.89,400,2021-08-27 14:17:00,FFIV
205.09,205.15,205.04,205.04,1827,2021-08-27 14:19:00,FFIV
205.3,205.3,205.3,205.3,100,2021-08-27 14:20:00,FFIV
205.02,205.15,205.02,205.15,600,2021-08-27 14:22:00,FFIV
205.44,205.44,205.44,205.44,350,2021-08-27 14:23:00,FFIV
205.625,205.625,205.44,205.44,400,2021-08-27 14:25:00,FFIV
205.63,205.63,205.63,205.63,100,2021-08-27 14:26:00,FFIV
205.71,205.73,205.71,205.73,200,2021-08-27 14:28:00,FFIV
205.965,205.965,205.965,205.965,100,2021-08-27 14:29:00,FFIV
205.83,205.9497,205.83,205.9497,400,2021-08-27 14:30:00,FFIV
205.64,205.83,205.64,205.83,300,2021-08-27 14:32:00,FFIV
205.8,205.8,205.8,205.8,200,2021-08-27 14:35:00,FFIV
205.75,205.75,205.75,205.75,100,2021-08-27 14:36:00,FFIV
205.7443,205.7443,205.595,205.595,400,2021-08-27 14:37:00,FFIV
205.5201,205.53,205.34,205.34,500,2021-08-27 14:38:00,FFIV
205.6,205.6,205.6,205.6,200,2021-08-27 14:41:00,FFIV
205.53,205.53,205.53,205.53,100,2021-08-27 14:43:00,FFIV
205.59,205.59,205.59,205.59,100,2021-08-27 14:45:00,FFIV
205.78,205.87,205.76,205.87,500,2021-08-27 14:47:00,FFIV
206.0,206.0,205.93,205.93,343,2021-08-27 14:48:00,FFIV
206.02,206.02,205.9,205.905,1100,2021-08-27 14:49:00,FFIV
205.94,205.94,205.92,205.92,300,2021-08-27 14:50:00,FFIV
205.95,206.05,205.95,206.05,200,2021-08-27 14:51:00,FFIV
205.97,205.97,205.97,205.97,100,2021-08-27 14:53:00,FFIV
206.17,206.17,206.17,206.17,100,2021-08-27 14:56:00,FFIV
206.13,206.13,206.11,206.11,400,2021-08-27 14:58:00,FFIV
206.07,206.16,205.82,206.16,700,2021-08-27 14:59:00,FFIV
206.16,206.18,206.16,206.18,200,2021-08-27 15:00:00,FFIV
206.2,206.32,206.2,206.32,300,2021-08-27 15:02:00,FFIV
206.38,206.46,206.29,206.46,600,2021-08-27 15:03:00,FFIV
206.3,206.3,206.23,206.23,400,2021-08-27 15:04:00,FFIV
206.18,206.22,206.18,206.19,300,2021-08-27 15:07:00,FFIV
205.9,205.9,205.78,205.78,200,2021-08-27 15:10:00,FFIV
205.7807,205.7807,205.7807,205.7807,200,2021-08-27 15:13:00,FFIV
205.78,205.983,205.78,205.983,950,2021-08-27 15:14:00,FFIV
205.97,205.97,205.9094,205.9094,600,2021-08-27 15:16:00,FFIV
205.838,205.98,205.838,205.97,518,2021-08-27 15:19:00,FFIV
206.11,206.11,206.085,206.085,200,2021-08-27 15:20:00,FFIV
206.0,206.0,206.0,206.0,600,2021-08-27 15:21:00,FFIV
206.11,206.14,206.04,206.14,608,2021-08-27 15:22:00,FFIV
206.13,206.23,206.03,206.105,1558,2021-08-27 15:23:00,FFIV
205.97,206.065,205.97,206.065,200,2021-08-27 15:25:00,FFIV
205.94,205.94,205.82,205.82,400,2021-08-27 15:26:00,FFIV
205.7,205.7,205.7,205.7,100,2021-08-27 15:28:00,FFIV
205.665,205.665,205.665,205.665,100,2021-08-27 15:29:00,FFIV
205.77,205.83,205.68,205.68,700,2021-08-27 15:31:00,FFIV
205.85,205.85,205.85,205.85,100,2021-08-27 15:34:00,FFIV
205.8,206.02,205.8,205.87,531,2021-08-27 15:35:00,FFIV
205.8,205.8,205.68,205.79,600,2021-08-27 15:36:00,FFIV
205.71,205.71,205.71,205.71,100,2021-08-27 15:41:00,FFIV
205.71,205.87,205.71,205.87,400,2021-08-27 15:42:00,FFIV
205.93,205.95,205.93,205.95,200,2021-08-27 15:46:00,FFIV
205.93,205.93,205.93,205.93,100,2021-08-27 15:50:00,FFIV
205.9939,205.9939,205.9939,205.9939,100,2021-08-27 15:51:00,FFIV
205.97,205.97,205.97,205.97,100,2021-08-27 15:52:00,FFIV
206.04,206.05,206.04,206.04,300,2021-08-27 15:55:00,FFIV
205.98,206.07,205.98,206.07,300,2021-08-27 15:56:00,FFIV
205.88,205.88,205.88,205.88,300,2021-08-27 15:59:00,FFIV
205.94,205.94,205.94,205.94,100,2021-08-27 16:00:00,FFIV
205.835,205.835,205.76,205.76,200,2021-08-27 16:05:00,FFIV
205.8,205.8,205.76,205.76,400,2021-08-27 16:06:00,FFIV
205.67,205.69,205.63,205.69,476,2021-08-27 16:07:00,FFIV
205.62,205.62,205.57,205.57,300,2021-08-27 16:08:00,FFIV
205.49,205.49,205.49,205.49,100,2021-08-27 16:09:00,FFIV
205.527,205.527,205.41,205.41,500,2021-08-27 16:10:00,FFIV
205.54,205.54,205.54,205.54,100,2021-08-27 16:11:00,FFIV
205.54,205.58,205.52,205.52,500,2021-08-27 16:12:00,FFIV
205.52,205.56,205.48,205.48,600,2021-08-27 16:13:00,FFIV
205.58,205.58,205.58,205.58,100,2021-08-27 16:14:00,FFIV
205.535,205.58,205.535,205.58,200,2021-08-27 16:15:00,FFIV
205.62,205.62,205.62,205.62,100,2021-08-27 16:16:00,FFIV
205.53,205.53,205.35,205.35,1300,2021-08-27 16:17:00,FFIV
205.28,205.345,205.28,205.345,200,2021-08-27 16:18:00,FFIV
205.385,205.51,205.385,205.51,500,2021-08-27 16:19:00,FFIV
205.57,205.57,205.57,205.57,200,2021-08-27 16:21:00,FFIV
205.515,205.54,205.515,205.54,200,2021-08-27 16:22:00,FFIV
205.53,205.53,205.53,205.53,100,2021-08-27 16:23:00,FFIV
205.65,205.65,205.65,205.65,300,2021-08-27 16:24:00,FFIV
205.73,205.74,205.73,205.74,300,2021-08-27 16:25:00,FFIV
205.845,205.845,205.845,205.845,100,2021-08-27 16:26:00,FFIV
205.69,205.69,205.69,205.69,100,2021-08-27 16:27:00,FFIV
205.76,205.76,205.76,205.76,100,2021-08-27 16:29:00,FFIV
205.78,205.78,205.78,205.78,100,2021-08-27 16:31:00,FFIV
205.76,205.76,205.76,205.76,100,2021-08-27 16:32:00,FFIV
205.85,205.85,205.77,205.78,400,2021-08-27 16:33:00,FFIV
205.73,205.73,205.66,205.665,300,2021-08-27 16:34:00,FFIV
205.76,205.76,205.76,205.76,100,2021-08-27 16:35:00,FFIV
205.86,205.86,205.74,205.74,300,2021-08-27 16:36:00,FFIV
205.66,205.735,205.65,205.735,500,2021-08-27 16:38:00,FFIV
205.65,205.65,205.65,205.65,100,2021-08-27 16:39:00,FFIV
205.7,205.7,205.7,205.7,100,2021-08-27 16:40:00,FFIV
205.54,205.54,205.35,205.35,300,2021-08-27 16:43:00,FFIV
205.45,205.45,205.45,205.45,100,2021-08-27 16:44:00,FFIV
205.29,205.31,205.17,205.295,564,2021-08-27 16:45:00,FFIV
205.28,205.285,205.18,205.285,751,2021-08-27 16:46:00,FFIV
205.31,205.31,205.31,205.31,100,2021-08-27 16:53:00,FFIV
205.26,205.32,205.26,205.32,200,2021-08-27 16:55:00,FFIV
205.4,205.4,205.4,205.4,200,2021-08-27 16:56:00,FFIV
205.22,205.22,205.22,205.22,100,2021-08-27 16:57:00,FFIV
205.2735,205.2735,205.2735,205.2735,100,2021-08-27 17:03:00,FFIV
205.37,205.37,205.37,205.37,200,2021-08-27 17:05:00,FFIV
205.32,205.32,205.32,205.32,100,2021-08-27 17:09:00,FFIV
205.34,205.34,205.235,205.235,300,2021-08-27 17:10:00,FFIV
205.245,205.245,205.245,205.245,100,2021-08-27 17:12:00,FFIV
205.29,205.29,205.29,205.29,100,2021-08-27 17:13:00,FFIV
205.28,205.28,205.28,205.28,100,2021-08-27 17:15:00,FFIV
205.21,205.31,205.21,205.25,2007,2021-08-27 17:16:00,FFIV
205.22,205.22,205.22,205.22,100,2021-08-27 17:17:00,FFIV
205.23,205.23,205.1,205.1,700,2021-08-27 17:18:00,FFIV
205.17,205.17,205.06,205.06,300,2021-08-27 17:19:00,FFIV
205.14,205.17,205.125,205.17,619,2021-08-27 17:20:00,FFIV
205.19,205.19,205.19,205.19,250,2021-08-27 17:22:00,FFIV
205.11,205.11,205.11,205.11,100,2021-08-27 17:23:00,FFIV
205.195,205.195,205.195,205.195,100,2021-08-27 17:25:00,FFIV
205.16,205.16,205.16,205.16,100,2021-08-27 17:26:00,FFIV
205.2,205.2,205.2,205.2,100,2021-08-27 17:28:00,FFIV
205.13,205.13,205.0,205.06,600,2021-08-27 17:30:00,FFIV
205.17,205.18,205.06,205.06,1047,2021-08-27 17:34:00,FFIV
205.11,205.2,205.11,205.2,300,2021-08-27 17:35:00,FFIV
205.15,205.15,205.15,205.15,100,2021-08-27 17:38:00,FFIV
205.15,205.15,205.11,205.15,400,2021-08-27 17:41:00,FFIV
205.15,205.15,205.15,205.15,100,2021-08-27 17:42:00,FFIV
205.08,205.08,205.08,205.08,100,2021-08-27 17:43:00,FFIV
205.095,205.095,205.06,205.06,200,2021-08-27 17:44:00,FFIV
205.13,205.13,205.13,205.13,200,2021-08-27 17:45:00,FFIV
205.11,205.11,205.11,205.11,100,2021-08-27 17:46:00,FFIV
205.23,205.33,205.23,205.33,847,2021-08-27 17:48:00,FFIV
205.37,205.37,205.37,205.37,100,2021-08-27 17:50:00,FFIV
205.32,205.32,205.32,205.32,100,2021-08-27 17:51:00,FFIV
205.47,205.52,205.47,205.52,200,2021-08-27 17:55:00,FFIV
205.4136,205.4136,205.4136,205.4136,110,2021-08-27 17:56:00,FFIV
205.52,205.52,205.51,205.51,200,2021-08-27 18:00:00,FFIV
205.5,205.5,205.5,205.5,100,2021-08-27 18:01:00,FFIV
205.5,205.5,205.49,205.49,200,2021-08-27 18:02:00,FFIV
205.58,205.58,205.58,205.58,100,2021-08-27 18:03:00,FFIV
205.64,205.64,205.64,205.64,100,2021-08-27 18:07:00,FFIV
205.65,205.65,205.65,205.65,208,2021-08-27 18:10:00,FFIV
205.81,205.81,205.81,205.81,100,2021-08-27 18:12:00,FFIV
205.77,205.77,205.77,205.77,100,2021-08-27 18:14:00,FFIV
205.8,205.83,205.8,205.83,300,2021-08-27 18:17:00,FFIV
205.85,205.85,205.85,205.85,100,2021-08-27 18:18:00,FFIV
205.92,205.92,205.92,205.92,100,2021-08-27 18:19:00,FFIV
205.9,205.9,205.89,205.89,200,2021-08-27 18:21:00,FFIV
205.965,205.965,205.965,205.965,100,2021-08-27 18:22:00,FFIV
205.93,205.93,205.93,205.93,200,2021-08-27 18:24:00,FFIV
205.89,205.89,205.805,205.805,400,2021-08-27 18:25:00,FFIV
205.88,205.88,205.84,205.84,200,2021-08-27 18:26:00,FFIV
205.85,205.85,205.85,205.85,100,2021-08-27 18:27:00,FFIV
205.94,206.01,205.94,205.94,300,2021-08-27 18:29:00,FFIV
205.93,205.93,205.93,205.93,100,2021-08-27 18:30:00,FFIV
205.92,205.92,205.92,205.92,100,2021-08-27 18:32:00,FFIV
205.87,205.87,205.87,205.87,200,2021-08-27 18:33:00,FFIV
205.83,205.83,205.83,205.83,100,2021-08-27 18:34:00,FFIV
205.73,205.76,205.73,205.76,221,2021-08-27 18:38:00,FFIV
205.82,205.82,205.78,205.78,200,2021-08-27 18:41:00,FFIV
205.895,205.895,205.895,205.895,100,2021-08-27 18:42:00,FFIV
205.935,205.935,205.935,205.935,119,2021-08-27 18:44:00,FFIV
205.95,205.98,205.95,205.98,200,2021-08-27 18:47:00,FFIV
205.97,205.97,205.97,205.97,100,2021-08-27 18:48:00,FFIV
205.95,205.95,205.95,205.95,100,2021-08-27 18:49:00,FFIV
205.945,205.945,205.86,205.86,200,2021-08-27 18:50:00,FFIV
205.81,205.81,205.81,205.81,100,2021-08-27 18:51:00,FFIV
205.81,205.84,205.81,205.84,300,2021-08-27 18:53:00,FFIV
205.895,205.895,205.895,205.895,100,2021-08-27 18:55:00,FFIV
205.79,205.8,205.7876,205.8,300,2021-08-27 18:57:00,FFIV
205.74,205.89,205.74,205.89,600,2021-08-27 18:58:00,FFIV
205.97,205.97,205.97,205.97,100,2021-08-27 18:59:00,FFIV
205.98,205.98,205.98,205.98,100,2021-08-27 19:00:00,FFIV
205.95,205.95,205.95,205.95,100,2021-08-27 19:01:00,FFIV
205.91,205.96,205.89,205.96,400,2021-08-27 19:03:00,FFIV
205.98,206.04,205.98,206.04,300,2021-08-27 19:04:00,FFIV
206.1,206.1,206.055,206.055,300,2021-08-27 19:05:00,FFIV
206.04,206.08,205.99,206.08,400,2021-08-27 19:08:00,FFIV
206.02,206.02,206.02,206.02,100,2021-08-27 19:10:00,FFIV
206.11,206.11,206.05,206.05,328,2021-08-27 19:13:00,FFIV
206.08,206.08,206.08,206.08,100,2021-08-27 19:15:00,FFIV
206.1,206.13,206.1,206.13,550,2021-08-27 19:17:00,FFIV
206.12,206.12,206.02,206.02,1000,2021-08-27 19:18:00,FFIV
206.1,206.1,206.1,206.1,100,2021-08-27 19:19:00,FFIV
206.13,206.13,206.13,206.13,100,2021-08-27 19:20:00,FFIV
206.07,206.07,206.07,206.07,162,2021-08-27 19:21:00,FFIV
206.22,206.22,206.16,206.16,300,2021-08-27 19:22:00,FFIV
206.15,206.16,206.15,206.16,200,2021-08-27 19:23:00,FFIV
206.12,206.12,206.12,206.12,123,2021-08-27 19:24:00,FFIV
206.13,206.15,206.13,206.15,200,2021-08-27 19:25:00,FFIV
206.04,206.12,206.04,206.12,700,2021-08-27 19:26:00,FFIV
206.06,206.06,205.9,206.0,1200,2021-08-27 19:27:00,FFIV
205.915,205.915,205.88,205.915,300,2021-08-27 19:29:00,FFIV
205.97,205.97,205.94,205.94,200,2021-08-27 19:30:00,FFIV
205.81,205.81,205.81,205.81,200,2021-08-27 19:31:00,FFIV
205.85,205.85,205.85,205.85,100,2021-08-27 19:32:00,FFIV
205.82,205.85,205.79,205.84,800,2021-08-27 19:33:00,FFIV
205.83,205.83,205.83,205.83,100,2021-08-27 19:34:00,FFIV
205.8,205.8,205.64,205.69,500,2021-08-27 19:35:00,FFIV
205.66,205.76,205.66,205.76,800,2021-08-27 19:36:00,FFIV
205.745,205.745,205.68,205.68,500,2021-08-27 19:37:00,FFIV
205.79,205.79,205.73,205.76,300,2021-08-27 19:38:00,FFIV
205.72,205.74,205.63,205.74,1724,2021-08-27 19:39:00,FFIV
205.72,205.82,205.72,205.82,300,2021-08-27 19:40:00,FFIV
205.87,205.87,205.86,205.86,300,2021-08-27 19:41:00,FFIV
205.95,205.95,205.95,205.95,100,2021-08-27 19:42:00,FFIV
205.88,205.96,205.88,205.94,400,2021-08-27 19:44:00,FFIV
205.985,205.985,205.91,205.91,300,2021-08-27 19:45:00,FFIV
205.89,205.93,205.89,205.925,400,2021-08-27 19:46:00,FFIV
205.96,206.03,205.93,205.9375,400,2021-08-27 19:47:00,FFIV
205.88,205.97,205.88,205.88,700,2021-08-27 19:48:00,FFIV
205.88,205.91,205.85,205.91,700,2021-08-27 19:49:00,FFIV
205.97,206.005,205.9,205.9,1100,2021-08-27 19:50:00,FFIV
205.83,205.83,205.83,205.83,100,2021-08-27 19:51:00,FFIV
205.85,205.91,205.85,205.87,1300,2021-08-27 19:52:00,FFIV
205.88,205.97,205.88,205.97,700,2021-08-27 19:53:00,FFIV
206.03,206.05,205.9,205.9,1633,2021-08-27 19:54:00,FFIV
205.89,205.93,205.74,205.74,2123,2021-08-27 19:55:00,FFIV
205.77,205.77,205.7,205.76,2700,2021-08-27 19:56:00,FFIV
205.745,205.745,205.52,205.67,1707,2021-08-27 19:57:00,FFIV
205.6,205.6,205.5,205.52,1500,2021-08-27 19:58:00,FFIV
205.47,205.6,205.44,205.44,2639,2021-08-27 19:59:00,FFIV
205.57,205.57,205.57,205.57,29742,2021-08-27 20:00:00,FFIV
205.57,205.57,205.57,205.57,974,2021-08-27 20:01:00,FFIV
205.57,205.57,205.57,205.57,398,2021-08-27 20:02:00,FFIV
206.04,206.04,206.04,206.04,204,2021-08-30 13:29:00,FFIV
206.32,206.37,206.32,206.37,3496,2021-08-30 13:30:00,FFIV
206.8099,206.8099,206.42,206.42,220,2021-08-30 13:33:00,FFIV
206.1,206.4,206.1,206.4,1034,2021-08-30 13:35:00,FFIV
206.41,206.41,206.41,206.41,100,2021-08-30 13:40:00,FFIV
206.0,206.0,205.62,205.62,1289,2021-08-30 13:42:00,FFIV
205.5725,205.77,205.5725,205.77,470,2021-08-30 13:44:00,FFIV
205.475,205.475,205.475,205.475,120,2021-08-30 13:45:00,FFIV
205.78,205.78,205.78,205.78,100,2021-08-30 13:47:00,FFIV
205.995,206.23,205.995,206.2,300,2021-08-30 13:51:00,FFIV
206.21,206.31,206.21,206.31,200,2021-08-30 13:53:00,FFIV
206.47,206.47,206.3861,206.3861,200,2021-08-30 13:54:00,FFIV
206.56,206.56,206.56,206.56,100,2021-08-30 13:57:00,FFIV
206.81,206.81,206.81,206.81,100,2021-08-30 13:58:00,FFIV
206.81,206.96,206.81,206.96,300,2021-08-30 13:59:00,FFIV
206.8,206.8,206.8,206.8,140,2021-08-30 14:00:00,FFIV
206.8519,206.8519,206.8519,206.8519,124,2021-08-30 14:05:00,FFIV
207.009,207.12,207.009,207.12,575,2021-08-30 14:08:00,FFIV
206.92,207.455,206.9,207.455,900,2021-08-30 14:10:00,FFIV
207.29,207.29,207.29,207.29,200,2021-08-30 14:13:00,FFIV
207.49,207.49,207.49,207.49,250,2021-08-30 14:14:00,FFIV
207.31,207.31,207.31,207.31,103,2021-08-30 14:15:00,FFIV
207.19,207.19,207.19,207.19,513,2021-08-30 14:17:00,FFIV
207.16,207.4722,207.16,207.47,1300,2021-08-30 14:19:00,FFIV
207.47,207.47,207.47,207.47,100,2021-08-30 14:23:00,FFIV
207.469,207.469,207.26,207.26,300,2021-08-30 14:24:00,FFIV
207.43,207.43,207.43,207.43,100,2021-08-30 14:25:00,FFIV
207.61,207.61,207.36,207.36,200,2021-08-30 14:27:00,FFIV
207.43,207.43,207.43,207.43,100,2021-08-30 14:28:00,FFIV
207.3,207.35,207.29,207.35,300,2021-08-30 14:29:00,FFIV
207.21,207.26,207.21,207.26,200,2021-08-30 14:30:00,FFIV
207.2768,207.38,207.2768,207.38,300,2021-08-30 14:31:00,FFIV
207.44,207.54,207.44,207.54,200,2021-08-30 14:32:00,FFIV
207.73,207.73,207.585,207.585,200,2021-08-30 14:34:00,FFIV
207.545,207.69,207.545,207.69,200,2021-08-30 14:35:00,FFIV
207.69,207.69,207.4001,207.4692,700,2021-08-30 14:37:00,FFIV
207.599,207.71,207.59,207.71,500,2021-08-30 14:38:00,FFIV
207.87,208.0,207.86,208.0,800,2021-08-30 14:39:00,FFIV
208.18,208.2,208.0,208.0,701,2021-08-30 14:40:00,FFIV
208.2,208.21,208.2,208.21,200,2021-08-30 14:41:00,FFIV
208.05,208.05,207.97,207.97,700,2021-08-30 14:42:00,FFIV
207.8,207.8,207.79,207.8,300,2021-08-30 14:44:00,FFIV
207.74,207.74,207.74,207.74,100,2021-08-30 14:46:00,FFIV
207.6482,207.6482,207.6482,207.6482,250,2021-08-30 14:49:00,FFIV
207.47,207.53,207.37,207.37,300,2021-08-30 14:50:00,FFIV
207.335,207.335,207.335,207.335,100,2021-08-30 14:51:00,FFIV
207.28,207.28,207.2,207.2,400,2021-08-30 14:52:00,FFIV
207.31,207.31,207.04,207.04,300,2021-08-30 14:56:00,FFIV
207.0301,207.0301,207.0301,207.0301,200,2021-08-30 14:57:00,FFIV
207.01,207.135,207.01,207.135,450,2021-08-30 15:00:00,FFIV
207.22,207.22,207.22,207.22,100,2021-08-30 15:01:00,FFIV
207.24,207.26,207.24,207.26,200,2021-08-30 15:02:00,FFIV
207.349,207.349,207.34,207.34,200,2021-08-30 15:03:00,FFIV
207.18,207.18,207.18,207.18,125,2021-08-30 15:05:00,FFIV
207.41,207.42,207.35,207.35,400,2021-08-30 15:06:00,FFIV
207.37,207.37,207.305,207.305,400,2021-08-30 15:09:00,FFIV
207.42,207.42,207.42,207.42,100,2021-08-30 15:11:00,FFIV
207.529,207.529,207.529,207.529,100,2021-08-30 15:13:00,FFIV
207.31,207.31,207.31,207.31,100,2021-08-30 15:17:00,FFIV
207.26,207.26,207.26,207.26,200,2021-08-30 15:18:00,FFIV
207.31,207.4099,207.31,207.4099,1000,2021-08-30 15:19:00,FFIV
207.5,207.5,207.5,207.5,100,2021-08-30 15:20:00,FFIV
207.429,207.429,207.429,207.429,400,2021-08-30 15:21:00,FFIV
207.305,207.367,207.3,207.367,1080,2021-08-30 15:24:00,FFIV
207.325,207.325,207.325,207.325,100,2021-08-30 15:25:00,FFIV
207.35,207.35,207.35,207.35,100,2021-08-30 15:26:00,FFIV
207.41,207.41,207.41,207.41,100,2021-08-30 15:28:00,FFIV
207.53,207.53,207.53,207.53,100,2021-08-30 15:29:00,FFIV
207.45,207.64,207.45,207.64,200,2021-08-30 15:31:00,FFIV
207.54,207.55,207.48,207.48,400,2021-08-30 15:33:00,FFIV
207.619,207.62,207.535,207.62,500,2021-08-30 15:35:00,FFIV
207.58,207.58,207.58,207.58,100,2021-08-30 15:36:00,FFIV
207.62,207.62,207.62,207.62,100,2021-08-30 15:37:00,FFIV
207.65,207.74,207.65,207.74,204,2021-08-30 15:38:00,FFIV
207.93,207.93,207.93,207.93,100,2021-08-30 15:39:00,FFIV
207.75,207.77,207.59,207.77,400,2021-08-30 15:40:00,FFIV
207.735,207.735,207.735,207.735,202,2021-08-30 15:43:00,FFIV
207.83,207.83,207.68,207.68,200,2021-08-30 15:45:00,FFIV
207.65,207.65,207.65,207.65,176,2021-08-30 15:49:00,FFIV
207.76,207.9327,207.74,207.9327,400,2021-08-30 15:50:00,FFIV
208.11,208.11,208.03,208.03,200,2021-08-30 15:51:00,FFIV
207.96,208.059,207.87,207.87,500,2021-08-30 15:52:00,FFIV
207.995,207.995,207.995,207.995,100,2021-08-30 15:55:00,FFIV
207.99,208.075,207.99,208.075,400,2021-08-30 15:58:00,FFIV
207.83,207.83,207.83,207.83,100,2021-08-30 15:59:00,FFIV
207.83,207.83,207.83,207.83,200,2021-08-30 16:01:00,FFIV
207.47,207.47,207.47,207.47,100,2021-08-30 16:04:00,FFIV
207.47,207.47,207.47,207.47,100,2021-08-30 16:09:00,FFIV
207.46,207.46,207.46,207.46,100,2021-08-30 16:10:00,FFIV
207.53,207.58,207.46,207.565,500,2021-08-30 16:11:00,FFIV
207.595,207.595,207.595,207.595,500,2021-08-30 16:15:00,FFIV
207.635,207.68,207.49,207.68,400,2021-08-30 16:16:00,FFIV
207.7,207.7,207.7,207.7,100,2021-08-30 16:17:00,FFIV
207.69,207.69,207.49,207.49,694,2021-08-30 16:20:00,FFIV
207.57,207.57,207.38,207.38,300,2021-08-30 16:21:00,FFIV
207.38,207.38,207.38,207.38,100,2021-08-30 16:22:00,FFIV
207.205,207.205,207.205,207.205,100,2021-08-30 16:23:00,FFIV
207.275,207.34,207.14,207.34,900,2021-08-30 16:24:00,FFIV
207.37,207.37,207.295,207.295,200,2021-08-30 16:25:00,FFIV
207.22,207.22,207.22,207.22,100,2021-08-30 16:27:00,FFIV
207.15,207.16,207.0,207.14,600,2021-08-30 16:29:00,FFIV
207.06,207.06,207.05,207.05,300,2021-08-30 16:30:00,FFIV
206.9177,206.9177,206.9177,206.9177,150,2021-08-30 16:34:00,FFIV
206.9,206.9,206.9,206.9,300,2021-08-30 16:35:00,FFIV
206.895,206.895,206.895,206.895,100,2021-08-30 16:37:00,FFIV
206.93,206.99,206.905,206.905,600,2021-08-30 16:40:00,FFIV
206.99,206.99,206.81,206.81,500,2021-08-30 16:44:00,FFIV
206.75,206.75,206.62,206.62,400,2021-08-30 16:46:00,FFIV
206.64,206.65,206.585,206.585,300,2021-08-30 16:47:00,FFIV
206.75,206.78,206.74,206.78,402,2021-08-30 16:51:00,FFIV
206.68,206.76,206.68,206.76,300,2021-08-30 16:52:00,FFIV
206.825,206.825,206.825,206.825,100,2021-08-30 16:57:00,FFIV
206.76,206.76,206.76,206.76,200,2021-08-30 16:59:00,FFIV
206.76,206.76,206.76,206.76,100,2021-08-30 17:00:00,FFIV
206.6662,206.839,206.6662,206.839,495,2021-08-30 17:01:00,FFIV
206.89,206.89,206.845,206.845,200,2021-08-30 17:02:00,FFIV
206.77,206.77,206.77,206.77,100,2021-08-30 17:06:00,FFIV
206.74,206.8,206.73,206.8,400,2021-08-30 17:07:00,FFIV
206.705,206.705,206.705,206.705,100,2021-08-30 17:09:00,FFIV
206.71,206.71,206.71,206.71,100,2021-08-30 17:10:00,FFIV
206.66,206.79,206.66,206.79,820,2021-08-30 17:11:00,FFIV
206.789,206.789,206.69,206.69,200,2021-08-30 17:15:00,FFIV
206.8,206.8,206.795,206.795,200,2021-08-30 17:17:00,FFIV
206.82,206.82,206.82,206.82,100,2021-08-30 17:19:00,FFIV
206.825,206.91,206.825,206.91,545,2021-08-30 17:22:00,FFIV
207.11,207.11,207.11,207.11,100,2021-08-30 17:24:00,FFIV
207.12,207.12,207.11,207.11,300,2021-08-30 17:25:00,FFIV
206.87,206.87,206.87,206.87,401,2021-08-30 17:31:00,FFIV
206.74,206.74,206.74,206.74,100,2021-08-30 17:33:00,FFIV
206.779,206.779,206.779,206.779,100,2021-08-30 17:35:00,FFIV
206.69,206.69,206.58,206.58,501,2021-08-30 17:38:00,FFIV
206.58,206.58,206.58,206.58,200,2021-08-30 17:40:00,FFIV
206.575,206.8,206.575,206.8,3072,2021-08-30 17:41:00,FFIV
206.89,206.91,206.89,206.91,200,2021-08-30 17:42:00,FFIV
206.9156,206.9156,206.9156,206.9156,100,2021-08-30 17:43:00,FFIV
206.85,206.85,206.85,206.85,100,2021-08-30 17:46:00,FFIV
206.96,207.0301,206.94,207.0301,1200,2021-08-30 17:47:00,FFIV
207.02,207.02,207.02,207.02,100,2021-08-30 17:49:00,FFIV
207.04,207.04,206.96,206.96,500,2021-08-30 17:51:00,FFIV
206.79,206.79,206.79,206.79,116,2021-08-30 17:53:00,FFIV
206.91,206.91,206.91,206.91,100,2021-08-30 17:54:00,FFIV
206.95,206.95,206.95,206.95,100,2021-08-30 18:00:00,FFIV
206.99,207.01,206.99,207.01,500,2021-08-30 18:01:00,FFIV
206.97,206.99,206.97,206.99,300,2021-08-30 18:06:00,FFIV
206.8,206.81,206.71,206.71,507,2021-08-30 18:08:00,FFIV
206.71,206.71,206.71,206.71,100,2021-08-30 18:09:00,FFIV
206.67,206.7,206.67,206.7,400,2021-08-30 18:12:00,FFIV
206.77,206.79,206.77,206.79,300,2021-08-30 18:13:00,FFIV
206.83,206.83,206.83,206.83,300,2021-08-30 18:16:00,FFIV
206.89,206.95,206.83,206.83,600,2021-08-30 18:18:00,FFIV
206.83,206.83,206.83,206.83,100,2021-08-30 18:19:00,FFIV
206.75,206.75,206.75,206.75,100,2021-08-30 18:20:00,FFIV
206.7699,206.77,206.7699,206.77,200,2021-08-30 18:21:00,FFIV
206.67,206.67,206.67,206.67,100,2021-08-30 18:22:00,FFIV
206.695,206.695,206.695,206.695,100,2021-08-30 18:24:00,FFIV
206.58,206.689,206.57,206.62,400,2021-08-30 18:26:00,FFIV
206.62,206.62,206.57,206.57,200,2021-08-30 18:28:00,FFIV
206.49,206.56,206.49,206.56,400,2021-08-30 18:29:00,FFIV
206.62,206.62,206.62,206.62,300,2021-08-30 18:30:00,FFIV
206.619,206.619,206.619,206.619,100,2021-08-30 18:31:00,FFIV
206.4288,206.43,206.4288,206.43,1010,2021-08-30 18:35:00,FFIV
206.25,206.25,206.2,206.2,386,2021-08-30 18:39:00,FFIV
206.24,206.29,206.24,206.29,300,2021-08-30 18:40:00,FFIV
206.339,206.339,206.339,206.339,100,2021-08-30 18:41:00,FFIV
206.36,206.37,206.36,206.37,200,2021-08-30 18:42:00,FFIV
206.42,206.42,206.29,206.29,217,2021-08-30 18:44:00,FFIV
206.33,206.33,206.33,206.33,200,2021-08-30 18:48:00,FFIV
206.3254,206.3254,206.3254,206.3254,100,2021-08-30 18:51:00,FFIV
206.27,206.27,206.23,206.23,200,2021-08-30 18:53:00,FFIV
206.11,206.11,206.11,206.11,100,2021-08-30 18:54:00,FFIV
206.1,206.1,206.1,206.1,100,2021-08-30 18:55:00,FFIV
206.09,206.09,206.06,206.06,200,2021-08-30 18:57:00,FFIV
206.02,206.07,206.005,206.07,700,2021-08-30 18:59:00,FFIV
206.07,206.16,206.07,206.075,300,2021-08-30 19:00:00,FFIV
206.08,206.08,206.08,206.08,100,2021-08-30 19:01:00,FFIV
205.93,205.93,205.9,205.9,300,2021-08-30 19:02:00,FFIV
206.01,206.01,206.0,206.0,400,2021-08-30 19:05:00,FFIV
206.016,206.016,206.016,206.016,250,2021-08-30 19:06:00,FFIV
206.0287,206.0287,206.0287,206.0287,625,2021-08-30 19:07:00,FFIV
206.025,206.025,205.97,205.97,300,2021-08-30 19:08:00,FFIV
206.08,206.08,206.08,206.08,100,2021-08-30 19:09:00,FFIV
206.1,206.1,206.05,206.05,200,2021-08-30 19:11:00,FFIV
205.99,205.99,205.98,205.98,300,2021-08-30 19:13:00,FFIV
205.83,205.83,205.83,205.83,100,2021-08-30 19:14:00,FFIV
205.82,205.95,205.82,205.95,200,2021-08-30 19:15:00,FFIV
205.97,206.06,205.97,206.06,300,2021-08-30 19:16:00,FFIV
206.089,206.089,206.089,206.089,100,2021-08-30 19:18:00,FFIV
205.94,205.94,205.94,205.94,100,2021-08-30 19:19:00,FFIV
205.95,205.95,205.95,205.95,100,2021-08-30 19:20:00,FFIV
206.035,206.035,206.035,206.035,100,2021-08-30 19:21:00,FFIV
206.09,206.09,206.05,206.05,800,2021-08-30 19:22:00,FFIV
206.08,206.09,206.05,206.05,300,2021-08-30 19:23:00,FFIV
206.01,206.01,206.0,206.0,200,2021-08-30 19:25:00,FFIV
206.05,206.11,206.05,206.09,506,2021-08-30 19:27:00,FFIV
206.12,206.12,206.12,206.12,100,2021-08-30 19:28:00,FFIV
206.08,206.08,206.08,206.08,100,2021-08-30 19:29:00,FFIV
206.02,206.02,206.02,206.02,100,2021-08-30 19:30:00,FFIV
206.0,206.015,206.0,206.015,221,2021-08-30 19:31:00,FFIV
205.93,205.97,205.93,205.97,200,2021-08-30 19:33:00,FFIV
206.02,206.1,206.02,206.1,500,2021-08-30 19:34:00,FFIV
206.12,206.12,206.085,206.085,300,2021-08-30 19:35:00,FFIV
206.12,206.23,206.12,206.165,600,2021-08-30 19:36:00,FFIV
206.34,206.34,206.335,206.335,200,2021-08-30 19:37:00,FFIV
206.29,206.35,206.23,206.34,1100,2021-08-30 19:38:00,FFIV
206.34,206.54,206.28,206.54,900,2021-08-30 19:39:00,FFIV
206.465,206.465,206.35,206.35,300,2021-08-30 19:40:00,FFIV
206.35,206.35,206.35,206.35,100,2021-08-30 19:41:00,FFIV
206.31,206.365,206.31,206.365,200,2021-08-30 19:42:00,FFIV
206.385,206.385,206.385,206.385,100,2021-08-30 19:43:00,FFIV
206.355,206.51,206.355,206.46,1200,2021-08-30 19:44:00,FFIV
206.43,206.45,206.36,206.41,600,2021-08-30 19:45:00,FFIV
206.35,206.35,206.35,206.35,400,2021-08-30 19:46:00,FFIV
206.38,206.38,206.25,206.25,500,2021-08-30 19:48:00,FFIV
206.26,206.26,206.23,206.23,300,2021-08-30 19:49:00,FFIV
206.25,206.25,206.191,206.191,489,2021-08-30 19:50:00,FFIV
206.22,206.25,206.22,206.25,200,2021-08-30 19:51:00,FFIV
206.24,206.24,206.11,206.13,1900,2021-08-30 19:52:00,FFIV
206.17,206.2,206.08,206.09,1100,2021-08-30 19:53:00,FFIV
206.06,206.17,206.05,206.14,1600,2021-08-30 19:54:00,FFIV
206.14,206.14,206.04,206.04,1500,2021-08-30 19:55:00,FFIV
206.135,206.135,206.06,206.06,1104,2021-08-30 19:56:00,FFIV
205.98,206.01,205.92,206.01,2000,2021-08-30 19:57:00,FFIV
206.0,206.02,205.94,206.02,800,2021-08-30 19:58:00,FFIV
205.97,206.0,205.77,205.84,7529,2021-08-30 19:59:00,FFIV
205.86,205.86,205.86,205.86,22122,2021-08-30 20:00:00,FFIV
206.12,206.12,205.7,205.7,4892,2021-08-31 13:30:00,FFIV
205.0,205.0,204.6,204.6,650,2021-08-31 13:32:00,FFIV
204.6461,204.6461,204.56,204.56,600,2021-08-31 13:33:00,FFIV
204.56,204.57,204.17,204.425,700,2021-08-31 13:34:00,FFIV
204.73,204.73,204.73,204.73,300,2021-08-31 13:35:00,FFIV
204.49,204.49,204.19,204.19,400,2021-08-31 13:36:00,FFIV
204.3555,204.3555,204.22,204.22,800,2021-08-31 13:37:00,FFIV
204.3635,204.66,204.3635,204.66,800,2021-08-31 13:38:00,FFIV
204.18,204.18,204.18,204.18,100,2021-08-31 13:39:00,FFIV
204.335,204.335,203.66,203.9076,2932,2021-08-31 13:40:00,FFIV
203.8605,203.8605,203.66,203.66,600,2021-08-31 13:42:00,FFIV
203.5,203.75,203.5,203.75,300,2021-08-31 13:43:00,FFIV
203.705,203.85,203.705,203.85,400,2021-08-31 13:44:00,FFIV
203.58,203.6,203.56,203.6,300,2021-08-31 13:45:00,FFIV
203.764,203.764,203.76,203.76,350,2021-08-31 13:46:00,FFIV
203.75,203.79,203.685,203.685,400,2021-08-31 13:47:00,FFIV
203.69,203.69,203.69,203.69,100,2021-08-31 13:51:00,FFIV
203.505,203.505,203.47,203.47,200,2021-08-31 13:55:00,FFIV
203.59,203.93,203.59,203.78,900,2021-08-31 13:56:00,FFIV
203.9,203.95,203.78,203.95,600,2021-08-31 13:57:00,FFIV
204.26,204.26,203.9,203.9,400,2021-08-31 13:58:00,FFIV
204.2,204.21,204.0,204.0,400,2021-08-31 13:59:00,FFIV
203.92,203.92,203.68,203.68,200,2021-08-31 14:00:00,FFIV
203.6565,204.01,203.6565,204.01,500,2021-08-31 14:01:00,FFIV
204.0,204.0,204.0,204.0,100,2021-08-31 14:02:00,FFIV
204.0277,204.0277,204.0277,204.0277,100,2021-08-31 14:05:00,FFIV
203.59,203.59,203.59,203.59,100,2021-08-31 14:06:00,FFIV
203.55,203.55,203.55,203.55,100,2021-08-31 14:09:00,FFIV
203.77,203.89,203.57,203.575,1100,2021-08-31 14:12:00,FFIV
203.82,203.88,203.82,203.88,200,2021-08-31 14:14:00,FFIV
203.805,203.805,203.795,203.795,200,2021-08-31 14:15:00,FFIV
203.97,203.97,203.97,203.97,200,2021-08-31 14:17:00,FFIV
204.025,204.27,204.025,204.27,400,2021-08-31 14:19:00,FFIV
204.025,204.025,204.025,204.025,100,2021-08-31 14:20:00,FFIV
203.76,203.95,203.76,203.95,500,2021-08-31 14:22:00,FFIV
203.85,203.85,203.85,203.85,100,2021-08-31 14:24:00,FFIV
203.74,203.78,203.62,203.71,700,2021-08-31 14:26:00,FFIV
203.93,203.93,203.93,203.93,100,2021-08-31 14:28:00,FFIV
203.66,203.66,203.66,203.66,100,2021-08-31 14:31:00,FFIV
203.91,203.94,203.91,203.94,200,2021-08-31 14:32:00,FFIV
204.03,204.03,204.03,204.03,100,2021-08-31 14:33:00,FFIV
203.67,203.75,203.63,203.75,400,2021-08-31 14:35:00,FFIV
203.6675,203.6675,203.6675,203.6675,100,2021-08-31 14:36:00,FFIV
203.7,203.7,203.7,203.7,200,2021-08-31 14:37:00,FFIV
203.525,203.54,203.525,203.54,300,2021-08-31 14:39:00,FFIV
203.48,203.48,203.355,203.355,375,2021-08-31 14:41:00,FFIV
203.17,203.17,203.17,203.17,300,2021-08-31 14:42:00,FFIV
203.22,203.22,203.22,203.22,100,2021-08-31 14:44:00,FFIV
203.34,203.639,203.34,203.545,2028,2021-08-31 14:45:00,FFIV
203.64,203.68,203.64,203.68,300,2021-08-31 14:46:00,FFIV
203.59,203.819,203.59,203.819,1354,2021-08-31 14:51:00,FFIV
203.8,203.8,203.75,203.75,200,2021-08-31 14:55:00,FFIV
203.835,203.835,203.76,203.76,600,2021-08-31 14:58:00,FFIV
203.91,204.04,203.91,204.015,500,2021-08-31 14:59:00,FFIV
204.065,204.065,204.065,204.065,200,2021-08-31 15:02:00,FFIV
204.0,204.0,203.89,203.89,300,2021-08-31 15:03:00,FFIV
203.87,203.87,203.84,203.84,300,2021-08-31 15:04:00,FFIV
203.78,203.87,203.74,203.74,1100,2021-08-31 15:05:00,FFIV
203.505,203.59,203.505,203.59,500,2021-08-31 15:06:00,FFIV
203.68,203.69,203.68,203.68,300,2021-08-31 15:10:00,FFIV
203.725,203.79,203.71,203.71,1036,2021-08-31 15:13:00,FFIV
203.75,203.92,203.75,203.86,600,2021-08-31 15:14:00,FFIV
203.94,204.08,203.94,204.08,500,2021-08-31 15:15:00,FFIV
204.17,204.175,204.17,204.175,300,2021-08-31 15:18:00,FFIV
204.29,204.29,204.29,204.29,200,2021-08-31 15:21:00,FFIV
204.2,204.2,204.2,204.2,300,2021-08-31 15:25:00,FFIV
204.145,204.145,204.145,204.145,100,2021-08-31 15:26:00,FFIV
204.07,204.07,203.9901,204.055,600,2021-08-31 15:27:00,FFIV
204.12,204.24,204.12,204.195,400,2021-08-31 15:30:00,FFIV
204.21,204.24,204.21,204.24,300,2021-08-31 15:33:00,FFIV
204.275,204.39,204.275,204.39,700,2021-08-31 15:34:00,FFIV
204.375,204.44,204.375,204.44,600,2021-08-31 15:35:00,FFIV
204.43,204.44,204.3,204.42,600,2021-08-31 15:36:00,FFIV
204.41,204.41,204.41,204.41,600,2021-08-31 15:37:00,FFIV
204.27,204.27,204.16,204.16,400,2021-08-31 15:39:00,FFIV
204.32,204.32,204.32,204.32,100,2021-08-31 15:40:00,FFIV
204.27,204.27,204.27,204.27,100,2021-08-31 15:41:00,FFIV
204.12,204.12,204.08,204.08,300,2021-08-31 15:45:00,FFIV
204.055,204.055,204.055,204.055,100,2021-08-31 15:46:00,FFIV
204.0071,204.0071,204.0071,204.0071,271,2021-08-31 15:47:00,FFIV
203.93,203.97,203.79,203.79,600,2021-08-31 15:48:00,FFIV
203.75,203.78,203.75,203.76,500,2021-08-31 15:49:00,FFIV
203.75,203.75,203.75,203.75,100,2021-08-31 15:50:00,FFIV
203.75,203.77,203.64,203.77,700,2021-08-31 15:51:00,FFIV
203.74,203.74,203.74,203.74,100,2021-08-31 15:52:00,FFIV
203.72,203.8,203.66,203.76,700,2021-08-31 15:54:00,FFIV
203.68,203.745,203.67,203.745,300,2021-08-31 15:55:00,FFIV
203.82,203.82,203.82,203.82,200,2021-08-31 15:56:00,FFIV
203.8,203.8,203.75,203.75,300,2021-08-31 15:57:00,FFIV
203.71,203.82,203.69,203.69,2084,2021-08-31 15:59:00,FFIV
203.84,203.84,203.84,203.84,100,2021-08-31 16:00:00,FFIV
203.92,203.94,203.85,203.88,1041,2021-08-31 16:01:00,FFIV
203.76,203.84,203.76,203.84,300,2021-08-31 16:03:00,FFIV
203.91,203.95,203.905,203.95,300,2021-08-31 16:05:00,FFIV
203.96,203.96,203.91,203.91,300,2021-08-31 16:06:00,FFIV
203.92,203.92,203.92,203.92,100,2021-08-31 16:09:00,FFIV
203.99,203.99,203.99,203.99,100,2021-08-31 16:10:00,FFIV
204.0,204.04,203.96,203.96,1200,2021-08-31 16:11:00,FFIV
203.96,203.96,203.895,203.895,416,2021-08-31 16:12:00,FFIV
203.83,203.83,203.83,203.83,100,2021-08-31 16:15:00,FFIV
203.96,203.96,203.96,203.96,100,2021-08-31 16:16:00,FFIV
203.975,203.975,203.92,203.92,407,2021-08-31 16:17:00,FFIV
203.87,203.87,203.86,203.86,200,2021-08-31 16:18:00,FFIV
203.91,203.975,203.91,203.975,200,2021-08-31 16:19:00,FFIV
203.93,203.94,203.92,203.92,400,2021-08-31 16:20:00,FFIV
203.915,203.915,203.86,203.86,300,2021-08-31 16:21:00,FFIV
203.85,203.85,203.82,203.85,500,2021-08-31 16:22:00,FFIV
203.7,203.705,203.595,203.705,300,2021-08-31 16:24:00,FFIV
203.55,203.55,203.49,203.49,200,2021-08-31 16:27:00,FFIV
203.61,203.66,203.61,203.655,600,2021-08-31 16:29:00,FFIV
203.54,203.54,203.52,203.52,300,2021-08-31 16:31:00,FFIV
203.56,203.65,203.56,203.65,400,2021-08-31 16:32:00,FFIV
203.61,203.62,203.61,203.61,300,2021-08-31 16:33:00,FFIV
203.635,203.635,203.635,203.635,164,2021-08-31 16:34:00,FFIV
203.7,203.7,203.58,203.66,818,2021-08-31 16:35:00,FFIV
203.74,203.78,203.71,203.75,400,2021-08-31 16:36:00,FFIV
203.735,203.735,203.735,203.735,100,2021-08-31 16:37:00,FFIV
203.67,203.67,203.66,203.66,300,2021-08-31 16:38:00,FFIV
203.73,203.81,203.73,203.78,719,2021-08-31 16:39:00,FFIV
203.905,203.905,203.84,203.84,200,2021-08-31 16:41:00,FFIV
203.885,203.885,203.885,203.885,100,2021-08-31 16:42:00,FFIV
203.9699,203.9699,203.9699,203.9699,100,2021-08-31 16:43:00,FFIV
203.91,204.0,203.845,203.92,600,2021-08-31 16:44:00,FFIV
204.02,204.02,204.01,204.01,300,2021-08-31 16:46:00,FFIV
203.95,203.95,203.95,203.95,100,2021-08-31 16:47:00,FFIV
203.88,203.88,203.88,203.88,1644,2021-08-31 16:49:00,FFIV
203.749,203.749,203.749,203.749,138,2021-08-31 16:51:00,FFIV
203.83,203.83,203.78,203.78,300,2021-08-31 16:52:00,FFIV
203.81,203.81,203.79,203.79,200,2021-08-31 16:53:00,FFIV
203.75,203.75,203.75,203.75,300,2021-08-31 16:54:00,FFIV
203.77,203.77,203.77,203.77,100,2021-08-31 16:56:00,FFIV
203.8,203.82,203.73,203.765,1000,2021-08-31 16:59:00,FFIV
203.765,203.765,203.765,203.765,100,2021-08-31 17:00:00,FFIV
203.765,203.765,203.765,203.765,100,2021-08-31 17:01:00,FFIV
203.71,203.72,203.65,203.65,400,2021-08-31 17:02:00,FFIV
203.63,203.63,203.63,203.63,100,2021-08-31 17:04:00,FFIV
203.26,203.3,203.2,203.3,400,2021-08-31 17:07:00,FFIV
203.23,203.23,203.12,203.185,500,2021-08-31 17:08:00,FFIV
203.165,203.22,203.165,203.22,211,2021-08-31 17:09:00,FFIV
203.14,203.14,203.14,203.14,100,2021-08-31 17:11:00,FFIV
203.15,203.15,202.9,202.9,300,2021-08-31 17:12:00,FFIV
202.985,202.985,202.985,202.985,200,2021-08-31 17:13:00,FFIV
202.7,202.7,202.7,202.7,100,2021-08-31 17:14:00,FFIV
202.745,202.88,202.745,202.84,1000,2021-08-31 17:15:00,FFIV
203.02,203.02,202.95,202.95,333,2021-08-31 17:16:00,FFIV
202.8544,202.8544,202.8544,202.8544,155,2021-08-31 17:17:00,FFIV
202.945,202.945,202.87,202.87,2000,2021-08-31 17:18:00,FFIV
202.945,202.945,202.945,202.945,110,2021-08-31 17:19:00,FFIV
202.885,202.975,202.85,202.915,900,2021-08-31 17:20:00,FFIV
202.875,202.91,202.74,202.75,1900,2021-08-31 17:21:00,FFIV
202.81,202.885,202.81,202.865,2489,2021-08-31 17:22:00,FFIV
202.71,202.815,202.71,202.815,300,2021-08-31 17:23:00,FFIV
202.79,202.805,202.7898,202.805,797,2021-08-31 17:25:00,FFIV
202.805,202.89,202.805,202.88,600,2021-08-31 17:26:00,FFIV
202.89,203.05,202.89,203.05,600,2021-08-31 17:27:00,FFIV
203.015,203.015,203.015,203.015,100,2021-08-31 17:28:00,FFIV
203.04,203.04,202.96,202.985,568,2021-08-31 17:29:00,FFIV
202.92,202.92,202.92,202.92,100,2021-08-31 17:31:00,FFIV
202.91,203.09,202.88,202.99,2863,2021-08-31 17:32:00,FFIV
203.02,203.02,203.0,203.0,300,2021-08-31 17:33:00,FFIV
202.92,202.92,202.92,202.92,100,2021-08-31 17:35:00,FFIV
203.09,203.14,203.065,203.065,600,2021-08-31 17:36:00,FFIV
203.03,203.03,203.03,203.03,200,2021-08-31 17:37:00,FFIV
202.95,203.13,202.95,203.045,700,2021-08-31 17:38:00,FFIV
203.1,203.24,203.09,203.24,995,2021-08-31 17:39:00,FFIV
203.265,203.265,203.265,203.265,100,2021-08-31 17:40:00,FFIV
203.255,203.34,203.25,203.295,800,2021-08-31 17:41:00,FFIV
203.32,203.32,203.32,203.32,133,2021-08-31 17:42:00,FFIV
203.27,203.27,203.23,203.23,500,2021-08-31 17:44:00,FFIV
203.19,203.19,203.18,203.18,300,2021-08-31 17:45:00,FFIV
203.12,203.12,202.81,202.81,2128,2021-08-31 17:46:00,FFIV
202.95,202.95,202.95,202.95,100,2021-08-31 17:47:00,FFIV
202.75,202.82,202.75,202.82,205,2021-08-31 17:52:00,FFIV
202.82,202.82,202.82,202.82,400,2021-08-31 17:53:00,FFIV
202.795,202.85,202.795,202.8475,400,2021-08-31 17:56:00,FFIV
202.9,202.91,202.9,202.91,200,2021-08-31 17:58:00,FFIV
202.9209,202.99,202.9209,202.99,235,2021-08-31 17:59:00,FFIV
203.06,203.06,203.06,203.06,300,2021-08-31 18:00:00,FFIV
203.105,203.13,203.02,203.13,800,2021-08-31 18:01:00,FFIV
203.04,203.12,203.04,203.079,714,2021-08-31 18:04:00,FFIV
203.105,203.105,203.105,203.105,200,2021-08-31 18:05:00,FFIV
203.2,203.28,203.2,203.28,200,2021-08-31 18:06:00,FFIV
203.31,203.37,203.2,203.2,900,2021-08-31 18:07:00,FFIV
203.29,203.41,203.29,203.41,600,2021-08-31 18:10:00,FFIV
203.4,203.4,203.4,203.4,500,2021-08-31 18:11:00,FFIV
203.38,203.43,203.38,203.43,300,2021-08-31 18:12:00,FFIV
203.38,203.38,203.38,203.38,100,2021-08-31 18:13:00,FFIV
203.53,203.53,203.46,203.46,200,2021-08-31 18:14:00,FFIV
203.5,203.5,203.5,203.5,100,2021-08-31 18:15:00,FFIV
203.51,203.51,203.51,203.51,400,2021-08-31 18:16:00,FFIV
203.6,203.6,203.6,203.6,101,2021-08-31 18:17:00,FFIV
203.58,203.59,203.58,203.58,300,2021-08-31 18:19:00,FFIV
203.54,203.54,203.54,203.54,100,2021-08-31 18:22:00,FFIV
203.53,203.63,203.53,203.5508,709,2021-08-31 18:23:00,FFIV
203.56,203.56,203.55,203.55,200,2021-08-31 18:24:00,FFIV
203.595,203.595,203.595,203.595,100,2021-08-31 18:25:00,FFIV
203.54,203.6,203.54,203.6,600,2021-08-31 18:26:00,FFIV
203.6,203.67,203.6,203.67,400,2021-08-31 18:27:00,FFIV
203.67,203.67,203.6,203.66,400,2021-08-31 18:28:00,FFIV
203.68,203.68,203.59,203.59,600,2021-08-31 18:31:00,FFIV
203.43,203.43,203.43,203.43,100,2021-08-31 18:35:00,FFIV
203.47,203.47,203.47,203.47,100,2021-08-31 18:36:00,FFIV
203.44,203.44,203.43,203.44,300,2021-08-31 18:37:00,FFIV
203.48,203.48,203.32,203.42,2303,2021-08-31 18:38:00,FFIV
203.32,203.32,203.32,203.32,200,2021-08-31 18:40:00,FFIV
203.3,203.33,203.28,203.325,600,2021-08-31 18:43:00,FFIV
203.18,203.18,203.18,203.18,100,2021-08-31 18:45:00,FFIV
202.87,203.09,202.87,203.09,1700,2021-08-31 18:46:00,FFIV
202.99,202.99,202.99,202.99,100,2021-08-31 18:48:00,FFIV
202.93,202.93,202.93,202.93,100,2021-08-31 18:49:00,FFIV
203.09,203.15,203.09,203.15,200,2021-08-31 18:50:00,FFIV
203.245,203.245,203.245,203.245,100,2021-08-31 18:52:00,FFIV
203.16,203.16,203.12,203.13,400,2021-08-31 18:54:00,FFIV
203.2,203.2,203.2,203.2,100,2021-08-31 18:55:00,FFIV
203.04,203.05,203.02,203.02,600,2021-08-31 18:57:00,FFIV
203.05,203.09,203.05,203.09,500,2021-08-31 18:58:00,FFIV
203.23,203.23,203.23,203.23,100,2021-08-31 18:59:00,FFIV
203.3,203.3,203.11,203.11,400,2021-08-31 19:00:00,FFIV
203.23,203.23,203.23,203.23,200,2021-08-31 19:01:00,FFIV
203.34,203.34,203.34,203.34,100,2021-08-31 19:02:00,FFIV
203.41,203.41,203.3,203.3,300,2021-08-31 19:03:00,FFIV
203.325,203.325,203.325,203.325,100,2021-08-31 19:06:00,FFIV
203.25,203.325,203.25,203.25,400,2021-08-31 19:08:00,FFIV
203.25,203.25,203.19,203.19,700,2021-08-31 19:10:00,FFIV
203.12,203.13,203.12,203.12,300,2021-08-31 19:11:00,FFIV
203.23,203.25,203.19,203.21,700,2021-08-31 19:12:00,FFIV
203.17,203.17,203.12,203.16,400,2021-08-31 19:15:00,FFIV
203.145,203.145,203.145,203.145,200,2021-08-31 19:16:00,FFIV
203.11,203.11,203.11,203.11,300,2021-08-31 19:17:00,FFIV
203.05,203.13,203.05,203.13,400,2021-08-31 19:18:00,FFIV
203.15,203.31,203.15,203.3,1200,2021-08-31 19:19:00,FFIV
203.25,203.25,203.25,203.25,100,2021-08-31 19:21:00,FFIV
203.27,203.27,203.23,203.23,200,2021-08-31 19:22:00,FFIV
203.29,203.29,203.21,203.21,400,2021-08-31 19:23:00,FFIV
203.16,203.16,203.15,203.15,200,2021-08-31 19:24:00,FFIV
203.2799,203.28,203.19,203.19,500,2021-08-31 19:26:00,FFIV
203.16,203.195,203.07,203.07,400,2021-08-31 19:27:00,FFIV
203.03,203.18,203.03,203.18,700,2021-08-31 19:29:00,FFIV
203.24,203.28,203.21,203.24,1390,2021-08-31 19:30:00,FFIV
203.26,203.27,203.26,203.27,400,2021-08-31 19:31:00,FFIV
203.3,203.3,203.3,203.3,200,2021-08-31 19:32:00,FFIV
203.49,203.61,203.47,203.61,500,2021-08-31 19:33:00,FFIV
203.649,203.649,203.649,203.649,100,2021-08-31 19:34:00,FFIV
203.61,203.61,203.52,203.538,1270,2021-08-31 19:35:00,FFIV
203.57,203.66,203.57,203.65,800,2021-08-31 19:36:00,FFIV
203.76,203.76,203.76,203.76,100,2021-08-31 19:37:00,FFIV
203.83,203.83,203.76,203.78,1400,2021-08-31 19:38:00,FFIV
203.76,203.8,203.75,203.8,900,2021-08-31 19:39:00,FFIV
203.91,203.93,203.82,203.93,600,2021-08-31 19:40:00,FFIV
203.97,203.98,203.92,203.92,500,2021-08-31 19:42:00,FFIV
203.99,203.99,203.97,203.97,229,2021-08-31 19:43:00,FFIV
203.93,204.0,203.89,204.0,2034,2021-08-31 19:44:00,FFIV
204.02,204.05,204.02,204.05,700,2021-08-31 19:45:00,FFIV
204.12,204.15,204.08,204.08,400,2021-08-31 19:46:00,FFIV
204.08,204.11,204.01,204.03,900,2021-08-31 19:47:00,FFIV
204.0,204.05,203.99,204.02,1200,2021-08-31 19:48:00,FFIV
203.97,204.05,203.97,204.02,600,2021-08-31 19:49:00,FFIV
204.015,204.45,204.015,204.27,2000,2021-08-31 19:50:00,FFIV
204.245,204.3,204.24,204.27,1500,2021-08-31 19:51:00,FFIV
204.24,204.3,204.23,204.3,1456,2021-08-31 19:52:00,FFIV
204.29,204.29,204.25,204.28,400,2021-08-31 19:53:00,FFIV
204.22,204.28,202.76,203.67,22568,2021-08-31 19:54:00,FFIV
203.69,203.69,203.38,203.525,4496,2021-08-31 19:55:00,FFIV
203.6,203.74,203.54,203.57,3436,2021-08-31 19:56:00,FFIV
203.52,203.68,203.49,203.58,3977,2021-08-31 19:57:00,FFIV
203.57,203.72,203.53,203.68,5476,2021-08-31 19:58:00,FFIV
203.645,203.72,203.5,203.57,9920,2021-08-31 19:59:00,FFIV
203.58,203.58,203.57,203.57,177917,2021-08-31 20:00:00,FFIV
203.57,203.57,203.57,203.57,14072,2021-08-31 20:01:00,FFIV
203.57,203.57,203.57,203.57,108,2021-08-31 20:02:00,FFIV
203.57,203.57,203.57,203.57,2585,2021-08-31 20:03:00,FFIV
203.56552,203.56552,203.56552,203.56552,695,2021-08-31 20:32:00,FFIV
203.57,203.57,203.57,203.57,1816,2021-08-31 21:11:00,FFIV
203.55,203.55,203.55,203.55,200,2021-08-31 22:00:00,FFIV
203.57,203.57,203.57,203.57,583,2021-09-01 12:24:00,FFIV
203.68,203.95,203.09,203.09,7275,2021-09-01 13:30:00,FFIV
202.96,202.96,202.96,202.96,100,2021-09-01 13:31:00,FFIV
203.14,203.19,202.68,203.03,600,2021-09-01 13:32:00,FFIV
202.47,203.0,202.05,202.05,1572,2021-09-01 13:33:00,FFIV
202.45,202.48,202.34,202.34,500,2021-09-01 13:34:00,FFIV
202.61,202.61,201.6,202.15,2677,2021-09-01 13:36:00,FFIV
202.13,202.13,202.13,202.13,100,2021-09-01 13:37:00,FFIV
202.04,202.185,202.02,202.185,886,2021-09-01 13:38:00,FFIV
201.745,201.84,201.695,201.695,300,2021-09-01 13:39:00,FFIV
201.78,201.79,201.78,201.79,370,2021-09-01 13:40:00,FFIV
201.66,201.66,201.66,201.66,100,2021-09-01 13:42:00,FFIV
201.7065,201.77,201.3,201.3,1579,2021-09-01 13:43:00,FFIV
201.25,201.25,200.65,200.66,800,2021-09-01 13:44:00,FFIV
200.58,200.58,200.02,200.02,2300,2021-09-01 13:45:00,FFIV
200.28,200.28,199.12,199.75,4485,2021-09-01 13:46:00,FFIV
200.045,200.045,199.38,199.73,675,2021-09-01 13:47:00,FFIV
199.71,200.0917,199.02,199.02,3099,2021-09-01 13:48:00,FFIV
199.58,199.6,199.45,199.45,300,2021-09-01 13:49:00,FFIV
199.58,200.12,199.58,199.73,1750,2021-09-01 13:50:00,FFIV
199.77,199.85,199.35,199.76,1221,2021-09-01 13:51:00,FFIV
199.6,199.77,199.6,199.73,608,2021-09-01 13:52:00,FFIV
199.73,199.89,199.58,199.67,1120,2021-09-01 13:54:00,FFIV
199.68,199.7,199.63,199.63,500,2021-09-01 13:55:00,FFIV
199.6,199.64,199.595,199.595,300,2021-09-01 13:56:00,FFIV
199.58,199.58,199.43,199.43,200,2021-09-01 13:57:00,FFIV
199.235,199.235,199.015,199.015,200,2021-09-01 13:58:00,FFIV
198.91,198.98,198.7,198.97,1936,2021-09-01 13:59:00,FFIV
198.8875,200.17,198.8875,199.725,15545,2021-09-01 14:00:00,FFIV
199.73,200.03,199.73,199.88,300,2021-09-01 14:01:00,FFIV
200.04,200.79,200.04,200.79,400,2021-09-01 14:02:00,FFIV
200.9,201.05,200.9,201.05,200,2021-09-01 14:03:00,FFIV
200.925,200.925,200.925,200.925,121,2021-09-01 14:04:00,FFIV
200.975,200.975,200.975,200.975,100,2021-09-01 14:05:00,FFIV
200.8601,200.8601,200.8601,200.8601,200,2021-09-01 14:06:00,FFIV
201.04,201.08,200.97,201.08,300,2021-09-01 14:07:00,FFIV
201.2119,201.75,201.2119,201.75,600,2021-09-01 14:08:00,FFIV
201.4783,201.4783,201.47,201.47,200,2021-09-01 14:10:00,FFIV
201.35,201.4,201.155,201.22,400,2021-09-01 14:12:00,FFIV
201.05,201.39,200.84,201.39,1105,2021-09-01 14:13:00,FFIV
200.97,200.97,200.97,200.97,100,2021-09-01 14:14:00,FFIV
200.98,200.98,200.98,200.98,100,2021-09-01 14:15:00,FFIV
201.12,201.215,201.015,201.08,1289,2021-09-01 14:16:00,FFIV
200.75,200.95,200.735,200.95,500,2021-09-01 14:17:00,FFIV
200.57,200.65,200.52,200.65,400,2021-09-01 14:19:00,FFIV
200.595,200.595,200.595,200.595,100,2021-09-01 14:20:00,FFIV
200.595,200.69,200.43,200.6,900,2021-09-01 14:22:00,FFIV
200.67,200.67,200.42,200.42,400,2021-09-01 14:24:00,FFIV
200.235,200.39,200.21,200.39,5600,2021-09-01 14:27:00,FFIV
200.205,200.205,200.205,200.205,100,2021-09-01 14:28:00,FFIV
200.35,200.53,200.35,200.53,900,2021-09-01 14:29:00,FFIV
200.47,200.67,200.47,200.64,700,2021-09-01 14:30:00,FFIV
200.38,200.615,200.38,200.615,500,2021-09-01 14:31:00,FFIV
200.65,200.65,200.555,200.63,532,2021-09-01 14:32:00,FFIV
200.65,200.65,200.65,200.65,100,2021-09-01 14:33:00,FFIV
200.6,200.72,200.57,200.57,1000,2021-09-01 14:35:00,FFIV
200.74,200.81,200.74,200.81,400,2021-09-01 14:37:00,FFIV
200.8,200.8,200.8,200.8,300,2021-09-01 14:38:00,FFIV
200.88,200.88,200.805,200.805,200,2021-09-01 14:39:00,FFIV
201.03,201.05,201.03,201.045,400,2021-09-01 14:40:00,FFIV
201.25,201.25,200.81,200.91,1000,2021-09-01 14:41:00,FFIV
200.81,200.91,200.81,200.91,979,2021-09-01 14:43:00,FFIV
201.08,201.13,201.01,201.01,700,2021-09-01 14:44:00,FFIV
200.82,200.96,200.82,200.96,300,2021-09-01 14:46:00,FFIV
200.97,200.97,200.97,200.97,100,2021-09-01 14:47:00,FFIV
200.74,201.01,200.74,200.915,500,2021-09-01 14:48:00,FFIV
200.8,200.8,200.8,200.8,100,2021-09-01 14:49:00,FFIV
200.89,200.89,200.89,200.89,100,2021-09-01 14:50:00,FFIV
200.93,200.93,200.93,200.93,106,2021-09-01 14:51:00,FFIV
200.9,200.91,200.87,200.87,300,2021-09-01 14:53:00,FFIV
201.05,201.09,201.05,201.09,300,2021-09-01 14:54:00,FFIV
201.31,201.31,201.15,201.21,600,2021-09-01 14:56:00,FFIV
201.18,201.18,201.17,201.17,200,2021-09-01 14:57:00,FFIV
201.27,201.43,201.27,201.43,200,2021-09-01 14:58:00,FFIV
201.59,201.59,201.42,201.46,900,2021-09-01 14:59:00,FFIV
201.46,201.46,201.4,201.455,500,2021-09-01 15:00:00,FFIV
201.49,201.5,201.49,201.49,400,2021-09-01 15:02:00,FFIV
201.42,201.42,201.4,201.4,200,2021-09-01 15:03:00,FFIV
201.41,201.44,201.41,201.44,300,2021-09-01 15:04:00,FFIV
201.52,201.54,201.47,201.53,700,2021-09-01 15:05:00,FFIV
201.64,201.64,201.61,201.62,500,2021-09-01 15:06:00,FFIV
201.59,201.87,201.59,201.87,400,2021-09-01 15:07:00,FFIV
202.01,202.14,202.01,202.12,500,2021-09-01 15:08:00,FFIV
202.06,202.13,202.06,202.13,500,2021-09-01 15:09:00,FFIV
201.98,201.98,201.98,201.98,200,2021-09-01 15:11:00,FFIV
202.0,202.0,201.91,201.91,200,2021-09-01 15:13:00,FFIV
201.69,201.77,201.69,201.77,200,2021-09-01 15:16:00,FFIV
201.61,201.61,201.61,201.61,100,2021-09-01 15:17:00,FFIV
201.7,201.71,201.61,201.61,300,2021-09-01 15:18:00,FFIV
201.55,201.55,201.55,201.55,100,2021-09-01 15:21:00,FFIV
201.39,201.39,201.39,201.39,100,2021-09-01 15:22:00,FFIV
201.29,201.29,201.29,201.29,100,2021-09-01 15:23:00,FFIV
201.23,201.25,201.16,201.16,400,2021-09-01 15:24:00,FFIV
201.05,201.17,201.05,201.11,700,2021-09-01 15:25:00,FFIV
201.19,201.2,201.1,201.1,400,2021-09-01 15:26:00,FFIV
201.27,201.27,201.27,201.27,100,2021-09-01 15:28:00,FFIV
201.34,201.34,201.34,201.34,100,2021-09-01 15:30:00,FFIV
201.38,201.43,201.38,201.43,600,2021-09-01 15:31:00,FFIV
201.43,201.43,201.37,201.37,300,2021-09-01 15:32:00,FFIV
201.31,201.44,201.31,201.44,200,2021-09-01 15:33:00,FFIV
201.46,201.46,201.25,201.25,500,2021-09-01 15:34:00,FFIV
201.385,201.385,201.385,201.385,263,2021-09-01 15:35:00,FFIV
201.49,201.49,201.49,201.49,100,2021-09-01 15:36:00,FFIV
201.37,201.37,201.36,201.36,200,2021-09-01 15:37:00,FFIV
201.31,201.31,201.31,201.31,100,2021-09-01 15:40:00,FFIV
201.39,201.47,201.34,201.34,600,2021-09-01 15:41:00,FFIV
201.21,201.21,201.16,201.16,300,2021-09-01 15:44:00,FFIV
201.43,201.43,201.35,201.35,200,2021-09-01 15:45:00,FFIV
201.59,201.74,201.59,201.65,636,2021-09-01 15:54:00,FFIV
201.63,201.63,201.63,201.63,131,2021-09-01 15:55:00,FFIV
201.85,201.85,201.71,201.71,200,2021-09-01 15:59:00,FFIV
201.8,201.8,201.755,201.755,500,2021-09-01 16:01:00,FFIV
201.975,201.975,201.96,201.96,200,2021-09-01 16:02:00,FFIV
201.97,201.97,201.95,201.95,200,2021-09-01 16:03:00,FFIV
201.95,201.95,201.95,201.95,100,2021-09-01 16:04:00,FFIV
201.97,201.97,201.97,201.97,100,2021-09-01 16:05:00,FFIV
201.95,201.95,201.825,201.825,800,2021-09-01 16:07:00,FFIV
201.75,201.835,201.56,201.67,700,2021-09-01 16:08:00,FFIV
201.61,201.61,201.61,201.61,200,2021-09-01 16:11:00,FFIV
201.36,201.4,201.27,201.32,800,2021-09-01 16:12:00,FFIV
201.375,201.375,201.3544,201.3544,209,2021-09-01 16:13:00,FFIV
201.375,201.38,201.29,201.37,744,2021-09-01 16:14:00,FFIV
201.355,201.42,201.355,201.37,600,2021-09-01 16:15:00,FFIV
201.345,201.345,201.345,201.345,100,2021-09-01 16:16:00,FFIV
201.31,201.31,201.31,201.31,100,2021-09-01 16:17:00,FFIV
201.32,201.32,201.32,201.32,100,2021-09-01 16:18:00,FFIV
201.25,201.25,201.25,201.25,100,2021-09-01 16:20:00,FFIV
201.37,201.44,201.37,201.44,400,2021-09-01 16:21:00,FFIV
201.47,201.57,201.45,201.475,1600,2021-09-01 16:22:00,FFIV
201.55,201.55,201.505,201.505,200,2021-09-01 16:23:00,FFIV
201.66,201.69,201.595,201.69,400,2021-09-01 16:24:00,FFIV
201.625,201.625,201.495,201.495,800,2021-09-01 16:25:00,FFIV
201.495,201.495,201.37,201.41,900,2021-09-01 16:27:00,FFIV
201.44,201.44,201.34,201.34,300,2021-09-01 16:28:00,FFIV
201.3259,201.3259,201.3259,201.3259,300,2021-09-01 16:29:00,FFIV
201.25,201.31,201.25,201.31,400,2021-09-01 16:30:00,FFIV
201.34,201.37,201.305,201.355,800,2021-09-01 16:31:00,FFIV
201.44,201.44,201.44,201.44,100,2021-09-01 16:32:00,FFIV
201.46,201.68,201.425,201.68,1500,2021-09-01 16:34:00,FFIV
201.855,201.855,201.855,201.855,300,2021-09-01 16:35:00,FFIV
201.9,201.9,201.8,201.8441,1005,2021-09-01 16:36:00,FFIV
201.83,201.83,201.83,201.83,200,2021-09-01 16:37:00,FFIV
201.84,201.84,201.84,201.84,200,2021-09-01 16:38:00,FFIV
201.885,202.02,201.85,202.02,1400,2021-09-01 16:39:00,FFIV
201.945,201.945,201.945,201.945,200,2021-09-01 16:40:00,FFIV
201.885,201.885,201.885,201.885,100,2021-09-01 16:41:00,FFIV
201.81,201.81,201.77,201.77,200,2021-09-01 16:42:00,FFIV
201.78,201.79,201.77,201.78,700,2021-09-01 16:43:00,FFIV
201.88,201.88,201.88,201.88,200,2021-09-01 16:44:00,FFIV
201.94,202.0,201.92,201.935,1700,2021-09-01 16:45:00,FFIV
201.87,201.87,201.87,201.87,200,2021-09-01 16:46:00,FFIV
201.91,202.1,201.91,202.1,1100,2021-09-01 16:47:00,FFIV
202.12,202.28,202.12,202.28,200,2021-09-01 16:48:00,FFIV
202.49,202.77,202.49,202.65,600,2021-09-01 16:49:00,FFIV
202.49,202.49,202.49,202.49,100,2021-09-01 16:50:00,FFIV
202.49,202.52,202.43,202.52,500,2021-09-01 16:51:00,FFIV
202.5108,202.62,202.5108,202.62,535,2021-09-01 16:52:00,FFIV
202.6,202.6,202.6,202.6,100,2021-09-01 16:53:00,FFIV
202.605,202.605,202.49,202.49,500,2021-09-01 16:54:00,FFIV
202.46,202.46,202.365,202.365,300,2021-09-01 16:55:00,FFIV
202.46,202.46,202.4,202.4,300,2021-09-01 16:56:00,FFIV
202.455,202.455,202.455,202.455,100,2021-09-01 16:57:00,FFIV
202.445,202.445,202.4005,202.4005,400,2021-09-01 16:58:00,FFIV
202.4,202.52,202.34,202.52,1500,2021-09-01 16:59:00,FFIV
202.52,202.52,202.46,202.46,500,2021-09-01 17:01:00,FFIV
202.55,202.64,202.55,202.64,500,2021-09-01 17:04:00,FFIV
202.58,202.58,202.51,202.51,500,2021-09-01 17:06:00,FFIV
202.5,202.5,202.48,202.48,200,2021-09-01 17:07:00,FFIV
202.44,202.44,202.43,202.43,200,2021-09-01 17:08:00,FFIV
202.39,202.39,202.39,202.39,100,2021-09-01 17:09:00,FFIV
202.5,202.5,202.43,202.43,200,2021-09-01 17:12:00,FFIV
202.41,202.41,202.35,202.35,300,2021-09-01 17:13:00,FFIV
202.46,202.47,202.46,202.47,300,2021-09-01 17:15:00,FFIV
202.44,202.44,202.44,202.44,100,2021-09-01 17:16:00,FFIV
202.35,202.35,202.35,202.35,100,2021-09-01 17:17:00,FFIV
202.34,202.52,202.34,202.52,900,2021-09-01 17:19:00,FFIV
202.57,202.57,202.57,202.57,200,2021-09-01 17:21:00,FFIV
202.6,202.63,202.6,202.63,300,2021-09-01 17:22:00,FFIV
202.645,202.645,202.645,202.645,100,2021-09-01 17:23:00,FFIV
202.69,202.69,202.69,202.69,100,2021-09-01 17:24:00,FFIV
202.69,202.69,202.69,202.69,300,2021-09-01 17:26:00,FFIV
202.7,202.7,202.7,202.7,100,2021-09-01 17:28:00,FFIV
202.78,202.78,202.78,202.78,100,2021-09-01 17:29:00,FFIV
202.79,202.85,202.78,202.85,400,2021-09-01 17:31:00,FFIV
202.79,202.79,202.75,202.75,243,2021-09-01 17:32:00,FFIV
202.82,202.82,202.82,202.82,100,2021-09-01 17:35:00,FFIV
202.82,202.88,202.82,202.88,400,2021-09-01 17:36:00,FFIV
202.85,202.85,202.84,202.84,300,2021-09-01 17:37:00,FFIV
202.9,202.9,202.9,202.9,100,2021-09-01 17:38:00,FFIV
202.96,202.96,202.96,202.96,200,2021-09-01 17:39:00,FFIV
202.9,202.91,202.87,202.87,800,2021-09-01 17:40:00,FFIV
202.95,202.97,202.95,202.97,300,2021-09-01 17:42:00,FFIV
202.8,202.8,202.79,202.79,200,2021-09-01 17:44:00,FFIV
202.71,202.71,202.67,202.67,403,2021-09-01 17:46:00,FFIV
202.6,202.62,202.59,202.62,300,2021-09-01 17:47:00,FFIV
202.55,202.615,202.55,202.615,400,2021-09-01 17:48:00,FFIV
202.51,202.54,202.51,202.54,200,2021-09-01 17:51:00,FFIV
202.63,202.76,202.63,202.72,1200,2021-09-01 17:52:00,FFIV
202.78,202.79,202.78,202.79,200,2021-09-01 17:53:00,FFIV
202.91,202.91,202.91,202.91,100,2021-09-01 17:54:00,FFIV
202.8,202.8,202.8,202.8,100,2021-09-01 17:55:00,FFIV
202.86,202.94,202.86,202.94,400,2021-09-01 17:56:00,FFIV
202.85,202.85,202.82,202.82,400,2021-09-01 17:57:00,FFIV
202.76,202.78,202.75,202.75,300,2021-09-01 17:58:00,FFIV
202.755,202.81,202.73,202.73,599,2021-09-01 18:00:00,FFIV
202.829,202.829,202.829,202.829,100,2021-09-01 18:04:00,FFIV
202.7,202.77,202.69,202.74,400,2021-09-01 18:05:00,FFIV
202.78,202.78,202.52,202.52,700,2021-09-01 18:06:00,FFIV
202.53,202.53,202.53,202.53,100,2021-09-01 18:08:00,FFIV
202.51,202.51,202.5,202.5,200,2021-09-01 18:09:00,FFIV
202.51,202.55,202.5,202.53,700,2021-09-01 18:10:00,FFIV
202.535,202.535,202.535,202.535,100,2021-09-01 18:11:00,FFIV
202.49,202.58,202.49,202.58,400,2021-09-01 18:13:00,FFIV
202.53,202.53,202.53,202.53,100,2021-09-01 18:14:00,FFIV
202.46,202.58,202.46,202.47,600,2021-09-01 18:16:00,FFIV
202.515,202.515,202.515,202.515,100,2021-09-01 18:17:00,FFIV
202.46,202.46,202.46,202.46,200,2021-09-01 18:18:00,FFIV
202.44,202.48,202.44,202.48,200,2021-09-01 18:19:00,FFIV
202.51,202.61,202.51,202.515,1400,2021-09-01 18:20:00,FFIV
202.62,202.62,202.62,202.62,100,2021-09-01 18:21:00,FFIV
202.52,202.58,202.52,202.58,300,2021-09-01 18:22:00,FFIV
202.58,202.6,202.58,202.6,200,2021-09-01 18:23:00,FFIV
202.62,202.655,202.59,202.59,500,2021-09-01 18:24:00,FFIV
202.62,202.68,202.61,202.68,1000,2021-09-01 18:26:00,FFIV
202.75,202.75,202.75,202.75,100,2021-09-01 18:27:00,FFIV
202.78,202.8,202.745,202.745,600,2021-09-01 18:29:00,FFIV
202.8,202.8,202.8,202.8,100,2021-09-01 18:31:00,FFIV
202.78,202.78,202.78,202.78,100,2021-09-01 18:33:00,FFIV
202.835,202.94,202.835,202.94,800,2021-09-01 18:34:00,FFIV
202.81,202.81,202.76,202.76,200,2021-09-01 18:35:00,FFIV
202.74,202.84,202.74,202.84,509,2021-09-01 18:36:00,FFIV
202.939,202.939,202.939,202.939,100,2021-09-01 18:37:00,FFIV
202.87,202.87,202.87,202.87,100,2021-09-01 18:38:00,FFIV
202.95,202.95,202.95,202.95,100,2021-09-01 18:40:00,FFIV
202.92,202.92,202.92,202.92,100,2021-09-01 18:42:00,FFIV
202.92,202.92,202.87,202.87,300,2021-09-01 18:43:00,FFIV
202.78,202.78,202.78,202.78,100,2021-09-01 18:44:00,FFIV
202.8,202.8,202.8,202.8,100,2021-09-01 18:45:00,FFIV
202.75,202.83,202.61,202.61,700,2021-09-01 18:46:00,FFIV
202.395,202.43,202.395,202.43,600,2021-09-01 18:48:00,FFIV
202.47,202.53,202.47,202.53,855,2021-09-01 18:49:00,FFIV
202.53,202.53,202.47,202.48,600,2021-09-01 18:50:00,FFIV
202.475,202.51,202.44,202.5,1600,2021-09-01 18:51:00,FFIV
202.465,202.465,202.465,202.465,400,2021-09-01 18:52:00,FFIV
202.47,202.47,202.295,202.295,1080,2021-09-01 18:53:00,FFIV
202.27,202.275,202.27,202.275,500,2021-09-01 18:54:00,FFIV
202.275,202.36,202.27,202.36,1200,2021-09-01 18:55:00,FFIV
202.355,202.355,202.355,202.355,100,2021-09-01 18:56:00,FFIV
202.325,202.325,202.27,202.27,200,2021-09-01 18:58:00,FFIV
202.26,202.28,202.21,202.28,900,2021-09-01 18:59:00,FFIV
202.27,202.3,202.27,202.3,200,2021-09-01 19:00:00,FFIV
202.28,202.305,202.28,202.305,527,2021-09-01 19:01:00,FFIV
202.29,202.29,202.29,202.29,100,2021-09-01 19:02:00,FFIV
202.36,202.38,202.32,202.32,900,2021-09-01 19:03:00,FFIV
202.36,202.36,202.36,202.36,100,2021-09-01 19:04:00,FFIV
202.31,202.49,202.31,202.49,5500,2021-09-01 19:05:00,FFIV
202.475,202.57,202.38,202.405,5100,2021-09-01 19:06:00,FFIV
202.39,202.63,202.39,202.63,1900,2021-09-01 19:07:00,FFIV
202.67,202.74,202.67,202.69,1110,2021-09-01 19:09:00,FFIV
202.73,202.76,202.73,202.74,400,2021-09-01 19:10:00,FFIV
202.73,202.73,202.67,202.67,600,2021-09-01 19:11:00,FFIV
202.78,202.82,202.67,202.68,1024,2021-09-01 19:12:00,FFIV
202.76,202.76,202.76,202.76,100,2021-09-01 19:13:00,FFIV
202.73,202.73,202.7,202.7,400,2021-09-01 19:14:00,FFIV
202.74,202.74,202.74,202.74,100,2021-09-01 19:15:00,FFIV
202.7,202.82,202.7,202.82,400,2021-09-01 19:16:00,FFIV
202.925,202.925,202.885,202.913,4000,2021-09-01 19:18:00,FFIV
202.875,202.95,202.79,202.87,3200,2021-09-01 19:19:00,FFIV
202.97,203.17,202.97,203.17,1800,2021-09-01 19:20:00,FFIV
203.11,203.18,203.1,203.1,3800,2021-09-01 19:21:00,FFIV
203.18,203.18,203.18,203.18,100,2021-09-01 19:22:00,FFIV
203.21,203.259,203.2,203.205,500,2021-09-01 19:23:00,FFIV
203.26,203.3,203.14,203.14,16700,2021-09-01 19:24:00,FFIV
203.19,203.19,203.19,203.19,100,2021-09-01 19:25:00,FFIV
203.13,203.2,203.1,203.16,1000,2021-09-01 19:26:00,FFIV
203.22,203.22,203.21,203.21,200,2021-09-01 19:27:00,FFIV
203.29,203.3,203.28,203.3,800,2021-09-01 19:28:00,FFIV
203.265,203.265,203.25,203.25,500,2021-09-01 19:29:00,FFIV
203.15,203.2,203.09,203.13,1200,2021-09-01 19:30:00,FFIV
203.15,203.28,203.15,203.28,400,2021-09-01 19:31:00,FFIV
203.34,203.4,203.31,203.4,1900,2021-09-01 19:32:00,FFIV
203.37,203.42,203.34,203.42,800,2021-09-01 19:33:00,FFIV
203.4,203.41,203.4,203.41,300,2021-09-01 19:35:00,FFIV
203.45,203.49,203.45,203.49,500,2021-09-01 19:36:00,FFIV
203.49,203.49,203.44,203.44,500,2021-09-01 19:37:00,FFIV
203.39,203.39,203.39,203.39,300,2021-09-01 19:38:00,FFIV
203.41,203.41,203.41,203.41,200,2021-09-01 19:40:00,FFIV
203.29,203.29,203.08,203.085,700,2021-09-01 19:41:00,FFIV
203.09,203.09,202.89,202.95,925,2021-09-01 19:42:00,FFIV
202.9,202.9,202.83,202.83,600,2021-09-01 19:43:00,FFIV
202.775,202.86,202.775,202.84,906,2021-09-01 19:44:00,FFIV
202.87,202.92,202.79,202.86,841,2021-09-01 19:45:00,FFIV
202.92,202.92,202.875,202.875,600,2021-09-01 19:46:00,FFIV
202.89,202.89,202.84,202.88,300,2021-09-01 19:48:00,FFIV
202.9,202.9,202.885,202.885,500,2021-09-01 19:49:00,FFIV
202.84,202.84,202.655,202.66,1920,2021-09-01 19:50:00,FFIV
202.68,202.68,202.595,202.595,995,2021-09-01 19:51:00,FFIV
202.63,202.63,202.54,202.54,1100,2021-09-01 19:52:00,FFIV
202.53,202.6,202.51,202.51,1272,2021-09-01 19:53:00,FFIV
202.51,202.71,202.46,202.6,11139,2021-09-01 19:54:00,FFIV
202.625,202.625,202.3,202.37,4901,2021-09-01 19:55:00,FFIV
202.38,202.47,202.355,202.43,1808,2021-09-01 19:56:00,FFIV
202.43,202.43,202.22,202.355,3102,2021-09-01 19:57:00,FFIV
202.38,202.429,202.33,202.35,2484,2021-09-01 19:58:00,FFIV
202.42,202.475,202.29,202.37,6655,2021-09-01 19:59:00,FFIV
202.53,202.53,202.53,202.53,39871,2021-09-01 20:00:00,FFIV
202.53,202.53,202.53,202.53,1944,2021-09-01 20:02:00,FFIV
202.53,202.53,202.53,202.53,1035,2021-09-02 12:31:00,FFIV
204.22,204.22,204.22,204.22,800,2021-09-02 13:09:00,FFIV
203.33,203.54,202.9105,202.9105,5272,2021-09-02 13:30:00,FFIV
202.76,202.94,202.5495,202.79,1500,2021-09-02 13:31:00,FFIV
202.61,202.61,202.61,202.61,100,2021-09-02 13:32:00,FFIV
202.71,202.77,202.71,202.76,500,2021-09-02 13:33:00,FFIV
202.46,202.46,201.84,201.84,300,2021-09-02 13:34:00,FFIV
202.235,202.265,201.83,202.155,1400,2021-09-02 13:38:00,FFIV
202.5,202.5,202.5,202.5,198,2021-09-02 13:39:00,FFIV
202.91,203.01,202.91,203.01,200,2021-09-02 13:41:00,FFIV
203.02,203.02,203.02,203.02,100,2021-09-02 13:42:00,FFIV
202.86,203.01,202.56,203.01,700,2021-09-02 13:43:00,FFIV
202.93,202.96,202.93,202.96,400,2021-09-02 13:45:00,FFIV
202.7,202.7,202.7,202.7,100,2021-09-02 13:46:00,FFIV
202.4,202.4,202.4,202.4,100,2021-09-02 13:47:00,FFIV
202.16,202.39,202.02,202.02,400,2021-09-02 13:48:00,FFIV
202.03,202.09,202.03,202.09,200,2021-09-02 13:49:00,FFIV
202.0,202.0,201.76,201.76,202,2021-09-02 13:50:00,FFIV
201.96,202.13,201.64,201.64,1000,2021-09-02 13:53:00,FFIV
201.9,201.9,201.39,201.39,600,2021-09-02 13:54:00,FFIV
201.21,201.21,201.21,201.21,100,2021-09-02 13:55:00,FFIV
201.22,201.67,201.22,201.6,1100,2021-09-02 13:58:00,FFIV
201.52,201.52,201.44,201.44,798,2021-09-02 14:01:00,FFIV
201.63,201.63,201.63,201.63,100,2021-09-02 14:02:00,FFIV
201.77,201.97,201.77,201.95,300,2021-09-02 14:04:00,FFIV
201.82,201.82,201.82,201.82,100,2021-09-02 14:05:00,FFIV
201.94,201.94,201.93,201.93,200,2021-09-02 14:06:00,FFIV
201.8,201.8,201.79,201.79,300,2021-09-02 14:07:00,FFIV
201.86,201.86,201.86,201.86,100,2021-09-02 14:08:00,FFIV
201.87,201.87,201.77,201.82,600,2021-09-02 14:10:00,FFIV
201.78,201.78,201.51,201.6,696,2021-09-02 14:11:00,FFIV
201.7371,201.7371,201.7371,201.7371,125,2021-09-02 14:14:00,FFIV
201.69,201.83,201.69,201.83,200,2021-09-02 14:15:00,FFIV
201.71,201.71,201.63,201.6853,800,2021-09-02 14:16:00,FFIV
201.39,201.43,201.39,201.39,300,2021-09-02 14:17:00,FFIV
201.64,201.68,201.58,201.68,600,2021-09-02 14:18:00,FFIV
201.67,201.67,201.41,201.48,600,2021-09-02 14:20:00,FFIV
201.53,201.53,201.41,201.49,598,2021-09-02 14:21:00,FFIV
201.575,201.575,201.575,201.575,100,2021-09-02 14:24:00,FFIV
201.83,201.83,201.83,201.83,100,2021-09-02 14:25:00,FFIV
201.645,201.645,201.645,201.645,200,2021-09-02 14:27:00,FFIV
201.66,201.66,201.61,201.61,200,2021-09-02 14:29:00,FFIV
201.82,201.82,201.745,201.78,400,2021-09-02 14:30:00,FFIV
201.645,201.645,201.645,201.645,100,2021-09-02 14:31:00,FFIV
201.765,201.765,201.76,201.76,2697,2021-09-02 14:34:00,FFIV
201.75,201.805,201.49,201.51,7000,2021-09-02 14:35:00,FFIV
201.2,201.2,201.2,201.2,100,2021-09-02 14:36:00,FFIV
201.15,201.23,201.135,201.2,600,2021-09-02 14:37:00,FFIV
201.245,201.245,201.12,201.12,400,2021-09-02 14:38:00,FFIV
201.12,201.12,201.12,201.12,100,2021-09-02 14:39:00,FFIV
201.0,201.0,200.85,200.85,706,2021-09-02 14:40:00,FFIV
200.6,200.69,200.6,200.68,626,2021-09-02 14:41:00,FFIV
200.72,200.72,200.64,200.64,200,2021-09-02 14:42:00,FFIV
200.605,200.605,200.605,200.605,100,2021-09-02 14:43:00,FFIV
200.72,200.85,200.64,200.815,1050,2021-09-02 14:44:00,FFIV
200.84,200.84,200.64,200.65,700,2021-09-02 14:45:00,FFIV
200.63,200.64,200.31,200.31,600,2021-09-02 14:47:00,FFIV
200.4,200.56,200.29,200.42,700,2021-09-02 14:50:00,FFIV
200.43,200.43,200.43,200.43,100,2021-09-02 14:52:00,FFIV
200.71,200.71,200.64,200.64,1400,2021-09-02 14:53:00,FFIV
200.43,200.525,200.43,200.49,1100,2021-09-02 14:54:00,FFIV
200.54,200.56,200.41,200.41,500,2021-09-02 14:55:00,FFIV
200.58,200.58,200.58,200.58,100,2021-09-02 14:56:00,FFIV
200.64,200.745,200.5,200.64,3686,2021-09-02 14:57:00,FFIV
200.67,200.745,200.45,200.45,1600,2021-09-02 14:58:00,FFIV
200.54,200.64,200.43,200.43,1556,2021-09-02 15:00:00,FFIV
200.65,200.655,200.44,200.545,1000,2021-09-02 15:01:00,FFIV
200.65,200.65,200.475,200.475,300,2021-09-02 15:04:00,FFIV
200.63,200.66,200.63,200.66,1300,2021-09-02 15:05:00,FFIV
200.77,200.77,200.5,200.5,800,2021-09-02 15:06:00,FFIV
200.645,200.645,200.645,200.645,200,2021-09-02 15:07:00,FFIV
200.67,200.67,200.58,200.58,200,2021-09-02 15:08:00,FFIV
200.7,200.7,200.51,200.53,900,2021-09-02 15:09:00,FFIV
200.63,200.63,200.6,200.6,200,2021-09-02 15:10:00,FFIV
200.63,200.68,200.63,200.68,300,2021-09-02 15:11:00,FFIV
200.68,200.68,200.6,200.6,300,2021-09-02 15:13:00,FFIV
200.61,200.65,200.48,200.65,700,2021-09-02 15:14:00,FFIV
200.65,200.74,200.55,200.55,900,2021-09-02 15:15:00,FFIV
200.69,200.735,200.67,200.67,700,2021-09-02 15:16:00,FFIV
200.68,200.685,200.68,200.685,300,2021-09-02 15:17:00,FFIV
200.7,200.7,200.66,200.66,200,2021-09-02 15:18:00,FFIV
200.7,200.7,200.7,200.7,100,2021-09-02 15:19:00,FFIV
200.84,200.84,200.78,200.78,200,2021-09-02 15:20:00,FFIV
200.91,200.91,200.91,200.91,100,2021-09-02 15:21:00,FFIV
200.88,200.88,200.88,200.88,100,2021-09-02 15:22:00,FFIV
200.99,201.0,200.99,201.0,255,2021-09-02 15:24:00,FFIV
201.06,201.06,201.06,201.06,300,2021-09-02 15:25:00,FFIV
201.08,201.14,201.05,201.05,1085,2021-09-02 15:26:00,FFIV
201.0,201.0,201.0,201.0,100,2021-09-02 15:27:00,FFIV
201.035,201.035,200.89,200.89,600,2021-09-02 15:28:00,FFIV
200.94,200.94,200.94,200.94,200,2021-09-02 15:29:00,FFIV
201.09,201.16,201.0,201.16,719,2021-09-02 15:31:00,FFIV
201.23,201.23,201.23,201.23,200,2021-09-02 15:32:00,FFIV
201.34,201.35,201.2,201.2,500,2021-09-02 15:33:00,FFIV
201.41,201.41,201.41,201.41,100,2021-09-02 15:35:00,FFIV
201.47,201.47,201.47,201.47,200,2021-09-02 15:36:00,FFIV
201.55,201.55,201.55,201.55,200,2021-09-02 15:37:00,FFIV
201.62,201.62,201.54,201.54,300,2021-09-02 15:38:00,FFIV
201.65,201.65,201.5989,201.5989,200,2021-09-02 15:40:00,FFIV
201.51,201.61,201.45,201.58,900,2021-09-02 15:42:00,FFIV
201.66,201.715,201.66,201.715,200,2021-09-02 15:43:00,FFIV
201.82,201.82,201.82,201.82,100,2021-09-02 15:45:00,FFIV
201.88,201.88,201.81,201.81,500,2021-09-02 15:46:00,FFIV
201.585,201.585,201.585,201.585,100,2021-09-02 15:48:00,FFIV
201.76,201.78,201.76,201.78,200,2021-09-02 15:49:00,FFIV
201.74,201.83,201.74,201.755,300,2021-09-02 15:51:00,FFIV
201.67,201.72,201.6,201.61,600,2021-09-02 15:54:00,FFIV
201.72,201.77,201.72,201.75,500,2021-09-02 15:55:00,FFIV
201.85,201.92,201.85,201.92,200,2021-09-02 15:56:00,FFIV
202.0,202.0,202.0,202.0,248,2021-09-02 15:57:00,FFIV
202.02,202.02,202.02,202.02,200,2021-09-02 15:59:00,FFIV
201.86,201.93,201.86,201.9,500,2021-09-02 16:00:00,FFIV
201.905,201.905,201.905,201.905,100,2021-09-02 16:01:00,FFIV
202.02,202.02,201.91,202.0,900,2021-09-02 16:03:00,FFIV
201.97,202.0,201.87,201.87,500,2021-09-02 16:04:00,FFIV
202.02,202.02,202.02,202.02,179,2021-09-02 16:05:00,FFIV
202.07,202.24,202.07,202.195,2996,2021-09-02 16:10:00,FFIV
202.3,202.3,202.22,202.27,1550,2021-09-02 16:11:00,FFIV
202.23,202.23,201.46,201.62,15530,2021-09-02 16:12:00,FFIV
201.625,201.625,201.47,201.47,2600,2021-09-02 16:13:00,FFIV
201.47,201.47,201.3,201.3,1500,2021-09-02 16:14:00,FFIV
201.05,201.55,201.05,201.33,4244,2021-09-02 16:15:00,FFIV
201.365,201.69,201.25,201.455,5600,2021-09-02 16:16:00,FFIV
201.43,201.46,201.28,201.28,1881,2021-09-02 16:17:00,FFIV
201.13,201.37,201.12,201.33,1715,2021-09-02 16:18:00,FFIV
201.285,201.285,201.11,201.155,1585,2021-09-02 16:19:00,FFIV
201.37,201.37,201.37,201.37,100,2021-09-02 16:20:00,FFIV
201.175,201.59,201.175,201.37,1356,2021-09-02 16:21:00,FFIV
201.365,201.365,201.21,201.25,1531,2021-09-02 16:22:00,FFIV
201.305,201.345,201.305,201.345,1000,2021-09-02 16:23:00,FFIV
201.26,201.38,201.17,201.2,2047,2021-09-02 16:24:00,FFIV
201.13,201.27,201.09,201.09,1000,2021-09-02 16:25:00,FFIV
201.34,201.4196,201.24,201.4196,1898,2021-09-02 16:26:00,FFIV
201.43,201.45,201.43,201.45,290,2021-09-02 16:27:00,FFIV
201.57,201.6,201.57,201.6,300,2021-09-02 16:28:00,FFIV
201.59,201.7972,201.59,201.7972,300,2021-09-02 16:29:00,FFIV
201.79,201.91,201.66,201.88,1300,2021-09-02 16:30:00,FFIV
201.975,202.16,201.975,202.16,344,2021-09-02 16:31:00,FFIV
202.13,202.1975,202.11,202.1975,500,2021-09-02 16:32:00,FFIV
202.07,202.07,202.04,202.04,200,2021-09-02 16:33:00,FFIV
202.13,202.13,202.13,202.13,200,2021-09-02 16:35:00,FFIV
202.135,202.26,202.135,202.26,300,2021-09-02 16:36:00,FFIV
202.265,202.305,202.09,202.29,1921,2021-09-02 16:39:00,FFIV
202.15,202.3,202.15,202.3,400,2021-09-02 16:40:00,FFIV
202.49,202.49,202.45,202.45,200,2021-09-02 16:43:00,FFIV
202.58,202.64,202.55,202.55,600,2021-09-02 16:45:00,FFIV
202.57,202.57,202.5,202.54,600,2021-09-02 16:46:00,FFIV
202.54,202.58,202.23,202.34,2500,2021-09-02 16:47:00,FFIV
202.52,202.52,202.52,202.52,200,2021-09-02 16:48:00,FFIV
202.5,202.5,202.5,202.5,290,2021-09-02 16:50:00,FFIV
202.585,202.585,202.585,202.585,243,2021-09-02 16:51:00,FFIV
202.61,202.66,202.61,202.66,599,2021-09-02 16:52:00,FFIV
202.62,202.62,202.33,202.52,900,2021-09-02 16:53:00,FFIV
202.45,202.45,202.45,202.45,100,2021-09-02 16:54:00,FFIV
202.49,202.49,202.49,202.49,200,2021-09-02 16:57:00,FFIV
202.609,202.609,202.609,202.609,100,2021-09-02 16:58:00,FFIV
202.51,202.51,202.51,202.51,200,2021-09-02 16:59:00,FFIV
202.52,202.52,202.25,202.38,500,2021-09-02 17:00:00,FFIV
202.375,202.375,202.375,202.375,100,2021-09-02 17:02:00,FFIV
202.35,202.35,202.26,202.26,600,2021-09-02 17:03:00,FFIV
202.35,202.4,202.185,202.38,1750,2021-09-02 17:04:00,FFIV
202.32,202.35,202.22,202.22,1396,2021-09-02 17:05:00,FFIV
202.25,202.25,202.25,202.25,500,2021-09-02 17:06:00,FFIV
202.245,202.245,202.03,202.135,1586,2021-09-02 17:07:00,FFIV
202.1,202.275,201.8,201.92,3000,2021-09-02 17:08:00,FFIV
201.93,201.93,201.93,201.93,800,2021-09-02 17:09:00,FFIV
202.0,202.1,201.95,201.955,1500,2021-09-02 17:10:00,FFIV
201.92,201.92,201.86,201.86,400,2021-09-02 17:11:00,FFIV
201.99,201.99,201.9,201.9,400,2021-09-02 17:12:00,FFIV
201.91,201.91,201.91,201.91,100,2021-09-02 17:14:00,FFIV
201.935,201.935,201.935,201.935,100,2021-09-02 17:15:00,FFIV
202.0,202.07,201.9,201.95,500,2021-09-02 17:16:00,FFIV
201.89,202.05,201.89,202.05,400,2021-09-02 17:17:00,FFIV
201.87,201.87,201.82,201.84,600,2021-09-02 17:18:00,FFIV
201.74,201.74,201.73,201.73,300,2021-09-02 17:19:00,FFIV
201.605,201.71,201.53,201.58,1300,2021-09-02 17:20:00,FFIV
201.58,201.58,201.24,201.24,400,2021-09-02 17:21:00,FFIV
201.295,201.49,201.295,201.375,1300,2021-09-02 17:22:00,FFIV
201.39,201.39,201.39,201.39,400,2021-09-02 17:23:00,FFIV
201.44,201.44,201.44,201.44,200,2021-09-02 17:24:00,FFIV
201.425,201.485,201.425,201.485,300,2021-09-02 17:25:00,FFIV
201.455,201.455,201.455,201.455,100,2021-09-02 17:26:00,FFIV
201.42,201.52,201.42,201.52,330,2021-09-02 17:30:00,FFIV
201.4429,201.475,201.4429,201.475,300,2021-09-02 17:32:00,FFIV
201.515,201.58,201.515,201.58,300,2021-09-02 17:34:00,FFIV
201.7,201.735,201.66,201.735,500,2021-09-02 17:36:00,FFIV
201.63,201.71,201.57,201.655,900,2021-09-02 17:38:00,FFIV
201.74,201.74,201.655,201.665,800,2021-09-02 17:39:00,FFIV
201.67,201.68,201.6,201.6,400,2021-09-02 17:40:00,FFIV
201.65,201.65,201.65,201.65,100,2021-09-02 17:42:00,FFIV
201.695,201.695,201.695,201.695,100,2021-09-02 17:44:00,FFIV
201.43,201.47,201.375,201.45,700,2021-09-02 17:46:00,FFIV
201.465,201.465,201.465,201.465,300,2021-09-02 17:47:00,FFIV
201.425,201.425,201.4,201.4,300,2021-09-02 17:48:00,FFIV
201.5,201.5,201.4,201.4,200,2021-09-02 17:49:00,FFIV
201.335,201.335,201.335,201.335,100,2021-09-02 17:50:00,FFIV
201.35,201.35,201.35,201.35,100,2021-09-02 17:51:00,FFIV
201.4,201.43,201.39,201.43,1100,2021-09-02 17:52:00,FFIV
201.49,201.49,201.485,201.485,300,2021-09-02 17:56:00,FFIV
201.485,201.485,201.485,201.485,100,2021-09-02 17:57:00,FFIV
201.47,201.47,201.47,201.47,100,2021-09-02 17:59:00,FFIV
201.535,201.535,201.535,201.535,100,2021-09-02 18:01:00,FFIV
201.4892,201.4892,201.46,201.46,300,2021-09-02 18:03:00,FFIV
201.495,201.495,201.33,201.355,700,2021-09-02 18:05:00,FFIV
201.27,201.27,201.27,201.27,200,2021-09-02 18:09:00,FFIV
201.28,201.28,201.2,201.2,3500,2021-09-02 18:12:00,FFIV
201.22,201.22,201.22,201.22,100,2021-09-02 18:13:00,FFIV
201.27,201.27,201.27,201.27,100,2021-09-02 18:14:00,FFIV
201.46,201.66,201.46,201.66,200,2021-09-02 18:15:00,FFIV
201.475,201.475,201.475,201.475,1100,2021-09-02 18:16:00,FFIV
201.585,201.585,201.585,201.585,500,2021-09-02 18:17:00,FFIV
201.65,201.76,201.65,201.66,600,2021-09-02 18:18:00,FFIV
201.705,201.705,201.705,201.705,200,2021-09-02 18:19:00,FFIV
201.6,201.8,201.6,201.8,400,2021-09-02 18:20:00,FFIV
201.82,201.82,201.82,201.82,100,2021-09-02 18:21:00,FFIV
201.88,201.88,201.88,201.88,200,2021-09-02 18:22:00,FFIV
201.88,201.88,201.88,201.88,200,2021-09-02 18:23:00,FFIV
201.83,201.83,201.83,201.83,100,2021-09-02 18:25:00,FFIV
201.9,201.9,201.76,201.83,600,2021-09-02 18:26:00,FFIV
201.76,201.77,201.74,201.76,600,2021-09-02 18:27:00,FFIV
201.77,201.77,201.77,201.77,300,2021-09-02 18:28:00,FFIV
201.765,201.765,201.76,201.76,300,2021-09-02 18:29:00,FFIV
201.83,201.885,201.83,201.885,300,2021-09-02 18:30:00,FFIV
201.87,201.87,201.87,201.87,300,2021-09-02 18:31:00,FFIV
201.845,201.845,201.845,201.845,200,2021-09-02 18:32:00,FFIV
201.86,201.91,201.86,201.91,300,2021-09-02 18:33:00,FFIV
201.865,201.865,201.865,201.865,300,2021-09-02 18:34:00,FFIV
201.87,201.87,201.87,201.87,200,2021-09-02 18:35:00,FFIV
201.915,201.915,201.795,201.795,321,2021-09-02 18:36:00,FFIV
201.73,201.77,201.73,201.765,800,2021-09-02 18:37:00,FFIV
201.795,201.86,201.75,201.86,2334,2021-09-02 18:38:00,FFIV
201.865,202.06,201.78,202.06,2432,2021-09-02 18:39:00,FFIV
202.13,202.165,202.13,202.165,500,2021-09-02 18:40:00,FFIV
202.23,202.23,202.1,202.1,1700,2021-09-02 18:41:00,FFIV
202.165,202.165,202.15,202.15,1900,2021-09-02 18:42:00,FFIV
202.165,202.21,202.165,202.21,400,2021-09-02 18:43:00,FFIV
202.27,202.335,202.255,202.255,1100,2021-09-02 18:44:00,FFIV
202.37,202.38,202.26,202.36,1200,2021-09-02 18:45:00,FFIV
202.3,202.37,202.28,202.37,900,2021-09-02 18:46:00,FFIV
202.37,202.37,202.37,202.37,600,2021-09-02 18:47:00,FFIV
202.345,202.345,202.345,202.345,300,2021-09-02 18:48:00,FFIV
202.345,202.385,202.33,202.385,1200,2021-09-02 18:49:00,FFIV
202.38,202.38,202.38,202.38,500,2021-09-02 18:50:00,FFIV
202.355,202.355,202.23,202.23,3000,2021-09-02 18:51:00,FFIV
202.245,202.245,202.245,202.245,500,2021-09-02 18:52:00,FFIV
202.345,202.345,202.29,202.29,300,2021-09-02 18:54:00,FFIV
202.28,202.28,202.14,202.225,1062,2021-09-02 18:56:00,FFIV
202.33,202.35,202.33,202.35,300,2021-09-02 18:57:00,FFIV
202.39,202.39,202.39,202.39,100,2021-09-02 18:58:00,FFIV
202.37,202.37,202.32,202.32,600,2021-09-02 18:59:00,FFIV
202.37,202.37,202.37,202.37,100,2021-09-02 19:00:00,FFIV
202.35,202.399,202.125,202.125,8046,2021-09-02 19:01:00,FFIV
202.22,202.255,202.22,202.255,600,2021-09-02 19:02:00,FFIV
202.27,202.32,202.25,202.32,500,2021-09-02 19:03:00,FFIV
202.3,202.33,202.29,202.3,700,2021-09-02 19:04:00,FFIV
202.33,202.33,202.3,202.3,200,2021-09-02 19:05:00,FFIV
202.34,202.35,202.26,202.26,600,2021-09-02 19:06:00,FFIV
202.315,202.315,202.17,202.17,500,2021-09-02 19:07:00,FFIV
202.24,202.24,202.24,202.24,100,2021-09-02 19:08:00,FFIV
202.095,202.15,202.095,202.12,400,2021-09-02 19:09:00,FFIV
202.13,202.24,202.1,202.1,1157,2021-09-02 19:10:00,FFIV
202.0,202.06,201.985,202.06,1100,2021-09-02 19:11:00,FFIV
202.02,202.02,202.02,202.02,200,2021-09-02 19:12:00,FFIV
202.025,202.025,202.025,202.025,100,2021-09-02 19:13:00,FFIV
202.21,202.21,202.21,202.21,100,2021-09-02 19:14:00,FFIV
202.1748,202.27,202.1748,202.2,600,2021-09-02 19:15:00,FFIV
202.285,202.285,202.275,202.275,300,2021-09-02 19:16:00,FFIV
202.27,202.27,202.27,202.27,100,2021-09-02 19:17:00,FFIV
202.25,202.26,202.22,202.26,400,2021-09-02 19:18:00,FFIV
202.265,202.265,202.2,202.2,2030,2021-09-02 19:19:00,FFIV
202.245,202.245,202.245,202.245,100,2021-09-02 19:21:00,FFIV
202.115,202.215,202.115,202.17,3380,2021-09-02 19:23:00,FFIV
202.2,202.26,202.2,202.26,1400,2021-09-02 19:24:00,FFIV
202.5,202.6,202.5,202.52,768,2021-09-02 19:27:00,FFIV
202.49,202.549,202.43,202.549,300,2021-09-02 19:28:00,FFIV
202.475,202.5485,202.475,202.5485,239,2021-09-02 19:29:00,FFIV
202.55,202.6,202.54,202.6,300,2021-09-02 19:30:00,FFIV
202.57,202.5825,202.57,202.5825,300,2021-09-02 19:31:00,FFIV
202.52,202.535,202.5,202.505,1400,2021-09-02 19:32:00,FFIV
202.55,202.56,202.545,202.545,400,2021-09-02 19:33:00,FFIV
202.729,202.729,202.729,202.729,100,2021-09-02 19:34:00,FFIV
202.81,202.81,202.81,202.81,100,2021-09-02 19:35:00,FFIV
202.9,202.9,202.9,202.9,100,2021-09-02 19:37:00,FFIV
203.1,203.1,203.1,203.1,200,2021-09-02 19:39:00,FFIV
203.09,203.14,203.09,203.14,200,2021-09-02 19:40:00,FFIV
203.21,203.24,203.03,203.05,1124,2021-09-02 19:41:00,FFIV
203.06,203.07,202.995,203.06,600,2021-09-02 19:42:00,FFIV
203.3,203.3,203.3,203.3,100,2021-09-02 19:43:00,FFIV
203.285,203.285,203.285,203.285,100,2021-09-02 19:45:00,FFIV
203.29,203.29,203.29,203.29,400,2021-09-02 19:46:00,FFIV
203.21,203.21,203.16,203.16,200,2021-09-02 19:47:00,FFIV
203.095,203.095,203.01,203.01,500,2021-09-02 19:49:00,FFIV
202.79,203.125,202.76,203.125,1401,2021-09-02 19:50:00,FFIV
203.125,203.2599,203.125,203.22,430,2021-09-02 19:51:00,FFIV
203.175,203.175,203.175,203.175,100,2021-09-02 19:52:00,FFIV
203.21,203.23,203.21,203.23,300,2021-09-02 19:53:00,FFIV
203.12,203.17,203.04,203.06,2000,2021-09-02 19:54:00,FFIV
203.14,203.1966,203.09,203.09,642,2021-09-02 19:55:00,FFIV
203.15,203.2,203.1,203.11,1549,2021-09-02 19:56:00,FFIV
203.18,203.32,203.17,203.275,1850,2021-09-02 19:57:00,FFIV
203.32,203.5,203.28,203.5,2773,2021-09-02 19:58:00,FFIV
203.49,203.5,203.24,203.4,4548,2021-09-02 19:59:00,FFIV
203.37,203.37,203.37,203.37,37360,2021-09-02 20:00:00,FFIV
203.37,203.37,203.37,203.37,1487,2021-09-02 20:01:00,FFIV
203.37,203.37,203.37,203.37,1888,2021-09-02 20:02:00,FFIV
203.28,203.28,202.81,202.81,5434,2021-09-03 13:30:00,FFIV
202.52,202.8,202.5,202.73,1000,2021-09-03 13:34:00,FFIV
202.88,202.93,202.76,202.76,400,2021-09-03 13:37:00,FFIV
203.36,203.36,203.36,203.36,100,2021-09-03 13:39:00,FFIV
203.37,203.39,203.31,203.35,1200,2021-09-03 13:41:00,FFIV
203.09,203.09,203.09,203.09,100,2021-09-03 13:42:00,FFIV
203.14,203.27,203.14,203.27,300,2021-09-03 13:43:00,FFIV
203.575,203.6,203.33,203.42,1400,2021-09-03 13:45:00,FFIV
203.435,203.435,203.435,203.435,100,2021-09-03 13:50:00,FFIV
203.76,203.76,203.76,203.76,100,2021-09-03 13:51:00,FFIV
203.6,204.0,203.6,204.0,756,2021-09-03 13:54:00,FFIV
203.6,203.6,203.6,203.6,100,2021-09-03 13:55:00,FFIV
203.5,203.73,203.44,203.73,400,2021-09-03 13:56:00,FFIV
203.8452,203.8452,203.74,203.74,634,2021-09-03 13:58:00,FFIV
203.99,204.0,203.99,204.0,300,2021-09-03 14:01:00,FFIV
204.04,204.04,204.04,204.04,300,2021-09-03 14:02:00,FFIV
204.19,204.19,204.19,204.19,100,2021-09-03 14:03:00,FFIV
204.32,204.32,204.28,204.28,300,2021-09-03 14:05:00,FFIV
204.19,204.19,204.05,204.12,400,2021-09-03 14:06:00,FFIV
203.9,203.9,203.9,203.9,100,2021-09-03 14:08:00,FFIV
203.91,203.91,203.91,203.91,100,2021-09-03 14:10:00,FFIV
203.7,203.7,203.7,203.7,100,2021-09-03 14:11:00,FFIV
203.89,204.244,203.89,204.244,1071,2021-09-03 14:13:00,FFIV
204.2399,204.2399,204.2399,204.2399,100,2021-09-03 14:18:00,FFIV
204.24,204.38,204.24,204.38,200,2021-09-03 14:20:00,FFIV
204.235,204.235,204.16,204.16,200,2021-09-03 14:22:00,FFIV
204.53,204.59,204.479,204.59,500,2021-09-03 14:26:00,FFIV
204.565,204.565,204.565,204.565,109,2021-09-03 14:27:00,FFIV
204.5971,204.5971,204.5971,204.5971,186,2021-09-03 14:28:00,FFIV
204.42,204.49,204.42,204.43,559,2021-09-03 14:32:00,FFIV
204.5,204.78,204.5,204.78,220,2021-09-03 14:34:00,FFIV
204.41,204.555,204.39,204.555,300,2021-09-03 14:35:00,FFIV
204.59,204.59,204.59,204.59,100,2021-09-03 14:37:00,FFIV
204.68,204.68,204.68,204.68,100,2021-09-03 14:38:00,FFIV
204.71,204.71,204.69,204.69,400,2021-09-03 14:40:00,FFIV
204.5,204.5,204.43,204.43,720,2021-09-03 14:42:00,FFIV
204.37,204.37,204.37,204.37,101,2021-09-03 14:44:00,FFIV
204.55,204.55,204.53,204.53,400,2021-09-03 14:45:00,FFIV
204.58,204.64,204.58,204.64,200,2021-09-03 14:46:00,FFIV
204.72,204.775,204.72,204.775,200,2021-09-03 14:47:00,FFIV
204.8,204.8,204.8,204.8,100,2021-09-03 14:48:00,FFIV
204.71,204.71,204.62,204.62,200,2021-09-03 14:52:00,FFIV
204.65,204.65,204.62,204.62,200,2021-09-03 14:54:00,FFIV
204.57,204.59,204.57,204.59,200,2021-09-03 14:55:00,FFIV
204.69,204.79,204.64,204.64,300,2021-09-03 14:56:00,FFIV
204.82,204.82,204.82,204.82,250,2021-09-03 15:01:00,FFIV
204.93,204.93,204.93,204.93,100,2021-09-03 15:03:00,FFIV
204.97,204.97,204.97,204.97,200,2021-09-03 15:04:00,FFIV
204.86,204.86,204.76,204.785,600,2021-09-03 15:06:00,FFIV
204.895,204.895,204.815,204.815,200,2021-09-03 15:08:00,FFIV
204.82,204.82,204.82,204.82,500,2021-09-03 15:09:00,FFIV
204.66,204.66,204.6,204.6,400,2021-09-03 15:10:00,FFIV
204.555,204.555,204.555,204.555,100,2021-09-03 15:12:00,FFIV
204.7,204.74,204.65,204.725,700,2021-09-03 15:13:00,FFIV
204.59,204.59,204.59,204.59,100,2021-09-03 15:15:00,FFIV
204.57,204.57,204.57,204.57,100,2021-09-03 15:17:00,FFIV
204.41,204.445,204.34,204.445,300,2021-09-03 15:18:00,FFIV
204.55,204.55,204.37,204.37,321,2021-09-03 15:20:00,FFIV
204.415,204.415,204.38,204.38,200,2021-09-03 15:21:00,FFIV
204.3,204.3,204.3,204.3,200,2021-09-03 15:24:00,FFIV
204.275,204.31,204.275,204.31,545,2021-09-03 15:25:00,FFIV
203.8018,203.8018,203.8018,203.8018,142,2021-09-03 15:31:00,FFIV
203.87,203.9,203.83,203.9,1100,2021-09-03 15:32:00,FFIV
203.57,203.57,203.552,203.552,300,2021-09-03 15:35:00,FFIV
203.54,203.54,203.54,203.54,100,2021-09-03 15:37:00,FFIV
203.33,203.33,203.33,203.33,100,2021-09-03 15:39:00,FFIV
203.2,203.2,203.2,203.2,100,2021-09-03 15:40:00,FFIV
203.22,203.22,203.22,203.22,100,2021-09-03 15:42:00,FFIV
203.22,203.22,203.17,203.17,300,2021-09-03 15:44:00,FFIV
203.14,203.15,203.14,203.15,200,2021-09-03 15:50:00,FFIV
203.06,203.06,203.06,203.06,100,2021-09-03 15:52:00,FFIV
203.07,203.18,203.07,203.18,200,2021-09-03 15:53:00,FFIV
203.16,203.18,203.16,203.18,500,2021-09-03 15:54:00,FFIV
203.12,203.12,203.11,203.11,200,2021-09-03 15:55:00,FFIV
203.1694,203.1694,203.1694,203.1694,500,2021-09-03 15:56:00,FFIV
203.2,203.2,203.2,203.2,200,2021-09-03 16:03:00,FFIV
203.31,203.37,203.3,203.3,568,2021-09-03 16:05:00,FFIV
203.36,203.36,203.36,203.36,100,2021-09-03 16:06:00,FFIV
203.42,203.42,203.42,203.42,100,2021-09-03 16:08:00,FFIV
203.54,203.54,203.54,203.54,100,2021-09-03 16:09:00,FFIV
203.54,203.54,203.54,203.54,100,2021-09-03 16:11:00,FFIV
203.42,203.42,203.4,203.4,500,2021-09-03 16:15:00,FFIV
203.24,203.37,203.24,203.37,400,2021-09-03 16:19:00,FFIV
203.25,203.25,203.25,203.25,100,2021-09-03 16:20:00,FFIV
203.38,203.38,203.38,203.38,200,2021-09-03 16:21:00,FFIV
203.325,203.41,203.325,203.41,315,2021-09-03 16:22:00,FFIV
203.33,203.35,203.33,203.35,300,2021-09-03 16:24:00,FFIV
203.35,203.35,203.35,203.35,100,2021-09-03 16:25:00,FFIV
203.1,203.1,203.09,203.09,300,2021-09-03 16:27:00,FFIV
203.07,203.07,202.85,202.86,500,2021-09-03 16:28:00,FFIV
202.91,202.92,202.855,202.855,300,2021-09-03 16:31:00,FFIV
202.83,202.83,202.83,202.83,100,2021-09-03 16:34:00,FFIV
202.82,202.82,202.82,202.82,100,2021-09-03 16:35:00,FFIV
202.77,202.77,202.77,202.77,100,2021-09-03 16:36:00,FFIV
202.76,202.89,202.76,202.89,300,2021-09-03 16:37:00,FFIV
202.85,202.85,202.85,202.85,100,2021-09-03 16:38:00,FFIV
202.85,202.9,202.85,202.9,400,2021-09-03 16:41:00,FFIV
203.07,203.07,203.07,203.07,100,2021-09-03 16:44:00,FFIV
203.06,203.06,203.06,203.06,100,2021-09-03 16:45:00,FFIV
203.0,203.0,203.0,203.0,100,2021-09-03 16:47:00,FFIV
202.99,202.99,202.99,202.99,100,2021-09-03 16:48:00,FFIV
203.01,203.03,203.01,203.03,700,2021-09-03 16:51:00,FFIV
202.99,203.07,202.99,203.07,400,2021-09-03 16:52:00,FFIV
203.01,203.12,203.01,203.12,200,2021-09-03 16:54:00,FFIV
203.0001,203.0001,203.0,203.0,300,2021-09-03 16:55:00,FFIV
203.06,203.06,203.06,203.06,100,2021-09-03 16:56:00,FFIV
203.08,203.08,203.08,203.08,100,2021-09-03 16:57:00,FFIV
203.115,203.115,203.115,203.115,2000,2021-09-03 17:00:00,FFIV
203.17,203.2,203.115,203.115,700,2021-09-03 17:01:00,FFIV
203.12,203.24,203.12,203.21,500,2021-09-03 17:02:00,FFIV
203.29,203.3,203.16,203.16,1000,2021-09-03 17:03:00,FFIV
203.22,203.22,203.22,203.22,400,2021-09-03 17:04:00,FFIV
203.21,203.25,203.19,203.25,600,2021-09-03 17:06:00,FFIV
203.14,203.14,203.07,203.07,604,2021-09-03 17:07:00,FFIV
202.97,202.97,202.97,202.97,100,2021-09-03 17:10:00,FFIV
203.0099,203.09,202.99,203.09,300,2021-09-03 17:13:00,FFIV
202.94,202.94,202.94,202.94,100,2021-09-03 17:14:00,FFIV
203.025,203.09,203.025,203.09,335,2021-09-03 17:15:00,FFIV
203.15,203.15,203.15,203.15,112,2021-09-03 17:16:00,FFIV
203.07,203.09,203.07,203.09,206,2021-09-03 17:17:00,FFIV
203.09,203.26,203.09,203.26,513,2021-09-03 17:18:00,FFIV
203.26,203.26,203.23,203.24,800,2021-09-03 17:19:00,FFIV
203.29,203.29,203.29,203.29,117,2021-09-03 17:22:00,FFIV
203.26,203.26,203.26,203.26,200,2021-09-03 17:26:00,FFIV
203.34,203.34,203.34,203.34,200,2021-09-03 17:30:00,FFIV
203.3,203.3,203.3,203.3,100,2021-09-03 17:32:00,FFIV
203.44,203.44,203.44,203.44,100,2021-09-03 17:33:00,FFIV
203.49,203.49,203.37,203.37,300,2021-09-03 17:34:00,FFIV
203.41,203.41,203.41,203.41,100,2021-09-03 17:38:00,FFIV
203.53,203.53,203.53,203.53,100,2021-09-03 17:41:00,FFIV
203.55,203.55,203.5,203.525,308,2021-09-03 17:44:00,FFIV
203.52,203.535,203.47,203.47,600,2021-09-03 17:45:00,FFIV
203.52,203.52,203.52,203.52,100,2021-09-03 17:49:00,FFIV
203.48,203.48,203.48,203.48,100,2021-09-03 17:53:00,FFIV
203.4639,203.4639,203.4639,203.4639,150,2021-09-03 17:55:00,FFIV
203.4,203.4,203.31,203.385,300,2021-09-03 17:57:00,FFIV
203.45,203.45,203.45,203.45,100,2021-09-03 17:58:00,FFIV
203.47,203.48,203.47,203.48,200,2021-09-03 18:00:00,FFIV
203.47,203.47,203.47,203.47,100,2021-09-03 18:02:00,FFIV
203.47,203.47,203.47,203.47,100,2021-09-03 18:03:00,FFIV
203.41,203.58,203.41,203.58,900,2021-09-03 18:04:00,FFIV
203.61,203.64,203.6,203.64,300,2021-09-03 18:05:00,FFIV
203.475,203.475,203.45,203.45,200,2021-09-03 18:06:00,FFIV
203.52,203.52,203.52,203.52,119,2021-09-03 18:08:00,FFIV
203.61,203.61,203.61,203.61,116,2021-09-03 18:11:00,FFIV
203.61,203.7,203.61,203.66,1400,2021-09-03 18:13:00,FFIV
203.66,203.71,203.66,203.71,300,2021-09-03 18:14:00,FFIV
203.67,203.67,203.67,203.67,100,2021-09-03 18:15:00,FFIV
203.68,203.68,203.65,203.65,200,2021-09-03 18:16:00,FFIV
203.72,203.76,203.67,203.76,500,2021-09-03 18:18:00,FFIV
203.85,203.85,203.85,203.85,100,2021-09-03 18:19:00,FFIV
203.85,203.87,203.85,203.87,200,2021-09-03 18:21:00,FFIV
203.89,203.89,203.89,203.89,100,2021-09-03 18:23:00,FFIV
203.84,203.9,203.83,203.9,300,2021-09-03 18:24:00,FFIV
203.83,203.87,203.76,203.76,1003,2021-09-03 18:25:00,FFIV
203.81,203.86,203.81,203.85,332,2021-09-03 18:26:00,FFIV
203.85,203.85,203.85,203.85,100,2021-09-03 18:27:00,FFIV
203.87,203.87,203.87,203.87,100,2021-09-03 18:29:00,FFIV
203.855,203.855,203.82,203.82,300,2021-09-03 18:31:00,FFIV
203.78,203.78,203.78,203.78,100,2021-09-03 18:32:00,FFIV
203.79,203.81,203.79,203.81,200,2021-09-03 18:33:00,FFIV
203.74,203.74,203.74,203.74,100,2021-09-03 18:36:00,FFIV
203.81,203.81,203.795,203.795,200,2021-09-03 18:37:00,FFIV
203.805,203.805,203.805,203.805,100,2021-09-03 18:38:00,FFIV
203.78,203.81,203.78,203.805,700,2021-09-03 18:39:00,FFIV
203.87,203.88,203.87,203.87,400,2021-09-03 18:41:00,FFIV
203.86,203.86,203.86,203.86,8600,2021-09-03 18:43:00,FFIV
203.78,203.865,203.78,203.83,1500,2021-09-03 18:45:00,FFIV
203.885,204.1,203.885,204.1,1032,2021-09-03 18:46:00,FFIV
204.24,204.24,204.24,204.24,200,2021-09-03 18:47:00,FFIV
204.25,204.25,204.22,204.22,300,2021-09-03 18:48:00,FFIV
204.24,204.24,204.24,204.24,340,2021-09-03 18:50:00,FFIV
204.32,204.32,204.31,204.31,200,2021-09-03 18:52:00,FFIV
204.33,204.355,204.33,204.355,200,2021-09-03 18:56:00,FFIV
204.27,204.27,204.27,204.27,100,2021-09-03 18:57:00,FFIV
204.31,204.39,204.31,204.39,200,2021-09-03 18:58:00,FFIV
204.46,204.46,204.42,204.42,400,2021-09-03 18:59:00,FFIV
204.54,204.62,204.54,204.62,300,2021-09-03 19:00:00,FFIV
204.51,204.65,204.51,204.61,400,2021-09-03 19:03:00,FFIV
204.54,204.54,204.51,204.51,200,2021-09-03 19:07:00,FFIV
204.48,204.48,204.48,204.48,100,2021-09-03 19:08:00,FFIV
204.59,204.59,204.59,204.59,100,2021-09-03 19:09:00,FFIV
204.62,204.62,204.59,204.59,200,2021-09-03 19:10:00,FFIV
204.64,204.64,204.64,204.64,100,2021-09-03 19:11:00,FFIV
204.65,204.65,204.65,204.65,100,2021-09-03 19:13:00,FFIV
204.58,204.58,204.58,204.58,100,2021-09-03 19:15:00,FFIV
204.58,204.58,204.47,204.47,1613,2021-09-03 19:16:00,FFIV
204.54,204.54,204.54,204.54,100,2021-09-03 19:17:00,FFIV
204.47,204.47,204.41,204.42,600,2021-09-03 19:18:00,FFIV
204.4,204.4,204.4,204.4,100,2021-09-03 19:19:00,FFIV
204.32,204.32,204.32,204.32,200,2021-09-03 19:21:00,FFIV
204.26,204.26,204.16,204.16,300,2021-09-03 19:22:00,FFIV
204.16,204.16,204.12,204.13,400,2021-09-03 19:25:00,FFIV
204.05,204.05,204.05,204.05,100,2021-09-03 19:26:00,FFIV
203.96,203.97,203.93,203.93,600,2021-09-03 19:28:00,FFIV
203.66,203.77,203.66,203.77,614,2021-09-03 19:29:00,FFIV
203.76,203.78,203.76,203.78,300,2021-09-03 19:30:00,FFIV
203.92,203.92,203.92,203.92,100,2021-09-03 19:31:00,FFIV
203.949,203.949,203.949,203.949,100,2021-09-03 19:33:00,FFIV
203.87,203.87,203.87,203.87,100,2021-09-03 19:34:00,FFIV
203.92,203.95,203.89,203.89,800,2021-09-03 19:35:00,FFIV
203.87,203.87,203.86,203.86,200,2021-09-03 19:36:00,FFIV
204.08,204.1,204.06,204.1,500,2021-09-03 19:37:00,FFIV
204.04,204.04,204.04,204.04,200,2021-09-03 19:38:00,FFIV
203.99,203.99,203.99,203.99,100,2021-09-03 19:39:00,FFIV
204.0,204.0,203.88,203.93,2053,2021-09-03 19:40:00,FFIV
203.89,203.895,203.86,203.86,500,2021-09-03 19:42:00,FFIV
203.889,203.889,203.76,203.76,700,2021-09-03 19:43:00,FFIV
203.78,203.8,203.77,203.79,1400,2021-09-03 19:44:00,FFIV
203.95,203.96,203.865,203.89,400,2021-09-03 19:45:00,FFIV
203.8,203.8,203.8,203.8,104,2021-09-03 19:46:00,FFIV
203.88,203.88,203.815,203.85,700,2021-09-03 19:47:00,FFIV
203.72,203.78,203.72,203.78,500,2021-09-03 19:49:00,FFIV
203.85,203.85,203.8,203.8,643,2021-09-03 19:50:00,FFIV
203.7,203.76,203.66,203.74,800,2021-09-03 19:51:00,FFIV
203.67,203.67,203.54,203.54,520,2021-09-03 19:52:00,FFIV
203.595,203.619,203.565,203.619,300,2021-09-03 19:53:00,FFIV
203.56,203.6,203.46,203.48,2384,2021-09-03 19:54:00,FFIV
203.51,203.6,203.44,203.44,2000,2021-09-03 19:55:00,FFIV
203.425,203.49,203.425,203.49,941,2021-09-03 19:56:00,FFIV
203.53,203.56,203.5,203.5,900,2021-09-03 19:57:00,FFIV
203.55,203.61,203.55,203.58,1356,2021-09-03 19:58:00,FFIV
203.575,203.62,203.47,203.61,2349,2021-09-03 19:59:00,FFIV
203.61,203.61,203.61,203.61,35029,2021-09-03 20:00:00,FFIV
203.61,203.61,203.61,203.61,1851,2021-09-03 20:01:00,FFIV
204.12,204.12,203.99,203.99,3982,2021-09-07 13:30:00,FFIV
203.735,203.735,203.735,203.735,100,2021-09-07 13:31:00,FFIV
202.9936,202.9936,202.595,202.595,202,2021-09-07 13:33:00,FFIV
202.71,202.77,202.71,202.77,300,2021-09-07 13:35:00,FFIV
202.72,202.72,202.7,202.7,200,2021-09-07 13:37:00,FFIV
202.67,202.67,202.67,202.67,100,2021-09-07 13:39:00,FFIV
202.64,202.64,202.64,202.64,100,2021-09-07 13:41:00,FFIV
202.24,202.24,202.24,202.24,100,2021-09-07 13:43:00,FFIV
202.08,202.08,202.08,202.08,500,2021-09-07 13:47:00,FFIV
202.2,202.23,202.11,202.23,800,2021-09-07 13:48:00,FFIV
202.37,202.52,202.37,202.52,200,2021-09-07 13:49:00,FFIV
202.6899,202.6899,202.61,202.61,350,2021-09-07 13:50:00,FFIV
202.42,202.58,202.4,202.58,2409,2021-09-07 13:51:00,FFIV
202.44,202.44,202.44,202.44,100,2021-09-07 13:53:00,FFIV
202.89,202.89,202.89,202.89,100,2021-09-07 13:55:00,FFIV
202.735,203.185,202.735,203.12,1700,2021-09-07 13:57:00,FFIV
203.035,203.035,203.035,203.035,100,2021-09-07 13:59:00,FFIV
203.27,203.27,203.04,203.21,500,2021-09-07 14:00:00,FFIV
203.28,203.28,203.14,203.14,300,2021-09-07 14:01:00,FFIV
203.4,203.4,203.4,203.4,100,2021-09-07 14:02:00,FFIV
203.3676,203.3676,203.3676,203.3676,221,2021-09-07 14:03:00,FFIV
202.8,203.25,202.8,203.25,965,2021-09-07 14:07:00,FFIV
202.94,202.94,202.84,202.84,200,2021-09-07 14:08:00,FFIV
202.74,202.74,202.74,202.74,100,2021-09-07 14:09:00,FFIV
202.58,202.58,202.58,202.58,100,2021-09-07 14:12:00,FFIV
202.67,202.67,202.67,202.67,100,2021-09-07 14:14:00,FFIV
202.68,202.68,202.68,202.68,100,2021-09-07 14:16:00,FFIV
202.82,202.86,202.79,202.79,600,2021-09-07 14:17:00,FFIV
202.76,202.91,202.76,202.91,1200,2021-09-07 14:18:00,FFIV
202.88,202.88,202.88,202.88,100,2021-09-07 14:20:00,FFIV
203.04,203.04,202.91,203.02,718,2021-09-07 14:21:00,FFIV
202.94,203.045,202.94,203.045,450,2021-09-07 14:23:00,FFIV
203.1,203.1,203.1,203.1,100,2021-09-07 14:26:00,FFIV
203.12,203.175,203.07,203.11,600,2021-09-07 14:27:00,FFIV
203.13,203.13,202.97,202.97,500,2021-09-07 14:30:00,FFIV
203.06,203.06,203.06,203.06,100,2021-09-07 14:32:00,FFIV
203.29,203.29,203.29,203.29,100,2021-09-07 14:33:00,FFIV
203.17,203.17,203.01,203.01,300,2021-09-07 14:35:00,FFIV
202.925,203.04,202.925,203.04,400,2021-09-07 14:37:00,FFIV
203.01,203.095,203.01,203.01,600,2021-09-07 14:38:00,FFIV
203.0679,203.0679,203.0679,203.0679,100,2021-09-07 14:39:00,FFIV
202.89,202.89,202.89,202.89,100,2021-09-07 14:40:00,FFIV
202.91,202.91,202.91,202.91,7200,2021-09-07 14:43:00,FFIV
203.05,203.05,202.84,202.84,474,2021-09-07 14:47:00,FFIV
202.92,202.92,202.71,202.71,400,2021-09-07 14:48:00,FFIV
202.91,202.91,202.76,202.83,400,2021-09-07 14:49:00,FFIV
202.92,202.94,202.92,202.94,300,2021-09-07 14:53:00,FFIV
202.8,202.88,202.77,202.83,1100,2021-09-07 14:54:00,FFIV
202.795,202.9,202.795,202.88,600,2021-09-07 14:56:00,FFIV
203.11,203.11,203.11,203.11,200,2021-09-07 14:57:00,FFIV
202.8264,202.875,202.8264,202.875,463,2021-09-07 14:59:00,FFIV
202.845,202.9105,202.845,202.9105,380,2021-09-07 15:00:00,FFIV
202.88,202.88,202.88,202.88,100,2021-09-07 15:01:00,FFIV
202.87,202.87,202.83,202.83,200,2021-09-07 15:02:00,FFIV
202.7,202.705,202.61,202.705,923,2021-09-07 15:03:00,FFIV
202.62,202.69,202.57,202.57,400,2021-09-07 15:05:00,FFIV
202.63,202.63,202.63,202.63,100,2021-09-07 15:06:00,FFIV
202.53,202.55,202.47,202.53,500,2021-09-07 15:09:00,FFIV
202.46,202.46,202.46,202.46,100,2021-09-07 15:10:00,FFIV
202.46,202.46,202.46,202.46,100,2021-09-07 15:12:00,FFIV
202.4,202.615,202.4,202.615,500,2021-09-07 15:16:00,FFIV
202.66,202.66,202.66,202.66,100,2021-09-07 15:17:00,FFIV
202.58,202.625,202.57,202.625,300,2021-09-07 15:19:00,FFIV
202.695,202.695,202.69,202.69,200,2021-09-07 15:20:00,FFIV
202.61,202.69,202.61,202.69,1000,2021-09-07 15:21:00,FFIV
202.76,202.77,202.74,202.74,900,2021-09-07 15:22:00,FFIV
202.81,203.03,202.81,203.03,600,2021-09-07 15:24:00,FFIV
203.12,203.177,203.12,203.177,200,2021-09-07 15:25:00,FFIV
203.23,203.245,203.15,203.15,300,2021-09-07 15:26:00,FFIV
203.2,203.2,203.02,203.02,902,2021-09-07 15:29:00,FFIV
203.19,203.19,203.19,203.19,100,2021-09-07 15:30:00,FFIV
203.355,203.355,203.355,203.355,100,2021-09-07 15:31:00,FFIV
203.25,203.25,203.25,203.25,100,2021-09-07 15:32:00,FFIV
203.09,203.09,203.09,203.09,109,2021-09-07 15:36:00,FFIV
202.99,202.99,202.99,202.99,300,2021-09-07 15:40:00,FFIV
202.83,202.83,202.83,202.83,100,2021-09-07 15:41:00,FFIV
202.94,202.94,202.94,202.94,100,2021-09-07 15:44:00,FFIV
202.9,202.9,202.9,202.9,100,2021-09-07 15:46:00,FFIV
202.92,202.92,202.88,202.88,200,2021-09-07 15:47:00,FFIV
202.805,202.805,202.69,202.69,200,2021-09-07 15:50:00,FFIV
202.49,202.51,202.49,202.51,200,2021-09-07 15:54:00,FFIV
202.58,202.76,202.58,202.76,600,2021-09-07 15:55:00,FFIV
202.6607,202.6607,202.6607,202.6607,324,2021-09-07 15:56:00,FFIV
202.58,202.58,202.57,202.57,300,2021-09-07 15:58:00,FFIV
202.49,202.535,202.49,202.535,300,2021-09-07 15:59:00,FFIV
202.59,202.61,202.59,202.61,200,2021-09-07 16:00:00,FFIV
202.5,202.5,202.455,202.48,400,2021-09-07 16:01:00,FFIV
202.5,202.5,202.5,202.5,100,2021-09-07 16:02:00,FFIV
202.62,202.62,202.62,202.62,100,2021-09-07 16:03:00,FFIV
202.5342,202.5342,202.5342,202.5342,116,2021-09-07 16:04:00,FFIV
202.58,202.58,202.57,202.57,200,2021-09-07 16:05:00,FFIV
202.68,202.68,202.68,202.68,100,2021-09-07 16:06:00,FFIV
202.71,202.71,202.71,202.71,400,2021-09-07 16:08:00,FFIV
202.745,202.745,202.74,202.74,600,2021-09-07 16:09:00,FFIV
202.51,202.51,202.51,202.51,100,2021-09-07 16:14:00,FFIV
202.3799,202.3799,202.3799,202.3799,100,2021-09-07 16:16:00,FFIV
202.29,202.29,202.29,202.29,100,2021-09-07 16:17:00,FFIV
202.17,202.17,202.17,202.17,100,2021-09-07 16:19:00,FFIV
202.19,202.26,202.19,202.19,300,2021-09-07 16:22:00,FFIV
202.04,202.16,202.04,202.16,326,2021-09-07 16:24:00,FFIV
202.14,202.27,202.14,202.27,900,2021-09-07 16:25:00,FFIV
202.1875,202.1875,202.1875,202.1875,100,2021-09-07 16:26:00,FFIV
202.04,202.04,201.98,201.99,400,2021-09-07 16:27:00,FFIV
202.06,202.07,202.06,202.07,200,2021-09-07 16:29:00,FFIV
202.05,202.05,202.05,202.05,400,2021-09-07 16:32:00,FFIV
202.0,202.01,201.9,201.96,10680,2021-09-07 16:35:00,FFIV
201.965,201.965,201.74,201.74,1100,2021-09-07 16:36:00,FFIV
201.6,201.6,201.6,201.6,100,2021-09-07 16:37:00,FFIV
201.525,201.525,201.525,201.525,200,2021-09-07 16:38:00,FFIV
201.59,201.625,201.59,201.625,300,2021-09-07 16:40:00,FFIV
201.5,201.62,201.5,201.555,8218,2021-09-07 16:44:00,FFIV
201.61,201.62,201.61,201.62,500,2021-09-07 16:45:00,FFIV
201.68,201.68,201.68,201.68,100,2021-09-07 16:46:00,FFIV
201.7225,201.845,201.695,201.845,1172,2021-09-07 16:47:00,FFIV
201.9,201.995,201.9,201.995,400,2021-09-07 16:48:00,FFIV
201.94,201.94,201.94,201.94,100,2021-09-07 16:49:00,FFIV
201.88,201.88,201.88,201.88,100,2021-09-07 16:51:00,FFIV
201.99,201.99,201.99,201.99,400,2021-09-07 16:53:00,FFIV
201.86,202.02,201.86,201.99,400,2021-09-07 17:00:00,FFIV
202.09,202.19,202.09,202.19,326,2021-09-07 17:01:00,FFIV
202.25,202.35,202.17,202.35,9406,2021-09-07 17:02:00,FFIV
202.35,202.45,202.33,202.45,500,2021-09-07 17:03:00,FFIV
202.41,202.69,202.41,202.69,1200,2021-09-07 17:05:00,FFIV
202.74,202.74,202.74,202.74,100,2021-09-07 17:08:00,FFIV
202.56,202.56,202.44,202.525,300,2021-09-07 17:09:00,FFIV
202.57,202.57,202.57,202.57,100,2021-09-07 17:11:00,FFIV
202.65,202.65,202.54,202.61,500,2021-09-07 17:15:00,FFIV
202.66,202.66,202.66,202.66,100,2021-09-07 17:16:00,FFIV
202.57,202.57,202.57,202.57,100,2021-09-07 17:17:00,FFIV
202.65,202.65,202.65,202.65,100,2021-09-07 17:19:00,FFIV
202.45,202.51,202.44,202.51,400,2021-09-07 17:23:00,FFIV
202.48,202.48,202.43,202.48,500,2021-09-07 17:24:00,FFIV
202.49,202.62,202.49,202.58,700,2021-09-07 17:25:00,FFIV
202.72,202.72,202.72,202.72,100,2021-09-07 17:29:00,FFIV
202.76,202.76,202.76,202.76,100,2021-09-07 17:30:00,FFIV
202.74,202.81,202.74,202.81,300,2021-09-07 17:31:00,FFIV
202.72,202.72,202.71,202.71,200,2021-09-07 17:32:00,FFIV
202.76,202.76,202.7,202.7,200,2021-09-07 17:33:00,FFIV
202.7,202.7,202.61,202.66,800,2021-09-07 17:34:00,FFIV
202.81,202.81,202.74,202.81,300,2021-09-07 17:36:00,FFIV
202.98,203.05,202.98,203.05,300,2021-09-07 17:37:00,FFIV
202.97,202.98,202.97,202.98,200,2021-09-07 17:40:00,FFIV
203.05,203.05,203.05,203.05,100,2021-09-07 17:41:00,FFIV
203.04,203.13,202.96,203.13,800,2021-09-07 17:42:00,FFIV
203.14,203.14,203.14,203.14,100,2021-09-07 17:43:00,FFIV
203.12,203.38,203.12,203.38,708,2021-09-07 17:47:00,FFIV
203.35,203.43,203.28,203.43,412,2021-09-07 17:48:00,FFIV
203.28,203.31,203.25,203.31,400,2021-09-07 17:49:00,FFIV
203.34,203.34,203.34,203.34,100,2021-09-07 17:50:00,FFIV
203.19,203.19,203.19,203.19,100,2021-09-07 17:51:00,FFIV
203.19,203.3,203.19,203.3,400,2021-09-07 17:54:00,FFIV
203.17,203.17,203.17,203.17,100,2021-09-07 17:57:00,FFIV
203.15,203.2,203.15,203.2,200,2021-09-07 18:00:00,FFIV
203.11,203.11,203.11,203.11,100,2021-09-07 18:01:00,FFIV
203.16,203.27,203.16,203.27,600,2021-09-07 18:03:00,FFIV
203.25,203.25,203.25,203.25,100,2021-09-07 18:04:00,FFIV
203.25,203.25,203.25,203.25,100,2021-09-07 18:05:00,FFIV
203.16,203.16,203.11,203.16,300,2021-09-07 18:06:00,FFIV
203.17,203.17,203.17,203.17,100,2021-09-07 18:07:00,FFIV
203.06,203.06,203.06,203.06,100,2021-09-07 18:09:00,FFIV
203.14,203.14,203.14,203.14,100,2021-09-07 18:10:00,FFIV
203.17,203.36,203.17,203.36,300,2021-09-07 18:11:00,FFIV
203.3,203.3,203.3,203.3,100,2021-09-07 18:14:00,FFIV
203.32,203.32,203.32,203.32,100,2021-09-07 18:15:00,FFIV
203.32,203.43,203.32,203.43,400,2021-09-07 18:17:00,FFIV
203.25,203.25,203.03,203.155,500,2021-09-07 18:19:00,FFIV
203.31,203.31,203.0618,203.0618,203,2021-09-07 18:20:00,FFIV
203.16,203.25,203.16,203.25,200,2021-09-07 18:23:00,FFIV
203.18,203.23,203.18,203.23,200,2021-09-07 18:24:00,FFIV
203.155,203.2,203.155,203.2,250,2021-09-07 18:26:00,FFIV
203.2,203.27,203.2,203.27,200,2021-09-07 18:27:00,FFIV
203.255,203.35,203.23,203.23,800,2021-09-07 18:29:00,FFIV
203.14,203.14,203.13,203.13,300,2021-09-07 18:30:00,FFIV
202.99,202.99,202.89,202.975,400,2021-09-07 18:33:00,FFIV
202.88,202.88,202.865,202.865,200,2021-09-07 18:34:00,FFIV
202.89,202.95,202.89,202.95,200,2021-09-07 18:36:00,FFIV
202.99,202.99,202.99,202.99,100,2021-09-07 18:40:00,FFIV
202.7724,202.7724,202.7724,202.7724,444,2021-09-07 18:41:00,FFIV
202.89,202.89,202.82,202.89,700,2021-09-07 18:45:00,FFIV
202.88,202.88,202.8,202.8,200,2021-09-07 18:47:00,FFIV
202.72,202.72,202.72,202.72,400,2021-09-07 18:48:00,FFIV
202.76,202.76,202.76,202.76,100,2021-09-07 18:49:00,FFIV
202.64,202.72,202.64,202.72,200,2021-09-07 18:50:00,FFIV
202.77,202.77,202.77,202.77,200,2021-09-07 18:55:00,FFIV
202.735,202.735,202.735,202.735,100,2021-09-07 18:56:00,FFIV
202.66,202.85,202.66,202.85,200,2021-09-07 18:58:00,FFIV
202.73,202.73,202.73,202.73,100,2021-09-07 18:59:00,FFIV
202.74,202.74,202.73,202.74,400,2021-09-07 19:00:00,FFIV
202.74,202.75,202.74,202.75,213,2021-09-07 19:01:00,FFIV
202.68,202.68,202.68,202.68,100,2021-09-07 19:02:00,FFIV
202.65,202.74,202.65,202.74,200,2021-09-07 19:04:00,FFIV
202.6211,202.6211,202.6211,202.6211,187,2021-09-07 19:05:00,FFIV
202.72,202.72,202.72,202.72,101,2021-09-07 19:06:00,FFIV
202.66,202.66,202.66,202.66,100,2021-09-07 19:08:00,FFIV
202.72,202.86,202.72,202.86,5300,2021-09-07 19:09:00,FFIV
202.805,202.99,202.805,202.99,502,2021-09-07 19:10:00,FFIV
203.13,203.13,203.13,203.13,200,2021-09-07 19:11:00,FFIV
203.14,203.15,203.14,203.15,300,2021-09-07 19:13:00,FFIV
203.15,203.15,203.02,203.02,700,2021-09-07 19:14:00,FFIV
202.98,202.98,202.98,202.98,100,2021-09-07 19:15:00,FFIV
202.905,203.12,202.905,203.12,508,2021-09-07 19:16:00,FFIV
202.95,202.95,202.94,202.94,200,2021-09-07 19:18:00,FFIV
202.92,202.92,202.71,202.76,400,2021-09-07 19:20:00,FFIV
202.81,202.81,202.81,202.81,200,2021-09-07 19:21:00,FFIV
202.77,202.81,202.77,202.81,555,2021-09-07 19:25:00,FFIV
202.94,202.94,202.91,202.91,200,2021-09-07 19:27:00,FFIV
202.99,202.99,202.99,202.99,100,2021-09-07 19:28:00,FFIV
202.93,202.98,202.93,202.98,400,2021-09-07 19:29:00,FFIV
202.93,202.965,202.93,202.9625,600,2021-09-07 19:30:00,FFIV
202.95,202.95,202.945,202.945,400,2021-09-07 19:31:00,FFIV
202.94,202.94,202.94,202.94,100,2021-09-07 19:33:00,FFIV
202.97,203.02,202.97,202.98,600,2021-09-07 19:34:00,FFIV
202.96,202.96,202.85,202.85,978,2021-09-07 19:35:00,FFIV
202.94,202.94,202.94,202.94,100,2021-09-07 19:36:00,FFIV
202.94,202.94,202.94,202.94,100,2021-09-07 19:38:00,FFIV
202.8493,202.8493,202.8,202.835,600,2021-09-07 19:39:00,FFIV
202.84,202.84,202.77,202.77,286,2021-09-07 19:40:00,FFIV
202.7,202.74,202.7,202.74,918,2021-09-07 19:41:00,FFIV
202.75,202.79,202.74,202.75,1915,2021-09-07 19:42:00,FFIV
202.78,202.8,202.78,202.8,200,2021-09-07 19:43:00,FFIV
202.815,202.925,202.815,202.925,400,2021-09-07 19:44:00,FFIV
202.76,202.79,202.76,202.79,200,2021-09-07 19:45:00,FFIV
202.87,202.88,202.74,202.74,866,2021-09-07 19:46:00,FFIV
202.7,202.75,202.69,202.74,1000,2021-09-07 19:47:00,FFIV
202.8,202.8,202.8,202.8,100,2021-09-07 19:48:00,FFIV
202.8,202.8,202.72,202.72,1024,2021-09-07 19:49:00,FFIV
202.68,202.68,202.665,202.665,400,2021-09-07 19:50:00,FFIV
202.7,202.7,202.59,202.69,1100,2021-09-07 19:51:00,FFIV
202.7,202.71,202.67,202.71,900,2021-09-07 19:52:00,FFIV
202.66,202.71,202.6,202.7,2400,2021-09-07 19:53:00,FFIV
202.67,203.05,202.22,202.91,16140,2021-09-07 19:54:00,FFIV
202.84,202.84,202.6,202.695,2497,2021-09-07 19:55:00,FFIV
202.72,202.75,202.59,202.67,3023,2021-09-07 19:56:00,FFIV
202.58,202.67,202.57,202.67,3507,2021-09-07 19:57:00,FFIV
202.67,202.68,202.52,202.53,6755,2021-09-07 19:58:00,FFIV
202.53,202.61,202.37,202.4,20246,2021-09-07 19:59:00,FFIV
202.41,202.41,202.4,202.4,67109,2021-09-07 20:00:00,FFIV
202.4,202.4,202.4,202.4,1278,2021-09-07 20:01:00,FFIV
202.4,202.4,202.4,202.4,46698,2021-09-07 20:02:00,FFIV
202.4,202.4,202.4,202.4,377,2021-09-07 21:10:00,FFIV
202.73,202.73,202.73,202.73,4077,2021-09-08 13:30:00,FFIV
202.25,202.25,202.25,202.25,100,2021-09-08 13:32:00,FFIV
202.53,202.53,202.09,202.09,800,2021-09-08 13:33:00,FFIV
202.41,202.45,202.41,202.45,700,2021-09-08 13:34:00,FFIV
203.19,203.23,203.0,203.23,300,2021-09-08 13:35:00,FFIV
203.18,203.23,203.18,203.23,587,2021-09-08 13:37:00,FFIV
202.95,203.36,202.95,203.21,3442,2021-09-08 13:40:00,FFIV
203.85,203.85,203.84,203.84,200,2021-09-08 13:41:00,FFIV
203.85,203.85,203.73,203.73,800,2021-09-08 13:42:00,FFIV
203.87,203.99,203.87,203.98,801,2021-09-08 13:43:00,FFIV
203.8,204.0,203.66,204.0,4644,2021-09-08 13:44:00,FFIV
203.84,204.58,203.84,204.38,5522,2021-09-08 13:45:00,FFIV
204.27,204.27,203.97,204.07,1000,2021-09-08 13:48:00,FFIV
204.095,204.095,203.91,203.91,7632,2021-09-08 13:49:00,FFIV
203.0701,203.37,203.0701,203.35,600,2021-09-08 13:53:00,FFIV
203.07,203.07,203.07,203.07,100,2021-09-08 13:55:00,FFIV
202.74,202.74,202.74,202.74,200,2021-09-08 13:56:00,FFIV
202.65,202.79,202.63,202.63,2600,2021-09-08 13:57:00,FFIV
202.6,202.6,202.17,202.17,500,2021-09-08 13:58:00,FFIV
202.0001,202.3,202.0001,202.01,405,2021-09-08 14:00:00,FFIV
202.37,202.52,202.15,202.329,3704,2021-09-08 14:03:00,FFIV
202.22,202.57,202.07,202.43,6055,2021-09-08 14:04:00,FFIV
202.64,202.95,202.64,202.84,1590,2021-09-08 14:05:00,FFIV
203.03,203.235,202.51,202.815,4217,2021-09-08 14:06:00,FFIV
202.795,202.96,202.795,202.96,600,2021-09-08 14:07:00,FFIV
202.9,203.27,202.66,203.17,3844,2021-09-08 14:08:00,FFIV
202.75,203.03,202.39,202.39,7092,2021-09-08 14:09:00,FFIV
202.41,202.41,202.41,202.41,100,2021-09-08 14:10:00,FFIV
202.23,202.32,202.23,202.32,200,2021-09-08 14:12:00,FFIV
202.285,202.285,202.285,202.285,100,2021-09-08 14:13:00,FFIV
202.3,202.3,202.3,202.3,100,2021-09-08 14:14:00,FFIV
202.2,202.2,202.2,202.2,100,2021-09-08 14:16:00,FFIV
201.71,201.71,201.71,201.71,100,2021-09-08 14:24:00,FFIV
201.82,201.82,201.789,201.789,200,2021-09-08 14:26:00,FFIV
201.75,201.75,201.75,201.75,106,2021-09-08 14:29:00,FFIV
201.51,201.72,201.51,201.72,300,2021-09-08 14:32:00,FFIV
201.55,201.62,201.55,201.62,200,2021-09-08 14:33:00,FFIV
201.62,201.62,201.62,201.62,100,2021-09-08 14:34:00,FFIV
201.62,201.73,201.62,201.71,1210,2021-09-08 14:35:00,FFIV
201.85,201.88,201.47,201.47,700,2021-09-08 14:36:00,FFIV
201.28,201.36,201.28,201.36,200,2021-09-08 14:38:00,FFIV
201.36,201.36,201.36,201.36,100,2021-09-08 14:39:00,FFIV
201.23,201.355,201.23,201.355,200,2021-09-08 14:40:00,FFIV
201.37,201.37,201.185,201.19,400,2021-09-08 14:41:00,FFIV
201.15,201.15,200.93,200.93,700,2021-09-08 14:42:00,FFIV
200.8725,200.8725,200.8725,200.8725,100,2021-09-08 14:43:00,FFIV
200.77,200.77,200.77,200.77,100,2021-09-08 14:44:00,FFIV
200.88,201.03,200.88,201.03,200,2021-09-08 14:45:00,FFIV
200.725,200.725,200.725,200.725,100,2021-09-08 14:46:00,FFIV
201.09,201.16,201.09,201.16,300,2021-09-08 14:47:00,FFIV
201.33,201.33,201.14,201.14,500,2021-09-08 14:48:00,FFIV
201.33,201.45,201.33,201.45,300,2021-09-08 14:49:00,FFIV
201.36,201.36,201.08,201.08,200,2021-09-08 14:51:00,FFIV
201.22,201.22,201.2,201.2,200,2021-09-08 14:52:00,FFIV
200.98,201.01,200.98,201.01,200,2021-09-08 14:53:00,FFIV
200.9,200.9,200.9,200.9,100,2021-09-08 14:54:00,FFIV
201.11,201.11,201.11,201.11,100,2021-09-08 14:56:00,FFIV
201.0879,201.0879,201.0879,201.0879,100,2021-09-08 14:58:00,FFIV
201.25,201.25,201.25,201.25,100,2021-09-08 14:59:00,FFIV
201.19,201.19,201.19,201.19,400,2021-09-08 15:00:00,FFIV
201.21,201.485,201.21,201.485,200,2021-09-08 15:01:00,FFIV
201.545,201.555,201.545,201.555,200,2021-09-08 15:02:00,FFIV
201.66,201.66,201.66,201.66,100,2021-09-08 15:04:00,FFIV
201.5499,201.5499,201.5499,201.5499,100,2021-09-08 15:05:00,FFIV
201.27,201.29,201.27,201.29,300,2021-09-08 15:06:00,FFIV
201.16,201.16,201.16,201.16,100,2021-09-08 15:09:00,FFIV
201.409,201.409,201.409,201.409,100,2021-09-08 15:11:00,FFIV
201.13,201.13,200.975,201.12,847,2021-09-08 15:12:00,FFIV
201.225,201.42,201.225,201.42,300,2021-09-08 15:13:00,FFIV
201.49,201.49,201.49,201.49,100,2021-09-08 15:14:00,FFIV
201.41,201.68,201.41,201.68,700,2021-09-08 15:15:00,FFIV
201.37,201.519,201.37,201.519,300,2021-09-08 15:22:00,FFIV
201.29,201.41,201.29,201.41,300,2021-09-08 15:23:00,FFIV
201.16,201.16,201.13,201.13,200,2021-09-08 15:25:00,FFIV
201.31,201.31,201.31,201.31,100,2021-09-08 15:26:00,FFIV
201.23,201.23,201.23,201.23,100,2021-09-08 15:27:00,FFIV
201.27,201.46,201.01,201.01,600,2021-09-08 15:30:00,FFIV
201.11,201.22,201.11,201.22,200,2021-09-08 15:32:00,FFIV
201.08,201.09,201.08,201.08,640,2021-09-08 15:34:00,FFIV
201.539,201.539,201.539,201.539,100,2021-09-08 15:36:00,FFIV
201.465,201.465,201.465,201.465,100,2021-09-08 15:38:00,FFIV
201.33,201.33,201.33,201.33,100,2021-09-08 15:43:00,FFIV
201.32,201.409,201.32,201.409,300,2021-09-08 15:45:00,FFIV
201.09,201.09,201.09,201.09,100,2021-09-08 15:48:00,FFIV
201.005,201.005,201.005,201.005,100,2021-09-08 15:52:00,FFIV
201.0,201.0,201.0,201.0,100,2021-09-08 15:55:00,FFIV
201.12,201.12,201.12,201.12,100,2021-09-08 15:56:00,FFIV
201.11,201.11,201.11,201.11,190,2021-09-08 15:59:00,FFIV
201.2,201.35,201.2,201.35,300,2021-09-08 16:00:00,FFIV
201.655,201.79,201.655,201.79,400,2021-09-08 16:01:00,FFIV
201.94,201.94,201.92,201.92,200,2021-09-08 16:04:00,FFIV
201.89,201.91,201.82,201.91,600,2021-09-08 16:05:00,FFIV
201.915,201.915,201.881,201.881,200,2021-09-08 16:06:00,FFIV
201.99,201.99,201.99,201.99,100,2021-09-08 16:07:00,FFIV
202.169,202.169,202.169,202.169,100,2021-09-08 16:11:00,FFIV
202.35,202.35,202.22,202.24,400,2021-09-08 16:15:00,FFIV
202.37,202.37,202.37,202.37,100,2021-09-08 16:16:00,FFIV
202.42,202.42,202.42,202.42,100,2021-09-08 16:17:00,FFIV
202.45,202.45,202.45,202.45,100,2021-09-08 16:21:00,FFIV
202.6,202.6,202.6,202.6,200,2021-09-08 16:24:00,FFIV
202.63,202.655,202.51,202.6,921,2021-09-08 16:26:00,FFIV
202.7,202.809,202.7,202.809,200,2021-09-08 16:28:00,FFIV
202.78,202.79,202.78,202.79,300,2021-09-08 16:32:00,FFIV
202.76,202.87,202.72,202.72,300,2021-09-08 16:37:00,FFIV
202.839,202.86,202.839,202.86,300,2021-09-08 16:40:00,FFIV
202.84,202.84,202.77,202.77,300,2021-09-08 16:41:00,FFIV
202.75,202.75,202.75,202.75,100,2021-09-08 16:42:00,FFIV
202.895,202.895,202.895,202.895,100,2021-09-08 16:43:00,FFIV
202.68,202.68,202.68,202.68,200,2021-09-08 16:46:00,FFIV
202.61,202.735,202.61,202.735,200,2021-09-08 16:49:00,FFIV
202.6,202.635,202.57,202.63,500,2021-09-08 16:50:00,FFIV
202.62,202.66,202.61,202.66,400,2021-09-08 16:51:00,FFIV
202.75,202.75,202.73,202.73,200,2021-09-08 16:52:00,FFIV
202.73,202.73,202.73,202.73,100,2021-09-08 16:53:00,FFIV
202.759,202.759,202.759,202.759,100,2021-09-08 16:54:00,FFIV
202.6,202.6,202.6,202.6,100,2021-09-08 16:55:00,FFIV
202.67,202.75,202.67,202.75,200,2021-09-08 16:56:00,FFIV
202.75,202.8,202.75,202.8,300,2021-09-08 16:57:00,FFIV
202.855,202.89,202.855,202.89,200,2021-09-08 16:58:00,FFIV
202.86,203.18,202.86,203.18,1743,2021-09-08 16:59:00,FFIV
203.09,203.09,203.09,203.09,100,2021-09-08 17:00:00,FFIV
203.2779,203.2779,203.2779,203.2779,100,2021-09-08 17:02:00,FFIV
203.15,203.24,203.15,203.24,200,2021-09-08 17:03:00,FFIV
203.16,203.165,203.16,203.165,425,2021-09-08 17:04:00,FFIV
203.19,203.19,203.19,203.19,100,2021-09-08 17:05:00,FFIV
203.12,203.44,203.12,203.44,2400,2021-09-08 17:06:00,FFIV
203.45,203.65,203.45,203.45,700,2021-09-08 17:07:00,FFIV
203.3,203.41,203.29,203.38,1400,2021-09-08 17:09:00,FFIV
203.31,203.31,203.14,203.169,1100,2021-09-08 17:10:00,FFIV
203.105,203.105,202.92,202.96,600,2021-09-08 17:13:00,FFIV
203.04,203.04,203.04,203.04,100,2021-09-08 17:15:00,FFIV
202.96,202.995,202.9,202.995,300,2021-09-08 17:17:00,FFIV
202.97,202.97,202.97,202.97,150,2021-09-08 17:18:00,FFIV
203.28,203.3,203.28,203.3,300,2021-09-08 17:20:00,FFIV
203.44,203.44,203.44,203.44,101,2021-09-08 17:22:00,FFIV
203.39,203.39,203.39,203.39,200,2021-09-08 17:23:00,FFIV
203.3967,203.3967,203.3967,203.3967,151,2021-09-08 17:24:00,FFIV
203.41,203.41,203.41,203.41,100,2021-09-08 17:25:00,FFIV
203.41,203.56,203.31,203.56,1231,2021-09-08 17:26:00,FFIV
203.62,203.62,203.58,203.58,200,2021-09-08 17:27:00,FFIV
203.57,203.649,203.56,203.649,600,2021-09-08 17:29:00,FFIV
203.62,203.62,203.46,203.46,500,2021-09-08 17:30:00,FFIV
203.53,203.68,203.53,203.66,1662,2021-09-08 17:31:00,FFIV
203.62,203.67,203.5025,203.5025,600,2021-09-08 17:32:00,FFIV
203.605,203.8,203.5,203.8,1700,2021-09-08 17:33:00,FFIV
203.805,203.805,203.805,203.805,200,2021-09-08 17:34:00,FFIV
203.885,203.89,203.76,203.89,300,2021-09-08 17:36:00,FFIV
203.7975,203.7975,203.68,203.68,200,2021-09-08 17:37:00,FFIV
203.75,203.75,203.75,203.75,5000,2021-09-08 17:38:00,FFIV
203.71,203.71,203.65,203.65,200,2021-09-08 17:40:00,FFIV
203.695,203.75,203.675,203.675,700,2021-09-08 17:41:00,FFIV
203.48,203.52,203.48,203.52,200,2021-09-08 17:43:00,FFIV
203.48,203.48,203.475,203.475,400,2021-09-08 17:44:00,FFIV
203.37,203.395,203.33,203.395,325,2021-09-08 17:49:00,FFIV
203.23,203.23,203.02,203.02,900,2021-09-08 17:50:00,FFIV
203.16,203.23,203.16,203.17,500,2021-09-08 17:51:00,FFIV
203.345,203.57,203.325,203.42,1100,2021-09-08 17:54:00,FFIV
203.33,203.38,203.33,203.38,200,2021-09-08 17:56:00,FFIV
203.385,203.385,203.385,203.385,100,2021-09-08 17:58:00,FFIV
203.5,203.5,203.5,203.5,100,2021-09-08 18:00:00,FFIV
203.545,203.71,203.545,203.63,500,2021-09-08 18:01:00,FFIV
203.77,203.78,203.77,203.78,200,2021-09-08 18:02:00,FFIV
203.82,203.92,203.785,203.905,1020,2021-09-08 18:06:00,FFIV
203.9,203.9,203.9,203.9,100,2021-09-08 18:09:00,FFIV
203.74,203.93,203.74,203.93,500,2021-09-08 18:10:00,FFIV
203.7,203.805,203.7,203.805,600,2021-09-08 18:13:00,FFIV
203.83,203.88,203.74,203.75,1000,2021-09-08 18:15:00,FFIV
203.815,203.815,203.73,203.75,400,2021-09-08 18:16:00,FFIV
203.909,203.909,203.909,203.909,100,2021-09-08 18:17:00,FFIV
203.55,203.55,203.55,203.55,100,2021-09-08 18:21:00,FFIV
203.6,203.77,203.6,203.74,300,2021-09-08 18:22:00,FFIV
203.77,203.93,203.77,203.93,400,2021-09-08 18:23:00,FFIV
203.9,203.9,203.9,203.9,100,2021-09-08 18:28:00,FFIV
204.0,204.04,203.94,203.94,400,2021-09-08 18:29:00,FFIV
203.83,203.94,203.83,203.94,200,2021-09-08 18:30:00,FFIV
203.969,203.969,203.969,203.969,100,2021-09-08 18:31:00,FFIV
203.75,203.93,203.75,203.93,200,2021-09-08 18:32:00,FFIV
203.85,203.85,203.85,203.85,100,2021-09-08 18:33:00,FFIV
203.79,203.79,203.79,203.79,100,2021-09-08 18:34:00,FFIV
203.78,203.78,203.78,203.78,100,2021-09-08 18:36:00,FFIV
203.76,203.76,203.7,203.7,400,2021-09-08 18:38:00,FFIV
203.68,203.68,203.64,203.64,200,2021-09-08 18:40:00,FFIV
203.7,203.879,203.7,203.805,600,2021-09-08 18:43:00,FFIV
203.82,203.82,203.74,203.775,500,2021-09-08 18:44:00,FFIV
203.72,203.72,203.72,203.72,100,2021-09-08 18:45:00,FFIV
203.74,203.74,203.63,203.63,200,2021-09-08 18:46:00,FFIV
203.67,203.67,203.67,203.67,100,2021-09-08 18:47:00,FFIV
203.63,203.63,203.63,203.63,100,2021-09-08 18:48:00,FFIV
203.51,203.51,203.51,203.51,100,2021-09-08 18:50:00,FFIV
203.45,203.45,203.45,203.45,100,2021-09-08 18:51:00,FFIV
203.51,203.51,203.51,203.51,200,2021-09-08 18:52:00,FFIV
203.56,203.56,203.56,203.56,100,2021-09-08 18:53:00,FFIV
203.55,203.55,203.55,203.55,100,2021-09-08 18:54:00,FFIV
203.58,203.67,203.58,203.65,600,2021-09-08 18:56:00,FFIV
203.61,203.61,203.59,203.59,200,2021-09-08 18:57:00,FFIV
203.58,203.58,203.58,203.58,200,2021-09-08 18:58:00,FFIV
203.5,203.5,203.455,203.47,600,2021-09-08 18:59:00,FFIV
203.4,203.4,203.29,203.34,400,2021-09-08 19:00:00,FFIV
203.18,203.18,203.18,203.18,100,2021-09-08 19:01:00,FFIV
203.22,203.22,203.22,203.22,100,2021-09-08 19:02:00,FFIV
203.14,203.155,203.0475,203.0475,800,2021-09-08 19:03:00,FFIV
203.01,203.1,203.01,203.065,1300,2021-09-08 19:04:00,FFIV
203.0,203.035,203.0,203.035,200,2021-09-08 19:06:00,FFIV
203.05,203.05,203.05,203.05,121,2021-09-08 19:07:00,FFIV
203.08,203.11,203.06,203.06,900,2021-09-08 19:08:00,FFIV
203.0,203.06,203.0,203.06,700,2021-09-08 19:09:00,FFIV
202.9154,202.9154,202.87,202.87,217,2021-09-08 19:11:00,FFIV
203.07,203.2,203.06,203.2,600,2021-09-08 19:12:00,FFIV
203.2,203.225,203.14,203.225,2700,2021-09-08 19:13:00,FFIV
203.195,203.2,203.16,203.165,2200,2021-09-08 19:14:00,FFIV
203.165,203.255,203.165,203.255,1200,2021-09-08 19:15:00,FFIV
203.2192,203.2192,203.2192,203.2192,100,2021-09-08 19:17:00,FFIV
203.14,203.14,203.13,203.13,200,2021-09-08 19:18:00,FFIV
203.15,203.15,203.15,203.15,100,2021-09-08 19:19:00,FFIV
203.04,203.04,203.04,203.04,100,2021-09-08 19:20:00,FFIV
203.1,203.1,203.03,203.03,1153,2021-09-08 19:21:00,FFIV
202.93,202.93,202.92,202.92,200,2021-09-08 19:22:00,FFIV
202.89,202.92,202.85,202.85,800,2021-09-08 19:23:00,FFIV
202.9,202.9,202.9,202.9,200,2021-09-08 19:24:00,FFIV
202.8925,202.8925,202.8925,202.8925,100,2021-09-08 19:25:00,FFIV
202.8,202.8,202.74,202.74,600,2021-09-08 19:27:00,FFIV
202.8,202.8,202.77,202.77,200,2021-09-08 19:29:00,FFIV
202.77,202.77,202.76,202.76,200,2021-09-08 19:30:00,FFIV
202.71,202.71,202.68,202.68,200,2021-09-08 19:31:00,FFIV
202.67,202.72,202.67,202.72,400,2021-09-08 19:32:00,FFIV
202.72,202.74,202.7,202.7,400,2021-09-08 19:33:00,FFIV
202.67,202.67,202.67,202.67,100,2021-09-08 19:34:00,FFIV
202.635,202.635,202.5,202.5,1200,2021-09-08 19:35:00,FFIV
202.37,202.44,202.37,202.44,200,2021-09-08 19:36:00,FFIV
202.35,202.42,202.31,202.31,300,2021-09-08 19:37:00,FFIV
202.21,202.255,202.21,202.255,200,2021-09-08 19:38:00,FFIV
202.29,202.29,202.29,202.29,100,2021-09-08 19:39:00,FFIV
202.23,202.3,202.23,202.3,400,2021-09-08 19:40:00,FFIV
202.38,202.38,202.32,202.32,300,2021-09-08 19:42:00,FFIV
202.4,202.5,202.4,202.5,600,2021-09-08 19:43:00,FFIV
202.6,202.6,202.54,202.54,200,2021-09-08 19:44:00,FFIV
202.52,202.52,202.5,202.5,760,2021-09-08 19:45:00,FFIV
202.52,202.559,202.5,202.5,300,2021-09-08 19:46:00,FFIV
202.5,202.545,202.5,202.51,400,2021-09-08 19:47:00,FFIV
202.57,202.57,202.52,202.56,400,2021-09-08 19:48:00,FFIV
202.41,202.41,202.275,202.275,300,2021-09-08 19:49:00,FFIV
202.39,202.65,202.39,202.65,561,2021-09-08 19:50:00,FFIV
202.46,202.46,202.29,202.335,1850,2021-09-08 19:51:00,FFIV
202.32,202.36,202.32,202.36,608,2021-09-08 19:52:00,FFIV
202.37,202.435,202.37,202.435,500,2021-09-08 19:53:00,FFIV
202.36,202.37,201.89,202.09,5328,2021-09-08 19:54:00,FFIV
201.92,202.11,201.92,202.019,3158,2021-09-08 19:55:00,FFIV
202.02,202.04,201.94,202.03,2001,2021-09-08 19:56:00,FFIV
202.02,202.035,201.9732,202.03,1294,2021-09-08 19:57:00,FFIV
202.11,202.4,202.11,202.37,2392,2021-09-08 19:58:00,FFIV
202.31,202.39,202.29,202.39,2682,2021-09-08 19:59:00,FFIV
202.33,202.33,202.33,202.33,44091,2021-09-08 20:00:00,FFIV
202.33,202.33,202.33,202.33,615,2021-09-08 20:01:00,FFIV
202.33,202.33,202.33,202.33,676,2021-09-08 20:02:00,FFIV
202.33,202.33,202.33,202.33,990,2021-09-08 20:04:00,FFIV
202.33,202.33,202.33,202.33,2458,2021-09-09 13:30:00,FFIV
202.26,202.26,202.26,202.26,100,2021-09-09 13:33:00,FFIV
202.5,202.5,202.44,202.46,600,2021-09-09 13:34:00,FFIV
202.53,202.54,202.51,202.54,400,2021-09-09 13:35:00,FFIV
202.67,202.67,202.525,202.525,400,2021-09-09 13:38:00,FFIV
202.65,202.65,202.63,202.63,200,2021-09-09 13:39:00,FFIV
202.38,202.38,201.69,201.82,1500,2021-09-09 13:40:00,FFIV
201.57,201.57,201.56,201.56,600,2021-09-09 13:41:00,FFIV
200.76,201.59,200.76,201.59,1439,2021-09-09 13:44:00,FFIV
201.665,201.665,201.665,201.665,100,2021-09-09 13:45:00,FFIV
201.425,201.425,201.425,201.425,100,2021-09-09 13:46:00,FFIV
201.2,201.73,201.2,201.73,700,2021-09-09 13:47:00,FFIV
201.86,202.01,201.86,202.01,300,2021-09-09 13:49:00,FFIV
202.265,202.265,202.265,202.265,100,2021-09-09 13:50:00,FFIV
202.27,202.27,202.01,202.01,200,2021-09-09 13:51:00,FFIV
202.08,202.62,202.04,202.62,6900,2021-09-09 13:52:00,FFIV
202.5,202.77,202.35,202.77,2565,2021-09-09 13:53:00,FFIV
202.8,202.81,202.49,202.77,3777,2021-09-09 13:54:00,FFIV
202.77,202.87,202.27,202.36,3876,2021-09-09 13:55:00,FFIV
202.238,202.49,202.238,202.49,2100,2021-09-09 13:56:00,FFIV
202.22,202.3225,202.08,202.25,800,2021-09-09 13:58:00,FFIV
202.43,202.43,202.43,202.43,100,2021-09-09 14:00:00,FFIV
202.25,202.25,202.25,202.25,100,2021-09-09 14:01:00,FFIV
202.6,202.64,202.6,202.64,400,2021-09-09 14:04:00,FFIV
202.51,202.51,202.46,202.46,500,2021-09-09 14:05:00,FFIV
202.75,202.75,202.34,202.5,800,2021-09-09 14:09:00,FFIV
202.6,202.63,202.6,202.63,400,2021-09-09 14:12:00,FFIV
202.64,202.69,202.64,202.665,400,2021-09-09 14:13:00,FFIV
203.0,203.0,203.0,203.0,100,2021-09-09 14:15:00,FFIV
203.01,203.01,203.01,203.01,100,2021-09-09 14:18:00,FFIV
203.19,203.245,203.16,203.245,900,2021-09-09 14:19:00,FFIV
203.17,203.17,203.17,203.17,100,2021-09-09 14:20:00,FFIV
203.2168,203.2168,203.2168,203.2168,110,2021-09-09 14:22:00,FFIV
203.285,203.6,203.285,203.6,300,2021-09-09 14:27:00,FFIV
203.83,203.83,203.66,203.66,200,2021-09-09 14:29:00,FFIV
203.88,203.88,203.88,203.88,100,2021-09-09 14:30:00,FFIV
203.795,203.8725,203.78,203.8,500,2021-09-09 14:31:00,FFIV
203.71,203.8,203.6,203.8,400,2021-09-09 14:32:00,FFIV
203.5,203.65,203.46,203.65,500,2021-09-09 14:33:00,FFIV
203.75,203.75,203.65,203.65,200,2021-09-09 14:34:00,FFIV
203.555,203.66,203.48,203.48,500,2021-09-09 14:36:00,FFIV
203.5,203.51,203.365,203.365,600,2021-09-09 14:37:00,FFIV
203.38,203.38,203.38,203.38,100,2021-09-09 14:38:00,FFIV
203.37,203.37,203.37,203.37,100,2021-09-09 14:39:00,FFIV
203.38,203.44,203.35,203.44,500,2021-09-09 14:40:00,FFIV
203.45,203.51,203.45,203.5,700,2021-09-09 14:41:00,FFIV
203.49,203.49,203.49,203.49,100,2021-09-09 14:42:00,FFIV
203.58,203.59,203.535,203.535,400,2021-09-09 14:44:00,FFIV
203.6,203.64,203.6,203.64,300,2021-09-09 14:45:00,FFIV
203.74,203.74,203.74,203.74,100,2021-09-09 14:47:00,FFIV
203.89,204.31,203.89,204.31,550,2021-09-09 14:48:00,FFIV
204.21,204.44,204.21,204.42,500,2021-09-09 14:50:00,FFIV
204.46,204.46,204.425,204.425,300,2021-09-09 14:52:00,FFIV
204.38,204.41,204.36,204.41,300,2021-09-09 14:53:00,FFIV
204.06,204.09,204.06,204.09,200,2021-09-09 14:55:00,FFIV
203.995,203.995,203.97,203.97,200,2021-09-09 14:56:00,FFIV
203.95,203.95,203.95,203.95,100,2021-09-09 14:59:00,FFIV
204.02,204.16,204.02,204.02,700,2021-09-09 15:01:00,FFIV
204.04,204.105,204.04,204.105,300,2021-09-09 15:02:00,FFIV
204.17,204.17,204.17,204.17,100,2021-09-09 15:03:00,FFIV
204.16,204.42,204.15,204.15,700,2021-09-09 15:04:00,FFIV
204.225,204.225,204.225,204.225,100,2021-09-09 15:06:00,FFIV
204.31,204.39,204.3,204.39,1200,2021-09-09 15:08:00,FFIV
204.49,204.5,204.49,204.5,300,2021-09-09 15:10:00,FFIV
204.5,204.52,204.47,204.47,600,2021-09-09 15:11:00,FFIV
204.53,204.55,204.53,204.55,200,2021-09-09 15:12:00,FFIV
204.56,204.56,204.56,204.56,100,2021-09-09 15:13:00,FFIV
204.58,204.6633,204.57,204.6633,300,2021-09-09 15:14:00,FFIV
204.55,204.55,204.55,204.55,100,2021-09-09 15:15:00,FFIV
204.58,204.58,204.42,204.44,300,2021-09-09 15:16:00,FFIV
204.345,204.345,204.345,204.345,100,2021-09-09 15:18:00,FFIV
204.2,204.2,204.19,204.19,200,2021-09-09 15:19:00,FFIV
204.18,204.18,204.18,204.18,100,2021-09-09 15:20:00,FFIV
204.29,204.34,204.29,204.34,300,2021-09-09 15:22:00,FFIV
204.37,204.37,204.37,204.37,176,2021-09-09 15:25:00,FFIV
204.18,204.18,204.02,204.02,400,2021-09-09 15:26:00,FFIV
204.03,204.03,203.99,203.99,200,2021-09-09 15:27:00,FFIV
203.83,203.83,203.83,203.83,100,2021-09-09 15:29:00,FFIV
203.51,203.62,203.51,203.62,200,2021-09-09 15:30:00,FFIV
203.62,203.62,203.51,203.52,462,2021-09-09 15:31:00,FFIV
203.54,203.67,203.54,203.67,600,2021-09-09 15:32:00,FFIV
203.77,203.77,203.77,203.77,100,2021-09-09 15:33:00,FFIV
203.75,203.75,203.69,203.69,200,2021-09-09 15:35:00,FFIV
203.66,203.72,203.66,203.67,500,2021-09-09 15:36:00,FFIV
203.67,203.67,203.63,203.63,400,2021-09-09 15:38:00,FFIV
203.51,203.51,203.48,203.48,200,2021-09-09 15:39:00,FFIV
203.36,203.36,203.235,203.36,300,2021-09-09 15:40:00,FFIV
203.15,203.15,203.15,203.15,100,2021-09-09 15:41:00,FFIV
203.33,203.33,203.12,203.12,500,2021-09-09 15:43:00,FFIV
203.05,203.05,203.05,203.05,100,2021-09-09 15:44:00,FFIV
203.18,203.18,203.18,203.18,200,2021-09-09 15:45:00,FFIV
203.28,203.47,203.28,203.47,400,2021-09-09 15:47:00,FFIV
203.46,203.46,203.46,203.46,100,2021-09-09 15:50:00,FFIV
203.4,203.4,203.4,203.4,184,2021-09-09 15:53:00,FFIV
203.24,203.24,203.24,203.24,100,2021-09-09 15:55:00,FFIV
203.02,203.11,203.02,203.11,300,2021-09-09 15:56:00,FFIV
203.2,203.2,203.2,203.2,100,2021-09-09 15:57:00,FFIV
203.26,203.36,203.26,203.33,600,2021-09-09 15:58:00,FFIV
203.24,203.24,203.24,203.24,200,2021-09-09 16:02:00,FFIV
203.045,203.045,203.045,203.045,100,2021-09-09 16:03:00,FFIV
203.35,203.35,203.35,203.35,100,2021-09-09 16:07:00,FFIV
203.413,203.413,203.413,203.413,100,2021-09-09 16:08:00,FFIV
203.39,203.39,203.39,203.39,100,2021-09-09 16:11:00,FFIV
203.47,203.56,203.47,203.55,300,2021-09-09 16:12:00,FFIV
203.41,203.41,203.41,203.41,450,2021-09-09 16:17:00,FFIV
203.53,203.53,203.53,203.53,100,2021-09-09 16:21:00,FFIV
203.4,203.49,203.4,203.48,400,2021-09-09 16:24:00,FFIV
203.38,203.5,203.38,203.5,200,2021-09-09 16:27:00,FFIV
203.31,203.31,203.15,203.15,500,2021-09-09 16:30:00,FFIV
203.13,203.13,203.13,203.13,100,2021-09-09 16:31:00,FFIV
203.16,203.16,203.16,203.16,100,2021-09-09 16:32:00,FFIV
203.12,203.12,203.09,203.09,500,2021-09-09 16:33:00,FFIV
203.025,203.05,203.025,203.045,300,2021-09-09 16:34:00,FFIV
203.11,203.18,203.11,203.17,400,2021-09-09 16:35:00,FFIV
203.27,203.34,203.24,203.24,300,2021-09-09 16:37:00,FFIV
203.3,203.37,203.3,203.37,600,2021-09-09 16:39:00,FFIV
203.3,203.3,203.27,203.27,200,2021-09-09 16:47:00,FFIV
203.31,203.31,203.31,203.31,100,2021-09-09 16:48:00,FFIV
203.22,203.22,203.22,203.22,100,2021-09-09 16:51:00,FFIV
203.09,203.09,203.07,203.08,400,2021-09-09 16:55:00,FFIV
203.04,203.04,203.04,203.04,200,2021-09-09 16:56:00,FFIV
202.79,202.82,202.79,202.82,600,2021-09-09 16:59:00,FFIV
202.91,202.98,202.91,202.98,200,2021-09-09 17:00:00,FFIV
203.07,203.07,203.07,203.07,164,2021-09-09 17:01:00,FFIV
203.06,203.06,203.06,203.06,200,2021-09-09 17:03:00,FFIV
203.0766,203.0766,203.03,203.03,200,2021-09-09 17:07:00,FFIV
203.03,203.03,203.03,203.03,200,2021-09-09 17:16:00,FFIV
203.17,203.17,203.1,203.1,200,2021-09-09 17:17:00,FFIV
203.1,203.16,203.1,203.16,200,2021-09-09 17:18:00,FFIV
203.115,203.115,203.06,203.06,300,2021-09-09 17:19:00,FFIV
203.0,203.0,202.82,202.82,500,2021-09-09 17:20:00,FFIV
202.76,202.76,202.76,202.76,100,2021-09-09 17:21:00,FFIV
202.7,202.7,202.7,202.7,100,2021-09-09 17:25:00,FFIV
202.52,202.52,202.52,202.52,100,2021-09-09 17:29:00,FFIV
202.57,202.59,202.57,202.59,200,2021-09-09 17:30:00,FFIV
202.47,202.52,202.47,202.52,200,2021-09-09 17:31:00,FFIV
202.51,202.62,202.46,202.46,300,2021-09-09 17:33:00,FFIV
202.64,202.64,202.64,202.64,500,2021-09-09 17:35:00,FFIV
202.58,202.58,202.5,202.5,400,2021-09-09 17:36:00,FFIV
202.42,202.45,202.4,202.45,600,2021-09-09 17:42:00,FFIV
202.58,202.59,202.58,202.59,200,2021-09-09 17:47:00,FFIV
202.62,202.62,202.62,202.62,100,2021-09-09 17:52:00,FFIV
202.91,202.95,202.81,202.95,900,2021-09-09 17:55:00,FFIV
202.8,202.8,202.8,202.8,100,2021-09-09 17:56:00,FFIV
202.885,202.885,202.885,202.885,100,2021-09-09 17:57:00,FFIV
203.04,203.09,203.04,203.09,200,2021-09-09 17:58:00,FFIV
202.88,202.88,202.88,202.88,100,2021-09-09 18:00:00,FFIV
202.88,202.98,202.88,202.98,200,2021-09-09 18:01:00,FFIV
202.94,202.94,202.94,202.94,100,2021-09-09 18:02:00,FFIV
202.86,202.86,202.74,202.74,300,2021-09-09 18:03:00,FFIV
202.85,202.85,202.85,202.85,100,2021-09-09 18:05:00,FFIV
203.01,203.01,203.01,203.01,100,2021-09-09 18:07:00,FFIV
203.1,203.1,203.1,203.1,100,2021-09-09 18:09:00,FFIV
202.96,202.96,202.96,202.96,100,2021-09-09 18:13:00,FFIV
202.98,202.98,202.98,202.98,100,2021-09-09 18:14:00,FFIV
202.93,202.93,202.93,202.93,100,2021-09-09 18:15:00,FFIV
203.035,203.035,203.035,203.035,200,2021-09-09 18:17:00,FFIV
203.015,203.015,202.79,202.79,400,2021-09-09 18:18:00,FFIV
202.765,202.77,202.765,202.77,200,2021-09-09 18:20:00,FFIV
202.77,202.77,202.7,202.745,1000,2021-09-09 18:21:00,FFIV
202.59,202.59,202.47,202.56,400,2021-09-09 18:22:00,FFIV
202.465,202.58,202.465,202.58,500,2021-09-09 18:24:00,FFIV
202.56,202.73,202.55,202.655,2100,2021-09-09 18:25:00,FFIV
202.84,202.84,202.84,202.84,100,2021-09-09 18:26:00,FFIV
202.69,203.1,202.69,203.1,400,2021-09-09 18:27:00,FFIV
203.04,203.04,203.0,203.0,200,2021-09-09 18:31:00,FFIV
202.99,202.99,202.99,202.99,100,2021-09-09 18:33:00,FFIV
203.11,203.12,203.11,203.12,200,2021-09-09 18:36:00,FFIV
202.88,202.88,202.88,202.88,100,2021-09-09 18:37:00,FFIV
202.88,202.88,202.88,202.88,100,2021-09-09 18:38:00,FFIV
202.84,202.84,202.8,202.825,300,2021-09-09 18:42:00,FFIV
202.87,202.87,202.805,202.87,400,2021-09-09 18:43:00,FFIV
202.94,202.98,202.94,202.98,200,2021-09-09 18:45:00,FFIV
203.23,203.23,203.23,203.23,100,2021-09-09 18:47:00,FFIV
203.27,203.33,203.27,203.28,545,2021-09-09 18:51:00,FFIV
203.47,203.47,203.47,203.47,200,2021-09-09 18:52:00,FFIV
203.395,203.395,203.395,203.395,100,2021-09-09 18:53:00,FFIV
203.385,203.385,203.385,203.385,300,2021-09-09 19:00:00,FFIV
203.48,203.53,203.42,203.42,400,2021-09-09 19:01:00,FFIV
203.43,203.43,203.43,203.43,100,2021-09-09 19:02:00,FFIV
203.53,203.53,203.53,203.53,100,2021-09-09 19:03:00,FFIV
203.67,203.77,203.67,203.77,500,2021-09-09 19:06:00,FFIV
203.77,203.77,203.77,203.77,100,2021-09-09 19:08:00,FFIV
203.65,203.65,203.61,203.61,540,2021-09-09 19:09:00,FFIV
203.69,203.7,203.69,203.7,200,2021-09-09 19:10:00,FFIV
203.74,203.74,203.7,203.7,300,2021-09-09 19:11:00,FFIV
203.66,203.67,203.61,203.61,500,2021-09-09 19:12:00,FFIV
203.52,203.52,203.52,203.52,100,2021-09-09 19:18:00,FFIV
203.49,203.49,203.47,203.47,200,2021-09-09 19:19:00,FFIV
203.52,203.6289,203.52,203.567,575,2021-09-09 19:26:00,FFIV
203.56,203.56,203.56,203.56,100,2021-09-09 19:27:00,FFIV
203.57,203.57,203.48,203.48,800,2021-09-09 19:28:00,FFIV
203.53,203.56,203.53,203.56,200,2021-09-09 19:29:00,FFIV
203.59,203.59,203.59,203.59,100,2021-09-09 19:32:00,FFIV
203.68,203.68,203.68,203.68,100,2021-09-09 19:33:00,FFIV
203.74,203.74,203.62,203.62,806,2021-09-09 19:34:00,FFIV
203.63,203.63,203.6,203.6,400,2021-09-09 19:35:00,FFIV
203.73,203.73,203.73,203.73,100,2021-09-09 19:36:00,FFIV
203.74,203.74,203.74,203.74,100,2021-09-09 19:37:00,FFIV
203.77,203.77,203.77,203.77,100,2021-09-09 19:38:00,FFIV
203.7,203.72,203.68,203.72,600,2021-09-09 19:41:00,FFIV
203.74,203.74,203.71,203.73,500,2021-09-09 19:42:00,FFIV
203.67,203.67,203.63,203.63,200,2021-09-09 19:43:00,FFIV
203.56,203.56,203.56,203.56,100,2021-09-09 19:44:00,FFIV
203.53,203.56,203.53,203.53,443,2021-09-09 19:45:00,FFIV
203.5,203.5,203.5,203.5,100,2021-09-09 19:46:00,FFIV
203.54,203.54,203.46,203.47,1800,2021-09-09 19:47:00,FFIV
203.43,203.47,203.43,203.47,200,2021-09-09 19:48:00,FFIV
203.34,203.34,203.31,203.33,600,2021-09-09 19:49:00,FFIV
203.41,203.51,203.4,203.51,600,2021-09-09 19:52:00,FFIV
203.5,203.5,203.39,203.39,1000,2021-09-09 19:53:00,FFIV
203.445,203.475,203.38,203.38,934,2021-09-09 19:54:00,FFIV
203.225,203.32,203.195,203.195,1100,2021-09-09 19:55:00,FFIV
203.23,203.24,203.17,203.24,500,2021-09-09 19:56:00,FFIV
203.25,203.34,203.16,203.32,2200,2021-09-09 19:57:00,FFIV
203.3,203.3,203.13,203.22,1573,2021-09-09 19:58:00,FFIV
203.31,203.32,203.25,203.3,1199,2021-09-09 19:59:00,FFIV
203.21,203.21,203.21,203.21,29115,2021-09-09 20:00:00,FFIV
203.21,203.21,203.21,203.21,440,2021-09-09 20:01:00,FFIV
203.21,203.21,203.21,203.21,1273,2021-09-09 20:02:00,FFIV
204.33,204.42,204.33,204.42,3123,2021-09-10 13:30:00,FFIV
204.42,204.42,204.42,204.42,100,2021-09-10 13:33:00,FFIV
204.85,204.855,204.82,204.83,400,2021-09-10 13:34:00,FFIV
204.65,204.66,204.645,204.66,500,2021-09-10 13:36:00,FFIV
204.81,204.81,204.37,204.59,300,2021-09-10 13:37:00,FFIV
204.79,204.79,204.77,204.785,400,2021-09-10 13:39:00,FFIV
204.78,204.78,204.77,204.77,300,2021-09-10 13:40:00,FFIV
204.79,204.79,204.79,204.79,100,2021-09-10 13:41:00,FFIV
204.86,205.0,204.86,205.0,636,2021-09-10 13:42:00,FFIV
205.01,205.195,204.96,205.195,331,2021-09-10 13:43:00,FFIV
205.11,205.125,204.81,204.81,600,2021-09-10 13:44:00,FFIV
205.0,205.0,205.0,205.0,100,2021-09-10 13:45:00,FFIV
204.99,205.09,204.99,205.046,500,2021-09-10 13:46:00,FFIV
205.11,205.215,205.02,205.08,800,2021-09-10 13:47:00,FFIV
204.97,204.97,204.54,204.54,254,2021-09-10 13:49:00,FFIV
204.26,204.26,204.09,204.09,234,2021-09-10 13:50:00,FFIV
204.05,204.17,204.05,204.17,200,2021-09-10 13:51:00,FFIV
203.7155,203.7155,203.7155,203.7155,173,2021-09-10 13:52:00,FFIV
204.2,204.2,204.19,204.2,300,2021-09-10 13:53:00,FFIV
204.1,204.1,204.1,204.1,100,2021-09-10 13:54:00,FFIV
204.37,204.37,204.36,204.36,200,2021-09-10 13:56:00,FFIV
204.06,204.08,203.76,204.08,400,2021-09-10 14:00:00,FFIV
203.86,204.14,203.86,204.14,500,2021-09-10 14:02:00,FFIV
204.16,204.19,204.07,204.07,1100,2021-09-10 14:04:00,FFIV
204.1,204.11,204.1,204.11,200,2021-09-10 14:05:00,FFIV
204.065,204.065,204.065,204.065,260,2021-09-10 14:06:00,FFIV
203.9,203.9,203.28,203.28,900,2021-09-10 14:08:00,FFIV
203.015,203.015,203.015,203.015,100,2021-09-10 14:09:00,FFIV
203.15,203.15,203.15,203.15,100,2021-09-10 14:10:00,FFIV
203.22,203.22,203.22,203.22,100,2021-09-10 14:11:00,FFIV
203.575,203.575,203.4975,203.4975,200,2021-09-10 14:13:00,FFIV
203.59,203.6,203.59,203.6,200,2021-09-10 14:16:00,FFIV
203.73,203.79,203.73,203.79,300,2021-09-10 14:17:00,FFIV
203.77,203.77,203.76,203.76,400,2021-09-10 14:18:00,FFIV
203.665,203.665,203.665,203.665,134,2021-09-10 14:19:00,FFIV
203.77,203.77,203.77,203.77,100,2021-09-10 14:20:00,FFIV
203.56,203.56,203.56,203.56,200,2021-09-10 14:22:00,FFIV
203.47,203.5,203.46,203.5,300,2021-09-10 14:26:00,FFIV
203.33,203.33,203.33,203.33,100,2021-09-10 14:27:00,FFIV
203.42,203.52,203.42,203.52,200,2021-09-10 14:28:00,FFIV
203.36,203.52,203.33,203.52,400,2021-09-10 14:29:00,FFIV
203.23,203.23,203.23,203.23,200,2021-09-10 14:30:00,FFIV
203.05,203.05,202.97,202.97,765,2021-09-10 14:32:00,FFIV
203.35,203.35,203.18,203.29,700,2021-09-10 14:34:00,FFIV
203.375,203.4,203.34,203.34,700,2021-09-10 14:36:00,FFIV
203.3899,203.3899,203.23,203.34,400,2021-09-10 14:37:00,FFIV
203.56,203.69,203.56,203.68,900,2021-09-10 14:38:00,FFIV
203.64,203.64,203.64,203.64,100,2021-09-10 14:39:00,FFIV
203.63,203.63,203.63,203.63,100,2021-09-10 14:40:00,FFIV
203.51,203.66,203.51,203.61,1100,2021-09-10 14:41:00,FFIV
203.46,203.55,203.43,203.55,600,2021-09-10 14:43:00,FFIV
203.68,203.68,203.68,203.68,200,2021-09-10 14:44:00,FFIV
203.56,203.57,203.55,203.57,400,2021-09-10 14:45:00,FFIV
203.445,203.55,203.445,203.55,400,2021-09-10 14:47:00,FFIV
203.1,203.18,203.0,203.17,600,2021-09-10 14:49:00,FFIV
203.42,203.49,203.42,203.49,500,2021-09-10 14:51:00,FFIV
203.36,203.36,203.36,203.36,100,2021-09-10 14:52:00,FFIV
203.57,203.57,203.36,203.36,400,2021-09-10 14:54:00,FFIV
203.35,203.35,202.98,203.13,300,2021-09-10 14:55:00,FFIV
203.305,203.48,203.305,203.48,400,2021-09-10 14:56:00,FFIV
203.44,203.44,203.44,203.44,100,2021-09-10 14:57:00,FFIV
203.22,203.22,203.18,203.18,200,2021-09-10 14:58:00,FFIV
203.13,203.13,202.83,202.83,200,2021-09-10 15:02:00,FFIV
202.84,202.84,202.58,202.58,700,2021-09-10 15:05:00,FFIV
202.6,202.6,202.6,202.6,100,2021-09-10 15:07:00,FFIV
202.48,202.48,202.48,202.48,100,2021-09-10 15:08:00,FFIV
202.61,202.62,202.61,202.62,300,2021-09-10 15:10:00,FFIV
202.49,202.49,202.44,202.44,200,2021-09-10 15:12:00,FFIV
202.44,202.44,202.44,202.44,100,2021-09-10 15:13:00,FFIV
202.52,202.52,202.3,202.3,200,2021-09-10 15:14:00,FFIV
202.31,202.51,202.31,202.51,200,2021-09-10 15:15:00,FFIV
202.48,202.56,202.4,202.56,500,2021-09-10 15:18:00,FFIV
202.44,202.51,202.39,202.51,600,2021-09-10 15:19:00,FFIV
202.55,202.72,202.55,202.66,500,2021-09-10 15:20:00,FFIV
202.74,202.74,202.74,202.74,100,2021-09-10 15:21:00,FFIV
202.82,202.84,202.81,202.84,500,2021-09-10 15:23:00,FFIV
202.92,202.92,202.92,202.92,200,2021-09-10 15:25:00,FFIV
203.18,203.18,203.18,203.18,200,2021-09-10 15:27:00,FFIV
203.04,203.0925,202.95,202.95,400,2021-09-10 15:29:00,FFIV
203.09,203.11,203.09,203.11,366,2021-09-10 15:30:00,FFIV
203.45,203.45,203.31,203.31,200,2021-09-10 15:33:00,FFIV
203.585,203.745,203.585,203.745,200,2021-09-10 15:34:00,FFIV
203.5733,203.5733,203.5733,203.5733,250,2021-09-10 15:35:00,FFIV
203.28,203.35,203.28,203.35,200,2021-09-10 15:37:00,FFIV
203.2,203.2,203.13,203.13,200,2021-09-10 15:45:00,FFIV
203.23,203.23,203.23,203.23,100,2021-09-10 15:46:00,FFIV
203.19,203.19,203.19,203.19,100,2021-09-10 15:47:00,FFIV
203.11,203.2445,203.1,203.2445,400,2021-09-10 15:51:00,FFIV
203.17,203.17,203.17,203.17,100,2021-09-10 15:54:00,FFIV
203.34,203.34,203.34,203.34,100,2021-09-10 15:57:00,FFIV
203.22,203.22,203.22,203.22,100,2021-09-10 15:58:00,FFIV
203.43,203.43,203.43,203.43,100,2021-09-10 15:59:00,FFIV
203.47,203.5,203.45,203.45,400,2021-09-10 16:05:00,FFIV
203.6,203.63,203.6,203.63,200,2021-09-10 16:07:00,FFIV
203.64,203.64,203.64,203.64,100,2021-09-10 16:08:00,FFIV
203.59,203.59,203.59,203.59,100,2021-09-10 16:10:00,FFIV
203.56,203.56,203.56,203.56,200,2021-09-10 16:11:00,FFIV
203.5925,203.5925,203.5925,203.5925,100,2021-09-10 16:13:00,FFIV
203.6,203.6,203.6,203.6,110,2021-09-10 16:18:00,FFIV
203.78,203.78,203.78,203.78,103,2021-09-10 16:27:00,FFIV
203.7,203.7,203.56,203.56,300,2021-09-10 16:28:00,FFIV
203.69,203.69,203.5,203.58,479,2021-09-10 16:30:00,FFIV
203.68,203.68,203.68,203.68,100,2021-09-10 16:31:00,FFIV
203.67,203.67,203.67,203.67,100,2021-09-10 16:32:00,FFIV
203.715,203.715,203.715,203.715,100,2021-09-10 16:35:00,FFIV
203.64,203.64,203.62,203.62,200,2021-09-10 16:41:00,FFIV
203.69,203.69,203.69,203.69,100,2021-09-10 16:42:00,FFIV
203.66,203.66,203.66,203.66,100,2021-09-10 16:43:00,FFIV
203.93,203.93,203.89,203.89,300,2021-09-10 16:49:00,FFIV
203.88,203.88,203.75,203.75,500,2021-09-10 16:50:00,FFIV
203.85,203.85,203.85,203.85,100,2021-09-10 16:53:00,FFIV
204.11,204.11,204.11,204.11,100,2021-09-10 16:57:00,FFIV
203.83,203.83,203.7,203.7,500,2021-09-10 16:58:00,FFIV
203.86,203.86,203.85,203.85,200,2021-09-10 17:06:00,FFIV
203.61,203.61,203.61,203.61,100,2021-09-10 17:09:00,FFIV
203.56,203.57,203.56,203.57,300,2021-09-10 17:10:00,FFIV
203.55,203.75,203.55,203.75,500,2021-09-10 17:11:00,FFIV
203.81,203.81,203.81,203.81,100,2021-09-10 17:13:00,FFIV
203.77,203.77,203.77,203.77,100,2021-09-10 17:15:00,FFIV
203.69,203.69,203.69,203.69,100,2021-09-10 17:28:00,FFIV
203.55,203.55,203.45,203.45,200,2021-09-10 17:29:00,FFIV
203.41,203.41,203.39,203.39,200,2021-09-10 17:32:00,FFIV
203.33,203.33,203.33,203.33,100,2021-09-10 17:34:00,FFIV
203.24,203.24,203.15,203.22,400,2021-09-10 17:35:00,FFIV
203.36,203.36,203.3,203.3,300,2021-09-10 17:38:00,FFIV
203.34,203.34,203.1,203.14,700,2021-09-10 17:45:00,FFIV
203.05,203.05,203.05,203.05,100,2021-09-10 17:47:00,FFIV
203.185,203.185,203.185,203.185,100,2021-09-10 17:48:00,FFIV
203.08,203.08,203.08,203.08,100,2021-09-10 17:49:00,FFIV
203.17,203.17,203.17,203.17,100,2021-09-10 17:50:00,FFIV
203.29,203.29,203.29,203.29,100,2021-09-10 17:52:00,FFIV
203.35,203.46,203.35,203.36,500,2021-09-10 17:55:00,FFIV
203.34,203.45,203.33,203.33,500,2021-09-10 17:58:00,FFIV
203.55,203.7,203.55,203.7,200,2021-09-10 18:00:00,FFIV
203.62,203.62,203.62,203.62,100,2021-09-10 18:02:00,FFIV
203.68,203.68,203.68,203.68,100,2021-09-10 18:04:00,FFIV
203.72,203.72,203.72,203.72,300,2021-09-10 18:05:00,FFIV
203.78,203.78,203.78,203.78,100,2021-09-10 18:06:00,FFIV
203.695,203.695,203.695,203.695,300,2021-09-10 18:10:00,FFIV
203.64,203.64,203.42,203.57,900,2021-09-10 18:12:00,FFIV
203.64,203.69,203.64,203.69,300,2021-09-10 18:14:00,FFIV
203.76,203.76,203.76,203.76,100,2021-09-10 18:15:00,FFIV
203.75,203.75,203.61,203.61,200,2021-09-10 18:17:00,FFIV
203.83,203.83,203.83,203.83,100,2021-09-10 18:18:00,FFIV
203.75,203.83,203.75,203.83,200,2021-09-10 18:20:00,FFIV
203.93,203.93,203.93,203.93,100,2021-09-10 18:21:00,FFIV
203.99,204.0,203.99,204.0,400,2021-09-10 18:23:00,FFIV
203.81,204.0,203.81,204.0,1000,2021-09-10 18:24:00,FFIV
204.0,204.0,204.0,204.0,200,2021-09-10 18:25:00,FFIV
204.19,204.55,204.1,204.55,4219,2021-09-10 18:26:00,FFIV
204.37,204.37,204.1,204.1,300,2021-09-10 18:27:00,FFIV
204.0,204.0,204.0,204.0,200,2021-09-10 18:28:00,FFIV
203.99,203.99,203.99,203.99,400,2021-09-10 18:29:00,FFIV
203.951,203.951,203.951,203.951,420,2021-09-10 18:30:00,FFIV
203.92,203.92,203.92,203.92,100,2021-09-10 18:32:00,FFIV
203.9,204.0,203.875,203.925,3200,2021-09-10 18:35:00,FFIV
203.84,203.84,203.8,203.8,200,2021-09-10 18:36:00,FFIV
203.58,203.58,203.58,203.58,100,2021-09-10 18:37:00,FFIV
203.67,203.67,203.67,203.67,100,2021-09-10 18:38:00,FFIV
203.76,203.88,203.76,203.8002,646,2021-09-10 18:40:00,FFIV
203.69,203.86,203.69,203.86,400,2021-09-10 18:41:00,FFIV
203.85,203.91,203.77,203.77,500,2021-09-10 18:42:00,FFIV
203.88,203.9,203.75,203.75,315,2021-09-10 18:44:00,FFIV
203.58,203.58,203.58,203.58,100,2021-09-10 18:46:00,FFIV
203.66,203.66,203.66,203.66,100,2021-09-10 18:48:00,FFIV
203.36,203.36,203.3,203.3,200,2021-09-10 18:51:00,FFIV
203.27,203.27,203.27,203.27,100,2021-09-10 18:53:00,FFIV
203.4,203.41,203.32,203.4,765,2021-09-10 18:54:00,FFIV
203.47,203.47,203.47,203.47,151,2021-09-10 18:55:00,FFIV
203.3957,203.3957,203.3957,203.3957,973,2021-09-10 18:56:00,FFIV
203.23,203.23,203.22,203.23,300,2021-09-10 18:57:00,FFIV
203.19,203.19,203.12,203.14,600,2021-09-10 18:58:00,FFIV
203.18,203.31,203.18,203.31,200,2021-09-10 18:59:00,FFIV
203.31,203.31,203.31,203.31,100,2021-09-10 19:00:00,FFIV
203.24,203.24,203.24,203.24,100,2021-09-10 19:01:00,FFIV
203.3,203.71,203.145,203.71,3855,2021-09-10 19:02:00,FFIV
203.65,203.65,203.58,203.58,600,2021-09-10 19:03:00,FFIV
203.72,203.75,203.65,203.65,600,2021-09-10 19:05:00,FFIV
203.39,203.39,203.34,203.34,300,2021-09-10 19:07:00,FFIV
203.145,203.145,203.1,203.1,200,2021-09-10 19:09:00,FFIV
203.22,203.22,203.22,203.22,200,2021-09-10 19:10:00,FFIV
203.11,203.2,203.11,203.2,200,2021-09-10 19:11:00,FFIV
203.09,203.09,202.98,202.98,258,2021-09-10 19:12:00,FFIV
202.95,202.95,202.95,202.95,100,2021-09-10 19:13:00,FFIV
203.03,203.41,203.03,203.36,2700,2021-09-10 19:15:00,FFIV
203.32,203.32,203.32,203.32,200,2021-09-10 19:16:00,FFIV
203.32,203.32,203.32,203.32,100,2021-09-10 19:17:00,FFIV
203.27,203.27,203.27,203.27,100,2021-09-10 19:18:00,FFIV
203.33,203.53,203.32,203.5,3600,2021-09-10 19:19:00,FFIV
203.69,203.69,203.48,203.49,810,2021-09-10 19:20:00,FFIV
203.5,203.59,203.47,203.59,1800,2021-09-10 19:21:00,FFIV
203.595,203.595,203.595,203.595,100,2021-09-10 19:22:00,FFIV
203.45,203.49,203.45,203.49,300,2021-09-10 19:23:00,FFIV
203.49,203.5,203.48,203.48,421,2021-09-10 19:24:00,FFIV
203.27,203.3,203.27,203.3,300,2021-09-10 19:25:00,FFIV
203.36,203.36,203.21,203.21,300,2021-09-10 19:27:00,FFIV
203.32,203.39,203.32,203.39,219,2021-09-10 19:28:00,FFIV
203.43,203.43,203.41,203.41,200,2021-09-10 19:29:00,FFIV
203.34,203.34,203.255,203.29,469,2021-09-10 19:30:00,FFIV
203.28,203.312,203.22,203.22,700,2021-09-10 19:31:00,FFIV
203.19,203.4,203.19,203.4,3350,2021-09-10 19:32:00,FFIV
203.39,203.4,203.38,203.38,400,2021-09-10 19:33:00,FFIV
203.34,203.34,203.27,203.29,500,2021-09-10 19:34:00,FFIV
203.19,203.19,203.19,203.19,200,2021-09-10 19:35:00,FFIV
203.26,203.28,203.17,203.22,1703,2021-09-10 19:36:00,FFIV
203.19,203.36,203.19,203.36,1200,2021-09-10 19:37:00,FFIV
203.39,203.39,203.36,203.36,200,2021-09-10 19:38:00,FFIV
203.305,203.35,203.18,203.18,1400,2021-09-10 19:39:00,FFIV
203.17,203.22,203.12,203.15,1642,2021-09-10 19:40:00,FFIV
203.18,203.24,203.17,203.21,500,2021-09-10 19:41:00,FFIV
203.19,203.27,203.15,203.27,700,2021-09-10 19:42:00,FFIV
203.17,203.17,203.05,203.05,400,2021-09-10 19:43:00,FFIV
203.02,203.13,203.02,203.13,800,2021-09-10 19:44:00,FFIV
203.12,203.185,203.12,203.18,1038,2021-09-10 19:45:00,FFIV
203.1,203.1,202.96,202.98,500,2021-09-10 19:46:00,FFIV
202.97,202.98,202.9,202.93,800,2021-09-10 19:47:00,FFIV
202.9,202.92,202.86,202.86,700,2021-09-10 19:48:00,FFIV
202.855,202.89,202.85,202.86,3325,2021-09-10 19:49:00,FFIV
202.86,202.89,202.5,202.76,2646,2021-09-10 19:50:00,FFIV
202.695,202.91,202.65,202.91,2480,2021-09-10 19:51:00,FFIV
202.79,202.845,202.77,202.845,2700,2021-09-10 19:52:00,FFIV
202.865,202.93,202.8,202.92,3876,2021-09-10 19:53:00,FFIV
202.88,202.96,202.85,202.87,3615,2021-09-10 19:54:00,FFIV
202.83,202.865,202.65,202.76,8347,2021-09-10 19:55:00,FFIV
202.76,203.03,202.75,202.89,4954,2021-09-10 19:56:00,FFIV
202.885,202.94,202.75,202.75,7938,2021-09-10 19:57:00,FFIV
202.78,202.92,202.78,202.91,7055,2021-09-10 19:58:00,FFIV
202.89,203.34,202.85,203.06,29396,2021-09-10 19:59:00,FFIV
202.96,202.96,202.96,202.96,42399,2021-09-10 20:00:00,FFIV
202.96,202.96,202.96,202.96,126,2021-09-10 20:01:00,FFIV
202.96,202.96,202.96,202.96,1074,2021-09-10 20:02:00,FFIV
203.92,204.28,203.92,204.25,4007,2021-09-13 13:30:00,FFIV
204.04,204.04,204.04,204.04,100,2021-09-13 13:31:00,FFIV
203.97,203.97,203.97,203.97,100,2021-09-13 13:32:00,FFIV
203.45,203.45,203.41,203.41,200,2021-09-13 13:34:00,FFIV
203.05,203.785,203.05,203.785,600,2021-09-13 13:35:00,FFIV
203.7385,203.7385,203.7385,203.7385,200,2021-09-13 13:36:00,FFIV
203.9,203.92,203.9,203.92,342,2021-09-13 13:41:00,FFIV
203.72,203.95,203.72,203.95,200,2021-09-13 13:42:00,FFIV
204.14,204.14,204.14,204.14,100,2021-09-13 13:43:00,FFIV
204.16,204.16,204.16,204.16,100,2021-09-13 13:44:00,FFIV
204.2645,204.2645,204.2645,204.2645,100,2021-09-13 13:45:00,FFIV
204.21,204.21,204.21,204.21,100,2021-09-13 13:46:00,FFIV
203.88,203.88,203.82,203.82,200,2021-09-13 13:50:00,FFIV
204.16,204.16,204.16,204.16,100,2021-09-13 13:51:00,FFIV
204.18,204.18,204.125,204.125,200,2021-09-13 13:56:00,FFIV
204.26,204.26,203.97,203.97,400,2021-09-13 13:57:00,FFIV
204.24,204.35,204.2,204.35,300,2021-09-13 13:58:00,FFIV
204.39,204.39,204.275,204.275,300,2021-09-13 14:00:00,FFIV
204.39,204.52,204.14,204.175,1100,2021-09-13 14:01:00,FFIV
204.16,204.44,204.16,204.3,700,2021-09-13 14:02:00,FFIV
204.48,204.48,204.46,204.46,200,2021-09-13 14:04:00,FFIV
204.42,204.42,204.37,204.37,200,2021-09-13 14:05:00,FFIV
204.235,204.37,204.23,204.37,300,2021-09-13 14:06:00,FFIV
203.99,203.99,203.99,203.99,100,2021-09-13 14:09:00,FFIV
203.88,203.88,203.71,203.71,200,2021-09-13 14:10:00,FFIV
203.71,203.71,203.48,203.64,800,2021-09-13 14:11:00,FFIV
203.81,203.81,203.48,203.48,390,2021-09-13 14:12:00,FFIV
203.4,203.4,203.38,203.38,200,2021-09-13 14:13:00,FFIV
203.35,203.35,203.35,203.35,100,2021-09-13 14:14:00,FFIV
203.49,203.56,203.25,203.25,2000,2021-09-13 14:15:00,FFIV
203.15,203.15,203.13,203.13,200,2021-09-13 14:16:00,FFIV
203.27,203.29,203.27,203.29,300,2021-09-13 14:17:00,FFIV
203.22,203.22,202.77,202.815,2400,2021-09-13 14:18:00,FFIV
202.67,203.02,202.66,202.93,600,2021-09-13 14:19:00,FFIV
202.92,203.155,202.91,203.155,300,2021-09-13 14:20:00,FFIV
203.215,203.215,203.02,203.155,500,2021-09-13 14:21:00,FFIV
202.94,203.12,202.94,203.11,500,2021-09-13 14:22:00,FFIV
203.16,203.31,203.16,203.31,500,2021-09-13 14:23:00,FFIV
203.1,203.2,203.045,203.2,600,2021-09-13 14:24:00,FFIV
203.18,203.2,203.18,203.185,700,2021-09-13 14:25:00,FFIV
203.31,203.5,203.31,203.5,500,2021-09-13 14:26:00,FFIV
203.35,203.35,203.35,203.35,300,2021-09-13 14:27:00,FFIV
203.52,203.52,203.37,203.37,200,2021-09-13 14:28:00,FFIV
203.3,203.3,203.28,203.28,200,2021-09-13 14:30:00,FFIV
203.47,203.49,203.4,203.4,500,2021-09-13 14:31:00,FFIV
203.31,203.33,203.26,203.29,700,2021-09-13 14:32:00,FFIV
203.41,203.52,203.41,203.52,400,2021-09-13 14:33:00,FFIV
203.58,203.58,203.52,203.52,200,2021-09-13 14:34:00,FFIV
203.41,203.41,203.16,203.32,700,2021-09-13 14:35:00,FFIV
203.35,203.46,203.35,203.46,200,2021-09-13 14:36:00,FFIV
203.37,203.42,203.1701,203.415,14183,2021-09-13 14:37:00,FFIV
203.415,203.59,203.415,203.59,1700,2021-09-13 14:38:00,FFIV
203.87,203.87,203.87,203.87,100,2021-09-13 14:40:00,FFIV
204.04,204.04,203.88,203.94,1000,2021-09-13 14:41:00,FFIV
203.94,203.94,203.94,203.94,100,2021-09-13 14:42:00,FFIV
203.97,203.97,203.97,203.97,200,2021-09-13 14:43:00,FFIV
204.15,204.3,204.13,204.3,300,2021-09-13 14:44:00,FFIV
204.38,204.64,204.38,204.64,300,2021-09-13 14:45:00,FFIV
204.97,205.09,204.89,204.91,4067,2021-09-13 14:46:00,FFIV
204.97,205.08,204.97,205.08,500,2021-09-13 14:47:00,FFIV
204.82,204.82,204.79,204.79,200,2021-09-13 14:48:00,FFIV
204.58,204.58,204.58,204.58,100,2021-09-13 14:49:00,FFIV
204.6,204.6,204.525,204.525,300,2021-09-13 14:50:00,FFIV
204.64,204.64,204.64,204.64,100,2021-09-13 14:51:00,FFIV
204.53,204.53,204.38,204.38,200,2021-09-13 14:57:00,FFIV
204.28,204.28,204.28,204.28,400,2021-09-13 14:58:00,FFIV
204.3,204.3,204.3,204.3,112,2021-09-13 14:59:00,FFIV
204.17,204.19,204.17,204.19,300,2021-09-13 15:00:00,FFIV
204.1,204.12,203.96,204.0,700,2021-09-13 15:01:00,FFIV
203.965,203.965,203.965,203.965,172,2021-09-13 15:02:00,FFIV
203.85,203.85,203.85,203.85,100,2021-09-13 15:04:00,FFIV
203.98,203.98,203.88,203.88,800,2021-09-13 15:05:00,FFIV
204.0,204.0,203.87,203.87,400,2021-09-13 15:07:00,FFIV
203.855,203.855,203.76,203.76,600,2021-09-13 15:08:00,FFIV
203.64,203.64,203.35,203.36,300,2021-09-13 15:09:00,FFIV
203.33,203.38,203.325,203.325,400,2021-09-13 15:10:00,FFIV
203.14,203.24,203.14,203.24,423,2021-09-13 15:11:00,FFIV
203.19,203.2,203.19,203.19,300,2021-09-13 15:13:00,FFIV
202.625,202.625,202.49,202.49,200,2021-09-13 15:15:00,FFIV
202.45,202.45,202.45,202.45,100,2021-09-13 15:16:00,FFIV
202.375,202.375,202.34,202.34,300,2021-09-13 15:17:00,FFIV
202.46,202.46,202.46,202.46,100,2021-09-13 15:21:00,FFIV
202.345,202.345,202.345,202.345,100,2021-09-13 15:22:00,FFIV
202.34,202.45,202.34,202.39,500,2021-09-13 15:23:00,FFIV
202.31,202.31,202.16,202.16,600,2021-09-13 15:24:00,FFIV
202.4,202.4,202.33,202.33,200,2021-09-13 15:25:00,FFIV
202.33,202.41,202.28,202.28,7604,2021-09-13 15:26:00,FFIV
202.29,202.295,202.29,202.295,300,2021-09-13 15:27:00,FFIV
202.24,202.26,202.155,202.155,400,2021-09-13 15:28:00,FFIV
202.2,202.2,202.18,202.18,200,2021-09-13 15:29:00,FFIV
202.21,202.21,202.19,202.19,200,2021-09-13 15:30:00,FFIV
202.27,202.64,202.27,202.64,1000,2021-09-13 15:31:00,FFIV
202.565,202.73,202.4,202.4,499,2021-09-13 15:32:00,FFIV
202.5925,202.5925,202.51,202.51,200,2021-09-13 15:33:00,FFIV
202.48,202.55,202.45,202.55,1100,2021-09-13 15:34:00,FFIV
202.48,202.48,202.45,202.45,200,2021-09-13 15:38:00,FFIV
202.59,202.59,202.59,202.59,100,2021-09-13 15:39:00,FFIV
202.59,202.59,202.575,202.575,200,2021-09-13 15:40:00,FFIV
202.35,202.38,202.35,202.38,200,2021-09-13 15:42:00,FFIV
202.3,202.35,202.3,202.35,200,2021-09-13 15:44:00,FFIV
202.41,202.41,202.41,202.41,100,2021-09-13 15:45:00,FFIV
202.25,202.37,202.25,202.37,200,2021-09-13 15:46:00,FFIV
202.125,202.2,201.95,201.95,600,2021-09-13 15:49:00,FFIV
202.1805,202.1805,202.1805,202.1805,495,2021-09-13 15:50:00,FFIV
202.2,202.2,202.2,202.2,100,2021-09-13 15:51:00,FFIV
202.26,202.295,202.26,202.295,300,2021-09-13 15:52:00,FFIV
202.35,202.405,202.29,202.295,700,2021-09-13 15:54:00,FFIV
202.48,202.48,202.32,202.32,300,2021-09-13 15:55:00,FFIV
202.6225,202.6225,202.6225,202.6225,100,2021-09-13 15:56:00,FFIV
202.39,202.39,202.32,202.32,200,2021-09-13 15:58:00,FFIV
202.45,202.45,202.35,202.45,400,2021-09-13 16:01:00,FFIV
202.27,202.27,202.27,202.27,100,2021-09-13 16:02:00,FFIV
202.6,202.71,202.6,202.71,200,2021-09-13 16:06:00,FFIV
202.405,202.405,202.405,202.405,100,2021-09-13 16:09:00,FFIV
202.46,202.46,202.46,202.46,100,2021-09-13 16:10:00,FFIV
202.41,202.41,202.41,202.41,100,2021-09-13 16:11:00,FFIV
202.47,202.545,202.47,202.545,300,2021-09-13 16:12:00,FFIV
202.65,202.65,202.65,202.65,100,2021-09-13 16:14:00,FFIV
202.645,202.65,202.52,202.65,800,2021-09-13 16:15:00,FFIV
202.66,202.66,202.66,202.66,100,2021-09-13 16:16:00,FFIV
202.79,202.89,202.79,202.89,200,2021-09-13 16:19:00,FFIV
202.87,202.87,202.87,202.87,100,2021-09-13 16:20:00,FFIV
203.22,203.36,203.2,203.24,500,2021-09-13 16:24:00,FFIV
203.25,203.25,203.25,203.25,200,2021-09-13 16:26:00,FFIV
203.3,203.34,203.3,203.34,300,2021-09-13 16:27:00,FFIV
203.38,203.38,203.37,203.37,400,2021-09-13 16:28:00,FFIV
203.3375,203.34,203.3375,203.34,200,2021-09-13 16:30:00,FFIV
203.24,203.24,203.24,203.24,100,2021-09-13 16:31:00,FFIV
203.225,203.225,203.11,203.11,200,2021-09-13 16:32:00,FFIV
203.18,203.18,203.15,203.15,500,2021-09-13 16:34:00,FFIV
203.15,203.23,203.15,203.23,200,2021-09-13 16:37:00,FFIV
203.055,203.055,203.055,203.055,100,2021-09-13 16:39:00,FFIV
202.98,203.07,202.98,202.99,600,2021-09-13 16:41:00,FFIV
202.96,203.1,202.96,203.1,500,2021-09-13 16:43:00,FFIV
203.175,203.175,203.175,203.175,100,2021-09-13 16:46:00,FFIV
203.205,203.36,203.205,203.36,300,2021-09-13 16:47:00,FFIV
203.57,203.57,203.57,203.57,100,2021-09-13 16:50:00,FFIV
203.5,203.58,203.5,203.575,500,2021-09-13 16:51:00,FFIV
203.63,203.63,203.6,203.6,200,2021-09-13 16:53:00,FFIV
203.51,203.51,203.51,203.51,100,2021-09-13 16:54:00,FFIV
203.44,203.44,203.32,203.32,200,2021-09-13 16:55:00,FFIV
203.44,203.44,203.44,203.44,100,2021-09-13 16:57:00,FFIV
203.325,203.325,203.21,203.21,300,2021-09-13 16:59:00,FFIV
203.29,203.29,203.06,203.06,200,2021-09-13 17:01:00,FFIV
203.13,203.13,203.13,203.13,100,2021-09-13 17:02:00,FFIV
203.2,203.2,203.035,203.035,400,2021-09-13 17:03:00,FFIV
203.33,203.33,203.18,203.18,300,2021-09-13 17:06:00,FFIV
203.28,203.32,203.23,203.295,700,2021-09-13 17:08:00,FFIV
203.27,203.45,203.23,203.45,600,2021-09-13 17:09:00,FFIV
203.335,203.335,203.335,203.335,100,2021-09-13 17:11:00,FFIV
203.21,203.21,203.21,203.21,100,2021-09-13 17:14:00,FFIV
203.2,203.2,203.18,203.18,7500,2021-09-13 17:17:00,FFIV
203.14,203.14,203.13,203.13,420,2021-09-13 17:18:00,FFIV
203.23,203.25,203.23,203.25,300,2021-09-13 17:19:00,FFIV
203.155,203.155,203.155,203.155,299,2021-09-13 17:20:00,FFIV
203.115,203.115,203.115,203.115,100,2021-09-13 17:27:00,FFIV
203.05,203.05,203.05,203.05,100,2021-09-13 17:28:00,FFIV
202.85,202.86,202.83,202.84,700,2021-09-13 17:30:00,FFIV
202.955,203.04,202.84,202.84,500,2021-09-13 17:31:00,FFIV
202.84,202.84,202.84,202.84,100,2021-09-13 17:32:00,FFIV
202.84,202.84,202.84,202.84,100,2021-09-13 17:33:00,FFIV
202.95,202.95,202.95,202.95,100,2021-09-13 17:34:00,FFIV
202.76,202.76,202.67,202.67,400,2021-09-13 17:37:00,FFIV
202.56,202.56,202.56,202.56,100,2021-09-13 17:38:00,FFIV
202.635,202.635,202.5425,202.5425,200,2021-09-13 17:39:00,FFIV
202.55,202.56,202.55,202.56,200,2021-09-13 17:40:00,FFIV
202.45,202.45,202.44,202.44,200,2021-09-13 17:41:00,FFIV
202.35,202.35,202.35,202.35,100,2021-09-13 17:42:00,FFIV
202.21,202.21,202.14,202.14,200,2021-09-13 17:45:00,FFIV
202.21,202.26,202.2,202.205,1100,2021-09-13 17:48:00,FFIV
202.21,202.21,202.09,202.14,1159,2021-09-13 17:49:00,FFIV
201.97,202.04,201.97,202.04,500,2021-09-13 17:51:00,FFIV
201.97,201.97,201.94,201.94,200,2021-09-13 17:52:00,FFIV
201.935,201.935,201.935,201.935,4951,2021-09-13 17:53:00,FFIV
201.915,202.13,201.915,202.11,600,2021-09-13 17:54:00,FFIV
202.04,202.06,202.04,202.06,400,2021-09-13 17:56:00,FFIV
201.97,202.09,201.97,202.09,200,2021-09-13 17:58:00,FFIV
202.14,202.14,202.14,202.14,300,2021-09-13 18:00:00,FFIV
202.12,202.15,202.03,202.03,1000,2021-09-13 18:01:00,FFIV
202.18,202.18,202.18,202.18,100,2021-09-13 18:02:00,FFIV
202.08,202.08,202.025,202.025,200,2021-09-13 18:03:00,FFIV
202.22,202.22,202.22,202.22,200,2021-09-13 18:05:00,FFIV
202.24,202.65,202.23,202.65,1200,2021-09-13 18:06:00,FFIV
202.58,202.64,202.58,202.62,600,2021-09-13 18:07:00,FFIV
202.96,203.13,202.96,203.13,400,2021-09-13 18:08:00,FFIV
202.92,202.92,202.92,202.92,100,2021-09-13 18:09:00,FFIV
202.62,202.62,202.61,202.61,300,2021-09-13 18:11:00,FFIV
202.57,202.57,202.57,202.57,100,2021-09-13 18:12:00,FFIV
202.525,202.525,202.525,202.525,100,2021-09-13 18:13:00,FFIV
202.59,202.6125,202.3,202.3,900,2021-09-13 18:14:00,FFIV
202.19,202.19,202.15,202.15,413,2021-09-13 18:16:00,FFIV
202.145,202.145,202.145,202.145,100,2021-09-13 18:17:00,FFIV
202.19,202.19,202.03,202.03,400,2021-09-13 18:18:00,FFIV
202.18,202.18,202.135,202.16,400,2021-09-13 18:19:00,FFIV
202.08,202.08,202.08,202.08,100,2021-09-13 18:21:00,FFIV
201.98,201.98,201.9,201.95,400,2021-09-13 18:22:00,FFIV
202.01,202.01,202.01,202.01,100,2021-09-13 18:23:00,FFIV
201.92,202.01,201.92,202.01,200,2021-09-13 18:24:00,FFIV
201.99,201.99,201.92,201.92,200,2021-09-13 18:25:00,FFIV
201.83,201.83,201.83,201.83,100,2021-09-13 18:26:00,FFIV
202.0,202.0,202.0,202.0,100,2021-09-13 18:27:00,FFIV
201.9,201.9,201.9,201.9,177,2021-09-13 18:28:00,FFIV
201.85,201.85,201.82,201.82,400,2021-09-13 18:29:00,FFIV
201.68,201.68,201.68,201.68,100,2021-09-13 18:31:00,FFIV
201.78,201.78,201.62,201.62,200,2021-09-13 18:32:00,FFIV
201.75,201.88,201.61,201.65,1295,2021-09-13 18:33:00,FFIV
201.6,201.6,201.6,201.6,100,2021-09-13 18:34:00,FFIV
201.63,201.63,201.63,201.63,100,2021-09-13 18:36:00,FFIV
201.56,201.56,201.56,201.56,100,2021-09-13 18:37:00,FFIV
201.47,201.47,201.47,201.47,100,2021-09-13 18:38:00,FFIV
201.38,201.53,201.38,201.53,200,2021-09-13 18:40:00,FFIV
201.495,201.52,201.495,201.52,200,2021-09-13 18:41:00,FFIV
201.39,201.47,201.39,201.47,868,2021-09-13 18:42:00,FFIV
201.54,201.54,201.54,201.54,100,2021-09-13 18:43:00,FFIV
201.405,201.405,201.405,201.405,100,2021-09-13 18:44:00,FFIV
201.31,201.31,201.3,201.3,200,2021-09-13 18:46:00,FFIV
201.33,201.33,201.16,201.27,700,2021-09-13 18:47:00,FFIV
201.26,201.39,201.26,201.38,600,2021-09-13 18:48:00,FFIV
201.43,201.43,201.4,201.4,375,2021-09-13 18:50:00,FFIV
201.34,201.34,201.34,201.34,100,2021-09-13 18:51:00,FFIV
201.4,201.4,201.4,201.4,200,2021-09-13 18:52:00,FFIV
201.24,201.24,201.12,201.12,400,2021-09-13 18:54:00,FFIV
201.07,201.15,201.06,201.15,700,2021-09-13 18:55:00,FFIV
201.16,201.23,201.16,201.23,200,2021-09-13 18:56:00,FFIV
201.175,201.175,201.1675,201.1675,200,2021-09-13 18:57:00,FFIV
201.185,201.185,201.185,201.185,100,2021-09-13 18:59:00,FFIV
201.06,201.06,201.06,201.06,100,2021-09-13 19:00:00,FFIV
200.97,200.99,200.95,200.97,700,2021-09-13 19:01:00,FFIV
201.05,201.06,200.93,200.93,1000,2021-09-13 19:02:00,FFIV
200.9,200.94,200.89,200.94,300,2021-09-13 19:03:00,FFIV
200.82,200.82,200.75,200.75,300,2021-09-13 19:04:00,FFIV
200.92,201.16,200.92,201.16,900,2021-09-13 19:06:00,FFIV
201.15,201.16,201.15,201.16,200,2021-09-13 19:07:00,FFIV
201.13,201.13,201.13,201.13,100,2021-09-13 19:08:00,FFIV
201.31,201.31,201.31,201.31,100,2021-09-13 19:09:00,FFIV
201.405,201.405,201.4,201.4,200,2021-09-13 19:10:00,FFIV
201.48,201.66,201.48,201.66,300,2021-09-13 19:11:00,FFIV
201.6,201.62,201.53,201.62,600,2021-09-13 19:12:00,FFIV
201.49,201.49,201.435,201.45,600,2021-09-13 19:15:00,FFIV
201.59,201.62,201.59,201.62,300,2021-09-13 19:16:00,FFIV
201.615,201.65,201.615,201.65,200,2021-09-13 19:17:00,FFIV
201.54,201.54,201.54,201.54,100,2021-09-13 19:18:00,FFIV
201.57,201.57,201.57,201.57,100,2021-09-13 19:19:00,FFIV
201.6,201.61,201.6,201.61,8101,2021-09-13 19:21:00,FFIV
201.6,201.6,201.6,201.6,100,2021-09-13 19:22:00,FFIV
201.63,201.805,201.62,201.805,1400,2021-09-13 19:23:00,FFIV
201.73,201.84,201.73,201.84,600,2021-09-13 19:26:00,FFIV
201.84,201.84,201.78,201.78,545,2021-09-13 19:27:00,FFIV
201.87,201.9,201.8,201.8,400,2021-09-13 19:28:00,FFIV
202.0,202.06,202.0,202.06,300,2021-09-13 19:29:00,FFIV
201.98,202.03,201.98,202.03,300,2021-09-13 19:30:00,FFIV
202.06,202.09,202.06,202.08,871,2021-09-13 19:31:00,FFIV
202.11,202.12,202.11,202.12,200,2021-09-13 19:32:00,FFIV
202.17,202.21,202.09,202.09,500,2021-09-13 19:33:00,FFIV
202.02,202.02,202.02,202.02,200,2021-09-13 19:34:00,FFIV
201.9,201.9,201.9,201.9,149,2021-09-13 19:35:00,FFIV
201.92,201.92,201.92,201.92,100,2021-09-13 19:36:00,FFIV
201.915,201.99,201.83,201.83,1000,2021-09-13 19:37:00,FFIV
201.86,201.86,201.86,201.86,100,2021-09-13 19:38:00,FFIV
201.86,201.89,201.77,201.77,400,2021-09-13 19:39:00,FFIV
201.71,201.71,201.65,201.65,200,2021-09-13 19:40:00,FFIV
201.59,201.67,201.59,201.67,300,2021-09-13 19:41:00,FFIV
201.635,201.665,201.635,201.665,200,2021-09-13 19:42:00,FFIV
201.67,201.69,201.67,201.69,200,2021-09-13 19:43:00,FFIV
201.7,201.7,201.68,201.68,300,2021-09-13 19:44:00,FFIV
201.71,201.84,201.68,201.84,1000,2021-09-13 19:45:00,FFIV
201.745,202.04,201.745,201.885,800,2021-09-13 19:46:00,FFIV
201.88,201.88,201.865,201.865,300,2021-09-13 19:47:00,FFIV
201.86,201.86,201.84,201.84,600,2021-09-13 19:48:00,FFIV
201.87,201.87,201.8,201.8,500,2021-09-13 19:49:00,FFIV
201.66,201.885,201.62,201.875,2000,2021-09-13 19:50:00,FFIV
201.905,202.02,201.895,201.98,900,2021-09-13 19:51:00,FFIV
201.87,201.87,201.83,201.865,900,2021-09-13 19:52:00,FFIV
201.8,201.9,201.8,201.9,1200,2021-09-13 19:53:00,FFIV
201.91,201.95,201.895,201.9,1600,2021-09-13 19:54:00,FFIV
201.84,202.06,201.765,202.06,1300,2021-09-13 19:55:00,FFIV
201.985,202.01,201.9,202.01,1800,2021-09-13 19:56:00,FFIV
201.96,202.18,201.95,202.07,4000,2021-09-13 19:57:00,FFIV
202.075,202.2,202.075,202.13,1300,2021-09-13 19:58:00,FFIV
202.165,202.25,202.04,202.22,3600,2021-09-13 19:59:00,FFIV
202.17,202.17,202.17,202.17,29861,2021-09-13 20:00:00,FFIV
202.17,202.17,202.17,202.17,1424,2021-09-13 20:01:00,FFIV
202.17,202.17,202.17,202.17,793,2021-09-14 12:31:00,FFIV
203.32,203.32,203.32,203.32,4940,2021-09-14 13:30:00,FFIV
203.17,203.17,203.17,203.17,100,2021-09-14 13:33:00,FFIV
202.87,202.88,202.53,202.53,300,2021-09-14 13:34:00,FFIV
202.69,202.69,202.62,202.62,200,2021-09-14 13:35:00,FFIV
203.025,203.22,202.7248,203.165,454,2021-09-14 13:38:00,FFIV
203.345,203.59,203.345,203.59,300,2021-09-14 13:39:00,FFIV
203.52,203.52,203.52,203.52,100,2021-09-14 13:40:00,FFIV
203.49,203.49,202.86,202.86,400,2021-09-14 13:41:00,FFIV
203.25,203.25,203.25,203.25,100,2021-09-14 13:42:00,FFIV
202.85,202.965,202.82,202.965,500,2021-09-14 13:43:00,FFIV
202.86,202.86,202.27,202.68,600,2021-09-14 13:44:00,FFIV
201.99,201.99,201.99,201.99,100,2021-09-14 13:45:00,FFIV
202.17,202.17,201.31,201.31,200,2021-09-14 13:48:00,FFIV
201.3,201.3,201.3,201.3,100,2021-09-14 13:50:00,FFIV
201.425,201.425,201.425,201.425,100,2021-09-14 13:51:00,FFIV
201.49,201.49,201.49,201.49,100,2021-09-14 13:53:00,FFIV
201.12,201.12,201.12,201.12,100,2021-09-14 13:56:00,FFIV
201.32,201.32,201.32,201.32,100,2021-09-14 13:58:00,FFIV
201.27,201.3016,201.0,201.08,600,2021-09-14 14:00:00,FFIV
200.94,200.94,200.84,200.84,200,2021-09-14 14:04:00,FFIV
200.99,201.09,200.99,201.09,421,2021-09-14 14:06:00,FFIV
200.5,200.5,200.5,200.5,400,2021-09-14 14:11:00,FFIV
200.47,200.51,200.37,200.37,400,2021-09-14 14:12:00,FFIV
200.44,200.51,200.44,200.51,200,2021-09-14 14:16:00,FFIV
200.32,200.32,200.32,200.32,200,2021-09-14 14:17:00,FFIV
200.395,200.395,200.395,200.395,100,2021-09-14 14:20:00,FFIV
200.28,200.28,200.16,200.2,300,2021-09-14 14:21:00,FFIV
200.28,200.31,200.12,200.27,400,2021-09-14 14:22:00,FFIV
200.3,200.3,200.3,200.3,100,2021-09-14 14:23:00,FFIV
200.34,200.35,200.24,200.24,400,2021-09-14 14:24:00,FFIV
200.37,200.37,200.37,200.37,100,2021-09-14 14:25:00,FFIV
200.17,200.215,200.1,200.19,2500,2021-09-14 14:26:00,FFIV
200.31,200.31,200.11,200.11,400,2021-09-14 14:27:00,FFIV
200.15,200.505,200.15,200.505,3749,2021-09-14 14:28:00,FFIV
200.63,200.63,200.63,200.63,208,2021-09-14 14:29:00,FFIV
200.6025,200.6025,200.6025,200.6025,100,2021-09-14 14:30:00,FFIV
200.6,200.77,200.6,200.77,200,2021-09-14 14:31:00,FFIV
200.78,200.89,200.78,200.89,200,2021-09-14 14:32:00,FFIV
200.88,201.15,200.88,201.15,700,2021-09-14 14:33:00,FFIV
201.07,201.085,200.86,201.085,400,2021-09-14 14:34:00,FFIV
200.99,201.06,200.99,201.06,200,2021-09-14 14:36:00,FFIV
200.9,201.09,200.9,201.09,200,2021-09-14 14:37:00,FFIV
201.1,201.1,200.64,200.64,1300,2021-09-14 14:38:00,FFIV
200.415,200.44,200.24,200.32,700,2021-09-14 14:40:00,FFIV
200.3,200.32,200.215,200.215,400,2021-09-14 14:41:00,FFIV
200.46,200.46,200.46,200.46,100,2021-09-14 14:44:00,FFIV
200.25,200.48,200.25,200.48,300,2021-09-14 14:45:00,FFIV
200.5,200.5,200.35,200.35,700,2021-09-14 14:46:00,FFIV
200.19,200.225,199.9,199.9,1159,2021-09-14 14:48:00,FFIV
199.95,200.26,199.75,200.09,1800,2021-09-14 14:49:00,FFIV
200.25,200.33,200.25,200.305,400,2021-09-14 14:50:00,FFIV
200.245,200.245,200.18,200.18,690,2021-09-14 14:51:00,FFIV
200.25,200.415,200.16,200.16,1200,2021-09-14 14:52:00,FFIV
200.205,200.205,200.13,200.13,300,2021-09-14 14:53:00,FFIV
200.11,200.11,200.11,200.11,300,2021-09-14 14:54:00,FFIV
200.09,200.17,200.06,200.065,900,2021-09-14 14:55:00,FFIV
200.02,200.05,200.02,200.05,400,2021-09-14 14:56:00,FFIV
200.06,200.15,200.06,200.07,589,2021-09-14 14:57:00,FFIV
200.225,200.28,200.225,200.26,350,2021-09-14 14:59:00,FFIV
200.29,200.29,200.29,200.29,100,2021-09-14 15:00:00,FFIV
200.3,200.3,200.3,200.3,407,2021-09-14 15:02:00,FFIV
200.48,200.48,200.38,200.38,700,2021-09-14 15:03:00,FFIV
200.41,200.41,200.315,200.315,200,2021-09-14 15:04:00,FFIV
200.2,200.2,200.135,200.135,1200,2021-09-14 15:06:00,FFIV
200.3,200.35,200.295,200.35,750,2021-09-14 15:07:00,FFIV
200.23,200.375,200.23,200.375,400,2021-09-14 15:08:00,FFIV
200.52,200.56,200.52,200.56,200,2021-09-14 15:09:00,FFIV
200.715,200.8,200.715,200.8,234,2021-09-14 15:11:00,FFIV
200.79,200.79,200.6,200.67,3492,2021-09-14 15:12:00,FFIV
200.47,200.64,200.47,200.64,600,2021-09-14 15:14:00,FFIV
200.79,200.79,200.79,200.79,100,2021-09-14 15:16:00,FFIV
200.76,200.88,200.71,200.71,500,2021-09-14 15:17:00,FFIV
200.79,200.79,200.62,200.62,200,2021-09-14 15:18:00,FFIV
200.67,200.67,200.66,200.66,200,2021-09-14 15:20:00,FFIV
200.835,200.835,200.835,200.835,200,2021-09-14 15:22:00,FFIV
200.9,200.97,200.9,200.97,300,2021-09-14 15:23:00,FFIV
201.09,201.09,201.07,201.07,200,2021-09-14 15:24:00,FFIV
201.14,201.14,201.14,201.14,100,2021-09-14 15:28:00,FFIV
201.21,201.43,201.21,201.31,500,2021-09-14 15:29:00,FFIV
201.51,201.51,201.37,201.44,500,2021-09-14 15:30:00,FFIV
201.46,201.55,201.46,201.5,1100,2021-09-14 15:31:00,FFIV
201.47,201.47,201.47,201.47,100,2021-09-14 15:32:00,FFIV
201.4744,201.4744,201.47,201.47,260,2021-09-14 15:33:00,FFIV
201.5,201.57,201.5,201.57,600,2021-09-14 15:34:00,FFIV
201.63,201.63,201.63,201.63,212,2021-09-14 15:35:00,FFIV
201.51,201.51,201.51,201.51,100,2021-09-14 15:36:00,FFIV
201.63,201.63,201.63,201.63,100,2021-09-14 15:37:00,FFIV
201.72,201.72,201.72,201.72,100,2021-09-14 15:38:00,FFIV
201.85,201.85,201.85,201.85,100,2021-09-14 15:39:00,FFIV
201.95,201.96,201.95,201.96,200,2021-09-14 15:40:00,FFIV
202.055,202.08,202.0,202.0,400,2021-09-14 15:41:00,FFIV
201.92,201.975,201.92,201.92,700,2021-09-14 15:42:00,FFIV
201.91,201.91,201.91,201.91,100,2021-09-14 15:43:00,FFIV
201.92,201.92,201.92,201.92,100,2021-09-14 15:44:00,FFIV
201.8,201.8,201.7,201.74,500,2021-09-14 15:46:00,FFIV
201.65,201.78,201.65,201.78,600,2021-09-14 15:47:00,FFIV
201.68,201.68,201.67,201.68,300,2021-09-14 15:50:00,FFIV
201.6687,201.6687,201.43,201.62,2888,2021-09-14 15:51:00,FFIV
201.57,201.91,201.48,201.91,5004,2021-09-14 15:52:00,FFIV
201.77,202.0,201.77,201.77,3191,2021-09-14 15:53:00,FFIV
201.78,201.78,201.5752,201.68,3620,2021-09-14 15:54:00,FFIV
201.72,201.72,201.72,201.72,100,2021-09-14 15:56:00,FFIV
201.85,202.06,201.85,202.06,300,2021-09-14 15:58:00,FFIV
202.21,202.21,202.21,202.21,100,2021-09-14 16:01:00,FFIV
202.3,202.37,202.06,202.06,800,2021-09-14 16:02:00,FFIV
202.195,202.195,202.195,202.195,119,2021-09-14 16:03:00,FFIV
202.0,202.1,202.0,202.055,681,2021-09-14 16:04:00,FFIV
202.035,202.035,202.035,202.035,100,2021-09-14 16:05:00,FFIV
202.15,202.15,202.15,202.15,200,2021-09-14 16:06:00,FFIV
202.24,202.24,202.24,202.24,100,2021-09-14 16:08:00,FFIV
202.2271,202.2271,202.2271,202.2271,160,2021-09-14 16:09:00,FFIV
202.26,202.26,202.26,202.26,100,2021-09-14 16:10:00,FFIV
202.245,202.245,202.245,202.245,100,2021-09-14 16:12:00,FFIV
202.32,202.37,202.32,202.37,200,2021-09-14 16:15:00,FFIV
202.28,202.28,202.28,202.28,200,2021-09-14 16:18:00,FFIV
202.36,202.46,202.36,202.46,400,2021-09-14 16:19:00,FFIV
202.34,202.34,202.33,202.33,286,2021-09-14 16:20:00,FFIV
202.385,202.385,202.385,202.385,100,2021-09-14 16:21:00,FFIV
202.4278,202.4278,202.4278,202.4278,100,2021-09-14 16:22:00,FFIV
202.52,202.69,202.52,202.69,300,2021-09-14 16:24:00,FFIV
202.86,203.12,202.86,203.12,1300,2021-09-14 16:25:00,FFIV
203.165,203.165,203.07,203.14,1706,2021-09-14 16:26:00,FFIV
203.07,203.26,203.07,203.14,2329,2021-09-14 16:27:00,FFIV
202.94,203.01,202.87,202.87,900,2021-09-14 16:28:00,FFIV
202.66,202.83,202.66,202.81,1000,2021-09-14 16:29:00,FFIV
202.57,202.77,202.57,202.77,1699,2021-09-14 16:30:00,FFIV
202.83,202.97,202.8,202.96,3126,2021-09-14 16:31:00,FFIV
202.97,203.06,202.95,203.05,1300,2021-09-14 16:32:00,FFIV
203.01,203.16,202.87,202.95,2339,2021-09-14 16:33:00,FFIV
202.75,202.76,202.65,202.67,1877,2021-09-14 16:34:00,FFIV
202.6,202.6,202.47,202.53,800,2021-09-14 16:35:00,FFIV
202.43,202.43,202.43,202.43,100,2021-09-14 16:36:00,FFIV
202.3381,202.51,202.32,202.51,400,2021-09-14 16:37:00,FFIV
202.485,202.485,202.38,202.38,358,2021-09-14 16:38:00,FFIV
202.44,202.44,202.44,202.44,200,2021-09-14 16:39:00,FFIV
202.355,202.42,202.355,202.42,300,2021-09-14 16:41:00,FFIV
202.47,202.515,202.47,202.47,600,2021-09-14 16:42:00,FFIV
202.45,202.5,202.45,202.46,700,2021-09-14 16:43:00,FFIV
202.53,202.66,202.51,202.66,1000,2021-09-14 16:44:00,FFIV
202.71,202.79,202.69,202.74,900,2021-09-14 16:45:00,FFIV
202.9,202.93,202.81,202.93,2400,2021-09-14 16:46:00,FFIV
202.98,202.99,202.92,202.99,700,2021-09-14 16:47:00,FFIV
202.89,202.89,202.89,202.89,100,2021-09-14 16:48:00,FFIV
203.0,203.0,203.0,203.0,100,2021-09-14 16:49:00,FFIV
203.01,203.235,203.01,203.235,1000,2021-09-14 16:51:00,FFIV
203.15,203.15,202.95,203.01,1100,2021-09-14 16:52:00,FFIV
202.97,202.97,202.72,202.72,600,2021-09-14 16:53:00,FFIV
202.7,202.78,202.7,202.78,400,2021-09-14 16:54:00,FFIV
202.75,202.9,202.75,202.9,698,2021-09-14 16:55:00,FFIV
202.8,202.83,202.8,202.82,400,2021-09-14 16:56:00,FFIV
202.94,203.19,202.94,203.12,1280,2021-09-14 16:57:00,FFIV
203.13,203.33,203.13,203.22,2082,2021-09-14 16:58:00,FFIV
203.265,203.33,203.18,203.33,1060,2021-09-14 16:59:00,FFIV
203.19,203.2,202.82,202.82,1200,2021-09-14 17:00:00,FFIV
202.8,202.8,202.59,202.59,700,2021-09-14 17:01:00,FFIV
202.585,202.655,202.5,202.62,1110,2021-09-14 17:02:00,FFIV
202.6,202.62,202.6,202.62,200,2021-09-14 17:03:00,FFIV
202.63,202.69,202.63,202.65,300,2021-09-14 17:04:00,FFIV
202.48,202.54,202.48,202.54,200,2021-09-14 17:05:00,FFIV
202.38,202.38,202.38,202.38,100,2021-09-14 17:06:00,FFIV
202.25,202.26,202.25,202.26,201,2021-09-14 17:08:00,FFIV
202.24,202.24,202.24,202.24,100,2021-09-14 17:10:00,FFIV
202.1,202.25,202.1,202.25,300,2021-09-14 17:11:00,FFIV
202.28,202.28,202.28,202.28,100,2021-09-14 17:14:00,FFIV
202.35,202.4,202.35,202.39,400,2021-09-14 17:15:00,FFIV
202.34,202.34,202.3,202.3,200,2021-09-14 17:17:00,FFIV
202.2,202.22,202.2,202.22,200,2021-09-14 17:18:00,FFIV
202.22,202.22,202.19,202.22,300,2021-09-14 17:19:00,FFIV
202.3,202.3,202.3,202.3,200,2021-09-14 17:20:00,FFIV
202.43,202.44,202.43,202.44,200,2021-09-14 17:24:00,FFIV
202.43,202.43,202.43,202.43,100,2021-09-14 17:26:00,FFIV
202.32,202.32,202.32,202.32,100,2021-09-14 17:32:00,FFIV
202.23,202.23,202.23,202.23,100,2021-09-14 17:33:00,FFIV
202.255,202.33,202.255,202.33,400,2021-09-14 17:34:00,FFIV
202.15,202.15,202.15,202.15,115,2021-09-14 17:35:00,FFIV
202.26,202.26,202.26,202.26,100,2021-09-14 17:36:00,FFIV
202.3,202.3,202.28,202.3,300,2021-09-14 17:37:00,FFIV
202.22,202.22,202.22,202.22,100,2021-09-14 17:39:00,FFIV
202.34,202.34,202.34,202.34,130,2021-09-14 17:40:00,FFIV
202.25,202.25,202.25,202.25,100,2021-09-14 17:45:00,FFIV
202.45,202.45,202.325,202.325,200,2021-09-14 17:46:00,FFIV
202.54,202.54,202.49,202.49,200,2021-09-14 17:51:00,FFIV
202.74,202.74,202.74,202.74,100,2021-09-14 17:54:00,FFIV
202.785,202.785,202.785,202.785,100,2021-09-14 17:56:00,FFIV
202.74,202.74,202.74,202.74,100,2021-09-14 18:00:00,FFIV
202.88,202.88,202.88,202.88,100,2021-09-14 18:01:00,FFIV
202.8,202.86,202.7,202.86,300,2021-09-14 18:04:00,FFIV
202.97,202.97,202.97,202.97,100,2021-09-14 18:05:00,FFIV
202.925,202.925,202.925,202.925,200,2021-09-14 18:08:00,FFIV
203.03,203.03,203.03,203.03,100,2021-09-14 18:12:00,FFIV
202.92,202.92,202.82,202.82,1045,2021-09-14 18:15:00,FFIV
202.69,202.69,202.69,202.69,100,2021-09-14 18:16:00,FFIV
202.7,202.7,202.7,202.7,100,2021-09-14 18:18:00,FFIV
202.48,202.48,202.45,202.45,300,2021-09-14 18:20:00,FFIV
202.49,202.54,202.49,202.5,300,2021-09-14 18:21:00,FFIV
202.39,202.39,202.39,202.39,100,2021-09-14 18:25:00,FFIV
202.35,202.35,202.35,202.35,400,2021-09-14 18:29:00,FFIV
202.42,202.42,202.42,202.42,100,2021-09-14 18:30:00,FFIV
202.335,202.335,202.335,202.335,100,2021-09-14 18:31:00,FFIV
202.16,202.16,202.16,202.16,131,2021-09-14 18:32:00,FFIV
201.93,201.93,201.93,201.93,100,2021-09-14 18:35:00,FFIV
201.92,201.95,201.92,201.95,200,2021-09-14 18:38:00,FFIV
201.945,201.945,201.945,201.945,100,2021-09-14 18:39:00,FFIV
201.88,201.88,201.7063,201.7063,200,2021-09-14 18:41:00,FFIV
201.93,201.93,201.93,201.93,100,2021-09-14 18:42:00,FFIV
201.73,201.73,201.73,201.73,100,2021-09-14 18:46:00,FFIV
201.61,201.61,201.61,201.61,100,2021-09-14 18:48:00,FFIV
201.57,201.57,201.57,201.57,191,2021-09-14 18:49:00,FFIV
201.56,201.56,201.55,201.55,200,2021-09-14 18:50:00,FFIV
201.5025,201.58,201.46,201.53,800,2021-09-14 18:51:00,FFIV
201.54,201.54,201.47,201.47,485,2021-09-14 18:52:00,FFIV
201.5,201.53,201.5,201.5,532,2021-09-14 18:55:00,FFIV
201.57,201.67,201.57,201.67,300,2021-09-14 18:57:00,FFIV
201.59,201.59,201.57,201.57,200,2021-09-14 19:01:00,FFIV
201.72,201.83,201.72,201.825,400,2021-09-14 19:02:00,FFIV
201.71,201.71,201.71,201.71,100,2021-09-14 19:04:00,FFIV
201.81,201.96,201.81,201.91,1000,2021-09-14 19:06:00,FFIV
201.91,201.91,201.91,201.91,124,2021-09-14 19:07:00,FFIV
201.81,201.81,201.7,201.7,400,2021-09-14 19:09:00,FFIV
201.66,201.66,201.66,201.66,100,2021-09-14 19:11:00,FFIV
201.66,201.67,201.66,201.67,200,2021-09-14 19:13:00,FFIV
201.64,201.64,201.64,201.64,100,2021-09-14 19:14:00,FFIV
201.49,201.49,201.43,201.43,449,2021-09-14 19:16:00,FFIV
201.5,201.535,201.5,201.535,400,2021-09-14 19:17:00,FFIV
201.66,201.66,201.66,201.66,100,2021-09-14 19:18:00,FFIV
201.61,201.83,201.61,201.73,500,2021-09-14 19:21:00,FFIV
201.94,201.94,201.73,201.73,521,2021-09-14 19:24:00,FFIV
201.55,201.68,201.54,201.68,400,2021-09-14 19:27:00,FFIV
201.58,201.58,201.57,201.57,300,2021-09-14 19:30:00,FFIV
201.455,201.455,201.455,201.455,100,2021-09-14 19:31:00,FFIV
201.52,201.52,201.49,201.51,1014,2021-09-14 19:32:00,FFIV
201.72,201.72,201.71,201.71,300,2021-09-14 19:33:00,FFIV
201.82,201.82,201.82,201.82,100,2021-09-14 19:34:00,FFIV
201.57,201.77,201.57,201.75,1500,2021-09-14 19:37:00,FFIV
201.68,201.68,201.65,201.65,247,2021-09-14 19:40:00,FFIV
201.75,201.76,201.72,201.76,400,2021-09-14 19:42:00,FFIV
201.73,201.8,201.73,201.79,1200,2021-09-14 19:43:00,FFIV
201.87,201.88,201.87,201.88,200,2021-09-14 19:44:00,FFIV
201.91,202.12,201.91,202.12,1300,2021-09-14 19:45:00,FFIV
201.97,202.01,201.96,201.96,300,2021-09-14 19:47:00,FFIV
201.84,201.84,201.77,201.77,800,2021-09-14 19:48:00,FFIV
201.74,201.75,201.66,201.66,700,2021-09-14 19:49:00,FFIV
201.7,201.7,201.53,201.65,1100,2021-09-14 19:50:00,FFIV
201.71,201.78,201.71,201.78,1416,2021-09-14 19:51:00,FFIV
201.78,202.0,201.78,202.0,774,2021-09-14 19:52:00,FFIV
201.98,202.01,201.97,202.01,484,2021-09-14 19:53:00,FFIV
202.04,202.06,201.97,201.98,1900,2021-09-14 19:54:00,FFIV
201.9,201.9,201.825,201.88,1069,2021-09-14 19:55:00,FFIV
201.9,201.91,201.83,201.88,3394,2021-09-14 19:56:00,FFIV
201.85,202.0,201.84,201.92,3190,2021-09-14 19:57:00,FFIV
201.99,202.11,201.93,202.11,1696,2021-09-14 19:58:00,FFIV
202.11,202.18,202.04,202.14,4023,2021-09-14 19:59:00,FFIV
202.05,202.05,202.05,202.05,38021,2021-09-14 20:00:00,FFIV
202.05,202.05,202.05,202.05,2588,2021-09-14 20:02:00,FFIV
202.05,202.05,202.05,202.05,123,2021-09-15 13:28:00,FFIV
201.69,202.46,201.09,201.43,6929,2021-09-15 13:30:00,FFIV
202.0,202.0,202.0,202.0,100,2021-09-15 13:31:00,FFIV
201.95,201.97,201.2271,201.2271,600,2021-09-15 13:33:00,FFIV
201.4,201.4,201.4,201.4,100,2021-09-15 13:34:00,FFIV
201.95,201.95,201.405,201.46,810,2021-09-15 13:35:00,FFIV
201.91,202.0,201.91,202.0,1100,2021-09-15 13:36:00,FFIV
201.92,202.07,201.92,202.07,300,2021-09-15 13:37:00,FFIV
201.69,201.775,201.68,201.775,2421,2021-09-15 13:38:00,FFIV
201.555,201.555,201.44,201.44,200,2021-09-15 13:39:00,FFIV
201.74,202.1,201.74,201.8662,2100,2021-09-15 13:40:00,FFIV
201.85,201.85,201.85,201.85,100,2021-09-15 13:41:00,FFIV
202.415,202.415,202.415,202.415,100,2021-09-15 13:42:00,FFIV
202.45,202.45,202.45,202.45,100,2021-09-15 13:44:00,FFIV
202.49,202.73,202.49,202.68,300,2021-09-15 13:45:00,FFIV
202.74,202.74,202.74,202.74,100,2021-09-15 13:46:00,FFIV
202.8,202.8,202.46,202.46,400,2021-09-15 13:47:00,FFIV
202.66,203.01,202.66,202.73,600,2021-09-15 13:48:00,FFIV
203.16,203.16,203.03,203.03,300,2021-09-15 13:50:00,FFIV
203.395,203.395,203.34,203.34,200,2021-09-15 13:51:00,FFIV
203.505,203.505,203.385,203.385,400,2021-09-15 13:53:00,FFIV
203.22,203.455,203.2,203.2,800,2021-09-15 13:54:00,FFIV
203.18,203.18,203.045,203.12,300,2021-09-15 13:55:00,FFIV
203.175,203.175,203.175,203.175,100,2021-09-15 13:56:00,FFIV
203.25,203.25,203.22,203.25,500,2021-09-15 13:57:00,FFIV
203.24,203.24,203.24,203.24,100,2021-09-15 13:58:00,FFIV
203.32,203.46,203.32,203.46,300,2021-09-15 13:59:00,FFIV
203.39,203.39,203.17,203.35,802,2021-09-15 14:01:00,FFIV
203.11,203.11,202.84,202.84,700,2021-09-15 14:05:00,FFIV
202.685,202.685,202.685,202.685,200,2021-09-15 14:07:00,FFIV
202.26,202.3,202.26,202.3,300,2021-09-15 14:10:00,FFIV
201.475,201.9,201.475,201.68,1295,2021-09-15 14:13:00,FFIV
201.62,201.78,201.59,201.78,400,2021-09-15 14:14:00,FFIV
201.4,201.4,201.4,201.4,100,2021-09-15 14:19:00,FFIV
201.81,201.93,201.78,201.93,1400,2021-09-15 14:20:00,FFIV
201.695,201.695,201.695,201.695,100,2021-09-15 14:21:00,FFIV
201.51,201.665,201.22,201.22,300,2021-09-15 14:22:00,FFIV
201.385,201.385,201.385,201.385,200,2021-09-15 14:25:00,FFIV
201.21,201.325,201.21,201.325,200,2021-09-15 14:29:00,FFIV
201.22,201.22,201.08,201.08,300,2021-09-15 14:30:00,FFIV
201.29,201.42,201.29,201.34,1000,2021-09-15 14:31:00,FFIV
201.43,201.5,201.43,201.44,700,2021-09-15 14:32:00,FFIV
201.53,201.535,201.53,201.535,300,2021-09-15 14:33:00,FFIV
201.62,201.62,201.62,201.62,100,2021-09-15 14:34:00,FFIV
201.52,201.625,201.52,201.62,300,2021-09-15 14:36:00,FFIV
201.62,201.67,201.62,201.67,200,2021-09-15 14:38:00,FFIV
201.445,201.445,201.445,201.445,100,2021-09-15 14:42:00,FFIV
201.54,201.54,201.5275,201.5275,300,2021-09-15 14:45:00,FFIV
201.26,201.29,201.26,201.29,200,2021-09-15 14:46:00,FFIV
201.28,201.35,201.26,201.26,300,2021-09-15 14:47:00,FFIV
201.105,201.105,201.105,201.105,100,2021-09-15 14:48:00,FFIV
201.24,201.37,201.2,201.335,600,2021-09-15 14:49:00,FFIV
201.24,201.24,201.24,201.24,100,2021-09-15 14:50:00,FFIV
201.31,201.33,201.31,201.33,200,2021-09-15 14:51:00,FFIV
201.44,201.62,201.44,201.61,439,2021-09-15 14:52:00,FFIV
201.45,201.56,201.45,201.48,300,2021-09-15 14:54:00,FFIV
201.525,201.525,201.525,201.525,100,2021-09-15 14:56:00,FFIV
201.53,201.7,201.53,201.7,200,2021-09-15 14:59:00,FFIV
201.69,201.69,201.68,201.685,400,2021-09-15 15:01:00,FFIV
201.74,201.8,201.74,201.8,200,2021-09-15 15:02:00,FFIV
201.715,201.715,201.715,201.715,100,2021-09-15 15:03:00,FFIV
201.83,201.83,201.75,201.83,1200,2021-09-15 15:04:00,FFIV
202.0,202.0,201.78,201.78,200,2021-09-15 15:07:00,FFIV
201.78,201.86,201.76,201.81,700,2021-09-15 15:08:00,FFIV
201.735,201.735,201.735,201.735,100,2021-09-15 15:10:00,FFIV
201.79,201.86,201.79,201.86,300,2021-09-15 15:11:00,FFIV
201.775,202.0,201.775,202.0,400,2021-09-15 15:12:00,FFIV
202.01,202.01,201.85,201.98,600,2021-09-15 15:15:00,FFIV
202.1,202.11,202.1,202.11,200,2021-09-15 15:16:00,FFIV
202.22,202.22,202.22,202.22,100,2021-09-15 15:18:00,FFIV
202.115,202.115,202.115,202.115,125,2021-09-15 15:19:00,FFIV
202.135,202.135,202.135,202.135,100,2021-09-15 15:20:00,FFIV
202.34,202.415,202.34,202.415,246,2021-09-15 15:21:00,FFIV
202.58,202.58,202.58,202.58,100,2021-09-15 15:22:00,FFIV
202.335,202.4,202.1927,202.4,400,2021-09-15 15:23:00,FFIV
202.42,202.6,202.42,202.6,500,2021-09-15 15:24:00,FFIV
202.5,202.64,202.5,202.64,222,2021-09-15 15:25:00,FFIV
202.62,202.815,202.62,202.79,302,2021-09-15 15:26:00,FFIV
202.73,202.93,202.73,202.93,300,2021-09-15 15:27:00,FFIV
202.755,202.755,202.755,202.755,122,2021-09-15 15:29:00,FFIV
202.765,202.81,202.66,202.66,635,2021-09-15 15:30:00,FFIV
202.545,202.69,202.47,202.69,2800,2021-09-15 15:34:00,FFIV
202.81,202.81,202.81,202.81,200,2021-09-15 15:35:00,FFIV
202.89,203.1,202.89,203.1,400,2021-09-15 15:36:00,FFIV
203.1,203.11,203.1,203.11,200,2021-09-15 15:37:00,FFIV
203.36,203.36,203.36,203.36,100,2021-09-15 15:38:00,FFIV
203.415,203.415,203.415,203.415,100,2021-09-15 15:39:00,FFIV
203.49,203.49,203.345,203.49,500,2021-09-15 15:40:00,FFIV
203.81,204.29,203.81,204.29,600,2021-09-15 15:42:00,FFIV
204.09,204.09,203.74,203.74,200,2021-09-15 15:43:00,FFIV
203.68,203.795,203.66,203.795,600,2021-09-15 15:45:00,FFIV
203.33,203.51,203.06,203.49,1096,2021-09-15 15:47:00,FFIV
203.55,203.56,203.3934,203.3934,450,2021-09-15 15:49:00,FFIV
203.46,203.46,203.46,203.46,100,2021-09-15 15:52:00,FFIV
203.5,203.5,203.5,203.5,100,2021-09-15 15:53:00,FFIV
203.34,203.42,203.23,203.23,906,2021-09-15 15:54:00,FFIV
203.49,203.49,203.49,203.49,300,2021-09-15 15:55:00,FFIV
203.75,203.75,203.75,203.75,100,2021-09-15 15:56:00,FFIV
203.76,203.8799,203.58,203.8799,1200,2021-09-15 15:57:00,FFIV
203.81,203.81,203.57,203.8,1000,2021-09-15 15:58:00,FFIV
204.07,204.08,203.92,203.92,1000,2021-09-15 15:59:00,FFIV
203.99,204.02,203.78,203.78,1300,2021-09-15 16:00:00,FFIV
203.63,203.63,203.63,203.63,300,2021-09-15 16:01:00,FFIV
203.4301,203.78,203.4301,203.78,600,2021-09-15 16:02:00,FFIV
203.9,203.99,203.9,203.985,667,2021-09-15 16:03:00,FFIV
203.93,204.01,203.93,204.01,200,2021-09-15 16:04:00,FFIV
203.82,203.92,203.78,203.78,300,2021-09-15 16:05:00,FFIV
203.87,203.95,203.87,203.95,200,2021-09-15 16:06:00,FFIV
204.1,204.1,204.09,204.09,200,2021-09-15 16:07:00,FFIV
204.135,204.24,204.02,204.02,1800,2021-09-15 16:08:00,FFIV
204.17,204.17,204.17,204.17,100,2021-09-15 16:09:00,FFIV
204.38,204.45,204.38,204.45,700,2021-09-15 16:11:00,FFIV
204.42,204.42,204.22,204.22,300,2021-09-15 16:12:00,FFIV
204.3,204.3,204.26,204.28,300,2021-09-15 16:13:00,FFIV
204.215,204.35,204.15,204.26,1302,2021-09-15 16:14:00,FFIV
204.19,204.225,204.19,204.225,600,2021-09-15 16:15:00,FFIV
204.23,204.25,204.16,204.18,1000,2021-09-15 16:16:00,FFIV
204.03,204.08,203.975,204.025,400,2021-09-15 16:17:00,FFIV
204.08,204.08,203.935,203.935,200,2021-09-15 16:18:00,FFIV
204.08,204.24,204.08,204.24,400,2021-09-15 16:19:00,FFIV
204.25,204.3286,204.25,204.3286,1100,2021-09-15 16:20:00,FFIV
204.37,204.38,204.28,204.38,600,2021-09-15 16:21:00,FFIV
204.49,204.63,204.49,204.63,500,2021-09-15 16:22:00,FFIV
204.625,204.64,204.39,204.64,800,2021-09-15 16:23:00,FFIV
204.585,204.69,204.585,204.69,200,2021-09-15 16:24:00,FFIV
204.87,204.87,204.87,204.87,100,2021-09-15 16:25:00,FFIV
204.8,204.8,204.8,204.8,100,2021-09-15 16:26:00,FFIV
204.79,204.79,204.79,204.79,200,2021-09-15 16:27:00,FFIV
204.69,204.69,204.545,204.6,610,2021-09-15 16:28:00,FFIV
204.64,204.78,204.64,204.78,600,2021-09-15 16:29:00,FFIV
204.78,205.0,204.77,204.91,4519,2021-09-15 16:30:00,FFIV
204.92,204.93,204.87,204.92,500,2021-09-15 16:31:00,FFIV
204.905,204.925,204.905,204.925,300,2021-09-15 16:32:00,FFIV
204.87,204.905,204.87,204.905,300,2021-09-15 16:33:00,FFIV
204.99,205.2,204.9,205.2,6429,2021-09-15 16:34:00,FFIV
205.23,205.37,205.23,205.37,400,2021-09-15 16:35:00,FFIV
205.28,205.35,205.28,205.35,200,2021-09-15 16:36:00,FFIV
205.1996,205.22,205.1,205.115,729,2021-09-15 16:37:00,FFIV
205.47,205.47,205.47,205.47,100,2021-09-15 16:38:00,FFIV
205.55,205.59,205.55,205.59,200,2021-09-15 16:39:00,FFIV
205.52,205.65,205.4,205.65,800,2021-09-15 16:40:00,FFIV
205.7,205.7,205.7,205.7,100,2021-09-15 16:42:00,FFIV
205.84,205.84,205.84,205.84,160,2021-09-15 16:43:00,FFIV
205.94,206.255,205.94,206.255,2902,2021-09-15 16:44:00,FFIV
206.19,206.4,206.115,206.115,839,2021-09-15 16:45:00,FFIV
205.93,205.93,205.93,205.93,100,2021-09-15 16:47:00,FFIV
205.95,206.26,205.95,206.26,600,2021-09-15 16:48:00,FFIV
206.29,206.29,205.995,205.995,700,2021-09-15 16:49:00,FFIV
205.94,205.94,205.94,205.94,200,2021-09-15 16:50:00,FFIV
206.01,206.17,206.01,206.17,800,2021-09-15 16:51:00,FFIV
206.275,206.37,206.275,206.28,452,2021-09-15 16:52:00,FFIV
206.16,206.24,206.16,206.24,238,2021-09-15 16:53:00,FFIV
206.2,206.42,206.2,206.42,300,2021-09-15 16:54:00,FFIV
206.45,206.48,206.45,206.48,300,2021-09-15 16:55:00,FFIV
206.445,206.58,206.445,206.58,400,2021-09-15 16:56:00,FFIV
206.55,206.55,206.36,206.39,595,2021-09-15 16:57:00,FFIV
206.4,206.54,206.4,206.54,400,2021-09-15 16:58:00,FFIV
206.375,206.535,206.37,206.535,700,2021-09-15 16:59:00,FFIV
206.435,206.5,206.435,206.5,200,2021-09-15 17:00:00,FFIV
206.445,206.51,206.445,206.505,300,2021-09-15 17:01:00,FFIV
206.54,206.7,206.54,206.7,400,2021-09-15 17:02:00,FFIV
206.78,206.87,206.63,206.63,2918,2021-09-15 17:03:00,FFIV
206.68,206.7775,206.52,206.62,2200,2021-09-15 17:04:00,FFIV
206.71,206.72,206.61,206.61,400,2021-09-15 17:05:00,FFIV
206.825,206.88,206.825,206.88,500,2021-09-15 17:06:00,FFIV
207.0,207.0,206.77,206.77,200,2021-09-15 17:07:00,FFIV
206.765,206.95,206.765,206.95,1915,2021-09-15 17:08:00,FFIV
206.825,206.825,206.825,206.825,100,2021-09-15 17:09:00,FFIV
206.865,206.865,206.72,206.85,400,2021-09-15 17:10:00,FFIV
206.91,206.91,206.91,206.91,132,2021-09-15 17:11:00,FFIV
206.88,206.92,206.78,206.805,700,2021-09-15 17:12:00,FFIV
206.78,206.8,206.72,206.74,2921,2021-09-15 17:13:00,FFIV
206.79,206.95,206.79,206.95,900,2021-09-15 17:14:00,FFIV
206.86,207.14,206.86,207.14,1846,2021-09-15 17:15:00,FFIV
207.21,207.21,206.99,206.99,1409,2021-09-15 17:16:00,FFIV
207.065,207.17,207.065,207.17,410,2021-09-15 17:17:00,FFIV
207.36,207.39,207.2,207.33,500,2021-09-15 17:18:00,FFIV
207.25,207.25,207.11,207.17,500,2021-09-15 17:19:00,FFIV
207.18,207.325,207.18,207.32,700,2021-09-15 17:20:00,FFIV
207.42,207.42,207.33,207.33,200,2021-09-15 17:21:00,FFIV
207.4354,207.48,207.4354,207.48,300,2021-09-15 17:22:00,FFIV
207.455,207.61,207.455,207.61,446,2021-09-15 17:23:00,FFIV
207.54,207.54,207.33,207.33,1053,2021-09-15 17:24:00,FFIV
207.43,207.47,207.43,207.47,300,2021-09-15 17:25:00,FFIV
207.63,207.63,207.57,207.57,200,2021-09-15 17:26:00,FFIV
207.62,207.62,207.62,207.62,100,2021-09-15 17:27:00,FFIV
207.42,207.62,207.42,207.585,500,2021-09-15 17:28:00,FFIV
207.73,207.73,207.73,207.73,100,2021-09-15 17:29:00,FFIV
207.68,207.74,207.65,207.665,1300,2021-09-15 17:30:00,FFIV
207.63,207.71,207.57,207.71,800,2021-09-15 17:31:00,FFIV
207.71,207.86,207.71,207.72,400,2021-09-15 17:32:00,FFIV
207.87,207.89,207.72,207.855,500,2021-09-15 17:33:00,FFIV
207.92,207.92,207.83,207.92,400,2021-09-15 17:34:00,FFIV
207.96,207.96,207.96,207.96,100,2021-09-15 17:35:00,FFIV
207.97,207.97,207.865,207.865,300,2021-09-15 17:36:00,FFIV
207.85,207.85,207.85,207.85,327,2021-09-15 17:37:00,FFIV
207.835,207.925,207.76,207.85,1438,2021-09-15 17:38:00,FFIV
207.99,208.06,207.99,208.06,420,2021-09-15 17:39:00,FFIV
207.98,208.05,207.92,208.05,1254,2021-09-15 17:40:00,FFIV
208.07,208.07,207.78,207.78,700,2021-09-15 17:41:00,FFIV
207.71,207.71,207.71,207.71,100,2021-09-15 17:43:00,FFIV
207.94,208.19,207.94,208.16,400,2021-09-15 17:44:00,FFIV
207.99,208.08,207.895,207.97,500,2021-09-15 17:45:00,FFIV
207.98,208.13,207.98,208.13,400,2021-09-15 17:46:00,FFIV
208.1,208.1,207.99,207.99,300,2021-09-15 17:47:00,FFIV
207.9,207.9,207.9,207.9,100,2021-09-15 17:48:00,FFIV
207.59,207.635,207.59,207.635,500,2021-09-15 17:49:00,FFIV
207.735,207.735,207.56,207.6039,337,2021-09-15 17:50:00,FFIV
207.69,207.69,207.69,207.69,100,2021-09-15 17:51:00,FFIV
207.61,207.615,207.4,207.56,4244,2021-09-15 17:53:00,FFIV
207.52,207.56,207.52,207.56,200,2021-09-15 17:54:00,FFIV
207.57,207.61,207.52,207.555,700,2021-09-15 17:55:00,FFIV
207.64,207.75,207.64,207.75,1355,2021-09-15 17:57:00,FFIV
207.89,207.91,207.83,207.91,300,2021-09-15 17:58:00,FFIV
207.92,207.94,207.92,207.94,200,2021-09-15 17:59:00,FFIV
208.0,208.0,208.0,208.0,100,2021-09-15 18:00:00,FFIV
207.95,208.05,207.9,207.9,500,2021-09-15 18:01:00,FFIV
207.85,207.93,207.84,207.93,600,2021-09-15 18:03:00,FFIV
207.835,207.91,207.835,207.91,400,2021-09-15 18:04:00,FFIV
207.83,207.9,207.83,207.89,300,2021-09-15 18:05:00,FFIV
207.9,208.04,207.82,208.04,1200,2021-09-15 18:06:00,FFIV
207.9854,207.9854,207.9854,207.9854,137,2021-09-15 18:07:00,FFIV
207.95,208.08,207.95,208.08,1100,2021-09-15 18:08:00,FFIV
208.14,208.16,208.14,208.16,300,2021-09-15 18:10:00,FFIV
208.1,208.11,208.1,208.11,300,2021-09-15 18:11:00,FFIV
208.25,208.56,208.25,208.56,1322,2021-09-15 18:12:00,FFIV
208.49,208.63,208.49,208.63,500,2021-09-15 18:14:00,FFIV
208.67,208.67,208.47,208.5,648,2021-09-15 18:15:00,FFIV
208.31,208.41,208.31,208.41,800,2021-09-15 18:16:00,FFIV
208.325,208.375,208.31,208.31,437,2021-09-15 18:17:00,FFIV
208.355,208.355,208.27,208.3,1100,2021-09-15 18:18:00,FFIV
208.3,208.4,208.15,208.25,1300,2021-09-15 18:19:00,FFIV
208.24,208.275,208.24,208.275,200,2021-09-15 18:20:00,FFIV
208.33,208.36,208.29,208.29,500,2021-09-15 18:21:00,FFIV
208.08,208.14,208.06,208.11,904,2021-09-15 18:22:00,FFIV
208.08,208.08,208.08,208.08,100,2021-09-15 18:23:00,FFIV
208.205,208.44,208.205,208.44,400,2021-09-15 18:24:00,FFIV
208.385,208.67,208.385,208.565,500,2021-09-15 18:25:00,FFIV
208.58,208.74,208.545,208.59,700,2021-09-15 18:27:00,FFIV
208.76,208.81,208.76,208.81,200,2021-09-15 18:28:00,FFIV
208.795,208.795,208.57,208.57,700,2021-09-15 18:29:00,FFIV
208.64,208.64,208.45,208.51,1800,2021-09-15 18:30:00,FFIV
208.375,208.375,208.32,208.32,400,2021-09-15 18:31:00,FFIV
208.27,208.37,208.27,208.36,494,2021-09-15 18:32:00,FFIV
208.36,208.37,208.3,208.32,1241,2021-09-15 18:33:00,FFIV
208.275,208.275,208.275,208.275,100,2021-09-15 18:34:00,FFIV
208.38,208.39,208.36,208.38,1136,2021-09-15 18:35:00,FFIV
208.43,208.475,208.18,208.21,1597,2021-09-15 18:36:00,FFIV
208.26,208.75,208.26,208.73,1895,2021-09-15 18:37:00,FFIV
208.9,209.34,208.87,209.2,2797,2021-09-15 18:38:00,FFIV
209.2,209.39,209.18,209.34,1790,2021-09-15 18:39:00,FFIV
209.43,209.5,209.18,209.18,2598,2021-09-15 18:40:00,FFIV
209.08,209.15,208.46,208.46,1710,2021-09-15 18:41:00,FFIV
208.6,208.61,207.9,208.0,1800,2021-09-15 18:42:00,FFIV
208.06,208.09,207.59,207.59,2700,2021-09-15 18:43:00,FFIV
207.54,207.73,207.31,207.73,1900,2021-09-15 18:44:00,FFIV
207.68,207.765,207.605,207.765,900,2021-09-15 18:45:00,FFIV
207.52,207.67,207.52,207.67,300,2021-09-15 18:46:00,FFIV
207.7,207.86,207.7,207.86,600,2021-09-15 18:47:00,FFIV
208.03,208.12,208.03,208.12,200,2021-09-15 18:48:00,FFIV
207.87,208.3,207.87,208.3,500,2021-09-15 18:49:00,FFIV
208.36,208.37,208.36,208.37,200,2021-09-15 18:50:00,FFIV
208.55,208.55,208.42,208.465,300,2021-09-15 18:51:00,FFIV
208.52,208.52,208.46,208.46,600,2021-09-15 18:52:00,FFIV
208.52,208.6199,208.42,208.6199,1100,2021-09-15 18:53:00,FFIV
208.62,208.62,208.45,208.45,900,2021-09-15 18:54:00,FFIV
208.33,208.48,208.33,208.42,400,2021-09-15 18:55:00,FFIV
208.53,208.535,208.53,208.535,200,2021-09-15 18:56:00,FFIV
208.58,208.68,208.44,208.52,800,2021-09-15 18:57:00,FFIV
208.475,208.475,208.475,208.475,200,2021-09-15 18:58:00,FFIV
208.37,208.42,208.32,208.4,600,2021-09-15 18:59:00,FFIV
208.33,208.59,208.33,208.53,700,2021-09-15 19:00:00,FFIV
208.44,208.44,208.37,208.425,600,2021-09-15 19:01:00,FFIV
208.54,208.705,208.54,208.61,1000,2021-09-15 19:02:00,FFIV
208.68,208.74,208.67,208.74,400,2021-09-15 19:03:00,FFIV
208.69,208.74,208.69,208.71,400,2021-09-15 19:04:00,FFIV
208.655,208.655,208.57,208.62,1090,2021-09-15 19:05:00,FFIV
208.48,208.48,208.4,208.4,200,2021-09-15 19:07:00,FFIV
208.47,208.47,208.38,208.39,700,2021-09-15 19:08:00,FFIV
208.48,208.6,208.48,208.6,406,2021-09-15 19:09:00,FFIV
208.57,208.69,208.57,208.64,1596,2021-09-15 19:10:00,FFIV
208.6722,208.93,208.6722,208.825,1895,2021-09-15 19:12:00,FFIV
208.77,208.775,208.51,208.55,1255,2021-09-15 19:13:00,FFIV
208.58,208.75,208.57,208.75,1200,2021-09-15 19:14:00,FFIV
208.65,208.69,208.61,208.61,1400,2021-09-15 19:15:00,FFIV
208.61,208.64,208.57,208.62,1000,2021-09-15 19:16:00,FFIV
208.62,208.62,208.45,208.52,500,2021-09-15 19:17:00,FFIV
208.49,208.645,208.44,208.51,1900,2021-09-15 19:18:00,FFIV
208.47,208.53,208.47,208.5,500,2021-09-15 19:19:00,FFIV
208.55,208.55,208.455,208.53,520,2021-09-15 19:20:00,FFIV
208.65,208.74,208.61,208.74,1300,2021-09-15 19:21:00,FFIV
208.75,208.84,208.75,208.79,400,2021-09-15 19:22:00,FFIV
208.805,208.805,208.58,208.6,1673,2021-09-15 19:23:00,FFIV
208.59,208.59,208.55,208.57,796,2021-09-15 19:24:00,FFIV
208.61,208.71,208.61,208.71,1975,2021-09-15 19:25:00,FFIV
208.68,208.705,208.68,208.69,400,2021-09-15 19:26:00,FFIV
208.64,208.685,208.47,208.49,2200,2021-09-15 19:27:00,FFIV
208.52,208.65,208.52,208.58,1331,2021-09-15 19:28:00,FFIV
208.57,208.845,208.57,208.76,3900,2021-09-15 19:29:00,FFIV
208.77,208.83,208.72,208.8,4002,2021-09-15 19:30:00,FFIV
208.88,208.92,208.78,208.865,2925,2021-09-15 19:31:00,FFIV
208.95,208.95,208.675,208.675,4561,2021-09-15 19:32:00,FFIV
208.59,208.62,208.54,208.62,600,2021-09-15 19:33:00,FFIV
208.58,208.63,208.47,208.57,2860,2021-09-15 19:34:00,FFIV
208.4,208.5,208.4,208.5,1300,2021-09-15 19:35:00,FFIV
208.53,208.53,208.23,208.24,3392,2021-09-15 19:36:00,FFIV
208.12,208.35,207.98,208.35,3466,2021-09-15 19:37:00,FFIV
208.32,208.46,208.32,208.45,800,2021-09-15 19:38:00,FFIV
208.485,208.54,208.43,208.48,2500,2021-09-15 19:39:00,FFIV
208.46,208.74,208.42,208.74,4095,2021-09-15 19:40:00,FFIV
208.74,208.86,208.735,208.82,3133,2021-09-15 19:41:00,FFIV
208.8075,208.98,208.8075,208.91,2200,2021-09-15 19:42:00,FFIV
208.905,208.96,208.805,208.96,5600,2021-09-15 19:43:00,FFIV
209.03,209.15,208.97,209.08,4805,2021-09-15 19:44:00,FFIV
209.12,209.3,209.09,209.28,2100,2021-09-15 19:45:00,FFIV
209.305,209.305,208.985,209.0,2300,2021-09-15 19:46:00,FFIV
209.02,209.06,208.98,209.06,700,2021-09-15 19:47:00,FFIV
209.11,209.13,208.93,208.965,3401,2021-09-15 19:48:00,FFIV
208.92,208.96,208.89,208.92,2510,2021-09-15 19:49:00,FFIV
208.87,208.87,208.73,208.82,2500,2021-09-15 19:50:00,FFIV
208.88,208.99,208.76,208.76,2183,2021-09-15 19:51:00,FFIV
208.84,209.01,208.83,208.92,2200,2021-09-15 19:52:00,FFIV
208.9,209.04,208.87,209.01,3018,2021-09-15 19:53:00,FFIV
208.94,208.97,208.31,208.31,7662,2021-09-15 19:54:00,FFIV
208.3,208.64,208.145,208.58,5402,2021-09-15 19:55:00,FFIV
208.59,208.59,208.22,208.41,4961,2021-09-15 19:56:00,FFIV
208.5,208.52,208.35,208.35,4808,2021-09-15 19:57:00,FFIV
208.37,208.49,208.37,208.49,4628,2021-09-15 19:58:00,FFIV
208.42,208.42,208.26,208.33,8662,2021-09-15 19:59:00,FFIV
208.31,208.31,208.31,208.31,74749,2021-09-15 20:00:00,FFIV
208.31,208.31,208.31,208.31,205,2021-09-15 20:01:00,FFIV
208.31,208.31,208.31,208.31,570,2021-09-15 20:02:00,FFIV
208.31,208.31,208.31,208.31,416,2021-09-15 20:03:00,FFIV
208.47,209.05,208.45,209.05,5699,2021-09-16 13:30:00,FFIV
209.415,209.465,209.415,209.465,556,2021-09-16 13:32:00,FFIV
209.53,210.1,209.5,210.0,4531,2021-09-16 13:33:00,FFIV
210.0,210.47,210.0,210.04,1300,2021-09-16 13:34:00,FFIV
209.76,210.03,209.505,209.51,830,2021-09-16 13:35:00,FFIV
209.41,209.585,209.41,209.585,400,2021-09-16 13:36:00,FFIV
209.39,209.39,209.3899,209.39,300,2021-09-16 13:37:00,FFIV
209.21,209.21,209.21,209.21,100,2021-09-16 13:38:00,FFIV
209.03,209.03,209.0,209.0,200,2021-09-16 13:39:00,FFIV
208.7,208.7,208.3039,208.3039,300,2021-09-16 13:40:00,FFIV
208.48,208.48,208.1,208.1,300,2021-09-16 13:41:00,FFIV
208.36,208.36,208.21,208.36,1000,2021-09-16 13:42:00,FFIV
208.635,208.79,208.635,208.675,400,2021-09-16 13:43:00,FFIV
209.05,209.05,209.05,209.05,451,2021-09-16 13:46:00,FFIV
208.85,208.85,208.85,208.85,3100,2021-09-16 13:47:00,FFIV
208.99,208.99,208.98,208.98,400,2021-09-16 13:48:00,FFIV
208.36,208.41,208.1,208.36,9064,2021-09-16 13:50:00,FFIV
208.1601,208.1601,208.1,208.1,500,2021-09-16 13:51:00,FFIV
208.3999,208.3999,208.3999,208.3999,150,2021-09-16 13:53:00,FFIV
208.145,208.145,208.145,208.145,100,2021-09-16 13:54:00,FFIV
207.65,207.735,207.65,207.735,300,2021-09-16 13:55:00,FFIV
208.045,208.275,207.82,208.275,985,2021-09-16 13:56:00,FFIV
208.09,208.2,208.06,208.2,600,2021-09-16 13:57:00,FFIV
208.3079,208.3079,208.3079,208.3079,500,2021-09-16 14:00:00,FFIV
208.11,208.48,208.11,208.48,1000,2021-09-16 14:01:00,FFIV
208.015,208.015,208.015,208.015,100,2021-09-16 14:03:00,FFIV
207.61,207.77,207.4,207.535,1400,2021-09-16 14:04:00,FFIV
207.66,207.66,207.37,207.41,1657,2021-09-16 14:05:00,FFIV
207.505,207.52,207.505,207.52,300,2021-09-16 14:06:00,FFIV
207.55,207.55,207.55,207.55,300,2021-09-16 14:07:00,FFIV
207.58,207.87,207.42,207.87,2100,2021-09-16 14:08:00,FFIV
207.875,208.25,207.875,208.25,2040,2021-09-16 14:09:00,FFIV
208.31,208.3196,208.11,208.11,1100,2021-09-16 14:10:00,FFIV
208.04,208.05,207.91,208.05,1400,2021-09-16 14:11:00,FFIV
207.965,208.0,207.965,208.0,200,2021-09-16 14:12:00,FFIV
207.99,208.0,207.925,208.0,588,2021-09-16 14:13:00,FFIV
208.0,208.0018,207.92,208.0,1801,2021-09-16 14:14:00,FFIV
207.96,208.0,207.88,208.0,3660,2021-09-16 14:15:00,FFIV
208.23,208.23,208.1,208.1,200,2021-09-16 14:18:00,FFIV
208.0,208.0,207.925,207.925,300,2021-09-16 14:19:00,FFIV
207.99,207.99,207.99,207.99,100,2021-09-16 14:20:00,FFIV
208.08,208.08,208.07,208.07,200,2021-09-16 14:21:00,FFIV
208.04,208.1425,208.04,208.1425,400,2021-09-16 14:24:00,FFIV
208.12,208.12,208.095,208.095,429,2021-09-16 14:26:00,FFIV
208.16,208.16,208.16,208.16,300,2021-09-16 14:27:00,FFIV
207.94,208.0,207.94,208.0,200,2021-09-16 14:29:00,FFIV
207.96,208.0,207.84,207.92,1000,2021-09-16 14:30:00,FFIV
207.93,208.13,207.9,208.0425,3550,2021-09-16 14:31:00,FFIV
208.07,208.09,208.06,208.06,1300,2021-09-16 14:33:00,FFIV
208.05,208.085,207.86,207.87,2338,2021-09-16 14:36:00,FFIV
207.88,208.0,207.88,207.99,1000,2021-09-16 14:37:00,FFIV
208.19,208.19,208.19,208.19,100,2021-09-16 14:38:00,FFIV
208.21,208.29,208.18,208.24,800,2021-09-16 14:39:00,FFIV
208.08,208.08,208.08,208.08,100,2021-09-16 14:40:00,FFIV
208.11,208.12,208.07,208.09,1100,2021-09-16 14:41:00,FFIV
208.08,208.08,208.08,208.08,800,2021-09-16 14:43:00,FFIV
208.1,208.18,208.085,208.085,1300,2021-09-16 14:44:00,FFIV
208.19,208.28,208.18,208.28,700,2021-09-16 14:45:00,FFIV
208.2,208.2,208.16,208.16,400,2021-09-16 14:46:00,FFIV
208.0,208.1,208.0,208.06,650,2021-09-16 14:47:00,FFIV
208.16,208.16,208.16,208.16,100,2021-09-16 14:48:00,FFIV
208.14,208.14,208.055,208.1,673,2021-09-16 14:49:00,FFIV
208.055,208.1,207.95,208.09,927,2021-09-16 14:50:00,FFIV
207.83,208.06,207.83,207.94,1300,2021-09-16 14:52:00,FFIV
207.935,208.06,207.91,208.01,2143,2021-09-16 14:53:00,FFIV
208.0,208.0,208.0,208.0,100,2021-09-16 14:54:00,FFIV
208.0,208.01,207.85,207.92,3533,2021-09-16 14:55:00,FFIV
207.905,207.98,207.3,207.3,6400,2021-09-16 14:56:00,FFIV
207.29,207.32,207.24,207.32,300,2021-09-16 14:57:00,FFIV
207.17,207.17,206.98,206.98,1100,2021-09-16 14:58:00,FFIV
206.82,206.82,206.6,206.6,400,2021-09-16 15:00:00,FFIV
206.34,206.34,205.87,205.97,900,2021-09-16 15:01:00,FFIV
205.85,206.1,205.85,206.01,2000,2021-09-16 15:02:00,FFIV
205.97,206.38,205.97,206.38,1986,2021-09-16 15:03:00,FFIV
206.38,206.38,206.22,206.22,700,2021-09-16 15:04:00,FFIV
206.3,206.37,206.24,206.24,700,2021-09-16 15:05:00,FFIV
206.27,206.35,206.27,206.315,544,2021-09-16 15:06:00,FFIV
206.3,206.37,206.25,206.28,1262,2021-09-16 15:07:00,FFIV
206.235,206.38,206.235,206.35,1200,2021-09-16 15:08:00,FFIV
206.345,206.56,206.3225,206.56,1300,2021-09-16 15:09:00,FFIV
206.65,206.67,206.65,206.67,300,2021-09-16 15:10:00,FFIV
206.67,206.675,206.655,206.655,300,2021-09-16 15:11:00,FFIV
206.62,206.62,206.62,206.62,100,2021-09-16 15:12:00,FFIV
206.46,206.46,206.46,206.46,100,2021-09-16 15:15:00,FFIV
206.53,206.83,206.53,206.83,500,2021-09-16 15:16:00,FFIV
206.7,206.7,206.62,206.62,300,2021-09-16 15:19:00,FFIV
206.69,206.86,206.69,206.85,1300,2021-09-16 15:21:00,FFIV
206.85,206.97,206.85,206.97,200,2021-09-16 15:22:00,FFIV
206.94,206.94,206.9,206.9,200,2021-09-16 15:25:00,FFIV
207.2,207.2,207.2,207.2,100,2021-09-16 15:27:00,FFIV
207.1,207.19,207.07,207.19,700,2021-09-16 15:28:00,FFIV
207.04,207.04,206.91,206.91,315,2021-09-16 15:30:00,FFIV
206.79,206.82,206.79,206.82,200,2021-09-16 15:31:00,FFIV
206.66,206.66,206.66,206.66,100,2021-09-16 15:32:00,FFIV
206.745,206.83,206.745,206.83,300,2021-09-16 15:33:00,FFIV
206.6,206.6825,206.6,206.6825,400,2021-09-16 15:35:00,FFIV
206.57,206.57,206.495,206.495,200,2021-09-16 15:36:00,FFIV
206.57,206.59,206.57,206.59,300,2021-09-16 15:37:00,FFIV
206.64,206.76,206.64,206.65,400,2021-09-16 15:38:00,FFIV
206.68,206.68,206.68,206.68,150,2021-09-16 15:40:00,FFIV
206.63,206.63,206.63,206.63,100,2021-09-16 15:41:00,FFIV
206.62,206.67,206.54,206.65,900,2021-09-16 15:42:00,FFIV
206.63,206.71,206.63,206.71,400,2021-09-16 15:43:00,FFIV
206.8,206.8,206.8,206.8,100,2021-09-16 15:44:00,FFIV
206.62,206.705,206.62,206.705,229,2021-09-16 15:45:00,FFIV
206.6,206.68,206.6,206.68,300,2021-09-16 15:48:00,FFIV
206.71,206.78,206.71,206.75,700,2021-09-16 15:49:00,FFIV
206.725,206.725,206.725,206.725,100,2021-09-16 15:50:00,FFIV
206.68,206.68,206.68,206.68,100,2021-09-16 15:51:00,FFIV
206.675,206.675,206.58,206.61,1200,2021-09-16 15:52:00,FFIV
206.59,206.635,206.59,206.635,200,2021-09-16 15:53:00,FFIV
206.67,206.68,206.67,206.68,600,2021-09-16 15:54:00,FFIV
206.65,206.65,206.65,206.65,141,2021-09-16 15:55:00,FFIV
206.62,206.7,206.62,206.7,603,2021-09-16 15:56:00,FFIV
206.76,206.79,206.655,206.695,1100,2021-09-16 15:57:00,FFIV
206.69,206.69,206.69,206.69,200,2021-09-16 15:59:00,FFIV
206.7,206.72,206.69,206.72,600,2021-09-16 16:00:00,FFIV
206.69,206.69,206.69,206.69,100,2021-09-16 16:01:00,FFIV
206.65,206.655,206.65,206.655,200,2021-09-16 16:02:00,FFIV
206.57,206.63,206.55,206.61,1400,2021-09-16 16:03:00,FFIV
206.635,206.635,206.485,206.54,617,2021-09-16 16:04:00,FFIV
206.555,206.573,206.51,206.51,336,2021-09-16 16:05:00,FFIV
206.6,206.6,206.45,206.54,600,2021-09-16 16:06:00,FFIV
206.6,206.6,206.555,206.555,300,2021-09-16 16:07:00,FFIV
206.6,206.69,206.59,206.61,900,2021-09-16 16:08:00,FFIV
206.63,206.63,206.63,206.63,100,2021-09-16 16:09:00,FFIV
206.6215,206.6215,206.6215,206.6215,181,2021-09-16 16:10:00,FFIV
206.54,206.63,206.5,206.54,600,2021-09-16 16:11:00,FFIV
206.61,206.67,206.61,206.67,500,2021-09-16 16:12:00,FFIV
206.67,206.67,206.67,206.67,200,2021-09-16 16:13:00,FFIV
206.6,206.62,206.48,206.48,600,2021-09-16 16:14:00,FFIV
206.49,206.54,206.49,206.54,700,2021-09-16 16:15:00,FFIV
206.595,206.595,206.59,206.59,300,2021-09-16 16:16:00,FFIV
206.41,206.42,206.41,206.42,300,2021-09-16 16:18:00,FFIV
206.44,206.535,206.44,206.53,1200,2021-09-16 16:19:00,FFIV
206.4975,206.63,206.47,206.63,1745,2021-09-16 16:20:00,FFIV
206.55,206.55,206.55,206.55,200,2021-09-16 16:21:00,FFIV
206.59,206.59,206.58,206.58,200,2021-09-16 16:22:00,FFIV
206.52,206.56,206.52,206.56,200,2021-09-16 16:24:00,FFIV
206.6,206.63,206.6,206.63,300,2021-09-16 16:25:00,FFIV
206.53,206.56,206.46,206.46,300,2021-09-16 16:26:00,FFIV
206.47,206.47,206.47,206.47,100,2021-09-16 16:27:00,FFIV
206.51,206.51,206.51,206.51,100,2021-09-16 16:28:00,FFIV
206.445,206.58,206.445,206.58,1500,2021-09-16 16:29:00,FFIV
206.605,206.64,206.605,206.64,300,2021-09-16 16:30:00,FFIV
206.64,206.64,206.54,206.54,249,2021-09-16 16:31:00,FFIV
206.64,206.66,206.64,206.66,240,2021-09-16 16:32:00,FFIV
206.6575,206.665,206.645,206.66,500,2021-09-16 16:33:00,FFIV
206.65,206.68,206.65,206.68,300,2021-09-16 16:34:00,FFIV
206.68,206.68,206.68,206.68,100,2021-09-16 16:35:00,FFIV
206.72,206.79,206.72,206.79,1106,2021-09-16 16:36:00,FFIV
206.69,206.69,206.69,206.69,100,2021-09-16 16:37:00,FFIV
206.75,206.84,206.72,206.84,1500,2021-09-16 16:40:00,FFIV
206.82,206.82,206.82,206.82,100,2021-09-16 16:42:00,FFIV
206.79,206.86,206.79,206.86,331,2021-09-16 16:43:00,FFIV
206.89,207.01,206.89,207.01,700,2021-09-16 16:44:00,FFIV
207.195,207.195,207.195,207.195,100,2021-09-16 16:46:00,FFIV
207.22,207.22,207.22,207.22,100,2021-09-16 16:48:00,FFIV
207.23,207.26,207.23,207.26,300,2021-09-16 16:50:00,FFIV
207.2,207.235,207.1,207.105,700,2021-09-16 16:51:00,FFIV
207.08,207.18,207.08,207.11,600,2021-09-16 16:53:00,FFIV
207.08,207.15,207.07,207.15,600,2021-09-16 16:55:00,FFIV
207.16,207.44,207.16,207.37,2400,2021-09-16 16:56:00,FFIV
207.2694,207.62,207.2694,207.62,700,2021-09-16 16:57:00,FFIV
207.63,207.63,207.58,207.58,200,2021-09-16 16:58:00,FFIV
207.48,207.52,207.48,207.52,400,2021-09-16 17:00:00,FFIV
207.475,207.475,207.475,207.475,100,2021-09-16 17:01:00,FFIV
207.45,207.54,207.29,207.305,600,2021-09-16 17:02:00,FFIV
207.33,207.335,207.33,207.335,200,2021-09-16 17:03:00,FFIV
207.24,207.34,207.24,207.295,1100,2021-09-16 17:04:00,FFIV
207.165,207.165,207.165,207.165,100,2021-09-16 17:05:00,FFIV
207.24,207.24,207.24,207.24,200,2021-09-16 17:06:00,FFIV
207.12,207.17,207.115,207.17,300,2021-09-16 17:09:00,FFIV
207.17,207.43,207.13,207.31,1900,2021-09-16 17:10:00,FFIV
207.44,207.49,207.43,207.49,400,2021-09-16 17:12:00,FFIV
207.455,207.55,207.455,207.55,808,2021-09-16 17:14:00,FFIV
207.49,207.49,207.49,207.49,100,2021-09-16 17:16:00,FFIV
207.52,207.52,207.52,207.52,100,2021-09-16 17:17:00,FFIV
207.48,207.48,207.48,207.48,200,2021-09-16 17:20:00,FFIV
207.42,207.42,207.42,207.42,100,2021-09-16 17:21:00,FFIV
207.41,207.41,207.41,207.41,100,2021-09-16 17:22:00,FFIV
207.41,207.42,207.41,207.42,200,2021-09-16 17:23:00,FFIV
207.46,207.46,207.46,207.46,100,2021-09-16 17:25:00,FFIV
207.25,207.25,207.25,207.25,200,2021-09-16 17:28:00,FFIV
207.34,207.35,207.34,207.35,200,2021-09-16 17:29:00,FFIV
207.14,207.14,207.09,207.09,300,2021-09-16 17:30:00,FFIV
207.02,207.02,206.99,206.99,200,2021-09-16 17:31:00,FFIV
206.92,207.04,206.92,207.04,200,2021-09-16 17:32:00,FFIV
206.72,206.72,206.72,206.72,100,2021-09-16 17:33:00,FFIV
206.76,206.89,206.76,206.88,1501,2021-09-16 17:35:00,FFIV
206.78,206.78,206.72,206.72,300,2021-09-16 17:38:00,FFIV
206.57,206.68,206.57,206.68,400,2021-09-16 17:39:00,FFIV
206.77,206.77,206.77,206.77,300,2021-09-16 17:40:00,FFIV
206.8,206.8,206.8,206.8,100,2021-09-16 17:42:00,FFIV
206.69,206.69,206.69,206.69,255,2021-09-16 17:44:00,FFIV
206.55,206.58,206.5325,206.565,800,2021-09-16 17:45:00,FFIV
206.64,206.65,206.64,206.65,200,2021-09-16 17:46:00,FFIV
206.73,206.86,206.73,206.82,600,2021-09-16 17:47:00,FFIV
206.75,206.78,206.75,206.78,200,2021-09-16 17:48:00,FFIV
206.96,206.96,206.96,206.96,100,2021-09-16 17:50:00,FFIV
207.0,207.02,207.0,207.02,1092,2021-09-16 17:51:00,FFIV
207.02,207.02,207.02,207.02,100,2021-09-16 17:52:00,FFIV
207.09,207.18,207.09,207.18,400,2021-09-16 17:53:00,FFIV
207.14,207.23,207.11,207.23,1000,2021-09-16 17:55:00,FFIV
207.12,207.18,207.115,207.18,500,2021-09-16 17:56:00,FFIV
207.155,207.155,207.155,207.155,100,2021-09-16 17:57:00,FFIV
207.115,207.275,207.115,207.275,400,2021-09-16 17:58:00,FFIV
207.26,207.26,207.26,207.26,100,2021-09-16 18:00:00,FFIV
207.22,207.38,207.18,207.38,2800,2021-09-16 18:01:00,FFIV
207.35,207.445,207.35,207.355,500,2021-09-16 18:02:00,FFIV
207.36,207.36,207.325,207.325,200,2021-09-16 18:03:00,FFIV
207.245,207.245,207.245,207.245,100,2021-09-16 18:04:00,FFIV
207.23,207.23,207.1,207.1,500,2021-09-16 18:05:00,FFIV
207.07,207.07,207.07,207.07,200,2021-09-16 18:06:00,FFIV
207.085,207.085,207.085,207.085,100,2021-09-16 18:08:00,FFIV
207.14,207.16,207.09,207.13,800,2021-09-16 18:09:00,FFIV
207.16,207.42,207.16,207.42,1300,2021-09-16 18:10:00,FFIV
207.43,207.43,207.43,207.43,100,2021-09-16 18:13:00,FFIV
207.44,207.44,207.31,207.31,200,2021-09-16 18:15:00,FFIV
207.355,207.415,207.355,207.4,800,2021-09-16 18:16:00,FFIV
207.385,207.41,207.37,207.37,1044,2021-09-16 18:18:00,FFIV
207.315,207.315,207.315,207.315,100,2021-09-16 18:19:00,FFIV
207.31,207.47,207.29,207.43,1000,2021-09-16 18:20:00,FFIV
207.31,207.4,207.31,207.4,400,2021-09-16 18:22:00,FFIV
207.29,207.29,207.28,207.28,300,2021-09-16 18:25:00,FFIV
207.26,207.26,207.235,207.235,200,2021-09-16 18:26:00,FFIV
207.22,207.22,207.22,207.22,100,2021-09-16 18:27:00,FFIV
207.2,207.24,207.2,207.22,800,2021-09-16 18:28:00,FFIV
207.15,207.375,207.15,207.375,1467,2021-09-16 18:29:00,FFIV
207.375,207.375,207.375,207.375,100,2021-09-16 18:30:00,FFIV
207.4,207.51,207.4,207.51,600,2021-09-16 18:31:00,FFIV
207.51,207.51,207.51,207.51,100,2021-09-16 18:32:00,FFIV
207.475,207.55,207.4,207.43,700,2021-09-16 18:34:00,FFIV
207.58,207.58,207.58,207.58,300,2021-09-16 18:37:00,FFIV
207.65,207.67,207.635,207.64,400,2021-09-16 18:38:00,FFIV
207.5,207.5,207.42,207.42,200,2021-09-16 18:40:00,FFIV
207.15,207.2,207.15,207.2,400,2021-09-16 18:42:00,FFIV
207.29,207.29,207.29,207.29,100,2021-09-16 18:43:00,FFIV
207.33,207.33,207.33,207.33,300,2021-09-16 18:44:00,FFIV
207.38,207.55,207.38,207.55,700,2021-09-16 18:45:00,FFIV
207.47,207.47,207.47,207.47,100,2021-09-16 18:46:00,FFIV
207.43,207.5191,207.43,207.5191,553,2021-09-16 18:47:00,FFIV
207.42,207.505,207.42,207.505,1100,2021-09-16 18:48:00,FFIV
207.43,207.53,207.43,207.53,300,2021-09-16 18:49:00,FFIV
207.58,207.58,207.58,207.58,300,2021-09-16 18:50:00,FFIV
207.65,207.69,207.65,207.69,400,2021-09-16 18:53:00,FFIV
207.82,207.92,207.8012,207.83,1800,2021-09-16 18:54:00,FFIV
207.91,208.07,207.91,207.95,1400,2021-09-16 18:55:00,FFIV
208.13,208.18,208.13,208.18,742,2021-09-16 18:56:00,FFIV
208.12,208.18,208.02,208.18,900,2021-09-16 18:57:00,FFIV
208.24,208.24,208.2057,208.2057,200,2021-09-16 18:58:00,FFIV
208.24,208.35,208.24,208.335,1000,2021-09-16 18:59:00,FFIV
208.36,208.36,208.36,208.36,100,2021-09-16 19:00:00,FFIV
208.37,208.545,208.37,208.545,865,2021-09-16 19:01:00,FFIV
208.535,208.57,208.535,208.57,400,2021-09-16 19:02:00,FFIV
208.6499,208.6499,208.57,208.57,300,2021-09-16 19:03:00,FFIV
208.73,208.8,208.73,208.8,400,2021-09-16 19:04:00,FFIV
208.8,208.8,208.745,208.745,300,2021-09-16 19:05:00,FFIV
208.8,208.97,208.8,208.97,500,2021-09-16 19:06:00,FFIV
208.935,209.07,208.935,209.07,1000,2021-09-16 19:07:00,FFIV
209.21,209.29,209.16,209.29,950,2021-09-16 19:10:00,FFIV
209.25,209.25,209.2,209.2,450,2021-09-16 19:11:00,FFIV
209.13,209.26,209.1,209.26,1565,2021-09-16 19:12:00,FFIV
209.14,209.14,209.14,209.14,100,2021-09-16 19:13:00,FFIV
209.22,209.22,209.22,209.22,100,2021-09-16 19:14:00,FFIV
209.16,209.24,209.16,209.24,2177,2021-09-16 19:15:00,FFIV
209.17,209.24,209.15,209.15,401,2021-09-16 19:16:00,FFIV
209.155,209.155,209.05,209.08,1400,2021-09-16 19:17:00,FFIV
208.96,209.04,208.81,208.93,2500,2021-09-16 19:18:00,FFIV
208.93,209.04,208.885,208.885,500,2021-09-16 19:19:00,FFIV
208.88,209.07,208.865,209.0,2601,2021-09-16 19:20:00,FFIV
209.02,209.07,208.995,209.065,1637,2021-09-16 19:21:00,FFIV
208.98,209.07,208.98,209.04,900,2021-09-16 19:22:00,FFIV
209.0525,209.07,209.0,209.07,800,2021-09-16 19:23:00,FFIV
209.015,209.015,209.005,209.01,300,2021-09-16 19:24:00,FFIV
209.02,209.03,209.02,209.03,300,2021-09-16 19:25:00,FFIV
208.97,208.9975,208.945,208.945,400,2021-09-16 19:26:00,FFIV
208.96,208.96,208.96,208.96,100,2021-09-16 19:27:00,FFIV
208.945,208.945,208.945,208.945,100,2021-09-16 19:28:00,FFIV
208.78,208.94,208.78,208.88,1500,2021-09-16 19:29:00,FFIV
208.82,209.05,208.82,209.035,1833,2021-09-16 19:30:00,FFIV
209.01,209.16,209.01,209.08,2200,2021-09-16 19:31:00,FFIV
209.08,209.17,209.04,209.1343,1707,2021-09-16 19:32:00,FFIV
209.135,209.135,209.012,209.012,2414,2021-09-16 19:33:00,FFIV
209.08,209.14,209.005,209.005,600,2021-09-16 19:34:00,FFIV
208.94,208.98,208.92,208.92,1100,2021-09-16 19:35:00,FFIV
208.96,209.0,208.93,208.955,1100,2021-09-16 19:36:00,FFIV
208.98,209.05,208.98,209.04,1600,2021-09-16 19:37:00,FFIV
209.05,209.05,208.83,208.83,300,2021-09-16 19:38:00,FFIV
208.75,208.825,208.69,208.825,1800,2021-09-16 19:39:00,FFIV
208.8,208.804,208.7,208.735,1800,2021-09-16 19:40:00,FFIV
208.79,208.82,208.77,208.82,1200,2021-09-16 19:41:00,FFIV
208.79,208.79,208.7,208.7,400,2021-09-16 19:42:00,FFIV
208.595,208.62,208.595,208.62,200,2021-09-16 19:43:00,FFIV
208.61,208.61,208.48,208.48,900,2021-09-16 19:44:00,FFIV
208.51,208.66,208.49,208.66,2100,2021-09-16 19:45:00,FFIV
208.685,208.87,208.64,208.67,2446,2021-09-16 19:46:00,FFIV
208.67,208.78,208.66,208.76,800,2021-09-16 19:47:00,FFIV
208.74,208.92,208.74,208.84,1742,2021-09-16 19:48:00,FFIV
208.94,208.94,208.85,208.85,800,2021-09-16 19:49:00,FFIV
208.82,208.82,208.7,208.77,2477,2021-09-16 19:50:00,FFIV
208.7,208.82,208.7,208.77,2100,2021-09-16 19:51:00,FFIV
208.695,208.77,208.67,208.74,4186,2021-09-16 19:52:00,FFIV
208.68,208.72,208.29,208.38,8844,2021-09-16 19:53:00,FFIV
208.41,208.45,208.09,208.11,7748,2021-09-16 19:54:00,FFIV
208.12,208.24,208.08,208.15,5201,2021-09-16 19:55:00,FFIV
208.11,208.26,208.06,208.26,7502,2021-09-16 19:56:00,FFIV
208.26,208.74,208.21,208.47,8814,2021-09-16 19:57:00,FFIV
208.56,208.61,208.51,208.535,5794,2021-09-16 19:58:00,FFIV
208.535,208.615,208.37,208.52,10857,2021-09-16 19:59:00,FFIV
208.41,208.41,208.41,208.41,75056,2021-09-16 20:00:00,FFIV
208.41,208.41,208.41,208.41,687,2021-09-16 20:01:00,FFIV
206.43,206.43,206.43,206.43,100,2021-09-17 13:25:00,FFIV
206.83,206.83,206.37,206.37,33964,2021-09-17 13:30:00,FFIV
207.8199,207.8199,207.8199,207.8199,100,2021-09-17 13:32:00,FFIV
207.64,207.71,207.3976,207.64,1600,2021-09-17 13:38:00,FFIV
207.52,207.56,207.51,207.56,807,2021-09-17 13:39:00,FFIV
207.61,207.64,207.59,207.64,15000,2021-09-17 13:40:00,FFIV
207.38,207.38,206.9601,206.9601,450,2021-09-17 13:41:00,FFIV
207.11,207.11,207.11,207.11,200,2021-09-17 13:42:00,FFIV
207.08,207.26,206.92,207.26,1500,2021-09-17 13:43:00,FFIV
207.24,207.24,207.13,207.22,600,2021-09-17 13:44:00,FFIV
207.27,207.4,207.27,207.4,400,2021-09-17 13:45:00,FFIV
207.62,207.62,207.62,207.62,100,2021-09-17 13:46:00,FFIV
207.63,207.935,207.63,207.935,200,2021-09-17 13:47:00,FFIV
207.75,207.865,207.74,207.74,300,2021-09-17 13:48:00,FFIV
207.52,207.9213,207.52,207.7,552,2021-09-17 13:49:00,FFIV
207.66,207.66,207.66,207.66,200,2021-09-17 13:51:00,FFIV
207.505,207.825,207.505,207.825,1667,2021-09-17 13:52:00,FFIV
207.75,207.965,207.75,207.965,200,2021-09-17 13:53:00,FFIV
207.895,207.895,207.59,207.68,800,2021-09-17 13:54:00,FFIV
207.73,207.8,207.64,207.8,400,2021-09-17 13:55:00,FFIV
207.7,207.7,207.58,207.58,500,2021-09-17 13:56:00,FFIV
207.6,207.6,207.6,207.6,100,2021-09-17 13:59:00,FFIV
207.79,207.79,207.79,207.79,100,2021-09-17 14:01:00,FFIV
207.62,207.62,207.62,207.62,100,2021-09-17 14:02:00,FFIV
207.595,207.91,207.48,207.91,1900,2021-09-17 14:04:00,FFIV
208.06,208.06,208.06,208.06,100,2021-09-17 14:05:00,FFIV
208.13,208.14,208.06,208.09,400,2021-09-17 14:06:00,FFIV
208.38,208.38,208.38,208.38,100,2021-09-17 14:07:00,FFIV
208.365,208.365,208.29,208.29,200,2021-09-17 14:10:00,FFIV
208.055,208.055,207.94,207.94,200,2021-09-17 14:11:00,FFIV
207.67,207.73,207.67,207.73,600,2021-09-17 14:13:00,FFIV
207.88,207.88,207.88,207.88,100,2021-09-17 14:14:00,FFIV
207.35,207.54,207.34,207.52,700,2021-09-17 14:15:00,FFIV
207.28,207.53,207.28,207.395,500,2021-09-17 14:16:00,FFIV
207.36,207.47,207.34,207.47,500,2021-09-17 14:18:00,FFIV
207.59,207.64,207.59,207.64,300,2021-09-17 14:19:00,FFIV
207.7,207.7,207.679,207.679,1273,2021-09-17 14:20:00,FFIV
207.6156,207.71,207.6156,207.71,268,2021-09-17 14:21:00,FFIV
207.68,207.68,207.55,207.55,500,2021-09-17 14:24:00,FFIV
207.305,207.305,207.305,207.305,100,2021-09-17 14:26:00,FFIV
207.17,207.17,207.16,207.16,200,2021-09-17 14:27:00,FFIV
207.3,207.3,207.3,207.3,100,2021-09-17 14:28:00,FFIV
207.24,207.3,207.24,207.3,731,2021-09-17 14:29:00,FFIV
207.275,207.275,207.275,207.275,100,2021-09-17 14:30:00,FFIV
207.02,207.09,207.02,207.07,700,2021-09-17 14:32:00,FFIV
207.32,207.4,207.32,207.4,800,2021-09-17 14:33:00,FFIV
207.32,207.34,207.31,207.31,500,2021-09-17 14:35:00,FFIV
207.29,207.29,207.15,207.15,500,2021-09-17 14:36:00,FFIV
207.1,207.1,207.1,207.1,100,2021-09-17 14:37:00,FFIV
207.31,207.31,207.17,207.17,700,2021-09-17 14:39:00,FFIV
206.87,206.87,206.87,206.87,100,2021-09-17 14:40:00,FFIV
206.605,206.605,206.605,206.605,100,2021-09-17 14:41:00,FFIV
206.37,206.38,206.37,206.38,200,2021-09-17 14:42:00,FFIV
206.4954,206.4954,206.4954,206.4954,250,2021-09-17 14:43:00,FFIV
206.32,206.32,206.17,206.18,300,2021-09-17 14:44:00,FFIV
205.88,206.13,205.88,206.13,3705,2021-09-17 14:46:00,FFIV
205.99,205.99,205.88,205.89,1032,2021-09-17 14:47:00,FFIV
205.89,205.97,205.88,205.97,2170,2021-09-17 14:48:00,FFIV
205.86,205.86,205.64,205.64,500,2021-09-17 14:49:00,FFIV
205.31,205.38,205.21,205.21,822,2021-09-17 14:50:00,FFIV
205.045,205.2,205.005,205.04,7385,2021-09-17 14:52:00,FFIV
204.94,204.94,204.86,204.86,326,2021-09-17 14:53:00,FFIV
204.8,204.8,204.8,204.8,100,2021-09-17 14:55:00,FFIV
204.72,204.72,204.45,204.515,500,2021-09-17 14:56:00,FFIV
204.47,204.47,204.355,204.355,200,2021-09-17 14:57:00,FFIV
204.41,204.7,204.405,204.565,1615,2021-09-17 14:58:00,FFIV
204.565,205.0,204.565,204.87,2200,2021-09-17 14:59:00,FFIV
204.9,205.03,204.82,205.03,1483,2021-09-17 15:00:00,FFIV
205.16,205.16,205.16,205.16,100,2021-09-17 15:01:00,FFIV
205.15,205.17,205.15,205.17,300,2021-09-17 15:02:00,FFIV
205.09,205.09,205.09,205.09,100,2021-09-17 15:04:00,FFIV
204.93,205.0,204.92,205.0,400,2021-09-17 15:05:00,FFIV
205.0,205.0,204.96,204.985,900,2021-09-17 15:06:00,FFIV
205.0,205.02,205.0,205.02,400,2021-09-17 15:07:00,FFIV
205.14,205.14,205.14,205.14,100,2021-09-17 15:09:00,FFIV
205.005,205.005,205.005,205.005,200,2021-09-17 15:10:00,FFIV
205.03,205.03,204.9696,204.9696,311,2021-09-17 15:11:00,FFIV
205.015,205.03,204.92,205.03,4300,2021-09-17 15:12:00,FFIV
205.2,205.21,205.2,205.21,200,2021-09-17 15:13:00,FFIV
205.42,205.685,205.42,205.685,400,2021-09-17 15:14:00,FFIV
205.7,205.7,205.7,205.7,100,2021-09-17 15:15:00,FFIV
205.64,205.64,205.64,205.64,100,2021-09-17 15:16:00,FFIV
205.565,205.565,205.565,205.565,100,2021-09-17 15:18:00,FFIV
205.615,205.615,205.615,205.615,100,2021-09-17 15:19:00,FFIV
205.48,205.59,205.48,205.59,456,2021-09-17 15:20:00,FFIV
205.52,205.52,205.52,205.52,100,2021-09-17 15:23:00,FFIV
205.59,205.59,205.4,205.4,300,2021-09-17 15:27:00,FFIV
205.27,205.27,205.27,205.27,100,2021-09-17 15:28:00,FFIV
205.0,205.0,205.0,205.0,100,2021-09-17 15:29:00,FFIV
205.01,205.05,205.01,205.05,200,2021-09-17 15:30:00,FFIV
204.87,205.0,204.87,204.97,507,2021-09-17 15:31:00,FFIV
205.0,205.0,205.0,205.0,600,2021-09-17 15:32:00,FFIV
205.02,205.02,205.02,205.02,100,2021-09-17 15:33:00,FFIV
205.12,205.17,205.12,205.17,300,2021-09-17 15:34:00,FFIV
205.13,205.24,205.13,205.24,200,2021-09-17 15:35:00,FFIV
205.19,205.19,205.07,205.07,200,2021-09-17 15:36:00,FFIV
205.3,205.3,205.3,205.3,100,2021-09-17 15:40:00,FFIV
205.3,205.54,205.3,205.54,500,2021-09-17 15:41:00,FFIV
205.13,205.23,205.13,205.23,300,2021-09-17 15:45:00,FFIV
205.065,205.3,204.985,205.27,500,2021-09-17 15:47:00,FFIV
204.9975,205.19,204.995,204.995,356,2021-09-17 15:51:00,FFIV
205.0,205.0,205.0,205.0,100,2021-09-17 15:53:00,FFIV
205.07,205.07,205.07,205.07,100,2021-09-17 15:54:00,FFIV
205.34,205.34,205.34,205.34,100,2021-09-17 15:57:00,FFIV
205.39,205.39,205.39,205.39,100,2021-09-17 15:58:00,FFIV
205.295,205.295,205.295,205.295,100,2021-09-17 15:59:00,FFIV
205.4,205.4,205.4,205.4,100,2021-09-17 16:00:00,FFIV
205.44,205.44,205.44,205.44,100,2021-09-17 16:02:00,FFIV
205.58,205.58,205.58,205.58,100,2021-09-17 16:03:00,FFIV
205.605,205.605,205.605,205.605,100,2021-09-17 16:06:00,FFIV
205.48,205.48,205.48,205.48,100,2021-09-17 16:08:00,FFIV
205.575,205.575,205.575,205.575,100,2021-09-17 16:10:00,FFIV
205.5,205.5,205.5,205.5,100,2021-09-17 16:12:00,FFIV
205.36,205.36,205.36,205.36,100,2021-09-17 16:15:00,FFIV
205.25,205.25,205.25,205.25,100,2021-09-17 16:16:00,FFIV
205.41,205.41,205.37,205.37,200,2021-09-17 16:17:00,FFIV
205.38,205.415,205.38,205.415,300,2021-09-17 16:19:00,FFIV
205.32,205.32,205.32,205.32,100,2021-09-17 16:20:00,FFIV
205.39,205.51,205.39,205.51,300,2021-09-17 16:24:00,FFIV
205.53,205.53,205.47,205.47,200,2021-09-17 16:25:00,FFIV
205.42,205.42,205.4,205.4,300,2021-09-17 16:26:00,FFIV
205.4,205.47,205.4,205.46,700,2021-09-17 16:27:00,FFIV
205.395,205.3975,205.395,205.3975,200,2021-09-17 16:28:00,FFIV
205.4,205.4,205.4,205.4,100,2021-09-17 16:29:00,FFIV
205.4,205.49,205.4,205.44,500,2021-09-17 16:32:00,FFIV
205.44,205.45,205.41,205.45,600,2021-09-17 16:34:00,FFIV
205.39,205.4,205.39,205.4,400,2021-09-17 16:35:00,FFIV
205.49,205.49,205.44,205.46,700,2021-09-17 16:36:00,FFIV
205.4,205.4,205.4,205.4,100,2021-09-17 16:37:00,FFIV
205.4,205.43,205.4,205.43,600,2021-09-17 16:38:00,FFIV
205.51,205.51,205.47,205.47,300,2021-09-17 16:39:00,FFIV
205.48,205.48,205.48,205.48,200,2021-09-17 16:40:00,FFIV
205.54,205.56,205.52,205.52,300,2021-09-17 16:42:00,FFIV
205.52,205.52,205.52,205.52,100,2021-09-17 16:43:00,FFIV
205.5,205.5,205.5,205.5,100,2021-09-17 16:48:00,FFIV
205.73,205.73,205.63,205.63,200,2021-09-17 16:52:00,FFIV
205.62,205.71,205.62,205.71,200,2021-09-17 16:53:00,FFIV
205.58,205.58,205.58,205.58,200,2021-09-17 16:56:00,FFIV
205.55,205.55,205.49,205.49,200,2021-09-17 16:57:00,FFIV
205.51,205.51,205.51,205.51,100,2021-09-17 16:59:00,FFIV
205.46,205.5,205.46,205.5,400,2021-09-17 17:00:00,FFIV
205.4,205.4,205.4,205.4,100,2021-09-17 17:01:00,FFIV
205.4,205.43,205.4,205.42,650,2021-09-17 17:02:00,FFIV
205.4,205.4,205.4,205.4,136,2021-09-17 17:04:00,FFIV
205.46,205.46,205.44,205.46,400,2021-09-17 17:08:00,FFIV
205.47,205.47,205.4,205.41,700,2021-09-17 17:09:00,FFIV
205.49,205.49,205.48,205.49,300,2021-09-17 17:10:00,FFIV
205.5,205.54,205.49,205.49,600,2021-09-17 17:11:00,FFIV
205.45,205.45,205.43,205.43,200,2021-09-17 17:12:00,FFIV
205.4,205.45,205.35,205.4,1400,2021-09-17 17:13:00,FFIV
205.54,205.5475,205.5,205.5475,400,2021-09-17 17:14:00,FFIV
205.47,205.55,205.47,205.55,300,2021-09-17 17:15:00,FFIV
205.56,205.56,205.56,205.56,100,2021-09-17 17:16:00,FFIV
205.54,205.54,205.54,205.54,100,2021-09-17 17:17:00,FFIV
205.41,205.41,205.4,205.4,300,2021-09-17 17:19:00,FFIV
205.4,205.435,205.4,205.4014,400,2021-09-17 17:20:00,FFIV
205.4,205.54,205.38,205.54,700,2021-09-17 17:21:00,FFIV
205.49,205.49,205.47,205.47,400,2021-09-17 17:22:00,FFIV
205.435,205.435,205.395,205.395,1100,2021-09-17 17:24:00,FFIV
205.37,205.4,205.36,205.4,700,2021-09-17 17:25:00,FFIV
205.48,205.54,205.48,205.54,800,2021-09-17 17:26:00,FFIV
205.73,205.73,205.73,205.73,100,2021-09-17 17:28:00,FFIV
205.74,205.74,205.74,205.74,100,2021-09-17 17:29:00,FFIV
205.755,205.8025,205.755,205.8025,500,2021-09-17 17:31:00,FFIV
205.74,205.8,205.73,205.8,400,2021-09-17 17:32:00,FFIV
205.78,205.84,205.78,205.84,200,2021-09-17 17:33:00,FFIV
205.79,205.79,205.79,205.79,100,2021-09-17 17:34:00,FFIV
205.9,205.9,205.9,205.9,100,2021-09-17 17:35:00,FFIV
205.92,205.92,205.92,205.92,100,2021-09-17 17:37:00,FFIV
205.88,205.88,205.88,205.88,100,2021-09-17 17:38:00,FFIV
205.8,205.855,205.8,205.855,200,2021-09-17 17:43:00,FFIV
205.78,205.78,205.78,205.78,100,2021-09-17 17:44:00,FFIV
205.71,205.71,205.71,205.71,100,2021-09-17 17:45:00,FFIV
205.64,205.64,205.64,205.64,100,2021-09-17 17:46:00,FFIV
205.69,205.69,205.68,205.68,500,2021-09-17 17:47:00,FFIV
205.51,205.535,205.51,205.535,200,2021-09-17 17:49:00,FFIV
205.48,205.48,205.48,205.48,100,2021-09-17 17:50:00,FFIV
205.4,205.415,205.4,205.415,200,2021-09-17 17:51:00,FFIV
205.4944,205.4944,205.37,205.37,407,2021-09-17 17:52:00,FFIV
205.59,205.59,205.59,205.59,100,2021-09-17 17:54:00,FFIV
205.55,205.55,205.55,205.55,105,2021-09-17 17:56:00,FFIV
205.48,205.48,205.48,205.48,100,2021-09-17 17:58:00,FFIV
205.58,205.58,205.58,205.58,100,2021-09-17 18:00:00,FFIV
205.55,205.64,205.49,205.64,800,2021-09-17 18:01:00,FFIV
205.6,205.6,205.6,205.6,100,2021-09-17 18:02:00,FFIV
205.47,205.47,205.37,205.45,500,2021-09-17 18:03:00,FFIV
205.4,205.45,205.4,205.45,200,2021-09-17 18:04:00,FFIV
205.48,205.51,205.48,205.51,300,2021-09-17 18:06:00,FFIV
205.51,205.51,205.51,205.51,100,2021-09-17 18:07:00,FFIV
205.45,205.51,205.45,205.51,200,2021-09-17 18:08:00,FFIV
205.52,205.52,205.37,205.48,4178,2021-09-17 18:09:00,FFIV
205.4,205.5,205.4,205.5,600,2021-09-17 18:11:00,FFIV
205.4,205.42,205.38,205.42,600,2021-09-17 18:15:00,FFIV
205.4,205.58,205.4,205.49,500,2021-09-17 18:16:00,FFIV
205.4,205.42,205.33,205.41,3414,2021-09-17 18:17:00,FFIV
205.3688,205.46,205.3688,205.46,211,2021-09-17 18:18:00,FFIV
205.405,205.405,205.36,205.395,1100,2021-09-17 18:19:00,FFIV
205.3975,205.46,205.3975,205.46,200,2021-09-17 18:20:00,FFIV
205.53,205.54,205.53,205.54,400,2021-09-17 18:22:00,FFIV
205.48,205.48,205.35,205.385,817,2021-09-17 18:27:00,FFIV
205.42,205.52,205.42,205.52,300,2021-09-17 18:28:00,FFIV
205.505,205.505,205.505,205.505,150,2021-09-17 18:29:00,FFIV
205.45,205.47,205.45,205.47,300,2021-09-17 18:33:00,FFIV
205.4284,205.4284,205.4284,205.4284,100,2021-09-17 18:34:00,FFIV
205.415,205.5,205.41,205.5,500,2021-09-17 18:35:00,FFIV
205.54,205.54,205.54,205.54,100,2021-09-17 18:36:00,FFIV
205.525,205.545,205.525,205.545,200,2021-09-17 18:37:00,FFIV
205.51,205.51,205.51,205.51,200,2021-09-17 18:38:00,FFIV
205.64,205.66,205.58,205.58,300,2021-09-17 18:41:00,FFIV
205.735,205.77,205.735,205.77,300,2021-09-17 18:42:00,FFIV
205.72,205.82,205.71,205.82,400,2021-09-17 18:43:00,FFIV
205.7315,205.7315,205.7315,205.7315,345,2021-09-17 18:44:00,FFIV
205.79,205.79,205.79,205.79,100,2021-09-17 18:46:00,FFIV
205.9,205.91,205.9,205.91,200,2021-09-17 18:49:00,FFIV
205.85,205.85,205.71,205.71,200,2021-09-17 18:51:00,FFIV
205.75,205.75,205.75,205.75,100,2021-09-17 18:52:00,FFIV
205.76,205.76,205.76,205.76,100,2021-09-17 18:53:00,FFIV
205.74,205.74,205.74,205.74,100,2021-09-17 18:54:00,FFIV
205.92,205.92,205.87,205.89,500,2021-09-17 18:56:00,FFIV
205.84,205.84,205.84,205.84,100,2021-09-17 18:57:00,FFIV
205.91,205.91,205.91,205.91,300,2021-09-17 19:00:00,FFIV
205.92,205.93,205.92,205.93,200,2021-09-17 19:01:00,FFIV
206.02,206.02,206.0,206.01,300,2021-09-17 19:05:00,FFIV
205.9,205.9,205.9,205.9,100,2021-09-17 19:06:00,FFIV
205.78,205.78,205.78,205.78,100,2021-09-17 19:08:00,FFIV
205.86,205.86,205.86,205.86,100,2021-09-17 19:09:00,FFIV
205.86,205.87,205.86,205.86,700,2021-09-17 19:11:00,FFIV
205.78,205.78,205.73,205.78,1100,2021-09-17 19:12:00,FFIV
205.82,205.82,205.81,205.81,500,2021-09-17 19:14:00,FFIV
205.81,205.81,205.81,205.81,100,2021-09-17 19:15:00,FFIV
205.75,205.795,205.75,205.795,200,2021-09-17 19:16:00,FFIV
205.81,205.81,205.81,205.81,100,2021-09-17 19:17:00,FFIV
205.72,205.72,205.4,205.53,1400,2021-09-17 19:18:00,FFIV
205.56,205.56,205.4,205.4004,1200,2021-09-17 19:19:00,FFIV
205.4101,205.73,205.4101,205.73,700,2021-09-17 19:20:00,FFIV
205.6,205.62,205.58,205.62,500,2021-09-17 19:22:00,FFIV
205.63,205.63,205.63,205.63,100,2021-09-17 19:24:00,FFIV
205.57,205.57,205.41,205.415,400,2021-09-17 19:25:00,FFIV
205.4,205.48,205.4,205.48,400,2021-09-17 19:26:00,FFIV
205.5,205.55,205.43,205.55,400,2021-09-17 19:27:00,FFIV
205.47,205.5,205.4,205.5,1600,2021-09-17 19:28:00,FFIV
205.42,205.42,205.4,205.4,400,2021-09-17 19:29:00,FFIV
205.51,205.51,205.51,205.51,117,2021-09-17 19:30:00,FFIV
205.4,205.4,205.38,205.38,600,2021-09-17 19:31:00,FFIV
205.4,205.48,205.37,205.48,600,2021-09-17 19:32:00,FFIV
205.52,205.52,205.4,205.4,500,2021-09-17 19:33:00,FFIV
205.59,205.59,205.59,205.59,200,2021-09-17 19:34:00,FFIV
205.575,205.575,205.575,205.575,100,2021-09-17 19:35:00,FFIV
205.4,205.44,205.36,205.44,1700,2021-09-17 19:36:00,FFIV
205.4,205.63,205.37,205.57,1900,2021-09-17 19:37:00,FFIV
205.475,205.475,205.395,205.45,1669,2021-09-17 19:39:00,FFIV
205.53,205.63,205.53,205.63,400,2021-09-17 19:40:00,FFIV
205.6,205.6,205.6,205.6,200,2021-09-17 19:41:00,FFIV
205.62,205.62,205.59,205.59,300,2021-09-17 19:42:00,FFIV
205.54,205.72,205.54,205.69,1250,2021-09-17 19:43:00,FFIV
205.78,205.89,205.78,205.89,400,2021-09-17 19:44:00,FFIV
205.9,205.97,205.71,205.71,600,2021-09-17 19:45:00,FFIV
205.66,205.66,205.48,205.48,300,2021-09-17 19:46:00,FFIV
205.45,205.59,205.38,205.59,2064,2021-09-17 19:47:00,FFIV
205.58,205.58,205.32,205.4,2100,2021-09-17 19:48:00,FFIV
205.4,205.52,205.39,205.43,1300,2021-09-17 19:49:00,FFIV
205.35,205.36,203.89,204.47,11825,2021-09-17 19:50:00,FFIV
204.36,204.5,204.36,204.475,1004,2021-09-17 19:51:00,FFIV
204.46,204.51,204.32,204.41,2770,2021-09-17 19:52:00,FFIV
204.44,204.56,204.26,204.38,3705,2021-09-17 19:53:00,FFIV
204.345,204.52,204.3,204.37,3662,2021-09-17 19:54:00,FFIV
204.37,204.57,204.3201,204.325,2533,2021-09-17 19:55:00,FFIV
204.315,204.675,204.315,204.54,5171,2021-09-17 19:56:00,FFIV
204.47,204.595,204.47,204.575,5082,2021-09-17 19:57:00,FFIV
204.57,204.71,204.528,204.53,10119,2021-09-17 19:58:00,FFIV
204.52,204.58,204.39,204.58,12260,2021-09-17 19:59:00,FFIV
204.58,204.58,204.58,204.58,221494,2021-09-17 20:00:00,FFIV
204.58,204.58,204.58,204.58,74549,2021-09-17 20:02:00,FFIV
204.58,204.58,204.58,204.58,827,2021-09-17 20:04:00,FFIV
204.58,204.58,204.58,204.58,1980,2021-09-17 20:05:00,FFIV
204.58,204.58,204.58,204.58,2243,2021-09-17 20:06:00,FFIV
204.58,204.58,204.58,204.58,107,2021-09-17 20:07:00,FFIV
204.5775,204.5775,204.5775,204.5775,329,2021-09-17 20:20:00,FFIV
204.58,204.58,204.58,204.58,456,2021-09-20 13:13:00,FFIV
201.64,202.18,201.35,201.35,6024,2021-09-20 13:30:00,FFIV
202.44,202.44,202.44,202.44,100,2021-09-20 13:34:00,FFIV
202.36,202.41,202.01,202.19,700,2021-09-20 13:35:00,FFIV
202.45,202.45,202.45,202.45,100,2021-09-20 13:36:00,FFIV
202.4799,202.4799,202.45,202.45,200,2021-09-20 13:37:00,FFIV
201.85,201.85,201.62,201.62,843,2021-09-20 13:38:00,FFIV
201.83,202.12,201.83,201.84,300,2021-09-20 13:40:00,FFIV
202.12,202.12,202.08,202.08,200,2021-09-20 13:43:00,FFIV
202.21,202.21,202.21,202.21,100,2021-09-20 13:44:00,FFIV
202.12,202.12,202.12,202.12,200,2021-09-20 13:46:00,FFIV
201.92,201.92,201.54,201.54,600,2021-09-20 13:47:00,FFIV
201.4728,201.4728,201.4728,201.4728,100,2021-09-20 13:48:00,FFIV
201.49,201.49,201.32,201.33,500,2021-09-20 13:50:00,FFIV
201.17,201.3,201.01,201.3,400,2021-09-20 13:51:00,FFIV
201.37,201.37,201.37,201.37,100,2021-09-20 13:52:00,FFIV
201.19,201.19,201.1,201.1,1558,2021-09-20 13:53:00,FFIV
201.39,201.83,201.39,201.83,511,2021-09-20 13:54:00,FFIV
201.985,201.985,201.985,201.985,100,2021-09-20 13:55:00,FFIV
202.14,202.14,201.82,201.88,618,2021-09-20 13:56:00,FFIV
201.65,201.65,201.64,201.64,200,2021-09-20 13:58:00,FFIV
201.76,201.76,201.76,201.76,100,2021-09-20 13:59:00,FFIV
201.65,201.65,201.46,201.46,300,2021-09-20 14:00:00,FFIV
201.67,201.67,201.44,201.44,300,2021-09-20 14:01:00,FFIV
201.22,201.22,201.0,201.0,400,2021-09-20 14:04:00,FFIV
200.94,201.23,200.94,201.23,400,2021-09-20 14:05:00,FFIV
201.45,201.665,201.45,201.66,400,2021-09-20 14:06:00,FFIV
201.65,201.65,201.65,201.65,102,2021-09-20 14:07:00,FFIV
201.59,201.59,200.84,200.89,700,2021-09-20 14:08:00,FFIV
200.95,201.075,200.494,200.494,436,2021-09-20 14:10:00,FFIV
200.76,200.87,200.23,200.85,17909,2021-09-20 14:11:00,FFIV
200.87,200.9,200.85,200.86,1700,2021-09-20 14:12:00,FFIV
201.0,201.0,201.0,201.0,100,2021-09-20 14:13:00,FFIV
200.87,200.87,200.87,200.87,800,2021-09-20 14:14:00,FFIV
200.88,200.995,200.87,200.89,900,2021-09-20 14:15:00,FFIV
201.06,201.16,201.03,201.16,400,2021-09-20 14:16:00,FFIV
201.3,201.3,201.3,201.3,100,2021-09-20 14:17:00,FFIV
201.11,201.14,201.11,201.14,200,2021-09-20 14:18:00,FFIV
200.83,200.9,200.7,200.83,1000,2021-09-20 14:21:00,FFIV
200.87,200.955,200.85,200.955,300,2021-09-20 14:23:00,FFIV
201.19,201.19,201.18,201.18,300,2021-09-20 14:24:00,FFIV
200.96,200.96,200.94,200.94,200,2021-09-20 14:25:00,FFIV
201.23,201.28,201.0,201.0,748,2021-09-20 14:26:00,FFIV
201.255,201.36,201.04,201.36,2500,2021-09-20 14:27:00,FFIV
201.43,201.43,201.43,201.43,100,2021-09-20 14:28:00,FFIV
201.15,201.31,201.0,201.31,400,2021-09-20 14:30:00,FFIV
200.98,201.1,200.98,201.1,200,2021-09-20 14:34:00,FFIV
201.58,201.93,201.58,201.93,600,2021-09-20 14:37:00,FFIV
202.0,202.0,201.9945,201.9945,250,2021-09-20 14:38:00,FFIV
202.015,202.05,202.015,202.05,222,2021-09-20 14:39:00,FFIV
201.92,201.92,201.92,201.92,100,2021-09-20 14:40:00,FFIV
201.66,201.66,201.66,201.66,100,2021-09-20 14:41:00,FFIV
201.84,201.84,201.84,201.84,100,2021-09-20 14:43:00,FFIV
201.73,201.73,201.73,201.73,100,2021-09-20 14:44:00,FFIV
201.72,201.72,201.72,201.72,200,2021-09-20 14:45:00,FFIV
201.63,201.73,201.63,201.73,300,2021-09-20 14:46:00,FFIV
201.85,201.96,201.85,201.92,400,2021-09-20 14:48:00,FFIV
202.25,202.25,202.25,202.25,100,2021-09-20 14:49:00,FFIV
202.03,202.03,202.0173,202.0173,620,2021-09-20 14:50:00,FFIV
201.83,201.83,201.77,201.77,1500,2021-09-20 14:52:00,FFIV
201.83,202.02,201.72,202.02,300,2021-09-20 14:53:00,FFIV
202.08,202.1,202.08,202.1,200,2021-09-20 14:55:00,FFIV
201.95,202.03,201.94,202.03,400,2021-09-20 14:58:00,FFIV
201.96,201.96,201.82,201.82,900,2021-09-20 15:02:00,FFIV
201.81,201.93,201.81,201.93,300,2021-09-20 15:03:00,FFIV
202.06,202.27,202.06,202.27,400,2021-09-20 15:04:00,FFIV
202.43,202.43,202.43,202.43,100,2021-09-20 15:05:00,FFIV
202.38,202.38,202.37,202.37,200,2021-09-20 15:06:00,FFIV
202.28,202.28,202.2419,202.2419,250,2021-09-20 15:09:00,FFIV
202.09,202.14,202.09,202.14,200,2021-09-20 15:11:00,FFIV
202.35,202.42,202.35,202.4,450,2021-09-20 15:15:00,FFIV
202.36,202.43,202.36,202.43,200,2021-09-20 15:16:00,FFIV
202.33,202.33,202.33,202.33,100,2021-09-20 15:17:00,FFIV
202.48,202.52,202.48,202.49,300,2021-09-20 15:18:00,FFIV
202.6017,202.6017,202.51,202.51,200,2021-09-20 15:20:00,FFIV
202.65,202.65,202.41,202.41,300,2021-09-20 15:21:00,FFIV
202.43,202.43,202.43,202.43,200,2021-09-20 15:24:00,FFIV
202.43,202.48,202.43,202.48,300,2021-09-20 15:25:00,FFIV
202.66,202.66,202.66,202.66,100,2021-09-20 15:26:00,FFIV
202.57,202.57,202.49,202.49,300,2021-09-20 15:27:00,FFIV
202.48,202.48,202.48,202.48,100,2021-09-20 15:28:00,FFIV
202.65,202.69,202.65,202.69,300,2021-09-20 15:29:00,FFIV
202.72,202.72,202.55,202.55,400,2021-09-20 15:30:00,FFIV
202.56,202.67,202.56,202.67,1300,2021-09-20 15:31:00,FFIV
202.6,202.64,202.44,202.64,1400,2021-09-20 15:34:00,FFIV
202.64,202.65,202.64,202.65,200,2021-09-20 15:36:00,FFIV
202.69,202.74,202.69,202.74,200,2021-09-20 15:38:00,FFIV
202.75,202.75,202.75,202.75,200,2021-09-20 15:39:00,FFIV
202.9,202.9,202.9,202.9,100,2021-09-20 15:40:00,FFIV
202.93,202.93,202.93,202.93,200,2021-09-20 15:41:00,FFIV
202.87,202.87,202.77,202.77,300,2021-09-20 15:42:00,FFIV
202.855,202.855,202.855,202.855,229,2021-09-20 15:43:00,FFIV
202.71,202.86,202.7,202.86,600,2021-09-20 15:45:00,FFIV
202.81,202.81,202.81,202.81,100,2021-09-20 15:46:00,FFIV
202.86,202.86,202.86,202.86,100,2021-09-20 15:49:00,FFIV
202.745,202.745,202.7,202.7,300,2021-09-20 15:50:00,FFIV
202.7,202.7,202.56,202.635,1300,2021-09-20 15:51:00,FFIV
202.53,202.63,202.53,202.61,400,2021-09-20 15:52:00,FFIV
202.63,202.815,202.63,202.815,200,2021-09-20 15:53:00,FFIV
202.615,202.615,202.615,202.615,100,2021-09-20 15:54:00,FFIV
202.61,202.6125,202.48,202.58,900,2021-09-20 15:55:00,FFIV
202.6,202.6,202.59,202.6,900,2021-09-20 15:56:00,FFIV
202.53,202.53,202.53,202.53,100,2021-09-20 15:57:00,FFIV
201.79,201.79,201.59,201.59,300,2021-09-20 16:01:00,FFIV
200.93,200.93,200.88,200.92,850,2021-09-20 16:05:00,FFIV
200.74,200.74,200.74,200.74,200,2021-09-20 16:06:00,FFIV
200.7,200.83,200.68,200.83,700,2021-09-20 16:07:00,FFIV
200.7727,200.7727,200.69,200.69,200,2021-09-20 16:08:00,FFIV
200.6,200.6,200.425,200.425,500,2021-09-20 16:09:00,FFIV
200.61,200.61,200.61,200.61,100,2021-09-20 16:11:00,FFIV
200.69,200.725,200.69,200.725,400,2021-09-20 16:13:00,FFIV
200.8,200.8,200.8,200.8,200,2021-09-20 16:14:00,FFIV
200.66,200.66,200.66,200.66,200,2021-09-20 16:15:00,FFIV
200.73,200.81,200.625,200.81,400,2021-09-20 16:17:00,FFIV
200.89,200.89,200.69,200.69,400,2021-09-20 16:18:00,FFIV
200.72,200.72,200.65,200.67,400,2021-09-20 16:19:00,FFIV
200.65,200.65,200.61,200.61,646,2021-09-20 16:20:00,FFIV
200.455,200.455,200.44,200.44,200,2021-09-20 16:21:00,FFIV
200.435,200.5,200.435,200.475,300,2021-09-20 16:22:00,FFIV
200.52,200.71,200.52,200.71,700,2021-09-20 16:23:00,FFIV
200.7,200.7,200.7,200.7,288,2021-09-20 16:25:00,FFIV
200.815,200.815,200.815,200.815,100,2021-09-20 16:26:00,FFIV
200.89,200.89,200.77,200.77,200,2021-09-20 16:27:00,FFIV
200.96,200.96,200.95,200.95,200,2021-09-20 16:28:00,FFIV
200.97,201.06,200.97,201.06,200,2021-09-20 16:29:00,FFIV
200.91,200.91,200.91,200.91,100,2021-09-20 16:31:00,FFIV
201.17,201.28,201.17,201.28,200,2021-09-20 16:32:00,FFIV
201.44,201.44,201.205,201.205,758,2021-09-20 16:33:00,FFIV
201.09,201.09,201.09,201.09,100,2021-09-20 16:34:00,FFIV
201.38,201.38,201.38,201.38,200,2021-09-20 16:37:00,FFIV
201.14,201.19,201.11,201.19,700,2021-09-20 16:39:00,FFIV
201.2,201.23,201.15,201.15,400,2021-09-20 16:40:00,FFIV
201.16,201.16,201.0,201.0,200,2021-09-20 16:42:00,FFIV
201.03,201.03,201.03,201.03,100,2021-09-20 16:44:00,FFIV
200.77,200.77,200.76,200.76,200,2021-09-20 16:45:00,FFIV
200.87,200.87,200.85,200.86,700,2021-09-20 16:46:00,FFIV
201.14,201.14,201.13,201.13,300,2021-09-20 16:49:00,FFIV
201.03,201.03,201.03,201.03,100,2021-09-20 16:50:00,FFIV
200.96,200.97,200.96,200.97,300,2021-09-20 16:53:00,FFIV
201.05,201.05,200.92,200.97,1373,2021-09-20 16:55:00,FFIV
200.97,201.04,200.97,201.04,200,2021-09-20 16:57:00,FFIV
200.82,200.82,200.82,200.82,100,2021-09-20 16:58:00,FFIV
200.97,200.97,200.92,200.92,400,2021-09-20 17:00:00,FFIV
200.91,200.91,200.91,200.91,100,2021-09-20 17:01:00,FFIV
200.7962,200.82,200.755,200.755,300,2021-09-20 17:02:00,FFIV
200.78,200.78,200.63,200.63,507,2021-09-20 17:03:00,FFIV
200.6,200.6,200.58,200.58,200,2021-09-20 17:04:00,FFIV
200.45,200.5,200.45,200.485,300,2021-09-20 17:05:00,FFIV
200.5,200.54,200.45,200.48,1100,2021-09-20 17:07:00,FFIV
200.41,200.45,200.41,200.45,280,2021-09-20 17:08:00,FFIV
200.44,200.45,200.44,200.45,300,2021-09-20 17:09:00,FFIV
200.77,200.77,200.76,200.76,200,2021-09-20 17:11:00,FFIV
200.77,200.77,200.71,200.71,327,2021-09-20 17:12:00,FFIV
200.69,200.8,200.69,200.8,300,2021-09-20 17:14:00,FFIV
200.84,200.84,200.69,200.69,312,2021-09-20 17:17:00,FFIV
200.8,200.8,200.8,200.8,100,2021-09-20 17:18:00,FFIV
201.09,201.1,201.09,201.1,300,2021-09-20 17:21:00,FFIV
201.17,201.17,201.03,201.04,300,2021-09-20 17:22:00,FFIV
201.13,201.13,201.13,201.13,300,2021-09-20 17:24:00,FFIV
201.12,201.12,201.095,201.095,500,2021-09-20 17:25:00,FFIV
201.16,201.2,201.16,201.2,250,2021-09-20 17:27:00,FFIV
201.12,201.13,201.03,201.13,800,2021-09-20 17:30:00,FFIV
201.1,201.1,201.02,201.02,200,2021-09-20 17:32:00,FFIV
200.91,200.91,200.91,200.91,100,2021-09-20 17:33:00,FFIV
200.97,200.97,200.97,200.97,100,2021-09-20 17:35:00,FFIV
200.785,200.87,200.785,200.87,600,2021-09-20 17:36:00,FFIV
200.84,200.89,200.84,200.89,200,2021-09-20 17:37:00,FFIV
200.97,200.97,200.97,200.97,100,2021-09-20 17:39:00,FFIV
201.0638,201.0638,201.0638,201.0638,348,2021-09-20 17:40:00,FFIV
201.13,201.13,201.13,201.13,350,2021-09-20 17:41:00,FFIV
201.11,201.16,201.1,201.16,500,2021-09-20 17:43:00,FFIV
200.96,200.96,200.945,200.945,200,2021-09-20 17:44:00,FFIV
200.95,200.95,200.95,200.95,100,2021-09-20 17:46:00,FFIV
201.12,201.19,201.07,201.07,1000,2021-09-20 17:48:00,FFIV
201.06,201.06,201.02,201.02,200,2021-09-20 17:49:00,FFIV
201.11,201.11,201.06,201.06,300,2021-09-20 17:50:00,FFIV
201.11,201.11,201.11,201.11,100,2021-09-20 17:52:00,FFIV
201.19,201.19,201.19,201.19,100,2021-09-20 17:55:00,FFIV
201.25,201.25,201.25,201.25,100,2021-09-20 17:56:00,FFIV
201.27,201.28,201.14,201.14,1100,2021-09-20 17:57:00,FFIV
201.17,201.17,201.17,201.17,100,2021-09-20 17:59:00,FFIV
201.27,201.33,201.26,201.26,500,2021-09-20 18:00:00,FFIV
201.26,201.26,201.26,201.26,100,2021-09-20 18:01:00,FFIV
201.46,201.46,201.36,201.36,200,2021-09-20 18:02:00,FFIV
201.36,201.3924,201.36,201.3924,200,2021-09-20 18:03:00,FFIV
201.5,201.61,201.42,201.42,400,2021-09-20 18:04:00,FFIV
201.44,201.44,201.36,201.36,300,2021-09-20 18:05:00,FFIV
201.23,201.26,201.17,201.19,600,2021-09-20 18:06:00,FFIV
201.14,201.14,201.14,201.14,100,2021-09-20 18:07:00,FFIV
200.88,200.88,200.88,200.88,100,2021-09-20 18:08:00,FFIV
200.83,200.864,200.73,200.73,418,2021-09-20 18:09:00,FFIV
200.45,200.45,200.45,200.45,100,2021-09-20 18:12:00,FFIV
200.45,200.45,200.43,200.43,200,2021-09-20 18:13:00,FFIV
200.48,200.48,200.48,200.48,200,2021-09-20 18:14:00,FFIV
200.33,200.33,200.33,200.33,100,2021-09-20 18:15:00,FFIV
200.37,200.37,200.37,200.37,200,2021-09-20 18:16:00,FFIV
200.4,200.45,200.4,200.4,300,2021-09-20 18:17:00,FFIV
200.47,200.47,200.47,200.47,100,2021-09-20 18:19:00,FFIV
200.5,200.5,200.35,200.35,337,2021-09-20 18:20:00,FFIV
200.45,200.45,200.31,200.31,200,2021-09-20 18:21:00,FFIV
200.19,200.19,200.13,200.13,200,2021-09-20 18:23:00,FFIV
200.07,200.1,200.07,200.09,400,2021-09-20 18:24:00,FFIV
200.0456,200.0456,200.0456,200.0456,250,2021-09-20 18:25:00,FFIV
200.05,200.05,199.79,199.79,800,2021-09-20 18:27:00,FFIV
199.8445,199.8445,199.8445,199.8445,102,2021-09-20 18:28:00,FFIV
199.94,200.0,199.94,200.0,400,2021-09-20 18:29:00,FFIV
199.98,200.03,199.98,200.03,200,2021-09-20 18:30:00,FFIV
200.12,200.12,200.0,200.05,1100,2021-09-20 18:34:00,FFIV
199.95,199.95,199.88,199.89,600,2021-09-20 18:36:00,FFIV
199.89,199.89,199.89,199.89,100,2021-09-20 18:37:00,FFIV
199.82,199.95,199.82,199.855,400,2021-09-20 18:38:00,FFIV
199.91,199.98,199.89,199.89,400,2021-09-20 18:39:00,FFIV
199.98,200.195,199.98,200.195,888,2021-09-20 18:40:00,FFIV
200.15,200.15,200.15,200.15,100,2021-09-20 18:41:00,FFIV
200.13,200.13,200.13,200.13,100,2021-09-20 18:42:00,FFIV
200.18,200.18,200.17,200.17,400,2021-09-20 18:43:00,FFIV
200.09,200.09,200.02,200.02,300,2021-09-20 18:44:00,FFIV
200.14,200.27,200.14,200.27,1700,2021-09-20 18:45:00,FFIV
200.315,200.65,200.315,200.581,1100,2021-09-20 18:46:00,FFIV
200.77,200.77,200.725,200.725,400,2021-09-20 18:47:00,FFIV
200.63,200.685,200.62,200.62,400,2021-09-20 18:48:00,FFIV
200.53,200.535,200.53,200.535,200,2021-09-20 18:50:00,FFIV
200.565,200.565,200.565,200.565,100,2021-09-20 18:52:00,FFIV
200.71,200.71,200.49,200.49,400,2021-09-20 18:53:00,FFIV
200.49,200.49,200.29,200.29,600,2021-09-20 18:54:00,FFIV
200.33,200.33,200.16,200.16,1000,2021-09-20 18:55:00,FFIV
200.04,200.095,199.97,200.095,500,2021-09-20 18:56:00,FFIV
200.105,200.105,200.105,200.105,100,2021-09-20 18:57:00,FFIV
200.34,200.34,200.34,200.34,100,2021-09-20 18:58:00,FFIV
200.28,200.29,200.16,200.16,400,2021-09-20 19:00:00,FFIV
200.19,200.19,200.15,200.16,400,2021-09-20 19:01:00,FFIV
200.235,200.4699,200.21,200.242,773,2021-09-20 19:02:00,FFIV
200.08,200.08,200.08,200.08,100,2021-09-20 19:03:00,FFIV
200.08,200.08,200.08,200.08,100,2021-09-20 19:04:00,FFIV
200.13,200.145,200.13,200.145,400,2021-09-20 19:05:00,FFIV
200.06,200.06,199.93,199.93,800,2021-09-20 19:06:00,FFIV
199.835,199.93,199.835,199.93,400,2021-09-20 19:09:00,FFIV
200.05,200.05,199.94,199.94,500,2021-09-20 19:10:00,FFIV
199.86,199.86,199.86,199.86,250,2021-09-20 19:11:00,FFIV
199.7,199.72,199.7,199.72,200,2021-09-20 19:13:00,FFIV
199.63,199.63,199.63,199.63,100,2021-09-20 19:14:00,FFIV
199.77,199.77,199.745,199.745,400,2021-09-20 19:15:00,FFIV
199.65,199.65,199.41,199.41,1400,2021-09-20 19:16:00,FFIV
199.27,199.27,199.27,199.27,100,2021-09-20 19:17:00,FFIV
199.34,199.34,199.34,199.34,100,2021-09-20 19:18:00,FFIV
199.32,199.515,199.32,199.515,800,2021-09-20 19:20:00,FFIV
199.6,199.6425,199.6,199.6425,300,2021-09-20 19:21:00,FFIV
199.57,199.57,199.53,199.53,343,2021-09-20 19:23:00,FFIV
199.625,199.625,199.625,199.625,200,2021-09-20 19:24:00,FFIV
199.73,199.81,199.68,199.68,500,2021-09-20 19:25:00,FFIV
199.89,199.89,199.89,199.89,100,2021-09-20 19:26:00,FFIV
199.93,199.93,199.82,199.82,600,2021-09-20 19:27:00,FFIV
199.92,200.17,199.92,200.17,500,2021-09-20 19:28:00,FFIV
200.16,200.16,200.16,200.16,100,2021-09-20 19:29:00,FFIV
200.11,200.2,200.02,200.02,1000,2021-09-20 19:30:00,FFIV
200.14,200.14,200.05,200.05,500,2021-09-20 19:31:00,FFIV
200.3,200.3,200.3,200.3,100,2021-09-20 19:32:00,FFIV
200.28,200.31,200.22,200.31,804,2021-09-20 19:34:00,FFIV
200.36,200.46,200.36,200.46,600,2021-09-20 19:35:00,FFIV
200.46,200.46,200.44,200.44,300,2021-09-20 19:36:00,FFIV
200.47,200.6,200.47,200.6,1750,2021-09-20 19:37:00,FFIV
200.6,200.62,200.545,200.6,1400,2021-09-20 19:38:00,FFIV
200.6,200.6,200.49,200.59,1200,2021-09-20 19:39:00,FFIV
200.6,201.0,200.6,200.885,1900,2021-09-20 19:40:00,FFIV
200.8301,200.92,200.8301,200.92,1600,2021-09-20 19:41:00,FFIV
201.07,201.07,200.97,201.07,1900,2021-09-20 19:42:00,FFIV
200.98,201.0,200.83,200.83,2686,2021-09-20 19:43:00,FFIV
200.77,200.93,200.77,200.93,1114,2021-09-20 19:44:00,FFIV
200.88,200.995,200.88,200.99,400,2021-09-20 19:45:00,FFIV
200.98,201.05,200.95,201.05,1000,2021-09-20 19:46:00,FFIV
201.16,201.21,201.16,201.21,200,2021-09-20 19:47:00,FFIV
201.2,201.28,201.2,201.26,700,2021-09-20 19:48:00,FFIV
201.255,201.255,201.15,201.17,1100,2021-09-20 19:49:00,FFIV
201.61,201.61,201.435,201.435,634,2021-09-20 19:50:00,FFIV
201.47,201.53,201.47,201.49,2100,2021-09-20 19:51:00,FFIV
201.48,201.48,201.37,201.45,1287,2021-09-20 19:52:00,FFIV
201.49,201.49,201.48,201.49,500,2021-09-20 19:53:00,FFIV
201.52,201.92,201.5,201.67,5134,2021-09-20 19:54:00,FFIV
201.55,201.58,201.46,201.49,1500,2021-09-20 19:55:00,FFIV
201.62,201.77,201.62,201.77,1683,2021-09-20 19:56:00,FFIV
201.79,201.87,201.73,201.87,4810,2021-09-20 19:57:00,FFIV
201.9,201.91,201.81,201.85,2867,2021-09-20 19:58:00,FFIV
201.84,201.9,201.75,201.79,5971,2021-09-20 19:59:00,FFIV
201.78,201.78,201.78,201.78,56201,2021-09-20 20:00:00,FFIV
201.78,201.78,201.78,201.78,238,2021-09-20 20:01:00,FFIV
201.78,201.78,201.78,201.78,19784,2021-09-20 21:02:00,FFIV
202.0,202.0,202.0,202.0,495,2021-09-20 21:56:00,FFIV
202.0,202.0,202.0,202.0,310,2021-09-20 22:23:00,FFIV
201.78,201.78,201.78,201.78,300,2021-09-20 23:43:00,FFIV
202.87,203.13,202.87,203.13,4549,2021-09-21 13:30:00,FFIV
203.16,203.16,203.16,203.16,100,2021-09-21 13:32:00,FFIV
203.045,203.045,203.045,203.045,100,2021-09-21 13:35:00,FFIV
203.57,203.57,203.57,203.57,100,2021-09-21 13:39:00,FFIV
203.325,203.59,203.325,203.58,3000,2021-09-21 13:40:00,FFIV
202.99,203.67,202.99,203.6,1500,2021-09-21 13:44:00,FFIV
203.65,203.83,203.64,203.64,500,2021-09-21 13:45:00,FFIV
203.58,203.6,203.58,203.6,1100,2021-09-21 13:47:00,FFIV
203.41,203.41,203.09,203.37,400,2021-09-21 13:49:00,FFIV
203.34,203.51,203.04,203.51,700,2021-09-21 13:50:00,FFIV
203.43,203.57,203.19,203.5,900,2021-09-21 13:51:00,FFIV
203.2,203.54,203.2,203.29,800,2021-09-21 13:52:00,FFIV
203.06,203.59,203.06,203.59,2600,2021-09-21 13:53:00,FFIV
202.85,202.85,202.85,202.85,100,2021-09-21 13:55:00,FFIV
203.5,203.5,203.2,203.46,1700,2021-09-21 13:56:00,FFIV
203.38,203.38,202.59,202.59,494,2021-09-21 13:57:00,FFIV
202.23,202.76,202.23,202.75,1950,2021-09-21 13:58:00,FFIV
202.51,202.65,202.46,202.46,600,2021-09-21 13:59:00,FFIV
202.48,202.48,202.48,202.48,100,2021-09-21 14:01:00,FFIV
202.69,202.73,202.69,202.72,500,2021-09-21 14:02:00,FFIV
202.52,202.62,201.87,201.87,1000,2021-09-21 14:03:00,FFIV
201.83,201.83,201.83,201.83,100,2021-09-21 14:04:00,FFIV
202.02,202.08,201.905,201.905,400,2021-09-21 14:05:00,FFIV
201.51,201.67,201.31,201.67,300,2021-09-21 14:06:00,FFIV
201.33,201.52,201.0,201.0,484,2021-09-21 14:08:00,FFIV
201.35,201.35,200.65,200.65,700,2021-09-21 14:09:00,FFIV
200.49,200.49,200.34,200.34,400,2021-09-21 14:10:00,FFIV
200.55,200.55,200.55,200.55,200,2021-09-21 14:11:00,FFIV
199.98,200.13,199.77,200.13,1000,2021-09-21 14:12:00,FFIV
200.27,200.45,200.27,200.45,600,2021-09-21 14:13:00,FFIV
200.57,200.57,200.57,200.57,100,2021-09-21 14:14:00,FFIV
200.62,200.62,200.62,200.62,100,2021-09-21 14:15:00,FFIV
200.62,200.68,200.62,200.68,302,2021-09-21 14:16:00,FFIV
200.2,200.62,200.2,200.3849,402,2021-09-21 14:17:00,FFIV
200.375,200.375,200.13,200.13,200,2021-09-21 14:18:00,FFIV
200.42,200.42,200.25,200.31,402,2021-09-21 14:19:00,FFIV
200.01,200.25,200.01,200.25,200,2021-09-21 14:22:00,FFIV
200.01,200.01,199.88,199.88,200,2021-09-21 14:23:00,FFIV
199.92,199.92,199.795,199.795,300,2021-09-21 14:24:00,FFIV
200.06,200.17,199.85,200.0466,594,2021-09-21 14:26:00,FFIV
199.67,199.67,199.67,199.67,100,2021-09-21 14:27:00,FFIV
199.72,199.8,199.645,199.8,500,2021-09-21 14:28:00,FFIV
199.875,199.875,199.875,199.875,100,2021-09-21 14:29:00,FFIV
199.81,199.81,199.8,199.8,300,2021-09-21 14:30:00,FFIV
199.33,199.33,199.33,199.33,100,2021-09-21 14:31:00,FFIV
199.375,199.52,199.32,199.395,400,2021-09-21 14:32:00,FFIV
199.26,199.33,199.26,199.33,200,2021-09-21 14:33:00,FFIV
199.33,199.55,199.33,199.37,700,2021-09-21 14:34:00,FFIV
199.31,199.31,198.99,198.99,300,2021-09-21 14:36:00,FFIV
198.61,198.61,198.57,198.57,200,2021-09-21 14:38:00,FFIV
198.7095,198.84,198.58,198.77,1107,2021-09-21 14:39:00,FFIV
198.46,198.46,198.31,198.31,300,2021-09-21 14:40:00,FFIV
198.31,198.675,198.31,198.675,415,2021-09-21 14:42:00,FFIV
198.53,198.53,198.53,198.53,100,2021-09-21 14:43:00,FFIV
198.53,198.76,198.53,198.7,500,2021-09-21 14:44:00,FFIV
198.7,198.73,198.52,198.71,900,2021-09-21 14:45:00,FFIV
198.66,198.66,198.62,198.62,200,2021-09-21 14:46:00,FFIV
198.79,198.79,198.79,198.79,100,2021-09-21 14:47:00,FFIV
198.59,198.59,198.15,198.15,500,2021-09-21 14:48:00,FFIV
198.17,198.17,198.17,198.17,100,2021-09-21 14:49:00,FFIV
197.86,197.935,197.86,197.935,260,2021-09-21 14:50:00,FFIV
198.07,198.07,197.92,197.99,800,2021-09-21 14:51:00,FFIV
197.9,197.92,197.89,197.89,300,2021-09-21 14:52:00,FFIV
197.85,197.86,197.85,197.86,200,2021-09-21 14:53:00,FFIV
197.87,198.015,197.87,198.015,200,2021-09-21 14:54:00,FFIV
198.05,198.05,198.05,198.05,100,2021-09-21 14:55:00,FFIV
198.36,198.36,198.22,198.22,300,2021-09-21 14:57:00,FFIV
198.205,198.63,198.18,198.5,2988,2021-09-21 14:58:00,FFIV
198.565,198.565,198.565,198.565,287,2021-09-21 14:59:00,FFIV
198.495,198.495,198.23,198.35,600,2021-09-21 15:00:00,FFIV
198.35,198.44,198.35,198.4,600,2021-09-21 15:01:00,FFIV
198.79,198.79,198.63,198.63,400,2021-09-21 15:02:00,FFIV
198.715,199.1,198.715,198.92,692,2021-09-21 15:04:00,FFIV
199.325,199.325,199.325,199.325,100,2021-09-21 15:06:00,FFIV
199.49,199.49,199.49,199.49,200,2021-09-21 15:07:00,FFIV
199.52,199.52,199.52,199.52,100,2021-09-21 15:08:00,FFIV
199.565,199.565,199.35,199.39,400,2021-09-21 15:09:00,FFIV
199.44,199.485,199.24,199.24,600,2021-09-21 15:10:00,FFIV
199.015,199.015,198.84,198.84,500,2021-09-21 15:12:00,FFIV
198.72,198.72,198.72,198.72,100,2021-09-21 15:13:00,FFIV
199.03,199.23,198.985,199.23,1300,2021-09-21 15:14:00,FFIV
199.24,199.24,199.24,199.24,100,2021-09-21 15:15:00,FFIV
199.21,199.24,199.04,199.105,3693,2021-09-21 15:17:00,FFIV
199.12,199.47,199.05,199.47,1700,2021-09-21 15:18:00,FFIV
199.12,199.12,199.12,199.12,100,2021-09-21 15:19:00,FFIV
199.21,199.25,199.085,199.25,1518,2021-09-21 15:21:00,FFIV
198.9,198.9,198.9,198.9,100,2021-09-21 15:23:00,FFIV
199.16,199.16,198.61,198.61,900,2021-09-21 15:24:00,FFIV
198.43,198.43,198.43,198.43,100,2021-09-21 15:25:00,FFIV
198.77,198.77,198.77,198.77,100,2021-09-21 15:26:00,FFIV
198.63,198.63,198.63,198.63,100,2021-09-21 15:27:00,FFIV
198.74,198.74,198.74,198.74,100,2021-09-21 15:28:00,FFIV
198.67,198.67,198.535,198.535,200,2021-09-21 15:29:00,FFIV
198.52,198.7275,198.52,198.7275,600,2021-09-21 15:30:00,FFIV
198.67,198.99,198.67,198.99,200,2021-09-21 15:32:00,FFIV
199.22,199.22,199.14,199.14,500,2021-09-21 15:35:00,FFIV
198.99,198.99,198.99,198.99,100,2021-09-21 15:37:00,FFIV
198.935,199.05,198.935,199.05,300,2021-09-21 15:38:00,FFIV
199.075,199.075,199.075,199.075,200,2021-09-21 15:39:00,FFIV
198.89,199.0,198.89,198.98,1600,2021-09-21 15:40:00,FFIV
199.02,199.02,199.02,199.02,200,2021-09-21 15:42:00,FFIV
198.88,198.88,198.88,198.88,100,2021-09-21 15:43:00,FFIV
198.85,198.89,198.75,198.89,500,2021-09-21 15:44:00,FFIV
198.56,198.73,198.56,198.645,1000,2021-09-21 15:45:00,FFIV
198.73,199.17,198.73,198.84,2800,2021-09-21 15:46:00,FFIV
199.11,199.11,199.11,199.11,100,2021-09-21 15:47:00,FFIV
199.05,199.05,198.97,198.97,200,2021-09-21 15:49:00,FFIV
198.9,198.9,198.9,198.9,100,2021-09-21 15:51:00,FFIV
198.995,198.995,198.88,198.88,400,2021-09-21 15:52:00,FFIV
198.9,199.03,198.88,198.88,300,2021-09-21 15:53:00,FFIV
199.1,199.1,199.1,199.1,100,2021-09-21 15:54:00,FFIV
199.22,199.22,199.2,199.2,300,2021-09-21 15:56:00,FFIV
199.1,199.41,199.1,199.26,400,2021-09-21 15:57:00,FFIV
198.99,199.13,198.825,199.13,800,2021-09-21 15:59:00,FFIV
199.12,199.12,199.12,199.12,100,2021-09-21 16:00:00,FFIV
199.5,199.71,199.49,199.71,1100,2021-09-21 16:01:00,FFIV
199.55,199.55,199.535,199.545,700,2021-09-21 16:02:00,FFIV
199.66,199.88,199.66,199.88,300,2021-09-21 16:03:00,FFIV
199.53,199.55,199.52,199.52,304,2021-09-21 16:04:00,FFIV
199.49,199.68,199.42,199.68,428,2021-09-21 16:05:00,FFIV
199.55,199.55,199.44,199.44,200,2021-09-21 16:06:00,FFIV
199.62,199.69,199.62,199.69,200,2021-09-21 16:07:00,FFIV
199.605,199.605,199.605,199.605,100,2021-09-21 16:08:00,FFIV
199.85,199.85,199.7,199.7,500,2021-09-21 16:09:00,FFIV
199.715,199.715,199.715,199.715,100,2021-09-21 16:10:00,FFIV
199.71,199.71,199.7,199.7,200,2021-09-21 16:11:00,FFIV
199.7,199.7,199.5001,199.5001,600,2021-09-21 16:12:00,FFIV
199.74,199.75,199.55,199.55,400,2021-09-21 16:13:00,FFIV
199.57,199.57,199.55,199.55,200,2021-09-21 16:14:00,FFIV
199.5,199.68,199.5,199.525,1400,2021-09-21 16:15:00,FFIV
199.54,199.54,199.48,199.535,400,2021-09-21 16:16:00,FFIV
199.7,199.7,199.7,199.7,100,2021-09-21 16:17:00,FFIV
199.59,199.7,199.59,199.7,200,2021-09-21 16:18:00,FFIV
199.515,199.55,199.515,199.54,500,2021-09-21 16:19:00,FFIV
199.57,199.59,199.525,199.525,600,2021-09-21 16:20:00,FFIV
199.535,199.59,199.505,199.505,300,2021-09-21 16:21:00,FFIV
199.64,199.64,199.64,199.64,100,2021-09-21 16:22:00,FFIV
199.585,199.59,199.55,199.55,300,2021-09-21 16:23:00,FFIV
199.61,199.61,199.54,199.54,600,2021-09-21 16:24:00,FFIV
199.55,199.55,199.55,199.55,400,2021-09-21 16:25:00,FFIV
199.55,199.61,199.455,199.455,800,2021-09-21 16:26:00,FFIV
199.55,199.69,199.445,199.69,1300,2021-09-21 16:27:00,FFIV
199.6,199.6,199.6,199.6,100,2021-09-21 16:30:00,FFIV
199.6,199.6,199.535,199.535,500,2021-09-21 16:31:00,FFIV
199.54,199.65,199.54,199.59,500,2021-09-21 16:32:00,FFIV
199.6,199.6,199.555,199.555,300,2021-09-21 16:33:00,FFIV
199.73,199.73,199.625,199.625,200,2021-09-21 16:34:00,FFIV
199.62,199.62,199.62,199.62,100,2021-09-21 16:36:00,FFIV
199.665,199.74,199.665,199.74,200,2021-09-21 16:37:00,FFIV
199.74,199.74,199.62,199.62,200,2021-09-21 16:38:00,FFIV
199.745,199.75,199.745,199.75,200,2021-09-21 16:39:00,FFIV
199.66,199.66,199.5325,199.59,2502,2021-09-21 16:40:00,FFIV
199.58,199.58,199.58,199.58,100,2021-09-21 16:41:00,FFIV
199.57,199.745,199.57,199.57,1100,2021-09-21 16:42:00,FFIV
199.57,199.77,199.57,199.77,200,2021-09-21 16:43:00,FFIV
199.69,199.69,199.58,199.58,500,2021-09-21 16:44:00,FFIV
199.655,199.655,199.655,199.655,100,2021-09-21 16:45:00,FFIV
199.61,199.61,199.61,199.61,100,2021-09-21 16:46:00,FFIV
199.6,199.66,199.58,199.66,300,2021-09-21 16:48:00,FFIV
199.58,199.58,199.58,199.58,100,2021-09-21 16:49:00,FFIV
199.61,199.61,199.61,199.61,100,2021-09-21 16:50:00,FFIV
199.6,199.6,199.599,199.599,257,2021-09-21 16:51:00,FFIV
199.24,199.24,199.22,199.22,200,2021-09-21 16:52:00,FFIV
199.1,199.1,199.09,199.09,200,2021-09-21 16:53:00,FFIV
199.125,199.15,198.87,199.02,500,2021-09-21 16:56:00,FFIV
199.03,199.22,198.97,199.22,500,2021-09-21 16:57:00,FFIV
199.06,199.165,199.06,199.165,200,2021-09-21 16:58:00,FFIV
198.875,198.875,198.71,198.71,798,2021-09-21 16:59:00,FFIV
199.0,199.0,198.885,198.885,200,2021-09-21 17:00:00,FFIV
199.11,199.21,199.11,199.21,400,2021-09-21 17:01:00,FFIV
198.98,198.98,198.88,198.88,200,2021-09-21 17:02:00,FFIV
199.03,199.03,198.66,198.86,300,2021-09-21 17:03:00,FFIV
198.67,198.67,198.63,198.63,485,2021-09-21 17:04:00,FFIV
199.155,199.155,199.155,199.155,100,2021-09-21 17:07:00,FFIV
199.04,199.04,198.95,198.95,200,2021-09-21 17:09:00,FFIV
198.83,198.83,198.83,198.83,100,2021-09-21 17:10:00,FFIV
198.795,198.795,198.765,198.765,200,2021-09-21 17:11:00,FFIV
198.805,198.99,198.805,198.99,978,2021-09-21 17:12:00,FFIV
198.75,198.75,198.73,198.73,200,2021-09-21 17:13:00,FFIV
198.75,198.87,198.75,198.87,1173,2021-09-21 17:15:00,FFIV
198.94,198.94,198.91,198.94,300,2021-09-21 17:16:00,FFIV
198.91,199.06,198.91,199.06,1576,2021-09-21 17:17:00,FFIV
199.12,199.12,199.12,199.12,181,2021-09-21 17:18:00,FFIV
199.25,199.25,199.25,199.25,100,2021-09-21 17:19:00,FFIV
199.085,199.085,198.86,198.86,300,2021-09-21 17:21:00,FFIV
199.02,199.02,198.92,199.02,300,2021-09-21 17:22:00,FFIV
198.935,198.98,198.87,198.98,400,2021-09-21 17:23:00,FFIV
198.865,198.95,198.865,198.92,500,2021-09-21 17:25:00,FFIV
198.94,199.04,198.91,198.91,500,2021-09-21 17:26:00,FFIV
198.84,198.92,198.84,198.915,400,2021-09-21 17:27:00,FFIV
198.76,198.76,198.66,198.66,300,2021-09-21 17:28:00,FFIV
198.69,198.69,198.69,198.69,100,2021-09-21 17:31:00,FFIV
198.74,198.86,198.74,198.86,400,2021-09-21 17:32:00,FFIV
198.62,198.62,198.62,198.62,100,2021-09-21 17:34:00,FFIV
198.6,198.76,198.57,198.64,400,2021-09-21 17:35:00,FFIV
198.59,198.59,198.55,198.55,200,2021-09-21 17:38:00,FFIV
198.6349,198.6349,198.57,198.57,600,2021-09-21 17:39:00,FFIV
198.51,198.51,198.51,198.51,100,2021-09-21 17:42:00,FFIV
198.47,198.49,198.47,198.49,235,2021-09-21 17:43:00,FFIV
198.49,198.49,198.49,198.49,106,2021-09-21 17:44:00,FFIV
198.6,198.6,198.5,198.5,300,2021-09-21 17:45:00,FFIV
198.725,198.725,198.725,198.725,100,2021-09-21 17:47:00,FFIV
198.66,198.66,198.66,198.66,100,2021-09-21 17:48:00,FFIV
198.71,198.71,198.68,198.68,200,2021-09-21 17:49:00,FFIV
198.56,198.56,198.49,198.49,200,2021-09-21 17:50:00,FFIV
198.68,198.695,198.68,198.695,286,2021-09-21 17:51:00,FFIV
198.5,198.5,198.36,198.36,200,2021-09-21 17:53:00,FFIV
198.24,198.24,198.21,198.21,2100,2021-09-21 17:54:00,FFIV
198.09,198.2,198.08,198.12,833,2021-09-21 17:55:00,FFIV
198.12,198.12,198.12,198.12,100,2021-09-21 17:56:00,FFIV
197.88,197.88,197.88,197.88,100,2021-09-21 17:58:00,FFIV
198.21,198.28,198.21,198.28,500,2021-09-21 17:59:00,FFIV
198.545,198.62,198.545,198.62,200,2021-09-21 18:00:00,FFIV
198.62,198.74,198.62,198.6241,564,2021-09-21 18:01:00,FFIV
198.57,198.57,198.46,198.555,300,2021-09-21 18:02:00,FFIV
198.55,198.55,198.55,198.55,100,2021-09-21 18:04:00,FFIV
198.615,198.615,198.54,198.54,200,2021-09-21 18:05:00,FFIV
198.52,198.59,198.52,198.59,400,2021-09-21 18:06:00,FFIV
198.6,198.6,198.49,198.5,300,2021-09-21 18:07:00,FFIV
198.555,198.555,198.53,198.53,200,2021-09-21 18:08:00,FFIV
198.59,198.59,198.59,198.59,200,2021-09-21 18:09:00,FFIV
198.5,198.5,198.5,198.5,100,2021-09-21 18:12:00,FFIV
198.495,198.495,198.42,198.42,300,2021-09-21 18:13:00,FFIV
198.375,198.375,198.27,198.27,500,2021-09-21 18:14:00,FFIV
198.35,198.36,198.22,198.36,1000,2021-09-21 18:15:00,FFIV
198.21,198.21,198.21,198.21,100,2021-09-21 18:17:00,FFIV
198.36,198.36,198.16,198.28,800,2021-09-21 18:18:00,FFIV
198.18,198.18,198.1,198.1,200,2021-09-21 18:20:00,FFIV
197.86,197.86,197.86,197.86,100,2021-09-21 18:23:00,FFIV
197.72,197.72,197.72,197.72,100,2021-09-21 18:24:00,FFIV
197.98,197.98,197.79,197.81,300,2021-09-21 18:25:00,FFIV
197.905,197.905,197.905,197.905,120,2021-09-21 18:26:00,FFIV
197.77,197.77,197.77,197.77,100,2021-09-21 18:28:00,FFIV
197.67,197.67,197.67,197.67,100,2021-09-21 18:29:00,FFIV
197.84,197.84,197.84,197.84,100,2021-09-21 18:30:00,FFIV
198.08,198.08,198.05,198.05,300,2021-09-21 18:31:00,FFIV
198.16,198.26,198.16,198.26,200,2021-09-21 18:32:00,FFIV
198.14,198.15,198.05,198.05,400,2021-09-21 18:33:00,FFIV
198.32,198.32,198.32,198.32,100,2021-09-21 18:35:00,FFIV
198.22,198.22,198.22,198.22,146,2021-09-21 18:36:00,FFIV
198.18,198.18,198.18,198.18,100,2021-09-21 18:39:00,FFIV
198.31,198.31,198.2,198.2,900,2021-09-21 18:40:00,FFIV
198.21,198.21,198.21,198.21,100,2021-09-21 18:41:00,FFIV
198.21,198.21,198.21,198.21,100,2021-09-21 18:42:00,FFIV
198.2,198.27,198.2,198.27,200,2021-09-21 18:43:00,FFIV
198.19,198.19,198.13,198.13,411,2021-09-21 18:44:00,FFIV
197.95,197.95,197.95,197.95,100,2021-09-21 18:45:00,FFIV
198.19,198.19,198.19,198.19,100,2021-09-21 18:46:00,FFIV
198.015,198.015,198.015,198.015,100,2021-09-21 18:47:00,FFIV
197.95,197.95,197.95,197.95,100,2021-09-21 18:49:00,FFIV
198.12,198.61,198.12,198.61,1616,2021-09-21 18:50:00,FFIV
198.72,198.72,198.34,198.34,400,2021-09-21 18:51:00,FFIV
198.52,198.52,198.52,198.52,100,2021-09-21 18:52:00,FFIV
198.15,198.15,198.15,198.15,100,2021-09-21 18:55:00,FFIV
198.11,198.15,198.11,198.15,200,2021-09-21 18:57:00,FFIV
198.0,198.0,198.0,198.0,100,2021-09-21 18:58:00,FFIV
198.15,198.17,198.06,198.06,300,2021-09-21 18:59:00,FFIV
198.32,198.42,198.305,198.37,1000,2021-09-21 19:00:00,FFIV
198.48,198.48,198.34,198.34,200,2021-09-21 19:02:00,FFIV
198.34,198.46,198.24,198.24,500,2021-09-21 19:03:00,FFIV
198.35,198.35,198.34,198.34,200,2021-09-21 19:04:00,FFIV
198.49,198.49,198.49,198.49,100,2021-09-21 19:05:00,FFIV
198.47,198.47,198.47,198.47,100,2021-09-21 19:06:00,FFIV
198.44,198.61,198.44,198.5,400,2021-09-21 19:07:00,FFIV
198.46,198.57,198.46,198.57,200,2021-09-21 19:08:00,FFIV
198.61,198.61,198.61,198.61,100,2021-09-21 19:09:00,FFIV
198.5095,198.5095,198.5095,198.5095,100,2021-09-21 19:10:00,FFIV
198.48,198.48,198.4625,198.4625,200,2021-09-21 19:11:00,FFIV
198.35,198.38,198.35,198.38,200,2021-09-21 19:12:00,FFIV
198.5,198.54,198.5,198.52,400,2021-09-21 19:13:00,FFIV
198.61,198.65,198.57,198.63,800,2021-09-21 19:14:00,FFIV
198.74,198.76,198.74,198.76,200,2021-09-21 19:15:00,FFIV
198.78,198.78,198.54,198.54,586,2021-09-21 19:16:00,FFIV
198.56,198.64,198.56,198.64,400,2021-09-21 19:17:00,FFIV
198.575,198.575,198.52,198.52,200,2021-09-21 19:18:00,FFIV
198.43,198.43,198.36,198.36,600,2021-09-21 19:19:00,FFIV
198.48,198.66,198.48,198.6,400,2021-09-21 19:20:00,FFIV
198.62,198.62,198.53,198.53,200,2021-09-21 19:22:00,FFIV
198.59,198.59,198.55,198.55,300,2021-09-21 19:23:00,FFIV
198.49,198.53,198.49,198.49,400,2021-09-21 19:24:00,FFIV
198.5,198.61,198.5,198.61,500,2021-09-21 19:25:00,FFIV
198.65,198.6578,198.65,198.6578,200,2021-09-21 19:26:00,FFIV
198.7,198.707,198.33,198.41,2520,2021-09-21 19:27:00,FFIV
198.52,198.67,198.52,198.65,500,2021-09-21 19:28:00,FFIV
198.53,198.6,198.53,198.6,300,2021-09-21 19:29:00,FFIV
198.68,198.68,198.64,198.64,300,2021-09-21 19:30:00,FFIV
198.56,198.675,198.56,198.675,1200,2021-09-21 19:31:00,FFIV
198.68,198.68,198.6,198.6,200,2021-09-21 19:32:00,FFIV
198.62,198.62,198.55,198.55,300,2021-09-21 19:33:00,FFIV
198.47,198.47,198.33,198.43,600,2021-09-21 19:35:00,FFIV
198.41,198.43,198.37,198.43,900,2021-09-21 19:36:00,FFIV
198.44,198.44,198.25,198.3,1994,2021-09-21 19:37:00,FFIV
198.27,198.27,198.09,198.09,200,2021-09-21 19:38:00,FFIV
198.09,198.09,198.07,198.07,200,2021-09-21 19:39:00,FFIV
197.94,197.94,197.87,197.87,300,2021-09-21 19:40:00,FFIV
197.88,197.94,197.85,197.9,1000,2021-09-21 19:41:00,FFIV
197.975,198.0,197.96,197.96,500,2021-09-21 19:42:00,FFIV
198.02,198.09,197.9,197.9,1600,2021-09-21 19:43:00,FFIV
197.9,197.9,197.85,197.85,300,2021-09-21 19:44:00,FFIV
197.79,197.79,197.62,197.62,200,2021-09-21 19:45:00,FFIV
197.52,197.71,197.52,197.61,600,2021-09-21 19:46:00,FFIV
197.6,197.74,197.6,197.66,800,2021-09-21 19:47:00,FFIV
197.82,197.83,197.82,197.83,200,2021-09-21 19:48:00,FFIV
197.82,197.83,197.67,197.67,700,2021-09-21 19:49:00,FFIV
197.64,197.83,197.64,197.79,1000,2021-09-21 19:50:00,FFIV
197.73,197.79,197.55,197.55,1244,2021-09-21 19:51:00,FFIV
197.66,197.66,197.38,197.46,2069,2021-09-21 19:52:00,FFIV
197.39,197.51,197.39,197.5,1065,2021-09-21 19:53:00,FFIV
197.42,197.44,197.13,197.13,2935,2021-09-21 19:54:00,FFIV
197.15,197.4,197.15,197.28,2400,2021-09-21 19:55:00,FFIV
197.32,197.36,197.2,197.2,2830,2021-09-21 19:56:00,FFIV
197.17,197.3,197.12,197.3,4353,2021-09-21 19:57:00,FFIV
197.29,197.45,197.23,197.4,3347,2021-09-21 19:58:00,FFIV
197.43,197.535,197.12,197.17,6147,2021-09-21 19:59:00,FFIV
197.17,197.17,197.17,197.17,44882,2021-09-21 20:00:00,FFIV
197.17,197.17,197.17,197.17,4149,2021-09-21 20:01:00,FFIV
197.17,197.17,197.17,197.17,4770,2021-09-21 20:02:00,FFIV
197.0,197.0,197.0,197.0,202,2021-09-22 11:21:00,FFIV
197.17,197.17,197.17,197.17,252,2021-09-22 13:01:00,FFIV
198.55,200.0,198.55,200.0,5168,2021-09-22 13:30:00,FFIV
199.7036,200.23,198.77,199.63,1100,2021-09-22 13:32:00,FFIV
198.575,198.88,198.515,198.88,330,2021-09-22 13:34:00,FFIV
197.85,198.415,197.85,198.415,400,2021-09-22 13:35:00,FFIV
198.9,198.9,198.57,198.9,600,2021-09-22 13:36:00,FFIV
198.26,198.26,198.26,198.26,100,2021-09-22 13:37:00,FFIV
198.81,198.81,198.615,198.77,1400,2021-09-22 13:38:00,FFIV
198.62,198.62,198.62,198.62,100,2021-09-22 13:39:00,FFIV
198.61,198.61,198.42,198.42,200,2021-09-22 13:40:00,FFIV
198.53,198.53,198.53,198.53,100,2021-09-22 13:41:00,FFIV
198.2001,198.57,198.2001,198.56,448,2021-09-22 13:42:00,FFIV
198.38,198.38,198.38,198.38,100,2021-09-22 13:43:00,FFIV
198.41,198.41,198.41,198.41,200,2021-09-22 13:45:00,FFIV
198.4,198.47,198.06,198.06,300,2021-09-22 13:47:00,FFIV
198.12,198.12,197.66,197.66,600,2021-09-22 13:48:00,FFIV
197.82,198.05,197.82,198.05,700,2021-09-22 13:49:00,FFIV
198.26,198.9,198.13,198.9,1700,2021-09-22 13:51:00,FFIV
198.71,198.96,198.55,198.96,800,2021-09-22 13:52:00,FFIV
198.875,198.96,198.875,198.96,200,2021-09-22 13:54:00,FFIV
198.865,198.865,198.81,198.8602,379,2021-09-22 13:55:00,FFIV
198.81,198.89,198.58,198.89,1000,2021-09-22 13:56:00,FFIV
198.78,198.86,198.78,198.86,200,2021-09-22 13:57:00,FFIV
198.89,198.955,198.79,198.79,700,2021-09-22 13:58:00,FFIV
199.0203,199.0203,198.87,198.87,1100,2021-09-22 13:59:00,FFIV
198.625,198.92,198.46,198.92,1100,2021-09-22 14:01:00,FFIV
198.785,198.785,198.785,198.785,100,2021-09-22 14:05:00,FFIV
198.725,198.915,198.725,198.915,200,2021-09-22 14:06:00,FFIV
198.915,199.35,198.915,199.12,600,2021-09-22 14:07:00,FFIV
199.32,199.32,199.12,199.12,400,2021-09-22 14:08:00,FFIV
199.085,199.16,199.085,199.16,200,2021-09-22 14:10:00,FFIV
199.085,199.085,199.085,199.085,150,2021-09-22 14:12:00,FFIV
199.06,199.09,199.03,199.07,400,2021-09-22 14:14:00,FFIV
199.26,199.26,199.26,199.26,100,2021-09-22 14:17:00,FFIV
199.26,199.26,199.11,199.11,200,2021-09-22 14:18:00,FFIV
199.13,199.27,199.13,199.27,500,2021-09-22 14:20:00,FFIV
199.39,199.39,199.38,199.38,200,2021-09-22 14:21:00,FFIV
199.38,199.38,199.38,199.38,100,2021-09-22 14:22:00,FFIV
199.04,199.08,198.94,199.08,500,2021-09-22 14:23:00,FFIV
199.045,199.045,198.87,199.03,300,2021-09-22 14:25:00,FFIV
199.29,199.3,199.17,199.18,500,2021-09-22 14:26:00,FFIV
199.39,199.43,199.265,199.43,400,2021-09-22 14:27:00,FFIV
199.18,199.22,198.97,199.18,800,2021-09-22 14:28:00,FFIV
199.03,199.03,199.03,199.03,100,2021-09-22 14:29:00,FFIV
199.19,199.22,199.19,199.21,400,2021-09-22 14:30:00,FFIV
199.22,199.37,199.22,199.37,300,2021-09-22 14:31:00,FFIV
199.32,199.32,199.3,199.3,200,2021-09-22 14:32:00,FFIV
199.19,199.38,199.19,199.38,200,2021-09-22 14:33:00,FFIV
199.285,199.285,199.285,199.285,100,2021-09-22 14:35:00,FFIV
199.3,199.3,199.28,199.28,200,2021-09-22 14:36:00,FFIV
199.205,199.205,199.185,199.185,200,2021-09-22 14:38:00,FFIV
199.135,199.135,199.13,199.13,200,2021-09-22 14:39:00,FFIV
199.1,199.1,199.1,199.1,100,2021-09-22 14:40:00,FFIV
199.165,199.23,199.165,199.23,400,2021-09-22 14:41:00,FFIV
199.195,199.1997,199.12,199.12,700,2021-09-22 14:42:00,FFIV
199.29,199.52,199.29,199.52,500,2021-09-22 14:43:00,FFIV
199.31,199.36,199.23,199.23,300,2021-09-22 14:44:00,FFIV
199.17,199.34,199.17,199.17,300,2021-09-22 14:48:00,FFIV
199.14,199.34,199.14,199.34,400,2021-09-22 14:49:00,FFIV
199.55,199.55,199.49,199.49,300,2021-09-22 14:50:00,FFIV
199.59,199.59,199.5,199.5,200,2021-09-22 14:51:00,FFIV
199.52,199.52,199.52,199.52,100,2021-09-22 14:52:00,FFIV
199.44,199.54,199.37,199.54,600,2021-09-22 14:53:00,FFIV
199.46,199.46,199.46,199.46,100,2021-09-22 14:54:00,FFIV
199.46,199.59,199.46,199.59,400,2021-09-22 14:55:00,FFIV
199.91,199.91,199.91,199.91,100,2021-09-22 14:58:00,FFIV
199.84,199.84,199.84,199.84,100,2021-09-22 14:59:00,FFIV
199.845,199.98,199.75,199.75,700,2021-09-22 15:00:00,FFIV
199.85,199.85,199.75,199.75,200,2021-09-22 15:01:00,FFIV
199.705,199.705,199.595,199.68,700,2021-09-22 15:02:00,FFIV
199.6,199.6,199.46,199.54,500,2021-09-22 15:03:00,FFIV
199.59,199.69,199.56,199.69,600,2021-09-22 15:04:00,FFIV
199.66,199.66,199.56,199.66,300,2021-09-22 15:05:00,FFIV
199.8,200.02,199.8,199.98,400,2021-09-22 15:06:00,FFIV
199.93,199.93,199.93,199.93,100,2021-09-22 15:07:00,FFIV
199.955,199.955,199.955,199.955,100,2021-09-22 15:08:00,FFIV
200.11,200.11,200.11,200.11,100,2021-09-22 15:11:00,FFIV
199.99,200.14,199.99,200.14,600,2021-09-22 15:13:00,FFIV
200.0,200.0,200.0,200.0,100,2021-09-22 15:14:00,FFIV
200.0,200.0,200.0,200.0,200,2021-09-22 15:15:00,FFIV
199.87,199.87,199.87,199.87,100,2021-09-22 15:16:00,FFIV
199.85,199.85,199.85,199.85,100,2021-09-22 15:17:00,FFIV
199.74,199.85,199.74,199.85,200,2021-09-22 15:18:00,FFIV
199.7,199.71,199.7,199.71,300,2021-09-22 15:19:00,FFIV
199.585,199.585,199.585,199.585,100,2021-09-22 15:22:00,FFIV
199.69,199.69,199.69,199.69,400,2021-09-22 15:23:00,FFIV
199.94,199.94,199.94,199.94,100,2021-09-22 15:24:00,FFIV
199.89,199.89,199.89,199.89,100,2021-09-22 15:26:00,FFIV
199.98,199.98,199.98,199.98,100,2021-09-22 15:29:00,FFIV
200.0,200.0,199.95,199.95,373,2021-09-22 15:30:00,FFIV
200.17,200.17,200.17,200.17,100,2021-09-22 15:32:00,FFIV
199.92,199.92,199.92,199.92,100,2021-09-22 15:34:00,FFIV
200.025,200.025,200.025,200.025,100,2021-09-22 15:36:00,FFIV
200.03,200.03,199.99,199.99,500,2021-09-22 15:37:00,FFIV
200.07,200.07,200.07,200.07,100,2021-09-22 15:38:00,FFIV
200.17,200.17,200.17,200.17,100,2021-09-22 15:40:00,FFIV
200.26,200.26,200.21,200.21,698,2021-09-22 15:42:00,FFIV
200.32,200.32,200.32,200.32,100,2021-09-22 15:43:00,FFIV
200.18,200.19,200.18,200.19,200,2021-09-22 15:44:00,FFIV
200.36,200.36,200.24,200.24,200,2021-09-22 15:45:00,FFIV
200.275,200.275,200.18,200.18,200,2021-09-22 15:47:00,FFIV
200.13,200.13,200.13,200.13,100,2021-09-22 15:49:00,FFIV
200.26,200.53,200.16,200.35,900,2021-09-22 15:50:00,FFIV
200.29,200.29,200.29,200.29,143,2021-09-22 15:51:00,FFIV
200.31,200.31,200.075,200.075,200,2021-09-22 15:52:00,FFIV
200.065,200.24,200.065,200.24,300,2021-09-22 15:55:00,FFIV
200.075,200.075,200.075,200.075,100,2021-09-22 15:56:00,FFIV
200.02,200.02,200.02,200.02,100,2021-09-22 15:58:00,FFIV
200.13,200.13,199.975,200.08,400,2021-09-22 16:00:00,FFIV
200.09,200.09,200.09,200.09,100,2021-09-22 16:01:00,FFIV
200.075,200.075,200.075,200.075,100,2021-09-22 16:03:00,FFIV
200.09,200.09,200.09,200.09,100,2021-09-22 16:04:00,FFIV
200.115,200.115,200.04,200.05,400,2021-09-22 16:06:00,FFIV
200.179,200.179,200.179,200.179,100,2021-09-22 16:07:00,FFIV
200.18,200.18,200.02,200.02,200,2021-09-22 16:08:00,FFIV
200.055,200.055,200.055,200.055,100,2021-09-22 16:09:00,FFIV
200.18,200.23,200.17,200.23,400,2021-09-22 16:11:00,FFIV
200.24,200.24,200.24,200.24,100,2021-09-22 16:12:00,FFIV
200.31,200.31,200.31,200.31,200,2021-09-22 16:13:00,FFIV
200.17,200.175,200.17,200.175,200,2021-09-22 16:15:00,FFIV
200.195,200.195,200.195,200.195,100,2021-09-22 16:16:00,FFIV
200.105,200.105,200.105,200.105,400,2021-09-22 16:17:00,FFIV
200.085,200.14,200.085,200.1,300,2021-09-22 16:18:00,FFIV
200.03,200.03,200.01,200.01,400,2021-09-22 16:19:00,FFIV
199.99,200.04,199.99,200.01,400,2021-09-22 16:20:00,FFIV
199.97,200.08,199.97,200.08,300,2021-09-22 16:28:00,FFIV
199.98,199.98,199.98,199.98,100,2021-09-22 16:29:00,FFIV
200.03,200.03,199.985,199.985,200,2021-09-22 16:32:00,FFIV
200.02,200.03,200.02,200.03,200,2021-09-22 16:34:00,FFIV
200.02,200.03,200.02,200.03,400,2021-09-22 16:35:00,FFIV
199.92,199.92,199.92,199.92,100,2021-09-22 16:39:00,FFIV
200.02,200.02,200.02,200.02,100,2021-09-22 16:40:00,FFIV
199.81,199.81,199.795,199.795,406,2021-09-22 16:41:00,FFIV
199.91,200.02,199.91,200.02,200,2021-09-22 16:42:00,FFIV
199.785,199.785,199.785,199.785,100,2021-09-22 16:48:00,FFIV
199.785,199.8,199.785,199.8,200,2021-09-22 16:50:00,FFIV
199.835,199.835,199.835,199.835,100,2021-09-22 16:51:00,FFIV
199.72,199.75,199.72,199.75,200,2021-09-22 16:52:00,FFIV
199.69,199.69,199.69,199.69,100,2021-09-22 16:53:00,FFIV
199.635,199.635,199.555,199.555,200,2021-09-22 16:54:00,FFIV
199.565,199.69,199.565,199.69,500,2021-09-22 16:56:00,FFIV
199.5,199.5,199.5,199.5,100,2021-09-22 16:57:00,FFIV
199.57,199.71,199.565,199.67,1161,2021-09-22 17:00:00,FFIV
199.8,199.84,199.745,199.745,400,2021-09-22 17:01:00,FFIV
199.74,199.74,199.74,199.74,100,2021-09-22 17:02:00,FFIV
199.765,199.86,199.765,199.85,300,2021-09-22 17:04:00,FFIV
199.78,199.78,199.78,199.78,100,2021-09-22 17:05:00,FFIV
199.71,199.775,199.71,199.775,300,2021-09-22 17:07:00,FFIV
199.78,199.86,199.78,199.79,522,2021-09-22 17:08:00,FFIV
199.755,199.755,199.755,199.755,100,2021-09-22 17:09:00,FFIV
199.555,199.555,199.555,199.555,100,2021-09-22 17:10:00,FFIV
199.65,199.66,199.54,199.56,500,2021-09-22 17:11:00,FFIV
199.575,199.575,199.575,199.575,100,2021-09-22 17:12:00,FFIV
199.565,199.565,199.565,199.565,100,2021-09-22 17:13:00,FFIV
199.65,199.65,199.65,199.65,100,2021-09-22 17:14:00,FFIV
199.47,199.47,199.47,199.47,300,2021-09-22 17:15:00,FFIV
199.54,199.54,199.54,199.54,100,2021-09-22 17:17:00,FFIV
199.54,199.54,199.47,199.47,232,2021-09-22 17:18:00,FFIV
199.585,199.585,199.42,199.49,500,2021-09-22 17:19:00,FFIV
199.525,199.525,199.525,199.525,100,2021-09-22 17:20:00,FFIV
199.525,199.525,199.525,199.525,100,2021-09-22 17:21:00,FFIV
199.6,199.6,199.52,199.52,300,2021-09-22 17:23:00,FFIV
199.67,199.71,199.535,199.665,500,2021-09-22 17:26:00,FFIV
199.715,199.715,199.715,199.715,100,2021-09-22 17:27:00,FFIV
199.59,199.635,199.59,199.635,222,2021-09-22 17:29:00,FFIV
199.55,199.55,199.55,199.55,100,2021-09-22 17:30:00,FFIV
199.64,199.64,199.64,199.64,200,2021-09-22 17:31:00,FFIV
199.57,199.72,199.57,199.71,600,2021-09-22 17:33:00,FFIV
199.675,199.675,199.54,199.54,524,2021-09-22 17:35:00,FFIV
199.41,199.41,199.365,199.365,300,2021-09-22 17:37:00,FFIV
199.5,199.5,199.5,199.5,100,2021-09-22 17:38:00,FFIV
199.455,199.455,199.455,199.455,100,2021-09-22 17:39:00,FFIV
199.47,199.47,199.47,199.47,100,2021-09-22 17:40:00,FFIV
199.47,199.47,199.46,199.46,200,2021-09-22 17:41:00,FFIV
199.5,199.5,199.475,199.475,200,2021-09-22 17:42:00,FFIV
199.45,199.49,199.45,199.49,400,2021-09-22 17:43:00,FFIV
199.4,199.4,199.4,199.4,100,2021-09-22 17:44:00,FFIV
199.51,199.51,199.48,199.49,300,2021-09-22 17:45:00,FFIV
199.54,199.55,199.51,199.51,500,2021-09-22 17:46:00,FFIV
199.56,199.56,199.56,199.56,200,2021-09-22 17:47:00,FFIV
199.49,199.49,199.46,199.49,300,2021-09-22 17:50:00,FFIV
199.415,199.415,199.33,199.33,200,2021-09-22 17:51:00,FFIV
199.415,199.415,199.1,199.1,300,2021-09-22 17:53:00,FFIV
199.32,199.32,199.225,199.225,200,2021-09-22 17:54:00,FFIV
199.125,199.13,199.125,199.13,200,2021-09-22 17:55:00,FFIV
198.935,199.22,198.935,199.03,400,2021-09-22 17:56:00,FFIV
199.09,199.09,199.09,199.09,100,2021-09-22 17:57:00,FFIV
199.22,199.22,199.2,199.2,400,2021-09-22 17:58:00,FFIV
199.35,199.35,199.215,199.215,300,2021-09-22 17:59:00,FFIV
198.99,199.28,198.745,199.28,844,2021-09-22 18:00:00,FFIV
199.195,199.195,199.0,199.0,200,2021-09-22 18:01:00,FFIV
199.21,199.21,199.21,199.21,100,2021-09-22 18:02:00,FFIV
199.42,199.42,199.3,199.3,300,2021-09-22 18:03:00,FFIV
199.39,199.79,199.385,199.79,600,2021-09-22 18:04:00,FFIV
199.71,199.875,199.585,199.585,300,2021-09-22 18:05:00,FFIV
199.385,199.48,199.385,199.48,200,2021-09-22 18:06:00,FFIV
199.455,199.48,199.38,199.38,400,2021-09-22 18:08:00,FFIV
199.69,199.69,199.47,199.47,500,2021-09-22 18:09:00,FFIV
199.555,199.555,199.555,199.555,100,2021-09-22 18:11:00,FFIV
199.42,199.64,199.42,199.63,700,2021-09-22 18:12:00,FFIV
199.695,199.695,199.695,199.695,200,2021-09-22 18:13:00,FFIV
199.79,199.92,199.78,199.92,1200,2021-09-22 18:14:00,FFIV
199.805,199.815,199.805,199.815,225,2021-09-22 18:16:00,FFIV
199.905,199.905,199.905,199.905,103,2021-09-22 18:18:00,FFIV
199.875,199.99,199.875,199.99,200,2021-09-22 18:19:00,FFIV
199.89,199.89,199.89,199.89,100,2021-09-22 18:21:00,FFIV
199.698,199.75,199.665,199.735,931,2021-09-22 18:22:00,FFIV
199.66,199.685,199.49,199.49,500,2021-09-22 18:23:00,FFIV
199.54,199.65,199.485,199.65,1200,2021-09-22 18:24:00,FFIV
199.535,199.535,199.535,199.535,100,2021-09-22 18:25:00,FFIV
199.54,199.54,199.54,199.54,100,2021-09-22 18:26:00,FFIV
199.49,199.53,199.49,199.52,700,2021-09-22 18:27:00,FFIV
199.5,199.5,199.5,199.5,100,2021-09-22 18:28:00,FFIV
199.68,199.68,199.63,199.63,510,2021-09-22 18:30:00,FFIV
199.325,199.375,199.2,199.375,326,2021-09-22 18:31:00,FFIV
199.16,199.16,199.16,199.16,100,2021-09-22 18:32:00,FFIV
199.345,199.345,199.29,199.29,200,2021-09-22 18:33:00,FFIV
199.45,199.47,199.45,199.47,200,2021-09-22 18:34:00,FFIV
199.475,199.53,199.475,199.53,200,2021-09-22 18:35:00,FFIV
199.41,199.52,199.385,199.52,800,2021-09-22 18:36:00,FFIV
199.205,199.205,199.205,199.205,100,2021-09-22 18:38:00,FFIV
198.57,198.57,198.57,198.57,100,2021-09-22 18:40:00,FFIV
198.69,198.69,198.69,198.69,100,2021-09-22 18:41:00,FFIV
198.8,198.84,198.8,198.84,896,2021-09-22 18:42:00,FFIV
198.93,198.94,198.93,198.94,200,2021-09-22 18:43:00,FFIV
198.54,198.54,198.5,198.5,400,2021-09-22 18:45:00,FFIV
198.87,198.87,198.87,198.87,100,2021-09-22 18:46:00,FFIV
198.49,198.49,198.49,198.49,200,2021-09-22 18:47:00,FFIV
198.48,198.48,198.48,198.48,100,2021-09-22 18:48:00,FFIV
198.395,198.65,198.395,198.65,500,2021-09-22 18:49:00,FFIV
198.285,198.285,198.285,198.285,100,2021-09-22 18:50:00,FFIV
198.3,198.3,198.3,198.3,100,2021-09-22 18:51:00,FFIV
198.6,198.6,198.51,198.51,200,2021-09-22 18:53:00,FFIV
198.67,198.715,198.67,198.715,226,2021-09-22 18:54:00,FFIV
198.68,198.68,198.47,198.47,501,2021-09-22 18:55:00,FFIV
198.355,198.74,198.355,198.595,1825,2021-09-22 18:56:00,FFIV
198.54,198.54,198.38,198.38,200,2021-09-22 18:57:00,FFIV
198.58,198.62,198.41,198.41,1000,2021-09-22 18:58:00,FFIV
198.3,198.39,198.3,198.39,200,2021-09-22 19:00:00,FFIV
198.44,198.49,198.43,198.49,401,2021-09-22 19:02:00,FFIV
198.26,198.26,198.24,198.24,200,2021-09-22 19:05:00,FFIV
198.075,198.075,198.0223,198.0223,934,2021-09-22 19:06:00,FFIV
198.31,198.42,198.25,198.42,400,2021-09-22 19:07:00,FFIV
198.31,198.4,198.205,198.4,604,2021-09-22 19:08:00,FFIV
198.2727,198.32,198.2,198.32,530,2021-09-22 19:09:00,FFIV
198.35,198.35,198.34,198.34,200,2021-09-22 19:10:00,FFIV
198.445,198.6,198.445,198.59,400,2021-09-22 19:11:00,FFIV
198.96,198.96,198.96,198.96,100,2021-09-22 19:12:00,FFIV
198.91,198.95,198.91,198.95,200,2021-09-22 19:14:00,FFIV
198.91,198.92,198.91,198.92,200,2021-09-22 19:15:00,FFIV
199.07,199.07,199.02,199.02,200,2021-09-22 19:16:00,FFIV
198.912,198.912,198.912,198.912,100,2021-09-22 19:18:00,FFIV
199.1,199.17,199.1,199.17,300,2021-09-22 19:19:00,FFIV
199.28,199.29,199.11,199.17,10600,2021-09-22 19:20:00,FFIV
199.305,199.305,199.131,199.131,300,2021-09-22 19:21:00,FFIV
199.182,199.27,199.182,199.27,300,2021-09-22 19:23:00,FFIV
198.994,199.11,198.994,199.11,400,2021-09-22 19:24:00,FFIV
198.894,198.894,198.894,198.894,100,2021-09-22 19:25:00,FFIV
198.92,198.92,198.89,198.89,200,2021-09-22 19:26:00,FFIV
199.1,199.11,199.09,199.11,400,2021-09-22 19:27:00,FFIV
199.07,199.07,198.903,199.07,300,2021-09-22 19:28:00,FFIV
199.0,199.16,198.892,199.11,1427,2021-09-22 19:29:00,FFIV
199.08,199.08,199.08,199.08,100,2021-09-22 19:30:00,FFIV
199.21,199.22,199.09,199.09,800,2021-09-22 19:31:00,FFIV
199.075,199.14,198.979,199.04,500,2021-09-22 19:32:00,FFIV
198.97,198.98,198.87,198.87,500,2021-09-22 19:33:00,FFIV
198.79,198.97,198.79,198.87,2593,2021-09-22 19:34:00,FFIV
198.92,198.92,198.92,198.92,100,2021-09-22 19:35:00,FFIV
198.98,199.27,198.98,199.27,550,2021-09-22 19:36:00,FFIV
199.3,199.4,199.3,199.4,200,2021-09-22 19:37:00,FFIV
199.41,199.41,199.41,199.41,100,2021-09-22 19:38:00,FFIV
199.34,199.57,199.34,199.57,1565,2021-09-22 19:39:00,FFIV
199.38,199.38,199.38,199.38,100,2021-09-22 19:40:00,FFIV
199.32,199.32,199.225,199.32,600,2021-09-22 19:41:00,FFIV
199.34,199.34,199.23,199.23,500,2021-09-22 19:42:00,FFIV
198.95,199.18,198.91,199.18,1047,2021-09-22 19:43:00,FFIV
199.13,199.15,198.94,198.94,602,2021-09-22 19:44:00,FFIV
199.09,199.13,199.09,199.13,200,2021-09-22 19:45:00,FFIV
199.16,199.16,199.02,199.02,200,2021-09-22 19:46:00,FFIV
199.03,199.04,198.985,199.04,950,2021-09-22 19:47:00,FFIV
199.04,199.04,198.91,198.92,600,2021-09-22 19:48:00,FFIV
198.98,198.98,198.87,198.87,300,2021-09-22 19:49:00,FFIV
198.81,198.81,198.27,198.37,3361,2021-09-22 19:50:00,FFIV
198.39,198.67,198.39,198.66,1563,2021-09-22 19:51:00,FFIV
198.68,198.775,198.58,198.775,503,2021-09-22 19:52:00,FFIV
198.83,198.85,198.69,198.69,800,2021-09-22 19:53:00,FFIV
198.76,198.84,198.76,198.795,930,2021-09-22 19:54:00,FFIV
198.795,198.795,198.56,198.57,800,2021-09-22 19:55:00,FFIV
198.51,198.65,198.45,198.52,3385,2021-09-22 19:56:00,FFIV
198.56,198.62,198.54,198.54,1425,2021-09-22 19:57:00,FFIV
198.57,198.57,198.4,198.4,1400,2021-09-22 19:58:00,FFIV
198.43,198.62,198.395,198.6,5597,2021-09-22 19:59:00,FFIV
198.59,198.59,198.59,198.59,51249,2021-09-22 20:00:00,FFIV
198.59,198.59,198.59,198.59,173,2021-09-22 20:01:00,FFIV
198.59,198.59,198.59,198.59,865,2021-09-22 20:02:00,FFIV
198.59,198.59,198.59,198.59,19784,2021-09-22 21:13:00,FFIV
198.59,198.59,198.59,198.59,2753,2021-09-22 21:14:00,FFIV
199.89,199.89,199.89,199.89,102,2021-09-23 13:28:00,FFIV
199.6,199.71,199.6,199.71,4297,2021-09-23 13:30:00,FFIV
199.9,199.9,199.77,199.77,249,2021-09-23 13:31:00,FFIV
199.99,199.99,199.98,199.98,400,2021-09-23 13:33:00,FFIV
200.17,200.33,200.17,200.33,300,2021-09-23 13:34:00,FFIV
200.145,200.28,200.11,200.28,400,2021-09-23 13:35:00,FFIV
200.47,200.48,200.47,200.48,200,2021-09-23 13:36:00,FFIV
200.84,201.01,200.79,201.01,347,2021-09-23 13:37:00,FFIV
201.49,201.49,201.49,201.49,100,2021-09-23 13:38:00,FFIV
201.41,201.41,201.41,201.41,100,2021-09-23 13:39:00,FFIV
201.35,201.35,201.245,201.245,3900,2021-09-23 13:42:00,FFIV
201.64,201.64,201.64,201.64,100,2021-09-23 13:44:00,FFIV
201.53,201.68,201.53,201.68,710,2021-09-23 13:45:00,FFIV
201.82,201.96,201.82,201.95,911,2021-09-23 13:46:00,FFIV
202.395,202.395,202.395,202.395,300,2021-09-23 13:47:00,FFIV
202.3,202.37,202.265,202.3,900,2021-09-23 13:48:00,FFIV
202.14,202.14,201.85,201.85,500,2021-09-23 13:49:00,FFIV
202.075,202.075,202.075,202.075,300,2021-09-23 13:50:00,FFIV
202.12,202.14,202.08,202.09,700,2021-09-23 13:52:00,FFIV
202.22,202.22,202.21,202.21,400,2021-09-23 13:53:00,FFIV
202.28,202.28,202.265,202.265,200,2021-09-23 13:54:00,FFIV
202.365,202.365,202.365,202.365,100,2021-09-23 13:55:00,FFIV
202.645,202.645,202.645,202.645,300,2021-09-23 13:56:00,FFIV
202.7,202.75,202.7,202.75,200,2021-09-23 13:57:00,FFIV
202.85,203.14,202.745,203.14,1500,2021-09-23 13:58:00,FFIV
203.235,203.34,203.09,203.14,2334,2021-09-23 13:59:00,FFIV
203.645,203.85,203.19,203.34,3863,2021-09-23 14:00:00,FFIV
203.28,203.28,203.22,203.22,200,2021-09-23 14:01:00,FFIV
203.2514,203.625,203.2514,203.625,1002,2021-09-23 14:02:00,FFIV
203.66,203.93,203.66,203.93,1146,2021-09-23 14:03:00,FFIV
203.565,203.565,203.515,203.515,200,2021-09-23 14:04:00,FFIV
203.5,203.5,203.21,203.21,600,2021-09-23 14:05:00,FFIV
203.42,203.42,203.42,203.42,100,2021-09-23 14:06:00,FFIV
203.5,203.5,203.5,203.5,120,2021-09-23 14:07:00,FFIV
203.57,203.59,203.23,203.235,622,2021-09-23 14:08:00,FFIV
203.28,203.362,203.28,203.362,270,2021-09-23 14:09:00,FFIV
203.31,203.31,203.31,203.31,100,2021-09-23 14:10:00,FFIV
203.355,203.355,203.09,203.22,1000,2021-09-23 14:13:00,FFIV
203.19,203.19,202.95,203.05,1101,2021-09-23 14:15:00,FFIV
203.07,203.18,203.07,203.18,400,2021-09-23 14:16:00,FFIV
203.12,203.12,203.02,203.02,400,2021-09-23 14:17:00,FFIV
203.0,203.0,202.98,202.98,200,2021-09-23 14:19:00,FFIV
202.93,203.14,202.93,203.14,400,2021-09-23 14:20:00,FFIV
203.3725,203.38,203.3725,203.38,200,2021-09-23 14:21:00,FFIV
203.305,203.305,203.305,203.305,100,2021-09-23 14:22:00,FFIV
203.45,203.45,203.45,203.45,200,2021-09-23 14:23:00,FFIV
203.32,203.32,203.16,203.16,500,2021-09-23 14:24:00,FFIV
203.16,203.27,203.16,203.27,200,2021-09-23 14:25:00,FFIV
203.27,203.27,203.13,203.13,300,2021-09-23 14:27:00,FFIV
203.15,203.165,203.15,203.165,479,2021-09-23 14:29:00,FFIV
203.27,203.27,203.11,203.14,300,2021-09-23 14:30:00,FFIV
203.16,203.34,203.16,203.34,300,2021-09-23 14:31:00,FFIV
203.34,203.39,203.34,203.39,200,2021-09-23 14:33:00,FFIV
203.43,203.43,203.3516,203.3516,280,2021-09-23 14:34:00,FFIV
203.4,203.5,203.4,203.5,200,2021-09-23 14:36:00,FFIV
203.485,203.485,203.36,203.485,500,2021-09-23 14:37:00,FFIV
203.47,203.47,203.45,203.45,200,2021-09-23 14:38:00,FFIV
203.53,203.605,203.53,203.605,440,2021-09-23 14:39:00,FFIV
203.72,203.72,203.65,203.65,500,2021-09-23 14:40:00,FFIV
203.75,203.79,203.75,203.79,360,2021-09-23 14:41:00,FFIV
203.71,203.71,203.71,203.71,362,2021-09-23 14:42:00,FFIV
203.77,203.77,203.77,203.77,100,2021-09-23 14:43:00,FFIV
203.54,203.54,203.54,203.54,100,2021-09-23 14:44:00,FFIV
203.5,203.5,203.5,203.5,100,2021-09-23 14:45:00,FFIV
203.63,203.745,203.63,203.745,200,2021-09-23 14:46:00,FFIV
203.79,203.83,203.79,203.825,300,2021-09-23 14:47:00,FFIV
204.01,204.11,203.99,204.11,400,2021-09-23 14:49:00,FFIV
204.05,204.09,204.05,204.09,200,2021-09-23 14:50:00,FFIV
204.22,204.29,204.21,204.29,1049,2021-09-23 14:51:00,FFIV
204.3425,204.355,204.26,204.26,400,2021-09-23 14:52:00,FFIV
204.3021,204.41,204.3021,204.41,228,2021-09-23 14:54:00,FFIV
204.24,204.34,204.18,204.34,500,2021-09-23 14:55:00,FFIV
204.35,204.36,204.35,204.36,200,2021-09-23 14:56:00,FFIV
204.245,204.245,204.07,204.07,200,2021-09-23 14:57:00,FFIV
204.24,204.24,204.24,204.24,100,2021-09-23 14:58:00,FFIV
204.22,204.33,204.22,204.33,200,2021-09-23 14:59:00,FFIV
204.08,204.14,204.07,204.14,900,2021-09-23 15:00:00,FFIV
204.27,204.38,204.27,204.38,900,2021-09-23 15:01:00,FFIV
204.39,204.39,204.39,204.39,100,2021-09-23 15:02:00,FFIV
204.16,204.205,204.11,204.11,300,2021-09-23 15:03:00,FFIV
204.285,204.285,204.18,204.23,400,2021-09-23 15:04:00,FFIV
204.36,204.36,204.36,204.36,100,2021-09-23 15:05:00,FFIV
204.375,204.375,204.24,204.24,200,2021-09-23 15:06:00,FFIV
204.09,204.09,203.91,203.91,300,2021-09-23 15:08:00,FFIV
203.84,203.84,203.74,203.74,300,2021-09-23 15:09:00,FFIV
203.72,203.72,203.72,203.72,100,2021-09-23 15:10:00,FFIV
203.78,203.78,203.78,203.78,100,2021-09-23 15:11:00,FFIV
203.69,203.69,203.69,203.69,100,2021-09-23 15:12:00,FFIV
203.72,203.82,203.72,203.82,200,2021-09-23 15:14:00,FFIV
203.86,203.93,203.84,203.9,700,2021-09-23 15:15:00,FFIV
203.835,203.835,203.835,203.835,269,2021-09-23 15:16:00,FFIV
203.69,203.69,203.68,203.68,200,2021-09-23 15:18:00,FFIV
203.8,203.8,203.8,203.8,100,2021-09-23 15:19:00,FFIV
203.61,203.61,203.6,203.6,300,2021-09-23 15:20:00,FFIV
203.68,203.68,203.54,203.56,600,2021-09-23 15:21:00,FFIV
203.6,203.6,203.52,203.58,1018,2021-09-23 15:23:00,FFIV
203.59,203.59,203.59,203.59,100,2021-09-23 15:24:00,FFIV
203.7,203.72,203.66,203.71,601,2021-09-23 15:27:00,FFIV
203.73,203.73,203.73,203.73,100,2021-09-23 15:28:00,FFIV
203.72,203.78,203.72,203.78,200,2021-09-23 15:29:00,FFIV
203.77,203.79,203.77,203.79,200,2021-09-23 15:30:00,FFIV
203.86,203.86,203.8,203.8,400,2021-09-23 15:31:00,FFIV
203.91,203.91,203.91,203.91,100,2021-09-23 15:33:00,FFIV
203.86,203.86,203.74,203.79,300,2021-09-23 15:34:00,FFIV
203.51,203.59,203.51,203.59,200,2021-09-23 15:36:00,FFIV
203.52,203.61,203.47,203.54,800,2021-09-23 15:38:00,FFIV
203.49,203.49,203.36,203.36,200,2021-09-23 15:40:00,FFIV
203.54,203.54,203.54,203.54,100,2021-09-23 15:41:00,FFIV
203.55,203.55,203.55,203.55,100,2021-09-23 15:42:00,FFIV
203.5,203.5,203.5,203.5,100,2021-09-23 15:43:00,FFIV
203.5,203.65,203.5,203.585,300,2021-09-23 15:45:00,FFIV
203.4823,203.4823,203.4823,203.4823,170,2021-09-23 15:47:00,FFIV
203.535,203.62,203.535,203.62,200,2021-09-23 15:48:00,FFIV
203.52,203.52,203.52,203.52,100,2021-09-23 15:49:00,FFIV
203.47,203.47,203.33,203.33,600,2021-09-23 15:50:00,FFIV
203.36,203.47,203.36,203.47,200,2021-09-23 15:51:00,FFIV
203.645,203.645,203.645,203.645,100,2021-09-23 15:55:00,FFIV
203.645,203.835,203.63,203.835,645,2021-09-23 15:57:00,FFIV
203.71,203.71,203.71,203.71,100,2021-09-23 16:00:00,FFIV
203.77,203.77,203.77,203.77,100,2021-09-23 16:02:00,FFIV
203.62,203.62,203.62,203.62,100,2021-09-23 16:03:00,FFIV
203.56,203.61,203.56,203.61,550,2021-09-23 16:04:00,FFIV
203.77,203.77,203.77,203.77,100,2021-09-23 16:05:00,FFIV
203.77,203.9,203.77,203.9,600,2021-09-23 16:07:00,FFIV
203.98,203.98,203.92,203.925,600,2021-09-23 16:08:00,FFIV
203.8,203.8,203.8,203.8,100,2021-09-23 16:12:00,FFIV
203.99,203.99,203.99,203.99,100,2021-09-23 16:14:00,FFIV
203.92,203.92,203.92,203.92,100,2021-09-23 16:15:00,FFIV
203.99,204.04,203.79,203.79,600,2021-09-23 16:16:00,FFIV
203.96,203.96,203.955,203.955,200,2021-09-23 16:17:00,FFIV
203.99,204.05,203.98,203.99,400,2021-09-23 16:18:00,FFIV
203.94,204.0,203.88,203.96,767,2021-09-23 16:19:00,FFIV
204.01,204.02,203.94,204.01,1000,2021-09-23 16:20:00,FFIV
203.88,203.88,203.88,203.88,100,2021-09-23 16:21:00,FFIV
203.87,203.88,203.83,203.83,500,2021-09-23 16:23:00,FFIV
203.75,203.8,203.75,203.8,300,2021-09-23 16:25:00,FFIV
203.83,203.83,203.83,203.83,250,2021-09-23 16:27:00,FFIV
203.8309,203.8309,203.8309,203.8309,110,2021-09-23 16:29:00,FFIV
203.82,203.84,203.82,203.84,235,2021-09-23 16:30:00,FFIV
203.85,203.96,203.85,203.96,300,2021-09-23 16:31:00,FFIV
204.01,204.01,204.01,204.01,100,2021-09-23 16:32:00,FFIV
204.06,204.06,204.06,204.06,100,2021-09-23 16:33:00,FFIV
204.117,204.14,204.11,204.11,600,2021-09-23 16:36:00,FFIV
203.93,203.93,203.93,203.93,100,2021-09-23 16:38:00,FFIV
203.91,203.91,203.91,203.91,200,2021-09-23 16:39:00,FFIV
203.94,203.95,203.8786,203.8786,302,2021-09-23 16:44:00,FFIV
203.96,203.96,203.96,203.96,100,2021-09-23 16:46:00,FFIV
203.88,203.88,203.755,203.755,15600,2021-09-23 16:49:00,FFIV
203.81,203.81,203.81,203.81,100,2021-09-23 16:52:00,FFIV
203.72,203.735,203.64,203.735,900,2021-09-23 16:53:00,FFIV
203.745,203.745,203.745,203.745,100,2021-09-23 16:54:00,FFIV
203.79,203.79,203.79,203.79,100,2021-09-23 16:55:00,FFIV
203.83,203.83,203.83,203.83,100,2021-09-23 16:56:00,FFIV
203.84,203.98,203.84,203.98,860,2021-09-23 16:59:00,FFIV
204.1,204.16,204.1,204.16,500,2021-09-23 17:01:00,FFIV
204.115,204.22,204.01,204.22,400,2021-09-23 17:02:00,FFIV
204.07,204.14,204.07,204.14,300,2021-09-23 17:06:00,FFIV
204.02,204.02,203.93,203.93,600,2021-09-23 17:07:00,FFIV
204.02,204.03,203.985,204.03,400,2021-09-23 17:09:00,FFIV
203.96,203.96,203.96,203.96,100,2021-09-23 17:10:00,FFIV
204.0,204.0,204.0,204.0,100,2021-09-23 17:11:00,FFIV
204.05,204.05,204.05,204.05,200,2021-09-23 17:12:00,FFIV
203.99,203.99,203.95,203.95,400,2021-09-23 17:15:00,FFIV
204.04,204.04,203.99,203.99,300,2021-09-23 17:19:00,FFIV
204.005,204.005,204.005,204.005,100,2021-09-23 17:20:00,FFIV
204.05,204.25,204.05,204.18,900,2021-09-23 17:21:00,FFIV
204.14,204.2,204.14,204.2,200,2021-09-23 17:22:00,FFIV
204.09,204.09,204.05,204.08,500,2021-09-23 17:23:00,FFIV
204.0564,204.0564,204.0564,204.0564,120,2021-09-23 17:26:00,FFIV
204.1,204.1,204.08,204.08,200,2021-09-23 17:27:00,FFIV
204.085,204.085,204.085,204.085,100,2021-09-23 17:28:00,FFIV
204.06,204.19,204.02,204.19,900,2021-09-23 17:30:00,FFIV
204.1,204.1,204.1,204.1,100,2021-09-23 17:31:00,FFIV
204.34,204.4,204.34,204.4,400,2021-09-23 17:35:00,FFIV
204.355,204.355,204.355,204.355,100,2021-09-23 17:36:00,FFIV
204.35,204.44,204.35,204.44,200,2021-09-23 17:37:00,FFIV
204.315,204.315,204.26,204.26,200,2021-09-23 17:38:00,FFIV
204.44,204.51,204.44,204.51,200,2021-09-23 17:39:00,FFIV
204.46,204.485,204.46,204.485,200,2021-09-23 17:40:00,FFIV
204.42,204.69,204.42,204.54,600,2021-09-23 17:41:00,FFIV
204.53,204.53,204.53,204.53,100,2021-09-23 17:42:00,FFIV
204.605,204.75,204.605,204.71,700,2021-09-23 17:44:00,FFIV
204.69,204.71,204.69,204.71,400,2021-09-23 17:46:00,FFIV
204.71,204.71,204.71,204.71,135,2021-09-23 17:50:00,FFIV
204.7,204.79,204.7,204.79,300,2021-09-23 17:51:00,FFIV
204.83,204.905,204.8,204.8,500,2021-09-23 17:52:00,FFIV
204.7,204.7,204.7,204.7,100,2021-09-23 17:53:00,FFIV
204.82,204.82,204.82,204.82,100,2021-09-23 17:54:00,FFIV
204.75,204.75,204.75,204.75,100,2021-09-23 17:57:00,FFIV
204.69,204.72,204.66,204.66,500,2021-09-23 17:58:00,FFIV
204.64,204.71,204.53,204.63,6100,2021-09-23 18:00:00,FFIV
204.89,204.9,204.84,204.9,300,2021-09-23 18:02:00,FFIV
204.835,204.835,204.835,204.835,200,2021-09-23 18:03:00,FFIV
204.71,204.82,204.71,204.82,200,2021-09-23 18:04:00,FFIV
204.71,204.71,204.51,204.51,500,2021-09-23 18:05:00,FFIV
204.545,204.545,204.12,204.31,1600,2021-09-23 18:06:00,FFIV
203.97,203.97,203.97,203.97,100,2021-09-23 18:07:00,FFIV
203.77,203.95,203.77,203.79,500,2021-09-23 18:09:00,FFIV
203.87,203.87,203.7,203.7,1600,2021-09-23 18:10:00,FFIV
203.76,203.76,203.76,203.76,100,2021-09-23 18:11:00,FFIV
203.81,203.81,203.72,203.805,700,2021-09-23 18:12:00,FFIV
203.74,203.74,203.68,203.705,400,2021-09-23 18:13:00,FFIV
203.74,203.81,203.65,203.65,300,2021-09-23 18:14:00,FFIV
203.78,203.78,203.61,203.61,1200,2021-09-23 18:15:00,FFIV
203.65,203.71,203.645,203.68,401,2021-09-23 18:16:00,FFIV
203.675,203.77,203.675,203.77,300,2021-09-23 18:17:00,FFIV
203.83,203.83,203.83,203.83,100,2021-09-23 18:18:00,FFIV
203.69,203.69,203.69,203.69,100,2021-09-23 18:19:00,FFIV
203.84,203.84,203.7,203.7,1600,2021-09-23 18:20:00,FFIV
203.695,203.78,203.51,203.55,2400,2021-09-23 18:21:00,FFIV
203.5,203.5,203.295,203.295,2698,2021-09-23 18:22:00,FFIV
203.335,203.67,203.335,203.67,600,2021-09-23 18:23:00,FFIV
203.59,203.68,203.49,203.6,1100,2021-09-23 18:24:00,FFIV
203.64,203.73,203.635,203.73,1200,2021-09-23 18:25:00,FFIV
203.61,203.66,203.56,203.585,500,2021-09-23 18:26:00,FFIV
203.56,203.56,203.49,203.49,2400,2021-09-23 18:27:00,FFIV
203.56,203.6,203.56,203.6,200,2021-09-23 18:29:00,FFIV
203.645,204.0,203.645,204.0,2100,2021-09-23 18:30:00,FFIV
203.87,203.95,203.87,203.95,200,2021-09-23 18:31:00,FFIV
204.07,204.07,204.005,204.005,300,2021-09-23 18:32:00,FFIV
203.92,203.92,203.85,203.885,300,2021-09-23 18:33:00,FFIV
203.85,203.9,203.715,203.715,1100,2021-09-23 18:34:00,FFIV
203.75,203.84,203.69,203.69,1200,2021-09-23 18:35:00,FFIV
203.47,203.47,203.46,203.46,200,2021-09-23 18:38:00,FFIV
203.545,203.565,203.545,203.565,1000,2021-09-23 18:40:00,FFIV
203.69,203.69,203.69,203.69,100,2021-09-23 18:41:00,FFIV
203.635,203.665,203.635,203.665,300,2021-09-23 18:42:00,FFIV
203.57,203.61,203.45,203.53,500,2021-09-23 18:43:00,FFIV
203.535,203.55,203.535,203.55,1000,2021-09-23 18:45:00,FFIV
203.57,203.59,203.47,203.59,500,2021-09-23 18:46:00,FFIV
203.62,203.62,203.62,203.62,116,2021-09-23 18:48:00,FFIV
203.54,203.63,203.54,203.63,200,2021-09-23 18:49:00,FFIV
203.555,203.555,203.555,203.555,1000,2021-09-23 18:50:00,FFIV
203.575,203.575,203.575,203.575,100,2021-09-23 18:51:00,FFIV
203.67,203.67,203.67,203.67,100,2021-09-23 18:52:00,FFIV
203.57,203.57,203.57,203.57,100,2021-09-23 18:53:00,FFIV
203.64,203.64,203.64,203.64,100,2021-09-23 18:54:00,FFIV
203.655,203.86,203.655,203.86,1300,2021-09-23 18:55:00,FFIV
203.88,203.94,203.88,203.88,500,2021-09-23 18:56:00,FFIV
203.83,203.84,203.73,203.73,400,2021-09-23 18:57:00,FFIV
203.85,203.85,203.74,203.74,400,2021-09-23 18:58:00,FFIV
203.84,203.84,203.84,203.84,100,2021-09-23 18:59:00,FFIV
203.845,203.845,203.78,203.78,1000,2021-09-23 19:00:00,FFIV
203.775,203.84,203.73,203.73,600,2021-09-23 19:02:00,FFIV
203.67,203.67,203.62,203.62,600,2021-09-23 19:03:00,FFIV
203.68,203.7,203.65,203.7,500,2021-09-23 19:04:00,FFIV
203.65,203.69,203.65,203.65,1000,2021-09-23 19:05:00,FFIV
203.68,203.68,203.68,203.68,100,2021-09-23 19:06:00,FFIV
203.63,203.64,203.63,203.64,200,2021-09-23 19:07:00,FFIV
203.71,203.75,203.71,203.75,500,2021-09-23 19:08:00,FFIV
203.825,203.825,203.69,203.69,400,2021-09-23 19:09:00,FFIV
203.73,203.75,203.585,203.62,1200,2021-09-23 19:10:00,FFIV
203.73,203.73,203.73,203.73,100,2021-09-23 19:11:00,FFIV
203.66,203.78,203.66,203.78,400,2021-09-23 19:12:00,FFIV
203.67,203.67,203.67,203.67,200,2021-09-23 19:13:00,FFIV
203.49,203.49,203.49,203.49,100,2021-09-23 19:14:00,FFIV
203.535,203.54,203.535,203.54,600,2021-09-23 19:15:00,FFIV
203.44,203.44,203.44,203.44,100,2021-09-23 19:16:00,FFIV
203.48,203.48,203.42,203.48,500,2021-09-23 19:17:00,FFIV
203.335,203.41,203.315,203.37,900,2021-09-23 19:20:00,FFIV
203.32,203.4,203.32,203.34,700,2021-09-23 19:21:00,FFIV
203.34,203.34,203.34,203.34,100,2021-09-23 19:23:00,FFIV
203.26,203.34,203.26,203.33,1543,2021-09-23 19:25:00,FFIV
203.28,203.315,203.27,203.315,500,2021-09-23 19:26:00,FFIV
203.24,203.3,203.24,203.295,400,2021-09-23 19:27:00,FFIV
203.34,203.34,203.34,203.34,300,2021-09-23 19:28:00,FFIV
203.26,203.26,203.22,203.22,200,2021-09-23 19:29:00,FFIV
203.27,203.45,203.215,203.45,1895,2021-09-23 19:30:00,FFIV
203.53,203.53,203.44,203.5,700,2021-09-23 19:31:00,FFIV
203.43,203.505,203.43,203.505,393,2021-09-23 19:32:00,FFIV
203.56,203.56,203.56,203.56,100,2021-09-23 19:33:00,FFIV
203.54,203.55,203.48,203.49,1100,2021-09-23 19:35:00,FFIV
203.505,203.505,203.39,203.39,1301,2021-09-23 19:36:00,FFIV
203.4,203.4,203.29,203.29,814,2021-09-23 19:37:00,FFIV
203.23,203.29,203.23,203.26,869,2021-09-23 19:38:00,FFIV
203.27,203.27,203.23,203.23,489,2021-09-23 19:39:00,FFIV
202.96,203.07,202.96,203.02,300,2021-09-23 19:40:00,FFIV
203.02,203.08,203.02,203.08,703,2021-09-23 19:41:00,FFIV
203.15,203.27,203.07,203.21,1100,2021-09-23 19:42:00,FFIV
203.21,203.21,203.21,203.21,100,2021-09-23 19:43:00,FFIV
203.26,203.27,203.26,203.2699,328,2021-09-23 19:44:00,FFIV
203.2,203.2,203.0099,203.0099,500,2021-09-23 19:45:00,FFIV
203.0,203.0,202.94,203.0,1084,2021-09-23 19:46:00,FFIV
203.0,203.0,202.95,202.95,870,2021-09-23 19:47:00,FFIV
202.97,202.9999,202.92,202.92,519,2021-09-23 19:48:00,FFIV
202.86,202.87,202.84,202.87,400,2021-09-23 19:49:00,FFIV
202.74,202.76,202.65,202.74,800,2021-09-23 19:50:00,FFIV
202.78,202.78,202.705,202.74,725,2021-09-23 19:51:00,FFIV
202.725,202.79,202.71,202.79,900,2021-09-23 19:52:00,FFIV
202.69,202.7,202.65,202.65,500,2021-09-23 19:53:00,FFIV
202.6863,202.78,202.6863,202.78,950,2021-09-23 19:54:00,FFIV
202.69,202.69,202.5,202.66,4303,2021-09-23 19:55:00,FFIV
202.67,202.9,202.65,202.8,1770,2021-09-23 19:56:00,FFIV
202.82,202.9,202.81,202.83,2617,2021-09-23 19:57:00,FFIV
202.83,202.87,202.8,202.81,900,2021-09-23 19:58:00,FFIV
202.8,202.92,202.77,202.9,4210,2021-09-23 19:59:00,FFIV
202.77,202.77,202.77,202.77,41059,2021-09-23 20:00:00,FFIV
202.77,202.77,202.77,202.77,1077,2021-09-23 20:01:00,FFIV
202.77,202.77,202.77,202.77,1673,2021-09-23 20:02:00,FFIV
202.15,202.92,202.15,202.92,5020,2021-09-24 13:30:00,FFIV
202.98,202.98,202.635,202.94,300,2021-09-24 13:36:00,FFIV
202.92,203.225,202.92,203.225,900,2021-09-24 13:37:00,FFIV
203.465,203.465,203.405,203.405,500,2021-09-24 13:41:00,FFIV
203.2752,203.2752,203.2752,203.2752,100,2021-09-24 13:45:00,FFIV
203.125,203.2,203.05,203.2,1600,2021-09-24 13:46:00,FFIV
203.19,203.435,203.12,203.435,1398,2021-09-24 13:47:00,FFIV
203.17,203.17,203.11,203.11,300,2021-09-24 13:48:00,FFIV
203.06,203.06,203.06,203.06,100,2021-09-24 13:49:00,FFIV
203.06,203.07,203.06,203.07,200,2021-09-24 13:50:00,FFIV
203.08,203.1,203.08,203.1,200,2021-09-24 13:52:00,FFIV
202.74,202.88,202.07,202.55,1600,2021-09-24 13:54:00,FFIV
202.705,202.87,202.705,202.87,300,2021-09-24 13:55:00,FFIV
202.95,202.95,202.95,202.95,100,2021-09-24 13:57:00,FFIV
203.18,203.41,203.18,203.41,200,2021-09-24 13:58:00,FFIV
203.72,203.76,203.52,203.76,800,2021-09-24 13:59:00,FFIV
203.53,203.83,203.51,203.51,400,2021-09-24 14:00:00,FFIV
203.62,203.74,203.275,203.275,1366,2021-09-24 14:01:00,FFIV
203.4,203.425,203.4,203.425,200,2021-09-24 14:02:00,FFIV
203.45,203.45,203.33,203.33,400,2021-09-24 14:03:00,FFIV
203.29,203.29,203.29,203.29,100,2021-09-24 14:04:00,FFIV
203.055,203.06,203.055,203.06,200,2021-09-24 14:05:00,FFIV
203.2,203.2,202.845,202.845,200,2021-09-24 14:07:00,FFIV
202.92,202.94,202.48,202.565,1000,2021-09-24 14:09:00,FFIV
202.58,202.65,202.57,202.65,300,2021-09-24 14:12:00,FFIV
202.35,202.67,202.35,202.625,700,2021-09-24 14:14:00,FFIV
202.82,202.95,202.82,202.95,200,2021-09-24 14:15:00,FFIV
202.76,202.76,202.75,202.75,200,2021-09-24 14:16:00,FFIV
202.69,202.695,202.65,202.695,400,2021-09-24 14:17:00,FFIV
202.57,202.57,202.57,202.57,100,2021-09-24 14:19:00,FFIV
202.62,202.62,202.62,202.62,100,2021-09-24 14:20:00,FFIV
203.14,203.14,203.14,203.14,100,2021-09-24 14:24:00,FFIV
203.12,203.12,203.12,203.12,200,2021-09-24 14:25:00,FFIV
202.91,202.91,202.91,202.91,100,2021-09-24 14:26:00,FFIV
203.1,203.1,202.91,203.08,1400,2021-09-24 14:28:00,FFIV
202.87,202.87,202.84,202.84,300,2021-09-24 14:35:00,FFIV
203.02,203.02,203.02,203.02,200,2021-09-24 14:36:00,FFIV
203.07,203.0969,203.0,203.0,400,2021-09-24 14:38:00,FFIV
203.03,203.12,203.03,203.09,300,2021-09-24 14:40:00,FFIV
203.16,203.16,203.16,203.16,100,2021-09-24 14:42:00,FFIV
203.08,203.08,203.08,203.08,200,2021-09-24 14:43:00,FFIV
203.0,203.0,203.0,203.0,100,2021-09-24 14:45:00,FFIV
203.23,203.24,203.23,203.24,200,2021-09-24 14:47:00,FFIV
203.68,203.68,203.68,203.68,100,2021-09-24 14:48:00,FFIV
203.65,203.65,203.65,203.65,200,2021-09-24 14:49:00,FFIV
203.775,203.775,203.775,203.775,112,2021-09-24 14:50:00,FFIV
203.56,203.56,203.56,203.56,100,2021-09-24 14:53:00,FFIV
203.3174,203.3174,203.3174,203.3174,200,2021-09-24 14:54:00,FFIV
203.54,203.55,203.23,203.23,400,2021-09-24 14:56:00,FFIV
203.27,203.61,203.27,203.61,500,2021-09-24 14:58:00,FFIV
203.56,203.56,203.56,203.56,100,2021-09-24 15:01:00,FFIV
203.59,203.65,203.59,203.65,300,2021-09-24 15:02:00,FFIV
203.9571,203.9571,203.9571,203.9571,100,2021-09-24 15:04:00,FFIV
203.955,203.955,203.955,203.955,100,2021-09-24 15:08:00,FFIV
203.86,203.86,203.86,203.86,100,2021-09-24 15:09:00,FFIV
203.81,203.81,203.8,203.8,200,2021-09-24 15:10:00,FFIV
203.805,203.805,203.805,203.805,139,2021-09-24 15:11:00,FFIV
203.89,203.91,203.89,203.91,600,2021-09-24 15:13:00,FFIV
203.825,203.825,203.825,203.825,100,2021-09-24 15:15:00,FFIV
203.96,203.96,203.96,203.96,100,2021-09-24 15:16:00,FFIV
203.74,203.74,203.74,203.74,100,2021-09-24 15:19:00,FFIV
203.79,203.96,203.79,203.96,300,2021-09-24 15:23:00,FFIV
203.72,203.72,203.7,203.7,200,2021-09-24 15:25:00,FFIV
203.56,203.76,203.56,203.57,400,2021-09-24 15:26:00,FFIV
203.59,203.59,203.59,203.59,100,2021-09-24 15:28:00,FFIV
203.41,203.48,203.4,203.42,600,2021-09-24 15:32:00,FFIV
203.49,203.49,203.49,203.49,100,2021-09-24 15:33:00,FFIV
203.6,203.6,203.52,203.56,1000,2021-09-24 15:35:00,FFIV
203.685,203.685,203.685,203.685,100,2021-09-24 15:38:00,FFIV
203.725,203.725,203.65,203.65,200,2021-09-24 15:41:00,FFIV
203.55,203.66,203.55,203.66,200,2021-09-24 15:42:00,FFIV
203.61,203.61,203.61,203.61,200,2021-09-24 15:44:00,FFIV
203.56,203.56,203.55,203.55,300,2021-09-24 15:45:00,FFIV
203.54,203.56,203.53,203.56,500,2021-09-24 15:49:00,FFIV
203.57,203.57,203.57,203.57,100,2021-09-24 15:51:00,FFIV
203.96,203.97,203.96,203.97,300,2021-09-24 15:57:00,FFIV
204.01,204.01,204.01,204.01,100,2021-09-24 15:59:00,FFIV
203.93,203.93,203.93,203.93,100,2021-09-24 16:01:00,FFIV
203.715,203.715,203.715,203.715,100,2021-09-24 16:04:00,FFIV
203.81,203.82,203.81,203.82,200,2021-09-24 16:06:00,FFIV
203.825,203.825,203.71,203.71,300,2021-09-24 16:11:00,FFIV
203.92,203.96,203.92,203.96,300,2021-09-24 16:12:00,FFIV
203.96,203.96,203.96,203.96,100,2021-09-24 16:15:00,FFIV
204.02,204.02,204.02,204.02,100,2021-09-24 16:19:00,FFIV
204.13,204.145,204.09,204.11,500,2021-09-24 16:21:00,FFIV
204.0,204.0,204.0,204.0,100,2021-09-24 16:24:00,FFIV
204.0791,204.09,204.02,204.04,500,2021-09-24 16:28:00,FFIV
204.045,204.045,204.045,204.045,100,2021-09-24 16:29:00,FFIV
204.065,204.065,204.065,204.065,100,2021-09-24 16:30:00,FFIV
204.14,204.14,204.14,204.14,100,2021-09-24 16:32:00,FFIV
203.985,203.985,203.85,203.85,400,2021-09-24 16:37:00,FFIV
203.88,203.88,203.88,203.88,100,2021-09-24 16:38:00,FFIV
203.92,203.92,203.92,203.92,100,2021-09-24 16:40:00,FFIV
203.915,203.915,203.915,203.915,100,2021-09-24 16:41:00,FFIV
203.83,203.83,203.83,203.83,100,2021-09-24 16:43:00,FFIV
203.69,203.69,203.69,203.69,100,2021-09-24 16:46:00,FFIV
203.725,203.725,203.725,203.725,200,2021-09-24 16:50:00,FFIV
203.575,203.575,203.575,203.575,100,2021-09-24 16:51:00,FFIV
203.54,203.54,203.475,203.5,500,2021-09-24 16:53:00,FFIV
203.58,203.59,203.51,203.59,300,2021-09-24 16:55:00,FFIV
203.53,203.53,203.53,203.53,200,2021-09-24 17:00:00,FFIV
203.46,203.46,203.46,203.46,150,2021-09-24 17:01:00,FFIV
203.47,203.47,203.47,203.47,100,2021-09-24 17:02:00,FFIV
203.46,203.46,203.45,203.45,200,2021-09-24 17:04:00,FFIV
203.4045,203.4045,203.4045,203.4045,120,2021-09-24 17:08:00,FFIV
203.42,203.42,203.42,203.42,100,2021-09-24 17:09:00,FFIV
203.6,203.6,203.6,203.6,100,2021-09-24 17:13:00,FFIV
203.55,203.55,203.55,203.55,200,2021-09-24 17:15:00,FFIV
203.57,203.57,203.57,203.57,335,2021-09-24 17:17:00,FFIV
203.63,203.63,203.63,203.63,100,2021-09-24 17:19:00,FFIV
203.57,203.6,203.56,203.6,400,2021-09-24 17:22:00,FFIV
203.65,203.65,203.65,203.65,100,2021-09-24 17:23:00,FFIV
203.66,203.66,203.6,203.6,516,2021-09-24 17:26:00,FFIV
203.63,203.63,203.63,203.63,100,2021-09-24 17:31:00,FFIV
203.62,203.62,203.62,203.62,100,2021-09-24 17:32:00,FFIV
203.5,203.5,203.5,203.5,100,2021-09-24 17:33:00,FFIV
203.52,203.57,203.52,203.57,300,2021-09-24 17:36:00,FFIV
203.26,203.43,203.26,203.43,200,2021-09-24 17:41:00,FFIV
203.52,203.52,203.52,203.52,100,2021-09-24 17:47:00,FFIV
203.59,203.59,203.59,203.59,100,2021-09-24 17:48:00,FFIV
203.54,203.54,203.54,203.54,100,2021-09-24 17:49:00,FFIV
203.655,203.655,203.61,203.61,200,2021-09-24 17:52:00,FFIV
203.42,203.42,203.42,203.42,100,2021-09-24 18:00:00,FFIV
203.54,203.58,203.54,203.58,300,2021-09-24 18:01:00,FFIV
203.69,203.69,203.69,203.69,100,2021-09-24 18:05:00,FFIV
203.72,203.72,203.72,203.72,100,2021-09-24 18:07:00,FFIV
203.67,203.67,203.66,203.66,400,2021-09-24 18:08:00,FFIV
203.745,203.745,203.745,203.745,100,2021-09-24 18:10:00,FFIV
203.68,203.81,203.6,203.6,400,2021-09-24 18:11:00,FFIV
203.78,203.78,203.78,203.78,100,2021-09-24 18:14:00,FFIV
203.63,203.63,203.61,203.61,200,2021-09-24 18:17:00,FFIV
203.84,203.84,203.84,203.84,100,2021-09-24 18:27:00,FFIV
203.81,203.82,203.81,203.82,400,2021-09-24 18:28:00,FFIV
203.77,203.77,203.77,203.77,100,2021-09-24 18:29:00,FFIV
203.83,203.83,203.83,203.83,100,2021-09-24 18:34:00,FFIV
203.785,203.95,203.785,203.95,1200,2021-09-24 18:36:00,FFIV
203.97,204.11,203.97,204.11,1300,2021-09-24 18:38:00,FFIV
203.94,204.09,203.94,204.02,900,2021-09-24 18:39:00,FFIV
204.17,204.17,204.16,204.16,200,2021-09-24 18:40:00,FFIV
204.18,204.18,204.18,204.18,100,2021-09-24 18:43:00,FFIV
204.031,204.18,204.03,204.18,500,2021-09-24 18:44:00,FFIV
204.18,204.18,204.18,204.18,200,2021-09-24 18:50:00,FFIV
204.1912,204.1912,204.1912,204.1912,200,2021-09-24 18:51:00,FFIV
204.3,204.34,204.19,204.195,1100,2021-09-24 18:52:00,FFIV
204.245,204.32,204.245,204.32,300,2021-09-24 18:59:00,FFIV
204.15,204.17,203.981,203.981,500,2021-09-24 19:01:00,FFIV
203.96,203.96,203.96,203.96,100,2021-09-24 19:02:00,FFIV
203.89,204.08,203.89,204.07,400,2021-09-24 19:03:00,FFIV
203.9997,203.9997,203.9997,203.9997,100,2021-09-24 19:05:00,FFIV
203.83,203.83,203.83,203.83,100,2021-09-24 19:07:00,FFIV
203.945,203.945,203.945,203.945,100,2021-09-24 19:08:00,FFIV
203.87,203.925,203.79,203.91,500,2021-09-24 19:09:00,FFIV
204.13,204.15,204.08,204.15,400,2021-09-24 19:14:00,FFIV
204.2,204.265,204.2,204.26,500,2021-09-24 19:18:00,FFIV
204.265,204.265,204.265,204.265,100,2021-09-24 19:19:00,FFIV
204.34,204.37,204.33,204.37,500,2021-09-24 19:20:00,FFIV
204.51,204.57,204.485,204.57,300,2021-09-24 19:23:00,FFIV
204.41,204.41,204.34,204.34,300,2021-09-24 19:25:00,FFIV
204.25,204.42,204.25,204.42,300,2021-09-24 19:26:00,FFIV
204.4,204.4,204.28,204.39,600,2021-09-24 19:29:00,FFIV
204.2,204.3,204.2,204.211,500,2021-09-24 19:33:00,FFIV
204.32,204.33,204.32,204.33,285,2021-09-24 19:34:00,FFIV
204.36,204.36,204.34,204.34,256,2021-09-24 19:35:00,FFIV
204.3,204.31,204.3,204.31,300,2021-09-24 19:36:00,FFIV
204.17,204.225,204.17,204.225,200,2021-09-24 19:37:00,FFIV
204.18,204.22,204.17,204.22,300,2021-09-24 19:38:00,FFIV
204.3,204.3,204.3,204.3,100,2021-09-24 19:40:00,FFIV
204.2,204.2,204.2,204.2,100,2021-09-24 19:41:00,FFIV
204.23,204.27,204.23,204.27,200,2021-09-24 19:42:00,FFIV
204.3,204.31,204.24,204.28,500,2021-09-24 19:44:00,FFIV
204.38,204.53,204.335,204.49,2200,2021-09-24 19:45:00,FFIV
204.55,204.55,204.55,204.55,233,2021-09-24 19:46:00,FFIV
204.66,204.66,204.58,204.58,400,2021-09-24 19:47:00,FFIV
204.52,204.56,204.52,204.56,400,2021-09-24 19:48:00,FFIV
204.49,204.49,204.47,204.48,300,2021-09-24 19:49:00,FFIV
204.33,204.33,204.33,204.33,100,2021-09-24 19:51:00,FFIV
204.385,204.46,204.385,204.42,500,2021-09-24 19:52:00,FFIV
204.44,204.44,204.44,204.44,100,2021-09-24 19:53:00,FFIV
204.22,204.22,204.13,204.13,300,2021-09-24 19:55:00,FFIV
204.17,204.18,204.12,204.12,500,2021-09-24 19:56:00,FFIV
204.15,204.44,204.13,204.4,1816,2021-09-24 19:57:00,FFIV
204.44,204.445,204.23,204.39,1700,2021-09-24 19:58:00,FFIV
204.32,204.36,204.11,204.24,2511,2021-09-24 19:59:00,FFIV
204.15,204.15,204.15,204.15,23665,2021-09-24 20:00:00,FFIV
204.15,204.15,204.15,204.15,311,2021-09-24 20:01:00,FFIV
204.15,204.15,204.15,204.15,2149,2021-09-24 20:02:00,FFIV
