open,high,low,close,volume,datetime,symbol
43.9,43.9,43.9,43.9,1203,2021-04-13 13:30:00,TRHC
44.32,44.32,44.32,44.32,100,2021-04-13 13:33:00,TRHC
43.72,43.72,43.72,43.72,100,2021-04-13 13:35:00,TRHC
43.91,43.91,43.91,43.91,100,2021-04-13 13:40:00,TRHC
44.12,44.12,44.12,44.12,100,2021-04-13 13:51:00,TRHC
43.93,43.93,43.91,43.91,400,2021-04-13 13:53:00,TRHC
43.92,43.93,43.92,43.93,280,2021-04-13 13:54:00,TRHC
44.13,44.13,44.09,44.13,785,2021-04-13 13:56:00,TRHC
43.96,43.96,43.96,43.96,100,2021-04-13 13:57:00,TRHC
43.8,44.035,43.8,43.94,2200,2021-04-13 13:58:00,TRHC
44.09,44.25,44.09,44.2295,2771,2021-04-13 13:59:00,TRHC
44.185,44.185,44.185,44.185,200,2021-04-13 14:00:00,TRHC
44.04,44.08,44.0,44.0,900,2021-04-13 14:04:00,TRHC
44.065,44.065,44.065,44.065,100,2021-04-13 14:06:00,TRHC
43.84,43.84,43.84,43.84,100,2021-04-13 14:08:00,TRHC
44.23,44.23,44.23,44.23,100,2021-04-13 14:14:00,TRHC
44.005,44.005,44.005,44.005,100,2021-04-13 14:17:00,TRHC
43.89,43.89,43.85,43.85,300,2021-04-13 14:18:00,TRHC
44.0177,44.0177,44.005,44.005,201,2021-04-13 14:20:00,TRHC
44.045,44.045,44.04,44.04,334,2021-04-13 14:23:00,TRHC
44.15,44.35,44.15,44.285,700,2021-04-13 14:24:00,TRHC
44.39,44.39,44.39,44.39,100,2021-04-13 14:25:00,TRHC
44.63,44.63,44.63,44.63,100,2021-04-13 14:33:00,TRHC
44.53,44.55,44.37,44.37,1325,2021-04-13 14:37:00,TRHC
44.4,44.47,44.251,44.251,5540,2021-04-13 14:39:00,TRHC
44.35,44.41,44.27,44.27,1841,2021-04-13 14:40:00,TRHC
44.22,44.39,44.22,44.35,400,2021-04-13 14:41:00,TRHC
44.375,44.375,44.375,44.375,1000,2021-04-13 14:49:00,TRHC
44.38,44.38,44.38,44.38,100,2021-04-13 14:50:00,TRHC
44.39,44.39,44.16,44.16,1400,2021-04-13 14:54:00,TRHC
44.1,44.1,43.995,43.995,875,2021-04-13 14:58:00,TRHC
44.005,44.005,44.005,44.005,100,2021-04-13 15:00:00,TRHC
43.92,44.0,43.91,43.91,400,2021-04-13 15:03:00,TRHC
43.91,43.91,43.9,43.9,320,2021-04-13 15:09:00,TRHC
43.92,43.94,43.92,43.94,300,2021-04-13 15:11:00,TRHC
43.915,43.915,43.915,43.915,100,2021-04-13 15:16:00,TRHC
43.92,43.92,43.92,43.92,300,2021-04-13 15:17:00,TRHC
43.92,43.92,43.92,43.92,350,2021-04-13 15:19:00,TRHC
43.8,43.8,43.8,43.8,100,2021-04-13 15:21:00,TRHC
43.9,43.9,43.9,43.9,300,2021-04-13 15:23:00,TRHC
43.9,43.9,43.9,43.9,100,2021-04-13 15:28:00,TRHC
43.92,43.92,43.92,43.92,220,2021-04-13 15:35:00,TRHC
43.92,43.92,43.92,43.92,100,2021-04-13 15:36:00,TRHC
43.92,43.92,43.92,43.92,200,2021-04-13 15:40:00,TRHC
43.9457,44.02,43.86,43.86,310,2021-04-13 15:45:00,TRHC
43.86,43.86,43.85,43.85,290,2021-04-13 15:49:00,TRHC
43.81,43.81,43.8,43.8,400,2021-04-13 16:01:00,TRHC
43.815,43.815,43.76,43.76,949,2021-04-13 16:02:00,TRHC
43.72,43.72,43.71,43.71,400,2021-04-13 16:13:00,TRHC
43.83,43.83,43.83,43.83,100,2021-04-13 16:17:00,TRHC
43.83,43.83,43.83,43.83,241,2021-04-13 16:22:00,TRHC
43.825,43.825,43.825,43.825,200,2021-04-13 16:25:00,TRHC
43.825,43.825,43.825,43.825,202,2021-04-13 16:29:00,TRHC
43.8,43.825,43.72,43.8,1400,2021-04-13 16:31:00,TRHC
44.06,44.06,44.06,44.06,100,2021-04-13 16:33:00,TRHC
43.995,43.995,43.995,43.995,100,2021-04-13 16:37:00,TRHC
43.94,43.94,43.92,43.92,500,2021-04-13 16:39:00,TRHC
43.9,43.9,43.9,43.9,100,2021-04-13 16:47:00,TRHC
43.889,43.889,43.889,43.889,917,2021-04-13 17:03:00,TRHC
43.9,43.9,43.9,43.9,100,2021-04-13 17:07:00,TRHC
43.9,43.9,43.9,43.9,100,2021-04-13 17:08:00,TRHC
43.875,43.875,43.82,43.83,600,2021-04-13 17:09:00,TRHC
43.875,43.9,43.83,43.8704,1600,2021-04-13 17:10:00,TRHC
43.9,43.91,43.9,43.91,400,2021-04-13 17:14:00,TRHC
43.87,43.87,43.77,43.77,700,2021-04-13 17:19:00,TRHC
43.7101,43.7101,43.7101,43.7101,205,2021-04-13 17:24:00,TRHC
43.755,43.755,43.755,43.755,400,2021-04-13 17:37:00,TRHC
43.755,43.8,43.755,43.8,200,2021-04-13 17:38:00,TRHC
43.8,43.855,43.8,43.855,800,2021-04-13 17:52:00,TRHC
43.79,43.79,43.79,43.79,200,2021-04-13 17:56:00,TRHC
43.855,43.92,43.855,43.92,300,2021-04-13 17:59:00,TRHC
43.93,43.985,43.93,43.985,200,2021-04-13 18:07:00,TRHC
43.93,44.0,43.92,43.99,2444,2021-04-13 18:16:00,TRHC
43.93,43.99,43.93,43.99,200,2021-04-13 18:18:00,TRHC
43.985,43.985,43.985,43.985,100,2021-04-13 18:21:00,TRHC
43.985,44.06,43.985,44.06,300,2021-04-13 18:22:00,TRHC
44.1,44.1,44.1,44.1,200,2021-04-13 18:27:00,TRHC
44.1,44.1,44.1,44.1,200,2021-04-13 18:29:00,TRHC
44.105,44.105,44.105,44.105,100,2021-04-13 18:33:00,TRHC
44.05,44.05,44.01,44.05,700,2021-04-13 18:34:00,TRHC
44.05,44.05,44.05,44.05,100,2021-04-13 18:39:00,TRHC
44.085,44.085,44.085,44.085,100,2021-04-13 18:40:00,TRHC
44.105,44.105,44.05,44.05,600,2021-04-13 18:42:00,TRHC
43.995,43.995,43.995,43.995,100,2021-04-13 18:46:00,TRHC
43.995,44.06,43.995,44.06,300,2021-04-13 18:53:00,TRHC
43.91,43.91,43.91,43.91,100,2021-04-13 18:54:00,TRHC
44.06,44.06,44.04,44.06,726,2021-04-13 18:58:00,TRHC
44.16,44.18,44.09,44.11,2500,2021-04-13 19:02:00,TRHC
44.02,44.02,43.98,44.01,300,2021-04-13 19:03:00,TRHC
44.09,44.1,44.09,44.1,910,2021-04-13 19:09:00,TRHC
44.1,44.12,44.1,44.12,200,2021-04-13 19:10:00,TRHC
44.1,44.1,44.02,44.02,800,2021-04-13 19:13:00,TRHC
44.09,44.105,44.09,44.1,400,2021-04-13 19:15:00,TRHC
44.08,44.08,44.06,44.06,1639,2021-04-13 19:16:00,TRHC
44.06,44.06,44.06,44.06,100,2021-04-13 19:18:00,TRHC
44.02,44.02,44.02,44.02,100,2021-04-13 19:19:00,TRHC
44.125,44.125,44.125,44.125,100,2021-04-13 19:21:00,TRHC
44.1,44.1,44.1,44.1,100,2021-04-13 19:26:00,TRHC
44.1,44.1,44.02,44.02,300,2021-04-13 19:29:00,TRHC
44.025,44.025,44.0,44.0,200,2021-04-13 19:31:00,TRHC
44.0,44.0,43.9,43.9,400,2021-04-13 19:32:00,TRHC
43.89,43.89,43.89,43.89,400,2021-04-13 19:34:00,TRHC
43.95,43.95,43.93,43.93,200,2021-04-13 19:41:00,TRHC
44.06,44.06,44.06,44.06,100,2021-04-13 19:42:00,TRHC
44.06,44.06,44.06,44.06,100,2021-04-13 19:43:00,TRHC
44.07,44.07,44.07,44.07,100,2021-04-13 19:47:00,TRHC
44.03,44.11,44.03,44.1,700,2021-04-13 19:48:00,TRHC
44.05,44.13,44.05,44.13,200,2021-04-13 19:49:00,TRHC
44.1,44.1,44.1,44.1,100,2021-04-13 19:50:00,TRHC
44.02,44.02,44.02,44.02,100,2021-04-13 19:52:00,TRHC
44.03,44.04,43.99,43.99,600,2021-04-13 19:53:00,TRHC
44.02,44.04,43.98,43.98,400,2021-04-13 19:54:00,TRHC
44.03,44.04,43.99,44.035,425,2021-04-13 19:55:00,TRHC
43.99,44.02,43.98,43.99,830,2021-04-13 19:56:00,TRHC
43.99,43.99,43.99,43.99,198,2021-04-13 19:57:00,TRHC
44.02,44.08,43.9,43.9,2031,2021-04-13 19:58:00,TRHC
44.0,44.0,43.85,43.96,3544,2021-04-13 19:59:00,TRHC
44.01,44.01,44.01,44.01,22562,2021-04-13 20:00:00,TRHC
44.01,44.03,44.01,44.03,1172,2021-04-14 13:30:00,TRHC
44.05,44.05,44.05,44.05,100,2021-04-14 13:35:00,TRHC
43.59,43.59,43.59,43.59,100,2021-04-14 13:40:00,TRHC
44.22,44.22,44.22,44.22,100,2021-04-14 13:41:00,TRHC
43.98,43.98,43.98,43.98,100,2021-04-14 13:45:00,TRHC
44.4,44.4,44.4,44.4,100,2021-04-14 13:52:00,TRHC
44.1,44.1,44.1,44.1,100,2021-04-14 13:53:00,TRHC
44.59,44.605,44.35,44.35,300,2021-04-14 13:59:00,TRHC
44.32,44.32,44.32,44.32,100,2021-04-14 14:01:00,TRHC
44.33,44.33,44.05,44.05,1130,2021-04-14 14:03:00,TRHC
44.155,44.155,44.05,44.05,200,2021-04-14 14:04:00,TRHC
44.35,44.35,43.95,43.95,2200,2021-04-14 14:08:00,TRHC
44.17,44.17,44.17,44.17,100,2021-04-14 14:14:00,TRHC
44.13,44.23,44.08,44.08,691,2021-04-14 14:15:00,TRHC
44.11,44.33,44.1,44.185,1800,2021-04-14 14:16:00,TRHC
44.13,44.13,44.13,44.13,100,2021-04-14 14:17:00,TRHC
44.22,44.22,44.15,44.15,300,2021-04-14 14:21:00,TRHC
44.07,44.07,44.07,44.07,100,2021-04-14 14:23:00,TRHC
44.15,44.15,43.95,43.95,1001,2021-04-14 14:24:00,TRHC
43.95,44.05,43.95,44.05,1000,2021-04-14 14:42:00,TRHC
44.073,44.073,43.8404,43.8404,1254,2021-04-14 14:44:00,TRHC
44.05,44.05,44.05,44.05,100,2021-04-14 14:52:00,TRHC
44.05,44.08,44.05,44.08,406,2021-04-14 14:53:00,TRHC
44.21,44.21,44.05,44.05,200,2021-04-14 14:57:00,TRHC
44.1121,44.1121,44.1121,44.1121,131,2021-04-14 15:05:00,TRHC
44.061,44.061,43.925,44.05,1100,2021-04-14 15:07:00,TRHC
44.05,44.05,44.05,44.05,200,2021-04-14 15:08:00,TRHC
44.1568,44.1568,44.1568,44.1568,137,2021-04-14 15:16:00,TRHC
44.0,44.0,44.0,44.0,200,2021-04-14 15:19:00,TRHC
43.99,44.09,43.92,44.05,500,2021-04-14 15:21:00,TRHC
43.9,43.9,43.9,43.9,100,2021-04-14 15:23:00,TRHC
44.05,44.05,43.91,44.05,717,2021-04-14 15:27:00,TRHC
44.02,44.05,44.02,44.05,300,2021-04-14 15:29:00,TRHC
44.05,44.05,44.05,44.05,300,2021-04-14 15:34:00,TRHC
44.05,44.11,43.96,43.96,800,2021-04-14 15:36:00,TRHC
44.05,44.05,44.05,44.05,100,2021-04-14 15:37:00,TRHC
43.91,43.91,43.91,43.91,100,2021-04-14 15:44:00,TRHC
44.02,44.16,44.02,44.05,700,2021-04-14 15:46:00,TRHC
44.1,44.1,44.05,44.05,200,2021-04-14 15:47:00,TRHC
44.15,44.15,44.03,44.05,600,2021-04-14 15:50:00,TRHC
44.16,44.16,44.055,44.055,300,2021-04-14 15:53:00,TRHC
44.125,44.125,44.02,44.02,400,2021-04-14 15:54:00,TRHC
43.955,43.97,43.95,43.96,600,2021-04-14 15:55:00,TRHC
44.05,44.05,44.05,44.05,1564,2021-04-14 15:56:00,TRHC
43.96,43.96,43.96,43.96,100,2021-04-14 16:03:00,TRHC
43.97,44.0,43.97,44.0,200,2021-04-14 16:08:00,TRHC
44.04,44.065,44.04,44.06,700,2021-04-14 16:13:00,TRHC
44.065,44.065,44.065,44.065,100,2021-04-14 16:15:00,TRHC
44.05,44.05,44.05,44.05,100,2021-04-14 16:17:00,TRHC
44.04,44.04,44.0,44.0,200,2021-04-14 16:20:00,TRHC
44.06,44.06,44.06,44.06,100,2021-04-14 16:23:00,TRHC
44.07,44.07,44.07,44.07,100,2021-04-14 16:24:00,TRHC
44.07,44.11,43.97,43.98,1000,2021-04-14 16:26:00,TRHC
43.91,43.91,43.91,43.91,100,2021-04-14 16:28:00,TRHC
43.9,43.9,43.86,43.86,1962,2021-04-14 16:29:00,TRHC
43.97,43.98,43.87,43.98,5525,2021-04-14 16:30:00,TRHC
44.0,44.07,43.95,43.95,3306,2021-04-14 16:31:00,TRHC
43.98,43.98,43.98,43.98,400,2021-04-14 16:32:00,TRHC
43.96,43.99,43.95,43.98,1061,2021-04-14 16:33:00,TRHC
43.995,43.995,43.99,43.99,200,2021-04-14 16:34:00,TRHC
44.04,44.04,44.04,44.04,272,2021-04-14 16:35:00,TRHC
44.04,44.04,44.04,44.04,100,2021-04-14 16:36:00,TRHC
43.96,44.04,43.96,44.04,792,2021-04-14 16:40:00,TRHC
44.005,44.005,44.005,44.005,300,2021-04-14 16:41:00,TRHC
44.05,44.085,44.05,44.085,800,2021-04-14 16:46:00,TRHC
44.1326,44.1326,44.1326,44.1326,113,2021-04-14 16:49:00,TRHC
44.05,44.085,44.05,44.085,200,2021-04-14 16:52:00,TRHC
44.08,44.08,44.08,44.08,100,2021-04-14 16:56:00,TRHC
44.04,44.04,44.04,44.04,353,2021-04-14 17:01:00,TRHC
44.09,44.09,44.09,44.09,100,2021-04-14 17:09:00,TRHC
44.09,44.09,44.05,44.055,1200,2021-04-14 17:10:00,TRHC
44.06,44.07,44.06,44.07,300,2021-04-14 17:11:00,TRHC
44.07,44.07,44.07,44.07,160,2021-04-14 17:13:00,TRHC
44.06,44.07,44.06,44.07,500,2021-04-14 17:14:00,TRHC
44.1,44.1,44.055,44.055,500,2021-04-14 17:15:00,TRHC
44.055,44.105,44.055,44.105,414,2021-04-14 17:19:00,TRHC
44.06,44.27,44.05,44.245,1700,2021-04-14 17:20:00,TRHC
44.305,44.305,44.305,44.305,100,2021-04-14 17:21:00,TRHC
44.37,44.39,44.245,44.245,700,2021-04-14 17:29:00,TRHC
44.245,44.29,44.17,44.24,3082,2021-04-14 17:30:00,TRHC
44.245,44.275,44.21,44.275,1299,2021-04-14 17:31:00,TRHC
44.275,44.275,44.245,44.245,300,2021-04-14 17:32:00,TRHC
44.32,44.32,44.31,44.32,300,2021-04-14 17:33:00,TRHC
44.27,44.35,44.25,44.25,2851,2021-04-14 17:35:00,TRHC
44.3,44.35,44.3,44.35,200,2021-04-14 17:44:00,TRHC
44.37,44.38,44.37,44.38,200,2021-04-14 17:45:00,TRHC
44.57,44.57,44.515,44.515,577,2021-04-14 17:48:00,TRHC
44.55,44.6,44.55,44.6,400,2021-04-14 17:52:00,TRHC
44.52,44.52,44.52,44.52,100,2021-04-14 17:58:00,TRHC
44.44,44.54,44.425,44.425,384,2021-04-14 18:04:00,TRHC
44.31,44.31,44.25,44.255,400,2021-04-14 18:09:00,TRHC
44.2,44.2,44.2,44.2,100,2021-04-14 18:11:00,TRHC
44.19,44.245,44.19,44.245,400,2021-04-14 18:12:00,TRHC
44.26,44.36,44.26,44.32,400,2021-04-14 18:14:00,TRHC
44.395,44.395,44.395,44.395,100,2021-04-14 18:15:00,TRHC
44.47,44.57,44.47,44.57,300,2021-04-14 18:21:00,TRHC
44.6,44.63,44.6,44.63,230,2021-04-14 18:26:00,TRHC
44.635,44.635,44.635,44.635,200,2021-04-14 18:28:00,TRHC
44.59,44.59,44.59,44.59,100,2021-04-14 18:33:00,TRHC
44.65,44.65,44.63,44.63,200,2021-04-14 18:51:00,TRHC
44.52,44.535,44.52,44.535,300,2021-04-14 18:53:00,TRHC
44.545,44.6,44.5,44.545,600,2021-04-14 18:54:00,TRHC
44.48,44.48,44.29,44.37,1000,2021-04-14 18:55:00,TRHC
44.375,44.375,44.3,44.375,300,2021-04-14 18:56:00,TRHC
44.375,44.375,44.375,44.375,200,2021-04-14 18:57:00,TRHC
44.375,44.375,44.29,44.29,600,2021-04-14 18:58:00,TRHC
44.22,44.22,44.22,44.22,300,2021-04-14 18:59:00,TRHC
43.91,43.91,43.91,43.91,100,2021-04-14 19:02:00,TRHC
44.05,44.15,44.05,44.13,983,2021-04-14 19:04:00,TRHC
44.13,44.22,44.05,44.22,1100,2021-04-14 19:05:00,TRHC
44.175,44.175,44.175,44.175,100,2021-04-14 19:06:00,TRHC
44.13,44.13,44.12,44.12,200,2021-04-14 19:07:00,TRHC
44.12,44.12,43.92,43.92,300,2021-04-14 19:08:00,TRHC
44.03,44.12,43.98,44.12,1100,2021-04-14 19:12:00,TRHC
44.115,44.125,44.05,44.05,800,2021-04-14 19:13:00,TRHC
44.05,44.05,43.9,43.9,200,2021-04-14 19:14:00,TRHC
44.1,44.1,44.1,44.1,100,2021-04-14 19:17:00,TRHC
44.05,44.065,44.02,44.065,600,2021-04-14 19:19:00,TRHC
44.05,44.05,44.0,44.0,2040,2021-04-14 19:22:00,TRHC
44.06,44.06,44.05,44.05,200,2021-04-14 19:23:00,TRHC
44.01,44.01,44.01,44.01,200,2021-04-14 19:24:00,TRHC
44.01,44.01,44.005,44.005,200,2021-04-14 19:27:00,TRHC
43.98,44.02,43.96,44.015,1246,2021-04-14 19:35:00,TRHC
44.02,44.02,43.99,44.01,400,2021-04-14 19:36:00,TRHC
44.05,44.08,44.03,44.05,2199,2021-04-14 19:38:00,TRHC
44.05,44.05,44.0,44.01,700,2021-04-14 19:39:00,TRHC
44.024,44.024,44.01,44.0125,400,2021-04-14 19:40:00,TRHC
44.015,44.015,44.015,44.015,100,2021-04-14 19:41:00,TRHC
43.99,43.99,43.99,43.99,100,2021-04-14 19:42:00,TRHC
43.98,43.98,43.98,43.98,100,2021-04-14 19:43:00,TRHC
44.01,44.08,44.01,44.075,400,2021-04-14 19:44:00,TRHC
44.15,44.15,44.08,44.08,1100,2021-04-14 19:45:00,TRHC
44.07,44.105,44.05,44.06,1703,2021-04-14 19:46:00,TRHC
44.05,44.05,44.05,44.05,520,2021-04-14 19:47:00,TRHC
44.0,44.0,44.0,44.0,300,2021-04-14 19:48:00,TRHC
44.04,44.05,44.04,44.05,200,2021-04-14 19:49:00,TRHC
44.05,44.115,43.97,44.05,3100,2021-04-14 19:50:00,TRHC
44.04,44.07,44.04,44.05,903,2021-04-14 19:51:00,TRHC
44.05,44.0575,44.0,44.0,1951,2021-04-14 19:52:00,TRHC
43.96,43.96,43.96,43.96,100,2021-04-14 19:53:00,TRHC
43.91,43.935,43.91,43.935,300,2021-04-14 19:54:00,TRHC
43.89,43.91,43.88,43.91,800,2021-04-14 19:55:00,TRHC
43.92,43.92,43.92,43.92,100,2021-04-14 19:56:00,TRHC
43.95,43.96,43.95,43.96,337,2021-04-14 19:57:00,TRHC
43.9,43.91,43.88,43.91,300,2021-04-14 19:58:00,TRHC
43.97,44.0,43.96,43.96,1251,2021-04-14 19:59:00,TRHC
43.95,43.95,43.95,43.95,22124,2021-04-14 20:00:00,TRHC
44.05,44.05,44.05,44.05,2248,2021-04-15 13:30:00,TRHC
43.96,43.96,43.95,43.95,700,2021-04-15 13:38:00,TRHC
44.25,44.25,44.25,44.25,100,2021-04-15 13:45:00,TRHC
44.425,44.425,44.24,44.24,765,2021-04-15 13:49:00,TRHC
44.25,44.25,44.25,44.25,100,2021-04-15 13:50:00,TRHC
44.6,44.6,44.19,44.19,804,2021-04-15 13:52:00,TRHC
44.76,44.76,44.76,44.76,200,2021-04-15 13:59:00,TRHC
44.46,44.46,44.46,44.46,600,2021-04-15 14:05:00,TRHC
44.11,44.165,44.08,44.08,505,2021-04-15 14:06:00,TRHC
44.22,44.22,44.22,44.22,100,2021-04-15 14:11:00,TRHC
44.34,44.405,44.3,44.3,400,2021-04-15 14:14:00,TRHC
44.195,44.2,44.04,44.05,932,2021-04-15 14:18:00,TRHC
44.05,44.05,44.05,44.05,100,2021-04-15 14:19:00,TRHC
44.215,44.215,44.215,44.215,100,2021-04-15 14:21:00,TRHC
44.34,44.34,44.34,44.34,173,2021-04-15 14:27:00,TRHC
44.44,44.445,44.33,44.33,362,2021-04-15 14:33:00,TRHC
44.32,44.32,44.32,44.32,100,2021-04-15 14:34:00,TRHC
44.36,44.36,44.34,44.34,400,2021-04-15 14:42:00,TRHC
44.27,44.27,44.27,44.27,100,2021-04-15 14:43:00,TRHC
44.5,44.5,44.5,44.5,100,2021-04-15 14:46:00,TRHC
44.465,44.465,44.44,44.44,740,2021-04-15 14:47:00,TRHC
44.43,44.43,44.43,44.43,100,2021-04-15 14:48:00,TRHC
44.455,44.455,44.26,44.26,2600,2021-04-15 14:49:00,TRHC
44.35,44.4,44.01,44.11,3708,2021-04-15 14:50:00,TRHC
44.2,44.27,44.08,44.08,700,2021-04-15 14:51:00,TRHC
44.3676,44.3676,44.3676,44.3676,116,2021-04-15 14:52:00,TRHC
44.15,44.2,44.09,44.09,25700,2021-04-15 14:53:00,TRHC
43.97,44.12,43.97,44.065,3117,2021-04-15 14:54:00,TRHC
44.02,44.02,43.991,43.991,400,2021-04-15 14:55:00,TRHC
43.93,44.0,43.93,43.93,300,2021-04-15 14:58:00,TRHC
43.9,43.9,43.8738,43.8738,443,2021-04-15 15:01:00,TRHC
43.89,43.93,43.84,43.84,900,2021-04-15 15:06:00,TRHC
43.88,43.89,43.88,43.89,1100,2021-04-15 15:07:00,TRHC
43.89,43.91,43.86,43.86,1200,2021-04-15 15:08:00,TRHC
43.89,43.89,43.89,43.89,100,2021-04-15 15:09:00,TRHC
43.84,43.85,43.84,43.85,400,2021-04-15 15:10:00,TRHC
43.76,43.76,43.74,43.74,305,2021-04-15 15:14:00,TRHC
43.64,43.65,43.64,43.65,467,2021-04-15 15:19:00,TRHC
43.65,43.66,43.615,43.66,600,2021-04-15 15:20:00,TRHC
43.65,43.82,43.64,43.82,1900,2021-04-15 15:23:00,TRHC
43.83,43.83,43.83,43.83,300,2021-04-15 15:24:00,TRHC
43.87,43.89,43.87,43.89,1200,2021-04-15 15:25:00,TRHC
43.89,43.95,43.89,43.95,400,2021-04-15 15:26:00,TRHC
44.03,44.09,44.03,44.09,200,2021-04-15 15:27:00,TRHC
44.235,44.235,44.235,44.235,100,2021-04-15 15:32:00,TRHC
44.245,44.245,44.245,44.245,100,2021-04-15 15:36:00,TRHC
44.12,44.12,44.12,44.12,200,2021-04-15 15:37:00,TRHC
44.26,44.26,44.26,44.26,100,2021-04-15 15:38:00,TRHC
44.25,44.25,44.25,44.25,25000,2021-04-15 15:45:00,TRHC
44.48,44.48,44.48,44.48,100,2021-04-15 15:49:00,TRHC
44.49,44.55,44.49,44.55,1000,2021-04-15 15:50:00,TRHC
44.56,44.56,44.56,44.56,100,2021-04-15 15:53:00,TRHC
44.69,44.69,44.69,44.69,100,2021-04-15 15:54:00,TRHC
44.82,44.83,44.82,44.82,300,2021-04-15 15:56:00,TRHC
44.68,44.81,44.66,44.81,2001,2021-04-15 15:57:00,TRHC
44.74,44.86,44.67,44.79,5710,2021-04-15 15:58:00,TRHC
44.78,44.815,44.73,44.8,2794,2021-04-15 15:59:00,TRHC
44.76,44.76,44.71,44.71,400,2021-04-15 16:00:00,TRHC
44.62,44.7,44.62,44.7,400,2021-04-15 16:01:00,TRHC
44.56,44.56,44.56,44.56,100,2021-04-15 16:02:00,TRHC
44.51,44.51,44.51,44.51,100,2021-04-15 16:08:00,TRHC
44.49,44.49,44.47,44.47,400,2021-04-15 16:09:00,TRHC
44.53,44.53,44.53,44.53,100,2021-04-15 16:10:00,TRHC
44.475,44.475,44.475,44.475,100,2021-04-15 16:23:00,TRHC
44.55,44.55,44.55,44.55,100,2021-04-15 16:25:00,TRHC
44.55,44.61,44.5,44.5,400,2021-04-15 16:26:00,TRHC
44.56,44.56,44.56,44.56,100,2021-04-15 16:28:00,TRHC
44.62,44.62,44.6,44.6,801,2021-04-15 16:29:00,TRHC
44.61,44.61,44.61,44.61,100,2021-04-15 16:30:00,TRHC
44.72,44.72,44.72,44.72,200,2021-04-15 16:32:00,TRHC
44.78,44.78,44.78,44.78,100,2021-04-15 16:36:00,TRHC
44.66,44.66,44.56,44.57,1000,2021-04-15 16:38:00,TRHC
44.615,44.684,44.53,44.54,1600,2021-04-15 16:39:00,TRHC
44.55,44.56,44.55,44.56,300,2021-04-15 16:40:00,TRHC
44.74,44.74,44.74,44.74,200,2021-04-15 16:47:00,TRHC
44.54,44.54,44.54,44.54,100,2021-04-15 16:48:00,TRHC
44.77,44.77,44.695,44.695,300,2021-04-15 16:52:00,TRHC
44.67,44.67,44.67,44.67,150,2021-04-15 16:58:00,TRHC
44.76,44.76,44.665,44.665,200,2021-04-15 17:00:00,TRHC
44.72,44.75,44.71,44.71,590,2021-04-15 17:03:00,TRHC
44.725,44.725,44.725,44.725,100,2021-04-15 17:07:00,TRHC
44.77,44.77,44.76,44.76,400,2021-04-15 17:10:00,TRHC
44.76,44.76,44.76,44.76,100,2021-04-15 17:12:00,TRHC
44.7,44.76,44.7,44.76,200,2021-04-15 17:13:00,TRHC
44.765,44.765,44.765,44.765,100,2021-04-15 17:18:00,TRHC
44.82,44.835,44.82,44.835,300,2021-04-15 17:19:00,TRHC
44.78,44.83,44.76,44.83,500,2021-04-15 17:20:00,TRHC
44.79,44.79,44.76,44.78,1100,2021-04-15 17:21:00,TRHC
44.7,44.78,44.57,44.57,500,2021-04-15 17:22:00,TRHC
44.58,44.58,44.58,44.58,100,2021-04-15 17:26:00,TRHC
44.64,44.64,44.64,44.64,600,2021-04-15 17:30:00,TRHC
44.685,44.685,44.56,44.56,800,2021-04-15 17:36:00,TRHC
44.54,44.54,44.54,44.54,100,2021-04-15 17:37:00,TRHC
44.695,44.695,44.695,44.695,502,2021-04-15 17:42:00,TRHC
44.64,44.64,44.64,44.64,100,2021-04-15 17:43:00,TRHC
44.67,44.67,44.63,44.63,1400,2021-04-15 17:44:00,TRHC
44.62,44.88,44.6105,44.76,3338,2021-04-15 17:45:00,TRHC
44.725,44.725,44.725,44.725,100,2021-04-15 17:46:00,TRHC
44.7,44.7,44.5,44.595,730,2021-04-15 17:47:00,TRHC
44.605,44.605,44.605,44.605,100,2021-04-15 17:50:00,TRHC
44.59,44.59,44.56,44.56,400,2021-04-15 17:52:00,TRHC
44.49,44.49,44.46,44.48,600,2021-04-15 17:53:00,TRHC
44.62,44.62,44.62,44.62,100,2021-04-15 17:55:00,TRHC
44.54,44.54,44.52,44.52,300,2021-04-15 17:59:00,TRHC
44.48,44.48,44.39,44.39,500,2021-04-15 18:01:00,TRHC
44.27,44.27,44.21,44.21,400,2021-04-15 18:02:00,TRHC
44.13,44.13,44.13,44.13,500,2021-04-15 18:03:00,TRHC
44.36,44.36,44.36,44.36,275,2021-04-15 18:05:00,TRHC
44.15,44.15,44.15,44.15,100,2021-04-15 18:07:00,TRHC
44.22,44.22,44.07,44.14,800,2021-04-15 18:08:00,TRHC
44.28,44.28,44.28,44.28,226,2021-04-15 18:09:00,TRHC
44.24,44.29,44.11,44.13,603,2021-04-15 18:10:00,TRHC
44.08,44.24,44.06,44.24,500,2021-04-15 18:15:00,TRHC
44.08,44.135,44.06,44.135,700,2021-04-15 18:21:00,TRHC
44.04,44.04,44.0,44.0,500,2021-04-15 18:25:00,TRHC
43.99,43.99,43.95,43.95,500,2021-04-15 18:28:00,TRHC
43.91,43.98,43.88,43.98,1062,2021-04-15 18:32:00,TRHC
43.92,43.92,43.9,43.92,300,2021-04-15 18:33:00,TRHC
43.98,43.98,43.975,43.975,400,2021-04-15 18:34:00,TRHC
43.83,43.96,43.81,43.96,500,2021-04-15 18:38:00,TRHC
43.69,43.69,43.69,43.69,200,2021-04-15 18:39:00,TRHC
43.69,43.69,43.69,43.69,200,2021-04-15 18:41:00,TRHC
43.68,43.68,43.68,43.68,700,2021-04-15 18:42:00,TRHC
43.56,43.56,43.56,43.56,100,2021-04-15 18:43:00,TRHC
43.74,43.84,43.67,43.75,1100,2021-04-15 18:44:00,TRHC
43.96,43.96,43.95,43.95,200,2021-04-15 18:45:00,TRHC
44.06,44.06,44.06,44.06,100,2021-04-15 18:46:00,TRHC
44.0,44.0,44.0,44.0,200,2021-04-15 18:47:00,TRHC
43.9,43.96,43.9,43.96,200,2021-04-15 18:48:00,TRHC
43.88,43.88,43.87,43.87,200,2021-04-15 18:49:00,TRHC
44.08,44.08,44.08,44.08,100,2021-04-15 18:50:00,TRHC
43.975,43.975,43.89,43.89,1000,2021-04-15 18:53:00,TRHC
43.9985,43.9985,43.9985,43.9985,132,2021-04-15 18:54:00,TRHC
43.905,43.905,43.85,43.85,300,2021-04-15 18:55:00,TRHC
43.86,43.86,43.86,43.86,100,2021-04-15 18:56:00,TRHC
43.76,43.76,43.73,43.74,898,2021-04-15 18:57:00,TRHC
43.69,43.69,43.67,43.69,500,2021-04-15 18:59:00,TRHC
43.69,43.69,43.69,43.69,111,2021-04-15 19:00:00,TRHC
43.6,43.6,43.6,43.6,100,2021-04-15 19:01:00,TRHC
43.75,43.83,43.75,43.83,600,2021-04-15 19:02:00,TRHC
43.8,43.8,43.78,43.78,400,2021-04-15 19:04:00,TRHC
43.69,43.72,43.69,43.69,739,2021-04-15 19:06:00,TRHC
43.66,43.66,43.66,43.66,100,2021-04-15 19:08:00,TRHC
43.76,43.76,43.76,43.76,200,2021-04-15 19:09:00,TRHC
43.73,43.73,43.66,43.66,200,2021-04-15 19:11:00,TRHC
43.68,43.8,43.68,43.8,300,2021-04-15 19:12:00,TRHC
43.815,43.815,43.74,43.76,861,2021-04-15 19:14:00,TRHC
43.67,43.77,43.66,43.77,1000,2021-04-15 19:17:00,TRHC
43.665,43.665,43.66,43.66,200,2021-04-15 19:18:00,TRHC
43.71,43.73,43.65,43.65,336,2021-04-15 19:20:00,TRHC
43.77,43.8,43.73,43.74,522,2021-04-15 19:24:00,TRHC
43.66,43.66,43.66,43.66,298,2021-04-15 19:25:00,TRHC
43.65,43.65,43.65,43.65,100,2021-04-15 19:27:00,TRHC
43.715,43.715,43.65,43.65,302,2021-04-15 19:28:00,TRHC
43.58,43.58,43.58,43.58,100,2021-04-15 19:29:00,TRHC
43.66,43.66,43.56,43.56,800,2021-04-15 19:31:00,TRHC
43.7,43.72,43.645,43.72,300,2021-04-15 19:32:00,TRHC
43.72,43.72,43.72,43.72,200,2021-04-15 19:34:00,TRHC
43.72,43.72,43.72,43.72,100,2021-04-15 19:35:00,TRHC
43.72,43.95,43.72,43.895,400,2021-04-15 19:36:00,TRHC
43.885,43.9,43.885,43.9,200,2021-04-15 19:37:00,TRHC
43.91,43.98,43.91,43.98,400,2021-04-15 19:39:00,TRHC
43.915,43.915,43.915,43.915,100,2021-04-15 19:40:00,TRHC
43.915,43.915,43.85,43.915,400,2021-04-15 19:41:00,TRHC
43.85,43.91,43.85,43.91,200,2021-04-15 19:42:00,TRHC
43.915,43.915,43.84,43.84,1227,2021-04-15 19:43:00,TRHC
43.895,43.895,43.895,43.895,100,2021-04-15 19:45:00,TRHC
43.9,44.05,43.9,44.05,400,2021-04-15 19:46:00,TRHC
44.05,44.065,43.99,43.99,1601,2021-04-15 19:47:00,TRHC
43.99,44.04,43.99,44.04,348,2021-04-15 19:48:00,TRHC
44.02,44.02,44.0,44.0,300,2021-04-15 19:50:00,TRHC
44.01,44.01,44.0,44.0,800,2021-04-15 19:51:00,TRHC
43.97,44.06,43.97,44.05,700,2021-04-15 19:52:00,TRHC
44.02,44.02,43.915,43.96,1593,2021-04-15 19:53:00,TRHC
43.97,43.98,43.92,43.955,900,2021-04-15 19:54:00,TRHC
43.95,43.95,43.89,43.93,1200,2021-04-15 19:55:00,TRHC
43.96,44.01,43.87,43.875,2514,2021-04-15 19:56:00,TRHC
43.95,43.965,43.95,43.965,200,2021-04-15 19:57:00,TRHC
43.98,43.98,43.855,43.855,1507,2021-04-15 19:58:00,TRHC
43.87,43.92,43.76,43.92,7915,2021-04-15 19:59:00,TRHC
43.93,43.93,43.93,43.93,14089,2021-04-15 20:00:00,TRHC
44.16,44.16,44.055,44.055,6113,2021-04-16 13:30:00,TRHC
43.95,44.2,43.95,44.05,1879,2021-04-16 13:49:00,TRHC
43.94,43.94,43.94,43.94,300,2021-04-16 13:51:00,TRHC
43.9,43.9,43.835,43.835,400,2021-04-16 13:52:00,TRHC
43.83,43.9,43.83,43.9,243,2021-04-16 13:53:00,TRHC
44.05,44.05,44.05,44.05,100,2021-04-16 14:01:00,TRHC
44.06,44.06,44.06,44.06,100,2021-04-16 14:03:00,TRHC
44.09,44.09,44.09,44.09,100,2021-04-16 14:07:00,TRHC
44.09,44.09,43.98,43.98,800,2021-04-16 14:09:00,TRHC
43.885,43.885,43.885,43.885,100,2021-04-16 14:10:00,TRHC
43.84,43.9674,43.84,43.9674,256,2021-04-16 14:15:00,TRHC
43.88,43.88,43.88,43.88,100,2021-04-16 14:16:00,TRHC
43.715,43.78,43.635,43.635,300,2021-04-16 14:21:00,TRHC
43.67,43.67,43.59,43.59,200,2021-04-16 14:29:00,TRHC
43.55,43.61,43.53,43.61,700,2021-04-16 14:30:00,TRHC
43.35,43.35,43.35,43.35,100,2021-04-16 14:37:00,TRHC
43.51,43.51,43.5,43.5,568,2021-04-16 14:44:00,TRHC
43.58,43.58,43.58,43.58,100,2021-04-16 14:50:00,TRHC
43.49,43.49,43.49,43.49,100,2021-04-16 14:53:00,TRHC
43.52,43.52,43.52,43.52,100,2021-04-16 14:56:00,TRHC
43.52,43.52,43.52,43.52,100,2021-04-16 14:58:00,TRHC
43.4,43.4,43.34,43.37,1430,2021-04-16 14:59:00,TRHC
43.39,43.39,43.39,43.39,100,2021-04-16 15:00:00,TRHC
43.45,43.6,43.45,43.6,500,2021-04-16 15:02:00,TRHC
43.76,43.76,43.76,43.76,100,2021-04-16 15:03:00,TRHC
43.75,43.96,43.75,43.84,1300,2021-04-16 15:04:00,TRHC
43.83,44.055,43.8,43.95,4133,2021-04-16 15:05:00,TRHC
43.97,44.05,43.86,43.96,6800,2021-04-16 15:06:00,TRHC
44.115,44.135,44.01,44.05,4500,2021-04-16 15:07:00,TRHC
43.995,43.995,43.995,43.995,100,2021-04-16 15:08:00,TRHC
43.8,43.92,43.8,43.92,200,2021-04-16 15:09:00,TRHC
43.85,43.9,43.85,43.9,300,2021-04-16 15:10:00,TRHC
43.89,44.21,43.89,44.05,4395,2021-04-16 15:12:00,TRHC
44.08,44.08,44.05,44.05,200,2021-04-16 15:13:00,TRHC
43.99,43.99,43.93,43.93,200,2021-04-16 15:15:00,TRHC
43.99,43.99,43.99,43.99,100,2021-04-16 15:16:00,TRHC
44.05,44.05,44.05,44.05,200,2021-04-16 15:26:00,TRHC
44.05,44.05,44.05,44.05,100,2021-04-16 15:28:00,TRHC
43.97,43.97,43.97,43.97,196,2021-04-16 15:29:00,TRHC
44.01,44.01,44.01,44.01,100,2021-04-16 15:32:00,TRHC
44.03,44.06,44.03,44.06,1403,2021-04-16 15:33:00,TRHC
44.06,44.145,44.06,44.06,400,2021-04-16 15:34:00,TRHC
44.15,44.16,44.15,44.16,600,2021-04-16 15:35:00,TRHC
44.26,44.35,44.26,44.35,300,2021-04-16 15:38:00,TRHC
44.38,44.5,44.38,44.5,600,2021-04-16 15:39:00,TRHC
44.6,44.62,44.34,44.34,6149,2021-04-16 15:40:00,TRHC
44.4,44.78,44.4,44.67,1600,2021-04-16 15:41:00,TRHC
44.665,44.77,44.58,44.58,400,2021-04-16 15:44:00,TRHC
44.62,44.63,44.51,44.53,3604,2021-04-16 15:45:00,TRHC
44.37,44.37,44.37,44.37,100,2021-04-16 15:48:00,TRHC
44.25,44.26,44.25,44.26,600,2021-04-16 15:49:00,TRHC
44.24,44.24,44.13,44.13,600,2021-04-16 15:53:00,TRHC
44.08,44.08,44.08,44.08,500,2021-04-16 15:56:00,TRHC
44.07,44.305,44.07,44.2,2267,2021-04-16 16:01:00,TRHC
44.1,44.13,44.1,44.13,2233,2021-04-16 16:02:00,TRHC
44.12,44.145,44.0,44.05,900,2021-04-16 16:03:00,TRHC
44.22,44.2394,44.22,44.2394,200,2021-04-16 16:08:00,TRHC
44.1,44.1,44.1,44.1,500,2021-04-16 16:10:00,TRHC
44.1,44.12,44.1,44.12,300,2021-04-16 16:12:00,TRHC
44.1,44.1,44.1,44.1,100,2021-04-16 16:13:00,TRHC
44.05,44.05,44.05,44.05,100,2021-04-16 16:16:00,TRHC
44.1,44.1,44.1,44.1,200,2021-04-16 16:18:00,TRHC
44.15,44.15,44.12,44.12,300,2021-04-16 16:19:00,TRHC
44.199,44.199,44.199,44.199,115,2021-04-16 16:20:00,TRHC
44.2,44.22,44.2,44.22,200,2021-04-16 16:21:00,TRHC
44.22,44.22,44.15,44.15,300,2021-04-16 16:24:00,TRHC
44.24,44.24,44.24,44.24,100,2021-04-16 16:28:00,TRHC
44.35,44.35,44.21,44.21,507,2021-04-16 16:31:00,TRHC
44.36,44.36,44.35,44.35,200,2021-04-16 16:32:00,TRHC
44.16,44.16,44.16,44.16,100,2021-04-16 16:35:00,TRHC
44.25,44.25,44.25,44.25,100,2021-04-16 16:37:00,TRHC
44.25,44.25,44.25,44.25,100,2021-04-16 16:38:00,TRHC
44.25,44.36,44.25,44.36,700,2021-04-16 16:40:00,TRHC
44.28,44.37,44.27,44.37,434,2021-04-16 16:44:00,TRHC
44.25,44.25,44.22,44.22,200,2021-04-16 16:45:00,TRHC
44.25,44.25,44.25,44.25,100,2021-04-16 16:51:00,TRHC
44.25,44.25,44.25,44.25,100,2021-04-16 16:53:00,TRHC
44.31,44.37,44.29,44.29,400,2021-04-16 16:56:00,TRHC
44.25,44.25,44.25,44.25,500,2021-04-16 17:00:00,TRHC
44.25,44.27,44.17,44.17,400,2021-04-16 17:01:00,TRHC
44.25,44.26,44.25,44.26,200,2021-04-16 17:03:00,TRHC
44.2901,44.2901,44.2901,44.2901,254,2021-04-16 17:04:00,TRHC
44.15,44.15,44.15,44.15,100,2021-04-16 17:05:00,TRHC
44.2,44.2,44.2,44.2,100,2021-04-16 17:08:00,TRHC
44.24,44.28,44.24,44.28,200,2021-04-16 17:09:00,TRHC
44.2,44.2,44.2,44.2,200,2021-04-16 17:11:00,TRHC
44.2,44.2,44.15,44.15,500,2021-04-16 17:15:00,TRHC
44.2,44.2,44.2,44.2,200,2021-04-16 17:18:00,TRHC
44.18,44.18,44.15,44.15,200,2021-04-16 17:20:00,TRHC
44.2191,44.2191,44.2191,44.2191,108,2021-04-16 17:25:00,TRHC
44.185,44.185,44.185,44.185,229,2021-04-16 17:27:00,TRHC
44.185,44.185,44.185,44.185,100,2021-04-16 17:28:00,TRHC
44.15,44.15,44.15,44.15,100,2021-04-16 17:30:00,TRHC
44.19,44.225,44.19,44.225,800,2021-04-16 17:34:00,TRHC
44.255,44.255,44.255,44.255,600,2021-04-16 17:35:00,TRHC
44.3,44.33,44.3,44.33,200,2021-04-16 17:37:00,TRHC
44.36,44.36,44.34,44.34,200,2021-04-16 17:38:00,TRHC
44.385,44.385,44.32,44.32,307,2021-04-16 17:42:00,TRHC
44.26,44.26,44.26,44.26,100,2021-04-16 17:43:00,TRHC
44.335,44.335,44.335,44.335,100,2021-04-16 17:45:00,TRHC
44.26,44.26,44.26,44.26,100,2021-04-16 17:46:00,TRHC
44.25,44.25,44.25,44.25,100,2021-04-16 17:47:00,TRHC
44.25,44.25,44.25,44.25,100,2021-04-16 17:49:00,TRHC
44.25,44.25,44.25,44.25,200,2021-04-16 17:52:00,TRHC
44.18,44.25,44.18,44.25,300,2021-04-16 17:53:00,TRHC
44.15,44.22,44.15,44.22,200,2021-04-16 17:54:00,TRHC
44.23,44.23,44.18,44.18,200,2021-04-16 17:55:00,TRHC
44.24,44.24,44.24,44.24,200,2021-04-16 17:57:00,TRHC
44.185,44.185,44.185,44.185,100,2021-04-16 17:59:00,TRHC
44.22,44.23,44.18,44.18,300,2021-04-16 18:00:00,TRHC
44.25,44.25,44.25,44.25,100,2021-04-16 18:01:00,TRHC
44.25,44.25,44.15,44.25,600,2021-04-16 18:02:00,TRHC
44.14,44.18,44.05,44.06,6270,2021-04-16 18:03:00,TRHC
44.1,44.1,43.9797,44.05,724,2021-04-16 18:04:00,TRHC
44.05,44.05,44.05,44.05,400,2021-04-16 18:05:00,TRHC
44.085,44.095,44.085,44.095,200,2021-04-16 18:06:00,TRHC
44.11,44.11,44.06,44.06,200,2021-04-16 18:08:00,TRHC
44.15,44.15,44.15,44.15,100,2021-04-16 18:10:00,TRHC
44.15,44.16,44.15,44.16,200,2021-04-16 18:11:00,TRHC
44.09,44.09,44.09,44.09,100,2021-04-16 18:12:00,TRHC
44.15,44.15,44.15,44.15,100,2021-04-16 18:13:00,TRHC
44.15,44.15,44.15,44.15,200,2021-04-16 18:17:00,TRHC
44.15,44.17,44.05,44.08,700,2021-04-16 18:18:00,TRHC
44.15,44.15,44.15,44.15,100,2021-04-16 18:19:00,TRHC
44.155,44.155,44.06,44.06,1200,2021-04-16 18:20:00,TRHC
44.135,44.135,44.135,44.135,100,2021-04-16 18:23:00,TRHC
44.05,44.13,44.05,44.13,200,2021-04-16 18:24:00,TRHC
44.05,44.05,44.05,44.05,100,2021-04-16 18:25:00,TRHC
44.13,44.13,44.05,44.05,200,2021-04-16 18:26:00,TRHC
44.135,44.135,44.135,44.135,100,2021-04-16 18:28:00,TRHC
44.135,44.135,44.135,44.135,100,2021-04-16 18:30:00,TRHC
44.05,44.05,44.05,44.05,100,2021-04-16 18:31:00,TRHC
44.135,44.23,44.135,44.135,400,2021-04-16 18:33:00,TRHC
44.135,44.135,44.135,44.135,100,2021-04-16 18:34:00,TRHC
44.135,44.135,44.135,44.135,100,2021-04-16 18:37:00,TRHC
44.135,44.135,44.04,44.06,409,2021-04-16 18:38:00,TRHC
44.13,44.13,44.08,44.08,200,2021-04-16 18:40:00,TRHC
44.05,44.05,44.04,44.04,405,2021-04-16 18:41:00,TRHC
44.07,44.07,44.07,44.07,400,2021-04-16 18:45:00,TRHC
44.06,44.06,44.06,44.06,200,2021-04-16 18:46:00,TRHC
44.145,44.145,44.145,44.145,100,2021-04-16 18:47:00,TRHC
44.06,44.06,44.06,44.06,100,2021-04-16 18:48:00,TRHC
44.14,44.14,44.14,44.14,100,2021-04-16 18:49:00,TRHC
44.16,44.16,44.16,44.16,100,2021-04-16 18:55:00,TRHC
44.05,44.05,44.05,44.05,100,2021-04-16 18:56:00,TRHC
44.05,44.05,44.05,44.05,100,2021-04-16 18:57:00,TRHC
44.12,44.2,44.12,44.2,682,2021-04-16 18:58:00,TRHC
44.21,44.21,44.21,44.21,100,2021-04-16 19:04:00,TRHC
44.21,44.21,44.21,44.21,200,2021-04-16 19:05:00,TRHC
44.25,44.26,44.25,44.26,300,2021-04-16 19:08:00,TRHC
44.25,44.26,44.18,44.26,415,2021-04-16 19:09:00,TRHC
44.27,44.27,44.205,44.24,400,2021-04-16 19:10:00,TRHC
44.19,44.19,44.19,44.19,100,2021-04-16 19:14:00,TRHC
44.3,44.31,44.21,44.21,300,2021-04-16 19:15:00,TRHC
44.3,44.3,44.3,44.3,200,2021-04-16 19:16:00,TRHC
44.25,44.295,44.25,44.295,200,2021-04-16 19:17:00,TRHC
44.285,44.31,44.27,44.27,400,2021-04-16 19:18:00,TRHC
44.2443,44.27,43.97,43.97,20836,2021-04-16 19:19:00,TRHC
43.97,43.97,43.97,43.97,100,2021-04-16 19:20:00,TRHC
44.015,44.015,44.015,44.015,100,2021-04-16 19:23:00,TRHC
44.04,44.08,44.04,44.05,1001,2021-04-16 19:24:00,TRHC
44.02,44.02,44.02,44.02,200,2021-04-16 19:25:00,TRHC
44.03,44.03,44.03,44.03,465,2021-04-16 19:26:00,TRHC
44.04,44.13,44.04,44.13,400,2021-04-16 19:28:00,TRHC
44.1,44.17,44.1,44.17,900,2021-04-16 19:30:00,TRHC
44.14,44.14,44.14,44.14,200,2021-04-16 19:31:00,TRHC
44.18,44.18,44.18,44.18,100,2021-04-16 19:32:00,TRHC
44.23,44.25,44.23,44.25,600,2021-04-16 19:33:00,TRHC
44.21,44.21,44.21,44.21,100,2021-04-16 19:34:00,TRHC
44.28,44.28,44.27,44.27,200,2021-04-16 19:35:00,TRHC
44.29,44.46,44.29,44.46,1000,2021-04-16 19:36:00,TRHC
44.33,44.46,44.33,44.46,200,2021-04-16 19:37:00,TRHC
44.33,44.395,44.33,44.395,200,2021-04-16 19:38:00,TRHC
44.38,44.4,44.16,44.16,1300,2021-04-16 19:39:00,TRHC
44.15,44.15,44.15,44.15,100,2021-04-16 19:40:00,TRHC
44.17,44.185,44.095,44.1,1625,2021-04-16 19:41:00,TRHC
44.05,44.18,43.99,43.99,12336,2021-04-16 19:43:00,TRHC
44.04,44.04,43.97,44.04,4708,2021-04-16 19:44:00,TRHC
43.97,44.0,43.95,43.98,1246,2021-04-16 19:45:00,TRHC
43.98,43.99,43.98,43.99,428,2021-04-16 19:46:00,TRHC
43.97,43.97,43.97,43.97,572,2021-04-16 19:47:00,TRHC
43.98,43.98,43.98,43.98,117,2021-04-16 19:48:00,TRHC
43.96,43.97,43.945,43.97,500,2021-04-16 19:49:00,TRHC
43.97,44.04,43.97,44.04,5261,2021-04-16 19:50:00,TRHC
44.02,44.05,44.02,44.05,500,2021-04-16 19:51:00,TRHC
44.05,44.09,44.03,44.09,500,2021-04-16 19:52:00,TRHC
44.05,44.08,43.97,44.05,2307,2021-04-16 19:53:00,TRHC
44.03,44.065,44.03,44.06,1000,2021-04-16 19:54:00,TRHC
44.02,44.02,44.0,44.01,755,2021-04-16 19:56:00,TRHC
43.97,44.0,43.935,44.0,500,2021-04-16 19:57:00,TRHC
43.935,44.0,43.93,43.975,700,2021-04-16 19:58:00,TRHC
43.935,44.05,43.895,43.95,2422,2021-04-16 19:59:00,TRHC
44.03,44.03,44.03,44.03,23857,2021-04-16 20:00:00,TRHC
44.03,44.03,44.03,44.03,656,2021-04-16 20:59:00,TRHC
43.85,43.85,43.505,43.505,1686,2021-04-19 13:30:00,TRHC
43.48,43.48,43.48,43.48,100,2021-04-19 13:31:00,TRHC
44.08,44.08,44.08,44.08,100,2021-04-19 13:34:00,TRHC
43.425,43.445,43.425,43.445,300,2021-04-19 13:37:00,TRHC
43.445,43.445,43.15,43.15,200,2021-04-19 13:39:00,TRHC
43.88,43.88,43.88,43.88,100,2021-04-19 13:40:00,TRHC
43.92,44.0,43.16,43.65,4100,2021-04-19 13:44:00,TRHC
43.8,43.8,43.31,43.31,562,2021-04-19 13:45:00,TRHC
43.91,43.91,43.91,43.91,100,2021-04-19 13:46:00,TRHC
43.96,43.96,43.96,43.96,100,2021-04-19 13:47:00,TRHC
43.9,43.9,43.9,43.9,100,2021-04-19 13:48:00,TRHC
43.98,43.98,43.98,43.98,100,2021-04-19 13:49:00,TRHC
43.645,43.645,43.37,43.41,2100,2021-04-19 13:52:00,TRHC
43.41,43.87,43.41,43.85,2500,2021-04-19 13:53:00,TRHC
43.85,43.85,43.19,43.19,2081,2021-04-19 13:54:00,TRHC
43.18,43.18,43.18,43.18,100,2021-04-19 13:55:00,TRHC
43.095,43.095,42.99,42.99,200,2021-04-19 13:58:00,TRHC
42.98,43.07,42.94,43.07,457,2021-04-19 13:59:00,TRHC
43.07,43.09,42.93,42.93,680,2021-04-19 14:00:00,TRHC
42.79,42.95,42.79,42.95,200,2021-04-19 14:03:00,TRHC
42.97,42.97,42.97,42.97,190,2021-04-19 14:04:00,TRHC
42.8,42.83,42.42,42.42,1000,2021-04-19 14:05:00,TRHC
42.42,42.51,42.42,42.51,300,2021-04-19 14:07:00,TRHC
42.7,42.73,42.55,42.73,713,2021-04-19 14:08:00,TRHC
42.8,42.8,42.8,42.8,100,2021-04-19 14:12:00,TRHC
42.89,42.91,42.87,42.87,300,2021-04-19 14:13:00,TRHC
43.03,43.03,43.03,43.03,100,2021-04-19 14:16:00,TRHC
43.06,43.06,42.82,43.05,300,2021-04-19 14:17:00,TRHC
43.04,43.04,42.89,43.02,400,2021-04-19 14:18:00,TRHC
43.02,43.02,43.02,43.02,100,2021-04-19 14:19:00,TRHC
42.88,42.88,42.83,42.87,500,2021-04-19 14:20:00,TRHC
42.825,42.825,42.71,42.71,200,2021-04-19 14:21:00,TRHC
42.73,42.73,42.58,42.58,391,2021-04-19 14:22:00,TRHC
42.73,42.83,42.73,42.83,500,2021-04-19 14:24:00,TRHC
42.93,42.93,42.88,42.88,300,2021-04-19 14:25:00,TRHC
43.04,43.04,42.91,42.91,301,2021-04-19 14:26:00,TRHC
43.0,43.0,43.0,43.0,100,2021-04-19 14:27:00,TRHC
43.08,43.08,43.08,43.08,100,2021-04-19 14:30:00,TRHC
42.91,42.99,42.9,42.94,517,2021-04-19 14:31:00,TRHC
43.01,43.03,43.01,43.03,700,2021-04-19 14:32:00,TRHC
42.97,42.97,42.96,42.96,200,2021-04-19 14:33:00,TRHC
42.95,42.95,42.95,42.95,100,2021-04-19 14:34:00,TRHC
42.975,42.975,42.89,42.89,200,2021-04-19 14:37:00,TRHC
43.06,43.06,43.06,43.06,100,2021-04-19 14:38:00,TRHC
43.03,43.06,43.03,43.06,700,2021-04-19 14:39:00,TRHC
43.0,43.06,42.99,43.06,300,2021-04-19 14:41:00,TRHC
43.08,43.08,42.98,42.98,401,2021-04-19 14:42:00,TRHC
42.97,42.97,42.97,42.97,100,2021-04-19 14:43:00,TRHC
42.93,42.93,42.9,42.91,1700,2021-04-19 14:45:00,TRHC
42.89,42.89,42.89,42.89,100,2021-04-19 14:46:00,TRHC
42.95,42.95,42.95,42.95,200,2021-04-19 14:48:00,TRHC
43.06,43.06,43.06,43.06,100,2021-04-19 14:49:00,TRHC
43.19,43.19,43.19,43.19,200,2021-04-19 14:51:00,TRHC
43.199,43.199,43.115,43.115,227,2021-04-19 14:52:00,TRHC
43.2,43.2,43.2,43.2,100,2021-04-19 14:53:00,TRHC
43.2,43.39,43.2,43.39,699,2021-04-19 14:54:00,TRHC
43.4,43.46,43.4,43.46,300,2021-04-19 14:55:00,TRHC
43.35,43.35,43.35,43.35,100,2021-04-19 14:59:00,TRHC
43.36,43.36,43.36,43.36,100,2021-04-19 15:00:00,TRHC
43.2701,43.2701,43.2701,43.2701,200,2021-04-19 15:01:00,TRHC
43.36,43.36,43.27,43.27,200,2021-04-19 15:03:00,TRHC
43.365,43.365,43.21,43.31,1198,2021-04-19 15:04:00,TRHC
43.31,43.34,43.31,43.34,400,2021-04-19 15:05:00,TRHC
43.395,43.395,43.34,43.34,500,2021-04-19 15:10:00,TRHC
43.375,43.43,43.36,43.43,300,2021-04-19 15:11:00,TRHC
43.38,43.38,43.38,43.38,200,2021-04-19 15:12:00,TRHC
43.29,43.29,43.29,43.29,200,2021-04-19 15:14:00,TRHC
43.29,43.37,43.23,43.23,400,2021-04-19 15:15:00,TRHC
43.13,43.13,43.13,43.13,100,2021-04-19 15:18:00,TRHC
43.23,43.23,43.23,43.23,100,2021-04-19 15:19:00,TRHC
43.3,43.31,43.3,43.31,300,2021-04-19 15:20:00,TRHC
43.205,43.21,43.205,43.21,200,2021-04-19 15:22:00,TRHC
43.225,43.225,43.14,43.14,200,2021-04-19 15:24:00,TRHC
43.18,43.2,43.13,43.145,500,2021-04-19 15:25:00,TRHC
43.2,43.2,43.09,43.09,700,2021-04-19 15:26:00,TRHC
43.145,43.145,43.1,43.1,200,2021-04-19 15:27:00,TRHC
43.14,43.14,43.06,43.06,400,2021-04-19 15:29:00,TRHC
43.06,43.12,43.06,43.12,200,2021-04-19 15:30:00,TRHC
43.09,43.09,43.04,43.04,400,2021-04-19 15:31:00,TRHC
43.06,43.06,43.06,43.06,200,2021-04-19 15:34:00,TRHC
42.93,42.985,42.93,42.985,200,2021-04-19 15:36:00,TRHC
42.99,43.0,42.92,42.92,1000,2021-04-19 15:38:00,TRHC
42.92,42.92,42.92,42.92,100,2021-04-19 15:40:00,TRHC
42.965,42.965,42.965,42.965,100,2021-04-19 15:41:00,TRHC
42.88,42.96,42.86,42.96,500,2021-04-19 15:42:00,TRHC
42.86,42.86,42.86,42.86,100,2021-04-19 15:43:00,TRHC
42.85,42.88,42.85,42.88,200,2021-04-19 15:44:00,TRHC
42.81,42.86,42.61,42.61,400,2021-04-19 15:45:00,TRHC
42.6,42.6,42.595,42.595,200,2021-04-19 15:46:00,TRHC
42.42,42.42,42.42,42.42,200,2021-04-19 15:48:00,TRHC
42.515,42.55,42.515,42.52,1281,2021-04-19 15:49:00,TRHC
42.55,42.58,42.55,42.58,500,2021-04-19 15:52:00,TRHC
42.62,42.62,42.62,42.62,100,2021-04-19 15:53:00,TRHC
42.6,42.73,42.6,42.73,800,2021-04-19 15:54:00,TRHC
42.755,42.765,42.66,42.765,433,2021-04-19 15:57:00,TRHC
42.8,42.8,42.54,42.54,300,2021-04-19 15:59:00,TRHC
42.78,42.78,42.78,42.78,100,2021-04-19 16:00:00,TRHC
42.77,42.77,42.77,42.77,100,2021-04-19 16:01:00,TRHC
42.48,42.56,42.48,42.56,200,2021-04-19 16:06:00,TRHC
42.46,42.555,42.46,42.555,200,2021-04-19 16:07:00,TRHC
42.73,42.74,42.73,42.74,300,2021-04-19 16:09:00,TRHC
42.79,42.79,42.79,42.79,100,2021-04-19 16:10:00,TRHC
42.8,42.8,42.8,42.8,100,2021-04-19 16:13:00,TRHC
42.86,42.86,42.86,42.86,100,2021-04-19 16:15:00,TRHC
42.95,42.95,42.95,42.95,100,2021-04-19 16:18:00,TRHC
42.865,42.865,42.865,42.865,100,2021-04-19 16:20:00,TRHC
42.83,42.83,42.83,42.83,100,2021-04-19 16:23:00,TRHC
42.79,42.79,42.79,42.79,100,2021-04-19 16:24:00,TRHC
42.73,42.73,42.635,42.635,200,2021-04-19 16:25:00,TRHC
42.59,42.59,42.59,42.59,100,2021-04-19 16:27:00,TRHC
42.56,42.56,42.56,42.56,270,2021-04-19 16:29:00,TRHC
42.565,42.565,42.565,42.565,100,2021-04-19 16:31:00,TRHC
42.54,42.54,42.54,42.54,100,2021-04-19 16:33:00,TRHC
42.56,42.57,42.56,42.57,300,2021-04-19 16:34:00,TRHC
42.53,42.53,42.53,42.53,100,2021-04-19 16:35:00,TRHC
42.58,42.58,42.58,42.58,540,2021-04-19 16:37:00,TRHC
42.5,42.5,42.5,42.5,100,2021-04-19 16:44:00,TRHC
42.49,42.49,42.49,42.49,100,2021-04-19 16:46:00,TRHC
42.47,42.6,42.47,42.6,631,2021-04-19 16:47:00,TRHC
42.61,42.62,42.61,42.61,400,2021-04-19 16:50:00,TRHC
42.77,42.77,42.77,42.77,100,2021-04-19 16:51:00,TRHC
42.75,42.75,42.75,42.75,200,2021-04-19 16:55:00,TRHC
42.75,42.75,42.75,42.75,100,2021-04-19 17:01:00,TRHC
42.75,42.75,42.75,42.75,100,2021-04-19 17:06:00,TRHC
42.84,42.99,42.84,42.91,1000,2021-04-19 17:07:00,TRHC
43.02,43.02,42.91,42.91,200,2021-04-19 17:12:00,TRHC
43.0,43.0,43.0,43.0,100,2021-04-19 17:17:00,TRHC
42.96,42.96,42.96,42.96,200,2021-04-19 17:19:00,TRHC
43.02,43.02,43.005,43.005,604,2021-04-19 17:20:00,TRHC
43.005,43.005,43.005,43.005,114,2021-04-19 17:22:00,TRHC
42.92,42.92,42.92,42.92,100,2021-04-19 17:26:00,TRHC
42.945,42.945,42.835,42.84,300,2021-04-19 17:28:00,TRHC
42.97,42.97,42.91,42.91,200,2021-04-19 17:29:00,TRHC
42.84,42.84,42.84,42.84,100,2021-04-19 17:31:00,TRHC
42.84,42.84,42.84,42.84,100,2021-04-19 17:33:00,TRHC
42.84,42.84,42.84,42.84,100,2021-04-19 17:35:00,TRHC
42.86,42.86,42.86,42.86,100,2021-04-19 17:36:00,TRHC
42.86,42.86,42.86,42.86,100,2021-04-19 17:39:00,TRHC
42.86,42.86,42.86,42.86,100,2021-04-19 17:42:00,TRHC
42.86,42.86,42.78,42.78,500,2021-04-19 17:44:00,TRHC
42.82,42.96,42.82,42.96,700,2021-04-19 17:46:00,TRHC
42.91,42.91,42.91,42.91,100,2021-04-19 18:00:00,TRHC
43.07,43.07,43.07,43.07,100,2021-04-19 18:01:00,TRHC
42.94,42.94,42.94,42.94,100,2021-04-19 18:04:00,TRHC
42.97,42.97,42.97,42.97,100,2021-04-19 18:06:00,TRHC
42.92,42.92,42.92,42.92,100,2021-04-19 18:08:00,TRHC
42.94,43.02,42.94,43.02,900,2021-04-19 18:11:00,TRHC
42.91,42.91,42.91,42.91,100,2021-04-19 18:20:00,TRHC
42.91,42.91,42.91,42.91,100,2021-04-19 18:22:00,TRHC
42.91,42.91,42.91,42.91,100,2021-04-19 18:24:00,TRHC
43.04,43.1,43.02,43.05,1200,2021-04-19 18:27:00,TRHC
43.05,43.05,43.05,43.05,100,2021-04-19 18:28:00,TRHC
43.0375,43.0375,43.0375,43.0375,100,2021-04-19 18:31:00,TRHC
43.01,43.02,43.01,43.02,200,2021-04-19 18:33:00,TRHC
42.99,43.06,42.99,43.06,300,2021-04-19 18:35:00,TRHC
43.05,43.05,43.05,43.05,200,2021-04-19 18:36:00,TRHC
43.05,43.05,43.05,43.05,100,2021-04-19 18:37:00,TRHC
43.005,43.06,43.005,43.06,200,2021-04-19 18:38:00,TRHC
43.09,43.09,43.09,43.09,100,2021-04-19 18:42:00,TRHC
43.12,43.14,43.12,43.14,300,2021-04-19 18:43:00,TRHC
43.15,43.15,43.15,43.15,300,2021-04-19 18:48:00,TRHC
43.2,43.2,43.2,43.2,100,2021-04-19 18:49:00,TRHC
43.23,43.23,43.23,43.23,100,2021-04-19 18:50:00,TRHC
43.202,43.202,43.202,43.202,340,2021-04-19 18:51:00,TRHC
43.24,43.24,43.24,43.24,100,2021-04-19 18:53:00,TRHC
43.25,43.25,43.25,43.25,200,2021-04-19 18:55:00,TRHC
43.19,43.19,43.19,43.19,100,2021-04-19 18:59:00,TRHC
43.13,43.14,43.07,43.07,800,2021-04-19 19:06:00,TRHC
42.99,43.01,42.99,43.01,500,2021-04-19 19:16:00,TRHC
42.98,42.99,42.98,42.99,200,2021-04-19 19:17:00,TRHC
42.88,42.915,42.84,42.915,1700,2021-04-19 19:20:00,TRHC
42.95,42.9599,42.95,42.9599,209,2021-04-19 19:22:00,TRHC
42.9428,42.9428,42.9428,42.9428,178,2021-04-19 19:26:00,TRHC
42.89,42.96,42.89,42.96,200,2021-04-19 19:30:00,TRHC
42.96,42.97,42.89,42.89,1050,2021-04-19 19:32:00,TRHC
42.87,42.92,42.87,42.92,686,2021-04-19 19:37:00,TRHC
42.85,42.86,42.85,42.86,400,2021-04-19 19:39:00,TRHC
42.89,42.92,42.87,42.92,1000,2021-04-19 19:40:00,TRHC
42.93,42.93,42.93,42.93,200,2021-04-19 19:41:00,TRHC
42.96,42.96,42.96,42.96,200,2021-04-19 19:43:00,TRHC
42.955,42.955,42.94,42.94,200,2021-04-19 19:46:00,TRHC
42.94,43.0,42.93,42.98,1568,2021-04-19 19:47:00,TRHC
43.01,43.02,43.01,43.02,400,2021-04-19 19:48:00,TRHC
42.98,42.98,42.98,42.98,100,2021-04-19 19:49:00,TRHC
42.95,42.99,42.95,42.98,1239,2021-04-19 19:50:00,TRHC
42.97,42.97,42.97,42.97,300,2021-04-19 19:51:00,TRHC
42.91,42.91,42.91,42.91,100,2021-04-19 19:52:00,TRHC
42.98,43.05,42.98,43.05,4314,2021-04-19 19:53:00,TRHC
43.05,43.07,43.01,43.02,1200,2021-04-19 19:54:00,TRHC
43.05,43.15,43.05,43.13,1239,2021-04-19 19:55:00,TRHC
43.13,43.13,43.13,43.13,201,2021-04-19 19:56:00,TRHC
43.14,43.16,43.13,43.15,635,2021-04-19 19:57:00,TRHC
43.17,43.21,43.17,43.21,819,2021-04-19 19:58:00,TRHC
43.23,43.24,43.16,43.2,3798,2021-04-19 19:59:00,TRHC
43.24,43.24,43.24,43.24,33330,2021-04-19 20:00:00,TRHC
43.24,43.24,43.24,43.24,130,2021-04-19 20:03:00,TRHC
43.24,43.24,43.24,43.24,3086,2021-04-19 21:41:00,TRHC
43.19,43.19,43.19,43.19,1295,2021-04-20 13:30:00,TRHC
43.0,43.0,43.0,43.0,100,2021-04-20 13:35:00,TRHC
43.0,43.01,43.0,43.01,988,2021-04-20 13:37:00,TRHC
43.25,43.25,43.0,43.1025,1836,2021-04-20 13:39:00,TRHC
43.26,43.27,42.96,42.96,3935,2021-04-20 13:40:00,TRHC
43.08,43.1094,43.08,43.1094,200,2021-04-20 13:42:00,TRHC
43.11,43.12,43.11,43.12,499,2021-04-20 13:46:00,TRHC
43.5,43.5,43.5,43.5,200,2021-04-20 13:52:00,TRHC
43.2,43.69,43.16,43.68,6587,2021-04-20 13:53:00,TRHC
43.17,43.17,43.17,43.17,100,2021-04-20 13:58:00,TRHC
43.57,43.72,43.57,43.72,949,2021-04-20 14:10:00,TRHC
43.53,43.53,43.53,43.53,100,2021-04-20 14:13:00,TRHC
43.7,43.78,43.53,43.71,3955,2021-04-20 14:16:00,TRHC
43.65,43.85,43.65,43.85,900,2021-04-20 14:17:00,TRHC
43.92,43.93,43.92,43.93,200,2021-04-20 14:18:00,TRHC
43.88,43.88,43.88,43.88,100,2021-04-20 14:20:00,TRHC
43.9,43.92,43.89,43.92,400,2021-04-20 14:21:00,TRHC
43.925,44.05,43.925,44.03,850,2021-04-20 14:22:00,TRHC
44.05,44.05,43.93,43.96,900,2021-04-20 14:23:00,TRHC
43.94,43.94,43.94,43.94,200,2021-04-20 14:26:00,TRHC
43.8,43.97,43.8,43.83,3838,2021-04-20 14:27:00,TRHC
43.945,43.97,43.84,43.84,3100,2021-04-20 14:28:00,TRHC
43.94,43.94,43.89,43.92,1310,2021-04-20 14:29:00,TRHC
43.99,44.06,43.93,43.97,5222,2021-04-20 14:30:00,TRHC
44.005,44.05,43.97,43.97,2818,2021-04-20 14:31:00,TRHC
44.0117,44.05,44.0117,44.05,372,2021-04-20 14:32:00,TRHC
44.0,44.0,43.95,43.95,810,2021-04-20 14:35:00,TRHC
43.89,43.92,43.69,43.69,700,2021-04-20 14:39:00,TRHC
43.71,43.71,43.71,43.71,100,2021-04-20 14:40:00,TRHC
43.65,43.65,43.565,43.565,200,2021-04-20 14:41:00,TRHC
43.51,43.51,43.4537,43.4537,400,2021-04-20 14:42:00,TRHC
43.38,43.43,43.38,43.39,300,2021-04-20 14:45:00,TRHC
43.27,43.27,43.27,43.27,100,2021-04-20 14:48:00,TRHC
43.27,43.27,43.27,43.27,100,2021-04-20 14:49:00,TRHC
43.17,43.185,43.17,43.185,488,2021-04-20 14:50:00,TRHC
43.185,43.185,43.185,43.185,100,2021-04-20 14:52:00,TRHC
43.14,43.14,43.14,43.14,200,2021-04-20 14:54:00,TRHC
43.08,43.14,43.055,43.14,1030,2021-04-20 14:56:00,TRHC
43.13,43.13,43.13,43.13,100,2021-04-20 14:58:00,TRHC
43.13,43.13,43.13,43.13,100,2021-04-20 15:01:00,TRHC
43.13,43.13,43.13,43.13,100,2021-04-20 15:04:00,TRHC
43.13,43.13,43.13,43.13,138,2021-04-20 15:06:00,TRHC
43.23,43.23,43.23,43.23,200,2021-04-20 15:08:00,TRHC
43.17,43.17,43.09,43.15,1220,2021-04-20 15:09:00,TRHC
43.15,43.15,43.15,43.15,400,2021-04-20 15:10:00,TRHC
43.2,43.2,43.09,43.09,200,2021-04-20 15:11:00,TRHC
43.25,43.25,43.25,43.25,100,2021-04-20 15:13:00,TRHC
43.17,43.2,43.17,43.2,200,2021-04-20 15:15:00,TRHC
43.12,43.15,43.08,43.08,300,2021-04-20 15:16:00,TRHC
43.04,43.05,43.04,43.05,220,2021-04-20 15:18:00,TRHC
43.05,43.09,43.05,43.09,780,2021-04-20 15:19:00,TRHC
43.07,43.07,43.07,43.07,100,2021-04-20 15:20:00,TRHC
43.068,43.068,43.04,43.04,213,2021-04-20 15:22:00,TRHC
43.05,43.05,43.035,43.035,500,2021-04-20 15:25:00,TRHC
43.09,43.09,43.09,43.09,400,2021-04-20 15:26:00,TRHC
43.09,43.12,43.09,43.12,400,2021-04-20 15:32:00,TRHC
43.17,43.17,43.17,43.17,100,2021-04-20 15:33:00,TRHC
43.01,43.01,42.93,42.93,200,2021-04-20 15:38:00,TRHC
43.06,43.06,43.06,43.06,100,2021-04-20 15:42:00,TRHC
43.015,43.015,43.015,43.015,100,2021-04-20 15:45:00,TRHC
42.96,43.21,42.92,43.21,2300,2021-04-20 15:48:00,TRHC
43.18,43.29,43.18,43.29,200,2021-04-20 15:49:00,TRHC
43.29,43.32,43.29,43.32,200,2021-04-20 15:50:00,TRHC
43.51,43.53,43.51,43.53,300,2021-04-20 15:53:00,TRHC
43.68,43.68,43.54,43.54,300,2021-04-20 15:54:00,TRHC
43.6223,43.6223,43.6223,43.6223,372,2021-04-20 15:57:00,TRHC
43.69,43.69,43.69,43.69,100,2021-04-20 15:58:00,TRHC
43.6,43.6,43.58,43.58,400,2021-04-20 15:59:00,TRHC
43.6,43.73,43.6,43.73,700,2021-04-20 16:02:00,TRHC
43.73,43.73,43.73,43.73,200,2021-04-20 16:03:00,TRHC
43.725,43.8,43.725,43.8,200,2021-04-20 16:05:00,TRHC
43.81,43.81,43.81,43.81,300,2021-04-20 16:06:00,TRHC
43.77,43.77,43.77,43.77,100,2021-04-20 16:07:00,TRHC
43.75,43.86,43.55,43.86,3217,2021-04-20 16:09:00,TRHC
43.95,43.95,43.8,43.885,300,2021-04-20 16:15:00,TRHC
43.98,43.98,43.81,43.83,697,2021-04-20 16:17:00,TRHC
43.87,43.92,43.87,43.92,300,2021-04-20 16:18:00,TRHC
43.87,43.87,43.74,43.74,700,2021-04-20 16:19:00,TRHC
43.81,43.81,43.81,43.81,103,2021-04-20 16:21:00,TRHC
43.87,43.91,43.87,43.91,600,2021-04-20 16:22:00,TRHC
43.9,43.9,43.9,43.9,100,2021-04-20 16:24:00,TRHC
43.88,43.88,43.88,43.88,200,2021-04-20 16:26:00,TRHC
43.82,43.82,43.82,43.82,100,2021-04-20 16:27:00,TRHC
43.89,43.89,43.81,43.81,290,2021-04-20 16:29:00,TRHC
43.81,43.85,43.73,43.85,700,2021-04-20 16:35:00,TRHC
43.86,43.89,43.86,43.89,1522,2021-04-20 16:38:00,TRHC
43.97,43.97,43.97,43.97,100,2021-04-20 16:41:00,TRHC
43.83,43.83,43.82,43.82,300,2021-04-20 16:43:00,TRHC
43.79,43.79,43.79,43.79,100,2021-04-20 16:46:00,TRHC
43.87,43.9,43.79,43.875,1200,2021-04-20 16:51:00,TRHC
43.83,43.83,43.83,43.83,100,2021-04-20 16:52:00,TRHC
43.765,43.81,43.765,43.81,200,2021-04-20 16:53:00,TRHC
43.75,43.75,43.75,43.75,100,2021-04-20 16:54:00,TRHC
43.82,43.82,43.82,43.82,266,2021-04-20 16:55:00,TRHC
43.84,43.92,43.84,43.92,400,2021-04-20 16:57:00,TRHC
44.01,44.01,44.01,44.01,100,2021-04-20 16:59:00,TRHC
43.94,43.94,43.94,43.94,100,2021-04-20 17:00:00,TRHC
43.91,43.91,43.91,43.91,200,2021-04-20 17:04:00,TRHC
43.91,43.91,43.91,43.91,100,2021-04-20 17:08:00,TRHC
43.92,44.0,43.9,44.0,1100,2021-04-20 17:09:00,TRHC
43.88,43.88,43.88,43.88,100,2021-04-20 17:11:00,TRHC
43.88,43.88,43.88,43.88,111,2021-04-20 17:16:00,TRHC
44.0,44.0,44.0,44.0,100,2021-04-20 17:18:00,TRHC
43.92,43.9993,43.92,43.95,804,2021-04-20 17:20:00,TRHC
43.92,43.92,43.89,43.89,200,2021-04-20 17:21:00,TRHC
43.83,43.83,43.76,43.76,500,2021-04-20 17:28:00,TRHC
43.81,43.83,43.81,43.83,604,2021-04-20 17:31:00,TRHC
43.74,43.805,43.74,43.805,200,2021-04-20 17:35:00,TRHC
43.73,43.73,43.73,43.73,100,2021-04-20 17:40:00,TRHC
43.74,43.74,43.74,43.74,100,2021-04-20 17:44:00,TRHC
43.87,43.87,43.87,43.87,100,2021-04-20 17:45:00,TRHC
43.805,43.805,43.74,43.74,1100,2021-04-20 17:46:00,TRHC
43.74,43.82,43.74,43.82,300,2021-04-20 17:47:00,TRHC
43.75,43.75,43.75,43.75,100,2021-04-20 17:50:00,TRHC
43.86,43.86,43.86,43.86,100,2021-04-20 17:51:00,TRHC
43.87,43.87,43.87,43.87,350,2021-04-20 17:55:00,TRHC
43.87,43.88,43.87,43.88,385,2021-04-20 17:57:00,TRHC
43.97,43.97,43.97,43.97,100,2021-04-20 17:58:00,TRHC
43.97,43.97,43.97,43.97,201,2021-04-20 18:01:00,TRHC
43.94,43.94,43.94,43.94,100,2021-04-20 18:03:00,TRHC
43.94,43.96,43.91,43.91,1057,2021-04-20 18:06:00,TRHC
44.0,44.03,44.0,44.01,1189,2021-04-20 18:09:00,TRHC
44.05,44.1,43.84,43.87,2400,2021-04-20 18:10:00,TRHC
43.92,43.94,43.92,43.94,300,2021-04-20 18:11:00,TRHC
43.94,44.03,43.94,44.03,200,2021-04-20 18:13:00,TRHC
44.04,44.04,44.04,44.04,100,2021-04-20 18:19:00,TRHC
44.05,44.06,44.05,44.05,500,2021-04-20 18:23:00,TRHC
44.0,44.04,44.0,44.04,300,2021-04-20 18:24:00,TRHC
44.0,44.0,44.0,44.0,100,2021-04-20 18:25:00,TRHC
43.95,43.965,43.93,43.965,430,2021-04-20 18:26:00,TRHC
43.95,43.95,43.95,43.95,100,2021-04-20 18:34:00,TRHC
43.88,43.91,43.79,43.82,1100,2021-04-20 18:35:00,TRHC
43.72,43.72,43.72,43.72,200,2021-04-20 18:36:00,TRHC
43.71,43.71,43.705,43.705,200,2021-04-20 18:38:00,TRHC
43.69,43.71,43.69,43.71,1200,2021-04-20 18:42:00,TRHC
43.84,43.84,43.84,43.84,100,2021-04-20 18:43:00,TRHC
43.69,43.69,43.68,43.68,300,2021-04-20 18:51:00,TRHC
43.755,43.755,43.755,43.755,100,2021-04-20 18:52:00,TRHC
43.64,43.64,43.6,43.6,200,2021-04-20 18:53:00,TRHC
43.5,43.5,43.5,43.5,100,2021-04-20 18:54:00,TRHC
43.57,43.57,43.57,43.57,100,2021-04-20 18:55:00,TRHC
43.51,43.51,43.51,43.51,100,2021-04-20 18:57:00,TRHC
43.55,43.55,43.55,43.55,217,2021-04-20 18:59:00,TRHC
43.54,43.54,43.44,43.445,700,2021-04-20 19:00:00,TRHC
43.44,43.44,43.41,43.435,600,2021-04-20 19:01:00,TRHC
43.48,43.48,43.43,43.43,300,2021-04-20 19:04:00,TRHC
43.39,43.39,43.39,43.39,100,2021-04-20 19:06:00,TRHC
43.465,43.465,43.465,43.465,100,2021-04-20 19:12:00,TRHC
43.41,43.47,43.41,43.47,299,2021-04-20 19:13:00,TRHC
43.51,43.58,43.47,43.55,1089,2021-04-20 19:15:00,TRHC
43.58,43.58,43.58,43.58,100,2021-04-20 19:17:00,TRHC
43.49,43.59,43.49,43.59,1600,2021-04-20 19:22:00,TRHC
43.63,43.63,43.63,43.63,100,2021-04-20 19:23:00,TRHC
43.58,43.58,43.53,43.58,600,2021-04-20 19:28:00,TRHC
43.57,43.57,43.57,43.57,100,2021-04-20 19:29:00,TRHC
43.52,43.52,43.52,43.52,100,2021-04-20 19:30:00,TRHC
43.53,43.66,43.53,43.66,1999,2021-04-20 19:33:00,TRHC
43.68,43.81,43.68,43.81,200,2021-04-20 19:34:00,TRHC
43.92,44.005,43.92,44.005,300,2021-04-20 19:35:00,TRHC
43.97,44.005,43.96,44.0,1900,2021-04-20 19:37:00,TRHC
44.05,44.05,44.015,44.015,669,2021-04-20 19:38:00,TRHC
44.05,44.08,44.05,44.07,920,2021-04-20 19:39:00,TRHC
44.07,44.07,44.04,44.06,1063,2021-04-20 19:40:00,TRHC
44.0525,44.055,43.98,44.01,1700,2021-04-20 19:41:00,TRHC
43.99,43.99,43.99,43.99,100,2021-04-20 19:42:00,TRHC
44.04,44.05,44.04,44.05,900,2021-04-20 19:43:00,TRHC
44.05,44.05,44.01,44.01,500,2021-04-20 19:44:00,TRHC
44.01,44.05,44.01,44.05,600,2021-04-20 19:46:00,TRHC
44.01,44.01,44.01,44.01,600,2021-04-20 19:47:00,TRHC
44.03,44.05,44.01,44.01,3300,2021-04-20 19:48:00,TRHC
44.0,44.0,43.97,43.98,407,2021-04-20 19:49:00,TRHC
44.01,44.01,44.01,44.01,400,2021-04-20 19:52:00,TRHC
44.02,44.02,43.98,43.98,1284,2021-04-20 19:53:00,TRHC
44.0,44.0,43.97,43.99,1200,2021-04-20 19:54:00,TRHC
43.99,43.99,43.93,43.93,500,2021-04-20 19:55:00,TRHC
43.93,43.96,43.93,43.96,604,2021-04-20 19:56:00,TRHC
43.94,43.94,43.88,43.89,1300,2021-04-20 19:57:00,TRHC
43.91,43.91,43.82,43.87,3700,2021-04-20 19:58:00,TRHC
43.89,43.96,43.85,43.96,1288,2021-04-20 19:59:00,TRHC
43.87,43.87,43.87,43.87,29247,2021-04-20 20:00:00,TRHC
43.77,43.77,43.77,43.77,1581,2021-04-21 13:30:00,TRHC
43.6,43.6,43.6,43.6,100,2021-04-21 13:34:00,TRHC
43.67,43.67,43.67,43.67,100,2021-04-21 13:35:00,TRHC
43.28,43.47,43.23,43.38,2100,2021-04-21 13:38:00,TRHC
43.68,43.68,43.68,43.68,100,2021-04-21 13:41:00,TRHC
43.32,43.8,43.32,43.8,200,2021-04-21 13:44:00,TRHC
43.85,43.94,43.85,43.88,889,2021-04-21 13:48:00,TRHC
44.05,44.05,44.05,44.05,100,2021-04-21 13:49:00,TRHC
43.93,43.93,43.89,43.925,400,2021-04-21 13:51:00,TRHC
43.96,43.96,43.96,43.96,100,2021-04-21 13:53:00,TRHC
44.0,44.08,44.0,44.08,309,2021-04-21 13:54:00,TRHC
43.94,43.94,43.94,43.94,100,2021-04-21 13:56:00,TRHC
44.16,44.16,44.05,44.05,1298,2021-04-21 13:58:00,TRHC
44.03,44.05,43.979,44.05,425,2021-04-21 13:59:00,TRHC
43.96,43.96,43.96,43.96,101,2021-04-21 14:00:00,TRHC
43.9176,44.05,43.9176,44.05,425,2021-04-21 14:01:00,TRHC
44.05,44.08,43.97,43.98,500,2021-04-21 14:02:00,TRHC
43.97,43.98,43.97,43.98,200,2021-04-21 14:07:00,TRHC
44.05,44.08,43.95,43.95,800,2021-04-21 14:08:00,TRHC
43.84,43.84,43.83,43.83,200,2021-04-21 14:09:00,TRHC
43.85,43.85,43.81,43.81,935,2021-04-21 14:10:00,TRHC
43.74,43.74,43.74,43.74,100,2021-04-21 14:11:00,TRHC
43.655,43.655,43.655,43.655,100,2021-04-21 14:12:00,TRHC
43.65,43.65,43.55,43.55,200,2021-04-21 14:16:00,TRHC
43.64,43.8,43.64,43.8,800,2021-04-21 14:21:00,TRHC
43.855,43.855,43.855,43.855,100,2021-04-21 14:22:00,TRHC
43.93,44.1,43.93,44.075,1100,2021-04-21 14:25:00,TRHC
44.11,44.11,44.11,44.11,100,2021-04-21 14:27:00,TRHC
44.05,44.05,44.05,44.05,100,2021-04-21 14:29:00,TRHC
43.97,43.97,43.92,43.9375,1500,2021-04-21 14:31:00,TRHC
43.94,44.0,43.94,44.0,405,2021-04-21 14:33:00,TRHC
44.05,44.11,44.01,44.05,1500,2021-04-21 14:34:00,TRHC
44.1,44.1,43.97,44.055,3000,2021-04-21 14:35:00,TRHC
44.05,44.05,44.05,44.05,100,2021-04-21 14:37:00,TRHC
44.19,44.365,44.19,44.365,427,2021-04-21 14:40:00,TRHC
44.19,44.355,44.19,44.355,300,2021-04-21 14:41:00,TRHC
44.19,44.19,44.19,44.19,100,2021-04-21 14:43:00,TRHC
44.35,44.35,44.21,44.21,400,2021-04-21 14:45:00,TRHC
44.21,44.21,44.21,44.21,100,2021-04-21 14:47:00,TRHC
44.23,44.23,44.23,44.23,100,2021-04-21 14:48:00,TRHC
44.355,44.355,44.13,44.13,517,2021-04-21 14:49:00,TRHC
44.13,44.21,44.035,44.05,1300,2021-04-21 14:50:00,TRHC
44.05,44.05,44.0,44.0,300,2021-04-21 14:51:00,TRHC
44.03,44.11,44.03,44.06,500,2021-04-21 14:52:00,TRHC
44.06,44.115,44.05,44.05,400,2021-04-21 14:53:00,TRHC
44.04,44.05,43.99,43.99,698,2021-04-21 14:54:00,TRHC
44.1,44.1,44.1,44.1,100,2021-04-21 14:55:00,TRHC
44.05,44.05,44.0,44.0,600,2021-04-21 14:56:00,TRHC
44.05,44.05,44.05,44.05,134,2021-04-21 14:58:00,TRHC
44.05,44.05,44.05,44.05,300,2021-04-21 14:59:00,TRHC
44.1,44.1,44.1,44.1,100,2021-04-21 15:02:00,TRHC
44.05,44.05,44.05,44.05,100,2021-04-21 15:03:00,TRHC
44.1,44.18,44.1,44.18,200,2021-04-21 15:05:00,TRHC
44.2,44.37,44.17,44.17,1320,2021-04-21 15:06:00,TRHC
44.15,44.15,44.15,44.15,100,2021-04-21 15:07:00,TRHC
44.1,44.19,44.1,44.13,400,2021-04-21 15:08:00,TRHC
44.05,44.14,44.05,44.14,864,2021-04-21 15:10:00,TRHC
44.23,44.25,44.215,44.215,300,2021-04-21 15:11:00,TRHC
44.35,44.35,44.19,44.32,400,2021-04-21 15:13:00,TRHC
44.27,44.27,44.27,44.27,100,2021-04-21 15:14:00,TRHC
44.22,44.28,44.21,44.28,300,2021-04-21 15:15:00,TRHC
44.25,44.25,44.21,44.21,223,2021-04-21 15:16:00,TRHC
44.24,44.31,44.24,44.24,300,2021-04-21 15:18:00,TRHC
44.17,44.17,44.17,44.17,100,2021-04-21 15:19:00,TRHC
44.3,44.31,44.24,44.31,500,2021-04-21 15:20:00,TRHC
44.32,44.32,44.19,44.19,300,2021-04-21 15:22:00,TRHC
44.17,44.17,44.17,44.17,100,2021-04-21 15:23:00,TRHC
44.18,44.33,44.14,44.14,3326,2021-04-21 15:24:00,TRHC
44.14,44.18,44.11,44.18,804,2021-04-21 15:25:00,TRHC
44.15,44.15,44.0301,44.1,1839,2021-04-21 15:26:00,TRHC
44.1,44.1,44.005,44.05,800,2021-04-21 15:27:00,TRHC
44.0,44.105,44.0,44.105,803,2021-04-21 15:28:00,TRHC
44.065,44.11,44.065,44.1,1443,2021-04-21 15:29:00,TRHC
44.12,44.16,44.1,44.1,900,2021-04-21 15:30:00,TRHC
44.05,44.18,44.05,44.18,362,2021-04-21 15:31:00,TRHC
44.05,44.05,44.05,44.05,100,2021-04-21 15:32:00,TRHC
43.99,44.06,43.99,44.06,1108,2021-04-21 15:34:00,TRHC
44.07,44.07,44.07,44.07,200,2021-04-21 15:36:00,TRHC
44.05,44.1,44.05,44.1,600,2021-04-21 15:38:00,TRHC
44.07,44.18,44.07,44.105,978,2021-04-21 15:40:00,TRHC
44.105,44.105,44.105,44.105,100,2021-04-21 15:41:00,TRHC
44.11,44.11,44.11,44.11,100,2021-04-21 15:43:00,TRHC
44.18,44.18,44.05,44.18,618,2021-04-21 15:44:00,TRHC
44.185,44.27,44.15,44.27,500,2021-04-21 15:45:00,TRHC
44.27,44.27,44.27,44.27,100,2021-04-21 15:46:00,TRHC
44.315,44.315,44.22,44.31,700,2021-04-21 15:48:00,TRHC
44.28,44.4,44.28,44.35,300,2021-04-21 15:49:00,TRHC
44.41,44.41,44.27,44.27,300,2021-04-21 15:50:00,TRHC
44.27,44.315,44.27,44.315,500,2021-04-21 15:52:00,TRHC
44.43,44.43,44.35,44.35,200,2021-04-21 15:54:00,TRHC
44.34,44.34,44.34,44.34,100,2021-04-21 15:55:00,TRHC
44.38,44.44,44.38,44.44,400,2021-04-21 15:56:00,TRHC
44.44,44.5,44.44,44.45,600,2021-04-21 15:57:00,TRHC
44.47,44.47,44.47,44.47,100,2021-04-21 15:58:00,TRHC
44.47,44.47,44.47,44.47,124,2021-04-21 16:00:00,TRHC
44.47,44.47,44.47,44.47,100,2021-04-21 16:01:00,TRHC
44.475,44.56,44.475,44.56,300,2021-04-21 16:02:00,TRHC
44.475,44.475,44.475,44.475,100,2021-04-21 16:03:00,TRHC
44.49,44.49,44.49,44.49,315,2021-04-21 16:05:00,TRHC
44.49,44.49,44.49,44.49,100,2021-04-21 16:06:00,TRHC
44.49,44.57,44.49,44.5,1330,2021-04-21 16:07:00,TRHC
44.62,44.62,44.62,44.62,100,2021-04-21 16:08:00,TRHC
44.62,44.62,44.62,44.62,100,2021-04-21 16:10:00,TRHC
44.52,44.53,44.46,44.465,1600,2021-04-21 16:12:00,TRHC
44.47,44.47,44.47,44.47,100,2021-04-21 16:13:00,TRHC
44.47,44.55,44.47,44.55,200,2021-04-21 16:15:00,TRHC
44.45,44.45,44.45,44.45,100,2021-04-21 16:16:00,TRHC
44.45,44.45,44.45,44.45,100,2021-04-21 16:17:00,TRHC
44.5,44.5,44.46,44.46,200,2021-04-21 16:18:00,TRHC
44.465,44.5,44.465,44.4825,794,2021-04-21 16:20:00,TRHC
44.465,44.63,44.465,44.63,800,2021-04-21 16:21:00,TRHC
44.68,44.77,44.68,44.77,500,2021-04-21 16:22:00,TRHC
44.725,44.725,44.725,44.725,100,2021-04-21 16:23:00,TRHC
44.725,44.725,44.66,44.66,300,2021-04-21 16:25:00,TRHC
44.54,44.54,44.54,44.54,100,2021-04-21 16:27:00,TRHC
44.54,44.63,44.54,44.63,200,2021-04-21 16:28:00,TRHC
44.685,44.685,44.5,44.615,700,2021-04-21 16:29:00,TRHC
44.67,44.67,44.615,44.615,343,2021-04-21 16:30:00,TRHC
44.615,44.615,44.57,44.57,200,2021-04-21 16:32:00,TRHC
44.56,44.56,44.53,44.53,600,2021-04-21 16:33:00,TRHC
44.53,44.63,44.53,44.63,200,2021-04-21 16:34:00,TRHC
44.54,44.54,44.475,44.48,800,2021-04-21 16:35:00,TRHC
44.48,44.5,44.48,44.5,857,2021-04-21 16:36:00,TRHC
44.58,44.79,44.58,44.755,1100,2021-04-21 16:37:00,TRHC
44.66,44.66,44.66,44.66,100,2021-04-21 16:38:00,TRHC
44.66,44.66,44.66,44.66,100,2021-04-21 16:39:00,TRHC
44.74,44.74,44.74,44.74,100,2021-04-21 16:40:00,TRHC
44.64,44.74,44.53,44.53,2497,2021-04-21 16:41:00,TRHC
44.57,44.57,44.54,44.54,200,2021-04-21 16:42:00,TRHC
44.5,44.5,44.5,44.5,100,2021-04-21 16:43:00,TRHC
44.5,44.53,44.48,44.5,718,2021-04-21 16:44:00,TRHC
44.5,44.5,44.5,44.5,100,2021-04-21 16:45:00,TRHC
44.5,44.59,44.485,44.565,2110,2021-04-21 16:46:00,TRHC
44.55,44.55,44.5,44.5,441,2021-04-21 16:47:00,TRHC
44.5,44.66,44.5,44.5,3322,2021-04-21 16:48:00,TRHC
44.5,44.5,44.5,44.5,400,2021-04-21 16:49:00,TRHC
44.5,44.55,44.5,44.55,291,2021-04-21 16:51:00,TRHC
44.515,44.515,44.5,44.5,400,2021-04-21 16:52:00,TRHC
44.5,44.5,44.5,44.5,100,2021-04-21 16:53:00,TRHC
44.5,44.5,44.5,44.5,100,2021-04-21 16:54:00,TRHC
44.485,44.63,44.485,44.5,3152,2021-04-21 16:55:00,TRHC
44.5,44.5,44.485,44.485,708,2021-04-21 16:56:00,TRHC
44.4925,44.61,44.485,44.57,1100,2021-04-21 16:57:00,TRHC
44.55,44.55,44.51,44.55,400,2021-04-21 16:58:00,TRHC
44.52,44.52,44.52,44.52,100,2021-04-21 16:59:00,TRHC
44.52,44.52,44.46,44.46,200,2021-04-21 17:02:00,TRHC
44.47,44.47,44.39,44.39,400,2021-04-21 17:03:00,TRHC
44.36,44.36,44.36,44.36,300,2021-04-21 17:06:00,TRHC
44.36,44.36,44.36,44.36,100,2021-04-21 17:07:00,TRHC
44.37,44.37,44.37,44.37,200,2021-04-21 17:08:00,TRHC
44.36,44.36,44.36,44.36,248,2021-04-21 17:09:00,TRHC
44.36,44.36,44.36,44.36,100,2021-04-21 17:10:00,TRHC
44.36,44.36,44.335,44.335,200,2021-04-21 17:11:00,TRHC
44.335,44.4351,44.335,44.4351,426,2021-04-21 17:12:00,TRHC
44.415,44.415,44.415,44.415,100,2021-04-21 17:13:00,TRHC
44.425,44.425,44.425,44.425,100,2021-04-21 17:14:00,TRHC
44.37,44.43,44.34,44.375,900,2021-04-21 17:17:00,TRHC
44.43,44.51,44.43,44.51,900,2021-04-21 17:19:00,TRHC
44.52,44.52,44.44,44.44,300,2021-04-21 17:20:00,TRHC
44.44,44.44,44.44,44.44,100,2021-04-21 17:22:00,TRHC
44.39,44.455,44.39,44.39,508,2021-04-21 17:26:00,TRHC
44.445,44.51,44.37,44.38,600,2021-04-21 17:28:00,TRHC
44.38,44.44,44.38,44.44,200,2021-04-21 17:29:00,TRHC
44.37,44.37,44.36,44.36,200,2021-04-21 17:31:00,TRHC
44.36,44.45,44.335,44.45,1526,2021-04-21 17:32:00,TRHC
44.45,44.45,44.44,44.445,600,2021-04-21 17:33:00,TRHC
44.445,44.48,44.445,44.48,500,2021-04-21 17:34:00,TRHC
44.52,44.52,44.52,44.52,100,2021-04-21 17:36:00,TRHC
44.52,44.52,44.52,44.52,100,2021-04-21 17:37:00,TRHC
44.525,44.525,44.525,44.525,100,2021-04-21 17:40:00,TRHC
44.59,44.65,44.54,44.54,1300,2021-04-21 17:43:00,TRHC
44.52,44.52,44.52,44.52,100,2021-04-21 17:44:00,TRHC
44.47,44.47,44.47,44.47,300,2021-04-21 17:45:00,TRHC
44.59,44.59,44.45,44.45,200,2021-04-21 17:46:00,TRHC
44.45,44.45,44.45,44.45,100,2021-04-21 17:47:00,TRHC
44.45,44.45,44.45,44.45,100,2021-04-21 17:48:00,TRHC
44.46,44.53,44.46,44.53,294,2021-04-21 17:50:00,TRHC
44.46,44.46,44.43,44.43,500,2021-04-21 17:52:00,TRHC
44.43,44.51,44.43,44.45,900,2021-04-21 17:53:00,TRHC
44.46,44.46,44.46,44.46,100,2021-04-21 17:55:00,TRHC
44.52,44.52,44.52,44.52,100,2021-04-21 17:56:00,TRHC
44.56,44.56,44.56,44.56,160,2021-04-21 17:59:00,TRHC
44.53,44.53,44.53,44.53,100,2021-04-21 18:00:00,TRHC
44.45,44.45,44.45,44.45,210,2021-04-21 18:01:00,TRHC
44.6,44.6,44.6,44.6,100,2021-04-21 18:03:00,TRHC
44.61,44.61,44.57,44.57,300,2021-04-21 18:04:00,TRHC
44.5,44.5,44.42,44.42,400,2021-04-21 18:07:00,TRHC
44.44,44.45,44.44,44.445,900,2021-04-21 18:09:00,TRHC
44.445,44.48,44.44,44.48,500,2021-04-21 18:10:00,TRHC
44.445,44.565,44.445,44.565,200,2021-04-21 18:11:00,TRHC
44.565,44.565,44.565,44.565,100,2021-04-21 18:13:00,TRHC
44.55,44.55,44.55,44.55,100,2021-04-21 18:17:00,TRHC
44.565,44.565,44.565,44.565,100,2021-04-21 18:20:00,TRHC
44.51,44.51,44.5,44.5,300,2021-04-21 18:24:00,TRHC
44.5,44.5,44.465,44.47,600,2021-04-21 18:25:00,TRHC
44.51,44.51,44.51,44.51,100,2021-04-21 18:27:00,TRHC
44.51,44.51,44.51,44.51,100,2021-04-21 18:28:00,TRHC
44.51,44.51,44.51,44.51,100,2021-04-21 18:30:00,TRHC
44.49,44.49,44.49,44.49,100,2021-04-21 18:35:00,TRHC
44.5,44.5,44.5,44.5,100,2021-04-21 18:37:00,TRHC
44.475,44.57,44.475,44.57,1300,2021-04-21 18:38:00,TRHC
44.57,44.58,44.57,44.58,300,2021-04-21 18:39:00,TRHC
44.56,44.56,44.56,44.56,100,2021-04-21 18:40:00,TRHC
44.62,44.64,44.62,44.62,316,2021-04-21 18:41:00,TRHC
44.52,44.58,44.52,44.58,209,2021-04-21 18:45:00,TRHC
44.495,44.4975,44.485,44.485,500,2021-04-21 18:50:00,TRHC
44.5,44.5,44.5,44.5,200,2021-04-21 18:52:00,TRHC
44.5,44.5,44.5,44.5,200,2021-04-21 18:53:00,TRHC
44.48,44.51,44.48,44.51,1100,2021-04-21 18:54:00,TRHC
44.51,44.51,44.51,44.51,100,2021-04-21 18:55:00,TRHC
44.56,44.68,44.53,44.68,700,2021-04-21 18:56:00,TRHC
44.69,44.69,44.69,44.69,100,2021-04-21 18:57:00,TRHC
44.63,44.63,44.63,44.63,200,2021-04-21 19:00:00,TRHC
44.69,44.69,44.69,44.69,318,2021-04-21 19:01:00,TRHC
44.6,44.6,44.6,44.6,100,2021-04-21 19:02:00,TRHC
44.6,44.62,44.6,44.62,200,2021-04-21 19:03:00,TRHC
44.64,44.64,44.61,44.61,200,2021-04-21 19:04:00,TRHC
44.59,44.595,44.495,44.495,1300,2021-04-21 19:06:00,TRHC
44.54,44.54,44.54,44.54,100,2021-04-21 19:07:00,TRHC
44.5,44.5,44.5,44.5,100,2021-04-21 19:09:00,TRHC
44.59,44.605,44.565,44.565,600,2021-04-21 19:10:00,TRHC
44.59,44.59,44.545,44.545,527,2021-04-21 19:11:00,TRHC
44.53,44.53,44.53,44.53,100,2021-04-21 19:12:00,TRHC
44.48,44.5,44.48,44.49,4875,2021-04-21 19:14:00,TRHC
44.545,44.545,44.5,44.5,400,2021-04-21 19:15:00,TRHC
44.5,44.5,44.36,44.41,1200,2021-04-21 19:16:00,TRHC
44.36,44.46,44.36,44.46,700,2021-04-21 19:17:00,TRHC
44.41,44.41,44.41,44.41,100,2021-04-21 19:18:00,TRHC
44.4,44.4,44.33,44.33,228,2021-04-21 19:19:00,TRHC
44.365,44.365,44.365,44.365,100,2021-04-21 19:20:00,TRHC
44.3,44.3,44.3,44.3,632,2021-04-21 19:21:00,TRHC
44.3,44.3,44.3,44.3,300,2021-04-21 19:22:00,TRHC
44.3,44.33,44.3,44.3,368,2021-04-21 19:23:00,TRHC
44.285,44.3,44.285,44.3,892,2021-04-21 19:24:00,TRHC
44.3,44.38,44.3,44.33,908,2021-04-21 19:26:00,TRHC
44.3,44.3,44.3,44.3,391,2021-04-21 19:27:00,TRHC
44.3,44.33,44.3,44.33,482,2021-04-21 19:28:00,TRHC
44.285,44.3,44.285,44.3,727,2021-04-21 19:29:00,TRHC
44.29,44.34,44.29,44.3,1400,2021-04-21 19:30:00,TRHC
44.315,44.34,44.3,44.3,1000,2021-04-21 19:31:00,TRHC
44.345,44.345,44.345,44.345,100,2021-04-21 19:32:00,TRHC
44.32,44.33,44.32,44.33,500,2021-04-21 19:33:00,TRHC
44.33,44.36,44.33,44.33,800,2021-04-21 19:34:00,TRHC
44.35,44.35,44.35,44.35,300,2021-04-21 19:35:00,TRHC
44.33,44.33,44.33,44.33,100,2021-04-21 19:36:00,TRHC
44.33,44.33,44.27,44.29,3200,2021-04-21 19:37:00,TRHC
44.325,44.325,44.325,44.325,200,2021-04-21 19:38:00,TRHC
44.3,44.3,44.3,44.3,705,2021-04-21 19:39:00,TRHC
44.32,44.32,44.3,44.3,400,2021-04-21 19:40:00,TRHC
44.3,44.32,44.3,44.3,800,2021-04-21 19:41:00,TRHC
44.3,44.3,44.3,44.3,491,2021-04-21 19:42:00,TRHC
44.3,44.3,44.28,44.29,1758,2021-04-21 19:43:00,TRHC
44.35,44.37,44.265,44.3,3530,2021-04-21 19:44:00,TRHC
44.27,44.39,44.27,44.38,1951,2021-04-21 19:45:00,TRHC
44.42,44.42,44.405,44.41,525,2021-04-21 19:46:00,TRHC
44.39,44.42,44.39,44.42,500,2021-04-21 19:47:00,TRHC
44.39,44.4,44.36,44.3925,1598,2021-04-21 19:48:00,TRHC
44.395,44.43,44.395,44.43,1200,2021-04-21 19:49:00,TRHC
44.42,44.47,44.42,44.47,3003,2021-04-21 19:50:00,TRHC
44.47,44.505,44.47,44.5,1294,2021-04-21 19:51:00,TRHC
44.5,44.51,44.34,44.37,5978,2021-04-21 19:52:00,TRHC
44.37,44.38,44.37,44.37,900,2021-04-21 19:53:00,TRHC
44.43,44.43,44.235,44.345,1500,2021-04-21 19:54:00,TRHC
44.4,44.4,44.25,44.25,1230,2021-04-21 19:55:00,TRHC
44.27,44.305,44.07,44.19,5349,2021-04-21 19:56:00,TRHC
44.16,44.21,44.16,44.21,1079,2021-04-21 19:57:00,TRHC
44.19,44.25,44.18,44.19,3008,2021-04-21 19:58:00,TRHC
44.25,44.34,44.19,44.24,2949,2021-04-21 19:59:00,TRHC
44.24,44.24,44.05,44.05,19279,2021-04-21 20:00:00,TRHC
44.24,44.24,44.24,44.24,156,2021-04-21 20:02:00,TRHC
44.24,44.24,44.24,44.24,336,2021-04-21 21:26:00,TRHC
44.05,44.435,44.05,44.435,4163,2021-04-22 13:30:00,TRHC
44.05,44.05,44.05,44.05,100,2021-04-22 13:31:00,TRHC
44.06,44.435,44.06,44.06,1400,2021-04-22 13:32:00,TRHC
44.06,44.07,43.84,43.84,2400,2021-04-22 13:33:00,TRHC
43.42,43.83,43.42,43.83,700,2021-04-22 13:38:00,TRHC
43.44,43.44,43.44,43.44,100,2021-04-22 13:44:00,TRHC
43.52,43.52,43.52,43.52,100,2021-04-22 13:49:00,TRHC
43.65,43.65,43.65,43.65,100,2021-04-22 13:53:00,TRHC
43.58,43.58,43.58,43.58,100,2021-04-22 13:55:00,TRHC
43.785,43.785,43.785,43.785,100,2021-04-22 14:00:00,TRHC
43.785,43.87,43.785,43.87,400,2021-04-22 14:01:00,TRHC
43.89,43.89,43.89,43.89,100,2021-04-22 14:02:00,TRHC
43.86,43.86,43.86,43.86,132,2021-04-22 14:04:00,TRHC
43.77,43.77,43.77,43.77,100,2021-04-22 14:07:00,TRHC
43.98,44.005,43.98,44.005,200,2021-04-22 14:08:00,TRHC
43.95,43.95,43.95,43.95,100,2021-04-22 14:09:00,TRHC
43.93,43.93,43.93,43.93,100,2021-04-22 14:12:00,TRHC
44.015,44.015,44.015,44.015,100,2021-04-22 14:13:00,TRHC
43.87,44.05,43.87,44.05,1102,2021-04-22 14:16:00,TRHC
44.09,44.215,44.09,44.215,224,2021-04-22 14:18:00,TRHC
44.19,44.19,44.19,44.19,130,2021-04-22 14:19:00,TRHC
44.2,44.2,44.2,44.2,100,2021-04-22 14:20:00,TRHC
44.0,44.065,44.0,44.065,1141,2021-04-22 14:21:00,TRHC
44.05,44.05,44.05,44.05,100,2021-04-22 14:22:00,TRHC
44.05,44.05,44.05,44.05,100,2021-04-22 14:24:00,TRHC
44.05,44.06,44.05,44.05,498,2021-04-22 14:25:00,TRHC
44.05,44.05,44.05,44.05,100,2021-04-22 14:27:00,TRHC
44.09,44.09,44.09,44.09,100,2021-04-22 14:28:00,TRHC
44.08,44.09,44.08,44.09,200,2021-04-22 14:29:00,TRHC
44.165,44.165,44.0,44.0,970,2021-04-22 14:30:00,TRHC
44.02,44.07,43.99,44.07,800,2021-04-22 14:35:00,TRHC
44.085,44.1,44.05,44.1,770,2021-04-22 14:36:00,TRHC
44.11,44.145,44.11,44.145,200,2021-04-22 14:37:00,TRHC
44.23,44.29,44.23,44.25,400,2021-04-22 14:38:00,TRHC
44.29,44.29,44.11,44.23,689,2021-04-22 14:39:00,TRHC
44.11,44.175,44.0,44.0,1000,2021-04-22 14:40:00,TRHC
43.82,43.82,43.82,43.82,100,2021-04-22 14:41:00,TRHC
44.03,44.1,44.03,44.1,300,2021-04-22 14:44:00,TRHC
44.185,44.185,44.185,44.185,100,2021-04-22 14:45:00,TRHC
44.05,44.05,44.05,44.05,300,2021-04-22 14:46:00,TRHC
44.05,44.05,44.05,44.05,100,2021-04-22 14:47:00,TRHC
44.0,44.06,43.81,44.06,700,2021-04-22 14:48:00,TRHC
43.9,44.11,43.9,44.11,2480,2021-04-22 14:49:00,TRHC
44.04,44.105,44.04,44.095,721,2021-04-22 14:50:00,TRHC
44.05,44.05,44.05,44.05,200,2021-04-22 14:52:00,TRHC
44.04,44.05,44.04,44.05,300,2021-04-22 14:53:00,TRHC
44.01,44.055,43.98,44.055,400,2021-04-22 14:54:00,TRHC
43.94,44.03,43.94,44.03,400,2021-04-22 14:56:00,TRHC
44.04,44.05,44.0,44.05,400,2021-04-22 14:58:00,TRHC
44.05,44.05,44.05,44.05,315,2021-04-22 14:59:00,TRHC
44.04,44.05,44.04,44.05,201,2021-04-22 15:00:00,TRHC
44.075,44.075,44.07,44.07,300,2021-04-22 15:02:00,TRHC
44.09,44.09,44.09,44.09,100,2021-04-22 15:03:00,TRHC
44.01,44.05,44.0,44.0,300,2021-04-22 15:04:00,TRHC
44.03,44.03,44.03,44.03,100,2021-04-22 15:08:00,TRHC
43.95,43.95,43.95,43.95,100,2021-04-22 15:09:00,TRHC
44.07,44.07,44.07,44.07,100,2021-04-22 15:10:00,TRHC
44.05,44.05,44.05,44.05,300,2021-04-22 15:15:00,TRHC
43.95,43.95,43.95,43.95,100,2021-04-22 15:16:00,TRHC
44.0,44.0,44.0,44.0,100,2021-04-22 15:25:00,TRHC
44.0,44.0,44.0,44.0,105,2021-04-22 15:27:00,TRHC
44.05,44.06,44.05,44.06,720,2021-04-22 15:29:00,TRHC
44.05,44.05,44.05,44.05,200,2021-04-22 15:32:00,TRHC
44.05,44.05,44.02,44.02,691,2021-04-22 15:33:00,TRHC
44.05,44.05,44.05,44.05,100,2021-04-22 15:34:00,TRHC
44.05,44.14,44.05,44.14,700,2021-04-22 15:36:00,TRHC
44.11,44.11,44.11,44.11,100,2021-04-22 15:37:00,TRHC
44.08,44.08,44.08,44.08,100,2021-04-22 15:38:00,TRHC
44.12,44.12,44.12,44.12,100,2021-04-22 15:39:00,TRHC
44.13,44.205,44.11,44.205,896,2021-04-22 15:40:00,TRHC
44.12,44.12,44.12,44.12,100,2021-04-22 15:41:00,TRHC
44.06,44.27,44.06,44.27,200,2021-04-22 15:42:00,TRHC
44.13,44.13,44.13,44.13,100,2021-04-22 15:44:00,TRHC
44.11,44.11,44.085,44.085,200,2021-04-22 15:46:00,TRHC
44.085,44.085,44.085,44.085,100,2021-04-22 15:47:00,TRHC
44.125,44.125,44.125,44.125,100,2021-04-22 15:48:00,TRHC
44.1,44.1,44.05,44.05,200,2021-04-22 15:50:00,TRHC
44.04,44.04,44.04,44.04,100,2021-04-22 15:51:00,TRHC
44.05,44.05,44.05,44.05,100,2021-04-22 15:52:00,TRHC
44.06,44.06,44.06,44.06,100,2021-04-22 15:53:00,TRHC
44.085,44.085,44.085,44.085,100,2021-04-22 15:55:00,TRHC
44.06,44.06,44.06,44.06,200,2021-04-22 15:56:00,TRHC
44.08,44.0895,44.07,44.07,515,2021-04-22 15:57:00,TRHC
44.08,44.08,44.08,44.08,100,2021-04-22 15:58:00,TRHC
44.05,44.05,44.05,44.05,100,2021-04-22 15:59:00,TRHC
44.05,44.05,44.05,44.05,100,2021-04-22 16:00:00,TRHC
44.0,44.0,44.0,44.0,200,2021-04-22 16:01:00,TRHC
44.04,44.06,44.04,44.06,300,2021-04-22 16:02:00,TRHC
44.065,44.065,44.065,44.065,100,2021-04-22 16:03:00,TRHC
44.04,44.05,44.04,44.05,300,2021-04-22 16:04:00,TRHC
44.05,44.05,44.05,44.05,100,2021-04-22 16:05:00,TRHC
44.01,44.01,44.01,44.01,200,2021-04-22 16:07:00,TRHC
43.95,44.0,43.95,44.0,500,2021-04-22 16:10:00,TRHC
44.0,44.0,44.0,44.0,200,2021-04-22 16:11:00,TRHC
44.09,44.11,44.09,44.1,500,2021-04-22 16:15:00,TRHC
44.05,44.05,44.05,44.05,200,2021-04-22 16:16:00,TRHC
44.05,44.05,44.05,44.05,100,2021-04-22 16:17:00,TRHC
44.0782,44.0782,44.0782,44.0782,170,2021-04-22 16:19:00,TRHC
44.05,44.05,44.05,44.05,200,2021-04-22 16:20:00,TRHC
44.05,44.05,44.05,44.05,249,2021-04-22 16:23:00,TRHC
44.06,44.06,44.06,44.06,100,2021-04-22 16:24:00,TRHC
44.135,44.135,44.05,44.05,500,2021-04-22 16:25:00,TRHC
44.05,44.05,44.05,44.05,100,2021-04-22 16:26:00,TRHC
44.05,44.075,44.05,44.075,200,2021-04-22 16:32:00,TRHC
44.085,44.085,44.085,44.085,200,2021-04-22 16:33:00,TRHC
44.245,44.245,44.245,44.245,200,2021-04-22 16:36:00,TRHC
44.13,44.13,44.13,44.13,100,2021-04-22 16:37:00,TRHC
44.12,44.14,44.12,44.14,300,2021-04-22 16:38:00,TRHC
44.17,44.17,44.17,44.17,100,2021-04-22 16:39:00,TRHC
44.255,44.255,44.19,44.19,200,2021-04-22 16:40:00,TRHC
44.17,44.17,44.07,44.07,1250,2021-04-22 16:42:00,TRHC
44.095,44.095,44.095,44.095,100,2021-04-22 16:43:00,TRHC
44.05,44.05,44.05,44.05,388,2021-04-22 16:46:00,TRHC
44.05,44.05,44.05,44.05,100,2021-04-22 16:47:00,TRHC
44.0,44.05,44.0,44.05,521,2021-04-22 16:48:00,TRHC
44.03,44.03,44.03,44.03,100,2021-04-22 16:49:00,TRHC
44.04,44.15,44.04,44.15,715,2021-04-22 16:51:00,TRHC
44.1,44.135,44.1,44.135,200,2021-04-22 16:52:00,TRHC
44.08,44.08,44.08,44.08,100,2021-04-22 16:54:00,TRHC
44.06,44.06,44.06,44.06,100,2021-04-22 16:55:00,TRHC
44.04,44.05,44.04,44.05,200,2021-04-22 16:57:00,TRHC
44.085,44.085,44.085,44.085,100,2021-04-22 17:00:00,TRHC
44.085,44.085,44.085,44.085,100,2021-04-22 17:01:00,TRHC
44.15,44.15,44.09,44.09,200,2021-04-22 17:02:00,TRHC
43.98,43.98,43.98,43.98,200,2021-04-22 17:06:00,TRHC
43.86,43.86,43.86,43.86,100,2021-04-22 17:07:00,TRHC
43.74,43.74,43.74,43.74,100,2021-04-22 17:10:00,TRHC
43.76,43.76,43.76,43.76,100,2021-04-22 17:11:00,TRHC
43.67,43.67,43.67,43.67,100,2021-04-22 17:12:00,TRHC
43.61,43.61,43.61,43.61,100,2021-04-22 17:18:00,TRHC
43.65,43.69,43.65,43.69,300,2021-04-22 17:21:00,TRHC
43.97,43.97,43.97,43.97,100,2021-04-22 17:25:00,TRHC
44.0,44.02,43.92,43.92,400,2021-04-22 17:29:00,TRHC
44.055,44.055,44.055,44.055,100,2021-04-22 17:30:00,TRHC
43.89,43.97,43.88,43.95,2300,2021-04-22 17:31:00,TRHC
44.1,44.2,44.05,44.2,600,2021-04-22 17:33:00,TRHC
44.2,44.22,44.2,44.22,200,2021-04-22 17:34:00,TRHC
44.21,44.21,44.17,44.17,260,2021-04-22 17:35:00,TRHC
44.285,44.285,44.285,44.285,100,2021-04-22 17:36:00,TRHC
44.18,44.18,44.06,44.105,400,2021-04-22 17:38:00,TRHC
44.23,44.23,44.23,44.23,100,2021-04-22 17:39:00,TRHC
44.17,44.17,44.075,44.11,500,2021-04-22 17:40:00,TRHC
44.095,44.19,44.05,44.09,800,2021-04-22 17:43:00,TRHC
44.09,44.13,44.09,44.13,678,2021-04-22 17:44:00,TRHC
44.085,44.22,44.06,44.19,800,2021-04-22 17:45:00,TRHC
44.26,44.29,44.21,44.29,600,2021-04-22 17:46:00,TRHC
44.45,44.53,44.395,44.53,500,2021-04-22 17:47:00,TRHC
44.52,44.52,44.28,44.28,1200,2021-04-22 17:48:00,TRHC
44.46,44.46,44.46,44.46,100,2021-04-22 17:49:00,TRHC
44.25,44.25,44.25,44.25,200,2021-04-22 17:51:00,TRHC
44.24,44.24,44.12,44.135,498,2021-04-22 17:52:00,TRHC
44.24,44.24,44.135,44.135,200,2021-04-22 17:53:00,TRHC
43.99,43.99,43.938,43.938,439,2021-04-22 17:56:00,TRHC
44.05,44.06,43.97,44.06,300,2021-04-22 17:57:00,TRHC
43.99,43.99,43.99,43.99,100,2021-04-22 18:02:00,TRHC
43.99,43.99,43.99,43.99,100,2021-04-22 18:05:00,TRHC
44.02,44.05,44.02,44.05,547,2021-04-22 18:09:00,TRHC
44.11,44.11,44.11,44.11,100,2021-04-22 18:10:00,TRHC
44.05,44.05,44.05,44.05,100,2021-04-22 18:11:00,TRHC
44.0151,44.05,44.0151,44.05,300,2021-04-22 18:13:00,TRHC
44.075,44.11,44.075,44.11,400,2021-04-22 18:14:00,TRHC
44.05,44.0947,44.05,44.0947,363,2021-04-22 18:16:00,TRHC
44.07,44.08,44.07,44.08,201,2021-04-22 18:17:00,TRHC
44.07,44.17,44.07,44.17,200,2021-04-22 18:18:00,TRHC
44.04,44.04,44.04,44.04,100,2021-04-22 18:19:00,TRHC
44.06,44.06,44.05,44.05,200,2021-04-22 18:20:00,TRHC
44.03,44.03,44.025,44.025,300,2021-04-22 18:21:00,TRHC
44.025,44.025,43.8927,43.8927,995,2021-04-22 18:22:00,TRHC
44.05,44.05,44.05,44.05,100,2021-04-22 18:25:00,TRHC
44.05,44.09,44.05,44.05,600,2021-04-22 18:27:00,TRHC
44.06,44.06,44.06,44.06,200,2021-04-22 18:28:00,TRHC
44.05,44.05,44.05,44.05,100,2021-04-22 18:29:00,TRHC
44.13,44.13,44.13,44.13,100,2021-04-22 18:30:00,TRHC
44.05,44.05,44.05,44.05,457,2021-04-22 18:31:00,TRHC
44.05,44.09,44.05,44.09,637,2021-04-22 18:37:00,TRHC
44.1,44.1,44.1,44.1,100,2021-04-22 18:38:00,TRHC
44.06,44.06,44.06,44.06,100,2021-04-22 18:39:00,TRHC
44.05,44.05,44.05,44.05,232,2021-04-22 18:41:00,TRHC
44.11,44.11,44.11,44.11,200,2021-04-22 18:42:00,TRHC
44.04,44.07,44.04,44.07,500,2021-04-22 18:44:00,TRHC
43.99,43.99,43.97,43.97,200,2021-04-22 18:46:00,TRHC
43.9,43.91,43.9,43.91,200,2021-04-22 18:50:00,TRHC
44.05,44.05,44.05,44.05,200,2021-04-22 18:57:00,TRHC
44.1,44.1,44.1,44.1,100,2021-04-22 19:01:00,TRHC
44.07,44.07,44.05,44.05,300,2021-04-22 19:03:00,TRHC
44.05,44.05,44.05,44.05,300,2021-04-22 19:04:00,TRHC
44.02,44.02,43.99,43.99,300,2021-04-22 19:05:00,TRHC
44.02,44.02,43.99,43.99,215,2021-04-22 19:07:00,TRHC
43.9,43.97,43.87,43.97,830,2021-04-22 19:11:00,TRHC
44.01,44.01,44.01,44.01,100,2021-04-22 19:14:00,TRHC
43.98,43.98,43.98,43.98,100,2021-04-22 19:19:00,TRHC
43.99,43.99,43.93,43.93,701,2021-04-22 19:20:00,TRHC
43.87,43.92,43.87,43.92,200,2021-04-22 19:27:00,TRHC
44.03,44.03,44.03,44.03,100,2021-04-22 19:30:00,TRHC
44.04,44.07,44.04,44.05,1513,2021-04-22 19:31:00,TRHC
44.03,44.03,44.02,44.02,300,2021-04-22 19:32:00,TRHC
44.01,44.01,44.01,44.01,300,2021-04-22 19:33:00,TRHC
44.05,44.075,44.04,44.05,902,2021-04-22 19:35:00,TRHC
44.0,44.0,43.92,43.92,800,2021-04-22 19:36:00,TRHC
43.97,43.97,43.97,43.97,100,2021-04-22 19:38:00,TRHC
44.0,44.06,44.0,44.06,400,2021-04-22 19:40:00,TRHC
44.05,44.05,44.05,44.05,1298,2021-04-22 19:41:00,TRHC
44.05,44.05,43.95,44.05,1618,2021-04-22 19:42:00,TRHC
44.06,44.06,44.015,44.015,200,2021-04-22 19:43:00,TRHC
44.02,44.02,43.99,43.99,200,2021-04-22 19:44:00,TRHC
44.05,44.055,44.02,44.03,799,2021-04-22 19:45:00,TRHC
44.025,44.025,44.025,44.025,200,2021-04-22 19:46:00,TRHC
44.005,44.005,44.005,44.005,100,2021-04-22 19:48:00,TRHC
43.91,43.91,43.9,43.9,200,2021-04-22 19:49:00,TRHC
43.92,43.92,43.92,43.92,100,2021-04-22 19:50:00,TRHC
43.92,43.935,43.85,43.85,500,2021-04-22 19:53:00,TRHC
43.845,43.845,43.84,43.84,300,2021-04-22 19:54:00,TRHC
43.87,43.87,43.82,43.85,1087,2021-04-22 19:55:00,TRHC
43.79,43.82,43.79,43.82,491,2021-04-22 19:56:00,TRHC
43.87,43.87,43.86,43.86,200,2021-04-22 19:57:00,TRHC
43.8,43.82,43.76,43.775,2020,2021-04-22 19:58:00,TRHC
43.74,43.74,43.64,43.65,2605,2021-04-22 19:59:00,TRHC
43.65,43.65,43.65,43.65,27812,2021-04-22 20:00:00,TRHC
43.95,43.95,43.95,43.95,1801,2021-04-23 13:30:00,TRHC
42.9349,42.9349,42.9349,42.9349,500,2021-04-23 13:35:00,TRHC
42.09,42.09,42.09,42.09,122,2021-04-23 13:36:00,TRHC
42.42,43.73,42.42,43.73,213,2021-04-23 13:37:00,TRHC
43.24,43.24,43.24,43.24,300,2021-04-23 13:41:00,TRHC
43.25,43.25,43.16,43.16,800,2021-04-23 13:49:00,TRHC
43.25,43.25,43.0,43.08,2586,2021-04-23 13:50:00,TRHC
43.16,43.18,43.16,43.18,300,2021-04-23 13:51:00,TRHC
43.16,43.16,43.16,43.16,100,2021-04-23 13:54:00,TRHC
43.15,43.16,43.15,43.16,244,2021-04-23 13:55:00,TRHC
43.21,43.21,43.21,43.21,105,2021-04-23 13:59:00,TRHC
43.205,43.245,43.205,43.245,1283,2021-04-23 14:00:00,TRHC
43.24,43.245,43.21,43.215,2419,2021-04-23 14:02:00,TRHC
43.43,43.43,43.43,43.43,100,2021-04-23 14:03:00,TRHC
43.23,43.24,43.23,43.24,914,2021-04-23 14:07:00,TRHC
43.24,43.24,43.24,43.24,100,2021-04-23 14:08:00,TRHC
43.24,43.24,43.24,43.24,131,2021-04-23 14:10:00,TRHC
43.24,43.24,43.24,43.24,100,2021-04-23 14:11:00,TRHC
43.16,43.16,43.16,43.16,100,2021-04-23 14:21:00,TRHC
43.19,43.21,43.14,43.14,1070,2021-04-23 14:22:00,TRHC
43.105,43.105,43.105,43.105,100,2021-04-23 14:28:00,TRHC
43.23,43.23,43.23,43.23,300,2021-04-23 14:31:00,TRHC
43.12,43.15,43.1,43.15,1100,2021-04-23 14:34:00,TRHC
43.06,43.06,43.04,43.04,400,2021-04-23 14:35:00,TRHC
42.88,42.88,42.88,42.88,100,2021-04-23 14:38:00,TRHC
42.88,42.88,42.8156,42.8156,200,2021-04-23 14:39:00,TRHC
42.82,42.82,42.82,42.82,100,2021-04-23 14:40:00,TRHC
42.79,42.8,42.71,42.8,500,2021-04-23 14:42:00,TRHC
42.78,42.81,42.78,42.81,845,2021-04-23 14:43:00,TRHC
42.71,42.71,42.71,42.71,1800,2021-04-23 14:44:00,TRHC
42.725,42.725,42.725,42.725,100,2021-04-23 14:49:00,TRHC
42.69,42.69,42.59,42.59,200,2021-04-23 14:50:00,TRHC
42.58,42.58,42.56,42.56,200,2021-04-23 14:51:00,TRHC
42.725,42.725,42.725,42.725,200,2021-04-23 14:53:00,TRHC
42.8,42.8,42.8,42.8,100,2021-04-23 14:54:00,TRHC
42.725,42.725,42.725,42.725,100,2021-04-23 14:56:00,TRHC
42.59,42.59,42.59,42.59,100,2021-04-23 14:57:00,TRHC
42.53,42.73,42.53,42.71,603,2021-04-23 14:58:00,TRHC
42.79,42.89,42.75,42.89,1952,2021-04-23 14:59:00,TRHC
43.04,43.04,43.04,43.04,100,2021-04-23 15:00:00,TRHC
43.02,43.05,43.02,43.05,200,2021-04-23 15:07:00,TRHC
43.11,43.11,43.11,43.11,300,2021-04-23 15:08:00,TRHC
43.36,43.36,43.24,43.24,351,2021-04-23 15:09:00,TRHC
43.1,43.1,43.1,43.1,100,2021-04-23 15:14:00,TRHC
43.21,43.21,43.21,43.21,242,2021-04-23 15:18:00,TRHC
43.21,43.21,43.21,43.21,100,2021-04-23 15:19:00,TRHC
43.3025,43.3025,43.255,43.255,416,2021-04-23 15:21:00,TRHC
43.19,43.19,43.18,43.18,200,2021-04-23 15:22:00,TRHC
43.15,43.15,43.12,43.12,315,2021-04-23 15:24:00,TRHC
42.9739,42.9739,42.9739,42.9739,150,2021-04-23 15:29:00,TRHC
42.94,42.94,42.94,42.94,100,2021-04-23 15:34:00,TRHC
42.94,42.94,42.94,42.94,100,2021-04-23 15:42:00,TRHC
43.07,43.07,43.07,43.07,100,2021-04-23 15:44:00,TRHC
42.94,42.94,42.94,42.94,100,2021-04-23 15:46:00,TRHC
43.14,43.225,43.07,43.135,1840,2021-04-23 15:47:00,TRHC
43.16,43.18,43.16,43.18,415,2021-04-23 15:49:00,TRHC
43.0,43.0,43.0,43.0,100,2021-04-23 16:00:00,TRHC
43.06,43.06,43.06,43.06,300,2021-04-23 16:04:00,TRHC
43.17,43.17,43.17,43.17,100,2021-04-23 16:06:00,TRHC
43.22,43.31,43.22,43.31,900,2021-04-23 16:07:00,TRHC
43.33,43.33,43.33,43.33,100,2021-04-23 16:08:00,TRHC
43.21,43.21,43.21,43.21,200,2021-04-23 16:16:00,TRHC
43.28,43.28,43.215,43.215,218,2021-04-23 16:17:00,TRHC
43.22,43.22,43.22,43.22,100,2021-04-23 16:18:00,TRHC
43.21,43.21,43.15,43.15,300,2021-04-23 16:19:00,TRHC
43.16,43.16,43.16,43.16,100,2021-04-23 16:23:00,TRHC
43.24,43.255,43.185,43.255,2200,2021-04-23 16:24:00,TRHC
43.25,43.25,43.21,43.21,1000,2021-04-23 16:26:00,TRHC
43.28,43.34,43.28,43.34,200,2021-04-23 16:27:00,TRHC
43.36,43.36,43.29,43.29,500,2021-04-23 16:28:00,TRHC
43.335,43.335,43.335,43.335,100,2021-04-23 16:29:00,TRHC
43.3,43.3,43.3,43.3,101,2021-04-23 16:30:00,TRHC
43.3,43.3,43.3,43.3,320,2021-04-23 16:31:00,TRHC
43.42,43.42,43.42,43.42,300,2021-04-23 16:33:00,TRHC
43.49,43.49,43.49,43.49,124,2021-04-23 16:35:00,TRHC
43.55,43.55,43.55,43.55,100,2021-04-23 16:39:00,TRHC
43.495,43.495,43.495,43.495,100,2021-04-23 16:40:00,TRHC
43.6,43.6,43.6,43.6,100,2021-04-23 16:41:00,TRHC
43.73,43.73,43.64,43.64,200,2021-04-23 16:45:00,TRHC
43.65,43.65,43.65,43.65,100,2021-04-23 16:47:00,TRHC
43.655,43.655,43.655,43.655,103,2021-04-23 16:51:00,TRHC
43.58,43.59,43.48,43.48,1700,2021-04-23 16:56:00,TRHC
43.48,43.48,43.48,43.48,177,2021-04-23 16:57:00,TRHC
43.455,43.455,43.33,43.33,600,2021-04-23 17:06:00,TRHC
43.32,43.32,43.32,43.32,200,2021-04-23 17:07:00,TRHC
43.47,43.47,43.47,43.47,100,2021-04-23 17:08:00,TRHC
43.32,43.32,43.32,43.32,100,2021-04-23 17:09:00,TRHC
43.32,43.32,43.32,43.32,100,2021-04-23 17:14:00,TRHC
43.3983,43.3983,43.3983,43.3983,100,2021-04-23 17:16:00,TRHC
43.26,43.26,43.26,43.26,100,2021-04-23 17:20:00,TRHC
43.4,43.4,43.395,43.395,900,2021-04-23 17:21:00,TRHC
43.45,43.45,43.45,43.45,100,2021-04-23 17:22:00,TRHC
43.57,43.57,43.57,43.57,100,2021-04-23 17:36:00,TRHC
43.62,43.68,43.565,43.62,1337,2021-04-23 17:48:00,TRHC
43.65,43.65,43.65,43.65,100,2021-04-23 17:53:00,TRHC
43.65,43.69,43.65,43.69,200,2021-04-23 17:57:00,TRHC
43.75,43.87,43.75,43.87,375,2021-04-23 18:00:00,TRHC
43.8357,43.8357,43.8357,43.8357,457,2021-04-23 18:01:00,TRHC
43.91,43.91,43.91,43.91,100,2021-04-23 18:07:00,TRHC
43.95,44.0,43.95,44.0,342,2021-04-23 18:08:00,TRHC
44.0,44.0,44.0,44.0,100,2021-04-23 18:10:00,TRHC
43.954,43.954,43.954,43.954,100,2021-04-23 18:16:00,TRHC
43.92,43.94,43.83,43.94,1976,2021-04-23 18:19:00,TRHC
43.8689,43.8689,43.8689,43.8689,456,2021-04-23 18:22:00,TRHC
43.88,43.88,43.88,43.88,200,2021-04-23 18:39:00,TRHC
43.79,43.79,43.79,43.79,200,2021-04-23 18:42:00,TRHC
43.78,43.78,43.76,43.76,400,2021-04-23 18:43:00,TRHC
43.76,43.79,43.76,43.79,515,2021-04-23 18:44:00,TRHC
43.72,43.75,43.68,43.68,300,2021-04-23 18:47:00,TRHC
43.705,43.705,43.705,43.705,100,2021-04-23 18:51:00,TRHC
43.63,43.63,43.63,43.63,100,2021-04-23 18:52:00,TRHC
43.69,43.69,43.69,43.69,100,2021-04-23 18:54:00,TRHC
43.71,43.71,43.71,43.71,100,2021-04-23 18:56:00,TRHC
43.77,43.84,43.77,43.84,900,2021-04-23 19:00:00,TRHC
43.8,43.8,43.8,43.8,100,2021-04-23 19:03:00,TRHC
43.75,43.75,43.75,43.75,100,2021-04-23 19:04:00,TRHC
43.71,43.71,43.71,43.71,100,2021-04-23 19:05:00,TRHC
43.78,43.78,43.78,43.78,200,2021-04-23 19:07:00,TRHC
43.82,43.86,43.82,43.86,200,2021-04-23 19:08:00,TRHC
43.8497,43.8497,43.82,43.8497,800,2021-04-23 19:09:00,TRHC
43.88,43.89,43.8,43.8,500,2021-04-23 19:12:00,TRHC
43.88,43.88,43.79,43.79,1700,2021-04-23 19:18:00,TRHC
43.8,43.84,43.8,43.84,400,2021-04-23 19:22:00,TRHC
43.88,43.88,43.88,43.88,100,2021-04-23 19:28:00,TRHC
43.78,43.78,43.78,43.78,100,2021-04-23 19:29:00,TRHC
43.8,43.8,43.8,43.8,100,2021-04-23 19:32:00,TRHC
43.77,43.77,43.69,43.69,400,2021-04-23 19:33:00,TRHC
43.63,43.63,43.58,43.58,200,2021-04-23 19:36:00,TRHC
43.685,43.685,43.685,43.685,100,2021-04-23 19:37:00,TRHC
43.69,43.69,43.645,43.645,400,2021-04-23 19:38:00,TRHC
43.54,43.54,43.54,43.54,100,2021-04-23 19:44:00,TRHC
43.54,43.54,43.54,43.54,100,2021-04-23 19:45:00,TRHC
43.45,43.45,43.35,43.35,500,2021-04-23 19:46:00,TRHC
43.46,43.46,43.46,43.46,100,2021-04-23 19:49:00,TRHC
43.47,43.47,43.25,43.28,300,2021-04-23 19:50:00,TRHC
43.33,43.58,43.33,43.47,886,2021-04-23 19:53:00,TRHC
43.35,43.35,43.35,43.35,100,2021-04-23 19:54:00,TRHC
43.38,43.39,43.32,43.34,934,2021-04-23 19:55:00,TRHC
43.31,43.31,43.24,43.285,300,2021-04-23 19:56:00,TRHC
43.37,43.38,43.37,43.38,1000,2021-04-23 19:57:00,TRHC
43.48,43.52,43.37,43.37,309,2021-04-23 19:58:00,TRHC
43.37,43.53,43.37,43.44,1111,2021-04-23 19:59:00,TRHC
43.42,43.42,43.42,43.42,27385,2021-04-23 20:00:00,TRHC
43.42,43.42,43.42,43.42,1395,2021-04-23 21:19:00,TRHC
43.82,44.04,43.735,43.735,2353,2021-04-26 13:30:00,TRHC
44.0438,44.0438,44.0438,44.0438,275,2021-04-26 13:39:00,TRHC
43.8,43.8,43.8,43.8,100,2021-04-26 13:44:00,TRHC
43.65,43.93,43.65,43.93,200,2021-04-26 13:55:00,TRHC
44.05,44.1,43.9,44.1,3617,2021-04-26 13:56:00,TRHC
44.04,44.51,43.98,44.51,5901,2021-04-26 13:57:00,TRHC
44.21,44.35,44.16,44.35,1868,2021-04-26 13:58:00,TRHC
44.5,44.5,44.05,44.3,900,2021-04-26 13:59:00,TRHC
44.38,44.4,43.72,44.05,1370,2021-04-26 14:00:00,TRHC
44.05,44.05,44.05,44.05,100,2021-04-26 14:01:00,TRHC
44.0701,44.0701,44.0701,44.0701,200,2021-04-26 14:03:00,TRHC
44.335,44.335,44.335,44.335,100,2021-04-26 14:05:00,TRHC
44.45,44.45,44.45,44.45,200,2021-04-26 14:06:00,TRHC
44.48,44.48,44.48,44.48,100,2021-04-26 14:07:00,TRHC
44.65,44.65,44.35,44.36,2300,2021-04-26 14:15:00,TRHC
44.55,44.58,44.29,44.58,1676,2021-04-26 14:16:00,TRHC
44.43,44.89,44.43,44.5,500,2021-04-26 14:21:00,TRHC
44.5,44.5,44.5,44.5,100,2021-04-26 14:22:00,TRHC
44.99,45.22,44.83,45.03,9666,2021-04-26 14:35:00,TRHC
44.9,44.9,44.9,44.9,100,2021-04-26 14:36:00,TRHC
45.02,45.27,45.02,45.04,1033,2021-04-26 14:38:00,TRHC
45.15,45.15,45.07,45.12,1300,2021-04-26 14:39:00,TRHC
45.03,45.03,44.79,44.96,700,2021-04-26 14:40:00,TRHC
44.73,44.73,44.73,44.73,100,2021-04-26 14:41:00,TRHC
44.8,44.8,44.8,44.8,100,2021-04-26 14:43:00,TRHC
45.0,45.0,44.935,44.935,742,2021-04-26 14:56:00,TRHC
45.0,45.0,44.86,44.86,800,2021-04-26 14:57:00,TRHC
44.83,44.83,44.83,44.83,100,2021-04-26 14:58:00,TRHC
45.0,45.0,45.0,45.0,200,2021-04-26 15:03:00,TRHC
44.93,44.94,44.92,44.92,900,2021-04-26 15:07:00,TRHC
44.93,44.96,44.93,44.96,200,2021-04-26 15:09:00,TRHC
45.015,45.015,45.015,45.015,100,2021-04-26 15:11:00,TRHC
44.92,45.0,44.92,44.93,2300,2021-04-26 15:12:00,TRHC
45.0,45.0,45.0,45.0,100,2021-04-26 15:15:00,TRHC
45.1,45.1,44.89,44.9,2686,2021-04-26 15:19:00,TRHC
44.89,44.89,44.86,44.86,400,2021-04-26 15:20:00,TRHC
44.92,44.92,44.92,44.92,300,2021-04-26 15:22:00,TRHC
44.72,44.72,44.72,44.72,100,2021-04-26 15:23:00,TRHC
44.74,44.74,44.74,44.74,100,2021-04-26 15:25:00,TRHC
44.79,44.79,44.79,44.79,100,2021-04-26 15:29:00,TRHC
44.8,44.8,44.8,44.8,100,2021-04-26 15:30:00,TRHC
44.92,44.92,44.92,44.92,100,2021-04-26 15:37:00,TRHC
44.92,45.05,44.92,44.96,924,2021-04-26 15:40:00,TRHC
44.94,44.94,44.865,44.94,981,2021-04-26 15:41:00,TRHC
44.91,45.07,44.91,45.0,300,2021-04-26 15:42:00,TRHC
45.12,45.12,44.98,44.98,600,2021-04-26 15:50:00,TRHC
44.98,44.98,44.98,44.98,100,2021-04-26 15:51:00,TRHC
44.99,44.99,44.99,44.99,200,2021-04-26 15:55:00,TRHC
45.01,45.01,45.0,45.0,334,2021-04-26 15:56:00,TRHC
44.97,44.97,44.95,44.95,500,2021-04-26 15:57:00,TRHC
44.95,44.96,44.95,44.96,300,2021-04-26 15:58:00,TRHC
44.95,44.95,44.78,44.78,500,2021-04-26 15:59:00,TRHC
44.69,44.69,44.69,44.69,100,2021-04-26 16:00:00,TRHC
44.945,44.945,44.945,44.945,100,2021-04-26 16:05:00,TRHC
44.945,44.945,44.945,44.945,100,2021-04-26 16:09:00,TRHC
45.02,45.04,44.86,44.86,1100,2021-04-26 16:10:00,TRHC
44.86,44.9,44.73,44.9,400,2021-04-26 16:11:00,TRHC
44.7,44.95,44.7,44.94,900,2021-04-26 16:14:00,TRHC
44.95,44.95,44.95,44.95,100,2021-04-26 16:15:00,TRHC
44.87,44.95,44.87,44.95,300,2021-04-26 16:17:00,TRHC
44.95,44.95,44.95,44.95,100,2021-04-26 16:18:00,TRHC
44.91,44.91,44.91,44.91,100,2021-04-26 16:19:00,TRHC
44.91,44.96,44.81,44.81,902,2021-04-26 16:20:00,TRHC
44.905,44.905,44.905,44.905,126,2021-04-26 16:22:00,TRHC
44.94,44.94,44.905,44.905,302,2021-04-26 16:24:00,TRHC
44.9283,44.9283,44.9283,44.9283,103,2021-04-26 16:32:00,TRHC
44.82,44.82,44.77,44.77,500,2021-04-26 16:35:00,TRHC
44.9,44.9,44.815,44.815,700,2021-04-26 16:36:00,TRHC
44.76,44.86,44.75,44.86,400,2021-04-26 16:45:00,TRHC
44.65,44.7537,44.51,44.51,800,2021-04-26 16:53:00,TRHC
44.73,44.74,44.73,44.74,300,2021-04-26 16:57:00,TRHC
44.58,44.58,44.58,44.58,100,2021-04-26 17:07:00,TRHC
44.72,44.725,44.72,44.725,300,2021-04-26 17:12:00,TRHC
44.73,44.73,44.65,44.65,200,2021-04-26 17:13:00,TRHC
44.715,44.715,44.715,44.715,100,2021-04-26 17:14:00,TRHC
44.715,44.745,44.715,44.745,200,2021-04-26 17:15:00,TRHC
44.65,44.65,44.58,44.63,1496,2021-04-26 17:16:00,TRHC
44.56,44.695,44.56,44.63,600,2021-04-26 17:17:00,TRHC
44.63,44.63,44.63,44.63,100,2021-04-26 17:20:00,TRHC
44.69,44.69,44.62,44.65,300,2021-04-26 17:22:00,TRHC
44.55,44.5521,44.49,44.49,400,2021-04-26 17:31:00,TRHC
44.61,44.62,44.52,44.52,400,2021-04-26 17:33:00,TRHC
44.68,44.69,44.68,44.69,200,2021-04-26 17:42:00,TRHC
44.84,44.85,44.67,44.67,2800,2021-04-26 17:45:00,TRHC
44.66,44.67,44.5,44.5,400,2021-04-26 17:46:00,TRHC
44.6875,44.6875,44.67,44.67,200,2021-04-26 18:01:00,TRHC
44.8,44.8,44.67,44.67,300,2021-04-26 18:05:00,TRHC
44.66,44.66,44.66,44.66,100,2021-04-26 18:06:00,TRHC
44.67,44.67,44.67,44.67,157,2021-04-26 18:08:00,TRHC
44.67,44.74,44.57,44.57,600,2021-04-26 18:13:00,TRHC
44.69,44.72,44.67,44.67,300,2021-04-26 18:16:00,TRHC
44.6,44.6,44.6,44.6,100,2021-04-26 18:17:00,TRHC
44.59,44.59,44.59,44.59,100,2021-04-26 18:22:00,TRHC
44.58,44.58,44.58,44.58,100,2021-04-26 18:23:00,TRHC
44.59,44.59,44.59,44.59,100,2021-04-26 18:25:00,TRHC
44.655,44.655,44.38,44.38,2226,2021-04-26 18:27:00,TRHC
44.6,44.6,44.6,44.6,200,2021-04-26 18:33:00,TRHC
44.61,44.69,44.57,44.57,600,2021-04-26 18:34:00,TRHC
44.57,44.57,44.56,44.56,300,2021-04-26 18:35:00,TRHC
44.53,44.55,44.53,44.55,500,2021-04-26 18:36:00,TRHC
44.41,44.41,44.41,44.41,100,2021-04-26 18:37:00,TRHC
44.555,44.555,44.555,44.555,245,2021-04-26 18:45:00,TRHC
44.62,44.63,44.62,44.63,300,2021-04-26 18:50:00,TRHC
44.54,44.54,44.51,44.52,1360,2021-04-26 18:55:00,TRHC
44.53,44.53,44.53,44.53,160,2021-04-26 18:59:00,TRHC
44.49,44.5,44.44,44.44,500,2021-04-26 19:00:00,TRHC
44.24,44.24,44.24,44.24,100,2021-04-26 19:01:00,TRHC
44.27,44.27,44.27,44.27,100,2021-04-26 19:04:00,TRHC
44.2,44.2,44.17,44.2,3060,2021-04-26 19:08:00,TRHC
44.255,44.26,44.16,44.18,1884,2021-04-26 19:09:00,TRHC
44.2,44.23,44.2,44.23,528,2021-04-26 19:10:00,TRHC
44.28,44.345,44.28,44.345,200,2021-04-26 19:11:00,TRHC
44.3,44.3,44.3,44.3,100,2021-04-26 19:14:00,TRHC
44.37,44.37,44.37,44.37,157,2021-04-26 19:17:00,TRHC
44.29,44.29,44.18,44.18,900,2021-04-26 19:19:00,TRHC
44.17,44.17,44.17,44.17,100,2021-04-26 19:20:00,TRHC
44.225,44.225,44.225,44.225,158,2021-04-26 19:22:00,TRHC
44.28,44.29,44.28,44.29,257,2021-04-26 19:25:00,TRHC
44.315,44.315,44.315,44.315,162,2021-04-26 19:27:00,TRHC
44.34,44.34,44.265,44.265,800,2021-04-26 19:28:00,TRHC
44.235,44.24,44.18,44.18,300,2021-04-26 19:29:00,TRHC
44.065,44.065,44.065,44.065,100,2021-04-26 19:30:00,TRHC
44.08,44.13,43.98,44.005,1562,2021-04-26 19:31:00,TRHC
44.035,44.035,44.035,44.035,314,2021-04-26 19:36:00,TRHC
44.07,44.15,44.06,44.15,400,2021-04-26 19:39:00,TRHC
44.12,44.15,44.1,44.1,878,2021-04-26 19:40:00,TRHC
44.09,44.09,44.03,44.03,468,2021-04-26 19:41:00,TRHC
44.01,44.035,43.99,44.01,1900,2021-04-26 19:43:00,TRHC
44.0,44.01,44.0,44.0,500,2021-04-26 19:44:00,TRHC
43.985,44.01,43.985,44.0,527,2021-04-26 19:45:00,TRHC
44.0,44.0,43.98,43.98,200,2021-04-26 19:46:00,TRHC
43.98,43.98,43.98,43.98,100,2021-04-26 19:47:00,TRHC
43.99,43.99,43.99,43.99,160,2021-04-26 19:48:00,TRHC
43.99,43.99,43.96,43.96,400,2021-04-26 19:49:00,TRHC
43.94,44.0,43.94,44.0,576,2021-04-26 19:50:00,TRHC
43.955,43.965,43.955,43.965,272,2021-04-26 19:51:00,TRHC
43.97,43.97,43.97,43.97,136,2021-04-26 19:53:00,TRHC
43.97,44.0,43.97,44.0,805,2021-04-26 19:54:00,TRHC
44.05,44.1,44.05,44.05,312,2021-04-26 19:55:00,TRHC
44.02,44.08,43.98,44.08,1300,2021-04-26 19:56:00,TRHC
44.09,44.105,44.01,44.01,1400,2021-04-26 19:57:00,TRHC
44.09,44.09,44.01,44.05,700,2021-04-26 19:58:00,TRHC
44.05,44.07,43.97,44.0,2934,2021-04-26 19:59:00,TRHC
44.0,44.0,44.0,44.0,15481,2021-04-26 20:00:00,TRHC
44.18,44.18,44.18,44.18,1902,2021-04-27 13:30:00,TRHC
43.81,43.81,43.81,43.81,100,2021-04-27 13:31:00,TRHC
43.881,43.881,43.881,43.881,1000,2021-04-27 13:33:00,TRHC
44.04,44.04,43.89,43.95,700,2021-04-27 13:36:00,TRHC
44.17,44.17,44.17,44.17,100,2021-04-27 13:37:00,TRHC
43.91,43.91,43.91,43.91,100,2021-04-27 13:57:00,TRHC
43.88,43.99,43.87,43.99,300,2021-04-27 13:58:00,TRHC
44.0,44.01,44.0,44.0,300,2021-04-27 14:03:00,TRHC
44.0,44.0,44.0,44.0,200,2021-04-27 14:05:00,TRHC
44.21,44.21,44.02,44.2,406,2021-04-27 14:06:00,TRHC
44.05,44.05,44.05,44.05,100,2021-04-27 14:07:00,TRHC
43.8,43.8,43.8,43.8,360,2021-04-27 14:15:00,TRHC
44.12,44.12,44.12,44.12,100,2021-04-27 14:25:00,TRHC
44.09,44.32,44.09,44.13,400,2021-04-27 14:28:00,TRHC
44.22,44.39,44.05,44.15,5516,2021-04-27 14:30:00,TRHC
44.03,44.04,44.03,44.03,1398,2021-04-27 14:31:00,TRHC
44.03,44.11,44.03,44.05,764,2021-04-27 14:32:00,TRHC
44.05,44.12,44.05,44.12,200,2021-04-27 14:33:00,TRHC
43.95,43.95,43.93,43.93,200,2021-04-27 14:37:00,TRHC
43.9,43.93,43.87,43.93,300,2021-04-27 14:42:00,TRHC
43.92,43.92,43.92,43.92,200,2021-04-27 14:44:00,TRHC
43.9189,43.92,43.81,43.92,605,2021-04-27 14:48:00,TRHC
43.79,43.79,43.67,43.67,400,2021-04-27 14:51:00,TRHC
43.835,43.93,43.78,43.93,3837,2021-04-27 14:52:00,TRHC
43.855,44.0,43.855,44.0,1006,2021-04-27 14:53:00,TRHC
43.98,44.0,43.89,43.945,5226,2021-04-27 14:54:00,TRHC
43.87,43.8875,43.8,43.88,1400,2021-04-27 14:55:00,TRHC
43.86,43.8885,43.855,43.87,400,2021-04-27 14:56:00,TRHC
43.9,43.9,43.9,43.9,100,2021-04-27 14:57:00,TRHC
43.84,43.84,43.84,43.84,200,2021-04-27 15:00:00,TRHC
43.825,43.875,43.825,43.875,400,2021-04-27 15:02:00,TRHC
43.8,43.8,43.75,43.75,200,2021-04-27 15:04:00,TRHC
43.8,43.8,43.8,43.8,150,2021-04-27 15:10:00,TRHC
43.84,43.84,43.83,43.83,300,2021-04-27 15:13:00,TRHC
43.97,43.97,43.97,43.97,379,2021-04-27 15:19:00,TRHC
44.0,44.0,44.0,44.0,500,2021-04-27 15:20:00,TRHC
44.06,44.06,44.06,44.06,100,2021-04-27 15:22:00,TRHC
44.12,44.13,44.04,44.04,1000,2021-04-27 15:23:00,TRHC
44.105,44.17,44.105,44.17,200,2021-04-27 15:24:00,TRHC
44.11,44.11,44.1,44.1,400,2021-04-27 15:25:00,TRHC
44.085,44.085,44.085,44.085,100,2021-04-27 15:30:00,TRHC
44.04,44.04,44.03,44.03,500,2021-04-27 15:32:00,TRHC
43.96,43.98,43.91,43.91,300,2021-04-27 15:36:00,TRHC
44.01,44.01,44.01,44.01,100,2021-04-27 15:42:00,TRHC
44.08,44.08,44.08,44.08,100,2021-04-27 15:52:00,TRHC
44.08,44.14,44.03,44.05,815,2021-04-27 15:53:00,TRHC
44.05,44.1,44.02,44.1,300,2021-04-27 15:54:00,TRHC
44.02,44.02,44.02,44.02,100,2021-04-27 15:57:00,TRHC
44.05,44.11,44.03,44.08,800,2021-04-27 15:58:00,TRHC
44.08,44.08,44.05,44.05,200,2021-04-27 15:59:00,TRHC
44.1,44.1,44.1,44.1,100,2021-04-27 16:01:00,TRHC
44.1,44.1,44.1,44.1,200,2021-04-27 16:02:00,TRHC
44.1,44.13,44.08,44.13,700,2021-04-27 16:03:00,TRHC
44.15,44.21,44.13,44.13,1908,2021-04-27 16:08:00,TRHC
44.09,44.09,44.07,44.07,300,2021-04-27 16:11:00,TRHC
44.05,44.05,44.05,44.05,100,2021-04-27 16:14:00,TRHC
44.32,44.32,44.32,44.32,100,2021-04-27 16:21:00,TRHC
44.37,44.37,44.37,44.37,100,2021-04-27 16:22:00,TRHC
44.4,44.4,44.4,44.4,100,2021-04-27 16:25:00,TRHC
44.41,44.41,44.41,44.41,100,2021-04-27 16:26:00,TRHC
44.5,44.5,44.5,44.5,300,2021-04-27 16:29:00,TRHC
44.45,44.46,44.45,44.45,400,2021-04-27 16:30:00,TRHC
44.3511,44.3511,44.3511,44.3511,181,2021-04-27 16:33:00,TRHC
44.455,44.455,44.455,44.455,100,2021-04-27 16:38:00,TRHC
44.46,44.48,44.46,44.48,273,2021-04-27 16:40:00,TRHC
44.48,44.48,44.4,44.4,800,2021-04-27 16:43:00,TRHC
44.4,44.4,44.3,44.3,400,2021-04-27 16:44:00,TRHC
44.29,44.29,44.28,44.28,400,2021-04-27 16:45:00,TRHC
44.3,44.3,44.3,44.3,200,2021-04-27 16:46:00,TRHC
44.35,44.35,44.35,44.35,100,2021-04-27 16:49:00,TRHC
44.21,44.21,44.21,44.21,100,2021-04-27 16:50:00,TRHC
44.22,44.22,44.22,44.22,100,2021-04-27 16:53:00,TRHC
44.22,44.23,44.18,44.18,300,2021-04-27 16:55:00,TRHC
44.39,44.39,44.39,44.39,100,2021-04-27 16:57:00,TRHC
44.32,44.32,44.32,44.32,100,2021-04-27 16:58:00,TRHC
44.24,44.42,44.15,44.155,3267,2021-04-27 17:02:00,TRHC
44.15,44.25,44.08,44.11,800,2021-04-27 17:03:00,TRHC
44.7694,44.79,44.7694,44.79,600,2021-04-27 17:20:00,TRHC
44.79,44.79,44.79,44.79,100,2021-04-27 17:24:00,TRHC
44.69,44.69,44.605,44.605,500,2021-04-27 17:27:00,TRHC
44.68,44.68,44.68,44.68,200,2021-04-27 17:28:00,TRHC
44.7,44.7,44.63,44.63,500,2021-04-27 17:31:00,TRHC
44.48,44.48,44.48,44.48,100,2021-04-27 17:32:00,TRHC
44.59,44.59,44.38,44.38,600,2021-04-27 17:41:00,TRHC
44.5,44.5,44.43,44.43,300,2021-04-27 17:46:00,TRHC
44.34,44.34,44.34,44.34,200,2021-04-27 17:48:00,TRHC
44.23,44.23,44.23,44.23,100,2021-04-27 17:49:00,TRHC
44.36,44.36,44.195,44.195,400,2021-04-27 17:57:00,TRHC
44.1,44.16,44.1,44.14,800,2021-04-27 17:58:00,TRHC
44.11,44.2,44.07,44.13,500,2021-04-27 18:01:00,TRHC
44.23,44.26,44.17,44.17,700,2021-04-27 18:02:00,TRHC
44.21,44.21,44.21,44.21,300,2021-04-27 18:05:00,TRHC
44.25,44.28,44.25,44.28,200,2021-04-27 18:12:00,TRHC
44.24,44.24,44.24,44.24,100,2021-04-27 18:15:00,TRHC
44.26,44.26,44.2,44.2,237,2021-04-27 18:22:00,TRHC
44.26,44.26,44.26,44.26,200,2021-04-27 18:28:00,TRHC
44.24,44.24,44.24,44.24,100,2021-04-27 18:31:00,TRHC
44.2007,44.2007,44.2007,44.2007,200,2021-04-27 18:40:00,TRHC
44.28,44.28,44.28,44.28,100,2021-04-27 18:42:00,TRHC
44.17,44.17,44.16,44.16,200,2021-04-27 18:44:00,TRHC
44.2,44.22,44.2,44.22,200,2021-04-27 18:46:00,TRHC
44.17,44.17,44.17,44.17,100,2021-04-27 18:47:00,TRHC
44.245,44.245,44.19,44.19,421,2021-04-27 18:48:00,TRHC
44.23,44.23,44.14,44.14,500,2021-04-27 18:51:00,TRHC
44.255,44.255,44.245,44.245,500,2021-04-27 18:54:00,TRHC
44.23,44.23,44.23,44.23,100,2021-04-27 18:57:00,TRHC
44.18,44.18,44.18,44.18,100,2021-04-27 18:59:00,TRHC
44.285,44.285,44.22,44.23,900,2021-04-27 19:04:00,TRHC
44.22,44.245,44.22,44.245,400,2021-04-27 19:05:00,TRHC
44.18,44.18,44.18,44.18,100,2021-04-27 19:06:00,TRHC
44.215,44.215,44.215,44.215,200,2021-04-27 19:07:00,TRHC
44.16,44.215,44.16,44.215,200,2021-04-27 19:09:00,TRHC
44.18,44.18,44.18,44.18,100,2021-04-27 19:11:00,TRHC
44.27,44.27,44.27,44.27,200,2021-04-27 19:15:00,TRHC
44.27,44.27,44.27,44.27,453,2021-04-27 19:16:00,TRHC
44.28,44.33,44.28,44.33,200,2021-04-27 19:18:00,TRHC
44.39,44.39,44.39,44.39,100,2021-04-27 19:19:00,TRHC
44.38,44.38,44.38,44.38,100,2021-04-27 19:20:00,TRHC
44.35,44.35,44.29,44.29,600,2021-04-27 19:21:00,TRHC
44.31,44.31,44.31,44.31,100,2021-04-27 19:23:00,TRHC
44.33,44.33,44.305,44.305,700,2021-04-27 19:24:00,TRHC
44.315,44.315,44.315,44.315,100,2021-04-27 19:25:00,TRHC
44.295,44.295,44.28,44.28,300,2021-04-27 19:26:00,TRHC
44.23,44.23,44.23,44.23,100,2021-04-27 19:27:00,TRHC
44.23,44.23,44.23,44.23,600,2021-04-27 19:30:00,TRHC
44.25,44.25,44.225,44.225,600,2021-04-27 19:31:00,TRHC
44.27,44.28,44.27,44.27,1000,2021-04-27 19:32:00,TRHC
44.26,44.26,44.25,44.26,500,2021-04-27 19:33:00,TRHC
44.36,44.36,44.31,44.36,600,2021-04-27 19:36:00,TRHC
44.385,44.39,44.385,44.39,300,2021-04-27 19:37:00,TRHC
44.38,44.39,44.38,44.38,300,2021-04-27 19:38:00,TRHC
44.34,44.34,44.34,44.34,100,2021-04-27 19:39:00,TRHC
44.34,44.365,44.34,44.365,200,2021-04-27 19:40:00,TRHC
44.32,44.33,44.2,44.2,1100,2021-04-27 19:41:00,TRHC
44.16,44.16,44.15,44.15,200,2021-04-27 19:42:00,TRHC
44.2,44.21,44.18,44.18,912,2021-04-27 19:43:00,TRHC
44.21,44.21,44.1,44.1,800,2021-04-27 19:46:00,TRHC
44.06,44.14,44.06,44.14,500,2021-04-27 19:47:00,TRHC
44.18,44.18,44.18,44.18,300,2021-04-27 19:48:00,TRHC
44.1,44.1,44.1,44.1,100,2021-04-27 19:50:00,TRHC
44.18,44.18,44.18,44.18,300,2021-04-27 19:51:00,TRHC
44.175,44.18,44.17,44.17,800,2021-04-27 19:52:00,TRHC
44.15,44.185,44.14,44.185,300,2021-04-27 19:53:00,TRHC
44.15,44.15,44.13,44.15,917,2021-04-27 19:54:00,TRHC
44.12,44.12,44.11,44.11,400,2021-04-27 19:55:00,TRHC
44.11,44.13,44.11,44.13,300,2021-04-27 19:56:00,TRHC
44.13,44.19,44.13,44.19,600,2021-04-27 19:57:00,TRHC
44.23,44.31,44.21,44.21,1100,2021-04-27 19:58:00,TRHC
44.16,44.18,44.1,44.13,989,2021-04-27 19:59:00,TRHC
44.13,44.13,44.13,44.13,17334,2021-04-27 20:00:00,TRHC
44.13,44.13,44.13,44.13,2562,2021-04-27 20:01:00,TRHC
44.13,44.13,44.13,44.13,901,2021-04-27 21:06:00,TRHC
44.24,44.24,44.24,44.24,1565,2021-04-28 13:30:00,TRHC
44.75,44.75,43.95,43.95,3000,2021-04-28 13:56:00,TRHC
44.255,44.255,43.9,43.9,300,2021-04-28 13:58:00,TRHC
43.92,43.92,43.65,43.65,730,2021-04-28 13:59:00,TRHC
43.93,43.93,43.93,43.93,100,2021-04-28 14:01:00,TRHC
44.17,44.17,43.67,43.74,2300,2021-04-28 14:02:00,TRHC
43.91,43.91,43.91,43.91,100,2021-04-28 14:03:00,TRHC
43.696,43.696,43.696,43.696,144,2021-04-28 14:04:00,TRHC
43.425,43.425,43.42,43.42,200,2021-04-28 14:06:00,TRHC
43.45,43.45,43.435,43.435,200,2021-04-28 14:10:00,TRHC
43.405,43.405,43.405,43.405,400,2021-04-28 14:16:00,TRHC
43.37,43.51,43.37,43.37,1200,2021-04-28 14:21:00,TRHC
43.48,43.725,43.48,43.725,600,2021-04-28 14:22:00,TRHC
43.48,43.48,43.48,43.48,100,2021-04-28 14:29:00,TRHC
43.53,43.53,43.53,43.53,100,2021-04-28 14:32:00,TRHC
43.8,43.87,43.705,43.705,500,2021-04-28 14:33:00,TRHC
43.84,43.84,43.84,43.84,100,2021-04-28 14:34:00,TRHC
43.53,43.53,43.53,43.53,100,2021-04-28 14:35:00,TRHC
43.75,43.77,43.54,43.54,400,2021-04-28 14:37:00,TRHC
43.75,43.77,43.54,43.77,400,2021-04-28 14:38:00,TRHC
43.55,43.71,43.55,43.71,200,2021-04-28 14:39:00,TRHC
43.7,43.7,43.7,43.7,100,2021-04-28 14:40:00,TRHC
43.83,43.83,43.83,43.83,200,2021-04-28 14:50:00,TRHC
43.91,43.91,43.91,43.91,200,2021-04-28 14:51:00,TRHC
44.08,44.08,44.01,44.02,300,2021-04-28 15:01:00,TRHC
43.96,43.96,43.96,43.96,100,2021-04-28 15:02:00,TRHC
44.04,44.05,44.0,44.0,500,2021-04-28 15:04:00,TRHC
44.01,44.01,44.01,44.01,100,2021-04-28 15:06:00,TRHC
44.1,44.1,44.1,44.1,100,2021-04-28 15:08:00,TRHC
44.08,44.16,44.08,44.16,300,2021-04-28 15:14:00,TRHC
44.01,44.02,44.01,44.02,600,2021-04-28 15:20:00,TRHC
44.06,44.08,44.06,44.08,200,2021-04-28 15:21:00,TRHC
44.14,44.14,44.14,44.14,100,2021-04-28 15:24:00,TRHC
44.1784,44.1784,44.1784,44.1784,151,2021-04-28 15:29:00,TRHC
44.11,44.11,44.11,44.11,100,2021-04-28 15:30:00,TRHC
43.92,43.92,43.92,43.92,100,2021-04-28 15:32:00,TRHC
44.1,44.1,44.1,44.1,229,2021-04-28 15:40:00,TRHC
44.255,44.255,44.115,44.115,503,2021-04-28 15:47:00,TRHC
44.25,44.25,44.25,44.25,100,2021-04-28 15:52:00,TRHC
44.16,44.26,44.16,44.26,200,2021-04-28 15:59:00,TRHC
44.15,44.15,44.15,44.15,100,2021-04-28 16:00:00,TRHC
44.19,44.21,44.19,44.21,500,2021-04-28 16:02:00,TRHC
44.295,44.295,44.24,44.24,200,2021-04-28 16:09:00,TRHC
44.34,44.34,44.34,44.34,100,2021-04-28 16:10:00,TRHC
44.25,44.25,44.25,44.25,100,2021-04-28 16:11:00,TRHC
44.21,44.21,44.21,44.21,200,2021-04-28 16:13:00,TRHC
44.26,44.27,44.26,44.27,300,2021-04-28 16:14:00,TRHC
44.28,44.28,44.28,44.28,100,2021-04-28 16:15:00,TRHC
44.31,44.32,44.31,44.32,400,2021-04-28 16:22:00,TRHC
44.295,44.295,44.295,44.295,100,2021-04-28 16:26:00,TRHC
44.265,44.265,44.265,44.265,100,2021-04-28 16:42:00,TRHC
44.26,44.305,44.22,44.26,3270,2021-04-28 16:44:00,TRHC
44.24,44.24,44.115,44.2,1300,2021-04-28 16:45:00,TRHC
44.21,44.21,44.21,44.21,100,2021-04-28 16:48:00,TRHC
44.03,44.03,44.03,44.03,100,2021-04-28 16:58:00,TRHC
43.95,43.95,43.95,43.95,100,2021-04-28 16:59:00,TRHC
44.01,44.06,44.01,44.06,800,2021-04-28 17:07:00,TRHC
44.075,44.075,44.075,44.075,100,2021-04-28 17:11:00,TRHC
44.11,44.11,44.11,44.11,100,2021-04-28 17:14:00,TRHC
44.15,44.15,44.15,44.15,100,2021-04-28 17:17:00,TRHC
44.04,44.04,44.04,44.04,200,2021-04-28 17:20:00,TRHC
44.0,44.0,44.0,44.0,100,2021-04-28 17:25:00,TRHC
44.11,44.12,44.11,44.12,200,2021-04-28 17:27:00,TRHC
44.12,44.13,44.12,44.13,200,2021-04-28 17:28:00,TRHC
44.08,44.08,44.02,44.02,200,2021-04-28 17:39:00,TRHC
44.0,44.0,44.0,44.0,100,2021-04-28 17:51:00,TRHC
43.99,43.99,43.875,43.875,600,2021-04-28 17:53:00,TRHC
43.5,43.5,43.5,43.5,100,2021-04-28 18:00:00,TRHC
43.92,43.94,43.92,43.92,400,2021-04-28 18:03:00,TRHC
44.04,44.04,44.04,44.04,100,2021-04-28 18:10:00,TRHC
43.77,43.77,43.77,43.77,100,2021-04-28 18:12:00,TRHC
43.79,43.865,43.79,43.865,800,2021-04-28 18:16:00,TRHC
43.95,43.97,43.95,43.95,300,2021-04-28 18:23:00,TRHC
43.91,43.91,43.91,43.91,100,2021-04-28 18:26:00,TRHC
43.85,43.85,43.85,43.85,100,2021-04-28 18:28:00,TRHC
44.05,44.05,44.05,44.05,100,2021-04-28 18:39:00,TRHC
44.045,44.045,44.045,44.045,100,2021-04-28 18:41:00,TRHC
44.15,44.15,44.11,44.11,200,2021-04-28 18:43:00,TRHC
44.14,44.18,44.1,44.18,500,2021-04-28 18:44:00,TRHC
44.17,44.2,44.155,44.155,750,2021-04-28 18:45:00,TRHC
44.145,44.145,44.045,44.12,900,2021-04-28 18:47:00,TRHC
44.12,44.2,44.12,44.2,600,2021-04-28 18:48:00,TRHC
44.195,44.195,44.16,44.19,500,2021-04-28 18:59:00,TRHC
44.22,44.23,44.16,44.23,500,2021-04-28 19:01:00,TRHC
44.18,44.18,44.18,44.18,100,2021-04-28 19:03:00,TRHC
44.15,44.16,44.14,44.16,500,2021-04-28 19:05:00,TRHC
44.1,44.1,44.1,44.1,100,2021-04-28 19:07:00,TRHC
44.12,44.12,44.12,44.12,100,2021-04-28 19:10:00,TRHC
44.15,44.15,43.97,43.97,300,2021-04-28 19:11:00,TRHC
43.9,43.93,43.9,43.93,200,2021-04-28 19:12:00,TRHC
43.93,43.93,43.93,43.93,100,2021-04-28 19:13:00,TRHC
43.93,43.93,43.93,43.93,100,2021-04-28 19:14:00,TRHC
43.8,43.97,43.78,43.97,1100,2021-04-28 19:18:00,TRHC
43.9,43.9,43.9,43.9,100,2021-04-28 19:22:00,TRHC
43.97,43.98,43.97,43.98,200,2021-04-28 19:23:00,TRHC
43.99,44.01,43.99,44.01,200,2021-04-28 19:26:00,TRHC
43.965,43.965,43.965,43.965,100,2021-04-28 19:28:00,TRHC
43.96,43.98,43.95,43.98,500,2021-04-28 19:31:00,TRHC
43.95,43.95,43.95,43.95,100,2021-04-28 19:33:00,TRHC
43.95,44.01,43.95,44.01,600,2021-04-28 19:35:00,TRHC
44.04,44.04,44.04,44.04,364,2021-04-28 19:37:00,TRHC
44.065,44.065,44.065,44.065,114,2021-04-28 19:38:00,TRHC
44.08,44.13,44.08,44.13,300,2021-04-28 19:39:00,TRHC
44.1891,44.1891,44.18,44.18,213,2021-04-28 19:42:00,TRHC
44.25,44.25,44.25,44.25,100,2021-04-28 19:43:00,TRHC
44.23,44.23,44.23,44.23,100,2021-04-28 19:44:00,TRHC
44.23,44.23,44.19,44.19,300,2021-04-28 19:46:00,TRHC
44.2,44.2,44.2,44.2,100,2021-04-28 19:48:00,TRHC
44.17,44.17,44.09,44.09,600,2021-04-28 19:49:00,TRHC
44.07,44.07,44.07,44.07,100,2021-04-28 19:50:00,TRHC
44.0,44.0,43.96,43.96,800,2021-04-28 19:52:00,TRHC
44.02,44.1,44.02,44.1,1145,2021-04-28 19:53:00,TRHC
44.075,44.2,44.075,44.15,1238,2021-04-28 19:56:00,TRHC
44.16,44.16,44.085,44.085,200,2021-04-28 19:57:00,TRHC
44.17,44.19,44.11,44.17,1593,2021-04-28 19:58:00,TRHC
44.12,44.28,44.12,44.28,2426,2021-04-28 19:59:00,TRHC
44.19,44.19,44.19,44.19,9359,2021-04-28 20:00:00,TRHC
44.19,44.19,44.19,44.19,998,2021-04-28 21:42:00,TRHC
44.32,44.32,44.01,44.01,1187,2021-04-29 13:30:00,TRHC
44.25,44.25,44.25,44.25,103,2021-04-29 13:39:00,TRHC
44.6509,44.6509,43.85,43.85,300,2021-04-29 13:47:00,TRHC
43.76,43.85,43.76,43.76,300,2021-04-29 13:50:00,TRHC
43.77,43.77,43.77,43.77,100,2021-04-29 13:52:00,TRHC
43.77,43.77,43.77,43.77,100,2021-04-29 13:56:00,TRHC
43.83,43.9,43.7,43.7,800,2021-04-29 14:00:00,TRHC
43.6,43.6,43.6,43.6,200,2021-04-29 14:01:00,TRHC
43.85,43.85,43.85,43.85,100,2021-04-29 14:05:00,TRHC
43.9572,43.9572,43.9572,43.9572,132,2021-04-29 14:08:00,TRHC
43.76,43.76,43.76,43.76,100,2021-04-29 14:10:00,TRHC
43.75,43.75,43.75,43.75,100,2021-04-29 14:17:00,TRHC
43.76,43.76,43.76,43.76,100,2021-04-29 14:18:00,TRHC
43.75,43.75,43.75,43.75,100,2021-04-29 14:20:00,TRHC
43.76,43.99,43.76,43.99,200,2021-04-29 14:22:00,TRHC
43.95,44.14,43.95,44.14,500,2021-04-29 14:23:00,TRHC
44.37,44.37,44.36,44.36,200,2021-04-29 14:24:00,TRHC
44.715,44.715,44.715,44.715,100,2021-04-29 14:25:00,TRHC
44.96,44.98,44.96,44.98,200,2021-04-29 14:28:00,TRHC
44.74,44.74,44.74,44.74,300,2021-04-29 14:29:00,TRHC
44.805,44.805,44.805,44.805,200,2021-04-29 14:31:00,TRHC
44.8,45.12,44.8,45.12,1400,2021-04-29 14:33:00,TRHC
44.965,44.965,44.965,44.965,100,2021-04-29 14:34:00,TRHC
44.9,44.9,44.9,44.9,200,2021-04-29 14:35:00,TRHC
44.935,45.03,44.935,45.03,400,2021-04-29 14:36:00,TRHC
45.0,45.26,44.97,45.26,1700,2021-04-29 14:40:00,TRHC
45.25,45.25,45.25,45.25,500,2021-04-29 14:41:00,TRHC
45.1962,45.29,45.1962,45.29,635,2021-04-29 14:43:00,TRHC
45.2421,45.2421,45.17,45.17,471,2021-04-29 14:44:00,TRHC
45.19,45.245,45.19,45.245,700,2021-04-29 14:47:00,TRHC
45.325,45.325,45.325,45.325,100,2021-04-29 14:48:00,TRHC
45.24,45.51,45.24,45.51,1460,2021-04-29 14:49:00,TRHC
45.51,45.51,45.51,45.51,1144,2021-04-29 14:51:00,TRHC
45.66,45.66,45.66,45.66,100,2021-04-29 14:52:00,TRHC
45.62,45.62,45.62,45.62,200,2021-04-29 14:54:00,TRHC
45.595,45.66,45.595,45.66,400,2021-04-29 14:57:00,TRHC
45.67,45.71,45.67,45.71,300,2021-04-29 14:59:00,TRHC
45.84,45.91,45.79,45.91,400,2021-04-29 15:00:00,TRHC
45.865,45.865,45.71,45.86,850,2021-04-29 15:05:00,TRHC
45.73,45.73,45.73,45.73,200,2021-04-29 15:10:00,TRHC
45.75,45.75,45.71,45.71,300,2021-04-29 15:11:00,TRHC
45.59,45.59,45.59,45.59,100,2021-04-29 15:13:00,TRHC
45.34,45.34,45.34,45.34,100,2021-04-29 15:14:00,TRHC
45.415,45.415,45.415,45.415,100,2021-04-29 15:18:00,TRHC
45.32,45.32,45.32,45.32,200,2021-04-29 15:19:00,TRHC
45.19,45.19,45.19,45.19,100,2021-04-29 15:21:00,TRHC
45.36,45.54,45.295,45.49,1000,2021-04-29 15:22:00,TRHC
45.538,45.538,45.538,45.538,113,2021-04-29 15:28:00,TRHC
45.16,45.16,45.15,45.15,200,2021-04-29 15:32:00,TRHC
44.98,45.24,44.98,45.24,200,2021-04-29 15:33:00,TRHC
44.72,44.72,44.72,44.72,200,2021-04-29 15:43:00,TRHC
44.96,44.98,44.955,44.955,300,2021-04-29 15:44:00,TRHC
45.06,45.2,45.06,45.15,400,2021-04-29 15:46:00,TRHC
45.2,45.21,45.16,45.16,500,2021-04-29 15:47:00,TRHC
45.13,45.13,45.13,45.13,100,2021-04-29 15:48:00,TRHC
45.22,45.36,45.22,45.36,200,2021-04-29 15:49:00,TRHC
45.36,45.36,45.36,45.36,100,2021-04-29 15:52:00,TRHC
45.34,45.34,45.34,45.34,100,2021-04-29 15:55:00,TRHC
45.23,45.24,45.09,45.09,600,2021-04-29 15:56:00,TRHC
45.05,45.37,45.05,45.37,600,2021-04-29 15:59:00,TRHC
45.22,45.22,45.19,45.19,300,2021-04-29 16:02:00,TRHC
45.11,45.15,44.99,44.99,700,2021-04-29 16:05:00,TRHC
44.97,44.97,44.97,44.97,200,2021-04-29 16:06:00,TRHC
44.85,44.93,44.85,44.93,200,2021-04-29 16:09:00,TRHC
45.04,45.06,45.04,45.06,200,2021-04-29 16:12:00,TRHC
45.05,45.05,45.04,45.04,200,2021-04-29 16:15:00,TRHC
45.02,45.02,45.02,45.02,100,2021-04-29 16:16:00,TRHC
45.11,45.11,45.11,45.11,300,2021-04-29 16:19:00,TRHC
45.19,45.19,45.19,45.19,200,2021-04-29 16:22:00,TRHC
45.19,45.19,45.19,45.19,100,2021-04-29 16:25:00,TRHC
45.14,45.14,45.14,45.14,100,2021-04-29 16:26:00,TRHC
45.23,45.23,45.23,45.23,100,2021-04-29 16:30:00,TRHC
45.11,45.38,45.11,45.38,624,2021-04-29 16:32:00,TRHC
45.465,45.465,45.465,45.465,100,2021-04-29 16:40:00,TRHC
45.51,45.51,45.51,45.51,100,2021-04-29 16:47:00,TRHC
45.66,45.66,45.56,45.57,1200,2021-04-29 16:48:00,TRHC
45.59,45.59,45.59,45.59,100,2021-04-29 16:50:00,TRHC
45.7018,45.7018,45.7018,45.7018,225,2021-04-29 16:54:00,TRHC
45.79,45.79,45.79,45.79,100,2021-04-29 16:55:00,TRHC
45.8,45.82,45.745,45.745,393,2021-04-29 16:56:00,TRHC
45.75,45.75,45.75,45.75,100,2021-04-29 16:58:00,TRHC
45.78,45.78,45.78,45.78,100,2021-04-29 16:59:00,TRHC
45.76,45.76,45.64,45.68,1200,2021-04-29 17:02:00,TRHC
45.62,45.62,45.62,45.62,100,2021-04-29 17:05:00,TRHC
45.645,45.76,45.63,45.76,600,2021-04-29 17:06:00,TRHC
45.88,45.88,45.88,45.88,100,2021-04-29 17:09:00,TRHC
45.79,45.83,45.79,45.79,400,2021-04-29 17:10:00,TRHC
45.85,45.93,45.795,45.93,500,2021-04-29 17:11:00,TRHC
46.11,46.11,46.11,46.11,100,2021-04-29 17:13:00,TRHC
46.12,46.12,46.12,46.12,100,2021-04-29 17:14:00,TRHC
45.98,46.09,45.98,46.035,840,2021-04-29 17:16:00,TRHC
46.01,46.035,45.93,46.0,1500,2021-04-29 17:18:00,TRHC
46.0,46.0,45.93,45.93,800,2021-04-29 17:19:00,TRHC
46.0,46.0,46.0,46.0,100,2021-04-29 17:20:00,TRHC
46.08,46.1,45.96,46.1,1500,2021-04-29 17:25:00,TRHC
45.99,46.11,45.99,46.11,400,2021-04-29 17:26:00,TRHC
46.11,46.3,46.06,46.3,800,2021-04-29 17:27:00,TRHC
46.33,46.33,46.33,46.33,100,2021-04-29 17:31:00,TRHC
46.27,46.305,46.27,46.27,400,2021-04-29 17:32:00,TRHC
46.2934,46.2934,46.2934,46.2934,132,2021-04-29 17:33:00,TRHC
46.48,46.48,46.48,46.48,100,2021-04-29 17:35:00,TRHC
46.33,46.42,46.33,46.42,247,2021-04-29 17:39:00,TRHC
46.38,46.38,46.38,46.38,100,2021-04-29 17:43:00,TRHC
46.46,46.53,46.44,46.53,300,2021-04-29 17:45:00,TRHC
46.52,46.52,46.52,46.52,100,2021-04-29 17:48:00,TRHC
46.43,46.51,46.4,46.47,1200,2021-04-29 17:49:00,TRHC
46.29,46.29,46.02,46.125,1600,2021-04-29 17:51:00,TRHC
46.11,46.2,46.11,46.2,200,2021-04-29 17:55:00,TRHC
46.17,46.2,46.17,46.2,400,2021-04-29 17:56:00,TRHC
46.13,46.16,46.09,46.09,1500,2021-04-29 18:00:00,TRHC
46.09,46.09,46.09,46.09,200,2021-04-29 18:01:00,TRHC
46.065,46.065,46.065,46.065,100,2021-04-29 18:05:00,TRHC
46.14,46.14,46.09,46.09,400,2021-04-29 18:07:00,TRHC
46.07,46.14,46.07,46.09,800,2021-04-29 18:09:00,TRHC
46.07,46.07,46.07,46.07,100,2021-04-29 18:10:00,TRHC
46.14,46.21,46.14,46.16,1200,2021-04-29 18:11:00,TRHC
46.18,46.18,46.1,46.1,200,2021-04-29 18:20:00,TRHC
46.18,46.18,46.18,46.18,100,2021-04-29 18:21:00,TRHC
46.07,46.07,46.07,46.07,200,2021-04-29 18:22:00,TRHC
46.125,46.125,46.125,46.125,100,2021-04-29 18:24:00,TRHC
46.18,46.18,46.18,46.18,100,2021-04-29 18:25:00,TRHC
46.09,46.09,46.07,46.07,400,2021-04-29 18:28:00,TRHC
46.09,46.09,46.09,46.09,300,2021-04-29 18:32:00,TRHC
46.12,46.15,46.095,46.15,578,2021-04-29 18:33:00,TRHC
46.16,46.3,46.15,46.3,1700,2021-04-29 18:42:00,TRHC
46.19,46.195,46.14,46.14,700,2021-04-29 18:44:00,TRHC
46.16,46.16,46.1,46.1,200,2021-04-29 18:45:00,TRHC
46.01,46.01,46.01,46.01,200,2021-04-29 18:46:00,TRHC
46.195,46.2,46.105,46.2,300,2021-04-29 18:51:00,TRHC
46.19,46.37,46.19,46.255,1300,2021-04-29 19:00:00,TRHC
46.255,46.255,46.255,46.255,100,2021-04-29 19:03:00,TRHC
46.24,46.25,46.205,46.25,577,2021-04-29 19:13:00,TRHC
46.25,46.25,46.25,46.25,157,2021-04-29 19:14:00,TRHC
46.2,46.2,46.15,46.15,452,2021-04-29 19:15:00,TRHC
46.225,46.225,46.225,46.225,100,2021-04-29 19:20:00,TRHC
46.17,46.17,46.11,46.11,400,2021-04-29 19:22:00,TRHC
46.12,46.12,46.03,46.03,600,2021-04-29 19:23:00,TRHC
45.935,46.04,45.935,45.935,500,2021-04-29 19:24:00,TRHC
45.895,45.97,45.83,45.9,1358,2021-04-29 19:25:00,TRHC
45.84,46.05,45.84,46.05,1700,2021-04-29 19:26:00,TRHC
46.05,46.05,45.98,45.98,200,2021-04-29 19:27:00,TRHC
46.04,46.05,46.04,46.05,300,2021-04-29 19:30:00,TRHC
46.08,46.11,46.08,46.11,200,2021-04-29 19:31:00,TRHC
46.13,46.13,46.13,46.13,100,2021-04-29 19:33:00,TRHC
46.15,46.26,46.15,46.26,400,2021-04-29 19:34:00,TRHC
46.26,46.27,46.26,46.27,400,2021-04-29 19:38:00,TRHC
46.36,46.37,46.36,46.37,200,2021-04-29 19:39:00,TRHC
46.29,46.52,46.29,46.485,2224,2021-04-29 19:43:00,TRHC
46.51,46.52,46.49,46.49,600,2021-04-29 19:44:00,TRHC
46.48,46.6,46.45,46.6,1200,2021-04-29 19:45:00,TRHC
46.56,46.6,46.56,46.6,300,2021-04-29 19:46:00,TRHC
46.61,46.74,46.61,46.74,893,2021-04-29 19:47:00,TRHC
46.74,46.77,46.74,46.77,200,2021-04-29 19:48:00,TRHC
46.76,46.76,46.76,46.76,100,2021-04-29 19:49:00,TRHC
46.7,46.71,46.565,46.7,3115,2021-04-29 19:50:00,TRHC
46.66,46.765,46.66,46.685,2311,2021-04-29 19:54:00,TRHC
46.64,46.69,46.62,46.69,1119,2021-04-29 19:55:00,TRHC
46.61,46.61,46.61,46.61,100,2021-04-29 19:56:00,TRHC
46.6,46.69,46.6,46.69,1804,2021-04-29 19:57:00,TRHC
46.68,46.71,46.615,46.615,2479,2021-04-29 19:58:00,TRHC
46.65,46.76,46.65,46.76,4050,2021-04-29 19:59:00,TRHC
46.69,46.69,46.69,46.69,27343,2021-04-29 20:00:00,TRHC
46.69,46.69,46.69,46.69,4945,2021-04-29 21:20:00,TRHC
46.37,46.37,46.37,46.37,1445,2021-04-30 13:30:00,TRHC
47.265,47.265,47.265,47.265,100,2021-04-30 13:31:00,TRHC
46.56,46.56,46.56,46.56,100,2021-04-30 13:33:00,TRHC
47.04,47.04,47.04,47.04,100,2021-04-30 13:35:00,TRHC
47.005,47.005,47.005,47.005,200,2021-04-30 13:36:00,TRHC
46.98,46.98,46.98,46.98,100,2021-04-30 13:42:00,TRHC
46.75,46.75,46.75,46.75,100,2021-04-30 13:45:00,TRHC
46.8,47.08,46.8,46.88,800,2021-04-30 13:46:00,TRHC
46.93,46.96,46.93,46.94,400,2021-04-30 13:49:00,TRHC
47.06,47.1,47.06,47.1,1700,2021-04-30 13:50:00,TRHC
46.99,46.99,46.99,46.99,100,2021-04-30 13:51:00,TRHC
46.82,46.82,46.82,46.82,100,2021-04-30 13:52:00,TRHC
46.9,46.9,46.9,46.9,300,2021-04-30 13:54:00,TRHC
47.03,47.14,47.03,47.14,200,2021-04-30 14:01:00,TRHC
47.13,47.13,47.13,47.13,100,2021-04-30 14:06:00,TRHC
47.135,47.135,47.135,47.135,100,2021-04-30 14:08:00,TRHC
47.25,47.25,47.25,47.25,1384,2021-04-30 14:09:00,TRHC
47.47,47.47,47.47,47.47,100,2021-04-30 14:11:00,TRHC
47.401,47.401,47.27,47.27,1418,2021-04-30 14:12:00,TRHC
47.23,47.35,47.23,47.35,600,2021-04-30 14:13:00,TRHC
47.24,47.24,47.24,47.24,360,2021-04-30 14:15:00,TRHC
47.41,47.52,47.41,47.52,200,2021-04-30 14:16:00,TRHC
47.75,47.76,47.75,47.76,300,2021-04-30 14:23:00,TRHC
47.65,47.785,47.65,47.785,400,2021-04-30 14:24:00,TRHC
47.64,47.64,47.55,47.55,501,2021-04-30 14:25:00,TRHC
47.61,47.61,47.6,47.6,200,2021-04-30 14:31:00,TRHC
47.9,47.9,47.9,47.9,100,2021-04-30 14:32:00,TRHC
47.89,47.89,47.89,47.89,100,2021-04-30 14:33:00,TRHC
47.74,47.885,47.74,47.885,500,2021-04-30 14:35:00,TRHC
47.885,47.885,47.6,47.6,2063,2021-04-30 14:37:00,TRHC
47.61,47.61,47.55,47.55,502,2021-04-30 14:38:00,TRHC
47.32,47.66,47.32,47.66,1065,2021-04-30 14:40:00,TRHC
47.74,47.75,47.55,47.55,400,2021-04-30 14:43:00,TRHC
47.585,47.585,47.585,47.585,558,2021-04-30 14:45:00,TRHC
47.73,47.73,47.73,47.73,100,2021-04-30 14:47:00,TRHC
47.54,47.54,47.54,47.54,100,2021-04-30 14:50:00,TRHC
47.68,47.68,47.68,47.68,100,2021-04-30 14:52:00,TRHC
47.685,47.685,47.685,47.685,100,2021-04-30 14:53:00,TRHC
47.685,47.685,47.685,47.685,200,2021-04-30 14:54:00,TRHC
47.597,47.76,47.48,47.61,1400,2021-04-30 14:56:00,TRHC
47.49,47.49,47.48,47.48,200,2021-04-30 14:58:00,TRHC
47.66,47.66,47.66,47.66,600,2021-04-30 14:59:00,TRHC
47.62,47.62,47.62,47.62,200,2021-04-30 15:00:00,TRHC
47.635,47.74,47.6064,47.635,1155,2021-04-30 15:04:00,TRHC
47.58,47.62,47.56,47.58,900,2021-04-30 15:09:00,TRHC
47.53,47.7,47.53,47.7,1000,2021-04-30 15:11:00,TRHC
47.61,47.61,47.61,47.61,100,2021-04-30 15:14:00,TRHC
47.61,47.8,47.61,47.8,900,2021-04-30 15:15:00,TRHC
47.91,48.02,47.9,48.02,650,2021-04-30 15:18:00,TRHC
48.06,48.16,48.06,48.16,300,2021-04-30 15:19:00,TRHC
48.18,48.18,48.18,48.18,200,2021-04-30 15:20:00,TRHC
48.2,48.38,48.2,48.38,1101,2021-04-30 15:21:00,TRHC
48.44,48.44,48.44,48.44,200,2021-04-30 15:22:00,TRHC
48.4,48.4,48.38,48.38,200,2021-04-30 15:23:00,TRHC
48.38,48.38,48.38,48.38,100,2021-04-30 15:24:00,TRHC
48.4,48.4,48.38,48.38,300,2021-04-30 15:25:00,TRHC
48.38,48.38,48.26,48.38,1777,2021-04-30 15:26:00,TRHC
48.36,48.36,48.36,48.36,100,2021-04-30 15:28:00,TRHC
48.36,48.36,48.36,48.36,200,2021-04-30 15:29:00,TRHC
48.36,48.36,48.28,48.28,300,2021-04-30 15:30:00,TRHC
48.37,48.37,48.37,48.37,183,2021-04-30 15:31:00,TRHC
48.4,48.4,48.4,48.4,141,2021-04-30 15:32:00,TRHC
48.56,48.59,48.56,48.59,400,2021-04-30 15:33:00,TRHC
48.64,48.64,48.64,48.64,281,2021-04-30 15:35:00,TRHC
48.58,48.65,48.57,48.65,800,2021-04-30 15:36:00,TRHC
48.65,48.66,48.575,48.575,400,2021-04-30 15:38:00,TRHC
48.63,48.63,48.63,48.63,100,2021-04-30 15:39:00,TRHC
48.68,48.68,48.68,48.68,100,2021-04-30 15:40:00,TRHC
48.74,48.74,48.74,48.74,100,2021-04-30 15:41:00,TRHC
48.69,48.79,48.69,48.69,800,2021-04-30 15:42:00,TRHC
48.67,48.685,48.63,48.685,700,2021-04-30 15:43:00,TRHC
48.72,48.72,48.72,48.72,100,2021-04-30 15:45:00,TRHC
48.75,48.75,48.75,48.75,100,2021-04-30 15:46:00,TRHC
48.6,48.6,48.58,48.58,700,2021-04-30 15:47:00,TRHC
48.65,48.65,48.515,48.515,300,2021-04-30 15:49:00,TRHC
48.61,48.62,48.61,48.62,200,2021-04-30 15:50:00,TRHC
48.69,48.69,48.69,48.69,100,2021-04-30 15:51:00,TRHC
48.73,48.73,48.73,48.73,100,2021-04-30 15:52:00,TRHC
48.79,48.79,48.73,48.73,200,2021-04-30 15:53:00,TRHC
48.84,48.84,48.84,48.84,100,2021-04-30 15:54:00,TRHC
48.82,48.84,48.82,48.83,300,2021-04-30 15:56:00,TRHC
48.75,48.85,48.75,48.8248,600,2021-04-30 15:57:00,TRHC
48.9,48.9,48.9,48.9,300,2021-04-30 15:59:00,TRHC
48.9,48.93,48.9,48.91,604,2021-04-30 16:01:00,TRHC
48.895,48.895,48.8,48.86,600,2021-04-30 16:02:00,TRHC
48.86,48.86,48.86,48.86,200,2021-04-30 16:03:00,TRHC
48.98,48.98,48.97,48.97,300,2021-04-30 16:04:00,TRHC
48.97,49.08,48.97,49.08,600,2021-04-30 16:05:00,TRHC
49.2,49.2,49.09,49.2,400,2021-04-30 16:07:00,TRHC
49.16,49.16,49.08,49.13,600,2021-04-30 16:08:00,TRHC
49.13,49.13,49.04,49.04,200,2021-04-30 16:09:00,TRHC
49.04,49.04,49.02,49.02,300,2021-04-30 16:10:00,TRHC
49.05,49.11,48.935,49.11,700,2021-04-30 16:12:00,TRHC
49.16,49.17,49.0504,49.17,400,2021-04-30 16:13:00,TRHC
49.01,49.085,48.94,48.94,1500,2021-04-30 16:14:00,TRHC
48.91,48.91,48.91,48.91,200,2021-04-30 16:15:00,TRHC
48.82,48.86,48.8,48.86,700,2021-04-30 16:16:00,TRHC
48.82,48.82,48.82,48.82,100,2021-04-30 16:18:00,TRHC
48.715,48.86,48.715,48.86,600,2021-04-30 16:19:00,TRHC
48.79,48.9,48.686,48.686,1300,2021-04-30 16:20:00,TRHC
48.745,48.86,48.745,48.86,300,2021-04-30 16:21:00,TRHC
48.81,48.81,48.63,48.63,400,2021-04-30 16:23:00,TRHC
48.61,48.61,48.41,48.5045,2000,2021-04-30 16:24:00,TRHC
48.37,48.37,48.37,48.37,200,2021-04-30 16:25:00,TRHC
48.32,48.32,48.32,48.32,200,2021-04-30 16:26:00,TRHC
48.4,48.4,48.3,48.3,203,2021-04-30 16:28:00,TRHC
48.28,48.33,48.2,48.33,500,2021-04-30 16:29:00,TRHC
48.32,48.32,48.21,48.21,200,2021-04-30 16:31:00,TRHC
48.36,48.36,48.29,48.29,200,2021-04-30 16:33:00,TRHC
48.29,48.37,48.29,48.37,200,2021-04-30 16:34:00,TRHC
48.44,48.45,48.32,48.33,1000,2021-04-30 16:35:00,TRHC
48.37,48.37,48.37,48.37,100,2021-04-30 16:37:00,TRHC
48.37,48.37,48.37,48.37,100,2021-04-30 16:38:00,TRHC
48.49,48.49,48.49,48.49,200,2021-04-30 16:39:00,TRHC
48.63,48.63,48.54,48.54,500,2021-04-30 16:40:00,TRHC
48.67,48.68,48.67,48.68,200,2021-04-30 16:41:00,TRHC
48.65,48.67,48.65,48.67,302,2021-04-30 16:42:00,TRHC
48.65,48.65,48.43,48.43,200,2021-04-30 16:43:00,TRHC
48.65,48.65,48.65,48.65,100,2021-04-30 16:44:00,TRHC
48.67,48.69,48.67,48.69,400,2021-04-30 16:45:00,TRHC
48.7,48.7,48.61,48.64,1103,2021-04-30 16:46:00,TRHC
48.695,48.695,48.58,48.58,400,2021-04-30 16:48:00,TRHC
48.63,48.63,48.63,48.63,100,2021-04-30 16:49:00,TRHC
48.63,48.63,48.55,48.63,300,2021-04-30 16:50:00,TRHC
48.65,48.65,48.65,48.65,100,2021-04-30 16:53:00,TRHC
48.65,48.65,48.65,48.65,100,2021-04-30 16:54:00,TRHC
48.57,48.57,48.47,48.47,600,2021-04-30 16:55:00,TRHC
48.57,48.57,48.57,48.57,100,2021-04-30 16:57:00,TRHC
48.56,48.56,48.56,48.56,100,2021-04-30 16:58:00,TRHC
48.61,48.61,48.61,48.61,100,2021-04-30 16:59:00,TRHC
48.66,48.7,48.66,48.7,200,2021-04-30 17:00:00,TRHC
48.685,48.685,48.685,48.685,100,2021-04-30 17:02:00,TRHC
48.76,48.76,48.7,48.7,400,2021-04-30 17:04:00,TRHC
48.77,48.77,48.72,48.76,600,2021-04-30 17:05:00,TRHC
48.8,48.83,48.8,48.83,300,2021-04-30 17:08:00,TRHC
48.83,48.83,48.83,48.83,200,2021-04-30 17:10:00,TRHC
48.76,48.84,48.69,48.69,953,2021-04-30 17:11:00,TRHC
48.67,48.69,48.67,48.67,600,2021-04-30 17:12:00,TRHC
48.79,48.8,48.79,48.8,200,2021-04-30 17:18:00,TRHC
48.71,48.71,48.71,48.71,100,2021-04-30 17:20:00,TRHC
48.84,48.84,48.67,48.67,300,2021-04-30 17:21:00,TRHC
48.68,48.68,48.68,48.68,100,2021-04-30 17:23:00,TRHC
48.74,48.75,48.6,48.6,600,2021-04-30 17:25:00,TRHC
48.71,48.71,48.69,48.69,200,2021-04-30 17:26:00,TRHC
48.88,48.88,48.88,48.88,100,2021-04-30 17:28:00,TRHC
48.87,48.87,48.775,48.775,600,2021-04-30 17:29:00,TRHC
48.86,48.86,48.85,48.85,200,2021-04-30 17:30:00,TRHC
48.84,48.84,48.84,48.84,100,2021-04-30 17:31:00,TRHC
48.85,48.85,48.85,48.85,100,2021-04-30 17:32:00,TRHC
48.88,48.88,48.88,48.88,100,2021-04-30 17:33:00,TRHC
48.94,49.0,48.94,49.0,300,2021-04-30 17:34:00,TRHC
49.005,49.03,49.005,49.03,300,2021-04-30 17:35:00,TRHC
48.92,48.965,48.91,48.965,600,2021-04-30 17:36:00,TRHC
48.92,48.92,48.92,48.92,100,2021-04-30 17:38:00,TRHC
48.92,48.93,48.92,48.93,200,2021-04-30 17:39:00,TRHC
48.86,48.92,48.86,48.92,200,2021-04-30 17:41:00,TRHC
48.89,48.89,48.89,48.89,100,2021-04-30 17:42:00,TRHC
48.89,48.89,48.89,48.89,100,2021-04-30 17:43:00,TRHC
48.89,48.89,48.69,48.69,300,2021-04-30 17:44:00,TRHC
48.7,48.86,48.7,48.85,500,2021-04-30 17:45:00,TRHC
48.86,48.86,48.68,48.68,482,2021-04-30 17:46:00,TRHC
48.78,48.78,48.76,48.76,200,2021-04-30 17:47:00,TRHC
48.77,48.81,48.77,48.81,300,2021-04-30 17:48:00,TRHC
48.85,48.85,48.85,48.85,100,2021-04-30 17:49:00,TRHC
48.93,48.99,48.93,48.99,727,2021-04-30 17:51:00,TRHC
48.85,48.92,48.78,48.78,800,2021-04-30 17:52:00,TRHC
48.73,48.73,48.73,48.73,100,2021-04-30 17:53:00,TRHC
48.715,48.715,48.6,48.6,600,2021-04-30 17:55:00,TRHC
48.59,48.65,48.59,48.65,400,2021-04-30 17:58:00,TRHC
48.665,48.78,48.665,48.78,400,2021-04-30 18:00:00,TRHC
48.78,48.78,48.78,48.78,200,2021-04-30 18:02:00,TRHC
48.83,48.83,48.69,48.69,1100,2021-04-30 18:03:00,TRHC
48.85,48.88,48.85,48.88,300,2021-04-30 18:08:00,TRHC
49.09,49.09,49.06,49.06,300,2021-04-30 18:11:00,TRHC
49.14,49.14,49.0,49.0,200,2021-04-30 18:12:00,TRHC
49.01,49.01,48.85,49.0,800,2021-04-30 18:13:00,TRHC
48.99,48.99,48.99,48.99,100,2021-04-30 18:14:00,TRHC
49.005,49.105,49.005,49.105,358,2021-04-30 18:15:00,TRHC
49.125,49.125,49.085,49.085,300,2021-04-30 18:16:00,TRHC
49.26,49.26,48.93,49.0205,2267,2021-04-30 18:17:00,TRHC
49.14,49.14,49.0,49.0,1400,2021-04-30 18:20:00,TRHC
48.965,48.965,48.965,48.965,100,2021-04-30 18:22:00,TRHC
49.13,49.17,49.03,49.03,600,2021-04-30 18:24:00,TRHC
49.21,49.35,49.21,49.35,400,2021-04-30 18:25:00,TRHC
49.35,49.35,49.35,49.35,200,2021-04-30 18:26:00,TRHC
49.26,49.41,49.25,49.41,800,2021-04-30 18:27:00,TRHC
49.36,49.36,49.31,49.31,301,2021-04-30 18:29:00,TRHC
49.21,49.43,49.21,49.42,1400,2021-04-30 18:30:00,TRHC
49.25,49.46,49.25,49.42,500,2021-04-30 18:31:00,TRHC
49.2495,49.46,49.21,49.43,1092,2021-04-30 18:33:00,TRHC
49.41,49.41,49.41,49.41,300,2021-04-30 18:34:00,TRHC
49.11,49.4,49.11,49.4,413,2021-04-30 18:36:00,TRHC
49.37,49.37,49.1,49.1,500,2021-04-30 18:37:00,TRHC
49.205,49.34,49.06,49.07,1194,2021-04-30 18:38:00,TRHC
49.17,49.17,49.1,49.17,346,2021-04-30 18:39:00,TRHC
49.16,49.19,49.16,49.19,500,2021-04-30 18:41:00,TRHC
49.115,49.21,49.105,49.12,680,2021-04-30 18:42:00,TRHC
49.04,49.04,48.965,48.965,1601,2021-04-30 18:44:00,TRHC
48.87,48.95,48.85,48.95,300,2021-04-30 18:45:00,TRHC
48.96,48.96,48.96,48.96,100,2021-04-30 18:48:00,TRHC
48.91,48.91,48.8,48.8,400,2021-04-30 18:49:00,TRHC
48.805,48.805,48.805,48.805,100,2021-04-30 18:50:00,TRHC
48.88,48.89,48.88,48.89,200,2021-04-30 18:51:00,TRHC
48.9,48.9,48.9,48.9,200,2021-04-30 18:52:00,TRHC
48.98,48.99,48.98,48.99,200,2021-04-30 18:53:00,TRHC
48.99,48.99,48.805,48.805,857,2021-04-30 18:54:00,TRHC
48.89,48.92,48.89,48.92,400,2021-04-30 18:55:00,TRHC
48.93,48.94,48.83,48.83,300,2021-04-30 18:56:00,TRHC
48.95,48.95,48.94,48.94,300,2021-04-30 18:57:00,TRHC
48.91,48.92,48.71,48.71,500,2021-04-30 18:59:00,TRHC
48.72,48.72,48.72,48.72,100,2021-04-30 19:00:00,TRHC
48.71,48.77,48.71,48.77,500,2021-04-30 19:01:00,TRHC
48.645,48.645,48.645,48.645,100,2021-04-30 19:03:00,TRHC
48.61,48.63,48.53,48.62,1800,2021-04-30 19:04:00,TRHC
48.63,48.63,48.55,48.55,200,2021-04-30 19:07:00,TRHC
48.595,48.61,48.595,48.61,200,2021-04-30 19:08:00,TRHC
48.62,48.64,48.56,48.57,600,2021-04-30 19:09:00,TRHC
48.63,48.63,48.56,48.62,400,2021-04-30 19:10:00,TRHC
48.62,48.62,48.62,48.62,100,2021-04-30 19:11:00,TRHC
48.558,48.558,48.558,48.558,124,2021-04-30 19:12:00,TRHC
48.54,48.6,48.52,48.6,1130,2021-04-30 19:13:00,TRHC
48.59,48.59,48.41,48.41,1696,2021-04-30 19:16:00,TRHC
48.44,48.44,48.33,48.33,400,2021-04-30 19:18:00,TRHC
48.43,48.44,48.43,48.43,600,2021-04-30 19:19:00,TRHC
48.4,48.43,48.33,48.43,1500,2021-04-30 19:21:00,TRHC
48.42,48.42,48.42,48.42,300,2021-04-30 19:23:00,TRHC
48.42,48.42,48.42,48.42,300,2021-04-30 19:24:00,TRHC
48.33,48.365,48.23,48.32,1300,2021-04-30 19:25:00,TRHC
48.16,48.16,48.14,48.14,200,2021-04-30 19:26:00,TRHC
48.14,48.2,48.11,48.2,600,2021-04-30 19:27:00,TRHC
48.19,48.19,48.19,48.19,100,2021-04-30 19:29:00,TRHC
48.09,48.19,48.09,48.19,200,2021-04-30 19:30:00,TRHC
48.19,48.19,48.17,48.17,200,2021-04-30 19:31:00,TRHC
48.14,48.14,47.94,48.01,1000,2021-04-30 19:32:00,TRHC
48.015,48.015,48.015,48.015,158,2021-04-30 19:33:00,TRHC
48.07,48.09,48.06,48.06,1100,2021-04-30 19:34:00,TRHC
48.09,48.09,48.01,48.02,504,2021-04-30 19:35:00,TRHC
47.96,48.03,47.96,47.96,1000,2021-04-30 19:36:00,TRHC
47.985,47.99,47.985,47.985,1000,2021-04-30 19:37:00,TRHC
47.94,47.97,47.86,47.86,700,2021-04-30 19:38:00,TRHC
47.87,47.87,47.81,47.81,600,2021-04-30 19:39:00,TRHC
47.74,47.74,47.74,47.74,100,2021-04-30 19:40:00,TRHC
47.795,47.83,47.795,47.81,1400,2021-04-30 19:42:00,TRHC
47.815,47.815,47.76,47.815,459,2021-04-30 19:43:00,TRHC
47.86,47.86,47.85,47.85,200,2021-04-30 19:44:00,TRHC
47.83,47.83,47.75,47.75,1002,2021-04-30 19:45:00,TRHC
47.72,47.75,47.67,47.75,400,2021-04-30 19:46:00,TRHC
47.66,47.66,47.66,47.66,100,2021-04-30 19:47:00,TRHC
47.73,47.77,47.71,47.71,1100,2021-04-30 19:48:00,TRHC
47.74,47.74,47.74,47.74,200,2021-04-30 19:49:00,TRHC
47.75,47.97,47.685,47.84,1209,2021-04-30 19:50:00,TRHC
47.87,47.87,47.81,47.825,786,2021-04-30 19:51:00,TRHC
47.8,47.805,47.78,47.795,489,2021-04-30 19:52:00,TRHC
47.79,47.84,47.73,47.795,800,2021-04-30 19:53:00,TRHC
47.84,47.84,47.59,47.71,1200,2021-04-30 19:54:00,TRHC
47.69,47.735,47.5,47.6,4761,2021-04-30 19:55:00,TRHC
47.58,47.61,47.48,47.48,3807,2021-04-30 19:56:00,TRHC
47.48,47.585,47.35,47.585,5916,2021-04-30 19:57:00,TRHC
47.585,47.63,47.45,47.49,1500,2021-04-30 19:58:00,TRHC
47.44,47.59,47.43,47.56,3242,2021-04-30 19:59:00,TRHC
47.56,47.56,47.56,47.56,39356,2021-04-30 20:00:00,TRHC
47.56,47.56,47.56,47.56,5623,2021-04-30 21:43:00,TRHC
