open,high,low,close,volume,datetime,symbol
3.11,3.11,3.0709,3.0709,3796,2021-04-13 13:30:00,VIVE
3.079,3.079,3.079,3.079,250,2021-04-13 13:31:00,VIVE
3.1,3.1,3.1,3.1,200,2021-04-13 13:33:00,VIVE
3.1,3.1,3.1,3.1,154,2021-04-13 13:34:00,VIVE
3.08,3.09,3.06,3.07,1800,2021-04-13 13:35:00,VIVE
3.1,3.13,3.09,3.09,2951,2021-04-13 13:37:00,VIVE
3.13,3.15,3.13,3.15,200,2021-04-13 13:38:00,VIVE
3.1101,3.1101,3.1101,3.1101,250,2021-04-13 13:39:00,VIVE
3.16,3.16,3.0805,3.0805,5551,2021-04-13 13:41:00,VIVE
3.11,3.11,3.08,3.08,510,2021-04-13 13:42:00,VIVE
3.1,3.1,3.1,3.1,270,2021-04-13 13:44:00,VIVE
3.1,3.11,3.07,3.0702,2058,2021-04-13 13:45:00,VIVE
3.0701,3.0703,3.0701,3.0703,930,2021-04-13 13:46:00,VIVE
3.07,3.085,3.07,3.085,430,2021-04-13 13:49:00,VIVE
3.0701,3.1,3.0701,3.1,342,2021-04-13 13:50:00,VIVE
3.0801,3.0801,3.0801,3.0801,1000,2021-04-13 13:54:00,VIVE
3.081,3.081,3.07,3.07,3999,2021-04-13 13:55:00,VIVE
3.0701,3.0701,3.06,3.06,2601,2021-04-13 13:56:00,VIVE
3.05,3.05,3.03,3.0473,5446,2021-04-13 13:57:00,VIVE
3.04,3.04,3.0,3.0,6301,2021-04-13 13:58:00,VIVE
3.011,3.0127,3.01,3.01,600,2021-04-13 13:59:00,VIVE
3.0101,3.0101,3.0101,3.0101,1000,2021-04-13 14:00:00,VIVE
3.02,3.02,3.01,3.01,9200,2021-04-13 14:02:00,VIVE
3.0273,3.04,3.0273,3.04,1850,2021-04-13 14:03:00,VIVE
3.03,3.0424,3.03,3.0424,1000,2021-04-13 14:05:00,VIVE
3.03,3.03,3.03,3.03,1800,2021-04-13 14:06:00,VIVE
3.03,3.03,3.03,3.03,200,2021-04-13 14:09:00,VIVE
3.02,3.03,3.02,3.02,3747,2021-04-13 14:10:00,VIVE
3.0324,3.0324,3.02,3.02,2334,2021-04-13 14:11:00,VIVE
3.01,3.02,3.005,3.02,5200,2021-04-13 14:12:00,VIVE
3.01,3.022,3.01,3.022,200,2021-04-13 14:14:00,VIVE
3.016,3.016,3.016,3.016,125,2021-04-13 14:15:00,VIVE
3.02,3.04,3.02,3.04,2729,2021-04-13 14:16:00,VIVE
3.012,3.012,3.01,3.01,400,2021-04-13 14:18:00,VIVE
3.0239,3.0239,3.0239,3.0239,1000,2021-04-13 14:19:00,VIVE
3.04,3.04,3.04,3.04,100,2021-04-13 14:21:00,VIVE
3.04,3.04,3.02,3.02,433,2021-04-13 14:22:00,VIVE
3.03,3.03,3.03,3.03,500,2021-04-13 14:23:00,VIVE
3.02,3.0203,3.02,3.0203,201,2021-04-13 14:24:00,VIVE
3.03,3.06,3.03,3.041,836,2021-04-13 14:25:00,VIVE
3.06,3.06,3.06,3.06,100,2021-04-13 14:26:00,VIVE
3.06,3.06,3.06,3.06,100,2021-04-13 14:27:00,VIVE
3.06,3.06,3.059,3.059,230,2021-04-13 14:28:00,VIVE
3.06,3.06,3.06,3.06,100,2021-04-13 14:30:00,VIVE
3.06,3.06,3.06,3.06,100,2021-04-13 14:31:00,VIVE
3.06,3.06,3.03,3.06,556,2021-04-13 14:35:00,VIVE
3.06,3.06,3.045,3.045,570,2021-04-13 14:36:00,VIVE
3.06,3.06,3.06,3.06,100,2021-04-13 14:37:00,VIVE
3.051,3.051,3.051,3.051,1000,2021-04-13 14:38:00,VIVE
3.06,3.06,3.06,3.06,100,2021-04-13 14:39:00,VIVE
3.05,3.05,3.05,3.05,250,2021-04-13 14:41:00,VIVE
3.04,3.04,3.04,3.04,400,2021-04-13 14:42:00,VIVE
3.035,3.035,3.035,3.035,3000,2021-04-13 14:44:00,VIVE
3.045,3.045,3.045,3.045,3000,2021-04-13 14:46:00,VIVE
3.046,3.06,3.046,3.06,476,2021-04-13 14:49:00,VIVE
3.06,3.06,3.04,3.04,15687,2021-04-13 14:53:00,VIVE
3.05,3.05,3.05,3.05,435,2021-04-13 14:55:00,VIVE
3.049,3.049,3.049,3.049,1650,2021-04-13 14:56:00,VIVE
3.05,3.05,3.05,3.05,1100,2021-04-13 14:59:00,VIVE
3.05,3.05,3.0446,3.05,800,2021-04-13 15:00:00,VIVE
3.05,3.05,3.0421,3.045,1456,2021-04-13 15:01:00,VIVE
3.05,3.05,3.05,3.05,300,2021-04-13 15:02:00,VIVE
3.05,3.05,3.05,3.05,200,2021-04-13 15:03:00,VIVE
3.05,3.05,3.05,3.05,200,2021-04-13 15:04:00,VIVE
3.05,3.05,3.05,3.05,200,2021-04-13 15:05:00,VIVE
3.05,3.05,3.05,3.05,200,2021-04-13 15:06:00,VIVE
3.05,3.05,3.05,3.05,100,2021-04-13 15:07:00,VIVE
3.05,3.05,3.01,3.01,15722,2021-04-13 15:08:00,VIVE
3.011,3.011,3.01,3.01,1298,2021-04-13 15:10:00,VIVE
3.0109,3.0109,3.0109,3.0109,215,2021-04-13 15:14:00,VIVE
3.01,3.01,2.98,2.98,9350,2021-04-13 15:16:00,VIVE
2.975,2.975,2.96,2.97,2680,2021-04-13 15:17:00,VIVE
2.9865,2.99,2.9705,2.9895,2225,2021-04-13 15:18:00,VIVE
2.99,3.0098,2.99,3.0098,1500,2021-04-13 15:19:00,VIVE
2.995,2.995,2.995,2.995,500,2021-04-13 15:20:00,VIVE
2.9992,2.9992,2.98,2.9877,6405,2021-04-13 15:21:00,VIVE
2.99,2.99,2.99,2.99,200,2021-04-13 15:22:00,VIVE
2.98,2.98,2.98,2.98,200,2021-04-13 15:23:00,VIVE
3.01,3.02,3.01,3.02,300,2021-04-13 15:24:00,VIVE
3.03,3.03,3.0125,3.03,700,2021-04-13 15:25:00,VIVE
3.03,3.04,3.03,3.04,300,2021-04-13 15:26:00,VIVE
3.04,3.04,3.01,3.01,7808,2021-04-13 15:27:00,VIVE
3.01,3.012,3.01,3.01,3100,2021-04-13 15:28:00,VIVE
3.01,3.01,3.01,3.01,900,2021-04-13 15:29:00,VIVE
3.01,3.01,3.01,3.01,1000,2021-04-13 15:30:00,VIVE
3.015,3.015,2.98,2.98,16518,2021-04-13 15:31:00,VIVE
2.99,2.99,2.98,2.9827,4470,2021-04-13 15:33:00,VIVE
2.98,2.98,2.98,2.98,35000,2021-04-13 15:38:00,VIVE
3.02,3.03,3.02,3.03,300,2021-04-13 15:39:00,VIVE
3.03,3.03,3.03,3.03,500,2021-04-13 15:40:00,VIVE
3.03,3.03,3.03,3.03,400,2021-04-13 15:41:00,VIVE
3.03,3.03,3.03,3.03,400,2021-04-13 15:42:00,VIVE
3.03,3.03,3.03,3.03,300,2021-04-13 15:43:00,VIVE
3.03,3.05,3.03,3.05,3200,2021-04-13 15:44:00,VIVE
3.05,3.05,3.05,3.05,800,2021-04-13 15:45:00,VIVE
3.05,3.05,3.05,3.05,800,2021-04-13 15:46:00,VIVE
3.05,3.05,3.05,3.05,400,2021-04-13 15:47:00,VIVE
3.05,3.05,3.03,3.05,509,2021-04-13 15:48:00,VIVE
3.04,3.04,3.03,3.0307,3300,2021-04-13 15:49:00,VIVE
3.035,3.04,3.035,3.04,1500,2021-04-13 15:50:00,VIVE
3.05,3.05,3.045,3.05,6385,2021-04-13 15:51:00,VIVE
3.06,3.06,3.06,3.06,500,2021-04-13 15:53:00,VIVE
3.051,3.051,3.051,3.051,1000,2021-04-13 15:54:00,VIVE
3.051,3.051,3.051,3.051,1000,2021-04-13 15:55:00,VIVE
3.0508,3.06,3.0501,3.06,1400,2021-04-13 15:56:00,VIVE
3.06,3.07,3.06,3.07,1000,2021-04-13 15:57:00,VIVE
3.07,3.07,3.07,3.07,300,2021-04-13 15:58:00,VIVE
3.07,3.08,3.07,3.08,1100,2021-04-13 15:59:00,VIVE
3.08,3.09,3.08,3.09,300,2021-04-13 16:00:00,VIVE
3.09,3.09,3.07,3.07,5400,2021-04-13 16:01:00,VIVE
3.0401,3.0401,3.0401,3.0401,500,2021-04-13 16:04:00,VIVE
3.06,3.06,3.06,3.06,250,2021-04-13 16:06:00,VIVE
3.04,3.04,3.03,3.03,4180,2021-04-13 16:08:00,VIVE
3.04,3.04,3.04,3.04,200,2021-04-13 16:10:00,VIVE
3.0301,3.0301,3.0301,3.0301,500,2021-04-13 16:19:00,VIVE
3.0301,3.0329,3.0301,3.0329,1650,2021-04-13 16:21:00,VIVE
3.05,3.05,3.05,3.05,1100,2021-04-13 16:22:00,VIVE
3.03,3.03,3.03,3.03,1241,2021-04-13 16:23:00,VIVE
3.0367,3.0367,3.0367,3.0367,104,2021-04-13 16:24:00,VIVE
3.04,3.04,3.04,3.04,100,2021-04-13 16:25:00,VIVE
3.04,3.04,3.04,3.04,240,2021-04-13 16:26:00,VIVE
3.03,3.04,3.03,3.04,1287,2021-04-13 16:28:00,VIVE
3.05,3.05,3.05,3.05,1000,2021-04-13 16:30:00,VIVE
3.04,3.04,3.04,3.04,325,2021-04-13 16:40:00,VIVE
3.04,3.04,3.03,3.03,300,2021-04-13 16:46:00,VIVE
3.03,3.0301,3.03,3.0301,1950,2021-04-13 16:51:00,VIVE
3.0273,3.0273,3.0273,3.0273,100,2021-04-13 16:55:00,VIVE
3.0201,3.029,3.0201,3.029,4069,2021-04-13 17:03:00,VIVE
3.025,3.025,3.025,3.025,100,2021-04-13 17:04:00,VIVE
3.0201,3.025,3.0201,3.0201,1850,2021-04-13 17:06:00,VIVE
3.03,3.03,3.03,3.03,100,2021-04-13 17:08:00,VIVE
3.03,3.03,3.03,3.03,200,2021-04-13 17:10:00,VIVE
3.03,3.03,3.025,3.03,887,2021-04-13 17:11:00,VIVE
3.04,3.04,3.04,3.04,100,2021-04-13 17:12:00,VIVE
3.035,3.035,3.035,3.035,500,2021-04-13 17:13:00,VIVE
3.03,3.03,3.03,3.03,100,2021-04-13 17:14:00,VIVE
3.04,3.04,3.0394,3.0394,336,2021-04-13 17:15:00,VIVE
3.032,3.04,3.032,3.04,300,2021-04-13 17:17:00,VIVE
3.0308,3.04,3.0308,3.04,1588,2021-04-13 17:20:00,VIVE
3.04,3.04,3.04,3.04,100,2021-04-13 17:22:00,VIVE
3.0301,3.0301,3.0301,3.0301,1136,2021-04-13 17:23:00,VIVE
3.0316,3.04,3.0316,3.04,600,2021-04-13 17:29:00,VIVE
3.04,3.04,3.03,3.03,758,2021-04-13 17:30:00,VIVE
3.05,3.05,3.03,3.05,620,2021-04-13 17:33:00,VIVE
3.05,3.05,3.05,3.05,100,2021-04-13 17:36:00,VIVE
3.05,3.05,3.05,3.05,100,2021-04-13 17:37:00,VIVE
3.05,3.05,3.05,3.05,100,2021-04-13 17:40:00,VIVE
3.04,3.04,3.04,3.04,123,2021-04-13 17:42:00,VIVE
3.04,3.04,3.04,3.04,200,2021-04-13 17:50:00,VIVE
3.03,3.03,3.02,3.02,5995,2021-04-13 17:51:00,VIVE
3.0109,3.0109,3.0109,3.0109,1318,2021-04-13 17:54:00,VIVE
3.02,3.02,3.02,3.02,100,2021-04-13 17:55:00,VIVE
3.02,3.02,3.02,3.02,100,2021-04-13 17:56:00,VIVE
3.015,3.015,3.01,3.01,3200,2021-04-13 17:57:00,VIVE
3.02,3.02,3.02,3.02,100,2021-04-13 18:02:00,VIVE
3.02,3.02,3.02,3.02,100,2021-04-13 18:03:00,VIVE
3.03,3.03,3.03,3.03,100,2021-04-13 18:04:00,VIVE
3.03,3.03,3.03,3.03,100,2021-04-13 18:05:00,VIVE
3.0208,3.03,3.0208,3.03,265,2021-04-13 18:07:00,VIVE
3.0201,3.03,3.0201,3.03,1199,2021-04-13 18:08:00,VIVE
3.03,3.03,3.03,3.03,100,2021-04-13 18:10:00,VIVE
3.03,3.03,3.03,3.03,100,2021-04-13 18:12:00,VIVE
3.03,3.03,3.03,3.03,1145,2021-04-13 18:13:00,VIVE
3.04,3.04,3.04,3.04,100,2021-04-13 18:14:00,VIVE
3.04,3.04,3.04,3.04,100,2021-04-13 18:16:00,VIVE
3.03,3.03,3.03,3.03,1000,2021-04-13 18:17:00,VIVE
3.04,3.04,3.02,3.02,500,2021-04-13 18:18:00,VIVE
3.03,3.03,3.03,3.03,100,2021-04-13 18:19:00,VIVE
3.0373,3.0373,3.0212,3.0212,700,2021-04-13 18:20:00,VIVE
3.02,3.02,2.99,3.0,12412,2021-04-13 18:23:00,VIVE
3.0,3.0,3.0,3.0,390,2021-04-13 18:24:00,VIVE
3.0,3.04,3.0,3.04,15516,2021-04-13 18:25:00,VIVE
3.05,3.05,3.05,3.05,100,2021-04-13 18:28:00,VIVE
3.05,3.05,3.05,3.05,200,2021-04-13 18:30:00,VIVE
3.05,3.06,3.05,3.06,500,2021-04-13 18:31:00,VIVE
3.06,3.06,3.06,3.06,500,2021-04-13 18:32:00,VIVE
3.06,3.06,3.06,3.06,500,2021-04-13 18:33:00,VIVE
3.06,3.06,3.04,3.06,1000,2021-04-13 18:34:00,VIVE
3.06,3.06,3.06,3.06,300,2021-04-13 18:35:00,VIVE
3.06,3.06,3.06,3.06,300,2021-04-13 18:36:00,VIVE
3.07,3.07,3.06,3.06,300,2021-04-13 18:37:00,VIVE
3.07,3.07,3.07,3.07,200,2021-04-13 18:38:00,VIVE
3.06,3.07,3.06,3.07,300,2021-04-13 18:39:00,VIVE
3.07,3.07,3.07,3.07,100,2021-04-13 18:40:00,VIVE
3.07,3.07,3.07,3.07,100,2021-04-13 18:42:00,VIVE
3.07,3.07,3.07,3.07,200,2021-04-13 18:43:00,VIVE
3.06,3.07,3.06,3.07,500,2021-04-13 18:44:00,VIVE
3.07,3.07,3.07,3.07,100,2021-04-13 18:45:00,VIVE
3.07,3.07,3.06,3.07,1200,2021-04-13 18:46:00,VIVE
3.07,3.07,3.07,3.07,100,2021-04-13 18:47:00,VIVE
3.07,3.07,3.07,3.07,100,2021-04-13 18:48:00,VIVE
3.06,3.06,3.06,3.06,100,2021-04-13 18:49:00,VIVE
3.06,3.06,3.06,3.06,100,2021-04-13 18:50:00,VIVE
3.06,3.06,3.0595,3.06,1190,2021-04-13 18:52:00,VIVE
3.06,3.06,3.06,3.06,100,2021-04-13 18:53:00,VIVE
3.06,3.06,3.06,3.06,100,2021-04-13 18:55:00,VIVE
3.05,3.05,3.05,3.05,100,2021-04-13 18:57:00,VIVE
3.06,3.06,3.06,3.06,200,2021-04-13 18:58:00,VIVE
3.06,3.06,3.06,3.06,100,2021-04-13 19:01:00,VIVE
3.055,3.06,3.0507,3.06,1005,2021-04-13 19:10:00,VIVE
3.05,3.05,3.05,3.05,300,2021-04-13 19:15:00,VIVE
3.0499,3.0499,3.0499,3.0499,250,2021-04-13 19:22:00,VIVE
3.05,3.05,3.05,3.05,100,2021-04-13 19:29:00,VIVE
3.03,3.0301,3.03,3.0301,200,2021-04-13 19:31:00,VIVE
3.03,3.03,3.03,3.03,290,2021-04-13 19:36:00,VIVE
3.0101,3.0101,3.0101,3.0101,109,2021-04-13 19:38:00,VIVE
3.03,3.03,3.02,3.03,1059,2021-04-13 19:42:00,VIVE
3.03,3.03,3.0129,3.0129,500,2021-04-13 19:43:00,VIVE
3.03,3.03,3.02,3.02,300,2021-04-13 19:44:00,VIVE
3.02,3.02,3.02,3.02,100,2021-04-13 19:45:00,VIVE
3.02,3.02,3.02,3.02,100,2021-04-13 19:48:00,VIVE
3.02,3.02,3.012,3.012,200,2021-04-13 19:49:00,VIVE
3.0113,3.0113,3.0113,3.0113,250,2021-04-13 19:55:00,VIVE
3.01,3.03,3.01,3.03,1800,2021-04-13 19:56:00,VIVE
3.025,3.025,3.025,3.025,570,2021-04-13 19:57:00,VIVE
3.0299,3.03,3.0299,3.03,3552,2021-04-13 19:58:00,VIVE
3.03,3.04,3.0,3.0,3094,2021-04-13 19:59:00,VIVE
3.0,3.0,3.0,3.0,1286,2021-04-13 20:00:00,VIVE
3.01,3.01,3.01,3.01,151,2021-04-13 20:43:00,VIVE
3.01,3.01,3.01,3.01,200,2021-04-13 20:50:00,VIVE
3.01,3.01,3.01,3.01,175,2021-04-13 21:37:00,VIVE
3.01,3.01,3.01,3.01,350,2021-04-13 23:30:00,VIVE
3.0,3.0,3.0,3.0,675,2021-04-14 12:56:00,VIVE
3.0093,3.0093,3.0,3.0,2571,2021-04-14 13:30:00,VIVE
3.004,3.004,3.004,3.004,100,2021-04-14 13:31:00,VIVE
3.0,3.0028,3.0,3.0028,600,2021-04-14 13:32:00,VIVE
3.0114,3.0114,3.0114,3.0114,124,2021-04-14 13:38:00,VIVE
3.0295,3.0295,3.0295,3.0295,331,2021-04-14 13:39:00,VIVE
3.016,3.016,3.01,3.01,600,2021-04-14 13:40:00,VIVE
3.0277,3.0277,3.0277,3.0277,128,2021-04-14 13:41:00,VIVE
3.01,3.01,3.01,3.01,104,2021-04-14 13:42:00,VIVE
3.03,3.03,3.03,3.03,100,2021-04-14 13:46:00,VIVE
3.03,3.03,3.03,3.03,174,2021-04-14 13:47:00,VIVE
3.03,3.03,3.03,3.03,600,2021-04-14 13:48:00,VIVE
3.025,3.025,3.025,3.025,100,2021-04-14 13:51:00,VIVE
3.01,3.01,3.01,3.01,689,2021-04-14 13:56:00,VIVE
3.01,3.025,3.01,3.025,2155,2021-04-14 13:58:00,VIVE
3.025,3.025,3.025,3.025,300,2021-04-14 13:59:00,VIVE
3.04,3.04,3.04,3.04,400,2021-04-14 14:01:00,VIVE
3.0401,3.05,3.0401,3.05,1098,2021-04-14 14:02:00,VIVE
3.05,3.064,3.05,3.064,1000,2021-04-14 14:04:00,VIVE
3.0513,3.0513,3.0513,3.0513,1000,2021-04-14 14:05:00,VIVE
3.05,3.0522,3.0419,3.0522,3750,2021-04-14 14:07:00,VIVE
3.05,3.05,3.05,3.05,100,2021-04-14 14:12:00,VIVE
3.04,3.0401,3.03,3.0401,1000,2021-04-14 14:13:00,VIVE
3.0399,3.04,3.0399,3.04,1431,2021-04-14 14:20:00,VIVE
3.0305,3.0305,3.0305,3.0305,479,2021-04-14 14:21:00,VIVE
3.05,3.05,3.04,3.04,2200,2021-04-14 14:30:00,VIVE
3.04,3.04,3.04,3.04,100,2021-04-14 14:31:00,VIVE
3.0301,3.04,3.0301,3.04,1350,2021-04-14 14:32:00,VIVE
3.03,3.03,3.03,3.03,360,2021-04-14 14:34:00,VIVE
3.05,3.05,3.05,3.05,213,2021-04-14 14:35:00,VIVE
3.06,3.06,3.06,3.06,300,2021-04-14 14:36:00,VIVE
3.05,3.05,3.05,3.05,1000,2021-04-14 14:37:00,VIVE
3.06,3.06,3.06,3.06,1700,2021-04-14 14:38:00,VIVE
3.0612,3.065,3.06,3.065,536,2021-04-14 14:39:00,VIVE
3.07,3.07,3.07,3.07,100,2021-04-14 14:42:00,VIVE
3.07,3.08,3.07,3.0797,8855,2021-04-14 14:43:00,VIVE
3.09,3.09,3.09,3.09,100,2021-04-14 14:46:00,VIVE
3.1,3.1,3.1,3.1,100,2021-04-14 14:48:00,VIVE
3.1,3.1,3.1,3.1,200,2021-04-14 14:49:00,VIVE
3.1,3.11,3.09,3.11,1541,2021-04-14 14:50:00,VIVE
3.1,3.11,3.09,3.11,1339,2021-04-14 14:51:00,VIVE
3.11,3.11,3.11,3.11,400,2021-04-14 14:52:00,VIVE
3.1,3.1,3.1,3.1,600,2021-04-14 14:54:00,VIVE
3.1,3.1,3.09,3.09,900,2021-04-14 14:56:00,VIVE
3.1,3.1,3.08,3.08,8376,2021-04-14 14:57:00,VIVE
3.08,3.08,3.08,3.08,200,2021-04-14 15:04:00,VIVE
3.08,3.08,3.08,3.08,100,2021-04-14 15:05:00,VIVE
3.0615,3.08,3.0615,3.08,240,2021-04-14 15:06:00,VIVE
3.08,3.08,3.08,3.08,100,2021-04-14 15:07:00,VIVE
3.09,3.09,3.09,3.09,100,2021-04-14 15:08:00,VIVE
3.09,3.09,3.09,3.09,100,2021-04-14 15:09:00,VIVE
3.08,3.08,3.08,3.08,100,2021-04-14 15:10:00,VIVE
3.0601,3.08,3.06,3.06,600,2021-04-14 15:11:00,VIVE
3.09,3.09,3.09,3.09,1000,2021-04-14 15:15:00,VIVE
3.0647,3.0647,3.0647,3.0647,110,2021-04-14 15:16:00,VIVE
3.09,3.09,3.09,3.09,100,2021-04-14 15:17:00,VIVE
3.09,3.09,3.09,3.09,100,2021-04-14 15:20:00,VIVE
3.08,3.08,3.08,3.08,100,2021-04-14 15:25:00,VIVE
3.06,3.06,3.06,3.06,300,2021-04-14 15:30:00,VIVE
3.05,3.05,3.05,3.05,480,2021-04-14 15:33:00,VIVE
3.08,3.08,3.08,3.08,1205,2021-04-14 15:41:00,VIVE
3.0601,3.0601,3.0601,3.0601,1100,2021-04-14 15:53:00,VIVE
3.06,3.06,3.06,3.06,100,2021-04-14 15:54:00,VIVE
3.04,3.04,3.04,3.04,1000,2021-04-14 15:55:00,VIVE
3.06,3.06,3.05,3.05,400,2021-04-14 16:00:00,VIVE
3.0425,3.0425,3.0425,3.0425,1000,2021-04-14 16:03:00,VIVE
3.06,3.06,3.06,3.06,100,2021-04-14 16:10:00,VIVE
3.04,3.04,3.04,3.04,1112,2021-04-14 16:13:00,VIVE
3.04,3.04,3.04,3.04,700,2021-04-14 16:19:00,VIVE
3.05,3.05,3.05,3.05,197,2021-04-14 16:22:00,VIVE
3.0473,3.07,3.04,3.07,1600,2021-04-14 16:26:00,VIVE
3.07,3.07,3.07,3.07,100,2021-04-14 16:30:00,VIVE
3.07,3.07,3.07,3.07,100,2021-04-14 16:34:00,VIVE
3.06,3.06,3.05,3.06,1059,2021-04-14 16:35:00,VIVE
3.03,3.07,3.03,3.07,600,2021-04-14 16:37:00,VIVE
3.03,3.03,3.03,3.03,622,2021-04-14 16:39:00,VIVE
3.03,3.03,3.03,3.03,100,2021-04-14 16:46:00,VIVE
3.07,3.07,3.07,3.07,100,2021-04-14 16:49:00,VIVE
3.03,3.03,3.03,3.03,200,2021-04-14 17:15:00,VIVE
3.02,3.02,3.02,3.02,100,2021-04-14 17:18:00,VIVE
3.02,3.02,3.02,3.02,200,2021-04-14 17:25:00,VIVE
3.01,3.02,3.01,3.02,1605,2021-04-14 17:37:00,VIVE
3.01,3.02,3.01,3.02,1000,2021-04-14 17:40:00,VIVE
3.01,3.01,3.01,3.01,250,2021-04-14 17:41:00,VIVE
3.015,3.015,3.015,3.015,200,2021-04-14 17:43:00,VIVE
3.01,3.015,3.01,3.01,500,2021-04-14 17:45:00,VIVE
3.02,3.02,3.02,3.02,100,2021-04-14 17:47:00,VIVE
3.0045,3.0199,3.0045,3.0199,500,2021-04-14 17:49:00,VIVE
3.015,3.015,3.015,3.015,171,2021-04-14 17:52:00,VIVE
3.01,3.01,3.01,3.01,100,2021-04-14 17:54:00,VIVE
3.01,3.01,3.01,3.01,400,2021-04-14 17:55:00,VIVE
3.0099,3.0099,3.0099,3.0099,300,2021-04-14 17:56:00,VIVE
3.0001,3.0001,3.0001,3.0001,100,2021-04-14 17:57:00,VIVE
3.0199,3.02,3.0199,3.02,650,2021-04-14 18:00:00,VIVE
3.01,3.02,3.01,3.01,1100,2021-04-14 18:04:00,VIVE
3.02,3.02,3.02,3.02,100,2021-04-14 18:07:00,VIVE
3.02,3.02,3.02,3.02,100,2021-04-14 18:11:00,VIVE
3.02,3.02,3.02,3.02,100,2021-04-14 18:13:00,VIVE
3.01,3.01,3.01,3.01,100,2021-04-14 18:16:00,VIVE
3.015,3.015,3.01,3.01,200,2021-04-14 18:20:00,VIVE
3.02,3.02,3.02,3.02,200,2021-04-14 18:21:00,VIVE
3.015,3.02,3.015,3.02,200,2021-04-14 18:22:00,VIVE
3.012,3.012,3.0,3.0,1300,2021-04-14 18:23:00,VIVE
3.01,3.01,3.01,3.01,100,2021-04-14 18:25:00,VIVE
3.015,3.02,3.01,3.02,2000,2021-04-14 18:28:00,VIVE
3.0199,3.0199,3.0199,3.0199,100,2021-04-14 18:29:00,VIVE
3.02,3.02,3.02,3.02,100,2021-04-14 18:35:00,VIVE
3.02,3.02,3.02,3.02,100,2021-04-14 18:36:00,VIVE
3.015,3.015,3.01,3.01,200,2021-04-14 18:37:00,VIVE
3.01,3.01,3.01,3.01,100,2021-04-14 18:39:00,VIVE
3.02,3.02,3.02,3.02,200,2021-04-14 18:40:00,VIVE
3.015,3.015,3.01,3.01,600,2021-04-14 18:43:00,VIVE
3.0199,3.02,3.0199,3.02,3653,2021-04-14 18:44:00,VIVE
3.0134,3.0134,3.0134,3.0134,115,2021-04-14 18:45:00,VIVE
3.0113,3.02,3.01,3.01,900,2021-04-14 18:47:00,VIVE
3.02,3.02,3.02,3.02,100,2021-04-14 18:50:00,VIVE
3.02,3.02,3.02,3.02,100,2021-04-14 18:52:00,VIVE
3.02,3.02,3.02,3.02,200,2021-04-14 18:53:00,VIVE
3.02,3.02,3.02,3.02,100,2021-04-14 18:54:00,VIVE
3.02,3.02,3.01,3.01,1134,2021-04-14 18:56:00,VIVE
3.02,3.02,3.0041,3.0041,300,2021-04-14 19:00:00,VIVE
3.01,3.02,3.01,3.02,600,2021-04-14 19:04:00,VIVE
3.02,3.02,3.02,3.02,100,2021-04-14 19:05:00,VIVE
3.02,3.02,3.01,3.01,200,2021-04-14 19:09:00,VIVE
3.01,3.01,3.01,3.01,1509,2021-04-14 19:10:00,VIVE
3.0,3.0,3.0,3.0,100,2021-04-14 19:18:00,VIVE
3.01,3.01,3.01,3.01,100,2021-04-14 19:23:00,VIVE
3.0093,3.015,3.0093,3.01,666,2021-04-14 19:27:00,VIVE
3.0199,3.0199,3.0199,3.0199,229,2021-04-14 19:33:00,VIVE
3.02,3.02,3.02,3.02,200,2021-04-14 19:37:00,VIVE
3.02,3.02,3.02,3.02,100,2021-04-14 19:42:00,VIVE
3.0111,3.02,3.0111,3.02,594,2021-04-14 19:43:00,VIVE
3.0173,3.02,3.0173,3.02,1000,2021-04-14 19:44:00,VIVE
3.02,3.02,3.02,3.02,100,2021-04-14 19:45:00,VIVE
3.015,3.015,3.015,3.015,100,2021-04-14 19:47:00,VIVE
3.02,3.02,3.01,3.02,12443,2021-04-14 19:50:00,VIVE
3.015,3.02,3.015,3.015,300,2021-04-14 19:54:00,VIVE
3.02,3.02,3.02,3.02,757,2021-04-14 19:55:00,VIVE
3.03,3.03,3.02,3.02,400,2021-04-14 19:56:00,VIVE
3.03,3.03,3.03,3.03,100,2021-04-14 19:57:00,VIVE
3.02,3.03,3.0,3.03,8591,2021-04-14 19:59:00,VIVE
3.01,3.01,3.01,3.01,282,2021-04-14 20:00:00,VIVE
2.98,2.98,2.98,2.98,140,2021-04-14 20:06:00,VIVE
2.99,2.99,2.98,2.98,467,2021-04-14 21:37:00,VIVE
3.06,3.06,3.06,3.06,1000,2021-04-14 21:44:00,VIVE
2.99,2.99,2.99,2.99,100,2021-04-14 23:59:00,VIVE
3.002,3.002,3.0,3.0,324,2021-04-15 13:06:00,VIVE
3.0,3.0,3.0,3.0,458,2021-04-15 13:19:00,VIVE
3.01,3.01,3.01,3.01,1967,2021-04-15 13:30:00,VIVE
3.0136,3.0136,3.0136,3.0136,1000,2021-04-15 13:32:00,VIVE
3.045,3.045,3.01,3.01,4100,2021-04-15 13:36:00,VIVE
3.0181,3.0181,3.0,3.0,600,2021-04-15 13:37:00,VIVE
3.0,3.0,3.0,3.0,521,2021-04-15 13:39:00,VIVE
2.99,2.99,2.99,2.99,100,2021-04-15 13:41:00,VIVE
2.99,2.99,2.99,2.99,100,2021-04-15 13:44:00,VIVE
2.99,2.99,2.99,2.99,100,2021-04-15 13:49:00,VIVE
3.0299,3.0299,3.0299,3.0299,640,2021-04-15 13:52:00,VIVE
3.0011,3.0011,3.0011,3.0011,2500,2021-04-15 13:54:00,VIVE
3.0,3.0,3.0,3.0,300,2021-04-15 13:55:00,VIVE
2.99,2.99,2.98,2.9887,4638,2021-04-15 13:57:00,VIVE
2.98,2.98,2.98,2.98,4900,2021-04-15 13:58:00,VIVE
2.99,2.99,2.99,2.99,400,2021-04-15 13:59:00,VIVE
2.982,3.0,2.982,3.0,368,2021-04-15 14:00:00,VIVE
3.0,3.0,3.0,3.0,317,2021-04-15 14:01:00,VIVE
2.99,2.99,2.99,2.99,1000,2021-04-15 14:02:00,VIVE
2.98,2.98,2.98,2.98,100,2021-04-15 14:04:00,VIVE
2.9815,2.99,2.9815,2.99,1866,2021-04-15 14:08:00,VIVE
2.98,2.98,2.97,2.97,700,2021-04-15 14:09:00,VIVE
2.9701,2.9701,2.9701,2.9701,150,2021-04-15 14:10:00,VIVE
2.97,2.97,2.97,2.97,750,2021-04-15 14:11:00,VIVE
3.0,3.02,2.9803,2.9803,1439,2021-04-15 14:12:00,VIVE
2.98,2.9827,2.98,2.98,300,2021-04-15 14:14:00,VIVE
3.02,3.02,3.02,3.02,200,2021-04-15 14:16:00,VIVE
3.01,3.01,3.01,3.01,100,2021-04-15 14:19:00,VIVE
3.0138,3.0138,2.98,2.98,1633,2021-04-15 14:20:00,VIVE
2.97,2.97,2.97,2.97,110,2021-04-15 14:21:00,VIVE
2.982,3.0,2.9802,2.9802,2373,2021-04-15 14:23:00,VIVE
2.9801,3.0,2.9801,2.9847,810,2021-04-15 14:25:00,VIVE
3.0,3.0,3.0,3.0,123,2021-04-15 14:27:00,VIVE
3.02,3.02,3.02,3.02,800,2021-04-15 14:28:00,VIVE
3.02,3.02,3.02,3.02,100,2021-04-15 14:34:00,VIVE
2.9884,3.01,2.9884,3.01,1816,2021-04-15 14:35:00,VIVE
2.98,2.98,2.97,2.97,987,2021-04-15 14:36:00,VIVE
2.972,2.972,2.97,2.97,6107,2021-04-15 14:37:00,VIVE
2.97,2.97,2.97,2.97,300,2021-04-15 14:38:00,VIVE
2.985,2.985,2.985,2.985,250,2021-04-15 14:40:00,VIVE
2.98,2.98,2.98,2.98,400,2021-04-15 14:42:00,VIVE
2.98,2.98,2.98,2.98,100,2021-04-15 14:48:00,VIVE
2.98,2.98,2.98,2.98,100,2021-04-15 14:50:00,VIVE
3.0,3.0,3.0,3.0,100,2021-04-15 14:51:00,VIVE
3.0,3.0,3.0,3.0,100,2021-04-15 14:53:00,VIVE
2.9816,2.9816,2.98,2.98,2501,2021-04-15 14:54:00,VIVE
2.9728,2.9728,2.97,2.97,8333,2021-04-15 14:55:00,VIVE
2.98,2.98,2.98,2.98,200,2021-04-15 15:02:00,VIVE
2.98,2.98,2.98,2.98,100,2021-04-15 15:03:00,VIVE
2.98,2.98,2.98,2.98,100,2021-04-15 15:04:00,VIVE
2.98,2.98,2.98,2.98,441,2021-04-15 15:05:00,VIVE
2.96,2.9604,2.94,2.94,4899,2021-04-15 15:06:00,VIVE
2.95,2.95,2.95,2.95,170,2021-04-15 15:07:00,VIVE
2.9489,2.9489,2.9489,2.9489,100,2021-04-15 15:08:00,VIVE
2.95,2.95,2.95,2.95,1663,2021-04-15 15:10:00,VIVE
2.951,2.952,2.95,2.9501,2211,2021-04-15 15:11:00,VIVE
2.9599,2.9599,2.9428,2.9428,3247,2021-04-15 15:12:00,VIVE
2.9484,2.9484,2.9484,2.9484,300,2021-04-15 15:13:00,VIVE
2.94,2.94,2.94,2.94,1507,2021-04-15 15:14:00,VIVE
2.9414,2.9414,2.9414,2.9414,1000,2021-04-15 15:18:00,VIVE
2.942,2.95,2.942,2.95,350,2021-04-15 15:20:00,VIVE
2.957,2.957,2.95,2.95,1200,2021-04-15 15:21:00,VIVE
2.94,2.94,2.94,2.94,1827,2021-04-15 15:22:00,VIVE
2.96,2.97,2.96,2.97,471,2021-04-15 15:23:00,VIVE
2.97,2.97,2.97,2.97,100,2021-04-15 15:24:00,VIVE
2.97,2.97,2.97,2.97,100,2021-04-15 15:25:00,VIVE
2.9667,2.97,2.9667,2.97,200,2021-04-15 15:26:00,VIVE
2.97,2.97,2.97,2.97,100,2021-04-15 15:27:00,VIVE
2.97,2.97,2.97,2.97,100,2021-04-15 15:30:00,VIVE
2.97,2.97,2.97,2.97,100,2021-04-15 15:31:00,VIVE
2.9522,2.9522,2.9522,2.9522,260,2021-04-15 15:33:00,VIVE
2.97,2.97,2.97,2.97,100,2021-04-15 15:34:00,VIVE
2.97,2.97,2.95,2.95,500,2021-04-15 15:36:00,VIVE
2.96,2.97,2.96,2.97,289,2021-04-15 15:38:00,VIVE
2.9604,2.9604,2.9604,2.9604,1000,2021-04-15 15:40:00,VIVE
2.9501,2.9501,2.9501,2.9501,1000,2021-04-15 15:43:00,VIVE
2.9699,2.9699,2.9699,2.9699,500,2021-04-15 15:45:00,VIVE
2.96,2.96,2.96,2.96,500,2021-04-15 15:49:00,VIVE
2.955,2.955,2.95,2.95,1400,2021-04-15 15:54:00,VIVE
2.945,2.945,2.94,2.94,1380,2021-04-15 15:58:00,VIVE
2.95,2.95,2.95,2.95,600,2021-04-15 16:00:00,VIVE
2.95,2.95,2.95,2.95,100,2021-04-15 16:01:00,VIVE
2.94,2.94,2.91,2.915,6098,2021-04-15 16:02:00,VIVE
2.915,2.915,2.89,2.89,5443,2021-04-15 16:04:00,VIVE
2.895,2.8999,2.895,2.8999,550,2021-04-15 16:05:00,VIVE
2.9,2.9,2.891,2.895,2100,2021-04-15 16:06:00,VIVE
2.8968,2.9,2.8968,2.9,2853,2021-04-15 16:07:00,VIVE
2.9,2.91,2.9,2.91,1100,2021-04-15 16:08:00,VIVE
2.9073,2.9073,2.89,2.8922,8456,2021-04-15 16:09:00,VIVE
2.88,2.885,2.8761,2.8761,3200,2021-04-15 16:11:00,VIVE
2.875,2.875,2.83,2.83,15091,2021-04-15 16:12:00,VIVE
2.83,2.865,2.83,2.865,19610,2021-04-15 16:13:00,VIVE
2.865,2.865,2.831,2.831,7750,2021-04-15 16:14:00,VIVE
2.8319,2.85,2.83,2.85,12894,2021-04-15 16:15:00,VIVE
2.84,2.85,2.84,2.85,900,2021-04-15 16:16:00,VIVE
2.85,2.87,2.8492,2.87,1800,2021-04-15 16:17:00,VIVE
2.87,2.87,2.87,2.87,500,2021-04-15 16:18:00,VIVE
2.86,2.86,2.86,2.86,100,2021-04-15 16:19:00,VIVE
2.85,2.8691,2.85,2.85,8189,2021-04-15 16:20:00,VIVE
2.8461,2.8461,2.8461,2.8461,250,2021-04-15 16:21:00,VIVE
2.85,2.85,2.8489,2.8489,1850,2021-04-15 16:22:00,VIVE
2.85,2.85,2.85,2.85,1500,2021-04-15 16:23:00,VIVE
2.88,2.88,2.87,2.87,304,2021-04-15 16:24:00,VIVE
2.87,2.87,2.87,2.87,1203,2021-04-15 16:25:00,VIVE
2.87,2.87,2.87,2.87,197,2021-04-15 16:26:00,VIVE
2.87,2.88,2.8601,2.88,552,2021-04-15 16:28:00,VIVE
2.88,2.9,2.88,2.9,2484,2021-04-15 16:29:00,VIVE
2.9,2.9,2.9,2.9,400,2021-04-15 16:30:00,VIVE
2.9,2.9,2.9,2.9,900,2021-04-15 16:31:00,VIVE
2.8801,2.8801,2.8801,2.8801,175,2021-04-15 16:32:00,VIVE
2.88,2.9,2.87,2.87,3800,2021-04-15 16:33:00,VIVE
2.87,2.87,2.87,2.87,1000,2021-04-15 16:34:00,VIVE
2.875,2.875,2.8511,2.87,10425,2021-04-15 16:39:00,VIVE
2.86,2.86,2.86,2.86,100,2021-04-15 16:40:00,VIVE
2.85,2.85,2.85,2.85,7900,2021-04-15 16:41:00,VIVE
2.843,2.843,2.843,2.843,111,2021-04-15 16:42:00,VIVE
2.8491,2.85,2.8484,2.85,2500,2021-04-15 16:43:00,VIVE
2.85,2.85,2.85,2.85,336,2021-04-15 16:44:00,VIVE
2.8445,2.8445,2.8445,2.8445,2000,2021-04-15 16:46:00,VIVE
2.8473,2.85,2.8473,2.85,600,2021-04-15 16:47:00,VIVE
2.86,2.86,2.8509,2.86,600,2021-04-15 16:48:00,VIVE
2.86,2.86,2.86,2.86,500,2021-04-15 16:49:00,VIVE
2.86,2.86,2.855,2.86,370,2021-04-15 16:50:00,VIVE
2.86,2.86,2.8573,2.8573,1100,2021-04-15 16:51:00,VIVE
2.86,2.86,2.855,2.86,600,2021-04-15 16:52:00,VIVE
2.8594,2.86,2.8594,2.86,800,2021-04-15 16:53:00,VIVE
2.86,2.88,2.86,2.88,2100,2021-04-15 16:54:00,VIVE
2.8632,2.8632,2.8632,2.8632,856,2021-04-15 16:55:00,VIVE
2.8666,2.8666,2.8666,2.8666,100,2021-04-15 16:56:00,VIVE
2.86,2.8603,2.86,2.8603,1380,2021-04-15 16:59:00,VIVE
2.85,2.85,2.84,2.84,1150,2021-04-15 17:08:00,VIVE
2.83,2.84,2.83,2.84,1601,2021-04-15 17:09:00,VIVE
2.8225,2.84,2.82,2.84,1979,2021-04-15 17:10:00,VIVE
2.81,2.82,2.81,2.82,5200,2021-04-15 17:11:00,VIVE
2.83,2.83,2.83,2.83,500,2021-04-15 17:12:00,VIVE
2.83,2.85,2.83,2.85,3097,2021-04-15 17:13:00,VIVE
2.8301,2.84,2.8301,2.84,308,2021-04-15 17:14:00,VIVE
2.83,2.83,2.83,2.83,1686,2021-04-15 17:16:00,VIVE
2.83,2.83,2.81,2.83,10905,2021-04-15 17:19:00,VIVE
2.818,2.82,2.818,2.82,1350,2021-04-15 17:20:00,VIVE
2.82,2.84,2.82,2.84,2000,2021-04-15 17:22:00,VIVE
2.85,2.85,2.85,2.85,700,2021-04-15 17:23:00,VIVE
2.83,2.83,2.83,2.83,1900,2021-04-15 17:24:00,VIVE
2.8452,2.85,2.8452,2.85,2100,2021-04-15 17:25:00,VIVE
2.8305,2.8305,2.8305,2.8305,286,2021-04-15 17:26:00,VIVE
2.83,2.83,2.83,2.83,600,2021-04-15 17:27:00,VIVE
2.85,2.85,2.85,2.85,500,2021-04-15 17:29:00,VIVE
2.85,2.85,2.85,2.85,100,2021-04-15 17:32:00,VIVE
2.85,2.87,2.85,2.87,4850,2021-04-15 17:33:00,VIVE
2.87,2.87,2.87,2.87,926,2021-04-15 17:34:00,VIVE
2.85,2.87,2.85,2.87,2100,2021-04-15 17:35:00,VIVE
2.86,2.86,2.86,2.86,500,2021-04-15 17:36:00,VIVE
2.87,2.87,2.87,2.87,500,2021-04-15 17:37:00,VIVE
2.87,2.88,2.87,2.88,200,2021-04-15 17:38:00,VIVE
2.88,2.88,2.88,2.88,100,2021-04-15 17:39:00,VIVE
2.88,2.88,2.88,2.88,200,2021-04-15 17:40:00,VIVE
2.88,2.88,2.88,2.88,200,2021-04-15 17:41:00,VIVE
2.88,2.89,2.88,2.89,200,2021-04-15 17:42:00,VIVE
2.88,2.88,2.88,2.88,100,2021-04-15 17:43:00,VIVE
2.87,2.87,2.87,2.87,100,2021-04-15 17:45:00,VIVE
2.88,2.88,2.88,2.88,100,2021-04-15 17:46:00,VIVE
2.89,2.89,2.89,2.89,100,2021-04-15 17:47:00,VIVE
2.88,2.88,2.88,2.88,100,2021-04-15 17:50:00,VIVE
2.88,2.88,2.88,2.88,100,2021-04-15 17:53:00,VIVE
2.87,2.87,2.87,2.87,425,2021-04-15 17:55:00,VIVE
2.85,2.85,2.85,2.85,600,2021-04-15 17:57:00,VIVE
2.8544,2.8544,2.8544,2.8544,175,2021-04-15 17:58:00,VIVE
2.84,2.84,2.84,2.84,100,2021-04-15 18:04:00,VIVE
2.89,2.89,2.89,2.89,250,2021-04-15 18:07:00,VIVE
2.87,2.87,2.87,2.87,4000,2021-04-15 18:08:00,VIVE
2.85,2.85,2.85,2.85,1368,2021-04-15 18:13:00,VIVE
2.8499,2.8499,2.84,2.84,400,2021-04-15 18:20:00,VIVE
2.8499,2.85,2.8499,2.85,840,2021-04-15 18:23:00,VIVE
2.8473,2.8473,2.8473,2.8473,350,2021-04-15 18:24:00,VIVE
2.84,2.84,2.84,2.84,2100,2021-04-15 18:25:00,VIVE
2.82,2.82,2.82,2.82,100,2021-04-15 18:28:00,VIVE
2.83,2.83,2.83,2.83,100,2021-04-15 18:29:00,VIVE
2.83,2.83,2.83,2.83,100,2021-04-15 18:33:00,VIVE
2.83,2.83,2.83,2.83,100,2021-04-15 18:36:00,VIVE
2.83,2.83,2.82,2.82,1300,2021-04-15 18:37:00,VIVE
2.82,2.82,2.82,2.82,200,2021-04-15 18:39:00,VIVE
2.829,2.829,2.829,2.829,1000,2021-04-15 18:41:00,VIVE
2.82,2.82,2.82,2.82,1200,2021-04-15 18:42:00,VIVE
2.82,2.82,2.82,2.82,150,2021-04-15 18:43:00,VIVE
2.8254,2.8299,2.8254,2.8299,450,2021-04-15 18:44:00,VIVE
2.8299,2.8299,2.82,2.82,200,2021-04-15 18:45:00,VIVE
2.81,2.82,2.81,2.82,200,2021-04-15 18:47:00,VIVE
2.83,2.83,2.81,2.81,600,2021-04-15 18:48:00,VIVE
2.82,2.82,2.82,2.82,100,2021-04-15 18:49:00,VIVE
2.81,2.81,2.81,2.81,500,2021-04-15 18:52:00,VIVE
2.828,2.83,2.828,2.83,500,2021-04-15 18:54:00,VIVE
2.82,2.82,2.82,2.82,100,2021-04-15 18:56:00,VIVE
2.82,2.82,2.82,2.82,3090,2021-04-15 19:04:00,VIVE
2.81,2.81,2.81,2.81,100,2021-04-15 19:05:00,VIVE
2.82,2.82,2.815,2.82,3211,2021-04-15 19:06:00,VIVE
2.81,2.81,2.81,2.81,2916,2021-04-15 19:08:00,VIVE
2.81,2.81,2.81,2.81,1400,2021-04-15 19:10:00,VIVE
2.81,2.81,2.81,2.81,100,2021-04-15 19:11:00,VIVE
2.81,2.81,2.81,2.81,1300,2021-04-15 19:13:00,VIVE
2.81,2.81,2.81,2.81,100,2021-04-15 19:15:00,VIVE
2.815,2.82,2.815,2.82,550,2021-04-15 19:17:00,VIVE
2.82,2.83,2.82,2.83,9000,2021-04-15 19:18:00,VIVE
2.8213,2.83,2.82,2.82,2708,2021-04-15 19:19:00,VIVE
2.82,2.82,2.82,2.82,1200,2021-04-15 19:23:00,VIVE
2.82,2.82,2.82,2.82,500,2021-04-15 19:24:00,VIVE
2.82,2.82,2.82,2.82,100,2021-04-15 19:28:00,VIVE
2.82,2.82,2.82,2.82,1180,2021-04-15 19:29:00,VIVE
2.825,2.825,2.825,2.825,500,2021-04-15 19:31:00,VIVE
2.8299,2.8299,2.8299,2.8299,500,2021-04-15 19:32:00,VIVE
2.83,2.83,2.83,2.83,3200,2021-04-15 19:37:00,VIVE
2.84,2.84,2.84,2.84,100,2021-04-15 19:38:00,VIVE
2.8399,2.8399,2.8399,2.8399,100,2021-04-15 19:39:00,VIVE
2.8221,2.85,2.8221,2.85,2082,2021-04-15 19:40:00,VIVE
2.8219,2.8219,2.8219,2.8219,250,2021-04-15 19:46:00,VIVE
2.822,2.822,2.82,2.82,4200,2021-04-15 19:47:00,VIVE
2.805,2.805,2.8,2.8,1100,2021-04-15 19:48:00,VIVE
2.81,2.82,2.81,2.81,1575,2021-04-15 19:49:00,VIVE
2.82,2.82,2.82,2.82,200,2021-04-15 19:50:00,VIVE
2.81,2.81,2.81,2.81,675,2021-04-15 19:51:00,VIVE
2.82,2.82,2.8,2.81,1000,2021-04-15 19:52:00,VIVE
2.82,2.82,2.81,2.81,200,2021-04-15 19:53:00,VIVE
2.81,2.83,2.81,2.83,7399,2021-04-15 19:54:00,VIVE
2.82,2.82,2.81,2.81,2481,2021-04-15 19:56:00,VIVE
2.81,2.81,2.8,2.805,4636,2021-04-15 19:57:00,VIVE
2.805,2.81,2.8,2.8,19245,2021-04-15 19:58:00,VIVE
2.79,2.7981,2.78,2.78,4109,2021-04-15 19:59:00,VIVE
2.78,2.78,2.78,2.78,1100,2021-04-15 20:00:00,VIVE
2.8,2.8,2.8,2.8,130,2021-04-15 20:07:00,VIVE
2.84,2.84,2.84,2.84,1000,2021-04-15 20:32:00,VIVE
2.84,2.84,2.84,2.84,100,2021-04-15 20:48:00,VIVE
2.78,2.78,2.78,2.78,1300,2021-04-15 20:56:00,VIVE
2.8396,2.8396,2.8396,2.8396,1000,2021-04-15 20:59:00,VIVE
2.78,2.78,2.78,2.78,280,2021-04-15 22:45:00,VIVE
2.78,2.78,2.78,2.78,500,2021-04-15 22:47:00,VIVE
2.8,2.8,2.8,2.8,500,2021-04-15 23:20:00,VIVE
2.82,2.82,2.82,2.82,157,2021-04-16 11:26:00,VIVE
2.83,2.83,2.83,2.83,843,2021-04-16 11:49:00,VIVE
2.83,2.83,2.83,2.83,1000,2021-04-16 12:09:00,VIVE
2.85,2.85,2.85,2.85,105,2021-04-16 12:20:00,VIVE
2.86,2.86,2.86,2.86,1000,2021-04-16 12:23:00,VIVE
2.83,2.83,2.83,2.83,230,2021-04-16 12:58:00,VIVE
2.8,2.84,2.8,2.815,4327,2021-04-16 13:30:00,VIVE
2.803,2.8155,2.803,2.8155,2866,2021-04-16 13:31:00,VIVE
2.8,2.8,2.7695,2.7695,12181,2021-04-16 13:32:00,VIVE
2.79,2.79,2.74,2.74,35145,2021-04-16 13:33:00,VIVE
2.76,2.78,2.72,2.78,8932,2021-04-16 13:34:00,VIVE
2.79,2.79,2.74,2.76,15100,2021-04-16 13:35:00,VIVE
2.72,2.7497,2.71,2.72,3229,2021-04-16 13:36:00,VIVE
2.7395,2.75,2.7209,2.7209,7800,2021-04-16 13:37:00,VIVE
2.75,2.75,2.75,2.75,900,2021-04-16 13:38:00,VIVE
2.7353,2.74,2.71,2.74,3350,2021-04-16 13:39:00,VIVE
2.7158,2.74,2.71,2.7115,2704,2021-04-16 13:41:00,VIVE
2.73,2.74,2.7,2.7,12171,2021-04-16 13:42:00,VIVE
2.69,2.6999,2.645,2.645,12987,2021-04-16 13:43:00,VIVE
2.65,2.69,2.6496,2.68,8800,2021-04-16 13:44:00,VIVE
2.65,2.6512,2.65,2.6512,6000,2021-04-16 13:45:00,VIVE
2.6501,2.6501,2.6501,2.6501,1000,2021-04-16 13:46:00,VIVE
2.6507,2.71,2.6507,2.71,1416,2021-04-16 13:47:00,VIVE
2.695,2.71,2.695,2.71,1013,2021-04-16 13:48:00,VIVE
2.71,2.71,2.71,2.71,100,2021-04-16 13:49:00,VIVE
2.71,2.72,2.7,2.72,2961,2021-04-16 13:50:00,VIVE
2.702,2.704,2.7,2.704,1014,2021-04-16 13:51:00,VIVE
2.68,2.69,2.67,2.68,800,2021-04-16 13:52:00,VIVE
2.665,2.68,2.66,2.68,3505,2021-04-16 13:53:00,VIVE
2.68,2.68,2.68,2.68,1846,2021-04-16 13:54:00,VIVE
2.66,2.66,2.65,2.65,9065,2021-04-16 13:55:00,VIVE
2.645,2.645,2.63,2.6337,1803,2021-04-16 13:56:00,VIVE
2.63,2.66,2.63,2.66,1245,2021-04-16 13:57:00,VIVE
2.65,2.65,2.64,2.64,2550,2021-04-16 13:58:00,VIVE
2.66,2.68,2.6401,2.68,4966,2021-04-16 13:59:00,VIVE
2.665,2.68,2.65,2.66,2585,2021-04-16 14:00:00,VIVE
2.66,2.66,2.64,2.65,2223,2021-04-16 14:02:00,VIVE
2.65,2.65,2.62,2.631,1090,2021-04-16 14:03:00,VIVE
2.65,2.66,2.64,2.64,4100,2021-04-16 14:04:00,VIVE
2.64,2.65,2.64,2.64,7740,2021-04-16 14:05:00,VIVE
2.6599,2.66,2.6599,2.66,289,2021-04-16 14:06:00,VIVE
2.6539,2.6539,2.6539,2.6539,100,2021-04-16 14:07:00,VIVE
2.65,2.67,2.65,2.67,400,2021-04-16 14:08:00,VIVE
2.66,2.68,2.66,2.665,2851,2021-04-16 14:09:00,VIVE
2.66,2.67,2.6403,2.644,4300,2021-04-16 14:10:00,VIVE
2.6401,2.66,2.6401,2.6513,2150,2021-04-16 14:11:00,VIVE
2.65,2.67,2.63,2.63,3949,2021-04-16 14:12:00,VIVE
2.6301,2.66,2.6301,2.66,500,2021-04-16 14:13:00,VIVE
2.66,2.66,2.65,2.65,1654,2021-04-16 14:14:00,VIVE
2.65,2.66,2.6425,2.66,1013,2021-04-16 14:15:00,VIVE
2.6508,2.6508,2.6508,2.6508,210,2021-04-16 14:17:00,VIVE
2.66,2.66,2.66,2.66,100,2021-04-16 14:18:00,VIVE
2.66,2.66,2.62,2.65,8231,2021-04-16 14:19:00,VIVE
2.6301,2.65,2.6301,2.65,1000,2021-04-16 14:20:00,VIVE
2.636,2.65,2.636,2.65,3700,2021-04-16 14:22:00,VIVE
2.64,2.65,2.64,2.6401,621,2021-04-16 14:23:00,VIVE
2.65,2.67,2.65,2.67,2418,2021-04-16 14:24:00,VIVE
2.67,2.67,2.6543,2.6543,317,2021-04-16 14:26:00,VIVE
2.67,2.68,2.67,2.68,2087,2021-04-16 14:27:00,VIVE
2.68,2.69,2.68,2.69,5091,2021-04-16 14:28:00,VIVE
2.6925,2.7,2.6925,2.7,10291,2021-04-16 14:30:00,VIVE
2.7,2.71,2.699,2.71,2800,2021-04-16 14:31:00,VIVE
2.706,2.71,2.706,2.71,1100,2021-04-16 14:32:00,VIVE
2.7,2.7,2.7,2.7,1100,2021-04-16 14:33:00,VIVE
2.7,2.7,2.695,2.7,500,2021-04-16 14:36:00,VIVE
2.7,2.7,2.7,2.7,200,2021-04-16 14:37:00,VIVE
2.7,2.71,2.7,2.71,1400,2021-04-16 14:38:00,VIVE
2.71,2.72,2.71,2.72,500,2021-04-16 14:39:00,VIVE
2.7,2.74,2.7,2.74,2764,2021-04-16 14:40:00,VIVE
2.7227,2.74,2.7227,2.74,3900,2021-04-16 14:41:00,VIVE
2.73,2.73,2.721,2.73,1662,2021-04-16 14:42:00,VIVE
2.73,2.73,2.73,2.73,1500,2021-04-16 14:43:00,VIVE
2.74,2.74,2.72,2.74,2200,2021-04-16 14:44:00,VIVE
2.74,2.74,2.73,2.73,300,2021-04-16 14:45:00,VIVE
2.74,2.74,2.7326,2.7399,5450,2021-04-16 14:46:00,VIVE
2.72,2.72,2.72,2.72,1400,2021-04-16 14:47:00,VIVE
2.71,2.71,2.7,2.7,730,2021-04-16 14:49:00,VIVE
2.7,2.7,2.69,2.69,850,2021-04-16 14:51:00,VIVE
2.6999,2.7,2.6999,2.7,330,2021-04-16 14:54:00,VIVE
2.7,2.7,2.7,2.7,360,2021-04-16 14:55:00,VIVE
2.7,2.7,2.7,2.7,640,2021-04-16 14:56:00,VIVE
2.7,2.7,2.7,2.7,150,2021-04-16 14:57:00,VIVE
2.6801,2.6801,2.6801,2.6801,412,2021-04-16 14:58:00,VIVE
2.68,2.68,2.66,2.66,1002,2021-04-16 15:02:00,VIVE
2.665,2.665,2.66,2.6638,3151,2021-04-16 15:03:00,VIVE
2.66,2.66,2.66,2.66,200,2021-04-16 15:05:00,VIVE
2.6601,2.6601,2.6601,2.6601,250,2021-04-16 15:07:00,VIVE
2.69,2.69,2.69,2.69,100,2021-04-16 15:09:00,VIVE
2.6985,2.6985,2.6985,2.6985,100,2021-04-16 15:10:00,VIVE
2.68,2.68,2.6719,2.6719,800,2021-04-16 15:11:00,VIVE
2.69,2.69,2.69,2.69,650,2021-04-16 15:12:00,VIVE
2.7,2.7,2.7,2.7,100,2021-04-16 15:13:00,VIVE
2.68,2.68,2.68,2.68,438,2021-04-16 15:14:00,VIVE
2.68,2.68,2.68,2.68,100,2021-04-16 15:16:00,VIVE
2.67,2.67,2.66,2.66,1140,2021-04-16 15:18:00,VIVE
2.67,2.67,2.67,2.67,476,2021-04-16 15:21:00,VIVE
2.68,2.68,2.68,2.68,100,2021-04-16 15:22:00,VIVE
2.6762,2.6762,2.6762,2.6762,800,2021-04-16 15:23:00,VIVE
2.6601,2.6601,2.6601,2.6601,4600,2021-04-16 15:25:00,VIVE
2.68,2.68,2.68,2.68,200,2021-04-16 15:26:00,VIVE
2.69,2.69,2.69,2.69,900,2021-04-16 15:27:00,VIVE
2.68,2.68,2.66,2.66,4631,2021-04-16 15:29:00,VIVE
2.6688,2.6688,2.6688,2.6688,500,2021-04-16 15:30:00,VIVE
2.67,2.68,2.67,2.67,339,2021-04-16 15:32:00,VIVE
2.66,2.66,2.66,2.66,3000,2021-04-16 15:33:00,VIVE
2.6602,2.6602,2.6602,2.6602,225,2021-04-16 15:36:00,VIVE
2.68,2.68,2.68,2.68,900,2021-04-16 15:37:00,VIVE
2.69,2.7,2.69,2.699,986,2021-04-16 15:40:00,VIVE
2.699,2.699,2.699,2.699,150,2021-04-16 15:41:00,VIVE
2.7,2.7,2.7,2.7,600,2021-04-16 15:42:00,VIVE
2.7,2.7,2.7,2.7,100,2021-04-16 15:43:00,VIVE
2.69,2.69,2.69,2.69,700,2021-04-16 15:44:00,VIVE
2.69,2.69,2.6802,2.6802,300,2021-04-16 15:45:00,VIVE
2.6701,2.6702,2.67,2.6702,1400,2021-04-16 15:46:00,VIVE
2.66,2.66,2.65,2.65,1660,2021-04-16 15:51:00,VIVE
2.6698,2.6698,2.6698,2.6698,103,2021-04-16 15:52:00,VIVE
2.6519,2.6519,2.6519,2.6519,1000,2021-04-16 15:54:00,VIVE
2.66,2.67,2.66,2.67,300,2021-04-16 15:55:00,VIVE
2.67,2.67,2.6601,2.6601,370,2021-04-16 15:56:00,VIVE
2.67,2.68,2.67,2.68,1525,2021-04-16 15:57:00,VIVE
2.68,2.68,2.68,2.68,100,2021-04-16 15:58:00,VIVE
2.68,2.68,2.68,2.68,300,2021-04-16 16:00:00,VIVE
2.68,2.68,2.68,2.68,300,2021-04-16 16:02:00,VIVE
2.68,2.68,2.6699,2.67,375,2021-04-16 16:03:00,VIVE
2.6601,2.6676,2.6601,2.6676,4460,2021-04-16 16:05:00,VIVE
2.6691,2.6691,2.6691,2.6691,142,2021-04-16 16:06:00,VIVE
2.67,2.67,2.6698,2.6699,6654,2021-04-16 16:07:00,VIVE
2.67,2.67,2.67,2.67,2370,2021-04-16 16:09:00,VIVE
2.66,2.66,2.6593,2.6593,2045,2021-04-16 16:12:00,VIVE
2.66,2.66,2.6595,2.66,1365,2021-04-16 16:14:00,VIVE
2.66,2.66,2.66,2.66,1000,2021-04-16 16:15:00,VIVE
2.6675,2.67,2.6675,2.67,450,2021-04-16 16:19:00,VIVE
2.665,2.665,2.665,2.665,181,2021-04-16 16:20:00,VIVE
2.67,2.67,2.67,2.67,100,2021-04-16 16:23:00,VIVE
2.68,2.68,2.68,2.68,200,2021-04-16 16:26:00,VIVE
2.67,2.67,2.67,2.67,1000,2021-04-16 16:27:00,VIVE
2.68,2.68,2.6799,2.6799,200,2021-04-16 16:29:00,VIVE
2.6626,2.6626,2.6626,2.6626,213,2021-04-16 16:30:00,VIVE
2.67,2.68,2.6682,2.68,1404,2021-04-16 16:32:00,VIVE
2.68,2.68,2.6799,2.68,5234,2021-04-16 16:37:00,VIVE
2.68,2.68,2.68,2.68,200,2021-04-16 16:38:00,VIVE
2.6793,2.6793,2.6793,2.6793,100,2021-04-16 16:41:00,VIVE
2.675,2.675,2.675,2.675,800,2021-04-16 16:43:00,VIVE
2.675,2.675,2.64,2.65,23765,2021-04-16 16:45:00,VIVE
2.655,2.66,2.655,2.66,500,2021-04-16 16:46:00,VIVE
2.66,2.67,2.66,2.67,200,2021-04-16 16:52:00,VIVE
2.67,2.67,2.67,2.67,300,2021-04-16 16:53:00,VIVE
2.67,2.67,2.66,2.67,510,2021-04-16 16:54:00,VIVE
2.67,2.67,2.67,2.67,400,2021-04-16 16:55:00,VIVE
2.67,2.67,2.67,2.67,200,2021-04-16 16:57:00,VIVE
2.67,2.67,2.67,2.67,100,2021-04-16 16:58:00,VIVE
2.67,2.67,2.67,2.67,100,2021-04-16 16:59:00,VIVE
2.67,2.67,2.67,2.67,2175,2021-04-16 17:00:00,VIVE
2.68,2.68,2.68,2.68,100,2021-04-16 17:01:00,VIVE
2.67,2.67,2.67,2.67,100,2021-04-16 17:02:00,VIVE
2.67,2.67,2.65,2.65,600,2021-04-16 17:03:00,VIVE
2.67,2.6726,2.67,2.6726,212,2021-04-16 17:05:00,VIVE
2.67,2.67,2.67,2.67,100,2021-04-16 17:06:00,VIVE
2.67,2.67,2.67,2.67,100,2021-04-16 17:08:00,VIVE
2.67,2.67,2.67,2.67,100,2021-04-16 17:11:00,VIVE
2.65,2.6583,2.65,2.6583,1176,2021-04-16 17:17:00,VIVE
2.6699,2.6699,2.6699,2.6699,200,2021-04-16 17:18:00,VIVE
2.6699,2.6699,2.6699,2.6699,150,2021-04-16 17:20:00,VIVE
2.67,2.67,2.67,2.67,300,2021-04-16 17:21:00,VIVE
2.6696,2.6696,2.6696,2.6696,112,2021-04-16 17:23:00,VIVE
2.6501,2.6501,2.6501,2.6501,200,2021-04-16 17:25:00,VIVE
2.66,2.66,2.66,2.66,500,2021-04-16 17:27:00,VIVE
2.6506,2.6506,2.6506,2.6506,600,2021-04-16 17:32:00,VIVE
2.6594,2.6594,2.6594,2.6594,239,2021-04-16 17:35:00,VIVE
2.6594,2.6594,2.6594,2.6594,300,2021-04-16 17:36:00,VIVE
2.67,2.67,2.6682,2.6682,1500,2021-04-16 17:37:00,VIVE
2.66,2.66,2.65,2.65,1200,2021-04-16 17:38:00,VIVE
2.6499,2.6499,2.6499,2.6499,1000,2021-04-16 17:41:00,VIVE
2.64,2.65,2.64,2.65,1085,2021-04-16 17:43:00,VIVE
2.6401,2.6401,2.6401,2.6401,200,2021-04-16 17:44:00,VIVE
2.65,2.66,2.65,2.66,200,2021-04-16 17:45:00,VIVE
2.6599,2.66,2.65,2.66,10985,2021-04-16 17:51:00,VIVE
2.66,2.66,2.66,2.66,500,2021-04-16 17:52:00,VIVE
2.6501,2.68,2.6501,2.68,2268,2021-04-16 17:53:00,VIVE
2.66,2.66,2.65,2.65,2092,2021-04-16 17:54:00,VIVE
2.6401,2.66,2.6401,2.66,800,2021-04-16 17:55:00,VIVE
2.6593,2.6593,2.6501,2.6501,350,2021-04-16 17:58:00,VIVE
2.6517,2.66,2.6517,2.66,202,2021-04-16 17:59:00,VIVE
2.66,2.66,2.66,2.66,100,2021-04-16 18:01:00,VIVE
2.66,2.66,2.66,2.66,480,2021-04-16 18:02:00,VIVE
2.67,2.68,2.67,2.68,400,2021-04-16 18:03:00,VIVE
2.68,2.68,2.68,2.68,200,2021-04-16 18:04:00,VIVE
2.68,2.68,2.66,2.68,800,2021-04-16 18:05:00,VIVE
2.68,2.68,2.68,2.68,200,2021-04-16 18:06:00,VIVE
2.68,2.68,2.68,2.68,100,2021-04-16 18:08:00,VIVE
2.68,2.68,2.68,2.68,100,2021-04-16 18:09:00,VIVE
2.6627,2.6627,2.66,2.66,1000,2021-04-16 18:10:00,VIVE
2.68,2.68,2.68,2.68,100,2021-04-16 18:11:00,VIVE
2.68,2.68,2.68,2.68,100,2021-04-16 18:13:00,VIVE
2.68,2.68,2.68,2.68,100,2021-04-16 18:15:00,VIVE
2.665,2.665,2.665,2.665,1500,2021-04-16 18:16:00,VIVE
2.67,2.67,2.67,2.67,200,2021-04-16 18:18:00,VIVE
2.67,2.67,2.67,2.67,100,2021-04-16 18:21:00,VIVE
2.67,2.67,2.67,2.67,600,2021-04-16 18:22:00,VIVE
2.6699,2.6699,2.6699,2.6699,500,2021-04-16 18:25:00,VIVE
2.67,2.67,2.66,2.661,919,2021-04-16 18:28:00,VIVE
2.665,2.665,2.65,2.65,1758,2021-04-16 18:29:00,VIVE
2.66,2.66,2.66,2.66,350,2021-04-16 18:30:00,VIVE
2.65,2.65,2.65,2.65,100,2021-04-16 18:31:00,VIVE
2.655,2.66,2.655,2.66,215,2021-04-16 18:32:00,VIVE
2.6501,2.6584,2.6501,2.6584,850,2021-04-16 18:34:00,VIVE
2.66,2.66,2.66,2.66,300,2021-04-16 18:36:00,VIVE
2.655,2.655,2.655,2.655,435,2021-04-16 18:37:00,VIVE
2.66,2.66,2.6518,2.6518,264,2021-04-16 18:39:00,VIVE
2.655,2.655,2.65,2.65,1350,2021-04-16 18:40:00,VIVE
2.64,2.64,2.64,2.64,1488,2021-04-16 18:41:00,VIVE
2.64,2.64,2.635,2.64,2400,2021-04-16 18:42:00,VIVE
2.64,2.65,2.64,2.65,400,2021-04-16 18:43:00,VIVE
2.65,2.65,2.64,2.648,2184,2021-04-16 18:45:00,VIVE
2.65,2.65,2.65,2.65,100,2021-04-16 18:46:00,VIVE
2.64,2.65,2.64,2.65,300,2021-04-16 18:47:00,VIVE
2.64,2.65,2.64,2.65,395,2021-04-16 18:48:00,VIVE
2.65,2.66,2.65,2.66,3900,2021-04-16 18:50:00,VIVE
2.66,2.66,2.66,2.66,200,2021-04-16 18:51:00,VIVE
2.66,2.66,2.66,2.66,100,2021-04-16 18:53:00,VIVE
2.6506,2.66,2.6506,2.66,1300,2021-04-16 18:55:00,VIVE
2.6514,2.6514,2.6514,2.6514,292,2021-04-16 18:56:00,VIVE
2.66,2.66,2.66,2.66,1901,2021-04-16 18:57:00,VIVE
2.66,2.66,2.66,2.66,200,2021-04-16 18:58:00,VIVE
2.66,2.66,2.66,2.66,300,2021-04-16 18:59:00,VIVE
2.66,2.66,2.66,2.66,100,2021-04-16 19:01:00,VIVE
2.65,2.66,2.65,2.66,1213,2021-04-16 19:02:00,VIVE
2.67,2.67,2.67,2.67,100,2021-04-16 19:03:00,VIVE
2.6515,2.6515,2.6515,2.6515,1395,2021-04-16 19:04:00,VIVE
2.66,2.66,2.66,2.66,1000,2021-04-16 19:05:00,VIVE
2.67,2.67,2.67,2.67,3300,2021-04-16 19:06:00,VIVE
2.67,2.68,2.67,2.68,1700,2021-04-16 19:07:00,VIVE
2.68,2.68,2.68,2.68,200,2021-04-16 19:09:00,VIVE
2.68,2.68,2.68,2.68,100,2021-04-16 19:10:00,VIVE
2.65,2.67,2.65,2.67,1500,2021-04-16 19:11:00,VIVE
2.68,2.68,2.68,2.68,100,2021-04-16 19:12:00,VIVE
2.68,2.68,2.68,2.68,200,2021-04-16 19:13:00,VIVE
2.68,2.68,2.68,2.68,200,2021-04-16 19:14:00,VIVE
2.68,2.68,2.68,2.68,200,2021-04-16 19:15:00,VIVE
2.68,2.68,2.68,2.68,200,2021-04-16 19:16:00,VIVE
2.68,2.68,2.68,2.68,200,2021-04-16 19:17:00,VIVE
2.68,2.68,2.68,2.68,100,2021-04-16 19:18:00,VIVE
2.68,2.68,2.68,2.68,200,2021-04-16 19:19:00,VIVE
2.68,2.68,2.68,2.68,200,2021-04-16 19:20:00,VIVE
2.68,2.68,2.68,2.68,400,2021-04-16 19:22:00,VIVE
2.68,2.68,2.68,2.68,100,2021-04-16 19:23:00,VIVE
2.67,2.68,2.67,2.68,1208,2021-04-16 19:24:00,VIVE
2.68,2.68,2.68,2.68,100,2021-04-16 19:25:00,VIVE
2.68,2.68,2.6799,2.68,400,2021-04-16 19:27:00,VIVE
2.6799,2.6799,2.65,2.67,900,2021-04-16 19:29:00,VIVE
2.67,2.67,2.67,2.67,700,2021-04-16 19:32:00,VIVE
2.67,2.67,2.6699,2.67,4000,2021-04-16 19:33:00,VIVE
2.664,2.67,2.664,2.67,2000,2021-04-16 19:34:00,VIVE
2.67,2.67,2.67,2.67,100,2021-04-16 19:35:00,VIVE
2.66,2.664,2.66,2.664,400,2021-04-16 19:36:00,VIVE
2.65,2.68,2.65,2.68,4719,2021-04-16 19:38:00,VIVE
2.67,2.67,2.67,2.67,400,2021-04-16 19:39:00,VIVE
2.672,2.672,2.672,2.672,148,2021-04-16 19:41:00,VIVE
2.6777,2.68,2.6777,2.68,1100,2021-04-16 19:42:00,VIVE
2.68,2.68,2.67,2.6701,2100,2021-04-16 19:44:00,VIVE
2.675,2.6799,2.675,2.6799,300,2021-04-16 19:45:00,VIVE
2.68,2.68,2.67,2.68,775,2021-04-16 19:46:00,VIVE
2.675,2.68,2.675,2.68,600,2021-04-16 19:47:00,VIVE
2.68,2.68,2.6738,2.6738,550,2021-04-16 19:48:00,VIVE
2.69,2.69,2.69,2.69,600,2021-04-16 19:49:00,VIVE
2.68,2.69,2.68,2.69,3100,2021-04-16 19:50:00,VIVE
2.69,2.69,2.69,2.69,200,2021-04-16 19:51:00,VIVE
2.685,2.69,2.685,2.69,804,2021-04-16 19:52:00,VIVE
2.685,2.685,2.68,2.68,7100,2021-04-16 19:53:00,VIVE
2.69,2.69,2.66,2.66,1090,2021-04-16 19:54:00,VIVE
2.65,2.65,2.65,2.65,300,2021-04-16 19:55:00,VIVE
2.65,2.6502,2.64,2.64,706,2021-04-16 19:56:00,VIVE
2.633,2.64,2.63,2.64,2900,2021-04-16 19:57:00,VIVE
2.64,2.68,2.64,2.65,11621,2021-04-16 19:58:00,VIVE
2.64,2.66,2.62,2.63,14661,2021-04-16 19:59:00,VIVE
2.63,2.63,2.63,2.63,8319,2021-04-16 20:00:00,VIVE
2.63,2.63,2.63,2.63,850,2021-04-16 20:39:00,VIVE
2.63,2.63,2.63,2.63,100,2021-04-16 21:10:00,VIVE
2.65,2.65,2.65,2.65,200,2021-04-16 21:13:00,VIVE
2.65,2.65,2.65,2.65,100,2021-04-16 21:19:00,VIVE
2.65,2.65,2.65,2.65,100,2021-04-16 21:20:00,VIVE
2.65,2.65,2.65,2.65,160,2021-04-16 21:31:00,VIVE
2.65,2.65,2.65,2.65,3533,2021-04-16 21:36:00,VIVE
2.65,2.65,2.65,2.65,230,2021-04-16 21:50:00,VIVE
2.63,2.63,2.63,2.63,188,2021-04-16 22:26:00,VIVE
2.65,2.65,2.65,2.65,8653,2021-04-16 23:41:00,VIVE
2.63,2.63,2.62,2.62,300,2021-04-16 23:50:00,VIVE
2.61,2.61,2.61,2.61,1270,2021-04-16 23:52:00,VIVE
2.6,2.6,2.5,2.51,5565,2021-04-16 23:55:00,VIVE
2.51,2.51,2.51,2.51,1586,2021-04-16 23:59:00,VIVE
2.62,2.62,2.62,2.62,100,2021-04-19 12:05:00,VIVE
2.6,2.6,2.6,2.6,210,2021-04-19 13:05:00,VIVE
2.6,2.6,2.6,2.6,250,2021-04-19 13:09:00,VIVE
2.6,2.6,2.6,2.6,200,2021-04-19 13:12:00,VIVE
2.59,2.59,2.59,2.59,1000,2021-04-19 13:14:00,VIVE
2.59,2.59,2.59,2.59,1000,2021-04-19 13:18:00,VIVE
2.6,2.6,2.6,2.6,1256,2021-04-19 13:22:00,VIVE
2.62,2.7,2.62,2.7,2161,2021-04-19 13:27:00,VIVE
2.7,2.72,2.7,2.72,2000,2021-04-19 13:28:00,VIVE
2.7,2.7,2.7,2.7,300,2021-04-19 13:29:00,VIVE
2.67,2.67,2.67,2.67,4256,2021-04-19 13:30:00,VIVE
2.64,2.67,2.64,2.67,355,2021-04-19 13:31:00,VIVE
2.6423,2.67,2.64,2.65,2893,2021-04-19 13:32:00,VIVE
2.643,2.65,2.64,2.64,1000,2021-04-19 13:33:00,VIVE
2.64,2.64,2.64,2.64,200,2021-04-19 13:34:00,VIVE
2.6499,2.65,2.61,2.64,2352,2021-04-19 13:35:00,VIVE
2.64,2.65,2.64,2.65,1498,2021-04-19 13:36:00,VIVE
2.64,2.67,2.64,2.66,2701,2021-04-19 13:38:00,VIVE
2.64,2.6453,2.64,2.6453,990,2021-04-19 13:39:00,VIVE
2.64,2.649,2.64,2.645,2432,2021-04-19 13:40:00,VIVE
2.65,2.65,2.649,2.649,900,2021-04-19 13:41:00,VIVE
2.65,2.67,2.65,2.67,2990,2021-04-19 13:42:00,VIVE
2.66,2.68,2.66,2.68,1700,2021-04-19 13:43:00,VIVE
2.7,2.71,2.679,2.71,3150,2021-04-19 13:44:00,VIVE
2.7,2.7,2.695,2.695,1709,2021-04-19 13:45:00,VIVE
2.695,2.695,2.695,2.695,1085,2021-04-19 13:46:00,VIVE
2.69,2.72,2.6871,2.6871,1393,2021-04-19 13:47:00,VIVE
2.7,2.73,2.7,2.73,610,2021-04-19 13:48:00,VIVE
2.6954,2.6954,2.6954,2.6954,2000,2021-04-19 13:49:00,VIVE
2.7,2.7,2.6471,2.6471,3711,2021-04-19 13:50:00,VIVE
2.6677,2.7,2.6677,2.7,2186,2021-04-19 13:51:00,VIVE
2.7,2.7,2.65,2.65,1205,2021-04-19 13:53:00,VIVE
2.68,2.68,2.68,2.68,100,2021-04-19 13:55:00,VIVE
2.68,2.68,2.68,2.68,120,2021-04-19 13:56:00,VIVE
2.65,2.6599,2.645,2.6599,2387,2021-04-19 13:58:00,VIVE
2.66,2.66,2.6413,2.6413,676,2021-04-19 13:59:00,VIVE
2.65,2.67,2.6419,2.67,2658,2021-04-19 14:00:00,VIVE
2.6517,2.67,2.6517,2.67,374,2021-04-19 14:01:00,VIVE
2.6501,2.67,2.6501,2.67,1300,2021-04-19 14:02:00,VIVE
2.66,2.66,2.66,2.66,102,2021-04-19 14:03:00,VIVE
2.67,2.67,2.67,2.67,200,2021-04-19 14:04:00,VIVE
2.67,2.67,2.67,2.67,100,2021-04-19 14:05:00,VIVE
2.67,2.67,2.67,2.67,300,2021-04-19 14:06:00,VIVE
2.67,2.67,2.67,2.67,100,2021-04-19 14:08:00,VIVE
2.66,2.66,2.65,2.6597,4293,2021-04-19 14:09:00,VIVE
2.69,2.69,2.69,2.69,200,2021-04-19 14:10:00,VIVE
2.69,2.69,2.65,2.65,5709,2021-04-19 14:11:00,VIVE
2.69,2.69,2.69,2.69,450,2021-04-19 14:14:00,VIVE
2.69,2.69,2.69,2.69,100,2021-04-19 14:15:00,VIVE
2.69,2.71,2.69,2.71,483,2021-04-19 14:16:00,VIVE
2.706,2.706,2.706,2.706,300,2021-04-19 14:17:00,VIVE
2.71,2.71,2.71,2.71,100,2021-04-19 14:19:00,VIVE
2.71,2.71,2.71,2.71,100,2021-04-19 14:20:00,VIVE
2.71,2.71,2.71,2.71,100,2021-04-19 14:21:00,VIVE
2.7,2.7,2.66,2.6699,785,2021-04-19 14:23:00,VIVE
2.6516,2.6516,2.63,2.6515,1150,2021-04-19 14:31:00,VIVE
2.6667,2.6667,2.6667,2.6667,545,2021-04-19 14:32:00,VIVE
2.6361,2.6361,2.6361,2.6361,135,2021-04-19 14:33:00,VIVE
2.656,2.656,2.656,2.656,100,2021-04-19 14:34:00,VIVE
2.66,2.66,2.66,2.66,200,2021-04-19 14:37:00,VIVE
2.65,2.65,2.65,2.65,600,2021-04-19 14:39:00,VIVE
2.65,2.65,2.6406,2.6406,600,2021-04-19 14:44:00,VIVE
2.64,2.64,2.61,2.61,1592,2021-04-19 14:46:00,VIVE
2.6356,2.6356,2.6356,2.6356,178,2021-04-19 14:49:00,VIVE
2.625,2.625,2.625,2.625,300,2021-04-19 14:55:00,VIVE
2.61,2.61,2.61,2.61,100,2021-04-19 14:57:00,VIVE
2.61,2.61,2.61,2.61,550,2021-04-19 15:00:00,VIVE
2.6101,2.63,2.6101,2.63,540,2021-04-19 15:01:00,VIVE
2.63,2.6302,2.63,2.6302,1100,2021-04-19 15:02:00,VIVE
2.6207,2.6207,2.61,2.62,2511,2021-04-19 15:04:00,VIVE
2.61,2.61,2.61,2.61,500,2021-04-19 15:07:00,VIVE
2.65,2.65,2.65,2.65,638,2021-04-19 15:08:00,VIVE
2.655,2.655,2.655,2.655,100,2021-04-19 15:12:00,VIVE
2.65,2.65,2.65,2.65,100,2021-04-19 15:13:00,VIVE
2.645,2.65,2.64,2.65,916,2021-04-19 15:16:00,VIVE
2.64,2.64,2.62,2.62,900,2021-04-19 15:19:00,VIVE
2.6238,2.6238,2.6238,2.6238,200,2021-04-19 15:20:00,VIVE
2.65,2.65,2.65,2.65,300,2021-04-19 15:22:00,VIVE
2.65,2.65,2.65,2.65,890,2021-04-19 15:23:00,VIVE
2.63,2.63,2.63,2.63,500,2021-04-19 15:24:00,VIVE
2.63,2.63,2.63,2.63,390,2021-04-19 15:25:00,VIVE
2.63,2.64,2.63,2.64,225,2021-04-19 15:27:00,VIVE
2.63,2.65,2.63,2.65,600,2021-04-19 15:28:00,VIVE
2.63,2.6304,2.59,2.59,9078,2021-04-19 15:33:00,VIVE
2.6,2.64,2.6,2.64,398,2021-04-19 15:34:00,VIVE
2.626,2.626,2.61,2.61,1922,2021-04-19 15:37:00,VIVE
2.61,2.6115,2.57,2.61,29740,2021-04-19 15:40:00,VIVE
2.61,2.61,2.61,2.61,350,2021-04-19 15:41:00,VIVE
2.6001,2.6001,2.6001,2.6001,100,2021-04-19 15:42:00,VIVE
2.6091,2.61,2.6091,2.61,400,2021-04-19 15:44:00,VIVE
2.6,2.6033,2.6,2.6033,6122,2021-04-19 15:45:00,VIVE
2.595,2.595,2.595,2.595,500,2021-04-19 15:46:00,VIVE
2.6,2.6,2.6,2.6,100,2021-04-19 15:48:00,VIVE
2.6,2.6,2.6,2.6,600,2021-04-19 15:51:00,VIVE
2.61,2.61,2.61,2.61,100,2021-04-19 15:54:00,VIVE
2.61,2.61,2.61,2.61,313,2021-04-19 15:56:00,VIVE
2.62,2.62,2.6001,2.62,2000,2021-04-19 15:57:00,VIVE
2.62,2.62,2.6,2.6,3849,2021-04-19 15:58:00,VIVE
2.6021,2.6021,2.57,2.57,4622,2021-04-19 15:59:00,VIVE
2.57,2.57,2.57,2.57,463,2021-04-19 16:00:00,VIVE
2.5727,2.5991,2.57,2.5991,2000,2021-04-19 16:01:00,VIVE
2.5991,2.5991,2.5991,2.5991,100,2021-04-19 16:04:00,VIVE
2.6,2.6,2.6,2.6,100,2021-04-19 16:07:00,VIVE
2.6,2.6,2.6,2.6,100,2021-04-19 16:08:00,VIVE
2.6,2.6,2.6,2.6,100,2021-04-19 16:09:00,VIVE
2.5701,2.5701,2.5701,2.5701,5000,2021-04-19 16:10:00,VIVE
2.6,2.6,2.59,2.59,400,2021-04-19 16:11:00,VIVE
2.6,2.6,2.6,2.6,200,2021-04-19 16:12:00,VIVE
2.5763,2.6,2.5763,2.6,397,2021-04-19 16:13:00,VIVE
2.6,2.6,2.6,2.6,400,2021-04-19 16:14:00,VIVE
2.57,2.6,2.57,2.6,950,2021-04-19 16:15:00,VIVE
2.6,2.6,2.6,2.6,200,2021-04-19 16:16:00,VIVE
2.6,2.6,2.6,2.6,400,2021-04-19 16:17:00,VIVE
2.6,2.6,2.6,2.6,100,2021-04-19 16:18:00,VIVE
2.6,2.6,2.6,2.6,200,2021-04-19 16:19:00,VIVE
2.6,2.6,2.6,2.6,200,2021-04-19 16:20:00,VIVE
2.6,2.6,2.6,2.6,200,2021-04-19 16:22:00,VIVE
2.6,2.6,2.6,2.6,400,2021-04-19 16:24:00,VIVE
2.595,2.6,2.595,2.6,400,2021-04-19 16:25:00,VIVE
2.59,2.59,2.59,2.59,200,2021-04-19 16:26:00,VIVE
2.6,2.6,2.59,2.59,1429,2021-04-19 16:27:00,VIVE
2.57,2.57,2.565,2.565,5775,2021-04-19 16:32:00,VIVE
2.57,2.57,2.57,2.57,200,2021-04-19 16:33:00,VIVE
2.58,2.59,2.58,2.59,1371,2021-04-19 16:34:00,VIVE
2.5723,2.5723,2.5723,2.5723,282,2021-04-19 16:35:00,VIVE
2.5731,2.5731,2.5731,2.5731,102,2021-04-19 16:38:00,VIVE
2.59,2.59,2.59,2.59,100,2021-04-19 16:39:00,VIVE
2.59,2.59,2.59,2.59,100,2021-04-19 16:40:00,VIVE
2.59,2.59,2.58,2.58,881,2021-04-19 16:41:00,VIVE
2.59,2.59,2.59,2.59,100,2021-04-19 16:42:00,VIVE
2.59,2.59,2.576,2.576,300,2021-04-19 16:43:00,VIVE
2.59,2.59,2.59,2.59,200,2021-04-19 16:44:00,VIVE
2.57,2.5783,2.57,2.5783,200,2021-04-19 16:45:00,VIVE
2.59,2.59,2.59,2.59,100,2021-04-19 16:46:00,VIVE
2.59,2.59,2.59,2.59,100,2021-04-19 16:47:00,VIVE
2.59,2.59,2.59,2.59,100,2021-04-19 16:49:00,VIVE
2.5719,2.5719,2.5719,2.5719,1000,2021-04-19 16:50:00,VIVE
2.59,2.59,2.59,2.59,100,2021-04-19 16:52:00,VIVE
2.59,2.59,2.59,2.59,100,2021-04-19 16:53:00,VIVE
2.57,2.57,2.57,2.57,277,2021-04-19 16:57:00,VIVE
2.59,2.59,2.59,2.59,100,2021-04-19 16:58:00,VIVE
2.5884,2.5884,2.5884,2.5884,1000,2021-04-19 17:00:00,VIVE
2.5895,2.5895,2.5895,2.5895,200,2021-04-19 17:02:00,VIVE
2.59,2.59,2.59,2.59,100,2021-04-19 17:03:00,VIVE
2.59,2.59,2.58,2.58,550,2021-04-19 17:04:00,VIVE
2.59,2.59,2.59,2.59,100,2021-04-19 17:13:00,VIVE
2.58,2.5841,2.58,2.5841,2530,2021-04-19 17:20:00,VIVE
2.5701,2.5701,2.5701,2.5701,400,2021-04-19 17:21:00,VIVE
2.57,2.5701,2.57,2.57,2455,2021-04-19 17:22:00,VIVE
2.58,2.58,2.58,2.58,150,2021-04-19 17:24:00,VIVE
2.57,2.57,2.57,2.57,700,2021-04-19 17:28:00,VIVE
2.563,2.563,2.563,2.563,500,2021-04-19 17:37:00,VIVE
2.57,2.57,2.565,2.565,1694,2021-04-19 17:38:00,VIVE
2.58,2.58,2.58,2.58,100,2021-04-19 17:40:00,VIVE
2.58,2.58,2.56,2.56,300,2021-04-19 17:42:00,VIVE
2.59,2.59,2.59,2.59,100,2021-04-19 17:44:00,VIVE
2.59,2.59,2.59,2.59,100,2021-04-19 17:46:00,VIVE
2.59,2.59,2.59,2.59,100,2021-04-19 17:48:00,VIVE
2.57,2.57,2.57,2.57,102,2021-04-19 17:50:00,VIVE
2.57,2.59,2.565,2.59,1742,2021-04-19 17:51:00,VIVE
2.59,2.59,2.59,2.59,400,2021-04-19 17:52:00,VIVE
2.575,2.575,2.575,2.575,100,2021-04-19 17:53:00,VIVE
2.59,2.59,2.59,2.59,102,2021-04-19 17:55:00,VIVE
2.59,2.59,2.59,2.59,100,2021-04-19 17:56:00,VIVE
2.5757,2.5757,2.5757,2.5757,100,2021-04-19 17:57:00,VIVE
2.5867,2.59,2.5867,2.59,500,2021-04-19 17:59:00,VIVE
2.59,2.59,2.59,2.59,100,2021-04-19 18:02:00,VIVE
2.59,2.59,2.59,2.59,200,2021-04-19 18:08:00,VIVE
2.59,2.59,2.59,2.59,900,2021-04-19 18:09:00,VIVE
2.59,2.59,2.59,2.59,100,2021-04-19 18:13:00,VIVE
2.585,2.585,2.57,2.57,2475,2021-04-19 18:16:00,VIVE
2.57,2.5727,2.57,2.57,1375,2021-04-19 18:19:00,VIVE
2.59,2.59,2.59,2.59,2000,2021-04-19 18:20:00,VIVE
2.59,2.59,2.59,2.59,742,2021-04-19 18:26:00,VIVE
2.59,2.59,2.59,2.59,371,2021-04-19 18:27:00,VIVE
2.5999,2.5999,2.59,2.59,216,2021-04-19 18:28:00,VIVE
2.59,2.6,2.59,2.6,200,2021-04-19 18:29:00,VIVE
2.6,2.6,2.6,2.6,940,2021-04-19 18:30:00,VIVE
2.6,2.6,2.6,2.6,100,2021-04-19 18:31:00,VIVE
2.6,2.6,2.6,2.6,400,2021-04-19 18:32:00,VIVE
2.6,2.62,2.6,2.62,1100,2021-04-19 18:34:00,VIVE
2.61,2.61,2.61,2.61,200,2021-04-19 18:35:00,VIVE
2.61,2.61,2.6073,2.61,3433,2021-04-19 18:37:00,VIVE
2.61,2.61,2.61,2.61,200,2021-04-19 18:38:00,VIVE
2.59,2.59,2.59,2.59,100,2021-04-19 18:39:00,VIVE
2.61,2.61,2.61,2.61,100,2021-04-19 18:40:00,VIVE
2.61,2.61,2.61,2.61,200,2021-04-19 18:41:00,VIVE
2.61,2.62,2.61,2.62,2803,2021-04-19 18:43:00,VIVE
2.62,2.62,2.6199,2.6199,980,2021-04-19 18:44:00,VIVE
2.62,2.62,2.6,2.62,1807,2021-04-19 18:45:00,VIVE
2.62,2.63,2.62,2.63,914,2021-04-19 18:46:00,VIVE
2.63,2.64,2.63,2.64,200,2021-04-19 18:47:00,VIVE
2.64,2.64,2.6227,2.6227,225,2021-04-19 18:48:00,VIVE
2.64,2.64,2.64,2.64,100,2021-04-19 18:49:00,VIVE
2.64,2.64,2.64,2.64,320,2021-04-19 18:50:00,VIVE
2.64,2.64,2.64,2.64,1500,2021-04-19 18:51:00,VIVE
2.64,2.64,2.64,2.64,300,2021-04-19 18:52:00,VIVE
2.64,2.64,2.6206,2.64,1400,2021-04-19 18:53:00,VIVE
2.64,2.64,2.63,2.64,1200,2021-04-19 18:54:00,VIVE
2.6342,2.64,2.6342,2.64,600,2021-04-19 18:55:00,VIVE
2.625,2.625,2.6,2.6,4350,2021-04-19 18:56:00,VIVE
2.63,2.63,2.63,2.63,1000,2021-04-19 18:57:00,VIVE
2.615,2.615,2.615,2.615,100,2021-04-19 18:59:00,VIVE
2.63,2.63,2.63,2.63,100,2021-04-19 19:04:00,VIVE
2.63,2.63,2.63,2.63,300,2021-04-19 19:05:00,VIVE
2.62,2.63,2.62,2.63,300,2021-04-19 19:06:00,VIVE
2.63,2.63,2.6,2.6,1000,2021-04-19 19:07:00,VIVE
2.62,2.62,2.6014,2.6014,1100,2021-04-19 19:13:00,VIVE
2.62,2.62,2.62,2.62,100,2021-04-19 19:14:00,VIVE
2.62,2.62,2.62,2.62,100,2021-04-19 19:16:00,VIVE
2.6185,2.62,2.6185,2.62,223,2021-04-19 19:17:00,VIVE
2.62,2.62,2.62,2.62,100,2021-04-19 19:18:00,VIVE
2.62,2.62,2.62,2.62,100,2021-04-19 19:19:00,VIVE
2.62,2.62,2.62,2.62,100,2021-04-19 19:21:00,VIVE
2.62,2.62,2.62,2.62,100,2021-04-19 19:24:00,VIVE
2.62,2.62,2.62,2.62,100,2021-04-19 19:25:00,VIVE
2.62,2.62,2.62,2.62,100,2021-04-19 19:26:00,VIVE
2.62,2.62,2.62,2.62,100,2021-04-19 19:31:00,VIVE
2.61,2.61,2.61,2.61,600,2021-04-19 19:34:00,VIVE
2.61,2.61,2.61,2.61,100,2021-04-19 19:44:00,VIVE
2.605,2.61,2.605,2.61,200,2021-04-19 19:46:00,VIVE
2.61,2.61,2.61,2.61,200,2021-04-19 19:48:00,VIVE
2.61,2.61,2.61,2.61,100,2021-04-19 19:49:00,VIVE
2.61,2.61,2.605,2.61,1600,2021-04-19 19:50:00,VIVE
2.61,2.62,2.605,2.62,900,2021-04-19 19:52:00,VIVE
2.6199,2.62,2.6,2.61,1500,2021-04-19 19:53:00,VIVE
2.6,2.6,2.58,2.58,400,2021-04-19 19:55:00,VIVE
2.58,2.58,2.58,2.58,300,2021-04-19 19:57:00,VIVE
2.57,2.57,2.57,2.57,100,2021-04-19 19:58:00,VIVE
2.58,2.58,2.57,2.58,2511,2021-04-19 19:59:00,VIVE
2.56,2.56,2.56,2.56,2652,2021-04-19 20:00:00,VIVE
2.57,2.57,2.57,2.57,334,2021-04-19 20:06:00,VIVE
2.56,2.56,2.56,2.56,450,2021-04-19 20:10:00,VIVE
2.56,2.56,2.55,2.55,394,2021-04-19 20:11:00,VIVE
2.6,2.6,2.6,2.6,199,2021-04-19 21:31:00,VIVE
2.56,2.56,2.56,2.56,163,2021-04-19 21:41:00,VIVE
2.58,2.58,2.58,2.58,301,2021-04-19 23:31:00,VIVE
2.52,2.52,2.52,2.52,400,2021-04-20 08:48:00,VIVE
2.52,2.52,2.52,2.52,238,2021-04-20 10:28:00,VIVE
2.52,2.52,2.52,2.52,200,2021-04-20 10:51:00,VIVE
2.52,2.52,2.52,2.52,100,2021-04-20 11:06:00,VIVE
2.6,2.6,2.6,2.6,200,2021-04-20 13:04:00,VIVE
2.55,2.55,2.54,2.55,9565,2021-04-20 13:30:00,VIVE
2.53,2.55,2.53,2.55,2905,2021-04-20 13:31:00,VIVE
2.55,2.55,2.55,2.55,853,2021-04-20 13:33:00,VIVE
2.55,2.55,2.55,2.55,200,2021-04-20 13:35:00,VIVE
2.545,2.56,2.545,2.56,4572,2021-04-20 13:36:00,VIVE
2.56,2.58,2.56,2.5657,1871,2021-04-20 13:37:00,VIVE
2.57,2.58,2.57,2.58,460,2021-04-20 13:38:00,VIVE
2.58,2.59,2.58,2.59,1049,2021-04-20 13:39:00,VIVE
2.6,2.6,2.6,2.6,100,2021-04-20 13:43:00,VIVE
2.5908,2.5908,2.5908,2.5908,304,2021-04-20 13:45:00,VIVE
2.58,2.58,2.58,2.58,500,2021-04-20 13:46:00,VIVE
2.5714,2.5714,2.5714,2.5714,131,2021-04-20 13:47:00,VIVE
2.58,2.6,2.58,2.5982,2181,2021-04-20 13:48:00,VIVE
2.5886,2.5886,2.5886,2.5886,250,2021-04-20 13:49:00,VIVE
2.5839,2.59,2.5801,2.59,2100,2021-04-20 13:51:00,VIVE
2.58,2.58,2.57,2.57,1778,2021-04-20 13:52:00,VIVE
2.58,2.58,2.58,2.58,100,2021-04-20 13:53:00,VIVE
2.58,2.58,2.55,2.55,9177,2021-04-20 13:56:00,VIVE
2.58,2.58,2.58,2.58,243,2021-04-20 13:59:00,VIVE
2.58,2.58,2.58,2.58,1561,2021-04-20 14:02:00,VIVE
2.58,2.58,2.56,2.57,2200,2021-04-20 14:03:00,VIVE
2.57,2.57,2.56,2.56,800,2021-04-20 14:04:00,VIVE
2.555,2.555,2.555,2.555,100,2021-04-20 14:11:00,VIVE
2.555,2.555,2.555,2.555,1462,2021-04-20 14:12:00,VIVE
2.55,2.56,2.55,2.56,2150,2021-04-20 14:14:00,VIVE
2.533,2.56,2.533,2.56,1160,2021-04-20 14:16:00,VIVE
2.545,2.545,2.545,2.545,100,2021-04-20 14:23:00,VIVE
2.53,2.5499,2.52,2.5499,5000,2021-04-20 14:25:00,VIVE
2.55,2.55,2.55,2.55,200,2021-04-20 14:28:00,VIVE
2.55,2.55,2.55,2.55,100,2021-04-20 14:33:00,VIVE
2.54,2.54,2.54,2.54,4000,2021-04-20 14:34:00,VIVE
2.55,2.55,2.55,2.55,100,2021-04-20 14:35:00,VIVE
2.54,2.54,2.535,2.535,700,2021-04-20 14:37:00,VIVE
2.5345,2.5345,2.5345,2.5345,1095,2021-04-20 14:38:00,VIVE
2.53,2.5341,2.53,2.5341,1219,2021-04-20 14:39:00,VIVE
2.525,2.525,2.525,2.525,100,2021-04-20 14:40:00,VIVE
2.51,2.515,2.495,2.495,41136,2021-04-20 14:41:00,VIVE
2.48,2.49,2.467,2.467,3079,2021-04-20 14:42:00,VIVE
2.46,2.46,2.46,2.46,600,2021-04-20 14:43:00,VIVE
2.47,2.47,2.46,2.466,3508,2021-04-20 14:44:00,VIVE
2.46,2.47,2.46,2.4601,4551,2021-04-20 14:45:00,VIVE
2.465,2.465,2.43,2.45,13653,2021-04-20 14:46:00,VIVE
2.45,2.5,2.45,2.5,5851,2021-04-20 14:47:00,VIVE
2.5195,2.5195,2.49,2.49,3896,2021-04-20 14:48:00,VIVE
2.5,2.5,2.4901,2.4901,671,2021-04-20 14:49:00,VIVE
2.4908,2.4908,2.4908,2.4908,188,2021-04-20 14:52:00,VIVE
2.49,2.49,2.49,2.49,100,2021-04-20 14:53:00,VIVE
2.495,2.495,2.495,2.495,100,2021-04-20 14:54:00,VIVE
2.495,2.495,2.495,2.495,100,2021-04-20 14:55:00,VIVE
2.5,2.5,2.5,2.5,100,2021-04-20 14:56:00,VIVE
2.5,2.54,2.5,2.54,900,2021-04-20 14:57:00,VIVE
2.53,2.53,2.5105,2.5105,400,2021-04-20 14:58:00,VIVE
2.53,2.53,2.53,2.53,300,2021-04-20 14:59:00,VIVE
2.53,2.53,2.53,2.53,100,2021-04-20 15:00:00,VIVE
2.53,2.54,2.53,2.54,348,2021-04-20 15:01:00,VIVE
2.54,2.54,2.54,2.54,100,2021-04-20 15:02:00,VIVE
2.54,2.54,2.54,2.54,100,2021-04-20 15:03:00,VIVE
2.5386,2.54,2.5386,2.54,305,2021-04-20 15:04:00,VIVE
2.54,2.54,2.54,2.54,100,2021-04-20 15:05:00,VIVE
2.54,2.54,2.54,2.54,100,2021-04-20 15:06:00,VIVE
2.54,2.54,2.5307,2.5307,247,2021-04-20 15:08:00,VIVE
2.5309,2.5309,2.5309,2.5309,100,2021-04-20 15:09:00,VIVE
2.53,2.53,2.51,2.51,1008,2021-04-20 15:10:00,VIVE
2.53,2.53,2.53,2.53,100,2021-04-20 15:11:00,VIVE
2.5,2.5,2.5,2.5,111,2021-04-20 15:12:00,VIVE
2.52,2.52,2.52,2.52,100,2021-04-20 15:14:00,VIVE
2.52,2.52,2.52,2.52,300,2021-04-20 15:15:00,VIVE
2.49,2.49,2.49,2.49,100,2021-04-20 15:18:00,VIVE
2.4801,2.4801,2.4801,2.4801,3000,2021-04-20 15:19:00,VIVE
2.485,2.485,2.485,2.485,300,2021-04-20 15:20:00,VIVE
2.48,2.48,2.47,2.47,2704,2021-04-20 15:21:00,VIVE
2.47,2.47,2.46,2.47,3260,2021-04-20 15:25:00,VIVE
2.47,2.4999,2.47,2.4999,2543,2021-04-20 15:26:00,VIVE
2.49,2.5,2.49,2.5,350,2021-04-20 15:28:00,VIVE
2.5,2.5,2.5,2.5,500,2021-04-20 15:30:00,VIVE
2.48,2.48,2.48,2.48,700,2021-04-20 15:32:00,VIVE
2.45,2.45,2.45,2.45,400,2021-04-20 15:33:00,VIVE
2.45,2.45,2.45,2.45,100,2021-04-20 15:37:00,VIVE
2.45,2.45,2.4413,2.4413,2410,2021-04-20 15:38:00,VIVE
2.46,2.46,2.4573,2.4573,900,2021-04-20 15:39:00,VIVE
2.47,2.47,2.4505,2.4505,200,2021-04-20 15:46:00,VIVE
2.47,2.47,2.47,2.47,500,2021-04-20 15:49:00,VIVE
2.48,2.48,2.461,2.461,1800,2021-04-20 15:51:00,VIVE
2.4697,2.4697,2.4697,2.4697,100,2021-04-20 15:59:00,VIVE
2.47,2.47,2.47,2.47,100,2021-04-20 16:00:00,VIVE
2.462,2.462,2.46,2.46,2122,2021-04-20 16:04:00,VIVE
2.47,2.48,2.47,2.48,1700,2021-04-20 16:06:00,VIVE
2.47,2.47,2.47,2.47,510,2021-04-20 16:08:00,VIVE
2.465,2.465,2.465,2.465,777,2021-04-20 16:11:00,VIVE
2.4612,2.47,2.46,2.47,2424,2021-04-20 16:12:00,VIVE
2.47,2.47,2.47,2.47,100,2021-04-20 16:13:00,VIVE
2.47,2.48,2.47,2.4799,1200,2021-04-20 16:14:00,VIVE
2.48,2.48,2.4799,2.4799,2270,2021-04-20 16:16:00,VIVE
2.48,2.48,2.48,2.48,579,2021-04-20 16:17:00,VIVE
2.47,2.47,2.47,2.47,100,2021-04-20 16:20:00,VIVE
2.48,2.48,2.46,2.46,200,2021-04-20 16:22:00,VIVE
2.46,2.46,2.46,2.46,200,2021-04-20 16:23:00,VIVE
2.48,2.48,2.48,2.48,100,2021-04-20 16:24:00,VIVE
2.48,2.48,2.45,2.46,2000,2021-04-20 16:26:00,VIVE
2.4512,2.4512,2.4512,2.4512,135,2021-04-20 16:27:00,VIVE
2.46,2.46,2.46,2.46,400,2021-04-20 16:29:00,VIVE
2.46,2.46,2.45,2.45,3493,2021-04-20 16:30:00,VIVE
2.45,2.45,2.45,2.45,2990,2021-04-20 16:34:00,VIVE
2.44,2.45,2.44,2.44,2605,2021-04-20 16:40:00,VIVE
2.445,2.445,2.445,2.445,4800,2021-04-20 16:46:00,VIVE
2.445,2.445,2.445,2.445,100,2021-04-20 16:47:00,VIVE
2.4488,2.4488,2.4488,2.4488,500,2021-04-20 16:48:00,VIVE
2.45,2.45,2.4432,2.4487,1500,2021-04-20 16:49:00,VIVE
2.46,2.46,2.4573,2.46,1200,2021-04-20 16:50:00,VIVE
2.46,2.46,2.46,2.46,200,2021-04-20 16:51:00,VIVE
2.46,2.47,2.4599,2.47,3956,2021-04-20 16:53:00,VIVE
2.48,2.48,2.48,2.48,100,2021-04-20 16:54:00,VIVE
2.4542,2.4542,2.4542,2.4542,100,2021-04-20 16:55:00,VIVE
2.4501,2.47,2.4501,2.47,1521,2021-04-20 16:56:00,VIVE
2.47,2.47,2.47,2.47,100,2021-04-20 16:57:00,VIVE
2.47,2.47,2.465,2.47,410,2021-04-20 16:59:00,VIVE
2.47,2.47,2.47,2.47,100,2021-04-20 17:01:00,VIVE
2.47,2.47,2.47,2.47,200,2021-04-20 17:02:00,VIVE
2.47,2.47,2.47,2.47,100,2021-04-20 17:03:00,VIVE
2.47,2.47,2.47,2.47,100,2021-04-20 17:04:00,VIVE
2.47,2.47,2.47,2.47,20815,2021-04-20 17:05:00,VIVE
2.47,2.47,2.4693,2.4693,1154,2021-04-20 17:06:00,VIVE
2.465,2.47,2.465,2.47,2200,2021-04-20 17:07:00,VIVE
2.5,2.5,2.5,2.5,100,2021-04-20 17:08:00,VIVE
2.5,2.5,2.47,2.5,15401,2021-04-20 17:09:00,VIVE
2.4701,2.51,2.4701,2.5,2988,2021-04-20 17:10:00,VIVE
2.4949,2.54,2.4949,2.54,3100,2021-04-20 17:11:00,VIVE
2.54,2.54,2.512,2.54,3800,2021-04-20 17:12:00,VIVE
2.54,2.54,2.5346,2.54,400,2021-04-20 17:13:00,VIVE
2.53,2.53,2.53,2.53,300,2021-04-20 17:14:00,VIVE
2.53,2.53,2.53,2.53,955,2021-04-20 17:15:00,VIVE
2.5009,2.53,2.5009,2.53,3000,2021-04-20 17:16:00,VIVE
2.53,2.53,2.5011,2.52,2900,2021-04-20 17:17:00,VIVE
2.52,2.52,2.52,2.52,3650,2021-04-20 17:18:00,VIVE
2.52,2.52,2.52,2.52,4800,2021-04-20 17:19:00,VIVE
2.52,2.52,2.51,2.52,5300,2021-04-20 17:20:00,VIVE
2.53,2.53,2.53,2.53,200,2021-04-20 17:21:00,VIVE
2.53,2.53,2.52,2.52,3500,2021-04-20 17:22:00,VIVE
2.52,2.52,2.52,2.52,942,2021-04-20 17:23:00,VIVE
2.52,2.52,2.52,2.52,1100,2021-04-20 17:24:00,VIVE
2.52,2.53,2.52,2.53,700,2021-04-20 17:25:00,VIVE
2.53,2.53,2.53,2.53,300,2021-04-20 17:26:00,VIVE
2.53,2.53,2.53,2.53,500,2021-04-20 17:27:00,VIVE
2.53,2.53,2.53,2.53,1000,2021-04-20 17:28:00,VIVE
2.53,2.55,2.53,2.5319,4645,2021-04-20 17:29:00,VIVE
2.55,2.55,2.55,2.55,300,2021-04-20 17:30:00,VIVE
2.55,2.55,2.54,2.54,500,2021-04-20 17:31:00,VIVE
2.55,2.55,2.55,2.55,300,2021-04-20 17:32:00,VIVE
2.53,2.54,2.53,2.54,3200,2021-04-20 17:33:00,VIVE
2.523,2.53,2.523,2.53,310,2021-04-20 17:34:00,VIVE
2.53,2.53,2.53,2.53,100,2021-04-20 17:36:00,VIVE
2.53,2.53,2.52,2.52,11400,2021-04-20 17:37:00,VIVE
2.52,2.53,2.52,2.53,7700,2021-04-20 17:38:00,VIVE
2.525,2.525,2.52,2.52,7100,2021-04-20 17:39:00,VIVE
2.53,2.53,2.52,2.52,700,2021-04-20 17:40:00,VIVE
2.52,2.52,2.52,2.52,2800,2021-04-20 17:41:00,VIVE
2.5101,2.53,2.5101,2.53,635,2021-04-20 17:44:00,VIVE
2.53,2.53,2.53,2.53,100,2021-04-20 17:45:00,VIVE
2.53,2.53,2.52,2.52,3800,2021-04-20 17:46:00,VIVE
2.525,2.53,2.52,2.53,4694,2021-04-20 17:48:00,VIVE
2.53,2.53,2.53,2.53,100,2021-04-20 17:49:00,VIVE
2.53,2.53,2.53,2.53,200,2021-04-20 17:50:00,VIVE
2.54,2.54,2.54,2.54,100,2021-04-20 17:51:00,VIVE
2.54,2.54,2.54,2.54,100,2021-04-20 17:52:00,VIVE
2.55,2.55,2.55,2.55,200,2021-04-20 17:55:00,VIVE
2.55,2.55,2.55,2.55,375,2021-04-20 17:56:00,VIVE
2.55,2.55,2.55,2.55,100,2021-04-20 17:57:00,VIVE
2.55,2.55,2.55,2.55,100,2021-04-20 17:58:00,VIVE
2.55,2.55,2.55,2.55,100,2021-04-20 17:59:00,VIVE
2.55,2.55,2.55,2.55,200,2021-04-20 18:00:00,VIVE
2.54,2.54,2.54,2.54,167,2021-04-20 18:01:00,VIVE
2.55,2.55,2.55,2.55,100,2021-04-20 18:02:00,VIVE
2.5327,2.5327,2.5327,2.5327,200,2021-04-20 18:04:00,VIVE
2.5399,2.5399,2.53,2.53,400,2021-04-20 18:15:00,VIVE
2.5304,2.5304,2.53,2.53,349,2021-04-20 18:16:00,VIVE
2.52,2.525,2.52,2.525,278,2021-04-20 18:19:00,VIVE
2.5213,2.5213,2.5213,2.5213,300,2021-04-20 18:21:00,VIVE
2.53,2.53,2.53,2.53,440,2021-04-20 18:22:00,VIVE
2.525,2.525,2.52,2.52,2124,2021-04-20 18:24:00,VIVE
2.52,2.52,2.519,2.52,11459,2021-04-20 18:27:00,VIVE
2.5208,2.5208,2.52,2.52,4127,2021-04-20 18:28:00,VIVE
2.52,2.52,2.52,2.52,3700,2021-04-20 18:29:00,VIVE
2.52,2.52,2.52,2.52,5000,2021-04-20 18:32:00,VIVE
2.53,2.53,2.52,2.52,3500,2021-04-20 18:34:00,VIVE
2.53,2.53,2.53,2.53,100,2021-04-20 18:35:00,VIVE
2.53,2.53,2.53,2.53,100,2021-04-20 18:36:00,VIVE
2.53,2.53,2.53,2.53,800,2021-04-20 18:38:00,VIVE
2.54,2.54,2.5382,2.54,900,2021-04-20 18:39:00,VIVE
2.55,2.55,2.55,2.55,460,2021-04-20 18:42:00,VIVE
2.55,2.55,2.53,2.53,500,2021-04-20 18:43:00,VIVE
2.55,2.55,2.55,2.55,100,2021-04-20 18:44:00,VIVE
2.55,2.55,2.55,2.55,200,2021-04-20 18:45:00,VIVE
2.55,2.55,2.55,2.55,600,2021-04-20 18:46:00,VIVE
2.55,2.5554,2.55,2.5554,200,2021-04-20 18:47:00,VIVE
2.56,2.56,2.56,2.56,100,2021-04-20 18:49:00,VIVE
2.55,2.55,2.55,2.55,100,2021-04-20 18:51:00,VIVE
2.5427,2.5427,2.5427,2.5427,500,2021-04-20 18:53:00,VIVE
2.5334,2.5334,2.5334,2.5334,500,2021-04-20 18:55:00,VIVE
2.5401,2.5401,2.5401,2.5401,1500,2021-04-20 18:59:00,VIVE
2.55,2.55,2.55,2.55,100,2021-04-20 19:03:00,VIVE
2.55,2.55,2.55,2.55,400,2021-04-20 19:06:00,VIVE
2.55,2.55,2.55,2.55,300,2021-04-20 19:10:00,VIVE
2.56,2.57,2.56,2.57,4000,2021-04-20 19:11:00,VIVE
2.57,2.57,2.57,2.57,396,2021-04-20 19:12:00,VIVE
2.58,2.59,2.58,2.59,400,2021-04-20 19:13:00,VIVE
2.59,2.59,2.59,2.59,100,2021-04-20 19:14:00,VIVE
2.56,2.56,2.56,2.56,200,2021-04-20 19:15:00,VIVE
2.57,2.59,2.56,2.59,7600,2021-04-20 19:16:00,VIVE
2.56,2.59,2.56,2.59,1777,2021-04-20 19:18:00,VIVE
2.59,2.59,2.59,2.59,100,2021-04-20 19:19:00,VIVE
2.59,2.59,2.59,2.59,100,2021-04-20 19:21:00,VIVE
2.59,2.6,2.59,2.6,1400,2021-04-20 19:22:00,VIVE
2.6,2.62,2.6,2.62,1290,2021-04-20 19:23:00,VIVE
2.6172,2.62,2.6172,2.62,450,2021-04-20 19:24:00,VIVE
2.62,2.63,2.62,2.63,700,2021-04-20 19:25:00,VIVE
2.63,2.63,2.63,2.63,100,2021-04-20 19:26:00,VIVE
2.63,2.63,2.63,2.63,500,2021-04-20 19:27:00,VIVE
2.64,2.64,2.64,2.64,100,2021-04-20 19:28:00,VIVE
2.65,2.65,2.65,2.65,100,2021-04-20 19:29:00,VIVE
2.64,2.64,2.64,2.64,100,2021-04-20 19:30:00,VIVE
2.6201,2.64,2.6201,2.64,1765,2021-04-20 19:31:00,VIVE
2.64,2.65,2.6259,2.6499,5780,2021-04-20 19:32:00,VIVE
2.65,2.65,2.65,2.65,350,2021-04-20 19:33:00,VIVE
2.65,2.65,2.65,2.65,1900,2021-04-20 19:34:00,VIVE
2.66,2.66,2.64,2.6563,1851,2021-04-20 19:35:00,VIVE
2.66,2.66,2.6597,2.66,2800,2021-04-20 19:36:00,VIVE
2.67,2.6701,2.65,2.67,9115,2021-04-20 19:37:00,VIVE
2.66,2.66,2.65,2.65,400,2021-04-20 19:38:00,VIVE
2.651,2.651,2.651,2.651,100,2021-04-20 19:40:00,VIVE
2.6515,2.6515,2.6515,2.6515,250,2021-04-20 19:41:00,VIVE
2.65,2.66,2.65,2.66,200,2021-04-20 19:42:00,VIVE
2.66,2.66,2.66,2.66,100,2021-04-20 19:43:00,VIVE
2.66,2.66,2.66,2.66,100,2021-04-20 19:44:00,VIVE
2.65,2.65,2.64,2.6462,4475,2021-04-20 19:45:00,VIVE
2.6376,2.6376,2.6376,2.6376,600,2021-04-20 19:47:00,VIVE
2.6,2.65,2.6,2.63,17898,2021-04-20 19:50:00,VIVE
2.6499,2.65,2.6301,2.6435,9220,2021-04-20 19:51:00,VIVE
2.65,2.65,2.6461,2.65,3660,2021-04-20 19:52:00,VIVE
2.65,2.65,2.65,2.65,725,2021-04-20 19:53:00,VIVE
2.64,2.64,2.64,2.64,800,2021-04-20 19:54:00,VIVE
2.65,2.65,2.64,2.65,647,2021-04-20 19:55:00,VIVE
2.65,2.65,2.64,2.65,1702,2021-04-20 19:56:00,VIVE
2.6401,2.65,2.6401,2.65,6500,2021-04-20 19:57:00,VIVE
2.645,2.65,2.64,2.65,5503,2021-04-20 19:58:00,VIVE
2.65,2.66,2.645,2.66,5111,2021-04-20 19:59:00,VIVE
2.63,2.63,2.63,2.63,560,2021-04-20 20:00:00,VIVE
2.68,2.68,2.68,2.68,500,2021-04-20 20:02:00,VIVE
2.69,2.69,2.69,2.69,400,2021-04-20 20:04:00,VIVE
2.64,2.64,2.64,2.64,1000,2021-04-20 20:13:00,VIVE
2.68,2.68,2.68,2.68,851,2021-04-20 20:26:00,VIVE
2.6,2.6,2.6,2.6,100,2021-04-20 21:52:00,VIVE
2.604,2.604,2.6,2.6,1000,2021-04-20 21:58:00,VIVE
2.6,2.6,2.6,2.6,441,2021-04-20 22:06:00,VIVE
2.59,2.59,2.59,2.59,266,2021-04-20 22:09:00,VIVE
2.51,2.51,2.51,2.51,100,2021-04-20 22:54:00,VIVE
2.49,2.49,2.49,2.49,100,2021-04-20 23:01:00,VIVE
2.49,2.49,2.49,2.49,400,2021-04-20 23:45:00,VIVE
2.49,2.49,2.49,2.49,200,2021-04-20 23:59:00,VIVE
2.52,2.53,2.52,2.53,420,2021-04-21 11:20:00,VIVE
2.52,2.52,2.52,2.52,100,2021-04-21 11:25:00,VIVE
2.52,2.52,2.52,2.52,100,2021-04-21 11:28:00,VIVE
2.5,2.5,2.5,2.5,213,2021-04-21 11:33:00,VIVE
2.52,2.52,2.52,2.52,100,2021-04-21 11:40:00,VIVE
2.52,2.52,2.52,2.52,1750,2021-04-21 12:05:00,VIVE
2.53,2.53,2.53,2.53,230,2021-04-21 12:33:00,VIVE
2.54,2.54,2.54,2.54,200,2021-04-21 12:49:00,VIVE
2.5501,2.5501,2.5501,2.5501,100,2021-04-21 13:00:00,VIVE
2.55,2.55,2.55,2.55,1000,2021-04-21 13:07:00,VIVE
2.57,2.6,2.57,2.58,2750,2021-04-21 13:30:00,VIVE
2.56,2.57,2.5399,2.545,7498,2021-04-21 13:31:00,VIVE
2.58,2.58,2.58,2.58,100,2021-04-21 13:32:00,VIVE
2.58,2.6,2.579,2.6,1500,2021-04-21 13:33:00,VIVE
2.57,2.6,2.57,2.6,1100,2021-04-21 13:34:00,VIVE
2.59,2.59,2.59,2.59,500,2021-04-21 13:35:00,VIVE
2.581,2.581,2.581,2.581,4400,2021-04-21 13:37:00,VIVE
2.585,2.585,2.585,2.585,640,2021-04-21 13:39:00,VIVE
2.58,2.6,2.58,2.6,500,2021-04-21 13:40:00,VIVE
2.61,2.61,2.61,2.61,700,2021-04-21 13:42:00,VIVE
2.61,2.62,2.61,2.62,300,2021-04-21 13:43:00,VIVE
2.6,2.6001,2.6,2.6001,3500,2021-04-21 13:44:00,VIVE
2.6,2.6,2.6,2.6,300,2021-04-21 13:46:00,VIVE
2.6,2.62,2.6,2.62,2100,2021-04-21 13:48:00,VIVE
2.625,2.625,2.625,2.625,223,2021-04-21 13:50:00,VIVE
2.63,2.65,2.63,2.65,600,2021-04-21 13:53:00,VIVE
2.66,2.66,2.65,2.65,4600,2021-04-21 13:54:00,VIVE
2.66,2.66,2.65,2.66,7378,2021-04-21 13:55:00,VIVE
2.677,2.677,2.677,2.677,125,2021-04-21 13:56:00,VIVE
2.67,2.67,2.67,2.67,300,2021-04-21 13:57:00,VIVE
2.68,2.68,2.68,2.68,200,2021-04-21 13:58:00,VIVE
2.68,2.7,2.68,2.7,2682,2021-04-21 13:59:00,VIVE
2.69,2.69,2.66,2.68,7187,2021-04-21 14:00:00,VIVE
2.72,2.72,2.72,2.72,200,2021-04-21 14:02:00,VIVE
2.709,2.72,2.708,2.72,1900,2021-04-21 14:04:00,VIVE
2.71,2.71,2.7,2.7,9374,2021-04-21 14:05:00,VIVE
2.71,2.71,2.7,2.7,2225,2021-04-21 14:06:00,VIVE
2.705,2.71,2.7,2.7,2500,2021-04-21 14:07:00,VIVE
2.71,2.71,2.71,2.71,900,2021-04-21 14:10:00,VIVE
2.705,2.72,2.705,2.72,4100,2021-04-21 14:11:00,VIVE
2.71,2.72,2.71,2.71,2271,2021-04-21 14:12:00,VIVE
2.71,2.72,2.71,2.72,2100,2021-04-21 14:13:00,VIVE
2.7199,2.72,2.7105,2.715,14400,2021-04-21 14:14:00,VIVE
2.7189,2.72,2.7148,2.7148,3600,2021-04-21 14:15:00,VIVE
2.7146,2.72,2.7146,2.7194,3100,2021-04-21 14:16:00,VIVE
2.72,2.73,2.715,2.72,9012,2021-04-21 14:17:00,VIVE
2.72,2.72,2.72,2.72,100,2021-04-21 14:18:00,VIVE
2.72,2.72,2.7199,2.72,1700,2021-04-21 14:19:00,VIVE
2.72,2.72,2.72,2.72,300,2021-04-21 14:20:00,VIVE
2.72,2.72,2.7101,2.72,2800,2021-04-21 14:21:00,VIVE
2.72,2.72,2.72,2.72,300,2021-04-21 14:22:00,VIVE
2.72,2.72,2.72,2.72,300,2021-04-21 14:23:00,VIVE
2.7101,2.72,2.71,2.71,2900,2021-04-21 14:24:00,VIVE
2.72,2.72,2.71,2.7163,3600,2021-04-21 14:25:00,VIVE
2.72,2.72,2.72,2.72,2605,2021-04-21 14:26:00,VIVE
2.72,2.72,2.72,2.72,100,2021-04-21 14:27:00,VIVE
2.72,2.75,2.7178,2.7258,5852,2021-04-21 14:28:00,VIVE
2.75,2.75,2.73,2.7423,5600,2021-04-21 14:29:00,VIVE
2.75,2.76,2.75,2.76,964,2021-04-21 14:30:00,VIVE
2.76,2.76,2.76,2.76,500,2021-04-21 14:31:00,VIVE
2.79,2.79,2.78,2.787,9980,2021-04-21 14:32:00,VIVE
2.785,2.8,2.785,2.79,1200,2021-04-21 14:33:00,VIVE
2.8,2.8,2.7954,2.8,3514,2021-04-21 14:34:00,VIVE
2.8,2.8,2.8,2.8,100,2021-04-21 14:35:00,VIVE
2.7725,2.8,2.77,2.8,1700,2021-04-21 14:36:00,VIVE
2.79,2.8,2.77,2.8,4231,2021-04-21 14:37:00,VIVE
2.77,2.79,2.77,2.77,3600,2021-04-21 14:38:00,VIVE
2.79,2.79,2.79,2.79,200,2021-04-21 14:39:00,VIVE
2.79,2.79,2.7885,2.79,576,2021-04-21 14:40:00,VIVE
2.79,2.79,2.79,2.79,200,2021-04-21 14:41:00,VIVE
2.79,2.79,2.79,2.79,100,2021-04-21 14:42:00,VIVE
2.79,2.79,2.79,2.79,100,2021-04-21 14:43:00,VIVE
2.79,2.79,2.777,2.777,1100,2021-04-21 14:44:00,VIVE
2.79,2.79,2.77,2.79,450,2021-04-21 14:45:00,VIVE
2.77,2.79,2.77,2.79,700,2021-04-21 14:46:00,VIVE
2.7701,2.8,2.7701,2.8,2750,2021-04-21 14:47:00,VIVE
2.8,2.8,2.8,2.8,100,2021-04-21 14:48:00,VIVE
2.8,2.8,2.79,2.79,200,2021-04-21 14:49:00,VIVE
2.7965,2.7965,2.7965,2.7965,104,2021-04-21 14:50:00,VIVE
2.78,2.78,2.78,2.78,1250,2021-04-21 14:51:00,VIVE
2.7632,2.765,2.7301,2.7578,5443,2021-04-21 14:54:00,VIVE
2.73,2.73,2.73,2.73,124,2021-04-21 14:55:00,VIVE
2.75,2.75,2.75,2.75,282,2021-04-21 14:56:00,VIVE
2.77,2.77,2.77,2.77,900,2021-04-21 14:58:00,VIVE
2.77,2.77,2.77,2.77,100,2021-04-21 15:02:00,VIVE
2.77,2.77,2.77,2.77,100,2021-04-21 15:04:00,VIVE
2.77,2.77,2.77,2.77,100,2021-04-21 15:05:00,VIVE
2.77,2.77,2.77,2.77,400,2021-04-21 15:08:00,VIVE
2.7669,2.7669,2.7669,2.7669,1000,2021-04-21 15:09:00,VIVE
2.77,2.77,2.77,2.77,100,2021-04-21 15:10:00,VIVE
2.75,2.75,2.75,2.75,365,2021-04-21 15:13:00,VIVE
2.7519,2.7519,2.7519,2.7519,242,2021-04-21 15:16:00,VIVE
2.75,2.78,2.75,2.78,2106,2021-04-21 15:17:00,VIVE
2.79,2.8,2.79,2.8,506,2021-04-21 15:18:00,VIVE
2.8,2.8,2.8,2.8,275,2021-04-21 15:19:00,VIVE
2.8,2.8,2.8,2.8,100,2021-04-21 15:20:00,VIVE
2.8,2.8,2.8,2.8,1000,2021-04-21 15:21:00,VIVE
2.8,2.8,2.8,2.8,200,2021-04-21 15:22:00,VIVE
2.795,2.795,2.795,2.795,100,2021-04-21 15:23:00,VIVE
2.79,2.79,2.79,2.79,100,2021-04-21 15:24:00,VIVE
2.8,2.8,2.75,2.7627,3506,2021-04-21 15:25:00,VIVE
2.7536,2.7536,2.7536,2.7536,250,2021-04-21 15:27:00,VIVE
2.75,2.75,2.75,2.75,1772,2021-04-21 15:28:00,VIVE
2.7563,2.7563,2.7563,2.7563,500,2021-04-21 15:30:00,VIVE
2.75,2.75,2.75,2.75,630,2021-04-21 15:34:00,VIVE
2.79,2.79,2.79,2.79,100,2021-04-21 15:36:00,VIVE
2.75,2.75,2.75,2.75,300,2021-04-21 15:40:00,VIVE
2.77,2.77,2.77,2.77,7416,2021-04-21 15:41:00,VIVE
2.77,2.77,2.77,2.77,999,2021-04-21 15:42:00,VIVE
2.77,2.77,2.77,2.77,100,2021-04-21 15:43:00,VIVE
2.78,2.78,2.78,2.78,400,2021-04-21 15:44:00,VIVE
2.79,2.79,2.79,2.79,100,2021-04-21 15:45:00,VIVE
2.7717,2.7717,2.76,2.77,13600,2021-04-21 15:46:00,VIVE
2.77,2.77,2.77,2.77,400,2021-04-21 15:47:00,VIVE
2.77,2.78,2.77,2.78,713,2021-04-21 15:53:00,VIVE
2.8,2.8,2.8,2.8,100,2021-04-21 15:54:00,VIVE
2.8,2.8,2.8,2.8,200,2021-04-21 15:55:00,VIVE
2.8,2.8,2.8,2.8,200,2021-04-21 15:56:00,VIVE
2.7654,2.8,2.7654,2.8,304,2021-04-21 15:57:00,VIVE
2.8,2.8,2.8,2.8,100,2021-04-21 15:58:00,VIVE
2.7735,2.7735,2.7735,2.7735,500,2021-04-21 15:59:00,VIVE
2.8,2.8,2.8,2.8,100,2021-04-21 16:00:00,VIVE
2.8,2.8,2.8,2.8,100,2021-04-21 16:01:00,VIVE
2.8,2.8,2.8,2.8,1290,2021-04-21 16:02:00,VIVE
2.82,2.83,2.818,2.818,735,2021-04-21 16:09:00,VIVE
2.83,2.83,2.82,2.82,400,2021-04-21 16:10:00,VIVE
2.8109,2.8109,2.8109,2.8109,195,2021-04-21 16:14:00,VIVE
2.81,2.82,2.81,2.82,850,2021-04-21 16:15:00,VIVE
2.79,2.7967,2.79,2.7967,500,2021-04-21 16:17:00,VIVE
2.78,2.78,2.78,2.78,300,2021-04-21 16:18:00,VIVE
2.76,2.78,2.76,2.78,2500,2021-04-21 16:19:00,VIVE
2.78,2.78,2.774,2.78,2495,2021-04-21 16:20:00,VIVE
2.78,2.78,2.78,2.78,1490,2021-04-21 16:25:00,VIVE
2.81,2.81,2.81,2.81,100,2021-04-21 16:28:00,VIVE
2.81,2.81,2.81,2.81,100,2021-04-21 16:30:00,VIVE
2.8031,2.81,2.8031,2.81,1200,2021-04-21 16:35:00,VIVE
2.79,2.81,2.79,2.81,4400,2021-04-21 16:36:00,VIVE
2.8,2.81,2.8,2.81,5100,2021-04-21 16:37:00,VIVE
2.81,2.81,2.81,2.81,488,2021-04-21 16:38:00,VIVE
2.825,2.825,2.825,2.825,1000,2021-04-21 16:39:00,VIVE
2.83,2.85,2.83,2.85,1830,2021-04-21 16:42:00,VIVE
2.85,2.85,2.85,2.85,200,2021-04-21 16:43:00,VIVE
2.85,2.8505,2.85,2.85,1900,2021-04-21 16:44:00,VIVE
2.86,2.86,2.86,2.86,920,2021-04-21 16:45:00,VIVE
2.87,2.87,2.87,2.87,100,2021-04-21 16:46:00,VIVE
2.87,2.87,2.8301,2.8466,3000,2021-04-21 16:47:00,VIVE
2.87,2.87,2.87,2.87,1200,2021-04-21 16:48:00,VIVE
2.86,2.86,2.8398,2.8398,4150,2021-04-21 16:51:00,VIVE
2.8332,2.84,2.83,2.83,3950,2021-04-21 16:52:00,VIVE
2.86,2.86,2.81,2.812,3274,2021-04-21 16:53:00,VIVE
2.8001,2.8001,2.8001,2.8001,400,2021-04-21 16:54:00,VIVE
2.81,2.81,2.78,2.78,14950,2021-04-21 16:55:00,VIVE
2.79,2.84,2.79,2.84,5260,2021-04-21 16:56:00,VIVE
2.85,2.85,2.85,2.85,200,2021-04-21 16:57:00,VIVE
2.82,2.82,2.82,2.82,308,2021-04-21 17:00:00,VIVE
2.82,2.8215,2.82,2.8215,200,2021-04-21 17:01:00,VIVE
2.86,2.86,2.86,2.86,200,2021-04-21 17:03:00,VIVE
2.86,2.86,2.86,2.86,400,2021-04-21 17:04:00,VIVE
2.86,2.87,2.86,2.87,300,2021-04-21 17:05:00,VIVE
2.87,2.87,2.87,2.87,300,2021-04-21 17:06:00,VIVE
2.87,2.87,2.87,2.87,200,2021-04-21 17:07:00,VIVE
2.87,2.87,2.87,2.87,200,2021-04-21 17:08:00,VIVE
2.87,2.88,2.87,2.87,2253,2021-04-21 17:09:00,VIVE
2.8401,2.8401,2.8401,2.8401,110,2021-04-21 17:10:00,VIVE
2.86,2.86,2.82,2.82,500,2021-04-21 17:15:00,VIVE
2.8,2.8,2.8,2.8,1700,2021-04-21 17:20:00,VIVE
2.81,2.81,2.81,2.81,100,2021-04-21 17:22:00,VIVE
2.82,2.82,2.82,2.82,100,2021-04-21 17:24:00,VIVE
2.83,2.84,2.81,2.84,400,2021-04-21 17:28:00,VIVE
2.825,2.825,2.825,2.825,200,2021-04-21 17:36:00,VIVE
2.82,2.82,2.82,2.82,100,2021-04-21 17:40:00,VIVE
2.8373,2.8373,2.8373,2.8373,300,2021-04-21 17:45:00,VIVE
2.814,2.814,2.8,2.8056,10300,2021-04-21 17:48:00,VIVE
2.83,2.83,2.83,2.83,100,2021-04-21 17:55:00,VIVE
2.83,2.83,2.83,2.83,100,2021-04-21 17:56:00,VIVE
2.83,2.83,2.83,2.83,200,2021-04-21 17:57:00,VIVE
2.83,2.83,2.83,2.83,200,2021-04-21 17:58:00,VIVE
2.83,2.83,2.83,2.83,100,2021-04-21 18:00:00,VIVE
2.83,2.83,2.83,2.83,200,2021-04-21 18:01:00,VIVE
2.82,2.83,2.82,2.83,941,2021-04-21 18:15:00,VIVE
2.81,2.81,2.81,2.81,400,2021-04-21 18:16:00,VIVE
2.81,2.82,2.81,2.82,1500,2021-04-21 18:17:00,VIVE
2.815,2.815,2.815,2.815,600,2021-04-21 18:18:00,VIVE
2.83,2.83,2.83,2.83,706,2021-04-21 18:31:00,VIVE
2.83,2.83,2.83,2.83,353,2021-04-21 18:32:00,VIVE
2.83,2.87,2.82,2.8201,75201,2021-04-21 18:34:00,VIVE
2.82,2.85,2.8,2.8117,23336,2021-04-21 18:35:00,VIVE
2.84,2.84,2.81,2.81,6812,2021-04-21 18:36:00,VIVE
2.8101,2.8101,2.8101,2.8101,1000,2021-04-21 18:37:00,VIVE
2.85,2.85,2.85,2.85,400,2021-04-21 18:42:00,VIVE
2.85,2.87,2.85,2.87,1100,2021-04-21 18:43:00,VIVE
2.87,2.87,2.87,2.87,1900,2021-04-21 18:44:00,VIVE
2.87,2.87,2.87,2.87,1800,2021-04-21 18:45:00,VIVE
2.87,2.87,2.85,2.87,2300,2021-04-21 18:46:00,VIVE
2.87,2.87,2.86,2.87,2497,2021-04-21 18:47:00,VIVE
2.88,2.88,2.87,2.88,1350,2021-04-21 18:48:00,VIVE
2.88,2.89,2.88,2.89,400,2021-04-21 18:49:00,VIVE
2.89,2.89,2.89,2.89,500,2021-04-21 18:50:00,VIVE
2.89,2.89,2.89,2.89,400,2021-04-21 18:51:00,VIVE
2.89,2.9,2.89,2.9,670,2021-04-21 18:52:00,VIVE
2.9,2.9,2.9,2.9,900,2021-04-21 18:53:00,VIVE
2.9,2.9,2.9,2.9,300,2021-04-21 18:54:00,VIVE
2.9,2.91,2.9,2.91,4387,2021-04-21 18:55:00,VIVE
2.91,2.91,2.91,2.91,200,2021-04-21 18:56:00,VIVE
2.91,2.91,2.88,2.895,700,2021-04-21 18:57:00,VIVE
2.91,2.91,2.91,2.91,200,2021-04-21 18:58:00,VIVE
2.91,2.91,2.91,2.91,300,2021-04-21 18:59:00,VIVE
2.91,2.91,2.8848,2.8848,660,2021-04-21 19:00:00,VIVE
2.91,2.92,2.91,2.92,2400,2021-04-21 19:01:00,VIVE
2.93,2.93,2.93,2.93,600,2021-04-21 19:02:00,VIVE
2.93,2.93,2.93,2.93,200,2021-04-21 19:03:00,VIVE
2.93,2.93,2.91,2.92,4900,2021-04-21 19:04:00,VIVE
2.9193,2.92,2.9193,2.92,2100,2021-04-21 19:05:00,VIVE
2.93,2.93,2.92,2.92,1633,2021-04-21 19:08:00,VIVE
2.93,2.93,2.93,2.93,200,2021-04-21 19:09:00,VIVE
2.91,2.91,2.91,2.91,700,2021-04-21 19:11:00,VIVE
2.91,2.91,2.8977,2.8977,1700,2021-04-21 19:12:00,VIVE
2.89,2.89,2.89,2.89,1500,2021-04-21 19:13:00,VIVE
2.91,2.91,2.895,2.895,400,2021-04-21 19:14:00,VIVE
2.9007,2.9007,2.9,2.9,1200,2021-04-21 19:17:00,VIVE
2.89,2.89,2.89,2.89,899,2021-04-21 19:19:00,VIVE
2.89,2.89,2.88,2.8801,600,2021-04-21 19:20:00,VIVE
2.85,2.856,2.85,2.856,1364,2021-04-21 19:29:00,VIVE
2.8529,2.8529,2.85,2.85,600,2021-04-21 19:30:00,VIVE
2.855,2.855,2.855,2.855,200,2021-04-21 19:33:00,VIVE
2.8501,2.855,2.8501,2.855,300,2021-04-21 19:34:00,VIVE
2.855,2.855,2.855,2.855,300,2021-04-21 19:38:00,VIVE
2.855,2.86,2.855,2.86,700,2021-04-21 19:39:00,VIVE
2.86,2.86,2.86,2.86,100,2021-04-21 19:42:00,VIVE
2.86,2.86,2.86,2.86,792,2021-04-21 19:45:00,VIVE
2.86,2.865,2.86,2.865,1026,2021-04-21 19:46:00,VIVE
2.88,2.88,2.88,2.88,100,2021-04-21 19:47:00,VIVE
2.88,2.88,2.8785,2.8785,1286,2021-04-21 19:48:00,VIVE
2.88,2.88,2.88,2.88,300,2021-04-21 19:49:00,VIVE
2.88,2.88,2.88,2.88,100,2021-04-21 19:50:00,VIVE
2.88,2.88,2.88,2.88,300,2021-04-21 19:51:00,VIVE
2.89,2.89,2.88,2.88,813,2021-04-21 19:52:00,VIVE
2.88,2.88,2.87,2.87,2000,2021-04-21 19:53:00,VIVE
2.8627,2.88,2.8627,2.8636,3129,2021-04-21 19:54:00,VIVE
2.85,2.85,2.85,2.85,100,2021-04-21 19:55:00,VIVE
2.86,2.86,2.86,2.86,515,2021-04-21 19:56:00,VIVE
2.85,2.85,2.85,2.85,1000,2021-04-21 19:57:00,VIVE
2.85,2.86,2.84,2.84,2634,2021-04-21 19:59:00,VIVE
2.84,2.84,2.84,2.84,655,2021-04-21 20:00:00,VIVE
2.84,2.84,2.84,2.84,40819,2021-04-21 20:36:00,VIVE
2.84,2.84,2.84,2.84,37180,2021-04-21 20:44:00,VIVE
2.84,2.84,2.84,2.84,166,2021-04-21 22:26:00,VIVE
2.84,2.84,2.84,2.84,100,2021-04-21 22:30:00,VIVE
2.78,2.78,2.78,2.78,100,2021-04-21 22:33:00,VIVE
2.85,2.85,2.85,2.85,100,2021-04-22 11:51:00,VIVE
2.7789,2.7789,2.7789,2.7789,304,2021-04-22 13:11:00,VIVE
2.76,2.76,2.76,2.76,115,2021-04-22 13:28:00,VIVE
2.85,2.85,2.8398,2.8398,3326,2021-04-22 13:30:00,VIVE
2.82,2.86,2.82,2.86,300,2021-04-22 13:31:00,VIVE
2.83,2.83,2.83,2.83,176,2021-04-22 13:34:00,VIVE
2.81,2.81,2.81,2.81,1500,2021-04-22 13:37:00,VIVE
2.8201,2.8201,2.8201,2.8201,200,2021-04-22 13:46:00,VIVE
2.83,2.83,2.82,2.82,1790,2021-04-22 13:49:00,VIVE
2.815,2.815,2.815,2.815,100,2021-04-22 13:52:00,VIVE
2.85,2.85,2.85,2.85,4400,2021-04-22 13:53:00,VIVE
2.81,2.81,2.81,2.81,358,2021-04-22 13:56:00,VIVE
2.85,2.85,2.85,2.85,200,2021-04-22 13:58:00,VIVE
2.85,2.85,2.85,2.85,100,2021-04-22 14:02:00,VIVE
2.835,2.835,2.835,2.835,105,2021-04-22 14:04:00,VIVE
2.84,2.84,2.84,2.84,100,2021-04-22 14:05:00,VIVE
2.84,2.86,2.84,2.86,1900,2021-04-22 14:09:00,VIVE
2.87,2.87,2.87,2.87,100,2021-04-22 14:12:00,VIVE
2.87,2.87,2.87,2.87,600,2021-04-22 14:14:00,VIVE
2.87,2.87,2.87,2.87,250,2021-04-22 14:15:00,VIVE
2.85,2.85,2.82,2.82,1578,2021-04-22 14:20:00,VIVE
2.82,2.82,2.82,2.82,100,2021-04-22 14:25:00,VIVE
2.84,2.84,2.84,2.84,300,2021-04-22 14:29:00,VIVE
2.84,2.87,2.84,2.87,1679,2021-04-22 14:30:00,VIVE
2.9,2.92,2.9,2.92,1300,2021-04-22 14:53:00,VIVE
2.92,2.92,2.92,2.92,100,2021-04-22 14:55:00,VIVE
2.93,2.93,2.93,2.93,200,2021-04-22 14:56:00,VIVE
2.91,2.91,2.9,2.9,1000,2021-04-22 14:58:00,VIVE
2.92,2.92,2.92,2.92,200,2021-04-22 14:59:00,VIVE
2.89,2.91,2.88,2.9,6040,2021-04-22 15:09:00,VIVE
2.92,2.92,2.92,2.92,100,2021-04-22 15:10:00,VIVE
2.907,2.92,2.907,2.92,431,2021-04-22 15:11:00,VIVE
2.92,2.92,2.92,2.92,100,2021-04-22 15:16:00,VIVE
2.93,2.93,2.89,2.92,900,2021-04-22 15:24:00,VIVE
2.9264,2.9264,2.9264,2.9264,171,2021-04-22 15:35:00,VIVE
2.93,2.93,2.93,2.93,200,2021-04-22 15:42:00,VIVE
2.93,2.93,2.9299,2.93,500,2021-04-22 15:43:00,VIVE
2.9045,2.9045,2.9045,2.9045,150,2021-04-22 15:45:00,VIVE
2.93,2.93,2.93,2.93,100,2021-04-22 15:50:00,VIVE
2.9,2.93,2.9,2.92,1763,2021-04-22 16:06:00,VIVE
2.8988,2.8988,2.8988,2.8988,1500,2021-04-22 16:08:00,VIVE
2.93,2.93,2.93,2.93,200,2021-04-22 16:10:00,VIVE
2.915,2.915,2.915,2.915,500,2021-04-22 16:14:00,VIVE
2.93,2.93,2.93,2.93,500,2021-04-22 16:15:00,VIVE
2.93,2.93,2.91,2.91,200,2021-04-22 16:16:00,VIVE
2.91,2.91,2.9,2.9,200,2021-04-22 16:19:00,VIVE
2.91,2.91,2.89,2.9,1550,2021-04-22 16:22:00,VIVE
2.91,2.91,2.8833,2.8833,1100,2021-04-22 16:23:00,VIVE
2.91,2.91,2.91,2.91,100,2021-04-22 16:26:00,VIVE
2.91,2.91,2.91,2.91,100,2021-04-22 16:29:00,VIVE
2.91,2.91,2.91,2.91,100,2021-04-22 16:31:00,VIVE
2.91,2.91,2.91,2.91,100,2021-04-22 16:34:00,VIVE
2.91,2.93,2.91,2.93,5312,2021-04-22 16:36:00,VIVE
2.94,2.95,2.9238,2.95,2363,2021-04-22 16:37:00,VIVE
2.9315,2.9315,2.9315,2.9315,225,2021-04-22 16:41:00,VIVE
2.95,2.95,2.95,2.95,100,2021-04-22 16:42:00,VIVE
2.95,2.95,2.95,2.95,100,2021-04-22 16:43:00,VIVE
2.93,2.95,2.93,2.95,300,2021-04-22 16:44:00,VIVE
2.95,2.95,2.95,2.95,100,2021-04-22 16:45:00,VIVE
2.95,2.95,2.95,2.95,100,2021-04-22 16:46:00,VIVE
2.95,2.95,2.95,2.95,100,2021-04-22 16:47:00,VIVE
2.95,2.95,2.95,2.95,500,2021-04-22 16:48:00,VIVE
2.95,2.95,2.95,2.95,100,2021-04-22 16:49:00,VIVE
2.95,2.95,2.95,2.95,100,2021-04-22 16:51:00,VIVE
2.95,2.95,2.95,2.95,100,2021-04-22 16:53:00,VIVE
2.95,2.95,2.95,2.95,100,2021-04-22 16:55:00,VIVE
2.93,2.93,2.92,2.92,3361,2021-04-22 17:08:00,VIVE
2.89,2.92,2.89,2.92,200,2021-04-22 17:09:00,VIVE
2.88,2.91,2.88,2.91,600,2021-04-22 17:11:00,VIVE
2.88,2.88,2.86,2.86,995,2021-04-22 17:15:00,VIVE
2.8884,2.8884,2.8884,2.8884,1037,2021-04-22 17:16:00,VIVE
2.8601,2.8601,2.8601,2.8601,100,2021-04-22 17:18:00,VIVE
2.86,2.86,2.85,2.85,16300,2021-04-22 17:21:00,VIVE
2.845,2.845,2.845,2.845,132,2021-04-22 17:23:00,VIVE
2.86,2.89,2.86,2.89,200,2021-04-22 17:27:00,VIVE
2.89,2.91,2.89,2.91,300,2021-04-22 17:28:00,VIVE
2.91,2.92,2.91,2.92,300,2021-04-22 17:29:00,VIVE
2.92,2.92,2.92,2.92,300,2021-04-22 17:30:00,VIVE
2.92,2.92,2.92,2.92,300,2021-04-22 17:31:00,VIVE
2.92,2.92,2.92,2.92,100,2021-04-22 17:32:00,VIVE
2.92,2.92,2.92,2.92,200,2021-04-22 17:33:00,VIVE
2.92,2.92,2.92,2.92,200,2021-04-22 17:34:00,VIVE
2.92,2.92,2.92,2.92,100,2021-04-22 17:35:00,VIVE
2.92,2.92,2.92,2.92,100,2021-04-22 17:36:00,VIVE
2.91,2.91,2.91,2.91,100,2021-04-22 17:37:00,VIVE
2.91,2.91,2.91,2.91,100,2021-04-22 17:38:00,VIVE
2.91,2.91,2.91,2.91,100,2021-04-22 17:39:00,VIVE
2.92,2.92,2.92,2.92,100,2021-04-22 17:40:00,VIVE
2.92,2.92,2.92,2.92,100,2021-04-22 17:42:00,VIVE
2.92,2.92,2.92,2.92,100,2021-04-22 17:43:00,VIVE
2.89,2.89,2.89,2.89,2000,2021-04-22 17:45:00,VIVE
2.87,2.87,2.87,2.87,300,2021-04-22 17:49:00,VIVE
2.87,2.87,2.82,2.82,5652,2021-04-22 17:50:00,VIVE
2.82,2.82,2.82,2.82,250,2021-04-22 17:51:00,VIVE
2.8428,2.8428,2.8428,2.8428,250,2021-04-22 17:52:00,VIVE
2.8567,2.8567,2.8567,2.8567,100,2021-04-22 17:55:00,VIVE
2.87,2.87,2.86,2.87,300,2021-04-22 17:58:00,VIVE
2.87,2.87,2.87,2.87,100,2021-04-22 17:59:00,VIVE
2.84,2.87,2.84,2.87,308,2021-04-22 18:00:00,VIVE
2.87,2.87,2.87,2.87,100,2021-04-22 18:02:00,VIVE
2.83,2.83,2.83,2.83,200,2021-04-22 18:03:00,VIVE
2.86,2.86,2.86,2.86,100,2021-04-22 18:06:00,VIVE
2.8451,2.8451,2.8451,2.8451,276,2021-04-22 18:09:00,VIVE
2.85,2.85,2.85,2.85,100,2021-04-22 18:23:00,VIVE
2.85,2.85,2.85,2.85,500,2021-04-22 18:24:00,VIVE
2.843,2.85,2.843,2.85,459,2021-04-22 18:25:00,VIVE
2.85,2.85,2.85,2.85,100,2021-04-22 18:26:00,VIVE
2.8587,2.86,2.8587,2.86,1560,2021-04-22 18:33:00,VIVE
2.88,2.88,2.88,2.88,1795,2021-04-22 18:39:00,VIVE
2.92,2.92,2.87,2.87,705,2021-04-22 18:41:00,VIVE
2.92,2.92,2.92,2.92,100,2021-04-22 18:50:00,VIVE
2.88,2.88,2.8758,2.8758,1300,2021-04-22 18:52:00,VIVE
2.87,2.87,2.87,2.87,2200,2021-04-22 19:15:00,VIVE
2.885,2.885,2.885,2.885,200,2021-04-22 19:16:00,VIVE
2.885,2.8875,2.885,2.8875,800,2021-04-22 19:17:00,VIVE
2.885,2.8875,2.885,2.8875,800,2021-04-22 19:18:00,VIVE
2.9,2.9,2.9,2.9,100,2021-04-22 19:19:00,VIVE
2.9,2.9,2.9,2.9,9294,2021-04-22 19:20:00,VIVE
2.92,2.92,2.92,2.92,500,2021-04-22 19:23:00,VIVE
2.9114,2.92,2.89,2.89,300,2021-04-22 19:25:00,VIVE
2.8963,2.92,2.89,2.92,400,2021-04-22 19:26:00,VIVE
2.92,2.92,2.92,2.92,300,2021-04-22 19:27:00,VIVE
2.92,2.94,2.92,2.94,5809,2021-04-22 19:28:00,VIVE
2.94,2.94,2.94,2.94,500,2021-04-22 19:29:00,VIVE
2.94,2.94,2.94,2.94,100,2021-04-22 19:30:00,VIVE
2.94,2.94,2.94,2.94,200,2021-04-22 19:31:00,VIVE
2.95,2.95,2.95,2.95,100,2021-04-22 19:32:00,VIVE
2.95,2.98,2.95,2.97,1412,2021-04-22 19:33:00,VIVE
2.97,2.97,2.9601,2.9601,200,2021-04-22 19:34:00,VIVE
2.98,2.98,2.96,2.96,300,2021-04-22 19:35:00,VIVE
2.97,2.97,2.944,2.96,2555,2021-04-22 19:36:00,VIVE
2.97,2.97,2.97,2.97,100,2021-04-22 19:37:00,VIVE
2.97,2.97,2.95,2.97,3841,2021-04-22 19:38:00,VIVE
2.97,2.97,2.97,2.97,600,2021-04-22 19:39:00,VIVE
2.97,2.97,2.965,2.965,1100,2021-04-22 19:40:00,VIVE
2.98,2.98,2.9583,2.9583,2701,2021-04-22 19:41:00,VIVE
2.97,2.97,2.95,2.9567,2050,2021-04-22 19:42:00,VIVE
2.952,2.964,2.95,2.964,1200,2021-04-22 19:43:00,VIVE
2.97,2.97,2.97,2.97,200,2021-04-22 19:44:00,VIVE
2.97,2.97,2.97,2.97,700,2021-04-22 19:45:00,VIVE
2.97,2.97,2.9514,2.97,674,2021-04-22 19:46:00,VIVE
2.97,2.97,2.9501,2.97,600,2021-04-22 19:47:00,VIVE
2.97,2.97,2.97,2.97,300,2021-04-22 19:48:00,VIVE
2.95,2.97,2.95,2.97,400,2021-04-22 19:49:00,VIVE
2.97,2.97,2.96,2.96,2300,2021-04-22 19:50:00,VIVE
2.96,2.96,2.95,2.95,2133,2021-04-22 19:51:00,VIVE
2.9519,2.96,2.9519,2.96,1100,2021-04-22 19:52:00,VIVE
2.95,2.95,2.95,2.95,400,2021-04-22 19:53:00,VIVE
2.96,2.97,2.96,2.97,1134,2021-04-22 19:54:00,VIVE
2.97,2.97,2.97,2.97,600,2021-04-22 19:55:00,VIVE
2.97,2.97,2.97,2.97,300,2021-04-22 19:56:00,VIVE
2.96,2.96,2.95,2.95,1400,2021-04-22 19:57:00,VIVE
2.97,2.97,2.9699,2.9699,993,2021-04-22 19:58:00,VIVE
2.97,2.98,2.96,2.98,2610,2021-04-22 19:59:00,VIVE
2.98,2.98,2.9,2.9,886,2021-04-22 20:00:00,VIVE
2.93,2.982,2.91,2.982,7564,2021-04-23 13:30:00,VIVE
2.9,2.9,2.9,2.9,380,2021-04-23 13:33:00,VIVE
2.9179,2.9179,2.9179,2.9179,152,2021-04-23 13:36:00,VIVE
2.99,2.99,2.99,2.99,614,2021-04-23 13:37:00,VIVE
2.965,2.965,2.965,2.965,202,2021-04-23 13:38:00,VIVE
3.0,3.0,3.0,3.0,103,2021-04-23 13:39:00,VIVE
2.9806,2.9806,2.98,2.98,350,2021-04-23 13:41:00,VIVE
2.96,2.96,2.92,2.92,1975,2021-04-23 13:45:00,VIVE
2.93,2.96,2.9,2.96,17419,2021-04-23 13:46:00,VIVE
2.91,2.91,2.91,2.91,100,2021-04-23 13:50:00,VIVE
2.95,2.95,2.95,2.95,226,2021-04-23 13:54:00,VIVE
2.9578,2.9578,2.9578,2.9578,500,2021-04-23 13:57:00,VIVE
2.9453,2.96,2.9453,2.96,2245,2021-04-23 14:00:00,VIVE
2.949,2.949,2.949,2.949,100,2021-04-23 14:02:00,VIVE
2.9471,2.9471,2.9471,2.9471,100,2021-04-23 14:03:00,VIVE
2.98,2.98,2.98,2.98,315,2021-04-23 14:07:00,VIVE
2.9861,2.9861,2.9861,2.9861,469,2021-04-23 14:08:00,VIVE
2.9777,2.9777,2.9777,2.9777,135,2021-04-23 14:12:00,VIVE
2.961,2.98,2.96,2.98,3200,2021-04-23 14:16:00,VIVE
2.97,2.97,2.97,2.97,100,2021-04-23 14:18:00,VIVE
2.96,2.96,2.96,2.96,100,2021-04-23 14:25:00,VIVE
2.99,2.99,2.99,2.99,100,2021-04-23 14:26:00,VIVE
2.9759,2.9759,2.9759,2.9759,900,2021-04-23 14:29:00,VIVE
2.99,3.02,2.99,3.02,2400,2021-04-23 14:30:00,VIVE
3.01,3.015,3.01,3.015,737,2021-04-23 14:31:00,VIVE
3.02,3.02,3.01,3.0137,300,2021-04-23 14:32:00,VIVE
3.01,3.0101,3.0,3.0,600,2021-04-23 14:33:00,VIVE
2.985,3.0,2.985,3.0,1900,2021-04-23 14:35:00,VIVE
2.9722,2.9722,2.9722,2.9722,716,2021-04-23 14:47:00,VIVE
2.9782,2.9782,2.9735,2.9735,267,2021-04-23 14:48:00,VIVE
2.985,2.985,2.95,2.96,3505,2021-04-23 14:50:00,VIVE
2.9844,2.9844,2.9844,2.9844,128,2021-04-23 14:54:00,VIVE
2.965,2.965,2.965,2.965,100,2021-04-23 14:56:00,VIVE
2.95,2.98,2.95,2.98,230,2021-04-23 14:59:00,VIVE
2.975,2.99,2.975,2.99,400,2021-04-23 15:15:00,VIVE
2.98,2.98,2.95,2.95,6804,2021-04-23 15:35:00,VIVE
2.95,2.95,2.94,2.9427,1075,2021-04-23 15:37:00,VIVE
2.97,2.97,2.9522,2.9522,606,2021-04-23 15:45:00,VIVE
2.96,2.96,2.96,2.96,500,2021-04-23 15:55:00,VIVE
2.97,2.97,2.92,2.96,2750,2021-04-23 16:14:00,VIVE
2.96,2.96,2.96,2.96,170,2021-04-23 16:17:00,VIVE
2.9574,2.9574,2.9574,2.9574,679,2021-04-23 16:38:00,VIVE
2.9335,2.9335,2.9335,2.9335,433,2021-04-23 16:40:00,VIVE
2.9326,2.9326,2.9326,2.9326,682,2021-04-23 16:45:00,VIVE
2.9301,2.9301,2.9301,2.9301,1200,2021-04-23 16:48:00,VIVE
2.959,2.96,2.959,2.96,983,2021-04-23 16:50:00,VIVE
2.96,2.96,2.96,2.96,100,2021-04-23 16:53:00,VIVE
2.96,2.96,2.96,2.96,1100,2021-04-23 16:55:00,VIVE
2.9328,2.9328,2.9328,2.9328,680,2021-04-23 16:57:00,VIVE
2.96,2.96,2.96,2.96,300,2021-04-23 17:00:00,VIVE
2.94,2.94,2.94,2.94,530,2021-04-23 17:05:00,VIVE
2.96,2.96,2.96,2.96,100,2021-04-23 17:06:00,VIVE
2.96,2.96,2.96,2.96,100,2021-04-23 17:14:00,VIVE
2.951,2.951,2.951,2.951,500,2021-04-23 17:30:00,VIVE
2.98,2.98,2.9615,2.98,679,2021-04-23 17:40:00,VIVE
2.9687,2.9687,2.9687,2.9687,200,2021-04-23 17:45:00,VIVE
2.98,2.98,2.98,2.98,100,2021-04-23 17:46:00,VIVE
2.98,2.99,2.98,2.99,200,2021-04-23 17:47:00,VIVE
2.99,2.99,2.9726,2.9726,1250,2021-04-23 17:50:00,VIVE
2.99,2.99,2.99,2.99,300,2021-04-23 17:52:00,VIVE
2.99,2.99,2.99,2.99,100,2021-04-23 17:53:00,VIVE
3.0,3.0,3.0,3.0,300,2021-04-23 17:58:00,VIVE
3.0,3.0,3.0,3.0,300,2021-04-23 18:03:00,VIVE
3.0,3.0,3.0,3.0,100,2021-04-23 18:04:00,VIVE
2.9824,2.9824,2.9824,2.9824,100,2021-04-23 18:05:00,VIVE
3.0,3.0,3.0,3.0,1000,2021-04-23 18:07:00,VIVE
3.0,3.0,3.0,3.0,400,2021-04-23 18:09:00,VIVE
3.0,3.0,3.0,3.0,300,2021-04-23 18:12:00,VIVE
3.0,3.0,3.0,3.0,1800,2021-04-23 18:14:00,VIVE
3.01,3.01,3.01,3.01,300,2021-04-23 18:20:00,VIVE
3.01,3.01,3.01,3.01,200,2021-04-23 18:21:00,VIVE
3.01,3.01,3.01,3.01,100,2021-04-23 18:26:00,VIVE
3.0,3.0,2.9973,2.9973,250,2021-04-23 18:28:00,VIVE
3.0,3.01,3.0,3.01,800,2021-04-23 18:29:00,VIVE
3.01,3.01,3.01,3.01,450,2021-04-23 18:34:00,VIVE
3.0393,3.0393,3.0393,3.0393,3000,2021-04-23 18:37:00,VIVE
3.04,3.04,3.04,3.04,300,2021-04-23 18:38:00,VIVE
3.04,3.04,3.04,3.04,400,2021-04-23 18:39:00,VIVE
3.07,3.07,3.07,3.07,400,2021-04-23 18:43:00,VIVE
3.07,3.07,3.07,3.07,100,2021-04-23 18:45:00,VIVE
3.07,3.07,3.07,3.07,400,2021-04-23 18:47:00,VIVE
3.07,3.07,3.0285,3.0285,200,2021-04-23 18:49:00,VIVE
3.048,3.06,3.048,3.06,500,2021-04-23 18:51:00,VIVE
3.06,3.06,3.06,3.06,535,2021-04-23 18:52:00,VIVE
3.06,3.06,3.04,3.04,220,2021-04-23 18:53:00,VIVE
3.06,3.06,3.06,3.06,300,2021-04-23 18:54:00,VIVE
3.06,3.06,3.0573,3.0573,800,2021-04-23 18:55:00,VIVE
3.06,3.06,3.06,3.06,300,2021-04-23 18:56:00,VIVE
3.06,3.06,3.06,3.06,100,2021-04-23 18:57:00,VIVE
3.06,3.07,3.06,3.07,300,2021-04-23 18:58:00,VIVE
3.07,3.07,3.07,3.07,300,2021-04-23 19:00:00,VIVE
3.0409,3.0409,3.0409,3.0409,190,2021-04-23 19:01:00,VIVE
3.06,3.07,3.06,3.07,640,2021-04-23 19:02:00,VIVE
3.07,3.07,3.07,3.07,200,2021-04-23 19:03:00,VIVE
3.07,3.07,3.0401,3.0401,2100,2021-04-23 19:05:00,VIVE
3.07,3.07,3.07,3.07,400,2021-04-23 19:06:00,VIVE
3.07,3.07,3.07,3.07,100,2021-04-23 19:08:00,VIVE
3.06,3.06,3.06,3.06,400,2021-04-23 19:09:00,VIVE
3.06,3.06,3.06,3.06,100,2021-04-23 19:10:00,VIVE
3.04,3.04,3.04,3.04,1100,2021-04-23 19:11:00,VIVE
3.0408,3.05,3.04,3.0401,2500,2021-04-23 19:14:00,VIVE
3.04,3.04,3.02,3.03,2100,2021-04-23 19:19:00,VIVE
3.03,3.03,3.03,3.03,100,2021-04-23 19:20:00,VIVE
3.03,3.03,3.03,3.03,100,2021-04-23 19:22:00,VIVE
3.02,3.02,3.02,3.02,100,2021-04-23 19:23:00,VIVE
3.04,3.04,3.03,3.03,300,2021-04-23 19:24:00,VIVE
3.015,3.02,3.0111,3.02,850,2021-04-23 19:27:00,VIVE
3.01,3.012,3.01,3.0105,4495,2021-04-23 19:28:00,VIVE
3.0,3.01,2.9908,2.9908,6800,2021-04-23 19:29:00,VIVE
2.99,3.01,2.99,3.01,1300,2021-04-23 19:30:00,VIVE
3.01,3.01,2.97,2.97,3100,2021-04-23 19:31:00,VIVE
2.99,3.0,2.99,3.0,448,2021-04-23 19:36:00,VIVE
3.02,3.02,3.0115,3.0115,441,2021-04-23 19:37:00,VIVE
3.01,3.02,3.01,3.02,500,2021-04-23 19:38:00,VIVE
3.01,3.0115,3.01,3.0115,2250,2021-04-23 19:39:00,VIVE
3.02,3.02,3.02,3.02,100,2021-04-23 19:42:00,VIVE
3.01,3.01,3.01,3.01,200,2021-04-23 19:43:00,VIVE
3.02,3.02,3.01,3.01,200,2021-04-23 19:45:00,VIVE
3.0,3.02,3.0,3.02,1000,2021-04-23 19:47:00,VIVE
3.015,3.015,3.015,3.015,100,2021-04-23 19:48:00,VIVE
3.015,3.015,3.015,3.015,352,2021-04-23 19:49:00,VIVE
3.02,3.02,3.02,3.02,321,2021-04-23 19:50:00,VIVE
3.02,3.02,3.02,3.02,100,2021-04-23 19:51:00,VIVE
3.01,3.0145,3.01,3.01,5439,2021-04-23 19:52:00,VIVE
3.02,3.02,3.02,3.02,100,2021-04-23 19:53:00,VIVE
3.01,3.02,3.01,3.02,400,2021-04-23 19:54:00,VIVE
3.02,3.02,3.02,3.02,200,2021-04-23 19:55:00,VIVE
3.017,3.017,3.017,3.017,500,2021-04-23 19:56:00,VIVE
3.02,3.02,3.02,3.02,200,2021-04-23 19:57:00,VIVE
3.0,3.0,3.0,3.0,200,2021-04-23 19:58:00,VIVE
3.0,3.0,2.97,2.98,3460,2021-04-23 19:59:00,VIVE
3.0,3.0,3.0,3.0,3844,2021-04-23 20:00:00,VIVE
2.94,2.94,2.94,2.94,100,2021-04-23 21:10:00,VIVE
3.0,3.0,3.0,3.0,299,2021-04-23 23:57:00,VIVE
3.0,3.0,3.0,3.0,250,2021-04-26 12:32:00,VIVE
3.0,3.0,3.0,3.0,100,2021-04-26 12:58:00,VIVE
3.0,3.0,3.0,3.0,1150,2021-04-26 13:30:00,VIVE
3.025,3.025,3.025,3.025,6000,2021-04-26 13:31:00,VIVE
3.0099,3.0099,3.0099,3.0099,428,2021-04-26 13:32:00,VIVE
3.0,3.0,3.0,3.0,346,2021-04-26 13:34:00,VIVE
3.0,3.01,3.0,3.01,5244,2021-04-26 13:35:00,VIVE
3.015,3.015,3.015,3.015,299,2021-04-26 13:36:00,VIVE
2.99,2.99,2.97,2.97,745,2021-04-26 13:38:00,VIVE
3.0,3.0,3.0,3.0,300,2021-04-26 13:55:00,VIVE
3.0,3.0,3.0,3.0,550,2021-04-26 13:58:00,VIVE
2.99,2.99,2.99,2.99,100,2021-04-26 13:59:00,VIVE
3.0,3.0,3.0,3.0,100,2021-04-26 14:00:00,VIVE
2.99,3.03,2.99,3.03,280,2021-04-26 14:08:00,VIVE
3.03,3.03,3.03,3.03,100,2021-04-26 14:27:00,VIVE
3.01,3.01,3.01,3.01,233,2021-04-26 14:32:00,VIVE
3.01,3.0125,3.01,3.0125,600,2021-04-26 14:33:00,VIVE
3.04,3.04,3.04,3.04,100,2021-04-26 14:38:00,VIVE
3.01,3.01,3.01,3.01,216,2021-04-26 14:40:00,VIVE
3.0,3.0,3.0,3.0,100,2021-04-26 14:42:00,VIVE
3.0,3.02,3.0,3.02,938,2021-04-26 14:43:00,VIVE
3.01,3.01,3.01,3.01,176,2021-04-26 14:46:00,VIVE
3.05,3.05,3.05,3.05,200,2021-04-26 14:49:00,VIVE
3.0499,3.05,3.0499,3.05,300,2021-04-26 14:50:00,VIVE
3.05,3.05,3.05,3.05,1710,2021-04-26 14:51:00,VIVE
3.05,3.05,3.05,3.05,1600,2021-04-26 14:52:00,VIVE
3.06,3.06,3.06,3.06,100,2021-04-26 14:53:00,VIVE
3.06,3.06,3.06,3.06,300,2021-04-26 14:54:00,VIVE
3.0501,3.0501,3.0501,3.0501,250,2021-04-26 14:58:00,VIVE
3.06,3.06,3.06,3.06,204,2021-04-26 14:59:00,VIVE
3.055,3.055,3.055,3.055,200,2021-04-26 15:04:00,VIVE
3.06,3.06,3.06,3.06,100,2021-04-26 15:09:00,VIVE
3.0599,3.0599,3.0599,3.0599,180,2021-04-26 15:11:00,VIVE
3.057,3.06,3.057,3.06,300,2021-04-26 15:12:00,VIVE
3.0599,3.06,3.0599,3.06,200,2021-04-26 15:13:00,VIVE
3.06,3.07,3.06,3.07,1160,2021-04-26 15:14:00,VIVE
3.065,3.07,3.065,3.07,550,2021-04-26 15:17:00,VIVE
3.07,3.07,3.07,3.07,2000,2021-04-26 15:18:00,VIVE
3.08,3.08,3.08,3.08,100,2021-04-26 15:19:00,VIVE
3.08,3.08,3.08,3.08,100,2021-04-26 15:20:00,VIVE
3.0706,3.08,3.0706,3.075,939,2021-04-26 15:22:00,VIVE
3.07,3.07,3.06,3.07,3800,2021-04-26 15:23:00,VIVE
3.07,3.07,3.07,3.07,200,2021-04-26 15:27:00,VIVE
3.08,3.08,3.05,3.05,300,2021-04-26 15:28:00,VIVE
3.065,3.065,3.065,3.065,333,2021-04-26 15:31:00,VIVE
3.0535,3.08,3.0535,3.08,400,2021-04-26 15:34:00,VIVE
3.065,3.065,3.065,3.065,250,2021-04-26 15:37:00,VIVE
3.065,3.08,3.065,3.08,1100,2021-04-26 15:38:00,VIVE
3.065,3.08,3.065,3.065,990,2021-04-26 15:39:00,VIVE
3.07,3.08,3.07,3.08,1800,2021-04-26 15:42:00,VIVE
3.08,3.08,3.08,3.08,500,2021-04-26 15:44:00,VIVE
3.08,3.08,3.08,3.08,1100,2021-04-26 15:51:00,VIVE
3.0546,3.0546,3.0546,3.0546,250,2021-04-26 15:52:00,VIVE
3.07,3.08,3.07,3.07,2804,2021-04-26 15:57:00,VIVE
3.07,3.07,3.07,3.07,1000,2021-04-26 15:58:00,VIVE
3.065,3.065,3.06,3.06,500,2021-04-26 16:00:00,VIVE
3.065,3.065,3.05,3.05,300,2021-04-26 16:04:00,VIVE
3.065,3.08,3.06,3.08,2600,2021-04-26 16:06:00,VIVE
3.05,3.05,3.05,3.05,150,2021-04-26 16:08:00,VIVE
3.06,3.06,3.06,3.06,600,2021-04-26 16:13:00,VIVE
3.07,3.07,3.07,3.07,2500,2021-04-26 16:14:00,VIVE
3.08,3.08,3.08,3.08,500,2021-04-26 16:15:00,VIVE
3.07,3.07,3.07,3.07,100,2021-04-26 16:16:00,VIVE
3.0709,3.0709,3.0709,3.0709,100,2021-04-26 16:20:00,VIVE
3.07,3.08,3.07,3.08,3193,2021-04-26 16:30:00,VIVE
3.0754,3.08,3.0754,3.08,2000,2021-04-26 16:31:00,VIVE
3.08,3.1,3.08,3.1,3689,2021-04-26 16:32:00,VIVE
3.1,3.1,3.1,3.1,2915,2021-04-26 16:33:00,VIVE
3.13,3.15,3.13,3.15,2830,2021-04-26 16:34:00,VIVE
3.12,3.12,3.12,3.12,445,2021-04-26 16:35:00,VIVE
3.13,3.13,3.12,3.12,1643,2021-04-26 16:36:00,VIVE
3.11,3.14,3.11,3.14,600,2021-04-26 16:37:00,VIVE
3.1252,3.1252,3.1252,3.1252,145,2021-04-26 16:40:00,VIVE
3.1,3.1,3.1,3.1,100,2021-04-26 16:42:00,VIVE
3.1084,3.1084,3.1084,3.1084,300,2021-04-26 16:43:00,VIVE
3.11,3.11,3.11,3.11,400,2021-04-26 16:45:00,VIVE
3.11,3.11,3.1001,3.1001,2714,2021-04-26 16:49:00,VIVE
3.1,3.107,3.1,3.107,1000,2021-04-26 16:50:00,VIVE
3.1038,3.1038,3.1,3.1,1200,2021-04-26 16:51:00,VIVE
3.1,3.1,3.1,3.1,100,2021-04-26 16:54:00,VIVE
3.1,3.1,3.095,3.095,2906,2021-04-26 16:59:00,VIVE
3.1,3.1,3.1,3.1,100,2021-04-26 17:00:00,VIVE
3.1,3.1,3.1,3.1,400,2021-04-26 17:07:00,VIVE
3.095,3.095,3.095,3.095,500,2021-04-26 17:14:00,VIVE
3.0901,3.1,3.0901,3.1,405,2021-04-26 17:16:00,VIVE
3.095,3.095,3.095,3.095,100,2021-04-26 17:19:00,VIVE
3.095,3.1,3.095,3.095,500,2021-04-26 17:22:00,VIVE
3.0904,3.095,3.0904,3.095,340,2021-04-26 17:25:00,VIVE
3.1,3.1,3.1,3.1,300,2021-04-26 17:28:00,VIVE
3.095,3.095,3.095,3.095,200,2021-04-26 17:29:00,VIVE
3.095,3.1,3.095,3.1,300,2021-04-26 17:33:00,VIVE
3.1,3.12,3.08,3.12,44237,2021-04-26 17:36:00,VIVE
3.11,3.1184,3.11,3.1184,2100,2021-04-26 17:38:00,VIVE
3.1021,3.1021,3.1021,3.1021,100,2021-04-26 17:39:00,VIVE
3.11,3.11,3.11,3.11,100,2021-04-26 17:40:00,VIVE
3.11,3.12,3.11,3.12,200,2021-04-26 17:43:00,VIVE
3.104,3.11,3.1,3.1,5610,2021-04-26 17:44:00,VIVE
3.11,3.12,3.11,3.12,200,2021-04-26 17:46:00,VIVE
3.11,3.11,3.11,3.11,100,2021-04-26 17:47:00,VIVE
3.11,3.11,3.1,3.11,2900,2021-04-26 17:48:00,VIVE
3.11,3.11,3.11,3.11,100,2021-04-26 17:49:00,VIVE
3.12,3.12,3.12,3.12,600,2021-04-26 17:50:00,VIVE
3.1145,3.1145,3.1145,3.1145,200,2021-04-26 17:51:00,VIVE
3.1107,3.1107,3.1107,3.1107,1000,2021-04-26 17:52:00,VIVE
3.12,3.13,3.12,3.125,6660,2021-04-26 17:55:00,VIVE
3.12,3.12,3.12,3.12,200,2021-04-26 17:58:00,VIVE
3.1229,3.1229,3.1229,3.1229,200,2021-04-26 17:59:00,VIVE
3.14,3.14,3.14,3.14,100,2021-04-26 18:03:00,VIVE
3.14,3.14,3.14,3.14,627,2021-04-26 18:05:00,VIVE
3.1401,3.15,3.1401,3.15,1000,2021-04-26 18:07:00,VIVE
3.15,3.15,3.15,3.15,902,2021-04-26 18:09:00,VIVE
3.15,3.15,3.15,3.15,100,2021-04-26 18:12:00,VIVE
3.16,3.16,3.16,3.16,100,2021-04-26 18:13:00,VIVE
3.16,3.16,3.16,3.16,100,2021-04-26 18:14:00,VIVE
3.15,3.15,3.15,3.15,150,2021-04-26 18:15:00,VIVE
3.17,3.17,3.17,3.17,100,2021-04-26 18:19:00,VIVE
3.16,3.17,3.16,3.17,200,2021-04-26 18:21:00,VIVE
3.16,3.16,3.155,3.155,200,2021-04-26 18:23:00,VIVE
3.16,3.16,3.16,3.16,120,2021-04-26 18:25:00,VIVE
3.16,3.16,3.16,3.16,392,2021-04-26 18:26:00,VIVE
3.16,3.16,3.16,3.16,100,2021-04-26 18:27:00,VIVE
3.16,3.16,3.16,3.16,1030,2021-04-26 18:28:00,VIVE
3.1506,3.1506,3.15,3.15,676,2021-04-26 18:30:00,VIVE
3.15,3.15,3.13,3.13,200,2021-04-26 18:31:00,VIVE
3.135,3.14,3.135,3.14,200,2021-04-26 18:35:00,VIVE
3.1338,3.1338,3.1338,3.1338,100,2021-04-26 18:36:00,VIVE
3.131,3.135,3.131,3.135,3200,2021-04-26 18:38:00,VIVE
3.14,3.14,3.14,3.14,100,2021-04-26 18:39:00,VIVE
3.13,3.13,3.13,3.13,1160,2021-04-26 18:42:00,VIVE
3.1,3.1,3.095,3.095,1800,2021-04-26 18:46:00,VIVE
3.1,3.12,3.1,3.12,800,2021-04-26 18:47:00,VIVE
3.12,3.12,3.12,3.12,423,2021-04-26 18:48:00,VIVE
3.1,3.1,3.1,3.1,100,2021-04-26 18:50:00,VIVE
3.1151,3.12,3.1151,3.12,200,2021-04-26 18:51:00,VIVE
3.09,3.09,3.09,3.09,100,2021-04-26 18:56:00,VIVE
3.1,3.1,3.1,3.1,200,2021-04-26 18:59:00,VIVE
3.1,3.1,3.0922,3.0922,400,2021-04-26 19:00:00,VIVE
3.1,3.1,3.1,3.1,100,2021-04-26 19:01:00,VIVE
3.1,3.1,3.1,3.1,100,2021-04-26 19:05:00,VIVE
3.1,3.1,3.1,3.1,100,2021-04-26 19:07:00,VIVE
3.11,3.11,3.1095,3.1095,200,2021-04-26 19:09:00,VIVE
3.105,3.105,3.105,3.105,300,2021-04-26 19:11:00,VIVE
3.11,3.12,3.11,3.12,750,2021-04-26 19:12:00,VIVE
3.1118,3.1118,3.1118,3.1118,140,2021-04-26 19:15:00,VIVE
3.11,3.11,3.11,3.11,1000,2021-04-26 19:16:00,VIVE
3.12,3.12,3.115,3.115,200,2021-04-26 19:18:00,VIVE
3.115,3.115,3.115,3.115,100,2021-04-26 19:20:00,VIVE
3.115,3.115,3.115,3.115,100,2021-04-26 19:22:00,VIVE
3.11,3.11,3.11,3.11,782,2021-04-26 19:25:00,VIVE
3.1101,3.1101,3.1101,3.1101,200,2021-04-26 19:26:00,VIVE
3.11,3.11,3.1,3.11,1200,2021-04-26 19:27:00,VIVE
3.1,3.1,3.1,3.1,7400,2021-04-26 19:29:00,VIVE
3.1,3.11,3.08,3.08,3284,2021-04-26 19:30:00,VIVE
3.1001,3.1001,3.1,3.1,600,2021-04-26 19:32:00,VIVE
3.11,3.11,3.11,3.11,200,2021-04-26 19:34:00,VIVE
3.12,3.12,3.12,3.12,100,2021-04-26 19:37:00,VIVE
3.11,3.11,3.1,3.1,200,2021-04-26 19:38:00,VIVE
3.11,3.11,3.11,3.11,100,2021-04-26 19:39:00,VIVE
3.12,3.12,3.12,3.12,200,2021-04-26 19:40:00,VIVE
3.12,3.12,3.12,3.12,100,2021-04-26 19:41:00,VIVE
3.1,3.1,3.1,3.1,100,2021-04-26 19:42:00,VIVE
3.1,3.1,3.1,3.1,100,2021-04-26 19:44:00,VIVE
3.12,3.12,3.1,3.12,800,2021-04-26 19:46:00,VIVE
3.1,3.11,3.1,3.11,300,2021-04-26 19:47:00,VIVE
3.1073,3.11,3.1073,3.11,200,2021-04-26 19:48:00,VIVE
3.11,3.11,3.11,3.11,100,2021-04-26 19:50:00,VIVE
3.11,3.11,3.11,3.11,100,2021-04-26 19:51:00,VIVE
3.11,3.11,3.11,3.11,100,2021-04-26 19:52:00,VIVE
3.11,3.11,3.11,3.11,3800,2021-04-26 19:53:00,VIVE
3.1,3.1,3.1,3.1,100,2021-04-26 19:54:00,VIVE
3.105,3.105,3.105,3.105,100,2021-04-26 19:55:00,VIVE
3.105,3.105,3.1,3.105,1200,2021-04-26 19:56:00,VIVE
3.1064,3.1064,3.1,3.105,2840,2021-04-26 19:57:00,VIVE
3.11,3.11,3.1,3.1,1678,2021-04-26 19:58:00,VIVE
3.1,3.11,3.1,3.11,1200,2021-04-26 19:59:00,VIVE
3.11,3.11,3.1,3.1,324,2021-04-26 20:00:00,VIVE
3.07,3.07,3.07,3.07,100,2021-04-26 20:15:00,VIVE
3.07,3.07,3.07,3.07,200,2021-04-26 20:18:00,VIVE
3.07,3.07,3.07,3.07,100,2021-04-26 20:20:00,VIVE
3.0,3.0,3.0,3.0,500,2021-04-26 23:14:00,VIVE
2.95,2.95,2.94,2.94,2802,2021-04-26 23:18:00,VIVE
3.1,3.1,3.1,3.1,100,2021-04-27 10:33:00,VIVE
3.09,3.09,3.09,3.09,207,2021-04-27 10:49:00,VIVE
3.09,3.09,3.09,3.09,769,2021-04-27 10:57:00,VIVE
3.09,3.09,3.09,3.09,231,2021-04-27 11:01:00,VIVE
3.07,3.07,3.07,3.07,500,2021-04-27 13:02:00,VIVE
3.07,3.07,3.07,3.07,500,2021-04-27 13:18:00,VIVE
3.07,3.07,3.07,3.07,2529,2021-04-27 13:30:00,VIVE
3.07,3.09,3.07,3.09,1572,2021-04-27 13:31:00,VIVE
3.07,3.07,3.07,3.07,269,2021-04-27 13:33:00,VIVE
3.088,3.088,3.088,3.088,200,2021-04-27 13:35:00,VIVE
3.09,3.09,3.09,3.09,100,2021-04-27 13:38:00,VIVE
3.07,3.07,3.06,3.06,3490,2021-04-27 13:41:00,VIVE
3.04,3.04,3.04,3.04,400,2021-04-27 13:42:00,VIVE
3.0457,3.0457,3.0401,3.0401,900,2021-04-27 13:43:00,VIVE
3.06,3.06,3.06,3.06,500,2021-04-27 13:48:00,VIVE
3.06,3.08,3.06,3.08,405,2021-04-27 13:49:00,VIVE
3.0862,3.0862,3.0862,3.0862,259,2021-04-27 13:50:00,VIVE
3.08,3.1,3.0752,3.1,10750,2021-04-27 13:57:00,VIVE
3.1,3.1,3.1,3.1,100,2021-04-27 13:58:00,VIVE
3.1,3.1,3.1,3.1,200,2021-04-27 14:03:00,VIVE
3.095,3.095,3.0737,3.09,600,2021-04-27 14:08:00,VIVE
3.0712,3.0712,3.0712,3.0712,250,2021-04-27 14:27:00,VIVE
3.07,3.0727,3.04,3.04,750,2021-04-27 14:32:00,VIVE
3.08,3.08,3.08,3.08,200,2021-04-27 14:34:00,VIVE
3.0528,3.0528,3.0528,3.0528,500,2021-04-27 14:35:00,VIVE
3.08,3.08,3.06,3.06,966,2021-04-27 14:49:00,VIVE
3.075,3.075,3.075,3.075,100,2021-04-27 14:50:00,VIVE
3.0794,3.08,3.07,3.08,949,2021-04-27 14:53:00,VIVE
3.08,3.08,3.08,3.08,100,2021-04-27 14:55:00,VIVE
3.08,3.08,3.08,3.08,100,2021-04-27 14:59:00,VIVE
3.0714,3.08,3.0714,3.08,591,2021-04-27 15:01:00,VIVE
3.08,3.1,3.075,3.1,3238,2021-04-27 15:04:00,VIVE
3.0827,3.1,3.08,3.08,2672,2021-04-27 15:05:00,VIVE
3.075,3.075,3.075,3.075,1100,2021-04-27 15:07:00,VIVE
3.075,3.075,3.07,3.07,300,2021-04-27 15:08:00,VIVE
3.06,3.07,3.06,3.07,4200,2021-04-27 15:09:00,VIVE
3.065,3.07,3.065,3.07,4500,2021-04-27 15:17:00,VIVE
3.07,3.1,3.07,3.1,6468,2021-04-27 15:20:00,VIVE
3.1,3.1,3.1,3.1,866,2021-04-27 15:26:00,VIVE
3.1,3.1,3.1,3.1,200,2021-04-27 15:32:00,VIVE
3.1,3.1,3.1,3.1,300,2021-04-27 15:36:00,VIVE
3.095,3.1,3.095,3.1,600,2021-04-27 15:48:00,VIVE
3.1,3.1,3.1,3.1,992,2021-04-27 15:52:00,VIVE
3.095,3.095,3.095,3.095,298,2021-04-27 15:57:00,VIVE
3.09,3.1,3.09,3.1,1100,2021-04-27 16:00:00,VIVE
3.1,3.1,3.1,3.1,100,2021-04-27 16:02:00,VIVE
3.1,3.1,3.0901,3.0901,1300,2021-04-27 16:03:00,VIVE
3.0906,3.095,3.09,3.09,2700,2021-04-27 16:04:00,VIVE
3.09,3.09,3.09,3.09,227,2021-04-27 16:06:00,VIVE
3.09,3.09,3.09,3.09,100,2021-04-27 16:08:00,VIVE
3.08,3.08,3.07,3.08,2000,2021-04-27 16:19:00,VIVE
3.09,3.09,3.09,3.09,750,2021-04-27 16:23:00,VIVE
3.0872,3.0872,3.0872,3.0872,300,2021-04-27 17:07:00,VIVE
3.08,3.08,3.08,3.08,162,2021-04-27 17:26:00,VIVE
3.07,3.07,3.07,3.07,900,2021-04-27 17:27:00,VIVE
3.05,3.06,3.05,3.05,1096,2021-04-27 17:33:00,VIVE
3.0491,3.0491,3.0491,3.0491,100,2021-04-27 17:37:00,VIVE
3.04,3.04,3.01,3.01,1295,2021-04-27 17:38:00,VIVE
3.015,3.015,3.01,3.01,5070,2021-04-27 17:39:00,VIVE
3.04,3.04,3.025,3.025,200,2021-04-27 17:43:00,VIVE
3.04,3.04,3.04,3.04,100,2021-04-27 17:47:00,VIVE
3.04,3.04,3.04,3.04,100,2021-04-27 17:55:00,VIVE
3.0335,3.0335,3.0335,3.0335,250,2021-04-27 18:02:00,VIVE
3.0386,3.0386,3.02,3.02,3000,2021-04-27 18:23:00,VIVE
3.024,3.04,3.024,3.025,700,2021-04-27 18:25:00,VIVE
3.04,3.04,3.04,3.04,100,2021-04-27 18:28:00,VIVE
3.04,3.04,3.04,3.04,100,2021-04-27 18:32:00,VIVE
3.04,3.04,3.04,3.04,100,2021-04-27 18:40:00,VIVE
3.0128,3.025,3.0128,3.025,1000,2021-04-27 18:41:00,VIVE
3.01,3.01,3.01,3.01,200,2021-04-27 18:50:00,VIVE
3.0237,3.0237,3.0237,3.0237,100,2021-04-27 18:55:00,VIVE
3.04,3.04,3.035,3.035,400,2021-04-27 19:01:00,VIVE
3.0308,3.035,3.0308,3.035,200,2021-04-27 19:09:00,VIVE
3.0389,3.0389,3.0389,3.0389,500,2021-04-27 19:33:00,VIVE
3.0399,3.0399,3.0399,3.0399,100,2021-04-27 19:35:00,VIVE
3.04,3.04,3.04,3.04,100,2021-04-27 19:38:00,VIVE
3.04,3.04,3.04,3.04,100,2021-04-27 19:43:00,VIVE
3.0386,3.0386,3.0386,3.0386,107,2021-04-27 19:49:00,VIVE
3.03,3.035,3.03,3.035,459,2021-04-27 19:51:00,VIVE
3.0387,3.04,3.0387,3.04,292,2021-04-27 19:52:00,VIVE
3.04,3.04,3.04,3.04,400,2021-04-27 19:54:00,VIVE
3.04,3.04,3.04,3.04,2500,2021-04-27 19:56:00,VIVE
3.04,3.04,3.04,3.04,587,2021-04-27 19:58:00,VIVE
3.06,3.06,3.03,3.06,948,2021-04-27 19:59:00,VIVE
3.04,3.04,3.04,3.04,199,2021-04-27 20:00:00,VIVE
3.03,3.03,3.03,3.03,490,2021-04-27 20:02:00,VIVE
3.04,3.04,3.04,3.04,490,2021-04-28 13:30:00,VIVE
3.035,3.035,3.035,3.035,100,2021-04-28 13:37:00,VIVE
3.03,3.03,3.0,3.0,900,2021-04-28 13:40:00,VIVE
3.03,3.03,3.03,3.03,100,2021-04-28 13:41:00,VIVE
3.0022,3.0022,3.0022,3.0022,1000,2021-04-28 13:44:00,VIVE
3.04,3.04,3.04,3.04,205,2021-04-28 13:49:00,VIVE
3.025,3.025,3.025,3.025,200,2021-04-28 14:01:00,VIVE
3.01,3.01,3.01,3.01,172,2021-04-28 14:06:00,VIVE
3.02,3.03,3.01,3.0273,800,2021-04-28 14:07:00,VIVE
3.01,3.02,3.0,3.0,2799,2021-04-28 14:14:00,VIVE
3.0,3.02,3.0,3.02,1084,2021-04-28 14:17:00,VIVE
3.0106,3.0106,2.97,2.99,4042,2021-04-28 14:18:00,VIVE
2.971,2.98,2.971,2.98,2200,2021-04-28 14:28:00,VIVE
2.975,2.975,2.97,2.9701,1800,2021-04-28 14:35:00,VIVE
2.9607,2.9607,2.9607,2.9607,258,2021-04-28 14:37:00,VIVE
2.9651,2.9651,2.9651,2.9651,1000,2021-04-28 14:38:00,VIVE
2.9608,2.9608,2.9608,2.9608,157,2021-04-28 14:39:00,VIVE
2.9601,2.965,2.9601,2.965,398,2021-04-28 14:40:00,VIVE
2.965,2.965,2.95,2.96,2431,2021-04-28 14:42:00,VIVE
2.95,2.95,2.95,2.95,411,2021-04-28 14:43:00,VIVE
2.95,2.95,2.95,2.95,145,2021-04-28 14:45:00,VIVE
2.95,2.95,2.95,2.95,500,2021-04-28 14:47:00,VIVE
2.96,2.97,2.95,2.96,1194,2021-04-28 14:49:00,VIVE
2.97,2.99,2.97,2.99,400,2021-04-28 14:50:00,VIVE
3.0,3.0,3.0,3.0,300,2021-04-28 14:55:00,VIVE
2.98,2.98,2.98,2.98,900,2021-04-28 15:01:00,VIVE
2.98,2.98,2.98,2.98,100,2021-04-28 15:04:00,VIVE
2.98,2.98,2.98,2.98,300,2021-04-28 15:07:00,VIVE
2.975,2.975,2.975,2.975,100,2021-04-28 15:15:00,VIVE
2.97,2.98,2.97,2.98,604,2021-04-28 15:17:00,VIVE
2.9886,2.9886,2.9886,2.9886,300,2021-04-28 15:18:00,VIVE
2.9817,2.9817,2.9817,2.9817,106,2021-04-28 15:20:00,VIVE
2.9801,2.985,2.9801,2.985,1100,2021-04-28 15:21:00,VIVE
2.98,2.98,2.98,2.98,100,2021-04-28 15:29:00,VIVE
2.9807,2.9807,2.9807,2.9807,100,2021-04-28 15:30:00,VIVE
2.975,2.975,2.975,2.975,316,2021-04-28 15:33:00,VIVE
2.98,2.98,2.98,2.98,500,2021-04-28 15:35:00,VIVE
2.99,2.99,2.99,2.99,300,2021-04-28 15:42:00,VIVE
2.995,2.995,2.995,2.995,400,2021-04-28 15:48:00,VIVE
2.99,3.0,2.99,3.0,2400,2021-04-28 15:56:00,VIVE
3.01,3.03,3.01,3.03,4339,2021-04-28 16:01:00,VIVE
3.03,3.04,3.03,3.04,890,2021-04-28 16:06:00,VIVE
3.0201,3.04,3.0201,3.04,1700,2021-04-28 16:11:00,VIVE
3.0383,3.0383,3.0383,3.0383,299,2021-04-28 16:20:00,VIVE
3.0308,3.0308,3.0308,3.0308,200,2021-04-28 16:29:00,VIVE
3.04,3.09,3.04,3.08,14429,2021-04-28 16:31:00,VIVE
3.075,3.075,3.075,3.075,250,2021-04-28 16:33:00,VIVE
3.06,3.06,3.06,3.06,104,2021-04-28 16:36:00,VIVE
3.08,3.08,3.08,3.08,100,2021-04-28 16:37:00,VIVE
3.08,3.08,3.08,3.08,100,2021-04-28 16:44:00,VIVE
3.079,3.1,3.079,3.1,55040,2021-04-28 16:52:00,VIVE
3.09,3.1,3.08,3.09,3600,2021-04-28 16:53:00,VIVE
3.11,3.11,3.1,3.11,900,2021-04-28 16:54:00,VIVE
3.1,3.12,3.1,3.12,510,2021-04-28 16:56:00,VIVE
3.12,3.12,3.12,3.12,8934,2021-04-28 16:57:00,VIVE
3.12,3.16,3.1187,3.16,4340,2021-04-28 17:08:00,VIVE
3.159,3.18,3.14,3.14,6393,2021-04-28 17:09:00,VIVE
3.14,3.18,3.14,3.18,590,2021-04-28 17:10:00,VIVE
3.18,3.18,3.14,3.14,558,2021-04-28 17:11:00,VIVE
3.15,3.15,3.15,3.15,1404,2021-04-28 17:14:00,VIVE
3.14,3.14,3.14,3.14,374,2021-04-28 17:15:00,VIVE
3.1491,3.1491,3.1491,3.1491,1000,2021-04-28 17:16:00,VIVE
3.14,3.14,3.14,3.14,700,2021-04-28 17:22:00,VIVE
3.12,3.12,3.12,3.12,200,2021-04-28 17:23:00,VIVE
3.115,3.125,3.115,3.125,300,2021-04-28 17:29:00,VIVE
3.12,3.12,3.12,3.12,556,2021-04-28 17:42:00,VIVE
3.12,3.12,3.11,3.11,3200,2021-04-28 17:45:00,VIVE
3.1014,3.1014,3.1,3.1,1300,2021-04-28 17:47:00,VIVE
3.101,3.101,3.101,3.101,142,2021-04-28 17:58:00,VIVE
3.1044,3.1044,3.1044,3.1044,1000,2021-04-28 18:01:00,VIVE
3.11,3.11,3.11,3.11,300,2021-04-28 18:02:00,VIVE
3.1127,3.1127,3.11,3.11,1398,2021-04-28 18:14:00,VIVE
3.1,3.1,3.1,3.1,704,2021-04-28 18:18:00,VIVE
3.1,3.1,3.1,3.1,100,2021-04-28 18:28:00,VIVE
3.105,3.105,3.105,3.105,100,2021-04-28 18:33:00,VIVE
3.102,3.102,3.0901,3.0903,2500,2021-04-28 18:35:00,VIVE
3.105,3.105,3.105,3.105,100,2021-04-28 18:40:00,VIVE
3.12,3.12,3.12,3.12,650,2021-04-28 18:42:00,VIVE
3.13,3.13,3.13,3.13,100,2021-04-28 18:43:00,VIVE
3.11,3.11,3.11,3.11,399,2021-04-28 18:49:00,VIVE
3.1026,3.1026,3.1026,3.1026,1000,2021-04-28 18:52:00,VIVE
3.115,3.115,3.11,3.11,300,2021-04-28 18:56:00,VIVE
3.13,3.13,3.13,3.13,700,2021-04-28 19:06:00,VIVE
3.1101,3.1101,3.1101,3.1101,600,2021-04-28 19:13:00,VIVE
3.1101,3.1101,3.1101,3.1101,1500,2021-04-28 19:17:00,VIVE
3.13,3.13,3.13,3.13,100,2021-04-28 19:20:00,VIVE
3.12,3.12,3.11,3.11,1800,2021-04-28 19:29:00,VIVE
3.1,3.1041,3.095,3.095,1420,2021-04-28 19:31:00,VIVE
3.1,3.1,3.1,3.1,100,2021-04-28 19:32:00,VIVE
3.1,3.1,3.1,3.1,100,2021-04-28 19:38:00,VIVE
3.09,3.09,3.09,3.09,100,2021-04-28 19:42:00,VIVE
3.09,3.099,3.09,3.0954,2000,2021-04-28 19:43:00,VIVE
3.08,3.08,3.08,3.08,200,2021-04-28 19:46:00,VIVE
3.083,3.083,3.08,3.08,553,2021-04-28 19:49:00,VIVE
3.08,3.08,3.08,3.08,150,2021-04-28 19:51:00,VIVE
3.1,3.1,3.1,3.1,100,2021-04-28 19:53:00,VIVE
3.1,3.1,3.1,3.1,1587,2021-04-28 19:59:00,VIVE
3.1,3.1,3.1,3.1,220,2021-04-28 22:21:00,VIVE
3.1,3.1,3.1,3.1,100,2021-04-28 22:58:00,VIVE
3.1,3.1,3.1,3.1,242,2021-04-29 13:30:00,VIVE
3.1,3.1,3.1,3.1,5100,2021-04-29 13:34:00,VIVE
3.105,3.105,3.105,3.105,192,2021-04-29 13:39:00,VIVE
3.1,3.1,3.1,3.1,300,2021-04-29 13:46:00,VIVE
3.09,3.09,3.09,3.09,397,2021-04-29 13:51:00,VIVE
3.0703,3.0703,3.0703,3.0703,500,2021-04-29 13:52:00,VIVE
3.09,3.09,3.09,3.09,200,2021-04-29 13:56:00,VIVE
3.07,3.07,3.04,3.04,1000,2021-04-29 13:57:00,VIVE
3.0795,3.0795,3.04,3.04,1216,2021-04-29 13:59:00,VIVE
3.04,3.06,3.04,3.06,324,2021-04-29 14:03:00,VIVE
3.0632,3.0632,3.0632,3.0632,200,2021-04-29 14:05:00,VIVE
3.064,3.064,3.064,3.064,130,2021-04-29 14:06:00,VIVE
3.09,3.09,3.09,3.09,100,2021-04-29 14:15:00,VIVE
3.0863,3.09,3.0863,3.09,400,2021-04-29 14:16:00,VIVE
3.075,3.09,3.075,3.075,1300,2021-04-29 14:17:00,VIVE
3.06,3.06,3.06,3.06,100,2021-04-29 14:20:00,VIVE
3.0656,3.08,3.0656,3.08,1200,2021-04-29 14:26:00,VIVE
3.09,3.1,3.09,3.1,300,2021-04-29 14:48:00,VIVE
3.09,3.1,3.085,3.1,6855,2021-04-29 14:49:00,VIVE
3.085,3.085,3.085,3.085,100,2021-04-29 14:57:00,VIVE
3.0762,3.0762,3.0762,3.0762,131,2021-04-29 15:01:00,VIVE
3.09,3.1,3.09,3.1,300,2021-04-29 15:03:00,VIVE
3.1,3.1,3.1,3.1,604,2021-04-29 15:04:00,VIVE
3.1,3.12,3.1,3.12,4090,2021-04-29 15:07:00,VIVE
3.1001,3.1001,3.1001,3.1001,300,2021-04-29 15:14:00,VIVE
3.105,3.11,3.105,3.11,1600,2021-04-29 15:15:00,VIVE
3.11,3.11,3.1042,3.105,850,2021-04-29 15:16:00,VIVE
3.105,3.11,3.1,3.11,5625,2021-04-29 15:17:00,VIVE
3.1,3.1,3.1,3.1,100,2021-04-29 15:18:00,VIVE
3.105,3.105,3.1,3.1,7726,2021-04-29 15:20:00,VIVE
3.1,3.1,3.09,3.1,1000,2021-04-29 15:22:00,VIVE
3.1,3.1,3.1,3.1,100,2021-04-29 15:25:00,VIVE
3.09,3.09,3.09,3.09,100,2021-04-29 15:26:00,VIVE
3.1,3.1,3.09,3.09,925,2021-04-29 15:35:00,VIVE
3.086,3.09,3.086,3.09,200,2021-04-29 15:36:00,VIVE
3.1,3.1,3.1,3.1,400,2021-04-29 15:39:00,VIVE
3.09,3.1,3.09,3.09,1440,2021-04-29 15:40:00,VIVE
3.09,3.11,3.09,3.11,4800,2021-04-29 15:46:00,VIVE
3.11,3.11,3.11,3.11,600,2021-04-29 15:51:00,VIVE
3.11,3.11,3.11,3.11,200,2021-04-29 15:53:00,VIVE
3.11,3.11,3.11,3.11,600,2021-04-29 15:56:00,VIVE
3.11,3.11,3.11,3.11,100,2021-04-29 15:57:00,VIVE
3.11,3.11,3.11,3.11,4047,2021-04-29 16:00:00,VIVE
3.11,3.11,3.11,3.11,200,2021-04-29 16:01:00,VIVE
3.1,3.11,3.1,3.11,1500,2021-04-29 16:05:00,VIVE
3.09,3.11,3.09,3.11,12000,2021-04-29 16:06:00,VIVE
3.11,3.11,3.1,3.11,500,2021-04-29 16:07:00,VIVE
3.11,3.11,3.11,3.11,460,2021-04-29 16:08:00,VIVE
3.1,3.11,3.0901,3.11,5000,2021-04-29 16:12:00,VIVE
3.1,3.1,3.1,3.1,411,2021-04-29 16:15:00,VIVE
3.1001,3.1091,3.1001,3.105,1747,2021-04-29 16:17:00,VIVE
3.105,3.105,3.105,3.105,100,2021-04-29 16:21:00,VIVE
3.11,3.11,3.11,3.11,200,2021-04-29 16:25:00,VIVE
3.105,3.105,3.105,3.105,600,2021-04-29 16:32:00,VIVE
3.1,3.1,3.1,3.1,145,2021-04-29 16:44:00,VIVE
3.11,3.12,3.11,3.12,1232,2021-04-29 16:51:00,VIVE
3.1193,3.1193,3.1193,3.1193,300,2021-04-29 16:52:00,VIVE
3.12,3.12,3.11,3.11,300,2021-04-29 16:53:00,VIVE
3.12,3.12,3.12,3.12,360,2021-04-29 16:54:00,VIVE
3.12,3.15,3.12,3.15,3742,2021-04-29 16:55:00,VIVE
3.1499,3.18,3.1499,3.18,7520,2021-04-29 16:56:00,VIVE
3.1777,3.18,3.17,3.18,4469,2021-04-29 16:57:00,VIVE
3.18,3.18,3.1768,3.18,775,2021-04-29 16:58:00,VIVE
3.17,3.17,3.17,3.17,147,2021-04-29 16:59:00,VIVE
3.164,3.17,3.1527,3.17,3364,2021-04-29 17:01:00,VIVE
3.1673,3.17,3.1673,3.17,490,2021-04-29 17:02:00,VIVE
3.1517,3.1517,3.1517,3.1517,419,2021-04-29 17:03:00,VIVE
3.15,3.17,3.15,3.1501,1156,2021-04-29 17:04:00,VIVE
3.16,3.16,3.1495,3.1495,1688,2021-04-29 17:05:00,VIVE
3.17,3.17,3.17,3.17,100,2021-04-29 17:13:00,VIVE
3.16,3.16,3.16,3.16,100,2021-04-29 17:16:00,VIVE
3.1568,3.1568,3.1568,3.1568,1000,2021-04-29 17:17:00,VIVE
3.151,3.151,3.14,3.14,3986,2021-04-29 17:21:00,VIVE
3.15,3.15,3.15,3.15,150,2021-04-29 17:29:00,VIVE
3.15,3.15,3.15,3.15,1566,2021-04-29 17:32:00,VIVE
3.153,3.155,3.15,3.15,1348,2021-04-29 17:33:00,VIVE
3.1316,3.14,3.1316,3.14,538,2021-04-29 17:34:00,VIVE
3.1318,3.1318,3.1318,3.1318,117,2021-04-29 17:36:00,VIVE
3.13,3.13,3.13,3.13,250,2021-04-29 17:38:00,VIVE
3.13,3.13,3.13,3.13,100,2021-04-29 17:39:00,VIVE
3.12,3.12,3.11,3.11,1250,2021-04-29 17:45:00,VIVE
3.11,3.11,3.11,3.11,500,2021-04-29 17:51:00,VIVE
3.1087,3.1087,3.1087,3.1087,100,2021-04-29 17:54:00,VIVE
3.1,3.1,3.1,3.1,120,2021-04-29 17:55:00,VIVE
3.1099,3.11,3.1099,3.11,676,2021-04-29 17:57:00,VIVE
3.11,3.11,3.11,3.11,754,2021-04-29 18:09:00,VIVE
3.105,3.105,3.105,3.105,2500,2021-04-29 18:19:00,VIVE
3.1003,3.1003,3.1003,3.1003,800,2021-04-29 18:21:00,VIVE
3.1,3.1,3.1,3.1,498,2021-04-29 18:25:00,VIVE
3.09,3.09,3.09,3.09,200,2021-04-29 18:27:00,VIVE
3.1,3.1,3.1,3.1,3142,2021-04-29 18:28:00,VIVE
3.085,3.085,3.085,3.085,500,2021-04-29 18:32:00,VIVE
3.0994,3.1,3.0994,3.1,733,2021-04-29 18:34:00,VIVE
3.11,3.11,3.11,3.11,1892,2021-04-29 18:40:00,VIVE
3.12,3.12,3.12,3.12,100,2021-04-29 18:45:00,VIVE
3.11,3.11,3.11,3.11,2100,2021-04-29 18:56:00,VIVE
3.11,3.11,3.11,3.11,100,2021-04-29 18:58:00,VIVE
3.1,3.1,3.1,3.1,500,2021-04-29 19:00:00,VIVE
3.1,3.1,3.09,3.09,6367,2021-04-29 19:27:00,VIVE
3.09,3.09,3.09,3.09,500,2021-04-29 19:29:00,VIVE
3.1,3.1,3.1,3.1,100,2021-04-29 19:35:00,VIVE
3.09,3.09,3.09,3.09,100,2021-04-29 19:37:00,VIVE
3.09,3.09,3.09,3.09,100,2021-04-29 19:40:00,VIVE
3.085,3.085,3.085,3.085,400,2021-04-29 19:42:00,VIVE
3.09,3.09,3.082,3.082,300,2021-04-29 19:44:00,VIVE
3.09,3.09,3.09,3.09,100,2021-04-29 19:50:00,VIVE
3.08,3.08,3.08,3.08,100,2021-04-29 19:51:00,VIVE
3.09,3.09,3.09,3.09,100,2021-04-29 19:52:00,VIVE
3.09,3.09,3.09,3.09,100,2021-04-29 19:54:00,VIVE
3.09,3.09,3.085,3.09,1237,2021-04-29 19:55:00,VIVE
3.0916,3.0916,3.0916,3.0916,250,2021-04-29 19:58:00,VIVE
3.1,3.1,3.1,3.1,2351,2021-04-29 19:59:00,VIVE
3.08,3.08,3.08,3.08,500,2021-04-29 20:00:00,VIVE
3.171,3.171,3.171,3.171,1000,2021-04-29 20:16:00,VIVE
3.1,3.1,3.1,3.1,181,2021-04-29 20:18:00,VIVE
3.08,3.08,3.08,3.08,100,2021-04-29 21:17:00,VIVE
3.08,3.08,3.08,3.08,1000,2021-04-29 21:24:00,VIVE
3.0,3.0,3.0,3.0,100,2021-04-30 13:00:00,VIVE
3.05,3.05,3.05,3.05,225,2021-04-30 13:16:00,VIVE
3.08,3.08,3.08,3.08,800,2021-04-30 13:17:00,VIVE
3.07,3.07,3.07,3.07,249,2021-04-30 13:30:00,VIVE
3.05,3.05,3.05,3.05,300,2021-04-30 13:32:00,VIVE
3.05,3.05,3.05,3.05,200,2021-04-30 13:35:00,VIVE
3.07,3.07,3.07,3.07,100,2021-04-30 13:36:00,VIVE
3.073,3.073,3.073,3.073,164,2021-04-30 13:38:00,VIVE
3.05,3.05,3.05,3.05,600,2021-04-30 13:39:00,VIVE
3.0229,3.0229,3.0229,3.0229,200,2021-04-30 13:40:00,VIVE
3.0504,3.0504,3.0504,3.0504,1000,2021-04-30 13:44:00,VIVE
3.0539,3.0539,3.0539,3.0539,250,2021-04-30 13:53:00,VIVE
3.02,3.02,3.02,3.02,780,2021-04-30 14:16:00,VIVE
3.0271,3.05,3.0271,3.05,1637,2021-04-30 14:27:00,VIVE
3.0201,3.0201,3.0201,3.0201,300,2021-04-30 14:34:00,VIVE
3.035,3.05,3.02,3.05,1650,2021-04-30 14:35:00,VIVE
3.05,3.06,3.05,3.06,1200,2021-04-30 14:37:00,VIVE
3.0206,3.0206,3.0206,3.0206,103,2021-04-30 14:40:00,VIVE
3.05,3.05,3.05,3.05,500,2021-04-30 14:41:00,VIVE
3.05,3.06,3.05,3.06,300,2021-04-30 14:42:00,VIVE
3.05,3.05,3.05,3.05,894,2021-04-30 14:51:00,VIVE
3.059,3.059,3.055,3.055,600,2021-04-30 15:07:00,VIVE
3.0519,3.08,3.0519,3.08,598,2021-04-30 15:15:00,VIVE
3.0771,3.08,3.0771,3.08,2300,2021-04-30 15:16:00,VIVE
3.0503,3.08,3.0503,3.08,1200,2021-04-30 15:19:00,VIVE
3.05,3.05,3.05,3.05,200,2021-04-30 15:22:00,VIVE
3.0543,3.0543,3.0543,3.0543,276,2021-04-30 15:23:00,VIVE
3.05,3.05,3.05,3.05,100,2021-04-30 15:26:00,VIVE
3.0538,3.0538,3.05,3.05,1306,2021-04-30 15:35:00,VIVE
3.042,3.052,3.0404,3.0404,790,2021-04-30 15:36:00,VIVE
3.04,3.08,3.04,3.08,300,2021-04-30 15:38:00,VIVE
3.06,3.06,3.06,3.06,100,2021-04-30 15:40:00,VIVE
3.04,3.04,3.04,3.04,500,2021-04-30 15:46:00,VIVE
3.0429,3.0429,3.0429,3.0429,503,2021-04-30 15:52:00,VIVE
3.08,3.08,3.08,3.08,100,2021-04-30 15:54:00,VIVE
3.0301,3.0301,3.0301,3.0301,110,2021-04-30 16:06:00,VIVE
3.0751,3.08,3.0751,3.0799,2100,2021-04-30 16:24:00,VIVE
3.04,3.07,3.04,3.07,345,2021-04-30 16:28:00,VIVE
3.0699,3.07,3.0699,3.07,2300,2021-04-30 16:38:00,VIVE
3.0401,3.07,3.0401,3.07,648,2021-04-30 16:53:00,VIVE
3.055,3.055,3.04,3.04,7777,2021-04-30 17:03:00,VIVE
3.0399,3.04,3.0399,3.04,4800,2021-04-30 17:05:00,VIVE
3.03,3.03,3.03,3.03,100,2021-04-30 17:09:00,VIVE
3.04,3.04,3.04,3.04,100,2021-04-30 17:12:00,VIVE
3.04,3.06,3.04,3.06,6938,2021-04-30 17:14:00,VIVE
3.07,3.07,3.07,3.07,200,2021-04-30 17:16:00,VIVE
3.07,3.07,3.07,3.07,100,2021-04-30 17:20:00,VIVE
3.07,3.07,3.07,3.07,100,2021-04-30 17:23:00,VIVE
3.07,3.07,3.07,3.07,4388,2021-04-30 17:42:00,VIVE
3.055,3.07,3.055,3.07,5249,2021-04-30 17:43:00,VIVE
3.07,3.07,3.07,3.07,100,2021-04-30 17:44:00,VIVE
3.07,3.07,3.07,3.07,100,2021-04-30 17:49:00,VIVE
3.07,3.07,3.07,3.07,100,2021-04-30 17:51:00,VIVE
3.07,3.07,3.07,3.07,200,2021-04-30 17:54:00,VIVE
3.04,3.04,3.04,3.04,300,2021-04-30 17:56:00,VIVE
3.035,3.06,3.03,3.06,991,2021-04-30 17:57:00,VIVE
3.0372,3.0372,3.0359,3.0359,290,2021-04-30 18:08:00,VIVE
3.055,3.055,3.055,3.055,400,2021-04-30 18:12:00,VIVE
3.055,3.055,3.05,3.05,931,2021-04-30 18:14:00,VIVE
3.0301,3.0301,3.0301,3.0301,342,2021-04-30 18:17:00,VIVE
3.0433,3.0433,3.0433,3.0433,340,2021-04-30 18:19:00,VIVE
3.04,3.04,3.04,3.04,343,2021-04-30 18:20:00,VIVE
3.0424,3.0424,3.0424,3.0424,2000,2021-04-30 18:21:00,VIVE
3.04,3.045,3.04,3.04,8656,2021-04-30 18:24:00,VIVE
3.04,3.04,3.04,3.04,315,2021-04-30 18:25:00,VIVE
3.0401,3.07,3.0401,3.07,2403,2021-04-30 18:28:00,VIVE
3.07,3.07,3.07,3.07,100,2021-04-30 18:33:00,VIVE
3.07,3.07,3.07,3.07,100,2021-04-30 18:35:00,VIVE
3.07,3.07,3.07,3.07,100,2021-04-30 18:36:00,VIVE
3.07,3.07,3.07,3.07,100,2021-04-30 18:38:00,VIVE
3.06,3.06,3.06,3.06,405,2021-04-30 18:40:00,VIVE
3.07,3.07,3.07,3.07,100,2021-04-30 18:44:00,VIVE
3.0501,3.07,3.0501,3.07,1100,2021-04-30 18:58:00,VIVE
3.07,3.07,3.07,3.07,300,2021-04-30 19:00:00,VIVE
3.07,3.07,3.0603,3.07,300,2021-04-30 19:01:00,VIVE
3.0501,3.07,3.0501,3.07,1100,2021-04-30 19:09:00,VIVE
3.07,3.07,3.07,3.07,1778,2021-04-30 19:10:00,VIVE
3.07,3.07,3.07,3.07,100,2021-04-30 19:12:00,VIVE
3.07,3.07,3.07,3.07,100,2021-04-30 19:17:00,VIVE
3.0528,3.0528,3.0528,3.0528,218,2021-04-30 19:18:00,VIVE
3.06,3.06,3.06,3.06,100,2021-04-30 19:19:00,VIVE
3.07,3.07,3.07,3.07,100,2021-04-30 19:23:00,VIVE
3.05,3.05,3.05,3.05,200,2021-04-30 19:25:00,VIVE
3.06,3.07,3.06,3.06,1599,2021-04-30 19:26:00,VIVE
3.08,3.08,3.08,3.08,100,2021-04-30 19:28:00,VIVE
3.05,3.055,3.05,3.055,700,2021-04-30 19:36:00,VIVE
3.04,3.04,3.04,3.04,196,2021-04-30 19:41:00,VIVE
3.0438,3.0438,3.0438,3.0438,308,2021-04-30 19:42:00,VIVE
3.04,3.04,3.04,3.04,1100,2021-04-30 19:43:00,VIVE
3.05,3.05,3.03,3.03,1401,2021-04-30 19:44:00,VIVE
3.05,3.05,3.05,3.05,100,2021-04-30 19:45:00,VIVE
3.06,3.06,3.06,3.06,200,2021-04-30 19:51:00,VIVE
3.0787,3.08,3.0787,3.08,2505,2021-04-30 19:59:00,VIVE
3.06,3.06,3.06,3.06,135,2021-04-30 20:00:00,VIVE
3.0,3.0,3.0,3.0,600,2021-04-30 21:25:00,VIVE
