open,high,low,close,volume,datetime,symbol
19.92,20.01,19.91,19.91,4008,2021-11-01 13:30:00,CGNT
19.9,20.11,19.83,20.11,14204,2021-11-01 13:35:00,CGNT
20.085,20.22,20.0371,20.22,15661,2021-11-01 13:40:00,CGNT
20.17,20.32,20.17,20.32,7381,2021-11-01 13:45:00,CGNT
20.3,20.35,20.29,20.325,9964,2021-11-01 13:50:00,CGNT
20.28,20.315,20.205,20.205,7511,2021-11-01 13:55:00,CGNT
20.205,20.205,20.205,20.205,100,2021-11-01 14:00:00,CGNT
20.21,20.29,20.19,20.23,19203,2021-11-01 14:05:00,CGNT
20.25,20.29,20.24,20.24,1450,2021-11-01 14:10:00,CGNT
20.25,20.34,20.25,20.34,600,2021-11-01 14:15:00,CGNT
20.37,20.37,20.33,20.37,700,2021-11-01 14:20:00,CGNT
20.38,20.47,20.36,20.3803,2956,2021-11-01 14:25:00,CGNT
20.39,20.43,20.39,20.43,300,2021-11-01 14:30:00,CGNT
20.42,20.42,20.37,20.4,2299,2021-11-01 14:35:00,CGNT
20.36,20.365,20.36,20.365,300,2021-11-01 14:40:00,CGNT
20.38,20.41,20.34,20.34,2452,2021-11-01 14:45:00,CGNT
20.35,20.35,20.32,20.32,1100,2021-11-01 14:50:00,CGNT
20.34,20.36,20.3,20.3,1500,2021-11-01 14:55:00,CGNT
20.3,20.3,20.28,20.3,2050,2021-11-01 15:00:00,CGNT
20.3,20.31,20.3,20.31,400,2021-11-01 15:05:00,CGNT
20.2975,20.3,20.28,20.3,700,2021-11-01 15:10:00,CGNT
20.3,20.32,20.26,20.29,3336,2021-11-01 15:15:00,CGNT
20.28,20.33,20.28,20.3,500,2021-11-01 15:20:00,CGNT
20.28,20.28,20.22,20.24,1834,2021-11-01 15:25:00,CGNT
20.245,20.245,20.2,20.24,1455,2021-11-01 15:30:00,CGNT
20.26,20.26,20.25,20.25,500,2021-11-01 15:35:00,CGNT
20.24,20.26,20.23,20.25,1500,2021-11-01 15:40:00,CGNT
20.26,20.34,20.25,20.34,6568,2021-11-01 15:45:00,CGNT
20.32,20.32,20.32,20.32,200,2021-11-01 15:50:00,CGNT
20.29,20.305,20.29,20.305,485,2021-11-01 15:55:00,CGNT
20.3,20.31,20.28,20.28,3563,2021-11-01 16:05:00,CGNT
20.27,20.28,20.27,20.28,700,2021-11-01 16:10:00,CGNT
20.305,20.305,20.305,20.305,200,2021-11-01 16:15:00,CGNT
20.29,20.33,20.29,20.29,1704,2021-11-01 16:20:00,CGNT
20.33,20.33,20.33,20.33,100,2021-11-01 16:25:00,CGNT
20.315,20.34,20.28,20.28,900,2021-11-01 16:30:00,CGNT
20.2801,20.2801,20.22,20.25,2000,2021-11-01 16:35:00,CGNT
20.26,20.27,20.26,20.27,807,2021-11-01 16:40:00,CGNT
20.24,20.24,20.2,20.2,4663,2021-11-01 16:45:00,CGNT
20.225,20.225,20.18,20.19,1857,2021-11-01 16:50:00,CGNT
20.1815,20.2,20.17,20.18,1870,2021-11-01 16:55:00,CGNT
20.18,20.2,20.18,20.18,382,2021-11-01 17:00:00,CGNT
20.21,20.21,20.16,20.16,1644,2021-11-01 17:05:00,CGNT
20.16,20.16,20.16,20.16,100,2021-11-01 17:10:00,CGNT
20.165,20.18,20.165,20.165,950,2021-11-01 17:15:00,CGNT
20.165,20.18,20.11,20.11,2455,2021-11-01 17:20:00,CGNT
20.07,20.07,20.07,20.07,100,2021-11-01 17:25:00,CGNT
20.09,20.09,20.06,20.06,2442,2021-11-01 17:30:00,CGNT
20.0708,20.08,20.05,20.05,3418,2021-11-01 17:35:00,CGNT
20.0471,20.0471,20.0,20.0,1439,2021-11-01 17:40:00,CGNT
20.0,20.01,19.95,19.99,1544,2021-11-01 17:45:00,CGNT
19.93,19.9667,19.93,19.9667,900,2021-11-01 17:50:00,CGNT
19.99,19.99,19.99,19.99,100,2021-11-01 17:55:00,CGNT
19.99,20.02,19.98,19.98,14587,2021-11-01 18:00:00,CGNT
20.0,20.03,20.0,20.0,900,2021-11-01 18:05:00,CGNT
20.04,20.05,20.04,20.05,300,2021-11-01 18:10:00,CGNT
20.02,20.03,20.0,20.03,1649,2021-11-01 18:15:00,CGNT
20.0263,20.0263,20.01,20.01,1550,2021-11-01 18:20:00,CGNT
20.01,20.01,20.01,20.01,100,2021-11-01 18:25:00,CGNT
20.01,20.0299,19.99,19.99,2200,2021-11-01 18:30:00,CGNT
20.01,20.02,20.01,20.01,700,2021-11-01 18:35:00,CGNT
19.96,19.96,19.95,19.95,415,2021-11-01 18:40:00,CGNT
19.96,19.96,19.94,19.94,214,2021-11-01 18:50:00,CGNT
19.92,19.92,19.91,19.915,500,2021-11-01 18:55:00,CGNT
19.9,19.93,19.9,19.93,2789,2021-11-01 19:00:00,CGNT
19.98,20.04,19.98,20.01,800,2021-11-01 19:05:00,CGNT
20.03,20.08,20.02,20.08,1700,2021-11-01 19:10:00,CGNT
20.08,20.08,20.075,20.075,1114,2021-11-01 19:15:00,CGNT
20.08,20.13,20.08,20.13,1200,2021-11-01 19:20:00,CGNT
20.13,20.15,20.11,20.15,8062,2021-11-01 19:25:00,CGNT
20.15,20.24,20.15,20.24,5438,2021-11-01 19:30:00,CGNT
20.23,20.27,20.21,20.27,950,2021-11-01 19:35:00,CGNT
20.29,20.31,20.28,20.28,2366,2021-11-01 19:40:00,CGNT
20.28,20.32,20.28,20.31,1500,2021-11-01 19:45:00,CGNT
20.33,20.36,20.32,20.335,4533,2021-11-01 19:50:00,CGNT
20.33,20.37,20.31,20.37,13670,2021-11-01 19:55:00,CGNT
20.36,20.36,20.36,20.36,31584,2021-11-01 20:00:00,CGNT
20.25,20.41,20.25,20.39,2268,2021-11-02 13:30:00,CGNT
20.3,20.39,20.27,20.36,5035,2021-11-02 13:35:00,CGNT
20.35,20.4,20.29,20.355,9726,2021-11-02 13:40:00,CGNT
20.345,20.345,20.22,20.22,1300,2021-11-02 13:45:00,CGNT
20.22,20.22,20.11,20.11,2000,2021-11-02 13:50:00,CGNT
20.11,20.11,20.11,20.11,100,2021-11-02 13:55:00,CGNT
20.17,20.22,20.17,20.19,2316,2021-11-02 14:05:00,CGNT
20.21,20.23,20.19,20.19,1750,2021-11-02 14:10:00,CGNT
20.19,20.26,20.19,20.255,3100,2021-11-02 14:15:00,CGNT
20.255,20.27,20.24,20.24,524,2021-11-02 14:20:00,CGNT
20.265,20.28,20.26,20.28,904,2021-11-02 14:25:00,CGNT
20.275,20.275,20.275,20.275,100,2021-11-02 14:30:00,CGNT
20.28,20.3,20.27,20.3,2400,2021-11-02 14:35:00,CGNT
20.27,20.29,20.22,20.24,3852,2021-11-02 14:40:00,CGNT
20.24,20.25,20.24,20.24,800,2021-11-02 14:45:00,CGNT
20.24,20.31,20.24,20.27,1805,2021-11-02 14:50:00,CGNT
20.29,20.31,20.24,20.25,1526,2021-11-02 14:55:00,CGNT
20.245,20.25,20.22,20.25,700,2021-11-02 15:00:00,CGNT
20.27,20.27,20.24,20.24,500,2021-11-02 15:05:00,CGNT
20.24,20.275,20.21,20.26,2800,2021-11-02 15:10:00,CGNT
20.26,20.26,20.26,20.26,200,2021-11-02 15:15:00,CGNT
20.25,20.29,20.25,20.28,1985,2021-11-02 15:20:00,CGNT
20.29,20.32,20.28,20.32,1625,2021-11-02 15:25:00,CGNT
20.32,20.33,20.31,20.31,600,2021-11-02 15:30:00,CGNT
20.34,20.39,20.33,20.38,1161,2021-11-02 15:35:00,CGNT
20.36,20.375,20.36,20.36,900,2021-11-02 15:40:00,CGNT
20.38,20.39,20.34,20.34,2772,2021-11-02 15:45:00,CGNT
20.34,20.35,20.32,20.32,1300,2021-11-02 15:50:00,CGNT
20.35,20.35,20.35,20.35,200,2021-11-02 15:55:00,CGNT
20.35,20.36,20.32,20.3399,1453,2021-11-02 16:00:00,CGNT
20.33,20.33,20.31,20.32,700,2021-11-02 16:05:00,CGNT
20.34,20.365,20.33,20.365,2017,2021-11-02 16:10:00,CGNT
20.375,20.375,20.325,20.325,1618,2021-11-02 16:15:00,CGNT
20.3,20.3,20.3,20.3,326,2021-11-02 16:20:00,CGNT
20.29,20.29,20.06,20.12,20219,2021-11-02 16:25:00,CGNT
20.14,20.175,20.14,20.151,2543,2021-11-02 16:30:00,CGNT
20.2,20.2,20.09,20.12,4778,2021-11-02 16:35:00,CGNT
20.14,20.14,20.12,20.12,861,2021-11-02 16:40:00,CGNT
20.11,20.11,20.07,20.07,604,2021-11-02 16:45:00,CGNT
20.1,20.13,20.1,20.13,700,2021-11-02 16:50:00,CGNT
20.115,20.115,20.05,20.05,1302,2021-11-02 16:55:00,CGNT
20.07,20.075,20.04,20.04,1299,2021-11-02 17:05:00,CGNT
20.05,20.05,20.0,20.0,1006,2021-11-02 17:10:00,CGNT
20.02,20.04,20.01,20.01,608,2021-11-02 17:15:00,CGNT
20.03,20.03,19.95,19.95,914,2021-11-02 17:20:00,CGNT
19.94,19.9458,19.94,19.94,400,2021-11-02 17:25:00,CGNT
19.94,20.02,19.92,20.0,4136,2021-11-02 17:30:00,CGNT
20.0,20.025,20.0,20.025,800,2021-11-02 17:35:00,CGNT
20.04,20.04,20.015,20.015,300,2021-11-02 17:40:00,CGNT
20.04,20.06,19.9605,19.97,11738,2021-11-02 17:45:00,CGNT
19.99,20.01,19.98,20.01,1089,2021-11-02 17:50:00,CGNT
20.0249,20.05,20.0249,20.05,610,2021-11-02 17:55:00,CGNT
20.05,20.09,20.05,20.08,2622,2021-11-02 18:00:00,CGNT
20.0445,20.08,20.0445,20.06,3449,2021-11-02 18:05:00,CGNT
20.07,20.07,20.07,20.07,470,2021-11-02 18:10:00,CGNT
20.07,20.08,20.0587,20.065,2144,2021-11-02 18:15:00,CGNT
20.1,20.1,20.1,20.1,100,2021-11-02 18:20:00,CGNT
20.08,20.1,20.08,20.085,797,2021-11-02 18:25:00,CGNT
20.07,20.09,20.07,20.08,2619,2021-11-02 18:30:00,CGNT
20.07,20.08,20.07,20.08,300,2021-11-02 18:35:00,CGNT
20.09,20.1,20.09,20.09,782,2021-11-02 18:40:00,CGNT
20.09,20.1,20.08,20.1,396,2021-11-02 18:45:00,CGNT
20.1,20.15,20.1,20.15,1500,2021-11-02 18:50:00,CGNT
20.135,20.21,20.135,20.21,916,2021-11-02 18:55:00,CGNT
20.18,20.19,20.18,20.19,300,2021-11-02 19:00:00,CGNT
20.175,20.175,20.175,20.175,200,2021-11-02 19:05:00,CGNT
20.19,20.2302,20.19,20.22,2510,2021-11-02 19:10:00,CGNT
20.22,20.23,20.21,20.23,4456,2021-11-02 19:15:00,CGNT
20.23,20.27,20.23,20.27,4669,2021-11-02 19:20:00,CGNT
20.26,20.3,20.26,20.3,689,2021-11-02 19:25:00,CGNT
20.29,20.32,20.29,20.32,1500,2021-11-02 19:30:00,CGNT
20.31,20.34,20.31,20.33,9551,2021-11-02 19:35:00,CGNT
20.34,20.37,20.34,20.35,7601,2021-11-02 19:40:00,CGNT
20.35,20.36,20.35,20.35,6748,2021-11-02 19:45:00,CGNT
20.35,20.467,20.35,20.46,8386,2021-11-02 19:50:00,CGNT
20.48,20.63,20.47,20.63,66326,2021-11-02 19:55:00,CGNT
20.63,20.63,20.63,20.63,35466,2021-11-02 20:00:00,CGNT
20.42,20.42,19.9,19.9,475,2021-11-02 21:20:00,CGNT
20.59,20.681,20.36,20.45,22969,2021-11-03 13:30:00,CGNT
20.39,20.49,20.34,20.34,23516,2021-11-03 13:35:00,CGNT
20.41,20.45,20.3675,20.45,3081,2021-11-03 13:40:00,CGNT
20.42,20.6,20.4,20.58,22992,2021-11-03 13:45:00,CGNT
20.57,20.71,20.525,20.71,13111,2021-11-03 13:50:00,CGNT
20.695,20.75,20.67,20.75,3115,2021-11-03 13:55:00,CGNT
20.81,20.82,20.72,20.72,1200,2021-11-03 14:00:00,CGNT
20.77,20.85,20.77,20.83,1100,2021-11-03 14:05:00,CGNT
20.83,20.89,20.77,20.89,5115,2021-11-03 14:10:00,CGNT
20.83,20.89,20.81,20.89,1408,2021-11-03 14:15:00,CGNT
20.88,20.885,20.83,20.83,1000,2021-11-03 14:20:00,CGNT
20.87,20.96,20.87,20.94,1750,2021-11-03 14:25:00,CGNT
20.91,20.915,20.91,20.915,200,2021-11-03 14:30:00,CGNT
20.9,20.9,20.88,20.88,887,2021-11-03 14:35:00,CGNT
20.87,20.88,20.86,20.88,700,2021-11-03 14:40:00,CGNT
20.86,20.86,20.86,20.86,300,2021-11-03 14:45:00,CGNT
20.875,20.89,20.87,20.885,1678,2021-11-03 14:50:00,CGNT
20.87,20.89,20.87,20.89,400,2021-11-03 14:55:00,CGNT
20.88,20.94,20.88,20.92,834,2021-11-03 15:00:00,CGNT
20.8875,20.8875,20.8875,20.8875,464,2021-11-03 15:05:00,CGNT
20.93,20.9461,20.905,20.9461,1550,2021-11-03 15:10:00,CGNT
20.95,20.99,20.95,20.95,1879,2021-11-03 15:20:00,CGNT
20.94,20.94,20.92,20.92,200,2021-11-03 15:25:00,CGNT
20.95,20.97,20.94,20.97,1667,2021-11-03 15:30:00,CGNT
20.9481,20.96,20.9481,20.96,700,2021-11-03 15:35:00,CGNT
20.97,20.97,20.92,20.935,1010,2021-11-03 15:40:00,CGNT
20.93,20.95,20.915,20.95,1908,2021-11-03 15:50:00,CGNT
20.96,20.96,20.9343,20.96,1600,2021-11-03 15:55:00,CGNT
20.94,20.94,20.86,20.86,2335,2021-11-03 16:00:00,CGNT
20.83,20.83,20.8,20.8,379,2021-11-03 16:05:00,CGNT
20.74,20.74,20.74,20.74,100,2021-11-03 16:15:00,CGNT
20.75,20.75,20.75,20.75,100,2021-11-03 16:20:00,CGNT
20.74,20.76,20.72,20.76,1031,2021-11-03 16:25:00,CGNT
20.72,20.72,20.72,20.72,300,2021-11-03 16:35:00,CGNT
20.721,20.721,20.721,20.721,200,2021-11-03 16:40:00,CGNT
20.73,20.76,20.73,20.76,500,2021-11-03 16:45:00,CGNT
20.72,20.72,20.72,20.72,100,2021-11-03 16:50:00,CGNT
20.7,20.7,20.7,20.7,500,2021-11-03 16:55:00,CGNT
20.725,20.74,20.69,20.69,1540,2021-11-03 17:00:00,CGNT
20.69,20.69,20.69,20.69,100,2021-11-03 17:05:00,CGNT
20.68,20.68,20.3,20.62,304940,2021-11-03 17:10:00,CGNT
20.65,20.66,20.64,20.64,600,2021-11-03 17:15:00,CGNT
20.67,20.7,20.67,20.7,1000,2021-11-03 17:20:00,CGNT
20.7,20.7,20.7,20.7,100,2021-11-03 17:25:00,CGNT
20.69,20.75,20.69,20.75,2067,2021-11-03 17:30:00,CGNT
20.78,20.86,20.78,20.86,1600,2021-11-03 17:35:00,CGNT
20.88,20.88,20.86,20.86,230,2021-11-03 17:40:00,CGNT
20.85,20.87,20.8,20.8,1204,2021-11-03 17:45:00,CGNT
20.82,20.82,20.75,20.75,2436,2021-11-03 17:50:00,CGNT
20.78,20.78,20.7,20.7404,1363,2021-11-03 17:55:00,CGNT
20.75,20.76,20.71,20.71,2328,2021-11-03 18:00:00,CGNT
20.725,20.725,20.69,20.69,3067,2021-11-03 18:05:00,CGNT
20.66,20.66,20.63,20.63,400,2021-11-03 18:10:00,CGNT
20.63,20.655,20.63,20.655,300,2021-11-03 18:15:00,CGNT
20.65,20.69,20.65,20.68,1031,2021-11-03 18:20:00,CGNT
20.68,20.68,20.67,20.675,1280,2021-11-03 18:25:00,CGNT
20.69,20.69,20.66,20.66,1216,2021-11-03 18:30:00,CGNT
20.68,20.69,20.68,20.69,500,2021-11-03 18:35:00,CGNT
20.72,20.77,20.69,20.77,1100,2021-11-03 18:40:00,CGNT
20.76,20.87,20.76,20.87,1753,2021-11-03 18:45:00,CGNT
20.85,20.91,20.85,20.88,1628,2021-11-03 18:50:00,CGNT
20.9,20.91,20.87,20.87,505,2021-11-03 18:55:00,CGNT
20.9,20.92,20.9,20.91,1875,2021-11-03 19:00:00,CGNT
20.91,20.91,20.88,20.88,1540,2021-11-03 19:05:00,CGNT
20.88,20.9,20.86,20.895,1619,2021-11-03 19:10:00,CGNT
20.91,20.91,20.89,20.9,1650,2021-11-03 19:15:00,CGNT
20.89,20.9,20.86,20.86,1907,2021-11-03 19:20:00,CGNT
20.86,20.89,20.86,20.89,1200,2021-11-03 19:25:00,CGNT
20.89,20.91,20.88,20.89,1500,2021-11-03 19:30:00,CGNT
20.9,20.92,20.8966,20.91,1400,2021-11-03 19:35:00,CGNT
20.91,20.99,20.91,20.99,3422,2021-11-03 19:40:00,CGNT
20.9702,21.0,20.96,20.965,5840,2021-11-03 19:45:00,CGNT
20.96,20.96,20.91,20.93,5870,2021-11-03 19:50:00,CGNT
20.93,20.98,20.93,20.96,34157,2021-11-03 19:55:00,CGNT
20.96,20.96,20.96,20.96,42038,2021-11-03 20:00:00,CGNT
21.12,21.12,21.12,21.12,1117,2021-11-04 13:30:00,CGNT
21.05,21.05,21.05,21.05,650,2021-11-04 13:45:00,CGNT
21.08,21.1,21.075,21.075,950,2021-11-04 13:50:00,CGNT
21.075,21.075,21.03,21.03,600,2021-11-04 13:55:00,CGNT
21.03,21.03,21.02,21.02,400,2021-11-04 14:00:00,CGNT
21.11,21.11,21.01,21.01,1800,2021-11-04 14:05:00,CGNT
21.04,21.04,21.015,21.015,200,2021-11-04 14:10:00,CGNT
21.015,21.075,21.015,21.075,1900,2021-11-04 14:15:00,CGNT
21.075,21.12,21.075,21.11,2050,2021-11-04 14:20:00,CGNT
21.085,21.085,21.0,21.0,1203,2021-11-04 14:25:00,CGNT
20.995,21.03,20.99,21.03,300,2021-11-04 14:30:00,CGNT
21.03,21.04,21.015,21.025,900,2021-11-04 14:35:00,CGNT
21.015,21.02,21.015,21.02,200,2021-11-04 14:40:00,CGNT
21.01,21.02,20.99,21.0,1700,2021-11-04 14:45:00,CGNT
20.98,20.98,20.92,20.925,800,2021-11-04 14:50:00,CGNT
20.9,20.9,20.8483,20.8483,350,2021-11-04 14:55:00,CGNT
20.81,20.94,20.81,20.92,1819,2021-11-04 15:00:00,CGNT
20.91,20.9192,20.905,20.905,768,2021-11-04 15:05:00,CGNT
20.905,20.93,20.9,20.92,900,2021-11-04 15:10:00,CGNT
20.9,20.92,20.87,20.88,2525,2021-11-04 15:15:00,CGNT
20.9,20.9,20.87,20.87,900,2021-11-04 15:20:00,CGNT
20.81,20.81,20.72,20.74,1600,2021-11-04 15:25:00,CGNT
20.76,20.79,20.73,20.785,1500,2021-11-04 15:30:00,CGNT
20.78,20.78,20.77,20.77,300,2021-11-04 15:35:00,CGNT
20.78,20.78,20.775,20.775,400,2021-11-04 15:40:00,CGNT
20.75,20.775,20.72,20.72,1200,2021-11-04 15:45:00,CGNT
20.715,20.725,20.715,20.725,500,2021-11-04 15:50:00,CGNT
20.74,20.74,20.725,20.725,200,2021-11-04 15:55:00,CGNT
20.75,20.77,20.725,20.76,2037,2021-11-04 16:00:00,CGNT
20.77,20.82,20.77,20.82,1000,2021-11-04 16:05:00,CGNT
20.87,20.92,20.8672,20.8672,1241,2021-11-04 16:10:00,CGNT
20.94,20.94,20.87,20.875,1400,2021-11-04 16:15:00,CGNT
20.84,20.84,20.805,20.805,781,2021-11-04 16:20:00,CGNT
20.78,20.78,20.78,20.78,500,2021-11-04 16:25:00,CGNT
20.79,20.79,20.78,20.79,1000,2021-11-04 16:30:00,CGNT
20.775,20.775,20.775,20.775,200,2021-11-04 16:35:00,CGNT
20.775,20.775,20.74,20.74,1725,2021-11-04 16:40:00,CGNT
20.74,20.79,20.72,20.77,2996,2021-11-04 16:45:00,CGNT
20.8,20.8,20.721,20.721,1892,2021-11-04 16:50:00,CGNT
20.755,20.755,20.72,20.73,1455,2021-11-04 16:55:00,CGNT
20.73,20.73,20.69,20.7,2500,2021-11-04 17:00:00,CGNT
20.68,20.68,20.68,20.68,100,2021-11-04 17:05:00,CGNT
20.69,20.7,20.6604,20.7,2145,2021-11-04 17:10:00,CGNT
20.7,20.721,20.7,20.72,5282,2021-11-04 17:15:00,CGNT
20.71,20.72,20.71,20.72,1950,2021-11-04 17:20:00,CGNT
20.72,20.73,20.7001,20.715,1300,2021-11-04 17:25:00,CGNT
20.715,20.715,20.66,20.665,2600,2021-11-04 17:30:00,CGNT
20.66,20.67,20.6562,20.665,1400,2021-11-04 17:35:00,CGNT
20.6598,20.68,20.6598,20.67,1420,2021-11-04 17:40:00,CGNT
20.67,20.68,20.55,20.55,7840,2021-11-04 17:45:00,CGNT
20.54,20.55,20.51,20.5326,3529,2021-11-04 17:50:00,CGNT
20.535,20.535,20.515,20.515,1000,2021-11-04 17:55:00,CGNT
20.5,20.51,20.455,20.455,1400,2021-11-04 18:00:00,CGNT
20.445,20.445,20.445,20.445,500,2021-11-04 18:05:00,CGNT
20.445,20.445,20.435,20.435,700,2021-11-04 18:10:00,CGNT
20.435,20.435,20.42,20.43,1100,2021-11-04 18:15:00,CGNT
20.42,20.4298,20.41,20.42,1795,2021-11-04 18:20:00,CGNT
20.4253,20.4253,20.39,20.395,1350,2021-11-04 18:25:00,CGNT
20.4,20.41,20.3514,20.355,5180,2021-11-04 18:30:00,CGNT
20.36,20.38,20.3566,20.38,1850,2021-11-04 18:35:00,CGNT
20.38,20.38,20.37,20.37,900,2021-11-04 18:40:00,CGNT
20.38,20.4,20.3791,20.39,900,2021-11-04 18:45:00,CGNT
20.39,20.42,20.39,20.42,1800,2021-11-04 18:50:00,CGNT
20.42,20.42,20.4,20.42,800,2021-11-04 18:55:00,CGNT
20.42,20.42,20.38,20.38,1317,2021-11-04 19:00:00,CGNT
20.38,20.38,20.35,20.355,1541,2021-11-04 19:05:00,CGNT
20.34,20.345,20.34,20.345,1300,2021-11-04 19:10:00,CGNT
20.34,20.34,20.315,20.315,900,2021-11-04 19:15:00,CGNT
20.315,20.3475,20.3,20.345,2929,2021-11-04 19:20:00,CGNT
20.34,20.34,20.29,20.29,1900,2021-11-04 19:25:00,CGNT
20.29,20.33,20.29,20.32,3700,2021-11-04 19:30:00,CGNT
20.32,20.32,20.26,20.26,2613,2021-11-04 19:35:00,CGNT
20.255,20.255,20.23,20.24,5900,2021-11-04 19:40:00,CGNT
20.24,20.305,20.24,20.3,4658,2021-11-04 19:45:00,CGNT
20.31,20.48,20.3,20.45,11861,2021-11-04 19:50:00,CGNT
20.46,20.46,20.4,20.45,17135,2021-11-04 19:55:00,CGNT
20.41,20.41,20.41,20.41,40992,2021-11-04 20:00:00,CGNT
20.56,20.56,20.56,20.56,700,2021-11-05 13:30:00,CGNT
20.57,20.57,20.57,20.57,140,2021-11-05 13:35:00,CGNT
20.525,20.539,20.525,20.539,300,2021-11-05 13:40:00,CGNT
20.5,20.62,20.41,20.61,12570,2021-11-05 13:45:00,CGNT
20.63,20.67,20.6,20.6,638,2021-11-05 13:50:00,CGNT
20.6169,20.64,20.5483,20.64,800,2021-11-05 13:55:00,CGNT
20.6,20.78,20.6,20.78,900,2021-11-05 14:00:00,CGNT
20.775,20.775,20.71,20.71,4900,2021-11-05 14:05:00,CGNT
20.74,20.74,20.58,20.58,2313,2021-11-05 14:10:00,CGNT
20.55,20.55,20.55,20.55,157,2021-11-05 14:15:00,CGNT
20.49,20.49,20.47,20.47,200,2021-11-05 14:25:00,CGNT
20.405,20.405,20.405,20.405,150,2021-11-05 14:30:00,CGNT
20.4,20.4,20.4,20.4,400,2021-11-05 14:35:00,CGNT
20.38,20.38,20.35,20.35,300,2021-11-05 14:40:00,CGNT
20.36,20.4,20.36,20.38,2063,2021-11-05 14:45:00,CGNT
20.379,20.379,20.379,20.379,100,2021-11-05 14:50:00,CGNT
20.38,20.38,20.35,20.36,863,2021-11-05 14:55:00,CGNT
20.37,20.4,20.37,20.38,1437,2021-11-05 15:00:00,CGNT
20.37,20.37,20.35,20.35,1832,2021-11-05 15:10:00,CGNT
20.37,20.37,20.37,20.37,400,2021-11-05 15:15:00,CGNT
20.36,20.38,20.36,20.365,800,2021-11-05 15:20:00,CGNT
20.39,20.39,20.34,20.34,500,2021-11-05 15:25:00,CGNT
20.31,20.31,20.31,20.31,100,2021-11-05 15:30:00,CGNT
20.3,20.3,20.3,20.3,200,2021-11-05 15:35:00,CGNT
20.251,20.35,20.251,20.35,1311,2021-11-05 15:40:00,CGNT
20.335,20.36,20.31,20.36,4700,2021-11-05 15:45:00,CGNT
20.36,20.43,20.36,20.43,600,2021-11-05 15:50:00,CGNT
20.44,20.48,20.412,20.48,711,2021-11-05 15:55:00,CGNT
20.49,20.5,20.4,20.44,2220,2021-11-05 16:00:00,CGNT
20.42,20.44,20.42,20.44,800,2021-11-05 16:05:00,CGNT
20.44,20.44,20.41,20.41,500,2021-11-05 16:10:00,CGNT
20.41,20.425,20.405,20.405,1300,2021-11-05 16:15:00,CGNT
20.39,20.405,20.35,20.35,1038,2021-11-05 16:20:00,CGNT
20.362,20.47,20.362,20.47,1085,2021-11-05 16:25:00,CGNT
20.48,20.48,20.42,20.44,722,2021-11-05 16:30:00,CGNT
20.445,20.445,20.4,20.4,600,2021-11-05 16:35:00,CGNT
20.41,20.45,20.41,20.43,1140,2021-11-05 16:40:00,CGNT
20.44,20.44,20.425,20.425,479,2021-11-05 16:45:00,CGNT
20.44,20.56,20.44,20.56,5005,2021-11-05 16:50:00,CGNT
20.545,20.555,20.52,20.555,643,2021-11-05 16:55:00,CGNT
20.58,20.6,20.55,20.6,1777,2021-11-05 17:00:00,CGNT
20.57,20.57,20.55,20.55,1000,2021-11-05 17:05:00,CGNT
20.53,20.53,20.4926,20.4926,732,2021-11-05 17:10:00,CGNT
20.495,20.52,20.48,20.52,1500,2021-11-05 17:15:00,CGNT
20.51,20.52,20.5,20.5,2041,2021-11-05 17:20:00,CGNT
20.5,20.53,20.49,20.495,8601,2021-11-05 17:25:00,CGNT
20.52,20.57,20.505,20.57,5908,2021-11-05 17:30:00,CGNT
20.57,20.6,20.57,20.6,1200,2021-11-05 17:35:00,CGNT
20.61,20.65,20.61,20.65,200,2021-11-05 17:45:00,CGNT
20.62,20.62,20.62,20.62,200,2021-11-05 17:50:00,CGNT
20.63,20.71,20.62,20.69,2777,2021-11-05 18:00:00,CGNT
20.67,20.72,20.67,20.7,600,2021-11-05 18:05:00,CGNT
20.72,20.745,20.72,20.745,800,2021-11-05 18:10:00,CGNT
20.755,20.755,20.755,20.755,2341,2021-11-05 18:15:00,CGNT
20.78,20.8,20.75,20.77,3276,2021-11-05 18:20:00,CGNT
20.775,20.805,20.775,20.805,600,2021-11-05 18:25:00,CGNT
20.86,20.88,20.81,20.88,727,2021-11-05 18:35:00,CGNT
20.86,20.865,20.86,20.865,4082,2021-11-05 18:40:00,CGNT
20.865,20.89,20.865,20.875,732,2021-11-05 18:45:00,CGNT
20.89,20.89,20.88,20.88,1200,2021-11-05 18:50:00,CGNT
20.88,20.89,20.88,20.89,2008,2021-11-05 18:55:00,CGNT
20.9,21.01,20.88,21.01,12720,2021-11-05 19:00:00,CGNT
21.01,21.02,20.995,20.995,2900,2021-11-05 19:05:00,CGNT
21.0,21.0,20.88,20.89,4111,2021-11-05 19:10:00,CGNT
20.88,20.91,20.87,20.87,3899,2021-11-05 19:15:00,CGNT
20.87,20.94,20.85,20.85,8757,2021-11-05 19:20:00,CGNT
20.885,20.9,20.8733,20.9,9139,2021-11-05 19:25:00,CGNT
20.92,20.93,20.9,20.91,2000,2021-11-05 19:30:00,CGNT
20.92,20.92,20.89,20.905,1114,2021-11-05 19:35:00,CGNT
20.89,20.89,20.82,20.83,1637,2021-11-05 19:40:00,CGNT
20.83,20.845,20.83,20.845,1555,2021-11-05 19:45:00,CGNT
20.86,20.96,20.85,20.94,30446,2021-11-05 19:50:00,CGNT
20.94,20.98,20.94,20.98,37882,2021-11-05 19:55:00,CGNT
20.97,20.97,20.97,20.97,26217,2021-11-05 20:00:00,CGNT
21.81,21.81,21.81,21.81,400,2021-11-08 12:20:00,CGNT
20.91,20.91,20.91,20.91,100,2021-11-08 13:30:00,CGNT
20.9,20.9,20.9,20.9,290,2021-11-08 14:05:00,CGNT
20.76,20.91,20.76,20.91,5313,2021-11-08 14:30:00,CGNT
20.75,20.89,20.75,20.89,200,2021-11-08 14:35:00,CGNT
20.89,20.91,20.89,20.91,300,2021-11-08 14:45:00,CGNT
21.0,21.0,20.9981,20.9981,600,2021-11-08 14:50:00,CGNT
20.97,21.0,20.97,21.0,2302,2021-11-08 14:55:00,CGNT
20.9795,21.03,20.97,20.97,3476,2021-11-08 15:00:00,CGNT
21.0,21.0,20.93,20.93,1300,2021-11-08 15:05:00,CGNT
20.965,21.03,20.965,21.03,7127,2021-11-08 15:10:00,CGNT
20.99,21.02,20.99,21.02,3338,2021-11-08 15:15:00,CGNT
21.02,21.105,21.01,21.07,1298,2021-11-08 15:20:00,CGNT
21.03,21.14,21.03,21.12,2726,2021-11-08 15:25:00,CGNT
21.11,21.2,21.11,21.175,3100,2021-11-08 15:30:00,CGNT
21.22,21.22,21.18,21.18,900,2021-11-08 15:35:00,CGNT
21.16,21.165,21.15,21.15,900,2021-11-08 15:40:00,CGNT
21.135,21.18,21.135,21.18,500,2021-11-08 15:45:00,CGNT
21.18,21.21,21.18,21.21,1596,2021-11-08 15:50:00,CGNT
21.205,21.24,21.205,21.24,1300,2021-11-08 15:55:00,CGNT
21.275,21.3,21.25,21.28,1055,2021-11-08 16:00:00,CGNT
21.28,21.28,21.22,21.245,1000,2021-11-08 16:05:00,CGNT
21.25,21.26,21.225,21.23,800,2021-11-08 16:10:00,CGNT
21.225,21.26,21.225,21.26,500,2021-11-08 16:15:00,CGNT
21.275,21.29,21.25,21.25,1275,2021-11-08 16:20:00,CGNT
21.3,21.335,21.3,21.33,2035,2021-11-08 16:25:00,CGNT
21.33,21.335,21.33,21.335,300,2021-11-08 16:30:00,CGNT
21.335,21.335,21.28,21.28,1100,2021-11-08 16:35:00,CGNT
21.26,21.26,21.25,21.25,500,2021-11-08 16:40:00,CGNT
21.27,21.32,21.27,21.31,2035,2021-11-08 16:45:00,CGNT
21.315,21.315,21.3001,21.3001,210,2021-11-08 16:50:00,CGNT
21.315,21.315,21.3,21.315,3530,2021-11-08 16:55:00,CGNT
21.3,21.34,21.3,21.34,1914,2021-11-08 17:05:00,CGNT
21.33,21.415,21.33,21.4,4240,2021-11-08 17:15:00,CGNT
21.43,21.43,21.43,21.43,100,2021-11-08 17:20:00,CGNT
21.42,21.44,21.4,21.44,1650,2021-11-08 17:25:00,CGNT
21.44,21.47,21.44,21.47,700,2021-11-08 17:30:00,CGNT
21.45,21.45,21.445,21.445,400,2021-11-08 17:35:00,CGNT
21.46,21.48,21.46,21.48,600,2021-11-08 17:40:00,CGNT
21.48,21.54,21.48,21.54,3200,2021-11-08 17:45:00,CGNT
21.515,21.515,21.475,21.475,1176,2021-11-08 17:50:00,CGNT
21.475,21.505,21.46,21.505,700,2021-11-08 17:55:00,CGNT
21.485,21.485,21.43,21.43,2238,2021-11-08 18:00:00,CGNT
21.43,21.43,21.39,21.42,2716,2021-11-08 18:05:00,CGNT
21.415,21.415,21.39,21.39,900,2021-11-08 18:10:00,CGNT
21.4,21.4,21.29,21.29,1300,2021-11-08 18:15:00,CGNT
21.27,21.27,21.19,21.19,1808,2021-11-08 18:20:00,CGNT
21.18,21.18,21.13,21.16,1100,2021-11-08 18:25:00,CGNT
21.145,21.1523,21.11,21.11,1903,2021-11-08 18:30:00,CGNT
21.11,21.16,21.1,21.16,2100,2021-11-08 18:35:00,CGNT
21.165,21.22,21.165,21.22,700,2021-11-08 18:40:00,CGNT
21.23,21.25,21.23,21.23,900,2021-11-08 18:45:00,CGNT
21.24,21.26,21.23,21.24,2900,2021-11-08 18:50:00,CGNT
21.26,21.26,21.23,21.23,300,2021-11-08 18:55:00,CGNT
21.24,21.26,21.22,21.26,1871,2021-11-08 19:00:00,CGNT
21.27,21.32,21.27,21.32,4531,2021-11-08 19:05:00,CGNT
21.32,21.32,21.2889,21.31,922,2021-11-08 19:10:00,CGNT
21.31,21.31,21.3,21.31,1070,2021-11-08 19:15:00,CGNT
21.3,21.31,21.25,21.285,3300,2021-11-08 19:20:00,CGNT
21.2501,21.28,21.25,21.26,1503,2021-11-08 19:25:00,CGNT
21.26,21.26,21.26,21.26,600,2021-11-08 19:30:00,CGNT
21.255,21.28,21.255,21.26,1900,2021-11-08 19:35:00,CGNT
21.26,21.26,21.26,21.26,718,2021-11-08 19:40:00,CGNT
21.27,21.31,21.27,21.305,1699,2021-11-08 19:45:00,CGNT
21.305,21.31,21.29,21.3,1520,2021-11-08 19:50:00,CGNT
21.305,21.33,21.29,21.31,1691,2021-11-08 19:55:00,CGNT
21.31,21.31,21.29,21.3,6140,2021-11-08 20:00:00,CGNT
21.31,21.31,21.305,21.305,1518,2021-11-08 20:05:00,CGNT
21.305,21.32,21.305,21.32,700,2021-11-08 20:10:00,CGNT
21.33,21.39,21.325,21.37,2692,2021-11-08 20:15:00,CGNT
21.37,21.41,21.37,21.38,1500,2021-11-08 20:20:00,CGNT
21.36,21.36,21.29,21.305,2386,2021-11-08 20:25:00,CGNT
21.32,21.32,21.29,21.3,1100,2021-11-08 20:30:00,CGNT
21.3,21.31,21.2701,21.28,2390,2021-11-08 20:35:00,CGNT
21.28,21.28,21.245,21.255,5479,2021-11-08 20:40:00,CGNT
21.25,21.255,21.2289,21.24,3570,2021-11-08 20:45:00,CGNT
21.24,21.28,21.23,21.275,7279,2021-11-08 20:50:00,CGNT
21.275,21.31,21.26,21.3,9056,2021-11-08 20:55:00,CGNT
21.29,21.29,21.29,21.29,25144,2021-11-08 21:00:00,CGNT
21.28,21.59,21.28,21.53,5658,2021-11-09 14:30:00,CGNT
21.495,21.53,21.46,21.53,3344,2021-11-09 14:35:00,CGNT
21.435,21.435,21.38,21.43,2500,2021-11-09 14:40:00,CGNT
21.42,21.6,21.42,21.535,4890,2021-11-09 14:45:00,CGNT
21.555,21.555,21.375,21.375,1634,2021-11-09 14:50:00,CGNT
21.375,21.375,21.14,21.165,2414,2021-11-09 14:55:00,CGNT
21.22,21.28,21.21,21.21,1087,2021-11-09 15:00:00,CGNT
21.235,21.27,21.235,21.25,718,2021-11-09 15:05:00,CGNT
21.27,21.3,21.25,21.3,3802,2021-11-09 15:10:00,CGNT
21.32,21.32,21.3,21.3,200,2021-11-09 15:15:00,CGNT
21.28,21.31,21.275,21.275,1815,2021-11-09 15:20:00,CGNT
21.275,21.3,21.275,21.3,1200,2021-11-09 15:25:00,CGNT
21.32,21.34,21.32,21.34,1296,2021-11-09 15:30:00,CGNT
21.335,21.335,21.3,21.3,600,2021-11-09 15:35:00,CGNT
21.33,21.38,21.33,21.38,936,2021-11-09 15:40:00,CGNT
21.39,21.39,21.38,21.38,300,2021-11-09 15:45:00,CGNT
21.36,21.38,21.36,21.375,500,2021-11-09 15:50:00,CGNT
21.37,21.37,21.37,21.37,300,2021-11-09 15:55:00,CGNT
21.36,21.39,21.32,21.32,1350,2021-11-09 16:00:00,CGNT
21.31,21.31,21.26,21.29,2200,2021-11-09 16:05:00,CGNT
21.29,21.355,21.29,21.33,2035,2021-11-09 16:10:00,CGNT
21.33,21.4,21.33,21.4,3456,2021-11-09 16:15:00,CGNT
21.41,21.55,21.39,21.53,5700,2021-11-09 16:20:00,CGNT
21.535,21.57,21.5,21.57,8108,2021-11-09 16:25:00,CGNT
21.595,21.595,21.47,21.47,14286,2021-11-09 16:30:00,CGNT
21.47,21.47,21.44,21.44,500,2021-11-09 16:35:00,CGNT
21.42,21.44,21.35,21.435,3064,2021-11-09 16:40:00,CGNT
21.4,21.43,21.4,21.43,2732,2021-11-09 16:45:00,CGNT
21.435,21.485,21.435,21.47,1604,2021-11-09 16:50:00,CGNT
21.45,21.51,21.45,21.51,3203,2021-11-09 16:55:00,CGNT
21.51,21.51,21.4818,21.4818,3206,2021-11-09 17:00:00,CGNT
21.5,21.51,21.5,21.51,700,2021-11-09 17:05:00,CGNT
21.52,21.575,21.52,21.53,1237,2021-11-09 17:10:00,CGNT
21.5599,21.5599,21.48,21.48,1100,2021-11-09 17:15:00,CGNT
21.47,21.52,21.44,21.49,3563,2021-11-09 17:20:00,CGNT
21.49,21.49,21.48,21.48,800,2021-11-09 17:25:00,CGNT
21.49,21.49,21.47,21.49,1400,2021-11-09 17:30:00,CGNT
21.49,21.51,21.49,21.51,400,2021-11-09 17:35:00,CGNT
21.49,21.52,21.49,21.52,1525,2021-11-09 17:40:00,CGNT
21.52,21.52,21.49,21.49,400,2021-11-09 17:45:00,CGNT
21.52,21.52,21.51,21.51,300,2021-11-09 17:50:00,CGNT
21.501,21.501,21.501,21.501,200,2021-11-09 17:55:00,CGNT
21.515,21.54,21.5,21.54,688,2021-11-09 18:00:00,CGNT
21.54,21.54,21.46,21.46,1855,2021-11-09 18:05:00,CGNT
21.45,21.45,21.38,21.38,600,2021-11-09 18:10:00,CGNT
21.37,21.37,21.37,21.37,100,2021-11-09 18:15:00,CGNT
21.38,21.38,21.36,21.36,700,2021-11-09 18:20:00,CGNT
21.311,21.37,21.31,21.37,4814,2021-11-09 18:25:00,CGNT
21.35,21.35,21.31,21.34,3487,2021-11-09 18:30:00,CGNT
21.33,21.33,21.33,21.33,200,2021-11-09 18:35:00,CGNT
21.31,21.31,21.31,21.31,100,2021-11-09 18:40:00,CGNT
21.34,21.348,21.34,21.348,300,2021-11-09 18:45:00,CGNT
21.35,21.35,21.33,21.33,200,2021-11-09 18:50:00,CGNT
21.31,21.33,21.31,21.32,10300,2021-11-09 18:55:00,CGNT
21.31,21.37,21.31,21.37,2094,2021-11-09 19:00:00,CGNT
21.39,21.41,21.39,21.4,400,2021-11-09 19:05:00,CGNT
21.4,21.42,21.392,21.42,900,2021-11-09 19:10:00,CGNT
21.42,21.45,21.42,21.45,600,2021-11-09 19:15:00,CGNT
21.45,21.47,21.45,21.46,1392,2021-11-09 19:20:00,CGNT
21.451,21.55,21.451,21.5367,3599,2021-11-09 19:25:00,CGNT
21.52,21.54,21.52,21.535,800,2021-11-09 19:30:00,CGNT
21.51,21.54,21.51,21.53,1500,2021-11-09 19:35:00,CGNT
21.54,21.54,21.53,21.535,600,2021-11-09 19:40:00,CGNT
21.54,21.99,21.53,21.65,53195,2021-11-09 19:45:00,CGNT
21.66,21.66,21.63,21.635,800,2021-11-09 19:50:00,CGNT
21.645,21.74,21.645,21.725,2134,2021-11-09 19:55:00,CGNT
21.71,21.72,21.68,21.7,1996,2021-11-09 20:00:00,CGNT
21.6904,21.6904,21.64,21.66,1711,2021-11-09 20:05:00,CGNT
21.66,21.69,21.6406,21.6406,3174,2021-11-09 20:10:00,CGNT
21.6595,21.6699,21.65,21.66,1690,2021-11-09 20:15:00,CGNT
21.655,21.675,21.64,21.66,2469,2021-11-09 20:20:00,CGNT
21.66,21.67,21.64,21.64,1050,2021-11-09 20:25:00,CGNT
21.645,21.65,21.64,21.64,700,2021-11-09 20:30:00,CGNT
21.6488,21.66,21.625,21.625,2032,2021-11-09 20:35:00,CGNT
21.64,21.641,21.61,21.625,1832,2021-11-09 20:40:00,CGNT
21.61,21.62,21.591,21.591,2470,2021-11-09 20:45:00,CGNT
21.6,21.63,21.57,21.61,7492,2021-11-09 20:50:00,CGNT
21.6,21.64,21.6,21.63,7921,2021-11-09 20:55:00,CGNT
21.64,21.64,21.64,21.64,20182,2021-11-09 21:00:00,CGNT
21.64,21.64,20.64,21.33,6641,2021-11-10 14:30:00,CGNT
21.21,21.21,21.2,21.2,200,2021-11-10 14:35:00,CGNT
21.225,21.225,21.22,21.22,300,2021-11-10 14:40:00,CGNT
21.27,21.31,21.27,21.31,500,2021-11-10 14:45:00,CGNT
21.31,21.31,21.31,21.31,300,2021-11-10 14:50:00,CGNT
21.3064,21.46,21.3064,21.42,800,2021-11-10 14:55:00,CGNT
21.39,21.46,21.39,21.46,700,2021-11-10 15:00:00,CGNT
21.4,21.47,21.4,21.4131,700,2021-11-10 15:05:00,CGNT
21.47,21.5,21.45,21.485,1411,2021-11-10 15:10:00,CGNT
21.485,21.485,21.43,21.44,2400,2021-11-10 15:15:00,CGNT
21.43,21.43,21.38,21.42,600,2021-11-10 15:20:00,CGNT
21.39,21.46,21.38,21.39,1139,2021-11-10 15:25:00,CGNT
21.39,21.46,21.38,21.45,3600,2021-11-10 15:30:00,CGNT
21.44,21.51,21.44,21.48,1300,2021-11-10 15:35:00,CGNT
21.48,21.5,21.475,21.5,727,2021-11-10 15:40:00,CGNT
21.499,21.499,21.499,21.499,254,2021-11-10 15:45:00,CGNT
21.48,21.51,21.48,21.51,1470,2021-11-10 15:50:00,CGNT
21.5,21.51,21.5,21.51,300,2021-11-10 15:55:00,CGNT
21.51,21.54,21.51,21.54,1296,2021-11-10 16:00:00,CGNT
21.55,21.6,21.55,21.6,1000,2021-11-10 16:05:00,CGNT
21.57,21.62,21.54,21.6,4595,2021-11-10 16:10:00,CGNT
21.6,21.68,21.57,21.675,4842,2021-11-10 16:15:00,CGNT
21.67,21.7,21.61,21.62,17634,2021-11-10 16:20:00,CGNT
21.645,21.645,21.56,21.59,2151,2021-11-10 16:25:00,CGNT
21.58,21.58,21.56,21.56,700,2021-11-10 16:30:00,CGNT
21.55,21.55,21.51,21.53,1129,2021-11-10 16:35:00,CGNT
21.5,21.53,21.46,21.46,1000,2021-11-10 16:40:00,CGNT
21.47,21.52,21.4699,21.475,1050,2021-11-10 16:45:00,CGNT
21.5066,21.5066,21.5066,21.5066,500,2021-11-10 16:50:00,CGNT
21.5,21.5,21.5,21.5,100,2021-11-10 16:55:00,CGNT
21.48,21.51,21.4785,21.51,2171,2021-11-10 17:00:00,CGNT
21.51,21.57,21.51,21.57,3539,2021-11-10 17:05:00,CGNT
21.57,21.57,21.54,21.54,300,2021-11-10 17:10:00,CGNT
21.535,21.535,21.535,21.535,100,2021-11-10 17:15:00,CGNT
21.56,21.56,21.535,21.56,300,2021-11-10 17:20:00,CGNT
21.55,21.56,21.55,21.56,400,2021-11-10 17:25:00,CGNT
21.57,21.61,21.57,21.6,1000,2021-11-10 17:30:00,CGNT
21.6,21.6,21.57,21.59,300,2021-11-10 17:35:00,CGNT
21.58,21.58,21.55,21.55,925,2021-11-10 17:40:00,CGNT
21.58,21.58,21.56,21.57,1400,2021-11-10 17:45:00,CGNT
21.57,21.57,21.57,21.57,200,2021-11-10 17:50:00,CGNT
21.58,21.58,21.575,21.575,200,2021-11-10 17:55:00,CGNT
21.575,21.575,21.53,21.56,4339,2021-11-10 18:00:00,CGNT
21.54,21.59,21.54,21.59,2623,2021-11-10 18:05:00,CGNT
21.58,21.58,21.53,21.54,1232,2021-11-10 18:10:00,CGNT
21.53,21.535,21.53,21.535,300,2021-11-10 18:15:00,CGNT
21.51,21.55,21.5,21.5,2025,2021-11-10 18:20:00,CGNT
21.5,21.5,21.47,21.47,1200,2021-11-10 18:25:00,CGNT
21.49,21.49,21.49,21.49,700,2021-11-10 18:30:00,CGNT
21.49,21.5,21.47,21.485,5200,2021-11-10 18:35:00,CGNT
21.47,21.48,21.41,21.41,2881,2021-11-10 18:40:00,CGNT
21.38,21.395,21.37,21.37,1433,2021-11-10 18:45:00,CGNT
21.37,21.37,21.3,21.3,2027,2021-11-10 18:50:00,CGNT
21.29,21.31,21.27,21.28,1528,2021-11-10 18:55:00,CGNT
21.25,21.25,21.215,21.215,601,2021-11-10 19:00:00,CGNT
21.19,21.22,21.19,21.22,800,2021-11-10 19:05:00,CGNT
21.23,21.23,21.09,21.115,918,2021-11-10 19:10:00,CGNT
21.14,21.275,21.14,21.25,7366,2021-11-10 19:15:00,CGNT
21.26,21.26,21.23,21.23,300,2021-11-10 19:20:00,CGNT
21.22,21.22,21.2,21.2,300,2021-11-10 19:25:00,CGNT
21.17,21.17,21.17,21.17,200,2021-11-10 19:30:00,CGNT
21.19,21.24,21.16,21.16,3140,2021-11-10 19:35:00,CGNT
21.15,21.15,21.07,21.07,1000,2021-11-10 19:40:00,CGNT
21.09,21.17,21.09,21.17,2426,2021-11-10 19:45:00,CGNT
21.175,21.175,21.165,21.165,300,2021-11-10 19:50:00,CGNT
21.165,21.165,21.14,21.15,600,2021-11-10 19:55:00,CGNT
21.17,21.17,21.15,21.15,200,2021-11-10 20:00:00,CGNT
21.17,21.24,21.17,21.22,1304,2021-11-10 20:05:00,CGNT
21.24,21.28,21.24,21.26,1300,2021-11-10 20:10:00,CGNT
21.29,21.32,21.28,21.32,1100,2021-11-10 20:15:00,CGNT
21.33,21.33,21.28,21.28,1599,2021-11-10 20:20:00,CGNT
21.3,21.3,21.26,21.27,1412,2021-11-10 20:25:00,CGNT
21.27,21.27,21.26,21.265,1900,2021-11-10 20:30:00,CGNT
21.265,21.28,21.24,21.24,3594,2021-11-10 20:35:00,CGNT
21.27,21.3,21.23,21.24,5114,2021-11-10 20:40:00,CGNT
21.2233,21.29,21.2233,21.26,3811,2021-11-10 20:45:00,CGNT
21.27,21.32,21.27,21.32,3943,2021-11-10 20:50:00,CGNT
21.31,21.35,21.28,21.31,17939,2021-11-10 20:55:00,CGNT
21.31,21.31,21.31,21.31,22850,2021-11-10 21:00:00,CGNT
21.44,21.44,21.44,21.44,709,2021-11-11 14:30:00,CGNT
21.43,21.67,21.43,21.62,2945,2021-11-11 14:45:00,CGNT
21.57,21.625,21.57,21.625,800,2021-11-11 14:50:00,CGNT
21.625,21.625,21.53,21.6,3266,2021-11-11 14:55:00,CGNT
21.61,21.61,21.605,21.61,500,2021-11-11 15:00:00,CGNT
21.6,21.675,21.585,21.65,5823,2021-11-11 15:05:00,CGNT
21.71,21.72,21.71,21.71,700,2021-11-11 15:10:00,CGNT
21.69,21.71,21.64,21.645,1300,2021-11-11 15:15:00,CGNT
21.64,21.66,21.63,21.66,300,2021-11-11 15:20:00,CGNT
21.65,21.67,21.6,21.61,3600,2021-11-11 15:25:00,CGNT
21.615,21.625,21.52,21.52,5332,2021-11-11 15:30:00,CGNT
21.54,21.6,21.535,21.57,2739,2021-11-11 15:35:00,CGNT
21.5388,21.6,21.5,21.5,1690,2021-11-11 15:40:00,CGNT
21.56,21.58,21.51,21.58,1096,2021-11-11 15:45:00,CGNT
21.555,21.57,21.5301,21.57,1100,2021-11-11 15:50:00,CGNT
21.53,21.56,21.53,21.56,300,2021-11-11 15:55:00,CGNT
21.57,21.69,21.55,21.67,3662,2021-11-11 16:00:00,CGNT
21.67,21.69,21.67,21.69,500,2021-11-11 16:05:00,CGNT
21.7,21.76,21.68,21.76,852,2021-11-11 16:10:00,CGNT
21.76,21.79,21.76,21.79,850,2021-11-11 16:15:00,CGNT
21.79,21.79,21.77,21.77,300,2021-11-11 16:20:00,CGNT
21.755,21.76,21.755,21.76,300,2021-11-11 16:25:00,CGNT
21.765,21.765,21.74,21.74,200,2021-11-11 16:30:00,CGNT
21.79,21.81,21.78,21.81,900,2021-11-11 16:35:00,CGNT
21.8,21.82,21.8,21.82,200,2021-11-11 16:40:00,CGNT
21.83,21.83,21.81,21.83,900,2021-11-11 16:45:00,CGNT
21.83,21.83,21.81,21.81,2134,2021-11-11 16:50:00,CGNT
21.81,21.81,21.725,21.725,1050,2021-11-11 16:55:00,CGNT
21.75,21.75,21.731,21.731,425,2021-11-11 17:00:00,CGNT
21.755,21.755,21.72,21.72,900,2021-11-11 17:05:00,CGNT
21.71,21.71,21.71,21.71,400,2021-11-11 17:10:00,CGNT
21.71,21.74,21.705,21.71,500,2021-11-11 17:15:00,CGNT
21.73,21.73,21.715,21.715,400,2021-11-11 17:20:00,CGNT
21.72,21.75,21.72,21.75,1000,2021-11-11 17:30:00,CGNT
21.78,21.79,21.755,21.755,1400,2021-11-11 17:35:00,CGNT
21.76,21.76,21.74,21.74,400,2021-11-11 17:40:00,CGNT
21.74,21.74,21.74,21.74,700,2021-11-11 17:45:00,CGNT
21.71,21.74,21.71,21.715,1400,2021-11-11 17:50:00,CGNT
21.715,21.72,21.69,21.72,501,2021-11-11 17:55:00,CGNT
21.715,21.75,21.715,21.74,5553,2021-11-11 18:05:00,CGNT
21.75,21.75,21.745,21.75,300,2021-11-11 18:10:00,CGNT
21.75,21.76,21.74,21.74,400,2021-11-11 18:15:00,CGNT
21.74,21.75,21.74,21.75,1000,2021-11-11 18:20:00,CGNT
21.74,21.88,21.73,21.88,6911,2021-11-11 18:25:00,CGNT
21.88,21.93,21.88,21.895,1797,2021-11-11 18:30:00,CGNT
21.895,21.93,21.78,21.81,4329,2021-11-11 18:35:00,CGNT
21.81,21.81,21.78,21.785,400,2021-11-11 18:40:00,CGNT
21.79,21.81,21.79,21.8,1132,2021-11-11 18:45:00,CGNT
21.77,21.78,21.75,21.76,2000,2021-11-11 18:55:00,CGNT
21.76,21.76,21.76,21.76,200,2021-11-11 19:00:00,CGNT
21.765,21.765,21.765,21.765,500,2021-11-11 19:05:00,CGNT
21.75,21.7655,21.75,21.75,1178,2021-11-11 19:10:00,CGNT
21.7797,21.7799,21.75,21.77,1387,2021-11-11 19:15:00,CGNT
21.765,21.765,21.75,21.75,300,2021-11-11 19:20:00,CGNT
21.78,21.78,21.76,21.78,1100,2021-11-11 19:25:00,CGNT
21.765,21.85,21.765,21.82,1803,2021-11-11 19:30:00,CGNT
21.82,21.83,21.815,21.83,600,2021-11-11 19:35:00,CGNT
21.81,21.83,21.795,21.81,11000,2021-11-11 19:40:00,CGNT
21.81,21.85,21.79,21.85,3416,2021-11-11 19:45:00,CGNT
21.86,21.9,21.86,21.9,600,2021-11-11 19:50:00,CGNT
21.875,21.875,21.84,21.86,3057,2021-11-11 19:55:00,CGNT
21.87,21.89,21.87,21.89,1500,2021-11-11 20:00:00,CGNT
21.88,21.89,21.85,21.85,1400,2021-11-11 20:05:00,CGNT
21.845,21.85,21.845,21.845,1600,2021-11-11 20:10:00,CGNT
21.845,21.865,21.845,21.85,1500,2021-11-11 20:15:00,CGNT
21.85,21.86,21.845,21.86,1838,2021-11-11 20:20:00,CGNT
21.85,21.85,21.84,21.85,3157,2021-11-11 20:25:00,CGNT
21.85,21.89,21.85,21.86,4330,2021-11-11 20:30:00,CGNT
21.8557,21.87,21.83,21.87,2800,2021-11-11 20:35:00,CGNT
21.86,21.87,21.85,21.86,2700,2021-11-11 20:40:00,CGNT
21.85,21.87,21.84,21.85,10927,2021-11-11 20:45:00,CGNT
21.86,21.865,21.82,21.82,10190,2021-11-11 20:50:00,CGNT
21.82,21.835,21.79,21.82,23345,2021-11-11 20:55:00,CGNT
21.82,21.82,21.82,21.82,25160,2021-11-11 21:00:00,CGNT
21.84,21.84,21.84,21.84,852,2021-11-12 14:30:00,CGNT
21.99,22.1,21.99,22.1,7404,2021-11-12 14:35:00,CGNT
22.15,22.15,22.13,22.13,400,2021-11-12 14:40:00,CGNT
22.1,22.1,22.1,22.1,100,2021-11-12 14:45:00,CGNT
22.15,22.15,22.001,22.07,6445,2021-11-12 14:50:00,CGNT
22.0,22.04,21.92,21.945,2500,2021-11-12 14:55:00,CGNT
21.95,21.95,21.93,21.93,200,2021-11-12 15:00:00,CGNT
21.96,21.97,21.92,21.955,2400,2021-11-12 15:05:00,CGNT
21.98,22.02,21.98,21.9929,1155,2021-11-12 15:10:00,CGNT
22.02,22.03,22.0,22.0,1631,2021-11-12 15:15:00,CGNT
22.02,22.02,21.995,21.995,1469,2021-11-12 15:20:00,CGNT
22.0,22.0,22.0,22.0,600,2021-11-12 15:25:00,CGNT
22.02,22.02,22.0,22.0,800,2021-11-12 15:30:00,CGNT
22.01,22.025,22.0,22.01,2000,2021-11-12 15:35:00,CGNT
22.02,22.02,21.98,21.98,600,2021-11-12 15:40:00,CGNT
22.03,22.03,22.005,22.005,400,2021-11-12 15:45:00,CGNT
22.03,22.03,22.0,22.015,1700,2021-11-12 15:50:00,CGNT
22.02,22.03,22.02,22.03,200,2021-11-12 15:55:00,CGNT
22.02,22.02,22.0,22.02,1000,2021-11-12 16:00:00,CGNT
22.0,22.0,21.98,21.995,3438,2021-11-12 16:05:00,CGNT
22.0,22.045,22.0,22.045,1600,2021-11-12 16:10:00,CGNT
22.06,22.06,21.99,22.0,12115,2021-11-12 16:15:00,CGNT
21.99,22.01,21.95,21.96,14948,2021-11-12 16:20:00,CGNT
21.9525,21.97,21.94,21.95,1100,2021-11-12 16:25:00,CGNT
21.95,21.97,21.915,21.97,12107,2021-11-12 16:30:00,CGNT
21.955,21.97,21.955,21.955,1000,2021-11-12 16:40:00,CGNT
21.95,21.97,21.94,21.95,9400,2021-11-12 16:45:00,CGNT
21.95,21.95,21.95,21.95,500,2021-11-12 16:55:00,CGNT
21.95,21.95,21.9401,21.95,1350,2021-11-12 17:00:00,CGNT
21.95,21.96,21.94,21.94,1100,2021-11-12 17:05:00,CGNT
21.95,21.95,21.94,21.94,200,2021-11-12 17:10:00,CGNT
21.94,21.95,21.77,21.77,12431,2021-11-12 17:15:00,CGNT
21.775,21.83,21.775,21.83,2922,2021-11-12 17:20:00,CGNT
21.83,21.83,21.83,21.83,100,2021-11-12 17:25:00,CGNT
21.83,21.83,21.83,21.83,100,2021-11-12 17:30:00,CGNT
21.83,21.85,21.83,21.83,1200,2021-11-12 17:35:00,CGNT
21.85,21.91,21.85,21.9,3100,2021-11-12 17:40:00,CGNT
21.8898,21.95,21.8898,21.945,2191,2021-11-12 17:45:00,CGNT
21.95,21.95,21.88,21.885,1300,2021-11-12 17:50:00,CGNT
21.885,21.885,21.885,21.885,200,2021-11-12 17:55:00,CGNT
21.885,21.885,21.885,21.885,300,2021-11-12 18:00:00,CGNT
21.9,21.92,21.9,21.915,1770,2021-11-12 18:05:00,CGNT
21.91,21.92,21.89,21.91,4912,2021-11-12 18:10:00,CGNT
21.9,21.9,21.9,21.9,200,2021-11-12 18:15:00,CGNT
21.895,21.905,21.895,21.905,839,2021-11-12 18:20:00,CGNT
21.905,21.905,21.9,21.9,700,2021-11-12 18:25:00,CGNT
21.9,21.92,21.885,21.9,2717,2021-11-12 18:30:00,CGNT
21.8786,21.885,21.8786,21.885,303,2021-11-12 18:35:00,CGNT
21.89,21.94,21.89,21.9,2617,2021-11-12 18:40:00,CGNT
21.905,21.905,21.905,21.905,200,2021-11-12 18:45:00,CGNT
21.905,21.905,21.87,21.87,1300,2021-11-12 18:50:00,CGNT
21.855,21.855,21.855,21.855,400,2021-11-12 18:55:00,CGNT
21.855,21.855,21.855,21.855,500,2021-11-12 19:00:00,CGNT
21.855,21.855,21.84,21.85,600,2021-11-12 19:05:00,CGNT
21.855,21.855,21.855,21.855,100,2021-11-12 19:10:00,CGNT
21.855,21.855,21.83,21.83,961,2021-11-12 19:15:00,CGNT
21.845,21.86,21.845,21.85,900,2021-11-12 19:20:00,CGNT
21.83,21.84,21.83,21.84,900,2021-11-12 19:25:00,CGNT
21.835,21.835,21.82,21.82,800,2021-11-12 19:30:00,CGNT
21.81,21.81,21.78,21.78,1300,2021-11-12 19:35:00,CGNT
21.78,21.83,21.78,21.83,2650,2021-11-12 19:45:00,CGNT
21.82,21.82,21.8,21.8,400,2021-11-12 19:50:00,CGNT
21.79,21.81,21.79,21.81,900,2021-11-12 19:55:00,CGNT
21.79,21.8,21.79,21.79,600,2021-11-12 20:00:00,CGNT
21.81,21.81,21.81,21.81,500,2021-11-12 20:05:00,CGNT
21.82,21.87,21.82,21.84,6112,2021-11-12 20:10:00,CGNT
21.84,21.85,21.84,21.85,450,2021-11-12 20:15:00,CGNT
21.84,21.96,21.84,21.94,17911,2021-11-12 20:20:00,CGNT
21.95,21.969,21.935,21.95,600,2021-11-12 20:25:00,CGNT
21.95,21.96,21.95,21.96,1300,2021-11-12 20:30:00,CGNT
21.97,21.97,21.97,21.97,300,2021-11-12 20:35:00,CGNT
21.95,21.98,21.93,21.93,2600,2021-11-12 20:40:00,CGNT
21.94,21.95,21.92,21.93,3300,2021-11-12 20:45:00,CGNT
21.93,22.03,21.93,22.015,5679,2021-11-12 20:50:00,CGNT
22.0,22.08,21.98,22.01,18887,2021-11-12 20:55:00,CGNT
22.03,22.03,22.03,22.03,19534,2021-11-12 21:00:00,CGNT
22.12,22.16,22.03,22.155,1682,2021-11-15 14:30:00,CGNT
22.2203,22.2203,22.03,22.03,700,2021-11-15 14:35:00,CGNT
22.02,22.035,21.88,22.03,600,2021-11-15 14:40:00,CGNT
21.92,22.03,21.86,22.03,1300,2021-11-15 14:45:00,CGNT
21.94,21.95,21.84,21.84,1479,2021-11-15 14:50:00,CGNT
21.905,21.97,21.905,21.95,1805,2021-11-15 14:55:00,CGNT
21.96,21.96,21.89,21.89,1300,2021-11-15 15:00:00,CGNT
21.79,21.79,21.79,21.79,100,2021-11-15 15:05:00,CGNT
21.74,21.74,21.69,21.69,1780,2021-11-15 15:10:00,CGNT
21.71,21.72,21.7,21.72,1100,2021-11-15 15:15:00,CGNT
21.73,21.73,21.73,21.73,100,2021-11-15 15:20:00,CGNT
21.706,21.706,21.7,21.7,400,2021-11-15 15:25:00,CGNT
21.69,21.69,21.69,21.69,200,2021-11-15 15:30:00,CGNT
21.674,21.69,21.674,21.675,800,2021-11-15 15:35:00,CGNT
21.66,21.66,21.66,21.66,100,2021-11-15 15:40:00,CGNT
21.644,21.66,21.64,21.66,600,2021-11-15 15:45:00,CGNT
21.67,21.67,21.64,21.67,2687,2021-11-15 15:50:00,CGNT
21.67,21.72,21.67,21.72,1457,2021-11-15 15:55:00,CGNT
21.73,21.77,21.73,21.77,894,2021-11-15 16:00:00,CGNT
21.77,21.77,21.77,21.77,200,2021-11-15 16:05:00,CGNT
21.76,21.77,21.76,21.77,349,2021-11-15 16:10:00,CGNT
21.78,21.82,21.78,21.82,700,2021-11-15 16:15:00,CGNT
21.815,21.84,21.815,21.84,500,2021-11-15 16:20:00,CGNT
21.865,21.88,21.86,21.86,400,2021-11-15 16:25:00,CGNT
21.87,21.88,21.87,21.88,200,2021-11-15 16:30:00,CGNT
21.89,21.92,21.89,21.92,300,2021-11-15 16:35:00,CGNT
21.92,21.92,21.83,21.86,2600,2021-11-15 16:40:00,CGNT
21.87,21.875,21.87,21.875,200,2021-11-15 16:45:00,CGNT
21.875,21.875,21.84,21.84,422,2021-11-15 16:50:00,CGNT
21.9,21.9,21.88,21.88,200,2021-11-15 16:55:00,CGNT
21.895,21.895,21.88,21.89,3237,2021-11-15 17:00:00,CGNT
21.88,21.89,21.875,21.89,896,2021-11-15 17:05:00,CGNT
21.89,21.905,21.861,21.885,1453,2021-11-15 17:10:00,CGNT
21.87,21.87,21.85,21.85,300,2021-11-15 17:15:00,CGNT
21.821,21.84,21.821,21.8278,400,2021-11-15 17:20:00,CGNT
21.825,21.92,21.8,21.92,8804,2021-11-15 17:25:00,CGNT
21.905,21.905,21.9,21.9,200,2021-11-15 17:30:00,CGNT
21.915,21.97,21.9,21.97,1000,2021-11-15 17:35:00,CGNT
21.955,22.0,21.955,22.0,900,2021-11-15 17:40:00,CGNT
21.985,21.985,21.985,21.985,300,2021-11-15 17:45:00,CGNT
21.98,21.99,21.97,21.985,725,2021-11-15 17:55:00,CGNT
21.99,22.0,21.99,21.995,400,2021-11-15 18:05:00,CGNT
21.995,22.0,21.97,21.97,1300,2021-11-15 18:10:00,CGNT
21.985,22.03,21.985,22.03,2000,2021-11-15 18:15:00,CGNT
22.025,22.025,22.025,22.025,100,2021-11-15 18:20:00,CGNT
22.01,22.01,21.98,21.985,900,2021-11-15 18:25:00,CGNT
21.99,21.99,21.99,21.99,400,2021-11-15 18:30:00,CGNT
21.99,22.0,21.99,22.0,500,2021-11-15 18:35:00,CGNT
21.99,22.02,21.99,22.02,2779,2021-11-15 18:40:00,CGNT
22.03,22.04,22.03,22.03,1343,2021-11-15 18:45:00,CGNT
22.03,22.04,22.01,22.04,1988,2021-11-15 18:50:00,CGNT
22.02,22.02,21.95,21.98,3200,2021-11-15 18:55:00,CGNT
21.945,21.96,21.945,21.945,1100,2021-11-15 19:00:00,CGNT
21.925,21.935,21.89,21.89,2500,2021-11-15 19:05:00,CGNT
21.885,21.9,21.885,21.9,1500,2021-11-15 19:10:00,CGNT
21.9,21.9,21.87,21.89,1900,2021-11-15 19:15:00,CGNT
21.875,21.93,21.861,21.93,3810,2021-11-15 19:20:00,CGNT
21.92,21.93,21.915,21.925,1620,2021-11-15 19:25:00,CGNT
21.92,21.99,21.92,21.99,2200,2021-11-15 19:30:00,CGNT
21.975,21.9888,21.975,21.98,1133,2021-11-15 19:35:00,CGNT
21.97,21.99,21.97,21.97,1500,2021-11-15 19:40:00,CGNT
21.97,21.98,21.955,21.98,1400,2021-11-15 19:45:00,CGNT
21.98,21.98,21.955,21.955,1500,2021-11-15 19:50:00,CGNT
21.955,21.97,21.94,21.94,1900,2021-11-15 19:55:00,CGNT
21.955,21.98,21.955,21.98,2023,2021-11-15 20:00:00,CGNT
21.985,21.985,21.955,21.965,2300,2021-11-15 20:05:00,CGNT
21.966,21.975,21.96,21.97,2709,2021-11-15 20:10:00,CGNT
21.98,22.02,21.97,22.02,2300,2021-11-15 20:15:00,CGNT
21.99,22.0196,21.975,22.0,2650,2021-11-15 20:20:00,CGNT
21.98,21.99,21.97,21.975,2700,2021-11-15 20:25:00,CGNT
21.975,22.06,21.975,22.06,4721,2021-11-15 20:30:00,CGNT
22.04,22.08,22.04,22.0731,3696,2021-11-15 20:35:00,CGNT
22.06,22.06,22.0,22.0,4300,2021-11-15 20:40:00,CGNT
22.015,22.03,21.9775,21.995,5800,2021-11-15 20:45:00,CGNT
22.0,22.0,21.97,21.98,5200,2021-11-15 20:50:00,CGNT
21.98,22.01,21.97,21.98,33239,2021-11-15 20:55:00,CGNT
21.99,22.05,21.8,22.05,55413,2021-11-15 21:00:00,CGNT
22.05,22.05,22.05,22.05,1287,2021-11-16 14:30:00,CGNT
22.01,22.01,21.87,21.87,500,2021-11-16 14:45:00,CGNT
21.825,21.825,21.76,21.76,700,2021-11-16 14:50:00,CGNT
21.7873,21.8,21.65,21.65,2000,2021-11-16 14:55:00,CGNT
21.65,21.65,21.65,21.65,200,2021-11-16 15:00:00,CGNT
21.61,21.61,21.56,21.565,1250,2021-11-16 15:05:00,CGNT
21.5665,21.59,21.545,21.59,1020,2021-11-16 15:10:00,CGNT
21.59,21.66,21.5854,21.66,1100,2021-11-16 15:15:00,CGNT
21.65,21.65,21.65,21.65,200,2021-11-16 15:25:00,CGNT
21.67,21.67,21.67,21.67,100,2021-11-16 15:30:00,CGNT
21.68,21.68,21.65,21.67,700,2021-11-16 15:35:00,CGNT
21.69,21.71,21.6,21.61,2100,2021-11-16 15:40:00,CGNT
21.61,21.61,21.58,21.585,1100,2021-11-16 15:45:00,CGNT
21.585,21.59,21.585,21.59,400,2021-11-16 15:50:00,CGNT
21.6,21.64,21.6,21.64,700,2021-11-16 15:55:00,CGNT
21.64,21.67,21.64,21.67,776,2021-11-16 16:00:00,CGNT
21.67,21.67,21.665,21.665,400,2021-11-16 16:05:00,CGNT
21.689,21.7,21.68,21.7,1206,2021-11-16 16:15:00,CGNT
21.69,21.69,21.65,21.65,1587,2021-11-16 16:20:00,CGNT
21.6256,21.65,21.62,21.64,2300,2021-11-16 16:25:00,CGNT
21.655,21.76,21.65,21.72,4800,2021-11-16 16:30:00,CGNT
21.73,21.74,21.73,21.74,200,2021-11-16 16:35:00,CGNT
21.755,21.8,21.74,21.8,1710,2021-11-16 16:40:00,CGNT
21.825,21.825,21.825,21.825,400,2021-11-16 16:45:00,CGNT
21.81,21.9,21.8,21.87,2000,2021-11-16 16:50:00,CGNT
21.89,21.99,21.89,21.94,3100,2021-11-16 16:55:00,CGNT
21.92,21.99,21.92,21.99,3300,2021-11-16 17:00:00,CGNT
21.975,21.975,21.92,21.93,1200,2021-11-16 17:05:00,CGNT
21.935,21.96,21.935,21.96,400,2021-11-16 17:10:00,CGNT
21.95,21.96,21.9101,21.95,2300,2021-11-16 17:15:00,CGNT
21.95,21.95,21.91,21.91,900,2021-11-16 17:20:00,CGNT
21.9,21.9,21.88,21.88,400,2021-11-16 17:25:00,CGNT
21.86,21.95,21.86,21.95,2860,2021-11-16 17:30:00,CGNT
21.91,21.92,21.895,21.92,900,2021-11-16 17:40:00,CGNT
21.915,21.95,21.915,21.95,1687,2021-11-16 17:45:00,CGNT
21.94,21.96,21.94,21.96,400,2021-11-16 17:50:00,CGNT
21.95,21.965,21.93,21.965,900,2021-11-16 17:55:00,CGNT
21.965,21.98,21.965,21.965,1200,2021-11-16 18:00:00,CGNT
21.965,21.97,21.9316,21.97,511,2021-11-16 18:05:00,CGNT
21.92,21.92,21.92,21.92,700,2021-11-16 18:10:00,CGNT
21.91,21.93,21.891,21.891,600,2021-11-16 18:15:00,CGNT
21.9,21.9,21.885,21.9,800,2021-11-16 18:25:00,CGNT
21.88,21.9,21.86,21.9,2400,2021-11-16 18:30:00,CGNT
21.895,21.895,21.895,21.895,113,2021-11-16 18:35:00,CGNT
21.86,21.86,21.77,21.79,2353,2021-11-16 18:40:00,CGNT
21.775,21.92,21.775,21.87,5661,2021-11-16 18:45:00,CGNT
21.885,21.885,21.84,21.85,5058,2021-11-16 18:50:00,CGNT
21.86,21.86,21.825,21.825,1000,2021-11-16 18:55:00,CGNT
21.84,21.84,21.829,21.829,550,2021-11-16 19:00:00,CGNT
21.85,21.85,21.85,21.85,331,2021-11-16 19:05:00,CGNT
21.86,21.95,21.85,21.95,3054,2021-11-16 19:10:00,CGNT
21.97,21.97,21.97,21.97,200,2021-11-16 19:15:00,CGNT
21.97,22.0,21.965,22.0,1070,2021-11-16 19:20:00,CGNT
22.0,22.05,21.995,22.05,4412,2021-11-16 19:25:00,CGNT
22.06,22.15,22.06,22.13,3217,2021-11-16 19:30:00,CGNT
22.125,22.17,22.12,22.155,3247,2021-11-16 19:35:00,CGNT
22.155,22.26,22.155,22.21,6801,2021-11-16 19:40:00,CGNT
22.21,22.24,22.21,22.22,1400,2021-11-16 19:45:00,CGNT
22.24,22.26,22.17,22.185,3968,2021-11-16 19:50:00,CGNT
22.19,22.27,22.1602,22.27,7107,2021-11-16 19:55:00,CGNT
22.26,22.27,22.09,22.155,6876,2021-11-16 20:00:00,CGNT
22.13,22.155,22.1,22.1,2447,2021-11-16 20:05:00,CGNT
22.1,22.12,22.09,22.12,1121,2021-11-16 20:10:00,CGNT
22.085,22.15,22.085,22.13,4370,2021-11-16 20:15:00,CGNT
22.1464,22.15,22.11,22.12,1300,2021-11-16 20:20:00,CGNT
22.12,22.13,22.1,22.105,1300,2021-11-16 20:25:00,CGNT
22.105,22.12,22.105,22.115,1200,2021-11-16 20:30:00,CGNT
22.11,22.11,22.04,22.05,8908,2021-11-16 20:35:00,CGNT
22.05,22.07,22.04,22.07,3301,2021-11-16 20:40:00,CGNT
22.07,22.11,22.07,22.09,5702,2021-11-16 20:45:00,CGNT
22.11,22.12,22.04,22.045,11536,2021-11-16 20:50:00,CGNT
22.045,22.06,22.0,22.05,18879,2021-11-16 20:55:00,CGNT
22.04,22.04,22.04,22.04,19185,2021-11-16 21:00:00,CGNT
22.03,22.24,21.79,21.79,1733,2021-11-17 14:30:00,CGNT
21.85,22.25,21.8,22.25,6030,2021-11-17 14:40:00,CGNT
22.19,22.27,22.13,22.14,2166,2021-11-17 14:45:00,CGNT
22.05,22.05,22.02,22.02,200,2021-11-17 14:50:00,CGNT
21.97,22.06,21.97,22.01,400,2021-11-17 14:55:00,CGNT
22.0,22.0,21.88,21.88,700,2021-11-17 15:00:00,CGNT
21.77,21.87,21.76,21.87,1100,2021-11-17 15:05:00,CGNT
21.83,21.83,21.78,21.83,3000,2021-11-17 15:10:00,CGNT
21.825,21.875,21.825,21.86,1300,2021-11-17 15:15:00,CGNT
21.82,21.86,21.82,21.855,781,2021-11-17 15:25:00,CGNT
21.9,21.925,21.89,21.91,700,2021-11-17 15:30:00,CGNT
21.93,22.0,21.93,22.0,5388,2021-11-17 15:35:00,CGNT
22.07,22.07,22.07,22.07,500,2021-11-17 15:40:00,CGNT
22.08,22.08,22.07,22.07,1363,2021-11-17 15:45:00,CGNT
22.04,22.04,22.03,22.04,400,2021-11-17 15:50:00,CGNT
22.07,22.07,22.03,22.03,300,2021-11-17 15:55:00,CGNT
22.03,22.05,21.99,22.05,1000,2021-11-17 16:00:00,CGNT
22.0494,22.0494,22.0494,22.0494,233,2021-11-17 16:05:00,CGNT
22.03,22.03,22.03,22.03,100,2021-11-17 16:10:00,CGNT
22.03,22.03,22.03,22.03,200,2021-11-17 16:15:00,CGNT
22.03,22.03,22.03,22.03,200,2021-11-17 16:20:00,CGNT
22.0,22.025,22.0,22.025,200,2021-11-17 16:25:00,CGNT
22.04,22.06,22.015,22.015,2188,2021-11-17 16:30:00,CGNT
22.03,22.03,22.03,22.03,638,2021-11-17 16:35:00,CGNT
22.0,22.045,22.0,22.035,454,2021-11-17 16:40:00,CGNT
22.03,22.03,22.03,22.03,200,2021-11-17 16:45:00,CGNT
22.0,22.0011,22.0,22.0011,700,2021-11-17 16:50:00,CGNT
22.04,22.04,22.04,22.04,200,2021-11-17 16:55:00,CGNT
22.01,22.01,22.01,22.01,100,2021-11-17 17:00:00,CGNT
22.0,22.0,21.97,21.975,1400,2021-11-17 17:05:00,CGNT
21.975,21.98,21.975,21.98,200,2021-11-17 17:10:00,CGNT
21.96,21.98,21.945,21.945,500,2021-11-17 17:15:00,CGNT
21.945,21.945,21.93,21.94,700,2021-11-17 17:20:00,CGNT
21.94,21.96,21.92,21.93,1952,2021-11-17 17:25:00,CGNT
21.93,21.93,21.93,21.93,100,2021-11-17 17:30:00,CGNT
21.95,21.975,21.95,21.975,831,2021-11-17 17:35:00,CGNT
21.97,22.0,21.97,21.98,700,2021-11-17 17:40:00,CGNT
21.98,21.98,21.98,21.98,100,2021-11-17 17:45:00,CGNT
21.98,21.98,21.98,21.98,300,2021-11-17 17:55:00,CGNT
21.98,22.01,21.98,22.0,700,2021-11-17 18:00:00,CGNT
21.98,21.98,21.98,21.98,100,2021-11-17 18:05:00,CGNT
21.98,21.98,21.98,21.98,300,2021-11-17 18:10:00,CGNT
21.98,21.98,21.98,21.98,400,2021-11-17 18:15:00,CGNT
21.98,21.98,21.98,21.98,200,2021-11-17 18:20:00,CGNT
21.98,22.01,21.96,22.01,2266,2021-11-17 18:25:00,CGNT
22.01,22.01,22.0,22.0,300,2021-11-17 18:30:00,CGNT
22.0,22.0,22.0,22.0,100,2021-11-17 18:35:00,CGNT
21.9907,22.0,21.9907,22.0,502,2021-11-17 18:45:00,CGNT
22.01,22.01,21.99,21.99,800,2021-11-17 18:50:00,CGNT
21.99,22.0,21.97,21.985,1100,2021-11-17 18:55:00,CGNT
21.9999,21.9999,21.97,21.97,239,2021-11-17 19:00:00,CGNT
21.98,21.985,21.97,21.985,800,2021-11-17 19:10:00,CGNT
21.985,21.985,21.965,21.965,700,2021-11-17 19:15:00,CGNT
21.98,21.99,21.955,21.955,1289,2021-11-17 19:20:00,CGNT
21.95,21.95,21.93,21.93,200,2021-11-17 19:25:00,CGNT
21.92,21.92,21.92,21.92,200,2021-11-17 19:30:00,CGNT
21.92,21.93,21.9,21.9,611,2021-11-17 19:35:00,CGNT
21.88,21.93,21.86,21.93,3007,2021-11-17 19:40:00,CGNT
21.935,21.96,21.935,21.935,1800,2021-11-17 19:45:00,CGNT
21.935,21.96,21.92,21.93,2401,2021-11-17 19:50:00,CGNT
21.93,21.95,21.93,21.935,354,2021-11-17 19:55:00,CGNT
21.935,21.935,21.91,21.93,864,2021-11-17 20:00:00,CGNT
21.91,22.0,21.91,21.94,3600,2021-11-17 20:05:00,CGNT
21.93,21.99,21.93,21.99,1799,2021-11-17 20:10:00,CGNT
21.99,22.02,21.98,21.99,2369,2021-11-17 20:15:00,CGNT
21.99,21.99,21.99,21.99,500,2021-11-17 20:20:00,CGNT
21.99,22.02,21.985,22.0,2100,2021-11-17 20:25:00,CGNT
21.995,22.0,21.99,21.99,815,2021-11-17 20:30:00,CGNT
22.0,22.0,21.995,21.995,406,2021-11-17 20:35:00,CGNT
21.98,22.0,21.98,21.99,600,2021-11-17 20:40:00,CGNT
21.98,22.02,21.98,22.0,2218,2021-11-17 20:45:00,CGNT
21.98,22.05,21.98,22.04,3600,2021-11-17 20:50:00,CGNT
22.01,22.03,22.0,22.0,6194,2021-11-17 20:55:00,CGNT
22.02,22.02,22.02,22.02,18460,2021-11-17 21:00:00,CGNT
21.95,22.14,21.86,21.89,2655,2021-11-18 14:30:00,CGNT
21.85,22.0297,21.85,21.9264,2155,2021-11-18 14:35:00,CGNT
22.08,22.1,22.08,22.1,200,2021-11-18 14:40:00,CGNT
22.01,22.04,21.94,21.97,2453,2021-11-18 14:45:00,CGNT
21.96,22.04,21.9,21.925,4339,2021-11-18 14:50:00,CGNT
21.925,21.925,21.845,21.845,1463,2021-11-18 14:55:00,CGNT
21.84,21.84,21.78,21.795,5672,2021-11-18 15:00:00,CGNT
21.795,21.8,21.745,21.745,1889,2021-11-18 15:05:00,CGNT
21.745,21.8,21.72,21.78,6445,2021-11-18 15:10:00,CGNT
21.825,21.925,21.81,21.855,8857,2021-11-18 15:15:00,CGNT
21.83,21.86,21.81,21.8202,3770,2021-11-18 15:20:00,CGNT
21.85,21.895,21.77,21.79,19015,2021-11-18 15:25:00,CGNT
21.8,21.89,21.8,21.865,5966,2021-11-18 15:30:00,CGNT
21.865,21.9,21.85,21.85,1313,2021-11-18 15:35:00,CGNT
21.84,21.9,21.82,21.86,6413,2021-11-18 15:40:00,CGNT
21.88,21.92,21.88,21.88,1250,2021-11-18 15:45:00,CGNT
21.895,21.91,21.89,21.91,600,2021-11-18 15:50:00,CGNT
21.87,21.965,21.87,21.955,2600,2021-11-18 15:55:00,CGNT
21.955,21.955,21.88,21.88,1315,2021-11-18 16:00:00,CGNT
21.875,21.875,21.65,21.65,48077,2021-11-18 16:05:00,CGNT
21.66,21.685,21.48,21.51,2550,2021-11-18 16:10:00,CGNT
21.51,21.545,21.49,21.545,2550,2021-11-18 16:15:00,CGNT
21.545,21.545,21.49,21.5,1400,2021-11-18 16:20:00,CGNT
21.5,21.52,21.49,21.52,2042,2021-11-18 16:25:00,CGNT
21.52,21.57,21.52,21.5388,2048,2021-11-18 16:30:00,CGNT
21.57,21.57,21.55,21.55,400,2021-11-18 16:35:00,CGNT
21.57,21.605,21.56,21.6,1400,2021-11-18 16:45:00,CGNT
21.58,21.6,21.58,21.6,811,2021-11-18 16:50:00,CGNT
21.56,21.61,21.56,21.61,1200,2021-11-18 16:55:00,CGNT
21.585,21.59,21.585,21.585,500,2021-11-18 17:00:00,CGNT
21.585,21.585,21.56,21.56,600,2021-11-18 17:05:00,CGNT
21.5797,21.585,21.5797,21.585,700,2021-11-18 17:10:00,CGNT
21.585,21.655,21.585,21.655,2547,2021-11-18 17:15:00,CGNT
21.64,21.64,21.64,21.64,200,2021-11-18 17:20:00,CGNT
21.64,21.64,21.64,21.64,535,2021-11-18 17:25:00,CGNT
21.64,21.64,21.63,21.63,400,2021-11-18 17:30:00,CGNT
21.63,21.63,21.63,21.63,200,2021-11-18 17:35:00,CGNT
21.635,21.67,21.635,21.65,4039,2021-11-18 17:45:00,CGNT
21.65,21.68,21.65,21.68,966,2021-11-18 17:50:00,CGNT
21.68,21.68,21.63,21.68,865,2021-11-18 17:55:00,CGNT
21.64,21.655,21.63,21.6509,2096,2021-11-18 18:00:00,CGNT
21.66,21.66,21.63,21.645,1500,2021-11-18 18:05:00,CGNT
21.645,21.685,21.61,21.685,5970,2021-11-18 18:15:00,CGNT
21.685,21.71,21.685,21.685,1064,2021-11-18 18:20:00,CGNT
21.685,21.685,21.685,21.685,100,2021-11-18 18:25:00,CGNT
21.685,21.685,21.685,21.685,500,2021-11-18 18:30:00,CGNT
21.6984,21.71,21.685,21.71,634,2021-11-18 18:35:00,CGNT
21.7,21.77,21.685,21.745,2592,2021-11-18 18:40:00,CGNT
21.745,21.79,21.745,21.78,1048,2021-11-18 18:45:00,CGNT
21.7637,21.7637,21.7637,21.7637,140,2021-11-18 18:50:00,CGNT
21.8,21.8,21.75,21.78,1200,2021-11-18 18:55:00,CGNT
21.775,21.775,21.72,21.745,1900,2021-11-18 19:00:00,CGNT
21.77,21.78,21.74,21.74,1515,2021-11-18 19:05:00,CGNT
21.76,21.76,21.74,21.745,810,2021-11-18 19:10:00,CGNT
21.77,21.77,21.75,21.75,300,2021-11-18 19:15:00,CGNT
21.75,21.75,21.75,21.75,200,2021-11-18 19:20:00,CGNT
21.75,21.75,21.72,21.72,1250,2021-11-18 19:25:00,CGNT
21.73,21.73,21.705,21.71,500,2021-11-18 19:30:00,CGNT
21.73,21.73,21.73,21.73,1511,2021-11-18 19:35:00,CGNT
21.74,21.74,21.74,21.74,600,2021-11-18 19:40:00,CGNT
21.779,21.779,21.745,21.745,3251,2021-11-18 19:45:00,CGNT
21.74,21.76,21.74,21.76,1000,2021-11-18 19:50:00,CGNT
21.75,21.75,21.75,21.75,800,2021-11-18 19:55:00,CGNT
21.76,21.79,21.76,21.77,1826,2021-11-18 20:00:00,CGNT
21.77,21.77,21.75,21.75,600,2021-11-18 20:05:00,CGNT
21.75,21.75,21.73,21.74,1400,2021-11-18 20:10:00,CGNT
21.74,21.745,21.74,21.745,1100,2021-11-18 20:15:00,CGNT
21.74,21.76,21.74,21.75,3121,2021-11-18 20:20:00,CGNT
21.769,21.78,21.75,21.75,2500,2021-11-18 20:25:00,CGNT
21.76,21.76,21.73,21.74,2498,2021-11-18 20:30:00,CGNT
21.74,21.745,21.7,21.715,5347,2021-11-18 20:35:00,CGNT
21.715,21.73,21.7,21.73,5863,2021-11-18 20:40:00,CGNT
21.74,21.765,21.7276,21.76,5521,2021-11-18 20:45:00,CGNT
21.75,21.78,21.75,21.77,13208,2021-11-18 20:50:00,CGNT
21.77,21.82,21.75,21.82,32898,2021-11-18 20:55:00,CGNT
21.82,21.82,21.82,21.82,24832,2021-11-18 21:00:00,CGNT
21.72,21.72,21.5159,21.5159,3757,2021-11-19 14:30:00,CGNT
21.75,21.93,21.7,21.85,2021,2021-11-19 14:35:00,CGNT
21.94,21.94,21.9,21.9,1000,2021-11-19 14:40:00,CGNT
21.9567,21.9567,21.91,21.92,1240,2021-11-19 14:45:00,CGNT
21.92,22.04,21.91,22.04,4813,2021-11-19 14:50:00,CGNT
22.0,22.21,22.0,22.21,4500,2021-11-19 14:55:00,CGNT
22.05,22.05,21.87,21.87,1000,2021-11-19 15:00:00,CGNT
21.85,21.92,21.81,21.92,9600,2021-11-19 15:05:00,CGNT
21.91,21.98,21.9,21.95,4789,2021-11-19 15:10:00,CGNT
21.95,22.0,21.95,22.0,2200,2021-11-19 15:15:00,CGNT
21.98,22.0,21.98,21.995,700,2021-11-19 15:20:00,CGNT
22.02,22.02,22.0,22.0,300,2021-11-19 15:25:00,CGNT
22.0,22.0,22.0,22.0,100,2021-11-19 15:35:00,CGNT
22.04,22.06,22.03,22.06,1531,2021-11-19 15:45:00,CGNT
22.0399,22.0399,21.93,21.93,3218,2021-11-19 15:50:00,CGNT
21.95,21.985,21.94,21.985,2211,2021-11-19 15:55:00,CGNT
22.0,22.0,21.985,21.985,404,2021-11-19 16:00:00,CGNT
22.0,22.01,21.95,22.0,3256,2021-11-19 16:05:00,CGNT
22.015,22.03,22.0,22.0,1000,2021-11-19 16:10:00,CGNT
22.0,22.02,21.99,22.0061,1795,2021-11-19 16:15:00,CGNT
22.0049,22.0049,22.0,22.0,305,2021-11-19 16:20:00,CGNT
22.02,22.02,21.94,21.98,6456,2021-11-19 16:25:00,CGNT
21.98,22.01,21.98,22.0,2723,2021-11-19 16:30:00,CGNT
22.02,22.09,22.02,22.05,3152,2021-11-19 16:35:00,CGNT
22.05,22.06,22.05,22.06,400,2021-11-19 16:40:00,CGNT
22.04,22.06,22.03,22.03,433,2021-11-19 16:45:00,CGNT
22.02,22.025,22.0,22.0,500,2021-11-19 16:50:00,CGNT
22.01,22.02,22.0,22.01,798,2021-11-19 16:55:00,CGNT
22.0,22.05,22.0,22.05,1381,2021-11-19 17:00:00,CGNT
21.99,21.99,21.99,21.99,100,2021-11-19 17:05:00,CGNT
22.01,22.05,22.01,22.05,2134,2021-11-19 17:10:00,CGNT
22.03,22.059,22.01,22.059,300,2021-11-19 17:15:00,CGNT
22.0,22.03,22.0,22.03,200,2021-11-19 17:20:00,CGNT
22.03,22.0335,22.0,22.0335,2001,2021-11-19 17:25:00,CGNT
22.0336,22.0336,22.0,22.0,896,2021-11-19 17:30:00,CGNT
22.001,22.03,21.98,22.0,2421,2021-11-19 17:35:00,CGNT
22.005,22.005,21.95,21.975,1650,2021-11-19 17:40:00,CGNT
21.9798,21.98,21.96,21.98,1414,2021-11-19 17:45:00,CGNT
21.98,22.03,21.98,22.03,1601,2021-11-19 17:50:00,CGNT
22.03,22.06,22.03,22.06,614,2021-11-19 17:55:00,CGNT
22.035,22.0495,22.03,22.0495,400,2021-11-19 18:00:00,CGNT
22.0,22.05,22.0,22.05,1242,2021-11-19 18:05:00,CGNT
22.03,22.06,22.02,22.04,1000,2021-11-19 18:10:00,CGNT
22.06,22.06,22.02,22.02,600,2021-11-19 18:15:00,CGNT
22.03,22.0495,22.011,22.011,600,2021-11-19 18:20:00,CGNT
22.0,22.0,21.97,21.97,1300,2021-11-19 18:25:00,CGNT
22.0,22.0,21.85,21.865,4792,2021-11-19 18:30:00,CGNT
21.865,21.89,21.8317,21.85,2115,2021-11-19 18:35:00,CGNT
21.85,21.89,21.84,21.87,4421,2021-11-19 18:40:00,CGNT
21.87,21.88,21.84,21.88,2000,2021-11-19 18:45:00,CGNT
21.88,21.92,21.875,21.9165,2100,2021-11-19 18:50:00,CGNT
21.945,21.9758,21.945,21.9758,342,2021-11-19 18:55:00,CGNT
21.9892,21.9892,21.94,21.95,1300,2021-11-19 19:00:00,CGNT
21.93,21.94,21.91,21.94,1143,2021-11-19 19:05:00,CGNT
21.92,21.9455,21.92,21.94,1000,2021-11-19 19:10:00,CGNT
21.91,21.91,21.87,21.87,1109,2021-11-19 19:15:00,CGNT
21.86,21.89,21.86,21.885,2497,2021-11-19 19:20:00,CGNT
21.885,21.95,21.885,21.92,2150,2021-11-19 19:25:00,CGNT
21.9596,21.97,21.945,21.97,2085,2021-11-19 19:30:00,CGNT
21.955,21.96,21.895,21.895,2541,2021-11-19 19:35:00,CGNT
21.895,21.92,21.89,21.9,1800,2021-11-19 19:40:00,CGNT
21.9,21.905,21.89,21.895,1330,2021-11-19 19:45:00,CGNT
21.91,21.95,21.91,21.95,1302,2021-11-19 19:50:00,CGNT
21.97,21.97,21.9,21.92,5948,2021-11-19 19:55:00,CGNT
21.9248,21.97,21.92,21.9546,5652,2021-11-19 20:00:00,CGNT
21.94,21.952,21.93,21.93,5358,2021-11-19 20:05:00,CGNT
21.93,21.94,21.915,21.915,4146,2021-11-19 20:10:00,CGNT
21.925,21.94,21.91,21.925,17046,2021-11-19 20:15:00,CGNT
21.925,21.94,21.89,21.925,6214,2021-11-19 20:20:00,CGNT
21.94,21.94,21.89,21.905,2054,2021-11-19 20:25:00,CGNT
21.89,21.89,21.72,21.76,11659,2021-11-19 20:30:00,CGNT
21.76,21.76,21.58,21.585,10886,2021-11-19 20:35:00,CGNT
21.585,21.62,21.55,21.55,5207,2021-11-19 20:40:00,CGNT
21.55,21.58,21.52,21.54,6488,2021-11-19 20:45:00,CGNT
21.52,21.5308,21.44,21.44,12367,2021-11-19 20:50:00,CGNT
21.47,21.48,21.41,21.43,18371,2021-11-19 20:55:00,CGNT
21.43,21.43,21.43,21.43,49034,2021-11-19 21:00:00,CGNT
21.45,21.45,21.45,21.45,100,2021-11-20 00:50:00,CGNT
22.55,22.55,22.55,22.55,1423,2021-11-22 11:30:00,CGNT
22.55,22.55,22.55,22.55,400,2021-11-22 11:35:00,CGNT
23.4,23.4,23.4,23.4,400,2021-11-22 12:40:00,CGNT
23.3999,23.3999,23.3999,23.3999,100,2021-11-22 13:00:00,CGNT
23.4,23.4,23.3,23.3,200,2021-11-22 13:05:00,CGNT
23.4,23.4,23.4,23.4,100,2021-11-22 13:10:00,CGNT
23.35,23.4,23.35,23.4,1154,2021-11-22 13:20:00,CGNT
23.88,23.88,23.88,23.88,600,2021-11-22 13:25:00,CGNT
23.84,23.88,23.84,23.88,2700,2021-11-22 13:30:00,CGNT
24.0,24.0,23.88,23.88,300,2021-11-22 13:35:00,CGNT
24.4,24.4,24.2,24.2,3701,2021-11-22 13:40:00,CGNT
24.4,24.4,23.88,23.88,1198,2021-11-22 13:45:00,CGNT
24.0,24.3333,24.0,24.0,1130,2021-11-22 13:55:00,CGNT
24.0,24.35,24.0,24.35,350,2021-11-22 14:00:00,CGNT
24.0,24.0,24.0,24.0,400,2021-11-22 14:05:00,CGNT
23.88,23.88,23.88,23.88,1100,2021-11-22 14:15:00,CGNT
24.29,24.32,24.29,24.32,1060,2021-11-22 14:25:00,CGNT
24.22,24.24,23.1585,23.2799,39555,2021-11-22 14:30:00,CGNT
23.1888,23.22,23.05,23.05,13477,2021-11-22 14:35:00,CGNT
23.065,23.1947,23.01,23.1384,5338,2021-11-22 14:40:00,CGNT
23.1159,23.1159,22.61,22.61,12955,2021-11-22 14:45:00,CGNT
22.62,22.661,22.35,22.39,20103,2021-11-22 14:50:00,CGNT
22.5,22.51,22.39,22.46,12634,2021-11-22 14:55:00,CGNT
22.4999,22.4999,22.3228,22.34,8572,2021-11-22 15:00:00,CGNT
22.34,22.37,22.145,22.145,5270,2021-11-22 15:05:00,CGNT
22.18,22.23,22.04,22.075,3559,2021-11-22 15:10:00,CGNT
22.06,22.26,22.05,22.26,6437,2021-11-22 15:15:00,CGNT
22.29,22.3896,22.29,22.3301,8307,2021-11-22 15:20:00,CGNT
22.32,22.32,22.1,22.1,2362,2021-11-22 15:25:00,CGNT
22.1,22.16,22.045,22.1277,5574,2021-11-22 15:30:00,CGNT
22.1084,22.15,22.03,22.13,7625,2021-11-22 15:35:00,CGNT
22.15,22.25,22.13,22.25,3287,2021-11-22 15:40:00,CGNT
22.26,22.28,22.19,22.1937,6666,2021-11-22 15:45:00,CGNT
22.19,22.27,22.15,22.2632,2557,2021-11-22 15:50:00,CGNT
22.2427,22.25,22.15,22.175,4327,2021-11-22 15:55:00,CGNT
22.2,22.36,22.2,22.33,4774,2021-11-22 16:00:00,CGNT
22.305,22.38,22.25,22.295,3400,2021-11-22 16:05:00,CGNT
22.275,22.275,22.2,22.27,6357,2021-11-22 16:10:00,CGNT
22.3099,22.3099,22.23,22.23,4500,2021-11-22 16:15:00,CGNT
22.21,22.21,22.14,22.145,2545,2021-11-22 16:20:00,CGNT
22.14,22.16,22.06,22.125,3545,2021-11-22 16:25:00,CGNT
22.125,22.165,22.125,22.165,1456,2021-11-22 16:30:00,CGNT
22.16,22.19,22.14,22.19,2965,2021-11-22 16:35:00,CGNT
22.17,22.17,22.0836,22.0836,3596,2021-11-22 16:40:00,CGNT
22.12,22.2,22.1112,22.1884,5888,2021-11-22 16:45:00,CGNT
22.165,22.165,22.055,22.055,1450,2021-11-22 16:50:00,CGNT
22.07,22.0836,22.01,22.0836,3430,2021-11-22 16:55:00,CGNT
22.1,22.1,22.0067,22.04,3335,2021-11-22 17:00:00,CGNT
22.055,22.07,22.01,22.04,4522,2021-11-22 17:05:00,CGNT
22.025,22.13,22.025,22.065,5413,2021-11-22 17:10:00,CGNT
22.08,22.09,22.0,22.0,6526,2021-11-22 17:15:00,CGNT
22.0391,22.055,21.81,21.82,21690,2021-11-22 17:20:00,CGNT
21.835,21.94,21.82,21.8991,6632,2021-11-22 17:25:00,CGNT
21.94,21.94,21.91,21.91,200,2021-11-22 17:30:00,CGNT
21.94,21.955,21.9345,21.955,1041,2021-11-22 17:35:00,CGNT
21.99,21.99,21.95,21.95,644,2021-11-22 17:40:00,CGNT
21.95,21.9871,21.95,21.9871,300,2021-11-22 17:45:00,CGNT
21.975,21.99,21.86,21.86,4480,2021-11-22 17:50:00,CGNT
21.83,21.83,21.83,21.83,100,2021-11-22 17:55:00,CGNT
21.76,21.761,21.76,21.761,300,2021-11-22 18:00:00,CGNT
21.75,21.8394,21.75,21.8394,2613,2021-11-22 18:05:00,CGNT
21.8396,21.85,21.78,21.78,2100,2021-11-22 18:10:00,CGNT
21.7418,21.79,21.7418,21.77,700,2021-11-22 18:15:00,CGNT
21.77,21.77,21.77,21.77,500,2021-11-22 18:20:00,CGNT
21.7989,21.8,21.775,21.8,724,2021-11-22 18:25:00,CGNT
21.8,21.81,21.8,21.8,680,2021-11-22 18:30:00,CGNT
21.78,21.8,21.77,21.8,2117,2021-11-22 18:35:00,CGNT
21.8,21.87,21.8,21.86,1217,2021-11-22 18:40:00,CGNT
21.85,21.89,21.82,21.86,1410,2021-11-22 18:45:00,CGNT
21.84,21.8785,21.8,21.8,1800,2021-11-22 18:50:00,CGNT
21.83,21.83,21.77,21.79,4299,2021-11-22 18:55:00,CGNT
21.78,21.8287,21.78,21.8287,750,2021-11-22 19:00:00,CGNT
21.87,21.89,21.85,21.89,1100,2021-11-22 19:05:00,CGNT
21.87,21.87,21.861,21.861,200,2021-11-22 19:10:00,CGNT
21.86,21.99,21.86,21.99,4640,2021-11-22 19:15:00,CGNT
21.99,22.0499,21.975,21.975,2400,2021-11-22 19:20:00,CGNT
21.95,21.95,21.91,21.9499,1613,2021-11-22 19:25:00,CGNT
21.91,21.95,21.86,21.95,4405,2021-11-22 19:30:00,CGNT
21.91,21.91,21.86,21.91,800,2021-11-22 19:35:00,CGNT
21.91,21.93,21.88,21.93,1800,2021-11-22 19:40:00,CGNT
21.88,21.89,21.82,21.85,7296,2021-11-22 19:45:00,CGNT
21.84,21.85,21.82,21.831,1799,2021-11-22 19:50:00,CGNT
21.85,21.85,21.75,21.75,6309,2021-11-22 19:55:00,CGNT
21.775,21.82,21.775,21.79,2578,2021-11-22 20:00:00,CGNT
21.785,21.785,21.7,21.7,4200,2021-11-22 20:05:00,CGNT
21.7,21.72,21.6,21.6,13227,2021-11-22 20:10:00,CGNT
21.6,21.655,21.54,21.655,6687,2021-11-22 20:15:00,CGNT
21.61,21.611,21.595,21.595,1264,2021-11-22 20:20:00,CGNT
21.59,21.61,21.55,21.55,3700,2021-11-22 20:25:00,CGNT
21.56,21.6293,21.56,21.6293,6111,2021-11-22 20:30:00,CGNT
21.63,21.64,21.56,21.57,7994,2021-11-22 20:35:00,CGNT
21.53,21.535,21.431,21.5,11625,2021-11-22 20:40:00,CGNT
21.5062,21.51,21.36,21.37,6421,2021-11-22 20:45:00,CGNT
21.35,21.39,21.25,21.39,16205,2021-11-22 20:50:00,CGNT
21.39,21.39,21.27,21.27,20497,2021-11-22 20:55:00,CGNT
21.27,21.27,21.27,21.27,28836,2021-11-22 21:00:00,CGNT
22.0,22.0,22.0,22.0,200,2021-11-23 11:15:00,CGNT
22.25,22.25,22.25,22.25,150,2021-11-23 13:20:00,CGNT
22.25,22.32,22.25,22.25,2373,2021-11-23 13:25:00,CGNT
22.0,22.01,22.0,22.01,1100,2021-11-23 13:45:00,CGNT
22.07,22.07,22.07,22.07,100,2021-11-23 14:05:00,CGNT
22.31,22.31,22.07,22.07,1186,2021-11-23 14:10:00,CGNT
22.07,22.07,22.07,22.07,1847,2021-11-23 14:15:00,CGNT
21.94,21.98,21.31,21.4779,14290,2021-11-23 14:30:00,CGNT
21.51,21.53,21.37,21.45,500,2021-11-23 14:35:00,CGNT
21.5518,21.65,21.515,21.65,1274,2021-11-23 14:40:00,CGNT
21.5452,21.59,21.5452,21.59,300,2021-11-23 14:45:00,CGNT
21.76,21.83,21.76,21.83,616,2021-11-23 14:50:00,CGNT
21.92,21.92,21.85,21.88,1379,2021-11-23 14:55:00,CGNT
21.89,21.89,21.71,21.71,2648,2021-11-23 15:00:00,CGNT
21.71,21.72,21.51,21.51,1960,2021-11-23 15:05:00,CGNT
21.5,21.5,21.28,21.28,6473,2021-11-23 15:10:00,CGNT
21.3,21.3,21.28,21.28,300,2021-11-23 15:15:00,CGNT
21.27,21.35,21.27,21.34,1337,2021-11-23 15:20:00,CGNT
21.37,21.38,21.34,21.38,1704,2021-11-23 15:25:00,CGNT
21.3251,21.41,21.3251,21.33,3081,2021-11-23 15:30:00,CGNT
21.28,21.28,21.16,21.23,6605,2021-11-23 15:35:00,CGNT
21.18,21.18,21.15,21.15,915,2021-11-23 15:40:00,CGNT
21.14,21.14,21.01,21.01,6186,2021-11-23 15:45:00,CGNT
21.02,21.03,20.77,20.83,7291,2021-11-23 15:50:00,CGNT
20.77,20.9,20.77,20.865,2173,2021-11-23 15:55:00,CGNT
20.87,20.9697,20.7657,20.91,5949,2021-11-23 16:00:00,CGNT
20.9318,21.01,20.93,21.0,1316,2021-11-23 16:05:00,CGNT
20.97,20.97,20.97,20.97,100,2021-11-23 16:10:00,CGNT
20.95,20.97,20.87,20.87,938,2021-11-23 16:15:00,CGNT
20.86,20.91,20.86,20.87,807,2021-11-23 16:20:00,CGNT
20.9,20.95,20.9,20.9486,2934,2021-11-23 16:25:00,CGNT
20.94,20.96,20.93,20.93,900,2021-11-23 16:30:00,CGNT
20.891,20.94,20.89,20.92,900,2021-11-23 16:35:00,CGNT
20.91,20.91,20.91,20.91,300,2021-11-23 16:40:00,CGNT
20.92,20.96,20.92,20.96,300,2021-11-23 16:45:00,CGNT
21.01,21.22,21.01,21.15,40564,2021-11-23 16:50:00,CGNT
21.16,21.21,21.15,21.21,4486,2021-11-23 16:55:00,CGNT
21.21,21.21,20.93,20.93,5473,2021-11-23 17:00:00,CGNT
20.93,20.93,20.9,20.9,600,2021-11-23 17:05:00,CGNT
20.87,20.93,20.86,20.86,2271,2021-11-23 17:10:00,CGNT
20.86,20.94,20.86,20.9,4675,2021-11-23 17:15:00,CGNT
20.925,21.0187,20.925,21.0187,1200,2021-11-23 17:20:00,CGNT
20.96,21.05,20.96,21.03,2050,2021-11-23 17:25:00,CGNT
21.06,21.06,21.06,21.06,300,2021-11-23 17:30:00,CGNT
21.06,21.06,21.04,21.04,542,2021-11-23 17:35:00,CGNT
21.04,21.04,20.99,21.01,500,2021-11-23 17:40:00,CGNT
20.959,21.0,20.95,21.0,839,2021-11-23 17:45:00,CGNT
21.01,21.01,21.01,21.01,200,2021-11-23 17:50:00,CGNT
21.01,21.02,21.0,21.0,500,2021-11-23 18:00:00,CGNT
21.05,21.05,20.9301,20.9301,500,2021-11-23 18:10:00,CGNT
20.99,20.99,20.89,20.89,500,2021-11-23 18:15:00,CGNT
20.91,20.97,20.91,20.96,1285,2021-11-23 18:20:00,CGNT
20.9,20.96,20.9,20.9515,1360,2021-11-23 18:25:00,CGNT
20.945,20.945,20.91,20.92,329,2021-11-23 18:30:00,CGNT
20.96,20.97,20.91,20.93,3350,2021-11-23 18:35:00,CGNT
20.909,20.91,20.89,20.89,1670,2021-11-23 18:40:00,CGNT
20.92,21.04,20.92,21.04,2799,2021-11-23 18:45:00,CGNT
21.02,21.18,21.02,21.16,2649,2021-11-23 18:50:00,CGNT
21.14,21.17,21.09,21.09,3788,2021-11-23 18:55:00,CGNT
21.085,21.085,21.05,21.05,700,2021-11-23 19:00:00,CGNT
21.1,21.18,21.1,21.16,2587,2021-11-23 19:10:00,CGNT
21.18,21.18,21.08,21.08,600,2021-11-23 19:15:00,CGNT
21.08,21.19,21.08,21.1869,5899,2021-11-23 19:20:00,CGNT
21.1868,21.21,21.16,21.21,8252,2021-11-23 19:25:00,CGNT
21.24,21.26,21.22,21.22,900,2021-11-23 19:30:00,CGNT
21.23,21.29,21.23,21.29,1371,2021-11-23 19:35:00,CGNT
21.3,21.37,21.3,21.37,778,2021-11-23 19:40:00,CGNT
21.33,21.38,21.33,21.37,775,2021-11-23 19:45:00,CGNT
21.3752,21.3752,21.32,21.32,1700,2021-11-23 19:50:00,CGNT
21.32,21.34,21.32,21.34,300,2021-11-23 19:55:00,CGNT
21.35,21.36,21.285,21.285,1968,2021-11-23 20:00:00,CGNT
21.3,21.32,21.29,21.31,1179,2021-11-23 20:05:00,CGNT
21.3,21.38,21.29,21.38,2700,2021-11-23 20:10:00,CGNT
21.38,21.44,21.38,21.4,2573,2021-11-23 20:15:00,CGNT
21.4,21.41,21.4,21.4,970,2021-11-23 20:20:00,CGNT
21.38,21.4,21.32,21.335,3200,2021-11-23 20:25:00,CGNT
21.34,21.395,21.34,21.36,3967,2021-11-23 20:30:00,CGNT
21.36,21.41,21.36,21.407,6604,2021-11-23 20:35:00,CGNT
21.41,21.43,21.37,21.4,7902,2021-11-23 20:40:00,CGNT
21.37,21.38,21.31,21.31,5685,2021-11-23 20:45:00,CGNT
21.32,21.34,21.24,21.24,8435,2021-11-23 20:50:00,CGNT
21.23,21.3,21.18,21.25,19312,2021-11-23 20:55:00,CGNT
21.25,21.25,21.25,21.25,65403,2021-11-23 21:00:00,CGNT
21.31,21.31,21.31,21.31,747,2021-11-24 14:20:00,CGNT
21.19,21.19,20.95,20.95,3575,2021-11-24 14:30:00,CGNT
21.0859,21.0859,20.94,20.94,842,2021-11-24 14:35:00,CGNT
20.995,21.02,20.91,20.97,1288,2021-11-24 14:40:00,CGNT
20.99,21.05,20.99,21.05,300,2021-11-24 14:45:00,CGNT
21.085,21.13,21.085,21.13,300,2021-11-24 14:50:00,CGNT
21.155,21.155,21.155,21.155,100,2021-11-24 15:00:00,CGNT
21.2,21.23,21.14,21.14,1138,2021-11-24 15:05:00,CGNT
21.14,21.14,21.14,21.14,216,2021-11-24 15:10:00,CGNT
21.14,21.159,21.14,21.159,500,2021-11-24 15:15:00,CGNT
21.16,21.25,21.16,21.25,1340,2021-11-24 15:20:00,CGNT
21.28,21.28,21.28,21.28,300,2021-11-24 15:25:00,CGNT
21.27,21.27,21.26,21.26,5800,2021-11-24 15:30:00,CGNT
21.2999,21.2999,21.24,21.29,1602,2021-11-24 15:35:00,CGNT
21.22,21.22,21.22,21.22,100,2021-11-24 15:40:00,CGNT
21.22,21.2399,21.16,21.16,2040,2021-11-24 15:45:00,CGNT
21.17,21.21,21.17,21.2,500,2021-11-24 15:50:00,CGNT
21.2079,21.23,21.2079,21.21,500,2021-11-24 15:55:00,CGNT
21.27,21.27,21.27,21.27,100,2021-11-24 16:05:00,CGNT
21.27,21.3,21.24,21.3,300,2021-11-24 16:15:00,CGNT
21.3106,21.32,21.3106,21.32,1740,2021-11-24 16:20:00,CGNT
21.33,21.33,21.33,21.33,100,2021-11-24 16:35:00,CGNT
21.3201,21.37,21.32,21.37,1998,2021-11-24 16:40:00,CGNT
21.37,21.41,21.37,21.41,700,2021-11-24 16:45:00,CGNT
21.4639,21.4639,21.44,21.453,1360,2021-11-24 16:50:00,CGNT
21.48,21.48,21.415,21.415,1500,2021-11-24 16:55:00,CGNT
21.415,21.46,21.415,21.45,750,2021-11-24 17:00:00,CGNT
21.44,21.46,21.42,21.42,2222,2021-11-24 17:05:00,CGNT
21.42,21.42,21.42,21.42,100,2021-11-24 17:10:00,CGNT
21.44,21.46,21.43,21.46,700,2021-11-24 17:15:00,CGNT
21.455,21.455,21.435,21.44,500,2021-11-24 17:20:00,CGNT
21.47,21.47,21.47,21.47,300,2021-11-24 17:25:00,CGNT
21.51,21.555,21.51,21.532,1600,2021-11-24 17:30:00,CGNT
21.54,21.5513,21.54,21.54,2284,2021-11-24 17:35:00,CGNT
21.56,21.62,21.56,21.62,704,2021-11-24 17:40:00,CGNT
21.62,21.62,21.59,21.59,961,2021-11-24 17:45:00,CGNT
21.62,21.62,21.52,21.52,1080,2021-11-24 17:55:00,CGNT
21.5893,21.5893,21.555,21.555,1100,2021-11-24 18:00:00,CGNT
21.555,21.6986,21.555,21.68,4622,2021-11-24 18:05:00,CGNT
21.68,21.6802,21.63,21.63,1600,2021-11-24 18:10:00,CGNT
21.63,21.63,21.63,21.63,300,2021-11-24 18:15:00,CGNT
21.63,21.63,21.55,21.55,1298,2021-11-24 18:25:00,CGNT
21.51,21.51,21.37,21.37,3233,2021-11-24 18:30:00,CGNT
21.429,21.44,21.38,21.425,1200,2021-11-24 18:35:00,CGNT
21.46,21.5,21.42,21.42,1052,2021-11-24 18:40:00,CGNT
21.47,21.47,21.47,21.47,100,2021-11-24 18:45:00,CGNT
21.445,21.445,21.4,21.401,600,2021-11-24 18:50:00,CGNT
21.38,21.38,21.38,21.38,100,2021-11-24 18:55:00,CGNT
21.4,21.42,21.37,21.381,611,2021-11-24 19:00:00,CGNT
21.38,21.38,21.31,21.31,411,2021-11-24 19:05:00,CGNT
21.27,21.285,21.27,21.28,400,2021-11-24 19:10:00,CGNT
21.28,21.32,21.28,21.32,200,2021-11-24 19:15:00,CGNT
21.3309,21.3309,21.3309,21.3309,232,2021-11-24 19:20:00,CGNT
21.29,21.29,21.28,21.28,400,2021-11-24 19:25:00,CGNT
21.291,21.291,21.28,21.28,372,2021-11-24 19:30:00,CGNT
21.3,21.3,21.281,21.281,300,2021-11-24 19:35:00,CGNT
21.3297,21.35,21.32,21.35,1886,2021-11-24 19:40:00,CGNT
21.3592,21.3592,21.31,21.31,917,2021-11-24 19:45:00,CGNT
21.34,21.36,21.3102,21.36,2286,2021-11-24 19:55:00,CGNT
21.35,21.35,21.29,21.29,500,2021-11-24 20:00:00,CGNT
21.32,21.37,21.32,21.37,1300,2021-11-24 20:05:00,CGNT
21.36,21.39,21.36,21.39,300,2021-11-24 20:10:00,CGNT
21.34,21.36,21.33,21.36,500,2021-11-24 20:15:00,CGNT
21.37,21.43,21.37,21.43,1160,2021-11-24 20:20:00,CGNT
21.381,21.45,21.381,21.45,600,2021-11-24 20:25:00,CGNT
21.42,21.43,21.38,21.38,2393,2021-11-24 20:30:00,CGNT
21.41,21.42,21.41,21.41,500,2021-11-24 20:35:00,CGNT
21.4,21.415,21.37,21.38,2500,2021-11-24 20:40:00,CGNT
21.38,21.38,21.35,21.38,1057,2021-11-24 20:45:00,CGNT
21.34,21.39,21.34,21.35,4586,2021-11-24 20:50:00,CGNT
21.34,21.39,21.33,21.36,7492,2021-11-24 20:55:00,CGNT
21.36,21.36,21.36,21.36,20995,2021-11-24 21:00:00,CGNT
21.14,21.2602,21.02,21.19,10381,2021-11-26 14:30:00,CGNT
21.22,21.2324,21.07,21.08,2263,2021-11-26 14:35:00,CGNT
21.1167,21.23,20.88,20.9,3190,2021-11-26 14:40:00,CGNT
20.87,20.87,20.8,20.8,1800,2021-11-26 14:45:00,CGNT
20.85,20.85,20.8101,20.83,700,2021-11-26 14:50:00,CGNT
20.87,20.94,20.8,20.8182,3645,2021-11-26 14:55:00,CGNT
20.8,20.84,20.71,20.77,2633,2021-11-26 15:00:00,CGNT
20.76,20.8499,20.76,20.76,6193,2021-11-26 15:05:00,CGNT
20.75,20.77,20.7,20.7,820,2021-11-26 15:10:00,CGNT
20.7,20.74,20.7,20.74,1333,2021-11-26 15:15:00,CGNT
20.81,20.82,20.77,20.82,700,2021-11-26 15:20:00,CGNT
20.81,20.89,20.8,20.81,1069,2021-11-26 15:25:00,CGNT
20.89,20.9,20.89,20.9,300,2021-11-26 15:30:00,CGNT
20.87,20.94,20.87,20.87,300,2021-11-26 15:35:00,CGNT
20.86,20.87,20.83,20.8675,525,2021-11-26 15:40:00,CGNT
20.82,20.86,20.79,20.79,836,2021-11-26 15:45:00,CGNT
20.865,20.88,20.82,20.82,1393,2021-11-26 15:50:00,CGNT
20.82,20.8686,20.82,20.82,800,2021-11-26 15:55:00,CGNT
20.8593,20.9,20.83,20.9,600,2021-11-26 16:00:00,CGNT
20.92,20.96,20.79,20.79,2637,2021-11-26 16:05:00,CGNT
20.81,20.81,20.74,20.78,1400,2021-11-26 16:10:00,CGNT
20.74,20.74,20.74,20.74,451,2021-11-26 16:15:00,CGNT
20.74,20.79,20.74,20.79,500,2021-11-26 16:20:00,CGNT
20.8,20.8,20.73,20.73,1101,2021-11-26 16:25:00,CGNT
20.8,20.8,20.8,20.8,100,2021-11-26 16:30:00,CGNT
20.79,20.88,20.78,20.88,1400,2021-11-26 16:35:00,CGNT
20.89,20.91,20.885,20.885,300,2021-11-26 16:40:00,CGNT
20.885,21.09,20.885,21.05,4846,2021-11-26 16:45:00,CGNT
20.98,21.025,20.93,20.99,5712,2021-11-26 16:50:00,CGNT
21.015,21.04,20.99,21.04,1000,2021-11-26 16:55:00,CGNT
21.05,21.07,21.01,21.01,3467,2021-11-26 17:00:00,CGNT
21.035,21.05,21.035,21.05,200,2021-11-26 17:05:00,CGNT
21.0433,21.06,20.91,20.92,2695,2021-11-26 17:10:00,CGNT
20.96,21.01,20.96,20.98,430,2021-11-26 17:15:00,CGNT
21.0,21.02,21.0,21.0,400,2021-11-26 17:20:00,CGNT
21.0172,21.05,20.99,21.03,806,2021-11-26 17:25:00,CGNT
21.08,21.08,21.03,21.03,350,2021-11-26 17:30:00,CGNT
21.06,21.09,21.03,21.05,4966,2021-11-26 17:35:00,CGNT
21.02,21.02,20.98,20.98,1691,2021-11-26 17:40:00,CGNT
20.95,20.9807,20.93,20.95,1446,2021-11-26 17:45:00,CGNT
20.93,21.005,20.9,20.94,4998,2021-11-26 17:50:00,CGNT
20.93,20.93,20.82,20.82,15847,2021-11-26 17:55:00,CGNT
20.82,20.82,20.82,20.82,44349,2021-11-26 18:00:00,CGNT
21.0,21.0,21.0,21.0,1000,2021-11-29 14:15:00,CGNT
21.19,21.23,20.84,20.84,8114,2021-11-29 14:30:00,CGNT
20.9,21.03,20.7,20.902,8074,2021-11-29 14:35:00,CGNT
20.82,21.035,20.82,21.0325,2334,2021-11-29 14:40:00,CGNT
20.9517,20.9517,20.865,20.91,2036,2021-11-29 14:45:00,CGNT
20.99,21.01,20.99,21.01,200,2021-11-29 14:50:00,CGNT
20.9,20.9,20.88,20.88,700,2021-11-29 14:55:00,CGNT
20.89,20.93,20.765,20.7687,3726,2021-11-29 15:00:00,CGNT
20.8,20.81,20.73,20.775,1779,2021-11-29 15:05:00,CGNT
20.74,20.79,20.715,20.7576,1585,2021-11-29 15:10:00,CGNT
20.735,20.735,20.61,20.68,1400,2021-11-29 15:15:00,CGNT
20.7259,20.7259,20.69,20.69,796,2021-11-29 15:20:00,CGNT
20.65,20.65,20.51,20.57,2255,2021-11-29 15:25:00,CGNT
20.51,20.57,20.51,20.57,500,2021-11-29 15:30:00,CGNT
20.57,20.57,20.48,20.48,2550,2021-11-29 15:35:00,CGNT
20.46,20.47,20.42,20.47,2078,2021-11-29 15:40:00,CGNT
20.5,20.5,20.47,20.47,400,2021-11-29 15:45:00,CGNT
20.44,20.47,20.41,20.47,1700,2021-11-29 15:50:00,CGNT
20.44,20.493,20.43,20.47,1300,2021-11-29 15:55:00,CGNT
20.52,20.6,20.52,20.6,400,2021-11-29 16:00:00,CGNT
20.625,20.625,20.6,20.6,200,2021-11-29 16:05:00,CGNT
20.61,20.62,20.59,20.59,800,2021-11-29 16:10:00,CGNT
20.62,20.62,20.6,20.61,2717,2021-11-29 16:15:00,CGNT
20.63,20.64,20.6,20.6,1000,2021-11-29 16:20:00,CGNT
20.6,20.65,20.6,20.62,1207,2021-11-29 16:25:00,CGNT
20.5939,20.625,20.5,20.5,3576,2021-11-29 16:30:00,CGNT
20.495,20.495,20.495,20.495,400,2021-11-29 16:35:00,CGNT
20.45,20.52,20.45,20.5,2627,2021-11-29 16:40:00,CGNT
20.51,20.52,20.51,20.515,1170,2021-11-29 16:45:00,CGNT
20.52,20.55,20.52,20.5355,400,2021-11-29 16:55:00,CGNT
20.54,20.54,20.5,20.505,922,2021-11-29 17:05:00,CGNT
20.5,20.535,20.5,20.535,2603,2021-11-29 17:10:00,CGNT
20.52,20.52,20.51,20.51,300,2021-11-29 17:15:00,CGNT
20.5179,20.525,20.5171,20.5171,879,2021-11-29 17:20:00,CGNT
20.53,20.55,20.52,20.55,1191,2021-11-29 17:25:00,CGNT
20.56,20.5798,20.55,20.57,2150,2021-11-29 17:30:00,CGNT
20.57,20.59,20.5387,20.59,1600,2021-11-29 17:35:00,CGNT
20.54,20.6,20.54,20.6,200,2021-11-29 17:45:00,CGNT
20.6,20.675,20.6,20.672,2440,2021-11-29 17:50:00,CGNT
20.72,20.74,20.72,20.74,276,2021-11-29 17:55:00,CGNT
20.72,20.7257,20.72,20.7257,341,2021-11-29 18:00:00,CGNT
20.73,20.75,20.73,20.75,900,2021-11-29 18:05:00,CGNT
20.77,20.77,20.73,20.7308,1417,2021-11-29 18:10:00,CGNT
20.72,20.72,20.63,20.68,1937,2021-11-29 18:15:00,CGNT
20.7,20.7,20.62,20.63,625,2021-11-29 18:20:00,CGNT
20.61,20.65,20.61,20.65,200,2021-11-29 18:25:00,CGNT
20.65,20.65,20.65,20.65,400,2021-11-29 18:30:00,CGNT
20.63,20.63,20.61,20.62,570,2021-11-29 18:35:00,CGNT
20.63,20.63,20.62,20.62,906,2021-11-29 18:40:00,CGNT
20.6,20.69,20.6,20.6501,900,2021-11-29 18:45:00,CGNT
20.66,20.676,20.65,20.66,600,2021-11-29 18:50:00,CGNT
20.68,20.71,20.66,20.71,300,2021-11-29 18:55:00,CGNT
20.71,20.71,20.71,20.71,200,2021-11-29 19:05:00,CGNT
20.695,20.695,20.69,20.69,300,2021-11-29 19:10:00,CGNT
20.68,20.695,20.65,20.65,1202,2021-11-29 19:15:00,CGNT
20.68,20.68,20.62,20.64,2096,2021-11-29 19:20:00,CGNT
20.66,20.66,20.62,20.62,1542,2021-11-29 19:25:00,CGNT
20.65,20.65,20.6,20.6,3035,2021-11-29 19:30:00,CGNT
20.6,20.62,20.59,20.62,1400,2021-11-29 19:35:00,CGNT
20.64,20.69,20.64,20.6869,1600,2021-11-29 19:40:00,CGNT
20.725,20.725,20.7,20.7,400,2021-11-29 19:45:00,CGNT
20.71,20.79,20.71,20.79,400,2021-11-29 19:50:00,CGNT
20.75,20.75,20.74,20.74,500,2021-11-29 19:55:00,CGNT
20.743,20.743,20.69,20.69,1769,2021-11-29 20:00:00,CGNT
20.69,20.71,20.68,20.71,2296,2021-11-29 20:05:00,CGNT
20.69,20.73,20.69,20.72,1100,2021-11-29 20:10:00,CGNT
20.73,20.73,20.73,20.73,400,2021-11-29 20:15:00,CGNT
20.72,20.73,20.69,20.73,3498,2021-11-29 20:20:00,CGNT
20.725,20.8,20.71,20.8,2750,2021-11-29 20:25:00,CGNT
20.78,20.82,20.73,20.74,5812,2021-11-29 20:30:00,CGNT
20.71,20.71,20.67,20.67,1207,2021-11-29 20:35:00,CGNT
20.635,20.65,20.59,20.59,1760,2021-11-29 20:40:00,CGNT
20.59,20.62,20.54,20.62,4127,2021-11-29 20:45:00,CGNT
20.62,20.65,20.52,20.52,3803,2021-11-29 20:50:00,CGNT
20.52,20.62,20.52,20.55,12580,2021-11-29 20:55:00,CGNT
20.55,20.55,20.55,20.55,25944,2021-11-29 21:00:00,CGNT
