open,high,low,close,volume,datetime,symbol
3.74,3.81,3.74,3.81,9008,2021-04-01 13:30:00,FRBK
3.81,3.81,3.81,3.81,100,2021-04-01 13:35:00,FRBK
3.81,3.81,3.8,3.8,2408,2021-04-01 13:40:00,FRBK
3.78,3.78,3.78,3.78,1586,2021-04-01 13:45:00,FRBK
3.785,3.785,3.78,3.78,1319,2021-04-01 13:50:00,FRBK
3.76,3.765,3.76,3.765,1485,2021-04-01 14:00:00,FRBK
3.77,3.77,3.77,3.77,300,2021-04-01 14:05:00,FRBK
3.775,3.775,3.775,3.775,100,2021-04-01 14:10:00,FRBK
3.77,3.79,3.77,3.79,1013,2021-04-01 14:15:00,FRBK
3.795,3.8045,3.78,3.78,700,2021-04-01 14:20:00,FRBK
3.81,3.81,3.78,3.78,2746,2021-04-01 14:25:00,FRBK
3.77,3.77,3.75,3.75,2102,2021-04-01 14:30:00,FRBK
3.75,3.765,3.74,3.765,1500,2021-04-01 14:35:00,FRBK
3.75,3.77,3.75,3.77,300,2021-04-01 14:40:00,FRBK
3.78,3.78,3.78,3.78,100,2021-04-01 14:45:00,FRBK
3.78,3.78,3.77,3.77,400,2021-04-01 14:50:00,FRBK
3.76,3.76,3.75,3.75,1300,2021-04-01 14:55:00,FRBK
3.7591,3.76,3.75,3.75,3000,2021-04-01 15:00:00,FRBK
3.75,3.76,3.75,3.75,600,2021-04-01 15:05:00,FRBK
3.76,3.76,3.75,3.75,300,2021-04-01 15:10:00,FRBK
3.75,3.77,3.75,3.76,1700,2021-04-01 15:15:00,FRBK
3.76,3.775,3.76,3.775,1000,2021-04-01 15:25:00,FRBK
3.77,3.78,3.76,3.78,1200,2021-04-01 15:30:00,FRBK
3.78,3.79,3.78,3.79,400,2021-04-01 15:35:00,FRBK
3.79,3.79,3.79,3.79,200,2021-04-01 15:40:00,FRBK
3.79,3.79,3.79,3.79,200,2021-04-01 15:45:00,FRBK
3.785,3.785,3.785,3.785,100,2021-04-01 15:55:00,FRBK
3.785,3.79,3.78,3.78,700,2021-04-01 16:00:00,FRBK
3.78,3.78,3.78,3.78,100,2021-04-01 16:05:00,FRBK
3.79,3.79,3.785,3.79,900,2021-04-01 16:10:00,FRBK
3.79,3.8,3.79,3.8,200,2021-04-01 16:15:00,FRBK
3.79,3.79,3.79,3.79,200,2021-04-01 16:20:00,FRBK
3.79,3.79,3.79,3.79,400,2021-04-01 16:25:00,FRBK
3.79,3.79,3.79,3.79,100,2021-04-01 16:30:00,FRBK
3.785,3.79,3.785,3.79,900,2021-04-01 16:35:00,FRBK
3.78,3.8,3.78,3.8,200,2021-04-01 16:40:00,FRBK
3.78,3.78,3.78,3.78,300,2021-04-01 16:50:00,FRBK
3.79,3.79,3.78,3.78,900,2021-04-01 16:55:00,FRBK
3.78,3.78,3.7758,3.7758,600,2021-04-01 17:00:00,FRBK
3.77,3.77,3.77,3.77,100,2021-04-01 17:05:00,FRBK
3.77,3.774,3.77,3.774,1200,2021-04-01 17:10:00,FRBK
3.79,3.79,3.79,3.79,200,2021-04-01 17:15:00,FRBK
3.78,3.78,3.78,3.78,399,2021-04-01 17:20:00,FRBK
3.785,3.785,3.78,3.78,300,2021-04-01 17:30:00,FRBK
3.78,3.78,3.78,3.78,200,2021-04-01 17:35:00,FRBK
3.77,3.78,3.77,3.77,1021,2021-04-01 17:45:00,FRBK
3.7799,3.79,3.7799,3.79,844,2021-04-01 17:50:00,FRBK
3.78,3.78,3.78,3.78,100,2021-04-01 17:55:00,FRBK
3.77,3.77,3.77,3.77,100,2021-04-01 18:00:00,FRBK
3.78,3.79,3.78,3.79,3882,2021-04-01 18:05:00,FRBK
3.78,3.79,3.78,3.785,1100,2021-04-01 18:10:00,FRBK
3.785,3.7965,3.785,3.79,2002,2021-04-01 18:15:00,FRBK
3.8,3.8,3.8,3.8,200,2021-04-01 18:20:00,FRBK
3.78,3.79,3.78,3.79,2700,2021-04-01 18:25:00,FRBK
3.78,3.79,3.78,3.79,200,2021-04-01 18:30:00,FRBK
3.78,3.78,3.78,3.78,400,2021-04-01 18:35:00,FRBK
3.79,3.79,3.785,3.785,800,2021-04-01 18:40:00,FRBK
3.78,3.79,3.78,3.78,600,2021-04-01 18:45:00,FRBK
3.785,3.79,3.785,3.79,800,2021-04-01 18:50:00,FRBK
3.785,3.785,3.785,3.785,300,2021-04-01 18:55:00,FRBK
3.785,3.79,3.785,3.79,700,2021-04-01 19:05:00,FRBK
3.785,3.79,3.785,3.785,1100,2021-04-01 19:10:00,FRBK
3.785,3.79,3.785,3.79,400,2021-04-01 19:15:00,FRBK
3.785,3.785,3.785,3.785,100,2021-04-01 19:20:00,FRBK
3.79,3.79,3.78,3.79,700,2021-04-01 19:25:00,FRBK
3.78,3.78,3.78,3.78,100,2021-04-01 19:30:00,FRBK
3.78,3.78,3.78,3.78,100,2021-04-01 19:35:00,FRBK
3.77,3.77,3.77,3.77,600,2021-04-01 19:40:00,FRBK
3.77,3.79,3.77,3.79,390,2021-04-01 19:45:00,FRBK
3.77,3.79,3.77,3.79,2634,2021-04-01 19:50:00,FRBK
3.79,3.81,3.79,3.81,4699,2021-04-01 19:55:00,FRBK
3.8,3.8,3.8,3.8,16787,2021-04-01 20:00:00,FRBK
3.96,3.96,3.96,3.96,200,2021-04-05 12:35:00,FRBK
3.88,3.88,3.87,3.87,5912,2021-04-05 13:30:00,FRBK
3.86,3.86,3.83,3.83,400,2021-04-05 13:35:00,FRBK
3.81,3.82,3.79,3.82,3307,2021-04-05 13:40:00,FRBK
3.79,3.82,3.79,3.8,11414,2021-04-05 13:45:00,FRBK
3.8,3.8,3.8,3.8,300,2021-04-05 13:55:00,FRBK
3.81,3.81,3.8,3.805,300,2021-04-05 14:05:00,FRBK
3.8076,3.81,3.8,3.81,3640,2021-04-05 14:10:00,FRBK
3.83,3.83,3.82,3.83,300,2021-04-05 14:15:00,FRBK
3.83,3.83,3.83,3.83,100,2021-04-05 14:20:00,FRBK
3.83,3.835,3.83,3.835,1700,2021-04-05 14:25:00,FRBK
3.835,3.835,3.825,3.825,400,2021-04-05 14:30:00,FRBK
3.82,3.825,3.8,3.8,1900,2021-04-05 14:35:00,FRBK
3.8,3.805,3.8,3.8,3300,2021-04-05 14:40:00,FRBK
3.795,3.8,3.79,3.79,2666,2021-04-05 14:50:00,FRBK
3.8,3.81,3.795,3.81,1111,2021-04-05 14:55:00,FRBK
3.81,3.81,3.81,3.81,100,2021-04-05 15:00:00,FRBK
3.81,3.81,3.81,3.81,276,2021-04-05 15:05:00,FRBK
3.82,3.82,3.82,3.82,100,2021-04-05 15:10:00,FRBK
3.82,3.82,3.8,3.8,400,2021-04-05 15:20:00,FRBK
3.81,3.81,3.79,3.79,4900,2021-04-05 15:25:00,FRBK
3.8,3.8,3.78,3.79,1860,2021-04-05 15:30:00,FRBK
3.8,3.8,3.78,3.78,900,2021-04-05 15:35:00,FRBK
3.77,3.77,3.77,3.77,300,2021-04-05 15:40:00,FRBK
3.77,3.78,3.77,3.78,200,2021-04-05 15:45:00,FRBK
3.77,3.78,3.77,3.77,400,2021-04-05 15:50:00,FRBK
3.77,3.77,3.77,3.77,2500,2021-04-05 15:55:00,FRBK
3.77,3.78,3.76,3.77,5700,2021-04-05 16:00:00,FRBK
3.77,3.77,3.77,3.77,100,2021-04-05 16:10:00,FRBK
3.77,3.77,3.76,3.76,1500,2021-04-05 16:15:00,FRBK
3.75,3.76,3.745,3.745,3305,2021-04-05 16:20:00,FRBK
3.74,3.7567,3.74,3.755,2941,2021-04-05 16:25:00,FRBK
3.755,3.76,3.75,3.76,500,2021-04-05 16:30:00,FRBK
3.755,3.77,3.755,3.77,1400,2021-04-05 16:35:00,FRBK
3.76,3.77,3.75,3.75,1300,2021-04-05 16:40:00,FRBK
3.76,3.76,3.755,3.755,400,2021-04-05 16:45:00,FRBK
3.76,3.76,3.755,3.755,600,2021-04-05 16:50:00,FRBK
3.75,3.76,3.745,3.745,6691,2021-04-05 16:55:00,FRBK
3.745,3.75,3.745,3.745,800,2021-04-05 17:00:00,FRBK
3.75,3.75,3.745,3.745,1056,2021-04-05 17:05:00,FRBK
3.745,3.75,3.74,3.74,1200,2021-04-05 17:10:00,FRBK
3.745,3.755,3.745,3.755,2295,2021-04-05 17:15:00,FRBK
3.76,3.77,3.76,3.77,1600,2021-04-05 17:20:00,FRBK
3.765,3.77,3.765,3.77,400,2021-04-05 17:25:00,FRBK
3.765,3.77,3.74,3.74,1634,2021-04-05 17:30:00,FRBK
3.745,3.75,3.74,3.75,800,2021-04-05 17:35:00,FRBK
3.74,3.75,3.74,3.74,600,2021-04-05 17:40:00,FRBK
3.74,3.74,3.73,3.735,1900,2021-04-05 17:45:00,FRBK
3.74,3.74,3.73,3.735,900,2021-04-05 17:50:00,FRBK
3.74,3.74,3.735,3.74,760,2021-04-05 17:55:00,FRBK
3.735,3.735,3.735,3.735,500,2021-04-05 18:00:00,FRBK
3.73,3.74,3.73,3.735,700,2021-04-05 18:05:00,FRBK
3.74,3.76,3.74,3.76,4638,2021-04-05 18:10:00,FRBK
3.76,3.77,3.76,3.76,900,2021-04-05 18:15:00,FRBK
3.77,3.77,3.76,3.77,500,2021-04-05 18:20:00,FRBK
3.76,3.77,3.76,3.76,700,2021-04-05 18:25:00,FRBK
3.77,3.78,3.76,3.77,3000,2021-04-05 18:30:00,FRBK
3.77,3.77,3.77,3.77,100,2021-04-05 18:35:00,FRBK
3.77,3.77,3.76,3.765,1300,2021-04-05 18:40:00,FRBK
3.765,3.765,3.765,3.765,100,2021-04-05 18:45:00,FRBK
3.765,3.77,3.75,3.76,800,2021-04-05 18:50:00,FRBK
3.77,3.77,3.75,3.75,200,2021-04-05 18:55:00,FRBK
3.75,3.75,3.73,3.73,4273,2021-04-05 19:00:00,FRBK
3.735,3.74,3.73,3.74,6772,2021-04-05 19:05:00,FRBK
3.74,3.74,3.74,3.74,300,2021-04-05 19:10:00,FRBK
3.735,3.74,3.735,3.735,1400,2021-04-05 19:15:00,FRBK
3.735,3.74,3.73,3.74,1030,2021-04-05 19:20:00,FRBK
3.73,3.73,3.715,3.72,2803,2021-04-05 19:25:00,FRBK
3.7125,3.76,3.7125,3.76,3651,2021-04-05 19:30:00,FRBK
3.76,3.78,3.76,3.78,1500,2021-04-05 19:35:00,FRBK
3.77,3.77,3.77,3.77,100,2021-04-05 19:40:00,FRBK
3.77,3.77,3.77,3.77,280,2021-04-05 19:45:00,FRBK
3.77,3.79,3.77,3.775,2693,2021-04-05 19:50:00,FRBK
3.775,3.8,3.775,3.79,12838,2021-04-05 19:55:00,FRBK
3.8,3.8,3.8,3.8,26785,2021-04-05 20:00:00,FRBK
3.78,3.8,3.74,3.74,1702,2021-04-06 13:30:00,FRBK
3.76,3.78,3.76,3.78,200,2021-04-06 13:35:00,FRBK
3.74,3.75,3.74,3.75,500,2021-04-06 13:55:00,FRBK
3.7599,3.7599,3.755,3.755,200,2021-04-06 14:00:00,FRBK
3.755,3.76,3.7401,3.75,2700,2021-04-06 14:05:00,FRBK
3.75,3.76,3.75,3.76,500,2021-04-06 14:10:00,FRBK
3.77,3.8,3.77,3.78,800,2021-04-06 14:15:00,FRBK
3.79,3.79,3.78,3.79,400,2021-04-06 14:25:00,FRBK
3.78,3.78,3.78,3.78,200,2021-04-06 14:30:00,FRBK
3.7999,3.7999,3.78,3.785,1700,2021-04-06 14:40:00,FRBK
3.79,3.79,3.79,3.79,100,2021-04-06 14:45:00,FRBK
3.77,3.775,3.76,3.76,900,2021-04-06 14:50:00,FRBK
3.7501,3.755,3.75,3.75,300,2021-04-06 14:55:00,FRBK
3.77,3.77,3.75,3.75,600,2021-04-06 15:00:00,FRBK
3.74,3.74,3.74,3.74,600,2021-04-06 15:05:00,FRBK
3.74,3.74,3.72,3.72,1300,2021-04-06 15:10:00,FRBK
3.72,3.73,3.72,3.73,1000,2021-04-06 15:15:00,FRBK
3.73,3.73,3.73,3.73,1200,2021-04-06 15:20:00,FRBK
3.74,3.75,3.74,3.75,1000,2021-04-06 15:25:00,FRBK
3.75,3.75,3.7401,3.7401,1104,2021-04-06 15:30:00,FRBK
3.75,3.75,3.75,3.75,300,2021-04-06 15:35:00,FRBK
3.75,3.76,3.75,3.76,800,2021-04-06 15:45:00,FRBK
3.76,3.76,3.76,3.76,100,2021-04-06 15:50:00,FRBK
3.76,3.76,3.75,3.75,1006,2021-04-06 15:55:00,FRBK
3.75,3.75,3.75,3.75,100,2021-04-06 16:00:00,FRBK
3.74,3.76,3.74,3.76,1382,2021-04-06 16:05:00,FRBK
3.75,3.75,3.75,3.75,100,2021-04-06 16:20:00,FRBK
3.75,3.75,3.75,3.75,500,2021-04-06 16:30:00,FRBK
3.74,3.74,3.74,3.74,499,2021-04-06 16:35:00,FRBK
3.75,3.75,3.75,3.75,100,2021-04-06 16:40:00,FRBK
3.76,3.76,3.76,3.76,400,2021-04-06 16:50:00,FRBK
3.76,3.76,3.76,3.76,100,2021-04-06 16:55:00,FRBK
3.755,3.77,3.755,3.77,719,2021-04-06 17:00:00,FRBK
3.78,3.78,3.77,3.77,1400,2021-04-06 17:05:00,FRBK
3.77,3.77,3.765,3.77,400,2021-04-06 17:10:00,FRBK
3.7682,3.77,3.765,3.77,850,2021-04-06 17:15:00,FRBK
3.79,3.79,3.78,3.79,300,2021-04-06 17:20:00,FRBK
3.78,3.79,3.78,3.785,500,2021-04-06 17:25:00,FRBK
3.78,3.785,3.78,3.785,600,2021-04-06 17:30:00,FRBK
3.78,3.78,3.78,3.78,100,2021-04-06 17:35:00,FRBK
3.79,3.79,3.78,3.79,700,2021-04-06 17:40:00,FRBK
3.785,3.785,3.78,3.78,400,2021-04-06 17:45:00,FRBK
3.78,3.78,3.765,3.765,2100,2021-04-06 17:50:00,FRBK
3.77,3.78,3.77,3.78,469,2021-04-06 17:55:00,FRBK
3.8,3.8,3.79,3.79,663,2021-04-06 18:00:00,FRBK
3.7935,3.7935,3.79,3.79,246,2021-04-06 18:05:00,FRBK
3.79,3.79,3.78,3.785,800,2021-04-06 18:10:00,FRBK
3.7701,3.78,3.77,3.77,668,2021-04-06 18:15:00,FRBK
3.77,3.78,3.77,3.77,1608,2021-04-06 18:20:00,FRBK
3.78,3.78,3.76,3.76,1200,2021-04-06 18:25:00,FRBK
3.77,3.78,3.77,3.78,600,2021-04-06 18:30:00,FRBK
3.775,3.78,3.77,3.78,1200,2021-04-06 18:35:00,FRBK
3.77,3.78,3.77,3.78,700,2021-04-06 18:40:00,FRBK
3.77,3.78,3.77,3.775,1232,2021-04-06 18:45:00,FRBK
3.77,3.78,3.76,3.77,5500,2021-04-06 18:50:00,FRBK
3.77,3.77,3.75,3.77,3478,2021-04-06 18:55:00,FRBK
3.775,3.78,3.76,3.77,3808,2021-04-06 19:00:00,FRBK
3.77,3.78,3.77,3.78,2900,2021-04-06 19:10:00,FRBK
3.78,3.78,3.77,3.77,2148,2021-04-06 19:15:00,FRBK
3.775,3.785,3.775,3.785,1566,2021-04-06 19:20:00,FRBK
3.78,3.78,3.77,3.78,550,2021-04-06 19:25:00,FRBK
3.79,3.79,3.77,3.77,4796,2021-04-06 19:30:00,FRBK
3.77,3.78,3.76,3.76,1800,2021-04-06 19:35:00,FRBK
3.76,3.775,3.76,3.77,1897,2021-04-06 19:40:00,FRBK
3.77,3.78,3.77,3.78,2000,2021-04-06 19:45:00,FRBK
3.775,3.78,3.76,3.77,5459,2021-04-06 19:50:00,FRBK
3.77,3.79,3.75,3.75,7442,2021-04-06 19:55:00,FRBK
3.75,3.75,3.75,3.75,12030,2021-04-06 20:00:00,FRBK
3.76,3.76,3.69,3.69,2243,2021-04-07 13:30:00,FRBK
3.725,3.7467,3.7,3.7,575,2021-04-07 13:35:00,FRBK
3.71,3.71,3.69,3.69,1271,2021-04-07 13:40:00,FRBK
3.69,3.715,3.69,3.7,1000,2021-04-07 13:45:00,FRBK
3.7,3.7,3.69,3.7,6109,2021-04-07 13:50:00,FRBK
3.69,3.69,3.6862,3.69,900,2021-04-07 13:55:00,FRBK
3.69,3.7,3.69,3.7,500,2021-04-07 14:00:00,FRBK
3.695,3.695,3.68,3.68,400,2021-04-07 14:05:00,FRBK
3.68,3.69,3.68,3.68,4600,2021-04-07 14:10:00,FRBK
3.685,3.685,3.685,3.685,100,2021-04-07 14:15:00,FRBK
3.685,3.72,3.685,3.715,3500,2021-04-07 14:20:00,FRBK
3.7,3.7,3.7,3.7,100,2021-04-07 14:25:00,FRBK
3.7,3.7,3.7,3.7,200,2021-04-07 14:30:00,FRBK
3.7,3.7,3.7,3.7,792,2021-04-07 14:35:00,FRBK
3.69,3.71,3.69,3.71,3395,2021-04-07 14:40:00,FRBK
3.72,3.72,3.7,3.7,10100,2021-04-07 14:45:00,FRBK
3.7,3.72,3.7,3.71,5195,2021-04-07 14:50:00,FRBK
3.72,3.72,3.705,3.7081,500,2021-04-07 14:55:00,FRBK
3.71,3.71,3.705,3.71,400,2021-04-07 15:00:00,FRBK
3.7065,3.7065,3.7,3.7,217,2021-04-07 15:05:00,FRBK
3.7,3.71,3.7,3.71,2120,2021-04-07 15:10:00,FRBK
3.705,3.7057,3.705,3.7057,600,2021-04-07 15:15:00,FRBK
3.71,3.71,3.7,3.71,600,2021-04-07 15:20:00,FRBK
3.7,3.71,3.7,3.71,700,2021-04-07 15:25:00,FRBK
3.71,3.71,3.705,3.705,500,2021-04-07 15:30:00,FRBK
3.7,3.7015,3.7,3.7,4100,2021-04-07 15:35:00,FRBK
3.7,3.7,3.69,3.69,9052,2021-04-07 15:40:00,FRBK
3.69,3.7,3.69,3.7,1200,2021-04-07 15:45:00,FRBK
3.68,3.7,3.68,3.7,1800,2021-04-07 15:50:00,FRBK
3.69,3.69,3.68,3.68,235,2021-04-07 15:55:00,FRBK
3.68,3.68,3.68,3.68,800,2021-04-07 16:00:00,FRBK
3.7,3.7,3.68,3.6873,3595,2021-04-07 16:15:00,FRBK
3.685,3.69,3.685,3.69,2000,2021-04-07 16:20:00,FRBK
3.7,3.7,3.69,3.69,300,2021-04-07 16:25:00,FRBK
3.69,3.69,3.69,3.69,100,2021-04-07 16:30:00,FRBK
3.695,3.695,3.695,3.695,100,2021-04-07 16:35:00,FRBK
3.695,3.695,3.695,3.695,200,2021-04-07 16:40:00,FRBK
3.695,3.695,3.685,3.685,700,2021-04-07 16:45:00,FRBK
3.7,3.7,3.69,3.695,900,2021-04-07 16:55:00,FRBK
3.7,3.7,3.7,3.7,566,2021-04-07 17:00:00,FRBK
3.7,3.7,3.695,3.695,400,2021-04-07 17:05:00,FRBK
3.695,3.695,3.695,3.695,100,2021-04-07 17:10:00,FRBK
3.69,3.69,3.69,3.69,100,2021-04-07 17:15:00,FRBK
3.69,3.69,3.69,3.69,500,2021-04-07 17:20:00,FRBK
3.69,3.705,3.69,3.705,474,2021-04-07 17:25:00,FRBK
3.7,3.705,3.695,3.705,700,2021-04-07 17:30:00,FRBK
3.705,3.705,3.705,3.705,1029,2021-04-07 17:40:00,FRBK
3.7,3.7,3.695,3.7,700,2021-04-07 17:45:00,FRBK
3.7,3.7,3.695,3.695,225,2021-04-07 17:50:00,FRBK
3.69,3.69,3.69,3.69,100,2021-04-07 17:55:00,FRBK
3.69,3.695,3.69,3.69,1000,2021-04-07 18:05:00,FRBK
3.6973,3.7,3.69,3.69,600,2021-04-07 18:10:00,FRBK
3.69,3.69,3.69,3.69,300,2021-04-07 18:15:00,FRBK
3.69,3.69,3.69,3.69,2046,2021-04-07 18:20:00,FRBK
3.69,3.69,3.69,3.69,953,2021-04-07 18:25:00,FRBK
3.69,3.69,3.685,3.69,1700,2021-04-07 18:30:00,FRBK
3.69,3.69,3.68,3.69,3886,2021-04-07 18:35:00,FRBK
3.69,3.69,3.69,3.69,1249,2021-04-07 18:40:00,FRBK
3.69,3.69,3.69,3.69,316,2021-04-07 18:45:00,FRBK
3.69,3.69,3.69,3.69,100,2021-04-07 18:50:00,FRBK
3.6921,3.695,3.6921,3.695,1100,2021-04-07 18:55:00,FRBK
3.7,3.7001,3.7,3.7,1000,2021-04-07 19:00:00,FRBK
3.7,3.705,3.7,3.705,493,2021-04-07 19:05:00,FRBK
3.7,3.7,3.7,3.7,2310,2021-04-07 19:10:00,FRBK
3.7,3.7,3.69,3.695,408,2021-04-07 19:15:00,FRBK
3.69,3.695,3.69,3.695,1103,2021-04-07 19:20:00,FRBK
3.69,3.69,3.69,3.69,8157,2021-04-07 19:25:00,FRBK
3.69,3.69,3.68,3.68,8332,2021-04-07 19:30:00,FRBK
3.68,3.7,3.68,3.69,5217,2021-04-07 19:35:00,FRBK
3.68,3.68,3.68,3.68,410,2021-04-07 19:40:00,FRBK
3.69,3.7,3.68,3.695,6449,2021-04-07 19:45:00,FRBK
3.695,3.7,3.69,3.7,3531,2021-04-07 19:50:00,FRBK
3.7,3.7,3.69,3.7,7999,2021-04-07 19:55:00,FRBK
3.7,3.7,3.7,3.7,28171,2021-04-07 20:00:00,FRBK
3.65,3.65,3.65,3.65,200,2021-04-08 12:35:00,FRBK
3.65,3.65,3.65,3.65,299,2021-04-08 13:25:00,FRBK
3.68,3.68,3.62,3.64,973,2021-04-08 13:30:00,FRBK
3.62,3.65,3.62,3.645,700,2021-04-08 13:35:00,FRBK
3.65,3.6599,3.645,3.65,9814,2021-04-08 13:40:00,FRBK
3.63,3.63,3.62,3.62,1060,2021-04-08 13:45:00,FRBK
3.633,3.64,3.633,3.64,1137,2021-04-08 13:50:00,FRBK
3.63,3.63,3.63,3.63,801,2021-04-08 14:00:00,FRBK
3.62,3.62,3.62,3.62,100,2021-04-08 14:05:00,FRBK
3.62,3.64,3.62,3.62,876,2021-04-08 14:10:00,FRBK
3.64,3.64,3.62,3.62,700,2021-04-08 14:15:00,FRBK
3.62,3.62,3.62,3.62,869,2021-04-08 14:20:00,FRBK
3.63,3.63,3.62,3.62,700,2021-04-08 14:30:00,FRBK
3.62,3.62,3.6,3.6,5365,2021-04-08 14:35:00,FRBK
3.6,3.62,3.6,3.62,2731,2021-04-08 14:40:00,FRBK
3.63,3.67,3.63,3.67,3287,2021-04-08 14:45:00,FRBK
3.63,3.63,3.63,3.63,100,2021-04-08 14:55:00,FRBK
3.6426,3.6426,3.63,3.63,6300,2021-04-08 15:00:00,FRBK
3.63,3.63,3.62,3.62,300,2021-04-08 15:10:00,FRBK
3.62,3.62,3.6,3.6,500,2021-04-08 15:15:00,FRBK
3.61,3.62,3.61,3.62,2608,2021-04-08 15:20:00,FRBK
3.62,3.63,3.62,3.63,700,2021-04-08 15:25:00,FRBK
3.62,3.63,3.62,3.63,2509,2021-04-08 15:30:00,FRBK
3.64,3.64,3.635,3.635,2022,2021-04-08 15:35:00,FRBK
3.65,3.65,3.64,3.65,1332,2021-04-08 15:50:00,FRBK
3.66,3.66,3.64,3.64,702,2021-04-08 15:55:00,FRBK
3.65,3.65,3.65,3.65,482,2021-04-08 16:15:00,FRBK
3.66,3.67,3.655,3.67,2361,2021-04-08 16:20:00,FRBK
3.663,3.663,3.663,3.663,100,2021-04-08 16:25:00,FRBK
3.67,3.68,3.67,3.68,2675,2021-04-08 16:30:00,FRBK
3.68,3.68,3.68,3.68,600,2021-04-08 16:35:00,FRBK
3.68,3.68,3.68,3.68,800,2021-04-08 16:40:00,FRBK
3.66,3.68,3.66,3.6773,2023,2021-04-08 16:50:00,FRBK
3.66,3.67,3.66,3.67,928,2021-04-08 17:15:00,FRBK
3.66,3.66,3.66,3.66,100,2021-04-08 17:20:00,FRBK
3.66,3.66,3.65,3.65,625,2021-04-08 17:25:00,FRBK
3.6499,3.6499,3.645,3.645,200,2021-04-08 17:35:00,FRBK
3.64,3.64,3.64,3.64,400,2021-04-08 17:40:00,FRBK
3.64,3.64,3.625,3.63,3000,2021-04-08 17:45:00,FRBK
3.6366,3.6366,3.6318,3.633,6000,2021-04-08 17:50:00,FRBK
3.64,3.66,3.635,3.66,7380,2021-04-08 17:55:00,FRBK
3.67,3.67,3.67,3.67,500,2021-04-08 18:10:00,FRBK
3.66,3.66,3.66,3.66,300,2021-04-08 18:15:00,FRBK
3.66,3.67,3.66,3.67,1798,2021-04-08 18:20:00,FRBK
3.6701,3.68,3.6701,3.68,1300,2021-04-08 18:30:00,FRBK
3.68,3.68,3.67,3.67,600,2021-04-08 18:40:00,FRBK
3.67,3.67,3.67,3.67,100,2021-04-08 18:45:00,FRBK
3.67,3.67,3.67,3.67,391,2021-04-08 18:50:00,FRBK
3.67,3.67,3.67,3.67,1228,2021-04-08 18:55:00,FRBK
3.675,3.68,3.675,3.68,2000,2021-04-08 19:00:00,FRBK
3.67,3.68,3.67,3.67,1661,2021-04-08 19:05:00,FRBK
3.66,3.66,3.66,3.66,100,2021-04-08 19:10:00,FRBK
3.665,3.67,3.66,3.67,4913,2021-04-08 19:15:00,FRBK
3.67,3.67,3.67,3.67,600,2021-04-08 19:20:00,FRBK
3.68,3.68,3.68,3.68,1131,2021-04-08 19:25:00,FRBK
3.68,3.69,3.68,3.68,1300,2021-04-08 19:30:00,FRBK
3.67,3.67,3.67,3.67,700,2021-04-08 19:35:00,FRBK
3.68,3.68,3.67,3.67,1400,2021-04-08 19:40:00,FRBK
3.67,3.68,3.67,3.68,1235,2021-04-08 19:45:00,FRBK
3.68,3.68,3.67,3.67,3755,2021-04-08 19:50:00,FRBK
3.67,3.6813,3.66,3.67,8585,2021-04-08 19:55:00,FRBK
3.66,3.66,3.66,3.66,16386,2021-04-08 20:00:00,FRBK
3.65,3.65,3.65,3.65,1628,2021-04-09 13:30:00,FRBK
3.67,3.67,3.67,3.67,2313,2021-04-09 13:35:00,FRBK
3.7092,3.7092,3.7092,3.7092,1295,2021-04-09 13:45:00,FRBK
3.67,3.67,3.67,3.67,400,2021-04-09 13:50:00,FRBK
3.68,3.69,3.68,3.69,2464,2021-04-09 14:00:00,FRBK
3.67,3.67,3.67,3.67,600,2021-04-09 14:05:00,FRBK
3.69,3.69,3.68,3.68,200,2021-04-09 14:20:00,FRBK
3.69,3.69,3.69,3.69,500,2021-04-09 14:25:00,FRBK
3.69,3.69,3.69,3.69,100,2021-04-09 14:30:00,FRBK
3.7,3.7,3.7,3.7,455,2021-04-09 14:35:00,FRBK
3.69,3.7,3.68,3.7,900,2021-04-09 14:45:00,FRBK
3.71,3.71,3.71,3.71,500,2021-04-09 14:50:00,FRBK
3.71,3.71,3.69,3.69,500,2021-04-09 14:55:00,FRBK
3.7,3.7,3.69,3.69,12173,2021-04-09 15:00:00,FRBK
3.69,3.6901,3.68,3.68,2500,2021-04-09 15:10:00,FRBK
3.68,3.68,3.68,3.68,600,2021-04-09 15:15:00,FRBK
3.68,3.68,3.67,3.67,2741,2021-04-09 15:20:00,FRBK
3.68,3.68,3.68,3.68,500,2021-04-09 15:25:00,FRBK
3.67,3.67,3.67,3.67,200,2021-04-09 15:30:00,FRBK
3.67,3.67,3.67,3.67,600,2021-04-09 15:35:00,FRBK
3.68,3.68,3.67,3.68,1095,2021-04-09 15:45:00,FRBK
3.68,3.68,3.67,3.67,300,2021-04-09 15:55:00,FRBK
3.68,3.68,3.68,3.68,200,2021-04-09 16:05:00,FRBK
3.67,3.67,3.67,3.67,400,2021-04-09 16:10:00,FRBK
3.67,3.67,3.66,3.66,3006,2021-04-09 16:20:00,FRBK
3.67,3.67,3.67,3.67,400,2021-04-09 16:25:00,FRBK
3.66,3.66,3.66,3.66,100,2021-04-09 16:30:00,FRBK
3.67,3.67,3.66,3.66,400,2021-04-09 16:45:00,FRBK
3.66,3.66,3.65,3.66,817,2021-04-09 16:50:00,FRBK
3.67,3.67,3.65,3.65,958,2021-04-09 16:55:00,FRBK
3.65,3.655,3.65,3.655,1325,2021-04-09 17:05:00,FRBK
3.66,3.66,3.655,3.66,2389,2021-04-09 17:10:00,FRBK
3.66,3.66,3.66,3.66,300,2021-04-09 17:25:00,FRBK
3.65,3.65,3.65,3.65,300,2021-04-09 17:35:00,FRBK
3.67,3.67,3.65,3.65,300,2021-04-09 17:40:00,FRBK
3.67,3.67,3.67,3.67,200,2021-04-09 17:45:00,FRBK
3.65,3.67,3.65,3.65,800,2021-04-09 17:50:00,FRBK
3.67,3.67,3.66,3.66,500,2021-04-09 17:55:00,FRBK
3.66,3.66,3.65,3.66,1200,2021-04-09 18:00:00,FRBK
3.65,3.66,3.64,3.65,13540,2021-04-09 18:05:00,FRBK
3.65,3.65,3.65,3.65,400,2021-04-09 18:15:00,FRBK
3.655,3.66,3.65,3.66,1200,2021-04-09 18:25:00,FRBK
3.66,3.66,3.66,3.66,1100,2021-04-09 18:30:00,FRBK
3.6505,3.6505,3.65,3.65,1071,2021-04-09 18:35:00,FRBK
3.67,3.67,3.66,3.66,700,2021-04-09 18:40:00,FRBK
3.66,3.66,3.66,3.66,300,2021-04-09 18:45:00,FRBK
3.65,3.65,3.65,3.65,973,2021-04-09 18:55:00,FRBK
3.65,3.65,3.65,3.65,200,2021-04-09 19:05:00,FRBK
3.66,3.66,3.65,3.65,300,2021-04-09 19:10:00,FRBK
3.655,3.67,3.655,3.67,2026,2021-04-09 19:20:00,FRBK
3.67,3.7,3.67,3.67,10080,2021-04-09 19:25:00,FRBK
3.67,3.67,3.67,3.67,300,2021-04-09 19:35:00,FRBK
3.68,3.68,3.675,3.675,200,2021-04-09 19:45:00,FRBK
3.675,3.69,3.67,3.685,5431,2021-04-09 19:50:00,FRBK
3.685,3.685,3.66,3.66,8534,2021-04-09 19:55:00,FRBK
3.66,3.66,3.66,3.66,9475,2021-04-09 20:00:00,FRBK
3.68,3.6999,3.68,3.6999,453,2021-04-12 13:30:00,FRBK
3.7,3.7,3.67,3.7,11700,2021-04-12 13:55:00,FRBK
3.685,3.71,3.685,3.71,8285,2021-04-12 14:00:00,FRBK
3.715,3.715,3.715,3.715,100,2021-04-12 14:10:00,FRBK
3.703,3.72,3.703,3.72,1100,2021-04-12 14:15:00,FRBK
3.72,3.72,3.715,3.715,400,2021-04-12 14:20:00,FRBK
3.73,3.73,3.72,3.72,200,2021-04-12 14:25:00,FRBK
3.725,3.725,3.725,3.725,100,2021-04-12 14:35:00,FRBK
3.72,3.72,3.71,3.72,2500,2021-04-12 14:45:00,FRBK
3.71,3.71,3.71,3.71,100,2021-04-12 14:50:00,FRBK
3.71,3.71,3.68,3.695,3800,2021-04-12 15:00:00,FRBK
3.69,3.7,3.69,3.7,1715,2021-04-12 15:05:00,FRBK
3.69,3.7,3.69,3.695,500,2021-04-12 15:10:00,FRBK
3.695,3.695,3.695,3.695,200,2021-04-12 15:15:00,FRBK
3.71,3.71,3.71,3.71,100,2021-04-12 15:25:00,FRBK
3.72,3.72,3.7,3.7,200,2021-04-12 15:30:00,FRBK
3.71,3.71,3.71,3.71,400,2021-04-12 15:40:00,FRBK
3.7,3.71,3.7,3.71,300,2021-04-12 15:45:00,FRBK
3.7101,3.7101,3.71,3.71,3400,2021-04-12 15:55:00,FRBK
3.71,3.71,3.71,3.71,300,2021-04-12 16:00:00,FRBK
3.72,3.72,3.72,3.72,500,2021-04-12 16:05:00,FRBK
3.72,3.72,3.71,3.71,400,2021-04-12 16:25:00,FRBK
3.72,3.72,3.71,3.71,1925,2021-04-12 16:30:00,FRBK
3.71,3.72,3.71,3.71,1200,2021-04-12 16:35:00,FRBK
3.71,3.71,3.71,3.71,100,2021-04-12 16:40:00,FRBK
3.72,3.72,3.72,3.72,300,2021-04-12 16:50:00,FRBK
3.72,3.72,3.72,3.72,200,2021-04-12 17:00:00,FRBK
3.71,3.71,3.71,3.71,700,2021-04-12 17:05:00,FRBK
3.71,3.718,3.71,3.71,7100,2021-04-12 17:10:00,FRBK
3.72,3.72,3.71,3.71,944,2021-04-12 17:15:00,FRBK
3.72,3.72,3.72,3.72,100,2021-04-12 17:20:00,FRBK
3.7,3.71,3.7,3.7,400,2021-04-12 17:25:00,FRBK
3.71,3.72,3.71,3.71,900,2021-04-12 17:35:00,FRBK
3.71,3.71,3.705,3.705,1200,2021-04-12 17:40:00,FRBK
3.71,3.71,3.71,3.71,400,2021-04-12 17:45:00,FRBK
3.71,3.71,3.7,3.705,12807,2021-04-12 17:50:00,FRBK
3.71,3.71,3.7,3.71,500,2021-04-12 17:55:00,FRBK
3.7,3.7,3.7,3.7,100,2021-04-12 18:00:00,FRBK
3.7,3.7199,3.69,3.7199,2170,2021-04-12 18:05:00,FRBK
3.71,3.71,3.71,3.71,100,2021-04-12 18:10:00,FRBK
3.71,3.72,3.71,3.718,700,2021-04-12 18:15:00,FRBK
3.71,3.71,3.71,3.71,200,2021-04-12 18:20:00,FRBK
3.71,3.71,3.71,3.71,400,2021-04-12 18:25:00,FRBK
3.705,3.718,3.705,3.705,800,2021-04-12 18:30:00,FRBK
3.705,3.71,3.705,3.705,300,2021-04-12 18:35:00,FRBK
3.705,3.71,3.705,3.71,1000,2021-04-12 18:40:00,FRBK
3.705,3.71,3.705,3.71,300,2021-04-12 18:45:00,FRBK
3.705,3.71,3.705,3.71,879,2021-04-12 18:50:00,FRBK
3.71,3.71,3.7,3.705,2665,2021-04-12 18:55:00,FRBK
3.705,3.705,3.705,3.705,200,2021-04-12 19:00:00,FRBK
3.71,3.71,3.71,3.71,800,2021-04-12 19:05:00,FRBK
3.71,3.71,3.71,3.71,200,2021-04-12 19:10:00,FRBK
3.71,3.72,3.71,3.72,900,2021-04-12 19:15:00,FRBK
3.71,3.73,3.71,3.73,1943,2021-04-12 19:20:00,FRBK
3.72,3.72,3.715,3.72,600,2021-04-12 19:25:00,FRBK
3.71,3.7299,3.71,3.72,2300,2021-04-12 19:30:00,FRBK
3.73,3.74,3.73,3.73,8700,2021-04-12 19:35:00,FRBK
3.73,3.745,3.725,3.745,7085,2021-04-12 19:40:00,FRBK
3.75,3.76,3.74,3.75,4768,2021-04-12 19:45:00,FRBK
3.745,3.745,3.74,3.74,600,2021-04-12 19:50:00,FRBK
3.74,3.75,3.73,3.73,12674,2021-04-12 19:55:00,FRBK
3.73,3.73,3.73,3.73,11760,2021-04-12 20:00:00,FRBK
3.73,3.73,3.73,3.73,12802,2021-04-13 13:10:00,FRBK
3.72,3.75,3.72,3.74,1113,2021-04-13 13:30:00,FRBK
3.71,3.72,3.695,3.71,1125,2021-04-13 13:35:00,FRBK
3.68,3.68,3.67,3.67,699,2021-04-13 13:40:00,FRBK
3.67,3.67,3.67,3.67,200,2021-04-13 13:45:00,FRBK
3.675,3.72,3.675,3.715,6560,2021-04-13 13:50:00,FRBK
3.71,3.71,3.7,3.71,2062,2021-04-13 13:55:00,FRBK
3.7,3.7,3.7,3.7,1412,2021-04-13 14:00:00,FRBK
3.7,3.7,3.67,3.675,3194,2021-04-13 14:05:00,FRBK
3.69,3.6972,3.69,3.6972,1594,2021-04-13 14:10:00,FRBK
3.68,3.698,3.68,3.698,300,2021-04-13 14:15:00,FRBK
3.68,3.68,3.68,3.68,200,2021-04-13 14:20:00,FRBK
3.68,3.7,3.66,3.7,3752,2021-04-13 14:25:00,FRBK
3.698,3.7,3.68,3.68,400,2021-04-13 14:30:00,FRBK
3.7,3.7,3.68,3.68,300,2021-04-13 14:35:00,FRBK
3.69,3.7,3.69,3.7,1426,2021-04-13 14:40:00,FRBK
3.695,3.695,3.695,3.695,100,2021-04-13 14:45:00,FRBK
3.71,3.71,3.7,3.71,700,2021-04-13 14:50:00,FRBK
3.71,3.72,3.69,3.7,1100,2021-04-13 14:55:00,FRBK
3.7,3.71,3.695,3.71,600,2021-04-13 15:00:00,FRBK
3.695,3.695,3.695,3.695,100,2021-04-13 15:05:00,FRBK
3.69,3.71,3.69,3.708,515,2021-04-13 15:10:00,FRBK
3.7,3.71,3.69,3.7,1000,2021-04-13 15:15:00,FRBK
3.695,3.695,3.695,3.695,200,2021-04-13 15:20:00,FRBK
3.695,3.695,3.695,3.695,100,2021-04-13 15:25:00,FRBK
3.71,3.71,3.695,3.695,300,2021-04-13 15:30:00,FRBK
3.7,3.7,3.7,3.7,100,2021-04-13 15:35:00,FRBK
3.7,3.7,3.695,3.695,546,2021-04-13 15:40:00,FRBK
3.69,3.7,3.68,3.69,2662,2021-04-13 15:45:00,FRBK
3.69,3.7,3.685,3.7,1431,2021-04-13 15:50:00,FRBK
3.69,3.69,3.69,3.69,100,2021-04-13 15:55:00,FRBK
3.6839,3.7,3.6839,3.695,900,2021-04-13 16:00:00,FRBK
3.6841,3.7,3.6841,3.7,1200,2021-04-13 16:05:00,FRBK
3.695,3.7,3.68,3.695,2000,2021-04-13 16:10:00,FRBK
3.695,3.71,3.695,3.705,1900,2021-04-13 16:15:00,FRBK
3.71,3.71,3.7,3.7,500,2021-04-13 16:20:00,FRBK
3.71,3.71,3.7,3.7,400,2021-04-13 16:30:00,FRBK
3.7,3.7,3.69,3.69,300,2021-04-13 16:35:00,FRBK
3.7,3.7,3.695,3.7,1900,2021-04-13 16:40:00,FRBK
3.695,3.695,3.6827,3.695,525,2021-04-13 16:45:00,FRBK
3.68,3.7,3.68,3.69,1100,2021-04-13 16:50:00,FRBK
3.69,3.69,3.69,3.69,100,2021-04-13 16:55:00,FRBK
3.695,3.7,3.695,3.695,1600,2021-04-13 17:00:00,FRBK
3.7,3.7211,3.7,3.7211,1500,2021-04-13 17:05:00,FRBK
3.7,3.7,3.7,3.7,100,2021-04-13 17:20:00,FRBK
3.7,3.705,3.695,3.695,6577,2021-04-13 17:30:00,FRBK
3.695,3.695,3.695,3.695,687,2021-04-13 17:35:00,FRBK
3.701,3.701,3.7,3.7,500,2021-04-13 17:40:00,FRBK
3.7,3.71,3.7,3.7,1100,2021-04-13 17:45:00,FRBK
3.71,3.71,3.71,3.71,300,2021-04-13 17:50:00,FRBK
3.71,3.72,3.71,3.71,1600,2021-04-13 17:55:00,FRBK
3.705,3.705,3.705,3.705,100,2021-04-13 18:00:00,FRBK
3.7,3.7,3.7,3.7,100,2021-04-13 18:10:00,FRBK
3.72,3.72,3.72,3.72,200,2021-04-13 18:15:00,FRBK
3.71,3.71,3.7,3.7,300,2021-04-13 18:20:00,FRBK
3.7,3.7,3.7,3.7,400,2021-04-13 18:25:00,FRBK
3.69,3.7,3.69,3.7,908,2021-04-13 18:35:00,FRBK
3.69,3.69,3.69,3.69,200,2021-04-13 18:40:00,FRBK
3.68,3.68,3.68,3.68,100,2021-04-13 18:45:00,FRBK
3.68,3.69,3.68,3.69,200,2021-04-13 18:50:00,FRBK
3.68,3.69,3.68,3.69,200,2021-04-13 19:00:00,FRBK
3.68,3.68,3.68,3.68,200,2021-04-13 19:05:00,FRBK
3.68,3.68,3.68,3.68,100,2021-04-13 19:10:00,FRBK
3.69,3.69,3.69,3.69,100,2021-04-13 19:15:00,FRBK
3.68,3.68,3.67,3.67,900,2021-04-13 19:20:00,FRBK
3.69,3.69,3.67,3.68,4495,2021-04-13 19:25:00,FRBK
3.68,3.68,3.67,3.67,1520,2021-04-13 19:30:00,FRBK
3.68,3.68,3.68,3.68,1700,2021-04-13 19:35:00,FRBK
3.6862,3.6862,3.6862,3.6862,250,2021-04-13 19:40:00,FRBK
3.68,3.68,3.68,3.68,100,2021-04-13 19:45:00,FRBK
3.68,3.68,3.67,3.68,1233,2021-04-13 19:50:00,FRBK
3.67,3.69,3.67,3.67,8030,2021-04-13 19:55:00,FRBK
3.67,3.67,3.67,3.67,12883,2021-04-13 20:00:00,FRBK
3.67,3.67,3.67,3.67,12100,2021-04-14 12:45:00,FRBK
3.68,3.71,3.68,3.68,2256,2021-04-14 13:30:00,FRBK
3.67,3.67,3.67,3.67,100,2021-04-14 13:35:00,FRBK
3.67,3.67,3.67,3.67,100,2021-04-14 13:40:00,FRBK
3.67,3.67,3.66,3.66,200,2021-04-14 13:45:00,FRBK
3.67,3.67,3.67,3.67,100,2021-04-14 13:50:00,FRBK
3.67,3.67,3.67,3.67,200,2021-04-14 13:55:00,FRBK
3.68,3.7,3.68,3.7,1474,2021-04-14 14:00:00,FRBK
3.71,3.72,3.7,3.72,1013,2021-04-14 14:10:00,FRBK
3.73,3.73,3.73,3.73,1329,2021-04-14 14:15:00,FRBK
3.73,3.73,3.72,3.72,1100,2021-04-14 14:20:00,FRBK
3.72,3.72,3.72,3.72,200,2021-04-14 14:25:00,FRBK
3.73,3.73,3.72,3.72,300,2021-04-14 14:35:00,FRBK
3.73,3.75,3.72,3.74,14226,2021-04-14 14:40:00,FRBK
3.72,3.7432,3.72,3.74,3400,2021-04-14 14:45:00,FRBK
3.745,3.745,3.745,3.745,558,2021-04-14 14:50:00,FRBK
3.745,3.76,3.745,3.76,700,2021-04-14 14:55:00,FRBK
3.745,3.75,3.74,3.74,1900,2021-04-14 15:00:00,FRBK
3.745,3.75,3.745,3.75,600,2021-04-14 15:05:00,FRBK
3.745,3.745,3.745,3.745,100,2021-04-14 15:10:00,FRBK
3.75,3.75,3.74,3.74,1400,2021-04-14 15:15:00,FRBK
3.74,3.74,3.74,3.74,691,2021-04-14 15:20:00,FRBK
3.74,3.75,3.73,3.75,2200,2021-04-14 15:25:00,FRBK
3.75,3.75,3.75,3.75,100,2021-04-14 15:30:00,FRBK
3.755,3.76,3.755,3.76,295,2021-04-14 15:40:00,FRBK
3.755,3.76,3.755,3.76,300,2021-04-14 15:55:00,FRBK
3.75,3.75,3.75,3.75,200,2021-04-14 16:00:00,FRBK
3.75,3.75,3.75,3.75,600,2021-04-14 16:05:00,FRBK
3.745,3.745,3.745,3.745,100,2021-04-14 16:15:00,FRBK
3.74,3.74,3.74,3.74,100,2021-04-14 16:20:00,FRBK
3.74,3.745,3.73,3.73,900,2021-04-14 16:25:00,FRBK
3.73,3.74,3.73,3.74,900,2021-04-14 16:30:00,FRBK
3.735,3.735,3.735,3.735,100,2021-04-14 16:35:00,FRBK
3.735,3.735,3.73,3.73,200,2021-04-14 16:45:00,FRBK
3.735,3.735,3.73,3.73,900,2021-04-14 16:55:00,FRBK
3.73,3.73,3.73,3.73,400,2021-04-14 17:00:00,FRBK
3.72,3.75,3.72,3.75,3400,2021-04-14 17:05:00,FRBK
3.74,3.74,3.74,3.74,200,2021-04-14 17:10:00,FRBK
3.75,3.75,3.75,3.75,100,2021-04-14 17:15:00,FRBK
3.75,3.75,3.73,3.74,600,2021-04-14 17:20:00,FRBK
3.75,3.75,3.74,3.74,200,2021-04-14 17:25:00,FRBK
3.75,3.75,3.75,3.75,100,2021-04-14 17:30:00,FRBK
3.75,3.75,3.75,3.75,100,2021-04-14 17:35:00,FRBK
3.75,3.75,3.75,3.75,100,2021-04-14 17:40:00,FRBK
3.75,3.75,3.74,3.74,305,2021-04-14 17:45:00,FRBK
3.74,3.75,3.73,3.74,7400,2021-04-14 17:50:00,FRBK
3.75,3.75,3.74,3.745,500,2021-04-14 17:55:00,FRBK
3.745,3.745,3.73,3.73,300,2021-04-14 18:00:00,FRBK
3.74,3.74,3.73,3.735,1000,2021-04-14 18:05:00,FRBK
3.73,3.73,3.73,3.73,300,2021-04-14 18:10:00,FRBK
3.74,3.74,3.735,3.735,300,2021-04-14 18:15:00,FRBK
3.735,3.74,3.73,3.74,600,2021-04-14 18:20:00,FRBK
3.74,3.74,3.74,3.74,200,2021-04-14 18:25:00,FRBK
3.73,3.74,3.73,3.74,1200,2021-04-14 18:30:00,FRBK
3.73,3.73,3.73,3.73,100,2021-04-14 18:35:00,FRBK
3.73,3.735,3.73,3.735,1077,2021-04-14 18:40:00,FRBK
3.74,3.74,3.73,3.73,300,2021-04-14 18:45:00,FRBK
3.72,3.72,3.72,3.72,100,2021-04-14 18:50:00,FRBK
3.72,3.72,3.72,3.72,400,2021-04-14 18:55:00,FRBK
3.72,3.73,3.72,3.73,5449,2021-04-14 19:00:00,FRBK
3.73,3.73,3.72,3.725,1600,2021-04-14 19:05:00,FRBK
3.725,3.735,3.72,3.735,2100,2021-04-14 19:10:00,FRBK
3.74,3.74,3.73,3.73,3338,2021-04-14 19:15:00,FRBK
3.73,3.7315,3.73,3.73,695,2021-04-14 19:20:00,FRBK
3.73,3.735,3.73,3.73,9830,2021-04-14 19:25:00,FRBK
3.73,3.73,3.73,3.73,980,2021-04-14 19:30:00,FRBK
3.73,3.73,3.73,3.73,1050,2021-04-14 19:35:00,FRBK
3.73,3.735,3.72,3.73,1860,2021-04-14 19:40:00,FRBK
3.72,3.73,3.72,3.73,3280,2021-04-14 19:45:00,FRBK
3.73,3.74,3.72,3.73,2500,2021-04-14 19:50:00,FRBK
3.73,3.74,3.73,3.74,5831,2021-04-14 19:55:00,FRBK
3.74,3.74,3.74,3.74,9284,2021-04-14 20:00:00,FRBK
3.74,3.74,3.74,3.74,13260,2021-04-15 12:40:00,FRBK
3.7301,3.7301,3.7301,3.7301,2640,2021-04-15 13:10:00,FRBK
3.81,3.81,3.78,3.78,3007,2021-04-15 13:30:00,FRBK
3.76,3.76,3.73,3.74,821,2021-04-15 13:35:00,FRBK
3.73,3.74,3.73,3.73,1300,2021-04-15 13:40:00,FRBK
3.735,3.735,3.73,3.73,500,2021-04-15 13:45:00,FRBK
3.73,3.74,3.68,3.705,10505,2021-04-15 13:50:00,FRBK
3.7173,3.72,3.7173,3.72,700,2021-04-15 13:55:00,FRBK
3.73,3.73,3.73,3.73,100,2021-04-15 14:00:00,FRBK
3.7,3.7,3.6989,3.7,600,2021-04-15 14:05:00,FRBK
3.68,3.698,3.68,3.698,1200,2021-04-15 14:15:00,FRBK
3.69,3.69,3.68,3.68,300,2021-04-15 14:25:00,FRBK
3.675,3.675,3.675,3.675,100,2021-04-15 14:30:00,FRBK
3.68,3.68,3.66,3.68,1200,2021-04-15 14:35:00,FRBK
3.68,3.68,3.67,3.67,300,2021-04-15 14:40:00,FRBK
3.68,3.69,3.68,3.69,300,2021-04-15 14:45:00,FRBK
3.69,3.69,3.69,3.69,1100,2021-04-15 14:50:00,FRBK
3.69,3.69,3.68,3.69,400,2021-04-15 15:00:00,FRBK
3.67,3.68,3.67,3.67,10107,2021-04-15 15:05:00,FRBK
3.67,3.67,3.66,3.66,1400,2021-04-15 15:10:00,FRBK
3.67,3.67,3.6646,3.665,719,2021-04-15 15:15:00,FRBK
3.67,3.67,3.67,3.67,500,2021-04-15 15:20:00,FRBK
3.67,3.67,3.67,3.67,500,2021-04-15 15:25:00,FRBK
3.665,3.69,3.665,3.6838,2765,2021-04-15 15:30:00,FRBK
3.71,3.71,3.71,3.71,146,2021-04-15 16:15:00,FRBK
3.705,3.71,3.705,3.71,581,2021-04-15 16:20:00,FRBK
3.7089,3.71,3.7089,3.71,1500,2021-04-15 16:35:00,FRBK
3.71,3.71,3.7,3.71,605,2021-04-15 16:40:00,FRBK
3.71,3.71,3.71,3.71,100,2021-04-15 16:45:00,FRBK
3.72,3.72,3.72,3.72,200,2021-04-15 16:55:00,FRBK
3.71,3.71,3.7,3.705,600,2021-04-15 17:05:00,FRBK
3.69,3.69,3.69,3.69,168,2021-04-15 17:40:00,FRBK
3.6944,3.6944,3.6944,3.6944,100,2021-04-15 17:45:00,FRBK
3.7,3.705,3.7,3.7,2300,2021-04-15 17:55:00,FRBK
3.7,3.7,3.7,3.7,100,2021-04-15 18:00:00,FRBK
3.71,3.72,3.71,3.72,1169,2021-04-15 18:05:00,FRBK
3.72,3.72,3.71,3.71,200,2021-04-15 18:10:00,FRBK
3.715,3.715,3.7,3.71,600,2021-04-15 18:25:00,FRBK
3.71,3.71,3.71,3.71,100,2021-04-15 18:30:00,FRBK
3.71,3.71,3.7,3.71,800,2021-04-15 18:35:00,FRBK
3.71,3.71,3.71,3.71,200,2021-04-15 18:40:00,FRBK
3.7152,3.7152,3.715,3.715,220,2021-04-15 18:55:00,FRBK
3.715,3.715,3.715,3.715,305,2021-04-15 19:00:00,FRBK
3.72,3.73,3.71,3.73,2280,2021-04-15 19:05:00,FRBK
3.72,3.72,3.72,3.72,400,2021-04-15 19:20:00,FRBK
3.71,3.71,3.7001,3.7001,1950,2021-04-15 19:25:00,FRBK
3.71,3.71,3.71,3.71,505,2021-04-15 19:30:00,FRBK
3.71,3.72,3.71,3.71,1469,2021-04-15 19:35:00,FRBK
3.71,3.71,3.71,3.71,143,2021-04-15 19:45:00,FRBK
3.71,3.71,3.7,3.71,1379,2021-04-15 19:50:00,FRBK
3.715,3.72,3.71,3.72,3321,2021-04-15 19:55:00,FRBK
3.72,3.72,3.72,3.72,16030,2021-04-15 20:00:00,FRBK
3.78,3.8,3.78,3.8,4962,2021-04-16 13:30:00,FRBK
3.74,3.75,3.7178,3.7178,795,2021-04-16 13:35:00,FRBK
3.717,3.717,3.717,3.717,140,2021-04-16 13:45:00,FRBK
3.7,3.7,3.7,3.7,500,2021-04-16 13:50:00,FRBK
3.71,3.71,3.69,3.69,200,2021-04-16 13:55:00,FRBK
3.69,3.69,3.69,3.69,1900,2021-04-16 14:00:00,FRBK
3.69,3.71,3.69,3.71,577,2021-04-16 14:05:00,FRBK
3.705,3.705,3.705,3.705,100,2021-04-16 14:10:00,FRBK
3.705,3.705,3.705,3.705,100,2021-04-16 14:15:00,FRBK
3.7,3.7,3.7,3.7,200,2021-04-16 14:20:00,FRBK
3.7,3.705,3.7,3.7,600,2021-04-16 14:30:00,FRBK
3.69,3.69,3.69,3.69,900,2021-04-16 14:35:00,FRBK
3.7,3.7,3.7,3.7,300,2021-04-16 14:40:00,FRBK
3.71,3.71,3.71,3.71,100,2021-04-16 14:45:00,FRBK
3.7,3.7,3.7,3.7,400,2021-04-16 14:55:00,FRBK
3.71,3.71,3.7,3.7,300,2021-04-16 15:05:00,FRBK
3.69,3.695,3.69,3.69,300,2021-04-16 15:10:00,FRBK
3.69,3.69,3.69,3.69,400,2021-04-16 15:15:00,FRBK
3.7,3.7,3.69,3.7,800,2021-04-16 15:20:00,FRBK
3.72,3.72,3.71,3.71,600,2021-04-16 15:30:00,FRBK
3.7,3.7,3.7,3.7,100,2021-04-16 15:35:00,FRBK
3.7,3.71,3.7,3.7,1600,2021-04-16 15:45:00,FRBK
3.7,3.71,3.7,3.71,577,2021-04-16 15:50:00,FRBK
3.69,3.69,3.69,3.69,300,2021-04-16 15:55:00,FRBK
3.69,3.69,3.69,3.69,104,2021-04-16 16:00:00,FRBK
3.69,3.69,3.69,3.69,597,2021-04-16 16:05:00,FRBK
3.69,3.69,3.69,3.69,944,2021-04-16 16:10:00,FRBK
3.675,3.675,3.67,3.67,313,2021-04-16 16:20:00,FRBK
3.675,3.68,3.675,3.68,500,2021-04-16 16:25:00,FRBK
3.68,3.68,3.68,3.68,100,2021-04-16 16:30:00,FRBK
3.68,3.68,3.68,3.68,315,2021-04-16 16:35:00,FRBK
3.68,3.68,3.68,3.68,126,2021-04-16 16:40:00,FRBK
3.68,3.69,3.68,3.688,624,2021-04-16 16:50:00,FRBK
3.67,3.67,3.67,3.67,106,2021-04-16 17:00:00,FRBK
3.67,3.7,3.67,3.69,3638,2021-04-16 17:05:00,FRBK
3.69,3.69,3.69,3.69,100,2021-04-16 17:10:00,FRBK
3.68,3.69,3.68,3.69,500,2021-04-16 17:15:00,FRBK
3.69,3.7,3.69,3.7,5809,2021-04-16 17:20:00,FRBK
3.71,3.71,3.71,3.71,200,2021-04-16 17:25:00,FRBK
3.73,3.73,3.71,3.71,500,2021-04-16 17:45:00,FRBK
3.71,3.71,3.71,3.71,300,2021-04-16 17:50:00,FRBK
3.72,3.72,3.72,3.72,500,2021-04-16 18:00:00,FRBK
3.71,3.71,3.71,3.71,800,2021-04-16 18:10:00,FRBK
3.71,3.71,3.71,3.71,200,2021-04-16 18:20:00,FRBK
3.7,3.705,3.7,3.705,3162,2021-04-16 18:25:00,FRBK
3.7,3.7,3.7,3.7,100,2021-04-16 18:30:00,FRBK
3.71,3.71,3.71,3.71,100,2021-04-16 18:35:00,FRBK
3.71,3.71,3.71,3.71,300,2021-04-16 18:40:00,FRBK
3.72,3.72,3.71,3.71,1500,2021-04-16 18:45:00,FRBK
3.72,3.72,3.72,3.72,100,2021-04-16 18:55:00,FRBK
3.715,3.72,3.71,3.71,300,2021-04-16 19:00:00,FRBK
3.71,3.71,3.71,3.71,600,2021-04-16 19:05:00,FRBK
3.72,3.72,3.71,3.71,300,2021-04-16 19:10:00,FRBK
3.72,3.72,3.71,3.71,800,2021-04-16 19:15:00,FRBK
3.71,3.71,3.71,3.71,500,2021-04-16 19:25:00,FRBK
3.71,3.72,3.71,3.72,807,2021-04-16 19:30:00,FRBK
3.71,3.72,3.71,3.71,912,2021-04-16 19:45:00,FRBK
3.71,3.71,3.7,3.7,400,2021-04-16 19:50:00,FRBK
3.71,3.72,3.69,3.72,5831,2021-04-16 19:55:00,FRBK
3.7,3.7,3.7,3.7,18418,2021-04-16 20:00:00,FRBK
3.7,3.7,3.7,3.7,1459,2021-04-16 21:00:00,FRBK
3.69,3.69,3.69,3.69,847,2021-04-19 13:30:00,FRBK
3.7,3.7,3.7,3.7,200,2021-04-19 13:40:00,FRBK
3.7,3.7,3.69,3.69,6318,2021-04-19 13:45:00,FRBK
3.6973,3.7,3.69,3.69,6100,2021-04-19 13:50:00,FRBK
3.68,3.68,3.68,3.68,550,2021-04-19 13:55:00,FRBK
3.7,3.7,3.6781,3.68,3782,2021-04-19 14:00:00,FRBK
3.67,3.67,3.67,3.67,125,2021-04-19 14:05:00,FRBK
3.67,3.67,3.65,3.65,3121,2021-04-19 14:10:00,FRBK
3.65,3.65,3.65,3.65,100,2021-04-19 14:20:00,FRBK
3.6529,3.6529,3.6529,3.6529,300,2021-04-19 14:25:00,FRBK
3.66,3.667,3.65,3.667,5136,2021-04-19 14:30:00,FRBK
3.6611,3.6611,3.6611,3.6611,400,2021-04-19 14:35:00,FRBK
3.66,3.66,3.61,3.61,22847,2021-04-19 14:40:00,FRBK
3.6101,3.615,3.61,3.61,5138,2021-04-19 14:45:00,FRBK
3.615,3.62,3.615,3.62,890,2021-04-19 14:50:00,FRBK
3.635,3.635,3.63,3.63,200,2021-04-19 14:55:00,FRBK
3.63,3.63,3.62,3.62,408,2021-04-19 15:00:00,FRBK
3.61,3.62,3.605,3.62,600,2021-04-19 15:05:00,FRBK
3.625,3.63,3.62,3.62,300,2021-04-19 15:15:00,FRBK
3.62,3.62,3.62,3.62,800,2021-04-19 15:25:00,FRBK
3.625,3.63,3.62,3.63,514,2021-04-19 15:30:00,FRBK
3.63,3.63,3.63,3.63,100,2021-04-19 15:35:00,FRBK
3.62,3.62,3.62,3.62,100,2021-04-19 15:45:00,FRBK
3.64,3.64,3.63,3.63,400,2021-04-19 15:50:00,FRBK
3.64,3.64,3.63,3.6373,400,2021-04-19 15:55:00,FRBK
3.63,3.63,3.63,3.63,100,2021-04-19 16:00:00,FRBK
3.635,3.64,3.635,3.639,1400,2021-04-19 16:10:00,FRBK
3.64,3.645,3.64,3.645,600,2021-04-19 16:15:00,FRBK
3.65,3.65,3.63,3.63,3500,2021-04-19 16:20:00,FRBK
3.64,3.64,3.6373,3.6373,200,2021-04-19 16:30:00,FRBK
3.638,3.64,3.6373,3.6373,965,2021-04-19 16:40:00,FRBK
3.64,3.64,3.63,3.64,900,2021-04-19 16:45:00,FRBK
3.6473,3.65,3.6473,3.65,200,2021-04-19 16:50:00,FRBK
3.66,3.66,3.64,3.64,200,2021-04-19 17:00:00,FRBK
3.66,3.66,3.66,3.66,200,2021-04-19 17:05:00,FRBK
3.66,3.66,3.6473,3.66,1700,2021-04-19 17:10:00,FRBK
3.66,3.66,3.66,3.66,200,2021-04-19 17:15:00,FRBK
3.655,3.655,3.637,3.655,420,2021-04-19 17:20:00,FRBK
3.655,3.66,3.64,3.64,600,2021-04-19 17:25:00,FRBK
3.65,3.65,3.64,3.65,1155,2021-04-19 17:30:00,FRBK
3.65,3.66,3.65,3.66,300,2021-04-19 17:35:00,FRBK
3.65,3.655,3.65,3.655,200,2021-04-19 17:40:00,FRBK
3.66,3.66,3.64,3.66,400,2021-04-19 17:45:00,FRBK
3.658,3.66,3.658,3.66,200,2021-04-19 17:50:00,FRBK
3.65,3.66,3.65,3.66,400,2021-04-19 17:55:00,FRBK
3.66,3.668,3.65,3.668,800,2021-04-19 18:00:00,FRBK
3.67,3.67,3.67,3.67,100,2021-04-19 18:05:00,FRBK
3.68,3.68,3.675,3.675,300,2021-04-19 18:10:00,FRBK
3.68,3.68,3.6614,3.68,850,2021-04-19 18:15:00,FRBK
3.68,3.68,3.68,3.68,200,2021-04-19 18:20:00,FRBK
3.6773,3.6773,3.6773,3.6773,100,2021-04-19 18:30:00,FRBK
3.68,3.68,3.65,3.65,700,2021-04-19 18:35:00,FRBK
3.65,3.65,3.64,3.65,1500,2021-04-19 18:40:00,FRBK
3.66,3.66,3.66,3.66,200,2021-04-19 18:45:00,FRBK
3.6501,3.6573,3.65,3.6573,501,2021-04-19 18:50:00,FRBK
3.6573,3.6573,3.6573,3.6573,200,2021-04-19 18:55:00,FRBK
3.6573,3.66,3.64,3.64,743,2021-04-19 19:00:00,FRBK
3.65,3.65,3.6466,3.6466,900,2021-04-19 19:05:00,FRBK
3.66,3.66,3.66,3.66,200,2021-04-19 19:10:00,FRBK
3.66,3.66,3.65,3.65,1000,2021-04-19 19:15:00,FRBK
3.67,3.67,3.66,3.67,300,2021-04-19 19:20:00,FRBK
3.67,3.67,3.66,3.67,1000,2021-04-19 19:25:00,FRBK
3.665,3.67,3.665,3.67,220,2021-04-19 19:30:00,FRBK
3.6601,3.67,3.66,3.665,700,2021-04-19 19:35:00,FRBK
3.66,3.67,3.66,3.67,1440,2021-04-19 19:40:00,FRBK
3.66,3.67,3.65,3.66,1060,2021-04-19 19:45:00,FRBK
3.67,3.67,3.66,3.66,910,2021-04-19 19:50:00,FRBK
3.66,3.68,3.66,3.675,10378,2021-04-19 19:55:00,FRBK
3.67,3.67,3.67,3.67,18379,2021-04-19 20:00:00,FRBK
3.67,3.67,3.67,3.67,2734,2021-04-20 12:20:00,FRBK
3.67,3.67,3.67,3.67,666,2021-04-20 13:30:00,FRBK
3.65,3.65,3.64,3.64,600,2021-04-20 13:35:00,FRBK
3.63,3.64,3.62,3.64,2818,2021-04-20 13:40:00,FRBK
3.63,3.63,3.6,3.62,10871,2021-04-20 13:50:00,FRBK
3.62,3.64,3.62,3.63,2150,2021-04-20 13:55:00,FRBK
3.6356,3.64,3.63,3.636,1500,2021-04-20 14:00:00,FRBK
3.63,3.6417,3.63,3.6417,559,2021-04-20 14:05:00,FRBK
3.64,3.64,3.64,3.64,691,2021-04-20 14:10:00,FRBK
3.65,3.65,3.6339,3.6339,5370,2021-04-20 14:20:00,FRBK
3.63,3.64,3.63,3.64,800,2021-04-20 14:25:00,FRBK
3.64,3.64,3.63,3.63,1505,2021-04-20 14:30:00,FRBK
3.635,3.635,3.61,3.61,1761,2021-04-20 14:35:00,FRBK
3.61,3.615,3.61,3.615,400,2021-04-20 14:40:00,FRBK
3.615,3.615,3.5938,3.6,15286,2021-04-20 14:45:00,FRBK
3.61,3.61,3.59,3.59,7856,2021-04-20 14:50:00,FRBK
3.59,3.6,3.59,3.59,900,2021-04-20 14:55:00,FRBK
3.59,3.6,3.59,3.59,3814,2021-04-20 15:00:00,FRBK
3.595,3.6,3.58,3.58,8956,2021-04-20 15:05:00,FRBK
3.58,3.59,3.58,3.59,1701,2021-04-20 15:10:00,FRBK
3.58,3.58,3.58,3.58,100,2021-04-20 15:15:00,FRBK
3.58,3.585,3.58,3.585,2850,2021-04-20 15:20:00,FRBK
3.58,3.59,3.58,3.59,2885,2021-04-20 15:25:00,FRBK
3.59,3.6,3.59,3.59,500,2021-04-20 15:30:00,FRBK
3.59,3.59,3.59,3.59,100,2021-04-20 15:35:00,FRBK
3.58,3.58,3.58,3.58,200,2021-04-20 15:40:00,FRBK
3.595,3.6,3.595,3.5999,1000,2021-04-20 15:50:00,FRBK
3.6,3.6,3.59,3.59,500,2021-04-20 15:55:00,FRBK
3.59,3.59,3.59,3.59,200,2021-04-20 16:00:00,FRBK
3.5801,3.5801,3.5801,3.5801,100,2021-04-20 16:05:00,FRBK
3.59,3.59,3.59,3.59,100,2021-04-20 16:10:00,FRBK
3.585,3.585,3.585,3.585,100,2021-04-20 16:15:00,FRBK
3.585,3.585,3.58,3.585,2689,2021-04-20 16:25:00,FRBK
3.585,3.585,3.585,3.585,300,2021-04-20 16:30:00,FRBK
3.59,3.59,3.58,3.58,1150,2021-04-20 16:35:00,FRBK
3.58,3.58,3.56,3.58,3676,2021-04-20 16:40:00,FRBK
3.57,3.5795,3.57,3.57,300,2021-04-20 16:45:00,FRBK
3.57,3.57,3.57,3.57,417,2021-04-20 16:50:00,FRBK
3.56,3.57,3.56,3.56,700,2021-04-20 16:55:00,FRBK
3.55,3.57,3.55,3.57,2450,2021-04-20 17:00:00,FRBK
3.555,3.56,3.55,3.55,1805,2021-04-20 17:10:00,FRBK
3.56,3.565,3.558,3.56,3000,2021-04-20 17:15:00,FRBK
3.56,3.56,3.5589,3.5589,3100,2021-04-20 17:20:00,FRBK
3.56,3.565,3.56,3.56,1303,2021-04-20 17:25:00,FRBK
3.565,3.565,3.56,3.56,475,2021-04-20 17:30:00,FRBK
3.55,3.555,3.55,3.55,671,2021-04-20 17:35:00,FRBK
3.55,3.5544,3.55,3.5544,1425,2021-04-20 17:40:00,FRBK
3.555,3.555,3.555,3.555,320,2021-04-20 17:50:00,FRBK
3.55,3.55,3.55,3.55,400,2021-04-20 17:55:00,FRBK
3.55,3.5599,3.55,3.55,8663,2021-04-20 18:05:00,FRBK
3.55,3.55,3.55,3.55,200,2021-04-20 18:10:00,FRBK
3.55,3.55,3.55,3.55,100,2021-04-20 18:15:00,FRBK
3.55,3.55,3.52,3.52,1644,2021-04-20 18:20:00,FRBK
3.52,3.53,3.5,3.529,5352,2021-04-20 18:25:00,FRBK
3.5,3.5039,3.5,3.5039,2600,2021-04-20 18:30:00,FRBK
3.5,3.515,3.5,3.515,344,2021-04-20 18:35:00,FRBK
3.515,3.515,3.515,3.515,344,2021-04-20 18:40:00,FRBK
3.5,3.5199,3.5,3.5199,400,2021-04-20 18:45:00,FRBK
3.51,3.51,3.5,3.51,600,2021-04-20 18:50:00,FRBK
3.5,3.51,3.47,3.475,29026,2021-04-20 18:55:00,FRBK
3.4601,3.49,3.4601,3.49,1100,2021-04-20 19:00:00,FRBK
3.48,3.49,3.48,3.49,2900,2021-04-20 19:05:00,FRBK
3.49,3.49,3.49,3.49,620,2021-04-20 19:10:00,FRBK
3.48,3.49,3.48,3.49,300,2021-04-20 19:15:00,FRBK
3.5,3.5084,3.5,3.5,4237,2021-04-20 19:20:00,FRBK
3.5099,3.5099,3.5099,3.5099,970,2021-04-20 19:25:00,FRBK
3.51,3.52,3.505,3.52,2400,2021-04-20 19:30:00,FRBK
3.53,3.55,3.53,3.55,2200,2021-04-20 19:35:00,FRBK
3.55,3.57,3.535,3.5615,2330,2021-04-20 19:40:00,FRBK
3.57,3.58,3.54,3.58,7500,2021-04-20 19:45:00,FRBK
3.57,3.59,3.565,3.57,11220,2021-04-20 19:50:00,FRBK
3.57,3.59,3.56,3.57,24169,2021-04-20 19:55:00,FRBK
3.57,3.57,3.57,3.57,34421,2021-04-20 20:00:00,FRBK
3.57,3.57,3.57,3.57,7046,2021-04-21 12:50:00,FRBK
3.56,3.6155,3.56,3.6155,300,2021-04-21 13:30:00,FRBK
3.59,3.59,3.59,3.59,600,2021-04-21 13:35:00,FRBK
3.61,3.61,3.6,3.6,400,2021-04-21 13:50:00,FRBK
3.6,3.6,3.59,3.59,2651,2021-04-21 13:55:00,FRBK
3.6,3.6,3.58,3.58,7136,2021-04-21 14:00:00,FRBK
3.58,3.6,3.58,3.6,1196,2021-04-21 14:05:00,FRBK
3.59,3.5973,3.5873,3.59,1000,2021-04-21 14:10:00,FRBK
3.59,3.5973,3.58,3.59,2912,2021-04-21 14:15:00,FRBK
3.59,3.59,3.58,3.585,1200,2021-04-21 14:20:00,FRBK
3.58,3.59,3.58,3.59,3512,2021-04-21 14:25:00,FRBK
3.59,3.59,3.58,3.585,1300,2021-04-21 14:30:00,FRBK
3.58,3.588,3.58,3.588,200,2021-04-21 14:35:00,FRBK
3.59,3.59,3.585,3.59,1103,2021-04-21 14:40:00,FRBK
3.6,3.62,3.6,3.615,1284,2021-04-21 14:45:00,FRBK
3.6117,3.615,3.61,3.61,500,2021-04-21 14:50:00,FRBK
3.61,3.61,3.61,3.61,300,2021-04-21 15:00:00,FRBK
3.61,3.615,3.61,3.61,400,2021-04-21 15:05:00,FRBK
3.6,3.6,3.58,3.58,1500,2021-04-21 15:15:00,FRBK
3.6,3.6,3.59,3.6,1243,2021-04-21 15:40:00,FRBK
3.609,3.609,3.609,3.609,440,2021-04-21 15:45:00,FRBK
3.6,3.61,3.6,3.61,792,2021-04-21 15:50:00,FRBK
3.61,3.61,3.61,3.61,1413,2021-04-21 15:55:00,FRBK
3.6173,3.6173,3.6173,3.6173,200,2021-04-21 16:00:00,FRBK
3.6173,3.6173,3.6173,3.6173,200,2021-04-21 16:05:00,FRBK
3.6,3.6,3.6,3.6,300,2021-04-21 16:30:00,FRBK
3.61,3.62,3.6,3.61,2622,2021-04-21 17:00:00,FRBK
3.61,3.62,3.61,3.62,9650,2021-04-21 17:05:00,FRBK
3.62,3.62,3.62,3.62,102,2021-04-21 17:10:00,FRBK
3.63,3.63,3.63,3.63,600,2021-04-21 17:15:00,FRBK
3.63,3.64,3.62,3.62,1000,2021-04-21 17:20:00,FRBK
3.63,3.64,3.62,3.63,2200,2021-04-21 17:25:00,FRBK
3.63,3.63,3.63,3.63,200,2021-04-21 17:30:00,FRBK
3.63,3.64,3.63,3.63,881,2021-04-21 17:35:00,FRBK
3.6373,3.64,3.635,3.635,381,2021-04-21 17:40:00,FRBK
3.63,3.635,3.63,3.635,200,2021-04-21 17:45:00,FRBK
3.64,3.64,3.635,3.64,1500,2021-04-21 17:50:00,FRBK
3.63,3.63,3.63,3.63,100,2021-04-21 18:00:00,FRBK
3.64,3.64,3.64,3.64,482,2021-04-21 18:05:00,FRBK
3.64,3.64,3.63,3.64,2119,2021-04-21 18:10:00,FRBK
3.64,3.65,3.64,3.6473,506,2021-04-21 18:15:00,FRBK
3.64,3.65,3.64,3.64,2200,2021-04-21 18:25:00,FRBK
3.65,3.65,3.6373,3.6373,11027,2021-04-21 18:30:00,FRBK
3.63,3.64,3.62,3.63,16967,2021-04-21 18:35:00,FRBK
3.62,3.63,3.62,3.62,8609,2021-04-21 18:40:00,FRBK
3.63,3.64,3.6273,3.64,4842,2021-04-21 18:45:00,FRBK
3.63,3.64,3.63,3.63,3900,2021-04-21 18:50:00,FRBK
3.64,3.64,3.63,3.63,1115,2021-04-21 18:55:00,FRBK
3.64,3.64,3.63,3.64,2026,2021-04-21 19:00:00,FRBK
3.635,3.64,3.62,3.64,10921,2021-04-21 19:05:00,FRBK
3.64,3.645,3.64,3.6405,3000,2021-04-21 19:10:00,FRBK
3.63,3.635,3.625,3.63,16118,2021-04-21 19:15:00,FRBK
3.63,3.63,3.625,3.625,1245,2021-04-21 19:20:00,FRBK
3.62,3.62,3.615,3.615,2100,2021-04-21 19:25:00,FRBK
3.61,3.64,3.61,3.63,18498,2021-04-21 19:30:00,FRBK
3.63,3.64,3.62,3.62,22600,2021-04-21 19:35:00,FRBK
3.62,3.63,3.62,3.62,11019,2021-04-21 19:40:00,FRBK
3.62,3.65,3.62,3.63,12854,2021-04-21 19:45:00,FRBK
3.63,3.65,3.62,3.63,8109,2021-04-21 19:50:00,FRBK
3.63,3.64,3.62,3.64,22710,2021-04-21 19:55:00,FRBK
3.64,3.64,3.64,3.64,22663,2021-04-21 20:00:00,FRBK
3.69,3.765,3.69,3.765,1429,2021-04-22 13:30:00,FRBK
3.72,3.72,3.63,3.63,2251,2021-04-22 13:35:00,FRBK
3.66,3.72,3.63,3.72,10113,2021-04-22 13:40:00,FRBK
3.7199,3.7199,3.69,3.69,8500,2021-04-22 13:45:00,FRBK
3.73,3.73,3.695,3.73,900,2021-04-22 13:50:00,FRBK
3.695,3.696,3.685,3.685,700,2021-04-22 13:55:00,FRBK
3.67,3.67,3.67,3.67,100,2021-04-22 14:05:00,FRBK
3.7,3.72,3.7,3.716,1148,2021-04-22 14:10:00,FRBK
3.72,3.72,3.7,3.7,2900,2021-04-22 14:15:00,FRBK
3.721,3.75,3.715,3.73,1691,2021-04-22 14:20:00,FRBK
3.75,3.75,3.73,3.73,300,2021-04-22 14:25:00,FRBK
3.7,3.7,3.7,3.7,600,2021-04-22 14:30:00,FRBK
3.72,3.72,3.715,3.715,600,2021-04-22 14:40:00,FRBK
3.71,3.72,3.7,3.706,1199,2021-04-22 14:50:00,FRBK
3.71,3.71,3.67,3.67,3599,2021-04-22 14:55:00,FRBK
3.67,3.69,3.67,3.69,1761,2021-04-22 15:00:00,FRBK
3.7,3.7,3.69,3.69,500,2021-04-22 15:05:00,FRBK
3.68,3.68,3.68,3.68,100,2021-04-22 15:15:00,FRBK
3.6815,3.69,3.6807,3.69,1167,2021-04-22 15:20:00,FRBK
3.68,3.68,3.68,3.68,300,2021-04-22 15:30:00,FRBK
3.68,3.68,3.68,3.68,200,2021-04-22 15:35:00,FRBK
3.67,3.67,3.67,3.67,100,2021-04-22 15:45:00,FRBK
3.69,3.69,3.67,3.67,524,2021-04-22 15:55:00,FRBK
3.67,3.67,3.67,3.67,200,2021-04-22 16:00:00,FRBK
3.67,3.67,3.645,3.645,9326,2021-04-22 16:10:00,FRBK
3.645,3.65,3.63,3.645,1821,2021-04-22 16:15:00,FRBK
3.645,3.645,3.645,3.645,392,2021-04-22 16:20:00,FRBK
3.645,3.645,3.64,3.64,846,2021-04-22 16:25:00,FRBK
3.64,3.645,3.64,3.645,200,2021-04-22 16:30:00,FRBK
3.64,3.64,3.64,3.64,100,2021-04-22 16:35:00,FRBK
3.64,3.64,3.63,3.63,900,2021-04-22 16:40:00,FRBK
3.63,3.64,3.63,3.64,200,2021-04-22 16:45:00,FRBK
3.64,3.64,3.64,3.64,500,2021-04-22 16:55:00,FRBK
3.64,3.645,3.63,3.63,1792,2021-04-22 17:00:00,FRBK
3.62,3.62,3.59,3.59,1415,2021-04-22 17:05:00,FRBK
3.58,3.59,3.57,3.59,8035,2021-04-22 17:10:00,FRBK
3.585,3.61,3.585,3.6,4011,2021-04-22 17:15:00,FRBK
3.5999,3.6,3.59,3.6,2400,2021-04-22 17:20:00,FRBK
3.605,3.62,3.605,3.62,584,2021-04-22 17:25:00,FRBK
3.615,3.615,3.615,3.615,100,2021-04-22 17:30:00,FRBK
3.61,3.615,3.61,3.61,2075,2021-04-22 17:35:00,FRBK
3.615,3.615,3.59,3.59,600,2021-04-22 17:40:00,FRBK
3.59,3.6,3.575,3.575,674,2021-04-22 17:45:00,FRBK
3.565,3.565,3.56,3.56,200,2021-04-22 17:50:00,FRBK
3.56,3.56,3.55,3.56,600,2021-04-22 17:55:00,FRBK
3.55,3.56,3.55,3.555,3853,2021-04-22 18:00:00,FRBK
3.54,3.55,3.54,3.545,900,2021-04-22 18:05:00,FRBK
3.54,3.54,3.54,3.54,100,2021-04-22 18:10:00,FRBK
3.55,3.56,3.54,3.55,1151,2021-04-22 18:15:00,FRBK
3.5499,3.56,3.54,3.56,1700,2021-04-22 18:25:00,FRBK
3.56,3.56,3.555,3.555,400,2021-04-22 18:30:00,FRBK
3.54,3.555,3.54,3.54,500,2021-04-22 18:35:00,FRBK
3.545,3.55,3.545,3.55,578,2021-04-22 18:40:00,FRBK
3.55,3.56,3.54,3.54,4000,2021-04-22 18:45:00,FRBK
3.54,3.55,3.53,3.53,1308,2021-04-22 18:50:00,FRBK
3.53,3.55,3.53,3.5396,1309,2021-04-22 18:55:00,FRBK
3.53,3.55,3.53,3.54,1105,2021-04-22 19:00:00,FRBK
3.53,3.54,3.52,3.53,3401,2021-04-22 19:05:00,FRBK
3.525,3.525,3.525,3.525,100,2021-04-22 19:10:00,FRBK
3.52,3.525,3.51,3.52,800,2021-04-22 19:15:00,FRBK
3.51,3.52,3.51,3.515,1210,2021-04-22 19:20:00,FRBK
3.515,3.5436,3.515,3.54,2706,2021-04-22 19:25:00,FRBK
3.53,3.54,3.53,3.54,300,2021-04-22 19:30:00,FRBK
3.535,3.54,3.53,3.535,1100,2021-04-22 19:35:00,FRBK
3.535,3.55,3.53,3.55,1100,2021-04-22 19:40:00,FRBK
3.55,3.56,3.54,3.545,1409,2021-04-22 19:45:00,FRBK
3.545,3.555,3.545,3.55,1806,2021-04-22 19:50:00,FRBK
3.555,3.555,3.53,3.53,8479,2021-04-22 19:55:00,FRBK
3.54,3.54,3.54,3.54,8238,2021-04-22 20:00:00,FRBK
3.5765,3.5765,3.5765,3.5765,500,2021-04-22 21:10:00,FRBK
3.54,3.54,3.54,3.54,100,2021-04-22 23:35:00,FRBK
3.57,3.63,3.57,3.63,7140,2021-04-23 13:30:00,FRBK
3.6699,3.716,3.6501,3.716,23511,2021-04-23 13:35:00,FRBK
3.71,3.76,3.7,3.75,13112,2021-04-23 13:40:00,FRBK
3.7445,3.78,3.7445,3.76,1600,2021-04-23 13:45:00,FRBK
3.74,3.7799,3.74,3.76,4133,2021-04-23 13:50:00,FRBK
3.78,3.83,3.765,3.81,13478,2021-04-23 13:55:00,FRBK
3.805,3.81,3.795,3.7997,5598,2021-04-23 14:00:00,FRBK
3.81,3.86,3.81,3.82,9157,2021-04-23 14:05:00,FRBK
3.83,3.85,3.82,3.83,5626,2021-04-23 14:10:00,FRBK
3.83,3.83,3.81,3.82,2859,2021-04-23 14:15:00,FRBK
3.82,3.8399,3.82,3.82,17540,2021-04-23 14:20:00,FRBK
3.82,3.85,3.82,3.84,11700,2021-04-23 14:25:00,FRBK
3.84,3.85,3.84,3.85,4890,2021-04-23 14:30:00,FRBK
3.85,3.85,3.84,3.84,11945,2021-04-23 14:35:00,FRBK
3.83,3.83,3.8282,3.83,600,2021-04-23 14:40:00,FRBK
3.82,3.85,3.82,3.85,2682,2021-04-23 14:45:00,FRBK
3.85,3.85,3.84,3.84,4200,2021-04-23 14:50:00,FRBK
3.85,3.85,3.84,3.85,3200,2021-04-23 14:55:00,FRBK
3.85,3.87,3.85,3.86,13868,2021-04-23 15:00:00,FRBK
3.85,3.87,3.85,3.87,1497,2021-04-23 15:05:00,FRBK
3.87,3.87,3.8601,3.87,912,2021-04-23 15:10:00,FRBK
3.865,3.9,3.865,3.89,7368,2021-04-23 15:15:00,FRBK
3.9,3.9,3.89,3.9,5099,2021-04-23 15:20:00,FRBK
3.89,3.895,3.885,3.885,1800,2021-04-23 15:25:00,FRBK
3.88,3.88,3.87,3.875,3942,2021-04-23 15:30:00,FRBK
3.875,3.9,3.875,3.9,1300,2021-04-23 15:35:00,FRBK
3.8973,3.9,3.895,3.9,400,2021-04-23 15:40:00,FRBK
3.895,3.895,3.8824,3.895,4000,2021-04-23 15:45:00,FRBK
3.9,3.93,3.895,3.92,12963,2021-04-23 15:50:00,FRBK
3.929,3.94,3.929,3.9365,6105,2021-04-23 15:55:00,FRBK
3.94,3.94,3.94,3.94,1100,2021-04-23 16:00:00,FRBK
3.94,3.94,3.9383,3.94,1000,2021-04-23 16:05:00,FRBK
3.94,3.94,3.93,3.9365,5769,2021-04-23 16:10:00,FRBK
3.94,3.99,3.93,3.99,23822,2021-04-23 16:15:00,FRBK
3.99,3.99,3.97,3.97,19810,2021-04-23 16:20:00,FRBK
3.98,3.99,3.96,3.99,15212,2021-04-23 16:25:00,FRBK
3.99,3.99,3.99,3.99,2519,2021-04-23 16:30:00,FRBK
3.99,4.0,3.98,4.0,15176,2021-04-23 16:35:00,FRBK
4.0,4.0,3.98,3.995,2786,2021-04-23 16:40:00,FRBK
4.0,4.0,3.98,3.98,2110,2021-04-23 16:45:00,FRBK
3.99,4.01,3.99,4.0,11300,2021-04-23 16:50:00,FRBK
4.01,4.01,3.9901,4.0,7133,2021-04-23 16:55:00,FRBK
4.0,4.01,3.995,4.0,9466,2021-04-23 17:00:00,FRBK
4.0,4.0,3.99,4.0,2632,2021-04-23 17:05:00,FRBK
4.0,4.01,3.99,4.01,17350,2021-04-23 17:10:00,FRBK
4.01,4.02,4.0,4.0199,20338,2021-04-23 17:15:00,FRBK
4.01,4.03,4.01,4.03,9200,2021-04-23 17:20:00,FRBK
4.03,4.03,4.02,4.02,500,2021-04-23 17:25:00,FRBK
4.025,4.025,3.99,4.0,9990,2021-04-23 17:30:00,FRBK
3.99,4.0,3.98,4.0,15190,2021-04-23 17:35:00,FRBK
4.0,4.0,3.99,4.0,12538,2021-04-23 17:40:00,FRBK
4.0,4.01,4.0,4.01,1837,2021-04-23 17:45:00,FRBK
4.0,4.0,3.97,3.97,3477,2021-04-23 17:50:00,FRBK
3.98,3.98,3.97,3.98,4994,2021-04-23 17:55:00,FRBK
3.975,3.98,3.97,3.98,1642,2021-04-23 18:00:00,FRBK
3.98,3.99,3.97,3.98,10119,2021-04-23 18:05:00,FRBK
3.985,3.99,3.985,3.99,1300,2021-04-23 18:10:00,FRBK
3.99,4.01,3.99,4.01,5657,2021-04-23 18:15:00,FRBK
4.015,4.02,4.01,4.015,1200,2021-04-23 18:20:00,FRBK
4.01,4.01,3.99,4.0,3400,2021-04-23 18:25:00,FRBK
3.99,4.0,3.99,4.0,4100,2021-04-23 18:30:00,FRBK
4.005,4.005,4.0,4.0,1600,2021-04-23 18:35:00,FRBK
4.0,4.005,4.0,4.0,424,2021-04-23 18:40:00,FRBK
4.0,4.005,4.0,4.005,2286,2021-04-23 18:45:00,FRBK
4.0,4.01,4.0,4.01,13199,2021-04-23 18:50:00,FRBK
4.01,4.01,4.01,4.01,4574,2021-04-23 18:55:00,FRBK
4.01,4.015,4.005,4.005,1499,2021-04-23 19:00:00,FRBK
4.01,4.01,4.0,4.0,2600,2021-04-23 19:05:00,FRBK
4.005,4.0099,4.0,4.005,1018,2021-04-23 19:10:00,FRBK
4.01,4.01,4.005,4.005,1800,2021-04-23 19:15:00,FRBK
4.005,4.01,4.0,4.005,1802,2021-04-23 19:20:00,FRBK
4.01,4.01,3.99,3.995,8100,2021-04-23 19:25:00,FRBK
4.0,4.0,3.99,3.995,13820,2021-04-23 19:30:00,FRBK
3.9987,4.01,3.995,4.01,5148,2021-04-23 19:35:00,FRBK
4.002,4.01,4.0,4.005,5400,2021-04-23 19:40:00,FRBK
4.0,4.01,3.995,4.0,26222,2021-04-23 19:45:00,FRBK
4.0,4.015,4.0,4.01,6832,2021-04-23 19:50:00,FRBK
4.01,4.02,4.0,4.0,10137,2021-04-23 19:55:00,FRBK
3.99,3.99,3.99,3.99,24357,2021-04-23 20:00:00,FRBK
4.3084,4.3084,4.3084,4.3084,250,2021-04-26 12:50:00,FRBK
4.12,4.12,4.07,4.09,16400,2021-04-26 13:30:00,FRBK
4.0965,4.2299,4.09,4.18,39258,2021-04-26 13:35:00,FRBK
4.18,4.1854,4.165,4.165,1750,2021-04-26 13:40:00,FRBK
4.17,4.179,4.15,4.16,6914,2021-04-26 13:45:00,FRBK
4.165,4.23,4.16,4.215,8719,2021-04-26 13:50:00,FRBK
4.2,4.22,4.19,4.215,8831,2021-04-26 13:55:00,FRBK
4.215,4.215,4.2,4.2,3050,2021-04-26 14:00:00,FRBK
4.2,4.2,4.17,4.17,5402,2021-04-26 14:05:00,FRBK
4.17,4.17,4.16,4.16,2547,2021-04-26 14:10:00,FRBK
4.17,4.17,4.16,4.17,1500,2021-04-26 14:15:00,FRBK
4.155,4.155,4.12,4.12,7366,2021-04-26 14:20:00,FRBK
4.12,4.13,4.09,4.11,13778,2021-04-26 14:25:00,FRBK
4.1001,4.125,4.1001,4.125,2385,2021-04-26 14:30:00,FRBK
4.12,4.14,4.12,4.135,2663,2021-04-26 14:35:00,FRBK
4.135,4.14,4.13,4.13,617,2021-04-26 14:40:00,FRBK
4.1319,4.135,4.13,4.13,1418,2021-04-26 14:45:00,FRBK
4.14,4.14,4.13,4.13,1040,2021-04-26 14:50:00,FRBK
4.14,4.155,4.14,4.155,1656,2021-04-26 14:55:00,FRBK
4.155,4.18,4.155,4.175,6979,2021-04-26 15:00:00,FRBK
4.18,4.18,4.17,4.175,3700,2021-04-26 15:05:00,FRBK
4.1799,4.19,4.175,4.18,9597,2021-04-26 15:10:00,FRBK
4.19,4.19,4.18,4.18,3000,2021-04-26 15:15:00,FRBK
4.18,4.18,4.17,4.17,205,2021-04-26 15:20:00,FRBK
4.1857,4.19,4.1834,4.19,13620,2021-04-26 15:25:00,FRBK
4.19,4.19,4.1801,4.19,5121,2021-04-26 15:30:00,FRBK
4.185,4.19,4.182,4.19,1006,2021-04-26 15:35:00,FRBK
4.19,4.21,4.19,4.2,9282,2021-04-26 15:40:00,FRBK
4.219,4.23,4.2,4.23,8230,2021-04-26 15:45:00,FRBK
4.21,4.21,4.205,4.21,847,2021-04-26 15:50:00,FRBK
4.2,4.21,4.2,4.21,1900,2021-04-26 15:55:00,FRBK
4.21,4.21,4.205,4.2058,1160,2021-04-26 16:00:00,FRBK
4.205,4.205,4.205,4.205,100,2021-04-26 16:05:00,FRBK
4.2088,4.21,4.2,4.2,8650,2021-04-26 16:10:00,FRBK
4.2,4.2,4.19,4.193,9913,2021-04-26 16:15:00,FRBK
4.19,4.2,4.19,4.2,800,2021-04-26 16:20:00,FRBK
4.19,4.2,4.19,4.2,300,2021-04-26 16:25:00,FRBK
4.19,4.2,4.19,4.195,600,2021-04-26 16:30:00,FRBK
4.2,4.2,4.19,4.19,3400,2021-04-26 16:35:00,FRBK
4.18,4.18,4.18,4.18,100,2021-04-26 16:40:00,FRBK
4.18,4.18,4.16,4.16,10200,2021-04-26 16:45:00,FRBK
4.16,4.16,4.145,4.145,4384,2021-04-26 16:50:00,FRBK
4.14,4.14,4.125,4.13,2609,2021-04-26 16:55:00,FRBK
4.13,4.1585,4.12,4.15,27005,2021-04-26 17:00:00,FRBK
4.16,4.19,4.16,4.19,12502,2021-04-26 17:05:00,FRBK
4.18,4.19,4.17,4.17,32839,2021-04-26 17:10:00,FRBK
4.17,4.18,4.17,4.175,2095,2021-04-26 17:15:00,FRBK
4.17,4.17,4.165,4.17,1000,2021-04-26 17:20:00,FRBK
4.16,4.16,4.135,4.135,3221,2021-04-26 17:25:00,FRBK
4.13,4.135,4.13,4.135,300,2021-04-26 17:30:00,FRBK
4.13,4.135,4.13,4.135,900,2021-04-26 17:35:00,FRBK
4.13,4.14,4.13,4.1346,7272,2021-04-26 17:40:00,FRBK
4.14,4.14,4.1301,4.14,4800,2021-04-26 17:45:00,FRBK
4.14,4.14,4.14,4.14,200,2021-04-26 17:50:00,FRBK
4.135,4.14,4.135,4.14,200,2021-04-26 17:55:00,FRBK
4.13,4.135,4.13,4.135,300,2021-04-26 18:00:00,FRBK
4.14,4.14,4.12,4.12,2800,2021-04-26 18:05:00,FRBK
4.12,4.12,4.11,4.12,2100,2021-04-26 18:15:00,FRBK
4.11,4.13,4.11,4.13,400,2021-04-26 18:20:00,FRBK
4.11,4.11,4.11,4.11,200,2021-04-26 18:25:00,FRBK
4.13,4.13,4.11,4.12,700,2021-04-26 18:30:00,FRBK
4.11,4.12,4.11,4.12,1900,2021-04-26 18:35:00,FRBK
4.12,4.12,4.105,4.105,3241,2021-04-26 18:40:00,FRBK
4.1,4.1,4.1,4.1,100,2021-04-26 18:45:00,FRBK
4.1,4.11,4.1,4.105,3931,2021-04-26 18:50:00,FRBK
4.11,4.11,4.105,4.105,2034,2021-04-26 18:55:00,FRBK
4.11,4.11,4.105,4.11,1229,2021-04-26 19:00:00,FRBK
4.11,4.11,4.1,4.1097,700,2021-04-26 19:05:00,FRBK
4.1,4.105,4.1,4.105,900,2021-04-26 19:10:00,FRBK
4.11,4.14,4.105,4.14,2400,2021-04-26 19:15:00,FRBK
4.14,4.14,4.135,4.14,1279,2021-04-26 19:20:00,FRBK
4.135,4.14,4.135,4.14,1500,2021-04-26 19:25:00,FRBK
4.13,4.135,4.12,4.125,10681,2021-04-26 19:30:00,FRBK
4.125,4.125,4.11,4.11,3083,2021-04-26 19:35:00,FRBK
4.115,4.115,4.08,4.095,15253,2021-04-26 19:40:00,FRBK
4.09,4.1,4.09,4.1,4461,2021-04-26 19:45:00,FRBK
4.1,4.11,4.1,4.105,4167,2021-04-26 19:50:00,FRBK
4.11,4.12,4.1,4.1,10988,2021-04-26 19:55:00,FRBK
4.11,4.11,4.11,4.11,20926,2021-04-26 20:00:00,FRBK
4.11,4.11,4.11,4.11,153,2021-04-27 11:55:00,FRBK
4.13,4.17,4.13,4.15,3084,2021-04-27 13:30:00,FRBK
4.12,4.13,4.1065,4.125,4179,2021-04-27 13:35:00,FRBK
4.12,4.12,4.03,4.06,10875,2021-04-27 13:40:00,FRBK
4.0521,4.055,4.04,4.05,956,2021-04-27 13:45:00,FRBK
4.07,4.09,4.07,4.09,1100,2021-04-27 13:50:00,FRBK
4.08,4.09,4.08,4.0877,5068,2021-04-27 13:55:00,FRBK
4.0836,4.0836,4.06,4.06,2185,2021-04-27 14:00:00,FRBK
4.06,4.07,4.06,4.07,300,2021-04-27 14:05:00,FRBK
4.06,4.07,4.06,4.06,3562,2021-04-27 14:10:00,FRBK
4.06,4.065,4.06,4.06,400,2021-04-27 14:15:00,FRBK
4.06,4.0633,4.04,4.04,3221,2021-04-27 14:20:00,FRBK
4.04,4.045,4.04,4.045,400,2021-04-27 14:25:00,FRBK
4.04,4.045,4.04,4.045,900,2021-04-27 14:30:00,FRBK
4.05,4.05,4.04,4.04,400,2021-04-27 14:35:00,FRBK
4.035,4.04,4.035,4.04,2495,2021-04-27 14:40:00,FRBK
4.035,4.04,4.03,4.03,8554,2021-04-27 14:45:00,FRBK
4.025,4.03,4.02,4.03,4700,2021-04-27 14:50:00,FRBK
4.02,4.0286,4.02,4.02,1400,2021-04-27 14:55:00,FRBK
4.02,4.025,4.02,4.025,700,2021-04-27 15:00:00,FRBK
4.02,4.03,4.02,4.02,1600,2021-04-27 15:05:00,FRBK
4.025,4.025,4.02,4.02,300,2021-04-27 15:10:00,FRBK
4.02,4.02,4.015,4.02,1334,2021-04-27 15:15:00,FRBK
4.0184,4.0184,4.0,4.0,2727,2021-04-27 15:20:00,FRBK
4.01,4.01,4.0,4.01,2000,2021-04-27 15:25:00,FRBK
4.01,4.01,4.01,4.01,100,2021-04-27 15:30:00,FRBK
4.01,4.01,3.995,4.0,2900,2021-04-27 15:35:00,FRBK
3.9999,4.0,3.99,3.995,800,2021-04-27 15:40:00,FRBK
3.995,4.0,3.98,3.9875,10805,2021-04-27 15:45:00,FRBK
3.985,4.03,3.985,4.02,4000,2021-04-27 15:50:00,FRBK
4.015,4.035,4.015,4.035,300,2021-04-27 15:55:00,FRBK
4.03,4.03,4.03,4.03,300,2021-04-27 16:00:00,FRBK
4.04,4.04,4.025,4.025,400,2021-04-27 16:05:00,FRBK
4.03,4.04,4.02,4.02,300,2021-04-27 16:10:00,FRBK
4.04,4.04,4.02,4.03,1400,2021-04-27 16:15:00,FRBK
4.03,4.03,4.02,4.03,324,2021-04-27 16:20:00,FRBK
4.025,4.025,4.02,4.02,700,2021-04-27 16:25:00,FRBK
4.02,4.02,4.0,4.0,2698,2021-04-27 16:30:00,FRBK
4.0,4.0,4.0,4.0,500,2021-04-27 16:35:00,FRBK
4.0,4.01,3.99,3.995,3280,2021-04-27 16:40:00,FRBK
4.0,4.0,4.0,4.0,600,2021-04-27 16:45:00,FRBK
4.0,4.0,3.995,4.0,500,2021-04-27 16:50:00,FRBK
3.995,4.0,3.995,4.0,200,2021-04-27 16:55:00,FRBK
3.995,4.0,3.99,4.0,1948,2021-04-27 17:00:00,FRBK
4.0,4.0,4.0,4.0,348,2021-04-27 17:05:00,FRBK
4.0,4.0,3.99,4.0,800,2021-04-27 17:10:00,FRBK
4.0,4.0,3.99,3.99,1300,2021-04-27 17:15:00,FRBK
3.98,4.0,3.98,3.98,400,2021-04-27 17:20:00,FRBK
3.9975,4.0,3.99,4.0,300,2021-04-27 17:25:00,FRBK
3.98,4.0,3.98,3.995,3221,2021-04-27 17:30:00,FRBK
4.0,4.0,3.99,3.99,200,2021-04-27 17:35:00,FRBK
3.9975,4.01,3.99,4.01,1364,2021-04-27 17:40:00,FRBK
4.005,4.01,4.005,4.01,200,2021-04-27 17:45:00,FRBK
4.005,4.005,4.005,4.005,100,2021-04-27 17:50:00,FRBK
4.0,4.0,3.995,4.0,5331,2021-04-27 17:55:00,FRBK
4.0,4.01,4.0,4.005,900,2021-04-27 18:00:00,FRBK
4.0,4.0,3.995,4.0,4046,2021-04-27 18:05:00,FRBK
4.0,4.0,3.995,4.0,1129,2021-04-27 18:10:00,FRBK
4.0,4.0,3.99,4.0,925,2021-04-27 18:15:00,FRBK
3.99,4.01,3.99,4.0,2393,2021-04-27 18:20:00,FRBK
4.01,4.01,4.01,4.01,100,2021-04-27 18:25:00,FRBK
4.0,4.01,4.0,4.01,300,2021-04-27 18:30:00,FRBK
4.005,4.0085,4.0,4.005,3288,2021-04-27 18:35:00,FRBK
4.0,4.009,4.0,4.0,3475,2021-04-27 18:40:00,FRBK
3.995,4.01,3.995,4.01,12660,2021-04-27 18:45:00,FRBK
4.015,4.015,4.01,4.015,423,2021-04-27 18:50:00,FRBK
4.01,4.01,4.0,4.0,7360,2021-04-27 18:55:00,FRBK
4.0,4.0,3.995,3.995,15207,2021-04-27 19:00:00,FRBK
3.99,4.0,3.99,3.99,2100,2021-04-27 19:05:00,FRBK
3.995,3.995,3.99,3.99,500,2021-04-27 19:10:00,FRBK
3.995,3.995,3.99,3.99,500,2021-04-27 19:15:00,FRBK
3.995,3.995,3.99,3.995,1438,2021-04-27 19:20:00,FRBK
3.995,3.995,3.985,3.99,10082,2021-04-27 19:25:00,FRBK
3.99,4.0,3.98,4.0,4579,2021-04-27 19:30:00,FRBK
4.005,4.005,3.995,4.0,13069,2021-04-27 19:35:00,FRBK
4.01,4.02,4.0,4.01,3255,2021-04-27 19:40:00,FRBK
4.005,4.01,4.0,4.0,7532,2021-04-27 19:45:00,FRBK
4.005,4.015,4.0,4.01,7003,2021-04-27 19:50:00,FRBK
4.01,4.02,4.0,4.01,5756,2021-04-27 19:55:00,FRBK
4.01,4.01,4.01,4.01,22604,2021-04-27 20:00:00,FRBK
4.01,4.01,3.96,3.96,1604,2021-04-28 13:30:00,FRBK
3.96,4.007,3.96,4.0,1500,2021-04-28 13:35:00,FRBK
4.0,4.0,3.96,4.0,300,2021-04-28 13:40:00,FRBK
4.0,4.0,3.96,3.99,1200,2021-04-28 13:45:00,FRBK
3.99,3.99,3.975,3.975,1000,2021-04-28 13:50:00,FRBK
3.975,4.01,3.975,4.01,4200,2021-04-28 13:55:00,FRBK
4.0,4.0,4.0,4.0,2700,2021-04-28 14:00:00,FRBK
4.0,4.0,3.9975,4.0,1000,2021-04-28 14:05:00,FRBK
4.01,4.02,4.01,4.015,3410,2021-04-28 14:10:00,FRBK
4.005,4.005,3.995,3.995,2100,2021-04-28 14:15:00,FRBK
3.98,4.0,3.98,3.995,1400,2021-04-28 14:20:00,FRBK
3.9975,4.0,3.97,4.0,1885,2021-04-28 14:25:00,FRBK
4.0,4.0,3.9925,3.9925,200,2021-04-28 14:30:00,FRBK
3.98,4.0,3.975,3.99,3100,2021-04-28 14:35:00,FRBK
3.9905,4.0,3.9905,4.0,600,2021-04-28 14:40:00,FRBK
3.995,4.0,3.99,3.99,3300,2021-04-28 14:45:00,FRBK
3.995,4.0,3.98,4.0,900,2021-04-28 14:50:00,FRBK
3.99,3.99,3.98,3.9875,600,2021-04-28 14:55:00,FRBK
3.99,3.99,3.975,3.9775,2100,2021-04-28 15:00:00,FRBK
3.9775,3.98,3.9775,3.9775,400,2021-04-28 15:05:00,FRBK
3.97,3.98,3.97,3.98,600,2021-04-28 15:10:00,FRBK
3.9775,3.98,3.96,3.975,11500,2021-04-28 15:15:00,FRBK
3.98,3.98,3.96,3.97,700,2021-04-28 15:20:00,FRBK
3.9675,3.97,3.96,3.965,1000,2021-04-28 15:25:00,FRBK
3.97,3.97,3.9601,3.97,500,2021-04-28 15:30:00,FRBK
3.97,4.0,3.96,3.99,7041,2021-04-28 15:35:00,FRBK
3.98,3.99,3.98,3.99,3139,2021-04-28 15:40:00,FRBK
3.9875,3.99,3.975,3.99,1000,2021-04-28 15:45:00,FRBK
3.98,3.98,3.97,3.98,600,2021-04-28 15:50:00,FRBK
3.9775,3.98,3.97,3.975,1400,2021-04-28 15:55:00,FRBK
3.97,3.9884,3.97,3.9884,2327,2021-04-28 16:00:00,FRBK
3.985,3.985,3.985,3.985,300,2021-04-28 16:05:00,FRBK
3.99,3.99,3.985,3.985,1400,2021-04-28 16:10:00,FRBK
3.99,3.99,3.99,3.99,200,2021-04-28 16:15:00,FRBK
3.988,3.99,3.98,3.985,3500,2021-04-28 16:20:00,FRBK
3.985,3.99,3.97,3.985,400,2021-04-28 16:25:00,FRBK
3.985,3.99,3.97,3.99,800,2021-04-28 16:30:00,FRBK
3.97,3.99,3.97,3.99,300,2021-04-28 16:35:00,FRBK
3.97,3.98,3.97,3.9775,1400,2021-04-28 16:40:00,FRBK
3.9775,3.9775,3.97,3.9775,300,2021-04-28 16:45:00,FRBK
3.97,3.99,3.97,3.97,4200,2021-04-28 16:50:00,FRBK
3.97,3.97,3.97,3.97,2000,2021-04-28 16:55:00,FRBK
3.975,3.975,3.97,3.97,200,2021-04-28 17:00:00,FRBK
3.98,3.98,3.97,3.97,1800,2021-04-28 17:05:00,FRBK
3.975,3.98,3.97,3.9775,400,2021-04-28 17:10:00,FRBK
3.97,4.0,3.97,3.985,27516,2021-04-28 17:15:00,FRBK
3.98,3.9804,3.98,3.98,824,2021-04-28 17:20:00,FRBK
3.98,3.98,3.98,3.98,1237,2021-04-28 17:25:00,FRBK
3.97,3.97,3.97,3.97,100,2021-04-28 17:30:00,FRBK
3.98,3.98,3.96,3.965,1900,2021-04-28 17:35:00,FRBK
3.96,3.9675,3.96,3.9675,300,2021-04-28 17:40:00,FRBK
3.96,3.98,3.96,3.97,4078,2021-04-28 17:45:00,FRBK
3.97,3.98,3.97,3.98,9500,2021-04-28 17:50:00,FRBK
3.98,3.98,3.98,3.98,2054,2021-04-28 17:55:00,FRBK
3.98,4.0,3.98,4.0,11025,2021-04-28 18:00:00,FRBK
4.0,4.01,3.98,4.01,4527,2021-04-28 18:05:00,FRBK
4.0267,4.0267,4.015,4.015,400,2021-04-28 18:10:00,FRBK
4.0,4.0,4.0,4.0,100,2021-04-28 18:15:00,FRBK
4.01,4.03,4.0,4.03,2363,2021-04-28 18:20:00,FRBK
4.04,4.07,4.04,4.07,2212,2021-04-28 18:25:00,FRBK
4.05,4.07,4.05,4.05,1500,2021-04-28 18:35:00,FRBK
4.05,4.05,4.04,4.04,1300,2021-04-28 18:40:00,FRBK
4.045,4.06,4.04,4.06,3722,2021-04-28 18:45:00,FRBK
4.06,4.06,4.04,4.04,1702,2021-04-28 18:50:00,FRBK
4.04,4.04,4.02,4.02,1450,2021-04-28 18:55:00,FRBK
4.04,4.05,4.04,4.05,1472,2021-04-28 19:00:00,FRBK
4.04,4.04,4.035,4.035,500,2021-04-28 19:05:00,FRBK
4.03,4.0386,4.0,4.02,2593,2021-04-28 19:10:00,FRBK
4.02,4.05,4.02,4.045,2229,2021-04-28 19:15:00,FRBK
4.04,4.045,4.04,4.04,600,2021-04-28 19:20:00,FRBK
4.04,4.045,4.035,4.04,1852,2021-04-28 19:25:00,FRBK
4.045,4.045,4.03,4.03,1143,2021-04-28 19:30:00,FRBK
4.02,4.04,4.02,4.035,1441,2021-04-28 19:35:00,FRBK
4.035,4.04,4.03,4.03,847,2021-04-28 19:40:00,FRBK
4.04,4.04,4.03,4.035,2726,2021-04-28 19:45:00,FRBK
4.03,4.05,4.02,4.035,2415,2021-04-28 19:50:00,FRBK
4.03,4.05,4.02,4.04,6095,2021-04-28 19:55:00,FRBK
4.04,4.04,4.04,4.04,14032,2021-04-28 20:00:00,FRBK
4.09,4.14,4.09,4.14,1557,2021-04-29 13:30:00,FRBK
4.1,4.1,4.09,4.09,267,2021-04-29 13:35:00,FRBK
4.1,4.1,4.1,4.1,601,2021-04-29 13:40:00,FRBK
4.095,4.1,4.09,4.1,1001,2021-04-29 13:45:00,FRBK
4.13,4.13,4.13,4.13,100,2021-04-29 13:50:00,FRBK
4.12,4.12,4.085,4.085,8313,2021-04-29 13:55:00,FRBK
4.085,4.09,4.085,4.09,2206,2021-04-29 14:00:00,FRBK
4.1,4.1,4.1,4.1,100,2021-04-29 14:05:00,FRBK
4.1135,4.1135,4.1135,4.1135,363,2021-04-29 14:10:00,FRBK
4.1,4.1,4.1,4.1,100,2021-04-29 14:15:00,FRBK
4.09,4.105,4.09,4.1,1034,2021-04-29 14:20:00,FRBK
4.09,4.09,4.08,4.08,1066,2021-04-29 14:25:00,FRBK
4.08,4.08,4.08,4.08,300,2021-04-29 14:30:00,FRBK
4.05,4.05,4.05,4.05,100,2021-04-29 14:35:00,FRBK
4.065,4.065,4.05,4.06,400,2021-04-29 14:40:00,FRBK
4.06,4.06,4.06,4.06,300,2021-04-29 14:45:00,FRBK
4.05,4.05,4.04,4.04,800,2021-04-29 14:50:00,FRBK
4.04,4.04,4.04,4.04,100,2021-04-29 14:55:00,FRBK
4.04,4.06,4.04,4.06,1107,2021-04-29 15:00:00,FRBK
4.08,4.08,4.08,4.08,100,2021-04-29 15:05:00,FRBK
4.09,4.09,4.065,4.065,1000,2021-04-29 15:10:00,FRBK
4.06,4.06,4.06,4.06,200,2021-04-29 15:15:00,FRBK
4.06,4.06,4.06,4.06,100,2021-04-29 15:20:00,FRBK
4.05,4.05,4.045,4.045,400,2021-04-29 15:25:00,FRBK
4.04,4.04,4.04,4.04,100,2021-04-29 15:30:00,FRBK
4.04,4.045,4.04,4.045,340,2021-04-29 15:35:00,FRBK
4.045,4.055,4.045,4.05,1328,2021-04-29 15:40:00,FRBK
4.05,4.05,4.04,4.04,1696,2021-04-29 15:50:00,FRBK
4.04,4.05,4.03,4.03,300,2021-04-29 15:55:00,FRBK
4.01,4.02,4.0,4.01,1025,2021-04-29 16:00:00,FRBK
4.0,4.02,4.0,4.02,300,2021-04-29 16:05:00,FRBK
3.99,3.99,3.99,3.99,100,2021-04-29 16:10:00,FRBK
4.005,4.02,3.99,3.99,300,2021-04-29 16:15:00,FRBK
3.99,4.01,3.99,4.01,1800,2021-04-29 16:20:00,FRBK
4.0,4.0,3.99,3.99,400,2021-04-29 16:25:00,FRBK
3.995,4.01,3.99,4.01,1423,2021-04-29 16:30:00,FRBK
4.02,4.02,4.01,4.01,600,2021-04-29 16:35:00,FRBK
4.02,4.02,4.02,4.02,100,2021-04-29 16:40:00,FRBK
4.02,4.02,4.01,4.02,1100,2021-04-29 16:45:00,FRBK
4.0299,4.03,4.02,4.02,3671,2021-04-29 16:50:00,FRBK
4.02,4.02,4.01,4.01,220,2021-04-29 16:55:00,FRBK
4.015,4.02,4.01,4.01,1200,2021-04-29 17:00:00,FRBK
4.005,4.01,4.005,4.005,600,2021-04-29 17:05:00,FRBK
4.0,4.01,4.0,4.0,500,2021-04-29 17:10:00,FRBK
4.0,4.0,4.0,4.0,400,2021-04-29 17:15:00,FRBK
4.0,4.0,3.99,3.99,1658,2021-04-29 17:20:00,FRBK
3.99,4.01,3.99,4.0,1834,2021-04-29 17:25:00,FRBK
4.0,4.0,3.99,4.0,844,2021-04-29 17:35:00,FRBK
4.0,4.0,3.995,3.995,400,2021-04-29 17:40:00,FRBK
3.99,4.0,3.99,3.995,2900,2021-04-29 17:45:00,FRBK
3.9975,4.0,3.99,3.995,1300,2021-04-29 17:50:00,FRBK
4.0,4.0,3.995,4.0,600,2021-04-29 17:55:00,FRBK
3.99,4.0,3.99,4.0,1084,2021-04-29 18:00:00,FRBK
3.9975,3.9975,3.9975,3.9975,100,2021-04-29 18:05:00,FRBK
4.0,4.0,3.995,3.9975,400,2021-04-29 18:10:00,FRBK
4.0,4.0,3.99,3.99,700,2021-04-29 18:15:00,FRBK
3.9975,3.9975,3.9975,3.9975,100,2021-04-29 18:20:00,FRBK
4.0,4.0,3.99,4.0,1534,2021-04-29 18:25:00,FRBK
3.995,4.0,3.99,4.0,1103,2021-04-29 18:30:00,FRBK
4.02,4.02,4.01,4.01,200,2021-04-29 18:35:00,FRBK
4.0176,4.02,4.01,4.02,525,2021-04-29 18:40:00,FRBK
4.02,4.02,4.01,4.01,400,2021-04-29 18:45:00,FRBK
4.01,4.01,4.01,4.01,200,2021-04-29 18:50:00,FRBK
4.0101,4.0159,4.0,4.0159,1363,2021-04-29 18:55:00,FRBK
4.0,4.0,4.0,4.0,1000,2021-04-29 19:00:00,FRBK
4.0,4.0,3.9975,3.9975,520,2021-04-29 19:05:00,FRBK
3.995,4.0,3.99,4.0,2441,2021-04-29 19:10:00,FRBK
4.0,4.0,3.986,3.995,3084,2021-04-29 19:15:00,FRBK
3.995,4.0,3.995,4.0,1000,2021-04-29 19:20:00,FRBK
4.0,4.0,3.995,3.9989,1122,2021-04-29 19:25:00,FRBK
3.995,4.0,3.995,4.0,1200,2021-04-29 19:30:00,FRBK
4.0,4.02,4.0,4.02,530,2021-04-29 19:35:00,FRBK
4.0,4.02,4.0,4.0,400,2021-04-29 19:40:00,FRBK
4.0,4.01,4.0,4.0,800,2021-04-29 19:45:00,FRBK
4.0,4.01,3.99,4.0,4604,2021-04-29 19:50:00,FRBK
4.005,4.01,4.0,4.0,5507,2021-04-29 19:55:00,FRBK
4.0,4.0,4.0,4.0,16466,2021-04-29 20:00:00,FRBK
3.98,4.01,3.9512,3.99,6835,2021-04-30 13:30:00,FRBK
3.99,4.02,3.98,4.0,2000,2021-04-30 13:35:00,FRBK
4.0,4.0035,3.98,3.98,3826,2021-04-30 13:40:00,FRBK
3.975,3.99,3.975,3.99,800,2021-04-30 13:45:00,FRBK
3.9875,3.99,3.9875,3.99,400,2021-04-30 13:50:00,FRBK
3.9975,4.01,3.9975,4.0,750,2021-04-30 13:55:00,FRBK
3.9975,3.9975,3.9975,3.9975,200,2021-04-30 14:00:00,FRBK
4.0,4.04,4.0,4.04,1509,2021-04-30 14:05:00,FRBK
4.04,4.04,4.04,4.04,100,2021-04-30 14:10:00,FRBK
4.02,4.02,4.0,4.0,600,2021-04-30 14:15:00,FRBK
4.02,4.02,3.995,3.995,800,2021-04-30 14:20:00,FRBK
3.995,4.02,3.995,4.02,2556,2021-04-30 14:25:00,FRBK
4.015,4.02,3.985,3.9875,1700,2021-04-30 14:30:00,FRBK
3.985,3.99,3.98,3.99,2800,2021-04-30 14:35:00,FRBK
3.99,4.0,3.99,3.995,400,2021-04-30 14:40:00,FRBK
4.0,4.0,3.9875,3.9875,2130,2021-04-30 14:45:00,FRBK
3.98,3.9875,3.98,3.9875,400,2021-04-30 14:50:00,FRBK
3.98,4.0,3.98,4.0,1500,2021-04-30 14:55:00,FRBK
4.0,4.01,3.9975,4.01,2700,2021-04-30 15:00:00,FRBK
4.01,4.02,4.005,4.02,2300,2021-04-30 15:05:00,FRBK
4.015,4.02,4.015,4.02,300,2021-04-30 15:10:00,FRBK
4.015,4.015,4.015,4.015,200,2021-04-30 15:15:00,FRBK
4.02,4.02,4.01,4.015,1000,2021-04-30 15:20:00,FRBK
4.02,4.02,4.013,4.02,924,2021-04-30 15:25:00,FRBK
4.015,4.015,4.015,4.015,100,2021-04-30 15:30:00,FRBK
4.015,4.015,4.01,4.015,1000,2021-04-30 15:35:00,FRBK
4.015,4.02,4.015,4.015,1500,2021-04-30 15:40:00,FRBK
4.015,4.02,4.015,4.02,940,2021-04-30 15:45:00,FRBK
4.015,4.015,4.015,4.015,200,2021-04-30 15:50:00,FRBK
4.015,4.02,4.015,4.015,1000,2021-04-30 15:55:00,FRBK
4.015,4.015,4.015,4.015,596,2021-04-30 16:00:00,FRBK
4.02,4.04,4.02,4.03,2939,2021-04-30 16:05:00,FRBK
4.035,4.035,4.025,4.025,801,2021-04-30 16:10:00,FRBK
4.025,4.025,4.02,4.025,802,2021-04-30 16:15:00,FRBK
4.03,4.03,4.02,4.0285,2100,2021-04-30 16:20:00,FRBK
4.025,4.025,4.025,4.025,100,2021-04-30 16:25:00,FRBK
4.02,4.025,4.02,4.025,200,2021-04-30 16:30:00,FRBK
4.025,4.025,4.01,4.01,1200,2021-04-30 16:40:00,FRBK
4.01,4.01,4.0,4.0,600,2021-04-30 16:50:00,FRBK
4.01,4.01,3.98,3.995,1900,2021-04-30 17:00:00,FRBK
3.995,3.995,3.995,3.995,200,2021-04-30 17:05:00,FRBK
4.0,4.0,3.9975,4.0,2100,2021-04-30 17:10:00,FRBK
4.01,4.01,4.01,4.01,100,2021-04-30 17:15:00,FRBK
4.0,4.02,4.0,4.02,1300,2021-04-30 17:20:00,FRBK
4.01,4.01,4.01,4.01,1300,2021-04-30 17:30:00,FRBK
4.01,4.01,4.01,4.01,100,2021-04-30 17:35:00,FRBK
4.0,4.01,4.0,4.0,800,2021-04-30 17:40:00,FRBK
4.0,4.01,3.99,3.9975,2839,2021-04-30 17:45:00,FRBK
3.9975,4.0,3.995,3.995,900,2021-04-30 17:50:00,FRBK
3.995,4.02,3.99,4.02,4948,2021-04-30 17:55:00,FRBK
4.02,4.02,4.01,4.015,400,2021-04-30 18:05:00,FRBK
4.015,4.03,4.01,4.03,3701,2021-04-30 18:10:00,FRBK
4.02,4.02,4.02,4.02,100,2021-04-30 18:15:00,FRBK
4.03,4.03,4.02,4.02,800,2021-04-30 18:20:00,FRBK
4.02,4.02,4.01,4.02,1200,2021-04-30 18:25:00,FRBK
4.01,4.01,4.0,4.005,600,2021-04-30 18:30:00,FRBK
4.005,4.005,4.005,4.005,100,2021-04-30 18:40:00,FRBK
4.005,4.005,3.98,3.985,3850,2021-04-30 18:45:00,FRBK
3.99,4.0,3.98,4.0,2025,2021-04-30 18:50:00,FRBK
3.99,4.0,3.99,3.995,500,2021-04-30 18:55:00,FRBK
4.0,4.0,3.99,3.99,397,2021-04-30 19:00:00,FRBK
3.9975,4.0,3.98,3.9875,3766,2021-04-30 19:05:00,FRBK
3.9875,4.0,3.9875,3.9975,2500,2021-04-30 19:10:00,FRBK
4.0,4.01,3.995,3.995,5065,2021-04-30 19:15:00,FRBK
3.995,4.0,3.98,4.0,1200,2021-04-30 19:20:00,FRBK
4.0,4.0,3.99,4.0,1000,2021-04-30 19:25:00,FRBK
3.99,4.0,3.99,3.9975,2200,2021-04-30 19:30:00,FRBK
3.99,4.01,3.99,4.0,4200,2021-04-30 19:35:00,FRBK
3.9975,4.0,3.99,3.9975,1800,2021-04-30 19:40:00,FRBK
3.9975,4.01,3.99,4.0,5464,2021-04-30 19:45:00,FRBK
4.0,4.0,3.99,3.995,8250,2021-04-30 19:50:00,FRBK
4.0,4.0,3.99,4.0,31055,2021-04-30 19:55:00,FRBK
3.99,3.99,3.99,3.99,45063,2021-04-30 20:00:00,FRBK
