open,high,low,close,volume,datetime,symbol
14.27,14.27,14.27,14.27,200,2021-04-01 11:25:00,GBOX
14.25,14.25,14.1,14.1,2400,2021-04-01 11:30:00,GBOX
14.1,14.1,14.1,14.1,1500,2021-04-01 11:35:00,GBOX
14.1,14.1,14.1,14.1,100,2021-04-01 11:40:00,GBOX
14.1999,14.1999,14.1999,14.1999,100,2021-04-01 12:05:00,GBOX
14.2,14.2,14.2,14.2,400,2021-04-01 12:50:00,GBOX
14.0,14.0,14.0,14.0,1541,2021-04-01 13:20:00,GBOX
14.09,14.1,14.05,14.05,854,2021-04-01 13:25:00,GBOX
13.79,14.2,13.77,13.935,10235,2021-04-01 13:30:00,GBOX
14.018,14.018,13.66,13.66,4258,2021-04-01 13:35:00,GBOX
14.04,14.04,13.7525,13.825,5550,2021-04-01 13:40:00,GBOX
13.9,13.99,13.875,13.9508,2980,2021-04-01 13:45:00,GBOX
13.9899,14.0,13.9101,13.95,15757,2021-04-01 13:50:00,GBOX
13.94,13.94,13.8168,13.9,2700,2021-04-01 13:55:00,GBOX
13.8001,13.9,13.8,13.8561,8617,2021-04-01 14:00:00,GBOX
13.85,13.85,13.8071,13.8248,4331,2021-04-01 14:05:00,GBOX
13.875,13.875,13.875,13.875,765,2021-04-01 14:10:00,GBOX
13.86,14.0089,13.86,14.0089,10287,2021-04-01 14:15:00,GBOX
14.07,14.09,14.0414,14.0414,2400,2021-04-01 14:20:00,GBOX
14.065,14.065,13.95,13.99,3244,2021-04-01 14:25:00,GBOX
14.0,14.0631,13.91,14.0631,4761,2021-04-01 14:30:00,GBOX
13.92,13.932,13.92,13.932,303,2021-04-01 14:35:00,GBOX
13.91,13.91,13.9018,13.9018,2000,2021-04-01 14:40:00,GBOX
13.95,13.9501,13.95,13.9501,200,2021-04-01 14:45:00,GBOX
13.9,14.0,13.87,14.0,923,2021-04-01 14:50:00,GBOX
13.92,14.0,13.8867,14.0,5544,2021-04-01 14:55:00,GBOX
13.8802,13.9087,13.8,13.8,4459,2021-04-01 15:05:00,GBOX
13.845,13.845,13.845,13.845,250,2021-04-01 15:10:00,GBOX
13.8,13.8371,13.76,13.8371,1557,2021-04-01 15:15:00,GBOX
13.698,13.8,13.66,13.8,985,2021-04-01 15:20:00,GBOX
14.0254,14.0254,13.8,13.8,300,2021-04-01 15:25:00,GBOX
13.79,13.79,13.7805,13.7805,200,2021-04-01 15:35:00,GBOX
13.8,13.8,13.7822,13.7822,2300,2021-04-01 15:40:00,GBOX
13.89,13.89,13.89,13.89,2500,2021-04-01 15:45:00,GBOX
13.7822,13.99,13.7822,13.99,400,2021-04-01 15:55:00,GBOX
14.05,14.05,13.89,13.89,247,2021-04-01 16:05:00,GBOX
14.0614,14.0614,13.865,13.95,4440,2021-04-01 16:10:00,GBOX
13.97,13.98,13.85,13.85,7200,2021-04-01 16:15:00,GBOX
13.94,13.9936,13.8,13.8,1742,2021-04-01 16:20:00,GBOX
13.8078,13.9,13.8078,13.9,200,2021-04-01 16:30:00,GBOX
13.8297,13.8297,13.8297,13.8297,241,2021-04-01 16:55:00,GBOX
13.8832,13.8832,13.8832,13.8832,710,2021-04-01 17:10:00,GBOX
13.8318,13.8318,13.8318,13.8318,100,2021-04-01 17:15:00,GBOX
13.8101,13.92,13.8101,13.92,1000,2021-04-01 17:20:00,GBOX
14.0,14.0,13.96,13.96,200,2021-04-01 17:35:00,GBOX
13.96,13.96,13.96,13.96,100,2021-04-01 17:40:00,GBOX
13.98,14.0,13.8901,13.8901,1430,2021-04-01 17:45:00,GBOX
13.8901,13.8901,13.88,13.88,1250,2021-04-01 17:50:00,GBOX
13.86,13.86,13.7017,13.7017,2699,2021-04-01 18:05:00,GBOX
13.9,13.9,13.9,13.9,100,2021-04-01 18:10:00,GBOX
13.7257,13.82,13.7257,13.82,1700,2021-04-01 18:15:00,GBOX
13.7,13.9,13.7,13.9,500,2021-04-01 18:25:00,GBOX
13.737,13.737,13.737,13.737,100,2021-04-01 18:30:00,GBOX
13.84,13.94,13.7,13.94,1310,2021-04-01 18:35:00,GBOX
13.85,13.95,13.7,13.95,4223,2021-04-01 18:40:00,GBOX
13.89,13.89,13.89,13.89,500,2021-04-01 18:45:00,GBOX
13.81,13.85,13.81,13.85,200,2021-04-01 18:50:00,GBOX
13.8,13.8,13.8,13.8,100,2021-04-01 18:55:00,GBOX
13.8,13.8,13.8,13.8,812,2021-04-01 19:00:00,GBOX
13.8,13.8,13.8,13.8,300,2021-04-01 19:05:00,GBOX
13.849,13.849,13.849,13.849,250,2021-04-01 19:10:00,GBOX
13.8,13.8,13.8,13.8,2600,2021-04-01 19:15:00,GBOX
13.7602,13.7602,13.7501,13.7501,1100,2021-04-01 19:20:00,GBOX
13.8,13.85,13.75,13.85,1458,2021-04-01 19:25:00,GBOX
13.85,13.85,13.8032,13.8032,2534,2021-04-01 19:30:00,GBOX
13.8799,13.8799,13.78,13.78,300,2021-04-01 19:35:00,GBOX
13.76,13.76,13.75,13.75,2589,2021-04-01 19:40:00,GBOX
13.74,13.79,13.72,13.73,3095,2021-04-01 19:45:00,GBOX
13.7,13.87,13.7,13.775,412,2021-04-01 19:50:00,GBOX
13.86,14.06,13.7091,13.93,32359,2021-04-01 19:55:00,GBOX
13.93,13.93,13.93,13.93,5310,2021-04-01 20:00:00,GBOX
13.67,13.67,13.67,13.67,120,2021-04-01 20:05:00,GBOX
14.1,14.1,14.1,14.1,1000,2021-04-01 21:30:00,GBOX
14.12,14.12,14.12,14.12,167,2021-04-01 21:35:00,GBOX
14.25,14.25,14.25,14.25,200,2021-04-01 21:55:00,GBOX
14.12,14.12,14.12,14.12,100,2021-04-01 22:15:00,GBOX
14.12,14.12,14.12,14.12,600,2021-04-01 23:20:00,GBOX
14.2,14.2,14.2,14.2,397,2021-04-05 11:10:00,GBOX
14.25,14.3,14.25,14.3,964,2021-04-05 12:55:00,GBOX
14.25,14.25,14.24,14.24,630,2021-04-05 13:00:00,GBOX
14.24,14.24,14.24,14.24,210,2021-04-05 13:10:00,GBOX
14.24,14.24,14.24,14.24,200,2021-04-05 13:20:00,GBOX
14.2499,14.2499,14.15,14.15,1400,2021-04-05 13:25:00,GBOX
14.21,14.21,14.05,14.1045,16440,2021-04-05 13:30:00,GBOX
14.125,14.2,14.12,14.18,16440,2021-04-05 13:35:00,GBOX
14.18,14.77,14.145,14.6987,66095,2021-04-05 13:40:00,GBOX
14.7,15.15,14.7,15.1,145207,2021-04-05 13:45:00,GBOX
15.05,15.1499,14.9,15.0412,105620,2021-04-05 13:50:00,GBOX
15.05,15.57,15.0475,15.25,93722,2021-04-05 13:55:00,GBOX
15.2,15.45,15.0,15.0,32644,2021-04-05 14:00:00,GBOX
15.05,15.0578,14.8701,14.8701,11270,2021-04-05 14:05:00,GBOX
14.9387,15.67,14.9054,15.6,67866,2021-04-05 14:10:00,GBOX
15.6,15.75,15.27,15.75,60613,2021-04-05 14:15:00,GBOX
15.66,15.75,15.5,15.7496,39982,2021-04-05 14:20:00,GBOX
15.7,15.82,15.5519,15.81,34028,2021-04-05 14:25:00,GBOX
15.8063,15.819,15.52,15.645,16074,2021-04-05 14:30:00,GBOX
15.6213,15.65,15.35,15.6499,22845,2021-04-05 14:35:00,GBOX
15.69,16.0,15.635,15.9791,37465,2021-04-05 14:40:00,GBOX
15.901,16.12,15.77,15.9792,44437,2021-04-05 14:45:00,GBOX
15.98,16.09,15.92,16.0407,19082,2021-04-05 14:50:00,GBOX
15.9641,15.9641,15.7501,15.7501,9941,2021-04-05 14:55:00,GBOX
15.84,15.92,15.61,15.8,15111,2021-04-05 15:00:00,GBOX
15.8,15.8,15.65,15.65,4410,2021-04-05 15:05:00,GBOX
15.6,15.7744,15.58,15.75,3541,2021-04-05 15:10:00,GBOX
15.67,15.76,15.56,15.56,11058,2021-04-05 15:15:00,GBOX
15.565,15.75,15.43,15.75,10914,2021-04-05 15:20:00,GBOX
15.74,15.75,15.42,15.42,4742,2021-04-05 15:25:00,GBOX
15.425,15.425,15.28,15.32,12601,2021-04-05 15:30:00,GBOX
15.35,15.35,15.2,15.23,18565,2021-04-05 15:35:00,GBOX
15.25,15.25,14.99,15.1,37151,2021-04-05 15:40:00,GBOX
15.1,15.2,14.98,15.02,22699,2021-04-05 15:45:00,GBOX
15.02,15.14,15.02,15.04,13395,2021-04-05 15:50:00,GBOX
15.02,15.08,15.02,15.0338,12732,2021-04-05 15:55:00,GBOX
15.03,15.05,14.87,14.91,13149,2021-04-05 16:00:00,GBOX
14.81,15.05,14.81,14.99,8329,2021-04-05 16:05:00,GBOX
15.0,15.015,14.92,14.955,6367,2021-04-05 16:10:00,GBOX
14.93,14.98,14.82,14.92,14807,2021-04-05 16:15:00,GBOX
14.945,14.9799,14.903,14.94,3343,2021-04-05 16:20:00,GBOX
14.98,15.1,14.98,14.9938,3450,2021-04-05 16:25:00,GBOX
15.02,15.14,14.99,15.1276,11271,2021-04-05 16:30:00,GBOX
15.0,15.3399,15.0,15.25,21234,2021-04-05 16:35:00,GBOX
15.3246,15.55,15.28,15.405,4143,2021-04-05 16:40:00,GBOX
15.5,15.5,15.35,15.4742,3627,2021-04-05 16:45:00,GBOX
15.4761,15.4761,15.3938,15.3938,2929,2021-04-05 16:50:00,GBOX
15.479,15.4999,15.3001,15.4999,13673,2021-04-05 16:55:00,GBOX
15.4881,15.4999,15.419,15.4286,8132,2021-04-05 17:00:00,GBOX
15.46,15.49,15.46,15.49,874,2021-04-05 17:05:00,GBOX
15.5,15.7,15.48,15.65,26385,2021-04-05 17:10:00,GBOX
15.7,15.7,15.6216,15.6216,921,2021-04-05 17:15:00,GBOX
15.63,15.63,15.5273,15.5273,3925,2021-04-05 17:20:00,GBOX
15.625,15.625,15.5189,15.62,9308,2021-04-05 17:25:00,GBOX
15.62,15.75,15.62,15.725,8207,2021-04-05 17:30:00,GBOX
15.7499,15.75,15.62,15.6201,13797,2021-04-05 17:35:00,GBOX
15.72,15.7388,15.7,15.7099,5300,2021-04-05 17:40:00,GBOX
15.6605,15.685,15.66,15.66,800,2021-04-05 17:45:00,GBOX
15.66,15.75,15.66,15.7484,3065,2021-04-05 17:50:00,GBOX
15.7372,15.75,15.7372,15.74,1200,2021-04-05 17:55:00,GBOX
15.726,15.75,15.67,15.67,16126,2021-04-05 18:00:00,GBOX
15.67,15.67,15.5201,15.5834,4240,2021-04-05 18:05:00,GBOX
15.59,15.73,15.56,15.59,4102,2021-04-05 18:10:00,GBOX
15.68,15.75,15.68,15.75,1228,2021-04-05 18:15:00,GBOX
15.7897,15.9495,15.75,15.94,14772,2021-04-05 18:20:00,GBOX
15.9,15.9162,15.75,15.79,6888,2021-04-05 18:25:00,GBOX
15.766,15.8,15.53,15.77,18279,2021-04-05 18:30:00,GBOX
15.6,15.6499,15.55,15.55,3852,2021-04-05 18:35:00,GBOX
15.5559,15.5908,15.5393,15.565,2803,2021-04-05 18:40:00,GBOX
15.565,15.625,15.5497,15.625,2850,2021-04-05 18:45:00,GBOX
15.71,15.71,15.52,15.56,4300,2021-04-05 18:50:00,GBOX
15.56,15.5972,15.5208,15.5885,4450,2021-04-05 18:55:00,GBOX
15.52,15.6,15.46,15.47,28760,2021-04-05 19:00:00,GBOX
15.4877,15.4877,15.255,15.36,6746,2021-04-05 19:05:00,GBOX
15.35,15.4,15.285,15.4,3815,2021-04-05 19:10:00,GBOX
15.36,15.47,15.3,15.47,4897,2021-04-05 19:15:00,GBOX
15.5399,15.54,15.42,15.42,9892,2021-04-05 19:20:00,GBOX
15.4511,15.4511,15.33,15.43,1385,2021-04-05 19:25:00,GBOX
15.4128,15.4128,15.36,15.36,400,2021-04-05 19:30:00,GBOX
15.31,15.3948,15.31,15.3633,4255,2021-04-05 19:35:00,GBOX
15.36,15.36,15.3,15.3576,13202,2021-04-05 19:40:00,GBOX
15.3252,15.56,15.3,15.45,11237,2021-04-05 19:45:00,GBOX
15.45,15.5999,15.31,15.56,33594,2021-04-05 19:50:00,GBOX
15.39,15.48,15.3,15.4258,29325,2021-04-05 19:55:00,GBOX
15.48,15.55,15.48,15.55,6213,2021-04-05 20:00:00,GBOX
15.54,15.54,15.48,15.48,349,2021-04-05 20:05:00,GBOX
15.37,15.37,15.37,15.37,199,2021-04-05 20:55:00,GBOX
15.48,15.48,15.48,15.48,422,2021-04-05 21:00:00,GBOX
15.48,15.48,15.48,15.48,5239,2021-04-05 21:05:00,GBOX
15.48,15.48,15.48,15.48,414,2021-04-05 21:15:00,GBOX
15.73,16.73,15.73,16.5,18710,2021-04-05 21:20:00,GBOX
16.48,16.5,15.81,15.81,2849,2021-04-05 21:25:00,GBOX
15.98,16.5,15.98,16.2,3736,2021-04-05 21:30:00,GBOX
16.2,16.3999,16.0,16.0,6576,2021-04-05 21:35:00,GBOX
16.15,16.15,16.15,16.15,100,2021-04-05 21:40:00,GBOX
16.15,16.1999,15.85,15.85,2600,2021-04-05 21:45:00,GBOX
15.9,15.99,15.83,15.99,1250,2021-04-05 21:50:00,GBOX
15.99,16.0,15.95,16.0,1000,2021-04-05 21:55:00,GBOX
16.1999,16.2,16.05,16.05,1725,2021-04-05 22:00:00,GBOX
16.33,16.33,16.2999,16.33,2691,2021-04-05 22:05:00,GBOX
16.42,16.77,16.42,16.77,4620,2021-04-05 22:15:00,GBOX
16.52,16.74,16.5,16.74,1200,2021-04-05 22:20:00,GBOX
16.73,16.9,16.73,16.85,6958,2021-04-05 22:25:00,GBOX
16.9,17.9,16.9,17.9,21579,2021-04-05 22:30:00,GBOX
17.6,17.8,17.3,17.8,5814,2021-04-05 22:35:00,GBOX
17.62,17.7,17.5,17.52,1775,2021-04-05 22:40:00,GBOX
17.5,17.65,17.43,17.5,4535,2021-04-05 22:45:00,GBOX
17.55,17.74,17.55,17.7,9105,2021-04-05 22:50:00,GBOX
17.7,17.83,17.64,17.83,6046,2021-04-05 22:55:00,GBOX
17.83,18.0,17.83,17.98,3259,2021-04-05 23:00:00,GBOX
17.96,17.96,17.75,17.94,7850,2021-04-05 23:05:00,GBOX
17.8,17.8,17.55,17.55,4376,2021-04-05 23:10:00,GBOX
17.5,17.5,17.5,17.5,1014,2021-04-05 23:15:00,GBOX
17.52,17.57,17.52,17.57,736,2021-04-05 23:20:00,GBOX
17.61,17.61,17.61,17.61,910,2021-04-05 23:25:00,GBOX
17.7,17.71,17.7,17.71,400,2021-04-05 23:30:00,GBOX
17.6301,17.69,17.51,17.69,1643,2021-04-05 23:35:00,GBOX
17.65,17.65,17.52,17.6,807,2021-04-05 23:40:00,GBOX
17.44,17.6,17.44,17.6,4974,2021-04-05 23:45:00,GBOX
17.6,17.6,17.47,17.6,1320,2021-04-05 23:50:00,GBOX
17.59,17.75,17.5,17.75,8008,2021-04-05 23:55:00,GBOX
17.5,17.5,17.5,17.5,120,2021-04-06 09:20:00,GBOX
16.6,16.6,16.6,16.6,100,2021-04-06 10:00:00,GBOX
16.75,16.75,16.02,16.02,3527,2021-04-06 10:05:00,GBOX
16.53,16.53,16.53,16.53,100,2021-04-06 10:15:00,GBOX
16.34,16.52,16.34,16.52,1000,2021-04-06 10:25:00,GBOX
16.56,16.57,16.56,16.57,646,2021-04-06 10:30:00,GBOX
16.4,16.4,16.4,16.4,145,2021-04-06 10:35:00,GBOX
16.45,16.45,16.2,16.2,3633,2021-04-06 10:40:00,GBOX
16.4,16.4,16.4,16.4,700,2021-04-06 10:45:00,GBOX
16.39,16.39,16.39,16.39,200,2021-04-06 10:50:00,GBOX
16.47,16.57,16.47,16.55,1033,2021-04-06 10:55:00,GBOX
16.61,18.5,16.61,17.46,29133,2021-04-06 11:00:00,GBOX
17.5,17.5,16.83,17.28,7325,2021-04-06 11:05:00,GBOX
17.02,17.19,17.0,17.18,4690,2021-04-06 11:10:00,GBOX
17.17,17.19,17.16,17.19,300,2021-04-06 11:15:00,GBOX
17.2,17.2,16.9,17.07,4772,2021-04-06 11:20:00,GBOX
17.33,17.4,17.33,17.4,1876,2021-04-06 11:25:00,GBOX
17.37,17.54,17.37,17.54,6412,2021-04-06 11:30:00,GBOX
17.34,17.37,17.12,17.12,2805,2021-04-06 11:35:00,GBOX
17.06,17.06,16.95,16.99,3202,2021-04-06 11:40:00,GBOX
17.18,17.18,17.18,17.18,200,2021-04-06 11:50:00,GBOX
17.01,17.01,17.01,17.01,100,2021-04-06 11:55:00,GBOX
17.0,17.01,16.95,16.95,2226,2021-04-06 12:00:00,GBOX
17.09,17.25,17.09,17.1,988,2021-04-06 12:05:00,GBOX
17.19,17.5,17.18,17.5,1972,2021-04-06 12:10:00,GBOX
17.49,17.5,17.28,17.5,6595,2021-04-06 12:15:00,GBOX
17.5,17.5,17.35,17.44,3034,2021-04-06 12:20:00,GBOX
17.4999,17.5,17.29,17.39,2168,2021-04-06 12:25:00,GBOX
17.37,17.38,17.31,17.32,1588,2021-04-06 12:30:00,GBOX
17.26,17.39,17.25,17.25,2924,2021-04-06 12:35:00,GBOX
17.23,17.33,17.23,17.28,3521,2021-04-06 12:40:00,GBOX
17.31,17.5,17.3,17.4,3476,2021-04-06 12:45:00,GBOX
17.3,17.4,17.3,17.4,6758,2021-04-06 12:50:00,GBOX
17.4,17.4,17.3,17.4,2874,2021-04-06 12:55:00,GBOX
17.33,17.42,17.33,17.42,2595,2021-04-06 13:00:00,GBOX
17.4899,17.49,17.4899,17.49,350,2021-04-06 13:05:00,GBOX
17.4,17.49,17.3,17.3,2653,2021-04-06 13:10:00,GBOX
17.26,17.26,17.01,17.1,1432,2021-04-06 13:15:00,GBOX
17.1,17.1,16.75,16.8,6806,2021-04-06 13:20:00,GBOX
16.75,17.13,16.56,16.91,3384,2021-04-06 13:25:00,GBOX
16.85,17.65,16.77,17.649,175606,2021-04-06 13:30:00,GBOX
17.65,18.52,17.6006,17.89,236452,2021-04-06 13:35:00,GBOX
17.8759,18.45,17.67,18.13,101691,2021-04-06 13:40:00,GBOX
18.03,18.1199,17.5,17.7901,83757,2021-04-06 13:45:00,GBOX
17.775,17.775,17.4,17.4651,47208,2021-04-06 13:50:00,GBOX
17.5986,17.8494,17.51,17.6989,43200,2021-04-06 13:55:00,GBOX
17.72,17.97,17.52,17.78,52432,2021-04-06 14:00:00,GBOX
17.85,17.85,17.1001,17.19,51931,2021-04-06 14:05:00,GBOX
17.161,17.4999,16.89,16.89,48520,2021-04-06 14:10:00,GBOX
16.89,17.17,16.57,17.0,107432,2021-04-06 14:15:00,GBOX
16.9299,16.95,16.11,16.43,68540,2021-04-06 14:20:00,GBOX
16.4,16.69,16.2523,16.64,52940,2021-04-06 14:25:00,GBOX
16.6328,16.64,16.3,16.3601,22587,2021-04-06 14:30:00,GBOX
16.36,16.431,16.2201,16.38,17988,2021-04-06 14:35:00,GBOX
16.4157,16.6,16.36,16.52,21036,2021-04-06 14:40:00,GBOX
16.5113,16.81,16.44,16.7499,26044,2021-04-06 14:45:00,GBOX
16.7424,17.4986,16.7196,17.2752,90451,2021-04-06 14:50:00,GBOX
17.36,17.3806,17.17,17.35,33742,2021-04-06 14:55:00,GBOX
17.37,18.05,17.345,18.0,49412,2021-04-06 15:00:00,GBOX
18.0781,18.3,17.7501,17.7601,90583,2021-04-06 15:05:00,GBOX
17.85,18.25,17.8001,18.21,24556,2021-04-06 15:10:00,GBOX
18.25,18.25,18.0,18.05,26077,2021-04-06 15:15:00,GBOX
17.9792,18.33,17.9792,18.2822,43225,2021-04-06 15:20:00,GBOX
18.275,18.75,18.27,18.42,165153,2021-04-06 15:25:00,GBOX
18.419,18.645,18.25,18.3,28775,2021-04-06 15:30:00,GBOX
18.32,18.37,18.17,18.36,27583,2021-04-06 15:35:00,GBOX
18.274,18.3717,17.7,17.8251,53662,2021-04-06 15:40:00,GBOX
17.925,18.01,17.81,17.92,10358,2021-04-06 15:45:00,GBOX
17.88,17.98,17.82,17.8409,6973,2021-04-06 15:50:00,GBOX
17.8426,17.86,17.7,17.7252,18286,2021-04-06 15:55:00,GBOX
17.785,17.93,17.7,17.8606,5420,2021-04-06 16:00:00,GBOX
17.87,17.9294,17.8005,17.865,3238,2021-04-06 16:05:00,GBOX
17.9142,17.9142,17.8107,17.83,5150,2021-04-06 16:10:00,GBOX
17.879,17.98,17.83,17.945,11378,2021-04-06 16:15:00,GBOX
17.965,18.24,17.87,18.2106,24307,2021-04-06 16:20:00,GBOX
18.2214,18.3,18.135,18.28,13879,2021-04-06 16:25:00,GBOX
18.24,18.2899,17.81,17.82,33740,2021-04-06 16:30:00,GBOX
17.885,18.0699,17.85,17.925,9938,2021-04-06 16:35:00,GBOX
17.85,18.07,17.85,18.07,3886,2021-04-06 16:40:00,GBOX
18.01,18.07,17.949,18.07,5750,2021-04-06 16:45:00,GBOX
18.07,18.45,18.03,18.385,49713,2021-04-06 16:50:00,GBOX
18.41,18.7,18.3701,18.6,59654,2021-04-06 16:55:00,GBOX
18.5384,18.62,18.12,18.27,25045,2021-04-06 17:00:00,GBOX
18.245,18.2848,18.0,18.03,6857,2021-04-06 17:05:00,GBOX
18.0,18.0925,17.84,18.029,17028,2021-04-06 17:10:00,GBOX
17.92,18.08,17.55,17.58,30280,2021-04-06 17:15:00,GBOX
17.6178,17.9,17.5801,17.8616,8100,2021-04-06 17:20:00,GBOX
17.8,17.88,17.6501,17.8103,4588,2021-04-06 17:25:00,GBOX
17.85,17.85,17.64,17.8,6022,2021-04-06 17:30:00,GBOX
17.82,18.0,17.82,17.9999,15819,2021-04-06 17:35:00,GBOX
18.0,18.25,17.94,18.1,12982,2021-04-06 17:40:00,GBOX
18.055,18.1594,18.0407,18.07,9100,2021-04-06 17:45:00,GBOX
18.05,18.15,18.0465,18.1486,12505,2021-04-06 17:50:00,GBOX
18.125,18.38,18.1206,18.355,29434,2021-04-06 17:55:00,GBOX
18.355,18.84,18.34,18.795,70258,2021-04-06 18:00:00,GBOX
18.78,18.85,18.35,18.49,56859,2021-04-06 18:05:00,GBOX
18.5,18.96,18.3932,18.9,48060,2021-04-06 18:10:00,GBOX
18.99,19.7,18.75,19.33,179187,2021-04-06 18:15:00,GBOX
19.32,19.4896,19.03,19.21,59994,2021-04-06 18:20:00,GBOX
19.11,19.27,18.95,19.115,58317,2021-04-06 18:25:00,GBOX
19.13,19.32,19.07,19.185,33972,2021-04-06 18:30:00,GBOX
19.095,19.48,19.095,19.2,36400,2021-04-06 18:35:00,GBOX
19.2,19.2,18.8,18.81,41421,2021-04-06 18:40:00,GBOX
18.8,19.0,18.73,18.86,13001,2021-04-06 18:45:00,GBOX
18.8908,18.9362,18.61,18.74,27660,2021-04-06 18:50:00,GBOX
18.75,18.986,18.6672,18.8999,15665,2021-04-06 18:55:00,GBOX
18.899,18.899,18.65,18.65,14110,2021-04-06 19:00:00,GBOX
18.68,18.85,18.31,18.85,36123,2021-04-06 19:05:00,GBOX
18.7017,19.4,18.7017,19.325,64318,2021-04-06 19:10:00,GBOX
19.275,19.38,19.03,19.315,39033,2021-04-06 19:15:00,GBOX
19.315,19.38,19.02,19.1,31647,2021-04-06 19:20:00,GBOX
19.115,19.13,18.96,19.07,12287,2021-04-06 19:25:00,GBOX
19.07,19.39,18.7,19.3001,39827,2021-04-06 19:30:00,GBOX
19.355,19.68,19.13,19.315,96640,2021-04-06 19:35:00,GBOX
19.325,19.7,19.1501,19.615,50655,2021-04-06 19:40:00,GBOX
19.7,19.79,19.3,19.6,95132,2021-04-06 19:45:00,GBOX
19.6,19.69,19.31,19.66,45892,2021-04-06 19:50:00,GBOX
19.75,19.9,19.35,19.88,119605,2021-04-06 19:55:00,GBOX
19.9,19.91,19.4,19.55,14481,2021-04-06 20:00:00,GBOX
19.42,19.6,19.4,19.5,2140,2021-04-06 20:05:00,GBOX
19.56,19.75,19.56,19.75,1255,2021-04-06 20:10:00,GBOX
19.75,19.9,19.75,19.9,3228,2021-04-06 20:15:00,GBOX
19.8915,19.9,19.8,19.8001,3977,2021-04-06 20:20:00,GBOX
19.9,19.9,19.9,19.9,760,2021-04-06 20:25:00,GBOX
19.84,19.9,19.84,19.84,2940,2021-04-06 20:30:00,GBOX
19.8,19.89,19.8,19.8899,2000,2021-04-06 20:35:00,GBOX
19.89,19.9,19.89,19.9,1330,2021-04-06 20:40:00,GBOX
19.85,19.9,19.8,19.86,2600,2021-04-06 20:50:00,GBOX
19.9,19.9,19.9,19.9,1260,2021-04-06 20:55:00,GBOX
19.9299,19.9299,19.8901,19.8901,600,2021-04-06 21:00:00,GBOX
19.9,19.9,19.9,19.9,750,2021-04-06 21:05:00,GBOX
19.9001,19.99,19.9,19.9005,3860,2021-04-06 21:10:00,GBOX
19.95,20.0,19.95,19.99,3729,2021-04-06 21:15:00,GBOX
20.0,20.25,20.0,20.04,24958,2021-04-06 21:20:00,GBOX
20.05,20.2,20.05,20.2,1785,2021-04-06 21:25:00,GBOX
20.2499,20.2499,20.21,20.24,597,2021-04-06 21:30:00,GBOX
20.1799,20.1799,19.8501,20.0,9444,2021-04-06 21:35:00,GBOX
19.85,19.91,19.85,19.91,710,2021-04-06 21:40:00,GBOX
19.79,19.79,19.79,19.79,500,2021-04-06 21:45:00,GBOX
19.8,19.8,19.55,19.55,4545,2021-04-06 21:50:00,GBOX
19.55,19.74,19.55,19.74,550,2021-04-06 21:55:00,GBOX
19.7,19.7,19.4,19.4,921,2021-04-06 22:00:00,GBOX
19.7,19.7,19.7,19.7,200,2021-04-06 22:05:00,GBOX
19.6,19.8499,19.6,19.8499,1700,2021-04-06 22:25:00,GBOX
19.5,19.5,19.5,19.5,100,2021-04-06 22:30:00,GBOX
19.83,19.83,19.7,19.7,1097,2021-04-06 22:35:00,GBOX
19.61,19.65,19.6,19.6,1690,2021-04-06 22:40:00,GBOX
19.7,19.83,19.7,19.83,2039,2021-04-06 22:50:00,GBOX
19.75,19.75,19.75,19.75,200,2021-04-06 22:55:00,GBOX
19.7,19.7,19.6,19.65,975,2021-04-06 23:00:00,GBOX
19.6,19.6,19.5,19.5,884,2021-04-06 23:05:00,GBOX
19.83,19.83,19.83,19.83,393,2021-04-06 23:15:00,GBOX
19.75,19.75,19.75,19.75,200,2021-04-06 23:20:00,GBOX
19.75,19.75,19.75,19.75,400,2021-04-06 23:25:00,GBOX
19.83,19.9,19.83,19.9,1508,2021-04-06 23:30:00,GBOX
19.6,19.6,19.51,19.6,1000,2021-04-06 23:35:00,GBOX
19.9,19.9,19.8,19.8,500,2021-04-06 23:45:00,GBOX
19.8,19.8,19.7,19.74,500,2021-04-06 23:50:00,GBOX
19.65,19.7,19.11,19.35,3464,2021-04-06 23:55:00,GBOX
19.5,19.5,19.45,19.45,1250,2021-04-07 11:00:00,GBOX
19.82,19.82,19.82,19.82,100,2021-04-07 11:10:00,GBOX
19.46,19.46,19.36,19.36,1202,2021-04-07 11:20:00,GBOX
19.37,19.37,19.37,19.37,445,2021-04-07 11:25:00,GBOX
19.37,19.37,19.35,19.35,1983,2021-04-07 11:30:00,GBOX
19.31,19.31,19.31,19.31,201,2021-04-07 11:35:00,GBOX
19.39,19.5,19.39,19.5,1961,2021-04-07 11:40:00,GBOX
19.55,19.55,19.5,19.5,642,2021-04-07 11:45:00,GBOX
19.45,19.45,19.4,19.4,527,2021-04-07 11:50:00,GBOX
19.41,19.41,19.4,19.4,437,2021-04-07 11:55:00,GBOX
19.35,19.3601,19.35,19.36,1057,2021-04-07 12:00:00,GBOX
19.4,19.4,19.4,19.4,350,2021-04-07 12:05:00,GBOX
19.49,19.49,19.49,19.49,300,2021-04-07 12:15:00,GBOX
19.49,19.55,19.49,19.55,2159,2021-04-07 12:25:00,GBOX
19.69,19.8,19.69,19.8,200,2021-04-07 12:30:00,GBOX
19.85,19.85,19.6,19.6,1009,2021-04-07 12:35:00,GBOX
19.8,19.8,19.8,19.8,100,2021-04-07 12:40:00,GBOX
19.8,19.8,19.7,19.7,200,2021-04-07 12:45:00,GBOX
19.6,19.6,19.6,19.6,1148,2021-04-07 12:50:00,GBOX
19.6,19.6001,19.6,19.6,900,2021-04-07 13:00:00,GBOX
19.6,19.6,19.6,19.6,100,2021-04-07 13:05:00,GBOX
19.64,19.64,19.49,19.49,2811,2021-04-07 13:20:00,GBOX
19.36,19.36,19.21,19.21,325,2021-04-07 13:25:00,GBOX
19.2,19.2099,18.5,18.9,87509,2021-04-07 13:30:00,GBOX
18.9075,19.4899,18.6,19.21,52484,2021-04-07 13:35:00,GBOX
19.35,19.95,19.2201,19.9292,90971,2021-04-07 13:40:00,GBOX
19.99,20.6,19.7101,20.1627,158317,2021-04-07 13:45:00,GBOX
20.07,20.1613,19.35,19.4499,88817,2021-04-07 13:50:00,GBOX
19.41,19.58,19.01,19.12,14871,2021-04-07 13:55:00,GBOX
19.1,19.1824,18.85,19.1659,64825,2021-04-07 14:00:00,GBOX
19.0697,19.19,18.8501,18.8501,30407,2021-04-07 14:05:00,GBOX
18.85,18.88,18.2,18.4,65496,2021-04-07 14:10:00,GBOX
18.36,18.3937,17.4,17.539,163222,2021-04-07 14:15:00,GBOX
17.5935,18.14,17.5903,17.9904,38344,2021-04-07 14:20:00,GBOX
17.9731,18.33,17.75,18.3295,42789,2021-04-07 14:25:00,GBOX
18.33,18.47,18.15,18.15,14239,2021-04-07 14:30:00,GBOX
18.1681,18.35,18.01,18.2614,14260,2021-04-07 14:35:00,GBOX
18.36,18.48,18.35,18.4599,15188,2021-04-07 14:40:00,GBOX
18.439,18.4599,18.33,18.44,7645,2021-04-07 14:45:00,GBOX
18.3467,18.373,18.02,18.105,8966,2021-04-07 14:50:00,GBOX
18.17,18.24,18.0913,18.0921,7582,2021-04-07 14:55:00,GBOX
18.0924,18.21,18.0711,18.17,3361,2021-04-07 15:00:00,GBOX
18.1799,18.28,18.145,18.26,12715,2021-04-07 15:05:00,GBOX
18.28,18.38,18.26,18.38,11289,2021-04-07 15:10:00,GBOX
18.375,18.6692,18.375,18.6692,30707,2021-04-07 15:15:00,GBOX
18.6899,19.0,18.625,18.8978,20691,2021-04-07 15:20:00,GBOX
18.7072,19.0,18.46,18.585,11048,2021-04-07 15:25:00,GBOX
18.48,18.6,18.4,18.555,4863,2021-04-07 15:30:00,GBOX
18.4601,18.4601,18.06,18.06,14513,2021-04-07 15:35:00,GBOX
18.02,18.02,17.3201,17.46,74272,2021-04-07 15:40:00,GBOX
17.39,17.8,17.35,17.8,24555,2021-04-07 15:45:00,GBOX
17.71,17.98,17.71,17.9799,12129,2021-04-07 15:50:00,GBOX
17.92,18.165,17.91,18.125,5445,2021-04-07 15:55:00,GBOX
18.15,18.15,18.0,18.0,9860,2021-04-07 16:00:00,GBOX
18.0104,18.0104,17.8501,17.89,6900,2021-04-07 16:05:00,GBOX
17.9,18.0861,17.9,17.99,5204,2021-04-07 16:10:00,GBOX
17.99,17.99,17.46,17.6628,21191,2021-04-07 16:15:00,GBOX
17.7447,17.7447,17.5379,17.58,17898,2021-04-07 16:20:00,GBOX
17.66,17.66,17.48,17.62,20972,2021-04-07 16:25:00,GBOX
17.62,17.9042,17.5001,17.9042,30505,2021-04-07 16:30:00,GBOX
17.806,18.0699,17.806,17.9358,15854,2021-04-07 16:35:00,GBOX
17.945,17.945,17.76,17.82,5443,2021-04-07 16:40:00,GBOX
17.8399,18.24,17.82,18.0001,15434,2021-04-07 16:45:00,GBOX
18.21,18.47,18.1,18.467,22965,2021-04-07 16:50:00,GBOX
18.355,18.66,18.25,18.4602,21310,2021-04-07 16:55:00,GBOX
18.4,18.4742,18.375,18.44,3232,2021-04-07 17:00:00,GBOX
18.3874,18.4,18.275,18.275,2491,2021-04-07 17:05:00,GBOX
18.26,18.295,18.25,18.2501,4094,2021-04-07 17:10:00,GBOX
18.33,18.98,18.3109,18.85,13358,2021-04-07 17:15:00,GBOX
18.7713,19.2597,18.56,19.2597,33813,2021-04-07 17:20:00,GBOX
19.045,19.6403,19.0101,19.41,64949,2021-04-07 17:25:00,GBOX
19.59,19.64,19.2132,19.4,63898,2021-04-07 17:30:00,GBOX
19.4,19.5,19.238,19.4,19089,2021-04-07 17:35:00,GBOX
19.44,20.39,19.3619,20.0,73014,2021-04-07 17:40:00,GBOX
19.9,20.297,19.75,20.06,45454,2021-04-07 17:45:00,GBOX
20.135,20.22,19.6,19.75,47310,2021-04-07 17:50:00,GBOX
19.81,20.1466,19.75,19.945,24938,2021-04-07 17:55:00,GBOX
19.8201,20.0694,19.8,19.81,8766,2021-04-07 18:00:00,GBOX
19.82,19.82,19.66,19.71,18921,2021-04-07 18:05:00,GBOX
19.73,19.83,19.73,19.825,7764,2021-04-07 18:10:00,GBOX
19.879,20.1,19.81,19.955,23327,2021-04-07 18:15:00,GBOX
20.0,20.0,19.7501,19.94,10817,2021-04-07 18:20:00,GBOX
19.8712,19.895,19.75,19.75,19800,2021-04-07 18:25:00,GBOX
19.76,19.9266,19.75,19.9266,19485,2021-04-07 18:30:00,GBOX
19.88,19.88,19.7084,19.8,16595,2021-04-07 18:35:00,GBOX
19.8,19.89,19.75,19.83,14055,2021-04-07 18:40:00,GBOX
19.91,20.08,19.75,19.75,36829,2021-04-07 18:45:00,GBOX
19.7514,19.9,19.75,19.89,9332,2021-04-07 18:50:00,GBOX
19.86,19.9,19.75,19.9,15970,2021-04-07 18:55:00,GBOX
19.88,20.19,19.85,20.0494,26822,2021-04-07 19:00:00,GBOX
20.0,20.09,19.918,20.035,24075,2021-04-07 19:05:00,GBOX
20.0,20.2,19.98,20.2,22822,2021-04-07 19:10:00,GBOX
20.17,20.45,20.06,20.4,59815,2021-04-07 19:15:00,GBOX
20.43,20.78,20.3321,20.4,119395,2021-04-07 19:20:00,GBOX
20.545,20.6899,20.22,20.4095,35979,2021-04-07 19:25:00,GBOX
20.3653,20.54,20.22,20.22,20994,2021-04-07 19:30:00,GBOX
20.2,20.5094,20.2,20.41,27609,2021-04-07 19:35:00,GBOX
20.43,20.5055,20.25,20.25,24382,2021-04-07 19:40:00,GBOX
20.26,20.44,20.11,20.13,30747,2021-04-07 19:45:00,GBOX
20.25,20.25,19.75,19.7501,44949,2021-04-07 19:50:00,GBOX
19.76,19.905,19.33,19.338,61034,2021-04-07 19:55:00,GBOX
19.39,19.39,19.31,19.39,10021,2021-04-07 20:00:00,GBOX
19.5,19.5,19.45,19.45,989,2021-04-07 20:10:00,GBOX
19.7,19.7,19.7,19.7,500,2021-04-07 20:20:00,GBOX
19.65,19.65,19.65,19.65,700,2021-04-07 21:10:00,GBOX
19.6499,19.6499,19.6499,19.6499,100,2021-04-07 21:15:00,GBOX
19.6499,19.6499,19.55,19.55,700,2021-04-07 21:25:00,GBOX
19.54,19.54,19.54,19.54,500,2021-04-07 21:50:00,GBOX
19.45,19.45,19.45,19.45,100,2021-04-07 22:20:00,GBOX
19.53,19.53,19.53,19.53,100,2021-04-07 22:30:00,GBOX
19.3,19.3,19.3,19.3,300,2021-04-07 23:00:00,GBOX
19.3,19.3,19.3,19.3,250,2021-04-07 23:15:00,GBOX
19.3,19.3,19.3,19.3,100,2021-04-07 23:30:00,GBOX
19.3,19.3,19.3,19.3,800,2021-04-07 23:40:00,GBOX
19.96,19.97,19.96,19.97,248,2021-04-08 08:00:00,GBOX
19.94,19.94,19.94,19.94,400,2021-04-08 08:25:00,GBOX
19.94,19.96,19.94,19.96,200,2021-04-08 08:30:00,GBOX
19.9,19.9,19.9,19.9,200,2021-04-08 09:05:00,GBOX
19.5,19.5,19.5,19.5,499,2021-04-08 11:10:00,GBOX
19.65,19.8,19.65,19.8,2445,2021-04-08 11:30:00,GBOX
19.85,19.85,19.7,19.7,351,2021-04-08 11:40:00,GBOX
19.7,19.84,19.7,19.84,400,2021-04-08 11:45:00,GBOX
19.7,19.7,19.65,19.65,367,2021-04-08 11:55:00,GBOX
19.6001,19.6001,19.6,19.6,800,2021-04-08 12:05:00,GBOX
19.6,19.6,19.6,19.6,125,2021-04-08 12:10:00,GBOX
19.6,19.6,19.6,19.6,200,2021-04-08 12:20:00,GBOX
19.58,20.29,19.58,19.95,2984,2021-04-08 12:30:00,GBOX
19.5,19.5,19.06,19.22,1318,2021-04-08 12:35:00,GBOX
19.1,19.28,19.06,19.15,1590,2021-04-08 12:40:00,GBOX
19.15,19.15,19.1,19.1,600,2021-04-08 12:45:00,GBOX
19.1501,19.16,19.1501,19.16,300,2021-04-08 12:50:00,GBOX
19.17,19.17,19.15,19.15,400,2021-04-08 12:55:00,GBOX
19.15,19.15,19.0001,19.0001,1156,2021-04-08 13:00:00,GBOX
19.0,19.0,19.0,19.0,600,2021-04-08 13:05:00,GBOX
19.0,19.16,19.0,19.06,3000,2021-04-08 13:10:00,GBOX
19.16,19.16,19.16,19.16,550,2021-04-08 13:15:00,GBOX
19.15,19.15,19.06,19.06,1209,2021-04-08 13:20:00,GBOX
19.13,19.13,19.06,19.06,325,2021-04-08 13:25:00,GBOX
19.02,19.365,18.63,18.9999,31374,2021-04-08 13:30:00,GBOX
18.7909,19.0665,18.51,18.51,32943,2021-04-08 13:35:00,GBOX
18.51,18.64,17.96,18.47,58065,2021-04-08 13:40:00,GBOX
18.41,18.75,18.4,18.7367,33556,2021-04-08 13:45:00,GBOX
18.6797,19.1,18.5281,18.9663,27670,2021-04-08 13:50:00,GBOX
18.9999,19.08,18.8,19.025,7795,2021-04-08 13:55:00,GBOX
19.08,19.25,18.8,18.8001,31134,2021-04-08 14:00:00,GBOX
18.75,18.75,18.5003,18.625,12768,2021-04-08 14:05:00,GBOX
18.7,18.7,18.3801,18.391,7168,2021-04-08 14:10:00,GBOX
18.46,18.5,18.0,18.22,59195,2021-04-08 14:15:00,GBOX
18.1601,18.2899,18.0135,18.24,50324,2021-04-08 14:20:00,GBOX
18.2155,18.3,18.0,18.0,28896,2021-04-08 14:25:00,GBOX
18.0,18.1886,17.85,18.1,17700,2021-04-08 14:30:00,GBOX
17.98,18.08,17.8,18.05,45032,2021-04-08 14:35:00,GBOX
18.08,18.2,18.08,18.1001,10317,2021-04-08 14:40:00,GBOX
18.19,18.25,18.0633,18.0633,6209,2021-04-08 14:45:00,GBOX
18.07,18.15,18.01,18.15,3463,2021-04-08 14:50:00,GBOX
18.102,18.125,17.9,18.015,21427,2021-04-08 14:55:00,GBOX
18.015,18.015,17.875,17.9,7955,2021-04-08 15:00:00,GBOX
17.96,18.101,17.82,18.101,17794,2021-04-08 15:05:00,GBOX
18.15,18.15,18.02,18.0925,3253,2021-04-08 15:10:00,GBOX
18.09,18.32,18.0636,18.2836,11432,2021-04-08 15:15:00,GBOX
18.3,18.5,18.2883,18.4413,10528,2021-04-08 15:20:00,GBOX
18.4,18.72,18.4,18.615,21427,2021-04-08 15:25:00,GBOX
18.63,18.8,18.5265,18.75,7836,2021-04-08 15:30:00,GBOX
18.74,19.0,18.74,18.9,38811,2021-04-08 15:35:00,GBOX
18.8999,19.1999,18.75,19.1,14647,2021-04-08 15:40:00,GBOX
19.02,19.2,18.9,19.02,34515,2021-04-08 15:45:00,GBOX
19.0994,19.1,18.9,18.9,3807,2021-04-08 15:50:00,GBOX
18.9,18.99,18.75,18.9,17588,2021-04-08 15:55:00,GBOX
18.8,18.89,18.6977,18.89,4555,2021-04-08 16:00:00,GBOX
18.855,18.89,18.55,18.55,5992,2021-04-08 16:05:00,GBOX
18.615,18.78,18.5501,18.78,2863,2021-04-08 16:10:00,GBOX
18.7711,18.8,18.69,18.7698,2100,2021-04-08 16:15:00,GBOX
18.76,18.78,18.6372,18.78,575,2021-04-08 16:20:00,GBOX
18.7666,18.7694,18.69,18.7694,920,2021-04-08 16:25:00,GBOX
18.7,18.7485,18.6566,18.6959,6104,2021-04-08 16:30:00,GBOX
18.69,18.69,18.34,18.4245,18799,2021-04-08 16:35:00,GBOX
18.3462,18.3899,18.18,18.37,5755,2021-04-08 16:40:00,GBOX
18.3699,18.3699,18.29,18.31,4661,2021-04-08 16:45:00,GBOX
18.25,18.5247,18.25,18.5247,4485,2021-04-08 16:50:00,GBOX
18.5298,18.55,18.4479,18.4479,3707,2021-04-08 16:55:00,GBOX
18.49,18.49,18.425,18.4634,825,2021-04-08 17:00:00,GBOX
18.48,18.48,18.42,18.48,3205,2021-04-08 17:05:00,GBOX
18.48,18.48,18.37,18.3895,1040,2021-04-08 17:10:00,GBOX
18.38,18.38,18.25,18.26,6545,2021-04-08 17:15:00,GBOX
18.25,18.44,18.2,18.42,14376,2021-04-08 17:20:00,GBOX
18.37,18.37,18.2458,18.3695,4894,2021-04-08 17:25:00,GBOX
18.36,18.43,18.33,18.43,1100,2021-04-08 17:30:00,GBOX
18.43,18.44,18.3215,18.37,1400,2021-04-08 17:35:00,GBOX
18.4,18.4,18.3,18.34,1468,2021-04-08 17:40:00,GBOX
18.34,18.34,18.26,18.3,1729,2021-04-08 17:45:00,GBOX
18.3,18.4,18.3,18.3826,1593,2021-04-08 17:50:00,GBOX
18.4,18.5,18.2601,18.2601,1300,2021-04-08 17:55:00,GBOX
18.44,18.44,18.2709,18.43,1500,2021-04-08 18:00:00,GBOX
18.4,18.42,18.26,18.26,3500,2021-04-08 18:05:00,GBOX
18.39,18.4,18.25,18.2756,2950,2021-04-08 18:10:00,GBOX
18.3687,18.4,18.2606,18.4,3922,2021-04-08 18:15:00,GBOX
18.373,18.55,18.2801,18.52,7500,2021-04-08 18:20:00,GBOX
18.5045,18.79,18.485,18.64,7043,2021-04-08 18:25:00,GBOX
18.64,18.7446,18.5101,18.7446,8032,2021-04-08 18:30:00,GBOX
18.7001,18.78,18.5894,18.66,2300,2021-04-08 18:35:00,GBOX
18.72,18.86,18.7,18.7402,5186,2021-04-08 18:40:00,GBOX
18.65,18.74,18.5327,18.74,1885,2021-04-08 18:45:00,GBOX
18.65,18.65,18.65,18.65,100,2021-04-08 18:50:00,GBOX
18.6,18.64,18.54,18.54,550,2021-04-08 18:55:00,GBOX
18.59,18.6,18.41,18.41,14271,2021-04-08 19:00:00,GBOX
18.4,18.5299,18.4,18.465,9587,2021-04-08 19:05:00,GBOX
18.45,18.5279,18.45,18.48,2600,2021-04-08 19:10:00,GBOX
18.5,18.51,18.4,18.44,5204,2021-04-08 19:15:00,GBOX
18.4295,18.57,18.295,18.5,24268,2021-04-08 19:20:00,GBOX
18.4,18.41,18.34,18.355,14066,2021-04-08 19:25:00,GBOX
18.335,18.35,18.25,18.3,19608,2021-04-08 19:30:00,GBOX
18.29,18.34,18.21,18.2391,17401,2021-04-08 19:35:00,GBOX
18.2,18.27,18.19,18.2,18082,2021-04-08 19:40:00,GBOX
18.1901,18.195,17.9,17.9826,31608,2021-04-08 19:45:00,GBOX
18.0,18.05,17.88,18.005,10293,2021-04-08 19:50:00,GBOX
18.0699,18.08,17.95,17.95,11388,2021-04-08 19:55:00,GBOX
17.96,17.96,17.96,17.96,2741,2021-04-08 20:00:00,GBOX
17.8601,17.96,17.8601,17.96,200,2021-04-08 20:20:00,GBOX
17.96,17.96,17.9599,17.9599,700,2021-04-08 20:25:00,GBOX
17.96,17.96,17.87,17.88,1086,2021-04-08 20:30:00,GBOX
17.96,17.96,17.96,17.96,100,2021-04-08 20:45:00,GBOX
17.88,17.88,17.88,17.88,342,2021-04-08 20:50:00,GBOX
18.0,18.0,18.0,18.0,750,2021-04-08 21:40:00,GBOX
18.0,18.0,18.0,18.0,500,2021-04-08 21:50:00,GBOX
18.05,18.05,18.05,18.05,200,2021-04-08 22:05:00,GBOX
18.06,18.06,18.01,18.01,998,2021-04-08 22:10:00,GBOX
18.04,18.04,18.04,18.04,400,2021-04-08 22:30:00,GBOX
18.03,18.03,18.03,18.03,1000,2021-04-08 22:35:00,GBOX
18.1,18.1,18.1,18.1,250,2021-04-08 22:45:00,GBOX
18.02,18.02,18.0,18.0,11302,2021-04-08 22:55:00,GBOX
17.96,17.96,17.96,17.96,100,2021-04-08 23:00:00,GBOX
17.95,17.95,17.95,17.95,100,2021-04-08 23:10:00,GBOX
17.88,17.88,17.88,17.88,597,2021-04-08 23:45:00,GBOX
18.05,18.05,18.05,18.05,500,2021-04-08 23:50:00,GBOX
17.96,17.96,17.96,17.96,100,2021-04-09 11:00:00,GBOX
18.05,18.05,18.05,18.05,400,2021-04-09 11:35:00,GBOX
18.05,18.05,18.05,18.05,200,2021-04-09 12:00:00,GBOX
18.05,18.05,18.05,18.05,3167,2021-04-09 12:10:00,GBOX
18.05,18.05,18.05,18.05,115,2021-04-09 12:15:00,GBOX
18.05,18.05,18.05,18.05,100,2021-04-09 12:45:00,GBOX
18.05,18.05,18.05,18.05,457,2021-04-09 12:50:00,GBOX
17.96,18.23,17.6001,17.6001,33560,2021-04-09 13:30:00,GBOX
17.8499,17.8499,16.85,17.1668,41292,2021-04-09 13:35:00,GBOX
17.1521,17.75,17.1521,17.669,18269,2021-04-09 13:40:00,GBOX
17.5731,17.5731,17.2,17.4,26960,2021-04-09 13:45:00,GBOX
17.4,17.998,17.4,17.9,21328,2021-04-09 13:50:00,GBOX
17.81,17.971,17.6,17.67,11286,2021-04-09 13:55:00,GBOX
17.8,17.87,17.67,17.695,8554,2021-04-09 14:00:00,GBOX
17.695,17.695,17.32,17.42,11897,2021-04-09 14:05:00,GBOX
17.35,17.5099,17.31,17.38,6995,2021-04-09 14:10:00,GBOX
17.345,17.4,17.2804,17.3879,5921,2021-04-09 14:15:00,GBOX
17.3,17.3,16.99,17.0445,21793,2021-04-09 14:20:00,GBOX
16.96,17.2017,16.9,16.9999,18895,2021-04-09 14:25:00,GBOX
16.94,17.1871,16.94,17.0,8772,2021-04-09 14:30:00,GBOX
17.06,17.19,17.01,17.095,6635,2021-04-09 14:35:00,GBOX
17.05,17.1557,17.0,17.15,8385,2021-04-09 14:40:00,GBOX
17.1454,17.35,17.105,17.33,3673,2021-04-09 14:45:00,GBOX
17.3499,17.3499,17.215,17.25,2801,2021-04-09 14:50:00,GBOX
17.2301,17.2999,17.21,17.22,1514,2021-04-09 14:55:00,GBOX
17.15,17.22,17.0,17.0001,15711,2021-04-09 15:00:00,GBOX
17.09,17.19,17.0,17.095,8435,2021-04-09 15:05:00,GBOX
17.02,17.2324,17.0,17.2,16278,2021-04-09 15:10:00,GBOX
17.16,17.22,17.0101,17.16,2704,2021-04-09 15:15:00,GBOX
17.11,17.11,17.05,17.0735,6419,2021-04-09 15:20:00,GBOX
17.13,17.13,17.02,17.02,11800,2021-04-09 15:25:00,GBOX
17.0201,17.1,16.9,16.95,15920,2021-04-09 15:30:00,GBOX
16.95,16.96,16.65,16.691,18155,2021-04-09 15:35:00,GBOX
16.765,16.9241,16.765,16.85,14125,2021-04-09 15:40:00,GBOX
16.913,16.9199,16.7,16.7441,4006,2021-04-09 15:45:00,GBOX
16.815,16.92,16.72,16.86,43261,2021-04-09 15:50:00,GBOX
16.86,17.09,16.845,17.0305,48374,2021-04-09 15:55:00,GBOX
17.0,17.36,16.97,17.255,38267,2021-04-09 16:00:00,GBOX
17.27,17.32,17.14,17.195,12876,2021-04-09 16:05:00,GBOX
17.06,17.5284,17.06,17.2044,29302,2021-04-09 16:10:00,GBOX
17.2408,17.6799,17.195,17.6,11555,2021-04-09 16:15:00,GBOX
17.6,17.6,17.25,17.455,18387,2021-04-09 16:20:00,GBOX
17.38,17.51,17.3655,17.3655,7316,2021-04-09 16:25:00,GBOX
17.39,17.4522,17.25,17.36,7503,2021-04-09 16:30:00,GBOX
17.36,17.41,17.17,17.17,5288,2021-04-09 16:35:00,GBOX
17.17,17.4,17.12,17.19,5100,2021-04-09 16:40:00,GBOX
17.06,17.1665,16.9,16.9,5999,2021-04-09 16:45:00,GBOX
16.84,17.0,16.84,16.975,20341,2021-04-09 16:50:00,GBOX
16.97,17.04,16.72,16.85,19375,2021-04-09 16:55:00,GBOX
16.85,16.94,16.52,16.54,32628,2021-04-09 17:00:00,GBOX
16.54,16.7,16.3101,16.5,50769,2021-04-09 17:05:00,GBOX
16.6799,16.6799,16.38,16.5441,10943,2021-04-09 17:10:00,GBOX
16.5436,16.6877,16.43,16.66,11241,2021-04-09 17:15:00,GBOX
16.7121,17.03,16.67,16.85,34240,2021-04-09 17:20:00,GBOX
16.7501,16.92,16.7501,16.92,3818,2021-04-09 17:25:00,GBOX
16.9164,16.9299,16.75,16.82,6290,2021-04-09 17:30:00,GBOX
16.87,16.88,16.63,16.63,5500,2021-04-09 17:35:00,GBOX
16.5501,16.7,16.52,16.6807,13450,2021-04-09 17:40:00,GBOX
16.6758,16.6758,16.42,16.42,5542,2021-04-09 17:45:00,GBOX
16.465,16.75,16.41,16.48,16512,2021-04-09 17:50:00,GBOX
16.52,16.63,16.3801,16.4147,9441,2021-04-09 17:55:00,GBOX
16.39,16.49,16.2896,16.37,22996,2021-04-09 18:00:00,GBOX
16.35,16.47,16.23,16.33,30136,2021-04-09 18:05:00,GBOX
16.33,16.5,15.95,16.1,97728,2021-04-09 18:10:00,GBOX
16.11,16.49,16.11,16.38,14730,2021-04-09 18:15:00,GBOX
16.345,16.4999,16.31,16.4799,4217,2021-04-09 18:20:00,GBOX
16.455,16.75,16.4221,16.7324,8308,2021-04-09 18:25:00,GBOX
16.6401,16.642,16.42,16.5157,11489,2021-04-09 18:30:00,GBOX
16.5199,16.585,16.481,16.51,8766,2021-04-09 18:35:00,GBOX
16.55,16.6,16.5101,16.58,5817,2021-04-09 18:40:00,GBOX
16.6,16.6,16.3,16.32,7429,2021-04-09 18:45:00,GBOX
16.3129,16.4399,16.3006,16.3006,10261,2021-04-09 18:50:00,GBOX
16.4279,16.44,16.21,16.21,5057,2021-04-09 18:55:00,GBOX
16.21,16.21,16.04,16.07,8859,2021-04-09 19:00:00,GBOX
16.07,16.2652,16.07,16.2,8143,2021-04-09 19:05:00,GBOX
16.2756,16.2756,16.0925,16.0925,7045,2021-04-09 19:10:00,GBOX
16.0901,16.237,16.03,16.237,22027,2021-04-09 19:15:00,GBOX
16.26,16.26,16.11,16.2199,4750,2021-04-09 19:20:00,GBOX
16.185,16.26,16.17,16.215,6209,2021-04-09 19:25:00,GBOX
16.215,16.26,16.1001,16.125,11018,2021-04-09 19:30:00,GBOX
16.125,16.17,16.1,16.17,27010,2021-04-09 19:35:00,GBOX
16.17,16.2299,16.0,16.02,28891,2021-04-09 19:40:00,GBOX
16.12,16.2257,16.0416,16.13,16672,2021-04-09 19:45:00,GBOX
16.09,16.2199,16.0,16.14,31859,2021-04-09 19:50:00,GBOX
16.1001,16.37,16.1001,16.34,49533,2021-04-09 19:55:00,GBOX
16.35,16.64,16.35,16.64,6058,2021-04-09 20:00:00,GBOX
16.59,16.59,16.59,16.59,120,2021-04-09 20:05:00,GBOX
16.34,16.34,16.34,16.34,100,2021-04-09 20:20:00,GBOX
16.4899,16.4899,16.4899,16.4899,135,2021-04-09 20:30:00,GBOX
16.49,16.6899,16.49,16.6899,353,2021-04-09 20:35:00,GBOX
16.35,16.35,16.35,16.35,100,2021-04-09 21:05:00,GBOX
16.25,16.25,16.25,16.25,100,2021-04-09 21:25:00,GBOX
16.72,16.72,16.55,16.55,1801,2021-04-09 22:40:00,GBOX
16.58,16.58,16.58,16.58,1000,2021-04-09 22:45:00,GBOX
16.63,16.63,16.63,16.63,1500,2021-04-09 22:55:00,GBOX
16.65,16.65,16.58,16.58,2000,2021-04-09 23:00:00,GBOX
16.73,16.73,16.73,16.73,100,2021-04-09 23:05:00,GBOX
16.76,16.76,16.76,16.76,200,2021-04-09 23:20:00,GBOX
16.8,16.8,16.78,16.78,400,2021-04-09 23:30:00,GBOX
16.58,16.58,16.58,16.58,300,2021-04-09 23:35:00,GBOX
15.85,15.85,15.82,15.82,200,2021-04-12 09:25:00,GBOX
15.87,15.87,15.87,15.87,182,2021-04-12 10:40:00,GBOX
15.87,15.87,15.87,15.87,182,2021-04-12 10:45:00,GBOX
16.18,16.18,15.9,15.9,1370,2021-04-12 11:00:00,GBOX
16.01,16.2,16.0,16.18,3576,2021-04-12 11:05:00,GBOX
16.3,16.3,16.2,16.2,431,2021-04-12 11:25:00,GBOX
16.25,16.25,16.25,16.25,1188,2021-04-12 13:10:00,GBOX
16.36,16.75,16.36,16.4307,18449,2021-04-12 13:30:00,GBOX
16.575,16.981,16.575,16.935,33747,2021-04-12 13:35:00,GBOX
16.935,17.24,16.8001,16.9298,39730,2021-04-12 13:40:00,GBOX
16.9007,17.05,16.61,16.685,15337,2021-04-12 13:45:00,GBOX
16.62,16.75,16.45,16.485,15299,2021-04-12 13:50:00,GBOX
16.52,16.73,16.45,16.7016,11767,2021-04-12 13:55:00,GBOX
16.7,16.7,16.4001,16.57,1868,2021-04-12 14:00:00,GBOX
16.57,16.6225,16.5011,16.57,6492,2021-04-12 14:05:00,GBOX
16.64,16.64,16.5001,16.57,12501,2021-04-12 14:10:00,GBOX
16.62,17.85,16.5701,17.5,370639,2021-04-12 14:15:00,GBOX
17.61,17.75,17.3068,17.5905,113243,2021-04-12 14:20:00,GBOX
17.61,18.1,17.55,17.9895,97449,2021-04-12 14:25:00,GBOX
18.03,18.1,17.65,17.7391,46302,2021-04-12 14:30:00,GBOX
17.7,17.7499,17.27,17.48,34792,2021-04-12 14:35:00,GBOX
17.445,17.7461,17.445,17.645,28916,2021-04-12 14:40:00,GBOX
17.7099,17.75,17.5938,17.67,20406,2021-04-12 14:45:00,GBOX
17.6487,18.0182,17.6487,17.9001,51009,2021-04-12 14:50:00,GBOX
17.9,18.28,17.85,18.1201,49365,2021-04-12 14:55:00,GBOX
18.13,18.15,17.83,17.92,28713,2021-04-12 15:00:00,GBOX
18.0,18.1499,17.8501,18.1499,29853,2021-04-12 15:05:00,GBOX
18.1,18.2,17.845,17.9843,27414,2021-04-12 15:10:00,GBOX
18.0,18.0,17.6006,17.6582,19787,2021-04-12 15:15:00,GBOX
17.635,17.82,17.6001,17.6899,10508,2021-04-12 15:20:00,GBOX
17.69,17.7739,17.5201,17.7739,14690,2021-04-12 15:25:00,GBOX
17.8059,17.8059,17.7001,17.745,4494,2021-04-12 15:30:00,GBOX
17.7339,17.9376,17.71,17.91,19147,2021-04-12 15:35:00,GBOX
17.93,18.1,17.93,18.08,11277,2021-04-12 15:40:00,GBOX
18.0723,18.24,18.0501,18.09,42699,2021-04-12 15:45:00,GBOX
18.1121,18.12,17.7,17.905,31686,2021-04-12 15:50:00,GBOX
17.9699,17.97,17.7148,17.9351,12968,2021-04-12 15:55:00,GBOX
17.87,17.9586,17.86,17.913,6029,2021-04-12 16:00:00,GBOX
17.91,18.16,17.91,18.0799,11881,2021-04-12 16:05:00,GBOX
18.07,18.15,18.03,18.0332,11687,2021-04-12 16:10:00,GBOX
18.1401,18.1401,18.01,18.0659,16903,2021-04-12 16:15:00,GBOX
18.0879,18.0879,17.79,18.0042,31429,2021-04-12 16:20:00,GBOX
17.92,18.012,17.91,17.9195,4760,2021-04-12 16:25:00,GBOX
17.9101,18.04,17.9101,18.0152,11597,2021-04-12 16:30:00,GBOX
18.014,18.02,17.9374,17.9587,8584,2021-04-12 16:35:00,GBOX
17.9501,18.0012,17.95,17.9914,9122,2021-04-12 16:40:00,GBOX
17.985,18.0,17.9279,17.9279,9206,2021-04-12 16:45:00,GBOX
17.92,17.92,17.825,17.85,11397,2021-04-12 16:50:00,GBOX
17.875,17.9542,17.875,17.9207,2195,2021-04-12 16:55:00,GBOX
17.941,18.04,17.93,18.0139,15596,2021-04-12 17:00:00,GBOX
17.99,18.02,17.8001,17.9502,24025,2021-04-12 17:05:00,GBOX
17.95,17.95,17.87,17.875,7960,2021-04-12 17:10:00,GBOX
17.875,17.875,17.6,17.66,20457,2021-04-12 17:15:00,GBOX
17.6238,17.7358,17.6238,17.7354,7716,2021-04-12 17:20:00,GBOX
17.75,18.06,17.75,18.06,14597,2021-04-12 17:25:00,GBOX
18.06,18.23,18.05,18.1312,22793,2021-04-12 17:30:00,GBOX
18.1385,18.55,18.1385,18.4,84015,2021-04-12 17:35:00,GBOX
18.46,18.49,18.3101,18.425,17276,2021-04-12 17:40:00,GBOX
18.37,18.85,18.37,18.8133,80282,2021-04-12 17:45:00,GBOX
18.8399,18.8399,18.3901,18.5,37510,2021-04-12 17:50:00,GBOX
18.5,18.5799,18.35,18.4,17854,2021-04-12 17:55:00,GBOX
18.36,18.5499,18.36,18.538,6086,2021-04-12 18:00:00,GBOX
18.475,18.5799,18.45,18.52,7058,2021-04-12 18:05:00,GBOX
18.5827,18.69,18.47,18.51,27669,2021-04-12 18:10:00,GBOX
18.55,18.88,18.53,18.8,29272,2021-04-12 18:15:00,GBOX
18.6601,18.79,18.56,18.6912,17662,2021-04-12 18:20:00,GBOX
18.76,18.97,18.7,18.78,20642,2021-04-12 18:25:00,GBOX
18.7,19.1,18.7,19.1,51837,2021-04-12 18:30:00,GBOX
18.9801,19.1,18.56,19.02,31805,2021-04-12 18:35:00,GBOX
19.035,19.035,18.53,18.69,25567,2021-04-12 18:40:00,GBOX
18.58,18.73,18.505,18.685,10285,2021-04-12 18:45:00,GBOX
18.6536,18.73,18.56,18.5688,6785,2021-04-12 18:50:00,GBOX
18.56,18.8799,18.29,18.66,38413,2021-04-12 18:55:00,GBOX
18.75,18.8396,18.54,18.675,8437,2021-04-12 19:00:00,GBOX
18.74,18.74,18.61,18.675,4925,2021-04-12 19:05:00,GBOX
18.675,18.85,18.55,18.8067,13705,2021-04-12 19:10:00,GBOX
18.839,19.105,18.76,18.955,105185,2021-04-12 19:15:00,GBOX
18.91,19.19,18.9001,19.09,51201,2021-04-12 19:20:00,GBOX
19.0855,19.0924,18.81,18.91,19881,2021-04-12 19:25:00,GBOX
18.9099,18.97,18.855,18.95,10119,2021-04-12 19:30:00,GBOX
18.92,19.16,18.92,19.03,37516,2021-04-12 19:35:00,GBOX
19.0382,19.2,19.035,19.2,16184,2021-04-12 19:40:00,GBOX
19.19,19.36,18.88,19.04,75469,2021-04-12 19:45:00,GBOX
19.08,19.35,18.88,19.3,38969,2021-04-12 19:50:00,GBOX
19.2986,19.2986,19.09,19.1995,41998,2021-04-12 19:55:00,GBOX
19.22,19.22,19.01,19.12,11848,2021-04-12 20:00:00,GBOX
19.06,19.06,19.0,19.02,725,2021-04-12 20:05:00,GBOX
19.0,19.0,18.99,18.99,1095,2021-04-12 20:10:00,GBOX
19.0,19.0,19.0,19.0,155,2021-04-12 20:15:00,GBOX
19.1,19.12,19.1,19.12,690,2021-04-12 20:20:00,GBOX
19.15,19.15,18.9,18.9,200,2021-04-12 20:25:00,GBOX
19.22,19.22,19.22,19.22,250,2021-04-12 20:30:00,GBOX
19.05,19.05,19.05,19.05,1784,2021-04-12 20:35:00,GBOX
19.13,19.15,19.13,19.15,216,2021-04-12 20:40:00,GBOX
19.1,19.1,19.1,19.1,500,2021-04-12 20:50:00,GBOX
19.0999,19.0999,19.0999,19.0999,100,2021-04-12 20:55:00,GBOX
19.09,19.09,19.09,19.09,200,2021-04-12 21:00:00,GBOX
19.0,19.0,19.0,19.0,350,2021-04-12 21:05:00,GBOX
19.0,19.3,19.0,19.3,1765,2021-04-12 21:30:00,GBOX
18.95,18.95,18.95,18.95,1000,2021-04-12 21:45:00,GBOX
19.0,19.0,19.0,19.0,200,2021-04-12 22:15:00,GBOX
18.9,18.9,18.9,18.9,200,2021-04-12 23:10:00,GBOX
19.2,19.2,19.2,19.2,100,2021-04-12 23:15:00,GBOX
19.0,19.0,19.0,19.0,837,2021-04-12 23:45:00,GBOX
19.0,19.0,19.0,19.0,1397,2021-04-12 23:55:00,GBOX
18.31,18.31,18.31,18.31,182,2021-04-13 08:45:00,GBOX
19.5,19.5,19.5,19.5,419,2021-04-13 09:20:00,GBOX
19.49,19.49,19.49,19.49,100,2021-04-13 09:30:00,GBOX
19.38,19.38,19.38,19.38,100,2021-04-13 10:20:00,GBOX
19.22,19.22,19.2,19.2,718,2021-04-13 11:10:00,GBOX
19.1,19.1,19.1,19.1,500,2021-04-13 11:25:00,GBOX
19.3,19.3,19.3,19.3,642,2021-04-13 11:35:00,GBOX
19.3,19.3,19.3,19.3,200,2021-04-13 11:50:00,GBOX
19.3499,19.3499,19.2001,19.2001,1200,2021-04-13 12:05:00,GBOX
19.25,19.35,19.2,19.2,1990,2021-04-13 12:10:00,GBOX
19.25,19.25,19.15,19.15,1000,2021-04-13 12:20:00,GBOX
19.0,19.0,19.0,19.0,200,2021-04-13 12:25:00,GBOX
19.0,19.0,19.0,19.0,200,2021-04-13 12:40:00,GBOX
18.94,18.94,18.92,18.92,253,2021-04-13 12:50:00,GBOX
18.9003,18.9003,18.9003,18.9003,275,2021-04-13 12:55:00,GBOX
18.95,18.95,18.95,18.95,600,2021-04-13 13:00:00,GBOX
18.9505,18.9507,18.95,18.95,800,2021-04-13 13:05:00,GBOX
18.95,18.95,18.8,18.8,2242,2021-04-13 13:10:00,GBOX
18.77,18.7701,18.77,18.77,805,2021-04-13 13:15:00,GBOX
18.7701,18.7701,18.7701,18.7701,100,2021-04-13 13:20:00,GBOX
18.88,18.89,18.88,18.89,220,2021-04-13 13:25:00,GBOX
18.84,19.1598,18.54,18.6273,34954,2021-04-13 13:30:00,GBOX
18.62,18.85,18.54,18.775,7632,2021-04-13 13:35:00,GBOX
18.8231,18.8231,18.1001,18.24,25267,2021-04-13 13:40:00,GBOX
18.1695,18.4,17.8,17.9713,26793,2021-04-13 13:45:00,GBOX
17.9197,17.99,17.53,17.53,30639,2021-04-13 13:50:00,GBOX
17.55,17.6251,17.25,17.425,55085,2021-04-13 13:55:00,GBOX
17.43,17.9,17.3104,17.7,41679,2021-04-13 14:00:00,GBOX
17.6421,17.6421,17.49,17.563,29202,2021-04-13 14:05:00,GBOX
17.59,17.72,17.26,17.5386,21440,2021-04-13 14:10:00,GBOX
17.5092,17.89,17.45,17.85,22137,2021-04-13 14:15:00,GBOX
17.89,17.89,17.73,17.7388,14812,2021-04-13 14:20:00,GBOX
17.73,17.74,17.49,17.5,8574,2021-04-13 14:25:00,GBOX
17.47,17.6431,17.47,17.635,18335,2021-04-13 14:30:00,GBOX
17.635,17.635,17.4001,17.6099,4768,2021-04-13 14:35:00,GBOX
17.594,17.87,17.52,17.683,89957,2021-04-13 14:40:00,GBOX
17.53,17.59,17.25,17.33,69007,2021-04-13 14:45:00,GBOX
17.3201,17.47,17.3,17.3885,14841,2021-04-13 14:50:00,GBOX
17.3,17.46,17.2601,17.35,20183,2021-04-13 14:55:00,GBOX
17.35,17.3983,17.26,17.26,7697,2021-04-13 15:00:00,GBOX
17.2625,17.38,17.03,17.05,22797,2021-04-13 15:05:00,GBOX
17.08,17.2,17.03,17.1407,29861,2021-04-13 15:10:00,GBOX
17.175,17.21,17.05,17.14,12234,2021-04-13 15:15:00,GBOX
17.1499,17.215,17.105,17.2001,9657,2021-04-13 15:20:00,GBOX
17.205,17.295,17.17,17.22,5487,2021-04-13 15:25:00,GBOX
17.2,17.24,17.04,17.156,6592,2021-04-13 15:30:00,GBOX
17.2254,17.2254,17.115,17.1201,5238,2021-04-13 15:35:00,GBOX
17.1473,17.1473,16.7361,16.99,40364,2021-04-13 15:40:00,GBOX
16.94,16.96,16.1701,16.2908,128762,2021-04-13 15:45:00,GBOX
16.3,16.5,16.2817,16.31,43638,2021-04-13 15:50:00,GBOX
16.31,16.4999,16.0,16.225,69928,2021-04-13 15:55:00,GBOX
16.3065,16.42,16.2001,16.34,22863,2021-04-13 16:00:00,GBOX
16.31,16.44,16.25,16.25,15824,2021-04-13 16:05:00,GBOX
16.25,16.3568,16.0,16.0131,42638,2021-04-13 16:10:00,GBOX
16.1199,16.19,16.05,16.145,8781,2021-04-13 16:15:00,GBOX
16.19,16.2799,16.13,16.17,11966,2021-04-13 16:20:00,GBOX
16.2399,16.4416,16.1501,16.39,12982,2021-04-13 16:25:00,GBOX
16.434,16.57,16.3699,16.46,12357,2021-04-13 16:30:00,GBOX
16.4883,16.54,16.4,16.4501,8648,2021-04-13 16:35:00,GBOX
16.42,16.44,16.365,16.3899,2735,2021-04-13 16:40:00,GBOX
16.34,16.34,16.1201,16.135,10645,2021-04-13 16:45:00,GBOX
16.15,16.24,16.15,16.24,15248,2021-04-13 16:50:00,GBOX
16.21,16.2799,16.181,16.2332,10384,2021-04-13 16:55:00,GBOX
16.2,16.28,16.2,16.2732,7218,2021-04-13 17:00:00,GBOX
16.21,16.285,16.2,16.27,11840,2021-04-13 17:05:00,GBOX
16.22,16.23,16.12,16.13,11991,2021-04-13 17:10:00,GBOX
16.125,16.1637,16.11,16.138,6157,2021-04-13 17:15:00,GBOX
16.1206,16.2,16.05,16.06,13870,2021-04-13 17:20:00,GBOX
16.05,16.09,16.0,16.072,14684,2021-04-13 17:25:00,GBOX
16.1043,16.17,16.095,16.14,7432,2021-04-13 17:30:00,GBOX
16.17,16.2663,16.14,16.2663,11870,2021-04-13 17:35:00,GBOX
16.25,16.43,16.22,16.37,10313,2021-04-13 17:40:00,GBOX
16.4111,16.4111,16.2,16.3809,9522,2021-04-13 17:45:00,GBOX
16.33,16.39,16.27,16.39,3542,2021-04-13 17:50:00,GBOX
16.38,16.55,16.38,16.48,18185,2021-04-13 17:55:00,GBOX
16.5487,16.55,16.44,16.46,3550,2021-04-13 18:00:00,GBOX
16.46,16.4999,16.41,16.41,6011,2021-04-13 18:05:00,GBOX
16.41,16.41,16.17,16.21,10026,2021-04-13 18:10:00,GBOX
16.2117,16.2843,16.181,16.1887,2789,2021-04-13 18:15:00,GBOX
16.185,16.19,16.062,16.062,16500,2021-04-13 18:20:00,GBOX
16.0505,16.0841,15.68,15.78,93012,2021-04-13 18:25:00,GBOX
15.78,15.8451,15.68,15.78,23948,2021-04-13 18:30:00,GBOX
15.81,15.8699,15.66,15.77,20603,2021-04-13 18:35:00,GBOX
15.7695,16.14,15.7,16.04,44541,2021-04-13 18:40:00,GBOX
16.1285,16.19,16.0201,16.1316,17746,2021-04-13 18:45:00,GBOX
16.12,16.13,16.1,16.1,7840,2021-04-13 18:50:00,GBOX
16.1001,16.26,16.1,16.1,13727,2021-04-13 18:55:00,GBOX
16.1013,16.36,16.1013,16.33,11342,2021-04-13 19:00:00,GBOX
16.36,16.4,16.3,16.3899,12508,2021-04-13 19:05:00,GBOX
16.3704,16.46,16.2506,16.4194,24065,2021-04-13 19:10:00,GBOX
16.29,16.4176,16.11,16.18,9411,2021-04-13 19:15:00,GBOX
16.145,16.1986,16.02,16.12,11550,2021-04-13 19:20:00,GBOX
16.1033,16.1033,16.02,16.1,15656,2021-04-13 19:25:00,GBOX
16.065,16.19,16.065,16.19,16961,2021-04-13 19:30:00,GBOX
16.1498,16.1899,16.08,16.08,5438,2021-04-13 19:35:00,GBOX
16.06,16.15,16.06,16.135,37687,2021-04-13 19:40:00,GBOX
16.13,16.13,15.93,15.964,38601,2021-04-13 19:45:00,GBOX
15.96,15.98,15.75,15.76,49309,2021-04-13 19:50:00,GBOX
15.77,15.98,15.76,15.7983,78496,2021-04-13 19:55:00,GBOX
15.79,15.79,15.79,15.79,2736,2021-04-13 20:00:00,GBOX
15.91,15.91,15.91,15.91,2687,2021-04-13 20:05:00,GBOX
15.85,15.85,15.85,15.85,100,2021-04-13 20:15:00,GBOX
15.81,16.02,15.81,16.02,1917,2021-04-13 20:25:00,GBOX
16.0,16.0,15.82,15.82,400,2021-04-13 20:30:00,GBOX
15.82,15.82,15.8,15.8,1350,2021-04-13 20:35:00,GBOX
15.82,16.0,15.82,15.99,500,2021-04-13 20:40:00,GBOX
16.0,16.05,16.0,16.0,4440,2021-04-13 20:45:00,GBOX
16.0,16.0,16.0,16.0,1700,2021-04-13 20:50:00,GBOX
16.0,16.0,16.0,16.0,2600,2021-04-13 20:55:00,GBOX
16.01,16.01,16.0,16.0,2176,2021-04-13 21:25:00,GBOX
16.0,16.0,16.0,16.0,100,2021-04-13 21:30:00,GBOX
15.93,15.93,15.93,15.93,100,2021-04-13 21:45:00,GBOX
15.99,15.99,15.99,15.99,100,2021-04-13 22:00:00,GBOX
15.9,15.9,15.9,15.9,500,2021-04-13 22:10:00,GBOX
15.99,15.99,15.99,15.99,100,2021-04-13 22:25:00,GBOX
15.8,15.8,15.8,15.8,100,2021-04-13 22:45:00,GBOX
16.33,16.33,16.33,16.33,100,2021-04-13 23:10:00,GBOX
15.85,15.85,15.85,15.85,499,2021-04-13 23:50:00,GBOX
15.8,15.8,15.8,15.8,300,2021-04-13 23:55:00,GBOX
16.02,16.05,16.02,16.05,1109,2021-04-14 08:10:00,GBOX
15.55,15.55,15.55,15.55,125,2021-04-14 08:20:00,GBOX
15.78,15.78,15.78,15.78,489,2021-04-14 08:25:00,GBOX
15.9,15.9,15.5,15.55,1773,2021-04-14 10:10:00,GBOX
15.55,15.85,15.52,15.85,700,2021-04-14 10:15:00,GBOX
16.28,16.28,16.28,16.28,100,2021-04-14 11:10:00,GBOX
16.3,16.6,16.3,16.37,2008,2021-04-14 11:15:00,GBOX
16.55,16.55,16.5,16.5,1220,2021-04-14 11:20:00,GBOX
16.45,16.45,16.45,16.45,100,2021-04-14 11:25:00,GBOX
16.4,16.45,16.39,16.39,3366,2021-04-14 11:30:00,GBOX
16.41,16.41,16.41,16.41,100,2021-04-14 12:05:00,GBOX
16.33,16.33,16.33,16.33,500,2021-04-14 12:10:00,GBOX
16.33,16.33,16.33,16.33,198,2021-04-14 12:15:00,GBOX
16.3,16.3,16.3,16.3,154,2021-04-14 12:20:00,GBOX
16.3,16.55,16.3,16.4,8282,2021-04-14 12:30:00,GBOX
16.53,16.61,16.5,16.61,1440,2021-04-14 12:35:00,GBOX
16.62,16.62,16.62,16.62,3000,2021-04-14 12:40:00,GBOX
16.59,16.59,16.55,16.55,221,2021-04-14 12:45:00,GBOX
16.6,16.6,16.5,16.5,2050,2021-04-14 12:50:00,GBOX
16.5,16.5,16.4,16.4,4300,2021-04-14 12:55:00,GBOX
16.4,16.4,16.37,16.37,950,2021-04-14 13:00:00,GBOX
16.37,16.37,16.28,16.28,5764,2021-04-14 13:05:00,GBOX
16.23,16.29,16.23,16.25,1097,2021-04-14 13:10:00,GBOX
16.25,16.3,16.25,16.265,2412,2021-04-14 13:15:00,GBOX
16.25,16.25,16.05,16.05,4258,2021-04-14 13:20:00,GBOX
16.06,16.06,15.98,15.98,4924,2021-04-14 13:25:00,GBOX
15.91,16.0,15.8035,16.0,58621,2021-04-14 13:30:00,GBOX
16.0,16.0,15.95,16.0,34675,2021-04-14 13:35:00,GBOX
16.0,16.05,15.95,15.9985,38022,2021-04-14 13:40:00,GBOX
16.0,16.05,15.51,15.6004,62470,2021-04-14 13:45:00,GBOX
15.79,15.8,15.6001,15.6098,17059,2021-04-14 13:50:00,GBOX
15.63,15.74,15.6001,15.71,15432,2021-04-14 13:55:00,GBOX
15.71,15.715,15.52,15.56,24312,2021-04-14 14:00:00,GBOX
15.59,15.7399,15.5766,15.7399,16543,2021-04-14 14:05:00,GBOX
15.7285,15.74,15.5501,15.685,18325,2021-04-14 14:10:00,GBOX
15.6812,15.8,15.6,15.68,11808,2021-04-14 14:15:00,GBOX
15.7862,15.7926,15.7,15.72,14810,2021-04-14 14:20:00,GBOX
15.7,15.8,15.68,15.77,6487,2021-04-14 14:25:00,GBOX
15.7367,15.8,15.6824,15.72,6611,2021-04-14 14:30:00,GBOX
15.8,15.88,15.74,15.87,12236,2021-04-14 14:35:00,GBOX
15.855,16.1199,15.845,16.07,13953,2021-04-14 14:40:00,GBOX
16.07,16.07,15.85,15.9199,9590,2021-04-14 14:45:00,GBOX
15.9,16.06,15.9,16.0012,20631,2021-04-14 14:50:00,GBOX
16.0,16.015,15.9197,16.015,5527,2021-04-14 14:55:00,GBOX
16.0001,16.005,15.95,15.95,7398,2021-04-14 15:00:00,GBOX
15.955,15.955,15.89,15.89,6314,2021-04-14 15:05:00,GBOX
15.89,15.9,15.89,15.9,1290,2021-04-14 15:10:00,GBOX
15.93,15.94,15.775,15.775,7846,2021-04-14 15:15:00,GBOX
15.775,15.775,15.15,15.16,75041,2021-04-14 15:20:00,GBOX
15.1501,15.2387,14.77,14.8999,72042,2021-04-14 15:25:00,GBOX
14.8001,14.94,14.52,14.62,53628,2021-04-14 15:30:00,GBOX
14.61,14.85,14.5744,14.8,61117,2021-04-14 15:35:00,GBOX
14.7946,14.97,14.75,14.97,38401,2021-04-14 15:40:00,GBOX
14.95,15.0899,14.9,14.995,23394,2021-04-14 15:45:00,GBOX
14.995,15.03,14.92,14.9898,22039,2021-04-14 15:50:00,GBOX
14.9878,15.01,14.96,14.96,4410,2021-04-14 15:55:00,GBOX
14.95,15.16,14.95,15.0578,12629,2021-04-14 16:00:00,GBOX
15.02,15.03,14.8101,14.9,9530,2021-04-14 16:05:00,GBOX
14.85,14.96,14.85,14.9301,4651,2021-04-14 16:10:00,GBOX
14.93,15.039,14.9101,14.9101,5106,2021-04-14 16:15:00,GBOX
14.955,15.065,14.955,15.065,4734,2021-04-14 16:20:00,GBOX
15.13,15.16,15.05,15.1199,17929,2021-04-14 16:25:00,GBOX
15.05,15.1,15.05,15.1,3669,2021-04-14 16:30:00,GBOX
15.0927,15.21,15.0927,15.2,10929,2021-04-14 16:35:00,GBOX
15.175,15.31,15.15,15.2099,14840,2021-04-14 16:40:00,GBOX
15.205,15.205,15.0398,15.06,7815,2021-04-14 16:45:00,GBOX
15.0999,15.1,14.8334,14.93,26225,2021-04-14 16:50:00,GBOX
14.86,14.97,14.37,14.42,52750,2021-04-14 16:55:00,GBOX
14.46,14.6524,14.14,14.38,56538,2021-04-14 17:00:00,GBOX
14.38,14.5338,14.16,14.355,29845,2021-04-14 17:05:00,GBOX
14.3101,14.38,14.18,14.2995,22804,2021-04-14 17:10:00,GBOX
14.25,14.28,14.02,14.205,39187,2021-04-14 17:15:00,GBOX
14.205,14.4589,14.16,14.4589,21657,2021-04-14 17:20:00,GBOX
14.46,14.68,14.44,14.68,15796,2021-04-14 17:25:00,GBOX
14.67,14.69,14.38,14.5199,19403,2021-04-14 17:30:00,GBOX
14.52,14.6199,14.31,14.38,22201,2021-04-14 17:35:00,GBOX
14.3933,14.52,14.3933,14.48,14799,2021-04-14 17:40:00,GBOX
14.4,14.4,14.3,14.3,6529,2021-04-14 17:45:00,GBOX
14.26,14.26,14.01,14.02,46744,2021-04-14 17:50:00,GBOX
14.01,14.01,13.3,13.35,171341,2021-04-14 17:55:00,GBOX
13.3601,13.5,13.3,13.4499,66513,2021-04-14 18:00:00,GBOX
13.42,13.6,13.33,13.38,111076,2021-04-14 18:05:00,GBOX
13.45,13.64,13.4101,13.55,26091,2021-04-14 18:10:00,GBOX
13.6399,13.95,13.55,13.95,94165,2021-04-14 18:15:00,GBOX
13.9,14.0,13.87,13.99,25509,2021-04-14 18:20:00,GBOX
13.982,14.21,13.9,14.035,48526,2021-04-14 18:25:00,GBOX
14.14,14.33,14.05,14.25,30584,2021-04-14 18:30:00,GBOX
14.265,14.5323,14.265,14.3699,31806,2021-04-14 18:35:00,GBOX
14.3,14.325,14.22,14.255,39417,2021-04-14 18:40:00,GBOX
14.255,14.45,14.1806,14.25,30753,2021-04-14 18:45:00,GBOX
14.23,14.25,13.87,13.96,37534,2021-04-14 18:50:00,GBOX
13.995,14.06,13.9,14.04,8200,2021-04-14 18:55:00,GBOX
14.0,14.065,13.86,13.95,17426,2021-04-14 19:00:00,GBOX
14.04,14.04,13.945,13.99,2842,2021-04-14 19:05:00,GBOX
13.975,14.2,13.975,14.165,13269,2021-04-14 19:10:00,GBOX
14.17,14.18,14.05,14.0501,9251,2021-04-14 19:15:00,GBOX
14.07,14.0738,13.9301,13.955,7439,2021-04-14 19:20:00,GBOX
13.9601,14.04,13.915,13.915,26173,2021-04-14 19:25:00,GBOX
13.915,13.935,13.8,13.8083,29175,2021-04-14 19:30:00,GBOX
13.83,13.84,13.75,13.77,5971,2021-04-14 19:35:00,GBOX
13.7601,13.78,13.545,13.545,41491,2021-04-14 19:40:00,GBOX
13.56,13.79,13.55,13.72,13017,2021-04-14 19:45:00,GBOX
13.72,13.78,13.6,13.64,23525,2021-04-14 19:50:00,GBOX
13.61,13.67,13.59,13.62,39826,2021-04-14 19:55:00,GBOX
13.67,13.67,13.67,13.67,4504,2021-04-14 20:00:00,GBOX
13.8,13.8,13.8,13.8,100,2021-04-14 20:05:00,GBOX
13.89,13.89,13.66,13.66,1050,2021-04-14 20:15:00,GBOX
13.88,13.88,13.88,13.88,200,2021-04-14 20:35:00,GBOX
13.88,14.12,13.88,14.12,864,2021-04-14 20:40:00,GBOX
14.13,14.49,14.13,14.49,1600,2021-04-14 20:45:00,GBOX
14.13,14.13,14.1,14.1,200,2021-04-14 20:50:00,GBOX
14.15,14.15,14.15,14.15,150,2021-04-14 20:55:00,GBOX
14.15,14.15,14.1,14.1,290,2021-04-14 21:00:00,GBOX
14.09,14.1,14.09,14.1,268,2021-04-14 21:20:00,GBOX
14.01,14.01,14.0,14.0,1598,2021-04-14 21:35:00,GBOX
13.92,13.92,13.92,13.92,200,2021-04-14 21:40:00,GBOX
13.9,14.0,13.9,14.0,702,2021-04-14 21:45:00,GBOX
14.0,14.0,14.0,14.0,845,2021-04-14 21:55:00,GBOX
13.91,13.91,13.8,13.9,5500,2021-04-14 22:00:00,GBOX
13.8001,13.8001,13.8001,13.8001,3500,2021-04-14 22:50:00,GBOX
14.0,14.0,14.0,14.0,2000,2021-04-14 22:55:00,GBOX
14.0,14.0,14.0,14.0,400,2021-04-14 23:10:00,GBOX
14.0,14.0,14.0,14.0,100,2021-04-14 23:40:00,GBOX
13.8,13.8,13.8,13.8,200,2021-04-14 23:55:00,GBOX
14.16,14.16,14.16,14.16,200,2021-04-15 09:35:00,GBOX
14.17,14.17,14.16,14.16,200,2021-04-15 11:00:00,GBOX
13.85,13.86,13.79,13.79,495,2021-04-15 11:05:00,GBOX
14.02,14.05,14.02,14.02,595,2021-04-15 11:30:00,GBOX
14.0,14.0,14.0,14.0,5050,2021-04-15 11:35:00,GBOX
13.9,13.9,13.9,13.9,7500,2021-04-15 11:55:00,GBOX
13.89,13.89,13.89,13.89,100,2021-04-15 12:10:00,GBOX
13.8,13.8,13.76,13.76,830,2021-04-15 12:15:00,GBOX
13.88,13.88,13.88,13.88,2000,2021-04-15 12:20:00,GBOX
13.75,13.75,13.75,13.75,200,2021-04-15 12:25:00,GBOX
13.75,13.75,13.75,13.75,100,2021-04-15 12:30:00,GBOX
13.59,13.59,13.55,13.55,1350,2021-04-15 12:35:00,GBOX
13.52,13.52,13.5,13.52,2251,2021-04-15 12:40:00,GBOX
13.51,13.55,13.5,13.55,1622,2021-04-15 12:45:00,GBOX
13.55,13.55,13.51,13.55,10082,2021-04-15 12:50:00,GBOX
13.75,13.75,13.52,13.52,6243,2021-04-15 12:55:00,GBOX
13.5,13.5,13.5,13.5,150,2021-04-15 13:00:00,GBOX
13.54,13.54,13.53,13.53,270,2021-04-15 13:05:00,GBOX
13.65,13.65,13.65,13.65,600,2021-04-15 13:20:00,GBOX
13.68,14.27,13.65,14.04,48276,2021-04-15 13:30:00,GBOX
14.0,14.1,13.8501,14.05,22449,2021-04-15 13:35:00,GBOX
14.11,14.49,14.075,14.2317,38910,2021-04-15 13:40:00,GBOX
14.22,14.2201,13.92,14.13,27669,2021-04-15 13:45:00,GBOX
14.0635,14.3699,14.0635,14.31,33728,2021-04-15 13:50:00,GBOX
14.27,14.71,14.2301,14.51,32944,2021-04-15 13:55:00,GBOX
14.551,14.65,14.2,14.37,32839,2021-04-15 14:00:00,GBOX
14.3334,14.5,14.2,14.29,13946,2021-04-15 14:05:00,GBOX
14.25,14.2512,14.01,14.0301,15306,2021-04-15 14:10:00,GBOX
14.03,14.1,13.7,13.7001,22089,2021-04-15 14:15:00,GBOX
13.7018,13.94,13.69,13.94,10661,2021-04-15 14:20:00,GBOX
13.9246,13.93,13.72,13.75,7104,2021-04-15 14:25:00,GBOX
13.75,13.7856,13.52,13.545,11172,2021-04-15 14:30:00,GBOX
13.51,13.55,13.121,13.21,70616,2021-04-15 14:35:00,GBOX
13.235,13.27,12.55,12.7299,91299,2021-04-15 14:40:00,GBOX
12.6404,12.91,12.5025,12.79,211857,2021-04-15 14:45:00,GBOX
12.84,12.99,12.54,12.84,89413,2021-04-15 14:50:00,GBOX
12.8001,13.01,12.7,12.71,51529,2021-04-15 14:55:00,GBOX
12.715,12.715,12.03,12.03,136442,2021-04-15 15:00:00,GBOX
12.04,12.15,11.37,11.49,362359,2021-04-15 15:05:00,GBOX
11.46,11.7294,11.15,11.15,249228,2021-04-15 15:10:00,GBOX
11.15,11.25,11.0,11.07,299224,2021-04-15 15:15:00,GBOX
11.05,11.49,11.0,11.32,187119,2021-04-15 15:20:00,GBOX
11.355,11.53,11.2501,11.33,114257,2021-04-15 15:25:00,GBOX
11.3452,11.3452,10.76,11.05,188648,2021-04-15 15:30:00,GBOX
11.02,11.35,11.0,11.1606,123665,2021-04-15 15:35:00,GBOX
11.2,11.44,11.2,11.3,40414,2021-04-15 15:40:00,GBOX
11.3,11.32,11.12,11.26,35233,2021-04-15 15:45:00,GBOX
11.26,11.32,10.63,10.714,101598,2021-04-15 15:50:00,GBOX
10.75,10.8592,10.23,10.36,160331,2021-04-15 15:55:00,GBOX
10.325,10.6565,10.24,10.555,172108,2021-04-15 16:00:00,GBOX
10.5725,10.6,10.24,10.26,97746,2021-04-15 16:05:00,GBOX
10.26,10.3451,10.01,10.02,128759,2021-04-15 16:10:00,GBOX
10.01,10.09,9.78,9.8598,180870,2021-04-15 16:15:00,GBOX
9.9499,10.3,9.85,10.266,99286,2021-04-15 16:20:00,GBOX
10.2783,10.2799,10.0,10.15,52559,2021-04-15 16:25:00,GBOX
10.1,10.24,10.08,10.13,54686,2021-04-15 16:30:00,GBOX
10.15,10.18,9.88,9.8898,56294,2021-04-15 16:35:00,GBOX
9.88,9.9,9.59,9.65,194625,2021-04-15 16:40:00,GBOX
9.675,9.79,9.65,9.7,76482,2021-04-15 16:45:00,GBOX
9.7299,9.7899,9.405,9.41,112669,2021-04-15 16:50:00,GBOX
9.4409,9.58,9.18,9.18,148612,2021-04-15 16:55:00,GBOX
9.16,9.19,8.88,8.9016,270547,2021-04-15 17:00:00,GBOX
8.91,9.04,8.46,8.765,353275,2021-04-15 17:05:00,GBOX
8.77,8.95,8.6,8.8999,228751,2021-04-15 17:10:00,GBOX
8.89,9.12,8.85,9.015,127974,2021-04-15 17:15:00,GBOX
9.005,9.06,8.7,8.97,73351,2021-04-15 17:20:00,GBOX
8.9778,9.04,8.93,9.0,72509,2021-04-15 17:25:00,GBOX
9.008,9.25,9.008,9.17,94391,2021-04-15 17:30:00,GBOX
9.19,9.32,9.1601,9.225,169417,2021-04-15 17:35:00,GBOX
9.2585,9.68,9.199,9.6,217643,2021-04-15 17:40:00,GBOX
9.64,9.74,9.43,9.5807,157510,2021-04-15 17:45:00,GBOX
9.5636,9.65,9.5,9.63,68813,2021-04-15 17:50:00,GBOX
9.6337,10.17,9.6,9.96,206038,2021-04-15 17:55:00,GBOX
9.9873,10.24,9.9,10.2096,132475,2021-04-15 18:00:00,GBOX
10.2,10.53,10.1,10.3665,200008,2021-04-15 18:05:00,GBOX
10.37,10.4499,10.2567,10.395,112903,2021-04-15 18:10:00,GBOX
10.395,10.4163,10.15,10.2586,70357,2021-04-15 18:15:00,GBOX
10.2726,10.2726,10.0,10.14,71420,2021-04-15 18:20:00,GBOX
10.15,10.16,9.71,9.86,111286,2021-04-15 18:25:00,GBOX
9.9166,9.94,9.76,9.8232,68610,2021-04-15 18:30:00,GBOX
9.82,10.15,9.8,10.0999,108303,2021-04-15 18:35:00,GBOX
10.07,10.22,9.95,10.1412,67524,2021-04-15 18:40:00,GBOX
10.12,10.26,10.118,10.2101,62207,2021-04-15 18:45:00,GBOX
10.2305,10.26,10.12,10.2262,53081,2021-04-15 18:50:00,GBOX
10.22,10.26,10.2,10.2573,34254,2021-04-15 18:55:00,GBOX
10.24,10.25,10.02,10.035,45486,2021-04-15 19:00:00,GBOX
10.0419,10.08,10.02,10.02,37125,2021-04-15 19:05:00,GBOX
10.02,10.0681,10.0,10.0,33236,2021-04-15 19:10:00,GBOX
10.015,10.16,9.94,10.16,56788,2021-04-15 19:15:00,GBOX
10.16,10.28,10.1357,10.2184,37550,2021-04-15 19:20:00,GBOX
10.24,10.35,10.1,10.1001,88460,2021-04-15 19:25:00,GBOX
10.1001,10.2,10.04,10.04,30853,2021-04-15 19:30:00,GBOX
10.01,10.0399,9.75,9.825,63522,2021-04-15 19:35:00,GBOX
9.825,9.853,9.6,9.8,79659,2021-04-15 19:40:00,GBOX
9.805,10.2399,9.715,10.195,172216,2021-04-15 19:45:00,GBOX
10.195,10.25,10.08,10.19,68651,2021-04-15 19:50:00,GBOX
10.19,10.1919,10.01,10.1,128571,2021-04-15 19:55:00,GBOX
10.1,10.16,10.01,10.1,25550,2021-04-15 20:00:00,GBOX
10.14,10.14,10.1,10.12,2616,2021-04-15 20:05:00,GBOX
10.0001,10.02,10.0,10.02,2200,2021-04-15 20:15:00,GBOX
10.02,10.02,10.0001,10.01,2986,2021-04-15 20:20:00,GBOX
10.0001,10.07,10.0,10.07,4169,2021-04-15 20:25:00,GBOX
9.91,9.91,9.75,9.75,2785,2021-04-15 20:30:00,GBOX
9.81,9.81,9.81,9.81,100,2021-04-15 20:35:00,GBOX
9.81,9.99,9.7701,9.78,12500,2021-04-15 20:40:00,GBOX
9.84,9.84,9.84,9.84,200,2021-04-15 20:45:00,GBOX
10.0,10.0,10.0,10.0,200,2021-04-15 20:50:00,GBOX
9.99,10.02,9.99,10.0,1800,2021-04-15 20:55:00,GBOX
10.0,10.0,10.0,10.0,257,2021-04-15 21:00:00,GBOX
10.03,10.07,10.03,10.07,3100,2021-04-15 21:05:00,GBOX
10.15,10.15,10.15,10.15,100,2021-04-15 21:20:00,GBOX
10.21,10.28,10.2,10.28,3306,2021-04-15 21:25:00,GBOX
10.28,10.28,10.28,10.28,600,2021-04-15 21:30:00,GBOX
10.29,10.29,10.25,10.25,1480,2021-04-15 21:40:00,GBOX
10.25,10.25,10.25,10.25,917,2021-04-15 21:45:00,GBOX
10.3,10.3,10.0,10.0,4362,2021-04-15 21:50:00,GBOX
10.12,10.12,10.12,10.12,220,2021-04-15 22:10:00,GBOX
10.12,10.28,10.12,10.28,950,2021-04-15 22:15:00,GBOX
10.22,10.22,10.22,10.22,200,2021-04-15 22:20:00,GBOX
9.84,9.84,9.84,9.84,372,2021-04-15 22:35:00,GBOX
9.77,9.77,9.76,9.76,406,2021-04-15 22:50:00,GBOX
9.85,9.86,9.85,9.86,663,2021-04-15 23:05:00,GBOX
9.86,9.86,9.86,9.86,200,2021-04-15 23:10:00,GBOX
10.01,10.01,10.01,10.01,200,2021-04-15 23:30:00,GBOX
10.01,10.01,10.01,10.01,183,2021-04-15 23:35:00,GBOX
10.0,10.0001,10.0,10.0001,2200,2021-04-15 23:40:00,GBOX
10.0001,10.09,10.0001,10.09,600,2021-04-15 23:45:00,GBOX
10.0,10.0,10.0,10.0,100,2021-04-15 23:50:00,GBOX
10.09,10.09,10.09,10.09,200,2021-04-15 23:55:00,GBOX
10.1,10.1,10.1,10.1,195,2021-04-16 08:00:00,GBOX
10.1,10.29,10.1,10.29,2672,2021-04-16 08:05:00,GBOX
10.1,10.11,10.1,10.11,863,2021-04-16 08:15:00,GBOX
10.25,10.25,10.25,10.25,100,2021-04-16 08:25:00,GBOX
10.25,10.25,10.25,10.25,300,2021-04-16 09:20:00,GBOX
10.25,10.25,10.25,10.25,100,2021-04-16 09:25:00,GBOX
10.25,10.25,10.0,10.0,1170,2021-04-16 11:00:00,GBOX
9.46,9.46,9.25,9.25,1800,2021-04-16 11:05:00,GBOX
9.2,9.2,9.08,9.08,565,2021-04-16 11:10:00,GBOX
9.15,9.2,9.1,9.2,3881,2021-04-16 11:15:00,GBOX
9.48,9.48,9.48,9.48,1000,2021-04-16 11:40:00,GBOX
9.42,9.42,9.35,9.35,800,2021-04-16 11:45:00,GBOX
9.41,9.42,9.4,9.42,899,2021-04-16 11:50:00,GBOX
9.42,9.42,9.42,9.42,100,2021-04-16 12:00:00,GBOX
9.49,9.56,9.49,9.55,1496,2021-04-16 12:05:00,GBOX
9.65,9.65,9.65,9.65,820,2021-04-16 12:10:00,GBOX
9.69,9.69,9.58,9.58,1742,2021-04-16 12:15:00,GBOX
9.65,9.69,9.65,9.69,1372,2021-04-16 12:25:00,GBOX
9.76,9.76,9.69,9.69,1810,2021-04-16 12:35:00,GBOX
9.59,9.59,9.59,9.59,200,2021-04-16 12:40:00,GBOX
9.61,9.61,9.6,9.6,300,2021-04-16 12:45:00,GBOX
9.61,9.61,9.59,9.59,560,2021-04-16 12:50:00,GBOX
9.69,9.76,9.69,9.76,504,2021-04-16 12:55:00,GBOX
9.78,9.79,9.59,9.59,1013,2021-04-16 13:00:00,GBOX
9.59,9.59,9.5,9.5,4281,2021-04-16 13:05:00,GBOX
9.51,9.51,9.46,9.5,3454,2021-04-16 13:10:00,GBOX
9.6,9.6,9.54,9.6,398,2021-04-16 13:15:00,GBOX
9.68,9.68,9.6,9.6,842,2021-04-16 13:20:00,GBOX
9.6,9.6,9.6,9.6,308,2021-04-16 13:25:00,GBOX
9.5838,9.7,9.2093,9.4799,234596,2021-04-16 13:30:00,GBOX
9.465,9.64,9.18,9.635,126408,2021-04-16 13:35:00,GBOX
9.635,9.94,9.35,9.41,79816,2021-04-16 13:40:00,GBOX
9.6,9.79,9.41,9.6201,63928,2021-04-16 13:45:00,GBOX
9.62,9.94,9.54,9.7995,28357,2021-04-16 13:50:00,GBOX
9.7501,10.18,9.75,10.06,59260,2021-04-16 13:55:00,GBOX
10.01,10.37,10.01,10.31,53833,2021-04-16 14:00:00,GBOX
10.3295,10.89,10.2501,10.7,197707,2021-04-16 14:05:00,GBOX
10.6999,10.7,10.4,10.412,74351,2021-04-16 14:10:00,GBOX
10.44,10.55,10.25,10.319,50073,2021-04-16 14:15:00,GBOX
10.3,10.3617,10.03,10.3,45221,2021-04-16 14:20:00,GBOX
10.34,10.49,10.27,10.389,26850,2021-04-16 14:25:00,GBOX
10.384,10.39,10.12,10.2229,17281,2021-04-16 14:30:00,GBOX
10.24,10.45,10.21,10.4,24339,2021-04-16 14:35:00,GBOX
10.4099,10.46,10.3801,10.46,22645,2021-04-16 14:40:00,GBOX
10.41,10.44,10.29,10.32,15093,2021-04-16 14:45:00,GBOX
10.4199,10.4199,10.2801,10.34,7278,2021-04-16 14:50:00,GBOX
10.35,10.4,10.23,10.309,11005,2021-04-16 14:55:00,GBOX
10.29,10.29,9.98,9.98,28718,2021-04-16 15:00:00,GBOX
9.9709,10.185,9.97,10.044,18756,2021-04-16 15:05:00,GBOX
10.01,10.015,9.9001,9.9201,59313,2021-04-16 15:10:00,GBOX
9.9201,9.9874,9.8,9.945,62612,2021-04-16 15:15:00,GBOX
9.91,9.92,9.85,9.855,12708,2021-04-16 15:20:00,GBOX
9.86,9.86,9.75,9.76,33748,2021-04-16 15:25:00,GBOX
9.75,9.75,9.5,9.525,46801,2021-04-16 15:30:00,GBOX
9.525,9.5899,9.3901,9.58,60343,2021-04-16 15:35:00,GBOX
9.5799,9.62,9.52,9.62,15774,2021-04-16 15:40:00,GBOX
9.62,9.86,9.62,9.85,22221,2021-04-16 15:45:00,GBOX
9.8,9.8,9.6,9.655,9031,2021-04-16 15:50:00,GBOX
9.68,9.68,9.5701,9.6,5052,2021-04-16 15:55:00,GBOX
9.6058,9.6199,9.52,9.61,9060,2021-04-16 16:00:00,GBOX
9.64,9.64,9.54,9.54,4539,2021-04-16 16:05:00,GBOX
9.54,9.57,9.49,9.49,16614,2021-04-16 16:10:00,GBOX
9.4973,9.55,9.4973,9.5399,11450,2021-04-16 16:15:00,GBOX
9.54,9.5999,9.535,9.5697,13406,2021-04-16 16:20:00,GBOX
9.565,9.565,9.5101,9.52,4806,2021-04-16 16:25:00,GBOX
9.56,9.56,9.29,9.3673,28880,2021-04-16 16:30:00,GBOX
9.3579,9.3699,9.3,9.3,19970,2021-04-16 16:35:00,GBOX
9.2925,9.32,9.2601,9.32,10895,2021-04-16 16:40:00,GBOX
9.34,9.4,9.3,9.4,27543,2021-04-16 16:45:00,GBOX
9.3301,9.3999,9.3301,9.36,5371,2021-04-16 16:50:00,GBOX
9.3799,9.6399,9.3799,9.63,27311,2021-04-16 16:55:00,GBOX
9.64,9.64,9.38,9.43,11009,2021-04-16 17:00:00,GBOX
9.3801,9.4365,9.36,9.425,11587,2021-04-16 17:05:00,GBOX
9.401,9.5,9.401,9.47,6692,2021-04-16 17:10:00,GBOX
9.455,9.4999,9.43,9.4501,2207,2021-04-16 17:15:00,GBOX
9.4572,9.4899,9.36,9.36,11086,2021-04-16 17:20:00,GBOX
9.3601,9.3999,9.3,9.37,6653,2021-04-16 17:25:00,GBOX
9.4,9.4,9.35,9.37,6310,2021-04-16 17:30:00,GBOX
9.351,9.39,9.35,9.3799,2241,2021-04-16 17:35:00,GBOX
9.3706,9.39,9.37,9.39,11021,2021-04-16 17:40:00,GBOX
9.39,9.5293,9.36,9.5,17974,2021-04-16 17:45:00,GBOX
9.5059,9.66,9.4301,9.6457,33046,2021-04-16 17:50:00,GBOX
9.67,9.78,9.65,9.75,34190,2021-04-16 17:55:00,GBOX
9.75,10.0,9.74,10.0,47042,2021-04-16 18:00:00,GBOX
9.9999,10.01,9.93,9.9305,35818,2021-04-16 18:05:00,GBOX
9.93,9.9388,9.7501,9.82,38109,2021-04-16 18:10:00,GBOX
9.805,9.84,9.7775,9.8294,7402,2021-04-16 18:15:00,GBOX
9.77,9.9599,9.77,9.91,7489,2021-04-16 18:20:00,GBOX
9.8601,10.04,9.8601,9.8999,13567,2021-04-16 18:25:00,GBOX
9.87,9.9316,9.85,9.9316,6477,2021-04-16 18:30:00,GBOX
9.98,10.0,9.9101,9.955,3470,2021-04-16 18:35:00,GBOX
9.935,9.98,9.86,9.8721,12874,2021-04-16 18:40:00,GBOX
9.8899,9.9499,9.85,9.9499,8291,2021-04-16 18:45:00,GBOX
9.95,10.0079,9.9,9.9999,5733,2021-04-16 18:50:00,GBOX
9.9996,10.0,9.9677,9.9799,2851,2021-04-16 18:55:00,GBOX
9.9799,10.0099,9.9701,9.99,15339,2021-04-16 19:00:00,GBOX
9.99,10.06,9.9801,10.01,21256,2021-04-16 19:05:00,GBOX
10.01,10.02,9.95,9.95,8939,2021-04-16 19:10:00,GBOX
9.93,9.93,9.8601,9.8601,4202,2021-04-16 19:15:00,GBOX
9.87,9.87,9.72,9.7801,17433,2021-04-16 19:20:00,GBOX
9.8201,9.8722,9.81,9.81,2925,2021-04-16 19:25:00,GBOX
9.815,9.815,9.729,9.7794,10814,2021-04-16 19:30:00,GBOX
9.775,9.81,9.7002,9.78,28398,2021-04-16 19:35:00,GBOX
9.7899,9.7899,9.7,9.7,8925,2021-04-16 19:40:00,GBOX
9.705,9.705,9.61,9.6101,6560,2021-04-16 19:45:00,GBOX
9.63,9.67,9.6101,9.6525,25864,2021-04-16 19:50:00,GBOX
9.655,9.8,9.655,9.73,42780,2021-04-16 19:55:00,GBOX
9.75,9.75,9.75,9.75,10416,2021-04-16 20:00:00,GBOX
9.75,9.75,9.75,9.75,190,2021-04-16 20:05:00,GBOX
9.75,9.75,9.75,9.75,500,2021-04-16 20:20:00,GBOX
9.77,9.77,9.77,9.77,400,2021-04-16 20:30:00,GBOX
9.77,9.8001,9.77,9.8001,2500,2021-04-16 20:35:00,GBOX
9.88,9.88,9.8,9.8,1200,2021-04-16 20:45:00,GBOX
9.81,9.94,9.81,9.94,1810,2021-04-16 20:55:00,GBOX
9.94,9.94,9.8,9.94,2770,2021-04-16 21:00:00,GBOX
9.94,9.94,9.94,9.94,1000,2021-04-16 21:05:00,GBOX
9.82,9.82,9.82,9.82,800,2021-04-16 21:45:00,GBOX
9.82,9.89,9.81,9.89,1751,2021-04-16 21:55:00,GBOX
9.89,9.89,9.89,9.89,168,2021-04-16 22:05:00,GBOX
9.9,9.9,9.9,9.9,100,2021-04-16 22:10:00,GBOX
9.92,9.92,9.92,9.92,186,2021-04-16 22:20:00,GBOX
9.9999,10.0,9.9999,10.0,3302,2021-04-16 22:25:00,GBOX
10.1399,10.1399,10.1399,10.1399,222,2021-04-16 22:45:00,GBOX
10.1,10.1,10.1,10.1,400,2021-04-16 22:50:00,GBOX
10.07,10.15,10.07,10.15,1500,2021-04-16 22:55:00,GBOX
10.05,10.05,10.05,10.05,100,2021-04-16 23:00:00,GBOX
10.01,10.01,10.01,10.01,105,2021-04-16 23:15:00,GBOX
10.14,10.15,10.14,10.15,1000,2021-04-16 23:20:00,GBOX
10.15,10.15,10.15,10.15,800,2021-04-16 23:30:00,GBOX
10.15,10.15,10.15,10.15,179,2021-04-16 23:35:00,GBOX
10.15,10.15,10.15,10.15,100,2021-04-16 23:55:00,GBOX
10.2,10.2,10.2,10.2,238,2021-04-19 08:25:00,GBOX
9.51,9.51,9.51,9.51,200,2021-04-19 09:20:00,GBOX
9.71,9.71,9.71,9.71,100,2021-04-19 11:25:00,GBOX
9.7,9.7,9.7,9.7,100,2021-04-19 11:30:00,GBOX
9.75,9.8,9.75,9.8,2101,2021-04-19 11:45:00,GBOX
9.8,9.8,9.8,9.8,300,2021-04-19 12:00:00,GBOX
9.6,9.6,9.6,9.6,100,2021-04-19 12:20:00,GBOX
10.0,10.0,10.0,10.0,150,2021-04-19 12:25:00,GBOX
9.8,9.8,9.8,9.8,177,2021-04-19 12:40:00,GBOX
9.79,9.79,9.75,9.75,4844,2021-04-19 12:55:00,GBOX
9.99,9.99,9.99,9.99,100,2021-04-19 13:00:00,GBOX
9.99,9.99,9.99,9.99,100,2021-04-19 13:05:00,GBOX
9.99,9.99,9.82,9.82,2269,2021-04-19 13:10:00,GBOX
9.8,9.8,9.8,9.8,200,2021-04-19 13:15:00,GBOX
10.0,10.0,10.0,10.0,3000,2021-04-19 13:20:00,GBOX
9.8,9.8,9.75,9.8,700,2021-04-19 13:25:00,GBOX
9.7,9.95,9.7,9.8131,51015,2021-04-19 13:30:00,GBOX
9.8399,9.8699,9.68,9.8699,29844,2021-04-19 13:35:00,GBOX
9.7918,10.08,9.73,10.01,50147,2021-04-19 13:40:00,GBOX
10.025,10.24,10.0154,10.24,20925,2021-04-19 13:45:00,GBOX
10.225,10.4,10.1321,10.1321,31924,2021-04-19 13:50:00,GBOX
10.1915,10.3799,10.08,10.3016,15387,2021-04-19 13:55:00,GBOX
10.36,10.47,10.26,10.3,27160,2021-04-19 14:00:00,GBOX
10.32,10.32,10.1,10.1326,14984,2021-04-19 14:05:00,GBOX
10.147,10.22,10.1,10.1095,9812,2021-04-19 14:10:00,GBOX
10.1684,10.1728,9.7201,9.79,48489,2021-04-19 14:15:00,GBOX
9.85,9.98,9.79,9.8501,14503,2021-04-19 14:20:00,GBOX
9.94,10.0,9.85,9.9199,5699,2021-04-19 14:25:00,GBOX
9.92,9.9399,9.85,9.8876,5935,2021-04-19 14:30:00,GBOX
9.89,9.89,9.54,9.6299,27731,2021-04-19 14:35:00,GBOX
9.5601,9.66,9.56,9.6105,18936,2021-04-19 14:40:00,GBOX
9.6001,9.6001,9.36,9.4097,24515,2021-04-19 14:45:00,GBOX
9.5,9.5,9.38,9.41,14920,2021-04-19 14:50:00,GBOX
9.41,9.4699,9.37,9.45,22542,2021-04-19 14:55:00,GBOX
9.45,9.45,9.37,9.41,2846,2021-04-19 15:00:00,GBOX
9.4,9.41,9.3903,9.3903,964,2021-04-19 15:05:00,GBOX
9.4481,9.47,9.38,9.425,13261,2021-04-19 15:10:00,GBOX
9.425,9.44,8.91,8.925,56246,2021-04-19 15:15:00,GBOX
8.94,9.0,8.81,8.88,39669,2021-04-19 15:20:00,GBOX
8.88,8.96,8.87,8.96,37373,2021-04-19 15:25:00,GBOX
8.925,9.01,8.86,8.925,26394,2021-04-19 15:30:00,GBOX
8.95,8.96,8.832,8.88,11805,2021-04-19 15:35:00,GBOX
8.94,8.9807,8.82,8.8261,43831,2021-04-19 15:40:00,GBOX
8.8,8.8,8.58,8.66,26163,2021-04-19 15:45:00,GBOX
8.6442,8.85,8.64,8.85,37275,2021-04-19 15:50:00,GBOX
8.825,8.86,8.62,8.66,24753,2021-04-19 15:55:00,GBOX
8.6591,8.67,8.505,8.55,27031,2021-04-19 16:00:00,GBOX
8.58,8.58,8.4,8.4201,26005,2021-04-19 16:05:00,GBOX
8.46,8.64,8.45,8.59,30617,2021-04-19 16:10:00,GBOX
8.6636,8.86,8.6435,8.8276,28036,2021-04-19 16:15:00,GBOX
8.84,8.87,8.71,8.7486,22196,2021-04-19 16:20:00,GBOX
8.74,8.76,8.61,8.61,15209,2021-04-19 16:25:00,GBOX
8.635,8.69,8.6101,8.64,8247,2021-04-19 16:30:00,GBOX
8.64,8.65,8.6201,8.6478,2356,2021-04-19 16:35:00,GBOX
8.64,8.6494,8.53,8.5799,8699,2021-04-19 16:40:00,GBOX
8.5723,8.7,8.545,8.6975,26830,2021-04-19 16:45:00,GBOX
8.69,8.7139,8.68,8.7139,8881,2021-04-19 16:50:00,GBOX
8.6951,8.74,8.62,8.62,12399,2021-04-19 16:55:00,GBOX
8.64,8.6743,8.624,8.6743,3448,2021-04-19 17:00:00,GBOX
8.68,8.7226,8.68,8.705,868,2021-04-19 17:05:00,GBOX
8.7646,8.89,8.7646,8.88,5456,2021-04-19 17:10:00,GBOX
8.855,8.9843,8.8033,8.9843,29323,2021-04-19 17:15:00,GBOX
8.9561,8.9899,8.85,8.8748,5735,2021-04-19 17:20:00,GBOX
8.88,8.88,8.855,8.875,3500,2021-04-19 17:25:00,GBOX
8.8791,8.89,8.875,8.8888,8788,2021-04-19 17:30:00,GBOX
8.88,8.89,8.8401,8.8401,6349,2021-04-19 17:35:00,GBOX
8.84,8.88,8.84,8.8456,3443,2021-04-19 17:40:00,GBOX
8.86,8.8673,8.7,8.7,22733,2021-04-19 17:45:00,GBOX
8.7,8.7091,8.64,8.645,8815,2021-04-19 17:50:00,GBOX
8.63,8.66,8.6,8.6159,15995,2021-04-19 17:55:00,GBOX
8.61,8.675,8.59,8.6,12490,2021-04-19 18:00:00,GBOX
8.59,8.6,8.45,8.58,26781,2021-04-19 18:05:00,GBOX
8.56,8.58,8.53,8.57,11400,2021-04-19 18:10:00,GBOX
8.57,8.7,8.56,8.69,9984,2021-04-19 18:15:00,GBOX
8.69,8.7,8.6,8.645,10320,2021-04-19 18:20:00,GBOX
8.645,8.69,8.56,8.56,5417,2021-04-19 18:25:00,GBOX
8.57,8.57,8.5,8.5565,19682,2021-04-19 18:30:00,GBOX
8.5401,8.62,8.54,8.61,6560,2021-04-19 18:35:00,GBOX
8.615,8.62,8.6,8.6,5679,2021-04-19 18:40:00,GBOX
8.6089,8.6089,8.55,8.565,3550,2021-04-19 18:45:00,GBOX
8.565,8.565,8.53,8.545,13222,2021-04-19 18:50:00,GBOX
8.5401,8.56,8.5,8.5218,31998,2021-04-19 18:55:00,GBOX
8.52,8.5468,8.52,8.52,1325,2021-04-19 19:00:00,GBOX
8.52,8.5799,8.455,8.5,23024,2021-04-19 19:05:00,GBOX
8.5,8.63,8.5,8.59,13089,2021-04-19 19:10:00,GBOX
8.6299,8.6299,8.56,8.575,3820,2021-04-19 19:15:00,GBOX
8.575,8.5841,8.54,8.54,11094,2021-04-19 19:20:00,GBOX
8.54,8.545,8.5,8.545,15427,2021-04-19 19:25:00,GBOX
8.55,8.58,8.53,8.57,19773,2021-04-19 19:30:00,GBOX
8.57,8.58,8.57,8.57,10738,2021-04-19 19:35:00,GBOX
8.575,8.6599,8.57,8.63,30489,2021-04-19 19:40:00,GBOX
8.62,8.63,8.58,8.58,17818,2021-04-19 19:45:00,GBOX
8.58,8.585,8.4301,8.4779,50075,2021-04-19 19:50:00,GBOX
8.47,8.53,8.4601,8.5125,33653,2021-04-19 19:55:00,GBOX
8.55,8.59,8.55,8.59,4965,2021-04-19 20:00:00,GBOX
8.5499,8.5499,8.5499,8.5499,100,2021-04-19 20:15:00,GBOX
8.55,8.55,8.51,8.51,900,2021-04-19 20:20:00,GBOX
8.44,8.44,8.26,8.26,701,2021-04-19 20:25:00,GBOX
8.39,8.5,8.34,8.5,600,2021-04-19 20:35:00,GBOX
8.6,8.6,8.6,8.6,100,2021-04-19 21:20:00,GBOX
8.59,8.6,8.59,8.6,432,2021-04-19 21:55:00,GBOX
8.59,8.59,8.59,8.59,500,2021-04-19 22:30:00,GBOX
8.59,8.59,8.59,8.59,300,2021-04-19 23:05:00,GBOX
8.5,8.5,8.27,8.27,4334,2021-04-19 23:55:00,GBOX
8.94,8.94,8.94,8.94,300,2021-04-20 11:00:00,GBOX
8.5,8.5,8.5,8.5,200,2021-04-20 11:55:00,GBOX
8.69,8.69,8.67,8.67,200,2021-04-20 12:30:00,GBOX
8.69,8.69,8.67,8.67,1078,2021-04-20 12:35:00,GBOX
8.68,8.68,8.68,8.68,100,2021-04-20 12:40:00,GBOX
8.67,8.67,8.67,8.67,1266,2021-04-20 12:45:00,GBOX
8.65,8.65,8.65,8.65,855,2021-04-20 13:05:00,GBOX
8.65,8.65,8.58,8.65,1200,2021-04-20 13:10:00,GBOX
8.65,8.65,8.65,8.65,340,2021-04-20 13:20:00,GBOX
8.65,8.65,8.65,8.65,1150,2021-04-20 13:25:00,GBOX
8.63,8.8,8.4,8.8,40518,2021-04-20 13:30:00,GBOX
8.7501,8.8573,8.5501,8.645,23148,2021-04-20 13:35:00,GBOX
8.72,8.74,8.6079,8.63,21314,2021-04-20 13:40:00,GBOX
8.63,8.76,8.57,8.705,19803,2021-04-20 13:45:00,GBOX
8.705,8.774,8.6,8.645,45547,2021-04-20 13:50:00,GBOX
8.65,8.705,8.6101,8.6181,3351,2021-04-20 13:55:00,GBOX
8.62,8.67,8.61,8.6617,28006,2021-04-20 14:00:00,GBOX
8.6696,8.69,8.6101,8.65,11013,2021-04-20 14:05:00,GBOX
8.69,8.7172,8.61,8.6277,8144,2021-04-20 14:10:00,GBOX
8.615,8.615,8.29,8.2901,50463,2021-04-20 14:15:00,GBOX
8.33,8.4999,8.29,8.4,15486,2021-04-20 14:20:00,GBOX
8.455,8.5,8.3639,8.3861,8009,2021-04-20 14:25:00,GBOX
8.3601,8.3601,8.0601,8.0696,61143,2021-04-20 14:30:00,GBOX
8.1,8.1,8.0,8.005,90056,2021-04-20 14:35:00,GBOX
8.005,8.01,7.53,7.7116,140181,2021-04-20 14:40:00,GBOX
7.82,7.8299,7.65,7.7,28698,2021-04-20 14:45:00,GBOX
7.7001,7.8,7.7001,7.74,28029,2021-04-20 14:50:00,GBOX
7.7899,7.835,7.71,7.8,28353,2021-04-20 14:55:00,GBOX
7.8199,7.8199,7.7,7.7999,15545,2021-04-20 15:00:00,GBOX
7.793,7.793,7.72,7.7501,18532,2021-04-20 15:05:00,GBOX
7.75,7.7599,7.5,7.5823,18631,2021-04-20 15:10:00,GBOX
7.5954,7.6,7.36,7.4372,29216,2021-04-20 15:15:00,GBOX
7.4255,7.43,7.29,7.34,61547,2021-04-20 15:20:00,GBOX
7.33,7.39,7.3,7.31,52804,2021-04-20 15:25:00,GBOX
7.31,7.35,7.064,7.175,88604,2021-04-20 15:30:00,GBOX
7.17,7.17,6.6696,6.9,155466,2021-04-20 15:35:00,GBOX
6.9,6.98,6.75,6.95,172931,2021-04-20 15:40:00,GBOX
6.98,7.16,6.91,7.1,117821,2021-04-20 15:45:00,GBOX
7.1299,7.23,7.08,7.21,39057,2021-04-20 15:50:00,GBOX
7.2,7.37,7.19,7.317,104713,2021-04-20 15:55:00,GBOX
7.36,7.68,7.2,7.45,129933,2021-04-20 16:00:00,GBOX
7.46,7.97,7.4101,7.5112,134927,2021-04-20 16:05:00,GBOX
7.5517,7.79,7.5401,7.7282,40055,2021-04-20 16:10:00,GBOX
7.73,7.79,7.6601,7.7495,18033,2021-04-20 16:15:00,GBOX
7.7001,7.73,7.64,7.6473,53957,2021-04-20 16:20:00,GBOX
7.645,7.645,7.4606,7.5,22841,2021-04-20 16:25:00,GBOX
7.5,7.71,7.4806,7.7046,10785,2021-04-20 16:30:00,GBOX
7.695,7.8,7.6807,7.775,18814,2021-04-20 16:35:00,GBOX
7.7716,7.8454,7.77,7.825,7132,2021-04-20 16:40:00,GBOX
7.8301,7.8688,7.7901,7.85,18330,2021-04-20 16:45:00,GBOX
7.85,7.935,7.85,7.9213,52447,2021-04-20 16:50:00,GBOX
7.92,7.925,7.8001,7.86,15195,2021-04-20 16:55:00,GBOX
7.88,7.92,7.8183,7.8183,8844,2021-04-20 17:00:00,GBOX
7.84,7.92,7.84,7.85,9800,2021-04-20 17:05:00,GBOX
7.875,7.875,7.85,7.85,200,2021-04-20 17:10:00,GBOX
7.85,7.85,7.8101,7.8101,5682,2021-04-20 17:15:00,GBOX
7.83,7.8793,7.82,7.83,7665,2021-04-20 17:20:00,GBOX
7.8399,7.8399,7.815,7.82,1800,2021-04-20 17:25:00,GBOX
7.84,7.85,7.81,7.825,6589,2021-04-20 17:30:00,GBOX
7.81,7.8402,7.68,7.7299,10639,2021-04-20 17:35:00,GBOX
7.7001,7.7848,7.7001,7.775,4953,2021-04-20 17:40:00,GBOX
7.79,7.84,7.785,7.8326,2262,2021-04-20 17:45:00,GBOX
7.8,7.8,7.7301,7.755,20721,2021-04-20 17:50:00,GBOX
7.72,7.74,7.6545,7.6545,5080,2021-04-20 17:55:00,GBOX
7.69,7.7,7.6679,7.6891,5910,2021-04-20 18:00:00,GBOX
7.695,7.6987,7.5784,7.5784,4609,2021-04-20 18:05:00,GBOX
7.575,7.68,7.5722,7.68,2096,2021-04-20 18:10:00,GBOX
7.6671,7.682,7.6423,7.6423,1243,2021-04-20 18:15:00,GBOX
7.64,7.66,7.55,7.62,24288,2021-04-20 18:20:00,GBOX
7.63,7.63,7.57,7.58,10288,2021-04-20 18:25:00,GBOX
7.58,7.58,7.57,7.5798,2947,2021-04-20 18:30:00,GBOX
7.575,7.6,7.57,7.59,9593,2021-04-20 18:35:00,GBOX
7.6,7.61,7.58,7.5978,25956,2021-04-20 18:40:00,GBOX
7.58,7.585,7.545,7.545,7074,2021-04-20 18:45:00,GBOX
7.54,7.5484,7.46,7.46,19117,2021-04-20 18:50:00,GBOX
7.45,7.5,7.45,7.487,9060,2021-04-20 18:55:00,GBOX
7.49,7.6,7.49,7.51,15736,2021-04-20 19:00:00,GBOX
7.51,7.51,7.5,7.5,4222,2021-04-20 19:05:00,GBOX
7.5,7.5087,7.4501,7.475,3788,2021-04-20 19:10:00,GBOX
7.475,7.6,7.475,7.58,10251,2021-04-20 19:15:00,GBOX
7.58,7.5815,7.5301,7.5815,7706,2021-04-20 19:20:00,GBOX
7.5799,7.62,7.57,7.62,1750,2021-04-20 19:25:00,GBOX
7.6107,7.6107,7.595,7.605,2657,2021-04-20 19:30:00,GBOX
7.61,7.705,7.61,7.685,5022,2021-04-20 19:35:00,GBOX
7.6999,7.7283,7.62,7.6201,18422,2021-04-20 19:40:00,GBOX
7.62,7.6732,7.62,7.645,3553,2021-04-20 19:45:00,GBOX
7.64,7.64,7.6,7.6001,7140,2021-04-20 19:50:00,GBOX
7.61,7.64,7.5901,7.62,17576,2021-04-20 19:55:00,GBOX
7.63,7.63,7.63,7.63,4647,2021-04-20 20:00:00,GBOX
7.9,7.9,7.86,7.89,1200,2021-04-20 20:05:00,GBOX
7.81,7.81,7.77,7.77,200,2021-04-20 20:30:00,GBOX
7.77,7.77,7.77,7.77,100,2021-04-20 20:35:00,GBOX
7.84,7.84,7.84,7.84,300,2021-04-20 20:40:00,GBOX
7.84,7.84,7.84,7.84,100,2021-04-20 20:45:00,GBOX
7.72,7.72,7.64,7.64,780,2021-04-20 20:50:00,GBOX
7.8,7.8,7.8,7.8,100,2021-04-20 21:10:00,GBOX
7.73,7.73,7.73,7.73,300,2021-04-20 21:45:00,GBOX
7.63,7.63,7.63,7.63,150,2021-04-20 21:50:00,GBOX
7.65,7.65,7.58,7.58,925,2021-04-20 21:55:00,GBOX
7.84,7.84,7.84,7.84,200,2021-04-20 23:00:00,GBOX
7.59,7.59,7.59,7.59,615,2021-04-20 23:55:00,GBOX
7.68,7.68,7.68,7.68,100,2021-04-21 12:15:00,GBOX
7.69,7.69,7.69,7.69,5300,2021-04-21 12:25:00,GBOX
7.69,7.69,7.69,7.69,579,2021-04-21 12:40:00,GBOX
7.7,7.7,7.7,7.7,900,2021-04-21 13:20:00,GBOX
7.7,7.7,7.7,7.7,223,2021-04-21 13:25:00,GBOX
7.8,7.9199,7.6583,7.8174,118137,2021-04-21 13:30:00,GBOX
7.765,8.14,7.765,7.98,176271,2021-04-21 13:35:00,GBOX
8.02,8.0799,7.94,7.96,7524,2021-04-21 13:40:00,GBOX
7.96,8.0,7.7,7.9,98538,2021-04-21 13:45:00,GBOX
7.8973,8.12,7.7324,7.9,50252,2021-04-21 13:50:00,GBOX
7.945,8.0399,7.87,8.0275,9828,2021-04-21 13:55:00,GBOX
7.9,8.53,7.9,8.45,68980,2021-04-21 14:00:00,GBOX
8.47,8.79,8.41,8.71,76613,2021-04-21 14:05:00,GBOX
8.675,9.5,8.6006,9.15,199339,2021-04-21 14:10:00,GBOX
9.1501,9.84,9.01,9.33,482854,2021-04-21 14:15:00,GBOX
9.3288,9.45,9.11,9.27,196927,2021-04-21 14:20:00,GBOX
9.3,9.47,9.15,9.1801,86364,2021-04-21 14:25:00,GBOX
9.19,9.4,9.02,9.32,119346,2021-04-21 14:30:00,GBOX
9.3504,9.37,9.12,9.35,64489,2021-04-21 14:35:00,GBOX
9.361,9.4,9.02,9.02,74517,2021-04-21 14:40:00,GBOX
9.0909,9.23,9.0449,9.2199,56591,2021-04-21 14:45:00,GBOX
9.2199,9.2199,8.83,8.93,119247,2021-04-21 14:50:00,GBOX
8.9785,8.9799,8.8543,8.8543,61750,2021-04-21 14:55:00,GBOX
8.8301,9.09,8.8301,9.08,80086,2021-04-21 15:00:00,GBOX
9.0799,9.5,9.062,9.38,181488,2021-04-21 15:05:00,GBOX
9.3979,9.4075,9.21,9.3326,42035,2021-04-21 15:10:00,GBOX
9.3301,9.99,9.32,9.7099,351063,2021-04-21 15:15:00,GBOX
9.7,9.75,9.31,9.36,145759,2021-04-21 15:20:00,GBOX
9.3852,9.3852,9.2,9.345,66242,2021-04-21 15:25:00,GBOX
9.3181,9.35,9.07,9.22,57804,2021-04-21 15:30:00,GBOX
9.2197,9.35,9.17,9.2,41025,2021-04-21 15:35:00,GBOX
9.1701,9.34,9.1,9.23,40135,2021-04-21 15:40:00,GBOX
9.24,9.27,9.12,9.2105,30420,2021-04-21 15:45:00,GBOX
9.26,9.26,9.12,9.12,23107,2021-04-21 15:50:00,GBOX
9.14,9.19,8.99,8.9901,29630,2021-04-21 15:55:00,GBOX
9.0227,9.2997,9.0227,9.2997,47938,2021-04-21 16:00:00,GBOX
9.2586,9.2983,9.15,9.1802,16936,2021-04-21 16:05:00,GBOX
9.1995,9.26,9.175,9.2285,7809,2021-04-21 16:10:00,GBOX
9.27,9.27,9.15,9.17,22018,2021-04-21 16:15:00,GBOX
9.24,9.3,9.1635,9.2994,33601,2021-04-21 16:20:00,GBOX
9.29,9.3699,9.23,9.24,41536,2021-04-21 16:25:00,GBOX
9.305,9.32,9.21,9.28,10911,2021-04-21 16:30:00,GBOX
9.27,9.275,9.13,9.21,18406,2021-04-21 16:35:00,GBOX
9.26,9.26,9.15,9.15,12036,2021-04-21 16:40:00,GBOX
9.15,9.165,9.05,9.13,28230,2021-04-21 16:45:00,GBOX
9.14,9.2,9.06,9.12,29412,2021-04-21 16:50:00,GBOX
9.14,9.14,8.91,8.92,22680,2021-04-21 16:55:00,GBOX
8.9001,9.08,8.86,9.0217,46434,2021-04-21 17:00:00,GBOX
9.0468,9.0799,8.94,9.0799,28838,2021-04-21 17:05:00,GBOX
9.08,9.119,9.0,9.05,5790,2021-04-21 17:10:00,GBOX
9.035,9.05,9.0,9.05,2678,2021-04-21 17:15:00,GBOX
9.0799,9.08,9.0101,9.0108,6558,2021-04-21 17:20:00,GBOX
9.0288,9.2334,9.0288,9.191,29100,2021-04-21 17:25:00,GBOX
9.22,9.3,9.19,9.3,15636,2021-04-21 17:30:00,GBOX
9.3127,9.51,9.26,9.51,44144,2021-04-21 17:35:00,GBOX
9.51,9.67,9.4402,9.64,83031,2021-04-21 17:40:00,GBOX
9.6412,9.65,9.45,9.525,26989,2021-04-21 17:45:00,GBOX
9.5,9.77,9.5,9.77,77339,2021-04-21 17:50:00,GBOX
9.7814,9.79,9.59,9.5905,54198,2021-04-21 17:55:00,GBOX
9.5901,9.89,9.5901,9.75,91801,2021-04-21 18:00:00,GBOX
9.75,9.77,9.6,9.7394,25822,2021-04-21 18:05:00,GBOX
9.7,9.75,9.6,9.62,21080,2021-04-21 18:10:00,GBOX
9.63,9.6301,9.36,9.4501,36985,2021-04-21 18:15:00,GBOX
9.501,9.58,9.36,9.3605,18088,2021-04-21 18:20:00,GBOX
9.43,9.5794,9.32,9.5599,50967,2021-04-21 18:25:00,GBOX
9.536,9.536,9.4048,9.45,7675,2021-04-21 18:30:00,GBOX
9.44,9.56,9.4091,9.51,28602,2021-04-21 18:35:00,GBOX
9.5511,9.74,9.4836,9.71,61637,2021-04-21 18:40:00,GBOX
9.71,10.09,9.7059,9.94,234443,2021-04-21 18:45:00,GBOX
9.95,9.95,9.52,9.6694,88353,2021-04-21 18:50:00,GBOX
9.69,9.9198,9.66,9.8501,48278,2021-04-21 18:55:00,GBOX
9.8558,9.9,9.66,9.7501,47498,2021-04-21 19:00:00,GBOX
9.75,9.8699,9.72,9.72,22850,2021-04-21 19:05:00,GBOX
9.71,9.8,9.71,9.79,24450,2021-04-21 19:10:00,GBOX
9.761,9.78,9.6601,9.7144,7146,2021-04-21 19:15:00,GBOX
9.69,9.74,9.6783,9.7299,11149,2021-04-21 19:20:00,GBOX
9.7299,9.81,9.67,9.765,25007,2021-04-21 19:25:00,GBOX
9.79,9.89,9.766,9.8201,32644,2021-04-21 19:30:00,GBOX
9.845,9.8699,9.77,9.7716,22143,2021-04-21 19:35:00,GBOX
9.8,9.8227,9.61,9.7975,29298,2021-04-21 19:40:00,GBOX
9.78,9.7801,9.72,9.78,12461,2021-04-21 19:45:00,GBOX
9.7794,9.78,9.64,9.65,91286,2021-04-21 19:50:00,GBOX
9.65,9.7,9.62,9.66,70180,2021-04-21 19:55:00,GBOX
9.72,9.8,9.6,9.68,14405,2021-04-21 20:00:00,GBOX
9.78,9.79,9.78,9.79,200,2021-04-21 20:05:00,GBOX
9.75,9.88,9.71,9.85,2015,2021-04-21 20:10:00,GBOX
9.78,9.78,9.72,9.78,1820,2021-04-21 20:15:00,GBOX
9.78,9.78,9.78,9.78,112,2021-04-21 20:20:00,GBOX
9.78,9.78,9.78,9.78,295,2021-04-21 20:25:00,GBOX
9.78,9.78,9.78,9.78,240,2021-04-21 20:30:00,GBOX
9.81,9.81,9.78,9.78,569,2021-04-21 20:50:00,GBOX
9.78,9.78,9.72,9.72,930,2021-04-21 20:55:00,GBOX
9.72,9.72,9.66,9.67,2124,2021-04-21 21:00:00,GBOX
9.75,9.75,9.75,9.75,100,2021-04-21 21:05:00,GBOX
9.75,9.75,9.75,9.75,500,2021-04-21 21:10:00,GBOX
9.7,9.7,9.7,9.7,2250,2021-04-21 21:20:00,GBOX
9.56,9.73,9.56,9.73,1013,2021-04-21 21:30:00,GBOX
9.55,9.55,9.55,9.55,374,2021-04-21 21:35:00,GBOX
9.56,9.56,9.56,9.56,100,2021-04-21 21:40:00,GBOX
9.57,9.57,9.57,9.57,400,2021-04-21 21:45:00,GBOX
9.57,9.71,9.57,9.71,1100,2021-04-21 21:50:00,GBOX
9.71,9.71,9.71,9.71,400,2021-04-21 22:00:00,GBOX
9.78,9.78,9.71,9.71,425,2021-04-21 22:45:00,GBOX
9.71,9.71,9.7,9.7,2000,2021-04-21 22:50:00,GBOX
9.72,9.72,9.72,9.72,100,2021-04-21 23:10:00,GBOX
9.88,9.88,9.88,9.88,300,2021-04-21 23:35:00,GBOX
9.88,9.88,9.88,9.88,100,2021-04-21 23:45:00,GBOX
9.9,9.9,9.9,9.9,100,2021-04-21 23:55:00,GBOX
9.6,9.72,9.21,9.21,3053,2021-04-22 08:00:00,GBOX
9.5,9.5,9.5,9.5,300,2021-04-22 08:25:00,GBOX
9.5,9.5,9.5,9.5,300,2021-04-22 08:30:00,GBOX
9.31,9.31,9.31,9.31,100,2021-04-22 08:50:00,GBOX
9.7,9.7,9.6,9.6,300,2021-04-22 11:00:00,GBOX
9.61,9.61,9.6,9.6,200,2021-04-22 11:45:00,GBOX
9.6,9.6,9.5345,9.5345,550,2021-04-22 12:00:00,GBOX
9.6,9.6,9.6,9.6,132,2021-04-22 12:10:00,GBOX
9.51,9.51,9.51,9.51,500,2021-04-22 12:25:00,GBOX
9.6,9.7,9.6,9.7,4553,2021-04-22 12:30:00,GBOX
9.875,9.875,9.6,9.6,600,2021-04-22 12:45:00,GBOX
9.6,9.6,9.6,9.6,200,2021-04-22 12:50:00,GBOX
9.6,9.85,9.6,9.85,598,2021-04-22 13:00:00,GBOX
9.85,9.85,9.85,9.85,630,2021-04-22 13:05:00,GBOX
9.6301,9.6301,9.63,9.63,823,2021-04-22 13:15:00,GBOX
9.63,9.84,9.63,9.84,400,2021-04-22 13:20:00,GBOX
9.68,9.68,9.56,9.56,1919,2021-04-22 13:25:00,GBOX
9.56,9.6293,9.29,9.3,66539,2021-04-22 13:30:00,GBOX
9.3664,9.52,9.25,9.35,100482,2021-04-22 13:35:00,GBOX
9.395,9.44,9.24,9.24,55069,2021-04-22 13:40:00,GBOX
9.2369,9.2999,9.18,9.18,66616,2021-04-22 13:45:00,GBOX
9.18,9.21,9.04,9.12,77107,2021-04-22 13:50:00,GBOX
9.11,9.2995,9.08,9.24,34123,2021-04-22 13:55:00,GBOX
9.26,9.34,9.18,9.18,26922,2021-04-22 14:00:00,GBOX
9.18,9.23,9.09,9.09,27626,2021-04-22 14:05:00,GBOX
9.1075,9.24,9.08,9.1,40446,2021-04-22 14:10:00,GBOX
9.14,9.18,9.05,9.0932,47451,2021-04-22 14:15:00,GBOX
9.0939,9.17,9.06,9.11,22995,2021-04-22 14:20:00,GBOX
9.09,9.29,9.09,9.27,19678,2021-04-22 14:25:00,GBOX
9.26,9.43,9.255,9.4001,22140,2021-04-22 14:30:00,GBOX
9.4,9.4,9.32,9.32,12833,2021-04-22 14:35:00,GBOX
9.31,9.32,9.26,9.3084,22947,2021-04-22 14:40:00,GBOX
9.32,9.7162,9.32,9.7162,33774,2021-04-22 14:45:00,GBOX
9.7,9.8899,9.65,9.8662,52926,2021-04-22 14:50:00,GBOX
9.87,10.14,9.85,10.0999,101592,2021-04-22 14:55:00,GBOX
10.0247,10.1,9.97,10.0061,90198,2021-04-22 15:00:00,GBOX
10.03,10.25,10.0,10.25,32520,2021-04-22 15:05:00,GBOX
10.22,10.25,10.08,10.1001,40103,2021-04-22 15:10:00,GBOX
10.1001,10.18,10.05,10.1127,66409,2021-04-22 15:15:00,GBOX
10.135,10.18,10.05,10.05,37051,2021-04-22 15:20:00,GBOX
10.0577,10.17,10.05,10.075,42006,2021-04-22 15:25:00,GBOX
10.08,10.0821,10.01,10.06,14345,2021-04-22 15:30:00,GBOX
10.04,10.09,10.0271,10.07,5365,2021-04-22 15:35:00,GBOX
10.07,10.09,10.02,10.04,9807,2021-04-22 15:40:00,GBOX
10.0321,10.035,9.95,9.9765,26174,2021-04-22 15:45:00,GBOX
9.9799,10.07,9.965,10.07,7658,2021-04-22 15:50:00,GBOX
10.07,10.11,10.03,10.066,2800,2021-04-22 15:55:00,GBOX
10.11,10.11,10.01,10.01,36706,2021-04-22 16:00:00,GBOX
10.055,10.0843,10.0,10.0373,9301,2021-04-22 16:05:00,GBOX
10.0001,10.08,9.99,9.99,20716,2021-04-22 16:10:00,GBOX
9.99,10.04,9.99,10.025,6468,2021-04-22 16:15:00,GBOX
10.05,10.15,10.0145,10.11,18987,2021-04-22 16:20:00,GBOX
10.12,10.15,10.0402,10.08,5882,2021-04-22 16:25:00,GBOX
10.08,10.13,10.04,10.0501,29056,2021-04-22 16:30:00,GBOX
10.0501,10.1393,10.0501,10.09,8548,2021-04-22 16:35:00,GBOX
10.07,10.185,10.07,10.18,15063,2021-04-22 16:40:00,GBOX
10.1578,10.18,10.0921,10.1,10338,2021-04-22 16:45:00,GBOX
10.09,10.115,10.08,10.0815,6400,2021-04-22 16:50:00,GBOX
10.07,10.09,10.07,10.0703,1230,2021-04-22 16:55:00,GBOX
10.07,10.085,10.05,10.07,3848,2021-04-22 17:00:00,GBOX
10.065,10.065,10.0,10.02,54504,2021-04-22 17:05:00,GBOX
10.02,10.09,9.9321,9.9321,39194,2021-04-22 17:10:00,GBOX
9.93,10.0,9.9,9.94,17741,2021-04-22 17:15:00,GBOX
9.96,9.96,9.855,9.96,38693,2021-04-22 17:20:00,GBOX
9.9599,9.96,9.9,9.921,4957,2021-04-22 17:25:00,GBOX
9.96,9.96,9.93,9.93,802,2021-04-22 17:30:00,GBOX
9.9599,9.96,9.88,9.9,4646,2021-04-22 17:35:00,GBOX
9.89,9.89,9.77,9.77,23333,2021-04-22 17:40:00,GBOX
9.7701,9.85,9.76,9.85,30615,2021-04-22 17:45:00,GBOX
9.85,9.85,9.72,9.78,42229,2021-04-22 17:50:00,GBOX
9.78,9.89,9.75,9.8121,10114,2021-04-22 17:55:00,GBOX
9.89,9.89,9.8,9.8,3465,2021-04-22 18:00:00,GBOX
9.89,9.95,9.8001,9.9399,9307,2021-04-22 18:05:00,GBOX
9.94,9.97,9.9,9.97,4367,2021-04-22 18:10:00,GBOX
9.901,10.11,9.901,10.08,11232,2021-04-22 18:15:00,GBOX
10.075,10.075,10.03,10.07,6074,2021-04-22 18:20:00,GBOX
10.055,10.17,10.03,10.0802,9020,2021-04-22 18:25:00,GBOX
10.17,10.17,10.03,10.08,22717,2021-04-22 18:30:00,GBOX
10.055,10.08,10.03,10.08,4886,2021-04-22 18:35:00,GBOX
10.055,10.08,9.99,10.0001,16008,2021-04-22 18:40:00,GBOX
9.9801,10.01,9.9101,9.98,26188,2021-04-22 18:45:00,GBOX
9.9256,9.98,9.91,9.945,2950,2021-04-22 18:50:00,GBOX
9.9497,9.98,9.87,9.9138,22584,2021-04-22 18:55:00,GBOX
9.97,9.97,9.935,9.962,1760,2021-04-22 19:00:00,GBOX
9.97,9.97,9.88,9.88,17246,2021-04-22 19:05:00,GBOX
9.88,9.97,9.87,9.9,25489,2021-04-22 19:10:00,GBOX
9.885,9.9,9.82,9.9,33855,2021-04-22 19:15:00,GBOX
9.91,9.97,9.91,9.9201,17334,2021-04-22 19:20:00,GBOX
9.92,9.96,9.9,9.96,24025,2021-04-22 19:25:00,GBOX
9.9599,9.99,9.9599,9.98,3310,2021-04-22 19:30:00,GBOX
9.985,10.1,9.985,10.07,47698,2021-04-22 19:35:00,GBOX
10.06,10.12,9.99,10.015,25715,2021-04-22 19:40:00,GBOX
9.9963,10.03,9.99,10.0242,6587,2021-04-22 19:45:00,GBOX
10.03,10.03,9.99,10.0144,11501,2021-04-22 19:50:00,GBOX
10.02,10.0799,9.98,10.02,63236,2021-04-22 19:55:00,GBOX
9.98,9.98,9.96,9.98,10305,2021-04-22 20:00:00,GBOX
9.95,9.95,9.95,9.95,100,2021-04-22 20:25:00,GBOX
9.95,9.95,9.95,9.95,100,2021-04-22 20:35:00,GBOX
9.97,9.97,9.97,9.97,1795,2021-04-22 20:40:00,GBOX
9.97,9.97,9.97,9.97,250,2021-04-22 21:00:00,GBOX
9.97,9.97,9.97,9.97,383,2021-04-22 21:15:00,GBOX
9.82,9.82,9.82,9.82,400,2021-04-22 21:55:00,GBOX
9.82,9.82,9.82,9.82,500,2021-04-22 22:55:00,GBOX
9.82,9.82,9.82,9.82,100,2021-04-22 23:25:00,GBOX
9.81,9.81,9.81,9.81,334,2021-04-22 23:55:00,GBOX
9.54,9.54,9.53,9.53,400,2021-04-23 08:45:00,GBOX
9.99,9.99,9.99,9.99,957,2021-04-23 12:30:00,GBOX
9.99,10.0,9.99,10.0,2487,2021-04-23 12:35:00,GBOX
9.9999,10.0,9.9999,10.0,1499,2021-04-23 12:40:00,GBOX
9.92,10.0,9.9,9.9,1706,2021-04-23 13:05:00,GBOX
9.81,9.9,9.81,9.9,935,2021-04-23 13:10:00,GBOX
9.9,10.24,9.9,10.185,27354,2021-04-23 13:30:00,GBOX
10.185,10.2538,10.05,10.2099,123592,2021-04-23 13:35:00,GBOX
10.21,10.25,10.15,10.15,42466,2021-04-23 13:40:00,GBOX
10.15,10.16,10.11,10.11,8266,2021-04-23 13:45:00,GBOX
10.1,10.14,9.99,9.99,21176,2021-04-23 13:50:00,GBOX
9.99,10.01,9.92,9.9476,27992,2021-04-23 13:55:00,GBOX
9.9319,10.07,9.9319,10.05,36348,2021-04-23 14:00:00,GBOX
10.05,10.16,10.042,10.0797,20129,2021-04-23 14:05:00,GBOX
10.06,10.14,10.06,10.08,9856,2021-04-23 14:10:00,GBOX
10.1206,10.1206,9.99,9.99,20835,2021-04-23 14:15:00,GBOX
9.99,10.12,9.99,10.12,10930,2021-04-23 14:20:00,GBOX
10.0501,10.14,10.04,10.121,55327,2021-04-23 14:25:00,GBOX
10.12,10.1216,10.06,10.0618,16207,2021-04-23 14:30:00,GBOX
10.06,10.062,9.96,10.01,27516,2021-04-23 14:35:00,GBOX
9.9965,10.01,9.89,9.9,26206,2021-04-23 14:40:00,GBOX
9.9,9.92,9.72,9.8035,43464,2021-04-23 14:45:00,GBOX
9.82,9.8458,9.75,9.7577,2027,2021-04-23 14:50:00,GBOX
9.81,9.815,9.68,9.7183,31915,2021-04-23 14:55:00,GBOX
9.71,9.8,9.68,9.7,18508,2021-04-23 15:00:00,GBOX
9.7,9.96,9.7,9.89,27846,2021-04-23 15:05:00,GBOX
9.9024,9.98,9.8792,9.98,5359,2021-04-23 15:10:00,GBOX
10.0,10.0011,9.92,9.92,8401,2021-04-23 15:15:00,GBOX
9.92,9.965,9.92,9.965,579,2021-04-23 15:20:00,GBOX
10.0,10.0,9.92,9.92,2858,2021-04-23 15:25:00,GBOX
9.95,9.98,9.9386,9.955,3907,2021-04-23 15:30:00,GBOX
9.9534,9.9599,9.94,9.9599,1808,2021-04-23 15:35:00,GBOX
9.93,9.944,9.9,9.92,5894,2021-04-23 15:40:00,GBOX
9.94,9.95,9.9216,9.95,1411,2021-04-23 15:45:00,GBOX
9.9201,9.955,9.8,9.8174,28454,2021-04-23 15:50:00,GBOX
9.83,9.83,9.81,9.83,1514,2021-04-23 15:55:00,GBOX
9.8599,9.87,9.8599,9.87,4100,2021-04-23 16:00:00,GBOX
9.875,9.8755,9.82,9.8755,1490,2021-04-23 16:05:00,GBOX
9.9,9.93,9.82,9.9,5416,2021-04-23 16:10:00,GBOX
9.82,9.9,9.79,9.9,20516,2021-04-23 16:15:00,GBOX
9.9,9.93,9.81,9.9,34554,2021-04-23 16:20:00,GBOX
9.9,9.94,9.85,9.87,20954,2021-04-23 16:25:00,GBOX
9.85,9.875,9.83,9.875,2646,2021-04-23 16:30:00,GBOX
9.8444,9.85,9.831,9.831,300,2021-04-23 16:35:00,GBOX
9.83,9.9,9.83,9.9,1926,2021-04-23 16:40:00,GBOX
9.83,9.9299,9.8201,9.9299,1628,2021-04-23 16:45:00,GBOX
9.92,9.92,9.81,9.85,1630,2021-04-23 16:50:00,GBOX
9.81,9.95,9.78,9.95,21273,2021-04-23 16:55:00,GBOX
9.92,9.95,9.84,9.84,47058,2021-04-23 17:00:00,GBOX
9.9599,9.9599,9.88,9.91,7050,2021-04-23 17:05:00,GBOX
9.9513,9.9513,9.9513,9.9513,244,2021-04-23 17:10:00,GBOX
9.9,9.9,9.83,9.83,3325,2021-04-23 17:15:00,GBOX
9.8271,9.845,9.8271,9.845,1050,2021-04-23 17:20:00,GBOX
9.82,9.93,9.82,9.89,9299,2021-04-23 17:25:00,GBOX
9.885,9.89,9.85,9.89,1650,2021-04-23 17:35:00,GBOX
9.8794,9.91,9.8794,9.9,1418,2021-04-23 17:40:00,GBOX
9.9431,9.9431,9.8671,9.8671,3005,2021-04-23 17:45:00,GBOX
9.95,9.95,9.91,9.9189,8140,2021-04-23 17:50:00,GBOX
9.9401,9.97,9.92,9.97,15400,2021-04-23 17:55:00,GBOX
9.95,9.9621,9.92,9.9621,3411,2021-04-23 18:00:00,GBOX
9.92,9.9367,9.92,9.9312,7654,2021-04-23 18:05:00,GBOX
9.9818,9.99,9.91,9.91,9141,2021-04-23 18:10:00,GBOX
9.9,9.9799,9.87,9.87,8200,2021-04-23 18:15:00,GBOX
9.88,9.92,9.88,9.92,400,2021-04-23 18:20:00,GBOX
9.92,9.99,9.89,9.942,11444,2021-04-23 18:25:00,GBOX
9.89,9.97,9.89,9.89,10276,2021-04-23 18:30:00,GBOX
9.94,9.9409,9.92,9.94,1100,2021-04-23 18:35:00,GBOX
9.9899,9.9899,9.94,9.9401,4503,2021-04-23 18:40:00,GBOX
9.94,9.975,9.92,9.94,17854,2021-04-23 18:45:00,GBOX
9.97,9.97,9.92,9.94,2841,2021-04-23 18:50:00,GBOX
9.94,9.9411,9.91,9.9411,2311,2021-04-23 18:55:00,GBOX
9.95,9.98,9.94,9.9771,16463,2021-04-23 19:00:00,GBOX
9.9899,9.99,9.95,9.9501,29712,2021-04-23 19:05:00,GBOX
9.98,10.0405,9.94,9.94,55549,2021-04-23 19:10:00,GBOX
9.94,9.9623,9.93,9.93,10225,2021-04-23 19:15:00,GBOX
9.92,9.9273,9.92,9.92,1997,2021-04-23 19:20:00,GBOX
9.93,10.05,9.93,9.9689,31104,2021-04-23 19:25:00,GBOX
9.995,10.03,9.95,9.98,20475,2021-04-23 19:30:00,GBOX
9.95,10.01,9.93,9.93,13943,2021-04-23 19:35:00,GBOX
9.955,9.97,9.93,9.95,7261,2021-04-23 19:40:00,GBOX
9.94,9.9414,9.88,9.89,19882,2021-04-23 19:45:00,GBOX
9.92,9.9489,9.88,9.8912,13249,2021-04-23 19:50:00,GBOX
9.89,9.97,9.87,9.91,11659,2021-04-23 19:55:00,GBOX
9.92,9.98,9.91,9.97,8102,2021-04-23 20:00:00,GBOX
9.88,9.88,9.88,9.88,225,2021-04-23 20:05:00,GBOX
9.88,9.88,9.88,9.88,200,2021-04-23 20:10:00,GBOX
9.9,9.9,9.9,9.9,400,2021-04-23 20:20:00,GBOX
9.85,9.85,9.85,9.85,100,2021-04-23 20:35:00,GBOX
9.85,9.85,9.85,9.85,342,2021-04-23 20:50:00,GBOX
9.85,9.85,9.85,9.85,100,2021-04-23 20:55:00,GBOX
9.85,9.85,9.85,9.85,100,2021-04-23 21:25:00,GBOX
9.8,9.8,9.75,9.75,701,2021-04-23 21:45:00,GBOX
9.75,9.75,9.75,9.75,250,2021-04-23 21:50:00,GBOX
9.95,9.95,9.95,9.95,100,2021-04-23 22:40:00,GBOX
9.75,9.75,9.75,9.75,300,2021-04-23 22:45:00,GBOX
9.65,9.65,9.65,9.65,520,2021-04-23 22:55:00,GBOX
9.92,9.92,9.6501,9.6501,402,2021-04-23 23:05:00,GBOX
9.7,9.7,9.7,9.7,100,2021-04-23 23:40:00,GBOX
9.94,9.94,9.94,9.94,200,2021-04-23 23:50:00,GBOX
10.05,10.05,10.05,10.05,204,2021-04-26 10:00:00,GBOX
9.98,9.98,9.98,9.98,335,2021-04-26 11:00:00,GBOX
10.0,10.0,9.93,9.93,1664,2021-04-26 11:05:00,GBOX
10.19,10.2,10.19,10.2,518,2021-04-26 12:00:00,GBOX
10.1999,10.2,10.1999,10.2,1000,2021-04-26 12:10:00,GBOX
10.193,10.193,10.193,10.193,100,2021-04-26 12:50:00,GBOX
10.06,10.06,10.06,10.06,100,2021-04-26 13:00:00,GBOX
10.15,10.2,10.15,10.2,3382,2021-04-26 13:10:00,GBOX
10.19,10.19,10.19,10.19,100,2021-04-26 13:15:00,GBOX
10.05,10.05,10.05,10.05,195,2021-04-26 13:20:00,GBOX
10.08,10.2,9.95,9.95,67785,2021-04-26 13:30:00,GBOX
9.95,10.04,9.92,10.0,29994,2021-04-26 13:35:00,GBOX
9.97,9.99,9.7,9.74,24795,2021-04-26 13:40:00,GBOX
9.7,9.76,9.62,9.745,11373,2021-04-26 13:45:00,GBOX
9.74,9.77,9.61,9.7,16142,2021-04-26 13:50:00,GBOX
9.71,9.79,9.71,9.74,25453,2021-04-26 13:55:00,GBOX
9.72,9.7638,9.55,9.55,35738,2021-04-26 14:00:00,GBOX
9.54,9.6812,9.54,9.6812,4692,2021-04-26 14:05:00,GBOX
9.71,9.78,9.6774,9.715,1150,2021-04-26 14:10:00,GBOX
9.7926,9.805,9.71,9.805,2152,2021-04-26 14:15:00,GBOX
9.8,9.98,9.8,9.83,16139,2021-04-26 14:20:00,GBOX
9.8595,9.99,9.8595,9.99,3870,2021-04-26 14:25:00,GBOX
9.98,9.99,9.9,9.97,17022,2021-04-26 14:30:00,GBOX
9.97,9.97,9.81,9.8416,13161,2021-04-26 14:35:00,GBOX
9.96,9.96,9.84,9.84,5951,2021-04-26 14:40:00,GBOX
9.84,9.9399,9.8301,9.88,2100,2021-04-26 14:45:00,GBOX
9.82,9.8773,9.82,9.8773,1964,2021-04-26 14:50:00,GBOX
9.86,9.86,9.82,9.8383,1821,2021-04-26 14:55:00,GBOX
9.84,9.8799,9.79,9.79,9629,2021-04-26 15:00:00,GBOX
9.82,9.88,9.7,9.71,9672,2021-04-26 15:05:00,GBOX
9.75,9.86,9.75,9.805,1628,2021-04-26 15:10:00,GBOX
9.85,9.8778,9.685,9.685,18685,2021-04-26 15:15:00,GBOX
9.7,9.859,9.7,9.84,5005,2021-04-26 15:20:00,GBOX
9.84,9.9,9.8191,9.9,485,2021-04-26 15:25:00,GBOX
9.8783,9.94,9.83,9.9268,2649,2021-04-26 15:30:00,GBOX
9.9,9.9399,9.85,9.86,3000,2021-04-26 15:35:00,GBOX
9.94,9.99,9.92,9.92,16356,2021-04-26 15:40:00,GBOX
9.95,9.9899,9.8133,9.8133,26842,2021-04-26 15:45:00,GBOX
9.925,9.925,9.86,9.86,1770,2021-04-26 15:50:00,GBOX
9.915,9.9699,9.885,9.9,4317,2021-04-26 16:00:00,GBOX
9.88,9.88,9.77,9.8195,40068,2021-04-26 16:05:00,GBOX
9.81,9.9199,9.8,9.8324,9786,2021-04-26 16:10:00,GBOX
9.8225,9.8895,9.8,9.88,8569,2021-04-26 16:15:00,GBOX
9.87,9.9,9.85,9.9,6131,2021-04-26 16:20:00,GBOX
9.8996,9.8996,9.86,9.88,4656,2021-04-26 16:25:00,GBOX
9.875,9.89,9.85,9.87,3021,2021-04-26 16:30:00,GBOX
9.88,9.9,9.8749,9.89,17052,2021-04-26 16:35:00,GBOX
9.89,9.89,9.86,9.8789,11165,2021-04-26 16:40:00,GBOX
9.89,9.9,9.8746,9.9,4684,2021-04-26 16:45:00,GBOX
9.88,9.92,9.87,9.9195,3404,2021-04-26 16:50:00,GBOX
9.95,9.99,9.92,9.92,5699,2021-04-26 16:55:00,GBOX
9.94,9.98,9.93,9.9401,4113,2021-04-26 17:00:00,GBOX
9.96,10.0,9.92,9.99,42604,2021-04-26 17:05:00,GBOX
9.9899,9.99,9.91,9.95,13326,2021-04-26 17:10:00,GBOX
9.965,9.965,9.94,9.94,1100,2021-04-26 17:15:00,GBOX
9.942,9.97,9.84,9.97,12021,2021-04-26 17:20:00,GBOX
9.94,9.97,9.91,9.91,2553,2021-04-26 17:25:00,GBOX
9.92,9.9438,9.91,9.93,7886,2021-04-26 17:30:00,GBOX
9.93,10.0,9.91,9.9973,8219,2021-04-26 17:35:00,GBOX
9.9909,10.04,9.97,9.9994,10466,2021-04-26 17:40:00,GBOX
9.985,10.0,9.985,9.99,5310,2021-04-26 17:45:00,GBOX
9.99,10.05,9.95,9.96,16260,2021-04-26 17:50:00,GBOX
9.98,9.98,9.96,9.96,1100,2021-04-26 17:55:00,GBOX
9.9699,9.97,9.95,9.9501,11839,2021-04-26 18:00:00,GBOX
9.9215,9.9351,9.9215,9.9351,4709,2021-04-26 18:05:00,GBOX
9.9478,9.95,9.94,9.95,2444,2021-04-26 18:10:00,GBOX
9.95,10.07,9.95,9.985,26287,2021-04-26 18:15:00,GBOX
10.02,10.09,9.95,10.0,21417,2021-04-26 18:20:00,GBOX
10.015,10.02,9.88,9.97,20785,2021-04-26 18:25:00,GBOX
10.0,10.0,9.94,9.94,1400,2021-04-26 18:30:00,GBOX
10.04,10.043,9.99,10.0332,1049,2021-04-26 18:35:00,GBOX
10.0401,10.08,9.95,10.0545,29095,2021-04-26 18:40:00,GBOX
10.015,10.07,10.015,10.03,1600,2021-04-26 18:45:00,GBOX
10.07,10.085,9.96,9.96,4120,2021-04-26 18:50:00,GBOX
10.0265,10.0265,9.99,9.99,10841,2021-04-26 18:55:00,GBOX
9.96,9.96,9.88,9.88,5731,2021-04-26 19:00:00,GBOX
9.94,9.99,9.94,9.99,3200,2021-04-26 19:05:00,GBOX
9.94,9.9527,9.8901,9.9527,1200,2021-04-26 19:10:00,GBOX
9.94,9.94,9.81,9.92,9731,2021-04-26 19:15:00,GBOX
9.9,9.96,9.9,9.9,800,2021-04-26 19:20:00,GBOX
9.83,9.8501,9.83,9.85,2411,2021-04-26 19:25:00,GBOX
9.851,9.8542,9.79,9.79,14347,2021-04-26 19:30:00,GBOX
9.8,9.86,9.8,9.825,3702,2021-04-26 19:35:00,GBOX
9.86,9.86,9.74,9.78,13800,2021-04-26 19:40:00,GBOX
9.8,9.82,9.79,9.79,1422,2021-04-26 19:45:00,GBOX
9.7991,9.86,9.7991,9.8525,4658,2021-04-26 19:50:00,GBOX
9.85,9.85,9.73,9.8,13124,2021-04-26 19:55:00,GBOX
9.78,9.78,9.78,9.78,4388,2021-04-26 20:00:00,GBOX
9.78,9.78,9.78,9.78,270,2021-04-26 20:20:00,GBOX
9.71,9.71,9.7,9.7,1700,2021-04-26 20:55:00,GBOX
9.65,9.65,9.65,9.65,200,2021-04-26 21:05:00,GBOX
9.8001,9.8001,9.8001,9.8001,100,2021-04-26 21:40:00,GBOX
9.8,9.8,9.66,9.66,770,2021-04-26 22:35:00,GBOX
9.66,9.66,9.66,9.66,385,2021-04-26 22:50:00,GBOX
9.82,9.82,9.78,9.78,2307,2021-04-27 11:00:00,GBOX
9.78,9.78,9.78,9.78,125,2021-04-27 11:10:00,GBOX
9.85,9.85,9.79,9.79,1598,2021-04-27 13:25:00,GBOX
9.97,10.09,9.77,9.9572,13972,2021-04-27 13:30:00,GBOX
9.88,9.93,9.81,9.8158,8801,2021-04-27 13:35:00,GBOX
9.82,9.88,9.66,9.661,23047,2021-04-27 13:40:00,GBOX
9.62,9.7186,9.56,9.7186,10690,2021-04-27 13:45:00,GBOX
9.69,9.8,9.54,9.66,15603,2021-04-27 13:50:00,GBOX
9.6809,9.8426,9.6809,9.785,2441,2021-04-27 13:55:00,GBOX
9.785,9.82,9.7253,9.7884,555,2021-04-27 14:00:00,GBOX
9.84,9.84,9.7401,9.83,5299,2021-04-27 14:05:00,GBOX
9.76,9.76,9.7,9.7499,3553,2021-04-27 14:10:00,GBOX
9.68,9.68,9.54,9.625,20495,2021-04-27 14:15:00,GBOX
9.6433,9.66,9.5,9.6294,26350,2021-04-27 14:20:00,GBOX
9.55,9.66,9.55,9.66,8029,2021-04-27 14:25:00,GBOX
9.5701,9.6683,9.5,9.53,8212,2021-04-27 14:30:00,GBOX
9.62,9.66,9.33,9.4392,73280,2021-04-27 14:35:00,GBOX
9.465,9.49,9.38,9.4,2800,2021-04-27 14:40:00,GBOX
9.4,9.49,9.36,9.43,2409,2021-04-27 14:45:00,GBOX
9.395,9.47,9.3609,9.4,4846,2021-04-27 14:50:00,GBOX
9.5,9.5,9.45,9.45,604,2021-04-27 14:55:00,GBOX
9.5,9.6,9.47,9.47,23382,2021-04-27 15:00:00,GBOX
9.5,9.58,9.46,9.5,16927,2021-04-27 15:05:00,GBOX
9.5,9.5,9.44,9.47,14951,2021-04-27 15:10:00,GBOX
9.45,9.4799,9.4,9.4723,6854,2021-04-27 15:15:00,GBOX
9.48,9.5199,9.41,9.5,19240,2021-04-27 15:20:00,GBOX
9.5,9.5,9.4864,9.49,600,2021-04-27 15:25:00,GBOX
9.4501,9.4615,9.4501,9.4615,1200,2021-04-27 15:30:00,GBOX
9.4693,9.502,9.42,9.42,4454,2021-04-27 15:35:00,GBOX
9.4488,9.492,9.425,9.4426,1585,2021-04-27 15:40:00,GBOX
9.54,9.54,9.54,9.54,100,2021-04-27 15:45:00,GBOX
9.465,9.465,9.4301,9.4301,900,2021-04-27 15:50:00,GBOX
9.45,9.48,9.42,9.42,6271,2021-04-27 15:55:00,GBOX
9.41,9.43,9.3901,9.4,6230,2021-04-27 16:05:00,GBOX
9.48,9.55,9.48,9.52,28737,2021-04-27 16:10:00,GBOX
9.4897,9.54,9.4897,9.518,1078,2021-04-27 16:15:00,GBOX
9.54,9.54,9.51,9.51,400,2021-04-27 16:20:00,GBOX
9.54,9.54,9.5,9.54,608,2021-04-27 16:25:00,GBOX
9.505,9.505,9.4624,9.4624,868,2021-04-27 16:30:00,GBOX
9.45,9.45,9.4,9.4,5699,2021-04-27 16:35:00,GBOX
9.44,9.44,9.22,9.27,16698,2021-04-27 16:40:00,GBOX
9.2201,9.37,9.2201,9.37,7933,2021-04-27 16:45:00,GBOX
9.32,9.363,9.32,9.34,1233,2021-04-27 16:50:00,GBOX
9.37,9.37,9.28,9.28,1943,2021-04-27 16:55:00,GBOX
9.2762,9.3,9.2584,9.29,4073,2021-04-27 17:00:00,GBOX
9.38,9.38,9.3184,9.38,1606,2021-04-27 17:05:00,GBOX
9.355,9.36,9.3419,9.36,545,2021-04-27 17:10:00,GBOX
9.36,9.36,9.36,9.36,200,2021-04-27 17:15:00,GBOX
9.33,9.33,9.28,9.2804,2927,2021-04-27 17:20:00,GBOX
9.26,9.275,9.25,9.25,2147,2021-04-27 17:25:00,GBOX
9.3129,9.3152,9.27,9.27,1900,2021-04-27 17:35:00,GBOX
9.2605,9.2861,9.25,9.2861,1900,2021-04-27 17:40:00,GBOX
9.25,9.2705,9.2334,9.2705,2630,2021-04-27 17:45:00,GBOX
9.2695,9.29,9.2695,9.29,1207,2021-04-27 17:50:00,GBOX
9.27,9.28,9.2602,9.28,412,2021-04-27 17:55:00,GBOX
9.26,9.2719,9.22,9.2719,2270,2021-04-27 18:00:00,GBOX
9.2215,9.26,9.1538,9.1538,8248,2021-04-27 18:05:00,GBOX
9.17,9.2309,9.15,9.21,1227,2021-04-27 18:10:00,GBOX
9.2,9.2,9.1,9.1,14372,2021-04-27 18:15:00,GBOX
9.1,9.15,9.09,9.0973,6487,2021-04-27 18:20:00,GBOX
9.15,9.15,9.14,9.1405,300,2021-04-27 18:25:00,GBOX
9.1437,9.145,9.11,9.11,4633,2021-04-27 18:30:00,GBOX
9.143,9.143,9.1405,9.1405,387,2021-04-27 18:35:00,GBOX
9.14,9.14,9.09,9.09,3033,2021-04-27 18:40:00,GBOX
9.09,9.0973,8.9738,9.0295,16070,2021-04-27 18:45:00,GBOX
8.99,9.05,8.99,9.02,9211,2021-04-27 18:50:00,GBOX
9.02,9.02,8.9378,8.9378,18082,2021-04-27 18:55:00,GBOX
8.9888,9.0,8.91,8.9648,10786,2021-04-27 19:00:00,GBOX
8.98,9.1,8.98,9.1,15234,2021-04-27 19:05:00,GBOX
9.1,9.1,9.0,9.05,1695,2021-04-27 19:10:00,GBOX
9.06,9.0846,9.03,9.03,8617,2021-04-27 19:15:00,GBOX
9.06,9.08,9.06,9.06,753,2021-04-27 19:20:00,GBOX
9.0899,9.09,9.03,9.03,1734,2021-04-27 19:25:00,GBOX
9.0615,9.15,9.0615,9.13,1125,2021-04-27 19:30:00,GBOX
9.09,9.14,9.09,9.14,8291,2021-04-27 19:35:00,GBOX
9.13,9.135,9.07,9.0972,10052,2021-04-27 19:40:00,GBOX
9.085,9.1399,9.05,9.07,22811,2021-04-27 19:45:00,GBOX
9.06,9.08,9.06,9.075,6914,2021-04-27 19:50:00,GBOX
9.075,9.075,9.04,9.05,25838,2021-04-27 19:55:00,GBOX
9.08,9.08,9.08,9.08,5118,2021-04-27 20:00:00,GBOX
9.05,9.05,9.05,9.05,3405,2021-04-27 20:10:00,GBOX
9.05,9.05,9.05,9.05,3000,2021-04-27 20:20:00,GBOX
9.08,9.08,9.08,9.08,332,2021-04-27 20:40:00,GBOX
9.1,9.1,9.1,9.1,2100,2021-04-27 20:45:00,GBOX
9.15,9.15,9.15,9.15,200,2021-04-27 21:40:00,GBOX
9.17,9.17,9.17,9.17,200,2021-04-27 21:45:00,GBOX
9.08,9.08,9.08,9.08,2750,2021-04-27 22:20:00,GBOX
9.29,9.29,9.29,9.29,100,2021-04-27 23:30:00,GBOX
9.2899,9.2899,9.2899,9.2899,300,2021-04-27 23:40:00,GBOX
9.29,9.29,9.29,9.29,100,2021-04-27 23:55:00,GBOX
9.49,9.49,9.22,9.22,330,2021-04-28 12:55:00,GBOX
9.29,9.29,9.29,9.29,2600,2021-04-28 13:00:00,GBOX
9.29,9.5,9.12,9.41,18860,2021-04-28 13:30:00,GBOX
9.5,9.5,9.25,9.265,3902,2021-04-28 13:35:00,GBOX
9.35,9.4,9.22,9.305,6836,2021-04-28 13:40:00,GBOX
9.358,9.39,9.3501,9.3582,1930,2021-04-28 13:45:00,GBOX
9.3499,9.35,9.29,9.29,3607,2021-04-28 13:50:00,GBOX
9.28,9.29,9.2,9.21,15414,2021-04-28 13:55:00,GBOX
9.2,9.2,9.185,9.19,1156,2021-04-28 14:00:00,GBOX
9.2599,9.2623,9.1901,9.1901,996,2021-04-28 14:05:00,GBOX
9.27,9.27,9.15,9.26,3088,2021-04-28 14:10:00,GBOX
9.26,9.26,9.23,9.23,1689,2021-04-28 14:15:00,GBOX
9.24,9.24,9.12,9.17,14379,2021-04-28 14:20:00,GBOX
9.235,9.27,9.2,9.2,4875,2021-04-28 14:25:00,GBOX
9.22,9.24,9.2,9.23,2010,2021-04-28 14:30:00,GBOX
9.24,9.24,9.15,9.152,16397,2021-04-28 14:35:00,GBOX
9.12,9.2,9.12,9.15,9038,2021-04-28 14:40:00,GBOX
9.16,9.24,9.15,9.24,4695,2021-04-28 14:45:00,GBOX
9.185,9.2282,9.13,9.1381,2860,2021-04-28 14:50:00,GBOX
9.199,9.24,9.14,9.24,2694,2021-04-28 14:55:00,GBOX
9.2,9.2999,9.2,9.28,16635,2021-04-28 15:00:00,GBOX
9.3,9.37,9.272,9.35,8659,2021-04-28 15:05:00,GBOX
9.34,9.35,9.3263,9.33,3281,2021-04-28 15:10:00,GBOX
9.3531,9.3531,9.3,9.3304,1093,2021-04-28 15:15:00,GBOX
9.1913,9.32,9.1913,9.23,7004,2021-04-28 15:20:00,GBOX
9.2,9.3,9.2,9.3,1345,2021-04-28 15:25:00,GBOX
9.2913,9.3,9.22,9.22,2401,2021-04-28 15:30:00,GBOX
9.23,9.23,9.23,9.23,512,2021-04-28 15:35:00,GBOX
9.2301,9.28,9.23,9.27,4260,2021-04-28 15:40:00,GBOX
9.295,9.3072,9.29,9.3072,5303,2021-04-28 15:45:00,GBOX
9.33,9.35,9.32,9.3482,3200,2021-04-28 15:50:00,GBOX
9.35,9.364,9.315,9.35,4540,2021-04-28 15:55:00,GBOX
9.37,9.43,9.36,9.395,5150,2021-04-28 16:00:00,GBOX
9.41,9.6337,9.41,9.6337,15832,2021-04-28 16:05:00,GBOX
9.6699,9.94,9.64,9.9222,34432,2021-04-28 16:10:00,GBOX
9.9332,9.97,9.72,9.85,53586,2021-04-28 16:15:00,GBOX
9.7828,9.84,9.7,9.8399,6798,2021-04-28 16:20:00,GBOX
9.77,9.8,9.68,9.7798,6210,2021-04-28 16:25:00,GBOX
9.7387,9.78,9.67,9.7,9036,2021-04-28 16:30:00,GBOX
9.7,9.78,9.68,9.76,5462,2021-04-28 16:35:00,GBOX
9.7705,9.8396,9.73,9.8396,9245,2021-04-28 16:40:00,GBOX
9.8357,9.84,9.75,9.805,7018,2021-04-28 16:45:00,GBOX
9.805,9.839,9.7701,9.7704,2070,2021-04-28 16:50:00,GBOX
9.8,9.8268,9.7801,9.81,6037,2021-04-28 16:55:00,GBOX
9.8,10.08,9.799,10.048,21358,2021-04-28 17:00:00,GBOX
10.0333,10.15,9.99,10.15,39102,2021-04-28 17:05:00,GBOX
10.17,10.35,10.0836,10.28,74688,2021-04-28 17:10:00,GBOX
10.2728,10.5,10.24,10.39,58073,2021-04-28 17:15:00,GBOX
10.39,10.44,10.28,10.311,34803,2021-04-28 17:20:00,GBOX
10.3141,10.3142,10.19,10.2038,25900,2021-04-28 17:25:00,GBOX
10.2432,10.28,10.07,10.08,11045,2021-04-28 17:30:00,GBOX
10.19,10.2499,10.1401,10.1801,12549,2021-04-28 17:35:00,GBOX
10.22,10.28,10.2,10.2,4011,2021-04-28 17:40:00,GBOX
10.11,10.27,10.11,10.2,5160,2021-04-28 17:45:00,GBOX
10.27,10.27,10.15,10.15,4751,2021-04-28 17:50:00,GBOX
10.15,10.165,10.06,10.06,33446,2021-04-28 17:55:00,GBOX
10.09,10.15,10.03,10.15,5365,2021-04-28 18:00:00,GBOX
10.1247,10.24,10.12,10.18,9549,2021-04-28 18:05:00,GBOX
10.09,10.1599,10.0702,10.15,3180,2021-04-28 18:10:00,GBOX
10.135,10.1439,10.07,10.129,3913,2021-04-28 18:15:00,GBOX
10.1,10.105,10.06,10.0702,5500,2021-04-28 18:20:00,GBOX
10.09,10.1238,10.0781,10.12,3141,2021-04-28 18:25:00,GBOX
10.08,10.09,10.04,10.075,861,2021-04-28 18:30:00,GBOX
10.08,10.08,10.0,10.07,9514,2021-04-28 18:35:00,GBOX
10.06,10.06,10.0,10.0,300,2021-04-28 18:40:00,GBOX
10.01,10.07,10.01,10.045,3749,2021-04-28 18:45:00,GBOX
10.02,10.0541,9.88,9.9137,8324,2021-04-28 18:50:00,GBOX
9.89,9.8983,9.88,9.88,2004,2021-04-28 18:55:00,GBOX
9.89,10.14,9.89,10.02,11879,2021-04-28 19:00:00,GBOX
10.06,10.06,10.0416,10.0453,2050,2021-04-28 19:05:00,GBOX
9.94,10.0,9.94,9.95,1820,2021-04-28 19:10:00,GBOX
9.97,9.99,9.96,9.96,2243,2021-04-28 19:15:00,GBOX
9.99,10.09,9.99,10.08,4353,2021-04-28 19:20:00,GBOX
10.0999,10.1,10.0699,10.0699,4368,2021-04-28 19:25:00,GBOX
10.0284,10.071,10.025,10.071,3111,2021-04-28 19:30:00,GBOX
10.08,10.09,10.0464,10.09,1617,2021-04-28 19:35:00,GBOX
10.073,10.1,10.0201,10.0201,2996,2021-04-28 19:40:00,GBOX
10.06,10.06,10.029,10.0524,3300,2021-04-28 19:45:00,GBOX
10.04,10.16,10.0259,10.09,24455,2021-04-28 19:50:00,GBOX
10.09,10.09,10.03,10.04,19435,2021-04-28 19:55:00,GBOX
10.04,10.04,10.04,10.04,8443,2021-04-28 20:00:00,GBOX
10.1799,10.1799,10.1799,10.1799,330,2021-04-28 20:10:00,GBOX
10.17,10.17,10.1,10.1,283,2021-04-28 20:15:00,GBOX
10.1799,10.1799,10.1799,10.1799,100,2021-04-28 20:20:00,GBOX
10.17,10.19,10.17,10.19,500,2021-04-28 20:25:00,GBOX
10.22,10.24,10.22,10.24,920,2021-04-28 20:30:00,GBOX
10.34,10.5,10.34,10.34,9025,2021-04-28 20:40:00,GBOX
10.33,10.33,10.33,10.33,200,2021-04-28 20:45:00,GBOX
10.23,10.3,10.2,10.3,1303,2021-04-28 20:50:00,GBOX
10.28,10.3999,10.28,10.3999,3650,2021-04-28 20:55:00,GBOX
10.4,10.4,10.4,10.4,350,2021-04-28 21:00:00,GBOX
10.4,10.4,10.4,10.4,2500,2021-04-28 21:05:00,GBOX
10.4,10.4,10.4,10.4,300,2021-04-28 21:10:00,GBOX
10.34,10.45,10.34,10.41,2960,2021-04-28 21:15:00,GBOX
10.4,10.4,10.22,10.22,1977,2021-04-28 21:25:00,GBOX
10.2,10.2,10.2,10.2,204,2021-04-28 21:30:00,GBOX
10.45,10.45,10.45,10.45,500,2021-04-28 21:35:00,GBOX
10.42,10.42,10.42,10.42,100,2021-04-28 21:45:00,GBOX
10.4,10.4,10.4,10.4,1000,2021-04-28 21:50:00,GBOX
10.31,10.31,10.31,10.31,500,2021-04-28 22:00:00,GBOX
10.31,10.31,10.31,10.31,500,2021-04-28 22:05:00,GBOX
10.31,10.31,10.31,10.31,100,2021-04-28 22:10:00,GBOX
10.4,10.4,10.4,10.4,433,2021-04-28 22:15:00,GBOX
10.41,10.41,10.41,10.41,500,2021-04-28 22:20:00,GBOX
10.4,10.4,10.4,10.4,100,2021-04-28 22:30:00,GBOX
10.41,10.41,10.41,10.41,550,2021-04-28 22:50:00,GBOX
10.41,10.41,10.41,10.41,400,2021-04-28 22:55:00,GBOX
10.3,10.3,10.3,10.3,790,2021-04-28 23:10:00,GBOX
10.4,10.4,10.25,10.25,1027,2021-04-28 23:15:00,GBOX
10.25,10.25,10.25,10.25,500,2021-04-28 23:35:00,GBOX
10.35,10.35,10.35,10.35,200,2021-04-28 23:45:00,GBOX
10.25,10.26,10.25,10.26,266,2021-04-28 23:50:00,GBOX
10.25,10.25,10.2,10.2,1466,2021-04-28 23:55:00,GBOX
10.3,10.3,10.3,10.3,500,2021-04-29 10:55:00,GBOX
10.3,10.3,10.3,10.3,450,2021-04-29 11:00:00,GBOX
10.3,10.3,10.3,10.3,200,2021-04-29 11:10:00,GBOX
10.3,10.3,10.3,10.3,100,2021-04-29 11:25:00,GBOX
10.26,10.26,10.25,10.25,708,2021-04-29 11:35:00,GBOX
10.22,10.22,10.2,10.2,2440,2021-04-29 11:50:00,GBOX
10.2,10.2,10.15,10.2,1040,2021-04-29 12:00:00,GBOX
10.21,10.21,10.21,10.21,300,2021-04-29 12:05:00,GBOX
10.25,10.25,10.25,10.25,1900,2021-04-29 12:40:00,GBOX
10.25,10.25,10.25,10.25,500,2021-04-29 12:45:00,GBOX
10.26,10.26,10.25,10.25,400,2021-04-29 13:00:00,GBOX
10.2499,10.2499,10.2,10.2,300,2021-04-29 13:05:00,GBOX
10.2,10.25,10.2,10.25,520,2021-04-29 13:10:00,GBOX
10.2,10.2,10.2,10.2,765,2021-04-29 13:15:00,GBOX
10.39,10.61,10.39,10.54,8665,2021-04-29 13:25:00,GBOX
10.53,10.7423,10.44,10.6003,240093,2021-04-29 13:30:00,GBOX
10.6,10.7,10.47,10.67,285087,2021-04-29 13:35:00,GBOX
10.65,10.67,10.44,10.5,84347,2021-04-29 13:40:00,GBOX
10.55,10.5899,10.25,10.3239,90300,2021-04-29 13:45:00,GBOX
10.33,10.3799,10.1931,10.3,46009,2021-04-29 13:50:00,GBOX
10.3499,10.5799,10.34,10.57,34260,2021-04-29 13:55:00,GBOX
10.56,10.5705,10.34,10.373,15976,2021-04-29 14:00:00,GBOX
10.42,10.46,10.391,10.4499,9552,2021-04-29 14:05:00,GBOX
10.4,10.6388,10.4,10.55,70325,2021-04-29 14:10:00,GBOX
10.55,10.57,10.43,10.46,14801,2021-04-29 14:15:00,GBOX
10.4596,10.4885,10.375,10.4,24010,2021-04-29 14:20:00,GBOX
10.38,10.51,10.38,10.49,15212,2021-04-29 14:25:00,GBOX
10.5199,10.5449,10.45,10.45,13188,2021-04-29 14:30:00,GBOX
10.4301,10.56,10.43,10.53,18267,2021-04-29 14:35:00,GBOX
10.5499,10.5499,10.4385,10.45,17290,2021-04-29 14:40:00,GBOX
10.45,10.45,10.2501,10.2701,16464,2021-04-29 14:45:00,GBOX
10.2852,10.4,10.2,10.34,36319,2021-04-29 14:50:00,GBOX
10.4,10.44,10.38,10.3942,15168,2021-04-29 14:55:00,GBOX
10.3701,10.49,10.3701,10.46,34421,2021-04-29 15:00:00,GBOX
10.5,10.58,10.465,10.5317,60458,2021-04-29 15:05:00,GBOX
10.55,10.64,10.55,10.64,24663,2021-04-29 15:10:00,GBOX
10.6001,10.73,10.58,10.67,34679,2021-04-29 15:15:00,GBOX
10.6705,11.0,10.61,10.945,151889,2021-04-29 15:20:00,GBOX
10.91,10.97,10.84,10.9399,19893,2021-04-29 15:25:00,GBOX
10.905,10.9362,10.8601,10.8601,6569,2021-04-29 15:30:00,GBOX
10.87,10.87,10.69,10.7766,20198,2021-04-29 15:35:00,GBOX
10.77,10.8436,10.69,10.8436,12661,2021-04-29 15:40:00,GBOX
10.859,11.1,10.78,10.9801,76075,2021-04-29 15:45:00,GBOX
11.04,11.1,10.87,10.87,56864,2021-04-29 15:50:00,GBOX
10.86,10.94,10.79,10.81,28062,2021-04-29 15:55:00,GBOX
10.7923,10.8,10.72,10.72,19713,2021-04-29 16:00:00,GBOX
10.7,10.7,10.57,10.57,9778,2021-04-29 16:05:00,GBOX
10.6,10.6799,10.5,10.62,60127,2021-04-29 16:10:00,GBOX
10.5933,10.68,10.5401,10.67,5933,2021-04-29 16:15:00,GBOX
10.6,10.7699,10.6,10.67,16208,2021-04-29 16:20:00,GBOX
10.7299,10.73,10.67,10.67,9600,2021-04-29 16:25:00,GBOX
10.6978,10.73,10.67,10.715,14558,2021-04-29 16:30:00,GBOX
10.7,10.73,10.577,10.6065,12713,2021-04-29 16:35:00,GBOX
10.63,10.6994,10.63,10.66,2666,2021-04-29 16:40:00,GBOX
10.69,10.78,10.69,10.75,7279,2021-04-29 16:45:00,GBOX
10.75,10.78,10.7499,10.78,2400,2021-04-29 16:50:00,GBOX
10.78,10.85,10.78,10.83,13640,2021-04-29 16:55:00,GBOX
10.81,10.84,10.7,10.7,23159,2021-04-29 17:00:00,GBOX
10.71,10.84,10.71,10.82,7927,2021-04-29 17:05:00,GBOX
10.84,10.84,10.8346,10.84,1526,2021-04-29 17:10:00,GBOX
10.825,10.87,10.825,10.87,8442,2021-04-29 17:15:00,GBOX
10.87,10.87,10.8,10.81,10245,2021-04-29 17:20:00,GBOX
10.76,10.83,10.71,10.7793,7101,2021-04-29 17:25:00,GBOX
10.745,10.7793,10.56,10.565,16993,2021-04-29 17:30:00,GBOX
10.62,10.7593,10.62,10.72,9827,2021-04-29 17:35:00,GBOX
10.72,10.72,10.61,10.6686,2200,2021-04-29 17:40:00,GBOX
10.6798,10.73,10.65,10.65,8915,2021-04-29 17:45:00,GBOX
10.65,10.7153,10.65,10.66,4950,2021-04-29 17:50:00,GBOX
10.6501,10.71,10.62,10.63,6344,2021-04-29 17:55:00,GBOX
10.6599,10.6599,10.52,10.565,14405,2021-04-29 18:00:00,GBOX
10.6,10.63,10.57,10.625,4000,2021-04-29 18:05:00,GBOX
10.625,10.66,10.62,10.625,5355,2021-04-29 18:10:00,GBOX
10.65,10.66,10.62,10.62,3976,2021-04-29 18:15:00,GBOX
10.62,10.72,10.62,10.675,16077,2021-04-29 18:20:00,GBOX
10.69,10.77,10.68,10.735,6947,2021-04-29 18:25:00,GBOX
10.77,10.79,10.68,10.74,8950,2021-04-29 18:30:00,GBOX
10.74,10.78,10.735,10.77,3776,2021-04-29 18:35:00,GBOX
10.754,10.77,10.62,10.643,6220,2021-04-29 18:40:00,GBOX
10.65,10.79,10.62,10.68,30834,2021-04-29 18:45:00,GBOX
10.69,10.77,10.68,10.77,2450,2021-04-29 18:50:00,GBOX
10.77,10.8499,10.69,10.7532,12687,2021-04-29 18:55:00,GBOX
10.7,10.82,10.7,10.81,14897,2021-04-29 19:00:00,GBOX
10.815,10.9299,10.815,10.87,13674,2021-04-29 19:05:00,GBOX
10.93,10.93,10.82,10.93,5591,2021-04-29 19:10:00,GBOX
10.8883,10.915,10.83,10.83,6018,2021-04-29 19:15:00,GBOX
10.83,10.87,10.81,10.86,2000,2021-04-29 19:20:00,GBOX
10.83,10.89,10.8001,10.88,6252,2021-04-29 19:25:00,GBOX
10.89,11.0,10.85,10.99,52493,2021-04-29 19:30:00,GBOX
11.0,11.13,10.951,11.125,54595,2021-04-29 19:35:00,GBOX
11.1086,11.28,11.1086,11.2099,60673,2021-04-29 19:40:00,GBOX
11.14,11.25,11.11,11.11,30564,2021-04-29 19:45:00,GBOX
11.23,11.37,11.22,11.37,29889,2021-04-29 19:50:00,GBOX
11.3675,11.37,11.25,11.32,45849,2021-04-29 19:55:00,GBOX
11.35,11.39,11.35,11.39,28163,2021-04-29 20:00:00,GBOX
11.3,11.3,11.26,11.26,4285,2021-04-29 20:05:00,GBOX
11.3,11.35,11.2499,11.35,3641,2021-04-29 20:10:00,GBOX
11.32,11.35,11.25,11.35,525,2021-04-29 20:20:00,GBOX
11.3499,11.35,11.25,11.25,300,2021-04-29 20:25:00,GBOX
11.26,11.26,11.26,11.26,135,2021-04-29 20:30:00,GBOX
11.348,11.348,11.348,11.348,100,2021-04-29 20:40:00,GBOX
11.35,11.35,11.35,11.35,100,2021-04-29 20:50:00,GBOX
11.35,11.35,11.35,11.35,200,2021-04-29 20:55:00,GBOX
11.26,11.26,11.26,11.26,100,2021-04-29 21:05:00,GBOX
11.35,11.35,11.35,11.35,400,2021-04-29 21:25:00,GBOX
11.3313,11.3313,11.3313,11.3313,100,2021-04-29 21:30:00,GBOX
11.26,11.26,11.26,11.26,100,2021-04-29 21:40:00,GBOX
11.3499,11.3499,11.32,11.32,600,2021-04-29 21:55:00,GBOX
11.35,11.35,11.35,11.35,150,2021-04-29 22:25:00,GBOX
11.35,11.35,11.35,11.35,135,2021-04-29 22:30:00,GBOX
11.35,11.35,11.29,11.29,791,2021-04-29 22:45:00,GBOX
11.35,11.35,11.35,11.35,100,2021-04-29 22:50:00,GBOX
11.35,11.35,11.35,11.35,210,2021-04-29 22:55:00,GBOX
11.27,11.27,11.26,11.26,745,2021-04-29 23:05:00,GBOX
11.25,11.25,11.24,11.25,1150,2021-04-29 23:10:00,GBOX
11.23,11.2301,11.23,11.2301,1413,2021-04-29 23:15:00,GBOX
11.2999,11.2999,11.2999,11.2999,2100,2021-04-29 23:20:00,GBOX
11.29,11.29,11.29,11.29,1500,2021-04-29 23:45:00,GBOX
11.23,11.23,11.0,11.0,669,2021-04-30 10:40:00,GBOX
10.99,11.0,10.99,11.0,345,2021-04-30 11:00:00,GBOX
11.34,11.34,11.34,11.34,100,2021-04-30 12:05:00,GBOX
11.17,11.33,11.17,11.33,350,2021-04-30 12:50:00,GBOX
11.1291,11.33,11.1291,11.33,273,2021-04-30 13:05:00,GBOX
11.12,11.12,11.12,11.12,100,2021-04-30 13:10:00,GBOX
11.18,11.18,11.18,11.18,355,2021-04-30 13:15:00,GBOX
11.18,11.18,11.18,11.18,3000,2021-04-30 13:20:00,GBOX
11.2,11.2,11.04,11.04,5033,2021-04-30 13:25:00,GBOX
10.97,11.1599,10.8,10.8243,43270,2021-04-30 13:30:00,GBOX
10.8654,11.0609,10.75,11.05,8635,2021-04-30 13:35:00,GBOX
10.955,10.985,10.85,10.92,8637,2021-04-30 13:40:00,GBOX
10.9525,10.9564,10.75,10.7925,21608,2021-04-30 13:45:00,GBOX
10.769,10.8389,10.67,10.67,13471,2021-04-30 13:50:00,GBOX
10.745,10.8139,10.4,10.53,43750,2021-04-30 13:55:00,GBOX
10.7162,10.7162,10.56,10.65,7537,2021-04-30 14:00:00,GBOX
10.61,10.65,10.5,10.5,20314,2021-04-30 14:05:00,GBOX
10.63,10.63,10.3,10.42,30511,2021-04-30 14:10:00,GBOX
10.425,10.53,10.4,10.475,7119,2021-04-30 14:15:00,GBOX
10.475,10.5099,10.3,10.41,12730,2021-04-30 14:20:00,GBOX
10.41,10.53,10.35,10.37,25958,2021-04-30 14:25:00,GBOX
10.38,10.51,10.38,10.505,9459,2021-04-30 14:30:00,GBOX
10.5215,10.6499,10.48,10.5806,20927,2021-04-30 14:35:00,GBOX
10.58,10.89,10.56,10.89,34130,2021-04-30 14:40:00,GBOX
10.866,10.866,10.7,10.7759,5879,2021-04-30 14:45:00,GBOX
10.7,10.7299,10.62,10.675,9360,2021-04-30 14:50:00,GBOX
10.6485,10.73,10.58,10.66,18081,2021-04-30 14:55:00,GBOX
10.7089,10.7089,10.6,10.6394,3100,2021-04-30 15:00:00,GBOX
10.6,10.655,10.56,10.56,1400,2021-04-30 15:05:00,GBOX
10.57,10.61,10.56,10.5663,7696,2021-04-30 15:10:00,GBOX
10.56,10.6,10.56,10.6,3158,2021-04-30 15:15:00,GBOX
10.59,10.6,10.55,10.58,3774,2021-04-30 15:20:00,GBOX
10.5933,10.5933,10.54,10.54,2111,2021-04-30 15:25:00,GBOX
10.54,10.57,10.54,10.57,1867,2021-04-30 15:30:00,GBOX
10.6199,10.6199,10.58,10.5999,2289,2021-04-30 15:35:00,GBOX
10.575,10.75,10.575,10.75,9083,2021-04-30 15:40:00,GBOX
10.7531,10.78,10.6701,10.719,2386,2021-04-30 15:45:00,GBOX
10.7,10.7499,10.6501,10.6632,9535,2021-04-30 15:50:00,GBOX
10.6637,10.7299,10.65,10.65,1923,2021-04-30 15:55:00,GBOX
10.65,10.78,10.65,10.77,9195,2021-04-30 16:00:00,GBOX
10.76,10.92,10.74,10.9,7847,2021-04-30 16:05:00,GBOX
10.88,10.95,10.84,10.927,5906,2021-04-30 16:10:00,GBOX
10.9093,10.92,10.864,10.8723,3140,2021-04-30 16:15:00,GBOX
10.82,10.88,10.8038,10.8038,6715,2021-04-30 16:20:00,GBOX
10.77,10.85,10.77,10.82,3050,2021-04-30 16:25:00,GBOX
10.8422,10.8434,10.8,10.8434,740,2021-04-30 16:30:00,GBOX
10.79,10.79,10.72,10.72,2681,2021-04-30 16:35:00,GBOX
10.73,10.8,10.73,10.76,2255,2021-04-30 16:40:00,GBOX
10.71,10.7742,10.68,10.715,2946,2021-04-30 16:45:00,GBOX
10.74,10.85,10.73,10.8417,2842,2021-04-30 16:50:00,GBOX
10.7811,10.9,10.7811,10.9,1528,2021-04-30 16:55:00,GBOX
10.92,10.97,10.89,10.895,5780,2021-04-30 17:00:00,GBOX
10.85,10.9699,10.84,10.9699,1470,2021-04-30 17:05:00,GBOX
10.97,10.97,10.8592,10.9287,2768,2021-04-30 17:10:00,GBOX
10.86,10.9,10.82,10.9,4381,2021-04-30 17:15:00,GBOX
10.9,10.92,10.9,10.905,4420,2021-04-30 17:20:00,GBOX
10.91,10.94,10.85,10.9179,8547,2021-04-30 17:25:00,GBOX
10.92,10.94,10.9,10.91,2233,2021-04-30 17:30:00,GBOX
10.9365,10.9365,10.91,10.91,2637,2021-04-30 17:35:00,GBOX
10.925,10.94,10.8573,10.8573,5116,2021-04-30 17:40:00,GBOX
10.8845,10.8845,10.8076,10.8406,4771,2021-04-30 17:45:00,GBOX
10.7979,10.8499,10.7901,10.7901,2739,2021-04-30 17:50:00,GBOX
10.84,10.85,10.84,10.85,500,2021-04-30 17:55:00,GBOX
10.8,10.8,10.73,10.75,9956,2021-04-30 18:00:00,GBOX
10.75,10.8,10.73,10.78,2600,2021-04-30 18:05:00,GBOX
10.7193,10.7899,10.7193,10.7899,3799,2021-04-30 18:10:00,GBOX
10.7,10.7013,10.6215,10.6302,12757,2021-04-30 18:15:00,GBOX
10.63,10.72,10.63,10.64,1601,2021-04-30 18:20:00,GBOX
10.634,10.65,10.6,10.64,1894,2021-04-30 18:25:00,GBOX
10.675,10.73,10.6101,10.66,2867,2021-04-30 18:30:00,GBOX
10.7,10.8,10.693,10.74,5455,2021-04-30 18:35:00,GBOX
10.77,10.85,10.74,10.83,7079,2021-04-30 18:40:00,GBOX
10.76,10.8438,10.75,10.8057,1800,2021-04-30 18:45:00,GBOX
10.7298,10.73,10.72,10.73,893,2021-04-30 18:50:00,GBOX
10.7511,10.82,10.715,10.76,4918,2021-04-30 18:55:00,GBOX
10.76,10.78,10.71,10.72,8045,2021-04-30 19:00:00,GBOX
10.72,10.78,10.7,10.76,6500,2021-04-30 19:05:00,GBOX
10.745,10.78,10.69,10.69,3650,2021-04-30 19:10:00,GBOX
10.7315,10.7315,10.69,10.69,605,2021-04-30 19:15:00,GBOX
10.68,10.78,10.68,10.6955,2388,2021-04-30 19:20:00,GBOX
10.75,10.78,10.75,10.765,2957,2021-04-30 19:25:00,GBOX
10.78,10.85,10.75,10.8499,4808,2021-04-30 19:30:00,GBOX
10.85,10.87,10.82,10.82,7038,2021-04-30 19:35:00,GBOX
10.8646,10.94,10.83,10.9199,10033,2021-04-30 19:40:00,GBOX
10.8703,10.92,10.7511,10.805,7801,2021-04-30 19:45:00,GBOX
10.75,10.85,10.75,10.83,6640,2021-04-30 19:50:00,GBOX
10.83,10.85,10.78,10.85,6581,2021-04-30 19:55:00,GBOX
10.85,10.85,10.85,10.85,7292,2021-04-30 20:00:00,GBOX
10.67,10.85,10.67,10.85,1000,2021-04-30 20:05:00,GBOX
10.9,10.9,10.9,10.9,1100,2021-04-30 20:35:00,GBOX
10.9,10.9,10.9,10.9,300,2021-04-30 21:35:00,GBOX
10.9,10.9,10.9,10.9,200,2021-04-30 21:50:00,GBOX
