open,high,low,close,volume,datetime,symbol
2.3,2.3,2.3,2.3,500,2021-07-06 08:49:00,JFU
2.4,2.4,2.4,2.4,400,2021-07-06 09:47:00,JFU
2.4,2.4,2.4,2.4,400,2021-07-06 09:48:00,JFU
2.4,2.4,2.4,2.4,200,2021-07-06 10:04:00,JFU
2.46,2.46,2.46,2.46,100,2021-07-06 11:10:00,JFU
2.42,2.42,2.42,2.42,100,2021-07-06 11:19:00,JFU
2.4,2.4,2.37,2.37,200,2021-07-06 11:32:00,JFU
2.42,2.42,2.42,2.42,100,2021-07-06 13:00:00,JFU
2.41,2.4399,2.41,2.4399,7318,2021-07-06 13:30:00,JFU
2.42,2.4399,2.4105,2.4364,4103,2021-07-06 13:31:00,JFU
2.44,2.445,2.44,2.445,11243,2021-07-06 13:32:00,JFU
2.445,2.4472,2.42,2.4472,3520,2021-07-06 13:33:00,JFU
2.44,2.44,2.43,2.43,25743,2021-07-06 13:34:00,JFU
2.4209,2.4239,2.4201,2.4239,2506,2021-07-06 13:35:00,JFU
2.425,2.43,2.42,2.43,11567,2021-07-06 13:37:00,JFU
2.4278,2.4278,2.42,2.42,1100,2021-07-06 13:39:00,JFU
2.421,2.421,2.421,2.421,200,2021-07-06 13:41:00,JFU
2.425,2.425,2.42,2.42,2509,2021-07-06 13:42:00,JFU
2.42,2.42,2.42,2.42,400,2021-07-06 13:43:00,JFU
2.43,2.43,2.41,2.41,16074,2021-07-06 13:44:00,JFU
2.42,2.42,2.42,2.42,333,2021-07-06 13:45:00,JFU
2.415,2.415,2.415,2.415,1000,2021-07-06 13:46:00,JFU
2.415,2.415,2.415,2.415,200,2021-07-06 13:47:00,JFU
2.4109,2.4109,2.4109,2.4109,1000,2021-07-06 13:50:00,JFU
2.41,2.42,2.41,2.42,1862,2021-07-06 13:51:00,JFU
2.4117,2.4117,2.4117,2.4117,140,2021-07-06 13:52:00,JFU
2.4117,2.42,2.4117,2.42,12909,2021-07-06 13:53:00,JFU
2.4191,2.4191,2.415,2.415,1077,2021-07-06 13:54:00,JFU
2.411,2.42,2.411,2.415,1600,2021-07-06 13:55:00,JFU
2.415,2.415,2.415,2.415,1000,2021-07-06 13:56:00,JFU
2.41,2.412,2.41,2.412,200,2021-07-06 13:57:00,JFU
2.42,2.42,2.42,2.42,2430,2021-07-06 13:58:00,JFU
2.42,2.42,2.42,2.42,100,2021-07-06 14:00:00,JFU
2.42,2.42,2.42,2.42,4765,2021-07-06 14:01:00,JFU
2.41,2.43,2.41,2.42,25390,2021-07-06 14:02:00,JFU
2.42,2.42,2.415,2.4199,6522,2021-07-06 14:03:00,JFU
2.42,2.42,2.4193,2.4193,900,2021-07-06 14:05:00,JFU
2.4117,2.42,2.41,2.42,3486,2021-07-06 14:06:00,JFU
2.42,2.42,2.42,2.42,13132,2021-07-06 14:07:00,JFU
2.4101,2.4101,2.4101,2.4101,284,2021-07-06 14:09:00,JFU
2.4184,2.425,2.418,2.42,23523,2021-07-06 14:10:00,JFU
2.42,2.42,2.42,2.42,1800,2021-07-06 14:13:00,JFU
2.42,2.42,2.42,2.42,1996,2021-07-06 14:14:00,JFU
2.42,2.43,2.42,2.425,3394,2021-07-06 14:15:00,JFU
2.42,2.42,2.4101,2.4101,3600,2021-07-06 14:16:00,JFU
2.42,2.42,2.42,2.42,1095,2021-07-06 14:18:00,JFU
2.43,2.43,2.43,2.43,200,2021-07-06 14:19:00,JFU
2.43,2.44,2.428,2.43,5950,2021-07-06 14:20:00,JFU
2.44,2.44,2.435,2.435,1100,2021-07-06 14:21:00,JFU
2.44,2.44,2.4394,2.44,1400,2021-07-06 14:25:00,JFU
2.4485,2.45,2.4485,2.45,1100,2021-07-06 14:27:00,JFU
2.4476,2.4476,2.4476,2.4476,150,2021-07-06 14:30:00,JFU
2.45,2.45,2.4483,2.4483,1472,2021-07-06 14:32:00,JFU
2.44,2.44,2.44,2.44,1577,2021-07-06 14:33:00,JFU
2.45,2.46,2.45,2.46,8078,2021-07-06 14:36:00,JFU
2.46,2.48,2.46,2.48,6102,2021-07-06 14:37:00,JFU
2.4799,2.52,2.4799,2.51,28247,2021-07-06 14:38:00,JFU
2.51,2.51,2.49,2.51,2697,2021-07-06 14:39:00,JFU
2.4921,2.4927,2.49,2.49,3628,2021-07-06 14:41:00,JFU
2.49,2.49,2.48,2.49,36344,2021-07-06 14:42:00,JFU
2.4817,2.4817,2.4817,2.4817,140,2021-07-06 14:43:00,JFU
2.48,2.48,2.48,2.48,1202,2021-07-06 14:44:00,JFU
2.4809,2.4809,2.47,2.48,4848,2021-07-06 14:45:00,JFU
2.4773,2.48,2.4773,2.48,10100,2021-07-06 14:47:00,JFU
2.4715,2.475,2.4715,2.475,467,2021-07-06 14:48:00,JFU
2.47,2.49,2.47,2.49,5871,2021-07-06 14:49:00,JFU
2.4827,2.49,2.48,2.48,4500,2021-07-06 14:51:00,JFU
2.4781,2.48,2.47,2.48,4201,2021-07-06 14:54:00,JFU
2.4708,2.4727,2.47,2.47,1200,2021-07-06 14:55:00,JFU
2.48,2.48,2.48,2.48,1000,2021-07-06 14:56:00,JFU
2.47,2.48,2.47,2.48,3516,2021-07-06 14:57:00,JFU
2.4717,2.4717,2.4717,2.4717,200,2021-07-06 14:58:00,JFU
2.47,2.48,2.47,2.48,5200,2021-07-06 14:59:00,JFU
2.47,2.475,2.47,2.472,1100,2021-07-06 15:00:00,JFU
2.46,2.47,2.45,2.47,12399,2021-07-06 15:02:00,JFU
2.465,2.465,2.46,2.46,334,2021-07-06 15:03:00,JFU
2.46,2.462,2.4518,2.46,8695,2021-07-06 15:06:00,JFU
2.4516,2.4596,2.45,2.45,13841,2021-07-06 15:07:00,JFU
2.45,2.45,2.45,2.45,1100,2021-07-06 15:08:00,JFU
2.4401,2.4403,2.44,2.44,1250,2021-07-06 15:14:00,JFU
2.44,2.44,2.44,2.44,100,2021-07-06 15:15:00,JFU
2.44,2.45,2.44,2.44,4545,2021-07-06 15:16:00,JFU
2.44,2.44,2.44,2.44,900,2021-07-06 15:17:00,JFU
2.43,2.43,2.43,2.43,9275,2021-07-06 15:19:00,JFU
2.4284,2.43,2.425,2.43,9780,2021-07-06 15:20:00,JFU
2.43,2.43,2.425,2.425,2600,2021-07-06 15:21:00,JFU
2.43,2.43,2.43,2.43,500,2021-07-06 15:23:00,JFU
2.4201,2.43,2.42,2.42,20562,2021-07-06 15:25:00,JFU
2.42,2.43,2.42,2.421,3000,2021-07-06 15:26:00,JFU
2.42,2.425,2.41,2.41,19686,2021-07-06 15:27:00,JFU
2.419,2.42,2.4117,2.4117,847,2021-07-06 15:28:00,JFU
2.41,2.41,2.41,2.41,5000,2021-07-06 15:29:00,JFU
2.4101,2.4101,2.39,2.4,9379,2021-07-06 15:30:00,JFU
2.3901,2.3989,2.3901,2.3989,2100,2021-07-06 15:31:00,JFU
2.3985,2.4,2.395,2.395,5502,2021-07-06 15:32:00,JFU
2.405,2.405,2.405,2.405,200,2021-07-06 15:35:00,JFU
2.402,2.402,2.402,2.402,500,2021-07-06 15:36:00,JFU
2.4013,2.4017,2.4013,2.4017,1098,2021-07-06 15:39:00,JFU
2.405,2.41,2.405,2.41,2100,2021-07-06 15:41:00,JFU
2.4096,2.43,2.4096,2.43,8867,2021-07-06 15:42:00,JFU
2.43,2.44,2.43,2.44,400,2021-07-06 15:43:00,JFU
2.43,2.43,2.413,2.413,1268,2021-07-06 15:44:00,JFU
2.4116,2.42,2.4116,2.42,1128,2021-07-06 15:48:00,JFU
2.42,2.42,2.42,2.42,2100,2021-07-06 15:49:00,JFU
2.4109,2.43,2.41,2.43,4325,2021-07-06 15:50:00,JFU
2.41,2.42,2.4,2.41,10925,2021-07-06 15:53:00,JFU
2.4,2.4,2.39,2.39,1836,2021-07-06 15:54:00,JFU
2.3999,2.41,2.3999,2.41,3477,2021-07-06 15:55:00,JFU
2.4,2.4027,2.3909,2.3909,2594,2021-07-06 15:56:00,JFU
2.39,2.39,2.39,2.39,2151,2021-07-06 16:00:00,JFU
2.3994,2.4,2.39,2.39,4228,2021-07-06 16:01:00,JFU
2.3901,2.3901,2.39,2.39,1718,2021-07-06 16:02:00,JFU
2.39,2.39,2.39,2.39,300,2021-07-06 16:06:00,JFU
2.39,2.39,2.3882,2.3882,200,2021-07-06 16:07:00,JFU
2.383,2.39,2.383,2.39,1600,2021-07-06 16:08:00,JFU
2.39,2.39,2.385,2.39,1300,2021-07-06 16:10:00,JFU
2.4,2.4,2.4,2.4,100,2021-07-06 16:15:00,JFU
2.3962,2.43,2.3962,2.43,2900,2021-07-06 16:18:00,JFU
2.4,2.4,2.4,2.4,200,2021-07-06 16:19:00,JFU
2.3901,2.3901,2.3901,2.3901,200,2021-07-06 16:20:00,JFU
2.4,2.4,2.4,2.4,200,2021-07-06 16:21:00,JFU
2.4,2.4,2.4,2.4,100,2021-07-06 16:23:00,JFU
2.4,2.4,2.3912,2.4,1586,2021-07-06 16:24:00,JFU
2.3913,2.3913,2.3913,2.3913,1000,2021-07-06 16:26:00,JFU
2.39,2.4,2.38,2.4,6384,2021-07-06 16:27:00,JFU
2.39,2.39,2.39,2.39,140,2021-07-06 16:31:00,JFU
2.4,2.4,2.4,2.4,100,2021-07-06 16:37:00,JFU
2.4,2.4,2.391,2.399,6400,2021-07-06 16:38:00,JFU
2.4,2.41,2.4,2.41,934,2021-07-06 16:39:00,JFU
2.42,2.42,2.41,2.41,200,2021-07-06 16:44:00,JFU
2.411,2.411,2.411,2.411,591,2021-07-06 16:49:00,JFU
2.4184,2.42,2.4184,2.42,407,2021-07-06 16:54:00,JFU
2.42,2.42,2.42,2.42,400,2021-07-06 16:55:00,JFU
2.42,2.42,2.42,2.42,100,2021-07-06 16:56:00,JFU
2.425,2.435,2.425,2.435,1105,2021-07-06 17:04:00,JFU
2.43,2.43,2.42,2.42,1200,2021-07-06 17:07:00,JFU
2.4114,2.42,2.4114,2.42,950,2021-07-06 17:10:00,JFU
2.44,2.44,2.44,2.44,1581,2021-07-06 17:13:00,JFU
2.4303,2.44,2.4303,2.44,1235,2021-07-06 17:14:00,JFU
2.43,2.43,2.43,2.43,7028,2021-07-06 17:19:00,JFU
2.43,2.44,2.43,2.44,3076,2021-07-06 17:25:00,JFU
2.43,2.43,2.43,2.43,100,2021-07-06 17:27:00,JFU
2.42,2.43,2.4,2.402,8551,2021-07-06 17:29:00,JFU
2.402,2.42,2.4,2.402,8500,2021-07-06 17:30:00,JFU
2.4,2.42,2.4,2.4,14915,2021-07-06 17:31:00,JFU
2.41,2.42,2.4,2.42,4977,2021-07-06 17:32:00,JFU
2.4,2.42,2.4,2.4,4089,2021-07-06 17:33:00,JFU
2.4,2.4,2.4,2.4,2321,2021-07-06 17:34:00,JFU
2.41,2.41,2.4,2.4,2498,2021-07-06 17:35:00,JFU
2.4019,2.4019,2.4,2.4,2009,2021-07-06 17:36:00,JFU
2.4,2.4,2.4,2.4,1000,2021-07-06 17:37:00,JFU
2.39,2.4,2.39,2.39,10287,2021-07-06 17:38:00,JFU
2.39,2.4,2.39,2.4,2427,2021-07-06 17:41:00,JFU
2.39,2.392,2.39,2.391,700,2021-07-06 17:42:00,JFU
2.3886,2.3886,2.3886,2.3886,200,2021-07-06 17:43:00,JFU
2.38,2.395,2.38,2.38,11036,2021-07-06 17:44:00,JFU
2.3795,2.3795,2.3795,2.3795,1000,2021-07-06 17:45:00,JFU
2.38,2.39,2.38,2.38,11364,2021-07-06 17:46:00,JFU
2.3701,2.3701,2.3701,2.3701,450,2021-07-06 17:50:00,JFU
2.38,2.38,2.38,2.38,5452,2021-07-06 17:51:00,JFU
2.3717,2.3717,2.3717,2.3717,524,2021-07-06 17:54:00,JFU
2.38,2.38,2.3788,2.3788,300,2021-07-06 17:55:00,JFU
2.38,2.38,2.38,2.38,1800,2021-07-06 18:01:00,JFU
2.38,2.39,2.38,2.39,2996,2021-07-06 18:06:00,JFU
2.39,2.39,2.39,2.39,300,2021-07-06 18:09:00,JFU
2.39,2.39,2.39,2.39,100,2021-07-06 18:10:00,JFU
2.39,2.39,2.39,2.39,200,2021-07-06 18:12:00,JFU
2.39,2.39,2.39,2.39,520,2021-07-06 18:14:00,JFU
2.39,2.39,2.39,2.39,2450,2021-07-06 18:16:00,JFU
2.4,2.4,2.4,2.4,6200,2021-07-06 18:17:00,JFU
2.41,2.41,2.4034,2.4034,2185,2021-07-06 18:22:00,JFU
2.409,2.409,2.409,2.409,200,2021-07-06 18:24:00,JFU
2.409,2.409,2.409,2.409,200,2021-07-06 18:26:00,JFU
2.4099,2.41,2.4099,2.41,4500,2021-07-06 18:27:00,JFU
2.419,2.43,2.415,2.43,3000,2021-07-06 18:28:00,JFU
2.4201,2.4201,2.4201,2.4201,500,2021-07-06 18:29:00,JFU
2.42,2.44,2.42,2.44,4100,2021-07-06 18:30:00,JFU
2.4371,2.44,2.4201,2.44,2023,2021-07-06 18:31:00,JFU
2.428,2.43,2.425,2.43,3500,2021-07-06 18:32:00,JFU
2.44,2.44,2.44,2.44,919,2021-07-06 18:33:00,JFU
2.4227,2.4227,2.4227,2.4227,129,2021-07-06 18:36:00,JFU
2.42,2.44,2.42,2.44,2100,2021-07-06 18:38:00,JFU
2.43,2.43,2.43,2.43,900,2021-07-06 18:40:00,JFU
2.44,2.44,2.44,2.44,1034,2021-07-06 18:42:00,JFU
2.44,2.44,2.43,2.43,200,2021-07-06 18:43:00,JFU
2.44,2.44,2.44,2.44,178,2021-07-06 18:52:00,JFU
2.44,2.44,2.44,2.44,100,2021-07-06 18:53:00,JFU
2.43,2.43,2.429,2.429,1600,2021-07-06 18:54:00,JFU
2.4201,2.43,2.4201,2.43,8500,2021-07-06 18:55:00,JFU
2.43,2.43,2.43,2.43,1000,2021-07-06 18:56:00,JFU
2.425,2.425,2.425,2.425,100,2021-07-06 19:01:00,JFU
2.4203,2.425,2.4203,2.425,709,2021-07-06 19:02:00,JFU
2.43,2.43,2.43,2.43,1000,2021-07-06 19:04:00,JFU
2.43,2.43,2.43,2.43,200,2021-07-06 19:06:00,JFU
2.43,2.44,2.43,2.44,400,2021-07-06 19:11:00,JFU
2.43,2.4397,2.43,2.4397,605,2021-07-06 19:15:00,JFU
2.435,2.435,2.435,2.435,100,2021-07-06 19:17:00,JFU
2.44,2.44,2.43,2.44,7078,2021-07-06 19:18:00,JFU
2.44,2.44,2.44,2.44,700,2021-07-06 19:19:00,JFU
2.4418,2.4418,2.4418,2.4418,200,2021-07-06 19:23:00,JFU
2.45,2.45,2.45,2.45,100,2021-07-06 19:24:00,JFU
2.45,2.45,2.445,2.445,1400,2021-07-06 19:26:00,JFU
2.4409,2.4409,2.4409,2.4409,327,2021-07-06 19:27:00,JFU
2.445,2.445,2.445,2.445,100,2021-07-06 19:30:00,JFU
2.4401,2.45,2.4401,2.45,4400,2021-07-06 19:34:00,JFU
2.445,2.45,2.445,2.45,8033,2021-07-06 19:35:00,JFU
2.445,2.445,2.445,2.445,405,2021-07-06 19:36:00,JFU
2.45,2.45,2.45,2.45,100,2021-07-06 19:38:00,JFU
2.445,2.45,2.445,2.45,2800,2021-07-06 19:39:00,JFU
2.45,2.45,2.45,2.45,400,2021-07-06 19:40:00,JFU
2.44,2.45,2.44,2.45,1200,2021-07-06 19:41:00,JFU
2.45,2.45,2.45,2.45,100,2021-07-06 19:42:00,JFU
2.45,2.45,2.445,2.45,2316,2021-07-06 19:43:00,JFU
2.4416,2.45,2.4416,2.45,675,2021-07-06 19:44:00,JFU
2.45,2.45,2.45,2.45,750,2021-07-06 19:45:00,JFU
2.45,2.45,2.4499,2.45,8877,2021-07-06 19:46:00,JFU
2.45,2.45,2.45,2.45,200,2021-07-06 19:48:00,JFU
2.45,2.45,2.442,2.442,1000,2021-07-06 19:50:00,JFU
2.45,2.45,2.445,2.445,200,2021-07-06 19:51:00,JFU
2.445,2.45,2.445,2.445,800,2021-07-06 19:52:00,JFU
2.445,2.445,2.445,2.445,580,2021-07-06 19:53:00,JFU
2.4487,2.45,2.435,2.435,3415,2021-07-06 19:54:00,JFU
2.435,2.44,2.43,2.44,15925,2021-07-06 19:55:00,JFU
2.4376,2.4376,2.425,2.425,6346,2021-07-06 19:56:00,JFU
2.425,2.43,2.425,2.43,900,2021-07-06 19:57:00,JFU
2.425,2.43,2.4202,2.43,5072,2021-07-06 19:58:00,JFU
2.425,2.43,2.42,2.43,6462,2021-07-06 19:59:00,JFU
2.33,2.33,2.33,2.33,104967,2021-07-06 20:00:00,JFU
2.4,2.4,2.4,2.4,500,2021-07-06 20:01:00,JFU
2.35,2.35,2.35,2.35,807,2021-07-06 20:14:00,JFU
2.36,2.36,2.36,2.36,1000,2021-07-06 20:18:00,JFU
2.36,2.36,2.36,2.36,1370,2021-07-06 20:35:00,JFU
2.33,2.33,2.33,2.33,157,2021-07-06 21:05:00,JFU
2.35,2.35,2.35,2.35,300,2021-07-06 23:38:00,JFU
2.38,2.38,2.38,2.38,300,2021-07-07 12:32:00,JFU
2.36,2.36,2.36,2.36,700,2021-07-07 13:09:00,JFU
2.36,2.36,2.36,2.36,100,2021-07-07 13:11:00,JFU
2.35,2.35,2.35,2.35,255,2021-07-07 13:17:00,JFU
2.36,2.36,2.36,2.36,107,2021-07-07 13:18:00,JFU
2.36,2.36,2.36,2.36,460,2021-07-07 13:20:00,JFU
2.38,2.38,2.38,2.38,108,2021-07-07 13:25:00,JFU
2.36,2.36,2.36,2.36,100,2021-07-07 13:29:00,JFU
2.3574,2.4,2.35,2.4,20595,2021-07-07 13:30:00,JFU
2.4077,2.41,2.4077,2.41,600,2021-07-07 13:31:00,JFU
2.439,2.4395,2.439,2.4395,1608,2021-07-07 13:34:00,JFU
2.4467,2.4486,2.4467,2.4486,1287,2021-07-07 13:35:00,JFU
2.45,2.45,2.43,2.44,7279,2021-07-07 13:36:00,JFU
2.4316,2.4316,2.4316,2.4316,162,2021-07-07 13:37:00,JFU
2.445,2.445,2.435,2.435,3169,2021-07-07 13:38:00,JFU
2.4308,2.4308,2.43,2.43,565,2021-07-07 13:40:00,JFU
2.43,2.4388,2.43,2.4388,990,2021-07-07 13:41:00,JFU
2.4323,2.45,2.4323,2.45,3339,2021-07-07 13:42:00,JFU
2.4686,2.4686,2.4625,2.4625,1344,2021-07-07 13:43:00,JFU
2.469,2.469,2.46,2.4601,2130,2021-07-07 13:44:00,JFU
2.4649,2.4649,2.4649,2.4649,547,2021-07-07 13:45:00,JFU
2.461,2.4702,2.4584,2.4584,6406,2021-07-07 13:46:00,JFU
2.455,2.46,2.45,2.45,15137,2021-07-07 13:47:00,JFU
2.46,2.47,2.46,2.4618,2612,2021-07-07 13:48:00,JFU
2.4615,2.462,2.4615,2.462,638,2021-07-07 13:49:00,JFU
2.46,2.46,2.45,2.4507,7033,2021-07-07 13:50:00,JFU
2.45,2.45,2.45,2.45,2056,2021-07-07 13:51:00,JFU
2.45,2.45,2.45,2.45,6152,2021-07-07 13:52:00,JFU
2.45,2.45,2.45,2.45,800,2021-07-07 13:53:00,JFU
2.45,2.45,2.45,2.45,1780,2021-07-07 13:54:00,JFU
2.45,2.46,2.45,2.4509,7873,2021-07-07 13:55:00,JFU
2.45,2.45,2.45,2.45,900,2021-07-07 13:56:00,JFU
2.46,2.46,2.45,2.45,2987,2021-07-07 13:57:00,JFU
2.45,2.45,2.45,2.45,200,2021-07-07 13:58:00,JFU
2.45,2.4505,2.45,2.4505,1000,2021-07-07 13:59:00,JFU
2.45,2.45,2.45,2.45,3080,2021-07-07 14:00:00,JFU
2.45,2.46,2.45,2.45,5629,2021-07-07 14:01:00,JFU
2.45,2.4581,2.45,2.4581,2770,2021-07-07 14:02:00,JFU
2.45,2.4508,2.45,2.4508,2185,2021-07-07 14:03:00,JFU
2.45,2.45,2.45,2.45,200,2021-07-07 14:04:00,JFU
2.45,2.45,2.45,2.45,800,2021-07-07 14:05:00,JFU
2.45,2.4599,2.45,2.45,6443,2021-07-07 14:07:00,JFU
2.45,2.45,2.45,2.45,1000,2021-07-07 14:08:00,JFU
2.45,2.45,2.45,2.45,100,2021-07-07 14:09:00,JFU
2.4508,2.4508,2.4508,2.4508,214,2021-07-07 14:10:00,JFU
2.455,2.455,2.452,2.455,846,2021-07-07 14:11:00,JFU
2.46,2.46,2.45,2.45,587,2021-07-07 14:12:00,JFU
2.4528,2.4528,2.4528,2.4528,553,2021-07-07 14:13:00,JFU
2.4586,2.46,2.4586,2.46,886,2021-07-07 14:14:00,JFU
2.46,2.46,2.46,2.46,150,2021-07-07 14:15:00,JFU
2.458,2.458,2.458,2.458,100,2021-07-07 14:16:00,JFU
2.4507,2.4507,2.45,2.45,734,2021-07-07 14:17:00,JFU
2.46,2.46,2.46,2.46,367,2021-07-07 14:18:00,JFU
2.4579,2.4579,2.4579,2.4579,100,2021-07-07 14:19:00,JFU
2.458,2.47,2.455,2.47,21016,2021-07-07 14:20:00,JFU
2.469,2.469,2.45,2.45,2208,2021-07-07 14:21:00,JFU
2.4501,2.4501,2.45,2.45,1862,2021-07-07 14:22:00,JFU
2.45,2.4502,2.45,2.45,3007,2021-07-07 14:23:00,JFU
2.45,2.45,2.45,2.45,3200,2021-07-07 14:25:00,JFU
2.4507,2.4509,2.45,2.4509,4120,2021-07-07 14:26:00,JFU
2.45,2.46,2.45,2.4508,2651,2021-07-07 14:27:00,JFU
2.45,2.45,2.45,2.45,433,2021-07-07 14:28:00,JFU
2.45,2.458,2.45,2.45,1400,2021-07-07 14:29:00,JFU
2.45,2.4599,2.45,2.455,3609,2021-07-07 14:30:00,JFU
2.45,2.455,2.45,2.455,500,2021-07-07 14:31:00,JFU
2.45,2.4501,2.45,2.4501,600,2021-07-07 14:32:00,JFU
2.45,2.46,2.44,2.455,12242,2021-07-07 14:33:00,JFU
2.45,2.45,2.45,2.45,4960,2021-07-07 14:34:00,JFU
2.455,2.455,2.45,2.4501,800,2021-07-07 14:35:00,JFU
2.45,2.45,2.45,2.45,1600,2021-07-07 14:36:00,JFU
2.45,2.45,2.45,2.45,2100,2021-07-07 14:37:00,JFU
2.46,2.46,2.45,2.45,1700,2021-07-07 14:38:00,JFU
2.45,2.45,2.43,2.44,32917,2021-07-07 14:39:00,JFU
2.4311,2.435,2.41,2.415,24813,2021-07-07 14:40:00,JFU
2.42,2.42,2.42,2.42,1400,2021-07-07 14:41:00,JFU
2.42,2.4217,2.415,2.415,2500,2021-07-07 14:42:00,JFU
2.4117,2.4117,2.4,2.4,11563,2021-07-07 14:43:00,JFU
2.4,2.4,2.391,2.391,4507,2021-07-07 14:44:00,JFU
2.39,2.39,2.39,2.39,388,2021-07-07 14:45:00,JFU
2.395,2.41,2.395,2.405,5664,2021-07-07 14:46:00,JFU
2.4011,2.42,2.4011,2.42,6321,2021-07-07 14:47:00,JFU
2.42,2.42,2.42,2.42,100,2021-07-07 14:49:00,JFU
2.42,2.42,2.42,2.42,100,2021-07-07 14:50:00,JFU
2.44,2.44,2.435,2.435,344,2021-07-07 14:52:00,JFU
2.4379,2.4379,2.4379,2.4379,248,2021-07-07 14:54:00,JFU
2.4378,2.4378,2.4378,2.4378,123,2021-07-07 14:56:00,JFU
2.435,2.435,2.435,2.435,253,2021-07-07 14:57:00,JFU
2.43,2.43,2.43,2.43,800,2021-07-07 14:59:00,JFU
2.42,2.43,2.42,2.43,5450,2021-07-07 15:02:00,JFU
2.4299,2.4299,2.4299,2.4299,1000,2021-07-07 15:03:00,JFU
2.43,2.43,2.43,2.43,100,2021-07-07 15:05:00,JFU
2.421,2.4227,2.421,2.4227,300,2021-07-07 15:06:00,JFU
2.43,2.43,2.43,2.43,524,2021-07-07 15:07:00,JFU
2.42,2.42,2.42,2.42,1100,2021-07-07 15:08:00,JFU
2.415,2.415,2.4,2.4,4838,2021-07-07 15:09:00,JFU
2.404,2.404,2.404,2.404,1000,2021-07-07 15:10:00,JFU
2.402,2.402,2.402,2.402,500,2021-07-07 15:11:00,JFU
2.405,2.405,2.4,2.4,1700,2021-07-07 15:13:00,JFU
2.4,2.405,2.4,2.405,300,2021-07-07 15:15:00,JFU
2.41,2.41,2.41,2.41,900,2021-07-07 15:16:00,JFU
2.4086,2.41,2.4086,2.41,2000,2021-07-07 15:20:00,JFU
2.41,2.41,2.41,2.41,200,2021-07-07 15:21:00,JFU
2.4,2.41,2.4,2.4001,3300,2021-07-07 15:26:00,JFU
2.4001,2.4001,2.4001,2.4001,250,2021-07-07 15:27:00,JFU
2.4,2.4,2.39,2.4,1743,2021-07-07 15:32:00,JFU
2.395,2.395,2.395,2.395,100,2021-07-07 15:33:00,JFU
2.4,2.405,2.39,2.39,6345,2021-07-07 15:34:00,JFU
2.39,2.39,2.39,2.39,400,2021-07-07 15:35:00,JFU
2.391,2.391,2.391,2.391,150,2021-07-07 15:37:00,JFU
2.395,2.4,2.395,2.4,4233,2021-07-07 15:41:00,JFU
2.4,2.4,2.4,2.4,100,2021-07-07 15:42:00,JFU
2.39,2.39,2.39,2.39,243,2021-07-07 15:48:00,JFU
2.395,2.395,2.395,2.395,100,2021-07-07 15:49:00,JFU
2.3907,2.3907,2.3907,2.3907,500,2021-07-07 15:50:00,JFU
2.3908,2.3908,2.39,2.39,2329,2021-07-07 15:51:00,JFU
2.39,2.39,2.39,2.39,1600,2021-07-07 16:01:00,JFU
2.3992,2.4,2.3991,2.4,700,2021-07-07 16:04:00,JFU
2.39,2.4,2.39,2.4,5100,2021-07-07 16:07:00,JFU
2.39,2.39,2.37,2.3718,16118,2021-07-07 16:08:00,JFU
2.375,2.375,2.34,2.34,26262,2021-07-07 16:09:00,JFU
2.36,2.369,2.355,2.365,1900,2021-07-07 16:10:00,JFU
2.36,2.36,2.34,2.3415,20966,2021-07-07 16:11:00,JFU
2.35,2.36,2.35,2.352,12780,2021-07-07 16:12:00,JFU
2.35,2.35,2.33,2.34,14209,2021-07-07 16:13:00,JFU
2.34,2.34,2.32,2.3216,14222,2021-07-07 16:14:00,JFU
2.32,2.33,2.32,2.32,18938,2021-07-07 16:15:00,JFU
2.32,2.32,2.3183,2.32,6500,2021-07-07 16:16:00,JFU
2.3181,2.32,2.3181,2.32,424,2021-07-07 16:17:00,JFU
2.3186,2.3186,2.3,2.31,11289,2021-07-07 16:18:00,JFU
2.3,2.31,2.3,2.3005,6814,2021-07-07 16:19:00,JFU
2.3099,2.31,2.3001,2.31,6100,2021-07-07 16:20:00,JFU
2.3176,2.3176,2.31,2.31,3130,2021-07-07 16:21:00,JFU
2.3089,2.3099,2.3089,2.3099,2610,2021-07-07 16:22:00,JFU
2.3022,2.31,2.3,2.3001,3762,2021-07-07 16:23:00,JFU
2.3,2.31,2.3,2.3,32185,2021-07-07 16:24:00,JFU
2.3,2.3,2.3,2.3,16171,2021-07-07 16:25:00,JFU
2.3,2.31,2.3,2.3,35829,2021-07-07 16:27:00,JFU
2.3,2.3,2.3,2.3,12096,2021-07-07 16:28:00,JFU
2.3,2.3086,2.29,2.2992,24124,2021-07-07 16:29:00,JFU
2.2985,2.2994,2.29,2.2994,3569,2021-07-07 16:30:00,JFU
2.295,2.298,2.2911,2.2911,2000,2021-07-07 16:31:00,JFU
2.296,2.296,2.2916,2.2916,808,2021-07-07 16:33:00,JFU
2.295,2.3,2.295,2.3,200,2021-07-07 16:34:00,JFU
2.3,2.32,2.3,2.32,21400,2021-07-07 16:35:00,JFU
2.32,2.32,2.32,2.32,3920,2021-07-07 16:36:00,JFU
2.32,2.35,2.3198,2.34,22134,2021-07-07 16:37:00,JFU
2.3573,2.36,2.35,2.36,3600,2021-07-07 16:39:00,JFU
2.3585,2.3585,2.3585,2.3585,424,2021-07-07 16:42:00,JFU
2.34,2.35,2.34,2.35,300,2021-07-07 16:44:00,JFU
2.36,2.36,2.354,2.354,600,2021-07-07 16:46:00,JFU
2.3502,2.3531,2.35,2.3531,3049,2021-07-07 16:47:00,JFU
2.3517,2.3517,2.3517,2.3517,200,2021-07-07 16:48:00,JFU
2.3507,2.36,2.35,2.36,2005,2021-07-07 16:50:00,JFU
2.37,2.37,2.37,2.37,500,2021-07-07 16:55:00,JFU
2.3614,2.3614,2.3614,2.3614,300,2021-07-07 16:56:00,JFU
2.3618,2.3618,2.3618,2.3618,100,2021-07-07 16:59:00,JFU
2.369,2.369,2.365,2.365,500,2021-07-07 17:01:00,JFU
2.365,2.365,2.365,2.365,600,2021-07-07 17:04:00,JFU
2.365,2.365,2.365,2.365,667,2021-07-07 17:05:00,JFU
2.3607,2.3624,2.3607,2.3624,424,2021-07-07 17:07:00,JFU
2.37,2.37,2.37,2.37,2324,2021-07-07 17:08:00,JFU
2.36,2.36,2.36,2.36,3200,2021-07-07 17:12:00,JFU
2.35,2.35,2.34,2.34,5100,2021-07-07 17:14:00,JFU
2.36,2.36,2.36,2.36,100,2021-07-07 17:15:00,JFU
2.359,2.359,2.3501,2.3501,300,2021-07-07 17:19:00,JFU
2.3586,2.3586,2.3586,2.3586,285,2021-07-07 17:20:00,JFU
2.3525,2.3525,2.3525,2.3525,382,2021-07-07 17:24:00,JFU
2.36,2.36,2.36,2.36,600,2021-07-07 17:27:00,JFU
2.3514,2.36,2.3514,2.36,1787,2021-07-07 17:28:00,JFU
2.35,2.35,2.35,2.35,200,2021-07-07 17:31:00,JFU
2.3508,2.3508,2.3508,2.3508,325,2021-07-07 17:32:00,JFU
2.355,2.355,2.355,2.355,100,2021-07-07 17:33:00,JFU
2.355,2.36,2.355,2.36,4560,2021-07-07 17:35:00,JFU
2.355,2.355,2.355,2.355,440,2021-07-07 17:42:00,JFU
2.3541,2.3541,2.35,2.35,400,2021-07-07 17:43:00,JFU
2.36,2.36,2.36,2.36,1145,2021-07-07 17:46:00,JFU
2.3517,2.3517,2.3517,2.3517,200,2021-07-07 17:47:00,JFU
2.35,2.35,2.33,2.34,11199,2021-07-07 17:48:00,JFU
2.34,2.34,2.34,2.34,1000,2021-07-07 17:49:00,JFU
2.34,2.34,2.34,2.34,200,2021-07-07 17:50:00,JFU
2.3301,2.3301,2.3301,2.3301,100,2021-07-07 17:51:00,JFU
2.34,2.34,2.34,2.34,100,2021-07-07 17:53:00,JFU
2.3399,2.3399,2.3399,2.3399,100,2021-07-07 17:54:00,JFU
2.3306,2.34,2.3306,2.34,2057,2021-07-07 17:59:00,JFU
2.35,2.35,2.35,2.35,100,2021-07-07 18:01:00,JFU
2.35,2.35,2.35,2.35,519,2021-07-07 18:02:00,JFU
2.3608,2.3608,2.3608,2.3608,500,2021-07-07 18:05:00,JFU
2.369,2.369,2.369,2.369,100,2021-07-07 18:09:00,JFU
2.3683,2.3683,2.3683,2.3683,169,2021-07-07 18:11:00,JFU
2.36,2.36,2.355,2.36,5883,2021-07-07 18:14:00,JFU
2.35,2.35,2.35,2.35,100,2021-07-07 18:15:00,JFU
2.3591,2.3591,2.3591,2.3591,1000,2021-07-07 18:16:00,JFU
2.35,2.35,2.35,2.35,400,2021-07-07 18:18:00,JFU
2.35,2.3522,2.35,2.35,1000,2021-07-07 18:19:00,JFU
2.35,2.35,2.35,2.35,600,2021-07-07 18:23:00,JFU
2.3485,2.3485,2.3485,2.3485,400,2021-07-07 18:32:00,JFU
2.3401,2.3401,2.3401,2.3401,253,2021-07-07 18:35:00,JFU
2.34,2.36,2.34,2.3427,971,2021-07-07 18:37:00,JFU
2.34,2.35,2.34,2.35,1100,2021-07-07 18:39:00,JFU
2.3486,2.3486,2.3486,2.3486,341,2021-07-07 18:43:00,JFU
2.3498,2.35,2.33,2.33,13849,2021-07-07 18:45:00,JFU
2.349,2.349,2.349,2.349,100,2021-07-07 18:48:00,JFU
2.35,2.35,2.35,2.35,3950,2021-07-07 18:50:00,JFU
2.35,2.35,2.35,2.35,2315,2021-07-07 18:54:00,JFU
2.35,2.35,2.34,2.34,300,2021-07-07 18:56:00,JFU
2.3435,2.3435,2.3435,2.3435,551,2021-07-07 19:02:00,JFU
2.35,2.35,2.35,2.35,200,2021-07-07 19:08:00,JFU
2.3488,2.3488,2.3488,2.3488,100,2021-07-07 19:09:00,JFU
2.3404,2.3404,2.3404,2.3404,122,2021-07-07 19:10:00,JFU
2.34,2.3434,2.34,2.3434,574,2021-07-07 19:13:00,JFU
2.3419,2.3568,2.34,2.3568,2097,2021-07-07 19:19:00,JFU
2.3407,2.3416,2.3407,2.3416,272,2021-07-07 19:21:00,JFU
2.3599,2.36,2.359,2.359,8300,2021-07-07 19:25:00,JFU
2.36,2.37,2.35,2.37,27556,2021-07-07 19:29:00,JFU
2.36,2.36,2.36,2.36,100,2021-07-07 19:30:00,JFU
2.3682,2.3682,2.3682,2.3682,150,2021-07-07 19:31:00,JFU
2.36,2.36,2.36,2.36,1900,2021-07-07 19:41:00,JFU
2.36,2.37,2.36,2.368,6680,2021-07-07 19:42:00,JFU
2.36,2.37,2.36,2.37,3390,2021-07-07 19:43:00,JFU
2.3605,2.3605,2.3605,2.3605,333,2021-07-07 19:46:00,JFU
2.36,2.36,2.35,2.36,1500,2021-07-07 19:47:00,JFU
2.369,2.369,2.369,2.369,593,2021-07-07 19:49:00,JFU
2.37,2.37,2.37,2.37,100,2021-07-07 19:50:00,JFU
2.3621,2.3621,2.36,2.36,600,2021-07-07 19:51:00,JFU
2.365,2.365,2.365,2.365,100,2021-07-07 19:53:00,JFU
2.365,2.365,2.365,2.365,200,2021-07-07 19:54:00,JFU
2.37,2.38,2.3614,2.37,23259,2021-07-07 19:55:00,JFU
2.37,2.37,2.37,2.37,200,2021-07-07 19:56:00,JFU
2.37,2.37,2.37,2.37,100,2021-07-07 19:57:00,JFU
2.37,2.37,2.36,2.36,200,2021-07-07 19:58:00,JFU
2.365,2.37,2.355,2.355,14628,2021-07-07 19:59:00,JFU
2.37,2.37,2.37,2.37,25696,2021-07-07 20:00:00,JFU
2.21,2.21,2.2,2.2,2416,2021-07-08 10:34:00,JFU
2.24,2.26,2.24,2.25,524,2021-07-08 11:00:00,JFU
2.25,2.25,2.25,2.25,1900,2021-07-08 12:17:00,JFU
2.25,2.25,2.25,2.25,100,2021-07-08 12:39:00,JFU
2.25,2.25,2.25,2.25,200,2021-07-08 12:42:00,JFU
2.2403,2.2403,2.2403,2.2403,510,2021-07-08 13:00:00,JFU
2.25,2.25,2.25,2.25,387,2021-07-08 13:04:00,JFU
2.25,2.25,2.25,2.25,475,2021-07-08 13:05:00,JFU
2.24,2.24,2.24,2.24,511,2021-07-08 13:06:00,JFU
2.201,2.201,2.201,2.201,100,2021-07-08 13:15:00,JFU
2.2,2.2,2.2,2.2,540,2021-07-08 13:16:00,JFU
2.2,2.2,2.2,2.2,100,2021-07-08 13:22:00,JFU
2.24,2.25,2.2,2.2117,9626,2021-07-08 13:30:00,JFU
2.2124,2.25,2.2101,2.212,3513,2021-07-08 13:31:00,JFU
2.2313,2.2497,2.2313,2.2497,702,2021-07-08 13:32:00,JFU
2.235,2.235,2.235,2.235,622,2021-07-08 13:33:00,JFU
2.235,2.235,2.23,2.2315,23574,2021-07-08 13:34:00,JFU
2.24,2.24,2.23,2.2307,3013,2021-07-08 13:35:00,JFU
2.2303,2.24,2.23,2.23,3823,2021-07-08 13:36:00,JFU
2.24,2.24,2.235,2.235,3374,2021-07-08 13:37:00,JFU
2.23,2.24,2.2176,2.225,12743,2021-07-08 13:39:00,JFU
2.22,2.22,2.22,2.22,709,2021-07-08 13:40:00,JFU
2.23,2.23,2.21,2.21,1600,2021-07-08 13:41:00,JFU
2.21,2.21,2.21,2.21,105,2021-07-08 13:42:00,JFU
2.21,2.21,2.21,2.21,810,2021-07-08 13:43:00,JFU
2.21,2.2102,2.2,2.2,11013,2021-07-08 13:44:00,JFU
2.18,2.19,2.1728,2.18,18749,2021-07-08 13:45:00,JFU
2.18,2.18,2.17,2.17,842,2021-07-08 13:46:00,JFU
2.1691,2.1691,2.1691,2.1691,350,2021-07-08 13:47:00,JFU
2.16,2.1676,2.14,2.14,5190,2021-07-08 13:48:00,JFU
2.1416,2.15,2.14,2.14,4415,2021-07-08 13:49:00,JFU
2.15,2.17,2.15,2.17,5914,2021-07-08 13:50:00,JFU
2.17,2.17,2.16,2.16,6815,2021-07-08 13:51:00,JFU
2.165,2.17,2.165,2.17,14247,2021-07-08 13:52:00,JFU
2.17,2.17,2.17,2.17,139,2021-07-08 13:53:00,JFU
2.1614,2.165,2.1609,2.165,3400,2021-07-08 13:54:00,JFU
2.1601,2.1697,2.1601,2.1697,5133,2021-07-08 13:55:00,JFU
2.1699,2.1699,2.1621,2.1621,860,2021-07-08 13:56:00,JFU
2.17,2.17,2.1698,2.17,3452,2021-07-08 13:58:00,JFU
2.17,2.17,2.17,2.17,16930,2021-07-08 13:59:00,JFU
2.1623,2.1639,2.1623,2.1639,454,2021-07-08 14:00:00,JFU
2.17,2.17,2.1694,2.1694,1200,2021-07-08 14:01:00,JFU
2.17,2.17,2.17,2.17,4419,2021-07-08 14:02:00,JFU
2.17,2.17,2.1612,2.17,8741,2021-07-08 14:03:00,JFU
2.17,2.1811,2.17,2.1811,4645,2021-07-08 14:04:00,JFU
2.18,2.1998,2.18,2.19,4110,2021-07-08 14:05:00,JFU
2.2,2.2,2.1991,2.2,8563,2021-07-08 14:06:00,JFU
2.2,2.2,2.2,2.2,107,2021-07-08 14:07:00,JFU
2.21,2.21,2.21,2.21,1360,2021-07-08 14:08:00,JFU
2.219,2.219,2.219,2.219,200,2021-07-08 14:09:00,JFU
2.2119,2.23,2.2038,2.2217,15173,2021-07-08 14:11:00,JFU
2.23,2.23,2.23,2.23,100,2021-07-08 14:12:00,JFU
2.23,2.23,2.228,2.228,5050,2021-07-08 14:13:00,JFU
2.2288,2.2288,2.2288,2.2288,538,2021-07-08 14:14:00,JFU
2.2201,2.2201,2.2201,2.2201,100,2021-07-08 14:16:00,JFU
2.2201,2.2201,2.21,2.21,4500,2021-07-08 14:18:00,JFU
2.215,2.22,2.2,2.2,15378,2021-07-08 14:19:00,JFU
2.21,2.21,2.2062,2.208,3000,2021-07-08 14:20:00,JFU
2.2001,2.2001,2.2,2.2,957,2021-07-08 14:21:00,JFU
2.2,2.2,2.18,2.18,2581,2021-07-08 14:22:00,JFU
2.19,2.19,2.18,2.18,6971,2021-07-08 14:23:00,JFU
2.17,2.17,2.17,2.17,10166,2021-07-08 14:24:00,JFU
2.16,2.17,2.16,2.17,4938,2021-07-08 14:25:00,JFU
2.1698,2.17,2.169,2.169,4018,2021-07-08 14:27:00,JFU
2.17,2.18,2.17,2.18,9228,2021-07-08 14:28:00,JFU
2.19,2.19,2.185,2.185,282,2021-07-08 14:29:00,JFU
2.198,2.2,2.1901,2.1922,6668,2021-07-08 14:30:00,JFU
2.181,2.1823,2.17,2.17,3600,2021-07-08 14:32:00,JFU
2.1705,2.1705,2.1619,2.1619,1338,2021-07-08 14:33:00,JFU
2.166,2.1773,2.16,2.16,1900,2021-07-08 14:34:00,JFU
2.169,2.17,2.169,2.17,700,2021-07-08 14:35:00,JFU
2.17,2.1786,2.1682,2.1682,1220,2021-07-08 14:36:00,JFU
2.1601,2.17,2.1601,2.17,1602,2021-07-08 14:37:00,JFU
2.1686,2.1686,2.1678,2.1678,1236,2021-07-08 14:38:00,JFU
2.16,2.1686,2.16,2.1685,2124,2021-07-08 14:39:00,JFU
2.1672,2.18,2.1672,2.175,7008,2021-07-08 14:41:00,JFU
2.1781,2.1781,2.1781,2.1781,100,2021-07-08 14:42:00,JFU
2.18,2.19,2.18,2.1801,2735,2021-07-08 14:43:00,JFU
2.19,2.2,2.19,2.2,5862,2021-07-08 14:44:00,JFU
2.185,2.185,2.1801,2.1801,600,2021-07-08 14:45:00,JFU
2.1802,2.1802,2.17,2.17,2576,2021-07-08 14:47:00,JFU
2.17,2.17,2.16,2.16,3265,2021-07-08 14:49:00,JFU
2.1601,2.1611,2.16,2.1611,1022,2021-07-08 14:50:00,JFU
2.161,2.1785,2.161,2.1785,265,2021-07-08 14:51:00,JFU
2.1615,2.1615,2.16,2.16,898,2021-07-08 14:52:00,JFU
2.17,2.18,2.16,2.18,1441,2021-07-08 14:53:00,JFU
2.1779,2.1779,2.1779,2.1779,461,2021-07-08 14:56:00,JFU
2.1777,2.18,2.16,2.1772,3334,2021-07-08 15:01:00,JFU
2.164,2.164,2.164,2.164,100,2021-07-08 15:02:00,JFU
2.1772,2.1772,2.1772,2.1772,100,2021-07-08 15:03:00,JFU
2.18,2.18,2.18,2.18,456,2021-07-08 15:04:00,JFU
2.19,2.1966,2.1807,2.1807,1477,2021-07-08 15:05:00,JFU
2.181,2.181,2.181,2.181,1000,2021-07-08 15:09:00,JFU
2.2,2.21,2.1998,2.21,28789,2021-07-08 15:10:00,JFU
2.2099,2.21,2.2098,2.2098,9099,2021-07-08 15:12:00,JFU
2.2099,2.21,2.205,2.205,3816,2021-07-08 15:13:00,JFU
2.2099,2.22,2.2099,2.22,6943,2021-07-08 15:14:00,JFU
2.21,2.21,2.21,2.21,100,2021-07-08 15:15:00,JFU
2.2012,2.2012,2.2012,2.2012,555,2021-07-08 15:20:00,JFU
2.21,2.21,2.21,2.21,100,2021-07-08 15:28:00,JFU
2.2,2.2,2.2,2.2,1361,2021-07-08 15:31:00,JFU
2.205,2.205,2.205,2.205,100,2021-07-08 15:34:00,JFU
2.205,2.2081,2.205,2.2081,653,2021-07-08 15:36:00,JFU
2.2087,2.2087,2.2087,2.2087,480,2021-07-08 15:38:00,JFU
2.209,2.21,2.209,2.21,1566,2021-07-08 15:40:00,JFU
2.2108,2.2118,2.21,2.2118,2800,2021-07-08 15:45:00,JFU
2.218,2.218,2.218,2.218,100,2021-07-08 15:46:00,JFU
2.2181,2.2181,2.2181,2.2181,100,2021-07-08 15:47:00,JFU
2.2183,2.2187,2.2114,2.2187,1652,2021-07-08 15:48:00,JFU
2.21,2.21,2.21,2.21,3000,2021-07-08 15:51:00,JFU
2.21,2.2105,2.21,2.2105,632,2021-07-08 15:52:00,JFU
2.22,2.22,2.218,2.22,500,2021-07-08 15:53:00,JFU
2.2101,2.2101,2.2101,2.2101,1900,2021-07-08 15:55:00,JFU
2.22,2.22,2.22,2.22,800,2021-07-08 15:59:00,JFU
2.225,2.225,2.225,2.225,550,2021-07-08 16:01:00,JFU
2.2211,2.2211,2.2211,2.2211,400,2021-07-08 16:02:00,JFU
2.23,2.23,2.23,2.23,1033,2021-07-08 16:05:00,JFU
2.2388,2.2388,2.2388,2.2388,500,2021-07-08 16:06:00,JFU
2.235,2.2389,2.235,2.2386,3300,2021-07-08 16:07:00,JFU
2.23,2.23,2.23,2.23,300,2021-07-08 16:10:00,JFU
2.2399,2.2399,2.2399,2.2399,100,2021-07-08 16:12:00,JFU
2.2381,2.2381,2.2381,2.2381,195,2021-07-08 16:14:00,JFU
2.23,2.23,2.21,2.22,10702,2021-07-08 16:17:00,JFU
2.2012,2.2012,2.2012,2.2012,3173,2021-07-08 16:22:00,JFU
2.2,2.2,2.2,2.2,4000,2021-07-08 16:24:00,JFU
2.2,2.2,2.19,2.2,5490,2021-07-08 16:25:00,JFU
2.205,2.205,2.2,2.2,6780,2021-07-08 16:26:00,JFU
2.19,2.1936,2.19,2.1936,200,2021-07-08 16:27:00,JFU
2.209,2.209,2.209,2.209,590,2021-07-08 16:28:00,JFU
2.19,2.19,2.19,2.19,100,2021-07-08 16:30:00,JFU
2.195,2.195,2.195,2.195,400,2021-07-08 16:33:00,JFU
2.1991,2.2,2.1991,2.2,1669,2021-07-08 16:37:00,JFU
2.2079,2.2079,2.2079,2.2079,100,2021-07-08 16:42:00,JFU
2.2001,2.21,2.1916,2.1916,10197,2021-07-08 16:44:00,JFU
2.2,2.2,2.2,2.2,980,2021-07-08 16:47:00,JFU
2.19,2.21,2.19,2.21,5427,2021-07-08 16:50:00,JFU
2.2071,2.2071,2.2071,2.2071,100,2021-07-08 16:53:00,JFU
2.2071,2.2071,2.2071,2.2071,100,2021-07-08 16:54:00,JFU
2.2018,2.2018,2.2018,2.2018,200,2021-07-08 16:57:00,JFU
2.2067,2.2067,2.2067,2.2067,100,2021-07-08 17:02:00,JFU
2.1934,2.1934,2.1934,2.1934,246,2021-07-08 17:03:00,JFU
2.2,2.2,2.19,2.19,1200,2021-07-08 17:05:00,JFU
2.1942,2.1942,2.1942,2.1942,183,2021-07-08 17:08:00,JFU
2.1992,2.1992,2.1992,2.1992,300,2021-07-08 17:09:00,JFU
2.2,2.2,2.2,2.2,177,2021-07-08 17:13:00,JFU
2.19,2.19,2.18,2.18,3993,2021-07-08 17:16:00,JFU
2.185,2.185,2.185,2.185,1000,2021-07-08 17:19:00,JFU
2.18,2.19,2.18,2.19,5844,2021-07-08 17:24:00,JFU
2.1735,2.1868,2.1735,2.1868,690,2021-07-08 17:26:00,JFU
2.19,2.19,2.1824,2.1824,770,2021-07-08 17:28:00,JFU
2.1984,2.1984,2.1984,2.1984,100,2021-07-08 17:29:00,JFU
2.182,2.182,2.182,2.182,570,2021-07-08 17:32:00,JFU
2.1831,2.1831,2.1831,2.1831,150,2021-07-08 17:34:00,JFU
2.2,2.2,2.195,2.195,200,2021-07-08 17:39:00,JFU
2.19,2.19,2.19,2.19,1000,2021-07-08 17:47:00,JFU
2.1988,2.1988,2.1988,2.1988,755,2021-07-08 17:52:00,JFU
2.2,2.2,2.19,2.2,5690,2021-07-08 17:53:00,JFU
2.19,2.19,2.19,2.19,1000,2021-07-08 17:54:00,JFU
2.19,2.19,2.19,2.19,1700,2021-07-08 17:55:00,JFU
2.1832,2.1832,2.1832,2.1832,222,2021-07-08 17:57:00,JFU
2.2,2.2,2.2,2.2,500,2021-07-08 17:58:00,JFU
2.1974,2.1974,2.1974,2.1974,863,2021-07-08 18:00:00,JFU
2.19,2.19,2.19,2.19,790,2021-07-08 18:05:00,JFU
2.19,2.19,2.19,2.19,5000,2021-07-08 18:06:00,JFU
2.1969,2.1969,2.1969,2.1969,140,2021-07-08 18:07:00,JFU
2.1969,2.1969,2.1969,2.1969,134,2021-07-08 18:08:00,JFU
2.198,2.198,2.198,2.198,100,2021-07-08 18:12:00,JFU
2.2,2.2,2.2,2.2,12300,2021-07-08 18:16:00,JFU
2.2,2.209,2.2,2.209,300,2021-07-08 18:17:00,JFU
2.2,2.2,2.2,2.2,51697,2021-07-08 18:19:00,JFU
2.2072,2.2072,2.1911,2.1911,2944,2021-07-08 18:20:00,JFU
2.2,2.2,2.2,2.2,512,2021-07-08 18:24:00,JFU
2.2,2.2,2.19,2.19,200,2021-07-08 18:25:00,JFU
2.2091,2.2091,2.2091,2.2091,237,2021-07-08 18:28:00,JFU
2.19,2.19,2.19,2.19,1000,2021-07-08 18:29:00,JFU
2.2067,2.2067,2.2067,2.2067,454,2021-07-08 18:31:00,JFU
2.21,2.21,2.21,2.21,169,2021-07-08 18:37:00,JFU
2.2091,2.2091,2.2091,2.2091,1500,2021-07-08 18:42:00,JFU
2.209,2.209,2.2,2.2,2300,2021-07-08 18:49:00,JFU
2.2009,2.2009,2.2009,2.2009,300,2021-07-08 18:56:00,JFU
2.2091,2.2091,2.2091,2.2091,100,2021-07-08 19:00:00,JFU
2.21,2.21,2.21,2.21,100,2021-07-08 19:02:00,JFU
2.21,2.21,2.21,2.21,1229,2021-07-08 19:07:00,JFU
2.2,2.2,2.2,2.2,3100,2021-07-08 19:10:00,JFU
2.2,2.2,2.2,2.2,100,2021-07-08 19:15:00,JFU
2.2,2.2,2.2,2.2,1966,2021-07-08 19:16:00,JFU
2.2,2.2,2.2,2.2,100,2021-07-08 19:17:00,JFU
2.19,2.19,2.19,2.19,500,2021-07-08 19:23:00,JFU
2.2,2.2,2.2,2.2,100,2021-07-08 19:25:00,JFU
2.1919,2.1919,2.1919,2.1919,357,2021-07-08 19:27:00,JFU
2.194,2.1991,2.194,2.1991,2500,2021-07-08 19:28:00,JFU
2.2,2.2,2.1932,2.1932,1265,2021-07-08 19:30:00,JFU
2.2,2.2,2.2,2.2,3850,2021-07-08 19:32:00,JFU
2.21,2.21,2.21,2.21,200,2021-07-08 19:36:00,JFU
2.205,2.205,2.205,2.205,250,2021-07-08 19:37:00,JFU
2.209,2.209,2.209,2.209,454,2021-07-08 19:40:00,JFU
2.205,2.21,2.205,2.21,3600,2021-07-08 19:41:00,JFU
2.205,2.205,2.2,2.2,7400,2021-07-08 19:42:00,JFU
2.19,2.19,2.19,2.19,2595,2021-07-08 19:43:00,JFU
2.1969,2.1969,2.1969,2.1969,456,2021-07-08 19:44:00,JFU
2.1984,2.1984,2.19,2.19,300,2021-07-08 19:48:00,JFU
2.18,2.18,2.18,2.18,1100,2021-07-08 19:49:00,JFU
2.18,2.19,2.18,2.1827,1000,2021-07-08 19:50:00,JFU
2.19,2.19,2.185,2.185,990,2021-07-08 19:51:00,JFU
2.188,2.188,2.188,2.188,200,2021-07-08 19:52:00,JFU
2.19,2.19,2.19,2.19,100,2021-07-08 19:53:00,JFU
2.1891,2.1891,2.1891,2.1891,500,2021-07-08 19:54:00,JFU
2.1899,2.1899,2.1899,2.1899,250,2021-07-08 19:55:00,JFU
2.19,2.19,2.19,2.19,100,2021-07-08 19:56:00,JFU
2.18,2.19,2.18,2.19,3281,2021-07-08 19:57:00,JFU
2.1826,2.1999,2.1826,2.1833,1056,2021-07-08 19:58:00,JFU
2.19,2.1999,2.189,2.189,4674,2021-07-08 19:59:00,JFU
2.19,2.19,2.19,2.19,2322,2021-07-08 20:00:00,JFU
2.1805,2.1805,2.1805,2.1805,100,2021-07-08 21:45:00,JFU
2.2001,2.2001,2.2001,2.2001,100,2021-07-09 13:15:00,JFU
2.2,2.2,2.2,2.2,555,2021-07-09 13:22:00,JFU
2.21,2.21,2.21,2.21,2074,2021-07-09 13:30:00,JFU
2.21,2.21,2.21,2.21,5637,2021-07-09 13:31:00,JFU
2.235,2.235,2.21,2.2216,2305,2021-07-09 13:32:00,JFU
2.225,2.23,2.22,2.22,4100,2021-07-09 13:34:00,JFU
2.2177,2.2177,2.2177,2.2177,180,2021-07-09 13:35:00,JFU
2.2195,2.22,2.2195,2.22,1554,2021-07-09 13:39:00,JFU
2.2177,2.218,2.215,2.218,742,2021-07-09 13:40:00,JFU
2.22,2.22,2.22,2.22,1750,2021-07-09 13:41:00,JFU
2.22,2.22,2.22,2.22,7068,2021-07-09 13:42:00,JFU
2.23,2.23,2.23,2.23,867,2021-07-09 13:44:00,JFU
2.24,2.245,2.24,2.245,372,2021-07-09 13:48:00,JFU
2.2494,2.2494,2.2494,2.2494,111,2021-07-09 13:49:00,JFU
2.245,2.245,2.245,2.245,100,2021-07-09 13:50:00,JFU
2.245,2.245,2.245,2.245,1000,2021-07-09 13:53:00,JFU
2.245,2.2485,2.245,2.245,860,2021-07-09 13:54:00,JFU
2.2493,2.2493,2.245,2.245,945,2021-07-09 13:56:00,JFU
2.25,2.25,2.25,2.25,163,2021-07-09 13:57:00,JFU
2.24,2.245,2.24,2.245,1500,2021-07-09 13:59:00,JFU
2.245,2.245,2.245,2.245,500,2021-07-09 14:00:00,JFU
2.248,2.248,2.248,2.248,100,2021-07-09 14:01:00,JFU
2.241,2.241,2.241,2.241,1000,2021-07-09 14:02:00,JFU
2.2488,2.2488,2.2488,2.2488,195,2021-07-09 14:04:00,JFU
2.2426,2.2426,2.2426,2.2426,100,2021-07-09 14:07:00,JFU
2.2486,2.2486,2.24,2.24,546,2021-07-09 14:11:00,JFU
2.25,2.25,2.25,2.25,100,2021-07-09 14:17:00,JFU
2.2401,2.2401,2.2401,2.2401,100,2021-07-09 14:23:00,JFU
2.25,2.25,2.25,2.25,100,2021-07-09 14:24:00,JFU
2.2417,2.2417,2.2417,2.2417,250,2021-07-09 14:27:00,JFU
2.2401,2.245,2.2401,2.245,1600,2021-07-09 14:28:00,JFU
2.2475,2.2475,2.2475,2.2475,100,2021-07-09 14:29:00,JFU
2.2494,2.2494,2.2494,2.2494,4000,2021-07-09 14:32:00,JFU
2.245,2.245,2.245,2.245,128,2021-07-09 14:34:00,JFU
2.245,2.245,2.245,2.245,350,2021-07-09 14:36:00,JFU
2.24,2.24,2.24,2.24,400,2021-07-09 14:37:00,JFU
2.25,2.25,2.25,2.25,2500,2021-07-09 14:38:00,JFU
2.2582,2.2582,2.2582,2.2582,105,2021-07-09 14:39:00,JFU
2.255,2.255,2.25,2.25,1000,2021-07-09 14:40:00,JFU
2.26,2.26,2.2515,2.2515,608,2021-07-09 14:43:00,JFU
2.255,2.255,2.25,2.25,1000,2021-07-09 14:44:00,JFU
2.2513,2.2513,2.2513,2.2513,150,2021-07-09 14:48:00,JFU
2.251,2.251,2.251,2.251,970,2021-07-09 14:49:00,JFU
2.25,2.255,2.25,2.255,639,2021-07-09 14:51:00,JFU
2.25,2.255,2.25,2.255,1200,2021-07-09 14:53:00,JFU
2.25,2.25,2.25,2.25,2825,2021-07-09 14:54:00,JFU
2.25,2.25,2.245,2.25,4000,2021-07-09 14:55:00,JFU
2.24,2.2401,2.24,2.2401,400,2021-07-09 14:56:00,JFU
2.24,2.24,2.24,2.24,3000,2021-07-09 14:58:00,JFU
2.24,2.242,2.24,2.242,4983,2021-07-09 14:59:00,JFU
2.2419,2.2419,2.2419,2.2419,200,2021-07-09 15:01:00,JFU
2.24,2.24,2.24,2.24,2000,2021-07-09 15:03:00,JFU
2.24,2.2427,2.24,2.24,4804,2021-07-09 15:04:00,JFU
2.24,2.24,2.23,2.23,300,2021-07-09 15:05:00,JFU
2.2383,2.2383,2.2383,2.2383,500,2021-07-09 15:10:00,JFU
2.23,2.23,2.23,2.23,100,2021-07-09 15:12:00,JFU
2.2315,2.2315,2.2315,2.2315,400,2021-07-09 15:17:00,JFU
2.23,2.23,2.22,2.22,8000,2021-07-09 15:21:00,JFU
2.2246,2.2246,2.2246,2.2246,100,2021-07-09 15:29:00,JFU
2.2212,2.23,2.2212,2.23,1350,2021-07-09 15:33:00,JFU
2.22,2.23,2.22,2.22,8436,2021-07-09 15:34:00,JFU
2.222,2.222,2.222,2.222,101,2021-07-09 15:45:00,JFU
2.2299,2.23,2.22,2.23,6499,2021-07-09 15:48:00,JFU
2.22,2.22,2.22,2.22,150,2021-07-09 15:54:00,JFU
2.225,2.225,2.225,2.225,100,2021-07-09 15:57:00,JFU
2.2214,2.23,2.22,2.22,723,2021-07-09 15:58:00,JFU
2.23,2.24,2.23,2.235,6303,2021-07-09 16:00:00,JFU
2.2322,2.2322,2.2322,2.2322,100,2021-07-09 16:01:00,JFU
2.24,2.26,2.24,2.26,5672,2021-07-09 16:08:00,JFU
2.25,2.25,2.25,2.25,100,2021-07-09 16:09:00,JFU
2.2595,2.26,2.25,2.26,1034,2021-07-09 16:14:00,JFU
2.26,2.27,2.26,2.27,1800,2021-07-09 16:15:00,JFU
2.27,2.28,2.2698,2.2799,4467,2021-07-09 16:17:00,JFU
2.278,2.278,2.278,2.278,500,2021-07-09 16:20:00,JFU
2.28,2.28,2.28,2.28,100,2021-07-09 16:22:00,JFU
2.28,2.28,2.28,2.28,100,2021-07-09 16:23:00,JFU
2.27,2.2717,2.27,2.27,3101,2021-07-09 16:24:00,JFU
2.27,2.27,2.27,2.27,100,2021-07-09 16:29:00,JFU
2.27,2.27,2.27,2.27,100,2021-07-09 16:30:00,JFU
2.2622,2.2622,2.2622,2.2622,243,2021-07-09 16:31:00,JFU
2.265,2.265,2.265,2.265,108,2021-07-09 16:32:00,JFU
2.265,2.265,2.2604,2.2604,1349,2021-07-09 16:34:00,JFU
2.2688,2.2688,2.2688,2.2688,220,2021-07-09 16:36:00,JFU
2.27,2.27,2.27,2.27,100,2021-07-09 16:39:00,JFU
2.27,2.27,2.27,2.27,300,2021-07-09 16:41:00,JFU
2.26,2.265,2.255,2.26,4308,2021-07-09 16:42:00,JFU
2.26,2.2627,2.26,2.26,1000,2021-07-09 16:47:00,JFU
2.265,2.265,2.265,2.265,100,2021-07-09 16:59:00,JFU
2.2606,2.27,2.2606,2.27,2809,2021-07-09 17:01:00,JFU
2.2624,2.2624,2.2624,2.2624,181,2021-07-09 17:05:00,JFU
2.2612,2.2612,2.24,2.25,3510,2021-07-09 17:14:00,JFU
2.25,2.25,2.24,2.24,200,2021-07-09 17:15:00,JFU
2.25,2.25,2.25,2.25,100,2021-07-09 17:18:00,JFU
2.245,2.245,2.245,2.245,101,2021-07-09 17:20:00,JFU
2.2481,2.25,2.2481,2.25,202,2021-07-09 17:26:00,JFU
2.245,2.245,2.245,2.245,100,2021-07-09 17:30:00,JFU
2.245,2.245,2.245,2.245,223,2021-07-09 17:31:00,JFU
2.2423,2.25,2.2423,2.25,563,2021-07-09 17:35:00,JFU
2.25,2.26,2.25,2.26,3500,2021-07-09 17:38:00,JFU
2.25,2.26,2.25,2.26,900,2021-07-09 17:41:00,JFU
2.2538,2.2538,2.25,2.25,1750,2021-07-09 17:50:00,JFU
2.25,2.25,2.2498,2.2498,750,2021-07-09 17:53:00,JFU
2.26,2.27,2.25,2.25,26592,2021-07-09 17:56:00,JFU
2.2517,2.2517,2.2517,2.2517,250,2021-07-09 17:57:00,JFU
2.255,2.26,2.255,2.26,707,2021-07-09 17:58:00,JFU
2.2689,2.27,2.2689,2.27,547,2021-07-09 18:08:00,JFU
2.27,2.27,2.27,2.27,790,2021-07-09 18:09:00,JFU
2.2789,2.28,2.2789,2.28,267,2021-07-09 18:12:00,JFU
2.28,2.28,2.28,2.28,100,2021-07-09 18:14:00,JFU
2.28,2.28,2.2737,2.2737,577,2021-07-09 18:15:00,JFU
2.28,2.3099,2.28,2.3099,25241,2021-07-09 18:19:00,JFU
2.3097,2.3099,2.3001,2.3099,3435,2021-07-09 18:20:00,JFU
2.3,2.3,2.2936,2.2936,250,2021-07-09 18:21:00,JFU
2.2982,2.2982,2.2982,2.2982,218,2021-07-09 18:22:00,JFU
2.29,2.29,2.28,2.28,1774,2021-07-09 18:23:00,JFU
2.2801,2.2801,2.2801,2.2801,366,2021-07-09 18:24:00,JFU
2.2801,2.2801,2.2801,2.2801,950,2021-07-09 18:26:00,JFU
2.285,2.29,2.28,2.2801,700,2021-07-09 18:29:00,JFU
2.2801,2.2801,2.2801,2.2801,110,2021-07-09 18:31:00,JFU
2.2877,2.2877,2.2877,2.2877,100,2021-07-09 18:36:00,JFU
2.28,2.28,2.28,2.28,100,2021-07-09 18:45:00,JFU
2.285,2.285,2.285,2.285,175,2021-07-09 18:49:00,JFU
2.29,2.29,2.28,2.28,1600,2021-07-09 18:51:00,JFU
2.285,2.285,2.27,2.2711,26609,2021-07-09 18:52:00,JFU
2.272,2.272,2.272,2.272,200,2021-07-09 18:53:00,JFU
2.27,2.28,2.27,2.28,300,2021-07-09 18:57:00,JFU
2.28,2.28,2.28,2.28,100,2021-07-09 18:58:00,JFU
2.285,2.285,2.285,2.285,150,2021-07-09 19:10:00,JFU
2.285,2.285,2.285,2.285,100,2021-07-09 19:12:00,JFU
2.29,2.29,2.29,2.29,400,2021-07-09 19:17:00,JFU
2.29,2.29,2.29,2.29,200,2021-07-09 19:21:00,JFU
2.285,2.285,2.285,2.285,150,2021-07-09 19:24:00,JFU
2.2821,2.29,2.2821,2.29,1455,2021-07-09 19:25:00,JFU
2.2911,2.2911,2.2911,2.2911,842,2021-07-09 19:26:00,JFU
2.2984,2.2984,2.295,2.295,300,2021-07-09 19:28:00,JFU
2.2901,2.2901,2.2901,2.2901,1575,2021-07-09 19:31:00,JFU
2.2915,2.3,2.2915,2.3,19297,2021-07-09 19:32:00,JFU
2.3082,2.3082,2.3,2.3,300,2021-07-09 19:34:00,JFU
2.31,2.31,2.31,2.31,200,2021-07-09 19:35:00,JFU
2.3,2.3,2.3,2.3,100,2021-07-09 19:36:00,JFU
2.3,2.3,2.3,2.3,300,2021-07-09 19:38:00,JFU
2.3016,2.3016,2.3,2.3,1000,2021-07-09 19:39:00,JFU
2.305,2.305,2.305,2.305,100,2021-07-09 19:41:00,JFU
2.3008,2.3008,2.3,2.3,1956,2021-07-09 19:42:00,JFU
2.3088,2.3088,2.3088,2.3088,1250,2021-07-09 19:43:00,JFU
2.3016,2.3016,2.3016,2.3016,337,2021-07-09 19:45:00,JFU
2.3099,2.3099,2.3018,2.3018,857,2021-07-09 19:49:00,JFU
2.3,2.31,2.3,2.3,5872,2021-07-09 19:50:00,JFU
2.3001,2.3057,2.3001,2.3057,2450,2021-07-09 19:51:00,JFU
2.3019,2.31,2.3,2.31,1050,2021-07-09 19:56:00,JFU
2.31,2.31,2.31,2.31,200,2021-07-09 19:57:00,JFU
2.3093,2.32,2.3093,2.31,14952,2021-07-09 19:58:00,JFU
2.3121,2.32,2.31,2.31,1100,2021-07-09 19:59:00,JFU
2.32,2.32,2.32,2.32,9249,2021-07-09 20:00:00,JFU
2.3,2.3,2.3,2.3,300,2021-07-09 20:17:00,JFU
2.3,2.3,2.3,2.3,100,2021-07-09 20:46:00,JFU
2.31,2.31,2.31,2.31,2388,2021-07-12 12:54:00,JFU
2.26,2.26,2.26,2.26,2822,2021-07-12 13:30:00,JFU
2.2488,2.2508,2.2488,2.2508,1168,2021-07-12 13:31:00,JFU
2.2725,2.2725,2.27,2.27,200,2021-07-12 13:32:00,JFU
2.2701,2.2715,2.2701,2.2715,361,2021-07-12 13:33:00,JFU
2.2717,2.2717,2.2717,2.2717,500,2021-07-12 13:34:00,JFU
2.27,2.275,2.27,2.275,650,2021-07-12 13:35:00,JFU
2.2878,2.2878,2.2878,2.2878,1000,2021-07-12 13:36:00,JFU
2.272,2.275,2.26,2.2701,19088,2021-07-12 13:37:00,JFU
2.2701,2.2701,2.27,2.27,853,2021-07-12 13:38:00,JFU
2.27,2.27,2.27,2.27,277,2021-07-12 13:39:00,JFU
2.27,2.2705,2.27,2.27,1000,2021-07-12 13:42:00,JFU
2.28,2.2802,2.28,2.28,1730,2021-07-12 13:45:00,JFU
2.285,2.2877,2.285,2.2877,300,2021-07-12 13:46:00,JFU
2.28,2.28,2.28,2.28,1111,2021-07-12 13:47:00,JFU
2.28,2.28,2.28,2.28,100,2021-07-12 13:50:00,JFU
2.3,2.3,2.3,2.3,197,2021-07-12 13:51:00,JFU
2.29,2.29,2.29,2.29,777,2021-07-12 13:53:00,JFU
2.2901,2.2901,2.2901,2.2901,5900,2021-07-12 13:54:00,JFU
2.295,2.295,2.295,2.295,150,2021-07-12 13:55:00,JFU
2.2918,2.3,2.2918,2.3,994,2021-07-12 13:57:00,JFU
2.3108,2.3108,2.3108,2.3108,133,2021-07-12 13:59:00,JFU
2.31,2.31,2.31,2.31,2801,2021-07-12 14:00:00,JFU
2.31,2.31,2.31,2.31,1850,2021-07-12 14:01:00,JFU
2.3,2.3,2.3,2.3,1201,2021-07-12 14:03:00,JFU
2.3,2.3,2.3,2.3,2000,2021-07-12 14:04:00,JFU
2.29,2.29,2.29,2.29,300,2021-07-12 14:05:00,JFU
2.2999,2.2999,2.2999,2.2999,1000,2021-07-12 14:07:00,JFU
2.29,2.29,2.29,2.29,100,2021-07-12 14:09:00,JFU
2.29,2.29,2.29,2.29,100,2021-07-12 14:10:00,JFU
2.2824,2.2824,2.28,2.28,1514,2021-07-12 14:11:00,JFU
2.26,2.26,2.26,2.26,260,2021-07-12 14:16:00,JFU
2.2617,2.2617,2.2617,2.2617,1013,2021-07-12 14:17:00,JFU
2.2625,2.268,2.26,2.26,1502,2021-07-12 14:18:00,JFU
2.2672,2.2672,2.2672,2.2672,489,2021-07-12 14:19:00,JFU
2.26,2.26,2.26,2.26,1299,2021-07-12 14:21:00,JFU
2.26,2.26,2.26,2.26,300,2021-07-12 14:22:00,JFU
2.25,2.255,2.24,2.24,7905,2021-07-12 14:23:00,JFU
2.24,2.24,2.24,2.24,100,2021-07-12 14:26:00,JFU
2.245,2.245,2.24,2.24,602,2021-07-12 14:28:00,JFU
2.24,2.24,2.24,2.24,100,2021-07-12 14:31:00,JFU
2.24,2.24,2.24,2.24,176,2021-07-12 14:32:00,JFU
2.24,2.24,2.24,2.24,2000,2021-07-12 14:33:00,JFU
2.23,2.2316,2.23,2.2316,6200,2021-07-12 14:34:00,JFU
2.24,2.24,2.24,2.24,2213,2021-07-12 14:35:00,JFU
2.25,2.25,2.25,2.25,2000,2021-07-12 14:37:00,JFU
2.245,2.249,2.245,2.249,6815,2021-07-12 14:38:00,JFU
2.25,2.25,2.25,2.25,400,2021-07-12 14:41:00,JFU
2.26,2.26,2.26,2.26,100,2021-07-12 14:43:00,JFU
2.2664,2.2664,2.2664,2.2664,200,2021-07-12 14:45:00,JFU
2.26,2.26,2.26,2.26,300,2021-07-12 14:46:00,JFU
2.2532,2.2532,2.2532,2.2532,100,2021-07-12 14:48:00,JFU
2.251,2.251,2.251,2.251,200,2021-07-12 14:54:00,JFU
2.255,2.255,2.2541,2.255,830,2021-07-12 14:57:00,JFU
2.26,2.26,2.26,2.26,4434,2021-07-12 14:58:00,JFU
2.255,2.255,2.2514,2.2514,987,2021-07-12 15:02:00,JFU
2.25,2.25,2.25,2.25,6804,2021-07-12 15:03:00,JFU
2.25,2.25,2.25,2.25,250,2021-07-12 15:08:00,JFU
2.25,2.25,2.25,2.25,200,2021-07-12 15:11:00,JFU
2.24,2.245,2.24,2.245,300,2021-07-12 15:14:00,JFU
2.245,2.245,2.24,2.24,2600,2021-07-12 15:15:00,JFU
2.2306,2.2306,2.2306,2.2306,1250,2021-07-12 15:18:00,JFU
2.23,2.23,2.23,2.23,570,2021-07-12 15:19:00,JFU
2.22,2.225,2.22,2.225,1300,2021-07-12 15:21:00,JFU
2.22,2.225,2.22,2.22,8285,2021-07-12 15:22:00,JFU
2.22,2.22,2.22,2.22,900,2021-07-12 15:23:00,JFU
2.23,2.23,2.23,2.23,10000,2021-07-12 15:25:00,JFU
2.23,2.24,2.23,2.24,5157,2021-07-12 15:26:00,JFU
2.23,2.23,2.23,2.23,10000,2021-07-12 15:27:00,JFU
2.23,2.23,2.23,2.23,100,2021-07-12 15:31:00,JFU
2.2301,2.2327,2.23,2.23,3440,2021-07-12 15:35:00,JFU
2.22,2.22,2.22,2.22,100,2021-07-12 15:38:00,JFU
2.2201,2.2216,2.2201,2.2216,2475,2021-07-12 15:46:00,JFU
2.2272,2.2272,2.2272,2.2272,500,2021-07-12 15:53:00,JFU
2.2268,2.2268,2.2268,2.2268,500,2021-07-12 15:54:00,JFU
2.2101,2.2101,2.2101,2.2101,5000,2021-07-12 15:56:00,JFU
2.21,2.21,2.19,2.2,9749,2021-07-12 15:57:00,JFU
2.2,2.2,2.1918,2.2,3050,2021-07-12 15:58:00,JFU
2.195,2.195,2.195,2.195,196,2021-07-12 16:02:00,JFU
2.19,2.19,2.19,2.19,2307,2021-07-12 16:03:00,JFU
2.18,2.19,2.18,2.19,5627,2021-07-12 16:04:00,JFU
2.1827,2.1827,2.16,2.18,13214,2021-07-12 16:05:00,JFU
2.19,2.19,2.17,2.17,11982,2021-07-12 16:06:00,JFU
2.175,2.175,2.15,2.17,20522,2021-07-12 16:07:00,JFU
2.1684,2.1684,2.1684,2.1684,446,2021-07-12 16:08:00,JFU
2.16,2.16,2.15,2.16,2877,2021-07-12 16:09:00,JFU
2.165,2.17,2.165,2.1683,9640,2021-07-12 16:10:00,JFU
2.17,2.18,2.17,2.18,23035,2021-07-12 16:11:00,JFU
2.2,2.2,2.2,2.2,456,2021-07-12 16:12:00,JFU
2.2,2.2,2.2,2.2,200,2021-07-12 16:15:00,JFU
2.205,2.205,2.205,2.205,146,2021-07-12 16:16:00,JFU
2.2076,2.2076,2.2076,2.2076,125,2021-07-12 16:19:00,JFU
2.2004,2.2004,2.2004,2.2004,243,2021-07-12 16:22:00,JFU
2.2027,2.2027,2.2027,2.2027,100,2021-07-12 16:24:00,JFU
2.2021,2.205,2.2021,2.205,423,2021-07-12 16:26:00,JFU
2.21,2.21,2.21,2.21,500,2021-07-12 16:27:00,JFU
2.205,2.205,2.205,2.205,715,2021-07-12 16:29:00,JFU
2.2019,2.2019,2.2019,2.2019,150,2021-07-12 16:33:00,JFU
2.2099,2.2099,2.2099,2.2099,997,2021-07-12 16:37:00,JFU
2.2,2.2065,2.2,2.2065,763,2021-07-12 16:42:00,JFU
2.2,2.2,2.2,2.2,500,2021-07-12 16:43:00,JFU
2.2,2.2,2.2,2.2,100,2021-07-12 16:52:00,JFU
2.21,2.21,2.21,2.21,1296,2021-07-12 16:53:00,JFU
2.22,2.22,2.22,2.22,100,2021-07-12 16:54:00,JFU
2.215,2.215,2.215,2.215,100,2021-07-12 17:00:00,JFU
2.2113,2.2113,2.2113,2.2113,578,2021-07-12 17:06:00,JFU
2.2182,2.2182,2.215,2.215,601,2021-07-12 17:10:00,JFU
2.215,2.215,2.215,2.215,150,2021-07-12 17:12:00,JFU
2.2185,2.2185,2.2185,2.2185,300,2021-07-12 17:13:00,JFU
2.2101,2.2101,2.2101,2.2101,600,2021-07-12 17:26:00,JFU
2.21,2.21,2.21,2.21,9804,2021-07-12 17:29:00,JFU
2.2144,2.2144,2.2144,2.2144,100,2021-07-12 17:34:00,JFU
2.22,2.22,2.22,2.22,600,2021-07-12 18:00:00,JFU
2.211,2.211,2.211,2.211,100,2021-07-12 18:02:00,JFU
2.21,2.21,2.21,2.21,100,2021-07-12 18:22:00,JFU
2.2133,2.2133,2.2133,2.2133,500,2021-07-12 18:23:00,JFU
2.215,2.22,2.21,2.21,9677,2021-07-12 18:26:00,JFU
2.21,2.21,2.2,2.2,4630,2021-07-12 18:27:00,JFU
2.2015,2.2015,2.2015,2.2015,300,2021-07-12 18:35:00,JFU
2.2099,2.2099,2.2099,2.2099,100,2021-07-12 18:36:00,JFU
2.21,2.21,2.2094,2.2094,554,2021-07-12 18:47:00,JFU
2.2015,2.2015,2.2015,2.2015,2000,2021-07-12 18:48:00,JFU
2.2,2.2,2.2,2.2,100,2021-07-12 18:53:00,JFU
2.205,2.205,2.2,2.2,10480,2021-07-12 18:55:00,JFU
2.19,2.19,2.1873,2.1873,795,2021-07-12 19:02:00,JFU
2.1824,2.1824,2.1824,2.1824,142,2021-07-12 19:04:00,JFU
2.185,2.185,2.18,2.18,6010,2021-07-12 19:06:00,JFU
2.1815,2.1893,2.1815,2.1893,1687,2021-07-12 19:14:00,JFU
2.1895,2.1895,2.1873,2.1873,1700,2021-07-12 19:20:00,JFU
2.19,2.19,2.19,2.19,458,2021-07-12 19:24:00,JFU
2.1873,2.19,2.1873,2.19,1910,2021-07-12 19:33:00,JFU
2.1995,2.1995,2.1901,2.1901,2200,2021-07-12 19:37:00,JFU
2.195,2.195,2.195,2.195,580,2021-07-12 19:38:00,JFU
2.192,2.192,2.192,2.192,250,2021-07-12 19:41:00,JFU
2.19,2.19,2.19,2.19,4000,2021-07-12 19:46:00,JFU
2.195,2.195,2.195,2.195,661,2021-07-12 19:47:00,JFU
2.195,2.195,2.195,2.195,200,2021-07-12 19:49:00,JFU
2.19,2.2,2.19,2.19,1499,2021-07-12 19:50:00,JFU
2.195,2.195,2.195,2.195,400,2021-07-12 19:53:00,JFU
2.1991,2.1991,2.1991,2.1991,456,2021-07-12 19:54:00,JFU
2.195,2.195,2.195,2.195,2100,2021-07-12 19:56:00,JFU
2.1901,2.199,2.19,2.195,4700,2021-07-12 19:57:00,JFU
2.19,2.195,2.19,2.195,763,2021-07-12 19:58:00,JFU
2.19,2.19,2.18,2.18,16592,2021-07-12 19:59:00,JFU
2.2,2.2,2.2,2.2,3205,2021-07-12 20:00:00,JFU
2.19,2.19,2.18,2.18,299,2021-07-13 12:38:00,JFU
2.1801,2.1801,2.18,2.18,1000,2021-07-13 12:58:00,JFU
2.18,2.18,2.18,2.18,1683,2021-07-13 13:30:00,JFU
2.185,2.185,2.185,2.185,5349,2021-07-13 13:31:00,JFU
2.1996,2.1996,2.1996,2.1996,1317,2021-07-13 13:32:00,JFU
2.19,2.19,2.19,2.19,100,2021-07-13 13:33:00,JFU
2.18,2.18,2.17,2.17,1487,2021-07-13 13:35:00,JFU
2.165,2.165,2.165,2.165,349,2021-07-13 13:36:00,JFU
2.18,2.18,2.18,2.18,100,2021-07-13 13:37:00,JFU
2.17,2.17,2.17,2.17,1200,2021-07-13 13:39:00,JFU
2.1608,2.1614,2.1608,2.1614,1556,2021-07-13 13:40:00,JFU
2.165,2.165,2.165,2.165,500,2021-07-13 13:41:00,JFU
2.1621,2.1621,2.16,2.16,367,2021-07-13 13:42:00,JFU
2.16,2.16,2.1573,2.1573,800,2021-07-13 13:43:00,JFU
2.16,2.2,2.16,2.1883,12803,2021-07-13 13:44:00,JFU
2.189,2.189,2.189,2.189,198,2021-07-13 13:46:00,JFU
2.18,2.185,2.18,2.185,484,2021-07-13 13:47:00,JFU
2.19,2.19,2.19,2.19,2045,2021-07-13 13:48:00,JFU
2.2,2.2,2.1837,2.1837,3100,2021-07-13 13:50:00,JFU
2.19,2.19,2.19,2.19,900,2021-07-13 14:02:00,JFU
2.1882,2.19,2.1882,2.1888,1000,2021-07-13 14:03:00,JFU
2.1801,2.1801,2.1801,2.1801,1000,2021-07-13 14:06:00,JFU
2.1882,2.1882,2.1882,2.1882,200,2021-07-13 14:07:00,JFU
2.1817,2.1817,2.1817,2.1817,140,2021-07-13 14:09:00,JFU
2.185,2.185,2.185,2.185,295,2021-07-13 14:11:00,JFU
2.1816,2.1816,2.1816,2.1816,607,2021-07-13 14:16:00,JFU
2.18,2.18,2.18,2.18,12243,2021-07-13 14:19:00,JFU
2.18,2.1827,2.18,2.1827,2930,2021-07-13 14:21:00,JFU
2.1811,2.1811,2.1811,2.1811,123,2021-07-13 14:23:00,JFU
2.19,2.19,2.19,2.19,800,2021-07-13 14:27:00,JFU
2.1889,2.1889,2.1889,2.1889,500,2021-07-13 14:28:00,JFU
2.19,2.2,2.19,2.19,1765,2021-07-13 14:29:00,JFU
2.19,2.1903,2.19,2.1902,1858,2021-07-13 14:35:00,JFU
2.2,2.2,2.2,2.2,250,2021-07-13 14:36:00,JFU
2.19,2.19,2.19,2.19,164,2021-07-13 14:39:00,JFU
2.1818,2.1818,2.1818,2.1818,1000,2021-07-13 14:45:00,JFU
2.2,2.2,2.1829,2.1829,300,2021-07-13 14:47:00,JFU
2.2,2.2,2.2,2.2,100,2021-07-13 14:51:00,JFU
2.2,2.21,2.2,2.21,2600,2021-07-13 14:53:00,JFU
2.21,2.21,2.21,2.21,300,2021-07-13 14:54:00,JFU
2.21,2.21,2.21,2.21,10000,2021-07-13 14:55:00,JFU
2.21,2.21,2.21,2.21,455,2021-07-13 14:57:00,JFU
2.19,2.19,2.19,2.19,10000,2021-07-13 15:04:00,JFU
2.21,2.21,2.21,2.21,100,2021-07-13 15:05:00,JFU
2.191,2.192,2.19,2.19,26250,2021-07-13 15:06:00,JFU
2.1909,2.1933,2.1909,2.1933,653,2021-07-13 15:07:00,JFU
2.1994,2.1994,2.1994,2.1994,100,2021-07-13 15:26:00,JFU
2.192,2.192,2.192,2.192,840,2021-07-13 15:27:00,JFU
2.21,2.21,2.21,2.21,2095,2021-07-13 15:35:00,JFU
2.2027,2.206,2.202,2.202,500,2021-07-13 15:40:00,JFU
2.2041,2.2041,2.2041,2.2041,500,2021-07-13 15:42:00,JFU
2.2046,2.2046,2.2046,2.2046,1500,2021-07-13 15:53:00,JFU
2.2014,2.2014,2.2014,2.2014,2000,2021-07-13 16:04:00,JFU
2.22,2.22,2.22,2.22,500,2021-07-13 16:21:00,JFU
2.23,2.23,2.23,2.23,200,2021-07-13 16:22:00,JFU
2.224,2.224,2.224,2.224,500,2021-07-13 16:23:00,JFU
2.24,2.24,2.238,2.238,3132,2021-07-13 16:29:00,JFU
2.24,2.27,2.24,2.27,12796,2021-07-13 16:30:00,JFU
2.27,2.27,2.27,2.27,600,2021-07-13 16:32:00,JFU
2.289,2.289,2.2885,2.2885,2591,2021-07-13 16:33:00,JFU
2.27,2.27,2.26,2.26,2627,2021-07-13 16:35:00,JFU
2.26,2.28,2.26,2.28,600,2021-07-13 16:36:00,JFU
2.27,2.27,2.26,2.26,500,2021-07-13 16:37:00,JFU
2.26,2.26,2.26,2.26,2382,2021-07-13 16:38:00,JFU
2.262,2.262,2.262,2.262,462,2021-07-13 16:40:00,JFU
2.27,2.27,2.27,2.27,100,2021-07-13 16:41:00,JFU
2.268,2.268,2.268,2.268,100,2021-07-13 16:42:00,JFU
2.2618,2.27,2.2612,2.27,1200,2021-07-13 16:43:00,JFU
2.26,2.2605,2.26,2.26,2000,2021-07-13 16:44:00,JFU
2.2428,2.2428,2.2428,2.2428,764,2021-07-13 16:45:00,JFU
2.26,2.26,2.26,2.26,646,2021-07-13 16:48:00,JFU
2.2506,2.2506,2.2506,2.2506,346,2021-07-13 16:50:00,JFU
2.25,2.25,2.25,2.25,835,2021-07-13 16:51:00,JFU
2.24,2.2438,2.24,2.2438,500,2021-07-13 16:52:00,JFU
2.2418,2.2418,2.2418,2.2418,100,2021-07-13 16:53:00,JFU
2.24,2.24,2.24,2.24,1500,2021-07-13 16:58:00,JFU
2.24,2.24,2.24,2.24,100,2021-07-13 17:00:00,JFU
2.24,2.24,2.24,2.24,671,2021-07-13 17:03:00,JFU
2.2309,2.2309,2.2309,2.2309,100,2021-07-13 17:07:00,JFU
2.23,2.23,2.22,2.23,4042,2021-07-13 17:13:00,JFU
2.23,2.23,2.23,2.23,100,2021-07-13 17:19:00,JFU
2.2399,2.2399,2.2399,2.2399,500,2021-07-13 17:33:00,JFU
2.24,2.24,2.24,2.24,480,2021-07-13 17:34:00,JFU
2.24,2.24,2.24,2.24,200,2021-07-13 17:40:00,JFU
2.232,2.232,2.232,2.232,205,2021-07-13 17:42:00,JFU
2.2499,2.26,2.24,2.24,5128,2021-07-13 17:50:00,JFU
2.24,2.24,2.24,2.24,2000,2021-07-13 17:55:00,JFU
2.232,2.232,2.232,2.232,100,2021-07-13 17:56:00,JFU
2.2317,2.2317,2.2317,2.2317,200,2021-07-13 18:01:00,JFU
2.23,2.23,2.23,2.23,778,2021-07-13 18:02:00,JFU
2.22,2.22,2.21,2.21,4800,2021-07-13 18:03:00,JFU
2.22,2.22,2.22,2.22,453,2021-07-13 18:04:00,JFU
2.21,2.21,2.2,2.2,12900,2021-07-13 18:05:00,JFU
2.21,2.21,2.21,2.21,3910,2021-07-13 18:06:00,JFU
2.21,2.21,2.21,2.21,100,2021-07-13 18:12:00,JFU
2.21,2.21,2.21,2.21,1500,2021-07-13 18:15:00,JFU
2.215,2.215,2.215,2.215,500,2021-07-13 18:21:00,JFU
2.2132,2.2132,2.2132,2.2132,110,2021-07-13 18:23:00,JFU
2.22,2.22,2.2117,2.2117,2000,2021-07-13 18:24:00,JFU
2.22,2.22,2.22,2.22,400,2021-07-13 18:47:00,JFU
2.21,2.21,2.21,2.21,600,2021-07-13 18:52:00,JFU
2.23,2.23,2.23,2.23,473,2021-07-13 19:04:00,JFU
2.23,2.23,2.23,2.23,999,2021-07-13 19:07:00,JFU
2.23,2.23,2.2295,2.23,3800,2021-07-13 19:10:00,JFU
2.23,2.23,2.23,2.23,100,2021-07-13 19:16:00,JFU
2.225,2.23,2.2205,2.23,730,2021-07-13 19:23:00,JFU
2.2218,2.2218,2.2218,2.2218,250,2021-07-13 19:24:00,JFU
2.22,2.22,2.22,2.22,6360,2021-07-13 19:38:00,JFU
2.221,2.221,2.21,2.21,15310,2021-07-13 19:43:00,JFU
2.2,2.2017,2.2,2.2,900,2021-07-13 19:46:00,JFU
2.21,2.21,2.2092,2.2092,736,2021-07-13 19:47:00,JFU
2.2077,2.2077,2.2077,2.2077,136,2021-07-13 19:49:00,JFU
2.2,2.2001,2.18,2.18,18410,2021-07-13 19:50:00,JFU
2.19,2.1905,2.18,2.18,14335,2021-07-13 19:51:00,JFU
2.185,2.185,2.185,2.185,229,2021-07-13 19:52:00,JFU
2.1815,2.1815,2.1815,2.1815,300,2021-07-13 19:53:00,JFU
2.19,2.19,2.19,2.19,1300,2021-07-13 19:55:00,JFU
2.19,2.19,2.18,2.18,1200,2021-07-13 19:57:00,JFU
2.19,2.19,2.18,2.18,400,2021-07-13 19:58:00,JFU
2.1891,2.1891,2.18,2.18,6782,2021-07-13 19:59:00,JFU
2.18,2.18,2.18,2.18,1125,2021-07-13 20:00:00,JFU
2.16,2.16,2.16,2.16,100,2021-07-13 20:08:00,JFU
2.2,2.2,2.2,2.2,150,2021-07-13 20:45:00,JFU
2.16,2.16,2.16,2.16,300,2021-07-13 23:38:00,JFU
2.11,2.11,2.1,2.1,700,2021-07-13 23:39:00,JFU
2.12,2.12,2.1,2.1,7998,2021-07-14 11:00:00,JFU
2.14,2.14,2.14,2.14,100,2021-07-14 11:19:00,JFU
2.12,2.13,2.11,2.11,9380,2021-07-14 12:58:00,JFU
2.16,2.16,2.16,2.16,100,2021-07-14 13:19:00,JFU
2.14,2.14,2.14,2.14,211,2021-07-14 13:26:00,JFU
2.16,2.16,2.16,2.16,200,2021-07-14 13:27:00,JFU
2.145,2.15,2.11,2.15,10985,2021-07-14 13:30:00,JFU
2.15,2.15,2.15,2.15,454,2021-07-14 13:32:00,JFU
2.15,2.15,2.1465,2.1465,1696,2021-07-14 13:33:00,JFU
2.1529,2.1529,2.1529,2.1529,100,2021-07-14 13:34:00,JFU
2.15,2.15,2.15,2.15,650,2021-07-14 13:35:00,JFU
2.14,2.14,2.14,2.14,1000,2021-07-14 13:36:00,JFU
2.14,2.14,2.14,2.14,250,2021-07-14 13:38:00,JFU
2.145,2.145,2.145,2.145,101,2021-07-14 13:39:00,JFU
2.15,2.15,2.15,2.15,100,2021-07-14 13:40:00,JFU
2.15,2.15,2.15,2.15,100,2021-07-14 13:42:00,JFU
2.15,2.1501,2.1301,2.132,10200,2021-07-14 13:43:00,JFU
2.13,2.1301,2.1201,2.1201,9175,2021-07-14 13:44:00,JFU
2.1213,2.1213,2.12,2.12,919,2021-07-14 13:45:00,JFU
2.11,2.11,2.11,2.11,500,2021-07-14 13:46:00,JFU
2.1184,2.1184,2.1101,2.1101,1740,2021-07-14 13:49:00,JFU
2.1116,2.12,2.11,2.11,1923,2021-07-14 13:51:00,JFU
2.11,2.11,2.09,2.1,9777,2021-07-14 13:52:00,JFU
2.11,2.11,2.11,2.11,7343,2021-07-14 13:53:00,JFU
2.1034,2.1034,2.1034,2.1034,406,2021-07-14 13:55:00,JFU
2.11,2.115,2.11,2.11,1420,2021-07-14 13:56:00,JFU
2.115,2.13,2.115,2.13,600,2021-07-14 13:57:00,JFU
2.14,2.14,2.13,2.13,3400,2021-07-14 13:59:00,JFU
2.13,2.1446,2.13,2.1446,7237,2021-07-14 14:00:00,JFU
2.15,2.15,2.15,2.15,500,2021-07-14 14:02:00,JFU
2.145,2.145,2.12,2.14,27100,2021-07-14 14:06:00,JFU
2.12,2.13,2.12,2.13,230,2021-07-14 14:09:00,JFU
2.1257,2.1257,2.1257,2.1257,100,2021-07-14 14:11:00,JFU
2.13,2.13,2.13,2.13,100,2021-07-14 14:12:00,JFU
2.125,2.13,2.125,2.125,4288,2021-07-14 14:15:00,JFU
2.12,2.12,2.12,2.12,905,2021-07-14 14:16:00,JFU
2.12,2.12,2.1186,2.1186,5183,2021-07-14 14:19:00,JFU
2.11,2.11,2.105,2.105,3796,2021-07-14 14:20:00,JFU
2.11,2.11,2.11,2.11,500,2021-07-14 14:24:00,JFU
2.105,2.105,2.105,2.105,100,2021-07-14 14:26:00,JFU
2.1,2.1,2.1,2.1,850,2021-07-14 14:27:00,JFU
2.09,2.09,2.09,2.09,200,2021-07-14 14:28:00,JFU
2.085,2.09,2.085,2.09,500,2021-07-14 14:31:00,JFU
2.08,2.08,2.05,2.0618,57286,2021-07-14 14:32:00,JFU
2.063,2.08,2.063,2.08,1227,2021-07-14 14:33:00,JFU
2.0609,2.0763,2.0609,2.07,4411,2021-07-14 14:34:00,JFU
2.0759,2.0759,2.0614,2.0614,933,2021-07-14 14:35:00,JFU
2.06,2.06,2.04,2.05,11870,2021-07-14 14:36:00,JFU
2.05,2.05,2.04,2.05,5700,2021-07-14 14:37:00,JFU
2.05,2.05,2.045,2.05,4912,2021-07-14 14:38:00,JFU
2.05,2.05,2.05,2.05,2593,2021-07-14 14:39:00,JFU
2.0313,2.0313,2.0313,2.0313,3000,2021-07-14 14:41:00,JFU
2.0301,2.04,2.03,2.04,1700,2021-07-14 14:42:00,JFU
2.04,2.04,2.0221,2.0221,4060,2021-07-14 14:43:00,JFU
2.03,2.03,2.02,2.03,7621,2021-07-14 14:44:00,JFU
2.02,2.03,2.01,2.0101,18366,2021-07-14 14:45:00,JFU
2.01,2.0122,1.98,2.0,76614,2021-07-14 14:47:00,JFU
1.995,2.01,1.995,2.005,4400,2021-07-14 14:48:00,JFU
2.0001,2.0001,1.99,2.0,28437,2021-07-14 14:49:00,JFU
1.9835,1.9917,1.9814,1.9814,2985,2021-07-14 14:51:00,JFU
1.98,1.98,1.98,1.98,7968,2021-07-14 14:52:00,JFU
1.98,1.98,1.98,1.98,3219,2021-07-14 14:54:00,JFU
1.9712,1.98,1.9712,1.98,200,2021-07-14 14:55:00,JFU
1.97,1.97,1.97,1.97,901,2021-07-14 14:56:00,JFU
1.965,1.97,1.96,1.97,11392,2021-07-14 14:57:00,JFU
1.97,1.97,1.9581,1.96,5649,2021-07-14 14:58:00,JFU
1.9521,1.9521,1.9521,1.9521,200,2021-07-14 14:59:00,JFU
1.9522,1.96,1.95,1.951,2516,2021-07-14 15:00:00,JFU
1.951,1.9576,1.95,1.9576,6375,2021-07-14 15:01:00,JFU
1.95,1.95,1.943,1.943,2822,2021-07-14 15:02:00,JFU
1.94,1.9424,1.9373,1.94,12349,2021-07-14 15:03:00,JFU
1.93,1.94,1.93,1.9399,17374,2021-07-14 15:04:00,JFU
1.94,1.94,1.925,1.925,8595,2021-07-14 15:05:00,JFU
1.93,1.94,1.93,1.94,9427,2021-07-14 15:06:00,JFU
1.94,1.94,1.935,1.935,6665,2021-07-14 15:07:00,JFU
1.94,1.94,1.94,1.94,1744,2021-07-14 15:08:00,JFU
1.935,1.94,1.935,1.94,597,2021-07-14 15:09:00,JFU
1.92,1.92,1.92,1.92,160,2021-07-14 15:10:00,JFU
1.923,1.9299,1.923,1.925,1400,2021-07-14 15:11:00,JFU
1.9217,1.9283,1.9143,1.9143,5178,2021-07-14 15:12:00,JFU
1.9176,1.92,1.9,1.92,11055,2021-07-14 15:13:00,JFU
1.9193,1.92,1.9112,1.92,2850,2021-07-14 15:14:00,JFU
1.92,1.92,1.91,1.91,5222,2021-07-14 15:15:00,JFU
1.91,1.92,1.9,1.9099,8400,2021-07-14 15:16:00,JFU
1.9005,1.9005,1.9005,1.9005,7230,2021-07-14 15:17:00,JFU
1.907,1.907,1.907,1.907,1000,2021-07-14 15:18:00,JFU
1.909,1.91,1.909,1.91,3257,2021-07-14 15:19:00,JFU
1.9001,1.9001,1.9001,1.9001,100,2021-07-14 15:20:00,JFU
1.905,1.905,1.9,1.9,14717,2021-07-14 15:21:00,JFU
1.895,1.8994,1.89,1.89,1208,2021-07-14 15:22:00,JFU
1.8901,1.8915,1.87,1.8915,9660,2021-07-14 15:23:00,JFU
1.9,1.9,1.891,1.891,1700,2021-07-14 15:24:00,JFU
1.89,1.89,1.874,1.8889,14478,2021-07-14 15:26:00,JFU
1.8829,1.8894,1.8829,1.8894,6177,2021-07-14 15:27:00,JFU
1.885,1.885,1.87,1.875,10295,2021-07-14 15:28:00,JFU
1.8793,1.88,1.86,1.87,15740,2021-07-14 15:29:00,JFU
1.875,1.88,1.875,1.8785,700,2021-07-14 15:30:00,JFU
1.88,1.8895,1.88,1.8895,9014,2021-07-14 15:31:00,JFU
1.8877,1.8877,1.885,1.885,302,2021-07-14 15:32:00,JFU
1.8899,1.89,1.85,1.854,31696,2021-07-14 15:33:00,JFU
1.865,1.865,1.862,1.862,820,2021-07-14 15:34:00,JFU
1.87,1.87,1.84,1.85,22478,2021-07-14 15:35:00,JFU
1.86,1.86,1.85,1.86,3335,2021-07-14 15:36:00,JFU
1.8511,1.86,1.8511,1.86,1300,2021-07-14 15:37:00,JFU
1.86,1.86,1.86,1.86,1743,2021-07-14 15:38:00,JFU
1.85,1.85,1.8471,1.8471,1066,2021-07-14 15:39:00,JFU
1.849,1.849,1.849,1.849,1000,2021-07-14 15:40:00,JFU
1.84,1.84,1.83,1.84,2008,2021-07-14 15:41:00,JFU
1.83,1.8391,1.83,1.83,6349,2021-07-14 15:42:00,JFU
1.8242,1.83,1.8242,1.83,2306,2021-07-14 15:44:00,JFU
1.8242,1.83,1.8242,1.83,525,2021-07-14 15:45:00,JFU
1.8389,1.8389,1.8323,1.8323,240,2021-07-14 15:46:00,JFU
1.8391,1.8392,1.83,1.8388,1945,2021-07-14 15:47:00,JFU
1.84,1.84,1.839,1.839,1523,2021-07-14 15:48:00,JFU
1.84,1.84,1.83,1.83,1700,2021-07-14 15:49:00,JFU
1.8399,1.84,1.835,1.84,1529,2021-07-14 15:50:00,JFU
1.84,1.85,1.83,1.84,8240,2021-07-14 15:51:00,JFU
1.835,1.8396,1.835,1.8383,3226,2021-07-14 15:52:00,JFU
1.8388,1.85,1.835,1.8395,1375,2021-07-14 15:53:00,JFU
1.84,1.85,1.84,1.85,1364,2021-07-14 15:54:00,JFU
1.8486,1.8486,1.8486,1.8486,1000,2021-07-14 15:55:00,JFU
1.84,1.85,1.84,1.85,21739,2021-07-14 15:56:00,JFU
1.85,1.88,1.8498,1.875,33663,2021-07-14 15:57:00,JFU
1.875,1.89,1.875,1.88,7389,2021-07-14 15:58:00,JFU
1.8799,1.8799,1.8799,1.8799,1000,2021-07-14 15:59:00,JFU
1.88,1.88,1.88,1.88,2000,2021-07-14 16:00:00,JFU
1.876,1.9,1.876,1.9,700,2021-07-14 16:01:00,JFU
1.8738,1.8968,1.8738,1.8968,2659,2021-07-14 16:02:00,JFU
1.9,1.9,1.8982,1.8982,636,2021-07-14 16:03:00,JFU
1.89,1.9,1.89,1.9,3369,2021-07-14 16:04:00,JFU
1.9,1.9264,1.8994,1.92,11199,2021-07-14 16:05:00,JFU
1.93,1.93,1.91,1.9133,2094,2021-07-14 16:06:00,JFU
1.9089,1.91,1.89,1.891,6888,2021-07-14 16:07:00,JFU
1.8901,1.8901,1.8901,1.8901,800,2021-07-14 16:08:00,JFU
1.8999,1.8999,1.8999,1.8999,3000,2021-07-14 16:09:00,JFU
1.8973,1.8973,1.891,1.891,400,2021-07-14 16:11:00,JFU
1.9,1.9,1.8995,1.9,1261,2021-07-14 16:13:00,JFU
1.91,1.91,1.91,1.91,180,2021-07-14 16:17:00,JFU
1.9017,1.9017,1.9017,1.9017,982,2021-07-14 16:19:00,JFU
1.9,1.91,1.9,1.91,2600,2021-07-14 16:20:00,JFU
1.908,1.908,1.908,1.908,2500,2021-07-14 16:21:00,JFU
1.9161,1.9185,1.9161,1.9185,746,2021-07-14 16:22:00,JFU
1.913,1.92,1.91,1.9187,2673,2021-07-14 16:23:00,JFU
1.91,1.91,1.91,1.91,4901,2021-07-14 16:25:00,JFU
1.9199,1.9199,1.9199,1.9199,1547,2021-07-14 16:27:00,JFU
1.9174,1.9174,1.9174,1.9174,1000,2021-07-14 16:28:00,JFU
1.9181,1.9181,1.915,1.915,219,2021-07-14 16:29:00,JFU
1.92,1.92,1.911,1.92,2754,2021-07-14 16:30:00,JFU
1.9191,1.9191,1.9191,1.9191,1062,2021-07-14 16:31:00,JFU
1.911,1.911,1.89,1.89,11999,2021-07-14 16:32:00,JFU
1.9089,1.9089,1.9089,1.9089,200,2021-07-14 16:33:00,JFU
1.9,1.9,1.9,1.9,100,2021-07-14 16:34:00,JFU
1.89,1.8986,1.89,1.8986,6400,2021-07-14 16:36:00,JFU
1.9,1.9,1.89,1.89,589,2021-07-14 16:37:00,JFU
1.8986,1.8986,1.8986,1.8986,373,2021-07-14 16:38:00,JFU
1.8914,1.9,1.89,1.89,2250,2021-07-14 16:39:00,JFU
1.8905,1.8905,1.8905,1.8905,6000,2021-07-14 16:40:00,JFU
1.8984,1.8984,1.8984,1.8984,500,2021-07-14 16:43:00,JFU
1.8984,1.9,1.8916,1.8994,3446,2021-07-14 16:44:00,JFU
1.895,1.895,1.895,1.895,100,2021-07-14 16:45:00,JFU
1.8954,1.8954,1.895,1.895,1856,2021-07-14 16:46:00,JFU
1.895,1.8982,1.895,1.8982,6068,2021-07-14 16:47:00,JFU
1.8989,1.9,1.8973,1.8987,8449,2021-07-14 16:48:00,JFU
1.9,1.91,1.9,1.9025,15857,2021-07-14 16:49:00,JFU
1.905,1.92,1.905,1.915,21142,2021-07-14 16:50:00,JFU
1.92,1.92,1.92,1.92,26904,2021-07-14 16:51:00,JFU
1.92,1.9576,1.92,1.942,28164,2021-07-14 16:52:00,JFU
1.95,1.95,1.94,1.94,500,2021-07-14 16:53:00,JFU
1.945,1.948,1.945,1.948,445,2021-07-14 16:54:00,JFU
1.9479,1.9479,1.9409,1.9409,931,2021-07-14 16:55:00,JFU
1.9488,1.9488,1.9488,1.9488,1040,2021-07-14 16:56:00,JFU
1.9485,1.9485,1.9415,1.9415,857,2021-07-14 16:57:00,JFU
1.9417,1.9417,1.9417,1.9417,100,2021-07-14 16:59:00,JFU
1.9477,1.95,1.9477,1.95,700,2021-07-14 17:01:00,JFU
1.9599,1.9599,1.9599,1.9599,300,2021-07-14 17:02:00,JFU
1.9579,1.9579,1.9579,1.9579,244,2021-07-14 17:03:00,JFU
1.95,1.9583,1.95,1.9583,612,2021-07-14 17:05:00,JFU
1.95,1.95,1.95,1.95,230,2021-07-14 17:06:00,JFU
1.9599,1.9599,1.9599,1.9599,200,2021-07-14 17:08:00,JFU
1.9575,1.9575,1.955,1.955,302,2021-07-14 17:09:00,JFU
1.955,1.955,1.955,1.955,157,2021-07-14 17:10:00,JFU
1.9581,1.9581,1.95,1.9501,5309,2021-07-14 17:11:00,JFU
1.95,1.95,1.95,1.95,5019,2021-07-14 17:12:00,JFU
1.96,1.96,1.9595,1.9595,1116,2021-07-14 17:13:00,JFU
1.9635,1.97,1.9635,1.97,2000,2021-07-14 17:14:00,JFU
1.96,1.96,1.96,1.96,1553,2021-07-14 17:15:00,JFU
1.9682,1.97,1.9682,1.97,700,2021-07-14 17:16:00,JFU
1.9683,1.9683,1.9679,1.9679,759,2021-07-14 17:18:00,JFU
1.9687,1.9687,1.9687,1.9687,546,2021-07-14 17:22:00,JFU
1.9686,1.97,1.9686,1.97,1199,2021-07-14 17:24:00,JFU
1.9686,1.9686,1.9686,1.9686,250,2021-07-14 17:27:00,JFU
1.96,1.96,1.96,1.96,1441,2021-07-14 17:28:00,JFU
1.96,1.96,1.9501,1.9501,1335,2021-07-14 17:30:00,JFU
1.9518,1.9518,1.9518,1.9518,602,2021-07-14 17:33:00,JFU
1.9584,1.9584,1.9584,1.9584,512,2021-07-14 17:35:00,JFU
1.95,1.951,1.9401,1.9402,11346,2021-07-14 17:36:00,JFU
1.9401,1.9403,1.91,1.9104,37195,2021-07-14 17:37:00,JFU
1.91,1.92,1.91,1.92,4135,2021-07-14 17:38:00,JFU
1.9187,1.92,1.91,1.911,5194,2021-07-14 17:39:00,JFU
1.9107,1.9107,1.9107,1.9107,400,2021-07-14 17:40:00,JFU
1.91,1.91,1.9,1.9,1082,2021-07-14 17:43:00,JFU
1.9,1.9,1.9,1.9,100,2021-07-14 17:45:00,JFU
1.89,1.9,1.89,1.9,2900,2021-07-14 17:46:00,JFU
1.9,1.9,1.9,1.9,200,2021-07-14 17:47:00,JFU
1.9,1.9,1.9,1.9,250,2021-07-14 17:48:00,JFU
1.9,1.9,1.9,1.9,423,2021-07-14 17:49:00,JFU
1.8988,1.8988,1.8988,1.8988,100,2021-07-14 17:50:00,JFU
1.9,1.9,1.9,1.9,800,2021-07-14 17:53:00,JFU
1.9,1.9,1.8991,1.8991,248,2021-07-14 17:54:00,JFU
1.89,1.89,1.89,1.89,200,2021-07-14 17:55:00,JFU
1.8991,1.8997,1.89,1.89,5236,2021-07-14 17:58:00,JFU
1.895,1.895,1.895,1.895,300,2021-07-14 17:59:00,JFU
1.8911,1.899,1.8911,1.899,421,2021-07-14 18:02:00,JFU
1.8901,1.898,1.8901,1.898,1200,2021-07-14 18:03:00,JFU
1.8901,1.8901,1.89,1.89,1348,2021-07-14 18:04:00,JFU
1.885,1.89,1.885,1.89,450,2021-07-14 18:05:00,JFU
1.8894,1.8894,1.8894,1.8894,1446,2021-07-14 18:08:00,JFU
1.89,1.8901,1.89,1.8901,1385,2021-07-14 18:15:00,JFU
1.9,1.9,1.891,1.891,1365,2021-07-14 18:16:00,JFU
1.8999,1.8999,1.8999,1.8999,3116,2021-07-14 18:17:00,JFU
1.9,1.9,1.895,1.895,1147,2021-07-14 18:26:00,JFU
1.895,1.895,1.895,1.895,100,2021-07-14 18:27:00,JFU
1.9,1.9,1.8905,1.8905,2764,2021-07-14 18:28:00,JFU
1.8999,1.8999,1.895,1.895,1800,2021-07-14 18:30:00,JFU
1.8976,1.9,1.8976,1.9,2586,2021-07-14 18:31:00,JFU
1.91,1.91,1.9,1.9,2715,2021-07-14 18:32:00,JFU
1.9091,1.9091,1.9091,1.9091,268,2021-07-14 18:34:00,JFU
1.91,1.91,1.905,1.91,4190,2021-07-14 18:35:00,JFU
1.91,1.91,1.9008,1.9008,2738,2021-07-14 18:36:00,JFU
1.905,1.905,1.905,1.905,100,2021-07-14 18:37:00,JFU
1.905,1.905,1.905,1.905,400,2021-07-14 18:41:00,JFU
1.905,1.905,1.9,1.9,5758,2021-07-14 18:42:00,JFU
1.8992,1.9,1.8992,1.9,1450,2021-07-14 18:43:00,JFU
1.9086,1.9086,1.9086,1.9086,524,2021-07-14 18:48:00,JFU
1.91,1.91,1.905,1.91,1467,2021-07-14 18:51:00,JFU
1.92,1.93,1.915,1.93,5106,2021-07-14 18:52:00,JFU
1.93,1.93,1.93,1.93,2199,2021-07-14 18:53:00,JFU
1.925,1.9275,1.925,1.9275,504,2021-07-14 18:55:00,JFU
1.93,1.93,1.93,1.93,4166,2021-07-14 18:57:00,JFU
1.9299,1.9299,1.92,1.92,400,2021-07-14 18:58:00,JFU
1.93,1.93,1.93,1.93,463,2021-07-14 18:59:00,JFU
1.9227,1.9227,1.9227,1.9227,150,2021-07-14 19:04:00,JFU
1.9201,1.9201,1.9201,1.9201,500,2021-07-14 19:11:00,JFU
1.9285,1.9285,1.9285,1.9285,315,2021-07-14 19:12:00,JFU
1.92,1.92,1.92,1.92,300,2021-07-14 19:13:00,JFU
1.9201,1.9201,1.9201,1.9201,180,2021-07-14 19:14:00,JFU
1.93,1.93,1.928,1.928,441,2021-07-14 19:15:00,JFU
1.93,1.93,1.93,1.93,100,2021-07-14 19:16:00,JFU
1.92,1.92,1.92,1.92,1862,2021-07-14 19:18:00,JFU
1.92,1.92,1.92,1.92,6294,2021-07-14 19:21:00,JFU
1.911,1.911,1.911,1.911,100,2021-07-14 19:23:00,JFU
1.91,1.91,1.89,1.9,7170,2021-07-14 19:25:00,JFU
1.9021,1.9021,1.9021,1.9021,115,2021-07-14 19:26:00,JFU
1.9,1.9,1.9,1.9,100,2021-07-14 19:27:00,JFU
1.9,1.9,1.9,1.9,104,2021-07-14 19:28:00,JFU
1.9076,1.9076,1.9076,1.9076,192,2021-07-14 19:30:00,JFU
1.9,1.9,1.9,1.9,200,2021-07-14 19:33:00,JFU
1.9,1.9,1.9,1.9,100,2021-07-14 19:35:00,JFU
1.9092,1.9092,1.9092,1.9092,1809,2021-07-14 19:37:00,JFU
1.9087,1.9087,1.9025,1.9025,1000,2021-07-14 19:38:00,JFU
1.9085,1.9085,1.9001,1.9001,1063,2021-07-14 19:39:00,JFU
1.905,1.905,1.905,1.905,3900,2021-07-14 19:40:00,JFU
1.9014,1.9077,1.9014,1.905,796,2021-07-14 19:41:00,JFU
1.9083,1.9083,1.9083,1.9083,1000,2021-07-14 19:43:00,JFU
1.905,1.91,1.905,1.91,9008,2021-07-14 19:45:00,JFU
1.9075,1.9075,1.9075,1.9075,100,2021-07-14 19:46:00,JFU
1.9009,1.905,1.9009,1.905,320,2021-07-14 19:47:00,JFU
1.9099,1.9099,1.9088,1.9088,5122,2021-07-14 19:48:00,JFU
1.91,1.915,1.905,1.915,1918,2021-07-14 19:49:00,JFU
1.915,1.915,1.91,1.91,1800,2021-07-14 19:50:00,JFU
1.91,1.92,1.91,1.91,3743,2021-07-14 19:51:00,JFU
1.915,1.915,1.915,1.915,300,2021-07-14 19:52:00,JFU
1.915,1.92,1.915,1.915,3672,2021-07-14 19:54:00,JFU
1.9176,1.9176,1.9176,1.9176,100,2021-07-14 19:55:00,JFU
1.91,1.92,1.91,1.92,10974,2021-07-14 19:56:00,JFU
1.915,1.92,1.915,1.92,400,2021-07-14 19:57:00,JFU
1.92,1.93,1.915,1.92,17136,2021-07-14 19:58:00,JFU
1.93,1.93,1.91,1.9194,9932,2021-07-14 19:59:00,JFU
1.92,1.92,1.92,1.92,7822,2021-07-14 20:00:00,JFU
1.91,1.91,1.91,1.91,100,2021-07-14 20:02:00,JFU
1.91,1.91,1.91,1.91,509,2021-07-14 20:44:00,JFU
1.88,1.88,1.88,1.88,200,2021-07-15 11:55:00,JFU
1.87,1.87,1.86,1.86,200,2021-07-15 12:07:00,JFU
1.9,1.9,1.9,1.9,145,2021-07-15 12:35:00,JFU
1.88,1.88,1.88,1.88,500,2021-07-15 13:21:00,JFU
1.88,1.8872,1.88,1.8872,5346,2021-07-15 13:30:00,JFU
1.9106,1.9106,1.8844,1.8844,1724,2021-07-15 13:31:00,JFU
1.9,1.9135,1.9,1.9135,7999,2021-07-15 13:32:00,JFU
1.9128,1.9128,1.89,1.89,1725,2021-07-15 13:33:00,JFU
1.92,1.92,1.905,1.905,850,2021-07-15 13:34:00,JFU
1.92,1.92,1.92,1.92,300,2021-07-15 13:35:00,JFU
1.9127,1.9127,1.9,1.9,1699,2021-07-15 13:36:00,JFU
1.9084,1.9084,1.9084,1.9084,150,2021-07-15 13:37:00,JFU
1.9084,1.9084,1.9084,1.9084,200,2021-07-15 13:38:00,JFU
1.901,1.901,1.89,1.89,1138,2021-07-15 13:39:00,JFU
1.8904,1.8904,1.8904,1.8904,1031,2021-07-15 13:40:00,JFU
1.9,1.9,1.895,1.895,238,2021-07-15 13:41:00,JFU
1.9094,1.9094,1.9094,1.9094,1049,2021-07-15 13:43:00,JFU
1.91,1.91,1.905,1.905,1031,2021-07-15 13:44:00,JFU
1.902,1.902,1.902,1.902,200,2021-07-15 13:45:00,JFU
1.91,1.91,1.905,1.91,438,2021-07-15 13:47:00,JFU
1.9109,1.9109,1.9109,1.9109,616,2021-07-15 13:48:00,JFU
1.92,1.9244,1.92,1.9244,4900,2021-07-15 13:50:00,JFU
1.9353,1.9353,1.9353,1.9353,148,2021-07-15 13:51:00,JFU
1.92,1.9228,1.92,1.921,500,2021-07-15 13:52:00,JFU
1.9374,1.9374,1.9374,1.9374,500,2021-07-15 13:54:00,JFU
1.9291,1.9291,1.9291,1.9291,102,2021-07-15 13:55:00,JFU
1.94,1.94,1.94,1.94,1378,2021-07-15 13:56:00,JFU
1.9485,1.9485,1.9485,1.9485,257,2021-07-15 13:57:00,JFU
1.945,1.945,1.945,1.945,100,2021-07-15 13:58:00,JFU
1.9488,1.97,1.9488,1.97,1938,2021-07-15 13:59:00,JFU
1.965,1.98,1.965,1.98,965,2021-07-15 14:00:00,JFU
1.985,2.0,1.985,1.9995,5391,2021-07-15 14:01:00,JFU
2.0,2.0017,2.0,2.0017,365,2021-07-15 14:02:00,JFU
2.01,2.01,1.99,2.0,18295,2021-07-15 14:03:00,JFU
2.008,2.008,1.99,1.995,1249,2021-07-15 14:04:00,JFU
1.9914,1.9914,1.99,1.99,1072,2021-07-15 14:05:00,JFU
1.9811,1.9811,1.975,1.975,600,2021-07-15 14:06:00,JFU
1.965,1.97,1.965,1.97,200,2021-07-15 14:07:00,JFU
1.9632,1.965,1.95,1.96,4489,2021-07-15 14:08:00,JFU
1.97,1.97,1.97,1.97,557,2021-07-15 14:09:00,JFU
1.9715,1.9715,1.9715,1.9715,500,2021-07-15 14:10:00,JFU
1.97,1.97,1.97,1.97,200,2021-07-15 14:12:00,JFU
1.98,1.98,1.9725,1.98,771,2021-07-15 14:16:00,JFU
1.9876,1.9876,1.9876,1.9876,100,2021-07-15 14:17:00,JFU
1.985,1.9877,1.9817,1.9877,1475,2021-07-15 14:19:00,JFU
1.98,1.98,1.9617,1.9617,2801,2021-07-15 14:21:00,JFU
1.9601,1.9601,1.9601,1.9601,180,2021-07-15 14:22:00,JFU
1.9613,1.97,1.9613,1.97,700,2021-07-15 14:23:00,JFU
1.9782,1.9782,1.9782,1.9782,124,2021-07-15 14:26:00,JFU
1.971,1.971,1.971,1.971,543,2021-07-15 14:27:00,JFU
1.975,1.975,1.975,1.975,354,2021-07-15 14:28:00,JFU
1.97,1.97,1.9561,1.9561,7100,2021-07-15 14:29:00,JFU
1.9501,1.9501,1.95,1.95,885,2021-07-15 14:30:00,JFU
1.95,1.9511,1.95,1.9511,1432,2021-07-15 14:32:00,JFU
1.95,1.95,1.95,1.95,100,2021-07-15 14:34:00,JFU
1.94,1.9404,1.94,1.9404,765,2021-07-15 14:35:00,JFU
1.945,1.945,1.945,1.945,262,2021-07-15 14:36:00,JFU
1.94,1.94,1.94,1.94,200,2021-07-15 14:37:00,JFU
1.935,1.935,1.935,1.935,276,2021-07-15 14:38:00,JFU
1.9418,1.9418,1.94,1.94,1800,2021-07-15 14:39:00,JFU
1.95,1.95,1.945,1.95,1638,2021-07-15 14:40:00,JFU
1.95,1.9591,1.95,1.9591,1673,2021-07-15 14:41:00,JFU
1.95,1.95,1.95,1.95,300,2021-07-15 14:44:00,JFU
1.9423,1.9423,1.9423,1.9423,1004,2021-07-15 14:45:00,JFU
1.95,1.96,1.95,1.96,4831,2021-07-15 14:46:00,JFU
1.9581,1.9581,1.9581,1.9581,100,2021-07-15 14:47:00,JFU
1.9501,1.9501,1.9501,1.9501,429,2021-07-15 14:52:00,JFU
1.96,1.96,1.96,1.96,1254,2021-07-15 14:56:00,JFU
1.9676,1.9676,1.9676,1.9676,200,2021-07-15 14:58:00,JFU
1.9623,1.9623,1.9623,1.9623,190,2021-07-15 15:00:00,JFU
1.962,1.962,1.962,1.962,514,2021-07-15 15:02:00,JFU
1.96,1.96,1.96,1.96,1000,2021-07-15 15:04:00,JFU
1.97,1.97,1.97,1.97,800,2021-07-15 15:05:00,JFU
1.96,1.96,1.96,1.96,100,2021-07-15 15:11:00,JFU
1.97,1.98,1.965,1.98,5748,2021-07-15 15:16:00,JFU
1.99,2.01,1.99,2.01,807,2021-07-15 15:17:00,JFU
2.0079,2.0079,2.0,2.0,620,2021-07-15 15:21:00,JFU
2.01,2.01,2.01,2.01,750,2021-07-15 15:22:00,JFU
2.0011,2.0011,2.0011,2.0011,521,2021-07-15 15:27:00,JFU
2.005,2.005,2.005,2.005,500,2021-07-15 15:29:00,JFU
2.01,2.02,2.01,2.02,2403,2021-07-15 15:32:00,JFU
2.01,2.01,2.01,2.01,100,2021-07-15 15:33:00,JFU
2.02,2.02,2.02,2.02,100,2021-07-15 15:35:00,JFU
2.0101,2.0101,2.01,2.01,3700,2021-07-15 15:36:00,JFU
2.015,2.02,2.015,2.02,874,2021-07-15 15:37:00,JFU
2.0123,2.0123,2.0123,2.0123,220,2021-07-15 15:38:00,JFU
2.0118,2.0118,2.0118,2.0118,522,2021-07-15 15:40:00,JFU
2.02,2.02,2.02,2.02,100,2021-07-15 15:43:00,JFU
2.02,2.0237,2.0196,2.0237,3892,2021-07-15 15:44:00,JFU
2.01,2.0102,2.01,2.0102,5943,2021-07-15 15:45:00,JFU
2.0119,2.0119,2.0119,2.0119,110,2021-07-15 15:54:00,JFU
2.0113,2.012,2.0113,2.012,611,2021-07-15 15:55:00,JFU
2.01,2.01,2.01,2.01,100,2021-07-15 16:00:00,JFU
2.01,2.01,2.01,2.01,873,2021-07-15 16:01:00,JFU
2.01,2.0158,2.01,2.0158,1200,2021-07-15 16:03:00,JFU
2.01,2.01,2.01,2.01,1543,2021-07-15 16:09:00,JFU
2.0,2.0,2.0,2.0,103,2021-07-15 16:11:00,JFU
2.005,2.005,2.005,2.005,100,2021-07-15 16:13:00,JFU
2.0,2.0,2.0,2.0,100,2021-07-15 16:14:00,JFU
2.002,2.002,2.002,2.002,245,2021-07-15 16:20:00,JFU
2.0024,2.0024,2.0024,2.0024,200,2021-07-15 16:21:00,JFU
2.0,2.0,2.0,2.0,10000,2021-07-15 16:22:00,JFU
2.005,2.005,2.005,2.005,300,2021-07-15 16:24:00,JFU
2.0087,2.0087,2.0087,2.0087,848,2021-07-15 16:29:00,JFU
2.01,2.01,2.01,2.01,200,2021-07-15 16:30:00,JFU
2.0,2.0,2.0,2.0,519,2021-07-15 16:35:00,JFU
2.005,2.005,2.005,2.005,200,2021-07-15 16:37:00,JFU
2.005,2.005,2.0008,2.0008,2551,2021-07-15 16:43:00,JFU
2.0078,2.0078,2.0078,2.0078,250,2021-07-15 16:44:00,JFU
2.0099,2.0099,2.0099,2.0099,100,2021-07-15 16:50:00,JFU
2.0,2.01,1.995,2.01,13353,2021-07-15 16:51:00,JFU
2.01,2.01,2.01,2.01,4014,2021-07-15 16:52:00,JFU
2.02,2.03,2.02,2.03,1900,2021-07-15 16:53:00,JFU
2.0283,2.0283,2.0283,2.0283,108,2021-07-15 16:55:00,JFU
2.03,2.03,2.03,2.03,500,2021-07-15 16:58:00,JFU
2.0368,2.0368,2.0368,2.0368,197,2021-07-15 17:00:00,JFU
2.04,2.04,2.04,2.04,344,2021-07-15 17:01:00,JFU
2.04,2.04,2.04,2.04,275,2021-07-15 17:02:00,JFU
2.028,2.028,2.0243,2.0243,1108,2021-07-15 17:07:00,JFU
2.03,2.03,2.02,2.02,4126,2021-07-15 17:12:00,JFU
2.0201,2.0201,2.0201,2.0201,1000,2021-07-15 17:13:00,JFU
2.02,2.02,2.02,2.02,1428,2021-07-15 17:14:00,JFU
2.0118,2.012,2.0118,2.012,2000,2021-07-15 17:18:00,JFU
2.01,2.02,2.01,2.02,8187,2021-07-15 17:19:00,JFU
2.0186,2.0186,2.0186,2.0186,248,2021-07-15 17:20:00,JFU
2.015,2.015,2.015,2.015,300,2021-07-15 17:21:00,JFU
2.015,2.02,2.015,2.02,300,2021-07-15 17:22:00,JFU
2.0299,2.0299,2.0299,2.0299,2250,2021-07-15 17:23:00,JFU
2.0299,2.03,2.025,2.03,8106,2021-07-15 17:25:00,JFU
2.0208,2.0208,2.0208,2.0208,700,2021-07-15 17:27:00,JFU
2.0203,2.0203,2.0202,2.0202,1400,2021-07-15 17:28:00,JFU
2.02,2.02,2.02,2.02,1100,2021-07-15 17:29:00,JFU
2.0121,2.0121,2.0121,2.0121,150,2021-07-15 17:32:00,JFU
2.0193,2.02,2.0193,2.02,1836,2021-07-15 17:35:00,JFU
2.02,2.02,2.02,2.02,400,2021-07-15 17:36:00,JFU
2.0269,2.0269,2.0269,2.0269,400,2021-07-15 17:40:00,JFU
2.0127,2.0127,2.0127,2.0127,495,2021-07-15 17:42:00,JFU
2.01,2.01,2.01,2.01,3085,2021-07-15 17:46:00,JFU
2.01,2.01,2.01,2.01,100,2021-07-15 17:50:00,JFU
2.0008,2.005,2.0008,2.0009,3409,2021-07-15 17:52:00,JFU
2.005,2.005,2.005,2.005,500,2021-07-15 17:56:00,JFU
2.005,2.005,2.005,2.005,500,2021-07-15 17:57:00,JFU
2.01,2.01,2.005,2.01,2238,2021-07-15 17:59:00,JFU
2.01,2.015,2.01,2.015,1763,2021-07-15 18:00:00,JFU
2.015,2.015,2.015,2.015,202,2021-07-15 18:01:00,JFU
2.015,2.015,2.015,2.015,100,2021-07-15 18:02:00,JFU
2.015,2.015,2.015,2.015,300,2021-07-15 18:10:00,JFU
2.02,2.02,2.02,2.02,100,2021-07-15 18:11:00,JFU
2.0112,2.0112,2.0112,2.0112,500,2021-07-15 18:16:00,JFU
2.01,2.01,2.01,2.01,1100,2021-07-15 18:18:00,JFU
2.015,2.015,2.015,2.015,100,2021-07-15 18:21:00,JFU
2.0116,2.0116,2.0116,2.0116,100,2021-07-15 18:22:00,JFU
2.011,2.015,2.01,2.01,2600,2021-07-15 18:27:00,JFU
2.015,2.03,2.015,2.03,5692,2021-07-15 18:29:00,JFU
2.04,2.04,2.04,2.04,902,2021-07-15 18:30:00,JFU
2.04,2.04,2.04,2.04,300,2021-07-15 18:33:00,JFU
2.0447,2.0447,2.0447,2.0447,703,2021-07-15 18:34:00,JFU
2.0579,2.0579,2.0579,2.0579,198,2021-07-15 18:35:00,JFU
2.0599,2.0599,2.0599,2.0599,2429,2021-07-15 18:37:00,JFU
2.0599,2.0599,2.0599,2.0599,2427,2021-07-15 18:38:00,JFU
2.0501,2.0501,2.0501,2.0501,1600,2021-07-15 18:39:00,JFU
2.0501,2.0501,2.0501,2.0501,4856,2021-07-15 18:42:00,JFU
2.055,2.06,2.055,2.055,600,2021-07-15 18:43:00,JFU
2.055,2.06,2.055,2.06,600,2021-07-15 18:44:00,JFU
2.059,2.059,2.059,2.059,487,2021-07-15 18:45:00,JFU
2.06,2.06,2.06,2.06,300,2021-07-15 18:47:00,JFU
2.06,2.06,2.06,2.06,1000,2021-07-15 18:48:00,JFU
2.055,2.055,2.055,2.055,100,2021-07-15 18:49:00,JFU
2.06,2.06,2.06,2.06,4571,2021-07-15 18:51:00,JFU
2.05,2.05,2.05,2.05,1200,2021-07-15 18:52:00,JFU
2.05,2.055,2.05,2.055,2071,2021-07-15 18:54:00,JFU
2.0553,2.0553,2.0553,2.0553,435,2021-07-15 18:57:00,JFU
2.06,2.06,2.0573,2.06,1070,2021-07-15 18:59:00,JFU
2.05,2.055,2.05,2.055,468,2021-07-15 19:02:00,JFU
2.06,2.06,2.06,2.06,300,2021-07-15 19:06:00,JFU
2.05,2.0501,2.05,2.05,8200,2021-07-15 19:11:00,JFU
2.05,2.05,2.05,2.05,1911,2021-07-15 19:12:00,JFU
2.05,2.05,2.045,2.045,700,2021-07-15 19:17:00,JFU
2.05,2.05,2.05,2.05,333,2021-07-15 19:18:00,JFU
2.045,2.0469,2.045,2.0469,1223,2021-07-15 19:19:00,JFU
2.0401,2.0401,2.0401,2.0401,300,2021-07-15 19:20:00,JFU
2.04,2.04,2.04,2.04,530,2021-07-15 19:21:00,JFU
2.05,2.05,2.05,2.05,205,2021-07-15 19:25:00,JFU
2.0413,2.0413,2.0413,2.0413,124,2021-07-15 19:28:00,JFU
2.045,2.045,2.045,2.045,100,2021-07-15 19:29:00,JFU
2.045,2.05,2.0423,2.05,4293,2021-07-15 19:35:00,JFU
2.05,2.05,2.05,2.05,100,2021-07-15 19:44:00,JFU
2.05,2.05,2.045,2.05,5614,2021-07-15 19:45:00,JFU
2.05,2.05,2.05,2.05,200,2021-07-15 19:46:00,JFU
2.05,2.05,2.05,2.05,100,2021-07-15 19:47:00,JFU
2.05,2.05,2.05,2.05,200,2021-07-15 19:48:00,JFU
2.05,2.05,2.04,2.04,2245,2021-07-15 19:49:00,JFU
2.0401,2.0401,2.0401,2.0401,1000,2021-07-15 19:50:00,JFU
2.0412,2.042,2.04,2.04,1419,2021-07-15 19:51:00,JFU
2.0412,2.0412,2.04,2.04,2300,2021-07-15 19:52:00,JFU
2.04,2.04,2.035,2.04,300,2021-07-15 19:53:00,JFU
2.04,2.04,2.04,2.04,100,2021-07-15 19:54:00,JFU
2.04,2.0417,2.03,2.03,12225,2021-07-15 19:55:00,JFU
2.0303,2.031,2.0,2.01,79034,2021-07-15 19:56:00,JFU
2.009,2.01,2.005,2.01,21208,2021-07-15 19:57:00,JFU
2.015,2.02,2.01,2.015,6205,2021-07-15 19:58:00,JFU
2.015,2.02,2.01,2.02,3952,2021-07-15 19:59:00,JFU
2.01,2.01,2.01,2.01,2043,2021-07-15 20:00:00,JFU
1.89,1.89,1.89,1.89,299,2021-07-15 23:27:00,JFU
2.0,2.0,2.0,2.0,100,2021-07-16 12:47:00,JFU
2.01,2.015,1.9939,2.015,3504,2021-07-16 13:30:00,JFU
2.005,2.005,2.005,2.005,498,2021-07-16 13:32:00,JFU
2.0,2.0,1.9901,1.9901,1100,2021-07-16 13:33:00,JFU
1.9901,1.9901,1.9901,1.9901,4800,2021-07-16 13:34:00,JFU
1.9824,1.9824,1.9824,1.9824,165,2021-07-16 13:35:00,JFU
1.98,1.99,1.98,1.99,3755,2021-07-16 13:36:00,JFU
1.98,1.9816,1.97,1.9701,800,2021-07-16 13:38:00,JFU
1.97,1.9717,1.94,1.95,13459,2021-07-16 13:39:00,JFU
1.93,1.95,1.93,1.93,1239,2021-07-16 13:40:00,JFU
1.93,1.9493,1.92,1.94,6903,2021-07-16 13:41:00,JFU
1.9389,1.9389,1.9314,1.9314,517,2021-07-16 13:42:00,JFU
1.9316,1.9316,1.93,1.93,550,2021-07-16 13:44:00,JFU
1.93,1.93,1.9275,1.93,2100,2021-07-16 13:45:00,JFU
1.935,1.935,1.935,1.935,256,2021-07-16 13:47:00,JFU
1.925,1.925,1.925,1.925,100,2021-07-16 13:54:00,JFU
1.93,1.93,1.93,1.93,520,2021-07-16 13:55:00,JFU
1.9391,1.9391,1.9391,1.9391,1000,2021-07-16 13:56:00,JFU
1.93,1.9392,1.93,1.9392,3462,2021-07-16 13:57:00,JFU
1.935,1.935,1.935,1.935,1500,2021-07-16 13:58:00,JFU
1.93,1.93,1.93,1.93,100,2021-07-16 13:59:00,JFU
1.93,1.93,1.93,1.93,100,2021-07-16 14:00:00,JFU
1.93,1.93,1.93,1.93,1995,2021-07-16 14:01:00,JFU
1.92,1.92,1.9,1.9,28645,2021-07-16 14:03:00,JFU
1.9199,1.9199,1.9199,1.9199,1000,2021-07-16 14:04:00,JFU
1.9,1.91,1.9,1.91,2968,2021-07-16 14:09:00,JFU
1.9,1.9,1.9,1.9,400,2021-07-16 14:10:00,JFU
1.9,1.9,1.9,1.9,400,2021-07-16 14:12:00,JFU
1.9,1.9,1.9,1.9,802,2021-07-16 14:13:00,JFU
1.9,1.91,1.9,1.9,1900,2021-07-16 14:14:00,JFU
1.9,1.905,1.9,1.905,1400,2021-07-16 14:15:00,JFU
1.9,1.9001,1.9,1.9,900,2021-07-16 14:16:00,JFU
1.9,1.9,1.9,1.9,5875,2021-07-16 14:17:00,JFU
1.89,1.89,1.88,1.8875,4546,2021-07-16 14:18:00,JFU
1.88,1.8864,1.88,1.885,2665,2021-07-16 14:19:00,JFU
1.88,1.88,1.88,1.88,200,2021-07-16 14:20:00,JFU
1.88,1.88,1.88,1.88,200,2021-07-16 14:21:00,JFU
1.88,1.8882,1.88,1.8882,259,2021-07-16 14:23:00,JFU
1.88,1.8883,1.88,1.8804,2205,2021-07-16 14:24:00,JFU
1.8817,1.89,1.88,1.885,2200,2021-07-16 14:25:00,JFU
1.89,1.8976,1.89,1.8976,4179,2021-07-16 14:27:00,JFU
1.9,1.9,1.9,1.9,1000,2021-07-16 14:28:00,JFU
1.9,1.91,1.9,1.91,2089,2021-07-16 14:30:00,JFU
1.91,1.91,1.91,1.91,200,2021-07-16 14:31:00,JFU
1.92,1.94,1.92,1.94,8206,2021-07-16 14:32:00,JFU
1.93,1.9317,1.93,1.9317,600,2021-07-16 14:33:00,JFU
1.94,1.94,1.9301,1.9301,4270,2021-07-16 14:35:00,JFU
1.93,1.93,1.93,1.93,200,2021-07-16 14:39:00,JFU
1.93,1.93,1.93,1.93,100,2021-07-16 14:40:00,JFU
1.93,1.93,1.93,1.93,100,2021-07-16 14:41:00,JFU
1.93,1.93,1.93,1.93,100,2021-07-16 14:42:00,JFU
1.93,1.93,1.93,1.93,100,2021-07-16 14:43:00,JFU
1.93,1.93,1.93,1.93,100,2021-07-16 14:49:00,JFU
1.935,1.94,1.935,1.94,3361,2021-07-16 14:52:00,JFU
1.9383,1.9383,1.9383,1.9383,1875,2021-07-16 14:53:00,JFU
1.94,1.94,1.94,1.94,1747,2021-07-16 14:55:00,JFU
1.94,1.965,1.94,1.96,25204,2021-07-16 14:56:00,JFU
1.96,1.96,1.96,1.96,40124,2021-07-16 14:58:00,JFU
1.95,1.95,1.94,1.94,400,2021-07-16 15:02:00,JFU
1.94,1.94,1.93,1.93,200,2021-07-16 15:03:00,JFU
1.93,1.93,1.93,1.93,500,2021-07-16 15:04:00,JFU
1.9284,1.9284,1.92,1.92,570,2021-07-16 15:05:00,JFU
1.92,1.92,1.92,1.92,600,2021-07-16 15:06:00,JFU
1.93,1.932,1.93,1.932,2700,2021-07-16 15:07:00,JFU
1.93,1.93,1.93,1.93,200,2021-07-16 15:15:00,JFU
1.94,1.94,1.94,1.94,1000,2021-07-16 15:16:00,JFU
1.93,1.93,1.93,1.93,100,2021-07-16 15:18:00,JFU
1.93,1.93,1.93,1.93,100,2021-07-16 15:19:00,JFU
1.93,1.935,1.93,1.935,203,2021-07-16 15:20:00,JFU
1.94,1.94,1.94,1.94,1599,2021-07-16 15:21:00,JFU
1.94,1.94,1.94,1.94,600,2021-07-16 15:28:00,JFU
1.94,1.94,1.94,1.94,400,2021-07-16 15:36:00,JFU
1.94,1.94,1.94,1.94,105,2021-07-16 15:39:00,JFU
1.9321,1.9321,1.9321,1.9321,187,2021-07-16 15:40:00,JFU
1.94,1.94,1.94,1.94,500,2021-07-16 15:43:00,JFU
1.95,1.95,1.95,1.95,1803,2021-07-16 15:51:00,JFU
1.95,1.96,1.95,1.96,3470,2021-07-16 15:52:00,JFU
1.9676,1.9676,1.9676,1.9676,508,2021-07-16 15:57:00,JFU
1.96,1.97,1.96,1.97,1100,2021-07-16 15:59:00,JFU
1.97,1.97,1.97,1.97,100,2021-07-16 16:02:00,JFU
1.96,1.96,1.96,1.96,300,2021-07-16 16:28:00,JFU
1.97,1.97,1.97,1.97,200,2021-07-16 16:39:00,JFU
1.9616,1.9616,1.9616,1.9616,264,2021-07-16 16:43:00,JFU
1.9607,1.97,1.9607,1.97,1853,2021-07-16 16:45:00,JFU
1.9782,1.9782,1.9782,1.9782,200,2021-07-16 16:53:00,JFU
1.97,1.97,1.97,1.97,1300,2021-07-16 16:54:00,JFU
1.97,1.97,1.97,1.97,100,2021-07-16 16:55:00,JFU
1.9773,1.9773,1.9773,1.9773,100,2021-07-16 16:57:00,JFU
1.98,1.98,1.98,1.98,600,2021-07-16 16:58:00,JFU
1.98,1.98,1.98,1.98,512,2021-07-16 17:04:00,JFU
1.98,1.98,1.98,1.98,1400,2021-07-16 17:07:00,JFU
1.98,1.98,1.98,1.98,100,2021-07-16 17:09:00,JFU
1.98,1.98,1.98,1.98,1746,2021-07-16 17:12:00,JFU
1.98,1.98,1.98,1.98,210,2021-07-16 17:14:00,JFU
1.99,1.99,1.99,1.99,2360,2021-07-16 17:15:00,JFU
1.98,1.98,1.98,1.98,1456,2021-07-16 17:20:00,JFU
1.9808,1.9808,1.9808,1.9808,1500,2021-07-16 17:21:00,JFU
1.98,1.98,1.98,1.98,100,2021-07-16 17:23:00,JFU
1.9878,1.9878,1.9878,1.9878,200,2021-07-16 17:26:00,JFU
1.98,1.98,1.98,1.98,100,2021-07-16 17:27:00,JFU
1.99,1.99,1.99,1.99,192,2021-07-16 17:28:00,JFU
1.98,1.98,1.98,1.98,100,2021-07-16 17:30:00,JFU
1.99,1.99,1.99,1.99,111,2021-07-16 17:32:00,JFU
1.985,1.985,1.985,1.985,157,2021-07-16 17:35:00,JFU
1.99,1.99,1.99,1.99,697,2021-07-16 17:39:00,JFU
1.9899,1.9899,1.9899,1.9899,170,2021-07-16 17:40:00,JFU
1.99,1.99,1.99,1.99,500,2021-07-16 17:42:00,JFU
1.98,1.98,1.98,1.98,500,2021-07-16 17:44:00,JFU
1.9801,1.9801,1.9801,1.9801,170,2021-07-16 17:46:00,JFU
1.98,1.98,1.98,1.98,100,2021-07-16 17:47:00,JFU
1.99,1.99,1.99,1.99,270,2021-07-16 17:53:00,JFU
1.9805,1.9805,1.9805,1.9805,528,2021-07-16 17:54:00,JFU
1.9808,1.99,1.9808,1.99,6369,2021-07-16 18:00:00,JFU
1.98,1.98,1.97,1.9705,8532,2021-07-16 18:09:00,JFU
1.97,1.97,1.97,1.97,100,2021-07-16 18:12:00,JFU
1.98,1.98,1.98,1.98,2269,2021-07-16 18:14:00,JFU
1.97,1.97,1.97,1.97,100,2021-07-16 18:15:00,JFU
1.97,1.9723,1.97,1.9723,280,2021-07-16 18:18:00,JFU
1.97,1.9721,1.97,1.9721,350,2021-07-16 18:21:00,JFU
1.97,1.97,1.97,1.97,100,2021-07-16 18:24:00,JFU
1.9799,1.9799,1.9799,1.9799,150,2021-07-16 18:27:00,JFU
1.97,1.97,1.97,1.97,100,2021-07-16 18:29:00,JFU
1.97,1.98,1.97,1.98,300,2021-07-16 18:31:00,JFU
1.97,1.97,1.97,1.97,100,2021-07-16 18:32:00,JFU
1.97,1.97,1.97,1.97,100,2021-07-16 18:33:00,JFU
1.97,1.97,1.97,1.97,100,2021-07-16 18:34:00,JFU
1.975,1.975,1.97,1.97,200,2021-07-16 18:35:00,JFU
1.97,1.97,1.97,1.97,100,2021-07-16 18:37:00,JFU
1.97,1.97,1.97,1.97,348,2021-07-16 18:38:00,JFU
1.97,1.97,1.97,1.97,200,2021-07-16 18:39:00,JFU
1.97,1.97,1.97,1.97,100,2021-07-16 18:41:00,JFU
1.97,1.97,1.97,1.97,1998,2021-07-16 18:45:00,JFU
1.97,1.97,1.97,1.97,100,2021-07-16 18:46:00,JFU
1.9716,1.9716,1.9716,1.9716,179,2021-07-16 18:52:00,JFU
1.97,1.97,1.97,1.97,500,2021-07-16 18:54:00,JFU
1.97,1.97,1.97,1.97,3854,2021-07-16 18:58:00,JFU
1.96,1.97,1.96,1.97,3441,2021-07-16 19:00:00,JFU
1.97,1.97,1.97,1.97,5400,2021-07-16 19:01:00,JFU
1.96,1.96,1.96,1.96,600,2021-07-16 19:02:00,JFU
1.96,1.96,1.96,1.96,100,2021-07-16 19:05:00,JFU
1.97,1.97,1.97,1.97,2773,2021-07-16 19:06:00,JFU
1.97,1.98,1.97,1.98,1937,2021-07-16 19:09:00,JFU
1.97,1.97,1.97,1.97,1527,2021-07-16 19:10:00,JFU
1.98,1.98,1.98,1.98,506,2021-07-16 19:11:00,JFU
1.9701,1.9701,1.9701,1.9701,2209,2021-07-16 19:16:00,JFU
1.97,1.97,1.97,1.97,100,2021-07-16 19:18:00,JFU
1.97,1.97,1.97,1.97,100,2021-07-16 19:19:00,JFU
1.97,1.97,1.97,1.97,200,2021-07-16 19:20:00,JFU
1.97,1.97,1.97,1.97,100,2021-07-16 19:21:00,JFU
1.97,1.9781,1.97,1.9781,201,2021-07-16 19:22:00,JFU
1.97,1.97,1.97,1.97,100,2021-07-16 19:23:00,JFU
1.97,1.97,1.97,1.97,550,2021-07-16 19:25:00,JFU
1.97,1.99,1.97,1.99,4224,2021-07-16 19:28:00,JFU
1.98,1.98,1.98,1.98,100,2021-07-16 19:35:00,JFU
1.99,1.99,1.99,1.99,133,2021-07-16 19:36:00,JFU
1.98,1.98,1.98,1.98,200,2021-07-16 19:43:00,JFU
1.9881,1.9881,1.9881,1.9881,101,2021-07-16 19:46:00,JFU
1.985,1.985,1.985,1.985,300,2021-07-16 19:48:00,JFU
1.98,1.98,1.98,1.98,100,2021-07-16 19:49:00,JFU
1.98,1.99,1.98,1.98,1951,2021-07-16 19:50:00,JFU
1.97,1.97,1.97,1.97,100,2021-07-16 19:51:00,JFU
1.97,1.97,1.97,1.97,267,2021-07-16 19:52:00,JFU
1.9701,1.9701,1.9701,1.9701,1000,2021-07-16 19:53:00,JFU
1.975,1.975,1.975,1.975,215,2021-07-16 19:55:00,JFU
1.98,1.98,1.98,1.98,2300,2021-07-16 19:56:00,JFU
1.975,1.99,1.975,1.99,3278,2021-07-16 19:57:00,JFU
2.0,2.0,2.0,2.0,9871,2021-07-16 19:58:00,JFU
2.0077,2.01,2.0,2.01,1570,2021-07-16 19:59:00,JFU
1.99,1.99,1.99,1.99,345,2021-07-16 20:00:00,JFU
1.99,1.99,1.99,1.99,1629,2021-07-16 20:42:00,JFU
1.81,1.81,1.81,1.81,1025,2021-07-19 08:20:00,JFU
1.89,1.89,1.89,1.89,100,2021-07-19 12:01:00,JFU
1.89,1.89,1.89,1.89,100,2021-07-19 12:58:00,JFU
1.89,1.89,1.89,1.89,100,2021-07-19 13:01:00,JFU
1.9,1.9,1.9,1.9,130,2021-07-19 13:18:00,JFU
1.91,1.9822,1.88,1.94,10532,2021-07-19 13:30:00,JFU
1.93,1.95,1.9,1.91,36335,2021-07-19 13:31:00,JFU
1.94,1.9846,1.94,1.9846,33207,2021-07-19 13:32:00,JFU
1.98,1.99,1.95,1.99,30368,2021-07-19 13:33:00,JFU
1.9704,1.972,1.96,1.97,2752,2021-07-19 13:34:00,JFU
1.98,1.9904,1.98,1.98,41154,2021-07-19 13:35:00,JFU
1.98,2.0,1.98,2.0,5715,2021-07-19 13:37:00,JFU
2.01,2.01,1.99,2.0,30350,2021-07-19 13:38:00,JFU
1.96,1.9601,1.955,1.96,2338,2021-07-19 13:40:00,JFU
1.9524,1.96,1.95,1.96,26862,2021-07-19 13:41:00,JFU
1.96,1.96,1.96,1.96,1749,2021-07-19 13:42:00,JFU
1.95,1.95,1.95,1.95,5100,2021-07-19 13:43:00,JFU
1.95,1.95,1.95,1.95,3200,2021-07-19 13:44:00,JFU
1.95,1.96,1.95,1.96,5700,2021-07-19 13:45:00,JFU
1.96,1.96,1.96,1.96,8000,2021-07-19 13:46:00,JFU
1.96,1.96,1.96,1.96,1484,2021-07-19 13:48:00,JFU
1.96,1.96,1.95,1.95,1310,2021-07-19 13:49:00,JFU
1.95,1.955,1.95,1.955,5660,2021-07-19 13:50:00,JFU
1.95,1.955,1.945,1.955,4400,2021-07-19 13:51:00,JFU
1.95,1.95,1.95,1.95,3100,2021-07-19 13:53:00,JFU
1.95,1.955,1.95,1.955,496,2021-07-19 13:54:00,JFU
1.95,1.955,1.95,1.955,2700,2021-07-19 13:56:00,JFU
1.95,1.95,1.95,1.95,769,2021-07-19 13:57:00,JFU
1.95,1.955,1.95,1.955,1100,2021-07-19 13:59:00,JFU
1.95,1.96,1.95,1.95,2200,2021-07-19 14:01:00,JFU
1.95,1.95,1.95,1.95,900,2021-07-19 14:02:00,JFU
1.95,1.9501,1.95,1.9501,2772,2021-07-19 14:03:00,JFU
1.95,1.95,1.95,1.95,400,2021-07-19 14:04:00,JFU
1.955,1.955,1.955,1.955,100,2021-07-19 14:06:00,JFU
1.96,1.9612,1.96,1.9601,2252,2021-07-19 14:07:00,JFU
1.97,1.97,1.96,1.96,900,2021-07-19 14:08:00,JFU
1.96,1.96,1.96,1.96,700,2021-07-19 14:09:00,JFU
1.96,1.96,1.96,1.96,100,2021-07-19 14:10:00,JFU
1.9501,1.9501,1.95,1.95,4700,2021-07-19 14:11:00,JFU
1.95,1.95,1.95,1.95,2000,2021-07-19 14:12:00,JFU
1.95,1.9501,1.92,1.935,31757,2021-07-19 14:15:00,JFU
1.92,1.925,1.915,1.915,6352,2021-07-19 14:17:00,JFU
1.91,1.9113,1.91,1.91,787,2021-07-19 14:18:00,JFU
1.92,1.92,1.92,1.92,800,2021-07-19 14:19:00,JFU
1.94,1.94,1.935,1.935,500,2021-07-19 14:20:00,JFU
1.941,1.941,1.92,1.92,51200,2021-07-19 14:21:00,JFU
1.938,1.938,1.938,1.938,1201,2021-07-19 14:22:00,JFU
1.92,1.9201,1.89,1.92,47791,2021-07-19 14:23:00,JFU
1.898,1.9015,1.898,1.9,1812,2021-07-19 14:25:00,JFU
1.9,1.9,1.9,1.9,800,2021-07-19 14:26:00,JFU
1.9,1.9,1.9,1.9,900,2021-07-19 14:28:00,JFU
1.91,1.915,1.91,1.915,300,2021-07-19 14:29:00,JFU
1.9,1.9,1.85,1.86,52429,2021-07-19 14:31:00,JFU
1.87,1.89,1.87,1.89,5300,2021-07-19 14:32:00,JFU
1.9,1.9,1.9,1.9,500,2021-07-19 14:33:00,JFU
1.8991,1.8991,1.88,1.88,1617,2021-07-19 14:34:00,JFU
1.8882,1.89,1.86,1.88,99107,2021-07-19 14:35:00,JFU
1.861,1.88,1.86,1.86,800,2021-07-19 14:37:00,JFU
1.8715,1.8715,1.87,1.87,2200,2021-07-19 14:38:00,JFU
1.88,1.8876,1.88,1.8801,700,2021-07-19 14:39:00,JFU
1.89,1.89,1.89,1.89,2900,2021-07-19 14:40:00,JFU
1.9,1.9,1.8901,1.8901,2100,2021-07-19 14:41:00,JFU
1.8901,1.8901,1.8901,1.8901,2000,2021-07-19 14:42:00,JFU
1.8901,1.8901,1.8901,1.8901,3000,2021-07-19 14:43:00,JFU
1.8924,1.92,1.8924,1.92,15223,2021-07-19 14:44:00,JFU
1.9001,1.9001,1.9001,1.9001,3000,2021-07-19 14:45:00,JFU
1.9101,1.9199,1.9,1.9001,5914,2021-07-19 14:46:00,JFU
1.9,1.9068,1.9,1.9002,6850,2021-07-19 14:47:00,JFU
1.9,1.9002,1.9,1.9001,4100,2021-07-19 14:48:00,JFU
1.9,1.9001,1.9,1.9,1900,2021-07-19 14:49:00,JFU
1.8801,1.8801,1.88,1.88,14500,2021-07-19 14:50:00,JFU
1.8885,1.8885,1.87,1.8718,10582,2021-07-19 14:52:00,JFU
1.89,1.89,1.87,1.8727,2345,2021-07-19 14:53:00,JFU
1.8723,1.88,1.8723,1.88,3100,2021-07-19 14:54:00,JFU
1.8801,1.8801,1.8724,1.8724,1500,2021-07-19 14:55:00,JFU
1.87,1.8701,1.86,1.86,1800,2021-07-19 14:56:00,JFU
1.88,1.88,1.88,1.88,377,2021-07-19 14:57:00,JFU
1.8629,1.88,1.86,1.88,2003,2021-07-19 14:58:00,JFU
1.8621,1.8621,1.8621,1.8621,500,2021-07-19 14:59:00,JFU
1.86,1.8601,1.86,1.8601,600,2021-07-19 15:00:00,JFU
1.8601,1.87,1.86,1.865,1089,2021-07-19 15:01:00,JFU
1.86,1.8718,1.86,1.8718,5700,2021-07-19 15:02:00,JFU
1.8701,1.8701,1.87,1.87,2400,2021-07-19 15:03:00,JFU
1.87,1.8702,1.87,1.8702,1000,2021-07-19 15:04:00,JFU
1.87,1.87,1.86,1.87,1154,2021-07-19 15:05:00,JFU
1.86,1.86,1.86,1.86,1000,2021-07-19 15:06:00,JFU
1.865,1.865,1.865,1.865,500,2021-07-19 15:07:00,JFU
1.87,1.87,1.87,1.87,1203,2021-07-19 15:09:00,JFU
1.875,1.88,1.875,1.88,601,2021-07-19 15:10:00,JFU
1.875,1.88,1.875,1.875,6000,2021-07-19 15:15:00,JFU
1.88,1.88,1.88,1.88,173,2021-07-19 15:16:00,JFU
1.88,1.88,1.875,1.8753,2292,2021-07-19 15:17:00,JFU
1.87,1.87,1.87,1.87,2751,2021-07-19 15:20:00,JFU
1.86,1.86,1.86,1.86,100,2021-07-19 15:21:00,JFU
1.87,1.87,1.855,1.86,10403,2021-07-19 15:23:00,JFU
1.87,1.87,1.87,1.87,200,2021-07-19 15:24:00,JFU
1.86,1.86,1.86,1.86,100,2021-07-19 15:25:00,JFU
1.865,1.865,1.865,1.865,100,2021-07-19 15:26:00,JFU
1.86,1.86,1.86,1.86,100,2021-07-19 15:27:00,JFU
1.86,1.86,1.855,1.86,2100,2021-07-19 15:29:00,JFU
1.86,1.86,1.86,1.86,100,2021-07-19 15:30:00,JFU
1.87,1.87,1.86,1.87,3900,2021-07-19 15:31:00,JFU
1.86,1.87,1.86,1.87,6029,2021-07-19 15:34:00,JFU
1.865,1.865,1.865,1.865,100,2021-07-19 15:36:00,JFU
1.86,1.86,1.86,1.86,375,2021-07-19 15:37:00,JFU
1.86,1.86,1.86,1.86,100,2021-07-19 15:38:00,JFU
1.86,1.865,1.86,1.865,300,2021-07-19 15:39:00,JFU
1.87,1.87,1.87,1.87,1301,2021-07-19 15:40:00,JFU
1.865,1.865,1.865,1.865,155,2021-07-19 15:41:00,JFU
1.87,1.87,1.87,1.87,1000,2021-07-19 15:42:00,JFU
1.86,1.865,1.86,1.865,400,2021-07-19 15:44:00,JFU
1.86,1.865,1.86,1.865,600,2021-07-19 15:46:00,JFU
1.86,1.87,1.86,1.87,4108,2021-07-19 15:48:00,JFU
1.865,1.865,1.865,1.865,268,2021-07-19 15:49:00,JFU
1.86,1.86,1.86,1.86,300,2021-07-19 15:50:00,JFU
1.86,1.86,1.86,1.86,100,2021-07-19 15:52:00,JFU
1.86,1.86,1.86,1.86,100,2021-07-19 15:54:00,JFU
1.865,1.865,1.865,1.865,536,2021-07-19 15:55:00,JFU
1.86,1.8601,1.86,1.8601,743,2021-07-19 15:57:00,JFU
1.86,1.86,1.86,1.86,200,2021-07-19 15:59:00,JFU
1.86,1.86,1.86,1.86,400,2021-07-19 16:00:00,JFU
1.865,1.865,1.865,1.865,400,2021-07-19 16:01:00,JFU
1.86,1.86,1.855,1.86,2500,2021-07-19 16:02:00,JFU
1.87,1.87,1.87,1.87,300,2021-07-19 16:03:00,JFU
1.8699,1.8699,1.8699,1.8699,5000,2021-07-19 16:08:00,JFU
1.865,1.87,1.865,1.87,1361,2021-07-19 16:11:00,JFU
1.865,1.87,1.865,1.87,300,2021-07-19 16:13:00,JFU
1.865,1.87,1.865,1.87,8900,2021-07-19 16:14:00,JFU
1.87,1.87,1.87,1.87,1400,2021-07-19 16:15:00,JFU
1.87,1.87,1.86,1.86,2545,2021-07-19 16:16:00,JFU
1.865,1.865,1.865,1.865,107,2021-07-19 16:21:00,JFU
1.865,1.865,1.865,1.865,161,2021-07-19 16:23:00,JFU
1.87,1.87,1.8673,1.87,17068,2021-07-19 16:24:00,JFU
1.87,1.87,1.87,1.87,9258,2021-07-19 16:25:00,JFU
1.87,1.87,1.87,1.87,1147,2021-07-19 16:26:00,JFU
1.87,1.87,1.87,1.87,607,2021-07-19 16:27:00,JFU
1.8699,1.8699,1.86,1.86,2140,2021-07-19 16:31:00,JFU
1.85,1.8586,1.85,1.8586,21302,2021-07-19 16:32:00,JFU
1.8499,1.8499,1.8499,1.8499,200,2021-07-19 16:36:00,JFU
1.84,1.84,1.84,1.84,200,2021-07-19 16:37:00,JFU
1.8411,1.8411,1.8411,1.8411,500,2021-07-19 16:38:00,JFU
1.84,1.84,1.84,1.84,1300,2021-07-19 16:39:00,JFU
1.84,1.84,1.84,1.84,800,2021-07-19 16:40:00,JFU
1.84,1.85,1.84,1.85,1291,2021-07-19 16:41:00,JFU
1.8399,1.8399,1.8399,1.8399,700,2021-07-19 16:44:00,JFU
1.84,1.84,1.84,1.84,1482,2021-07-19 16:45:00,JFU
1.84,1.84,1.84,1.84,600,2021-07-19 16:46:00,JFU
1.85,1.85,1.84,1.84,1828,2021-07-19 16:51:00,JFU
1.8483,1.8499,1.8483,1.8499,7500,2021-07-19 16:54:00,JFU
1.845,1.845,1.845,1.845,200,2021-07-19 16:55:00,JFU
1.83,1.84,1.83,1.84,1300,2021-07-19 16:58:00,JFU
1.85,1.85,1.85,1.85,12028,2021-07-19 17:01:00,JFU
1.85,1.85,1.85,1.85,2007,2021-07-19 17:02:00,JFU
1.85,1.85,1.85,1.85,2072,2021-07-19 17:04:00,JFU
1.8499,1.85,1.8499,1.85,15021,2021-07-19 17:05:00,JFU
1.85,1.85,1.8482,1.8482,1350,2021-07-19 17:10:00,JFU
1.848,1.848,1.848,1.848,273,2021-07-19 17:12:00,JFU
1.8486,1.8486,1.8486,1.8486,1000,2021-07-19 17:13:00,JFU
1.849,1.849,1.849,1.849,314,2021-07-19 17:14:00,JFU
1.85,1.85,1.849,1.849,5400,2021-07-19 17:17:00,JFU
1.85,1.85,1.8401,1.8401,4900,2021-07-19 17:18:00,JFU
1.85,1.85,1.85,1.85,200,2021-07-19 17:23:00,JFU
1.84,1.845,1.84,1.84,6658,2021-07-19 17:25:00,JFU
1.84,1.84,1.8316,1.8316,4499,2021-07-19 17:26:00,JFU
1.8394,1.84,1.8394,1.84,3100,2021-07-19 17:28:00,JFU
1.8393,1.84,1.8393,1.84,3090,2021-07-19 17:30:00,JFU
1.835,1.835,1.835,1.835,281,2021-07-19 17:31:00,JFU
1.84,1.84,1.84,1.84,2513,2021-07-19 17:33:00,JFU
1.84,1.845,1.8379,1.84,7591,2021-07-19 17:35:00,JFU
1.8395,1.84,1.8395,1.84,500,2021-07-19 17:36:00,JFU
1.83,1.83,1.83,1.83,100,2021-07-19 17:46:00,JFU
1.83,1.83,1.83,1.83,100,2021-07-19 17:49:00,JFU
1.8399,1.8399,1.8399,1.8399,400,2021-07-19 17:50:00,JFU
1.83,1.83,1.83,1.83,100,2021-07-19 17:51:00,JFU
1.83,1.8305,1.83,1.83,10213,2021-07-19 17:52:00,JFU
1.835,1.84,1.835,1.84,900,2021-07-19 17:53:00,JFU
1.83,1.83,1.83,1.83,100,2021-07-19 17:54:00,JFU
1.835,1.835,1.835,1.835,200,2021-07-19 17:55:00,JFU
1.83,1.83,1.83,1.83,100,2021-07-19 17:56:00,JFU
1.83,1.83,1.83,1.83,100,2021-07-19 17:58:00,JFU
1.835,1.835,1.835,1.835,272,2021-07-19 18:00:00,JFU
1.83,1.83,1.83,1.83,100,2021-07-19 18:01:00,JFU
1.835,1.84,1.835,1.84,440,2021-07-19 18:02:00,JFU
1.84,1.84,1.835,1.84,9771,2021-07-19 18:03:00,JFU
1.8373,1.8373,1.8373,1.8373,100,2021-07-19 18:04:00,JFU
1.8387,1.8387,1.8387,1.8387,300,2021-07-19 18:05:00,JFU
1.84,1.84,1.84,1.84,3078,2021-07-19 18:06:00,JFU
1.8391,1.8391,1.8391,1.8391,1983,2021-07-19 18:09:00,JFU
1.835,1.835,1.835,1.835,1200,2021-07-19 18:13:00,JFU
1.83,1.83,1.83,1.83,100,2021-07-19 18:15:00,JFU
1.83,1.835,1.83,1.835,214,2021-07-19 18:18:00,JFU
1.83,1.84,1.83,1.84,9868,2021-07-19 18:21:00,JFU
1.84,1.84,1.84,1.84,4358,2021-07-19 18:22:00,JFU
1.84,1.84,1.84,1.84,100,2021-07-19 18:26:00,JFU
1.845,1.86,1.845,1.8576,55307,2021-07-19 18:27:00,JFU
1.86,1.86,1.86,1.86,2043,2021-07-19 18:28:00,JFU
1.87,1.87,1.87,1.87,5900,2021-07-19 18:29:00,JFU
1.865,1.865,1.865,1.865,200,2021-07-19 18:30:00,JFU
1.865,1.865,1.865,1.865,300,2021-07-19 18:31:00,JFU
1.865,1.865,1.865,1.865,200,2021-07-19 18:34:00,JFU
1.86,1.86,1.85,1.85,6000,2021-07-19 18:35:00,JFU
1.8597,1.8597,1.8597,1.8597,2487,2021-07-19 18:37:00,JFU
1.85,1.85,1.8483,1.8483,800,2021-07-19 18:38:00,JFU
1.8499,1.8499,1.8499,1.8499,2000,2021-07-19 18:39:00,JFU
1.84,1.84,1.84,1.84,100,2021-07-19 18:40:00,JFU
1.84,1.84,1.84,1.84,100,2021-07-19 18:43:00,JFU
1.8489,1.85,1.84,1.84,1284,2021-07-19 18:45:00,JFU
1.8475,1.8475,1.8475,1.8475,109,2021-07-19 18:46:00,JFU
1.84,1.84,1.84,1.84,100,2021-07-19 18:47:00,JFU
1.85,1.855,1.85,1.85,4900,2021-07-19 18:48:00,JFU
1.845,1.845,1.845,1.845,200,2021-07-19 18:49:00,JFU
1.84,1.84,1.8317,1.8317,3985,2021-07-19 18:50:00,JFU
1.84,1.84,1.84,1.84,300,2021-07-19 18:51:00,JFU
1.85,1.8653,1.85,1.8653,6492,2021-07-19 18:57:00,JFU
1.86,1.86,1.86,1.86,1500,2021-07-19 19:02:00,JFU
1.8676,1.8676,1.8676,1.8676,105,2021-07-19 19:06:00,JFU
1.86,1.86,1.86,1.86,100,2021-07-19 19:08:00,JFU
1.86,1.86,1.8588,1.8588,3523,2021-07-19 19:09:00,JFU
1.85,1.85,1.85,1.85,100,2021-07-19 19:11:00,JFU
1.855,1.855,1.855,1.855,100,2021-07-19 19:12:00,JFU
1.85,1.85,1.85,1.85,7750,2021-07-19 19:13:00,JFU
1.85,1.85,1.8458,1.8458,750,2021-07-19 19:14:00,JFU
1.845,1.845,1.845,1.845,602,2021-07-19 19:17:00,JFU
1.843,1.843,1.843,1.843,104,2021-07-19 19:19:00,JFU
1.84,1.84,1.84,1.84,2134,2021-07-19 19:20:00,JFU
1.84,1.84,1.84,1.84,2028,2021-07-19 19:25:00,JFU
1.85,1.85,1.85,1.85,100,2021-07-19 19:26:00,JFU
1.84,1.84,1.84,1.84,845,2021-07-19 19:29:00,JFU
1.839,1.85,1.839,1.85,10300,2021-07-19 19:30:00,JFU
1.8478,1.8478,1.8478,1.8478,429,2021-07-19 19:36:00,JFU
1.84,1.8427,1.84,1.8418,4130,2021-07-19 19:39:00,JFU
1.84,1.84,1.835,1.84,4000,2021-07-19 19:40:00,JFU
1.84,1.84,1.84,1.84,100,2021-07-19 19:41:00,JFU
1.83,1.83,1.83,1.83,100,2021-07-19 19:42:00,JFU
1.83,1.83,1.83,1.83,100,2021-07-19 19:43:00,JFU
1.8399,1.8399,1.831,1.831,2250,2021-07-19 19:44:00,JFU
1.83,1.83,1.83,1.83,100,2021-07-19 19:45:00,JFU
1.83,1.83,1.83,1.83,100,2021-07-19 19:46:00,JFU
1.83,1.835,1.83,1.835,200,2021-07-19 19:48:00,JFU
1.84,1.84,1.83,1.83,600,2021-07-19 19:49:00,JFU
1.84,1.84,1.83,1.83,218,2021-07-19 19:50:00,JFU
1.83,1.83,1.83,1.83,100,2021-07-19 19:51:00,JFU
1.8399,1.8399,1.83,1.83,200,2021-07-19 19:52:00,JFU
1.84,1.84,1.83,1.83,600,2021-07-19 19:53:00,JFU
1.83,1.83,1.83,1.83,100,2021-07-19 19:54:00,JFU
1.8399,1.8399,1.83,1.83,400,2021-07-19 19:55:00,JFU
1.83,1.84,1.83,1.83,1700,2021-07-19 19:56:00,JFU
1.835,1.84,1.835,1.84,5474,2021-07-19 19:57:00,JFU
1.84,1.855,1.84,1.855,5002,2021-07-19 19:58:00,JFU
1.85,1.85,1.84,1.84,5080,2021-07-19 19:59:00,JFU
1.84,1.84,1.84,1.84,7135,2021-07-19 20:00:00,JFU
2.0,2.0,2.0,2.0,1000,2021-07-19 20:31:00,JFU
1.94,1.94,1.94,1.94,1000,2021-07-19 20:43:00,JFU
1.88,1.88,1.88,1.88,500,2021-07-19 20:59:00,JFU
1.94,1.94,1.94,1.94,240,2021-07-20 13:22:00,JFU
1.85,1.865,1.84,1.865,5892,2021-07-20 13:30:00,JFU
1.89,1.89,1.89,1.89,200,2021-07-20 13:31:00,JFU
1.88,1.89,1.8635,1.8635,7314,2021-07-20 13:32:00,JFU
1.875,1.8769,1.875,1.8769,3173,2021-07-20 13:33:00,JFU
1.88,1.88,1.88,1.88,600,2021-07-20 13:35:00,JFU
1.87,1.87,1.87,1.87,1407,2021-07-20 13:36:00,JFU
1.86,1.86,1.86,1.86,100,2021-07-20 13:37:00,JFU
1.85,1.85,1.85,1.85,586,2021-07-20 13:38:00,JFU
1.845,1.845,1.845,1.845,912,2021-07-20 13:40:00,JFU
1.85,1.855,1.85,1.855,250,2021-07-20 13:41:00,JFU
1.8612,1.8612,1.8612,1.8612,693,2021-07-20 13:42:00,JFU
1.8621,1.8621,1.8621,1.8621,200,2021-07-20 13:44:00,JFU
1.8687,1.8687,1.86,1.86,468,2021-07-20 13:45:00,JFU
1.87,1.87,1.87,1.87,100,2021-07-20 13:46:00,JFU
1.86,1.86,1.86,1.86,200,2021-07-20 13:50:00,JFU
1.86,1.86,1.86,1.86,900,2021-07-20 13:51:00,JFU
1.86,1.86,1.85,1.85,2120,2021-07-20 13:53:00,JFU
1.8415,1.8415,1.8415,1.8415,250,2021-07-20 13:54:00,JFU
1.84,1.841,1.84,1.841,8882,2021-07-20 13:55:00,JFU
1.8409,1.8415,1.8409,1.8415,1729,2021-07-20 13:57:00,JFU
1.84,1.84,1.84,1.84,700,2021-07-20 13:59:00,JFU
1.83,1.84,1.83,1.84,4035,2021-07-20 14:00:00,JFU
1.832,1.832,1.832,1.832,264,2021-07-20 14:02:00,JFU
1.83,1.83,1.83,1.83,2213,2021-07-20 14:04:00,JFU
1.8209,1.83,1.8209,1.83,1200,2021-07-20 14:06:00,JFU
1.83,1.87,1.83,1.87,41660,2021-07-20 14:07:00,JFU
1.87,1.88,1.87,1.875,8074,2021-07-20 14:08:00,JFU
1.87,1.87,1.86,1.86,1377,2021-07-20 14:09:00,JFU
1.85,1.855,1.85,1.855,200,2021-07-20 14:10:00,JFU
1.8503,1.87,1.8503,1.87,1585,2021-07-20 14:12:00,JFU
1.875,1.88,1.875,1.88,3601,2021-07-20 14:16:00,JFU
1.8881,1.89,1.8881,1.89,600,2021-07-20 14:19:00,JFU
1.8808,1.8808,1.8808,1.8808,1978,2021-07-20 14:20:00,JFU
1.88,1.9016,1.88,1.9016,43604,2021-07-20 14:23:00,JFU
1.9017,1.9017,1.9017,1.9017,154,2021-07-20 14:27:00,JFU
1.9,1.905,1.89,1.89,6214,2021-07-20 14:28:00,JFU
1.89,1.897,1.89,1.897,2500,2021-07-20 14:29:00,JFU
1.8908,1.8908,1.8908,1.8908,1208,2021-07-20 14:30:00,JFU
1.9,1.9,1.9,1.9,3030,2021-07-20 14:37:00,JFU
1.9,1.9,1.9,1.9,1000,2021-07-20 14:38:00,JFU
1.9084,1.9084,1.9084,1.9084,263,2021-07-20 14:42:00,JFU
1.905,1.91,1.901,1.91,1670,2021-07-20 14:45:00,JFU
1.9118,1.9118,1.9118,1.9118,200,2021-07-20 14:47:00,JFU
1.915,1.915,1.915,1.915,200,2021-07-20 14:48:00,JFU
1.915,1.915,1.915,1.915,180,2021-07-20 14:49:00,JFU
1.915,1.915,1.915,1.915,200,2021-07-20 14:50:00,JFU
1.9117,1.915,1.9117,1.915,400,2021-07-20 14:51:00,JFU
1.915,1.915,1.915,1.915,535,2021-07-20 14:56:00,JFU
1.91,1.91,1.91,1.91,1035,2021-07-20 14:58:00,JFU
1.91,1.91,1.91,1.91,100,2021-07-20 14:59:00,JFU
1.92,1.92,1.9,1.9,42827,2021-07-20 15:04:00,JFU
1.9,1.9,1.9,1.9,1100,2021-07-20 15:06:00,JFU
1.9,1.9,1.9,1.9,300,2021-07-20 15:11:00,JFU
1.905,1.905,1.905,1.905,600,2021-07-20 15:17:00,JFU
1.9022,1.9022,1.9022,1.9022,179,2021-07-20 15:19:00,JFU
1.9014,1.9014,1.9014,1.9014,700,2021-07-20 15:21:00,JFU
1.905,1.92,1.905,1.92,13543,2021-07-20 15:24:00,JFU
1.91,1.91,1.91,1.91,1412,2021-07-20 15:30:00,JFU
1.9,1.91,1.9,1.91,7697,2021-07-20 15:35:00,JFU
1.91,1.91,1.91,1.91,1300,2021-07-20 15:36:00,JFU
1.9178,1.92,1.9178,1.92,294,2021-07-20 15:38:00,JFU
1.91,1.91,1.91,1.91,500,2021-07-20 15:40:00,JFU
1.915,1.915,1.915,1.915,200,2021-07-20 15:41:00,JFU
1.92,1.92,1.9162,1.9162,500,2021-07-20 15:43:00,JFU
1.92,1.93,1.92,1.92,2200,2021-07-20 15:44:00,JFU
1.9212,1.9212,1.92,1.92,2899,2021-07-20 15:49:00,JFU
1.92,1.92,1.92,1.92,200,2021-07-20 15:57:00,JFU
1.93,1.93,1.93,1.93,200,2021-07-20 16:01:00,JFU
1.929,1.93,1.928,1.93,1300,2021-07-20 16:03:00,JFU
1.94,1.94,1.94,1.94,100,2021-07-20 16:04:00,JFU
1.94,1.94,1.93,1.93,300,2021-07-20 16:05:00,JFU
1.92,1.92,1.92,1.92,200,2021-07-20 16:06:00,JFU
1.92,1.92,1.92,1.92,600,2021-07-20 16:07:00,JFU
1.91,1.91,1.91,1.91,1500,2021-07-20 16:13:00,JFU
1.91,1.92,1.91,1.92,1900,2021-07-20 16:17:00,JFU
1.92,1.92,1.92,1.92,1391,2021-07-20 16:32:00,JFU
1.9278,1.93,1.9278,1.93,2460,2021-07-20 16:33:00,JFU
1.93,1.93,1.93,1.93,800,2021-07-20 16:34:00,JFU
1.93,1.93,1.93,1.93,100,2021-07-20 16:35:00,JFU
1.94,1.94,1.94,1.94,100,2021-07-20 16:37:00,JFU
1.93,1.93,1.93,1.93,500,2021-07-20 16:40:00,JFU
1.94,1.94,1.94,1.94,49776,2021-07-20 16:41:00,JFU
1.94,1.98,1.94,1.98,40268,2021-07-20 16:42:00,JFU
1.9876,1.9876,1.965,1.98,35902,2021-07-20 16:43:00,JFU
1.98,1.98,1.9708,1.98,4886,2021-07-20 16:44:00,JFU
1.97,1.98,1.97,1.97,25440,2021-07-20 16:45:00,JFU
1.98,1.98,1.9762,1.98,2918,2021-07-20 16:46:00,JFU
1.98,1.98,1.98,1.98,100,2021-07-20 16:47:00,JFU
1.97,1.97,1.97,1.97,700,2021-07-20 16:48:00,JFU
1.9614,1.9614,1.9614,1.9614,902,2021-07-20 16:49:00,JFU
1.96,1.96,1.955,1.96,2400,2021-07-20 16:52:00,JFU
1.955,1.96,1.955,1.955,2400,2021-07-20 16:54:00,JFU
1.955,1.955,1.955,1.955,1203,2021-07-20 16:55:00,JFU
1.9501,1.9501,1.9501,1.9501,450,2021-07-20 16:58:00,JFU
1.955,1.96,1.955,1.96,200,2021-07-20 16:59:00,JFU
1.9518,1.955,1.9518,1.955,956,2021-07-20 17:00:00,JFU
1.95,1.95,1.95,1.95,3477,2021-07-20 17:03:00,JFU
1.94,1.96,1.94,1.96,7700,2021-07-20 17:04:00,JFU
1.95,1.952,1.95,1.95,8325,2021-07-20 17:05:00,JFU
1.9517,1.955,1.9517,1.955,909,2021-07-20 17:08:00,JFU
1.96,1.96,1.96,1.96,200,2021-07-20 17:10:00,JFU
1.96,1.96,1.96,1.96,100,2021-07-20 17:13:00,JFU
1.9525,1.9525,1.9525,1.9525,100,2021-07-20 17:18:00,JFU
1.96,1.96,1.96,1.96,100,2021-07-20 17:20:00,JFU
1.96,1.96,1.96,1.96,1600,2021-07-20 17:21:00,JFU
1.97,1.97,1.97,1.97,100,2021-07-20 17:23:00,JFU
1.969,1.97,1.969,1.97,1828,2021-07-20 17:25:00,JFU
1.9601,1.97,1.9601,1.97,9402,2021-07-20 17:26:00,JFU
1.97,1.97,1.965,1.97,1488,2021-07-20 17:29:00,JFU
1.9678,1.9678,1.96,1.96,442,2021-07-20 17:31:00,JFU
1.97,1.97,1.97,1.97,100,2021-07-20 17:34:00,JFU
1.97,1.97,1.97,1.97,100,2021-07-20 17:39:00,JFU
1.965,1.965,1.965,1.965,100,2021-07-20 17:40:00,JFU
1.9601,1.9601,1.9601,1.9601,100,2021-07-20 17:42:00,JFU
1.97,1.97,1.97,1.97,100,2021-07-20 17:44:00,JFU
1.965,1.97,1.96,1.97,808,2021-07-20 17:48:00,JFU
1.97,1.97,1.97,1.97,800,2021-07-20 17:52:00,JFU
1.97,1.97,1.97,1.97,100,2021-07-20 17:53:00,JFU
1.962,1.97,1.962,1.97,6250,2021-07-20 17:54:00,JFU
1.975,1.975,1.97,1.97,1000,2021-07-20 18:00:00,JFU
1.975,1.98,1.975,1.98,5100,2021-07-20 18:03:00,JFU
1.98,1.98,1.98,1.98,7652,2021-07-20 18:06:00,JFU
1.98,1.98,1.98,1.98,1500,2021-07-20 18:08:00,JFU
1.98,1.99,1.98,1.99,18096,2021-07-20 18:09:00,JFU
2.0,2.0,2.0,2.0,100,2021-07-20 18:11:00,JFU
1.9993,2.0,1.9993,2.0,7714,2021-07-20 18:12:00,JFU
2.0001,2.0001,2.0001,2.0001,100,2021-07-20 18:14:00,JFU
2.0044,2.0044,2.0044,2.0044,1000,2021-07-20 18:18:00,JFU
2.01,2.01,2.005,2.005,1676,2021-07-20 18:21:00,JFU
2.005,2.02,2.005,2.02,43936,2021-07-20 18:23:00,JFU
2.04,2.04,2.01,2.03,38104,2021-07-20 18:26:00,JFU
2.03,2.03,2.0262,2.03,500,2021-07-20 18:27:00,JFU
2.025,2.06,2.0,2.0582,42046,2021-07-20 18:31:00,JFU
2.0519,2.058,2.0519,2.055,300,2021-07-20 18:32:00,JFU
2.055,2.06,2.0517,2.0517,20095,2021-07-20 18:33:00,JFU
2.0599,2.06,2.0599,2.06,1975,2021-07-20 18:34:00,JFU
2.055,2.06,2.055,2.06,916,2021-07-20 18:35:00,JFU
2.06,2.07,2.06,2.07,5500,2021-07-20 18:36:00,JFU
2.0791,2.0795,2.075,2.075,2622,2021-07-20 18:37:00,JFU
2.08,2.08,2.075,2.075,400,2021-07-20 18:38:00,JFU
2.07,2.07,2.06,2.065,2169,2021-07-20 18:39:00,JFU
2.0678,2.07,2.05,2.07,20313,2021-07-20 18:40:00,JFU
2.06,2.075,2.06,2.075,5026,2021-07-20 18:42:00,JFU
2.07,2.07,2.06,2.06,1613,2021-07-20 18:43:00,JFU
2.065,2.07,2.065,2.07,300,2021-07-20 18:46:00,JFU
2.0609,2.0609,2.0609,2.0609,1943,2021-07-20 18:47:00,JFU
2.07,2.07,2.065,2.07,5919,2021-07-20 18:49:00,JFU
2.0601,2.0601,2.0601,2.0601,1500,2021-07-20 18:50:00,JFU
2.06,2.07,2.05,2.06,8861,2021-07-20 18:51:00,JFU
2.075,2.075,2.07,2.0701,1807,2021-07-20 18:55:00,JFU
2.065,2.07,2.065,2.07,10432,2021-07-20 18:58:00,JFU
2.06,2.0638,2.06,2.06,300,2021-07-20 18:59:00,JFU
2.06,2.06,2.04,2.06,9367,2021-07-20 19:00:00,JFU
2.06,2.06,2.06,2.06,900,2021-07-20 19:01:00,JFU
2.075,2.075,2.075,2.075,100,2021-07-20 19:02:00,JFU
2.075,2.075,2.075,2.075,100,2021-07-20 19:03:00,JFU
2.075,2.075,2.075,2.075,200,2021-07-20 19:04:00,JFU
2.08,2.08,2.08,2.08,100,2021-07-20 19:06:00,JFU
2.075,2.075,2.075,2.075,100,2021-07-20 19:07:00,JFU
2.0716,2.0716,2.065,2.065,1281,2021-07-20 19:08:00,JFU
2.065,2.065,2.06,2.06,2580,2021-07-20 19:11:00,JFU
2.065,2.08,2.065,2.08,9013,2021-07-20 19:12:00,JFU
2.089,2.13,2.089,2.12,46346,2021-07-20 19:13:00,JFU
2.12,2.12,2.115,2.115,689,2021-07-20 19:14:00,JFU
2.115,2.12,2.1,2.115,15129,2021-07-20 19:15:00,JFU
2.12,2.12,2.12,2.12,100,2021-07-20 19:16:00,JFU
2.115,2.12,2.1107,2.12,2300,2021-07-20 19:17:00,JFU
2.115,2.12,2.11,2.115,4908,2021-07-20 19:18:00,JFU
2.12,2.12,2.11,2.11,4991,2021-07-20 19:19:00,JFU
2.11,2.12,2.1,2.1,4200,2021-07-20 19:20:00,JFU
2.11,2.11,2.11,2.11,1623,2021-07-20 19:23:00,JFU
2.11,2.11,2.11,2.11,100,2021-07-20 19:24:00,JFU
2.11,2.11,2.11,2.11,1000,2021-07-20 19:25:00,JFU
2.1187,2.1187,2.1187,2.1187,800,2021-07-20 19:27:00,JFU
2.1118,2.12,2.11,2.11,800,2021-07-20 19:29:00,JFU
2.115,2.115,2.115,2.115,323,2021-07-20 19:31:00,JFU
2.1122,2.1122,2.1122,2.1122,100,2021-07-20 19:32:00,JFU
2.1175,2.1175,2.1175,2.1175,111,2021-07-20 19:34:00,JFU
2.1115,2.12,2.1115,2.12,3977,2021-07-20 19:36:00,JFU
2.12,2.12,2.12,2.12,200,2021-07-20 19:38:00,JFU
2.111,2.111,2.111,2.111,300,2021-07-20 19:39:00,JFU
2.119,2.12,2.119,2.12,555,2021-07-20 19:40:00,JFU
2.12,2.12,2.12,2.12,6850,2021-07-20 19:43:00,JFU
2.1194,2.12,2.11,2.12,2620,2021-07-20 19:44:00,JFU
2.115,2.12,2.11,2.12,4010,2021-07-20 19:46:00,JFU
2.11,2.11,2.1,2.1,4300,2021-07-20 19:47:00,JFU
2.1,2.1,2.09,2.09,4048,2021-07-20 19:50:00,JFU
2.085,2.09,2.085,2.09,600,2021-07-20 19:51:00,JFU
2.09,2.09,2.09,2.09,3000,2021-07-20 19:53:00,JFU
2.09,2.09,2.09,2.09,300,2021-07-20 19:54:00,JFU
2.085,2.085,2.0731,2.0731,8536,2021-07-20 19:55:00,JFU
2.08,2.08,2.08,2.08,2325,2021-07-20 19:56:00,JFU
2.075,2.08,2.07,2.08,11506,2021-07-20 19:57:00,JFU
2.08,2.08,2.08,2.08,100,2021-07-20 19:58:00,JFU
2.07,2.08,2.07,2.08,3073,2021-07-20 19:59:00,JFU
2.07,2.07,2.07,2.07,1654,2021-07-20 20:00:00,JFU
2.08,2.11,2.08,2.11,1001,2021-07-20 20:07:00,JFU
2.14,2.15,2.05,2.05,2162,2021-07-20 20:08:00,JFU
2.15,2.15,2.15,2.15,1519,2021-07-20 20:09:00,JFU
2.03,2.04,2.03,2.04,224,2021-07-20 20:10:00,JFU
2.15,2.15,2.15,2.15,3227,2021-07-20 20:32:00,JFU
2.13,2.13,2.13,2.13,200,2021-07-21 11:00:00,JFU
2.17,2.2,2.17,2.2,670,2021-07-21 11:22:00,JFU
2.1501,2.1501,2.1501,2.1501,300,2021-07-21 12:24:00,JFU
2.18,2.18,2.18,2.18,207,2021-07-21 12:42:00,JFU
2.18,2.18,2.18,2.18,500,2021-07-21 13:06:00,JFU
2.19,2.2,2.19,2.2,1134,2021-07-21 13:16:00,JFU
2.2,2.2,2.2,2.2,230,2021-07-21 13:21:00,JFU
2.2,2.2,2.2,2.2,507,2021-07-21 13:23:00,JFU
2.18,2.18,2.18,2.18,9317,2021-07-21 13:25:00,JFU
2.19,2.23,2.19,2.23,5103,2021-07-21 13:29:00,JFU
2.18,2.19,2.11,2.16,60980,2021-07-21 13:30:00,JFU
2.16,2.19,2.16,2.17,4833,2021-07-21 13:31:00,JFU
2.18,2.2,2.18,2.2,35337,2021-07-21 13:32:00,JFU
2.2,2.26,2.2,2.26,18580,2021-07-21 13:33:00,JFU
2.26,2.34,2.26,2.32,12498,2021-07-21 13:34:00,JFU
2.33,2.33,2.28,2.3,15222,2021-07-21 13:35:00,JFU
2.3,2.32,2.3,2.32,5293,2021-07-21 13:36:00,JFU
2.3173,2.3677,2.31,2.353,7020,2021-07-21 13:37:00,JFU
2.3671,2.3671,2.31,2.36,8907,2021-07-21 13:38:00,JFU
2.37,2.37,2.35,2.37,3693,2021-07-21 13:39:00,JFU
2.34,2.34,2.3,2.3006,14746,2021-07-21 13:40:00,JFU
2.3,2.3107,2.3,2.3019,18535,2021-07-21 13:41:00,JFU
2.3,2.3107,2.3,2.305,16276,2021-07-21 13:42:00,JFU
2.32,2.32,2.31,2.31,600,2021-07-21 13:43:00,JFU
2.3015,2.31,2.3,2.31,4170,2021-07-21 13:44:00,JFU
2.305,2.305,2.305,2.305,300,2021-07-21 13:45:00,JFU
2.301,2.33,2.301,2.32,4736,2021-07-21 13:46:00,JFU
2.3202,2.33,2.32,2.33,1495,2021-07-21 13:47:00,JFU
2.33,2.33,2.33,2.33,270,2021-07-21 13:48:00,JFU
2.3238,2.3238,2.315,2.3193,1040,2021-07-21 13:49:00,JFU
2.3119,2.3119,2.3119,2.3119,100,2021-07-21 13:50:00,JFU
2.3037,2.3037,2.3037,2.3037,220,2021-07-21 13:51:00,JFU
2.31,2.3262,2.3062,2.325,3144,2021-07-21 13:52:00,JFU
2.325,2.33,2.32,2.33,3440,2021-07-21 13:53:00,JFU
2.33,2.34,2.3297,2.34,10193,2021-07-21 13:54:00,JFU
2.3399,2.3399,2.3307,2.3307,1000,2021-07-21 13:55:00,JFU
2.33,2.34,2.33,2.34,4225,2021-07-21 13:56:00,JFU
2.34,2.3692,2.34,2.3692,1868,2021-07-21 13:57:00,JFU
2.3679,2.37,2.3532,2.36,5615,2021-07-21 13:58:00,JFU
2.37,2.37,2.34,2.34,4013,2021-07-21 13:59:00,JFU
2.3479,2.3483,2.34,2.3483,3600,2021-07-21 14:00:00,JFU
2.35,2.35,2.33,2.3309,9241,2021-07-21 14:01:00,JFU
2.3399,2.3399,2.3399,2.3399,145,2021-07-21 14:02:00,JFU
2.34,2.34,2.3302,2.3302,300,2021-07-21 14:03:00,JFU
2.3381,2.3381,2.33,2.33,2098,2021-07-21 14:04:00,JFU
2.325,2.33,2.325,2.33,514,2021-07-21 14:05:00,JFU
2.325,2.3277,2.325,2.3277,248,2021-07-21 14:06:00,JFU
2.33,2.33,2.3277,2.33,2020,2021-07-21 14:07:00,JFU
2.325,2.325,2.32,2.32,600,2021-07-21 14:08:00,JFU
2.33,2.33,2.3299,2.3299,200,2021-07-21 14:09:00,JFU
2.3298,2.33,2.31,2.31,2727,2021-07-21 14:10:00,JFU
2.31,2.31,2.29,2.3,18927,2021-07-21 14:12:00,JFU
2.285,2.285,2.28,2.285,3712,2021-07-21 14:13:00,JFU
2.28,2.28,2.28,2.28,100,2021-07-21 14:14:00,JFU
2.2715,2.29,2.2715,2.29,4827,2021-07-21 14:15:00,JFU
2.29,2.2909,2.29,2.2909,2128,2021-07-21 14:16:00,JFU
2.298,2.298,2.298,2.298,245,2021-07-21 14:17:00,JFU
2.3,2.3,2.3,2.3,200,2021-07-21 14:18:00,JFU
2.2901,2.2901,2.2901,2.2901,200,2021-07-21 14:19:00,JFU
2.2914,2.2914,2.2914,2.2914,500,2021-07-21 14:20:00,JFU
2.2907,2.2907,2.2907,2.2907,1547,2021-07-21 14:21:00,JFU
2.295,2.295,2.295,2.295,200,2021-07-21 14:23:00,JFU
2.2901,2.2901,2.29,2.29,5400,2021-07-21 14:24:00,JFU
2.29,2.29,2.28,2.28,2714,2021-07-21 14:25:00,JFU
2.2827,2.285,2.2827,2.285,684,2021-07-21 14:26:00,JFU
2.2886,2.2886,2.2862,2.2862,400,2021-07-21 14:27:00,JFU
2.2801,2.2801,2.2801,2.2801,300,2021-07-21 14:28:00,JFU
2.287,2.29,2.287,2.29,771,2021-07-21 14:30:00,JFU
2.29,2.29,2.29,2.29,100,2021-07-21 14:33:00,JFU
2.2873,2.2873,2.2873,2.2873,1000,2021-07-21 14:34:00,JFU
2.2817,2.2901,2.2817,2.2901,651,2021-07-21 14:35:00,JFU
2.291,2.2921,2.2873,2.29,2741,2021-07-21 14:36:00,JFU
2.29,2.29,2.29,2.29,200,2021-07-21 14:37:00,JFU
2.295,2.31,2.295,2.31,3794,2021-07-21 14:38:00,JFU
2.3098,2.3098,2.3,2.3,1305,2021-07-21 14:39:00,JFU
2.305,2.305,2.305,2.305,500,2021-07-21 14:40:00,JFU
2.3088,2.3097,2.3088,2.3097,436,2021-07-21 14:41:00,JFU
2.31,2.31,2.3098,2.3098,1000,2021-07-21 14:43:00,JFU
2.309,2.309,2.309,2.309,100,2021-07-21 14:44:00,JFU
2.3088,2.3088,2.3088,2.3088,870,2021-07-21 14:46:00,JFU
2.3,2.3,2.29,2.29,1922,2021-07-21 14:47:00,JFU
2.2899,2.29,2.2899,2.29,328,2021-07-21 14:48:00,JFU
2.285,2.29,2.282,2.29,2002,2021-07-21 14:49:00,JFU
2.29,2.29,2.29,2.29,200,2021-07-21 14:50:00,JFU
2.29,2.29,2.27,2.281,3613,2021-07-21 14:54:00,JFU
2.28,2.28,2.28,2.28,1200,2021-07-21 14:55:00,JFU
2.28,2.31,2.28,2.3,304021,2021-07-21 14:56:00,JFU
2.3,2.3,2.29,2.29,1800,2021-07-21 14:57:00,JFU
2.2801,2.3,2.2801,2.3,201364,2021-07-21 14:58:00,JFU
2.302,2.31,2.3,2.31,16538,2021-07-21 14:59:00,JFU
2.31,2.3199,2.28,2.28,48025,2021-07-21 15:00:00,JFU
2.2738,2.275,2.26,2.27,8001,2021-07-21 15:01:00,JFU
2.26,2.27,2.24,2.24,30235,2021-07-21 15:02:00,JFU
2.23,2.25,2.225,2.25,2643,2021-07-21 15:03:00,JFU
2.24,2.255,2.24,2.255,700,2021-07-21 15:05:00,JFU
2.25,2.255,2.2401,2.2401,9780,2021-07-21 15:06:00,JFU
2.24,2.24,2.24,2.24,100,2021-07-21 15:07:00,JFU
2.24,2.24,2.24,2.24,200,2021-07-21 15:08:00,JFU
2.24,2.24,2.23,2.23,3336,2021-07-21 15:10:00,JFU
2.21,2.2138,2.21,2.2101,725,2021-07-21 15:14:00,JFU
2.22,2.22,2.21,2.21,3500,2021-07-21 15:15:00,JFU
2.21,2.21,2.21,2.21,842,2021-07-21 15:16:00,JFU
2.2,2.2,2.2,2.2,1794,2021-07-21 15:17:00,JFU
2.205,2.205,2.205,2.205,1000,2021-07-21 15:18:00,JFU
2.205,2.205,2.205,2.205,500,2021-07-21 15:19:00,JFU
2.21,2.21,2.2024,2.2024,347,2021-07-21 15:20:00,JFU
2.2073,2.2073,2.2073,2.2073,800,2021-07-21 15:21:00,JFU
2.2,2.2018,2.2,2.2,590,2021-07-21 15:23:00,JFU
2.21,2.21,2.21,2.21,1010,2021-07-21 15:24:00,JFU
2.2097,2.2098,2.2,2.2098,6674,2021-07-21 15:26:00,JFU
2.2,2.21,2.2,2.21,1754,2021-07-21 15:27:00,JFU
2.205,2.205,2.17,2.18,14495,2021-07-21 15:28:00,JFU
2.175,2.175,2.17,2.17,4200,2021-07-21 15:29:00,JFU
2.16,2.16,2.14,2.15,25211,2021-07-21 15:30:00,JFU
2.155,2.155,2.155,2.155,500,2021-07-21 15:31:00,JFU
2.15,2.15,2.15,2.15,600,2021-07-21 15:32:00,JFU
2.1559,2.1559,2.1559,2.1559,100,2021-07-21 15:33:00,JFU
2.159,2.1598,2.13,2.14,21500,2021-07-21 15:34:00,JFU
2.1317,2.139,2.1317,2.139,1436,2021-07-21 15:37:00,JFU
2.135,2.135,2.135,2.135,621,2021-07-21 15:38:00,JFU
2.13,2.139,2.13,2.139,803,2021-07-21 15:39:00,JFU
2.1386,2.1386,2.1386,2.1386,215,2021-07-21 15:40:00,JFU
2.13,2.13,2.13,2.13,600,2021-07-21 15:41:00,JFU
2.13,2.132,2.124,2.124,7000,2021-07-21 15:42:00,JFU
2.1277,2.13,2.1277,2.13,2541,2021-07-21 15:43:00,JFU
2.135,2.15,2.135,2.15,613,2021-07-21 15:44:00,JFU
2.1485,2.1485,2.1485,2.1485,300,2021-07-21 15:46:00,JFU
2.1577,2.1594,2.1577,2.1589,855,2021-07-21 15:48:00,JFU
2.16,2.16,2.158,2.158,1200,2021-07-21 15:49:00,JFU
2.15,2.15,2.15,2.15,600,2021-07-21 15:52:00,JFU
2.15,2.15,2.15,2.15,100,2021-07-21 15:54:00,JFU
2.15,2.15,2.15,2.15,100,2021-07-21 15:55:00,JFU
2.1499,2.1499,2.1499,2.1499,1000,2021-07-21 15:56:00,JFU
2.14,2.145,2.14,2.145,5520,2021-07-21 15:59:00,JFU
2.15,2.15,2.15,2.15,1200,2021-07-21 16:03:00,JFU
2.155,2.155,2.155,2.155,100,2021-07-21 16:04:00,JFU
2.15,2.15,2.15,2.15,170,2021-07-21 16:05:00,JFU
2.1483,2.1483,2.1483,2.1483,100,2021-07-21 16:06:00,JFU
2.1499,2.1499,2.145,2.145,1800,2021-07-21 16:07:00,JFU
2.15,2.15,2.15,2.15,300,2021-07-21 16:11:00,JFU
2.15,2.15,2.15,2.15,1500,2021-07-21 16:15:00,JFU
2.16,2.16,2.15,2.15,400,2021-07-21 16:16:00,JFU
2.155,2.155,2.155,2.155,2200,2021-07-21 16:17:00,JFU
2.1585,2.1585,2.155,2.155,300,2021-07-21 16:21:00,JFU
2.1586,2.1586,2.1586,2.1586,232,2021-07-21 16:22:00,JFU
2.1591,2.1591,2.1591,2.1591,573,2021-07-21 16:23:00,JFU
2.1584,2.16,2.1584,2.16,809,2021-07-21 16:24:00,JFU
2.16,2.17,2.16,2.17,2000,2021-07-21 16:29:00,JFU
2.16,2.16,2.16,2.16,3249,2021-07-21 16:32:00,JFU
2.159,2.159,2.15,2.15,2728,2021-07-21 16:38:00,JFU
2.15,2.15,2.1432,2.1432,660,2021-07-21 16:40:00,JFU
2.1425,2.1425,2.1423,2.1423,1320,2021-07-21 16:41:00,JFU
2.1588,2.1588,2.1588,2.1588,1163,2021-07-21 16:44:00,JFU
2.1573,2.1573,2.1425,2.1425,1233,2021-07-21 16:45:00,JFU
2.1458,2.1458,2.1458,2.1458,500,2021-07-21 16:46:00,JFU
2.1427,2.1427,2.1427,2.1427,659,2021-07-21 16:54:00,JFU
2.1574,2.1574,2.1574,2.1574,300,2021-07-21 17:04:00,JFU
2.1481,2.1481,2.1481,2.1481,233,2021-07-21 17:06:00,JFU
2.1499,2.1499,2.1499,2.1499,1000,2021-07-21 17:07:00,JFU
2.1455,2.15,2.1455,2.15,377,2021-07-21 17:10:00,JFU
2.15,2.15,2.15,2.15,108,2021-07-21 17:12:00,JFU
2.145,2.145,2.145,2.145,100,2021-07-21 17:15:00,JFU
2.1409,2.1409,2.1409,2.1409,2000,2021-07-21 17:18:00,JFU
2.15,2.16,2.15,2.16,1400,2021-07-21 17:19:00,JFU
2.1675,2.1675,2.1675,2.1675,925,2021-07-21 17:24:00,JFU
2.1682,2.1682,2.1682,2.1682,1600,2021-07-21 17:29:00,JFU
2.16,2.16,2.16,2.16,700,2021-07-21 17:31:00,JFU
2.159,2.159,2.159,2.159,500,2021-07-21 17:32:00,JFU
2.155,2.155,2.155,2.155,1000,2021-07-21 17:35:00,JFU
2.16,2.16,2.15,2.1501,1000,2021-07-21 17:36:00,JFU
2.1401,2.1489,2.1401,2.1489,450,2021-07-21 17:40:00,JFU
2.14,2.14,2.04,2.042,60427,2021-07-21 17:41:00,JFU
2.04,2.0799,2.04,2.0799,13696,2021-07-21 17:42:00,JFU
2.0667,2.0667,2.0667,2.0667,485,2021-07-21 17:45:00,JFU
2.05,2.0536,2.0497,2.0497,6700,2021-07-21 17:46:00,JFU
2.0571,2.0571,2.055,2.055,1625,2021-07-21 17:47:00,JFU
2.05,2.05,2.05,2.05,700,2021-07-21 17:49:00,JFU
2.05,2.05,2.05,2.05,926,2021-07-21 17:50:00,JFU
2.04,2.06,2.04,2.06,15500,2021-07-21 17:51:00,JFU
2.059,2.059,2.059,2.059,500,2021-07-21 17:52:00,JFU
2.059,2.059,2.059,2.059,485,2021-07-21 17:53:00,JFU
2.06,2.06,2.06,2.06,1000,2021-07-21 17:55:00,JFU
2.06,2.0648,2.06,2.06,4125,2021-07-21 17:56:00,JFU
2.0584,2.0584,2.0559,2.0583,550,2021-07-21 17:57:00,JFU
2.06,2.06,2.06,2.06,200,2021-07-21 18:00:00,JFU
2.06,2.06,2.06,2.06,100,2021-07-21 18:01:00,JFU
2.0591,2.0591,2.05,2.05,745,2021-07-21 18:02:00,JFU
2.06,2.06,2.06,2.06,2229,2021-07-21 18:04:00,JFU
2.065,2.065,2.065,2.065,5097,2021-07-21 18:05:00,JFU
2.079,2.11,2.079,2.09,85316,2021-07-21 18:06:00,JFU
2.099,2.11,2.09,2.11,2882,2021-07-21 18:07:00,JFU
2.0901,2.0901,2.0901,2.0901,1000,2021-07-21 18:13:00,JFU
2.0901,2.0901,2.0901,2.0901,700,2021-07-21 18:14:00,JFU
2.0915,2.0915,2.0915,2.0915,700,2021-07-21 18:15:00,JFU
2.0901,2.0901,2.0901,2.0901,700,2021-07-21 18:16:00,JFU
2.091,2.091,2.091,2.091,700,2021-07-21 18:17:00,JFU
2.097,2.097,2.097,2.097,513,2021-07-21 18:18:00,JFU
2.1071,2.11,2.1071,2.11,200,2021-07-21 18:21:00,JFU
2.11,2.11,2.11,2.11,200,2021-07-21 18:22:00,JFU
2.12,2.12,2.12,2.12,350,2021-07-21 18:29:00,JFU
2.119,2.119,2.119,2.119,2500,2021-07-21 18:31:00,JFU
2.12,2.129,2.12,2.129,300,2021-07-21 18:32:00,JFU
2.12,2.12,2.12,2.12,600,2021-07-21 18:33:00,JFU
2.13,2.13,2.13,2.13,188,2021-07-21 18:35:00,JFU
2.1283,2.1283,2.1283,2.1283,234,2021-07-21 18:38:00,JFU
2.13,2.13,2.13,2.13,100,2021-07-21 18:44:00,JFU
2.13,2.13,2.13,2.13,200,2021-07-21 18:45:00,JFU
2.13,2.13,2.13,2.13,100,2021-07-21 18:59:00,JFU
2.125,2.13,2.125,2.13,3066,2021-07-21 19:00:00,JFU
2.1222,2.1222,2.1201,2.1201,297,2021-07-21 19:01:00,JFU
2.13,2.13,2.1245,2.1245,2100,2021-07-21 19:04:00,JFU
2.1295,2.1295,2.1214,2.1214,2066,2021-07-21 19:05:00,JFU
2.1288,2.1288,2.1288,2.1288,1363,2021-07-21 19:07:00,JFU
2.1291,2.13,2.1291,2.13,3927,2021-07-21 19:08:00,JFU
2.14,2.14,2.14,2.14,400,2021-07-21 19:10:00,JFU
2.14,2.14,2.14,2.14,100,2021-07-21 19:14:00,JFU
2.14,2.14,2.14,2.14,200,2021-07-21 19:16:00,JFU
2.14,2.14,2.14,2.14,342,2021-07-21 19:22:00,JFU
2.14,2.14,2.14,2.14,100,2021-07-21 19:24:00,JFU
2.14,2.14,2.14,2.14,100,2021-07-21 19:29:00,JFU
2.1321,2.135,2.13,2.13,685,2021-07-21 19:33:00,JFU
2.135,2.135,2.1219,2.1219,7720,2021-07-21 19:34:00,JFU
2.12,2.1217,2.11,2.1201,3990,2021-07-21 19:37:00,JFU
2.11,2.11,2.11,2.11,100,2021-07-21 19:38:00,JFU
2.1034,2.1034,2.1034,2.1034,300,2021-07-21 19:39:00,JFU
2.1038,2.104,2.1,2.1,603,2021-07-21 19:40:00,JFU
2.1178,2.1178,2.1178,2.1178,1102,2021-07-21 19:41:00,JFU
2.115,2.115,2.115,2.115,300,2021-07-21 19:43:00,JFU
2.12,2.12,2.11,2.11,1516,2021-07-21 19:50:00,JFU
2.11,2.12,2.11,2.12,1490,2021-07-21 19:51:00,JFU
2.13,2.13,2.13,2.13,943,2021-07-21 19:52:00,JFU
2.1228,2.1228,2.1228,2.1228,951,2021-07-21 19:54:00,JFU
2.129,2.13,2.129,2.13,470,2021-07-21 19:57:00,JFU
2.14,2.14,2.135,2.138,2056,2021-07-21 19:58:00,JFU
2.14,2.14,2.12,2.12,2129,2021-07-21 19:59:00,JFU
2.13,2.13,2.13,2.13,4024,2021-07-21 20:00:00,JFU
2.1303,2.1303,2.1303,2.1303,200,2021-07-21 20:54:00,JFU
2.13,2.13,2.13,2.13,300,2021-07-21 21:13:00,JFU
2.13,2.13,2.13,2.13,325,2021-07-21 23:53:00,JFU
2.11,2.11,2.1,2.1,651,2021-07-22 08:10:00,JFU
2.13,2.13,2.13,2.13,200,2021-07-22 10:56:00,JFU
2.13,2.13,2.13,2.13,145,2021-07-22 11:00:00,JFU
2.11,2.11,2.1,2.1,547,2021-07-22 13:26:00,JFU
2.09,2.09,2.05,2.05,7656,2021-07-22 13:30:00,JFU
2.089,2.089,2.089,2.089,161,2021-07-22 13:31:00,JFU
2.11,2.11,2.11,2.11,1613,2021-07-22 13:33:00,JFU
2.1199,2.1199,2.1,2.1,5840,2021-07-22 13:34:00,JFU
2.09,2.095,2.09,2.095,1021,2021-07-22 13:35:00,JFU
2.07,2.07,2.07,2.07,200,2021-07-22 13:38:00,JFU
2.063,2.08,2.06,2.08,1391,2021-07-22 13:39:00,JFU
2.0738,2.0738,2.06,2.06,5100,2021-07-22 13:40:00,JFU
2.06,2.06,2.055,2.055,1299,2021-07-22 13:41:00,JFU
2.0522,2.055,2.05,2.05,7618,2021-07-22 13:42:00,JFU
2.06,2.06,2.06,2.06,300,2021-07-22 13:43:00,JFU
2.07,2.07,2.07,2.07,800,2021-07-22 13:44:00,JFU
2.07,2.07,2.07,2.07,140,2021-07-22 13:46:00,JFU
2.078,2.078,2.078,2.078,1203,2021-07-22 13:47:00,JFU
2.06,2.065,2.06,2.065,1507,2021-07-22 13:48:00,JFU
2.0602,2.0616,2.0602,2.0616,332,2021-07-22 13:50:00,JFU
2.06,2.06,2.06,2.06,300,2021-07-22 13:52:00,JFU
2.065,2.065,2.06,2.06,8056,2021-07-22 13:54:00,JFU
2.055,2.06,2.055,2.06,1500,2021-07-22 13:55:00,JFU
2.07,2.07,2.07,2.07,100,2021-07-22 13:56:00,JFU
2.075,2.0787,2.07,2.0787,1740,2021-07-22 14:01:00,JFU
2.079,2.08,2.079,2.08,2266,2021-07-22 14:02:00,JFU
2.085,2.085,2.08,2.0803,1868,2021-07-22 14:03:00,JFU
2.08,2.08,2.06,2.065,12736,2021-07-22 14:04:00,JFU
2.0673,2.068,2.04,2.06,17028,2021-07-22 14:06:00,JFU
2.06,2.06,2.06,2.06,200,2021-07-22 14:07:00,JFU
2.05,2.0527,2.05,2.05,10500,2021-07-22 14:10:00,JFU
2.05,2.05,2.03,2.03,12720,2021-07-22 14:12:00,JFU
2.045,2.045,2.0417,2.0417,397,2021-07-22 14:14:00,JFU
2.045,2.05,2.045,2.05,1072,2021-07-22 14:15:00,JFU
2.05,2.05,2.05,2.05,200,2021-07-22 14:20:00,JFU
2.0475,2.0475,2.0475,2.0475,1383,2021-07-22 14:21:00,JFU
2.042,2.042,2.042,2.042,234,2021-07-22 14:23:00,JFU
2.04,2.04,2.03,2.03,2990,2021-07-22 14:24:00,JFU
2.025,2.025,2.025,2.025,340,2021-07-22 14:25:00,JFU
2.0217,2.0217,2.0217,2.0217,3000,2021-07-22 14:27:00,JFU
2.02,2.02,2.02,2.02,100,2021-07-22 14:28:00,JFU
2.0238,2.025,2.0238,2.025,1000,2021-07-22 14:30:00,JFU
2.0215,2.0215,2.0215,2.0215,250,2021-07-22 14:34:00,JFU
2.02,2.02,2.02,2.02,2740,2021-07-22 14:36:00,JFU
2.02,2.02,2.02,2.02,178,2021-07-22 14:38:00,JFU
2.0193,2.0193,2.0193,2.0193,149,2021-07-22 14:40:00,JFU
2.025,2.025,2.025,2.025,870,2021-07-22 14:46:00,JFU
2.028,2.028,2.028,2.028,939,2021-07-22 14:49:00,JFU
2.02,2.02,2.02,2.02,100,2021-07-22 14:51:00,JFU
2.015,2.015,2.01,2.015,1400,2021-07-22 14:52:00,JFU
2.0199,2.0199,2.01,2.01,1100,2021-07-22 14:53:00,JFU
2.0116,2.0116,2.0116,2.0116,100,2021-07-22 14:54:00,JFU
2.0185,2.0185,2.0185,2.0185,289,2021-07-22 14:55:00,JFU
2.01,2.01,2.01,2.01,2174,2021-07-22 14:57:00,JFU
2.01,2.01,2.01,2.01,1995,2021-07-22 14:58:00,JFU
2.0,2.0,1.99,1.99,8357,2021-07-22 14:59:00,JFU
1.9999,2.0196,1.9999,2.0107,18286,2021-07-22 15:00:00,JFU
2.01,2.01,2.01,2.01,2316,2021-07-22 15:01:00,JFU
2.015,2.015,2.01,2.01,1544,2021-07-22 15:03:00,JFU
2.015,2.015,2.0,2.0,4451,2021-07-22 15:05:00,JFU
1.99,1.9927,1.99,1.99,2100,2021-07-22 15:06:00,JFU
1.9982,2.0,1.997,2.0,401,2021-07-22 15:07:00,JFU
1.9903,1.9903,1.9903,1.9903,1420,2021-07-22 15:08:00,JFU
1.99,1.99,1.98,1.98,700,2021-07-22 15:09:00,JFU
1.98,1.982,1.975,1.975,6647,2021-07-22 15:10:00,JFU
1.9785,1.98,1.9785,1.98,1007,2021-07-22 15:11:00,JFU
1.98,1.98,1.9799,1.98,2872,2021-07-22 15:12:00,JFU
1.9801,1.99,1.98,1.99,5600,2021-07-22 15:15:00,JFU
1.9895,1.9895,1.9881,1.9881,5100,2021-07-22 15:22:00,JFU
1.99,2.0,1.99,2.0,8066,2021-07-22 15:24:00,JFU
1.99,1.9927,1.99,1.99,5300,2021-07-22 15:25:00,JFU
1.9927,1.9927,1.99,1.99,600,2021-07-22 15:27:00,JFU
1.9976,2.0,1.9976,2.0,200,2021-07-22 15:29:00,JFU
1.99,2.0,1.99,2.0,3234,2021-07-22 15:30:00,JFU
1.9909,2.0,1.99,1.99,2590,2021-07-22 15:31:00,JFU
2.0,2.0,2.0,2.0,6194,2021-07-22 15:34:00,JFU
2.01,2.015,2.01,2.015,595,2021-07-22 15:35:00,JFU
2.02,2.02,2.02,2.02,100,2021-07-22 15:37:00,JFU
2.03,2.03,2.03,2.03,100,2021-07-22 15:39:00,JFU
2.02,2.03,2.02,2.03,368,2021-07-22 15:41:00,JFU
2.0281,2.035,2.0273,2.035,5473,2021-07-22 15:42:00,JFU
2.03,2.035,2.03,2.035,5707,2021-07-22 15:43:00,JFU
2.02,2.02,2.02,2.02,1333,2021-07-22 15:44:00,JFU
2.025,2.03,2.02,2.03,5097,2021-07-22 15:46:00,JFU
2.03,2.04,2.03,2.04,500,2021-07-22 15:49:00,JFU
2.05,2.05,2.05,2.05,100,2021-07-22 15:52:00,JFU
2.0514,2.0514,2.0514,2.0514,114,2021-07-22 15:53:00,JFU
2.055,2.055,2.04,2.05,21830,2021-07-22 15:57:00,JFU
2.04,2.042,2.03,2.03,63462,2021-07-22 15:58:00,JFU
2.03,2.03,1.99,2.0,61157,2021-07-22 15:59:00,JFU
1.9996,1.9996,1.9996,1.9996,258,2021-07-22 16:02:00,JFU
2.0,2.005,1.9997,2.005,1600,2021-07-22 16:03:00,JFU
2.0078,2.0078,2.0078,2.0078,250,2021-07-22 16:04:00,JFU
2.0,2.0,2.0,2.0,10391,2021-07-22 16:13:00,JFU
2.01,2.01,2.01,2.01,300,2021-07-22 16:14:00,JFU
1.9922,1.9922,1.9922,1.9922,149,2021-07-22 16:25:00,JFU
1.995,1.995,1.995,1.995,100,2021-07-22 16:29:00,JFU
1.9991,1.9991,1.9991,1.9991,289,2021-07-22 16:32:00,JFU
1.9986,1.9986,1.9986,1.9986,200,2021-07-22 16:34:00,JFU
1.9985,1.9985,1.9985,1.9985,300,2021-07-22 16:35:00,JFU
1.99,1.99,1.985,1.99,15219,2021-07-22 16:45:00,JFU
1.9878,1.99,1.9878,1.99,925,2021-07-22 16:53:00,JFU
1.98,1.98,1.98,1.98,100,2021-07-22 16:54:00,JFU
1.9893,1.9893,1.9893,1.9893,1007,2021-07-22 16:55:00,JFU
1.99,1.99,1.99,1.99,1461,2021-07-22 16:56:00,JFU
1.9815,1.9815,1.9815,1.9815,1000,2021-07-22 16:57:00,JFU
1.99,1.99,1.99,1.99,100,2021-07-22 16:59:00,JFU
1.98,1.98,1.98,1.98,150,2021-07-22 17:00:00,JFU
1.9899,1.9899,1.9899,1.9899,300,2021-07-22 17:06:00,JFU
1.9886,1.9886,1.9886,1.9886,259,2021-07-22 17:11:00,JFU
1.99,1.99,1.99,1.99,500,2021-07-22 17:12:00,JFU
1.985,1.99,1.985,1.99,900,2021-07-22 17:19:00,JFU
1.99,1.99,1.99,1.99,300,2021-07-22 17:20:00,JFU
1.9983,1.9983,1.9983,1.9983,542,2021-07-22 17:27:00,JFU
1.9983,1.9983,1.9983,1.9983,100,2021-07-22 17:30:00,JFU
2.0,2.0,2.0,2.0,1311,2021-07-22 17:36:00,JFU
1.995,1.995,1.995,1.995,251,2021-07-22 17:39:00,JFU
1.9993,1.9993,1.9993,1.9993,3472,2021-07-22 17:40:00,JFU
1.9993,1.9993,1.9993,1.9993,2900,2021-07-22 17:42:00,JFU
1.995,1.995,1.995,1.995,300,2021-07-22 17:44:00,JFU
2.0,2.0,2.0,2.0,100,2021-07-22 17:47:00,JFU
2.0,2.0,2.0,2.0,100,2021-07-22 17:50:00,JFU
1.9973,2.0,1.9973,2.0,500,2021-07-22 18:00:00,JFU
1.9912,1.9912,1.9912,1.9912,1000,2021-07-22 18:03:00,JFU
1.995,1.995,1.995,1.995,250,2021-07-22 18:06:00,JFU
1.9918,1.9975,1.9918,1.9975,210,2021-07-22 18:08:00,JFU
1.9984,1.9984,1.9984,1.9984,750,2021-07-22 18:10:00,JFU
1.9938,1.9938,1.9938,1.9938,200,2021-07-22 18:24:00,JFU
1.9999,1.9999,1.99,1.99,1700,2021-07-22 18:26:00,JFU
1.98,1.98,1.98,1.98,400,2021-07-22 18:30:00,JFU
1.985,1.985,1.985,1.985,1093,2021-07-22 18:31:00,JFU
1.989,1.989,1.989,1.989,500,2021-07-22 18:37:00,JFU
1.989,1.989,1.989,1.989,100,2021-07-22 18:42:00,JFU
1.9823,1.9823,1.9823,1.9823,1000,2021-07-22 18:57:00,JFU
1.99,1.99,1.99,1.99,600,2021-07-22 19:00:00,JFU
1.995,1.995,1.995,1.995,370,2021-07-22 19:01:00,JFU
1.9999,1.9999,1.9999,1.9999,700,2021-07-22 19:07:00,JFU
1.995,1.997,1.99,1.9901,15267,2021-07-22 19:08:00,JFU
1.99,1.99,1.99,1.99,4400,2021-07-22 19:09:00,JFU
1.99,1.99,1.99,1.99,251,2021-07-22 19:14:00,JFU
1.99,1.99,1.99,1.99,1200,2021-07-22 19:19:00,JFU
1.98,1.98,1.98,1.98,1000,2021-07-22 19:28:00,JFU
1.9851,1.9851,1.9851,1.9851,100,2021-07-22 19:30:00,JFU
1.9875,1.9875,1.97,1.97,5284,2021-07-22 19:31:00,JFU
1.97,1.97,1.97,1.97,100,2021-07-22 19:32:00,JFU
1.97,1.97,1.97,1.97,4014,2021-07-22 19:33:00,JFU
1.965,1.965,1.96,1.96,200,2021-07-22 19:35:00,JFU
1.965,1.965,1.965,1.965,650,2021-07-22 19:41:00,JFU
1.9684,1.9684,1.9684,1.9684,763,2021-07-22 19:42:00,JFU
1.9691,1.9691,1.9691,1.9691,1004,2021-07-22 19:43:00,JFU
1.9687,1.9687,1.9687,1.9687,255,2021-07-22 19:44:00,JFU
1.9615,1.9615,1.9615,1.9615,1975,2021-07-22 19:46:00,JFU
1.97,1.97,1.97,1.97,900,2021-07-22 19:47:00,JFU
1.98,1.98,1.98,1.98,125,2021-07-22 19:49:00,JFU
1.978,1.978,1.978,1.978,252,2021-07-22 19:51:00,JFU
1.9712,1.9712,1.9712,1.9712,153,2021-07-22 19:52:00,JFU
1.9799,1.9799,1.9734,1.9734,600,2021-07-22 19:53:00,JFU
1.9787,1.9787,1.97,1.97,955,2021-07-22 19:54:00,JFU
1.9734,1.9734,1.9734,1.9734,600,2021-07-22 19:57:00,JFU
1.978,1.98,1.975,1.975,5137,2021-07-22 19:58:00,JFU
1.97,1.97,1.96,1.96,6131,2021-07-22 19:59:00,JFU
1.96,1.96,1.96,1.96,4646,2021-07-22 20:00:00,JFU
1.96,1.96,1.96,1.96,415,2021-07-22 21:21:00,JFU
2.0,2.0,2.0,2.0,140,2021-07-23 08:33:00,JFU
2.0,2.0,2.0,2.0,2850,2021-07-23 10:11:00,JFU
1.96,1.96,1.96,1.96,100,2021-07-23 10:56:00,JFU
1.95,1.95,1.95,1.95,300,2021-07-23 10:57:00,JFU
1.95,1.95,1.95,1.95,200,2021-07-23 12:03:00,JFU
1.95,1.95,1.95,1.95,100,2021-07-23 12:11:00,JFU
1.93,1.93,1.93,1.93,100,2021-07-23 12:25:00,JFU
1.94,1.94,1.94,1.94,200,2021-07-23 12:55:00,JFU
1.94,1.94,1.94,1.94,147,2021-07-23 12:58:00,JFU
1.98,2.0401,1.98,2.0401,10909,2021-07-23 13:30:00,JFU
1.9827,1.9827,1.9827,1.9827,1362,2021-07-23 13:31:00,JFU
2.0299,2.0299,2.0299,2.0299,262,2021-07-23 13:32:00,JFU
2.0,2.0,1.99,2.0,1702,2021-07-23 13:34:00,JFU
2.0,2.0,2.0,2.0,100,2021-07-23 13:35:00,JFU
1.98,1.98,1.98,1.98,100,2021-07-23 13:36:00,JFU
1.96,1.96,1.96,1.96,1091,2021-07-23 13:38:00,JFU
1.955,1.955,1.955,1.955,146,2021-07-23 13:43:00,JFU
1.96,1.97,1.94,1.97,4318,2021-07-23 13:45:00,JFU
1.961,1.961,1.961,1.961,200,2021-07-23 13:46:00,JFU
1.96,1.96,1.9595,1.96,7268,2021-07-23 13:47:00,JFU
1.95,1.95,1.94,1.94,1500,2021-07-23 13:50:00,JFU
1.93,1.93,1.92,1.92,300,2021-07-23 13:53:00,JFU
1.92,1.9278,1.92,1.9278,2222,2021-07-23 13:54:00,JFU
1.91,1.91,1.9,1.9,2400,2021-07-23 13:55:00,JFU
1.92,1.92,1.92,1.92,300,2021-07-23 13:57:00,JFU
1.9239,1.9239,1.9239,1.9239,200,2021-07-23 14:00:00,JFU
1.9283,1.9283,1.9212,1.9212,650,2021-07-23 14:01:00,JFU
1.92,1.92,1.92,1.92,1500,2021-07-23 14:02:00,JFU
1.9087,1.91,1.9087,1.91,530,2021-07-23 14:03:00,JFU
1.9101,1.9101,1.9101,1.9101,300,2021-07-23 14:04:00,JFU
1.92,1.92,1.92,1.92,1000,2021-07-23 14:05:00,JFU
1.92,1.92,1.92,1.92,300,2021-07-23 14:06:00,JFU
1.92,1.92,1.91,1.92,7100,2021-07-23 14:07:00,JFU
1.9275,1.9275,1.9275,1.9275,100,2021-07-23 14:09:00,JFU
1.9206,1.93,1.91,1.92,25446,2021-07-23 14:12:00,JFU
1.905,1.905,1.8958,1.8958,10826,2021-07-23 14:14:00,JFU
1.9,1.9,1.9,1.9,100,2021-07-23 14:15:00,JFU
1.9,1.91,1.9,1.9083,61362,2021-07-23 14:16:00,JFU
1.905,1.905,1.905,1.905,1000,2021-07-23 14:18:00,JFU
1.91,1.91,1.91,1.91,325,2021-07-23 14:20:00,JFU
1.91,1.91,1.91,1.91,200,2021-07-23 14:21:00,JFU
1.9096,1.9096,1.9011,1.9011,1307,2021-07-23 14:22:00,JFU
1.9,1.905,1.9,1.9,5800,2021-07-23 14:25:00,JFU
1.91,1.91,1.91,1.91,100,2021-07-23 14:32:00,JFU
1.91,1.91,1.91,1.91,2177,2021-07-23 14:34:00,JFU
1.9101,1.9101,1.9101,1.9101,100,2021-07-23 14:36:00,JFU
1.91,1.91,1.91,1.91,100,2021-07-23 14:37:00,JFU
1.9163,1.9163,1.9163,1.9163,262,2021-07-23 14:38:00,JFU
1.9,1.9,1.9,1.9,9100,2021-07-23 14:40:00,JFU
1.9,1.9,1.9,1.9,3810,2021-07-23 14:45:00,JFU
1.9,1.9,1.9,1.9,5650,2021-07-23 14:49:00,JFU
1.91,1.91,1.91,1.91,100,2021-07-23 14:50:00,JFU
1.91,1.91,1.91,1.91,1000,2021-07-23 14:51:00,JFU
1.905,1.91,1.905,1.91,400,2021-07-23 14:54:00,JFU
1.9175,1.9175,1.9175,1.9175,100,2021-07-23 14:56:00,JFU
1.915,1.915,1.915,1.915,300,2021-07-23 14:57:00,JFU
1.9114,1.9114,1.9103,1.9103,761,2021-07-23 14:58:00,JFU
1.915,1.919,1.915,1.919,1500,2021-07-23 15:08:00,JFU
1.91,1.91,1.91,1.91,711,2021-07-23 15:09:00,JFU
1.91,1.92,1.9067,1.91,5748,2021-07-23 15:11:00,JFU
1.91,1.91,1.9,1.902,4469,2021-07-23 15:13:00,JFU
1.902,1.902,1.902,1.902,100,2021-07-23 15:15:00,JFU
1.9027,1.9027,1.9,1.9,1600,2021-07-23 15:22:00,JFU
1.91,1.91,1.91,1.91,300,2021-07-23 15:23:00,JFU
1.9169,1.9169,1.9169,1.9169,338,2021-07-23 15:28:00,JFU
1.91,1.91,1.91,1.91,100,2021-07-23 15:29:00,JFU
1.92,1.92,1.91,1.91,8525,2021-07-23 15:31:00,JFU
1.91,1.91,1.91,1.91,1000,2021-07-23 15:33:00,JFU
1.9085,1.9085,1.9016,1.9016,409,2021-07-23 15:38:00,JFU
1.9099,1.9099,1.9096,1.9096,984,2021-07-23 15:40:00,JFU
1.91,1.91,1.91,1.91,900,2021-07-23 15:41:00,JFU
1.915,1.915,1.915,1.915,300,2021-07-23 15:43:00,JFU
1.9112,1.9112,1.9112,1.9112,133,2021-07-23 15:53:00,JFU
1.915,1.92,1.91,1.911,12309,2021-07-23 15:57:00,JFU
1.91,1.91,1.9,1.9,8621,2021-07-23 16:00:00,JFU
1.9,1.9,1.9,1.9,3870,2021-07-23 16:03:00,JFU
1.9,1.9027,1.9,1.9001,4567,2021-07-23 16:09:00,JFU
1.901,1.901,1.901,1.901,1601,2021-07-23 16:16:00,JFU
1.9082,1.9082,1.9082,1.9082,200,2021-07-23 16:20:00,JFU
1.91,1.91,1.905,1.905,744,2021-07-23 16:22:00,JFU
1.91,1.91,1.91,1.91,100,2021-07-23 16:23:00,JFU
1.905,1.905,1.905,1.905,200,2021-07-23 16:24:00,JFU
1.905,1.905,1.9,1.9,1811,2021-07-23 16:33:00,JFU
1.905,1.905,1.905,1.905,500,2021-07-23 16:35:00,JFU
1.905,1.905,1.905,1.905,100,2021-07-23 16:38:00,JFU
1.905,1.905,1.905,1.905,200,2021-07-23 16:42:00,JFU
1.905,1.905,1.9,1.9,700,2021-07-23 16:46:00,JFU
1.905,1.905,1.905,1.905,200,2021-07-23 16:48:00,JFU
1.905,1.905,1.905,1.905,100,2021-07-23 16:49:00,JFU
1.905,1.905,1.905,1.905,100,2021-07-23 16:57:00,JFU
1.905,1.905,1.9,1.9,500,2021-07-23 16:59:00,JFU
1.905,1.905,1.905,1.905,100,2021-07-23 17:00:00,JFU
1.905,1.905,1.905,1.905,300,2021-07-23 17:03:00,JFU
1.9,1.9,1.9,1.9,100,2021-07-23 17:09:00,JFU
1.9002,1.905,1.9002,1.905,200,2021-07-23 17:13:00,JFU
1.905,1.91,1.9,1.9,7970,2021-07-23 17:17:00,JFU
1.9099,1.9099,1.9,1.9,900,2021-07-23 17:19:00,JFU
1.905,1.91,1.905,1.91,4396,2021-07-23 17:27:00,JFU
1.905,1.9088,1.905,1.908,300,2021-07-23 17:34:00,JFU
1.9085,1.9085,1.905,1.905,371,2021-07-23 17:36:00,JFU
1.9,1.902,1.9,1.902,317,2021-07-23 17:37:00,JFU
1.9,1.9002,1.9,1.9,3710,2021-07-23 17:39:00,JFU
1.9085,1.9085,1.9085,1.9085,700,2021-07-23 17:41:00,JFU
1.905,1.905,1.905,1.905,100,2021-07-23 17:44:00,JFU
1.9093,1.9093,1.9,1.9,3857,2021-07-23 17:45:00,JFU
1.9,1.9,1.9,1.9,300,2021-07-23 17:49:00,JFU
1.905,1.91,1.905,1.91,800,2021-07-23 17:58:00,JFU
1.9098,1.9098,1.9098,1.9098,700,2021-07-23 18:05:00,JFU
1.905,1.905,1.905,1.905,100,2021-07-23 18:07:00,JFU
1.91,1.91,1.9,1.9,1400,2021-07-23 18:15:00,JFU
1.9005,1.9005,1.9,1.9,1042,2021-07-23 18:30:00,JFU
1.905,1.905,1.905,1.905,200,2021-07-23 18:31:00,JFU
1.9013,1.9013,1.9013,1.9013,500,2021-07-23 18:32:00,JFU
1.905,1.905,1.905,1.905,100,2021-07-23 18:37:00,JFU
1.9001,1.9001,1.9001,1.9001,500,2021-07-23 18:38:00,JFU
1.91,1.91,1.91,1.91,120,2021-07-23 18:39:00,JFU
1.91,1.91,1.9,1.9,436,2021-07-23 18:40:00,JFU
1.91,1.91,1.91,1.91,262,2021-07-23 18:43:00,JFU
1.905,1.91,1.9,1.9,3307,2021-07-23 18:44:00,JFU
1.9,1.9005,1.9,1.9005,200,2021-07-23 18:46:00,JFU
1.9017,1.9017,1.9017,1.9017,100,2021-07-23 18:48:00,JFU
1.9091,1.9091,1.905,1.905,394,2021-07-23 18:50:00,JFU
1.905,1.905,1.905,1.905,100,2021-07-23 18:52:00,JFU
1.902,1.91,1.9,1.9,6656,2021-07-23 18:58:00,JFU
1.9085,1.9085,1.9085,1.9085,1000,2021-07-23 19:01:00,JFU
1.9001,1.9001,1.9001,1.9001,100,2021-07-23 19:02:00,JFU
1.91,1.91,1.91,1.91,900,2021-07-23 19:05:00,JFU
1.905,1.905,1.905,1.905,200,2021-07-23 19:16:00,JFU
1.91,1.91,1.905,1.905,1250,2021-07-23 19:17:00,JFU
1.905,1.905,1.905,1.905,101,2021-07-23 19:19:00,JFU
1.905,1.905,1.9,1.9,2500,2021-07-23 19:21:00,JFU
1.905,1.9075,1.905,1.9075,300,2021-07-23 19:30:00,JFU
1.91,1.91,1.905,1.905,2001,2021-07-23 19:32:00,JFU
1.9078,1.91,1.89,1.9,26394,2021-07-23 19:35:00,JFU
1.9,1.9,1.9,1.9,100,2021-07-23 19:36:00,JFU
1.8991,1.8991,1.8991,1.8991,483,2021-07-23 19:42:00,JFU
1.8932,1.8932,1.8932,1.8932,100,2021-07-23 19:43:00,JFU
1.895,1.895,1.893,1.893,535,2021-07-23 19:44:00,JFU
1.89,1.89,1.89,1.89,2600,2021-07-23 19:45:00,JFU
1.89,1.89,1.89,1.89,1019,2021-07-23 19:47:00,JFU
1.8976,1.8976,1.8976,1.8976,158,2021-07-23 19:52:00,JFU
1.9,1.9,1.9,1.9,104,2021-07-23 19:53:00,JFU
1.8996,1.8996,1.8996,1.8996,263,2021-07-23 19:54:00,JFU
1.8983,1.8983,1.8983,1.8983,518,2021-07-23 19:55:00,JFU
1.89,1.89,1.89,1.89,101,2021-07-23 19:56:00,JFU
1.9,1.9,1.89,1.895,888,2021-07-23 19:57:00,JFU
1.9,1.9,1.89,1.89,4629,2021-07-23 19:58:00,JFU
1.89,1.89,1.89,1.89,9248,2021-07-23 19:59:00,JFU
1.89,1.89,1.89,1.89,1166,2021-07-23 20:00:00,JFU
1.95,1.98,1.95,1.98,4979,2021-07-23 21:10:00,JFU
