open,high,low,close,volume,datetime,symbol
43.9,43.9,43.9,43.9,115,2021-07-06 13:29:00,NEO
44.05,44.08,44.05,44.08,5344,2021-07-06 13:30:00,NEO
43.99,43.99,43.99,43.99,100,2021-07-06 13:31:00,NEO
44.01,44.01,44.01,44.01,443,2021-07-06 13:32:00,NEO
44.09,44.09,44.09,44.09,450,2021-07-06 13:36:00,NEO
44.14,44.14,44.14,44.14,100,2021-07-06 13:37:00,NEO
44.18,44.18,44.1,44.1,300,2021-07-06 13:38:00,NEO
44.04,44.04,44.01,44.01,300,2021-07-06 13:39:00,NEO
44.1,44.1,44.1,44.1,100,2021-07-06 13:41:00,NEO
43.89,43.89,43.89,43.89,100,2021-07-06 13:42:00,NEO
43.8226,43.83,43.8226,43.83,650,2021-07-06 13:43:00,NEO
43.87,43.87,43.87,43.87,260,2021-07-06 13:44:00,NEO
43.93,43.93,43.8,43.89,420,2021-07-06 13:45:00,NEO
43.81,43.91,43.81,43.91,327,2021-07-06 13:46:00,NEO
43.94,43.98,43.94,43.98,1143,2021-07-06 13:47:00,NEO
43.8806,43.8806,43.8806,43.8806,323,2021-07-06 13:48:00,NEO
43.96,43.96,43.8906,43.8906,200,2021-07-06 13:49:00,NEO
43.87,43.87,43.835,43.835,234,2021-07-06 13:50:00,NEO
43.77,43.77,43.6,43.6,2300,2021-07-06 13:53:00,NEO
43.635,43.635,43.63,43.635,340,2021-07-06 13:54:00,NEO
43.675,43.675,43.675,43.675,200,2021-07-06 13:55:00,NEO
43.64,43.64,43.54,43.54,700,2021-07-06 13:56:00,NEO
43.5643,43.5643,43.5643,43.5643,101,2021-07-06 13:58:00,NEO
43.58,43.58,43.58,43.58,300,2021-07-06 13:59:00,NEO
43.77,43.77,43.66,43.715,1222,2021-07-06 14:01:00,NEO
43.69,43.7,43.69,43.7,300,2021-07-06 14:02:00,NEO
43.71,43.71,43.66,43.66,1400,2021-07-06 14:03:00,NEO
43.66,43.66,43.66,43.66,100,2021-07-06 14:04:00,NEO
43.68,43.725,43.57,43.5886,3900,2021-07-06 14:05:00,NEO
43.63,43.69,43.63,43.66,875,2021-07-06 14:06:00,NEO
43.67,43.7,43.635,43.65,1319,2021-07-06 14:07:00,NEO
43.66,43.67,43.66,43.67,400,2021-07-06 14:08:00,NEO
43.65,43.65,43.645,43.645,306,2021-07-06 14:09:00,NEO
43.66,43.74,43.65,43.74,2387,2021-07-06 14:10:00,NEO
43.7126,43.76,43.7126,43.76,401,2021-07-06 14:11:00,NEO
43.76,43.76,43.75,43.75,300,2021-07-06 14:12:00,NEO
43.8323,43.8323,43.71,43.71,2020,2021-07-06 14:13:00,NEO
43.73,43.77,43.7,43.765,3940,2021-07-06 14:14:00,NEO
43.75,43.78,43.73,43.74,2520,2021-07-06 14:15:00,NEO
43.74,43.74,43.74,43.74,200,2021-07-06 14:16:00,NEO
43.79,43.805,43.73,43.73,4182,2021-07-06 14:17:00,NEO
43.74,43.75,43.68,43.7,1000,2021-07-06 14:18:00,NEO
43.6661,43.6661,43.6661,43.6661,100,2021-07-06 14:19:00,NEO
43.64,43.65,43.615,43.65,454,2021-07-06 14:20:00,NEO
43.7,43.79,43.7,43.73,2818,2021-07-06 14:21:00,NEO
43.7,43.775,43.7,43.775,1177,2021-07-06 14:22:00,NEO
43.75,43.79,43.72,43.72,7597,2021-07-06 14:23:00,NEO
43.7,43.7,43.7,43.7,100,2021-07-06 14:24:00,NEO
43.73,43.73,43.73,43.73,300,2021-07-06 14:25:00,NEO
43.73,43.75,43.73,43.73,1300,2021-07-06 14:26:00,NEO
43.705,43.75,43.6415,43.6415,1150,2021-07-06 14:27:00,NEO
43.689,43.73,43.63,43.73,1061,2021-07-06 14:28:00,NEO
43.73,43.74,43.67,43.675,2652,2021-07-06 14:30:00,NEO
43.66,43.665,43.61,43.665,1313,2021-07-06 14:31:00,NEO
43.63,43.66,43.58,43.615,1520,2021-07-06 14:33:00,NEO
43.65,43.65,43.62,43.62,369,2021-07-06 14:34:00,NEO
43.62,43.62,43.6,43.62,774,2021-07-06 14:35:00,NEO
43.64,43.7,43.64,43.7,1000,2021-07-06 14:36:00,NEO
43.7,43.71,43.7,43.71,200,2021-07-06 14:37:00,NEO
43.68,43.77,43.68,43.765,2488,2021-07-06 14:38:00,NEO
43.77,43.82,43.77,43.82,500,2021-07-06 14:39:00,NEO
43.805,43.805,43.805,43.805,100,2021-07-06 14:40:00,NEO
43.84,43.84,43.84,43.84,100,2021-07-06 14:41:00,NEO
43.86,43.96,43.86,43.9283,500,2021-07-06 14:42:00,NEO
43.93,44.027,43.92,44.027,2000,2021-07-06 14:43:00,NEO
44.04,44.04,44.01,44.01,300,2021-07-06 14:44:00,NEO
44.03,44.05,44.03,44.05,200,2021-07-06 14:45:00,NEO
44.025,44.025,44.025,44.025,100,2021-07-06 14:46:00,NEO
44.01,44.06,43.99,44.06,1642,2021-07-06 14:47:00,NEO
44.1,44.1,44.05,44.05,950,2021-07-06 14:48:00,NEO
44.06,44.075,44.05,44.075,600,2021-07-06 14:49:00,NEO
44.08,44.11,44.02,44.0325,1400,2021-07-06 14:50:00,NEO
44.07,44.13,44.07,44.105,600,2021-07-06 14:51:00,NEO
44.14,44.21,44.14,44.21,700,2021-07-06 14:52:00,NEO
44.18,44.31,44.18,44.31,1268,2021-07-06 14:53:00,NEO
44.3,44.3,44.3,44.3,100,2021-07-06 14:54:00,NEO
44.25,44.27,44.21,44.27,1957,2021-07-06 14:55:00,NEO
44.24,44.24,44.24,44.24,100,2021-07-06 14:56:00,NEO
44.22,44.2205,44.21,44.21,541,2021-07-06 14:57:00,NEO
44.1862,44.27,44.15,44.27,1640,2021-07-06 14:58:00,NEO
44.25,44.25,44.235,44.235,200,2021-07-06 14:59:00,NEO
44.23,44.23,44.17,44.17,900,2021-07-06 15:00:00,NEO
44.18,44.21,44.14,44.14,1623,2021-07-06 15:01:00,NEO
44.15,44.17,44.145,44.145,1300,2021-07-06 15:02:00,NEO
44.18,44.26,44.18,44.26,600,2021-07-06 15:03:00,NEO
44.2,44.24,44.2,44.24,529,2021-07-06 15:04:00,NEO
44.26,44.275,44.26,44.275,391,2021-07-06 15:05:00,NEO
44.3,44.34,44.2836,44.34,908,2021-07-06 15:06:00,NEO
44.345,44.345,44.345,44.345,100,2021-07-06 15:07:00,NEO
44.3,44.37,44.3,44.35,2314,2021-07-06 15:08:00,NEO
44.35,44.35,44.335,44.35,511,2021-07-06 15:09:00,NEO
44.35,44.35,44.32,44.32,900,2021-07-06 15:10:00,NEO
44.335,44.335,44.3,44.33,765,2021-07-06 15:11:00,NEO
44.27,44.29,44.24,44.29,1612,2021-07-06 15:12:00,NEO
44.32,44.34,44.32,44.335,637,2021-07-06 15:13:00,NEO
44.34,44.35,44.32,44.34,1575,2021-07-06 15:14:00,NEO
44.33,44.33,44.33,44.33,200,2021-07-06 15:15:00,NEO
44.32,44.34,44.32,44.32,1200,2021-07-06 15:16:00,NEO
44.33,44.36,44.3,44.3,1041,2021-07-06 15:17:00,NEO
44.3,44.3,44.26,44.26,558,2021-07-06 15:18:00,NEO
44.23,44.25,44.2,44.2,500,2021-07-06 15:19:00,NEO
44.2,44.27,44.2,44.245,800,2021-07-06 15:20:00,NEO
44.265,44.265,44.265,44.265,100,2021-07-06 15:21:00,NEO
44.255,44.28,44.255,44.28,731,2021-07-06 15:22:00,NEO
44.25,44.25,44.16,44.16,1625,2021-07-06 15:23:00,NEO
44.165,44.2,44.15,44.15,2148,2021-07-06 15:24:00,NEO
44.15,44.15,44.13,44.15,599,2021-07-06 15:25:00,NEO
44.16,44.16,44.07,44.07,1983,2021-07-06 15:26:00,NEO
44.0314,44.057,44.0314,44.057,827,2021-07-06 15:27:00,NEO
44.11,44.11,44.08,44.08,1300,2021-07-06 15:28:00,NEO
44.06,44.09,44.06,44.09,700,2021-07-06 15:30:00,NEO
44.08,44.09,44.05,44.08,1132,2021-07-06 15:32:00,NEO
44.1,44.13,44.1,44.1,6966,2021-07-06 15:33:00,NEO
44.1,44.1,44.1,44.1,1000,2021-07-06 15:35:00,NEO
44.08,44.095,44.07,44.07,405,2021-07-06 15:36:00,NEO
44.08,44.08,44.08,44.08,200,2021-07-06 15:37:00,NEO
44.06,44.06,44.03,44.03,300,2021-07-06 15:39:00,NEO
44.015,44.015,44.0,44.01,500,2021-07-06 15:40:00,NEO
44.0,44.015,44.0,44.005,400,2021-07-06 15:41:00,NEO
44.0,44.0,44.0,44.0,100,2021-07-06 15:42:00,NEO
43.99,43.99,43.975,43.975,400,2021-07-06 15:43:00,NEO
44.0,44.0,43.98,43.99,700,2021-07-06 15:44:00,NEO
44.0,44.04,43.99,44.025,1800,2021-07-06 15:45:00,NEO
44.0,44.0,43.97,43.98,1297,2021-07-06 15:47:00,NEO
44.0,44.0,44.0,44.0,581,2021-07-06 15:48:00,NEO
43.99,43.99,43.99,43.99,100,2021-07-06 15:49:00,NEO
43.99,43.99,43.99,43.99,100,2021-07-06 15:50:00,NEO
43.97,44.02,43.97,44.02,459,2021-07-06 15:51:00,NEO
44.04,44.08,44.04,44.08,200,2021-07-06 15:52:00,NEO
44.1,44.1,44.05,44.07,1874,2021-07-06 15:54:00,NEO
44.07,44.09,44.06,44.06,317,2021-07-06 15:55:00,NEO
44.055,44.07,44.03,44.04,1304,2021-07-06 15:56:00,NEO
44.07,44.14,44.07,44.09,600,2021-07-06 15:57:00,NEO
44.125,44.16,44.125,44.16,200,2021-07-06 15:59:00,NEO
44.1,44.1,44.09,44.09,200,2021-07-06 16:00:00,NEO
44.08,44.105,44.07,44.105,424,2021-07-06 16:02:00,NEO
44.105,44.105,44.105,44.105,100,2021-07-06 16:03:00,NEO
44.1,44.1096,44.1,44.1096,318,2021-07-06 16:04:00,NEO
44.105,44.105,44.105,44.105,100,2021-07-06 16:05:00,NEO
44.14,44.16,44.14,44.16,600,2021-07-06 16:06:00,NEO
44.13,44.16,44.11,44.115,1652,2021-07-06 16:07:00,NEO
44.14,44.15,44.09,44.09,834,2021-07-06 16:08:00,NEO
44.09,44.09,44.04,44.04,1212,2021-07-06 16:09:00,NEO
44.07,44.07,44.03,44.03,200,2021-07-06 16:10:00,NEO
44.09,44.12,44.08,44.12,540,2021-07-06 16:11:00,NEO
44.12,44.14,44.1104,44.1113,1025,2021-07-06 16:13:00,NEO
44.09,44.12,44.09,44.1,619,2021-07-06 16:15:00,NEO
44.1,44.1,44.05,44.05,2032,2021-07-06 16:16:00,NEO
44.02,44.02,43.99,43.99,1980,2021-07-06 16:17:00,NEO
43.99,43.995,43.94,43.94,1783,2021-07-06 16:18:00,NEO
43.91,43.93,43.89,43.89,300,2021-07-06 16:19:00,NEO
43.88,43.9,43.85,43.85,718,2021-07-06 16:20:00,NEO
43.84,43.91,43.84,43.91,1300,2021-07-06 16:21:00,NEO
43.96,43.96,43.96,43.96,200,2021-07-06 16:22:00,NEO
43.9766,43.9766,43.9766,43.9766,130,2021-07-06 16:23:00,NEO
44.0467,44.06,44.0467,44.05,400,2021-07-06 16:25:00,NEO
44.11,44.11,44.04,44.04,500,2021-07-06 16:26:00,NEO
44.05,44.06,44.03,44.06,670,2021-07-06 16:27:00,NEO
44.134,44.134,44.134,44.134,600,2021-07-06 16:28:00,NEO
44.12,44.12,44.12,44.12,200,2021-07-06 16:29:00,NEO
44.12,44.14,44.11,44.14,456,2021-07-06 16:30:00,NEO
44.15,44.18,44.15,44.18,300,2021-07-06 16:32:00,NEO
44.18,44.18,44.15,44.16,1300,2021-07-06 16:33:00,NEO
44.14,44.15,44.05,44.05,4020,2021-07-06 16:34:00,NEO
44.0718,44.09,44.07,44.09,780,2021-07-06 16:35:00,NEO
44.04,44.07,44.04,44.07,411,2021-07-06 16:37:00,NEO
44.055,44.055,44.055,44.055,100,2021-07-06 16:38:00,NEO
44.08,44.1,44.08,44.1,400,2021-07-06 16:39:00,NEO
44.08,44.08,44.08,44.08,100,2021-07-06 16:40:00,NEO
44.1034,44.1034,44.1034,44.1034,100,2021-07-06 16:41:00,NEO
44.11,44.11,44.11,44.11,200,2021-07-06 16:43:00,NEO
44.11,44.11,44.11,44.11,100,2021-07-06 16:44:00,NEO
44.08,44.085,44.08,44.085,300,2021-07-06 16:45:00,NEO
44.06,44.0877,44.06,44.0877,392,2021-07-06 16:46:00,NEO
44.06,44.16,44.06,44.16,1304,2021-07-06 16:47:00,NEO
44.1602,44.1602,44.1602,44.1602,300,2021-07-06 16:48:00,NEO
44.16,44.17,44.16,44.17,700,2021-07-06 16:49:00,NEO
44.165,44.21,44.1501,44.19,1418,2021-07-06 16:50:00,NEO
44.172,44.172,44.172,44.172,114,2021-07-06 16:51:00,NEO
44.13,44.2,44.13,44.16,498,2021-07-06 16:52:00,NEO
44.2,44.2,44.2,44.2,300,2021-07-06 16:54:00,NEO
44.23,44.23,44.23,44.23,100,2021-07-06 16:55:00,NEO
44.25,44.25,44.25,44.25,100,2021-07-06 16:56:00,NEO
44.265,44.265,44.25,44.25,352,2021-07-06 16:58:00,NEO
44.295,44.295,44.295,44.295,100,2021-07-06 16:59:00,NEO
44.32,44.33,44.31,44.33,1334,2021-07-06 17:00:00,NEO
44.33,44.33,44.33,44.33,100,2021-07-06 17:01:00,NEO
44.3,44.3,44.24,44.28,1875,2021-07-06 17:04:00,NEO
44.33,44.33,44.28,44.28,800,2021-07-06 17:05:00,NEO
44.32,44.34,44.32,44.34,800,2021-07-06 17:08:00,NEO
44.34,44.34,44.3,44.3261,1575,2021-07-06 17:09:00,NEO
44.3,44.3,44.275,44.275,2244,2021-07-06 17:10:00,NEO
44.3,44.3,44.29,44.3,450,2021-07-06 17:12:00,NEO
44.31,44.31,44.3,44.3,331,2021-07-06 17:15:00,NEO
44.315,44.315,44.28,44.28,1204,2021-07-06 17:16:00,NEO
44.32,44.32,44.3,44.3,600,2021-07-06 17:17:00,NEO
44.33,44.35,44.3,44.315,900,2021-07-06 17:19:00,NEO
44.3,44.31,44.3,44.3,1000,2021-07-06 17:20:00,NEO
44.35,44.35,44.35,44.35,100,2021-07-06 17:22:00,NEO
44.315,44.315,44.315,44.315,100,2021-07-06 17:23:00,NEO
44.34,44.34,44.315,44.315,532,2021-07-06 17:24:00,NEO
44.33,44.33,44.29,44.29,700,2021-07-06 17:25:00,NEO
44.3,44.3,44.3,44.3,280,2021-07-06 17:26:00,NEO
44.3,44.31,44.3,44.31,600,2021-07-06 17:27:00,NEO
44.3075,44.35,44.3075,44.32,910,2021-07-06 17:28:00,NEO
44.3,44.3,44.3,44.3,555,2021-07-06 17:29:00,NEO
44.28,44.28,44.26,44.26,600,2021-07-06 17:30:00,NEO
44.25,44.25,44.23,44.23,300,2021-07-06 17:31:00,NEO
44.23,44.24,44.22,44.24,400,2021-07-06 17:33:00,NEO
44.2255,44.23,44.2255,44.23,300,2021-07-06 17:34:00,NEO
44.22,44.22,44.19,44.19,1757,2021-07-06 17:35:00,NEO
44.19,44.2,44.19,44.2,200,2021-07-06 17:36:00,NEO
44.205,44.205,44.16,44.17,2933,2021-07-06 17:37:00,NEO
44.19,44.19,44.19,44.19,200,2021-07-06 17:38:00,NEO
44.18,44.18,44.18,44.18,100,2021-07-06 17:39:00,NEO
44.2,44.22,44.18,44.205,1137,2021-07-06 17:40:00,NEO
44.21,44.21,44.21,44.21,100,2021-07-06 17:41:00,NEO
44.21,44.21,44.175,44.175,995,2021-07-06 17:42:00,NEO
44.18,44.19,44.15,44.19,1000,2021-07-06 17:43:00,NEO
44.16,44.22,44.16,44.17,517,2021-07-06 17:44:00,NEO
44.17,44.17,44.16,44.165,300,2021-07-06 17:45:00,NEO
44.165,44.21,44.165,44.21,500,2021-07-06 17:47:00,NEO
44.23,44.23,44.1875,44.1875,798,2021-07-06 17:48:00,NEO
44.18,44.18,44.15,44.15,927,2021-07-06 17:49:00,NEO
44.135,44.15,44.135,44.15,200,2021-07-06 17:50:00,NEO
44.15,44.15,44.15,44.15,100,2021-07-06 17:51:00,NEO
44.1695,44.1695,44.1695,44.1695,500,2021-07-06 17:52:00,NEO
44.15,44.16,44.15,44.16,412,2021-07-06 17:53:00,NEO
44.155,44.155,44.13,44.13,1000,2021-07-06 17:54:00,NEO
44.13,44.13,44.12,44.12,223,2021-07-06 17:55:00,NEO
44.13,44.13,44.13,44.13,100,2021-07-06 17:58:00,NEO
44.15,44.18,44.15,44.165,1867,2021-07-06 17:59:00,NEO
44.155,44.155,44.155,44.155,200,2021-07-06 18:02:00,NEO
44.16,44.165,44.16,44.165,459,2021-07-06 18:03:00,NEO
44.16,44.17,44.16,44.17,200,2021-07-06 18:04:00,NEO
44.15,44.17,44.14,44.14,842,2021-07-06 18:05:00,NEO
44.15,44.17,44.14,44.17,500,2021-07-06 18:06:00,NEO
44.1596,44.1596,44.13,44.13,4572,2021-07-06 18:07:00,NEO
44.12,44.12,44.11,44.11,268,2021-07-06 18:08:00,NEO
44.11,44.14,44.11,44.14,707,2021-07-06 18:09:00,NEO
44.145,44.155,44.145,44.155,200,2021-07-06 18:10:00,NEO
44.13,44.13,44.11,44.13,632,2021-07-06 18:11:00,NEO
44.13,44.13,44.13,44.13,700,2021-07-06 18:13:00,NEO
44.13,44.13,44.13,44.13,100,2021-07-06 18:14:00,NEO
44.1499,44.165,44.14,44.14,930,2021-07-06 18:15:00,NEO
44.15,44.175,44.15,44.16,2820,2021-07-06 18:17:00,NEO
44.15,44.185,44.15,44.185,1000,2021-07-06 18:18:00,NEO
44.18,44.1816,44.18,44.1816,304,2021-07-06 18:19:00,NEO
44.18,44.18,44.15,44.15,500,2021-07-06 18:21:00,NEO
44.19,44.19,44.15,44.15,1244,2021-07-06 18:22:00,NEO
44.16,44.16,44.16,44.16,400,2021-07-06 18:23:00,NEO
44.175,44.175,44.15,44.15,784,2021-07-06 18:25:00,NEO
44.155,44.155,44.14,44.1461,396,2021-07-06 18:26:00,NEO
44.165,44.165,44.15,44.15,300,2021-07-06 18:27:00,NEO
44.1875,44.1875,44.15,44.15,2114,2021-07-06 18:28:00,NEO
44.165,44.165,44.165,44.165,100,2021-07-06 18:29:00,NEO
44.2,44.205,44.185,44.205,441,2021-07-06 18:30:00,NEO
44.24,44.26,44.24,44.26,750,2021-07-06 18:31:00,NEO
44.24,44.27,44.22,44.27,400,2021-07-06 18:32:00,NEO
44.29,44.3,44.29,44.3,300,2021-07-06 18:34:00,NEO
44.33,44.36,44.33,44.36,200,2021-07-06 18:35:00,NEO
44.365,44.365,44.365,44.365,100,2021-07-06 18:36:00,NEO
44.385,44.44,44.385,44.44,200,2021-07-06 18:38:00,NEO
44.46,44.46,44.445,44.45,1631,2021-07-06 18:39:00,NEO
44.455,44.5,44.455,44.5,400,2021-07-06 18:40:00,NEO
44.555,44.58,44.55,44.55,405,2021-07-06 18:41:00,NEO
44.56,44.56,44.56,44.56,100,2021-07-06 18:42:00,NEO
44.565,44.565,44.55,44.55,300,2021-07-06 18:44:00,NEO
44.53,44.57,44.515,44.57,1833,2021-07-06 18:45:00,NEO
44.61,44.61,44.61,44.61,100,2021-07-06 18:46:00,NEO
44.575,44.575,44.575,44.575,100,2021-07-06 18:48:00,NEO
44.57,44.59,44.57,44.59,300,2021-07-06 18:49:00,NEO
44.64,44.64,44.615,44.615,415,2021-07-06 18:50:00,NEO
44.6,44.6,44.6,44.6,605,2021-07-06 18:51:00,NEO
44.6,44.61,44.6,44.61,400,2021-07-06 18:52:00,NEO
44.58,44.6,44.58,44.6,514,2021-07-06 18:53:00,NEO
44.58,44.58,44.58,44.58,365,2021-07-06 18:54:00,NEO
44.62,44.66,44.62,44.66,1604,2021-07-06 18:55:00,NEO
44.7,44.71,44.69,44.69,800,2021-07-06 18:56:00,NEO
44.745,44.745,44.745,44.745,300,2021-07-06 18:58:00,NEO
44.75,44.785,44.75,44.78,600,2021-07-06 18:59:00,NEO
44.78,44.78,44.775,44.775,400,2021-07-06 19:00:00,NEO
44.8,44.8,44.79,44.79,200,2021-07-06 19:01:00,NEO
44.785,44.785,44.77,44.785,400,2021-07-06 19:02:00,NEO
44.79,44.86,44.76,44.795,2000,2021-07-06 19:03:00,NEO
44.796,44.796,44.796,44.796,250,2021-07-06 19:04:00,NEO
44.76,44.82,44.75,44.815,915,2021-07-06 19:06:00,NEO
44.79,44.805,44.79,44.805,200,2021-07-06 19:07:00,NEO
44.82,44.85,44.82,44.85,384,2021-07-06 19:08:00,NEO
44.84,44.84,44.84,44.84,100,2021-07-06 19:09:00,NEO
44.84,44.86,44.83,44.86,600,2021-07-06 19:10:00,NEO
44.86,44.87,44.86,44.87,300,2021-07-06 19:11:00,NEO
44.8992,44.8992,44.88,44.8992,300,2021-07-06 19:12:00,NEO
44.8709,44.88,44.86,44.875,2062,2021-07-06 19:13:00,NEO
44.9,44.9,44.875,44.875,200,2021-07-06 19:14:00,NEO
44.93,44.95,44.925,44.925,2471,2021-07-06 19:15:00,NEO
44.94,44.98,44.94,44.96,1530,2021-07-06 19:16:00,NEO
44.96,44.96,44.93,44.93,1112,2021-07-06 19:17:00,NEO
44.93,44.93,44.91,44.91,1238,2021-07-06 19:18:00,NEO
44.96,44.96,44.92,44.92,500,2021-07-06 19:19:00,NEO
44.92,44.92,44.87,44.875,2659,2021-07-06 19:20:00,NEO
44.86,44.86,44.86,44.86,100,2021-07-06 19:21:00,NEO
44.84,44.87,44.835,44.87,600,2021-07-06 19:22:00,NEO
44.89,44.9,44.875,44.883,900,2021-07-06 19:24:00,NEO
44.89,44.905,44.89,44.89,848,2021-07-06 19:25:00,NEO
44.86,44.875,44.835,44.85,2978,2021-07-06 19:26:00,NEO
44.85,44.855,44.85,44.855,400,2021-07-06 19:27:00,NEO
44.84,44.84,44.82,44.82,924,2021-07-06 19:28:00,NEO
44.82,44.82,44.81,44.82,605,2021-07-06 19:29:00,NEO
44.82,44.86,44.82,44.84,1006,2021-07-06 19:30:00,NEO
44.83,44.83,44.82,44.82,700,2021-07-06 19:31:00,NEO
44.82,44.825,44.79,44.79,1324,2021-07-06 19:32:00,NEO
44.78,44.84,44.78,44.84,700,2021-07-06 19:33:00,NEO
44.83,44.85,44.83,44.84,1385,2021-07-06 19:34:00,NEO
44.845,44.85,44.83,44.83,1755,2021-07-06 19:35:00,NEO
44.845,44.845,44.84,44.84,1798,2021-07-06 19:36:00,NEO
44.845,44.87,44.84,44.86,3083,2021-07-06 19:37:00,NEO
44.85,44.87,44.84,44.84,2224,2021-07-06 19:38:00,NEO
44.845,44.845,44.82,44.82,4941,2021-07-06 19:39:00,NEO
44.815,44.815,44.815,44.815,100,2021-07-06 19:40:00,NEO
44.8,44.8,44.795,44.795,200,2021-07-06 19:41:00,NEO
44.78,44.78,44.78,44.78,400,2021-07-06 19:42:00,NEO
44.81,44.81,44.78,44.795,1700,2021-07-06 19:43:00,NEO
44.78,44.7925,44.77,44.79,2278,2021-07-06 19:44:00,NEO
44.8,44.87,44.794,44.83,3821,2021-07-06 19:45:00,NEO
44.83,44.835,44.82,44.83,1209,2021-07-06 19:46:00,NEO
44.84,44.84,44.82,44.82,1750,2021-07-06 19:47:00,NEO
44.83,44.83,44.82,44.82,1903,2021-07-06 19:48:00,NEO
44.81,44.81,44.8,44.81,1000,2021-07-06 19:49:00,NEO
44.82,44.895,44.82,44.89,1800,2021-07-06 19:50:00,NEO
44.91,44.96,44.902,44.945,900,2021-07-06 19:51:00,NEO
44.93,44.95,44.92,44.946,1904,2021-07-06 19:52:00,NEO
44.94,44.94,44.92,44.92,2105,2021-07-06 19:53:00,NEO
44.935,44.975,44.93,44.96,5115,2021-07-06 19:54:00,NEO
44.94,44.96,44.89,44.9,8200,2021-07-06 19:55:00,NEO
44.9,44.9,44.89,44.895,2543,2021-07-06 19:56:00,NEO
44.9,44.91,44.885,44.9,9053,2021-07-06 19:57:00,NEO
44.89,44.94,44.86,44.88,6519,2021-07-06 19:58:00,NEO
44.88,44.88,44.81,44.88,6367,2021-07-06 19:59:00,NEO
44.88,44.88,44.88,44.88,85123,2021-07-06 20:00:00,NEO
44.88,44.88,44.88,44.88,497,2021-07-06 20:01:00,NEO
45.12,45.52,45.0,45.52,3609,2021-07-07 13:30:00,NEO
45.48,45.48,45.48,45.48,200,2021-07-07 13:31:00,NEO
45.08,45.215,45.08,45.215,200,2021-07-07 13:32:00,NEO
45.41,45.41,45.41,45.41,100,2021-07-07 13:33:00,NEO
44.9773,45.38,44.97,44.97,1500,2021-07-07 13:35:00,NEO
45.03,45.03,44.97,44.97,877,2021-07-07 13:36:00,NEO
44.91,44.94,44.91,44.94,250,2021-07-07 13:37:00,NEO
45.02,45.02,45.02,45.02,100,2021-07-07 13:39:00,NEO
45.03,45.03,44.82,44.82,200,2021-07-07 13:41:00,NEO
45.12,45.12,44.82,44.82,300,2021-07-07 13:42:00,NEO
44.7829,45.05,44.7829,44.947,1355,2021-07-07 13:43:00,NEO
45.04,45.04,44.92,44.92,228,2021-07-07 13:44:00,NEO
45.07,45.07,45.07,45.07,100,2021-07-07 13:46:00,NEO
44.9,44.9,44.9,44.9,100,2021-07-07 13:48:00,NEO
44.8,44.8,44.76,44.78,500,2021-07-07 13:49:00,NEO
44.79,44.79,44.79,44.79,300,2021-07-07 13:56:00,NEO
44.683,44.7417,44.683,44.7417,500,2021-07-07 13:57:00,NEO
44.69,44.69,44.66,44.66,498,2021-07-07 14:00:00,NEO
44.59,44.63,44.59,44.61,900,2021-07-07 14:02:00,NEO
44.5,44.5,44.5,44.5,500,2021-07-07 14:03:00,NEO
44.49,44.49,44.49,44.49,200,2021-07-07 14:07:00,NEO
44.46,44.5383,44.46,44.5383,1155,2021-07-07 14:08:00,NEO
44.36,44.36,44.36,44.36,100,2021-07-07 14:10:00,NEO
44.42,44.42,44.42,44.42,100,2021-07-07 14:11:00,NEO
44.311,44.36,44.3,44.36,509,2021-07-07 14:12:00,NEO
44.36,44.4899,44.36,44.46,427,2021-07-07 14:13:00,NEO
44.43,44.47,44.43,44.47,995,2021-07-07 14:14:00,NEO
44.3858,44.3858,44.3858,44.3858,111,2021-07-07 14:16:00,NEO
44.365,44.365,44.365,44.365,100,2021-07-07 14:18:00,NEO
44.325,44.325,44.23,44.23,1200,2021-07-07 14:19:00,NEO
44.26,44.26,44.23,44.23,200,2021-07-07 14:20:00,NEO
44.15,44.16,44.11,44.11,1103,2021-07-07 14:21:00,NEO
44.14,44.17,44.14,44.15,1000,2021-07-07 14:23:00,NEO
44.175,44.21,44.175,44.21,800,2021-07-07 14:24:00,NEO
44.27,44.3,44.27,44.3,708,2021-07-07 14:25:00,NEO
44.295,44.31,44.2,44.31,3002,2021-07-07 14:26:00,NEO
44.26,44.26,44.245,44.245,200,2021-07-07 14:27:00,NEO
44.235,44.235,44.235,44.235,100,2021-07-07 14:28:00,NEO
44.15,44.19,44.15,44.15,900,2021-07-07 14:29:00,NEO
44.18,44.21,44.18,44.21,300,2021-07-07 14:30:00,NEO
44.25,44.29,44.25,44.29,400,2021-07-07 14:31:00,NEO
44.22,44.245,44.22,44.245,200,2021-07-07 14:32:00,NEO
44.31,44.32,44.31,44.32,200,2021-07-07 14:33:00,NEO
44.32,44.32,44.32,44.32,100,2021-07-07 14:34:00,NEO
44.36,44.36,44.3,44.3,200,2021-07-07 14:35:00,NEO
44.24,44.25,44.12,44.12,12781,2021-07-07 14:36:00,NEO
44.17,44.24,44.17,44.2,712,2021-07-07 14:37:00,NEO
44.205,44.22,44.11,44.12,1361,2021-07-07 14:38:00,NEO
44.09,44.09,44.09,44.09,100,2021-07-07 14:39:00,NEO
44.05,44.05,44.0,44.0075,1567,2021-07-07 14:40:00,NEO
44.04,44.07,44.0,44.07,1218,2021-07-07 14:41:00,NEO
44.04,44.04,43.99,43.99,400,2021-07-07 14:42:00,NEO
43.96,44.01,43.96,44.01,200,2021-07-07 14:43:00,NEO
43.9,43.96,43.89,43.96,1200,2021-07-07 14:44:00,NEO
43.92,43.97,43.91,43.97,350,2021-07-07 14:45:00,NEO
44.04,44.1,44.04,44.09,400,2021-07-07 14:46:00,NEO
44.17,44.2,44.125,44.2,446,2021-07-07 14:47:00,NEO
44.23,44.31,44.23,44.31,220,2021-07-07 14:48:00,NEO
44.28,44.28,44.27,44.28,300,2021-07-07 14:49:00,NEO
44.21,44.2624,44.2,44.2624,911,2021-07-07 14:50:00,NEO
44.24,44.24,44.24,44.24,311,2021-07-07 14:51:00,NEO
44.3,44.3,44.3,44.3,300,2021-07-07 14:52:00,NEO
44.3,44.35,44.2601,44.35,1200,2021-07-07 14:54:00,NEO
44.35,44.41,44.35,44.41,600,2021-07-07 14:56:00,NEO
44.35,44.35,44.35,44.35,200,2021-07-07 14:57:00,NEO
44.36,44.38,44.36,44.38,300,2021-07-07 14:58:00,NEO
44.355,44.355,44.355,44.355,100,2021-07-07 14:59:00,NEO
44.36,44.39,44.36,44.39,285,2021-07-07 15:01:00,NEO
44.34,44.39,44.34,44.39,200,2021-07-07 15:02:00,NEO
44.4,44.435,44.4,44.435,300,2021-07-07 15:03:00,NEO
44.46,44.46,44.46,44.46,200,2021-07-07 15:04:00,NEO
44.47,44.47,44.4,44.4,647,2021-07-07 15:05:00,NEO
44.41,44.41,44.385,44.385,225,2021-07-07 15:06:00,NEO
44.375,44.375,44.32,44.33,400,2021-07-07 15:07:00,NEO
44.305,44.37,44.24,44.37,5367,2021-07-07 15:09:00,NEO
44.38,44.38,44.38,44.38,100,2021-07-07 15:10:00,NEO
44.43,44.43,44.43,44.43,100,2021-07-07 15:11:00,NEO
44.44,44.54,44.43,44.54,1990,2021-07-07 15:12:00,NEO
44.56,44.56,44.56,44.56,100,2021-07-07 15:13:00,NEO
44.645,44.645,44.59,44.59,329,2021-07-07 15:15:00,NEO
44.55,44.66,44.55,44.66,906,2021-07-07 15:16:00,NEO
44.67,44.72,44.46,44.7,5208,2021-07-07 15:17:00,NEO
44.71,44.71,44.69,44.69,428,2021-07-07 15:18:00,NEO
44.7,44.7,44.68,44.68,816,2021-07-07 15:20:00,NEO
44.61,44.65,44.61,44.635,400,2021-07-07 15:21:00,NEO
44.62,44.63,44.62,44.62,620,2021-07-07 15:22:00,NEO
44.5918,44.6063,44.5918,44.6063,410,2021-07-07 15:23:00,NEO
44.7,44.74,44.7,44.74,700,2021-07-07 15:24:00,NEO
44.665,44.7,44.665,44.7,600,2021-07-07 15:25:00,NEO
44.68,44.68,44.67,44.67,263,2021-07-07 15:26:00,NEO
44.65,44.71,44.65,44.71,691,2021-07-07 15:29:00,NEO
44.78,44.79,44.7682,44.79,349,2021-07-07 15:30:00,NEO
44.75,44.75,44.72,44.74,800,2021-07-07 15:31:00,NEO
44.71,44.78,44.71,44.71,2169,2021-07-07 15:32:00,NEO
44.76,44.78,44.73,44.78,338,2021-07-07 15:33:00,NEO
44.755,44.82,44.73,44.82,1109,2021-07-07 15:34:00,NEO
44.79,44.79,44.775,44.775,210,2021-07-07 15:35:00,NEO
44.82,44.83,44.7716,44.83,933,2021-07-07 15:36:00,NEO
44.83,44.83,44.79,44.79,404,2021-07-07 15:37:00,NEO
44.79,44.79,44.785,44.785,211,2021-07-07 15:38:00,NEO
44.77,44.89,44.77,44.87,1100,2021-07-07 15:39:00,NEO
44.86,44.9,44.86,44.87,540,2021-07-07 15:40:00,NEO
44.9,44.94,44.9,44.94,500,2021-07-07 15:41:00,NEO
44.97,44.97,44.93,44.94,307,2021-07-07 15:42:00,NEO
44.98,44.98,44.94,44.94,215,2021-07-07 15:43:00,NEO
44.965,45.11,44.965,45.1,6710,2021-07-07 15:44:00,NEO
45.12,45.14,45.11,45.14,753,2021-07-07 15:45:00,NEO
45.09,45.09,45.09,45.09,100,2021-07-07 15:46:00,NEO
45.13,45.18,45.13,45.13,800,2021-07-07 15:47:00,NEO
45.15,45.15,45.15,45.15,100,2021-07-07 15:48:00,NEO
45.19,45.28,45.19,45.28,500,2021-07-07 15:49:00,NEO
45.23,45.23,45.23,45.23,510,2021-07-07 15:50:00,NEO
45.27,45.29,45.2,45.29,1707,2021-07-07 15:51:00,NEO
45.26,45.26,45.26,45.26,259,2021-07-07 15:53:00,NEO
45.28,45.28,45.28,45.28,300,2021-07-07 15:54:00,NEO
45.28,45.28,45.23,45.23,427,2021-07-07 15:55:00,NEO
45.1906,45.23,45.1906,45.23,621,2021-07-07 15:57:00,NEO
45.26,45.26,45.23,45.254,620,2021-07-07 15:59:00,NEO
45.26,45.27,45.24,45.26,1580,2021-07-07 16:00:00,NEO
45.29,45.3233,45.28,45.31,522,2021-07-07 16:02:00,NEO
45.27,45.3,45.26,45.29,930,2021-07-07 16:03:00,NEO
45.26,45.26,45.26,45.26,100,2021-07-07 16:05:00,NEO
45.23,45.27,45.23,45.25,300,2021-07-07 16:06:00,NEO
45.23,45.23,45.23,45.23,124,2021-07-07 16:07:00,NEO
45.2,45.3199,45.2,45.31,1500,2021-07-07 16:08:00,NEO
45.32,45.35,45.3,45.3,300,2021-07-07 16:09:00,NEO
45.26,45.275,45.25,45.25,723,2021-07-07 16:10:00,NEO
45.26,45.26,45.26,45.26,252,2021-07-07 16:11:00,NEO
45.28,45.3125,45.28,45.29,900,2021-07-07 16:12:00,NEO
45.3,45.3,45.3,45.3,100,2021-07-07 16:13:00,NEO
45.285,45.31,45.285,45.3075,400,2021-07-07 16:14:00,NEO
45.3075,45.33,45.3075,45.33,470,2021-07-07 16:15:00,NEO
45.33,45.33,45.24,45.25,840,2021-07-07 16:16:00,NEO
45.225,45.28,45.19,45.28,3018,2021-07-07 16:17:00,NEO
45.26,45.28,45.24,45.28,2383,2021-07-07 16:18:00,NEO
45.28,45.29,45.28,45.29,227,2021-07-07 16:19:00,NEO
45.28,45.33,45.28,45.33,1514,2021-07-07 16:20:00,NEO
45.31,45.31,45.27,45.3,500,2021-07-07 16:21:00,NEO
45.29,45.29,45.26,45.28,545,2021-07-07 16:22:00,NEO
45.213,45.213,45.213,45.213,473,2021-07-07 16:23:00,NEO
45.19,45.19,45.19,45.19,100,2021-07-07 16:24:00,NEO
45.19,45.19,45.19,45.19,300,2021-07-07 16:25:00,NEO
45.21,45.24,45.21,45.24,700,2021-07-07 16:27:00,NEO
45.26,45.32,45.26,45.32,641,2021-07-07 16:28:00,NEO
45.27,45.27,45.27,45.27,273,2021-07-07 16:29:00,NEO
45.19,45.23,45.19,45.19,587,2021-07-07 16:30:00,NEO
45.22,45.22,45.22,45.22,100,2021-07-07 16:31:00,NEO
45.23,45.23,45.22,45.22,200,2021-07-07 16:32:00,NEO
45.27,45.27,45.27,45.27,400,2021-07-07 16:33:00,NEO
45.34,45.34,45.3,45.32,321,2021-07-07 16:35:00,NEO
45.35,45.4,45.3305,45.39,798,2021-07-07 16:36:00,NEO
45.35,45.39,45.35,45.37,300,2021-07-07 16:37:00,NEO
45.36,45.43,45.36,45.43,500,2021-07-07 16:38:00,NEO
45.45,45.45,45.42,45.42,417,2021-07-07 16:39:00,NEO
45.46,45.46,45.46,45.46,300,2021-07-07 16:40:00,NEO
45.45,45.45,45.45,45.45,129,2021-07-07 16:41:00,NEO
45.45,45.45,45.37,45.37,343,2021-07-07 16:42:00,NEO
45.37,45.37,45.36,45.36,202,2021-07-07 16:44:00,NEO
45.36,45.4,45.36,45.4,617,2021-07-07 16:45:00,NEO
45.33,45.36,45.33,45.36,300,2021-07-07 16:48:00,NEO
45.3829,45.3829,45.32,45.35,580,2021-07-07 16:49:00,NEO
45.36,45.37,45.36,45.36,300,2021-07-07 16:50:00,NEO
45.37,45.41,45.37,45.41,571,2021-07-07 16:51:00,NEO
45.415,45.415,45.415,45.415,250,2021-07-07 16:52:00,NEO
45.41,45.41,45.37,45.37,344,2021-07-07 16:53:00,NEO
45.31,45.31,45.31,45.31,100,2021-07-07 16:54:00,NEO
45.35,45.35,45.305,45.305,315,2021-07-07 16:56:00,NEO
45.3,45.35,45.3,45.32,1127,2021-07-07 16:57:00,NEO
45.28,45.3,45.27,45.3,500,2021-07-07 16:59:00,NEO
45.285,45.285,45.285,45.285,100,2021-07-07 17:00:00,NEO
45.2627,45.29,45.26,45.26,775,2021-07-07 17:01:00,NEO
45.25,45.26,45.23,45.25,2019,2021-07-07 17:02:00,NEO
45.23,45.24,45.23,45.24,331,2021-07-07 17:03:00,NEO
45.23,45.24,45.19,45.19,631,2021-07-07 17:04:00,NEO
45.21,45.25,45.21,45.25,980,2021-07-07 17:05:00,NEO
45.27,45.27,45.27,45.27,100,2021-07-07 17:06:00,NEO
45.26,45.26,45.26,45.26,206,2021-07-07 17:07:00,NEO
45.27,45.29,45.27,45.28,500,2021-07-07 17:08:00,NEO
45.29,45.3,45.29,45.3,400,2021-07-07 17:09:00,NEO
45.27,45.27,45.23,45.23,321,2021-07-07 17:10:00,NEO
45.22,45.22,45.22,45.22,200,2021-07-07 17:11:00,NEO
45.19,45.22,45.19,45.22,1518,2021-07-07 17:12:00,NEO
45.23,45.26,45.23,45.23,666,2021-07-07 17:13:00,NEO
45.225,45.225,45.225,45.225,100,2021-07-07 17:14:00,NEO
45.25,45.28,45.25,45.28,500,2021-07-07 17:15:00,NEO
45.26,45.3,45.26,45.3,300,2021-07-07 17:16:00,NEO
45.32,45.32,45.32,45.32,114,2021-07-07 17:17:00,NEO
45.39,45.39,45.39,45.39,100,2021-07-07 17:18:00,NEO
45.38,45.38,45.36,45.36,424,2021-07-07 17:19:00,NEO
45.38,45.38,45.38,45.38,100,2021-07-07 17:20:00,NEO
45.33,45.36,45.33,45.36,200,2021-07-07 17:21:00,NEO
45.34,45.36,45.34,45.36,400,2021-07-07 17:22:00,NEO
45.36,45.36,45.36,45.36,100,2021-07-07 17:23:00,NEO
45.32,45.33,45.32,45.32,505,2021-07-07 17:24:00,NEO
45.34,45.34,45.28,45.3,423,2021-07-07 17:25:00,NEO
45.3,45.31,45.285,45.31,627,2021-07-07 17:27:00,NEO
45.28,45.3,45.28,45.3,200,2021-07-07 17:28:00,NEO
45.31,45.315,45.31,45.315,328,2021-07-07 17:29:00,NEO
45.32,45.32,45.32,45.32,111,2021-07-07 17:30:00,NEO
45.31,45.31,45.28,45.28,400,2021-07-07 17:31:00,NEO
45.32,45.32,45.305,45.305,962,2021-07-07 17:32:00,NEO
45.33,45.33,45.32,45.32,509,2021-07-07 17:33:00,NEO
45.32,45.32,45.3,45.3,414,2021-07-07 17:34:00,NEO
45.31,45.32,45.31,45.32,467,2021-07-07 17:35:00,NEO
45.27,45.27,45.25,45.25,520,2021-07-07 17:36:00,NEO
45.26,45.26,45.255,45.26,325,2021-07-07 17:37:00,NEO
45.26,45.27,45.25,45.27,402,2021-07-07 17:38:00,NEO
45.255,45.255,45.2,45.2,621,2021-07-07 17:39:00,NEO
45.2,45.2,45.19,45.2,900,2021-07-07 17:40:00,NEO
45.2,45.2,45.185,45.185,502,2021-07-07 17:41:00,NEO
45.2,45.2,45.17,45.2,400,2021-07-07 17:42:00,NEO
45.2,45.2,45.17,45.17,302,2021-07-07 17:43:00,NEO
45.15,45.18,45.15,45.18,400,2021-07-07 17:44:00,NEO
45.18,45.24,45.18,45.22,900,2021-07-07 17:45:00,NEO
45.22,45.23,45.22,45.23,220,2021-07-07 17:46:00,NEO
45.24,45.24,45.24,45.24,200,2021-07-07 17:47:00,NEO
45.23,45.25,45.23,45.25,200,2021-07-07 17:48:00,NEO
45.19,45.19,45.19,45.19,400,2021-07-07 17:49:00,NEO
45.23,45.23,45.19,45.22,415,2021-07-07 17:50:00,NEO
45.2,45.2,45.15,45.17,1012,2021-07-07 17:51:00,NEO
45.19,45.19,45.19,45.19,100,2021-07-07 17:52:00,NEO
45.19,45.23,45.19,45.23,860,2021-07-07 17:53:00,NEO
45.23,45.25,45.23,45.25,200,2021-07-07 17:54:00,NEO
45.25,45.28,45.25,45.26,403,2021-07-07 17:55:00,NEO
45.23,45.29,45.23,45.29,610,2021-07-07 17:57:00,NEO
45.27,45.27,45.25,45.25,300,2021-07-07 17:59:00,NEO
45.35,45.35,45.34,45.34,400,2021-07-07 18:02:00,NEO
45.26,45.3,45.26,45.3,200,2021-07-07 18:03:00,NEO
45.31,45.31,45.28,45.28,200,2021-07-07 18:04:00,NEO
45.26,45.26,45.26,45.26,100,2021-07-07 18:05:00,NEO
45.24,45.24,45.24,45.24,100,2021-07-07 18:07:00,NEO
45.245,45.245,45.245,45.245,200,2021-07-07 18:08:00,NEO
45.245,45.27,45.245,45.27,300,2021-07-07 18:09:00,NEO
45.28,45.28,45.21,45.225,900,2021-07-07 18:10:00,NEO
45.225,45.225,45.12,45.12,701,2021-07-07 18:11:00,NEO
45.115,45.115,45.08,45.08,400,2021-07-07 18:14:00,NEO
45.03,45.03,45.02,45.02,900,2021-07-07 18:16:00,NEO
45.02,45.02,45.02,45.02,314,2021-07-07 18:17:00,NEO
45.08,45.085,45.08,45.085,900,2021-07-07 18:18:00,NEO
45.09,45.155,45.07,45.1473,2804,2021-07-07 18:20:00,NEO
45.16,45.16,45.155,45.155,376,2021-07-07 18:21:00,NEO
45.09,45.09,45.09,45.09,100,2021-07-07 18:22:00,NEO
45.11,45.14,45.11,45.14,200,2021-07-07 18:23:00,NEO
45.13,45.13,45.13,45.13,139,2021-07-07 18:24:00,NEO
45.13,45.13,45.13,45.13,118,2021-07-07 18:25:00,NEO
45.17,45.17,45.14,45.14,200,2021-07-07 18:26:00,NEO
45.15,45.15,45.09,45.09,300,2021-07-07 18:27:00,NEO
45.08,45.08,45.08,45.08,200,2021-07-07 18:29:00,NEO
45.035,45.035,45.0,45.0,500,2021-07-07 18:30:00,NEO
44.96,44.98,44.96,44.98,700,2021-07-07 18:31:00,NEO
45.0,45.0,45.0,45.0,100,2021-07-07 18:32:00,NEO
45.02,45.02,45.02,45.02,100,2021-07-07 18:33:00,NEO
45.01,45.01,45.01,45.01,200,2021-07-07 18:35:00,NEO
44.995,44.995,44.93,44.97,1930,2021-07-07 18:36:00,NEO
44.9657,44.9657,44.9657,44.9657,500,2021-07-07 18:37:00,NEO
44.95,44.96,44.91,44.95,2200,2021-07-07 18:39:00,NEO
44.9,44.9,44.89,44.89,300,2021-07-07 18:40:00,NEO
44.92,44.955,44.92,44.955,700,2021-07-07 18:41:00,NEO
44.93,44.955,44.93,44.935,480,2021-07-07 18:42:00,NEO
44.94,44.95,44.94,44.95,300,2021-07-07 18:43:00,NEO
44.9918,44.9918,44.9918,44.9918,220,2021-07-07 18:45:00,NEO
44.94,44.94,44.9,44.94,400,2021-07-07 18:46:00,NEO
44.91,44.965,44.91,44.93,498,2021-07-07 18:47:00,NEO
45.0,45.0,45.0,45.0,390,2021-07-07 18:49:00,NEO
45.02,45.04,45.02,45.04,200,2021-07-07 18:50:00,NEO
45.025,45.05,45.01,45.04,400,2021-07-07 18:51:00,NEO
45.03,45.04,45.02,45.0395,600,2021-07-07 18:52:00,NEO
45.04,45.05,45.04,45.05,200,2021-07-07 18:53:00,NEO
45.06,45.06,45.06,45.06,100,2021-07-07 18:54:00,NEO
45.06,45.06,45.06,45.06,300,2021-07-07 18:55:00,NEO
45.085,45.085,45.05,45.05,900,2021-07-07 18:56:00,NEO
45.08,45.08,45.08,45.08,100,2021-07-07 18:57:00,NEO
45.07,45.1,45.07,45.1,330,2021-07-07 18:58:00,NEO
45.08,45.08,45.08,45.08,100,2021-07-07 19:00:00,NEO
45.07,45.07,45.06,45.06,423,2021-07-07 19:02:00,NEO
45.075,45.075,45.075,45.075,100,2021-07-07 19:03:00,NEO
45.09,45.14,45.075,45.135,1800,2021-07-07 19:04:00,NEO
45.11,45.13,45.11,45.13,300,2021-07-07 19:05:00,NEO
45.14,45.18,45.14,45.18,850,2021-07-07 19:06:00,NEO
45.2,45.2,45.1999,45.1999,248,2021-07-07 19:07:00,NEO
45.17,45.2,45.165,45.2,700,2021-07-07 19:08:00,NEO
45.185,45.185,45.185,45.185,100,2021-07-07 19:09:00,NEO
45.19,45.19,45.19,45.19,222,2021-07-07 19:11:00,NEO
45.2,45.275,45.2,45.275,400,2021-07-07 19:12:00,NEO
45.265,45.265,45.24,45.245,320,2021-07-07 19:13:00,NEO
45.22,45.24,45.21,45.24,600,2021-07-07 19:14:00,NEO
45.21,45.23,45.21,45.23,200,2021-07-07 19:15:00,NEO
45.21,45.21,45.21,45.21,100,2021-07-07 19:17:00,NEO
45.21,45.21,45.17,45.17,600,2021-07-07 19:18:00,NEO
45.18,45.2,45.18,45.19,1415,2021-07-07 19:19:00,NEO
45.155,45.155,45.13,45.155,500,2021-07-07 19:20:00,NEO
45.19,45.19,45.19,45.19,100,2021-07-07 19:21:00,NEO
45.185,45.185,45.18,45.18,200,2021-07-07 19:22:00,NEO
45.145,45.16,45.145,45.16,300,2021-07-07 19:23:00,NEO
45.16,45.16,45.11,45.15,1100,2021-07-07 19:24:00,NEO
45.13,45.135,45.13,45.135,490,2021-07-07 19:25:00,NEO
45.135,45.15,45.12,45.15,899,2021-07-07 19:26:00,NEO
45.1306,45.15,45.1306,45.14,900,2021-07-07 19:27:00,NEO
45.16,45.17,45.16,45.17,1000,2021-07-07 19:28:00,NEO
45.165,45.165,45.145,45.145,614,2021-07-07 19:29:00,NEO
45.16,45.18,45.16,45.18,1140,2021-07-07 19:30:00,NEO
45.19,45.205,45.18,45.205,2900,2021-07-07 19:31:00,NEO
45.205,45.205,45.205,45.205,1951,2021-07-07 19:32:00,NEO
45.21,45.23,45.21,45.23,2141,2021-07-07 19:33:00,NEO
45.22,45.225,45.21,45.22,800,2021-07-07 19:34:00,NEO
45.215,45.215,45.2,45.205,967,2021-07-07 19:35:00,NEO
45.19,45.19,45.19,45.19,232,2021-07-07 19:36:00,NEO
45.15,45.15,45.135,45.14,910,2021-07-07 19:37:00,NEO
45.125,45.14,45.125,45.14,200,2021-07-07 19:38:00,NEO
45.14,45.14,45.13,45.13,300,2021-07-07 19:39:00,NEO
45.125,45.125,45.125,45.125,100,2021-07-07 19:40:00,NEO
45.125,45.125,45.07,45.07,1300,2021-07-07 19:41:00,NEO
45.06,45.09,45.06,45.085,900,2021-07-07 19:42:00,NEO
45.09,45.12,45.09,45.12,2000,2021-07-07 19:43:00,NEO
45.11,45.12,45.1,45.12,600,2021-07-07 19:44:00,NEO
45.125,45.14,45.125,45.14,1812,2021-07-07 19:45:00,NEO
45.155,45.16,45.155,45.16,400,2021-07-07 19:46:00,NEO
45.16,45.165,45.16,45.16,700,2021-07-07 19:47:00,NEO
45.16,45.19,45.16,45.19,1664,2021-07-07 19:48:00,NEO
45.19,45.2,45.19,45.2,500,2021-07-07 19:49:00,NEO
45.185,45.185,45.12,45.145,4447,2021-07-07 19:50:00,NEO
45.15,45.15,45.15,45.15,100,2021-07-07 19:51:00,NEO
45.12,45.15,45.12,45.15,1225,2021-07-07 19:52:00,NEO
45.135,45.135,45.1,45.1,2280,2021-07-07 19:53:00,NEO
45.1,45.11,45.1,45.1,400,2021-07-07 19:54:00,NEO
45.09,45.12,45.085,45.12,4492,2021-07-07 19:55:00,NEO
45.12,45.12,45.1114,45.12,1102,2021-07-07 19:56:00,NEO
45.115,45.115,45.08,45.095,3815,2021-07-07 19:57:00,NEO
45.1,45.1,45.06,45.1,3636,2021-07-07 19:58:00,NEO
45.1,45.16,45.09,45.14,6456,2021-07-07 19:59:00,NEO
45.14,45.14,45.14,45.14,70609,2021-07-07 20:00:00,NEO
45.14,45.14,45.14,45.14,2638,2021-07-07 20:01:00,NEO
45.67,45.67,45.67,45.67,100,2021-07-07 20:03:00,NEO
44.66,45.0696,44.17,44.17,7634,2021-07-08 13:30:00,NEO
44.19,44.2,44.17,44.17,500,2021-07-08 13:32:00,NEO
44.3704,44.3704,44.2,44.2,1310,2021-07-08 13:34:00,NEO
44.25,44.25,44.25,44.25,100,2021-07-08 13:35:00,NEO
44.0842,44.0842,44.0842,44.0842,100,2021-07-08 13:36:00,NEO
44.235,44.235,44.15,44.15,200,2021-07-08 13:38:00,NEO
44.3,44.3,44.28,44.28,200,2021-07-08 13:40:00,NEO
44.225,44.225,44.21,44.21,400,2021-07-08 13:41:00,NEO
44.24,44.44,44.24,44.4,2100,2021-07-08 13:42:00,NEO
44.385,44.47,44.385,44.39,600,2021-07-08 13:43:00,NEO
44.39,44.47,44.31,44.31,876,2021-07-08 13:44:00,NEO
44.23,44.23,43.99,43.99,200,2021-07-08 13:45:00,NEO
44.0,44.0,43.99,43.99,300,2021-07-08 13:46:00,NEO
43.945,43.945,43.74,43.87,2921,2021-07-08 13:47:00,NEO
43.83,43.85,43.75,43.775,26531,2021-07-08 13:48:00,NEO
43.73,43.83,43.65,43.665,7400,2021-07-08 13:49:00,NEO
43.62,43.78,43.56,43.78,1698,2021-07-08 13:50:00,NEO
43.81,44.04,43.81,44.04,600,2021-07-08 13:51:00,NEO
43.99,44.0599,43.99,44.0599,312,2021-07-08 13:52:00,NEO
44.08,44.08,44.07,44.07,200,2021-07-08 13:53:00,NEO
44.05,44.12,43.9758,44.07,1934,2021-07-08 13:54:00,NEO
44.09,44.2,44.057,44.2,700,2021-07-08 13:55:00,NEO
44.155,44.155,43.96,43.96,750,2021-07-08 13:56:00,NEO
44.23,44.23,44.05,44.13,600,2021-07-08 13:57:00,NEO
44.04,44.04,44.04,44.04,200,2021-07-08 13:58:00,NEO
44.16,44.16,44.07,44.155,658,2021-07-08 13:59:00,NEO
44.155,44.22,44.14,44.22,900,2021-07-08 14:00:00,NEO
44.27,44.27,44.19,44.19,200,2021-07-08 14:01:00,NEO
44.17,44.17,44.17,44.17,200,2021-07-08 14:02:00,NEO
44.19,44.25,44.19,44.24,600,2021-07-08 14:03:00,NEO
44.3,44.32,44.3,44.32,2083,2021-07-08 14:05:00,NEO
44.32,44.4,44.308,44.33,17798,2021-07-08 14:06:00,NEO
44.38,44.38,44.34,44.36,500,2021-07-08 14:07:00,NEO
44.33,44.33,44.33,44.33,100,2021-07-08 14:09:00,NEO
44.3,44.5,44.3,44.5,400,2021-07-08 14:10:00,NEO
44.47,44.53,44.46,44.53,1015,2021-07-08 14:11:00,NEO
44.5,44.5,44.5,44.5,100,2021-07-08 14:13:00,NEO
44.46,44.46,44.4155,44.4155,200,2021-07-08 14:14:00,NEO
44.42,44.4252,44.42,44.4252,203,2021-07-08 14:15:00,NEO
44.47,44.49,44.47,44.49,657,2021-07-08 14:16:00,NEO
44.525,44.56,44.43,44.465,1800,2021-07-08 14:17:00,NEO
44.475,44.475,44.18,44.18,5200,2021-07-08 14:18:00,NEO
44.1616,44.17,44.14,44.14,1000,2021-07-08 14:19:00,NEO
44.14,44.18,44.14,44.18,300,2021-07-08 14:20:00,NEO
44.12,44.155,44.1,44.12,700,2021-07-08 14:21:00,NEO
44.06,44.1,43.9556,44.05,1025,2021-07-08 14:22:00,NEO
44.07,44.07,44.07,44.07,100,2021-07-08 14:23:00,NEO
44.03,44.09,44.03,44.07,400,2021-07-08 14:24:00,NEO
44.11,44.19,44.11,44.19,606,2021-07-08 14:25:00,NEO
44.24,44.29,44.16,44.29,59700,2021-07-08 14:27:00,NEO
44.31,44.34,44.21,44.34,45432,2021-07-08 14:28:00,NEO
44.21,44.21,44.15,44.15,300,2021-07-08 14:31:00,NEO
44.13,44.2,44.13,44.13,600,2021-07-08 14:32:00,NEO
44.14,44.14,44.11,44.11,200,2021-07-08 14:33:00,NEO
44.09,44.1,44.08,44.09,400,2021-07-08 14:34:00,NEO
44.13,44.14,44.05,44.055,1724,2021-07-08 14:35:00,NEO
44.03,44.035,43.92,43.96,1690,2021-07-08 14:36:00,NEO
43.99,44.0,43.9,43.9,754,2021-07-08 14:37:00,NEO
43.9,43.92,43.89,43.89,800,2021-07-08 14:38:00,NEO
43.85,43.92,43.85,43.92,1075,2021-07-08 14:39:00,NEO
43.93,43.95,43.87,43.89,1204,2021-07-08 14:40:00,NEO
43.86,43.91,43.86,43.91,300,2021-07-08 14:41:00,NEO
43.87,43.99,43.87,43.95,900,2021-07-08 14:42:00,NEO
43.96,44.0,43.94,43.94,700,2021-07-08 14:43:00,NEO
43.969,43.969,43.94,43.94,250,2021-07-08 14:44:00,NEO
43.96,44.02,43.96,44.01,609,2021-07-08 14:45:00,NEO
43.99,43.99,43.95,43.95,200,2021-07-08 14:46:00,NEO
43.88,43.895,43.84,43.84,701,2021-07-08 14:47:00,NEO
43.87,43.87,43.83,43.86,800,2021-07-08 14:48:00,NEO
43.78,43.8099,43.68,43.68,12856,2021-07-08 14:49:00,NEO
43.74,43.79,43.74,43.79,700,2021-07-08 14:50:00,NEO
43.75,43.82,43.75,43.78,799,2021-07-08 14:51:00,NEO
43.77,43.82,43.74,43.74,900,2021-07-08 14:52:00,NEO
43.765,43.765,43.63,43.69,1348,2021-07-08 14:53:00,NEO
43.67,43.67,43.67,43.67,100,2021-07-08 14:54:00,NEO
43.67,43.67,43.66,43.66,615,2021-07-08 14:55:00,NEO
43.605,43.63,43.55,43.55,416,2021-07-08 14:56:00,NEO
43.555,43.59,43.54,43.54,725,2021-07-08 14:57:00,NEO
43.545,43.545,43.47,43.5,1800,2021-07-08 14:58:00,NEO
43.45,43.45,43.45,43.45,100,2021-07-08 14:59:00,NEO
43.45,43.46,43.45,43.46,300,2021-07-08 15:00:00,NEO
43.47,43.47,43.47,43.47,167,2021-07-08 15:01:00,NEO
43.405,43.4399,43.405,43.4399,200,2021-07-08 15:02:00,NEO
43.41,43.41,43.37,43.41,300,2021-07-08 15:03:00,NEO
43.41,43.48,43.41,43.48,1100,2021-07-08 15:04:00,NEO
43.46,43.49,43.46,43.49,500,2021-07-08 15:05:00,NEO
43.49,43.57,43.49,43.57,700,2021-07-08 15:06:00,NEO
43.59,43.59,43.545,43.585,781,2021-07-08 15:07:00,NEO
43.56,43.605,43.56,43.605,1030,2021-07-08 15:09:00,NEO
43.66,43.66,43.58,43.58,503,2021-07-08 15:10:00,NEO
43.605,43.61,43.59,43.6,1000,2021-07-08 15:12:00,NEO
43.595,43.595,43.59,43.59,500,2021-07-08 15:13:00,NEO
43.63,43.69,43.62,43.69,1300,2021-07-08 15:14:00,NEO
43.66,43.705,43.66,43.705,600,2021-07-08 15:15:00,NEO
43.73,43.73,43.73,43.73,100,2021-07-08 15:16:00,NEO
43.76,43.76,43.76,43.76,100,2021-07-08 15:17:00,NEO
43.76,43.76,43.7,43.72,1400,2021-07-08 15:20:00,NEO
43.75,43.8,43.75,43.8,1300,2021-07-08 15:21:00,NEO
43.79,43.79,43.78,43.78,200,2021-07-08 15:22:00,NEO
43.79,43.93,43.79,43.9172,650,2021-07-08 15:23:00,NEO
43.89,43.93,43.85,43.92,1200,2021-07-08 15:25:00,NEO
43.91,44.02,43.91,44.02,400,2021-07-08 15:26:00,NEO
44.01,44.01,44.01,44.01,100,2021-07-08 15:27:00,NEO
44.01,44.08,44.0,44.06,1100,2021-07-08 15:28:00,NEO
44.14,44.14,44.11,44.11,200,2021-07-08 15:29:00,NEO
44.1,44.14,44.061,44.061,827,2021-07-08 15:30:00,NEO
44.13,44.14,44.12,44.12,300,2021-07-08 15:31:00,NEO
44.02,44.02,44.02,44.02,100,2021-07-08 15:33:00,NEO
44.04,44.06,44.04,44.06,400,2021-07-08 15:34:00,NEO
44.06,44.06,44.06,44.06,600,2021-07-08 15:35:00,NEO
44.0,44.0,44.0,44.0,100,2021-07-08 15:36:00,NEO
44.02,44.1,44.02,44.07,606,2021-07-08 15:38:00,NEO
44.085,44.15,44.085,44.15,1700,2021-07-08 15:39:00,NEO
44.16,44.16,44.11,44.13,300,2021-07-08 15:40:00,NEO
44.13,44.16,44.13,44.16,500,2021-07-08 15:41:00,NEO
44.15,44.17,44.14,44.17,652,2021-07-08 15:42:00,NEO
44.16,44.16,44.16,44.16,290,2021-07-08 15:43:00,NEO
44.16,44.16,44.0991,44.105,72253,2021-07-08 15:44:00,NEO
44.13,44.22,44.13,44.22,600,2021-07-08 15:45:00,NEO
44.2,44.32,44.19,44.32,500,2021-07-08 15:47:00,NEO
44.34,44.34,44.34,44.34,100,2021-07-08 15:48:00,NEO
44.34,44.401,44.34,44.401,200,2021-07-08 15:49:00,NEO
44.41,44.47,44.41,44.47,500,2021-07-08 15:50:00,NEO
44.48,44.48,44.48,44.48,100,2021-07-08 15:51:00,NEO
44.4873,44.49,44.42,44.42,840,2021-07-08 15:52:00,NEO
44.43,44.43,44.43,44.43,100,2021-07-08 15:53:00,NEO
44.4,44.44,44.38,44.44,455,2021-07-08 15:54:00,NEO
44.45,44.45,44.45,44.45,100,2021-07-08 15:55:00,NEO
44.44,44.44,44.44,44.44,1087,2021-07-08 15:56:00,NEO
44.43,44.43,44.34,44.35,700,2021-07-08 15:57:00,NEO
44.24,44.435,44.24,44.435,1405,2021-07-08 15:59:00,NEO
44.47,44.47,44.47,44.47,100,2021-07-08 16:01:00,NEO
44.5905,44.5905,44.55,44.565,1142,2021-07-08 16:03:00,NEO
44.57,44.58,44.57,44.58,200,2021-07-08 16:04:00,NEO
44.63,44.63,44.63,44.63,115,2021-07-08 16:05:00,NEO
44.655,44.655,44.62,44.62,200,2021-07-08 16:06:00,NEO
44.63,44.63,44.63,44.63,100,2021-07-08 16:07:00,NEO
44.64,44.64,44.58,44.58,1900,2021-07-08 16:08:00,NEO
44.54,44.63,44.54,44.63,316,2021-07-08 16:09:00,NEO
44.64,44.64,44.57,44.57,473,2021-07-08 16:10:00,NEO
44.52,44.52,44.52,44.52,200,2021-07-08 16:11:00,NEO
44.5176,44.5201,44.5176,44.5201,505,2021-07-08 16:12:00,NEO
44.55,44.55,44.5,44.52,400,2021-07-08 16:14:00,NEO
44.51,44.52,44.51,44.52,300,2021-07-08 16:15:00,NEO
44.51,44.51,44.49,44.49,200,2021-07-08 16:16:00,NEO
44.48,44.48,44.44,44.44,400,2021-07-08 16:18:00,NEO
44.44,44.443,44.44,44.443,400,2021-07-08 16:19:00,NEO
44.47,44.49,44.4647,44.49,816,2021-07-08 16:20:00,NEO
44.47,44.49,44.47,44.49,400,2021-07-08 16:22:00,NEO
44.475,44.52,44.4306,44.5,4889,2021-07-08 16:24:00,NEO
44.4,44.415,44.4,44.415,300,2021-07-08 16:25:00,NEO
44.415,44.42,44.41,44.42,1408,2021-07-08 16:26:00,NEO
44.44,44.47,44.44,44.47,319,2021-07-08 16:27:00,NEO
44.48,44.54,44.48,44.53,821,2021-07-08 16:29:00,NEO
44.51,44.57,44.51,44.57,600,2021-07-08 16:31:00,NEO
44.65,44.65,44.65,44.65,100,2021-07-08 16:32:00,NEO
44.65,44.65,44.65,44.65,100,2021-07-08 16:33:00,NEO
44.605,44.605,44.605,44.605,100,2021-07-08 16:35:00,NEO
44.6,44.62,44.6,44.62,300,2021-07-08 16:37:00,NEO
44.65,44.65,44.65,44.65,100,2021-07-08 16:38:00,NEO
44.64,44.64,44.64,44.64,200,2021-07-08 16:40:00,NEO
44.64,44.65,44.64,44.65,200,2021-07-08 16:41:00,NEO
44.66,44.68,44.65,44.67,839,2021-07-08 16:42:00,NEO
44.69,44.7,44.68,44.68,415,2021-07-08 16:43:00,NEO
44.7164,44.72,44.6629,44.71,912,2021-07-08 16:44:00,NEO
44.72,44.72,44.7,44.7,200,2021-07-08 16:45:00,NEO
44.67,44.67,44.63,44.63,300,2021-07-08 16:47:00,NEO
44.62,44.62,44.62,44.62,100,2021-07-08 16:50:00,NEO
44.59,44.61,44.57,44.61,1155,2021-07-08 16:54:00,NEO
44.57,44.58,44.5301,44.5301,1316,2021-07-08 16:55:00,NEO
44.6,44.6,44.56,44.56,1000,2021-07-08 16:56:00,NEO
44.53,44.55,44.46,44.55,871,2021-07-08 16:57:00,NEO
44.4601,44.53,44.43,44.43,2139,2021-07-08 16:58:00,NEO
44.48,44.48,44.45,44.47,322,2021-07-08 17:00:00,NEO
44.48,44.52,44.48,44.52,718,2021-07-08 17:01:00,NEO
44.52,44.52,44.52,44.52,200,2021-07-08 17:04:00,NEO
44.43,44.43,44.43,44.43,327,2021-07-08 17:06:00,NEO
44.5,44.5,44.5,44.5,100,2021-07-08 17:07:00,NEO
44.48,44.48,44.48,44.48,100,2021-07-08 17:08:00,NEO
44.45,44.48,44.45,44.47,1100,2021-07-08 17:09:00,NEO
44.495,44.495,44.45,44.45,200,2021-07-08 17:10:00,NEO
44.45,44.45,44.45,44.45,100,2021-07-08 17:12:00,NEO
44.4799,44.49,44.4799,44.49,721,2021-07-08 17:13:00,NEO
44.49,44.53,44.49,44.53,500,2021-07-08 17:14:00,NEO
44.51,44.51,44.51,44.51,100,2021-07-08 17:15:00,NEO
44.53,44.53,44.53,44.53,100,2021-07-08 17:16:00,NEO
44.49,44.49,44.49,44.49,200,2021-07-08 17:17:00,NEO
44.48,44.48,44.48,44.48,100,2021-07-08 17:19:00,NEO
44.475,44.505,44.475,44.48,691,2021-07-08 17:20:00,NEO
44.53,44.54,44.52,44.54,500,2021-07-08 17:22:00,NEO
44.59,44.6,44.54,44.54,1229,2021-07-08 17:24:00,NEO
44.71,44.71,44.63,44.63,600,2021-07-08 17:28:00,NEO
44.72,44.74,44.72,44.74,300,2021-07-08 17:30:00,NEO
44.76,44.8,44.75,44.8,900,2021-07-08 17:31:00,NEO
44.82,44.82,44.82,44.82,100,2021-07-08 17:32:00,NEO
44.84,44.88,44.79,44.86,1815,2021-07-08 17:35:00,NEO
44.87,44.89,44.87,44.89,800,2021-07-08 17:39:00,NEO
44.86,44.86,44.86,44.86,100,2021-07-08 17:40:00,NEO
44.815,44.815,44.815,44.815,100,2021-07-08 17:44:00,NEO
44.7925,44.7925,44.7925,44.7925,100,2021-07-08 17:45:00,NEO
44.81,44.81,44.81,44.81,100,2021-07-08 17:47:00,NEO
44.73,44.745,44.72,44.745,500,2021-07-08 17:48:00,NEO
44.74,44.7412,44.73,44.7412,500,2021-07-08 17:49:00,NEO
44.755,44.755,44.755,44.755,100,2021-07-08 17:50:00,NEO
44.68,44.695,44.68,44.695,200,2021-07-08 17:53:00,NEO
44.74,44.74,44.74,44.74,100,2021-07-08 17:54:00,NEO
44.698,44.74,44.698,44.74,1493,2021-07-08 17:55:00,NEO
44.77,44.78,44.77,44.78,300,2021-07-08 17:56:00,NEO
44.73,44.73,44.73,44.73,100,2021-07-08 17:58:00,NEO
44.704,44.72,44.704,44.72,850,2021-07-08 17:59:00,NEO
44.74,44.76,44.74,44.75,400,2021-07-08 18:00:00,NEO
44.81,44.83,44.77,44.7925,1195,2021-07-08 18:03:00,NEO
44.795,44.795,44.795,44.795,133,2021-07-08 18:04:00,NEO
44.78,44.78,44.78,44.78,100,2021-07-08 18:05:00,NEO
44.74,44.75,44.735,44.735,400,2021-07-08 18:06:00,NEO
44.73,44.73,44.73,44.73,100,2021-07-08 18:07:00,NEO
44.72,44.72,44.69,44.69,303,2021-07-08 18:08:00,NEO
44.69,44.72,44.68,44.71,1524,2021-07-08 18:09:00,NEO
44.7,44.7,44.69,44.7,350,2021-07-08 18:10:00,NEO
44.71,44.74,44.71,44.74,736,2021-07-08 18:11:00,NEO
44.8,44.81,44.79,44.79,1200,2021-07-08 18:12:00,NEO
44.79,44.79,44.79,44.79,100,2021-07-08 18:13:00,NEO
44.78,44.78,44.775,44.775,300,2021-07-08 18:14:00,NEO
44.77,44.77,44.76,44.76,200,2021-07-08 18:16:00,NEO
44.73,44.76,44.71,44.76,1600,2021-07-08 18:17:00,NEO
44.7599,44.7599,44.705,44.705,413,2021-07-08 18:18:00,NEO
44.66,44.66,44.64,44.655,300,2021-07-08 18:20:00,NEO
44.67,44.67,44.66,44.67,472,2021-07-08 18:21:00,NEO
44.65,44.65,44.63,44.64,600,2021-07-08 18:22:00,NEO
44.65,44.67,44.65,44.65,500,2021-07-08 18:23:00,NEO
44.65,44.65,44.65,44.65,100,2021-07-08 18:24:00,NEO
44.62,44.62,44.62,44.62,100,2021-07-08 18:25:00,NEO
44.65,44.68,44.65,44.68,500,2021-07-08 18:26:00,NEO
44.625,44.625,44.59,44.59,200,2021-07-08 18:28:00,NEO
44.59,44.59,44.59,44.59,100,2021-07-08 18:30:00,NEO
44.56,44.56,44.55,44.55,500,2021-07-08 18:31:00,NEO
44.51,44.51,44.51,44.51,100,2021-07-08 18:32:00,NEO
44.55,44.585,44.55,44.585,848,2021-07-08 18:34:00,NEO
44.59,44.61,44.59,44.6,700,2021-07-08 18:36:00,NEO
44.6,44.6,44.56,44.59,500,2021-07-08 18:37:00,NEO
44.6,44.6,44.6,44.6,632,2021-07-08 18:38:00,NEO
44.6,44.6,44.58,44.58,700,2021-07-08 18:40:00,NEO
44.6,44.65,44.6,44.65,522,2021-07-08 18:41:00,NEO
44.63,44.64,44.63,44.63,300,2021-07-08 18:43:00,NEO
44.64,44.74,44.64,44.71,26025,2021-07-08 18:44:00,NEO
44.74,44.74,44.73,44.73,200,2021-07-08 18:45:00,NEO
44.695,44.695,44.695,44.695,200,2021-07-08 18:46:00,NEO
44.67,44.7,44.67,44.7,700,2021-07-08 18:47:00,NEO
44.67,44.71,44.67,44.7,600,2021-07-08 18:48:00,NEO
44.72,44.72,44.72,44.72,200,2021-07-08 18:49:00,NEO
44.69,44.695,44.661,44.685,600,2021-07-08 18:50:00,NEO
44.68,44.68,44.68,44.68,100,2021-07-08 18:51:00,NEO
44.68,44.73,44.68,44.73,533,2021-07-08 18:52:00,NEO
44.73,44.73,44.68,44.69,700,2021-07-08 18:53:00,NEO
44.685,44.69,44.685,44.69,200,2021-07-08 18:54:00,NEO
44.7,44.71,44.67,44.71,710,2021-07-08 18:55:00,NEO
44.715,44.715,44.715,44.715,100,2021-07-08 18:56:00,NEO
44.745,44.75,44.72,44.75,400,2021-07-08 18:57:00,NEO
44.76,44.76,44.76,44.76,100,2021-07-08 18:58:00,NEO
44.76,44.76,44.74,44.74,200,2021-07-08 18:59:00,NEO
44.72,44.72,44.72,44.72,100,2021-07-08 19:00:00,NEO
44.8,44.8,44.76,44.76,600,2021-07-08 19:01:00,NEO
44.78,44.8,44.77,44.79,946,2021-07-08 19:03:00,NEO
44.83,44.83,44.825,44.825,300,2021-07-08 19:04:00,NEO
44.79,44.79,44.79,44.79,200,2021-07-08 19:05:00,NEO
44.81,44.81,44.75,44.79,1100,2021-07-08 19:08:00,NEO
44.81,44.82,44.8,44.8,632,2021-07-08 19:09:00,NEO
44.815,44.815,44.815,44.815,100,2021-07-08 19:10:00,NEO
44.82,44.82,44.8,44.8,1900,2021-07-08 19:12:00,NEO
44.8,44.805,44.775,44.8,832,2021-07-08 19:13:00,NEO
44.79,44.799,44.76,44.76,1903,2021-07-08 19:15:00,NEO
44.735,44.735,44.69,44.69,500,2021-07-08 19:16:00,NEO
44.72,44.72,44.69,44.69,500,2021-07-08 19:17:00,NEO
44.71,44.72,44.71,44.72,500,2021-07-08 19:18:00,NEO
44.705,44.705,44.705,44.705,100,2021-07-08 19:19:00,NEO
44.72,44.74,44.71,44.71,838,2021-07-08 19:20:00,NEO
44.74,44.78,44.74,44.77,600,2021-07-08 19:21:00,NEO
44.745,44.775,44.745,44.76,435,2021-07-08 19:22:00,NEO
44.78,44.78,44.775,44.775,200,2021-07-08 19:23:00,NEO
44.78,44.79,44.78,44.79,200,2021-07-08 19:24:00,NEO
44.7501,44.775,44.73,44.73,518,2021-07-08 19:25:00,NEO
44.75,44.78,44.75,44.78,800,2021-07-08 19:26:00,NEO
44.79,44.805,44.79,44.805,425,2021-07-08 19:27:00,NEO
44.83,44.83,44.83,44.83,100,2021-07-08 19:28:00,NEO
44.83,44.84,44.83,44.84,400,2021-07-08 19:29:00,NEO
44.84,44.87,44.825,44.87,500,2021-07-08 19:30:00,NEO
44.84,44.87,44.84,44.87,1300,2021-07-08 19:31:00,NEO
44.84,44.85,44.84,44.845,609,2021-07-08 19:32:00,NEO
44.87,44.87,44.84,44.855,604,2021-07-08 19:33:00,NEO
44.82,44.82,44.815,44.815,300,2021-07-08 19:35:00,NEO
44.83,44.84,44.83,44.835,300,2021-07-08 19:36:00,NEO
44.845,44.845,44.845,44.845,200,2021-07-08 19:37:00,NEO
44.85,44.87,44.85,44.87,600,2021-07-08 19:38:00,NEO
44.87,44.92,44.86,44.875,1200,2021-07-08 19:39:00,NEO
44.85,44.85,44.8,44.81,400,2021-07-08 19:40:00,NEO
44.8,44.8,44.77,44.79,400,2021-07-08 19:41:00,NEO
44.81,44.84,44.81,44.84,700,2021-07-08 19:42:00,NEO
44.83,44.8308,44.79,44.8308,928,2021-07-08 19:43:00,NEO
44.815,44.815,44.77,44.7905,417,2021-07-08 19:44:00,NEO
44.7814,44.79,44.71,44.71,905,2021-07-08 19:45:00,NEO
44.765,44.7799,44.76,44.76,357,2021-07-08 19:46:00,NEO
44.745,44.76,44.74,44.74,1634,2021-07-08 19:47:00,NEO
44.7469,44.7469,44.73,44.735,1673,2021-07-08 19:48:00,NEO
44.75,44.75,44.72,44.72,1551,2021-07-08 19:49:00,NEO
44.71,44.74,44.63,44.74,8161,2021-07-08 19:50:00,NEO
44.74,44.7807,44.71,44.765,937,2021-07-08 19:51:00,NEO
44.765,44.765,44.74,44.75,1269,2021-07-08 19:52:00,NEO
44.78,44.8199,44.78,44.8199,895,2021-07-08 19:53:00,NEO
44.78,44.81,44.71,44.71,6785,2021-07-08 19:54:00,NEO
44.71,44.72,44.63,44.68,5359,2021-07-08 19:55:00,NEO
44.7,44.72,44.68,44.69,3902,2021-07-08 19:56:00,NEO
44.72,44.72,44.685,44.715,4132,2021-07-08 19:57:00,NEO
44.705,44.73,44.705,44.7199,5824,2021-07-08 19:58:00,NEO
44.71,44.8,44.71,44.8,11449,2021-07-08 19:59:00,NEO
44.78,44.78,44.78,44.78,86405,2021-07-08 20:00:00,NEO
44.83,44.89,44.83,44.85,3194,2021-07-09 13:30:00,NEO
44.8,44.8,44.8,44.8,100,2021-07-09 13:32:00,NEO
44.74,44.78,44.645,44.645,689,2021-07-09 13:33:00,NEO
44.78,44.83,44.78,44.83,300,2021-07-09 13:34:00,NEO
44.7001,44.79,44.7001,44.79,300,2021-07-09 13:36:00,NEO
44.76,44.76,44.76,44.76,200,2021-07-09 13:38:00,NEO
44.755,44.755,44.755,44.755,150,2021-07-09 13:42:00,NEO
44.755,44.755,44.755,44.755,100,2021-07-09 13:44:00,NEO
44.86,44.95,44.86,44.91,401,2021-07-09 13:45:00,NEO
44.85,44.85,44.8,44.81,1257,2021-07-09 13:46:00,NEO
44.89,44.92,44.89,44.92,1958,2021-07-09 13:47:00,NEO
44.82,44.82,44.62,44.69,1165,2021-07-09 13:48:00,NEO
44.705,44.735,44.685,44.735,1122,2021-07-09 13:50:00,NEO
44.73,44.73,44.645,44.645,1000,2021-07-09 13:51:00,NEO
44.5889,44.77,44.5889,44.77,623,2021-07-09 13:52:00,NEO
44.665,44.665,44.665,44.665,600,2021-07-09 13:53:00,NEO
44.75,44.81,44.75,44.81,200,2021-07-09 13:54:00,NEO
44.73,44.73,44.73,44.73,100,2021-07-09 13:56:00,NEO
44.83,44.91,44.83,44.91,500,2021-07-09 13:59:00,NEO
44.89,44.89,44.81,44.84,1900,2021-07-09 14:00:00,NEO
44.85,44.85,44.775,44.775,200,2021-07-09 14:01:00,NEO
44.765,44.84,44.765,44.84,400,2021-07-09 14:02:00,NEO
44.8,44.8,44.8,44.8,100,2021-07-09 14:03:00,NEO
44.8,44.84,44.8,44.84,200,2021-07-09 14:04:00,NEO
44.845,44.85,44.845,44.85,300,2021-07-09 14:05:00,NEO
44.84,44.86,44.83,44.86,1100,2021-07-09 14:06:00,NEO
44.84,44.85,44.84,44.85,332,2021-07-09 14:07:00,NEO
44.86,44.9,44.83,44.9,3958,2021-07-09 14:08:00,NEO
44.92,44.92,44.87,44.87,2326,2021-07-09 14:09:00,NEO
44.87,44.89,44.85,44.87,2884,2021-07-09 14:10:00,NEO
44.9,44.91,44.9,44.91,200,2021-07-09 14:11:00,NEO
44.77,44.77,44.77,44.77,100,2021-07-09 14:15:00,NEO
44.7987,44.7987,44.7987,44.7987,200,2021-07-09 14:20:00,NEO
44.85,44.93,44.85,44.93,400,2021-07-09 14:21:00,NEO
44.955,44.955,44.955,44.955,100,2021-07-09 14:28:00,NEO
44.98,44.98,44.98,44.98,100,2021-07-09 14:29:00,NEO
44.99,44.99,44.98,44.98,200,2021-07-09 14:30:00,NEO
44.95,45.0,44.95,44.99,600,2021-07-09 14:31:00,NEO
44.97,45.01,44.935,45.01,500,2021-07-09 14:35:00,NEO
45.02,45.02,45.02,45.02,300,2021-07-09 14:37:00,NEO
45.03,45.11,45.03,45.11,400,2021-07-09 14:38:00,NEO
45.065,45.065,45.065,45.065,200,2021-07-09 14:39:00,NEO
45.18,45.19,45.18,45.19,300,2021-07-09 14:42:00,NEO
45.22,45.22,45.22,45.22,100,2021-07-09 14:45:00,NEO
45.195,45.195,45.195,45.195,100,2021-07-09 14:47:00,NEO
45.15,45.22,45.15,45.17,1900,2021-07-09 14:48:00,NEO
45.1861,45.24,45.1861,45.22,960,2021-07-09 14:49:00,NEO
45.2299,45.23,45.205,45.23,1701,2021-07-09 14:50:00,NEO
45.19,45.19,45.19,45.19,100,2021-07-09 14:52:00,NEO
45.19,45.19,45.19,45.19,100,2021-07-09 14:53:00,NEO
45.27,45.37,45.27,45.37,200,2021-07-09 14:54:00,NEO
45.35,45.35,45.35,45.35,200,2021-07-09 14:55:00,NEO
45.335,45.39,45.335,45.35,383,2021-07-09 14:56:00,NEO
45.33,45.39,45.33,45.34,544,2021-07-09 14:57:00,NEO
45.4,45.4,45.39,45.4,300,2021-07-09 15:04:00,NEO
45.36,45.36,45.32,45.32,299,2021-07-09 15:05:00,NEO
45.36,45.37,45.36,45.37,200,2021-07-09 15:06:00,NEO
45.37,45.37,45.37,45.37,100,2021-07-09 15:08:00,NEO
45.37,45.42,45.37,45.42,1400,2021-07-09 15:09:00,NEO
45.38,45.38,45.36,45.36,200,2021-07-09 15:14:00,NEO
45.4,45.41,45.365,45.365,713,2021-07-09 15:15:00,NEO
45.28,45.28,45.28,45.28,212,2021-07-09 15:17:00,NEO
45.23,45.23,45.23,45.23,100,2021-07-09 15:21:00,NEO
45.29,45.33,45.265,45.33,893,2021-07-09 15:22:00,NEO
45.34,45.34,45.34,45.34,500,2021-07-09 15:24:00,NEO
45.34,45.348,45.34,45.348,200,2021-07-09 15:25:00,NEO
45.32,45.32,45.31,45.31,300,2021-07-09 15:26:00,NEO
45.33,45.375,45.33,45.375,2235,2021-07-09 15:27:00,NEO
45.32,45.32,45.32,45.32,100,2021-07-09 15:30:00,NEO
45.28,45.28,45.28,45.28,749,2021-07-09 15:31:00,NEO
45.25,45.25,45.25,45.25,100,2021-07-09 15:33:00,NEO
45.2588,45.265,45.25,45.25,600,2021-07-09 15:34:00,NEO
45.29,45.29,45.285,45.285,400,2021-07-09 15:35:00,NEO
45.285,45.285,45.285,45.285,100,2021-07-09 15:36:00,NEO
45.26,45.26,45.23,45.23,600,2021-07-09 15:37:00,NEO
45.26,45.26,45.23,45.23,1192,2021-07-09 15:38:00,NEO
45.29,45.29,45.29,45.29,150,2021-07-09 15:39:00,NEO
45.281,45.31,45.2495,45.2495,4038,2021-07-09 15:41:00,NEO
45.275,45.29,45.22,45.23,38433,2021-07-09 15:42:00,NEO
45.23,45.245,45.195,45.245,1337,2021-07-09 15:43:00,NEO
45.26,45.28,45.25,45.255,1800,2021-07-09 15:44:00,NEO
45.23,45.23,45.23,45.23,100,2021-07-09 15:46:00,NEO
45.255,45.255,45.255,45.255,549,2021-07-09 15:47:00,NEO
45.255,45.43,45.255,45.43,3136,2021-07-09 15:48:00,NEO
45.44,45.44,45.44,45.44,100,2021-07-09 15:49:00,NEO
45.46,45.46,45.425,45.425,624,2021-07-09 15:50:00,NEO
45.425,45.425,45.4,45.4,246,2021-07-09 15:51:00,NEO
45.39,45.39,45.37,45.37,843,2021-07-09 15:53:00,NEO
45.43,45.43,45.4,45.4,308,2021-07-09 15:54:00,NEO
45.382,45.3913,45.382,45.3913,200,2021-07-09 15:55:00,NEO
45.43,45.43,45.38,45.38,289,2021-07-09 15:56:00,NEO
45.4,45.4,45.4,45.4,410,2021-07-09 15:57:00,NEO
45.37,45.37,45.37,45.37,427,2021-07-09 15:58:00,NEO
45.31,45.35,45.31,45.315,800,2021-07-09 15:59:00,NEO
45.359,45.359,45.359,45.359,500,2021-07-09 16:02:00,NEO
45.36,45.36,45.355,45.355,569,2021-07-09 16:03:00,NEO
45.36,45.41,45.34,45.41,1423,2021-07-09 16:04:00,NEO
45.39,45.39,45.39,45.39,100,2021-07-09 16:05:00,NEO
45.385,45.385,45.385,45.385,758,2021-07-09 16:06:00,NEO
45.36,45.385,45.36,45.36,500,2021-07-09 16:09:00,NEO
45.34,45.4,45.34,45.4,922,2021-07-09 16:10:00,NEO
45.39,45.39,45.37,45.37,475,2021-07-09 16:13:00,NEO
45.3482,45.3482,45.3482,45.3482,250,2021-07-09 16:15:00,NEO
45.36,45.36,45.35,45.35,581,2021-07-09 16:18:00,NEO
45.341,45.341,45.341,45.341,138,2021-07-09 16:21:00,NEO
45.35,45.35,45.35,45.35,100,2021-07-09 16:22:00,NEO
45.36,45.36,45.36,45.36,319,2021-07-09 16:23:00,NEO
45.34,45.34,45.34,45.34,100,2021-07-09 16:24:00,NEO
45.38,45.39,45.375,45.375,500,2021-07-09 16:25:00,NEO
45.34,45.34,45.34,45.34,568,2021-07-09 16:26:00,NEO
45.34,45.34,45.34,45.34,341,2021-07-09 16:27:00,NEO
45.35,45.35,45.34,45.34,400,2021-07-09 16:28:00,NEO
45.34,45.36,45.34,45.34,800,2021-07-09 16:29:00,NEO
45.34,45.34,45.3,45.3,852,2021-07-09 16:30:00,NEO
45.23,45.23,45.23,45.23,100,2021-07-09 16:31:00,NEO
45.26,45.28,45.26,45.28,301,2021-07-09 16:32:00,NEO
45.28,45.28,45.28,45.28,100,2021-07-09 16:33:00,NEO
45.28,45.28,45.28,45.28,200,2021-07-09 16:34:00,NEO
45.25,45.25,45.24,45.24,300,2021-07-09 16:36:00,NEO
45.24,45.24,45.22,45.22,1034,2021-07-09 16:37:00,NEO
45.13,45.18,45.13,45.17,1585,2021-07-09 16:38:00,NEO
45.17,45.19,45.17,45.18,500,2021-07-09 16:39:00,NEO
45.21,45.21,45.21,45.21,100,2021-07-09 16:40:00,NEO
45.21,45.21,45.21,45.21,100,2021-07-09 16:42:00,NEO
45.21,45.23,45.21,45.23,400,2021-07-09 16:43:00,NEO
45.24,45.31,45.24,45.31,400,2021-07-09 16:44:00,NEO
45.31,45.31,45.28,45.28,3021,2021-07-09 16:45:00,NEO
45.295,45.295,45.28,45.28,1052,2021-07-09 16:46:00,NEO
45.27,45.27,45.26,45.26,500,2021-07-09 16:48:00,NEO
45.26,45.26,45.24,45.24,300,2021-07-09 16:49:00,NEO
45.231,45.231,45.231,45.231,100,2021-07-09 16:51:00,NEO
45.22,45.225,45.22,45.22,700,2021-07-09 16:52:00,NEO
45.22,45.22,45.16,45.18,970,2021-07-09 16:53:00,NEO
45.195,45.195,45.195,45.195,100,2021-07-09 16:54:00,NEO
45.22,45.22,45.22,45.22,200,2021-07-09 16:55:00,NEO
45.21,45.21,45.21,45.21,100,2021-07-09 16:56:00,NEO
45.24,45.24,45.24,45.24,200,2021-07-09 16:57:00,NEO
45.2832,45.2832,45.2832,45.2832,500,2021-07-09 16:58:00,NEO
45.25,45.27,45.25,45.25,2300,2021-07-09 17:00:00,NEO
45.251,45.251,45.251,45.251,100,2021-07-09 17:01:00,NEO
45.24,45.24,45.24,45.24,100,2021-07-09 17:04:00,NEO
45.26,45.26,45.22,45.22,1472,2021-07-09 17:05:00,NEO
45.235,45.235,45.235,45.235,100,2021-07-09 17:06:00,NEO
45.235,45.235,45.235,45.235,100,2021-07-09 17:09:00,NEO
45.235,45.235,45.235,45.235,300,2021-07-09 17:10:00,NEO
45.25,45.299,45.25,45.299,689,2021-07-09 17:11:00,NEO
45.3,45.37,45.3,45.37,463,2021-07-09 17:12:00,NEO
45.37,45.3999,45.341,45.3999,2386,2021-07-09 17:13:00,NEO
45.39,45.39,45.39,45.39,100,2021-07-09 17:14:00,NEO
45.3697,45.39,45.3697,45.39,394,2021-07-09 17:15:00,NEO
45.4,45.44,45.4,45.44,1424,2021-07-09 17:17:00,NEO
45.43,45.43,45.42,45.42,993,2021-07-09 17:18:00,NEO
45.43,45.43,45.43,45.43,100,2021-07-09 17:20:00,NEO
45.41,45.41,45.41,45.41,100,2021-07-09 17:22:00,NEO
45.435,45.47,45.435,45.47,1000,2021-07-09 17:23:00,NEO
45.455,45.455,45.441,45.441,706,2021-07-09 17:24:00,NEO
45.46,45.51,45.46,45.51,600,2021-07-09 17:25:00,NEO
45.491,45.5,45.47,45.5,1584,2021-07-09 17:28:00,NEO
45.525,45.54,45.525,45.54,300,2021-07-09 17:29:00,NEO
45.545,45.545,45.52,45.5201,775,2021-07-09 17:30:00,NEO
45.555,45.555,45.555,45.555,100,2021-07-09 17:31:00,NEO
45.59,45.59,45.59,45.59,100,2021-07-09 17:33:00,NEO
45.61,45.61,45.61,45.61,200,2021-07-09 17:34:00,NEO
45.61,45.61,45.61,45.61,100,2021-07-09 17:35:00,NEO
45.61,45.61,45.54,45.54,3487,2021-07-09 17:36:00,NEO
45.53,45.53,45.5,45.5,1217,2021-07-09 17:37:00,NEO
45.52,45.52,45.52,45.52,200,2021-07-09 17:38:00,NEO
45.51,45.51,45.46,45.46,618,2021-07-09 17:39:00,NEO
45.5,45.5,45.48,45.5,1100,2021-07-09 17:40:00,NEO
45.52,45.52,45.5,45.5,777,2021-07-09 17:43:00,NEO
45.46,45.46,45.46,45.46,100,2021-07-09 17:44:00,NEO
45.5,45.5,45.5,45.5,400,2021-07-09 17:45:00,NEO
45.51,45.51,45.51,45.51,100,2021-07-09 17:46:00,NEO
45.5,45.5,45.5,45.5,310,2021-07-09 17:47:00,NEO
45.495,45.495,45.44,45.46,1375,2021-07-09 17:50:00,NEO
45.47,45.525,45.47,45.525,800,2021-07-09 17:51:00,NEO
45.51,45.51,45.5,45.505,757,2021-07-09 17:52:00,NEO
45.5,45.5,45.5,45.5,500,2021-07-09 17:53:00,NEO
45.51,45.51,45.491,45.491,600,2021-07-09 17:55:00,NEO
45.51,45.51,45.51,45.51,400,2021-07-09 17:58:00,NEO
45.53,45.53,45.53,45.53,672,2021-07-09 17:59:00,NEO
45.52,45.53,45.52,45.521,500,2021-07-09 18:02:00,NEO
45.52,45.53,45.51,45.53,529,2021-07-09 18:04:00,NEO
45.51,45.515,45.42,45.42,1547,2021-07-09 18:07:00,NEO
45.46,45.47,45.43,45.46,600,2021-07-09 18:10:00,NEO
45.48,45.5,45.48,45.5,300,2021-07-09 18:12:00,NEO
45.52,45.52,45.52,45.52,556,2021-07-09 18:13:00,NEO
45.5,45.5,45.5,45.5,200,2021-07-09 18:14:00,NEO
45.49,45.5,45.49,45.5,418,2021-07-09 18:15:00,NEO
45.49,45.495,45.46,45.46,600,2021-07-09 18:16:00,NEO
45.46,45.46,45.46,45.46,100,2021-07-09 18:17:00,NEO
45.48,45.505,45.48,45.505,500,2021-07-09 18:18:00,NEO
45.496,45.496,45.49,45.49,384,2021-07-09 18:19:00,NEO
45.48,45.485,45.37,45.38,7200,2021-07-09 18:20:00,NEO
45.38,45.38,45.36,45.37,615,2021-07-09 18:21:00,NEO
45.34,45.34,45.28,45.28,409,2021-07-09 18:22:00,NEO
45.28,45.28,45.28,45.28,214,2021-07-09 18:24:00,NEO
45.25,45.26,45.22,45.22,2791,2021-07-09 18:25:00,NEO
45.23,45.23,45.22,45.22,439,2021-07-09 18:26:00,NEO
45.22,45.22,45.21,45.21,300,2021-07-09 18:27:00,NEO
45.22,45.23,45.22,45.23,900,2021-07-09 18:28:00,NEO
45.23,45.23,45.22,45.22,3600,2021-07-09 18:29:00,NEO
45.22,45.3,45.21,45.24,2980,2021-07-09 18:30:00,NEO
45.265,45.29,45.26,45.29,700,2021-07-09 18:31:00,NEO
45.305,45.33,45.305,45.33,1129,2021-07-09 18:32:00,NEO
45.32,45.32,45.31,45.32,761,2021-07-09 18:33:00,NEO
45.32,45.32,45.3,45.3,414,2021-07-09 18:34:00,NEO
45.29,45.3,45.29,45.3,300,2021-07-09 18:35:00,NEO
45.305,45.305,45.305,45.305,100,2021-07-09 18:36:00,NEO
45.32,45.3227,45.32,45.3227,380,2021-07-09 18:37:00,NEO
45.31,45.31,45.29,45.29,300,2021-07-09 18:38:00,NEO
45.339,45.339,45.339,45.339,100,2021-07-09 18:40:00,NEO
45.33,45.33,45.33,45.33,400,2021-07-09 18:41:00,NEO
45.36,45.36,45.35,45.35,200,2021-07-09 18:42:00,NEO
45.35,45.37,45.35,45.37,200,2021-07-09 18:43:00,NEO
45.37,45.37,45.34,45.34,1376,2021-07-09 18:44:00,NEO
45.36,45.36,45.36,45.36,300,2021-07-09 18:45:00,NEO
45.37,45.37,45.31,45.32,1661,2021-07-09 18:46:00,NEO
45.32,45.32,45.31,45.31,425,2021-07-09 18:47:00,NEO
45.291,45.31,45.291,45.31,300,2021-07-09 18:48:00,NEO
45.3,45.3,45.3,45.3,100,2021-07-09 18:51:00,NEO
45.3,45.3,45.28,45.29,1147,2021-07-09 18:53:00,NEO
45.28,45.28,45.28,45.28,278,2021-07-09 18:54:00,NEO
45.27,45.28,45.25,45.25,500,2021-07-09 18:55:00,NEO
45.24,45.25,45.24,45.25,200,2021-07-09 18:56:00,NEO
45.25,45.25,45.24,45.24,200,2021-07-09 18:57:00,NEO
45.26,45.27,45.26,45.27,600,2021-07-09 18:58:00,NEO
45.28,45.28,45.28,45.28,400,2021-07-09 18:59:00,NEO
45.305,45.305,45.305,45.305,100,2021-07-09 19:01:00,NEO
45.305,45.305,45.28,45.28,1043,2021-07-09 19:02:00,NEO
45.28,45.28,45.265,45.27,1543,2021-07-09 19:03:00,NEO
45.27,45.27,45.27,45.27,200,2021-07-09 19:04:00,NEO
45.26,45.26,45.23,45.23,500,2021-07-09 19:05:00,NEO
45.24,45.24,45.24,45.24,100,2021-07-09 19:07:00,NEO
45.24,45.27,45.24,45.27,400,2021-07-09 19:08:00,NEO
45.28,45.28,45.28,45.28,100,2021-07-09 19:09:00,NEO
45.26,45.26,45.26,45.26,200,2021-07-09 19:10:00,NEO
45.26,45.26,45.26,45.26,100,2021-07-09 19:11:00,NEO
45.26,45.34,45.26,45.34,700,2021-07-09 19:12:00,NEO
45.37,45.37,45.3617,45.3617,200,2021-07-09 19:13:00,NEO
45.365,45.365,45.35,45.35,400,2021-07-09 19:15:00,NEO
45.36,45.36,45.36,45.36,100,2021-07-09 19:16:00,NEO
45.365,45.38,45.34,45.38,1694,2021-07-09 19:17:00,NEO
45.4,45.42,45.4,45.42,700,2021-07-09 19:18:00,NEO
45.41,45.425,45.41,45.42,930,2021-07-09 19:20:00,NEO
45.42,45.42,45.41,45.41,1016,2021-07-09 19:21:00,NEO
45.41,45.41,45.4,45.405,869,2021-07-09 19:23:00,NEO
45.38,45.38,45.36,45.36,1673,2021-07-09 19:25:00,NEO
45.34,45.34,45.34,45.34,200,2021-07-09 19:26:00,NEO
45.36,45.38,45.36,45.38,921,2021-07-09 19:27:00,NEO
45.37,45.37,45.36,45.36,300,2021-07-09 19:28:00,NEO
45.37,45.37,45.37,45.37,300,2021-07-09 19:29:00,NEO
45.39,45.405,45.39,45.405,700,2021-07-09 19:30:00,NEO
45.405,45.405,45.38,45.38,723,2021-07-09 19:31:00,NEO
45.37,45.38,45.37,45.38,1184,2021-07-09 19:32:00,NEO
45.38,45.38,45.38,45.38,300,2021-07-09 19:33:00,NEO
45.37,45.37,45.37,45.37,656,2021-07-09 19:34:00,NEO
45.37,45.38,45.37,45.38,200,2021-07-09 19:35:00,NEO
45.37,45.37,45.37,45.37,100,2021-07-09 19:36:00,NEO
45.38,45.38,45.35,45.38,1702,2021-07-09 19:37:00,NEO
45.37,45.37,45.37,45.37,100,2021-07-09 19:38:00,NEO
45.36,45.38,45.36,45.37,914,2021-07-09 19:39:00,NEO
45.3668,45.3668,45.24,45.24,2121,2021-07-09 19:40:00,NEO
45.25,45.26,45.25,45.26,700,2021-07-09 19:41:00,NEO
45.3,45.305,45.3,45.305,495,2021-07-09 19:42:00,NEO
45.3,45.3,45.24,45.24,1541,2021-07-09 19:43:00,NEO
45.25,45.27,45.25,45.26,700,2021-07-09 19:44:00,NEO
45.27,45.27,45.27,45.27,100,2021-07-09 19:45:00,NEO
45.29,45.32,45.29,45.3,797,2021-07-09 19:46:00,NEO
45.32,45.325,45.31,45.31,400,2021-07-09 19:47:00,NEO
45.34,45.34,45.29,45.3,968,2021-07-09 19:48:00,NEO
45.31,45.31,45.2801,45.3,935,2021-07-09 19:49:00,NEO
45.32,45.41,45.27,45.28,6245,2021-07-09 19:50:00,NEO
45.3,45.3,45.26,45.29,2453,2021-07-09 19:51:00,NEO
45.295,45.3,45.27,45.28,1704,2021-07-09 19:52:00,NEO
45.27,45.27,45.25,45.26,700,2021-07-09 19:53:00,NEO
45.29,45.32,45.275,45.32,500,2021-07-09 19:54:00,NEO
45.34,45.35,45.31,45.315,3065,2021-07-09 19:55:00,NEO
45.31,45.31,45.28,45.28,2314,2021-07-09 19:56:00,NEO
45.26,45.29,45.26,45.28,3324,2021-07-09 19:57:00,NEO
45.28,45.28,45.235,45.24,3806,2021-07-09 19:58:00,NEO
45.24,45.25,45.22,45.23,4113,2021-07-09 19:59:00,NEO
45.23,45.23,45.23,45.23,50058,2021-07-09 20:00:00,NEO
45.23,45.23,45.23,45.23,331,2021-07-09 20:01:00,NEO
45.79,45.79,45.79,45.79,100,2021-07-09 21:51:00,NEO
45.18,45.19,45.18,45.19,200,2021-07-12 12:05:00,NEO
45.28,45.47,45.28,45.47,3765,2021-07-12 13:30:00,NEO
45.49,45.56,45.4,45.46,900,2021-07-12 13:31:00,NEO
45.445,45.445,45.445,45.445,100,2021-07-12 13:32:00,NEO
45.37,45.39,45.325,45.39,900,2021-07-12 13:33:00,NEO
45.38,45.38,45.38,45.38,100,2021-07-12 13:34:00,NEO
45.25,45.25,45.23,45.23,322,2021-07-12 13:39:00,NEO
45.13,45.14,45.11,45.11,1200,2021-07-12 13:41:00,NEO
45.09,45.09,45.07,45.07,200,2021-07-12 13:42:00,NEO
45.12,45.16,45.12,45.16,700,2021-07-12 13:43:00,NEO
45.1888,45.1888,45.1708,45.1708,400,2021-07-12 13:44:00,NEO
45.1,45.1,45.07,45.07,200,2021-07-12 13:45:00,NEO
45.01,45.01,45.01,45.01,100,2021-07-12 13:46:00,NEO
44.84,44.84,44.84,44.84,200,2021-07-12 13:48:00,NEO
44.83,44.83,44.77,44.77,400,2021-07-12 13:49:00,NEO
44.6601,44.6601,44.6601,44.6601,100,2021-07-12 13:51:00,NEO
44.81,44.81,44.81,44.81,200,2021-07-12 13:52:00,NEO
44.9078,44.9078,44.82,44.82,212,2021-07-12 13:53:00,NEO
44.85,44.85,44.85,44.85,100,2021-07-12 13:54:00,NEO
44.85,44.85,44.85,44.85,100,2021-07-12 13:58:00,NEO
44.86,44.87,44.86,44.87,200,2021-07-12 13:59:00,NEO
44.85,44.9,44.82,44.9,300,2021-07-12 14:00:00,NEO
44.79,44.85,44.75,44.75,500,2021-07-12 14:01:00,NEO
44.8,44.8,44.8,44.8,100,2021-07-12 14:02:00,NEO
44.79,44.79,44.79,44.79,100,2021-07-12 14:03:00,NEO
44.735,44.87,44.73,44.87,2488,2021-07-12 14:04:00,NEO
44.89,44.89,44.89,44.89,100,2021-07-12 14:05:00,NEO
44.9,44.93,44.89,44.89,700,2021-07-12 14:06:00,NEO
44.9523,45.025,44.94,45.025,1573,2021-07-12 14:07:00,NEO
45.095,45.1,45.095,45.1,200,2021-07-12 14:08:00,NEO
45.04,45.15,45.04,45.15,1511,2021-07-12 14:09:00,NEO
45.04,45.08,45.025,45.025,1100,2021-07-12 14:10:00,NEO
44.99,45.02,44.921,44.9883,2107,2021-07-12 14:11:00,NEO
45.0,45.07,45.0,45.05,2813,2021-07-12 14:12:00,NEO
45.045,45.045,45.045,45.045,100,2021-07-12 14:13:00,NEO
45.06,45.06,45.02,45.02,1900,2021-07-12 14:14:00,NEO
45.09,45.09,44.925,44.97,700,2021-07-12 14:15:00,NEO
44.95,44.95,44.95,44.95,100,2021-07-12 14:16:00,NEO
44.97,44.97,44.97,44.97,100,2021-07-12 14:17:00,NEO
44.94,44.94,44.94,44.94,300,2021-07-12 14:18:00,NEO
44.9662,45.02,44.9662,45.02,1100,2021-07-12 14:19:00,NEO
44.99,45.02,44.92,45.02,900,2021-07-12 14:20:00,NEO
44.88,44.88,44.851,44.851,600,2021-07-12 14:22:00,NEO
44.91,44.91,44.91,44.91,100,2021-07-12 14:23:00,NEO
44.89,44.93,44.84,44.93,600,2021-07-12 14:24:00,NEO
44.96,44.96,44.96,44.96,100,2021-07-12 14:27:00,NEO
44.99,45.05,44.94,44.99,13731,2021-07-12 14:29:00,NEO
44.96,44.97,44.87,44.89,1200,2021-07-12 14:30:00,NEO
44.87,44.965,44.87,44.965,8650,2021-07-12 14:31:00,NEO
44.96,44.96,44.96,44.96,200,2021-07-12 14:32:00,NEO
44.96,45.06,44.96,45.06,200,2021-07-12 14:34:00,NEO
45.025,45.05,45.025,45.03,911,2021-07-12 14:35:00,NEO
45.0,45.0,45.0,45.0,100,2021-07-12 14:36:00,NEO
45.025,45.025,44.975,44.975,702,2021-07-12 14:37:00,NEO
45.0,45.0,45.0,45.0,300,2021-07-12 14:38:00,NEO
44.99,44.99,44.95,44.97,700,2021-07-12 14:41:00,NEO
45.0,45.0,45.0,45.0,100,2021-07-12 14:43:00,NEO
44.975,44.975,44.975,44.975,100,2021-07-12 14:44:00,NEO
44.97,44.98,44.97,44.98,700,2021-07-12 14:45:00,NEO
45.0,45.08,45.0,45.08,400,2021-07-12 14:46:00,NEO
44.98,45.01,44.98,45.01,200,2021-07-12 14:47:00,NEO
45.0499,45.0499,44.93,45.01,3900,2021-07-12 14:48:00,NEO
44.97,44.97,44.85,44.85,530,2021-07-12 14:49:00,NEO
44.87,44.93,44.87,44.93,1000,2021-07-12 14:50:00,NEO
45.0,45.04,45.0,45.0,2200,2021-07-12 14:51:00,NEO
45.0575,45.0575,45.04,45.04,200,2021-07-12 14:52:00,NEO
44.95,45.01,44.95,45.005,2960,2021-07-12 14:54:00,NEO
45.005,45.015,45.0,45.015,762,2021-07-12 14:57:00,NEO
45.03,45.03,45.0001,45.0001,300,2021-07-12 14:58:00,NEO
45.08,45.12,45.08,45.12,580,2021-07-12 15:00:00,NEO
45.09,45.09,45.09,45.09,100,2021-07-12 15:01:00,NEO
45.15,45.15,45.125,45.125,400,2021-07-12 15:02:00,NEO
45.065,45.11,45.065,45.11,300,2021-07-12 15:06:00,NEO
45.12,45.12,45.11,45.11,200,2021-07-12 15:08:00,NEO
45.08,45.08,45.0477,45.08,685,2021-07-12 15:09:00,NEO
45.0716,45.12,45.0716,45.12,678,2021-07-12 15:10:00,NEO
45.08,45.08,45.03,45.03,200,2021-07-12 15:11:00,NEO
45.01,45.02,45.005,45.02,300,2021-07-12 15:12:00,NEO
45.0,45.0,44.95,44.96,1000,2021-07-12 15:13:00,NEO
44.95,44.99,44.92,44.99,1471,2021-07-12 15:15:00,NEO
45.01,45.01,44.96,45.01,3000,2021-07-12 15:17:00,NEO
45.01,45.01,44.98,45.01,1200,2021-07-12 15:20:00,NEO
44.98,45.01,44.965,44.99,1378,2021-07-12 15:23:00,NEO
44.99,44.99,44.99,44.99,610,2021-07-12 15:24:00,NEO
44.98,44.98,44.98,44.98,118,2021-07-12 15:25:00,NEO
45.07,45.07,45.06,45.06,200,2021-07-12 15:26:00,NEO
45.03,45.05,45.03,45.05,200,2021-07-12 15:27:00,NEO
44.96,44.99,44.96,44.99,600,2021-07-12 15:28:00,NEO
44.91,44.96,44.91,44.96,500,2021-07-12 15:30:00,NEO
44.9326,44.9326,44.9326,44.9326,227,2021-07-12 15:31:00,NEO
44.9403,44.96,44.9403,44.95,544,2021-07-12 15:32:00,NEO
44.955,44.98,44.94,44.98,700,2021-07-12 15:34:00,NEO
44.95,45.07,44.95,45.07,51300,2021-07-12 15:35:00,NEO
45.01,45.06,45.01,45.06,200,2021-07-12 15:36:00,NEO
44.99,45.01,44.98,45.01,800,2021-07-12 15:37:00,NEO
44.99,45.06,44.99,45.06,400,2021-07-12 15:39:00,NEO
45.06,45.14,45.06,45.14,600,2021-07-12 15:40:00,NEO
45.19,45.19,45.19,45.19,100,2021-07-12 15:42:00,NEO
45.17,45.17,45.17,45.17,100,2021-07-12 15:45:00,NEO
45.13,45.13,45.12,45.13,500,2021-07-12 15:46:00,NEO
45.14,45.22,45.14,45.2156,520,2021-07-12 15:47:00,NEO
45.16,45.18,45.16,45.18,200,2021-07-12 15:49:00,NEO
45.1501,45.16,45.15,45.16,791,2021-07-12 15:50:00,NEO
45.145,45.145,45.145,45.145,100,2021-07-12 15:52:00,NEO
45.12,45.135,45.12,45.121,700,2021-07-12 15:53:00,NEO
45.15,45.16,45.15,45.16,200,2021-07-12 15:54:00,NEO
45.15,45.18,45.15,45.17,1300,2021-07-12 15:55:00,NEO
45.15,45.15,45.145,45.145,500,2021-07-12 15:58:00,NEO
45.16,45.19,45.13,45.17,2740,2021-07-12 15:59:00,NEO
45.1201,45.15,45.1201,45.15,600,2021-07-12 16:00:00,NEO
45.17,45.17,45.17,45.17,100,2021-07-12 16:01:00,NEO
45.15,45.2,45.15,45.18,699,2021-07-12 16:02:00,NEO
45.22,45.22,45.17,45.17,400,2021-07-12 16:03:00,NEO
45.19,45.19,45.175,45.175,560,2021-07-12 16:04:00,NEO
45.16,45.17,45.15,45.17,400,2021-07-12 16:05:00,NEO
45.17,45.17,45.17,45.17,300,2021-07-12 16:06:00,NEO
45.15,45.2,45.15,45.185,985,2021-07-12 16:07:00,NEO
45.18,45.18,45.18,45.18,200,2021-07-12 16:08:00,NEO
45.16,45.16,45.16,45.16,320,2021-07-12 16:09:00,NEO
45.14,45.15,45.14,45.15,300,2021-07-12 16:10:00,NEO
45.111,45.111,45.111,45.111,100,2021-07-12 16:11:00,NEO
45.15,45.16,45.15,45.16,300,2021-07-12 16:12:00,NEO
45.18,45.2,45.18,45.18,400,2021-07-12 16:14:00,NEO
45.17,45.19,45.17,45.19,600,2021-07-12 16:15:00,NEO
45.2339,45.29,45.2339,45.29,400,2021-07-12 16:17:00,NEO
45.23,45.23,45.21,45.21,200,2021-07-12 16:19:00,NEO
45.18,45.18,45.18,45.18,300,2021-07-12 16:20:00,NEO
45.26,45.26,45.26,45.26,200,2021-07-12 16:22:00,NEO
45.25,45.25,45.25,45.25,994,2021-07-12 16:23:00,NEO
45.24,45.29,45.22,45.29,500,2021-07-12 16:24:00,NEO
45.22,45.22,45.22,45.22,1000,2021-07-12 16:25:00,NEO
45.26,45.26,45.24,45.24,200,2021-07-12 16:26:00,NEO
45.2,45.2,45.2,45.2,100,2021-07-12 16:27:00,NEO
45.16,45.19,45.131,45.19,900,2021-07-12 16:28:00,NEO
45.2,45.2,45.2,45.2,100,2021-07-12 16:29:00,NEO
45.18,45.18,45.18,45.18,100,2021-07-12 16:31:00,NEO
45.2,45.2,45.2,45.2,200,2021-07-12 16:32:00,NEO
45.15,45.22,45.15,45.22,700,2021-07-12 16:33:00,NEO
45.215,45.215,45.215,45.215,214,2021-07-12 16:34:00,NEO
45.29,45.3,45.29,45.3,200,2021-07-12 16:35:00,NEO
45.26,45.26,45.26,45.26,287,2021-07-12 16:37:00,NEO
45.26,45.26,45.19,45.19,400,2021-07-12 16:38:00,NEO
45.2,45.22,45.2,45.22,408,2021-07-12 16:39:00,NEO
45.19,45.2,45.19,45.2,460,2021-07-12 16:44:00,NEO
45.16,45.18,45.16,45.17,400,2021-07-12 16:45:00,NEO
45.15,45.19,45.14,45.19,1000,2021-07-12 16:50:00,NEO
45.18,45.19,45.18,45.19,300,2021-07-12 16:51:00,NEO
45.2,45.2,45.2,45.2,100,2021-07-12 16:54:00,NEO
45.215,45.215,45.215,45.215,100,2021-07-12 16:55:00,NEO
45.22,45.22,45.22,45.22,100,2021-07-12 16:56:00,NEO
45.19,45.19,45.19,45.19,100,2021-07-12 16:57:00,NEO
45.17,45.17,45.17,45.17,100,2021-07-12 16:58:00,NEO
45.2,45.23,45.2,45.23,200,2021-07-12 17:00:00,NEO
45.21,45.21,45.21,45.21,200,2021-07-12 17:01:00,NEO
45.22,45.22,45.22,45.22,100,2021-07-12 17:02:00,NEO
45.2,45.2,45.2,45.2,100,2021-07-12 17:03:00,NEO
45.21,45.24,45.2,45.24,400,2021-07-12 17:04:00,NEO
45.21,45.21,45.21,45.21,100,2021-07-12 17:06:00,NEO
45.17,45.2,45.16,45.16,600,2021-07-12 17:07:00,NEO
45.12,45.15,45.115,45.15,600,2021-07-12 17:08:00,NEO
45.16,45.17,45.14,45.14,800,2021-07-12 17:09:00,NEO
45.15,45.18,45.12,45.18,1200,2021-07-12 17:11:00,NEO
45.16,45.18,45.14,45.16,900,2021-07-12 17:12:00,NEO
45.18,45.19,45.155,45.16,700,2021-07-12 17:13:00,NEO
45.17,45.17,45.17,45.17,400,2021-07-12 17:14:00,NEO
45.16,45.16,45.145,45.155,1200,2021-07-12 17:15:00,NEO
45.15,45.24,45.15,45.24,300,2021-07-12 17:16:00,NEO
45.18,45.18,45.16,45.1626,400,2021-07-12 17:17:00,NEO
45.17,45.211,45.17,45.211,200,2021-07-12 17:18:00,NEO
45.15,45.15,45.15,45.15,100,2021-07-12 17:19:00,NEO
45.2,45.2,45.1561,45.1561,525,2021-07-12 17:20:00,NEO
45.175,45.18,45.12,45.16,27211,2021-07-12 17:22:00,NEO
45.18,45.2,45.16,45.2,8368,2021-07-12 17:23:00,NEO
45.21,45.21,45.15,45.17,800,2021-07-12 17:24:00,NEO
45.18,45.18,45.18,45.18,100,2021-07-12 17:25:00,NEO
45.21,45.23,45.21,45.23,300,2021-07-12 17:27:00,NEO
45.25,45.25,45.2399,45.2399,200,2021-07-12 17:28:00,NEO
45.21,45.21,45.1701,45.2,500,2021-07-12 17:30:00,NEO
45.18,45.18,45.16,45.175,900,2021-07-12 17:31:00,NEO
45.23,45.23,45.23,45.23,100,2021-07-12 17:32:00,NEO
45.2,45.2148,45.2,45.2148,233,2021-07-12 17:34:00,NEO
45.23,45.23,45.23,45.23,100,2021-07-12 17:35:00,NEO
45.225,45.225,45.225,45.225,100,2021-07-12 17:36:00,NEO
45.23,45.23,45.23,45.23,100,2021-07-12 17:37:00,NEO
45.23,45.23,45.21,45.21,300,2021-07-12 17:38:00,NEO
45.22,45.22,45.22,45.22,100,2021-07-12 17:40:00,NEO
45.21,45.215,45.19,45.19,400,2021-07-12 17:41:00,NEO
45.19,45.195,45.19,45.195,200,2021-07-12 17:42:00,NEO
45.185,45.185,45.08,45.13,6279,2021-07-12 17:43:00,NEO
45.13,45.13,45.08,45.12,2300,2021-07-12 17:44:00,NEO
45.1,45.12,45.07,45.1,2000,2021-07-12 17:45:00,NEO
45.1,45.1,45.06,45.1,3619,2021-07-12 17:46:00,NEO
45.085,45.11,45.06,45.09,2294,2021-07-12 17:47:00,NEO
45.09,45.11,45.08,45.08,526,2021-07-12 17:48:00,NEO
45.08,45.08,45.07,45.07,300,2021-07-12 17:49:00,NEO
45.095,45.12,45.09,45.09,83817,2021-07-12 17:50:00,NEO
45.09,45.09,45.08,45.09,402,2021-07-12 17:51:00,NEO
45.09,45.09,45.09,45.09,100,2021-07-12 17:52:00,NEO
45.11,45.1218,45.09,45.11,734,2021-07-12 17:53:00,NEO
45.11,45.115,45.11,45.115,200,2021-07-12 17:54:00,NEO
45.115,45.115,45.11,45.11,200,2021-07-12 17:55:00,NEO
45.12,45.13,45.1,45.1,1740,2021-07-12 17:56:00,NEO
45.08,45.08,45.08,45.08,285,2021-07-12 17:57:00,NEO
45.12,45.12,45.12,45.12,200,2021-07-12 17:58:00,NEO
45.12,45.12,45.085,45.085,3913,2021-07-12 17:59:00,NEO
45.06,45.06,45.06,45.06,520,2021-07-12 18:00:00,NEO
45.06,45.06,45.01,45.031,600,2021-07-12 18:01:00,NEO
45.02,45.03,44.98,44.98,900,2021-07-12 18:02:00,NEO
44.98,44.98,44.98,44.98,633,2021-07-12 18:03:00,NEO
44.98,45.03,44.97,44.99,1641,2021-07-12 18:04:00,NEO
45.03,45.05,45.03,45.04,400,2021-07-12 18:05:00,NEO
45.0,45.0,45.0,45.0,100,2021-07-12 18:07:00,NEO
44.98,44.98,44.95,44.95,200,2021-07-12 18:08:00,NEO
44.985,44.985,44.97,44.97,300,2021-07-12 18:10:00,NEO
44.95,44.97,44.94,44.95,1000,2021-07-12 18:11:00,NEO
44.91,44.91,44.89,44.89,800,2021-07-12 18:15:00,NEO
44.88,44.88,44.855,44.86,708,2021-07-12 18:16:00,NEO
44.91,44.91,44.91,44.91,300,2021-07-12 18:17:00,NEO
44.94,44.99,44.94,44.97,600,2021-07-12 18:18:00,NEO
44.965,44.965,44.965,44.965,100,2021-07-12 18:21:00,NEO
44.99,44.99,44.99,44.99,114,2021-07-12 18:22:00,NEO
44.975,44.975,44.975,44.975,100,2021-07-12 18:23:00,NEO
44.98,45.01,44.975,45.0,711,2021-07-12 18:24:00,NEO
44.96,44.99,44.96,44.99,200,2021-07-12 18:25:00,NEO
45.02,45.02,45.02,45.02,100,2021-07-12 18:26:00,NEO
45.01,45.04,45.01,45.03,300,2021-07-12 18:27:00,NEO
45.03,45.03,45.01,45.01,300,2021-07-12 18:28:00,NEO
45.05,45.05,45.05,45.05,100,2021-07-12 18:29:00,NEO
45.105,45.105,45.1,45.1,200,2021-07-12 18:32:00,NEO
45.08,45.09,45.08,45.08,500,2021-07-12 18:33:00,NEO
45.1,45.1,45.1,45.1,100,2021-07-12 18:34:00,NEO
45.1,45.115,45.1,45.115,4400,2021-07-12 18:35:00,NEO
45.1,45.1,45.07,45.07,739,2021-07-12 18:36:00,NEO
45.085,45.09,45.085,45.09,200,2021-07-12 18:37:00,NEO
45.09,45.1,45.09,45.1,300,2021-07-12 18:38:00,NEO
45.095,45.1,45.095,45.1,200,2021-07-12 18:39:00,NEO
45.095,45.095,45.08,45.08,200,2021-07-12 18:40:00,NEO
45.1,45.12,45.1,45.12,1959,2021-07-12 18:42:00,NEO
45.12,45.12,45.11,45.11,300,2021-07-12 18:43:00,NEO
45.13,45.13,45.13,45.13,500,2021-07-12 18:44:00,NEO
45.15,45.16,45.13,45.13,806,2021-07-12 18:45:00,NEO
45.13,45.13,45.125,45.125,948,2021-07-12 18:46:00,NEO
45.081,45.1,45.081,45.1,400,2021-07-12 18:48:00,NEO
45.1,45.1,45.075,45.075,327,2021-07-12 18:51:00,NEO
45.075,45.16,45.06,45.135,13212,2021-07-12 18:52:00,NEO
45.135,45.17,45.135,45.17,4010,2021-07-12 18:53:00,NEO
45.15,45.16,45.14,45.15,3000,2021-07-12 18:54:00,NEO
45.15,45.15,45.145,45.145,1513,2021-07-12 18:55:00,NEO
45.16,45.18,45.15,45.15,600,2021-07-12 18:56:00,NEO
45.17,45.17,45.17,45.17,100,2021-07-12 18:57:00,NEO
45.18,45.18,45.18,45.18,100,2021-07-12 18:58:00,NEO
45.2,45.22,45.2,45.22,400,2021-07-12 18:59:00,NEO
45.21,45.222,45.19,45.222,7623,2021-07-12 19:00:00,NEO
45.19,45.21,45.19,45.21,300,2021-07-12 19:01:00,NEO
45.215,45.215,45.2,45.21,809,2021-07-12 19:03:00,NEO
45.21,45.24,45.21,45.24,600,2021-07-12 19:04:00,NEO
45.23,45.23,45.23,45.23,200,2021-07-12 19:05:00,NEO
45.22,45.22,45.19,45.19,400,2021-07-12 19:06:00,NEO
45.22,45.22,45.21,45.21,200,2021-07-12 19:09:00,NEO
45.2,45.2146,45.2,45.21,900,2021-07-12 19:13:00,NEO
45.15,45.19,45.15,45.19,500,2021-07-12 19:15:00,NEO
45.19,45.19,45.19,45.19,100,2021-07-12 19:17:00,NEO
45.18,45.19,45.18,45.19,200,2021-07-12 19:19:00,NEO
45.21,45.21,45.16,45.16,700,2021-07-12 19:21:00,NEO
45.16,45.16,45.16,45.16,200,2021-07-12 19:22:00,NEO
45.16,45.16,45.16,45.16,100,2021-07-12 19:23:00,NEO
45.141,45.141,45.141,45.141,100,2021-07-12 19:24:00,NEO
45.17,45.225,45.16,45.225,1100,2021-07-12 19:26:00,NEO
45.19,45.22,45.19,45.22,400,2021-07-12 19:28:00,NEO
45.22,45.22,45.2,45.2,200,2021-07-12 19:29:00,NEO
45.225,45.225,45.225,45.225,100,2021-07-12 19:30:00,NEO
45.21,45.23,45.21,45.23,210,2021-07-12 19:31:00,NEO
45.225,45.23,45.225,45.23,300,2021-07-12 19:32:00,NEO
45.24,45.24,45.24,45.24,200,2021-07-12 19:33:00,NEO
45.29,45.29,45.29,45.29,100,2021-07-12 19:34:00,NEO
45.285,45.3,45.27,45.3,400,2021-07-12 19:35:00,NEO
45.28,45.29,45.27,45.29,873,2021-07-12 19:37:00,NEO
45.28,45.28,45.26,45.26,1100,2021-07-12 19:38:00,NEO
45.27,45.28,45.26,45.26,300,2021-07-12 19:40:00,NEO
45.26,45.26,45.26,45.26,100,2021-07-12 19:41:00,NEO
45.28,45.28,45.27,45.28,400,2021-07-12 19:42:00,NEO
45.29,45.29,45.29,45.29,100,2021-07-12 19:43:00,NEO
45.26,45.26,45.26,45.26,200,2021-07-12 19:44:00,NEO
45.25,45.281,45.23,45.281,877,2021-07-12 19:45:00,NEO
45.28,45.28,45.28,45.28,158,2021-07-12 19:47:00,NEO
45.29,45.309,45.29,45.309,300,2021-07-12 19:48:00,NEO
45.29,45.29,45.271,45.285,600,2021-07-12 19:49:00,NEO
45.37,45.4,45.31,45.32,1682,2021-07-12 19:50:00,NEO
45.31,45.33,45.28,45.325,1100,2021-07-12 19:51:00,NEO
45.315,45.35,45.315,45.35,400,2021-07-12 19:52:00,NEO
45.335,45.335,45.335,45.335,100,2021-07-12 19:53:00,NEO
45.33,45.39,45.33,45.39,613,2021-07-12 19:54:00,NEO
45.34,45.36,45.34,45.35,1649,2021-07-12 19:55:00,NEO
45.34,45.37,45.33,45.36,1960,2021-07-12 19:56:00,NEO
45.35,45.37,45.345,45.36,2036,2021-07-12 19:57:00,NEO
45.35,45.36,45.35,45.35,1134,2021-07-12 19:58:00,NEO
45.35,45.38,45.35,45.38,6742,2021-07-12 19:59:00,NEO
45.38,45.38,45.38,45.38,45883,2021-07-12 20:00:00,NEO
45.3,45.3,45.3,45.3,100,2021-07-12 20:30:00,NEO
45.3,45.3,45.3,45.3,200,2021-07-12 20:31:00,NEO
45.2999,45.2999,45.2999,45.2999,500,2021-07-12 20:32:00,NEO
45.2,45.25,45.1999,45.2,900,2021-07-12 20:33:00,NEO
45.37,45.37,45.37,45.37,100,2021-07-12 20:36:00,NEO
45.45,45.48,45.4,45.48,515,2021-07-12 20:51:00,NEO
45.4501,45.4501,45.45,45.45,1100,2021-07-12 20:52:00,NEO
45.2,45.2,45.2,45.2,100,2021-07-13 11:18:00,NEO
45.23,45.23,45.23,45.23,100,2021-07-13 11:19:00,NEO
45.21,45.45,45.21,45.45,5572,2021-07-13 13:30:00,NEO
45.06,45.06,45.06,45.06,100,2021-07-13 13:33:00,NEO
45.26,45.26,45.24,45.24,300,2021-07-13 13:35:00,NEO
45.03,45.03,44.79,44.79,1000,2021-07-13 13:38:00,NEO
44.96,45.0684,44.95,45.0684,700,2021-07-13 13:40:00,NEO
44.995,44.995,44.92,44.99,700,2021-07-13 13:41:00,NEO
45.08,45.08,44.99,45.08,2020,2021-07-13 13:43:00,NEO
44.975,45.02,44.975,45.02,228,2021-07-13 13:44:00,NEO
44.93,44.97,44.89,44.96,1000,2021-07-13 13:46:00,NEO
44.99,45.02,44.99,45.02,200,2021-07-13 13:47:00,NEO
45.0,45.0,45.0,45.0,100,2021-07-13 13:49:00,NEO
44.96,44.96,44.96,44.96,400,2021-07-13 13:50:00,NEO
44.8858,45.03,44.8858,44.97,7800,2021-07-13 13:51:00,NEO
44.97,45.03,44.97,44.97,600,2021-07-13 13:52:00,NEO
44.96,44.97,44.96,44.97,800,2021-07-13 13:53:00,NEO
44.97,45.03,44.97,44.985,700,2021-07-13 13:54:00,NEO
45.0,45.11,45.0,45.11,503,2021-07-13 13:55:00,NEO
45.2099,45.2099,45.2099,45.2099,100,2021-07-13 13:56:00,NEO
45.13,45.13,45.1021,45.1021,251,2021-07-13 13:57:00,NEO
45.04,45.075,45.04,45.075,200,2021-07-13 13:58:00,NEO
45.075,45.11,44.985,44.985,4360,2021-07-13 13:59:00,NEO
45.05,45.05,45.05,45.05,119,2021-07-13 14:00:00,NEO
45.16,45.17,45.16,45.17,797,2021-07-13 14:01:00,NEO
45.1749,45.1749,45.1749,45.1749,200,2021-07-13 14:02:00,NEO
45.08,45.08,45.08,45.08,200,2021-07-13 14:03:00,NEO
44.96,45.0,44.96,45.0,570,2021-07-13 14:04:00,NEO
44.98,44.98,44.98,44.98,200,2021-07-13 14:05:00,NEO
44.955,44.955,44.955,44.955,120,2021-07-13 14:06:00,NEO
44.955,44.955,44.955,44.955,1000,2021-07-13 14:07:00,NEO
44.95,45.0,44.95,45.0,760,2021-07-13 14:08:00,NEO
45.0,45.04,45.0,45.04,400,2021-07-13 14:09:00,NEO
45.07,45.07,45.05,45.05,280,2021-07-13 14:11:00,NEO
45.08,45.08,45.03,45.03,1202,2021-07-13 14:12:00,NEO
45.11,45.11,45.11,45.11,100,2021-07-13 14:14:00,NEO
45.1,45.1,45.1,45.1,100,2021-07-13 14:15:00,NEO
45.1,45.1,45.1,45.1,100,2021-07-13 14:16:00,NEO
45.06,45.06,45.06,45.06,100,2021-07-13 14:17:00,NEO
45.11,45.119,45.11,45.119,263,2021-07-13 14:19:00,NEO
45.1,45.1,45.01,45.06,1280,2021-07-13 14:20:00,NEO
45.11,45.17,45.11,45.17,500,2021-07-13 14:22:00,NEO
45.17,45.17,45.17,45.17,100,2021-07-13 14:23:00,NEO
45.25,45.25,45.25,45.25,100,2021-07-13 14:24:00,NEO
45.29,45.32,45.29,45.32,400,2021-07-13 14:25:00,NEO
45.27,45.27,45.27,45.27,100,2021-07-13 14:26:00,NEO
45.22,45.26,45.21,45.26,500,2021-07-13 14:29:00,NEO
45.23,45.29,45.23,45.29,300,2021-07-13 14:30:00,NEO
45.35,45.45,45.35,45.45,2600,2021-07-13 14:34:00,NEO
45.41,45.41,45.37,45.4,1100,2021-07-13 14:35:00,NEO
45.43,45.43,45.43,45.43,500,2021-07-13 14:36:00,NEO
45.46,45.54,45.46,45.54,300,2021-07-13 14:37:00,NEO
45.57,45.64,45.57,45.64,1800,2021-07-13 14:38:00,NEO
45.59,45.6,45.53,45.6,1000,2021-07-13 14:39:00,NEO
45.63,45.67,45.6,45.67,573,2021-07-13 14:40:00,NEO
45.69,45.69,45.69,45.69,200,2021-07-13 14:41:00,NEO
45.64,45.66,45.61,45.625,502,2021-07-13 14:42:00,NEO
45.66,45.66,45.65,45.66,749,2021-07-13 14:43:00,NEO
45.63,45.71,45.63,45.67,5599,2021-07-13 14:44:00,NEO
45.68,45.69,45.66,45.66,1000,2021-07-13 14:45:00,NEO
45.67,45.67,45.64,45.6504,700,2021-07-13 14:46:00,NEO
45.7,45.75,45.7,45.75,608,2021-07-13 14:47:00,NEO
45.76,45.8,45.76,45.78,1869,2021-07-13 14:48:00,NEO
45.76,45.76,45.73,45.75,600,2021-07-13 14:49:00,NEO
45.72,45.735,45.66,45.66,600,2021-07-13 14:50:00,NEO
45.65,45.65,45.65,45.65,396,2021-07-13 14:52:00,NEO
45.62,45.62,45.6,45.6,300,2021-07-13 14:53:00,NEO
45.59,45.59,45.5172,45.5172,400,2021-07-13 14:54:00,NEO
45.52,45.56,45.52,45.56,200,2021-07-13 14:55:00,NEO
45.55,45.55,45.55,45.55,100,2021-07-13 14:57:00,NEO
45.6,45.6,45.54,45.54,800,2021-07-13 14:59:00,NEO
45.53,45.53,45.53,45.53,300,2021-07-13 15:00:00,NEO
45.52,45.52,45.5,45.5,482,2021-07-13 15:01:00,NEO
45.49,45.5,45.46,45.46,600,2021-07-13 15:02:00,NEO
45.48,45.48,45.46,45.46,300,2021-07-13 15:03:00,NEO
45.425,45.46,45.4,45.43,962,2021-07-13 15:05:00,NEO
45.36,45.37,45.295,45.295,1960,2021-07-13 15:06:00,NEO
45.3,45.3,45.3,45.3,100,2021-07-13 15:07:00,NEO
45.3134,45.33,45.3134,45.32,800,2021-07-13 15:08:00,NEO
45.29,45.29,45.25,45.25,200,2021-07-13 15:10:00,NEO
45.25,45.25,45.25,45.25,110,2021-07-13 15:11:00,NEO
45.27,45.31,45.27,45.31,900,2021-07-13 15:12:00,NEO
45.32,45.33,45.29,45.29,700,2021-07-13 15:13:00,NEO
45.33,45.34,45.33,45.34,303,2021-07-13 15:15:00,NEO
45.3388,45.3388,45.3388,45.3388,200,2021-07-13 15:16:00,NEO
45.34,45.34,45.26,45.26,800,2021-07-13 15:17:00,NEO
45.27,45.27,45.27,45.27,200,2021-07-13 15:20:00,NEO
45.31,45.31,45.2969,45.2969,500,2021-07-13 15:21:00,NEO
45.3149,45.43,45.3149,45.43,1180,2021-07-13 15:22:00,NEO
45.42,45.42,45.42,45.42,100,2021-07-13 15:24:00,NEO
45.41,45.41,45.41,45.41,300,2021-07-13 15:25:00,NEO
45.4227,45.4227,45.4227,45.4227,100,2021-07-13 15:27:00,NEO
45.546,45.55,45.546,45.55,200,2021-07-13 15:29:00,NEO
45.5,45.5,45.49,45.5,900,2021-07-13 15:30:00,NEO
45.57,45.58,45.57,45.58,200,2021-07-13 15:32:00,NEO
45.6,45.6,45.6,45.6,161,2021-07-13 15:33:00,NEO
45.63,45.64,45.57,45.57,1600,2021-07-13 15:35:00,NEO
45.5946,45.5946,45.5946,45.5946,180,2021-07-13 15:37:00,NEO
45.6,45.64,45.6,45.64,2148,2021-07-13 15:38:00,NEO
45.66,45.66,45.66,45.66,200,2021-07-13 15:39:00,NEO
45.67,45.67,45.64,45.64,1000,2021-07-13 15:41:00,NEO
45.63,45.63,45.59,45.59,500,2021-07-13 15:42:00,NEO
45.59,45.6,45.59,45.6,491,2021-07-13 15:44:00,NEO
45.61,45.61,45.6,45.6,500,2021-07-13 15:46:00,NEO
45.57,45.57,45.57,45.57,100,2021-07-13 15:47:00,NEO
45.57,45.57,45.57,45.57,100,2021-07-13 15:48:00,NEO
45.55,45.55,45.55,45.55,100,2021-07-13 15:49:00,NEO
45.5599,45.56,45.52,45.56,300,2021-07-13 15:50:00,NEO
45.58,45.58,45.5505,45.5505,356,2021-07-13 15:51:00,NEO
45.59,45.61,45.55,45.56,800,2021-07-13 15:52:00,NEO
45.6,45.6,45.56,45.58,1300,2021-07-13 15:53:00,NEO
45.59,45.59,45.59,45.59,100,2021-07-13 15:54:00,NEO
45.59,45.59,45.59,45.59,100,2021-07-13 15:55:00,NEO
45.6,45.6,45.6,45.6,100,2021-07-13 15:56:00,NEO
45.59,45.61,45.59,45.61,200,2021-07-13 15:58:00,NEO
45.62,45.62,45.6,45.6,600,2021-07-13 16:00:00,NEO
45.61,45.61,45.5314,45.5314,600,2021-07-13 16:02:00,NEO
45.56,45.56,45.53,45.53,500,2021-07-13 16:05:00,NEO
45.57,45.6,45.57,45.6,314,2021-07-13 16:07:00,NEO
45.59,45.59,45.57,45.57,500,2021-07-13 16:10:00,NEO
45.55,45.58,45.55,45.58,600,2021-07-13 16:12:00,NEO
45.59,45.59,45.59,45.59,100,2021-07-13 16:14:00,NEO
45.58,45.58,45.57,45.57,500,2021-07-13 16:15:00,NEO
45.55,45.57,45.55,45.56,800,2021-07-13 16:16:00,NEO
45.54,45.54,45.54,45.54,100,2021-07-13 16:17:00,NEO
45.55,45.55,45.55,45.55,100,2021-07-13 16:18:00,NEO
45.56,45.61,45.56,45.61,500,2021-07-13 16:19:00,NEO
45.57,45.57,45.57,45.57,200,2021-07-13 16:20:00,NEO
45.59,45.6,45.59,45.6,200,2021-07-13 16:21:00,NEO
45.59,45.59,45.58,45.58,500,2021-07-13 16:22:00,NEO
45.575,45.59,45.575,45.59,300,2021-07-13 16:23:00,NEO
45.6,45.6,45.6,45.6,100,2021-07-13 16:24:00,NEO
45.59,45.59,45.59,45.59,400,2021-07-13 16:25:00,NEO
45.6,45.6,45.6,45.6,100,2021-07-13 16:26:00,NEO
45.61,45.61,45.61,45.61,200,2021-07-13 16:27:00,NEO
45.63,45.63,45.63,45.63,300,2021-07-13 16:28:00,NEO
45.58,45.63,45.58,45.6,730,2021-07-13 16:30:00,NEO
45.58,45.61,45.58,45.61,515,2021-07-13 16:33:00,NEO
45.62,45.62,45.61,45.61,600,2021-07-13 16:35:00,NEO
45.64,45.64,45.64,45.64,100,2021-07-13 16:38:00,NEO
45.65,45.65,45.65,45.65,400,2021-07-13 16:39:00,NEO
45.68,45.68,45.68,45.68,100,2021-07-13 16:40:00,NEO
45.66,45.66,45.634,45.634,850,2021-07-13 16:41:00,NEO
45.64,45.64,45.63,45.63,300,2021-07-13 16:42:00,NEO
45.625,45.625,45.625,45.625,100,2021-07-13 16:43:00,NEO
45.64,45.64,45.64,45.64,100,2021-07-13 16:44:00,NEO
45.66,45.67,45.66,45.67,500,2021-07-13 16:45:00,NEO
45.65,45.65,45.635,45.6409,800,2021-07-13 16:48:00,NEO
45.63,45.63,45.62,45.63,300,2021-07-13 16:50:00,NEO
45.62,45.68,45.62,45.68,400,2021-07-13 16:53:00,NEO
45.6686,45.68,45.6686,45.68,600,2021-07-13 16:54:00,NEO
45.68,45.68,45.65,45.65,1000,2021-07-13 16:55:00,NEO
45.64,45.64,45.64,45.64,100,2021-07-13 16:57:00,NEO
45.63,45.63,45.61,45.61,900,2021-07-13 16:58:00,NEO
45.61,45.61,45.61,45.61,100,2021-07-13 16:59:00,NEO
45.64,45.67,45.64,45.67,200,2021-07-13 17:00:00,NEO
45.67,45.67,45.67,45.67,100,2021-07-13 17:01:00,NEO
45.65,45.66,45.65,45.66,600,2021-07-13 17:02:00,NEO
45.64,45.64,45.64,45.64,200,2021-07-13 17:03:00,NEO
45.59,45.59,45.59,45.59,400,2021-07-13 17:04:00,NEO
45.56,45.57,45.56,45.57,644,2021-07-13 17:06:00,NEO
45.555,45.58,45.555,45.58,700,2021-07-13 17:08:00,NEO
45.56,45.56,45.54,45.54,300,2021-07-13 17:09:00,NEO
45.53,45.53,45.48,45.48,850,2021-07-13 17:10:00,NEO
45.49,45.49,45.49,45.49,529,2021-07-13 17:13:00,NEO
45.49,45.49,45.49,45.49,215,2021-07-13 17:14:00,NEO
45.5,45.5,45.5,45.5,300,2021-07-13 17:15:00,NEO
45.53,45.53,45.53,45.53,100,2021-07-13 17:16:00,NEO
45.47,45.47,45.47,45.47,300,2021-07-13 17:17:00,NEO
45.41,45.41,45.4,45.4,300,2021-07-13 17:18:00,NEO
45.38,45.38,45.38,45.38,100,2021-07-13 17:19:00,NEO
45.32,45.36,45.31,45.36,900,2021-07-13 17:20:00,NEO
45.37,45.37,45.37,45.37,100,2021-07-13 17:21:00,NEO
45.37,45.37,45.36,45.36,200,2021-07-13 17:22:00,NEO
45.36,45.36,45.36,45.36,100,2021-07-13 17:23:00,NEO
45.335,45.335,45.335,45.335,100,2021-07-13 17:26:00,NEO
45.38,45.38,45.31,45.31,300,2021-07-13 17:27:00,NEO
45.3,45.31,45.28,45.29,900,2021-07-13 17:28:00,NEO
45.34,45.34,45.34,45.34,100,2021-07-13 17:29:00,NEO
45.33,45.33,45.33,45.33,300,2021-07-13 17:30:00,NEO
45.29,45.29,45.28,45.28,400,2021-07-13 17:32:00,NEO
45.3,45.3,45.3,45.3,100,2021-07-13 17:33:00,NEO
45.28,45.28,45.25,45.26,831,2021-07-13 17:35:00,NEO
45.27,45.27,45.27,45.27,400,2021-07-13 17:36:00,NEO
45.26,45.26,45.26,45.26,400,2021-07-13 17:38:00,NEO
45.275,45.275,45.275,45.275,100,2021-07-13 17:39:00,NEO
45.29,45.33,45.29,45.33,400,2021-07-13 17:40:00,NEO
45.33,45.33,45.27,45.29,800,2021-07-13 17:41:00,NEO
45.24,45.28,45.24,45.24,1300,2021-07-13 17:42:00,NEO
45.25,45.29,45.25,45.29,600,2021-07-13 17:43:00,NEO
45.33,45.33,45.33,45.33,200,2021-07-13 17:45:00,NEO
45.33,45.35,45.33,45.35,300,2021-07-13 17:46:00,NEO
45.34,45.37,45.33,45.37,640,2021-07-13 17:48:00,NEO
45.38,45.38,45.35,45.37,1000,2021-07-13 17:49:00,NEO
45.36,45.36,45.36,45.36,100,2021-07-13 17:50:00,NEO
45.35,45.35,45.34,45.34,600,2021-07-13 17:52:00,NEO
45.32,45.36,45.32,45.36,619,2021-07-13 17:53:00,NEO
45.36,45.41,45.35,45.395,1400,2021-07-13 17:54:00,NEO
45.43,45.43,45.43,45.43,300,2021-07-13 17:55:00,NEO
45.435,45.435,45.435,45.435,100,2021-07-13 17:56:00,NEO
45.42,45.42,45.42,45.42,100,2021-07-13 17:58:00,NEO
45.44,45.44,45.42,45.42,400,2021-07-13 17:59:00,NEO
45.42,45.42,45.4,45.4,300,2021-07-13 18:00:00,NEO
45.33,45.34,45.33,45.33,700,2021-07-13 18:02:00,NEO
45.28,45.28,45.28,45.28,100,2021-07-13 18:03:00,NEO
45.22,45.27,45.22,45.26,703,2021-07-13 18:04:00,NEO
45.28,45.28,45.28,45.28,100,2021-07-13 18:05:00,NEO
45.33,45.33,45.31,45.31,300,2021-07-13 18:06:00,NEO
45.33,45.33,45.33,45.33,300,2021-07-13 18:07:00,NEO
45.36,45.36,45.345,45.345,300,2021-07-13 18:09:00,NEO
45.38,45.38,45.3,45.33,4340,2021-07-13 18:10:00,NEO
45.3505,45.3505,45.3505,45.3505,1000,2021-07-13 18:11:00,NEO
45.35,45.36,45.34,45.355,1325,2021-07-13 18:13:00,NEO
45.38,45.39,45.38,45.39,200,2021-07-13 18:14:00,NEO
45.38,45.38,45.35,45.35,800,2021-07-13 18:15:00,NEO
45.39,45.45,45.39,45.45,806,2021-07-13 18:18:00,NEO
45.4,45.43,45.4,45.43,400,2021-07-13 18:19:00,NEO
45.44,45.44,45.44,45.44,100,2021-07-13 18:21:00,NEO
45.42,45.42,45.41,45.41,500,2021-07-13 18:22:00,NEO
45.45,45.45,45.45,45.45,500,2021-07-13 18:25:00,NEO
45.48,45.48,45.48,45.48,100,2021-07-13 18:26:00,NEO
45.48,45.48,45.47,45.47,299,2021-07-13 18:28:00,NEO
45.445,45.45,45.41,45.41,711,2021-07-13 18:29:00,NEO
45.4,45.4,45.4,45.4,300,2021-07-13 18:30:00,NEO
45.42,45.43,45.42,45.43,200,2021-07-13 18:31:00,NEO
45.42,45.42,45.42,45.42,100,2021-07-13 18:32:00,NEO
45.41,45.41,45.41,45.41,330,2021-07-13 18:33:00,NEO
45.44,45.44,45.43,45.43,500,2021-07-13 18:35:00,NEO
45.41,45.41,45.41,45.41,200,2021-07-13 18:36:00,NEO
45.39,45.39,45.37,45.37,300,2021-07-13 18:37:00,NEO
45.38,45.38,45.38,45.38,196,2021-07-13 18:38:00,NEO
45.35,45.35,45.32,45.32,1128,2021-07-13 18:40:00,NEO
45.32,45.32,45.32,45.32,100,2021-07-13 18:41:00,NEO
45.32,45.32,45.3,45.3,411,2021-07-13 18:42:00,NEO
45.3,45.3,45.3,45.3,120,2021-07-13 18:43:00,NEO
45.28,45.28,45.26,45.26,200,2021-07-13 18:44:00,NEO
45.275,45.275,45.275,45.275,100,2021-07-13 18:45:00,NEO
45.27,45.31,45.26,45.31,2005,2021-07-13 18:46:00,NEO
45.29,45.29,45.29,45.29,603,2021-07-13 18:47:00,NEO
45.28,45.29,45.28,45.29,360,2021-07-13 18:48:00,NEO
45.3,45.33,45.3,45.33,300,2021-07-13 18:49:00,NEO
45.35,45.36,45.35,45.35,1498,2021-07-13 18:50:00,NEO
45.355,45.36,45.33,45.36,302,2021-07-13 18:52:00,NEO
45.36,45.36,45.36,45.36,300,2021-07-13 18:53:00,NEO
45.37,45.37,45.37,45.37,100,2021-07-13 18:54:00,NEO
45.39,45.39,45.39,45.39,100,2021-07-13 18:57:00,NEO
45.4,45.42,45.4,45.415,860,2021-07-13 18:58:00,NEO
45.42,45.42,45.39,45.395,400,2021-07-13 18:59:00,NEO
45.39,45.4,45.38,45.38,1513,2021-07-13 19:00:00,NEO
45.4,45.405,45.4,45.405,410,2021-07-13 19:01:00,NEO
45.39,45.395,45.39,45.395,500,2021-07-13 19:02:00,NEO
45.42,45.42,45.42,45.42,200,2021-07-13 19:03:00,NEO
45.41,45.41,45.41,45.41,312,2021-07-13 19:04:00,NEO
45.42,45.42,45.42,45.42,300,2021-07-13 19:05:00,NEO
45.43,45.43,45.43,45.43,250,2021-07-13 19:06:00,NEO
45.415,45.435,45.415,45.43,1100,2021-07-13 19:08:00,NEO
45.42,45.42,45.39,45.39,861,2021-07-13 19:09:00,NEO
45.37,45.39,45.37,45.39,500,2021-07-13 19:10:00,NEO
45.34,45.355,45.28,45.28,12058,2021-07-13 19:11:00,NEO
45.3,45.36,45.3,45.35,2723,2021-07-13 19:12:00,NEO
45.3798,45.3798,45.33,45.35,2120,2021-07-13 19:13:00,NEO
45.36,45.38,45.36,45.38,200,2021-07-13 19:14:00,NEO
45.39,45.39,45.38,45.38,300,2021-07-13 19:15:00,NEO
45.35,45.405,45.35,45.405,745,2021-07-13 19:16:00,NEO
45.41,45.44,45.41,45.44,1100,2021-07-13 19:18:00,NEO
45.445,45.445,45.445,45.445,112,2021-07-13 19:19:00,NEO
45.45,45.45,45.45,45.45,100,2021-07-13 19:20:00,NEO
45.44,45.46,45.44,45.44,1800,2021-07-13 19:21:00,NEO
45.43,45.43,45.41,45.42,400,2021-07-13 19:22:00,NEO
45.425,45.425,45.39,45.4,1056,2021-07-13 19:23:00,NEO
45.38,45.38,45.38,45.38,142,2021-07-13 19:24:00,NEO
45.4,45.4,45.4,45.4,100,2021-07-13 19:25:00,NEO
45.4,45.4,45.37,45.38,622,2021-07-13 19:26:00,NEO
45.385,45.4,45.385,45.4,300,2021-07-13 19:27:00,NEO
45.42,45.42,45.41,45.41,400,2021-07-13 19:28:00,NEO
45.39,45.39,45.37,45.37,919,2021-07-13 19:30:00,NEO
45.34,45.34,45.3,45.3,2312,2021-07-13 19:31:00,NEO
45.27,45.3,45.27,45.29,1853,2021-07-13 19:32:00,NEO
45.305,45.305,45.28,45.285,1433,2021-07-13 19:33:00,NEO
45.285,45.37,45.285,45.325,2005,2021-07-13 19:34:00,NEO
45.325,45.3325,45.325,45.3325,303,2021-07-13 19:35:00,NEO
45.325,45.34,45.325,45.3375,1118,2021-07-13 19:36:00,NEO
45.4,45.42,45.4,45.42,650,2021-07-13 19:37:00,NEO
45.43,45.43,45.36,45.36,2308,2021-07-13 19:38:00,NEO
45.38,45.38,45.37,45.37,300,2021-07-13 19:39:00,NEO
45.36,45.4,45.34,45.4,2303,2021-07-13 19:40:00,NEO
45.38,45.38,45.35,45.35,748,2021-07-13 19:41:00,NEO
45.35,45.35,45.34,45.34,530,2021-07-13 19:42:00,NEO
45.33,45.34,45.33,45.34,400,2021-07-13 19:43:00,NEO
45.34,45.34,45.33,45.33,1717,2021-07-13 19:44:00,NEO
45.32,45.32,45.3,45.3,900,2021-07-13 19:45:00,NEO
45.3,45.315,45.3,45.315,947,2021-07-13 19:46:00,NEO
45.32,45.37,45.32,45.37,2228,2021-07-13 19:47:00,NEO
45.36,45.36,45.3192,45.3192,1530,2021-07-13 19:48:00,NEO
45.335,45.345,45.335,45.345,400,2021-07-13 19:49:00,NEO
45.33,45.345,45.29,45.29,2199,2021-07-13 19:50:00,NEO
45.285,45.29,45.28,45.28,983,2021-07-13 19:51:00,NEO
45.27,45.3,45.27,45.29,1900,2021-07-13 19:52:00,NEO
45.28,45.28,45.28,45.28,100,2021-07-13 19:53:00,NEO
45.27,45.27,45.22,45.24,10531,2021-07-13 19:54:00,NEO
45.23,45.24,45.22,45.24,1607,2021-07-13 19:55:00,NEO
45.24,45.25,45.22,45.24,4017,2021-07-13 19:56:00,NEO
45.24,45.3,45.24,45.29,5408,2021-07-13 19:57:00,NEO
45.3,45.3,45.22,45.25,7318,2021-07-13 19:58:00,NEO
45.245,45.26,45.19,45.22,2648,2021-07-13 19:59:00,NEO
45.22,45.3,45.2,45.2,45108,2021-07-13 20:00:00,NEO
45.19,45.19,45.11,45.11,7692,2021-07-14 13:30:00,NEO
45.01,45.01,45.01,45.01,300,2021-07-14 13:31:00,NEO
44.9194,44.9194,44.82,44.82,245,2021-07-14 13:32:00,NEO
44.905,44.905,44.81,44.81,600,2021-07-14 13:36:00,NEO
44.895,45.05,44.81,44.82,6096,2021-07-14 13:37:00,NEO
44.76,44.76,44.76,44.76,405,2021-07-14 13:38:00,NEO
44.83,44.83,44.57,44.695,2909,2021-07-14 13:39:00,NEO
44.6,44.68,44.505,44.585,2330,2021-07-14 13:40:00,NEO
44.515,44.515,44.505,44.505,200,2021-07-14 13:41:00,NEO
44.61,44.77,44.61,44.7566,1276,2021-07-14 13:42:00,NEO
44.78,44.78,44.78,44.78,219,2021-07-14 13:43:00,NEO
44.83,44.9018,44.83,44.9018,400,2021-07-14 13:44:00,NEO
44.865,44.865,44.855,44.855,1000,2021-07-14 13:46:00,NEO
44.85,44.855,44.65,44.805,2883,2021-07-14 13:47:00,NEO
44.79,44.84,44.72,44.77,1080,2021-07-14 13:48:00,NEO
44.83,44.91,44.74,44.74,44992,2021-07-14 13:49:00,NEO
44.7827,44.815,44.7,44.75,3759,2021-07-14 13:51:00,NEO
44.745,44.83,44.745,44.83,1135,2021-07-14 13:52:00,NEO
44.9,45.05,44.88,45.05,670,2021-07-14 13:53:00,NEO
45.12,45.12,45.12,45.12,300,2021-07-14 13:55:00,NEO
45.132,45.132,45.132,45.132,150,2021-07-14 13:56:00,NEO
45.19,45.25,45.19,45.24,658,2021-07-14 13:57:00,NEO
45.25,45.25,45.22,45.22,1609,2021-07-14 13:58:00,NEO
45.06,45.06,45.0,45.0,300,2021-07-14 13:59:00,NEO
45.03,45.04,44.98,44.98,700,2021-07-14 14:00:00,NEO
45.02,45.02,44.97,44.97,1100,2021-07-14 14:01:00,NEO
44.97,45.06,44.97,45.02,400,2021-07-14 14:02:00,NEO
44.9888,44.9888,44.9888,44.9888,200,2021-07-14 14:03:00,NEO
45.1,45.11,45.1,45.11,300,2021-07-14 14:04:00,NEO
45.1113,45.1113,45.1113,45.1113,155,2021-07-14 14:05:00,NEO
45.155,45.155,45.155,45.155,150,2021-07-14 14:06:00,NEO
45.15,45.15,45.15,45.15,100,2021-07-14 14:07:00,NEO
45.15,45.15,45.02,45.08,2952,2021-07-14 14:08:00,NEO
45.15,45.2,45.13,45.2,800,2021-07-14 14:09:00,NEO
45.2279,45.2279,45.2,45.2,1210,2021-07-14 14:10:00,NEO
45.19,45.19,45.0519,45.105,1841,2021-07-14 14:11:00,NEO
45.05,45.05,45.0,45.0,588,2021-07-14 14:12:00,NEO
44.95,44.95,44.95,44.95,300,2021-07-14 14:13:00,NEO
45.03,45.05,44.99,45.03,500,2021-07-14 14:14:00,NEO
45.13,45.23,45.13,45.13,2427,2021-07-14 14:15:00,NEO
45.1056,45.1056,45.09,45.09,208,2021-07-14 14:16:00,NEO
45.13,45.14,45.11,45.14,578,2021-07-14 14:18:00,NEO
45.18,45.25,45.17,45.22,4748,2021-07-14 14:19:00,NEO
45.24,45.24,45.22,45.22,500,2021-07-14 14:22:00,NEO
45.22,45.31,45.22,45.31,400,2021-07-14 14:23:00,NEO
45.25,45.25,45.22,45.22,800,2021-07-14 14:24:00,NEO
45.1907,45.1907,45.12,45.12,550,2021-07-14 14:25:00,NEO
45.0,45.02,44.99,44.99,797,2021-07-14 14:27:00,NEO
44.97,44.97,44.805,44.805,1100,2021-07-14 14:28:00,NEO
44.8,44.88,44.8,44.875,400,2021-07-14 14:29:00,NEO
44.93,45.0,44.93,44.99,1612,2021-07-14 14:30:00,NEO
44.98,45.0,44.98,45.0,200,2021-07-14 14:31:00,NEO
44.93,44.935,44.92,44.935,700,2021-07-14 14:32:00,NEO
44.945,44.945,44.9,44.915,12400,2021-07-14 14:33:00,NEO
44.915,44.915,44.85,44.85,6338,2021-07-14 14:34:00,NEO
44.795,44.84,44.795,44.84,5703,2021-07-14 14:35:00,NEO
44.84,44.85,44.8,44.81,11736,2021-07-14 14:36:00,NEO
44.81,44.81,44.74,44.74,1147,2021-07-14 14:37:00,NEO
44.75,44.87,44.75,44.87,1105,2021-07-14 14:38:00,NEO
44.85,44.85,44.83,44.83,465,2021-07-14 14:39:00,NEO
44.86,44.86,44.86,44.86,138,2021-07-14 14:40:00,NEO
44.93,44.93,44.93,44.93,100,2021-07-14 14:41:00,NEO
44.95,44.95,44.93,44.93,1107,2021-07-14 14:42:00,NEO
44.85,44.85,44.84,44.84,200,2021-07-14 14:43:00,NEO
44.81,44.81,44.81,44.81,200,2021-07-14 14:44:00,NEO
44.84,44.85,44.67,44.6718,4560,2021-07-14 14:48:00,NEO
44.72,44.74,44.6901,44.74,600,2021-07-14 14:49:00,NEO
44.7,44.7,44.62,44.62,600,2021-07-14 14:50:00,NEO
44.66,44.66,44.59,44.59,1480,2021-07-14 14:52:00,NEO
44.6,44.65,44.6,44.62,1015,2021-07-14 14:53:00,NEO
44.65,44.66,44.65,44.66,400,2021-07-14 14:54:00,NEO
44.67,44.67,44.66,44.66,500,2021-07-14 14:55:00,NEO
44.61,44.61,44.61,44.61,200,2021-07-14 14:56:00,NEO
44.61,44.61,44.605,44.605,600,2021-07-14 14:57:00,NEO
44.57,44.57,44.55,44.55,726,2021-07-14 14:58:00,NEO
44.55,44.59,44.55,44.59,862,2021-07-14 14:59:00,NEO
44.6,44.6,44.59,44.59,805,2021-07-14 15:00:00,NEO
44.6,44.68,44.6,44.6125,3508,2021-07-14 15:02:00,NEO
44.61,44.61,44.55,44.57,1114,2021-07-14 15:03:00,NEO
44.55,44.57,44.53,44.55,1450,2021-07-14 15:06:00,NEO
44.58,44.6,44.545,44.6,500,2021-07-14 15:07:00,NEO
44.56,44.56,44.54,44.555,720,2021-07-14 15:08:00,NEO
44.52,44.52,44.37,44.37,1530,2021-07-14 15:09:00,NEO
44.44,44.44,44.44,44.44,100,2021-07-14 15:11:00,NEO
44.44,44.44,44.42,44.42,851,2021-07-14 15:12:00,NEO
44.42,44.42,44.42,44.42,100,2021-07-14 15:14:00,NEO
44.4,44.43,44.4,44.425,791,2021-07-14 15:15:00,NEO
44.41,44.41,44.38,44.38,1200,2021-07-14 15:16:00,NEO
44.37,44.375,44.34,44.34,500,2021-07-14 15:17:00,NEO
44.34,44.3446,44.33,44.335,500,2021-07-14 15:18:00,NEO
44.38,44.38,44.38,44.38,200,2021-07-14 15:19:00,NEO
44.38,44.41,44.38,44.41,730,2021-07-14 15:21:00,NEO
44.38,44.38,44.31,44.31,1319,2021-07-14 15:22:00,NEO
44.33,44.37,44.33,44.37,700,2021-07-14 15:23:00,NEO
44.41,44.41,44.38,44.38,901,2021-07-14 15:25:00,NEO
44.31,44.345,44.29,44.3,3500,2021-07-14 15:26:00,NEO
44.27,44.27,44.27,44.27,300,2021-07-14 15:27:00,NEO
44.27,44.27,44.22,44.22,842,2021-07-14 15:28:00,NEO
44.23,44.29,44.18,44.28,2838,2021-07-14 15:29:00,NEO
44.245,44.245,44.245,44.245,109,2021-07-14 15:30:00,NEO
44.24,44.334,44.24,44.334,848,2021-07-14 15:31:00,NEO
44.31,44.33,44.3,44.33,400,2021-07-14 15:32:00,NEO
44.38,44.39,44.38,44.39,511,2021-07-14 15:33:00,NEO
44.39,44.39,44.38,44.38,987,2021-07-14 15:34:00,NEO
44.41,44.42,44.35,44.35,2311,2021-07-14 15:35:00,NEO
44.27,44.27,44.17,44.19,1600,2021-07-14 15:38:00,NEO
44.15,44.15,44.15,44.15,100,2021-07-14 15:39:00,NEO
44.11,44.11,44.11,44.11,100,2021-07-14 15:40:00,NEO
44.1,44.12,44.1,44.12,621,2021-07-14 15:41:00,NEO
44.1004,44.1004,44.1,44.1,200,2021-07-14 15:42:00,NEO
44.07,44.09,44.07,44.09,1000,2021-07-14 15:43:00,NEO
44.06,44.19,44.06,44.16,3643,2021-07-14 15:44:00,NEO
44.13,44.17,44.1,44.1,600,2021-07-14 15:46:00,NEO
44.16,44.16,44.13,44.13,767,2021-07-14 15:47:00,NEO
44.13,44.13,44.13,44.13,100,2021-07-14 15:48:00,NEO
44.2,44.2,44.2,44.2,452,2021-07-14 15:49:00,NEO
44.1,44.11,44.1,44.1,500,2021-07-14 15:50:00,NEO
44.09,44.11,44.09,44.1,534,2021-07-14 15:51:00,NEO
44.07,44.07,44.04,44.04,400,2021-07-14 15:52:00,NEO
44.09,44.09,44.09,44.09,210,2021-07-14 15:53:00,NEO
44.09,44.09,44.07,44.08,400,2021-07-14 15:54:00,NEO
44.01,44.01,44.01,44.01,300,2021-07-14 15:55:00,NEO
44.04,44.05,44.04,44.045,773,2021-07-14 15:56:00,NEO
44.01,44.09,44.0,44.09,2067,2021-07-14 15:57:00,NEO
44.08,44.08,44.06,44.06,328,2021-07-14 15:59:00,NEO
44.08,44.2,44.08,44.19,1130,2021-07-14 16:00:00,NEO
44.19,44.19,44.16,44.17,900,2021-07-14 16:04:00,NEO
44.19,44.19,44.19,44.19,5900,2021-07-14 16:05:00,NEO
44.08,44.08,44.0727,44.0727,200,2021-07-14 16:06:00,NEO
44.1,44.15,44.1,44.15,328,2021-07-14 16:07:00,NEO
44.16,44.17,44.16,44.17,300,2021-07-14 16:08:00,NEO
44.16,44.17,44.14,44.14,651,2021-07-14 16:09:00,NEO
44.1326,44.1326,44.101,44.101,436,2021-07-14 16:11:00,NEO
44.11,44.14,44.11,44.14,500,2021-07-14 16:12:00,NEO
44.15,44.15,44.13,44.13,1098,2021-07-14 16:14:00,NEO
44.12,44.12,44.12,44.12,200,2021-07-14 16:15:00,NEO
44.075,44.11,44.075,44.09,600,2021-07-14 16:17:00,NEO
44.112,44.112,44.112,44.112,100,2021-07-14 16:18:00,NEO
44.1129,44.115,44.09,44.1,1911,2021-07-14 16:20:00,NEO
44.09,44.1,44.0701,44.09,1000,2021-07-14 16:21:00,NEO
44.1,44.1,44.1,44.1,510,2021-07-14 16:22:00,NEO
44.12,44.13,44.08,44.1,5300,2021-07-14 16:24:00,NEO
44.08,44.08,44.08,44.08,500,2021-07-14 16:25:00,NEO
44.05,44.05,44.03,44.03,400,2021-07-14 16:26:00,NEO
44.05,44.06,44.05,44.06,200,2021-07-14 16:28:00,NEO
44.05,44.05,44.01,44.02,2000,2021-07-14 16:29:00,NEO
44.02,44.02,44.02,44.02,100,2021-07-14 16:30:00,NEO
44.06,44.065,44.06,44.06,635,2021-07-14 16:32:00,NEO
44.06,44.06,44.03,44.04,1317,2021-07-14 16:33:00,NEO
44.0,44.0046,44.0,44.0,500,2021-07-14 16:34:00,NEO
43.99,43.99,43.97,43.97,880,2021-07-14 16:35:00,NEO
43.94,43.94,43.92,43.92,685,2021-07-14 16:36:00,NEO
43.92,43.92,43.92,43.92,266,2021-07-14 16:37:00,NEO
43.92,43.95,43.92,43.94,1200,2021-07-14 16:38:00,NEO
43.96,43.985,43.96,43.982,500,2021-07-14 16:39:00,NEO
43.981,43.981,43.955,43.97,2165,2021-07-14 16:40:00,NEO
43.97,43.97,43.95,43.95,575,2021-07-14 16:41:00,NEO
43.95,43.95,43.95,43.95,100,2021-07-14 16:43:00,NEO
43.95,43.95,43.95,43.95,500,2021-07-14 16:45:00,NEO
43.94,43.94,43.94,43.94,191,2021-07-14 16:46:00,NEO
43.95,43.95,43.95,43.95,100,2021-07-14 16:47:00,NEO
43.95,43.955,43.95,43.955,654,2021-07-14 16:48:00,NEO
43.94,43.95,43.94,43.94,400,2021-07-14 16:49:00,NEO
43.94,43.94,43.92,43.92,300,2021-07-14 16:50:00,NEO
43.92,43.98,43.92,43.98,1264,2021-07-14 16:51:00,NEO
44.01,44.1,44.01,44.1,300,2021-07-14 16:52:00,NEO
44.11,44.12,44.1,44.105,800,2021-07-14 16:53:00,NEO
44.09,44.096,44.09,44.096,1236,2021-07-14 16:54:00,NEO
44.07,44.0703,44.0284,44.0284,1994,2021-07-14 16:56:00,NEO
43.99,44.0,43.99,44.0,500,2021-07-14 16:57:00,NEO
43.98,43.98,43.96,43.96,614,2021-07-14 17:00:00,NEO
43.95,43.95,43.94,43.94,584,2021-07-14 17:02:00,NEO
43.89,43.89,43.83,43.87,3470,2021-07-14 17:03:00,NEO
43.82,43.82,43.82,43.82,100,2021-07-14 17:05:00,NEO
43.82,43.84,43.82,43.84,300,2021-07-14 17:06:00,NEO
43.81,43.82,43.78,43.78,2100,2021-07-14 17:07:00,NEO
43.78,43.78,43.78,43.78,125,2021-07-14 17:08:00,NEO
43.76,43.77,43.75,43.76,2563,2021-07-14 17:09:00,NEO
43.74,43.74,43.71,43.71,300,2021-07-14 17:10:00,NEO
43.68,43.68,43.65,43.65,400,2021-07-14 17:11:00,NEO
43.69,43.8299,43.65,43.8299,2400,2021-07-14 17:12:00,NEO
43.76,43.76,43.76,43.76,200,2021-07-14 17:14:00,NEO
43.74,43.74,43.74,43.74,200,2021-07-14 17:16:00,NEO
43.73,43.73,43.64,43.64,6034,2021-07-14 17:17:00,NEO
43.65,43.715,43.65,43.7,2033,2021-07-14 17:18:00,NEO
43.7,43.736,43.7,43.736,1358,2021-07-14 17:19:00,NEO
43.69,43.72,43.67,43.72,700,2021-07-14 17:20:00,NEO
43.66,43.66,43.66,43.66,100,2021-07-14 17:23:00,NEO
43.62,43.62,43.6,43.61,629,2021-07-14 17:24:00,NEO
43.6,43.61,43.56,43.56,1199,2021-07-14 17:25:00,NEO
43.6,43.61,43.6,43.61,300,2021-07-14 17:26:00,NEO
43.58,43.58,43.58,43.58,100,2021-07-14 17:27:00,NEO
43.57,43.57,43.51,43.51,1821,2021-07-14 17:29:00,NEO
43.55,43.56,43.52,43.56,1000,2021-07-14 17:30:00,NEO
43.554,43.585,43.54,43.56,1357,2021-07-14 17:31:00,NEO
43.55,43.55,43.52,43.52,350,2021-07-14 17:32:00,NEO
43.52,43.52,43.441,43.441,1100,2021-07-14 17:35:00,NEO
43.4301,43.51,43.4,43.51,1710,2021-07-14 17:37:00,NEO
43.56,43.5999,43.56,43.5999,600,2021-07-14 17:38:00,NEO
43.53,43.53,43.51,43.51,600,2021-07-14 17:40:00,NEO
43.53,43.53,43.51,43.51,704,2021-07-14 17:41:00,NEO
43.47,43.49,43.45,43.49,1400,2021-07-14 17:45:00,NEO
43.47,43.47,43.47,43.47,200,2021-07-14 17:46:00,NEO
43.46,43.46,43.45,43.45,200,2021-07-14 17:47:00,NEO
43.42,43.42,43.42,43.42,100,2021-07-14 17:49:00,NEO
43.41,43.435,43.41,43.435,200,2021-07-14 17:50:00,NEO
43.42,43.42,43.4,43.41,1400,2021-07-14 17:51:00,NEO
43.42,43.46,43.42,43.46,1114,2021-07-14 17:52:00,NEO
43.46,43.46,43.46,43.46,200,2021-07-14 17:53:00,NEO
43.47,43.5,43.47,43.4875,700,2021-07-14 17:54:00,NEO
43.46,43.49,43.46,43.48,2900,2021-07-14 17:55:00,NEO
43.48,43.55,43.48,43.55,3342,2021-07-14 17:56:00,NEO
43.55,43.56,43.55,43.56,800,2021-07-14 17:57:00,NEO
43.54,43.54,43.48,43.48,1545,2021-07-14 17:58:00,NEO
43.48,43.5,43.48,43.5,1100,2021-07-14 18:01:00,NEO
43.51,43.551,43.51,43.551,1250,2021-07-14 18:02:00,NEO
43.58,43.58,43.58,43.58,350,2021-07-14 18:03:00,NEO
43.57,43.5719,43.57,43.5719,386,2021-07-14 18:04:00,NEO
43.58,43.58,43.51,43.51,900,2021-07-14 18:05:00,NEO
43.5,43.5,43.5,43.5,100,2021-07-14 18:08:00,NEO
43.5,43.5,43.47,43.47,700,2021-07-14 18:09:00,NEO
43.47,43.53,43.47,43.53,1802,2021-07-14 18:10:00,NEO
43.5367,43.54,43.51,43.52,2222,2021-07-14 18:11:00,NEO
43.54,43.57,43.54,43.57,1413,2021-07-14 18:13:00,NEO
43.61,43.62,43.59,43.59,400,2021-07-14 18:14:00,NEO
43.59,43.59,43.45,43.45,11905,2021-07-14 18:16:00,NEO
43.41,43.41,43.4,43.405,609,2021-07-14 18:17:00,NEO
43.33,43.4,43.33,43.35,1400,2021-07-14 18:18:00,NEO
43.33,43.33,43.33,43.33,100,2021-07-14 18:19:00,NEO
43.33,43.34,43.33,43.34,200,2021-07-14 18:20:00,NEO
43.33,43.35,43.27,43.29,3230,2021-07-14 18:21:00,NEO
43.25,43.37,43.25,43.37,4101,2021-07-14 18:22:00,NEO
43.36,43.36,43.32,43.35,6579,2021-07-14 18:23:00,NEO
43.3,43.319,43.29,43.319,420,2021-07-14 18:24:00,NEO
43.2999,43.31,43.2999,43.31,800,2021-07-14 18:25:00,NEO
43.3126,43.3126,43.28,43.28,200,2021-07-14 18:26:00,NEO
43.28,43.3,43.28,43.29,668,2021-07-14 18:27:00,NEO
43.285,43.285,43.22,43.268,2930,2021-07-14 18:28:00,NEO
43.23,43.24,43.23,43.24,200,2021-07-14 18:29:00,NEO
43.22,43.24,43.22,43.2295,550,2021-07-14 18:30:00,NEO
43.24,43.24,43.14,43.14,1242,2021-07-14 18:31:00,NEO
43.14,43.15,43.14,43.14,300,2021-07-14 18:32:00,NEO
43.15,43.22,43.15,43.2,2359,2021-07-14 18:33:00,NEO
43.2,43.2,43.18,43.18,489,2021-07-14 18:34:00,NEO
43.16,43.16,43.16,43.16,200,2021-07-14 18:35:00,NEO
43.16,43.18,43.14,43.16,1019,2021-07-14 18:36:00,NEO
43.12,43.12,43.12,43.12,100,2021-07-14 18:37:00,NEO
43.12,43.18,43.1,43.18,4179,2021-07-14 18:38:00,NEO
43.16,43.16,43.135,43.135,800,2021-07-14 18:39:00,NEO
43.13,43.135,43.13,43.135,400,2021-07-14 18:40:00,NEO
43.135,43.16,43.135,43.15,1291,2021-07-14 18:41:00,NEO
43.16,43.16,43.1571,43.1571,200,2021-07-14 18:42:00,NEO
43.16,43.23,43.16,43.23,2800,2021-07-14 18:43:00,NEO
43.27,43.27,43.24,43.25,990,2021-07-14 18:44:00,NEO
43.19,43.19,43.19,43.19,100,2021-07-14 18:46:00,NEO
43.19,43.23,43.19,43.23,884,2021-07-14 18:48:00,NEO
43.2,43.2,43.2,43.2,100,2021-07-14 18:49:00,NEO
43.225,43.225,43.225,43.225,130,2021-07-14 18:50:00,NEO
43.24,43.24,43.24,43.24,231,2021-07-14 18:51:00,NEO
43.225,43.225,43.2,43.2,450,2021-07-14 18:52:00,NEO
43.2,43.2,43.16,43.16,740,2021-07-14 18:53:00,NEO
43.16,43.22,43.16,43.18,1999,2021-07-14 18:54:00,NEO
43.19,43.19,43.19,43.19,100,2021-07-14 18:55:00,NEO
43.1715,43.19,43.16,43.16,604,2021-07-14 18:56:00,NEO
43.14,43.14,43.14,43.14,100,2021-07-14 18:57:00,NEO
43.15,43.15,43.07,43.14,3603,2021-07-14 18:58:00,NEO
43.128,43.128,43.08,43.09,1571,2021-07-14 18:59:00,NEO
43.09,43.09,43.07,43.07,585,2021-07-14 19:00:00,NEO
43.05,43.05,43.03,43.03,900,2021-07-14 19:01:00,NEO
43.045,43.045,43.02,43.02,600,2021-07-14 19:02:00,NEO
43.03,43.03,43.02,43.02,200,2021-07-14 19:03:00,NEO
43.02,43.02,43.02,43.02,100,2021-07-14 19:04:00,NEO
43.06,43.06,43.02,43.02,800,2021-07-14 19:05:00,NEO
43.06,43.11,43.04,43.11,2854,2021-07-14 19:06:00,NEO
43.11,43.11,43.09,43.1,1846,2021-07-14 19:07:00,NEO
43.1,43.1,43.1,43.1,100,2021-07-14 19:08:00,NEO
43.08,43.08,43.07,43.08,642,2021-07-14 19:09:00,NEO
43.06,43.08,43.0362,43.0362,1857,2021-07-14 19:10:00,NEO
43.06,43.07,43.0389,43.0389,889,2021-07-14 19:11:00,NEO
43.03,43.03,42.98,43.02,4783,2021-07-14 19:12:00,NEO
43.0,43.04,43.0,43.04,1000,2021-07-14 19:13:00,NEO
43.02,43.02,42.99,42.99,1129,2021-07-14 19:14:00,NEO
43.0,43.0,42.935,42.935,3792,2021-07-14 19:15:00,NEO
42.91,42.935,42.91,42.935,739,2021-07-14 19:16:00,NEO
42.91,42.96,42.91,42.93,2900,2021-07-14 19:17:00,NEO
42.93,42.93,42.9,42.925,1701,2021-07-14 19:18:00,NEO
42.9,42.9,42.8891,42.8891,751,2021-07-14 19:19:00,NEO
42.88,42.88,42.84,42.84,210,2021-07-14 19:20:00,NEO
42.84,42.84,42.8,42.81,1230,2021-07-14 19:21:00,NEO
42.815,42.84,42.79,42.815,1398,2021-07-14 19:22:00,NEO
42.79,42.83,42.79,42.825,600,2021-07-14 19:23:00,NEO
42.81,42.83,42.75,42.79,2795,2021-07-14 19:24:00,NEO
42.77,42.8,42.75,42.7999,4036,2021-07-14 19:25:00,NEO
42.79,42.88,42.79,42.88,2917,2021-07-14 19:26:00,NEO
42.875,42.9,42.875,42.9,440,2021-07-14 19:27:00,NEO
42.86,42.86,42.82,42.82,2100,2021-07-14 19:28:00,NEO
42.835,42.835,42.71,42.71,6895,2021-07-14 19:29:00,NEO
42.69,42.7,42.61,42.695,5493,2021-07-14 19:30:00,NEO
42.7,42.75,42.7,42.75,1039,2021-07-14 19:31:00,NEO
42.733,42.75,42.67,42.67,1550,2021-07-14 19:32:00,NEO
42.67,42.71,42.66,42.68,3070,2021-07-14 19:33:00,NEO
42.63,42.63,42.55,42.59,2616,2021-07-14 19:34:00,NEO
42.595,42.7,42.59,42.7,2675,2021-07-14 19:35:00,NEO
42.68,42.71,42.6,42.63,17983,2021-07-14 19:36:00,NEO
42.645,42.67,42.645,42.67,200,2021-07-14 19:37:00,NEO
42.62,42.66,42.62,42.66,2694,2021-07-14 19:38:00,NEO
42.645,42.71,42.645,42.66,4136,2021-07-14 19:39:00,NEO
42.66,42.715,42.65,42.715,3141,2021-07-14 19:40:00,NEO
42.72,42.72,42.69,42.71,1700,2021-07-14 19:41:00,NEO
42.68,42.7,42.67,42.67,2815,2021-07-14 19:42:00,NEO
42.69,42.71,42.69,42.71,1100,2021-07-14 19:43:00,NEO
42.69,42.69,42.66,42.66,2185,2021-07-14 19:44:00,NEO
42.66,42.76,42.66,42.745,1010,2021-07-14 19:45:00,NEO
42.74,42.76,42.74,42.76,1050,2021-07-14 19:46:00,NEO
42.76,42.82,42.745,42.78,6126,2021-07-14 19:47:00,NEO
42.79,42.79,42.765,42.765,1200,2021-07-14 19:48:00,NEO
42.78,42.8,42.765,42.8,1916,2021-07-14 19:49:00,NEO
42.78,42.79,42.75,42.76,4636,2021-07-14 19:50:00,NEO
42.775,42.775,42.775,42.775,100,2021-07-14 19:51:00,NEO
42.76,42.76,42.66,42.72,5963,2021-07-14 19:52:00,NEO
42.75,42.7599,42.735,42.7599,1989,2021-07-14 19:53:00,NEO
42.76,42.8,42.74,42.77,7223,2021-07-14 19:54:00,NEO
42.77,42.77,42.75,42.75,4919,2021-07-14 19:55:00,NEO
42.76,42.84,42.76,42.84,6343,2021-07-14 19:56:00,NEO
42.875,42.9,42.84,42.84,3802,2021-07-14 19:57:00,NEO
42.84,42.86,42.84,42.8512,3163,2021-07-14 19:58:00,NEO
42.84,42.93,42.84,42.92,12518,2021-07-14 19:59:00,NEO
42.92,42.92,42.92,42.92,95307,2021-07-14 20:00:00,NEO
42.92,42.92,42.92,42.92,990,2021-07-14 20:01:00,NEO
42.71,42.71,42.5,42.5,8066,2021-07-15 13:30:00,NEO
42.41,42.4101,42.36,42.41,710,2021-07-15 13:31:00,NEO
42.4,42.4,42.4,42.4,100,2021-07-15 13:32:00,NEO
42.39,42.39,42.38,42.38,500,2021-07-15 13:33:00,NEO
42.29,42.29,42.08,42.19,3740,2021-07-15 13:34:00,NEO
42.17,42.18,42.165,42.165,728,2021-07-15 13:35:00,NEO
42.17,42.21,42.0601,42.08,3620,2021-07-15 13:36:00,NEO
42.0816,42.21,41.87,41.87,1279,2021-07-15 13:37:00,NEO
41.81,41.92,41.67,41.67,5918,2021-07-15 13:38:00,NEO
41.64,41.69,41.58,41.629,940,2021-07-15 13:39:00,NEO
41.605,41.8,41.51,41.63,4925,2021-07-15 13:40:00,NEO
41.736,41.98,41.736,41.98,1050,2021-07-15 13:41:00,NEO
42.0,42.0,41.78,41.84,800,2021-07-15 13:42:00,NEO
42.03,42.11,42.01,42.11,715,2021-07-15 13:43:00,NEO
42.18,42.18,41.93,41.93,2491,2021-07-15 13:44:00,NEO
42.15,42.18,42.14,42.18,723,2021-07-15 13:45:00,NEO
42.31,42.45,42.175,42.45,1300,2021-07-15 13:46:00,NEO
42.46,42.46,42.46,42.46,100,2021-07-15 13:47:00,NEO
42.58,42.58,42.58,42.58,100,2021-07-15 13:49:00,NEO
42.5301,42.555,42.46,42.545,750,2021-07-15 13:50:00,NEO
42.44,42.44,42.37,42.37,300,2021-07-15 13:51:00,NEO
42.37,42.4,42.36,42.36,800,2021-07-15 13:52:00,NEO
42.49,42.6,42.4,42.42,1771,2021-07-15 13:53:00,NEO
42.43,42.6,42.43,42.6,615,2021-07-15 13:54:00,NEO
42.59,42.75,42.52,42.6984,1574,2021-07-15 13:55:00,NEO
42.81,42.9898,42.81,42.9898,1311,2021-07-15 13:56:00,NEO
42.89,42.98,42.885,42.98,800,2021-07-15 13:57:00,NEO
42.9799,42.98,42.93,42.98,800,2021-07-15 13:58:00,NEO
43.01,43.01,43.01,43.01,500,2021-07-15 13:59:00,NEO
42.93,42.93,42.85,42.905,1400,2021-07-15 14:00:00,NEO
42.94,42.96,42.905,42.96,700,2021-07-15 14:01:00,NEO
42.91,42.91,42.91,42.91,200,2021-07-15 14:02:00,NEO
42.92,42.92,42.92,42.92,200,2021-07-15 14:03:00,NEO
42.9869,42.9869,42.905,42.905,4215,2021-07-15 14:04:00,NEO
42.905,42.905,42.905,42.905,100,2021-07-15 14:05:00,NEO
42.96,43.09,42.96,43.09,1500,2021-07-15 14:06:00,NEO
43.17,43.17,43.05,43.05,304,2021-07-15 14:07:00,NEO
43.05,43.05,42.95,42.99,567,2021-07-15 14:09:00,NEO
43.055,43.119,43.05,43.06,1476,2021-07-15 14:10:00,NEO
42.95,42.97,42.95,42.97,1100,2021-07-15 14:11:00,NEO
42.95,42.95,42.93,42.93,741,2021-07-15 14:12:00,NEO
42.88,42.98,42.88,42.97,1296,2021-07-15 14:13:00,NEO
43.01,43.02,42.94,42.965,800,2021-07-15 14:14:00,NEO
42.97,42.97,42.97,42.97,100,2021-07-15 14:15:00,NEO
43.0,43.05,43.0,43.05,400,2021-07-15 14:16:00,NEO
42.96,42.96,42.9,42.9,500,2021-07-15 14:17:00,NEO
42.94,42.9803,42.94,42.94,500,2021-07-15 14:18:00,NEO
42.88,42.98,42.88,42.93,800,2021-07-15 14:19:00,NEO
42.93,43.019,42.93,42.94,2109,2021-07-15 14:20:00,NEO
42.98,42.98,42.92,42.92,500,2021-07-15 14:21:00,NEO
42.92,42.925,42.87,42.9,3306,2021-07-15 14:22:00,NEO
42.895,42.92,42.86,42.88,820,2021-07-15 14:23:00,NEO
42.92,43.1,42.92,43.01,1787,2021-07-15 14:24:00,NEO
42.97,42.97,42.97,42.97,400,2021-07-15 14:25:00,NEO
42.91,42.91,42.91,42.91,200,2021-07-15 14:26:00,NEO
42.9,42.9,42.86,42.9,1418,2021-07-15 14:27:00,NEO
42.83,42.83,42.69,42.69,2948,2021-07-15 14:28:00,NEO
42.74,42.75,42.72,42.74,1600,2021-07-15 14:30:00,NEO
42.76,42.765,42.76,42.765,400,2021-07-15 14:31:00,NEO
42.77,42.77,42.72,42.72,800,2021-07-15 14:32:00,NEO
42.65,42.65,42.65,42.65,100,2021-07-15 14:33:00,NEO
42.7,42.7,42.68,42.68,1000,2021-07-15 14:34:00,NEO
42.695,42.695,42.695,42.695,100,2021-07-15 14:35:00,NEO
42.7,42.71,42.69,42.695,700,2021-07-15 14:36:00,NEO
42.68,42.68,42.66,42.66,500,2021-07-15 14:37:00,NEO
42.72,42.72,42.71,42.71,655,2021-07-15 14:38:00,NEO
42.7291,42.76,42.7291,42.76,769,2021-07-15 14:39:00,NEO
42.69,42.72,42.69,42.69,598,2021-07-15 14:40:00,NEO
42.63,42.7,42.59,42.6,6960,2021-07-15 14:42:00,NEO
42.645,42.645,42.55,42.55,740,2021-07-15 14:43:00,NEO
42.445,42.445,42.445,42.445,100,2021-07-15 14:44:00,NEO
42.51,42.535,42.51,42.535,700,2021-07-15 14:45:00,NEO
42.5,42.5,42.5,42.5,400,2021-07-15 14:46:00,NEO
42.48,42.48,42.43,42.43,400,2021-07-15 14:48:00,NEO
42.4,42.47,42.38,42.43,1400,2021-07-15 14:49:00,NEO
42.425,42.425,42.425,42.425,100,2021-07-15 14:50:00,NEO
42.47,42.6,42.47,42.6,1300,2021-07-15 14:51:00,NEO
42.52,42.52,42.51,42.51,350,2021-07-15 14:52:00,NEO
42.52,42.52,42.47,42.47,300,2021-07-15 14:54:00,NEO
42.54,42.55,42.53,42.53,600,2021-07-15 14:56:00,NEO
42.52,42.56,42.48,42.54,1422,2021-07-15 14:58:00,NEO
42.58,42.62,42.58,42.58,786,2021-07-15 15:00:00,NEO
42.56,42.56,42.47,42.47,1300,2021-07-15 15:02:00,NEO
42.36,42.39,42.36,42.39,500,2021-07-15 15:03:00,NEO
42.395,42.395,42.395,42.395,100,2021-07-15 15:04:00,NEO
42.37,42.43,42.37,42.43,400,2021-07-15 15:05:00,NEO
42.46,42.59,42.46,42.53,1200,2021-07-15 15:06:00,NEO
42.58,42.61,42.53,42.53,101755,2021-07-15 15:08:00,NEO
42.52,42.72,42.52,42.715,2766,2021-07-15 15:09:00,NEO
42.69,42.72,42.66,42.72,600,2021-07-15 15:10:00,NEO
42.73,42.73,42.73,42.73,333,2021-07-15 15:11:00,NEO
42.73,42.73,42.7194,42.7194,300,2021-07-15 15:12:00,NEO
42.73,42.74,42.73,42.74,200,2021-07-15 15:13:00,NEO
42.71,42.71,42.63,42.63,608,2021-07-15 15:15:00,NEO
42.59,42.59,42.59,42.59,200,2021-07-15 15:16:00,NEO
42.59,42.59,42.59,42.59,100,2021-07-15 15:17:00,NEO
42.54,42.585,42.54,42.585,200,2021-07-15 15:18:00,NEO
42.55,42.55,42.55,42.55,100,2021-07-15 15:19:00,NEO
42.62,42.71,42.62,42.6901,1405,2021-07-15 15:20:00,NEO
42.77,42.775,42.77,42.775,200,2021-07-15 15:22:00,NEO
42.76,42.76,42.74,42.74,500,2021-07-15 15:24:00,NEO
42.73,42.73,42.73,42.73,300,2021-07-15 15:25:00,NEO
42.7,42.7,42.7,42.7,100,2021-07-15 15:26:00,NEO
42.65,42.68,42.65,42.68,200,2021-07-15 15:27:00,NEO
42.67,42.67,42.65,42.65,200,2021-07-15 15:28:00,NEO
42.66,42.66,42.66,42.66,100,2021-07-15 15:29:00,NEO
42.6,42.66,42.59,42.65,1700,2021-07-15 15:30:00,NEO
42.67,42.67,42.65,42.65,500,2021-07-15 15:31:00,NEO
42.64,42.64,42.63,42.63,300,2021-07-15 15:37:00,NEO
42.6006,42.6006,42.6006,42.6006,198,2021-07-15 15:39:00,NEO
42.6,42.6,42.6,42.6,100,2021-07-15 15:40:00,NEO
42.6,42.63,42.58,42.58,900,2021-07-15 15:41:00,NEO
42.58,42.58,42.58,42.58,400,2021-07-15 15:42:00,NEO
42.56,42.57,42.41,42.465,800,2021-07-15 15:43:00,NEO
42.41,42.41,42.41,42.41,100,2021-07-15 15:44:00,NEO
42.41,42.53,42.41,42.53,1400,2021-07-15 15:45:00,NEO
42.5,42.5,42.5,42.5,100,2021-07-15 15:46:00,NEO
42.5,42.5,42.5,42.5,170,2021-07-15 15:47:00,NEO
42.51,42.51,42.51,42.51,300,2021-07-15 15:48:00,NEO
42.471,42.51,42.47,42.47,1705,2021-07-15 15:50:00,NEO
42.47,42.54,42.47,42.54,4102,2021-07-15 15:51:00,NEO
42.57,42.57,42.57,42.57,200,2021-07-15 15:52:00,NEO
42.59,42.67,42.555,42.67,2490,2021-07-15 15:54:00,NEO
42.68,42.78,42.68,42.78,1699,2021-07-15 15:57:00,NEO
42.78,42.78,42.78,42.78,100,2021-07-15 15:58:00,NEO
42.77,42.79,42.745,42.79,990,2021-07-15 15:59:00,NEO
42.78,42.78,42.78,42.78,200,2021-07-15 16:00:00,NEO
42.71,42.76,42.675,42.675,1600,2021-07-15 16:01:00,NEO
42.7,42.77,42.7,42.77,1446,2021-07-15 16:02:00,NEO
42.75,42.79,42.73,42.73,500,2021-07-15 16:03:00,NEO
42.73,42.74,42.72,42.72,600,2021-07-15 16:05:00,NEO
42.69,42.69,42.68,42.68,500,2021-07-15 16:06:00,NEO
42.67,42.67,42.64,42.64,500,2021-07-15 16:07:00,NEO
42.67,42.67,42.65,42.655,700,2021-07-15 16:08:00,NEO
42.65,42.65,42.6,42.6,1200,2021-07-15 16:09:00,NEO
42.6,42.62,42.57,42.62,2000,2021-07-15 16:10:00,NEO
42.6,42.61,42.6,42.61,1342,2021-07-15 16:11:00,NEO
42.641,42.641,42.641,42.641,100,2021-07-15 16:12:00,NEO
42.67,42.76,42.67,42.76,1100,2021-07-15 16:13:00,NEO
42.7717,42.85,42.7717,42.81,1100,2021-07-15 16:14:00,NEO
42.8,42.82,42.79,42.82,1200,2021-07-15 16:15:00,NEO
42.81,42.81,42.73,42.73,500,2021-07-15 16:16:00,NEO
42.72,42.72,42.72,42.72,100,2021-07-15 16:17:00,NEO
42.75,42.76,42.73,42.76,400,2021-07-15 16:18:00,NEO
42.77,42.77,42.72,42.72,333,2021-07-15 16:19:00,NEO
42.7,42.71,42.69,42.7,716,2021-07-15 16:20:00,NEO
42.67,42.67,42.67,42.67,100,2021-07-15 16:22:00,NEO
42.65,42.71,42.65,42.71,1000,2021-07-15 16:23:00,NEO
42.74,42.74,42.74,42.74,100,2021-07-15 16:24:00,NEO
42.77,42.77,42.77,42.77,100,2021-07-15 16:26:00,NEO
42.7,42.7,42.68,42.68,200,2021-07-15 16:28:00,NEO
42.68,42.68,42.68,42.68,100,2021-07-15 16:29:00,NEO
42.65,42.65,42.62,42.62,500,2021-07-15 16:30:00,NEO
42.57,42.585,42.57,42.585,326,2021-07-15 16:31:00,NEO
42.57,42.61,42.57,42.59,1000,2021-07-15 16:32:00,NEO
42.6,42.6,42.59,42.6,500,2021-07-15 16:34:00,NEO
42.6,42.63,42.59,42.63,3505,2021-07-15 16:35:00,NEO
42.65,42.69,42.625,42.66,1270,2021-07-15 16:36:00,NEO
42.69,42.7,42.67,42.67,400,2021-07-15 16:38:00,NEO
42.6539,42.6539,42.6539,42.6539,106,2021-07-15 16:39:00,NEO
42.64,42.65,42.62,42.62,700,2021-07-15 16:40:00,NEO
42.55,42.59,42.55,42.59,300,2021-07-15 16:43:00,NEO
42.6,42.6,42.58,42.58,200,2021-07-15 16:44:00,NEO
42.57,42.57,42.57,42.57,200,2021-07-15 16:45:00,NEO
42.56,42.56,42.56,42.56,100,2021-07-15 16:46:00,NEO
42.52,42.52,42.52,42.52,200,2021-07-15 16:48:00,NEO
42.52,42.52,42.49,42.49,400,2021-07-15 16:49:00,NEO
42.52,42.53,42.49,42.53,900,2021-07-15 16:50:00,NEO
42.55,42.58,42.55,42.58,800,2021-07-15 16:51:00,NEO
42.59,42.59,42.59,42.59,100,2021-07-15 16:52:00,NEO
42.59,42.6,42.59,42.595,1400,2021-07-15 16:53:00,NEO
42.57,42.57,42.57,42.57,100,2021-07-15 16:54:00,NEO
42.54,42.54,42.535,42.535,400,2021-07-15 16:57:00,NEO
42.52,42.52,42.52,42.52,100,2021-07-15 16:58:00,NEO
42.49,42.49,42.49,42.49,100,2021-07-15 16:59:00,NEO
42.49,42.54,42.49,42.54,1200,2021-07-15 17:00:00,NEO
42.55,42.55,42.49,42.495,300,2021-07-15 17:01:00,NEO
42.47,42.475,42.47,42.475,320,2021-07-15 17:02:00,NEO
42.45,42.45,42.45,42.45,100,2021-07-15 17:03:00,NEO
42.4,42.4,42.36,42.36,1047,2021-07-15 17:07:00,NEO
42.38,42.38,42.35,42.38,1500,2021-07-15 17:08:00,NEO
42.38,42.4,42.37,42.371,600,2021-07-15 17:09:00,NEO
42.395,42.395,42.395,42.395,100,2021-07-15 17:10:00,NEO
42.37,42.37,42.37,42.37,100,2021-07-15 17:11:00,NEO
42.39,42.4099,42.37,42.4099,900,2021-07-15 17:12:00,NEO
42.35,42.35,42.3181,42.3181,497,2021-07-15 17:13:00,NEO
42.32,42.34,42.32,42.34,600,2021-07-15 17:14:00,NEO
42.31,42.31,42.31,42.31,100,2021-07-15 17:15:00,NEO
42.33,42.33,42.325,42.325,220,2021-07-15 17:16:00,NEO
42.3221,42.4125,42.3221,42.38,3963,2021-07-15 17:17:00,NEO
42.395,42.4,42.395,42.4,200,2021-07-15 17:18:00,NEO
42.36,42.36,42.33,42.33,1240,2021-07-15 17:19:00,NEO
42.31,42.34,42.31,42.335,600,2021-07-15 17:20:00,NEO
42.36,42.36,42.36,42.36,400,2021-07-15 17:21:00,NEO
42.34,42.34,42.34,42.34,1763,2021-07-15 17:22:00,NEO
42.33,42.33,42.27,42.29,1661,2021-07-15 17:23:00,NEO
42.28,42.28,42.2772,42.2772,200,2021-07-15 17:24:00,NEO
42.29,42.31,42.29,42.3,500,2021-07-15 17:25:00,NEO
42.26,42.26,42.24,42.26,400,2021-07-15 17:27:00,NEO
42.23,42.23,42.23,42.23,200,2021-07-15 17:28:00,NEO
42.24,42.25,42.23,42.25,1523,2021-07-15 17:29:00,NEO
42.11,42.11,42.01,42.01,1400,2021-07-15 17:31:00,NEO
42.02,42.05,42.0,42.05,1813,2021-07-15 17:32:00,NEO
42.02,42.02,42.02,42.02,100,2021-07-15 17:33:00,NEO
42.0255,42.0255,42.0255,42.0255,235,2021-07-15 17:34:00,NEO
42.04,42.07,42.04,42.06,1300,2021-07-15 17:35:00,NEO
42.04,42.04,41.9934,42.015,613,2021-07-15 17:36:00,NEO
41.99,41.99,41.99,41.99,104,2021-07-15 17:38:00,NEO
41.9687,41.9687,41.9687,41.9687,150,2021-07-15 17:40:00,NEO
41.96,41.965,41.94,41.945,1540,2021-07-15 17:41:00,NEO
41.96,41.99,41.96,41.96,2062,2021-07-15 17:42:00,NEO
41.9713,41.9713,41.92,41.92,2015,2021-07-15 17:44:00,NEO
41.92,41.93,41.92,41.93,500,2021-07-15 17:45:00,NEO
41.86,41.88,41.86,41.88,700,2021-07-15 17:46:00,NEO
41.82,41.88,41.81,41.88,1200,2021-07-15 17:48:00,NEO
41.91,41.91,41.91,41.91,200,2021-07-15 17:49:00,NEO
41.94,41.99,41.94,41.945,600,2021-07-15 17:50:00,NEO
41.96,41.96,41.95,41.95,500,2021-07-15 17:51:00,NEO
41.97,41.97,41.91,41.91,1500,2021-07-15 17:52:00,NEO
41.91,41.91,41.89,41.89,700,2021-07-15 17:53:00,NEO
41.88,41.9,41.87,41.9,810,2021-07-15 17:54:00,NEO
41.85,41.87,41.83,41.83,994,2021-07-15 17:55:00,NEO
41.8,41.84,41.8,41.84,600,2021-07-15 17:56:00,NEO
41.82,41.82,41.82,41.82,100,2021-07-15 17:57:00,NEO
41.85,41.8714,41.84,41.8714,1400,2021-07-15 17:58:00,NEO
41.87,41.87,41.828,41.828,903,2021-07-15 17:59:00,NEO
41.85,41.91,41.85,41.91,687,2021-07-15 18:00:00,NEO
41.96,42.0,41.96,42.0,600,2021-07-15 18:01:00,NEO
42.01,42.01,42.01,42.01,100,2021-07-15 18:02:00,NEO
42.03,42.03,41.97,41.97,2120,2021-07-15 18:03:00,NEO
41.96,42.0,41.96,42.0,2137,2021-07-15 18:04:00,NEO
42.0,42.02,41.96,41.96,885,2021-07-15 18:05:00,NEO
41.99,41.99,41.96,41.96,512,2021-07-15 18:06:00,NEO
41.93,41.935,41.91,41.91,500,2021-07-15 18:07:00,NEO
41.94,41.98,41.94,41.975,1400,2021-07-15 18:08:00,NEO
41.975,41.975,41.91,41.91,2020,2021-07-15 18:09:00,NEO
41.88,41.88,41.88,41.88,500,2021-07-15 18:10:00,NEO
41.87,41.885,41.86,41.86,900,2021-07-15 18:12:00,NEO
41.865,41.87,41.86,41.87,970,2021-07-15 18:13:00,NEO
41.85,41.9,41.83,41.88,1780,2021-07-15 18:14:00,NEO
41.84,41.94,41.84,41.94,1802,2021-07-15 18:15:00,NEO
41.89,41.92,41.89,41.92,200,2021-07-15 18:17:00,NEO
41.9,41.91,41.9,41.91,200,2021-07-15 18:19:00,NEO
41.92,41.95,41.92,41.93,2774,2021-07-15 18:20:00,NEO
41.93,41.93,41.9,41.91,1121,2021-07-15 18:21:00,NEO
41.9,41.9,41.87,41.871,2115,2021-07-15 18:22:00,NEO
41.91,41.92,41.89,41.89,1828,2021-07-15 18:23:00,NEO
41.92,41.92,41.91,41.92,8000,2021-07-15 18:24:00,NEO
41.91,41.97,41.91,41.97,2000,2021-07-15 18:25:00,NEO
41.98,41.98,41.98,41.98,161,2021-07-15 18:26:00,NEO
41.99,41.99,41.97,41.97,300,2021-07-15 18:27:00,NEO
41.97,42.0,41.97,42.0,600,2021-07-15 18:29:00,NEO
41.934,41.935,41.91,41.935,400,2021-07-15 18:31:00,NEO
41.94,41.98,41.94,41.98,1295,2021-07-15 18:32:00,NEO
42.0,42.0,41.99,41.99,721,2021-07-15 18:33:00,NEO
41.97,41.99,41.97,41.99,200,2021-07-15 18:34:00,NEO
41.96,41.96,41.945,41.945,500,2021-07-15 18:35:00,NEO
41.9699,41.9699,41.95,41.95,700,2021-07-15 18:36:00,NEO
41.96,41.98,41.96,41.97,1500,2021-07-15 18:37:00,NEO
42.01,42.01,42.01,42.01,100,2021-07-15 18:38:00,NEO
41.981,41.981,41.981,41.981,100,2021-07-15 18:40:00,NEO
41.96,41.97,41.96,41.97,500,2021-07-15 18:41:00,NEO
41.97,42.01,41.97,41.97,2076,2021-07-15 18:42:00,NEO
41.98,42.02,41.98,42.02,400,2021-07-15 18:43:00,NEO
42.015,42.015,42.015,42.015,100,2021-07-15 18:44:00,NEO
41.98,41.98,41.945,41.945,747,2021-07-15 18:45:00,NEO
41.98,42.0,41.97,42.0,724,2021-07-15 18:46:00,NEO
42.02,42.02,41.9477,41.955,1455,2021-07-15 18:47:00,NEO
41.94,41.99,41.94,41.99,449,2021-07-15 18:48:00,NEO
41.97,42.0,41.97,41.985,600,2021-07-15 18:49:00,NEO
42.0099,42.01,42.0,42.0,920,2021-07-15 18:50:00,NEO
42.02,42.02,41.99,41.99,300,2021-07-15 18:51:00,NEO
42.015,42.015,42.015,42.015,100,2021-07-15 18:52:00,NEO
42.0,42.01,41.99,42.01,840,2021-07-15 18:53:00,NEO
42.02,42.03,42.02,42.03,700,2021-07-15 18:54:00,NEO
42.06,42.06,42.06,42.06,1400,2021-07-15 18:55:00,NEO
42.065,42.065,42.05,42.06,700,2021-07-15 18:56:00,NEO
42.065,42.1,42.06,42.09,190600,2021-07-15 18:57:00,NEO
42.09,42.12,42.09,42.12,500,2021-07-15 18:58:00,NEO
42.155,42.2,42.155,42.2,800,2021-07-15 18:59:00,NEO
42.23,42.23,42.23,42.23,100,2021-07-15 19:00:00,NEO
42.25,42.265,42.25,42.265,300,2021-07-15 19:01:00,NEO
42.25,42.25,42.23,42.23,400,2021-07-15 19:02:00,NEO
42.26,42.3,42.2579,42.3,1432,2021-07-15 19:03:00,NEO
42.25,42.28,42.22,42.22,1400,2021-07-15 19:04:00,NEO
42.22,42.22,42.22,42.22,200,2021-07-15 19:05:00,NEO
42.21,42.23,42.18,42.18,1100,2021-07-15 19:06:00,NEO
42.19,42.19,42.17,42.17,200,2021-07-15 19:07:00,NEO
42.14,42.17,42.14,42.17,201,2021-07-15 19:08:00,NEO
42.12,42.145,42.12,42.13,550,2021-07-15 19:09:00,NEO
42.1,42.1,42.09,42.09,300,2021-07-15 19:10:00,NEO
42.1,42.105,42.01,42.01,1000,2021-07-15 19:11:00,NEO
42.05,42.125,42.05,42.11,3154,2021-07-15 19:12:00,NEO
42.11,42.129,42.075,42.075,641,2021-07-15 19:13:00,NEO
42.1,42.1,42.1,42.1,100,2021-07-15 19:14:00,NEO
42.04,42.07,42.04,42.07,392,2021-07-15 19:15:00,NEO
42.05,42.05,42.01,42.02,900,2021-07-15 19:16:00,NEO
42.01,42.029,42.0,42.01,677,2021-07-15 19:17:00,NEO
42.0,42.03,42.0,42.03,840,2021-07-15 19:18:00,NEO
42.04,42.06,42.04,42.06,1000,2021-07-15 19:19:00,NEO
42.06,42.08,42.06,42.08,300,2021-07-15 19:20:00,NEO
42.06,42.06,42.06,42.06,100,2021-07-15 19:21:00,NEO
42.05,42.08,42.05,42.08,341,2021-07-15 19:22:00,NEO
42.05,42.05,42.03,42.03,820,2021-07-15 19:23:00,NEO
42.05,42.07,42.04,42.07,954,2021-07-15 19:24:00,NEO
42.1,42.11,42.1,42.11,272,2021-07-15 19:25:00,NEO
42.08,42.08,42.08,42.08,300,2021-07-15 19:27:00,NEO
42.1,42.11,42.07,42.08,600,2021-07-15 19:28:00,NEO
42.05,42.06,42.05,42.05,300,2021-07-15 19:29:00,NEO
42.04,42.1,42.04,42.1,1300,2021-07-15 19:30:00,NEO
42.11,42.11,42.1,42.1,1111,2021-07-15 19:31:00,NEO
42.071,42.14,42.071,42.14,1200,2021-07-15 19:32:00,NEO
42.16,42.1888,42.16,42.16,1000,2021-07-15 19:33:00,NEO
42.2,42.2,42.2,42.2,200,2021-07-15 19:34:00,NEO
42.21,42.21,42.21,42.21,100,2021-07-15 19:35:00,NEO
42.21,42.23,42.19,42.23,2791,2021-07-15 19:36:00,NEO
42.24,42.25,42.23,42.23,900,2021-07-15 19:38:00,NEO
42.21,42.23,42.18,42.23,1850,2021-07-15 19:39:00,NEO
42.24,42.27,42.24,42.26,510,2021-07-15 19:40:00,NEO
42.25,42.26,42.23,42.23,500,2021-07-15 19:41:00,NEO
42.23,42.28,42.23,42.28,1322,2021-07-15 19:42:00,NEO
42.26,42.28,42.26,42.27,1791,2021-07-15 19:43:00,NEO
42.3,42.3,42.28,42.28,1194,2021-07-15 19:44:00,NEO
42.29,42.29,42.26,42.26,1995,2021-07-15 19:45:00,NEO
42.28,42.29,42.28,42.28,1644,2021-07-15 19:46:00,NEO
42.29,42.32,42.2745,42.31,2707,2021-07-15 19:47:00,NEO
42.36,42.38,42.35,42.35,1035,2021-07-15 19:48:00,NEO
42.345,42.36,42.345,42.36,713,2021-07-15 19:49:00,NEO
42.34,42.385,42.33,42.37,5241,2021-07-15 19:50:00,NEO
42.38,42.42,42.3773,42.3773,1339,2021-07-15 19:51:00,NEO
42.39,42.42,42.39,42.4,2463,2021-07-15 19:52:00,NEO
42.4,42.42,42.4,42.41,3042,2021-07-15 19:53:00,NEO
42.41,42.43,42.41,42.43,3544,2021-07-15 19:54:00,NEO
42.42,42.42,42.34,42.37,3263,2021-07-15 19:55:00,NEO
42.35,42.35,42.33,42.34,2510,2021-07-15 19:56:00,NEO
42.35,42.38,42.35,42.375,5969,2021-07-15 19:57:00,NEO
42.38,42.425,42.37,42.4,5642,2021-07-15 19:58:00,NEO
42.38,42.42,42.35,42.36,4498,2021-07-15 19:59:00,NEO
42.4,42.47,42.36,42.36,51694,2021-07-15 20:00:00,NEO
42.82,42.82,42.82,42.82,12313,2021-07-16 13:30:00,NEO
42.64,42.74,42.64,42.74,2401,2021-07-16 13:33:00,NEO
42.83,42.87,42.745,42.77,3030,2021-07-16 13:34:00,NEO
42.71,42.71,42.57,42.57,300,2021-07-16 13:36:00,NEO
42.5,42.5,42.5,42.5,100,2021-07-16 13:37:00,NEO
42.565,42.565,42.565,42.565,100,2021-07-16 13:38:00,NEO
42.58,42.58,42.33,42.42,1914,2021-07-16 13:40:00,NEO
42.38,42.6,42.33,42.6,1161,2021-07-16 13:41:00,NEO
42.8499,42.8499,42.7,42.7,231,2021-07-16 13:42:00,NEO
42.84,42.84,42.84,42.84,100,2021-07-16 13:43:00,NEO
42.6956,42.84,42.6956,42.76,715,2021-07-16 13:45:00,NEO
42.77,42.77,42.77,42.77,200,2021-07-16 13:47:00,NEO
42.58,42.65,42.58,42.65,300,2021-07-16 13:49:00,NEO
42.615,42.615,42.615,42.615,245,2021-07-16 13:51:00,NEO
42.68,42.68,42.68,42.68,330,2021-07-16 13:52:00,NEO
42.8499,42.85,42.8499,42.85,200,2021-07-16 13:54:00,NEO
42.87,42.87,42.87,42.87,100,2021-07-16 13:55:00,NEO
42.86,42.86,42.86,42.86,250,2021-07-16 13:57:00,NEO
42.79,42.8,42.79,42.79,500,2021-07-16 14:00:00,NEO
42.83,42.83,42.83,42.83,100,2021-07-16 14:01:00,NEO
42.88,42.97,42.88,42.97,900,2021-07-16 14:02:00,NEO
42.98,43.1,42.98,43.1,1100,2021-07-16 14:04:00,NEO
43.12,43.13,43.04,43.13,2500,2021-07-16 14:05:00,NEO
43.1,43.1,43.01,43.07,1300,2021-07-16 14:06:00,NEO
43.06,43.06,42.95,43.02,1767,2021-07-16 14:08:00,NEO
43.01,43.02,42.99,42.99,300,2021-07-16 14:09:00,NEO
42.96,43.01,42.94,42.94,1489,2021-07-16 14:12:00,NEO
43.0,43.1,43.0,43.1,900,2021-07-16 14:13:00,NEO
43.096,43.11,43.05,43.085,1300,2021-07-16 14:14:00,NEO
43.1,43.1888,43.1,43.1888,1700,2021-07-16 14:15:00,NEO
43.2,43.2,43.1,43.145,1664,2021-07-16 14:16:00,NEO
43.15,43.15,43.1311,43.1311,800,2021-07-16 14:17:00,NEO
43.1364,43.19,43.1364,43.16,425,2021-07-16 14:18:00,NEO
43.16,43.16,43.16,43.16,100,2021-07-16 14:19:00,NEO
43.165,43.165,43.14,43.14,300,2021-07-16 14:20:00,NEO
43.13,43.13,43.07,43.13,2902,2021-07-16 14:21:00,NEO
43.04,43.05,42.985,43.05,793,2021-07-16 14:22:00,NEO
43.11,43.11,43.1011,43.1011,216,2021-07-16 14:23:00,NEO
43.04,43.07,43.01,43.01,909,2021-07-16 14:24:00,NEO
42.97,42.97,42.92,42.92,347,2021-07-16 14:25:00,NEO
42.93,42.98,42.93,42.98,400,2021-07-16 14:26:00,NEO
43.02,43.04,43.02,43.04,200,2021-07-16 14:27:00,NEO
43.02,43.02,43.0,43.02,900,2021-07-16 14:29:00,NEO
42.89,43.01,42.89,43.01,400,2021-07-16 14:30:00,NEO
43.055,43.2988,43.055,43.2988,557,2021-07-16 14:31:00,NEO
43.2117,43.2117,43.2117,43.2117,200,2021-07-16 14:32:00,NEO
43.2457,43.2457,43.15,43.15,200,2021-07-16 14:33:00,NEO
43.23,43.27,43.23,43.265,700,2021-07-16 14:36:00,NEO
43.3,43.329,43.22,43.22,1400,2021-07-16 14:37:00,NEO
43.22,43.39,43.22,43.383,1230,2021-07-16 14:38:00,NEO
43.34,43.34,43.34,43.34,100,2021-07-16 14:39:00,NEO
43.37,43.37,43.37,43.37,200,2021-07-16 14:40:00,NEO
43.39,43.39,43.36,43.36,700,2021-07-16 14:41:00,NEO
43.35,43.4244,43.35,43.4244,225,2021-07-16 14:42:00,NEO
43.31,43.35,43.31,43.35,700,2021-07-16 14:43:00,NEO
43.36,43.36,43.36,43.36,600,2021-07-16 14:46:00,NEO
43.25,43.25,43.25,43.25,300,2021-07-16 14:47:00,NEO
43.32,43.32,43.3042,43.3042,300,2021-07-16 14:48:00,NEO
43.305,43.33,43.29,43.33,1109,2021-07-16 14:49:00,NEO
43.33,43.35,43.33,43.34,985,2021-07-16 14:50:00,NEO
43.36,43.38,43.36,43.38,450,2021-07-16 14:51:00,NEO
43.4,43.4,43.3542,43.3542,600,2021-07-16 14:52:00,NEO
43.39,43.39,43.36,43.36,200,2021-07-16 14:53:00,NEO
43.34,43.34,43.32,43.33,1000,2021-07-16 14:54:00,NEO
43.32,43.32,43.31,43.31,957,2021-07-16 14:56:00,NEO
43.3,43.3,43.3,43.3,100,2021-07-16 14:57:00,NEO
43.25,43.25,43.18,43.18,2209,2021-07-16 14:58:00,NEO
43.18,43.24,43.18,43.24,1139,2021-07-16 14:59:00,NEO
43.25,43.25,43.25,43.25,600,2021-07-16 15:00:00,NEO
43.23,43.23,43.2,43.2,200,2021-07-16 15:01:00,NEO
43.15,43.15,43.15,43.15,100,2021-07-16 15:02:00,NEO
43.15,43.15,43.15,43.15,300,2021-07-16 15:03:00,NEO
43.07,43.07,43.07,43.07,116,2021-07-16 15:04:00,NEO
43.11,43.12,43.1,43.1,826,2021-07-16 15:07:00,NEO
43.11,43.13,43.11,43.13,200,2021-07-16 15:09:00,NEO
43.15,43.15,43.15,43.15,200,2021-07-16 15:10:00,NEO
43.2,43.2,43.2,43.2,100,2021-07-16 15:12:00,NEO
43.23,43.23,43.2,43.22,500,2021-07-16 15:15:00,NEO
43.215,43.25,43.215,43.25,1476,2021-07-16 15:16:00,NEO
43.25,43.26,43.25,43.26,300,2021-07-16 15:18:00,NEO
43.24,43.255,43.24,43.255,520,2021-07-16 15:21:00,NEO
43.27,43.27,43.27,43.27,100,2021-07-16 15:22:00,NEO
43.26,43.31,43.26,43.31,1016,2021-07-16 15:24:00,NEO
43.29,43.305,43.27,43.27,1701,2021-07-16 15:25:00,NEO
43.28,43.29,43.28,43.29,900,2021-07-16 15:26:00,NEO
43.2722,43.2722,43.2722,43.2722,200,2021-07-16 15:27:00,NEO
43.31,43.33,43.1301,43.1301,2100,2021-07-16 15:29:00,NEO
43.19,43.19,43.19,43.19,100,2021-07-16 15:32:00,NEO
43.24,43.24,43.2,43.2,1856,2021-07-16 15:34:00,NEO
43.24,43.24,43.24,43.24,100,2021-07-16 15:35:00,NEO
43.235,43.2517,43.235,43.2517,258,2021-07-16 15:36:00,NEO
43.23,43.24,43.23,43.24,387,2021-07-16 15:38:00,NEO
43.27,43.27,43.27,43.27,200,2021-07-16 15:40:00,NEO
43.28,43.29,43.28,43.29,200,2021-07-16 15:41:00,NEO
43.33,43.35,43.33,43.33,410,2021-07-16 15:42:00,NEO
43.33,43.38,43.33,43.38,700,2021-07-16 15:45:00,NEO
43.39,43.39,43.37,43.37,400,2021-07-16 15:46:00,NEO
43.35,43.35,43.34,43.34,300,2021-07-16 15:48:00,NEO
43.37,43.37,43.37,43.37,100,2021-07-16 15:50:00,NEO
43.345,43.345,43.345,43.345,100,2021-07-16 15:52:00,NEO
43.345,43.345,43.345,43.345,400,2021-07-16 15:53:00,NEO
43.34,43.34,43.34,43.34,100,2021-07-16 15:54:00,NEO
43.36,43.36,43.36,43.36,100,2021-07-16 15:55:00,NEO
43.37,43.395,43.37,43.395,1100,2021-07-16 15:56:00,NEO
43.37,43.37,43.34,43.35,1300,2021-07-16 15:57:00,NEO
43.34,43.35,43.34,43.35,500,2021-07-16 15:58:00,NEO
43.31,43.31,43.29,43.29,500,2021-07-16 15:59:00,NEO
43.31,43.31,43.31,43.31,200,2021-07-16 16:00:00,NEO
43.33,43.34,43.33,43.34,800,2021-07-16 16:01:00,NEO
43.32,43.32,43.27,43.3,1000,2021-07-16 16:02:00,NEO
43.305,43.305,43.275,43.275,300,2021-07-16 16:03:00,NEO
43.275,43.275,43.275,43.275,100,2021-07-16 16:04:00,NEO
43.27,43.27,43.24,43.24,500,2021-07-16 16:05:00,NEO
43.22,43.26,43.22,43.26,837,2021-07-16 16:06:00,NEO
43.24,43.24,43.23,43.23,210,2021-07-16 16:07:00,NEO
43.22,43.22,43.22,43.22,300,2021-07-16 16:08:00,NEO
43.25,43.28,43.25,43.28,600,2021-07-16 16:10:00,NEO
43.3,43.3,43.3,43.3,100,2021-07-16 16:11:00,NEO
43.3,43.3894,43.3,43.3894,813,2021-07-16 16:13:00,NEO
43.4,43.4,43.4,43.4,100,2021-07-16 16:14:00,NEO
43.36,43.36,43.32,43.35,1200,2021-07-16 16:15:00,NEO
43.36,43.36,43.35,43.35,200,2021-07-16 16:16:00,NEO
43.38,43.38,43.38,43.38,600,2021-07-16 16:18:00,NEO
43.42,43.449,43.42,43.449,200,2021-07-16 16:19:00,NEO
43.4,43.4,43.39,43.39,316,2021-07-16 16:20:00,NEO
43.38,43.399,43.38,43.38,400,2021-07-16 16:24:00,NEO
43.36,43.36,43.36,43.36,101,2021-07-16 16:25:00,NEO
43.38,43.38,43.38,43.38,100,2021-07-16 16:27:00,NEO
43.38,43.38,43.3601,43.3601,1900,2021-07-16 16:28:00,NEO
43.385,43.385,43.385,43.385,2435,2021-07-16 16:29:00,NEO
43.41,43.42,43.399,43.4,1032,2021-07-16 16:30:00,NEO
43.435,43.435,43.4075,43.425,300,2021-07-16 16:31:00,NEO
43.425,43.425,43.39,43.395,304,2021-07-16 16:32:00,NEO
43.4199,43.4199,43.4199,43.4199,100,2021-07-16 16:33:00,NEO
43.405,43.405,43.3944,43.3944,550,2021-07-16 16:34:00,NEO
43.41,43.41,43.37,43.38,700,2021-07-16 16:36:00,NEO
43.3818,43.3818,43.3818,43.3818,112,2021-07-16 16:37:00,NEO
43.3819,43.3819,43.36,43.36,650,2021-07-16 16:38:00,NEO
43.36,43.43,43.35,43.43,152500,2021-07-16 16:39:00,NEO
43.41,43.475,43.41,43.475,52500,2021-07-16 16:40:00,NEO
43.45,43.45,43.45,43.45,1212,2021-07-16 16:41:00,NEO
43.455,43.46,43.455,43.46,440,2021-07-16 16:42:00,NEO
43.46,43.5,43.46,43.5,300,2021-07-16 16:43:00,NEO
43.5,43.71,43.5,43.71,1923,2021-07-16 16:44:00,NEO
43.69,43.725,43.68,43.68,1076,2021-07-16 16:45:00,NEO
43.71,43.73,43.7,43.7,500,2021-07-16 16:46:00,NEO
43.68,43.7,43.66,43.665,1000,2021-07-16 16:47:00,NEO
43.66,43.66,43.66,43.66,800,2021-07-16 16:48:00,NEO
43.66,43.66,43.66,43.66,300,2021-07-16 16:49:00,NEO
43.63,43.63,43.49,43.49,1102,2021-07-16 16:50:00,NEO
43.5,43.5,43.48,43.48,200,2021-07-16 16:51:00,NEO
43.48,43.48,43.48,43.48,200,2021-07-16 16:52:00,NEO
43.47,43.47,43.42,43.43,300,2021-07-16 16:54:00,NEO
43.4474,43.46,43.4474,43.46,800,2021-07-16 16:55:00,NEO
43.42,43.42,43.42,43.42,100,2021-07-16 16:56:00,NEO
43.41,43.41,43.41,43.41,100,2021-07-16 16:58:00,NEO
43.41,43.41,43.381,43.381,1200,2021-07-16 16:59:00,NEO
43.36,43.36,43.36,43.36,100,2021-07-16 17:01:00,NEO
43.35,43.38,43.35,43.38,800,2021-07-16 17:02:00,NEO
43.35,43.35,43.35,43.35,100,2021-07-16 17:03:00,NEO
43.32,43.32,43.32,43.32,100,2021-07-16 17:04:00,NEO
43.35,43.35,43.35,43.35,100,2021-07-16 17:05:00,NEO
43.32,43.32,43.3,43.3,300,2021-07-16 17:06:00,NEO
43.3,43.3,43.3,43.3,100,2021-07-16 17:07:00,NEO
43.3,43.3,43.29,43.29,200,2021-07-16 17:10:00,NEO
43.27,43.27,43.225,43.225,800,2021-07-16 17:12:00,NEO
43.26,43.26,43.24,43.24,311,2021-07-16 17:13:00,NEO
43.2101,43.2101,43.2101,43.2101,1000,2021-07-16 17:14:00,NEO
43.18,43.18,43.17,43.17,400,2021-07-16 17:15:00,NEO
43.19,43.2,43.18,43.18,600,2021-07-16 17:17:00,NEO
43.18,43.1916,43.13,43.13,1179,2021-07-16 17:18:00,NEO
43.115,43.115,43.115,43.115,137,2021-07-16 17:22:00,NEO
43.15,43.15,43.13,43.13,500,2021-07-16 17:23:00,NEO
43.12,43.12,43.08,43.08,400,2021-07-16 17:24:00,NEO
43.085,43.095,43.085,43.09,700,2021-07-16 17:26:00,NEO
43.08,43.09,43.08,43.09,200,2021-07-16 17:27:00,NEO
43.04,43.04,43.04,43.04,100,2021-07-16 17:28:00,NEO
43.06,43.06,43.02,43.02,800,2021-07-16 17:29:00,NEO
43.02,43.07,43.02,43.07,600,2021-07-16 17:31:00,NEO
43.1,43.15,43.08,43.12,1688,2021-07-16 17:32:00,NEO
43.1102,43.1102,43.1102,43.1102,100,2021-07-16 17:33:00,NEO
43.1,43.14,43.07,43.09,1243,2021-07-16 17:34:00,NEO
43.12,43.12,43.12,43.12,100,2021-07-16 17:35:00,NEO
43.12,43.12,43.12,43.12,100,2021-07-16 17:36:00,NEO
43.16,43.175,43.16,43.175,200,2021-07-16 17:37:00,NEO
43.18,43.2499,43.18,43.24,690,2021-07-16 17:38:00,NEO
43.21,43.21,43.21,43.21,200,2021-07-16 17:39:00,NEO
43.1801,43.21,43.18,43.21,550,2021-07-16 17:40:00,NEO
43.175,43.175,43.135,43.14,1300,2021-07-16 17:41:00,NEO
43.115,43.115,43.115,43.115,100,2021-07-16 17:44:00,NEO
43.09,43.09,43.08,43.08,200,2021-07-16 17:48:00,NEO
43.1,43.15,43.085,43.15,700,2021-07-16 17:49:00,NEO
43.165,43.165,43.13,43.13,211,2021-07-16 17:50:00,NEO
43.1201,43.13,43.08,43.09,1242,2021-07-16 17:52:00,NEO
43.07,43.07,43.04,43.04,300,2021-07-16 17:53:00,NEO
43.04,43.04,43.04,43.04,100,2021-07-16 17:54:00,NEO
43.045,43.07,43.045,43.045,400,2021-07-16 17:56:00,NEO
43.04,43.04,43.02,43.02,400,2021-07-16 17:59:00,NEO
42.92,42.945,42.92,42.945,521,2021-07-16 18:00:00,NEO
42.94,42.94,42.94,42.94,100,2021-07-16 18:01:00,NEO
42.91,42.91,42.91,42.91,100,2021-07-16 18:02:00,NEO
42.915,42.915,42.915,42.915,500,2021-07-16 18:03:00,NEO
42.89,42.89,42.85,42.85,503,2021-07-16 18:05:00,NEO
42.86,42.88,42.86,42.87,400,2021-07-16 18:07:00,NEO
42.89,42.89,42.89,42.89,200,2021-07-16 18:08:00,NEO
42.92,42.92,42.92,42.92,100,2021-07-16 18:10:00,NEO
42.88,42.88,42.86,42.86,300,2021-07-16 18:12:00,NEO
42.85,42.87,42.82,42.82,1305,2021-07-16 18:13:00,NEO
42.81,42.84,42.81,42.825,500,2021-07-16 18:14:00,NEO
42.85,42.85,42.84,42.84,200,2021-07-16 18:15:00,NEO
42.884,42.895,42.884,42.895,338,2021-07-16 18:17:00,NEO
42.92,42.92,42.92,42.92,100,2021-07-16 18:18:00,NEO
42.99,43.04,42.99,43.015,300,2021-07-16 18:19:00,NEO
42.99,42.99,42.99,42.99,300,2021-07-16 18:20:00,NEO
43.059,43.059,43.059,43.059,100,2021-07-16 18:21:00,NEO
43.015,43.015,43.015,43.015,200,2021-07-16 18:22:00,NEO
43.015,43.04,42.9996,43.02,500,2021-07-16 18:23:00,NEO
43.04,43.08,43.04,43.065,500,2021-07-16 18:24:00,NEO
43.065,43.065,43.065,43.065,100,2021-07-16 18:25:00,NEO
43.06,43.06,43.06,43.06,100,2021-07-16 18:26:00,NEO
43.055,43.08,43.055,43.07,476,2021-07-16 18:27:00,NEO
43.065,43.065,43.0,43.0,1141,2021-07-16 18:28:00,NEO
43.0061,43.0061,42.91,42.915,1376,2021-07-16 18:29:00,NEO
42.885,42.91,42.86,42.89,810,2021-07-16 18:30:00,NEO
42.918,42.918,42.918,42.918,140,2021-07-16 18:31:00,NEO
42.92,43.0018,42.92,42.975,4901,2021-07-16 18:32:00,NEO
42.965,42.97,42.965,42.97,200,2021-07-16 18:33:00,NEO
42.9986,42.9986,42.965,42.98,350,2021-07-16 18:34:00,NEO
43.05,43.05,43.05,43.05,200,2021-07-16 18:35:00,NEO
43.1,43.15,43.1,43.15,200,2021-07-16 18:36:00,NEO
43.16,43.16,43.16,43.16,200,2021-07-16 18:37:00,NEO
43.14,43.19,43.14,43.19,499,2021-07-16 18:39:00,NEO
43.21,43.21,43.21,43.21,200,2021-07-16 18:40:00,NEO
43.21,43.21,43.2,43.209,400,2021-07-16 18:41:00,NEO
43.215,43.25,43.19,43.25,300,2021-07-16 18:42:00,NEO
43.25,43.25,43.25,43.25,400,2021-07-16 18:43:00,NEO
43.18,43.25,43.14,43.24,2101,2021-07-16 18:44:00,NEO
43.21,43.245,43.2067,43.2067,597,2021-07-16 18:46:00,NEO
43.23,43.24,43.225,43.225,600,2021-07-16 18:47:00,NEO
43.2616,43.28,43.23,43.28,600,2021-07-16 18:48:00,NEO
43.3,43.3,43.25,43.25,1100,2021-07-16 18:49:00,NEO
43.25,43.25,43.23,43.23,2300,2021-07-16 18:50:00,NEO
43.24,43.24,43.23,43.23,400,2021-07-16 18:51:00,NEO
43.23,43.23,43.165,43.19,600,2021-07-16 18:52:00,NEO
43.13,43.13,43.13,43.13,518,2021-07-16 18:53:00,NEO
43.12,43.12,43.07,43.07,341,2021-07-16 18:56:00,NEO
43.11,43.11,43.11,43.11,100,2021-07-16 18:57:00,NEO
43.06,43.06,43.0,43.0,200,2021-07-16 18:58:00,NEO
43.02,43.02,42.99,42.99,300,2021-07-16 19:00:00,NEO
43.02,43.02,43.02,43.02,500,2021-07-16 19:01:00,NEO
43.0,43.0,42.95,42.9716,890,2021-07-16 19:02:00,NEO
42.945,42.945,42.93,42.93,668,2021-07-16 19:03:00,NEO
42.89,42.985,42.89,42.97,2529,2021-07-16 19:04:00,NEO
42.97,42.97,42.97,42.97,100,2021-07-16 19:05:00,NEO
42.93,42.93,42.93,42.93,200,2021-07-16 19:07:00,NEO
42.945,42.945,42.91,42.91,1412,2021-07-16 19:08:00,NEO
42.94,42.94,42.94,42.94,500,2021-07-16 19:09:00,NEO
43.0,43.0,43.0,43.0,400,2021-07-16 19:11:00,NEO
43.02,43.04,42.96,42.98,1956,2021-07-16 19:12:00,NEO
42.94,42.96,42.94,42.96,600,2021-07-16 19:13:00,NEO
42.98,43.0,42.98,43.0,300,2021-07-16 19:14:00,NEO
43.025,43.025,43.025,43.025,300,2021-07-16 19:15:00,NEO
43.04,43.04,43.04,43.04,400,2021-07-16 19:16:00,NEO
43.06,43.1,43.06,43.1,1000,2021-07-16 19:17:00,NEO
43.11,43.11,43.11,43.11,400,2021-07-16 19:18:00,NEO
43.13,43.13,43.13,43.13,300,2021-07-16 19:19:00,NEO
43.14,43.14,43.115,43.125,600,2021-07-16 19:20:00,NEO
43.15,43.17,43.15,43.17,901,2021-07-16 19:22:00,NEO
43.17,43.17,43.165,43.165,310,2021-07-16 19:23:00,NEO
43.13,43.19,43.11,43.19,1400,2021-07-16 19:24:00,NEO
43.22,43.22,43.16,43.16,6202,2021-07-16 19:25:00,NEO
43.165,43.17,43.155,43.155,500,2021-07-16 19:26:00,NEO
43.17,43.21,43.17,43.21,656,2021-07-16 19:27:00,NEO
43.195,43.2,43.18,43.2,500,2021-07-16 19:28:00,NEO
43.19,43.2,43.19,43.19,500,2021-07-16 19:29:00,NEO
43.17,43.18,43.14,43.14,1206,2021-07-16 19:30:00,NEO
43.13,43.13,43.115,43.115,400,2021-07-16 19:31:00,NEO
43.135,43.2,43.135,43.2,1600,2021-07-16 19:32:00,NEO
43.21,43.27,43.21,43.27,522,2021-07-16 19:33:00,NEO
43.25,43.26,43.23,43.26,800,2021-07-16 19:34:00,NEO
43.22,43.24,43.21,43.2193,1161,2021-07-16 19:35:00,NEO
43.25,43.25,43.225,43.225,850,2021-07-16 19:36:00,NEO
43.225,43.225,43.21,43.215,500,2021-07-16 19:37:00,NEO
43.21,43.22,43.19,43.22,1720,2021-07-16 19:38:00,NEO
43.22,43.22,43.185,43.2,2485,2021-07-16 19:39:00,NEO
43.19,43.19,43.17,43.175,1000,2021-07-16 19:40:00,NEO
43.16,43.16,43.13,43.145,1030,2021-07-16 19:41:00,NEO
43.14,43.16,43.14,43.16,7050,2021-07-16 19:42:00,NEO
43.16,43.21,43.16,43.18,3561,2021-07-16 19:43:00,NEO
43.18,43.205,43.18,43.205,1993,2021-07-16 19:44:00,NEO
43.215,43.215,43.215,43.215,200,2021-07-16 19:45:00,NEO
43.205,43.205,43.17,43.195,3850,2021-07-16 19:46:00,NEO
43.195,43.2,43.195,43.2,200,2021-07-16 19:47:00,NEO
43.21,43.21,43.17,43.17,1615,2021-07-16 19:48:00,NEO
43.17,43.24,43.17,43.24,1986,2021-07-16 19:49:00,NEO
43.24,43.32,43.21,43.25,600,2021-07-16 19:50:00,NEO
43.23,43.235,43.18,43.18,3483,2021-07-16 19:51:00,NEO
43.18,43.25,43.18,43.225,2366,2021-07-16 19:52:00,NEO
43.225,43.24,43.21,43.24,3796,2021-07-16 19:53:00,NEO
43.225,43.31,43.21,43.31,3710,2021-07-16 19:54:00,NEO
43.35,43.35,43.3,43.3,914,2021-07-16 19:55:00,NEO
43.33,43.36,43.33,43.36,2200,2021-07-16 19:56:00,NEO
43.345,43.38,43.32,43.36,2625,2021-07-16 19:57:00,NEO
43.355,43.37,43.32,43.32,3875,2021-07-16 19:58:00,NEO
43.325,43.37,43.32,43.33,2429,2021-07-16 19:59:00,NEO
43.37,43.37,43.37,43.37,55990,2021-07-16 20:00:00,NEO
43.37,43.37,43.37,43.37,10536,2021-07-16 20:01:00,NEO
43.37,43.37,43.37,43.37,11649,2021-07-16 20:02:00,NEO
41.93,42.11,41.93,42.11,200,2021-07-19 13:25:00,NEO
42.36,42.58,42.34,42.57,13700,2021-07-19 13:30:00,NEO
42.57,42.57,42.35,42.35,3350,2021-07-19 13:31:00,NEO
42.535,42.535,42.5054,42.5054,502,2021-07-19 13:32:00,NEO
42.57,42.57,42.4501,42.4501,1900,2021-07-19 13:33:00,NEO
42.5,42.52,42.38,42.49,3400,2021-07-19 13:34:00,NEO
42.525,42.525,42.525,42.525,106,2021-07-19 13:35:00,NEO
42.66,42.66,42.59,42.59,1600,2021-07-19 13:36:00,NEO
42.68,42.68,42.63,42.63,400,2021-07-19 13:37:00,NEO
42.665,42.74,42.665,42.74,400,2021-07-19 13:39:00,NEO
42.74,42.83,42.73,42.74,904,2021-07-19 13:40:00,NEO
42.83,42.83,42.83,42.83,100,2021-07-19 13:41:00,NEO
42.905,43.0,42.905,43.0,1300,2021-07-19 13:42:00,NEO
43.0,43.25,43.0,43.25,609,2021-07-19 13:43:00,NEO
43.0,43.11,43.0,43.11,1400,2021-07-19 13:44:00,NEO
43.11,43.11,43.0,43.0,500,2021-07-19 13:45:00,NEO
43.11,43.11,43.11,43.11,900,2021-07-19 13:46:00,NEO
43.12,43.12,43.12,43.12,400,2021-07-19 13:47:00,NEO
43.05,43.2,42.94,43.2,5349,2021-07-19 13:48:00,NEO
43.1,43.21,43.01,43.09,5237,2021-07-19 13:49:00,NEO
43.155,43.225,43.12,43.14,9900,2021-07-19 13:50:00,NEO
43.155,43.2588,43.155,43.18,11950,2021-07-19 13:51:00,NEO
43.22,43.285,43.22,43.28,539,2021-07-19 13:52:00,NEO
43.18,43.18,43.075,43.075,2161,2021-07-19 13:53:00,NEO
43.085,43.23,43.08,43.23,5199,2021-07-19 13:54:00,NEO
43.18,43.19,43.105,43.105,1000,2021-07-19 13:55:00,NEO
43.13,43.13,43.095,43.095,400,2021-07-19 13:56:00,NEO
43.13,43.17,43.13,43.14,600,2021-07-19 13:57:00,NEO
43.16,43.19,43.1,43.1,665,2021-07-19 13:58:00,NEO
43.2041,43.2041,43.2041,43.2041,309,2021-07-19 13:59:00,NEO
43.22,43.22,43.22,43.22,265,2021-07-19 14:00:00,NEO
43.16,43.16,43.095,43.095,5537,2021-07-19 14:01:00,NEO
43.07,43.11,43.05,43.11,6200,2021-07-19 14:02:00,NEO
43.14,43.155,43.11,43.11,1341,2021-07-19 14:03:00,NEO
43.155,43.23,43.155,43.23,500,2021-07-19 14:04:00,NEO
43.315,43.315,43.25,43.25,5100,2021-07-19 14:05:00,NEO
43.1929,43.24,43.1929,43.24,2065,2021-07-19 14:06:00,NEO
43.27,43.27,43.25,43.25,900,2021-07-19 14:07:00,NEO
43.24,43.24,43.2,43.2,400,2021-07-19 14:08:00,NEO
43.2,43.2,43.14,43.15,503,2021-07-19 14:09:00,NEO
43.1,43.12,43.085,43.085,5700,2021-07-19 14:10:00,NEO
43.085,43.085,43.085,43.085,200,2021-07-19 14:11:00,NEO
43.085,43.16,43.04,43.1595,4100,2021-07-19 14:12:00,NEO
43.18,43.23,43.14,43.16,3669,2021-07-19 14:13:00,NEO
43.21,43.21,43.1201,43.1201,350,2021-07-19 14:14:00,NEO
43.14,43.16,43.125,43.125,500,2021-07-19 14:15:00,NEO
43.12,43.12,43.12,43.12,500,2021-07-19 14:16:00,NEO
43.13,43.24,43.13,43.23,700,2021-07-19 14:17:00,NEO
43.155,43.155,43.155,43.155,200,2021-07-19 14:18:00,NEO
43.22,43.28,43.21,43.21,600,2021-07-19 14:20:00,NEO
43.26,43.26,43.24,43.24,400,2021-07-19 14:21:00,NEO
43.275,43.275,43.275,43.275,200,2021-07-19 14:22:00,NEO
43.24,43.28,43.24,43.28,300,2021-07-19 14:23:00,NEO
43.24,43.32,43.24,43.32,400,2021-07-19 14:24:00,NEO
43.275,43.275,43.2,43.215,6060,2021-07-19 14:25:00,NEO
43.21,43.3,43.21,43.3,500,2021-07-19 14:26:00,NEO
43.4892,43.4892,43.39,43.39,1050,2021-07-19 14:28:00,NEO
43.31,43.31,43.295,43.295,200,2021-07-19 14:31:00,NEO
43.265,43.265,43.22,43.22,300,2021-07-19 14:32:00,NEO
43.19,43.2,43.19,43.19,905,2021-07-19 14:33:00,NEO
43.19,43.19,43.07,43.07,610,2021-07-19 14:35:00,NEO
43.055,43.055,43.055,43.055,100,2021-07-19 14:36:00,NEO
43.03,43.03,43.03,43.03,200,2021-07-19 14:37:00,NEO
43.1,43.11,43.06,43.09,2350,2021-07-19 14:38:00,NEO
43.14,43.175,43.14,43.175,300,2021-07-19 14:39:00,NEO
43.17,43.255,43.17,43.25,10570,2021-07-19 14:40:00,NEO
43.21,43.24,43.16,43.24,710,2021-07-19 14:41:00,NEO
43.23,43.25,43.22,43.25,300,2021-07-19 14:42:00,NEO
43.28,43.28,43.28,43.28,100,2021-07-19 14:43:00,NEO
43.15,43.26,43.15,43.21,319,2021-07-19 14:46:00,NEO
43.21,43.21,43.21,43.21,200,2021-07-19 14:47:00,NEO
43.2,43.27,43.2,43.27,1017,2021-07-19 14:48:00,NEO
43.24,43.24,43.225,43.225,200,2021-07-19 14:50:00,NEO
43.245,43.245,43.245,43.245,100,2021-07-19 14:51:00,NEO
43.3321,43.3321,43.27,43.27,312,2021-07-19 14:52:00,NEO
43.27,43.27,43.27,43.27,200,2021-07-19 14:53:00,NEO
43.26,43.26,43.24,43.24,443,2021-07-19 14:54:00,NEO
43.21,43.22,43.21,43.21,400,2021-07-19 14:56:00,NEO
43.22,43.23,43.21,43.21,602,2021-07-19 14:57:00,NEO
43.22,43.22,43.22,43.22,100,2021-07-19 14:58:00,NEO
43.3,43.35,43.28,43.35,600,2021-07-19 14:59:00,NEO
43.4214,43.4214,43.4214,43.4214,100,2021-07-19 15:00:00,NEO
43.415,43.55,43.415,43.55,9486,2021-07-19 15:02:00,NEO
43.7,43.7,43.59,43.64,400,2021-07-19 15:04:00,NEO
43.77,43.77,43.6578,43.6578,230,2021-07-19 15:05:00,NEO
43.63,43.63,43.63,43.63,200,2021-07-19 15:06:00,NEO
43.72,43.72,43.71,43.71,500,2021-07-19 15:08:00,NEO
43.73,43.88,43.73,43.85,2223,2021-07-19 15:11:00,NEO
43.83,43.86,43.83,43.86,600,2021-07-19 15:12:00,NEO
43.85,43.85,43.85,43.85,200,2021-07-19 15:13:00,NEO
43.69,43.725,43.69,43.725,200,2021-07-19 15:14:00,NEO
43.8,43.8,43.7,43.745,715,2021-07-19 15:16:00,NEO
43.74,43.74,43.64,43.66,922,2021-07-19 15:18:00,NEO
43.71,43.71,43.61,43.62,504,2021-07-19 15:19:00,NEO
43.61,43.655,43.6,43.6,300,2021-07-19 15:20:00,NEO
43.5,43.5,43.5,43.5,100,2021-07-19 15:21:00,NEO
43.5,43.55,43.5,43.55,500,2021-07-19 15:22:00,NEO
43.55,43.57,43.55,43.57,200,2021-07-19 15:23:00,NEO
43.555,43.555,43.555,43.555,100,2021-07-19 15:26:00,NEO
43.53,43.53,43.48,43.48,300,2021-07-19 15:27:00,NEO
43.52,43.57,43.52,43.57,911,2021-07-19 15:28:00,NEO
43.56,43.56,43.56,43.56,100,2021-07-19 15:29:00,NEO
43.56,43.68,43.56,43.6249,2050,2021-07-19 15:31:00,NEO
43.65,43.65,43.65,43.65,200,2021-07-19 15:32:00,NEO
43.66,43.72,43.66,43.67,1650,2021-07-19 15:33:00,NEO
43.625,43.69,43.625,43.69,400,2021-07-19 15:34:00,NEO
43.66,43.679,43.66,43.679,600,2021-07-19 15:35:00,NEO
43.665,43.74,43.665,43.74,602,2021-07-19 15:36:00,NEO
43.69,43.69,43.69,43.69,100,2021-07-19 15:38:00,NEO
43.71,43.78,43.71,43.78,1700,2021-07-19 15:39:00,NEO
43.79,43.805,43.78,43.805,700,2021-07-19 15:40:00,NEO
43.78,43.81,43.78,43.81,508,2021-07-19 15:41:00,NEO
43.82,43.885,43.82,43.885,400,2021-07-19 15:44:00,NEO
43.91,43.91,43.885,43.89,1400,2021-07-19 15:45:00,NEO
43.92,43.93,43.92,43.93,500,2021-07-19 15:46:00,NEO
43.97,43.995,43.95,43.98,1078,2021-07-19 15:48:00,NEO
43.95,43.95,43.95,43.95,100,2021-07-19 15:49:00,NEO
44.0,44.0328,44.0,44.02,670,2021-07-19 15:50:00,NEO
44.01,44.01,44.01,44.01,200,2021-07-19 15:51:00,NEO
44.0361,44.0361,43.93,43.99,609,2021-07-19 15:52:00,NEO
44.0144,44.0144,43.99,43.99,280,2021-07-19 15:54:00,NEO
43.94,43.94,43.93,43.94,400,2021-07-19 15:55:00,NEO
43.94,44.01,43.86,43.9765,1175,2021-07-19 15:56:00,NEO
43.91,43.91,43.91,43.91,100,2021-07-19 15:58:00,NEO
43.86,43.86,43.86,43.86,100,2021-07-19 16:00:00,NEO
43.81,43.835,43.79,43.79,800,2021-07-19 16:01:00,NEO
43.77,43.82,43.77,43.82,300,2021-07-19 16:02:00,NEO
43.82,43.82,43.77,43.82,300,2021-07-19 16:03:00,NEO
43.8,43.8,43.69,43.73,700,2021-07-19 16:04:00,NEO
43.7188,43.79,43.7188,43.79,862,2021-07-19 16:05:00,NEO
43.8,43.85,43.7001,43.84,600,2021-07-19 16:06:00,NEO
43.75,43.83,43.75,43.79,400,2021-07-19 16:07:00,NEO
43.73,43.73,43.73,43.73,100,2021-07-19 16:08:00,NEO
43.75,43.75,43.75,43.75,200,2021-07-19 16:10:00,NEO
43.79,43.805,43.79,43.805,700,2021-07-19 16:11:00,NEO
43.8,43.8,43.8,43.8,200,2021-07-19 16:12:00,NEO
43.82,43.82,43.82,43.82,100,2021-07-19 16:13:00,NEO
43.79,43.79,43.79,43.79,100,2021-07-19 16:14:00,NEO
43.85,43.85,43.85,43.85,100,2021-07-19 16:15:00,NEO
43.855,43.855,43.77,43.77,1742,2021-07-19 16:16:00,NEO
43.8499,43.8499,43.84,43.84,200,2021-07-19 16:18:00,NEO
43.78,43.8337,43.78,43.8337,500,2021-07-19 16:19:00,NEO
43.82,43.82,43.795,43.795,200,2021-07-19 16:20:00,NEO
43.82,43.835,43.82,43.835,300,2021-07-19 16:22:00,NEO
43.82,43.88,43.82,43.88,200,2021-07-19 16:23:00,NEO
43.835,43.835,43.835,43.835,100,2021-07-19 16:24:00,NEO
43.84,43.92,43.84,43.91,1659,2021-07-19 16:25:00,NEO
43.885,43.885,43.83,43.83,300,2021-07-19 16:26:00,NEO
43.82,43.825,43.81,43.81,700,2021-07-19 16:27:00,NEO
43.805,43.81,43.805,43.805,400,2021-07-19 16:28:00,NEO
43.84,43.87,43.84,43.85,600,2021-07-19 16:29:00,NEO
43.81,43.81,43.77,43.8,500,2021-07-19 16:30:00,NEO
43.805,43.825,43.79,43.79,2219,2021-07-19 16:31:00,NEO
43.77,43.77,43.73,43.76,2400,2021-07-19 16:33:00,NEO
43.69,43.69,43.67,43.67,201,2021-07-19 16:34:00,NEO
43.69,43.71,43.67,43.69,1700,2021-07-19 16:35:00,NEO
43.675,43.675,43.67,43.675,800,2021-07-19 16:36:00,NEO
43.7099,43.7099,43.7099,43.7099,235,2021-07-19 16:37:00,NEO
43.7099,43.7099,43.7099,43.7099,1840,2021-07-19 16:38:00,NEO
43.68,43.68,43.68,43.68,100,2021-07-19 16:40:00,NEO
43.68,43.68,43.65,43.65,750,2021-07-19 16:41:00,NEO
43.66,43.66,43.61,43.63,800,2021-07-19 16:42:00,NEO
43.61,43.61,43.59,43.6,400,2021-07-19 16:43:00,NEO
43.595,43.595,43.57,43.5752,450,2021-07-19 16:44:00,NEO
43.565,43.59,43.565,43.59,1100,2021-07-19 16:45:00,NEO
43.62,43.66,43.62,43.63,500,2021-07-19 16:46:00,NEO
43.615,43.615,43.615,43.615,500,2021-07-19 16:49:00,NEO
43.605,43.61,43.57,43.61,1010,2021-07-19 16:50:00,NEO
43.65,43.66,43.65,43.66,328,2021-07-19 16:51:00,NEO
43.635,43.635,43.635,43.635,300,2021-07-19 16:52:00,NEO
43.66,43.68,43.65,43.65,400,2021-07-19 16:53:00,NEO
43.62,43.62,43.62,43.62,100,2021-07-19 16:54:00,NEO
43.65,43.65,43.6,43.6,725,2021-07-19 16:55:00,NEO
43.59,43.6,43.59,43.6,400,2021-07-19 16:56:00,NEO
43.665,43.74,43.655,43.74,1400,2021-07-19 17:00:00,NEO
43.745,43.81,43.745,43.81,200,2021-07-19 17:01:00,NEO
43.8,43.8,43.77,43.77,267,2021-07-19 17:02:00,NEO
43.75,43.75,43.75,43.75,100,2021-07-19 17:07:00,NEO
43.79,43.83,43.77,43.77,600,2021-07-19 17:08:00,NEO
43.819,43.819,43.819,43.819,500,2021-07-19 17:09:00,NEO
43.785,43.785,43.785,43.785,100,2021-07-19 17:11:00,NEO
43.75,43.795,43.75,43.785,900,2021-07-19 17:12:00,NEO
43.785,43.785,43.785,43.785,100,2021-07-19 17:13:00,NEO
43.755,43.755,43.755,43.755,100,2021-07-19 17:14:00,NEO
43.75,43.755,43.75,43.755,400,2021-07-19 17:15:00,NEO
43.77,43.77,43.765,43.765,296,2021-07-19 17:16:00,NEO
43.74,43.74,43.74,43.74,100,2021-07-19 17:17:00,NEO
43.7284,43.735,43.72,43.735,1436,2021-07-19 17:18:00,NEO
43.7,43.75,43.7,43.75,2910,2021-07-19 17:20:00,NEO
43.71,43.73,43.71,43.7117,1000,2021-07-19 17:22:00,NEO
43.7737,43.835,43.7737,43.835,459,2021-07-19 17:23:00,NEO
43.84,43.85,43.79,43.825,1460,2021-07-19 17:25:00,NEO
43.845,43.845,43.845,43.845,100,2021-07-19 17:27:00,NEO
43.7332,43.77,43.73,43.73,850,2021-07-19 17:28:00,NEO
43.73,43.73,43.7,43.715,700,2021-07-19 17:30:00,NEO
43.715,43.72,43.68,43.68,700,2021-07-19 17:31:00,NEO
43.73,43.78,43.72,43.7575,1700,2021-07-19 17:32:00,NEO
43.78,43.78,43.7,43.7,500,2021-07-19 17:33:00,NEO
43.6,43.63,43.58,43.63,500,2021-07-19 17:34:00,NEO
43.71,43.71,43.71,43.71,100,2021-07-19 17:35:00,NEO
43.725,43.78,43.725,43.77,500,2021-07-19 17:37:00,NEO
43.86,43.86,43.83,43.85,2120,2021-07-19 17:39:00,NEO
43.93,43.97,43.895,43.97,1640,2021-07-19 17:40:00,NEO
43.94,43.94,43.94,43.94,100,2021-07-19 17:41:00,NEO
43.83,43.86,43.83,43.86,400,2021-07-19 17:42:00,NEO
43.85,43.85,43.85,43.85,100,2021-07-19 17:43:00,NEO
43.835,43.835,43.835,43.835,108,2021-07-19 17:44:00,NEO
43.8,43.8,43.76,43.8,1106,2021-07-19 17:45:00,NEO
43.81,43.81,43.795,43.795,200,2021-07-19 17:46:00,NEO
43.865,43.865,43.855,43.855,200,2021-07-19 17:47:00,NEO
43.87,43.87,43.81,43.81,200,2021-07-19 17:48:00,NEO
43.805,43.805,43.71,43.71,200,2021-07-19 17:50:00,NEO
43.71,43.74,43.71,43.74,400,2021-07-19 17:52:00,NEO
43.7801,43.83,43.7801,43.83,300,2021-07-19 17:54:00,NEO
43.79,43.86,43.79,43.86,450,2021-07-19 17:55:00,NEO
43.87,43.9,43.87,43.9,1000,2021-07-19 17:56:00,NEO
43.91,43.945,43.88,43.93,1300,2021-07-19 17:58:00,NEO
43.8,43.86,43.8,43.86,900,2021-07-19 17:59:00,NEO
43.89,43.89,43.89,43.89,200,2021-07-19 18:00:00,NEO
44.01,44.01,43.95,43.95,470,2021-07-19 18:03:00,NEO
43.98,43.98,43.98,43.98,100,2021-07-19 18:04:00,NEO
43.98,43.98,43.89,43.89,300,2021-07-19 18:05:00,NEO
43.98,43.98,43.94,43.94,200,2021-07-19 18:06:00,NEO
43.99,44.03,43.95,44.01,4326,2021-07-19 18:07:00,NEO
43.92,43.92,43.92,43.92,300,2021-07-19 18:08:00,NEO
43.87,43.875,43.87,43.875,200,2021-07-19 18:09:00,NEO
43.9,43.95,43.9,43.95,200,2021-07-19 18:10:00,NEO
43.945,43.945,43.945,43.945,100,2021-07-19 18:14:00,NEO
43.95,43.95,43.95,43.95,200,2021-07-19 18:15:00,NEO
44.015,44.015,43.985,43.985,538,2021-07-19 18:16:00,NEO
43.985,43.985,43.95,43.95,400,2021-07-19 18:17:00,NEO
43.94,43.98,43.94,43.94,500,2021-07-19 18:19:00,NEO
43.95,43.95,43.95,43.95,100,2021-07-19 18:20:00,NEO
43.9301,43.95,43.93,43.945,887,2021-07-19 18:23:00,NEO
43.9,43.915,43.9,43.91,400,2021-07-19 18:24:00,NEO
43.8501,43.8501,43.8501,43.8501,100,2021-07-19 18:25:00,NEO
43.895,43.895,43.875,43.875,700,2021-07-19 18:26:00,NEO
43.85,43.9,43.85,43.9,300,2021-07-19 18:28:00,NEO
43.91,43.95,43.91,43.945,800,2021-07-19 18:29:00,NEO
43.85,43.91,43.85,43.88,900,2021-07-19 18:30:00,NEO
43.89,43.89,43.89,43.89,100,2021-07-19 18:31:00,NEO
43.78,43.79,43.75,43.75,300,2021-07-19 18:33:00,NEO
43.86,43.86,43.86,43.86,554,2021-07-19 18:34:00,NEO
43.76,43.76,43.76,43.76,100,2021-07-19 18:36:00,NEO
43.74,43.74,43.62,43.67,1460,2021-07-19 18:37:00,NEO
43.6,43.6,43.6,43.6,100,2021-07-19 18:39:00,NEO
43.5498,43.61,43.5498,43.58,1000,2021-07-19 18:40:00,NEO
43.62,43.63,43.615,43.615,900,2021-07-19 18:41:00,NEO
43.605,43.64,43.575,43.575,800,2021-07-19 18:42:00,NEO
43.565,43.6,43.53,43.58,2202,2021-07-19 18:43:00,NEO
43.56,43.57,43.5,43.5,1543,2021-07-19 18:44:00,NEO
43.525,43.59,43.525,43.59,1326,2021-07-19 18:45:00,NEO
43.61,43.61,43.588,43.6015,414,2021-07-19 18:46:00,NEO
43.58,43.58,43.58,43.58,100,2021-07-19 18:47:00,NEO
43.65,43.65,43.65,43.65,100,2021-07-19 18:49:00,NEO
43.58,43.58,43.58,43.58,100,2021-07-19 18:51:00,NEO
43.54,43.57,43.54,43.57,200,2021-07-19 18:52:00,NEO
43.465,43.465,43.33,43.38,1600,2021-07-19 18:53:00,NEO
43.41,43.41,43.41,43.41,100,2021-07-19 18:54:00,NEO
43.41,43.4869,43.41,43.4869,1040,2021-07-19 18:55:00,NEO
43.52,43.52,43.4501,43.4501,600,2021-07-19 18:56:00,NEO
43.5264,43.55,43.48,43.48,410,2021-07-19 18:57:00,NEO
43.46,43.51,43.45,43.5,1300,2021-07-19 18:58:00,NEO
43.41,43.41,43.4,43.4,200,2021-07-19 18:59:00,NEO
43.42,43.42,43.42,43.42,100,2021-07-19 19:01:00,NEO
43.48,43.48,43.48,43.48,100,2021-07-19 19:02:00,NEO
43.51,43.52,43.5,43.52,300,2021-07-19 19:03:00,NEO
43.545,43.545,43.545,43.545,400,2021-07-19 19:04:00,NEO
43.55,43.57,43.54,43.57,500,2021-07-19 19:05:00,NEO
43.49,43.49,43.49,43.49,200,2021-07-19 19:06:00,NEO
43.55,43.585,43.55,43.585,700,2021-07-19 19:07:00,NEO
43.625,43.65,43.61,43.6434,1000,2021-07-19 19:08:00,NEO
43.63,43.64,43.58,43.6225,4121,2021-07-19 19:09:00,NEO
43.62,43.62,43.62,43.62,400,2021-07-19 19:11:00,NEO
43.63,43.63,43.59,43.59,200,2021-07-19 19:12:00,NEO
43.61,43.62,43.5645,43.5645,400,2021-07-19 19:14:00,NEO
43.5882,43.5882,43.5882,43.5882,300,2021-07-19 19:15:00,NEO
43.53,43.55,43.49,43.55,1500,2021-07-19 19:16:00,NEO
43.54,43.56,43.48,43.48,2300,2021-07-19 19:17:00,NEO
43.4,43.43,43.4,43.42,762,2021-07-19 19:18:00,NEO
43.41,43.41,43.41,43.41,100,2021-07-19 19:19:00,NEO
43.39,43.39,43.36,43.37,400,2021-07-19 19:20:00,NEO
43.39,43.41,43.38,43.38,400,2021-07-19 19:21:00,NEO
43.38,43.38,43.35,43.36,1400,2021-07-19 19:22:00,NEO
43.385,43.385,43.385,43.385,100,2021-07-19 19:23:00,NEO
43.37,43.38,43.37,43.38,200,2021-07-19 19:24:00,NEO
43.4,43.46,43.4,43.46,600,2021-07-19 19:25:00,NEO
43.475,43.57,43.475,43.57,423,2021-07-19 19:26:00,NEO
43.51,43.53,43.51,43.53,550,2021-07-19 19:27:00,NEO
43.52,43.575,43.52,43.575,550,2021-07-19 19:28:00,NEO
43.58,43.58,43.54,43.54,300,2021-07-19 19:29:00,NEO
43.6,43.625,43.6,43.625,1304,2021-07-19 19:30:00,NEO
43.605,43.61,43.58,43.605,700,2021-07-19 19:31:00,NEO
43.58,43.58,43.505,43.505,400,2021-07-19 19:33:00,NEO
43.5,43.5,43.5,43.5,100,2021-07-19 19:34:00,NEO
43.47,43.52,43.46,43.52,1100,2021-07-19 19:35:00,NEO
43.53,43.53,43.53,43.53,200,2021-07-19 19:36:00,NEO
43.57,43.57,43.51,43.53,1340,2021-07-19 19:37:00,NEO
43.53,43.56,43.53,43.56,1100,2021-07-19 19:38:00,NEO
43.58,43.605,43.56,43.605,1100,2021-07-19 19:39:00,NEO
43.59,43.63,43.59,43.63,1100,2021-07-19 19:40:00,NEO
43.64,43.64,43.61,43.615,518,2021-07-19 19:41:00,NEO
43.58,43.63,43.58,43.6,550,2021-07-19 19:42:00,NEO
43.63,43.63,43.6,43.6,2600,2021-07-19 19:43:00,NEO
43.565,43.61,43.55,43.55,970,2021-07-19 19:44:00,NEO
43.54,43.56,43.53,43.56,600,2021-07-19 19:45:00,NEO
43.535,43.535,43.51,43.51,600,2021-07-19 19:46:00,NEO
43.53,43.57,43.53,43.57,1523,2021-07-19 19:47:00,NEO
43.54,43.54,43.52,43.54,900,2021-07-19 19:48:00,NEO
43.535,43.59,43.535,43.59,1053,2021-07-19 19:49:00,NEO
43.58,43.5886,43.54,43.5886,300,2021-07-19 19:50:00,NEO
43.54,43.54,43.53,43.54,500,2021-07-19 19:51:00,NEO
43.56,43.6,43.53,43.555,1300,2021-07-19 19:52:00,NEO
43.57,43.59,43.54,43.57,1890,2021-07-19 19:53:00,NEO
43.57,43.57,43.545,43.545,200,2021-07-19 19:54:00,NEO
43.56,43.635,43.55,43.635,4545,2021-07-19 19:55:00,NEO
43.625,43.66,43.625,43.645,2524,2021-07-19 19:56:00,NEO
43.63,43.695,43.63,43.6875,5412,2021-07-19 19:57:00,NEO
43.695,43.74,43.68,43.73,4416,2021-07-19 19:58:00,NEO
43.74,43.74,43.65,43.71,4906,2021-07-19 19:59:00,NEO
43.71,43.71,43.71,43.71,72171,2021-07-19 20:00:00,NEO
43.71,43.71,43.71,43.71,774,2021-07-19 20:01:00,NEO
43.61,43.61,43.6,43.6,498,2021-07-20 13:25:00,NEO
43.92,43.92,43.92,43.92,100,2021-07-20 13:29:00,NEO
43.82,43.875,43.82,43.875,6484,2021-07-20 13:30:00,NEO
43.86,44.04,43.86,44.0,1600,2021-07-20 13:31:00,NEO
43.96,43.96,43.96,43.96,300,2021-07-20 13:32:00,NEO
43.81,43.81,43.81,43.81,200,2021-07-20 13:33:00,NEO
44.06,44.06,44.06,44.06,100,2021-07-20 13:34:00,NEO
43.91,43.91,43.78,43.78,200,2021-07-20 13:35:00,NEO
43.99,43.99,43.99,43.99,200,2021-07-20 13:38:00,NEO
43.935,43.935,43.935,43.935,100,2021-07-20 13:39:00,NEO
43.98,43.99,43.85,43.99,900,2021-07-20 13:40:00,NEO
44.0,44.0,44.0,44.0,200,2021-07-20 13:41:00,NEO
44.01,44.02,44.01,44.02,200,2021-07-20 13:42:00,NEO
44.06,44.06,43.95,44.05,2620,2021-07-20 13:43:00,NEO
44.13,44.13,44.13,44.13,200,2021-07-20 13:44:00,NEO
44.14,44.14,44.13,44.13,300,2021-07-20 13:46:00,NEO
44.12,44.12,44.02,44.075,900,2021-07-20 13:47:00,NEO
44.08,44.18,44.08,44.18,998,2021-07-20 13:48:00,NEO
44.1,44.13,44.09,44.09,300,2021-07-20 13:49:00,NEO
44.05,44.05,43.99,44.0,1100,2021-07-20 13:50:00,NEO
43.98,43.98,43.98,43.98,290,2021-07-20 13:51:00,NEO
43.94,43.94,43.94,43.94,400,2021-07-20 13:52:00,NEO
43.85,43.85,43.73,43.825,420,2021-07-20 13:53:00,NEO
43.72,43.77,43.66,43.66,565,2021-07-20 13:54:00,NEO
43.6101,43.755,43.6101,43.755,300,2021-07-20 13:55:00,NEO
43.714,43.735,43.6501,43.6501,375,2021-07-20 13:58:00,NEO
43.81,43.875,43.81,43.875,683,2021-07-20 13:59:00,NEO
43.87,43.96,43.87,43.96,443,2021-07-20 14:01:00,NEO
43.95,43.95,43.78,43.805,1028,2021-07-20 14:02:00,NEO
43.75,43.8,43.73,43.73,1207,2021-07-20 14:03:00,NEO
43.69,43.7,43.55,43.55,3108,2021-07-20 14:04:00,NEO
43.64,43.65,43.615,43.65,1031,2021-07-20 14:05:00,NEO
43.685,43.685,43.685,43.685,100,2021-07-20 14:06:00,NEO
43.75,43.79,43.75,43.79,300,2021-07-20 14:08:00,NEO
43.78,43.78,43.78,43.78,100,2021-07-20 14:09:00,NEO
43.85,43.905,43.84,43.905,400,2021-07-20 14:10:00,NEO
43.96,44.0,43.95,44.0,400,2021-07-20 14:12:00,NEO
44.01,44.06,44.0,44.06,500,2021-07-20 14:13:00,NEO
44.01,44.01,44.01,44.01,100,2021-07-20 14:14:00,NEO
44.065,44.065,44.05,44.05,200,2021-07-20 14:15:00,NEO
44.07,44.07,44.07,44.07,200,2021-07-20 14:16:00,NEO
44.08,44.12,44.08,44.12,700,2021-07-20 14:18:00,NEO
44.13,44.13,44.0,44.0,600,2021-07-20 14:19:00,NEO
44.09,44.12,44.06,44.12,300,2021-07-20 14:20:00,NEO
44.125,44.125,44.125,44.125,100,2021-07-20 14:21:00,NEO
44.05,44.1587,44.05,44.1587,800,2021-07-20 14:22:00,NEO
44.06,44.1,44.05,44.08,600,2021-07-20 14:24:00,NEO
44.01,44.01,44.01,44.01,200,2021-07-20 14:26:00,NEO
43.955,43.955,43.955,43.955,200,2021-07-20 14:27:00,NEO
43.88,43.915,43.88,43.915,200,2021-07-20 14:28:00,NEO
43.89,43.89,43.89,43.89,200,2021-07-20 14:29:00,NEO
43.82,43.83,43.82,43.83,500,2021-07-20 14:30:00,NEO
43.79,43.92,43.775,43.87,1500,2021-07-20 14:31:00,NEO
43.9,43.945,43.9,43.945,400,2021-07-20 14:32:00,NEO
43.945,43.945,43.9322,43.9322,200,2021-07-20 14:33:00,NEO
43.95,43.965,43.95,43.965,400,2021-07-20 14:34:00,NEO
43.96,44.0,43.96,44.0,800,2021-07-20 14:35:00,NEO
43.99,43.99,43.99,43.99,100,2021-07-20 14:36:00,NEO
43.96,44.0,43.96,43.96,1100,2021-07-20 14:37:00,NEO
43.98,44.025,43.98,44.025,200,2021-07-20 14:38:00,NEO
44.0012,44.0012,44.0012,44.0012,335,2021-07-20 14:39:00,NEO
43.965,43.99,43.965,43.99,700,2021-07-20 14:40:00,NEO
44.04,44.14,44.04,44.14,400,2021-07-20 14:41:00,NEO
44.19,44.19,44.14,44.18,500,2021-07-20 14:42:00,NEO
44.18,44.19,43.76,43.79,140348,2021-07-20 14:43:00,NEO
43.8088,43.875,43.735,43.855,24961,2021-07-20 14:44:00,NEO
43.8201,43.89,43.8201,43.89,3605,2021-07-20 14:45:00,NEO
43.8501,43.955,43.8501,43.8901,7565,2021-07-20 14:46:00,NEO
43.92,43.92,43.85,43.89,10833,2021-07-20 14:47:00,NEO
43.95,44.0329,43.871,43.895,7300,2021-07-20 14:48:00,NEO
43.8715,43.92,43.86,43.92,17378,2021-07-20 14:49:00,NEO
43.935,43.94,43.8501,43.915,12310,2021-07-20 14:50:00,NEO
43.88,43.9,43.8601,43.8881,5529,2021-07-20 14:51:00,NEO
43.905,43.915,43.86,43.91,6741,2021-07-20 14:52:00,NEO
43.95,44.01,43.9214,43.9214,3427,2021-07-20 14:53:00,NEO
43.93,43.94,43.915,43.915,2198,2021-07-20 14:54:00,NEO
43.915,43.94,43.89,43.915,4678,2021-07-20 14:55:00,NEO
43.93,44.0,43.85,43.86,33558,2021-07-20 14:56:00,NEO
43.85,43.8561,43.6176,43.6176,7937,2021-07-20 14:57:00,NEO
43.6,43.719,43.52,43.675,21004,2021-07-20 14:58:00,NEO
43.71,43.729,43.6699,43.6699,2795,2021-07-20 14:59:00,NEO
43.64,43.64,43.538,43.5486,2338,2021-07-20 15:00:00,NEO
43.6,43.63,43.44,43.48,4544,2021-07-20 15:01:00,NEO
43.4891,43.4891,43.3536,43.38,1846,2021-07-20 15:02:00,NEO
43.355,43.41,43.29,43.365,8888,2021-07-20 15:03:00,NEO
43.35,43.4,43.3,43.33,3817,2021-07-20 15:04:00,NEO
43.325,43.515,43.325,43.5,3494,2021-07-20 15:05:00,NEO
43.43,43.43,43.305,43.305,2937,2021-07-20 15:06:00,NEO
43.32,43.33,43.2701,43.315,2872,2021-07-20 15:07:00,NEO
43.325,43.43,43.29,43.39,2954,2021-07-20 15:08:00,NEO
43.375,43.375,43.31,43.34,5100,2021-07-20 15:09:00,NEO
43.345,43.5,43.345,43.4666,10250,2021-07-20 15:10:00,NEO
43.5,43.5,43.455,43.5,17155,2021-07-20 15:11:00,NEO
43.5,43.525,43.5,43.525,1058,2021-07-20 15:12:00,NEO
43.5285,43.5285,43.49,43.5,7291,2021-07-20 15:13:00,NEO
43.52,43.58,43.4801,43.5108,1692,2021-07-20 15:14:00,NEO
43.515,43.57,43.515,43.57,1040,2021-07-20 15:15:00,NEO
43.545,43.62,43.545,43.62,1723,2021-07-20 15:16:00,NEO
43.58,43.68,43.58,43.644,750,2021-07-20 15:17:00,NEO
43.6001,43.63,43.59,43.63,1050,2021-07-20 15:18:00,NEO
43.6,43.6,43.58,43.58,1500,2021-07-20 15:19:00,NEO
43.57,43.575,43.5,43.5,3523,2021-07-20 15:20:00,NEO
43.5,43.5,43.4175,43.4175,1877,2021-07-20 15:21:00,NEO
43.44,43.45,43.415,43.415,4909,2021-07-20 15:22:00,NEO
43.43,43.51,43.41,43.51,2760,2021-07-20 15:23:00,NEO
43.495,43.505,43.48,43.495,3870,2021-07-20 15:24:00,NEO
43.48,43.5697,43.48,43.55,2728,2021-07-20 15:25:00,NEO
43.55,43.6,43.5,43.5,1472,2021-07-20 15:26:00,NEO
43.5,43.51,43.455,43.49,9549,2021-07-20 15:27:00,NEO
43.49,43.55,43.49,43.5,2817,2021-07-20 15:28:00,NEO
43.5594,43.5594,43.4762,43.4762,6873,2021-07-20 15:29:00,NEO
43.485,43.51,43.46,43.47,2474,2021-07-20 15:30:00,NEO
43.442,43.495,43.44,43.495,8901,2021-07-20 15:31:00,NEO
43.48,43.5,43.43,43.465,3791,2021-07-20 15:32:00,NEO
43.44,43.455,43.44,43.455,2794,2021-07-20 15:33:00,NEO
43.45,43.45,43.4019,43.44,3909,2021-07-20 15:34:00,NEO
43.445,43.455,43.41,43.43,22440,2021-07-20 15:35:00,NEO
43.455,43.51,43.45,43.51,10810,2021-07-20 15:36:00,NEO
43.5023,43.51,43.434,43.48,760,2021-07-20 15:37:00,NEO
43.42,43.475,43.41,43.41,2500,2021-07-20 15:38:00,NEO
43.405,43.405,43.2,43.2,2093,2021-07-20 15:39:00,NEO
43.19,43.19,43.12,43.17,1900,2021-07-20 15:40:00,NEO
43.1,43.17,43.06,43.06,3017,2021-07-20 15:41:00,NEO
43.08,43.15,43.075,43.1101,1896,2021-07-20 15:42:00,NEO
43.19,43.19,43.17,43.17,550,2021-07-20 15:43:00,NEO
43.2281,43.2281,43.2149,43.2149,200,2021-07-20 15:44:00,NEO
43.21,43.21,43.16,43.16,1000,2021-07-20 15:45:00,NEO
43.15,43.169,43.065,43.065,1624,2021-07-20 15:46:00,NEO
43.09,43.09,42.975,42.975,2078,2021-07-20 15:47:00,NEO
43.0,43.0169,43.0,43.0169,900,2021-07-20 15:48:00,NEO
43.0,43.07,42.98,43.07,3965,2021-07-20 15:49:00,NEO
43.07,43.12,43.03,43.09,4415,2021-07-20 15:50:00,NEO
43.0319,43.055,42.97,42.97,926,2021-07-20 15:51:00,NEO
42.95,43.04,42.92,43.0,5622,2021-07-20 15:52:00,NEO
43.04,43.09,43.0,43.0,952,2021-07-20 15:53:00,NEO
43.045,43.08,43.0,43.03,2955,2021-07-20 15:54:00,NEO
42.97,43.0156,42.97,42.98,1471,2021-07-20 15:55:00,NEO
43.0,43.09,43.0,43.09,1752,2021-07-20 15:56:00,NEO
43.065,43.135,43.065,43.0801,1100,2021-07-20 15:57:00,NEO
43.13,43.14,43.0915,43.1,1800,2021-07-20 15:58:00,NEO
43.1,43.1,43.04,43.04,605,2021-07-20 15:59:00,NEO
43.025,43.06,42.9808,43.0,1690,2021-07-20 16:00:00,NEO
43.03,43.14,42.9901,43.14,2416,2021-07-20 16:01:00,NEO
43.12,43.13,43.12,43.13,793,2021-07-20 16:02:00,NEO
43.19,43.21,43.1603,43.2,1884,2021-07-20 16:03:00,NEO
43.25,43.32,43.24,43.2773,759,2021-07-20 16:04:00,NEO
43.2606,43.285,43.26,43.28,1691,2021-07-20 16:05:00,NEO
43.25,43.25,43.2005,43.2005,1100,2021-07-20 16:06:00,NEO
43.17,43.17,43.13,43.13,1718,2021-07-20 16:07:00,NEO
43.09,43.09,43.07,43.07,300,2021-07-20 16:08:00,NEO
43.04,43.04,42.98,42.99,881,2021-07-20 16:09:00,NEO
43.03,43.03,43.03,43.03,200,2021-07-20 16:10:00,NEO
43.05,43.05,43.05,43.05,100,2021-07-20 16:11:00,NEO
43.04,43.08,43.04,43.067,400,2021-07-20 16:12:00,NEO
43.1,43.1,42.992,43.0,1647,2021-07-20 16:13:00,NEO
42.995,43.03,42.995,42.995,1302,2021-07-20 16:14:00,NEO
42.995,43.07,42.995,43.07,1487,2021-07-20 16:15:00,NEO
43.06,43.1,43.04,43.1,1100,2021-07-20 16:16:00,NEO
43.075,43.085,43.06,43.08,1550,2021-07-20 16:17:00,NEO
43.07,43.07,43.07,43.07,100,2021-07-20 16:18:00,NEO
43.065,43.09,43.04,43.04,924,2021-07-20 16:19:00,NEO
43.08,43.11,43.07,43.11,737,2021-07-20 16:20:00,NEO
43.12,43.12,42.985,42.985,1656,2021-07-20 16:21:00,NEO
43.0,43.0,42.93,42.93,1845,2021-07-20 16:22:00,NEO
42.925,42.925,42.87,42.916,3116,2021-07-20 16:23:00,NEO
42.945,43.05,42.93,43.04,12048,2021-07-20 16:24:00,NEO
43.05,43.05,43.03,43.03,306,2021-07-20 16:25:00,NEO
43.0,43.08,43.0,43.0,1115,2021-07-20 16:26:00,NEO
43.08,43.13,43.053,43.13,531,2021-07-20 16:27:00,NEO
43.0701,43.11,43.07,43.11,1040,2021-07-20 16:28:00,NEO
43.075,43.09,43.03,43.07,1471,2021-07-20 16:29:00,NEO
43.05,43.05,43.05,43.05,100,2021-07-20 16:30:00,NEO
43.05,43.11,43.05,43.11,866,2021-07-20 16:31:00,NEO
43.13,43.17,43.12,43.16,1000,2021-07-20 16:33:00,NEO
43.12,43.17,43.06,43.17,2100,2021-07-20 16:34:00,NEO
43.165,43.28,43.165,43.2667,2250,2021-07-20 16:35:00,NEO
43.3048,43.3048,43.3048,43.3048,1000,2021-07-20 16:36:00,NEO
43.245,43.32,43.245,43.31,563,2021-07-20 16:37:00,NEO
43.31,43.35,43.29,43.35,1000,2021-07-20 16:38:00,NEO
43.31,43.36,43.23,43.23,3159,2021-07-20 16:39:00,NEO
43.23,43.23,43.16,43.16,900,2021-07-20 16:40:00,NEO
43.16,43.16,43.1,43.1371,1100,2021-07-20 16:41:00,NEO
43.1371,43.14,43.13,43.13,308,2021-07-20 16:42:00,NEO
43.0979,43.0979,43.0979,43.0979,328,2021-07-20 16:44:00,NEO
43.15,43.2,43.1332,43.2,1654,2021-07-20 16:45:00,NEO
43.18,43.18,43.17,43.17,300,2021-07-20 16:46:00,NEO
43.1501,43.18,43.11,43.11,736,2021-07-20 16:47:00,NEO
43.11,43.11,43.07,43.08,1100,2021-07-20 16:48:00,NEO
43.08,43.08,43.08,43.08,683,2021-07-20 16:49:00,NEO
43.06,43.12,43.0438,43.12,754,2021-07-20 16:50:00,NEO
43.08,43.14,43.08,43.14,400,2021-07-20 16:51:00,NEO
43.106,43.185,43.106,43.185,1700,2021-07-20 16:52:00,NEO
43.129,43.145,43.1001,43.1001,746,2021-07-20 16:53:00,NEO
43.12,43.12,43.05,43.05,808,2021-07-20 16:54:00,NEO
43.05,43.06,42.97,43.06,1500,2021-07-20 16:55:00,NEO
43.04,43.09,43.04,43.09,200,2021-07-20 16:56:00,NEO
43.1206,43.13,43.1,43.1,1200,2021-07-20 16:57:00,NEO
43.07,43.07,43.04,43.04,750,2021-07-20 16:59:00,NEO
43.04,43.04,43.0,43.0,1079,2021-07-20 17:00:00,NEO
43.01,43.015,43.0,43.0,1743,2021-07-20 17:01:00,NEO
43.0,43.08,43.0,43.01,2535,2021-07-20 17:02:00,NEO
43.01,43.01,42.98,43.01,1100,2021-07-20 17:03:00,NEO
42.997,42.997,42.9,42.92,2150,2021-07-20 17:04:00,NEO
42.94,42.975,42.94,42.96,900,2021-07-20 17:05:00,NEO
42.985,43.0,42.985,43.0,325,2021-07-20 17:06:00,NEO
43.0241,43.0241,43.0,43.0,600,2021-07-20 17:07:00,NEO
42.97,42.97,42.94,42.955,543,2021-07-20 17:08:00,NEO
42.95,42.96,42.94,42.96,1258,2021-07-20 17:09:00,NEO
42.935,43.0,42.92,43.0,4035,2021-07-20 17:10:00,NEO
42.9805,43.07,42.98,43.048,1687,2021-07-20 17:11:00,NEO
43.06,43.06,43.05,43.05,300,2021-07-20 17:12:00,NEO
43.04,43.095,43.04,43.08,1966,2021-07-20 17:13:00,NEO
43.06,43.06,43.02,43.02,900,2021-07-20 17:14:00,NEO
43.04,43.04,42.98,43.0,1500,2021-07-20 17:15:00,NEO
43.0,43.045,43.0,43.04,1400,2021-07-20 17:16:00,NEO
43.1,43.12,43.1,43.11,626,2021-07-20 17:17:00,NEO
43.135,43.135,43.135,43.135,100,2021-07-20 17:18:00,NEO
43.13,43.2,43.11,43.175,2550,2021-07-20 17:19:00,NEO
43.18,43.18,43.18,43.18,128,2021-07-20 17:20:00,NEO
43.195,43.195,43.195,43.195,150,2021-07-20 17:21:00,NEO
43.21,43.21,43.1815,43.1815,1943,2021-07-20 17:22:00,NEO
43.19,43.23,43.18,43.23,2300,2021-07-20 17:23:00,NEO
43.25,43.25,43.22,43.22,700,2021-07-20 17:24:00,NEO
43.26,43.33,43.26,43.33,604,2021-07-20 17:26:00,NEO
43.3082,43.39,43.3082,43.39,400,2021-07-20 17:27:00,NEO
43.3328,43.37,43.3328,43.37,250,2021-07-20 17:28:00,NEO
43.35,43.37,43.3,43.3,2113,2021-07-20 17:30:00,NEO
43.3,43.36,43.22,43.35,2959,2021-07-20 17:31:00,NEO
43.3278,43.3278,43.3278,43.3278,100,2021-07-20 17:32:00,NEO
43.3594,43.3594,43.31,43.31,500,2021-07-20 17:33:00,NEO
43.29,43.29,43.28,43.28,393,2021-07-20 17:34:00,NEO
43.3007,43.34,43.3007,43.34,704,2021-07-20 17:35:00,NEO
43.34,43.34,43.34,43.34,200,2021-07-20 17:36:00,NEO
43.3,43.3,43.29,43.29,900,2021-07-20 17:37:00,NEO
43.251,43.251,43.2401,43.2401,470,2021-07-20 17:38:00,NEO
43.27,43.27,43.27,43.27,100,2021-07-20 17:39:00,NEO
43.29,43.29,43.25,43.2504,1800,2021-07-20 17:40:00,NEO
43.26,43.27,43.24,43.25,900,2021-07-20 17:41:00,NEO
43.3,43.32,43.29,43.32,700,2021-07-20 17:42:00,NEO
43.315,43.35,43.31,43.31,932,2021-07-20 17:43:00,NEO
43.28,43.31,43.26,43.29,2360,2021-07-20 17:44:00,NEO
43.29,43.29,43.29,43.29,100,2021-07-20 17:45:00,NEO
43.24,43.26,43.23,43.23,300,2021-07-20 17:46:00,NEO
43.205,43.265,43.2,43.25,1496,2021-07-20 17:47:00,NEO
43.27,43.3,43.25,43.3,1600,2021-07-20 17:48:00,NEO
43.32,43.32,43.29,43.31,1139,2021-07-20 17:49:00,NEO
43.31,43.31,43.29,43.29,690,2021-07-20 17:50:00,NEO
43.3,43.33,43.3,43.33,500,2021-07-20 17:51:00,NEO
43.32,43.32,43.315,43.315,400,2021-07-20 17:52:00,NEO
43.315,43.36,43.315,43.35,950,2021-07-20 17:53:00,NEO
43.33,43.33,43.32,43.33,1210,2021-07-20 17:54:00,NEO
43.31,43.34,43.29,43.29,700,2021-07-20 17:55:00,NEO
43.32,43.32,43.3,43.3,494,2021-07-20 17:56:00,NEO
43.3061,43.34,43.27,43.34,4359,2021-07-20 17:57:00,NEO
43.34,43.34,43.32,43.32,605,2021-07-20 17:58:00,NEO
43.32,43.32,43.32,43.32,100,2021-07-20 17:59:00,NEO
43.31,43.32,43.31,43.32,200,2021-07-20 18:00:00,NEO
43.34,43.38,43.33,43.36,2800,2021-07-20 18:01:00,NEO
43.33,43.34,43.33,43.33,400,2021-07-20 18:02:00,NEO
43.33,43.36,43.33,43.34,808,2021-07-20 18:03:00,NEO
43.34,43.36,43.33,43.36,3508,2021-07-20 18:04:00,NEO
43.36,43.36,43.36,43.36,1300,2021-07-20 18:05:00,NEO
43.38,43.38,43.38,43.38,1071,2021-07-20 18:06:00,NEO
43.38,43.4,43.38,43.39,760,2021-07-20 18:07:00,NEO
43.38,43.52,43.38,43.52,14310,2021-07-20 18:08:00,NEO
43.52,43.52,43.4519,43.4519,335,2021-07-20 18:09:00,NEO
43.47,43.5,43.47,43.5,2154,2021-07-20 18:10:00,NEO
43.46,43.48,43.4,43.4,2745,2021-07-20 18:11:00,NEO
43.415,43.415,43.4,43.4,275,2021-07-20 18:12:00,NEO
43.36,43.38,43.32,43.38,2190,2021-07-20 18:13:00,NEO
43.375,43.375,43.3226,43.35,973,2021-07-20 18:14:00,NEO
43.355,43.355,43.34,43.34,1005,2021-07-20 18:15:00,NEO
43.36,43.39,43.36,43.365,1357,2021-07-20 18:16:00,NEO
43.365,43.38,43.355,43.355,1700,2021-07-20 18:17:00,NEO
43.355,43.355,43.32,43.32,1535,2021-07-20 18:18:00,NEO
43.33,43.36,43.33,43.36,2300,2021-07-20 18:19:00,NEO
43.37,43.43,43.37,43.415,1494,2021-07-20 18:20:00,NEO
43.42,43.42,43.42,43.42,200,2021-07-20 18:21:00,NEO
43.47,43.48,43.34,43.35,3159,2021-07-20 18:22:00,NEO
43.365,43.37,43.33,43.33,1440,2021-07-20 18:23:00,NEO
43.36,43.37,43.36,43.37,600,2021-07-20 18:24:00,NEO
43.39,43.49,43.39,43.49,2090,2021-07-20 18:25:00,NEO
43.45,43.57,43.445,43.55,12576,2021-07-20 18:26:00,NEO
43.555,43.555,43.545,43.55,2233,2021-07-20 18:27:00,NEO
43.56,43.58,43.53,43.5468,3834,2021-07-20 18:28:00,NEO
43.53,43.54,43.51,43.54,1745,2021-07-20 18:29:00,NEO
43.535,43.65,43.531,43.65,8375,2021-07-20 18:30:00,NEO
43.62,43.62,43.59,43.59,2407,2021-07-20 18:31:00,NEO
43.56,43.56,43.53,43.55,908,2021-07-20 18:32:00,NEO
43.58,43.62,43.58,43.605,6746,2021-07-20 18:34:00,NEO
43.63,43.63,43.6,43.625,2700,2021-07-20 18:35:00,NEO
43.6,43.6,43.56,43.56,1528,2021-07-20 18:36:00,NEO
43.56,43.57,43.56,43.57,409,2021-07-20 18:37:00,NEO
43.58,43.6,43.56,43.56,1028,2021-07-20 18:38:00,NEO
43.56,43.56,43.46,43.53,2715,2021-07-20 18:39:00,NEO
43.525,43.525,43.495,43.495,1000,2021-07-20 18:40:00,NEO
43.49,43.49,43.455,43.46,1700,2021-07-20 18:41:00,NEO
43.45,43.48,43.335,43.45,13677,2021-07-20 18:42:00,NEO
43.47,43.52,43.43,43.51,14452,2021-07-20 18:43:00,NEO
43.495,43.545,43.495,43.545,800,2021-07-20 18:44:00,NEO
43.5,43.52,43.49,43.49,741,2021-07-20 18:45:00,NEO
43.485,43.55,43.485,43.53,2000,2021-07-20 18:46:00,NEO
43.52,43.54,43.48,43.52,732,2021-07-20 18:47:00,NEO
43.5,43.5,43.5,43.5,300,2021-07-20 18:48:00,NEO
43.5,43.56,43.5,43.56,1300,2021-07-20 18:49:00,NEO
43.565,43.565,43.56,43.56,200,2021-07-20 18:50:00,NEO
43.58,43.6,43.58,43.6,6597,2021-07-20 18:51:00,NEO
43.64,43.64,43.63,43.63,200,2021-07-20 18:52:00,NEO
43.63,43.65,43.63,43.65,500,2021-07-20 18:53:00,NEO
43.65,43.65,43.63,43.63,300,2021-07-20 18:54:00,NEO
43.62,43.665,43.62,43.665,1126,2021-07-20 18:55:00,NEO
43.68,43.7,43.68,43.7,964,2021-07-20 18:56:00,NEO
43.675,43.675,43.65,43.65,200,2021-07-20 18:57:00,NEO
43.665,43.665,43.665,43.665,100,2021-07-20 18:58:00,NEO
43.665,43.7,43.665,43.69,3981,2021-07-20 18:59:00,NEO
43.7,43.73,43.69,43.72,860,2021-07-20 19:00:00,NEO
43.74,43.75,43.74,43.75,1018,2021-07-20 19:01:00,NEO
43.76,43.8,43.76,43.8,2756,2021-07-20 19:02:00,NEO
43.86,43.86,43.8001,43.8001,300,2021-07-20 19:03:00,NEO
43.84,43.88,43.84,43.88,600,2021-07-20 19:04:00,NEO
43.89,43.89,43.89,43.89,500,2021-07-20 19:05:00,NEO
43.86,43.87,43.84,43.87,700,2021-07-20 19:06:00,NEO
43.87,43.9,43.87,43.885,1100,2021-07-20 19:07:00,NEO
43.91,43.96,43.88,43.96,1526,2021-07-20 19:08:00,NEO
43.94,43.99,43.935,43.97,1618,2021-07-20 19:09:00,NEO
43.97,44.12,43.97,44.11,4469,2021-07-20 19:10:00,NEO
44.12,44.15,44.12,44.15,600,2021-07-20 19:11:00,NEO
44.125,44.15,44.08,44.15,2526,2021-07-20 19:12:00,NEO
44.15,44.17,44.14,44.17,1433,2021-07-20 19:13:00,NEO
44.165,44.24,44.13,44.13,2184,2021-07-20 19:14:00,NEO
44.125,44.125,44.125,44.125,150,2021-07-20 19:15:00,NEO
44.11,44.19,44.11,44.19,1494,2021-07-20 19:16:00,NEO
44.18,44.18,44.165,44.165,1099,2021-07-20 19:17:00,NEO
44.165,44.165,44.04,44.04,2155,2021-07-20 19:18:00,NEO
44.05,44.05,44.0,44.0,396,2021-07-20 19:19:00,NEO
43.95,43.995,43.95,43.99,3700,2021-07-20 19:20:00,NEO
43.995,43.995,43.97,43.99,1350,2021-07-20 19:21:00,NEO
44.01,44.1033,44.01,44.07,2494,2021-07-20 19:22:00,NEO
44.1155,44.1155,44.06,44.09,10282,2021-07-20 19:23:00,NEO
44.07,44.07,44.07,44.07,200,2021-07-20 19:24:00,NEO
44.09,44.09,44.06,44.08,2050,2021-07-20 19:25:00,NEO
44.09,44.15,44.09,44.15,1355,2021-07-20 19:26:00,NEO
44.1077,44.125,44.1077,44.125,538,2021-07-20 19:27:00,NEO
44.15,44.16,44.13,44.16,802,2021-07-20 19:28:00,NEO
44.16,44.19,44.16,44.17,1100,2021-07-20 19:29:00,NEO
44.16,44.21,44.15,44.18,5210,2021-07-20 19:30:00,NEO
44.18,44.23,44.16,44.23,5552,2021-07-20 19:31:00,NEO
44.2,44.3179,44.2,44.3179,5205,2021-07-20 19:32:00,NEO
44.29,44.32,44.26,44.29,1400,2021-07-20 19:33:00,NEO
44.27,44.37,44.27,44.365,7780,2021-07-20 19:34:00,NEO
44.38,44.43,44.36,44.42,2639,2021-07-20 19:35:00,NEO
44.42,44.45,44.41,44.45,2064,2021-07-20 19:36:00,NEO
44.45,44.45,44.315,44.315,3236,2021-07-20 19:37:00,NEO
44.32,44.32,44.29,44.305,500,2021-07-20 19:38:00,NEO
44.27,44.28,44.27,44.28,431,2021-07-20 19:39:00,NEO
44.2668,44.2668,44.2668,44.2668,300,2021-07-20 19:40:00,NEO
44.29,44.29,44.22,44.22,7495,2021-07-20 19:41:00,NEO
44.2,44.21,44.141,44.16,1769,2021-07-20 19:42:00,NEO
44.195,44.2,44.18,44.2,1465,2021-07-20 19:43:00,NEO
44.22,44.245,44.19,44.2287,1843,2021-07-20 19:44:00,NEO
44.265,44.27,44.25,44.27,1613,2021-07-20 19:45:00,NEO
44.26,44.275,44.26,44.27,2298,2021-07-20 19:46:00,NEO
44.275,44.34,44.275,44.34,3069,2021-07-20 19:47:00,NEO
44.34,44.43,44.34,44.41,3824,2021-07-20 19:48:00,NEO
44.39,44.43,44.385,44.4,2687,2021-07-20 19:49:00,NEO
44.37,44.415,44.16,44.235,8635,2021-07-20 19:50:00,NEO
44.27,44.35,44.2025,44.2025,11380,2021-07-20 19:51:00,NEO
44.185,44.27,44.175,44.24,1500,2021-07-20 19:52:00,NEO
44.25,44.39,44.245,44.27,3088,2021-07-20 19:53:00,NEO
44.24,44.32,44.22,44.29,5755,2021-07-20 19:54:00,NEO
44.26,44.29,44.23,44.24,7196,2021-07-20 19:55:00,NEO
44.23,44.25,44.155,44.24,10683,2021-07-20 19:56:00,NEO
44.25,44.28,44.18,44.2125,18506,2021-07-20 19:57:00,NEO
44.2,44.265,44.14,44.19,36955,2021-07-20 19:58:00,NEO
44.2,44.23,44.125,44.18,24536,2021-07-20 19:59:00,NEO
44.17,44.17,44.17,44.17,177972,2021-07-20 20:00:00,NEO
44.17,44.17,44.17,44.17,4420,2021-07-20 20:01:00,NEO
44.17,44.17,44.17,44.17,5019,2021-07-20 20:02:00,NEO
44.17,44.17,44.17,44.17,13429,2021-07-20 20:04:00,NEO
42.5,42.5,42.5,42.5,235,2021-07-20 21:02:00,NEO
43.82,43.82,43.82,43.82,100,2021-07-21 13:25:00,NEO
44.11,44.11,44.11,44.11,9306,2021-07-21 13:30:00,NEO
44.0,44.0,43.96,43.96,200,2021-07-21 13:31:00,NEO
43.845,43.965,43.6801,43.965,950,2021-07-21 13:32:00,NEO
43.875,44.06,43.875,44.0,900,2021-07-21 13:33:00,NEO
44.08,44.17,43.96,43.96,3868,2021-07-21 13:34:00,NEO
43.9,44.01,43.9,43.98,1400,2021-07-21 13:36:00,NEO
43.828,43.828,43.828,43.828,154,2021-07-21 13:37:00,NEO
43.845,43.99,43.845,43.9172,4610,2021-07-21 13:39:00,NEO
43.96,44.0,43.69,43.76,14923,2021-07-21 13:40:00,NEO
43.74,43.97,43.73,43.97,4555,2021-07-21 13:41:00,NEO
43.98,44.02,43.85,43.92,18069,2021-07-21 13:42:00,NEO
43.92,43.99,43.92,43.98,600,2021-07-21 13:43:00,NEO
43.9106,43.9106,43.9106,43.9106,100,2021-07-21 13:44:00,NEO
44.0,44.0,43.98,43.98,297,2021-07-21 13:45:00,NEO
43.89,43.995,43.89,43.995,300,2021-07-21 13:46:00,NEO
43.94,43.94,43.94,43.94,450,2021-07-21 13:47:00,NEO
43.905,43.905,43.88,43.88,600,2021-07-21 13:48:00,NEO
43.875,43.875,43.855,43.875,400,2021-07-21 13:49:00,NEO
43.88,43.96,43.82,43.96,708,2021-07-21 13:50:00,NEO
43.82,43.98,43.82,43.97,600,2021-07-21 13:51:00,NEO
43.98,44.08,43.98,44.0,11470,2021-07-21 13:52:00,NEO
43.995,43.995,43.94,43.995,600,2021-07-21 13:53:00,NEO
43.992,43.995,43.94,43.95,700,2021-07-21 13:54:00,NEO
44.15,44.15,44.02,44.14,429,2021-07-21 13:57:00,NEO
44.025,44.025,43.9845,43.9845,1045,2021-07-21 13:58:00,NEO
44.08,44.08,44.08,44.08,100,2021-07-21 14:00:00,NEO
43.995,43.995,43.995,43.995,200,2021-07-21 14:01:00,NEO
43.995,44.065,43.995,44.065,1766,2021-07-21 14:02:00,NEO
44.14,44.2,44.12,44.2,989,2021-07-21 14:04:00,NEO
44.22,44.22,44.17,44.17,800,2021-07-21 14:05:00,NEO
44.17,44.17,44.17,44.17,240,2021-07-21 14:06:00,NEO
44.15,44.15,44.15,44.15,1241,2021-07-21 14:07:00,NEO
44.16,44.16,44.09,44.1,1163,2021-07-21 14:08:00,NEO
44.13,44.14,44.0401,44.0401,550,2021-07-21 14:10:00,NEO
44.07,44.07,44.02,44.04,600,2021-07-21 14:11:00,NEO
44.015,44.015,43.995,43.995,300,2021-07-21 14:12:00,NEO
43.86,43.93,43.86,43.93,550,2021-07-21 14:13:00,NEO
43.93,44.0126,43.93,44.0126,2441,2021-07-21 14:14:00,NEO
44.1,44.1,44.1,44.1,100,2021-07-21 14:15:00,NEO
44.075,44.075,44.04,44.05,300,2021-07-21 14:16:00,NEO
44.11,44.2,44.11,44.2,1154,2021-07-21 14:17:00,NEO
44.145,44.2,44.145,44.2,330,2021-07-21 14:18:00,NEO
44.1262,44.18,44.1262,44.18,300,2021-07-21 14:19:00,NEO
44.19,44.2,44.12,44.14,2864,2021-07-21 14:20:00,NEO
44.19,44.19,44.16,44.16,200,2021-07-21 14:21:00,NEO
44.2,44.2,44.08,44.08,800,2021-07-21 14:22:00,NEO
44.07,44.07,44.07,44.07,100,2021-07-21 14:23:00,NEO
44.02,44.13,44.02,44.13,340,2021-07-21 14:24:00,NEO
44.13,44.13,44.13,44.13,100,2021-07-21 14:26:00,NEO
44.075,44.18,44.075,44.18,732,2021-07-21 14:28:00,NEO
44.19,44.24,44.1466,44.1466,2345,2021-07-21 14:29:00,NEO
44.22,44.22,44.095,44.16,1325,2021-07-21 14:30:00,NEO
44.17,44.23,44.17,44.23,914,2021-07-21 14:31:00,NEO
44.16,44.23,44.14,44.1701,1207,2021-07-21 14:32:00,NEO
44.23,44.23,44.23,44.23,100,2021-07-21 14:33:00,NEO
44.14,44.195,44.14,44.195,200,2021-07-21 14:35:00,NEO
44.21,44.25,44.21,44.25,732,2021-07-21 14:36:00,NEO
44.32,44.32,44.32,44.32,100,2021-07-21 14:37:00,NEO
44.32,44.32,44.285,44.285,342,2021-07-21 14:38:00,NEO
44.31,44.32,44.31,44.32,400,2021-07-21 14:39:00,NEO
44.34,44.34,44.32,44.32,200,2021-07-21 14:40:00,NEO
44.32,44.32,44.285,44.302,1002,2021-07-21 14:41:00,NEO
44.32,44.38,44.32,44.38,423,2021-07-21 14:42:00,NEO
44.355,44.39,44.355,44.39,300,2021-07-21 14:44:00,NEO
44.39,44.4,44.26,44.29,1900,2021-07-21 14:46:00,NEO
44.3,44.34,44.3,44.34,400,2021-07-21 14:47:00,NEO
44.345,44.365,44.34,44.36,1008,2021-07-21 14:49:00,NEO
44.355,44.38,44.355,44.38,500,2021-07-21 14:50:00,NEO
44.4,44.5,44.4,44.5,942,2021-07-21 14:52:00,NEO
44.465,44.465,44.43,44.43,400,2021-07-21 14:53:00,NEO
44.44,44.44,44.44,44.44,229,2021-07-21 14:54:00,NEO
44.4197,44.49,44.4197,44.46,400,2021-07-21 14:55:00,NEO
44.49,44.49,44.49,44.49,100,2021-07-21 14:56:00,NEO
44.455,44.48,44.4526,44.48,706,2021-07-21 14:57:00,NEO
44.465,44.465,44.465,44.465,100,2021-07-21 14:58:00,NEO
44.4886,44.5,44.4886,44.5,1069,2021-07-21 14:59:00,NEO
44.63,44.63,44.5939,44.5939,300,2021-07-21 15:00:00,NEO
44.59,44.62,44.59,44.595,380,2021-07-21 15:02:00,NEO
44.58,44.58,44.58,44.58,200,2021-07-21 15:03:00,NEO
44.595,44.62,44.51,44.51,900,2021-07-21 15:04:00,NEO
44.53,44.56,44.52,44.56,300,2021-07-21 15:05:00,NEO
44.52,44.52,44.52,44.52,200,2021-07-21 15:06:00,NEO
44.4908,44.5,44.48,44.48,300,2021-07-21 15:07:00,NEO
44.54,44.54,44.54,44.54,200,2021-07-21 15:08:00,NEO
44.56,44.58,44.56,44.58,485,2021-07-21 15:09:00,NEO
44.58,44.63,44.58,44.6,700,2021-07-21 15:10:00,NEO
44.63,44.63,44.62,44.62,200,2021-07-21 15:11:00,NEO
44.65,44.65,44.62,44.62,400,2021-07-21 15:12:00,NEO
44.67,44.67,44.67,44.67,100,2021-07-21 15:13:00,NEO
44.66,44.66,44.66,44.66,510,2021-07-21 15:14:00,NEO
44.67,44.71,44.66,44.71,949,2021-07-21 15:15:00,NEO
44.68,44.71,44.65,44.71,1500,2021-07-21 15:16:00,NEO
44.695,44.76,44.6801,44.681,1676,2021-07-21 15:17:00,NEO
44.7022,44.75,44.68,44.69,1625,2021-07-21 15:18:00,NEO
44.67,44.67,44.65,44.65,900,2021-07-21 15:19:00,NEO
44.58,44.58,44.56,44.56,1000,2021-07-21 15:21:00,NEO
44.49,44.495,44.49,44.495,400,2021-07-21 15:22:00,NEO
44.46,44.46,44.46,44.46,196,2021-07-21 15:23:00,NEO
44.55,44.57,44.55,44.57,300,2021-07-21 15:24:00,NEO
44.65,44.65,44.65,44.65,225,2021-07-21 15:25:00,NEO
44.65,44.66,44.65,44.66,368,2021-07-21 15:26:00,NEO
44.62,44.62,44.62,44.62,200,2021-07-21 15:27:00,NEO
44.66,44.66,44.66,44.66,150,2021-07-21 15:28:00,NEO
44.59,44.62,44.58,44.62,560,2021-07-21 15:29:00,NEO
44.56,44.58,44.48,44.525,1000,2021-07-21 15:30:00,NEO
44.62,44.62,44.62,44.62,200,2021-07-21 15:31:00,NEO
44.63,44.63,44.63,44.63,285,2021-07-21 15:33:00,NEO
44.67,44.69,44.67,44.685,600,2021-07-21 15:34:00,NEO
44.685,44.7448,44.66,44.7448,1185,2021-07-21 15:35:00,NEO
44.72,44.72,44.7,44.7,200,2021-07-21 15:37:00,NEO
44.7514,44.7514,44.71,44.735,1300,2021-07-21 15:38:00,NEO
44.75,44.83,44.75,44.8204,1516,2021-07-21 15:39:00,NEO
44.8499,44.8499,44.8499,44.8499,100,2021-07-21 15:40:00,NEO
44.87,44.87,44.87,44.87,100,2021-07-21 15:42:00,NEO
44.9,44.9,44.84,44.84,400,2021-07-21 15:43:00,NEO
44.82,44.82,44.81,44.81,300,2021-07-21 15:44:00,NEO
44.84,44.85,44.84,44.85,200,2021-07-21 15:47:00,NEO
44.83,44.83,44.83,44.83,300,2021-07-21 15:48:00,NEO
44.87,44.87,44.835,44.835,235,2021-07-21 15:49:00,NEO
44.87,44.88,44.87,44.88,300,2021-07-21 15:50:00,NEO
44.8848,44.8848,44.8,44.8,725,2021-07-21 15:51:00,NEO
44.7786,44.785,44.7529,44.7529,1032,2021-07-21 15:53:00,NEO
44.7732,44.7732,44.7732,44.7732,200,2021-07-21 15:55:00,NEO
44.74,44.75,44.73,44.74,1400,2021-07-21 15:56:00,NEO
44.809,44.809,44.809,44.809,100,2021-07-21 15:58:00,NEO
44.8,44.8,44.8,44.8,250,2021-07-21 16:00:00,NEO
44.86,44.86,44.86,44.86,103,2021-07-21 16:01:00,NEO
44.86,44.86,44.85,44.86,792,2021-07-21 16:02:00,NEO
44.86,44.87,44.8301,44.87,481,2021-07-21 16:03:00,NEO
44.825,44.86,44.825,44.86,230,2021-07-21 16:07:00,NEO
44.86,44.9,44.85,44.85,750,2021-07-21 16:08:00,NEO
44.82,44.8546,44.8,44.8,2663,2021-07-21 16:09:00,NEO
44.81,44.81,44.78,44.805,800,2021-07-21 16:11:00,NEO
44.87,44.89,44.87,44.87,400,2021-07-21 16:15:00,NEO
44.9,44.9,44.88,44.9,700,2021-07-21 16:16:00,NEO
44.88,44.9,44.85,44.88,1000,2021-07-21 16:17:00,NEO
44.89,44.9,44.89,44.9,200,2021-07-21 16:18:00,NEO
44.91,44.91,44.895,44.895,254,2021-07-21 16:19:00,NEO
44.895,44.895,44.895,44.895,217,2021-07-21 16:20:00,NEO
44.895,44.93,44.895,44.93,1117,2021-07-21 16:21:00,NEO
44.95,44.95,44.92,44.92,379,2021-07-21 16:22:00,NEO
44.92,44.92,44.91,44.91,425,2021-07-21 16:23:00,NEO
44.87,44.89,44.86,44.86,500,2021-07-21 16:26:00,NEO
44.8108,44.8108,44.8108,44.8108,100,2021-07-21 16:28:00,NEO
44.8,44.83,44.77,44.77,400,2021-07-21 16:29:00,NEO
44.8,44.8,44.8,44.8,242,2021-07-21 16:30:00,NEO
44.84,44.86,44.84,44.86,597,2021-07-21 16:33:00,NEO
44.86,44.86,44.82,44.835,600,2021-07-21 16:34:00,NEO
44.8566,44.8566,44.8566,44.8566,100,2021-07-21 16:35:00,NEO
44.87,44.87,44.87,44.87,125,2021-07-21 16:36:00,NEO
44.87,44.87,44.83,44.83,687,2021-07-21 16:38:00,NEO
44.87,44.895,44.87,44.88,600,2021-07-21 16:40:00,NEO
44.87,44.88,44.87,44.88,200,2021-07-21 16:41:00,NEO
44.8677,44.89,44.8677,44.89,513,2021-07-21 16:42:00,NEO
44.9,44.9,44.9,44.9,100,2021-07-21 16:43:00,NEO
44.9,44.9677,44.88,44.9677,1291,2021-07-21 16:44:00,NEO
44.96,44.97,44.96,44.97,700,2021-07-21 16:46:00,NEO
44.99,45.0,44.99,45.0,3025,2021-07-21 16:48:00,NEO
45.0,45.02,44.99,44.99,500,2021-07-21 16:50:00,NEO
45.03,45.03,45.03,45.03,422,2021-07-21 16:51:00,NEO
45.05,45.05,45.05,45.05,100,2021-07-21 16:52:00,NEO
45.05,45.07,45.05,45.07,800,2021-07-21 16:53:00,NEO
45.05,45.06,45.04,45.05,1800,2021-07-21 16:54:00,NEO
45.06,45.08,45.06,45.08,200,2021-07-21 16:55:00,NEO
45.06,45.07,45.01,45.01,700,2021-07-21 16:56:00,NEO
44.955,44.955,44.89,44.89,500,2021-07-21 16:58:00,NEO
44.88,44.91,44.88,44.91,548,2021-07-21 16:59:00,NEO
44.95,44.95,44.95,44.95,200,2021-07-21 17:00:00,NEO
44.99,44.99,44.99,44.99,200,2021-07-21 17:02:00,NEO
44.99,44.99,44.99,44.99,200,2021-07-21 17:03:00,NEO
44.95,44.95,44.91,44.91,200,2021-07-21 17:07:00,NEO
44.93,44.93,44.93,44.93,300,2021-07-21 17:08:00,NEO
44.9,44.9,44.88,44.88,300,2021-07-21 17:09:00,NEO
44.87,44.87,44.87,44.87,300,2021-07-21 17:11:00,NEO
44.89,44.965,44.89,44.93,4318,2021-07-21 17:12:00,NEO
44.92,44.93,44.86,44.86,1000,2021-07-21 17:13:00,NEO
44.895,44.895,44.895,44.895,300,2021-07-21 17:14:00,NEO
44.87,44.87,44.87,44.87,122,2021-07-21 17:16:00,NEO
44.87,44.87,44.87,44.87,100,2021-07-21 17:17:00,NEO
44.9,44.9,44.895,44.9,500,2021-07-21 17:20:00,NEO
44.9143,44.9143,44.9143,44.9143,100,2021-07-21 17:23:00,NEO
44.98,44.98,44.98,44.98,100,2021-07-21 17:24:00,NEO
44.94,44.94,44.91,44.91,200,2021-07-21 17:25:00,NEO
44.93,44.93,44.93,44.93,100,2021-07-21 17:26:00,NEO
44.91,44.91,44.9,44.9,200,2021-07-21 17:27:00,NEO
44.93,44.97,44.93,44.97,398,2021-07-21 17:29:00,NEO
44.9473,44.98,44.93,44.98,800,2021-07-21 17:31:00,NEO
44.92,44.94,44.9,44.9,700,2021-07-21 17:32:00,NEO
44.91,44.93,44.91,44.93,400,2021-07-21 17:35:00,NEO
44.923,44.923,44.923,44.923,500,2021-07-21 17:37:00,NEO
44.94,44.94,44.94,44.94,100,2021-07-21 17:38:00,NEO
44.92,44.92,44.92,44.92,100,2021-07-21 17:39:00,NEO
44.95,44.959,44.94,44.959,300,2021-07-21 17:41:00,NEO
44.97,44.97,44.9,44.9,600,2021-07-21 17:42:00,NEO
44.9,44.9,44.9,44.9,200,2021-07-21 17:44:00,NEO
44.89,44.9,44.87,44.9,867,2021-07-21 17:45:00,NEO
44.88,44.8807,44.88,44.88,364,2021-07-21 17:46:00,NEO
44.875,44.875,44.8501,44.8501,325,2021-07-21 17:48:00,NEO
44.86,44.86,44.85,44.85,900,2021-07-21 17:49:00,NEO
44.8101,44.8101,44.8101,44.8101,250,2021-07-21 17:50:00,NEO
44.81,44.81,44.8,44.8,964,2021-07-21 17:52:00,NEO
44.855,44.855,44.855,44.855,112,2021-07-21 17:54:00,NEO
44.84,44.84,44.83,44.83,500,2021-07-21 17:56:00,NEO
44.805,44.805,44.805,44.805,100,2021-07-21 18:00:00,NEO
44.84,44.85,44.82,44.82,1200,2021-07-21 18:01:00,NEO
44.85,44.85,44.84,44.84,300,2021-07-21 18:04:00,NEO
44.85,44.85,44.85,44.85,100,2021-07-21 18:05:00,NEO
44.81,44.81,44.81,44.81,100,2021-07-21 18:07:00,NEO
44.81,44.81,44.75,44.75,1000,2021-07-21 18:09:00,NEO
44.71,44.71,44.71,44.71,100,2021-07-21 18:11:00,NEO
44.72,44.72,44.72,44.72,400,2021-07-21 18:12:00,NEO
44.729,44.729,44.729,44.729,100,2021-07-21 18:13:00,NEO
44.68,44.68,44.65,44.65,600,2021-07-21 18:14:00,NEO
44.63,44.63,44.58,44.58,400,2021-07-21 18:17:00,NEO
44.58,44.58,44.58,44.58,100,2021-07-21 18:18:00,NEO
44.55,44.56,44.55,44.55,736,2021-07-21 18:19:00,NEO
44.5424,44.5768,44.5424,44.5768,219,2021-07-21 18:20:00,NEO
44.58,44.59,44.58,44.585,2410,2021-07-21 18:21:00,NEO
44.575,44.575,44.54,44.54,500,2021-07-21 18:22:00,NEO
44.53,44.53,44.53,44.53,100,2021-07-21 18:23:00,NEO
44.521,44.53,44.521,44.53,267,2021-07-21 18:24:00,NEO
44.51,44.52,44.5,44.52,846,2021-07-21 18:25:00,NEO
44.55,44.55,44.55,44.55,300,2021-07-21 18:26:00,NEO
44.545,44.545,44.524,44.524,261,2021-07-21 18:27:00,NEO
44.58,44.58,44.58,44.58,100,2021-07-21 18:28:00,NEO
44.59,44.61,44.59,44.61,200,2021-07-21 18:29:00,NEO
44.59,44.61,44.57,44.61,422,2021-07-21 18:30:00,NEO
44.59,44.59,44.59,44.59,100,2021-07-21 18:33:00,NEO
44.59,44.59,44.58,44.58,500,2021-07-21 18:34:00,NEO
44.555,44.555,44.47,44.5,1110,2021-07-21 18:36:00,NEO
44.51,44.51,44.51,44.51,733,2021-07-21 18:37:00,NEO
44.55,44.55,44.53,44.53,400,2021-07-21 18:39:00,NEO
44.55,44.57,44.55,44.57,500,2021-07-21 18:40:00,NEO
44.55,44.55,44.53,44.53,400,2021-07-21 18:41:00,NEO
44.56,44.56,44.56,44.56,121,2021-07-21 18:42:00,NEO
44.52,44.59,44.51,44.58,3300,2021-07-21 18:43:00,NEO
44.6,44.6,44.6,44.6,100,2021-07-21 18:44:00,NEO
44.64,44.64,44.61,44.61,206,2021-07-21 18:46:00,NEO
44.64,44.64,44.64,44.64,314,2021-07-21 18:47:00,NEO
44.73,44.73,44.68,44.68,1400,2021-07-21 18:50:00,NEO
44.7,44.7,44.7,44.7,100,2021-07-21 18:51:00,NEO
44.7,44.7046,44.7,44.7046,200,2021-07-21 18:53:00,NEO
44.74,44.74,44.74,44.74,100,2021-07-21 18:54:00,NEO
44.71,44.71,44.71,44.71,100,2021-07-21 18:56:00,NEO
44.725,44.725,44.65,44.66,1200,2021-07-21 18:57:00,NEO
44.68,44.71,44.68,44.68,980,2021-07-21 18:58:00,NEO
44.72,44.72,44.72,44.72,300,2021-07-21 19:00:00,NEO
44.75,44.75,44.71,44.71,300,2021-07-21 19:02:00,NEO
44.73,44.73,44.73,44.73,200,2021-07-21 19:03:00,NEO
44.7,44.7,44.69,44.69,500,2021-07-21 19:04:00,NEO
44.71,44.71,44.67,44.67,200,2021-07-21 19:05:00,NEO
44.665,44.665,44.665,44.665,100,2021-07-21 19:06:00,NEO
44.69,44.69,44.69,44.69,200,2021-07-21 19:08:00,NEO
44.73,44.73,44.73,44.73,623,2021-07-21 19:10:00,NEO
44.71,44.728,44.71,44.728,287,2021-07-21 19:11:00,NEO
44.74,44.74,44.69,44.69,1051,2021-07-21 19:13:00,NEO
44.715,44.72,44.69,44.72,900,2021-07-21 19:14:00,NEO
44.78,44.78,44.78,44.78,100,2021-07-21 19:17:00,NEO
44.78,44.78,44.78,44.78,600,2021-07-21 19:18:00,NEO
44.78,44.81,44.775,44.81,1500,2021-07-21 19:19:00,NEO
44.83,44.83,44.79,44.82,800,2021-07-21 19:20:00,NEO
44.81,44.81,44.79,44.79,1000,2021-07-21 19:21:00,NEO
44.78,44.78,44.75,44.75,1200,2021-07-21 19:22:00,NEO
44.755,44.76,44.73,44.73,600,2021-07-21 19:23:00,NEO
44.745,44.745,44.745,44.745,100,2021-07-21 19:24:00,NEO
44.75,44.795,44.75,44.78,2495,2021-07-21 19:25:00,NEO
44.76,44.78,44.75,44.775,1000,2021-07-21 19:27:00,NEO
44.75,44.78,44.75,44.78,500,2021-07-21 19:28:00,NEO
44.775,44.79,44.73,44.79,3857,2021-07-21 19:29:00,NEO
44.785,44.79,44.785,44.79,200,2021-07-21 19:30:00,NEO
44.785,44.83,44.77,44.83,2760,2021-07-21 19:31:00,NEO
44.84,44.84,44.81,44.81,300,2021-07-21 19:32:00,NEO
44.84,44.84,44.8,44.8,463,2021-07-21 19:33:00,NEO
44.8,44.8,44.79,44.79,900,2021-07-21 19:34:00,NEO
44.81,44.81,44.8,44.8,900,2021-07-21 19:35:00,NEO
44.81,44.82,44.81,44.81,732,2021-07-21 19:36:00,NEO
44.83,44.83,44.82,44.82,286,2021-07-21 19:37:00,NEO
44.84,44.84,44.81,44.81,400,2021-07-21 19:38:00,NEO
44.83,44.83,44.83,44.83,500,2021-07-21 19:39:00,NEO
44.81,44.83,44.8,44.83,500,2021-07-21 19:40:00,NEO
44.815,44.83,44.79,44.8,1121,2021-07-21 19:41:00,NEO
44.82,44.82,44.82,44.82,260,2021-07-21 19:42:00,NEO
44.81,44.81,44.81,44.81,100,2021-07-21 19:43:00,NEO
44.81,44.849,44.81,44.82,1200,2021-07-21 19:44:00,NEO
44.81,44.83,44.81,44.83,700,2021-07-21 19:45:00,NEO
44.84,44.87,44.84,44.87,716,2021-07-21 19:46:00,NEO
44.84,44.84,44.82,44.83,914,2021-07-21 19:47:00,NEO
44.83,44.83,44.83,44.83,300,2021-07-21 19:48:00,NEO
44.84,44.84,44.81,44.825,1540,2021-07-21 19:49:00,NEO
44.84,44.86,44.8,44.84,4900,2021-07-21 19:50:00,NEO
44.85,44.86,44.85,44.85,600,2021-07-21 19:51:00,NEO
44.87,44.89,44.87,44.89,800,2021-07-21 19:52:00,NEO
44.89,44.89,44.85,44.89,1021,2021-07-21 19:53:00,NEO
44.85,44.92,44.85,44.91,3900,2021-07-21 19:54:00,NEO
44.9,44.92,44.9,44.9,1339,2021-07-21 19:55:00,NEO
44.89,44.95,44.89,44.94,1830,2021-07-21 19:56:00,NEO
44.94,44.96,44.94,44.96,1380,2021-07-21 19:57:00,NEO
44.95,45.0,44.93,44.97,3706,2021-07-21 19:58:00,NEO
44.97,45.02,44.97,44.99,5216,2021-07-21 19:59:00,NEO
44.99,44.99,44.99,44.99,70472,2021-07-21 20:00:00,NEO
44.99,44.99,44.99,44.99,3290,2021-07-21 20:01:00,NEO
44.9999,44.9999,44.9999,44.9999,125,2021-07-21 21:35:00,NEO
44.8999,44.9,44.8999,44.9,600,2021-07-21 21:39:00,NEO
45.12,45.12,45.12,45.12,100,2021-07-21 21:42:00,NEO
45.17,45.17,45.1201,45.1201,600,2021-07-21 21:44:00,NEO
44.96,44.96,44.89,44.91,4989,2021-07-22 13:30:00,NEO
44.9272,45.135,44.9272,45.135,400,2021-07-22 13:31:00,NEO
45.02,45.02,45.02,45.02,100,2021-07-22 13:32:00,NEO
45.16,45.2,45.16,45.2,300,2021-07-22 13:33:00,NEO
45.31,45.59,45.31,45.59,1275,2021-07-22 13:34:00,NEO
45.66,45.66,45.64,45.64,1100,2021-07-22 13:35:00,NEO
45.67,45.67,45.67,45.67,100,2021-07-22 13:37:00,NEO
45.4173,45.58,45.4173,45.58,2000,2021-07-22 13:38:00,NEO
45.3743,45.3743,45.31,45.31,600,2021-07-22 13:39:00,NEO
45.41,45.41,45.0801,45.0801,200,2021-07-22 13:40:00,NEO
45.275,45.275,45.275,45.275,100,2021-07-22 13:41:00,NEO
45.43,45.6299,45.43,45.43,603,2021-07-22 13:42:00,NEO
45.38,45.38,45.38,45.38,100,2021-07-22 13:43:00,NEO
45.1601,45.1601,45.1601,45.1601,100,2021-07-22 13:44:00,NEO
45.38,45.38,45.1601,45.3074,1322,2021-07-22 13:45:00,NEO
45.4333,45.4333,45.4333,45.4333,1100,2021-07-22 13:46:00,NEO
45.15,45.15,45.15,45.15,100,2021-07-22 13:47:00,NEO
45.11,45.14,45.11,45.14,500,2021-07-22 13:49:00,NEO
45.03,45.05,45.03,45.05,300,2021-07-22 13:50:00,NEO
44.93,44.93,44.7,44.77,1688,2021-07-22 13:52:00,NEO
44.88,44.9,44.78,44.8,1239,2021-07-22 13:53:00,NEO
44.98,44.98,44.98,44.98,100,2021-07-22 13:55:00,NEO
44.925,45.0,44.925,45.0,300,2021-07-22 13:56:00,NEO
45.2,45.2,45.17,45.1994,500,2021-07-22 13:57:00,NEO
45.08,45.08,45.08,45.08,300,2021-07-22 13:58:00,NEO
45.14,45.26,45.14,45.26,500,2021-07-22 14:00:00,NEO
45.1,45.1,45.09,45.09,200,2021-07-22 14:02:00,NEO
45.13,45.13,45.13,45.13,100,2021-07-22 14:03:00,NEO
45.21,45.21,45.21,45.21,100,2021-07-22 14:05:00,NEO
45.21,45.21,45.15,45.15,700,2021-07-22 14:06:00,NEO
45.055,45.11,45.055,45.055,900,2021-07-22 14:08:00,NEO
45.01,45.01,45.01,45.01,239,2021-07-22 14:10:00,NEO
44.94,44.94,44.94,44.94,100,2021-07-22 14:11:00,NEO
44.975,44.975,44.975,44.975,100,2021-07-22 14:13:00,NEO
44.975,44.975,44.975,44.975,200,2021-07-22 14:14:00,NEO
44.94,44.94,44.94,44.94,300,2021-07-22 14:15:00,NEO
44.94,44.94,44.94,44.94,100,2021-07-22 14:16:00,NEO
44.965,44.98,44.92,44.92,6317,2021-07-22 14:17:00,NEO
44.945,44.97,44.87,44.96,5063,2021-07-22 14:18:00,NEO
44.99,44.99,44.925,44.96,2236,2021-07-22 14:19:00,NEO
44.999,44.999,44.95,44.9793,717,2021-07-22 14:20:00,NEO
44.985,44.99,44.97,44.97,1420,2021-07-22 14:21:00,NEO
44.96,44.99,44.95,44.97,3600,2021-07-22 14:22:00,NEO
44.975,44.975,44.89,44.95,2597,2021-07-22 14:23:00,NEO
44.97,44.9934,44.93,44.9934,3005,2021-07-22 14:24:00,NEO
45.0,45.0,45.0,45.0,200,2021-07-22 14:25:00,NEO
45.03,45.065,45.03,45.065,200,2021-07-22 14:26:00,NEO
45.105,45.105,45.105,45.105,250,2021-07-22 14:28:00,NEO
45.14,45.14,45.08,45.08,200,2021-07-22 14:29:00,NEO
45.11,45.12,45.09,45.09,500,2021-07-22 14:31:00,NEO
45.0219,45.0219,45.0219,45.0219,100,2021-07-22 14:32:00,NEO
45.08,45.1,45.07,45.1,736,2021-07-22 14:33:00,NEO
45.06,45.06,45.06,45.06,100,2021-07-22 14:34:00,NEO
45.1,45.1,45.1,45.1,167,2021-07-22 14:35:00,NEO
45.1,45.1,45.1,45.1,146,2021-07-22 14:36:00,NEO
45.12,45.12,45.12,45.12,153,2021-07-22 14:37:00,NEO
45.1,45.12,45.1,45.12,300,2021-07-22 14:38:00,NEO
45.09,45.09,45.09,45.09,100,2021-07-22 14:39:00,NEO
45.09,45.09,45.09,45.09,100,2021-07-22 14:40:00,NEO
45.235,45.26,45.235,45.245,300,2021-07-22 14:42:00,NEO
45.245,45.245,45.245,45.245,100,2021-07-22 14:43:00,NEO
45.33,45.33,45.33,45.33,100,2021-07-22 14:45:00,NEO
45.3121,45.3121,45.3121,45.3121,200,2021-07-22 14:48:00,NEO
45.23,45.29,45.22,45.29,500,2021-07-22 14:49:00,NEO
45.2,45.2,45.2,45.2,100,2021-07-22 14:52:00,NEO
45.205,45.205,45.16,45.16,150300,2021-07-22 14:54:00,NEO
45.145,45.15,45.145,45.15,300,2021-07-22 14:55:00,NEO
45.1,45.1,45.07,45.07,200,2021-07-22 14:56:00,NEO
45.06,45.06,45.06,45.06,100,2021-07-22 14:57:00,NEO
45.0,45.0,44.965,44.965,42945,2021-07-22 14:58:00,NEO
44.965,44.97,44.915,44.915,400,2021-07-22 14:59:00,NEO
44.9,44.95,44.9,44.95,3588,2021-07-22 15:00:00,NEO
44.96,44.97,44.9,44.9,1200,2021-07-22 15:01:00,NEO
44.92,44.965,44.92,44.965,1150,2021-07-22 15:02:00,NEO
44.95,44.95,44.95,44.95,100,2021-07-22 15:03:00,NEO
44.94,44.955,44.92,44.955,1700,2021-07-22 15:04:00,NEO
44.92,44.9375,44.7206,44.755,5237,2021-07-22 15:05:00,NEO
44.66,44.66,44.65,44.65,1067,2021-07-22 15:06:00,NEO
44.65,44.65,44.5401,44.5401,1200,2021-07-22 15:07:00,NEO
44.55,44.55,44.525,44.525,500,2021-07-22 15:09:00,NEO
44.445,44.5,44.445,44.5,1200,2021-07-22 15:11:00,NEO
44.54,44.54,44.54,44.54,400,2021-07-22 15:12:00,NEO
44.49,44.53,44.48,44.5,1500,2021-07-22 15:13:00,NEO
44.54,44.55,44.495,44.55,1400,2021-07-22 15:14:00,NEO
44.55,44.59,44.5416,44.5416,720,2021-07-22 15:15:00,NEO
44.53,44.53,44.53,44.53,200,2021-07-22 15:16:00,NEO
44.57,44.59,44.57,44.59,300,2021-07-22 15:17:00,NEO
44.63,44.64,44.63,44.63,1103,2021-07-22 15:19:00,NEO
44.64,44.66,44.64,44.65,1005,2021-07-22 15:20:00,NEO
44.605,44.605,44.58,44.58,300,2021-07-22 15:21:00,NEO
44.55,44.55,44.53,44.53,500,2021-07-22 15:22:00,NEO
44.54,44.54,44.49,44.49,884,2021-07-22 15:23:00,NEO
44.475,44.5,44.475,44.5,700,2021-07-22 15:24:00,NEO
44.56,44.59,44.56,44.57,725,2021-07-22 15:26:00,NEO
44.53,44.53,44.53,44.53,200,2021-07-22 15:27:00,NEO
44.62,44.65,44.62,44.625,300,2021-07-22 15:28:00,NEO
44.625,44.625,44.625,44.625,400,2021-07-22 15:29:00,NEO
44.62,44.62,44.57,44.58,600,2021-07-22 15:30:00,NEO
44.59,44.6511,44.59,44.6511,1200,2021-07-22 15:31:00,NEO
44.685,44.695,44.625,44.625,692,2021-07-22 15:32:00,NEO
44.61,44.64,44.61,44.64,507,2021-07-22 15:33:00,NEO
44.635,44.72,44.635,44.7,2807,2021-07-22 15:34:00,NEO
44.67,44.71,44.655,44.71,817,2021-07-22 15:35:00,NEO
44.73,44.74,44.71,44.74,300,2021-07-22 15:36:00,NEO
44.75,44.75,44.75,44.75,799,2021-07-22 15:37:00,NEO
44.725,44.8,44.725,44.8,2360,2021-07-22 15:38:00,NEO
44.7006,44.72,44.7,44.7,1499,2021-07-22 15:39:00,NEO
44.68,44.68,44.63,44.655,400,2021-07-22 15:40:00,NEO
44.655,44.7,44.65,44.69,1032,2021-07-22 15:41:00,NEO
44.63,44.665,44.63,44.665,200,2021-07-22 15:42:00,NEO
44.73,44.73,44.65,44.69,2084,2021-07-22 15:43:00,NEO
44.67,44.7,44.67,44.7,300,2021-07-22 15:44:00,NEO
44.74,44.74,44.73,44.74,700,2021-07-22 15:45:00,NEO
44.77,44.77,44.77,44.77,100,2021-07-22 15:46:00,NEO
44.72,44.76,44.71,44.76,933,2021-07-22 15:49:00,NEO
44.73,44.73,44.73,44.73,100,2021-07-22 15:51:00,NEO
44.76,44.76,44.76,44.76,216,2021-07-22 15:54:00,NEO
44.77,44.77,44.77,44.77,300,2021-07-22 15:55:00,NEO
44.72,44.72,44.72,44.72,200,2021-07-22 15:56:00,NEO
44.75,44.75,44.75,44.75,100,2021-07-22 15:57:00,NEO
44.69,44.69,44.66,44.66,400,2021-07-22 15:58:00,NEO
44.64,44.64,44.61,44.61,200,2021-07-22 16:01:00,NEO
44.585,44.59,44.57,44.57,400,2021-07-22 16:02:00,NEO
44.585,44.585,44.53,44.53,3018,2021-07-22 16:04:00,NEO
44.49,44.49,44.49,44.49,100,2021-07-22 16:05:00,NEO
44.505,44.505,44.505,44.505,100,2021-07-22 16:06:00,NEO
44.45,44.61,44.45,44.61,2415,2021-07-22 16:07:00,NEO
44.62,44.62,44.615,44.615,400,2021-07-22 16:08:00,NEO
44.58,44.615,44.56,44.56,950,2021-07-22 16:09:00,NEO
44.59,44.59,44.53,44.53,1100,2021-07-22 16:12:00,NEO
44.56,44.61,44.56,44.61,880,2021-07-22 16:13:00,NEO
44.62,44.62,44.62,44.62,877,2021-07-22 16:14:00,NEO
44.62,44.62,44.6,44.6,559,2021-07-22 16:15:00,NEO
44.55,44.59,44.54,44.59,1099,2021-07-22 16:16:00,NEO
44.62,44.62,44.62,44.62,702,2021-07-22 16:17:00,NEO
44.615,44.72,44.615,44.72,2500,2021-07-22 16:18:00,NEO
44.74,44.85,44.74,44.81,1800,2021-07-22 16:19:00,NEO
44.81,44.83,44.68,44.7,1900,2021-07-22 16:20:00,NEO
44.68,44.7,44.57,44.57,3258,2021-07-22 16:21:00,NEO
44.62,44.62,44.62,44.62,200,2021-07-22 16:22:00,NEO
44.62,44.62,44.61,44.62,300,2021-07-22 16:25:00,NEO
44.71,44.71,44.71,44.71,100,2021-07-22 16:27:00,NEO
44.73,44.73,44.73,44.73,100,2021-07-22 16:29:00,NEO
44.73,44.73,44.73,44.73,100,2021-07-22 16:37:00,NEO
44.73,44.77,44.73,44.75,871,2021-07-22 16:38:00,NEO
44.789,44.789,44.789,44.789,100,2021-07-22 16:39:00,NEO
44.76,44.76,44.76,44.76,300,2021-07-22 16:41:00,NEO
44.73,44.73,44.73,44.73,300,2021-07-22 16:42:00,NEO
44.7,44.7,44.7,44.7,111,2021-07-22 16:44:00,NEO
44.68,44.68,44.68,44.68,200,2021-07-22 16:46:00,NEO
44.68,44.68,44.65,44.65,400,2021-07-22 16:47:00,NEO
44.645,44.645,44.6433,44.6433,1859,2021-07-22 16:48:00,NEO
44.63,44.63,44.56,44.56,400,2021-07-22 16:49:00,NEO
44.579,44.579,44.579,44.579,100,2021-07-22 16:50:00,NEO
44.59,44.6,44.59,44.59,300,2021-07-22 16:51:00,NEO
44.6,44.6,44.6,44.6,100,2021-07-22 16:53:00,NEO
44.55,44.55,44.55,44.55,100,2021-07-22 16:54:00,NEO
44.569,44.569,44.569,44.569,100,2021-07-22 16:56:00,NEO
44.51,44.51,44.51,44.51,100,2021-07-22 16:57:00,NEO
44.47,44.48,44.47,44.48,400,2021-07-22 16:58:00,NEO
44.5,44.52,44.5,44.52,700,2021-07-22 16:59:00,NEO
44.59,44.59,44.59,44.59,200,2021-07-22 17:02:00,NEO
44.545,44.545,44.545,44.545,167,2021-07-22 17:05:00,NEO
44.5,44.5,44.5,44.5,200,2021-07-22 17:10:00,NEO
44.509,44.5265,44.5,44.5,725,2021-07-22 17:11:00,NEO
44.48,44.52,44.47,44.47,700,2021-07-22 17:12:00,NEO
44.43,44.43,44.4203,44.4203,700,2021-07-22 17:14:00,NEO
44.42,44.42,44.42,44.42,100,2021-07-22 17:15:00,NEO
44.38,44.46,44.38,44.45,2500,2021-07-22 17:16:00,NEO
44.46,44.515,44.45,44.515,589,2021-07-22 17:18:00,NEO
44.51,44.51,44.49,44.505,400,2021-07-22 17:19:00,NEO
44.515,44.515,44.515,44.515,100,2021-07-22 17:20:00,NEO
44.515,44.525,44.47,44.525,400,2021-07-22 17:24:00,NEO
44.51,44.53,44.48,44.53,800,2021-07-22 17:25:00,NEO
44.515,44.56,44.515,44.545,500,2021-07-22 17:28:00,NEO
44.5,44.6,44.5,44.6,400,2021-07-22 17:29:00,NEO
44.629,44.629,44.629,44.629,100,2021-07-22 17:31:00,NEO
44.59,44.59,44.59,44.59,100,2021-07-22 17:32:00,NEO
44.615,44.615,44.59,44.615,1000,2021-07-22 17:33:00,NEO
44.56,44.5825,44.56,44.5825,400,2021-07-22 17:34:00,NEO
44.615,44.615,44.615,44.615,200,2021-07-22 17:35:00,NEO
44.61,44.61,44.61,44.61,200,2021-07-22 17:36:00,NEO
44.585,44.585,44.585,44.585,100,2021-07-22 17:38:00,NEO
44.575,44.575,44.575,44.575,100,2021-07-22 17:40:00,NEO
44.57,44.57,44.54,44.55,440,2021-07-22 17:41:00,NEO
44.49,44.53,44.49,44.53,800,2021-07-22 17:42:00,NEO
44.525,44.525,44.525,44.525,200,2021-07-22 17:43:00,NEO
44.53,44.53,44.53,44.53,101,2021-07-22 17:45:00,NEO
44.5212,44.53,44.5212,44.53,540,2021-07-22 17:46:00,NEO
44.53,44.53,44.53,44.53,200,2021-07-22 17:47:00,NEO
44.5,44.5,44.5,44.5,200,2021-07-22 17:49:00,NEO
44.53,44.53,44.53,44.53,200,2021-07-22 17:50:00,NEO
44.545,44.56,44.545,44.56,300,2021-07-22 17:51:00,NEO
44.54,44.57,44.54,44.57,900,2021-07-22 17:53:00,NEO
44.6,44.67,44.575,44.67,785,2021-07-22 17:54:00,NEO
44.6285,44.65,44.6285,44.6486,400,2021-07-22 17:55:00,NEO
44.69,44.69,44.65,44.65,580,2021-07-22 17:57:00,NEO
44.65,44.65,44.65,44.65,100,2021-07-22 17:58:00,NEO
44.66,44.66,44.66,44.66,100,2021-07-22 17:59:00,NEO
44.63,44.66,44.59,44.59,800,2021-07-22 18:00:00,NEO
44.6,44.6,44.6,44.6,200,2021-07-22 18:02:00,NEO
44.53,44.61,44.53,44.61,600,2021-07-22 18:04:00,NEO
44.63,44.63,44.6,44.6,3859,2021-07-22 18:05:00,NEO
44.61,44.61,44.61,44.61,101,2021-07-22 18:06:00,NEO
44.64,44.64,44.615,44.63,300,2021-07-22 18:08:00,NEO
44.59,44.59,44.59,44.59,100,2021-07-22 18:09:00,NEO
44.63,44.7,44.62,44.7,911,2021-07-22 18:11:00,NEO
44.7,44.7,44.7,44.7,100,2021-07-22 18:13:00,NEO
44.75,44.8,44.75,44.8,491,2021-07-22 18:14:00,NEO
44.8,44.8,44.8,44.8,511,2021-07-22 18:15:00,NEO
44.83,44.83,44.83,44.83,144,2021-07-22 18:16:00,NEO
44.85,44.85,44.85,44.85,100,2021-07-22 18:18:00,NEO
44.85,44.85,44.825,44.825,400,2021-07-22 18:19:00,NEO
44.8,44.825,44.8,44.8,638,2021-07-22 18:20:00,NEO
44.82,44.82,44.82,44.82,665,2021-07-22 18:22:00,NEO
44.825,44.825,44.825,44.825,100,2021-07-22 18:23:00,NEO
44.775,44.7907,44.775,44.7907,208,2021-07-22 18:25:00,NEO
44.8381,44.84,44.82,44.82,1350,2021-07-22 18:26:00,NEO
44.81,44.81,44.7858,44.81,400,2021-07-22 18:27:00,NEO
44.805,44.83,44.805,44.83,300,2021-07-22 18:30:00,NEO
44.85,44.97,44.815,44.8906,4840,2021-07-22 18:31:00,NEO
44.88,44.88,44.835,44.85,900,2021-07-22 18:32:00,NEO
44.87,44.87,44.87,44.87,100,2021-07-22 18:34:00,NEO
44.87,44.87,44.87,44.87,153,2021-07-22 18:35:00,NEO
44.83,44.83,44.83,44.83,100,2021-07-22 18:36:00,NEO
44.865,44.865,44.865,44.865,100,2021-07-22 18:38:00,NEO
44.88,44.89,44.88,44.89,500,2021-07-22 18:39:00,NEO
44.86,44.87,44.84,44.865,744,2021-07-22 18:42:00,NEO
44.79,44.81,44.79,44.81,237,2021-07-22 18:43:00,NEO
44.77,44.77,44.77,44.77,100,2021-07-22 18:44:00,NEO
44.745,44.79,44.74,44.74,1455,2021-07-22 18:45:00,NEO
44.79,44.79,44.79,44.79,100,2021-07-22 18:47:00,NEO
44.79,44.79,44.79,44.79,200,2021-07-22 18:48:00,NEO
44.8377,44.8377,44.8377,44.8377,500,2021-07-22 18:49:00,NEO
44.77,44.815,44.77,44.815,400,2021-07-22 18:50:00,NEO
44.79,44.79,44.79,44.79,104,2021-07-22 18:52:00,NEO
44.85,44.85,44.85,44.85,200,2021-07-22 18:53:00,NEO
44.89,44.89,44.83,44.85,2153,2021-07-22 18:55:00,NEO
44.86,44.94,44.86,44.94,3896,2021-07-22 18:56:00,NEO
44.9,44.9,44.9,44.9,1500,2021-07-22 18:57:00,NEO
44.93,44.935,44.93,44.935,400,2021-07-22 18:58:00,NEO
44.88,44.91,44.88,44.91,913,2021-07-22 19:01:00,NEO
44.89,44.91,44.89,44.91,400,2021-07-22 19:02:00,NEO
44.9,45.02,44.9,45.02,3946,2021-07-22 19:03:00,NEO
44.965,44.98,44.95,44.955,830,2021-07-22 19:04:00,NEO
44.93,44.93,44.93,44.93,214,2021-07-22 19:05:00,NEO
44.9,44.9,44.9,44.9,100,2021-07-22 19:06:00,NEO
44.895,44.895,44.895,44.895,100,2021-07-22 19:07:00,NEO
44.89,44.95,44.89,44.9,2463,2021-07-22 19:09:00,NEO
44.93,44.94,44.93,44.94,201,2021-07-22 19:10:00,NEO
44.92,44.92,44.92,44.92,100,2021-07-22 19:11:00,NEO
44.94,44.94,44.94,44.94,100,2021-07-22 19:12:00,NEO
44.89,44.9019,44.89,44.895,716,2021-07-22 19:14:00,NEO
44.895,44.9,44.895,44.9,443,2021-07-22 19:16:00,NEO
44.885,44.9,44.885,44.89,400,2021-07-22 19:17:00,NEO
44.88,44.88,44.88,44.88,300,2021-07-22 19:19:00,NEO
44.91,44.92,44.88,44.9,1007,2021-07-22 19:21:00,NEO
44.91,44.91,44.89,44.89,200,2021-07-22 19:22:00,NEO
44.89,44.89,44.89,44.89,100,2021-07-22 19:23:00,NEO
44.86,44.86,44.86,44.86,100,2021-07-22 19:24:00,NEO
44.9,44.9,44.88,44.88,400,2021-07-22 19:26:00,NEO
44.88,44.88,44.855,44.87,601,2021-07-22 19:27:00,NEO
44.88,44.889,44.855,44.855,1185,2021-07-22 19:28:00,NEO
44.86,44.86,44.86,44.86,100,2021-07-22 19:29:00,NEO
44.86,44.86,44.785,44.785,500,2021-07-22 19:30:00,NEO
44.785,44.785,44.74,44.74,400,2021-07-22 19:31:00,NEO
44.721,44.721,44.721,44.721,130,2021-07-22 19:32:00,NEO
44.735,44.735,44.7245,44.735,424,2021-07-22 19:33:00,NEO
44.735,44.86,44.735,44.83,3660,2021-07-22 19:34:00,NEO
44.86,44.9,44.83,44.89,3511,2021-07-22 19:35:00,NEO
44.89,44.91,44.805,44.9,8917,2021-07-22 19:36:00,NEO
44.9,44.9,44.85,44.85,4971,2021-07-22 19:37:00,NEO
44.8,44.86,44.8,44.8,600,2021-07-22 19:38:00,NEO
44.795,44.84,44.77,44.82,2647,2021-07-22 19:39:00,NEO
44.815,44.815,44.785,44.785,1158,2021-07-22 19:40:00,NEO
44.77,44.87,44.77,44.85,5600,2021-07-22 19:41:00,NEO
44.9,44.91,44.82,44.82,6897,2021-07-22 19:42:00,NEO
44.82,44.82,44.78,44.8,1120,2021-07-22 19:43:00,NEO
44.77,44.81,44.76,44.795,3300,2021-07-22 19:44:00,NEO
44.79,44.92,44.78,44.88,9190,2021-07-22 19:45:00,NEO
44.85,44.865,44.85,44.865,400,2021-07-22 19:46:00,NEO
44.865,44.87,44.865,44.87,337,2021-07-22 19:47:00,NEO
44.88,44.89,44.87,44.8725,1583,2021-07-22 19:48:00,NEO
44.86,44.89,44.86,44.89,1800,2021-07-22 19:49:00,NEO
44.885,44.885,44.86,44.885,1812,2021-07-22 19:50:00,NEO
44.86,44.86,44.86,44.86,200,2021-07-22 19:51:00,NEO
44.885,44.93,44.885,44.9,1900,2021-07-22 19:52:00,NEO
44.915,44.915,44.9,44.9,705,2021-07-22 19:53:00,NEO
44.9,44.9,44.86,44.899,2159,2021-07-22 19:54:00,NEO
44.885,44.9,44.85,44.85,1232,2021-07-22 19:55:00,NEO
44.85,44.9,44.83,44.87,10670,2021-07-22 19:56:00,NEO
44.87,44.91,44.86,44.895,1800,2021-07-22 19:57:00,NEO
44.89,44.89,44.86,44.865,2123,2021-07-22 19:58:00,NEO
44.88,44.91,44.83,44.85,9168,2021-07-22 19:59:00,NEO
44.8,44.8,44.8,44.8,35175,2021-07-22 20:00:00,NEO
44.8,44.8,44.8,44.8,1190,2021-07-22 20:01:00,NEO
44.79,44.79,44.79,44.79,220,2021-07-23 12:38:00,NEO
45.03,45.03,45.03,45.03,100,2021-07-23 13:29:00,NEO
45.09,45.09,45.09,45.09,7242,2021-07-23 13:30:00,NEO
45.0,45.0799,44.96,45.0799,830,2021-07-23 13:31:00,NEO
45.0699,45.07,45.02,45.07,300,2021-07-23 13:32:00,NEO
45.04,45.05,45.014,45.05,400,2021-07-23 13:33:00,NEO
45.03,45.06,45.02,45.02,1600,2021-07-23 13:34:00,NEO
44.86,44.97,44.85,44.97,1000,2021-07-23 13:36:00,NEO
44.8714,44.8714,44.8714,44.8714,100,2021-07-23 13:37:00,NEO
44.895,44.895,44.895,44.895,200,2021-07-23 13:38:00,NEO
44.92,45.0051,44.92,44.9299,1400,2021-07-23 13:39:00,NEO
45.02,45.17,45.02,45.105,1300,2021-07-23 13:40:00,NEO
45.2,45.3,45.18,45.3,600,2021-07-23 13:41:00,NEO
45.23,45.26,45.22,45.26,1000,2021-07-23 13:42:00,NEO
45.28,45.3,45.25,45.3,600,2021-07-23 13:43:00,NEO
45.23,45.35,45.23,45.31,1800,2021-07-23 13:45:00,NEO
45.31,45.31,45.31,45.31,119,2021-07-23 13:46:00,NEO
45.29,45.29,45.29,45.29,100,2021-07-23 13:47:00,NEO
45.3,45.3,45.28,45.28,300,2021-07-23 13:48:00,NEO
45.27,45.2942,45.26,45.2942,600,2021-07-23 13:49:00,NEO
45.25,45.29,45.15,45.1755,1450,2021-07-23 13:51:00,NEO
45.1182,45.1182,45.1182,45.1182,150,2021-07-23 13:54:00,NEO
45.0,45.0,45.0,45.0,100,2021-07-23 13:59:00,NEO
45.12,45.22,45.09,45.14,1600,2021-07-23 14:00:00,NEO
45.09,45.09,45.08,45.08,260,2021-07-23 14:01:00,NEO
45.065,45.065,45.06,45.06,200,2021-07-23 14:02:00,NEO
45.07,45.07,45.05,45.05,600,2021-07-23 14:05:00,NEO
44.97,44.97,44.97,44.97,100,2021-07-23 14:06:00,NEO
44.94,44.94,44.93,44.93,500,2021-07-23 14:07:00,NEO
44.89,44.89,44.89,44.89,100,2021-07-23 14:09:00,NEO
44.925,44.925,44.87,44.87,300,2021-07-23 14:10:00,NEO
44.872,44.872,44.872,44.872,500,2021-07-23 14:11:00,NEO
44.873,44.873,44.78,44.78,821,2021-07-23 14:12:00,NEO
44.77,44.77,44.69,44.76,650,2021-07-23 14:13:00,NEO
44.78,44.78,44.78,44.78,800,2021-07-23 14:14:00,NEO
44.7939,44.97,44.7939,44.9625,1024,2021-07-23 14:16:00,NEO
45.0,45.0,45.0,45.0,200,2021-07-23 14:18:00,NEO
45.05,45.13,45.05,45.11,1800,2021-07-23 14:19:00,NEO
45.09,45.09,45.04,45.04,1591,2021-07-23 14:20:00,NEO
45.01,45.01,44.98,44.98,700,2021-07-23 14:22:00,NEO
44.96,45.04,44.96,45.04,300,2021-07-23 14:23:00,NEO
45.13,45.13,45.13,45.13,900,2021-07-23 14:28:00,NEO
45.15,45.15,45.15,45.15,100,2021-07-23 14:29:00,NEO
45.12,45.18,45.12,45.17,700,2021-07-23 14:30:00,NEO
45.2,45.2,45.2,45.2,141,2021-07-23 14:31:00,NEO
45.22,45.22,45.19,45.19,1100,2021-07-23 14:33:00,NEO
45.24,45.24,45.24,45.24,600,2021-07-23 14:34:00,NEO
45.25,45.25,45.25,45.25,900,2021-07-23 14:35:00,NEO
45.19,45.19,45.18,45.18,200,2021-07-23 14:36:00,NEO
45.1309,45.1309,45.13,45.13,200,2021-07-23 14:37:00,NEO
45.05,45.05,44.99,45.05,708,2021-07-23 14:40:00,NEO
45.05,45.05,45.02,45.02,407,2021-07-23 14:41:00,NEO
45.01,45.01,45.0,45.0,600,2021-07-23 14:42:00,NEO
44.96,44.96,44.96,44.96,100,2021-07-23 14:43:00,NEO
44.96,44.98,44.96,44.98,200,2021-07-23 14:44:00,NEO
45.02,45.1,44.965,45.1,3700,2021-07-23 14:45:00,NEO
45.05,45.16,45.03,45.16,2468,2021-07-23 14:46:00,NEO
45.17,45.17,45.14,45.14,284,2021-07-23 14:47:00,NEO
45.14,45.14,45.14,45.14,523,2021-07-23 14:48:00,NEO
45.11,45.135,45.09,45.1,1859,2021-07-23 14:49:00,NEO
45.19,45.19,45.18,45.18,397,2021-07-23 14:52:00,NEO
45.2,45.22,45.18,45.22,900,2021-07-23 14:53:00,NEO
45.25,45.26,45.25,45.26,907,2021-07-23 14:54:00,NEO
45.27,45.27,45.25,45.25,919,2021-07-23 14:55:00,NEO
45.24,45.24,45.24,45.24,400,2021-07-23 14:56:00,NEO
45.29,45.31,45.29,45.31,529,2021-07-23 14:59:00,NEO
45.27,45.27,45.22,45.26,700,2021-07-23 15:00:00,NEO
45.21,45.21,45.21,45.21,600,2021-07-23 15:01:00,NEO
45.24,45.24,45.24,45.24,226,2021-07-23 15:02:00,NEO
45.25,45.25,45.25,45.25,100,2021-07-23 15:03:00,NEO
45.23,45.23,45.21,45.21,819,2021-07-23 15:05:00,NEO
45.21,45.21,45.15,45.15,400,2021-07-23 15:06:00,NEO
45.25,45.27,45.25,45.27,300,2021-07-23 15:07:00,NEO
45.3,45.3,45.28,45.3,700,2021-07-23 15:10:00,NEO
45.28,45.28,45.27,45.27,300,2021-07-23 15:11:00,NEO
45.32,45.33,45.27,45.3,3670,2021-07-23 15:13:00,NEO
45.32,45.32,45.32,45.32,100,2021-07-23 15:14:00,NEO
45.34,45.34,45.34,45.34,100,2021-07-23 15:15:00,NEO
45.34,45.42,45.34,45.35,600,2021-07-23 15:16:00,NEO
45.375,45.41,45.375,45.41,202,2021-07-23 15:17:00,NEO
45.4,45.4,45.34,45.38,1000,2021-07-23 15:18:00,NEO
45.41,45.41,45.41,45.41,200,2021-07-23 15:19:00,NEO
45.46,45.5,45.44,45.5,2024,2021-07-23 15:22:00,NEO
45.5,45.54,45.5,45.54,1530,2021-07-23 15:24:00,NEO
45.51,45.51,45.49,45.49,500,2021-07-23 15:25:00,NEO
45.49,45.51,45.44,45.44,1300,2021-07-23 15:26:00,NEO
45.47,45.48,45.47,45.48,434,2021-07-23 15:27:00,NEO
45.47,45.47,45.41,45.41,400,2021-07-23 15:28:00,NEO
45.42,45.45,45.42,45.45,300,2021-07-23 15:29:00,NEO
45.46,45.46,45.46,45.46,400,2021-07-23 15:31:00,NEO
45.5,45.52,45.5,45.51,700,2021-07-23 15:34:00,NEO
45.53,45.53,45.53,45.53,300,2021-07-23 15:35:00,NEO
45.59,45.59,45.59,45.59,100,2021-07-23 15:37:00,NEO
45.59,45.59,45.59,45.59,107,2021-07-23 15:38:00,NEO
45.565,45.565,45.565,45.565,200,2021-07-23 15:40:00,NEO
45.54,45.54,45.54,45.54,1000,2021-07-23 15:41:00,NEO
45.53,45.59,45.5,45.59,1174,2021-07-23 15:42:00,NEO
45.57,45.57,45.57,45.57,100,2021-07-23 15:43:00,NEO
45.57,45.57,45.51,45.51,500,2021-07-23 15:44:00,NEO
45.49,45.49,45.47,45.47,306,2021-07-23 15:47:00,NEO
45.43,45.44,45.43,45.44,200,2021-07-23 15:48:00,NEO
45.48,45.48,45.48,45.48,200,2021-07-23 15:49:00,NEO
45.45,45.5,45.45,45.5,700,2021-07-23 15:51:00,NEO
45.46,45.47,45.44,45.44,700,2021-07-23 15:54:00,NEO
45.47,45.47,45.47,45.47,1000,2021-07-23 15:56:00,NEO
45.41,45.415,45.41,45.415,308,2021-07-23 15:57:00,NEO
45.415,45.435,45.415,45.435,936,2021-07-23 15:58:00,NEO
45.38,45.4,45.38,45.4,800,2021-07-23 16:00:00,NEO
45.36,45.36,45.35,45.35,300,2021-07-23 16:01:00,NEO
45.33,45.33,45.33,45.33,100,2021-07-23 16:02:00,NEO
45.28,45.28,45.28,45.28,200,2021-07-23 16:04:00,NEO
45.2944,45.2944,45.2944,45.2944,100,2021-07-23 16:09:00,NEO
45.4,45.44,45.4,45.44,1446,2021-07-23 16:10:00,NEO
45.41,45.41,45.37,45.37,726,2021-07-23 16:11:00,NEO
45.35,45.375,45.35,45.375,306,2021-07-23 16:12:00,NEO
45.38,45.38,45.38,45.38,300,2021-07-23 16:13:00,NEO
45.36,45.37,45.36,45.37,300,2021-07-23 16:15:00,NEO
45.3813,45.43,45.3813,45.43,485,2021-07-23 16:16:00,NEO
45.4012,45.4012,45.4012,45.4012,100,2021-07-23 16:17:00,NEO
45.44,45.49,45.4245,45.46,1900,2021-07-23 16:18:00,NEO
45.5,45.5,45.5,45.5,100,2021-07-23 16:19:00,NEO
45.51,45.51,45.51,45.51,200,2021-07-23 16:21:00,NEO
45.49,45.5,45.48,45.495,400,2021-07-23 16:22:00,NEO
45.52,45.52,45.52,45.52,600,2021-07-23 16:24:00,NEO
45.53,45.53,45.47,45.47,1712,2021-07-23 16:25:00,NEO
45.48,45.48,45.4765,45.4765,764,2021-07-23 16:26:00,NEO
45.48,45.52,45.48,45.52,725,2021-07-23 16:27:00,NEO
45.54,45.54,45.54,45.54,100,2021-07-23 16:28:00,NEO
45.53,45.53,45.4989,45.51,400,2021-07-23 16:30:00,NEO
45.54,45.54,45.5,45.5,500,2021-07-23 16:32:00,NEO
45.54,45.54,45.49,45.5,300,2021-07-23 16:34:00,NEO
45.54,45.54,45.51,45.51,500,2021-07-23 16:35:00,NEO
45.54,45.54,45.54,45.54,100,2021-07-23 16:36:00,NEO
45.63,45.66,45.63,45.66,500,2021-07-23 16:38:00,NEO
45.64,45.68,45.64,45.68,400,2021-07-23 16:39:00,NEO
45.66,45.66,45.66,45.66,100,2021-07-23 16:40:00,NEO
45.685,45.7625,45.685,45.7625,1049,2021-07-23 16:41:00,NEO
45.73,45.73,45.73,45.73,300,2021-07-23 16:42:00,NEO
45.7,45.725,45.67,45.69,1600,2021-07-23 16:43:00,NEO
45.69,45.69,45.69,45.69,500,2021-07-23 16:44:00,NEO
45.74,45.79,45.73,45.79,500,2021-07-23 16:46:00,NEO
45.77,45.77,45.74,45.74,500,2021-07-23 16:47:00,NEO
45.78,45.78,45.78,45.78,100,2021-07-23 16:48:00,NEO
45.75,45.77,45.75,45.77,428,2021-07-23 16:49:00,NEO
45.74,45.77,45.74,45.77,1275,2021-07-23 16:50:00,NEO
45.78,45.79,45.78,45.79,400,2021-07-23 16:51:00,NEO
45.79,45.81,45.77,45.77,1308,2021-07-23 16:52:00,NEO
45.77,45.77,45.74,45.74,500,2021-07-23 16:53:00,NEO
45.71,45.71,45.7,45.7,200,2021-07-23 16:55:00,NEO
45.71,45.71,45.71,45.71,100,2021-07-23 16:57:00,NEO
45.68,45.68,45.68,45.68,100,2021-07-23 16:58:00,NEO
45.66,45.675,45.64,45.67,800,2021-07-23 17:01:00,NEO
45.66,45.7,45.66,45.7,720,2021-07-23 17:03:00,NEO
45.675,45.675,45.675,45.675,100,2021-07-23 17:04:00,NEO
45.65,45.65,45.605,45.64,1896,2021-07-23 17:06:00,NEO
45.6328,45.64,45.6328,45.64,370,2021-07-23 17:07:00,NEO
45.66,45.67,45.66,45.66,500,2021-07-23 17:08:00,NEO
45.68,45.68,45.68,45.68,174,2021-07-23 17:10:00,NEO
45.66,45.66,45.64,45.64,800,2021-07-23 17:11:00,NEO
45.61,45.61,45.61,45.61,100,2021-07-23 17:13:00,NEO
45.61,45.61,45.61,45.61,100,2021-07-23 17:14:00,NEO
45.6,45.61,45.6,45.61,800,2021-07-23 17:16:00,NEO
45.615,45.615,45.57,45.57,500,2021-07-23 17:17:00,NEO
45.555,45.555,45.555,45.555,100,2021-07-23 17:18:00,NEO
45.54,45.54,45.54,45.54,200,2021-07-23 17:19:00,NEO
45.59,45.615,45.59,45.59,710,2021-07-23 17:21:00,NEO
45.59,45.59,45.59,45.59,100,2021-07-23 17:23:00,NEO
45.585,45.585,45.585,45.585,100,2021-07-23 17:24:00,NEO
45.57,45.57,45.57,45.57,400,2021-07-23 17:27:00,NEO
45.55,45.55,45.55,45.55,100,2021-07-23 17:28:00,NEO
45.53,45.55,45.515,45.515,1100,2021-07-23 17:32:00,NEO
45.51,45.51,45.51,45.51,100,2021-07-23 17:33:00,NEO
45.5,45.5,45.485,45.5,2541,2021-07-23 17:35:00,NEO
45.505,45.545,45.505,45.53,1014,2021-07-23 17:37:00,NEO
45.56,45.56,45.56,45.56,200,2021-07-23 17:39:00,NEO
45.58,45.58,45.58,45.58,200,2021-07-23 17:40:00,NEO
45.58,45.58,45.55,45.55,700,2021-07-23 17:41:00,NEO
45.54,45.54,45.535,45.535,300,2021-07-23 17:42:00,NEO
45.54,45.5554,45.54,45.54,442,2021-07-23 17:44:00,NEO
45.54,45.54,45.52,45.53,900,2021-07-23 17:45:00,NEO
45.55,45.57,45.55,45.57,711,2021-07-23 17:49:00,NEO
45.62,45.64,45.62,45.64,540,2021-07-23 17:51:00,NEO
45.59,45.59,45.59,45.59,500,2021-07-23 17:53:00,NEO
45.6,45.6,45.58,45.58,819,2021-07-23 17:54:00,NEO
45.595,45.595,45.57,45.57,900,2021-07-23 17:56:00,NEO
45.56,45.56,45.55,45.55,500,2021-07-23 17:57:00,NEO
45.58,45.58,45.579,45.579,200,2021-07-23 17:59:00,NEO
45.59,45.59,45.57,45.58,600,2021-07-23 18:00:00,NEO
45.54,45.54,45.54,45.54,100,2021-07-23 18:05:00,NEO
45.52,45.52,45.52,45.52,200,2021-07-23 18:06:00,NEO
45.53,45.53,45.53,45.53,100,2021-07-23 18:07:00,NEO
45.549,45.549,45.53,45.53,420,2021-07-23 18:08:00,NEO
45.54,45.59,45.54,45.58,688,2021-07-23 18:10:00,NEO
45.58,45.6,45.58,45.6,500,2021-07-23 18:11:00,NEO
45.6,45.6,45.6,45.6,200,2021-07-23 18:12:00,NEO
45.58,45.58,45.58,45.58,215,2021-07-23 18:13:00,NEO
45.595,45.595,45.57,45.57,500,2021-07-23 18:14:00,NEO
45.57,45.59,45.57,45.59,900,2021-07-23 18:15:00,NEO
45.62,45.63,45.61,45.63,704,2021-07-23 18:16:00,NEO
45.62,45.62,45.61,45.61,200,2021-07-23 18:17:00,NEO
45.649,45.72,45.649,45.71,1477,2021-07-23 18:21:00,NEO
45.69,45.69,45.69,45.69,280,2021-07-23 18:22:00,NEO
45.705,45.705,45.705,45.705,100,2021-07-23 18:23:00,NEO
45.7,45.71,45.7,45.71,600,2021-07-23 18:24:00,NEO
45.725,45.7495,45.725,45.7495,450,2021-07-23 18:25:00,NEO
45.74,45.74,45.74,45.74,100,2021-07-23 18:26:00,NEO
45.72,45.72,45.7,45.715,500,2021-07-23 18:28:00,NEO
45.73,45.73,45.715,45.715,200,2021-07-23 18:30:00,NEO
45.715,45.75,45.715,45.75,400,2021-07-23 18:31:00,NEO
45.72,45.72,45.72,45.72,200,2021-07-23 18:32:00,NEO
45.715,45.715,45.715,45.715,200,2021-07-23 18:33:00,NEO
45.71,45.74,45.71,45.74,400,2021-07-23 18:34:00,NEO
45.7,45.7,45.68,45.69,2350,2021-07-23 18:35:00,NEO
45.63,45.63,45.63,45.63,100,2021-07-23 18:36:00,NEO
45.64,45.659,45.64,45.659,200,2021-07-23 18:37:00,NEO
45.635,45.635,45.635,45.635,242,2021-07-23 18:38:00,NEO
45.62,45.64,45.62,45.63,529,2021-07-23 18:39:00,NEO
45.61,45.61,45.61,45.61,400,2021-07-23 18:40:00,NEO
45.61,45.61,45.61,45.61,100,2021-07-23 18:41:00,NEO
45.6,45.6,45.575,45.575,400,2021-07-23 18:42:00,NEO
45.56,45.56,45.56,45.56,100,2021-07-23 18:44:00,NEO
45.59,45.59,45.59,45.59,100,2021-07-23 18:45:00,NEO
45.55,45.59,45.55,45.585,1397,2021-07-23 18:46:00,NEO
45.585,45.585,45.585,45.585,300,2021-07-23 18:47:00,NEO
45.54,45.58,45.54,45.58,231,2021-07-23 18:48:00,NEO
45.54,45.56,45.54,45.545,615,2021-07-23 18:50:00,NEO
45.56,45.57,45.56,45.57,338,2021-07-23 18:51:00,NEO
45.5705,45.5705,45.5705,45.5705,100,2021-07-23 18:52:00,NEO
45.555,45.555,45.555,45.555,100,2021-07-23 18:53:00,NEO
45.54,45.54,45.54,45.54,100,2021-07-23 18:54:00,NEO
45.54,45.555,45.54,45.555,400,2021-07-23 18:55:00,NEO
45.57,45.57,45.57,45.57,100,2021-07-23 18:56:00,NEO
45.54,45.55,45.54,45.55,800,2021-07-23 18:59:00,NEO
45.53,45.53,45.48,45.48,946,2021-07-23 19:01:00,NEO
45.455,45.455,45.455,45.455,118,2021-07-23 19:02:00,NEO
45.43,45.48,45.43,45.48,200,2021-07-23 19:03:00,NEO
45.455,45.455,45.455,45.455,227,2021-07-23 19:04:00,NEO
45.465,45.52,45.465,45.52,1400,2021-07-23 19:05:00,NEO
45.535,45.535,45.51,45.51,300,2021-07-23 19:07:00,NEO
45.525,45.525,45.525,45.525,205,2021-07-23 19:08:00,NEO
45.51,45.56,45.51,45.56,794,2021-07-23 19:09:00,NEO
45.59,45.59,45.59,45.59,100,2021-07-23 19:10:00,NEO
45.585,45.61,45.585,45.61,200,2021-07-23 19:11:00,NEO
45.585,45.585,45.56,45.56,1010,2021-07-23 19:12:00,NEO
45.55,45.59,45.55,45.58,1813,2021-07-23 19:13:00,NEO
45.58,45.585,45.58,45.585,305,2021-07-23 19:14:00,NEO
45.595,45.62,45.595,45.62,500,2021-07-23 19:16:00,NEO
45.64,45.64,45.64,45.64,100,2021-07-23 19:17:00,NEO
45.675,45.675,45.675,45.675,200,2021-07-23 19:18:00,NEO
45.675,45.675,45.64,45.64,500,2021-07-23 19:19:00,NEO
45.64,45.64,45.64,45.64,100,2021-07-23 19:20:00,NEO
45.64,45.64,45.64,45.64,200,2021-07-23 19:21:00,NEO
45.66,45.66,45.65,45.65,400,2021-07-23 19:24:00,NEO
45.665,45.665,45.65,45.65,200,2021-07-23 19:25:00,NEO
45.665,45.665,45.64,45.64,1357,2021-07-23 19:26:00,NEO
45.65,45.67,45.65,45.66,589,2021-07-23 19:27:00,NEO
45.641,45.641,45.62,45.62,937,2021-07-23 19:28:00,NEO
45.6353,45.639,45.61,45.61,1000,2021-07-23 19:29:00,NEO
45.64,45.64,45.63,45.63,500,2021-07-23 19:30:00,NEO
45.63,45.63,45.63,45.63,1300,2021-07-23 19:31:00,NEO
45.63,45.63,45.63,45.63,530,2021-07-23 19:32:00,NEO
45.63,45.67,45.63,45.66,2087,2021-07-23 19:33:00,NEO
45.645,45.645,45.645,45.645,355,2021-07-23 19:34:00,NEO
45.645,45.645,45.645,45.645,314,2021-07-23 19:35:00,NEO
45.65,45.67,45.645,45.645,1139,2021-07-23 19:36:00,NEO
45.65,45.65,45.62,45.625,1600,2021-07-23 19:37:00,NEO
45.62,45.64,45.61,45.64,2812,2021-07-23 19:38:00,NEO
45.625,45.645,45.625,45.645,521,2021-07-23 19:39:00,NEO
45.635,45.635,45.63,45.63,432,2021-07-23 19:40:00,NEO
45.635,45.635,45.635,45.635,100,2021-07-23 19:41:00,NEO
45.65,45.68,45.65,45.675,1003,2021-07-23 19:42:00,NEO
45.675,45.69,45.67,45.6825,905,2021-07-23 19:43:00,NEO
45.69,45.72,45.69,45.71,1428,2021-07-23 19:44:00,NEO
45.7297,45.74,45.7297,45.74,700,2021-07-23 19:45:00,NEO
45.72,45.72,45.7,45.7,1080,2021-07-23 19:46:00,NEO
45.71,45.72,45.7,45.72,3001,2021-07-23 19:47:00,NEO
45.7,45.705,45.69,45.7,1335,2021-07-23 19:48:00,NEO
45.7044,45.71,45.695,45.71,1174,2021-07-23 19:49:00,NEO
45.7,45.72,45.7,45.72,1000,2021-07-23 19:50:00,NEO
45.72,45.73,45.705,45.705,1728,2021-07-23 19:51:00,NEO
45.705,45.705,45.68,45.685,1808,2021-07-23 19:52:00,NEO
45.685,45.69,45.685,45.69,995,2021-07-23 19:53:00,NEO
45.72,45.75,45.72,45.73,800,2021-07-23 19:54:00,NEO
45.73,45.75,45.72,45.74,1859,2021-07-23 19:55:00,NEO
45.73,45.74,45.73,45.73,820,2021-07-23 19:56:00,NEO
45.74,45.75,45.73,45.75,1000,2021-07-23 19:57:00,NEO
45.75,45.76,45.735,45.75,1000,2021-07-23 19:58:00,NEO
45.74,45.77,45.72,45.76,4397,2021-07-23 19:59:00,NEO
45.71,45.71,45.71,45.71,70349,2021-07-23 20:00:00,NEO
