open,high,low,close,volume,datetime,symbol
34.34,34.34,34.15,34.15,5185,2021-07-06 13:30:00,YMAB
34.18,34.18,34.0,34.0,1100,2021-07-06 13:42:00,YMAB
33.83,33.83,33.685,33.685,200,2021-07-06 13:43:00,YMAB
33.77,33.77,33.77,33.77,100,2021-07-06 13:46:00,YMAB
33.94,33.94,33.94,33.94,100,2021-07-06 13:48:00,YMAB
33.86,33.86,33.86,33.86,200,2021-07-06 13:52:00,YMAB
33.79,33.79,33.79,33.79,100,2021-07-06 13:54:00,YMAB
33.53,33.53,33.5,33.5,300,2021-07-06 13:57:00,YMAB
33.39,33.39,33.39,33.39,100,2021-07-06 13:59:00,YMAB
33.38,33.39,33.38,33.39,200,2021-07-06 14:00:00,YMAB
33.44,33.6,33.44,33.44,700,2021-07-06 14:04:00,YMAB
33.57,33.63,33.57,33.63,377,2021-07-06 14:05:00,YMAB
33.5,33.5,33.5,33.5,200,2021-07-06 14:06:00,YMAB
33.46,33.46,33.18,33.18,1663,2021-07-06 14:07:00,YMAB
33.18,33.26,33.18,33.26,200,2021-07-06 14:09:00,YMAB
33.175,33.35,33.175,33.35,300,2021-07-06 14:11:00,YMAB
33.61,33.61,33.61,33.61,100,2021-07-06 14:12:00,YMAB
33.61,33.61,33.51,33.51,200,2021-07-06 14:14:00,YMAB
33.51,33.62,33.51,33.62,800,2021-07-06 14:17:00,YMAB
33.565,33.565,33.565,33.565,100,2021-07-06 14:19:00,YMAB
33.565,33.565,33.565,33.565,200,2021-07-06 14:21:00,YMAB
33.52,33.52,33.52,33.52,100,2021-07-06 14:24:00,YMAB
33.46,33.46,33.35,33.35,1462,2021-07-06 14:27:00,YMAB
33.35,33.35,33.35,33.35,191,2021-07-06 14:28:00,YMAB
33.36,33.4,33.35,33.35,500,2021-07-06 14:29:00,YMAB
33.35,33.35,33.35,33.35,200,2021-07-06 14:30:00,YMAB
33.23,33.24,33.22,33.22,300,2021-07-06 14:31:00,YMAB
33.21,33.21,33.08,33.08,300,2021-07-06 14:32:00,YMAB
33.05,33.12,33.04,33.12,400,2021-07-06 14:33:00,YMAB
33.01,33.1,33.01,33.1,988,2021-07-06 14:34:00,YMAB
33.01,33.01,33.01,33.01,213,2021-07-06 14:35:00,YMAB
33.03,33.03,33.03,33.03,200,2021-07-06 14:36:00,YMAB
33.12,33.23,33.12,33.23,755,2021-07-06 14:37:00,YMAB
33.2,33.2,33.2,33.2,100,2021-07-06 14:38:00,YMAB
33.23,33.23,33.23,33.23,200,2021-07-06 14:39:00,YMAB
33.33,33.33,33.215,33.215,600,2021-07-06 14:42:00,YMAB
33.32,33.32,33.32,33.32,100,2021-07-06 14:45:00,YMAB
33.3082,33.3082,33.3082,33.3082,225,2021-07-06 14:46:00,YMAB
33.31,33.31,33.31,33.31,100,2021-07-06 14:47:00,YMAB
33.15,33.15,33.15,33.15,200,2021-07-06 14:48:00,YMAB
33.09,33.09,33.09,33.09,100,2021-07-06 14:49:00,YMAB
33.24,33.24,33.24,33.24,100,2021-07-06 14:52:00,YMAB
33.28,33.32,33.24,33.25,615,2021-07-06 14:54:00,YMAB
33.31,33.31,33.23,33.23,200,2021-07-06 14:55:00,YMAB
33.32,33.32,33.32,33.32,100,2021-07-06 14:56:00,YMAB
33.38,33.38,33.205,33.205,500,2021-07-06 15:00:00,YMAB
33.34,33.34,33.34,33.34,100,2021-07-06 15:01:00,YMAB
33.31,33.31,33.05,33.05,200,2021-07-06 15:02:00,YMAB
33.0406,33.0406,33.0406,33.0406,180,2021-07-06 15:03:00,YMAB
33.34,33.34,33.34,33.34,100,2021-07-06 15:08:00,YMAB
33.08,33.08,33.08,33.08,100,2021-07-06 15:11:00,YMAB
33.05,33.15,33.01,33.01,767,2021-07-06 15:12:00,YMAB
32.85,32.85,32.81,32.81,550,2021-07-06 15:13:00,YMAB
32.97,33.02,32.97,33.02,200,2021-07-06 15:14:00,YMAB
33.05,33.05,33.05,33.05,100,2021-07-06 15:15:00,YMAB
32.93,33.02,32.93,33.02,300,2021-07-06 15:19:00,YMAB
33.02,33.06,33.02,33.06,200,2021-07-06 15:20:00,YMAB
33.01,33.08,33.01,33.08,400,2021-07-06 15:21:00,YMAB
32.95,32.95,32.95,32.95,100,2021-07-06 15:22:00,YMAB
33.04,33.04,33.04,33.04,100,2021-07-06 15:23:00,YMAB
32.915,33.03,32.915,33.03,200,2021-07-06 15:27:00,YMAB
32.88,32.88,32.88,32.88,100,2021-07-06 15:29:00,YMAB
32.86,32.86,32.86,32.86,100,2021-07-06 15:30:00,YMAB
32.94,32.94,32.8,32.8,300,2021-07-06 15:32:00,YMAB
32.96,32.96,32.88,32.88,200,2021-07-06 15:34:00,YMAB
32.82,32.82,32.82,32.82,100,2021-07-06 15:38:00,YMAB
32.81,32.81,32.81,32.81,200,2021-07-06 15:39:00,YMAB
32.73,32.73,32.73,32.73,100,2021-07-06 15:46:00,YMAB
32.71,32.71,32.67,32.67,200,2021-07-06 15:47:00,YMAB
32.73,32.73,32.7,32.7,200,2021-07-06 15:48:00,YMAB
32.81,32.81,32.63,32.63,200,2021-07-06 15:50:00,YMAB
32.65,32.71,32.65,32.68,300,2021-07-06 15:58:00,YMAB
32.74,32.74,32.74,32.74,100,2021-07-06 15:59:00,YMAB
32.54,32.54,32.54,32.54,100,2021-07-06 16:10:00,YMAB
32.64,32.64,32.64,32.64,100,2021-07-06 16:14:00,YMAB
32.42,32.42,32.29,32.29,235,2021-07-06 16:17:00,YMAB
32.59,32.59,32.59,32.59,100,2021-07-06 16:27:00,YMAB
32.67,32.67,32.49,32.49,200,2021-07-06 16:30:00,YMAB
32.55,32.55,32.55,32.55,400,2021-07-06 16:35:00,YMAB
32.58,32.58,32.58,32.58,100,2021-07-06 16:36:00,YMAB
32.57,32.57,32.57,32.57,100,2021-07-06 16:38:00,YMAB
32.515,32.595,32.515,32.595,14057,2021-07-06 16:43:00,YMAB
32.68,32.68,32.615,32.63,300,2021-07-06 16:44:00,YMAB
32.68,32.68,32.59,32.59,200,2021-07-06 16:45:00,YMAB
32.66,32.66,32.66,32.66,100,2021-07-06 16:46:00,YMAB
32.65,32.65,32.65,32.65,100,2021-07-06 16:47:00,YMAB
32.69,32.71,32.69,32.71,300,2021-07-06 16:53:00,YMAB
32.86,32.86,32.86,32.86,100,2021-07-06 16:55:00,YMAB
32.855,32.855,32.855,32.855,100,2021-07-06 17:00:00,YMAB
32.97,32.97,32.81,32.81,700,2021-07-06 17:03:00,YMAB
32.81,32.81,32.745,32.745,200,2021-07-06 17:04:00,YMAB
32.725,32.725,32.62,32.62,200,2021-07-06 17:12:00,YMAB
32.7,32.7,32.7,32.7,100,2021-07-06 17:15:00,YMAB
32.73,32.8,32.73,32.8,200,2021-07-06 17:20:00,YMAB
32.745,32.745,32.745,32.745,100,2021-07-06 17:24:00,YMAB
32.67,32.67,32.66,32.66,300,2021-07-06 17:26:00,YMAB
32.625,32.625,32.625,32.625,100,2021-07-06 17:27:00,YMAB
32.625,32.63,32.625,32.63,200,2021-07-06 17:28:00,YMAB
32.7,32.7,32.7,32.7,100,2021-07-06 17:29:00,YMAB
32.75,32.75,32.75,32.75,100,2021-07-06 17:37:00,YMAB
32.74,32.74,32.74,32.74,100,2021-07-06 17:40:00,YMAB
32.65,32.67,32.65,32.67,200,2021-07-06 17:44:00,YMAB
32.73,32.73,32.73,32.73,100,2021-07-06 17:46:00,YMAB
32.73,32.73,32.73,32.73,615,2021-07-06 17:50:00,YMAB
32.81,32.81,32.81,32.81,100,2021-07-06 17:51:00,YMAB
32.81,32.81,32.74,32.74,300,2021-07-06 17:53:00,YMAB
32.745,32.745,32.745,32.745,100,2021-07-06 17:55:00,YMAB
32.69,32.69,32.69,32.69,100,2021-07-06 17:56:00,YMAB
32.715,32.715,32.715,32.715,100,2021-07-06 17:57:00,YMAB
32.715,32.715,32.715,32.715,100,2021-07-06 17:58:00,YMAB
32.76,32.76,32.71,32.71,1083,2021-07-06 18:00:00,YMAB
32.65,32.65,32.65,32.65,100,2021-07-06 18:01:00,YMAB
32.61,32.625,32.61,32.625,200,2021-07-06 18:03:00,YMAB
32.575,32.575,32.575,32.575,100,2021-07-06 18:11:00,YMAB
32.575,32.575,32.575,32.575,100,2021-07-06 18:12:00,YMAB
32.58,32.6,32.45,32.6,468,2021-07-06 18:15:00,YMAB
32.53,32.53,32.44,32.44,212,2021-07-06 18:16:00,YMAB
32.44,32.44,32.42,32.42,200,2021-07-06 18:17:00,YMAB
32.42,32.42,32.41,32.41,200,2021-07-06 18:18:00,YMAB
32.46,32.46,32.46,32.46,100,2021-07-06 18:19:00,YMAB
32.41,32.45,32.35,32.35,600,2021-07-06 18:20:00,YMAB
32.35,32.35,32.35,32.35,100,2021-07-06 18:21:00,YMAB
32.265,32.4,32.265,32.3,955,2021-07-06 18:23:00,YMAB
32.35,32.35,32.35,32.35,100,2021-07-06 18:25:00,YMAB
32.3,32.3,32.3,32.3,100,2021-07-06 18:26:00,YMAB
32.28,32.28,32.21,32.21,200,2021-07-06 18:27:00,YMAB
32.26,32.34,32.26,32.26,500,2021-07-06 18:35:00,YMAB
32.25,32.25,32.225,32.225,222,2021-07-06 18:36:00,YMAB
32.27,32.27,32.27,32.27,300,2021-07-06 18:37:00,YMAB
32.35,32.35,32.35,32.35,100,2021-07-06 18:39:00,YMAB
32.35,32.44,32.35,32.44,300,2021-07-06 18:42:00,YMAB
32.4,32.4,32.36,32.36,300,2021-07-06 18:45:00,YMAB
32.3,32.3,32.3,32.3,100,2021-07-06 18:46:00,YMAB
32.3,32.3,32.3,32.3,100,2021-07-06 18:47:00,YMAB
32.28,32.28,32.28,32.28,100,2021-07-06 18:49:00,YMAB
32.26,32.26,32.26,32.26,100,2021-07-06 18:50:00,YMAB
32.16,32.16,32.16,32.16,100,2021-07-06 18:51:00,YMAB
32.165,32.185,32.165,32.185,300,2021-07-06 18:53:00,YMAB
32.165,32.165,32.16,32.16,200,2021-07-06 18:54:00,YMAB
32.185,32.23,32.18,32.18,500,2021-07-06 18:55:00,YMAB
32.24,32.25,32.185,32.19,400,2021-07-06 18:57:00,YMAB
32.255,32.255,32.19,32.24,400,2021-07-06 18:58:00,YMAB
32.19,32.235,32.18,32.23,1670,2021-07-06 18:59:00,YMAB
32.23,32.23,32.18,32.23,400,2021-07-06 19:00:00,YMAB
32.23,32.35,32.23,32.35,400,2021-07-06 19:01:00,YMAB
32.35,32.355,32.35,32.355,300,2021-07-06 19:03:00,YMAB
32.43,32.43,32.43,32.43,100,2021-07-06 19:05:00,YMAB
32.405,32.51,32.405,32.51,400,2021-07-06 19:06:00,YMAB
32.54,32.55,32.54,32.55,300,2021-07-06 19:07:00,YMAB
32.55,32.55,32.55,32.55,100,2021-07-06 19:08:00,YMAB
32.6,32.69,32.58,32.69,303,2021-07-06 19:10:00,YMAB
32.72,32.72,32.72,32.72,100,2021-07-06 19:11:00,YMAB
32.72,32.8,32.63,32.8,774,2021-07-06 19:12:00,YMAB
32.72,32.85,32.72,32.85,200,2021-07-06 19:13:00,YMAB
32.835,32.92,32.835,32.92,400,2021-07-06 19:14:00,YMAB
32.865,32.87,32.865,32.87,200,2021-07-06 19:15:00,YMAB
32.82,32.9,32.82,32.825,1420,2021-07-06 19:17:00,YMAB
32.85,32.85,32.85,32.85,400,2021-07-06 19:21:00,YMAB
32.92,32.92,32.835,32.835,200,2021-07-06 19:23:00,YMAB
32.835,32.835,32.835,32.835,100,2021-07-06 19:24:00,YMAB
32.92,32.92,32.76,32.825,500,2021-07-06 19:25:00,YMAB
32.78,32.825,32.77,32.805,500,2021-07-06 19:26:00,YMAB
32.805,32.87,32.805,32.87,600,2021-07-06 19:27:00,YMAB
32.825,32.87,32.825,32.87,200,2021-07-06 19:28:00,YMAB
32.78,32.78,32.78,32.78,995,2021-07-06 19:30:00,YMAB
32.75,32.75,32.75,32.75,100,2021-07-06 19:32:00,YMAB
32.75,32.75,32.75,32.75,200,2021-07-06 19:33:00,YMAB
32.755,32.82,32.755,32.805,600,2021-07-06 19:34:00,YMAB
32.77,32.77,32.74,32.74,600,2021-07-06 19:35:00,YMAB
32.72,32.72,32.72,32.72,100,2021-07-06 19:36:00,YMAB
32.655,32.655,32.655,32.655,250,2021-07-06 19:37:00,YMAB
32.655,32.73,32.655,32.73,600,2021-07-06 19:39:00,YMAB
32.72,32.72,32.72,32.72,100,2021-07-06 19:40:00,YMAB
32.71,32.72,32.71,32.72,200,2021-07-06 19:41:00,YMAB
32.68,32.72,32.68,32.71,714,2021-07-06 19:43:00,YMAB
32.715,32.715,32.715,32.715,100,2021-07-06 19:44:00,YMAB
32.7,32.715,32.7,32.715,200,2021-07-06 19:45:00,YMAB
32.69,32.69,32.69,32.69,100,2021-07-06 19:46:00,YMAB
32.71,32.71,32.69,32.695,863,2021-07-06 19:47:00,YMAB
32.67,32.67,32.66,32.66,700,2021-07-06 19:49:00,YMAB
32.68,32.76,32.67,32.75,2000,2021-07-06 19:50:00,YMAB
32.75,32.78,32.75,32.76,1300,2021-07-06 19:51:00,YMAB
32.75,32.77,32.75,32.77,3954,2021-07-06 19:52:00,YMAB
32.77,32.77,32.77,32.77,100,2021-07-06 19:53:00,YMAB
32.75,32.78,32.745,32.765,3059,2021-07-06 19:54:00,YMAB
32.765,32.81,32.765,32.79,1300,2021-07-06 19:55:00,YMAB
32.82,32.83,32.72,32.72,1918,2021-07-06 19:56:00,YMAB
32.765,32.81,32.765,32.81,700,2021-07-06 19:57:00,YMAB
32.77,32.77,32.75,32.75,400,2021-07-06 19:58:00,YMAB
32.76,32.76,32.56,32.57,4677,2021-07-06 19:59:00,YMAB
32.57,32.57,32.57,32.57,23142,2021-07-06 20:00:00,YMAB
32.58,32.98,32.58,32.98,2636,2021-07-07 13:30:00,YMAB
32.77,32.96,32.77,32.96,200,2021-07-07 13:34:00,YMAB
32.76,32.76,32.57,32.57,672,2021-07-07 13:35:00,YMAB
32.07,32.07,32.07,32.07,100,2021-07-07 13:43:00,YMAB
32.26,32.26,32.26,32.26,100,2021-07-07 13:44:00,YMAB
32.11,32.11,32.11,32.11,100,2021-07-07 13:46:00,YMAB
32.07,32.12,32.01,32.12,400,2021-07-07 13:47:00,YMAB
32.19,32.19,32.0,32.0,200,2021-07-07 13:49:00,YMAB
31.93,31.95,31.93,31.95,200,2021-07-07 13:50:00,YMAB
31.705,31.705,31.705,31.705,100,2021-07-07 13:54:00,YMAB
31.75,31.77,31.75,31.77,300,2021-07-07 13:58:00,YMAB
31.63,31.63,31.63,31.63,100,2021-07-07 13:59:00,YMAB
31.6,31.6,31.6,31.6,200,2021-07-07 14:00:00,YMAB
31.5,31.5,31.5,31.5,500,2021-07-07 14:02:00,YMAB
31.57,31.59,31.51,31.51,300,2021-07-07 14:03:00,YMAB
31.39,31.39,31.39,31.39,400,2021-07-07 14:04:00,YMAB
31.58,31.58,31.58,31.58,100,2021-07-07 14:07:00,YMAB
31.47,31.47,31.47,31.47,100,2021-07-07 14:08:00,YMAB
31.55,31.55,31.54,31.55,500,2021-07-07 14:09:00,YMAB
31.59,31.7,31.59,31.7,500,2021-07-07 14:11:00,YMAB
31.8599,31.8599,31.8599,31.8599,250,2021-07-07 14:13:00,YMAB
31.86,31.86,31.735,31.735,200,2021-07-07 14:19:00,YMAB
31.62,31.62,31.62,31.62,100,2021-07-07 14:25:00,YMAB
31.61,31.61,31.61,31.61,300,2021-07-07 14:28:00,YMAB
31.4,31.4,31.4,31.4,100,2021-07-07 14:29:00,YMAB
31.36,31.42,31.36,31.395,433,2021-07-07 14:36:00,YMAB
31.44,31.44,31.44,31.44,100,2021-07-07 14:39:00,YMAB
31.33,31.33,31.33,31.33,216,2021-07-07 14:44:00,YMAB
31.35,31.44,31.315,31.35,1300,2021-07-07 14:46:00,YMAB
31.5,31.66,31.45,31.61,4280,2021-07-07 14:48:00,YMAB
31.6,31.6,31.6,31.6,461,2021-07-07 14:49:00,YMAB
31.72,31.72,31.72,31.72,100,2021-07-07 14:52:00,YMAB
31.87,31.87,31.775,31.775,200,2021-07-07 14:54:00,YMAB
31.87,31.87,31.72,31.87,300,2021-07-07 14:57:00,YMAB
31.85,31.96,31.85,31.96,951,2021-07-07 14:58:00,YMAB
32.11,32.11,32.11,32.11,100,2021-07-07 14:59:00,YMAB
32.1,32.1,32.1,32.1,100,2021-07-07 15:03:00,YMAB
31.91,31.91,31.91,31.91,300,2021-07-07 15:07:00,YMAB
31.81,31.81,31.79,31.79,300,2021-07-07 15:16:00,YMAB
31.74,31.8,31.71,31.8,300,2021-07-07 15:17:00,YMAB
31.745,31.745,31.745,31.745,100,2021-07-07 15:19:00,YMAB
31.745,31.82,31.7,31.7,300,2021-07-07 15:20:00,YMAB
31.73,31.8,31.73,31.8,200,2021-07-07 15:25:00,YMAB
31.8,31.8,31.8,31.8,100,2021-07-07 15:26:00,YMAB
31.73,31.73,31.73,31.73,100,2021-07-07 15:27:00,YMAB
31.725,31.725,31.725,31.725,100,2021-07-07 15:30:00,YMAB
31.77,31.9,31.77,31.89,1055,2021-07-07 15:31:00,YMAB
32.06,32.06,32.06,32.06,200,2021-07-07 15:41:00,YMAB
32.0025,32.0025,32.0025,32.0025,100,2021-07-07 15:44:00,YMAB
32.14,32.14,32.14,32.14,100,2021-07-07 15:52:00,YMAB
32.17,32.17,32.11,32.11,600,2021-07-07 15:56:00,YMAB
32.22,32.22,32.22,32.22,100,2021-07-07 15:57:00,YMAB
32.08,32.08,32.07,32.07,600,2021-07-07 16:05:00,YMAB
32.05,32.05,32.05,32.05,300,2021-07-07 16:08:00,YMAB
31.99,31.99,31.99,31.99,200,2021-07-07 16:13:00,YMAB
31.99,31.99,31.96,31.96,323,2021-07-07 16:15:00,YMAB
31.9321,31.9321,31.9321,31.9321,475,2021-07-07 16:17:00,YMAB
31.94,31.94,31.94,31.94,100,2021-07-07 16:18:00,YMAB
31.8,31.8,31.8,31.8,100,2021-07-07 16:21:00,YMAB
31.74,31.74,31.74,31.74,100,2021-07-07 16:23:00,YMAB
31.8,31.8,31.8,31.8,100,2021-07-07 16:24:00,YMAB
31.74,31.795,31.74,31.795,200,2021-07-07 16:26:00,YMAB
31.8,31.8,31.8,31.8,100,2021-07-07 16:33:00,YMAB
31.76,31.76,31.76,31.76,100,2021-07-07 16:34:00,YMAB
31.88,31.93,31.87,31.87,900,2021-07-07 16:36:00,YMAB
31.92,31.98,31.92,31.98,400,2021-07-07 16:37:00,YMAB
32.02,32.02,32.02,32.02,100,2021-07-07 16:38:00,YMAB
32.1285,32.1285,32.1285,32.1285,188,2021-07-07 16:41:00,YMAB
32.08,32.08,32.08,32.08,100,2021-07-07 16:45:00,YMAB
32.07,32.07,32.07,32.07,100,2021-07-07 16:47:00,YMAB
32.26,32.28,32.26,32.28,200,2021-07-07 16:51:00,YMAB
32.09,32.09,32.09,32.09,100,2021-07-07 16:55:00,YMAB
32.07,32.07,32.06,32.06,384,2021-07-07 16:59:00,YMAB
31.99,31.99,31.99,31.99,100,2021-07-07 17:01:00,YMAB
31.84,31.84,31.84,31.84,100,2021-07-07 17:02:00,YMAB
31.86,31.86,31.86,31.86,100,2021-07-07 17:04:00,YMAB
31.96,31.96,31.96,31.96,100,2021-07-07 17:05:00,YMAB
32.03,32.03,32.02,32.02,200,2021-07-07 17:11:00,YMAB
31.82,31.82,31.82,31.82,100,2021-07-07 17:16:00,YMAB
31.98,31.98,31.98,31.98,100,2021-07-07 17:21:00,YMAB
31.82,31.865,31.82,31.865,600,2021-07-07 17:33:00,YMAB
31.88,31.88,31.88,31.88,100,2021-07-07 17:41:00,YMAB
31.89,31.92,31.88,31.92,1371,2021-07-07 17:42:00,YMAB
31.94,31.94,31.94,31.94,100,2021-07-07 17:43:00,YMAB
32.01,32.01,32.01,32.01,200,2021-07-07 17:49:00,YMAB
31.88,31.88,31.88,31.88,100,2021-07-07 17:59:00,YMAB
31.87,31.87,31.87,31.87,100,2021-07-07 18:00:00,YMAB
31.89,31.89,31.89,31.89,500,2021-07-07 18:01:00,YMAB
32.07,32.07,32.07,32.07,100,2021-07-07 18:08:00,YMAB
31.985,31.985,31.985,31.985,100,2021-07-07 18:10:00,YMAB
31.92,31.92,31.88,31.88,200,2021-07-07 18:14:00,YMAB
31.84,31.86,31.84,31.86,300,2021-07-07 18:16:00,YMAB
31.92,31.99,31.92,31.99,200,2021-07-07 18:19:00,YMAB
31.89,31.89,31.89,31.89,100,2021-07-07 18:27:00,YMAB
31.9,31.9,31.9,31.9,100,2021-07-07 18:29:00,YMAB
31.9,31.9,31.9,31.9,100,2021-07-07 18:30:00,YMAB
31.79,31.79,31.79,31.79,300,2021-07-07 18:36:00,YMAB
31.64,31.64,31.64,31.64,100,2021-07-07 18:38:00,YMAB
31.64,31.75,31.64,31.7,400,2021-07-07 18:40:00,YMAB
31.755,31.82,31.755,31.82,400,2021-07-07 18:42:00,YMAB
31.75,31.75,31.75,31.75,100,2021-07-07 18:46:00,YMAB
31.84,31.84,31.84,31.84,100,2021-07-07 18:47:00,YMAB
31.8,31.8,31.75,31.75,200,2021-07-07 19:00:00,YMAB
31.83,31.85,31.83,31.85,517,2021-07-07 19:01:00,YMAB
31.86,31.9,31.86,31.895,500,2021-07-07 19:03:00,YMAB
31.93,31.96,31.93,31.96,300,2021-07-07 19:04:00,YMAB
31.96,31.97,31.95,31.955,500,2021-07-07 19:08:00,YMAB
32.06,32.06,32.06,32.06,100,2021-07-07 19:12:00,YMAB
32.04,32.07,32.04,32.06,626,2021-07-07 19:15:00,YMAB
32.02,32.045,32.02,32.045,304,2021-07-07 19:20:00,YMAB
32.005,32.005,32.005,32.005,100,2021-07-07 19:22:00,YMAB
32.03,32.03,32.03,32.03,500,2021-07-07 19:25:00,YMAB
32.08,32.08,32.07,32.07,200,2021-07-07 19:30:00,YMAB
32.01,32.04,32.01,32.04,200,2021-07-07 19:32:00,YMAB
32.05,32.05,32.03,32.05,400,2021-07-07 19:33:00,YMAB
32.08,32.08,32.08,32.08,100,2021-07-07 19:34:00,YMAB
32.02,32.02,32.02,32.02,100,2021-07-07 19:35:00,YMAB
32.01,32.03,32.01,32.03,200,2021-07-07 19:36:00,YMAB
31.995,31.995,31.995,31.995,100,2021-07-07 19:38:00,YMAB
32.0,32.01,32.0,32.01,504,2021-07-07 19:40:00,YMAB
32.06,32.07,32.06,32.06,300,2021-07-07 19:43:00,YMAB
32.07,32.07,32.07,32.07,100,2021-07-07 19:44:00,YMAB
32.07,32.07,32.07,32.07,100,2021-07-07 19:45:00,YMAB
32.06,32.16,32.06,32.16,700,2021-07-07 19:47:00,YMAB
32.12,32.12,32.12,32.12,100,2021-07-07 19:49:00,YMAB
32.08,32.08,32.08,32.08,100,2021-07-07 19:50:00,YMAB
31.95,31.95,31.95,31.95,500,2021-07-07 19:51:00,YMAB
32.01,32.01,32.0,32.0,206,2021-07-07 19:52:00,YMAB
31.98,31.98,31.92,31.92,578,2021-07-07 19:53:00,YMAB
31.91,31.91,31.79,31.79,582,2021-07-07 19:54:00,YMAB
31.79,31.87,31.75,31.82,1000,2021-07-07 19:55:00,YMAB
31.81,31.87,31.76,31.87,1100,2021-07-07 19:56:00,YMAB
31.76,31.87,31.76,31.86,900,2021-07-07 19:57:00,YMAB
31.78,31.78,31.78,31.78,400,2021-07-07 19:58:00,YMAB
31.81,31.99,31.8,31.9,3561,2021-07-07 19:59:00,YMAB
31.89,31.89,31.89,31.89,52025,2021-07-07 20:00:00,YMAB
31.89,31.89,31.89,31.89,630,2021-07-07 20:01:00,YMAB
31.88,31.915,31.01,31.01,59269,2021-07-08 13:30:00,YMAB
31.78,31.78,31.78,31.78,100,2021-07-08 13:40:00,YMAB
31.425,31.74,31.425,31.74,200,2021-07-08 13:42:00,YMAB
31.32,31.32,31.32,31.32,100,2021-07-08 13:51:00,YMAB
31.14,31.53,31.14,31.53,200,2021-07-08 13:52:00,YMAB
31.53,31.53,31.53,31.53,100,2021-07-08 13:53:00,YMAB
31.5,31.57,31.5,31.53,427,2021-07-08 13:54:00,YMAB
31.75,32.01,31.75,32.01,400,2021-07-08 13:56:00,YMAB
31.9353,31.99,31.9353,31.99,400,2021-07-08 13:57:00,YMAB
31.97,32.07,31.97,32.07,200,2021-07-08 13:59:00,YMAB
31.86,31.86,31.79,31.79,300,2021-07-08 14:00:00,YMAB
31.9,31.9,31.9,31.9,200,2021-07-08 14:07:00,YMAB
32.26,32.26,32.26,32.26,790,2021-07-08 14:08:00,YMAB
32.26,32.26,32.15,32.15,1300,2021-07-08 14:10:00,YMAB
32.225,32.225,32.225,32.225,100,2021-07-08 14:14:00,YMAB
32.3,32.44,32.3,32.44,600,2021-07-08 14:16:00,YMAB
32.25,32.26,32.13,32.13,411,2021-07-08 14:17:00,YMAB
31.97,31.97,31.97,31.97,100,2021-07-08 14:19:00,YMAB
31.97,31.97,31.84,31.93,1200,2021-07-08 14:20:00,YMAB
31.94,31.995,31.94,31.995,200,2021-07-08 14:21:00,YMAB
31.99,31.99,31.98,31.98,300,2021-07-08 14:25:00,YMAB
31.975,31.975,31.975,31.975,100,2021-07-08 14:28:00,YMAB
32.12,32.17,32.05,32.17,500,2021-07-08 14:34:00,YMAB
31.97,32.16,31.925,31.955,5896,2021-07-08 14:37:00,YMAB
31.965,31.965,31.965,31.965,100,2021-07-08 14:38:00,YMAB
32.035,32.1,32.015,32.015,300,2021-07-08 14:40:00,YMAB
31.9,32.03,31.885,31.89,645,2021-07-08 14:41:00,YMAB
31.885,32.02,31.885,32.02,400,2021-07-08 14:42:00,YMAB
32.12,32.12,32.12,32.12,126,2021-07-08 14:44:00,YMAB
32.22,32.24,32.22,32.24,300,2021-07-08 14:45:00,YMAB
32.21,32.21,32.21,32.21,100,2021-07-08 14:46:00,YMAB
32.16,32.16,32.16,32.16,100,2021-07-08 14:47:00,YMAB
32.06,32.07,32.06,32.07,200,2021-07-08 14:48:00,YMAB
31.88,31.88,31.88,31.88,300,2021-07-08 14:51:00,YMAB
32.17,32.17,32.17,32.17,100,2021-07-08 14:52:00,YMAB
31.955,31.955,31.955,31.955,200,2021-07-08 15:01:00,YMAB
32.01,32.01,32.01,32.01,200,2021-07-08 15:04:00,YMAB
32.03,32.03,32.03,32.03,200,2021-07-08 15:08:00,YMAB
31.99,31.99,31.84,31.84,400,2021-07-08 15:15:00,YMAB
31.8,31.8,31.7,31.775,1200,2021-07-08 15:30:00,YMAB
31.84,31.84,31.81,31.81,300,2021-07-08 15:34:00,YMAB
31.74,31.74,31.62,31.705,1800,2021-07-08 15:39:00,YMAB
31.76,31.84,31.76,31.81,400,2021-07-08 15:48:00,YMAB
31.87,31.89,31.84,31.84,400,2021-07-08 15:49:00,YMAB
31.85,31.85,31.85,31.85,100,2021-07-08 15:51:00,YMAB
31.85,31.85,31.85,31.85,104,2021-07-08 15:54:00,YMAB
31.83,31.84,31.83,31.84,200,2021-07-08 15:56:00,YMAB
31.83,31.83,31.83,31.83,120,2021-07-08 15:58:00,YMAB
31.85,31.91,31.85,31.88,700,2021-07-08 15:59:00,YMAB
31.905,31.905,31.905,31.905,100,2021-07-08 16:00:00,YMAB
31.92,31.97,31.92,31.97,400,2021-07-08 16:02:00,YMAB
32.08,32.08,32.055,32.055,300,2021-07-08 16:09:00,YMAB
32.07,32.07,32.07,32.07,300,2021-07-08 16:10:00,YMAB
32.02,32.02,32.02,32.02,100,2021-07-08 16:11:00,YMAB
31.96,32.0,31.96,32.0,200,2021-07-08 16:14:00,YMAB
31.9,31.9,31.9,31.9,100,2021-07-08 16:16:00,YMAB
31.97,31.97,31.97,31.97,100,2021-07-08 16:19:00,YMAB
31.9,31.9,31.9,31.9,100,2021-07-08 16:20:00,YMAB
32.07,32.07,32.07,32.07,100,2021-07-08 16:27:00,YMAB
31.95,31.98,31.95,31.98,600,2021-07-08 16:30:00,YMAB
32.07,32.07,32.07,32.07,100,2021-07-08 16:31:00,YMAB
32.105,32.105,32.105,32.105,100,2021-07-08 16:33:00,YMAB
32.05,32.05,32.01,32.01,200,2021-07-08 16:35:00,YMAB
32.0,32.03,31.92,31.98,1300,2021-07-08 16:41:00,YMAB
32.0,32.0,32.0,32.0,910,2021-07-08 16:42:00,YMAB
32.035,32.035,32.035,32.035,100,2021-07-08 16:43:00,YMAB
31.89,31.89,31.85,31.85,219,2021-07-08 16:55:00,YMAB
31.94,31.94,31.94,31.94,100,2021-07-08 17:04:00,YMAB
32.0,32.0,31.92,31.92,800,2021-07-08 17:06:00,YMAB
31.86,31.95,31.86,31.95,611,2021-07-08 17:07:00,YMAB
31.95,32.0,31.95,31.995,818,2021-07-08 17:08:00,YMAB
32.04,32.04,31.951,31.951,1500,2021-07-08 17:09:00,YMAB
31.96,31.96,31.85,31.85,800,2021-07-08 17:11:00,YMAB
31.85,31.85,31.85,31.85,100,2021-07-08 17:15:00,YMAB
31.89,31.89,31.89,31.89,300,2021-07-08 17:19:00,YMAB
31.83,31.83,31.83,31.83,100,2021-07-08 17:20:00,YMAB
31.79,31.91,31.79,31.91,200,2021-07-08 17:21:00,YMAB
31.88,31.91,31.82,31.82,600,2021-07-08 17:25:00,YMAB
31.79,31.79,31.79,31.79,200,2021-07-08 17:26:00,YMAB
31.705,31.72,31.705,31.72,200,2021-07-08 17:28:00,YMAB
31.78,31.78,31.78,31.78,100,2021-07-08 17:29:00,YMAB
31.75,31.75,31.75,31.75,200,2021-07-08 17:45:00,YMAB
31.78,31.79,31.755,31.79,400,2021-07-08 17:46:00,YMAB
31.74,31.74,31.74,31.74,100,2021-07-08 17:48:00,YMAB
31.765,31.78,31.765,31.78,200,2021-07-08 17:50:00,YMAB
31.75,31.75,31.75,31.75,600,2021-07-08 17:58:00,YMAB
31.755,31.755,31.755,31.755,100,2021-07-08 18:03:00,YMAB
31.725,31.725,31.725,31.725,100,2021-07-08 18:08:00,YMAB
31.74,31.74,31.74,31.74,100,2021-07-08 18:09:00,YMAB
31.77,31.77,31.77,31.77,200,2021-07-08 18:11:00,YMAB
31.81,32.06,31.81,32.06,200,2021-07-08 18:14:00,YMAB
32.125,32.125,32.125,32.125,100,2021-07-08 18:16:00,YMAB
32.005,32.005,32.005,32.005,300,2021-07-08 18:18:00,YMAB
31.995,31.995,31.985,31.985,400,2021-07-08 18:19:00,YMAB
31.99,31.99,31.99,31.99,200,2021-07-08 18:20:00,YMAB
31.995,31.995,31.99,31.99,364,2021-07-08 18:21:00,YMAB
31.98,31.98,31.82,31.82,300,2021-07-08 18:22:00,YMAB
31.955,31.955,31.955,31.955,100,2021-07-08 18:25:00,YMAB
32.07,32.12,32.07,32.12,400,2021-07-08 18:26:00,YMAB
32.03,32.03,31.97,31.97,402,2021-07-08 18:28:00,YMAB
31.77,31.77,31.77,31.77,100,2021-07-08 18:31:00,YMAB
31.78,31.78,31.78,31.78,100,2021-07-08 18:34:00,YMAB
31.72,31.72,31.67,31.67,200,2021-07-08 18:37:00,YMAB
31.7,31.7,31.69,31.69,400,2021-07-08 18:40:00,YMAB
31.74,31.78,31.74,31.78,500,2021-07-08 18:41:00,YMAB
31.715,31.715,31.715,31.715,100,2021-07-08 18:47:00,YMAB
31.715,31.715,31.715,31.715,100,2021-07-08 18:48:00,YMAB
31.75,31.75,31.75,31.75,100,2021-07-08 18:49:00,YMAB
31.725,31.725,31.725,31.725,100,2021-07-08 18:53:00,YMAB
31.75,31.75,31.75,31.75,100,2021-07-08 18:58:00,YMAB
31.75,31.75,31.75,31.75,100,2021-07-08 18:59:00,YMAB
31.81,31.81,31.81,31.81,200,2021-07-08 19:01:00,YMAB
31.91,31.91,31.91,31.91,220,2021-07-08 19:09:00,YMAB
31.87,31.87,31.87,31.87,100,2021-07-08 19:12:00,YMAB
31.81,31.81,31.81,31.81,200,2021-07-08 19:15:00,YMAB
31.8,31.8,31.79,31.79,400,2021-07-08 19:16:00,YMAB
31.82,31.82,31.79,31.79,200,2021-07-08 19:17:00,YMAB
31.81,31.81,31.81,31.81,102,2021-07-08 19:20:00,YMAB
31.8,31.8,31.8,31.8,100,2021-07-08 19:24:00,YMAB
31.83,31.83,31.83,31.83,100,2021-07-08 19:28:00,YMAB
31.86,31.86,31.86,31.86,100,2021-07-08 19:31:00,YMAB
31.835,31.835,31.835,31.835,100,2021-07-08 19:32:00,YMAB
31.845,31.87,31.845,31.87,200,2021-07-08 19:34:00,YMAB
31.91,31.91,31.91,31.91,100,2021-07-08 19:36:00,YMAB
31.83,31.83,31.82,31.82,500,2021-07-08 19:40:00,YMAB
31.71,31.71,31.71,31.71,100,2021-07-08 19:42:00,YMAB
31.755,31.755,31.755,31.755,100,2021-07-08 19:44:00,YMAB
31.83,31.83,31.69,31.69,200,2021-07-08 19:45:00,YMAB
31.655,31.655,31.655,31.655,100,2021-07-08 19:46:00,YMAB
31.65,31.69,31.65,31.69,500,2021-07-08 19:47:00,YMAB
31.6,31.6,31.6,31.6,200,2021-07-08 19:49:00,YMAB
31.64,31.64,31.64,31.64,100,2021-07-08 19:50:00,YMAB
31.63,31.63,31.63,31.63,100,2021-07-08 19:54:00,YMAB
31.69,31.69,31.625,31.66,580,2021-07-08 19:55:00,YMAB
31.64,31.641,31.64,31.641,300,2021-07-08 19:57:00,YMAB
31.65,31.76,31.58,31.76,2398,2021-07-08 19:59:00,YMAB
31.62,31.62,31.62,31.62,40266,2021-07-08 20:00:00,YMAB
31.62,31.62,31.62,31.62,1321,2021-07-08 21:20:00,YMAB
31.92,32.32,31.92,32.32,1291,2021-07-09 13:30:00,YMAB
31.715,31.715,31.69,31.7,300,2021-07-09 13:35:00,YMAB
31.69,31.97,31.0,31.12,3717,2021-07-09 13:44:00,YMAB
31.15,31.28,31.15,31.28,721,2021-07-09 13:46:00,YMAB
31.395,31.395,31.395,31.395,100,2021-07-09 13:47:00,YMAB
31.01,31.38,31.01,31.38,360,2021-07-09 13:48:00,YMAB
31.04,31.445,31.04,31.445,300,2021-07-09 13:50:00,YMAB
31.04,31.04,31.04,31.04,100,2021-07-09 13:51:00,YMAB
31.04,31.04,31.04,31.04,100,2021-07-09 13:52:00,YMAB
31.695,31.72,31.695,31.72,200,2021-07-09 13:53:00,YMAB
31.63,31.685,31.63,31.685,200,2021-07-09 13:54:00,YMAB
31.715,31.72,31.52,31.7,829,2021-07-09 13:55:00,YMAB
31.92,31.92,31.92,31.92,100,2021-07-09 13:57:00,YMAB
31.95,32.06,31.95,32.06,203,2021-07-09 13:58:00,YMAB
31.9,31.9,31.9,31.9,100,2021-07-09 14:06:00,YMAB
31.96,32.01,31.95,32.01,900,2021-07-09 14:07:00,YMAB
31.95,31.95,31.92,31.92,300,2021-07-09 14:09:00,YMAB
31.64,31.64,31.64,31.64,100,2021-07-09 14:14:00,YMAB
31.8,31.8,31.8,31.8,100,2021-07-09 14:21:00,YMAB
31.66,31.66,31.66,31.66,100,2021-07-09 14:24:00,YMAB
31.77,31.77,31.77,31.77,200,2021-07-09 14:25:00,YMAB
31.63,31.63,31.62,31.62,210,2021-07-09 14:36:00,YMAB
31.67,31.895,31.64,31.89,700,2021-07-09 14:39:00,YMAB
31.66,31.66,31.66,31.66,100,2021-07-09 14:43:00,YMAB
31.735,31.735,31.735,31.735,100,2021-07-09 14:46:00,YMAB
31.86,31.86,31.71,31.82,600,2021-07-09 14:52:00,YMAB
31.92,31.92,31.92,31.92,100,2021-07-09 14:55:00,YMAB
31.85,31.89,31.85,31.85,500,2021-07-09 14:56:00,YMAB
31.8945,31.8945,31.8945,31.8945,100,2021-07-09 15:03:00,YMAB
31.915,31.915,31.915,31.915,100,2021-07-09 15:06:00,YMAB
31.93,31.93,31.93,31.93,187,2021-07-09 15:07:00,YMAB
31.98,31.98,31.98,31.98,200,2021-07-09 15:08:00,YMAB
32.05,32.23,32.05,32.23,943,2021-07-09 15:09:00,YMAB
32.27,32.27,32.27,32.27,100,2021-07-09 15:23:00,YMAB
32.27,32.27,32.27,32.27,100,2021-07-09 15:28:00,YMAB
32.11,32.11,32.11,32.11,100,2021-07-09 15:31:00,YMAB
32.23,32.43,32.23,32.43,524,2021-07-09 15:48:00,YMAB
32.55,32.55,32.55,32.55,100,2021-07-09 15:49:00,YMAB
32.55,32.55,32.55,32.55,100,2021-07-09 15:59:00,YMAB
32.52,32.58,32.51,32.58,440,2021-07-09 16:10:00,YMAB
32.53,32.55,32.53,32.55,300,2021-07-09 16:12:00,YMAB
32.51,32.51,32.51,32.51,200,2021-07-09 16:13:00,YMAB
32.39,32.39,32.39,32.39,100,2021-07-09 16:19:00,YMAB
32.45,32.45,32.45,32.45,100,2021-07-09 16:25:00,YMAB
32.575,32.585,32.575,32.585,200,2021-07-09 16:32:00,YMAB
32.65,32.65,32.65,32.65,152,2021-07-09 16:33:00,YMAB
32.53,32.53,32.53,32.53,100,2021-07-09 16:37:00,YMAB
32.64,32.845,32.64,32.845,400,2021-07-09 16:39:00,YMAB
32.6,32.6,32.6,32.6,400,2021-07-09 16:52:00,YMAB
32.545,32.545,32.545,32.545,100,2021-07-09 16:53:00,YMAB
32.565,32.57,32.565,32.57,229,2021-07-09 17:08:00,YMAB
32.57,32.61,32.55,32.61,300,2021-07-09 17:09:00,YMAB
32.71,32.73,32.71,32.73,200,2021-07-09 17:11:00,YMAB
32.74,32.74,32.74,32.74,100,2021-07-09 17:12:00,YMAB
32.75,32.75,32.75,32.75,100,2021-07-09 17:13:00,YMAB
32.83,32.83,32.83,32.83,100,2021-07-09 17:14:00,YMAB
32.86,32.86,32.86,32.86,100,2021-07-09 17:20:00,YMAB
32.83,32.83,32.83,32.83,100,2021-07-09 17:25:00,YMAB
32.83,32.83,32.83,32.83,100,2021-07-09 17:30:00,YMAB
32.86,32.86,32.86,32.86,100,2021-07-09 17:34:00,YMAB
32.86,32.86,32.86,32.86,100,2021-07-09 17:37:00,YMAB
32.92,32.94,32.92,32.94,225,2021-07-09 17:40:00,YMAB
32.84,32.84,32.82,32.83,300,2021-07-09 17:41:00,YMAB
32.89,32.89,32.89,32.89,100,2021-07-09 17:42:00,YMAB
32.9,32.9,32.9,32.9,100,2021-07-09 17:45:00,YMAB
32.95,32.95,32.95,32.95,100,2021-07-09 17:47:00,YMAB
32.83,32.865,32.79,32.79,500,2021-07-09 17:50:00,YMAB
32.83,32.83,32.83,32.83,100,2021-07-09 17:52:00,YMAB
32.83,32.83,32.83,32.83,100,2021-07-09 17:55:00,YMAB
32.745,32.745,32.745,32.745,100,2021-07-09 17:58:00,YMAB
32.76,32.76,32.76,32.76,100,2021-07-09 18:06:00,YMAB
32.74,32.74,32.74,32.74,100,2021-07-09 18:25:00,YMAB
32.76,32.79,32.76,32.79,311,2021-07-09 18:26:00,YMAB
32.83,32.83,32.83,32.83,100,2021-07-09 18:27:00,YMAB
32.83,32.83,32.83,32.83,100,2021-07-09 18:29:00,YMAB
32.83,32.83,32.83,32.83,100,2021-07-09 18:30:00,YMAB
32.77,32.77,32.77,32.77,100,2021-07-09 18:37:00,YMAB
32.81,32.81,32.81,32.81,100,2021-07-09 18:50:00,YMAB
32.77,32.77,32.77,32.77,100,2021-07-09 18:52:00,YMAB
32.82,32.82,32.82,32.82,100,2021-07-09 18:54:00,YMAB
32.81,32.86,32.72,32.72,500,2021-07-09 19:01:00,YMAB
32.76,32.76,32.76,32.76,200,2021-07-09 19:02:00,YMAB
32.76,32.77,32.76,32.77,300,2021-07-09 19:03:00,YMAB
32.82,32.82,32.82,32.82,200,2021-07-09 19:04:00,YMAB
32.82,32.82,32.82,32.82,100,2021-07-09 19:05:00,YMAB
32.82,32.82,32.82,32.82,100,2021-07-09 19:06:00,YMAB
32.82,32.82,32.82,32.82,100,2021-07-09 19:07:00,YMAB
32.81,32.81,32.81,32.81,100,2021-07-09 19:08:00,YMAB
32.81,32.81,32.81,32.81,100,2021-07-09 19:09:00,YMAB
32.81,32.81,32.81,32.81,100,2021-07-09 19:10:00,YMAB
32.81,32.81,32.81,32.81,100,2021-07-09 19:12:00,YMAB
32.88,32.88,32.88,32.88,100,2021-07-09 19:13:00,YMAB
32.88,32.88,32.88,32.88,400,2021-07-09 19:16:00,YMAB
32.9,32.9,32.9,32.9,100,2021-07-09 19:17:00,YMAB
32.94,32.94,32.94,32.94,100,2021-07-09 19:18:00,YMAB
32.94,32.94,32.94,32.94,100,2021-07-09 19:19:00,YMAB
32.98,32.98,32.98,32.98,100,2021-07-09 19:20:00,YMAB
33.01,33.01,33.01,33.01,100,2021-07-09 19:23:00,YMAB
33.03,33.03,33.03,33.03,100,2021-07-09 19:24:00,YMAB
32.88,32.88,32.76,32.76,1100,2021-07-09 19:28:00,YMAB
32.81,32.83,32.81,32.83,300,2021-07-09 19:29:00,YMAB
32.85,32.85,32.85,32.85,100,2021-07-09 19:30:00,YMAB
32.86,32.89,32.86,32.89,200,2021-07-09 19:31:00,YMAB
32.89,32.89,32.89,32.89,100,2021-07-09 19:32:00,YMAB
32.87,32.87,32.87,32.87,100,2021-07-09 19:35:00,YMAB
32.9,32.91,32.81,32.83,1200,2021-07-09 19:40:00,YMAB
32.85,32.85,32.85,32.85,100,2021-07-09 19:42:00,YMAB
32.77,32.77,32.77,32.77,100,2021-07-09 19:44:00,YMAB
32.77,32.8,32.77,32.8,200,2021-07-09 19:45:00,YMAB
32.83,32.83,32.83,32.83,100,2021-07-09 19:47:00,YMAB
32.73,32.81,32.73,32.81,400,2021-07-09 19:52:00,YMAB
32.81,32.85,32.81,32.85,260,2021-07-09 19:53:00,YMAB
32.85,32.86,32.78,32.86,800,2021-07-09 19:54:00,YMAB
32.9,32.9,32.82,32.82,675,2021-07-09 19:55:00,YMAB
32.8,32.85,32.8,32.85,532,2021-07-09 19:56:00,YMAB
32.84,32.85,32.84,32.85,226,2021-07-09 19:57:00,YMAB
32.92,32.95,32.92,32.95,700,2021-07-09 19:58:00,YMAB
32.88,32.94,32.86,32.9,4435,2021-07-09 19:59:00,YMAB
32.94,32.94,32.94,32.94,24471,2021-07-09 20:00:00,YMAB
32.94,32.94,32.94,32.94,199,2021-07-09 20:01:00,YMAB
32.94,32.94,32.94,32.94,662,2021-07-09 20:58:00,YMAB
32.95,32.95,32.95,32.95,696,2021-07-12 13:30:00,YMAB
33.305,33.305,33.305,33.305,100,2021-07-12 13:32:00,YMAB
32.94,32.98,32.94,32.98,300,2021-07-12 13:50:00,YMAB
32.35,32.35,32.35,32.35,300,2021-07-12 14:12:00,YMAB
32.33,32.38,32.33,32.33,400,2021-07-12 14:24:00,YMAB
32.31,32.31,32.2625,32.31,400,2021-07-12 14:25:00,YMAB
32.225,32.225,32.155,32.16,400,2021-07-12 14:26:00,YMAB
32.14,32.29,32.14,32.29,400,2021-07-12 14:27:00,YMAB
32.24,32.24,32.21,32.21,550,2021-07-12 14:29:00,YMAB
32.175,32.175,32.175,32.175,100,2021-07-12 14:37:00,YMAB
32.14,32.14,32.11,32.11,400,2021-07-12 14:38:00,YMAB
32.18,32.19,32.18,32.19,200,2021-07-12 14:45:00,YMAB
32.28,32.28,32.28,32.28,100,2021-07-12 14:48:00,YMAB
32.34,32.34,32.34,32.34,100,2021-07-12 14:50:00,YMAB
32.195,32.195,32.195,32.195,100,2021-07-12 15:01:00,YMAB
32.38,32.38,32.38,32.38,100,2021-07-12 15:02:00,YMAB
32.35,32.35,32.35,32.35,100,2021-07-12 15:08:00,YMAB
32.47,32.47,32.36,32.36,200,2021-07-12 15:11:00,YMAB
32.47,32.47,32.47,32.47,100,2021-07-12 15:14:00,YMAB
32.465,32.51,32.45,32.45,939,2021-07-12 15:15:00,YMAB
32.44,32.44,32.36,32.36,200,2021-07-12 15:27:00,YMAB
32.32,32.32,32.32,32.32,100,2021-07-12 15:28:00,YMAB
32.35,32.37,32.35,32.37,500,2021-07-12 15:29:00,YMAB
32.43,32.495,32.43,32.485,800,2021-07-12 15:30:00,YMAB
32.58,32.58,32.58,32.58,150,2021-07-12 15:35:00,YMAB
32.6617,32.6617,32.6617,32.6617,270,2021-07-12 15:36:00,YMAB
32.625,32.625,32.58,32.62,300,2021-07-12 15:37:00,YMAB
32.69,32.815,32.69,32.815,500,2021-07-12 15:40:00,YMAB
32.805,32.805,32.805,32.805,100,2021-07-12 15:44:00,YMAB
32.72,32.72,32.72,32.72,100,2021-07-12 15:48:00,YMAB
32.74,32.785,32.74,32.78,600,2021-07-12 15:50:00,YMAB
32.73,32.73,32.73,32.73,100,2021-07-12 15:51:00,YMAB
32.69,32.71,32.69,32.71,200,2021-07-12 15:58:00,YMAB
32.76,32.76,32.76,32.76,100,2021-07-12 16:09:00,YMAB
32.61,32.61,32.59,32.59,200,2021-07-12 16:11:00,YMAB
32.68,32.71,32.68,32.71,300,2021-07-12 16:12:00,YMAB
32.86,33.015,32.86,33.015,600,2021-07-12 16:17:00,YMAB
32.965,32.975,32.88,32.88,600,2021-07-12 16:18:00,YMAB
32.975,32.975,32.975,32.975,100,2021-07-12 16:19:00,YMAB
32.975,32.975,32.89,32.89,300,2021-07-12 16:20:00,YMAB
32.825,32.825,32.825,32.825,100,2021-07-12 16:24:00,YMAB
32.65,32.65,32.65,32.65,100,2021-07-12 16:40:00,YMAB
32.655,32.655,32.655,32.655,100,2021-07-12 16:52:00,YMAB
32.655,32.655,32.655,32.655,100,2021-07-12 16:56:00,YMAB
32.62,32.62,32.62,32.62,100,2021-07-12 16:57:00,YMAB
32.565,32.65,32.565,32.65,200,2021-07-12 16:59:00,YMAB
32.63,32.63,32.63,32.63,100,2021-07-12 17:07:00,YMAB
32.64,32.64,32.64,32.64,200,2021-07-12 17:10:00,YMAB
32.665,32.665,32.665,32.665,200,2021-07-12 17:11:00,YMAB
32.665,32.665,32.665,32.665,100,2021-07-12 17:13:00,YMAB
32.5,32.68,32.5,32.615,3881,2021-07-12 17:15:00,YMAB
32.605,32.605,32.605,32.605,300,2021-07-12 17:16:00,YMAB
32.6,32.6,32.6,32.6,100,2021-07-12 17:17:00,YMAB
32.61,32.61,32.61,32.61,100,2021-07-12 17:21:00,YMAB
32.615,32.615,32.615,32.615,100,2021-07-12 17:25:00,YMAB
32.55,32.605,32.52,32.53,500,2021-07-12 17:28:00,YMAB
32.475,32.475,32.475,32.475,100,2021-07-12 17:29:00,YMAB
32.41,32.41,32.39,32.39,200,2021-07-12 17:30:00,YMAB
32.43,32.43,32.43,32.43,100,2021-07-12 17:31:00,YMAB
32.49,32.49,32.49,32.49,100,2021-07-12 17:34:00,YMAB
32.41,32.41,32.41,32.41,100,2021-07-12 17:41:00,YMAB
32.44,32.49,32.42,32.48,666,2021-07-12 17:42:00,YMAB
32.45,32.45,32.45,32.45,100,2021-07-12 17:43:00,YMAB
32.415,32.44,32.415,32.44,200,2021-07-12 17:49:00,YMAB
32.44,32.49,32.44,32.49,300,2021-07-12 17:51:00,YMAB
32.46,32.46,32.43,32.455,300,2021-07-12 17:54:00,YMAB
32.475,32.51,32.475,32.49,1443,2021-07-12 17:57:00,YMAB
32.575,32.575,32.575,32.575,100,2021-07-12 17:58:00,YMAB
32.53,32.55,32.53,32.55,300,2021-07-12 17:59:00,YMAB
32.565,32.565,32.565,32.565,100,2021-07-12 18:06:00,YMAB
32.55,32.55,32.475,32.475,300,2021-07-12 18:08:00,YMAB
32.46,32.46,32.46,32.46,100,2021-07-12 18:15:00,YMAB
32.48,32.52,32.48,32.52,200,2021-07-12 18:20:00,YMAB
32.585,32.585,32.54,32.54,500,2021-07-12 18:23:00,YMAB
32.615,32.615,32.57,32.57,200,2021-07-12 18:25:00,YMAB
32.58,32.58,32.58,32.58,100,2021-07-12 18:27:00,YMAB
32.79,33.06,32.79,33.06,900,2021-07-12 18:40:00,YMAB
33.02,33.02,33.02,33.02,300,2021-07-12 18:41:00,YMAB
33.035,33.035,33.035,33.035,100,2021-07-12 18:46:00,YMAB
33.035,33.13,32.94,33.13,1060,2021-07-12 18:48:00,YMAB
33.035,33.035,33.035,33.035,100,2021-07-12 18:50:00,YMAB
33.035,33.035,33.035,33.035,100,2021-07-12 18:52:00,YMAB
32.965,33.04,32.96,33.04,500,2021-07-12 18:54:00,YMAB
33.04,33.04,33.035,33.035,200,2021-07-12 18:56:00,YMAB
33.04,33.04,33.04,33.04,100,2021-07-12 18:57:00,YMAB
33.04,33.04,33.04,33.04,100,2021-07-12 18:58:00,YMAB
33.125,33.125,33.08,33.125,400,2021-07-12 19:01:00,YMAB
33.095,33.095,33.095,33.095,100,2021-07-12 19:02:00,YMAB
33.05,33.05,33.05,33.05,199,2021-07-12 19:03:00,YMAB
32.965,32.965,32.965,32.965,200,2021-07-12 19:13:00,YMAB
32.83,32.83,32.83,32.83,100,2021-07-12 19:14:00,YMAB
32.64,32.67,32.64,32.67,200,2021-07-12 19:22:00,YMAB
32.685,32.685,32.685,32.685,100,2021-07-12 19:23:00,YMAB
32.735,32.735,32.62,32.62,200,2021-07-12 19:27:00,YMAB
32.575,32.86,32.575,32.8,1200,2021-07-12 19:31:00,YMAB
32.84,32.84,32.84,32.84,100,2021-07-12 19:32:00,YMAB
32.82,32.82,32.82,32.82,100,2021-07-12 19:36:00,YMAB
32.795,32.83,32.76,32.82,1500,2021-07-12 19:38:00,YMAB
32.77,32.81,32.76,32.81,400,2021-07-12 19:41:00,YMAB
32.73,32.73,32.73,32.73,100,2021-07-12 19:44:00,YMAB
32.76,32.76,32.72,32.72,200,2021-07-12 19:47:00,YMAB
32.62,32.62,32.62,32.62,100,2021-07-12 19:49:00,YMAB
32.7,32.76,32.7,32.76,200,2021-07-12 19:50:00,YMAB
32.66,32.69,32.66,32.69,200,2021-07-12 19:53:00,YMAB
32.74,32.82,32.65,32.82,1100,2021-07-12 19:54:00,YMAB
32.88,32.88,32.88,32.88,100,2021-07-12 19:55:00,YMAB
32.67,32.83,32.67,32.71,400,2021-07-12 19:56:00,YMAB
32.82,32.88,32.66,32.835,758,2021-07-12 19:57:00,YMAB
32.78,32.87,32.77,32.79,1400,2021-07-12 19:58:00,YMAB
32.78,32.92,32.73,32.84,7241,2021-07-12 19:59:00,YMAB
32.83,32.83,32.83,32.83,28166,2021-07-12 20:00:00,YMAB
32.83,32.83,32.83,32.83,463,2021-07-12 20:52:00,YMAB
32.49,32.49,32.49,32.49,1127,2021-07-13 13:30:00,YMAB
32.28,32.33,32.13,32.13,400,2021-07-13 13:38:00,YMAB
32.01,32.03,32.01,32.03,411,2021-07-13 13:43:00,YMAB
31.98,31.98,31.98,31.98,100,2021-07-13 13:52:00,YMAB
31.85,31.85,31.83,31.83,200,2021-07-13 13:53:00,YMAB
31.75,31.78,31.75,31.78,247,2021-07-13 13:55:00,YMAB
31.87,32.04,31.82,32.04,2223,2021-07-13 13:57:00,YMAB
31.86,31.86,31.86,31.86,100,2021-07-13 13:58:00,YMAB
31.89,31.89,31.89,31.89,100,2021-07-13 14:00:00,YMAB
31.97,32.03,31.97,32.03,400,2021-07-13 14:01:00,YMAB
32.01,32.04,32.0,32.0,3259,2021-07-13 14:03:00,YMAB
32.0,32.0,32.0,32.0,2101,2021-07-13 14:04:00,YMAB
32.09,32.09,32.09,32.09,200,2021-07-13 14:09:00,YMAB
32.16,32.24,32.16,32.24,1441,2021-07-13 14:13:00,YMAB
32.29,32.29,32.29,32.29,100,2021-07-13 14:15:00,YMAB
32.12,32.12,32.12,32.12,400,2021-07-13 14:20:00,YMAB
32.11,32.11,32.08,32.08,529,2021-07-13 14:39:00,YMAB
32.12,32.12,32.04,32.04,200,2021-07-13 14:40:00,YMAB
32.01,32.01,32.01,32.01,100,2021-07-13 14:42:00,YMAB
32.06,32.06,32.06,32.06,100,2021-07-13 14:43:00,YMAB
32.01,32.01,32.0,32.0,800,2021-07-13 14:44:00,YMAB
32.03,32.0325,32.03,32.0325,200,2021-07-13 14:45:00,YMAB
32.0,32.15,32.0,32.15,2400,2021-07-13 14:46:00,YMAB
32.08,32.08,32.08,32.08,100,2021-07-13 14:50:00,YMAB
32.07,32.07,32.07,32.07,100,2021-07-13 14:52:00,YMAB
32.0,32.06,32.0,32.06,627,2021-07-13 14:54:00,YMAB
32.04,32.04,32.04,32.04,100,2021-07-13 14:56:00,YMAB
32.0,32.1,32.0,32.1,2112,2021-07-13 15:01:00,YMAB
31.9875,31.9875,31.9875,31.9875,100,2021-07-13 15:05:00,YMAB
31.915,31.915,31.915,31.915,100,2021-07-13 15:07:00,YMAB
31.915,31.915,31.83,31.83,500,2021-07-13 15:11:00,YMAB
31.86,31.89,31.86,31.87,514,2021-07-13 15:13:00,YMAB
31.87,31.87,31.63,31.63,2700,2021-07-13 15:17:00,YMAB
31.69,31.69,31.69,31.69,100,2021-07-13 15:18:00,YMAB
31.78,31.78,31.78,31.78,200,2021-07-13 15:19:00,YMAB
31.85,31.88,31.85,31.88,700,2021-07-13 15:23:00,YMAB
31.93,31.93,31.93,31.93,100,2021-07-13 15:27:00,YMAB
32.02,32.09,32.02,32.09,400,2021-07-13 15:32:00,YMAB
32.13,32.13,32.13,32.13,300,2021-07-13 15:40:00,YMAB
32.15,32.15,32.125,32.125,2724,2021-07-13 15:42:00,YMAB
32.095,32.1,32.095,32.1,200,2021-07-13 15:43:00,YMAB
32.05,32.05,32.05,32.05,100,2021-07-13 15:45:00,YMAB
31.995,31.995,31.995,31.995,100,2021-07-13 15:47:00,YMAB
31.96,31.96,31.96,31.96,100,2021-07-13 15:49:00,YMAB
31.96,31.96,31.96,31.96,100,2021-07-13 15:57:00,YMAB
31.94,31.94,31.94,31.94,100,2021-07-13 16:01:00,YMAB
31.94,31.94,31.875,31.875,300,2021-07-13 16:02:00,YMAB
31.91,31.94,31.9,31.9,1793,2021-07-13 16:03:00,YMAB
31.85,31.85,31.85,31.85,100,2021-07-13 16:09:00,YMAB
31.78,31.78,31.78,31.78,100,2021-07-13 16:19:00,YMAB
31.69,31.69,31.69,31.69,100,2021-07-13 16:21:00,YMAB
31.69,31.69,31.69,31.69,100,2021-07-13 16:22:00,YMAB
31.67,31.69,31.51,31.515,1999,2021-07-13 16:28:00,YMAB
31.48,31.48,31.48,31.48,100,2021-07-13 16:42:00,YMAB
31.56,31.62,31.56,31.62,900,2021-07-13 16:44:00,YMAB
31.58,31.58,31.58,31.58,100,2021-07-13 16:45:00,YMAB
31.64,31.64,31.6,31.6,211,2021-07-13 16:48:00,YMAB
31.59,31.59,31.59,31.59,200,2021-07-13 17:02:00,YMAB
31.54,31.54,31.41,31.485,900,2021-07-13 17:09:00,YMAB
31.32,31.32,31.32,31.32,200,2021-07-13 17:20:00,YMAB
31.37,31.39,31.29,31.29,1899,2021-07-13 17:23:00,YMAB
31.29,31.31,31.18,31.18,700,2021-07-13 17:24:00,YMAB
31.22,31.22,31.22,31.22,100,2021-07-13 17:25:00,YMAB
31.21,31.21,31.21,31.21,100,2021-07-13 17:28:00,YMAB
31.19,31.19,31.19,31.19,200,2021-07-13 17:41:00,YMAB
31.09,31.15,31.09,31.15,200,2021-07-13 17:42:00,YMAB
31.12,31.12,31.12,31.12,100,2021-07-13 17:43:00,YMAB
31.12,31.15,31.12,31.15,300,2021-07-13 17:44:00,YMAB
31.13,31.13,31.13,31.13,100,2021-07-13 17:45:00,YMAB
31.15,31.15,31.14,31.14,300,2021-07-13 18:00:00,YMAB
31.0,31.0,31.0,31.0,100,2021-07-13 18:03:00,YMAB
31.05,31.05,31.05,31.05,100,2021-07-13 18:21:00,YMAB
31.12,31.27,31.11,31.27,3200,2021-07-13 18:23:00,YMAB
31.42,31.42,31.42,31.42,100,2021-07-13 18:24:00,YMAB
31.46,31.46,31.4,31.435,2000,2021-07-13 18:31:00,YMAB
31.455,31.455,31.435,31.45,800,2021-07-13 18:32:00,YMAB
31.435,31.435,31.435,31.435,601,2021-07-13 18:34:00,YMAB
31.4575,31.57,31.4575,31.57,400,2021-07-13 18:37:00,YMAB
31.64,31.665,31.64,31.665,300,2021-07-13 18:41:00,YMAB
31.675,31.675,31.675,31.675,140,2021-07-13 18:43:00,YMAB
31.61,31.62,31.61,31.61,829,2021-07-13 18:47:00,YMAB
31.55,31.6,31.55,31.595,800,2021-07-13 18:48:00,YMAB
31.65,31.84,31.65,31.84,700,2021-07-13 18:49:00,YMAB
31.78,31.78,31.72,31.72,500,2021-07-13 18:56:00,YMAB
31.71,31.71,31.71,31.71,100,2021-07-13 18:57:00,YMAB
31.71,31.71,31.71,31.71,100,2021-07-13 18:59:00,YMAB
31.88,31.88,31.82,31.8475,1046,2021-07-13 19:09:00,YMAB
31.86,31.93,31.86,31.89,1644,2021-07-13 19:15:00,YMAB
31.96,31.96,31.96,31.96,300,2021-07-13 19:20:00,YMAB
31.97,31.99,31.935,31.935,799,2021-07-13 19:21:00,YMAB
31.99,31.99,31.99,31.99,100,2021-07-13 19:23:00,YMAB
31.99,31.99,31.99,31.99,100,2021-07-13 19:24:00,YMAB
31.92,32.0,31.9125,32.0,1300,2021-07-13 19:27:00,YMAB
31.95,31.95,31.95,31.95,100,2021-07-13 19:28:00,YMAB
31.91,31.92,31.91,31.92,200,2021-07-13 19:30:00,YMAB
31.88,31.88,31.88,31.88,200,2021-07-13 19:31:00,YMAB
31.88,31.88,31.88,31.88,400,2021-07-13 19:32:00,YMAB
31.865,31.865,31.865,31.865,100,2021-07-13 19:33:00,YMAB
31.865,31.865,31.865,31.865,100,2021-07-13 19:34:00,YMAB
31.9,31.91,31.9,31.91,400,2021-07-13 19:35:00,YMAB
31.86,31.94,31.86,31.94,400,2021-07-13 19:37:00,YMAB
31.93,31.93,31.92,31.92,200,2021-07-13 19:38:00,YMAB
31.925,31.925,31.925,31.925,100,2021-07-13 19:39:00,YMAB
31.9,31.9125,31.885,31.885,828,2021-07-13 19:40:00,YMAB
31.88,31.88,31.88,31.88,100,2021-07-13 19:41:00,YMAB
31.87,31.87,31.87,31.87,100,2021-07-13 19:42:00,YMAB
31.88,31.88,31.88,31.88,100,2021-07-13 19:43:00,YMAB
31.85,31.87,31.81,31.86,500,2021-07-13 19:44:00,YMAB
31.81,31.81,31.81,31.81,100,2021-07-13 19:45:00,YMAB
31.8,31.8,31.8,31.8,111,2021-07-13 19:46:00,YMAB
31.82,31.82,31.82,31.82,200,2021-07-13 19:48:00,YMAB
31.85,31.88,31.85,31.88,300,2021-07-13 19:49:00,YMAB
31.89,31.89,31.89,31.89,400,2021-07-13 19:50:00,YMAB
31.92,31.92,31.92,31.92,300,2021-07-13 19:51:00,YMAB
31.92,31.92,31.92,31.92,100,2021-07-13 19:52:00,YMAB
31.88,31.88,31.88,31.88,200,2021-07-13 19:53:00,YMAB
31.87,31.88,31.83,31.88,807,2021-07-13 19:54:00,YMAB
31.87,31.87,31.87,31.87,150,2021-07-13 19:55:00,YMAB
31.9,31.95,31.8825,31.8825,650,2021-07-13 19:56:00,YMAB
31.91,31.93,31.81,31.87,500,2021-07-13 19:57:00,YMAB
31.87,31.9,31.81,31.9,600,2021-07-13 19:58:00,YMAB
31.85,31.86,31.75,31.86,3586,2021-07-13 19:59:00,YMAB
31.86,31.86,31.86,31.86,27428,2021-07-13 20:00:00,YMAB
31.61,31.95,31.61,31.95,921,2021-07-14 13:30:00,YMAB
31.95,31.95,31.95,31.95,600,2021-07-14 13:31:00,YMAB
32.0,32.5,32.0,32.5,600,2021-07-14 13:37:00,YMAB
31.93,31.93,31.93,31.93,100,2021-07-14 13:51:00,YMAB
31.585,31.585,31.585,31.585,100,2021-07-14 14:06:00,YMAB
32.05,32.05,32.01,32.01,200,2021-07-14 14:09:00,YMAB
32.01,32.0199,31.94,32.0199,300,2021-07-14 14:10:00,YMAB
31.535,31.535,31.535,31.535,100,2021-07-14 14:22:00,YMAB
31.7,31.7,31.7,31.7,100,2021-07-14 14:23:00,YMAB
31.58,31.58,31.58,31.58,100,2021-07-14 14:24:00,YMAB
31.36,31.47,31.36,31.47,200,2021-07-14 14:25:00,YMAB
31.255,31.255,31.255,31.255,100,2021-07-14 14:27:00,YMAB
31.58,31.58,31.48,31.48,300,2021-07-14 14:30:00,YMAB
31.41,31.41,31.41,31.41,100,2021-07-14 14:31:00,YMAB
31.29,31.29,31.29,31.29,100,2021-07-14 14:32:00,YMAB
31.47,31.47,31.39,31.39,200,2021-07-14 14:36:00,YMAB
31.3,31.3,31.3,31.3,100,2021-07-14 14:37:00,YMAB
31.29,31.29,31.28,31.28,200,2021-07-14 14:38:00,YMAB
31.1,31.1,31.1,31.1,200,2021-07-14 14:39:00,YMAB
31.32,31.32,31.32,31.32,100,2021-07-14 14:41:00,YMAB
31.23,31.23,31.23,31.23,100,2021-07-14 14:42:00,YMAB
31.21,31.29,31.21,31.29,357,2021-07-14 14:43:00,YMAB
31.31,31.31,31.31,31.31,100,2021-07-14 14:44:00,YMAB
31.26,31.26,31.26,31.26,100,2021-07-14 14:47:00,YMAB
31.26,31.26,31.26,31.26,100,2021-07-14 14:49:00,YMAB
31.255,31.255,31.255,31.255,100,2021-07-14 14:52:00,YMAB
31.275,31.275,31.275,31.275,271,2021-07-14 14:53:00,YMAB
31.19,31.19,31.19,31.19,100,2021-07-14 14:58:00,YMAB
31.185,31.185,31.185,31.185,100,2021-07-14 14:59:00,YMAB
31.26,31.26,31.26,31.26,100,2021-07-14 15:00:00,YMAB
31.175,31.175,31.175,31.175,100,2021-07-14 15:01:00,YMAB
31.175,31.175,31.175,31.175,100,2021-07-14 15:02:00,YMAB
31.23,31.23,31.23,31.23,100,2021-07-14 15:03:00,YMAB
31.165,31.165,31.165,31.165,100,2021-07-14 15:04:00,YMAB
31.27,31.27,31.145,31.145,200,2021-07-14 15:07:00,YMAB
31.14,31.27,31.12,31.27,600,2021-07-14 15:09:00,YMAB
31.16,31.16,31.16,31.16,100,2021-07-14 15:13:00,YMAB
31.24,31.24,31.24,31.24,100,2021-07-14 15:15:00,YMAB
31.113,31.113,31.113,31.113,100,2021-07-14 15:16:00,YMAB
31.155,31.155,31.155,31.155,200,2021-07-14 15:17:00,YMAB
31.23,31.23,31.23,31.23,100,2021-07-14 15:20:00,YMAB
31.185,31.185,31.185,31.185,100,2021-07-14 15:24:00,YMAB
31.25,31.25,31.25,31.25,100,2021-07-14 15:25:00,YMAB
31.1,31.175,31.0,31.0,1398,2021-07-14 15:27:00,YMAB
31.005,31.005,31.005,31.005,100,2021-07-14 15:28:00,YMAB
31.29,31.29,31.01,31.01,200,2021-07-14 15:30:00,YMAB
31.17,31.17,31.17,31.17,100,2021-07-14 15:32:00,YMAB
31.29,31.29,31.29,31.29,100,2021-07-14 15:38:00,YMAB
31.33,31.33,31.33,31.33,100,2021-07-14 15:39:00,YMAB
31.195,31.195,31.195,31.195,500,2021-07-14 15:43:00,YMAB
31.11,31.11,31.11,31.11,100,2021-07-14 15:45:00,YMAB
31.28,31.28,31.12,31.14,600,2021-07-14 15:46:00,YMAB
31.21,31.22,31.2,31.22,593,2021-07-14 15:47:00,YMAB
31.34,31.39,31.26,31.26,400,2021-07-14 15:49:00,YMAB
31.38,31.38,31.32,31.32,200,2021-07-14 15:51:00,YMAB
31.415,31.415,31.415,31.415,100,2021-07-14 15:55:00,YMAB
31.49,31.49,31.49,31.49,100,2021-07-14 15:57:00,YMAB
31.51,31.51,31.51,31.51,100,2021-07-14 15:59:00,YMAB
31.56,31.69,31.56,31.69,200,2021-07-14 16:13:00,YMAB
31.65,31.65,31.65,31.65,100,2021-07-14 16:16:00,YMAB
31.57,31.57,31.57,31.57,100,2021-07-14 16:17:00,YMAB
31.81,31.81,31.81,31.81,200,2021-07-14 16:20:00,YMAB
31.84,31.84,31.84,31.84,100,2021-07-14 16:22:00,YMAB
31.99,31.99,31.99,31.99,100,2021-07-14 16:24:00,YMAB
32.04,32.04,32.04,32.04,100,2021-07-14 16:25:00,YMAB
32.04,32.04,32.04,32.04,200,2021-07-14 16:28:00,YMAB
32.06,32.07,32.06,32.07,200,2021-07-14 16:29:00,YMAB
32.06,32.06,32.06,32.06,100,2021-07-14 16:31:00,YMAB
31.88,31.925,31.88,31.88,300,2021-07-14 16:32:00,YMAB
31.85,31.89,31.8,31.89,525,2021-07-14 16:44:00,YMAB
31.825,31.825,31.825,31.825,100,2021-07-14 16:45:00,YMAB
31.94,31.94,31.94,31.94,100,2021-07-14 16:46:00,YMAB
32.0,32.0,32.0,32.0,100,2021-07-14 16:47:00,YMAB
31.96,31.96,31.96,31.96,100,2021-07-14 16:48:00,YMAB
31.81,31.81,31.81,31.81,300,2021-07-14 17:10:00,YMAB
31.7225,31.7225,31.7225,31.7225,217,2021-07-14 17:23:00,YMAB
31.69,31.69,31.69,31.69,100,2021-07-14 17:24:00,YMAB
31.655,31.655,31.655,31.655,1600,2021-07-14 17:26:00,YMAB
31.655,31.655,31.655,31.655,2383,2021-07-14 17:28:00,YMAB
31.655,31.655,31.655,31.655,300,2021-07-14 17:29:00,YMAB
31.62,31.72,31.62,31.72,800,2021-07-14 17:35:00,YMAB
31.72,31.72,31.72,31.72,100,2021-07-14 17:38:00,YMAB
31.66,31.7,31.66,31.7,700,2021-07-14 17:39:00,YMAB
31.73,31.73,31.73,31.73,100,2021-07-14 17:44:00,YMAB
31.79,31.79,31.71,31.78,900,2021-07-14 17:50:00,YMAB
31.79,31.79,31.79,31.79,100,2021-07-14 17:52:00,YMAB
31.81,31.81,31.81,31.81,200,2021-07-14 17:53:00,YMAB
31.83,31.83,31.83,31.83,200,2021-07-14 17:56:00,YMAB
31.78,31.85,31.78,31.795,2100,2021-07-14 17:58:00,YMAB
31.73,31.73,31.73,31.73,100,2021-07-14 17:59:00,YMAB
31.755,31.755,31.755,31.755,232,2021-07-14 18:04:00,YMAB
31.68,31.74,31.68,31.735,500,2021-07-14 18:06:00,YMAB
31.735,31.735,31.735,31.735,100,2021-07-14 18:07:00,YMAB
31.81,31.845,31.81,31.845,200,2021-07-14 18:10:00,YMAB
31.87,31.905,31.86,31.905,400,2021-07-14 18:16:00,YMAB
31.87,31.905,31.86,31.865,900,2021-07-14 18:17:00,YMAB
31.85,31.85,31.85,31.85,100,2021-07-14 18:19:00,YMAB
31.79,31.79,31.79,31.79,100,2021-07-14 18:22:00,YMAB
31.795,31.795,31.795,31.795,100,2021-07-14 18:24:00,YMAB
31.81,31.81,31.81,31.81,100,2021-07-14 18:26:00,YMAB
31.72,31.72,31.72,31.72,100,2021-07-14 18:30:00,YMAB
31.68,31.68,31.68,31.68,100,2021-07-14 18:32:00,YMAB
31.63,31.63,31.63,31.63,100,2021-07-14 18:34:00,YMAB
31.72,31.81,31.72,31.81,588,2021-07-14 18:36:00,YMAB
31.69,31.69,31.69,31.69,100,2021-07-14 18:41:00,YMAB
31.69,31.69,31.69,31.69,100,2021-07-14 18:42:00,YMAB
31.77,31.81,31.75,31.75,597,2021-07-14 18:46:00,YMAB
31.77,31.77,31.77,31.77,300,2021-07-14 18:48:00,YMAB
31.6,31.79,31.6,31.79,200,2021-07-14 18:53:00,YMAB
31.69,31.69,31.69,31.69,100,2021-07-14 18:54:00,YMAB
31.72,31.77,31.72,31.77,200,2021-07-14 18:58:00,YMAB
31.71,31.71,31.71,31.71,128,2021-07-14 19:04:00,YMAB
31.63,31.63,31.63,31.63,100,2021-07-14 19:08:00,YMAB
31.55,31.55,31.55,31.55,100,2021-07-14 19:11:00,YMAB
31.4,31.47,31.4,31.47,200,2021-07-14 19:15:00,YMAB
31.275,31.34,31.275,31.34,304,2021-07-14 19:20:00,YMAB
31.31,31.31,31.3,31.3,200,2021-07-14 19:22:00,YMAB
31.265,31.265,31.2,31.25,600,2021-07-14 19:26:00,YMAB
31.24,31.24,31.24,31.24,100,2021-07-14 19:27:00,YMAB
31.135,31.135,31.135,31.135,100,2021-07-14 19:28:00,YMAB
31.13,31.24,31.125,31.23,732,2021-07-14 19:30:00,YMAB
31.27,31.33,31.27,31.33,200,2021-07-14 19:31:00,YMAB
31.23,31.23,31.23,31.23,275,2021-07-14 19:33:00,YMAB
31.24,31.29,31.24,31.29,300,2021-07-14 19:34:00,YMAB
31.14,31.14,31.14,31.14,100,2021-07-14 19:37:00,YMAB
31.27,31.27,31.18,31.235,300,2021-07-14 19:38:00,YMAB
31.29,31.3,31.275,31.275,400,2021-07-14 19:40:00,YMAB
31.23,31.275,31.23,31.27,400,2021-07-14 19:41:00,YMAB
31.25,31.26,31.19,31.23,1200,2021-07-14 19:42:00,YMAB
31.16,31.16,31.16,31.16,200,2021-07-14 19:43:00,YMAB
31.135,31.135,31.135,31.135,100,2021-07-14 19:44:00,YMAB
31.12,31.12,31.12,31.12,100,2021-07-14 19:45:00,YMAB
31.13,31.135,31.13,31.135,200,2021-07-14 19:46:00,YMAB
31.1,31.14,31.1,31.14,200,2021-07-14 19:47:00,YMAB
31.14,31.14,31.14,31.14,300,2021-07-14 19:48:00,YMAB
31.14,31.14,31.14,31.14,200,2021-07-14 19:49:00,YMAB
31.09,31.14,31.01,31.065,1445,2021-07-14 19:50:00,YMAB
31.07,31.07,31.055,31.055,200,2021-07-14 19:51:00,YMAB
31.03,31.07,30.89,30.96,2937,2021-07-14 19:52:00,YMAB
30.96,30.96,30.96,30.96,400,2021-07-14 19:53:00,YMAB
30.9,30.96,30.6044,30.6044,2772,2021-07-14 19:54:00,YMAB
30.82,30.82,30.69,30.69,300,2021-07-14 19:55:00,YMAB
30.69,30.69,30.65,30.65,1779,2021-07-14 19:56:00,YMAB
30.56,30.68,30.56,30.64,1230,2021-07-14 19:57:00,YMAB
30.69,30.69,30.64,30.64,1173,2021-07-14 19:58:00,YMAB
30.64,30.79,30.64,30.75,5093,2021-07-14 19:59:00,YMAB
30.73,30.73,30.73,30.73,46431,2021-07-14 20:00:00,YMAB
30.73,30.73,30.73,30.73,166,2021-07-14 20:01:00,YMAB
30.49,30.97,30.49,30.9,1404,2021-07-15 13:30:00,YMAB
30.45,30.45,30.45,30.45,100,2021-07-15 13:38:00,YMAB
30.76,30.76,30.76,30.76,1000,2021-07-15 13:41:00,YMAB
30.45,30.45,30.45,30.45,100,2021-07-15 13:44:00,YMAB
30.445,30.445,30.445,30.445,100,2021-07-15 13:45:00,YMAB
30.455,30.455,30.455,30.455,100,2021-07-15 13:51:00,YMAB
30.465,30.465,30.465,30.465,200,2021-07-15 13:53:00,YMAB
30.7,30.7,30.7,30.7,100,2021-07-15 13:56:00,YMAB
30.71,30.89,30.7,30.89,400,2021-07-15 13:57:00,YMAB
30.95,30.95,30.95,30.95,100,2021-07-15 13:58:00,YMAB
30.87,30.99,30.86,30.99,1900,2021-07-15 13:59:00,YMAB
30.84,31.02,30.82,31.02,900,2021-07-15 14:00:00,YMAB
31.07,31.07,31.07,31.07,100,2021-07-15 14:01:00,YMAB
31.06,31.06,31.035,31.035,300,2021-07-15 14:03:00,YMAB
30.93,31.14,30.9,31.14,3713,2021-07-15 14:04:00,YMAB
31.06,31.07,31.06,31.07,300,2021-07-15 14:05:00,YMAB
31.12,31.54,31.12,31.49,1900,2021-07-15 14:06:00,YMAB
31.48,31.55,31.48,31.55,1700,2021-07-15 14:07:00,YMAB
31.4,31.4,31.31,31.31,300,2021-07-15 14:09:00,YMAB
31.21,31.25,31.15,31.15,1017,2021-07-15 14:15:00,YMAB
31.19,31.19,31.19,31.19,200,2021-07-15 14:16:00,YMAB
31.2,31.2,31.19,31.2,2482,2021-07-15 14:17:00,YMAB
31.32,31.32,31.28,31.28,200,2021-07-15 14:22:00,YMAB
31.15,31.15,31.15,31.15,100,2021-07-15 14:23:00,YMAB
31.39,31.39,31.39,31.39,200,2021-07-15 14:24:00,YMAB
31.37,31.37,31.37,31.37,100,2021-07-15 14:27:00,YMAB
31.38,31.38,31.38,31.38,100,2021-07-15 14:28:00,YMAB
31.115,31.115,31.115,31.115,100,2021-07-15 14:32:00,YMAB
31.12,31.21,31.08,31.2,1000,2021-07-15 14:34:00,YMAB
31.01,31.01,31.01,31.01,100,2021-07-15 14:35:00,YMAB
31.07,31.075,31.07,31.075,400,2021-07-15 14:38:00,YMAB
31.06,31.06,30.99,30.99,300,2021-07-15 14:39:00,YMAB
31.14,31.31,31.06,31.3,2000,2021-07-15 14:40:00,YMAB
31.31,31.31,31.31,31.31,100,2021-07-15 14:42:00,YMAB
31.08,31.15,31.07,31.075,500,2021-07-15 14:43:00,YMAB
31.13,31.13,31.13,31.13,100,2021-07-15 14:45:00,YMAB
31.07,31.07,31.01,31.055,600,2021-07-15 14:47:00,YMAB
31.06,31.06,31.05,31.05,300,2021-07-15 14:49:00,YMAB
31.05,31.05,31.05,31.05,100,2021-07-15 14:50:00,YMAB
31.05,31.05,31.05,31.05,100,2021-07-15 14:51:00,YMAB
31.13,31.13,31.1,31.13,400,2021-07-15 14:52:00,YMAB
31.25,31.25,31.15,31.15,300,2021-07-15 14:53:00,YMAB
31.25,31.25,31.25,31.25,100,2021-07-15 14:54:00,YMAB
31.07,31.07,31.07,31.07,100,2021-07-15 14:56:00,YMAB
31.25,31.25,31.25,31.25,100,2021-07-15 14:57:00,YMAB
31.07,31.24,31.06,31.24,700,2021-07-15 15:02:00,YMAB
31.06,31.24,31.06,31.23,500,2021-07-15 15:03:00,YMAB
31.23,31.23,31.21,31.21,400,2021-07-15 15:06:00,YMAB
31.195,31.195,31.195,31.195,300,2021-07-15 15:08:00,YMAB
31.18,31.18,31.18,31.18,100,2021-07-15 15:09:00,YMAB
31.14,31.16,31.14,31.14,800,2021-07-15 15:12:00,YMAB
31.11,31.11,31.11,31.11,100,2021-07-15 15:13:00,YMAB
30.91,30.91,30.91,30.91,100,2021-07-15 15:16:00,YMAB
30.89,30.89,30.89,30.89,100,2021-07-15 15:35:00,YMAB
31.02,31.07,30.97,30.99,588,2021-07-15 15:45:00,YMAB
30.99,30.99,30.98,30.98,200,2021-07-15 15:46:00,YMAB
30.96,30.96,30.96,30.96,300,2021-07-15 15:49:00,YMAB
31.04,31.04,31.04,31.04,200,2021-07-15 15:57:00,YMAB
31.07,31.07,31.07,31.07,200,2021-07-15 15:58:00,YMAB
31.12,31.12,31.12,31.12,331,2021-07-15 16:01:00,YMAB
31.01,31.01,31.01,31.01,200,2021-07-15 16:04:00,YMAB
31.08,31.09,31.08,31.09,200,2021-07-15 16:06:00,YMAB
31.045,31.14,31.045,31.14,200,2021-07-15 16:12:00,YMAB
31.14,31.14,31.14,31.14,100,2021-07-15 16:14:00,YMAB
31.195,31.195,31.195,31.195,200,2021-07-15 16:15:00,YMAB
31.08,31.08,31.03,31.03,200,2021-07-15 16:34:00,YMAB
31.12,31.2,31.12,31.2,300,2021-07-15 16:35:00,YMAB
31.12,31.12,31.12,31.12,100,2021-07-15 16:43:00,YMAB
31.16,31.19,31.16,31.19,316,2021-07-15 16:52:00,YMAB
31.19,31.19,31.19,31.19,185,2021-07-15 16:53:00,YMAB
31.24,31.25,31.14,31.14,806,2021-07-15 16:59:00,YMAB
31.19,31.19,31.19,31.19,500,2021-07-15 17:01:00,YMAB
31.12,31.12,31.12,31.12,100,2021-07-15 17:04:00,YMAB
31.125,31.125,31.125,31.125,700,2021-07-15 17:06:00,YMAB
31.15,31.15,31.15,31.15,300,2021-07-15 17:07:00,YMAB
31.19,31.19,31.115,31.115,1180,2021-07-15 17:08:00,YMAB
31.11,31.11,31.11,31.11,200,2021-07-15 17:12:00,YMAB
31.07,31.07,31.01,31.06,1000,2021-07-15 17:13:00,YMAB
31.11,31.11,31.11,31.11,300,2021-07-15 17:14:00,YMAB
31.11,31.11,31.11,31.11,100,2021-07-15 17:15:00,YMAB
31.06,31.06,31.06,31.06,100,2021-07-15 17:18:00,YMAB
31.09,31.09,31.09,31.09,100,2021-07-15 17:19:00,YMAB
31.0,31.03,31.0,31.01,1249,2021-07-15 17:20:00,YMAB
31.05,31.05,30.99,30.99,200,2021-07-15 17:22:00,YMAB
30.99,30.99,30.95,30.95,4000,2021-07-15 17:24:00,YMAB
30.985,30.985,30.985,30.985,100,2021-07-15 17:29:00,YMAB
30.95,30.95,30.9,30.9,500,2021-07-15 17:30:00,YMAB
30.85,30.85,30.85,30.85,100,2021-07-15 17:32:00,YMAB
30.78,30.78,30.78,30.78,100,2021-07-15 17:36:00,YMAB
30.79,30.82,30.79,30.82,300,2021-07-15 17:37:00,YMAB
30.72,30.72,30.62,30.62,200,2021-07-15 17:43:00,YMAB
30.47,30.59,30.47,30.59,200,2021-07-15 17:47:00,YMAB
30.47,30.48,30.47,30.48,300,2021-07-15 17:50:00,YMAB
30.495,30.495,30.495,30.495,747,2021-07-15 17:52:00,YMAB
30.37,30.37,30.36,30.37,300,2021-07-15 17:55:00,YMAB
30.37,30.37,30.37,30.37,300,2021-07-15 17:56:00,YMAB
30.45,30.45,30.45,30.45,100,2021-07-15 17:58:00,YMAB
30.4,30.41,30.4,30.41,229,2021-07-15 17:59:00,YMAB
30.46,30.46,30.46,30.46,100,2021-07-15 18:00:00,YMAB
30.61,30.61,30.56,30.56,300,2021-07-15 18:04:00,YMAB
30.54,30.54,30.54,30.54,100,2021-07-15 18:05:00,YMAB
30.66,30.66,30.62,30.62,200,2021-07-15 18:08:00,YMAB
30.85,30.85,30.705,30.835,2186,2021-07-15 18:22:00,YMAB
30.715,30.715,30.715,30.715,100,2021-07-15 18:24:00,YMAB
30.725,30.75,30.725,30.75,6000,2021-07-15 18:25:00,YMAB
30.85,30.87,30.83,30.87,300,2021-07-15 18:28:00,YMAB
30.83,30.83,30.83,30.83,200,2021-07-15 18:29:00,YMAB
30.85,30.85,30.78,30.78,900,2021-07-15 18:30:00,YMAB
30.79,30.79,30.79,30.79,100,2021-07-15 18:37:00,YMAB
30.7,30.7,30.63,30.63,1436,2021-07-15 18:38:00,YMAB
30.77,30.77,30.77,30.77,100,2021-07-15 18:39:00,YMAB
30.77,30.79,30.77,30.79,295,2021-07-15 18:42:00,YMAB
30.74,30.81,30.73,30.81,400,2021-07-15 18:45:00,YMAB
30.63,30.63,30.63,30.63,100,2021-07-15 18:49:00,YMAB
30.65,30.65,30.65,30.65,100,2021-07-15 18:54:00,YMAB
30.71,30.74,30.68,30.74,400,2021-07-15 18:55:00,YMAB
30.81,30.81,30.81,30.81,100,2021-07-15 18:58:00,YMAB
30.73,30.73,30.72,30.72,400,2021-07-15 19:08:00,YMAB
30.685,30.685,30.665,30.665,400,2021-07-15 19:12:00,YMAB
30.63,30.67,30.59,30.67,400,2021-07-15 19:13:00,YMAB
30.67,30.67,30.61,30.61,423,2021-07-15 19:15:00,YMAB
30.67,30.67,30.58,30.67,510,2021-07-15 19:16:00,YMAB
30.67,30.67,30.67,30.67,100,2021-07-15 19:17:00,YMAB
30.67,30.67,30.595,30.595,700,2021-07-15 19:18:00,YMAB
30.63,30.64,30.63,30.64,200,2021-07-15 19:20:00,YMAB
30.67,30.75,30.67,30.75,400,2021-07-15 19:21:00,YMAB
30.65,30.74,30.65,30.74,300,2021-07-15 19:23:00,YMAB
30.72,30.76,30.72,30.76,200,2021-07-15 19:25:00,YMAB
30.73,30.83,30.72,30.825,500,2021-07-15 19:27:00,YMAB
30.87,30.87,30.87,30.87,100,2021-07-15 19:28:00,YMAB
30.87,30.87,30.84,30.87,400,2021-07-15 19:30:00,YMAB
30.88,30.95,30.88,30.88,1100,2021-07-15 19:31:00,YMAB
30.87,30.95,30.82,30.82,532,2021-07-15 19:32:00,YMAB
30.79,30.79,30.79,30.79,100,2021-07-15 19:34:00,YMAB
30.87,30.87,30.87,30.87,100,2021-07-15 19:35:00,YMAB
30.935,31.04,30.935,31.02,871,2021-07-15 19:36:00,YMAB
30.86,30.93,30.85,30.85,400,2021-07-15 19:39:00,YMAB
30.975,30.975,30.975,30.975,100,2021-07-15 19:42:00,YMAB
30.97,31.01,30.97,31.01,200,2021-07-15 19:43:00,YMAB
30.94,30.99,30.94,30.975,655,2021-07-15 19:44:00,YMAB
31.1,31.1,31.09,31.09,600,2021-07-15 19:45:00,YMAB
31.12,31.12,31.095,31.095,400,2021-07-15 19:46:00,YMAB
31.1,31.1,31.06,31.09,1200,2021-07-15 19:47:00,YMAB
31.18,31.18,31.14,31.14,300,2021-07-15 19:48:00,YMAB
31.12,31.12,31.12,31.12,100,2021-07-15 19:49:00,YMAB
31.1,31.17,31.1,31.17,300,2021-07-15 19:50:00,YMAB
31.17,31.18,31.17,31.18,200,2021-07-15 19:51:00,YMAB
31.2,31.2,31.2,31.2,214,2021-07-15 19:52:00,YMAB
31.2,31.21,31.13,31.21,1644,2021-07-15 19:53:00,YMAB
31.21,31.22,31.165,31.21,1750,2021-07-15 19:54:00,YMAB
31.22,31.22,31.22,31.22,200,2021-07-15 19:55:00,YMAB
31.12,31.22,31.12,31.22,561,2021-07-15 19:56:00,YMAB
31.22,31.22,31.165,31.165,300,2021-07-15 19:58:00,YMAB
31.22,31.28,31.16,31.28,9305,2021-07-15 19:59:00,YMAB
31.17,31.17,31.17,31.17,36258,2021-07-15 20:00:00,YMAB
31.17,31.17,31.17,31.17,267,2021-07-15 20:01:00,YMAB
31.47,31.47,31.47,31.47,3353,2021-07-16 13:30:00,YMAB
31.48,31.48,31.47,31.47,200,2021-07-16 13:31:00,YMAB
31.47,31.47,31.47,31.47,700,2021-07-16 13:32:00,YMAB
31.27,31.27,31.25,31.25,900,2021-07-16 13:49:00,YMAB
31.28,31.4,31.28,31.4,677,2021-07-16 13:50:00,YMAB
31.38,31.38,31.38,31.38,100,2021-07-16 13:52:00,YMAB
31.39,31.39,31.39,31.39,400,2021-07-16 13:53:00,YMAB
31.63,31.63,31.63,31.63,700,2021-07-16 14:00:00,YMAB
31.69,31.69,31.69,31.69,100,2021-07-16 14:01:00,YMAB
31.69,31.69,31.69,31.69,900,2021-07-16 14:02:00,YMAB
31.54,31.81,31.48,31.55,1100,2021-07-16 14:15:00,YMAB
31.57,31.57,31.57,31.57,100,2021-07-16 14:16:00,YMAB
31.57,31.71,31.57,31.71,400,2021-07-16 14:21:00,YMAB
31.69,31.69,31.69,31.69,100,2021-07-16 14:31:00,YMAB
31.75,31.89,31.75,31.86,900,2021-07-16 14:36:00,YMAB
31.85,32.0,31.79,31.79,800,2021-07-16 14:37:00,YMAB
31.9,31.9,31.9,31.9,100,2021-07-16 14:49:00,YMAB
32.02,32.02,32.01,32.01,200,2021-07-16 14:53:00,YMAB
31.95,31.95,31.95,31.95,100,2021-07-16 14:57:00,YMAB
31.9,31.95,31.9,31.95,714,2021-07-16 15:03:00,YMAB
32.11,32.11,32.11,32.11,100,2021-07-16 15:04:00,YMAB
32.31,32.31,32.12,32.12,700,2021-07-16 15:05:00,YMAB
32.115,32.115,32.115,32.115,100,2021-07-16 15:06:00,YMAB
32.105,32.105,31.89,31.89,600,2021-07-16 15:08:00,YMAB
32.06,32.29,32.06,32.29,1100,2021-07-16 15:20:00,YMAB
32.36,32.36,32.36,32.36,100,2021-07-16 15:40:00,YMAB
32.38,32.68,32.38,32.48,1086,2021-07-16 15:44:00,YMAB
32.665,32.665,32.665,32.665,100,2021-07-16 15:46:00,YMAB
32.66,32.67,32.66,32.67,200,2021-07-16 15:49:00,YMAB
32.57,32.57,32.55,32.55,400,2021-07-16 15:51:00,YMAB
32.55,32.55,32.55,32.55,107,2021-07-16 15:52:00,YMAB
32.42,32.42,32.42,32.42,100,2021-07-16 15:53:00,YMAB
32.51,32.51,32.51,32.51,200,2021-07-16 15:54:00,YMAB
32.45,32.45,32.3,32.3,902,2021-07-16 16:08:00,YMAB
32.39,32.635,32.39,32.635,300,2021-07-16 16:10:00,YMAB
32.64,32.64,32.48,32.63,800,2021-07-16 16:22:00,YMAB
32.49,32.49,32.35,32.35,200,2021-07-16 16:24:00,YMAB
32.42,32.42,32.42,32.42,100,2021-07-16 16:25:00,YMAB
32.35,32.35,32.35,32.35,200,2021-07-16 16:27:00,YMAB
32.42,32.43,32.42,32.43,300,2021-07-16 16:29:00,YMAB
32.52,32.52,32.52,32.52,200,2021-07-16 16:31:00,YMAB
32.38,32.38,32.38,32.38,200,2021-07-16 16:48:00,YMAB
32.41,32.41,32.41,32.41,100,2021-07-16 16:55:00,YMAB
32.51,32.51,32.4,32.5,300,2021-07-16 17:01:00,YMAB
32.35,32.35,32.33,32.33,300,2021-07-16 17:02:00,YMAB
32.35,32.41,32.35,32.41,200,2021-07-16 17:05:00,YMAB
32.29,32.29,32.25,32.25,200,2021-07-16 17:09:00,YMAB
32.22,32.22,32.22,32.22,100,2021-07-16 17:10:00,YMAB
32.18,32.18,32.18,32.18,100,2021-07-16 17:11:00,YMAB
32.26,32.26,32.26,32.26,200,2021-07-16 17:13:00,YMAB
32.21,32.21,32.15,32.15,300,2021-07-16 17:18:00,YMAB
32.155,32.16,32.12,32.12,400,2021-07-16 17:19:00,YMAB
32.16,32.16,32.16,32.16,200,2021-07-16 17:22:00,YMAB
32.05,32.05,31.9,31.9,300,2021-07-16 17:37:00,YMAB
32.08,32.1,32.08,32.1,200,2021-07-16 17:48:00,YMAB
31.99,31.99,31.99,31.99,100,2021-07-16 17:56:00,YMAB
31.92,31.92,31.92,31.92,100,2021-07-16 18:00:00,YMAB
31.91,31.91,31.87,31.87,200,2021-07-16 18:01:00,YMAB
31.86,31.87,31.86,31.87,300,2021-07-16 18:04:00,YMAB
31.82,31.85,31.81,31.83,500,2021-07-16 18:12:00,YMAB
31.855,31.855,31.855,31.855,100,2021-07-16 18:13:00,YMAB
31.855,31.855,31.855,31.855,100,2021-07-16 18:14:00,YMAB
31.89,31.97,31.89,31.97,700,2021-07-16 18:15:00,YMAB
32.03,32.03,31.985,31.985,200,2021-07-16 18:16:00,YMAB
32.12,32.12,32.12,32.12,100,2021-07-16 18:17:00,YMAB
32.38,32.39,32.38,32.39,300,2021-07-16 18:23:00,YMAB
32.33,32.33,32.33,32.33,100,2021-07-16 18:25:00,YMAB
32.395,32.395,32.395,32.395,100,2021-07-16 18:28:00,YMAB
32.405,32.405,32.405,32.405,100,2021-07-16 18:30:00,YMAB
32.365,32.54,32.365,32.54,200,2021-07-16 18:33:00,YMAB
32.52,32.55,32.52,32.55,849,2021-07-16 18:35:00,YMAB
32.355,32.355,32.355,32.355,100,2021-07-16 18:36:00,YMAB
32.5,32.5,32.5,32.5,100,2021-07-16 18:37:00,YMAB
32.5,32.5,32.5,32.5,100,2021-07-16 18:40:00,YMAB
32.51,32.51,32.51,32.51,200,2021-07-16 18:42:00,YMAB
32.48,32.48,32.48,32.48,200,2021-07-16 18:44:00,YMAB
32.49,32.51,32.37,32.51,300,2021-07-16 18:45:00,YMAB
32.28,32.3,32.245,32.3,394,2021-07-16 18:47:00,YMAB
32.12,32.12,32.12,32.12,100,2021-07-16 18:51:00,YMAB
32.12,32.12,32.12,32.12,100,2021-07-16 18:55:00,YMAB
31.945,31.945,31.945,31.945,100,2021-07-16 19:10:00,YMAB
31.93,31.93,31.93,31.93,100,2021-07-16 19:14:00,YMAB
31.95,31.99,31.95,31.99,200,2021-07-16 19:20:00,YMAB
31.93,31.95,31.93,31.95,200,2021-07-16 19:24:00,YMAB
31.94,31.94,31.94,31.94,100,2021-07-16 19:25:00,YMAB
31.89,31.89,31.89,31.89,200,2021-07-16 19:26:00,YMAB
31.86,31.86,31.86,31.86,100,2021-07-16 19:27:00,YMAB
31.83,31.87,31.79,31.79,500,2021-07-16 19:28:00,YMAB
31.77,31.77,31.71,31.71,200,2021-07-16 19:29:00,YMAB
31.77,31.77,31.77,31.77,100,2021-07-16 19:32:00,YMAB
31.8,31.8,31.8,31.8,100,2021-07-16 19:36:00,YMAB
31.74,31.74,31.74,31.74,400,2021-07-16 19:37:00,YMAB
31.69,31.69,31.69,31.69,100,2021-07-16 19:40:00,YMAB
31.7,31.7,31.665,31.665,400,2021-07-16 19:43:00,YMAB
31.66,31.67,31.66,31.67,200,2021-07-16 19:44:00,YMAB
31.63,31.63,31.63,31.63,424,2021-07-16 19:45:00,YMAB
31.58,31.58,31.58,31.58,100,2021-07-16 19:49:00,YMAB
31.62,31.67,31.62,31.67,300,2021-07-16 19:50:00,YMAB
31.67,31.67,31.67,31.67,100,2021-07-16 19:53:00,YMAB
31.59,31.59,31.59,31.59,200,2021-07-16 19:54:00,YMAB
31.59,31.69,31.59,31.69,300,2021-07-16 19:57:00,YMAB
31.705,31.79,31.61,31.73,2109,2021-07-16 19:59:00,YMAB
31.66,31.66,31.66,31.66,20441,2021-07-16 20:00:00,YMAB
31.66,31.66,31.66,31.66,2555,2021-07-16 20:01:00,YMAB
31.66,31.66,31.66,31.66,617,2021-07-16 20:02:00,YMAB
31.1,31.1,30.97,30.97,1235,2021-07-19 13:30:00,YMAB
30.975,30.99,30.975,30.99,200,2021-07-19 13:33:00,YMAB
30.875,30.875,30.875,30.875,250,2021-07-19 13:42:00,YMAB
31.1,31.1,31.04,31.04,200,2021-07-19 13:43:00,YMAB
31.165,31.165,31.165,31.165,100,2021-07-19 13:46:00,YMAB
31.16,31.16,30.94,31.05,884,2021-07-19 13:55:00,YMAB
31.25,31.25,31.218,31.218,250,2021-07-19 13:59:00,YMAB
31.055,31.055,31.05,31.05,330,2021-07-19 14:01:00,YMAB
31.29,31.29,31.29,31.29,100,2021-07-19 14:05:00,YMAB
31.25,31.25,31.25,31.25,100,2021-07-19 14:11:00,YMAB
31.025,31.025,31.025,31.025,100,2021-07-19 14:16:00,YMAB
31.03,31.03,31.03,31.03,100,2021-07-19 14:17:00,YMAB
31.09,31.09,31.09,31.09,249,2021-07-19 14:21:00,YMAB
31.125,31.125,31.125,31.125,199,2021-07-19 14:23:00,YMAB
31.12,31.125,31.12,31.125,200,2021-07-19 14:24:00,YMAB
31.115,31.115,31.115,31.115,179,2021-07-19 14:25:00,YMAB
31.115,31.115,31.115,31.115,200,2021-07-19 14:29:00,YMAB
31.115,31.115,31.115,31.115,100,2021-07-19 14:35:00,YMAB
31.25,31.25,31.25,31.25,100,2021-07-19 14:36:00,YMAB
30.95,30.95,30.95,30.95,200,2021-07-19 14:37:00,YMAB
31.28,31.28,31.12,31.27,400,2021-07-19 14:40:00,YMAB
31.39,31.43,31.35,31.35,455,2021-07-19 14:41:00,YMAB
31.44,31.55,31.44,31.55,400,2021-07-19 14:42:00,YMAB
31.475,31.475,31.475,31.475,100,2021-07-19 14:43:00,YMAB
31.45,31.45,31.41,31.41,1400,2021-07-19 14:44:00,YMAB
31.455,31.455,31.32,31.32,400,2021-07-19 14:45:00,YMAB
31.3,31.3,31.205,31.205,400,2021-07-19 14:53:00,YMAB
31.12,31.15,31.11,31.11,509,2021-07-19 14:55:00,YMAB
31.08,31.08,31.08,31.08,100,2021-07-19 14:57:00,YMAB
31.0,31.12,31.0,31.04,400,2021-07-19 14:59:00,YMAB
31.19,31.19,31.17,31.17,200,2021-07-19 15:00:00,YMAB
31.14,31.14,31.14,31.14,100,2021-07-19 15:05:00,YMAB
31.295,31.295,31.295,31.295,100,2021-07-19 15:08:00,YMAB
31.41,31.41,31.41,31.41,200,2021-07-19 15:10:00,YMAB
31.295,31.55,31.295,31.53,400,2021-07-19 15:11:00,YMAB
31.42,31.42,31.42,31.42,100,2021-07-19 15:12:00,YMAB
31.4,31.4,31.39,31.39,500,2021-07-19 15:14:00,YMAB
31.45,31.45,31.45,31.45,100,2021-07-19 15:24:00,YMAB
31.32,31.32,31.3,31.3,200,2021-07-19 15:25:00,YMAB
31.32,31.32,31.18,31.18,300,2021-07-19 15:26:00,YMAB
31.2,31.2,31.2,31.2,200,2021-07-19 15:27:00,YMAB
31.39,31.39,31.2,31.2,300,2021-07-19 15:28:00,YMAB
31.24,31.24,31.22,31.22,600,2021-07-19 15:35:00,YMAB
31.22,31.22,31.21,31.21,200,2021-07-19 15:36:00,YMAB
31.385,31.385,31.385,31.385,100,2021-07-19 15:38:00,YMAB
31.245,31.245,31.245,31.245,100,2021-07-19 15:40:00,YMAB
31.43,31.43,31.43,31.43,100,2021-07-19 15:41:00,YMAB
31.58,31.58,31.45,31.53,400,2021-07-19 15:43:00,YMAB
31.5,31.5,31.45,31.45,300,2021-07-19 15:44:00,YMAB
31.64,31.64,31.57,31.57,300,2021-07-19 15:48:00,YMAB
31.57,31.61,31.53,31.53,500,2021-07-19 15:49:00,YMAB
31.53,31.535,31.505,31.535,304,2021-07-19 15:50:00,YMAB
31.625,31.625,31.625,31.625,300,2021-07-19 15:52:00,YMAB
31.875,31.875,31.7,31.7,1516,2021-07-19 15:56:00,YMAB
31.75,31.755,31.75,31.755,400,2021-07-19 15:57:00,YMAB
31.755,31.755,31.755,31.755,200,2021-07-19 15:58:00,YMAB
31.495,31.495,31.495,31.495,100,2021-07-19 16:00:00,YMAB
31.59,31.73,31.59,31.73,200,2021-07-19 16:01:00,YMAB
31.6816,31.6816,31.6816,31.6816,600,2021-07-19 16:02:00,YMAB
31.56,31.56,31.56,31.56,204,2021-07-19 16:03:00,YMAB
31.51,31.595,31.51,31.51,300,2021-07-19 16:04:00,YMAB
31.62,31.62,31.62,31.62,800,2021-07-19 16:06:00,YMAB
31.6,31.6,31.6,31.6,100,2021-07-19 16:10:00,YMAB
31.55,31.55,31.55,31.55,100,2021-07-19 16:11:00,YMAB
31.61,31.61,31.5,31.5,200,2021-07-19 16:15:00,YMAB
31.72,31.72,31.72,31.72,100,2021-07-19 16:19:00,YMAB
31.51,31.64,31.51,31.64,200,2021-07-19 16:21:00,YMAB
31.675,31.675,31.57,31.58,1708,2021-07-19 16:30:00,YMAB
31.64,31.64,31.575,31.575,400,2021-07-19 16:35:00,YMAB
31.57,31.57,31.57,31.57,126,2021-07-19 16:41:00,YMAB
31.61,31.64,31.61,31.62,600,2021-07-19 16:42:00,YMAB
31.62,31.62,31.62,31.62,100,2021-07-19 16:45:00,YMAB
31.64,31.64,31.64,31.64,100,2021-07-19 16:47:00,YMAB
31.5,31.51,31.47,31.47,800,2021-07-19 16:50:00,YMAB
31.44,31.44,31.44,31.44,300,2021-07-19 16:51:00,YMAB
31.46,31.46,31.4,31.4,200,2021-07-19 16:54:00,YMAB
31.4,31.4,31.32,31.32,200,2021-07-19 16:55:00,YMAB
31.4,31.4,31.4,31.4,100,2021-07-19 16:57:00,YMAB
31.36,31.38,31.36,31.38,300,2021-07-19 16:59:00,YMAB
31.46,31.46,31.4,31.4,200,2021-07-19 17:00:00,YMAB
31.4,31.4,31.36,31.36,300,2021-07-19 17:03:00,YMAB
31.36,31.36,31.36,31.36,100,2021-07-19 17:10:00,YMAB
31.37,31.37,31.37,31.37,100,2021-07-19 17:11:00,YMAB
31.4,31.4,31.4,31.4,100,2021-07-19 17:14:00,YMAB
31.42,31.43,31.42,31.43,400,2021-07-19 17:16:00,YMAB
31.57,31.57,31.57,31.57,100,2021-07-19 17:17:00,YMAB
31.42,31.42,31.42,31.42,100,2021-07-19 17:19:00,YMAB
31.43,31.43,31.43,31.43,100,2021-07-19 17:23:00,YMAB
31.43,31.475,31.3,31.3,700,2021-07-19 17:27:00,YMAB
31.49,31.49,31.49,31.49,100,2021-07-19 17:31:00,YMAB
31.42,31.42,31.42,31.42,100,2021-07-19 17:33:00,YMAB
31.48,31.48,31.48,31.48,100,2021-07-19 17:34:00,YMAB
31.4,31.4,31.4,31.4,100,2021-07-19 17:37:00,YMAB
31.31,31.33,31.31,31.33,200,2021-07-19 17:39:00,YMAB
31.34,31.41,31.34,31.41,200,2021-07-19 17:40:00,YMAB
31.35,31.35,31.35,31.35,203,2021-07-19 17:45:00,YMAB
31.455,31.52,31.455,31.52,200,2021-07-19 17:46:00,YMAB
31.42,31.42,31.42,31.42,100,2021-07-19 17:47:00,YMAB
31.39,31.52,31.39,31.52,200,2021-07-19 17:49:00,YMAB
31.37,31.37,31.37,31.37,100,2021-07-19 17:51:00,YMAB
31.295,31.295,31.295,31.295,100,2021-07-19 17:56:00,YMAB
31.34,31.34,31.34,31.34,100,2021-07-19 17:59:00,YMAB
31.37,31.44,31.33,31.44,500,2021-07-19 18:01:00,YMAB
31.44,31.48,31.44,31.48,400,2021-07-19 18:02:00,YMAB
31.44,31.47,31.39,31.44,1498,2021-07-19 18:06:00,YMAB
31.34,31.34,31.34,31.34,166,2021-07-19 18:07:00,YMAB
31.19,31.22,31.19,31.22,300,2021-07-19 18:09:00,YMAB
31.225,31.225,31.225,31.225,200,2021-07-19 18:10:00,YMAB
31.24,31.24,31.24,31.24,100,2021-07-19 18:11:00,YMAB
31.29,31.29,31.29,31.29,104,2021-07-19 18:12:00,YMAB
31.29,31.3,31.23,31.235,12077,2021-07-19 18:14:00,YMAB
31.29,31.3,31.26,31.265,13608,2021-07-19 18:15:00,YMAB
31.3,31.3,31.25,31.25,268,2021-07-19 18:16:00,YMAB
31.275,31.275,31.25,31.25,300,2021-07-19 18:17:00,YMAB
31.3,31.3,31.3,31.3,100,2021-07-19 18:19:00,YMAB
31.24,31.24,31.24,31.24,100,2021-07-19 18:20:00,YMAB
31.24,31.24,31.24,31.24,300,2021-07-19 18:21:00,YMAB
31.29,31.3,31.29,31.3,4072,2021-07-19 18:23:00,YMAB
31.395,31.395,31.395,31.395,100,2021-07-19 18:25:00,YMAB
31.395,31.395,31.395,31.395,100,2021-07-19 18:26:00,YMAB
31.31,31.31,31.3,31.3,1000,2021-07-19 18:27:00,YMAB
31.325,31.325,31.27,31.27,300,2021-07-19 18:31:00,YMAB
31.27,31.27,31.27,31.27,100,2021-07-19 18:32:00,YMAB
31.21,31.21,31.21,31.21,200,2021-07-19 18:34:00,YMAB
31.21,31.21,31.03,31.03,700,2021-07-19 18:37:00,YMAB
31.07,31.07,31.07,31.07,100,2021-07-19 18:39:00,YMAB
31.12,31.12,31.12,31.12,100,2021-07-19 18:43:00,YMAB
31.09,31.15,31.09,31.15,200,2021-07-19 18:47:00,YMAB
31.1,31.1,31.1,31.1,100,2021-07-19 18:48:00,YMAB
31.05,31.05,30.965,30.965,200,2021-07-19 18:52:00,YMAB
30.965,30.965,30.91,30.91,600,2021-07-19 18:53:00,YMAB
30.985,30.985,30.985,30.985,100,2021-07-19 18:55:00,YMAB
31.0,31.0,31.0,31.0,100,2021-07-19 18:56:00,YMAB
31.01,31.01,31.01,31.01,100,2021-07-19 18:58:00,YMAB
30.95,30.95,30.95,30.95,100,2021-07-19 18:59:00,YMAB
30.99,30.99,30.99,30.99,100,2021-07-19 19:00:00,YMAB
30.92,30.92,30.92,30.92,100,2021-07-19 19:01:00,YMAB
31.01,31.11,31.01,31.1,600,2021-07-19 19:04:00,YMAB
31.09,31.1,31.09,31.1,600,2021-07-19 19:05:00,YMAB
31.16,31.16,31.16,31.16,100,2021-07-19 19:07:00,YMAB
31.195,31.28,31.195,31.28,310,2021-07-19 19:08:00,YMAB
31.45,31.45,31.45,31.45,739,2021-07-19 19:11:00,YMAB
31.46,31.46,31.46,31.46,100,2021-07-19 19:12:00,YMAB
31.44,31.44,31.29,31.29,500,2021-07-19 19:13:00,YMAB
31.04,31.105,30.86,30.97,7091,2021-07-19 19:17:00,YMAB
30.94,30.97,30.94,30.97,200,2021-07-19 19:20:00,YMAB
31.08,31.08,31.08,31.08,100,2021-07-19 19:21:00,YMAB
30.97,30.97,30.97,30.97,100,2021-07-19 19:28:00,YMAB
31.06,31.07,31.06,31.07,300,2021-07-19 19:30:00,YMAB
31.085,31.085,31.085,31.085,200,2021-07-19 19:31:00,YMAB
31.19,31.19,31.19,31.19,100,2021-07-19 19:32:00,YMAB
31.095,31.095,31.095,31.095,100,2021-07-19 19:34:00,YMAB
31.105,31.115,31.105,31.115,235,2021-07-19 19:36:00,YMAB
31.19,31.19,31.16,31.16,200,2021-07-19 19:39:00,YMAB
31.23,31.41,31.23,31.41,300,2021-07-19 19:40:00,YMAB
31.21,31.21,31.21,31.21,100,2021-07-19 19:43:00,YMAB
31.2,31.2,31.2,31.2,180,2021-07-19 19:44:00,YMAB
31.15,31.15,31.15,31.15,100,2021-07-19 19:45:00,YMAB
31.155,31.17,31.12,31.12,400,2021-07-19 19:46:00,YMAB
31.1,31.1,31.1,31.1,200,2021-07-19 19:48:00,YMAB
31.12,31.12,31.12,31.12,200,2021-07-19 19:50:00,YMAB
31.105,31.13,31.07,31.13,509,2021-07-19 19:51:00,YMAB
31.09,31.09,31.09,31.09,100,2021-07-19 19:52:00,YMAB
31.04,31.06,30.965,30.965,504,2021-07-19 19:53:00,YMAB
30.99,31.03,30.93,30.95,1100,2021-07-19 19:54:00,YMAB
31.03,31.05,31.015,31.015,410,2021-07-19 19:55:00,YMAB
31.015,31.015,30.92,30.92,300,2021-07-19 19:56:00,YMAB
31.03,31.11,30.97,31.1,400,2021-07-19 19:57:00,YMAB
31.1,31.1,30.95,31.1,954,2021-07-19 19:58:00,YMAB
31.09,31.23,31.07,31.15,4238,2021-07-19 19:59:00,YMAB
31.15,31.15,31.15,31.15,20778,2021-07-19 20:00:00,YMAB
31.19,31.23,31.19,31.23,962,2021-07-20 13:30:00,YMAB
31.285,31.285,31.285,31.285,100,2021-07-20 13:38:00,YMAB
31.56,31.56,31.56,31.56,100,2021-07-20 13:40:00,YMAB
31.43,31.43,31.43,31.43,100,2021-07-20 13:42:00,YMAB
31.47,31.47,31.38,31.39,300,2021-07-20 13:52:00,YMAB
31.79,31.79,31.79,31.79,100,2021-07-20 13:59:00,YMAB
31.76,31.835,31.63,31.75,4235,2021-07-20 14:00:00,YMAB
31.78,32.075,31.56,31.56,6500,2021-07-20 14:01:00,YMAB
31.76,31.84,31.75,31.77,2700,2021-07-20 14:02:00,YMAB
31.8,31.8,31.68,31.75,818,2021-07-20 14:04:00,YMAB
31.615,31.615,31.615,31.615,100,2021-07-20 14:05:00,YMAB
31.61,31.61,31.61,31.61,100,2021-07-20 14:06:00,YMAB
31.69,31.93,31.67,31.82,4375,2021-07-20 14:07:00,YMAB
31.77,31.77,31.77,31.77,100,2021-07-20 14:10:00,YMAB
31.78,31.97,31.78,31.97,900,2021-07-20 14:11:00,YMAB
31.9,32.015,31.9,31.9,1500,2021-07-20 14:13:00,YMAB
32.1,32.2,32.09,32.2,1917,2021-07-20 14:16:00,YMAB
32.12,32.25,32.1,32.25,1193,2021-07-20 14:17:00,YMAB
32.4,32.4,32.4,32.4,100,2021-07-20 14:18:00,YMAB
32.29,32.37,32.29,32.29,300,2021-07-20 14:20:00,YMAB
32.36,32.43,32.29,32.41,6700,2021-07-20 14:21:00,YMAB
32.2,32.2,32.15,32.15,300,2021-07-20 14:22:00,YMAB
32.18,32.19,32.18,32.18,5346,2021-07-20 14:23:00,YMAB
32.23,32.49,32.23,32.49,1400,2021-07-20 14:24:00,YMAB
32.5,32.5,32.5,32.5,300,2021-07-20 14:25:00,YMAB
32.6,32.7,32.33,32.525,10114,2021-07-20 14:26:00,YMAB
32.495,32.55,32.31,32.55,5010,2021-07-20 14:27:00,YMAB
32.6,32.685,32.6,32.685,2079,2021-07-20 14:28:00,YMAB
32.62,32.84,32.6,32.84,2841,2021-07-20 14:29:00,YMAB
32.77,32.77,32.65,32.65,600,2021-07-20 14:30:00,YMAB
32.66,32.66,32.35,32.47,7000,2021-07-20 14:31:00,YMAB
32.435,32.435,32.435,32.435,100,2021-07-20 14:33:00,YMAB
32.42,32.42,32.42,32.42,100,2021-07-20 14:38:00,YMAB
32.43,32.43,32.43,32.43,100,2021-07-20 14:42:00,YMAB
32.57,32.64,32.57,32.57,2324,2021-07-20 14:43:00,YMAB
32.73,32.73,32.73,32.73,100,2021-07-20 14:44:00,YMAB
32.635,32.76,32.635,32.76,894,2021-07-20 14:45:00,YMAB
32.75,32.815,32.7,32.815,700,2021-07-20 14:46:00,YMAB
33.06,33.1,33.06,33.1,200,2021-07-20 14:47:00,YMAB
32.83,33.02,32.83,33.02,200,2021-07-20 14:53:00,YMAB
32.61,33.02,32.61,32.835,400,2021-07-20 14:55:00,YMAB
32.83,32.83,32.83,32.83,100,2021-07-20 14:57:00,YMAB
32.815,32.815,32.815,32.815,100,2021-07-20 14:58:00,YMAB
32.81,32.81,32.81,32.81,600,2021-07-20 15:00:00,YMAB
32.745,32.745,32.735,32.735,200,2021-07-20 15:02:00,YMAB
32.73,32.87,32.66,32.82,2220,2021-07-20 15:04:00,YMAB
32.84,32.84,32.84,32.84,200,2021-07-20 15:05:00,YMAB
32.71,32.74,32.71,32.74,236,2021-07-20 15:07:00,YMAB
32.67,32.67,32.67,32.67,100,2021-07-20 15:08:00,YMAB
32.755,32.755,32.755,32.755,200,2021-07-20 15:09:00,YMAB
32.72,32.72,32.72,32.72,100,2021-07-20 15:10:00,YMAB
32.65,32.66,32.65,32.66,200,2021-07-20 15:11:00,YMAB
32.78,32.8,32.68,32.785,700,2021-07-20 15:13:00,YMAB
32.785,32.785,32.785,32.785,300,2021-07-20 15:14:00,YMAB
32.68,32.725,32.68,32.71,500,2021-07-20 15:16:00,YMAB
32.77,32.8,32.73,32.78,600,2021-07-20 15:17:00,YMAB
32.795,32.82,32.795,32.82,408,2021-07-20 15:18:00,YMAB
32.825,32.825,32.825,32.825,100,2021-07-20 15:19:00,YMAB
32.89,32.9,32.76,32.76,1436,2021-07-20 15:20:00,YMAB
32.78,32.8,32.775,32.775,1400,2021-07-20 15:21:00,YMAB
32.76,32.76,32.69,32.69,1626,2021-07-20 15:22:00,YMAB
32.72,32.76,32.72,32.72,400,2021-07-20 15:23:00,YMAB
32.72,32.76,32.68,32.69,1209,2021-07-20 15:24:00,YMAB
32.695,32.695,32.68,32.68,200,2021-07-20 15:25:00,YMAB
32.695,32.695,32.695,32.695,300,2021-07-20 15:26:00,YMAB
32.64,32.695,32.64,32.695,400,2021-07-20 15:28:00,YMAB
32.555,32.555,32.555,32.555,100,2021-07-20 15:31:00,YMAB
32.53,32.53,32.53,32.53,100,2021-07-20 15:33:00,YMAB
32.53,32.55,32.53,32.55,500,2021-07-20 15:34:00,YMAB
32.525,32.525,32.525,32.525,100,2021-07-20 15:36:00,YMAB
32.6,32.635,32.56,32.56,1007,2021-07-20 15:38:00,YMAB
32.57,32.755,32.57,32.74,1200,2021-07-20 15:39:00,YMAB
32.74,32.755,32.65,32.755,2554,2021-07-20 15:40:00,YMAB
32.65,32.6925,32.64,32.655,400,2021-07-20 15:43:00,YMAB
32.63,32.64,32.63,32.64,200,2021-07-20 15:44:00,YMAB
32.655,32.655,32.655,32.655,100,2021-07-20 15:45:00,YMAB
32.7,32.7,32.7,32.7,500,2021-07-20 15:47:00,YMAB
32.75,32.765,32.68,32.765,2566,2021-07-20 15:50:00,YMAB
32.815,32.815,32.815,32.815,100,2021-07-20 15:51:00,YMAB
32.855,32.855,32.85,32.85,236,2021-07-20 15:53:00,YMAB
32.85,32.85,32.85,32.85,100,2021-07-20 15:54:00,YMAB
32.85,32.86,32.85,32.86,200,2021-07-20 15:55:00,YMAB
32.825,32.825,32.825,32.825,100,2021-07-20 15:56:00,YMAB
32.825,32.825,32.825,32.825,100,2021-07-20 15:58:00,YMAB
32.7,32.72,32.67,32.67,419,2021-07-20 15:59:00,YMAB
32.72,32.72,32.72,32.72,100,2021-07-20 16:01:00,YMAB
32.62,32.64,32.6,32.62,1200,2021-07-20 16:02:00,YMAB
32.61,32.61,32.61,32.61,300,2021-07-20 16:03:00,YMAB
32.69,32.8,32.69,32.8,1500,2021-07-20 16:04:00,YMAB
32.715,32.715,32.715,32.715,100,2021-07-20 16:12:00,YMAB
32.73,32.73,32.73,32.73,200,2021-07-20 16:16:00,YMAB
32.73,32.73,32.73,32.73,220,2021-07-20 16:18:00,YMAB
32.715,32.715,32.715,32.715,100,2021-07-20 16:20:00,YMAB
32.67,32.67,32.6,32.6,1598,2021-07-20 16:22:00,YMAB
32.625,32.625,32.625,32.625,100,2021-07-20 16:23:00,YMAB
32.64,32.64,32.615,32.615,300,2021-07-20 16:25:00,YMAB
32.67,32.67,32.6,32.64,400,2021-07-20 16:26:00,YMAB
32.65,32.65,32.65,32.65,100,2021-07-20 16:27:00,YMAB
32.65,32.65,32.65,32.65,100,2021-07-20 16:28:00,YMAB
32.55,32.66,32.55,32.66,1200,2021-07-20 16:30:00,YMAB
32.72,32.72,32.63,32.63,200,2021-07-20 16:40:00,YMAB
32.63,32.63,32.63,32.63,100,2021-07-20 16:41:00,YMAB
32.51,32.615,32.51,32.615,300,2021-07-20 16:42:00,YMAB
32.71,32.71,32.71,32.71,100,2021-07-20 16:43:00,YMAB
32.615,32.615,32.615,32.615,100,2021-07-20 16:44:00,YMAB
32.71,32.75,32.64,32.64,2400,2021-07-20 16:48:00,YMAB
32.705,32.705,32.705,32.705,100,2021-07-20 16:50:00,YMAB
32.7,32.76,32.7,32.76,200,2021-07-20 16:53:00,YMAB
32.705,32.705,32.705,32.705,100,2021-07-20 16:55:00,YMAB
32.76,32.76,32.76,32.76,100,2021-07-20 16:58:00,YMAB
32.62,32.665,32.62,32.665,500,2021-07-20 17:00:00,YMAB
32.58,32.58,32.58,32.58,100,2021-07-20 17:03:00,YMAB
32.58,32.58,32.58,32.58,100,2021-07-20 17:04:00,YMAB
32.47,32.47,32.47,32.47,100,2021-07-20 17:05:00,YMAB
32.48,32.48,32.48,32.48,100,2021-07-20 17:06:00,YMAB
32.36,32.36,32.36,32.36,100,2021-07-20 17:07:00,YMAB
32.3,32.3,32.3,32.3,200,2021-07-20 17:08:00,YMAB
32.16,32.5,32.16,32.48,3196,2021-07-20 17:10:00,YMAB
32.55,32.61,32.55,32.555,800,2021-07-20 17:11:00,YMAB
32.55,32.55,32.425,32.44,800,2021-07-20 17:12:00,YMAB
32.4,32.4,32.32,32.32,2317,2021-07-20 17:13:00,YMAB
32.37,32.37,32.34,32.35,863,2021-07-20 17:14:00,YMAB
32.54,32.54,32.54,32.54,100,2021-07-20 17:27:00,YMAB
32.54,32.54,32.54,32.54,100,2021-07-20 17:29:00,YMAB
32.48,32.48,32.48,32.48,100,2021-07-20 17:32:00,YMAB
32.5,32.5,32.405,32.405,200,2021-07-20 17:35:00,YMAB
32.53,32.53,32.53,32.53,100,2021-07-20 17:38:00,YMAB
32.52,32.52,32.52,32.52,100,2021-07-20 17:40:00,YMAB
32.54,32.62,32.54,32.6,300,2021-07-20 17:42:00,YMAB
32.69,32.69,32.69,32.69,100,2021-07-20 17:44:00,YMAB
32.52,32.52,32.52,32.52,100,2021-07-20 17:45:00,YMAB
32.595,32.69,32.52,32.52,300,2021-07-20 17:46:00,YMAB
32.5,32.5,32.46,32.46,218,2021-07-20 17:47:00,YMAB
32.67,32.67,32.67,32.67,100,2021-07-20 17:50:00,YMAB
32.67,32.67,32.67,32.67,100,2021-07-20 17:52:00,YMAB
32.68,32.68,32.68,32.68,100,2021-07-20 17:54:00,YMAB
32.68,32.68,32.68,32.68,100,2021-07-20 17:56:00,YMAB
32.67,32.67,32.67,32.67,100,2021-07-20 17:57:00,YMAB
32.51,32.51,32.51,32.51,100,2021-07-20 17:58:00,YMAB
32.565,32.565,32.565,32.565,100,2021-07-20 17:59:00,YMAB
32.66,32.66,32.66,32.66,100,2021-07-20 18:01:00,YMAB
32.68,32.68,32.6,32.6075,377,2021-07-20 18:04:00,YMAB
32.67,32.68,32.67,32.68,500,2021-07-20 18:08:00,YMAB
32.85,32.85,32.85,32.85,100,2021-07-20 18:11:00,YMAB
32.85,32.85,32.85,32.85,100,2021-07-20 18:13:00,YMAB
32.77,32.77,32.77,32.77,300,2021-07-20 18:15:00,YMAB
32.82,32.91,32.82,32.91,200,2021-07-20 18:16:00,YMAB
32.78,32.78,32.76,32.78,380,2021-07-20 18:17:00,YMAB
32.66,32.75,32.66,32.75,300,2021-07-20 18:22:00,YMAB
32.69,32.75,32.69,32.75,400,2021-07-20 18:23:00,YMAB
32.75,32.75,32.75,32.75,100,2021-07-20 18:24:00,YMAB
32.91,32.91,32.91,32.91,100,2021-07-20 18:29:00,YMAB
32.95,32.95,32.95,32.95,100,2021-07-20 18:30:00,YMAB
32.85,32.9,32.85,32.9,200,2021-07-20 18:31:00,YMAB
32.91,32.91,32.91,32.91,100,2021-07-20 18:32:00,YMAB
32.97,32.97,32.97,32.97,100,2021-07-20 18:35:00,YMAB
32.98,32.98,32.98,32.98,100,2021-07-20 18:37:00,YMAB
32.91,32.91,32.91,32.91,100,2021-07-20 18:38:00,YMAB
32.95,32.95,32.95,32.95,100,2021-07-20 18:41:00,YMAB
32.82,32.83,32.82,32.83,800,2021-07-20 18:42:00,YMAB
32.845,32.845,32.845,32.845,100,2021-07-20 18:43:00,YMAB
32.96,32.96,32.96,32.96,100,2021-07-20 18:48:00,YMAB
32.95,32.95,32.95,32.95,100,2021-07-20 18:50:00,YMAB
32.95,32.95,32.95,32.95,100,2021-07-20 18:51:00,YMAB
32.75,32.75,32.75,32.75,2000,2021-07-20 18:52:00,YMAB
32.835,32.87,32.46,32.46,9415,2021-07-20 18:53:00,YMAB
32.72,32.73,32.72,32.73,300,2021-07-20 18:54:00,YMAB
32.55,32.55,32.55,32.55,100,2021-07-20 18:58:00,YMAB
32.73,32.73,32.73,32.73,100,2021-07-20 18:59:00,YMAB
32.6039,32.62,32.6039,32.62,275,2021-07-20 19:03:00,YMAB
32.6,32.68,32.5,32.5,600,2021-07-20 19:09:00,YMAB
32.5,32.51,32.45,32.45,1000,2021-07-20 19:11:00,YMAB
32.49,32.49,32.49,32.49,100,2021-07-20 19:16:00,YMAB
32.49,32.49,32.39,32.39,200,2021-07-20 19:18:00,YMAB
32.38,32.38,32.38,32.38,200,2021-07-20 19:19:00,YMAB
32.44,32.44,32.44,32.44,100,2021-07-20 19:20:00,YMAB
32.44,32.44,32.44,32.44,100,2021-07-20 19:21:00,YMAB
32.44,32.44,32.38,32.38,200,2021-07-20 19:22:00,YMAB
32.46,32.46,32.46,32.46,200,2021-07-20 19:25:00,YMAB
32.5,32.5,32.5,32.5,100,2021-07-20 19:27:00,YMAB
32.5,32.57,32.5,32.57,200,2021-07-20 19:30:00,YMAB
32.58,32.58,32.52,32.52,200,2021-07-20 19:31:00,YMAB
32.52,32.52,32.52,32.52,201,2021-07-20 19:32:00,YMAB
32.59,32.62,32.59,32.62,200,2021-07-20 19:36:00,YMAB
32.565,32.565,32.53,32.53,500,2021-07-20 19:37:00,YMAB
32.56,32.56,32.56,32.56,100,2021-07-20 19:38:00,YMAB
32.575,32.575,32.575,32.575,100,2021-07-20 19:39:00,YMAB
32.48,32.62,32.48,32.62,200,2021-07-20 19:40:00,YMAB
32.64,32.64,32.64,32.64,100,2021-07-20 19:41:00,YMAB
32.55,32.59,32.54,32.54,676,2021-07-20 19:42:00,YMAB
32.61,32.61,32.61,32.61,100,2021-07-20 19:43:00,YMAB
32.67,32.68,32.67,32.68,200,2021-07-20 19:44:00,YMAB
32.65,32.66,32.585,32.585,300,2021-07-20 19:45:00,YMAB
32.585,32.585,32.585,32.585,100,2021-07-20 19:46:00,YMAB
32.64,32.64,32.58,32.62,400,2021-07-20 19:48:00,YMAB
32.62,32.62,32.6,32.6,200,2021-07-20 19:49:00,YMAB
32.57,32.77,32.55,32.73,7137,2021-07-20 19:50:00,YMAB
32.71,32.71,32.53,32.53,1200,2021-07-20 19:51:00,YMAB
32.5,32.86,32.5,32.85,2754,2021-07-20 19:53:00,YMAB
32.88,32.96,32.77,32.96,1900,2021-07-20 19:54:00,YMAB
32.96,32.99,32.85,32.855,1510,2021-07-20 19:55:00,YMAB
32.85,32.97,32.85,32.9,436,2021-07-20 19:56:00,YMAB
32.915,32.915,32.71,32.82,811,2021-07-20 19:57:00,YMAB
32.78,32.82,32.7,32.81,981,2021-07-20 19:58:00,YMAB
32.7,32.73,32.63,32.7,2652,2021-07-20 19:59:00,YMAB
32.74,32.74,32.74,32.74,72183,2021-07-20 20:00:00,YMAB
32.74,32.74,32.74,32.74,10038,2021-07-20 20:01:00,YMAB
33.22,33.22,32.86,33.12,1945,2021-07-21 13:30:00,YMAB
32.815,32.815,32.815,32.815,187,2021-07-21 13:32:00,YMAB
32.74,33.56,32.74,33.345,813,2021-07-21 13:33:00,YMAB
32.94,32.94,32.94,32.94,100,2021-07-21 13:34:00,YMAB
32.8,32.8,32.36,32.375,2400,2021-07-21 13:35:00,YMAB
32.56,32.56,32.56,32.56,100,2021-07-21 13:36:00,YMAB
32.7,32.7,32.7,32.7,100,2021-07-21 13:37:00,YMAB
32.685,32.685,32.685,32.685,160,2021-07-21 13:38:00,YMAB
32.65,32.65,32.65,32.65,100,2021-07-21 13:42:00,YMAB
32.68,32.7,32.68,32.7,600,2021-07-21 13:51:00,YMAB
32.7,32.7,32.7,32.7,1200,2021-07-21 13:52:00,YMAB
32.82,32.82,32.82,32.82,100,2021-07-21 13:53:00,YMAB
32.8,32.8,32.8,32.8,100,2021-07-21 13:54:00,YMAB
32.98,33.025,32.92,33.025,1086,2021-07-21 13:55:00,YMAB
33.31,33.31,32.86,33.19,3610,2021-07-21 14:00:00,YMAB
32.79,32.79,32.79,32.79,100,2021-07-21 14:01:00,YMAB
33.16,33.16,33.16,33.16,200,2021-07-21 14:03:00,YMAB
33.44,33.5,33.44,33.5,700,2021-07-21 14:05:00,YMAB
33.42,33.42,33.42,33.42,100,2021-07-21 14:06:00,YMAB
33.41,33.45,33.39,33.45,600,2021-07-21 14:07:00,YMAB
33.665,33.665,33.665,33.665,300,2021-07-21 14:08:00,YMAB
33.35,33.495,33.35,33.42,102300,2021-07-21 14:11:00,YMAB
33.4,33.455,33.16,33.16,4100,2021-07-21 14:12:00,YMAB
33.07,33.32,33.04,33.32,1420,2021-07-21 14:14:00,YMAB
32.81,32.92,32.81,32.92,200,2021-07-21 14:15:00,YMAB
32.93,33.14,32.84,33.14,6569,2021-07-21 14:17:00,YMAB
33.02,33.31,33.0,33.295,4258,2021-07-21 14:18:00,YMAB
33.225,33.35,33.225,33.29,500,2021-07-21 14:19:00,YMAB
33.29,33.35,33.29,33.3475,4200,2021-07-21 14:20:00,YMAB
33.245,33.61,33.15,33.6,6598,2021-07-21 14:25:00,YMAB
33.47,33.68,33.47,33.68,1300,2021-07-21 14:26:00,YMAB
33.565,33.565,33.565,33.565,100,2021-07-21 14:28:00,YMAB
33.63,33.63,33.6,33.6,1074,2021-07-21 14:30:00,YMAB
33.535,33.535,33.39,33.39,300,2021-07-21 14:31:00,YMAB
33.54,33.54,33.54,33.54,100,2021-07-21 14:37:00,YMAB
33.54,33.54,33.54,33.54,100,2021-07-21 14:39:00,YMAB
33.435,33.435,33.435,33.435,250,2021-07-21 14:40:00,YMAB
33.55,33.55,33.55,33.55,100,2021-07-21 14:42:00,YMAB
33.435,33.53,33.3,33.425,5317,2021-07-21 14:44:00,YMAB
33.3625,33.3625,33.35,33.35,206,2021-07-21 14:45:00,YMAB
33.35,33.35,33.35,33.35,200,2021-07-21 14:46:00,YMAB
33.41,33.41,33.35,33.35,400,2021-07-21 14:47:00,YMAB
33.35,33.35,33.325,33.35,625,2021-07-21 14:48:00,YMAB
33.35,33.35,33.325,33.325,425,2021-07-21 14:49:00,YMAB
33.325,33.35,33.325,33.35,504,2021-07-21 14:50:00,YMAB
33.35,33.35,33.315,33.335,722,2021-07-21 14:51:00,YMAB
33.34,33.42,33.34,33.42,922,2021-07-21 14:52:00,YMAB
33.4,33.4,33.4,33.4,300,2021-07-21 14:55:00,YMAB
33.49,33.5,33.49,33.5,549,2021-07-21 14:59:00,YMAB
33.58,33.58,33.58,33.58,100,2021-07-21 15:07:00,YMAB
33.51,33.64,33.51,33.63,1114,2021-07-21 15:08:00,YMAB
33.59,33.59,33.43,33.48,800,2021-07-21 15:22:00,YMAB
33.55,33.73,33.55,33.66,1672,2021-07-21 15:23:00,YMAB
33.81,33.87,33.64,33.64,900,2021-07-21 15:43:00,YMAB
33.99,34.17,33.88,33.88,1065,2021-07-21 15:44:00,YMAB
34.22,34.22,34.22,34.22,100,2021-07-21 15:45:00,YMAB
34.15,34.34,34.15,34.34,200,2021-07-21 15:47:00,YMAB
34.04,34.35,34.04,34.35,800,2021-07-21 15:49:00,YMAB
34.35,34.35,34.35,34.35,308,2021-07-21 15:50:00,YMAB
34.34,34.35,34.11,34.11,500,2021-07-21 15:51:00,YMAB
34.245,34.245,34.14,34.2,300,2021-07-21 15:54:00,YMAB
34.34,34.34,34.34,34.34,100,2021-07-21 15:55:00,YMAB
34.34,34.34,34.17,34.17,200,2021-07-21 15:56:00,YMAB
34.34,34.545,34.34,34.545,898,2021-07-21 16:04:00,YMAB
34.53,34.53,34.53,34.53,100,2021-07-21 16:13:00,YMAB
34.31,34.31,34.31,34.31,100,2021-07-21 16:17:00,YMAB
34.43,34.43,34.4,34.4,900,2021-07-21 16:18:00,YMAB
34.47,34.52,34.42,34.42,1000,2021-07-21 16:22:00,YMAB
34.39,34.39,34.39,34.39,300,2021-07-21 16:26:00,YMAB
34.39,34.49,34.39,34.49,500,2021-07-21 16:27:00,YMAB
34.485,34.485,34.485,34.485,100,2021-07-21 16:28:00,YMAB
34.42,34.42,34.42,34.42,100,2021-07-21 16:30:00,YMAB
34.49,34.55,34.49,34.55,800,2021-07-21 16:36:00,YMAB
34.595,34.6,34.595,34.6,200,2021-07-21 16:37:00,YMAB
34.57,34.57,34.57,34.57,100,2021-07-21 16:38:00,YMAB
34.54,34.55,34.44,34.55,700,2021-07-21 16:41:00,YMAB
34.57,34.57,34.57,34.57,100,2021-07-21 16:50:00,YMAB
34.605,34.605,34.605,34.605,100,2021-07-21 16:53:00,YMAB
34.62,34.62,34.57,34.57,400,2021-07-21 16:54:00,YMAB
34.565,34.595,34.565,34.595,500,2021-07-21 16:56:00,YMAB
34.53,34.61,34.52,34.61,300,2021-07-21 16:58:00,YMAB
34.61,34.67,34.61,34.67,500,2021-07-21 17:02:00,YMAB
34.67,34.67,34.67,34.67,100,2021-07-21 17:03:00,YMAB
34.74,34.9,34.72,34.9,2550,2021-07-21 17:05:00,YMAB
34.94,34.94,34.94,34.94,100,2021-07-21 17:06:00,YMAB
34.99,34.99,34.98,34.98,300,2021-07-21 17:07:00,YMAB
34.99,35.27,34.99,35.25,3834,2021-07-21 17:08:00,YMAB
35.17,35.25,35.05,35.235,3956,2021-07-21 17:09:00,YMAB
35.24,35.25,35.185,35.25,4599,2021-07-21 17:10:00,YMAB
35.24,35.25,35.185,35.25,8522,2021-07-21 17:11:00,YMAB
35.25,35.3095,35.19,35.25,6300,2021-07-21 17:12:00,YMAB
35.27,35.27,35.21,35.25,1700,2021-07-21 17:13:00,YMAB
35.29,35.29,35.29,35.29,100,2021-07-21 17:14:00,YMAB
35.28,35.29,35.28,35.29,200,2021-07-21 17:15:00,YMAB
35.25,35.27,35.25,35.25,400,2021-07-21 17:16:00,YMAB
35.25,35.265,35.07,35.25,5300,2021-07-21 17:17:00,YMAB
35.265,35.265,35.07,35.07,1500,2021-07-21 17:18:00,YMAB
34.95,34.95,34.95,34.95,100,2021-07-21 17:20:00,YMAB
34.845,34.845,34.845,34.845,100,2021-07-21 17:22:00,YMAB
34.795,34.795,34.68,34.68,200,2021-07-21 17:23:00,YMAB
34.79,34.79,34.66,34.785,500,2021-07-21 17:24:00,YMAB
34.785,34.92,34.785,34.92,589,2021-07-21 17:25:00,YMAB
35.07,35.07,35.07,35.07,100,2021-07-21 17:29:00,YMAB
35.04,35.04,35.04,35.04,100,2021-07-21 17:35:00,YMAB
35.01,35.01,34.88,34.88,600,2021-07-21 17:36:00,YMAB
35.0,35.0,35.0,35.0,100,2021-07-21 17:37:00,YMAB
34.82,34.82,34.82,34.82,100,2021-07-21 17:38:00,YMAB
34.88,34.88,34.88,34.88,100,2021-07-21 17:42:00,YMAB
34.835,34.835,34.835,34.835,100,2021-07-21 17:46:00,YMAB
34.765,34.765,34.765,34.765,200,2021-07-21 17:53:00,YMAB
34.7101,34.7101,34.7101,34.7101,300,2021-07-21 17:54:00,YMAB
34.72,34.79,34.695,34.695,500,2021-07-21 17:55:00,YMAB
34.71,34.735,34.695,34.695,400,2021-07-21 17:57:00,YMAB
34.695,34.695,34.695,34.695,100,2021-07-21 17:58:00,YMAB
34.68,34.68,34.68,34.68,200,2021-07-21 17:59:00,YMAB
34.78,34.78,34.78,34.78,1050,2021-07-21 18:00:00,YMAB
34.95,34.95,34.95,34.95,100,2021-07-21 18:01:00,YMAB
34.94,34.94,34.94,34.94,100,2021-07-21 18:02:00,YMAB
34.72,34.72,34.71,34.71,200,2021-07-21 18:09:00,YMAB
34.83,34.84,34.83,34.84,500,2021-07-21 18:10:00,YMAB
34.7,34.705,34.66,34.705,400,2021-07-21 18:14:00,YMAB
34.66,34.695,34.65,34.695,400,2021-07-21 18:15:00,YMAB
34.62,34.66,34.61,34.615,900,2021-07-21 18:17:00,YMAB
34.57,34.57,34.57,34.57,600,2021-07-21 18:19:00,YMAB
34.58,34.595,34.58,34.595,800,2021-07-21 18:21:00,YMAB
34.58,34.58,34.58,34.58,100,2021-07-21 18:22:00,YMAB
34.58,34.58,34.58,34.58,100,2021-07-21 18:23:00,YMAB
34.58,34.58,34.58,34.58,100,2021-07-21 18:24:00,YMAB
34.57,34.58,34.54,34.58,300,2021-07-21 18:26:00,YMAB
34.56,34.59,34.5248,34.5248,600,2021-07-21 18:29:00,YMAB
34.62,34.63,34.5802,34.5802,1500,2021-07-21 18:31:00,YMAB
34.63,34.63,34.61,34.61,900,2021-07-21 18:35:00,YMAB
34.61,34.61,34.61,34.61,100,2021-07-21 18:37:00,YMAB
34.61,34.61,34.61,34.61,300,2021-07-21 18:38:00,YMAB
34.65,34.65,34.65,34.65,100,2021-07-21 18:42:00,YMAB
34.61,34.61,34.51,34.51,200,2021-07-21 18:43:00,YMAB
34.655,34.665,34.63,34.665,400,2021-07-21 18:45:00,YMAB
34.68,34.69,34.61,34.67,1000,2021-07-21 18:46:00,YMAB
34.7,34.7,34.655,34.655,700,2021-07-21 18:51:00,YMAB
34.64,34.64,34.64,34.64,100,2021-07-21 18:52:00,YMAB
34.68,34.68,34.68,34.68,100,2021-07-21 18:53:00,YMAB
34.7,34.7,34.69,34.69,1618,2021-07-21 18:54:00,YMAB
34.69,34.69,34.69,34.69,100,2021-07-21 18:55:00,YMAB
34.76,34.76,34.72,34.72,204,2021-07-21 18:59:00,YMAB
34.665,34.7,34.665,34.7,300,2021-07-21 19:04:00,YMAB
34.63,34.63,34.63,34.63,200,2021-07-21 19:05:00,YMAB
34.62,34.655,34.62,34.655,200,2021-07-21 19:06:00,YMAB
34.62,34.62,34.62,34.62,400,2021-07-21 19:12:00,YMAB
34.64,34.64,34.64,34.64,100,2021-07-21 19:15:00,YMAB
34.68,34.68,34.68,34.68,100,2021-07-21 19:19:00,YMAB
34.69,34.69,34.69,34.69,700,2021-07-21 19:20:00,YMAB
34.68,34.68,34.68,34.68,100,2021-07-21 19:22:00,YMAB
34.69,34.69,34.66,34.66,200,2021-07-21 19:23:00,YMAB
34.62,34.72,34.62,34.72,300,2021-07-21 19:24:00,YMAB
34.72,34.72,34.68,34.68,300,2021-07-21 19:25:00,YMAB
34.7,34.73,34.7,34.72,500,2021-07-21 19:26:00,YMAB
34.63,34.69,34.61,34.69,300,2021-07-21 19:29:00,YMAB
34.71,34.71,34.71,34.71,100,2021-07-21 19:30:00,YMAB
34.64,34.64,34.64,34.64,100,2021-07-21 19:31:00,YMAB
34.62,34.71,34.62,34.71,400,2021-07-21 19:32:00,YMAB
34.72,34.72,34.72,34.72,100,2021-07-21 19:34:00,YMAB
34.75,34.76,34.72,34.76,700,2021-07-21 19:35:00,YMAB
34.77,34.8,34.77,34.79,1275,2021-07-21 19:36:00,YMAB
34.7425,34.7425,34.72,34.72,200,2021-07-21 19:39:00,YMAB
34.77,34.77,34.77,34.77,200,2021-07-21 19:40:00,YMAB
34.74,34.74,34.74,34.74,100,2021-07-21 19:41:00,YMAB
34.74,34.74,34.7,34.7,200,2021-07-21 19:42:00,YMAB
34.68,34.74,34.68,34.72,500,2021-07-21 19:43:00,YMAB
34.72,34.75,34.72,34.73,1100,2021-07-21 19:44:00,YMAB
34.735,34.75,34.73,34.75,500,2021-07-21 19:45:00,YMAB
34.74,34.74,34.74,34.74,100,2021-07-21 19:47:00,YMAB
34.73,34.73,34.61,34.61,300,2021-07-21 19:48:00,YMAB
34.67,34.71,34.67,34.71,200,2021-07-21 19:49:00,YMAB
34.64,34.92,34.64,34.865,2904,2021-07-21 19:50:00,YMAB
34.745,34.89,34.745,34.89,500,2021-07-21 19:51:00,YMAB
34.89,34.89,34.79,34.89,700,2021-07-21 19:52:00,YMAB
34.89,34.89,34.8,34.8,500,2021-07-21 19:53:00,YMAB
34.88,35.27,34.88,35.23,5702,2021-07-21 19:54:00,YMAB
35.15,35.21,35.03,35.07,3425,2021-07-21 19:55:00,YMAB
35.12,35.27,35.11,35.27,1153,2021-07-21 19:56:00,YMAB
35.27,35.27,35.1,35.145,2435,2021-07-21 19:57:00,YMAB
35.09,35.24,35.09,35.19,2300,2021-07-21 19:58:00,YMAB
35.1,35.16,34.93,35.05,11939,2021-07-21 19:59:00,YMAB
35.05,35.05,35.05,35.05,58145,2021-07-21 20:00:00,YMAB
34.5,34.5,33.94,33.94,6904,2021-07-22 13:30:00,YMAB
34.68,34.68,33.89,33.89,300,2021-07-22 13:34:00,YMAB
33.93,33.93,33.93,33.93,100,2021-07-22 13:46:00,YMAB
34.11,34.54,34.11,34.145,800,2021-07-22 13:55:00,YMAB
34.5,34.5,34.5,34.5,300,2021-07-22 13:56:00,YMAB
34.34,34.415,34.34,34.415,200,2021-07-22 13:57:00,YMAB
34.14,34.62,34.14,34.19,4554,2021-07-22 13:58:00,YMAB
34.18,34.18,34.18,34.18,100,2021-07-22 14:00:00,YMAB
34.395,34.395,34.17,34.17,200,2021-07-22 14:01:00,YMAB
34.5,34.5,34.27,34.43,2900,2021-07-22 14:02:00,YMAB
34.43,34.5,34.43,34.46,501,2021-07-22 14:03:00,YMAB
34.54,34.54,34.54,34.54,100,2021-07-22 14:04:00,YMAB
34.54,34.55,34.45,34.45,958,2021-07-22 14:06:00,YMAB
34.63,34.63,34.47,34.47,300,2021-07-22 14:07:00,YMAB
34.5,34.5,34.46,34.5,1272,2021-07-22 14:08:00,YMAB
34.5,34.5,34.5,34.5,300,2021-07-22 14:10:00,YMAB
34.46,34.5,34.33,34.46,7179,2021-07-22 14:12:00,YMAB
34.5,34.58,34.47,34.5,2081,2021-07-22 14:13:00,YMAB
34.5,34.59,34.39,34.57,3700,2021-07-22 14:14:00,YMAB
34.48,34.505,34.47,34.5,2550,2021-07-22 14:15:00,YMAB
34.47,34.51,34.47,34.51,600,2021-07-22 14:16:00,YMAB
34.47,34.53,34.47,34.52,5518,2021-07-22 14:18:00,YMAB
34.54,34.54,34.47,34.53,6902,2021-07-22 14:19:00,YMAB
34.5,34.51,34.49,34.5005,1900,2021-07-22 14:20:00,YMAB
34.5,34.54,34.485,34.54,3541,2021-07-22 14:21:00,YMAB
34.6,34.6,34.6,34.6,100,2021-07-22 14:22:00,YMAB
34.61,34.68,34.59,34.68,300,2021-07-22 14:25:00,YMAB
34.85,34.85,34.65,34.65,800,2021-07-22 14:26:00,YMAB
34.53,34.53,34.53,34.53,100,2021-07-22 14:28:00,YMAB
34.54,34.54,34.54,34.54,200,2021-07-22 14:30:00,YMAB
34.62,34.62,34.62,34.62,100,2021-07-22 14:33:00,YMAB
34.59,34.59,34.5,34.51,794,2021-07-22 14:35:00,YMAB
34.51,34.52,34.5,34.5,799,2021-07-22 14:36:00,YMAB
34.47,34.58,34.375,34.51,3000,2021-07-22 14:37:00,YMAB
34.5,34.51,34.5,34.51,678,2021-07-22 14:38:00,YMAB
34.51,34.715,34.51,34.715,700,2021-07-22 14:39:00,YMAB
34.64,34.64,34.6,34.6,200,2021-07-22 14:40:00,YMAB
34.87,34.87,34.81,34.81,400,2021-07-22 14:42:00,YMAB
34.7,34.775,34.58,34.775,400,2021-07-22 14:49:00,YMAB
34.68,34.75,34.68,34.73,300,2021-07-22 14:52:00,YMAB
34.7,34.715,34.64,34.715,398,2021-07-22 14:54:00,YMAB
34.67,34.67,34.67,34.67,100,2021-07-22 14:56:00,YMAB
34.47,34.68,34.47,34.68,200,2021-07-22 14:57:00,YMAB
34.635,34.635,34.5,34.5,301,2021-07-22 15:01:00,YMAB
34.645,34.645,34.5,34.63,500,2021-07-22 15:02:00,YMAB
34.58,34.635,34.5,34.635,2688,2021-07-22 15:04:00,YMAB
34.76,34.76,34.75,34.75,900,2021-07-22 15:05:00,YMAB
34.77,34.81,34.765,34.81,1200,2021-07-22 15:06:00,YMAB
34.82,34.85,34.82,34.85,400,2021-07-22 15:07:00,YMAB
34.8,34.8,34.77,34.8,700,2021-07-22 15:09:00,YMAB
34.73,34.73,34.73,34.73,100,2021-07-22 15:10:00,YMAB
34.67,34.67,34.67,34.67,100,2021-07-22 15:16:00,YMAB
34.67,34.67,34.67,34.67,300,2021-07-22 15:17:00,YMAB
34.68,34.69,34.61,34.69,1000,2021-07-22 15:18:00,YMAB
34.68,34.95,34.68,34.9,3055,2021-07-22 15:20:00,YMAB
34.99,35.08,34.91,35.0,6300,2021-07-22 15:21:00,YMAB
34.98,35.02,34.96,35.0,3938,2021-07-22 15:22:00,YMAB
35.03,35.03,35.03,35.03,100,2021-07-22 15:23:00,YMAB
34.97,35.03,34.97,34.98,900,2021-07-22 15:25:00,YMAB
34.985,34.995,34.88,34.88,1001,2021-07-22 15:26:00,YMAB
35.0,35.0,34.98,35.0,600,2021-07-22 15:27:00,YMAB
35.0,35.14,35.0,35.14,200,2021-07-22 15:28:00,YMAB
35.29,35.29,35.17,35.17,200,2021-07-22 15:30:00,YMAB
35.16,35.19,35.16,35.19,200,2021-07-22 15:31:00,YMAB
35.295,35.37,35.21,35.37,300,2021-07-22 15:32:00,YMAB
35.32,35.32,35.27,35.305,500,2021-07-22 15:33:00,YMAB
35.21,35.37,35.21,35.36,500,2021-07-22 15:34:00,YMAB
35.305,35.4,35.305,35.4,400,2021-07-22 15:35:00,YMAB
35.47,35.47,35.415,35.415,200,2021-07-22 15:36:00,YMAB
35.47,35.47,35.3,35.47,400,2021-07-22 15:37:00,YMAB
35.52,35.58,35.505,35.505,400,2021-07-22 15:38:00,YMAB
35.58,35.58,35.45,35.57,600,2021-07-22 15:39:00,YMAB
35.59,35.59,35.47,35.47,601,2021-07-22 15:40:00,YMAB
35.44,35.44,35.44,35.44,100,2021-07-22 15:41:00,YMAB
35.57,35.57,35.55,35.55,200,2021-07-22 15:43:00,YMAB
35.44,35.49,35.44,35.44,719,2021-07-22 15:44:00,YMAB
35.49,35.49,35.49,35.49,200,2021-07-22 15:45:00,YMAB
35.57,35.57,35.57,35.57,200,2021-07-22 15:47:00,YMAB
35.52,35.57,35.47,35.52,400,2021-07-22 15:48:00,YMAB
35.6,35.6,35.58,35.58,977,2021-07-22 15:49:00,YMAB
35.66,35.66,35.38,35.38,900,2021-07-22 15:50:00,YMAB
35.475,35.475,35.475,35.475,100,2021-07-22 15:51:00,YMAB
35.36,35.36,35.36,35.36,100,2021-07-22 15:53:00,YMAB
35.54,35.54,35.54,35.54,100,2021-07-22 15:54:00,YMAB
35.63,35.63,35.63,35.63,100,2021-07-22 15:55:00,YMAB
35.62,35.62,35.53,35.53,407,2021-07-22 15:56:00,YMAB
35.52,35.52,35.4,35.42,400,2021-07-22 15:57:00,YMAB
35.46,35.46,35.41,35.41,200,2021-07-22 15:58:00,YMAB
35.38,35.38,35.33,35.33,300,2021-07-22 16:01:00,YMAB
35.16,35.16,35.14,35.16,599,2021-07-22 16:04:00,YMAB
35.02,35.02,35.02,35.02,100,2021-07-22 16:08:00,YMAB
34.92,35.0,34.92,35.0,700,2021-07-22 16:11:00,YMAB
35.145,35.145,35.14,35.14,200,2021-07-22 16:14:00,YMAB
35.05,35.105,35.05,35.105,200,2021-07-22 16:15:00,YMAB
35.1,35.15,35.08,35.11,800,2021-07-22 16:16:00,YMAB
35.14,35.165,35.14,35.165,300,2021-07-22 16:17:00,YMAB
35.235,35.235,35.165,35.165,300,2021-07-22 16:18:00,YMAB
35.195,35.24,35.195,35.24,500,2021-07-22 16:20:00,YMAB
35.2,35.235,35.15,35.18,1092,2021-07-22 16:21:00,YMAB
35.17,35.17,35.17,35.17,100,2021-07-22 16:22:00,YMAB
35.12,35.17,35.12,35.17,325,2021-07-22 16:23:00,YMAB
35.31,35.34,35.25,35.25,400,2021-07-22 16:25:00,YMAB
35.38,35.38,35.38,35.38,100,2021-07-22 16:27:00,YMAB
35.36,35.36,35.255,35.36,910,2021-07-22 16:30:00,YMAB
35.37,35.37,35.37,35.37,300,2021-07-22 16:31:00,YMAB
35.42,35.42,35.42,35.42,100,2021-07-22 16:36:00,YMAB
35.42,35.53,35.42,35.48,601,2021-07-22 16:38:00,YMAB
35.5282,35.5282,35.5282,35.5282,180,2021-07-22 16:40:00,YMAB
35.42,35.46,35.39,35.46,300,2021-07-22 16:43:00,YMAB
35.47,35.47,35.47,35.47,100,2021-07-22 16:44:00,YMAB
35.44,35.44,35.44,35.44,100,2021-07-22 16:45:00,YMAB
35.484,35.484,35.475,35.475,212,2021-07-22 16:47:00,YMAB
35.485,35.485,35.485,35.485,100,2021-07-22 16:48:00,YMAB
35.41,35.43,35.39,35.39,600,2021-07-22 16:49:00,YMAB
35.37,35.37,35.275,35.275,600,2021-07-22 16:52:00,YMAB
35.345,35.345,35.345,35.345,100,2021-07-22 16:54:00,YMAB
35.34,35.41,35.29,35.315,1600,2021-07-22 16:57:00,YMAB
35.41,35.41,35.36,35.36,500,2021-07-22 16:58:00,YMAB
35.53,35.53,35.53,35.53,200,2021-07-22 17:03:00,YMAB
35.475,35.475,35.475,35.475,300,2021-07-22 17:06:00,YMAB
35.47,35.47,35.47,35.47,100,2021-07-22 17:09:00,YMAB
35.52,35.52,35.52,35.52,100,2021-07-22 17:11:00,YMAB
35.51,35.51,35.445,35.445,200,2021-07-22 17:12:00,YMAB
35.53,35.53,35.53,35.53,300,2021-07-22 17:14:00,YMAB
35.5,35.5,35.47,35.495,400,2021-07-22 17:15:00,YMAB
35.49,35.5,35.475,35.5,8000,2021-07-22 17:17:00,YMAB
35.475,35.7,35.475,35.67,2940,2021-07-22 17:18:00,YMAB
35.7,35.78,35.69,35.7015,2163,2021-07-22 17:19:00,YMAB
35.69,35.69,35.62,35.62,800,2021-07-22 17:20:00,YMAB
35.59,35.59,35.55,35.55,600,2021-07-22 17:21:00,YMAB
35.52,35.535,35.44,35.53,1874,2021-07-22 17:22:00,YMAB
35.565,35.565,35.5,35.55,2412,2021-07-22 17:23:00,YMAB
35.53,35.55,35.49,35.55,4294,2021-07-22 17:24:00,YMAB
35.52,35.55,35.52,35.55,1200,2021-07-22 17:25:00,YMAB
35.54,35.55,35.54,35.55,1498,2021-07-22 17:26:00,YMAB
35.6,35.6,35.6,35.6,3653,2021-07-22 17:27:00,YMAB
35.575,35.575,35.575,35.575,300,2021-07-22 17:28:00,YMAB
35.6,35.6,35.54,35.545,3888,2021-07-22 17:29:00,YMAB
35.54,35.55,35.54,35.55,300,2021-07-22 17:30:00,YMAB
35.57,35.57,35.55,35.55,201,2021-07-22 17:32:00,YMAB
35.54,35.56,35.5,35.55,9200,2021-07-22 17:33:00,YMAB
35.55,35.56,35.54,35.55,10930,2021-07-22 17:34:00,YMAB
35.55,35.56,35.55,35.56,2200,2021-07-22 17:35:00,YMAB
35.57,35.57,35.57,35.57,100,2021-07-22 17:36:00,YMAB
35.57,35.57,35.57,35.57,200,2021-07-22 17:37:00,YMAB
35.55,35.55,35.55,35.55,500,2021-07-22 17:39:00,YMAB
35.545,35.545,35.51,35.545,800,2021-07-22 17:40:00,YMAB
35.52,35.545,35.52,35.545,300,2021-07-22 17:41:00,YMAB
35.48,35.5,35.44,35.495,700,2021-07-22 17:42:00,YMAB
35.495,35.55,35.485,35.485,1100,2021-07-22 17:43:00,YMAB
35.51,35.525,35.51,35.515,500,2021-07-22 17:46:00,YMAB
35.49,35.49,35.43,35.47,800,2021-07-22 17:48:00,YMAB
35.42,35.42,35.41,35.41,255,2021-07-22 17:51:00,YMAB
35.42,35.42,35.42,35.42,100,2021-07-22 17:52:00,YMAB
35.41,35.44,35.38,35.44,1200,2021-07-22 17:53:00,YMAB
35.4,35.46,35.4,35.46,400,2021-07-22 17:54:00,YMAB
35.44,35.51,35.44,35.51,500,2021-07-22 17:55:00,YMAB
35.52,35.52,35.52,35.52,200,2021-07-22 17:58:00,YMAB
35.46,35.46,35.46,35.46,100,2021-07-22 17:59:00,YMAB
35.52,35.54,35.44,35.51,6229,2021-07-22 18:00:00,YMAB
35.47,35.47,35.18,35.24,2000,2021-07-22 18:01:00,YMAB
35.2,35.22,35.14,35.22,1200,2021-07-22 18:02:00,YMAB
35.14,35.15,35.14,35.14,700,2021-07-22 18:03:00,YMAB
35.06,35.08,34.9105,34.97,1600,2021-07-22 18:04:00,YMAB
34.98,35.025,34.97,34.97,1995,2021-07-22 18:05:00,YMAB
34.96,35.025,34.96,35.0,3262,2021-07-22 18:07:00,YMAB
34.99,34.99,34.89,34.89,1633,2021-07-22 18:08:00,YMAB
35.04,35.04,35.04,35.04,200,2021-07-22 18:11:00,YMAB
35.025,35.025,34.9,34.9,400,2021-07-22 18:13:00,YMAB
35.01,35.01,35.01,35.01,200,2021-07-22 18:14:00,YMAB
34.91,34.91,34.91,34.91,100,2021-07-22 18:15:00,YMAB
35.05,35.05,34.9,34.9,600,2021-07-22 18:17:00,YMAB
34.95,34.95,34.85,34.85,200,2021-07-22 18:18:00,YMAB
34.835,35.005,34.835,35.0,5100,2021-07-22 18:20:00,YMAB
34.98,35.01,34.98,35.0,2600,2021-07-22 18:21:00,YMAB
34.98,35.0,34.83,35.0,3681,2021-07-22 18:22:00,YMAB
35.04,35.105,35.04,35.105,700,2021-07-22 18:23:00,YMAB
35.07,35.07,34.98,35.0,2699,2021-07-22 18:27:00,YMAB
34.98,35.0,34.95,34.98,3898,2021-07-22 18:28:00,YMAB
35.0,35.01,34.98,35.0,1400,2021-07-22 18:29:00,YMAB
34.98,35.01,34.98,35.01,1100,2021-07-22 18:32:00,YMAB
35.01,35.01,35.01,35.01,100,2021-07-22 18:33:00,YMAB
35.015,35.02,34.97,34.99,2100,2021-07-22 18:38:00,YMAB
35.0,35.015,34.935,35.015,3009,2021-07-22 18:39:00,YMAB
35.04,35.08,35.04,35.065,2862,2021-07-22 18:40:00,YMAB
35.12,35.12,35.12,35.12,100,2021-07-22 18:42:00,YMAB
35.0,35.0,35.0,35.0,200,2021-07-22 18:44:00,YMAB
34.99,35.02,34.98,35.01,1501,2021-07-22 18:45:00,YMAB
35.0,35.02,35.0,35.02,500,2021-07-22 18:46:00,YMAB
35.03,35.03,35.0,35.0,300,2021-07-22 18:47:00,YMAB
35.0,35.02,35.0,35.02,400,2021-07-22 18:48:00,YMAB
35.0,35.0,35.0,35.0,100,2021-07-22 18:50:00,YMAB
35.01,35.03,35.01,35.03,500,2021-07-22 18:51:00,YMAB
35.045,35.045,35.045,35.045,100,2021-07-22 18:54:00,YMAB
34.98,34.98,34.98,34.98,100,2021-07-22 19:00:00,YMAB
35.045,35.045,35.045,35.045,100,2021-07-22 19:01:00,YMAB
34.99,35.01,34.98,34.992,1551,2021-07-22 19:02:00,YMAB
35.01,35.01,34.95,34.985,3133,2021-07-22 19:03:00,YMAB
35.0,35.0,35.0,35.0,101,2021-07-22 19:04:00,YMAB
35.0,35.0,34.98,35.0,500,2021-07-22 19:05:00,YMAB
34.98,35.0,34.98,34.98,1900,2021-07-22 19:06:00,YMAB
35.0,35.03,35.0,35.03,700,2021-07-22 19:07:00,YMAB
35.06,35.065,35.05,35.065,300,2021-07-22 19:08:00,YMAB
35.065,35.065,35.065,35.065,100,2021-07-22 19:09:00,YMAB
35.12,35.195,35.12,35.195,600,2021-07-22 19:10:00,YMAB
35.22,35.22,35.15,35.2,1000,2021-07-22 19:13:00,YMAB
35.16,35.16,35.1,35.13,803,2021-07-22 19:17:00,YMAB
35.085,35.085,35.085,35.085,100,2021-07-22 19:23:00,YMAB
35.055,35.055,35.055,35.055,100,2021-07-22 19:26:00,YMAB
35.035,35.035,35.035,35.035,100,2021-07-22 19:27:00,YMAB
35.045,35.045,35.03,35.03,200,2021-07-22 19:28:00,YMAB
35.03,35.03,35.03,35.03,100,2021-07-22 19:29:00,YMAB
34.98,35.03,34.93,35.0,3883,2021-07-22 19:30:00,YMAB
34.97,34.97,34.8,34.81,1826,2021-07-22 19:31:00,YMAB
34.78,34.79,34.78,34.79,200,2021-07-22 19:33:00,YMAB
34.765,34.765,34.71,34.74,400,2021-07-22 19:34:00,YMAB
34.7,34.7,34.7,34.7,200,2021-07-22 19:36:00,YMAB
34.6,34.6,34.52,34.6,400,2021-07-22 19:37:00,YMAB
34.57,34.57,34.57,34.57,100,2021-07-22 19:39:00,YMAB
34.51,34.54,34.5,34.5,2883,2021-07-22 19:40:00,YMAB
34.28,34.3,34.28,34.3,600,2021-07-22 19:41:00,YMAB
34.32,34.5563,34.3,34.49,2016,2021-07-22 19:42:00,YMAB
34.55,34.569,34.43,34.43,700,2021-07-22 19:43:00,YMAB
34.39,34.39,34.39,34.39,200,2021-07-22 19:45:00,YMAB
34.41,34.415,34.35,34.35,400,2021-07-22 19:46:00,YMAB
34.34,34.42,34.34,34.42,400,2021-07-22 19:47:00,YMAB
34.45,34.45,34.45,34.45,410,2021-07-22 19:49:00,YMAB
34.64,34.67,34.54,34.62,3000,2021-07-22 19:50:00,YMAB
34.765,34.77,34.62,34.62,800,2021-07-22 19:51:00,YMAB
34.63,34.63,34.63,34.63,100,2021-07-22 19:52:00,YMAB
34.625,34.7,34.62,34.65,2312,2021-07-22 19:53:00,YMAB
34.625,34.72,34.625,34.68,400,2021-07-22 19:54:00,YMAB
34.63,34.64,34.63,34.64,200,2021-07-22 19:55:00,YMAB
34.64,34.77,34.64,34.73,2382,2021-07-22 19:56:00,YMAB
34.72,34.75,34.72,34.72,421,2021-07-22 19:57:00,YMAB
34.65,34.69,34.525,34.63,2306,2021-07-22 19:58:00,YMAB
34.62,34.67,34.52,34.54,6418,2021-07-22 19:59:00,YMAB
34.65,34.65,34.65,34.65,60853,2021-07-22 20:00:00,YMAB
34.65,34.65,34.65,34.65,138,2021-07-22 20:01:00,YMAB
34.7,34.7,34.64,34.64,1746,2021-07-23 13:30:00,YMAB
34.95,34.985,34.95,34.95,800,2021-07-23 13:31:00,YMAB
35.0,35.0,34.98,34.999,900,2021-07-23 13:32:00,YMAB
35.0,35.1685,35.0,35.1635,600,2021-07-23 13:33:00,YMAB
35.17,35.17,34.73,35.0,3990,2021-07-23 13:34:00,YMAB
34.97,35.01,34.94,35.0,5257,2021-07-23 13:35:00,YMAB
35.0,35.0,34.95,35.0,6009,2021-07-23 13:36:00,YMAB
34.98,35.0,34.98,34.99,700,2021-07-23 13:37:00,YMAB
35.12,35.12,35.0,35.0,600,2021-07-23 13:40:00,YMAB
35.0,35.03,34.95,34.98,2745,2021-07-23 13:43:00,YMAB
35.0,35.05,34.97,35.015,2600,2021-07-23 13:44:00,YMAB
35.02,35.04,35.02,35.04,300,2021-07-23 13:45:00,YMAB
34.96,35.0,34.935,35.0,1100,2021-07-23 13:49:00,YMAB
34.98,35.0,34.95,34.98,5000,2021-07-23 13:50:00,YMAB
34.945,35.01,34.945,34.98,2000,2021-07-23 13:51:00,YMAB
34.98,35.0,34.955,35.0,3500,2021-07-23 13:52:00,YMAB
35.04,35.04,34.93,35.0,1900,2021-07-23 13:53:00,YMAB
34.99,35.02,34.99,35.0,600,2021-07-23 13:54:00,YMAB
35.04,35.04,34.641,34.641,1600,2021-07-23 13:56:00,YMAB
34.5,34.6,34.5,34.6,200,2021-07-23 13:58:00,YMAB
34.375,34.375,34.375,34.375,200,2021-07-23 13:59:00,YMAB
34.5,34.58,34.48,34.5,500,2021-07-23 14:01:00,YMAB
34.5,34.575,34.44,34.5,9133,2021-07-23 14:02:00,YMAB
34.55,34.57,34.5,34.5,400,2021-07-23 14:03:00,YMAB
34.555,34.65,34.555,34.65,200,2021-07-23 14:04:00,YMAB
34.49,34.53,34.49,34.49,873,2021-07-23 14:06:00,YMAB
34.49,34.53,34.38,34.45,3011,2021-07-23 14:07:00,YMAB
34.43,34.44,34.14,34.14,700,2021-07-23 14:08:00,YMAB
34.26,34.26,34.26,34.26,100,2021-07-23 14:10:00,YMAB
34.3,34.395,34.3,34.395,600,2021-07-23 14:12:00,YMAB
34.45,34.46,34.45,34.46,200,2021-07-23 14:15:00,YMAB
34.68,34.68,34.45,34.55,1286,2021-07-23 14:21:00,YMAB
34.49,34.51,34.49,34.51,200,2021-07-23 14:22:00,YMAB
34.59,34.715,34.51,34.715,1364,2021-07-23 14:23:00,YMAB
34.6,34.6,34.6,34.6,100,2021-07-23 14:24:00,YMAB
34.665,34.665,34.665,34.665,100,2021-07-23 14:27:00,YMAB
34.74,34.74,34.74,34.74,100,2021-07-23 14:28:00,YMAB
34.81,34.81,34.81,34.81,100,2021-07-23 14:31:00,YMAB
34.53,34.53,34.49,34.51,763,2021-07-23 14:37:00,YMAB
34.59,34.59,34.59,34.59,100,2021-07-23 14:38:00,YMAB
34.61,34.61,34.6,34.6,200,2021-07-23 14:39:00,YMAB
34.37,34.37,34.37,34.37,100,2021-07-23 14:46:00,YMAB
34.5333,34.5333,34.5333,34.5333,557,2021-07-23 14:48:00,YMAB
34.52,34.52,34.52,34.52,100,2021-07-23 14:52:00,YMAB
34.54,34.61,34.54,34.61,729,2021-07-23 14:56:00,YMAB
34.66,34.66,34.66,34.66,100,2021-07-23 14:58:00,YMAB
34.68,34.78,34.68,34.78,200,2021-07-23 14:59:00,YMAB
34.65,34.65,34.65,34.65,100,2021-07-23 15:01:00,YMAB
34.79,34.87,34.79,34.87,400,2021-07-23 15:24:00,YMAB
34.8,34.8,34.74,34.74,300,2021-07-23 15:25:00,YMAB
34.68,34.68,34.68,34.68,200,2021-07-23 15:34:00,YMAB
34.69,34.69,34.69,34.69,100,2021-07-23 15:35:00,YMAB
34.64,34.64,34.64,34.64,200,2021-07-23 15:41:00,YMAB
34.635,34.87,34.63,34.63,500,2021-07-23 15:42:00,YMAB
34.63,34.63,34.63,34.63,100,2021-07-23 15:44:00,YMAB
34.64,34.67,34.64,34.67,200,2021-07-23 15:46:00,YMAB
34.61,34.61,34.47,34.47,400,2021-07-23 15:52:00,YMAB
34.47,34.47,34.47,34.47,100,2021-07-23 15:57:00,YMAB
34.47,34.47,34.45,34.45,500,2021-07-23 15:58:00,YMAB
34.21,34.21,34.21,34.21,200,2021-07-23 16:00:00,YMAB
34.255,34.255,34.255,34.255,100,2021-07-23 16:19:00,YMAB
34.13,34.13,34.1,34.1,300,2021-07-23 16:20:00,YMAB
34.09,34.105,34.03,34.03,300,2021-07-23 16:21:00,YMAB
33.98,34.07,33.98,34.07,700,2021-07-23 16:29:00,YMAB
33.98,33.98,33.98,33.98,300,2021-07-23 16:30:00,YMAB
34.05,34.12,33.99,34.06,1005,2021-07-23 16:31:00,YMAB
34.12,34.125,34.1,34.125,1252,2021-07-23 16:32:00,YMAB
34.21,34.23,34.15,34.15,400,2021-07-23 16:35:00,YMAB
34.28,34.32,34.28,34.32,500,2021-07-23 16:40:00,YMAB
34.38,34.38,34.38,34.38,100,2021-07-23 16:41:00,YMAB
34.385,34.385,34.385,34.385,100,2021-07-23 16:44:00,YMAB
34.52,34.52,34.52,34.52,100,2021-07-23 16:49:00,YMAB
34.54,34.58,34.4,34.45,21100,2021-07-23 16:50:00,YMAB
34.41,34.415,34.41,34.415,438,2021-07-23 16:51:00,YMAB
34.425,34.425,34.425,34.425,200,2021-07-23 16:53:00,YMAB
34.415,34.415,34.395,34.395,200,2021-07-23 16:54:00,YMAB
34.395,34.395,34.395,34.395,100,2021-07-23 16:55:00,YMAB
34.39,34.39,34.23,34.39,500,2021-07-23 16:56:00,YMAB
34.395,34.395,34.395,34.395,100,2021-07-23 16:57:00,YMAB
34.4,34.4,34.4,34.4,100,2021-07-23 16:58:00,YMAB
34.4,34.4,34.4,34.4,100,2021-07-23 16:59:00,YMAB
34.385,34.48,34.385,34.435,400,2021-07-23 17:01:00,YMAB
34.45,34.45,34.45,34.45,100,2021-07-23 17:02:00,YMAB
34.475,34.475,34.475,34.475,100,2021-07-23 17:05:00,YMAB
34.475,34.475,34.475,34.475,100,2021-07-23 17:06:00,YMAB
34.51,34.55,34.51,34.55,1100,2021-07-23 17:07:00,YMAB
34.55,34.56,34.48,34.55,600,2021-07-23 17:09:00,YMAB
34.63,34.77,34.63,34.77,300,2021-07-23 17:10:00,YMAB
34.7,34.7,34.695,34.695,200,2021-07-23 17:11:00,YMAB
34.69,34.69,34.69,34.69,100,2021-07-23 17:12:00,YMAB
34.695,34.79,34.695,34.79,322,2021-07-23 17:15:00,YMAB
34.725,34.85,34.725,34.85,800,2021-07-23 17:16:00,YMAB
34.78,34.85,34.7,34.85,1300,2021-07-23 17:17:00,YMAB
34.7,34.775,34.7,34.775,510,2021-07-23 17:19:00,YMAB
34.85,34.9,34.8,34.875,1290,2021-07-23 17:21:00,YMAB
34.92,34.93,34.92,34.93,200,2021-07-23 17:22:00,YMAB
34.86,34.93,34.835,34.835,1559,2021-07-23 17:23:00,YMAB
34.76,34.76,34.76,34.76,100,2021-07-23 17:24:00,YMAB
34.95,34.95,34.95,34.95,100,2021-07-23 17:27:00,YMAB
34.97,34.98,34.97,34.98,200,2021-07-23 17:28:00,YMAB
34.98,34.98,34.98,34.98,300,2021-07-23 17:29:00,YMAB
34.98,35.07,34.95,35.04,1000,2021-07-23 17:30:00,YMAB
35.04,35.04,35.03,35.04,540,2021-07-23 17:31:00,YMAB
35.035,35.035,35.035,35.035,100,2021-07-23 17:32:00,YMAB
35.035,35.04,35.035,35.04,200,2021-07-23 17:33:00,YMAB
35.035,35.12,34.91,34.91,500,2021-07-23 17:34:00,YMAB
35.04,35.04,35.04,35.04,200,2021-07-23 17:35:00,YMAB
35.02,35.04,35.02,35.04,200,2021-07-23 17:36:00,YMAB
35.02,35.02,35.02,35.02,122,2021-07-23 17:37:00,YMAB
35.04,35.04,35.04,35.04,200,2021-07-23 17:38:00,YMAB
35.04,35.045,34.9,35.045,1500,2021-07-23 17:39:00,YMAB
34.91,34.91,34.91,34.91,100,2021-07-23 17:40:00,YMAB
35.04,35.04,35.04,35.04,100,2021-07-23 17:44:00,YMAB
35.04,35.04,34.905,35.0,500,2021-07-23 17:45:00,YMAB
35.0,35.0,35.0,35.0,200,2021-07-23 17:46:00,YMAB
34.97,34.97,34.97,34.97,100,2021-07-23 17:47:00,YMAB
35.04,35.04,35.04,35.04,200,2021-07-23 17:49:00,YMAB
35.04,35.04,35.04,35.04,200,2021-07-23 17:50:00,YMAB
35.04,35.04,35.04,35.04,200,2021-07-23 17:51:00,YMAB
35.04,35.04,35.04,35.04,300,2021-07-23 17:52:00,YMAB
35.1,35.13,35.04,35.04,2506,2021-07-23 17:53:00,YMAB
35.04,35.04,35.04,35.04,200,2021-07-23 17:54:00,YMAB
35.04,35.04,35.04,35.04,200,2021-07-23 17:55:00,YMAB
35.04,35.04,35.04,35.04,300,2021-07-23 17:56:00,YMAB
35.04,35.04,35.04,35.04,200,2021-07-23 17:57:00,YMAB
35.015,35.015,35.015,35.015,200,2021-07-23 17:58:00,YMAB
35.02,35.02,35.02,35.02,600,2021-07-23 18:02:00,YMAB
35.02,35.02,35.02,35.02,100,2021-07-23 18:06:00,YMAB
35.12,35.12,35.04,35.04,200,2021-07-23 18:07:00,YMAB
35.02,35.04,35.02,35.04,200,2021-07-23 18:08:00,YMAB
35.16,35.16,35.02,35.04,400,2021-07-23 18:09:00,YMAB
35.02,35.04,35.02,35.04,300,2021-07-23 18:10:00,YMAB
35.04,35.14,35.005,35.04,600,2021-07-23 18:11:00,YMAB
35.01,35.14,35.01,35.14,200,2021-07-23 18:12:00,YMAB
35.14,35.14,35.04,35.04,300,2021-07-23 18:13:00,YMAB
35.02,35.14,35.02,35.025,400,2021-07-23 18:14:00,YMAB
35.12,35.17,35.04,35.165,1100,2021-07-23 18:16:00,YMAB
35.3,35.31,35.145,35.145,600,2021-07-23 18:18:00,YMAB
35.5,35.51,35.5,35.51,200,2021-07-23 18:21:00,YMAB
35.52,35.52,35.325,35.325,300,2021-07-23 18:22:00,YMAB
35.47,35.55,35.335,35.335,400,2021-07-23 18:23:00,YMAB
35.54,35.54,35.34,35.34,300,2021-07-23 18:24:00,YMAB
35.54,35.54,35.34,35.34,400,2021-07-23 18:25:00,YMAB
35.49,35.49,35.14,35.31,600,2021-07-23 18:26:00,YMAB
35.31,35.37,35.21,35.21,822,2021-07-23 18:27:00,YMAB
35.35,35.35,35.06,35.205,1700,2021-07-23 18:28:00,YMAB
35.2,35.2,35.2,35.2,100,2021-07-23 18:29:00,YMAB
35.2,35.245,35.2,35.245,200,2021-07-23 18:30:00,YMAB
35.2,35.2,35.2,35.2,100,2021-07-23 18:31:00,YMAB
35.2,35.2,35.2,35.2,200,2021-07-23 18:32:00,YMAB
35.2,35.2,35.2,35.2,100,2021-07-23 18:33:00,YMAB
35.18,35.185,35.08,35.18,2500,2021-07-23 18:34:00,YMAB
35.01,35.065,35.01,35.035,700,2021-07-23 18:35:00,YMAB
35.035,35.035,34.965,34.965,200,2021-07-23 18:36:00,YMAB
34.96,34.96,34.85,34.955,400,2021-07-23 18:37:00,YMAB
34.925,34.925,34.925,34.925,100,2021-07-23 18:40:00,YMAB
35.0,35.07,35.0,35.02,1129,2021-07-23 18:42:00,YMAB
35.0,35.0,35.0,35.0,100,2021-07-23 18:43:00,YMAB
34.93,34.93,34.93,34.93,100,2021-07-23 18:45:00,YMAB
34.91,34.93,34.84,34.91,900,2021-07-23 18:46:00,YMAB
34.97,35.01,34.94,34.94,900,2021-07-23 18:48:00,YMAB
35.0,35.0,34.84,34.91,1200,2021-07-23 18:50:00,YMAB
34.98,34.98,34.925,34.98,300,2021-07-23 18:51:00,YMAB
34.92,34.92,34.92,34.92,100,2021-07-23 18:52:00,YMAB
35.0,35.0,34.83,35.0,500,2021-07-23 18:53:00,YMAB
34.915,35.0,34.915,35.0,500,2021-07-23 18:54:00,YMAB
35.0,35.02,34.99,35.0,1287,2021-07-23 18:55:00,YMAB
35.01,35.02,35.0,35.0,1000,2021-07-23 18:56:00,YMAB
35.01,35.04,35.0,35.0,400,2021-07-23 18:57:00,YMAB
35.0,35.0,35.0,35.0,100,2021-07-23 18:59:00,YMAB
35.0,35.0,35.0,35.0,400,2021-07-23 19:00:00,YMAB
34.99,35.0,34.99,35.0,200,2021-07-23 19:01:00,YMAB
35.0,35.0,35.0,35.0,200,2021-07-23 19:02:00,YMAB
35.0,35.0,35.0,35.0,400,2021-07-23 19:03:00,YMAB
34.93,34.99,34.93,34.965,1800,2021-07-23 19:04:00,YMAB
34.91,34.91,34.87,34.9,630,2021-07-23 19:05:00,YMAB
34.9,34.9,34.9,34.9,100,2021-07-23 19:06:00,YMAB
34.87,34.87,34.87,34.87,100,2021-07-23 19:07:00,YMAB
34.98,34.98,34.98,34.98,200,2021-07-23 19:10:00,YMAB
34.94,35.03,34.94,34.995,1000,2021-07-23 19:11:00,YMAB
35.0,35.035,34.99,35.02,1700,2021-07-23 19:12:00,YMAB
35.02,35.02,34.96,35.005,600,2021-07-23 19:13:00,YMAB
35.025,35.059,35.025,35.059,300,2021-07-23 19:14:00,YMAB
35.04,35.04,35.04,35.04,100,2021-07-23 19:16:00,YMAB
35.04,35.04,35.04,35.04,300,2021-07-23 19:17:00,YMAB
35.04,35.0496,35.04,35.04,500,2021-07-23 19:18:00,YMAB
35.04,35.135,35.04,35.135,700,2021-07-23 19:19:00,YMAB
35.135,35.21,35.135,35.21,200,2021-07-23 19:20:00,YMAB
35.22,35.295,35.2,35.28,1800,2021-07-23 19:21:00,YMAB
35.28,35.29,35.2,35.23,871,2021-07-23 19:22:00,YMAB
35.27,35.27,35.27,35.27,200,2021-07-23 19:23:00,YMAB
35.285,35.35,35.285,35.29,615,2021-07-23 19:24:00,YMAB
35.29,35.29,35.29,35.29,600,2021-07-23 19:25:00,YMAB
35.29,35.35,35.29,35.29,300,2021-07-23 19:26:00,YMAB
35.3,35.38,35.3,35.38,700,2021-07-23 19:27:00,YMAB
35.305,35.38,35.305,35.38,400,2021-07-23 19:28:00,YMAB
35.32,35.41,35.32,35.325,500,2021-07-23 19:29:00,YMAB
35.325,35.38,35.315,35.38,400,2021-07-23 19:30:00,YMAB
35.32,35.425,35.3,35.425,1400,2021-07-23 19:31:00,YMAB
35.39,35.39,35.275,35.28,1700,2021-07-23 19:32:00,YMAB
35.29,35.435,35.29,35.395,1400,2021-07-23 19:33:00,YMAB
35.395,35.395,35.325,35.325,1200,2021-07-23 19:34:00,YMAB
35.325,35.325,35.285,35.285,300,2021-07-23 19:35:00,YMAB
35.285,35.38,35.285,35.38,400,2021-07-23 19:36:00,YMAB
35.3,35.36,35.29,35.36,300,2021-07-23 19:37:00,YMAB
35.3,35.38,35.3,35.31,700,2021-07-23 19:38:00,YMAB
35.38,35.38,35.31,35.32,1700,2021-07-23 19:39:00,YMAB
35.32,35.37,35.32,35.36,700,2021-07-23 19:40:00,YMAB
35.32,35.37,35.32,35.37,700,2021-07-23 19:41:00,YMAB
35.37,35.44,35.36,35.39,1000,2021-07-23 19:42:00,YMAB
35.375,35.385,35.31,35.33,3100,2021-07-23 19:43:00,YMAB
35.33,35.33,35.31,35.31,300,2021-07-23 19:44:00,YMAB
35.345,35.4,35.345,35.38,1100,2021-07-23 19:45:00,YMAB
35.45,35.54,35.41,35.525,1600,2021-07-23 19:46:00,YMAB
35.525,35.57,35.435,35.51,3600,2021-07-23 19:47:00,YMAB
35.435,35.51,35.4,35.51,1400,2021-07-23 19:48:00,YMAB
35.5,35.63,35.42,35.63,3074,2021-07-23 19:49:00,YMAB
35.515,35.62,35.49,35.49,1700,2021-07-23 19:50:00,YMAB
35.55,35.62,35.49,35.6,2200,2021-07-23 19:51:00,YMAB
35.535,35.61,35.46,35.535,2810,2021-07-23 19:52:00,YMAB
35.53,35.61,35.51,35.525,2001,2021-07-23 19:53:00,YMAB
35.6094,35.6094,35.44,35.46,2300,2021-07-23 19:54:00,YMAB
35.46,35.46,35.29,35.34,3300,2021-07-23 19:55:00,YMAB
35.34,35.3694,35.29,35.33,1525,2021-07-23 19:56:00,YMAB
35.33,35.36,35.325,35.3594,1100,2021-07-23 19:57:00,YMAB
35.29,35.3594,35.29,35.325,1100,2021-07-23 19:58:00,YMAB
35.325,35.34,35.24,35.24,6894,2021-07-23 19:59:00,YMAB
35.33,35.33,35.33,35.33,18826,2021-07-23 20:00:00,YMAB
