open,high,low,close,volume,datetime,symbol
1.44,1.44,1.44,1.44,100,2022-01-03 10:10:00,CLEU
1.311,1.311,1.311,1.311,410,2022-01-03 13:05:00,CLEU
1.32,1.3201,1.32,1.3201,943,2022-01-03 14:30:00,CLEU
1.3205,1.3205,1.3205,1.3205,10000,2022-01-03 14:35:00,CLEU
1.32,1.33,1.32,1.3206,5040,2022-01-03 14:45:00,CLEU
1.34,1.36,1.33,1.36,11097,2022-01-03 14:55:00,CLEU
1.35,1.3955,1.35,1.3955,4053,2022-01-03 15:00:00,CLEU
1.37,1.39,1.3687,1.37,5409,2022-01-03 15:05:00,CLEU
1.35,1.36,1.34,1.34,44578,2022-01-03 15:10:00,CLEU
1.35,1.35,1.35,1.35,200,2022-01-03 15:15:00,CLEU
1.35,1.35,1.35,1.35,100,2022-01-03 15:20:00,CLEU
1.34,1.345,1.34,1.34,14115,2022-01-03 15:25:00,CLEU
1.3328,1.3328,1.3328,1.3328,177,2022-01-03 15:30:00,CLEU
1.34,1.34,1.34,1.34,100,2022-01-03 15:35:00,CLEU
1.34,1.34,1.3384,1.34,325,2022-01-03 15:40:00,CLEU
1.34,1.34,1.34,1.34,100,2022-01-03 15:45:00,CLEU
1.34,1.34,1.34,1.34,1000,2022-01-03 15:55:00,CLEU
1.33,1.33,1.33,1.33,100,2022-01-03 16:05:00,CLEU
1.33,1.33,1.33,1.33,200,2022-01-03 16:20:00,CLEU
1.34,1.34,1.34,1.34,100,2022-01-03 16:40:00,CLEU
1.3301,1.3301,1.33,1.33,200,2022-01-03 17:05:00,CLEU
1.335,1.335,1.335,1.335,100,2022-01-03 17:10:00,CLEU
1.34,1.34,1.3304,1.3304,300,2022-01-03 17:15:00,CLEU
1.3395,1.34,1.3393,1.34,1800,2022-01-03 17:40:00,CLEU
1.3399,1.3399,1.3394,1.3394,600,2022-01-03 18:00:00,CLEU
1.34,1.34,1.34,1.34,1798,2022-01-03 18:25:00,CLEU
1.35,1.35,1.3486,1.35,5500,2022-01-03 18:45:00,CLEU
1.34,1.35,1.34,1.35,600,2022-01-03 18:50:00,CLEU
1.35,1.35,1.34,1.34,500,2022-01-03 18:55:00,CLEU
1.34,1.34,1.34,1.34,1300,2022-01-03 19:40:00,CLEU
1.35,1.35,1.35,1.35,100,2022-01-03 19:45:00,CLEU
1.34,1.34,1.33,1.34,3275,2022-01-03 19:50:00,CLEU
1.3319,1.3319,1.3319,1.3319,175,2022-01-03 19:55:00,CLEU
1.34,1.34,1.34,1.34,274,2022-01-03 20:00:00,CLEU
1.3301,1.3301,1.3208,1.3217,12400,2022-01-03 20:15:00,CLEU
1.35,1.35,1.3499,1.3499,840,2022-01-03 20:20:00,CLEU
1.35,1.35,1.35,1.35,200,2022-01-03 20:25:00,CLEU
1.35,1.35,1.34,1.34,200,2022-01-03 20:30:00,CLEU
1.35,1.35,1.32,1.33,4113,2022-01-03 20:35:00,CLEU
1.35,1.35,1.35,1.35,400,2022-01-03 20:40:00,CLEU
1.345,1.345,1.335,1.34,880,2022-01-03 20:45:00,CLEU
1.34,1.35,1.34,1.35,3900,2022-01-03 20:50:00,CLEU
1.34,1.35,1.34,1.35,2420,2022-01-03 20:55:00,CLEU
1.33,1.33,1.27,1.27,1000,2022-01-04 10:25:00,CLEU
1.35,1.35,1.28,1.31,4276,2022-01-04 10:30:00,CLEU
1.32,1.33,1.31,1.31,10483,2022-01-04 10:35:00,CLEU
1.33,1.35,1.32,1.35,3700,2022-01-04 11:40:00,CLEU
1.35,1.35,1.35,1.35,100,2022-01-04 12:45:00,CLEU
1.34,1.34,1.34,1.34,100,2022-01-04 13:05:00,CLEU
1.36,1.36,1.35,1.36,600,2022-01-04 13:20:00,CLEU
1.35,1.35,1.35,1.35,100,2022-01-04 14:20:00,CLEU
1.34,1.34,1.34,1.34,694,2022-01-04 14:25:00,CLEU
1.32,1.39,1.32,1.39,18090,2022-01-04 14:30:00,CLEU
1.395,1.4,1.39,1.395,2350,2022-01-04 14:35:00,CLEU
1.38,1.4,1.36,1.4,20200,2022-01-04 14:40:00,CLEU
1.39,1.39,1.3701,1.3701,1640,2022-01-04 14:50:00,CLEU
1.37,1.47,1.37,1.39,27615,2022-01-04 14:55:00,CLEU
1.4,1.4,1.39,1.39,17882,2022-01-04 15:00:00,CLEU
1.38,1.39,1.37,1.3797,17848,2022-01-04 15:05:00,CLEU
1.38,1.38,1.38,1.38,1200,2022-01-04 15:10:00,CLEU
1.37,1.38,1.36,1.36,34244,2022-01-04 15:15:00,CLEU
1.36,1.36,1.345,1.345,3578,2022-01-04 15:20:00,CLEU
1.36,1.36,1.35,1.35,2900,2022-01-04 15:30:00,CLEU
1.35,1.361,1.3497,1.36,17360,2022-01-04 15:35:00,CLEU
1.355,1.36,1.355,1.3597,5822,2022-01-04 15:40:00,CLEU
1.365,1.38,1.365,1.3797,2900,2022-01-04 15:45:00,CLEU
1.36,1.3636,1.36,1.362,1000,2022-01-04 15:50:00,CLEU
1.37,1.37,1.37,1.37,100,2022-01-04 15:55:00,CLEU
1.36,1.36,1.36,1.36,1100,2022-01-04 16:00:00,CLEU
1.37,1.37,1.365,1.365,600,2022-01-04 16:10:00,CLEU
1.37,1.37,1.3666,1.3666,300,2022-01-04 16:15:00,CLEU
1.3699,1.3699,1.3699,1.3699,1500,2022-01-04 16:20:00,CLEU
1.365,1.365,1.365,1.365,100,2022-01-04 16:30:00,CLEU
1.3697,1.37,1.36,1.36,3091,2022-01-04 16:35:00,CLEU
1.3899,1.3899,1.3885,1.3885,590,2022-01-04 16:45:00,CLEU
1.39,1.4,1.3897,1.3997,15750,2022-01-04 16:55:00,CLEU
1.4,1.4,1.3997,1.4,4254,2022-01-04 17:00:00,CLEU
1.39,1.4,1.39,1.39,8505,2022-01-04 17:05:00,CLEU
1.38,1.38,1.37,1.37,45267,2022-01-04 17:10:00,CLEU
1.38,1.39,1.37,1.37,2458,2022-01-04 17:15:00,CLEU
1.38,1.38,1.36,1.36,28178,2022-01-04 17:20:00,CLEU
1.365,1.3698,1.365,1.3698,200,2022-01-04 17:25:00,CLEU
1.365,1.365,1.365,1.365,100,2022-01-04 17:30:00,CLEU
1.36,1.3695,1.36,1.3695,1800,2022-01-04 17:35:00,CLEU
1.36,1.36,1.35,1.35,12646,2022-01-04 17:40:00,CLEU
1.34,1.3497,1.34,1.345,600,2022-01-04 17:45:00,CLEU
1.35,1.35,1.345,1.345,1100,2022-01-04 17:55:00,CLEU
1.345,1.35,1.345,1.35,2750,2022-01-04 18:00:00,CLEU
1.34,1.34,1.34,1.34,100,2022-01-04 18:20:00,CLEU
1.34,1.34,1.34,1.34,1200,2022-01-04 18:30:00,CLEU
1.345,1.345,1.34,1.34,4996,2022-01-04 18:35:00,CLEU
1.34,1.34,1.34,1.34,695,2022-01-04 18:55:00,CLEU
1.34,1.34,1.34,1.34,1450,2022-01-04 19:05:00,CLEU
1.34,1.34,1.3382,1.34,300,2022-01-04 19:30:00,CLEU
1.34,1.34,1.335,1.335,1500,2022-01-04 19:45:00,CLEU
1.34,1.34,1.34,1.34,100,2022-01-04 20:10:00,CLEU
1.3395,1.3395,1.3395,1.3395,1000,2022-01-04 20:15:00,CLEU
1.335,1.335,1.335,1.335,425,2022-01-04 20:25:00,CLEU
1.34,1.34,1.34,1.34,100,2022-01-04 20:35:00,CLEU
1.34,1.36,1.33,1.36,32300,2022-01-04 20:45:00,CLEU
1.3301,1.3699,1.33,1.3699,23900,2022-01-04 20:50:00,CLEU
1.37,1.39,1.3356,1.39,7183,2022-01-04 20:55:00,CLEU
1.38,1.39,1.38,1.39,1181,2022-01-04 21:00:00,CLEU
1.4,1.4,1.4,1.4,100,2022-01-04 23:05:00,CLEU
1.4,1.4,1.39,1.39,1180,2022-01-04 23:35:00,CLEU
1.38,1.38,1.37,1.37,2300,2022-01-04 23:45:00,CLEU
1.39,1.39,1.38,1.38,2000,2022-01-04 23:50:00,CLEU
1.39,1.39,1.38,1.38,2000,2022-01-05 00:05:00,CLEU
1.3901,1.3901,1.37,1.37,4700,2022-01-05 00:50:00,CLEU
1.5,1.52,1.44,1.44,21040,2022-01-05 09:10:00,CLEU
1.44,1.44,1.43,1.43,2064,2022-01-05 09:15:00,CLEU
1.42,1.42,1.4,1.4,300,2022-01-05 09:25:00,CLEU
1.34,1.34,1.33,1.33,1611,2022-01-05 10:40:00,CLEU
1.38,1.39,1.38,1.39,1913,2022-01-05 12:00:00,CLEU
1.38,1.38,1.38,1.38,600,2022-01-05 12:10:00,CLEU
1.38,1.42,1.38,1.42,300,2022-01-05 12:20:00,CLEU
1.38,1.38,1.38,1.38,180,2022-01-05 13:15:00,CLEU
1.42,1.42,1.42,1.42,1000,2022-01-05 14:25:00,CLEU
1.39,1.39,1.359,1.36,16938,2022-01-05 14:30:00,CLEU
1.37,1.37,1.36,1.37,18032,2022-01-05 14:35:00,CLEU
1.36,1.37,1.3597,1.3597,24412,2022-01-05 14:40:00,CLEU
1.36,1.37,1.35,1.35,44414,2022-01-05 14:45:00,CLEU
1.36,1.38,1.36,1.38,6543,2022-01-05 14:50:00,CLEU
1.365,1.365,1.35,1.35,22100,2022-01-05 14:55:00,CLEU
1.345,1.3498,1.345,1.3498,200,2022-01-05 15:00:00,CLEU
1.35,1.35,1.345,1.3497,22300,2022-01-05 15:05:00,CLEU
1.34,1.34,1.34,1.34,304,2022-01-05 15:15:00,CLEU
1.34,1.34,1.34,1.34,700,2022-01-05 15:20:00,CLEU
1.3499,1.3499,1.3499,1.3499,2000,2022-01-05 15:40:00,CLEU
1.346,1.346,1.33,1.33,7500,2022-01-05 15:55:00,CLEU
1.32,1.32,1.31,1.32,10000,2022-01-05 16:00:00,CLEU
1.31,1.31,1.3,1.3005,13400,2022-01-05 16:15:00,CLEU
1.3007,1.3007,1.27,1.28,24787,2022-01-05 16:20:00,CLEU
1.27,1.31,1.27,1.3,5548,2022-01-05 16:25:00,CLEU
1.31,1.31,1.3,1.3,3676,2022-01-05 16:30:00,CLEU
1.295,1.3,1.295,1.3,2600,2022-01-05 16:35:00,CLEU
1.3,1.3,1.3,1.3,200,2022-01-05 16:40:00,CLEU
1.3,1.3,1.3,1.3,200,2022-01-05 17:10:00,CLEU
1.3,1.31,1.3,1.31,400,2022-01-05 17:15:00,CLEU
1.3,1.3126,1.3,1.31,1300,2022-01-05 17:20:00,CLEU
1.31,1.31,1.3,1.3,300,2022-01-05 17:25:00,CLEU
1.31,1.31,1.3,1.3,500,2022-01-05 17:30:00,CLEU
1.3,1.31,1.3,1.31,400,2022-01-05 17:35:00,CLEU
1.31,1.31,1.305,1.305,300,2022-01-05 17:40:00,CLEU
1.31,1.31,1.3,1.3,900,2022-01-05 17:45:00,CLEU
1.3,1.3,1.3,1.3,3250,2022-01-05 17:50:00,CLEU
1.3,1.3,1.29,1.29,4300,2022-01-05 18:05:00,CLEU
1.28,1.285,1.28,1.28,3300,2022-01-05 18:10:00,CLEU
1.285,1.285,1.28,1.28,10922,2022-01-05 18:15:00,CLEU
1.285,1.29,1.28,1.29,7600,2022-01-05 18:20:00,CLEU
1.288,1.2899,1.288,1.2897,1348,2022-01-05 18:25:00,CLEU
1.29,1.29,1.29,1.29,4600,2022-01-05 18:35:00,CLEU
1.285,1.285,1.28,1.28,7701,2022-01-05 18:50:00,CLEU
1.2898,1.3,1.2898,1.29,7000,2022-01-05 18:55:00,CLEU
1.29,1.29,1.29,1.29,600,2022-01-05 19:05:00,CLEU
1.29,1.29,1.29,1.29,100,2022-01-05 19:10:00,CLEU
1.2804,1.2804,1.28,1.28,1000,2022-01-05 19:15:00,CLEU
1.285,1.29,1.28,1.29,30608,2022-01-05 19:20:00,CLEU
1.2898,1.31,1.285,1.3,22800,2022-01-05 19:25:00,CLEU
1.3,1.32,1.3,1.3,6500,2022-01-05 19:30:00,CLEU
1.29,1.2989,1.29,1.29,2200,2022-01-05 19:50:00,CLEU
1.29,1.3,1.28,1.29,21387,2022-01-05 19:55:00,CLEU
1.29,1.3,1.285,1.29,15300,2022-01-05 20:00:00,CLEU
1.2899,1.3,1.2801,1.2968,14549,2022-01-05 20:05:00,CLEU
1.29,1.3302,1.29,1.3302,8393,2022-01-05 20:10:00,CLEU
1.33,1.3342,1.31,1.3311,11300,2022-01-05 20:15:00,CLEU
1.3301,1.34,1.3,1.3,26500,2022-01-05 20:20:00,CLEU
1.3,1.31,1.3,1.3,1400,2022-01-05 20:25:00,CLEU
1.3,1.313,1.3,1.31,38529,2022-01-05 20:30:00,CLEU
1.3,1.31,1.3,1.31,1400,2022-01-05 20:35:00,CLEU
1.32,1.32,1.3,1.315,4300,2022-01-05 20:40:00,CLEU
1.314,1.32,1.3,1.3,5000,2022-01-05 20:45:00,CLEU
1.3,1.31,1.3,1.31,4200,2022-01-05 20:50:00,CLEU
1.31,1.32,1.3,1.3,5868,2022-01-05 20:55:00,CLEU
1.33,1.34,1.33,1.33,318,2022-01-05 21:00:00,CLEU
1.32,1.32,1.32,1.32,5100,2022-01-05 21:05:00,CLEU
1.34,1.34,1.32,1.32,5800,2022-01-05 22:05:00,CLEU
1.32,1.32,1.32,1.32,3600,2022-01-05 22:40:00,CLEU
1.32,1.32,1.32,1.32,100,2022-01-05 22:45:00,CLEU
1.34,1.34,1.34,1.34,100,2022-01-06 00:40:00,CLEU
1.34,1.34,1.34,1.34,100,2022-01-06 00:45:00,CLEU
1.29,1.29,1.28,1.29,8000,2022-01-06 11:35:00,CLEU
1.3,1.3,1.28,1.29,16200,2022-01-06 11:40:00,CLEU
1.3,1.31,1.28,1.29,7800,2022-01-06 12:00:00,CLEU
1.32,1.32,1.32,1.32,200,2022-01-06 12:25:00,CLEU
1.31,1.31,1.31,1.31,500,2022-01-06 12:45:00,CLEU
1.33,1.33,1.33,1.33,100,2022-01-06 12:55:00,CLEU
1.32,1.32,1.32,1.32,200,2022-01-06 14:15:00,CLEU
1.33,1.33,1.31,1.32,1200,2022-01-06 14:20:00,CLEU
1.3,1.31,1.28,1.3,40324,2022-01-06 14:30:00,CLEU
1.3,1.3,1.29,1.29,9707,2022-01-06 14:35:00,CLEU
1.295,1.295,1.295,1.295,200,2022-01-06 14:40:00,CLEU
1.2984,1.2999,1.2901,1.295,550,2022-01-06 14:45:00,CLEU
1.29,1.29,1.29,1.29,9755,2022-01-06 14:50:00,CLEU
1.2901,1.2901,1.2901,1.2901,500,2022-01-06 14:55:00,CLEU
1.3,1.3,1.29,1.3,28525,2022-01-06 15:05:00,CLEU
1.29,1.29,1.28,1.28,61149,2022-01-06 15:10:00,CLEU
1.285,1.29,1.2797,1.28,2500,2022-01-06 15:15:00,CLEU
1.28,1.29,1.28,1.285,8600,2022-01-06 15:20:00,CLEU
1.285,1.29,1.2806,1.29,500,2022-01-06 15:35:00,CLEU
1.285,1.285,1.285,1.285,900,2022-01-06 15:40:00,CLEU
1.285,1.285,1.285,1.285,200,2022-01-06 15:50:00,CLEU
1.285,1.29,1.285,1.29,2495,2022-01-06 15:55:00,CLEU
1.29,1.29,1.285,1.285,10288,2022-01-06 16:00:00,CLEU
1.29,1.3,1.29,1.2975,5200,2022-01-06 16:05:00,CLEU
1.3,1.3,1.29,1.29,2345,2022-01-06 16:10:00,CLEU
1.3,1.3,1.3,1.3,1399,2022-01-06 16:15:00,CLEU
1.3,1.3,1.3,1.3,1300,2022-01-06 16:20:00,CLEU
1.3084,1.3084,1.3084,1.3084,200,2022-01-06 16:25:00,CLEU
1.3,1.3,1.3,1.3,100,2022-01-06 16:45:00,CLEU
1.3,1.3099,1.29,1.3,11500,2022-01-06 16:50:00,CLEU
1.3,1.3,1.3,1.3,500,2022-01-06 17:00:00,CLEU
1.3,1.3,1.29,1.29,10021,2022-01-06 17:05:00,CLEU
1.2894,1.2894,1.2894,1.2894,200,2022-01-06 17:10:00,CLEU
1.28,1.28,1.28,1.28,600,2022-01-06 17:30:00,CLEU
1.28,1.28,1.28,1.28,1600,2022-01-06 17:35:00,CLEU
1.28,1.28,1.27,1.27,2200,2022-01-06 17:40:00,CLEU
1.28,1.28,1.28,1.28,1050,2022-01-06 17:45:00,CLEU
1.2703,1.28,1.2703,1.2704,5385,2022-01-06 17:50:00,CLEU
1.2701,1.2701,1.27,1.27,7878,2022-01-06 17:55:00,CLEU
1.27,1.27,1.25,1.25,20006,2022-01-06 18:00:00,CLEU
1.255,1.27,1.25,1.27,22803,2022-01-06 18:05:00,CLEU
1.27,1.28,1.265,1.265,1700,2022-01-06 18:10:00,CLEU
1.26,1.27,1.26,1.26,1300,2022-01-06 18:15:00,CLEU
1.26,1.26,1.26,1.26,800,2022-01-06 18:20:00,CLEU
1.26,1.265,1.26,1.26,2500,2022-01-06 18:25:00,CLEU
1.26,1.27,1.26,1.27,1900,2022-01-06 18:30:00,CLEU
1.25,1.26,1.25,1.25,1000,2022-01-06 18:35:00,CLEU
1.25,1.26,1.25,1.25,1000,2022-01-06 18:40:00,CLEU
1.25,1.2521,1.25,1.25,1306,2022-01-06 18:45:00,CLEU
1.25,1.25,1.25,1.25,1200,2022-01-06 18:50:00,CLEU
1.25,1.25,1.25,1.25,800,2022-01-06 18:55:00,CLEU
1.25,1.25,1.25,1.25,1200,2022-01-06 19:00:00,CLEU
1.27,1.29,1.26,1.289,15139,2022-01-06 19:05:00,CLEU
1.28,1.285,1.28,1.285,1410,2022-01-06 19:10:00,CLEU
1.29,1.3,1.29,1.3,2650,2022-01-06 19:25:00,CLEU
1.29,1.2999,1.29,1.2999,5300,2022-01-06 19:40:00,CLEU
1.295,1.3,1.295,1.2999,2800,2022-01-06 19:45:00,CLEU
1.305,1.31,1.29,1.29,15660,2022-01-06 19:50:00,CLEU
1.3,1.3,1.3,1.3,300,2022-01-06 19:55:00,CLEU
1.3,1.305,1.3,1.305,13084,2022-01-06 20:00:00,CLEU
1.3001,1.31,1.2901,1.3,12400,2022-01-06 20:05:00,CLEU
1.3,1.3005,1.2933,1.3,3800,2022-01-06 20:10:00,CLEU
1.3,1.305,1.3,1.3,11100,2022-01-06 20:15:00,CLEU
1.305,1.31,1.3,1.3002,10900,2022-01-06 20:20:00,CLEU
1.3085,1.3085,1.2933,1.2933,5450,2022-01-06 20:25:00,CLEU
1.3,1.3006,1.3,1.3,7214,2022-01-06 20:30:00,CLEU
1.3,1.3005,1.29,1.3,5700,2022-01-06 20:35:00,CLEU
1.31,1.31,1.3004,1.3004,1100,2022-01-06 20:40:00,CLEU
1.3,1.31,1.29,1.29,27300,2022-01-06 20:45:00,CLEU
1.29,1.3,1.285,1.285,10707,2022-01-06 20:50:00,CLEU
1.29,1.3,1.29,1.3,2479,2022-01-06 20:55:00,CLEU
1.28,1.3,1.28,1.3,400,2022-01-06 21:00:00,CLEU
1.3,1.31,1.3,1.31,600,2022-01-06 21:20:00,CLEU
1.29,1.29,1.29,1.29,100,2022-01-06 22:00:00,CLEU
1.3,1.3001,1.3,1.3001,200,2022-01-06 22:15:00,CLEU
1.29,1.2901,1.29,1.29,45500,2022-01-06 22:20:00,CLEU
1.3,1.3,1.29,1.29,200,2022-01-07 00:25:00,CLEU
1.28,1.3001,1.28,1.3,30700,2022-01-07 00:30:00,CLEU
1.3,1.3,1.3,1.3,100,2022-01-07 00:35:00,CLEU
1.32,1.32,1.32,1.32,800,2022-01-07 13:35:00,CLEU
1.33,1.42,1.33,1.35,21228,2022-01-07 13:40:00,CLEU
1.4,1.4,1.32,1.32,11300,2022-01-07 13:45:00,CLEU
1.31,1.31,1.31,1.31,400,2022-01-07 14:00:00,CLEU
1.31,1.31,1.28,1.295,1291,2022-01-07 14:05:00,CLEU
1.28,1.28,1.28,1.28,100,2022-01-07 14:10:00,CLEU
1.29,1.29,1.29,1.29,853,2022-01-07 14:25:00,CLEU
1.29,1.2943,1.29,1.2943,2772,2022-01-07 14:30:00,CLEU
1.3,1.3,1.29,1.2908,1696,2022-01-07 14:35:00,CLEU
1.295,1.295,1.29,1.29,28150,2022-01-07 14:40:00,CLEU
1.29,1.29,1.29,1.29,16748,2022-01-07 14:45:00,CLEU
1.2992,1.3033,1.295,1.3033,10700,2022-01-07 14:50:00,CLEU
1.31,1.31,1.29,1.3,30200,2022-01-07 14:55:00,CLEU
1.3,1.305,1.29,1.3,37500,2022-01-07 15:00:00,CLEU
1.2984,1.3,1.29,1.29,3600,2022-01-07 15:05:00,CLEU
1.296,1.3,1.296,1.3,300,2022-01-07 15:15:00,CLEU
1.2901,1.291,1.2901,1.291,517,2022-01-07 15:20:00,CLEU
1.296,1.3033,1.295,1.3,14800,2022-01-07 15:25:00,CLEU
1.3,1.31,1.29,1.2951,13209,2022-01-07 15:30:00,CLEU
1.29,1.291,1.29,1.291,1814,2022-01-07 15:35:00,CLEU
1.29,1.3,1.28,1.28,8700,2022-01-07 15:40:00,CLEU
1.29,1.299,1.29,1.299,766,2022-01-07 15:45:00,CLEU
1.29,1.29,1.29,1.29,100,2022-01-07 15:55:00,CLEU
1.29,1.29,1.29,1.29,2000,2022-01-07 16:00:00,CLEU
1.29,1.29,1.29,1.29,100,2022-01-07 16:05:00,CLEU
1.29,1.29,1.2847,1.2847,1109,2022-01-07 16:10:00,CLEU
1.28,1.29,1.2599,1.29,24100,2022-01-07 16:15:00,CLEU
1.295,1.295,1.295,1.295,100,2022-01-07 16:20:00,CLEU
1.29,1.29,1.28,1.28,333,2022-01-07 16:25:00,CLEU
1.29,1.29,1.29,1.29,100,2022-01-07 16:30:00,CLEU
1.2899,1.2899,1.2899,1.2899,1600,2022-01-07 16:35:00,CLEU
1.29,1.2997,1.29,1.2997,1000,2022-01-07 16:45:00,CLEU
1.3,1.306,1.29,1.2999,13022,2022-01-07 16:50:00,CLEU
1.2993,1.31,1.295,1.3002,7500,2022-01-07 16:55:00,CLEU
1.305,1.31,1.29,1.296,21619,2022-01-07 17:00:00,CLEU
1.295,1.2997,1.295,1.295,500,2022-01-07 17:05:00,CLEU
1.2984,1.3,1.295,1.3,900,2022-01-07 17:10:00,CLEU
1.3,1.3,1.29,1.29,1175,2022-01-07 17:15:00,CLEU
1.29,1.2902,1.28,1.285,50907,2022-01-07 17:20:00,CLEU
1.29,1.29,1.28,1.28,2144,2022-01-07 17:25:00,CLEU
1.28,1.28,1.28,1.28,100,2022-01-07 17:30:00,CLEU
1.28,1.28,1.27,1.27,300,2022-01-07 17:35:00,CLEU
1.2921,1.2921,1.27,1.27,447,2022-01-07 17:40:00,CLEU
1.285,1.285,1.27,1.27,201,2022-01-07 17:45:00,CLEU
1.3,1.3,1.3,1.3,100,2022-01-07 18:25:00,CLEU
1.29,1.29,1.29,1.29,100,2022-01-07 18:30:00,CLEU
1.29,1.29,1.29,1.29,200,2022-01-07 18:35:00,CLEU
1.29,1.29,1.2853,1.2853,497,2022-01-07 18:45:00,CLEU
1.2861,1.2891,1.2861,1.2891,200,2022-01-07 19:05:00,CLEU
1.285,1.285,1.27,1.2701,5000,2022-01-07 19:30:00,CLEU
1.275,1.275,1.275,1.275,150,2022-01-07 19:45:00,CLEU
1.27,1.27,1.27,1.27,200,2022-01-07 20:30:00,CLEU
1.275,1.28,1.275,1.28,200,2022-01-07 20:40:00,CLEU
1.275,1.28,1.275,1.275,400,2022-01-07 20:45:00,CLEU
1.28,1.29,1.28,1.29,525,2022-01-07 20:55:00,CLEU
1.28,1.28,1.28,1.28,159,2022-01-07 21:00:00,CLEU
1.38,1.42,1.37,1.4,19419,2022-01-10 10:35:00,CLEU
1.38,1.38,1.34,1.34,300,2022-01-10 10:40:00,CLEU
1.33,1.33,1.33,1.33,500,2022-01-10 10:45:00,CLEU
1.33,1.33,1.27,1.28,14100,2022-01-10 10:50:00,CLEU
1.33,1.33,1.33,1.33,100,2022-01-10 10:55:00,CLEU
1.3,1.3,1.3,1.3,100,2022-01-10 12:00:00,CLEU
1.3,1.3,1.29,1.29,1200,2022-01-10 12:15:00,CLEU
1.29,1.29,1.28,1.28,1503,2022-01-10 12:55:00,CLEU
1.28,1.28,1.28,1.28,400,2022-01-10 13:25:00,CLEU
1.28,1.28,1.28,1.28,100,2022-01-10 13:40:00,CLEU
1.27,1.27,1.27,1.27,4400,2022-01-10 14:05:00,CLEU
1.28,1.28,1.27,1.28,5762,2022-01-10 14:30:00,CLEU
1.27,1.27,1.25,1.26,6904,2022-01-10 14:35:00,CLEU
1.251,1.251,1.251,1.251,1000,2022-01-10 14:50:00,CLEU
1.25,1.2501,1.25,1.25,12100,2022-01-10 14:55:00,CLEU
1.25,1.28,1.25,1.25,4282,2022-01-10 15:00:00,CLEU
1.25,1.25,1.24,1.24,1950,2022-01-10 15:40:00,CLEU
1.2492,1.2492,1.2492,1.2492,100,2022-01-10 15:50:00,CLEU
1.24,1.24,1.24,1.24,100,2022-01-10 16:10:00,CLEU
1.23,1.2399,1.23,1.23,3800,2022-01-10 16:15:00,CLEU
1.225,1.225,1.225,1.225,1001,2022-01-10 16:20:00,CLEU
1.23,1.24,1.2299,1.24,2800,2022-01-10 16:30:00,CLEU
1.2399,1.2399,1.2399,1.2399,300,2022-01-10 16:40:00,CLEU
1.24,1.24,1.2347,1.2347,16300,2022-01-10 16:50:00,CLEU
1.22,1.23,1.22,1.23,1200,2022-01-10 17:05:00,CLEU
1.22,1.22,1.22,1.22,150,2022-01-10 17:10:00,CLEU
1.23,1.23,1.22,1.22,200,2022-01-10 17:15:00,CLEU
1.22,1.22,1.22,1.22,200,2022-01-10 17:20:00,CLEU
1.22,1.22,1.22,1.22,152,2022-01-10 17:25:00,CLEU
1.22,1.2222,1.22,1.2222,348,2022-01-10 17:30:00,CLEU
1.22,1.22,1.22,1.22,200,2022-01-10 17:35:00,CLEU
1.22,1.24,1.22,1.23,35152,2022-01-10 17:40:00,CLEU
1.24,1.24,1.23,1.23,3200,2022-01-10 17:45:00,CLEU
1.235,1.24,1.235,1.24,1800,2022-01-10 17:50:00,CLEU
1.2375,1.24,1.23,1.24,2735,2022-01-10 17:55:00,CLEU
1.24,1.24,1.23,1.24,1800,2022-01-10 18:00:00,CLEU
1.25,1.28,1.24,1.28,14492,2022-01-10 18:05:00,CLEU
1.26,1.3,1.26,1.3,3855,2022-01-10 18:10:00,CLEU
1.3,1.32,1.29,1.3,30696,2022-01-10 18:15:00,CLEU
1.32,1.32,1.28,1.31,28762,2022-01-10 18:20:00,CLEU
1.29,1.31,1.29,1.31,300,2022-01-10 18:25:00,CLEU
1.29,1.29,1.27,1.27,29400,2022-01-10 18:30:00,CLEU
1.27,1.27,1.26,1.26,1100,2022-01-10 18:35:00,CLEU
1.26,1.26,1.26,1.26,200,2022-01-10 18:40:00,CLEU
1.26,1.28,1.26,1.275,1300,2022-01-10 18:45:00,CLEU
1.275,1.28,1.27,1.28,1075,2022-01-10 18:50:00,CLEU
1.275,1.28,1.275,1.279,1100,2022-01-10 18:55:00,CLEU
1.275,1.275,1.265,1.265,6200,2022-01-10 19:00:00,CLEU
1.26,1.26,1.26,1.26,300,2022-01-10 19:05:00,CLEU
1.26,1.26,1.26,1.26,200,2022-01-10 19:10:00,CLEU
1.27,1.27,1.27,1.27,1412,2022-01-10 19:15:00,CLEU
1.26,1.26,1.26,1.26,200,2022-01-10 19:20:00,CLEU
1.26,1.26,1.26,1.26,200,2022-01-10 19:25:00,CLEU
1.26,1.26,1.26,1.26,200,2022-01-10 19:30:00,CLEU
1.29,1.29,1.26,1.2898,3600,2022-01-10 19:35:00,CLEU
1.26,1.26,1.26,1.26,200,2022-01-10 19:40:00,CLEU
1.26,1.26,1.26,1.26,200,2022-01-10 19:45:00,CLEU
1.27,1.28,1.26,1.26,500,2022-01-10 19:50:00,CLEU
1.261,1.28,1.26,1.28,3500,2022-01-10 19:55:00,CLEU
1.27,1.27,1.27,1.27,200,2022-01-10 20:00:00,CLEU
1.27,1.27,1.27,1.27,300,2022-01-10 20:05:00,CLEU
1.27,1.27,1.27,1.27,200,2022-01-10 20:10:00,CLEU
1.28,1.3,1.27,1.2812,19196,2022-01-10 20:15:00,CLEU
1.28,1.3,1.27,1.2801,26169,2022-01-10 20:20:00,CLEU
1.28,1.2809,1.27,1.27,5029,2022-01-10 20:25:00,CLEU
1.27,1.27,1.27,1.27,300,2022-01-10 20:30:00,CLEU
1.29,1.2905,1.27,1.2732,11271,2022-01-10 20:35:00,CLEU
1.28,1.28,1.26,1.26,9555,2022-01-10 20:40:00,CLEU
1.255,1.27,1.25,1.26,22500,2022-01-10 20:45:00,CLEU
1.26,1.26,1.255,1.26,28092,2022-01-10 20:50:00,CLEU
1.25,1.28,1.25,1.28,3814,2022-01-10 20:55:00,CLEU
1.26,1.28,1.26,1.28,1500,2022-01-10 21:00:00,CLEU
1.28,1.28,1.25,1.25,17600,2022-01-10 21:05:00,CLEU
1.25,1.25,1.25,1.25,17400,2022-01-10 21:10:00,CLEU
1.25,1.25,1.24,1.24,2700,2022-01-10 21:15:00,CLEU
1.25,1.25,1.25,1.25,1100,2022-01-10 21:20:00,CLEU
1.25,1.26,1.25,1.26,7400,2022-01-10 21:25:00,CLEU
1.25,1.25,1.25,1.25,100,2022-01-10 21:30:00,CLEU
1.26,1.26,1.26,1.26,200,2022-01-10 21:40:00,CLEU
1.27,1.27,1.27,1.27,100,2022-01-10 21:50:00,CLEU
1.26,1.26,1.26,1.26,2000,2022-01-10 22:30:00,CLEU
1.26,1.26,1.25,1.26,1367,2022-01-10 22:35:00,CLEU
1.26,1.26,1.26,1.26,100,2022-01-10 22:40:00,CLEU
1.3,1.3,1.29,1.29,2200,2022-01-10 22:45:00,CLEU
1.28,1.28,1.28,1.28,15000,2022-01-10 22:50:00,CLEU
1.28,1.28,1.28,1.28,5100,2022-01-10 22:55:00,CLEU
1.24,1.24,1.24,1.24,21200,2022-01-11 00:25:00,CLEU
1.25,1.25,1.24,1.25,4600,2022-01-11 00:30:00,CLEU
1.25,1.25,1.25,1.25,1900,2022-01-11 00:35:00,CLEU
1.25,1.25,1.25,1.25,100,2022-01-11 00:40:00,CLEU
1.27,1.28,1.26,1.26,4179,2022-01-11 13:35:00,CLEU
1.3199,1.3199,1.28,1.28,8100,2022-01-11 13:45:00,CLEU
1.26,1.27,1.26,1.27,300,2022-01-11 13:50:00,CLEU
1.28,1.28,1.28,1.28,10000,2022-01-11 13:55:00,CLEU
1.27,1.27,1.27,1.27,10000,2022-01-11 14:15:00,CLEU
1.29,1.29,1.29,1.29,1294,2022-01-11 14:30:00,CLEU
1.29,1.29,1.29,1.29,300,2022-01-11 14:40:00,CLEU
1.29,1.2916,1.28,1.2901,11199,2022-01-11 14:45:00,CLEU
1.29,1.298,1.288,1.2903,17431,2022-01-11 14:50:00,CLEU
1.295,1.3,1.28,1.28,86200,2022-01-11 14:55:00,CLEU
1.2701,1.28,1.27,1.28,18876,2022-01-11 15:00:00,CLEU
1.2853,1.31,1.2853,1.29,20393,2022-01-11 15:05:00,CLEU
1.2909,1.3,1.29,1.29,24600,2022-01-11 15:10:00,CLEU
1.29,1.29,1.28,1.28,41400,2022-01-11 15:15:00,CLEU
1.29,1.3,1.28,1.29,19000,2022-01-11 15:20:00,CLEU
1.3,1.3,1.29,1.29,8100,2022-01-11 15:25:00,CLEU
1.2912,1.3079,1.27,1.29,28259,2022-01-11 15:30:00,CLEU
1.29,1.2901,1.2799,1.2799,53996,2022-01-11 15:35:00,CLEU
1.28,1.28,1.28,1.28,1200,2022-01-11 15:40:00,CLEU
1.28,1.28,1.275,1.275,200,2022-01-11 15:45:00,CLEU
1.28,1.28,1.28,1.28,100,2022-01-11 15:50:00,CLEU
1.28,1.28,1.28,1.28,100,2022-01-11 15:55:00,CLEU
1.2797,1.2799,1.2797,1.2799,4000,2022-01-11 16:00:00,CLEU
1.28,1.28,1.28,1.28,100,2022-01-11 16:05:00,CLEU
1.2793,1.2793,1.275,1.2784,1200,2022-01-11 16:20:00,CLEU
1.28,1.28,1.28,1.28,225,2022-01-11 16:25:00,CLEU
1.28,1.3,1.28,1.2905,10845,2022-01-11 16:30:00,CLEU
1.3,1.3,1.27,1.2902,33985,2022-01-11 16:35:00,CLEU
1.29,1.3,1.28,1.29,39752,2022-01-11 16:40:00,CLEU
1.29,1.2901,1.285,1.285,7921,2022-01-11 16:45:00,CLEU
1.285,1.29,1.285,1.29,5800,2022-01-11 16:50:00,CLEU
1.2852,1.3,1.285,1.285,6900,2022-01-11 16:55:00,CLEU
1.285,1.285,1.275,1.275,54026,2022-01-11 17:00:00,CLEU
1.275,1.275,1.2714,1.2714,250,2022-01-11 17:05:00,CLEU
1.2708,1.28,1.27,1.275,2700,2022-01-11 17:10:00,CLEU
1.28,1.28,1.28,1.28,200,2022-01-11 17:20:00,CLEU
1.275,1.275,1.275,1.275,100,2022-01-11 17:25:00,CLEU
1.2799,1.2799,1.275,1.275,4900,2022-01-11 17:35:00,CLEU
1.28,1.28,1.28,1.28,100,2022-01-11 17:40:00,CLEU
1.28,1.29,1.28,1.28,18600,2022-01-11 17:45:00,CLEU
1.28,1.28,1.28,1.28,100,2022-01-11 17:55:00,CLEU
1.2753,1.2753,1.27,1.27,500,2022-01-11 18:00:00,CLEU
1.28,1.28,1.28,1.28,100,2022-01-11 18:10:00,CLEU
1.28,1.28,1.28,1.28,200,2022-01-11 18:25:00,CLEU
1.2796,1.28,1.275,1.275,3380,2022-01-11 18:30:00,CLEU
1.28,1.28,1.2701,1.2701,525,2022-01-11 18:50:00,CLEU
1.28,1.28,1.2793,1.2793,940,2022-01-11 18:55:00,CLEU
1.28,1.28,1.2792,1.2792,288,2022-01-11 19:40:00,CLEU
1.2793,1.28,1.2793,1.28,400,2022-01-11 19:50:00,CLEU
1.27,1.27,1.27,1.27,500,2022-01-11 19:55:00,CLEU
1.275,1.275,1.275,1.275,100,2022-01-11 20:05:00,CLEU
1.27,1.27,1.27,1.27,588,2022-01-11 20:10:00,CLEU
1.28,1.28,1.28,1.28,200,2022-01-11 20:15:00,CLEU
1.275,1.275,1.275,1.275,100,2022-01-11 20:20:00,CLEU
1.28,1.28,1.275,1.28,7825,2022-01-11 20:30:00,CLEU
1.285,1.29,1.28,1.28,9585,2022-01-11 20:35:00,CLEU
1.28,1.29,1.28,1.285,6600,2022-01-11 20:40:00,CLEU
1.285,1.285,1.28,1.28,9593,2022-01-11 20:45:00,CLEU
1.28,1.29,1.28,1.28,5400,2022-01-11 20:50:00,CLEU
1.28,1.29,1.28,1.28,7648,2022-01-11 20:55:00,CLEU
1.29,1.29,1.29,1.29,10318,2022-01-11 21:00:00,CLEU
1.29,1.29,1.29,1.29,200,2022-01-11 21:05:00,CLEU
1.26,1.28,1.26,1.28,4800,2022-01-11 21:10:00,CLEU
1.29,1.29,1.29,1.29,5100,2022-01-11 21:15:00,CLEU
1.29,1.29,1.29,1.29,703,2022-01-11 21:50:00,CLEU
1.3,1.3,1.29,1.29,200,2022-01-11 21:55:00,CLEU
1.29,1.29,1.29,1.29,2100,2022-01-11 22:10:00,CLEU
1.29,1.29,1.29,1.29,1200,2022-01-11 22:15:00,CLEU
1.3,1.3,1.3,1.3,500,2022-01-11 22:20:00,CLEU
1.26,1.26,1.26,1.26,1100,2022-01-12 00:10:00,CLEU
1.27,1.27,1.27,1.27,100,2022-01-12 00:15:00,CLEU
1.29,1.29,1.29,1.29,100,2022-01-12 00:20:00,CLEU
1.29,1.29,1.29,1.29,900,2022-01-12 00:25:00,CLEU
1.3,1.3,1.3,1.3,5700,2022-01-12 00:30:00,CLEU
1.3,1.3,1.3,1.3,100,2022-01-12 00:35:00,CLEU
1.31,1.31,1.3,1.3,200,2022-01-12 00:40:00,CLEU
1.29,1.29,1.29,1.29,100,2022-01-12 00:45:00,CLEU
1.35,1.44,1.35,1.44,26858,2022-01-12 09:25:00,CLEU
1.4,1.4,1.39,1.39,2200,2022-01-12 09:30:00,CLEU
1.36,1.36,1.36,1.36,100,2022-01-12 11:50:00,CLEU
1.36,1.36,1.36,1.36,100,2022-01-12 11:55:00,CLEU
1.3,1.31,1.3,1.3,6400,2022-01-12 13:35:00,CLEU
1.29,1.29,1.29,1.29,442,2022-01-12 13:45:00,CLEU
1.3,1.3,1.3,1.3,2100,2022-01-12 13:55:00,CLEU
1.3,1.3,1.3,1.3,4100,2022-01-12 14:05:00,CLEU
1.3,1.3,1.3,1.3,8114,2022-01-12 14:10:00,CLEU
1.3,1.3,1.3,1.3,1646,2022-01-12 14:15:00,CLEU
1.3,1.3,1.29,1.29,819,2022-01-12 14:20:00,CLEU
1.3,1.3,1.28,1.29,11748,2022-01-12 14:30:00,CLEU
1.28,1.2852,1.28,1.28,13928,2022-01-12 14:35:00,CLEU
1.28,1.28,1.2734,1.2734,1289,2022-01-12 14:40:00,CLEU
1.28,1.28,1.28,1.28,100,2022-01-12 14:45:00,CLEU
1.29,1.29,1.29,1.29,1000,2022-01-12 14:55:00,CLEU
1.29,1.3,1.28,1.2901,4100,2022-01-12 15:00:00,CLEU
1.295,1.295,1.28,1.28,31380,2022-01-12 15:05:00,CLEU
1.29,1.2935,1.28,1.285,47000,2022-01-12 15:10:00,CLEU
1.2861,1.29,1.285,1.285,300,2022-01-12 15:15:00,CLEU
1.29,1.3,1.29,1.29,4602,2022-01-12 15:20:00,CLEU
1.28,1.28,1.28,1.28,400,2022-01-12 15:25:00,CLEU
1.27,1.275,1.26,1.26,12683,2022-01-12 15:30:00,CLEU
1.26,1.28,1.26,1.28,13700,2022-01-12 15:35:00,CLEU
1.28,1.28,1.265,1.27,28780,2022-01-12 15:40:00,CLEU
1.27,1.29,1.265,1.29,35350,2022-01-12 15:45:00,CLEU
1.285,1.285,1.285,1.285,100,2022-01-12 15:55:00,CLEU
1.29,1.29,1.285,1.285,6259,2022-01-12 16:00:00,CLEU
1.28,1.28,1.28,1.28,300,2022-01-12 16:05:00,CLEU
1.28,1.28,1.28,1.28,200,2022-01-12 16:10:00,CLEU
1.29,1.29,1.28,1.28,500,2022-01-12 16:15:00,CLEU
1.2804,1.2804,1.28,1.28,300,2022-01-12 16:20:00,CLEU
1.28,1.28,1.28,1.28,200,2022-01-12 16:25:00,CLEU
1.28,1.29,1.28,1.29,300,2022-01-12 16:30:00,CLEU
1.28,1.28,1.28,1.28,400,2022-01-12 16:35:00,CLEU
1.2801,1.2801,1.28,1.28,1200,2022-01-12 16:40:00,CLEU
1.285,1.285,1.28,1.28,1800,2022-01-12 16:45:00,CLEU
1.272,1.275,1.27,1.27,4350,2022-01-12 16:50:00,CLEU
1.28,1.28,1.27,1.27,7900,2022-01-12 17:00:00,CLEU
1.27,1.27,1.27,1.27,100,2022-01-12 17:40:00,CLEU
1.27,1.27,1.27,1.27,100,2022-01-12 17:45:00,CLEU
1.27,1.285,1.27,1.28,2931,2022-01-12 17:50:00,CLEU
1.28,1.29,1.28,1.29,400,2022-01-12 17:55:00,CLEU
1.28,1.28,1.28,1.28,400,2022-01-12 18:00:00,CLEU
1.28,1.28,1.28,1.28,200,2022-01-12 18:05:00,CLEU
1.28,1.28,1.28,1.28,400,2022-01-12 18:10:00,CLEU
1.28,1.28,1.28,1.28,200,2022-01-12 18:15:00,CLEU
1.28,1.28,1.28,1.28,400,2022-01-12 18:20:00,CLEU
1.28,1.29,1.28,1.28,600,2022-01-12 18:25:00,CLEU
1.28,1.28,1.28,1.28,200,2022-01-12 18:30:00,CLEU
1.28,1.28,1.28,1.28,400,2022-01-12 18:35:00,CLEU
1.28,1.28,1.28,1.28,200,2022-01-12 18:40:00,CLEU
1.28,1.285,1.28,1.285,500,2022-01-12 18:45:00,CLEU
1.285,1.29,1.28,1.28,1300,2022-01-12 18:50:00,CLEU
1.28,1.28,1.28,1.28,400,2022-01-12 18:55:00,CLEU
1.28,1.29,1.28,1.29,500,2022-01-12 19:00:00,CLEU
1.28,1.28,1.28,1.28,200,2022-01-12 19:05:00,CLEU
1.28,1.28,1.28,1.28,400,2022-01-12 19:10:00,CLEU
1.28,1.28,1.28,1.28,200,2022-01-12 19:15:00,CLEU
1.28,1.285,1.28,1.285,400,2022-01-12 19:20:00,CLEU
1.28,1.28,1.28,1.28,400,2022-01-12 19:25:00,CLEU
1.285,1.285,1.28,1.28,300,2022-01-12 19:30:00,CLEU
1.28,1.2801,1.28,1.28,900,2022-01-12 19:35:00,CLEU
1.28,1.28,1.28,1.28,200,2022-01-12 19:40:00,CLEU
1.28,1.28,1.28,1.28,400,2022-01-12 19:45:00,CLEU
1.28,1.285,1.2732,1.285,4802,2022-01-12 19:50:00,CLEU
1.2801,1.2801,1.2698,1.28,10700,2022-01-12 19:55:00,CLEU
1.28,1.28,1.28,1.28,2000,2022-01-12 20:20:00,CLEU
1.28,1.28,1.28,1.28,100,2022-01-12 20:30:00,CLEU
1.28,1.28,1.28,1.28,100,2022-01-12 20:40:00,CLEU
1.28,1.28,1.28,1.28,100,2022-01-12 20:45:00,CLEU
1.28,1.28,1.28,1.28,700,2022-01-12 20:50:00,CLEU
1.28,1.29,1.27,1.27,4300,2022-01-12 20:55:00,CLEU
1.26,1.26,1.26,1.26,728,2022-01-12 21:00:00,CLEU
1.28,1.28,1.28,1.28,100,2022-01-12 21:10:00,CLEU
1.27,1.27,1.27,1.27,500,2022-01-12 21:15:00,CLEU
1.29,1.29,1.29,1.29,2400,2022-01-12 21:50:00,CLEU
1.28,1.28,1.28,1.28,500,2022-01-12 22:05:00,CLEU
1.28,1.28,1.28,1.28,2000,2022-01-12 22:50:00,CLEU
1.29,1.29,1.29,1.29,800,2022-01-12 23:20:00,CLEU
1.27,1.27,1.25,1.25,19978,2022-01-12 23:40:00,CLEU
1.25,1.26,1.23,1.26,101935,2022-01-12 23:45:00,CLEU
1.26,1.26,1.26,1.26,300,2022-01-12 23:50:00,CLEU
1.3,1.3,1.26,1.26,5000,2022-01-12 23:55:00,CLEU
1.3,1.3,1.3,1.3,18600,2022-01-13 00:00:00,CLEU
1.31,1.31,1.31,1.31,5000,2022-01-13 00:05:00,CLEU
1.31,1.31,1.31,1.31,100,2022-01-13 00:10:00,CLEU
1.31,1.31,1.3,1.3,84000,2022-01-13 00:20:00,CLEU
1.31,1.31,1.31,1.31,100,2022-01-13 00:25:00,CLEU
1.31,1.31,1.31,1.31,1400,2022-01-13 00:30:00,CLEU
1.31,1.31,1.3,1.3,1200,2022-01-13 00:35:00,CLEU
1.25,1.26,1.25,1.26,20300,2022-01-13 00:40:00,CLEU
1.27,1.27,1.26,1.26,16800,2022-01-13 00:45:00,CLEU
1.26,1.27,1.2499,1.26,46300,2022-01-13 00:50:00,CLEU
1.25,1.3,1.2499,1.3,45200,2022-01-13 00:55:00,CLEU
1.25,1.25,1.25,1.25,5000,2022-01-13 13:55:00,CLEU
1.25,1.3,1.25,1.26,606,2022-01-13 14:00:00,CLEU
1.29,1.29,1.29,1.29,100,2022-01-13 14:10:00,CLEU
1.3,1.3,1.3,1.3,29004,2022-01-13 14:20:00,CLEU
1.3,1.3,1.3,1.3,30400,2022-01-13 14:25:00,CLEU
1.26,1.27,1.2598,1.27,40551,2022-01-13 14:30:00,CLEU
1.27,1.2761,1.2698,1.2761,22863,2022-01-13 14:35:00,CLEU
1.27,1.27,1.27,1.27,14730,2022-01-13 14:40:00,CLEU
1.28,1.2892,1.28,1.2892,5100,2022-01-13 14:55:00,CLEU
1.285,1.285,1.27,1.2805,2100,2022-01-13 15:00:00,CLEU
1.2801,1.2801,1.28,1.28,2200,2022-01-13 15:05:00,CLEU
1.28,1.2805,1.27,1.2805,2000,2022-01-13 15:10:00,CLEU
1.28,1.28,1.28,1.28,1500,2022-01-13 15:15:00,CLEU
1.2701,1.2701,1.2701,1.2701,2500,2022-01-13 15:20:00,CLEU
1.27,1.27,1.26,1.26,15300,2022-01-13 15:25:00,CLEU
1.2501,1.2501,1.2501,1.2501,2000,2022-01-13 15:30:00,CLEU
1.26,1.2605,1.26,1.2605,2300,2022-01-13 15:35:00,CLEU
1.25,1.2501,1.24,1.245,4728,2022-01-13 15:40:00,CLEU
1.2588,1.2588,1.2588,1.2588,800,2022-01-13 15:45:00,CLEU
1.25,1.25,1.24,1.24,5000,2022-01-13 16:00:00,CLEU
1.2465,1.2467,1.22,1.22,3200,2022-01-13 16:05:00,CLEU
1.23,1.24,1.23,1.2399,952,2022-01-13 16:10:00,CLEU
1.2301,1.2386,1.225,1.225,4250,2022-01-13 16:25:00,CLEU
1.23,1.24,1.22,1.23,15400,2022-01-13 16:30:00,CLEU
1.23,1.23,1.22,1.23,1282,2022-01-13 16:35:00,CLEU
1.22,1.225,1.22,1.22,6891,2022-01-13 16:40:00,CLEU
1.22,1.22,1.22,1.22,700,2022-01-13 16:45:00,CLEU
1.22,1.22,1.22,1.22,200,2022-01-13 16:50:00,CLEU
1.2294,1.23,1.22,1.23,2823,2022-01-13 16:55:00,CLEU
1.23,1.23,1.22,1.22,2000,2022-01-13 17:00:00,CLEU
1.2295,1.2295,1.22,1.22,1025,2022-01-13 17:05:00,CLEU
1.22,1.22,1.22,1.22,200,2022-01-13 17:10:00,CLEU
1.22,1.22,1.22,1.22,200,2022-01-13 17:15:00,CLEU
1.22,1.23,1.22,1.22,800,2022-01-13 17:20:00,CLEU
1.225,1.225,1.22,1.22,200,2022-01-13 17:25:00,CLEU
1.225,1.225,1.225,1.225,200,2022-01-13 17:35:00,CLEU
1.22,1.22,1.22,1.22,200,2022-01-13 17:40:00,CLEU
1.22,1.22,1.22,1.22,200,2022-01-13 17:45:00,CLEU
1.22,1.2201,1.22,1.2201,350,2022-01-13 17:50:00,CLEU
1.22,1.2297,1.22,1.2297,700,2022-01-13 17:55:00,CLEU
1.225,1.23,1.22,1.2201,2190,2022-01-13 18:00:00,CLEU
1.225,1.225,1.22,1.22,200,2022-01-13 18:05:00,CLEU
1.225,1.23,1.22,1.2298,2817,2022-01-13 18:10:00,CLEU
1.225,1.225,1.22,1.22,200,2022-01-13 18:15:00,CLEU
1.2292,1.2299,1.225,1.225,1630,2022-01-13 18:20:00,CLEU
1.23,1.23,1.225,1.225,200,2022-01-13 18:25:00,CLEU
1.23,1.23,1.22,1.23,1050,2022-01-13 18:30:00,CLEU
1.225,1.225,1.22,1.22,200,2022-01-13 18:35:00,CLEU
1.225,1.225,1.225,1.225,200,2022-01-13 18:40:00,CLEU
1.225,1.225,1.225,1.225,200,2022-01-13 18:45:00,CLEU
1.225,1.225,1.22,1.22,200,2022-01-13 18:50:00,CLEU
1.225,1.225,1.225,1.225,200,2022-01-13 18:55:00,CLEU
1.225,1.2299,1.225,1.2299,1200,2022-01-13 19:00:00,CLEU
1.225,1.225,1.22,1.22,200,2022-01-13 19:05:00,CLEU
1.23,1.23,1.23,1.23,100,2022-01-13 19:10:00,CLEU
1.227,1.227,1.227,1.227,300,2022-01-13 19:15:00,CLEU
1.23,1.23,1.22,1.22,200,2022-01-13 19:40:00,CLEU
1.22,1.23,1.22,1.22,19200,2022-01-13 19:45:00,CLEU
1.225,1.225,1.22,1.225,300,2022-01-13 19:50:00,CLEU
1.225,1.225,1.225,1.225,100,2022-01-13 19:55:00,CLEU
1.225,1.225,1.225,1.225,1100,2022-01-13 20:00:00,CLEU
1.2291,1.26,1.225,1.26,17386,2022-01-13 20:15:00,CLEU
1.26,1.26,1.25,1.255,2300,2022-01-13 20:20:00,CLEU
1.2548,1.2597,1.25,1.2597,1100,2022-01-13 20:25:00,CLEU
1.25,1.2639,1.25,1.2639,20153,2022-01-13 20:30:00,CLEU
1.265,1.27,1.26,1.265,412,2022-01-13 20:35:00,CLEU
1.26,1.26,1.2518,1.2518,1500,2022-01-13 20:40:00,CLEU
1.26,1.26,1.26,1.26,200,2022-01-13 20:45:00,CLEU
1.26,1.26,1.25,1.26,2100,2022-01-13 20:50:00,CLEU
1.26,1.26,1.26,1.26,1802,2022-01-13 20:55:00,CLEU
1.25,1.26,1.25,1.26,1756,2022-01-13 21:00:00,CLEU
1.27,1.27,1.27,1.27,100,2022-01-13 21:05:00,CLEU
1.26,1.26,1.26,1.26,100,2022-01-13 21:10:00,CLEU
1.26,1.26,1.26,1.26,100,2022-01-13 21:15:00,CLEU
1.26,1.2601,1.26,1.26,300,2022-01-13 21:25:00,CLEU
1.27,1.27,1.27,1.27,100,2022-01-13 22:35:00,CLEU
1.26,1.2601,1.26,1.2601,200,2022-01-14 00:40:00,CLEU
1.32,1.4,1.31,1.31,27297,2022-01-14 09:35:00,CLEU
1.26,1.28,1.26,1.28,5100,2022-01-14 09:40:00,CLEU
1.27,1.28,1.26,1.28,2500,2022-01-14 09:45:00,CLEU
1.28,1.29,1.28,1.29,700,2022-01-14 10:05:00,CLEU
1.26,1.28,1.26,1.28,1300,2022-01-14 10:10:00,CLEU
1.28,1.28,1.28,1.28,500,2022-01-14 10:15:00,CLEU
1.28,1.28,1.28,1.28,500,2022-01-14 10:55:00,CLEU
1.28,1.28,1.28,1.28,300,2022-01-14 11:00:00,CLEU
1.28,1.29,1.28,1.29,200,2022-01-14 11:30:00,CLEU
1.29,1.29,1.28,1.28,200,2022-01-14 11:35:00,CLEU
1.27,1.27,1.27,1.27,200,2022-01-14 12:20:00,CLEU
1.26,1.27,1.26,1.27,800,2022-01-14 13:00:00,CLEU
1.27,1.27,1.27,1.27,100,2022-01-14 13:20:00,CLEU
1.28,1.28,1.28,1.28,100,2022-01-14 13:35:00,CLEU
1.28,1.28,1.28,1.28,100,2022-01-14 13:40:00,CLEU
1.27,1.27,1.27,1.27,295,2022-01-14 13:50:00,CLEU
1.27,1.27,1.26,1.26,4000,2022-01-14 14:00:00,CLEU
1.26,1.26,1.26,1.26,600,2022-01-14 14:05:00,CLEU
1.29,1.29,1.28,1.28,5300,2022-01-14 14:10:00,CLEU
1.26,1.26,1.26,1.26,487,2022-01-14 14:25:00,CLEU
1.24,1.26,1.24,1.26,2011,2022-01-14 14:30:00,CLEU
1.26,1.26,1.26,1.26,2999,2022-01-14 14:35:00,CLEU
1.2401,1.2401,1.2401,1.2401,315,2022-01-14 14:50:00,CLEU
1.25,1.25,1.25,1.25,100,2022-01-14 15:00:00,CLEU
1.2402,1.2402,1.2402,1.2402,950,2022-01-14 15:15:00,CLEU
1.24,1.24,1.2,1.2,13200,2022-01-14 15:40:00,CLEU
1.21,1.21,1.19,1.2,8506,2022-01-14 15:45:00,CLEU
1.22,1.22,1.2,1.2,4092,2022-01-14 15:50:00,CLEU
1.1995,1.22,1.1995,1.22,1439,2022-01-14 15:55:00,CLEU
1.22,1.2203,1.22,1.2201,2650,2022-01-14 16:00:00,CLEU
1.23,1.23,1.23,1.23,200,2022-01-14 16:20:00,CLEU
1.22,1.2395,1.22,1.23,8130,2022-01-14 16:35:00,CLEU
1.235,1.235,1.235,1.235,100,2022-01-14 16:40:00,CLEU
1.24,1.25,1.235,1.245,9900,2022-01-14 16:50:00,CLEU
1.245,1.2497,1.245,1.2497,1248,2022-01-14 16:55:00,CLEU
1.24,1.2403,1.23,1.23,7844,2022-01-14 17:10:00,CLEU
1.2201,1.2201,1.22,1.22,8256,2022-01-14 17:20:00,CLEU
1.22,1.22,1.219,1.22,5400,2022-01-14 17:40:00,CLEU
1.22,1.22,1.22,1.22,200,2022-01-14 17:45:00,CLEU
1.22,1.22,1.202,1.202,1950,2022-01-14 18:15:00,CLEU
1.2,1.22,1.2,1.22,17600,2022-01-14 18:25:00,CLEU
1.2,1.22,1.2,1.22,4200,2022-01-14 18:30:00,CLEU
1.2183,1.2183,1.2183,1.2183,100,2022-01-14 18:35:00,CLEU
1.2115,1.215,1.2115,1.215,275,2022-01-14 18:40:00,CLEU
1.22,1.22,1.22,1.22,300,2022-01-14 18:45:00,CLEU
1.2102,1.2199,1.2102,1.2199,1416,2022-01-14 18:55:00,CLEU
1.21,1.22,1.21,1.215,2850,2022-01-14 19:00:00,CLEU
1.2194,1.2194,1.2109,1.2109,700,2022-01-14 19:05:00,CLEU
1.2101,1.2101,1.2101,1.2101,300,2022-01-14 19:20:00,CLEU
1.22,1.22,1.22,1.22,1440,2022-01-14 19:25:00,CLEU
1.215,1.215,1.215,1.215,400,2022-01-14 19:30:00,CLEU
1.22,1.22,1.2199,1.2199,479,2022-01-14 19:35:00,CLEU
1.22,1.22,1.215,1.215,1100,2022-01-14 19:55:00,CLEU
1.21,1.22,1.21,1.22,2850,2022-01-14 20:00:00,CLEU
1.22,1.22,1.21,1.22,1575,2022-01-14 20:15:00,CLEU
1.2192,1.2192,1.2192,1.2192,400,2022-01-14 20:20:00,CLEU
1.21,1.21,1.21,1.21,100,2022-01-14 20:30:00,CLEU
1.21,1.21,1.21,1.21,625,2022-01-14 20:45:00,CLEU
1.22,1.22,1.22,1.22,100,2022-01-14 20:50:00,CLEU
1.215,1.2195,1.21,1.21,748,2022-01-14 20:55:00,CLEU
1.22,1.22,1.22,1.22,310,2022-01-14 21:00:00,CLEU
1.21,1.21,1.21,1.21,125,2022-01-15 00:40:00,CLEU
1.25,1.25,1.24,1.25,4217,2022-01-18 09:25:00,CLEU
1.26,1.27,1.23,1.24,3049,2022-01-18 09:30:00,CLEU
1.23,1.26,1.23,1.26,3140,2022-01-18 09:35:00,CLEU
1.26,1.26,1.25,1.25,521,2022-01-18 09:45:00,CLEU
1.24,1.24,1.2,1.2,2450,2022-01-18 09:50:00,CLEU
1.2,1.2,1.2,1.2,400,2022-01-18 10:15:00,CLEU
1.18,1.2,1.17,1.18,900,2022-01-18 11:30:00,CLEU
1.17,1.17,1.16,1.16,200,2022-01-18 11:35:00,CLEU
1.18,1.2,1.18,1.2,700,2022-01-18 12:40:00,CLEU
1.19,1.2,1.18,1.2,6009,2022-01-18 14:30:00,CLEU
1.18,1.18,1.15,1.165,54325,2022-01-18 14:35:00,CLEU
1.18,1.18,1.13,1.13,15796,2022-01-18 14:40:00,CLEU
1.15,1.18,1.13,1.17,35478,2022-01-18 14:45:00,CLEU
1.17,1.17,1.097,1.1249,141931,2022-01-18 14:50:00,CLEU
1.12,1.13,1.08,1.08,8865,2022-01-18 14:55:00,CLEU
1.0801,1.1299,1.08,1.08,7080,2022-01-18 15:00:00,CLEU
1.08,1.11,1.08,1.11,34362,2022-01-18 15:05:00,CLEU
1.08,1.0801,1.08,1.08,28475,2022-01-18 15:10:00,CLEU
1.07,1.1,1.06,1.0901,28973,2022-01-18 15:15:00,CLEU
1.09,1.09,1.06,1.0899,50364,2022-01-18 15:20:00,CLEU
1.07,1.09,1.06,1.06,94657,2022-01-18 15:25:00,CLEU
1.08,1.089,1.05,1.05,22690,2022-01-18 15:30:00,CLEU
1.0781,1.08,1.04,1.07,30651,2022-01-18 15:35:00,CLEU
1.06,1.07,1.0401,1.07,23800,2022-01-18 15:40:00,CLEU
1.0652,1.0657,1.055,1.0657,2250,2022-01-18 15:45:00,CLEU
1.05,1.069,1.05,1.069,4829,2022-01-18 15:50:00,CLEU
1.068,1.07,1.068,1.07,2200,2022-01-18 15:55:00,CLEU
1.07,1.07,1.07,1.07,3100,2022-01-18 16:00:00,CLEU
1.06,1.06,1.055,1.06,1524,2022-01-18 16:15:00,CLEU
1.05,1.05,1.0495,1.0495,5200,2022-01-18 16:20:00,CLEU
1.05,1.052,1.04,1.04,2200,2022-01-18 16:25:00,CLEU
1.0412,1.045,1.04,1.0427,1775,2022-01-18 16:30:00,CLEU
1.06,1.06,1.04,1.0587,2464,2022-01-18 16:35:00,CLEU
1.05,1.05,1.05,1.05,2200,2022-01-18 16:40:00,CLEU
1.0599,1.0599,1.0599,1.0599,1000,2022-01-18 16:45:00,CLEU
1.0592,1.06,1.0575,1.06,8585,2022-01-18 17:00:00,CLEU
1.06,1.06,1.04,1.0497,7982,2022-01-18 17:10:00,CLEU
1.05,1.05,1.04,1.0499,9464,2022-01-18 17:15:00,CLEU
1.05,1.05,1.05,1.05,1200,2022-01-18 17:20:00,CLEU
1.05,1.05,1.05,1.05,100,2022-01-18 17:25:00,CLEU
1.0499,1.05,1.0498,1.05,3700,2022-01-18 17:30:00,CLEU
1.06,1.06,1.0598,1.0598,3200,2022-01-18 17:35:00,CLEU
1.05,1.05,1.0371,1.04,9400,2022-01-18 18:00:00,CLEU
1.05,1.05,1.0387,1.0387,1868,2022-01-18 18:05:00,CLEU
1.0359,1.04,1.0359,1.04,300,2022-01-18 18:10:00,CLEU
1.0521,1.0521,1.0521,1.0521,400,2022-01-18 18:20:00,CLEU
1.05,1.05,1.05,1.05,9500,2022-01-18 18:30:00,CLEU
1.05,1.05,1.05,1.05,200,2022-01-18 18:45:00,CLEU
1.05,1.05,1.0484,1.0484,1294,2022-01-18 18:50:00,CLEU
1.0401,1.0401,1.0401,1.0401,2000,2022-01-18 18:55:00,CLEU
1.0401,1.0401,1.0401,1.0401,1500,2022-01-18 19:00:00,CLEU
1.0499,1.05,1.0499,1.05,5000,2022-01-18 19:15:00,CLEU
1.0499,1.06,1.0499,1.06,6600,2022-01-18 19:45:00,CLEU
1.055,1.0799,1.055,1.0799,4443,2022-01-18 19:50:00,CLEU
1.07,1.07,1.07,1.07,2429,2022-01-18 19:55:00,CLEU
1.07,1.07,1.037,1.037,43465,2022-01-18 20:00:00,CLEU
1.04,1.04,1.0365,1.04,3200,2022-01-18 20:05:00,CLEU
1.04,1.05,1.03,1.03,7600,2022-01-18 20:10:00,CLEU
1.03,1.03,1.0298,1.0298,6350,2022-01-18 20:15:00,CLEU
1.03,1.04,1.0201,1.0201,8100,2022-01-18 20:20:00,CLEU
1.0293,1.03,1.01,1.0297,22433,2022-01-18 20:25:00,CLEU
1.03,1.03,1.0108,1.0201,5004,2022-01-18 20:30:00,CLEU
1.0299,1.03,1.02,1.0201,9725,2022-01-18 20:35:00,CLEU
1.03,1.0317,1.01,1.01,29010,2022-01-18 20:40:00,CLEU
1.017,1.03,1.017,1.025,9078,2022-01-18 20:45:00,CLEU
1.0291,1.03,1.0111,1.0111,6722,2022-01-18 20:50:00,CLEU
1.02,1.02,1.0,1.0,11919,2022-01-18 20:55:00,CLEU
1.0,1.02,1.0,1.01,2752,2022-01-18 21:00:00,CLEU
1.0,1.0,1.0,1.0,13030,2022-01-18 21:05:00,CLEU
1.0,1.0,1.0,1.0,1674,2022-01-18 21:10:00,CLEU
1.0,1.0,0.95,0.95,12999,2022-01-18 21:20:00,CLEU
0.9999,0.9999,0.95,0.95,26399,2022-01-18 21:25:00,CLEU
0.95,1.0,0.95,0.985,55720,2022-01-18 21:30:00,CLEU
1.0,1.0,1.0,1.0,2150,2022-01-18 21:35:00,CLEU
1.0,1.0,1.0,1.0,200,2022-01-18 21:40:00,CLEU
1.0099,1.0099,1.0,1.0,1780,2022-01-18 21:45:00,CLEU
0.985,0.985,0.985,0.985,400,2022-01-18 21:50:00,CLEU
0.97,0.97,0.97,0.97,630,2022-01-18 22:00:00,CLEU
0.9599,0.9599,0.9599,0.9599,5000,2022-01-18 22:10:00,CLEU
0.9599,0.9599,0.955,0.955,13423,2022-01-18 22:15:00,CLEU
0.98,0.98,0.955,0.955,7200,2022-01-18 22:35:00,CLEU
0.96,0.96,0.95,0.95,39905,2022-01-18 23:00:00,CLEU
1.0,1.0,1.0,1.0,100,2022-01-18 23:05:00,CLEU
0.98,0.98,0.9697,0.9697,9786,2022-01-18 23:30:00,CLEU
0.9697,0.9697,0.96,0.96,554,2022-01-18 23:35:00,CLEU
0.9697,0.9697,0.95,0.95,6451,2022-01-18 23:55:00,CLEU
0.9599,0.9599,0.9599,0.9599,386,2022-01-19 00:00:00,CLEU
0.9599,1.01,0.9599,1.01,4236,2022-01-19 00:15:00,CLEU
1.01,1.01,1.01,1.01,800,2022-01-19 00:20:00,CLEU
1.01,1.04,1.01,1.04,2000,2022-01-19 00:35:00,CLEU
1.02,1.02,1.01,1.01,200,2022-01-19 00:40:00,CLEU
1.0,1.0,1.0,1.0,1000,2022-01-19 13:10:00,CLEU
1.02,1.02,1.02,1.02,500,2022-01-19 13:40:00,CLEU
1.02,1.02,1.02,1.02,5950,2022-01-19 13:50:00,CLEU
1.02,1.02,1.02,1.02,450,2022-01-19 14:05:00,CLEU
1.02,1.02,1.01,1.01,3250,2022-01-19 14:25:00,CLEU
1.0,1.0002,0.9998,1.0,10700,2022-01-19 14:30:00,CLEU
1.0099,1.0099,1.0099,1.0099,109,2022-01-19 14:35:00,CLEU
1.0062,1.01,1.0062,1.0062,576,2022-01-19 14:45:00,CLEU
1.01,1.02,1.01,1.02,800,2022-01-19 14:55:00,CLEU
1.0,1.01,0.9999,1.0022,10582,2022-01-19 15:00:00,CLEU
1.0022,1.0022,1.0022,1.0022,200,2022-01-19 15:05:00,CLEU
0.994451,1.0,0.9801,0.9801,13476,2022-01-19 15:10:00,CLEU
0.9871,0.99,0.9851,0.9899,4088,2022-01-19 15:15:00,CLEU
0.99,0.99,0.985049,0.99,2001,2022-01-19 15:20:00,CLEU
0.9899,1.0,0.98,1.0,5755,2022-01-19 15:25:00,CLEU
0.99,0.99,0.99,0.99,700,2022-01-19 15:30:00,CLEU
0.99,1.0,0.99,0.99605,3784,2022-01-19 15:35:00,CLEU
0.99605,0.99605,0.9936,0.9936,251,2022-01-19 15:40:00,CLEU
0.993899,0.993899,0.993899,0.993899,2390,2022-01-19 15:45:00,CLEU
0.9997,0.9997,0.9997,0.9997,100,2022-01-19 15:50:00,CLEU
0.9999,0.9999,0.9999,0.9999,125,2022-01-19 15:55:00,CLEU
0.9961,0.9961,0.9961,0.9961,150,2022-01-19 16:00:00,CLEU
0.9921,1.0,0.992,1.0,3100,2022-01-19 16:05:00,CLEU
0.995951,1.0,0.99595,1.0,14600,2022-01-19 16:10:00,CLEU
0.99605,1.0,0.9922,1.0,8434,2022-01-19 16:15:00,CLEU
1.0,1.0,1.0,1.0,300,2022-01-19 16:20:00,CLEU
0.9923,1.0,0.9923,1.0,2200,2022-01-19 16:25:00,CLEU
0.9923,1.0,0.9923,1.0,3216,2022-01-19 16:30:00,CLEU
1.0,1.0,1.0,1.0,100,2022-01-19 16:35:00,CLEU
0.9923,0.9962,0.992101,0.996,7824,2022-01-19 16:40:00,CLEU
1.0,1.01,0.9998,1.0068,1982,2022-01-19 16:45:00,CLEU
1.0068,1.01,0.996,1.01,10549,2022-01-19 16:50:00,CLEU
1.003,1.003,1.003,1.003,100,2022-01-19 16:55:00,CLEU
1.0035,1.0094,1.0,1.005,1600,2022-01-19 17:00:00,CLEU
1.0095,1.0095,1.005,1.0055,900,2022-01-19 17:05:00,CLEU
1.01,1.01,1.005,1.005,1900,2022-01-19 17:10:00,CLEU
1.005,1.0097,1.0005,1.0097,1300,2022-01-19 17:15:00,CLEU
1.0099,1.0099,1.005,1.0093,400,2022-01-19 17:20:00,CLEU
1.005,1.005,1.005,1.005,100,2022-01-19 17:25:00,CLEU
1.002,1.002,1.0,1.0,1000,2022-01-19 17:30:00,CLEU
1.005,1.005,1.005,1.005,100,2022-01-19 17:35:00,CLEU
1.0,1.0,1.0,1.0,1500,2022-01-19 17:40:00,CLEU
1.0,1.0,0.992,0.992,10980,2022-01-19 17:45:00,CLEU
1.01,1.01,1.01,1.01,200,2022-01-19 17:55:00,CLEU
1.005,1.005,1.005,1.005,300,2022-01-19 18:00:00,CLEU
1.005,1.005,1.005,1.005,100,2022-01-19 18:10:00,CLEU
1.0,1.01,0.996,0.996,23878,2022-01-19 18:45:00,CLEU
0.996,0.99605,0.996,0.99605,400,2022-01-19 18:50:00,CLEU
0.99605,0.99605,0.99605,0.99605,300,2022-01-19 18:55:00,CLEU
0.99605,0.99605,0.9957,0.9957,200,2022-01-19 19:00:00,CLEU
0.99605,0.99605,0.99605,0.99605,100,2022-01-19 19:10:00,CLEU
0.99605,0.99605,0.99605,0.99605,100,2022-01-19 19:15:00,CLEU
0.9921,1.0,0.9921,1.0,773,2022-01-19 19:25:00,CLEU
0.99605,0.99605,0.99605,0.99605,100,2022-01-19 19:30:00,CLEU
0.9921,0.9921,0.9921,0.9921,300,2022-01-19 19:40:00,CLEU
0.9956,0.9956,0.9956,0.9956,100,2022-01-19 19:45:00,CLEU
0.99605,0.99605,0.99605,0.99605,100,2022-01-19 19:50:00,CLEU
0.9921,0.996,0.9921,0.996,1600,2022-01-19 19:55:00,CLEU
1.0,1.0,1.0,1.0,350,2022-01-19 20:00:00,CLEU
0.9921,0.996,0.992,0.996,1100,2022-01-19 20:05:00,CLEU
0.9958,0.99595,0.9958,0.99595,200,2022-01-19 20:10:00,CLEU
0.992,1.0,0.98,1.0,12783,2022-01-19 20:15:00,CLEU
0.9996,0.9996,0.9949,0.9949,400,2022-01-19 20:20:00,CLEU
0.99,1.0,0.99,1.0,200,2022-01-19 20:25:00,CLEU
1.0,1.0,0.99,0.99,200,2022-01-19 20:30:00,CLEU
1.0,1.0,0.99,0.99,400,2022-01-19 20:35:00,CLEU
1.0,1.0,0.99,0.99,200,2022-01-19 20:40:00,CLEU
1.0,1.0,0.99,1.0,4280,2022-01-19 20:45:00,CLEU
0.99,1.0,0.99,1.0,2351,2022-01-19 20:50:00,CLEU
0.98,0.98975,0.98,0.9897,5367,2022-01-19 20:55:00,CLEU
0.96,0.96,0.96,0.96,200,2022-01-19 21:00:00,CLEU
0.96,0.96,0.96,0.96,200,2022-01-19 21:05:00,CLEU
1.01,1.01,1.01,1.01,100,2022-01-19 22:15:00,CLEU
1.0,1.0,1.0,1.0,296,2022-01-19 22:20:00,CLEU
1.03,1.03,1.03,1.03,200,2022-01-20 00:05:00,CLEU
1.0,1.0,1.0,1.0,100,2022-01-20 00:15:00,CLEU
1.01,1.01,1.01,1.01,100,2022-01-20 00:20:00,CLEU
1.0,1.0,0.97,0.98,14159,2022-01-20 14:30:00,CLEU
0.970001,0.9799,0.955,0.9571,45051,2022-01-20 14:35:00,CLEU
0.9585,0.9601,0.9585,0.96,9989,2022-01-20 14:40:00,CLEU
0.9685,1.05,0.9635,1.03,56520,2022-01-20 14:45:00,CLEU
1.03,1.04,1.015,1.015,9229,2022-01-20 14:50:00,CLEU
1.0,1.0,1.0,1.0,200,2022-01-20 14:55:00,CLEU
0.98055,0.98055,0.98055,0.98055,300,2022-01-20 15:00:00,CLEU
0.9613,0.9999,0.9613,0.9972,2800,2022-01-20 15:05:00,CLEU
0.9999,0.9999,0.999899,0.999899,900,2022-01-20 15:15:00,CLEU
0.9998,0.9998,0.9807,0.9807,400,2022-01-20 15:20:00,CLEU
0.9971,0.9971,0.9807,0.9807,400,2022-01-20 15:30:00,CLEU
0.9971,0.9971,0.9807,0.9807,400,2022-01-20 15:35:00,CLEU
0.9808,0.9808,0.9808,0.9808,600,2022-01-20 15:40:00,CLEU
0.997,0.9997,0.997,0.997,1602,2022-01-20 15:45:00,CLEU
0.997,1.0,0.99035,1.0,3450,2022-01-20 15:50:00,CLEU
1.02,1.02,1.015,1.0173,800,2022-01-20 15:55:00,CLEU
1.0,1.0,0.9811,0.9903,6600,2022-01-20 16:05:00,CLEU
0.9973,0.9973,0.99065,0.99065,700,2022-01-20 16:15:00,CLEU
1.0,1.0007,1.0,1.0007,2658,2022-01-20 16:25:00,CLEU
0.9907,1.01,0.9901,1.01,1700,2022-01-20 16:30:00,CLEU
1.004,1.01,0.9902,0.9902,14374,2022-01-20 16:35:00,CLEU
0.999,1.0025,0.9857,1.0025,11672,2022-01-20 16:40:00,CLEU
1.0,1.0002,0.9981,0.999,3500,2022-01-20 16:45:00,CLEU
0.99915,1.0,0.99915,1.0,1868,2022-01-20 16:50:00,CLEU
1.0,1.005,0.9984,0.9984,4869,2022-01-20 16:55:00,CLEU
1.0,1.0,0.9982,0.9982,2000,2022-01-20 17:00:00,CLEU
1.0,1.0,0.9988,0.9988,1000,2022-01-20 17:05:00,CLEU
1.0,1.01,1.0,1.0,10490,2022-01-20 17:10:00,CLEU
1.0,1.01,0.9988,1.01,18075,2022-01-20 17:15:00,CLEU
1.01,1.01,0.9988,1.01,18800,2022-01-20 17:20:00,CLEU
1.0,1.0,0.9988,0.9988,98672,2022-01-20 17:25:00,CLEU
0.9816,1.0,0.9816,1.0,6380,2022-01-20 17:30:00,CLEU
0.9975,0.9975,0.9857,0.9857,1100,2022-01-20 17:35:00,CLEU
0.9857,0.9857,0.9857,0.9857,400,2022-01-20 17:40:00,CLEU
0.9857,1.0,0.9857,0.9907,1100,2022-01-20 17:45:00,CLEU
0.9907,1.0,0.9907,0.998,900,2022-01-20 17:50:00,CLEU
0.9907,0.9907,0.9907,0.9907,200,2022-01-20 17:55:00,CLEU
0.9907,0.9907,0.9907,0.9907,200,2022-01-20 18:00:00,CLEU
0.9907,0.9907,0.9907,0.9907,200,2022-01-20 18:05:00,CLEU
0.9814,1.0,0.9814,0.9901,3100,2022-01-20 18:10:00,CLEU
0.9807,0.98975,0.98,0.98975,13526,2022-01-20 18:20:00,CLEU
0.98,0.98,0.98,0.98,3777,2022-01-20 18:25:00,CLEU
0.98,0.98,0.98,0.98,100,2022-01-20 18:30:00,CLEU
0.98,0.98,0.98,0.98,100,2022-01-20 18:35:00,CLEU
0.98,0.98,0.98,0.98,100,2022-01-20 18:45:00,CLEU
0.98,0.98,0.98,0.98,100,2022-01-20 18:55:00,CLEU
0.9799,0.9799,0.9799,0.9799,100,2022-01-20 19:00:00,CLEU
0.978607,0.978607,0.978607,0.978607,1000,2022-01-20 19:10:00,CLEU
0.970999,0.970999,0.970999,0.970999,100,2022-01-20 19:20:00,CLEU
0.97,0.97,0.97,0.97,100,2022-01-20 19:25:00,CLEU
0.9695,0.9695,0.9695,0.9695,199,2022-01-20 20:15:00,CLEU
0.9695,0.9695,0.9695,0.9695,100,2022-01-20 20:20:00,CLEU
0.9641,0.9641,0.9641,0.9641,1148,2022-01-20 20:30:00,CLEU
0.9668,0.9668,0.9668,0.9668,300,2022-01-20 20:35:00,CLEU
0.9695,0.9695,0.96949,0.96949,200,2022-01-20 20:40:00,CLEU
0.9695,0.9695,0.964,0.9659,700,2022-01-20 20:45:00,CLEU
0.9623,0.963921,0.96,0.963432,3087,2022-01-20 20:50:00,CLEU
0.952,0.952,0.9481,0.95,6337,2022-01-20 20:55:00,CLEU
0.95,0.9695,0.95,0.9695,693,2022-01-20 21:00:00,CLEU
0.96,0.96,0.96,0.96,100,2022-01-20 21:05:00,CLEU
0.95,0.95,0.95,0.95,537,2022-01-20 22:45:00,CLEU
1.0,1.0,1.0,1.0,100,2022-01-20 22:55:00,CLEU
0.9515,0.9515,0.9515,0.9515,1400,2022-01-21 00:10:00,CLEU
0.93,0.93,0.93,0.93,5000,2022-01-21 09:45:00,CLEU
0.9302,0.9302,0.9302,0.9302,476,2022-01-21 10:35:00,CLEU
0.9302,0.9302,0.9302,0.9302,800,2022-01-21 10:40:00,CLEU
0.94,0.94,0.94,0.94,100,2022-01-21 10:50:00,CLEU
0.94,0.94,0.94,0.94,2200,2022-01-21 10:55:00,CLEU
0.96,0.96,0.96,0.96,200,2022-01-21 12:10:00,CLEU
0.98,0.98,0.98,0.98,100,2022-01-21 12:20:00,CLEU
0.98,0.98,0.98,0.98,200,2022-01-21 12:25:00,CLEU
0.97,0.97,0.96,0.96,2000,2022-01-21 12:40:00,CLEU
0.97,0.97,0.97,0.97,100,2022-01-21 12:50:00,CLEU
0.96,0.96,0.96,0.96,600,2022-01-21 14:05:00,CLEU
0.96,0.96,0.9299,0.9299,5794,2022-01-21 14:10:00,CLEU
0.9299,0.9299,0.9299,0.9299,600,2022-01-21 14:15:00,CLEU
0.94,0.94,0.94,0.94,1000,2022-01-21 14:25:00,CLEU
0.9301,0.94,0.92,0.9208,6587,2022-01-21 14:30:00,CLEU
0.94,0.94,0.94,0.94,100,2022-01-21 14:35:00,CLEU
0.93,0.94,0.92,0.94,489,2022-01-21 14:40:00,CLEU
0.925,0.925626,0.9236,0.9236,1300,2022-01-21 14:45:00,CLEU
0.9476,0.9476,0.925,0.925,2964,2022-01-21 14:50:00,CLEU
0.925,0.9295,0.92,0.92,19126,2022-01-21 14:55:00,CLEU
0.93,0.93,0.93,0.93,500,2022-01-21 15:00:00,CLEU
0.92,0.92,0.905,0.905,4204,2022-01-21 15:10:00,CLEU
0.905,0.905,0.88,0.8801,12655,2022-01-21 15:15:00,CLEU
0.8801,0.885,0.8698,0.8797,8583,2022-01-21 15:20:00,CLEU
0.8724,0.894699,0.8703,0.894699,3409,2022-01-21 15:25:00,CLEU
0.8939,0.8939,0.8939,0.8939,1300,2022-01-21 15:30:00,CLEU
0.8939,0.8939,0.89,0.8901,900,2022-01-21 15:35:00,CLEU
0.8901,0.8901,0.887692,0.8877,3536,2022-01-21 15:40:00,CLEU
0.88,0.880099,0.8701,0.8719,5436,2022-01-21 15:45:00,CLEU
0.8715,0.8931,0.8715,0.8931,4226,2022-01-21 15:50:00,CLEU
0.8931,0.8931,0.8931,0.8931,5954,2022-01-21 15:55:00,CLEU
0.8931,0.8931,0.8931,0.8931,1341,2022-01-21 16:00:00,CLEU
0.89,0.9,0.8752,0.9,13100,2022-01-21 16:10:00,CLEU
0.9,0.94,0.899996,0.9299,2190,2022-01-21 16:15:00,CLEU
0.92,0.92,0.91,0.92,3680,2022-01-21 16:20:00,CLEU
0.92,0.94,0.9199,0.94,799,2022-01-21 16:25:00,CLEU
0.95,0.95,0.895,0.92,3275,2022-01-21 16:30:00,CLEU
0.93,0.93,0.93,0.93,5895,2022-01-21 16:35:00,CLEU
0.91,0.92,0.91,0.91,6500,2022-01-21 16:40:00,CLEU
0.91,0.92,0.91,0.914151,400,2022-01-21 16:45:00,CLEU
0.9101,0.9101,0.91,0.91,300,2022-01-21 16:50:00,CLEU
0.9199,0.9199,0.9199,0.9199,300,2022-01-21 17:00:00,CLEU
0.9145,0.92,0.9101,0.92,7287,2022-01-21 17:05:00,CLEU
0.9101,0.9145,0.901,0.901,2700,2022-01-21 17:10:00,CLEU
0.901,0.901,0.9,0.9,1696,2022-01-21 17:15:00,CLEU
0.8999,0.8999,0.89,0.89,200,2022-01-21 17:20:00,CLEU
0.89,0.92,0.89,0.9199,14948,2022-01-21 17:25:00,CLEU
0.91,0.91,0.88,0.88,300,2022-01-21 17:30:00,CLEU
0.92,0.92,0.88,0.88,200,2022-01-21 17:35:00,CLEU
0.8904,0.8904,0.8802,0.8802,500,2022-01-21 17:40:00,CLEU
0.9,0.9,0.9,0.9,100,2022-01-21 17:50:00,CLEU
0.92,0.92,0.92,0.92,200,2022-01-21 18:00:00,CLEU
0.92,0.92,0.92,0.92,1100,2022-01-21 18:05:00,CLEU
0.9,0.9,0.889999,0.9,2300,2022-01-21 18:10:00,CLEU
0.9,0.9,0.9,0.9,300,2022-01-21 18:20:00,CLEU
0.88,0.8801,0.88,0.8801,1541,2022-01-21 18:30:00,CLEU
0.89,0.89,0.89,0.89,200,2022-01-21 18:35:00,CLEU
0.88,0.8999,0.88,0.8999,2956,2022-01-21 18:40:00,CLEU
0.899999,0.899999,0.899999,0.899999,100,2022-01-21 18:45:00,CLEU
0.8951,0.8952,0.8951,0.8951,4838,2022-01-21 18:50:00,CLEU
0.9,0.92,0.8956,0.92,10656,2022-01-21 19:00:00,CLEU
0.9145,0.9145,0.9095,0.9095,1300,2022-01-21 19:05:00,CLEU
0.895,0.92,0.895,0.92,1800,2022-01-21 19:10:00,CLEU
0.895,0.92,0.89,0.89,40348,2022-01-21 19:15:00,CLEU
0.89,0.89,0.889224,0.89,7400,2022-01-21 19:20:00,CLEU
0.89,0.89,0.89,0.89,200,2022-01-21 19:30:00,CLEU
0.89,0.89,0.89,0.89,100,2022-01-21 19:35:00,CLEU
0.89,0.89,0.89,0.89,9000,2022-01-21 19:40:00,CLEU
0.89,0.89,0.89,0.89,100,2022-01-21 19:45:00,CLEU
0.89,0.89,0.885,0.89,1650,2022-01-21 19:50:00,CLEU
0.9,0.9,0.89,0.89,5250,2022-01-21 19:55:00,CLEU
0.9,0.9,0.9,0.9,200,2022-01-21 20:00:00,CLEU
0.8999,0.8999,0.88,0.8899,8200,2022-01-21 20:15:00,CLEU
0.88838,0.88838,0.88838,0.88838,500,2022-01-21 20:20:00,CLEU
0.885001,0.8899,0.8801,0.8801,2050,2022-01-21 20:25:00,CLEU
0.89,0.89,0.8898,0.8898,1100,2022-01-21 20:30:00,CLEU
0.89,0.89,0.8787,0.89,5723,2022-01-21 20:35:00,CLEU
0.89,0.89,0.89,0.89,5200,2022-01-21 20:45:00,CLEU
0.89,0.89,0.8752,0.89,5975,2022-01-21 20:50:00,CLEU
0.87,0.9,0.86,0.895,11768,2022-01-21 21:20:00,CLEU
0.89,0.89,0.89,0.89,1001,2022-01-21 21:25:00,CLEU
0.9,0.9,0.9,0.9,1000,2022-01-21 21:30:00,CLEU
0.91,0.91,0.87,0.89,23800,2022-01-21 21:35:00,CLEU
0.89,0.89,0.89,0.89,500,2022-01-21 21:40:00,CLEU
0.8899,0.89,0.8899,0.89,3100,2022-01-21 22:10:00,CLEU
0.89,0.89,0.89,0.89,232,2022-01-21 23:20:00,CLEU
0.85,0.85,0.85,0.85,769,2022-01-24 13:50:00,CLEU
0.9,0.9,0.9,0.9,1100,2022-01-24 14:15:00,CLEU
0.8777,0.9112,0.87,0.87,39829,2022-01-24 14:30:00,CLEU
0.8743,0.8749,0.868999,0.8691,3490,2022-01-24 14:35:00,CLEU
0.8701,0.8743,0.8701,0.8743,1200,2022-01-24 14:40:00,CLEU
0.8743,0.8743,0.8701,0.8701,7900,2022-01-24 14:45:00,CLEU
0.8601,0.8601,0.84,0.84,41815,2022-01-24 14:50:00,CLEU
0.842,0.842,0.801,0.84,30523,2022-01-24 14:55:00,CLEU
0.840101,0.8499,0.840101,0.8499,2500,2022-01-24 15:05:00,CLEU
0.8403,0.8403,0.83,0.83,26200,2022-01-24 15:10:00,CLEU
0.83,0.9429,0.83,0.9,59783,2022-01-24 15:15:00,CLEU
0.8519,0.8519,0.8301,0.8301,1622,2022-01-24 15:20:00,CLEU
0.8539,0.8539,0.8539,0.8539,1000,2022-01-24 15:30:00,CLEU
0.854,0.854,0.854,0.854,246,2022-01-24 15:35:00,CLEU
0.854,0.854,0.8301,0.836,6100,2022-01-24 15:45:00,CLEU
0.8399,0.84,0.8399,0.84,400,2022-01-24 15:50:00,CLEU
0.84,0.93,0.84,0.915,9300,2022-01-24 15:55:00,CLEU
0.915,0.92743,0.89,0.9,14100,2022-01-24 16:00:00,CLEU
0.88,0.88,0.85,0.86,2300,2022-01-24 16:05:00,CLEU
0.859899,0.86,0.859899,0.86,2000,2022-01-24 16:10:00,CLEU
0.84,0.85,0.84,0.8403,3040,2022-01-24 16:15:00,CLEU
0.88,0.9,0.86,0.86,5966,2022-01-24 16:20:00,CLEU
0.88,0.8801,0.86,0.8695,1000,2022-01-24 16:30:00,CLEU
0.86,0.9,0.86,0.880001,5613,2022-01-24 16:35:00,CLEU
0.89,0.89,0.88,0.88,400,2022-01-24 16:40:00,CLEU
0.87,0.87,0.87,0.87,500,2022-01-24 16:50:00,CLEU
0.88,0.88,0.8302,0.8546,11600,2022-01-24 17:00:00,CLEU
0.872,0.872,0.872,0.872,1000,2022-01-24 17:05:00,CLEU
0.88,0.88,0.867,0.88,22269,2022-01-24 17:10:00,CLEU
0.88,0.88,0.867,0.876,40548,2022-01-24 17:15:00,CLEU
0.88,0.8803,0.8671,0.88,96882,2022-01-24 17:20:00,CLEU
0.88,0.89,0.88,0.88,90400,2022-01-24 17:25:00,CLEU
0.8801,0.89,0.8799,0.89,94900,2022-01-24 17:30:00,CLEU
0.89,0.895,0.889,0.8901,44556,2022-01-24 17:35:00,CLEU
0.89,0.89,0.89,0.89,100,2022-01-24 17:40:00,CLEU
0.88,0.88,0.88,0.88,100,2022-01-24 17:45:00,CLEU
0.89,0.89,0.8601,0.8601,400,2022-01-24 17:50:00,CLEU
0.89,0.89,0.89,0.89,700,2022-01-24 17:55:00,CLEU
0.89,0.89,0.87,0.8703,1100,2022-01-24 18:00:00,CLEU
0.8703,0.89,0.87,0.883,12900,2022-01-24 18:05:00,CLEU
0.883,0.8915,0.883,0.89,29700,2022-01-24 18:10:00,CLEU
0.8899,0.89,0.8899,0.89,4600,2022-01-24 18:15:00,CLEU
0.9,0.9,0.89,0.89,4800,2022-01-24 18:20:00,CLEU
0.883,0.8877,0.883,0.8877,500,2022-01-24 18:25:00,CLEU
0.883,0.8848,0.883,0.8838,11500,2022-01-24 18:30:00,CLEU
0.883,0.883,0.875,0.875,7738,2022-01-24 18:35:00,CLEU
0.8705,0.8705,0.8559,0.857,10325,2022-01-24 18:40:00,CLEU
0.8553,0.893,0.855,0.883,33734,2022-01-24 18:45:00,CLEU
0.883,0.9,0.883,0.9,85677,2022-01-24 18:50:00,CLEU
0.9,0.9,0.89,0.89,12000,2022-01-24 18:55:00,CLEU
0.89,0.89,0.89,0.89,7400,2022-01-24 19:00:00,CLEU
0.89,0.89,0.89,0.89,101,2022-01-24 19:05:00,CLEU
0.885134,0.885134,0.885134,0.885134,2300,2022-01-24 19:15:00,CLEU
0.855,0.855,0.855,0.855,109,2022-01-24 19:20:00,CLEU
0.8725,0.8725,0.8725,0.8725,1000,2022-01-24 19:25:00,CLEU
0.8551,0.8551,0.8551,0.8551,3000,2022-01-24 19:30:00,CLEU
0.855,0.855,0.855,0.855,5000,2022-01-24 19:45:00,CLEU
0.855,0.8798,0.855,0.8798,25420,2022-01-24 19:50:00,CLEU
0.86,0.899,0.86,0.899,41300,2022-01-24 19:55:00,CLEU
0.899,0.9,0.88,0.9,7369,2022-01-24 20:00:00,CLEU
0.9,0.9,0.89,0.89,800,2022-01-24 20:05:00,CLEU
0.89,0.89,0.88,0.88,3500,2022-01-24 20:10:00,CLEU
0.876999,0.88,0.876999,0.88,450,2022-01-24 20:20:00,CLEU
0.89,0.89,0.89,0.89,100,2022-01-24 20:25:00,CLEU
0.89,0.89,0.89,0.89,400,2022-01-24 20:35:00,CLEU
0.89,0.89,0.89,0.89,100,2022-01-24 20:40:00,CLEU
0.886899,0.886899,0.886899,0.886899,2000,2022-01-24 20:45:00,CLEU
0.89,0.9039,0.879999,0.9,8386,2022-01-24 20:55:00,CLEU
0.89,0.89,0.89,0.89,568,2022-01-24 21:00:00,CLEU
0.9,0.9,0.88,0.88,165800,2022-01-24 21:05:00,CLEU
0.89,0.89,0.89,0.89,60692,2022-01-24 21:10:00,CLEU
0.8901,0.8901,0.89,0.89,199000,2022-01-24 21:15:00,CLEU
0.89,0.89,0.8899,0.89,252989,2022-01-24 21:20:00,CLEU
0.89,0.8902,0.89,0.89,346000,2022-01-24 21:25:00,CLEU
0.89,0.89,0.89,0.89,98548,2022-01-24 21:30:00,CLEU
0.86,0.86,0.86,0.86,1041,2022-01-24 21:40:00,CLEU
0.8701,0.9,0.86,0.86,38076,2022-01-24 22:00:00,CLEU
0.9,0.9,0.8895,0.895,23000,2022-01-24 22:05:00,CLEU
0.894,0.894,0.894,0.894,1000,2022-01-24 22:25:00,CLEU
0.89,0.89,0.89,0.89,224,2022-01-25 09:00:00,CLEU
0.93,0.93,0.927,0.927,22100,2022-01-25 11:15:00,CLEU
0.83,0.83,0.83,0.83,322,2022-01-25 14:10:00,CLEU
0.8399,0.8399,0.83,0.83,200,2022-01-25 14:20:00,CLEU
0.8638,0.8638,0.8501,0.8501,7716,2022-01-25 14:30:00,CLEU
0.875001,0.875001,0.875001,0.875001,1000,2022-01-25 14:35:00,CLEU
0.86,0.86,0.86,0.86,770,2022-01-25 14:45:00,CLEU
0.88,0.88,0.88,0.88,200,2022-01-25 14:50:00,CLEU
0.85,0.85,0.85,0.85,1762,2022-01-25 14:55:00,CLEU
0.865001,0.865001,0.8303,0.845049,21687,2022-01-25 15:15:00,CLEU
0.84,0.8795,0.835049,0.8525,8700,2022-01-25 15:20:00,CLEU
0.85,0.85,0.85,0.85,2800,2022-01-25 15:25:00,CLEU
0.87,0.87,0.87,0.87,214,2022-01-25 15:30:00,CLEU
0.86,0.86,0.8404,0.85,3637,2022-01-25 15:35:00,CLEU
0.8499,0.8499,0.845049,0.845049,500,2022-01-25 15:40:00,CLEU
0.85,0.87,0.85,0.87,2800,2022-01-25 15:45:00,CLEU
0.87,0.87,0.87,0.87,100,2022-01-25 15:55:00,CLEU
0.855001,0.869899,0.855001,0.8603,28004,2022-01-25 16:00:00,CLEU
0.8603,0.87,0.83955,0.83955,41254,2022-01-25 16:05:00,CLEU
0.84,0.85,0.8356,0.84,28200,2022-01-25 16:10:00,CLEU
0.84,0.845,0.8343,0.839999,33400,2022-01-25 16:15:00,CLEU
0.84,0.84,0.8311,0.84,3000,2022-01-25 16:20:00,CLEU
0.87,0.87,0.87,0.87,300,2022-01-25 16:25:00,CLEU
0.87,0.87,0.87,0.87,400,2022-01-25 16:30:00,CLEU
0.87,0.87,0.84,0.87,1300,2022-01-25 16:35:00,CLEU
0.87,0.87,0.84,0.87,1400,2022-01-25 16:40:00,CLEU
0.87,0.87,0.87,0.87,300,2022-01-25 16:45:00,CLEU
0.87,0.87,0.87,0.87,100,2022-01-25 16:50:00,CLEU
0.87,0.87,0.87,0.87,100,2022-01-25 16:55:00,CLEU
0.84,0.8596,0.84,0.8596,6200,2022-01-25 17:00:00,CLEU
0.854901,0.87,0.854901,0.855,1300,2022-01-25 17:05:00,CLEU
0.87,0.87,0.87,0.87,800,2022-01-25 17:10:00,CLEU
0.8402,0.87,0.8402,0.87,210,2022-01-25 17:20:00,CLEU
0.87,0.87,0.862499,0.862499,800,2022-01-25 17:40:00,CLEU
0.87,0.87,0.87,0.87,100,2022-01-25 17:45:00,CLEU
0.87,0.87,0.87,0.87,100,2022-01-25 17:50:00,CLEU
0.87,0.87,0.87,0.87,200,2022-01-25 17:55:00,CLEU
0.87,0.87,0.87,0.87,200,2022-01-25 18:00:00,CLEU
0.87,0.87,0.8698,0.8698,2100,2022-01-25 18:05:00,CLEU
0.87,0.87,0.8699,0.8699,4100,2022-01-25 18:10:00,CLEU
0.87,0.87,0.87,0.87,100,2022-01-25 18:15:00,CLEU
0.85,0.87,0.85,0.86,5600,2022-01-25 18:20:00,CLEU
0.85,0.87,0.85,0.87,4299,2022-01-25 18:25:00,CLEU
0.85,0.87,0.85,0.87,7086,2022-01-25 18:35:00,CLEU
0.87,0.87,0.85,0.85,2071,2022-01-25 18:40:00,CLEU
0.87,0.87,0.87,0.87,100,2022-01-25 18:45:00,CLEU
0.87,0.87,0.87,0.87,100,2022-01-25 18:50:00,CLEU
0.87,0.87,0.87,0.87,100,2022-01-25 18:55:00,CLEU
0.87,0.87,0.87,0.87,100,2022-01-25 19:05:00,CLEU
0.87,0.87,0.87,0.87,2100,2022-01-25 19:25:00,CLEU
0.87,0.87,0.87,0.87,100,2022-01-25 19:45:00,CLEU
0.87,0.87,0.87,0.87,600,2022-01-25 20:00:00,CLEU
0.8503,0.87,0.8501,0.8503,44100,2022-01-25 20:05:00,CLEU
0.8601,0.8601,0.837,0.838301,50102,2022-01-25 20:10:00,CLEU
0.84,0.845,0.834999,0.834999,28108,2022-01-25 20:15:00,CLEU
0.835,0.845,0.8334,0.841833,41100,2022-01-25 20:20:00,CLEU
0.85,0.85,0.85,0.85,100,2022-01-25 20:25:00,CLEU
0.85,0.85,0.84,0.85,3000,2022-01-25 20:30:00,CLEU
0.85,0.85,0.8352,0.845,8000,2022-01-25 20:35:00,CLEU
0.845,0.84575,0.8375,0.84,16052,2022-01-25 20:40:00,CLEU
0.84,0.861,0.84,0.85,20300,2022-01-25 20:45:00,CLEU
0.865,0.865,0.865,0.865,700,2022-01-25 20:50:00,CLEU
0.865,0.865,0.852501,0.85265,5700,2022-01-25 20:55:00,CLEU
0.865,0.865,0.865,0.865,123,2022-01-25 21:00:00,CLEU
0.85,0.85,0.85,0.85,20000,2022-01-25 21:30:00,CLEU
0.85,0.85,0.85,0.85,18000,2022-01-25 21:35:00,CLEU
0.8499,0.8499,0.8499,0.8499,2000,2022-01-25 22:20:00,CLEU
0.85,0.85,0.85,0.85,10212,2022-01-25 22:25:00,CLEU
0.8449,0.85,0.8449,0.8499,488,2022-01-25 23:00:00,CLEU
0.851,0.851,0.851,0.851,200,2022-01-26 00:30:00,CLEU
0.848,0.8499,0.848,0.8499,945,2022-01-26 09:55:00,CLEU
0.8498,0.8498,0.8498,0.8498,100,2022-01-26 12:05:00,CLEU
0.8498,0.8498,0.8498,0.8498,150,2022-01-26 12:25:00,CLEU
0.8499,0.8499,0.8499,0.8499,1099,2022-01-26 12:45:00,CLEU
0.88,0.8899,0.88,0.8899,1016,2022-01-26 13:35:00,CLEU
0.8701,0.8702,0.87,0.8702,2097,2022-01-26 14:30:00,CLEU
0.8702,0.8702,0.8702,0.8702,100,2022-01-26 14:35:00,CLEU
0.840101,0.84015,0.840101,0.84015,2100,2022-01-26 14:40:00,CLEU
0.8402,0.850001,0.840001,0.840001,18300,2022-01-26 14:45:00,CLEU
0.8402,0.8402,0.831,0.839999,50300,2022-01-26 14:50:00,CLEU
0.84,0.8401,0.831,0.8401,22600,2022-01-26 14:55:00,CLEU
0.8198,0.845,0.8198,0.845,31299,2022-01-26 15:00:00,CLEU
0.84,0.845,0.834999,0.8379,15500,2022-01-26 15:05:00,CLEU
0.84,0.843,0.834999,0.84,20700,2022-01-26 15:10:00,CLEU
0.843,0.85,0.8399,0.8401,6301,2022-01-26 15:15:00,CLEU
0.85,0.85,0.85,0.85,300,2022-01-26 15:20:00,CLEU
0.85,0.85,0.85,0.85,200,2022-01-26 15:25:00,CLEU
0.85,0.85,0.85,0.85,500,2022-01-26 15:30:00,CLEU
0.8459,0.8459,0.8401,0.8401,5000,2022-01-26 15:35:00,CLEU
0.8397,0.8408,0.837499,0.8398,14100,2022-01-26 15:40:00,CLEU
0.84,0.841,0.835,0.835,15300,2022-01-26 15:45:00,CLEU
0.835,0.84,0.835,0.839799,37650,2022-01-26 15:50:00,CLEU
0.8398,0.841,0.8397,0.841,17900,2022-01-26 15:55:00,CLEU
0.842,0.846,0.837499,0.837499,16500,2022-01-26 16:00:00,CLEU
0.84,0.846,0.837499,0.84,15200,2022-01-26 16:05:00,CLEU
0.84,0.85,0.835,0.85,8150,2022-01-26 16:10:00,CLEU
0.85,0.86,0.849756,0.85,1300,2022-01-26 16:15:00,CLEU
0.86,0.86,0.854999,0.86,4500,2022-01-26 16:20:00,CLEU
0.86,0.86,0.86,0.86,600,2022-01-26 16:25:00,CLEU
0.86,0.86,0.86,0.86,200,2022-01-26 16:30:00,CLEU
0.8588,0.86,0.8588,0.86,900,2022-01-26 16:35:00,CLEU
0.86,0.88,0.86,0.88,1100,2022-01-26 16:40:00,CLEU
0.8601,0.8601,0.8601,0.8601,198,2022-01-26 16:45:00,CLEU
0.88,0.88,0.8601,0.8601,8850,2022-01-26 16:50:00,CLEU
0.88,0.88,0.87,0.87,300,2022-01-26 16:55:00,CLEU
0.8762,0.88,0.8762,0.88,750,2022-01-26 17:00:00,CLEU
0.88,0.88,0.88,0.88,2200,2022-01-26 17:05:00,CLEU
0.88,0.88,0.88,0.88,100,2022-01-26 17:10:00,CLEU
0.89,0.89,0.89,0.89,100,2022-01-26 17:15:00,CLEU
0.89,0.89,0.89,0.89,100,2022-01-26 17:30:00,CLEU
0.86,0.86,0.86,0.86,600,2022-01-26 17:35:00,CLEU
0.86,0.8603,0.86,0.86,10000,2022-01-26 18:00:00,CLEU
0.85671,0.88,0.85671,0.88,320,2022-01-26 18:10:00,CLEU
0.88,0.88,0.88,0.88,100,2022-01-26 18:20:00,CLEU
0.88,0.88,0.857,0.87,600,2022-01-26 18:25:00,CLEU
0.88,0.889,0.88,0.889,980,2022-01-26 18:35:00,CLEU
0.889,0.889,0.889,0.889,300,2022-01-26 18:45:00,CLEU
0.889,0.889,0.889,0.889,100,2022-01-26 18:50:00,CLEU
0.88,0.889,0.8646,0.874151,3050,2022-01-26 18:55:00,CLEU
0.8811,0.89,0.8801,0.8869,54400,2022-01-26 19:00:00,CLEU
0.8885,0.8899,0.8869,0.8869,11600,2022-01-26 19:05:00,CLEU
0.8869,0.8869,0.8801,0.8801,13600,2022-01-26 19:10:00,CLEU
0.89,0.89,0.89,0.89,200,2022-01-26 19:15:00,CLEU
0.89,0.89,0.8899,0.8899,2000,2022-01-26 19:20:00,CLEU
0.8811,0.89,0.8811,0.89,1500,2022-01-26 19:25:00,CLEU
0.89,0.89,0.89,0.89,300,2022-01-26 19:30:00,CLEU
0.89,0.89,0.89,0.89,100,2022-01-26 19:35:00,CLEU
0.880101,0.8851,0.88,0.885051,24677,2022-01-26 19:45:00,CLEU
0.8801,0.885051,0.8622,0.8622,19082,2022-01-26 19:50:00,CLEU
0.8722,0.88,0.87,0.88,16100,2022-01-26 19:55:00,CLEU
0.87,0.88,0.86,0.88,18700,2022-01-26 20:00:00,CLEU
0.87,0.88,0.8572,0.8572,7199,2022-01-26 20:05:00,CLEU
0.86,0.8602,0.85,0.85,26900,2022-01-26 20:10:00,CLEU
0.8466,0.8466,0.8379,0.8397,10766,2022-01-26 20:15:00,CLEU
0.84,0.844,0.8397,0.8398,33000,2022-01-26 20:20:00,CLEU
0.8398,0.843999,0.837499,0.84,20400,2022-01-26 20:25:00,CLEU
0.84,0.855,0.8398,0.855,7800,2022-01-26 20:30:00,CLEU
0.855,0.855,0.855,0.855,300,2022-01-26 20:35:00,CLEU
0.84,0.855,0.8305,0.8501,6151,2022-01-26 20:40:00,CLEU
0.85,0.85,0.85,0.85,200,2022-01-26 20:45:00,CLEU
0.85,0.85,0.84,0.845,12400,2022-01-26 20:50:00,CLEU
0.84,0.85,0.8367,0.8384,4953,2022-01-26 20:55:00,CLEU
0.8384,0.8384,0.8384,0.8384,1136,2022-01-26 21:00:00,CLEU
0.82,0.83,0.82,0.83,200,2022-01-26 21:05:00,CLEU
0.84,0.88,0.84,0.87,16700,2022-01-26 21:10:00,CLEU
0.86,0.86,0.82,0.83,7300,2022-01-26 21:15:00,CLEU
0.83,0.83,0.83,0.83,20400,2022-01-26 21:20:00,CLEU
0.83,0.85,0.83,0.85,1100,2022-01-26 21:25:00,CLEU
0.88,0.88,0.88,0.88,300,2022-01-26 21:30:00,CLEU
0.852,0.918,0.852,0.9,90500,2022-01-26 22:20:00,CLEU
0.918,0.918,0.91,0.91,53345,2022-01-26 22:25:00,CLEU
0.853,0.853,0.853,0.853,80000,2022-01-26 23:10:00,CLEU
0.899,0.91,0.8501,0.8612,90000,2022-01-26 23:15:00,CLEU
0.862,0.862,0.838,0.85,42000,2022-01-26 23:20:00,CLEU
0.838,0.88,0.838,0.88,10400,2022-01-26 23:25:00,CLEU
0.838,0.838,0.838,0.838,71000,2022-01-26 23:35:00,CLEU
0.87,0.87,0.87,0.87,100,2022-01-27 00:15:00,CLEU
0.87,0.87,0.84,0.84,10900,2022-01-27 00:20:00,CLEU
0.84,0.908,0.84,0.8416,65452,2022-01-27 00:25:00,CLEU
0.89,0.89,0.84,0.85,12865,2022-01-27 00:30:00,CLEU
0.8899,0.8899,0.8501,0.8501,21500,2022-01-27 00:35:00,CLEU
0.89,0.89,0.843,0.85,800,2022-01-27 00:40:00,CLEU
0.85,0.8501,0.845,0.8501,300,2022-01-27 00:45:00,CLEU
0.8799,0.8799,0.8701,0.8701,300,2022-01-27 00:50:00,CLEU
0.89,0.898,0.89,0.898,6000,2022-01-27 10:45:00,CLEU
0.87,0.88,0.84,0.845,13400,2022-01-27 13:45:00,CLEU
0.8415,0.8503,0.8415,0.8503,21500,2022-01-27 13:50:00,CLEU
0.8504,0.88,0.8504,0.87,15400,2022-01-27 13:55:00,CLEU
0.8501,0.8501,0.8501,0.8501,10100,2022-01-27 14:00:00,CLEU
0.8503,0.8701,0.85,0.8699,5700,2022-01-27 14:05:00,CLEU
0.8691,0.8691,0.86,0.86,3333,2022-01-27 14:30:00,CLEU
0.85,0.855,0.85,0.855,598,2022-01-27 14:45:00,CLEU
0.8599,0.8599,0.8599,0.8599,200,2022-01-27 14:55:00,CLEU
0.8552,0.8552,0.8499,0.85,4600,2022-01-27 15:00:00,CLEU
0.85,0.85,0.85,0.85,174,2022-01-27 15:05:00,CLEU
0.8599,0.8599,0.8599,0.8599,100,2022-01-27 15:15:00,CLEU
0.8413,0.8413,0.84,0.84,19700,2022-01-27 15:30:00,CLEU
0.84,0.84,0.835,0.835,648,2022-01-27 15:35:00,CLEU
0.84,0.84,0.8379,0.8379,800,2022-01-27 15:45:00,CLEU
0.84,0.84,0.835,0.835,2000,2022-01-27 15:50:00,CLEU
0.83,0.83,0.82,0.82,982,2022-01-27 16:15:00,CLEU
0.8399,0.8399,0.8399,0.8399,300,2022-01-27 16:35:00,CLEU
0.839899,0.839899,0.839899,0.839899,5000,2022-01-27 16:55:00,CLEU
0.830101,0.830101,0.830101,0.830101,175,2022-01-27 17:10:00,CLEU
0.8303,0.8303,0.8303,0.8303,350,2022-01-27 17:15:00,CLEU
0.8399,0.8399,0.8399,0.8399,200,2022-01-27 17:45:00,CLEU
0.8301,0.8301,0.82,0.82,3950,2022-01-27 17:50:00,CLEU
0.82,0.82,0.82,0.82,200,2022-01-27 18:35:00,CLEU
0.83,0.83,0.83,0.83,300,2022-01-27 18:40:00,CLEU
0.823033,0.829799,0.823033,0.829799,6198,2022-01-27 18:55:00,CLEU
0.8299,0.8299,0.8299,0.8299,100,2022-01-27 19:00:00,CLEU
0.83,0.83,0.8299,0.8299,3500,2022-01-27 19:45:00,CLEU
0.8297,0.8297,0.8297,0.8297,200,2022-01-27 19:55:00,CLEU
0.83,0.83,0.83,0.83,1000,2022-01-27 20:00:00,CLEU
0.8598,0.8598,0.8598,0.8598,469,2022-01-27 20:05:00,CLEU
0.840101,0.86,0.840101,0.85,7500,2022-01-27 20:10:00,CLEU
0.8602,0.861001,0.85,0.85,4263,2022-01-27 20:15:00,CLEU
0.8602,0.870001,0.83,0.83,10200,2022-01-27 20:20:00,CLEU
0.83,0.8399,0.8295,0.8397,16400,2022-01-27 20:25:00,CLEU
0.8399,0.8516,0.8399,0.8516,300,2022-01-27 20:30:00,CLEU
0.85,0.8502,0.8499,0.8499,1400,2022-01-27 20:35:00,CLEU
0.8478,0.85,0.8478,0.849,1655,2022-01-27 20:40:00,CLEU
0.8485,0.8485,0.8485,0.8485,100,2022-01-27 20:45:00,CLEU
0.85,0.85,0.85,0.85,100,2022-01-27 20:50:00,CLEU
0.848,0.8485,0.848,0.8485,624,2022-01-27 20:55:00,CLEU
0.87,0.87,0.86,0.86,5300,2022-01-27 21:00:00,CLEU
0.86,0.8698,0.86,0.8696,12809,2022-01-27 21:05:00,CLEU
0.8696,0.8696,0.8696,0.8696,4100,2022-01-27 21:10:00,CLEU
0.8301,0.8301,0.8301,0.8301,100,2022-01-27 23:00:00,CLEU
0.8696,0.8696,0.8696,0.8696,100,2022-01-27 23:15:00,CLEU
0.868,0.8681,0.868,0.8681,200,2022-01-28 00:00:00,CLEU
0.868,0.8696,0.86,0.86,2500,2022-01-28 00:20:00,CLEU
0.832,0.832,0.83,0.83,200,2022-01-28 00:25:00,CLEU
0.83,0.83,0.83,0.83,4100,2022-01-28 00:40:00,CLEU
0.83,0.865,0.83,0.8649,13300,2022-01-28 00:45:00,CLEU
0.8649,0.8649,0.83,0.8645,5700,2022-01-28 00:50:00,CLEU
0.864,0.8644,0.864,0.8643,300,2022-01-28 00:55:00,CLEU
0.83,0.83,0.83,0.83,3100,2022-01-28 13:50:00,CLEU
0.83,0.87,0.83,0.8696,2300,2022-01-28 14:00:00,CLEU
0.86,0.86,0.86,0.86,100,2022-01-28 14:05:00,CLEU
0.85,0.85,0.85,0.85,5000,2022-01-28 14:35:00,CLEU
0.840001,0.840001,0.840001,0.840001,1016,2022-01-28 14:40:00,CLEU
0.840001,0.840001,0.83,0.83,6471,2022-01-28 14:45:00,CLEU
0.83,0.85,0.83,0.85,4795,2022-01-28 14:55:00,CLEU
0.8399,0.8399,0.8399,0.8399,232,2022-01-28 15:05:00,CLEU
0.8399,0.839906,0.83,0.83,775,2022-01-28 15:10:00,CLEU
0.830001,0.830001,0.830001,0.830001,2536,2022-01-28 15:35:00,CLEU
0.830001,0.830001,0.830001,0.830001,144,2022-01-28 15:40:00,CLEU
0.8302,0.8302,0.8302,0.8302,1000,2022-01-28 15:45:00,CLEU
0.83,0.83,0.8295,0.8295,6392,2022-01-28 15:55:00,CLEU
0.8295,0.8295,0.82,0.824749,8281,2022-01-28 16:00:00,CLEU
0.8295,0.8295,0.8295,0.8295,150,2022-01-28 16:10:00,CLEU
0.83,0.83,0.83,0.83,2000,2022-01-28 16:40:00,CLEU
0.8379,0.8379,0.8379,0.8379,500,2022-01-28 16:45:00,CLEU
0.831,0.85,0.83,0.85,7688,2022-01-28 16:55:00,CLEU
0.8302,0.8302,0.8302,0.8302,4200,2022-01-28 17:10:00,CLEU
0.8301,0.8301,0.8301,0.8301,300,2022-01-28 17:40:00,CLEU
0.8302,0.8302,0.8302,0.8302,200,2022-01-28 18:25:00,CLEU
0.835,0.835,0.8301,0.8301,300,2022-01-28 18:40:00,CLEU
0.8304,0.8304,0.83,0.83,3310,2022-01-28 19:05:00,CLEU
0.83,0.83,0.83,0.83,2663,2022-01-28 19:10:00,CLEU
0.8309,0.8309,0.8309,0.8309,200,2022-01-28 19:20:00,CLEU
0.83,0.83,0.814,0.814,6750,2022-01-28 19:35:00,CLEU
0.8299,0.8299,0.8299,0.8299,10246,2022-01-28 19:40:00,CLEU
0.8299,0.8299,0.8299,0.8299,100,2022-01-28 19:45:00,CLEU
0.82,0.82,0.8195,0.82,17160,2022-01-28 19:50:00,CLEU
0.82,0.83,0.8199,0.83,15352,2022-01-28 19:55:00,CLEU
0.8295,0.83,0.823,0.825,8645,2022-01-28 20:00:00,CLEU
0.82,0.8244,0.8197,0.8244,5600,2022-01-28 20:05:00,CLEU
0.8238,0.825,0.8238,0.825,2200,2022-01-28 20:10:00,CLEU
0.825,0.825,0.8201,0.8201,300,2022-01-28 20:20:00,CLEU
0.825,0.825,0.825,0.825,100,2022-01-28 20:25:00,CLEU
0.825,0.87,0.825,0.86,32404,2022-01-28 20:30:00,CLEU
0.86,0.86,0.83,0.8301,11000,2022-01-28 20:35:00,CLEU
0.825,0.825,0.81,0.815,9848,2022-01-28 20:40:00,CLEU
0.815,0.815,0.8149,0.815,12155,2022-01-28 20:45:00,CLEU
0.815,0.83,0.8149,0.83,32907,2022-01-28 20:50:00,CLEU
0.83,0.83,0.805,0.8125,48108,2022-01-28 20:55:00,CLEU
0.819,0.819,0.819,0.819,325,2022-01-28 21:00:00,CLEU
0.869,0.878,0.869,0.878,12649,2022-01-28 21:05:00,CLEU
0.85,0.8799,0.85,0.8799,1700,2022-01-28 21:10:00,CLEU
0.84,0.87,0.84,0.87,10541,2022-01-28 21:25:00,CLEU
0.89,0.89,0.89,0.89,100,2022-01-28 21:55:00,CLEU
