open,high,low,close,volume,datetime,symbol
43.43,43.43,43.3739,43.42,5009,2022-01-03 14:30:00,FEP
43.44,43.46,43.44,43.46,612,2022-01-03 14:35:00,FEP
43.4132,43.4132,43.4132,43.4132,263,2022-01-03 14:40:00,FEP
43.41,43.41,43.38,43.38,600,2022-01-03 14:45:00,FEP
43.23,43.24,43.1906,43.24,565,2022-01-03 14:50:00,FEP
43.26,43.26,43.26,43.26,200,2022-01-03 14:55:00,FEP
43.255,43.33,43.255,43.3,1734,2022-01-03 15:00:00,FEP
43.29,43.29,43.275,43.2814,389,2022-01-03 15:05:00,FEP
43.33,43.33,43.32,43.32,500,2022-01-03 15:10:00,FEP
43.3238,43.3238,43.2793,43.2793,715,2022-01-03 15:15:00,FEP
43.27,43.32,43.27,43.32,305,2022-01-03 15:20:00,FEP
43.325,43.325,43.291,43.325,1021,2022-01-03 15:25:00,FEP
43.32,43.34,43.28,43.28,1274,2022-01-03 15:30:00,FEP
43.2523,43.26,43.235,43.26,1977,2022-01-03 15:45:00,FEP
43.26,43.26,43.25,43.25,2100,2022-01-03 15:50:00,FEP
43.25,43.28,43.25,43.28,1111,2022-01-03 15:55:00,FEP
43.278,43.28,43.278,43.28,1300,2022-01-03 16:00:00,FEP
43.26,43.26,43.22,43.22,4100,2022-01-03 16:05:00,FEP
43.205,43.24,43.205,43.23,3732,2022-01-03 16:10:00,FEP
43.23,43.2519,43.23,43.2519,710,2022-01-03 16:15:00,FEP
43.26,43.27,43.26,43.27,1500,2022-01-03 16:20:00,FEP
43.27,43.29,43.26,43.29,1700,2022-01-03 16:25:00,FEP
43.265,43.31,43.25,43.255,3200,2022-01-03 16:30:00,FEP
43.26,43.27,43.22,43.22,26226,2022-01-03 16:35:00,FEP
43.23,43.28,43.22,43.28,4080,2022-01-03 16:40:00,FEP
43.28,43.38,43.28,43.33,1954,2022-01-03 16:45:00,FEP
43.31,43.31,43.3,43.3,1475,2022-01-03 16:50:00,FEP
43.3,43.34,43.3,43.34,1500,2022-01-03 16:55:00,FEP
43.3,43.3,43.29,43.29,1000,2022-01-03 17:00:00,FEP
43.31,43.31,43.3017,43.31,1699,2022-01-03 17:05:00,FEP
43.31,43.32,43.3,43.3,2784,2022-01-03 17:10:00,FEP
43.29,43.29,43.29,43.29,739,2022-01-03 17:15:00,FEP
43.32,43.32,43.32,43.32,1200,2022-01-03 17:20:00,FEP
43.32,43.32,43.319,43.32,700,2022-01-03 17:25:00,FEP
43.32,43.32,43.32,43.32,500,2022-01-03 17:30:00,FEP
43.32,43.32,43.32,43.32,700,2022-01-03 17:35:00,FEP
43.32,43.32,43.32,43.32,1200,2022-01-03 17:40:00,FEP
43.32,43.32,43.32,43.32,600,2022-01-03 17:45:00,FEP
43.32,43.32,43.32,43.32,700,2022-01-03 17:50:00,FEP
43.32,43.32,43.32,43.32,600,2022-01-03 17:55:00,FEP
43.3134,43.36,43.31,43.36,75450,2022-01-03 18:00:00,FEP
43.35,43.35,43.34,43.34,600,2022-01-03 18:05:00,FEP
43.34,43.34,43.34,43.34,612,2022-01-03 18:10:00,FEP
43.34,43.34,43.34,43.34,1200,2022-01-03 18:15:00,FEP
43.34,43.34,43.34,43.34,2200,2022-01-03 18:20:00,FEP
43.39,43.39,43.39,43.39,1100,2022-01-03 18:25:00,FEP
43.39,43.39,43.3816,43.39,1411,2022-01-03 18:30:00,FEP
43.38,43.38,43.355,43.38,2527,2022-01-03 18:35:00,FEP
43.38,43.38,43.38,43.38,700,2022-01-03 18:40:00,FEP
43.38,43.38,43.3532,43.3532,851,2022-01-03 18:45:00,FEP
43.38,43.38,43.3756,43.38,1472,2022-01-03 18:50:00,FEP
43.38,43.38,43.38,43.38,300,2022-01-03 18:55:00,FEP
43.49,43.49,43.4074,43.41,1900,2022-01-03 19:00:00,FEP
43.41,43.44,43.41,43.44,1600,2022-01-03 19:05:00,FEP
43.44,43.44,43.44,43.44,900,2022-01-03 19:10:00,FEP
43.44,43.45,43.415,43.43,3371,2022-01-03 19:15:00,FEP
43.42,43.42,43.42,43.42,300,2022-01-03 19:20:00,FEP
43.415,43.45,43.415,43.44,2947,2022-01-03 19:25:00,FEP
43.425,43.425,43.425,43.425,100,2022-01-03 19:30:00,FEP
43.45,43.45,43.43,43.44,6349,2022-01-03 19:35:00,FEP
43.45,43.45,43.45,43.45,100,2022-01-03 19:40:00,FEP
43.47,43.48,43.465,43.4738,2515,2022-01-03 19:45:00,FEP
43.47,43.47,43.42,43.42,854,2022-01-03 19:50:00,FEP
43.47,43.47,43.47,43.47,500,2022-01-03 19:55:00,FEP
43.46,43.46,43.46,43.46,1200,2022-01-03 20:00:00,FEP
43.435,43.45,43.435,43.45,600,2022-01-03 20:05:00,FEP
43.45,43.48,43.45,43.48,1500,2022-01-03 20:10:00,FEP
43.4515,43.48,43.45,43.46,11345,2022-01-03 20:15:00,FEP
43.45,43.47,43.45,43.4675,800,2022-01-03 20:20:00,FEP
43.465,43.474,43.465,43.474,1200,2022-01-03 20:25:00,FEP
43.5087,43.5087,43.4482,43.495,1818,2022-01-03 20:30:00,FEP
43.47,43.505,43.47,43.505,1500,2022-01-03 20:35:00,FEP
43.4946,43.51,43.46,43.46,5439,2022-01-03 20:40:00,FEP
43.47,43.555,43.4575,43.51,2178,2022-01-03 20:45:00,FEP
43.52,43.52,43.46,43.46,400,2022-01-03 20:50:00,FEP
43.48,43.49,43.45,43.49,9674,2022-01-03 20:55:00,FEP
43.56,43.56,43.56,43.56,2980,2022-01-03 21:00:00,FEP
43.71,43.71,43.6301,43.6301,2615,2022-01-04 14:30:00,FEP
43.7303,43.7303,43.7303,43.7303,262,2022-01-04 14:40:00,FEP
43.66,43.66,43.66,43.66,200,2022-01-04 14:50:00,FEP
43.67,43.68,43.67,43.68,608,2022-01-04 14:55:00,FEP
43.68,43.68,43.68,43.68,200,2022-01-04 15:05:00,FEP
43.675,43.72,43.675,43.72,761,2022-01-04 15:10:00,FEP
43.72,43.72,43.7,43.7,200,2022-01-04 15:15:00,FEP
43.68,43.68,43.68,43.68,175,2022-01-04 15:20:00,FEP
43.765,43.765,43.76,43.76,546,2022-01-04 15:25:00,FEP
43.7615,43.7615,43.71,43.71,739,2022-01-04 15:30:00,FEP
43.7712,43.7712,43.735,43.735,271,2022-01-04 15:35:00,FEP
43.7538,43.7538,43.7,43.7,566,2022-01-04 15:40:00,FEP
43.7487,43.7798,43.7,43.7742,4292,2022-01-04 15:45:00,FEP
43.73,43.7724,43.73,43.7622,2006,2022-01-04 15:50:00,FEP
43.759,43.759,43.66,43.66,834,2022-01-04 15:55:00,FEP
43.64,43.64,43.64,43.64,200,2022-01-04 16:00:00,FEP
43.58,43.58,43.58,43.58,200,2022-01-04 16:25:00,FEP
43.61,43.61,43.61,43.61,100,2022-01-04 16:30:00,FEP
43.59,43.59,43.59,43.59,100,2022-01-04 16:35:00,FEP
43.61,43.61,43.58,43.58,1933,2022-01-04 16:40:00,FEP
43.63,43.64,43.58,43.58,4700,2022-01-04 17:00:00,FEP
43.58,43.58,43.58,43.58,100,2022-01-04 17:05:00,FEP
43.58,43.58,43.58,43.58,100,2022-01-04 17:10:00,FEP
43.57,43.57,43.57,43.57,2411,2022-01-04 17:25:00,FEP
43.5827,43.6147,43.5827,43.6147,510,2022-01-04 17:40:00,FEP
43.6,43.6,43.6,43.6,100,2022-01-04 17:45:00,FEP
43.6105,43.6105,43.6105,43.6105,185,2022-01-04 17:50:00,FEP
43.58,43.595,43.56,43.56,954,2022-01-04 17:55:00,FEP
43.56,43.56,43.549,43.549,235,2022-01-04 18:00:00,FEP
43.585,43.585,43.585,43.585,217,2022-01-04 18:05:00,FEP
43.597,43.597,43.597,43.597,349,2022-01-04 18:10:00,FEP
43.55,43.5749,43.55,43.55,546,2022-01-04 18:15:00,FEP
43.5114,43.5779,43.5114,43.53,1915,2022-01-04 18:20:00,FEP
43.53,43.53,43.53,43.53,100,2022-01-04 18:30:00,FEP
43.4635,43.4928,43.4627,43.4928,400,2022-01-04 18:40:00,FEP
43.495,43.495,43.4572,43.4572,200,2022-01-04 18:50:00,FEP
43.4474,43.51,43.4474,43.51,14958,2022-01-04 19:05:00,FEP
43.49,43.49,43.46,43.46,300,2022-01-04 19:10:00,FEP
43.49,43.49,43.475,43.475,2985,2022-01-04 19:15:00,FEP
43.4672,43.4672,43.46,43.46,1100,2022-01-04 19:20:00,FEP
43.475,43.485,43.475,43.485,200,2022-01-04 19:25:00,FEP
43.475,43.49,43.475,43.49,1207,2022-01-04 19:30:00,FEP
43.53,43.53,43.53,43.53,144,2022-01-04 19:40:00,FEP
43.52,43.52,43.52,43.52,100,2022-01-04 19:45:00,FEP
43.5399,43.5399,43.5399,43.5399,400,2022-01-04 19:55:00,FEP
43.525,43.525,43.525,43.525,182,2022-01-04 20:00:00,FEP
43.525,43.525,43.49,43.525,11171,2022-01-04 20:05:00,FEP
43.535,43.5508,43.535,43.5508,707,2022-01-04 20:10:00,FEP
43.5301,43.555,43.5301,43.54,812,2022-01-04 20:15:00,FEP
43.54,43.54,43.54,43.54,100,2022-01-04 20:20:00,FEP
43.56,43.57,43.56,43.56,1026,2022-01-04 20:25:00,FEP
43.55,43.57,43.53,43.57,19643,2022-01-04 20:30:00,FEP
43.5344,43.57,43.5344,43.57,3559,2022-01-04 20:35:00,FEP
43.55,43.59,43.5301,43.5775,5436,2022-01-04 20:40:00,FEP
43.5641,43.58,43.545,43.545,877,2022-01-04 20:45:00,FEP
43.6059,43.6059,43.6059,43.6059,634,2022-01-04 20:50:00,FEP
43.53,43.57,43.53,43.54,22447,2022-01-04 20:55:00,FEP
43.47,43.47,43.47,43.47,204,2022-01-04 21:00:00,FEP
43.77,43.795,43.75,43.795,2839,2022-01-05 14:30:00,FEP
43.789,43.789,43.789,43.789,100,2022-01-05 14:35:00,FEP
43.8135,43.8135,43.74,43.75,1817,2022-01-05 14:40:00,FEP
43.75,43.75,43.75,43.75,5000,2022-01-05 14:45:00,FEP
43.76,43.76,43.76,43.76,100,2022-01-05 14:50:00,FEP
43.7725,43.785,43.76,43.77,798,2022-01-05 14:55:00,FEP
43.8189,43.8189,43.76,43.76,244,2022-01-05 15:00:00,FEP
43.82,43.82,43.8,43.8,258,2022-01-05 15:05:00,FEP
43.77,43.77,43.77,43.77,122,2022-01-05 15:10:00,FEP
43.7835,43.79,43.78,43.78,711,2022-01-05 15:15:00,FEP
43.75,43.75,43.75,43.75,700,2022-01-05 15:35:00,FEP
43.79,43.8,43.79,43.8,1084,2022-01-05 15:45:00,FEP
43.75,43.7526,43.75,43.7526,2553,2022-01-05 15:50:00,FEP
43.75,43.75,43.75,43.75,100,2022-01-05 16:00:00,FEP
43.8378,43.8378,43.7506,43.8,4178,2022-01-05 16:10:00,FEP
43.7711,43.8025,43.7711,43.8025,213,2022-01-05 16:15:00,FEP
43.75,43.799,43.75,43.799,3612,2022-01-05 16:25:00,FEP
43.75,43.76,43.75,43.76,2026,2022-01-05 16:30:00,FEP
43.73,43.73,43.73,43.73,100,2022-01-05 16:40:00,FEP
43.7873,43.7873,43.7873,43.7873,430,2022-01-05 17:00:00,FEP
43.826,43.826,43.826,43.826,671,2022-01-05 17:05:00,FEP
43.8096,43.8096,43.8096,43.8096,132,2022-01-05 17:10:00,FEP
43.81,43.81,43.77,43.77,218,2022-01-05 17:20:00,FEP
43.82,43.84,43.82,43.84,294,2022-01-05 17:25:00,FEP
43.7792,43.8,43.7792,43.79,875,2022-01-05 17:30:00,FEP
43.7925,43.7925,43.75,43.77,2419,2022-01-05 17:35:00,FEP
43.75,43.7575,43.75,43.7575,300,2022-01-05 17:40:00,FEP
43.76,43.76,43.76,43.76,153,2022-01-05 17:45:00,FEP
43.75,43.75,43.745,43.745,768,2022-01-05 17:55:00,FEP
43.7425,43.745,43.7325,43.735,1000,2022-01-05 18:00:00,FEP
43.715,43.72,43.71,43.72,500,2022-01-05 18:05:00,FEP
43.7225,43.7225,43.72,43.72,300,2022-01-05 18:10:00,FEP
43.72,43.72,43.72,43.72,100,2022-01-05 18:35:00,FEP
43.71,43.71,43.71,43.71,100,2022-01-05 18:45:00,FEP
43.69,43.72,43.69,43.69,1209,2022-01-05 18:50:00,FEP
43.7068,43.7136,43.7,43.7,1061,2022-01-05 18:55:00,FEP
43.62,43.72,43.62,43.7,1931,2022-01-05 19:00:00,FEP
43.64,43.65,43.55,43.55,1617,2022-01-05 19:05:00,FEP
43.511,43.511,43.51,43.51,324,2022-01-05 19:10:00,FEP
43.46,43.5,43.45,43.45,621,2022-01-05 19:15:00,FEP
43.45,43.45,43.44,43.44,415,2022-01-05 19:20:00,FEP
43.48,43.48,43.48,43.48,300,2022-01-05 19:25:00,FEP
43.4853,43.4853,43.4853,43.4853,339,2022-01-05 19:30:00,FEP
43.4334,43.4334,43.38,43.38,1796,2022-01-05 19:35:00,FEP
43.3695,43.4,43.33,43.4,1260,2022-01-05 19:40:00,FEP
43.315,43.315,43.29,43.29,301,2022-01-05 19:45:00,FEP
43.35,43.36,43.31,43.31,13499,2022-01-05 19:50:00,FEP
43.38,43.39,43.27,43.27,900,2022-01-05 19:55:00,FEP
43.26,43.26,43.235,43.235,852,2022-01-05 20:00:00,FEP
43.22,43.22,43.22,43.22,147,2022-01-05 20:15:00,FEP
43.25,43.26,43.23,43.23,558,2022-01-05 20:20:00,FEP
43.25,43.2699,43.25,43.2699,291,2022-01-05 20:25:00,FEP
43.2359,43.2359,43.23,43.23,378,2022-01-05 20:30:00,FEP
43.23,43.2447,43.23,43.2447,315,2022-01-05 20:35:00,FEP
43.24,43.24,43.24,43.24,100,2022-01-05 20:40:00,FEP
43.22,43.22,43.22,43.22,100,2022-01-05 20:45:00,FEP
43.18,43.2,43.16,43.2,600,2022-01-05 20:50:00,FEP
43.17,43.17,43.09,43.14,1000,2022-01-05 20:55:00,FEP
43.05,43.05,43.05,43.05,300,2022-01-06 14:25:00,FEP
43.1,43.1,43.05,43.05,518,2022-01-06 14:30:00,FEP
43.14,43.15,43.1,43.14,7100,2022-01-06 14:35:00,FEP
43.15,43.15,43.15,43.15,100,2022-01-06 14:40:00,FEP
43.0885,43.09,43.0885,43.089,473,2022-01-06 14:45:00,FEP
42.95,42.96,42.87,42.915,531,2022-01-06 15:30:00,FEP
43.04,43.04,43.04,43.04,310,2022-01-06 15:35:00,FEP
42.985,42.9899,42.9269,42.9269,4858,2022-01-06 15:40:00,FEP
43.01,43.01,42.95,42.9935,724,2022-01-06 15:45:00,FEP
42.962,42.9999,42.96,42.96,3820,2022-01-06 15:50:00,FEP
42.925,42.925,42.925,42.925,281,2022-01-06 16:00:00,FEP
42.8789,42.925,42.8789,42.925,2127,2022-01-06 16:05:00,FEP
42.9875,43.0183,42.985,43.0183,3711,2022-01-06 16:25:00,FEP
43.01,43.01,43.0,43.0,200,2022-01-06 16:30:00,FEP
42.9939,42.9939,42.9939,42.9939,144,2022-01-06 16:35:00,FEP
43.02,43.02,43.02,43.02,200,2022-01-06 16:40:00,FEP
43.0517,43.0517,43.022,43.022,1435,2022-01-06 17:15:00,FEP
43.054,43.08,43.054,43.08,399,2022-01-06 17:30:00,FEP
43.1235,43.1235,43.1235,43.1235,156,2022-01-06 17:50:00,FEP
43.08,43.08,43.08,43.08,232,2022-01-06 17:55:00,FEP
43.0784,43.0784,43.0784,43.0784,130,2022-01-06 18:05:00,FEP
43.02,43.02,43.02,43.02,100,2022-01-06 18:25:00,FEP
43.01,43.01,43.01,43.01,599,2022-01-06 18:30:00,FEP
43.0036,43.0036,43.0036,43.0036,100,2022-01-06 18:55:00,FEP
42.939,42.939,42.939,42.939,204,2022-01-06 19:00:00,FEP
42.98,42.98,42.98,42.98,597,2022-01-06 19:05:00,FEP
43.01,43.01,43.01,43.01,278,2022-01-06 19:10:00,FEP
42.97,42.97,42.97,42.97,233,2022-01-06 19:25:00,FEP
42.9801,43.005,42.9801,43.005,348,2022-01-06 19:35:00,FEP
43.03,43.03,43.03,43.03,400,2022-01-06 19:45:00,FEP
42.9905,43.0,42.9701,42.99,1179,2022-01-06 19:50:00,FEP
43.0,43.0,42.98,42.98,200,2022-01-06 20:15:00,FEP
42.945,42.945,42.9241,42.9241,304,2022-01-06 20:20:00,FEP
42.9624,42.9624,42.9624,42.9624,424,2022-01-06 20:25:00,FEP
42.9444,42.9444,42.925,42.925,273,2022-01-06 20:35:00,FEP
42.8844,42.98,42.88,42.98,808,2022-01-06 20:55:00,FEP
43.03,43.03,43.03,43.03,502,2022-01-07 14:30:00,FEP
43.01,43.01,43.01,43.01,200,2022-01-07 14:35:00,FEP
43.15,43.15,43.11,43.11,313,2022-01-07 14:45:00,FEP
43.12,43.13,43.06,43.06,1037,2022-01-07 14:50:00,FEP
43.08,43.08,43.08,43.08,1800,2022-01-07 15:05:00,FEP
43.0599,43.0599,43.04,43.04,1559,2022-01-07 15:25:00,FEP
43.04,43.06,43.04,43.06,400,2022-01-07 15:30:00,FEP
43.06,43.06,43.03,43.03,1800,2022-01-07 15:35:00,FEP
43.04,43.04,43.01,43.01,1280,2022-01-07 15:40:00,FEP
42.95,42.96,42.93,42.93,15499,2022-01-07 15:50:00,FEP
42.965,42.965,42.965,42.965,100,2022-01-07 15:55:00,FEP
42.98,42.99,42.98,42.98,1900,2022-01-07 16:00:00,FEP
43.05,43.055,42.98,42.98,2100,2022-01-07 16:15:00,FEP
43.005,43.01,43.005,43.01,1204,2022-01-07 16:20:00,FEP
43.085,43.085,43.085,43.085,155,2022-01-07 16:30:00,FEP
43.115,43.115,43.115,43.115,176,2022-01-07 16:35:00,FEP
43.09,43.12,43.09,43.12,600,2022-01-07 16:45:00,FEP
43.14,43.14,43.14,43.14,500,2022-01-07 16:50:00,FEP
43.185,43.23,43.185,43.22,900,2022-01-07 16:55:00,FEP
43.195,43.2,43.17,43.17,619,2022-01-07 17:00:00,FEP
43.155,43.155,43.1425,43.1425,808,2022-01-07 17:10:00,FEP
43.155,43.155,43.155,43.155,600,2022-01-07 17:15:00,FEP
43.15,43.15,43.15,43.15,1000,2022-01-07 17:20:00,FEP
43.155,43.19,43.155,43.19,468,2022-01-07 17:25:00,FEP
43.13,43.155,43.13,43.155,309,2022-01-07 17:30:00,FEP
43.1369,43.1369,43.1369,43.1369,110,2022-01-07 17:35:00,FEP
43.165,43.19,43.165,43.19,720,2022-01-07 17:50:00,FEP
43.16,43.185,43.16,43.18,400,2022-01-07 18:00:00,FEP
43.185,43.185,43.185,43.185,100,2022-01-07 18:05:00,FEP
43.19,43.2299,43.18,43.18,1375,2022-01-07 18:10:00,FEP
43.2,43.2,43.195,43.195,200,2022-01-07 18:15:00,FEP
43.2,43.2,43.18,43.19,400,2022-01-07 18:20:00,FEP
43.18,43.2,43.18,43.185,1100,2022-01-07 18:25:00,FEP
43.2076,43.2076,43.195,43.195,854,2022-01-07 18:30:00,FEP
43.205,43.205,43.205,43.205,756,2022-01-07 18:40:00,FEP
43.2,43.205,43.2,43.205,300,2022-01-07 18:45:00,FEP
43.18,43.23,43.18,43.23,2015,2022-01-07 18:50:00,FEP
43.2,43.23,43.2,43.23,834,2022-01-07 18:55:00,FEP
43.24,43.24,43.22,43.24,670,2022-01-07 19:00:00,FEP
43.22,43.22,43.22,43.22,15599,2022-01-07 19:05:00,FEP
43.24,43.24,43.22,43.22,1800,2022-01-07 19:10:00,FEP
43.22,43.235,43.22,43.235,600,2022-01-07 19:15:00,FEP
43.22,43.23,43.22,43.22,1200,2022-01-07 19:20:00,FEP
43.2499,43.2499,43.2499,43.2499,155,2022-01-07 19:25:00,FEP
43.2359,43.2359,43.2359,43.2359,299,2022-01-07 19:35:00,FEP
43.265,43.265,43.2521,43.2521,1025,2022-01-07 19:40:00,FEP
43.275,43.275,43.275,43.275,400,2022-01-07 19:45:00,FEP
43.2821,43.2821,43.2821,43.2821,494,2022-01-07 20:00:00,FEP
43.28,43.29,43.27,43.27,1000,2022-01-07 20:05:00,FEP
43.27,43.275,43.27,43.275,1000,2022-01-07 20:10:00,FEP
43.2834,43.29,43.24,43.29,832,2022-01-07 20:15:00,FEP
43.2669,43.2669,43.24,43.24,395,2022-01-07 20:20:00,FEP
43.24,43.25,43.22,43.25,1000,2022-01-07 20:25:00,FEP
43.25,43.26,43.24,43.24,518,2022-01-07 20:30:00,FEP
43.2,43.22,43.2,43.22,739,2022-01-07 20:35:00,FEP
43.22,43.24,43.19,43.19,3778,2022-01-07 20:40:00,FEP
43.2,43.24,43.171,43.171,1100,2022-01-07 20:45:00,FEP
43.23,43.2609,43.18,43.23,2258,2022-01-07 20:50:00,FEP
43.23,43.27,43.18,43.18,1995,2022-01-07 20:55:00,FEP
42.38,42.38,42.36,42.3616,438,2022-01-10 14:30:00,FEP
42.34,42.34,42.34,42.34,100,2022-01-10 14:35:00,FEP
42.28,42.28,42.28,42.28,200,2022-01-10 14:45:00,FEP
42.27,42.27,42.27,42.27,256,2022-01-10 14:50:00,FEP
42.24,42.24,42.23,42.23,600,2022-01-10 14:55:00,FEP
42.23,42.25,42.23,42.25,300,2022-01-10 15:05:00,FEP
42.16,42.16,42.15,42.15,200,2022-01-10 15:15:00,FEP
42.09,42.13,42.09,42.13,2242,2022-01-10 15:20:00,FEP
42.1644,42.1644,42.155,42.155,307,2022-01-10 15:25:00,FEP
42.17,42.17,42.1601,42.1601,467,2022-01-10 15:30:00,FEP
42.111,42.15,42.11,42.15,612,2022-01-10 15:35:00,FEP
42.1799,42.1799,42.1,42.1,655,2022-01-10 15:40:00,FEP
42.07,42.07,42.07,42.07,200,2022-01-10 15:50:00,FEP
42.1,42.1,42.1,42.1,200,2022-01-10 16:00:00,FEP
42.135,42.135,42.11,42.1225,700,2022-01-10 16:05:00,FEP
42.17,42.17,42.165,42.165,14801,2022-01-10 16:10:00,FEP
42.17,42.22,42.17,42.22,300,2022-01-10 16:15:00,FEP
42.2201,42.2201,42.2201,42.2201,2000,2022-01-10 16:20:00,FEP
42.2899,42.2918,42.22,42.225,1338,2022-01-10 16:30:00,FEP
42.16,42.185,42.16,42.185,215,2022-01-10 16:35:00,FEP
42.13,42.13,42.0801,42.1,5200,2022-01-10 16:40:00,FEP
42.15,42.16,42.1425,42.16,3500,2022-01-10 16:45:00,FEP
42.13,42.1652,42.13,42.15,5465,2022-01-10 16:50:00,FEP
42.16,42.16,42.16,42.16,100,2022-01-10 16:55:00,FEP
42.2318,42.2318,42.2318,42.2318,262,2022-01-10 17:15:00,FEP
42.17,42.17,42.17,42.17,100,2022-01-10 17:25:00,FEP
42.1753,42.1753,42.15,42.15,3840,2022-01-10 17:30:00,FEP
42.1643,42.165,42.1643,42.165,833,2022-01-10 17:35:00,FEP
42.22,42.22,42.22,42.22,178,2022-01-10 17:40:00,FEP
42.23,42.23,42.17,42.17,613,2022-01-10 17:45:00,FEP
42.22,42.24,42.22,42.24,776,2022-01-10 17:50:00,FEP
42.2,42.2,42.2,42.2,203,2022-01-10 17:55:00,FEP
42.235,42.29,42.2,42.209,1758,2022-01-10 18:00:00,FEP
42.245,42.2815,42.2129,42.2815,1543,2022-01-10 18:05:00,FEP
42.2858,42.286,42.2858,42.286,341,2022-01-10 18:15:00,FEP
42.28,42.28,42.275,42.275,200,2022-01-10 18:20:00,FEP
42.2997,42.2997,42.2955,42.2955,770,2022-01-10 18:25:00,FEP
42.2955,42.2955,42.2955,42.2955,227,2022-01-10 18:30:00,FEP
42.29,42.29,42.2898,42.29,1366,2022-01-10 18:35:00,FEP
42.28,42.28,42.28,42.28,100,2022-01-10 18:40:00,FEP
42.32,42.32,42.32,42.32,100,2022-01-10 18:45:00,FEP
42.4154,42.4154,42.4154,42.4154,456,2022-01-10 18:55:00,FEP
42.3948,42.395,42.3948,42.395,1090,2022-01-10 19:00:00,FEP
42.415,42.42,42.415,42.42,355,2022-01-10 19:15:00,FEP
42.3959,42.3959,42.3959,42.3959,106,2022-01-10 19:20:00,FEP
42.4451,42.4451,42.4451,42.4451,198,2022-01-10 19:30:00,FEP
42.41,42.43,42.41,42.43,200,2022-01-10 19:40:00,FEP
42.39,42.39,42.39,42.39,100,2022-01-10 19:55:00,FEP
42.38,42.38,42.33,42.33,983,2022-01-10 20:10:00,FEP
42.33,42.37,42.33,42.33,2400,2022-01-10 20:15:00,FEP
42.34,42.3799,42.33,42.35,1006,2022-01-10 20:20:00,FEP
42.37,42.3809,42.37,42.38,3101,2022-01-10 20:25:00,FEP
42.3518,42.39,42.35,42.39,2021,2022-01-10 20:30:00,FEP
42.42,42.42,42.3825,42.41,1094,2022-01-10 20:35:00,FEP
42.44,42.45,42.41,42.45,1200,2022-01-10 20:40:00,FEP
42.44,42.45,42.42,42.43,2358,2022-01-10 20:45:00,FEP
42.44,42.5,42.43,42.48,5511,2022-01-10 20:50:00,FEP
42.46,42.5,42.42,42.46,7359,2022-01-10 20:55:00,FEP
42.41,42.41,42.41,42.41,333,2022-01-10 21:00:00,FEP
42.65,42.6555,42.65,42.6555,345,2022-01-11 14:30:00,FEP
42.6331,42.6331,42.6331,42.6331,445,2022-01-11 14:35:00,FEP
42.53,42.53,42.53,42.53,100,2022-01-11 14:40:00,FEP
42.57,42.5999,42.57,42.599,787,2022-01-11 14:50:00,FEP
42.54,42.54,42.54,42.54,100,2022-01-11 14:55:00,FEP
42.61,42.61,42.61,42.61,100,2022-01-11 15:00:00,FEP
42.65,42.65,42.65,42.65,184,2022-01-11 15:05:00,FEP
42.66,42.66,42.66,42.66,100,2022-01-11 15:15:00,FEP
42.645,42.645,42.645,42.645,114,2022-01-11 15:20:00,FEP
42.68,42.68,42.68,42.68,100,2022-01-11 15:25:00,FEP
42.685,42.685,42.685,42.685,100,2022-01-11 15:30:00,FEP
42.65,42.699,42.645,42.69,23024,2022-01-11 15:35:00,FEP
42.645,42.645,42.645,42.645,282,2022-01-11 15:40:00,FEP
42.615,42.615,42.615,42.615,125,2022-01-11 15:50:00,FEP
42.74,42.74,42.74,42.74,117,2022-01-11 16:05:00,FEP
42.76,42.76,42.76,42.76,117,2022-01-11 16:10:00,FEP
42.805,42.805,42.805,42.805,232,2022-01-11 16:25:00,FEP
42.819,42.94,42.7855,42.84,53077,2022-01-11 16:30:00,FEP
42.9,42.9,42.9,42.9,119,2022-01-11 16:40:00,FEP
42.8316,42.865,42.8316,42.8361,646,2022-01-11 16:45:00,FEP
42.85,42.85,42.83,42.83,72000,2022-01-11 16:50:00,FEP
42.86,42.8883,42.86,42.87,6178,2022-01-11 16:55:00,FEP
42.87,42.87,42.87,42.87,131,2022-01-11 17:00:00,FEP
42.9165,42.9165,42.9165,42.9165,200,2022-01-11 17:20:00,FEP
42.89,42.89,42.86,42.86,685,2022-01-11 17:30:00,FEP
42.88,42.88,42.88,42.88,100,2022-01-11 17:40:00,FEP
42.86,42.885,42.86,42.885,1000,2022-01-11 17:45:00,FEP
42.9134,42.9134,42.9134,42.9134,187,2022-01-11 17:50:00,FEP
42.9282,42.9282,42.9282,42.9282,999,2022-01-11 17:55:00,FEP
42.88,42.88,42.88,42.88,255,2022-01-11 18:05:00,FEP
42.88,42.88,42.88,42.88,100,2022-01-11 18:10:00,FEP
42.909,42.909,42.895,42.895,4660,2022-01-11 18:15:00,FEP
42.92,42.9627,42.92,42.945,6098,2022-01-11 18:20:00,FEP
42.96,42.96,42.95,42.95,811,2022-01-11 18:40:00,FEP
42.98,42.98,42.98,42.98,100,2022-01-11 19:00:00,FEP
42.99,42.99,42.99,42.99,700,2022-01-11 19:15:00,FEP
43.0,43.0,43.0,43.0,100,2022-01-11 19:20:00,FEP
42.97,42.9701,42.97,42.9701,1536,2022-01-11 19:25:00,FEP
42.99,42.99,42.99,42.99,699,2022-01-11 19:45:00,FEP
43.0295,43.0295,43.0295,43.0295,100,2022-01-11 19:50:00,FEP
42.99,43.025,42.99,43.021,1601,2022-01-11 19:55:00,FEP
43.0601,43.0601,43.02,43.02,3010,2022-01-11 20:05:00,FEP
43.012,43.03,43.012,43.03,7500,2022-01-11 20:15:00,FEP
43.01,43.03,43.01,43.03,868,2022-01-11 20:20:00,FEP
43.0186,43.0186,43.0145,43.0145,1100,2022-01-11 20:25:00,FEP
43.0358,43.0358,43.03,43.03,300,2022-01-11 20:35:00,FEP
43.03,43.03,43.03,43.03,219,2022-01-11 20:40:00,FEP
43.0,43.02,43.0,43.02,898,2022-01-11 20:55:00,FEP
42.98,42.98,42.98,42.98,125,2022-01-11 21:00:00,FEP
43.48,43.48,43.48,43.48,647,2022-01-12 14:30:00,FEP
43.48,43.49,43.48,43.49,13130,2022-01-12 14:35:00,FEP
43.5099,43.5099,43.5099,43.5099,115,2022-01-12 14:40:00,FEP
43.51,43.51,43.51,43.51,100,2022-01-12 14:50:00,FEP
43.59,43.59,43.59,43.59,200,2022-01-12 14:55:00,FEP
43.615,43.62,43.59,43.59,715,2022-01-12 15:00:00,FEP
43.5742,43.5742,43.5742,43.5742,135,2022-01-12 15:05:00,FEP
43.58,43.58,43.58,43.58,100,2022-01-12 15:10:00,FEP
43.6075,43.6462,43.6075,43.6462,1301,2022-01-12 15:20:00,FEP
43.6077,43.6077,43.569,43.569,933,2022-01-12 15:30:00,FEP
43.5,43.5,43.5,43.5,597,2022-01-12 15:45:00,FEP
43.5186,43.5186,43.4906,43.4906,1443,2022-01-12 15:50:00,FEP
43.5388,43.5388,43.5388,43.5388,220,2022-01-12 15:55:00,FEP
43.554,43.554,43.4944,43.4944,318,2022-01-12 16:00:00,FEP
43.48,43.5,43.4508,43.5,3700,2022-01-12 16:05:00,FEP
43.49,43.519,43.49,43.519,303,2022-01-12 16:10:00,FEP
43.47,43.47,43.47,43.47,120,2022-01-12 16:15:00,FEP
43.4101,43.4101,43.4101,43.4101,2048,2022-01-12 16:20:00,FEP
43.495,43.495,43.495,43.495,313,2022-01-12 16:25:00,FEP
43.5499,43.55,43.5499,43.55,1272,2022-01-12 16:30:00,FEP
43.5445,43.57,43.5445,43.57,443,2022-01-12 16:40:00,FEP
43.5761,43.5761,43.5761,43.5761,158,2022-01-12 17:00:00,FEP
43.5,43.54,43.5,43.54,283,2022-01-12 17:10:00,FEP
43.55,43.55,43.55,43.55,109,2022-01-12 17:20:00,FEP
43.59,43.62,43.59,43.6198,756,2022-01-12 17:50:00,FEP
43.625,43.625,43.6,43.6,493,2022-01-12 18:05:00,FEP
43.6,43.6,43.6,43.6,200,2022-01-12 18:15:00,FEP
43.5601,43.5601,43.5601,43.5601,1205,2022-01-12 18:20:00,FEP
43.5655,43.5655,43.5655,43.5655,406,2022-01-12 18:25:00,FEP
43.6055,43.61,43.58,43.6063,1029,2022-01-12 18:40:00,FEP
43.59,43.59,43.59,43.59,100,2022-01-12 18:50:00,FEP
43.57,43.58,43.57,43.58,200,2022-01-12 18:55:00,FEP
43.6,43.6,43.57,43.57,547,2022-01-12 19:00:00,FEP
43.56,43.57,43.55,43.55,355,2022-01-12 19:05:00,FEP
43.59,43.605,43.59,43.605,366,2022-01-12 19:20:00,FEP
43.6384,43.6384,43.6384,43.6384,746,2022-01-12 19:30:00,FEP
43.5985,43.5985,43.5985,43.5985,484,2022-01-12 19:40:00,FEP
43.605,43.605,43.59,43.59,554,2022-01-12 20:00:00,FEP
43.59,43.595,43.59,43.59,568,2022-01-12 20:05:00,FEP
43.6,43.6,43.6,43.6,282,2022-01-12 20:10:00,FEP
43.58,43.59,43.58,43.58,1659,2022-01-12 20:15:00,FEP
43.5992,43.61,43.554,43.58,1611,2022-01-12 20:25:00,FEP
43.55,43.5975,43.55,43.59,951,2022-01-12 20:30:00,FEP
43.5947,43.5947,43.5624,43.585,907,2022-01-12 20:35:00,FEP
43.605,43.6393,43.605,43.6393,1000,2022-01-12 20:45:00,FEP
43.65,43.68,43.65,43.68,4563,2022-01-12 20:50:00,FEP
43.65,43.67,43.63,43.63,400,2022-01-12 20:55:00,FEP
43.78,43.79,43.78,43.79,1530,2022-01-13 14:30:00,FEP
43.8,43.8,43.8,43.8,280,2022-01-13 14:35:00,FEP
43.7975,43.7975,43.78,43.79,600,2022-01-13 14:40:00,FEP
43.8065,43.8065,43.8062,43.8062,200,2022-01-13 14:45:00,FEP
43.81,43.81,43.81,43.81,100,2022-01-13 14:50:00,FEP
43.87,43.87,43.8101,43.87,5420,2022-01-13 14:55:00,FEP
43.84,43.84,43.81,43.81,200,2022-01-13 15:00:00,FEP
43.79,43.79,43.79,43.79,925,2022-01-13 15:05:00,FEP
43.7269,43.7269,43.7269,43.7269,461,2022-01-13 15:10:00,FEP
43.7435,43.7435,43.7435,43.7435,526,2022-01-13 15:15:00,FEP
43.6582,43.6582,43.6582,43.6582,183,2022-01-13 15:25:00,FEP
43.6419,43.6419,43.6419,43.6419,213,2022-01-13 15:30:00,FEP
43.46,43.5086,43.46,43.5086,250,2022-01-13 15:35:00,FEP
43.52,43.53,43.485,43.485,2830,2022-01-13 15:40:00,FEP
43.485,43.5,43.485,43.5,233,2022-01-13 15:45:00,FEP
43.46,43.46,43.46,43.46,100,2022-01-13 15:55:00,FEP
43.54,43.54,43.54,43.54,200,2022-01-13 16:05:00,FEP
43.56,43.56,43.56,43.56,343,2022-01-13 16:10:00,FEP
43.6084,43.6084,43.6084,43.6084,1927,2022-01-13 16:15:00,FEP
43.63,43.63,43.63,43.63,100,2022-01-13 16:20:00,FEP
43.6865,43.6865,43.6865,43.6865,100,2022-01-13 16:25:00,FEP
43.68,43.68,43.68,43.68,300,2022-01-13 16:45:00,FEP
43.5836,43.59,43.5836,43.59,2714,2022-01-13 17:10:00,FEP
43.42,43.42,43.42,43.42,158,2022-01-13 17:15:00,FEP
43.45,43.45,43.45,43.45,300,2022-01-13 17:20:00,FEP
43.45,43.5024,43.4394,43.5,752,2022-01-13 17:30:00,FEP
43.49,43.49,43.49,43.49,100,2022-01-13 17:35:00,FEP
43.44,43.44,43.44,43.44,200,2022-01-13 17:50:00,FEP
43.43,43.48,43.43,43.48,1266,2022-01-13 17:55:00,FEP
43.45,43.45,43.45,43.45,180,2022-01-13 18:00:00,FEP
43.515,43.515,43.4916,43.4916,416,2022-01-13 18:05:00,FEP
43.475,43.475,43.475,43.475,171,2022-01-13 18:10:00,FEP
43.5,43.54,43.5,43.54,311,2022-01-13 18:15:00,FEP
43.4733,43.51,43.4733,43.51,342,2022-01-13 18:25:00,FEP
43.4843,43.4843,43.4843,43.4843,200,2022-01-13 18:30:00,FEP
43.4554,43.49,43.4554,43.49,824,2022-01-13 18:35:00,FEP
43.4941,43.4941,43.4941,43.4941,833,2022-01-13 18:40:00,FEP
43.5369,43.5369,43.531,43.531,490,2022-01-13 19:05:00,FEP
43.5287,43.55,43.52,43.52,1802,2022-01-13 19:10:00,FEP
43.5086,43.5086,43.43,43.43,1426,2022-01-13 19:15:00,FEP
43.48,43.48,43.48,43.48,2672,2022-01-13 19:30:00,FEP
43.44,43.45,43.4368,43.45,1083,2022-01-13 19:40:00,FEP
43.45,43.45,43.45,43.45,2483,2022-01-13 19:45:00,FEP
43.45,43.45,43.45,43.45,500,2022-01-13 19:50:00,FEP
43.45,43.519,43.45,43.519,2861,2022-01-13 19:55:00,FEP
43.46,43.46,43.39,43.43,483,2022-01-13 20:00:00,FEP
43.4,43.4,43.4,43.4,128,2022-01-13 20:05:00,FEP
43.41,43.41,43.41,43.41,100,2022-01-13 20:10:00,FEP
43.3763,43.3763,43.3763,43.3763,200,2022-01-13 20:20:00,FEP
43.365,43.365,43.365,43.365,310,2022-01-13 20:25:00,FEP
43.3486,43.4,43.3486,43.38,457,2022-01-13 20:30:00,FEP
43.3052,43.3052,43.3052,43.3052,255,2022-01-13 20:35:00,FEP
43.3152,43.32,43.3,43.3,739,2022-01-13 20:45:00,FEP
43.29,43.29,43.28,43.28,500,2022-01-13 20:50:00,FEP
43.25,43.32,43.25,43.32,2327,2022-01-13 20:55:00,FEP
43.26,43.26,43.26,43.26,191,2022-01-13 21:00:00,FEP
42.99,42.99,42.99,42.99,1493,2022-01-14 14:30:00,FEP
43.01,43.07,43.01,43.07,350,2022-01-14 14:35:00,FEP
43.12,43.16,43.0501,43.12,1011,2022-01-14 14:45:00,FEP
43.13,43.13,43.13,43.13,100,2022-01-14 14:50:00,FEP
43.16,43.16,43.1,43.1,200,2022-01-14 15:00:00,FEP
43.1282,43.14,43.07,43.07,376,2022-01-14 15:05:00,FEP
43.09,43.09,43.09,43.09,154,2022-01-14 15:15:00,FEP
43.04,43.04,43.04,43.04,211,2022-01-14 15:20:00,FEP
43.015,43.015,43.015,43.015,200,2022-01-14 15:30:00,FEP
42.9646,43.007,42.9646,43.007,835,2022-01-14 15:40:00,FEP
42.96,42.96,42.96,42.96,100,2022-01-14 15:45:00,FEP
42.9459,42.98,42.9459,42.98,1111,2022-01-14 15:55:00,FEP
42.99,43.0108,42.96,43.0108,1534,2022-01-14 16:00:00,FEP
42.9544,42.9544,42.9544,42.9544,200,2022-01-14 16:10:00,FEP
42.91,42.91,42.8818,42.8818,335,2022-01-14 16:15:00,FEP
42.86,42.88,42.8532,42.88,765,2022-01-14 16:20:00,FEP
42.8754,42.88,42.8754,42.88,533,2022-01-14 16:25:00,FEP
42.84,42.8558,42.84,42.8558,2182,2022-01-14 16:30:00,FEP
42.88,42.88,42.88,42.88,100,2022-01-14 16:35:00,FEP
42.8643,42.87,42.8643,42.87,806,2022-01-14 16:40:00,FEP
42.8805,42.8805,42.8805,42.8805,139,2022-01-14 16:45:00,FEP
42.88,42.88,42.88,42.88,100,2022-01-14 17:00:00,FEP
42.92,42.93,42.8526,42.93,3859,2022-01-14 17:10:00,FEP
42.865,42.865,42.865,42.865,333,2022-01-14 17:20:00,FEP
42.855,42.855,42.855,42.855,209,2022-01-14 17:30:00,FEP
42.81,42.81,42.81,42.81,100,2022-01-14 17:45:00,FEP
42.7568,42.7568,42.7568,42.7568,138,2022-01-14 17:55:00,FEP
42.77,42.77,42.77,42.77,122,2022-01-14 18:00:00,FEP
42.7543,42.7543,42.7543,42.7543,190,2022-01-14 18:05:00,FEP
42.7332,42.7332,42.7332,42.7332,576,2022-01-14 18:10:00,FEP
42.79,42.79,42.79,42.79,151,2022-01-14 18:20:00,FEP
42.79,42.79,42.79,42.79,100,2022-01-14 18:25:00,FEP
42.747,42.747,42.747,42.747,304,2022-01-14 18:30:00,FEP
42.77,42.7745,42.77,42.7745,841,2022-01-14 18:40:00,FEP
42.8542,42.8542,42.8542,42.8542,302,2022-01-14 18:55:00,FEP
42.8297,42.8297,42.8297,42.8297,172,2022-01-14 19:05:00,FEP
42.87,42.87,42.809,42.87,823,2022-01-14 19:10:00,FEP
42.88,42.886,42.855,42.855,482,2022-01-14 19:15:00,FEP
42.8009,42.8009,42.8009,42.8009,150,2022-01-14 19:20:00,FEP
42.965,42.97,42.96,42.97,643,2022-01-14 19:45:00,FEP
42.95,42.95,42.89,42.89,327,2022-01-14 19:50:00,FEP
42.8973,42.905,42.8973,42.905,303,2022-01-14 19:55:00,FEP
42.9059,42.9059,42.88,42.88,430,2022-01-14 20:00:00,FEP
42.945,42.95,42.8815,42.8815,723,2022-01-14 20:05:00,FEP
42.9568,42.9568,42.9568,42.9568,184,2022-01-14 20:10:00,FEP
43.0,43.0,42.9616,42.9616,986,2022-01-14 20:15:00,FEP
42.9504,42.9504,42.9504,42.9504,125,2022-01-14 20:20:00,FEP
42.9401,42.9401,42.9401,42.9401,601,2022-01-14 20:25:00,FEP
42.995,42.995,42.995,42.995,100,2022-01-14 20:30:00,FEP
42.9682,43.05,42.9562,43.05,2127,2022-01-14 20:35:00,FEP
42.9701,42.9701,42.9701,42.9701,1284,2022-01-14 20:40:00,FEP
43.01,43.03,43.01,43.03,1676,2022-01-14 20:50:00,FEP
43.02,43.03,43.02,43.03,467,2022-01-14 20:55:00,FEP
43.01,43.01,43.01,43.01,137,2022-01-14 21:00:00,FEP
42.44,42.44,42.44,42.44,800,2022-01-18 14:30:00,FEP
42.35,42.37,42.34,42.34,300,2022-01-18 14:35:00,FEP
42.35,42.43,42.2893,42.43,1949,2022-01-18 14:40:00,FEP
42.36,42.36,42.36,42.36,100,2022-01-18 14:45:00,FEP
42.35,42.375,42.35,42.375,226,2022-01-18 15:00:00,FEP
42.4443,42.49,42.4443,42.4673,4554,2022-01-18 15:05:00,FEP
42.54,42.54,42.54,42.54,390,2022-01-18 15:10:00,FEP
42.4117,42.4117,42.4117,42.4117,824,2022-01-18 15:20:00,FEP
42.46,42.47,42.4265,42.4265,954,2022-01-18 15:30:00,FEP
42.4332,42.4332,42.4332,42.4332,224,2022-01-18 15:45:00,FEP
42.3801,42.42,42.35,42.3507,7716,2022-01-18 15:50:00,FEP
42.3501,42.43,42.3501,42.43,5793,2022-01-18 15:55:00,FEP
42.3936,42.3936,42.385,42.385,335,2022-01-18 16:00:00,FEP
42.409,42.409,42.409,42.409,100,2022-01-18 16:05:00,FEP
42.3601,42.3601,42.3601,42.3601,207,2022-01-18 16:10:00,FEP
42.38,42.38,42.38,42.38,100,2022-01-18 16:20:00,FEP
42.3,42.3,42.3,42.3,104,2022-01-18 16:30:00,FEP
42.46,42.46,42.45,42.45,5518,2022-01-18 16:55:00,FEP
42.4,42.4,42.3401,42.3401,454,2022-01-18 17:00:00,FEP
42.3837,42.41,42.3837,42.41,576,2022-01-18 17:15:00,FEP
42.32,42.3201,42.32,42.3201,536,2022-01-18 17:20:00,FEP
42.277,42.277,42.2601,42.2601,404,2022-01-18 17:40:00,FEP
42.211,42.26,42.21,42.26,4355,2022-01-18 17:50:00,FEP
42.2101,42.2101,42.2101,42.2101,168,2022-01-18 17:55:00,FEP
42.215,42.215,42.215,42.215,204,2022-01-18 18:00:00,FEP
42.1774,42.24,42.1774,42.2045,576,2022-01-18 18:10:00,FEP
42.261,42.261,42.2469,42.2469,660,2022-01-18 18:20:00,FEP
42.26,42.26,42.2388,42.2515,3165,2022-01-18 18:25:00,FEP
42.35,42.35,42.2931,42.2931,269,2022-01-18 18:45:00,FEP
42.3227,42.33,42.3001,42.3001,851,2022-01-18 18:55:00,FEP
42.3301,42.3301,42.3,42.3,411,2022-01-18 19:05:00,FEP
42.33,42.35,42.33,42.35,1069,2022-01-18 19:10:00,FEP
42.3599,42.3599,42.3599,42.3599,120,2022-01-18 19:15:00,FEP
42.33,42.35,42.33,42.34,30442,2022-01-18 19:20:00,FEP
42.35,42.38,42.35,42.38,300,2022-01-18 19:30:00,FEP
42.3818,42.3818,42.3818,42.3818,787,2022-01-18 19:35:00,FEP
42.42,42.43,42.42,42.43,300,2022-01-18 19:45:00,FEP
42.45,42.4626,42.45,42.45,677,2022-01-18 19:50:00,FEP
42.4647,42.4647,42.4647,42.4647,172,2022-01-18 19:55:00,FEP
42.4,42.4299,42.4,42.4,2038,2022-01-18 20:00:00,FEP
42.3959,42.3959,42.3959,42.3959,235,2022-01-18 20:05:00,FEP
42.4031,42.4031,42.4031,42.4031,110,2022-01-18 20:10:00,FEP
42.31,42.3101,42.2751,42.2751,865,2022-01-18 20:15:00,FEP
42.29,42.29,42.29,42.29,199,2022-01-18 20:25:00,FEP
42.2698,42.2698,42.2698,42.2698,170,2022-01-18 20:30:00,FEP
42.2529,42.2529,42.2529,42.2529,118,2022-01-18 20:40:00,FEP
42.3088,42.3088,42.3088,42.3088,118,2022-01-18 20:45:00,FEP
42.34,42.34,42.34,42.34,100,2022-01-18 20:50:00,FEP
42.2475,42.31,42.2475,42.31,830,2022-01-18 20:55:00,FEP
42.27,42.27,42.27,42.27,469,2022-01-18 21:00:00,FEP
42.66,42.66,42.59,42.59,1181,2022-01-19 14:30:00,FEP
42.63,42.65,42.63,42.65,335,2022-01-19 14:40:00,FEP
42.6741,42.71,42.6741,42.71,584,2022-01-19 15:00:00,FEP
42.7,42.7,42.7,42.7,230,2022-01-19 15:05:00,FEP
42.6314,42.6362,42.6314,42.6362,566,2022-01-19 15:10:00,FEP
42.58,42.5899,42.5573,42.5573,1035,2022-01-19 15:20:00,FEP
42.37,42.4,42.37,42.4,826,2022-01-19 15:40:00,FEP
42.395,42.43,42.3801,42.41,9800,2022-01-19 15:50:00,FEP
42.3656,42.4,42.3656,42.4,254,2022-01-19 15:55:00,FEP
42.425,42.46,42.425,42.4599,1058,2022-01-19 16:00:00,FEP
42.4388,42.4642,42.4388,42.4642,460,2022-01-19 16:25:00,FEP
42.43,42.43,42.43,42.43,100,2022-01-19 16:30:00,FEP
42.5056,42.5076,42.5056,42.5076,1076,2022-01-19 16:45:00,FEP
42.48,42.48,42.48,42.48,685,2022-01-19 16:50:00,FEP
42.5498,42.5498,42.5498,42.5498,781,2022-01-19 16:55:00,FEP
42.5201,42.5201,42.5201,42.5201,491,2022-01-19 17:00:00,FEP
42.54,42.54,42.54,42.54,231,2022-01-19 17:05:00,FEP
42.5991,42.5991,42.5947,42.5947,358,2022-01-19 17:10:00,FEP
42.5501,42.5501,42.5501,42.5501,172,2022-01-19 17:20:00,FEP
42.556,42.556,42.556,42.556,680,2022-01-19 17:25:00,FEP
42.63,42.63,42.63,42.63,170,2022-01-19 17:30:00,FEP
42.5701,42.585,42.5701,42.585,868,2022-01-19 17:45:00,FEP
42.6038,42.6038,42.59,42.59,332,2022-01-19 18:00:00,FEP
42.58,42.61,42.58,42.61,2300,2022-01-19 18:05:00,FEP
42.6018,42.6018,42.6018,42.6018,105,2022-01-19 18:30:00,FEP
42.54,42.54,42.54,42.54,100,2022-01-19 18:50:00,FEP
42.45,42.45,42.45,42.45,200,2022-01-19 19:05:00,FEP
42.432,42.432,42.432,42.432,103,2022-01-19 19:15:00,FEP
42.44,42.44,42.428,42.428,1062,2022-01-19 19:25:00,FEP
42.4243,42.4528,42.4243,42.4528,788,2022-01-19 19:35:00,FEP
42.44,42.44,42.44,42.44,242,2022-01-19 19:40:00,FEP
42.4956,42.4956,42.4401,42.4401,908,2022-01-19 19:50:00,FEP
42.49,42.49,42.49,42.49,100,2022-01-19 19:55:00,FEP
42.5,42.5,42.47,42.47,6280,2022-01-19 20:00:00,FEP
42.475,42.52,42.475,42.52,1167,2022-01-19 20:05:00,FEP
42.51,42.51,42.51,42.51,432,2022-01-19 20:10:00,FEP
42.49,42.49,42.49,42.49,300,2022-01-19 20:20:00,FEP
42.4987,42.5,42.46,42.48,3057,2022-01-19 20:25:00,FEP
42.47,42.4998,42.45,42.4599,2402,2022-01-19 20:30:00,FEP
42.46,42.46,42.445,42.46,761,2022-01-19 20:40:00,FEP
42.4647,42.4647,42.4647,42.4647,107,2022-01-19 20:45:00,FEP
42.35,42.37,42.3006,42.37,1270,2022-01-19 20:55:00,FEP
42.43,42.47,42.37,42.47,2601,2022-01-20 14:30:00,FEP
42.42,42.42,42.3955,42.3955,1001,2022-01-20 14:45:00,FEP
42.4499,42.4499,42.4499,42.4499,116,2022-01-20 14:50:00,FEP
42.4109,42.4109,42.4109,42.4109,130,2022-01-20 15:05:00,FEP
42.465,42.48,42.465,42.48,3592,2022-01-20 15:10:00,FEP
42.3957,42.3957,42.3957,42.3957,190,2022-01-20 15:15:00,FEP
42.5501,42.5501,42.5501,42.5501,193,2022-01-20 15:55:00,FEP
42.5528,42.5528,42.5528,42.5528,474,2022-01-20 16:20:00,FEP
42.515,42.515,42.515,42.515,315,2022-01-20 16:25:00,FEP
42.56,42.59,42.55,42.56,8222,2022-01-20 16:40:00,FEP
42.5525,42.5666,42.5418,42.5418,829,2022-01-20 16:45:00,FEP
42.57,42.58,42.56,42.56,2200,2022-01-20 16:50:00,FEP
42.51,42.5743,42.51,42.5743,480,2022-01-20 16:55:00,FEP
42.5318,42.545,42.5318,42.545,372,2022-01-20 17:05:00,FEP
42.52,42.52,42.52,42.52,1242,2022-01-20 17:10:00,FEP
42.5026,42.53,42.5026,42.53,684,2022-01-20 17:45:00,FEP
42.405,42.405,42.405,42.405,701,2022-01-20 18:10:00,FEP
42.395,42.395,42.395,42.395,141,2022-01-20 18:15:00,FEP
42.4143,42.45,42.4143,42.45,1635,2022-01-20 18:25:00,FEP
42.395,42.395,42.395,42.395,252,2022-01-20 18:30:00,FEP
42.42,42.42,42.402,42.42,947,2022-01-20 18:35:00,FEP
42.42,42.42,42.42,42.42,307,2022-01-20 18:45:00,FEP
42.405,42.42,42.405,42.42,200,2022-01-20 18:50:00,FEP
42.42,42.42,42.42,42.42,200,2022-01-20 19:00:00,FEP
42.32,42.32,42.32,42.32,100,2022-01-20 19:15:00,FEP
42.28,42.31,42.28,42.31,928,2022-01-20 19:50:00,FEP
42.3,42.3,42.3,42.3,250,2022-01-20 19:55:00,FEP
42.2999,42.2999,42.26,42.26,1011,2022-01-20 20:00:00,FEP
42.23,42.235,42.23,42.23,880,2022-01-20 20:05:00,FEP
42.23,42.23,42.23,42.23,100,2022-01-20 20:10:00,FEP
42.165,42.2,42.165,42.2,667,2022-01-20 20:15:00,FEP
42.195,42.195,42.195,42.195,439,2022-01-20 20:20:00,FEP
42.18,42.18,42.17,42.17,500,2022-01-20 20:25:00,FEP
42.17,42.19,42.17,42.17,400,2022-01-20 20:30:00,FEP
42.15,42.15,42.055,42.099,921,2022-01-20 20:35:00,FEP
42.04,42.1,42.04,42.07,6663,2022-01-20 20:40:00,FEP
42.05,42.05,42.03,42.03,900,2022-01-20 20:45:00,FEP
42.02,42.05,41.99,41.99,600,2022-01-20 20:50:00,FEP
41.99,42.03,41.9506,42.03,2221,2022-01-20 20:55:00,FEP
41.95,41.95,41.95,41.95,220,2022-01-20 21:00:00,FEP
41.57,41.57,41.5,41.5,1518,2022-01-21 14:30:00,FEP
41.5,41.5,41.4883,41.4883,204,2022-01-21 14:40:00,FEP
41.52,41.52,41.5091,41.5091,305,2022-01-21 14:45:00,FEP
41.4399,41.4399,41.4399,41.4399,1371,2022-01-21 15:00:00,FEP
41.2924,41.2924,41.2924,41.2924,108,2022-01-21 15:20:00,FEP
41.3719,41.3719,41.3719,41.3719,735,2022-01-21 15:30:00,FEP
41.4497,41.4497,41.4497,41.4497,241,2022-01-21 15:35:00,FEP
41.42,41.42,41.42,41.42,200,2022-01-21 15:40:00,FEP
41.41,41.45,41.41,41.42,483,2022-01-21 15:45:00,FEP
41.5,41.5,41.5,41.5,100,2022-01-21 15:50:00,FEP
41.48,41.48,41.4774,41.4774,600,2022-01-21 16:05:00,FEP
41.4661,41.4661,41.4661,41.4661,131,2022-01-21 16:10:00,FEP
41.48,41.48,41.48,41.48,100,2022-01-21 16:15:00,FEP
41.51,41.51,41.51,41.51,316,2022-01-21 16:20:00,FEP
41.46,41.5233,41.46,41.5233,374,2022-01-21 16:30:00,FEP
41.46,41.53,41.46,41.51,4447,2022-01-21 16:35:00,FEP
41.44,41.44,41.44,41.44,436,2022-01-21 16:40:00,FEP
41.46,41.46,41.46,41.46,488,2022-01-21 16:45:00,FEP
41.4122,41.4122,41.4122,41.4122,136,2022-01-21 16:50:00,FEP
41.4099,41.43,41.3884,41.42,7517,2022-01-21 16:55:00,FEP
41.46,41.46,41.46,41.46,100,2022-01-21 17:00:00,FEP
41.46,41.46,41.4599,41.4599,1259,2022-01-21 17:05:00,FEP
41.4,41.4,41.3631,41.4,1786,2022-01-21 17:45:00,FEP
41.2901,41.2901,41.2901,41.2901,807,2022-01-21 17:50:00,FEP
41.34,41.34,41.34,41.34,304,2022-01-21 17:55:00,FEP
41.28,41.28,41.28,41.28,246,2022-01-21 18:00:00,FEP
41.2871,41.2871,41.2871,41.2871,265,2022-01-21 18:10:00,FEP
41.3401,41.39,41.3401,41.39,5515,2022-01-21 18:15:00,FEP
41.3084,41.3084,41.3084,41.3084,147,2022-01-21 18:20:00,FEP
41.3239,41.3239,41.3239,41.3239,124,2022-01-21 18:30:00,FEP
41.42,41.43,41.4198,41.42,2797,2022-01-21 18:40:00,FEP
41.3992,41.3992,41.3992,41.3992,106,2022-01-21 18:45:00,FEP
41.41,41.41,41.41,41.41,100,2022-01-21 18:50:00,FEP
41.3727,41.3727,41.3727,41.3727,506,2022-01-21 18:55:00,FEP
41.383,41.385,41.37,41.37,355,2022-01-21 19:05:00,FEP
41.37,41.37,41.325,41.325,337,2022-01-21 19:15:00,FEP
41.3,41.3395,41.3,41.3395,382,2022-01-21 19:20:00,FEP
41.26,41.3,41.26,41.3,200,2022-01-21 19:35:00,FEP
41.3,41.3,41.3,41.3,123,2022-01-21 19:40:00,FEP
41.344,41.344,41.2765,41.2765,643,2022-01-21 19:45:00,FEP
41.3,41.3,41.27,41.27,2010,2022-01-21 19:50:00,FEP
41.1312,41.1312,41.1312,41.1312,121,2022-01-21 20:05:00,FEP
41.2187,41.2187,41.2187,41.2187,251,2022-01-21 20:25:00,FEP
41.115,41.2593,41.115,41.2593,784,2022-01-21 20:30:00,FEP
41.2461,41.25,41.2461,41.25,1939,2022-01-21 20:35:00,FEP
41.23,41.23,41.23,41.23,163,2022-01-21 20:45:00,FEP
41.2,41.2,41.1,41.1,558,2022-01-21 20:55:00,FEP
41.19,41.19,41.14,41.14,362,2022-01-21 21:00:00,FEP
39.86,39.86,39.65,39.77,8924,2022-01-24 14:30:00,FEP
39.815,39.86,39.815,39.83,876,2022-01-24 14:35:00,FEP
39.66,39.66,39.61,39.63,900,2022-01-24 14:50:00,FEP
39.635,39.65,39.63,39.65,500,2022-01-24 14:55:00,FEP
39.52,39.52,39.52,39.52,231,2022-01-24 15:00:00,FEP
39.4645,39.4799,39.38,39.38,1240,2022-01-24 15:05:00,FEP
39.404,39.404,39.404,39.404,318,2022-01-24 15:15:00,FEP
39.59,39.59,39.59,39.59,388,2022-01-24 15:25:00,FEP
39.64,39.7,39.64,39.7,31220,2022-01-24 15:30:00,FEP
39.69,39.75,39.6486,39.75,1364,2022-01-24 15:35:00,FEP
39.79,39.84,39.745,39.84,2181,2022-01-24 15:40:00,FEP
39.76,39.76,39.76,39.76,378,2022-01-24 15:45:00,FEP
39.735,39.735,39.735,39.735,1596,2022-01-24 15:50:00,FEP
39.78,39.78,39.78,39.78,100,2022-01-24 15:55:00,FEP
39.715,39.715,39.715,39.715,100,2022-01-24 16:00:00,FEP
39.74,39.77,39.74,39.745,3775,2022-01-24 16:05:00,FEP
39.75,39.75,39.75,39.75,600,2022-01-24 16:10:00,FEP
39.662,39.7332,39.65,39.73,1357,2022-01-24 16:20:00,FEP
39.6562,39.7125,39.6562,39.7125,700,2022-01-24 16:25:00,FEP
39.71,39.71,39.71,39.71,300,2022-01-24 16:30:00,FEP
39.52,39.55,39.52,39.55,721,2022-01-24 16:40:00,FEP
39.44,39.44,39.4112,39.4112,269,2022-01-24 16:45:00,FEP
39.45,39.45,39.45,39.45,250,2022-01-24 16:50:00,FEP
39.4405,39.47,39.4405,39.45,1322,2022-01-24 16:55:00,FEP
39.4253,39.44,39.4253,39.44,2016,2022-01-24 17:00:00,FEP
39.4185,39.4185,39.41,39.41,373,2022-01-24 17:05:00,FEP
39.35,39.35,39.33,39.34,800,2022-01-24 17:10:00,FEP
39.2,39.23,39.2,39.23,1709,2022-01-24 17:15:00,FEP
39.3,39.3,39.3,39.3,100,2022-01-24 17:20:00,FEP
39.285,39.3183,39.285,39.3183,766,2022-01-24 17:25:00,FEP
39.4052,39.4052,39.4052,39.4052,498,2022-01-24 17:30:00,FEP
39.2755,39.3332,39.2755,39.3332,425,2022-01-24 17:35:00,FEP
39.395,39.4286,39.395,39.41,348,2022-01-24 17:40:00,FEP
39.46,39.46,39.46,39.46,200,2022-01-24 17:45:00,FEP
39.622,39.622,39.59,39.59,342,2022-01-24 17:55:00,FEP
39.635,39.635,39.6301,39.6301,1265,2022-01-24 18:05:00,FEP
39.685,39.685,39.685,39.685,189,2022-01-24 18:10:00,FEP
39.7899,39.7899,39.7899,39.7899,312,2022-01-24 18:15:00,FEP
39.73,39.73,39.68,39.68,348,2022-01-24 18:20:00,FEP
39.7731,39.7731,39.7731,39.7731,131,2022-01-24 18:45:00,FEP
39.7449,39.8464,39.7449,39.8464,1147,2022-01-24 18:50:00,FEP
39.8498,39.8498,39.8498,39.8498,156,2022-01-24 18:55:00,FEP
39.97,39.97,39.97,39.97,247,2022-01-24 19:00:00,FEP
39.88,39.88,39.86,39.86,300,2022-01-24 19:20:00,FEP
39.87,39.87,39.87,39.87,108,2022-01-24 19:25:00,FEP
39.89,39.9013,39.89,39.9013,871,2022-01-24 19:30:00,FEP
39.875,39.875,39.85,39.85,336,2022-01-24 19:35:00,FEP
39.81,39.81,39.77,39.81,541,2022-01-24 19:40:00,FEP
39.79,39.79,39.79,39.79,157,2022-01-24 19:45:00,FEP
39.85,39.9,39.84,39.9,10056,2022-01-24 19:55:00,FEP
39.955,39.96,39.955,39.96,1012,2022-01-24 20:00:00,FEP
39.95,39.95,39.9001,39.9001,245,2022-01-24 20:05:00,FEP
40.02,40.025,39.9944,40.025,1215,2022-01-24 20:10:00,FEP
40.08,40.08,40.05,40.05,500,2022-01-24 20:15:00,FEP
40.0307,40.0307,40.0307,40.0307,400,2022-01-24 20:20:00,FEP
40.08,40.08,40.04,40.04,400,2022-01-24 20:25:00,FEP
40.18,40.2221,40.18,40.18,1303,2022-01-24 20:35:00,FEP
40.2621,40.2621,40.15,40.15,2141,2022-01-24 20:40:00,FEP
40.24,40.2536,40.23,40.23,519,2022-01-24 20:45:00,FEP
40.29,40.36,40.29,40.32,500,2022-01-24 20:50:00,FEP
40.31,40.33,40.3,40.32,1000,2022-01-24 20:55:00,FEP
40.28,40.28,40.28,40.28,504,2022-01-24 21:00:00,FEP
39.83,39.8985,39.83,39.8985,1081,2022-01-25 14:30:00,FEP
39.92,39.965,39.92,39.965,208,2022-01-25 14:35:00,FEP
39.9,39.9123,39.9,39.9123,570,2022-01-25 14:40:00,FEP
39.71,39.75,39.7027,39.7034,7541,2022-01-25 14:55:00,FEP
39.7622,39.7622,39.7622,39.7622,116,2022-01-25 15:20:00,FEP
39.9899,39.9899,39.9899,39.9899,177,2022-01-25 15:45:00,FEP
39.98,40.03,39.98,40.03,636,2022-01-25 15:50:00,FEP
39.929,39.929,39.9279,39.9279,897,2022-01-25 16:00:00,FEP
39.9234,39.9234,39.865,39.8999,1621,2022-01-25 16:05:00,FEP
39.94,39.94,39.83,39.91,29389,2022-01-25 16:15:00,FEP
39.94,39.94,39.94,39.94,100,2022-01-25 16:30:00,FEP
39.86,39.86,39.83,39.86,700,2022-01-25 16:35:00,FEP
39.86,39.87,39.835,39.835,9053,2022-01-25 16:40:00,FEP
39.91,39.91,39.91,39.91,144,2022-01-25 16:50:00,FEP
39.9,39.91,39.88,39.88,1384,2022-01-25 16:55:00,FEP
39.9863,39.9863,39.9703,39.9799,930,2022-01-25 17:05:00,FEP
39.92,39.92,39.92,39.92,212,2022-01-25 17:10:00,FEP
39.9292,39.9292,39.8001,39.8001,523,2022-01-25 17:15:00,FEP
39.935,39.935,39.935,39.935,1069,2022-01-25 17:20:00,FEP
39.86,39.86,39.86,39.86,100,2022-01-25 17:30:00,FEP
39.8713,39.8713,39.8554,39.8554,1058,2022-01-25 17:35:00,FEP
39.84,39.84,39.828,39.828,300,2022-01-25 17:45:00,FEP
39.78,39.805,39.77,39.805,788,2022-01-25 17:50:00,FEP
39.7883,39.7901,39.7883,39.7901,467,2022-01-25 17:55:00,FEP
39.855,39.8854,39.8524,39.8524,762,2022-01-25 18:00:00,FEP
39.8101,39.85,39.8101,39.82,740,2022-01-25 18:05:00,FEP
39.885,39.885,39.885,39.885,125,2022-01-25 18:10:00,FEP
39.89,39.955,39.89,39.95,1155,2022-01-25 18:15:00,FEP
39.93,39.93,39.93,39.93,200,2022-01-25 18:20:00,FEP
39.9501,39.9501,39.9501,39.9501,500,2022-01-25 18:25:00,FEP
40.01,40.054,40.01,40.054,618,2022-01-25 18:30:00,FEP
40.0568,40.0568,40.0568,40.0568,201,2022-01-25 18:35:00,FEP
40.065,40.065,40.05,40.05,836,2022-01-25 18:40:00,FEP
40.09,40.09,40.0815,40.0815,467,2022-01-25 18:45:00,FEP
40.135,40.17,40.135,40.169,4979,2022-01-25 18:50:00,FEP
40.145,40.15,40.145,40.15,1100,2022-01-25 18:55:00,FEP
40.15,40.15,40.15,40.15,198,2022-01-25 19:00:00,FEP
40.12,40.15,40.1118,40.1118,1158,2022-01-25 19:05:00,FEP
40.1234,40.15,40.1234,40.15,298,2022-01-25 19:10:00,FEP
40.2,40.2067,40.2,40.2067,1032,2022-01-25 19:15:00,FEP
40.23,40.23,40.23,40.23,8047,2022-01-25 19:20:00,FEP
40.22,40.26,40.22,40.26,773,2022-01-25 19:25:00,FEP
40.21,40.235,40.21,40.21,817,2022-01-25 19:30:00,FEP
40.23,40.23,40.22,40.22,431,2022-01-25 19:35:00,FEP
40.26,40.31,40.26,40.31,686,2022-01-25 19:40:00,FEP
40.31,40.33,40.3,40.33,15500,2022-01-25 19:45:00,FEP
40.34,40.34,40.34,40.34,1400,2022-01-25 19:50:00,FEP
40.4,40.4,40.35,40.35,9321,2022-01-25 20:00:00,FEP
40.31,40.31,40.28,40.28,1571,2022-01-25 20:05:00,FEP
40.31,40.3186,40.29,40.29,420,2022-01-25 20:20:00,FEP
40.25,40.25,40.1735,40.1735,576,2022-01-25 20:25:00,FEP
40.1869,40.1869,40.1869,40.1869,300,2022-01-25 20:30:00,FEP
40.14,40.225,40.14,40.225,1020,2022-01-25 20:35:00,FEP
40.2303,40.2303,40.19,40.19,1196,2022-01-25 20:40:00,FEP
40.21,40.2296,40.16,40.16,1311,2022-01-25 20:45:00,FEP
40.1298,40.16,40.12,40.12,5549,2022-01-25 20:50:00,FEP
40.0971,40.16,40.09,40.12,2734,2022-01-25 20:55:00,FEP
40.1,40.1,40.1,40.1,436,2022-01-25 21:00:00,FEP
40.9,40.9,40.78,40.81,6512,2022-01-26 14:30:00,FEP
40.82,40.82,40.775,40.81,10361,2022-01-26 14:35:00,FEP
40.81,40.81,40.7935,40.7935,262,2022-01-26 14:40:00,FEP
40.845,40.8589,40.811,40.811,541,2022-01-26 14:45:00,FEP
40.8794,40.8794,40.8794,40.8794,135,2022-01-26 14:50:00,FEP
40.86,40.9,40.83,40.88,7527,2022-01-26 15:05:00,FEP
40.9114,40.9114,40.9114,40.9114,111,2022-01-26 15:10:00,FEP
40.6649,40.6649,40.6649,40.6649,1566,2022-01-26 15:25:00,FEP
40.715,40.715,40.715,40.715,153,2022-01-26 15:30:00,FEP
40.6783,40.7184,40.6268,40.6268,726,2022-01-26 15:35:00,FEP
40.665,40.665,40.665,40.665,403,2022-01-26 15:40:00,FEP
40.6575,40.6575,40.6001,40.6001,1386,2022-01-26 15:50:00,FEP
40.67,40.67,40.6452,40.6452,252,2022-01-26 16:05:00,FEP
40.685,40.685,40.685,40.685,100,2022-01-26 16:10:00,FEP
40.7118,40.78,40.7118,40.78,227185,2022-01-26 16:30:00,FEP
40.67,40.7399,40.67,40.7399,11110,2022-01-26 16:50:00,FEP
40.7,40.72,40.7,40.72,1247,2022-01-26 16:55:00,FEP
40.665,40.665,40.665,40.665,100,2022-01-26 17:00:00,FEP
40.705,40.705,40.705,40.705,375,2022-01-26 17:05:00,FEP
40.86,40.87,40.8336,40.8336,6796,2022-01-26 17:30:00,FEP
40.8189,40.8189,40.8189,40.8189,257,2022-01-26 17:35:00,FEP
40.8789,40.8789,40.8,40.8,784,2022-01-26 17:45:00,FEP
40.83,40.8699,40.817,40.817,915,2022-01-26 17:55:00,FEP
40.81,40.81,40.8,40.81,8725,2022-01-26 18:00:00,FEP
40.74,40.7883,40.7102,40.7102,4941,2022-01-26 18:05:00,FEP
40.795,40.805,40.795,40.805,835,2022-01-26 18:10:00,FEP
40.852,40.86,40.77,40.77,1273,2022-01-26 18:15:00,FEP
40.7827,40.7827,40.7827,40.7827,232,2022-01-26 18:20:00,FEP
40.7827,40.7978,40.7201,40.7978,798,2022-01-26 18:25:00,FEP
40.7885,40.7885,40.7885,40.7885,153,2022-01-26 18:30:00,FEP
40.821,40.821,40.8027,40.8027,570,2022-01-26 18:35:00,FEP
40.7984,40.7984,40.7984,40.7984,754,2022-01-26 18:45:00,FEP
40.7297,40.7297,40.7297,40.7297,146,2022-01-26 18:55:00,FEP
40.0755,40.0755,40.0755,40.0755,100,2022-01-26 19:00:00,FEP
40.61,40.8383,40.61,40.8383,444,2022-01-26 19:10:00,FEP
40.92,40.92,40.71,40.74,6765,2022-01-26 19:20:00,FEP
40.8066,40.82,40.8066,40.81,600,2022-01-26 19:25:00,FEP
40.73,40.74,40.73,40.74,200,2022-01-26 19:30:00,FEP
40.67,40.72,40.61,40.72,16471,2022-01-26 19:35:00,FEP
40.58,40.58,40.58,40.58,163,2022-01-26 19:40:00,FEP
40.41,40.4299,40.3501,40.4299,543,2022-01-26 19:45:00,FEP
40.38,40.5066,40.38,40.5066,745,2022-01-26 19:50:00,FEP
40.46,40.46,40.3888,40.3888,1018,2022-01-26 19:55:00,FEP
40.395,40.395,40.2993,40.2993,8186,2022-01-26 20:00:00,FEP
40.17,40.2019,40.1473,40.2019,696,2022-01-26 20:10:00,FEP
40.155,40.155,40.1215,40.1215,729,2022-01-26 20:15:00,FEP
40.1,40.21,40.1,40.21,470,2022-01-26 20:25:00,FEP
40.1916,40.1916,40.1916,40.1916,315,2022-01-26 20:30:00,FEP
40.1297,40.19,40.1297,40.19,815,2022-01-26 20:35:00,FEP
40.21,40.27,40.21,40.27,1200,2022-01-26 20:50:00,FEP
40.2602,40.33,40.24,40.33,1282,2022-01-26 20:55:00,FEP
40.6,40.62,40.6,40.62,1572,2022-01-27 14:30:00,FEP
40.5542,40.5542,40.5542,40.5542,124,2022-01-27 14:35:00,FEP
40.7468,40.7468,40.7468,40.7468,100,2022-01-27 14:40:00,FEP
40.7093,40.7093,40.7093,40.7093,492,2022-01-27 14:45:00,FEP
40.655,40.655,40.655,40.655,689,2022-01-27 15:00:00,FEP
40.5731,40.5731,40.5731,40.5731,106,2022-01-27 15:20:00,FEP
40.44,40.44,40.44,40.44,1000,2022-01-27 15:45:00,FEP
40.49,40.49,40.4817,40.49,600,2022-01-27 15:50:00,FEP
40.47,40.51,40.47,40.51,400,2022-01-27 15:55:00,FEP
40.57,40.57,40.57,40.57,132,2022-01-27 16:00:00,FEP
40.605,40.605,40.555,40.555,240,2022-01-27 16:05:00,FEP
40.54,40.54,40.54,40.54,2720,2022-01-27 16:10:00,FEP
40.5085,40.5085,40.5085,40.5085,946,2022-01-27 16:15:00,FEP
40.5,40.5,40.5,40.5,100,2022-01-27 16:20:00,FEP
40.462,40.462,40.42,40.445,410,2022-01-27 16:25:00,FEP
40.4405,40.4405,40.4405,40.4405,1024,2022-01-27 16:30:00,FEP
40.537,40.537,40.537,40.537,107,2022-01-27 16:40:00,FEP
40.555,40.555,40.555,40.555,297,2022-01-27 16:55:00,FEP
40.548,40.548,40.5,40.5184,1127,2022-01-27 17:00:00,FEP
40.45,40.45,40.45,40.45,100,2022-01-27 17:05:00,FEP
40.43,40.43,40.4,40.4,601,2022-01-27 17:15:00,FEP
40.35,40.35,40.35,40.35,463,2022-01-27 17:25:00,FEP
40.35,40.35,40.35,40.35,478,2022-01-27 17:30:00,FEP
40.3226,40.3226,40.3226,40.3226,1416,2022-01-27 17:35:00,FEP
40.27,40.27,40.2201,40.2301,1300,2022-01-27 17:45:00,FEP
40.25,40.25,40.25,40.25,200,2022-01-27 17:50:00,FEP
40.3099,40.34,40.3099,40.31,317,2022-01-27 17:55:00,FEP
40.23,40.24,40.23,40.24,1445,2022-01-27 18:05:00,FEP
40.24,40.24,40.24,40.24,200,2022-01-27 18:15:00,FEP
40.19,40.2,40.17,40.17,591,2022-01-27 18:20:00,FEP
40.169,40.169,40.169,40.169,110,2022-01-27 18:25:00,FEP
40.15,40.15,40.15,40.15,100,2022-01-27 18:30:00,FEP
40.17,40.18,40.1601,40.1601,918,2022-01-27 18:35:00,FEP
40.1113,40.1113,40.1113,40.1113,210,2022-01-27 18:40:00,FEP
40.18,40.18,40.18,40.18,225,2022-01-27 18:45:00,FEP
40.2,40.2,40.18,40.18,653,2022-01-27 18:50:00,FEP
40.2,40.27,40.2,40.26,750,2022-01-27 18:55:00,FEP
40.26,40.34,40.26,40.34,1645,2022-01-27 19:00:00,FEP
40.34,40.34,40.2301,40.2301,670,2022-01-27 19:15:00,FEP
40.2314,40.26,40.2314,40.26,1014,2022-01-27 19:20:00,FEP
40.215,40.24,40.215,40.24,369,2022-01-27 19:25:00,FEP
40.225,40.27,40.19,40.19,1294,2022-01-27 19:30:00,FEP
40.24,40.24,40.24,40.24,200,2022-01-27 19:35:00,FEP
40.29,40.32,40.24,40.3,5647,2022-01-27 19:40:00,FEP
40.3,40.36,40.3,40.31,5153,2022-01-27 19:45:00,FEP
40.27,40.3,40.22,40.3,5541,2022-01-27 19:50:00,FEP
40.3099,40.3099,40.2001,40.2001,6150,2022-01-27 19:55:00,FEP
40.29,40.32,40.2453,40.31,7656,2022-01-27 20:00:00,FEP
40.25,40.37,40.25,40.37,1586,2022-01-27 20:05:00,FEP
40.3,40.3,40.3,40.3,253,2022-01-27 20:10:00,FEP
40.2578,40.3,40.2,40.3,1552,2022-01-27 20:15:00,FEP
40.33,40.33,40.2681,40.28,320,2022-01-27 20:20:00,FEP
40.31,40.31,40.2652,40.2652,598,2022-01-27 20:30:00,FEP
40.32,40.33,40.32,40.32,300,2022-01-27 20:35:00,FEP
40.31,40.3684,40.31,40.3684,1278,2022-01-27 20:40:00,FEP
40.28,40.28,40.26,40.26,200,2022-01-27 20:55:00,FEP
40.12,40.12,40.12,40.12,642,2022-01-28 14:30:00,FEP
40.0299,40.0299,40.0299,40.0299,109,2022-01-28 14:40:00,FEP
40.0565,40.0565,40.0565,40.0565,151,2022-01-28 14:50:00,FEP
40.02,40.03,39.995,39.995,470,2022-01-28 14:55:00,FEP
40.0,40.0,40.0,40.0,561,2022-01-28 15:10:00,FEP
40.0,40.0,40.0,40.0,100,2022-01-28 15:15:00,FEP
40.01,40.01,40.01,40.01,200,2022-01-28 15:30:00,FEP
39.975,40.03,39.975,40.03,488,2022-01-28 15:45:00,FEP
39.991,40.04,39.991,40.04,3154,2022-01-28 15:50:00,FEP
40.1,40.13,40.1,40.13,16500,2022-01-28 15:55:00,FEP
40.12,40.14,40.05,40.07,11800,2022-01-28 16:00:00,FEP
40.08,40.09,40.08,40.08,4800,2022-01-28 16:05:00,FEP
40.09,40.13,40.09,40.13,34900,2022-01-28 16:10:00,FEP
40.2528,40.2528,40.2528,40.2528,250,2022-01-28 16:25:00,FEP
40.25,40.25,40.25,40.25,200,2022-01-28 16:35:00,FEP
40.1994,40.29,40.1994,40.27,1165,2022-01-28 16:40:00,FEP
40.16,40.28,40.16,40.235,587,2022-01-28 16:45:00,FEP
40.2001,40.3021,40.2001,40.3021,1205,2022-01-28 16:50:00,FEP
40.37,40.39,40.37,40.39,400,2022-01-28 17:00:00,FEP
40.33,40.33,40.295,40.295,1900,2022-01-28 17:10:00,FEP
40.35,40.38,40.35,40.38,1700,2022-01-28 17:15:00,FEP
40.33,40.33,40.31,40.31,500,2022-01-28 17:20:00,FEP
40.24,40.24,40.24,40.24,100,2022-01-28 17:25:00,FEP
40.24,40.24,40.23,40.23,200,2022-01-28 17:30:00,FEP
40.1298,40.22,40.1298,40.21,433,2022-01-28 17:40:00,FEP
40.13,40.17,40.13,40.15,1404,2022-01-28 17:55:00,FEP
40.18,40.18,40.18,40.18,200,2022-01-28 18:00:00,FEP
40.205,40.205,40.105,40.105,751,2022-01-28 18:20:00,FEP
40.21,40.21,40.21,40.21,300,2022-01-28 18:25:00,FEP
40.21,40.25,40.21,40.25,339,2022-01-28 18:45:00,FEP
40.245,40.2816,40.2,40.24,4808,2022-01-28 19:00:00,FEP
40.1531,40.19,40.125,40.15,2850,2022-01-28 19:05:00,FEP
40.0929,40.1,40.0929,40.1,365,2022-01-28 19:10:00,FEP
39.98,39.98,39.97,39.98,615,2022-01-28 19:35:00,FEP
39.9801,40.09,39.9801,40.09,1224,2022-01-28 19:40:00,FEP
40.09,40.1,40.09,40.1,200,2022-01-28 19:45:00,FEP
40.1388,40.1388,40.06,40.09,978,2022-01-28 19:50:00,FEP
40.1,40.15,40.1,40.15,200,2022-01-28 19:55:00,FEP
40.145,40.2199,40.145,40.21,782,2022-01-28 20:10:00,FEP
40.18,40.24,40.18,40.19,1225,2022-01-28 20:20:00,FEP
40.2403,40.26,40.2403,40.26,204,2022-01-28 20:30:00,FEP
40.2001,40.2962,40.2001,40.2962,497,2022-01-28 20:35:00,FEP
40.26,40.26,40.26,40.26,100,2022-01-28 20:40:00,FEP
40.34,40.34,40.34,40.34,227,2022-01-28 20:45:00,FEP
40.37,40.41,40.36,40.39,7204,2022-01-28 20:50:00,FEP
40.41,40.51,40.4,40.51,1300,2022-01-28 20:55:00,FEP
