open,high,low,close,volume,datetime,symbol
63.04,63.04,63.04,63.04,777,2022-01-03 14:30:00,KBWR
64.09,64.2367,64.0699,64.0699,450,2022-01-03 14:45:00,KBWR
64.36,64.37,64.36,64.37,828,2022-01-03 14:50:00,KBWR
64.405,64.51,64.34,64.34,333,2022-01-03 15:00:00,KBWR
64.6,64.6,64.5413,64.5413,875,2022-01-03 15:05:00,KBWR
64.6085,64.6085,64.53,64.53,401,2022-01-03 15:15:00,KBWR
64.56,64.56,64.56,64.56,100,2022-01-03 15:20:00,KBWR
64.5548,64.5548,64.5548,64.5548,100,2022-01-03 15:25:00,KBWR
64.49,64.49,64.49,64.49,100,2022-01-03 15:30:00,KBWR
64.3752,64.3752,64.3752,64.3752,400,2022-01-03 15:35:00,KBWR
64.3,64.37,64.3,64.37,300,2022-01-03 15:40:00,KBWR
64.28,64.28,64.03,64.03,200,2022-01-03 15:50:00,KBWR
63.895,63.895,63.73,63.73,2850,2022-01-03 16:30:00,KBWR
63.72,63.72,63.72,63.72,100,2022-01-03 16:40:00,KBWR
63.76,63.76,63.76,63.76,100,2022-01-03 16:45:00,KBWR
63.8,63.8,63.8,63.8,100,2022-01-03 16:55:00,KBWR
63.7,63.7,63.7,63.7,100,2022-01-03 17:20:00,KBWR
63.76,63.76,63.76,63.76,100,2022-01-03 17:40:00,KBWR
63.68,63.68,63.68,63.68,157,2022-01-03 18:40:00,KBWR
63.7214,63.7214,63.7214,63.7214,200,2022-01-03 19:10:00,KBWR
63.7168,63.7168,63.7168,63.7168,100,2022-01-03 19:15:00,KBWR
63.68,63.68,63.68,63.68,100,2022-01-03 19:20:00,KBWR
63.7,63.7,63.7,63.7,200,2022-01-03 19:50:00,KBWR
63.81,63.81,63.755,63.77,500,2022-01-03 20:25:00,KBWR
63.73,63.73,63.73,63.73,300,2022-01-03 20:30:00,KBWR
63.8032,63.8032,63.8032,63.8032,181,2022-01-03 20:40:00,KBWR
64.05,64.05,64.005,64.005,1045,2022-01-03 20:50:00,KBWR
64.94,65.2658,64.94,65.2658,503,2022-01-04 14:30:00,KBWR
65.65,65.65,65.65,65.65,100,2022-01-04 14:40:00,KBWR
65.635,65.635,65.635,65.635,500,2022-01-04 14:45:00,KBWR
65.615,65.615,65.615,65.615,150,2022-01-04 14:55:00,KBWR
65.58,65.58,65.39,65.49,359,2022-01-04 15:05:00,KBWR
65.6299,65.6299,65.6299,65.6299,275,2022-01-04 15:10:00,KBWR
65.555,65.5809,65.555,65.5809,800,2022-01-04 15:15:00,KBWR
65.605,65.605,65.605,65.605,100,2022-01-04 15:20:00,KBWR
65.71,65.71,65.71,65.71,400,2022-01-04 15:30:00,KBWR
66.105,66.105,66.105,66.105,175,2022-01-04 15:40:00,KBWR
66.17,66.17,66.17,66.17,100,2022-01-04 15:45:00,KBWR
66.03,66.06,66.03,66.06,500,2022-01-04 15:55:00,KBWR
65.76,65.76,65.76,65.76,100,2022-01-04 16:05:00,KBWR
65.98,66.0699,65.98,66.0699,400,2022-01-04 16:10:00,KBWR
65.9161,65.92,65.9161,65.92,400,2022-01-04 16:20:00,KBWR
65.89,65.89,65.89,65.89,100,2022-01-04 16:25:00,KBWR
66.06,66.06,66.06,66.06,500,2022-01-04 16:50:00,KBWR
65.9906,65.9906,65.9906,65.9906,500,2022-01-04 17:00:00,KBWR
66.13,66.13,66.13,66.13,100,2022-01-04 17:20:00,KBWR
66.34,66.35,66.26,66.26,7779,2022-01-04 17:40:00,KBWR
66.27,66.27,66.27,66.27,100,2022-01-04 17:45:00,KBWR
66.24,66.24,66.24,66.24,100,2022-01-04 18:15:00,KBWR
66.25,66.25,66.25,66.25,142,2022-01-04 18:20:00,KBWR
66.25,66.25,66.25,66.25,600,2022-01-04 18:30:00,KBWR
66.13,66.13,66.13,66.13,100,2022-01-04 18:35:00,KBWR
66.03,66.035,66.03,66.035,200,2022-01-04 18:40:00,KBWR
66.04,66.04,66.04,66.04,100,2022-01-04 18:45:00,KBWR
66.01,66.01,66.01,66.01,100,2022-01-04 19:00:00,KBWR
65.99,65.99,65.99,65.99,100,2022-01-04 19:15:00,KBWR
65.9,65.9,65.9,65.9,100,2022-01-04 19:30:00,KBWR
65.905,65.905,65.905,65.905,500,2022-01-04 20:05:00,KBWR
65.9,65.92,65.89,65.92,300,2022-01-04 20:10:00,KBWR
65.84,65.91,65.84,65.91,600,2022-01-04 20:45:00,KBWR
66.18,66.18,66.18,66.18,100,2022-01-05 15:00:00,KBWR
66.375,66.5174,66.375,66.5174,805,2022-01-05 15:05:00,KBWR
66.58,66.6169,66.58,66.6169,400,2022-01-05 15:10:00,KBWR
66.5501,66.5501,66.5501,66.5501,200,2022-01-05 15:15:00,KBWR
66.48,66.48,66.48,66.48,350,2022-01-05 15:20:00,KBWR
66.6367,66.6367,66.6367,66.6367,155,2022-01-05 15:25:00,KBWR
66.5139,66.6199,66.5139,66.6199,580,2022-01-05 15:35:00,KBWR
66.49,66.49,66.46,66.46,660,2022-01-05 15:40:00,KBWR
66.5138,66.5138,66.5138,66.5138,100,2022-01-05 15:45:00,KBWR
66.31,66.31,66.31,66.31,100,2022-01-05 15:55:00,KBWR
66.262,66.262,66.262,66.262,100,2022-01-05 16:00:00,KBWR
66.2,66.2,66.16,66.16,300,2022-01-05 16:05:00,KBWR
66.58,66.58,66.5475,66.5475,200,2022-01-05 17:10:00,KBWR
66.6759,66.6759,66.6759,66.6759,400,2022-01-05 17:25:00,KBWR
66.6072,66.6072,66.6072,66.6072,500,2022-01-05 17:35:00,KBWR
66.64,66.66,66.64,66.66,400,2022-01-05 17:40:00,KBWR
66.57,66.57,66.5335,66.5335,300,2022-01-05 17:55:00,KBWR
66.547,66.64,66.53,66.5998,543,2022-01-05 18:00:00,KBWR
66.45,66.45,66.45,66.45,100,2022-01-05 18:25:00,KBWR
66.38,66.38,66.36,66.36,211,2022-01-05 19:10:00,KBWR
66.2628,66.37,66.2628,66.37,200,2022-01-05 19:15:00,KBWR
66.33,66.34,66.33,66.34,400,2022-01-05 19:35:00,KBWR
66.06,66.06,66.06,66.06,100,2022-01-05 19:45:00,KBWR
66.22,66.22,66.22,66.22,200,2022-01-05 19:50:00,KBWR
66.1699,66.17,66.1225,66.1225,500,2022-01-05 19:55:00,KBWR
66.0,66.0,66.0,66.0,500,2022-01-05 20:05:00,KBWR
66.01,66.08,65.99,65.99,500,2022-01-05 20:15:00,KBWR
66.0,66.0,66.0,66.0,275,2022-01-05 20:20:00,KBWR
66.038,66.11,66.038,66.11,572,2022-01-05 20:25:00,KBWR
65.967,65.967,65.967,65.967,155,2022-01-05 20:30:00,KBWR
65.9887,65.9887,65.9887,65.9887,500,2022-01-05 20:35:00,KBWR
65.9,65.9,65.825,65.825,200,2022-01-05 20:40:00,KBWR
65.82,65.82,65.82,65.82,100,2022-01-05 20:45:00,KBWR
66.7921,66.7921,66.7921,66.7921,301,2022-01-06 14:40:00,KBWR
66.5266,66.5266,66.5266,66.5266,550,2022-01-06 14:55:00,KBWR
66.5556,66.5556,66.5556,66.5556,400,2022-01-06 15:25:00,KBWR
66.46,66.46,66.46,66.46,500,2022-01-06 15:35:00,KBWR
66.83,66.83,66.83,66.83,7199,2022-01-06 16:10:00,KBWR
66.907,66.907,66.907,66.907,175,2022-01-06 16:20:00,KBWR
67.03,67.03,67.03,67.03,100,2022-01-06 16:45:00,KBWR
67.1212,67.1212,67.1212,67.1212,250,2022-01-06 16:55:00,KBWR
67.14,67.2,67.1174,67.2,600,2022-01-06 17:00:00,KBWR
67.41,67.41,67.41,67.41,17100,2022-01-06 17:15:00,KBWR
67.49,67.5,67.49,67.5,500,2022-01-06 17:20:00,KBWR
67.41,67.41,67.41,67.41,100,2022-01-06 17:35:00,KBWR
67.479,67.479,67.479,67.479,200,2022-01-06 17:40:00,KBWR
67.57,67.57,67.57,67.57,100,2022-01-06 17:45:00,KBWR
67.57,67.72,67.57,67.72,200,2022-01-06 18:00:00,KBWR
67.72,67.72,67.72,67.72,100,2022-01-06 18:10:00,KBWR
67.72,67.72,67.72,67.72,400,2022-01-06 18:15:00,KBWR
67.6,67.6,67.6,67.6,100,2022-01-06 18:30:00,KBWR
67.67,67.67,67.67,67.67,100,2022-01-06 18:35:00,KBWR
67.62,67.62,67.62,67.62,100,2022-01-06 18:40:00,KBWR
67.695,67.695,67.695,67.695,100,2022-01-06 19:00:00,KBWR
67.65,67.65,67.6233,67.6233,790,2022-01-06 19:05:00,KBWR
67.65,67.65,67.65,67.65,100,2022-01-06 19:10:00,KBWR
67.79,67.79,67.692,67.692,200,2022-01-06 19:15:00,KBWR
67.83,67.83,67.83,67.83,200,2022-01-06 19:20:00,KBWR
67.8377,67.8377,67.8377,67.8377,441,2022-01-06 19:25:00,KBWR
68.0,68.0,68.0,68.0,326,2022-01-06 19:45:00,KBWR
68.035,68.11,68.03,68.03,700,2022-01-06 20:05:00,KBWR
67.92,67.92,67.92,67.92,300,2022-01-06 20:15:00,KBWR
67.89,67.89,67.89,67.89,100,2022-01-06 20:20:00,KBWR
68.0,68.0,67.98,67.98,978,2022-01-06 20:25:00,KBWR
67.96,68.0,67.9,68.0,6100,2022-01-06 20:35:00,KBWR
67.9966,67.9966,67.98,67.98,500,2022-01-06 20:40:00,KBWR
68.0,68.0153,67.99,67.99,724,2022-01-06 20:45:00,KBWR
68.04,68.04,68.0136,68.0136,773,2022-01-06 20:50:00,KBWR
67.98,68.0,67.91,68.0,600,2022-01-06 20:55:00,KBWR
68.5,68.5,68.5,68.5,700,2022-01-07 12:00:00,KBWR
68.6,68.6,68.09,68.09,1250,2022-01-07 14:30:00,KBWR
67.92,67.92,67.92,67.92,100,2022-01-07 14:40:00,KBWR
68.21,68.21,68.21,68.21,100,2022-01-07 14:45:00,KBWR
68.26,68.26,68.26,68.26,100,2022-01-07 14:50:00,KBWR
68.2735,68.2735,68.2735,68.2735,100,2022-01-07 14:55:00,KBWR
68.2,68.2,68.135,68.135,1347,2022-01-07 15:05:00,KBWR
68.11,68.11,68.11,68.11,200,2022-01-07 15:10:00,KBWR
67.98,67.98,67.98,67.98,100,2022-01-07 15:20:00,KBWR
68.14,68.14,68.11,68.11,200,2022-01-07 15:25:00,KBWR
68.0,68.0,67.79,67.79,1030,2022-01-07 15:30:00,KBWR
67.81,67.81,67.8,67.8,400,2022-01-07 15:40:00,KBWR
67.615,67.615,67.615,67.615,228,2022-01-07 15:50:00,KBWR
67.6606,67.6606,67.6606,67.6606,240,2022-01-07 16:00:00,KBWR
67.8906,67.8906,67.8906,67.8906,292,2022-01-07 16:05:00,KBWR
67.79,67.79,67.79,67.79,100,2022-01-07 16:15:00,KBWR
68.26,68.31,68.23,68.31,516,2022-01-07 16:30:00,KBWR
68.27,68.27,68.27,68.27,100,2022-01-07 16:35:00,KBWR
68.38,68.39,68.38,68.39,700,2022-01-07 16:50:00,KBWR
68.4,68.42,68.4,68.4064,670,2022-01-07 16:55:00,KBWR
68.46,68.4754,68.46,68.4754,1200,2022-01-07 17:05:00,KBWR
68.4977,68.4977,68.4977,68.4977,190,2022-01-07 17:10:00,KBWR
68.5324,68.5324,68.5324,68.5324,500,2022-01-07 17:20:00,KBWR
68.5,68.5,68.45,68.45,200,2022-01-07 17:25:00,KBWR
68.45,68.46,68.45,68.46,200,2022-01-07 17:35:00,KBWR
68.4999,68.4999,68.4999,68.4999,100,2022-01-07 17:40:00,KBWR
68.54,68.54,68.54,68.54,200,2022-01-07 18:10:00,KBWR
68.6,68.6,68.57,68.57,300,2022-01-07 18:35:00,KBWR
68.5927,68.5927,68.5927,68.5927,230,2022-01-07 18:45:00,KBWR
68.725,68.725,68.725,68.725,200,2022-01-07 18:50:00,KBWR
68.6,68.6,68.6,68.6,100,2022-01-07 19:45:00,KBWR
68.5476,68.5476,68.5476,68.5476,130,2022-01-07 19:55:00,KBWR
68.45,68.45,68.45,68.45,100,2022-01-07 20:00:00,KBWR
68.5377,68.5377,68.5377,68.5377,300,2022-01-07 20:15:00,KBWR
68.52,68.53,68.52,68.528,925,2022-01-07 20:20:00,KBWR
68.5385,68.5385,68.5385,68.5385,100,2022-01-07 20:30:00,KBWR
68.5788,68.5788,68.5788,68.5788,582,2022-01-07 20:40:00,KBWR
68.625,68.63,68.59,68.6199,2160,2022-01-07 20:50:00,KBWR
68.61,68.65,68.564,68.564,2203,2022-01-07 20:55:00,KBWR
69.35,69.36,69.35,69.36,1108,2022-01-10 14:30:00,KBWR
68.9824,68.9824,68.9824,68.9824,1000,2022-01-10 14:40:00,KBWR
68.73,68.73,68.73,68.73,100,2022-01-10 14:45:00,KBWR
68.58,68.59,68.58,68.59,661,2022-01-10 14:50:00,KBWR
68.61,68.61,68.61,68.61,100,2022-01-10 14:55:00,KBWR
68.675,68.675,68.675,68.675,220,2022-01-10 15:00:00,KBWR
68.7053,68.7053,68.58,68.58,442,2022-01-10 15:15:00,KBWR
68.57,68.57,68.57,68.57,100,2022-01-10 15:20:00,KBWR
68.655,68.655,68.655,68.655,175,2022-01-10 15:30:00,KBWR
68.61,68.61,68.56,68.56,300,2022-01-10 15:35:00,KBWR
68.53,68.53,68.5072,68.5072,280,2022-01-10 15:40:00,KBWR
68.5086,68.5086,68.5,68.5,400,2022-01-10 15:45:00,KBWR
68.4,68.41,68.4,68.41,200,2022-01-10 16:00:00,KBWR
68.39,68.39,68.39,68.39,200,2022-01-10 16:20:00,KBWR
68.27,68.27,68.27,68.27,500,2022-01-10 16:35:00,KBWR
68.29,68.29,68.29,68.29,100,2022-01-10 16:40:00,KBWR
68.438,68.438,68.438,68.438,500,2022-01-10 17:05:00,KBWR
68.05,68.05,68.05,68.05,100,2022-01-10 17:40:00,KBWR
68.2199,68.22,68.2187,68.2187,461,2022-01-10 17:55:00,KBWR
68.207,68.207,68.207,68.207,118,2022-01-10 18:05:00,KBWR
67.94,67.94,67.94,67.94,100,2022-01-10 18:30:00,KBWR
68.56,68.56,68.56,68.56,125,2022-01-10 19:15:00,KBWR
68.5633,68.5633,68.5633,68.5633,108,2022-01-10 19:20:00,KBWR
68.5,68.52,68.5,68.52,1300,2022-01-10 19:35:00,KBWR
68.47,68.47,68.47,68.47,100,2022-01-10 19:40:00,KBWR
68.405,68.405,68.405,68.405,100,2022-01-10 19:45:00,KBWR
68.44,68.44,68.44,68.44,100,2022-01-10 19:50:00,KBWR
68.44,68.47,68.44,68.44,1356,2022-01-10 19:55:00,KBWR
68.45,68.45,68.41,68.41,1323,2022-01-10 20:00:00,KBWR
68.31,68.31,68.31,68.31,100,2022-01-10 20:10:00,KBWR
68.39,68.41,68.39,68.41,600,2022-01-10 20:20:00,KBWR
68.44,68.44,68.44,68.44,100,2022-01-10 20:25:00,KBWR
68.44,68.44,68.44,68.44,100,2022-01-10 20:30:00,KBWR
68.43,68.43,68.355,68.36,400,2022-01-10 20:35:00,KBWR
68.35,68.355,68.35,68.355,663,2022-01-10 20:40:00,KBWR
68.39,68.39,68.39,68.39,100,2022-01-10 20:45:00,KBWR
68.69,68.9179,68.69,68.7988,1737,2022-01-10 20:55:00,KBWR
69.48,69.48,68.5405,68.5405,2048,2022-01-11 14:30:00,KBWR
68.47,68.47,68.3,68.3,200,2022-01-11 14:35:00,KBWR
68.38,68.38,68.38,68.38,291,2022-01-11 14:45:00,KBWR
68.1079,68.14,68.0,68.02,675,2022-01-11 14:55:00,KBWR
67.9072,67.9072,67.9072,67.9072,1471,2022-01-11 15:05:00,KBWR
67.96,67.96,67.96,67.96,100,2022-01-11 15:25:00,KBWR
68.15,68.15,68.15,68.15,100,2022-01-11 15:40:00,KBWR
68.06,68.06,68.06,68.06,100,2022-01-11 15:50:00,KBWR
68.0812,68.0812,68.0812,68.0812,420,2022-01-11 15:55:00,KBWR
68.2,68.2,68.13,68.13,200,2022-01-11 16:15:00,KBWR
68.2765,68.2765,68.2765,68.2765,901,2022-01-11 16:25:00,KBWR
68.45,68.459,68.395,68.395,300,2022-01-11 16:45:00,KBWR
68.4,68.4,68.34,68.39,650,2022-01-11 16:50:00,KBWR
68.2801,68.2801,68.2801,68.2801,1461,2022-01-11 17:00:00,KBWR
68.4099,68.439,68.375,68.401,830,2022-01-11 17:05:00,KBWR
68.2984,68.2984,68.2984,68.2984,295,2022-01-11 17:20:00,KBWR
68.3499,68.3699,68.3487,68.36,825,2022-01-11 17:30:00,KBWR
68.41,68.41,68.41,68.41,100,2022-01-11 17:50:00,KBWR
68.4336,68.4336,68.4336,68.4336,175,2022-01-11 18:20:00,KBWR
68.625,68.625,68.625,68.625,145,2022-01-11 18:45:00,KBWR
68.625,68.63,68.625,68.63,500,2022-01-11 18:50:00,KBWR
68.6,68.6,68.6,68.6,285,2022-01-11 18:55:00,KBWR
68.605,68.605,68.605,68.605,200,2022-01-11 19:00:00,KBWR
68.6,68.6,68.57,68.57,804,2022-01-11 19:05:00,KBWR
68.57,68.5744,68.57,68.5744,387,2022-01-11 19:15:00,KBWR
68.5718,68.5718,68.5718,68.5718,320,2022-01-11 19:20:00,KBWR
68.61,68.61,68.61,68.61,100,2022-01-11 19:25:00,KBWR
68.635,68.635,68.635,68.635,1100,2022-01-11 19:45:00,KBWR
68.8481,68.8481,68.8481,68.8481,146,2022-01-11 20:20:00,KBWR
68.81,68.81,68.81,68.81,100,2022-01-11 20:40:00,KBWR
68.82,68.885,68.81,68.885,301,2022-01-11 20:55:00,KBWR
69.39,69.39,69.02,69.02,2134,2022-01-12 14:30:00,KBWR
69.1,69.1,69.1,69.1,100,2022-01-12 14:35:00,KBWR
69.1826,69.3,69.0,69.3,664,2022-01-12 14:40:00,KBWR
69.2799,69.2799,69.2799,69.2799,100,2022-01-12 14:45:00,KBWR
69.31,69.32,69.31,69.32,210,2022-01-12 14:50:00,KBWR
69.33,69.3368,69.3,69.3,700,2022-01-12 14:55:00,KBWR
69.19,69.19,69.16,69.16,300,2022-01-12 15:00:00,KBWR
69.05,69.05,69.05,69.05,234,2022-01-12 15:05:00,KBWR
69.21,69.21,69.21,69.21,200,2022-01-12 15:10:00,KBWR
69.17,69.17,69.17,69.17,300,2022-01-12 15:15:00,KBWR
69.16,69.16,69.16,69.16,100,2022-01-12 15:20:00,KBWR
69.05,69.05,69.03,69.03,700,2022-01-12 15:25:00,KBWR
69.0616,69.0616,69.0616,69.0616,120,2022-01-12 15:35:00,KBWR
68.74,68.74,68.7079,68.7079,200,2022-01-12 15:40:00,KBWR
68.77,68.86,68.77,68.82,400,2022-01-12 15:50:00,KBWR
68.82,68.82,68.82,68.82,400,2022-01-12 15:55:00,KBWR
68.76,68.76,68.74,68.74,300,2022-01-12 16:00:00,KBWR
68.68,68.68,68.48,68.48,250,2022-01-12 16:05:00,KBWR
68.485,68.485,68.4017,68.4017,1092,2022-01-12 16:10:00,KBWR
68.251,68.251,68.19,68.19,1100,2022-01-12 16:15:00,KBWR
68.38,68.46,68.38,68.46,200,2022-01-12 16:25:00,KBWR
68.55,68.55,68.54,68.54,200,2022-01-12 16:30:00,KBWR
68.6,68.6066,68.58,68.58,545,2022-01-12 16:35:00,KBWR
68.52,68.52,68.52,68.52,300,2022-01-12 16:50:00,KBWR
68.54,68.54,68.54,68.54,200,2022-01-12 17:00:00,KBWR
68.44,68.45,68.44,68.45,300,2022-01-12 17:05:00,KBWR
68.3474,68.3474,68.3474,68.3474,730,2022-01-12 17:10:00,KBWR
68.44,68.44,68.44,68.44,200,2022-01-12 17:15:00,KBWR
68.4,68.4,68.355,68.355,325,2022-01-12 17:20:00,KBWR
68.41,68.41,68.41,68.41,500,2022-01-12 17:25:00,KBWR
68.39,68.41,68.34,68.34,500,2022-01-12 17:35:00,KBWR
68.35,68.35,68.35,68.35,100,2022-01-12 17:40:00,KBWR
68.44,68.44,68.44,68.44,200,2022-01-12 17:45:00,KBWR
68.55,68.55,68.55,68.55,200,2022-01-12 17:55:00,KBWR
68.55,68.55,68.55,68.55,200,2022-01-12 18:05:00,KBWR
68.58,68.58,68.58,68.58,200,2022-01-12 18:15:00,KBWR
68.66,68.66,68.66,68.66,100,2022-01-12 18:25:00,KBWR
68.64,68.64,68.64,68.64,200,2022-01-12 18:30:00,KBWR
68.63,68.63,68.63,68.63,200,2022-01-12 18:35:00,KBWR
68.58,68.58,68.58,68.58,300,2022-01-12 18:40:00,KBWR
68.66,68.66,68.66,68.66,200,2022-01-12 18:50:00,KBWR
68.62,68.62,68.62,68.62,200,2022-01-12 18:55:00,KBWR
68.56,68.56,68.56,68.56,200,2022-01-12 19:00:00,KBWR
68.55,68.55,68.55,68.55,200,2022-01-12 19:05:00,KBWR
68.59,68.59,68.585,68.585,200,2022-01-12 19:10:00,KBWR
68.641,68.641,68.641,68.641,356,2022-01-12 19:15:00,KBWR
68.64,68.64,68.64,68.64,300,2022-01-12 19:20:00,KBWR
68.6783,68.6783,68.6783,68.6783,600,2022-01-12 19:25:00,KBWR
68.7054,68.75,68.7054,68.75,1458,2022-01-12 19:30:00,KBWR
68.81,68.81,68.81,68.81,200,2022-01-12 19:40:00,KBWR
68.81,68.82,68.81,68.82,200,2022-01-12 19:45:00,KBWR
68.94,68.94,68.91,68.91,200,2022-01-12 19:50:00,KBWR
68.92,68.92,68.92,68.92,173,2022-01-12 19:55:00,KBWR
68.92,68.92,68.92,68.92,100,2022-01-12 20:00:00,KBWR
68.8666,68.8666,68.8666,68.8666,300,2022-01-12 20:05:00,KBWR
68.9765,68.9765,68.9691,68.9691,580,2022-01-12 20:10:00,KBWR
69.0,69.0,69.0,69.0,8675,2022-01-12 20:20:00,KBWR
68.85,68.85,68.85,68.85,100,2022-01-12 20:25:00,KBWR
68.915,68.915,68.915,68.915,100,2022-01-12 20:30:00,KBWR
68.858,68.858,68.858,68.858,500,2022-01-12 20:35:00,KBWR
68.946,68.946,68.946,68.946,300,2022-01-12 20:50:00,KBWR
68.76,68.76,68.76,68.76,151,2022-01-12 21:00:00,KBWR
69.1,69.3999,69.0,69.0,1707,2022-01-13 14:30:00,KBWR
69.6571,69.658,69.6081,69.658,440,2022-01-13 14:50:00,KBWR
69.6944,69.78,69.6944,69.7473,1700,2022-01-13 15:00:00,KBWR
69.715,69.718,69.565,69.5673,3500,2022-01-13 15:05:00,KBWR
69.6,69.66,69.6,69.66,200,2022-01-13 15:10:00,KBWR
69.4,69.4,69.4,69.4,100,2022-01-13 15:15:00,KBWR
69.4272,69.4272,69.4272,69.4272,100,2022-01-13 15:20:00,KBWR
69.41,69.41,69.41,69.41,144,2022-01-13 15:30:00,KBWR
69.4682,69.4682,69.3873,69.3873,375,2022-01-13 15:35:00,KBWR
69.495,69.495,69.495,69.495,125,2022-01-13 15:45:00,KBWR
69.53,69.53,69.53,69.53,300,2022-01-13 15:50:00,KBWR
69.3901,69.3901,69.3901,69.3901,200,2022-01-13 15:55:00,KBWR
69.6089,69.6089,69.6089,69.6089,100,2022-01-13 16:05:00,KBWR
69.54,69.54,69.54,69.54,150,2022-01-13 16:10:00,KBWR
69.52,69.52,69.51,69.51,200,2022-01-13 16:15:00,KBWR
69.72,69.72,69.72,69.72,200,2022-01-13 16:20:00,KBWR
69.725,69.725,69.725,69.725,100,2022-01-13 16:55:00,KBWR
69.61,69.61,69.61,69.61,100,2022-01-13 17:15:00,KBWR
69.5789,69.5789,69.5789,69.5789,154,2022-01-13 17:40:00,KBWR
69.465,69.465,69.465,69.465,475,2022-01-13 17:45:00,KBWR
69.599,69.6198,69.54,69.6198,1500,2022-01-13 18:10:00,KBWR
69.81,69.81,69.81,69.81,150,2022-01-13 18:40:00,KBWR
69.85,69.85,69.85,69.85,360,2022-01-13 18:45:00,KBWR
69.76,69.7765,69.76,69.7765,500,2022-01-13 18:55:00,KBWR
69.7439,69.78,69.7439,69.78,853,2022-01-13 19:00:00,KBWR
69.76,69.76,69.65,69.65,1450,2022-01-13 19:05:00,KBWR
69.75,69.78,69.7491,69.78,405,2022-01-13 19:10:00,KBWR
69.7,69.7,69.665,69.665,300,2022-01-13 19:15:00,KBWR
69.7,69.71,69.7,69.71,479,2022-01-13 19:20:00,KBWR
69.76,69.76,69.7507,69.7507,200,2022-01-13 19:25:00,KBWR
69.68,69.71,69.68,69.69,800,2022-01-13 19:30:00,KBWR
69.65,69.6547,69.65,69.6547,700,2022-01-13 19:35:00,KBWR
69.5884,69.6,69.5884,69.6,479,2022-01-13 19:40:00,KBWR
69.6731,69.6731,69.6233,69.66,959,2022-01-13 19:45:00,KBWR
69.64,69.64,69.64,69.64,100,2022-01-13 20:00:00,KBWR
69.66,69.66,69.66,69.66,350,2022-01-13 20:10:00,KBWR
69.58,69.58,69.5799,69.5799,200,2022-01-13 20:20:00,KBWR
69.5581,69.5602,69.5581,69.5602,575,2022-01-13 20:25:00,KBWR
69.33,69.33,69.33,69.33,100,2022-01-13 20:40:00,KBWR
69.25,69.25,69.17,69.17,200,2022-01-13 20:45:00,KBWR
69.125,69.18,69.0,69.18,5250,2022-01-13 20:50:00,KBWR
69.21,69.235,69.21,69.235,340,2022-01-13 20:55:00,KBWR
68.5,68.5,68.235,68.235,1176,2022-01-14 14:30:00,KBWR
68.5678,68.5678,68.5678,68.5678,878,2022-01-14 14:40:00,KBWR
68.93,68.93,68.93,68.93,200,2022-01-14 14:45:00,KBWR
68.9,68.9,68.9,68.9,300,2022-01-14 14:50:00,KBWR
69.0401,69.0401,69.0401,69.0401,600,2022-01-14 15:05:00,KBWR
69.11,69.11,69.11,69.11,510,2022-01-14 15:10:00,KBWR
69.32,69.32,69.18,69.18,344,2022-01-14 15:15:00,KBWR
69.2556,69.2556,69.18,69.185,655,2022-01-14 15:20:00,KBWR
69.21,69.2637,69.21,69.2637,485,2022-01-14 15:25:00,KBWR
69.3,69.31,69.3,69.3,650,2022-01-14 15:35:00,KBWR
69.515,69.515,69.515,69.515,300,2022-01-14 16:25:00,KBWR
69.43,69.43,69.43,69.43,360,2022-01-14 16:30:00,KBWR
69.36,69.36,69.36,69.36,100,2022-01-14 16:40:00,KBWR
69.565,69.565,69.565,69.565,200,2022-01-14 16:55:00,KBWR
69.52,69.52,69.52,69.52,145,2022-01-14 17:20:00,KBWR
69.41,69.41,69.41,69.41,1000,2022-01-14 17:25:00,KBWR
69.38,69.38,69.38,69.38,1050,2022-01-14 17:30:00,KBWR
69.3533,69.3533,69.3533,69.3533,600,2022-01-14 17:35:00,KBWR
69.35,69.35,69.35,69.35,500,2022-01-14 17:40:00,KBWR
69.3099,69.3099,69.255,69.255,461,2022-01-14 17:45:00,KBWR
69.2394,69.29,69.2394,69.29,244,2022-01-14 17:50:00,KBWR
69.28,69.28,69.25,69.25,200,2022-01-14 18:00:00,KBWR
69.254,69.254,69.254,69.254,200,2022-01-14 18:05:00,KBWR
69.26,69.26,69.26,69.26,140,2022-01-14 18:10:00,KBWR
69.34,69.34,69.34,69.34,100,2022-01-14 18:30:00,KBWR
69.37,69.37,69.37,69.37,100,2022-01-14 18:45:00,KBWR
69.38,69.395,69.38,69.395,894,2022-01-14 18:50:00,KBWR
69.38,69.38,69.38,69.38,284,2022-01-14 18:55:00,KBWR
69.4,69.4,69.35,69.39,400,2022-01-14 19:05:00,KBWR
69.3875,69.3875,69.3635,69.3635,215,2022-01-14 19:10:00,KBWR
69.45,69.5455,69.45,69.5365,400,2022-01-14 19:30:00,KBWR
69.58,69.58,69.58,69.58,400,2022-01-14 19:35:00,KBWR
69.569,69.569,69.569,69.569,200,2022-01-14 19:40:00,KBWR
69.58,69.58,69.58,69.58,100,2022-01-14 19:45:00,KBWR
69.619,69.619,69.6098,69.6098,200,2022-01-14 19:55:00,KBWR
69.62,69.62,69.62,69.62,100,2022-01-14 20:10:00,KBWR
69.5568,69.68,69.5568,69.68,870,2022-01-14 20:15:00,KBWR
69.625,69.625,69.6135,69.6135,208,2022-01-14 20:20:00,KBWR
69.665,69.665,69.635,69.635,450,2022-01-14 20:25:00,KBWR
69.74,69.74,69.74,69.74,100,2022-01-14 20:45:00,KBWR
69.8703,69.8703,69.8703,69.8703,104,2022-01-14 20:50:00,KBWR
69.94,69.97,69.94,69.97,200,2022-01-14 20:55:00,KBWR
69.56,69.56,69.56,69.56,1872,2022-01-18 14:30:00,KBWR
69.785,69.785,69.785,69.785,1000,2022-01-18 14:35:00,KBWR
70.1399,70.1399,70.1399,70.1399,700,2022-01-18 14:40:00,KBWR
69.9,69.9,69.9,69.9,100,2022-01-18 14:50:00,KBWR
69.59,69.59,69.59,69.59,100,2022-01-18 14:55:00,KBWR
69.6443,69.6443,69.6443,69.6443,750,2022-01-18 15:00:00,KBWR
69.65,69.66,69.595,69.595,600,2022-01-18 15:05:00,KBWR
69.6999,69.6999,69.6999,69.6999,1000,2022-01-18 15:10:00,KBWR
69.7357,69.7357,69.7357,69.7357,1000,2022-01-18 15:15:00,KBWR
69.5699,69.5699,69.4318,69.5323,2002,2022-01-18 15:25:00,KBWR
69.54,69.54,69.54,69.54,146,2022-01-18 15:30:00,KBWR
69.42,69.4891,69.42,69.4891,300,2022-01-18 15:35:00,KBWR
69.3083,69.3083,69.3083,69.3083,115,2022-01-18 15:45:00,KBWR
69.3,69.3716,69.3,69.35,850,2022-01-18 15:50:00,KBWR
69.34,69.3626,69.34,69.3626,400,2022-01-18 15:55:00,KBWR
69.5,69.52,69.4973,69.5,3100,2022-01-18 16:05:00,KBWR
69.4996,69.66,69.4996,69.66,1453,2022-01-18 16:20:00,KBWR
69.55,69.55,69.52,69.52,400,2022-01-18 16:25:00,KBWR
69.411,69.411,69.4,69.4,426,2022-01-18 16:40:00,KBWR
69.4,69.4,69.3,69.3,500,2022-01-18 17:00:00,KBWR
69.36,69.38,69.36,69.36,750,2022-01-18 17:10:00,KBWR
68.98,68.98,68.98,68.98,200,2022-01-18 17:50:00,KBWR
68.912,68.912,68.912,68.912,200,2022-01-18 18:05:00,KBWR
69.1,69.1,69.1,69.1,100,2022-01-18 18:20:00,KBWR
69.049,69.05,69.0,69.05,794,2022-01-18 18:25:00,KBWR
69.07,69.07,69.07,69.07,100,2022-01-18 18:30:00,KBWR
69.24,69.24,69.24,69.24,100,2022-01-18 18:45:00,KBWR
69.27,69.27,69.27,69.27,100,2022-01-18 18:50:00,KBWR
69.235,69.2364,69.235,69.2364,329,2022-01-18 19:15:00,KBWR
69.1889,69.1889,69.1889,69.1889,100,2022-01-18 19:25:00,KBWR
69.385,69.385,69.385,69.385,300,2022-01-18 19:35:00,KBWR
69.4861,69.4861,69.4861,69.4861,200,2022-01-18 19:40:00,KBWR
69.46,69.5499,69.46,69.5499,400,2022-01-18 19:50:00,KBWR
69.57,69.57,69.57,69.57,100,2022-01-18 19:55:00,KBWR
69.43,69.43,69.43,69.43,400,2022-01-18 20:05:00,KBWR
69.4431,69.4431,69.4431,69.4431,300,2022-01-18 20:10:00,KBWR
69.38,69.38,69.38,69.38,100,2022-01-18 20:15:00,KBWR
69.28,69.31,69.28,69.31,200,2022-01-18 20:30:00,KBWR
69.0,69.0,69.0,69.0,196,2022-01-18 20:45:00,KBWR
68.97,68.97,68.9,68.9,200,2022-01-18 20:50:00,KBWR
68.8,68.8,68.8,68.8,300,2022-01-19 00:25:00,KBWR
69.0,69.0,68.695,68.695,485,2022-01-19 14:30:00,KBWR
68.458,68.458,68.458,68.458,145,2022-01-19 14:35:00,KBWR
68.279,68.279,68.25,68.25,300,2022-01-19 14:40:00,KBWR
68.25,68.25,68.25,68.25,500,2022-01-19 14:45:00,KBWR
68.0218,68.0218,68.0218,68.0218,170,2022-01-19 14:55:00,KBWR
68.0,68.0,67.53,67.665,1144,2022-01-19 15:00:00,KBWR
67.6476,67.6476,67.59,67.6074,2305,2022-01-19 15:15:00,KBWR
67.65,67.65,67.65,67.65,100,2022-01-19 15:20:00,KBWR
67.0301,67.1901,67.03,67.1901,6015,2022-01-19 15:35:00,KBWR
67.2101,67.22,67.21,67.21,300,2022-01-19 15:40:00,KBWR
67.4999,67.4999,67.4999,67.4999,1000,2022-01-19 15:45:00,KBWR
67.7,67.7,67.7,67.7,300,2022-01-19 15:55:00,KBWR
67.73,67.7799,67.73,67.7799,525,2022-01-19 16:05:00,KBWR
67.76,67.76,67.76,67.76,100,2022-01-19 16:15:00,KBWR
67.53,67.53,67.53,67.53,160,2022-01-19 17:50:00,KBWR
67.44,67.44,67.44,67.44,173,2022-01-19 17:55:00,KBWR
67.35,67.35,67.35,67.35,200,2022-01-19 19:05:00,KBWR
67.51,67.51,67.51,67.51,100,2022-01-19 20:05:00,KBWR
67.5799,67.5799,67.5799,67.5799,100,2022-01-19 20:10:00,KBWR
67.54,67.54,67.54,67.54,125,2022-01-19 20:15:00,KBWR
67.1701,67.1701,67.1701,67.1701,100,2022-01-19 20:40:00,KBWR
67.1875,67.25,67.1875,67.25,700,2022-01-19 20:45:00,KBWR
67.1,67.1,67.1,67.1,100,2022-01-19 20:50:00,KBWR
66.93,66.93,66.93,66.93,409,2022-01-20 14:30:00,KBWR
67.2002,67.2002,66.8,66.8,237,2022-01-20 14:35:00,KBWR
66.9299,66.9299,66.9299,66.9299,375,2022-01-20 14:45:00,KBWR
67.15,67.23,67.15,67.23,415,2022-01-20 14:55:00,KBWR
67.205,67.21,67.1955,67.1955,600,2022-01-20 15:05:00,KBWR
67.175,67.175,67.02,67.02,400,2022-01-20 15:10:00,KBWR
67.22,67.22,67.22,67.22,100,2022-01-20 15:15:00,KBWR
67.27,67.27,67.27,67.27,100,2022-01-20 15:20:00,KBWR
67.24,67.24,67.24,67.24,100,2022-01-20 15:30:00,KBWR
67.36,67.36,67.36,67.36,100,2022-01-20 16:20:00,KBWR
67.36,67.44,67.31,67.44,520,2022-01-20 16:30:00,KBWR
67.58,67.58,67.58,67.58,100,2022-01-20 16:35:00,KBWR
67.3996,67.3996,67.3996,67.3996,352,2022-01-20 16:45:00,KBWR
67.2,67.2,67.2,67.2,600,2022-01-20 16:50:00,KBWR
67.19,67.19,67.19,67.19,100,2022-01-20 16:55:00,KBWR
67.1583,67.1583,67.1583,67.1583,146,2022-01-20 17:10:00,KBWR
67.1,67.1,67.1,67.1,175,2022-01-20 17:35:00,KBWR
66.9717,66.9717,66.9717,66.9717,300,2022-01-20 18:00:00,KBWR
66.92,66.92,66.92,66.92,100,2022-01-20 18:05:00,KBWR
66.92,66.92,66.92,66.92,200,2022-01-20 19:05:00,KBWR
66.38,66.38,66.27,66.27,300,2022-01-20 19:40:00,KBWR
66.43,66.43,66.43,66.43,100,2022-01-20 19:45:00,KBWR
66.0106,66.0106,66.0106,66.0106,165,2022-01-20 20:15:00,KBWR
66.018,66.018,66.018,66.018,150,2022-01-20 20:20:00,KBWR
65.7339,65.7339,65.7339,65.7339,100,2022-01-20 20:40:00,KBWR
65.62,65.62,65.62,65.62,100,2022-01-20 20:45:00,KBWR
65.49,65.49,65.36,65.36,370,2022-01-20 20:50:00,KBWR
65.34,65.34,65.17,65.17,325,2022-01-20 20:55:00,KBWR
64.7,65.17,64.62,65.17,1606,2022-01-21 14:30:00,KBWR
64.98,64.98,64.98,64.98,100,2022-01-21 14:40:00,KBWR
65.06,65.06,65.06,65.06,165,2022-01-21 14:55:00,KBWR
65.02,65.02,65.02,65.02,100,2022-01-21 15:00:00,KBWR
65.18,65.18,65.12,65.12,200,2022-01-21 15:15:00,KBWR
64.93,64.93,64.93,64.93,100,2022-01-21 15:20:00,KBWR
65.24,65.31,65.23,65.23,400,2022-01-21 15:25:00,KBWR
65.63,65.63,65.63,65.63,100,2022-01-21 15:35:00,KBWR
65.73,65.73,65.73,65.73,100,2022-01-21 15:40:00,KBWR
65.68,65.68,65.68,65.68,300,2022-01-21 15:45:00,KBWR
66.06,66.06,66.06,66.06,200,2022-01-21 16:05:00,KBWR
66.31,66.31,66.31,66.31,200,2022-01-21 16:25:00,KBWR
66.2487,66.2487,66.16,66.21,345,2022-01-21 16:30:00,KBWR
65.79,65.85,65.79,65.85,300,2022-01-21 16:55:00,KBWR
65.56,65.56,65.56,65.56,100,2022-01-21 17:05:00,KBWR
65.475,65.475,65.475,65.475,548,2022-01-21 17:25:00,KBWR
65.54,65.6,65.54,65.6,3000,2022-01-21 17:30:00,KBWR
65.54,65.54,65.54,65.54,100,2022-01-21 17:35:00,KBWR
65.37,65.37,65.37,65.37,100,2022-01-21 17:40:00,KBWR
65.363,65.363,65.363,65.363,143,2022-01-21 18:00:00,KBWR
65.2,65.2,65.2,65.2,100,2022-01-21 19:50:00,KBWR
65.03,65.03,65.03,65.03,700,2022-01-21 19:55:00,KBWR
65.09,65.09,65.09,65.09,709,2022-01-21 20:00:00,KBWR
65.025,65.025,65.025,65.025,120,2022-01-21 20:05:00,KBWR
64.8113,65.0632,64.8113,65.0632,920,2022-01-21 20:15:00,KBWR
64.73,64.73,64.73,64.73,100,2022-01-21 20:25:00,KBWR
64.78,64.88,64.78,64.88,300,2022-01-21 20:30:00,KBWR
64.94,65.0682,64.9399,65.0682,1450,2022-01-21 20:35:00,KBWR
65.17,65.17,65.17,65.17,100,2022-01-21 20:40:00,KBWR
65.2445,65.2445,65.2445,65.2445,100,2022-01-21 20:45:00,KBWR
64.8373,64.8373,64.8373,64.8373,380,2022-01-21 20:50:00,KBWR
64.8,64.8,64.8,64.8,325,2022-01-21 20:55:00,KBWR
63.8,63.955,63.8,63.955,455,2022-01-24 14:30:00,KBWR
64.7777,64.7777,63.85,64.2634,700,2022-01-24 14:40:00,KBWR
63.7819,63.7819,63.7819,63.7819,600,2022-01-24 14:45:00,KBWR
63.64,63.785,63.64,63.785,350,2022-01-24 14:50:00,KBWR
63.695,63.695,63.695,63.695,750,2022-01-24 15:05:00,KBWR
63.54,63.54,63.54,63.54,100,2022-01-24 15:15:00,KBWR
64.24,64.24,64.24,64.24,100,2022-01-24 15:30:00,KBWR
64.3,64.31,64.3,64.3,1000,2022-01-24 15:45:00,KBWR
64.42,64.42,64.42,64.42,100,2022-01-24 15:50:00,KBWR
64.4,64.4,64.4,64.4,539,2022-01-24 16:05:00,KBWR
64.06,64.06,64.06,64.06,100,2022-01-24 16:45:00,KBWR
64.355,64.355,64.355,64.355,201,2022-01-24 17:05:00,KBWR
63.7715,63.7715,63.7715,63.7715,500,2022-01-24 17:25:00,KBWR
63.72,63.72,63.71,63.71,990,2022-01-24 17:30:00,KBWR
63.6812,63.6812,63.6812,63.6812,475,2022-01-24 17:45:00,KBWR
64.0455,64.0455,64.0455,64.0455,109,2022-01-24 17:55:00,KBWR
64.0179,64.0179,64.0179,64.0179,244,2022-01-24 18:00:00,KBWR
64.035,64.21,64.035,64.21,11846,2022-01-24 18:05:00,KBWR
64.07,64.07,64.07,64.07,100,2022-01-24 18:25:00,KBWR
64.71,64.79,64.71,64.79,300,2022-01-24 19:05:00,KBWR
64.28,64.28,64.28,64.28,185,2022-01-24 19:25:00,KBWR
64.27,64.27,64.27,64.27,100,2022-01-24 19:30:00,KBWR
64.29,64.29,64.29,64.29,1000,2022-01-24 19:40:00,KBWR
64.7509,64.7509,64.7509,64.7509,156,2022-01-24 20:05:00,KBWR
64.89,64.89,64.89,64.89,100,2022-01-24 20:10:00,KBWR
64.98,64.98,64.98,64.98,100,2022-01-24 20:20:00,KBWR
65.2097,65.2097,65.2097,65.2097,235,2022-01-24 20:25:00,KBWR
65.13,65.13,65.13,65.13,100,2022-01-24 20:30:00,KBWR
65.4,65.4,65.3,65.3,1496,2022-01-24 20:40:00,KBWR
65.6,65.6,65.6,65.6,124,2022-01-24 20:50:00,KBWR
65.76,65.77,65.76,65.77,1624,2022-01-24 20:55:00,KBWR
65.11,65.11,65.11,65.11,186,2022-01-25 14:30:00,KBWR
65.1,65.1,65.1,65.1,230,2022-01-25 14:40:00,KBWR
64.825,64.84,64.825,64.84,202,2022-01-25 14:45:00,KBWR
64.1896,64.1896,64.1896,64.1896,200,2022-01-25 14:55:00,KBWR
64.82,64.82,64.82,64.82,100,2022-01-25 15:35:00,KBWR
65.06,65.06,65.06,65.06,153,2022-01-25 15:50:00,KBWR
64.8,64.8,64.71,64.71,200,2022-01-25 16:00:00,KBWR
64.8372,64.8372,64.8372,64.8372,155,2022-01-25 16:05:00,KBWR
65.2,65.2,65.18,65.18,1000,2022-01-25 16:25:00,KBWR
65.12,65.12,65.12,65.12,157,2022-01-25 16:55:00,KBWR
65.08,65.08,64.955,64.955,300,2022-01-25 17:25:00,KBWR
64.8833,65.01,64.8833,64.95,850,2022-01-25 17:55:00,KBWR
65.26,65.26,65.26,65.26,400,2022-01-25 18:10:00,KBWR
65.255,65.255,65.255,65.255,100,2022-01-25 18:15:00,KBWR
65.29,65.29,65.29,65.29,148,2022-01-25 18:20:00,KBWR
65.4852,65.4852,65.4852,65.4852,300,2022-01-25 18:30:00,KBWR
65.78,65.78,65.724,65.724,200,2022-01-25 18:40:00,KBWR
66.03,66.03,65.98,66.03,1100,2022-01-25 18:55:00,KBWR
66.0161,66.0161,66.0161,66.0161,262,2022-01-25 19:20:00,KBWR
66.0117,66.0117,66.0117,66.0117,158,2022-01-25 19:40:00,KBWR
66.2505,66.29,66.2424,66.265,614,2022-01-25 19:50:00,KBWR
66.405,66.405,66.405,66.405,200,2022-01-25 19:55:00,KBWR
66.4,66.4,66.4,66.4,200,2022-01-25 20:00:00,KBWR
66.31,66.31,66.31,66.31,100,2022-01-25 20:05:00,KBWR
66.1717,66.1717,66.1717,66.1717,150,2022-01-25 20:10:00,KBWR
66.1,66.1,66.1,66.1,100,2022-01-25 20:25:00,KBWR
66.132,66.23,66.132,66.2276,365,2022-01-25 20:45:00,KBWR
65.6961,65.79,65.6961,65.79,266,2022-01-25 20:50:00,KBWR
65.78,65.78,65.78,65.78,100,2022-01-25 20:55:00,KBWR
66.27,66.27,65.9312,65.9312,241,2022-01-26 14:30:00,KBWR
66.6326,66.6326,66.6326,66.6326,225,2022-01-26 14:55:00,KBWR
66.461,66.461,66.461,66.461,100,2022-01-26 15:05:00,KBWR
66.42,66.42,66.42,66.42,100,2022-01-26 15:10:00,KBWR
66.2612,66.2612,66.2612,66.2612,680,2022-01-26 15:20:00,KBWR
65.62,65.62,65.62,65.62,100,2022-01-26 15:25:00,KBWR
65.58,65.58,65.58,65.58,100,2022-01-26 15:30:00,KBWR
66.34,66.34,66.26,66.26,350,2022-01-26 16:15:00,KBWR
66.2,66.2,66.2,66.2,100,2022-01-26 16:20:00,KBWR
66.065,66.0673,66.065,66.0673,300,2022-01-26 16:55:00,KBWR
66.07,66.07,66.07,66.07,100,2022-01-26 17:10:00,KBWR
66.0,66.0,65.96,65.96,400,2022-01-26 17:15:00,KBWR
65.88,65.88,65.88,65.88,100,2022-01-26 17:25:00,KBWR
65.9099,65.9099,65.87,65.87,550,2022-01-26 17:30:00,KBWR
65.81,65.838,65.81,65.838,727,2022-01-26 17:35:00,KBWR
65.79,65.79,65.79,65.79,130,2022-01-26 17:40:00,KBWR
65.4966,65.4966,65.4966,65.4966,300,2022-01-26 18:05:00,KBWR
65.74,65.74,65.74,65.74,100,2022-01-26 18:55:00,KBWR
66.1362,66.1362,66.1362,66.1362,200,2022-01-26 19:00:00,KBWR
65.97,65.97,65.97,65.97,100,2022-01-26 19:05:00,KBWR
65.7884,65.7884,65.7884,65.7884,150,2022-01-26 19:10:00,KBWR
65.76,65.76,65.76,65.76,100,2022-01-26 19:35:00,KBWR
65.56,65.56,65.55,65.55,200,2022-01-26 19:40:00,KBWR
64.965,64.965,64.9,64.9,1400,2022-01-26 20:45:00,KBWR
65.31,65.31,65.31,65.31,110,2022-01-27 14:30:00,KBWR
65.94,65.94,65.94,65.94,300,2022-01-27 14:40:00,KBWR
65.12,65.12,65.12,65.12,100,2022-01-27 15:30:00,KBWR
65.1575,65.17,65.1575,65.17,200,2022-01-27 15:35:00,KBWR
65.25,65.25,65.25,65.25,100,2022-01-27 15:45:00,KBWR
64.82,64.82,64.82,64.82,100,2022-01-27 16:20:00,KBWR
64.72,64.72,64.72,64.72,100,2022-01-27 16:25:00,KBWR
64.8459,64.8459,64.8459,64.8459,378,2022-01-27 16:40:00,KBWR
64.8299,64.8299,64.8299,64.8299,100,2022-01-27 16:55:00,KBWR
64.28,64.28,64.28,64.28,100,2022-01-27 17:30:00,KBWR
63.94,63.9499,63.81,63.81,1700,2022-01-27 18:15:00,KBWR
63.65,63.68,63.61,63.68,300,2022-01-27 18:25:00,KBWR
63.53,63.53,63.53,63.53,100,2022-01-27 18:35:00,KBWR
63.65,63.65,63.65,63.65,100,2022-01-27 18:40:00,KBWR
63.9487,63.9487,63.9487,63.9487,150,2022-01-27 19:05:00,KBWR
63.8,63.8,63.745,63.7675,400,2022-01-27 19:15:00,KBWR
63.693,63.693,63.693,63.693,100,2022-01-27 19:20:00,KBWR
63.435,63.435,63.435,63.435,100,2022-01-27 19:25:00,KBWR
63.29,63.29,63.191,63.245,400,2022-01-27 19:35:00,KBWR
63.54,63.54,63.54,63.54,100,2022-01-27 19:40:00,KBWR
63.61,63.61,63.61,63.61,200,2022-01-27 19:45:00,KBWR
63.3101,63.3101,63.3101,63.3101,103,2022-01-27 19:55:00,KBWR
63.55,63.55,63.55,63.55,100,2022-01-27 20:00:00,KBWR
63.64,63.64,63.64,63.64,200,2022-01-27 20:40:00,KBWR
63.845,63.845,63.845,63.845,500,2022-01-27 20:45:00,KBWR
63.81,63.864,63.81,63.864,269,2022-01-27 20:50:00,KBWR
63.81,63.81,63.64,63.64,200,2022-01-27 20:55:00,KBWR
63.3001,63.3001,63.3001,63.3001,199,2022-01-28 14:35:00,KBWR
63.42,63.42,63.42,63.42,100,2022-01-28 14:50:00,KBWR
63.26,63.26,63.26,63.26,346,2022-01-28 14:55:00,KBWR
63.66,63.66,63.65,63.65,200,2022-01-28 15:05:00,KBWR
63.6432,63.74,63.6432,63.74,490,2022-01-28 15:25:00,KBWR
63.795,63.8,63.64,63.64,800,2022-01-28 15:30:00,KBWR
63.5299,63.5299,63.5299,63.5299,140,2022-01-28 16:30:00,KBWR
63.46,63.71,63.46,63.71,4295,2022-01-28 16:35:00,KBWR
63.5688,63.5688,63.43,63.43,420,2022-01-28 16:45:00,KBWR
63.83,63.83,63.83,63.83,120,2022-01-28 16:55:00,KBWR
63.0,63.0,63.0,63.0,150,2022-01-28 17:50:00,KBWR
63.2,63.2017,63.2,63.2017,989,2022-01-28 18:10:00,KBWR
63.2045,63.2045,63.17,63.17,1100,2022-01-28 18:15:00,KBWR
63.13,63.13,63.13,63.13,100,2022-01-28 18:20:00,KBWR
63.1,63.1876,63.1,63.1876,2000,2022-01-28 18:25:00,KBWR
63.12,63.1799,63.12,63.1799,1000,2022-01-28 18:35:00,KBWR
63.15,63.15,63.15,63.15,300,2022-01-28 18:40:00,KBWR
63.21,63.26,63.209,63.259,1900,2022-01-28 18:50:00,KBWR
62.91,62.91,62.91,62.91,100,2022-01-28 19:10:00,KBWR
62.4,62.4,62.4,62.4,100,2022-01-28 19:25:00,KBWR
62.38,62.38,62.38,62.38,200,2022-01-28 19:40:00,KBWR
62.65,62.65,62.65,62.65,100,2022-01-28 19:45:00,KBWR
62.59,62.59,62.59,62.59,250,2022-01-28 19:50:00,KBWR
62.71,62.71,62.71,62.71,100,2022-01-28 19:55:00,KBWR
62.92,62.92,62.9199,62.9199,502,2022-01-28 20:15:00,KBWR
63.64,63.64,63.5,63.5,1245,2022-01-28 20:50:00,KBWR
