open,high,low,close,volume,datetime,symbol
67.97,67.97,67.97,67.97,802,2020-11-02 14:30:00,CVGW
68.12,68.12,68.12,68.12,100,2020-11-02 14:40:00,CVGW
68.07,68.07,67.99,67.99,200,2020-11-02 14:50:00,CVGW
67.99,67.99,67.99,67.99,100,2020-11-02 14:55:00,CVGW
68.29,68.37,68.27,68.37,320,2020-11-02 15:00:00,CVGW
68.48,68.62,68.48,68.62,200,2020-11-02 15:05:00,CVGW
68.3,68.3,68.14,68.29,577,2020-11-02 15:10:00,CVGW
68.1189,68.1189,68.1189,68.1189,196,2020-11-02 15:25:00,CVGW
68.34,68.34,68.34,68.34,100,2020-11-02 15:30:00,CVGW
68.16,68.16,68.16,68.16,100,2020-11-02 15:40:00,CVGW
68.095,68.095,68.0,68.0,300,2020-11-02 15:50:00,CVGW
67.78,67.78,67.36,67.36,200,2020-11-02 15:55:00,CVGW
67.57,67.62,67.57,67.62,1100,2020-11-02 16:00:00,CVGW
67.72,67.72,67.72,67.72,100,2020-11-02 16:10:00,CVGW
67.84,67.84,67.84,67.84,100,2020-11-02 16:25:00,CVGW
67.83,68.02,67.83,68.02,200,2020-11-02 16:30:00,CVGW
67.9856,67.9856,67.9856,67.9856,130,2020-11-02 16:40:00,CVGW
68.17,68.24,68.17,68.24,200,2020-11-02 16:45:00,CVGW
67.905,67.905,67.905,67.905,915,2020-11-02 16:50:00,CVGW
68.18,68.195,68.18,68.195,439,2020-11-02 16:55:00,CVGW
68.28,68.69,68.28,68.69,300,2020-11-02 17:05:00,CVGW
68.48,68.48,68.48,68.48,200,2020-11-02 17:20:00,CVGW
68.24,68.24,68.24,68.24,100,2020-11-02 17:25:00,CVGW
68.185,68.36,68.185,68.36,600,2020-11-02 17:30:00,CVGW
68.32,68.32,68.11,68.11,300,2020-11-02 17:40:00,CVGW
68.12,68.2,68.12,68.2,200,2020-11-02 17:45:00,CVGW
68.125,68.23,68.125,68.23,200,2020-11-02 17:55:00,CVGW
68.35,68.35,68.23,68.28,1031,2020-11-02 18:00:00,CVGW
68.23,68.23,68.14,68.14,200,2020-11-02 18:05:00,CVGW
68.04,68.07,68.04,68.07,200,2020-11-02 18:10:00,CVGW
68.0,68.04,67.99,68.02,800,2020-11-02 18:15:00,CVGW
68.05,68.08,67.955,67.955,600,2020-11-02 18:20:00,CVGW
67.955,68.075,67.955,68.075,400,2020-11-02 18:25:00,CVGW
68.08,68.22,67.97,67.97,800,2020-11-02 18:30:00,CVGW
68.1,68.34,68.1,68.1745,427,2020-11-02 18:35:00,CVGW
68.19,68.4362,68.19,68.3864,646,2020-11-02 18:40:00,CVGW
68.265,68.265,68.265,68.265,100,2020-11-02 18:45:00,CVGW
68.19,68.19,68.115,68.115,600,2020-11-02 18:50:00,CVGW
68.15,68.15,68.05,68.05,200,2020-11-02 18:55:00,CVGW
68.105,68.105,67.91,67.91,1000,2020-11-02 19:00:00,CVGW
67.87,67.87,67.87,67.87,100,2020-11-02 19:05:00,CVGW
67.705,67.705,67.705,67.705,100,2020-11-02 19:10:00,CVGW
67.6,67.72,67.6,67.72,200,2020-11-02 19:15:00,CVGW
67.79,67.88,67.79,67.88,200,2020-11-02 19:20:00,CVGW
67.84,67.9526,67.84,67.9526,300,2020-11-02 19:25:00,CVGW
67.82,67.82,67.72,67.72,200,2020-11-02 19:30:00,CVGW
67.74,68.12,67.74,68.12,1300,2020-11-02 19:35:00,CVGW
68.085,68.085,68.085,68.085,100,2020-11-02 19:40:00,CVGW
68.13,68.21,68.13,68.18,300,2020-11-02 19:45:00,CVGW
68.105,68.105,67.76,67.76,1674,2020-11-02 19:50:00,CVGW
67.82,67.82,67.82,67.82,500,2020-11-02 19:55:00,CVGW
67.77,67.82,67.72,67.82,300,2020-11-02 20:00:00,CVGW
67.81,67.83,67.72,67.815,600,2020-11-02 20:05:00,CVGW
67.85,67.92,67.785,67.92,500,2020-11-02 20:10:00,CVGW
67.94,67.94,67.89,67.89,200,2020-11-02 20:15:00,CVGW
67.85,67.89,67.74,67.83,700,2020-11-02 20:20:00,CVGW
67.86,67.86,67.8,67.83,400,2020-11-02 20:25:00,CVGW
67.94,67.94,67.83,67.83,200,2020-11-02 20:30:00,CVGW
67.845,67.845,67.77,67.77,300,2020-11-02 20:35:00,CVGW
67.86,67.86,67.73,67.83,900,2020-11-02 20:40:00,CVGW
67.775,67.775,67.62,67.73,1100,2020-11-02 20:45:00,CVGW
67.62,67.73,67.61,67.7,900,2020-11-02 20:50:00,CVGW
67.62,67.92,67.62,67.92,6417,2020-11-02 20:55:00,CVGW
67.97,67.97,67.97,67.97,10565,2020-11-02 21:00:00,CVGW
68.77,68.77,68.76,68.76,651,2020-11-03 14:30:00,CVGW
68.73,68.73,68.73,68.73,100,2020-11-03 14:50:00,CVGW
69.28,69.34,69.28,69.34,200,2020-11-03 14:55:00,CVGW
69.25,69.35,69.06,69.06,1614,2020-11-03 15:05:00,CVGW
68.97,69.015,68.97,69.015,200,2020-11-03 15:10:00,CVGW
68.94,68.94,68.77,68.77,200,2020-11-03 15:15:00,CVGW
68.21,69.09,68.21,69.09,300,2020-11-03 15:25:00,CVGW
68.75,68.75,68.75,68.75,100,2020-11-03 15:30:00,CVGW
68.49,68.75,68.49,68.75,200,2020-11-03 15:35:00,CVGW
68.572,68.572,68.572,68.572,125,2020-11-03 15:45:00,CVGW
68.49,68.49,68.49,68.49,100,2020-11-03 15:55:00,CVGW
68.67,68.81,68.67,68.715,1200,2020-11-03 16:00:00,CVGW
68.66,68.69,68.64,68.69,500,2020-11-03 16:05:00,CVGW
68.65,68.65,68.57,68.57,400,2020-11-03 16:10:00,CVGW
68.535,68.535,68.29,68.33,515,2020-11-03 16:25:00,CVGW
68.535,68.535,68.535,68.535,200,2020-11-03 16:30:00,CVGW
68.54,68.84,68.54,68.84,600,2020-11-03 16:35:00,CVGW
68.66,68.66,68.525,68.525,235,2020-11-03 16:45:00,CVGW
68.38,68.44,68.38,68.44,300,2020-11-03 16:50:00,CVGW
68.475,68.475,68.33,68.33,314,2020-11-03 17:00:00,CVGW
68.5,68.5,68.43,68.495,417,2020-11-03 17:10:00,CVGW
68.62,68.62,68.505,68.505,500,2020-11-03 17:20:00,CVGW
68.43,68.43,68.43,68.43,100,2020-11-03 17:25:00,CVGW
68.29,68.29,68.25,68.25,200,2020-11-03 17:30:00,CVGW
68.43,68.43,68.43,68.43,100,2020-11-03 17:35:00,CVGW
68.37,68.37,68.37,68.37,100,2020-11-03 17:40:00,CVGW
68.5099,68.5099,68.15,68.15,1100,2020-11-03 17:50:00,CVGW
68.22,68.22,68.0218,68.0218,215,2020-11-03 17:55:00,CVGW
67.83,67.83,67.83,67.83,100,2020-11-03 18:00:00,CVGW
67.79,68.0,67.78,67.78,300,2020-11-03 18:10:00,CVGW
67.97,68.074,67.7101,68.0,717,2020-11-03 18:15:00,CVGW
67.68,67.68,67.68,67.68,100,2020-11-03 18:20:00,CVGW
67.69,67.69,67.68,67.68,200,2020-11-03 18:25:00,CVGW
67.875,67.8827,67.875,67.8827,747,2020-11-03 18:30:00,CVGW
67.99,67.99,67.83,67.83,200,2020-11-03 18:35:00,CVGW
67.54,67.54,67.54,67.54,100,2020-11-03 18:40:00,CVGW
67.5,67.68,67.5,67.68,200,2020-11-03 18:45:00,CVGW
67.67,67.67,67.67,67.67,100,2020-11-03 18:50:00,CVGW
67.86,67.87,67.695,67.695,500,2020-11-03 19:00:00,CVGW
67.93,67.97,67.93,67.97,200,2020-11-03 19:05:00,CVGW
68.155,68.155,67.745,67.745,200,2020-11-03 19:15:00,CVGW
68.62,68.62,67.81,67.81,200,2020-11-03 19:35:00,CVGW
67.9,68.26,67.9,68.17,400,2020-11-03 19:45:00,CVGW
67.9,68.22,67.9,68.22,500,2020-11-03 19:50:00,CVGW
68.19,68.19,68.19,68.19,100,2020-11-03 19:55:00,CVGW
68.05,68.05,68.05,68.05,100,2020-11-03 20:00:00,CVGW
67.8,67.89,67.76,67.76,500,2020-11-03 20:05:00,CVGW
67.75,67.75,67.75,67.75,100,2020-11-03 20:10:00,CVGW
67.87,67.87,67.59,67.59,400,2020-11-03 20:15:00,CVGW
67.83,67.87,67.7,67.87,500,2020-11-03 20:20:00,CVGW
67.83,67.87,67.745,67.745,600,2020-11-03 20:25:00,CVGW
67.86,67.86,67.7,67.7,300,2020-11-03 20:30:00,CVGW
67.67,67.68,67.67,67.68,200,2020-11-03 20:35:00,CVGW
67.84,67.98,67.795,67.915,900,2020-11-03 20:40:00,CVGW
68.0,68.4,67.99,68.4,500,2020-11-03 20:45:00,CVGW
68.82,68.91,68.535,68.56,700,2020-11-03 20:50:00,CVGW
68.57,68.57,68.01,68.02,2940,2020-11-03 20:55:00,CVGW
68.08,68.08,68.08,68.08,11163,2020-11-03 21:00:00,CVGW
68.08,68.68,68.08,68.68,1727,2020-11-04 14:30:00,CVGW
67.96,68.32,67.96,67.99,500,2020-11-04 14:50:00,CVGW
68.89,68.89,68.89,68.89,100,2020-11-04 15:00:00,CVGW
68.97,69.27,68.97,69.27,200,2020-11-04 15:05:00,CVGW
69.25,69.27,69.09,69.09,300,2020-11-04 15:25:00,CVGW
68.7,68.7,68.7,68.7,100,2020-11-04 15:35:00,CVGW
68.59,68.59,68.59,68.59,100,2020-11-04 15:40:00,CVGW
68.242,69.1,68.242,69.1,600,2020-11-04 15:50:00,CVGW
69.09,69.09,69.09,69.09,100,2020-11-04 16:00:00,CVGW
68.9,69.04,68.8,68.985,2053,2020-11-04 16:10:00,CVGW
69.2,69.2,69.2,69.2,100,2020-11-04 16:15:00,CVGW
69.09,69.28,69.09,69.21,400,2020-11-04 16:25:00,CVGW
69.3,69.3,69.3,69.3,200,2020-11-04 16:35:00,CVGW
69.34,69.34,69.34,69.34,100,2020-11-04 16:40:00,CVGW
69.3,69.3,69.3,69.3,100,2020-11-04 16:45:00,CVGW
69.34,69.34,69.33,69.33,200,2020-11-04 16:50:00,CVGW
69.33,69.34,69.12,69.26,800,2020-11-04 16:55:00,CVGW
69.7,69.81,69.7,69.81,1400,2020-11-04 17:10:00,CVGW
69.7682,69.97,69.7682,69.97,400,2020-11-04 17:15:00,CVGW
69.935,70.055,69.935,70.055,200,2020-11-04 17:20:00,CVGW
70.1,70.205,69.7,70.205,2100,2020-11-04 17:25:00,CVGW
69.76,69.76,69.76,69.76,100,2020-11-04 17:30:00,CVGW
70.01,70.01,70.01,70.01,100,2020-11-04 17:40:00,CVGW
69.61,69.64,69.23,69.23,1050,2020-11-04 17:55:00,CVGW
69.21,69.21,69.21,69.21,200,2020-11-04 18:10:00,CVGW
69.1,69.1,69.1,69.1,100,2020-11-04 18:20:00,CVGW
69.0,69.0,68.79,68.79,300,2020-11-04 18:25:00,CVGW
68.745,69.12,68.745,69.12,300,2020-11-04 18:30:00,CVGW
68.935,68.935,68.935,68.935,100,2020-11-04 18:40:00,CVGW
68.94,69.1,68.94,69.1,300,2020-11-04 18:50:00,CVGW
68.95,68.95,68.95,68.95,100,2020-11-04 19:10:00,CVGW
68.78,68.89,68.665,68.665,600,2020-11-04 19:15:00,CVGW
68.69,68.79,68.69,68.79,200,2020-11-04 19:25:00,CVGW
68.79,68.79,68.56,68.56,200,2020-11-04 19:30:00,CVGW
68.53,68.59,68.53,68.59,500,2020-11-04 19:40:00,CVGW
68.585,68.585,68.585,68.585,100,2020-11-04 19:50:00,CVGW
68.54,68.64,68.37,68.53,1302,2020-11-04 20:00:00,CVGW
68.3,68.41,68.26,68.41,400,2020-11-04 20:05:00,CVGW
68.265,68.53,68.265,68.53,700,2020-11-04 20:10:00,CVGW
68.455,68.8,68.455,68.8,400,2020-11-04 20:15:00,CVGW
68.87,68.87,68.87,68.87,100,2020-11-04 20:20:00,CVGW
68.87,69.13,68.82,68.905,500,2020-11-04 20:25:00,CVGW
69.13,69.13,68.83,68.83,200,2020-11-04 20:30:00,CVGW
68.74,69.04,68.515,68.515,1534,2020-11-04 20:35:00,CVGW
68.47,68.55,68.47,68.53,400,2020-11-04 20:40:00,CVGW
68.55,68.72,68.55,68.72,200,2020-11-04 20:45:00,CVGW
68.77,68.85,68.71,68.71,600,2020-11-04 20:50:00,CVGW
68.73,68.85,68.55,68.85,3344,2020-11-04 20:55:00,CVGW
68.85,68.85,68.85,68.85,8531,2020-11-04 21:00:00,CVGW
69.14,69.14,69.14,69.14,965,2020-11-05 14:30:00,CVGW
69.235,69.235,69.235,69.235,100,2020-11-05 14:40:00,CVGW
69.78,69.78,69.41,69.41,300,2020-11-05 15:05:00,CVGW
69.7,69.7,69.7,69.7,100,2020-11-05 15:10:00,CVGW
69.87,69.875,69.87,69.875,200,2020-11-05 15:20:00,CVGW
69.89,69.89,69.89,69.89,300,2020-11-05 15:25:00,CVGW
70.15,70.16,70.15,70.16,200,2020-11-05 15:30:00,CVGW
70.24,70.26,70.18,70.26,300,2020-11-05 15:35:00,CVGW
70.195,70.195,70.06,70.06,748,2020-11-05 15:50:00,CVGW
70.09,70.09,70.09,70.09,100,2020-11-05 15:55:00,CVGW
69.85,69.85,69.85,69.85,100,2020-11-05 16:05:00,CVGW
69.87,69.87,69.87,69.87,100,2020-11-05 16:10:00,CVGW
69.9,69.9,69.9,69.9,100,2020-11-05 16:15:00,CVGW
69.9,69.9,69.9,69.9,200,2020-11-05 16:20:00,CVGW
69.79,69.79,69.26,69.26,200,2020-11-05 16:30:00,CVGW
69.57,69.8,69.57,69.605,1300,2020-11-05 17:00:00,CVGW
69.8,69.8,69.59,69.77,1012,2020-11-05 17:05:00,CVGW
69.59,69.926,69.59,69.905,1397,2020-11-05 17:10:00,CVGW
69.73,69.93,69.68,69.68,1206,2020-11-05 17:15:00,CVGW
69.53,69.62,69.53,69.62,300,2020-11-05 17:20:00,CVGW
69.62,69.68,69.62,69.68,200,2020-11-05 17:25:00,CVGW
69.84,69.98,69.84,69.98,300,2020-11-05 17:40:00,CVGW
69.99,70.0,69.865,69.91,500,2020-11-05 17:45:00,CVGW
70.27,70.27,70.0815,70.0815,300,2020-11-05 17:55:00,CVGW
70.145,70.28,70.145,70.16,300,2020-11-05 18:00:00,CVGW
70.31,70.31,70.31,70.31,200,2020-11-05 18:15:00,CVGW
70.33,70.33,70.24,70.29,1204,2020-11-05 18:20:00,CVGW
70.03,70.08,70.006,70.04,747,2020-11-05 18:25:00,CVGW
70.1,70.1,70.09,70.09,200,2020-11-05 18:35:00,CVGW
70.09,70.09,70.09,70.09,100,2020-11-05 18:45:00,CVGW
70.01,70.01,69.9144,69.9144,600,2020-11-05 18:50:00,CVGW
70.12,70.12,69.94,69.94,200,2020-11-05 18:55:00,CVGW
69.7891,69.7891,69.7891,69.7891,400,2020-11-05 19:10:00,CVGW
69.81,69.85,69.62,69.675,1320,2020-11-05 19:20:00,CVGW
69.28,69.42,69.28,69.42,200,2020-11-05 19:35:00,CVGW
69.42,69.43,69.42,69.43,200,2020-11-05 19:40:00,CVGW
69.38,69.38,69.38,69.38,100,2020-11-05 19:50:00,CVGW
69.3156,69.5,69.3156,69.5,437,2020-11-05 19:55:00,CVGW
69.52,69.53,69.52,69.52,300,2020-11-05 20:00:00,CVGW
69.55,69.68,69.55,69.65,300,2020-11-05 20:05:00,CVGW
69.64,69.64,69.64,69.64,100,2020-11-05 20:10:00,CVGW
69.5,69.5,69.49,69.49,200,2020-11-05 20:20:00,CVGW
69.46,69.46,69.34,69.41,367,2020-11-05 20:25:00,CVGW
69.3,69.3,69.3,69.3,100,2020-11-05 20:30:00,CVGW
69.295,69.295,69.2,69.2,800,2020-11-05 20:40:00,CVGW
69.14,69.14,69.14,69.14,100,2020-11-05 20:45:00,CVGW
69.43,69.51,69.27,69.365,1600,2020-11-05 20:50:00,CVGW
69.43,69.51,69.35,69.35,3454,2020-11-05 20:55:00,CVGW
69.33,69.33,69.33,69.33,6474,2020-11-05 21:00:00,CVGW
69.0,69.0,68.9,69.0,3147,2020-11-06 14:30:00,CVGW
69.85,69.85,69.85,69.85,880,2020-11-06 14:40:00,CVGW
68.94,68.94,68.94,68.94,100,2020-11-06 15:05:00,CVGW
69.03,69.495,69.025,69.495,1200,2020-11-06 15:15:00,CVGW
69.12,69.79,69.07,69.79,504,2020-11-06 15:20:00,CVGW
69.515,69.515,69.285,69.285,400,2020-11-06 15:25:00,CVGW
69.5,69.5,69.46,69.46,200,2020-11-06 15:30:00,CVGW
69.02,69.02,69.02,69.02,100,2020-11-06 15:35:00,CVGW
69.08,69.08,68.87,68.87,200,2020-11-06 15:50:00,CVGW
69.085,69.085,68.88,69.08,300,2020-11-06 15:55:00,CVGW
68.5,68.5,68.5,68.5,100,2020-11-06 16:05:00,CVGW
68.55,68.72,68.52,68.72,300,2020-11-06 16:35:00,CVGW
68.2,68.2,68.2,68.2,100,2020-11-06 16:40:00,CVGW
68.26,68.26,68.26,68.26,100,2020-11-06 17:00:00,CVGW
68.57,68.75,68.52,68.52,1700,2020-11-06 17:05:00,CVGW
68.81,69.075,68.81,69.075,900,2020-11-06 17:30:00,CVGW
69.115,69.115,69.115,69.115,100,2020-11-06 17:35:00,CVGW
69.015,69.015,69.015,69.015,100,2020-11-06 17:40:00,CVGW
69.13,69.13,69.13,69.13,100,2020-11-06 17:45:00,CVGW
69.2,69.2,69.2,69.2,100,2020-11-06 17:50:00,CVGW
69.04,69.04,69.03,69.03,200,2020-11-06 18:00:00,CVGW
69.2,69.2,68.94,68.94,400,2020-11-06 18:10:00,CVGW
68.84,68.84,68.84,68.84,100,2020-11-06 18:20:00,CVGW
68.91,68.9622,68.75,68.75,460,2020-11-06 18:30:00,CVGW
68.8,68.865,68.8,68.865,200,2020-11-06 18:35:00,CVGW
68.96,68.96,68.905,68.905,200,2020-11-06 18:40:00,CVGW
69.01,69.01,68.99,68.99,200,2020-11-06 18:45:00,CVGW
68.91,68.91,68.91,68.91,100,2020-11-06 19:00:00,CVGW
68.92,68.92,68.8482,68.915,300,2020-11-06 19:15:00,CVGW
69.02,69.27,69.02,69.15,1400,2020-11-06 19:35:00,CVGW
69.015,69.015,69.015,69.015,100,2020-11-06 19:50:00,CVGW
68.73,68.73,68.685,68.685,200,2020-11-06 20:00:00,CVGW
68.7034,68.7034,68.7034,68.7034,550,2020-11-06 20:05:00,CVGW
68.985,69.005,68.985,69.005,456,2020-11-06 20:10:00,CVGW
69.09,69.09,68.97,68.97,312,2020-11-06 20:15:00,CVGW
68.94,69.09,68.94,68.96,1300,2020-11-06 20:30:00,CVGW
68.93,68.93,68.93,68.93,100,2020-11-06 20:35:00,CVGW
68.99,69.11,68.99,69.11,364,2020-11-06 20:45:00,CVGW
68.99,69.27,68.99,69.27,700,2020-11-06 20:50:00,CVGW
69.24,69.26,69.06,69.19,3067,2020-11-06 20:55:00,CVGW
68.99,68.99,68.99,68.99,15515,2020-11-06 21:00:00,CVGW
70.05,72.0,70.05,71.93,6774,2020-11-09 14:30:00,CVGW
72.21,72.97,72.21,72.545,900,2020-11-09 14:45:00,CVGW
72.93,72.93,72.535,72.625,300,2020-11-09 14:50:00,CVGW
72.28,72.37,72.14,72.14,400,2020-11-09 14:55:00,CVGW
72.15,73.18,72.15,73.18,1100,2020-11-09 15:00:00,CVGW
73.46,73.58,72.9,72.98,818,2020-11-09 15:05:00,CVGW
72.98,73.17,72.596,72.596,500,2020-11-09 15:10:00,CVGW
72.81,73.575,72.56,73.55,2118,2020-11-09 15:15:00,CVGW
73.17,73.485,73.17,73.46,900,2020-11-09 15:20:00,CVGW
73.155,73.48,72.85,72.85,4670,2020-11-09 15:25:00,CVGW
73.28,73.88,73.28,73.31,500,2020-11-09 15:30:00,CVGW
73.535,74.02,73.485,74.02,900,2020-11-09 15:35:00,CVGW
73.565,73.94,73.56,73.94,1200,2020-11-09 15:40:00,CVGW
73.8,73.8,73.8,73.8,100,2020-11-09 15:45:00,CVGW
73.72,73.99,73.72,73.75,515,2020-11-09 15:50:00,CVGW
74.03,74.55,73.97,74.38,1000,2020-11-09 15:55:00,CVGW
74.07,74.265,74.05,74.265,400,2020-11-09 16:00:00,CVGW
74.24,74.24,73.9889,74.05,600,2020-11-09 16:05:00,CVGW
74.0889,74.0889,73.32,73.76,1483,2020-11-09 16:10:00,CVGW
73.365,73.65,73.2,73.2,500,2020-11-09 16:15:00,CVGW
73.54,73.54,73.4275,73.54,500,2020-11-09 16:20:00,CVGW
73.39,73.64,73.39,73.64,200,2020-11-09 16:25:00,CVGW
73.64,73.64,73.56,73.56,224,2020-11-09 16:35:00,CVGW
73.55,73.85,73.35,73.54,500,2020-11-09 16:40:00,CVGW
73.54,73.55,73.54,73.55,300,2020-11-09 16:45:00,CVGW
73.68,73.7,73.3,73.3,600,2020-11-09 16:50:00,CVGW
73.485,73.68,73.28,73.485,700,2020-11-09 16:55:00,CVGW
73.69,73.69,73.54,73.54,200,2020-11-09 17:00:00,CVGW
73.45,73.52,73.245,73.36,1827,2020-11-09 17:05:00,CVGW
73.325,73.325,73.325,73.325,100,2020-11-09 17:10:00,CVGW
73.32,73.32,73.32,73.32,100,2020-11-09 17:15:00,CVGW
73.47,73.47,73.32,73.32,200,2020-11-09 17:20:00,CVGW
73.71,73.99,73.71,73.99,400,2020-11-09 17:25:00,CVGW
73.955,74.49,73.8141,74.42,700,2020-11-09 17:30:00,CVGW
74.33,74.37,73.99,73.99,560,2020-11-09 17:35:00,CVGW
73.74,73.74,73.74,73.74,300,2020-11-09 17:40:00,CVGW
73.96,73.96,73.895,73.95,1300,2020-11-09 17:45:00,CVGW
73.866,73.87,73.866,73.87,200,2020-11-09 17:55:00,CVGW
73.87,73.87,73.87,73.87,100,2020-11-09 18:00:00,CVGW
73.97,74.5,73.875,74.5,1240,2020-11-09 18:05:00,CVGW
74.25,74.25,74.24,74.24,200,2020-11-09 18:10:00,CVGW
74.56,74.56,74.3,74.3,500,2020-11-09 18:20:00,CVGW
74.55,74.59,74.54,74.55,500,2020-11-09 18:25:00,CVGW
74.515,74.81,74.515,74.58,800,2020-11-09 18:30:00,CVGW
74.88,74.88,74.72,74.77,400,2020-11-09 18:35:00,CVGW
74.54,74.545,74.295,74.45,1228,2020-11-09 18:40:00,CVGW
74.21,74.65,74.21,74.65,1400,2020-11-09 18:45:00,CVGW
74.68,74.73,74.63,74.65,500,2020-11-09 18:50:00,CVGW
74.74,74.74,74.585,74.585,200,2020-11-09 18:55:00,CVGW
74.65,74.65,74.38,74.38,300,2020-11-09 19:00:00,CVGW
74.21,74.52,74.21,74.52,400,2020-11-09 19:05:00,CVGW
74.52,74.52,73.83,74.115,500,2020-11-09 19:10:00,CVGW
73.83,74.11,73.83,73.895,400,2020-11-09 19:15:00,CVGW
73.78,73.85,73.75,73.75,600,2020-11-09 19:20:00,CVGW
73.74,73.74,73.74,73.74,100,2020-11-09 19:25:00,CVGW
73.715,73.85,73.715,73.85,200,2020-11-09 19:30:00,CVGW
73.83,73.83,73.72,73.72,300,2020-11-09 19:35:00,CVGW
73.85,73.85,73.85,73.85,100,2020-11-09 19:45:00,CVGW
73.73,73.85,73.59,73.59,500,2020-11-09 19:50:00,CVGW
73.84,73.84,73.62,73.72,400,2020-11-09 19:55:00,CVGW
73.72,73.84,73.55,73.55,850,2020-11-09 20:00:00,CVGW
73.49,73.72,73.49,73.72,2472,2020-11-09 20:05:00,CVGW
73.75,73.75,73.62,73.74,1609,2020-11-09 20:10:00,CVGW
73.81,74.03,73.81,74.03,700,2020-11-09 20:15:00,CVGW
73.67,73.675,73.645,73.675,300,2020-11-09 20:20:00,CVGW
73.64,73.7,73.3901,73.7,2230,2020-11-09 20:25:00,CVGW
73.68,73.95,73.63,73.72,900,2020-11-09 20:30:00,CVGW
73.78,73.78,73.62,73.62,600,2020-11-09 20:35:00,CVGW
73.68,73.85,73.6025,73.85,4069,2020-11-09 20:40:00,CVGW
73.785,73.785,73.58,73.6013,2400,2020-11-09 20:45:00,CVGW
73.57,73.62,73.42,73.445,6249,2020-11-09 20:50:00,CVGW
73.47,73.58,73.03,73.04,8485,2020-11-09 20:55:00,CVGW
73.04,73.04,73.04,73.04,11977,2020-11-09 21:00:00,CVGW
73.69,73.69,73.69,73.69,456,2020-11-10 14:30:00,CVGW
73.78,73.78,73.73,73.73,200,2020-11-10 14:50:00,CVGW
73.76,74.3,73.76,73.85,900,2020-11-10 14:55:00,CVGW
74.2708,74.2708,74.2708,74.2708,206,2020-11-10 15:00:00,CVGW
74.13,74.13,74.13,74.13,100,2020-11-10 15:05:00,CVGW
74.035,74.035,73.84,73.85,700,2020-11-10 15:15:00,CVGW
73.58,73.58,73.41,73.41,200,2020-11-10 15:20:00,CVGW
73.57,73.85,73.57,73.635,1600,2020-11-10 15:25:00,CVGW
73.81,73.81,73.595,73.68,400,2020-11-10 15:30:00,CVGW
73.764,73.764,73.764,73.764,293,2020-11-10 15:35:00,CVGW
73.58,73.58,73.58,73.58,100,2020-11-10 15:40:00,CVGW
73.575,73.575,73.575,73.575,200,2020-11-10 15:45:00,CVGW
73.565,73.565,73.3,73.31,675,2020-11-10 15:50:00,CVGW
73.255,73.43,73.255,73.43,200,2020-11-10 15:55:00,CVGW
73.44,73.67,73.44,73.67,1000,2020-11-10 16:00:00,CVGW
73.75,73.985,73.75,73.83,429,2020-11-10 16:05:00,CVGW
73.99,74.08,73.99,74.08,200,2020-11-10 16:10:00,CVGW
74.07,74.17,74.07,74.08,596,2020-11-10 16:15:00,CVGW
74.04,74.12,74.01,74.01,500,2020-11-10 16:20:00,CVGW
74.15,74.15,74.15,74.15,100,2020-11-10 16:25:00,CVGW
74.32,74.43,74.32,74.43,600,2020-11-10 16:30:00,CVGW
74.38,74.38,73.98,73.98,1300,2020-11-10 16:35:00,CVGW
74.05,74.34,73.915,74.34,800,2020-11-10 16:50:00,CVGW
74.38,74.54,74.38,74.54,500,2020-11-10 17:00:00,CVGW
74.71,74.71,74.71,74.71,100,2020-11-10 17:05:00,CVGW
74.88,74.9,74.75,74.8,600,2020-11-10 17:10:00,CVGW
74.64,75.0,74.64,75.0,1455,2020-11-10 17:25:00,CVGW
74.78,74.87,74.655,74.675,800,2020-11-10 17:30:00,CVGW
74.73,74.73,74.73,74.73,100,2020-11-10 17:35:00,CVGW
74.84,75.0,74.84,75.0,1000,2020-11-10 17:40:00,CVGW
75.0,75.15,75.0,75.15,500,2020-11-10 17:45:00,CVGW
74.98,74.98,74.88,74.88,200,2020-11-10 17:50:00,CVGW
74.865,74.865,74.81,74.81,400,2020-11-10 18:00:00,CVGW
74.86,74.86,74.475,74.475,600,2020-11-10 18:10:00,CVGW
74.6,74.645,74.6,74.645,218,2020-11-10 18:15:00,CVGW
74.56,74.67,74.56,74.67,200,2020-11-10 18:20:00,CVGW
74.49,74.49,74.49,74.49,100,2020-11-10 18:25:00,CVGW
74.15,74.15,74.15,74.15,100,2020-11-10 18:30:00,CVGW
74.15,74.38,73.99,74.23,2178,2020-11-10 18:35:00,CVGW
74.41,74.54,74.3396,74.54,950,2020-11-10 18:45:00,CVGW
74.54,74.885,74.54,74.885,1374,2020-11-10 18:55:00,CVGW
75.01,75.01,75.01,75.01,200,2020-11-10 19:00:00,CVGW
74.78,74.88,74.77,74.88,538,2020-11-10 19:05:00,CVGW
74.81,74.81,74.81,74.81,147,2020-11-10 19:10:00,CVGW
74.97,75.16,74.97,75.16,891,2020-11-10 19:20:00,CVGW
75.14,75.14,74.69,74.69,1204,2020-11-10 19:25:00,CVGW
75.0,75.16,74.98,75.16,800,2020-11-10 19:35:00,CVGW
75.07,75.15,75.02,75.09,900,2020-11-10 19:40:00,CVGW
75.16,75.23,75.16,75.23,300,2020-11-10 19:50:00,CVGW
75.23,75.28,75.23,75.28,300,2020-11-10 19:55:00,CVGW
75.13,75.32,75.13,75.32,200,2020-11-10 20:00:00,CVGW
75.07,75.15,75.07,75.15,200,2020-11-10 20:05:00,CVGW
74.97,74.97,74.97,74.97,100,2020-11-10 20:10:00,CVGW
74.665,74.94,74.665,74.73,300,2020-11-10 20:15:00,CVGW
74.97,74.97,74.91,74.91,300,2020-11-10 20:20:00,CVGW
74.87,74.98,74.87,74.98,200,2020-11-10 20:25:00,CVGW
74.75,74.82,74.52,74.52,400,2020-11-10 20:35:00,CVGW
74.35,74.52,74.35,74.44,400,2020-11-10 20:40:00,CVGW
74.43,74.59,74.35,74.475,1100,2020-11-10 20:45:00,CVGW
74.45,74.45,74.21,74.31,1660,2020-11-10 20:50:00,CVGW
74.37,74.68,74.36,74.68,5268,2020-11-10 20:55:00,CVGW
74.53,74.53,74.53,74.53,18230,2020-11-10 21:00:00,CVGW
74.76,74.76,74.76,74.76,810,2020-11-11 14:30:00,CVGW
74.45,74.45,74.45,74.45,100,2020-11-11 14:35:00,CVGW
74.19,74.19,74.19,74.19,100,2020-11-11 14:45:00,CVGW
74.0,74.0,73.495,73.495,600,2020-11-11 14:50:00,CVGW
74.0,74.0,73.3,73.3,600,2020-11-11 14:55:00,CVGW
72.695,72.695,72.695,72.695,100,2020-11-11 15:00:00,CVGW
72.895,72.895,72.07,72.21,300,2020-11-11 15:05:00,CVGW
72.26,72.26,72.26,72.26,100,2020-11-11 15:10:00,CVGW
72.585,72.585,72.585,72.585,100,2020-11-11 15:15:00,CVGW
72.29,72.435,72.2,72.435,1299,2020-11-11 15:20:00,CVGW
72.21,72.21,71.98,71.98,300,2020-11-11 15:25:00,CVGW
72.41,72.41,72.29,72.29,410,2020-11-11 15:30:00,CVGW
72.3,72.31,72.29,72.31,300,2020-11-11 15:35:00,CVGW
72.415,72.79,72.335,72.715,1200,2020-11-11 15:40:00,CVGW
72.8759,72.8759,72.8759,72.8759,100,2020-11-11 15:45:00,CVGW
72.695,73.0715,72.695,73.0175,500,2020-11-11 15:50:00,CVGW
73.37,73.37,73.37,73.37,100,2020-11-11 16:00:00,CVGW
73.365,73.365,73.365,73.365,100,2020-11-11 16:05:00,CVGW
73.32,73.32,73.03,73.03,307,2020-11-11 16:25:00,CVGW
73.03,73.05,72.83,72.945,600,2020-11-11 16:30:00,CVGW
73.32,73.32,72.96,72.96,200,2020-11-11 16:35:00,CVGW
72.775,72.775,72.775,72.775,100,2020-11-11 16:40:00,CVGW
73.04,73.04,73.04,73.04,200,2020-11-11 16:45:00,CVGW
73.05,73.05,73.05,73.05,100,2020-11-11 16:50:00,CVGW
73.26,73.26,73.08,73.08,500,2020-11-11 16:55:00,CVGW
73.05,73.2,73.05,73.2,200,2020-11-11 17:00:00,CVGW
73.3,73.36,73.3,73.36,1000,2020-11-11 17:05:00,CVGW
73.5,73.5,73.5,73.5,100,2020-11-11 17:10:00,CVGW
73.61,73.61,73.39,73.39,200,2020-11-11 17:20:00,CVGW
73.179,73.345,73.179,73.345,237,2020-11-11 17:40:00,CVGW
73.09,73.09,73.09,73.09,100,2020-11-11 17:45:00,CVGW
73.31,73.31,73.31,73.31,100,2020-11-11 17:50:00,CVGW
73.51,73.51,73.51,73.51,100,2020-11-11 17:55:00,CVGW
73.11,73.51,73.11,73.195,512,2020-11-11 18:00:00,CVGW
73.335,73.335,73.335,73.335,100,2020-11-11 18:10:00,CVGW
73.2,73.54,73.2,73.54,200,2020-11-11 18:15:00,CVGW
73.41,73.41,73.41,73.41,100,2020-11-11 18:40:00,CVGW
73.585,73.585,73.445,73.445,200,2020-11-11 18:45:00,CVGW
73.4,73.58,73.4,73.58,300,2020-11-11 18:55:00,CVGW
73.58,73.58,73.58,73.58,100,2020-11-11 19:10:00,CVGW
73.72,73.72,73.72,73.72,200,2020-11-11 19:15:00,CVGW
73.42,73.42,73.42,73.42,100,2020-11-11 19:20:00,CVGW
73.7,73.73,73.59,73.73,500,2020-11-11 19:25:00,CVGW
73.73,73.88,73.69,73.88,300,2020-11-11 19:30:00,CVGW
73.765,73.765,73.64,73.64,300,2020-11-11 19:40:00,CVGW
73.76,73.78,73.56,73.66,960,2020-11-11 19:45:00,CVGW
73.465,73.66,73.46,73.65,400,2020-11-11 19:55:00,CVGW
73.47,73.47,73.45,73.45,200,2020-11-11 20:00:00,CVGW
73.48,73.5,73.48,73.5,200,2020-11-11 20:05:00,CVGW
73.44,73.44,73.44,73.44,100,2020-11-11 20:10:00,CVGW
73.49,73.49,73.42,73.42,300,2020-11-11 20:15:00,CVGW
73.45,73.47,73.31,73.31,600,2020-11-11 20:20:00,CVGW
73.37,73.37,73.37,73.37,100,2020-11-11 20:25:00,CVGW
73.32,73.35,73.32,73.35,200,2020-11-11 20:30:00,CVGW
73.305,73.305,73.23,73.23,200,2020-11-11 20:35:00,CVGW
73.23,73.4,73.23,73.25,1500,2020-11-11 20:40:00,CVGW
73.37,73.55,73.24,73.49,2580,2020-11-11 20:45:00,CVGW
73.24,73.46,73.23,73.36,1916,2020-11-11 20:50:00,CVGW
73.36,73.58,73.27,73.58,4509,2020-11-11 20:55:00,CVGW
73.43,73.43,73.43,73.43,12194,2020-11-11 21:00:00,CVGW
72.11,72.11,71.14,71.14,1289,2020-11-12 14:30:00,CVGW
71.23,71.23,70.605,70.605,300,2020-11-12 14:45:00,CVGW
71.345,71.345,71.2064,71.2064,300,2020-11-12 14:55:00,CVGW
70.99,70.99,70.99,70.99,100,2020-11-12 15:15:00,CVGW
71.1,71.1,71.1,71.1,100,2020-11-12 15:30:00,CVGW
71.585,71.585,71.11,71.11,243,2020-11-12 15:35:00,CVGW
71.235,71.235,71.235,71.235,100,2020-11-12 15:45:00,CVGW
71.23,71.58,70.99,71.16,1600,2020-11-12 15:50:00,CVGW
71.15,71.27,71.15,71.27,200,2020-11-12 16:00:00,CVGW
71.145,71.19,71.145,71.16,311,2020-11-12 16:05:00,CVGW
71.41,71.662,71.41,71.662,273,2020-11-12 16:10:00,CVGW
71.35,71.35,71.34,71.34,300,2020-11-12 16:15:00,CVGW
71.6,71.6,71.6,71.6,100,2020-11-12 16:30:00,CVGW
71.25,71.25,71.23,71.23,300,2020-11-12 16:35:00,CVGW
71.07,71.07,71.07,71.07,100,2020-11-12 16:40:00,CVGW
71.14,71.14,71.13,71.13,200,2020-11-12 16:45:00,CVGW
71.075,71.075,71.075,71.075,100,2020-11-12 17:00:00,CVGW
71.105,71.105,71.105,71.105,100,2020-11-12 17:05:00,CVGW
70.92,70.92,70.92,70.92,100,2020-11-12 17:10:00,CVGW
71.095,71.095,70.92,70.92,200,2020-11-12 17:15:00,CVGW
71.28,71.28,71.25,71.25,700,2020-11-12 17:25:00,CVGW
71.23,71.23,71.23,71.23,200,2020-11-12 17:30:00,CVGW
71.24,71.24,70.79,70.79,959,2020-11-12 17:40:00,CVGW
70.74,70.84,70.54,70.84,800,2020-11-12 17:50:00,CVGW
70.77,70.77,70.74,70.745,400,2020-11-12 18:05:00,CVGW
70.585,70.585,70.55,70.55,300,2020-11-12 18:10:00,CVGW
70.5,70.5,70.06,70.06,400,2020-11-12 18:15:00,CVGW
70.12,70.61,70.12,70.395,900,2020-11-12 18:20:00,CVGW
70.26,70.26,70.26,70.26,100,2020-11-12 18:25:00,CVGW
70.56,70.68,70.44,70.68,739,2020-11-12 18:35:00,CVGW
70.605,70.605,70.605,70.605,100,2020-11-12 18:40:00,CVGW
70.89,70.89,70.6,70.6,900,2020-11-12 19:10:00,CVGW
70.22,70.8126,70.22,70.8126,1150,2020-11-12 19:20:00,CVGW
70.28,70.28,70.26,70.26,200,2020-11-12 19:25:00,CVGW
70.42,70.42,70.25,70.25,300,2020-11-12 19:30:00,CVGW
70.37,70.46,70.37,70.46,200,2020-11-12 19:35:00,CVGW
70.38,70.38,70.36,70.36,300,2020-11-12 19:40:00,CVGW
70.37,70.48,70.37,70.48,500,2020-11-12 19:50:00,CVGW
70.55,70.56,70.38,70.38,300,2020-11-12 19:55:00,CVGW
70.48,70.48,70.38,70.38,200,2020-11-12 20:00:00,CVGW
70.4,70.4,70.38,70.38,686,2020-11-12 20:05:00,CVGW
70.38,70.38,70.38,70.38,100,2020-11-12 20:15:00,CVGW
70.48,70.48,70.39,70.39,300,2020-11-12 20:20:00,CVGW
70.56,70.56,70.44,70.45,600,2020-11-12 20:25:00,CVGW
70.34,70.34,70.33,70.33,200,2020-11-12 20:30:00,CVGW
70.32,70.49,70.29,70.29,1740,2020-11-12 20:35:00,CVGW
70.42,70.42,70.365,70.365,300,2020-11-12 20:40:00,CVGW
70.29,70.355,70.29,70.355,500,2020-11-12 20:45:00,CVGW
70.41,70.84,70.41,70.72,999,2020-11-12 20:50:00,CVGW
70.74,70.88,70.64,70.72,6127,2020-11-12 20:55:00,CVGW
70.83,70.83,70.83,70.83,17280,2020-11-12 21:00:00,CVGW
71.47,71.47,71.47,71.47,1208,2020-11-13 14:30:00,CVGW
71.2428,71.2428,70.98,70.98,200,2020-11-13 14:45:00,CVGW
71.215,71.215,71.215,71.215,100,2020-11-13 14:50:00,CVGW
71.1441,71.215,71.1441,71.215,1100,2020-11-13 14:55:00,CVGW
70.77,71.39,70.77,71.39,200,2020-11-13 15:05:00,CVGW
70.8,70.8,70.8,70.8,100,2020-11-13 15:10:00,CVGW
70.81,70.81,70.34,70.34,500,2020-11-13 15:15:00,CVGW
70.25,70.25,70.24,70.24,300,2020-11-13 15:20:00,CVGW
70.5831,70.5831,70.24,70.24,324,2020-11-13 15:25:00,CVGW
70.055,70.055,70.055,70.055,100,2020-11-13 15:30:00,CVGW
70.21,70.21,70.21,70.21,400,2020-11-13 15:35:00,CVGW
70.09,70.09,70.09,70.09,100,2020-11-13 15:45:00,CVGW
69.685,70.45,69.685,70.45,827,2020-11-13 15:50:00,CVGW
70.03,70.03,69.94,69.955,354,2020-11-13 16:15:00,CVGW
69.85,69.85,69.85,69.85,100,2020-11-13 16:20:00,CVGW
69.72,69.92,69.72,69.92,300,2020-11-13 16:30:00,CVGW
70.07,70.11,70.07,70.11,989,2020-11-13 16:35:00,CVGW
70.4,70.4,70.4,70.4,100,2020-11-13 16:40:00,CVGW
70.17,70.18,70.17,70.18,200,2020-11-13 16:50:00,CVGW
70.395,70.395,70.395,70.395,100,2020-11-13 17:00:00,CVGW
70.4,70.4,70.4,70.4,303,2020-11-13 17:05:00,CVGW
70.55,70.56,70.55,70.56,200,2020-11-13 17:10:00,CVGW
70.34,70.69,70.34,70.69,200,2020-11-13 17:20:00,CVGW
70.595,70.595,70.595,70.595,100,2020-11-13 17:25:00,CVGW
70.35,70.35,70.35,70.35,100,2020-11-13 17:30:00,CVGW
70.74,70.74,70.74,70.74,100,2020-11-13 17:50:00,CVGW
70.65,70.65,70.65,70.65,100,2020-11-13 17:55:00,CVGW
70.6,70.6,70.6,70.6,100,2020-11-13 18:10:00,CVGW
70.56,70.56,70.43,70.43,600,2020-11-13 18:15:00,CVGW
70.2847,70.2847,70.2847,70.2847,200,2020-11-13 18:20:00,CVGW
70.1446,70.15,70.1446,70.15,200,2020-11-13 18:25:00,CVGW
70.17,70.17,70.17,70.17,100,2020-11-13 18:30:00,CVGW
70.175,70.29,70.165,70.165,342,2020-11-13 18:35:00,CVGW
70.125,70.49,70.125,70.49,617,2020-11-13 18:40:00,CVGW
70.09,70.36,70.09,70.36,200,2020-11-13 18:50:00,CVGW
70.49,70.637,70.49,70.637,700,2020-11-13 19:00:00,CVGW
70.77,70.77,70.77,70.77,100,2020-11-13 19:10:00,CVGW
71.11,71.11,71.11,71.11,3000,2020-11-13 19:20:00,CVGW
71.08,71.11,71.08,71.11,300,2020-11-13 19:25:00,CVGW
71.33,71.42,71.33,71.42,200,2020-11-13 19:35:00,CVGW
71.45,71.45,71.45,71.45,100,2020-11-13 19:40:00,CVGW
71.36,71.48,71.36,71.48,200,2020-11-13 19:55:00,CVGW
71.36,71.58,71.36,71.58,800,2020-11-13 20:10:00,CVGW
71.77,71.77,71.77,71.77,100,2020-11-13 20:15:00,CVGW
71.71,71.79,71.64,71.64,600,2020-11-13 20:20:00,CVGW
71.79,71.79,71.79,71.79,100,2020-11-13 20:25:00,CVGW
71.785,71.785,71.785,71.785,100,2020-11-13 20:30:00,CVGW
72.06,72.06,71.8645,72.01,700,2020-11-13 20:35:00,CVGW
72.05,72.11,71.83,71.97,3394,2020-11-13 20:40:00,CVGW
71.93,72.02,71.86,72.02,1351,2020-11-13 20:45:00,CVGW
71.94,71.94,71.61,71.72,1000,2020-11-13 20:50:00,CVGW
71.77,71.77,71.57,71.6,3787,2020-11-13 20:55:00,CVGW
71.56,71.56,71.56,71.56,10730,2020-11-13 21:00:00,CVGW
72.98,72.98,72.98,72.98,900,2020-11-16 14:30:00,CVGW
72.03,72.03,72.03,72.03,100,2020-11-16 14:40:00,CVGW
71.8,72.0137,71.8,72.0137,200,2020-11-16 14:45:00,CVGW
72.5323,72.5756,71.74,72.5,2500,2020-11-16 14:50:00,CVGW
72.49,72.99,72.49,72.99,1400,2020-11-16 14:55:00,CVGW
73.68,73.68,73.4,73.4,500,2020-11-16 15:05:00,CVGW
73.14,73.18,72.81,72.81,875,2020-11-16 15:10:00,CVGW
73.142,73.142,73.142,73.142,150,2020-11-16 15:15:00,CVGW
72.7,72.7,72.626,72.626,400,2020-11-16 15:20:00,CVGW
72.845,73.04,72.845,73.04,200,2020-11-16 15:25:00,CVGW
72.84,72.895,72.84,72.85,300,2020-11-16 15:30:00,CVGW
72.82,73.33,72.82,73.33,600,2020-11-16 15:35:00,CVGW
73.32,73.35,73.32,73.35,200,2020-11-16 15:40:00,CVGW
73.3922,73.3922,73.3922,73.3922,109,2020-11-16 15:45:00,CVGW
73.36,73.59,73.36,73.59,400,2020-11-16 15:50:00,CVGW
73.56,73.56,73.235,73.235,500,2020-11-16 15:55:00,CVGW
73.07,73.28,73.07,73.28,200,2020-11-16 16:00:00,CVGW
73.375,73.375,73.13,73.13,200,2020-11-16 16:10:00,CVGW
73.22,73.22,73.22,73.22,100,2020-11-16 16:15:00,CVGW
73.1,73.1,73.1,73.1,100,2020-11-16 16:20:00,CVGW
73.2,73.305,73.2,73.305,200,2020-11-16 16:25:00,CVGW
73.02,73.02,72.68,72.68,607,2020-11-16 16:30:00,CVGW
72.68,72.68,72.51,72.51,200,2020-11-16 16:35:00,CVGW
72.8,73.03,72.655,73.03,800,2020-11-16 16:40:00,CVGW
72.91,73.04,72.91,73.04,200,2020-11-16 16:45:00,CVGW
72.91,72.96,72.91,72.95,344,2020-11-16 16:55:00,CVGW
73.12,73.12,72.935,73.11,300,2020-11-16 17:05:00,CVGW
72.945,72.945,72.945,72.945,100,2020-11-16 17:15:00,CVGW
72.82,72.82,72.82,72.82,100,2020-11-16 17:20:00,CVGW
72.96,72.96,72.77,72.8,800,2020-11-16 17:25:00,CVGW
72.715,72.72,72.61,72.705,400,2020-11-16 17:30:00,CVGW
72.62,72.67,72.62,72.67,800,2020-11-16 17:35:00,CVGW
72.58,72.73,72.58,72.58,300,2020-11-16 17:45:00,CVGW
72.59,72.59,72.59,72.59,100,2020-11-16 17:50:00,CVGW
72.5,72.5025,72.5,72.5025,517,2020-11-16 17:55:00,CVGW
72.42,72.42,72.41,72.42,400,2020-11-16 18:00:00,CVGW
72.5,72.57,72.38,72.38,400,2020-11-16 18:05:00,CVGW
72.465,72.465,72.455,72.455,300,2020-11-16 18:10:00,CVGW
72.31,72.55,72.195,72.55,1400,2020-11-16 18:15:00,CVGW
72.33,72.33,72.33,72.33,100,2020-11-16 18:20:00,CVGW
72.17,72.17,72.17,72.17,100,2020-11-16 18:30:00,CVGW
72.27,72.27,72.17,72.17,200,2020-11-16 18:35:00,CVGW
72.1953,72.27,71.97,72.08,1807,2020-11-16 18:40:00,CVGW
71.76,71.97,71.76,71.97,200,2020-11-16 18:45:00,CVGW
71.83,71.99,71.61,71.61,1184,2020-11-16 18:50:00,CVGW
71.75,71.89,71.75,71.825,1185,2020-11-16 18:55:00,CVGW
71.905,71.975,71.905,71.975,200,2020-11-16 19:00:00,CVGW
71.97,71.97,71.97,71.97,100,2020-11-16 19:05:00,CVGW
71.85,72.03,71.85,72.03,599,2020-11-16 19:10:00,CVGW
71.87,71.88,71.87,71.88,200,2020-11-16 19:15:00,CVGW
71.91,71.975,71.91,71.975,200,2020-11-16 19:20:00,CVGW
71.98,71.98,71.98,71.98,200,2020-11-16 19:25:00,CVGW
72.09,72.38,72.09,72.375,1000,2020-11-16 19:30:00,CVGW
72.3,72.3,72.3,72.3,100,2020-11-16 19:35:00,CVGW
72.23,72.23,72.23,72.23,200,2020-11-16 19:45:00,CVGW
72.32,72.32,72.2,72.255,700,2020-11-16 19:50:00,CVGW
72.255,72.255,72.19,72.19,200,2020-11-16 20:00:00,CVGW
71.93,72.07,71.93,72.07,831,2020-11-16 20:05:00,CVGW
71.93,72.145,71.88,72.11,832,2020-11-16 20:15:00,CVGW
72.21,72.34,71.98,72.2,1800,2020-11-16 20:20:00,CVGW
72.195,72.335,72.195,72.335,200,2020-11-16 20:25:00,CVGW
72.12,72.53,72.06,72.3866,1302,2020-11-16 20:30:00,CVGW
72.495,72.495,72.2301,72.325,1600,2020-11-16 20:35:00,CVGW
72.42,72.42,72.2699,72.345,900,2020-11-16 20:40:00,CVGW
72.68,72.71,72.47,72.47,900,2020-11-16 20:45:00,CVGW
72.51,72.69,72.51,72.58,1673,2020-11-16 20:50:00,CVGW
72.59,72.76,72.54,72.76,3822,2020-11-16 20:55:00,CVGW
72.77,72.77,72.77,72.77,15431,2020-11-16 21:00:00,CVGW
72.27,72.27,72.27,72.27,495,2020-11-17 14:30:00,CVGW
71.595,72.38,71.52,71.52,435,2020-11-17 14:35:00,CVGW
71.59,72.35,71.59,72.35,200,2020-11-17 14:40:00,CVGW
71.59,71.59,71.59,71.59,100,2020-11-17 14:45:00,CVGW
71.96,71.96,71.52,71.52,200,2020-11-17 14:50:00,CVGW
71.6,71.6,71.6,71.6,100,2020-11-17 14:55:00,CVGW
71.93,71.93,71.93,71.93,100,2020-11-17 15:00:00,CVGW
71.19,71.77,71.19,71.77,200,2020-11-17 15:15:00,CVGW
71.28,71.28,71.28,71.28,100,2020-11-17 15:25:00,CVGW
71.2,71.2,71.2,71.2,100,2020-11-17 15:35:00,CVGW
71.51,71.51,71.33,71.33,200,2020-11-17 15:40:00,CVGW
71.465,71.465,71.465,71.465,100,2020-11-17 15:45:00,CVGW
71.385,71.6,71.22,71.6,300,2020-11-17 15:50:00,CVGW
71.33,71.68,71.33,71.6,300,2020-11-17 16:00:00,CVGW
71.78,71.78,71.665,71.665,293,2020-11-17 16:05:00,CVGW
72.06,72.07,72.06,72.07,720,2020-11-17 16:10:00,CVGW
72.18,72.18,72.16,72.17,400,2020-11-17 16:15:00,CVGW
72.97,72.97,72.97,72.97,100,2020-11-17 16:20:00,CVGW
73.035,73.06,72.725,73.06,500,2020-11-17 16:25:00,CVGW
73.01,73.01,73.01,73.01,100,2020-11-17 16:30:00,CVGW
73.05,73.05,72.46,72.46,200,2020-11-17 16:40:00,CVGW
72.77,72.77,72.77,72.77,100,2020-11-17 16:50:00,CVGW
73.05,73.11,73.05,73.11,241,2020-11-17 16:55:00,CVGW
73.1,73.27,73.09,73.27,899,2020-11-17 17:05:00,CVGW
72.93,72.93,72.93,72.93,200,2020-11-17 17:15:00,CVGW
72.91,73.21,72.91,72.98,1345,2020-11-17 17:20:00,CVGW
73.17,73.17,73.17,73.17,100,2020-11-17 17:30:00,CVGW
73.38,73.4,73.15,73.18,2556,2020-11-17 17:40:00,CVGW
73.175,73.4,73.175,73.175,1000,2020-11-17 17:45:00,CVGW
73.05,73.18,73.05,73.18,300,2020-11-17 17:50:00,CVGW
73.18,73.18,73.18,73.18,100,2020-11-17 17:55:00,CVGW
73.175,73.305,73.01,73.305,500,2020-11-17 18:00:00,CVGW
73.18,73.18,73.18,73.18,200,2020-11-17 18:05:00,CVGW
73.21,73.21,73.21,73.21,200,2020-11-17 18:15:00,CVGW
73.345,73.345,73.345,73.345,100,2020-11-17 18:25:00,CVGW
73.36,73.36,73.36,73.36,100,2020-11-17 18:30:00,CVGW
73.37,73.37,73.24,73.37,300,2020-11-17 18:35:00,CVGW
73.41,73.43,73.41,73.43,200,2020-11-17 18:40:00,CVGW
73.42,73.4292,73.4125,73.4125,300,2020-11-17 18:45:00,CVGW
73.45,73.48,73.24,73.37,700,2020-11-17 18:55:00,CVGW
73.43,73.465,73.37,73.465,900,2020-11-17 19:00:00,CVGW
73.51,73.51,73.51,73.51,200,2020-11-17 19:05:00,CVGW
73.72,73.93,73.72,73.725,500,2020-11-17 19:15:00,CVGW
73.76,73.94,73.76,73.775,300,2020-11-17 19:20:00,CVGW
73.71,73.71,73.68,73.68,300,2020-11-17 19:25:00,CVGW
73.76,73.78,73.76,73.78,200,2020-11-17 19:30:00,CVGW
73.81,73.81,73.81,73.81,200,2020-11-17 19:35:00,CVGW
73.92,73.95,73.92,73.95,200,2020-11-17 19:40:00,CVGW
73.96,73.96,73.96,73.96,100,2020-11-17 19:45:00,CVGW
73.75,73.8,73.61,73.8,701,2020-11-17 19:50:00,CVGW
73.76,73.76,73.6,73.655,800,2020-11-17 20:00:00,CVGW
73.19,73.19,73.19,73.19,100,2020-11-17 20:10:00,CVGW
73.42,73.42,73.42,73.42,100,2020-11-17 20:15:00,CVGW
73.385,73.385,73.17,73.17,900,2020-11-17 20:20:00,CVGW
73.12,73.2,73.12,73.19,400,2020-11-17 20:25:00,CVGW
73.19,73.39,73.19,73.39,500,2020-11-17 20:30:00,CVGW
73.35,73.36,73.14,73.32,600,2020-11-17 20:35:00,CVGW
73.45,73.45,73.45,73.45,100,2020-11-17 20:40:00,CVGW
73.44,73.44,73.26,73.355,400,2020-11-17 20:45:00,CVGW
73.31,73.36,73.1,73.36,1857,2020-11-17 20:50:00,CVGW
73.33,73.52,73.15,73.51,3788,2020-11-17 20:55:00,CVGW
73.25,73.25,73.25,73.25,12819,2020-11-17 21:00:00,CVGW
73.74,73.84,73.74,73.84,493,2020-11-18 14:30:00,CVGW
73.43,73.43,73.43,73.43,100,2020-11-18 14:50:00,CVGW
73.36,73.36,72.9531,72.9531,350,2020-11-18 14:55:00,CVGW
72.94,72.94,72.94,72.94,100,2020-11-18 15:05:00,CVGW
72.93,72.93,72.89,72.89,200,2020-11-18 15:15:00,CVGW
72.7,72.7,72.7,72.7,100,2020-11-18 15:25:00,CVGW
72.42,72.42,72.42,72.42,100,2020-11-18 15:40:00,CVGW
72.42,72.42,72.42,72.42,100,2020-11-18 15:50:00,CVGW
72.41,72.72,72.41,72.645,408,2020-11-18 16:00:00,CVGW
72.4,72.505,71.71,71.71,1500,2020-11-18 16:05:00,CVGW
71.68,71.68,71.68,71.68,100,2020-11-18 16:10:00,CVGW
71.71,72.0,71.71,71.74,300,2020-11-18 16:20:00,CVGW
71.945,71.945,71.73,71.73,200,2020-11-18 16:30:00,CVGW
72.0,72.34,72.0,72.34,1505,2020-11-18 16:35:00,CVGW
72.33,72.33,72.33,72.33,100,2020-11-18 16:40:00,CVGW
72.82,72.82,72.28,72.28,200,2020-11-18 16:45:00,CVGW
72.34,72.52,72.34,72.46,300,2020-11-18 17:05:00,CVGW
72.43,72.43,72.43,72.43,100,2020-11-18 17:15:00,CVGW
72.43,72.43,72.43,72.43,100,2020-11-18 17:20:00,CVGW
72.27,72.27,72.27,72.27,100,2020-11-18 17:25:00,CVGW
72.29,72.29,72.29,72.29,100,2020-11-18 17:30:00,CVGW
72.59,72.635,72.47,72.635,400,2020-11-18 17:35:00,CVGW
72.395,72.395,72.395,72.395,100,2020-11-18 17:40:00,CVGW
72.63,72.63,72.63,72.63,100,2020-11-18 17:45:00,CVGW
72.63,72.7177,72.63,72.7177,337,2020-11-18 17:50:00,CVGW
72.47,72.47,72.47,72.47,100,2020-11-18 17:55:00,CVGW
72.64,72.64,72.31,72.31,1300,2020-11-18 18:00:00,CVGW
72.33,72.33,72.33,72.33,100,2020-11-18 18:05:00,CVGW
72.26,72.39,72.26,72.39,200,2020-11-18 18:10:00,CVGW
72.27,72.2741,72.27,72.2741,300,2020-11-18 18:20:00,CVGW
72.23,72.23,72.23,72.23,100,2020-11-18 18:35:00,CVGW
72.2,72.3551,72.19,72.19,380,2020-11-18 18:40:00,CVGW
72.29,72.37,72.15,72.37,800,2020-11-18 19:00:00,CVGW
72.26,72.3,72.26,72.28,300,2020-11-18 19:15:00,CVGW
72.05,72.09,72.05,72.09,594,2020-11-18 19:20:00,CVGW
72.065,72.065,72.065,72.065,100,2020-11-18 19:25:00,CVGW
72.1,72.1,72.06,72.1,600,2020-11-18 19:35:00,CVGW
72.005,72.005,72.005,72.005,100,2020-11-18 19:40:00,CVGW
71.99,71.99,71.99,71.99,200,2020-11-18 19:45:00,CVGW
72.07,72.07,71.97,71.97,400,2020-11-18 19:50:00,CVGW
72.03,72.04,71.75,71.75,612,2020-11-18 19:55:00,CVGW
71.69,71.69,71.69,71.69,200,2020-11-18 20:00:00,CVGW
71.73,71.73,71.73,71.73,100,2020-11-18 20:05:00,CVGW
71.82,71.82,71.82,71.82,100,2020-11-18 20:10:00,CVGW
71.62,71.67,71.62,71.67,600,2020-11-18 20:20:00,CVGW
71.485,71.6325,71.485,71.6325,200,2020-11-18 20:30:00,CVGW
71.41,71.41,71.325,71.325,400,2020-11-18 20:35:00,CVGW
71.25,71.32,71.09,71.12,1300,2020-11-18 20:45:00,CVGW
71.04,71.04,70.75,70.75,3734,2020-11-18 20:50:00,CVGW
70.86,70.86,70.69,70.77,2959,2020-11-18 20:55:00,CVGW
70.77,70.77,70.77,70.77,12883,2020-11-18 21:00:00,CVGW
70.84,70.84,70.84,70.84,577,2020-11-19 14:30:00,CVGW
70.06,70.06,70.06,70.06,100,2020-11-19 14:40:00,CVGW
69.98,69.98,69.98,69.98,100,2020-11-19 14:45:00,CVGW
69.9,69.9,69.9,69.9,100,2020-11-19 14:50:00,CVGW
70.59,70.71,69.94,69.94,300,2020-11-19 14:55:00,CVGW
69.99,69.99,69.99,69.99,100,2020-11-19 15:00:00,CVGW
69.93,69.93,69.93,69.93,100,2020-11-19 15:05:00,CVGW
69.98,69.98,69.9,69.92,600,2020-11-19 15:10:00,CVGW
69.91,70.2,69.57,70.2,1000,2020-11-19 15:15:00,CVGW
69.69,69.69,69.69,69.69,100,2020-11-19 15:25:00,CVGW
69.95,69.95,69.9,69.93,300,2020-11-19 15:30:00,CVGW
70.02,70.02,69.93,69.93,200,2020-11-19 15:35:00,CVGW
70.15,70.18,70.15,70.18,500,2020-11-19 15:40:00,CVGW
70.28,70.28,70.28,70.28,100,2020-11-19 15:45:00,CVGW
70.21,70.21,70.21,70.21,100,2020-11-19 15:50:00,CVGW
70.62,70.67,70.62,70.67,200,2020-11-19 15:55:00,CVGW
70.69,70.69,70.69,70.69,100,2020-11-19 16:05:00,CVGW
70.38,70.38,70.38,70.38,100,2020-11-19 16:10:00,CVGW
70.45,70.45,70.45,70.45,100,2020-11-19 16:20:00,CVGW
70.6776,70.6776,70.6776,70.6776,223,2020-11-19 16:25:00,CVGW
70.62,70.62,70.57,70.57,200,2020-11-19 16:30:00,CVGW
70.48,70.48,70.48,70.48,100,2020-11-19 16:40:00,CVGW
70.68,70.68,70.68,70.68,100,2020-11-19 16:50:00,CVGW
70.785,70.785,70.785,70.785,100,2020-11-19 17:00:00,CVGW
70.69,70.71,70.69,70.71,200,2020-11-19 17:05:00,CVGW
70.88,71.0,70.88,71.0,200,2020-11-19 17:10:00,CVGW
70.76,70.76,70.76,70.76,100,2020-11-19 17:15:00,CVGW
70.85,70.85,70.83,70.83,1293,2020-11-19 17:45:00,CVGW
70.67,70.69,70.63,70.69,600,2020-11-19 17:50:00,CVGW
70.63,70.63,70.63,70.63,100,2020-11-19 17:55:00,CVGW
70.78,70.78,70.78,70.78,100,2020-11-19 18:00:00,CVGW
70.66,70.66,70.66,70.66,100,2020-11-19 18:10:00,CVGW
70.62,70.62,70.62,70.62,100,2020-11-19 18:15:00,CVGW
70.53,70.53,70.53,70.53,100,2020-11-19 18:20:00,CVGW
70.495,70.5,70.437,70.5,419,2020-11-19 18:40:00,CVGW
70.54,70.58,70.505,70.505,300,2020-11-19 18:45:00,CVGW
70.65,70.65,70.6,70.6,200,2020-11-19 19:00:00,CVGW
70.65,71.03,70.64,71.03,2600,2020-11-19 19:10:00,CVGW
71.01,71.01,70.84,70.84,200,2020-11-19 19:15:00,CVGW
70.89,70.89,70.89,70.89,100,2020-11-19 19:30:00,CVGW
71.08,71.1,71.0242,71.1,339,2020-11-19 19:35:00,CVGW
71.25,71.56,71.25,71.56,200,2020-11-19 19:40:00,CVGW
71.33,71.33,71.11,71.16,1600,2020-11-19 19:55:00,CVGW
70.89,70.89,70.85,70.85,300,2020-11-19 20:10:00,CVGW
70.65,70.65,70.65,70.65,100,2020-11-19 20:15:00,CVGW
70.96,71.05,70.96,71.05,900,2020-11-19 20:20:00,CVGW
71.25,71.25,71.19,71.19,400,2020-11-19 20:30:00,CVGW
71.34,71.34,71.31,71.32,300,2020-11-19 20:35:00,CVGW
71.27,71.34,71.27,71.34,500,2020-11-19 20:40:00,CVGW
71.47,71.47,71.47,71.47,100,2020-11-19 20:45:00,CVGW
71.43,71.43,71.41,71.41,200,2020-11-19 20:50:00,CVGW
71.39,71.51,71.24,71.51,2310,2020-11-19 20:55:00,CVGW
71.49,71.49,71.49,71.49,5687,2020-11-19 21:00:00,CVGW
70.89,70.89,70.89,70.89,100,2020-11-20 14:25:00,CVGW
70.73,70.73,70.73,70.73,4674,2020-11-20 14:30:00,CVGW
70.53,70.53,70.53,70.53,100,2020-11-20 14:40:00,CVGW
70.41,70.71,70.41,70.71,200,2020-11-20 14:45:00,CVGW
70.26,70.52,70.01,70.52,300,2020-11-20 15:00:00,CVGW
70.04,70.04,70.04,70.04,100,2020-11-20 15:05:00,CVGW
70.195,70.195,70.195,70.195,100,2020-11-20 15:10:00,CVGW
70.37,70.37,70.01,70.01,200,2020-11-20 15:15:00,CVGW
69.92,70.32,69.92,70.32,300,2020-11-20 15:20:00,CVGW
70.33,70.65,70.27,70.65,1599,2020-11-20 15:25:00,CVGW
70.3,70.3,70.3,70.3,100,2020-11-20 15:30:00,CVGW
70.58,70.58,70.58,70.58,100,2020-11-20 15:35:00,CVGW
70.26,70.28,70.26,70.27,400,2020-11-20 15:40:00,CVGW
69.75,69.75,69.75,69.75,100,2020-11-20 15:45:00,CVGW
69.44,69.44,69.44,69.44,100,2020-11-20 15:55:00,CVGW
69.78,69.82,69.62,69.62,800,2020-11-20 16:00:00,CVGW
69.9,69.91,69.88,69.88,1000,2020-11-20 16:10:00,CVGW
69.59,69.59,69.59,69.59,100,2020-11-20 16:15:00,CVGW
69.73,69.73,69.73,69.73,100,2020-11-20 16:25:00,CVGW
69.83,69.83,69.83,69.83,100,2020-11-20 16:30:00,CVGW
69.8,69.85,69.54,69.85,777,2020-11-20 16:35:00,CVGW
69.65,69.895,69.65,69.895,200,2020-11-20 16:40:00,CVGW
69.71,70.074,69.69,69.75,849,2020-11-20 16:55:00,CVGW
69.59,69.67,69.53,69.67,1095,2020-11-20 17:00:00,CVGW
69.75,69.985,69.75,69.985,300,2020-11-20 17:20:00,CVGW
70.14,70.14,69.89,69.89,200,2020-11-20 17:25:00,CVGW
69.59,69.59,69.59,69.59,100,2020-11-20 17:40:00,CVGW
69.53,69.53,69.53,69.53,100,2020-11-20 17:45:00,CVGW
69.63,69.63,69.63,69.63,576,2020-11-20 17:55:00,CVGW
69.695,69.695,69.695,69.695,100,2020-11-20 18:00:00,CVGW
69.41,69.41,69.41,69.41,100,2020-11-20 18:05:00,CVGW
69.29,69.29,69.29,69.29,100,2020-11-20 18:15:00,CVGW
69.355,69.355,69.355,69.355,150,2020-11-20 18:20:00,CVGW
69.3575,69.3575,69.3575,69.3575,100,2020-11-20 18:30:00,CVGW
69.47,69.58,69.4699,69.58,855,2020-11-20 18:35:00,CVGW
69.455,69.53,69.455,69.53,200,2020-11-20 18:40:00,CVGW
69.53,69.53,69.53,69.53,153,2020-11-20 18:45:00,CVGW
69.67,69.67,69.67,69.67,179,2020-11-20 19:00:00,CVGW
69.6,69.6,69.52,69.52,594,2020-11-20 19:05:00,CVGW
69.63,69.68,69.605,69.605,1000,2020-11-20 19:10:00,CVGW
69.68,69.68,69.48,69.52,1500,2020-11-20 19:15:00,CVGW
69.6,69.6,69.6,69.6,341,2020-11-20 19:25:00,CVGW
69.53,69.53,69.53,69.53,100,2020-11-20 19:30:00,CVGW
69.6,69.62,69.6,69.62,629,2020-11-20 19:35:00,CVGW
69.52,69.52,69.51,69.51,460,2020-11-20 19:40:00,CVGW
69.57,69.57,69.56,69.56,200,2020-11-20 19:50:00,CVGW
69.57,69.63,69.57,69.58,513,2020-11-20 19:55:00,CVGW
69.45,69.475,69.43,69.46,800,2020-11-20 20:05:00,CVGW
69.46,69.46,69.46,69.46,100,2020-11-20 20:15:00,CVGW
69.42,69.42,69.42,69.42,100,2020-11-20 20:20:00,CVGW
69.52,69.7,69.52,69.7,500,2020-11-20 20:25:00,CVGW
70.0282,70.08,70.0,70.08,2800,2020-11-20 20:30:00,CVGW
70.46,70.46,70.11,70.32,609,2020-11-20 20:35:00,CVGW
70.35,70.39,70.26,70.39,1700,2020-11-20 20:40:00,CVGW
70.36,70.66,70.36,70.66,500,2020-11-20 20:45:00,CVGW
70.66,70.66,70.12,70.3094,1039,2020-11-20 20:50:00,CVGW
69.97,70.28,69.97,70.07,2974,2020-11-20 20:55:00,CVGW
70.2,70.2,70.2,70.2,47116,2020-11-20 21:00:00,CVGW
70.83,70.83,70.83,70.83,580,2020-11-23 14:30:00,CVGW
70.25,70.25,70.25,70.25,100,2020-11-23 14:40:00,CVGW
70.11,70.11,70.11,70.11,100,2020-11-23 14:45:00,CVGW
70.06,70.06,70.06,70.06,100,2020-11-23 14:50:00,CVGW
70.03,70.03,69.9943,69.9943,300,2020-11-23 14:55:00,CVGW
70.06,70.06,70.06,70.06,100,2020-11-23 15:00:00,CVGW
70.09,70.1601,70.09,70.1601,200,2020-11-23 15:05:00,CVGW
70.84,71.01,70.62,70.94,883,2020-11-23 15:10:00,CVGW
70.89,70.89,70.68,70.68,200,2020-11-23 15:25:00,CVGW
70.78,71.04,70.78,71.04,321,2020-11-23 15:35:00,CVGW
71.485,71.74,71.29,71.74,900,2020-11-23 15:40:00,CVGW
71.53,71.655,71.53,71.655,200,2020-11-23 15:50:00,CVGW
72.02,72.19,71.91,72.015,1800,2020-11-23 15:55:00,CVGW
72.01,72.0862,72.01,72.0862,250,2020-11-23 16:00:00,CVGW
72.04,72.2,71.91,72.05,1012,2020-11-23 16:05:00,CVGW
72.05,72.2,72.045,72.045,900,2020-11-23 16:10:00,CVGW
71.99,72.2,71.99,72.2,200,2020-11-23 16:20:00,CVGW
72.285,72.59,72.16,72.59,500,2020-11-23 16:25:00,CVGW
72.53,72.535,72.37,72.535,416,2020-11-23 16:30:00,CVGW
72.34,72.34,72.34,72.34,300,2020-11-23 16:35:00,CVGW
72.39,72.39,72.39,72.39,100,2020-11-23 16:40:00,CVGW
72.67,72.67,72.67,72.67,100,2020-11-23 16:45:00,CVGW
72.3,72.3,72.3,72.3,100,2020-11-23 16:50:00,CVGW
72.49,72.49,72.22,72.3,1100,2020-11-23 17:00:00,CVGW
72.08,72.22,72.08,72.22,200,2020-11-23 17:10:00,CVGW
72.18,72.18,72.08,72.08,200,2020-11-23 17:15:00,CVGW
72.11,72.11,72.11,72.11,100,2020-11-23 17:20:00,CVGW
72.13,72.32,72.13,72.32,664,2020-11-23 17:25:00,CVGW
72.32,72.38,72.32,72.38,251,2020-11-23 17:35:00,CVGW
72.47,72.47,72.47,72.47,100,2020-11-23 17:45:00,CVGW
72.4,72.49,72.4,72.49,200,2020-11-23 17:50:00,CVGW
72.45,72.45,72.45,72.45,100,2020-11-23 17:55:00,CVGW
72.33,72.33,72.33,72.33,100,2020-11-23 18:00:00,CVGW
72.33,72.33,72.33,72.33,100,2020-11-23 18:15:00,CVGW
72.25,72.25,72.25,72.25,100,2020-11-23 18:20:00,CVGW
72.3298,72.38,72.3298,72.38,200,2020-11-23 18:25:00,CVGW
72.42,72.56,72.42,72.56,944,2020-11-23 18:30:00,CVGW
72.66,72.66,72.66,72.66,100,2020-11-23 18:35:00,CVGW
72.52,72.52,72.52,72.52,100,2020-11-23 18:40:00,CVGW
72.67,72.67,72.53,72.53,200,2020-11-23 18:45:00,CVGW
72.71,72.96,72.71,72.96,300,2020-11-23 18:50:00,CVGW
72.75,72.96,72.75,72.96,300,2020-11-23 19:00:00,CVGW
72.805,72.805,72.805,72.805,100,2020-11-23 19:05:00,CVGW
72.68,72.94,72.67,72.82,600,2020-11-23 19:10:00,CVGW
72.97,72.97,72.97,72.97,100,2020-11-23 19:15:00,CVGW
72.9,72.9,72.89,72.89,200,2020-11-23 19:20:00,CVGW
72.89,72.97,72.83,72.97,400,2020-11-23 19:25:00,CVGW
72.99,73.1,72.8601,73.1,2827,2020-11-23 19:30:00,CVGW
73.1073,73.1073,72.975,72.975,392,2020-11-23 19:40:00,CVGW
73.1,73.18,73.1,73.18,300,2020-11-23 19:45:00,CVGW
73.07,73.34,73.07,73.34,700,2020-11-23 19:50:00,CVGW
73.43,73.44,73.05,73.05,500,2020-11-23 19:55:00,CVGW
73.31,73.31,73.185,73.22,409,2020-11-23 20:00:00,CVGW
73.34,73.34,73.2323,73.2323,362,2020-11-23 20:05:00,CVGW
73.13,73.13,73.07,73.075,800,2020-11-23 20:10:00,CVGW
73.075,73.19,73.075,73.19,212,2020-11-23 20:15:00,CVGW
73.11,73.11,72.85,72.85,1268,2020-11-23 20:20:00,CVGW
72.98,72.98,72.78,72.78,312,2020-11-23 20:25:00,CVGW
72.89,72.89,72.765,72.815,1000,2020-11-23 20:30:00,CVGW
72.76,72.76,72.64,72.64,300,2020-11-23 20:35:00,CVGW
72.57,72.65,72.56,72.65,833,2020-11-23 20:40:00,CVGW
72.67,72.68,72.56,72.59,800,2020-11-23 20:45:00,CVGW
72.63,72.66,72.27,72.27,2367,2020-11-23 20:50:00,CVGW
72.3,72.39,72.1,72.39,2300,2020-11-23 20:55:00,CVGW
72.39,72.39,72.39,72.39,10684,2020-11-23 21:00:00,CVGW
73.19,73.19,73.19,73.19,609,2020-11-24 14:30:00,CVGW
72.29,72.29,72.29,72.29,100,2020-11-24 14:40:00,CVGW
72.3,72.47,72.3,72.47,1100,2020-11-24 14:50:00,CVGW
72.25,72.25,72.25,72.25,100,2020-11-24 15:00:00,CVGW
72.4139,72.4139,72.4139,72.4139,300,2020-11-24 15:05:00,CVGW
72.52,72.5389,72.52,72.5389,200,2020-11-24 15:15:00,CVGW
72.59,72.59,72.59,72.59,100,2020-11-24 15:25:00,CVGW
72.51,72.51,72.51,72.51,200,2020-11-24 15:30:00,CVGW
72.08,72.08,72.08,72.08,100,2020-11-24 15:45:00,CVGW
72.33,72.33,72.33,72.33,100,2020-11-24 15:55:00,CVGW
72.34,72.63,72.34,72.63,300,2020-11-24 16:00:00,CVGW
72.68,72.68,72.68,72.68,100,2020-11-24 16:15:00,CVGW
72.57,72.94,72.57,72.91,300,2020-11-24 16:25:00,CVGW
73.02,73.46,73.02,73.46,300,2020-11-24 16:35:00,CVGW
73.41,73.62,73.37,73.62,800,2020-11-24 16:45:00,CVGW
73.635,73.97,73.635,73.95,900,2020-11-24 16:50:00,CVGW
74.16,74.425,74.15,74.185,2115,2020-11-24 16:55:00,CVGW
74.22,74.22,74.18,74.18,216,2020-11-24 17:00:00,CVGW
74.02,74.02,74.02,74.02,100,2020-11-24 17:05:00,CVGW
73.74,73.75,73.61,73.75,589,2020-11-24 17:10:00,CVGW
73.66,73.73,73.18,73.18,7707,2020-11-24 17:15:00,CVGW
73.41,73.41,72.48,72.52,13068,2020-11-24 17:20:00,CVGW
72.8,73.03,72.8,73.03,600,2020-11-24 17:25:00,CVGW
72.6,73.0,72.6,72.96,400,2020-11-24 17:35:00,CVGW
73.31,73.31,73.07,73.07,400,2020-11-24 17:40:00,CVGW
72.6,72.6,72.6,72.6,100,2020-11-24 17:45:00,CVGW
72.58,72.93,72.58,72.93,300,2020-11-24 17:50:00,CVGW
72.95,72.95,72.95,72.95,100,2020-11-24 17:55:00,CVGW
72.65,72.94,72.64,72.64,500,2020-11-24 18:00:00,CVGW
72.94,73.2,72.94,73.2,500,2020-11-24 18:05:00,CVGW
73.12,73.13,73.12,73.13,200,2020-11-24 18:10:00,CVGW
73.13,73.13,72.82,72.99,400,2020-11-24 18:15:00,CVGW
72.76,73.08,72.76,73.03,600,2020-11-24 18:20:00,CVGW
72.805,73.1,72.805,73.1,800,2020-11-24 18:30:00,CVGW
72.75,72.75,72.75,72.75,100,2020-11-24 18:35:00,CVGW
73.0,73.0,73.0,73.0,100,2020-11-24 18:40:00,CVGW
72.79,72.99,72.78,72.99,300,2020-11-24 18:50:00,CVGW
72.775,72.775,72.775,72.775,100,2020-11-24 19:00:00,CVGW
72.755,72.97,72.755,72.8949,400,2020-11-24 19:10:00,CVGW
72.75,72.75,72.75,72.75,100,2020-11-24 19:20:00,CVGW
72.865,72.98,72.865,72.885,500,2020-11-24 19:25:00,CVGW
72.805,72.805,72.805,72.805,100,2020-11-24 19:30:00,CVGW
72.96,73.06,72.96,73.06,600,2020-11-24 19:35:00,CVGW
72.82,72.82,72.82,72.82,100,2020-11-24 19:40:00,CVGW
72.8,72.8,72.77,72.79,797,2020-11-24 19:50:00,CVGW
72.85,72.85,72.81,72.84,500,2020-11-24 19:55:00,CVGW
72.92,73.11,72.75,73.11,1020,2020-11-24 20:10:00,CVGW
73.015,73.015,73.015,73.015,100,2020-11-24 20:15:00,CVGW
73.025,73.28,73.025,73.28,300,2020-11-24 20:20:00,CVGW
73.08,73.18,73.05,73.18,400,2020-11-24 20:25:00,CVGW
73.09,73.12,73.09,73.12,200,2020-11-24 20:35:00,CVGW
73.03,73.08,72.94,72.94,600,2020-11-24 20:40:00,CVGW
72.97,73.16,72.93,73.16,572,2020-11-24 20:45:00,CVGW
72.9,73.09,72.62,73.09,1107,2020-11-24 20:50:00,CVGW
73.09,73.12,72.93,73.03,3956,2020-11-24 20:55:00,CVGW
72.89,72.89,72.89,72.89,18197,2020-11-24 21:00:00,CVGW
72.58,72.58,72.425,72.425,665,2020-11-25 14:30:00,CVGW
72.14,72.47,72.14,72.47,200,2020-11-25 14:40:00,CVGW
72.01,72.01,72.01,72.01,100,2020-11-25 14:45:00,CVGW
72.6999,72.6999,72.6999,72.6999,2000,2020-11-25 15:00:00,CVGW
72.04,72.04,72.04,72.04,100,2020-11-25 15:30:00,CVGW
72.535,72.535,72.4,72.4,200,2020-11-25 15:40:00,CVGW
72.74,73.09,72.57,72.8,1400,2020-11-25 15:50:00,CVGW
72.82,72.82,72.82,72.82,100,2020-11-25 15:55:00,CVGW
72.4,72.43,72.4,72.43,367,2020-11-25 16:05:00,CVGW
72.52,72.52,72.52,72.52,100,2020-11-25 16:10:00,CVGW
72.38,72.38,72.38,72.38,100,2020-11-25 16:15:00,CVGW
72.55,72.55,72.55,72.55,100,2020-11-25 16:20:00,CVGW
72.49,72.5,72.49,72.5,200,2020-11-25 16:25:00,CVGW
72.625,72.625,72.625,72.625,100,2020-11-25 16:35:00,CVGW
72.61,72.72,72.61,72.72,300,2020-11-25 16:40:00,CVGW
72.77,72.77,72.77,72.77,115,2020-11-25 16:45:00,CVGW
72.78,72.78,72.74,72.78,300,2020-11-25 16:50:00,CVGW
72.59,72.59,72.59,72.59,100,2020-11-25 16:55:00,CVGW
72.79,72.83,72.77,72.83,500,2020-11-25 17:00:00,CVGW
73.07,73.07,72.94,72.94,200,2020-11-25 17:10:00,CVGW
72.9389,72.9389,72.9389,72.9389,129,2020-11-25 17:20:00,CVGW
72.94,72.94,72.85,72.85,200,2020-11-25 17:30:00,CVGW
72.94,72.94,72.78,72.78,322,2020-11-25 17:35:00,CVGW
73.0158,73.08,72.86,73.08,1060,2020-11-25 17:40:00,CVGW
72.92,72.92,72.92,72.92,200,2020-11-25 17:45:00,CVGW
72.95,73.04,72.95,73.04,200,2020-11-25 17:55:00,CVGW
72.89,72.89,72.89,72.89,100,2020-11-25 18:00:00,CVGW
72.92,72.95,72.92,72.95,200,2020-11-25 18:10:00,CVGW
72.8,72.8,72.5,72.5,333,2020-11-25 18:20:00,CVGW
72.44,72.44,72.44,72.44,100,2020-11-25 18:25:00,CVGW
72.53,72.53,72.53,72.53,100,2020-11-25 18:30:00,CVGW
72.5444,72.5444,72.5444,72.5444,245,2020-11-25 18:35:00,CVGW
72.41,72.41,72.41,72.41,100,2020-11-25 18:40:00,CVGW
72.5988,72.5988,72.5988,72.5988,221,2020-11-25 18:45:00,CVGW
72.48,72.48,72.32,72.32,300,2020-11-25 18:50:00,CVGW
72.51,72.51,72.51,72.51,100,2020-11-25 19:00:00,CVGW
72.33,72.51,72.31,72.51,600,2020-11-25 19:05:00,CVGW
72.37,72.37,72.25,72.25,200,2020-11-25 19:10:00,CVGW
72.6799,72.6799,72.6799,72.6799,100,2020-11-25 19:15:00,CVGW
72.24,72.24,72.24,72.24,100,2020-11-25 19:25:00,CVGW
72.29,72.43,72.29,72.43,200,2020-11-25 19:30:00,CVGW
72.1,72.1,72.09,72.09,500,2020-11-25 19:45:00,CVGW
72.16,72.17,72.16,72.17,200,2020-11-25 19:50:00,CVGW
71.99,72.17,71.99,72.055,400,2020-11-25 19:55:00,CVGW
72.07,72.07,72.03,72.03,200,2020-11-25 20:00:00,CVGW
71.93,71.93,71.93,71.93,100,2020-11-25 20:05:00,CVGW
72.1,72.13,72.03,72.13,300,2020-11-25 20:10:00,CVGW
72.1,72.1,72.04,72.04,400,2020-11-25 20:15:00,CVGW
72.04,72.04,72.04,72.04,100,2020-11-25 20:20:00,CVGW
72.0575,72.18,72.03,72.03,422,2020-11-25 20:30:00,CVGW
71.98,71.98,71.98,71.98,100,2020-11-25 20:35:00,CVGW
71.84,71.84,71.84,71.84,100,2020-11-25 20:40:00,CVGW
71.99,71.99,71.81,71.81,200,2020-11-25 20:45:00,CVGW
71.81,71.82,71.21,71.55,1712,2020-11-25 20:50:00,CVGW
71.68,71.79,71.62,71.79,2458,2020-11-25 20:55:00,CVGW
71.66,71.66,71.66,71.66,11734,2020-11-25 21:00:00,CVGW
71.66,71.66,71.66,71.66,4878,2020-11-25 21:05:00,CVGW
71.84,71.84,71.84,71.84,378,2020-11-27 14:30:00,CVGW
71.63,71.63,71.53,71.53,300,2020-11-27 15:15:00,CVGW
71.39,71.39,71.39,71.39,100,2020-11-27 15:35:00,CVGW
71.44,71.5,71.44,71.5,600,2020-11-27 15:40:00,CVGW
72.05,72.06,71.91,72.0,400,2020-11-27 16:20:00,CVGW
72.29,72.29,72.29,72.29,100,2020-11-27 16:45:00,CVGW
72.515,72.6,72.19,72.39,1908,2020-11-27 16:55:00,CVGW
72.61,72.62,72.61,72.62,300,2020-11-27 17:15:00,CVGW
72.77,72.77,72.77,72.77,100,2020-11-27 17:20:00,CVGW
72.64,72.78,72.64,72.78,400,2020-11-27 17:35:00,CVGW
72.79,72.85,72.765,72.765,300,2020-11-27 17:40:00,CVGW
72.89,72.9,72.73,72.9,300,2020-11-27 17:50:00,CVGW
72.82,72.91,72.75,72.88,1000,2020-11-27 17:55:00,CVGW
72.96,72.96,72.96,72.96,5124,2020-11-27 18:00:00,CVGW
72.96,72.96,72.96,72.96,157,2020-11-27 18:15:00,CVGW
72.62,72.62,72.0,72.2375,736,2020-11-30 14:30:00,CVGW
72.465,72.465,72.465,72.465,100,2020-11-30 14:35:00,CVGW
72.03,72.325,72.03,72.325,200,2020-11-30 14:45:00,CVGW
71.93,72.13,71.93,72.13,600,2020-11-30 14:50:00,CVGW
71.77,71.77,71.77,71.77,100,2020-11-30 14:55:00,CVGW
72.24,72.24,71.89,71.89,200,2020-11-30 15:00:00,CVGW
71.83,72.18,71.83,72.18,200,2020-11-30 15:15:00,CVGW
72.16,72.16,71.77,72.005,400,2020-11-30 15:20:00,CVGW
71.83,71.83,71.83,71.83,100,2020-11-30 15:25:00,CVGW
71.8,71.95,71.8,71.95,200,2020-11-30 15:30:00,CVGW
71.77,71.77,71.77,71.77,200,2020-11-30 15:40:00,CVGW
71.36,71.36,71.36,71.36,100,2020-11-30 15:45:00,CVGW
71.74,72.01,71.74,72.01,402,2020-11-30 15:50:00,CVGW
71.98,71.98,71.98,71.98,100,2020-11-30 15:55:00,CVGW
72.33,72.33,72.33,72.33,100,2020-11-30 16:10:00,CVGW
72.06,72.06,72.06,72.06,100,2020-11-30 16:25:00,CVGW
72.445,72.445,72.445,72.445,100,2020-11-30 16:30:00,CVGW
72.06,72.06,72.06,72.06,100,2020-11-30 16:45:00,CVGW
72.28,72.28,72.13,72.13,700,2020-11-30 16:55:00,CVGW
71.94,71.94,71.94,71.94,100,2020-11-30 17:05:00,CVGW
71.92,71.96,71.92,71.96,300,2020-11-30 17:10:00,CVGW
71.915,72.0,71.895,72.0,500,2020-11-30 18:15:00,CVGW
71.77,71.77,71.77,71.77,100,2020-11-30 18:25:00,CVGW
71.76,71.76,71.76,71.76,100,2020-11-30 18:30:00,CVGW
71.81,71.87,71.78,71.87,469,2020-11-30 18:45:00,CVGW
71.975,71.975,71.975,71.975,100,2020-11-30 18:50:00,CVGW
71.97,71.97,71.96,71.97,400,2020-11-30 18:55:00,CVGW
71.93,72.0,71.84,71.84,500,2020-11-30 19:00:00,CVGW
71.8,71.8,71.8,71.8,100,2020-11-30 19:10:00,CVGW
72.09,72.09,71.87,71.87,200,2020-11-30 19:20:00,CVGW
72.14,72.14,71.96,71.96,200,2020-11-30 19:25:00,CVGW
71.93,71.93,71.91,71.91,638,2020-11-30 19:30:00,CVGW
71.84,71.84,71.76,71.76,200,2020-11-30 19:35:00,CVGW
71.84,71.84,71.84,71.84,100,2020-11-30 19:40:00,CVGW
71.74,71.74,71.67,71.67,200,2020-11-30 19:45:00,CVGW
71.62,71.62,71.62,71.62,100,2020-11-30 19:50:00,CVGW
71.54,71.66,71.54,71.66,200,2020-11-30 19:55:00,CVGW
71.68,71.7,71.65,71.68,700,2020-11-30 20:00:00,CVGW
71.615,71.615,71.615,71.615,100,2020-11-30 20:05:00,CVGW
71.54,71.5528,71.47,71.47,500,2020-11-30 20:10:00,CVGW
71.44,71.6467,71.44,71.6467,462,2020-11-30 20:15:00,CVGW
71.63,71.72,71.51,71.72,661,2020-11-30 20:20:00,CVGW
71.53,71.53,71.53,71.53,100,2020-11-30 20:30:00,CVGW
71.53,71.595,71.475,71.475,872,2020-11-30 20:35:00,CVGW
71.5,71.5,71.41,71.41,1100,2020-11-30 20:40:00,CVGW
71.46,71.5,71.46,71.5,495,2020-11-30 20:45:00,CVGW
71.57,71.84,71.51,71.56,1767,2020-11-30 20:50:00,CVGW
71.47,71.59,71.4,71.45,1585,2020-11-30 20:55:00,CVGW
71.63,71.63,71.63,71.63,22766,2020-11-30 21:00:00,CVGW
71.63,71.63,71.63,71.63,2436,2020-11-30 21:10:00,CVGW
