open,high,low,close,volume,datetime,symbol
3.98,3.98,3.93,3.93,592,2021-05-03 12:05:00,CEMI
3.95,3.95,3.95,3.95,4000,2021-05-03 12:45:00,CEMI
3.97,3.97,3.97,3.97,1200,2021-05-03 13:05:00,CEMI
3.95,3.95,3.95,3.95,466,2021-05-03 13:10:00,CEMI
3.97,3.97,3.97,3.97,125,2021-05-03 13:15:00,CEMI
3.97,3.97,3.97,3.97,200,2021-05-03 13:25:00,CEMI
3.97,4.01,3.97,3.98,18706,2021-05-03 13:30:00,CEMI
3.97,3.97,3.91,3.91,14947,2021-05-03 13:35:00,CEMI
3.93,3.94,3.89,3.9,13097,2021-05-03 13:40:00,CEMI
3.89,3.9,3.871,3.88,10390,2021-05-03 13:45:00,CEMI
3.8906,3.895,3.86,3.87,4600,2021-05-03 13:50:00,CEMI
3.9,3.9105,3.895,3.895,3691,2021-05-03 13:55:00,CEMI
3.89,3.91,3.885,3.9073,4130,2021-05-03 14:00:00,CEMI
3.921,3.93,3.9102,3.9199,6633,2021-05-03 14:05:00,CEMI
3.91,3.92,3.9,3.9,4308,2021-05-03 14:10:00,CEMI
3.92,3.93,3.9199,3.93,800,2021-05-03 14:15:00,CEMI
3.93,3.93,3.91,3.9229,802,2021-05-03 14:20:00,CEMI
3.9,3.9035,3.87,3.87,4819,2021-05-03 14:25:00,CEMI
3.8699,3.895,3.8699,3.8812,55097,2021-05-03 14:30:00,CEMI
3.87,3.87,3.8337,3.8337,9513,2021-05-03 14:35:00,CEMI
3.8484,3.87,3.84,3.87,7287,2021-05-03 14:40:00,CEMI
3.88,3.8999,3.875,3.875,11584,2021-05-03 14:45:00,CEMI
3.88,3.88,3.84,3.8501,5921,2021-05-03 14:50:00,CEMI
3.86,3.8616,3.85,3.85,2886,2021-05-03 14:55:00,CEMI
3.85,3.87,3.84,3.87,1600,2021-05-03 15:00:00,CEMI
3.87,3.9,3.87,3.9,2221,2021-05-03 15:05:00,CEMI
3.91,3.91,3.8773,3.8773,1012,2021-05-03 15:10:00,CEMI
3.8705,3.9,3.8705,3.9,4993,2021-05-03 15:15:00,CEMI
3.901,3.91,3.9,3.907,2783,2021-05-03 15:20:00,CEMI
3.9099,3.9099,3.9,3.905,3300,2021-05-03 15:25:00,CEMI
3.9,3.94,3.9,3.93,2750,2021-05-03 15:30:00,CEMI
3.94,3.94,3.9298,3.9298,250,2021-05-03 15:35:00,CEMI
3.9128,3.9266,3.9128,3.92,841,2021-05-03 15:45:00,CEMI
3.92,3.929,3.9,3.9,1747,2021-05-03 15:50:00,CEMI
3.9,3.91,3.9,3.91,10612,2021-05-03 15:55:00,CEMI
3.91,3.93,3.91,3.93,800,2021-05-03 16:05:00,CEMI
3.94,3.94,3.92,3.93,2099,2021-05-03 16:10:00,CEMI
3.94,3.95,3.94,3.94,975,2021-05-03 16:15:00,CEMI
3.9425,3.95,3.9425,3.95,2100,2021-05-03 16:20:00,CEMI
3.9344,3.94,3.9344,3.94,1099,2021-05-03 16:25:00,CEMI
3.93,3.9301,3.91,3.91,2250,2021-05-03 16:30:00,CEMI
3.9,3.9198,3.9,3.9018,1731,2021-05-03 16:35:00,CEMI
3.9,3.92,3.9,3.92,3607,2021-05-03 16:40:00,CEMI
3.93,3.9301,3.93,3.9301,200,2021-05-03 16:45:00,CEMI
3.93,3.93,3.92,3.92,1029,2021-05-03 16:50:00,CEMI
3.91,3.93,3.91,3.93,1400,2021-05-03 16:55:00,CEMI
3.921,3.93,3.911,3.93,1435,2021-05-03 17:00:00,CEMI
3.93,3.94,3.92,3.935,7025,2021-05-03 17:05:00,CEMI
3.9355,3.96,3.9313,3.96,2000,2021-05-03 17:10:00,CEMI
3.96,3.96,3.96,3.96,100,2021-05-03 17:20:00,CEMI
3.955,3.96,3.951,3.951,550,2021-05-03 17:25:00,CEMI
3.96,3.96,3.95,3.95,2600,2021-05-03 17:30:00,CEMI
3.96,3.96,3.9534,3.96,325,2021-05-03 17:40:00,CEMI
3.96,3.97,3.96,3.97,1651,2021-05-03 17:45:00,CEMI
3.9501,3.9501,3.9501,3.9501,100,2021-05-03 17:50:00,CEMI
3.945,3.945,3.93,3.9327,2900,2021-05-03 17:55:00,CEMI
3.95,3.96,3.94,3.94,12826,2021-05-03 18:00:00,CEMI
3.96,3.96,3.92,3.94,1740,2021-05-03 18:05:00,CEMI
3.934,3.94,3.93,3.93,1411,2021-05-03 18:10:00,CEMI
3.93,3.93,3.92,3.92,1006,2021-05-03 18:15:00,CEMI
3.915,3.9218,3.915,3.92,1991,2021-05-03 18:20:00,CEMI
3.93,3.93,3.91,3.9101,500,2021-05-03 18:25:00,CEMI
3.91,3.91,3.91,3.91,1050,2021-05-03 18:30:00,CEMI
3.9,3.91,3.9,3.91,2809,2021-05-03 18:35:00,CEMI
3.9,3.9,3.9,3.9,869,2021-05-03 18:40:00,CEMI
3.905,3.92,3.905,3.92,2207,2021-05-03 18:45:00,CEMI
3.91,3.91,3.91,3.91,615,2021-05-03 18:50:00,CEMI
3.905,3.905,3.9,3.9,2030,2021-05-03 18:55:00,CEMI
3.92,3.92,3.91,3.91,6477,2021-05-03 19:00:00,CEMI
3.905,3.91,3.905,3.91,300,2021-05-03 19:05:00,CEMI
3.91,3.92,3.9072,3.92,4879,2021-05-03 19:10:00,CEMI
3.9101,3.93,3.91,3.92,780,2021-05-03 19:15:00,CEMI
3.911,3.93,3.911,3.9298,1895,2021-05-03 19:20:00,CEMI
3.93,3.95,3.93,3.95,1290,2021-05-03 19:25:00,CEMI
3.94,3.94,3.93,3.9399,3075,2021-05-03 19:30:00,CEMI
3.93,3.93,3.9,3.9,4137,2021-05-03 19:35:00,CEMI
3.895,3.91,3.88,3.9,9602,2021-05-03 19:40:00,CEMI
3.905,3.94,3.905,3.94,3666,2021-05-03 19:45:00,CEMI
3.94,3.95,3.925,3.95,4700,2021-05-03 19:50:00,CEMI
3.95,3.95,3.92,3.95,14469,2021-05-03 19:55:00,CEMI
3.92,3.92,3.92,3.92,7808,2021-05-03 20:00:00,CEMI
3.86,3.86,3.86,3.86,100,2021-05-03 20:15:00,CEMI
3.96,3.96,3.96,3.96,1000,2021-05-03 20:30:00,CEMI
3.92,3.92,3.92,3.92,100,2021-05-03 21:00:00,CEMI
3.9199,3.92,3.9199,3.92,400,2021-05-03 21:30:00,CEMI
3.85,3.85,3.85,3.85,448,2021-05-03 22:10:00,CEMI
3.86,3.86,3.85,3.85,696,2021-05-03 22:45:00,CEMI
3.9199,3.9199,3.9199,3.9199,1005,2021-05-03 23:25:00,CEMI
3.84,3.84,3.84,3.84,200,2021-05-04 11:00:00,CEMI
3.86,3.86,3.86,3.86,220,2021-05-04 12:15:00,CEMI
3.86,3.86,3.86,3.86,233,2021-05-04 12:20:00,CEMI
3.82,3.82,3.82,3.82,144,2021-05-04 12:35:00,CEMI
3.87,3.87,3.87,3.87,100,2021-05-04 12:40:00,CEMI
3.87,3.87,3.87,3.87,1819,2021-05-04 12:45:00,CEMI
3.8201,3.8201,3.8,3.82,1903,2021-05-04 13:00:00,CEMI
3.85,3.85,3.85,3.85,354,2021-05-04 13:10:00,CEMI
3.87,3.87,3.815,3.84,9715,2021-05-04 13:30:00,CEMI
3.83,3.8377,3.8126,3.8126,5296,2021-05-04 13:35:00,CEMI
3.8199,3.8199,3.78,3.7975,11794,2021-05-04 13:40:00,CEMI
3.8099,3.8099,3.75,3.76,4322,2021-05-04 13:45:00,CEMI
3.75,3.75,3.7002,3.72,21195,2021-05-04 13:50:00,CEMI
3.71,3.7355,3.68,3.7,7926,2021-05-04 13:55:00,CEMI
3.702,3.72,3.68,3.7,3985,2021-05-04 14:00:00,CEMI
3.7,3.74,3.7,3.7,10061,2021-05-04 14:05:00,CEMI
3.7027,3.7027,3.681,3.681,1160,2021-05-04 14:10:00,CEMI
3.683,3.7268,3.683,3.7268,8372,2021-05-04 14:15:00,CEMI
3.73,3.74,3.73,3.74,699,2021-05-04 14:20:00,CEMI
3.75,3.7657,3.74,3.74,3833,2021-05-04 14:25:00,CEMI
3.74,3.76,3.71,3.71,4821,2021-05-04 14:30:00,CEMI
3.7158,3.7455,3.7158,3.7392,3385,2021-05-04 14:35:00,CEMI
3.73,3.73,3.71,3.71,2650,2021-05-04 14:40:00,CEMI
3.7071,3.7071,3.68,3.7,10344,2021-05-04 14:45:00,CEMI
3.7,3.7079,3.685,3.685,2600,2021-05-04 14:50:00,CEMI
3.685,3.7,3.685,3.6982,3828,2021-05-04 14:55:00,CEMI
3.6975,3.74,3.68,3.74,4900,2021-05-04 15:00:00,CEMI
3.73,3.73,3.71,3.71,9816,2021-05-04 15:05:00,CEMI
3.7099,3.71,3.68,3.685,15688,2021-05-04 15:10:00,CEMI
3.68,3.7,3.67,3.7,9645,2021-05-04 15:15:00,CEMI
3.7,3.7,3.69,3.7,321,2021-05-04 15:20:00,CEMI
3.69,3.72,3.69,3.72,4784,2021-05-04 15:25:00,CEMI
3.72,3.7295,3.7,3.7027,3808,2021-05-04 15:30:00,CEMI
3.71,3.71,3.71,3.71,800,2021-05-04 15:35:00,CEMI
3.7,3.7,3.69,3.69,2253,2021-05-04 15:40:00,CEMI
3.6817,3.69,3.68,3.69,2550,2021-05-04 15:45:00,CEMI
3.69,3.695,3.69,3.695,520,2021-05-04 15:50:00,CEMI
3.6901,3.6901,3.68,3.69,6853,2021-05-04 15:55:00,CEMI
3.71,3.73,3.71,3.7274,2190,2021-05-04 16:00:00,CEMI
3.72,3.72,3.71,3.71,2500,2021-05-04 16:05:00,CEMI
3.71,3.73,3.71,3.7144,5580,2021-05-04 16:10:00,CEMI
3.7101,3.7101,3.71,3.71,2000,2021-05-04 16:15:00,CEMI
3.71,3.72,3.71,3.72,1400,2021-05-04 16:20:00,CEMI
3.713,3.719,3.713,3.719,904,2021-05-04 16:25:00,CEMI
3.72,3.72,3.71,3.71,3015,2021-05-04 16:30:00,CEMI
3.7,3.7,3.68,3.68,3000,2021-05-04 16:35:00,CEMI
3.6956,3.6966,3.68,3.68,1300,2021-05-04 16:40:00,CEMI
3.68,3.685,3.6694,3.67,12461,2021-05-04 16:45:00,CEMI
3.68,3.69,3.68,3.69,1374,2021-05-04 16:50:00,CEMI
3.7099,3.715,3.69,3.69,9156,2021-05-04 16:55:00,CEMI
3.697,3.7,3.697,3.7,28388,2021-05-04 17:00:00,CEMI
3.72,3.72,3.7033,3.7033,3572,2021-05-04 17:05:00,CEMI
3.7,3.7,3.68,3.6901,13308,2021-05-04 17:10:00,CEMI
3.6788,3.6788,3.66,3.665,3436,2021-05-04 17:15:00,CEMI
3.66,3.6616,3.66,3.6616,1100,2021-05-04 17:20:00,CEMI
3.66,3.66,3.66,3.66,4000,2021-05-04 17:25:00,CEMI
3.665,3.67,3.66,3.67,1000,2021-05-04 17:30:00,CEMI
3.675,3.68,3.6701,3.675,3225,2021-05-04 17:35:00,CEMI
3.68,3.7,3.67,3.67,13358,2021-05-04 17:40:00,CEMI
3.69,3.69,3.68,3.68,1500,2021-05-04 17:45:00,CEMI
3.68,3.68,3.67,3.671,2162,2021-05-04 17:50:00,CEMI
3.67,3.7094,3.67,3.7,3788,2021-05-04 17:55:00,CEMI
3.69,3.72,3.69,3.72,37994,2021-05-04 18:00:00,CEMI
3.73,3.73,3.71,3.715,1357,2021-05-04 18:05:00,CEMI
3.7177,3.74,3.71,3.74,3013,2021-05-04 18:10:00,CEMI
3.74,3.7485,3.74,3.745,3784,2021-05-04 18:15:00,CEMI
3.73,3.73,3.72,3.72,1600,2021-05-04 18:20:00,CEMI
3.7104,3.72,3.7,3.7,3677,2021-05-04 18:25:00,CEMI
3.72,3.72,3.71,3.71,700,2021-05-04 18:30:00,CEMI
3.71,3.72,3.71,3.72,2435,2021-05-04 18:35:00,CEMI
3.71,3.7109,3.71,3.7109,2300,2021-05-04 18:40:00,CEMI
3.7199,3.72,3.71,3.71,1767,2021-05-04 18:45:00,CEMI
3.715,3.715,3.71,3.71,2800,2021-05-04 18:50:00,CEMI
3.71,3.71,3.71,3.71,1300,2021-05-04 18:55:00,CEMI
3.71,3.72,3.705,3.72,1922,2021-05-04 19:00:00,CEMI
3.72,3.72,3.72,3.72,300,2021-05-04 19:05:00,CEMI
3.715,3.7179,3.71,3.71,1250,2021-05-04 19:10:00,CEMI
3.7134,3.72,3.7101,3.7111,5979,2021-05-04 19:15:00,CEMI
3.71,3.72,3.705,3.7101,6938,2021-05-04 19:20:00,CEMI
3.71,3.7101,3.7,3.705,2700,2021-05-04 19:25:00,CEMI
3.7,3.7,3.69,3.7,2051,2021-05-04 19:30:00,CEMI
3.7,3.7,3.7,3.7,400,2021-05-04 19:35:00,CEMI
3.7,3.7,3.66,3.66,51233,2021-05-04 19:40:00,CEMI
3.661,3.6699,3.625,3.641,14609,2021-05-04 19:45:00,CEMI
3.65,3.65,3.63,3.645,15241,2021-05-04 19:50:00,CEMI
3.645,3.68,3.64,3.68,27078,2021-05-04 19:55:00,CEMI
3.67,3.67,3.6699,3.67,14648,2021-05-04 20:00:00,CEMI
3.67,3.68,3.67,3.68,471,2021-05-04 20:05:00,CEMI
3.69,3.69,3.69,3.69,400,2021-05-04 20:10:00,CEMI
3.69,3.69,3.69,3.69,400,2021-05-04 20:15:00,CEMI
3.67,3.67,3.67,3.67,1182,2021-05-04 20:55:00,CEMI
3.6899,3.6899,3.6899,3.6899,100,2021-05-04 21:05:00,CEMI
3.69,3.69,3.69,3.69,295,2021-05-04 21:30:00,CEMI
3.68,3.68,3.68,3.68,407,2021-05-04 21:55:00,CEMI
3.68,3.68,3.68,3.68,100,2021-05-04 22:00:00,CEMI
3.65,3.65,3.65,3.65,308,2021-05-04 22:35:00,CEMI
3.65,3.65,3.65,3.65,805,2021-05-04 23:50:00,CEMI
3.71,3.71,3.7,3.71,637,2021-05-05 11:55:00,CEMI
3.7,3.7,3.7,3.7,1363,2021-05-05 12:20:00,CEMI
3.72,3.72,3.72,3.72,200,2021-05-05 12:45:00,CEMI
3.72,3.72,3.71,3.71,37144,2021-05-05 12:55:00,CEMI
3.71,3.71,3.7,3.7,9875,2021-05-05 13:00:00,CEMI
3.7,3.7,3.7,3.7,1200,2021-05-05 13:05:00,CEMI
3.7,3.7419,3.69,3.69,9122,2021-05-05 13:30:00,CEMI
3.68,3.7,3.6499,3.6515,42608,2021-05-05 13:35:00,CEMI
3.6623,3.68,3.64,3.6701,4992,2021-05-05 13:40:00,CEMI
3.67,3.71,3.67,3.69,3500,2021-05-05 13:45:00,CEMI
3.68,3.695,3.67,3.69,5655,2021-05-05 13:50:00,CEMI
3.6899,3.6899,3.6301,3.64,6286,2021-05-05 13:55:00,CEMI
3.66,3.66,3.6169,3.6169,4516,2021-05-05 14:00:00,CEMI
3.6189,3.64,3.61,3.64,4172,2021-05-05 14:05:00,CEMI
3.635,3.6448,3.63,3.63,980,2021-05-05 14:10:00,CEMI
3.635,3.65,3.6301,3.6301,6800,2021-05-05 14:15:00,CEMI
3.66,3.66,3.635,3.64,1000,2021-05-05 14:20:00,CEMI
3.64,3.646,3.635,3.646,1300,2021-05-05 14:25:00,CEMI
3.65,3.65,3.65,3.65,1400,2021-05-05 14:30:00,CEMI
3.655,3.66,3.65,3.65,7579,2021-05-05 14:35:00,CEMI
3.65,3.68,3.65,3.6764,4586,2021-05-05 14:40:00,CEMI
3.6799,3.6799,3.665,3.67,1600,2021-05-05 14:45:00,CEMI
3.66,3.67,3.6433,3.6433,6980,2021-05-05 14:50:00,CEMI
3.65,3.66,3.65,3.652,2761,2021-05-05 14:55:00,CEMI
3.6699,3.69,3.65,3.69,3761,2021-05-05 15:00:00,CEMI
3.67,3.67,3.65,3.65,4241,2021-05-05 15:05:00,CEMI
3.65,3.65,3.63,3.635,5697,2021-05-05 15:10:00,CEMI
3.64,3.64,3.63,3.63,1495,2021-05-05 15:15:00,CEMI
3.625,3.63,3.625,3.63,2600,2021-05-05 15:20:00,CEMI
3.63,3.64,3.625,3.63,6177,2021-05-05 15:25:00,CEMI
3.63,3.63,3.6286,3.63,1277,2021-05-05 15:30:00,CEMI
3.635,3.64,3.63,3.63,675,2021-05-05 15:35:00,CEMI
3.63,3.63,3.6066,3.6066,22853,2021-05-05 15:40:00,CEMI
3.61,3.62,3.6076,3.6099,12141,2021-05-05 15:45:00,CEMI
3.6099,3.6099,3.58,3.6044,22735,2021-05-05 15:50:00,CEMI
3.6,3.605,3.583,3.605,10280,2021-05-05 15:55:00,CEMI
3.61,3.6119,3.61,3.6119,5900,2021-05-05 16:00:00,CEMI
3.61,3.61,3.605,3.61,7305,2021-05-05 16:05:00,CEMI
3.6,3.6,3.58,3.58,8753,2021-05-05 16:10:00,CEMI
3.58,3.59,3.58,3.585,1200,2021-05-05 16:15:00,CEMI
3.58,3.5872,3.57,3.57,10987,2021-05-05 16:20:00,CEMI
3.58,3.58,3.57,3.57,1300,2021-05-05 16:25:00,CEMI
3.5799,3.6,3.575,3.575,6652,2021-05-05 16:30:00,CEMI
3.579,3.5799,3.57,3.5705,2230,2021-05-05 16:35:00,CEMI
3.57,3.57,3.558,3.57,4902,2021-05-05 16:40:00,CEMI
3.58,3.58,3.58,3.58,456,2021-05-05 16:45:00,CEMI
3.58,3.58,3.569,3.5697,2650,2021-05-05 16:50:00,CEMI
3.57,3.57,3.5699,3.5699,1042,2021-05-05 16:55:00,CEMI
3.565,3.57,3.56,3.56,2100,2021-05-05 17:00:00,CEMI
3.565,3.565,3.56,3.5623,475,2021-05-05 17:05:00,CEMI
3.56,3.57,3.56,3.565,3825,2021-05-05 17:10:00,CEMI
3.56,3.565,3.56,3.565,400,2021-05-05 17:15:00,CEMI
3.565,3.565,3.56,3.56,800,2021-05-05 17:20:00,CEMI
3.56,3.57,3.56,3.5682,3424,2021-05-05 17:25:00,CEMI
3.575,3.58,3.57,3.58,1000,2021-05-05 17:30:00,CEMI
3.58,3.58,3.575,3.575,1000,2021-05-05 17:35:00,CEMI
3.58,3.585,3.58,3.585,600,2021-05-05 17:40:00,CEMI
3.59,3.61,3.5889,3.61,900,2021-05-05 17:45:00,CEMI
3.61,3.6175,3.61,3.615,1100,2021-05-05 17:50:00,CEMI
3.61,3.6133,3.59,3.59,2845,2021-05-05 17:55:00,CEMI
3.6,3.6,3.575,3.5768,4340,2021-05-05 18:00:00,CEMI
3.58,3.58,3.57,3.57,2352,2021-05-05 18:05:00,CEMI
3.57,3.59,3.57,3.59,2612,2021-05-05 18:10:00,CEMI
3.585,3.59,3.5799,3.58,1700,2021-05-05 18:15:00,CEMI
3.58,3.59,3.58,3.59,800,2021-05-05 18:20:00,CEMI
3.5911,3.5911,3.58,3.5836,2400,2021-05-05 18:25:00,CEMI
3.5899,3.595,3.585,3.588,2200,2021-05-05 18:30:00,CEMI
3.58,3.59,3.58,3.59,3790,2021-05-05 18:35:00,CEMI
3.605,3.605,3.59,3.595,3294,2021-05-05 18:40:00,CEMI
3.5901,3.61,3.585,3.61,3447,2021-05-05 18:45:00,CEMI
3.62,3.62,3.59,3.5991,1693,2021-05-05 18:50:00,CEMI
3.5991,3.6,3.59,3.59,1895,2021-05-05 18:55:00,CEMI
3.58,3.5966,3.56,3.56,11735,2021-05-05 19:00:00,CEMI
3.56,3.585,3.56,3.57,5384,2021-05-05 19:05:00,CEMI
3.56,3.5699,3.55,3.56,21940,2021-05-05 19:10:00,CEMI
3.5576,3.57,3.54,3.55,11804,2021-05-05 19:15:00,CEMI
3.545,3.545,3.53,3.535,4150,2021-05-05 19:20:00,CEMI
3.5392,3.585,3.53,3.56,13309,2021-05-05 19:25:00,CEMI
3.57,3.58,3.56,3.57,6327,2021-05-05 19:30:00,CEMI
3.57,3.6,3.57,3.585,3127,2021-05-05 19:35:00,CEMI
3.58,3.6,3.58,3.59,5646,2021-05-05 19:40:00,CEMI
3.59,3.61,3.58,3.6,5356,2021-05-05 19:45:00,CEMI
3.59,3.61,3.59,3.605,8753,2021-05-05 19:50:00,CEMI
3.605,3.63,3.6,3.61,12923,2021-05-05 19:55:00,CEMI
3.61,3.61,3.57,3.57,11826,2021-05-05 20:00:00,CEMI
3.53,3.53,3.53,3.53,200,2021-05-05 20:05:00,CEMI
3.62,3.62,3.62,3.62,1892,2021-05-05 20:10:00,CEMI
3.6,3.6,3.6,3.6,125,2021-05-05 20:35:00,CEMI
3.5534,3.5534,3.55,3.55,1695,2021-05-05 20:50:00,CEMI
3.54,3.54,3.54,3.54,3000,2021-05-05 21:10:00,CEMI
3.54,3.54,3.54,3.54,2288,2021-05-05 21:30:00,CEMI
3.62,3.62,3.62,3.62,134,2021-05-05 22:55:00,CEMI
3.55,3.55,3.55,3.55,966,2021-05-05 23:45:00,CEMI
3.62,3.62,3.62,3.62,136,2021-05-05 23:55:00,CEMI
3.62,3.62,3.62,3.62,1117,2021-05-06 11:20:00,CEMI
3.6,3.6,3.6,3.6,200,2021-05-06 12:10:00,CEMI
3.6001,3.6001,3.6,3.6,1800,2021-05-06 12:20:00,CEMI
3.61,3.61,3.61,3.61,100,2021-05-06 12:25:00,CEMI
3.56,3.5603,3.56,3.5603,869,2021-05-06 12:45:00,CEMI
3.6,3.6,3.6,3.6,250,2021-05-06 13:00:00,CEMI
3.6,3.6,3.6,3.6,400,2021-05-06 13:15:00,CEMI
3.61,3.61,3.61,3.61,300,2021-05-06 13:20:00,CEMI
3.64,3.64,3.5436,3.552,17883,2021-05-06 13:30:00,CEMI
3.54,3.5905,3.54,3.59,7639,2021-05-06 13:35:00,CEMI
3.58,3.58,3.55,3.56,3760,2021-05-06 13:40:00,CEMI
3.56,3.58,3.56,3.565,979,2021-05-06 13:45:00,CEMI
3.565,3.6,3.5647,3.5999,2350,2021-05-06 13:50:00,CEMI
3.58,3.58,3.55,3.5544,2087,2021-05-06 13:55:00,CEMI
3.55,3.56,3.55,3.56,6097,2021-05-06 14:00:00,CEMI
3.55,3.551,3.531,3.531,5498,2021-05-06 14:05:00,CEMI
3.54,3.55,3.54,3.55,1637,2021-05-06 14:10:00,CEMI
3.53,3.53,3.48,3.485,19389,2021-05-06 14:15:00,CEMI
3.4875,3.49,3.47,3.485,15183,2021-05-06 14:20:00,CEMI
3.49,3.49,3.4699,3.47,6618,2021-05-06 14:25:00,CEMI
3.4872,3.4872,3.47,3.487,4970,2021-05-06 14:30:00,CEMI
3.48,3.4967,3.48,3.48,3778,2021-05-06 14:35:00,CEMI
3.4876,3.5,3.47,3.5,4855,2021-05-06 14:40:00,CEMI
3.47,3.4799,3.45,3.45,6918,2021-05-06 14:45:00,CEMI
3.46,3.46,3.44,3.46,5066,2021-05-06 14:50:00,CEMI
3.46,3.4754,3.44,3.4754,4276,2021-05-06 14:55:00,CEMI
3.46,3.46,3.45,3.45,3912,2021-05-06 15:00:00,CEMI
3.45,3.45,3.4201,3.43,6950,2021-05-06 15:05:00,CEMI
3.436,3.4485,3.42,3.437,1950,2021-05-06 15:10:00,CEMI
3.44,3.47,3.44,3.47,6244,2021-05-06 15:15:00,CEMI
3.4644,3.4901,3.4644,3.49,4347,2021-05-06 15:20:00,CEMI
3.5,3.51,3.47,3.5,21172,2021-05-06 15:25:00,CEMI
3.505,3.505,3.5,3.5,200,2021-05-06 15:30:00,CEMI
3.5,3.52,3.5,3.52,2366,2021-05-06 15:35:00,CEMI
3.5201,3.54,3.52,3.53,3493,2021-05-06 15:40:00,CEMI
3.53,3.54,3.53,3.53,300,2021-05-06 15:45:00,CEMI
3.51,3.54,3.51,3.52,3628,2021-05-06 15:50:00,CEMI
3.5236,3.53,3.52,3.52,1725,2021-05-06 15:55:00,CEMI
3.53,3.53,3.52,3.52,1100,2021-05-06 16:00:00,CEMI
3.51,3.51,3.5039,3.5039,400,2021-05-06 16:05:00,CEMI
3.5065,3.5065,3.48,3.48,440,2021-05-06 16:10:00,CEMI
3.49,3.5,3.49,3.49,995,2021-05-06 16:15:00,CEMI
3.51,3.51,3.4984,3.4984,5327,2021-05-06 16:20:00,CEMI
3.4943,3.53,3.4943,3.51,5749,2021-05-06 16:25:00,CEMI
3.5,3.5,3.48,3.49,4185,2021-05-06 16:30:00,CEMI
3.48,3.49,3.48,3.49,600,2021-05-06 16:35:00,CEMI
3.49,3.51,3.49,3.51,3175,2021-05-06 16:40:00,CEMI
3.51,3.52,3.51,3.51,1908,2021-05-06 16:45:00,CEMI
3.51,3.52,3.51,3.51,2211,2021-05-06 16:50:00,CEMI
3.51,3.52,3.51,3.52,300,2021-05-06 16:55:00,CEMI
3.5123,3.52,3.51,3.51,4108,2021-05-06 17:00:00,CEMI
3.5048,3.5048,3.5048,3.5048,5000,2021-05-06 17:05:00,CEMI
3.51,3.53,3.51,3.51,1556,2021-05-06 17:10:00,CEMI
3.5,3.5,3.5,3.5,3398,2021-05-06 17:15:00,CEMI
3.4967,3.5,3.4967,3.5,800,2021-05-06 17:20:00,CEMI
3.5,3.51,3.5,3.51,619,2021-05-06 17:25:00,CEMI
3.52,3.52,3.51,3.51,2300,2021-05-06 17:30:00,CEMI
3.52,3.535,3.52,3.52,2540,2021-05-06 17:35:00,CEMI
3.52,3.52,3.5173,3.52,1045,2021-05-06 17:40:00,CEMI
3.5112,3.5112,3.51,3.51,2400,2021-05-06 17:45:00,CEMI
3.515,3.515,3.51,3.51,5735,2021-05-06 17:55:00,CEMI
3.51,3.51,3.51,3.51,743,2021-05-06 18:00:00,CEMI
3.5,3.5,3.5,3.5,200,2021-05-06 18:05:00,CEMI
3.509,3.51,3.49,3.5,5785,2021-05-06 18:10:00,CEMI
3.5,3.5,3.5,3.5,800,2021-05-06 18:15:00,CEMI
3.49,3.499,3.49,3.49,2535,2021-05-06 18:20:00,CEMI
3.4899,3.4899,3.4668,3.4668,3150,2021-05-06 18:25:00,CEMI
3.47,3.47,3.46,3.46,1175,2021-05-06 18:30:00,CEMI
3.46,3.48,3.455,3.48,6067,2021-05-06 18:35:00,CEMI
3.48,3.48,3.45,3.47,4402,2021-05-06 18:40:00,CEMI
3.4616,3.48,3.4616,3.48,2541,2021-05-06 18:45:00,CEMI
3.475,3.48,3.47,3.48,900,2021-05-06 18:50:00,CEMI
3.489,3.49,3.47,3.47,4567,2021-05-06 18:55:00,CEMI
3.47,3.49,3.46,3.48,7255,2021-05-06 19:00:00,CEMI
3.48,3.48,3.4608,3.465,4103,2021-05-06 19:05:00,CEMI
3.4679,3.48,3.4524,3.48,9592,2021-05-06 19:10:00,CEMI
3.49,3.49,3.48,3.48,6399,2021-05-06 19:15:00,CEMI
3.4784,3.479,3.4713,3.4713,1645,2021-05-06 19:20:00,CEMI
3.47,3.4974,3.465,3.49,5304,2021-05-06 19:25:00,CEMI
3.49,3.4975,3.48,3.4975,2081,2021-05-06 19:30:00,CEMI
3.5,3.52,3.481,3.49,26607,2021-05-06 19:35:00,CEMI
3.4991,3.52,3.4991,3.5153,4702,2021-05-06 19:40:00,CEMI
3.51,3.53,3.51,3.53,2961,2021-05-06 19:45:00,CEMI
3.51,3.53,3.49,3.5,15411,2021-05-06 19:50:00,CEMI
3.5099,3.52,3.5,3.52,12348,2021-05-06 19:55:00,CEMI
3.5,3.5,3.5,3.5,16654,2021-05-06 20:00:00,CEMI
3.54,3.56,3.53,3.56,1775,2021-05-06 20:05:00,CEMI
3.4526,3.4526,3.4526,3.4526,1892,2021-05-06 20:15:00,CEMI
3.4528,3.4528,3.45,3.45,2150,2021-05-06 20:20:00,CEMI
3.48,3.48,3.48,3.48,176,2021-05-06 20:40:00,CEMI
3.49,3.49,3.48,3.48,1705,2021-05-06 20:50:00,CEMI
3.4689,3.5,3.46,3.46,2750,2021-05-06 20:55:00,CEMI
3.46,3.46,3.46,3.46,245,2021-05-06 21:00:00,CEMI
3.5,3.5,3.5,3.5,100,2021-05-06 21:05:00,CEMI
3.47,3.47,3.44,3.45,2376,2021-05-06 21:10:00,CEMI
3.4101,3.46,3.4101,3.46,645,2021-05-06 21:15:00,CEMI
3.45,3.46,3.45,3.46,1050,2021-05-06 21:20:00,CEMI
3.46,3.46,3.4599,3.46,300,2021-05-06 21:25:00,CEMI
3.46,3.46,3.46,3.46,210,2021-05-06 21:30:00,CEMI
3.46,3.46,3.45,3.45,1500,2021-05-06 21:35:00,CEMI
3.45,3.45,3.45,3.45,300,2021-05-06 21:40:00,CEMI
3.45,3.45,3.45,3.45,4000,2021-05-06 21:45:00,CEMI
3.4499,3.45,3.4499,3.45,300,2021-05-06 21:50:00,CEMI
3.45,3.45,3.45,3.45,500,2021-05-06 21:55:00,CEMI
3.45,3.45,3.45,3.45,200,2021-05-06 23:20:00,CEMI
3.44,3.44,3.44,3.44,334,2021-05-06 23:25:00,CEMI
3.44,3.44,3.42,3.42,800,2021-05-06 23:45:00,CEMI
3.56,3.56,3.56,3.56,285,2021-05-07 10:55:00,CEMI
3.53,3.53,3.5,3.5,442,2021-05-07 11:00:00,CEMI
3.47,3.47,3.46,3.46,600,2021-05-07 11:20:00,CEMI
3.44,3.44,3.44,3.44,290,2021-05-07 11:25:00,CEMI
3.5,3.5,3.4501,3.4501,1808,2021-05-07 13:05:00,CEMI
3.45,3.46,3.45,3.45,1304,2021-05-07 13:25:00,CEMI
3.41,3.5,3.41,3.46,16178,2021-05-07 13:30:00,CEMI
3.45,3.51,3.45,3.4994,12095,2021-05-07 13:35:00,CEMI
3.5,3.5302,3.5,3.5032,13882,2021-05-07 13:40:00,CEMI
3.51,3.51,3.45,3.49,10591,2021-05-07 13:45:00,CEMI
3.51,3.54,3.51,3.54,7164,2021-05-07 13:50:00,CEMI
3.53,3.55,3.5,3.55,17394,2021-05-07 13:55:00,CEMI
3.55,3.58,3.5428,3.57,3207,2021-05-07 14:00:00,CEMI
3.58,3.65,3.58,3.63,5836,2021-05-07 14:05:00,CEMI
3.63,3.68,3.59,3.59,29331,2021-05-07 14:10:00,CEMI
3.6074,3.65,3.6001,3.62,2684,2021-05-07 14:15:00,CEMI
3.64,3.64,3.6,3.6,1742,2021-05-07 14:20:00,CEMI
3.6,3.6021,3.55,3.55,10385,2021-05-07 14:25:00,CEMI
3.58,3.58,3.565,3.57,1730,2021-05-07 14:30:00,CEMI
3.565,3.57,3.55,3.55,1540,2021-05-07 14:35:00,CEMI
3.55,3.58,3.55,3.58,3200,2021-05-07 14:40:00,CEMI
3.59,3.6299,3.59,3.59,3961,2021-05-07 14:45:00,CEMI
3.6,3.6,3.58,3.5824,2809,2021-05-07 14:50:00,CEMI
3.58,3.595,3.56,3.59,2363,2021-05-07 14:55:00,CEMI
3.56,3.56,3.56,3.56,100,2021-05-07 15:00:00,CEMI
3.56,3.56,3.555,3.56,1100,2021-05-07 15:05:00,CEMI
3.55,3.5501,3.5301,3.5301,15994,2021-05-07 15:10:00,CEMI
3.54,3.55,3.515,3.515,3739,2021-05-07 15:15:00,CEMI
3.515,3.5182,3.51,3.51,1150,2021-05-07 15:20:00,CEMI
3.51,3.51,3.51,3.51,400,2021-05-07 15:25:00,CEMI
3.515,3.515,3.515,3.515,800,2021-05-07 15:30:00,CEMI
3.5119,3.525,3.51,3.515,5737,2021-05-07 15:35:00,CEMI
3.515,3.53,3.51,3.525,2014,2021-05-07 15:40:00,CEMI
3.53,3.55,3.53,3.55,1240,2021-05-07 15:45:00,CEMI
3.55,3.55,3.53,3.54,1050,2021-05-07 15:50:00,CEMI
3.53,3.53,3.52,3.52,1104,2021-05-07 15:55:00,CEMI
3.52,3.52,3.505,3.51,2251,2021-05-07 16:00:00,CEMI
3.51,3.51,3.475,3.4785,30838,2021-05-07 16:05:00,CEMI
3.475,3.48,3.465,3.47,9009,2021-05-07 16:10:00,CEMI
3.46,3.47,3.46,3.47,7899,2021-05-07 16:15:00,CEMI
3.4682,3.475,3.43,3.47,12378,2021-05-07 16:20:00,CEMI
3.46,3.46,3.44,3.46,5408,2021-05-07 16:25:00,CEMI
3.45,3.47,3.45,3.46,3300,2021-05-07 16:30:00,CEMI
3.4513,3.46,3.45,3.46,6000,2021-05-07 16:35:00,CEMI
3.47,3.47,3.465,3.4699,12582,2021-05-07 16:40:00,CEMI
3.47,3.47,3.4641,3.4699,5300,2021-05-07 16:45:00,CEMI
3.46,3.46,3.445,3.45,8342,2021-05-07 16:50:00,CEMI
3.45,3.4501,3.44,3.4501,3070,2021-05-07 16:55:00,CEMI
3.46,3.46,3.435,3.46,11218,2021-05-07 17:00:00,CEMI
3.44,3.46,3.44,3.45,8472,2021-05-07 17:05:00,CEMI
3.45,3.45,3.44,3.44,2600,2021-05-07 17:10:00,CEMI
3.45,3.45,3.44,3.44,4131,2021-05-07 17:15:00,CEMI
3.435,3.44,3.415,3.42,7805,2021-05-07 17:20:00,CEMI
3.425,3.425,3.41,3.415,1398,2021-05-07 17:25:00,CEMI
3.4199,3.4392,3.4,3.4392,18940,2021-05-07 17:30:00,CEMI
3.43,3.435,3.42,3.42,1290,2021-05-07 17:35:00,CEMI
3.425,3.43,3.42,3.42,7000,2021-05-07 17:40:00,CEMI
3.425,3.4282,3.415,3.42,5352,2021-05-07 17:45:00,CEMI
3.43,3.44,3.43,3.44,10161,2021-05-07 17:50:00,CEMI
3.45,3.45,3.445,3.445,2223,2021-05-07 17:55:00,CEMI
3.43,3.44,3.4293,3.44,8070,2021-05-07 18:00:00,CEMI
3.4359,3.44,3.4359,3.44,4304,2021-05-07 18:05:00,CEMI
3.44,3.44,3.42,3.42,882,2021-05-07 18:10:00,CEMI
3.42,3.44,3.42,3.44,2398,2021-05-07 18:15:00,CEMI
3.445,3.445,3.44,3.44,1500,2021-05-07 18:20:00,CEMI
3.44,3.45,3.43,3.43,700,2021-05-07 18:25:00,CEMI
3.435,3.44,3.435,3.4388,1495,2021-05-07 18:30:00,CEMI
3.43,3.43,3.405,3.4199,7386,2021-05-07 18:35:00,CEMI
3.4199,3.4199,3.38,3.4,16558,2021-05-07 18:40:00,CEMI
3.4,3.41,3.3963,3.41,1110,2021-05-07 18:45:00,CEMI
3.41,3.43,3.41,3.43,400,2021-05-07 18:50:00,CEMI
3.43,3.43,3.42,3.42,1750,2021-05-07 18:55:00,CEMI
3.4278,3.44,3.42,3.43,5763,2021-05-07 19:00:00,CEMI
3.4292,3.4292,3.425,3.425,882,2021-05-07 19:05:00,CEMI
3.43,3.44,3.4275,3.4311,1262,2021-05-07 19:10:00,CEMI
3.42,3.44,3.42,3.44,7906,2021-05-07 19:15:00,CEMI
3.435,3.44,3.435,3.4398,2100,2021-05-07 19:20:00,CEMI
3.4388,3.46,3.4247,3.45,25103,2021-05-07 19:25:00,CEMI
3.4523,3.47,3.45,3.47,1249,2021-05-07 19:30:00,CEMI
3.46,3.46,3.44,3.44,1306,2021-05-07 19:35:00,CEMI
3.45,3.46,3.44,3.4401,1486,2021-05-07 19:40:00,CEMI
3.44,3.46,3.43,3.445,6782,2021-05-07 19:45:00,CEMI
3.43,3.45,3.42,3.42,4263,2021-05-07 19:50:00,CEMI
3.42,3.45,3.42,3.43,12394,2021-05-07 19:55:00,CEMI
3.42,3.42,3.42,3.42,9987,2021-05-07 20:00:00,CEMI
3.42,3.42,3.42,3.42,100,2021-05-07 20:10:00,CEMI
3.42,3.42,3.42,3.42,251,2021-05-07 20:20:00,CEMI
3.42,3.42,3.42,3.42,696,2021-05-07 20:40:00,CEMI
3.43,3.43,3.43,3.43,500,2021-05-07 20:50:00,CEMI
3.44,3.44,3.44,3.44,130,2021-05-07 21:25:00,CEMI
3.43,3.43,3.43,3.43,100,2021-05-07 21:30:00,CEMI
3.44,3.44,3.44,3.44,240,2021-05-07 21:40:00,CEMI
3.45,3.45,3.45,3.45,300,2021-05-07 21:55:00,CEMI
3.42,3.42,3.42,3.42,251,2021-05-07 22:35:00,CEMI
3.46,3.46,3.46,3.46,517,2021-05-07 22:45:00,CEMI
3.46,3.46,3.46,3.46,350,2021-05-07 22:55:00,CEMI
3.46,3.46,3.46,3.46,200,2021-05-07 23:00:00,CEMI
3.48,3.48,3.48,3.48,100,2021-05-07 23:05:00,CEMI
3.47,3.47,3.43,3.43,1404,2021-05-07 23:20:00,CEMI
3.47,3.47,3.43,3.43,707,2021-05-10 11:10:00,CEMI
3.47,3.47,3.47,3.47,100,2021-05-10 12:20:00,CEMI
3.4599,3.4599,3.4599,3.4599,1000,2021-05-10 12:30:00,CEMI
3.46,3.46,3.46,3.46,200,2021-05-10 12:55:00,CEMI
3.46,3.46,3.46,3.46,100,2021-05-10 13:10:00,CEMI
3.43,3.447,3.39,3.4,14445,2021-05-10 13:30:00,CEMI
3.41,3.41,3.33,3.39,21947,2021-05-10 13:35:00,CEMI
3.37,3.3732,3.355,3.3681,6152,2021-05-10 13:40:00,CEMI
3.35,3.37,3.3369,3.3618,7030,2021-05-10 13:45:00,CEMI
3.36,3.36,3.312,3.32,11293,2021-05-10 13:50:00,CEMI
3.3398,3.3398,3.26,3.32,86929,2021-05-10 13:55:00,CEMI
3.3272,3.3272,3.29,3.31,5180,2021-05-10 14:00:00,CEMI
3.32,3.32,3.285,3.29,3403,2021-05-10 14:05:00,CEMI
3.32,3.36,3.3101,3.3101,10397,2021-05-10 14:10:00,CEMI
3.33,3.35,3.33,3.34,12700,2021-05-10 14:15:00,CEMI
3.35,3.35,3.32,3.325,1800,2021-05-10 14:20:00,CEMI
3.32,3.33,3.31,3.33,2200,2021-05-10 14:25:00,CEMI
3.33,3.35,3.31,3.34,3085,2021-05-10 14:30:00,CEMI
3.3401,3.37,3.34,3.37,8450,2021-05-10 14:35:00,CEMI
3.36,3.37,3.34,3.37,19447,2021-05-10 14:40:00,CEMI
3.36,3.36,3.32,3.34,6801,2021-05-10 14:45:00,CEMI
3.34,3.355,3.3219,3.355,1509,2021-05-10 14:50:00,CEMI
3.34,3.36,3.34,3.36,850,2021-05-10 14:55:00,CEMI
3.36,3.36,3.33,3.35,1810,2021-05-10 15:00:00,CEMI
3.34,3.3583,3.34,3.3583,3903,2021-05-10 15:05:00,CEMI
3.3483,3.3483,3.33,3.33,3868,2021-05-10 15:10:00,CEMI
3.3274,3.36,3.325,3.3432,3410,2021-05-10 15:15:00,CEMI
3.3402,3.3578,3.3402,3.3578,700,2021-05-10 15:20:00,CEMI
3.35,3.36,3.34,3.36,1600,2021-05-10 15:25:00,CEMI
3.36,3.36,3.3437,3.358,494,2021-05-10 15:30:00,CEMI
3.36,3.36,3.34,3.36,1439,2021-05-10 15:35:00,CEMI
3.3673,3.37,3.355,3.364,2591,2021-05-10 15:40:00,CEMI
3.37,3.375,3.3601,3.3601,800,2021-05-10 15:45:00,CEMI
3.36,3.3738,3.35,3.3738,8700,2021-05-10 15:50:00,CEMI
3.3726,3.3726,3.3689,3.3689,200,2021-05-10 15:55:00,CEMI
3.365,3.365,3.35,3.35,2250,2021-05-10 16:00:00,CEMI
3.365,3.365,3.365,3.365,200,2021-05-10 16:05:00,CEMI
3.38,3.38,3.37,3.37,2800,2021-05-10 16:10:00,CEMI
3.37,3.37,3.37,3.37,100,2021-05-10 16:15:00,CEMI
3.3776,3.378,3.36,3.363,2993,2021-05-10 16:20:00,CEMI
3.37,3.38,3.37,3.38,1200,2021-05-10 16:25:00,CEMI
3.36,3.3601,3.34,3.35,4475,2021-05-10 16:30:00,CEMI
3.36,3.36,3.35,3.35,401,2021-05-10 16:35:00,CEMI
3.35,3.35,3.34,3.35,3700,2021-05-10 16:40:00,CEMI
3.34,3.345,3.34,3.345,960,2021-05-10 16:45:00,CEMI
3.3475,3.3475,3.33,3.33,1633,2021-05-10 16:50:00,CEMI
3.33,3.331,3.33,3.331,300,2021-05-10 16:55:00,CEMI
3.34,3.34,3.33,3.333,1631,2021-05-10 17:00:00,CEMI
3.335,3.3381,3.33,3.33,640,2021-05-10 17:05:00,CEMI
3.335,3.3369,3.3301,3.3369,1500,2021-05-10 17:10:00,CEMI
3.3399,3.348,3.3375,3.34,5576,2021-05-10 17:15:00,CEMI
3.34,3.3523,3.34,3.3523,1760,2021-05-10 17:20:00,CEMI
3.36,3.36,3.36,3.36,100,2021-05-10 17:25:00,CEMI
3.35,3.35,3.34,3.35,3559,2021-05-10 17:30:00,CEMI
3.3401,3.36,3.3401,3.35,1900,2021-05-10 17:35:00,CEMI
3.35,3.3599,3.3401,3.342,2712,2021-05-10 17:40:00,CEMI
3.34,3.36,3.34,3.36,600,2021-05-10 17:45:00,CEMI
3.37,3.37,3.35,3.37,2051,2021-05-10 17:50:00,CEMI
3.3759,3.3759,3.36,3.36,4300,2021-05-10 17:55:00,CEMI
3.36,3.38,3.36,3.37,2125,2021-05-10 18:00:00,CEMI
3.3706,3.3706,3.36,3.3631,4715,2021-05-10 18:05:00,CEMI
3.36,3.369,3.3519,3.36,4232,2021-05-10 18:15:00,CEMI
3.355,3.355,3.34,3.345,2200,2021-05-10 18:20:00,CEMI
3.36,3.366,3.34,3.34,3930,2021-05-10 18:25:00,CEMI
3.345,3.36,3.34,3.355,1278,2021-05-10 18:30:00,CEMI
3.3501,3.3682,3.35,3.3682,1841,2021-05-10 18:35:00,CEMI
3.365,3.3699,3.351,3.36,2290,2021-05-10 18:40:00,CEMI
3.35,3.35,3.35,3.35,1800,2021-05-10 18:45:00,CEMI
3.34,3.3402,3.34,3.3401,1400,2021-05-10 18:50:00,CEMI
3.33,3.34,3.325,3.34,7325,2021-05-10 18:55:00,CEMI
3.34,3.34,3.34,3.34,900,2021-05-10 19:00:00,CEMI
3.34,3.36,3.34,3.36,1350,2021-05-10 19:05:00,CEMI
3.36,3.36,3.34,3.34,800,2021-05-10 19:10:00,CEMI
3.35,3.35,3.35,3.35,300,2021-05-10 19:15:00,CEMI
3.34,3.34,3.32,3.32,2851,2021-05-10 19:20:00,CEMI
3.32,3.33,3.32,3.33,1946,2021-05-10 19:25:00,CEMI
3.33,3.35,3.31,3.35,6312,2021-05-10 19:30:00,CEMI
3.345,3.35,3.34,3.3488,5347,2021-05-10 19:35:00,CEMI
3.345,3.35,3.34,3.345,4500,2021-05-10 19:40:00,CEMI
3.345,3.35,3.32,3.325,8678,2021-05-10 19:45:00,CEMI
3.325,3.33,3.315,3.32,6545,2021-05-10 19:50:00,CEMI
3.32,3.33,3.31,3.32,6943,2021-05-10 19:55:00,CEMI
3.3,3.3,3.3,3.3,14542,2021-05-10 20:00:00,CEMI
3.3138,3.3138,3.3138,3.3138,200,2021-05-10 20:10:00,CEMI
3.3111,3.3111,3.31,3.31,1400,2021-05-10 20:30:00,CEMI
3.31,3.31,3.31,3.31,199,2021-05-10 21:20:00,CEMI
3.3,3.3,3.3,3.3,696,2021-05-10 21:25:00,CEMI
3.31,3.31,3.31,3.31,300,2021-05-10 22:30:00,CEMI
3.3,3.3,3.26,3.26,400,2021-05-11 11:00:00,CEMI
3.26,3.26,3.26,3.26,400,2021-05-11 11:10:00,CEMI
3.26,3.26,3.26,3.26,200,2021-05-11 11:55:00,CEMI
3.25,3.25,3.25,3.25,444,2021-05-11 12:05:00,CEMI
3.25,3.25,3.25,3.25,600,2021-05-11 12:10:00,CEMI
3.2,3.2,3.2,3.2,250,2021-05-11 12:20:00,CEMI
3.1602,3.17,3.16,3.17,2095,2021-05-11 12:25:00,CEMI
3.2,3.2,3.2,3.2,460,2021-05-11 12:40:00,CEMI
3.2,3.2,3.2,3.2,988,2021-05-11 12:55:00,CEMI
3.2,3.2,3.2,3.2,1074,2021-05-11 13:00:00,CEMI
3.22,3.22,3.21,3.21,1500,2021-05-11 13:05:00,CEMI
3.17,3.17,3.17,3.17,250,2021-05-11 13:10:00,CEMI
3.15,3.15,3.15,3.15,100,2021-05-11 13:15:00,CEMI
3.17,3.17,3.13,3.13,1874,2021-05-11 13:20:00,CEMI
3.18,3.22,3.18,3.22,1795,2021-05-11 13:25:00,CEMI
3.22,3.22,3.1,3.17,52181,2021-05-11 13:30:00,CEMI
3.17,3.26,3.17,3.25,25599,2021-05-11 13:35:00,CEMI
3.2701,3.31,3.2701,3.31,15072,2021-05-11 13:40:00,CEMI
3.3,3.3227,3.29,3.32,12811,2021-05-11 13:45:00,CEMI
3.3141,3.36,3.3101,3.35,10480,2021-05-11 13:50:00,CEMI
3.36,3.37,3.335,3.36,3193,2021-05-11 13:55:00,CEMI
3.37,3.37,3.33,3.34,5856,2021-05-11 14:00:00,CEMI
3.33,3.33,3.2559,3.2559,4999,2021-05-11 14:05:00,CEMI
3.2444,3.3,3.2444,3.3,2640,2021-05-11 14:10:00,CEMI
3.2951,3.2951,3.2766,3.2766,2110,2021-05-11 14:15:00,CEMI
3.3,3.315,3.29,3.3,7033,2021-05-11 14:20:00,CEMI
3.29,3.29,3.25,3.25,1464,2021-05-11 14:25:00,CEMI
3.225,3.26,3.225,3.26,2314,2021-05-11 14:30:00,CEMI
3.24,3.24,3.22,3.222,5583,2021-05-11 14:35:00,CEMI
3.2261,3.26,3.2261,3.26,6738,2021-05-11 14:40:00,CEMI
3.24,3.26,3.24,3.26,1900,2021-05-11 14:45:00,CEMI
3.29,3.295,3.29,3.29,3060,2021-05-11 14:50:00,CEMI
3.285,3.295,3.285,3.29,6980,2021-05-11 14:55:00,CEMI
3.28,3.28,3.2682,3.27,1202,2021-05-11 15:00:00,CEMI
3.2596,3.29,3.2596,3.29,1900,2021-05-11 15:05:00,CEMI
3.2811,3.297,3.28,3.29,4040,2021-05-11 15:10:00,CEMI
3.29,3.35,3.29,3.35,8979,2021-05-11 15:15:00,CEMI
3.3408,3.36,3.34,3.36,376,2021-05-11 15:20:00,CEMI
3.36,3.36,3.34,3.35,400,2021-05-11 15:25:00,CEMI
3.34,3.36,3.34,3.36,522,2021-05-11 15:30:00,CEMI
3.331,3.34,3.33,3.34,800,2021-05-11 15:35:00,CEMI
3.33,3.33,3.31,3.32,11567,2021-05-11 15:40:00,CEMI
3.31,3.31,3.31,3.31,400,2021-05-11 15:45:00,CEMI
3.34,3.34,3.34,3.34,500,2021-05-11 15:50:00,CEMI
3.35,3.37,3.35,3.37,3400,2021-05-11 15:55:00,CEMI
3.36,3.38,3.35,3.37,4937,2021-05-11 16:00:00,CEMI
3.38,3.39,3.38,3.39,400,2021-05-11 16:05:00,CEMI
3.38,3.38,3.37,3.38,7200,2021-05-11 16:10:00,CEMI
3.38,3.39,3.38,3.385,1500,2021-05-11 16:15:00,CEMI
3.39,3.39,3.39,3.39,100,2021-05-11 16:20:00,CEMI
3.3899,3.39,3.36,3.36,1688,2021-05-11 16:25:00,CEMI
3.3689,3.37,3.365,3.37,1100,2021-05-11 16:30:00,CEMI
3.3799,3.395,3.37,3.395,750,2021-05-11 16:35:00,CEMI
3.39,3.395,3.39,3.395,800,2021-05-11 16:40:00,CEMI
3.38,3.38,3.36,3.36,688,2021-05-11 16:45:00,CEMI
3.36,3.36,3.36,3.36,348,2021-05-11 16:50:00,CEMI
3.34,3.37,3.34,3.37,4530,2021-05-11 17:00:00,CEMI
3.36,3.39,3.36,3.39,10240,2021-05-11 17:05:00,CEMI
3.4,3.4,3.38,3.38,1000,2021-05-11 17:10:00,CEMI
3.38,3.38,3.38,3.38,100,2021-05-11 17:15:00,CEMI
3.39,3.39,3.39,3.39,100,2021-05-11 17:20:00,CEMI
3.3715,3.3715,3.3715,3.3715,280,2021-05-11 17:25:00,CEMI
3.38,3.4,3.38,3.4,6789,2021-05-11 17:30:00,CEMI
3.43,3.43,3.43,3.43,600,2021-05-11 17:35:00,CEMI
3.415,3.415,3.4099,3.4099,1081,2021-05-11 17:40:00,CEMI
3.41,3.41,3.39,3.39,1332,2021-05-11 17:45:00,CEMI
3.41,3.41,3.36,3.36,743,2021-05-11 17:50:00,CEMI
3.365,3.365,3.3511,3.3511,600,2021-05-11 17:55:00,CEMI
3.38,3.38,3.38,3.38,547,2021-05-11 18:00:00,CEMI
3.378,3.409,3.378,3.39,4923,2021-05-11 18:05:00,CEMI
3.38,3.38,3.38,3.38,500,2021-05-11 18:10:00,CEMI
3.37,3.37,3.36,3.37,1080,2021-05-11 18:15:00,CEMI
3.38,3.4,3.3799,3.4,1000,2021-05-11 18:20:00,CEMI
3.399,3.4001,3.399,3.4001,400,2021-05-11 18:25:00,CEMI
3.4,3.4,3.38,3.39,2022,2021-05-11 18:30:00,CEMI
3.3838,3.3838,3.37,3.37,2841,2021-05-11 18:35:00,CEMI
3.36,3.39,3.36,3.39,1000,2021-05-11 18:40:00,CEMI
3.39,3.39,3.385,3.385,2325,2021-05-11 18:45:00,CEMI
3.39,3.3982,3.385,3.3982,831,2021-05-11 18:50:00,CEMI
3.39,3.39,3.38,3.38,1100,2021-05-11 18:55:00,CEMI
3.371,3.38,3.371,3.38,400,2021-05-11 19:00:00,CEMI
3.38,3.39,3.36,3.37,2925,2021-05-11 19:05:00,CEMI
3.36,3.37,3.36,3.36,803,2021-05-11 19:10:00,CEMI
3.37,3.4,3.3601,3.4,2425,2021-05-11 19:15:00,CEMI
3.41,3.41,3.39,3.4,5900,2021-05-11 19:20:00,CEMI
3.4,3.4,3.37,3.37,1922,2021-05-11 19:25:00,CEMI
3.37,3.39,3.36,3.36,3179,2021-05-11 19:30:00,CEMI
3.37,3.37,3.35,3.35,6237,2021-05-11 19:35:00,CEMI
3.35,3.36,3.34,3.36,2183,2021-05-11 19:40:00,CEMI
3.36,3.37,3.35,3.35,3187,2021-05-11 19:45:00,CEMI
3.35,3.36,3.34,3.34,7345,2021-05-11 19:50:00,CEMI
3.35,3.38,3.34,3.35,10053,2021-05-11 19:55:00,CEMI
3.35,3.35,3.35,3.35,14507,2021-05-11 20:00:00,CEMI
3.35,3.35,3.35,3.35,500,2021-05-11 20:25:00,CEMI
3.3269,3.3269,3.3269,3.3269,100,2021-05-11 21:15:00,CEMI
3.15,3.15,3.15,3.15,286,2021-05-12 08:00:00,CEMI
3.34,3.34,3.34,3.34,100,2021-05-12 12:30:00,CEMI
3.3399,3.3399,3.3399,3.3399,300,2021-05-12 13:10:00,CEMI
3.28,3.34,3.28,3.33,6699,2021-05-12 13:30:00,CEMI
3.3114,3.366,3.3,3.35,8758,2021-05-12 13:35:00,CEMI
3.33,3.34,3.32,3.33,1500,2021-05-12 13:40:00,CEMI
3.33,3.37,3.33,3.36,6905,2021-05-12 13:45:00,CEMI
3.35,3.35,3.29,3.3,2745,2021-05-12 13:50:00,CEMI
3.28,3.285,3.27,3.285,2000,2021-05-12 13:55:00,CEMI
3.285,3.2999,3.2699,3.2999,8093,2021-05-12 14:00:00,CEMI
3.305,3.33,3.305,3.31,1960,2021-05-12 14:05:00,CEMI
3.35,3.35,3.32,3.33,1400,2021-05-12 14:10:00,CEMI
3.33,3.34,3.32,3.34,3400,2021-05-12 14:15:00,CEMI
3.34,3.36,3.34,3.34,1137,2021-05-12 14:20:00,CEMI
3.3478,3.36,3.3305,3.36,725,2021-05-12 14:25:00,CEMI
3.345,3.36,3.345,3.3512,546,2021-05-12 14:30:00,CEMI
3.35,3.35,3.35,3.35,700,2021-05-12 14:35:00,CEMI
3.33,3.33,3.32,3.32,2766,2021-05-12 14:40:00,CEMI
3.32,3.32,3.31,3.3101,1593,2021-05-12 14:45:00,CEMI
3.31,3.3309,3.31,3.33,6207,2021-05-12 14:50:00,CEMI
3.31,3.31,3.3,3.3,200,2021-05-12 14:55:00,CEMI
3.3021,3.34,3.3021,3.34,2840,2021-05-12 15:00:00,CEMI
3.35,3.38,3.35,3.38,4357,2021-05-12 15:05:00,CEMI
3.365,3.4,3.365,3.4,5318,2021-05-12 15:10:00,CEMI
3.38,3.38,3.3796,3.38,1313,2021-05-12 15:15:00,CEMI
3.4,3.4,3.3602,3.3616,1500,2021-05-12 15:20:00,CEMI
3.38,3.38,3.355,3.355,930,2021-05-12 15:25:00,CEMI
3.36,3.36,3.33,3.33,19642,2021-05-12 15:30:00,CEMI
3.33,3.34,3.32,3.34,3000,2021-05-12 15:35:00,CEMI
3.36,3.37,3.36,3.37,400,2021-05-12 15:40:00,CEMI
3.36,3.39,3.36,3.39,700,2021-05-12 15:45:00,CEMI
3.38,3.39,3.36,3.36,2036,2021-05-12 15:50:00,CEMI
3.38,3.38,3.3629,3.38,425,2021-05-12 15:55:00,CEMI
3.38,3.38,3.36,3.36,400,2021-05-12 16:00:00,CEMI
3.38,3.38,3.36,3.365,1200,2021-05-12 16:05:00,CEMI
3.3601,3.37,3.35,3.35,6095,2021-05-12 16:10:00,CEMI
3.36,3.36,3.33,3.34,2900,2021-05-12 16:15:00,CEMI
3.33,3.36,3.33,3.36,2910,2021-05-12 16:20:00,CEMI
3.3525,3.37,3.35,3.37,936,2021-05-12 16:25:00,CEMI
3.36,3.37,3.36,3.37,2844,2021-05-12 16:30:00,CEMI
3.38,3.38,3.37,3.37,300,2021-05-12 16:35:00,CEMI
3.38,3.38,3.3707,3.38,1800,2021-05-12 16:40:00,CEMI
3.3812,3.4,3.3812,3.4,7314,2021-05-12 16:45:00,CEMI
3.41,3.41,3.4,3.4,836,2021-05-12 16:50:00,CEMI
3.4,3.41,3.4,3.41,866,2021-05-12 16:55:00,CEMI
3.4,3.42,3.4,3.4099,12739,2021-05-12 17:00:00,CEMI
3.41,3.43,3.41,3.42,6634,2021-05-12 17:05:00,CEMI
3.41,3.42,3.41,3.41,3314,2021-05-12 17:10:00,CEMI
3.4,3.4,3.39,3.39,1600,2021-05-12 17:15:00,CEMI
3.38,3.38,3.37,3.37,600,2021-05-12 17:20:00,CEMI
3.37,3.37,3.37,3.37,100,2021-05-12 17:25:00,CEMI
3.38,3.38,3.358,3.358,2317,2021-05-12 17:30:00,CEMI
3.36,3.38,3.36,3.38,2170,2021-05-12 17:35:00,CEMI
3.39,3.39,3.39,3.39,200,2021-05-12 17:40:00,CEMI
3.38,3.38,3.3527,3.3527,1875,2021-05-12 17:45:00,CEMI
3.35,3.35,3.35,3.35,100,2021-05-12 17:50:00,CEMI
3.3699,3.37,3.36,3.36,956,2021-05-12 17:55:00,CEMI
3.36,3.37,3.36,3.36,1800,2021-05-12 18:00:00,CEMI
3.36,3.37,3.36,3.37,741,2021-05-12 18:05:00,CEMI
3.36,3.36,3.34,3.345,2027,2021-05-12 18:10:00,CEMI
3.34,3.34,3.33,3.34,1400,2021-05-12 18:15:00,CEMI
3.35,3.35,3.35,3.35,500,2021-05-12 18:20:00,CEMI
3.34,3.3407,3.34,3.34,4301,2021-05-12 18:25:00,CEMI
3.34,3.36,3.32,3.3515,7935,2021-05-12 18:30:00,CEMI
3.35,3.35,3.34,3.34,1918,2021-05-12 18:35:00,CEMI
3.33,3.35,3.33,3.35,300,2021-05-12 18:40:00,CEMI
3.33,3.34,3.33,3.34,5282,2021-05-12 18:45:00,CEMI
3.34,3.34,3.34,3.34,1300,2021-05-12 18:50:00,CEMI
3.34,3.34,3.31,3.31,1400,2021-05-12 18:55:00,CEMI
3.31,3.315,3.302,3.302,9039,2021-05-12 19:00:00,CEMI
3.3,3.31,3.3,3.3,5608,2021-05-12 19:05:00,CEMI
3.3,3.3,3.28,3.28,10328,2021-05-12 19:10:00,CEMI
3.28,3.2899,3.28,3.2833,3900,2021-05-12 19:15:00,CEMI
3.285,3.29,3.25,3.25,4382,2021-05-12 19:20:00,CEMI
3.25,3.28,3.25,3.276,3413,2021-05-12 19:25:00,CEMI
3.2723,3.2809,3.2699,3.28,3977,2021-05-12 19:30:00,CEMI
3.28,3.28,3.24,3.2423,6494,2021-05-12 19:35:00,CEMI
3.24,3.26,3.23,3.25,7654,2021-05-12 19:40:00,CEMI
3.25,3.27,3.25,3.26,3414,2021-05-12 19:45:00,CEMI
3.26,3.27,3.245,3.25,7500,2021-05-12 19:50:00,CEMI
3.25,3.3,3.25,3.29,32071,2021-05-12 19:55:00,CEMI
3.29,3.29,3.29,3.29,12318,2021-05-12 20:00:00,CEMI
3.39,3.39,3.39,3.39,100,2021-05-12 21:25:00,CEMI
3.23,3.23,3.23,3.23,100,2021-05-12 22:45:00,CEMI
3.26,3.26,3.26,3.26,100,2021-05-13 11:15:00,CEMI
3.26,3.26,3.26,3.26,100,2021-05-13 11:50:00,CEMI
3.28,3.28,3.28,3.28,1182,2021-05-13 12:25:00,CEMI
3.32,3.32,3.3,3.3,300,2021-05-13 13:05:00,CEMI
3.29,3.3761,3.29,3.33,10421,2021-05-13 13:30:00,CEMI
3.31,3.3516,3.3,3.35,16150,2021-05-13 13:35:00,CEMI
3.32,3.32,3.32,3.32,100,2021-05-13 13:40:00,CEMI
3.33,3.3491,3.28,3.2917,7623,2021-05-13 13:45:00,CEMI
3.295,3.34,3.295,3.34,1870,2021-05-13 13:50:00,CEMI
3.33,3.3329,3.33,3.3329,410,2021-05-13 13:55:00,CEMI
3.35,3.38,3.3499,3.35,5253,2021-05-13 14:00:00,CEMI
3.365,3.371,3.34,3.34,1437,2021-05-13 14:05:00,CEMI
3.34,3.36,3.33,3.36,6013,2021-05-13 14:10:00,CEMI
3.36,3.36,3.33,3.3321,6709,2021-05-13 14:15:00,CEMI
3.34,3.34,3.32,3.34,3195,2021-05-13 14:20:00,CEMI
3.3438,3.345,3.3438,3.345,347,2021-05-13 14:25:00,CEMI
3.33,3.36,3.33,3.36,1749,2021-05-13 14:30:00,CEMI
3.34,3.34,3.32,3.32,12859,2021-05-13 14:35:00,CEMI
3.34,3.34,3.33,3.33,5048,2021-05-13 14:40:00,CEMI
3.32,3.32,3.29,3.32,3242,2021-05-13 14:45:00,CEMI
3.33,3.33,3.33,3.33,300,2021-05-13 14:50:00,CEMI
3.33,3.33,3.32,3.32,1328,2021-05-13 14:55:00,CEMI
3.3101,3.311,3.28,3.2995,8102,2021-05-13 15:00:00,CEMI
3.28,3.29,3.2738,3.2738,1482,2021-05-13 15:05:00,CEMI
3.29,3.29,3.28,3.28,6965,2021-05-13 15:10:00,CEMI
3.27,3.2822,3.27,3.2822,1654,2021-05-13 15:15:00,CEMI
3.29,3.29,3.27,3.2701,825,2021-05-13 15:20:00,CEMI
3.27,3.27,3.2498,3.25,6190,2021-05-13 15:25:00,CEMI
3.2599,3.28,3.25,3.28,7128,2021-05-13 15:30:00,CEMI
3.28,3.295,3.275,3.295,1242,2021-05-13 15:35:00,CEMI
3.28,3.28,3.27,3.27,1028,2021-05-13 15:40:00,CEMI
3.2501,3.2501,3.25,3.25,3300,2021-05-13 15:45:00,CEMI
3.27,3.27,3.26,3.2681,2150,2021-05-13 15:50:00,CEMI
3.26,3.29,3.2501,3.26,4333,2021-05-13 15:55:00,CEMI
3.27,3.285,3.27,3.285,1002,2021-05-13 16:00:00,CEMI
3.29,3.29,3.27,3.27,1180,2021-05-13 16:05:00,CEMI
3.275,3.29,3.27,3.27,1916,2021-05-13 16:15:00,CEMI
3.27,3.27,3.26,3.26,1784,2021-05-13 16:20:00,CEMI
3.275,3.275,3.275,3.275,5850,2021-05-13 16:25:00,CEMI
3.295,3.295,3.28,3.287,1963,2021-05-13 16:30:00,CEMI
3.28,3.28,3.275,3.275,1900,2021-05-13 16:35:00,CEMI
3.28,3.28,3.26,3.275,2106,2021-05-13 16:40:00,CEMI
3.28,3.28,3.27,3.28,400,2021-05-13 16:45:00,CEMI
3.26,3.26,3.232,3.232,3205,2021-05-13 16:50:00,CEMI
3.248,3.248,3.211,3.2375,3389,2021-05-13 16:55:00,CEMI
3.24,3.24,3.23,3.235,1850,2021-05-13 17:00:00,CEMI
3.24,3.24,3.2201,3.2201,1777,2021-05-13 17:05:00,CEMI
3.25,3.25,3.23,3.23,2393,2021-05-13 17:10:00,CEMI
3.25,3.25,3.24,3.25,1625,2021-05-13 17:15:00,CEMI
3.23,3.23,3.19,3.19,14635,2021-05-13 17:20:00,CEMI
3.2,3.205,3.19,3.205,2565,2021-05-13 17:25:00,CEMI
3.2008,3.2008,3.16,3.18,5059,2021-05-13 17:30:00,CEMI
3.175,3.175,3.16,3.16,4108,2021-05-13 17:35:00,CEMI
3.17,3.17,3.13,3.14,8242,2021-05-13 17:40:00,CEMI
3.13,3.1499,3.1278,3.13,5141,2021-05-13 17:45:00,CEMI
3.1427,3.17,3.13,3.17,4905,2021-05-13 17:50:00,CEMI
3.19,3.215,3.1739,3.1739,9985,2021-05-13 17:55:00,CEMI
3.193,3.22,3.193,3.22,369,2021-05-13 18:00:00,CEMI
3.2399,3.25,3.215,3.24,6584,2021-05-13 18:05:00,CEMI
3.24,3.24,3.23,3.23,1549,2021-05-13 18:10:00,CEMI
3.21,3.22,3.19,3.2,5128,2021-05-13 18:15:00,CEMI
3.21,3.21,3.2,3.2,1431,2021-05-13 18:20:00,CEMI
3.19,3.19,3.18,3.18,328,2021-05-13 18:25:00,CEMI
3.1836,3.2,3.1836,3.2,2011,2021-05-13 18:30:00,CEMI
3.196,3.239,3.19,3.239,2683,2021-05-13 18:35:00,CEMI
3.2174,3.2174,3.2,3.215,494,2021-05-13 18:40:00,CEMI
3.2285,3.2285,3.2,3.22,2925,2021-05-13 18:45:00,CEMI
3.21,3.21,3.18,3.2,13309,2021-05-13 18:50:00,CEMI
3.21,3.215,3.19,3.19,1429,2021-05-13 18:55:00,CEMI
3.19,3.2148,3.19,3.19,1791,2021-05-13 19:00:00,CEMI
3.19,3.21,3.19,3.201,4950,2021-05-13 19:05:00,CEMI
3.205,3.205,3.161,3.17,7707,2021-05-13 19:10:00,CEMI
3.17,3.19,3.17,3.19,12865,2021-05-13 19:15:00,CEMI
3.18,3.2,3.165,3.165,2489,2021-05-13 19:20:00,CEMI
3.17,3.18,3.17,3.18,2521,2021-05-13 19:25:00,CEMI
3.18,3.19,3.1722,3.19,6023,2021-05-13 19:30:00,CEMI
3.2,3.2,3.15,3.15,20470,2021-05-13 19:35:00,CEMI
3.16,3.19,3.16,3.19,12154,2021-05-13 19:40:00,CEMI
3.19,3.22,3.19,3.22,4783,2021-05-13 19:45:00,CEMI
3.21,3.23,3.21,3.21,5412,2021-05-13 19:50:00,CEMI
3.21,3.22,3.2,3.2,13869,2021-05-13 19:55:00,CEMI
3.22,3.22,3.22,3.22,9764,2021-05-13 20:00:00,CEMI
3.1395,3.1395,3.13,3.13,200,2021-05-13 21:10:00,CEMI
3.13,3.13,3.13,3.13,100,2021-05-13 22:45:00,CEMI
3.19,3.19,3.19,3.19,250,2021-05-13 23:25:00,CEMI
3.16,3.16,3.16,3.16,100,2021-05-13 23:55:00,CEMI
3.22,3.22,3.22,3.22,235,2021-05-14 08:20:00,CEMI
3.24,3.24,3.24,3.24,103,2021-05-14 11:10:00,CEMI
3.24,3.24,3.24,3.24,100,2021-05-14 11:25:00,CEMI
3.23,3.23,3.23,3.23,100,2021-05-14 11:30:00,CEMI
3.23,3.23,3.23,3.23,239,2021-05-14 12:45:00,CEMI
3.23,3.23,3.23,3.23,100,2021-05-14 13:15:00,CEMI
3.23,3.23,3.23,3.23,109,2021-05-14 13:20:00,CEMI
3.24,3.24,3.22,3.22,950,2021-05-14 13:25:00,CEMI
3.26,3.26,3.16,3.25,6191,2021-05-14 13:30:00,CEMI
3.23,3.2527,3.18,3.2,5225,2021-05-14 13:35:00,CEMI
3.18,3.22,3.16,3.18,10704,2021-05-14 13:40:00,CEMI
3.18,3.23,3.15,3.16,7146,2021-05-14 13:45:00,CEMI
3.1783,3.1901,3.13,3.15,19936,2021-05-14 13:50:00,CEMI
3.1728,3.21,3.16,3.21,3650,2021-05-14 13:55:00,CEMI
3.21,3.23,3.21,3.22,1850,2021-05-14 14:00:00,CEMI
3.225,3.24,3.225,3.24,1543,2021-05-14 14:05:00,CEMI
3.25,3.279,3.24,3.24,2100,2021-05-14 14:10:00,CEMI
3.24,3.28,3.24,3.24,1199,2021-05-14 14:15:00,CEMI
3.23,3.29,3.23,3.26,3548,2021-05-14 14:20:00,CEMI
3.2899,3.35,3.275,3.32,8666,2021-05-14 14:25:00,CEMI
3.33,3.34,3.3162,3.34,2510,2021-05-14 14:30:00,CEMI
3.33,3.34,3.3117,3.34,10193,2021-05-14 14:35:00,CEMI
3.34,3.34,3.32,3.33,5792,2021-05-14 14:40:00,CEMI
3.329,3.36,3.32,3.32,8267,2021-05-14 14:45:00,CEMI
3.325,3.33,3.32,3.3219,2386,2021-05-14 14:50:00,CEMI
3.32,3.32,3.3049,3.31,10100,2021-05-14 14:55:00,CEMI
3.32,3.32,3.3,3.31,2080,2021-05-14 15:00:00,CEMI
3.31,3.32,3.3,3.3,11887,2021-05-14 15:05:00,CEMI
3.31,3.32,3.3,3.3,1985,2021-05-14 15:10:00,CEMI
3.29,3.294,3.29,3.29,462,2021-05-14 15:15:00,CEMI
3.29,3.31,3.29,3.31,3451,2021-05-14 15:20:00,CEMI
3.31,3.31,3.3,3.3,300,2021-05-14 15:25:00,CEMI
3.3,3.31,3.29,3.3,1897,2021-05-14 15:30:00,CEMI
3.3,3.3,3.25,3.3,16993,2021-05-14 15:35:00,CEMI
3.29,3.29,3.28,3.28,400,2021-05-14 15:40:00,CEMI
3.29,3.29,3.29,3.29,100,2021-05-14 15:45:00,CEMI
3.29,3.3,3.29,3.3,300,2021-05-14 15:50:00,CEMI
3.295,3.3191,3.295,3.3191,5102,2021-05-14 15:55:00,CEMI
3.32,3.33,3.32,3.33,300,2021-05-14 16:00:00,CEMI
3.32,3.35,3.31,3.35,1421,2021-05-14 16:05:00,CEMI
3.33,3.3464,3.33,3.3464,200,2021-05-14 16:15:00,CEMI
3.33,3.35,3.32,3.35,1200,2021-05-14 16:20:00,CEMI
3.322,3.35,3.32,3.3499,1600,2021-05-14 16:25:00,CEMI
3.32,3.35,3.32,3.35,1456,2021-05-14 16:30:00,CEMI
3.335,3.34,3.3,3.34,5081,2021-05-14 16:35:00,CEMI
3.32,3.34,3.3,3.33,2300,2021-05-14 16:40:00,CEMI
3.31,3.31,3.31,3.31,200,2021-05-14 16:45:00,CEMI
3.31,3.32,3.31,3.32,500,2021-05-14 16:50:00,CEMI
3.31,3.33,3.31,3.32,428,2021-05-14 16:55:00,CEMI
3.32,3.33,3.32,3.32,800,2021-05-14 17:00:00,CEMI
3.31,3.33,3.31,3.33,1721,2021-05-14 17:05:00,CEMI
3.31,3.31,3.29,3.29,900,2021-05-14 17:10:00,CEMI
3.29,3.3,3.28,3.295,8191,2021-05-14 17:15:00,CEMI
3.31,3.31,3.3,3.3,600,2021-05-14 17:20:00,CEMI
3.28,3.3,3.28,3.3,700,2021-05-14 17:25:00,CEMI
3.2901,3.3,3.29,3.3,560,2021-05-14 17:30:00,CEMI
3.2999,3.3081,3.29,3.3009,627,2021-05-14 17:35:00,CEMI
3.3,3.3,3.29,3.29,1734,2021-05-14 17:40:00,CEMI
3.29,3.29,3.28,3.29,1978,2021-05-14 17:45:00,CEMI
3.31,3.31,3.29,3.29,500,2021-05-14 17:50:00,CEMI
3.29,3.3,3.29,3.295,1824,2021-05-14 17:55:00,CEMI
3.28,3.3,3.28,3.3,300,2021-05-14 18:00:00,CEMI
3.2801,3.3076,3.28,3.29,6103,2021-05-14 18:05:00,CEMI
3.29,3.32,3.29,3.315,6688,2021-05-14 18:10:00,CEMI
3.3001,3.3167,3.3001,3.31,9888,2021-05-14 18:15:00,CEMI
3.31,3.32,3.3012,3.32,2027,2021-05-14 18:20:00,CEMI
3.31,3.32,3.3,3.3,828,2021-05-14 18:25:00,CEMI
3.31,3.31,3.3,3.31,500,2021-05-14 18:30:00,CEMI
3.3,3.31,3.3,3.31,1406,2021-05-14 18:35:00,CEMI
3.3,3.3,3.29,3.3,8832,2021-05-14 18:40:00,CEMI
3.3007,3.3007,3.28,3.285,1760,2021-05-14 18:45:00,CEMI
3.2875,3.29,3.28,3.285,2190,2021-05-14 18:50:00,CEMI
3.285,3.285,3.285,3.285,200,2021-05-14 18:55:00,CEMI
3.29,3.29,3.24,3.28,13708,2021-05-14 19:00:00,CEMI
3.2566,3.28,3.25,3.28,1911,2021-05-14 19:05:00,CEMI
3.26,3.27,3.26,3.27,400,2021-05-14 19:10:00,CEMI
3.27,3.29,3.269,3.28,1821,2021-05-14 19:15:00,CEMI
3.27,3.28,3.25,3.27,10173,2021-05-14 19:20:00,CEMI
3.26,3.27,3.25,3.27,846,2021-05-14 19:25:00,CEMI
3.2578,3.2599,3.24,3.24,4610,2021-05-14 19:30:00,CEMI
3.245,3.25,3.23,3.24,8528,2021-05-14 19:35:00,CEMI
3.25,3.26,3.2326,3.24,8646,2021-05-14 19:40:00,CEMI
3.24,3.26,3.23,3.245,2865,2021-05-14 19:45:00,CEMI
3.24,3.27,3.24,3.24,11404,2021-05-14 19:50:00,CEMI
3.24,3.28,3.23,3.25,31909,2021-05-14 19:55:00,CEMI
3.25,3.25,3.25,3.25,12745,2021-05-14 20:00:00,CEMI
3.3,3.3,3.3,3.3,130,2021-05-14 20:10:00,CEMI
3.3,3.3,3.3,3.3,200,2021-05-14 22:00:00,CEMI
3.35,3.35,3.35,3.35,100,2021-05-14 22:10:00,CEMI
3.45,3.45,3.4,3.4,2034,2021-05-14 22:15:00,CEMI
3.4,3.4,3.4,3.4,125,2021-05-14 23:50:00,CEMI
3.35,3.35,3.35,3.35,185,2021-05-14 23:55:00,CEMI
3.26,3.26,3.26,3.26,100,2021-05-17 08:40:00,CEMI
3.21,3.21,3.21,3.21,597,2021-05-17 09:20:00,CEMI
3.24,3.24,3.24,3.24,235,2021-05-17 12:20:00,CEMI
3.2702,3.2702,3.2702,3.2702,1550,2021-05-17 13:00:00,CEMI
3.3,3.3,3.3,3.3,484,2021-05-17 13:25:00,CEMI
3.28,3.28,3.21,3.23,9841,2021-05-17 13:30:00,CEMI
3.23,3.27,3.23,3.245,6360,2021-05-17 13:35:00,CEMI
3.27,3.2896,3.27,3.27,6719,2021-05-17 13:40:00,CEMI
3.27,3.28,3.27,3.28,1100,2021-05-17 13:45:00,CEMI
3.28,3.28,3.22,3.22,2314,2021-05-17 13:50:00,CEMI
3.23,3.26,3.23,3.25,6700,2021-05-17 13:55:00,CEMI
3.26,3.26,3.21,3.22,21789,2021-05-17 14:00:00,CEMI
3.2414,3.27,3.22,3.27,6515,2021-05-17 14:05:00,CEMI
3.2601,3.29,3.2601,3.29,3100,2021-05-17 14:10:00,CEMI
3.27,3.28,3.27,3.28,885,2021-05-17 14:20:00,CEMI
3.26,3.26,3.26,3.26,200,2021-05-17 14:25:00,CEMI
3.26,3.2799,3.26,3.2799,350,2021-05-17 14:30:00,CEMI
3.28,3.29,3.27,3.29,3950,2021-05-17 14:35:00,CEMI
3.29,3.32,3.29,3.32,5052,2021-05-17 14:40:00,CEMI
3.32,3.338,3.32,3.338,5996,2021-05-17 14:45:00,CEMI
3.34,3.34,3.34,3.34,200,2021-05-17 14:50:00,CEMI
3.3211,3.33,3.31,3.31,1694,2021-05-17 14:55:00,CEMI
3.31,3.31,3.27,3.27,5294,2021-05-17 15:00:00,CEMI
3.3,3.3,3.27,3.28,1590,2021-05-17 15:05:00,CEMI
3.2885,3.2885,3.26,3.26,923,2021-05-17 15:10:00,CEMI
3.26,3.29,3.26,3.28,800,2021-05-17 15:15:00,CEMI
3.27,3.29,3.27,3.2778,1100,2021-05-17 15:20:00,CEMI
3.28,3.28,3.275,3.275,200,2021-05-17 15:25:00,CEMI
3.28,3.285,3.27,3.27,1781,2021-05-17 15:30:00,CEMI
3.27,3.27,3.27,3.27,100,2021-05-17 15:35:00,CEMI
3.27,3.27,3.27,3.27,919,2021-05-17 15:40:00,CEMI
3.272,3.272,3.272,3.272,1300,2021-05-17 15:45:00,CEMI
3.26,3.26,3.25,3.25,619,2021-05-17 15:50:00,CEMI
3.25,3.26,3.24,3.25,4485,2021-05-17 15:55:00,CEMI
3.24,3.25,3.23,3.2499,4476,2021-05-17 16:00:00,CEMI
3.25,3.25,3.24,3.246,2200,2021-05-17 16:05:00,CEMI
3.2586,3.26,3.24,3.24,2200,2021-05-17 16:10:00,CEMI
3.25,3.26,3.24,3.26,600,2021-05-17 16:15:00,CEMI
3.24,3.26,3.24,3.26,200,2021-05-17 16:20:00,CEMI
3.26,3.26,3.24,3.25,4550,2021-05-17 16:25:00,CEMI
3.2401,3.26,3.2401,3.26,2500,2021-05-17 16:30:00,CEMI
3.27,3.27,3.27,3.27,1134,2021-05-17 16:35:00,CEMI
3.28,3.28,3.27,3.28,491,2021-05-17 16:40:00,CEMI
3.28,3.285,3.28,3.285,300,2021-05-17 16:45:00,CEMI
3.2889,3.2889,3.28,3.28,250,2021-05-17 16:50:00,CEMI
3.28,3.29,3.28,3.29,643,2021-05-17 16:55:00,CEMI
3.285,3.285,3.285,3.285,100,2021-05-17 17:00:00,CEMI
3.29,3.29,3.28,3.28,637,2021-05-17 17:05:00,CEMI
3.29,3.29,3.28,3.28,300,2021-05-17 17:10:00,CEMI
3.28,3.28,3.27,3.27,1400,2021-05-17 17:15:00,CEMI
3.26,3.2689,3.26,3.26,3016,2021-05-17 17:20:00,CEMI
3.27,3.27,3.2692,3.2692,1100,2021-05-17 17:25:00,CEMI
3.265,3.27,3.26,3.2616,1225,2021-05-17 17:30:00,CEMI
3.24,3.24,3.24,3.24,300,2021-05-17 17:35:00,CEMI
3.24,3.26,3.24,3.24,2147,2021-05-17 17:40:00,CEMI
3.2599,3.26,3.24,3.26,600,2021-05-17 17:45:00,CEMI
3.24,3.26,3.24,3.26,600,2021-05-17 17:50:00,CEMI
3.24,3.26,3.24,3.24,700,2021-05-17 17:55:00,CEMI
3.24,3.26,3.24,3.26,1074,2021-05-17 18:00:00,CEMI
3.24,3.24,3.24,3.24,400,2021-05-17 18:05:00,CEMI
3.26,3.26,3.2436,3.25,3000,2021-05-17 18:10:00,CEMI
3.25,3.25,3.25,3.25,185,2021-05-17 18:15:00,CEMI
3.2589,3.2589,3.2589,3.2589,150,2021-05-17 18:20:00,CEMI
3.25,3.26,3.25,3.26,300,2021-05-17 18:25:00,CEMI
3.26,3.27,3.26,3.26,1537,2021-05-17 18:30:00,CEMI
3.27,3.27,3.2407,3.2407,1500,2021-05-17 18:35:00,CEMI
3.24,3.24,3.23,3.235,1058,2021-05-17 18:40:00,CEMI
3.235,3.235,3.22,3.2209,10999,2021-05-17 18:45:00,CEMI
3.2299,3.23,3.225,3.23,3200,2021-05-17 18:50:00,CEMI
3.23,3.23,3.22,3.23,7284,2021-05-17 18:55:00,CEMI
3.22,3.24,3.22,3.235,2247,2021-05-17 19:00:00,CEMI
3.239,3.25,3.235,3.235,524,2021-05-17 19:05:00,CEMI
3.24,3.25,3.22,3.22,6921,2021-05-17 19:10:00,CEMI
3.22,3.22,3.21,3.21,9811,2021-05-17 19:15:00,CEMI
3.2199,3.2199,3.2,3.2,11408,2021-05-17 19:20:00,CEMI
3.2,3.2,3.193,3.195,13487,2021-05-17 19:25:00,CEMI
3.195,3.2,3.19,3.19,7462,2021-05-17 19:30:00,CEMI
3.195,3.2,3.19,3.195,16961,2021-05-17 19:35:00,CEMI
3.195,3.2,3.19,3.19,6033,2021-05-17 19:40:00,CEMI
3.185,3.19,3.18,3.18,13041,2021-05-17 19:45:00,CEMI
3.1899,3.19,3.175,3.18,7826,2021-05-17 19:50:00,CEMI
3.18,3.2,3.17,3.18,24701,2021-05-17 19:55:00,CEMI
3.18,3.18,3.18,3.18,9750,2021-05-17 20:00:00,CEMI
3.1901,3.1901,3.1901,3.1901,700,2021-05-17 20:15:00,CEMI
3.2,3.22,3.2,3.22,800,2021-05-17 21:00:00,CEMI
3.21,3.21,3.21,3.21,245,2021-05-17 22:15:00,CEMI
3.25,3.25,3.21,3.21,607,2021-05-17 22:35:00,CEMI
3.21,3.21,3.21,3.21,139,2021-05-17 23:00:00,CEMI
3.21,3.21,3.21,3.21,130,2021-05-17 23:15:00,CEMI
3.22,3.22,3.22,3.22,500,2021-05-18 12:10:00,CEMI
3.17,3.2399,3.17,3.2399,11757,2021-05-18 13:30:00,CEMI
3.2044,3.222,3.19,3.2,7039,2021-05-18 13:35:00,CEMI
3.21,3.21,3.1904,3.1904,35700,2021-05-18 13:40:00,CEMI
3.18,3.195,3.17,3.19,13368,2021-05-18 13:45:00,CEMI
3.2,3.23,3.19,3.23,13977,2021-05-18 13:50:00,CEMI
3.25,3.32,3.24,3.32,11934,2021-05-18 13:55:00,CEMI
3.2801,3.29,3.28,3.28,1987,2021-05-18 14:00:00,CEMI
3.28,3.305,3.28,3.29,4153,2021-05-18 14:05:00,CEMI
3.2801,3.3,3.28,3.29,17870,2021-05-18 14:10:00,CEMI
3.28,3.3,3.28,3.29,6050,2021-05-18 14:15:00,CEMI
3.3,3.32,3.29,3.32,5609,2021-05-18 14:20:00,CEMI
3.315,3.36,3.315,3.36,8776,2021-05-18 14:25:00,CEMI
3.355,3.37,3.35,3.37,2900,2021-05-18 14:30:00,CEMI
3.37,3.39,3.36,3.39,4000,2021-05-18 14:35:00,CEMI
3.3751,3.39,3.3448,3.3448,5721,2021-05-18 14:40:00,CEMI
3.38,3.39,3.3404,3.39,2724,2021-05-18 14:45:00,CEMI
3.39,3.39,3.3601,3.37,3100,2021-05-18 14:50:00,CEMI
3.39,3.39,3.36,3.365,1200,2021-05-18 14:55:00,CEMI
3.379,3.379,3.3562,3.3562,385,2021-05-18 15:00:00,CEMI
3.37,3.37,3.36,3.36,300,2021-05-18 15:05:00,CEMI
3.35,3.36,3.35,3.35,1590,2021-05-18 15:10:00,CEMI
3.36,3.37,3.356,3.37,1900,2021-05-18 15:15:00,CEMI
3.3797,3.38,3.37,3.37,1599,2021-05-18 15:20:00,CEMI
3.365,3.37,3.3556,3.36,1123,2021-05-18 15:25:00,CEMI
3.37,3.37,3.33,3.33,950,2021-05-18 15:30:00,CEMI
3.32,3.34,3.32,3.335,983,2021-05-18 15:35:00,CEMI
3.33,3.33,3.33,3.33,1092,2021-05-18 15:40:00,CEMI
3.32,3.33,3.32,3.3298,2691,2021-05-18 15:45:00,CEMI
3.35,3.36,3.335,3.335,5227,2021-05-18 15:50:00,CEMI
3.35,3.3575,3.3416,3.3575,340,2021-05-18 15:55:00,CEMI
3.355,3.37,3.355,3.37,1100,2021-05-18 16:00:00,CEMI
3.36,3.36,3.335,3.34,1428,2021-05-18 16:05:00,CEMI
3.35,3.35,3.35,3.35,100,2021-05-18 16:10:00,CEMI
3.3401,3.35,3.3401,3.35,2900,2021-05-18 16:15:00,CEMI
3.35,3.36,3.35,3.35,1393,2021-05-18 16:20:00,CEMI
3.35,3.35,3.35,3.35,100,2021-05-18 16:25:00,CEMI
3.35,3.38,3.35,3.38,2681,2021-05-18 16:30:00,CEMI
3.38,3.38,3.375,3.375,892,2021-05-18 16:35:00,CEMI
3.38,3.39,3.38,3.385,1600,2021-05-18 16:40:00,CEMI
3.38,3.39,3.38,3.383,1714,2021-05-18 16:45:00,CEMI
3.385,3.39,3.3701,3.385,3200,2021-05-18 16:50:00,CEMI
3.39,3.4,3.38,3.38,7198,2021-05-18 16:55:00,CEMI
3.39,3.39,3.38,3.385,600,2021-05-18 17:00:00,CEMI
3.38,3.39,3.38,3.38,700,2021-05-18 17:05:00,CEMI
3.38,3.39,3.38,3.38,600,2021-05-18 17:10:00,CEMI
3.3788,3.3808,3.37,3.38,6800,2021-05-18 17:15:00,CEMI
3.39,3.42,3.38,3.41,9887,2021-05-18 17:20:00,CEMI
3.4001,3.405,3.39,3.39,2123,2021-05-18 17:25:00,CEMI
3.3991,3.42,3.3991,3.4,6884,2021-05-18 17:30:00,CEMI
3.42,3.42,3.4,3.42,5800,2021-05-18 17:35:00,CEMI
3.405,3.405,3.39,3.39,2600,2021-05-18 17:40:00,CEMI
3.395,3.395,3.39,3.395,450,2021-05-18 17:45:00,CEMI
3.395,3.41,3.38,3.41,26823,2021-05-18 17:50:00,CEMI
3.41,3.42,3.4,3.42,1372,2021-05-18 17:55:00,CEMI
3.41,3.41,3.37,3.37,800,2021-05-18 18:00:00,CEMI
3.375,3.4,3.375,3.4,770,2021-05-18 18:05:00,CEMI
3.395,3.4,3.395,3.4,400,2021-05-18 18:10:00,CEMI
3.4,3.405,3.39,3.39,1584,2021-05-18 18:15:00,CEMI
3.395,3.395,3.37,3.3753,1100,2021-05-18 18:20:00,CEMI
3.375,3.375,3.36,3.37,4550,2021-05-18 18:25:00,CEMI
3.36,3.365,3.34,3.34,1000,2021-05-18 18:30:00,CEMI
3.34,3.34,3.32,3.32,4580,2021-05-18 18:35:00,CEMI
3.32,3.32,3.31,3.315,700,2021-05-18 18:40:00,CEMI
3.31,3.328,3.31,3.325,500,2021-05-18 18:45:00,CEMI
3.33,3.36,3.326,3.36,6558,2021-05-18 18:50:00,CEMI
3.36,3.36,3.34,3.34,400,2021-05-18 18:55:00,CEMI
3.355,3.38,3.351,3.351,3600,2021-05-18 19:00:00,CEMI
3.38,3.38,3.36,3.37,701,2021-05-18 19:05:00,CEMI
3.36,3.37,3.36,3.36,700,2021-05-18 19:10:00,CEMI
3.36,3.36,3.35,3.35,500,2021-05-18 19:15:00,CEMI
3.35,3.35,3.3227,3.33,3361,2021-05-18 19:20:00,CEMI
3.34,3.35,3.3316,3.34,533,2021-05-18 19:25:00,CEMI
3.35,3.37,3.35,3.36,500,2021-05-18 19:30:00,CEMI
3.36,3.36,3.34,3.34,1300,2021-05-18 19:35:00,CEMI
3.3274,3.36,3.3274,3.34,4955,2021-05-18 19:40:00,CEMI
3.34,3.34,3.33,3.33,2813,2021-05-18 19:45:00,CEMI
3.33,3.335,3.32,3.32,4015,2021-05-18 19:50:00,CEMI
3.31,3.34,3.3,3.32,9282,2021-05-18 19:55:00,CEMI
3.31,3.31,3.31,3.31,4163,2021-05-18 20:00:00,CEMI
3.33,3.33,3.33,3.33,117,2021-05-18 21:55:00,CEMI
3.2601,3.29,3.2601,3.29,275,2021-05-19 12:55:00,CEMI
3.25,3.25,3.25,3.25,1328,2021-05-19 13:05:00,CEMI
3.29,3.29,3.2,3.2082,50064,2021-05-19 13:30:00,CEMI
3.245,3.245,3.22,3.23,5801,2021-05-19 13:40:00,CEMI
3.26,3.26,3.26,3.26,100,2021-05-19 13:45:00,CEMI
3.272,3.291,3.25,3.27,3210,2021-05-19 13:50:00,CEMI
3.2649,3.2649,3.22,3.2203,4390,2021-05-19 13:55:00,CEMI
3.24,3.24,3.19,3.19,9499,2021-05-19 14:00:00,CEMI
3.21,3.2324,3.21,3.2324,1479,2021-05-19 14:05:00,CEMI
3.24,3.24,3.24,3.24,100,2021-05-19 14:10:00,CEMI
3.24,3.26,3.24,3.24,6000,2021-05-19 14:15:00,CEMI
3.25,3.25,3.25,3.25,700,2021-05-19 14:20:00,CEMI
3.2401,3.2401,3.2401,3.2401,200,2021-05-19 14:25:00,CEMI
3.24,3.24,3.21,3.21,800,2021-05-19 14:30:00,CEMI
3.22,3.22,3.21,3.21,200,2021-05-19 14:35:00,CEMI
3.23,3.23,3.21,3.21,500,2021-05-19 14:40:00,CEMI
3.24,3.26,3.22,3.24,5799,2021-05-19 14:45:00,CEMI
3.25,3.25,3.24,3.25,27310,2021-05-19 14:50:00,CEMI
3.25,3.25,3.2483,3.2483,200,2021-05-19 14:55:00,CEMI
3.24,3.2405,3.22,3.22,6161,2021-05-19 15:00:00,CEMI
3.22,3.23,3.2116,3.22,2660,2021-05-19 15:05:00,CEMI
3.22,3.27,3.22,3.27,4124,2021-05-19 15:10:00,CEMI
3.27,3.27,3.24,3.24,5124,2021-05-19 15:15:00,CEMI
3.2305,3.2579,3.2305,3.2579,2757,2021-05-19 15:20:00,CEMI
3.26,3.26,3.24,3.24,1600,2021-05-19 15:25:00,CEMI
3.24,3.24,3.24,3.24,400,2021-05-19 15:30:00,CEMI
3.235,3.25,3.23,3.25,3388,2021-05-19 15:35:00,CEMI
3.23,3.23,3.23,3.23,100,2021-05-19 15:40:00,CEMI
3.2398,3.2398,3.2398,3.2398,100,2021-05-19 15:45:00,CEMI
3.23,3.23,3.225,3.225,1595,2021-05-19 15:50:00,CEMI
3.23,3.23,3.21,3.21,1712,2021-05-19 16:00:00,CEMI
3.225,3.225,3.22,3.22,1500,2021-05-19 16:10:00,CEMI
3.221,3.221,3.21,3.22,7523,2021-05-19 16:15:00,CEMI
3.23,3.23,3.2299,3.2299,1800,2021-05-19 16:20:00,CEMI
3.22,3.2301,3.22,3.2301,2830,2021-05-19 16:25:00,CEMI
3.2321,3.2321,3.23,3.23,560,2021-05-19 16:30:00,CEMI
3.2201,3.2201,3.2201,3.2201,100,2021-05-19 16:40:00,CEMI
3.22,3.23,3.215,3.225,8020,2021-05-19 16:45:00,CEMI
3.22,3.22,3.22,3.22,790,2021-05-19 16:50:00,CEMI
3.22,3.22,3.22,3.22,1200,2021-05-19 16:55:00,CEMI
3.21,3.21,3.21,3.21,4594,2021-05-19 17:00:00,CEMI
3.225,3.225,3.225,3.225,300,2021-05-19 17:05:00,CEMI
3.23,3.23,3.22,3.225,900,2021-05-19 17:15:00,CEMI
3.22,3.22,3.22,3.22,26821,2021-05-19 17:25:00,CEMI
3.2199,3.2199,3.2097,3.2099,2300,2021-05-19 17:30:00,CEMI
3.205,3.225,3.205,3.225,1206,2021-05-19 17:35:00,CEMI
3.2368,3.24,3.2368,3.24,304,2021-05-19 17:40:00,CEMI
3.2378,3.2378,3.23,3.23,1284,2021-05-19 17:55:00,CEMI
3.22,3.222,3.21,3.21,1372,2021-05-19 18:00:00,CEMI
3.2,3.2139,3.19,3.19,2791,2021-05-19 18:05:00,CEMI
3.2,3.2,3.2,3.2,720,2021-05-19 18:10:00,CEMI
3.21,3.21,3.2,3.2,3380,2021-05-19 18:15:00,CEMI
3.22,3.22,3.21,3.215,909,2021-05-19 18:20:00,CEMI
3.2497,3.2497,3.2497,3.2497,1250,2021-05-19 18:25:00,CEMI
3.24,3.24,3.22,3.22,2500,2021-05-19 18:30:00,CEMI
3.22,3.2251,3.21,3.21,4549,2021-05-19 18:35:00,CEMI
3.21,3.2285,3.21,3.2285,1000,2021-05-19 18:40:00,CEMI
3.21,3.2274,3.21,3.21,1225,2021-05-19 18:45:00,CEMI
3.22,3.22,3.21,3.21,475,2021-05-19 18:50:00,CEMI
3.225,3.23,3.2131,3.23,2150,2021-05-19 18:55:00,CEMI
3.24,3.24,3.21,3.21,2200,2021-05-19 19:05:00,CEMI
3.23,3.235,3.2296,3.23,3300,2021-05-19 19:10:00,CEMI
3.2284,3.23,3.2284,3.23,700,2021-05-19 19:15:00,CEMI
3.22,3.22,3.2,3.22,8202,2021-05-19 19:20:00,CEMI
3.22,3.2283,3.22,3.22,1048,2021-05-19 19:30:00,CEMI
3.22,3.2265,3.215,3.2265,1195,2021-05-19 19:35:00,CEMI
3.21,3.21,3.21,3.21,2516,2021-05-19 19:40:00,CEMI
3.215,3.22,3.21,3.22,4813,2021-05-19 19:45:00,CEMI
3.23,3.24,3.23,3.23,4541,2021-05-19 19:50:00,CEMI
3.23,3.25,3.23,3.2401,6100,2021-05-19 19:55:00,CEMI
3.24,3.24,3.24,3.24,6888,2021-05-19 20:00:00,CEMI
3.24,3.24,3.24,3.24,869,2021-05-19 20:05:00,CEMI
3.21,3.21,3.21,3.21,900,2021-05-19 20:40:00,CEMI
3.255,3.255,3.255,3.255,200,2021-05-19 21:05:00,CEMI
3.25,3.25,3.25,3.25,100,2021-05-19 21:15:00,CEMI
3.24,3.24,3.24,3.24,100,2021-05-19 21:20:00,CEMI
3.24,3.24,3.24,3.24,100,2021-05-19 21:30:00,CEMI
3.24,3.24,3.24,3.24,450,2021-05-19 21:45:00,CEMI
3.25,3.25,3.25,3.25,1574,2021-05-19 23:25:00,CEMI
3.34,3.34,3.34,3.34,100,2021-05-20 11:00:00,CEMI
3.25,3.25,3.25,3.25,100,2021-05-20 12:35:00,CEMI
3.26,3.26,3.26,3.26,200,2021-05-20 13:00:00,CEMI
3.26,3.26,3.26,3.26,100,2021-05-20 13:10:00,CEMI
3.25,3.25,3.21,3.21,13085,2021-05-20 13:30:00,CEMI
3.2299,3.23,3.2001,3.2235,570,2021-05-20 13:35:00,CEMI
3.2001,3.2288,3.18,3.2288,12342,2021-05-20 13:40:00,CEMI
3.2472,3.25,3.22,3.235,2980,2021-05-20 13:45:00,CEMI
3.25,3.25,3.22,3.22,1505,2021-05-20 13:50:00,CEMI
3.2,3.25,3.2,3.25,4779,2021-05-20 13:55:00,CEMI
3.23,3.23,3.21,3.21,1819,2021-05-20 14:00:00,CEMI
3.21,3.22,3.2,3.21,3300,2021-05-20 14:05:00,CEMI
3.21,3.2173,3.2,3.21,2000,2021-05-20 14:10:00,CEMI
3.22,3.225,3.21,3.225,8055,2021-05-20 14:15:00,CEMI
3.22,3.2574,3.22,3.25,66250,2021-05-20 14:20:00,CEMI
3.25,3.28,3.24,3.25,15398,2021-05-20 14:25:00,CEMI
3.27,3.27,3.24,3.2577,7089,2021-05-20 14:30:00,CEMI
3.2521,3.2521,3.22,3.22,7603,2021-05-20 14:35:00,CEMI
3.22,3.235,3.22,3.235,3538,2021-05-20 14:40:00,CEMI
3.23,3.23,3.22,3.23,3223,2021-05-20 14:45:00,CEMI
3.21,3.23,3.19,3.2089,10987,2021-05-20 14:50:00,CEMI
3.21,3.22,3.205,3.21,3000,2021-05-20 14:55:00,CEMI
3.22,3.23,3.2193,3.2193,3232,2021-05-20 15:00:00,CEMI
3.21,3.2181,3.185,3.19,9559,2021-05-20 15:05:00,CEMI
3.19,3.21,3.19,3.21,14557,2021-05-20 15:10:00,CEMI
3.2191,3.2191,3.2191,3.2191,250,2021-05-20 15:15:00,CEMI
3.2192,3.2192,3.2105,3.2105,3000,2021-05-20 15:20:00,CEMI
3.21,3.21,3.2,3.2,2899,2021-05-20 15:25:00,CEMI
3.205,3.21,3.205,3.2097,300,2021-05-20 15:30:00,CEMI
3.21,3.21,3.205,3.205,500,2021-05-20 15:35:00,CEMI
3.205,3.23,3.205,3.23,5251,2021-05-20 15:40:00,CEMI
3.23,3.23,3.23,3.23,1600,2021-05-20 15:45:00,CEMI
3.23,3.24,3.23,3.24,4422,2021-05-20 15:50:00,CEMI
3.25,3.26,3.2439,3.26,3500,2021-05-20 15:55:00,CEMI
3.25,3.25,3.23,3.23,3889,2021-05-20 16:00:00,CEMI
3.23,3.23,3.225,3.225,1200,2021-05-20 16:05:00,CEMI
3.22,3.22,3.21,3.21,1374,2021-05-20 16:10:00,CEMI
3.2,3.215,3.1985,3.215,12717,2021-05-20 16:15:00,CEMI
3.21,3.21,3.2,3.21,1844,2021-05-20 16:20:00,CEMI
3.21,3.22,3.21,3.22,5674,2021-05-20 16:25:00,CEMI
3.21,3.2101,3.21,3.2101,10496,2021-05-20 16:30:00,CEMI
3.21,3.21,3.16,3.19,17304,2021-05-20 16:35:00,CEMI
3.19,3.195,3.19,3.195,200,2021-05-20 16:40:00,CEMI
3.191,3.195,3.191,3.1916,1934,2021-05-20 16:45:00,CEMI
3.2,3.2,3.19,3.2,1719,2021-05-20 16:50:00,CEMI
3.2,3.21,3.19,3.1943,6563,2021-05-20 16:55:00,CEMI
3.2,3.2,3.19,3.2,1568,2021-05-20 17:00:00,CEMI
3.2,3.2,3.2,3.2,900,2021-05-20 17:05:00,CEMI
3.1999,3.2,3.19,3.1999,3350,2021-05-20 17:10:00,CEMI
3.19,3.21,3.19,3.21,4216,2021-05-20 17:15:00,CEMI
3.215,3.215,3.2,3.205,3195,2021-05-20 17:20:00,CEMI
3.2099,3.21,3.205,3.21,1650,2021-05-20 17:25:00,CEMI
3.21,3.22,3.21,3.22,3681,2021-05-20 17:30:00,CEMI
3.21,3.21,3.21,3.21,200,2021-05-20 17:35:00,CEMI
3.21,3.21,3.185,3.185,10040,2021-05-20 17:40:00,CEMI
3.1899,3.1899,3.18,3.1888,2775,2021-05-20 17:45:00,CEMI
3.185,3.185,3.1411,3.15,13708,2021-05-20 17:50:00,CEMI
3.145,3.19,3.14,3.1501,26375,2021-05-20 17:55:00,CEMI
3.17,3.17,3.16,3.16,715,2021-05-20 18:00:00,CEMI
3.1618,3.17,3.15,3.17,6969,2021-05-20 18:05:00,CEMI
3.17,3.1715,3.16,3.1715,5630,2021-05-20 18:10:00,CEMI
3.1799,3.1799,3.16,3.16,3600,2021-05-20 18:15:00,CEMI
3.1699,3.1699,3.1611,3.168,2075,2021-05-20 18:20:00,CEMI
3.1601,3.17,3.16,3.16,3530,2021-05-20 18:25:00,CEMI
3.163,3.163,3.1599,3.1599,771,2021-05-20 18:30:00,CEMI
3.155,3.1599,3.13,3.155,18597,2021-05-20 18:35:00,CEMI
3.16,3.16,3.15,3.16,3603,2021-05-20 18:40:00,CEMI
3.16,3.1697,3.157,3.165,2920,2021-05-20 18:45:00,CEMI
3.16,3.17,3.16,3.165,484,2021-05-20 18:50:00,CEMI
3.165,3.17,3.16,3.1655,2100,2021-05-20 18:55:00,CEMI
3.165,3.187,3.165,3.1852,3744,2021-05-20 19:00:00,CEMI
3.18,3.18,3.18,3.18,500,2021-05-20 19:05:00,CEMI
3.17,3.18,3.165,3.175,17675,2021-05-20 19:10:00,CEMI
3.18,3.195,3.1798,3.195,4215,2021-05-20 19:15:00,CEMI
3.195,3.1999,3.19,3.195,10355,2021-05-20 19:20:00,CEMI
3.19,3.19,3.181,3.1823,4295,2021-05-20 19:25:00,CEMI
3.18,3.185,3.16,3.1646,5910,2021-05-20 19:30:00,CEMI
3.18,3.18,3.16,3.18,6423,2021-05-20 19:35:00,CEMI
3.1798,3.1799,3.17,3.1799,1336,2021-05-20 19:40:00,CEMI
3.1785,3.189,3.17,3.17,3053,2021-05-20 19:45:00,CEMI
3.17,3.185,3.16,3.1775,14222,2021-05-20 19:50:00,CEMI
3.18,3.19,3.16,3.18,17399,2021-05-20 19:55:00,CEMI
3.19,3.19,3.18,3.18,6051,2021-05-20 20:00:00,CEMI
3.17,3.17,3.17,3.17,2100,2021-05-20 20:20:00,CEMI
3.18,3.18,3.18,3.18,650,2021-05-20 20:30:00,CEMI
3.18,3.18,3.18,3.18,325,2021-05-20 20:35:00,CEMI
3.19,3.19,3.19,3.19,200,2021-05-20 21:20:00,CEMI
3.19,3.19,3.19,3.19,125,2021-05-20 21:25:00,CEMI
3.19,3.19,3.19,3.19,100,2021-05-20 22:00:00,CEMI
3.19,3.19,3.19,3.19,100,2021-05-20 22:05:00,CEMI
3.22,3.22,3.22,3.22,134,2021-05-20 22:10:00,CEMI
3.2,3.21,3.2,3.21,1200,2021-05-21 12:20:00,CEMI
3.2,3.2,3.2,3.2,500,2021-05-21 12:40:00,CEMI
3.2001,3.2001,3.2001,3.2001,100,2021-05-21 13:05:00,CEMI
3.2001,3.2001,3.2001,3.2001,150,2021-05-21 13:10:00,CEMI
3.2,3.2,3.2,3.2,200,2021-05-21 13:15:00,CEMI
3.2,3.2,3.2,3.2,100,2021-05-21 13:20:00,CEMI
3.21,3.21,3.21,3.21,100,2021-05-21 13:25:00,CEMI
3.22,3.22,3.17,3.17,14510,2021-05-21 13:30:00,CEMI
3.1954,3.1954,3.17,3.17,10203,2021-05-21 13:35:00,CEMI
3.17,3.2,3.16,3.2,9592,2021-05-21 13:40:00,CEMI
3.189,3.195,3.189,3.195,1126,2021-05-21 13:45:00,CEMI
3.2,3.22,3.19,3.21,10410,2021-05-21 13:50:00,CEMI
3.21,3.24,3.21,3.2153,6250,2021-05-21 13:55:00,CEMI
3.2188,3.25,3.21,3.2318,32573,2021-05-21 14:00:00,CEMI
3.24,3.2512,3.23,3.25,10546,2021-05-21 14:05:00,CEMI
3.25,3.28,3.25,3.2631,9636,2021-05-21 14:10:00,CEMI
3.27,3.27,3.21,3.21,5589,2021-05-21 14:15:00,CEMI
3.21,3.2248,3.2,3.22,8351,2021-05-21 14:20:00,CEMI
3.215,3.22,3.2,3.22,7669,2021-05-21 14:25:00,CEMI
3.22,3.22,3.19,3.1967,17184,2021-05-21 14:30:00,CEMI
3.19,3.21,3.17,3.1824,7625,2021-05-21 14:35:00,CEMI
3.18,3.185,3.18,3.18,2300,2021-05-21 14:40:00,CEMI
3.185,3.19,3.18,3.185,8935,2021-05-21 14:45:00,CEMI
3.19,3.22,3.19,3.22,3470,2021-05-21 14:50:00,CEMI
3.2157,3.24,3.2001,3.24,4712,2021-05-21 14:55:00,CEMI
3.2277,3.2277,3.215,3.215,1100,2021-05-21 15:00:00,CEMI
3.21,3.21,3.21,3.21,100,2021-05-21 15:10:00,CEMI
3.205,3.2109,3.205,3.2109,600,2021-05-21 15:15:00,CEMI
3.215,3.215,3.19,3.2,1800,2021-05-21 15:25:00,CEMI
3.2,3.2018,3.19,3.2018,1770,2021-05-21 15:30:00,CEMI
3.209,3.21,3.2,3.208,600,2021-05-21 15:35:00,CEMI
3.21,3.22,3.21,3.21,1343,2021-05-21 15:40:00,CEMI
3.2258,3.2258,3.2,3.215,978,2021-05-21 15:45:00,CEMI
3.205,3.21,3.2,3.2,1550,2021-05-21 15:50:00,CEMI
3.19,3.19,3.19,3.19,1566,2021-05-21 15:55:00,CEMI
3.2,3.22,3.2,3.22,3635,2021-05-21 16:00:00,CEMI
3.2199,3.22,3.21,3.21,2255,2021-05-21 16:05:00,CEMI
3.21,3.21,3.21,3.21,100,2021-05-21 16:10:00,CEMI
3.2,3.21,3.2,3.21,1272,2021-05-21 16:15:00,CEMI
3.21,3.21,3.21,3.21,250,2021-05-21 16:20:00,CEMI
3.21,3.21,3.21,3.21,1000,2021-05-21 16:25:00,CEMI
3.215,3.215,3.21,3.21,600,2021-05-21 16:30:00,CEMI
3.21,3.21,3.21,3.21,200,2021-05-21 16:40:00,CEMI
3.21,3.21,3.19,3.19,8100,2021-05-21 16:45:00,CEMI
3.2099,3.2099,3.18,3.19,4383,2021-05-21 16:50:00,CEMI
3.19,3.19,3.18,3.19,2749,2021-05-21 16:55:00,CEMI
3.19,3.19,3.19,3.19,733,2021-05-21 17:00:00,CEMI
3.18,3.18,3.18,3.18,100,2021-05-21 17:05:00,CEMI
3.19,3.2,3.19,3.2,450,2021-05-21 17:10:00,CEMI
3.19,3.2,3.19,3.2,300,2021-05-21 17:15:00,CEMI
3.1999,3.2,3.1999,3.2,400,2021-05-21 17:25:00,CEMI
3.2,3.21,3.2,3.21,1501,2021-05-21 17:30:00,CEMI
3.2,3.2,3.2,3.2,1100,2021-05-21 17:35:00,CEMI
3.19,3.1999,3.19,3.1999,1200,2021-05-21 17:40:00,CEMI
3.1984,3.2,3.195,3.2,1205,2021-05-21 17:45:00,CEMI
3.1979,3.2,3.19,3.2,996,2021-05-21 17:50:00,CEMI
3.195,3.1988,3.1901,3.1901,1575,2021-05-21 17:55:00,CEMI
3.2,3.2,3.19,3.19,750,2021-05-21 18:00:00,CEMI
3.185,3.1899,3.175,3.185,5319,2021-05-21 18:05:00,CEMI
3.1811,3.1811,3.18,3.1809,1100,2021-05-21 18:10:00,CEMI
3.19,3.19,3.18,3.19,2728,2021-05-21 18:15:00,CEMI
3.195,3.195,3.185,3.185,1000,2021-05-21 18:20:00,CEMI
3.19,3.19,3.185,3.185,5097,2021-05-21 18:25:00,CEMI
3.185,3.185,3.18,3.18,900,2021-05-21 18:30:00,CEMI
3.185,3.185,3.185,3.185,600,2021-05-21 18:35:00,CEMI
3.18,3.18,3.18,3.18,100,2021-05-21 18:40:00,CEMI
3.185,3.188,3.18,3.185,900,2021-05-21 18:45:00,CEMI
3.18,3.19,3.18,3.19,728,2021-05-21 18:50:00,CEMI
3.18,3.195,3.18,3.195,2881,2021-05-21 18:55:00,CEMI
3.19,3.1914,3.18,3.18,2913,2021-05-21 19:00:00,CEMI
3.18,3.18,3.15,3.17,8844,2021-05-21 19:05:00,CEMI
3.18,3.18,3.18,3.18,100,2021-05-21 19:10:00,CEMI
3.175,3.19,3.17,3.18,900,2021-05-21 19:15:00,CEMI
3.17,3.18,3.17,3.17,1240,2021-05-21 19:20:00,CEMI
3.17,3.18,3.17,3.1796,1230,2021-05-21 19:25:00,CEMI
3.17,3.17,3.165,3.17,5470,2021-05-21 19:30:00,CEMI
3.165,3.17,3.1601,3.1601,1235,2021-05-21 19:35:00,CEMI
3.17,3.17,3.16,3.16,1105,2021-05-21 19:40:00,CEMI
3.165,3.17,3.16,3.17,8911,2021-05-21 19:45:00,CEMI
3.165,3.1691,3.16,3.165,6197,2021-05-21 19:50:00,CEMI
3.16,3.18,3.16,3.18,17250,2021-05-21 19:55:00,CEMI
3.18,3.18,3.18,3.18,5712,2021-05-21 20:00:00,CEMI
3.18,3.18,3.18,3.18,300,2021-05-21 20:10:00,CEMI
3.18,3.18,3.18,3.18,1000,2021-05-21 20:15:00,CEMI
3.18,3.18,3.18,3.18,301,2021-05-21 21:25:00,CEMI
3.18,3.18,3.18,3.18,700,2021-05-21 21:45:00,CEMI
3.18,3.18,3.18,3.18,1345,2021-05-21 21:55:00,CEMI
3.16,3.16,3.16,3.16,307,2021-05-21 22:40:00,CEMI
3.22,3.22,3.22,3.22,100,2021-05-24 11:30:00,CEMI
3.21,3.21,3.21,3.21,100,2021-05-24 11:35:00,CEMI
3.21,3.21,3.21,3.21,200,2021-05-24 13:00:00,CEMI
3.2,3.2,3.2,3.2,600,2021-05-24 13:15:00,CEMI
3.17,3.19,3.125,3.13,23198,2021-05-24 13:30:00,CEMI
3.1378,3.16,3.131,3.15,11383,2021-05-24 13:35:00,CEMI
3.155,3.17,3.15,3.16,7291,2021-05-24 13:40:00,CEMI
3.17,3.17,3.15,3.15,3457,2021-05-24 13:45:00,CEMI
3.15,3.17,3.15,3.1632,5966,2021-05-24 13:50:00,CEMI
3.17,3.2,3.17,3.185,30786,2021-05-24 13:55:00,CEMI
3.175,3.18,3.17,3.18,2158,2021-05-24 14:00:00,CEMI
3.179,3.19,3.1517,3.1517,2880,2021-05-24 14:05:00,CEMI
3.1528,3.178,3.1528,3.178,800,2021-05-24 14:10:00,CEMI
3.16,3.18,3.14,3.14,5909,2021-05-24 14:15:00,CEMI
3.1599,3.1799,3.1599,3.16,2633,2021-05-24 14:20:00,CEMI
3.1599,3.16,3.14,3.145,2549,2021-05-24 14:25:00,CEMI
3.14,3.15,3.1301,3.135,5573,2021-05-24 14:30:00,CEMI
3.13,3.1499,3.115,3.1499,11432,2021-05-24 14:35:00,CEMI
3.14,3.14,3.13,3.14,1000,2021-05-24 14:40:00,CEMI
3.15,3.15,3.12,3.12,2124,2021-05-24 14:45:00,CEMI
3.1238,3.135,3.115,3.13,9414,2021-05-24 14:50:00,CEMI
3.13,3.14,3.113,3.13,3752,2021-05-24 14:55:00,CEMI
3.12,3.13,3.12,3.13,3400,2021-05-24 15:00:00,CEMI
3.135,3.14,3.135,3.14,1700,2021-05-24 15:05:00,CEMI
3.14,3.14,3.12,3.1224,1100,2021-05-24 15:10:00,CEMI
3.1379,3.1379,3.11,3.12,8039,2021-05-24 15:15:00,CEMI
3.12,3.15,3.12,3.131,4940,2021-05-24 15:20:00,CEMI
3.11,3.14,3.11,3.12,2207,2021-05-24 15:25:00,CEMI
3.13,3.13,3.13,3.13,1700,2021-05-24 15:30:00,CEMI
3.138,3.138,3.12,3.12,800,2021-05-24 15:35:00,CEMI
3.12,3.13,3.12,3.13,574,2021-05-24 15:40:00,CEMI
3.12,3.14,3.12,3.1216,7919,2021-05-24 15:45:00,CEMI
3.1399,3.1432,3.1399,3.1432,400,2021-05-24 15:50:00,CEMI
3.1499,3.1499,3.1284,3.135,1004,2021-05-24 15:55:00,CEMI
3.135,3.135,3.13,3.13,600,2021-05-24 16:00:00,CEMI
3.1399,3.1399,3.12,3.126,1851,2021-05-24 16:05:00,CEMI
3.12,3.1299,3.11,3.1136,3549,2021-05-24 16:15:00,CEMI
3.11,3.13,3.11,3.11,3982,2021-05-24 16:20:00,CEMI
3.11,3.12,3.1,3.11,6783,2021-05-24 16:25:00,CEMI
3.11,3.12,3.1,3.1,7821,2021-05-24 16:30:00,CEMI
3.1,3.1066,3.1,3.1066,6302,2021-05-24 16:35:00,CEMI
3.09,3.1,3.09,3.09,5810,2021-05-24 16:40:00,CEMI
3.0924,3.1,3.0924,3.1,2120,2021-05-24 16:45:00,CEMI
3.0979,3.11,3.0979,3.1,2610,2021-05-24 16:50:00,CEMI
3.11,3.13,3.1,3.13,4488,2021-05-24 16:55:00,CEMI
3.11,3.13,3.11,3.11,1736,2021-05-24 17:00:00,CEMI
3.12,3.12,3.11,3.12,1900,2021-05-24 17:05:00,CEMI
3.1107,3.1107,3.1107,3.1107,1740,2021-05-24 17:10:00,CEMI
3.13,3.13,3.1,3.12,1240,2021-05-24 17:15:00,CEMI
3.124,3.13,3.12,3.12,590,2021-05-24 17:20:00,CEMI
3.12,3.12,3.12,3.12,200,2021-05-24 17:25:00,CEMI
3.12,3.12,3.12,3.12,100,2021-05-24 17:30:00,CEMI
3.125,3.125,3.12,3.12,1800,2021-05-24 17:35:00,CEMI
3.11,3.11,3.1,3.105,1507,2021-05-24 17:40:00,CEMI
3.11,3.13,3.1,3.1,5998,2021-05-24 17:45:00,CEMI
3.1117,3.1117,3.1117,3.1117,100,2021-05-24 17:50:00,CEMI
3.1101,3.119,3.1,3.1142,3052,2021-05-24 17:55:00,CEMI
3.1,3.12,3.1,3.11,2318,2021-05-24 18:00:00,CEMI
3.11,3.11,3.11,3.11,200,2021-05-24 18:05:00,CEMI
3.1176,3.1176,3.09,3.0986,16684,2021-05-24 18:10:00,CEMI
3.1,3.1069,3.06,3.08,16923,2021-05-24 18:15:00,CEMI
3.07,3.08,3.06,3.076,12896,2021-05-24 18:20:00,CEMI
3.07,3.09,3.07,3.0801,14539,2021-05-24 18:25:00,CEMI
3.085,3.1,3.085,3.1,2100,2021-05-24 18:30:00,CEMI
3.0901,3.11,3.09,3.105,5400,2021-05-24 18:35:00,CEMI
3.09,3.09,3.09,3.09,500,2021-05-24 18:40:00,CEMI
3.09,3.1,3.08,3.0902,10805,2021-05-24 18:50:00,CEMI
3.0899,3.095,3.08,3.095,11869,2021-05-24 18:55:00,CEMI
3.09,3.09,3.08,3.08,1800,2021-05-24 19:00:00,CEMI
3.09,3.1,3.08,3.08,1100,2021-05-24 19:05:00,CEMI
3.095,3.12,3.095,3.12,2371,2021-05-24 19:10:00,CEMI
3.1089,3.1089,3.1,3.1,267,2021-05-24 19:15:00,CEMI
3.1,3.11,3.09,3.09,3442,2021-05-24 19:20:00,CEMI
3.095,3.1,3.09,3.1,3495,2021-05-24 19:25:00,CEMI
3.1038,3.1038,3.08,3.09,1999,2021-05-24 19:30:00,CEMI
3.085,3.1,3.06,3.065,11431,2021-05-24 19:35:00,CEMI
3.0699,3.0787,3.06,3.0787,27283,2021-05-24 19:40:00,CEMI
3.075,3.075,3.07,3.07,300,2021-05-24 19:45:00,CEMI
3.07,3.0709,3.07,3.07,3013,2021-05-24 19:50:00,CEMI
3.0766,3.08,3.07,3.07,23351,2021-05-24 19:55:00,CEMI
3.07,3.07,3.07,3.07,6869,2021-05-24 20:00:00,CEMI
3.07,3.07,3.07,3.07,4631,2021-05-24 20:10:00,CEMI
3.1,3.1,3.1,3.1,300,2021-05-24 20:25:00,CEMI
3.07,3.07,3.07,3.07,7800,2021-05-24 20:55:00,CEMI
3.08,3.08,3.08,3.08,100,2021-05-24 21:10:00,CEMI
3.07,3.07,3.07,3.07,328,2021-05-24 21:20:00,CEMI
3.0799,3.0799,3.0799,3.0799,641,2021-05-24 22:55:00,CEMI
3.08,3.08,3.08,3.08,100,2021-05-24 23:20:00,CEMI
3.08,3.08,3.08,3.08,108,2021-05-24 23:25:00,CEMI
3.09,3.09,3.09,3.09,1000,2021-05-25 12:20:00,CEMI
3.08,3.08,3.08,3.08,1528,2021-05-25 12:25:00,CEMI
3.08,3.08,3.08,3.08,100,2021-05-25 12:55:00,CEMI
3.08,3.08,3.08,3.08,400,2021-05-25 13:15:00,CEMI
3.07,3.08,3.03,3.05,23703,2021-05-25 13:30:00,CEMI
3.05,3.07,3.049,3.07,11135,2021-05-25 13:35:00,CEMI
3.07,3.0779,3.0664,3.0779,1550,2021-05-25 13:40:00,CEMI
3.0772,3.0799,3.06,3.0603,6193,2021-05-25 13:45:00,CEMI
3.0617,3.0617,3.04,3.04,7199,2021-05-25 13:50:00,CEMI
3.05,3.0601,3.05,3.06,6158,2021-05-25 13:55:00,CEMI
3.04,3.06,3.04,3.055,4300,2021-05-25 14:00:00,CEMI
3.05,3.0569,3.04,3.04,4799,2021-05-25 14:05:00,CEMI
3.06,3.06,3.03,3.04,12845,2021-05-25 14:10:00,CEMI
3.05,3.05,3.0335,3.05,4960,2021-05-25 14:15:00,CEMI
3.04,3.05,3.04,3.05,9036,2021-05-25 14:20:00,CEMI
3.055,3.06,3.05,3.06,1200,2021-05-25 14:25:00,CEMI
3.06,3.06,3.06,3.06,4500,2021-05-25 14:30:00,CEMI
3.04,3.05,3.03,3.05,16633,2021-05-25 14:35:00,CEMI
3.055,3.055,3.02,3.04,16789,2021-05-25 14:40:00,CEMI
3.035,3.05,3.035,3.048,3300,2021-05-25 14:45:00,CEMI
3.04,3.05,3.04,3.04,2499,2021-05-25 14:50:00,CEMI
3.035,3.05,3.03,3.049,1858,2021-05-25 14:55:00,CEMI
3.03,3.03,3.0291,3.0291,2899,2021-05-25 15:00:00,CEMI
3.03,3.03,3.03,3.03,1100,2021-05-25 15:05:00,CEMI
3.0219,3.0219,3.0136,3.0136,6701,2021-05-25 15:10:00,CEMI
3.01,3.01,2.975,2.9899,81404,2021-05-25 15:15:00,CEMI
2.98,3.02,2.98,3.0073,41243,2021-05-25 15:20:00,CEMI
3.0199,3.02,3.01,3.0168,7768,2021-05-25 15:25:00,CEMI
3.02,3.02,3.0,3.01,3838,2021-05-25 15:30:00,CEMI
3.02,3.03,3.01,3.0298,3564,2021-05-25 15:35:00,CEMI
3.0297,3.05,3.02,3.05,8705,2021-05-25 15:40:00,CEMI
3.05,3.05,3.03,3.03,4971,2021-05-25 15:45:00,CEMI
3.03,3.03,3.03,3.03,600,2021-05-25 15:50:00,CEMI
3.025,3.04,3.02,3.04,7551,2021-05-25 15:55:00,CEMI
3.0235,3.03,3.02,3.03,1298,2021-05-25 16:05:00,CEMI
3.03,3.04,3.03,3.04,4000,2021-05-25 16:10:00,CEMI
3.025,3.025,3.005,3.005,9593,2021-05-25 16:20:00,CEMI
3.01,3.01,3.0,3.005,1023,2021-05-25 16:25:00,CEMI
3.0,3.05,3.0,3.04,14797,2021-05-25 16:30:00,CEMI
3.04,3.05,3.0309,3.0471,1599,2021-05-25 16:35:00,CEMI
3.04,3.04,3.03,3.04,3826,2021-05-25 16:40:00,CEMI
3.03,3.05,3.03,3.03,2647,2021-05-25 16:45:00,CEMI
3.03,3.0319,3.03,3.0319,399,2021-05-25 16:50:00,CEMI
3.02,3.04,3.02,3.035,2400,2021-05-25 16:55:00,CEMI
3.0373,3.0373,3.02,3.035,2409,2021-05-25 17:00:00,CEMI
3.0333,3.04,3.0333,3.0391,2772,2021-05-25 17:10:00,CEMI
3.035,3.035,3.03,3.0309,1640,2021-05-25 17:15:00,CEMI
3.04,3.04,3.03,3.04,1600,2021-05-25 17:20:00,CEMI
3.03,3.03,3.025,3.025,500,2021-05-25 17:25:00,CEMI
3.025,3.03,3.02,3.0201,2314,2021-05-25 17:30:00,CEMI
3.02,3.0299,3.02,3.0299,365,2021-05-25 17:35:00,CEMI
3.02,3.021,3.02,3.021,1372,2021-05-25 17:40:00,CEMI
3.03,3.03,3.02,3.02,1399,2021-05-25 17:45:00,CEMI
3.03,3.035,3.03,3.03,1374,2021-05-25 17:50:00,CEMI
3.03,3.04,3.03,3.04,3750,2021-05-25 17:55:00,CEMI
3.04,3.04,3.03,3.0333,1299,2021-05-25 18:00:00,CEMI
3.0391,3.0391,3.03,3.03,5727,2021-05-25 18:05:00,CEMI
3.035,3.0499,3.035,3.045,3681,2021-05-25 18:10:00,CEMI
3.05,3.05,3.041,3.041,600,2021-05-25 18:15:00,CEMI
3.04,3.0401,3.04,3.0401,2250,2021-05-25 18:20:00,CEMI
3.0499,3.055,3.0499,3.055,2562,2021-05-25 18:25:00,CEMI
3.06,3.07,3.055,3.07,4081,2021-05-25 18:30:00,CEMI
3.065,3.065,3.05,3.05,2480,2021-05-25 18:35:00,CEMI
3.0599,3.0599,3.05,3.055,3699,2021-05-25 18:40:00,CEMI
3.055,3.055,3.05,3.05,1995,2021-05-25 18:45:00,CEMI
3.05,3.059,3.04,3.04,600,2021-05-25 18:50:00,CEMI
3.04,3.05,3.04,3.05,1600,2021-05-25 18:55:00,CEMI
3.04,3.0499,3.03,3.04,1320,2021-05-25 19:00:00,CEMI
3.04,3.05,3.02,3.05,7447,2021-05-25 19:05:00,CEMI
3.04,3.05,3.0358,3.04,3300,2021-05-25 19:10:00,CEMI
3.04,3.05,3.04,3.04,800,2021-05-25 19:15:00,CEMI
3.04,3.045,3.04,3.04,1800,2021-05-25 19:20:00,CEMI
3.045,3.045,3.03,3.03,1300,2021-05-25 19:25:00,CEMI
3.0301,3.035,3.02,3.02,4850,2021-05-25 19:30:00,CEMI
3.025,3.025,3.02,3.02,2927,2021-05-25 19:35:00,CEMI
3.02,3.03,3.02,3.03,2675,2021-05-25 19:40:00,CEMI
3.03,3.0398,3.02,3.03,14605,2021-05-25 19:45:00,CEMI
3.03,3.035,3.02,3.02,13782,2021-05-25 19:50:00,CEMI
3.025,3.05,3.02,3.03,23813,2021-05-25 19:55:00,CEMI
3.03,3.03,3.03,3.03,23531,2021-05-25 20:00:00,CEMI
3.06,3.06,3.06,3.06,210,2021-05-25 20:40:00,CEMI
3.03,3.04,3.03,3.04,558,2021-05-26 11:25:00,CEMI
3.05,3.05,3.05,3.05,384,2021-05-26 12:05:00,CEMI
3.06,3.06,3.03,3.03,367,2021-05-26 12:10:00,CEMI
3.04,3.04,3.04,3.04,100,2021-05-26 12:35:00,CEMI
3.0301,3.0301,3.03,3.03,4400,2021-05-26 12:40:00,CEMI
3.03,3.03,3.03,3.03,534,2021-05-26 13:10:00,CEMI
3.07,3.07,3.06,3.06,2094,2021-05-26 13:30:00,CEMI
3.06,3.08,3.06,3.07,2969,2021-05-26 13:35:00,CEMI
3.07,3.07,3.06,3.06,2304,2021-05-26 13:40:00,CEMI
3.07,3.08,3.06,3.06,2416,2021-05-26 13:45:00,CEMI
3.06,3.06,3.04,3.05,3086,2021-05-26 13:50:00,CEMI
3.06,3.079,3.06,3.07,1947,2021-05-26 13:55:00,CEMI
3.05,3.054,3.0301,3.0401,3834,2021-05-26 14:00:00,CEMI
3.04,3.06,3.04,3.06,300,2021-05-26 14:05:00,CEMI
3.07,3.07,3.05,3.05,1600,2021-05-26 14:10:00,CEMI
3.06,3.06,3.052,3.06,1500,2021-05-26 14:15:00,CEMI
3.0581,3.0679,3.05,3.0679,1650,2021-05-26 14:20:00,CEMI
3.06,3.09,3.06,3.09,6327,2021-05-26 14:25:00,CEMI
3.09,3.109,3.09,3.09,7728,2021-05-26 14:30:00,CEMI
3.09,3.1,3.08,3.08,2768,2021-05-26 14:35:00,CEMI
3.08,3.09,3.08,3.08,3431,2021-05-26 14:40:00,CEMI
3.08,3.09,3.07,3.08,12756,2021-05-26 14:45:00,CEMI
3.08,3.09,3.07,3.09,899,2021-05-26 14:50:00,CEMI
3.09,3.09,3.07,3.07,800,2021-05-26 14:55:00,CEMI
3.07,3.09,3.06,3.06,2669,2021-05-26 15:00:00,CEMI
3.0725,3.0725,3.07,3.07,659,2021-05-26 15:05:00,CEMI
3.07,3.0899,3.07,3.085,836,2021-05-26 15:10:00,CEMI
3.085,3.0899,3.08,3.08,1399,2021-05-26 15:15:00,CEMI
3.09,3.1,3.09,3.09,1400,2021-05-26 15:20:00,CEMI
3.08,3.1,3.08,3.09,2245,2021-05-26 15:25:00,CEMI
3.08,3.0999,3.08,3.0999,300,2021-05-26 15:30:00,CEMI
3.1,3.11,3.08,3.1,10366,2021-05-26 15:35:00,CEMI
3.11,3.11,3.1,3.1,3661,2021-05-26 15:40:00,CEMI
3.1,3.1099,3.1,3.1001,2322,2021-05-26 15:45:00,CEMI
3.1,3.1,3.09,3.1,4363,2021-05-26 15:50:00,CEMI
3.1,3.1,3.0901,3.0901,447,2021-05-26 15:55:00,CEMI
3.09,3.09,3.09,3.09,100,2021-05-26 16:00:00,CEMI
3.09,3.1,3.09,3.1,1829,2021-05-26 16:05:00,CEMI
3.095,3.095,3.095,3.095,300,2021-05-26 16:10:00,CEMI
3.095,3.0999,3.09,3.0999,2764,2021-05-26 16:15:00,CEMI
3.09,3.11,3.09,3.11,1050,2021-05-26 16:20:00,CEMI
3.1074,3.1074,3.1,3.102,1800,2021-05-26 16:25:00,CEMI
3.105,3.11,3.095,3.1,6959,2021-05-26 16:30:00,CEMI
3.1048,3.1048,3.1,3.1,349,2021-05-26 16:35:00,CEMI
3.1,3.11,3.1,3.11,1084,2021-05-26 16:40:00,CEMI
3.1,3.1001,3.1,3.1,1248,2021-05-26 16:45:00,CEMI
3.1,3.1001,3.1,3.1001,200,2021-05-26 16:50:00,CEMI
3.1,3.1,3.1,3.1,200,2021-05-26 16:55:00,CEMI
3.1099,3.11,3.09,3.0999,5496,2021-05-26 17:00:00,CEMI
3.102,3.102,3.09,3.09,660,2021-05-26 17:05:00,CEMI
3.106,3.106,3.1,3.1016,1200,2021-05-26 17:10:00,CEMI
3.1013,3.11,3.1,3.11,670,2021-05-26 17:15:00,CEMI
3.1018,3.12,3.1,3.12,1271,2021-05-26 17:20:00,CEMI
3.1199,3.12,3.1,3.12,700,2021-05-26 17:25:00,CEMI
3.12,3.14,3.12,3.12,10958,2021-05-26 17:30:00,CEMI
3.1209,3.126,3.12,3.1208,2054,2021-05-26 17:35:00,CEMI
3.1201,3.14,3.12,3.12,1599,2021-05-26 17:40:00,CEMI
3.13,3.15,3.13,3.1466,10448,2021-05-26 17:45:00,CEMI
3.145,3.15,3.14,3.145,6893,2021-05-26 17:50:00,CEMI
3.14,3.15,3.14,3.1401,3941,2021-05-26 17:55:00,CEMI
3.15,3.15,3.135,3.14,7497,2021-05-26 18:00:00,CEMI
3.1401,3.15,3.14,3.15,5600,2021-05-26 18:05:00,CEMI
3.15,3.16,3.14,3.1501,4204,2021-05-26 18:10:00,CEMI
3.155,3.1745,3.15,3.17,8519,2021-05-26 18:15:00,CEMI
3.17,3.18,3.17,3.1702,839,2021-05-26 18:20:00,CEMI
3.17,3.1702,3.16,3.16,5539,2021-05-26 18:25:00,CEMI
3.18,3.18,3.16,3.1602,3124,2021-05-26 18:30:00,CEMI
3.165,3.17,3.15,3.16,4500,2021-05-26 18:35:00,CEMI
3.15,3.16,3.14,3.15,3459,2021-05-26 18:40:00,CEMI
3.15,3.15,3.15,3.15,1500,2021-05-26 18:45:00,CEMI
3.155,3.155,3.1545,3.1545,2020,2021-05-26 18:50:00,CEMI
3.16,3.17,3.15,3.1698,7929,2021-05-26 18:55:00,CEMI
3.1608,3.18,3.16,3.17,7307,2021-05-26 19:00:00,CEMI
3.165,3.17,3.165,3.17,1500,2021-05-26 19:05:00,CEMI
3.17,3.18,3.17,3.18,3914,2021-05-26 19:10:00,CEMI
3.18,3.18,3.17,3.175,4000,2021-05-26 19:15:00,CEMI
3.1702,3.1702,3.16,3.17,2855,2021-05-26 19:20:00,CEMI
3.175,3.18,3.17,3.17,600,2021-05-26 19:25:00,CEMI
3.17,3.17,3.152,3.16,3951,2021-05-26 19:30:00,CEMI
3.165,3.165,3.16,3.16,873,2021-05-26 19:35:00,CEMI
3.155,3.16,3.15,3.1501,1949,2021-05-26 19:40:00,CEMI
3.15,3.15,3.14,3.15,7133,2021-05-26 19:45:00,CEMI
3.14,3.15,3.14,3.145,3060,2021-05-26 19:50:00,CEMI
3.145,3.16,3.14,3.15,6149,2021-05-26 19:55:00,CEMI
3.16,3.16,3.16,3.16,6726,2021-05-26 20:00:00,CEMI
3.17,3.17,3.17,3.17,350,2021-05-26 21:10:00,CEMI
3.16,3.16,3.16,3.16,400,2021-05-26 21:15:00,CEMI
3.16,3.16,3.16,3.16,300,2021-05-26 21:20:00,CEMI
3.19,3.19,3.19,3.19,988,2021-05-26 22:40:00,CEMI
3.12,3.12,3.12,3.12,276,2021-05-26 22:50:00,CEMI
3.19,3.19,3.19,3.19,100,2021-05-26 23:05:00,CEMI
3.18,3.18,3.18,3.18,100,2021-05-26 23:15:00,CEMI
3.16,3.16,3.16,3.16,3857,2021-05-27 12:50:00,CEMI
3.16,3.16,3.16,3.16,500,2021-05-27 12:55:00,CEMI
3.17,3.17,3.17,3.17,100,2021-05-27 13:00:00,CEMI
3.17,3.17,3.1309,3.1309,1955,2021-05-27 13:15:00,CEMI
3.13,3.14,3.13,3.14,9100,2021-05-27 13:20:00,CEMI
3.18,3.18,3.14,3.14,6365,2021-05-27 13:30:00,CEMI
3.1499,3.169,3.13,3.16,4236,2021-05-27 13:35:00,CEMI
3.1755,3.1755,3.13,3.145,1228,2021-05-27 13:40:00,CEMI
3.12,3.14,3.12,3.12,4024,2021-05-27 13:45:00,CEMI
3.12,3.14,3.12,3.14,699,2021-05-27 13:50:00,CEMI
3.14,3.15,3.14,3.141,3424,2021-05-27 13:55:00,CEMI
3.14,3.16,3.14,3.16,1346,2021-05-27 14:00:00,CEMI
3.155,3.19,3.14,3.19,16878,2021-05-27 14:05:00,CEMI
3.16,3.1601,3.16,3.1601,3273,2021-05-27 14:15:00,CEMI
3.17,3.18,3.17,3.18,1735,2021-05-27 14:20:00,CEMI
3.19,3.2,3.19,3.2,2504,2021-05-27 14:25:00,CEMI
3.19,3.19,3.18,3.19,1300,2021-05-27 14:30:00,CEMI
3.16,3.175,3.16,3.175,625,2021-05-27 14:35:00,CEMI
3.18,3.18,3.18,3.18,100,2021-05-27 14:40:00,CEMI
3.16,3.17,3.155,3.17,7161,2021-05-27 14:50:00,CEMI
3.1794,3.1794,3.1794,3.1794,790,2021-05-27 14:55:00,CEMI
3.17,3.18,3.17,3.17,2700,2021-05-27 15:00:00,CEMI
3.17,3.17,3.17,3.17,700,2021-05-27 15:05:00,CEMI
3.16,3.16,3.16,3.16,800,2021-05-27 15:10:00,CEMI
3.16,3.1673,3.15,3.15,6074,2021-05-27 15:15:00,CEMI
3.16,3.16,3.16,3.16,1600,2021-05-27 15:20:00,CEMI
3.15,3.15,3.15,3.15,100,2021-05-27 15:25:00,CEMI
3.15,3.1525,3.15,3.15,2784,2021-05-27 15:30:00,CEMI
3.15,3.15,3.13,3.13,1350,2021-05-27 15:35:00,CEMI
3.1358,3.1358,3.1358,3.1358,499,2021-05-27 15:40:00,CEMI
3.15,3.16,3.14,3.15,4099,2021-05-27 15:45:00,CEMI
3.1515,3.152,3.1515,3.152,900,2021-05-27 15:50:00,CEMI
3.153,3.16,3.15,3.16,461,2021-05-27 16:00:00,CEMI
3.1434,3.16,3.14,3.14,2402,2021-05-27 16:05:00,CEMI
3.16,3.16,3.14,3.14,1550,2021-05-27 16:10:00,CEMI
3.14,3.14,3.14,3.14,334,2021-05-27 16:15:00,CEMI
3.14,3.1499,3.135,3.14,4349,2021-05-27 16:20:00,CEMI
3.14,3.1432,3.14,3.1432,2197,2021-05-27 16:25:00,CEMI
3.14,3.14,3.1316,3.1316,568,2021-05-27 16:30:00,CEMI
3.15,3.15,3.15,3.15,1500,2021-05-27 16:35:00,CEMI
3.14,3.16,3.14,3.15,2550,2021-05-27 16:40:00,CEMI
3.16,3.17,3.16,3.1682,2200,2021-05-27 16:45:00,CEMI
3.1727,3.18,3.1727,3.18,600,2021-05-27 16:50:00,CEMI
3.15,3.18,3.15,3.18,1193,2021-05-27 17:00:00,CEMI
3.165,3.165,3.165,3.165,172,2021-05-27 17:05:00,CEMI
3.16,3.18,3.16,3.18,900,2021-05-27 17:10:00,CEMI
3.18,3.18,3.18,3.18,300,2021-05-27 17:15:00,CEMI
3.18,3.185,3.1796,3.1796,5016,2021-05-27 17:20:00,CEMI
3.18,3.19,3.18,3.18,3043,2021-05-27 17:25:00,CEMI
3.18,3.18,3.17,3.17,200,2021-05-27 17:30:00,CEMI
3.19,3.21,3.18,3.21,13234,2021-05-27 17:35:00,CEMI
3.2,3.22,3.2,3.22,9351,2021-05-27 17:45:00,CEMI
3.21,3.25,3.2,3.25,54042,2021-05-27 17:50:00,CEMI
3.259,3.26,3.23,3.25,27782,2021-05-27 17:55:00,CEMI
3.25,3.28,3.25,3.279,10670,2021-05-27 18:00:00,CEMI
3.275,3.3,3.24,3.2401,19539,2021-05-27 18:05:00,CEMI
3.242,3.264,3.24,3.25,1660,2021-05-27 18:10:00,CEMI
3.24,3.27,3.24,3.268,5263,2021-05-27 18:15:00,CEMI
3.27,3.2815,3.269,3.27,39122,2021-05-27 18:20:00,CEMI
3.2701,3.28,3.26,3.27,13883,2021-05-27 18:25:00,CEMI
3.26,3.29,3.26,3.275,3639,2021-05-27 18:30:00,CEMI
3.27,3.27,3.26,3.26,1215,2021-05-27 18:35:00,CEMI
3.26,3.2699,3.25,3.25,11053,2021-05-27 18:40:00,CEMI
3.25,3.25,3.23,3.235,6234,2021-05-27 18:45:00,CEMI
3.239,3.239,3.235,3.235,405,2021-05-27 18:50:00,CEMI
3.236,3.24,3.235,3.24,1899,2021-05-27 18:55:00,CEMI
3.24,3.24,3.208,3.21,10772,2021-05-27 19:00:00,CEMI
3.2284,3.23,3.22,3.22,1899,2021-05-27 19:05:00,CEMI
3.22,3.2299,3.205,3.205,8272,2021-05-27 19:10:00,CEMI
3.21,3.21,3.2,3.2057,5953,2021-05-27 19:15:00,CEMI
3.2099,3.2099,3.2099,3.2099,700,2021-05-27 19:20:00,CEMI
3.2073,3.21,3.205,3.21,2891,2021-05-27 19:25:00,CEMI
3.2102,3.2102,3.2102,3.2102,300,2021-05-27 19:30:00,CEMI
3.215,3.22,3.215,3.22,700,2021-05-27 19:35:00,CEMI
3.215,3.215,3.19,3.195,17824,2021-05-27 19:40:00,CEMI
3.1902,3.195,3.19,3.195,2698,2021-05-27 19:45:00,CEMI
3.19,3.2,3.185,3.195,6600,2021-05-27 19:50:00,CEMI
3.19,3.2,3.18,3.2,7418,2021-05-27 19:55:00,CEMI
3.2,3.2,3.2,3.2,8693,2021-05-27 20:00:00,CEMI
3.24,3.24,3.24,3.24,1500,2021-05-27 22:35:00,CEMI
3.2,3.2,3.2,3.2,100,2021-05-27 23:30:00,CEMI
3.21,3.21,3.15,3.15,300,2021-05-27 23:40:00,CEMI
3.15,3.15,3.15,3.15,110,2021-05-27 23:45:00,CEMI
3.15,3.15,3.15,3.15,147,2021-05-27 23:50:00,CEMI
3.21,3.21,3.21,3.21,200,2021-05-28 11:55:00,CEMI
3.2,3.2,3.2,3.2,100,2021-05-28 12:05:00,CEMI
3.2,3.22,3.2,3.22,200,2021-05-28 12:10:00,CEMI
3.22,3.22,3.22,3.22,100,2021-05-28 12:15:00,CEMI
3.21,3.21,3.21,3.21,300,2021-05-28 12:50:00,CEMI
3.2,3.2,3.2,3.2,122,2021-05-28 12:55:00,CEMI
3.21,3.21,3.21,3.21,150,2021-05-28 13:05:00,CEMI
3.1999,3.2,3.1999,3.2,1002,2021-05-28 13:25:00,CEMI
3.23,3.265,3.2,3.265,7589,2021-05-28 13:30:00,CEMI
3.2629,3.2629,3.23,3.23,6076,2021-05-28 13:35:00,CEMI
3.2519,3.2519,3.23,3.245,5875,2021-05-28 13:40:00,CEMI
3.25,3.25,3.22,3.22,2964,2021-05-28 13:45:00,CEMI
3.2218,3.245,3.2218,3.23,2646,2021-05-28 13:50:00,CEMI
3.24,3.2572,3.2309,3.255,1944,2021-05-28 13:55:00,CEMI
3.24,3.24,3.232,3.24,554,2021-05-28 14:00:00,CEMI
3.24,3.26,3.24,3.25,2011,2021-05-28 14:05:00,CEMI
3.2404,3.2699,3.2404,3.2699,1263,2021-05-28 14:10:00,CEMI
3.254,3.254,3.25,3.25,7485,2021-05-28 14:15:00,CEMI
3.2492,3.26,3.2492,3.26,8390,2021-05-28 14:20:00,CEMI
3.255,3.255,3.24,3.24,2250,2021-05-28 14:25:00,CEMI
3.24,3.24,3.21,3.21,500,2021-05-28 14:30:00,CEMI
3.2193,3.2193,3.21,3.2171,10100,2021-05-28 14:35:00,CEMI
3.21,3.235,3.21,3.235,1000,2021-05-28 14:40:00,CEMI
3.2375,3.24,3.215,3.215,1700,2021-05-28 14:45:00,CEMI
3.215,3.215,3.2019,3.2019,1100,2021-05-28 14:50:00,CEMI
3.2,3.2,3.19,3.19,937,2021-05-28 14:55:00,CEMI
3.195,3.2,3.19,3.2,1100,2021-05-28 15:00:00,CEMI
3.2128,3.22,3.2088,3.2088,3336,2021-05-28 15:05:00,CEMI
3.2,3.2208,3.2,3.22,2340,2021-05-28 15:10:00,CEMI
3.226,3.25,3.226,3.23,8376,2021-05-28 15:15:00,CEMI
3.239,3.239,3.239,3.239,2000,2021-05-28 15:20:00,CEMI
3.21,3.21,3.21,3.21,100,2021-05-28 15:25:00,CEMI
3.21,3.24,3.2,3.21,2300,2021-05-28 15:30:00,CEMI
3.2,3.2024,3.2,3.2,1200,2021-05-28 15:35:00,CEMI
3.2042,3.2105,3.2,3.2105,6110,2021-05-28 15:40:00,CEMI
3.21,3.21,3.189,3.19,3902,2021-05-28 15:45:00,CEMI
3.21,3.2101,3.2087,3.21,2300,2021-05-28 15:50:00,CEMI
3.21,3.22,3.21,3.22,600,2021-05-28 15:55:00,CEMI
3.21,3.215,3.2,3.2,1800,2021-05-28 16:00:00,CEMI
3.2,3.2099,3.19,3.2,2764,2021-05-28 16:05:00,CEMI
3.195,3.195,3.185,3.1918,6121,2021-05-28 16:10:00,CEMI
3.2,3.22,3.19,3.1916,2661,2021-05-28 16:15:00,CEMI
3.19,3.1987,3.19,3.19,550,2021-05-28 16:20:00,CEMI
3.1945,3.2,3.19,3.2,827,2021-05-28 16:25:00,CEMI
3.21,3.21,3.2,3.2,500,2021-05-28 16:30:00,CEMI
3.205,3.22,3.2,3.21,4900,2021-05-28 16:35:00,CEMI
3.215,3.22,3.21,3.215,1800,2021-05-28 16:40:00,CEMI
3.228,3.228,3.228,3.228,200,2021-05-28 16:50:00,CEMI
3.21,3.22,3.21,3.21,300,2021-05-28 16:55:00,CEMI
3.23,3.23,3.2135,3.2135,2116,2021-05-28 17:00:00,CEMI
3.2181,3.225,3.2181,3.22,1700,2021-05-28 17:05:00,CEMI
3.2109,3.2155,3.202,3.2155,900,2021-05-28 17:10:00,CEMI
3.22,3.22,3.2,3.21,600,2021-05-28 17:15:00,CEMI
3.2,3.2,3.19,3.19,1450,2021-05-28 17:20:00,CEMI
3.1901,3.21,3.1901,3.2,1897,2021-05-28 17:25:00,CEMI
3.2,3.2005,3.19,3.19,10826,2021-05-28 17:30:00,CEMI
3.18,3.1968,3.18,3.1968,833,2021-05-28 17:35:00,CEMI
3.1909,3.2,3.19,3.2,850,2021-05-28 17:40:00,CEMI
3.2,3.2,3.18,3.18,400,2021-05-28 17:45:00,CEMI
3.18,3.19,3.18,3.1848,340,2021-05-28 17:50:00,CEMI
3.18,3.19,3.18,3.18,3034,2021-05-28 17:55:00,CEMI
3.18,3.18,3.18,3.18,2396,2021-05-28 18:00:00,CEMI
3.18,3.18,3.18,3.18,600,2021-05-28 18:05:00,CEMI
3.19,3.19,3.18,3.185,1300,2021-05-28 18:10:00,CEMI
3.1817,3.185,3.1801,3.185,811,2021-05-28 18:15:00,CEMI
3.1899,3.1899,3.1807,3.1807,5261,2021-05-28 18:20:00,CEMI
3.19,3.1998,3.19,3.1998,601,2021-05-28 18:25:00,CEMI
3.195,3.2,3.18,3.1905,8844,2021-05-28 18:30:00,CEMI
3.19,3.21,3.19,3.21,9056,2021-05-28 18:35:00,CEMI
3.21,3.23,3.21,3.215,1644,2021-05-28 18:40:00,CEMI
3.215,3.215,3.215,3.215,100,2021-05-28 18:45:00,CEMI
3.23,3.23,3.21,3.21,600,2021-05-28 18:50:00,CEMI
3.22,3.2248,3.21,3.22,1544,2021-05-28 18:55:00,CEMI
3.2299,3.2299,3.21,3.21,1600,2021-05-28 19:00:00,CEMI
3.22,3.22,3.19,3.1925,8695,2021-05-28 19:05:00,CEMI
3.2154,3.2154,3.21,3.21,1778,2021-05-28 19:10:00,CEMI
3.2092,3.2092,3.2,3.2,900,2021-05-28 19:15:00,CEMI
3.2,3.2,3.2,3.2,1205,2021-05-28 19:20:00,CEMI
3.2,3.2,3.19,3.19,1453,2021-05-28 19:25:00,CEMI
3.19,3.195,3.19,3.195,3000,2021-05-28 19:30:00,CEMI
3.195,3.195,3.185,3.185,798,2021-05-28 19:35:00,CEMI
3.19,3.19,3.19,3.19,300,2021-05-28 19:40:00,CEMI
3.19,3.19,3.18,3.1809,5167,2021-05-28 19:45:00,CEMI
3.185,3.19,3.1827,3.19,600,2021-05-28 19:50:00,CEMI
3.185,3.2,3.17,3.2,4978,2021-05-28 19:55:00,CEMI
3.19,3.19,3.19,3.19,8153,2021-05-28 20:00:00,CEMI
3.15,3.15,3.15,3.15,100,2021-05-28 20:55:00,CEMI
3.18,3.18,3.18,3.18,250,2021-05-28 21:20:00,CEMI
3.19,3.19,3.19,3.19,200,2021-05-28 21:40:00,CEMI
3.16,3.16,3.16,3.16,200,2021-05-28 23:10:00,CEMI
3.19,3.19,3.19,3.19,100,2021-05-28 23:55:00,CEMI
