open,high,low,close,volume,datetime,symbol
24.9,25.1,24.8701,24.96,17956,2021-05-03 13:30:00,RXT
25.01,25.01,24.98,25.01,3400,2021-05-03 13:35:00,RXT
25.005,25.005,24.75,24.78,3485,2021-05-03 13:40:00,RXT
24.77,24.77,24.66,24.705,3837,2021-05-03 13:45:00,RXT
24.76,24.76,24.54,24.55,5953,2021-05-03 13:50:00,RXT
24.6291,24.67,24.535,24.558,5819,2021-05-03 13:55:00,RXT
24.515,24.53,24.46,24.47,4537,2021-05-03 14:00:00,RXT
24.47,24.5,24.44,24.44,4860,2021-05-03 14:05:00,RXT
24.47,24.49,24.43,24.43,2627,2021-05-03 14:10:00,RXT
24.45,24.53,24.43,24.53,29272,2021-05-03 14:15:00,RXT
24.53,24.62,24.53,24.6,3711,2021-05-03 14:20:00,RXT
24.57,24.61,24.52,24.52,4226,2021-05-03 14:25:00,RXT
24.54,24.57,24.445,24.5,4576,2021-05-03 14:30:00,RXT
24.485,24.58,24.48,24.55,11234,2021-05-03 14:35:00,RXT
24.54,24.58,24.53,24.58,5400,2021-05-03 14:40:00,RXT
24.575,24.625,24.53,24.595,9940,2021-05-03 14:45:00,RXT
24.59,24.6,24.44,24.44,3769,2021-05-03 14:50:00,RXT
24.44,24.48,24.34,24.385,9667,2021-05-03 14:55:00,RXT
24.38,24.44,24.38,24.43,6520,2021-05-03 15:00:00,RXT
24.42,24.47,24.41,24.45,3100,2021-05-03 15:05:00,RXT
24.44,24.44,24.38,24.41,1400,2021-05-03 15:10:00,RXT
24.39,24.415,24.36,24.41,5906,2021-05-03 15:15:00,RXT
24.405,24.42,24.39,24.42,3696,2021-05-03 15:20:00,RXT
24.41,24.41,24.355,24.37,3804,2021-05-03 15:25:00,RXT
24.35,24.35,24.16,24.2465,38758,2021-05-03 15:30:00,RXT
24.27,24.28,24.235,24.25,7296,2021-05-03 15:35:00,RXT
24.25,24.25,24.17,24.186,2000,2021-05-03 15:40:00,RXT
24.18,24.19,24.13,24.1304,4177,2021-05-03 15:45:00,RXT
24.1519,24.1519,24.055,24.08,3700,2021-05-03 15:50:00,RXT
24.075,24.15,24.0602,24.1088,4222,2021-05-03 15:55:00,RXT
24.1,24.11,24.09,24.11,400,2021-05-03 16:00:00,RXT
24.11,24.11,24.015,24.02,9202,2021-05-03 16:05:00,RXT
24.01,24.05,23.985,24.045,10122,2021-05-03 16:10:00,RXT
24.045,24.1,24.03,24.095,58785,2021-05-03 16:15:00,RXT
24.095,24.14,24.08,24.13,8035,2021-05-03 16:20:00,RXT
24.125,24.125,24.095,24.105,4500,2021-05-03 16:25:00,RXT
24.1001,24.11,24.015,24.015,4549,2021-05-03 16:30:00,RXT
24.015,24.09,24.01,24.09,7163,2021-05-03 16:35:00,RXT
24.1,24.12,24.09,24.09,2200,2021-05-03 16:40:00,RXT
24.095,24.12,24.095,24.11,2300,2021-05-03 16:45:00,RXT
24.1002,24.16,24.075,24.16,7870,2021-05-03 16:50:00,RXT
24.15,24.16,24.15,24.15,700,2021-05-03 16:55:00,RXT
24.16,24.16,24.12,24.12,5604,2021-05-03 17:00:00,RXT
24.115,24.24,24.1102,24.24,8744,2021-05-03 17:05:00,RXT
24.22,24.23,24.21,24.21,2485,2021-05-03 17:10:00,RXT
24.225,24.28,24.225,24.27,2600,2021-05-03 17:15:00,RXT
24.28,24.33,24.27,24.275,2795,2021-05-03 17:20:00,RXT
24.28,24.3056,24.26,24.26,2165,2021-05-03 17:25:00,RXT
24.25,24.27,24.24,24.27,1900,2021-05-03 17:30:00,RXT
24.265,24.265,24.23,24.24,3337,2021-05-03 17:35:00,RXT
24.24,24.26,24.24,24.255,800,2021-05-03 17:40:00,RXT
24.26,24.28,24.22,24.23,2874,2021-05-03 17:45:00,RXT
24.225,24.26,24.225,24.25,2088,2021-05-03 17:50:00,RXT
24.25,24.25,24.225,24.23,1500,2021-05-03 17:55:00,RXT
24.2315,24.245,24.19,24.19,6296,2021-05-03 18:00:00,RXT
24.18,24.21,24.17,24.19,3964,2021-05-03 18:05:00,RXT
24.17,24.2,24.16,24.19,2600,2021-05-03 18:10:00,RXT
24.18,24.18,24.12,24.13,3855,2021-05-03 18:15:00,RXT
24.13,24.16,24.115,24.15,8312,2021-05-03 18:20:00,RXT
24.16,24.18,24.15,24.17,5301,2021-05-03 18:25:00,RXT
24.17,24.25,24.16,24.215,6784,2021-05-03 18:30:00,RXT
24.2,24.2,24.165,24.2,3857,2021-05-03 18:35:00,RXT
24.185,24.185,24.165,24.165,1900,2021-05-03 18:40:00,RXT
24.165,24.17,24.14,24.145,3500,2021-05-03 18:45:00,RXT
24.14,24.15,24.11,24.115,5717,2021-05-03 18:50:00,RXT
24.115,24.115,24.105,24.11,4400,2021-05-03 18:55:00,RXT
24.11,24.11,24.09,24.105,6379,2021-05-03 19:00:00,RXT
24.105,24.14,24.085,24.14,6803,2021-05-03 19:05:00,RXT
24.125,24.13,24.09,24.09,4800,2021-05-03 19:10:00,RXT
24.095,24.095,24.06,24.095,5800,2021-05-03 19:15:00,RXT
24.095,24.15,24.09,24.13,1925,2021-05-03 19:20:00,RXT
24.12,24.17,24.11,24.17,7550,2021-05-03 19:25:00,RXT
24.17,24.19,24.14,24.14,5513,2021-05-03 19:30:00,RXT
24.14,24.14,24.08,24.105,6859,2021-05-03 19:35:00,RXT
24.105,24.13,24.105,24.11,5424,2021-05-03 19:40:00,RXT
24.11,24.1184,24.07,24.07,5707,2021-05-03 19:45:00,RXT
24.075,24.11,24.05,24.06,17430,2021-05-03 19:50:00,RXT
24.05,24.08,24.04,24.06,24898,2021-05-03 19:55:00,RXT
24.05,24.06,24.05,24.05,183344,2021-05-03 20:00:00,RXT
23.78,23.78,23.78,23.78,100,2021-05-03 22:30:00,RXT
24.05,24.05,24.05,24.05,400,2021-05-04 12:55:00,RXT
24.05,24.39,23.88,23.965,9101,2021-05-04 13:30:00,RXT
23.999,24.025,23.9201,23.96,5068,2021-05-04 13:35:00,RXT
23.995,23.995,23.61,23.64,18247,2021-05-04 13:40:00,RXT
23.64,23.75,23.64,23.75,4638,2021-05-04 13:45:00,RXT
23.701,23.775,23.57,23.63,11318,2021-05-04 13:50:00,RXT
23.6455,23.65,23.56,23.5632,5169,2021-05-04 13:55:00,RXT
23.59,23.63,23.42,23.44,12832,2021-05-04 14:00:00,RXT
23.45,23.54,23.41,23.52,5808,2021-05-04 14:05:00,RXT
23.52,23.56,23.485,23.56,7436,2021-05-04 14:10:00,RXT
23.56,23.57,23.48,23.545,3169,2021-05-04 14:15:00,RXT
23.6,23.695,23.6,23.695,4204,2021-05-04 14:20:00,RXT
23.7,23.75,23.665,23.72,8285,2021-05-04 14:25:00,RXT
23.74,23.7712,23.67,23.67,7448,2021-05-04 14:30:00,RXT
23.66,23.72,23.66,23.72,1856,2021-05-04 14:35:00,RXT
23.7,23.7407,23.69,23.69,8949,2021-05-04 14:40:00,RXT
23.66,23.74,23.66,23.74,9695,2021-05-04 14:45:00,RXT
23.725,23.76,23.7131,23.76,884,2021-05-04 14:50:00,RXT
23.725,23.725,23.67,23.71,8621,2021-05-04 14:55:00,RXT
23.7,23.7,23.625,23.655,5380,2021-05-04 15:00:00,RXT
23.64,23.65,23.62,23.65,2015,2021-05-04 15:05:00,RXT
23.66,23.66,23.5,23.57,13968,2021-05-04 15:10:00,RXT
23.53,23.57,23.52,23.54,8105,2021-05-04 15:15:00,RXT
23.53,23.54,23.51,23.53,2129,2021-05-04 15:20:00,RXT
23.5,23.61,23.49,23.58,2405,2021-05-04 15:25:00,RXT
23.58,23.67,23.58,23.595,3711,2021-05-04 15:30:00,RXT
23.59,23.66,23.59,23.64,1900,2021-05-04 15:35:00,RXT
23.63,23.63,23.56,23.61,6962,2021-05-04 15:40:00,RXT
23.6,23.6,23.58,23.6,3414,2021-05-04 15:45:00,RXT
23.58,23.58,23.515,23.56,3803,2021-05-04 15:50:00,RXT
23.56,23.58,23.52,23.5695,7345,2021-05-04 15:55:00,RXT
23.5663,23.615,23.55,23.615,8776,2021-05-04 16:00:00,RXT
23.61,23.61,23.57,23.58,4420,2021-05-04 16:05:00,RXT
23.58,23.6,23.58,23.585,2914,2021-05-04 16:10:00,RXT
23.57,23.6,23.56,23.6,5364,2021-05-04 16:15:00,RXT
23.61,23.62,23.57,23.5853,3963,2021-05-04 16:20:00,RXT
23.58,23.59,23.55,23.55,3571,2021-05-04 16:25:00,RXT
23.56,23.56,23.52,23.52,2251,2021-05-04 16:30:00,RXT
23.515,23.54,23.51,23.54,4960,2021-05-04 16:35:00,RXT
23.54,23.56,23.52,23.56,2170,2021-05-04 16:40:00,RXT
23.565,23.585,23.56,23.57,3500,2021-05-04 16:45:00,RXT
23.57,23.59,23.565,23.59,2620,2021-05-04 16:50:00,RXT
23.58,23.58,23.56,23.56,1700,2021-05-04 16:55:00,RXT
23.56,23.62,23.56,23.62,3529,2021-05-04 17:00:00,RXT
23.615,23.645,23.605,23.635,2173,2021-05-04 17:05:00,RXT
23.65,23.69,23.65,23.69,2584,2021-05-04 17:10:00,RXT
23.69,23.72,23.69,23.7,2939,2021-05-04 17:15:00,RXT
23.7,23.76,23.69,23.74,3001,2021-05-04 17:20:00,RXT
23.75,23.785,23.74,23.765,2004,2021-05-04 17:25:00,RXT
23.77,23.77,23.75,23.77,2619,2021-05-04 17:30:00,RXT
23.77,23.78,23.74,23.775,3961,2021-05-04 17:35:00,RXT
23.7732,23.775,23.745,23.75,3731,2021-05-04 17:40:00,RXT
23.75,23.75,23.72,23.72,2450,2021-05-04 17:45:00,RXT
23.725,23.725,23.685,23.71,3733,2021-05-04 17:50:00,RXT
23.715,23.77,23.71,23.755,3400,2021-05-04 17:55:00,RXT
23.76,23.76,23.68,23.68,9391,2021-05-04 18:00:00,RXT
23.71,23.71,23.7,23.71,1559,2021-05-04 18:05:00,RXT
23.71,23.72,23.7,23.71,6994,2021-05-04 18:10:00,RXT
23.72,23.735,23.72,23.73,2057,2021-05-04 18:15:00,RXT
23.73,23.74,23.715,23.73,4711,2021-05-04 18:20:00,RXT
23.72,23.72,23.68,23.685,2718,2021-05-04 18:25:00,RXT
23.685,23.71,23.68,23.7,2897,2021-05-04 18:30:00,RXT
23.7,23.745,23.7,23.745,1384,2021-05-04 18:35:00,RXT
23.745,23.815,23.74,23.805,5300,2021-05-04 18:40:00,RXT
23.81,23.81,23.77,23.78,3509,2021-05-04 18:45:00,RXT
23.78,23.815,23.78,23.81,1996,2021-05-04 18:50:00,RXT
23.81,23.87,23.8,23.855,2753,2021-05-04 18:55:00,RXT
23.855,23.91,23.82,23.89,5271,2021-05-04 19:00:00,RXT
23.885,23.89,23.87,23.875,3167,2021-05-04 19:05:00,RXT
23.88,23.89,23.835,23.835,6138,2021-05-04 19:10:00,RXT
23.84,23.845,23.835,23.84,2443,2021-05-04 19:15:00,RXT
23.835,23.94,23.835,23.94,10762,2021-05-04 19:20:00,RXT
23.935,23.9421,23.91,23.93,7388,2021-05-04 19:25:00,RXT
23.93,23.94,23.92,23.94,3610,2021-05-04 19:30:00,RXT
23.935,23.94,23.92,23.94,3992,2021-05-04 19:35:00,RXT
23.945,23.945,23.905,23.915,5729,2021-05-04 19:40:00,RXT
23.91,23.92,23.895,23.9,7439,2021-05-04 19:45:00,RXT
23.91,23.97,23.9,23.97,10454,2021-05-04 19:50:00,RXT
23.96,24.04,23.94,23.94,29345,2021-05-04 19:55:00,RXT
23.94,23.94,23.94,23.94,98437,2021-05-04 20:00:00,RXT
23.94,23.94,23.94,23.94,4412,2021-05-04 20:30:00,RXT
23.94,23.94,23.94,23.94,6086,2021-05-04 20:55:00,RXT
23.94,23.94,23.94,23.94,300,2021-05-05 11:55:00,RXT
23.94,23.94,23.94,23.94,700,2021-05-05 12:00:00,RXT
23.94,23.94,23.94,23.94,300,2021-05-05 12:05:00,RXT
23.94,23.94,23.94,23.94,100,2021-05-05 13:05:00,RXT
23.94,23.94,23.94,23.94,300,2021-05-05 13:10:00,RXT
24.01,24.01,23.85,23.91,5938,2021-05-05 13:30:00,RXT
23.8103,23.83,23.8,23.83,800,2021-05-05 13:35:00,RXT
23.77,23.77,23.6413,23.75,8454,2021-05-05 13:40:00,RXT
23.8,24.05,23.8,24.01,8845,2021-05-05 13:45:00,RXT
23.97,24.13,23.94,24.08,4834,2021-05-05 13:50:00,RXT
24.075,24.075,23.881,24.0,4961,2021-05-05 13:55:00,RXT
24.0,24.02,23.88,23.94,20990,2021-05-05 14:00:00,RXT
23.89,23.93,23.86,23.9,3620,2021-05-05 14:05:00,RXT
23.9,23.9,23.82,23.845,2200,2021-05-05 14:10:00,RXT
23.845,23.85,23.8,23.83,3050,2021-05-05 14:15:00,RXT
23.8,23.8,23.8,23.8,819,2021-05-05 14:20:00,RXT
23.8,23.81,23.74,23.78,1076,2021-05-05 14:25:00,RXT
23.7,23.75,23.68,23.74,1781,2021-05-05 14:35:00,RXT
23.74,23.82,23.74,23.78,1088,2021-05-05 14:40:00,RXT
23.815,23.84,23.792,23.825,915,2021-05-05 14:45:00,RXT
23.83,23.9,23.83,23.86,400,2021-05-05 14:50:00,RXT
23.87,23.88,23.79,23.875,3737,2021-05-05 14:55:00,RXT
23.88,23.93,23.86,23.892,3817,2021-05-05 15:00:00,RXT
23.94,23.98,23.91,23.93,7687,2021-05-05 15:05:00,RXT
23.93,23.955,23.93,23.93,400,2021-05-05 15:10:00,RXT
23.95,24.0,23.95,23.95,2317,2021-05-05 15:15:00,RXT
23.95,23.955,23.85,23.935,18330,2021-05-05 15:20:00,RXT
23.93,23.95,23.93,23.94,1068,2021-05-05 15:25:00,RXT
23.96,24.07,23.96,24.004,2942,2021-05-05 15:30:00,RXT
24.025,24.06,24.02,24.05,3233,2021-05-05 15:35:00,RXT
24.05,24.0851,24.04,24.08,3381,2021-05-05 15:40:00,RXT
24.07,24.13,24.06,24.11,27516,2021-05-05 15:45:00,RXT
24.13,24.14,24.09,24.13,32987,2021-05-05 15:50:00,RXT
24.17,24.22,24.16,24.19,2400,2021-05-05 15:55:00,RXT
24.17,24.18,24.14,24.17,2480,2021-05-05 16:00:00,RXT
24.17,24.26,24.17,24.23,12502,2021-05-05 16:05:00,RXT
24.23,24.2396,24.22,24.22,900,2021-05-05 16:10:00,RXT
24.22,24.22,24.16,24.185,6047,2021-05-05 16:15:00,RXT
24.185,24.205,24.14,24.165,11648,2021-05-05 16:20:00,RXT
24.17,24.17,24.15,24.165,4700,2021-05-05 16:25:00,RXT
24.18,24.18,24.16,24.18,4770,2021-05-05 16:30:00,RXT
24.18,24.22,24.18,24.18,5477,2021-05-05 16:35:00,RXT
24.17,24.17,24.09,24.12,6104,2021-05-05 16:40:00,RXT
24.14,24.1741,24.14,24.17,1842,2021-05-05 16:45:00,RXT
24.17,24.17,24.14,24.14,2636,2021-05-05 16:50:00,RXT
24.145,24.145,24.1001,24.12,3567,2021-05-05 16:55:00,RXT
24.115,24.115,24.1,24.11,2049,2021-05-05 17:00:00,RXT
24.11,24.15,24.05,24.12,55939,2021-05-05 17:05:00,RXT
24.1,24.15,24.09,24.11,7950,2021-05-05 17:10:00,RXT
24.13,24.13,24.07,24.12,9079,2021-05-05 17:15:00,RXT
24.12,24.135,24.12,24.135,3086,2021-05-05 17:20:00,RXT
24.135,24.15,24.13,24.13,2400,2021-05-05 17:25:00,RXT
24.13,24.135,24.11,24.12,3674,2021-05-05 17:30:00,RXT
24.13,24.13,24.11,24.11,2568,2021-05-05 17:35:00,RXT
24.1,24.105,24.095,24.105,4120,2021-05-05 17:40:00,RXT
24.105,24.12,24.105,24.12,1976,2021-05-05 17:45:00,RXT
24.105,24.125,24.105,24.11,5593,2021-05-05 17:50:00,RXT
24.11,24.116,24.07,24.08,2377,2021-05-05 17:55:00,RXT
24.075,24.075,24.03,24.03,4475,2021-05-05 18:00:00,RXT
24.02,24.025,24.01,24.01,1000,2021-05-05 18:05:00,RXT
24.0,24.01,23.975,24.01,6319,2021-05-05 18:10:00,RXT
24.01,24.035,24.01,24.035,4583,2021-05-05 18:15:00,RXT
24.035,24.05,24.01,24.02,5496,2021-05-05 18:20:00,RXT
24.02,24.03,24.02,24.03,1174,2021-05-05 18:25:00,RXT
24.0227,24.035,24.0227,24.035,1255,2021-05-05 18:30:00,RXT
24.02,24.02,24.01,24.01,2638,2021-05-05 18:35:00,RXT
24.02,24.05,24.01,24.04,4403,2021-05-05 18:40:00,RXT
24.04,24.06,24.015,24.05,8514,2021-05-05 18:45:00,RXT
24.05,24.05,24.03,24.03,1730,2021-05-05 18:50:00,RXT
24.02,24.02,23.98,23.98,1838,2021-05-05 18:55:00,RXT
23.99,23.99,23.96,23.98,2062,2021-05-05 19:00:00,RXT
23.965,23.98,23.95,23.965,1160,2021-05-05 19:05:00,RXT
23.97,23.97,23.965,23.965,900,2021-05-05 19:10:00,RXT
23.965,23.965,23.93,23.94,4185,2021-05-05 19:15:00,RXT
23.93,23.965,23.93,23.94,4372,2021-05-05 19:20:00,RXT
23.94,23.955,23.9,23.95,2071,2021-05-05 19:25:00,RXT
23.95,23.955,23.94,23.95,3428,2021-05-05 19:30:00,RXT
23.95,23.96,23.92,23.95,4949,2021-05-05 19:35:00,RXT
23.94,23.97,23.93,23.93,5184,2021-05-05 19:40:00,RXT
23.93,23.955,23.925,23.935,7320,2021-05-05 19:45:00,RXT
23.95,23.95,23.91,23.945,10049,2021-05-05 19:50:00,RXT
23.94,24.01,23.93,23.99,24000,2021-05-05 19:55:00,RXT
23.95,23.95,23.95,23.95,33455,2021-05-05 20:00:00,RXT
23.69,23.69,23.69,23.69,200,2021-05-05 21:25:00,RXT
23.99,23.99,23.819,23.94,5453,2021-05-06 13:30:00,RXT
23.87,24.0,23.81,23.91,4868,2021-05-06 13:35:00,RXT
23.85,23.88,23.68,23.7,9561,2021-05-06 13:40:00,RXT
23.75,23.8,23.701,23.735,4504,2021-05-06 13:45:00,RXT
23.74,23.8,23.74,23.77,2350,2021-05-06 13:50:00,RXT
23.725,23.79,23.725,23.78,5708,2021-05-06 13:55:00,RXT
23.77,23.85,23.765,23.8,7750,2021-05-06 14:00:00,RXT
23.785,23.82,23.76,23.8,3000,2021-05-06 14:05:00,RXT
23.77,23.81,23.76,23.77,4852,2021-05-06 14:10:00,RXT
23.78,23.8,23.76,23.77,6518,2021-05-06 14:15:00,RXT
23.77,23.83,23.761,23.83,1084,2021-05-06 14:20:00,RXT
23.83,23.8702,23.83,23.87,4800,2021-05-06 14:25:00,RXT
23.86,23.86,23.755,23.77,4990,2021-05-06 14:30:00,RXT
23.77,23.87,23.77,23.86,4310,2021-05-06 14:35:00,RXT
23.87,23.88,23.7805,23.8118,16853,2021-05-06 14:40:00,RXT
23.81,23.82,23.765,23.79,12183,2021-05-06 14:45:00,RXT
23.77,23.78,23.75,23.76,6577,2021-05-06 14:50:00,RXT
23.76,23.76,23.72,23.76,8103,2021-05-06 14:55:00,RXT
23.77,23.79,23.76,23.77,7336,2021-05-06 15:00:00,RXT
23.78,23.795,23.72,23.79,12003,2021-05-06 15:05:00,RXT
23.77,23.82,23.77,23.82,10615,2021-05-06 15:10:00,RXT
23.83,23.87,23.83,23.87,2590,2021-05-06 15:15:00,RXT
23.87,23.91,23.85,23.91,3100,2021-05-06 15:20:00,RXT
23.95,23.96,23.92,23.95,2924,2021-05-06 15:25:00,RXT
23.9557,23.98,23.9557,23.98,2900,2021-05-06 15:30:00,RXT
24.02,24.039,24.0,24.0,2229,2021-05-06 15:35:00,RXT
23.995,24.04,23.995,24.03,5412,2021-05-06 15:40:00,RXT
24.02,24.09,24.0,24.09,3980,2021-05-06 15:45:00,RXT
24.1,24.1399,24.09,24.11,4316,2021-05-06 15:50:00,RXT
24.095,24.095,23.91,23.91,26342,2021-05-06 15:55:00,RXT
23.91,23.91,23.85,23.86,4586,2021-05-06 16:00:00,RXT
23.88,23.88,23.8,23.8683,7898,2021-05-06 16:05:00,RXT
23.88,23.88,23.74,23.74,5000,2021-05-06 16:10:00,RXT
23.74,23.8458,23.73,23.81,12455,2021-05-06 16:15:00,RXT
23.81,23.9299,23.81,23.9299,6900,2021-05-06 16:20:00,RXT
23.935,23.94,23.89,23.89,4199,2021-05-06 16:25:00,RXT
23.91,23.96,23.9,23.96,2757,2021-05-06 16:30:00,RXT
23.965,23.97,23.9,23.91,2928,2021-05-06 16:35:00,RXT
23.915,23.93,23.915,23.93,1510,2021-05-06 16:40:00,RXT
23.93,23.93,23.9,23.9,2491,2021-05-06 16:45:00,RXT
23.91,23.915,23.9001,23.915,1938,2021-05-06 16:50:00,RXT
23.915,23.92,23.91,23.92,2108,2021-05-06 16:55:00,RXT
23.92,24.0,23.92,23.99,4370,2021-05-06 17:00:00,RXT
24.0,24.0,23.96,23.99,3645,2021-05-06 17:05:00,RXT
23.994,23.994,23.95,23.97,3426,2021-05-06 17:10:00,RXT
23.95,23.95,23.9,23.92,2940,2021-05-06 17:15:00,RXT
23.91,23.93,23.91,23.925,3419,2021-05-06 17:20:00,RXT
23.93,23.95,23.93,23.945,1908,2021-05-06 17:25:00,RXT
23.95,23.955,23.925,23.925,8300,2021-05-06 17:30:00,RXT
23.93,23.965,23.93,23.96,2950,2021-05-06 17:35:00,RXT
23.96,23.96,23.91,23.92,4100,2021-05-06 17:40:00,RXT
23.925,23.925,23.89,23.91,1509,2021-05-06 17:45:00,RXT
23.92,23.92,23.86,23.9,4858,2021-05-06 17:50:00,RXT
23.89,23.9,23.81,23.89,12346,2021-05-06 17:55:00,RXT
23.9,23.96,23.9,23.96,2474,2021-05-06 18:00:00,RXT
23.96,23.98,23.96,23.97,2574,2021-05-06 18:05:00,RXT
23.98,23.985,23.905,23.92,6378,2021-05-06 18:10:00,RXT
23.92,23.93,23.9,23.9,2100,2021-05-06 18:15:00,RXT
23.9,23.9,23.87,23.87,1742,2021-05-06 18:20:00,RXT
23.88,23.88,23.78,23.78,2111,2021-05-06 18:25:00,RXT
23.76,23.76,23.74,23.755,1317,2021-05-06 18:30:00,RXT
23.75,23.78,23.75,23.761,2825,2021-05-06 18:35:00,RXT
23.775,23.78,23.74,23.74,1897,2021-05-06 18:40:00,RXT
23.76,23.79,23.75,23.785,2270,2021-05-06 18:45:00,RXT
23.78,23.78,23.74,23.75,3985,2021-05-06 18:50:00,RXT
23.74,23.78,23.74,23.75,6345,2021-05-06 18:55:00,RXT
23.74,23.76,23.73,23.76,2869,2021-05-06 19:00:00,RXT
23.74,23.77,23.72,23.77,5655,2021-05-06 19:05:00,RXT
23.76,23.76,23.72,23.74,4956,2021-05-06 19:10:00,RXT
23.74,23.74,23.72,23.72,2150,2021-05-06 19:15:00,RXT
23.71,23.73,23.69,23.71,2433,2021-05-06 19:20:00,RXT
23.72,23.82,23.715,23.82,2219,2021-05-06 19:25:00,RXT
23.805,23.82,23.78,23.79,3414,2021-05-06 19:30:00,RXT
23.7849,23.82,23.78,23.82,4300,2021-05-06 19:35:00,RXT
23.83,23.845,23.81,23.81,4954,2021-05-06 19:40:00,RXT
23.81,23.84,23.8,23.84,11008,2021-05-06 19:45:00,RXT
23.84,23.91,23.84,23.89,14331,2021-05-06 19:50:00,RXT
23.895,23.935,23.87,23.93,13652,2021-05-06 19:55:00,RXT
23.9,23.9,23.9,23.9,120894,2021-05-06 20:00:00,RXT
23.9,23.9,23.9,23.9,6677,2021-05-06 21:10:00,RXT
23.91,23.91,23.91,23.91,980,2021-05-07 13:25:00,RXT
23.87,24.0,23.69,23.99,9977,2021-05-07 13:30:00,RXT
24.11,24.16,23.91,24.09,14157,2021-05-07 13:35:00,RXT
24.17,24.21,24.06,24.17,10237,2021-05-07 13:40:00,RXT
24.2,24.22,24.13,24.2,10421,2021-05-07 13:45:00,RXT
24.21,24.21,24.17,24.17,1713,2021-05-07 13:50:00,RXT
24.2,24.2,24.0705,24.0705,3832,2021-05-07 13:55:00,RXT
24.09,24.1,24.05,24.09,4208,2021-05-07 14:00:00,RXT
24.08,24.21,24.08,24.16,4404,2021-05-07 14:05:00,RXT
24.17,24.19,24.17,24.19,1293,2021-05-07 14:10:00,RXT
24.21,24.2493,24.21,24.24,1899,2021-05-07 14:15:00,RXT
24.21,24.21,24.03,24.03,14539,2021-05-07 14:20:00,RXT
24.02,24.1,24.02,24.1,1000,2021-05-07 14:25:00,RXT
24.065,24.065,24.0412,24.065,1200,2021-05-07 14:30:00,RXT
24.06,24.07,24.02,24.02,4809,2021-05-07 14:35:00,RXT
24.03,24.04,23.99,24.03,3630,2021-05-07 14:40:00,RXT
24.01,24.03,24.01,24.03,3139,2021-05-07 14:45:00,RXT
24.03,24.16,24.03,24.16,4248,2021-05-07 14:50:00,RXT
24.2,24.3,24.175,24.3,7761,2021-05-07 14:55:00,RXT
24.3,24.33,24.28,24.325,2423,2021-05-07 15:00:00,RXT
24.31,24.33,24.31,24.31,1900,2021-05-07 15:05:00,RXT
24.3,24.32,24.3,24.315,1900,2021-05-07 15:10:00,RXT
24.3,24.32,24.29,24.3,4153,2021-05-07 15:15:00,RXT
24.3,24.31,24.24,24.24,5126,2021-05-07 15:20:00,RXT
24.24,24.24,24.1,24.155,20088,2021-05-07 15:25:00,RXT
24.17,24.22,24.15,24.18,5713,2021-05-07 15:30:00,RXT
24.16,24.18,24.09,24.14,9233,2021-05-07 15:35:00,RXT
24.11,24.1551,24.11,24.125,1250,2021-05-07 15:40:00,RXT
24.11,24.11,24.03,24.04,11112,2021-05-07 15:45:00,RXT
24.03,24.08,24.03,24.08,1228,2021-05-07 15:50:00,RXT
24.06,24.085,24.06,24.08,3130,2021-05-07 15:55:00,RXT
24.075,24.08,24.05,24.05,1997,2021-05-07 16:00:00,RXT
24.08,24.08,24.08,24.08,100,2021-05-07 16:05:00,RXT
24.09,24.09,24.07,24.0742,2462,2021-05-07 16:10:00,RXT
24.08,24.08,24.0,24.01,30873,2021-05-07 16:15:00,RXT
24.02,24.06,24.0001,24.04,5980,2021-05-07 16:20:00,RXT
24.065,24.065,24.06,24.06,300,2021-05-07 16:25:00,RXT
24.06,24.07,24.04,24.05,2436,2021-05-07 16:30:00,RXT
24.07,24.07,24.02,24.0258,2035,2021-05-07 16:35:00,RXT
24.01,24.01,23.9884,23.9884,1202,2021-05-07 16:40:00,RXT
24.01,24.03,24.01,24.02,3185,2021-05-07 16:45:00,RXT
24.02,24.025,24.01,24.025,800,2021-05-07 16:50:00,RXT
24.02,24.035,24.02,24.03,2150,2021-05-07 16:55:00,RXT
24.04,24.05,24.03,24.03,4636,2021-05-07 17:00:00,RXT
24.03,24.06,24.02,24.06,10154,2021-05-07 17:05:00,RXT
24.06,24.105,24.05,24.05,21075,2021-05-07 17:10:00,RXT
24.06,24.065,24.05,24.06,2188,2021-05-07 17:15:00,RXT
24.07,24.075,24.05,24.05,2200,2021-05-07 17:20:00,RXT
24.07,24.07,24.06,24.07,1432,2021-05-07 17:25:00,RXT
24.06,24.08,24.06,24.06,4293,2021-05-07 17:30:00,RXT
24.07,24.07,24.06,24.06,1300,2021-05-07 17:35:00,RXT
24.05,24.06,23.99,24.0,3942,2021-05-07 17:40:00,RXT
23.99,24.05,23.99,24.02,3712,2021-05-07 17:45:00,RXT
24.02,24.02,24.01,24.01,700,2021-05-07 17:50:00,RXT
24.01,24.02,23.98,23.98,2200,2021-05-07 17:55:00,RXT
23.97,23.98,23.935,23.977,5380,2021-05-07 18:00:00,RXT
23.965,23.98,23.95,23.975,2169,2021-05-07 18:05:00,RXT
23.97,23.9925,23.91,23.91,5775,2021-05-07 18:10:00,RXT
23.91,23.955,23.91,23.94,7532,2021-05-07 18:15:00,RXT
23.935,23.935,23.84,23.92,11428,2021-05-07 18:20:00,RXT
23.95,23.97,23.92,23.93,3676,2021-05-07 18:25:00,RXT
23.94,23.94,23.93,23.93,857,2021-05-07 18:30:00,RXT
23.92,23.9268,23.91,23.92,3037,2021-05-07 18:35:00,RXT
23.9,23.92,23.85,23.85,3418,2021-05-07 18:40:00,RXT
23.87,23.88,23.87,23.88,1075,2021-05-07 18:45:00,RXT
23.875,23.91,23.86,23.9,3175,2021-05-07 18:50:00,RXT
23.91,23.95,23.89,23.94,2114,2021-05-07 18:55:00,RXT
23.94,23.97,23.91,23.92,1457,2021-05-07 19:00:00,RXT
23.9,23.91,23.8,23.8,6792,2021-05-07 19:05:00,RXT
23.75,23.82,23.75,23.78,2487,2021-05-07 19:10:00,RXT
23.77,23.79,23.73,23.73,2352,2021-05-07 19:15:00,RXT
23.73,23.78,23.73,23.74,6363,2021-05-07 19:20:00,RXT
23.745,23.745,23.7,23.72,2900,2021-05-07 19:25:00,RXT
23.685,23.7263,23.68,23.7263,4824,2021-05-07 19:30:00,RXT
23.7001,23.72,23.69,23.715,7299,2021-05-07 19:35:00,RXT
23.7,23.745,23.7,23.72,3819,2021-05-07 19:40:00,RXT
23.7255,23.75,23.715,23.74,8289,2021-05-07 19:45:00,RXT
23.725,23.725,23.66,23.71,15644,2021-05-07 19:50:00,RXT
23.68,23.7,23.62,23.68,27049,2021-05-07 19:55:00,RXT
23.72,23.72,23.72,23.72,248959,2021-05-07 20:00:00,RXT
23.86,23.8653,23.61,23.7,10712,2021-05-10 13:30:00,RXT
23.75,23.75,23.57,23.58,2583,2021-05-10 13:35:00,RXT
23.57,23.62,23.54,23.55,1525,2021-05-10 13:40:00,RXT
23.52,23.58,23.43,23.57,3495,2021-05-10 13:45:00,RXT
23.55,23.55,23.16,23.2967,13367,2021-05-10 13:50:00,RXT
23.32,23.47,23.32,23.39,3086,2021-05-10 13:55:00,RXT
23.4,23.51,23.4,23.4918,2160,2021-05-10 14:00:00,RXT
23.5,23.5,23.345,23.42,3700,2021-05-10 14:05:00,RXT
23.47,23.63,23.47,23.625,2320,2021-05-10 14:10:00,RXT
23.64,23.68,23.62,23.65,4243,2021-05-10 14:15:00,RXT
23.63,23.63,23.56,23.61,2900,2021-05-10 14:20:00,RXT
23.62,23.67,23.58,23.6088,7580,2021-05-10 14:25:00,RXT
23.63,23.67,23.6,23.65,23687,2021-05-10 14:30:00,RXT
23.641,23.72,23.641,23.7,3144,2021-05-10 14:35:00,RXT
23.72,23.72,23.65,23.6921,11236,2021-05-10 14:40:00,RXT
23.67,23.67,23.53,23.66,6097,2021-05-10 14:45:00,RXT
23.6336,23.68,23.58,23.68,4712,2021-05-10 14:50:00,RXT
23.67,23.68,23.63,23.63,2135,2021-05-10 14:55:00,RXT
23.655,23.67,23.62,23.62,2183,2021-05-10 15:00:00,RXT
23.64,23.68,23.62,23.68,600,2021-05-10 15:05:00,RXT
23.64,23.7,23.62,23.7,9420,2021-05-10 15:10:00,RXT
23.661,23.6911,23.661,23.68,1220,2021-05-10 15:15:00,RXT
23.675,23.77,23.675,23.77,4600,2021-05-10 15:20:00,RXT
23.79,23.81,23.74,23.76,3719,2021-05-10 15:25:00,RXT
23.77,23.78,23.72,23.72,4601,2021-05-10 15:30:00,RXT
23.73,23.77,23.71,23.74,10612,2021-05-10 15:35:00,RXT
23.74,23.81,23.7201,23.81,3850,2021-05-10 15:40:00,RXT
23.81,23.825,23.8,23.815,4925,2021-05-10 15:45:00,RXT
23.83,23.85,23.81,23.85,4911,2021-05-10 15:50:00,RXT
23.8485,23.89,23.8485,23.85,2770,2021-05-10 15:55:00,RXT
23.875,23.91,23.875,23.9,1387,2021-05-10 16:00:00,RXT
23.89,23.9,23.85,23.85,4150,2021-05-10 16:05:00,RXT
23.845,23.848,23.83,23.848,520,2021-05-10 16:10:00,RXT
23.855,23.88,23.84,23.875,3895,2021-05-10 16:15:00,RXT
23.86,23.875,23.85,23.87,1700,2021-05-10 16:20:00,RXT
23.875,23.875,23.78,23.78,2185,2021-05-10 16:25:00,RXT
23.82,23.87,23.82,23.84,3242,2021-05-10 16:30:00,RXT
23.85,23.87,23.85,23.86,1400,2021-05-10 16:35:00,RXT
23.87,23.87,23.83,23.87,4500,2021-05-10 16:40:00,RXT
23.875,23.96,23.875,23.94,9878,2021-05-10 16:45:00,RXT
23.95,24.0,23.92,23.94,7550,2021-05-10 16:50:00,RXT
23.93,23.94,23.9,23.91,6502,2021-05-10 16:55:00,RXT
23.92,23.92,23.88,23.88,9196,2021-05-10 17:00:00,RXT
23.88,23.88,23.85,23.88,4700,2021-05-10 17:05:00,RXT
23.87,23.88,23.85,23.88,2301,2021-05-10 17:10:00,RXT
23.89,24.01,23.89,23.98,29751,2021-05-10 17:15:00,RXT
23.99,24.0,23.97,23.99,9953,2021-05-10 17:20:00,RXT
23.98,23.99,23.95,23.96,5598,2021-05-10 17:25:00,RXT
23.93,23.97,23.925,23.97,4455,2021-05-10 17:30:00,RXT
23.95,24.0,23.95,23.98,3225,2021-05-10 17:35:00,RXT
23.98,24.01,23.9,23.91,8820,2021-05-10 17:40:00,RXT
23.92,23.98,23.8759,23.905,6482,2021-05-10 17:45:00,RXT
23.92,23.97,23.92,23.96,2702,2021-05-10 17:50:00,RXT
23.96,23.97,23.91,23.91,6330,2021-05-10 17:55:00,RXT
23.905,23.93,23.88,23.9094,8404,2021-05-10 18:00:00,RXT
23.895,23.92,23.875,23.89,5604,2021-05-10 18:05:00,RXT
23.89,23.89,23.79,23.87,17272,2021-05-10 18:10:00,RXT
23.87,23.87,23.78,23.8,7149,2021-05-10 18:15:00,RXT
23.82,23.86,23.8,23.84,11893,2021-05-10 18:20:00,RXT
23.85,23.88,23.835,23.84,5222,2021-05-10 18:25:00,RXT
23.84,23.85,23.8,23.84,9999,2021-05-10 18:30:00,RXT
23.86,23.9,23.84,23.87,7866,2021-05-10 18:35:00,RXT
23.87,23.87,23.81,23.83,14422,2021-05-10 18:40:00,RXT
23.82,23.85,23.805,23.825,14699,2021-05-10 18:45:00,RXT
23.825,23.85,23.78,23.85,16973,2021-05-10 18:50:00,RXT
23.85,23.9,23.84,23.9,11560,2021-05-10 18:55:00,RXT
23.905,23.945,23.89,23.945,21852,2021-05-10 19:00:00,RXT
23.96,23.97,23.93,23.97,19597,2021-05-10 19:05:00,RXT
23.97,24.07,23.95,24.005,17450,2021-05-10 19:10:00,RXT
24.005,24.05,24.0,24.045,31163,2021-05-10 19:15:00,RXT
24.045,24.05,24.0,24.01,27298,2021-05-10 19:20:00,RXT
24.0,24.01,23.88,23.93,20862,2021-05-10 19:25:00,RXT
23.945,24.01,23.93,23.98,11259,2021-05-10 19:30:00,RXT
23.97,24.02,23.96,23.975,24287,2021-05-10 19:35:00,RXT
23.975,24.0,23.96,23.975,19786,2021-05-10 19:40:00,RXT
23.975,24.0,23.93,23.94,21325,2021-05-10 19:45:00,RXT
23.95,24.12,23.95,24.09,104598,2021-05-10 19:50:00,RXT
24.11,24.16,23.98,23.98,201104,2021-05-10 19:55:00,RXT
23.97,24.02,22.87,23.0,292117,2021-05-10 20:00:00,RXT
22.87,22.87,22.87,22.87,1700,2021-05-10 20:05:00,RXT
23.07,23.07,21.85,22.2,15744,2021-05-10 20:10:00,RXT
21.91,21.91,21.87,21.87,1590,2021-05-10 20:15:00,RXT
21.9,21.9,21.9,21.9,300,2021-05-10 20:20:00,RXT
21.95,21.95,21.4,21.4,7787,2021-05-10 20:25:00,RXT
21.12,21.12,20.87,20.92,15702,2021-05-10 20:30:00,RXT
20.85,21.0,20.79,20.85,8208,2021-05-10 20:35:00,RXT
20.85,21.22,20.85,21.2,1814,2021-05-10 20:40:00,RXT
21.28,21.5,21.1201,21.5,3899,2021-05-10 20:45:00,RXT
21.6,21.6,21.35,21.35,8306,2021-05-10 20:50:00,RXT
21.25,21.25,21.23,21.23,1215,2021-05-10 21:00:00,RXT
21.2,21.2,20.76,20.76,1736,2021-05-10 21:05:00,RXT
21.02,21.1,20.65,20.69,4311,2021-05-10 21:15:00,RXT
20.7,20.82,20.7,20.7,3774,2021-05-10 21:20:00,RXT
20.7,20.8,20.7,20.8,3193,2021-05-10 21:25:00,RXT
20.82,21.0,20.82,20.9,3633,2021-05-10 21:30:00,RXT
20.97,20.97,20.97,20.97,250,2021-05-10 21:35:00,RXT
20.82,20.82,20.7,20.8,9324,2021-05-10 21:40:00,RXT
20.71,20.71,20.6499,20.6499,6956,2021-05-10 21:45:00,RXT
20.65,20.65,20.5,20.5,2814,2021-05-10 21:50:00,RXT
20.65,20.9,20.56,20.9,8567,2021-05-10 21:55:00,RXT
20.72,20.72,20.72,20.72,995,2021-05-10 22:00:00,RXT
20.58,20.58,20.5,20.5,2713,2021-05-10 22:05:00,RXT
20.55,20.55,20.55,20.55,1000,2021-05-10 22:10:00,RXT
20.69,20.75,20.69,20.75,1000,2021-05-10 22:25:00,RXT
20.5,20.5,20.5,20.5,517,2021-05-10 22:30:00,RXT
20.49,20.49,20.49,20.49,194,2021-05-10 22:35:00,RXT
20.59,20.59,20.49,20.49,3042,2021-05-10 22:45:00,RXT
20.4,20.4,20.25,20.25,2243,2021-05-10 22:55:00,RXT
20.45,20.45,20.45,20.45,200,2021-05-10 23:20:00,RXT
20.36,20.36,20.34,20.34,200,2021-05-10 23:25:00,RXT
20.35,20.45,20.35,20.45,500,2021-05-10 23:35:00,RXT
20.45,20.6,20.45,20.6,748,2021-05-10 23:45:00,RXT
20.49,20.49,20.4,20.4,522,2021-05-10 23:50:00,RXT
20.45,20.45,20.39,20.45,1875,2021-05-10 23:55:00,RXT
20.35,20.35,20.35,20.35,100,2021-05-11 08:00:00,RXT
20.32,20.32,20.32,20.32,150,2021-05-11 08:15:00,RXT
20.32,20.32,20.32,20.32,1000,2021-05-11 08:35:00,RXT
20.32,20.32,20.32,20.32,200,2021-05-11 11:00:00,RXT
20.1,20.1,20.1,20.1,500,2021-05-11 11:05:00,RXT
20.1,20.1,20.1,20.1,3000,2021-05-11 11:20:00,RXT
20.1,20.1,20.0,20.0,3125,2021-05-11 11:25:00,RXT
19.68,19.68,19.5,19.5,316,2021-05-11 11:35:00,RXT
20.0,20.0,20.0,20.0,200,2021-05-11 11:40:00,RXT
19.77,19.77,19.77,19.77,100,2021-05-11 11:50:00,RXT
19.71,19.71,19.71,19.71,100,2021-05-11 11:55:00,RXT
19.51,19.51,19.51,19.51,100,2021-05-11 12:10:00,RXT
19.8,19.8,19.37,19.37,844,2021-05-11 12:15:00,RXT
19.45,19.45,19.38,19.38,458,2021-05-11 12:25:00,RXT
19.5,19.5,19.5,19.5,500,2021-05-11 12:30:00,RXT
19.62,19.62,19.6,19.6,1400,2021-05-11 12:35:00,RXT
19.6,19.6,19.45,19.45,600,2021-05-11 12:40:00,RXT
19.45,19.45,19.45,19.45,241,2021-05-11 12:45:00,RXT
19.52,19.75,19.4563,19.75,1188,2021-05-11 12:55:00,RXT
19.75,19.75,19.75,19.75,200,2021-05-11 13:00:00,RXT
19.75,19.75,19.75,19.75,100,2021-05-11 13:05:00,RXT
19.5213,19.65,19.5,19.5,1236,2021-05-11 13:10:00,RXT
19.45,19.4899,19.45,19.4899,800,2021-05-11 13:15:00,RXT
19.45,19.45,19.3,19.44,4834,2021-05-11 13:20:00,RXT
19.4,19.44,19.0,19.08,3707,2021-05-11 13:25:00,RXT
19.01,19.15,17.26,17.8134,381061,2021-05-11 13:30:00,RXT
17.72,18.84,17.65,18.68,229062,2021-05-11 13:35:00,RXT
18.65,18.7644,18.4,18.55,104759,2021-05-11 13:40:00,RXT
18.54,19.04,18.3,19.01,194707,2021-05-11 13:45:00,RXT
19.0105,19.31,18.86,18.905,160007,2021-05-11 13:50:00,RXT
18.9,19.18,18.75,19.0215,56646,2021-05-11 13:55:00,RXT
19.02,19.0201,18.69,18.78,151071,2021-05-11 14:00:00,RXT
18.79,19.37,18.78,19.32,133247,2021-05-11 14:05:00,RXT
19.34,19.5,19.128,19.31,161017,2021-05-11 14:10:00,RXT
19.32,19.32,19.06,19.25,90150,2021-05-11 14:15:00,RXT
19.25,19.29,19.0701,19.15,135163,2021-05-11 14:20:00,RXT
19.17,19.17,18.77,18.805,217817,2021-05-11 14:25:00,RXT
18.805,18.865,18.68,18.8499,151026,2021-05-11 14:30:00,RXT
18.835,19.02,18.835,18.965,140573,2021-05-11 14:35:00,RXT
18.96,19.09,18.895,18.925,131957,2021-05-11 14:40:00,RXT
18.925,19.0,18.82,18.93,102954,2021-05-11 14:45:00,RXT
18.92,19.06,18.9,19.015,98993,2021-05-11 14:50:00,RXT
19.015,19.075,18.88,18.935,98003,2021-05-11 14:55:00,RXT
18.94,19.018,18.9,19.01,96875,2021-05-11 15:00:00,RXT
19.0,19.0,18.9,18.935,90285,2021-05-11 15:05:00,RXT
18.933,19.05,18.933,19.03,41927,2021-05-11 15:10:00,RXT
19.025,19.25,18.92,18.925,143747,2021-05-11 15:15:00,RXT
18.94,18.98,18.925,18.975,48500,2021-05-11 15:20:00,RXT
18.975,19.05,18.97,19.0,68612,2021-05-11 15:25:00,RXT
18.99,19.15,18.955,19.085,69648,2021-05-11 15:30:00,RXT
19.085,19.11,19.0326,19.09,42248,2021-05-11 15:35:00,RXT
19.0818,19.12,18.96,18.975,74045,2021-05-11 15:40:00,RXT
18.96,19.11,18.94,19.0,52891,2021-05-11 15:45:00,RXT
18.995,19.06,18.995,19.05,47094,2021-05-11 15:50:00,RXT
19.06,19.06,19.04,19.045,25223,2021-05-11 15:55:00,RXT
19.04,19.06,18.98,19.0401,71758,2021-05-11 16:00:00,RXT
19.06,19.06,19.04,19.045,20028,2021-05-11 16:05:00,RXT
19.045,19.05,19.0401,19.045,26720,2021-05-11 16:10:00,RXT
19.05,19.05,18.955,18.995,67621,2021-05-11 16:15:00,RXT
18.9901,18.995,18.91,18.915,63106,2021-05-11 16:20:00,RXT
18.915,18.98,18.9,18.9774,79977,2021-05-11 16:25:00,RXT
18.975,18.99,18.975,18.985,18147,2021-05-11 16:30:00,RXT
18.985,19.12,18.98,19.04,99660,2021-05-11 16:35:00,RXT
19.045,19.0537,19.005,19.005,14499,2021-05-11 16:40:00,RXT
19.01,19.02,18.9401,18.96,63036,2021-05-11 16:45:00,RXT
18.95,18.99,18.95,18.96,61054,2021-05-11 16:50:00,RXT
18.9501,18.99,18.94,18.99,41880,2021-05-11 16:55:00,RXT
18.99,19.03,18.95,19.015,116466,2021-05-11 17:00:00,RXT
19.01,19.02,18.9801,18.9889,40546,2021-05-11 17:05:00,RXT
18.99,19.0,18.985,18.9901,34861,2021-05-11 17:10:00,RXT
18.9999,19.0,18.88,18.885,88853,2021-05-11 17:15:00,RXT
18.885,18.93,18.88,18.91,45831,2021-05-11 17:20:00,RXT
18.915,18.915,18.87,18.8701,343995,2021-05-11 17:25:00,RXT
18.87,18.96,18.8301,18.95,227814,2021-05-11 17:30:00,RXT
18.95,19.11,18.9498,19.005,110615,2021-05-11 17:35:00,RXT
19.01,19.39,19.01,19.15,122080,2021-05-11 17:40:00,RXT
19.145,19.36,19.14,19.295,105997,2021-05-11 17:45:00,RXT
19.295,19.35,19.0,19.027,117324,2021-05-11 17:50:00,RXT
19.0201,19.079,19.0,19.045,101547,2021-05-11 17:55:00,RXT
19.0469,19.05,19.0,19.0182,150082,2021-05-11 18:00:00,RXT
19.03,19.05,18.9,18.934,108417,2021-05-11 18:05:00,RXT
18.935,18.95,18.8228,18.89,88335,2021-05-11 18:10:00,RXT
18.89,19.09,18.88,19.05,112287,2021-05-11 18:15:00,RXT
19.035,19.07,18.98,18.99,51440,2021-05-11 18:20:00,RXT
19.0,19.05,18.95,19.05,37731,2021-05-11 18:25:00,RXT
19.05,19.05,18.95,19.0,55753,2021-05-11 18:30:00,RXT
19.01,19.01,18.94,18.945,103037,2021-05-11 18:35:00,RXT
18.945,19.0099,18.9025,18.9674,119380,2021-05-11 18:40:00,RXT
18.965,19.01,18.92,18.945,59013,2021-05-11 18:45:00,RXT
18.945,18.98,18.94,18.945,41648,2021-05-11 18:50:00,RXT
18.94,18.97,18.91,18.93,90188,2021-05-11 18:55:00,RXT
18.93,18.95,18.92,18.93,113022,2021-05-11 19:00:00,RXT
18.92,19.01,18.92,19.0,98491,2021-05-11 19:05:00,RXT
19.0,19.005,18.95,19.0,78354,2021-05-11 19:10:00,RXT
19.005,19.01,18.95,18.99,78410,2021-05-11 19:15:00,RXT
18.985,18.99,18.91,18.915,92266,2021-05-11 19:20:00,RXT
18.915,19.0,18.9101,18.95,88973,2021-05-11 19:25:00,RXT
18.95,18.99,18.95,18.965,88688,2021-05-11 19:30:00,RXT
18.96,19.04,18.95,19.005,229487,2021-05-11 19:35:00,RXT
19.005,19.005,18.96,18.985,71134,2021-05-11 19:40:00,RXT
18.98,19.03,18.98,19.015,78611,2021-05-11 19:45:00,RXT
19.02,19.03,18.95,18.953,130680,2021-05-11 19:50:00,RXT
18.955,19.02,18.95,19.01,247380,2021-05-11 19:55:00,RXT
19.01,19.01,18.95,18.95,106076,2021-05-11 20:00:00,RXT
18.95,19.04,18.95,19.04,1475,2021-05-11 20:05:00,RXT
19.01,19.04,19.01,19.04,499,2021-05-11 20:10:00,RXT
19.04,19.04,19.0,19.0,3515,2021-05-11 20:15:00,RXT
19.02,19.02,18.95,19.0,4773,2021-05-11 20:35:00,RXT
18.99,18.99,18.99,18.99,600,2021-05-11 20:40:00,RXT
18.98,18.99,18.98,18.99,1966,2021-05-11 20:50:00,RXT
18.99,18.99,18.95,18.95,600,2021-05-11 20:55:00,RXT
18.95,18.95,18.95,18.95,200,2021-05-11 21:10:00,RXT
18.97,18.97,18.97,18.97,200,2021-05-11 21:20:00,RXT
18.98,18.98,18.98,18.98,700,2021-05-11 21:25:00,RXT
19.05,19.05,19.02,19.02,400,2021-05-11 21:30:00,RXT
19.01,19.01,19.01,19.01,100,2021-05-11 21:40:00,RXT
19.01,19.11,19.01,19.11,1957,2021-05-11 21:45:00,RXT
19.11,19.11,19.11,19.11,250,2021-05-11 21:50:00,RXT
19.11,19.11,19.11,19.11,100,2021-05-11 21:55:00,RXT
19.1,19.1,19.1,19.1,200,2021-05-11 22:00:00,RXT
19.1,19.1,19.07,19.07,2400,2021-05-11 22:10:00,RXT
19.09,19.09,19.08,19.09,1483,2021-05-11 22:35:00,RXT
19.07,19.07,19.07,19.07,100,2021-05-11 23:00:00,RXT
19.1,19.1,19.1,19.1,200,2021-05-11 23:10:00,RXT
19.09,19.09,19.09,19.09,400,2021-05-11 23:25:00,RXT
19.1,19.1,19.1,19.1,100,2021-05-11 23:35:00,RXT
19.1,19.1,19.1,19.1,1240,2021-05-11 23:45:00,RXT
19.1,19.1,19.1,19.1,478,2021-05-11 23:55:00,RXT
19.33,19.33,19.33,19.33,500,2021-05-12 08:20:00,RXT
19.18,19.18,19.18,19.18,1000,2021-05-12 08:40:00,RXT
19.25,19.25,19.21,19.21,4000,2021-05-12 08:45:00,RXT
19.35,19.35,19.3,19.3,300,2021-05-12 10:00:00,RXT
19.5,19.5,19.5,19.5,2500,2021-05-12 10:10:00,RXT
19.68,19.68,19.43,19.43,300,2021-05-12 10:15:00,RXT
19.39,19.39,19.37,19.37,947,2021-05-12 10:20:00,RXT
19.6,19.6,19.5,19.5,3660,2021-05-12 11:00:00,RXT
19.58,19.73,19.58,19.72,4467,2021-05-12 11:05:00,RXT
19.73,19.75,19.69,19.69,8977,2021-05-12 11:10:00,RXT
19.46,19.46,19.45,19.45,280,2021-05-12 11:15:00,RXT
19.64,19.64,19.64,19.64,100,2021-05-12 11:20:00,RXT
19.55,19.55,19.5,19.5,1200,2021-05-12 11:35:00,RXT
19.53,19.55,19.53,19.55,200,2021-05-12 11:40:00,RXT
19.47,19.47,19.46,19.46,402,2021-05-12 11:50:00,RXT
19.5,19.5,19.5,19.5,100,2021-05-12 11:55:00,RXT
19.52,19.52,19.52,19.52,100,2021-05-12 12:00:00,RXT
19.53,19.53,19.53,19.53,100,2021-05-12 12:10:00,RXT
19.53,19.53,19.52,19.52,1700,2021-05-12 12:15:00,RXT
19.54,19.54,19.53,19.54,1767,2021-05-12 12:20:00,RXT
19.55,19.55,19.55,19.55,577,2021-05-12 12:25:00,RXT
19.55,19.55,19.4,19.4,2362,2021-05-12 12:30:00,RXT
19.41,19.41,19.41,19.41,950,2021-05-12 12:35:00,RXT
19.45,19.5,19.45,19.5,190216,2021-05-12 12:40:00,RXT
19.5,19.5,19.4,19.41,2981,2021-05-12 12:45:00,RXT
19.4,19.5,19.4,19.48,1370,2021-05-12 12:50:00,RXT
19.58,19.6,19.45,19.52,1868,2021-05-12 12:55:00,RXT
19.55,19.55,19.38,19.38,750,2021-05-12 13:00:00,RXT
19.4,19.44,19.3,19.32,5763,2021-05-12 13:05:00,RXT
19.45,19.45,19.35,19.35,3546,2021-05-12 13:10:00,RXT
19.36,19.45,19.32,19.34,1711,2021-05-12 13:15:00,RXT
19.32,19.32,19.2,19.27,11322,2021-05-12 13:20:00,RXT
19.27,19.58,19.27,19.53,2917,2021-05-12 13:25:00,RXT
19.58,19.68,19.1201,19.29,207030,2021-05-12 13:30:00,RXT
19.2922,19.3,19.01,19.0162,78962,2021-05-12 13:35:00,RXT
19.0298,19.1735,18.9036,18.96,199628,2021-05-12 13:40:00,RXT
18.97,19.0919,18.905,18.95,112734,2021-05-12 13:45:00,RXT
18.95,18.98,18.92,18.94,108777,2021-05-12 13:50:00,RXT
18.94,19.07,18.935,19.0201,127832,2021-05-12 13:55:00,RXT
19.02,19.03,18.95,18.96,144900,2021-05-12 14:00:00,RXT
18.9517,19.18,18.95,19.1456,74360,2021-05-12 14:05:00,RXT
19.14,19.14,19.0601,19.0795,45959,2021-05-12 14:10:00,RXT
19.075,19.16,19.0,19.12,39857,2021-05-12 14:15:00,RXT
19.1292,19.14,19.01,19.01,23103,2021-05-12 14:20:00,RXT
19.015,19.03,18.945,19.0,26318,2021-05-12 14:25:00,RXT
19.005,19.0537,19.0,19.035,25051,2021-05-12 14:30:00,RXT
19.04,19.08,19.04,19.0775,32909,2021-05-12 14:35:00,RXT
19.0768,19.14,18.9501,18.965,48544,2021-05-12 14:40:00,RXT
18.965,18.97,18.94,18.955,49026,2021-05-12 14:45:00,RXT
18.955,19.01,18.95,18.965,44162,2021-05-12 14:50:00,RXT
18.9679,19.0,18.965,18.9901,14017,2021-05-12 14:55:00,RXT
18.995,18.995,18.8101,18.87,88328,2021-05-12 15:00:00,RXT
18.87,18.88,18.5801,18.605,160113,2021-05-12 15:05:00,RXT
18.6,18.82,18.58,18.8,90481,2021-05-12 15:10:00,RXT
18.795,18.86,18.7801,18.83,53342,2021-05-12 15:15:00,RXT
18.8218,18.83,18.72,18.73,59309,2021-05-12 15:20:00,RXT
18.73,18.75,18.61,18.6174,52404,2021-05-12 15:25:00,RXT
18.62,18.66,18.61,18.63,19671,2021-05-12 15:30:00,RXT
18.63,18.63,18.5,18.505,132880,2021-05-12 15:35:00,RXT
18.51,18.52,18.4201,18.49,176395,2021-05-12 15:40:00,RXT
18.49,18.52,18.45,18.46,65852,2021-05-12 15:45:00,RXT
18.46,18.46,18.35,18.3701,114226,2021-05-12 15:50:00,RXT
18.37,18.37,18.3,18.33,41869,2021-05-12 15:55:00,RXT
18.33,18.5,18.33,18.4948,20866,2021-05-12 16:00:00,RXT
18.4955,18.58,18.48,18.515,34277,2021-05-12 16:05:00,RXT
18.5101,18.55,18.475,18.4848,43896,2021-05-12 16:10:00,RXT
18.49,18.51,18.44,18.51,39294,2021-05-12 16:15:00,RXT
18.495,18.6,18.4918,18.545,40998,2021-05-12 16:20:00,RXT
18.548,18.58,18.5401,18.565,16885,2021-05-12 16:25:00,RXT
18.57,18.58,18.545,18.58,8225,2021-05-12 16:30:00,RXT
18.575,18.58,18.515,18.515,22300,2021-05-12 16:35:00,RXT
18.515,18.52,18.4201,18.455,41721,2021-05-12 16:40:00,RXT
18.4695,18.525,18.46,18.49,14546,2021-05-12 16:45:00,RXT
18.485,18.49,18.42,18.4601,70176,2021-05-12 16:50:00,RXT
18.4601,18.47,18.39,18.4222,68696,2021-05-12 16:55:00,RXT
18.43,18.47,18.405,18.47,31550,2021-05-12 17:00:00,RXT
18.46,18.46,18.4,18.41,37480,2021-05-12 17:05:00,RXT
18.4,18.42,18.37,18.385,49261,2021-05-12 17:10:00,RXT
18.39,18.42,18.37,18.37,21272,2021-05-12 17:15:00,RXT
18.37,18.37,18.255,18.2899,88664,2021-05-12 17:20:00,RXT
18.29,18.29,18.13,18.1601,90399,2021-05-12 17:25:00,RXT
18.165,18.28,18.16,18.165,53603,2021-05-12 17:30:00,RXT
18.17,18.18,18.1101,18.155,35755,2021-05-12 17:35:00,RXT
18.155,18.19,18.122,18.19,24757,2021-05-12 17:40:00,RXT
18.19,18.23,18.19,18.22,13097,2021-05-12 17:45:00,RXT
18.24,18.3,18.225,18.2659,13515,2021-05-12 17:50:00,RXT
18.25,18.3183,18.18,18.25,65182,2021-05-12 17:55:00,RXT
18.25,18.38,18.24,18.32,17055,2021-05-12 18:00:00,RXT
18.32,18.38,18.32,18.3475,16555,2021-05-12 18:05:00,RXT
18.345,18.44,18.32,18.43,19645,2021-05-12 18:10:00,RXT
18.415,18.415,18.265,18.275,28514,2021-05-12 18:15:00,RXT
18.28,18.2963,18.25,18.28,18715,2021-05-12 18:20:00,RXT
18.27,18.27,18.18,18.24,18683,2021-05-12 18:25:00,RXT
18.245,18.29,18.24,18.29,10630,2021-05-12 18:30:00,RXT
18.285,18.29,18.141,18.17,81101,2021-05-12 18:35:00,RXT
18.17,18.2,18.15,18.195,27128,2021-05-12 18:40:00,RXT
18.1901,18.2,18.17,18.19,41392,2021-05-12 18:45:00,RXT
18.19,18.27,18.19,18.265,32790,2021-05-12 18:50:00,RXT
18.265,18.33,18.24,18.25,29323,2021-05-12 18:55:00,RXT
18.25,18.25,18.061,18.1,93282,2021-05-12 19:00:00,RXT
18.1,18.2,18.035,18.1939,41345,2021-05-12 19:05:00,RXT
18.1999,18.265,18.19,18.205,19627,2021-05-12 19:10:00,RXT
18.2,18.23,18.165,18.18,75222,2021-05-12 19:15:00,RXT
18.175,18.22,18.175,18.2,17000,2021-05-12 19:20:00,RXT
18.205,18.21,18.02,18.18,63959,2021-05-12 19:25:00,RXT
18.18,18.27,18.14,18.245,38938,2021-05-12 19:30:00,RXT
18.2401,18.2499,18.11,18.12,64723,2021-05-12 19:35:00,RXT
18.1199,18.12,18.042,18.08,62681,2021-05-12 19:40:00,RXT
18.075,18.16,18.073,18.13,42697,2021-05-12 19:45:00,RXT
18.13,18.21,18.075,18.2,74585,2021-05-12 19:50:00,RXT
18.2,18.29,18.195,18.28,162279,2021-05-12 19:55:00,RXT
18.28,18.28,18.28,18.28,125940,2021-05-12 20:00:00,RXT
18.24,18.24,18.24,18.24,100,2021-05-12 20:10:00,RXT
18.24,18.24,18.24,18.24,100,2021-05-12 20:20:00,RXT
18.28,18.28,18.28,18.28,100,2021-05-12 20:45:00,RXT
18.24,18.24,18.24,18.24,100,2021-05-12 20:50:00,RXT
18.24,18.2799,18.24,18.2799,595,2021-05-12 21:20:00,RXT
18.24,18.24,18.24,18.24,2314,2021-05-12 21:30:00,RXT
18.27,18.27,18.27,18.27,100,2021-05-12 21:45:00,RXT
18.25,18.25,18.25,18.25,208,2021-05-12 21:50:00,RXT
18.28,18.28,18.28,18.28,125,2021-05-12 21:55:00,RXT
18.24,18.24,18.24,18.24,100,2021-05-12 22:05:00,RXT
18.28,18.28,18.28,18.28,150,2021-05-12 22:20:00,RXT
18.28,18.28,18.28,18.28,100,2021-05-12 23:20:00,RXT
18.28,18.28,18.28,18.28,200,2021-05-13 11:30:00,RXT
18.55,18.55,18.5,18.5,799,2021-05-13 12:40:00,RXT
18.55,18.55,18.4,18.4,214,2021-05-13 12:55:00,RXT
18.55,18.55,18.55,18.55,100,2021-05-13 13:00:00,RXT
18.54,18.54,18.1678,18.45,29766,2021-05-13 13:30:00,RXT
18.43,18.45,18.15,18.215,28676,2021-05-13 13:35:00,RXT
18.28,18.44,18.2,18.3122,85035,2021-05-13 13:40:00,RXT
18.35,18.45,18.2,18.225,14642,2021-05-13 13:45:00,RXT
18.225,18.49,18.22,18.49,6637,2021-05-13 13:50:00,RXT
18.51,18.68,18.48,18.55,36472,2021-05-13 13:55:00,RXT
18.59,18.635,18.5,18.62,53431,2021-05-13 14:00:00,RXT
18.61,18.7,18.55,18.59,32135,2021-05-13 14:05:00,RXT
18.58,18.76,18.58,18.72,12761,2021-05-13 14:10:00,RXT
18.74,18.76,18.57,18.63,15283,2021-05-13 14:15:00,RXT
18.62,18.73,18.6,18.73,10033,2021-05-13 14:20:00,RXT
18.73,18.75,18.53,18.54,17884,2021-05-13 14:25:00,RXT
18.51,18.6,18.46,18.56,27605,2021-05-13 14:30:00,RXT
18.55,18.59,18.49,18.59,7510,2021-05-13 14:35:00,RXT
18.59,18.59,18.48,18.49,16271,2021-05-13 14:40:00,RXT
18.51,18.57,18.495,18.56,27767,2021-05-13 14:45:00,RXT
18.58,18.64,18.55,18.635,14573,2021-05-13 14:50:00,RXT
18.6123,18.72,18.55,18.55,12292,2021-05-13 14:55:00,RXT
18.55,18.57,18.44,18.51,20478,2021-05-13 15:00:00,RXT
18.51,18.53,18.45,18.5085,9091,2021-05-13 15:05:00,RXT
18.55,18.55,18.45,18.5,5517,2021-05-13 15:10:00,RXT
18.49,18.58,18.4619,18.56,16579,2021-05-13 15:15:00,RXT
18.53,18.61,18.48,18.59,106838,2021-05-13 15:20:00,RXT
18.565,18.57,18.42,18.43,21204,2021-05-13 15:25:00,RXT
18.42,18.44,18.35,18.35,21663,2021-05-13 15:30:00,RXT
18.35,18.405,18.26,18.36,41668,2021-05-13 15:35:00,RXT
18.39,18.39,18.24,18.25,31303,2021-05-13 15:40:00,RXT
18.22,18.26,18.19,18.23,17436,2021-05-13 15:45:00,RXT
18.2001,18.32,18.19,18.21,17322,2021-05-13 15:50:00,RXT
18.21,18.2194,18.17,18.17,6115,2021-05-13 15:55:00,RXT
18.17,18.19,18.14,18.15,13379,2021-05-13 16:00:00,RXT
18.15,18.36,18.12,18.36,62073,2021-05-13 16:05:00,RXT
18.34,18.378,18.31,18.3728,19576,2021-05-13 16:10:00,RXT
18.35,18.38,18.27,18.28,11458,2021-05-13 16:15:00,RXT
18.29,18.32,18.18,18.2,30409,2021-05-13 16:20:00,RXT
18.2,18.24,18.17,18.23,6140,2021-05-13 16:25:00,RXT
18.23,18.26,18.22,18.22,7650,2021-05-13 16:30:00,RXT
18.23,18.23,18.19,18.2,5615,2021-05-13 16:35:00,RXT
18.2,18.2,18.14,18.15,5025,2021-05-13 16:40:00,RXT
18.17,18.22,18.16,18.21,7887,2021-05-13 16:45:00,RXT
18.215,18.2212,18.14,18.18,14701,2021-05-13 16:50:00,RXT
18.17,18.17,18.07,18.1,35939,2021-05-13 16:55:00,RXT
18.115,18.14,18.09,18.12,13661,2021-05-13 17:00:00,RXT
18.1245,18.15,18.1,18.12,18437,2021-05-13 17:05:00,RXT
18.13,18.188,18.11,18.1667,20183,2021-05-13 17:10:00,RXT
18.17,18.24,18.17,18.18,6204,2021-05-13 17:15:00,RXT
18.19,18.21,18.17,18.19,7852,2021-05-13 17:20:00,RXT
18.1899,18.3,18.15,18.2233,26390,2021-05-13 17:25:00,RXT
18.2244,18.27,18.16,18.16,14636,2021-05-13 17:30:00,RXT
18.17,18.2,18.12,18.14,31676,2021-05-13 17:35:00,RXT
18.14,18.14,18.07,18.11,15677,2021-05-13 17:40:00,RXT
18.12,18.145,18.075,18.11,18759,2021-05-13 17:45:00,RXT
18.0801,18.2,18.0801,18.2,16253,2021-05-13 17:50:00,RXT
18.2,18.25,18.17,18.17,10069,2021-05-13 17:55:00,RXT
18.18,18.23,18.17,18.23,20916,2021-05-13 18:00:00,RXT
18.23,18.305,18.2,18.28,11589,2021-05-13 18:05:00,RXT
18.28,18.3,18.24,18.24,7319,2021-05-13 18:10:00,RXT
18.24,18.29,18.22,18.22,11160,2021-05-13 18:15:00,RXT
18.22,18.284,18.22,18.23,15656,2021-05-13 18:20:00,RXT
18.23,18.28,18.21,18.26,13915,2021-05-13 18:25:00,RXT
18.27,18.2961,18.21,18.25,42042,2021-05-13 18:30:00,RXT
18.26,18.35,18.26,18.325,14195,2021-05-13 18:35:00,RXT
18.34,18.39,18.325,18.38,6073,2021-05-13 18:40:00,RXT
18.37,18.37,18.33,18.37,6371,2021-05-13 18:45:00,RXT
18.36,18.3802,18.34,18.37,10221,2021-05-13 18:50:00,RXT
18.37,18.37,18.3,18.32,8100,2021-05-13 18:55:00,RXT
18.31,18.43,18.31,18.395,5220,2021-05-13 19:00:00,RXT
18.4,18.5,18.4,18.48,18037,2021-05-13 19:05:00,RXT
18.49,18.535,18.44,18.46,10445,2021-05-13 19:10:00,RXT
18.46,18.5,18.46,18.49,7207,2021-05-13 19:15:00,RXT
18.48,18.48,18.42,18.44,13788,2021-05-13 19:20:00,RXT
18.47,18.51,18.46,18.5,7352,2021-05-13 19:25:00,RXT
18.49,18.56,18.4558,18.48,30009,2021-05-13 19:30:00,RXT
18.47,18.5,18.32,18.465,256016,2021-05-13 19:35:00,RXT
18.465,18.48,18.355,18.385,16010,2021-05-13 19:40:00,RXT
18.3931,18.41,18.33,18.33,113026,2021-05-13 19:45:00,RXT
18.32,18.325,18.29,18.32,46938,2021-05-13 19:50:00,RXT
18.32,18.38,18.3,18.34,89154,2021-05-13 19:55:00,RXT
18.34,18.34,18.34,18.34,76724,2021-05-13 20:00:00,RXT
18.3,18.4,18.3,18.4,750,2021-05-13 21:00:00,RXT
18.34,18.34,18.34,18.34,174,2021-05-14 09:00:00,RXT
18.75,18.75,18.67,18.75,1974,2021-05-14 12:15:00,RXT
18.75,18.75,18.75,18.75,100,2021-05-14 13:05:00,RXT
18.75,18.75,18.75,18.75,100,2021-05-14 13:20:00,RXT
18.37,18.71,18.36,18.5084,19101,2021-05-14 13:30:00,RXT
18.6292,18.69,18.41,18.465,11499,2021-05-14 13:35:00,RXT
18.52,18.58,18.44,18.47,6463,2021-05-14 13:40:00,RXT
18.51,18.6049,18.49,18.52,7112,2021-05-14 13:45:00,RXT
18.53,18.6811,18.53,18.62,12312,2021-05-14 13:50:00,RXT
18.64,18.89,18.64,18.837,20028,2021-05-14 13:55:00,RXT
18.8439,18.95,18.83,18.8466,9875,2021-05-14 14:00:00,RXT
18.8473,18.885,18.82,18.82,8058,2021-05-14 14:05:00,RXT
18.85,18.89,18.838,18.87,4868,2021-05-14 14:10:00,RXT
18.89,18.965,18.87,18.93,22996,2021-05-14 14:15:00,RXT
18.92,19.02,18.92,18.98,14379,2021-05-14 14:20:00,RXT
18.9827,19.045,18.9827,18.99,7638,2021-05-14 14:25:00,RXT
19.0,19.03,18.9659,19.01,10030,2021-05-14 14:30:00,RXT
18.9912,19.05,18.94,19.02,8689,2021-05-14 14:35:00,RXT
19.0145,19.11,19.0145,19.08,13522,2021-05-14 14:40:00,RXT
19.1,19.19,19.1,19.175,20750,2021-05-14 14:45:00,RXT
19.17,19.23,19.17,19.195,11836,2021-05-14 14:50:00,RXT
19.195,19.195,19.0981,19.13,10236,2021-05-14 14:55:00,RXT
19.14,19.145,19.04,19.11,12270,2021-05-14 15:00:00,RXT
19.12,19.15,19.1,19.1,5790,2021-05-14 15:05:00,RXT
19.12,19.23,19.12,19.2,7431,2021-05-14 15:10:00,RXT
19.21,19.2297,19.18,19.19,4823,2021-05-14 15:15:00,RXT
19.1839,19.2,19.16,19.17,4408,2021-05-14 15:20:00,RXT
19.175,19.18,19.12,19.12,7053,2021-05-14 15:25:00,RXT
19.12,19.17,19.08,19.17,11042,2021-05-14 15:30:00,RXT
19.17,19.28,19.17,19.27,25603,2021-05-14 15:35:00,RXT
19.27,19.305,19.25,19.27,16760,2021-05-14 15:40:00,RXT
19.28,19.365,19.28,19.36,7010,2021-05-14 15:45:00,RXT
19.36,19.39,19.32,19.39,24568,2021-05-14 15:50:00,RXT
19.4,19.4,19.35,19.355,13125,2021-05-14 15:55:00,RXT
19.342,19.37,19.27,19.37,10085,2021-05-14 16:00:00,RXT
19.4,19.42,19.39,19.4069,10934,2021-05-14 16:05:00,RXT
19.41,19.42,19.39,19.41,5167,2021-05-14 16:10:00,RXT
19.41,19.41,19.3827,19.4,3300,2021-05-14 16:15:00,RXT
19.4075,19.4075,19.3,19.32,13986,2021-05-14 16:20:00,RXT
19.315,19.365,19.315,19.3555,3502,2021-05-14 16:25:00,RXT
19.36,19.395,19.32,19.3814,16229,2021-05-14 16:30:00,RXT
19.38,19.39,19.3565,19.37,8491,2021-05-14 16:35:00,RXT
19.37,19.47,19.37,19.42,6055,2021-05-14 16:40:00,RXT
19.42,19.47,19.42,19.46,4421,2021-05-14 16:45:00,RXT
19.47,19.549,19.47,19.549,23233,2021-05-14 16:50:00,RXT
19.54,19.59,19.54,19.57,11976,2021-05-14 16:55:00,RXT
19.57,19.59,19.54,19.585,14368,2021-05-14 17:00:00,RXT
19.58,19.58,19.48,19.56,9506,2021-05-14 17:05:00,RXT
19.56,19.57,19.54,19.55,5696,2021-05-14 17:10:00,RXT
19.57,19.57,19.54,19.54,6114,2021-05-14 17:15:00,RXT
19.535,19.56,19.535,19.55,9146,2021-05-14 17:20:00,RXT
19.533,19.5801,19.53,19.56,8668,2021-05-14 17:25:00,RXT
19.54,19.5799,19.48,19.54,21283,2021-05-14 17:30:00,RXT
19.58,19.59,19.56,19.575,3230,2021-05-14 17:35:00,RXT
19.58,19.58,19.515,19.52,15529,2021-05-14 17:40:00,RXT
19.51,19.535,19.51,19.53,14717,2021-05-14 17:45:00,RXT
19.51,19.53,19.47,19.53,9622,2021-05-14 17:50:00,RXT
19.53,19.54,19.52,19.53,2629,2021-05-14 17:55:00,RXT
19.525,19.53,19.511,19.52,3391,2021-05-14 18:00:00,RXT
19.52,19.55,19.51,19.51,4410,2021-05-14 18:05:00,RXT
19.52,19.56,19.51,19.56,3386,2021-05-14 18:10:00,RXT
19.555,19.64,19.55,19.63,9658,2021-05-14 18:15:00,RXT
19.64,19.69,19.63,19.6599,14462,2021-05-14 18:20:00,RXT
19.65,19.68,19.65,19.67,4877,2021-05-14 18:25:00,RXT
19.67,19.67,19.62,19.62,7769,2021-05-14 18:30:00,RXT
19.62,19.63,19.6,19.6,2784,2021-05-14 18:35:00,RXT
19.6,19.63,19.6,19.62,9833,2021-05-14 18:40:00,RXT
19.61,19.62,19.56,19.57,7582,2021-05-14 18:45:00,RXT
19.575,19.6,19.57,19.6,3740,2021-05-14 18:50:00,RXT
19.59,19.595,19.56,19.5678,3341,2021-05-14 18:55:00,RXT
19.57,19.585,19.485,19.49,7002,2021-05-14 19:00:00,RXT
19.5,19.525,19.49,19.52,4446,2021-05-14 19:05:00,RXT
19.52,19.54,19.49,19.53,7487,2021-05-14 19:10:00,RXT
19.52,19.5442,19.51,19.525,6342,2021-05-14 19:15:00,RXT
19.525,19.54,19.525,19.54,3400,2021-05-14 19:20:00,RXT
19.53,19.56,19.495,19.56,8089,2021-05-14 19:25:00,RXT
19.565,19.58,19.53,19.54,21694,2021-05-14 19:30:00,RXT
19.54,19.5535,19.505,19.51,11213,2021-05-14 19:35:00,RXT
19.51,19.515,19.485,19.49,9625,2021-05-14 19:40:00,RXT
19.485,19.52,19.48,19.5021,17873,2021-05-14 19:45:00,RXT
19.5,19.56,19.49,19.525,45038,2021-05-14 19:50:00,RXT
19.52,19.52,19.41,19.47,55780,2021-05-14 19:55:00,RXT
19.46,19.46,19.46,19.46,115928,2021-05-14 20:00:00,RXT
19.45,19.45,19.45,19.45,100,2021-05-14 21:05:00,RXT
19.44,19.44,19.44,19.44,100,2021-05-17 12:00:00,RXT
19.45,19.45,19.45,19.45,998,2021-05-17 12:05:00,RXT
19.45,19.49,19.45,19.49,970,2021-05-17 12:10:00,RXT
19.48,19.5,19.45,19.45,700,2021-05-17 12:55:00,RXT
19.45,19.45,19.45,19.45,100,2021-05-17 13:05:00,RXT
19.45,19.45,19.45,19.45,100,2021-05-17 13:15:00,RXT
19.71,19.71,19.67,19.68,1701,2021-05-17 13:25:00,RXT
19.7,19.71,19.46,19.71,45663,2021-05-17 13:30:00,RXT
19.72,19.91,19.715,19.88,49185,2021-05-17 13:35:00,RXT
19.9,19.92,19.6,19.6,9670,2021-05-17 13:40:00,RXT
19.61,19.655,19.6,19.6499,5694,2021-05-17 13:45:00,RXT
19.61,19.62,19.47,19.55,18719,2021-05-17 13:50:00,RXT
19.55,19.56,19.52,19.53,3215,2021-05-17 13:55:00,RXT
19.52,19.56,19.48,19.54,8529,2021-05-17 14:00:00,RXT
19.55,19.57,19.52,19.57,4200,2021-05-17 14:05:00,RXT
19.58,19.6199,19.57,19.59,2181,2021-05-17 14:10:00,RXT
19.59,19.735,19.57,19.735,7177,2021-05-17 14:15:00,RXT
19.7473,19.815,19.71,19.815,8269,2021-05-17 14:20:00,RXT
19.85,19.98,19.83,19.83,16364,2021-05-17 14:25:00,RXT
19.815,19.895,19.815,19.895,8575,2021-05-17 14:30:00,RXT
19.88,19.94,19.8428,19.9319,8148,2021-05-17 14:35:00,RXT
19.91,19.91,19.831,19.85,6401,2021-05-17 14:40:00,RXT
19.84,19.875,19.82,19.845,6724,2021-05-17 14:45:00,RXT
19.88,19.9267,19.865,19.865,7712,2021-05-17 14:50:00,RXT
19.865,19.865,19.73,19.78,4310,2021-05-17 14:55:00,RXT
19.785,19.8,19.7,19.73,4344,2021-05-17 15:00:00,RXT
19.79,19.79,19.64,19.69,9196,2021-05-17 15:05:00,RXT
19.67,19.67,19.5733,19.6071,6632,2021-05-17 15:10:00,RXT
19.615,19.615,19.5,19.53,66765,2021-05-17 15:15:00,RXT
19.54,19.57,19.525,19.55,7666,2021-05-17 15:20:00,RXT
19.54,19.6083,19.52,19.6,4013,2021-05-17 15:25:00,RXT
19.57,19.57,19.54,19.55,2956,2021-05-17 15:30:00,RXT
19.56,19.62,19.56,19.58,7705,2021-05-17 15:35:00,RXT
19.59,19.62,19.58,19.6,1947,2021-05-17 15:40:00,RXT
19.59,19.63,19.57,19.58,9651,2021-05-17 15:45:00,RXT
19.58,19.5996,19.5,19.53,9850,2021-05-17 15:50:00,RXT
19.52,19.53,19.48,19.5,1650,2021-05-17 15:55:00,RXT
19.48,19.54,19.46,19.54,5773,2021-05-17 16:00:00,RXT
19.54,19.55,19.51,19.52,2554,2021-05-17 16:05:00,RXT
19.53,19.55,19.51,19.51,9284,2021-05-17 16:10:00,RXT
19.51,19.54,19.48,19.52,2778,2021-05-17 16:15:00,RXT
19.52,19.555,19.51,19.54,9167,2021-05-17 16:20:00,RXT
19.54,19.57,19.49,19.57,9236,2021-05-17 16:25:00,RXT
19.55,19.56,19.54,19.555,1700,2021-05-17 16:30:00,RXT
19.56,19.635,19.54,19.63,6630,2021-05-17 16:35:00,RXT
19.6347,19.69,19.625,19.69,5915,2021-05-17 16:40:00,RXT
19.69,19.73,19.69,19.72,4723,2021-05-17 16:45:00,RXT
19.72,19.74,19.68,19.7,9068,2021-05-17 16:50:00,RXT
19.69,19.7,19.67,19.69,2810,2021-05-17 16:55:00,RXT
19.68,19.75,19.65,19.75,18090,2021-05-17 17:00:00,RXT
19.745,19.75,19.645,19.645,3429,2021-05-17 17:05:00,RXT
19.65,19.6685,19.625,19.635,6623,2021-05-17 17:10:00,RXT
19.63,19.6414,19.61,19.6414,3709,2021-05-17 17:15:00,RXT
19.635,19.67,19.62,19.66,3322,2021-05-17 17:20:00,RXT
19.68,19.68,19.64,19.66,10067,2021-05-17 17:25:00,RXT
19.67,19.67,19.6,19.63,8477,2021-05-17 17:30:00,RXT
19.63,19.68,19.63,19.66,3558,2021-05-17 17:35:00,RXT
19.64,19.64,19.59,19.59,5039,2021-05-17 17:40:00,RXT
19.605,19.65,19.59,19.61,4290,2021-05-17 17:45:00,RXT
19.61,19.665,19.61,19.66,2800,2021-05-17 17:50:00,RXT
19.65,19.68,19.64,19.67,2083,2021-05-17 17:55:00,RXT
19.67,19.68,19.64,19.6644,2676,2021-05-17 18:00:00,RXT
19.64,19.69,19.64,19.69,3272,2021-05-17 18:05:00,RXT
19.68,19.69,19.66,19.66,2159,2021-05-17 18:10:00,RXT
19.68,19.72,19.67,19.72,1999,2021-05-17 18:15:00,RXT
19.73,19.75,19.72,19.72,6331,2021-05-17 18:20:00,RXT
19.695,19.695,19.63,19.635,1300,2021-05-17 18:25:00,RXT
19.65,19.69,19.6367,19.69,8055,2021-05-17 18:30:00,RXT
19.67,19.67,19.62,19.645,4155,2021-05-17 18:35:00,RXT
19.66,19.67,19.64,19.66,2359,2021-05-17 18:40:00,RXT
19.66,19.685,19.63,19.67,4404,2021-05-17 18:45:00,RXT
19.68,19.71,19.67,19.71,1769,2021-05-17 18:50:00,RXT
19.71,19.71,19.67,19.68,3515,2021-05-17 18:55:00,RXT
19.66,19.69,19.66,19.69,2515,2021-05-17 19:00:00,RXT
19.69,19.72,19.69,19.7,4706,2021-05-17 19:05:00,RXT
19.705,19.71,19.68,19.695,3714,2021-05-17 19:10:00,RXT
19.68,19.681,19.6301,19.64,5195,2021-05-17 19:15:00,RXT
19.645,19.67,19.635,19.66,3125,2021-05-17 19:20:00,RXT
19.65,19.68,19.65,19.68,2520,2021-05-17 19:25:00,RXT
19.66,19.7,19.65,19.7,6607,2021-05-17 19:30:00,RXT
19.69,19.72,19.68,19.715,5706,2021-05-17 19:35:00,RXT
19.71,19.73,19.69,19.72,16725,2021-05-17 19:40:00,RXT
19.735,19.83,19.725,19.81,23752,2021-05-17 19:45:00,RXT
19.8,19.85,19.74,19.83,26789,2021-05-17 19:50:00,RXT
19.83,19.87,19.82,19.85,62444,2021-05-17 19:55:00,RXT
19.845,19.845,19.4185,19.4185,145058,2021-05-17 20:00:00,RXT
19.53,19.53,19.53,19.53,2500,2021-05-17 20:10:00,RXT
19.69,19.69,19.69,19.69,100,2021-05-17 20:35:00,RXT
19.84,19.92,19.84,19.92,400,2021-05-17 21:10:00,RXT
19.845,19.845,19.845,19.845,7326,2021-05-17 21:20:00,RXT
19.973,20.0,19.973,20.0,846,2021-05-17 21:45:00,RXT
19.9,19.9,19.9,19.9,1000,2021-05-18 12:15:00,RXT
19.9,19.9,19.9,19.9,165,2021-05-18 12:45:00,RXT
19.63,19.63,19.63,19.63,100,2021-05-18 12:50:00,RXT
19.61,19.61,19.61,19.61,100,2021-05-18 13:10:00,RXT
19.65,19.65,19.65,19.65,290,2021-05-18 13:15:00,RXT
19.89,19.89,19.89,19.89,100,2021-05-18 13:25:00,RXT
19.91,19.98,19.73,19.81,24405,2021-05-18 13:30:00,RXT
19.8,19.9722,19.75,19.9722,4965,2021-05-18 13:35:00,RXT
19.98,20.1393,19.96,20.06,12536,2021-05-18 13:40:00,RXT
20.0,20.09,20.0,20.0388,14802,2021-05-18 13:45:00,RXT
20.03,20.05,19.9518,20.05,3310,2021-05-18 13:50:00,RXT
20.07,20.13,20.07,20.13,2800,2021-05-18 13:55:00,RXT
20.14,20.1799,20.1,20.1324,5446,2021-05-18 14:00:00,RXT
20.11,20.125,20.08,20.09,3862,2021-05-18 14:05:00,RXT
20.11,20.11,20.05,20.08,2689,2021-05-18 14:10:00,RXT
20.08,20.09,20.0,20.0,2312,2021-05-18 14:15:00,RXT
19.96,20.005,19.96,20.005,4331,2021-05-18 14:20:00,RXT
20.0,20.11,19.995,20.11,7147,2021-05-18 14:25:00,RXT
20.1,20.1,20.0,20.035,9215,2021-05-18 14:30:00,RXT
20.04,20.04,20.0,20.0,4077,2021-05-18 14:35:00,RXT
20.01,20.045,20.01,20.01,5851,2021-05-18 14:40:00,RXT
19.96,20.0,19.96,20.0,2167,2021-05-18 14:45:00,RXT
20.025,20.0399,20.01,20.01,2920,2021-05-18 14:50:00,RXT
20.0184,20.04,20.0184,20.03,3600,2021-05-18 14:55:00,RXT
20.025,20.025,19.96,19.995,5508,2021-05-18 15:00:00,RXT
19.99,19.99,19.9601,19.99,2488,2021-05-18 15:05:00,RXT
19.985,20.01,19.96,20.0,2615,2021-05-18 15:10:00,RXT
20.005,20.08,20.0,20.08,4107,2021-05-18 15:15:00,RXT
20.07,20.12,20.07,20.07,4600,2021-05-18 15:20:00,RXT
20.09,20.12,20.07,20.11,4851,2021-05-18 15:25:00,RXT
20.12,20.14,20.05,20.055,3304,2021-05-18 15:30:00,RXT
20.0476,20.08,20.0476,20.08,1165,2021-05-18 15:35:00,RXT
20.068,20.08,20.054,20.08,3007,2021-05-18 15:40:00,RXT
20.08,20.11,20.065,20.11,4988,2021-05-18 15:45:00,RXT
20.15,20.2,20.14,20.14,14288,2021-05-18 15:50:00,RXT
20.17,20.17,20.14,20.165,4683,2021-05-18 15:55:00,RXT
20.165,20.22,20.15,20.215,8458,2021-05-18 16:00:00,RXT
20.215,20.2373,20.215,20.225,11436,2021-05-18 16:05:00,RXT
20.22,20.24,20.22,20.235,7864,2021-05-18 16:10:00,RXT
20.235,20.265,20.18,20.18,20082,2021-05-18 16:15:00,RXT
20.185,20.19,20.11,20.1281,3051,2021-05-18 16:20:00,RXT
20.11,20.13,20.03,20.07,3619,2021-05-18 16:25:00,RXT
20.0937,20.12,20.07,20.115,3491,2021-05-18 16:30:00,RXT
20.13,20.13,20.09,20.11,1805,2021-05-18 16:35:00,RXT
20.105,20.14,20.09,20.14,5003,2021-05-18 16:40:00,RXT
20.13,20.15,20.13,20.15,1800,2021-05-18 16:45:00,RXT
20.14,20.14,20.13,20.13,1550,2021-05-18 16:50:00,RXT
20.131,20.14,20.1,20.1,3509,2021-05-18 16:55:00,RXT
20.11,20.15,20.11,20.14,3600,2021-05-18 17:00:00,RXT
20.14,20.2,20.13,20.13,4365,2021-05-18 17:05:00,RXT
20.12,20.17,20.12,20.13,4314,2021-05-18 17:10:00,RXT
20.13,20.16,20.11,20.13,1900,2021-05-18 17:15:00,RXT
20.1,20.14,20.1,20.13,1606,2021-05-18 17:20:00,RXT
20.125,20.14,20.11,20.14,2167,2021-05-18 17:25:00,RXT
20.15,20.2,20.13,20.2,6420,2021-05-18 17:30:00,RXT
20.19,20.19,20.14,20.14,1380,2021-05-18 17:35:00,RXT
20.14,20.165,20.13,20.14,5169,2021-05-18 17:40:00,RXT
20.1235,20.15,20.1235,20.135,3150,2021-05-18 17:45:00,RXT
20.13,20.15,20.11,20.11,4730,2021-05-18 17:50:00,RXT
20.11,20.115,20.06,20.09,3822,2021-05-18 17:55:00,RXT
20.09,20.09,20.02,20.065,3109,2021-05-18 18:00:00,RXT
20.06,20.11,20.05,20.09,3407,2021-05-18 18:05:00,RXT
20.1,20.1,20.06,20.09,2000,2021-05-18 18:10:00,RXT
20.09,20.1,20.0601,20.08,4620,2021-05-18 18:15:00,RXT
20.07,20.07,20.035,20.035,3151,2021-05-18 18:20:00,RXT
20.05,20.07,20.03,20.055,3208,2021-05-18 18:25:00,RXT
20.0527,20.07,20.0,20.0,5040,2021-05-18 18:30:00,RXT
20.005,20.005,19.939,19.939,2968,2021-05-18 18:35:00,RXT
19.94,19.94,19.885,19.91,3055,2021-05-18 18:40:00,RXT
19.91,19.9362,19.89,19.93,3301,2021-05-18 18:45:00,RXT
19.94,19.98,19.94,19.98,5276,2021-05-18 18:50:00,RXT
19.975,19.99,19.95,19.98,4165,2021-05-18 18:55:00,RXT
19.98,20.005,19.98,20.005,2075,2021-05-18 19:00:00,RXT
20.0,20.0,19.981,19.99,1885,2021-05-18 19:05:00,RXT
19.99,19.995,19.98,19.98,1500,2021-05-18 19:10:00,RXT
19.98,19.995,19.95,19.96,6824,2021-05-18 19:15:00,RXT
19.96,20.01,19.96,20.01,3616,2021-05-18 19:20:00,RXT
20.01,20.03,19.9801,19.9801,3352,2021-05-18 19:25:00,RXT
19.9916,20.01,19.95,19.96,7331,2021-05-18 19:30:00,RXT
19.965,19.965,19.905,19.91,4028,2021-05-18 19:35:00,RXT
19.91,20.0,19.91,19.96,16794,2021-05-18 19:40:00,RXT
19.9669,19.97,19.89,19.89,25864,2021-05-18 19:45:00,RXT
19.895,19.9,19.785,19.79,28402,2021-05-18 19:50:00,RXT
19.77,19.82,19.75,19.77,26861,2021-05-18 19:55:00,RXT
19.77,19.77,19.77,19.77,63782,2021-05-18 20:00:00,RXT
19.78,19.78,19.77,19.77,300,2021-05-18 20:30:00,RXT
19.85,19.85,19.85,19.85,100,2021-05-18 20:35:00,RXT
19.77,19.77,19.77,19.77,62721,2021-05-18 21:10:00,RXT
19.85,19.85,19.85,19.85,100,2021-05-18 23:10:00,RXT
19.85,19.85,19.85,19.85,200,2021-05-19 12:55:00,RXT
19.53,19.64,19.41,19.58,12016,2021-05-19 13:30:00,RXT
19.62,19.72,19.47,19.4867,4193,2021-05-19 13:35:00,RXT
19.465,19.61,19.3205,19.56,3929,2021-05-19 13:40:00,RXT
19.52,19.53,19.455,19.465,1828,2021-05-19 13:45:00,RXT
19.45,19.51,19.44,19.44,4253,2021-05-19 13:50:00,RXT
19.44,19.44,19.3665,19.3799,2125,2021-05-19 13:55:00,RXT
19.35,19.45,19.26,19.26,9795,2021-05-19 14:00:00,RXT
19.25,19.31,19.25,19.26,6932,2021-05-19 14:05:00,RXT
19.2561,19.2561,19.145,19.22,15479,2021-05-19 14:10:00,RXT
19.2,19.35,19.17,19.34,22170,2021-05-19 14:15:00,RXT
19.35,19.35,19.27,19.28,7060,2021-05-19 14:20:00,RXT
19.29,19.36,19.29,19.31,7823,2021-05-19 14:25:00,RXT
19.305,19.33,19.28,19.305,9908,2021-05-19 14:30:00,RXT
19.305,19.34,19.3,19.315,10247,2021-05-19 14:35:00,RXT
19.315,19.38,19.29,19.38,10785,2021-05-19 14:40:00,RXT
19.38,19.41,19.36,19.375,7183,2021-05-19 14:45:00,RXT
19.39,19.42,19.38,19.415,3346,2021-05-19 14:50:00,RXT
19.42,19.46,19.37,19.39,12795,2021-05-19 14:55:00,RXT
19.4,19.41,19.3,19.3,5518,2021-05-19 15:00:00,RXT
19.3,19.38,19.25,19.37,11318,2021-05-19 15:05:00,RXT
19.38,19.45,19.34,19.45,6075,2021-05-19 15:10:00,RXT
19.465,19.47,19.41,19.43,3712,2021-05-19 15:15:00,RXT
19.45,19.48,19.43,19.44,6503,2021-05-19 15:20:00,RXT
19.442,19.46,19.38,19.38,5549,2021-05-19 15:25:00,RXT
19.35,19.37,19.33,19.33,4566,2021-05-19 15:30:00,RXT
19.34,19.39,19.34,19.38,2714,2021-05-19 15:35:00,RXT
19.39,19.4124,19.38,19.38,4435,2021-05-19 15:40:00,RXT
19.37,19.385,19.34,19.34,1818,2021-05-19 15:45:00,RXT
19.345,19.37,19.32,19.34,5826,2021-05-19 15:50:00,RXT
19.34,19.37,19.34,19.35,2614,2021-05-19 15:55:00,RXT
19.36,19.38,19.34,19.34,3320,2021-05-19 16:00:00,RXT
19.335,19.37,19.335,19.36,2601,2021-05-19 16:05:00,RXT
19.35,19.36,19.325,19.36,2820,2021-05-19 16:10:00,RXT
19.345,19.42,19.345,19.4153,5378,2021-05-19 16:15:00,RXT
19.415,19.415,19.38,19.39,3979,2021-05-19 16:20:00,RXT
19.37,19.44,19.37,19.42,6774,2021-05-19 16:25:00,RXT
19.43,19.43,19.42,19.425,1820,2021-05-19 16:30:00,RXT
19.425,19.448,19.42,19.448,3110,2021-05-19 16:35:00,RXT
19.44,19.48,19.42,19.46,3448,2021-05-19 16:40:00,RXT
19.45,19.4514,19.445,19.4514,515,2021-05-19 16:45:00,RXT
19.46,19.4669,19.42,19.45,5327,2021-05-19 16:50:00,RXT
19.455,19.455,19.39,19.435,4050,2021-05-19 16:55:00,RXT
19.435,19.51,19.42,19.47,8048,2021-05-19 17:00:00,RXT
19.47,19.56,19.47,19.55,5297,2021-05-19 17:05:00,RXT
19.54,19.6,19.52,19.58,4776,2021-05-19 17:10:00,RXT
19.585,19.59,19.54,19.5852,5026,2021-05-19 17:15:00,RXT
19.6,19.6,19.55,19.56,4758,2021-05-19 17:20:00,RXT
19.545,19.59,19.545,19.59,3313,2021-05-19 17:25:00,RXT
19.58,19.6,19.471,19.4769,4937,2021-05-19 17:30:00,RXT
19.485,19.53,19.485,19.53,3282,2021-05-19 17:35:00,RXT
19.525,19.525,19.42,19.45,3422,2021-05-19 17:40:00,RXT
19.47,19.495,19.45,19.45,4533,2021-05-19 17:45:00,RXT
19.46,19.49,19.44,19.48,3475,2021-05-19 17:50:00,RXT
19.48,19.48,19.445,19.445,2253,2021-05-19 17:55:00,RXT
19.445,19.48,19.35,19.35,3502,2021-05-19 18:00:00,RXT
19.31,19.39,19.3,19.39,3384,2021-05-19 18:05:00,RXT
19.37,19.42,19.35,19.41,3979,2021-05-19 18:10:00,RXT
19.42,19.42,19.36,19.38,3950,2021-05-19 18:15:00,RXT
19.4,19.6095,19.39,19.5802,6460,2021-05-19 18:20:00,RXT
19.58,19.58,19.5,19.565,5768,2021-05-19 18:25:00,RXT
19.56,19.6,19.52,19.545,6397,2021-05-19 18:30:00,RXT
19.55,19.59,19.49,19.49,3227,2021-05-19 18:35:00,RXT
19.49,19.54,19.48,19.49,5201,2021-05-19 18:40:00,RXT
19.53,19.53,19.48,19.51,2897,2021-05-19 18:45:00,RXT
19.51,19.53,19.5,19.52,3904,2021-05-19 18:50:00,RXT
19.51,19.56,19.49,19.54,9640,2021-05-19 18:55:00,RXT
19.5475,19.5475,19.48,19.51,2480,2021-05-19 19:00:00,RXT
19.515,19.545,19.5,19.535,5471,2021-05-19 19:05:00,RXT
19.54,19.555,19.53,19.53,4350,2021-05-19 19:10:00,RXT
19.53,19.57,19.53,19.55,4100,2021-05-19 19:15:00,RXT
19.54,19.6,19.53,19.6,7161,2021-05-19 19:20:00,RXT
19.595,19.605,19.53,19.59,8782,2021-05-19 19:25:00,RXT
19.59,19.59,19.54,19.54,6877,2021-05-19 19:30:00,RXT
19.535,19.575,19.53,19.545,6117,2021-05-19 19:35:00,RXT
19.5479,19.5479,19.52,19.52,4946,2021-05-19 19:40:00,RXT
19.525,19.528,19.48,19.505,10461,2021-05-19 19:45:00,RXT
19.5,19.53,19.4983,19.51,19609,2021-05-19 19:50:00,RXT
19.49,19.54,19.48,19.54,39096,2021-05-19 19:55:00,RXT
19.53,19.53,19.53,19.53,99871,2021-05-19 20:00:00,RXT
19.6,19.6,19.6,19.6,100,2021-05-19 20:05:00,RXT
19.59,19.59,19.34,19.5887,7621,2021-05-20 13:30:00,RXT
19.6,19.64,19.5367,19.5985,3517,2021-05-20 13:35:00,RXT
19.575,19.61,19.5271,19.5271,11385,2021-05-20 13:40:00,RXT
19.565,19.83,19.54,19.82,8208,2021-05-20 13:45:00,RXT
19.82,19.95,19.755,19.85,15010,2021-05-20 13:50:00,RXT
19.87,19.975,19.8289,19.975,10991,2021-05-20 13:55:00,RXT
19.97,20.0,19.9,19.93,7275,2021-05-20 14:00:00,RXT
19.89,19.94,19.84,19.84,13257,2021-05-20 14:05:00,RXT
19.855,19.94,19.855,19.92,16200,2021-05-20 14:10:00,RXT
19.9205,20.0194,19.92,20.0,12940,2021-05-20 14:15:00,RXT
19.98,20.0,19.93,20.0,3013,2021-05-20 14:20:00,RXT
20.0,20.03,19.95,19.96,6747,2021-05-20 14:25:00,RXT
19.92,19.99,19.92,19.99,4031,2021-05-20 14:30:00,RXT
19.96,19.96,19.91,19.93,3794,2021-05-20 14:35:00,RXT
19.915,19.95,19.85,19.95,6262,2021-05-20 14:40:00,RXT
19.935,19.95,19.91,19.92,2900,2021-05-20 14:45:00,RXT
19.925,19.935,19.9,19.91,2300,2021-05-20 14:50:00,RXT
19.922,19.93,19.89,19.92,1850,2021-05-20 14:55:00,RXT
19.92,19.99,19.92,19.99,5106,2021-05-20 15:00:00,RXT
19.985,20.09,19.95,20.08,14524,2021-05-20 15:05:00,RXT
20.09,20.16,20.09,20.09,6227,2021-05-20 15:10:00,RXT
20.1078,20.16,20.1,20.1506,2150,2021-05-20 15:15:00,RXT
20.16,20.26,20.14,20.26,7356,2021-05-20 15:20:00,RXT
20.255,20.26,20.17,20.22,9431,2021-05-20 15:25:00,RXT
20.23,20.28,20.22,20.26,9007,2021-05-20 15:30:00,RXT
20.26,20.27,20.2,20.22,4195,2021-05-20 15:35:00,RXT
20.22,20.22,20.18,20.19,3274,2021-05-20 15:40:00,RXT
20.175,20.26,20.175,20.2208,4274,2021-05-20 15:45:00,RXT
20.27,20.27,20.23,20.24,2863,2021-05-20 15:50:00,RXT
20.24,20.24,20.18,20.2,4598,2021-05-20 15:55:00,RXT
20.215,20.215,20.15,20.18,2929,2021-05-20 16:00:00,RXT
20.17,20.19,20.17,20.18,1426,2021-05-20 16:05:00,RXT
20.175,20.18,20.12,20.125,7550,2021-05-20 16:10:00,RXT
20.13,20.16,20.12,20.16,5871,2021-05-20 16:15:00,RXT
20.155,20.24,20.14,20.24,4794,2021-05-20 16:20:00,RXT
20.235,20.24,20.21,20.24,4400,2021-05-20 16:25:00,RXT
20.24,20.25,20.15,20.16,9766,2021-05-20 16:30:00,RXT
20.15,20.15,20.05,20.075,1990,2021-05-20 16:35:00,RXT
20.0738,20.085,20.07,20.08,1247,2021-05-20 16:40:00,RXT
20.08,20.14,20.08,20.13,8137,2021-05-20 16:45:00,RXT
20.135,20.16,20.11,20.14,4229,2021-05-20 16:50:00,RXT
20.1299,20.17,20.125,20.15,2006,2021-05-20 16:55:00,RXT
20.16,20.16,20.15,20.15,1951,2021-05-20 17:00:00,RXT
20.15,20.17,20.15,20.16,1800,2021-05-20 17:05:00,RXT
20.1445,20.165,20.1445,20.16,1863,2021-05-20 17:10:00,RXT
20.152,20.16,20.11,20.12,13419,2021-05-20 17:15:00,RXT
20.115,20.2,20.1,20.19,13292,2021-05-20 17:20:00,RXT
20.19,20.19,20.16,20.19,1661,2021-05-20 17:25:00,RXT
20.19,20.22,20.19,20.22,2997,2021-05-20 17:30:00,RXT
20.22,20.22,20.14,20.14,6105,2021-05-20 17:35:00,RXT
20.148,20.18,20.148,20.1532,3922,2021-05-20 17:40:00,RXT
20.15,20.18,20.14,20.16,2500,2021-05-20 17:45:00,RXT
20.155,20.155,20.095,20.13,6302,2021-05-20 17:50:00,RXT
20.16,20.16,20.07,20.13,5105,2021-05-20 17:55:00,RXT
20.11,20.17,20.1,20.12,9673,2021-05-20 18:00:00,RXT
20.15,20.15,20.12,20.13,1792,2021-05-20 18:05:00,RXT
20.14,20.14,20.08,20.1,4600,2021-05-20 18:10:00,RXT
20.1,20.16,20.1,20.14,2400,2021-05-20 18:15:00,RXT
20.1215,20.17,20.1215,20.17,4596,2021-05-20 18:20:00,RXT
20.1647,20.23,20.1647,20.21,4296,2021-05-20 18:25:00,RXT
20.207,20.22,20.16,20.16,3953,2021-05-20 18:30:00,RXT
20.17,20.22,20.17,20.185,2657,2021-05-20 18:35:00,RXT
20.19,20.25,20.17,20.1981,10051,2021-05-20 18:40:00,RXT
20.2,20.21,20.18,20.1943,4087,2021-05-20 18:45:00,RXT
20.2,20.235,20.19,20.235,3336,2021-05-20 18:50:00,RXT
20.24,20.24,20.22,20.23,3182,2021-05-20 18:55:00,RXT
20.235,20.265,20.21,20.245,7143,2021-05-20 19:00:00,RXT
20.245,20.245,20.2048,20.21,2120,2021-05-20 19:05:00,RXT
20.22,20.255,20.215,20.24,3378,2021-05-20 19:10:00,RXT
20.23,20.25,20.21,20.22,5478,2021-05-20 19:15:00,RXT
20.23,20.245,20.22,20.235,2062,2021-05-20 19:20:00,RXT
20.25,20.26,20.22,20.255,4619,2021-05-20 19:25:00,RXT
20.25,20.25,20.2,20.225,4000,2021-05-20 19:30:00,RXT
20.22,20.23,20.21,20.225,3843,2021-05-20 19:35:00,RXT
20.225,20.23,20.215,20.2299,7798,2021-05-20 19:40:00,RXT
20.225,20.2481,20.1684,20.17,14508,2021-05-20 19:45:00,RXT
20.16,20.16,20.12,20.14,14602,2021-05-20 19:50:00,RXT
20.12,20.16,20.1,20.15,24339,2021-05-20 19:55:00,RXT
20.15,20.15,20.15,20.15,62063,2021-05-20 20:00:00,RXT
20.7,20.7,20.7,20.7,100,2021-05-21 12:25:00,RXT
20.7,20.7,20.7,20.7,100,2021-05-21 13:05:00,RXT
20.32,20.4166,20.19,20.325,14828,2021-05-21 13:30:00,RXT
20.34,20.37,20.26,20.35,11700,2021-05-21 13:35:00,RXT
20.25,20.37,20.25,20.3485,1288,2021-05-21 13:40:00,RXT
20.31,20.353,20.28,20.353,3267,2021-05-21 13:45:00,RXT
20.33,20.4,20.2836,20.4,3340,2021-05-21 13:50:00,RXT
20.421,20.47,20.421,20.458,2434,2021-05-21 13:55:00,RXT
20.445,20.5599,20.445,20.55,18996,2021-05-21 14:00:00,RXT
20.55,20.55,20.43,20.51,3553,2021-05-21 14:05:00,RXT
20.53,20.545,20.5,20.5,1647,2021-05-21 14:10:00,RXT
20.49,20.52,20.39,20.41,7514,2021-05-21 14:15:00,RXT
20.39,20.42,20.35,20.42,1500,2021-05-21 14:20:00,RXT
20.4092,20.48,20.4092,20.465,3432,2021-05-21 14:25:00,RXT
20.465,20.52,20.465,20.5,2126,2021-05-21 14:30:00,RXT
20.49,20.49,20.3701,20.44,5043,2021-05-21 14:35:00,RXT
20.43,20.43,20.409,20.43,1375,2021-05-21 14:40:00,RXT
20.42,20.43,20.39,20.43,1756,2021-05-21 14:45:00,RXT
20.43,20.45,20.43,20.45,700,2021-05-21 14:50:00,RXT
20.42,20.465,20.42,20.45,1750,2021-05-21 14:55:00,RXT
20.47,20.48,20.44,20.44,3442,2021-05-21 15:00:00,RXT
20.45,20.505,20.44,20.505,3400,2021-05-21 15:05:00,RXT
20.49,20.6334,20.48,20.6334,6451,2021-05-21 15:10:00,RXT
20.6,20.6,20.56,20.57,3325,2021-05-21 15:15:00,RXT
20.57,20.58,20.5597,20.58,4165,2021-05-21 15:20:00,RXT
20.57,20.58,20.48,20.48,3687,2021-05-21 15:25:00,RXT
20.46,20.5,20.46,20.495,2300,2021-05-21 15:30:00,RXT
20.5199,20.5199,20.48,20.48,1380,2021-05-21 15:35:00,RXT
20.51,20.53,20.5,20.53,2060,2021-05-21 15:40:00,RXT
20.53,20.545,20.525,20.54,1957,2021-05-21 15:45:00,RXT
20.54,20.55,20.525,20.55,3521,2021-05-21 15:50:00,RXT
20.53,20.555,20.49,20.55,3228,2021-05-21 15:55:00,RXT
20.54,20.54,20.54,20.54,800,2021-05-21 16:00:00,RXT
20.56,20.56,20.53,20.53,1977,2021-05-21 16:05:00,RXT
20.51,20.54,20.5002,20.525,2300,2021-05-21 16:10:00,RXT
20.53,20.53,20.5,20.52,2700,2021-05-21 16:15:00,RXT
20.5,20.56,20.5,20.52,6927,2021-05-21 16:20:00,RXT
20.53,20.56,20.52,20.56,4900,2021-05-21 16:25:00,RXT
20.57,20.59,20.57,20.58,3294,2021-05-21 16:30:00,RXT
20.58,20.59,20.57,20.59,2100,2021-05-21 16:35:00,RXT
20.59,20.602,20.59,20.59,2450,2021-05-21 16:40:00,RXT
20.58,20.5935,20.56,20.56,6462,2021-05-21 16:45:00,RXT
20.56,20.57,20.56,20.5655,650,2021-05-21 16:50:00,RXT
20.57,20.59,20.53,20.59,5984,2021-05-21 16:55:00,RXT
20.585,20.6,20.585,20.6,2200,2021-05-21 17:00:00,RXT
20.598,20.598,20.58,20.59,1843,2021-05-21 17:05:00,RXT
20.59,20.59,20.56,20.57,2444,2021-05-21 17:10:00,RXT
20.5681,20.5681,20.54,20.54,2043,2021-05-21 17:15:00,RXT
20.55,20.59,20.55,20.58,1797,2021-05-21 17:20:00,RXT
20.57,20.59,20.57,20.59,650,2021-05-21 17:25:00,RXT
20.6,20.62,20.6,20.62,2179,2021-05-21 17:30:00,RXT
20.6,20.6,20.57,20.585,3900,2021-05-21 17:35:00,RXT
20.59,20.59,20.57,20.58,1150,2021-05-21 17:40:00,RXT
20.59,20.6,20.59,20.595,2201,2021-05-21 17:45:00,RXT
20.59,20.61,20.57,20.6,2478,2021-05-21 17:50:00,RXT
20.59,20.62,20.58,20.62,2600,2021-05-21 17:55:00,RXT
20.62,20.63,20.559,20.559,4716,2021-05-21 18:00:00,RXT
20.58,20.6,20.58,20.58,2486,2021-05-21 18:05:00,RXT
20.57,20.62,20.57,20.615,3413,2021-05-21 18:10:00,RXT
20.61,20.61,20.58,20.58,1100,2021-05-21 18:15:00,RXT
20.54,20.56,20.54,20.56,700,2021-05-21 18:20:00,RXT
20.53,20.55,20.48,20.51,3868,2021-05-21 18:25:00,RXT
20.51,20.53,20.5,20.51,1278,2021-05-21 18:30:00,RXT
20.51,20.51,20.49,20.49,1450,2021-05-21 18:35:00,RXT
20.48,20.5,20.48,20.5,1256,2021-05-21 18:40:00,RXT
20.5,20.51,20.491,20.51,1770,2021-05-21 18:45:00,RXT
20.51,20.52,20.495,20.52,4719,2021-05-21 18:50:00,RXT
20.52,20.535,20.51,20.52,7094,2021-05-21 18:55:00,RXT
20.52,20.52,20.47,20.47,2525,2021-05-21 19:00:00,RXT
20.475,20.5,20.46,20.49,1700,2021-05-21 19:05:00,RXT
20.5,20.51,20.49,20.49,3993,2021-05-21 19:10:00,RXT
20.493,20.51,20.49,20.5,2957,2021-05-21 19:15:00,RXT
20.4947,20.515,20.4947,20.515,4401,2021-05-21 19:20:00,RXT
20.51,20.53,20.49,20.49,4345,2021-05-21 19:25:00,RXT
20.49,20.495,20.46,20.465,1937,2021-05-21 19:30:00,RXT
20.47,20.4779,20.445,20.445,5084,2021-05-21 19:35:00,RXT
20.45,20.45,20.406,20.4379,6150,2021-05-21 19:40:00,RXT
20.4384,20.45,20.41,20.4463,10523,2021-05-21 19:45:00,RXT
20.44,20.4752,20.43,20.43,21345,2021-05-21 19:50:00,RXT
20.43,20.45,20.42,20.43,26511,2021-05-21 19:55:00,RXT
20.43,20.43,20.43,20.43,45596,2021-05-21 20:00:00,RXT
20.15,20.15,20.15,20.15,2860,2021-05-21 20:10:00,RXT
20.15,20.15,20.15,20.15,900,2021-05-21 22:45:00,RXT
20.51,20.51,20.1,20.1,7212,2021-05-24 13:25:00,RXT
20.07,20.36,20.0,20.35,64760,2021-05-24 13:30:00,RXT
20.29,20.43,20.2129,20.43,5099,2021-05-24 13:35:00,RXT
20.44,20.51,20.44,20.5,6502,2021-05-24 13:40:00,RXT
20.565,20.61,20.545,20.59,6282,2021-05-24 13:45:00,RXT
20.66,20.705,20.65,20.705,4438,2021-05-24 13:50:00,RXT
20.73,20.7499,20.6501,20.67,4058,2021-05-24 13:55:00,RXT
20.71,20.72,20.66,20.69,2980,2021-05-24 14:00:00,RXT
20.69,20.7005,20.63,20.655,3507,2021-05-24 14:05:00,RXT
20.655,20.67,20.61,20.64,8126,2021-05-24 14:10:00,RXT
20.645,20.74,20.64,20.73,7252,2021-05-24 14:15:00,RXT
20.73,20.77,20.73,20.76,8334,2021-05-24 14:20:00,RXT
20.76,20.86,20.76,20.86,6153,2021-05-24 14:25:00,RXT
20.83,20.8586,20.78,20.78,5644,2021-05-24 14:30:00,RXT
20.76,20.81,20.76,20.81,4979,2021-05-24 14:35:00,RXT
20.82,20.85,20.81,20.85,3207,2021-05-24 14:40:00,RXT
20.83,20.85,20.8,20.8,4704,2021-05-24 14:45:00,RXT
20.8,20.87,20.785,20.86,10040,2021-05-24 14:50:00,RXT
20.86,20.88,20.85,20.86,6753,2021-05-24 14:55:00,RXT
20.85,20.885,20.85,20.86,2894,2021-05-24 15:00:00,RXT
20.85,20.88,20.82,20.84,19899,2021-05-24 15:05:00,RXT
20.83,20.85,20.825,20.85,1616,2021-05-24 15:10:00,RXT
20.85,20.87,20.8301,20.84,3796,2021-05-24 15:15:00,RXT
20.83,20.84,20.83,20.84,2748,2021-05-24 15:20:00,RXT
20.84,20.88,20.84,20.88,3346,2021-05-24 15:25:00,RXT
20.88,20.93,20.87,20.92,7272,2021-05-24 15:30:00,RXT
20.92,20.93,20.86,20.86,7947,2021-05-24 15:35:00,RXT
20.87,20.89,20.86,20.89,4791,2021-05-24 15:40:00,RXT
20.88,20.91,20.87,20.91,3584,2021-05-24 15:45:00,RXT
20.9,20.91,20.811,20.811,5769,2021-05-24 15:50:00,RXT
20.81,20.81,20.77,20.78,3314,2021-05-24 15:55:00,RXT
20.78,20.78,20.76,20.77,1800,2021-05-24 16:00:00,RXT
20.7769,20.79,20.75,20.79,9844,2021-05-24 16:05:00,RXT
20.79,20.82,20.75,20.75,2729,2021-05-24 16:10:00,RXT
20.75,20.75,20.724,20.74,2633,2021-05-24 16:15:00,RXT
20.72,20.745,20.72,20.745,400,2021-05-24 16:20:00,RXT
20.74,20.74,20.63,20.65,12017,2021-05-24 16:25:00,RXT
20.6301,20.67,20.6301,20.65,2162,2021-05-24 16:30:00,RXT
20.64,20.67,20.625,20.67,3200,2021-05-24 16:35:00,RXT
20.67,20.67,20.65,20.67,2290,2021-05-24 16:40:00,RXT
20.67,20.68,20.635,20.68,2636,2021-05-24 16:45:00,RXT
20.67,20.68,20.64,20.6599,2893,2021-05-24 16:50:00,RXT
20.65,20.67,20.6287,20.66,1550,2021-05-24 16:55:00,RXT
20.67,20.69,20.66,20.675,4379,2021-05-24 17:00:00,RXT
20.68,20.69,20.665,20.69,2054,2021-05-24 17:05:00,RXT
20.69,20.69,20.63,20.63,4451,2021-05-24 17:10:00,RXT
20.625,20.64,20.615,20.64,1215,2021-05-24 17:15:00,RXT
20.65,20.66,20.63,20.65,8877,2021-05-24 17:20:00,RXT
20.65,20.72,20.65,20.69,4355,2021-05-24 17:25:00,RXT
20.69,20.7,20.68,20.695,1200,2021-05-24 17:30:00,RXT
20.68,20.68,20.65,20.67,2571,2021-05-24 17:35:00,RXT
20.675,20.675,20.64,20.655,2639,2021-05-24 17:40:00,RXT
20.66,20.665,20.66,20.66,1958,2021-05-24 17:45:00,RXT
20.685,20.69,20.67,20.68,2296,2021-05-24 17:50:00,RXT
20.67,20.705,20.67,20.705,500,2021-05-24 17:55:00,RXT
20.72,20.72,20.67,20.68,3232,2021-05-24 18:00:00,RXT
20.69,20.72,20.69,20.7118,4117,2021-05-24 18:05:00,RXT
20.715,20.73,20.715,20.725,2375,2021-05-24 18:10:00,RXT
20.7273,20.76,20.725,20.76,4356,2021-05-24 18:15:00,RXT
20.76,20.785,20.76,20.785,3061,2021-05-24 18:20:00,RXT
20.8,20.8,20.725,20.7397,5426,2021-05-24 18:25:00,RXT
20.74,20.76,20.73,20.76,2371,2021-05-24 18:30:00,RXT
20.755,20.755,20.73,20.74,1995,2021-05-24 18:35:00,RXT
20.74,20.76,20.74,20.76,1311,2021-05-24 18:40:00,RXT
20.76,20.76,20.73,20.75,3577,2021-05-24 18:45:00,RXT
20.74,20.77,20.74,20.76,3924,2021-05-24 18:50:00,RXT
20.76,20.79,20.76,20.78,4062,2021-05-24 18:55:00,RXT
20.79,20.81,20.7801,20.8,1830,2021-05-24 19:00:00,RXT
20.79,20.8162,20.79,20.81,1700,2021-05-24 19:05:00,RXT
20.8,20.84,20.8,20.815,6348,2021-05-24 19:10:00,RXT
20.815,20.83,20.815,20.825,1800,2021-05-24 19:15:00,RXT
20.83,20.9,20.82,20.89,7056,2021-05-24 19:20:00,RXT
20.8999,20.9,20.88,20.89,4900,2021-05-24 19:25:00,RXT
20.89,20.9,20.85,20.86,6859,2021-05-24 19:30:00,RXT
20.858,20.91,20.858,20.91,9796,2021-05-24 19:35:00,RXT
20.8921,20.92,20.88,20.88,13433,2021-05-24 19:40:00,RXT
20.8885,20.9,20.88,20.9,7811,2021-05-24 19:45:00,RXT
20.89,20.89,20.81,20.81,19013,2021-05-24 19:50:00,RXT
20.8,20.85,20.8,20.84,27114,2021-05-24 19:55:00,RXT
20.83,20.83,20.83,20.83,80518,2021-05-24 20:00:00,RXT
20.9999,20.9999,20.9999,20.9999,101,2021-05-24 23:45:00,RXT
20.71,20.71,20.71,20.71,1400,2021-05-25 12:20:00,RXT
21.0,21.0,20.84,20.901,9274,2021-05-25 13:30:00,RXT
20.89,21.02,20.856,21.0,8918,2021-05-25 13:35:00,RXT
21.04,21.06,20.87,20.9,8160,2021-05-25 13:40:00,RXT
20.875,20.9383,20.84,20.89,3441,2021-05-25 13:45:00,RXT
20.89,20.89,20.81,20.82,4446,2021-05-25 13:50:00,RXT
20.84,20.9,20.82,20.9,4957,2021-05-25 13:55:00,RXT
20.89,20.92,20.85,20.88,4661,2021-05-25 14:00:00,RXT
20.89,20.99,20.87,20.98,5370,2021-05-25 14:05:00,RXT
20.98,21.02,20.97,21.01,18812,2021-05-25 14:10:00,RXT
21.01,21.02,20.965,21.01,18568,2021-05-25 14:15:00,RXT
21.0,21.01,20.985,21.01,9868,2021-05-25 14:20:00,RXT
21.01,21.02,20.985,21.0,7942,2021-05-25 14:25:00,RXT
20.995,20.995,20.88,20.94,4959,2021-05-25 14:30:00,RXT
20.96,21.0,20.96,21.0,2870,2021-05-25 14:35:00,RXT
21.0,21.0,20.92,20.98,5391,2021-05-25 14:40:00,RXT
20.99,20.99,20.96,20.97,2403,2021-05-25 14:45:00,RXT
20.97,20.98,20.93,20.975,6678,2021-05-25 14:50:00,RXT
20.99,20.99,20.97,20.97,2348,2021-05-25 14:55:00,RXT
20.96,20.97,20.9,20.9,7617,2021-05-25 15:00:00,RXT
20.9,20.92,20.88,20.92,10424,2021-05-25 15:05:00,RXT
20.9184,20.97,20.9184,20.97,1459,2021-05-25 15:10:00,RXT
20.97,20.98,20.89,20.9,4675,2021-05-25 15:15:00,RXT
20.9,20.91,20.89,20.91,1700,2021-05-25 15:20:00,RXT
20.91,20.91,20.84,20.86,4701,2021-05-25 15:25:00,RXT
20.86,20.865,20.77,20.8,8275,2021-05-25 15:30:00,RXT
20.81,20.81,20.75,20.76,6538,2021-05-25 15:35:00,RXT
20.79,20.79,20.77,20.79,2051,2021-05-25 15:40:00,RXT
20.785,20.81,20.785,20.81,1584,2021-05-25 15:45:00,RXT
20.81,20.825,20.78,20.79,3380,2021-05-25 15:50:00,RXT
20.82,20.835,20.79,20.835,3713,2021-05-25 15:55:00,RXT
20.84,20.84,20.81,20.84,2499,2021-05-25 16:00:00,RXT
20.85,20.865,20.84,20.845,4044,2021-05-25 16:05:00,RXT
20.85,20.86,20.82,20.84,2993,2021-05-25 16:10:00,RXT
20.83,20.84,20.8,20.8,4896,2021-05-25 16:15:00,RXT
20.819,20.85,20.819,20.845,2111,2021-05-25 16:20:00,RXT
20.84,20.87,20.84,20.8685,3514,2021-05-25 16:25:00,RXT
20.865,20.89,20.86,20.89,2769,2021-05-25 16:30:00,RXT
20.89,20.9,20.87,20.88,3279,2021-05-25 16:35:00,RXT
20.88,20.91,20.88,20.905,1379,2021-05-25 16:40:00,RXT
20.915,20.95,20.915,20.92,3441,2021-05-25 16:45:00,RXT
20.94,20.95,20.92,20.94,1441,2021-05-25 16:50:00,RXT
20.94,20.94,20.94,20.94,882,2021-05-25 16:55:00,RXT
20.94,20.95,20.93,20.94,1639,2021-05-25 17:00:00,RXT
20.94,20.98,20.93,20.97,4179,2021-05-25 17:05:00,RXT
20.975,21.01,20.975,21.01,9215,2021-05-25 17:10:00,RXT
21.01,21.01,20.93,20.96,7827,2021-05-25 17:15:00,RXT
20.96,21.0,20.96,21.0,3147,2021-05-25 17:20:00,RXT
21.005,21.005,20.96,20.97,3411,2021-05-25 17:25:00,RXT
20.97,20.97,20.965,20.965,1250,2021-05-25 17:30:00,RXT
20.96,20.965,20.95,20.96,2075,2021-05-25 17:35:00,RXT
20.96,20.97,20.94,20.96,2630,2021-05-25 17:40:00,RXT
20.97,20.97,20.96,20.96,701,2021-05-25 17:45:00,RXT
20.975,20.975,20.95,20.969,2242,2021-05-25 17:50:00,RXT
20.97,20.985,20.96,20.98,3294,2021-05-25 17:55:00,RXT
20.96,20.96,20.91,20.93,4211,2021-05-25 18:00:00,RXT
20.93,20.945,20.92,20.945,1341,2021-05-25 18:05:00,RXT
20.95,20.95,20.93,20.93,4557,2021-05-25 18:10:00,RXT
20.925,20.96,20.9,20.94,2732,2021-05-25 18:15:00,RXT
20.95,20.95,20.92,20.93,2159,2021-05-25 18:20:00,RXT
20.95,20.95,20.91,20.91,2940,2021-05-25 18:25:00,RXT
20.92,20.95,20.91,20.94,1600,2021-05-25 18:30:00,RXT
20.95,20.955,20.93,20.94,5295,2021-05-25 18:35:00,RXT
20.94,20.96,20.92,20.9486,3422,2021-05-25 18:40:00,RXT
20.93,20.935,20.91,20.91,1200,2021-05-25 18:45:00,RXT
20.91,20.915,20.88,20.88,4600,2021-05-25 18:50:00,RXT
20.9,20.91,20.88,20.88,1800,2021-05-25 18:55:00,RXT
20.88,20.88,20.83,20.85,4459,2021-05-25 19:00:00,RXT
20.85,20.87,20.83,20.83,3010,2021-05-25 19:05:00,RXT
20.84,20.87,20.83,20.84,1674,2021-05-25 19:10:00,RXT
20.84,20.855,20.84,20.85,800,2021-05-25 19:15:00,RXT
20.86,20.885,20.85,20.87,3981,2021-05-25 19:20:00,RXT
20.87,20.88,20.865,20.865,600,2021-05-25 19:25:00,RXT
20.86,20.865,20.82,20.82,5534,2021-05-25 19:30:00,RXT
20.83,20.87,20.83,20.86,7498,2021-05-25 19:35:00,RXT
20.85,20.88,20.85,20.88,2861,2021-05-25 19:40:00,RXT
20.8784,20.88,20.85,20.87,7408,2021-05-25 19:45:00,RXT
20.87,20.87,20.77,20.79,8918,2021-05-25 19:50:00,RXT
20.8062,20.85,20.79,20.82,22932,2021-05-25 19:55:00,RXT
20.82,20.82,20.82,20.82,288792,2021-05-25 20:00:00,RXT
21.15,21.15,21.15,21.15,3000,2021-05-26 13:25:00,RXT
20.88,20.98,20.85,20.905,6854,2021-05-26 13:30:00,RXT
20.9,20.98,20.89,20.9,2925,2021-05-26 13:35:00,RXT
20.95,21.0399,20.94,20.9752,5297,2021-05-26 13:40:00,RXT
20.979,21.01,20.94,20.95,8655,2021-05-26 13:45:00,RXT
21.01,21.02,20.9588,20.9588,7896,2021-05-26 13:50:00,RXT
20.9524,21.01,20.77,20.8254,16603,2021-05-26 13:55:00,RXT
20.82,20.83,20.72,20.72,7917,2021-05-26 14:00:00,RXT
20.7268,20.77,20.72,20.75,3308,2021-05-26 14:05:00,RXT
20.7428,20.755,20.73,20.75,10538,2021-05-26 14:10:00,RXT
20.7499,20.96,20.745,20.96,29789,2021-05-26 14:15:00,RXT
20.92,20.92,20.8617,20.9,1222,2021-05-26 14:20:00,RXT
20.905,20.95,20.905,20.93,2859,2021-05-26 14:25:00,RXT
20.9363,20.9401,20.92,20.925,2258,2021-05-26 14:30:00,RXT
20.9265,20.95,20.87,20.9,6325,2021-05-26 14:35:00,RXT
20.89,20.9,20.89,20.9,1700,2021-05-26 14:40:00,RXT
20.895,20.9,20.87,20.875,1750,2021-05-26 14:45:00,RXT
20.8616,20.9483,20.8616,20.92,3600,2021-05-26 14:50:00,RXT
20.92,20.92,20.875,20.89,2209,2021-05-26 14:55:00,RXT
20.89,20.9,20.86,20.86,2387,2021-05-26 15:00:00,RXT
20.88,20.89,20.815,20.84,3508,2021-05-26 15:05:00,RXT
20.83,20.85,20.8078,20.82,3031,2021-05-26 15:10:00,RXT
20.84,20.84,20.8,20.813,999,2021-05-26 15:15:00,RXT
20.81,20.83,20.77,20.77,2720,2021-05-26 15:20:00,RXT
20.78,20.8,20.76,20.78,1600,2021-05-26 15:25:00,RXT
20.785,20.8036,20.75,20.795,5610,2021-05-26 15:30:00,RXT
20.79,20.825,20.78,20.825,2020,2021-05-26 15:35:00,RXT
20.83,20.8324,20.81,20.82,3550,2021-05-26 15:40:00,RXT
20.825,20.84,20.79,20.79,4004,2021-05-26 15:45:00,RXT
20.78,20.8,20.78,20.78,8108,2021-05-26 15:50:00,RXT
20.78,20.8,20.78,20.78,3455,2021-05-26 15:55:00,RXT
20.78,20.806,20.78,20.78,4150,2021-05-26 16:00:00,RXT
20.79,20.85,20.785,20.83,25473,2021-05-26 16:05:00,RXT
20.841,20.8699,20.83,20.86,3866,2021-05-26 16:10:00,RXT
20.86,20.8684,20.82,20.84,2939,2021-05-26 16:15:00,RXT
20.84,20.84,20.77,20.785,13775,2021-05-26 16:20:00,RXT
20.8,20.82,20.785,20.81,3276,2021-05-26 16:25:00,RXT
20.8,20.81,20.79,20.8,2600,2021-05-26 16:30:00,RXT
20.8,20.8,20.77,20.77,6693,2021-05-26 16:35:00,RXT
20.77,20.78,20.76,20.78,1930,2021-05-26 16:40:00,RXT
20.77,20.78,20.76,20.76,1004,2021-05-26 16:45:00,RXT
20.77,20.78,20.74,20.7499,5305,2021-05-26 16:50:00,RXT
20.73,20.75,20.72,20.745,7650,2021-05-26 16:55:00,RXT
20.75,20.75,20.69,20.7,19958,2021-05-26 17:00:00,RXT
20.695,20.71,20.69,20.69,11178,2021-05-26 17:05:00,RXT
20.69,20.7,20.68,20.7,8391,2021-05-26 17:10:00,RXT
20.7,20.7,20.69,20.7,4900,2021-05-26 17:15:00,RXT
20.6924,20.78,20.69,20.72,27722,2021-05-26 17:20:00,RXT
20.73,20.74,20.72,20.735,2753,2021-05-26 17:25:00,RXT
20.72,20.735,20.7,20.735,2341,2021-05-26 17:30:00,RXT
20.741,20.741,20.72,20.72,1400,2021-05-26 17:35:00,RXT
20.74,20.775,20.73,20.775,6583,2021-05-26 17:40:00,RXT
20.78,20.78,20.73,20.75,2930,2021-05-26 17:45:00,RXT
20.7473,20.755,20.68,20.69,6816,2021-05-26 17:50:00,RXT
20.68,20.7,20.68,20.7,4796,2021-05-26 17:55:00,RXT
20.7,20.77,20.69,20.76,4891,2021-05-26 18:00:00,RXT
20.77,20.79,20.77,20.78,2887,2021-05-26 18:05:00,RXT
20.785,20.785,20.7619,20.7619,2695,2021-05-26 18:10:00,RXT
20.76,20.795,20.76,20.78,5754,2021-05-26 18:15:00,RXT
20.79,20.8,20.73,20.73,8159,2021-05-26 18:20:00,RXT
20.73,20.76,20.73,20.74,2702,2021-05-26 18:25:00,RXT
20.74,20.765,20.73,20.75,10375,2021-05-26 18:30:00,RXT
20.77,20.78,20.75,20.765,4123,2021-05-26 18:35:00,RXT
20.77,20.775,20.75,20.77,5585,2021-05-26 18:40:00,RXT
20.78,20.785,20.74,20.74,5400,2021-05-26 18:45:00,RXT
20.74,20.74,20.7,20.71,13467,2021-05-26 18:50:00,RXT
20.72,20.76,20.71,20.76,26616,2021-05-26 18:55:00,RXT
20.76,20.76,20.71,20.715,13895,2021-05-26 19:00:00,RXT
20.72,20.72,20.69,20.69,19041,2021-05-26 19:05:00,RXT
20.7,20.75,20.69,20.7,41260,2021-05-26 19:10:00,RXT
20.71,20.74,20.71,20.73,4296,2021-05-26 19:15:00,RXT
20.74,20.79,20.7,20.72,11476,2021-05-26 19:20:00,RXT
20.735,20.735,20.65,20.66,19166,2021-05-26 19:25:00,RXT
20.66,20.68,20.59,20.62,60894,2021-05-26 19:30:00,RXT
20.62,20.69,20.62,20.65,32998,2021-05-26 19:35:00,RXT
20.65,20.71,20.65,20.71,9146,2021-05-26 19:40:00,RXT
20.7023,20.71,20.63,20.67,19177,2021-05-26 19:45:00,RXT
20.66,20.67,20.59,20.605,32582,2021-05-26 19:50:00,RXT
20.61,20.67,20.57,20.64,39835,2021-05-26 19:55:00,RXT
20.66,20.66,20.66,20.66,47896,2021-05-26 20:00:00,RXT
20.66,20.66,20.66,20.66,195,2021-05-26 21:25:00,RXT
20.66,20.66,20.66,20.66,9738,2021-05-26 21:35:00,RXT
20.66,20.66,20.66,20.66,1000,2021-05-27 13:15:00,RXT
20.65,20.75,20.57,20.6119,11893,2021-05-27 13:30:00,RXT
20.7,20.7,20.52,20.61,29709,2021-05-27 13:35:00,RXT
20.6506,20.775,20.6,20.665,36785,2021-05-27 13:40:00,RXT
20.65,20.68,20.585,20.63,8101,2021-05-27 13:45:00,RXT
20.625,20.625,20.58,20.5937,22463,2021-05-27 13:50:00,RXT
20.6,20.75,20.58,20.743,45229,2021-05-27 13:55:00,RXT
20.75,20.89,20.7,20.815,24625,2021-05-27 14:00:00,RXT
20.81,20.9,20.81,20.87,5284,2021-05-27 14:05:00,RXT
20.9,20.95,20.89,20.95,7998,2021-05-27 14:10:00,RXT
20.95,21.01,20.9482,21.0,11226,2021-05-27 14:15:00,RXT
20.99,21.0,20.96,20.97,19194,2021-05-27 14:20:00,RXT
20.97,21.02,20.9601,21.01,19469,2021-05-27 14:25:00,RXT
21.01,21.03,20.97,20.985,25197,2021-05-27 14:30:00,RXT
20.9892,21.01,20.95,20.97,9379,2021-05-27 14:35:00,RXT
20.965,20.97,20.96,20.965,6378,2021-05-27 14:40:00,RXT
20.96,20.97,20.9287,20.965,7083,2021-05-27 14:45:00,RXT
20.96,20.96,20.91,20.93,2165,2021-05-27 14:50:00,RXT
20.94,20.97,20.94,20.965,9379,2021-05-27 14:55:00,RXT
20.97,20.97,20.955,20.955,2557,2021-05-27 15:00:00,RXT
20.96,21.0,20.96,20.99,3758,2021-05-27 15:05:00,RXT
21.0,21.0,20.96,20.97,3762,2021-05-27 15:10:00,RXT
20.9615,20.97,20.93,20.95,4371,2021-05-27 15:15:00,RXT
20.95,20.96,20.93,20.95,6608,2021-05-27 15:20:00,RXT
20.95,20.95,20.94,20.94,2854,2021-05-27 15:25:00,RXT
20.95,20.95,20.88,20.93,4653,2021-05-27 15:30:00,RXT
20.94,20.94,20.885,20.89,3651,2021-05-27 15:35:00,RXT
20.9,20.9,20.8999,20.9,700,2021-05-27 15:40:00,RXT
20.895,20.895,20.85,20.87,5627,2021-05-27 15:45:00,RXT
20.89,20.9,20.88,20.9,2269,2021-05-27 15:50:00,RXT
20.895,20.9,20.895,20.9,1000,2021-05-27 15:55:00,RXT
20.91,20.94,20.905,20.9057,4255,2021-05-27 16:00:00,RXT
20.93,20.93,20.91,20.925,1300,2021-05-27 16:05:00,RXT
20.93,20.94,20.9,20.94,4775,2021-05-27 16:10:00,RXT
20.95,20.96,20.94,20.96,3303,2021-05-27 16:15:00,RXT
20.975,20.99,20.975,20.98,2226,2021-05-27 16:20:00,RXT
20.973,20.99,20.97,20.97,5645,2021-05-27 16:25:00,RXT
20.98,20.98,20.97,20.97,1000,2021-05-27 16:30:00,RXT
20.974,21.01,20.97,21.01,11449,2021-05-27 16:35:00,RXT
21.0,21.02,20.98,20.98,3780,2021-05-27 16:40:00,RXT
20.98,21.01,20.98,21.01,5728,2021-05-27 16:45:00,RXT
21.01,21.018,21.0,21.015,3700,2021-05-27 16:50:00,RXT
21.0194,21.0395,21.01,21.0395,6448,2021-05-27 16:55:00,RXT
21.04,21.06,21.01,21.02,13052,2021-05-27 17:00:00,RXT
21.025,21.025,21.01,21.02,3034,2021-05-27 17:05:00,RXT
21.03,21.05,21.01,21.02,6049,2021-05-27 17:10:00,RXT
21.015,21.04,21.015,21.025,1649,2021-05-27 17:15:00,RXT
21.03,21.03,21.01,21.02,2771,2021-05-27 17:20:00,RXT
21.02,21.03,21.0101,21.03,1748,2021-05-27 17:25:00,RXT
21.02,21.0446,21.02,21.04,3155,2021-05-27 17:30:00,RXT
21.04,21.055,21.01,21.02,4800,2021-05-27 17:35:00,RXT
21.02,21.04,21.02,21.03,1900,2021-05-27 17:40:00,RXT
21.04,21.05,21.02,21.05,2300,2021-05-27 17:45:00,RXT
21.05,21.06,21.05,21.05,2902,2021-05-27 17:50:00,RXT
21.05,21.06,21.0437,21.05,4450,2021-05-27 17:55:00,RXT
21.06,21.07,21.01,21.01,6694,2021-05-27 18:00:00,RXT
21.01,21.01,20.96,20.96,3793,2021-05-27 18:05:00,RXT
20.975,20.975,20.95,20.965,2645,2021-05-27 18:10:00,RXT
20.965,20.975,20.965,20.975,1300,2021-05-27 18:15:00,RXT
20.973,20.99,20.97,20.97,1200,2021-05-27 18:20:00,RXT
20.99,21.01,20.98,21.01,2376,2021-05-27 18:25:00,RXT
21.01,21.02,20.99,21.005,5207,2021-05-27 18:30:00,RXT
21.01,21.02,20.97,20.97,4160,2021-05-27 18:35:00,RXT
20.97,20.99,20.97,20.98,939,2021-05-27 18:40:00,RXT
20.99,21.0,20.98,20.99,2250,2021-05-27 18:45:00,RXT
20.99,21.01,20.96,20.99,5987,2021-05-27 18:50:00,RXT
20.99,21.01,20.975,21.01,4076,2021-05-27 18:55:00,RXT
20.99,21.0,20.95,20.95,1223,2021-05-27 19:00:00,RXT
20.95,20.9842,20.93,20.94,1920,2021-05-27 19:05:00,RXT
20.9241,20.94,20.92,20.94,1800,2021-05-27 19:10:00,RXT
20.93,20.935,20.925,20.935,1960,2021-05-27 19:15:00,RXT
20.92,20.94,20.87,20.87,4124,2021-05-27 19:20:00,RXT
20.86,20.89,20.85,20.85,3035,2021-05-27 19:25:00,RXT
20.85,20.92,20.84,20.9,9721,2021-05-27 19:30:00,RXT
20.91,20.955,20.91,20.945,5977,2021-05-27 19:35:00,RXT
20.95,20.97,20.925,20.96,6011,2021-05-27 19:40:00,RXT
20.97,20.975,20.945,20.965,12140,2021-05-27 19:45:00,RXT
20.98,21.07,20.97,21.03,55424,2021-05-27 19:50:00,RXT
21.08,21.08,20.99,21.0,61169,2021-05-27 19:55:00,RXT
21.0,21.01,21.0,21.01,380693,2021-05-27 20:00:00,RXT
21.01,21.01,21.01,21.01,1000,2021-05-27 20:15:00,RXT
21.01,21.01,21.01,21.01,5280,2021-05-27 21:20:00,RXT
20.704,20.704,20.704,20.704,150,2021-05-28 12:15:00,RXT
21.1,21.15,20.86,20.945,29985,2021-05-28 13:30:00,RXT
21.03,21.03,20.95,20.99,5112,2021-05-28 13:35:00,RXT
20.99,21.03,20.91,20.97,5177,2021-05-28 13:40:00,RXT
20.97,21.03,20.97,21.03,7459,2021-05-28 13:45:00,RXT
21.01,21.03,20.99,21.01,4570,2021-05-28 13:50:00,RXT
21.01,21.02,20.97,20.97,8763,2021-05-28 13:55:00,RXT
20.96,20.97,20.91,20.93,1750,2021-05-28 14:00:00,RXT
20.959,20.99,20.94,20.9798,7785,2021-05-28 14:05:00,RXT
20.99,20.9999,20.98,20.9999,600,2021-05-28 14:10:00,RXT
20.98,20.985,20.83,20.83,5360,2021-05-28 14:15:00,RXT
20.835,20.835,20.79,20.8,1463,2021-05-28 14:20:00,RXT
20.8,20.81,20.71,20.7146,5347,2021-05-28 14:25:00,RXT
20.7433,20.83,20.7433,20.82,6404,2021-05-28 14:30:00,RXT
20.81,20.82,20.81,20.82,1100,2021-05-28 14:35:00,RXT
20.82,20.84,20.81,20.84,2468,2021-05-28 14:40:00,RXT
20.86,20.86,20.79,20.79,1541,2021-05-28 14:45:00,RXT
20.7907,20.7907,20.74,20.74,2261,2021-05-28 14:50:00,RXT
20.74,20.74,20.72,20.72,699,2021-05-28 14:55:00,RXT
20.74,20.78,20.737,20.77,2050,2021-05-28 15:00:00,RXT
20.785,20.805,20.785,20.805,1814,2021-05-28 15:05:00,RXT
20.82,20.82,20.7837,20.79,2068,2021-05-28 15:10:00,RXT
20.79,20.79,20.79,20.79,900,2021-05-28 15:15:00,RXT
20.79,20.8,20.73,20.77,5952,2021-05-28 15:20:00,RXT
20.75,20.76,20.6,20.61,7383,2021-05-28 15:25:00,RXT
20.635,20.66,20.52,20.585,10391,2021-05-28 15:30:00,RXT
20.6,20.62,20.55,20.56,3374,2021-05-28 15:35:00,RXT
20.56,20.59,20.47,20.48,6919,2021-05-28 15:40:00,RXT
20.495,20.5151,20.495,20.5,3886,2021-05-28 15:45:00,RXT
20.5,20.5,20.42,20.455,6485,2021-05-28 15:50:00,RXT
20.46,20.47,20.44,20.4638,3232,2021-05-28 15:55:00,RXT
20.44,20.47,20.44,20.4413,5549,2021-05-28 16:00:00,RXT
20.455,20.54,20.455,20.52,17799,2021-05-28 16:05:00,RXT
20.51,20.56,20.51,20.5518,15784,2021-05-28 16:10:00,RXT
20.545,20.55,20.52,20.52,6393,2021-05-28 16:15:00,RXT
20.535,20.535,20.48,20.48,7308,2021-05-28 16:20:00,RXT
20.4801,20.51,20.47,20.505,7617,2021-05-28 16:25:00,RXT
20.505,20.53,20.495,20.525,10091,2021-05-28 16:30:00,RXT
20.525,20.53,20.5,20.51,9155,2021-05-28 16:35:00,RXT
20.51,20.52,20.5,20.51,5841,2021-05-28 16:40:00,RXT
20.5,20.52,20.49,20.49,7125,2021-05-28 16:45:00,RXT
20.495,20.53,20.495,20.52,6187,2021-05-28 16:50:00,RXT
20.525,20.53,20.47,20.47,7306,2021-05-28 16:55:00,RXT
20.48,20.535,20.47,20.535,6829,2021-05-28 17:00:00,RXT
20.535,20.58,20.535,20.56,4626,2021-05-28 17:05:00,RXT
20.58,20.6,20.56,20.5943,3680,2021-05-28 17:10:00,RXT
20.59,20.62,20.57,20.57,3153,2021-05-28 17:15:00,RXT
20.58,20.58,20.56,20.56,1582,2021-05-28 17:20:00,RXT
20.57,20.585,20.55,20.585,2321,2021-05-28 17:25:00,RXT
20.585,20.585,20.53,20.53,2490,2021-05-28 17:30:00,RXT
20.53,20.54,20.525,20.525,3081,2021-05-28 17:35:00,RXT
20.51,20.51,20.49,20.49,9359,2021-05-28 17:40:00,RXT
20.49,20.51,20.48,20.5,3430,2021-05-28 17:45:00,RXT
20.5,20.53,20.47,20.47,5244,2021-05-28 17:50:00,RXT
20.47,20.47,20.44,20.44,11742,2021-05-28 17:55:00,RXT
20.445,20.46,20.39,20.39,6298,2021-05-28 18:00:00,RXT
20.39,20.39,20.35,20.38,16834,2021-05-28 18:05:00,RXT
20.39,20.4,20.38,20.385,4245,2021-05-28 18:10:00,RXT
20.39,20.4,20.38,20.38,4162,2021-05-28 18:15:00,RXT
20.39,20.4,20.38,20.395,3320,2021-05-28 18:20:00,RXT
20.395,20.41,20.39,20.41,1981,2021-05-28 18:25:00,RXT
20.42,20.42,20.355,20.37,7922,2021-05-28 18:30:00,RXT
20.37,20.39,20.365,20.39,3165,2021-05-28 18:35:00,RXT
20.39,20.42,20.38,20.4,4810,2021-05-28 18:40:00,RXT
20.4,20.41,20.4,20.41,2759,2021-05-28 18:45:00,RXT
20.4,20.4,20.36,20.37,11645,2021-05-28 18:50:00,RXT
20.37,20.39,20.36,20.36,4574,2021-05-28 18:55:00,RXT
20.36,20.37,20.35,20.36,9268,2021-05-28 19:00:00,RXT
20.36,20.37,20.35,20.36,9579,2021-05-28 19:05:00,RXT
20.36,20.36,20.31,20.31,6607,2021-05-28 19:10:00,RXT
20.31,20.31,20.25,20.3,15089,2021-05-28 19:15:00,RXT
20.29,20.3,20.27,20.28,5365,2021-05-28 19:20:00,RXT
20.3,20.3,20.26,20.28,6644,2021-05-28 19:25:00,RXT
20.27,20.28,20.25,20.27,11874,2021-05-28 19:30:00,RXT
20.275,20.35,20.27,20.34,23427,2021-05-28 19:35:00,RXT
20.35,20.35,20.31,20.31,11503,2021-05-28 19:40:00,RXT
20.3118,20.3118,20.26,20.26,22473,2021-05-28 19:45:00,RXT
20.265,20.27,20.2,20.205,32101,2021-05-28 19:50:00,RXT
20.21,20.23,20.15,20.21,63271,2021-05-28 19:55:00,RXT
20.18,20.18,20.18,20.18,381190,2021-05-28 20:00:00,RXT
20.19,20.19,20.19,20.19,200,2021-05-28 20:35:00,RXT
20.18,20.18,20.18,20.18,1587,2021-05-28 20:40:00,RXT
20.22,20.22,20.22,20.22,100,2021-05-28 21:10:00,RXT
20.2499,20.2499,20.2499,20.2499,300,2021-05-28 21:15:00,RXT
20.24,20.24,20.24,20.24,200,2021-05-28 21:20:00,RXT
