open,high,low,close,volume,datetime,symbol
30.75,30.75,30.34,30.34,648,2022-04-01 12:06:00,XP
30.49,30.49,30.49,30.49,219,2022-04-01 12:07:00,XP
30.42,30.42,30.4,30.4,300,2022-04-01 12:31:00,XP
30.29,30.3,30.29,30.3,235,2022-04-01 12:45:00,XP
30.48,30.48,30.48,30.48,100,2022-04-01 12:58:00,XP
30.58,30.59,30.56,30.59,800,2022-04-01 13:03:00,XP
30.67,30.67,30.56,30.56,500,2022-04-01 13:04:00,XP
30.54,30.6,30.5,30.58,2640,2022-04-01 13:05:00,XP
30.57,30.63,29.865,30.62,2540,2022-04-01 13:06:00,XP
30.62,30.66,30.62,30.62,1601,2022-04-01 13:07:00,XP
30.87,30.87,30.83,30.83,917,2022-04-01 13:08:00,XP
30.9,30.9,30.89,30.89,500,2022-04-01 13:09:00,XP
30.85,30.9,30.84,30.9,600,2022-04-01 13:11:00,XP
30.88,30.88,30.88,30.88,212,2022-04-01 13:15:00,XP
30.61,30.62,30.52,30.52,869,2022-04-01 13:28:00,XP
30.51,30.51,30.51,30.51,400,2022-04-01 13:29:00,XP
30.52,30.79,30.43,30.74,29238,2022-04-01 13:30:00,XP
30.72,30.735,30.54,30.635,3613,2022-04-01 13:31:00,XP
30.67,30.72,30.53,30.59,64276,2022-04-01 13:32:00,XP
30.54,30.8,30.53,30.8,17031,2022-04-01 13:33:00,XP
30.83,30.92,30.83,30.89,1300,2022-04-01 13:34:00,XP
30.92,30.95,30.75,30.795,7933,2022-04-01 13:35:00,XP
30.85,30.9,30.85,30.89,400,2022-04-01 13:36:00,XP
30.88,30.9,30.79,30.88,13615,2022-04-01 13:37:00,XP
30.86,30.86,30.83,30.83,200,2022-04-01 13:38:00,XP
30.84,30.88,30.8,30.83,3518,2022-04-01 13:39:00,XP
30.79,30.83,30.79,30.79,4433,2022-04-01 13:40:00,XP
30.86,30.87,30.825,30.87,1005,2022-04-01 13:41:00,XP
30.88,30.99,30.84,30.89,24897,2022-04-01 13:42:00,XP
30.89,30.925,30.83,30.83,10023,2022-04-01 13:43:00,XP
30.845,30.845,30.78,30.78,3956,2022-04-01 13:44:00,XP
30.83,30.83,30.75,30.75,3325,2022-04-01 13:45:00,XP
30.73,30.73,30.55,30.55,17564,2022-04-01 13:46:00,XP
30.6,30.6,30.47,30.47,8150,2022-04-01 13:47:00,XP
30.48,30.515,30.47,30.47,6497,2022-04-01 13:48:00,XP
30.47,30.515,30.36,30.38,4156,2022-04-01 13:49:00,XP
30.37,30.44,30.365,30.37,16617,2022-04-01 13:50:00,XP
30.37,30.395,30.36,30.36,5956,2022-04-01 13:51:00,XP
30.37,30.38,30.18,30.2,8094,2022-04-01 13:52:00,XP
30.2,30.2,30.14,30.14,11834,2022-04-01 13:53:00,XP
30.14,30.17,30.12,30.13,2861,2022-04-01 13:54:00,XP
30.13,30.22,30.13,30.21,31674,2022-04-01 13:55:00,XP
30.21,30.28,30.21,30.25,47184,2022-04-01 13:56:00,XP
30.245,30.365,30.245,30.365,8150,2022-04-01 13:57:00,XP
30.365,30.37,30.28,30.28,6970,2022-04-01 13:58:00,XP
30.31,30.31,30.26,30.26,5006,2022-04-01 13:59:00,XP
30.26,30.32,30.25,30.32,8980,2022-04-01 14:00:00,XP
30.3,30.32,30.25,30.26,3188,2022-04-01 14:01:00,XP
30.25,30.35,30.25,30.345,11774,2022-04-01 14:02:00,XP
30.38,30.39,30.32,30.32,5500,2022-04-01 14:03:00,XP
30.29,30.39,30.29,30.35,12150,2022-04-01 14:04:00,XP
30.35,30.39,30.28,30.37,8841,2022-04-01 14:05:00,XP
30.37,30.4,30.29,30.29,5859,2022-04-01 14:06:00,XP
30.28,30.31,30.19,30.19,6435,2022-04-01 14:07:00,XP
30.24,30.37,30.24,30.32,8295,2022-04-01 14:08:00,XP
30.35,30.48,30.33,30.48,5170,2022-04-01 14:09:00,XP
30.491,30.491,30.491,30.491,174,2022-04-01 14:10:00,XP
30.6,30.61,30.57,30.57,3776,2022-04-01 14:11:00,XP
30.58,30.59,30.55,30.555,1427,2022-04-01 14:12:00,XP
30.54,30.6,30.52,30.565,7211,2022-04-01 14:13:00,XP
30.565,30.6,30.55,30.57,4463,2022-04-01 14:14:00,XP
30.575,30.6,30.54,30.57,2345,2022-04-01 14:15:00,XP
30.5751,30.59,30.49,30.49,8034,2022-04-01 14:16:00,XP
30.47,30.56,30.47,30.54,5491,2022-04-01 14:17:00,XP
30.55,30.57,30.53,30.57,2550,2022-04-01 14:18:00,XP
30.55,30.56,30.48,30.55,7074,2022-04-01 14:19:00,XP
30.57,30.63,30.57,30.6,3750,2022-04-01 14:20:00,XP
30.56,30.5699,30.51,30.53,2276,2022-04-01 14:21:00,XP
30.53,30.61,30.51,30.595,23206,2022-04-01 14:22:00,XP
30.59,30.61,30.59,30.6,300,2022-04-01 14:23:00,XP
30.57,30.62,30.54,30.59,9219,2022-04-01 14:24:00,XP
30.62,30.63,30.6,30.63,2500,2022-04-01 14:25:00,XP
30.63,30.695,30.63,30.695,6010,2022-04-01 14:26:00,XP
30.7,30.76,30.67,30.76,6769,2022-04-01 14:27:00,XP
30.76,30.79,30.74,30.755,3502,2022-04-01 14:28:00,XP
30.7607,30.7607,30.73,30.73,2348,2022-04-01 14:29:00,XP
30.73,30.835,30.73,30.835,14310,2022-04-01 14:30:00,XP
30.835,30.86,30.81,30.86,4090,2022-04-01 14:31:00,XP
30.84,30.86,30.8,30.84,7830,2022-04-01 14:32:00,XP
30.8,30.85,30.8,30.8,9341,2022-04-01 14:33:00,XP
30.83,30.905,30.83,30.9,10113,2022-04-01 14:34:00,XP
30.905,30.93,30.8801,30.9,12570,2022-04-01 14:35:00,XP
30.9016,30.92,30.85,30.855,12580,2022-04-01 14:36:00,XP
30.87,30.9,30.82,30.82,9588,2022-04-01 14:37:00,XP
30.82,30.83,30.76,30.79,2298,2022-04-01 14:38:00,XP
30.76,30.82,30.76,30.79,5443,2022-04-01 14:39:00,XP
30.79,30.84,30.77,30.82,5271,2022-04-01 14:40:00,XP
30.83,30.84,30.75,30.75,12713,2022-04-01 14:41:00,XP
30.77,30.85,30.75,30.85,7356,2022-04-01 14:42:00,XP
30.85,31.0,30.85,31.0,30458,2022-04-01 14:43:00,XP
31.0,31.04,30.98,31.02,9168,2022-04-01 14:44:00,XP
31.02,31.05,30.98,30.985,4834,2022-04-01 14:45:00,XP
31.01,31.03,30.97,31.03,4226,2022-04-01 14:46:00,XP
31.0,31.09,31.0,31.08,8609,2022-04-01 14:47:00,XP
31.09,31.13,31.06,31.13,5767,2022-04-01 14:48:00,XP
31.115,31.12,31.05,31.09,5607,2022-04-01 14:49:00,XP
31.08,31.1,31.08,31.09,4332,2022-04-01 14:50:00,XP
31.1,31.19,31.09,31.18,10663,2022-04-01 14:51:00,XP
31.17,31.2,31.14,31.14,11415,2022-04-01 14:52:00,XP
31.14,31.14,31.07,31.07,7444,2022-04-01 14:53:00,XP
31.085,31.1,31.07,31.07,4600,2022-04-01 14:54:00,XP
31.08,31.1,31.07,31.08,4800,2022-04-01 14:55:00,XP
31.09,31.1,31.07,31.08,13676,2022-04-01 14:56:00,XP
31.08,31.125,31.08,31.11,13795,2022-04-01 14:57:00,XP
31.11,31.125,31.08,31.09,14475,2022-04-01 14:58:00,XP
31.1,31.105,31.08,31.1,6557,2022-04-01 14:59:00,XP
31.1,31.12,31.08,31.08,10865,2022-04-01 15:00:00,XP
31.08,31.185,31.08,31.185,13567,2022-04-01 15:01:00,XP
31.185,31.23,31.17,31.23,3411,2022-04-01 15:02:00,XP
31.25,31.29,31.225,31.29,3330,2022-04-01 15:03:00,XP
31.27,31.31,31.26,31.27,6448,2022-04-01 15:04:00,XP
31.29,31.29,31.2,31.27,4739,2022-04-01 15:05:00,XP
31.255,31.28,31.22,31.28,1720,2022-04-01 15:06:00,XP
31.255,31.28,31.2,31.22,8317,2022-04-01 15:07:00,XP
31.22,31.27,31.22,31.235,8424,2022-04-01 15:08:00,XP
31.26,31.27,31.22,31.27,1460,2022-04-01 15:09:00,XP
31.26,31.28,31.24,31.25,4493,2022-04-01 15:10:00,XP
31.27,31.27,31.22,31.24,5382,2022-04-01 15:11:00,XP
31.22,31.25,31.21,31.24,2387,2022-04-01 15:12:00,XP
31.225,31.25,31.22,31.22,2160,2022-04-01 15:13:00,XP
31.23,31.25,31.21,31.24,5916,2022-04-01 15:14:00,XP
31.23,31.23,31.15,31.21,9477,2022-04-01 15:15:00,XP
31.21,31.23,31.2,31.2,619,2022-04-01 15:16:00,XP
31.23,31.24,31.22,31.22,1900,2022-04-01 15:17:00,XP
31.25,31.28,31.23,31.245,5392,2022-04-01 15:18:00,XP
31.24,31.25,31.21,31.21,7892,2022-04-01 15:19:00,XP
31.21,31.22,31.18,31.22,10308,2022-04-01 15:20:00,XP
31.2,31.22,31.2,31.21,2200,2022-04-01 15:21:00,XP
31.22,31.23,31.2,31.22,4187,2022-04-01 15:22:00,XP
31.21,31.22,31.145,31.145,5985,2022-04-01 15:23:00,XP
31.15,31.18,31.14,31.18,4006,2022-04-01 15:24:00,XP
31.165,31.18,31.14,31.15,3333,2022-04-01 15:25:00,XP
31.15,31.18,31.1175,31.125,4566,2022-04-01 15:26:00,XP
31.14,31.14,31.06,31.0794,4157,2022-04-01 15:27:00,XP
31.08,31.1,31.051,31.09,47080,2022-04-01 15:28:00,XP
31.11,31.11,31.06,31.08,4023,2022-04-01 15:29:00,XP
31.08,31.09,31.0,31.0,6334,2022-04-01 15:30:00,XP
30.97,31.02,30.94,30.94,2700,2022-04-01 15:31:00,XP
30.9,30.93,30.89,30.91,7507,2022-04-01 15:32:00,XP
30.93,30.96,30.89,30.9,16097,2022-04-01 15:33:00,XP
30.93,30.93,30.8,30.9,53691,2022-04-01 15:34:00,XP
30.9,30.92,30.89,30.9,11180,2022-04-01 15:35:00,XP
30.9,30.96,30.9,30.96,10752,2022-04-01 15:36:00,XP
30.93,30.94,30.92,30.93,6088,2022-04-01 15:37:00,XP
30.94,30.98,30.94,30.96,4365,2022-04-01 15:38:00,XP
30.95,31.0,30.95,30.98,6714,2022-04-01 15:39:00,XP
30.975,30.975,30.95,30.97,3594,2022-04-01 15:40:00,XP
30.96,31.0,30.94,30.975,3687,2022-04-01 15:41:00,XP
30.96,30.99,30.96,30.96,2984,2022-04-01 15:42:00,XP
30.98,30.99,30.95,30.98,4831,2022-04-01 15:43:00,XP
30.98,31.02,30.98,31.0,4821,2022-04-01 15:44:00,XP
31.01,31.02,30.98,30.98,3272,2022-04-01 15:45:00,XP
30.98,31.0,30.96,30.97,1579,2022-04-01 15:46:00,XP
30.98,31.05,30.97,31.035,4668,2022-04-01 15:47:00,XP
31.035,31.04,30.99,30.99,4950,2022-04-01 15:48:00,XP
30.96,30.98,30.94,30.955,4920,2022-04-01 15:49:00,XP
30.94,30.98,30.94,30.98,3517,2022-04-01 15:50:00,XP
30.98,31.0,30.96,30.97,5975,2022-04-01 15:51:00,XP
31.01,31.01,30.95,30.97,5200,2022-04-01 15:52:00,XP
31.0,31.0,30.97,30.9867,3955,2022-04-01 15:53:00,XP
30.99,31.01,30.97,31.0,4524,2022-04-01 15:54:00,XP
30.98,30.98,30.895,30.9,3127,2022-04-01 15:55:00,XP
30.9,31.0,30.87,30.94,58293,2022-04-01 15:56:00,XP
30.92,30.93,30.84,30.85,4868,2022-04-01 15:57:00,XP
30.84,30.86,30.73,30.73,6073,2022-04-01 15:58:00,XP
30.75,30.85,30.75,30.78,18681,2022-04-01 15:59:00,XP
30.81,30.85,30.79,30.81,14515,2022-04-01 16:00:00,XP
30.82,30.88,30.82,30.85,43986,2022-04-01 16:01:00,XP
30.84,30.85,30.82,30.825,4394,2022-04-01 16:02:00,XP
30.81,30.81,30.77,30.79,2560,2022-04-01 16:03:00,XP
30.81,30.81,30.73,30.75,4788,2022-04-01 16:04:00,XP
30.73,30.77,30.7,30.77,4443,2022-04-01 16:05:00,XP
30.755,30.77,30.74,30.76,3938,2022-04-01 16:06:00,XP
30.77,30.8,30.74,30.795,4726,2022-04-01 16:07:00,XP
30.8,30.81,30.76,30.78,2637,2022-04-01 16:08:00,XP
30.79,30.85,30.79,30.845,8686,2022-04-01 16:09:00,XP
30.85,30.9,30.85,30.9,3560,2022-04-01 16:10:00,XP
30.9,30.9,30.86,30.88,3129,2022-04-01 16:11:00,XP
30.88,30.89,30.86,30.86,2500,2022-04-01 16:12:00,XP
30.87,30.93,30.87,30.93,2749,2022-04-01 16:13:00,XP
30.95,30.95,30.89,30.94,3437,2022-04-01 16:14:00,XP
30.92,30.94,30.9,30.9,3608,2022-04-01 16:15:00,XP
30.88,30.89,30.86,30.87,5014,2022-04-01 16:16:00,XP
30.89,30.91,30.88,30.9,6434,2022-04-01 16:17:00,XP
30.875,30.9,30.87,30.87,2121,2022-04-01 16:18:00,XP
30.89,30.91,30.88,30.8875,2887,2022-04-01 16:19:00,XP
30.895,30.91,30.88,30.89,4005,2022-04-01 16:20:00,XP
30.89,30.92,30.89,30.91,1000,2022-04-01 16:21:00,XP
30.9,30.94,30.9,30.91,1373,2022-04-01 16:22:00,XP
30.91,30.94,30.9,30.91,1539,2022-04-01 16:23:00,XP
30.9,30.9,30.85,30.86,2832,2022-04-01 16:24:00,XP
30.85,30.87,30.85,30.87,3157,2022-04-01 16:25:00,XP
30.87,30.87,30.83,30.83,1725,2022-04-01 16:26:00,XP
30.85,30.85,30.79,30.79,9100,2022-04-01 16:27:00,XP
30.79,30.8,30.77,30.78,2972,2022-04-01 16:28:00,XP
30.78,30.83,30.78,30.815,4006,2022-04-01 16:29:00,XP
30.815,30.83,30.79,30.79,3052,2022-04-01 16:30:00,XP
30.79,30.8,30.78,30.78,2697,2022-04-01 16:31:00,XP
30.78,30.815,30.77,30.8,4840,2022-04-01 16:32:00,XP
30.8,30.81,30.77,30.805,2500,2022-04-01 16:33:00,XP
30.8,30.82,30.8,30.81,4626,2022-04-01 16:34:00,XP
30.8,30.8,30.77,30.785,3068,2022-04-01 16:35:00,XP
30.8,30.82,30.785,30.8,3943,2022-04-01 16:36:00,XP
30.8,30.82,30.79,30.82,1534,2022-04-01 16:37:00,XP
30.8,30.8,30.78,30.78,3269,2022-04-01 16:38:00,XP
30.8,30.82,30.8,30.81,3306,2022-04-01 16:39:00,XP
30.8,30.82,30.8,30.8,1965,2022-04-01 16:40:00,XP
30.79,30.81,30.78,30.795,2200,2022-04-01 16:41:00,XP
30.78,30.83,30.78,30.83,2039,2022-04-01 16:42:00,XP
30.8,30.85,30.8,30.84,5039,2022-04-01 16:43:00,XP
30.86,30.91,30.85,30.91,2384,2022-04-01 16:44:00,XP
30.895,30.93,30.895,30.9286,4471,2022-04-01 16:45:00,XP
30.915,30.95,30.9,30.95,3555,2022-04-01 16:46:00,XP
30.935,30.98,30.935,30.965,3700,2022-04-01 16:47:00,XP
30.965,30.98,30.965,30.98,3493,2022-04-01 16:48:00,XP
30.97,30.98,30.92,30.95,4385,2022-04-01 16:49:00,XP
30.96,30.98,30.94,30.96,5468,2022-04-01 16:50:00,XP
30.94,30.95,30.93,30.93,3138,2022-04-01 16:51:00,XP
30.95,30.98,30.935,30.98,5703,2022-04-01 16:52:00,XP
30.975,31.0,30.97,30.97,5037,2022-04-01 16:53:00,XP
30.99,30.99,30.95,30.95,3684,2022-04-01 16:54:00,XP
30.95,30.96,30.93,30.95,1724,2022-04-01 16:55:00,XP
30.96,30.98,30.95,30.96,4813,2022-04-01 16:56:00,XP
30.95,30.95,30.93,30.94,4112,2022-04-01 16:57:00,XP
30.94,30.96,30.94,30.96,2800,2022-04-01 16:58:00,XP
30.95,30.99,30.95,30.975,3307,2022-04-01 16:59:00,XP
30.99,30.99,30.93,30.93,5967,2022-04-01 17:00:00,XP
30.93,30.93,30.91,30.91,1957,2022-04-01 17:01:00,XP
30.92,30.93,30.91,30.93,5118,2022-04-01 17:02:00,XP
30.91,30.94,30.91,30.91,2992,2022-04-01 17:03:00,XP
30.91,30.92,30.9,30.9,3600,2022-04-01 17:04:00,XP
30.9,30.91,30.88,30.88,2550,2022-04-01 17:05:00,XP
30.88,30.9,30.88,30.895,2772,2022-04-01 17:06:00,XP
30.9,30.92,30.89,30.915,3100,2022-04-01 17:07:00,XP
30.915,30.96,30.915,30.96,7313,2022-04-01 17:08:00,XP
30.96,30.97,30.94,30.95,3977,2022-04-01 17:09:00,XP
30.935,30.95,30.91,30.93,6960,2022-04-01 17:10:00,XP
30.925,30.94,30.9,30.92,3069,2022-04-01 17:11:00,XP
30.9,30.91,30.89,30.9,4675,2022-04-01 17:12:00,XP
30.895,30.92,30.89,30.92,3877,2022-04-01 17:13:00,XP
30.905,30.91,30.88,30.88,3062,2022-04-01 17:14:00,XP
30.86,30.87,30.85,30.85,4072,2022-04-01 17:15:00,XP
30.865,30.88,30.82,30.84,1813,2022-04-01 17:16:00,XP
30.85,30.88,30.83,30.875,3896,2022-04-01 17:17:00,XP
30.88,30.88,30.86,30.88,800,2022-04-01 17:18:00,XP
30.87,30.9,30.87,30.9,2200,2022-04-01 17:19:00,XP
30.885,30.9,30.87,30.875,3266,2022-04-01 17:20:00,XP
30.875,30.89,30.86,30.87,4900,2022-04-01 17:21:00,XP
30.86,30.88,30.86,30.88,500,2022-04-01 17:22:00,XP
30.9,30.94,30.895,30.94,2999,2022-04-01 17:23:00,XP
30.93,30.94,30.91,30.925,2566,2022-04-01 17:24:00,XP
30.92,30.93,30.91,30.91,6799,2022-04-01 17:25:00,XP
30.91,30.93,30.9,30.9,1994,2022-04-01 17:26:00,XP
30.915,30.93,30.9,30.92,4958,2022-04-01 17:27:00,XP
30.93,30.97,30.92,30.97,4055,2022-04-01 17:28:00,XP
30.97,30.97,30.94,30.97,3570,2022-04-01 17:29:00,XP
30.97,30.98,30.95,30.98,5800,2022-04-01 17:30:00,XP
30.97,31.0,30.96,30.99,4199,2022-04-01 17:31:00,XP
31.0,31.0,30.95,30.95,1973,2022-04-01 17:32:00,XP
30.95,30.95,30.93,30.94,3492,2022-04-01 17:33:00,XP
30.95,30.95,30.92,30.925,2800,2022-04-01 17:34:00,XP
30.925,30.95,30.925,30.95,2586,2022-04-01 17:35:00,XP
30.93,30.95,30.93,30.94,2607,2022-04-01 17:36:00,XP
30.94,30.97,30.93,30.97,4627,2022-04-01 17:37:00,XP
30.95,30.99,30.95,30.97,7555,2022-04-01 17:38:00,XP
30.97,31.01,30.97,30.995,12150,2022-04-01 17:39:00,XP
31.01,31.02,30.98,31.0,7482,2022-04-01 17:40:00,XP
31.01,31.03,30.98,31.02,16235,2022-04-01 17:41:00,XP
31.01,31.05,31.01,31.05,6742,2022-04-01 17:42:00,XP
31.0275,31.05,31.0275,31.04,7280,2022-04-01 17:43:00,XP
31.03,31.04,31.005,31.02,10254,2022-04-01 17:44:00,XP
30.99,30.99,30.91,30.92,5153,2022-04-01 17:45:00,XP
30.91,30.94,30.8575,30.93,9429,2022-04-01 17:46:00,XP
30.91,30.94,30.87,30.87,5063,2022-04-01 17:47:00,XP
30.89,30.9,30.84,30.84,6538,2022-04-01 17:48:00,XP
30.85,30.88,30.84,30.87,7625,2022-04-01 17:49:00,XP
30.85,30.86,30.84,30.84,5232,2022-04-01 17:50:00,XP
30.85,30.85,30.8,30.83,6798,2022-04-01 17:51:00,XP
30.82,30.85,30.81,30.83,7556,2022-04-01 17:52:00,XP
30.84,30.86,30.82,30.86,5420,2022-04-01 17:53:00,XP
30.84,30.84,30.76,30.79,9556,2022-04-01 17:54:00,XP
30.79,30.81,30.74,30.74,18279,2022-04-01 17:55:00,XP
30.755,30.8,30.74,30.75,16019,2022-04-01 17:56:00,XP
30.76,30.84,30.74,30.84,19990,2022-04-01 17:57:00,XP
30.84,30.86,30.82,30.85,5449,2022-04-01 17:58:00,XP
30.83,30.85,30.83,30.85,4405,2022-04-01 17:59:00,XP
30.85,30.9,30.85,30.89,2900,2022-04-01 18:00:00,XP
30.89,30.9,30.87,30.88,2754,2022-04-01 18:01:00,XP
30.885,30.94,30.885,30.94,3100,2022-04-01 18:02:00,XP
30.96,30.97,30.94,30.94,2397,2022-04-01 18:03:00,XP
30.95,30.98,30.94,30.98,3556,2022-04-01 18:04:00,XP
30.96,31.0,30.96,31.0,4179,2022-04-01 18:05:00,XP
30.99,31.0,30.98,30.98,1100,2022-04-01 18:06:00,XP
30.98,31.0,30.98,30.99,3281,2022-04-01 18:07:00,XP
30.99,30.99,30.95,30.98,5967,2022-04-01 18:08:00,XP
30.96,30.98,30.95,30.95,2199,2022-04-01 18:09:00,XP
30.97,30.97,30.94,30.965,1916,2022-04-01 18:10:00,XP
30.95,30.97,30.94,30.94,2408,2022-04-01 18:11:00,XP
30.95,30.95,30.94,30.94,2676,2022-04-01 18:12:00,XP
30.95,30.96,30.92,30.94,4042,2022-04-01 18:13:00,XP
30.94,30.96,30.93,30.94,9750,2022-04-01 18:14:00,XP
30.94,30.95,30.93,30.94,11300,2022-04-01 18:15:00,XP
30.94,30.94,30.9,30.9,3426,2022-04-01 18:16:00,XP
30.9,30.905,30.9,30.905,1100,2022-04-01 18:17:00,XP
30.9,30.92,30.89,30.89,6690,2022-04-01 18:18:00,XP
30.92,30.94,30.9,30.925,13150,2022-04-01 18:19:00,XP
30.92,30.93,30.91,30.93,3915,2022-04-01 18:20:00,XP
30.92,30.93,30.91,30.93,6734,2022-04-01 18:21:00,XP
30.91,30.965,30.91,30.95,4913,2022-04-01 18:22:00,XP
30.94,30.97,30.9,30.92,5827,2022-04-01 18:23:00,XP
30.915,30.94,30.91,30.94,6499,2022-04-01 18:24:00,XP
30.93,30.96,30.92,30.94,2400,2022-04-01 18:25:00,XP
30.94,30.96,30.94,30.94,1300,2022-04-01 18:26:00,XP
30.96,30.96,30.94,30.94,2000,2022-04-01 18:27:00,XP
30.96,30.97,30.94,30.955,3073,2022-04-01 18:28:00,XP
30.94,30.97,30.9,30.9,22396,2022-04-01 18:29:00,XP
30.92,30.92,30.86,30.87,18828,2022-04-01 18:30:00,XP
30.87,30.9,30.82,30.855,8902,2022-04-01 18:31:00,XP
30.855,30.9,30.855,30.895,14750,2022-04-01 18:32:00,XP
30.895,30.94,30.895,30.94,5493,2022-04-01 18:33:00,XP
30.95,30.97,30.95,30.97,600,2022-04-01 18:34:00,XP
30.96,30.99,30.96,30.99,1400,2022-04-01 18:35:00,XP
30.975,31.02,30.975,31.02,9276,2022-04-01 18:36:00,XP
31.0,31.0,30.945,30.98,3418,2022-04-01 18:37:00,XP
30.97,31.02,30.97,30.99,3000,2022-04-01 18:38:00,XP
30.995,31.03,30.995,31.03,5593,2022-04-01 18:39:00,XP
31.04,31.08,31.02,31.08,2842,2022-04-01 18:40:00,XP
31.08,31.11,31.06,31.095,3472,2022-04-01 18:41:00,XP
31.08,31.095,31.04,31.08,9126,2022-04-01 18:42:00,XP
31.09,31.12,31.08,31.1,3000,2022-04-01 18:43:00,XP
31.12,31.14,31.11,31.115,2087,2022-04-01 18:44:00,XP
31.1,31.12,31.07,31.075,12282,2022-04-01 18:45:00,XP
31.07,31.08,31.035,31.035,10754,2022-04-01 18:46:00,XP
31.02,31.05,30.99,31.0,19501,2022-04-01 18:47:00,XP
30.995,31.025,30.98,31.01,73847,2022-04-01 18:48:00,XP
31.03,31.04,31.01,31.04,3712,2022-04-01 18:49:00,XP
31.01,31.03,31.0,31.0,4399,2022-04-01 18:50:00,XP
31.0,31.03,30.98,30.99,177520,2022-04-01 18:51:00,XP
31.0,31.03,30.99,31.03,35120,2022-04-01 18:52:00,XP
31.02,31.08,31.0,31.05,155964,2022-04-01 18:53:00,XP
31.05,31.06,31.05,31.06,562,2022-04-01 18:54:00,XP
31.08,31.12,31.07,31.1,12159,2022-04-01 18:55:00,XP
31.08,31.11,31.08,31.1,5503,2022-04-01 18:56:00,XP
31.105,31.105,31.05,31.05,3900,2022-04-01 18:57:00,XP
31.05,31.08,31.05,31.08,4300,2022-04-01 18:58:00,XP
31.08,31.1,31.075,31.09,6329,2022-04-01 18:59:00,XP
31.1,31.105,31.05,31.05,29827,2022-04-01 19:00:00,XP
31.07,31.09,31.06,31.06,3398,2022-04-01 19:01:00,XP
31.07,31.08,31.06,31.06,1194,2022-04-01 19:02:00,XP
31.06,31.07,31.05,31.05,1584,2022-04-01 19:03:00,XP
31.06,31.06,31.01,31.01,8316,2022-04-01 19:04:00,XP
31.01,31.02,31.0,31.015,3922,2022-04-01 19:05:00,XP
31.015,31.06,30.99,31.06,29671,2022-04-01 19:06:00,XP
31.03,31.06,31.03,31.05,3994,2022-04-01 19:07:00,XP
31.05,31.05,31.03,31.03,1205,2022-04-01 19:08:00,XP
31.03,31.03,30.95,30.95,1500,2022-04-01 19:09:00,XP
30.95,30.99,30.95,30.97,2000,2022-04-01 19:10:00,XP
30.98,30.99,30.97,30.98,3100,2022-04-01 19:11:00,XP
30.97,31.005,30.97,30.98,6736,2022-04-01 19:12:00,XP
30.97,30.99,30.96,30.98,4700,2022-04-01 19:13:00,XP
31.0,31.01,30.98,30.98,6642,2022-04-01 19:14:00,XP
30.995,30.995,30.98,30.98,2523,2022-04-01 19:15:00,XP
30.975,30.99,30.95,30.95,3500,2022-04-01 19:16:00,XP
30.955,30.97,30.92,30.96,6534,2022-04-01 19:17:00,XP
30.96,31.0,30.96,30.99,14939,2022-04-01 19:18:00,XP
30.985,31.0,30.95,30.97,9574,2022-04-01 19:19:00,XP
30.98,31.0,30.97,30.97,9487,2022-04-01 19:20:00,XP
30.98,31.0,30.97,30.99,7993,2022-04-01 19:21:00,XP
30.975,31.0,30.96,30.97,7625,2022-04-01 19:22:00,XP
30.985,31.0,30.97,30.99,29579,2022-04-01 19:23:00,XP
30.995,31.02,30.99,30.99,7373,2022-04-01 19:24:00,XP
31.0,31.02,30.99,31.0,102561,2022-04-01 19:25:00,XP
31.01,31.02,30.995,31.02,2550,2022-04-01 19:26:00,XP
31.01,31.03,31.0,31.03,3250,2022-04-01 19:27:00,XP
31.03,31.04,31.01,31.04,900,2022-04-01 19:28:00,XP
31.04,31.08,31.03,31.06,5188,2022-04-01 19:29:00,XP
31.06,31.07,31.04,31.06,4105,2022-04-01 19:30:00,XP
31.08,31.09,31.06,31.08,8335,2022-04-01 19:31:00,XP
31.06,31.06,31.04,31.04,29600,2022-04-01 19:32:00,XP
31.02,31.04,30.96,30.985,79211,2022-04-01 19:33:00,XP
31.01,31.02,30.99,31.0,4097,2022-04-01 19:34:00,XP
31.0,31.03,30.99,31.005,107500,2022-04-01 19:35:00,XP
31.0,31.0,30.97,30.99,7807,2022-04-01 19:36:00,XP
30.99,31.0,30.965,30.97,10300,2022-04-01 19:37:00,XP
30.97,30.98,30.95,30.95,7600,2022-04-01 19:38:00,XP
30.95,30.98,30.95,30.97,11197,2022-04-01 19:39:00,XP
30.97,31.02,30.95,31.01,15416,2022-04-01 19:40:00,XP
31.01,31.02,30.99,31.0,31722,2022-04-01 19:41:00,XP
30.99,30.99,30.95,30.96,11000,2022-04-01 19:42:00,XP
30.97,30.975,30.94,30.955,13035,2022-04-01 19:43:00,XP
30.96,30.96,30.94,30.95,6641,2022-04-01 19:44:00,XP
30.94,30.955,30.93,30.935,9572,2022-04-01 19:45:00,XP
30.935,30.935,30.9,30.91,5028,2022-04-01 19:46:00,XP
30.9,30.95,30.88,30.93,42945,2022-04-01 19:47:00,XP
30.925,30.94,30.91,30.93,6972,2022-04-01 19:48:00,XP
30.94,30.96,30.93,30.96,13113,2022-04-01 19:49:00,XP
30.97,31.03,30.97,31.02,17454,2022-04-01 19:50:00,XP
31.03,31.04,31.0,31.0,15623,2022-04-01 19:51:00,XP
31.01,31.01,30.96,30.97,15299,2022-04-01 19:52:00,XP
30.97,31.01,30.96,30.99,40431,2022-04-01 19:53:00,XP
31.01,31.01,30.99,30.995,24888,2022-04-01 19:54:00,XP
30.99,31.01,30.97,30.975,39503,2022-04-01 19:55:00,XP
30.97,30.98,30.94,30.94,73639,2022-04-01 19:56:00,XP
30.94,30.97,30.92,30.94,32876,2022-04-01 19:57:00,XP
30.945,30.97,30.94,30.95,32930,2022-04-01 19:58:00,XP
30.94,30.99,30.94,30.9675,76534,2022-04-01 19:59:00,XP
30.97,30.97,30.97,30.97,105905,2022-04-01 20:00:00,XP
31.0,31.0,31.0,31.0,100,2022-04-01 20:20:00,XP
30.85,30.85,30.85,30.85,100,2022-04-01 20:36:00,XP
30.85,30.85,30.85,30.85,1669,2022-04-01 20:37:00,XP
30.85,30.85,30.85,30.85,200,2022-04-01 20:38:00,XP
30.85,30.85,30.85,30.85,100,2022-04-01 20:41:00,XP
30.85,30.85,30.85,30.85,100,2022-04-01 20:45:00,XP
30.85,30.85,30.85,30.85,100,2022-04-01 20:46:00,XP
30.85,30.85,30.85,30.85,200,2022-04-01 20:47:00,XP
30.78,30.78,30.7,30.7,600,2022-04-01 20:56:00,XP
31.27,31.27,31.27,31.27,268,2022-04-04 13:03:00,XP
31.3,31.3,31.3,31.3,290,2022-04-04 13:04:00,XP
31.07,31.4,31.07,31.4,14157,2022-04-04 13:30:00,XP
31.27,31.27,31.06,31.16,3000,2022-04-04 13:31:00,XP
31.07,31.15,31.04,31.04,2600,2022-04-04 13:32:00,XP
31.085,31.18,31.03,31.12,3861,2022-04-04 13:33:00,XP
31.13,31.21,31.09,31.13,3000,2022-04-04 13:34:00,XP
31.15,31.17,31.145,31.17,2683,2022-04-04 13:35:00,XP
31.17,31.18,31.08,31.17,6068,2022-04-04 13:36:00,XP
31.1,31.16,31.09,31.11,6726,2022-04-04 13:37:00,XP
31.12,31.2,31.06,31.16,10265,2022-04-04 13:38:00,XP
31.17,31.18,31.05,31.13,2735,2022-04-04 13:39:00,XP
31.13,31.2,31.1,31.19,2510,2022-04-04 13:40:00,XP
31.24,31.25,31.19,31.19,700,2022-04-04 13:41:00,XP
31.19,31.29,31.19,31.25,1750,2022-04-04 13:42:00,XP
31.29,31.34,31.28,31.28,1650,2022-04-04 13:43:00,XP
31.32,31.42,31.32,31.36,1610,2022-04-04 13:44:00,XP
31.35,31.38,31.33,31.33,1900,2022-04-04 13:45:00,XP
31.31,31.31,31.31,31.31,100,2022-04-04 13:46:00,XP
31.305,31.305,31.29,31.29,400,2022-04-04 13:47:00,XP
31.31,31.36,31.2535,31.2535,4583,2022-04-04 13:48:00,XP
31.32,31.32,31.2909,31.2909,5090,2022-04-04 13:49:00,XP
31.33,31.44,31.33,31.395,2642,2022-04-04 13:50:00,XP
31.3524,31.3524,31.23,31.31,4485,2022-04-04 13:51:00,XP
31.3,31.38,31.3,31.35,2660,2022-04-04 13:52:00,XP
31.36,31.38,31.34,31.34,1350,2022-04-04 13:53:00,XP
31.34,31.34,31.27,31.27,900,2022-04-04 13:54:00,XP
31.31,31.32,31.31,31.32,200,2022-04-04 13:55:00,XP
31.33,31.33,31.31,31.31,1100,2022-04-04 13:56:00,XP
31.35,31.39,31.34,31.39,900,2022-04-04 13:57:00,XP
31.34,31.34,31.17,31.22,5225,2022-04-04 13:58:00,XP
31.22,31.23,31.18,31.18,1200,2022-04-04 13:59:00,XP
31.22,31.38,31.22,31.29,7753,2022-04-04 14:00:00,XP
31.29,31.29,31.21,31.249,2100,2022-04-04 14:01:00,XP
31.19,31.27,31.17,31.2,3445,2022-04-04 14:02:00,XP
31.21,31.21,31.19,31.2,1813,2022-04-04 14:03:00,XP
31.25,31.28,31.15,31.15,5034,2022-04-04 14:04:00,XP
31.19,31.19,31.19,31.19,200,2022-04-04 14:05:00,XP
31.175,31.23,31.17,31.17,1250,2022-04-04 14:06:00,XP
31.19,31.19,31.14,31.14,1300,2022-04-04 14:07:00,XP
31.14,31.2,31.13,31.14,550,2022-04-04 14:08:00,XP
31.19,31.2,31.17,31.17,910,2022-04-04 14:09:00,XP
31.23,31.269,31.23,31.269,750,2022-04-04 14:10:00,XP
31.27,31.38,31.27,31.38,2450,2022-04-04 14:11:00,XP
31.38,31.43,31.38,31.38,911,2022-04-04 14:12:00,XP
31.35,31.35,31.33,31.33,500,2022-04-04 14:13:00,XP
31.36,31.41,31.35,31.35,800,2022-04-04 14:14:00,XP
31.41,31.46,31.4,31.46,1700,2022-04-04 14:16:00,XP
31.45,31.45,31.41,31.44,2350,2022-04-04 14:17:00,XP
31.41,31.41,31.39,31.4,900,2022-04-04 14:18:00,XP
31.34,31.44,31.34,31.44,3150,2022-04-04 14:19:00,XP
31.42,31.45,31.38,31.43,9034,2022-04-04 14:20:00,XP
31.38,31.38,31.37,31.38,1400,2022-04-04 14:21:00,XP
31.42,31.43,31.38,31.38,300,2022-04-04 14:22:00,XP
31.42,31.43,31.37,31.37,3200,2022-04-04 14:23:00,XP
31.38,31.41,31.37,31.38,1000,2022-04-04 14:24:00,XP
31.38,31.4,31.32,31.33,6271,2022-04-04 14:25:00,XP
31.36,31.36,31.27,31.27,6331,2022-04-04 14:26:00,XP
31.31,31.33,31.285,31.32,1800,2022-04-04 14:27:00,XP
31.3,31.31,31.29,31.29,400,2022-04-04 14:28:00,XP
31.3,31.33,31.27,31.31,2177,2022-04-04 14:29:00,XP
31.26,31.26,31.23,31.23,700,2022-04-04 14:30:00,XP
31.21,31.21,31.21,31.21,400,2022-04-04 14:31:00,XP
31.21,31.22,31.18,31.22,1900,2022-04-04 14:32:00,XP
31.22,31.22,31.15,31.15,600,2022-04-04 14:33:00,XP
31.15,31.16,31.15,31.16,300,2022-04-04 14:34:00,XP
31.13,31.14,31.11,31.14,1301,2022-04-04 14:35:00,XP
31.15,31.15,31.14,31.14,2200,2022-04-04 14:36:00,XP
31.15,31.2,31.15,31.19,3094,2022-04-04 14:37:00,XP
31.14,31.14,31.14,31.14,200,2022-04-04 14:38:00,XP
31.1536,31.17,31.13,31.17,1815,2022-04-04 14:39:00,XP
31.17,31.17,31.12,31.16,3377,2022-04-04 14:40:00,XP
31.13,31.16,31.05,31.05,14664,2022-04-04 14:41:00,XP
31.075,31.075,31.0201,31.03,1709,2022-04-04 14:42:00,XP
31.02,31.05,31.0,31.05,3308,2022-04-04 14:43:00,XP
31.045,31.11,31.045,31.11,1763,2022-04-04 14:44:00,XP
31.14,31.23,31.13,31.17,3945,2022-04-04 14:47:00,XP
31.22,31.22,31.17,31.2,3140,2022-04-04 14:48:00,XP
31.16,31.17,31.07,31.07,10832,2022-04-04 14:50:00,XP
31.07,31.1,31.04,31.08,4500,2022-04-04 14:51:00,XP
31.1,31.12,31.08,31.08,2100,2022-04-04 14:52:00,XP
31.08,31.08,31.08,31.08,300,2022-04-04 14:53:00,XP
31.08,31.11,31.07,31.11,3600,2022-04-04 14:54:00,XP
31.116,31.13,31.1,31.1,1594,2022-04-04 14:55:00,XP
31.09,31.12,31.06,31.12,1220,2022-04-04 14:56:00,XP
31.07,31.1143,31.07,31.09,800,2022-04-04 14:57:00,XP
31.07,31.14,31.07,31.14,1000,2022-04-04 14:58:00,XP
31.13,31.18,31.13,31.18,1550,2022-04-04 14:59:00,XP
31.115,31.115,31.115,31.115,100,2022-04-04 15:00:00,XP
31.11,31.18,31.09,31.18,4200,2022-04-04 15:01:00,XP
31.195,31.26,31.195,31.26,907,2022-04-04 15:02:00,XP
31.25,31.32,31.25,31.32,7171,2022-04-04 15:03:00,XP
31.34,31.37,31.32,31.37,1521,2022-04-04 15:04:00,XP
31.37,31.435,31.37,31.425,4105,2022-04-04 15:05:00,XP
31.425,31.45,31.39,31.45,8148,2022-04-04 15:06:00,XP
31.45,31.48,31.45,31.48,2327,2022-04-04 15:07:00,XP
31.465,31.47,31.44,31.45,2994,2022-04-04 15:08:00,XP
31.455,31.525,31.455,31.525,9194,2022-04-04 15:09:00,XP
31.54,31.56,31.43,31.43,15039,2022-04-04 15:10:00,XP
31.385,31.41,31.385,31.39,2195,2022-04-04 15:11:00,XP
31.38,31.38,31.36,31.36,1000,2022-04-04 15:12:00,XP
31.31,31.31,31.23,31.23,1700,2022-04-04 15:13:00,XP
31.23,31.27,31.22,31.22,1500,2022-04-04 15:14:00,XP
31.23,31.24,31.17,31.19,1820,2022-04-04 15:16:00,XP
31.195,31.195,31.14,31.14,1600,2022-04-04 15:17:00,XP
31.14,31.195,31.14,31.175,2229,2022-04-04 15:18:00,XP
31.15,31.15,31.12,31.14,1450,2022-04-04 15:20:00,XP
31.12,31.16,31.105,31.16,3350,2022-04-04 15:21:00,XP
31.15,31.15,31.13,31.13,1000,2022-04-04 15:22:00,XP
31.14,31.14,31.14,31.14,100,2022-04-04 15:24:00,XP
31.13,31.18,31.13,31.15,1200,2022-04-04 15:25:00,XP
31.18,31.19,31.16,31.18,2624,2022-04-04 15:26:00,XP
31.2,31.245,31.19,31.245,6747,2022-04-04 15:27:00,XP
31.26,31.31,31.24,31.26,4958,2022-04-04 15:28:00,XP
31.25,31.28,31.25,31.28,1500,2022-04-04 15:29:00,XP
31.265,31.32,31.265,31.32,2611,2022-04-04 15:30:00,XP
31.31,31.33,31.3008,31.315,3343,2022-04-04 15:31:00,XP
31.315,31.38,31.315,31.37,7300,2022-04-04 15:32:00,XP
31.38,31.38,31.3,31.31,1699,2022-04-04 15:33:00,XP
31.3,31.34,31.3,31.32,900,2022-04-04 15:34:00,XP
31.34,31.36,31.335,31.36,1100,2022-04-04 15:35:00,XP
31.33,31.36,31.33,31.35,2300,2022-04-04 15:36:00,XP
31.355,31.36,31.355,31.355,600,2022-04-04 15:37:00,XP
31.34,31.34,31.315,31.315,500,2022-04-04 15:38:00,XP
31.34,31.35,31.34,31.35,500,2022-04-04 15:39:00,XP
31.36,31.36,31.35,31.35,1300,2022-04-04 15:40:00,XP
31.34,31.34,31.31,31.335,1800,2022-04-04 15:42:00,XP
31.35,31.35,31.32,31.335,770,2022-04-04 15:43:00,XP
31.34,31.36,31.34,31.34,650,2022-04-04 15:44:00,XP
31.36,31.36,31.32,31.34,700,2022-04-04 15:45:00,XP
31.36,31.38,31.35,31.38,1800,2022-04-04 15:46:00,XP
31.375,31.39,31.37,31.39,1500,2022-04-04 15:47:00,XP
31.375,31.4,31.375,31.38,600,2022-04-04 15:48:00,XP
31.37,31.39,31.31,31.355,10037,2022-04-04 15:49:00,XP
31.355,31.37,31.355,31.37,1000,2022-04-04 15:50:00,XP
31.355,31.39,31.34,31.37,3186,2022-04-04 15:51:00,XP
31.375,31.39,31.3604,31.38,715,2022-04-04 15:52:00,XP
31.36,31.37,31.35,31.36,1100,2022-04-04 15:54:00,XP
31.36,31.36,31.35,31.35,200,2022-04-04 15:55:00,XP
31.35,31.36,31.32,31.34,2170,2022-04-04 15:56:00,XP
31.36,31.37,31.335,31.335,800,2022-04-04 15:57:00,XP
31.335,31.36,31.335,31.36,1100,2022-04-04 15:58:00,XP
31.35,31.36,31.33,31.33,1104,2022-04-04 15:59:00,XP
31.34,31.34,31.33,31.33,1200,2022-04-04 16:00:00,XP
31.34,31.35,31.33,31.34,1800,2022-04-04 16:01:00,XP
31.35,31.35,31.32,31.335,400,2022-04-04 16:02:00,XP
31.31,31.36,31.31,31.36,2800,2022-04-04 16:03:00,XP
31.34,31.345,31.34,31.34,500,2022-04-04 16:04:00,XP
31.33,31.33,31.32,31.32,300,2022-04-04 16:05:00,XP
31.31,31.32,31.27,31.29,1300,2022-04-04 16:06:00,XP
31.28,31.31,31.27,31.31,1651,2022-04-04 16:07:00,XP
31.305,31.305,31.305,31.305,100,2022-04-04 16:08:00,XP
31.29,31.33,31.29,31.32,1000,2022-04-04 16:09:00,XP
31.34,31.36,31.335,31.36,700,2022-04-04 16:10:00,XP
31.34,31.34,31.34,31.34,100,2022-04-04 16:11:00,XP
31.335,31.36,31.335,31.35,1300,2022-04-04 16:12:00,XP
31.36,31.38,31.34,31.36,2500,2022-04-04 16:13:00,XP
31.37,31.38,31.33,31.38,3213,2022-04-04 16:14:00,XP
31.36,31.36,31.345,31.35,1402,2022-04-04 16:15:00,XP
31.37,31.45,31.37,31.45,4303,2022-04-04 16:16:00,XP
31.425,31.44,31.425,31.44,600,2022-04-04 16:17:00,XP
31.43,31.44,31.4,31.4,993,2022-04-04 16:18:00,XP
31.39,31.41,31.38,31.4,1100,2022-04-04 16:19:00,XP
31.42,31.45,31.41,31.45,1600,2022-04-04 16:20:00,XP
31.44,31.46,31.44,31.44,1900,2022-04-04 16:21:00,XP
31.43,31.47,31.41,31.46,6400,2022-04-04 16:22:00,XP
31.48,31.49,31.41,31.41,2180,2022-04-04 16:23:00,XP
31.41,31.42,31.41,31.41,800,2022-04-04 16:24:00,XP
31.37,31.385,31.35,31.385,3244,2022-04-04 16:25:00,XP
31.395,31.395,31.395,31.395,200,2022-04-04 16:26:00,XP
31.395,31.44,31.395,31.44,1620,2022-04-04 16:28:00,XP
31.41,31.42,31.39,31.42,1300,2022-04-04 16:29:00,XP
31.41,31.44,31.39,31.4,1900,2022-04-04 16:30:00,XP
31.42,31.42,31.42,31.42,400,2022-04-04 16:31:00,XP
31.42,31.43,31.42,31.43,700,2022-04-04 16:32:00,XP
31.42,31.44,31.41,31.41,1449,2022-04-04 16:33:00,XP
31.39,31.39,31.39,31.39,300,2022-04-04 16:34:00,XP
31.39,31.4,31.35,31.36,4903,2022-04-04 16:35:00,XP
31.37,31.3754,31.36,31.3754,450,2022-04-04 16:36:00,XP
31.38,31.38,31.35,31.38,2199,2022-04-04 16:37:00,XP
31.37,31.38,31.35,31.37,2652,2022-04-04 16:38:00,XP
31.35,31.39,31.35,31.38,18363,2022-04-04 16:39:00,XP
31.375,31.375,31.35,31.36,1200,2022-04-04 16:40:00,XP
31.35,31.41,31.35,31.41,2931,2022-04-04 16:41:00,XP
31.37,31.38,31.37,31.38,500,2022-04-04 16:43:00,XP
31.38,31.39,31.37,31.38,1504,2022-04-04 16:44:00,XP
31.38,31.38,31.35,31.35,900,2022-04-04 16:45:00,XP
31.34,31.35,31.34,31.345,500,2022-04-04 16:46:00,XP
31.335,31.335,31.335,31.335,200,2022-04-04 16:47:00,XP
31.335,31.36,31.335,31.35,1500,2022-04-04 16:48:00,XP
31.35,31.37,31.35,31.37,3845,2022-04-04 16:49:00,XP
31.39,31.41,31.39,31.41,1372,2022-04-04 16:51:00,XP
31.41,31.43,31.4,31.405,1384,2022-04-04 16:52:00,XP
31.41,31.43,31.4,31.43,500,2022-04-04 16:53:00,XP
31.4,31.4,31.39,31.4,980,2022-04-04 16:54:00,XP
31.381,31.385,31.381,31.385,506,2022-04-04 16:55:00,XP
31.385,31.4,31.385,31.39,700,2022-04-04 16:56:00,XP
31.4,31.41,31.39,31.395,1945,2022-04-04 16:57:00,XP
31.39,31.39,31.36,31.37,1950,2022-04-04 16:58:00,XP
31.35,31.38,31.35,31.36,1600,2022-04-04 16:59:00,XP
31.36,31.36,31.34,31.3402,2100,2022-04-04 17:00:00,XP
31.34,31.34,31.305,31.32,2100,2022-04-04 17:01:00,XP
31.33,31.34,31.33,31.34,900,2022-04-04 17:02:00,XP
31.33,31.35,31.33,31.35,2000,2022-04-04 17:03:00,XP
31.35,31.35,31.35,31.35,200,2022-04-04 17:04:00,XP
31.335,31.35,31.33,31.35,1302,2022-04-04 17:05:00,XP
31.355,31.36,31.35,31.36,900,2022-04-04 17:06:00,XP
31.38,31.4,31.38,31.4,400,2022-04-04 17:07:00,XP
31.4,31.4,31.385,31.4,2300,2022-04-04 17:08:00,XP
31.41,31.42,31.39,31.39,2000,2022-04-04 17:09:00,XP
31.365,31.37,31.35,31.35,600,2022-04-04 17:10:00,XP
31.345,31.345,31.31,31.345,2700,2022-04-04 17:11:00,XP
31.36,31.3775,31.36,31.36,1700,2022-04-04 17:12:00,XP
31.37,31.37,31.365,31.365,500,2022-04-04 17:13:00,XP
31.35,31.36,31.35,31.36,300,2022-04-04 17:14:00,XP
31.345,31.38,31.345,31.36,1632,2022-04-04 17:15:00,XP
31.35,31.385,31.35,31.38,1612,2022-04-04 17:16:00,XP
31.39,31.405,31.37,31.37,3889,2022-04-04 17:17:00,XP
31.375,31.42,31.375,31.39,3200,2022-04-04 17:18:00,XP
31.399,31.405,31.385,31.405,1430,2022-04-04 17:19:00,XP
31.39,31.4,31.39,31.4,1036,2022-04-04 17:20:00,XP
31.4,31.43,31.4,31.42,4400,2022-04-04 17:21:00,XP
31.42,31.42,31.41,31.415,800,2022-04-04 17:22:00,XP
31.42,31.42,31.4,31.4,2500,2022-04-04 17:23:00,XP
31.39,31.39,31.35,31.35,1722,2022-04-04 17:24:00,XP
31.35,31.37,31.31,31.31,5776,2022-04-04 17:25:00,XP
31.34,31.34,31.33,31.34,2200,2022-04-04 17:26:00,XP
31.33,31.35,31.33,31.33,400,2022-04-04 17:27:00,XP
31.32,31.34,31.31,31.34,3624,2022-04-04 17:28:00,XP
31.32,31.34,31.3,31.3,7638,2022-04-04 17:29:00,XP
31.3,31.32,31.28,31.29,1804,2022-04-04 17:30:00,XP
31.29,31.335,31.28,31.33,8009,2022-04-04 17:31:00,XP
31.33,31.355,31.33,31.35,4000,2022-04-04 17:32:00,XP
31.35,31.37,31.35,31.37,900,2022-04-04 17:33:00,XP
31.36,31.36,31.35,31.35,2600,2022-04-04 17:34:00,XP
31.35,31.35,31.34,31.35,1100,2022-04-04 17:35:00,XP
31.34,31.35,31.34,31.35,1500,2022-04-04 17:36:00,XP
31.33,31.37,31.32,31.37,5645,2022-04-04 17:37:00,XP
31.36,31.3844,31.36,31.36,723,2022-04-04 17:38:00,XP
31.38,31.41,31.38,31.38,6945,2022-04-04 17:39:00,XP
31.39,31.39,31.38,31.38,900,2022-04-04 17:40:00,XP
31.38,31.38,31.35,31.35,1290,2022-04-04 17:41:00,XP
31.35,31.37,31.33,31.36,2251,2022-04-04 17:42:00,XP
31.38,31.39,31.37,31.37,900,2022-04-04 17:43:00,XP
31.365,31.39,31.35,31.39,1903,2022-04-04 17:44:00,XP
31.36,31.38,31.36,31.38,450,2022-04-04 17:45:00,XP
31.3768,31.4,31.3635,31.38,3442,2022-04-04 17:46:00,XP
31.42,31.44,31.4,31.4,4207,2022-04-04 17:48:00,XP
31.4,31.4,31.4,31.4,1061,2022-04-04 17:49:00,XP
31.381,31.4,31.37,31.37,700,2022-04-04 17:50:00,XP
31.385,31.385,31.385,31.385,1100,2022-04-04 17:51:00,XP
31.37,31.37,31.365,31.365,1424,2022-04-04 17:52:00,XP
31.38,31.41,31.375,31.4,2899,2022-04-04 17:53:00,XP
31.4,31.4,31.39,31.4,1012,2022-04-04 17:54:00,XP
31.4,31.41,31.38,31.38,1360,2022-04-04 17:55:00,XP
31.39,31.4,31.38,31.38,2759,2022-04-04 17:56:00,XP
31.38,31.445,31.38,31.445,3855,2022-04-04 17:57:00,XP
31.45,31.45,31.41,31.41,1100,2022-04-04 17:58:00,XP
31.43,31.46,31.43,31.45,2000,2022-04-04 17:59:00,XP
31.44,31.44,31.41,31.41,3380,2022-04-04 18:00:00,XP
31.43,31.43,31.4,31.41,3514,2022-04-04 18:01:00,XP
31.4,31.42,31.38,31.4,6488,2022-04-04 18:02:00,XP
31.41,31.41,31.41,31.41,100,2022-04-04 18:03:00,XP
31.4,31.4,31.38,31.38,900,2022-04-04 18:04:00,XP
31.41,31.41,31.395,31.395,1000,2022-04-04 18:05:00,XP
31.4,31.41,31.38,31.4,11431,2022-04-04 18:06:00,XP
31.38,31.4,31.35,31.38,19401,2022-04-04 18:07:00,XP
31.37,31.4,31.355,31.4,10307,2022-04-04 18:08:00,XP
31.41,31.44,31.4,31.425,4195,2022-04-04 18:09:00,XP
31.42,31.45,31.42,31.45,2212,2022-04-04 18:10:00,XP
31.45,31.49,31.44,31.46,5050,2022-04-04 18:11:00,XP
31.46,31.49,31.45,31.48,2964,2022-04-04 18:12:00,XP
31.48,31.51,31.48,31.49,802,2022-04-04 18:13:00,XP
31.51,31.54,31.5,31.51,4251,2022-04-04 18:14:00,XP
31.51,31.515,31.49,31.5,800,2022-04-04 18:15:00,XP
31.5,31.53,31.49,31.52,2800,2022-04-04 18:16:00,XP
31.53,31.53,31.5,31.515,669,2022-04-04 18:17:00,XP
31.5,31.52,31.5,31.515,2100,2022-04-04 18:18:00,XP
31.5,31.54,31.5,31.53,3453,2022-04-04 18:19:00,XP
31.55,31.55,31.51,31.54,5014,2022-04-04 18:20:00,XP
31.535,31.55,31.52,31.52,2300,2022-04-04 18:21:00,XP
31.55,31.57,31.52,31.52,2250,2022-04-04 18:22:00,XP
31.51,31.51,31.49,31.49,1488,2022-04-04 18:24:00,XP
31.51,31.53,31.49,31.49,5105,2022-04-04 18:25:00,XP
31.47,31.52,31.47,31.51,3100,2022-04-04 18:26:00,XP
31.51,31.555,31.51,31.54,4450,2022-04-04 18:27:00,XP
31.53,31.57,31.52,31.56,1803,2022-04-04 18:28:00,XP
31.58,31.64,31.57,31.58,8032,2022-04-04 18:29:00,XP
31.57,31.57,31.57,31.57,100,2022-04-04 18:30:00,XP
31.57,31.57,31.55,31.57,2703,2022-04-04 18:31:00,XP
31.56,31.58,31.56,31.58,2500,2022-04-04 18:32:00,XP
31.57,31.62,31.57,31.62,2100,2022-04-04 18:33:00,XP
31.61,31.6252,31.57,31.57,3800,2022-04-04 18:34:00,XP
31.58,31.6,31.58,31.6,2000,2022-04-04 18:35:00,XP
31.58,31.61,31.58,31.59,700,2022-04-04 18:36:00,XP
31.62,31.62,31.59,31.59,2300,2022-04-04 18:37:00,XP
31.6,31.61,31.59,31.6,1192,2022-04-04 18:38:00,XP
31.61,31.64,31.6,31.63,5330,2022-04-04 18:39:00,XP
31.62,31.63,31.61,31.61,1450,2022-04-04 18:40:00,XP
31.64,31.64,31.61,31.61,1000,2022-04-04 18:41:00,XP
31.62,31.67,31.62,31.65,3233,2022-04-04 18:42:00,XP
31.66,31.72,31.66,31.7,3300,2022-04-04 18:43:00,XP
31.7,31.73,31.7,31.72,1894,2022-04-04 18:44:00,XP
31.73,31.73,31.69,31.7,6643,2022-04-04 18:45:00,XP
31.72,31.72,31.69,31.695,2300,2022-04-04 18:46:00,XP
31.695,31.725,31.695,31.7,2000,2022-04-04 18:47:00,XP
31.7,31.71,31.7,31.7,1700,2022-04-04 18:48:00,XP
31.7,31.7,31.69,31.69,700,2022-04-04 18:49:00,XP
31.72,31.74,31.7,31.7,4193,2022-04-04 18:50:00,XP
31.7,31.71,31.7,31.7,910,2022-04-04 18:51:00,XP
31.7,31.7,31.7,31.7,700,2022-04-04 18:52:00,XP
31.7,31.72,31.7,31.71,5781,2022-04-04 18:53:00,XP
31.71,31.72,31.7,31.72,1500,2022-04-04 18:54:00,XP
31.71,31.74,31.7,31.73,5327,2022-04-04 18:55:00,XP
31.73,31.75,31.71,31.75,4475,2022-04-04 18:56:00,XP
31.73,31.76,31.72,31.73,8602,2022-04-04 18:57:00,XP
31.745,31.78,31.745,31.75,3050,2022-04-04 18:58:00,XP
31.77,31.78,31.74,31.74,2650,2022-04-04 18:59:00,XP
31.73,31.73,31.72,31.72,600,2022-04-04 19:00:00,XP
31.72,31.76,31.72,31.74,3600,2022-04-04 19:01:00,XP
31.74,31.74,31.7,31.71,3698,2022-04-04 19:02:00,XP
31.73,31.74,31.71,31.72,5216,2022-04-04 19:03:00,XP
31.73,31.73,31.705,31.705,1300,2022-04-04 19:04:00,XP
31.7,31.73,31.69,31.7,5311,2022-04-04 19:05:00,XP
31.69,31.705,31.69,31.7,1350,2022-04-04 19:06:00,XP
31.72,31.72,31.7,31.7,800,2022-04-04 19:07:00,XP
31.7,31.73,31.7,31.71,3263,2022-04-04 19:08:00,XP
31.71,31.74,31.71,31.73,3703,2022-04-04 19:09:00,XP
31.74,31.74,31.7,31.71,10000,2022-04-04 19:10:00,XP
31.71,31.74,31.71,31.72,1450,2022-04-04 19:11:00,XP
31.71,31.71,31.67,31.68,17637,2022-04-04 19:12:00,XP
31.68,31.69,31.68,31.69,5762,2022-04-04 19:13:00,XP
31.7,31.71,31.695,31.7,8204,2022-04-04 19:14:00,XP
31.695,31.72,31.68,31.71,6741,2022-04-04 19:15:00,XP
31.72,31.78,31.72,31.74,8560,2022-04-04 19:16:00,XP
31.745,31.745,31.7,31.71,6245,2022-04-04 19:17:00,XP
31.715,31.73,31.685,31.69,12206,2022-04-04 19:18:00,XP
31.69,31.72,31.69,31.7,8878,2022-04-04 19:19:00,XP
31.7,31.725,31.7,31.71,3239,2022-04-04 19:20:00,XP
31.71,31.715,31.7,31.71,1500,2022-04-04 19:21:00,XP
31.71,31.71,31.7,31.7,843,2022-04-04 19:22:00,XP
31.7,31.73,31.695,31.695,9458,2022-04-04 19:23:00,XP
31.7,31.73,31.7,31.73,13473,2022-04-04 19:24:00,XP
31.72,31.735,31.7,31.735,9961,2022-04-04 19:25:00,XP
31.73,31.74,31.71,31.73,10821,2022-04-04 19:26:00,XP
31.735,31.75,31.7,31.71,20770,2022-04-04 19:27:00,XP
31.71,31.74,31.71,31.73,10042,2022-04-04 19:28:00,XP
31.74,31.74,31.725,31.725,5999,2022-04-04 19:29:00,XP
31.72,31.72,31.685,31.72,8142,2022-04-04 19:30:00,XP
31.71,31.735,31.7,31.72,20591,2022-04-04 19:31:00,XP
31.72,31.72,31.685,31.7,13554,2022-04-04 19:32:00,XP
31.72,31.75,31.72,31.725,7786,2022-04-04 19:33:00,XP
31.74,31.74,31.72,31.73,1300,2022-04-04 19:34:00,XP
31.74,31.75,31.7203,31.73,8257,2022-04-04 19:35:00,XP
31.73,31.745,31.7,31.72,9268,2022-04-04 19:36:00,XP
31.72,31.72,31.69,31.7,6762,2022-04-04 19:37:00,XP
31.7,31.715,31.69,31.715,3661,2022-04-04 19:38:00,XP
31.715,31.745,31.71,31.745,6559,2022-04-04 19:39:00,XP
31.75,31.77,31.735,31.74,10731,2022-04-04 19:40:00,XP
31.74,31.74,31.701,31.71,900,2022-04-04 19:41:00,XP
31.7,31.705,31.69,31.7,8097,2022-04-04 19:42:00,XP
31.71,31.71,31.682,31.69,5702,2022-04-04 19:43:00,XP
31.7,31.705,31.685,31.685,7642,2022-04-04 19:44:00,XP
31.68,31.69,31.65,31.68,11899,2022-04-04 19:45:00,XP
31.68,31.73,31.68,31.7,15897,2022-04-04 19:46:00,XP
31.71,31.73,31.7,31.72,6378,2022-04-04 19:47:00,XP
31.715,31.7225,31.6825,31.685,9252,2022-04-04 19:48:00,XP
31.685,31.685,31.635,31.655,16626,2022-04-04 19:49:00,XP
31.66,31.75,31.66,31.74,27303,2022-04-04 19:50:00,XP
31.74,31.76,31.725,31.76,22546,2022-04-04 19:51:00,XP
31.74,31.77,31.725,31.76,29734,2022-04-04 19:52:00,XP
31.76,31.79,31.75,31.77,33424,2022-04-04 19:53:00,XP
31.78,31.8,31.77,31.8,34281,2022-04-04 19:54:00,XP
31.8,31.81,31.79,31.8,50054,2022-04-04 19:55:00,XP
31.8,31.805,31.76,31.76,32024,2022-04-04 19:56:00,XP
31.765,31.765,31.69,31.7,24724,2022-04-04 19:57:00,XP
31.7,31.72,31.6901,31.7,22999,2022-04-04 19:58:00,XP
31.705,31.73,31.7,31.72,28762,2022-04-04 19:59:00,XP
31.74,31.74,31.74,31.74,116333,2022-04-04 20:00:00,XP
31.81,31.81,31.81,31.81,468,2022-04-04 20:01:00,XP
31.35,31.73,31.35,31.73,600,2022-04-04 20:02:00,XP
31.35,31.73,31.35,31.71,1205,2022-04-04 20:03:00,XP
31.43,31.43,31.43,31.43,285,2022-04-04 20:04:00,XP
31.74,31.74,31.74,31.74,144056,2022-04-04 20:07:00,XP
31.74,31.74,31.74,31.74,500,2022-04-04 20:33:00,XP
31.74,31.74,31.74,31.74,100,2022-04-04 20:35:00,XP
31.74,31.74,31.74,31.74,300,2022-04-04 20:38:00,XP
31.74,31.74,31.74,31.74,242,2022-04-04 20:46:00,XP
31.88,31.88,31.81,31.81,605,2022-04-05 13:11:00,XP
31.82,31.82,31.82,31.82,200,2022-04-05 13:21:00,XP
31.74,31.87,31.74,31.87,15085,2022-04-05 13:30:00,XP
31.89,31.89,31.714,31.714,4672,2022-04-05 13:31:00,XP
31.76,31.76,31.64,31.72,6721,2022-04-05 13:32:00,XP
31.7,31.76,31.7,31.74,3502,2022-04-05 13:33:00,XP
31.735,31.745,31.735,31.745,700,2022-04-05 13:34:00,XP
31.75,31.75,31.68,31.72,5832,2022-04-05 13:35:00,XP
31.68,31.75,31.65,31.695,11556,2022-04-05 13:36:00,XP
31.62,31.825,31.62,31.825,6564,2022-04-05 13:37:00,XP
31.825,31.91,31.825,31.86,1165,2022-04-05 13:38:00,XP
31.86,31.9,31.845,31.845,2768,2022-04-05 13:39:00,XP
31.85,31.87,31.78,31.78,5900,2022-04-05 13:40:00,XP
31.775,31.79,31.75,31.785,4981,2022-04-05 13:41:00,XP
31.72,31.77,31.7,31.74,5932,2022-04-05 13:42:00,XP
31.75,31.75,31.71,31.75,5900,2022-04-05 13:43:00,XP
31.75,31.85,31.745,31.79,5285,2022-04-05 13:44:00,XP
31.795,31.8,31.75,31.75,1750,2022-04-05 13:45:00,XP
31.785,31.785,31.74,31.77,13798,2022-04-05 13:46:00,XP
31.76,31.79,31.74,31.78,9067,2022-04-05 13:47:00,XP
31.8,31.82,31.755,31.78,22798,2022-04-05 13:48:00,XP
31.8,31.84,31.76,31.83,13944,2022-04-05 13:49:00,XP
31.82,31.84,31.79,31.805,9804,2022-04-05 13:50:00,XP
31.805,31.82,31.78,31.795,1900,2022-04-05 13:51:00,XP
31.77,31.795,31.73,31.77,6402,2022-04-05 13:52:00,XP
31.77,31.77,31.71,31.76,7417,2022-04-05 13:53:00,XP
31.76,31.8,31.75,31.76,10598,2022-04-05 13:54:00,XP
31.77,31.84,31.75,31.84,4598,2022-04-05 13:55:00,XP
31.85,31.915,31.85,31.915,1924,2022-04-05 13:56:00,XP
31.915,31.93,31.84,31.84,5227,2022-04-05 13:57:00,XP
31.87,31.9,31.855,31.855,1600,2022-04-05 13:58:00,XP
31.88,31.88,31.8407,31.865,820,2022-04-05 13:59:00,XP
31.865,31.87,31.81,31.85,3800,2022-04-05 14:00:00,XP
31.83,31.85,31.7675,31.8,5784,2022-04-05 14:01:00,XP
31.8,31.96,31.8,31.93,2901,2022-04-05 14:02:00,XP
31.925,31.96,31.92,31.92,1950,2022-04-05 14:03:00,XP
31.92,31.92,31.82,31.84,5661,2022-04-05 14:04:00,XP
31.83,31.84,31.73,31.76,8306,2022-04-05 14:05:00,XP
31.76,31.78,31.75,31.78,8598,2022-04-05 14:06:00,XP
31.77,31.77,31.69,31.7,17592,2022-04-05 14:07:00,XP
31.705,31.72,31.65,31.665,17545,2022-04-05 14:08:00,XP
31.64,31.67,31.63,31.65,18230,2022-04-05 14:09:00,XP
31.63,31.73,31.58,31.73,13312,2022-04-05 14:10:00,XP
31.73,31.73,31.64,31.67,20363,2022-04-05 14:11:00,XP
31.67,31.68,31.58,31.63,20381,2022-04-05 14:12:00,XP
31.63,31.64,31.57,31.6,12009,2022-04-05 14:13:00,XP
31.58,31.605,31.56,31.56,9588,2022-04-05 14:14:00,XP
31.56,31.56,31.43,31.45,9832,2022-04-05 14:15:00,XP
31.44,31.45,31.4,31.45,14230,2022-04-05 14:16:00,XP
31.44,31.44,31.35,31.36,14771,2022-04-05 14:17:00,XP
31.38,31.42,31.375,31.41,16936,2022-04-05 14:18:00,XP
31.41,31.42,31.35,31.38,18391,2022-04-05 14:19:00,XP
31.36,31.36,31.33,31.34,2260,2022-04-05 14:20:00,XP
31.335,31.35,31.3,31.32,6429,2022-04-05 14:21:00,XP
31.32,31.32,31.16,31.26,19106,2022-04-05 14:22:00,XP
31.29,31.3,31.255,31.29,15555,2022-04-05 14:23:00,XP
31.3,31.3,31.25,31.26,24471,2022-04-05 14:24:00,XP
31.26,31.3,31.26,31.3,3700,2022-04-05 14:25:00,XP
31.3,31.3,31.13,31.155,18677,2022-04-05 14:26:00,XP
31.155,31.155,31.08,31.085,5295,2022-04-05 14:27:00,XP
31.09,31.12,31.0,31.0,3630,2022-04-05 14:28:00,XP
31.0,31.1,30.99,31.07,6092,2022-04-05 14:29:00,XP
31.07,31.11,31.07,31.09,2188,2022-04-05 14:30:00,XP
31.08,31.1,31.03,31.065,6331,2022-04-05 14:31:00,XP
31.04,31.05,31.04,31.05,976,2022-04-05 14:32:00,XP
31.05,31.05,31.01,31.035,1780,2022-04-05 14:33:00,XP
31.035,31.06,30.99,31.005,4093,2022-04-05 14:34:00,XP
30.99,31.02,30.93,30.955,72890,2022-04-05 14:35:00,XP
30.95,31.0,30.95,31.0,11845,2022-04-05 14:36:00,XP
30.995,30.995,30.91,30.91,4815,2022-04-05 14:37:00,XP
30.91,30.91,30.81,30.81,13015,2022-04-05 14:38:00,XP
30.83,30.83,30.81,30.81,432,2022-04-05 14:39:00,XP
30.8,30.84,30.79,30.82,5049,2022-04-05 14:40:00,XP
30.82,30.82,30.77,30.77,3450,2022-04-05 14:41:00,XP
30.77,30.77,30.69,30.71,3095,2022-04-05 14:42:00,XP
30.71,30.71,30.65,30.69,4028,2022-04-05 14:43:00,XP
30.705,30.705,30.66,30.67,5380,2022-04-05 14:44:00,XP
30.66,30.685,30.66,30.685,1700,2022-04-05 14:45:00,XP
30.68,30.7,30.66,30.67,1130,2022-04-05 14:46:00,XP
30.69,30.74,30.67,30.74,40253,2022-04-05 14:47:00,XP
30.74,30.75,30.71,30.715,10483,2022-04-05 14:48:00,XP
30.73,30.74,30.72,30.74,14420,2022-04-05 14:49:00,XP
30.74,30.85,30.73,30.85,27058,2022-04-05 14:50:00,XP
30.86,30.96,30.83,30.95,20901,2022-04-05 14:51:00,XP
30.95,30.96,30.88,30.91,7163,2022-04-05 14:52:00,XP
30.915,30.915,30.87,30.87,1200,2022-04-05 14:53:00,XP
30.87,30.89,30.87,30.89,2100,2022-04-05 14:54:00,XP
30.885,30.89,30.85,30.87,2400,2022-04-05 14:55:00,XP
30.86,30.87,30.86,30.87,600,2022-04-05 14:56:00,XP
30.85,30.87,30.85,30.855,792,2022-04-05 14:57:00,XP
30.855,30.86,30.855,30.86,400,2022-04-05 14:58:00,XP
30.88,30.9,30.86,30.88,2850,2022-04-05 14:59:00,XP
30.895,30.9,30.84,30.85,8495,2022-04-05 15:00:00,XP
30.86,30.88,30.82,30.87,3040,2022-04-05 15:01:00,XP
30.84,30.86,30.8,30.825,10130,2022-04-05 15:03:00,XP
30.84,30.87,30.83,30.84,4058,2022-04-05 15:04:00,XP
30.84,30.845,30.83,30.83,1515,2022-04-05 15:05:00,XP
30.83,30.86,30.82,30.84,16500,2022-04-05 15:06:00,XP
30.83,30.85,30.83,30.85,7512,2022-04-05 15:07:00,XP
30.85,30.9,30.845,30.9,10792,2022-04-05 15:08:00,XP
30.9,30.9,30.88,30.885,8361,2022-04-05 15:09:00,XP
30.885,30.9,30.87,30.895,9715,2022-04-05 15:10:00,XP
30.89,30.9,30.89,30.895,18665,2022-04-05 15:11:00,XP
30.9,30.9,30.89,30.89,12084,2022-04-05 15:12:00,XP
30.895,30.895,30.89,30.895,3979,2022-04-05 15:13:00,XP
30.89,30.895,30.87,30.885,1800,2022-04-05 15:14:00,XP
30.885,30.89,30.87,30.88,2550,2022-04-05 15:15:00,XP
30.875,30.88,30.855,30.86,11473,2022-04-05 15:16:00,XP
30.86,30.875,30.86,30.875,669,2022-04-05 15:17:00,XP
30.85,30.89,30.85,30.89,4812,2022-04-05 15:18:00,XP
30.9,30.9,30.85,30.88,19301,2022-04-05 15:19:00,XP
30.88,30.9,30.88,30.89,22614,2022-04-05 15:20:00,XP
30.89,30.94,30.89,30.9393,21404,2022-04-05 15:21:00,XP
30.925,30.95,30.88,30.9,42682,2022-04-05 15:22:00,XP
30.9,30.92,30.87,30.88,45979,2022-04-05 15:23:00,XP
30.88,30.89,30.83,30.87,19899,2022-04-05 15:24:00,XP
30.87,30.91,30.87,30.875,27412,2022-04-05 15:25:00,XP
30.88,30.9,30.87,30.9,13792,2022-04-05 15:26:00,XP
30.9,30.91,30.88,30.9,2132,2022-04-05 15:27:00,XP
30.9,30.93,30.89,30.93,5946,2022-04-05 15:28:00,XP
30.92,30.925,30.895,30.91,2879,2022-04-05 15:29:00,XP
30.905,30.92,30.905,30.92,392,2022-04-05 15:30:00,XP
30.92,31.015,30.92,31.0,9650,2022-04-05 15:31:00,XP
30.99,31.04,30.98,31.04,2925,2022-04-05 15:32:00,XP
31.06,31.08,31.04,31.06,5261,2022-04-05 15:33:00,XP
31.055,31.13,31.04,31.11,14431,2022-04-05 15:34:00,XP
31.115,31.15,31.11,31.12,7044,2022-04-05 15:35:00,XP
31.095,31.11,31.08,31.11,3700,2022-04-05 15:36:00,XP
31.095,31.14,31.095,31.12,7901,2022-04-05 15:37:00,XP
31.11,31.11,31.1,31.1,1284,2022-04-05 15:38:00,XP
31.1,31.11,31.075,31.1,12348,2022-04-05 15:39:00,XP
31.1,31.1,31.075,31.08,10978,2022-04-05 15:40:00,XP
31.07,31.1,31.07,31.09,2447,2022-04-05 15:41:00,XP
31.095,31.12,31.095,31.1,3288,2022-04-05 15:42:00,XP
31.11,31.11,31.04,31.055,19128,2022-04-05 15:43:00,XP
31.07,31.08,31.04,31.05,17571,2022-04-05 15:44:00,XP
31.06,31.09,31.04,31.06,17108,2022-04-05 15:45:00,XP
31.06,31.07,30.98,31.02,28808,2022-04-05 15:46:00,XP
31.02,31.07,31.02,31.05,9382,2022-04-05 15:47:00,XP
31.06,31.07,31.02,31.03,8753,2022-04-05 15:48:00,XP
31.05,31.07,31.01,31.07,18000,2022-04-05 15:49:00,XP
31.06,31.06,31.045,31.06,600,2022-04-05 15:50:00,XP
31.08,31.1,31.08,31.1,1000,2022-04-05 15:51:00,XP
31.08,31.1,31.07,31.08,1100,2022-04-05 15:52:00,XP
31.09,31.09,31.06,31.07,1800,2022-04-05 15:53:00,XP
31.03,31.07,31.01,31.07,9299,2022-04-05 15:54:00,XP
31.062,31.09,31.06,31.065,3434,2022-04-05 15:55:00,XP
31.05,31.08,31.04,31.06,7825,2022-04-05 15:56:00,XP
31.07,31.08,31.015,31.07,6859,2022-04-05 15:57:00,XP
31.04,31.15,31.04,31.05,36170,2022-04-05 15:58:00,XP
31.03,31.035,31.02,31.02,400,2022-04-05 15:59:00,XP
31.04,31.06,31.035,31.045,1400,2022-04-05 16:00:00,XP
31.04,31.04,30.9701,30.9701,3181,2022-04-05 16:01:00,XP
30.98,30.99,30.94,30.95,3377,2022-04-05 16:02:00,XP
30.955,31.02,30.955,31.0,3691,2022-04-05 16:03:00,XP
31.01,31.03,31.0,31.01,1200,2022-04-05 16:04:00,XP
31.03,31.06,31.02,31.06,5523,2022-04-05 16:05:00,XP
31.05,31.05,31.05,31.05,100,2022-04-05 16:06:00,XP
31.03,31.05,31.03,31.05,1600,2022-04-05 16:07:00,XP
31.06,31.06,31.06,31.06,100,2022-04-05 16:08:00,XP
31.03,31.06,31.02,31.06,1883,2022-04-05 16:09:00,XP
31.06,31.07,31.04,31.06,1400,2022-04-05 16:10:00,XP
31.02,31.06,31.0,31.06,5335,2022-04-05 16:11:00,XP
31.04,31.05,31.02,31.05,1400,2022-04-05 16:12:00,XP
31.03,31.09,31.03,31.09,3050,2022-04-05 16:13:00,XP
31.04,31.08,31.04,31.06,1400,2022-04-05 16:14:00,XP
31.075,31.08,31.06,31.065,681,2022-04-05 16:15:00,XP
31.05,31.06,31.03,31.03,1605,2022-04-05 16:16:00,XP
31.03,31.06,31.03,31.06,10281,2022-04-05 16:17:00,XP
31.04,31.07,31.03,31.03,6500,2022-04-05 16:18:00,XP
31.03,31.03,31.0,31.0,600,2022-04-05 16:19:00,XP
31.0,31.03,30.99,31.03,1750,2022-04-05 16:20:00,XP
31.03,31.06,31.02,31.06,6073,2022-04-05 16:21:00,XP
31.04,31.04,31.01,31.04,1410,2022-04-05 16:22:00,XP
31.03,31.04,31.01,31.03,2000,2022-04-05 16:23:00,XP
31.02,31.02,30.98,30.98,8507,2022-04-05 16:24:00,XP
30.99,30.99,30.92,30.96,30397,2022-04-05 16:25:00,XP
30.97,31.02,30.96,30.975,43500,2022-04-05 16:26:00,XP
30.975,30.975,30.94,30.96,18324,2022-04-05 16:27:00,XP
30.95,31.01,30.93,30.97,43708,2022-04-05 16:28:00,XP
30.97,30.975,30.94,30.945,5991,2022-04-05 16:29:00,XP
30.96,31.0,30.945,30.98,67778,2022-04-05 16:30:00,XP
30.98,31.0,30.97,31.0,7540,2022-04-05 16:31:00,XP
30.995,31.01,30.995,31.005,4202,2022-04-05 16:32:00,XP
31.005,31.005,31.005,31.005,902,2022-04-05 16:33:00,XP
31.0,31.03,30.99,31.03,5205,2022-04-05 16:34:00,XP
31.02,31.03,30.995,30.995,3134,2022-04-05 16:35:00,XP
30.995,31.01,30.995,31.01,4598,2022-04-05 16:36:00,XP
31.003,31.01,31.003,31.01,400,2022-04-05 16:37:00,XP
31.01,31.05,31.0,31.05,4786,2022-04-05 16:38:00,XP
31.039,31.06,31.039,31.04,3281,2022-04-05 16:39:00,XP
31.03,31.03,30.96,30.98,91459,2022-04-05 16:40:00,XP
30.98,31.0,30.98,30.985,5596,2022-04-05 16:41:00,XP
30.99,30.995,30.99,30.99,1596,2022-04-05 16:42:00,XP
30.99,30.995,30.99,30.995,4442,2022-04-05 16:43:00,XP
30.995,30.995,30.97,30.985,4400,2022-04-05 16:44:00,XP
30.98,30.99,30.98,30.99,1000,2022-04-05 16:45:00,XP
30.985,31.0,30.985,30.985,1200,2022-04-05 16:46:00,XP
31.0,31.0,30.995,30.995,3222,2022-04-05 16:47:00,XP
30.99,31.05,30.99,31.05,24786,2022-04-05 16:48:00,XP
31.06,31.07,31.03,31.03,3500,2022-04-05 16:49:00,XP
31.04,31.04,31.02,31.02,600,2022-04-05 16:50:00,XP
31.03,31.03,31.0,31.01,1990,2022-04-05 16:51:00,XP
31.01,31.01,30.99,30.995,4047,2022-04-05 16:52:00,XP
30.995,30.995,30.99,30.995,518,2022-04-05 16:53:00,XP
30.995,30.995,30.98,30.99,2300,2022-04-05 16:54:00,XP
31.0,31.05,31.0,31.05,3979,2022-04-05 16:55:00,XP
31.035,31.06,31.035,31.055,3591,2022-04-05 16:56:00,XP
31.055,31.07,31.04,31.05,5853,2022-04-05 16:57:00,XP
31.055,31.07,31.03,31.07,3000,2022-04-05 16:58:00,XP
31.08,31.09,31.07,31.08,1800,2022-04-05 16:59:00,XP
31.06,31.09,31.06,31.08,1050,2022-04-05 17:00:00,XP
31.09,31.11,31.09,31.095,2100,2022-04-05 17:01:00,XP
31.11,31.11,31.1,31.1,300,2022-04-05 17:02:00,XP
31.11,31.15,31.11,31.15,1900,2022-04-05 17:03:00,XP
31.11,31.13,31.1,31.11,4579,2022-04-05 17:05:00,XP
31.12,31.15,31.11,31.15,3031,2022-04-05 17:06:00,XP
31.15,31.15,31.15,31.15,652,2022-04-05 17:07:00,XP
31.15,31.16,31.14,31.14,1276,2022-04-05 17:08:00,XP
31.13,31.17,31.13,31.17,2110,2022-04-05 17:09:00,XP
31.18,31.2,31.18,31.19,1100,2022-04-05 17:10:00,XP
31.17,31.17,31.15,31.1514,3491,2022-04-05 17:11:00,XP
31.145,31.145,31.145,31.145,100,2022-04-05 17:12:00,XP
31.13,31.14,31.12,31.12,1684,2022-04-05 17:13:00,XP
31.13,31.16,31.13,31.16,4006,2022-04-05 17:14:00,XP
31.16,31.195,31.155,31.18,6719,2022-04-05 17:15:00,XP
31.18,31.23,31.17,31.19,22189,2022-04-05 17:16:00,XP
31.19,31.19,31.17,31.18,600,2022-04-05 17:17:00,XP
31.18,31.23,31.18,31.23,3000,2022-04-05 17:18:00,XP
31.22,31.22,31.18,31.18,200,2022-04-05 17:19:00,XP
31.16,31.17,31.16,31.17,1200,2022-04-05 17:20:00,XP
31.17,31.18,31.14,31.17,34727,2022-04-05 17:21:00,XP
31.17,31.18,31.16,31.18,1055,2022-04-05 17:22:00,XP
31.18,31.2,31.16,31.16,4190,2022-04-05 17:23:00,XP
31.17,31.19,31.17,31.19,500,2022-04-05 17:24:00,XP
31.18,31.2,31.18,31.2,900,2022-04-05 17:25:00,XP
31.2,31.2,31.16,31.16,2864,2022-04-05 17:26:00,XP
31.16,31.17,31.15,31.15,3223,2022-04-05 17:27:00,XP
31.15,31.17,31.15,31.15,1700,2022-04-05 17:28:00,XP
31.15,31.16,31.12,31.14,3100,2022-04-05 17:29:00,XP
31.12,31.12,31.1,31.11,628,2022-04-05 17:30:00,XP
31.1,31.15,31.1,31.15,3612,2022-04-05 17:31:00,XP
31.13,31.155,31.13,31.155,2577,2022-04-05 17:32:00,XP
31.155,31.155,31.15,31.15,504,2022-04-05 17:33:00,XP
31.14,31.15,31.13,31.135,1520,2022-04-05 17:34:00,XP
31.13,31.16,31.12,31.155,2314,2022-04-05 17:35:00,XP
31.16,31.16,31.16,31.16,300,2022-04-05 17:36:00,XP
31.15,31.19,31.15,31.17,2384,2022-04-05 17:37:00,XP
31.18,31.18,31.16,31.17,4000,2022-04-05 17:38:00,XP
31.16,31.17,31.12,31.13,2400,2022-04-05 17:39:00,XP
31.13,31.13,31.12,31.12,1923,2022-04-05 17:40:00,XP
31.11,31.12,31.11,31.12,2050,2022-04-05 17:41:00,XP
31.12,31.125,31.1,31.115,9253,2022-04-05 17:42:00,XP
31.11,31.12,31.09,31.1,5501,2022-04-05 17:43:00,XP
31.09,31.1,31.08,31.1,5361,2022-04-05 17:44:00,XP
31.09,31.1,31.07,31.0838,12546,2022-04-05 17:45:00,XP
31.09,31.1,31.06,31.095,6224,2022-04-05 17:46:00,XP
31.1,31.13,31.09,31.115,13110,2022-04-05 17:47:00,XP
31.115,31.12,31.1,31.1,612,2022-04-05 17:48:00,XP
31.12,31.12,31.095,31.095,1020,2022-04-05 17:49:00,XP
31.08,31.1,31.08,31.1,1400,2022-04-05 17:50:00,XP
31.1,31.12,31.1,31.12,2294,2022-04-05 17:51:00,XP
31.11,31.12,31.105,31.115,2765,2022-04-05 17:52:00,XP
31.11,31.13,31.09,31.12,5173,2022-04-05 17:53:00,XP
31.13,31.15,31.13,31.15,904,2022-04-05 17:54:00,XP
31.15,31.15,31.1,31.1,42093,2022-04-05 17:55:00,XP
31.08,31.095,31.08,31.095,1150,2022-04-05 17:56:00,XP
31.095,31.12,31.08,31.115,2500,2022-04-05 17:57:00,XP
31.12,31.12,31.09,31.11,3244,2022-04-05 17:58:00,XP
31.12,31.13,31.1,31.13,2935,2022-04-05 17:59:00,XP
31.12,31.14,31.11,31.14,2130,2022-04-05 18:00:00,XP
31.14,31.15,31.12,31.12,5070,2022-04-05 18:01:00,XP
31.1,31.1,31.1,31.1,432,2022-04-05 18:02:00,XP
31.105,31.105,31.1,31.105,900,2022-04-05 18:03:00,XP
31.12,31.12,31.1,31.1,1000,2022-04-05 18:04:00,XP
31.11,31.11,31.1,31.105,9067,2022-04-05 18:05:00,XP
31.1,31.1,31.09,31.1,8262,2022-04-05 18:06:00,XP
31.095,31.095,31.06,31.08,4413,2022-04-05 18:07:00,XP
31.07,31.075,31.06,31.07,2241,2022-04-05 18:08:00,XP
31.075,31.08,31.06,31.07,9321,2022-04-05 18:09:00,XP
31.07,31.07,31.03,31.04,8152,2022-04-05 18:10:00,XP
31.045,31.07,31.03,31.07,3710,2022-04-05 18:11:00,XP
31.07,31.07,31.01,31.01,5321,2022-04-05 18:12:00,XP
31.025,31.04,31.025,31.03,1042,2022-04-05 18:13:00,XP
31.03,31.06,31.02,31.03,5542,2022-04-05 18:14:00,XP
31.04,31.05,31.04,31.05,1241,2022-04-05 18:15:00,XP
31.06,31.065,31.03,31.065,5003,2022-04-05 18:16:00,XP
31.07,31.09,31.06,31.09,1643,2022-04-05 18:17:00,XP
31.09,31.13,31.08,31.13,2300,2022-04-05 18:18:00,XP
31.12,31.13,31.11,31.13,2168,2022-04-05 18:19:00,XP
31.125,31.14,31.125,31.14,3922,2022-04-05 18:20:00,XP
31.13,31.17,31.12,31.14,5914,2022-04-05 18:21:00,XP
31.135,31.14,31.1,31.12,2763,2022-04-05 18:22:00,XP
31.12,31.13,31.09,31.13,3145,2022-04-05 18:23:00,XP
31.12,31.135,31.11,31.135,1906,2022-04-05 18:24:00,XP
31.135,31.165,31.135,31.155,3055,2022-04-05 18:25:00,XP
31.155,31.155,31.155,31.155,250,2022-04-05 18:26:00,XP
31.155,31.155,31.14,31.14,200,2022-04-05 18:27:00,XP
31.15,31.15,31.13,31.15,4829,2022-04-05 18:28:00,XP
31.14,31.14,31.09,31.115,7558,2022-04-05 18:29:00,XP
31.12,31.12,31.12,31.12,100,2022-04-05 18:30:00,XP
31.11,31.15,31.0975,31.14,6833,2022-04-05 18:31:00,XP
31.15,31.17,31.11,31.115,11819,2022-04-05 18:32:00,XP
31.13,31.145,31.12,31.145,1600,2022-04-05 18:33:00,XP
31.12,31.12,31.11,31.12,1250,2022-04-05 18:34:00,XP
31.13,31.19,31.13,31.19,1900,2022-04-05 18:35:00,XP
31.21,31.23,31.21,31.23,400,2022-04-05 18:36:00,XP
31.24,31.25,31.23,31.235,2300,2022-04-05 18:37:00,XP
31.25,31.27,31.22,31.25,3971,2022-04-05 18:38:00,XP
31.26,31.27,31.22,31.235,4899,2022-04-05 18:39:00,XP
31.24,31.26,31.22,31.25,2595,2022-04-05 18:40:00,XP
31.27,31.27,31.25,31.26,2582,2022-04-05 18:41:00,XP
31.27,31.32,31.26,31.31,4726,2022-04-05 18:42:00,XP
31.32,31.37,31.31,31.35,4164,2022-04-05 18:43:00,XP
31.37,31.37,31.34,31.35,5625,2022-04-05 18:44:00,XP
31.37,31.37,31.31,31.33,6328,2022-04-05 18:45:00,XP
31.34,31.34,31.29,31.31,2015,2022-04-05 18:46:00,XP
31.3,31.3,31.24,31.26,6742,2022-04-05 18:47:00,XP
31.28,31.28,31.22,31.225,3450,2022-04-05 18:48:00,XP
31.23,31.26,31.22,31.235,18693,2022-04-05 18:49:00,XP
31.25,31.29,31.25,31.28,2400,2022-04-05 18:50:00,XP
31.28,31.28,31.25,31.27,4203,2022-04-05 18:51:00,XP
31.28,31.29,31.28,31.28,1239,2022-04-05 18:52:00,XP
31.28,31.29,31.24,31.29,5995,2022-04-05 18:53:00,XP
31.25,31.28,31.25,31.28,400,2022-04-05 18:54:00,XP
31.28,31.31,31.27,31.27,2322,2022-04-05 18:55:00,XP
31.285,31.32,31.285,31.31,3184,2022-04-05 18:56:00,XP
31.3,31.32,31.27,31.3,11077,2022-04-05 18:57:00,XP
31.3,31.31,31.295,31.295,918,2022-04-05 18:58:00,XP
31.295,31.3,31.25,31.26,9362,2022-04-05 18:59:00,XP
31.29,31.31,31.285,31.285,2746,2022-04-05 19:00:00,XP
31.29,31.325,31.29,31.32,4927,2022-04-05 19:01:00,XP
31.32,31.33,31.3,31.3,5590,2022-04-05 19:02:00,XP
31.3,31.3,31.27,31.29,1700,2022-04-05 19:03:00,XP
31.29,31.29,31.26,31.26,3719,2022-04-05 19:04:00,XP
31.24,31.26,31.24,31.25,2875,2022-04-05 19:05:00,XP
31.24,31.25,31.23,31.25,3464,2022-04-05 19:06:00,XP
31.24,31.27,31.24,31.245,3280,2022-04-05 19:07:00,XP
31.23,31.24,31.22,31.24,1501,2022-04-05 19:08:00,XP
31.235,31.26,31.22,31.25,11657,2022-04-05 19:09:00,XP
31.2529,31.2529,31.24,31.24,2552,2022-04-05 19:10:00,XP
31.23,31.25,31.22,31.245,11213,2022-04-05 19:11:00,XP
31.24,31.25,31.19,31.24,8036,2022-04-05 19:12:00,XP
31.23,31.23,31.22,31.23,2759,2022-04-05 19:13:00,XP
31.23,31.25,31.22,31.24,6100,2022-04-05 19:14:00,XP
31.24,31.24,31.21,31.24,5667,2022-04-05 19:15:00,XP
31.245,31.26,31.24,31.26,4134,2022-04-05 19:16:00,XP
31.25,31.26,31.24,31.26,2133,2022-04-05 19:17:00,XP
31.25,31.26,31.23,31.26,3700,2022-04-05 19:18:00,XP
31.265,31.27,31.24,31.25,8239,2022-04-05 19:19:00,XP
31.25,31.25,31.23,31.25,5763,2022-04-05 19:20:00,XP
31.25,31.25,31.24,31.25,1826,2022-04-05 19:21:00,XP
31.25,31.25,31.23,31.23,3796,2022-04-05 19:22:00,XP
31.23,31.29,31.23,31.29,4534,2022-04-05 19:23:00,XP
31.29,31.36,31.29,31.36,4690,2022-04-05 19:24:00,XP
31.345,31.35,31.29,31.29,6622,2022-04-05 19:25:00,XP
31.29,31.3,31.27,31.27,5469,2022-04-05 19:26:00,XP
31.27,31.29,31.27,31.28,2200,2022-04-05 19:27:00,XP
31.285,31.29,31.27,31.27,3365,2022-04-05 19:28:00,XP
31.27,31.28,31.24,31.25,5671,2022-04-05 19:29:00,XP
31.25,31.25,31.22,31.23,5508,2022-04-05 19:30:00,XP
31.24,31.24,31.2,31.2,6155,2022-04-05 19:31:00,XP
31.2,31.215,31.19,31.21,8155,2022-04-05 19:32:00,XP
31.21,31.215,31.2,31.215,2576,2022-04-05 19:33:00,XP
31.22,31.22,31.155,31.18,13046,2022-04-05 19:34:00,XP
31.18,31.22,31.18,31.22,11245,2022-04-05 19:35:00,XP
31.22,31.24,31.22,31.23,7933,2022-04-05 19:36:00,XP
31.23,31.26,31.23,31.26,3356,2022-04-05 19:37:00,XP
31.26,31.26,31.24,31.26,6231,2022-04-05 19:38:00,XP
31.25,31.25,31.2,31.21,5900,2022-04-05 19:39:00,XP
31.22,31.22,31.19,31.2,3324,2022-04-05 19:40:00,XP
31.2,31.215,31.2,31.205,4190,2022-04-05 19:41:00,XP
31.205,31.22,31.195,31.2,8653,2022-04-05 19:42:00,XP
31.205,31.23,31.2,31.215,9243,2022-04-05 19:43:00,XP
31.21,31.225,31.19,31.215,11403,2022-04-05 19:44:00,XP
31.22,31.245,31.21,31.22,8387,2022-04-05 19:45:00,XP
31.22,31.25,31.21,31.23,9480,2022-04-05 19:46:00,XP
31.235,31.235,31.2,31.2,8058,2022-04-05 19:47:00,XP
31.2,31.23,31.2,31.225,7904,2022-04-05 19:48:00,XP
31.225,31.225,31.22,31.22,9852,2022-04-05 19:49:00,XP
31.22,31.29,31.22,31.29,23672,2022-04-05 19:50:00,XP
31.29,31.31,31.28,31.3,9630,2022-04-05 19:51:00,XP
31.3,31.32,31.28,31.28,12850,2022-04-05 19:52:00,XP
31.29,31.29,31.24,31.245,11203,2022-04-05 19:53:00,XP
31.24,31.25,31.21,31.25,33458,2022-04-05 19:54:00,XP
31.255,31.26,31.22,31.23,22044,2022-04-05 19:55:00,XP
31.225,31.23,31.215,31.22,23007,2022-04-05 19:56:00,XP
31.225,31.225,31.18,31.19,34650,2022-04-05 19:57:00,XP
31.185,31.21,31.18,31.21,32060,2022-04-05 19:58:00,XP
31.205,31.31,31.2,31.3,134016,2022-04-05 19:59:00,XP
31.3,31.3,31.3,31.3,177012,2022-04-05 20:00:00,XP
31.3,31.3,31.3,31.3,67545,2022-04-05 20:07:00,XP
31.32,31.32,31.3,31.3,442,2022-04-05 20:12:00,XP
31.2,31.2,31.2,31.2,525,2022-04-05 20:29:00,XP
30.48,30.48,30.48,30.48,100,2022-04-06 13:10:00,XP
30.3,30.3,30.1801,30.1801,2002,2022-04-06 13:12:00,XP
30.17,30.17,30.17,30.17,100,2022-04-06 13:24:00,XP
30.06,30.09,30.06,30.09,266,2022-04-06 13:27:00,XP
30.1,30.37,30.1,30.37,1453,2022-04-06 13:28:00,XP
30.39,30.44,30.38,30.44,900,2022-04-06 13:29:00,XP
30.45,30.51,30.38,30.44,18255,2022-04-06 13:30:00,XP
30.44,30.69,30.41,30.455,16757,2022-04-06 13:31:00,XP
30.4275,30.46,30.415,30.415,3083,2022-04-06 13:32:00,XP
30.39,30.415,30.31,30.33,12870,2022-04-06 13:33:00,XP
30.33,30.44,30.2925,30.44,2375,2022-04-06 13:34:00,XP
30.44,30.45,30.4,30.4,3572,2022-04-06 13:35:00,XP
30.345,30.345,30.28,30.3394,6779,2022-04-06 13:36:00,XP
30.34,30.44,30.32,30.42,29752,2022-04-06 13:37:00,XP
30.43,30.47,30.38,30.47,21289,2022-04-06 13:38:00,XP
30.41,30.45,30.4,30.4,2000,2022-04-06 13:39:00,XP
30.39,30.47,30.35,30.43,15204,2022-04-06 13:40:00,XP
30.39,30.48,30.39,30.45,12876,2022-04-06 13:41:00,XP
30.445,30.51,30.36,30.46,23919,2022-04-06 13:42:00,XP
30.4699,30.4699,30.36,30.41,5931,2022-04-06 13:43:00,XP
30.43,30.46,30.4,30.42,4682,2022-04-06 13:44:00,XP
30.425,30.47,30.4,30.47,9135,2022-04-06 13:45:00,XP
30.47,30.5,30.45,30.45,1763,2022-04-06 13:46:00,XP
30.38,30.42,30.23,30.25,22006,2022-04-06 13:47:00,XP
30.235,30.25,30.1,30.115,18677,2022-04-06 13:48:00,XP
30.09,30.2,30.09,30.19,18822,2022-04-06 13:49:00,XP
30.19,30.21,30.04,30.05,15905,2022-04-06 13:50:00,XP
30.08,30.15,30.065,30.15,15586,2022-04-06 13:51:00,XP
30.18,30.2,30.15,30.2,4942,2022-04-06 13:52:00,XP
30.16,30.19,30.12,30.16,7062,2022-04-06 13:53:00,XP
30.15,30.17,30.1,30.11,23758,2022-04-06 13:54:00,XP
30.12,30.175,30.08,30.13,38274,2022-04-06 13:55:00,XP
30.145,30.16,30.08,30.14,40599,2022-04-06 13:56:00,XP
30.13,30.14,30.08,30.1,31040,2022-04-06 13:57:00,XP
30.115,30.15,30.075,30.075,20741,2022-04-06 13:58:00,XP
30.065,30.13,30.04,30.1,31885,2022-04-06 13:59:00,XP
30.11,30.15,30.08,30.15,42272,2022-04-06 14:00:00,XP
30.15,30.18,30.1,30.1075,19311,2022-04-06 14:01:00,XP
30.11,30.14,30.07,30.13,12961,2022-04-06 14:02:00,XP
30.14,30.16,30.11,30.13,6525,2022-04-06 14:03:00,XP
30.14,30.16,30.12,30.125,14326,2022-04-06 14:04:00,XP
30.125,30.18,30.125,30.15,13675,2022-04-06 14:05:00,XP
30.16,30.2,30.12,30.18,12248,2022-04-06 14:06:00,XP
30.18,30.19,30.17,30.175,2500,2022-04-06 14:07:00,XP
30.15,30.16,30.14,30.15,3431,2022-04-06 14:08:00,XP
30.16,30.175,30.16,30.16,1900,2022-04-06 14:09:00,XP
30.16,30.18,30.16,30.17,101197,2022-04-06 14:10:00,XP
30.165,30.18,30.13,30.13,3868,2022-04-06 14:11:00,XP
30.13,30.13,30.06,30.08,3892,2022-04-06 14:12:00,XP
30.08,30.12,30.04,30.1,13566,2022-04-06 14:13:00,XP
30.1,30.17,30.065,30.145,19758,2022-04-06 14:14:00,XP
30.17,30.27,30.17,30.27,2311,2022-04-06 14:15:00,XP
30.3,30.36,30.29,30.34,3650,2022-04-06 14:16:00,XP
30.34,30.34,30.32,30.335,3300,2022-04-06 14:17:00,XP
30.335,30.46,30.335,30.46,2200,2022-04-06 14:18:00,XP
30.46,30.54,30.45,30.49,5172,2022-04-06 14:19:00,XP
30.47,30.48,30.44,30.445,2000,2022-04-06 14:20:00,XP
30.455,30.455,30.435,30.44,300,2022-04-06 14:21:00,XP
30.45,30.48,30.45,30.455,500,2022-04-06 14:22:00,XP
30.43,30.52,30.43,30.52,3641,2022-04-06 14:23:00,XP
30.55,30.55,30.55,30.55,200,2022-04-06 14:24:00,XP
30.5,30.5,30.37,30.37,4656,2022-04-06 14:25:00,XP
30.37,30.37,30.25,30.28,5433,2022-04-06 14:26:00,XP
30.255,30.3,30.255,30.28,1400,2022-04-06 14:27:00,XP
30.3,30.31,30.25,30.295,27767,2022-04-06 14:28:00,XP
30.27,30.34,30.27,30.32,8200,2022-04-06 14:29:00,XP
30.33,30.44,30.33,30.44,2569,2022-04-06 14:30:00,XP
30.46,30.56,30.46,30.49,8965,2022-04-06 14:31:00,XP
30.45,30.45,30.32,30.32,27378,2022-04-06 14:32:00,XP
30.35,30.35,30.26,30.26,2872,2022-04-06 14:33:00,XP
30.29,30.35,30.27,30.31,8399,2022-04-06 14:34:00,XP
30.34,30.345,30.34,30.345,500,2022-04-06 14:35:00,XP
30.37,30.37,30.32,30.35,4201,2022-04-06 14:36:00,XP
30.355,30.41,30.32,30.32,52474,2022-04-06 14:37:00,XP
30.335,30.335,30.28,30.33,4228,2022-04-06 14:38:00,XP
30.34,30.35,30.34,30.35,1875,2022-04-06 14:39:00,XP
30.37,30.37,30.2805,30.3,4866,2022-04-06 14:40:00,XP
30.285,30.4,30.285,30.35,57725,2022-04-06 14:41:00,XP
30.34,30.39,30.34,30.39,1100,2022-04-06 14:42:00,XP
30.395,30.445,30.395,30.445,1152,2022-04-06 14:43:00,XP
30.445,30.51,30.445,30.5,6100,2022-04-06 14:44:00,XP
30.49,30.4997,30.46,30.49,2100,2022-04-06 14:45:00,XP
30.485,30.55,30.485,30.55,21450,2022-04-06 14:46:00,XP
30.535,30.55,30.48,30.48,3550,2022-04-06 14:47:00,XP
30.5,30.5342,30.45,30.5342,7451,2022-04-06 14:48:00,XP
30.525,30.54,30.525,30.535,1000,2022-04-06 14:49:00,XP
30.54,30.55,30.52,30.53,1850,2022-04-06 14:50:00,XP
30.53,30.54,30.53,30.53,850,2022-04-06 14:51:00,XP
30.53,30.53,30.5,30.52,962,2022-04-06 14:52:00,XP
30.49,30.515,30.48,30.51,6073,2022-04-06 14:53:00,XP
30.515,30.53,30.51,30.5125,3716,2022-04-06 14:54:00,XP
30.515,30.515,30.49,30.495,2526,2022-04-06 14:55:00,XP
30.5,30.5,30.445,30.465,2898,2022-04-06 14:56:00,XP
30.45,30.45,30.435,30.435,1760,2022-04-06 14:57:00,XP
30.42,30.47,30.42,30.46,4097,2022-04-06 14:58:00,XP
30.45,30.46,30.42,30.445,2964,2022-04-06 14:59:00,XP
30.43,30.43,30.32,30.325,2646,2022-04-06 15:00:00,XP
30.3,30.3,30.25,30.28,15407,2022-04-06 15:01:00,XP
30.28,30.36,30.28,30.29,6341,2022-04-06 15:02:00,XP
30.3,30.35,30.23,30.23,3480,2022-04-06 15:03:00,XP
30.24,30.28,30.24,30.27,2064,2022-04-06 15:04:00,XP
30.25,30.32,30.25,30.32,5166,2022-04-06 15:05:00,XP
30.295,30.31,30.27,30.31,3495,2022-04-06 15:06:00,XP
30.3,30.33,30.3,30.3,4467,2022-04-06 15:07:00,XP
30.3,30.32,30.26,30.275,3500,2022-04-06 15:08:00,XP
30.275,30.275,30.19,30.22,3000,2022-04-06 15:09:00,XP
30.22,30.26,30.2,30.22,11317,2022-04-06 15:10:00,XP
30.21,30.28,30.21,30.255,6868,2022-04-06 15:11:00,XP
30.24,30.3,30.24,30.29,6356,2022-04-06 15:12:00,XP
30.27,30.29,30.25,30.25,1388,2022-04-06 15:13:00,XP
30.25,30.29,30.25,30.285,4447,2022-04-06 15:14:00,XP
30.285,30.32,30.25,30.265,5944,2022-04-06 15:15:00,XP
30.25,30.3,30.25,30.29,3235,2022-04-06 15:16:00,XP
30.3,30.32,30.28,30.32,1286,2022-04-06 15:17:00,XP
30.31,30.355,30.31,30.335,5569,2022-04-06 15:18:00,XP
30.32,30.32,30.26,30.26,1751,2022-04-06 15:19:00,XP
30.24,30.27,30.24,30.25,2430,2022-04-06 15:20:00,XP
30.23,30.25,30.22,30.235,3115,2022-04-06 15:21:00,XP
30.22,30.28,30.18,30.24,12294,2022-04-06 15:22:00,XP
30.25,30.28,30.25,30.28,500,2022-04-06 15:23:00,XP
30.27,30.27,30.21,30.225,1988,2022-04-06 15:24:00,XP
30.22,30.25,30.22,30.24,1650,2022-04-06 15:25:00,XP
30.2,30.22,30.18,30.18,2800,2022-04-06 15:26:00,XP
30.18,30.19,30.17,30.18,3100,2022-04-06 15:27:00,XP
30.17,30.17,30.11,30.125,4042,2022-04-06 15:28:00,XP
30.1225,30.13,30.1,30.12,3332,2022-04-06 15:29:00,XP
30.1,30.12,30.07,30.1,8043,2022-04-06 15:30:00,XP
30.095,30.095,30.05,30.065,3386,2022-04-06 15:31:00,XP
30.065,30.09,30.05,30.06,9032,2022-04-06 15:32:00,XP
30.07,30.09,30.02,30.08,5517,2022-04-06 15:33:00,XP
30.1,30.15,29.95,30.15,144087,2022-04-06 15:34:00,XP
30.14,30.165,30.13,30.145,8854,2022-04-06 15:35:00,XP
30.16,30.16,30.14,30.155,2400,2022-04-06 15:36:00,XP
30.155,30.17,30.14,30.16,1600,2022-04-06 15:37:00,XP
30.165,30.2,30.151,30.19,2522,2022-04-06 15:38:00,XP
30.18,30.21,30.17,30.21,1212,2022-04-06 15:39:00,XP
30.2,30.24,30.2,30.24,500,2022-04-06 15:40:00,XP
30.265,30.33,30.265,30.32,3880,2022-04-06 15:41:00,XP
30.31,30.405,30.3,30.405,1830,2022-04-06 15:42:00,XP
30.39,30.405,30.33,30.33,5832,2022-04-06 15:43:00,XP
30.33,30.33,30.26,30.27,6326,2022-04-06 15:44:00,XP
30.27,30.31,30.25,30.25,5050,2022-04-06 15:45:00,XP
30.24,30.24,30.19,30.2,2100,2022-04-06 15:46:00,XP
30.205,30.22,30.18,30.18,2806,2022-04-06 15:47:00,XP
30.18,30.23,30.18,30.23,2835,2022-04-06 15:48:00,XP
30.24,30.29,30.24,30.29,4047,2022-04-06 15:49:00,XP
30.31,30.39,30.31,30.375,2600,2022-04-06 15:50:00,XP
30.36,30.375,30.34,30.355,4103,2022-04-06 15:51:00,XP
30.355,30.37,30.325,30.325,4827,2022-04-06 15:52:00,XP
30.34,30.37,30.34,30.37,1891,2022-04-06 15:53:00,XP
30.37,30.4,30.36,30.39,2265,2022-04-06 15:54:00,XP
30.41,30.45,30.41,30.42,6049,2022-04-06 15:55:00,XP
30.41,30.41,30.39,30.39,500,2022-04-06 15:56:00,XP
30.37,30.37,30.35,30.35,1360,2022-04-06 15:57:00,XP
30.35,30.4,30.32,30.4,2292,2022-04-06 15:58:00,XP
30.39,30.39,30.35,30.36,2637,2022-04-06 15:59:00,XP
30.35,30.37,30.35,30.36,612,2022-04-06 16:00:00,XP
30.37,30.37,30.33,30.37,1079,2022-04-06 16:01:00,XP
30.36,30.41,30.36,30.39,4235,2022-04-06 16:02:00,XP
30.41,30.41,30.39,30.39,532,2022-04-06 16:03:00,XP
30.36,30.39,30.36,30.39,400,2022-04-06 16:04:00,XP
30.38,30.39,30.38,30.38,1250,2022-04-06 16:05:00,XP
30.39,30.41,30.39,30.395,2400,2022-04-06 16:06:00,XP
30.38,30.395,30.36,30.39,1911,2022-04-06 16:07:00,XP
30.39,30.4295,30.39,30.4295,1700,2022-04-06 16:08:00,XP
30.41,30.41,30.35,30.35,2151,2022-04-06 16:09:00,XP
30.34,30.37,30.34,30.34,1774,2022-04-06 16:10:00,XP
30.3596,30.36,30.32,30.32,1400,2022-04-06 16:11:00,XP
30.32,30.34,30.29,30.29,1090,2022-04-06 16:12:00,XP
30.27,30.29,30.27,30.29,1000,2022-04-06 16:13:00,XP
30.29,30.29,30.27,30.27,1050,2022-04-06 16:14:00,XP
30.27,30.27,30.21,30.21,799,2022-04-06 16:15:00,XP
30.21,30.21,30.195,30.21,1900,2022-04-06 16:16:00,XP
30.2,30.26,30.2,30.22,2906,2022-04-06 16:17:00,XP
30.22,30.25,30.18,30.25,4595,2022-04-06 16:18:00,XP
30.22,30.23,30.19,30.19,1848,2022-04-06 16:19:00,XP
30.17,30.21,30.17,30.17,4515,2022-04-06 16:20:00,XP
30.17,30.2,30.17,30.18,1757,2022-04-06 16:21:00,XP
30.18,30.21,30.15,30.2,234186,2022-04-06 16:22:00,XP
30.18,30.18,30.14,30.16,3605,2022-04-06 16:23:00,XP
30.18,30.2574,30.165,30.2574,4700,2022-04-06 16:24:00,XP
30.27,30.285,30.26,30.28,3031,2022-04-06 16:25:00,XP
30.25,30.25,30.19,30.22,1621,2022-04-06 16:26:00,XP
30.21,30.3,30.2,30.29,28800,2022-04-06 16:27:00,XP
30.25,30.27,30.21,30.22,2395,2022-04-06 16:28:00,XP
30.2,30.21,30.17,30.195,6400,2022-04-06 16:29:00,XP
30.18,30.18,30.145,30.165,3600,2022-04-06 16:30:00,XP
30.19,30.24,30.175,30.21,1229,2022-04-06 16:31:00,XP
30.21,30.22,30.195,30.21,3308,2022-04-06 16:32:00,XP
30.21,30.2155,30.2,30.21,1492,2022-04-06 16:33:00,XP
30.2,30.28,30.2,30.28,3511,2022-04-06 16:34:00,XP
30.28,30.29,30.25,30.27,2136,2022-04-06 16:35:00,XP
30.25,30.25,30.23,30.25,1792,2022-04-06 16:36:00,XP
30.24,30.24,30.21,30.22,1300,2022-04-06 16:37:00,XP
30.19,30.235,30.17,30.22,5010,2022-04-06 16:38:00,XP
30.22,30.24,30.18,30.24,3985,2022-04-06 16:39:00,XP
30.21,30.22,30.19,30.2,900,2022-04-06 16:40:00,XP
30.2,30.22,30.2,30.2,1100,2022-04-06 16:41:00,XP
30.185,30.19,30.17,30.19,3700,2022-04-06 16:42:00,XP
30.18,30.225,30.18,30.185,6723,2022-04-06 16:43:00,XP
30.185,30.19,30.18,30.18,600,2022-04-06 16:44:00,XP
30.19,30.21,30.1775,30.185,8774,2022-04-06 16:45:00,XP
30.17,30.185,30.11,30.11,8052,2022-04-06 16:46:00,XP
30.11,30.11,30.07,30.07,2991,2022-04-06 16:47:00,XP
30.08,30.09,30.08,30.09,200,2022-04-06 16:48:00,XP
30.08,30.095,30.08,30.095,400,2022-04-06 16:49:00,XP
30.08,30.12,30.07,30.12,7215,2022-04-06 16:50:00,XP
30.09,30.12,30.09,30.09,1200,2022-04-06 16:51:00,XP
30.07,30.1,30.06,30.07,1570,2022-04-06 16:52:00,XP
30.07,30.11,30.07,30.09,1500,2022-04-06 16:53:00,XP
30.08,30.08,30.04,30.0547,1137,2022-04-06 16:54:00,XP
30.07,30.08,30.05,30.06,3775,2022-04-06 16:55:00,XP
30.06,30.08,30.05,30.07,3213,2022-04-06 16:56:00,XP
30.06,30.11,30.06,30.1,3200,2022-04-06 16:57:00,XP
30.09,30.135,30.09,30.12,8406,2022-04-06 16:58:00,XP
30.11,30.13,30.08,30.08,4935,2022-04-06 16:59:00,XP
30.07,30.08,30.03,30.05,3500,2022-04-06 17:00:00,XP
30.055,30.055,30.02,30.0203,3499,2022-04-06 17:01:00,XP
30.01,30.02,30.0,30.0,5200,2022-04-06 17:02:00,XP
30.01,30.01,30.0,30.0,800,2022-04-06 17:03:00,XP
30.01,30.035,30.01,30.025,3870,2022-04-06 17:04:00,XP
30.025,30.07,30.025,30.07,1832,2022-04-06 17:05:00,XP
30.05,30.075,30.05,30.075,500,2022-04-06 17:06:00,XP
30.075,30.075,30.075,30.075,100,2022-04-06 17:07:00,XP
30.06,30.09,30.04,30.06,11971,2022-04-06 17:08:00,XP
30.05,30.06,29.98,30.02,65142,2022-04-06 17:09:00,XP
30.04,30.055,29.98,29.99,65419,2022-04-06 17:10:00,XP
29.99,30.0,29.96,29.965,26455,2022-04-06 17:11:00,XP
29.96,29.99,29.96,29.975,3726,2022-04-06 17:12:00,XP
29.99,29.99,29.9,29.9,3776,2022-04-06 17:13:00,XP
29.92,29.93,29.89,29.89,3629,2022-04-06 17:14:00,XP
29.9084,29.93,29.895,29.92,2928,2022-04-06 17:15:00,XP
29.93,29.95,29.93,29.95,400,2022-04-06 17:16:00,XP
29.93,29.95,29.93,29.95,500,2022-04-06 17:17:00,XP
29.92,29.935,29.92,29.935,1600,2022-04-06 17:18:00,XP
29.935,29.96,29.93,29.94,3032,2022-04-06 17:19:00,XP
29.95,29.98,29.95,29.965,1501,2022-04-06 17:20:00,XP
29.98,29.98,29.975,29.98,300,2022-04-06 17:21:00,XP
29.975,29.975,29.96,29.96,1500,2022-04-06 17:22:00,XP
29.96,30.0,29.94,29.97,2975,2022-04-06 17:23:00,XP
29.98,29.99,29.97,29.99,2049,2022-04-06 17:24:00,XP
29.98,29.99,29.95,29.98,4100,2022-04-06 17:25:00,XP
29.96,29.98,29.96,29.975,1170,2022-04-06 17:26:00,XP
29.96,29.98,29.91,29.91,2539,2022-04-06 17:27:00,XP
29.935,29.95,29.92,29.94,1643,2022-04-06 17:28:00,XP
29.93,29.93,29.89,29.92,2750,2022-04-06 17:29:00,XP
29.91,29.925,29.89,29.89,790,2022-04-06 17:30:00,XP
29.89,29.89,29.85,29.86,6189,2022-04-06 17:31:00,XP
29.86,29.92,29.85,29.909,6604,2022-04-06 17:32:00,XP
29.905,30.02,29.905,29.97,14079,2022-04-06 17:33:00,XP
29.96,29.96,29.96,29.96,300,2022-04-06 17:34:00,XP
29.94,29.94,29.82,29.8687,4400,2022-04-06 17:35:00,XP
29.82,29.82,29.82,29.82,235,2022-04-06 17:36:00,XP
29.86,29.86,29.81,29.85,990,2022-04-06 17:37:00,XP
29.85,29.85,29.845,29.845,500,2022-04-06 17:38:00,XP
29.845,29.94,29.845,29.935,7690,2022-04-06 17:39:00,XP
29.94,29.98,29.94,29.98,1300,2022-04-06 17:40:00,XP
29.96,30.02,29.96,30.02,2924,2022-04-06 17:41:00,XP
30.01,30.02,29.99,30.0,32264,2022-04-06 17:42:00,XP
29.97,30.02,29.97,30.0,29906,2022-04-06 17:43:00,XP
29.985,30.02,29.975,29.9925,82768,2022-04-06 17:44:00,XP
29.99,30.0196,29.97,30.01,2600,2022-04-06 17:45:00,XP
29.985,29.99,29.97,29.985,1430,2022-04-06 17:46:00,XP
29.985,30.07,29.985,30.07,5911,2022-04-06 17:47:00,XP
30.065,30.09,30.05,30.07,1374,2022-04-06 17:48:00,XP
30.09,30.14,30.09,30.14,800,2022-04-06 17:49:00,XP
30.15,30.15,30.115,30.115,1543,2022-04-06 17:50:00,XP
30.11,30.13,30.1,30.105,2876,2022-04-06 17:51:00,XP
30.08,30.08,30.04,30.07,3979,2022-04-06 17:52:00,XP
30.055,30.06,30.01,30.01,2300,2022-04-06 17:53:00,XP
30.01,30.03,29.985,30.02,5045,2022-04-06 17:54:00,XP
29.99,30.02,29.99,30.01,1341,2022-04-06 17:55:00,XP
30.01,30.01,29.97,29.97,2197,2022-04-06 17:56:00,XP
29.96,30.01,29.96,29.99,5896,2022-04-06 17:57:00,XP
29.95,29.98,29.9,29.905,29617,2022-04-06 17:58:00,XP
29.9,29.91,29.88,29.91,3683,2022-04-06 17:59:00,XP
29.9,30.03,29.86,29.945,21225,2022-04-06 18:00:00,XP
29.945,30.06,29.94,30.04,8584,2022-04-06 18:01:00,XP
30.1,30.1,30.07,30.07,603,2022-04-06 18:02:00,XP
30.085,30.13,30.07,30.1,34855,2022-04-06 18:03:00,XP
30.1,30.13,30.09,30.11,6411,2022-04-06 18:04:00,XP
30.095,30.095,30.045,30.07,1400,2022-04-06 18:05:00,XP
30.06,30.11,30.03,30.03,2950,2022-04-06 18:06:00,XP
30.06,30.06,30.0,30.01,12825,2022-04-06 18:07:00,XP
30.015,30.015,29.935,29.955,8031,2022-04-06 18:08:00,XP
29.95,29.95,29.865,29.865,5735,2022-04-06 18:09:00,XP
29.88,29.88,29.84,29.845,2371,2022-04-06 18:10:00,XP
29.84,29.86,29.81,29.85,11679,2022-04-06 18:11:00,XP
29.85,29.9,29.83,29.83,5710,2022-04-06 18:12:00,XP
29.83,29.86,29.81,29.83,5696,2022-04-06 18:13:00,XP
29.82,29.82,29.73,29.74,6350,2022-04-06 18:14:00,XP
29.72,29.72,29.68,29.7,4300,2022-04-06 18:15:00,XP
29.69,29.72,29.66,29.71,22900,2022-04-06 18:16:00,XP
29.715,29.715,29.68,29.69,5849,2022-04-06 18:17:00,XP
29.69,29.7,29.67,29.68,3250,2022-04-06 18:18:00,XP
29.67,29.67,29.655,29.67,6900,2022-04-06 18:19:00,XP
29.68,29.73,29.67,29.705,34088,2022-04-06 18:20:00,XP
29.71,29.81,29.71,29.76,20323,2022-04-06 18:21:00,XP
29.77,29.77,29.73,29.75,10410,2022-04-06 18:22:00,XP
29.75,29.785,29.75,29.785,3301,2022-04-06 18:23:00,XP
29.79,29.84,29.79,29.81,4300,2022-04-06 18:24:00,XP
29.81,29.89,29.81,29.885,6166,2022-04-06 18:25:00,XP
29.89,29.93,29.89,29.925,1800,2022-04-06 18:26:00,XP
29.94,29.97,29.915,29.935,8930,2022-04-06 18:27:00,XP
29.935,29.935,29.88,29.93,8433,2022-04-06 18:28:00,XP
29.95,29.97,29.92,29.93,12314,2022-04-06 18:29:00,XP
29.94,29.99,29.94,29.98,3873,2022-04-06 18:30:00,XP
29.98,30.06,29.98,30.06,1380,2022-04-06 18:31:00,XP
30.07,30.25,30.07,30.21,6071,2022-04-06 18:32:00,XP
30.175,30.25,30.17,30.25,5230,2022-04-06 18:33:00,XP
30.245,30.29,30.23,30.23,5430,2022-04-06 18:34:00,XP
30.26,30.3,30.245,30.26,3200,2022-04-06 18:35:00,XP
30.23,30.23,30.14,30.14,2288,2022-04-06 18:36:00,XP
30.15,30.17,30.13,30.15,7082,2022-04-06 18:37:00,XP
30.14,30.2,30.14,30.2,2500,2022-04-06 18:38:00,XP
30.18,30.18,30.13,30.13,10039,2022-04-06 18:39:00,XP
30.13,30.15,30.1,30.15,5736,2022-04-06 18:40:00,XP
30.16,30.16,30.12,30.13,2538,2022-04-06 18:41:00,XP
30.09,30.12,30.0,30.0,1664,2022-04-06 18:42:00,XP
29.995,30.005,29.96,30.005,4477,2022-04-06 18:43:00,XP
29.985,30.05,29.96,30.03,8217,2022-04-06 18:44:00,XP
30.01,30.06,30.01,30.06,2624,2022-04-06 18:45:00,XP
30.055,30.055,29.99,30.03,4350,2022-04-06 18:46:00,XP
30.03,30.03,30.0,30.01,1800,2022-04-06 18:47:00,XP
30.01,30.01,29.93,29.93,7650,2022-04-06 18:48:00,XP
29.92,29.93,29.865,29.89,5458,2022-04-06 18:49:00,XP
29.89,29.94,29.89,29.9,8074,2022-04-06 18:50:00,XP
29.9,30.0,29.9,30.0,10615,2022-04-06 18:51:00,XP
29.995,30.05,29.985,30.05,2400,2022-04-06 18:52:00,XP
30.06,30.07,30.02,30.02,2587,2022-04-06 18:53:00,XP
30.005,30.1,30.005,30.1,5832,2022-04-06 18:54:00,XP
30.06,30.17,30.06,30.17,4215,2022-04-06 18:55:00,XP
30.19,30.19,30.13,30.14,27528,2022-04-06 18:56:00,XP
30.115,30.18,30.115,30.165,8814,2022-04-06 18:57:00,XP
30.165,30.2,30.165,30.19,1521,2022-04-06 18:58:00,XP
30.18,30.23,30.18,30.2,2626,2022-04-06 18:59:00,XP
30.19,30.255,30.19,30.255,738,2022-04-06 19:00:00,XP
30.25,30.25,30.17,30.21,3100,2022-04-06 19:01:00,XP
30.22,30.33,30.22,30.31,3069,2022-04-06 19:02:00,XP
30.3,30.35,30.3,30.34,1418,2022-04-06 19:03:00,XP
30.36,30.375,30.36,30.36,2836,2022-04-06 19:04:00,XP
30.35,30.35,30.27,30.28,3735,2022-04-06 19:05:00,XP
30.26,30.3,30.22,30.23,3353,2022-04-06 19:06:00,XP
30.21,30.23,30.16,30.18,6197,2022-04-06 19:07:00,XP
30.18,30.19,30.14,30.19,3111,2022-04-06 19:08:00,XP
30.16,30.18,30.14,30.15,5481,2022-04-06 19:09:00,XP
30.15,30.2,30.15,30.15,6090,2022-04-06 19:10:00,XP
30.17,30.17,30.14,30.16,6959,2022-04-06 19:11:00,XP
30.15,30.17,30.13,30.15,9958,2022-04-06 19:12:00,XP
30.15,30.18,30.13,30.18,11407,2022-04-06 19:13:00,XP
30.175,30.19,30.14,30.15,11307,2022-04-06 19:14:00,XP
30.15,30.21,30.15,30.16,4747,2022-04-06 19:15:00,XP
30.16,30.18,30.125,30.125,9045,2022-04-06 19:16:00,XP
30.12,30.1359,30.06,30.06,11205,2022-04-06 19:17:00,XP
30.06,30.07,30.0276,30.07,7904,2022-04-06 19:18:00,XP
30.06,30.07,30.03,30.03,5678,2022-04-06 19:19:00,XP
30.03,30.03,29.985,30.01,5048,2022-04-06 19:20:00,XP
30.03,30.08,30.02,30.06,5947,2022-04-06 19:21:00,XP
30.06,30.08,30.05,30.08,2778,2022-04-06 19:22:00,XP
30.09,30.09,30.06,30.06,3109,2022-04-06 19:23:00,XP
30.065,30.07,30.045,30.06,5161,2022-04-06 19:24:00,XP
30.05,30.09,30.0,30.08,11497,2022-04-06 19:25:00,XP
30.08,30.08,30.03,30.065,18239,2022-04-06 19:26:00,XP
30.065,30.08,30.02,30.04,6833,2022-04-06 19:27:00,XP
30.03,30.04,30.01,30.03,3365,2022-04-06 19:28:00,XP
30.03,30.03,30.0,30.03,7217,2022-04-06 19:29:00,XP
30.02,30.09,30.0,30.09,7836,2022-04-06 19:30:00,XP
30.1,30.13,30.08,30.11,12019,2022-04-06 19:31:00,XP
30.1,30.14,30.09,30.09,9925,2022-04-06 19:32:00,XP
30.08,30.11,30.05,30.11,2742,2022-04-06 19:33:00,XP
30.095,30.11,30.08,30.1,10415,2022-04-06 19:34:00,XP
30.1,30.13,30.1,30.115,4960,2022-04-06 19:35:00,XP
30.13,30.18,30.13,30.18,13885,2022-04-06 19:36:00,XP
30.19,30.255,30.19,30.255,3292,2022-04-06 19:37:00,XP
30.26,30.27,30.24,30.26,1900,2022-04-06 19:38:00,XP
30.25,30.31,30.25,30.3,36613,2022-04-06 19:39:00,XP
30.29,30.33,30.29,30.3,9234,2022-04-06 19:40:00,XP
30.31,30.31,30.28,30.3,7726,2022-04-06 19:41:00,XP
30.31,30.33,30.29,30.31,7699,2022-04-06 19:42:00,XP
30.32,30.33,30.31,30.31,3255,2022-04-06 19:43:00,XP
30.3199,30.355,30.3,30.35,4355,2022-04-06 19:44:00,XP
30.34,30.38,30.31,30.36,14817,2022-04-06 19:45:00,XP
30.36,30.38,30.34,30.35,9353,2022-04-06 19:46:00,XP
30.355,30.38,30.35,30.37,3362,2022-04-06 19:47:00,XP
30.37,30.392,30.29,30.3,35658,2022-04-06 19:48:00,XP
30.31,30.36,30.31,30.36,14823,2022-04-06 19:49:00,XP
30.37,30.41,30.31,30.34,26290,2022-04-06 19:50:00,XP
30.335,30.375,30.33,30.33,26024,2022-04-06 19:51:00,XP
30.34,30.35,30.29,30.29,14495,2022-04-06 19:52:00,XP
30.31,30.31,30.27,30.275,16729,2022-04-06 19:53:00,XP
30.27,30.32,30.25,30.31,35046,2022-04-06 19:54:00,XP
30.31,30.32,30.285,30.31,19068,2022-04-06 19:55:00,XP
30.3,30.34,30.29,30.34,18865,2022-04-06 19:56:00,XP
30.34,30.38,30.33,30.37,34056,2022-04-06 19:57:00,XP
30.3781,30.3781,30.33,30.355,24774,2022-04-06 19:58:00,XP
30.35,30.51,30.34,30.51,228660,2022-04-06 19:59:00,XP
30.5,30.5,30.5,30.5,134036,2022-04-06 20:00:00,XP
30.5,30.5,30.5,30.5,6240,2022-04-06 20:01:00,XP
30.5,30.5,30.5,30.5,17210,2022-04-06 20:14:00,XP
30.11,30.11,30.11,30.11,368,2022-04-07 13:07:00,XP
30.14,30.14,30.14,30.14,100,2022-04-07 13:19:00,XP
30.28,30.36,30.26,30.26,1234,2022-04-07 13:28:00,XP
30.43,30.43,30.43,30.43,100,2022-04-07 13:29:00,XP
30.36,30.43,30.28,30.32,20789,2022-04-07 13:30:00,XP
30.35,30.47,30.33,30.42,4195,2022-04-07 13:31:00,XP
30.44,30.48,30.39,30.46,3354,2022-04-07 13:32:00,XP
30.49,30.62,30.49,30.62,900,2022-04-07 13:33:00,XP
30.6,30.92,30.6,30.895,13809,2022-04-07 13:34:00,XP
30.87,30.89,30.7,30.7,4232,2022-04-07 13:35:00,XP
30.71,30.8,30.64,30.64,13388,2022-04-07 13:36:00,XP
30.64,30.75,30.64,30.67,2962,2022-04-07 13:37:00,XP
30.7,30.72,30.65,30.69,1850,2022-04-07 13:38:00,XP
30.72,30.72,30.64,30.72,7609,2022-04-07 13:39:00,XP
30.71,30.78,30.61,30.64,9658,2022-04-07 13:40:00,XP
30.64,30.64,30.51,30.525,7730,2022-04-07 13:41:00,XP
30.525,30.61,30.495,30.61,9677,2022-04-07 13:42:00,XP
30.63,30.7,30.61,30.61,3672,2022-04-07 13:43:00,XP
30.61,30.61,30.4,30.435,43667,2022-04-07 13:44:00,XP
30.43,30.5,30.4,30.5,3980,2022-04-07 13:45:00,XP
30.54,30.59,30.54,30.59,1897,2022-04-07 13:46:00,XP
30.55,30.55,30.55,30.55,400,2022-04-07 13:47:00,XP
30.52,30.55,30.49,30.55,5248,2022-04-07 13:48:00,XP
30.54,30.545,30.36,30.39,12358,2022-04-07 13:49:00,XP
30.37,30.48,30.36,30.45,5220,2022-04-07 13:50:00,XP
30.45,30.45,30.42,30.42,800,2022-04-07 13:51:00,XP
30.43,30.49,30.41,30.46,37701,2022-04-07 13:52:00,XP
30.48,30.59,30.48,30.555,1874,2022-04-07 13:53:00,XP
30.59,30.7,30.59,30.65,4820,2022-04-07 13:54:00,XP
30.62,30.66,30.58,30.58,9263,2022-04-07 13:55:00,XP
30.6,30.63,30.57,30.63,4303,2022-04-07 13:56:00,XP
30.655,30.655,30.6,30.61,8704,2022-04-07 13:57:00,XP
30.61,30.625,30.58,30.59,6869,2022-04-07 13:58:00,XP
30.59,30.59,30.51,30.57,6000,2022-04-07 13:59:00,XP
30.57,30.65,30.51,30.65,5998,2022-04-07 14:00:00,XP
30.67,30.71,30.66,30.665,1979,2022-04-07 14:01:00,XP
30.665,30.665,30.63,30.65,2509,2022-04-07 14:02:00,XP
30.61,30.635,30.6,30.635,2150,2022-04-07 14:03:00,XP
30.64,30.68,30.64,30.64,738,2022-04-07 14:04:00,XP
30.67,30.67,30.64,30.67,2069,2022-04-07 14:05:00,XP
30.67,30.7,30.67,30.68,450,2022-04-07 14:06:00,XP
30.685,30.71,30.65,30.67,1526,2022-04-07 14:07:00,XP
30.66,30.68,30.6,30.63,32200,2022-04-07 14:08:00,XP
30.64,30.69,30.6,30.69,23037,2022-04-07 14:09:00,XP
30.685,30.695,30.645,30.68,2650,2022-04-07 14:10:00,XP
30.65,30.665,30.63,30.63,700,2022-04-07 14:11:00,XP
30.65,30.675,30.65,30.66,660,2022-04-07 14:12:00,XP
30.68,30.69,30.65,30.65,1041,2022-04-07 14:13:00,XP
30.69,30.71,30.68,30.68,1644,2022-04-07 14:14:00,XP
30.66,30.66,30.6,30.63,6804,2022-04-07 14:15:00,XP
30.625,30.625,30.6,30.62,9682,2022-04-07 14:16:00,XP
30.615,30.615,30.615,30.615,150,2022-04-07 14:17:00,XP
30.63,30.64,30.62,30.64,2491,2022-04-07 14:18:00,XP
30.62,30.625,30.59,30.605,2601,2022-04-07 14:19:00,XP
30.58,30.6,30.35,30.38,44372,2022-04-07 14:20:00,XP
30.39,30.39,30.35,30.36,8499,2022-04-07 14:21:00,XP
30.35,30.52,30.35,30.5,35513,2022-04-07 14:22:00,XP
30.5,30.51,30.48,30.49,4477,2022-04-07 14:23:00,XP
30.465,30.49,30.455,30.455,613,2022-04-07 14:24:00,XP
30.5,30.52,30.45,30.47,18971,2022-04-07 14:25:00,XP
30.49,30.51,30.43,30.45,19845,2022-04-07 14:26:00,XP
30.46,30.47,30.35,30.38,5299,2022-04-07 14:27:00,XP
30.38,30.38,30.31,30.36,7439,2022-04-07 14:28:00,XP
30.36,30.46,30.345,30.42,18512,2022-04-07 14:29:00,XP
30.39,30.51,30.39,30.465,19844,2022-04-07 14:30:00,XP
30.47,30.49,30.44,30.46,650,2022-04-07 14:31:00,XP
30.47,30.55,30.45,30.5,28915,2022-04-07 14:32:00,XP
30.49,30.515,30.465,30.51,7597,2022-04-07 14:33:00,XP
30.54,30.54,30.52,30.54,2050,2022-04-07 14:34:00,XP
30.54,30.54,30.52,30.52,1360,2022-04-07 14:35:00,XP
30.52,30.53,30.45,30.47,3918,2022-04-07 14:36:00,XP
30.465,30.465,30.465,30.465,100,2022-04-07 14:37:00,XP
30.45,30.465,30.4,30.46,17483,2022-04-07 14:38:00,XP
30.47,30.47,30.39,30.395,19488,2022-04-07 14:39:00,XP
30.39,30.39,30.3,30.31,14541,2022-04-07 14:40:00,XP
30.27,30.27,30.2125,30.2125,950,2022-04-07 14:41:00,XP
30.25,30.31,30.25,30.29,14600,2022-04-07 14:42:00,XP
30.28,30.3,30.28,30.3,6600,2022-04-07 14:43:00,XP
30.265,30.32,30.265,30.32,5795,2022-04-07 14:44:00,XP
30.31,30.36,30.31,30.32,4478,2022-04-07 14:45:00,XP
30.31,30.33,30.3,30.33,3907,2022-04-07 14:46:00,XP
30.335,30.36,30.3,30.32,6729,2022-04-07 14:48:00,XP
30.34,30.34,30.3,30.305,5947,2022-04-07 14:49:00,XP
30.33,30.39,30.33,30.38,10091,2022-04-07 14:50:00,XP
30.35,30.35,30.35,30.35,272,2022-04-07 14:51:00,XP
30.31,30.32,30.31,30.32,200,2022-04-07 14:52:00,XP
30.315,30.315,30.315,30.315,200,2022-04-07 14:53:00,XP
30.31,30.31,30.31,30.31,100,2022-04-07 14:54:00,XP
30.34,30.37,30.3,30.32,7518,2022-04-07 14:56:00,XP
30.32,30.335,30.29,30.33,11432,2022-04-07 14:57:00,XP
30.33,30.33,30.3,30.315,1600,2022-04-07 14:58:00,XP
30.33,30.37,30.3,30.36,4449,2022-04-07 14:59:00,XP
30.41,30.44,30.35,30.35,500,2022-04-07 15:00:00,XP
30.38,30.41,30.38,30.38,300,2022-04-07 15:01:00,XP
30.35,30.35,30.35,30.35,200,2022-04-07 15:02:00,XP
30.35,30.35,30.35,30.35,300,2022-04-07 15:03:00,XP
30.35,30.4025,30.34,30.4025,4240,2022-04-07 15:04:00,XP
30.395,30.395,30.35,30.35,1025,2022-04-07 15:05:00,XP
30.35,30.4,30.35,30.395,3050,2022-04-07 15:06:00,XP
30.42,30.44,30.41,30.42,1602,2022-04-07 15:07:00,XP
30.4,30.44,30.4,30.435,750,2022-04-07 15:08:00,XP
30.41,30.43,30.41,30.42,800,2022-04-07 15:09:00,XP
30.35,30.4,30.345,30.35,16278,2022-04-07 15:10:00,XP
30.35,30.36,30.34,30.35,13773,2022-04-07 15:11:00,XP
30.35,30.35,30.29,30.315,6940,2022-04-07 15:12:00,XP
30.3025,30.32,30.28,30.295,9184,2022-04-07 15:13:00,XP
30.31,30.31,30.265,30.28,8968,2022-04-07 15:14:00,XP
30.28,30.28,30.22,30.235,9205,2022-04-07 15:15:00,XP
30.24,30.245,30.2,30.2,5285,2022-04-07 15:16:00,XP
30.185,30.23,30.185,30.22,2699,2022-04-07 15:17:00,XP
30.22,30.25,30.215,30.22,4622,2022-04-07 15:18:00,XP
30.22,30.22,30.14,30.15,3100,2022-04-07 15:19:00,XP
30.16,30.17,30.14,30.15,2550,2022-04-07 15:20:00,XP
30.16,30.17,30.125,30.16,6352,2022-04-07 15:21:00,XP
30.16,30.165,30.15,30.165,4363,2022-04-07 15:22:00,XP
30.12,30.15,30.12,30.15,786,2022-04-07 15:23:00,XP
30.15,30.15,30.1,30.11,4722,2022-04-07 15:24:00,XP
30.09,30.12,30.07,30.12,6367,2022-04-07 15:25:00,XP
30.105,30.105,30.04,30.06,7848,2022-04-07 15:26:00,XP
30.07,30.07,30.01,30.025,19090,2022-04-07 15:27:00,XP
30.02,30.06,30.0,30.025,17706,2022-04-07 15:28:00,XP
30.015,30.02,29.98,29.99,14659,2022-04-07 15:29:00,XP
29.99,30.0,29.97,29.98,13282,2022-04-07 15:30:00,XP
29.98,30.0,29.92,29.93,21197,2022-04-07 15:31:00,XP
29.94,29.97,29.91,29.97,10179,2022-04-07 15:32:00,XP
29.975,30.01,29.975,29.98,10716,2022-04-07 15:33:00,XP
29.97,30.0198,29.97,30.01,10238,2022-04-07 15:34:00,XP
30.005,30.05,30.005,30.03,13576,2022-04-07 15:35:00,XP
30.035,30.075,30.03,30.035,17602,2022-04-07 15:36:00,XP
30.02,30.04,30.0,30.025,8555,2022-04-07 15:37:00,XP
30.04,30.06,30.01,30.05,8011,2022-04-07 15:38:00,XP
30.05,30.05,30.0,30.0,2500,2022-04-07 15:39:00,XP
30.015,30.06,30.01,30.02,11478,2022-04-07 15:40:00,XP
30.02,30.025,30.0,30.02,13225,2022-04-07 15:41:00,XP
30.01,30.01,29.98,29.985,8746,2022-04-07 15:42:00,XP
30.0,30.005,29.98,30.0,5362,2022-04-07 15:43:00,XP
29.975,29.98,29.96,29.98,1349,2022-04-07 15:44:00,XP
29.96,30.045,29.95,30.045,6889,2022-04-07 15:45:00,XP
30.06,30.11,30.045,30.11,3188,2022-04-07 15:46:00,XP
30.13,30.13,30.1,30.11,2981,2022-04-07 15:47:00,XP
30.08,30.16,30.07,30.08,5474,2022-04-07 15:48:00,XP
30.07,30.09,30.05,30.06,3730,2022-04-07 15:49:00,XP
30.05,30.07,30.01,30.05,9646,2022-04-07 15:50:00,XP
30.03,30.04,30.0,30.0,11357,2022-04-07 15:51:00,XP
30.0,30.015,29.94,29.95,5100,2022-04-07 15:52:00,XP
29.95,29.975,29.93,29.93,10879,2022-04-07 15:53:00,XP
29.92,29.92,29.85,29.89,10432,2022-04-07 15:54:00,XP
29.885,29.92,29.885,29.92,8388,2022-04-07 15:55:00,XP
29.93,29.975,29.93,29.96,10192,2022-04-07 15:56:00,XP
29.96,29.96,29.95,29.95,900,2022-04-07 15:57:00,XP
29.95,29.95,29.92,29.92,600,2022-04-07 15:58:00,XP
29.92,29.93,29.91,29.93,2045,2022-04-07 15:59:00,XP
29.93,29.98,29.925,29.96,6646,2022-04-07 16:00:00,XP
29.95,29.99,29.95,29.98,3380,2022-04-07 16:01:00,XP
29.97,29.99,29.97,29.97,1100,2022-04-07 16:02:00,XP
29.97,29.99,29.96,29.96,4566,2022-04-07 16:03:00,XP
29.95,29.96,29.92,29.96,3061,2022-04-07 16:04:00,XP
29.96,29.99,29.96,29.965,5100,2022-04-07 16:05:00,XP
29.96,30.015,29.96,29.96,8566,2022-04-07 16:06:00,XP
29.92,29.98,29.92,29.98,6703,2022-04-07 16:07:00,XP
29.975,29.98,29.95,29.96,9128,2022-04-07 16:08:00,XP
29.96,29.99,29.96,29.99,2774,2022-04-07 16:09:00,XP
29.98,30.05,29.95,30.05,3548,2022-04-07 16:10:00,XP
30.045,30.06,30.02,30.03,3915,2022-04-07 16:11:00,XP
30.04,30.04,30.0,30.01,1400,2022-04-07 16:12:00,XP
30.0,30.03,30.0,30.0,6317,2022-04-07 16:13:00,XP
30.01,30.055,30.0,30.055,5277,2022-04-07 16:14:00,XP
30.04,30.11,30.04,30.09,10388,2022-04-07 16:15:00,XP
30.09,30.14,30.09,30.13,8688,2022-04-07 16:16:00,XP
30.13,30.17,30.12,30.17,5516,2022-04-07 16:17:00,XP
30.17,30.17,30.13,30.13,4167,2022-04-07 16:18:00,XP
30.125,30.14,30.1,30.1,745,2022-04-07 16:19:00,XP
30.09,30.13,30.08,30.12,9736,2022-04-07 16:20:00,XP
30.13,30.13,30.105,30.13,19963,2022-04-07 16:21:00,XP
30.14,30.14,30.01,30.02,23580,2022-04-07 16:22:00,XP
30.015,30.06,30.0,30.02,11178,2022-04-07 16:23:00,XP
30.005,30.005,29.97,29.98,981,2022-04-07 16:24:00,XP
29.97,29.975,29.96,29.975,300,2022-04-07 16:25:00,XP
29.99,30.06,29.99,30.055,5500,2022-04-07 16:26:00,XP
30.05,30.06,30.01,30.01,6391,2022-04-07 16:27:00,XP
30.025,30.05,29.97,30.01,6055,2022-04-07 16:28:00,XP
30.03,30.04,30.01,30.02,1075,2022-04-07 16:29:00,XP
30.01,30.02,29.95,29.97,4361,2022-04-07 16:30:00,XP
29.97,29.995,29.97,29.995,308,2022-04-07 16:31:00,XP
30.0,30.0,29.97,29.98,300,2022-04-07 16:32:00,XP
29.99,30.015,29.97,29.975,21911,2022-04-07 16:33:00,XP
29.97,29.99,29.95,29.965,2060,2022-04-07 16:34:00,XP
29.97,29.99,29.93,29.99,6205,2022-04-07 16:35:00,XP
29.97,29.97,29.96,29.96,300,2022-04-07 16:36:00,XP
29.94,30.005,29.94,29.99,4955,2022-04-07 16:37:00,XP
29.975,29.98,29.975,29.98,500,2022-04-07 16:38:00,XP
29.95,29.97,29.91,29.91,700,2022-04-07 16:39:00,XP
29.9,29.93,29.9,29.91,2300,2022-04-07 16:40:00,XP
29.89,29.93,29.89,29.915,2600,2022-04-07 16:41:00,XP
29.91,29.925,29.91,29.91,704,2022-04-07 16:42:00,XP
29.9,29.92,29.86,29.865,2946,2022-04-07 16:43:00,XP
29.85,29.87,29.83,29.835,2860,2022-04-07 16:44:00,XP
29.82,29.82,29.775,29.781,6393,2022-04-07 16:45:00,XP
29.76,29.8,29.75,29.795,3709,2022-04-07 16:46:00,XP
29.8,29.82,29.75,29.76,7541,2022-04-07 16:47:00,XP
29.76,29.77,29.72,29.73,2480,2022-04-07 16:48:00,XP
29.72,29.725,29.7,29.71,2995,2022-04-07 16:49:00,XP
29.73,29.78,29.715,29.78,3677,2022-04-07 16:50:00,XP
29.77,29.8,29.765,29.79,5329,2022-04-07 16:51:00,XP
29.79,29.81,29.79,29.8,3889,2022-04-07 16:52:00,XP
29.8,29.83,29.765,29.765,6900,2022-04-07 16:53:00,XP
29.78,29.815,29.78,29.815,600,2022-04-07 16:54:00,XP
29.78,29.785,29.78,29.785,300,2022-04-07 16:55:00,XP
29.77,29.82,29.77,29.82,2186,2022-04-07 16:56:00,XP
29.79,29.79,29.76,29.77,3126,2022-04-07 16:57:00,XP
29.765,29.78,29.75,29.765,851,2022-04-07 16:58:00,XP
29.78,29.83,29.78,29.805,6300,2022-04-07 16:59:00,XP
29.795,29.83,29.795,29.82,4231,2022-04-07 17:00:00,XP
29.83,29.9,29.83,29.9,8384,2022-04-07 17:01:00,XP
29.9,29.94,29.9,29.94,3667,2022-04-07 17:02:00,XP
29.95,30.02,29.95,29.98,9056,2022-04-07 17:03:00,XP
29.99,30.03,29.99,30.025,2997,2022-04-07 17:04:00,XP
30.02,30.04,29.98,29.98,10285,2022-04-07 17:05:00,XP
29.96,30.0,29.96,29.99,1200,2022-04-07 17:06:00,XP
29.97,29.99,29.95,29.965,3500,2022-04-07 17:07:00,XP
29.97,29.98,29.97,29.98,1000,2022-04-07 17:08:00,XP
29.98,30.01,29.96,30.01,2900,2022-04-07 17:09:00,XP
30.0,30.01,29.97,30.01,2699,2022-04-07 17:10:00,XP
30.0,30.04,29.995,30.04,7671,2022-04-07 17:11:00,XP
30.04,30.09,30.04,30.075,12800,2022-04-07 17:12:00,XP
30.075,30.1,30.07,30.1,3554,2022-04-07 17:13:00,XP
30.04,30.07,30.04,30.06,2552,2022-04-07 17:14:00,XP
30.06,30.08,30.0501,30.065,7460,2022-04-07 17:15:00,XP
30.065,30.08,30.06,30.08,1808,2022-04-07 17:16:00,XP
30.09,30.11,30.09,30.11,1500,2022-04-07 17:17:00,XP
30.1,30.1,30.06,30.075,729,2022-04-07 17:18:00,XP
30.06,30.11,30.06,30.09,2100,2022-04-07 17:19:00,XP
30.09,30.12,30.09,30.12,4217,2022-04-07 17:20:00,XP
30.105,30.105,30.07,30.07,524,2022-04-07 17:21:00,XP
30.08,30.1,30.07,30.08,6453,2022-04-07 17:22:00,XP
30.09,30.11,30.08,30.1,6752,2022-04-07 17:23:00,XP
30.08,30.08,30.06,30.07,699,2022-04-07 17:24:00,XP
30.08,30.085,30.08,30.085,1250,2022-04-07 17:25:00,XP
30.1,30.16,30.1,30.13,2797,2022-04-07 17:26:00,XP
30.13,30.185,30.13,30.185,700,2022-04-07 17:27:00,XP
30.19,30.25,30.19,30.25,850,2022-04-07 17:28:00,XP
30.255,30.255,30.205,30.205,5993,2022-04-07 17:29:00,XP
30.2,30.26,30.2,30.26,3950,2022-04-07 17:30:00,XP
30.27,30.3,30.27,30.3,1574,2022-04-07 17:31:00,XP
30.27,30.27,30.25,30.25,1501,2022-04-07 17:32:00,XP
30.24,30.24,30.225,30.225,400,2022-04-07 17:33:00,XP
30.2,30.23,30.2,30.21,2400,2022-04-07 17:34:00,XP
30.215,30.28,30.21,30.24,8089,2022-04-07 17:35:00,XP
30.24,30.24,30.21,30.24,2100,2022-04-07 17:36:00,XP
30.21,30.24,30.21,30.24,200,2022-04-07 17:37:00,XP
30.23,30.23,30.23,30.23,100,2022-04-07 17:38:00,XP
30.21,30.22,30.16,30.16,1923,2022-04-07 17:39:00,XP
30.16,30.18,30.13,30.17,5639,2022-04-07 17:40:00,XP
30.18,30.2,30.14,30.16,8664,2022-04-07 17:41:00,XP
30.16,30.165,30.16,30.16,899,2022-04-07 17:42:00,XP
30.15,30.19,30.15,30.185,3904,2022-04-07 17:43:00,XP
30.18,30.18,30.165,30.165,400,2022-04-07 17:44:00,XP
30.16,30.17,30.15,30.17,4241,2022-04-07 17:45:00,XP
30.18,30.22,30.18,30.18,9936,2022-04-07 17:46:00,XP
30.18,30.18,30.08,30.1,9839,2022-04-07 17:47:00,XP
30.08,30.1,30.07,30.08,3050,2022-04-07 17:48:00,XP
30.08,30.08,30.0675,30.0675,4600,2022-04-07 17:49:00,XP
30.09,30.15,30.05,30.12,12053,2022-04-07 17:50:00,XP
30.11,30.11,30.045,30.045,4748,2022-04-07 17:51:00,XP
30.04,30.1,30.03,30.1,2700,2022-04-07 17:52:00,XP
30.12,30.13,30.1,30.13,4175,2022-04-07 17:53:00,XP
30.12,30.15,30.1,30.11,1900,2022-04-07 17:54:00,XP
30.115,30.18,30.115,30.18,2600,2022-04-07 17:55:00,XP
30.18,30.22,30.18,30.18,1300,2022-04-07 17:56:00,XP
30.19,30.205,30.19,30.195,500,2022-04-07 17:57:00,XP
30.19,30.24,30.19,30.24,2250,2022-04-07 17:58:00,XP
30.25,30.29,30.25,30.28,4411,2022-04-07 17:59:00,XP
30.29,30.3,30.285,30.3,5067,2022-04-07 18:00:00,XP
30.29,30.3,30.27,30.29,14266,2022-04-07 18:01:00,XP
30.28,30.285,30.265,30.27,1344,2022-04-07 18:02:00,XP
30.28,30.31,30.2675,30.295,4715,2022-04-07 18:03:00,XP
30.28,30.3,30.27,30.3,1600,2022-04-07 18:04:00,XP
30.29,30.29,30.23,30.23,2446,2022-04-07 18:05:00,XP
30.21,30.23,30.19,30.19,3000,2022-04-07 18:06:00,XP
30.19,30.24,30.19,30.235,3945,2022-04-07 18:07:00,XP
30.21,30.21,30.185,30.185,3364,2022-04-07 18:08:00,XP
30.2,30.235,30.2,30.235,3461,2022-04-07 18:09:00,XP
30.23,30.23,30.2,30.21,800,2022-04-07 18:10:00,XP
30.2,30.2,30.17,30.17,1100,2022-04-07 18:11:00,XP
30.19,30.19,30.16,30.17,3790,2022-04-07 18:12:00,XP
30.17,30.23,30.15,30.23,5186,2022-04-07 18:13:00,XP
30.23,30.24,30.2,30.2,2376,2022-04-07 18:14:00,XP
30.17,30.18,30.16,30.165,2623,2022-04-07 18:15:00,XP
30.17,30.2,30.16,30.2,5188,2022-04-07 18:16:00,XP
30.19,30.22,30.19,30.2,2156,2022-04-07 18:17:00,XP
30.18,30.2,30.115,30.15,37655,2022-04-07 18:18:00,XP
30.16,30.17,30.13,30.15,19890,2022-04-07 18:19:00,XP
30.16,30.18,30.15,30.17,8562,2022-04-07 18:20:00,XP
30.18,30.19,30.12,30.16,18218,2022-04-07 18:21:00,XP
30.15,30.16,30.14,30.16,14354,2022-04-07 18:22:00,XP
30.15,30.19,30.15,30.19,3712,2022-04-07 18:23:00,XP
30.18,30.19,30.17,30.19,2694,2022-04-07 18:24:00,XP
30.2,30.27,30.2,30.24,6567,2022-04-07 18:25:00,XP
30.25,30.32,30.25,30.295,4966,2022-04-07 18:26:00,XP
30.295,30.31,30.28,30.295,700,2022-04-07 18:27:00,XP
30.28,30.28,30.24,30.25,1200,2022-04-07 18:28:00,XP
30.23,30.27,30.23,30.26,3326,2022-04-07 18:29:00,XP
30.28,30.295,30.26,30.27,1000,2022-04-07 18:30:00,XP
30.26,30.31,30.26,30.27,22084,2022-04-07 18:31:00,XP
30.28,30.28,30.26,30.275,2000,2022-04-07 18:32:00,XP
30.28,30.28,30.255,30.255,400,2022-04-07 18:33:00,XP
30.255,30.285,30.255,30.285,1500,2022-04-07 18:34:00,XP
30.29,30.3,30.29,30.3,1000,2022-04-07 18:35:00,XP
30.24,30.25,30.24,30.25,800,2022-04-07 18:36:00,XP
30.25,30.27,30.23,30.27,54132,2022-04-07 18:37:00,XP
30.28,30.3,30.26,30.3,5455,2022-04-07 18:38:00,XP
30.31,30.34,30.3,30.325,3069,2022-04-07 18:39:00,XP
30.325,30.34,30.31,30.34,4853,2022-04-07 18:40:00,XP
30.33,30.35,30.33,30.35,3635,2022-04-07 18:41:00,XP
30.33,30.335,30.32,30.32,1049,2022-04-07 18:42:00,XP
30.33,30.35,30.33,30.35,1300,2022-04-07 18:43:00,XP
30.35,30.37,30.35,30.36,1400,2022-04-07 18:44:00,XP
30.35,30.37,30.35,30.365,1114,2022-04-07 18:45:00,XP
30.35,30.35,30.32,30.325,3503,2022-04-07 18:46:00,XP
30.33,30.34,30.33,30.335,400,2022-04-07 18:47:00,XP
30.34,30.38,30.34,30.37,2372,2022-04-07 18:48:00,XP
30.39,30.39,30.39,30.39,477,2022-04-07 18:49:00,XP
30.38,30.38,30.36,30.38,1281,2022-04-07 18:50:00,XP
30.38,30.4,30.38,30.4,1450,2022-04-07 18:51:00,XP
30.41,30.43,30.41,30.41,1000,2022-04-07 18:52:00,XP
30.44,30.52,30.44,30.5,3098,2022-04-07 18:53:00,XP
30.4781,30.51,30.4781,30.51,10682,2022-04-07 18:54:00,XP
30.54,30.54,30.5,30.52,3023,2022-04-07 18:55:00,XP
30.54,30.545,30.49,30.49,4078,2022-04-07 18:56:00,XP
30.5,30.52,30.49,30.515,3754,2022-04-07 18:57:00,XP
30.51,30.54,30.49,30.53,2790,2022-04-07 18:58:00,XP
30.52,30.6,30.52,30.6,3684,2022-04-07 18:59:00,XP
30.59,30.65,30.585,30.64,5675,2022-04-07 19:00:00,XP
30.62,30.67,30.62,30.66,1555,2022-04-07 19:01:00,XP
30.67,30.69,30.65,30.69,3208,2022-04-07 19:02:00,XP
30.68,30.69,30.675,30.675,2000,2022-04-07 19:03:00,XP
30.675,30.7,30.66,30.69,4676,2022-04-07 19:04:00,XP
30.685,30.72,30.675,30.7,3484,2022-04-07 19:05:00,XP
30.71,30.72,30.71,30.72,421,2022-04-07 19:06:00,XP
30.7,30.715,30.6562,30.6562,1603,2022-04-07 19:07:00,XP
30.65,30.65,30.62,30.63,2335,2022-04-07 19:08:00,XP
30.62,30.645,30.6,30.6,4779,2022-04-07 19:09:00,XP
30.6,30.63,30.59,30.62,4450,2022-04-07 19:10:00,XP
30.63,30.64,30.625,30.625,1050,2022-04-07 19:11:00,XP
30.62,30.64,30.62,30.64,900,2022-04-07 19:12:00,XP
30.6498,30.6498,30.57,30.58,11158,2022-04-07 19:13:00,XP
30.55,30.55,30.52,30.55,3493,2022-04-07 19:14:00,XP
30.55,30.58,30.53,30.58,1499,2022-04-07 19:15:00,XP
30.58,30.59,30.57,30.59,2150,2022-04-07 19:16:00,XP
30.56,30.6,30.54,30.59,4733,2022-04-07 19:17:00,XP
30.57,30.59,30.57,30.58,1800,2022-04-07 19:18:00,XP
30.58,30.58,30.565,30.57,3030,2022-04-07 19:19:00,XP
30.55,30.56,30.54,30.56,3200,2022-04-07 19:20:00,XP
30.56,30.59,30.56,30.59,7250,2022-04-07 19:21:00,XP
30.5762,30.6,30.53,30.56,2432,2022-04-07 19:22:00,XP
30.535,30.55,30.51,30.55,3014,2022-04-07 19:23:00,XP
30.54,30.59,30.54,30.59,3185,2022-04-07 19:24:00,XP
30.58,30.62,30.58,30.59,15566,2022-04-07 19:25:00,XP
30.61,30.64,30.61,30.64,1300,2022-04-07 19:26:00,XP
30.65,30.675,30.64,30.67,7244,2022-04-07 19:27:00,XP
30.67,30.675,30.655,30.665,3246,2022-04-07 19:28:00,XP
30.665,30.7,30.66,30.695,7907,2022-04-07 19:29:00,XP
30.705,30.71,30.67,30.67,7793,2022-04-07 19:30:00,XP
30.68,30.71,30.68,30.7,3742,2022-04-07 19:31:00,XP
30.69,30.695,30.665,30.69,2757,2022-04-07 19:32:00,XP
30.68,30.705,30.68,30.69,3638,2022-04-07 19:33:00,XP
30.69,30.695,30.64,30.69,6902,2022-04-07 19:34:00,XP
30.69,30.695,30.68,30.69,4045,2022-04-07 19:35:00,XP
30.68,30.76,30.68,30.74,13118,2022-04-07 19:36:00,XP
30.725,30.74,30.725,30.735,2620,2022-04-07 19:37:00,XP
30.735,30.735,30.715,30.72,4080,2022-04-07 19:38:00,XP
30.72,30.755,30.72,30.755,6914,2022-04-07 19:39:00,XP
30.76,30.79,30.76,30.785,6350,2022-04-07 19:40:00,XP
30.785,30.79,30.78,30.785,5184,2022-04-07 19:41:00,XP
30.785,30.81,30.775,30.795,10955,2022-04-07 19:42:00,XP
30.795,30.81,30.79,30.805,2000,2022-04-07 19:43:00,XP
30.8,30.855,30.8,30.855,11584,2022-04-07 19:44:00,XP
30.85,30.88,30.84,30.87,28277,2022-04-07 19:45:00,XP
30.87,30.91,30.87,30.905,8416,2022-04-07 19:46:00,XP
30.9,30.9,30.875,30.88,5369,2022-04-07 19:47:00,XP
30.875,30.875,30.845,30.85,14164,2022-04-07 19:48:00,XP
30.85,30.85,30.815,30.82,12093,2022-04-07 19:49:00,XP
30.82,30.855,30.773,30.78,21865,2022-04-07 19:50:00,XP
30.78,30.78,30.73,30.73,14442,2022-04-07 19:51:00,XP
30.73,30.76,30.72,30.725,10011,2022-04-07 19:52:00,XP
30.725,30.725,30.69,30.7,21611,2022-04-07 19:53:00,XP
30.695,30.74,30.68,30.7,32727,2022-04-07 19:54:00,XP
30.7,30.72,30.65,30.65,38231,2022-04-07 19:55:00,XP
30.65,30.7,30.65,30.69,26049,2022-04-07 19:56:00,XP
30.69,30.71,30.68,30.69,32837,2022-04-07 19:57:00,XP
30.69,30.7,30.65,30.66,43008,2022-04-07 19:58:00,XP
30.65,30.75,30.62,30.72,122557,2022-04-07 19:59:00,XP
30.72,30.72,30.71,30.71,117922,2022-04-07 20:00:00,XP
29.69,29.69,29.69,29.69,36024,2022-04-07 20:01:00,XP
30.71,30.71,30.71,30.71,1240,2022-04-07 20:04:00,XP
30.71,30.71,30.71,30.71,48200,2022-04-07 20:05:00,XP
30.71,30.71,30.71,30.71,1003118,2022-04-07 20:17:00,XP
30.27,30.27,28.6,28.6,1131,2022-04-08 09:09:00,XP
31.895,31.895,31.895,31.895,100,2022-04-08 12:25:00,XP
30.47,30.47,30.47,30.47,326,2022-04-08 13:11:00,XP
30.25,30.2501,30.25,30.2501,200,2022-04-08 13:22:00,XP
30.4,30.56,30.26,30.51,1858,2022-04-08 13:25:00,XP
30.59,30.6,30.59,30.6,200,2022-04-08 13:28:00,XP
30.61,30.62,30.6,30.6,1210,2022-04-08 13:29:00,XP
30.59,30.59,30.42,30.42,18395,2022-04-08 13:30:00,XP
30.48,30.48,30.48,30.48,100,2022-04-08 13:31:00,XP
30.49,30.69,30.48,30.55,3217,2022-04-08 13:32:00,XP
30.52,30.52,30.41,30.42,1414,2022-04-08 13:33:00,XP
30.46,30.46,30.31,30.33,1324,2022-04-08 13:34:00,XP
30.38,30.38,30.31,30.32,1955,2022-04-08 13:35:00,XP
30.315,30.34,30.29,30.32,1200,2022-04-08 13:36:00,XP
30.33,30.37,30.33,30.37,2075,2022-04-08 13:37:00,XP
30.33,30.33,30.33,30.33,100,2022-04-08 13:39:00,XP
30.28,30.28,30.25,30.26,940,2022-04-08 13:40:00,XP
30.22,30.22,30.17,30.21,3460,2022-04-08 13:41:00,XP
30.19,30.27,30.185,30.19,17100,2022-04-08 13:43:00,XP
30.16,30.16,30.16,30.16,700,2022-04-08 13:44:00,XP
30.135,30.31,30.11,30.31,6050,2022-04-08 13:45:00,XP
30.285,30.34,30.28,30.29,2645,2022-04-08 13:46:00,XP
30.175,30.21,30.15,30.205,2100,2022-04-08 13:48:00,XP
30.17,30.17,30.105,30.125,800,2022-04-08 13:49:00,XP
30.07,30.075,30.07,30.075,1800,2022-04-08 13:51:00,XP
30.04,30.04,30.0,30.02,1100,2022-04-08 13:52:00,XP
29.995,30.0,29.95,29.97,5896,2022-04-08 13:53:00,XP
29.95,29.95,29.84,29.87,32540,2022-04-08 13:54:00,XP
29.85,29.89,29.83,29.88,24557,2022-04-08 13:55:00,XP
29.88,29.92,29.82,29.92,35549,2022-04-08 13:56:00,XP
29.92,29.945,29.86,29.86,12569,2022-04-08 13:57:00,XP
29.81,29.83,29.81,29.83,483,2022-04-08 13:58:00,XP
29.825,29.8316,29.825,29.8316,300,2022-04-08 13:59:00,XP
29.82,29.91,29.82,29.85,8010,2022-04-08 14:00:00,XP
29.85,29.85,29.76,29.8,10051,2022-04-08 14:01:00,XP
29.82,29.87,29.82,29.87,2759,2022-04-08 14:02:00,XP
29.85,29.88,29.845,29.88,4955,2022-04-08 14:03:00,XP
29.875,29.885,29.87,29.87,469,2022-04-08 14:04:00,XP
29.87,29.87,29.84,29.84,1047,2022-04-08 14:05:00,XP
29.86,29.94,29.86,29.91,7900,2022-04-08 14:06:00,XP
29.91,29.97,29.89,29.91,9673,2022-04-08 14:07:00,XP
29.92,30.04,29.92,30.04,4518,2022-04-08 14:08:00,XP
30.07,30.1,30.05,30.085,5224,2022-04-08 14:09:00,XP
30.06,30.1,30.05,30.1,3582,2022-04-08 14:10:00,XP
30.105,30.105,30.105,30.105,200,2022-04-08 14:11:00,XP
30.15,30.15,30.15,30.15,200,2022-04-08 14:12:00,XP
30.15,30.17,30.15,30.17,550,2022-04-08 14:13:00,XP
30.19,30.21,30.14,30.21,2750,2022-04-08 14:14:00,XP
30.24,30.25,30.2,30.2,2206,2022-04-08 14:15:00,XP
30.22,30.22,30.22,30.22,1022,2022-04-08 14:16:00,XP
30.215,30.215,30.175,30.175,1700,2022-04-08 14:17:00,XP
30.18,30.21,30.18,30.2,2627,2022-04-08 14:18:00,XP
30.23,30.31,30.23,30.31,1700,2022-04-08 14:19:00,XP
30.35,30.45,30.335,30.41,6843,2022-04-08 14:21:00,XP
30.46,30.46,30.46,30.46,100,2022-04-08 14:22:00,XP
30.47,30.51,30.46,30.49,1806,2022-04-08 14:23:00,XP
30.51,30.52,30.47,30.47,3392,2022-04-08 14:24:00,XP
30.49,30.51,30.44,30.44,1915,2022-04-08 14:25:00,XP
30.48,30.495,30.48,30.49,1553,2022-04-08 14:26:00,XP
30.5,30.55,30.47,30.54,19627,2022-04-08 14:27:00,XP
30.53,30.536,30.45,30.47,6973,2022-04-08 14:28:00,XP
30.47,30.5,30.455,30.49,2500,2022-04-08 14:29:00,XP
30.5,30.5,30.48,30.49,2898,2022-04-08 14:30:00,XP
30.51,30.54,30.5,30.54,2366,2022-04-08 14:31:00,XP
30.5,30.5,30.49,30.495,1078,2022-04-08 14:32:00,XP
30.5,30.5,30.44,30.47,3101,2022-04-08 14:33:00,XP
30.475,30.51,30.475,30.49,4127,2022-04-08 14:34:00,XP
30.47,30.48,30.455,30.455,985,2022-04-08 14:35:00,XP
30.45,30.48,30.445,30.48,4950,2022-04-08 14:36:00,XP
30.475,30.475,30.475,30.475,300,2022-04-08 14:37:00,XP
30.49,30.49,30.475,30.475,200,2022-04-08 14:38:00,XP
30.475,30.495,30.435,30.48,17091,2022-04-08 14:39:00,XP
30.48,30.51,30.475,30.5,5408,2022-04-08 14:40:00,XP
30.51,30.54,30.51,30.54,1000,2022-04-08 14:41:00,XP
30.54,30.59,30.52,30.55,90267,2022-04-08 14:42:00,XP
30.58,30.59,30.55,30.59,4636,2022-04-08 14:43:00,XP
30.59,30.6,30.53,30.54,4233,2022-04-08 14:44:00,XP
30.55,30.55,30.48,30.48,1480,2022-04-08 14:45:00,XP
30.46,30.52,30.43,30.52,7881,2022-04-08 14:46:00,XP
30.52,30.54,30.47,30.48,7582,2022-04-08 14:47:00,XP
30.49,30.55,30.48,30.54,9861,2022-04-08 14:48:00,XP
30.47,30.475,30.39,30.46,16128,2022-04-08 14:49:00,XP
30.43,30.43,30.36,30.42,3300,2022-04-08 14:50:00,XP
30.49,30.49,30.49,30.49,200,2022-04-08 14:51:00,XP
30.49,30.53,30.49,30.52,3578,2022-04-08 14:52:00,XP
30.54,30.56,30.54,30.55,2022,2022-04-08 14:54:00,XP
30.545,30.59,30.545,30.59,1871,2022-04-08 14:55:00,XP
30.58,30.58,30.52,30.52,400,2022-04-08 14:56:00,XP
30.52,30.52,30.485,30.49,5580,2022-04-08 14:57:00,XP
30.49,30.52,30.36,30.375,14430,2022-04-08 14:58:00,XP
30.36,30.4,30.31,30.38,21681,2022-04-08 14:59:00,XP
30.38,30.39,30.28,30.3,3143,2022-04-08 15:00:00,XP
30.315,30.35,30.315,30.35,2698,2022-04-08 15:01:00,XP
30.37,30.41,30.31,30.31,17892,2022-04-08 15:02:00,XP
30.32,30.36,30.31,30.335,34245,2022-04-08 15:03:00,XP
30.35,30.37,30.35,30.355,1700,2022-04-08 15:04:00,XP
30.37,30.4,30.34,30.3699,6987,2022-04-08 15:05:00,XP
30.33,30.33,30.295,30.31,3891,2022-04-08 15:06:00,XP
30.3,30.3,30.22,30.22,43662,2022-04-08 15:07:00,XP
30.24,30.27,30.23,30.255,3422,2022-04-08 15:08:00,XP
30.27,30.27,30.2,30.2,31644,2022-04-08 15:09:00,XP
30.2,30.2,30.14,30.16,1800,2022-04-08 15:10:00,XP
30.18,30.26,30.18,30.26,2300,2022-04-08 15:11:00,XP
30.25,30.25,30.22,30.22,1400,2022-04-08 15:12:00,XP
30.2075,30.22,30.18,30.18,2792,2022-04-08 15:13:00,XP
30.18,30.21,30.175,30.2,2671,2022-04-08 15:14:00,XP
30.19,30.205,30.18,30.18,1100,2022-04-08 15:15:00,XP
30.185,30.22,30.17,30.22,700,2022-04-08 15:16:00,XP
30.21,30.24,30.2,30.225,5481,2022-04-08 15:17:00,XP
30.24,30.25,30.21,30.21,1150,2022-04-08 15:18:00,XP
30.19,30.22,30.19,30.22,4897,2022-04-08 15:19:00,XP
30.22,30.23,30.21,30.215,2100,2022-04-08 15:20:00,XP
30.2,30.245,30.19,30.245,3376,2022-04-08 15:21:00,XP
30.24,30.24,30.21,30.24,3214,2022-04-08 15:22:00,XP
30.22,30.24,30.13,30.13,20760,2022-04-08 15:23:00,XP
30.12,30.17,30.105,30.17,5660,2022-04-08 15:24:00,XP
30.17,30.21,30.04,30.07,31505,2022-04-08 15:25:00,XP
30.08,30.11,30.07,30.11,6583,2022-04-08 15:26:00,XP
30.1,30.1,30.011,30.05,6051,2022-04-08 15:27:00,XP
30.03,30.03,30.0,30.03,1300,2022-04-08 15:28:00,XP
30.04,30.045,30.01,30.01,27986,2022-04-08 15:29:00,XP
30.025,30.025,29.98,30.005,51610,2022-04-08 15:30:00,XP
29.99,30.04,29.98,30.02,7969,2022-04-08 15:31:00,XP
30.015,30.03,29.93,29.95,6491,2022-04-08 15:32:00,XP
29.95,29.99,29.95,29.98,1450,2022-04-08 15:33:00,XP
29.96,29.96,29.92,29.95,2100,2022-04-08 15:34:00,XP
29.94,29.96,29.94,29.96,2498,2022-04-08 15:35:00,XP
29.94,29.99,29.93,29.99,10275,2022-04-08 15:36:00,XP
29.99,30.0,29.98,29.985,2902,2022-04-08 15:37:00,XP
30.01,30.07,30.01,30.05,4096,2022-04-08 15:38:00,XP
30.035,30.035,29.99,29.995,78050,2022-04-08 15:39:00,XP
29.99,29.99,29.99,29.99,400,2022-04-08 15:40:00,XP
29.99,29.99,29.98,29.98,1600,2022-04-08 15:41:00,XP
29.99,30.06,29.985,30.06,2531,2022-04-08 15:42:00,XP
30.07,30.09,30.07,30.08,752,2022-04-08 15:43:00,XP
30.055,30.1,30.0502,30.09,2793,2022-04-08 15:44:00,XP
30.07,30.08,30.05,30.08,1555,2022-04-08 15:45:00,XP
30.065,30.08,30.05,30.08,1560,2022-04-08 15:46:00,XP
30.07,30.12,30.07,30.1,1000,2022-04-08 15:47:00,XP
30.115,30.14,30.115,30.13,4200,2022-04-08 15:48:00,XP
30.14,30.15,30.11,30.15,630,2022-04-08 15:49:00,XP
30.11,30.115,30.1,30.115,968,2022-04-08 15:50:00,XP
30.15,30.16,30.15,30.154,825,2022-04-08 15:51:00,XP
30.14,30.16,30.14,30.155,2490,2022-04-08 15:52:00,XP
30.17,30.22,30.15,30.155,9730,2022-04-08 15:53:00,XP
30.18,30.18,30.14,30.14,1099,2022-04-08 15:54:00,XP
30.13,30.14,30.0,30.09,112647,2022-04-08 15:55:00,XP
30.09,30.11,30.09,30.1,5399,2022-04-08 15:56:00,XP
30.095,30.11,30.085,30.1,9378,2022-04-08 15:57:00,XP
30.08,30.09,30.0,30.045,3697,2022-04-08 15:58:00,XP
30.05,30.05,30.02,30.04,2910,2022-04-08 15:59:00,XP
30.02,30.05,29.99,29.99,8606,2022-04-08 16:00:00,XP
29.99,30.0,29.98,29.99,10745,2022-04-08 16:01:00,XP
29.985,29.99,29.96,29.98,12175,2022-04-08 16:02:00,XP
29.99,30.015,29.99,30.015,6353,2022-04-08 16:03:00,XP
30.0,30.03,30.0,30.03,2090,2022-04-08 16:04:00,XP
30.035,30.07,30.0,30.0,52700,2022-04-08 16:05:00,XP
30.03,30.09,30.03,30.09,4246,2022-04-08 16:06:00,XP
30.085,30.11,30.08,30.095,17929,2022-04-08 16:07:00,XP
30.07,30.08,30.055,30.08,2492,2022-04-08 16:08:00,XP
30.09,30.1152,30.08,30.085,4225,2022-04-08 16:09:00,XP
30.06,30.08,30.06,30.08,916,2022-04-08 16:10:00,XP
30.09,30.13,30.09,30.12,3000,2022-04-08 16:11:00,XP
30.1,30.1,30.035,30.05,1400,2022-04-08 16:12:00,XP
30.02,30.06,30.02,30.06,3531,2022-04-08 16:13:00,XP
30.07,30.085,30.07,30.08,967,2022-04-08 16:14:00,XP
30.09,30.1,30.09,30.09,700,2022-04-08 16:15:00,XP
30.07,30.09,30.06,30.09,1496,2022-04-08 16:16:00,XP
30.11,30.13,30.11,30.13,400,2022-04-08 16:17:00,XP
30.13,30.13,30.11,30.11,1133,2022-04-08 16:18:00,XP
30.1199,30.14,30.11,30.14,1600,2022-04-08 16:19:00,XP
30.155,30.17,30.155,30.17,600,2022-04-08 16:20:00,XP
30.17,30.2,30.17,30.2,11117,2022-04-08 16:21:00,XP
30.2,30.21,30.17,30.18,2592,2022-04-08 16:22:00,XP
30.13,30.13,30.13,30.13,5100,2022-04-08 16:23:00,XP
30.13,30.16,30.11,30.16,1966,2022-04-08 16:24:00,XP
30.16,30.2,30.155,30.2,13450,2022-04-08 16:25:00,XP
30.19,30.19,30.17,30.18,2954,2022-04-08 16:26:00,XP
30.18,30.18,30.14,30.14,2335,2022-04-08 16:27:00,XP
30.11,30.14,30.11,30.14,1729,2022-04-08 16:28:00,XP
30.16,30.16,30.13,30.145,5504,2022-04-08 16:29:00,XP
30.13,30.14,30.13,30.14,1500,2022-04-08 16:30:00,XP
30.11,30.12,30.09,30.105,3933,2022-04-08 16:31:00,XP
30.1,30.11,30.08,30.11,7234,2022-04-08 16:32:00,XP
30.11,30.18,30.1,30.145,34390,2022-04-08 16:33:00,XP
30.16,30.16,30.16,30.16,100,2022-04-08 16:34:00,XP
30.16,30.16,30.11,30.11,1882,2022-04-08 16:35:00,XP
30.125,30.14,30.12,30.135,3565,2022-04-08 16:36:00,XP
30.135,30.15,30.13,30.1398,7776,2022-04-08 16:37:00,XP
30.14,30.14,30.11,30.13,1723,2022-04-08 16:38:00,XP
30.135,30.135,30.135,30.135,360,2022-04-08 16:39:00,XP
30.15,30.18,30.14,30.17,6250,2022-04-08 16:40:00,XP
30.18,30.22,30.16,30.16,6059,2022-04-08 16:41:00,XP
30.14,30.14,30.13,30.14,823,2022-04-08 16:42:00,XP
30.135,30.135,30.09,30.09,2493,2022-04-08 16:43:00,XP
30.09,30.1,30.07,30.09,5270,2022-04-08 16:44:00,XP
30.06,30.08,30.05,30.08,4078,2022-04-08 16:45:00,XP
30.07,30.07,30.05,30.05,1400,2022-04-08 16:46:00,XP
30.05,30.05,30.05,30.05,1600,2022-04-08 16:47:00,XP
30.05,30.06,30.03,30.05,7701,2022-04-08 16:48:00,XP
30.04,30.05,30.03,30.045,1916,2022-04-08 16:49:00,XP
30.05,30.1284,30.05,30.11,12542,2022-04-08 16:50:00,XP
30.12,30.12,30.08,30.08,3478,2022-04-08 16:51:00,XP
30.09,30.11,30.09,30.1013,2216,2022-04-08 16:52:00,XP
30.12,30.13,30.11,30.11,700,2022-04-08 16:53:00,XP
30.095,30.1,30.09,30.09,1100,2022-04-08 16:54:00,XP
30.11,30.11,30.095,30.095,1296,2022-04-08 16:55:00,XP
30.08,30.11,30.08,30.11,2963,2022-04-08 16:56:00,XP
30.11,30.13,30.11,30.13,2838,2022-04-08 16:57:00,XP
30.12,30.13,30.12,30.13,1742,2022-04-08 16:58:00,XP
30.125,30.125,30.11,30.12,1150,2022-04-08 16:59:00,XP
30.1,30.11,30.1,30.1,2443,2022-04-08 17:00:00,XP
30.11,30.11,30.1,30.1,2300,2022-04-08 17:01:00,XP
30.1,30.1,30.055,30.055,2300,2022-04-08 17:02:00,XP
30.055,30.08,30.055,30.08,9396,2022-04-08 17:03:00,XP
30.07,30.13,30.07,30.11,2837,2022-04-08 17:04:00,XP
30.115,30.12,30.09,30.1,1244,2022-04-08 17:05:00,XP
30.1,30.1,30.04,30.06,4595,2022-04-08 17:06:00,XP
30.06,30.1,30.06,30.085,9042,2022-04-08 17:07:00,XP
30.09,30.1,30.08,30.09,1725,2022-04-08 17:08:00,XP
30.1,30.11,30.08,30.09,2956,2022-04-08 17:09:00,XP
30.08,30.09,30.08,30.08,750,2022-04-08 17:10:00,XP
30.08,30.08,30.04,30.045,5775,2022-04-08 17:11:00,XP
30.05,30.05,30.03,30.0494,4982,2022-04-08 17:12:00,XP
30.04,30.1,30.03,30.095,18151,2022-04-08 17:13:00,XP
30.095,30.095,30.03,30.055,15524,2022-04-08 17:14:00,XP
30.055,30.075,30.05,30.075,8522,2022-04-08 17:15:00,XP
30.08,30.085,30.07,30.07,2533,2022-04-08 17:16:00,XP
30.08,30.09,30.07,30.07,7854,2022-04-08 17:17:00,XP
30.07,30.07,30.05,30.065,7730,2022-04-08 17:18:00,XP
30.06,30.09,30.0,30.0,28159,2022-04-08 17:19:00,XP
30.0,30.03,29.99,30.03,12612,2022-04-08 17:20:00,XP
30.04,30.05,30.02,30.05,2598,2022-04-08 17:21:00,XP
30.05,30.065,30.01,30.03,13956,2022-04-08 17:22:00,XP
30.03,30.03,30.02,30.02,1157,2022-04-08 17:23:00,XP
30.01,30.03,30.0,30.01,5667,2022-04-08 17:24:00,XP
30.01,30.01,29.98,29.99,4902,2022-04-08 17:25:00,XP
29.98,29.99,29.96,29.97,9454,2022-04-08 17:26:00,XP
29.96,29.96,29.92,29.945,7366,2022-04-08 17:27:00,XP
29.95,29.97,29.95,29.97,3200,2022-04-08 17:28:00,XP
29.97,29.99,29.95,29.95,7506,2022-04-08 17:29:00,XP
29.96,29.96,29.92,29.94,1688,2022-04-08 17:30:00,XP
29.92,29.98,29.92,29.96,24873,2022-04-08 17:31:00,XP
29.95,29.955,29.915,29.955,3812,2022-04-08 17:32:00,XP
29.95,30.0,29.95,29.99,10909,2022-04-08 17:33:00,XP
30.0,30.02,29.97,29.97,6362,2022-04-08 17:34:00,XP
29.95,29.96,29.945,29.95,2915,2022-04-08 17:35:00,XP
29.96,29.97,29.95,29.96,7093,2022-04-08 17:36:00,XP
29.96,29.97,29.95,29.97,4338,2022-04-08 17:37:00,XP
29.97,30.0,29.97,29.975,11985,2022-04-08 17:38:00,XP
29.98,29.99,29.98,29.98,501,2022-04-08 17:39:00,XP
29.98,29.995,29.98,29.99,3051,2022-04-08 17:40:00,XP
29.99,29.99,29.97,29.97,2900,2022-04-08 17:41:00,XP
29.98,29.99,29.96,29.98,8744,2022-04-08 17:42:00,XP
29.98,30.02,29.98,30.02,13084,2022-04-08 17:43:00,XP
30.04,30.045,30.025,30.025,1774,2022-04-08 17:44:00,XP
30.04,30.07,30.04,30.06,3804,2022-04-08 17:45:00,XP
30.05,30.07,30.05,30.07,1750,2022-04-08 17:46:00,XP
30.065,30.095,30.065,30.09,4369,2022-04-08 17:47:00,XP
30.09,30.1,30.09,30.09,500,2022-04-08 17:48:00,XP
30.1,30.15,30.1,30.1,6506,2022-04-08 17:49:00,XP
30.1,30.1,30.02,30.045,69018,2022-04-08 17:50:00,XP
30.045,30.08,30.03,30.08,7705,2022-04-08 17:51:00,XP
30.09,30.11,30.09,30.1,2157,2022-04-08 17:52:00,XP
30.11,30.125,30.11,30.125,2513,2022-04-08 17:53:00,XP
30.125,30.125,30.11,30.125,1306,2022-04-08 17:54:00,XP
30.11,30.13,30.09,30.13,6704,2022-04-08 17:55:00,XP
30.13,30.13,30.1,30.13,4440,2022-04-08 17:56:00,XP
30.14,30.15,30.14,30.14,2716,2022-04-08 17:57:00,XP
30.145,30.15,30.14,30.145,3184,2022-04-08 17:58:00,XP
30.145,30.17,30.14,30.16,4911,2022-04-08 17:59:00,XP
30.16,30.17,30.155,30.17,545,2022-04-08 18:00:00,XP
30.18,30.19,30.18,30.18,1600,2022-04-08 18:01:00,XP
30.16,30.16,30.1,30.1,2217,2022-04-08 18:02:00,XP
30.12,30.13,30.1,30.13,1800,2022-04-08 18:03:00,XP
30.12,30.12,30.09,30.11,5404,2022-04-08 18:04:00,XP
30.12,30.13,30.1,30.13,3743,2022-04-08 18:05:00,XP
30.12,30.12,30.08,30.12,9481,2022-04-08 18:06:00,XP
30.12,30.16,30.12,30.15,2783,2022-04-08 18:07:00,XP
30.15,30.15,30.14,30.15,2040,2022-04-08 18:08:00,XP
30.15,30.16,30.13,30.15,803,2022-04-08 18:09:00,XP
30.16,30.16,30.15,30.15,5682,2022-04-08 18:10:00,XP
30.14,30.15,30.13,30.13,785,2022-04-08 18:11:00,XP
30.13,30.13,30.105,30.12,2567,2022-04-08 18:12:00,XP
30.125,30.13,30.11,30.11,1836,2022-04-08 18:13:00,XP
30.11,30.14,30.11,30.14,6438,2022-04-08 18:14:00,XP
30.14,30.14,30.14,30.14,100,2022-04-08 18:15:00,XP
30.14,30.14,30.13,30.13,2708,2022-04-08 18:16:00,XP
30.12,30.12,30.11,30.11,2054,2022-04-08 18:17:00,XP
30.11,30.11,30.095,30.1,10242,2022-04-08 18:18:00,XP
30.1,30.15,30.1,30.15,5063,2022-04-08 18:19:00,XP
30.14,30.17,30.14,30.16,3505,2022-04-08 18:20:00,XP
30.16,30.17,30.16,30.17,1429,2022-04-08 18:21:00,XP
30.16,30.19,30.155,30.155,2214,2022-04-08 18:22:00,XP
30.15,30.15,30.12,30.13,4389,2022-04-08 18:23:00,XP
30.1,30.11,30.09,30.11,7264,2022-04-08 18:24:00,XP
30.1,30.11,30.09,30.1,16026,2022-04-08 18:25:00,XP
30.11,30.13,30.1,30.1,2200,2022-04-08 18:26:00,XP
30.09,30.12,30.08,30.1,9567,2022-04-08 18:27:00,XP
30.1,30.1,30.1,30.1,800,2022-04-08 18:28:00,XP
30.1,30.1,30.09,30.1,2070,2022-04-08 18:29:00,XP
30.1,30.12,30.1,30.1,4200,2022-04-08 18:30:00,XP
30.1,30.11,30.1,30.11,4346,2022-04-08 18:31:00,XP
30.1192,30.12,30.1192,30.12,3911,2022-04-08 18:32:00,XP
30.11,30.12,30.11,30.11,1418,2022-04-08 18:33:00,XP
30.11,30.11,30.1,30.1,800,2022-04-08 18:34:00,XP
30.12,30.12,30.1,30.1,1000,2022-04-08 18:35:00,XP
30.11,30.12,30.11,30.11,2219,2022-04-08 18:36:00,XP
30.11,30.12,30.11,30.12,1800,2022-04-08 18:37:00,XP
30.12,30.14,30.12,30.13,3220,2022-04-08 18:38:00,XP
30.135,30.14,30.13,30.13,1793,2022-04-08 18:39:00,XP
30.12,30.13,30.12,30.13,1074,2022-04-08 18:40:00,XP
30.12,30.13,30.11,30.13,1700,2022-04-08 18:41:00,XP
30.12,30.12,30.095,30.105,10682,2022-04-08 18:42:00,XP
30.105,30.13,30.105,30.13,5157,2022-04-08 18:43:00,XP
30.14,30.14,30.12,30.1266,883,2022-04-08 18:44:00,XP
30.13,30.13,30.11,30.13,1000,2022-04-08 18:45:00,XP
30.13,30.135,30.12,30.135,800,2022-04-08 18:46:00,XP
30.135,30.15,30.13,30.14,4956,2022-04-08 18:47:00,XP
30.135,30.15,30.135,30.145,1690,2022-04-08 18:48:00,XP
30.15,30.15,30.14,30.145,3401,2022-04-08 18:49:00,XP
30.14,30.14,30.13,30.14,2864,2022-04-08 18:50:00,XP
30.12,30.14,30.12,30.12,1426,2022-04-08 18:51:00,XP
30.14,30.16,30.14,30.16,6671,2022-04-08 18:52:00,XP
30.16,30.165,30.15,30.15,7221,2022-04-08 18:53:00,XP
30.16,30.16,30.12,30.13,3260,2022-04-08 18:54:00,XP
30.13,30.14,30.11,30.135,4135,2022-04-08 18:55:00,XP
30.135,30.135,30.1,30.11,3039,2022-04-08 18:56:00,XP
30.12,30.14,30.12,30.14,1200,2022-04-08 18:57:00,XP
30.135,30.15,30.135,30.15,2165,2022-04-08 18:58:00,XP
30.15,30.16,30.14,30.15,4162,2022-04-08 18:59:00,XP
30.145,30.15,30.12,30.12,2134,2022-04-08 19:00:00,XP
30.12,30.12,30.12,30.12,3205,2022-04-08 19:01:00,XP
30.13,30.13,30.115,30.13,3487,2022-04-08 19:02:00,XP
30.13,30.16,30.13,30.16,1715,2022-04-08 19:03:00,XP
30.16,30.17,30.16,30.17,2845,2022-04-08 19:04:00,XP
30.17,30.175,30.16,30.17,1667,2022-04-08 19:05:00,XP
30.16,30.16,30.11,30.13,3670,2022-04-08 19:06:00,XP
30.12,30.14,30.12,30.13,1065,2022-04-08 19:07:00,XP
30.12,30.13,30.115,30.12,2442,2022-04-08 19:08:00,XP
30.13,30.14,30.12,30.14,2693,2022-04-08 19:09:00,XP
30.14,30.18,30.14,30.14,5896,2022-04-08 19:10:00,XP
30.14,30.16,30.13,30.16,1418,2022-04-08 19:11:00,XP
30.15,30.165,30.14,30.16,1821,2022-04-08 19:12:00,XP
30.16,30.23,30.16,30.215,1755,2022-04-08 19:13:00,XP
30.22,30.22,30.18,30.18,2300,2022-04-08 19:14:00,XP
30.17,30.18,30.15,30.16,4035,2022-04-08 19:15:00,XP
30.16,30.16,30.14,30.145,7643,2022-04-08 19:16:00,XP
30.14,30.14,30.13,30.14,3784,2022-04-08 19:17:00,XP
30.14,30.145,30.08,30.08,6965,2022-04-08 19:18:00,XP
30.09,30.09,30.075,30.09,5020,2022-04-08 19:19:00,XP
30.085,30.115,30.085,30.1,3000,2022-04-08 19:20:00,XP
30.1,30.12,30.1,30.12,2853,2022-04-08 19:21:00,XP
30.12,30.13,30.12,30.12,2654,2022-04-08 19:22:00,XP
30.13,30.15,30.13,30.15,6183,2022-04-08 19:23:00,XP
30.14,30.15,30.14,30.15,1000,2022-04-08 19:24:00,XP
30.14,30.14,30.1,30.12,3959,2022-04-08 19:25:00,XP
30.115,30.185,30.1,30.18,15066,2022-04-08 19:26:00,XP
30.18,30.18,30.1537,30.17,2152,2022-04-08 19:27:00,XP
30.16,30.23,30.16,30.23,4781,2022-04-08 19:28:00,XP
30.22,30.23,30.19,30.195,3288,2022-04-08 19:29:00,XP
30.2,30.2,30.19,30.2,3983,2022-04-08 19:30:00,XP
30.195,30.22,30.195,30.2,5100,2022-04-08 19:31:00,XP
30.2,30.2,30.17,30.19,7293,2022-04-08 19:32:00,XP
30.16,30.18,30.125,30.125,5772,2022-04-08 19:33:00,XP
30.14,30.14,30.115,30.12,3200,2022-04-08 19:34:00,XP
30.12,30.13,30.055,30.055,8888,2022-04-08 19:35:00,XP
30.055,30.1,30.055,30.09,11671,2022-04-08 19:36:00,XP
30.09,30.09,30.075,30.08,4248,2022-04-08 19:37:00,XP
30.075,30.125,30.0725,30.1,10292,2022-04-08 19:38:00,XP
30.105,30.11,30.075,30.075,4086,2022-04-08 19:39:00,XP
30.09,30.09,30.055,30.075,9558,2022-04-08 19:40:00,XP
30.075,30.09,30.07,30.08,4700,2022-04-08 19:41:00,XP
30.08,30.12,30.08,30.12,9358,2022-04-08 19:42:00,XP
30.12,30.12,30.09,30.09,18215,2022-04-08 19:43:00,XP
30.09,30.15,30.09,30.145,8980,2022-04-08 19:44:00,XP
30.15,30.16,30.13,30.13,5927,2022-04-08 19:45:00,XP
30.125,30.13,30.08,30.08,18300,2022-04-08 19:46:00,XP
30.085,30.095,30.07,30.075,11693,2022-04-08 19:47:00,XP
30.08,30.08,30.05,30.05,4610,2022-04-08 19:48:00,XP
30.05,30.055,29.99,29.99,12570,2022-04-08 19:49:00,XP
29.99,29.99,29.94,29.955,13967,2022-04-08 19:50:00,XP
29.95,29.965,29.93,29.965,22090,2022-04-08 19:51:00,XP
29.965,30.01,29.9,29.96,61523,2022-04-08 19:52:00,XP
29.95,29.965,29.91,29.91,43685,2022-04-08 19:53:00,XP
29.915,29.93,29.88,29.88,40472,2022-04-08 19:54:00,XP
29.89,29.92,29.88,29.885,24447,2022-04-08 19:55:00,XP
29.88,29.88,29.845,29.85,24261,2022-04-08 19:56:00,XP
29.845,29.86,29.835,29.845,24234,2022-04-08 19:57:00,XP
29.845,29.87,29.83,29.865,23829,2022-04-08 19:58:00,XP
29.865,29.865,29.79,29.86,126549,2022-04-08 19:59:00,XP
29.86,29.86,29.86,29.86,168992,2022-04-08 20:00:00,XP
29.86,29.86,29.86,29.86,63290,2022-04-08 20:24:00,XP
29.77,29.77,29.77,29.77,100,2022-04-11 13:08:00,XP
29.75,29.75,29.75,29.75,370,2022-04-11 13:10:00,XP
29.49,29.5,29.49,29.5,300,2022-04-11 13:19:00,XP
29.5,29.5,29.5,29.5,200,2022-04-11 13:21:00,XP
29.6,29.63,29.6,29.63,400,2022-04-11 13:27:00,XP
29.63,29.72,29.63,29.7,723,2022-04-11 13:28:00,XP
29.7,29.73,29.39,29.45,35594,2022-04-11 13:30:00,XP
29.46,29.51,29.33,29.33,1200,2022-04-11 13:31:00,XP
29.285,29.285,29.17,29.22,53553,2022-04-11 13:32:00,XP
29.21,29.21,29.18,29.18,800,2022-04-11 13:33:00,XP
29.165,29.165,29.09,29.14,6199,2022-04-11 13:34:00,XP
29.17,29.18,29.11,29.11,3000,2022-04-11 13:35:00,XP
29.13,29.19,29.13,29.19,500,2022-04-11 13:36:00,XP
29.12,29.12,29.11,29.11,200,2022-04-11 13:37:00,XP
29.13,29.14,29.0,29.01,7450,2022-04-11 13:38:00,XP
28.995,28.995,28.84,28.86,39628,2022-04-11 13:39:00,XP
28.87,28.89,28.81,28.84,9585,2022-04-11 13:40:00,XP
28.85,29.1,28.85,29.035,13985,2022-04-11 13:41:00,XP
29.08,29.27,29.055,29.155,39049,2022-04-11 13:42:00,XP
29.18,29.19,29.18,29.19,832,2022-04-11 13:43:00,XP
29.23,29.36,29.2,29.28,4651,2022-04-11 13:44:00,XP
29.28,29.32,29.21,29.25,6393,2022-04-11 13:45:00,XP
29.24,29.31,29.21,29.23,14345,2022-04-11 13:46:00,XP
29.27,29.34,29.27,29.337,2023,2022-04-11 13:47:00,XP
29.4,29.45,29.4,29.45,800,2022-04-11 13:48:00,XP
29.4045,29.48,29.4045,29.48,500,2022-04-11 13:49:00,XP
29.555,29.555,29.555,29.555,400,2022-04-11 13:50:00,XP
29.505,29.505,29.44,29.46,1760,2022-04-11 13:51:00,XP
29.43,29.63,29.43,29.62,2700,2022-04-11 13:52:00,XP
29.612,29.77,29.59,29.74,7312,2022-04-11 13:53:00,XP
29.705,29.78,29.67,29.78,1450,2022-04-11 13:54:00,XP
29.74,29.74,29.64,29.68,8522,2022-04-11 13:55:00,XP
29.68,29.85,29.68,29.78,5428,2022-04-11 13:56:00,XP
29.83,29.89,29.77,29.84,8852,2022-04-11 13:57:00,XP
29.8,29.8,29.73,29.75,900,2022-04-11 13:58:00,XP
29.78,29.83,29.73,29.73,7508,2022-04-11 13:59:00,XP
29.7,29.7,29.62,29.64,1000,2022-04-11 14:00:00,XP
29.7,29.85,29.69,29.85,9715,2022-04-11 14:01:00,XP
29.87,29.88,29.83,29.87,3600,2022-04-11 14:02:00,XP
29.89,29.89,29.73,29.73,1594,2022-04-11 14:03:00,XP
29.7,29.71,29.7,29.7,2976,2022-04-11 14:04:00,XP
29.7,29.71,29.66,29.685,1909,2022-04-11 14:05:00,XP
29.66,29.81,29.66,29.67,38128,2022-04-11 14:06:00,XP
29.66,29.71,29.63,29.65,17814,2022-04-11 14:07:00,XP
29.6,29.67,29.6,29.67,741,2022-04-11 14:08:00,XP
29.67,29.77,29.67,29.72,22094,2022-04-11 14:09:00,XP
29.68,29.79,29.67,29.79,1150,2022-04-11 14:10:00,XP
29.75,29.75,29.75,29.75,600,2022-04-11 14:11:00,XP
29.8,29.8,29.64,29.65,13847,2022-04-11 14:13:00,XP
29.64,29.64,29.58,29.595,2045,2022-04-11 14:14:00,XP
29.63,29.64,29.55,29.6,3800,2022-04-11 14:15:00,XP
29.58,29.63,29.58,29.63,1099,2022-04-11 14:16:00,XP
29.58,29.59,29.49,29.49,1556,2022-04-11 14:17:00,XP
29.47,29.47,29.41,29.41,3120,2022-04-11 14:18:00,XP
29.42,29.42,29.37,29.37,1722,2022-04-11 14:19:00,XP
29.36,29.41,29.32,29.34,9920,2022-04-11 14:20:00,XP
29.34,29.36,29.34,29.36,1100,2022-04-11 14:21:00,XP
29.34,29.39,29.33,29.38,7572,2022-04-11 14:22:00,XP
29.41,29.46,29.405,29.4425,22290,2022-04-11 14:23:00,XP
29.44,29.465,29.44,29.465,9221,2022-04-11 14:24:00,XP
29.48,29.5,29.48,29.5,7483,2022-04-11 14:25:00,XP
29.5,29.51,29.41,29.41,600,2022-04-11 14:26:00,XP
29.405,29.405,29.405,29.405,200,2022-04-11 14:27:00,XP
29.39,29.41,29.38,29.39,6152,2022-04-11 14:28:00,XP
29.38,29.465,29.38,29.46,4390,2022-04-11 14:29:00,XP
29.46,29.47,29.41,29.47,3750,2022-04-11 14:30:00,XP
29.5,29.57,29.5,29.57,702,2022-04-11 14:31:00,XP
29.57,29.57,29.485,29.485,9463,2022-04-11 14:32:00,XP
29.46,29.5,29.46,29.5,6778,2022-04-11 14:33:00,XP
29.52,29.59,29.52,29.59,1049,2022-04-11 14:34:00,XP
29.56,29.56,29.4631,29.465,4303,2022-04-11 14:35:00,XP
29.46,29.46,29.39,29.425,4901,2022-04-11 14:36:00,XP
29.425,29.425,29.39,29.4,1592,2022-04-11 14:37:00,XP
29.4,29.41,29.39,29.4,8698,2022-04-11 14:38:00,XP
29.41,29.41,29.34,29.34,900,2022-04-11 14:39:00,XP
29.3,29.3,29.275,29.275,850,2022-04-11 14:40:00,XP
29.255,29.28,29.21,29.225,2618,2022-04-11 14:41:00,XP
29.23,29.26,29.21,29.24,13393,2022-04-11 14:42:00,XP
29.25,29.25,29.23,29.24,4809,2022-04-11 14:43:00,XP
29.235,29.27,29.215,29.26,4361,2022-04-11 14:44:00,XP
29.26,29.29,29.25,29.265,6921,2022-04-11 14:45:00,XP
29.25,29.25,29.215,29.215,3650,2022-04-11 14:46:00,XP
29.24,29.24,29.235,29.235,700,2022-04-11 14:47:00,XP
29.24,29.28,29.24,29.264,2063,2022-04-11 14:48:00,XP
29.25,29.265,29.235,29.265,2614,2022-04-11 14:49:00,XP
29.25,29.27,29.25,29.255,1163,2022-04-11 14:50:00,XP
29.27,29.3,29.27,29.29,1147,2022-04-11 14:51:00,XP
29.27,29.29,29.2591,29.29,1740,2022-04-11 14:52:00,XP
29.27,29.27,29.27,29.27,150,2022-04-11 14:53:00,XP
29.3,29.35,29.3,29.345,2200,2022-04-11 14:54:00,XP
29.33,29.38,29.33,29.38,1400,2022-04-11 14:55:00,XP
29.37,29.37,29.34,29.35,570,2022-04-11 14:56:00,XP
29.32,29.326,29.32,29.32,600,2022-04-11 14:57:00,XP
29.265,29.28,29.265,29.28,700,2022-04-11 14:59:00,XP
29.31,29.35,29.31,29.35,700,2022-04-11 15:00:00,XP
29.34,29.34,29.28,29.3,2964,2022-04-11 15:01:00,XP
29.325,29.345,29.325,29.345,200,2022-04-11 15:02:00,XP
29.36,29.36,29.36,29.36,1000,2022-04-11 15:04:00,XP
29.34,29.34,29.32,29.33,1300,2022-04-11 15:05:00,XP
29.3,29.335,29.3,29.32,2350,2022-04-11 15:06:00,XP
29.33,29.33,29.29,29.29,400,2022-04-11 15:07:00,XP
29.32,29.37,29.32,29.37,900,2022-04-11 15:08:00,XP
29.36,29.36,29.34,29.34,200,2022-04-11 15:09:00,XP
29.34,29.365,29.34,29.365,400,2022-04-11 15:10:00,XP
29.37,29.37,29.35,29.35,1300,2022-04-11 15:11:00,XP
29.33,29.33,29.3,29.33,1504,2022-04-11 15:12:00,XP
29.32,29.33,29.32,29.33,400,2022-04-11 15:13:00,XP
29.31,29.33,29.295,29.33,2402,2022-04-11 15:14:00,XP
29.31,29.33,29.3,29.33,1500,2022-04-11 15:15:00,XP
29.33,29.37,29.33,29.36,800,2022-04-11 15:16:00,XP
29.39,29.39,29.34,29.35,2990,2022-04-11 15:18:00,XP
29.33,29.33,29.28,29.32,4752,2022-04-11 15:19:00,XP
29.35,29.35,29.35,29.35,400,2022-04-11 15:20:00,XP
29.4,29.4,29.375,29.39,308,2022-04-11 15:21:00,XP
29.385,29.385,29.35,29.365,1019,2022-04-11 15:22:00,XP
29.32,29.34,29.32,29.34,400,2022-04-11 15:24:00,XP
29.36,29.38,29.36,29.37,900,2022-04-11 15:25:00,XP
29.38,29.38,29.375,29.375,200,2022-04-11 15:26:00,XP
29.37,29.41,29.36,29.4,5865,2022-04-11 15:27:00,XP
29.4,29.43,29.4,29.43,480,2022-04-11 15:28:00,XP
29.43,29.5,29.43,29.5,1204,2022-04-11 15:29:00,XP
29.5,29.52,29.4915,29.495,4226,2022-04-11 15:30:00,XP
29.51,29.51,29.51,29.51,2000,2022-04-11 15:31:00,XP
29.48,29.5,29.47,29.5,400,2022-04-11 15:32:00,XP
29.51,29.53,29.501,29.501,2551,2022-04-11 15:33:00,XP
29.51,29.51,29.5,29.5,311,2022-04-11 15:34:00,XP
29.5,29.51,29.5,29.51,300,2022-04-11 15:35:00,XP
29.52,29.56,29.52,29.54,300,2022-04-11 15:36:00,XP
29.555,29.555,29.54,29.54,400,2022-04-11 15:37:00,XP
29.51,29.51,29.51,29.51,100,2022-04-11 15:38:00,XP
29.52,29.52,29.48,29.51,950,2022-04-11 15:40:00,XP
29.52,29.55,29.52,29.54,1200,2022-04-11 15:41:00,XP
29.52,29.52,29.52,29.52,100,2022-04-11 15:42:00,XP
29.53,29.55,29.53,29.55,1395,2022-04-11 15:43:00,XP
29.58,29.63,29.58,29.61,1150,2022-04-11 15:44:00,XP
29.6,29.62,29.58,29.6,3885,2022-04-11 15:45:00,XP
29.57,29.57,29.52,29.52,300,2022-04-11 15:46:00,XP
29.505,29.505,29.505,29.505,200,2022-04-11 15:47:00,XP
29.48,29.495,29.48,29.48,300,2022-04-11 15:48:00,XP
29.48,29.5,29.45,29.49,3000,2022-04-11 15:49:00,XP
29.48,29.48,29.45,29.45,2165,2022-04-11 15:50:00,XP
29.48,29.5,29.47,29.5,530,2022-04-11 15:51:00,XP
29.51,29.51,29.51,29.51,200,2022-04-11 15:52:00,XP
29.55,29.555,29.54,29.54,700,2022-04-11 15:53:00,XP
29.58,29.58,29.58,29.58,127,2022-04-11 15:54:00,XP
29.55,29.55,29.51,29.51,300,2022-04-11 15:55:00,XP
29.5,29.53,29.5,29.53,800,2022-04-11 15:56:00,XP
29.505,29.53,29.5,29.53,400,2022-04-11 15:57:00,XP
29.53,29.55,29.525,29.55,730,2022-04-11 15:58:00,XP
29.54,29.57,29.535,29.555,764,2022-04-11 15:59:00,XP
29.54,29.54,29.52,29.52,450,2022-04-11 16:00:00,XP
29.505,29.505,29.505,29.505,200,2022-04-11 16:02:00,XP
29.495,29.495,29.495,29.495,100,2022-04-11 16:03:00,XP
29.52,29.52,29.52,29.52,300,2022-04-11 16:04:00,XP
29.52,29.52,29.52,29.52,200,2022-04-11 16:05:00,XP
29.53,29.54,29.53,29.54,300,2022-04-11 16:07:00,XP
29.535,29.54,29.525,29.54,710,2022-04-11 16:08:00,XP
29.515,29.515,29.49,29.51,700,2022-04-11 16:09:00,XP
29.52,29.525,29.505,29.505,900,2022-04-11 16:10:00,XP
29.49,29.49,29.46,29.46,300,2022-04-11 16:11:00,XP
29.465,29.465,29.465,29.465,200,2022-04-11 16:12:00,XP
29.45,29.48,29.45,29.48,5190,2022-04-11 16:13:00,XP
29.485,29.485,29.485,29.485,100,2022-04-11 16:14:00,XP
29.5,29.5,29.5,29.5,100,2022-04-11 16:15:00,XP
29.5,29.56,29.49,29.53,6502,2022-04-11 16:16:00,XP
29.52,29.55,29.52,29.54,1525,2022-04-11 16:17:00,XP
29.52,29.5366,29.52,29.535,663,2022-04-11 16:18:00,XP
29.55,29.55,29.54,29.54,300,2022-04-11 16:19:00,XP
29.55,29.56,29.54,29.54,500,2022-04-11 16:20:00,XP
29.55,29.55,29.51,29.51,500,2022-04-11 16:21:00,XP
29.52,29.52,29.51,29.51,200,2022-04-11 16:22:00,XP
29.495,29.495,29.48,29.48,300,2022-04-11 16:23:00,XP
29.5,29.5,29.5,29.5,200,2022-04-11 16:24:00,XP
29.49,29.5,29.49,29.49,1014,2022-04-11 16:25:00,XP
29.48,29.49,29.46,29.485,1700,2022-04-11 16:26:00,XP
29.47,29.47,29.41,29.45,4069,2022-04-11 16:27:00,XP
29.45,29.45,29.45,29.45,433,2022-04-11 16:28:00,XP
29.455,29.47,29.455,29.47,900,2022-04-11 16:29:00,XP
29.49,29.51,29.49,29.5,1000,2022-04-11 16:30:00,XP
29.52,29.555,29.52,29.53,3261,2022-04-11 16:31:00,XP
29.53,29.53,29.48,29.53,3347,2022-04-11 16:32:00,XP
29.51,29.51,29.41,29.43,15559,2022-04-11 16:33:00,XP
29.45,29.455,29.43,29.455,700,2022-04-11 16:34:00,XP
29.46,29.47,29.46,29.47,900,2022-04-11 16:35:00,XP
29.49,29.49,29.48,29.48,300,2022-04-11 16:36:00,XP
29.49,29.495,29.455,29.495,1600,2022-04-11 16:37:00,XP
29.5,29.5,29.5,29.5,200,2022-04-11 16:38:00,XP
29.51,29.51,29.5,29.5,1200,2022-04-11 16:39:00,XP
29.51,29.51,29.5,29.5,753,2022-04-11 16:41:00,XP
29.4828,29.51,29.48,29.51,1958,2022-04-11 16:42:00,XP
29.5,29.51,29.49,29.51,400,2022-04-11 16:43:00,XP
29.5,29.5,29.47,29.47,800,2022-04-11 16:44:00,XP
29.455,29.51,29.44,29.51,1700,2022-04-11 16:45:00,XP
29.52,29.52,29.51,29.51,452,2022-04-11 16:46:00,XP
29.49,29.49,29.43,29.43,798,2022-04-11 16:47:00,XP
29.445,29.5,29.445,29.5,1400,2022-04-11 16:48:00,XP
29.48,29.48,29.46,29.465,500,2022-04-11 16:49:00,XP
29.465,29.465,29.44,29.44,272,2022-04-11 16:50:00,XP
29.45,29.47,29.45,29.46,900,2022-04-11 16:51:00,XP
29.43,29.43,29.4,29.405,500,2022-04-11 16:52:00,XP
29.38,29.38,29.38,29.38,1568,2022-04-11 16:53:00,XP
29.38,29.39,29.35,29.38,2239,2022-04-11 16:54:00,XP
29.375,29.41,29.3618,29.39,837,2022-04-11 16:55:00,XP
29.4,29.4,29.37,29.37,300,2022-04-11 16:56:00,XP
29.4,29.435,29.4,29.435,1995,2022-04-11 16:57:00,XP
29.45,29.46,29.42,29.42,1900,2022-04-11 16:58:00,XP
29.42,29.43,29.415,29.42,500,2022-04-11 16:59:00,XP
29.43,29.48,29.43,29.48,1900,2022-04-11 17:00:00,XP
29.48,29.53,29.48,29.51,664,2022-04-11 17:01:00,XP
29.52,29.52,29.49,29.49,719,2022-04-11 17:02:00,XP
29.5,29.53,29.5,29.515,500,2022-04-11 17:03:00,XP
29.51,29.56,29.51,29.56,1300,2022-04-11 17:05:00,XP
29.55,29.55,29.55,29.55,200,2022-04-11 17:06:00,XP
29.54,29.54,29.54,29.54,200,2022-04-11 17:07:00,XP
29.5682,29.5682,29.54,29.54,1018,2022-04-11 17:08:00,XP
29.535,29.535,29.53,29.53,200,2022-04-11 17:09:00,XP
29.52,29.52,29.475,29.51,3223,2022-04-11 17:10:00,XP
29.51,29.55,29.51,29.52,2000,2022-04-11 17:11:00,XP
29.5,29.5,29.5,29.5,250,2022-04-11 17:12:00,XP
29.5,29.505,29.475,29.475,600,2022-04-11 17:13:00,XP
29.47,29.52,29.47,29.51,2546,2022-04-11 17:14:00,XP
29.49,29.54,29.49,29.54,11669,2022-04-11 17:15:00,XP
29.51,29.51,29.47,29.475,1300,2022-04-11 17:16:00,XP
29.465,29.465,29.42,29.44,800,2022-04-11 17:17:00,XP
29.441,29.441,29.441,29.441,100,2022-04-11 17:18:00,XP
29.425,29.44,29.425,29.44,700,2022-04-11 17:19:00,XP
29.45,29.46,29.45,29.46,400,2022-04-11 17:20:00,XP
29.4583,29.4583,29.435,29.44,2144,2022-04-11 17:21:00,XP
29.46,29.48,29.44,29.47,4273,2022-04-11 17:22:00,XP
29.49,29.5,29.45,29.465,1850,2022-04-11 17:23:00,XP
29.45,29.45,29.45,29.45,300,2022-04-11 17:24:00,XP
29.45,29.47,29.45,29.465,600,2022-04-11 17:25:00,XP
29.47,29.49,29.45,29.475,1849,2022-04-11 17:26:00,XP
29.475,29.49,29.46,29.49,950,2022-04-11 17:27:00,XP
29.495,29.55,29.495,29.5,5693,2022-04-11 17:28:00,XP
29.5,29.5,29.48,29.48,700,2022-04-11 17:29:00,XP
29.51,29.58,29.5,29.58,1298,2022-04-11 17:30:00,XP
29.58,29.605,29.58,29.6,3167,2022-04-11 17:31:00,XP
29.61,29.63,29.6,29.6,5603,2022-04-11 17:32:00,XP
29.63,29.63,29.61,29.61,1740,2022-04-11 17:33:00,XP
29.625,29.63,29.6,29.63,2400,2022-04-11 17:34:00,XP
29.66,29.685,29.64,29.64,4251,2022-04-11 17:35:00,XP
29.6196,29.63,29.6,29.61,5606,2022-04-11 17:36:00,XP
29.61,29.62,29.6,29.62,2491,2022-04-11 17:37:00,XP
29.61,29.61,29.6,29.6,400,2022-04-11 17:38:00,XP
29.6,29.615,29.6,29.6,3374,2022-04-11 17:39:00,XP
29.62,29.65,29.62,29.64,1100,2022-04-11 17:40:00,XP
29.635,29.635,29.6,29.61,17867,2022-04-11 17:41:00,XP
29.61,29.61,29.61,29.61,400,2022-04-11 17:42:00,XP
29.6,29.615,29.6,29.61,400,2022-04-11 17:43:00,XP
29.61,29.62,29.61,29.61,350,2022-04-11 17:44:00,XP
29.6,29.63,29.6,29.6,11600,2022-04-11 17:45:00,XP
29.6,29.62,29.6,29.61,7500,2022-04-11 17:46:00,XP
29.61,29.62,29.6,29.6,23457,2022-04-11 17:47:00,XP
29.61,29.61,29.585,29.585,1442,2022-04-11 17:48:00,XP
29.59,29.59,29.55,29.58,9624,2022-04-11 17:49:00,XP
29.58,29.6,29.57,29.6,1435,2022-04-11 17:50:00,XP
29.59,29.59,29.56,29.58,1572,2022-04-11 17:51:00,XP
29.59,29.59,29.57,29.57,400,2022-04-11 17:52:00,XP
29.59,29.59,29.57,29.59,700,2022-04-11 17:53:00,XP
29.57,29.585,29.56,29.585,850,2022-04-11 17:54:00,XP
29.57,29.6,29.57,29.585,4289,2022-04-11 17:55:00,XP
29.58,29.605,29.56,29.605,5874,2022-04-11 17:56:00,XP
29.62,29.63,29.58,29.605,5360,2022-04-11 17:57:00,XP
29.615,29.615,29.6,29.6,400,2022-04-11 17:58:00,XP
29.63,29.65,29.62,29.65,1500,2022-04-11 17:59:00,XP
29.65,29.65,29.61,29.615,1200,2022-04-11 18:00:00,XP
29.605,29.64,29.605,29.61,1250,2022-04-11 18:02:00,XP
29.61,29.62,29.57,29.605,1822,2022-04-11 18:03:00,XP
29.61,29.65,29.61,29.645,2460,2022-04-11 18:04:00,XP
29.66,29.66,29.64,29.64,700,2022-04-11 18:05:00,XP
29.655,29.72,29.64,29.715,4337,2022-04-11 18:06:00,XP
29.715,29.73,29.715,29.73,643,2022-04-11 18:07:00,XP
29.745,29.75,29.73,29.745,600,2022-04-11 18:08:00,XP
29.745,29.76,29.74,29.74,1100,2022-04-11 18:09:00,XP
29.71,29.73,29.7,29.72,1450,2022-04-11 18:10:00,XP
29.71,29.72,29.7,29.71,1092,2022-04-11 18:11:00,XP
29.715,29.715,29.71,29.71,400,2022-04-11 18:12:00,XP
29.72,29.73,29.7,29.725,5060,2022-04-11 18:13:00,XP
29.74,29.76,29.7,29.715,3474,2022-04-11 18:14:00,XP
29.72,29.72,29.7,29.7,6653,2022-04-11 18:15:00,XP
29.7,29.71,29.7,29.705,14072,2022-04-11 18:16:00,XP
29.7025,29.705,29.65,29.65,15218,2022-04-11 18:17:00,XP
29.65,29.65,29.63,29.64,1264,2022-04-11 18:18:00,XP
29.65,29.66,29.64,29.65,4304,2022-04-11 18:19:00,XP
29.65,29.675,29.65,29.675,7563,2022-04-11 18:20:00,XP
29.68,29.68,29.675,29.675,1149,2022-04-11 18:21:00,XP
29.675,29.72,29.66,29.72,3290,2022-04-11 18:22:00,XP
29.71,29.77,29.71,29.77,6928,2022-04-11 18:23:00,XP
29.76,29.76,29.75,29.76,2029,2022-04-11 18:24:00,XP
29.75,29.77,29.745,29.77,3879,2022-04-11 18:25:00,XP
29.77,29.78,29.74,29.75,5820,2022-04-11 18:26:00,XP
29.77,29.77,29.75,29.77,1000,2022-04-11 18:27:00,XP
29.75,29.76,29.745,29.75,3356,2022-04-11 18:28:00,XP
29.77,29.8,29.75,29.75,4111,2022-04-11 18:29:00,XP
29.75,29.76,29.745,29.755,1000,2022-04-11 18:30:00,XP
29.75,29.79,29.75,29.75,2877,2022-04-11 18:31:00,XP
29.745,29.78,29.745,29.775,7134,2022-04-11 18:32:00,XP
29.76,29.81,29.76,29.81,3429,2022-04-11 18:33:00,XP
29.801,29.835,29.801,29.835,1021,2022-04-11 18:34:00,XP
29.835,29.86,29.82,29.855,2102,2022-04-11 18:35:00,XP
29.82,29.83,29.81,29.81,1500,2022-04-11 18:36:00,XP
29.825,29.825,29.81,29.82,975,2022-04-11 18:37:00,XP
29.81,29.82,29.78,29.8,3418,2022-04-11 18:38:00,XP
29.8,29.84,29.79,29.84,3067,2022-04-11 18:39:00,XP
29.85,29.85,29.83,29.83,1600,2022-04-11 18:40:00,XP
29.82,29.83,29.78,29.82,4257,2022-04-11 18:41:00,XP
29.825,29.825,29.8,29.81,695,2022-04-11 18:42:00,XP
29.795,29.81,29.76,29.775,1137,2022-04-11 18:43:00,XP
29.785,29.79,29.785,29.79,500,2022-04-11 18:44:00,XP
29.8,29.845,29.8,29.845,1134,2022-04-11 18:45:00,XP
29.83,29.86,29.77,29.86,2900,2022-04-11 18:46:00,XP
29.85,29.86,29.82,29.86,2534,2022-04-11 18:47:00,XP
29.84,29.86,29.83,29.83,300,2022-04-11 18:48:00,XP
29.85,29.86,29.84,29.86,813,2022-04-11 18:49:00,XP
29.865,29.88,29.86,29.86,733,2022-04-11 18:50:00,XP
29.875,29.875,29.86,29.86,900,2022-04-11 18:51:00,XP
29.89,29.91,29.88,29.88,3700,2022-04-11 18:52:00,XP
29.87,29.88,29.86,29.88,800,2022-04-11 18:53:00,XP
29.88,29.88,29.84,29.85,3100,2022-04-11 18:54:00,XP
29.855,29.92,29.85,29.92,5848,2022-04-11 18:55:00,XP
29.92,29.93,29.9,29.9,12689,2022-04-11 18:56:00,XP
29.915,29.93,29.9,29.9,5782,2022-04-11 18:57:00,XP
29.9,29.97,29.9,29.95,12886,2022-04-11 18:58:00,XP
29.95,29.97,29.95,29.95,10535,2022-04-11 18:59:00,XP
29.97,29.97,29.95,29.95,11932,2022-04-11 19:00:00,XP
29.96,29.98,29.95,29.95,6241,2022-04-11 19:01:00,XP
29.95,29.98,29.94,29.95,18179,2022-04-11 19:02:00,XP
29.94,29.96,29.94,29.95,8845,2022-04-11 19:03:00,XP
29.94,29.95,29.89,29.91,43905,2022-04-11 19:04:00,XP
29.895,29.895,29.84,29.86,8305,2022-04-11 19:05:00,XP
29.85,29.86,29.84,29.84,1300,2022-04-11 19:06:00,XP
29.84,29.86,29.84,29.84,2929,2022-04-11 19:07:00,XP
29.85,29.87,29.84,29.84,2290,2022-04-11 19:08:00,XP
29.84,29.85,29.84,29.84,1200,2022-04-11 19:09:00,XP
29.85,29.87,29.84,29.85,4995,2022-04-11 19:10:00,XP
29.865,29.865,29.81,29.82,2281,2022-04-11 19:11:00,XP
29.82,29.84,29.81,29.83,3205,2022-04-11 19:12:00,XP
29.85,29.86,29.84,29.84,2700,2022-04-11 19:13:00,XP
29.86,29.86,29.84,29.86,2000,2022-04-11 19:14:00,XP
29.87,29.87,29.81,29.81,3720,2022-04-11 19:15:00,XP
29.825,29.84,29.79,29.82,3995,2022-04-11 19:16:00,XP
29.81,29.855,29.81,29.855,7700,2022-04-11 19:17:00,XP
29.855,29.855,29.81,29.81,2500,2022-04-11 19:18:00,XP
29.79,29.82,29.79,29.8,2262,2022-04-11 19:19:00,XP
29.81,29.82,29.79,29.8,4648,2022-04-11 19:20:00,XP
29.77,29.79,29.75,29.77,3400,2022-04-11 19:21:00,XP
29.79,29.81,29.785,29.805,7198,2022-04-11 19:22:00,XP
29.805,29.84,29.8,29.81,7354,2022-04-11 19:23:00,XP
29.79,29.805,29.78,29.79,900,2022-04-11 19:24:00,XP
29.79,29.79,29.75,29.76,2836,2022-04-11 19:25:00,XP
29.77,29.81,29.75,29.81,10711,2022-04-11 19:26:00,XP
29.8,29.8,29.765,29.8,6184,2022-04-11 19:27:00,XP
29.8,29.82,29.8,29.81,2866,2022-04-11 19:28:00,XP
29.8,29.83,29.8,29.83,3084,2022-04-11 19:29:00,XP
29.82,29.84,29.79,29.81,4531,2022-04-11 19:30:00,XP
29.8,29.82,29.79,29.82,3300,2022-04-11 19:31:00,XP
29.815,29.82,29.805,29.805,4579,2022-04-11 19:32:00,XP
29.8,29.8,29.75,29.77,9803,2022-04-11 19:33:00,XP
29.77,29.785,29.76,29.76,8507,2022-04-11 19:34:00,XP
29.75,29.77,29.75,29.76,9516,2022-04-11 19:35:00,XP
29.76,29.77,29.76,29.77,8153,2022-04-11 19:36:00,XP
29.77,29.81,29.77,29.8,17959,2022-04-11 19:37:00,XP
29.805,29.82,29.805,29.81,10175,2022-04-11 19:38:00,XP
29.81,29.835,29.8,29.81,29308,2022-04-11 19:39:00,XP
29.81,29.81,29.8,29.805,5934,2022-04-11 19:40:00,XP
29.801,29.82,29.8,29.8,5941,2022-04-11 19:41:00,XP
29.8,29.805,29.8,29.8,35628,2022-04-11 19:42:00,XP
29.8,29.805,29.8,29.8,43374,2022-04-11 19:43:00,XP
29.8,29.81,29.79,29.805,51060,2022-04-11 19:44:00,XP
29.8,29.805,29.7,29.7,28126,2022-04-11 19:45:00,XP
29.7,29.7,29.64,29.64,7170,2022-04-11 19:46:00,XP
29.65,29.685,29.643,29.66,9209,2022-04-11 19:47:00,XP
29.67,29.7,29.67,29.7,3712,2022-04-11 19:48:00,XP
29.69,29.755,29.671,29.7,17643,2022-04-11 19:49:00,XP
29.69,29.72,29.66,29.715,17487,2022-04-11 19:50:00,XP
29.715,29.715,29.64,29.66,9599,2022-04-11 19:51:00,XP
29.655,29.655,29.62,29.63,6268,2022-04-11 19:52:00,XP
29.63,29.675,29.625,29.66,10529,2022-04-11 19:53:00,XP
29.66,29.69,29.61,29.63,10004,2022-04-11 19:54:00,XP
29.635,29.64,29.59,29.64,14178,2022-04-11 19:55:00,XP
29.63,29.63,29.6,29.63,10948,2022-04-11 19:56:00,XP
29.625,29.63,29.59,29.595,75901,2022-04-11 19:57:00,XP
29.595,29.615,29.595,29.6,24632,2022-04-11 19:58:00,XP
29.61,29.63,29.59,29.61,61106,2022-04-11 19:59:00,XP
29.61,29.61,29.61,29.61,166119,2022-04-11 20:00:00,XP
29.61,29.61,29.61,29.61,9500,2022-04-11 20:07:00,XP
30.44,30.44,30.44,30.44,200,2022-04-12 13:05:00,XP
30.49,30.49,30.47,30.47,200,2022-04-12 13:06:00,XP
30.33,30.33,30.29,30.31,300,2022-04-12 13:08:00,XP
30.29,30.29,30.28,30.28,580,2022-04-12 13:09:00,XP
30.4,30.4,30.4,30.4,190,2022-04-12 13:10:00,XP
30.57,30.57,30.57,30.57,162,2022-04-12 13:11:00,XP
30.59,30.59,30.59,30.59,188,2022-04-12 13:15:00,XP
30.28,30.28,30.22,30.22,695,2022-04-12 13:28:00,XP
30.26,30.26,30.22,30.22,292,2022-04-12 13:29:00,XP
30.28,30.28,30.09,30.25,18034,2022-04-12 13:30:00,XP
30.2,30.29,30.13,30.2,4691,2022-04-12 13:31:00,XP
30.27,30.41,30.255,30.4,2803,2022-04-12 13:32:00,XP
30.33,30.33,30.17,30.17,6466,2022-04-12 13:33:00,XP
30.28,30.28,30.2,30.27,400,2022-04-12 13:34:00,XP
30.26,30.26,30.16,30.16,409,2022-04-12 13:35:00,XP
30.18,30.2,30.12,30.12,39350,2022-04-12 13:36:00,XP
30.09,30.21,30.09,30.16,1425,2022-04-12 13:37:00,XP
30.12,30.41,30.12,30.41,22104,2022-04-12 13:38:00,XP
30.41,30.44,30.36,30.385,57254,2022-04-12 13:39:00,XP
30.4,30.5,30.3,30.33,13067,2022-04-12 13:40:00,XP
30.3,30.42,30.26,30.42,11856,2022-04-12 13:42:00,XP
30.32,30.32,30.27,30.315,1951,2022-04-12 13:44:00,XP
30.33,30.33,30.15,30.15,3413,2022-04-12 13:45:00,XP
30.15,30.15,30.05,30.08,1621,2022-04-12 13:46:00,XP
30.09,30.24,30.09,30.215,4427,2022-04-12 13:47:00,XP
30.24,30.24,30.205,30.205,850,2022-04-12 13:48:00,XP
30.2,30.31,30.2,30.27,1575,2022-04-12 13:49:00,XP
30.255,30.28,30.225,30.28,300,2022-04-12 13:50:00,XP
30.35,30.36,30.35,30.36,1000,2022-04-12 13:51:00,XP
30.39,30.43,30.385,30.385,1650,2022-04-12 13:52:00,XP
30.375,30.375,30.375,30.375,100,2022-04-12 13:53:00,XP
30.39,30.43,30.35,30.37,101015,2022-04-12 13:54:00,XP
30.405,30.405,30.385,30.385,5400,2022-04-12 13:55:00,XP
30.4,30.5,30.39,30.49,3048,2022-04-12 13:56:00,XP
30.525,30.565,30.49,30.56,600,2022-04-12 13:57:00,XP
30.555,30.59,30.507,30.507,32048,2022-04-12 13:58:00,XP
30.5319,30.64,30.5319,30.6,3675,2022-04-12 13:59:00,XP
30.605,30.61,30.45,30.5,24848,2022-04-12 14:00:00,XP
30.52,30.52,30.5,30.5,406,2022-04-12 14:01:00,XP
30.545,30.545,30.545,30.545,200,2022-04-12 14:02:00,XP
30.55,30.55,30.55,30.55,100,2022-04-12 14:03:00,XP
30.56,30.65,30.56,30.65,1000,2022-04-12 14:04:00,XP
30.66,30.66,30.63,30.65,2200,2022-04-12 14:05:00,XP
30.63,30.63,30.61,30.61,1400,2022-04-12 14:06:00,XP
30.555,30.555,30.52,30.52,200,2022-04-12 14:08:00,XP
30.5301,30.54,30.51,30.53,12348,2022-04-12 14:09:00,XP
30.53,30.54,30.48,30.5,2540,2022-04-12 14:10:00,XP
30.5,30.5,30.42,30.44,2504,2022-04-12 14:11:00,XP
30.48,30.48,30.39,30.43,900,2022-04-12 14:12:00,XP
30.44,30.44,30.365,30.395,4100,2022-04-12 14:13:00,XP
30.44,30.44,30.405,30.44,1500,2022-04-12 14:14:00,XP
30.4,30.44,30.385,30.41,1500,2022-04-12 14:15:00,XP
30.41,30.41,30.37,30.385,2800,2022-04-12 14:16:00,XP
30.41,30.53,30.385,30.5,8254,2022-04-12 14:17:00,XP
30.5,30.5,30.405,30.47,9989,2022-04-12 14:18:00,XP
30.42,30.43,30.3,30.31,4788,2022-04-12 14:19:00,XP
30.36,30.38,30.31,30.38,7643,2022-04-12 14:20:00,XP
30.33,30.38,30.33,30.38,200,2022-04-12 14:21:00,XP
30.33,30.35,30.21,30.27,43005,2022-04-12 14:22:00,XP
30.24,30.24,30.1711,30.2,600,2022-04-12 14:23:00,XP
30.15,30.15,30.15,30.15,100,2022-04-12 14:24:00,XP
30.2,30.23,30.165,30.1705,3151,2022-04-12 14:25:00,XP
30.15,30.15,30.15,30.15,100,2022-04-12 14:27:00,XP
30.15,30.19,30.15,30.165,300,2022-04-12 14:28:00,XP
30.11,30.11,30.09,30.09,3196,2022-04-12 14:29:00,XP
30.12,30.13,30.07,30.095,2100,2022-04-12 14:30:00,XP
30.06,30.09,30.03,30.09,1250,2022-04-12 14:31:00,XP
30.1,30.11,30.1,30.11,200,2022-04-12 14:32:00,XP
30.17,30.17,30.17,30.17,200,2022-04-12 14:33:00,XP
30.17,30.1794,30.13,30.179,1873,2022-04-12 14:34:00,XP
30.18,30.18,30.18,30.18,400,2022-04-12 14:36:00,XP
30.17,30.19,30.14,30.14,1750,2022-04-12 14:37:00,XP
30.06,30.1,30.06,30.095,14620,2022-04-12 14:38:00,XP
30.09,30.13,30.09,30.13,6306,2022-04-12 14:39:00,XP
30.11,30.13,30.11,30.13,1884,2022-04-12 14:40:00,XP
30.125,30.14,30.125,30.14,7952,2022-04-12 14:41:00,XP
30.13,30.145,30.055,30.07,8361,2022-04-12 14:42:00,XP
30.07,30.08,30.04,30.07,5700,2022-04-12 14:43:00,XP
30.07,30.09,30.07,30.09,2100,2022-04-12 14:44:00,XP
30.07,30.15,30.07,30.145,21953,2022-04-12 14:45:00,XP
30.16,30.16,30.16,30.16,175,2022-04-12 14:46:00,XP
30.2,30.2,30.2,30.2,1400,2022-04-12 14:47:00,XP
30.22,30.22,30.13,30.18,23583,2022-04-12 14:48:00,XP
30.18,30.19,30.12,30.15,13985,2022-04-12 14:49:00,XP
30.12,30.19,30.11,30.17,24195,2022-04-12 14:50:00,XP
30.15,30.15,30.09,30.125,7693,2022-04-12 14:51:00,XP
30.14,30.17,30.125,30.155,10132,2022-04-12 14:52:00,XP
30.135,30.15,30.12,30.14,8524,2022-04-12 14:53:00,XP
30.14,30.15,30.1,30.13,12391,2022-04-12 14:54:00,XP
30.13,30.14,30.09,30.13,6600,2022-04-12 14:55:00,XP
30.145,30.145,30.09,30.09,2433,2022-04-12 14:56:00,XP
30.11,30.11,30.09,30.11,3232,2022-04-12 14:57:00,XP
30.09,30.09,29.99,30.015,10326,2022-04-12 14:58:00,XP
30.0,30.02,29.93,29.93,14091,2022-04-12 14:59:00,XP
29.93,29.93,29.88,29.88,2312,2022-04-12 15:00:00,XP
29.895,29.92,29.8927,29.92,1950,2022-04-12 15:01:00,XP
29.92,29.965,29.92,29.95,3650,2022-04-12 15:02:00,XP
29.95,29.95,29.935,29.935,350,2022-04-12 15:03:00,XP
29.91,29.94,29.9,29.9,8675,2022-04-12 15:04:00,XP
29.9,29.905,29.82,29.84,2763,2022-04-12 15:05:00,XP
29.82,29.82,29.76,29.79,1112,2022-04-12 15:06:00,XP
29.79,29.85,29.79,29.84,2336,2022-04-12 15:07:00,XP
29.79,29.85,29.79,29.85,200,2022-04-12 15:08:00,XP
29.8,29.82,29.79,29.79,2820,2022-04-12 15:09:00,XP
29.77,29.77,29.697,29.7,23906,2022-04-12 15:10:00,XP
29.71,29.71,29.65,29.675,4181,2022-04-12 15:11:00,XP
29.69,29.7,29.65,29.65,1900,2022-04-12 15:12:00,XP
29.63,29.64,29.61,29.63,2746,2022-04-12 15:13:00,XP
29.63,29.7,29.61,29.7,27638,2022-04-12 15:14:00,XP
29.705,29.72,29.64,29.64,5247,2022-04-12 15:15:00,XP
29.62,29.62,29.58,29.58,1800,2022-04-12 15:16:00,XP
29.61,29.61,29.57,29.57,500,2022-04-12 15:17:00,XP
29.57,29.6,29.545,29.59,3246,2022-04-12 15:18:00,XP
29.59,29.6,29.56,29.6,3819,2022-04-12 15:19:00,XP
29.62,29.6648,29.595,29.6648,4846,2022-04-12 15:20:00,XP
29.64,29.64,29.6072,29.62,2500,2022-04-12 15:21:00,XP
29.6,29.665,29.6,29.665,4578,2022-04-12 15:22:00,XP
29.66,29.67,29.63,29.63,5780,2022-04-12 15:23:00,XP
29.65,29.65,29.65,29.65,500,2022-04-12 15:24:00,XP
29.66,29.77,29.66,29.76,6851,2022-04-12 15:25:00,XP
29.76,29.77,29.76,29.76,1300,2022-04-12 15:26:00,XP
29.78,29.8,29.78,29.8,1450,2022-04-12 15:27:00,XP
29.81,29.82,29.79,29.8,5619,2022-04-12 15:28:00,XP
29.8,29.82,29.8,29.81,1895,2022-04-12 15:29:00,XP
29.82,29.86,29.82,29.85,4705,2022-04-12 15:30:00,XP
29.86,29.98,29.86,29.9,25330,2022-04-12 15:31:00,XP
29.92,29.92,29.88,29.9,11772,2022-04-12 15:32:00,XP
29.89,29.92,29.87,29.92,15948,2022-04-12 15:33:00,XP
29.91,29.92,29.88,29.89,5293,2022-04-12 15:34:00,XP
29.9,29.92,29.87,29.89,6300,2022-04-12 15:35:00,XP
29.88,29.93,29.87,29.93,12240,2022-04-12 15:36:00,XP
29.92,29.93,29.92,29.93,400,2022-04-12 15:37:00,XP
29.91,29.92,29.89,29.92,1070,2022-04-12 15:38:00,XP
29.9,29.92,29.89,29.9,2800,2022-04-12 15:39:00,XP
29.9,29.93,29.885,29.91,4232,2022-04-12 15:40:00,XP
29.92,29.97,29.92,29.97,4570,2022-04-12 15:41:00,XP
29.98,30.0,29.97,29.97,1059,2022-04-12 15:42:00,XP
29.94,29.94,29.91,29.91,1100,2022-04-12 15:43:00,XP
29.92,29.92,29.92,29.92,150,2022-04-12 15:44:00,XP
29.92,29.94,29.91,29.92,2914,2022-04-12 15:45:00,XP
29.9,29.91,29.895,29.905,3500,2022-04-12 15:46:00,XP
29.905,29.91,29.89,29.9,2400,2022-04-12 15:47:00,XP
29.9,29.91,29.83,29.835,17674,2022-04-12 15:48:00,XP
29.82,29.82,29.78,29.8,5743,2022-04-12 15:49:00,XP
29.8,29.8,29.75,29.76,1600,2022-04-12 15:50:00,XP
29.76,29.87,29.75,29.855,15948,2022-04-12 15:51:00,XP
29.84,29.84,29.83,29.83,1200,2022-04-12 15:52:00,XP
29.84,29.87,29.825,29.84,5884,2022-04-12 15:53:00,XP
29.82,29.82,29.81,29.81,2200,2022-04-12 15:54:00,XP
29.8,29.845,29.8,29.845,6869,2022-04-12 15:55:00,XP
29.85,29.86,29.835,29.835,2450,2022-04-12 15:56:00,XP
29.82,29.83,29.8,29.83,3100,2022-04-12 15:57:00,XP
29.83,29.84,29.82,29.82,9391,2022-04-12 15:58:00,XP
29.82,29.88,29.815,29.85,33713,2022-04-12 15:59:00,XP
29.86,29.86,29.81,29.84,7974,2022-04-12 16:00:00,XP
29.84,29.86,29.84,29.84,4738,2022-04-12 16:01:00,XP
29.84,29.85,29.83,29.85,1573,2022-04-12 16:02:00,XP
29.83,29.83,29.79,29.81,6221,2022-04-12 16:03:00,XP
29.81,29.83,29.79,29.83,6620,2022-04-12 16:04:00,XP
29.83,29.84,29.78,29.785,38464,2022-04-12 16:05:00,XP
29.8,29.81,29.77,29.77,4496,2022-04-12 16:06:00,XP
29.78,29.78,29.75,29.76,174640,2022-04-12 16:07:00,XP
29.76,29.77,29.74,29.76,38041,2022-04-12 16:08:00,XP
29.77,29.77,29.735,29.735,11809,2022-04-12 16:09:00,XP
29.72,29.72,29.72,29.72,100,2022-04-12 16:10:00,XP
29.73,29.74,29.705,29.74,4084,2022-04-12 16:11:00,XP
29.73,29.76,29.73,29.75,5693,2022-04-12 16:12:00,XP
29.76,29.76,29.72,29.74,6398,2022-04-12 16:13:00,XP
29.73,29.745,29.72,29.72,3400,2022-04-12 16:14:00,XP
29.74,29.74,29.69,29.74,6519,2022-04-12 16:15:00,XP
29.74,29.76,29.74,29.75,3343,2022-04-12 16:16:00,XP
29.77,29.79,29.745,29.745,44149,2022-04-12 16:17:00,XP
29.74,29.75,29.715,29.715,8723,2022-04-12 16:18:00,XP
29.68,29.69,29.65,29.66,1314,2022-04-12 16:19:00,XP
29.64,29.66,29.6002,29.65,2700,2022-04-12 16:20:00,XP
29.64,29.66,29.64,29.66,784,2022-04-12 16:21:00,XP
29.665,29.675,29.66,29.675,2000,2022-04-12 16:22:00,XP
29.66,29.66,29.6,29.6,1806,2022-04-12 16:23:00,XP
29.59,29.6,29.58,29.6,870,2022-04-12 16:24:00,XP
29.55,29.56,29.5,29.55,3200,2022-04-12 16:25:00,XP
29.52,29.53,29.48,29.519,5160,2022-04-12 16:26:00,XP
29.51,29.51,29.495,29.495,1550,2022-04-12 16:27:00,XP
29.52,29.56,29.52,29.56,800,2022-04-12 16:28:00,XP
29.56,29.66,29.56,29.62,28544,2022-04-12 16:29:00,XP
29.62,29.63,29.61,29.63,5060,2022-04-12 16:30:00,XP
29.63,29.7,29.63,29.7,6297,2022-04-12 16:31:00,XP
29.67,29.74,29.65,29.705,120094,2022-04-12 16:32:00,XP
29.705,29.72,29.67,29.67,2150,2022-04-12 16:33:00,XP
29.68,29.69,29.66,29.68,22574,2022-04-12 16:34:00,XP
29.65,29.68,29.65,29.66,35265,2022-04-12 16:35:00,XP
29.66,29.69,29.65,29.69,17205,2022-04-12 16:36:00,XP
29.68,29.69,29.65,29.68,20116,2022-04-12 16:37:00,XP
29.67,29.69,29.65,29.69,6343,2022-04-12 16:38:00,XP
29.68,29.73,29.67,29.73,6900,2022-04-12 16:39:00,XP
29.72,29.73,29.69,29.7,13117,2022-04-12 16:40:00,XP
29.71,29.74,29.71,29.74,8670,2022-04-12 16:41:00,XP
29.74,29.74,29.7,29.7,7350,2022-04-12 16:42:00,XP
29.685,29.73,29.665,29.73,12351,2022-04-12 16:43:00,XP
29.73,29.74,29.71,29.71,6978,2022-04-12 16:44:00,XP
29.7,29.71,29.69,29.71,8225,2022-04-12 16:45:00,XP
29.69,29.72,29.69,29.71,5902,2022-04-12 16:46:00,XP
29.7,29.7,29.67,29.67,2084,2022-04-12 16:47:00,XP
29.71,29.73,29.71,29.72,4412,2022-04-12 16:48:00,XP
29.71,29.72,29.7,29.72,1090,2022-04-12 16:49:00,XP
29.73,29.795,29.73,29.795,5023,2022-04-12 16:50:00,XP
29.78,29.78,29.71,29.73,14603,2022-04-12 16:51:00,XP
29.73,29.73,29.69,29.69,1508,2022-04-12 16:52:00,XP
29.705,29.74,29.705,29.74,3810,2022-04-12 16:53:00,XP
29.73,29.74,29.695,29.695,1428,2022-04-12 16:54:00,XP
29.68,29.72,29.675,29.72,6902,2022-04-12 16:55:00,XP
29.72,29.74,29.72,29.73,2000,2022-04-12 16:56:00,XP
29.71,29.74,29.71,29.72,5224,2022-04-12 16:57:00,XP
29.74,29.76,29.72,29.75,5008,2022-04-12 16:58:00,XP
29.7623,29.7623,29.72,29.72,2087,2022-04-12 16:59:00,XP
29.735,29.75,29.73,29.74,1200,2022-04-12 17:00:00,XP
29.74,29.75,29.73,29.73,3750,2022-04-12 17:01:00,XP
29.73,29.75,29.7,29.7,19128,2022-04-12 17:02:00,XP
29.7,29.7,29.69,29.69,86940,2022-04-12 17:03:00,XP
29.69,29.725,29.69,29.72,29468,2022-04-12 17:04:00,XP
29.73,29.74,29.7,29.7,6795,2022-04-12 17:05:00,XP
29.71,29.725,29.7,29.72,2959,2022-04-12 17:06:00,XP
29.705,29.75,29.705,29.75,5250,2022-04-12 17:07:00,XP
29.745,29.745,29.71,29.72,3800,2022-04-12 17:08:00,XP
29.7,29.74,29.7,29.74,3800,2022-04-12 17:09:00,XP
29.75,29.765,29.75,29.765,1400,2022-04-12 17:10:00,XP
29.765,29.77,29.74,29.75,5165,2022-04-12 17:11:00,XP
29.76,29.77,29.75,29.77,1700,2022-04-12 17:12:00,XP
29.78,29.8,29.78,29.78,14361,2022-04-12 17:13:00,XP
29.75,29.75,29.75,29.75,228,2022-04-12 17:14:00,XP
29.75,29.75,29.74,29.74,5400,2022-04-12 17:15:00,XP
29.735,29.77,29.735,29.74,5290,2022-04-12 17:16:00,XP
29.735,29.735,29.7,29.7,3922,2022-04-12 17:17:00,XP
29.7,29.7,29.64,29.66,2109,2022-04-12 17:18:00,XP
29.66,29.68,29.65,29.68,16000,2022-04-12 17:19:00,XP
29.68,29.68,29.635,29.635,26503,2022-04-12 17:20:00,XP
29.635,29.64,29.6,29.6,1767,2022-04-12 17:21:00,XP
29.6,29.6,29.58,29.58,18522,2022-04-12 17:22:00,XP
29.58,29.58,29.58,29.58,100,2022-04-12 17:23:00,XP
29.55,29.55,29.49,29.51,1301,2022-04-12 17:24:00,XP
29.53,29.57,29.53,29.57,3511,2022-04-12 17:25:00,XP
29.55,29.55,29.5,29.5,275,2022-04-12 17:26:00,XP
29.5,29.51,29.48,29.48,3743,2022-04-12 17:27:00,XP
29.4946,29.4946,29.46,29.48,945,2022-04-12 17:28:00,XP
29.49,29.5094,29.48,29.48,2278,2022-04-12 17:29:00,XP
29.47,29.48,29.42,29.42,1890,2022-04-12 17:30:00,XP
29.42,29.42,29.42,29.42,100,2022-04-12 17:31:00,XP
29.42,29.49,29.42,29.49,1500,2022-04-12 17:32:00,XP
29.5,29.5,29.44,29.44,4008,2022-04-12 17:33:00,XP
29.41,29.42,29.41,29.42,500,2022-04-12 17:34:00,XP
29.39,29.4,29.385,29.4,900,2022-04-12 17:35:00,XP
29.41,29.43,29.4,29.43,1500,2022-04-12 17:36:00,XP
29.42,29.42,29.39,29.39,200,2022-04-12 17:37:00,XP
29.39,29.39,29.36,29.375,1852,2022-04-12 17:38:00,XP
29.37,29.37,29.34,29.37,6695,2022-04-12 17:39:00,XP
29.38,29.38,29.36,29.36,4564,2022-04-12 17:40:00,XP
29.36,29.38,29.36,29.375,1000,2022-04-12 17:41:00,XP
29.36,29.36,29.32,29.35,12720,2022-04-12 17:42:00,XP
29.32,29.37,29.29,29.32,11528,2022-04-12 17:43:00,XP
29.32,29.33,29.24,29.255,10717,2022-04-12 17:44:00,XP
29.255,29.255,29.2,29.2,1800,2022-04-12 17:45:00,XP
29.21,29.24,29.19,29.21,6688,2022-04-12 17:46:00,XP
29.18,29.18,29.16,29.16,1800,2022-04-12 17:47:00,XP
29.175,29.23,29.16,29.2,9576,2022-04-12 17:48:00,XP
29.19,29.19,29.17,29.19,1400,2022-04-12 17:49:00,XP
29.17,29.19,29.15,29.19,7795,2022-04-12 17:50:00,XP
29.19,29.23,29.19,29.2,17006,2022-04-12 17:51:00,XP
29.2,29.23,29.15,29.165,17503,2022-04-12 17:52:00,XP
29.17,29.17,29.1,29.115,6841,2022-04-12 17:53:00,XP
29.115,29.115,29.06,29.06,10733,2022-04-12 17:54:00,XP
29.04,29.06,29.01,29.06,10383,2022-04-12 17:55:00,XP
29.06,29.08,29.03,29.08,6465,2022-04-12 17:56:00,XP
29.1,29.15,29.1,29.12,5493,2022-04-12 17:57:00,XP
29.12,29.17,29.12,29.15,6756,2022-04-12 17:58:00,XP
29.17,29.19,29.15,29.19,7115,2022-04-12 17:59:00,XP
29.19,29.19,29.14,29.17,5517,2022-04-12 18:00:00,XP
29.17,29.21,29.17,29.21,6012,2022-04-12 18:01:00,XP
29.2,29.21,29.181,29.2,3294,2022-04-12 18:02:00,XP
29.2,29.21,29.19,29.2,6372,2022-04-12 18:03:00,XP
29.2,29.205,29.18,29.19,11404,2022-04-12 18:04:00,XP
29.18,29.19,29.15,29.19,2673,2022-04-12 18:05:00,XP
29.19,29.195,29.17,29.175,17590,2022-04-12 18:06:00,XP
29.175,29.2,29.13,29.13,11520,2022-04-12 18:07:00,XP
29.12,29.14,29.115,29.12,3882,2022-04-12 18:08:00,XP
29.11,29.115,29.075,29.08,8203,2022-04-12 18:09:00,XP
29.095,29.095,29.05,29.05,2635,2022-04-12 18:10:00,XP
29.05,29.08,29.04,29.07,6248,2022-04-12 18:11:00,XP
29.04,29.06,29.02,29.03,5099,2022-04-12 18:12:00,XP
29.04,29.05,29.0,29.04,5268,2022-04-12 18:13:00,XP
29.03,29.03,29.0,29.0,5523,2022-04-12 18:14:00,XP
29.0,29.0,28.98,28.98,3170,2022-04-12 18:15:00,XP
28.98,29.01,28.95,29.01,7906,2022-04-12 18:16:00,XP
29.02,29.03,28.98,28.98,5242,2022-04-12 18:17:00,XP
28.95,28.97,28.94,28.94,2979,2022-04-12 18:18:00,XP
28.95,28.98,28.95,28.97,2998,2022-04-12 18:19:00,XP
28.96,28.985,28.94,28.98,12997,2022-04-12 18:20:00,XP
28.99,29.0,28.96,28.97,2873,2022-04-12 18:21:00,XP
28.97,29.0,28.96,28.97,5029,2022-04-12 18:22:00,XP
28.99,28.99,28.99,28.99,353,2022-04-12 18:23:00,XP
28.98,28.99,28.96,28.98,4289,2022-04-12 18:24:00,XP
28.97,28.98,28.95,28.955,5395,2022-04-12 18:25:00,XP
28.955,28.955,28.95,28.955,1620,2022-04-12 18:26:00,XP
28.94,28.955,28.92,28.935,7598,2022-04-12 18:27:00,XP
28.94,28.95,28.93,28.94,10350,2022-04-12 18:28:00,XP
28.95,28.95,28.89,28.89,13884,2022-04-12 18:29:00,XP
28.91,28.91,28.89,28.89,2299,2022-04-12 18:30:00,XP
28.88,28.93,28.88,28.92,8600,2022-04-12 18:31:00,XP
28.92,28.92,28.89,28.905,13227,2022-04-12 18:32:00,XP
28.905,28.905,28.87,28.87,6563,2022-04-12 18:33:00,XP
28.87,28.94,28.86,28.9174,6790,2022-04-12 18:34:00,XP
28.91,28.93,28.91,28.93,1188,2022-04-12 18:35:00,XP
28.93,28.94,28.93,28.93,3738,2022-04-12 18:36:00,XP
28.95,29.04,28.93,29.01,41226,2022-04-12 18:37:00,XP
28.97,28.99,28.94,28.955,1799,2022-04-12 18:38:00,XP
28.97,28.995,28.97,28.97,9753,2022-04-12 18:39:00,XP
28.95,28.965,28.92,28.92,4530,2022-04-12 18:40:00,XP
28.94,28.95,28.92,28.92,5570,2022-04-12 18:41:00,XP
28.94,28.95,28.92,28.95,3912,2022-04-12 18:42:00,XP
28.95,28.95,28.92,28.92,697,2022-04-12 18:43:00,XP
28.93,28.97,28.92,28.97,3470,2022-04-12 18:44:00,XP
28.97,29.0,28.97,28.99,7664,2022-04-12 18:45:00,XP
28.9805,29.01,28.97,29.01,4175,2022-04-12 18:46:00,XP
29.01,29.05,29.01,29.0155,5032,2022-04-12 18:47:00,XP
29.0,29.0,28.97,29.0,1793,2022-04-12 18:48:00,XP
29.0,29.02,28.98,29.02,3059,2022-04-12 18:49:00,XP
29.01,29.02,28.99,29.005,4760,2022-04-12 18:50:00,XP
29.01,29.04,29.01,29.02,20002,2022-04-12 18:51:00,XP
29.02,29.08,29.02,29.08,6134,2022-04-12 18:52:00,XP
29.055,29.06,29.02,29.03,3050,2022-04-12 18:53:00,XP
29.02,29.05,29.02,29.02,3636,2022-04-12 18:54:00,XP
29.04,29.07,29.02,29.035,15956,2022-04-12 18:55:00,XP
29.02,29.04,29.02,29.02,19089,2022-04-12 18:56:00,XP
29.02,29.12,29.01,29.01,45629,2022-04-12 18:57:00,XP
29.005,29.01,28.99,28.99,3030,2022-04-12 18:58:00,XP
28.99,29.0,28.99,28.99,7000,2022-04-12 18:59:00,XP
28.99,29.005,28.98,28.98,10699,2022-04-12 19:00:00,XP
28.97,28.97,28.96,28.96,1000,2022-04-12 19:01:00,XP
28.98,29.0,28.95,28.95,15096,2022-04-12 19:02:00,XP
28.95,28.955,28.93,28.94,1905,2022-04-12 19:03:00,XP
28.96,28.96,28.94,28.94,3100,2022-04-12 19:04:00,XP
28.95,28.96,28.95,28.95,2022,2022-04-12 19:05:00,XP
28.96,28.96,28.91,28.91,2239,2022-04-12 19:06:00,XP
28.93,28.93,28.872,28.92,11022,2022-04-12 19:07:00,XP
28.91,28.91,28.89,28.89,507,2022-04-12 19:08:00,XP
28.88,28.885,28.87,28.885,1000,2022-04-12 19:09:00,XP
28.9,28.93,28.89,28.915,4275,2022-04-12 19:10:00,XP
28.915,28.915,28.86,28.89,9873,2022-04-12 19:11:00,XP
28.89,28.91,28.89,28.91,1700,2022-04-12 19:12:00,XP
28.89,28.89,28.83,28.85,18755,2022-04-12 19:13:00,XP
28.845,28.88,28.84,28.87,3950,2022-04-12 19:14:00,XP
28.88,28.9,28.86,28.88,12149,2022-04-12 19:15:00,XP
28.87,28.9,28.87,28.875,22314,2022-04-12 19:16:00,XP
28.86,28.88,28.86,28.88,1185,2022-04-12 19:17:00,XP
28.88,28.88,28.85,28.87,32475,2022-04-12 19:18:00,XP
28.87,28.885,28.86,28.87,9266,2022-04-12 19:19:00,XP
28.88,28.9,28.84,28.84,33742,2022-04-12 19:20:00,XP
28.845,28.845,28.8,28.8,14268,2022-04-12 19:21:00,XP
28.8,28.82,28.78,28.79,7017,2022-04-12 19:22:00,XP
28.8,28.815,28.8,28.8,8660,2022-04-12 19:23:00,XP
28.79,28.8,28.77,28.79,7100,2022-04-12 19:24:00,XP
28.78,28.8,28.775,28.775,5259,2022-04-12 19:25:00,XP
28.78,28.805,28.76,28.8,53301,2022-04-12 19:26:00,XP
28.805,28.815,28.79,28.81,27580,2022-04-12 19:27:00,XP
28.81,28.81,28.77,28.77,51965,2022-04-12 19:28:00,XP
28.78,28.81,28.74,28.8,12903,2022-04-12 19:29:00,XP
28.795,28.8,28.78,28.785,8599,2022-04-12 19:30:00,XP
28.79,28.82,28.79,28.82,12385,2022-04-12 19:31:00,XP
28.82,28.85,28.8,28.81,12026,2022-04-12 19:32:00,XP
28.8,28.86,28.79,28.86,3787,2022-04-12 19:33:00,XP
28.85,28.91,28.83,28.9,12362,2022-04-12 19:34:00,XP
28.88,28.93,28.87,28.93,6151,2022-04-12 19:35:00,XP
28.96,28.97,28.93,28.93,6218,2022-04-12 19:36:00,XP
28.95,28.96,28.91,28.92,13883,2022-04-12 19:37:00,XP
28.915,28.96,28.91,28.96,12533,2022-04-12 19:38:00,XP
28.96,28.99,28.955,28.99,2832,2022-04-12 19:39:00,XP
28.99,29.09,28.99,29.06,13200,2022-04-12 19:40:00,XP
29.05,29.07,29.04,29.04,9903,2022-04-12 19:41:00,XP
29.045,29.08,29.04,29.07,8551,2022-04-12 19:42:00,XP
29.08,29.08,29.05,29.07,8250,2022-04-12 19:43:00,XP
29.07,29.07,29.04,29.05,8668,2022-04-12 19:44:00,XP
29.05,29.05,29.01,29.05,9628,2022-04-12 19:45:00,XP
29.04,29.05,29.025,29.04,9413,2022-04-12 19:46:00,XP
29.05,29.08,29.045,29.07,15316,2022-04-12 19:47:00,XP
29.06,29.08,29.025,29.03,21851,2022-04-12 19:48:00,XP
29.025,29.035,28.94,28.95,50523,2022-04-12 19:49:00,XP
28.94,28.94,28.9,28.905,16029,2022-04-12 19:50:00,XP
28.91,28.92,28.86,28.87,14389,2022-04-12 19:51:00,XP
28.865,28.88,28.835,28.865,22681,2022-04-12 19:52:00,XP
28.86,28.875,28.84,28.87,15151,2022-04-12 19:53:00,XP
28.88,28.9,28.85,28.9,19331,2022-04-12 19:54:00,XP
28.9,28.95,28.89,28.94,22658,2022-04-12 19:55:00,XP
28.94,28.94,28.87,28.87,30666,2022-04-12 19:56:00,XP
28.87,28.87,28.82,28.86,33400,2022-04-12 19:57:00,XP
28.85,28.92,28.85,28.91,48066,2022-04-12 19:58:00,XP
28.91,28.91,28.85,28.87,81162,2022-04-12 19:59:00,XP
28.87,28.87,28.87,28.87,214542,2022-04-12 20:00:00,XP
28.18,28.18,28.1,28.1,1361,2022-04-13 12:49:00,XP
28.97,28.97,28.93,28.97,1223,2022-04-13 13:01:00,XP
29.03,29.03,29.03,29.03,300,2022-04-13 13:06:00,XP
29.01,29.02,29.0,29.0,790,2022-04-13 13:08:00,XP
28.88,28.88,28.88,28.88,112,2022-04-13 13:14:00,XP
28.84,28.87,28.83,28.87,712,2022-04-13 13:20:00,XP
28.9,28.9,28.9,28.9,439,2022-04-13 13:25:00,XP
28.85,28.92,28.81,28.84,1164,2022-04-13 13:27:00,XP
28.84,28.84,28.75,28.8,2492,2022-04-13 13:28:00,XP
28.8,28.85,28.75,28.8,32833,2022-04-13 13:30:00,XP
28.79,28.86,28.69,28.77,35868,2022-04-13 13:31:00,XP
28.87,28.9,28.7,28.76,44352,2022-04-13 13:32:00,XP
28.77,28.79,28.72,28.72,6871,2022-04-13 13:33:00,XP
28.74,28.78,28.73,28.78,4955,2022-04-13 13:34:00,XP
28.76,28.84,28.7,28.78,10432,2022-04-13 13:35:00,XP
28.8,28.845,28.72,28.73,4804,2022-04-13 13:36:00,XP
28.74,28.83,28.74,28.795,13361,2022-04-13 13:37:00,XP
28.8,28.855,28.745,28.82,20101,2022-04-13 13:38:00,XP
28.84,28.84,28.76,28.77,7084,2022-04-13 13:39:00,XP
28.8,28.84,28.72,28.79,8449,2022-04-13 13:40:00,XP
28.785,28.89,28.75,28.845,24234,2022-04-13 13:41:00,XP
28.88,28.97,28.855,28.94,5559,2022-04-13 13:42:00,XP
28.92,29.03,28.92,28.97,23360,2022-04-13 13:43:00,XP
29.0,29.04,28.99,29.01,1600,2022-04-13 13:44:00,XP
29.03,29.03,28.95,28.985,4500,2022-04-13 13:45:00,XP
29.0,29.16,29.0,29.04,37010,2022-04-13 13:46:00,XP
29.02,29.02,28.89,28.93,20052,2022-04-13 13:47:00,XP
28.93,28.95,28.78,28.805,17826,2022-04-13 13:48:00,XP
28.8,28.82,28.69,28.69,8100,2022-04-13 13:49:00,XP
28.69,28.72,28.62,28.685,7397,2022-04-13 13:50:00,XP
28.66,28.66,28.53,28.64,9699,2022-04-13 13:51:00,XP
28.655,28.67,28.6,28.665,23469,2022-04-13 13:52:00,XP
28.68,28.745,28.64,28.735,23789,2022-04-13 13:53:00,XP
28.72,28.78,28.7,28.73,17605,2022-04-13 13:54:00,XP
28.73,28.75,28.65,28.68,55321,2022-04-13 13:55:00,XP
28.675,28.7,28.64,28.68,31423,2022-04-13 13:56:00,XP
28.68,28.68,28.5301,28.67,113037,2022-04-13 13:57:00,XP
28.68,28.87,28.65,28.85,42848,2022-04-13 13:58:00,XP
28.865,28.92,28.84,28.86,62072,2022-04-13 13:59:00,XP
28.86,28.89,28.725,28.76,11854,2022-04-13 14:00:00,XP
28.765,28.765,28.71,28.74,5974,2022-04-13 14:01:00,XP
28.74,28.74,28.67,28.7,2089,2022-04-13 14:02:00,XP
28.68,28.69,28.65,28.65,1413,2022-04-13 14:03:00,XP
28.64,28.68,28.6,28.63,2340,2022-04-13 14:04:00,XP
28.65,28.71,28.65,28.66,8578,2022-04-13 14:05:00,XP
28.68,28.68,28.62,28.64,3748,2022-04-13 14:06:00,XP
28.63,28.645,28.62,28.645,1185,2022-04-13 14:07:00,XP
28.65,28.65,28.62,28.625,2178,2022-04-13 14:08:00,XP
28.63,28.63,28.61,28.63,3700,2022-04-13 14:09:00,XP
28.61,28.6388,28.59,28.615,3290,2022-04-13 14:10:00,XP
28.64,28.64,28.62,28.62,600,2022-04-13 14:11:00,XP
28.62,28.68,28.62,28.66,8064,2022-04-13 14:12:00,XP
28.67,28.67,28.63,28.63,3862,2022-04-13 14:13:00,XP
28.67,28.7,28.66,28.66,1600,2022-04-13 14:14:00,XP
28.685,28.715,28.68,28.71,3363,2022-04-13 14:15:00,XP
28.71,28.79,28.7,28.72,7221,2022-04-13 14:16:00,XP
28.71,28.73,28.7,28.73,8336,2022-04-13 14:17:00,XP
28.72,28.88,28.72,28.85,25476,2022-04-13 14:18:00,XP
28.83,28.87,28.83,28.85,4064,2022-04-13 14:19:00,XP
28.88,28.9,28.8,28.8,8813,2022-04-13 14:20:00,XP
28.82,28.82,28.77,28.77,4944,2022-04-13 14:21:00,XP
28.76,28.8,28.74,28.78,6919,2022-04-13 14:22:00,XP
28.76,28.76,28.735,28.74,2066,2022-04-13 14:23:00,XP
28.74,28.74,28.695,28.695,1500,2022-04-13 14:24:00,XP
28.69,28.7,28.67,28.697,2930,2022-04-13 14:25:00,XP
28.7,28.7,28.67,28.69,2200,2022-04-13 14:26:00,XP
28.7,28.73,28.685,28.73,1232,2022-04-13 14:27:00,XP
28.7,28.71,28.685,28.695,1599,2022-04-13 14:28:00,XP
28.695,28.72,28.68,28.69,2100,2022-04-13 14:29:00,XP
28.685,28.775,28.685,28.775,1500,2022-04-13 14:30:00,XP
28.765,28.82,28.76,28.815,700,2022-04-13 14:31:00,XP
28.805,28.805,28.805,28.805,100,2022-04-13 14:32:00,XP
28.78,28.8,28.75,28.79,1300,2022-04-13 14:33:00,XP
28.815,28.815,28.78,28.785,822,2022-04-13 14:34:00,XP
28.76,28.78,28.735,28.76,2223,2022-04-13 14:35:00,XP
28.77,28.78,28.74,28.755,800,2022-04-13 14:36:00,XP
28.75,28.8,28.72,28.75,7412,2022-04-13 14:37:00,XP
28.77,28.78,28.74,28.76,2723,2022-04-13 14:38:00,XP
28.75,28.75,28.69,28.69,3096,2022-04-13 14:39:00,XP
28.675,28.675,28.63,28.645,11604,2022-04-13 14:40:00,XP
28.64,28.65,28.63,28.63,2400,2022-04-13 14:41:00,XP
28.65,28.66,28.62,28.625,5660,2022-04-13 14:42:00,XP
28.62,28.66,28.61,28.63,7866,2022-04-13 14:43:00,XP
28.65,28.7,28.65,28.66,2300,2022-04-13 14:44:00,XP
28.69,28.74,28.68,28.68,2409,2022-04-13 14:45:00,XP
28.68,28.725,28.67,28.725,5065,2022-04-13 14:46:00,XP
28.73,28.755,28.73,28.755,3200,2022-04-13 14:47:00,XP
28.74,28.74,28.72,28.73,1100,2022-04-13 14:48:00,XP
28.765,28.79,28.75,28.76,1600,2022-04-13 14:49:00,XP
28.76,28.79,28.75,28.78,2320,2022-04-13 14:50:00,XP
28.77,28.8,28.76,28.775,6074,2022-04-13 14:51:00,XP
28.77,28.78,28.75,28.77,5627,2022-04-13 14:52:00,XP
28.77,28.77,28.73,28.74,3931,2022-04-13 14:53:00,XP
28.74,28.75,28.69,28.7,5310,2022-04-13 14:54:00,XP
28.7,28.71,28.68,28.7,4300,2022-04-13 14:55:00,XP
28.68,28.69,28.68,28.68,850,2022-04-13 14:56:00,XP
28.69,28.74,28.68,28.725,4785,2022-04-13 14:57:00,XP
28.72,28.76,28.71,28.76,8151,2022-04-13 14:58:00,XP
28.75,28.77,28.72,28.76,6011,2022-04-13 14:59:00,XP
28.77,28.84,28.77,28.82,3929,2022-04-13 15:00:00,XP
28.78,28.825,28.775,28.815,15589,2022-04-13 15:01:00,XP
28.815,28.87,28.815,28.87,3843,2022-04-13 15:02:00,XP
28.88,28.895,28.84,28.89,14277,2022-04-13 15:03:00,XP
28.89,28.92,28.88,28.9,3139,2022-04-13 15:04:00,XP
28.88,28.89,28.84,28.84,6701,2022-04-13 15:05:00,XP
28.84,28.85,28.83,28.85,2518,2022-04-13 15:06:00,XP
28.84,28.84,28.83,28.84,900,2022-04-13 15:07:00,XP
28.84,28.86,28.83,28.85,2206,2022-04-13 15:08:00,XP
28.85,28.87,28.84,28.87,6122,2022-04-13 15:09:00,XP
28.87,28.89,28.85,28.87,17226,2022-04-13 15:10:00,XP
28.88,28.88,28.845,28.845,3279,2022-04-13 15:11:00,XP
28.845,28.87,28.83,28.84,7370,2022-04-13 15:12:00,XP
28.845,28.85,28.83,28.845,6307,2022-04-13 15:13:00,XP
28.86,28.875,28.82,28.84,8900,2022-04-13 15:14:00,XP
28.86,28.88,28.84,28.85,4393,2022-04-13 15:15:00,XP
28.865,28.865,28.83,28.83,4470,2022-04-13 15:16:00,XP
28.83,28.855,28.83,28.85,1368,2022-04-13 15:17:00,XP
28.86,28.865,28.845,28.865,4398,2022-04-13 15:18:00,XP
28.85,28.86,28.85,28.85,1499,2022-04-13 15:19:00,XP
28.86,28.86,28.84,28.84,2300,2022-04-13 15:20:00,XP
28.85,28.87,28.85,28.85,3814,2022-04-13 15:21:00,XP
28.86,28.88,28.85,28.85,6075,2022-04-13 15:22:00,XP
28.8575,28.91,28.85,28.89,3725,2022-04-13 15:23:00,XP
28.9,28.98,28.9,28.98,4504,2022-04-13 15:24:00,XP
28.95,29.0,28.95,28.95,5000,2022-04-13 15:25:00,XP
28.96,28.96,28.87,28.89,43452,2022-04-13 15:26:00,XP
28.905,28.93,28.87,28.89,8404,2022-04-13 15:27:00,XP
28.9,28.9,28.88,28.88,700,2022-04-13 15:28:00,XP
28.9,28.94,28.89,28.94,6027,2022-04-13 15:29:00,XP
28.93,28.93,28.9,28.9,2366,2022-04-13 15:30:00,XP
28.91,28.91,28.9,28.91,981,2022-04-13 15:31:00,XP
28.92,28.93,28.91,28.91,2714,2022-04-13 15:32:00,XP
28.94,28.97,28.91,28.94,4900,2022-04-13 15:33:00,XP
28.94,28.94,28.88,28.89,29231,2022-04-13 15:34:00,XP
28.89,28.9,28.88,28.88,9680,2022-04-13 15:35:00,XP
28.9,28.9,28.87,28.87,8887,2022-04-13 15:36:00,XP
28.85,28.865,28.83,28.83,3984,2022-04-13 15:37:00,XP
28.83,28.83,28.82,28.83,8444,2022-04-13 15:38:00,XP
28.83,28.83,28.82,28.83,4732,2022-04-13 15:39:00,XP
28.83,28.86,28.82,28.86,5289,2022-04-13 15:40:00,XP
28.845,28.87,28.83,28.87,1788,2022-04-13 15:41:00,XP
28.88,28.89,28.88,28.89,300,2022-04-13 15:42:00,XP
28.88,28.88,28.865,28.865,514,2022-04-13 15:43:00,XP
28.86,28.89,28.86,28.88,900,2022-04-13 15:44:00,XP
28.87,28.875,28.85,28.85,2375,2022-04-13 15:45:00,XP
28.86,28.905,28.86,28.905,1400,2022-04-13 15:46:00,XP
28.91,28.925,28.91,28.925,500,2022-04-13 15:47:00,XP
28.91,28.91,28.895,28.895,1322,2022-04-13 15:48:00,XP
28.88,28.885,28.875,28.875,600,2022-04-13 15:49:00,XP
28.88,28.88,28.86,28.86,1600,2022-04-13 15:50:00,XP
28.85,28.87,28.85,28.855,3858,2022-04-13 15:51:00,XP
28.87,28.87,28.87,28.87,200,2022-04-13 15:52:00,XP
28.88,28.88,28.85,28.85,900,2022-04-13 15:53:00,XP
28.85,28.8627,28.83,28.85,4860,2022-04-13 15:54:00,XP
28.85,28.87,28.84,28.855,2700,2022-04-13 15:55:00,XP
28.88,28.885,28.87,28.885,500,2022-04-13 15:56:00,XP
28.88,28.89,28.87,28.88,2485,2022-04-13 15:57:00,XP
28.88,28.895,28.88,28.895,1600,2022-04-13 15:58:00,XP
28.89,28.925,28.89,28.9,1131,2022-04-13 15:59:00,XP
28.915,28.92,28.9,28.92,400,2022-04-13 16:00:00,XP
28.89,28.89,28.87,28.88,800,2022-04-13 16:01:00,XP
28.88,28.89,28.87,28.87,1800,2022-04-13 16:02:00,XP
28.865,28.87,28.86,28.87,900,2022-04-13 16:03:00,XP
28.87,28.915,28.87,28.9,22341,2022-04-13 16:04:00,XP
28.89,28.89,28.85,28.89,3750,2022-04-13 16:05:00,XP
28.89,28.89,28.83,28.83,99900,2022-04-13 16:06:00,XP
28.88,28.91,28.88,28.91,900,2022-04-13 16:07:00,XP
28.92,28.96,28.92,28.95,2550,2022-04-13 16:08:00,XP
28.96,28.96,28.96,28.96,100,2022-04-13 16:09:00,XP
28.955,28.96,28.94,28.95,2594,2022-04-13 16:10:00,XP
28.94,28.94,28.92,28.925,1500,2022-04-13 16:11:00,XP
28.94,28.94,28.94,28.94,200,2022-04-13 16:12:00,XP
28.94,28.96,28.93,28.96,1100,2022-04-13 16:13:00,XP
28.98,29.07,28.97,29.06,46823,2022-04-13 16:14:00,XP
29.0482,29.07,29.0482,29.07,429,2022-04-13 16:15:00,XP
29.1,29.13,29.09,29.13,806,2022-04-13 16:16:00,XP
29.15,29.17,29.14,29.165,3300,2022-04-13 16:17:00,XP
29.18,29.18,29.165,29.18,1524,2022-04-13 16:18:00,XP
29.2,29.225,29.195,29.215,1300,2022-04-13 16:19:00,XP
29.2,29.2,29.15,29.15,1420,2022-04-13 16:20:00,XP
29.15,29.16,29.15,29.16,900,2022-04-13 16:21:00,XP
29.17,29.18,29.17,29.18,500,2022-04-13 16:22:00,XP
29.175,29.19,29.16,29.185,4771,2022-04-13 16:23:00,XP
29.19,29.19,29.17,29.17,1200,2022-04-13 16:24:00,XP
29.2,29.215,29.14,29.14,9179,2022-04-13 16:25:00,XP
29.15,29.15,29.11,29.12,1600,2022-04-13 16:26:00,XP
29.11,29.145,29.11,29.13,6031,2022-04-13 16:27:00,XP
29.14,29.15,29.12,29.13,1800,2022-04-13 16:28:00,XP
29.14,29.15,29.11,29.15,4200,2022-04-13 16:29:00,XP
29.13,29.15,29.13,29.15,550,2022-04-13 16:30:00,XP
29.15,29.16,29.1,29.1,3050,2022-04-13 16:31:00,XP
29.11,29.15,29.11,29.11,1700,2022-04-13 16:32:00,XP
29.125,29.125,29.11,29.12,1600,2022-04-13 16:33:00,XP
29.13,29.13,29.08,29.09,6029,2022-04-13 16:34:00,XP
29.1,29.12,29.08,29.1,4037,2022-04-13 16:35:00,XP
29.1,29.1,29.1,29.1,422,2022-04-13 16:36:00,XP
29.1,29.11,29.1,29.11,300,2022-04-13 16:37:00,XP
29.09,29.1,29.0839,29.09,1082,2022-04-13 16:38:00,XP
29.08,29.11,29.08,29.11,1844,2022-04-13 16:39:00,XP
29.11,29.14,29.1,29.1,2389,2022-04-13 16:40:00,XP
29.12,29.16,29.11,29.16,900,2022-04-13 16:41:00,XP
29.13,29.13,29.13,29.13,1181,2022-04-13 16:42:00,XP
29.15,29.16,29.14,29.16,2600,2022-04-13 16:43:00,XP
29.16,29.2,29.14,29.2,3025,2022-04-13 16:44:00,XP
29.205,29.205,29.18,29.19,1852,2022-04-13 16:45:00,XP
29.18,29.18,29.16,29.16,300,2022-04-13 16:46:00,XP
29.18,29.18,29.16,29.175,2911,2022-04-13 16:47:00,XP
29.17,29.2,29.16,29.195,9102,2022-04-13 16:48:00,XP
29.21,29.21,29.18,29.18,2700,2022-04-13 16:49:00,XP
29.185,29.2,29.16,29.17,5534,2022-04-13 16:50:00,XP
29.19,29.19,29.16,29.16,2300,2022-04-13 16:51:00,XP
29.15,29.15,29.13,29.13,1700,2022-04-13 16:52:00,XP
29.13,29.15,29.13,29.15,3102,2022-04-13 16:53:00,XP
29.13,29.13,29.12,29.13,800,2022-04-13 16:54:00,XP
29.12,29.13,29.12,29.13,1426,2022-04-13 16:55:00,XP
29.1309,29.18,29.12,29.16,5681,2022-04-13 16:56:00,XP
29.14,29.18,29.14,29.165,2800,2022-04-13 16:57:00,XP
29.18,29.2,29.18,29.18,3899,2022-04-13 16:58:00,XP
29.18,29.25,29.175,29.25,15014,2022-04-13 16:59:00,XP
29.25,29.28,29.25,29.27,3175,2022-04-13 17:00:00,XP
29.26,29.26,29.2,29.2,4710,2022-04-13 17:01:00,XP
29.18,29.22,29.17,29.21,10266,2022-04-13 17:02:00,XP
29.21,29.21,29.2,29.2,1800,2022-04-13 17:03:00,XP
29.205,29.205,29.2,29.2,400,2022-04-13 17:04:00,XP
29.205,29.22,29.2,29.22,701,2022-04-13 17:05:00,XP
29.225,29.23,29.18,29.18,14536,2022-04-13 17:06:00,XP
29.18,29.19,29.14,29.18,8700,2022-04-13 17:07:00,XP
29.18,29.18,29.18,29.18,100,2022-04-13 17:08:00,XP
29.2,29.24,29.2,29.23,2350,2022-04-13 17:09:00,XP
29.22,29.22,29.19,29.2,3700,2022-04-13 17:10:00,XP
29.2,29.22,29.19,29.19,13821,2022-04-13 17:11:00,XP
29.205,29.25,29.2,29.24,22898,2022-04-13 17:12:00,XP
29.23,29.25,29.2,29.2,7970,2022-04-13 17:13:00,XP
29.2,29.24,29.17,29.23,65436,2022-04-13 17:14:00,XP
29.23,29.28,29.23,29.28,3700,2022-04-13 17:15:00,XP
29.27,29.28,29.26,29.28,4200,2022-04-13 17:16:00,XP
29.28,29.31,29.27,29.27,3215,2022-04-13 17:17:00,XP
29.28,29.315,29.26,29.315,5001,2022-04-13 17:18:00,XP
29.31,29.31,29.29,29.29,5358,2022-04-13 17:19:00,XP
29.29,29.32,29.28,29.32,20749,2022-04-13 17:20:00,XP
29.32,29.37,29.32,29.33,5368,2022-04-13 17:21:00,XP
29.3,29.32,29.26,29.26,3200,2022-04-13 17:22:00,XP
29.29,29.37,29.29,29.36,6000,2022-04-13 17:23:00,XP
29.36,29.36,29.36,29.36,120,2022-04-13 17:24:00,XP
29.35,29.35,29.34,29.34,1711,2022-04-13 17:25:00,XP
29.35,29.35,29.35,29.35,100,2022-04-13 17:26:00,XP
29.35,29.38,29.35,29.37,1300,2022-04-13 17:27:00,XP
29.36,29.43,29.36,29.41,16747,2022-04-13 17:28:00,XP
29.405,29.405,29.39,29.405,500,2022-04-13 17:29:00,XP
29.4,29.41,29.4,29.4,700,2022-04-13 17:30:00,XP
29.41,29.41,29.36,29.36,6953,2022-04-13 17:31:00,XP
29.375,29.375,29.375,29.375,100,2022-04-13 17:32:00,XP
29.36,29.36,29.34,29.36,7000,2022-04-13 17:33:00,XP
29.35,29.35,29.26,29.26,10147,2022-04-13 17:34:00,XP
29.27,29.27,29.26,29.26,4058,2022-04-13 17:35:00,XP
29.25,29.26,29.21,29.21,2400,2022-04-13 17:36:00,XP
29.21,29.21,29.21,29.21,100,2022-04-13 17:37:00,XP
29.21,29.23,29.205,29.22,1418,2022-04-13 17:38:00,XP
29.23,29.23,29.19,29.21,3421,2022-04-13 17:39:00,XP
29.205,29.205,29.19,29.19,200,2022-04-13 17:40:00,XP
29.205,29.205,29.18,29.18,1900,2022-04-13 17:41:00,XP
29.17,29.175,29.16,29.16,2129,2022-04-13 17:42:00,XP
29.15,29.19,29.13,29.19,6950,2022-04-13 17:43:00,XP
29.185,29.23,29.18,29.19,7382,2022-04-13 17:44:00,XP
29.19,29.19,29.18,29.18,600,2022-04-13 17:45:00,XP
29.18,29.19,29.18,29.18,800,2022-04-13 17:46:00,XP
29.18,29.19,29.17,29.19,2021,2022-04-13 17:47:00,XP
29.18,29.18,29.15,29.15,5679,2022-04-13 17:48:00,XP
29.15,29.15,29.15,29.15,100,2022-04-13 17:49:00,XP
29.16,29.16,29.09,29.1,6008,2022-04-13 17:50:00,XP
29.09,29.13,29.08,29.13,12457,2022-04-13 17:51:00,XP
29.11,29.115,29.1,29.11,2254,2022-04-13 17:52:00,XP
29.0975,29.0975,29.08,29.08,420,2022-04-13 17:53:00,XP
29.08,29.14,29.07,29.14,5450,2022-04-13 17:54:00,XP
29.11,29.125,29.08,29.1,21624,2022-04-13 17:55:00,XP
29.1,29.12,29.09,29.09,1900,2022-04-13 17:56:00,XP
29.1,29.13,29.08,29.1,5707,2022-04-13 17:57:00,XP
29.08,29.12,29.08,29.1,17500,2022-04-13 17:58:00,XP
29.12,29.15,29.12,29.15,1200,2022-04-13 17:59:00,XP
29.14,29.16,29.11,29.13,5310,2022-04-13 18:00:00,XP
29.1448,29.17,29.14,29.17,11025,2022-04-13 18:01:00,XP
29.185,29.25,29.17,29.25,10118,2022-04-13 18:02:00,XP
29.23,29.23,29.14,29.15,10970,2022-04-13 18:03:00,XP
29.14,29.2,29.14,29.2,28805,2022-04-13 18:04:00,XP
29.215,29.23,29.2,29.21,9753,2022-04-13 18:05:00,XP
29.22,29.24,29.2108,29.2108,4951,2022-04-13 18:06:00,XP
29.23,29.25,29.22,29.25,2840,2022-04-13 18:07:00,XP
29.25,29.25,29.25,29.25,300,2022-04-13 18:08:00,XP
29.255,29.295,29.25,29.25,5824,2022-04-13 18:09:00,XP
29.25,29.27,29.245,29.27,1909,2022-04-13 18:10:00,XP
29.26,29.26,29.25,29.26,1903,2022-04-13 18:11:00,XP
29.25,29.25,29.24,29.24,770,2022-04-13 18:12:00,XP
29.24,29.26,29.24,29.26,29280,2022-04-13 18:13:00,XP
29.26,29.31,29.255,29.28,9783,2022-04-13 18:14:00,XP
29.315,29.315,29.315,29.315,100,2022-04-13 18:15:00,XP
29.335,29.335,29.32,29.32,1400,2022-04-13 18:16:00,XP
29.31,29.32,29.28,29.315,3120,2022-04-13 18:17:00,XP
29.31,29.325,29.31,29.325,1300,2022-04-13 18:18:00,XP
29.33,29.33,29.29,29.29,3234,2022-04-13 18:19:00,XP
29.305,29.305,29.28,29.28,2688,2022-04-13 18:20:00,XP
29.27,29.305,29.27,29.3,1863,2022-04-13 18:21:00,XP
29.29,29.3,29.28,29.28,2849,2022-04-13 18:22:00,XP
29.29,29.3,29.28,29.28,2200,2022-04-13 18:23:00,XP
29.27,29.299,29.25,29.28,1348,2022-04-13 18:24:00,XP
29.28,29.28,29.25,29.25,1626,2022-04-13 18:25:00,XP
29.261,29.28,29.261,29.28,910,2022-04-13 18:26:00,XP
29.27,29.28,29.27,29.28,3070,2022-04-13 18:27:00,XP
29.27,29.27,29.26,29.26,200,2022-04-13 18:28:00,XP
29.28,29.29,29.28,29.28,2129,2022-04-13 18:29:00,XP
29.3,29.3,29.29,29.3,1000,2022-04-13 18:30:00,XP
29.29,29.31,29.28,29.28,4600,2022-04-13 18:31:00,XP
29.295,29.31,29.28,29.299,600,2022-04-13 18:32:00,XP
29.3,29.31,29.29,29.3,6055,2022-04-13 18:33:00,XP
29.31,29.31,29.29,29.29,1845,2022-04-13 18:34:00,XP
29.28,29.28,29.24,29.25,10661,2022-04-13 18:35:00,XP
29.24,29.28,29.22,29.24,24577,2022-04-13 18:36:00,XP
29.24,29.24,29.24,29.24,100,2022-04-13 18:37:00,XP
29.26,29.26,29.24,29.26,1600,2022-04-13 18:38:00,XP
29.25,29.27,29.25,29.25,1900,2022-04-13 18:39:00,XP
29.25,29.29,29.25,29.29,1800,2022-04-13 18:40:00,XP
29.29,29.29,29.275,29.275,1200,2022-04-13 18:41:00,XP
29.28,29.29,29.27,29.28,5416,2022-04-13 18:42:00,XP
29.27,29.29,29.26,29.29,4509,2022-04-13 18:43:00,XP
29.28,29.31,29.28,29.295,3808,2022-04-13 18:44:00,XP
29.29,29.31,29.29,29.3,4156,2022-04-13 18:45:00,XP
29.3,29.3,29.27,29.28,2610,2022-04-13 18:46:00,XP
29.27,29.29,29.27,29.27,1168,2022-04-13 18:47:00,XP
29.28,29.28,29.25,29.27,3075,2022-04-13 18:48:00,XP
29.27,29.27,29.27,29.27,594,2022-04-13 18:49:00,XP
29.28,29.28,29.25,29.25,2300,2022-04-13 18:50:00,XP
29.25,29.27,29.25,29.26,2050,2022-04-13 18:51:00,XP
29.26,29.26,29.25,29.26,1220,2022-04-13 18:52:00,XP
29.25,29.28,29.25,29.28,1494,2022-04-13 18:53:00,XP
29.28,29.29,29.26,29.26,3400,2022-04-13 18:54:00,XP
29.26,29.27,29.25,29.26,2031,2022-04-13 18:55:00,XP
29.25,29.25,29.235,29.25,2380,2022-04-13 18:56:00,XP
29.25,29.27,29.25,29.26,1806,2022-04-13 18:57:00,XP
29.26,29.28,29.26,29.28,6409,2022-04-13 18:58:00,XP
29.26,29.27,29.24,29.24,3058,2022-04-13 18:59:00,XP
29.24,29.26,29.24,29.26,900,2022-04-13 19:00:00,XP
29.24,29.24,29.2,29.215,1874,2022-04-13 19:01:00,XP
29.22,29.22,29.175,29.19,1914,2022-04-13 19:02:00,XP
29.18,29.19,29.16,29.17,1018,2022-04-13 19:03:00,XP
29.19,29.195,29.17,29.17,1320,2022-04-13 19:04:00,XP
29.19,29.23,29.19,29.23,2115,2022-04-13 19:05:00,XP
29.23,29.235,29.23,29.235,500,2022-04-13 19:06:00,XP
29.24,29.27,29.24,29.27,1800,2022-04-13 19:07:00,XP
29.25,29.29,29.25,29.28,8713,2022-04-13 19:08:00,XP
29.28,29.28,29.28,29.28,300,2022-04-13 19:09:00,XP
29.27,29.3,29.27,29.285,9403,2022-04-13 19:10:00,XP
29.285,29.285,29.24,29.285,7322,2022-04-13 19:11:00,XP
29.27,29.29,29.24,29.29,12794,2022-04-13 19:12:00,XP
29.28,29.31,29.28,29.31,7103,2022-04-13 19:13:00,XP
29.31,29.31,29.27,29.27,5345,2022-04-13 19:14:00,XP
29.29,29.31,29.29,29.31,2836,2022-04-13 19:15:00,XP
29.305,29.305,29.28,29.3,5943,2022-04-13 19:16:00,XP
29.3,29.33,29.29,29.29,9172,2022-04-13 19:17:00,XP
29.3,29.3,29.28,29.29,4425,2022-04-13 19:18:00,XP
29.29,29.3,29.29,29.3,6550,2022-04-13 19:19:00,XP
29.29,29.295,29.26,29.265,6502,2022-04-13 19:20:00,XP
29.26,29.26,29.255,29.26,2300,2022-04-13 19:21:00,XP
29.26,29.26,29.235,29.235,2364,2022-04-13 19:22:00,XP
29.23,29.235,29.17,29.21,3938,2022-04-13 19:23:00,XP
29.21,29.22,29.2,29.21,1121,2022-04-13 19:24:00,XP
29.21,29.21,29.185,29.185,2704,2022-04-13 19:25:00,XP
29.18,29.23,29.18,29.21,5416,2022-04-13 19:26:00,XP
29.21,29.22,29.2,29.21,1950,2022-04-13 19:27:00,XP
29.21,29.23,29.21,29.23,1800,2022-04-13 19:28:00,XP
29.235,29.26,29.22,29.22,6255,2022-04-13 19:29:00,XP
29.23,29.24,29.21,29.23,4002,2022-04-13 19:30:00,XP
29.23,29.27,29.23,29.26,5539,2022-04-13 19:31:00,XP
29.265,29.27,29.26,29.26,4165,2022-04-13 19:32:00,XP
29.25,29.255,29.25,29.255,300,2022-04-13 19:33:00,XP
29.26,29.27,29.24,29.25,5029,2022-04-13 19:34:00,XP
29.24,29.24,29.21,29.22,1710,2022-04-13 19:35:00,XP
29.225,29.23,29.195,29.23,8561,2022-04-13 19:36:00,XP
29.24,29.25,29.22,29.22,7639,2022-04-13 19:37:00,XP
29.23,29.23,29.23,29.23,298,2022-04-13 19:38:00,XP
29.24,29.24,29.23,29.23,1700,2022-04-13 19:39:00,XP
29.23,29.24,29.2,29.2,5297,2022-04-13 19:40:00,XP
29.2,29.2,29.15,29.15,2500,2022-04-13 19:41:00,XP
29.15,29.17,29.14,29.1675,8520,2022-04-13 19:42:00,XP
29.16,29.18,29.16,29.18,1900,2022-04-13 19:43:00,XP
29.18,29.21,29.17,29.21,6738,2022-04-13 19:44:00,XP
29.2,29.22,29.2,29.2175,3146,2022-04-13 19:45:00,XP
29.215,29.215,29.2,29.2,5326,2022-04-13 19:46:00,XP
29.205,29.22,29.16,29.17,12745,2022-04-13 19:47:00,XP
29.18,29.18,29.15,29.155,13199,2022-04-13 19:48:00,XP
29.1581,29.16,29.15,29.155,5486,2022-04-13 19:49:00,XP
29.16,29.17,29.1,29.14,21122,2022-04-13 19:50:00,XP
29.14,29.145,29.125,29.125,4419,2022-04-13 19:51:00,XP
29.1201,29.14,29.11,29.135,9676,2022-04-13 19:52:00,XP
29.14,29.14,29.1121,29.115,7360,2022-04-13 19:53:00,XP
29.11,29.11,29.07,29.075,15713,2022-04-13 19:54:00,XP
29.07,29.07,29.045,29.07,14064,2022-04-13 19:55:00,XP
29.065,29.08,29.04,29.08,22407,2022-04-13 19:56:00,XP
29.08,29.11,29.07,29.1022,19604,2022-04-13 19:57:00,XP
29.11,29.12,29.1,29.105,19393,2022-04-13 19:58:00,XP
29.105,29.12,29.04,29.11,99122,2022-04-13 19:59:00,XP
29.1,29.1,29.1,29.1,126011,2022-04-13 20:00:00,XP
29.1,29.1,29.1,29.1,254421,2022-04-13 20:24:00,XP
28.86,28.86,28.86,28.86,200,2022-04-14 13:16:00,XP
28.85,28.92,28.71,28.71,12649,2022-04-14 13:30:00,XP
28.76,28.76,28.64,28.7,3300,2022-04-14 13:31:00,XP
28.68,28.68,28.55,28.58,4828,2022-04-14 13:32:00,XP
28.55,28.66,28.55,28.625,3800,2022-04-14 13:33:00,XP
28.57,28.59,28.47,28.48,3188,2022-04-14 13:34:00,XP
28.55,28.6,28.43,28.43,1200,2022-04-14 13:35:00,XP
28.46,28.46,28.34,28.35,8836,2022-04-14 13:36:00,XP
28.35,28.4,28.29,28.31,7150,2022-04-14 13:37:00,XP
28.33,28.52,28.33,28.52,2561,2022-04-14 13:38:00,XP
28.52,28.52,28.44,28.44,3950,2022-04-14 13:39:00,XP
28.45,28.45,28.37,28.4,3560,2022-04-14 13:40:00,XP
28.38,28.38,28.3,28.34,3100,2022-04-14 13:41:00,XP
28.32,28.37,28.29,28.365,5218,2022-04-14 13:42:00,XP
28.355,28.38,28.355,28.355,600,2022-04-14 13:43:00,XP
28.375,28.375,28.36,28.37,1114,2022-04-14 13:44:00,XP
28.37,28.52,28.345,28.46,12191,2022-04-14 13:45:00,XP
28.46,28.55,28.46,28.55,10905,2022-04-14 13:46:00,XP
28.56,28.56,28.47,28.48,3954,2022-04-14 13:47:00,XP
28.43,28.54,28.43,28.53,9038,2022-04-14 13:48:00,XP
28.54,28.56,28.54,28.56,600,2022-04-14 13:49:00,XP
28.52,28.57,28.52,28.57,10575,2022-04-14 13:50:00,XP
28.58,28.6,28.58,28.6,200,2022-04-14 13:51:00,XP
28.53,28.58,28.53,28.57,5380,2022-04-14 13:52:00,XP
28.59,28.59,28.59,28.59,844,2022-04-14 13:53:00,XP
28.56,28.58,28.56,28.58,248,2022-04-14 13:54:00,XP
28.52,28.555,28.48,28.52,8501,2022-04-14 13:55:00,XP
28.515,28.52,28.48,28.51,2504,2022-04-14 13:56:00,XP
28.48,28.48,28.48,28.48,100,2022-04-14 13:57:00,XP
28.51,28.6,28.51,28.57,4763,2022-04-14 13:58:00,XP
28.55,28.61,28.55,28.61,1196,2022-04-14 14:00:00,XP
28.63,28.63,28.57,28.6175,3619,2022-04-14 14:01:00,XP
28.55,28.55,28.55,28.55,100,2022-04-14 14:02:00,XP
28.58,28.6,28.58,28.59,664,2022-04-14 14:03:00,XP
28.56,28.56,28.56,28.56,608,2022-04-14 14:05:00,XP
28.52,28.53,28.5,28.52,1700,2022-04-14 14:06:00,XP
28.52,28.545,28.52,28.52,6665,2022-04-14 14:07:00,XP
28.52,28.53,28.51,28.52,1704,2022-04-14 14:08:00,XP
28.48,28.49,28.43,28.47,26535,2022-04-14 14:09:00,XP
28.47,28.48,28.43,28.43,55261,2022-04-14 14:10:00,XP
28.43,28.49,28.43,28.49,6890,2022-04-14 14:11:00,XP
28.5,28.5,28.48,28.48,1300,2022-04-14 14:12:00,XP
28.52,28.54,28.48,28.54,2900,2022-04-14 14:13:00,XP
28.525,28.525,28.45,28.465,18303,2022-04-14 14:14:00,XP
28.465,28.465,28.43,28.43,2729,2022-04-14 14:15:00,XP
28.44,28.45,28.41,28.42,4770,2022-04-14 14:16:00,XP
28.43,28.43,28.375,28.38,43751,2022-04-14 14:17:00,XP
28.35,28.35,28.23,28.24,19267,2022-04-14 14:18:00,XP
28.23,28.27,28.18,28.18,3935,2022-04-14 14:19:00,XP
28.185,28.23,28.17,28.18,3102,2022-04-14 14:20:00,XP
28.19,28.255,28.175,28.255,4409,2022-04-14 14:21:00,XP
28.23,28.345,28.23,28.345,3448,2022-04-14 14:22:00,XP
28.36,28.38,28.36,28.365,1168,2022-04-14 14:23:00,XP
28.45,28.45,28.41,28.43,1228,2022-04-14 14:24:00,XP
28.405,28.445,28.4,28.445,2423,2022-04-14 14:25:00,XP
28.445,28.47,28.445,28.47,2047,2022-04-14 14:26:00,XP
28.47,28.5,28.46,28.5,1080,2022-04-14 14:27:00,XP
28.5,28.5,28.44,28.44,300,2022-04-14 14:28:00,XP
28.455,28.455,28.455,28.455,100,2022-04-14 14:29:00,XP
28.455,28.455,28.4,28.4,1245,2022-04-14 14:30:00,XP
28.39,28.46,28.39,28.45,4881,2022-04-14 14:31:00,XP
28.45,28.47,28.43,28.47,2172,2022-04-14 14:32:00,XP
28.45,28.45,28.43,28.43,598,2022-04-14 14:33:00,XP
28.43,28.43,28.36,28.38,2420,2022-04-14 14:35:00,XP
28.39,28.39,28.37,28.3769,937,2022-04-14 14:36:00,XP
28.38,28.39,28.365,28.38,1500,2022-04-14 14:37:00,XP
28.37,28.38,28.36,28.37,7175,2022-04-14 14:38:00,XP
28.38,28.38,28.32,28.33,12676,2022-04-14 14:39:00,XP
28.33,28.33,28.24,28.265,11838,2022-04-14 14:40:00,XP
28.25,28.26,28.16,28.16,9116,2022-04-14 14:41:00,XP
28.165,28.18,28.1,28.1,4450,2022-04-14 14:42:00,XP
28.095,28.095,28.07,28.07,900,2022-04-14 14:43:00,XP
28.065,28.08,28.03,28.049,6466,2022-04-14 14:44:00,XP
28.05,28.06,27.97,28.01,7518,2022-04-14 14:45:00,XP
28.02,28.09,28.02,28.06,13512,2022-04-14 14:46:00,XP
28.07,28.12,28.07,28.12,1159,2022-04-14 14:47:00,XP
28.11,28.16,28.11,28.13,5610,2022-04-14 14:48:00,XP
28.11,28.135,28.11,28.13,4535,2022-04-14 14:49:00,XP
28.12,28.13,28.11,28.115,2984,2022-04-14 14:50:00,XP
28.1,28.14,28.1,28.115,5928,2022-04-14 14:51:00,XP
28.13,28.17,28.13,28.16,3793,2022-04-14 14:52:00,XP
28.16,28.17,28.1,28.11,10389,2022-04-14 14:53:00,XP
28.13,28.145,28.12,28.1216,4472,2022-04-14 14:54:00,XP
28.15,28.19,28.13,28.13,7160,2022-04-14 14:55:00,XP
28.15,28.15,28.15,28.15,558,2022-04-14 14:56:00,XP
28.17,28.18,28.17,28.18,1247,2022-04-14 14:57:00,XP
28.15,28.18,28.15,28.175,1300,2022-04-14 14:58:00,XP
28.19,28.2,28.13,28.145,6416,2022-04-14 14:59:00,XP
28.13,28.2,28.13,28.17,10238,2022-04-14 15:00:00,XP
28.17,28.22,28.17,28.22,1306,2022-04-14 15:01:00,XP
28.23,28.25,28.22,28.24,1500,2022-04-14 15:02:00,XP
28.25,28.28,28.24,28.24,4333,2022-04-14 15:03:00,XP
28.26,28.27,28.26,28.27,1153,2022-04-14 15:04:00,XP
28.25,28.25,28.23,28.23,500,2022-04-14 15:05:00,XP
28.17,28.2,28.17,28.2,2443,2022-04-14 15:06:00,XP
28.19,28.2,28.145,28.15,840,2022-04-14 15:07:00,XP
28.1,28.14,28.1,28.11,1691,2022-04-14 15:08:00,XP
28.115,28.145,28.1,28.145,4866,2022-04-14 15:09:00,XP
28.15,28.15,28.15,28.15,1700,2022-04-14 15:10:00,XP
28.15,28.16,28.14,28.16,5143,2022-04-14 15:11:00,XP
28.17,28.2,28.15,28.16,5051,2022-04-14 15:12:00,XP
28.15,28.15,28.15,28.15,1000,2022-04-14 15:13:00,XP
28.18,28.21,28.18,28.2,8137,2022-04-14 15:15:00,XP
28.22,28.25,28.21,28.21,1938,2022-04-14 15:16:00,XP
28.21,28.225,28.18,28.18,1096,2022-04-14 15:17:00,XP
28.18,28.2,28.14,28.19,22841,2022-04-14 15:18:00,XP
28.185,28.185,28.15,28.16,13117,2022-04-14 15:19:00,XP
28.16,28.18,28.15,28.18,5022,2022-04-14 15:20:00,XP
28.15,28.19,28.15,28.19,782,2022-04-14 15:22:00,XP
28.19,28.19,28.18,28.18,399,2022-04-14 15:23:00,XP
28.19,28.2,28.18,28.2,1378,2022-04-14 15:24:00,XP
28.21,28.21,28.19,28.19,1893,2022-04-14 15:25:00,XP
28.2,28.24,28.2,28.24,3605,2022-04-14 15:27:00,XP
28.24,28.24,28.24,28.24,160,2022-04-14 15:28:00,XP
28.23,28.24,28.23,28.24,200,2022-04-14 15:29:00,XP
28.23,28.25,28.23,28.25,3096,2022-04-14 15:30:00,XP
28.25,28.25,28.24,28.245,1764,2022-04-14 15:31:00,XP
28.25,28.25,28.24,28.24,1054,2022-04-14 15:32:00,XP
28.25,28.25,28.25,28.25,523,2022-04-14 15:33:00,XP
28.245,28.245,28.24,28.24,1521,2022-04-14 15:34:00,XP
28.235,28.25,28.235,28.25,634,2022-04-14 15:35:00,XP
28.24,28.24,28.21,28.21,700,2022-04-14 15:36:00,XP
28.205,28.205,28.205,28.205,100,2022-04-14 15:37:00,XP
28.195,28.195,28.185,28.185,680,2022-04-14 15:38:00,XP
28.16,28.16,28.15,28.16,1197,2022-04-14 15:39:00,XP
28.17,28.17,28.16,28.16,2349,2022-04-14 15:40:00,XP
28.16,28.26,28.15,28.22,8922,2022-04-14 15:41:00,XP
28.18,28.2,28.165,28.175,2851,2022-04-14 15:42:00,XP
28.16,28.175,28.15,28.15,3463,2022-04-14 15:43:00,XP
28.15,28.17,28.14,28.17,3000,2022-04-14 15:44:00,XP
28.17,28.185,28.16,28.185,2215,2022-04-14 15:45:00,XP
28.19,28.2,28.15,28.165,3647,2022-04-14 15:46:00,XP
28.165,28.165,28.165,28.165,1449,2022-04-14 15:47:00,XP
28.15,28.19,28.15,28.19,1901,2022-04-14 15:48:00,XP
28.2,28.21,28.2,28.21,500,2022-04-14 15:49:00,XP
28.21,28.23,28.21,28.225,1400,2022-04-14 15:50:00,XP
28.225,28.245,28.22,28.245,2690,2022-04-14 15:51:00,XP
28.245,28.25,28.235,28.24,1428,2022-04-14 15:52:00,XP
28.25,28.25,28.24,28.24,200,2022-04-14 15:53:00,XP
28.25,28.3,28.25,28.27,4558,2022-04-14 15:54:00,XP
28.29,28.3,28.29,28.3,563,2022-04-14 15:56:00,XP
28.3,28.31,28.3,28.3,887,2022-04-14 15:57:00,XP
28.31,28.31,28.31,28.31,100,2022-04-14 15:58:00,XP
28.29,28.31,28.24,28.24,2600,2022-04-14 15:59:00,XP
28.245,28.245,28.215,28.215,3020,2022-04-14 16:00:00,XP
28.2,28.22,28.19,28.215,3967,2022-04-14 16:01:00,XP
28.215,28.23,28.215,28.22,3000,2022-04-14 16:02:00,XP
28.23,28.24,28.21,28.23,3591,2022-04-14 16:03:00,XP
28.21,28.21,28.18,28.18,2700,2022-04-14 16:04:00,XP
28.2,28.2,28.15,28.18,2702,2022-04-14 16:05:00,XP
28.18,28.18,28.15,28.165,600,2022-04-14 16:06:00,XP
28.17,28.195,28.17,28.195,1370,2022-04-14 16:07:00,XP
28.19,28.195,28.19,28.1904,600,2022-04-14 16:08:00,XP
28.2,28.2,28.19,28.19,335,2022-04-14 16:09:00,XP
28.17,28.17,28.17,28.17,400,2022-04-14 16:10:00,XP
28.15,28.17,28.15,28.17,4073,2022-04-14 16:11:00,XP
28.165,28.165,28.16,28.16,601,2022-04-14 16:12:00,XP
28.15,28.175,28.15,28.175,2816,2022-04-14 16:13:00,XP
28.175,28.175,28.15,28.15,3838,2022-04-14 16:14:00,XP
28.15,28.155,28.14,28.15,4370,2022-04-14 16:15:00,XP
28.15,28.16,28.145,28.16,3157,2022-04-14 16:16:00,XP
28.17,28.17,28.16,28.16,1298,2022-04-14 16:17:00,XP
28.1502,28.18,28.15,28.17,3308,2022-04-14 16:18:00,XP
28.18,28.2,28.16,28.2,1662,2022-04-14 16:19:00,XP
28.2,28.2,28.15,28.15,4996,2022-04-14 16:20:00,XP
28.13,28.13,28.13,28.13,100,2022-04-14 16:21:00,XP
28.15,28.17,28.15,28.17,1550,2022-04-14 16:22:00,XP
28.17,28.17,28.15,28.16,52094,2022-04-14 16:23:00,XP
28.17,28.18,28.17,28.18,1110,2022-04-14 16:24:00,XP
28.18,28.195,28.18,28.18,1677,2022-04-14 16:25:00,XP
28.19,28.19,28.17,28.17,2499,2022-04-14 16:26:00,XP
28.165,28.17,28.1482,28.1482,3727,2022-04-14 16:27:00,XP
28.155,28.16,28.14,28.14,4704,2022-04-14 16:28:00,XP
28.14,28.15,28.13,28.13,1477,2022-04-14 16:29:00,XP
28.14,28.14,28.11,28.12,2400,2022-04-14 16:30:00,XP
28.1,28.15,28.09,28.14,4517,2022-04-14 16:31:00,XP
28.13,28.15,28.13,28.15,934,2022-04-14 16:32:00,XP
28.17,28.17,28.17,28.17,100,2022-04-14 16:34:00,XP
28.17,28.17,28.15,28.15,1601,2022-04-14 16:35:00,XP
28.14,28.15,28.14,28.15,1149,2022-04-14 16:36:00,XP
28.13,28.15,28.13,28.145,1749,2022-04-14 16:37:00,XP
28.15,28.205,28.15,28.205,3113,2022-04-14 16:38:00,XP
28.23,28.23,28.18,28.18,4425,2022-04-14 16:39:00,XP
28.17,28.17,28.16,28.16,2600,2022-04-14 16:40:00,XP
28.15,28.15,28.12,28.13,1700,2022-04-14 16:41:00,XP
28.12,28.15,28.12,28.14,700,2022-04-14 16:42:00,XP
28.15,28.16,28.14,28.14,5537,2022-04-14 16:43:00,XP
28.14,28.195,28.14,28.18,6007,2022-04-14 16:44:00,XP
28.17,28.185,28.17,28.185,500,2022-04-14 16:45:00,XP
28.2,28.21,28.18,28.18,3386,2022-04-14 16:46:00,XP
28.17,28.19,28.17,28.19,1100,2022-04-14 16:47:00,XP
28.17,28.17,28.17,28.17,500,2022-04-14 16:48:00,XP
28.19,28.19,28.19,28.19,849,2022-04-14 16:49:00,XP
28.18,28.192,28.18,28.18,400,2022-04-14 16:50:00,XP
28.18,28.2,28.18,28.185,3317,2022-04-14 16:51:00,XP
28.18,28.23,28.18,28.23,1900,2022-04-14 16:52:00,XP
28.23,28.25,28.23,28.25,1200,2022-04-14 16:53:00,XP
28.245,28.245,28.245,28.245,716,2022-04-14 16:54:00,XP
28.245,28.245,28.245,28.245,1214,2022-04-14 16:55:00,XP
28.24,28.24,28.2,28.22,4919,2022-04-14 16:56:00,XP
28.19,28.21,28.19,28.19,2290,2022-04-14 16:57:00,XP
28.18,28.2,28.18,28.2,1896,2022-04-14 16:58:00,XP
28.18,28.2,28.17,28.1869,6906,2022-04-14 16:59:00,XP
28.16,28.16,28.16,28.16,200,2022-04-14 17:00:00,XP
28.16,28.21,28.15,28.2,4352,2022-04-14 17:01:00,XP
28.21,28.23,28.21,28.21,2231,2022-04-14 17:02:00,XP
28.215,28.22,28.215,28.22,500,2022-04-14 17:03:00,XP
28.22,28.22,28.21,28.21,600,2022-04-14 17:04:00,XP
28.22,28.25,28.22,28.25,1534,2022-04-14 17:05:00,XP
28.25,28.25,28.235,28.25,500,2022-04-14 17:06:00,XP
28.235,28.24,28.18,28.18,7067,2022-04-14 17:07:00,XP
28.19,28.19,28.19,28.19,100,2022-04-14 17:08:00,XP
28.16,28.16,28.16,28.16,100,2022-04-14 17:09:00,XP
28.175,28.21,28.17,28.18,9866,2022-04-14 17:10:00,XP
28.18,28.18,28.1575,28.1575,2706,2022-04-14 17:11:00,XP
28.16,28.2,28.16,28.2,3150,2022-04-14 17:12:00,XP
28.17,28.17,28.17,28.17,1700,2022-04-14 17:13:00,XP
28.17,28.18,28.17,28.18,1503,2022-04-14 17:14:00,XP
28.19,28.19,28.16,28.16,1080,2022-04-14 17:15:00,XP
28.17,28.17,28.14,28.14,3868,2022-04-14 17:16:00,XP
28.14,28.15,28.11,28.11,3717,2022-04-14 17:17:00,XP
28.11,28.13,28.1,28.12,3545,2022-04-14 17:18:00,XP
28.11,28.11,28.02,28.06,32262,2022-04-14 17:19:00,XP
28.05,28.06,28.04,28.04,2253,2022-04-14 17:20:00,XP
28.03,28.05,28.03,28.05,5400,2022-04-14 17:21:00,XP
28.02,28.04,28.02,28.03,3500,2022-04-14 17:22:00,XP
28.02,28.02,28.01,28.02,2503,2022-04-14 17:23:00,XP
28.01,28.02,27.99,28.01,15666,2022-04-14 17:24:00,XP
28.01,28.04,28.0,28.02,6472,2022-04-14 17:25:00,XP
28.03,28.03,28.02,28.02,1315,2022-04-14 17:26:00,XP
28.03,28.03,28.0,28.01,4534,2022-04-14 17:27:00,XP
28.015,28.035,28.01,28.03,3986,2022-04-14 17:28:00,XP
28.02,28.03,28.02,28.03,1970,2022-04-14 17:29:00,XP
28.02,28.02,28.01,28.01,500,2022-04-14 17:30:00,XP
28.02,28.035,28.02,28.02,2201,2022-04-14 17:31:00,XP
28.02,28.05,28.02,28.03,3097,2022-04-14 17:32:00,XP
28.05,28.05,28.05,28.05,1149,2022-04-14 17:33:00,XP
28.06,28.09,28.045,28.075,7045,2022-04-14 17:34:00,XP
28.07,28.13,28.07,28.13,1700,2022-04-14 17:35:00,XP
28.13,28.13,28.115,28.115,700,2022-04-14 17:36:00,XP
28.1,28.1,28.095,28.095,1700,2022-04-14 17:37:00,XP
28.09,28.09,28.08,28.09,2451,2022-04-14 17:38:00,XP
28.09,28.09,28.08,28.09,1302,2022-04-14 17:39:00,XP
28.09,28.105,28.09,28.1,5386,2022-04-14 17:40:00,XP
28.105,28.11,28.1,28.11,1058,2022-04-14 17:41:00,XP
28.11,28.17,28.11,28.12,6153,2022-04-14 17:42:00,XP
28.12,28.12,28.115,28.12,1150,2022-04-14 17:43:00,XP
28.12,28.12,28.11,28.115,1150,2022-04-14 17:44:00,XP
28.11,28.18,28.11,28.18,4031,2022-04-14 17:45:00,XP
28.165,28.19,28.165,28.175,9761,2022-04-14 17:46:00,XP
28.175,28.175,28.16,28.17,1933,2022-04-14 17:47:00,XP
28.16,28.1762,28.16,28.1762,1300,2022-04-14 17:48:00,XP
28.17,28.18,28.16,28.18,1200,2022-04-14 17:49:00,XP
28.17,28.18,28.16,28.165,3817,2022-04-14 17:50:00,XP
28.17,28.17,28.17,28.17,400,2022-04-14 17:51:00,XP
28.17,28.17,28.14,28.1467,4345,2022-04-14 17:52:00,XP
28.14,28.14,28.13,28.13,1203,2022-04-14 17:53:00,XP
28.13,28.13,28.12,28.125,2690,2022-04-14 17:54:00,XP
28.13,28.14,28.125,28.14,4475,2022-04-14 17:55:00,XP
28.15,28.16,28.14,28.155,1965,2022-04-14 17:56:00,XP
28.155,28.155,28.14,28.15,1986,2022-04-14 17:57:00,XP
28.13,28.13,28.1,28.11,5621,2022-04-14 17:58:00,XP
28.11,28.12,28.11,28.12,1012,2022-04-14 17:59:00,XP
28.13,28.15,28.12,28.125,5083,2022-04-14 18:00:00,XP
28.125,28.14,28.11,28.14,10028,2022-04-14 18:01:00,XP
28.13,28.13,28.11,28.12,1462,2022-04-14 18:02:00,XP
28.11,28.11,28.11,28.11,300,2022-04-14 18:03:00,XP
28.11,28.165,28.11,28.13,4661,2022-04-14 18:04:00,XP
28.13,28.145,28.12,28.145,2102,2022-04-14 18:05:00,XP
28.145,28.145,28.145,28.145,481,2022-04-14 18:06:00,XP
28.13,28.13,28.13,28.13,200,2022-04-14 18:07:00,XP
28.14,28.14,28.13,28.14,3413,2022-04-14 18:08:00,XP
28.14,28.14,28.13,28.14,700,2022-04-14 18:09:00,XP
28.15,28.15,28.13,28.13,400,2022-04-14 18:10:00,XP
28.14,28.21,28.14,28.21,5669,2022-04-14 18:11:00,XP
28.23,28.25,28.19,28.2,8674,2022-04-14 18:12:00,XP
28.195,28.2,28.19,28.2,600,2022-04-14 18:13:00,XP
28.18,28.195,28.175,28.195,6274,2022-04-14 18:14:00,XP
28.2,28.25,28.2,28.25,2105,2022-04-14 18:15:00,XP
28.25,28.25,28.235,28.235,700,2022-04-14 18:16:00,XP
28.23,28.23,28.22,28.22,716,2022-04-14 18:17:00,XP
28.22,28.23,28.21,28.21,1110,2022-04-14 18:18:00,XP
28.22,28.22,28.15,28.165,61883,2022-04-14 18:19:00,XP
28.16,28.18,28.15,28.18,3048,2022-04-14 18:20:00,XP
28.1825,28.19,28.175,28.19,1600,2022-04-14 18:21:00,XP
28.16,28.16,28.15,28.15,1280,2022-04-14 18:22:00,XP
28.155,28.155,28.13,28.13,3942,2022-04-14 18:23:00,XP
28.12,28.12,28.11,28.11,1000,2022-04-14 18:24:00,XP
28.11,28.13,28.11,28.13,1585,2022-04-14 18:25:00,XP
28.11,28.13,28.11,28.12,1100,2022-04-14 18:26:00,XP
28.13,28.15,28.11,28.14,9162,2022-04-14 18:27:00,XP
28.14,28.14,28.12,28.12,3595,2022-04-14 18:28:00,XP
28.1299,28.1299,28.11,28.11,1408,2022-04-14 18:29:00,XP
28.11,28.12,28.1,28.12,4767,2022-04-14 18:30:00,XP
28.11,28.11,28.075,28.09,12345,2022-04-14 18:31:00,XP
28.08,28.09,28.08,28.08,1000,2022-04-14 18:32:00,XP
28.08,28.08,28.02,28.03,5680,2022-04-14 18:33:00,XP
28.02,28.03,28.01,28.02,900,2022-04-14 18:34:00,XP
28.03,28.04,28.02,28.02,2699,2022-04-14 18:35:00,XP
28.02,28.03,28.02,28.03,1290,2022-04-14 18:36:00,XP
28.02,28.03,28.01,28.02,1600,2022-04-14 18:37:00,XP
28.03,28.03,28.01,28.03,3168,2022-04-14 18:38:00,XP
28.02,28.03,28.01,28.03,1844,2022-04-14 18:39:00,XP
28.03,28.03,28.01,28.03,1931,2022-04-14 18:40:00,XP
28.03,28.03,28.01,28.01,800,2022-04-14 18:41:00,XP
28.01,28.01,27.98,27.99,2755,2022-04-14 18:42:00,XP
27.98,27.98,27.95,27.955,3700,2022-04-14 18:43:00,XP
27.95,28.0,27.95,27.96,8574,2022-04-14 18:44:00,XP
27.97,27.99,27.97,27.99,4206,2022-04-14 18:45:00,XP
27.98,27.98,27.96,27.96,2258,2022-04-14 18:46:00,XP
27.96,27.96,27.96,27.96,200,2022-04-14 18:47:00,XP
27.97,27.98,27.95,27.95,4171,2022-04-14 18:48:00,XP
27.97,27.97,27.93,27.93,2453,2022-04-14 18:49:00,XP
27.94,27.95,27.94,27.945,3689,2022-04-14 18:50:00,XP
27.945,27.945,27.94,27.94,518,2022-04-14 18:51:00,XP
27.94,27.94,27.92,27.92,1349,2022-04-14 18:52:00,XP
27.91,27.91,27.87,27.87,2300,2022-04-14 18:53:00,XP
27.87,27.87,27.85,27.85,2400,2022-04-14 18:54:00,XP
27.86,27.875,27.85,27.855,6734,2022-04-14 18:55:00,XP
27.87,27.87,27.83,27.83,2511,2022-04-14 18:56:00,XP
27.84,27.84,27.83,27.83,2425,2022-04-14 18:57:00,XP
27.8486,27.8486,27.81,27.81,2528,2022-04-14 18:58:00,XP
27.82,27.85,27.81,27.85,7837,2022-04-14 18:59:00,XP
27.85,27.85,27.84,27.84,947,2022-04-14 19:00:00,XP
27.85,27.85,27.84,27.85,331,2022-04-14 19:01:00,XP
27.84,27.92,27.84,27.92,5107,2022-04-14 19:02:00,XP
27.92,27.95,27.9,27.9,15409,2022-04-14 19:03:00,XP
27.9,27.9,27.88,27.9,2106,2022-04-14 19:04:00,XP
27.9,27.91,27.88,27.89,2587,2022-04-14 19:05:00,XP
27.89,27.92,27.89,27.92,2008,2022-04-14 19:06:00,XP
27.91,27.91,27.86,27.86,8500,2022-04-14 19:07:00,XP
27.86,27.885,27.86,27.88,9433,2022-04-14 19:08:00,XP
27.86,27.86,27.83,27.83,2662,2022-04-14 19:09:00,XP
27.82,27.89,27.82,27.8798,13051,2022-04-14 19:10:00,XP
27.89,27.91,27.89,27.9,5104,2022-04-14 19:11:00,XP
27.9,27.9,27.87,27.87,8534,2022-04-14 19:12:00,XP
27.87,27.88,27.86,27.88,2600,2022-04-14 19:13:00,XP
27.86,27.89,27.86,27.89,3152,2022-04-14 19:14:00,XP
27.89,27.92,27.89,27.9,9042,2022-04-14 19:15:00,XP
27.91,27.97,27.91,27.97,3353,2022-04-14 19:16:00,XP
27.97,27.975,27.945,27.945,8258,2022-04-14 19:17:00,XP
27.945,27.95,27.945,27.95,200,2022-04-14 19:18:00,XP
27.94,27.95,27.94,27.95,3395,2022-04-14 19:19:00,XP
27.96,27.99,27.96,27.98,4245,2022-04-14 19:20:00,XP
27.98,27.98,27.94,27.95,8101,2022-04-14 19:21:00,XP
27.95,27.97,27.95,27.965,4218,2022-04-14 19:22:00,XP
27.965,27.97,27.955,27.965,3763,2022-04-14 19:23:00,XP
27.97,27.98,27.96,27.96,6344,2022-04-14 19:24:00,XP
27.96,27.96,27.89,27.925,10379,2022-04-14 19:25:00,XP
27.93,27.95,27.91,27.91,7605,2022-04-14 19:26:00,XP
27.92,27.97,27.92,27.97,5991,2022-04-14 19:27:00,XP
27.97,27.98,27.96,27.97,11362,2022-04-14 19:28:00,XP
27.97,27.98,27.94,27.94,14698,2022-04-14 19:29:00,XP
27.96,27.97,27.95,27.97,6428,2022-04-14 19:30:00,XP
27.97,28.01,27.95,27.99,36228,2022-04-14 19:31:00,XP
28.0,28.03,27.99,28.01,11117,2022-04-14 19:32:00,XP
28.01,28.01,27.985,28.005,13627,2022-04-14 19:33:00,XP
28.01,28.01,27.97,27.98,14443,2022-04-14 19:34:00,XP
27.975,28.0,27.97,27.9959,2881,2022-04-14 19:35:00,XP
27.99,28.01,27.93,27.93,25054,2022-04-14 19:36:00,XP
27.935,27.95,27.93,27.95,10897,2022-04-14 19:37:00,XP
27.94,27.96,27.94,27.96,4012,2022-04-14 19:38:00,XP
27.955,27.98,27.951,27.98,4399,2022-04-14 19:39:00,XP
27.97,27.985,27.93,27.9379,24411,2022-04-14 19:40:00,XP
27.94,27.975,27.94,27.975,11968,2022-04-14 19:41:00,XP
27.97,27.99,27.97,27.97,19556,2022-04-14 19:42:00,XP
27.97,28.015,27.97,28.01,9762,2022-04-14 19:43:00,XP
28.015,28.07,28.01,28.04,106495,2022-04-14 19:44:00,XP
28.05,28.13,28.05,28.13,23161,2022-04-14 19:45:00,XP
28.125,28.125,28.03,28.09,39208,2022-04-14 19:46:00,XP
28.07,28.12,28.07,28.12,10304,2022-04-14 19:47:00,XP
28.115,28.18,28.11,28.155,86268,2022-04-14 19:48:00,XP
28.15,28.2,28.15,28.17,131125,2022-04-14 19:49:00,XP
28.18,28.32,28.13,28.15,150294,2022-04-14 19:50:00,XP
28.16,28.16,28.14,28.155,11119,2022-04-14 19:51:00,XP
28.16,28.21,28.16,28.19,25434,2022-04-14 19:52:00,XP
28.2,28.22,28.18,28.2,36246,2022-04-14 19:53:00,XP
28.2,28.25,28.1901,28.238,31634,2022-04-14 19:54:00,XP
28.25,28.26,28.2,28.205,41434,2022-04-14 19:55:00,XP
28.205,28.23,28.205,28.2201,37302,2022-04-14 19:56:00,XP
28.225,28.23,28.2,28.205,73449,2022-04-14 19:57:00,XP
28.205,28.21,28.19,28.2,67923,2022-04-14 19:58:00,XP
28.2,28.21,28.19,28.21,163439,2022-04-14 19:59:00,XP
28.21,28.21,28.2,28.2,1289638,2022-04-14 20:00:00,XP
28.2,28.2,28.2,28.2,100,2022-04-14 20:01:00,XP
28.2,28.2,28.2,28.2,2304,2022-04-14 20:02:00,XP
28.19,28.19,28.19,28.19,462,2022-04-14 20:06:00,XP
28.2,28.2,28.2,28.2,319,2022-04-14 20:20:00,XP
28.13,28.13,28.13,28.13,1000,2022-04-14 21:00:00,XP
27.7,27.7,27.7,27.7,136,2022-04-18 12:57:00,XP
27.95,27.95,27.95,27.95,1600,2022-04-18 13:10:00,XP
27.97,27.97,27.97,27.97,1960,2022-04-18 13:16:00,XP
27.86,28.06,27.86,28.06,457,2022-04-18 13:27:00,XP
27.97,27.97,27.97,27.97,400,2022-04-18 13:28:00,XP
28.05,28.05,28.05,28.05,280,2022-04-18 13:29:00,XP
28.04,28.04,27.89,27.905,11340,2022-04-18 13:30:00,XP
27.94,27.95,27.94,27.95,270,2022-04-18 13:31:00,XP
27.95,27.95,27.72,27.79,6796,2022-04-18 13:32:00,XP
27.79,27.79,27.59,27.71,10904,2022-04-18 13:33:00,XP
27.72,27.72,27.56,27.59,2000,2022-04-18 13:34:00,XP
27.68,27.68,27.59,27.64,4421,2022-04-18 13:35:00,XP
27.68,27.68,27.67,27.68,1496,2022-04-18 13:36:00,XP
27.72,27.72,27.51,27.53,6933,2022-04-18 13:37:00,XP
27.57,27.69,27.56,27.68,5919,2022-04-18 13:38:00,XP
27.62,27.62,27.46,27.49,6158,2022-04-18 13:40:00,XP
27.39,27.51,27.38,27.51,1914,2022-04-18 13:41:00,XP
27.56,27.59,27.55,27.57,1429,2022-04-18 13:42:00,XP
27.57,27.57,27.52,27.57,8879,2022-04-18 13:43:00,XP
27.62,27.63,27.55,27.55,2693,2022-04-18 13:44:00,XP
27.59,27.59,27.53,27.55,3268,2022-04-18 13:45:00,XP
27.55,27.58,27.5,27.5,19334,2022-04-18 13:46:00,XP
27.5,27.6,27.5,27.6,6691,2022-04-18 13:47:00,XP
27.6,27.68,27.6,27.6,1566,2022-04-18 13:48:00,XP
27.65,27.65,27.6,27.6,1349,2022-04-18 13:49:00,XP
27.64,27.66,27.56,27.56,4090,2022-04-18 13:50:00,XP
27.56,27.63,27.56,27.605,2100,2022-04-18 13:51:00,XP
27.6,27.61,27.55,27.59,4724,2022-04-18 13:52:00,XP
27.56,27.6,27.5175,27.6,5585,2022-04-18 13:53:00,XP
27.6,27.62,27.6,27.62,786,2022-04-18 13:54:00,XP
27.595,27.65,27.55,27.625,6632,2022-04-18 13:55:00,XP
27.65,27.65,27.6,27.63,3299,2022-04-18 13:56:00,XP
27.65,27.65,27.61,27.64,2695,2022-04-18 13:57:00,XP
27.66,27.68,27.66,27.68,4099,2022-04-18 13:59:00,XP
27.71,27.71,27.61,27.615,1815,2022-04-18 14:00:00,XP
27.63,27.71,27.63,27.71,2361,2022-04-18 14:01:00,XP
27.75,27.79,27.75,27.79,5511,2022-04-18 14:02:00,XP
27.77,27.78,27.77,27.77,500,2022-04-18 14:03:00,XP
27.78,27.79,27.77,27.79,1297,2022-04-18 14:04:00,XP
27.8,27.91,27.8,27.87,6602,2022-04-18 14:05:00,XP
27.8401,27.8401,27.81,27.82,1811,2022-04-18 14:06:00,XP
27.814,27.814,27.75,27.76,2132,2022-04-18 14:07:00,XP
27.73,27.8,27.73,27.8,1000,2022-04-18 14:08:00,XP
27.75,27.75,27.71,27.71,500,2022-04-18 14:09:00,XP
27.71,27.71,27.64,27.66,3090,2022-04-18 14:10:00,XP
27.65,27.71,27.65,27.71,1300,2022-04-18 14:11:00,XP
27.72,27.76,27.7,27.71,1955,2022-04-18 14:12:00,XP
27.7,27.7,27.68,27.68,500,2022-04-18 14:13:00,XP
27.7,27.79,27.7,27.74,4757,2022-04-18 14:14:00,XP
27.74,27.81,27.73,27.805,1300,2022-04-18 14:15:00,XP
27.82,27.88,27.8,27.84,5230,2022-04-18 14:16:00,XP
27.86,27.86,27.8,27.8,827,2022-04-18 14:17:00,XP
27.751,27.76,27.72,27.76,1538,2022-04-18 14:18:00,XP
27.72,27.79,27.71,27.75,5645,2022-04-18 14:19:00,XP
27.7,27.7,27.7,27.7,100,2022-04-18 14:20:00,XP
27.67,27.67,27.63,27.63,700,2022-04-18 14:21:00,XP
27.66,27.72,27.66,27.72,8878,2022-04-18 14:22:00,XP
27.705,27.705,27.66,27.697,2100,2022-04-18 14:23:00,XP
27.7,27.75,27.7,27.72,2700,2022-04-18 14:24:00,XP
27.77,27.775,27.75,27.775,756,2022-04-18 14:25:00,XP
27.75,27.78,27.75,27.75,2918,2022-04-18 14:26:00,XP
27.77,27.79,27.75,27.77,3167,2022-04-18 14:27:00,XP
27.75,27.75,27.69,27.72,11625,2022-04-18 14:28:00,XP
27.71,27.71,27.695,27.695,1550,2022-04-18 14:29:00,XP
27.7,27.7,27.6,27.66,4435,2022-04-18 14:30:00,XP
27.65,27.66,27.621,27.635,900,2022-04-18 14:31:00,XP
27.64,27.67,27.64,27.66,29044,2022-04-18 14:32:00,XP
27.62,27.635,27.57,27.57,3701,2022-04-18 14:33:00,XP
27.58,27.63,27.58,27.63,2031,2022-04-18 14:34:00,XP
27.64,27.64,27.565,27.565,920,2022-04-18 14:35:00,XP
27.57,27.6,27.54,27.59,6632,2022-04-18 14:36:00,XP
27.55,27.55,27.52,27.52,1700,2022-04-18 14:37:00,XP
27.52,27.56,27.52,27.56,3120,2022-04-18 14:38:00,XP
27.53,27.67,27.5,27.67,12524,2022-04-18 14:39:00,XP
27.67,27.71,27.59,27.59,5806,2022-04-18 14:40:00,XP
27.62,27.62,27.61,27.61,1850,2022-04-18 14:41:00,XP
27.61,27.62,27.59,27.62,1000,2022-04-18 14:42:00,XP
27.63,27.63,27.57,27.59,821,2022-04-18 14:43:00,XP
27.575,27.575,27.56,27.56,746,2022-04-18 14:44:00,XP
27.56,27.64,27.56,27.6,2124,2022-04-18 14:45:00,XP
27.575,27.59,27.54,27.57,15816,2022-04-18 14:46:00,XP
27.56,27.58,27.54,27.58,500,2022-04-18 14:47:00,XP
27.58,27.6,27.565,27.6,1749,2022-04-18 14:48:00,XP
27.61,27.61,27.6,27.6,400,2022-04-18 14:50:00,XP
27.54,27.57,27.53,27.57,2653,2022-04-18 14:51:00,XP
27.57,27.57,27.55,27.57,1900,2022-04-18 14:52:00,XP
27.55,27.55,27.53,27.53,200,2022-04-18 14:53:00,XP
27.525,27.545,27.525,27.545,200,2022-04-18 14:54:00,XP
27.525,27.54,27.51,27.54,300,2022-04-18 14:55:00,XP
27.53,27.53,27.52,27.52,363,2022-04-18 14:56:00,XP
27.5,27.51,27.48,27.48,700,2022-04-18 14:57:00,XP
27.495,27.495,27.47,27.49,4226,2022-04-18 14:58:00,XP
27.49,27.52,27.49,27.5,1200,2022-04-18 14:59:00,XP
27.51,27.51,27.51,27.51,100,2022-04-18 15:00:00,XP
27.48,27.5,27.48,27.5,700,2022-04-18 15:01:00,XP
27.51,27.55,27.51,27.55,21115,2022-04-18 15:02:00,XP
27.59,27.61,27.59,27.61,200,2022-04-18 15:03:00,XP
27.61,27.64,27.61,27.61,2000,2022-04-18 15:04:00,XP
27.58,27.59,27.58,27.59,200,2022-04-18 15:05:00,XP
27.6,27.6,27.6,27.6,100,2022-04-18 15:06:00,XP
27.57,27.58,27.55,27.551,1000,2022-04-18 15:07:00,XP
27.53,27.55,27.51,27.545,974,2022-04-18 15:08:00,XP
27.535,27.535,27.5,27.5,1195,2022-04-18 15:09:00,XP
27.52,27.52,27.52,27.52,100,2022-04-18 15:10:00,XP
27.5,27.5,27.48,27.48,959,2022-04-18 15:11:00,XP
27.46,27.5,27.46,27.5,1461,2022-04-18 15:12:00,XP
27.5,27.5,27.49,27.49,400,2022-04-18 15:13:00,XP
27.5,27.5,27.47,27.48,2100,2022-04-18 15:14:00,XP
27.46,27.47,27.43,27.43,1400,2022-04-18 15:15:00,XP
27.435,27.435,27.38,27.38,1756,2022-04-18 15:16:00,XP
27.38,27.41,27.38,27.38,1003,2022-04-18 15:17:00,XP
27.37,27.46,27.37,27.46,4736,2022-04-18 15:18:00,XP
27.43,27.43,27.41,27.43,1367,2022-04-18 15:19:00,XP
27.43,27.45,27.41,27.42,11444,2022-04-18 15:20:00,XP
27.41,27.47,27.41,27.47,2558,2022-04-18 15:21:00,XP
27.47,27.47,27.47,27.47,100,2022-04-18 15:22:00,XP
27.48,27.48,27.44,27.44,300,2022-04-18 15:23:00,XP
27.42,27.43,27.42,27.43,2319,2022-04-18 15:24:00,XP
27.42,27.44,27.42,27.44,3109,2022-04-18 15:25:00,XP
27.445,27.46,27.445,27.445,800,2022-04-18 15:26:00,XP
27.445,27.46,27.445,27.46,1303,2022-04-18 15:27:00,XP
27.43,27.43,27.41,27.415,4073,2022-04-18 15:28:00,XP
27.41,27.41,27.37,27.4,10679,2022-04-18 15:29:00,XP
27.4,27.48,27.4,27.48,2655,2022-04-18 15:30:00,XP
27.46,27.46,27.41,27.41,2703,2022-04-18 15:31:00,XP
27.42,27.48,27.42,27.45,5361,2022-04-18 15:32:00,XP
27.44,27.455,27.405,27.405,1200,2022-04-18 15:33:00,XP
27.405,27.405,27.405,27.405,100,2022-04-18 15:34:00,XP
27.38,27.41,27.37,27.37,900,2022-04-18 15:35:00,XP
27.38,27.39,27.38,27.38,300,2022-04-18 15:36:00,XP
27.36,27.46,27.36,27.44,4045,2022-04-18 15:38:00,XP
27.43,27.43,27.43,27.43,600,2022-04-18 15:39:00,XP
27.42,27.43,27.42,27.43,800,2022-04-18 15:40:00,XP
27.44,27.5,27.44,27.46,5399,2022-04-18 15:41:00,XP
27.48,27.5,27.46,27.46,2107,2022-04-18 15:43:00,XP
27.44,27.44,27.41,27.41,978,2022-04-18 15:45:00,XP
27.42,27.455,27.42,27.455,1819,2022-04-18 15:46:00,XP
27.44,27.44,27.39,27.41,3309,2022-04-18 15:47:00,XP
27.41,27.41,27.39,27.41,1900,2022-04-18 15:48:00,XP
27.39,27.39,27.39,27.39,817,2022-04-18 15:49:00,XP
27.385,27.385,27.38,27.38,300,2022-04-18 15:50:00,XP
27.375,27.395,27.375,27.395,914,2022-04-18 15:51:00,XP
27.4,27.42,27.39,27.41,2200,2022-04-18 15:52:00,XP
27.41,27.43,27.4,27.4,19012,2022-04-18 15:53:00,XP
27.38,27.38,27.35,27.36,21666,2022-04-18 15:54:00,XP
27.36,27.365,27.34,27.34,1835,2022-04-18 15:55:00,XP
27.34,27.38,27.33,27.355,5934,2022-04-18 15:56:00,XP
27.355,27.43,27.355,27.39,9483,2022-04-18 15:57:00,XP
27.39,27.41,27.39,27.41,6566,2022-04-18 15:58:00,XP
27.43,27.45,27.43,27.44,8049,2022-04-18 15:59:00,XP
27.435,27.48,27.435,27.48,5983,2022-04-18 16:00:00,XP
27.45,27.455,27.4,27.4,818,2022-04-18 16:01:00,XP
27.41,27.45,27.395,27.45,3482,2022-04-18 16:02:00,XP
27.445,27.445,27.445,27.445,2101,2022-04-18 16:03:00,XP
27.4352,27.51,27.4352,27.51,1744,2022-04-18 16:04:00,XP
27.51,27.53,27.51,27.52,1284,2022-04-18 16:05:00,XP
27.53,27.55,27.51,27.54,2835,2022-04-18 16:06:00,XP
27.525,27.525,27.5,27.51,950,2022-04-18 16:07:00,XP
27.5,27.5,27.46,27.46,1320,2022-04-18 16:08:00,XP
27.48,27.48,27.465,27.465,200,2022-04-18 16:09:00,XP
27.45,27.45,27.45,27.45,200,2022-04-18 16:10:00,XP
27.41,27.44,27.41,27.42,1666,2022-04-18 16:11:00,XP
27.44,27.44,27.4,27.41,1500,2022-04-18 16:12:00,XP
27.42,27.42,27.395,27.395,487,2022-04-18 16:13:00,XP
27.39,27.41,27.38,27.4,1845,2022-04-18 16:14:00,XP
27.405,27.405,27.39,27.39,1765,2022-04-18 16:15:00,XP
27.385,27.385,27.35,27.355,3354,2022-04-18 16:16:00,XP
27.36,27.37,27.36,27.37,584,2022-04-18 16:17:00,XP
27.38,27.38,27.36,27.36,3770,2022-04-18 16:18:00,XP
27.365,27.38,27.365,27.38,433,2022-04-18 16:19:00,XP
27.38,27.39,27.38,27.39,764,2022-04-18 16:20:00,XP
27.36,27.39,27.35,27.355,11665,2022-04-18 16:21:00,XP
27.37,27.38,27.36,27.38,4373,2022-04-18 16:22:00,XP
27.365,27.38,27.35,27.365,13468,2022-04-18 16:23:00,XP
27.37,27.38,27.37,27.3769,1219,2022-04-18 16:24:00,XP
27.38,27.38,27.3403,27.3403,4664,2022-04-18 16:25:00,XP
27.34,27.35,27.3003,27.305,3900,2022-04-18 16:26:00,XP
27.305,27.325,27.305,27.32,1142,2022-04-18 16:27:00,XP
27.315,27.315,27.315,27.315,826,2022-04-18 16:28:00,XP
27.31,27.31,27.29,27.305,2100,2022-04-18 16:29:00,XP
27.3,27.33,27.3,27.33,1655,2022-04-18 16:30:00,XP
27.31,27.33,27.31,27.3156,1450,2022-04-18 16:31:00,XP
27.31,27.32,27.3,27.305,2838,2022-04-18 16:32:00,XP
27.305,27.32,27.3,27.305,1807,2022-04-18 16:33:00,XP
27.31,27.32,27.305,27.32,1200,2022-04-18 16:34:00,XP
27.34,27.34,27.32,27.325,1687,2022-04-18 16:35:00,XP
27.33,27.33,27.32,27.32,312,2022-04-18 16:36:00,XP
27.3104,27.325,27.3104,27.325,356,2022-04-18 16:37:00,XP
27.33,27.33,27.31,27.31,450,2022-04-18 16:38:00,XP
27.325,27.36,27.325,27.36,1700,2022-04-18 16:39:00,XP
27.37,27.395,27.37,27.39,6271,2022-04-18 16:40:00,XP
27.4,27.4,27.38,27.38,4219,2022-04-18 16:41:00,XP
27.385,27.43,27.37,27.43,3708,2022-04-18 16:42:00,XP
27.42,27.42,27.4,27.4,783,2022-04-18 16:43:00,XP
27.41,27.43,27.41,27.43,737,2022-04-18 16:44:00,XP
27.44,27.44,27.42,27.42,200,2022-04-18 16:45:00,XP
27.435,27.435,27.435,27.435,266,2022-04-18 16:46:00,XP
27.42,27.43,27.4,27.4,801,2022-04-18 16:47:00,XP
27.41,27.41,27.39,27.4,500,2022-04-18 16:48:00,XP
27.4,27.4,27.4,27.4,300,2022-04-18 16:49:00,XP
27.42,27.42,27.415,27.415,413,2022-04-18 16:50:00,XP
27.41,27.41,27.4,27.4,600,2022-04-18 16:51:00,XP
27.41,27.44,27.4,27.43,3122,2022-04-18 16:53:00,XP
27.43,27.43,27.41,27.43,1100,2022-04-18 16:54:00,XP
27.44,27.45,27.44,27.4449,1377,2022-04-18 16:55:00,XP
27.4699,27.47,27.441,27.46,1016,2022-04-18 16:56:00,XP
27.45,27.46,27.45,27.455,806,2022-04-18 16:57:00,XP
27.46,27.46,27.42,27.42,1100,2022-04-18 16:58:00,XP
27.43,27.43,27.41,27.41,700,2022-04-18 16:59:00,XP
27.43,27.43,27.4,27.41,1910,2022-04-18 17:00:00,XP
27.405,27.42,27.39,27.4,1927,2022-04-18 17:01:00,XP
27.39,27.4,27.39,27.4,1150,2022-04-18 17:02:00,XP
27.39,27.39,27.365,27.38,4283,2022-04-18 17:03:00,XP
27.37,27.42,27.37,27.4068,3606,2022-04-18 17:04:00,XP
27.39,27.39,27.37,27.38,2700,2022-04-18 17:05:00,XP
27.385,27.385,27.35,27.36,2000,2022-04-18 17:06:00,XP
27.37,27.39,27.35,27.38,8188,2022-04-18 17:07:00,XP
27.38,27.45,27.38,27.45,1000,2022-04-18 17:08:00,XP
27.45,27.47,27.45,27.47,700,2022-04-18 17:09:00,XP
27.49,27.54,27.49,27.54,878,2022-04-18 17:10:00,XP
27.535,27.535,27.5,27.5,3006,2022-04-18 17:11:00,XP
27.47,27.47,27.44,27.44,1800,2022-04-18 17:13:00,XP
27.46,27.47,27.46,27.47,800,2022-04-18 17:14:00,XP
27.46,27.49,27.46,27.48,894,2022-04-18 17:15:00,XP
27.485,27.52,27.485,27.515,1399,2022-04-18 17:16:00,XP
27.52,27.52,27.51,27.51,800,2022-04-18 17:17:00,XP
27.51,27.51,27.5,27.5,800,2022-04-18 17:18:00,XP
27.5,27.52,27.5,27.51,2056,2022-04-18 17:19:00,XP
27.53,27.57,27.515,27.54,1715,2022-04-18 17:20:00,XP
27.53,27.56,27.53,27.56,1100,2022-04-18 17:21:00,XP
27.56,27.56,27.555,27.56,800,2022-04-18 17:22:00,XP
27.59,27.6,27.58,27.58,1892,2022-04-18 17:24:00,XP
27.6,27.6,27.55,27.56,3613,2022-04-18 17:25:00,XP
27.55,27.55,27.53,27.54,2811,2022-04-18 17:26:00,XP
27.54,27.57,27.53,27.57,2242,2022-04-18 17:27:00,XP
27.54,27.55,27.54,27.545,400,2022-04-18 17:28:00,XP
27.55,27.57,27.54,27.55,19863,2022-04-18 17:29:00,XP
27.555,27.6,27.54,27.6,4398,2022-04-18 17:30:00,XP
27.59,27.61,27.59,27.595,5380,2022-04-18 17:31:00,XP
27.6,27.705,27.59,27.69,9485,2022-04-18 17:32:00,XP
27.69,27.72,27.67,27.68,25209,2022-04-18 17:33:00,XP
27.69,27.71,27.67,27.67,2800,2022-04-18 17:34:00,XP
27.67,27.69,27.66,27.69,2253,2022-04-18 17:35:00,XP
27.68,27.74,27.68,27.71,12119,2022-04-18 17:36:00,XP
27.72,27.72,27.67,27.69,5014,2022-04-18 17:37:00,XP
27.69,27.7,27.65,27.65,18017,2022-04-18 17:38:00,XP
27.64,27.66,27.63,27.645,18322,2022-04-18 17:39:00,XP
27.65,27.71,27.64,27.71,7300,2022-04-18 17:40:00,XP
27.68,27.69,27.61,27.675,9610,2022-04-18 17:41:00,XP
27.69,27.69,27.66,27.66,1814,2022-04-18 17:42:00,XP
27.675,27.69,27.675,27.68,300,2022-04-18 17:43:00,XP
27.69,27.76,27.68,27.76,6058,2022-04-18 17:44:00,XP
27.74,27.74,27.67,27.685,4097,2022-04-18 17:45:00,XP
27.7,27.73,27.68,27.68,5082,2022-04-18 17:46:00,XP
27.68,27.7,27.675,27.7,3812,2022-04-18 17:47:00,XP
27.695,27.71,27.665,27.68,4963,2022-04-18 17:48:00,XP
27.68,27.73,27.68,27.69,6602,2022-04-18 17:49:00,XP
27.69,27.72,27.675,27.7,10847,2022-04-18 17:50:00,XP
27.71,27.72,27.7,27.7,2609,2022-04-18 17:51:00,XP
27.72,27.72,27.69,27.69,4962,2022-04-18 17:52:00,XP
27.7,27.73,27.685,27.71,25606,2022-04-18 17:53:00,XP
27.71,27.72,27.705,27.72,1819,2022-04-18 17:54:00,XP
27.71,27.745,27.7,27.74,22344,2022-04-18 17:55:00,XP
27.74,27.74,27.705,27.71,18802,2022-04-18 17:56:00,XP
27.71,27.75,27.7,27.75,34862,2022-04-18 17:57:00,XP
27.75,27.755,27.73,27.73,6297,2022-04-18 17:58:00,XP
27.74,27.74,27.68,27.71,12285,2022-04-18 17:59:00,XP
27.72,27.72,27.71,27.715,4864,2022-04-18 18:00:00,XP
27.7,27.75,27.7,27.74,6896,2022-04-18 18:01:00,XP
27.73,27.74,27.725,27.73,4225,2022-04-18 18:02:00,XP
27.725,27.735,27.695,27.72,21043,2022-04-18 18:03:00,XP
27.72,27.77,27.71,27.745,30515,2022-04-18 18:04:00,XP
27.745,27.745,27.71,27.72,54598,2022-04-18 18:05:00,XP
27.71,27.73,27.7,27.71,22460,2022-04-18 18:06:00,XP
27.73,27.73,27.69,27.71,2488,2022-04-18 18:07:00,XP
27.7,27.73,27.695,27.71,4748,2022-04-18 18:08:00,XP
27.7,27.71,27.7,27.7,2636,2022-04-18 18:09:00,XP
27.69,27.69,27.67,27.67,1440,2022-04-18 18:10:00,XP
27.686,27.69,27.64,27.65,2704,2022-04-18 18:11:00,XP
27.66,27.675,27.65,27.66,1584,2022-04-18 18:12:00,XP
27.67,27.69,27.65,27.65,2500,2022-04-18 18:13:00,XP
27.67,27.67,27.65,27.66,1506,2022-04-18 18:14:00,XP
27.66,27.72,27.655,27.66,5626,2022-04-18 18:15:00,XP
27.66,27.665,27.631,27.631,2316,2022-04-18 18:16:00,XP
27.62,27.63,27.6,27.63,1000,2022-04-18 18:17:00,XP
27.61,27.61,27.6,27.61,900,2022-04-18 18:18:00,XP
27.63,27.64,27.62,27.64,1901,2022-04-18 18:19:00,XP
27.62,27.64,27.62,27.63,900,2022-04-18 18:20:00,XP
27.62,27.62,27.595,27.62,2600,2022-04-18 18:21:00,XP
27.62,27.62,27.61,27.61,1914,2022-04-18 18:22:00,XP
27.6059,27.63,27.59,27.62,1902,2022-04-18 18:23:00,XP
27.659,27.68,27.65,27.665,5200,2022-04-18 18:24:00,XP
27.665,27.7,27.655,27.69,5600,2022-04-18 18:25:00,XP
27.68,27.7,27.65,27.67,11641,2022-04-18 18:26:00,XP
27.67,27.68,27.64,27.65,16758,2022-04-18 18:27:00,XP
27.63,27.67,27.62,27.665,8673,2022-04-18 18:28:00,XP
27.65,27.65,27.64,27.645,1712,2022-04-18 18:29:00,XP
27.63,27.66,27.62,27.63,11771,2022-04-18 18:30:00,XP
27.64,27.65,27.63,27.63,5893,2022-04-18 18:31:00,XP
27.64,27.65,27.62,27.625,4833,2022-04-18 18:32:00,XP
27.64,27.64,27.62,27.63,1073,2022-04-18 18:33:00,XP
27.62,27.62,27.59,27.615,5580,2022-04-18 18:34:00,XP
27.615,27.63,27.6,27.605,5291,2022-04-18 18:35:00,XP
27.6,27.6,27.55,27.57,10559,2022-04-18 18:36:00,XP
27.57,27.58,27.55,27.58,1394,2022-04-18 18:37:00,XP
27.57,27.57,27.54,27.555,2100,2022-04-18 18:38:00,XP
27.555,27.57,27.55,27.56,2416,2022-04-18 18:39:00,XP
27.56,27.58,27.55,27.55,3654,2022-04-18 18:40:00,XP
27.55,27.55,27.5,27.515,6156,2022-04-18 18:41:00,XP
27.52,27.55,27.51,27.545,12647,2022-04-18 18:42:00,XP
27.56,27.56,27.53,27.53,1131,2022-04-18 18:43:00,XP
27.53,27.53,27.49,27.49,5996,2022-04-18 18:44:00,XP
27.5,27.52,27.49,27.5,1408,2022-04-18 18:45:00,XP
27.49,27.49,27.445,27.445,2613,2022-04-18 18:46:00,XP
27.43,27.51,27.43,27.51,9082,2022-04-18 18:47:00,XP
27.515,27.515,27.47,27.49,5740,2022-04-18 18:48:00,XP
27.49,27.515,27.49,27.515,2006,2022-04-18 18:49:00,XP
27.5,27.51,27.49,27.51,1540,2022-04-18 18:50:00,XP
27.515,27.54,27.515,27.54,969,2022-04-18 18:51:00,XP
27.53,27.55,27.53,27.54,1360,2022-04-18 18:52:00,XP
27.53,27.55,27.5247,27.5281,2744,2022-04-18 18:53:00,XP
27.53,27.53,27.5,27.505,2900,2022-04-18 18:54:00,XP
27.5,27.515,27.495,27.51,4052,2022-04-18 18:55:00,XP
27.49,27.53,27.49,27.517,2414,2022-04-18 18:56:00,XP
27.52,27.52,27.48,27.5,2185,2022-04-18 18:57:00,XP
27.5,27.5,27.485,27.49,1871,2022-04-18 18:58:00,XP
27.485,27.5,27.44,27.47,15566,2022-04-18 18:59:00,XP
27.465,27.5,27.465,27.47,2619,2022-04-18 19:00:00,XP
27.47,27.48,27.455,27.46,2563,2022-04-18 19:01:00,XP
27.46,27.48,27.45,27.475,6863,2022-04-18 19:02:00,XP
27.47,27.47,27.46,27.47,2222,2022-04-18 19:03:00,XP
27.46,27.47,27.44,27.44,2699,2022-04-18 19:04:00,XP
27.45,27.5,27.44,27.48,2762,2022-04-18 19:05:00,XP
27.49,27.52,27.48,27.52,3460,2022-04-18 19:06:00,XP
27.52,27.52,27.49,27.505,1731,2022-04-18 19:07:00,XP
27.51,27.5136,27.49,27.51,2455,2022-04-18 19:08:00,XP
27.51,27.51,27.475,27.48,2473,2022-04-18 19:09:00,XP
27.49,27.51,27.49,27.49,2485,2022-04-18 19:10:00,XP
27.4954,27.52,27.4954,27.5,3185,2022-04-18 19:11:00,XP
27.51,27.53,27.5,27.505,4554,2022-04-18 19:12:00,XP
27.51,27.52,27.47,27.49,11236,2022-04-18 19:13:00,XP
27.49,27.5,27.48,27.49,650,2022-04-18 19:14:00,XP
27.4976,27.57,27.49,27.55,18784,2022-04-18 19:15:00,XP
27.54,27.54,27.5,27.51,9295,2022-04-18 19:16:00,XP
27.5,27.52,27.49,27.52,7100,2022-04-18 19:17:00,XP
27.51,27.55,27.51,27.55,3818,2022-04-18 19:18:00,XP
27.54,27.55,27.51,27.51,5204,2022-04-18 19:19:00,XP
27.52,27.57,27.52,27.55,3001,2022-04-18 19:20:00,XP
27.55,27.57,27.54,27.55,5051,2022-04-18 19:21:00,XP
27.54,27.56,27.54,27.54,3430,2022-04-18 19:22:00,XP
27.545,27.55,27.52,27.55,8935,2022-04-18 19:23:00,XP
27.58,27.58,27.55,27.565,600,2022-04-18 19:24:00,XP
27.56,27.59,27.55,27.57,4599,2022-04-18 19:25:00,XP
27.58,27.58,27.56,27.57,5390,2022-04-18 19:26:00,XP
27.5601,27.6,27.56,27.595,8266,2022-04-18 19:27:00,XP
27.6,27.63,27.59,27.6,8354,2022-04-18 19:28:00,XP
27.6,27.6,27.53,27.53,9536,2022-04-18 19:29:00,XP
27.525,27.525,27.5,27.515,3532,2022-04-18 19:30:00,XP
27.51,27.555,27.51,27.55,4714,2022-04-18 19:31:00,XP
27.555,27.56,27.525,27.53,5131,2022-04-18 19:32:00,XP
27.53,27.53,27.51,27.515,5505,2022-04-18 19:33:00,XP
27.51,27.535,27.505,27.52,9071,2022-04-18 19:34:00,XP
27.515,27.52,27.5,27.5,5226,2022-04-18 19:35:00,XP
27.5,27.5,27.45,27.475,12067,2022-04-18 19:36:00,XP
27.48,27.48,27.435,27.47,11823,2022-04-18 19:37:00,XP
27.46,27.47,27.44,27.47,8388,2022-04-18 19:38:00,XP
27.47,27.49,27.44,27.485,7329,2022-04-18 19:39:00,XP
27.48,27.48,27.46,27.47,5228,2022-04-18 19:40:00,XP
27.49,27.51,27.49,27.5,5124,2022-04-18 19:41:00,XP
27.501,27.54,27.5,27.53,4812,2022-04-18 19:42:00,XP
27.54,27.54,27.51,27.52,7146,2022-04-18 19:43:00,XP
27.53,27.54,27.52,27.53,2656,2022-04-18 19:44:00,XP
27.53,27.53,27.49,27.5,4600,2022-04-18 19:45:00,XP
27.49,27.49,27.48,27.485,1300,2022-04-18 19:46:00,XP
27.48,27.5,27.46,27.5,4853,2022-04-18 19:47:00,XP
27.49,27.49,27.45,27.46,2298,2022-04-18 19:48:00,XP
27.47,27.49,27.45,27.49,4502,2022-04-18 19:49:00,XP
27.48,27.48,27.39,27.425,12446,2022-04-18 19:50:00,XP
27.43,27.46,27.43,27.455,6774,2022-04-18 19:51:00,XP
27.46,27.48,27.46,27.475,5102,2022-04-18 19:52:00,XP
27.47,27.475,27.45,27.47,5581,2022-04-18 19:53:00,XP
27.465,27.47,27.43,27.44,10284,2022-04-18 19:54:00,XP
27.43,27.43,27.39,27.42,29408,2022-04-18 19:55:00,XP
27.41,27.44,27.4,27.435,20394,2022-04-18 19:56:00,XP
27.43,27.47,27.425,27.47,41051,2022-04-18 19:57:00,XP
27.48,27.5,27.47,27.49,17421,2022-04-18 19:58:00,XP
27.49,27.53,27.465,27.53,60881,2022-04-18 19:59:00,XP
27.53,27.53,27.42,27.48,298502,2022-04-18 20:00:00,XP
27.58,27.58,27.58,27.58,100,2022-04-18 20:30:00,XP
27.56,27.56,27.48,27.48,1226,2022-04-18 21:17:00,XP
27.25,27.25,27.25,27.25,9764,2022-04-18 22:06:00,XP
27.48,27.48,27.48,27.48,1500,2022-04-18 23:28:00,XP
27.48,27.48,27.48,27.48,1228,2022-04-18 23:48:00,XP
27.48,27.48,27.48,27.48,300,2022-04-18 23:59:00,XP
27.33,27.35,27.33,27.34,700,2022-04-19 13:23:00,XP
27.21,27.21,27.21,27.21,101,2022-04-19 13:27:00,XP
27.3,27.44,27.25,27.37,20671,2022-04-19 13:30:00,XP
27.4291,27.4291,27.24,27.24,934,2022-04-19 13:31:00,XP
27.23,27.24,27.23,27.24,300,2022-04-19 13:32:00,XP
27.26,27.26,27.16,27.24,2500,2022-04-19 13:33:00,XP
27.26,27.28,27.16,27.16,3631,2022-04-19 13:34:00,XP
27.17,27.17,27.09,27.09,900,2022-04-19 13:35:00,XP
27.14,27.2,27.14,27.2,2470,2022-04-19 13:36:00,XP
27.19,27.19,27.15,27.15,1081,2022-04-19 13:37:00,XP
27.12,27.12,27.09,27.1,2706,2022-04-19 13:38:00,XP
27.14,27.15,27.1125,27.1125,1700,2022-04-19 13:39:00,XP
27.11,27.17,27.1,27.17,2500,2022-04-19 13:40:00,XP
27.18,27.29,27.18,27.2025,4700,2022-04-19 13:41:00,XP
27.22,27.29,27.22,27.29,2034,2022-04-19 13:42:00,XP
27.29,27.31,27.28,27.28,1200,2022-04-19 13:43:00,XP
27.24,27.29,27.19,27.2,2330,2022-04-19 13:44:00,XP
27.2,27.33,27.2,27.26,11343,2022-04-19 13:45:00,XP
27.26,27.34,27.26,27.27,3769,2022-04-19 13:46:00,XP
27.32,27.4,27.32,27.39,625,2022-04-19 13:47:00,XP
27.36,27.36,27.36,27.36,200,2022-04-19 13:48:00,XP
27.36,27.37,27.31,27.31,2000,2022-04-19 13:49:00,XP
27.34,27.34,27.3004,27.3004,422,2022-04-19 13:50:00,XP
27.33,27.37,27.33,27.37,1212,2022-04-19 13:51:00,XP
27.37,27.45,27.37,27.45,812,2022-04-19 13:52:00,XP
27.47,27.47,27.47,27.47,100,2022-04-19 13:53:00,XP
27.44,27.44,27.41,27.41,300,2022-04-19 13:54:00,XP
27.47,27.5,27.47,27.49,2390,2022-04-19 13:55:00,XP
27.5,27.6,27.5,27.57,4168,2022-04-19 13:56:00,XP
27.57,27.57,27.49,27.51,3425,2022-04-19 13:57:00,XP
27.48,27.51,27.44,27.51,6850,2022-04-19 13:58:00,XP
27.51,27.51,27.49,27.51,800,2022-04-19 13:59:00,XP
27.52,27.54,27.48,27.51,8808,2022-04-19 14:00:00,XP
27.54,27.58,27.54,27.55,5050,2022-04-19 14:01:00,XP
27.55,27.62,27.53,27.53,7324,2022-04-19 14:02:00,XP
27.56,27.565,27.49,27.5,3068,2022-04-19 14:03:00,XP
27.52,27.55,27.52,27.55,1231,2022-04-19 14:04:00,XP
27.55,27.55,27.52,27.52,2100,2022-04-19 14:05:00,XP
27.535,27.55,27.52,27.52,2120,2022-04-19 14:06:00,XP
27.53,27.6,27.53,27.5775,6671,2022-04-19 14:07:00,XP
27.59,27.605,27.58,27.58,2855,2022-04-19 14:08:00,XP
27.57,27.57,27.51,27.51,1000,2022-04-19 14:09:00,XP
27.51,27.53,27.49,27.52,5281,2022-04-19 14:10:00,XP
27.53,27.58,27.53,27.58,1173,2022-04-19 14:11:00,XP
27.57,27.57,27.56,27.56,400,2022-04-19 14:12:00,XP
27.53,27.55,27.5104,27.55,2300,2022-04-19 14:13:00,XP
27.55,27.58,27.55,27.565,3000,2022-04-19 14:14:00,XP
27.58,27.6,27.57,27.57,1800,2022-04-19 14:15:00,XP
27.56,27.64,27.55,27.64,8176,2022-04-19 14:16:00,XP
27.615,27.65,27.615,27.62,9972,2022-04-19 14:17:00,XP
27.63,27.68,27.63,27.645,2961,2022-04-19 14:18:00,XP
27.655,27.655,27.63,27.63,2450,2022-04-19 14:19:00,XP
27.645,27.65,27.59,27.6,7815,2022-04-19 14:20:00,XP
27.605,27.62,27.6,27.62,6477,2022-04-19 14:21:00,XP
27.61,27.61,27.59,27.6,6181,2022-04-19 14:22:00,XP
27.6,27.63,27.6,27.6,3245,2022-04-19 14:23:00,XP
27.6,27.6,27.57,27.575,988,2022-04-19 14:24:00,XP
27.575,27.62,27.575,27.58,31800,2022-04-19 14:25:00,XP
27.6,27.6,27.56,27.56,10552,2022-04-19 14:26:00,XP
27.55,27.58,27.54,27.545,8822,2022-04-19 14:27:00,XP
27.545,27.545,27.5,27.52,4299,2022-04-19 14:28:00,XP
27.515,27.515,27.47,27.4705,7540,2022-04-19 14:29:00,XP
27.48,27.48,27.38,27.415,10693,2022-04-19 14:30:00,XP
27.415,27.415,27.35,27.35,8035,2022-04-19 14:31:00,XP
27.34,27.345,27.18,27.31,60716,2022-04-19 14:32:00,XP
27.34,27.41,27.34,27.37,7139,2022-04-19 14:33:00,XP
27.385,27.43,27.385,27.43,1702,2022-04-19 14:34:00,XP
27.43,27.445,27.43,27.44,1158,2022-04-19 14:35:00,XP
27.44,27.49,27.43,27.49,9155,2022-04-19 14:36:00,XP
27.5,27.53,27.48,27.53,1800,2022-04-19 14:37:00,XP
27.55,27.55,27.52,27.53,1175,2022-04-19 14:38:00,XP
27.55,27.55,27.55,27.55,311,2022-04-19 14:39:00,XP
27.54,27.54,27.51,27.54,1450,2022-04-19 14:40:00,XP
27.5473,27.555,27.52,27.52,2300,2022-04-19 14:41:00,XP
27.53,27.55,27.53,27.55,1015,2022-04-19 14:42:00,XP
27.55,27.56,27.54,27.54,1905,2022-04-19 14:43:00,XP
27.52,27.52,27.5,27.5,600,2022-04-19 14:44:00,XP
27.52,27.55,27.512,27.55,6815,2022-04-19 14:45:00,XP
27.55,27.57,27.5,27.51,7450,2022-04-19 14:46:00,XP
27.5,27.5,27.5,27.5,1087,2022-04-19 14:48:00,XP
27.4987,27.51,27.49,27.51,700,2022-04-19 14:49:00,XP
27.5,27.52,27.48,27.52,4047,2022-04-19 14:50:00,XP
27.53,27.53,27.52,27.52,1100,2022-04-19 14:51:00,XP
27.53,27.55,27.53,27.53,3100,2022-04-19 14:52:00,XP
27.51,27.51,27.48,27.5,2900,2022-04-19 14:53:00,XP
27.49,27.49,27.47,27.47,1960,2022-04-19 14:54:00,XP
27.49,27.49,27.46,27.46,1302,2022-04-19 14:55:00,XP
27.48,27.5,27.47,27.5,1223,2022-04-19 14:56:00,XP
27.49,27.52,27.49,27.52,2546,2022-04-19 14:57:00,XP
27.52,27.52,27.52,27.52,548,2022-04-19 14:58:00,XP
27.53,27.55,27.53,27.54,1943,2022-04-19 14:59:00,XP
27.55,27.55,27.52,27.53,3108,2022-04-19 15:00:00,XP
27.525,27.525,27.47,27.49,3514,2022-04-19 15:01:00,XP
27.5,27.515,27.5,27.51,4090,2022-04-19 15:02:00,XP
27.51,27.54,27.51,27.54,2236,2022-04-19 15:03:00,XP
27.56,27.58,27.55,27.55,6548,2022-04-19 15:04:00,XP
27.57,27.58,27.54,27.57,9238,2022-04-19 15:05:00,XP
27.56,27.59,27.54,27.58,17030,2022-04-19 15:06:00,XP
27.59,27.66,27.575,27.66,15860,2022-04-19 15:07:00,XP
27.675,27.69,27.67,27.676,1570,2022-04-19 15:08:00,XP
27.68,27.68,27.675,27.675,737,2022-04-19 15:09:00,XP
27.675,27.71,27.675,27.71,2615,2022-04-19 15:10:00,XP
27.71,27.71,27.635,27.65,22739,2022-04-19 15:11:00,XP
27.65,27.65,27.63,27.64,2200,2022-04-19 15:12:00,XP
27.621,27.67,27.621,27.655,2799,2022-04-19 15:13:00,XP
27.655,27.68,27.64,27.68,8553,2022-04-19 15:14:00,XP
27.68,27.68,27.64,27.64,4450,2022-04-19 15:15:00,XP
27.65,27.68,27.62,27.64,27291,2022-04-19 15:16:00,XP
27.63,27.63,27.63,27.63,146,2022-04-19 15:17:00,XP
27.62,27.62,27.6,27.62,2220,2022-04-19 15:18:00,XP
27.63,27.63,27.63,27.63,500,2022-04-19 15:19:00,XP
27.65,27.65,27.64,27.64,1100,2022-04-19 15:20:00,XP
27.64,27.67,27.64,27.67,7990,2022-04-19 15:21:00,XP
27.68,27.68,27.675,27.68,2647,2022-04-19 15:22:00,XP
27.68,27.68,27.68,27.68,400,2022-04-19 15:23:00,XP
27.68,27.68,27.67,27.675,4831,2022-04-19 15:24:00,XP
27.68,27.69,27.67,27.68,40544,2022-04-19 15:25:00,XP
27.69,27.69,27.68,27.69,20374,2022-04-19 15:26:00,XP
27.69,27.69,27.62,27.63,38294,2022-04-19 15:27:00,XP
27.62,27.66,27.6,27.66,4278,2022-04-19 15:28:00,XP
27.66,27.72,27.66,27.706,6758,2022-04-19 15:29:00,XP
27.72,27.825,27.72,27.825,2671,2022-04-19 15:30:00,XP
27.85,27.85,27.83,27.84,2652,2022-04-19 15:31:00,XP
27.84,27.84,27.84,27.84,100,2022-04-19 15:32:00,XP
27.84,27.85,27.77,27.77,3607,2022-04-19 15:33:00,XP
27.765,27.765,27.76,27.76,600,2022-04-19 15:34:00,XP
27.77,27.78,27.76,27.78,1400,2022-04-19 15:35:00,XP
27.78,27.78,27.77,27.77,1325,2022-04-19 15:36:00,XP
27.76,27.78,27.75,27.78,1321,2022-04-19 15:37:00,XP
27.8,27.82,27.8,27.82,300,2022-04-19 15:38:00,XP
27.8,27.8,27.76,27.78,2914,2022-04-19 15:39:00,XP
27.79,27.79,27.76,27.76,1117,2022-04-19 15:40:00,XP
27.775,27.82,27.775,27.805,1929,2022-04-19 15:41:00,XP
27.8,27.81,27.79,27.81,2400,2022-04-19 15:42:00,XP
27.8,27.8,27.78,27.79,1159,2022-04-19 15:43:00,XP
27.79,27.8,27.79,27.8,2330,2022-04-19 15:44:00,XP
27.8,27.82,27.8,27.81,1112,2022-04-19 15:45:00,XP
27.815,27.83,27.815,27.825,3400,2022-04-19 15:46:00,XP
27.825,27.825,27.8,27.81,2400,2022-04-19 15:47:00,XP
27.81,27.84,27.81,27.83,1000,2022-04-19 15:48:00,XP
27.845,27.845,27.84,27.84,410,2022-04-19 15:49:00,XP
27.84,27.86,27.84,27.86,1600,2022-04-19 15:50:00,XP
27.86,27.86,27.8225,27.8225,2959,2022-04-19 15:51:00,XP
27.83,27.83,27.82,27.82,500,2022-04-19 15:52:00,XP
27.815,27.815,27.805,27.81,1123,2022-04-19 15:53:00,XP
27.81,27.82,27.81,27.82,3557,2022-04-19 15:54:00,XP
27.83,27.85,27.825,27.84,6736,2022-04-19 15:55:00,XP
27.84,27.91,27.84,27.895,5251,2022-04-19 15:56:00,XP
27.88,27.895,27.86,27.895,1650,2022-04-19 15:57:00,XP
27.88,27.88,27.88,27.88,660,2022-04-19 15:58:00,XP
27.885,27.885,27.85,27.85,2051,2022-04-19 15:59:00,XP
27.87,27.88,27.87,27.87,1221,2022-04-19 16:00:00,XP
27.86,27.86,27.815,27.82,1510,2022-04-19 16:01:00,XP
27.815,27.83,27.8,27.82,15437,2022-04-19 16:02:00,XP
27.81,27.82,27.8,27.8,3951,2022-04-19 16:03:00,XP
27.8,27.8,27.73,27.745,27656,2022-04-19 16:04:00,XP
27.76,27.78,27.7548,27.78,2527,2022-04-19 16:05:00,XP
27.79,27.8,27.79,27.8,360,2022-04-19 16:06:00,XP
27.78,27.78,27.775,27.775,300,2022-04-19 16:07:00,XP
27.79,27.82,27.79,27.82,1880,2022-04-19 16:08:00,XP
27.81,27.82,27.81,27.82,1061,2022-04-19 16:09:00,XP
27.83,27.88,27.83,27.88,1900,2022-04-19 16:10:00,XP
27.86,27.87,27.86,27.87,1000,2022-04-19 16:11:00,XP
27.88,27.88,27.87,27.88,340,2022-04-19 16:12:00,XP
27.89,27.89,27.88,27.88,660,2022-04-19 16:13:00,XP
27.88,27.88,27.85,27.85,828,2022-04-19 16:14:00,XP
27.86,27.86,27.84,27.84,1010,2022-04-19 16:15:00,XP
27.85,27.905,27.85,27.905,2230,2022-04-19 16:16:00,XP
27.91,27.91,27.85,27.87,14438,2022-04-19 16:17:00,XP
27.87,27.89,27.87,27.89,500,2022-04-19 16:18:00,XP
27.88,27.91,27.88,27.9,1044,2022-04-19 16:19:00,XP
27.9,27.9,27.9,27.9,100,2022-04-19 16:20:00,XP
27.9,27.91,27.88,27.88,1895,2022-04-19 16:21:00,XP
27.9,27.9,27.88,27.88,2374,2022-04-19 16:22:00,XP
27.91,27.92,27.91,27.91,3030,2022-04-19 16:23:00,XP
27.905,27.905,27.89,27.89,2779,2022-04-19 16:24:00,XP
27.9,27.9,27.88,27.89,2609,2022-04-19 16:25:00,XP
27.87,27.88,27.87,27.88,577,2022-04-19 16:26:00,XP
27.88,27.88,27.87,27.88,1524,2022-04-19 16:27:00,XP
27.875,27.88,27.85,27.86,8997,2022-04-19 16:28:00,XP
27.86,27.86,27.86,27.86,800,2022-04-19 16:29:00,XP
27.87,27.87,27.81,27.84,8132,2022-04-19 16:30:00,XP
27.825,27.85,27.825,27.85,1200,2022-04-19 16:31:00,XP
27.86,27.865,27.86,27.86,1500,2022-04-19 16:32:00,XP
27.87,27.88,27.87,27.88,1109,2022-04-19 16:33:00,XP
27.9,27.91,27.88,27.88,2000,2022-04-19 16:34:00,XP
27.89,27.925,27.88,27.925,4204,2022-04-19 16:35:00,XP
27.92,27.92,27.87,27.87,1740,2022-04-19 16:36:00,XP
27.875,27.875,27.83,27.85,500,2022-04-19 16:37:00,XP
27.83,27.83,27.81,27.81,604,2022-04-19 16:38:00,XP
27.82,27.83,27.79,27.79,2150,2022-04-19 16:39:00,XP
27.79,27.8294,27.79,27.825,1849,2022-04-19 16:40:00,XP
27.84,27.84,27.815,27.815,1200,2022-04-19 16:41:00,XP
27.83,27.86,27.82,27.85,4793,2022-04-19 16:42:00,XP
27.835,27.85,27.83,27.83,2740,2022-04-19 16:43:00,XP
27.85,27.86,27.85,27.85,1500,2022-04-19 16:44:00,XP
27.84,27.84,27.84,27.84,300,2022-04-19 16:45:00,XP
27.84,27.8655,27.83,27.8655,945,2022-04-19 16:46:00,XP
27.86,27.87,27.86,27.87,200,2022-04-19 16:47:00,XP
27.87,27.88,27.86,27.86,550,2022-04-19 16:48:00,XP
27.86,27.86,27.85,27.86,2008,2022-04-19 16:49:00,XP
27.86,27.865,27.85,27.86,1417,2022-04-19 16:50:00,XP
27.86,27.875,27.86,27.875,600,2022-04-19 16:51:00,XP
27.87,27.87,27.86,27.87,700,2022-04-19 16:52:00,XP
27.85,27.85,27.81,27.85,3944,2022-04-19 16:53:00,XP
27.85,27.85,27.83,27.83,2259,2022-04-19 16:54:00,XP
27.8202,27.84,27.82,27.84,920,2022-04-19 16:55:00,XP
27.82,27.82,27.79,27.79,2200,2022-04-19 16:56:00,XP
27.77,27.8,27.77,27.78,2375,2022-04-19 16:57:00,XP
27.79,27.79,27.78,27.79,700,2022-04-19 16:58:00,XP
27.79,27.83,27.78,27.83,5587,2022-04-19 16:59:00,XP
27.835,27.835,27.82,27.835,460,2022-04-19 17:00:00,XP
27.84,27.84,27.78,27.81,2003,2022-04-19 17:01:00,XP
27.79,27.81,27.79,27.81,700,2022-04-19 17:02:00,XP
27.81,27.835,27.81,27.835,870,2022-04-19 17:03:00,XP
27.835,27.84,27.82,27.84,2592,2022-04-19 17:04:00,XP
27.84,27.85,27.83,27.84,1300,2022-04-19 17:05:00,XP
27.84,27.85,27.84,27.845,860,2022-04-19 17:06:00,XP
27.84,27.84,27.77,27.79,2932,2022-04-19 17:07:00,XP
27.78,27.78,27.74,27.77,1600,2022-04-19 17:08:00,XP
27.77,27.79,27.76,27.76,1666,2022-04-19 17:09:00,XP
27.76,27.76,27.7106,27.7106,2258,2022-04-19 17:10:00,XP
27.72,27.73,27.7,27.71,4601,2022-04-19 17:11:00,XP
27.716,27.72,27.7,27.71,3285,2022-04-19 17:12:00,XP
27.7,27.7,27.67,27.68,1400,2022-04-19 17:13:00,XP
27.68,27.71,27.67,27.71,3164,2022-04-19 17:14:00,XP
27.7,27.71,27.7,27.71,1403,2022-04-19 17:15:00,XP
27.7,27.71,27.7,27.71,3200,2022-04-19 17:16:00,XP
27.72,27.72,27.69,27.7,3050,2022-04-19 17:17:00,XP
27.71,27.71,27.68,27.685,2410,2022-04-19 17:18:00,XP
27.68,27.68,27.68,27.68,300,2022-04-19 17:19:00,XP
27.67,27.67,27.64,27.665,4100,2022-04-19 17:20:00,XP
27.67,27.69,27.67,27.69,3001,2022-04-19 17:21:00,XP
27.69,27.7,27.66,27.66,2135,2022-04-19 17:22:00,XP
27.66,27.68,27.65,27.65,2399,2022-04-19 17:23:00,XP
27.65,27.65,27.64,27.65,1239,2022-04-19 17:24:00,XP
27.64,27.64,27.61,27.61,1621,2022-04-19 17:25:00,XP
27.625,27.67,27.625,27.64,27118,2022-04-19 17:26:00,XP
27.63,27.66,27.63,27.65,3990,2022-04-19 17:27:00,XP
27.6381,27.65,27.63,27.64,1659,2022-04-19 17:28:00,XP
27.64,27.64,27.62,27.63,1900,2022-04-19 17:29:00,XP
27.63,27.67,27.62,27.67,4668,2022-04-19 17:30:00,XP
27.6641,27.67,27.66,27.67,2156,2022-04-19 17:31:00,XP
27.68,27.7,27.68,27.68,2695,2022-04-19 17:32:00,XP
27.69,27.7,27.69,27.7,1000,2022-04-19 17:33:00,XP
27.71,27.725,27.705,27.725,4044,2022-04-19 17:34:00,XP
27.73,27.73,27.71,27.71,1534,2022-04-19 17:35:00,XP
27.715,27.73,27.715,27.72,1500,2022-04-19 17:36:00,XP
27.71,27.71,27.7,27.7,1100,2022-04-19 17:37:00,XP
27.7,27.705,27.69,27.69,2025,2022-04-19 17:38:00,XP
27.71,27.73,27.7004,27.73,3243,2022-04-19 17:39:00,XP
27.73,27.75,27.715,27.75,3700,2022-04-19 17:40:00,XP
27.73,27.74,27.72,27.73,1644,2022-04-19 17:41:00,XP
27.75,27.77,27.7306,27.77,962,2022-04-19 17:42:00,XP
27.77,27.83,27.76,27.82,87972,2022-04-19 17:43:00,XP
27.82,27.89,27.81,27.89,9278,2022-04-19 17:44:00,XP
27.88,27.9,27.87,27.89,10904,2022-04-19 17:45:00,XP
27.87,27.92,27.87,27.92,6401,2022-04-19 17:46:00,XP
27.92,27.92,27.84,27.85,4374,2022-04-19 17:47:00,XP
27.87,27.9,27.87,27.9,1314,2022-04-19 17:48:00,XP
27.9,27.94,27.9,27.9,7371,2022-04-19 17:49:00,XP
27.91,27.92,27.9,27.91,1424,2022-04-19 17:50:00,XP
27.91,27.91,27.9,27.91,960,2022-04-19 17:51:00,XP
27.905,27.92,27.89,27.89,4273,2022-04-19 17:52:00,XP
27.9,27.9,27.89,27.895,2145,2022-04-19 17:53:00,XP
27.9,27.91,27.89,27.89,4700,2022-04-19 17:54:00,XP
27.9,27.9,27.87,27.875,1486,2022-04-19 17:55:00,XP
27.88,27.88,27.88,27.88,100,2022-04-19 17:56:00,XP
27.88,27.88,27.85,27.85,6100,2022-04-19 17:57:00,XP
27.86,27.86,27.84,27.84,6000,2022-04-19 17:58:00,XP
27.87,27.87,27.84,27.85,6200,2022-04-19 17:59:00,XP
27.85,27.88,27.85,27.85,101200,2022-04-19 18:00:00,XP
27.88,27.89,27.88,27.89,2674,2022-04-19 18:01:00,XP
27.87,27.87,27.85,27.87,1484,2022-04-19 18:02:00,XP
27.88,27.88,27.88,27.88,100,2022-04-19 18:03:00,XP
27.87,27.87,27.845,27.845,2007,2022-04-19 18:04:00,XP
27.85,27.85,27.83,27.85,2068,2022-04-19 18:05:00,XP
27.85,27.867,27.83,27.85,72550,2022-04-19 18:06:00,XP
27.87,27.9,27.85,27.9,3825,2022-04-19 18:07:00,XP
27.895,27.91,27.895,27.91,977,2022-04-19 18:08:00,XP
27.925,27.95,27.9,27.95,21320,2022-04-19 18:09:00,XP
27.95,27.97,27.94,27.94,5658,2022-04-19 18:10:00,XP
27.95,27.95,27.915,27.92,7414,2022-04-19 18:11:00,XP
27.91,27.93,27.91,27.92,2600,2022-04-19 18:12:00,XP
27.92,27.94,27.92,27.92,1382,2022-04-19 18:13:00,XP
27.94,27.98,27.93,27.96,1700,2022-04-19 18:14:00,XP
27.97,27.97,27.94,27.96,2400,2022-04-19 18:15:00,XP
27.965,28.0,27.96,27.98,2801,2022-04-19 18:16:00,XP
27.99,28.0,27.94,27.97,105740,2022-04-19 18:17:00,XP
27.97,27.99,27.96,27.98,4885,2022-04-19 18:18:00,XP
27.965,27.99,27.96,27.99,4248,2022-04-19 18:19:00,XP
27.99,27.995,27.97,27.995,2678,2022-04-19 18:20:00,XP
28.0,28.042,28.0,28.042,3618,2022-04-19 18:21:00,XP
28.05,28.07,28.05,28.07,1501,2022-04-19 18:22:00,XP
28.04,28.04,27.98,27.98,2316,2022-04-19 18:23:00,XP
27.99,28.03,27.99,28.03,2199,2022-04-19 18:24:00,XP
28.03,28.05,28.01,28.01,1400,2022-04-19 18:25:00,XP
28.0,28.01,28.0,28.0,1800,2022-04-19 18:26:00,XP
28.01,28.03,28.01,28.02,500,2022-04-19 18:27:00,XP
28.01,28.04,28.01,28.02,1252,2022-04-19 18:28:00,XP
28.03,28.04,28.01,28.04,4816,2022-04-19 18:29:00,XP
28.03,28.06,28.03,28.04,2595,2022-04-19 18:30:00,XP
28.055,28.055,28.02,28.02,500,2022-04-19 18:31:00,XP
28.02,28.04,28.02,28.04,3000,2022-04-19 18:32:00,XP
28.03,28.05,28.02,28.05,1600,2022-04-19 18:33:00,XP
28.06,28.06,28.06,28.06,200,2022-04-19 18:34:00,XP
28.04,28.06,28.04,28.06,2402,2022-04-19 18:35:00,XP
28.055,28.07,28.04,28.06,800,2022-04-19 18:36:00,XP
28.06,28.06,28.03,28.04,1800,2022-04-19 18:37:00,XP
28.03,28.07,28.03,28.06,2474,2022-04-19 18:38:00,XP
28.07,28.12,28.07,28.12,700,2022-04-19 18:39:00,XP
28.12,28.12,28.1,28.1,2500,2022-04-19 18:40:00,XP
28.11,28.11,28.06,28.095,3800,2022-04-19 18:41:00,XP
28.1,28.12,28.1,28.1,4298,2022-04-19 18:42:00,XP
28.12,28.14,28.09,28.11,29315,2022-04-19 18:43:00,XP
28.11,28.13,28.11,28.12,800,2022-04-19 18:44:00,XP
28.13,28.13,28.11,28.11,200,2022-04-19 18:45:00,XP
28.115,28.115,28.09,28.1,13032,2022-04-19 18:46:00,XP
28.09,28.13,28.09,28.13,1715,2022-04-19 18:47:00,XP
28.13,28.13,28.1,28.1,1513,2022-04-19 18:48:00,XP
28.1,28.1,28.095,28.1,1900,2022-04-19 18:49:00,XP
28.1,28.115,28.095,28.1,4909,2022-04-19 18:50:00,XP
28.12,28.13,28.1,28.12,1900,2022-04-19 18:51:00,XP
28.11,28.11,28.095,28.095,2757,2022-04-19 18:52:00,XP
28.11,28.11,28.095,28.1,1200,2022-04-19 18:53:00,XP
28.11,28.12,28.11,28.12,200,2022-04-19 18:54:00,XP
28.11,28.11,28.1,28.11,2185,2022-04-19 18:55:00,XP
28.12,28.12,28.11,28.12,300,2022-04-19 18:56:00,XP
28.12,28.125,28.1,28.11,2805,2022-04-19 18:57:00,XP
28.1,28.105,28.095,28.095,1008,2022-04-19 18:58:00,XP
28.11,28.11,28.1,28.11,1442,2022-04-19 18:59:00,XP
28.12,28.12,28.1,28.1,1590,2022-04-19 19:00:00,XP
28.09,28.12,28.09,28.12,5561,2022-04-19 19:01:00,XP
28.12,28.125,28.09,28.1,1946,2022-04-19 19:02:00,XP
28.11,28.11,28.095,28.11,13119,2022-04-19 19:03:00,XP
28.1,28.11,28.09,28.1,7800,2022-04-19 19:04:00,XP
28.1,28.11,28.095,28.1,2557,2022-04-19 19:05:00,XP
28.1,28.11,28.08,28.1,3125,2022-04-19 19:06:00,XP
28.11,28.11,28.1,28.1,394,2022-04-19 19:07:00,XP
28.11,28.135,28.105,28.125,1800,2022-04-19 19:08:00,XP
28.13,28.13,28.13,28.13,710,2022-04-19 19:09:00,XP
28.12,28.12,28.12,28.12,400,2022-04-19 19:10:00,XP
28.13,28.15,28.12,28.15,1500,2022-04-19 19:11:00,XP
28.14,28.15,28.14,28.15,4049,2022-04-19 19:12:00,XP
28.16,28.21,28.16,28.21,3838,2022-04-19 19:13:00,XP
28.205,28.25,28.2,28.21,10779,2022-04-19 19:14:00,XP
28.202,28.25,28.202,28.235,4649,2022-04-19 19:15:00,XP
28.24,28.25,28.22,28.24,3398,2022-04-19 19:16:00,XP
28.25,28.25,28.245,28.25,1592,2022-04-19 19:17:00,XP
28.245,28.26,28.225,28.255,7767,2022-04-19 19:18:00,XP
28.255,28.26,28.235,28.26,3642,2022-04-19 19:19:00,XP
28.26,28.27,28.225,28.225,10193,2022-04-19 19:20:00,XP
28.23,28.24,28.23,28.24,4622,2022-04-19 19:21:00,XP
28.235,28.27,28.235,28.25,4347,2022-04-19 19:22:00,XP
28.26,28.265,28.255,28.265,1694,2022-04-19 19:23:00,XP
28.26,28.28,28.245,28.28,3644,2022-04-19 19:24:00,XP
28.28,28.3,28.275,28.28,4400,2022-04-19 19:25:00,XP
28.275,28.275,28.235,28.25,6414,2022-04-19 19:26:00,XP
28.26,28.26,28.2,28.2,1701,2022-04-19 19:27:00,XP
28.205,28.22,28.18,28.19,4766,2022-04-19 19:28:00,XP
28.2,28.21,28.181,28.19,3442,2022-04-19 19:29:00,XP
28.2,28.21,28.19,28.1929,2099,2022-04-19 19:30:00,XP
28.195,28.2,28.17,28.17,1250,2022-04-19 19:31:00,XP
28.17,28.17,28.15,28.17,2679,2022-04-19 19:32:00,XP
28.16,28.18,28.16,28.18,1506,2022-04-19 19:33:00,XP
28.17,28.19,28.16,28.18,5040,2022-04-19 19:34:00,XP
28.165,28.18,28.16,28.17,3200,2022-04-19 19:35:00,XP
28.1617,28.17,28.155,28.165,2550,2022-04-19 19:36:00,XP
28.17,28.17,28.12,28.15,3440,2022-04-19 19:37:00,XP
28.16,28.18,28.16,28.18,2705,2022-04-19 19:38:00,XP
28.18,28.19,28.16,28.17,2876,2022-04-19 19:39:00,XP
28.16,28.16,28.11,28.12,7014,2022-04-19 19:40:00,XP
28.12,28.15,28.12,28.135,5794,2022-04-19 19:41:00,XP
28.1314,28.15,28.11,28.15,18361,2022-04-19 19:42:00,XP
28.14,28.14,28.105,28.11,3329,2022-04-19 19:43:00,XP
28.12,28.14,28.115,28.13,3222,2022-04-19 19:44:00,XP
28.13,28.13,28.09,28.1,3340,2022-04-19 19:45:00,XP
28.1,28.12,28.1,28.12,7283,2022-04-19 19:46:00,XP
28.11,28.11,28.09,28.11,11345,2022-04-19 19:47:00,XP
28.11,28.14,28.11,28.135,6439,2022-04-19 19:48:00,XP
28.14,28.15,28.112,28.13,3770,2022-04-19 19:49:00,XP
28.14,28.21,28.13,28.19,6814,2022-04-19 19:50:00,XP
28.16,28.19,28.16,28.185,5061,2022-04-19 19:51:00,XP
28.19,28.19,28.16,28.165,7421,2022-04-19 19:52:00,XP
28.16,28.16,28.12,28.14,7694,2022-04-19 19:53:00,XP
28.14,28.145,28.09,28.1,8471,2022-04-19 19:54:00,XP
28.09,28.12,28.08,28.1,16949,2022-04-19 19:55:00,XP
28.105,28.125,28.085,28.12,16280,2022-04-19 19:56:00,XP
28.13,28.135,28.1,28.13,18041,2022-04-19 19:57:00,XP
28.135,28.16,28.13,28.14,17624,2022-04-19 19:58:00,XP
28.14,28.16,28.13,28.13,23392,2022-04-19 19:59:00,XP
28.15,28.15,28.15,28.15,114861,2022-04-19 20:00:00,XP
28.15,28.15,28.15,28.15,637467,2022-04-19 20:29:00,XP
27.43,27.43,27.43,27.43,113,2022-04-19 21:20:00,XP
28.35,28.35,28.35,28.35,100,2022-04-20 13:27:00,XP
28.34,28.34,28.095,28.095,24647,2022-04-20 13:30:00,XP
28.14,28.19,28.12,28.15,6125,2022-04-20 13:31:00,XP
28.125,28.13,27.975,28.06,7101,2022-04-20 13:32:00,XP
28.02,28.06,27.98,28.06,4612,2022-04-20 13:33:00,XP
28.03,28.03,27.94,27.96,2030,2022-04-20 13:34:00,XP
28.0,28.06,27.98,27.98,2200,2022-04-20 13:35:00,XP
27.97,28.02,27.9,28.02,9920,2022-04-20 13:36:00,XP
27.98,28.03,27.97,28.03,6149,2022-04-20 13:37:00,XP
28.05,28.085,28.04,28.075,3300,2022-04-20 13:38:00,XP
28.06,28.08,28.0,28.08,4477,2022-04-20 13:39:00,XP
28.04,28.05,27.99,28.0,5377,2022-04-20 13:40:00,XP
28.04,28.04,28.02,28.025,3077,2022-04-20 13:41:00,XP
28.03,28.03,27.88,27.88,13908,2022-04-20 13:42:00,XP
27.88,27.89,27.85,27.87,7496,2022-04-20 13:43:00,XP
27.84,27.86,27.81,27.82,3806,2022-04-20 13:44:00,XP
27.87,27.9,27.81,27.82,1600,2022-04-20 13:45:00,XP
27.82,27.865,27.82,27.85,6475,2022-04-20 13:46:00,XP
27.85,27.91,27.85,27.91,960,2022-04-20 13:47:00,XP
27.8776,27.91,27.87,27.91,1583,2022-04-20 13:48:00,XP
27.94,28.0,27.94,28.0,300,2022-04-20 13:49:00,XP
28.03,28.03,28.005,28.005,1200,2022-04-20 13:50:00,XP
28.01,28.01,27.95,27.95,1702,2022-04-20 13:51:00,XP
27.975,27.985,27.92,27.92,8212,2022-04-20 13:52:00,XP
27.969,27.969,27.83,27.85,6100,2022-04-20 13:53:00,XP
27.82,27.87,27.82,27.87,1376,2022-04-20 13:54:00,XP
27.845,27.91,27.8375,27.91,5117,2022-04-20 13:55:00,XP
27.96,27.97,27.92,27.93,2300,2022-04-20 13:56:00,XP
27.91,27.91,27.86,27.86,2576,2022-04-20 13:57:00,XP
27.865,27.865,27.83,27.85,1000,2022-04-20 13:58:00,XP
27.82,27.83,27.78,27.83,2967,2022-04-20 13:59:00,XP
27.8,27.87,27.795,27.87,1501,2022-04-20 14:00:00,XP
27.85,27.85,27.8,27.8,5141,2022-04-20 14:01:00,XP
27.81,27.885,27.79,27.87,4322,2022-04-20 14:02:00,XP
27.87,27.875,27.79,27.819,6963,2022-04-20 14:03:00,XP
27.82,27.82,27.8,27.82,700,2022-04-20 14:04:00,XP
27.81,27.82,27.76,27.78,2300,2022-04-20 14:05:00,XP
27.765,27.78,27.73,27.73,1200,2022-04-20 14:06:00,XP
27.71,27.72,27.66,27.66,1858,2022-04-20 14:07:00,XP
27.67,27.72,27.64,27.72,2530,2022-04-20 14:08:00,XP
27.74,27.74,27.74,27.74,500,2022-04-20 14:09:00,XP
27.77,27.8,27.77,27.8,3988,2022-04-20 14:10:00,XP
27.82,27.87,27.8,27.87,1000,2022-04-20 14:11:00,XP
27.84,27.895,27.84,27.885,1291,2022-04-20 14:12:00,XP
27.91,27.935,27.91,27.925,400,2022-04-20 14:13:00,XP
27.93,27.94,27.89,27.94,2093,2022-04-20 14:14:00,XP
27.98,27.98,27.87,27.92,3027,2022-04-20 14:15:00,XP
27.87,27.88,27.85,27.875,1010,2022-04-20 14:16:00,XP
27.92,27.99,27.91,27.97,1900,2022-04-20 14:17:00,XP
27.97,27.98,27.91,27.93,1500,2022-04-20 14:18:00,XP
27.89,27.89,27.875,27.89,1680,2022-04-20 14:19:00,XP
27.8725,27.94,27.8725,27.925,1910,2022-04-20 14:20:00,XP
27.94,27.97,27.94,27.97,333,2022-04-20 14:21:00,XP
27.96,27.97,27.94,27.95,1900,2022-04-20 14:22:00,XP
27.93,27.93,27.88,27.91,1930,2022-04-20 14:23:00,XP
27.81,27.83,27.78,27.78,900,2022-04-20 14:24:00,XP
27.77,27.81,27.77,27.81,1222,2022-04-20 14:25:00,XP
27.79,27.885,27.79,27.885,1500,2022-04-20 14:26:00,XP
27.9,27.915,27.845,27.845,2992,2022-04-20 14:27:00,XP
27.87,27.97,27.82,27.92,7734,2022-04-20 14:28:00,XP
27.94,27.96,27.93,27.96,935,2022-04-20 14:29:00,XP
27.96,28.0,27.91,27.925,5560,2022-04-20 14:30:00,XP
27.94,27.98,27.94,27.98,8594,2022-04-20 14:31:00,XP
27.97,28.02,27.95,27.95,4090,2022-04-20 14:32:00,XP
27.95,28.03,27.95,28.025,3100,2022-04-20 14:33:00,XP
28.04,28.05,28.04,28.05,500,2022-04-20 14:34:00,XP
28.06,28.16,28.06,28.09,2896,2022-04-20 14:35:00,XP
28.06,28.06,28.06,28.06,100,2022-04-20 14:36:00,XP
28.08,28.15,28.08,28.13,3250,2022-04-20 14:37:00,XP
28.12,28.15,28.09,28.12,2400,2022-04-20 14:38:00,XP
28.12,28.12,28.12,28.12,100,2022-04-20 14:39:00,XP
28.12,28.16,28.12,28.15,900,2022-04-20 14:40:00,XP
28.16,28.18,28.16,28.18,584,2022-04-20 14:41:00,XP
28.18,28.2,28.16,28.16,1600,2022-04-20 14:42:00,XP
28.17,28.18,28.15,28.18,1122,2022-04-20 14:43:00,XP
28.15,28.17,28.15,28.17,230,2022-04-20 14:44:00,XP
28.17,28.19,28.15,28.15,2200,2022-04-20 14:46:00,XP
28.15,28.16,28.13,28.13,550,2022-04-20 14:47:00,XP
28.115,28.14,28.115,28.134,928,2022-04-20 14:48:00,XP
28.15,28.16,28.1,28.11,5265,2022-04-20 14:49:00,XP
28.1,28.11,28.08,28.1,1718,2022-04-20 14:50:00,XP
28.13,28.135,28.13,28.135,1000,2022-04-20 14:51:00,XP
28.14,28.16,28.14,28.16,1100,2022-04-20 14:52:00,XP
28.12,28.14,28.12,28.14,1699,2022-04-20 14:53:00,XP
28.15,28.185,28.14,28.185,2876,2022-04-20 14:54:00,XP
28.19,28.23,28.19,28.23,1027,2022-04-20 14:55:00,XP
28.215,28.24,28.14,28.14,1887,2022-04-20 14:56:00,XP
28.11,28.145,28.11,28.13,1593,2022-04-20 14:57:00,XP
28.13,28.15,28.13,28.14,701,2022-04-20 14:58:00,XP
28.18,28.21,28.17,28.17,1300,2022-04-20 14:59:00,XP
28.16,28.17,28.1,28.1,1388,2022-04-20 15:00:00,XP
28.09,28.1,28.08,28.09,2624,2022-04-20 15:01:00,XP
28.1,28.11,28.1,28.1,1100,2022-04-20 15:02:00,XP
28.11,28.155,28.11,28.15,766,2022-04-20 15:03:00,XP
28.13,28.16,28.11,28.11,2014,2022-04-20 15:04:00,XP
28.13,28.13,28.11,28.12,1995,2022-04-20 15:05:00,XP
28.125,28.125,28.125,28.125,100,2022-04-20 15:06:00,XP
28.13,28.13,28.1,28.105,10543,2022-04-20 15:07:00,XP
28.11,28.11,28.07,28.07,3198,2022-04-20 15:08:00,XP
28.06,28.08,28.06,28.06,500,2022-04-20 15:09:00,XP
28.05,28.07,28.05,28.07,400,2022-04-20 15:10:00,XP
28.04,28.04,28.03,28.03,800,2022-04-20 15:11:00,XP
28.02,28.04,28.0,28.0,930,2022-04-20 15:12:00,XP
27.98,28.01,27.96,27.96,2201,2022-04-20 15:13:00,XP
27.96,27.96,27.93,27.93,1798,2022-04-20 15:14:00,XP
27.91,27.92,27.89,27.895,2110,2022-04-20 15:15:00,XP
27.8958,27.8958,27.8958,27.8958,750,2022-04-20 15:16:00,XP
27.9,27.94,27.9,27.94,3436,2022-04-20 15:17:00,XP
27.91,27.91,27.87,27.87,3304,2022-04-20 15:18:00,XP
27.87,27.87,27.87,27.87,1500,2022-04-20 15:19:00,XP
27.87,27.88,27.84,27.84,1250,2022-04-20 15:20:00,XP
27.86,27.88,27.86,27.88,1100,2022-04-20 15:21:00,XP
27.9,27.92,27.88,27.88,2100,2022-04-20 15:22:00,XP
27.89,27.89,27.8275,27.8275,1702,2022-04-20 15:23:00,XP
27.85,27.87,27.85,27.87,1112,2022-04-20 15:24:00,XP
27.8799,27.93,27.8799,27.885,4912,2022-04-20 15:26:00,XP
27.88,27.885,27.86,27.86,2200,2022-04-20 15:27:00,XP
27.87,27.95,27.87,27.945,3269,2022-04-20 15:28:00,XP
27.945,27.945,27.93,27.93,5092,2022-04-20 15:29:00,XP
27.95,28.0,27.95,28.0,2034,2022-04-20 15:30:00,XP
28.01,28.06,28.01,28.06,800,2022-04-20 15:31:00,XP
28.05,28.12,28.04,28.12,8225,2022-04-20 15:32:00,XP
28.12,28.15,28.1,28.1,7435,2022-04-20 15:33:00,XP
28.08,28.1,28.05,28.075,13012,2022-04-20 15:34:00,XP
28.075,28.09,28.075,28.09,1664,2022-04-20 15:35:00,XP
28.1,28.11,28.09,28.11,4135,2022-04-20 15:36:00,XP
28.12,28.13,28.09,28.1,5441,2022-04-20 15:37:00,XP
28.1,28.11,28.1,28.11,690,2022-04-20 15:38:00,XP
28.1,28.12,28.095,28.105,5796,2022-04-20 15:39:00,XP
28.1,28.11,28.09,28.1,1200,2022-04-20 15:40:00,XP
28.09,28.09,28.09,28.09,100,2022-04-20 15:41:00,XP
28.1,28.14,28.1,28.11,3366,2022-04-20 15:42:00,XP
28.11,28.12,28.09,28.09,2984,2022-04-20 15:43:00,XP
28.11,28.12,28.09,28.11,6858,2022-04-20 15:45:00,XP
28.1,28.12,28.075,28.075,3500,2022-04-20 15:46:00,XP
28.07,28.08,28.07,28.07,1600,2022-04-20 15:47:00,XP
28.06,28.08,28.02,28.025,1400,2022-04-20 15:48:00,XP
28.03,28.04,27.97,27.97,3389,2022-04-20 15:49:00,XP
27.95,27.96,27.92,27.93,1453,2022-04-20 15:50:00,XP
27.915,27.915,27.915,27.915,526,2022-04-20 15:51:00,XP
27.915,27.915,27.915,27.915,100,2022-04-20 15:52:00,XP
27.9,27.935,27.89,27.93,4533,2022-04-20 15:53:00,XP
27.94,27.95,27.94,27.95,1572,2022-04-20 15:54:00,XP
27.945,27.96,27.945,27.955,2326,2022-04-20 15:55:00,XP
27.96,27.985,27.96,27.985,1640,2022-04-20 15:56:00,XP
27.985,28.0,27.985,28.0,600,2022-04-20 15:57:00,XP
27.98,28.02,27.98,27.98,9846,2022-04-20 15:58:00,XP
27.98,28.005,27.98,28.005,4150,2022-04-20 15:59:00,XP
28.02,28.03,28.01,28.02,2020,2022-04-20 16:00:00,XP
28.02,28.04,28.02,28.04,917,2022-04-20 16:01:00,XP
28.01,28.01,28.0,28.01,1465,2022-04-20 16:02:00,XP
28.015,28.04,28.01,28.04,1169,2022-04-20 16:03:00,XP
28.025,28.04,28.01,28.025,600,2022-04-20 16:04:00,XP
28.04,28.06,28.025,28.06,1869,2022-04-20 16:05:00,XP
28.09,28.09,28.04,28.04,2369,2022-04-20 16:06:00,XP
28.04,28.04,28.02,28.02,550,2022-04-20 16:07:00,XP
28.01,28.0299,27.985,27.985,2153,2022-04-20 16:08:00,XP
27.99,27.99,27.98,27.99,1364,2022-04-20 16:09:00,XP
27.97,27.99,27.96,27.96,5022,2022-04-20 16:10:00,XP
27.96,27.96,27.95,27.95,245,2022-04-20 16:11:00,XP
27.95,27.96,27.92,27.93,3900,2022-04-20 16:12:00,XP
27.92,27.94,27.88,27.91,3012,2022-04-20 16:13:00,XP
27.92,27.93,27.91,27.91,1100,2022-04-20 16:14:00,XP
27.92,27.93,27.92,27.93,908,2022-04-20 16:15:00,XP
27.93,27.95,27.91,27.93,5950,2022-04-20 16:16:00,XP
27.92,27.93,27.92,27.93,400,2022-04-20 16:17:00,XP
27.93,27.95,27.93,27.93,2600,2022-04-20 16:18:00,XP
27.93,27.94,27.92,27.92,1700,2022-04-20 16:19:00,XP
27.91,27.92,27.91,27.92,200,2022-04-20 16:20:00,XP
27.91,27.93,27.84,27.84,3010,2022-04-20 16:21:00,XP
27.85,27.88,27.85,27.88,1000,2022-04-20 16:22:00,XP
27.8728,27.89,27.87,27.88,1280,2022-04-20 16:24:00,XP
27.92,27.92,27.9,27.91,727,2022-04-20 16:25:00,XP
27.91,27.91,27.91,27.91,100,2022-04-20 16:26:00,XP
27.9,27.91,27.9,27.91,300,2022-04-20 16:27:00,XP
27.89,27.92,27.885,27.915,2823,2022-04-20 16:28:00,XP
27.9,27.9,27.9,27.9,100,2022-04-20 16:29:00,XP
27.91,27.92,27.89,27.91,2828,2022-04-20 16:30:00,XP
27.91,27.92,27.91,27.915,600,2022-04-20 16:31:00,XP
27.91,27.93,27.91,27.93,500,2022-04-20 16:32:00,XP
27.94,27.94,27.91,27.915,5250,2022-04-20 16:33:00,XP
27.92,27.94,27.92,27.93,3806,2022-04-20 16:34:00,XP
27.93,27.93,27.92,27.92,300,2022-04-20 16:35:00,XP
27.93,27.94,27.93,27.94,911,2022-04-20 16:36:00,XP
27.94,27.96,27.94,27.96,811,2022-04-20 16:37:00,XP
27.97,28.01,27.97,28.0,700,2022-04-20 16:38:00,XP
27.98,28.0,27.97,27.975,2200,2022-04-20 16:39:00,XP
27.97,28.0,27.97,28.0,500,2022-04-20 16:40:00,XP
27.98,27.98,27.97,27.9771,1100,2022-04-20 16:41:00,XP
27.96,27.98,27.93,27.94,3145,2022-04-20 16:42:00,XP
27.95,28.02,27.94,28.0,8850,2022-04-20 16:43:00,XP
27.985,28.0,27.9775,28.0,3074,2022-04-20 16:44:00,XP
28.03,28.06,28.03,28.06,1300,2022-04-20 16:45:00,XP
28.06,28.06,28.03,28.03,1044,2022-04-20 16:46:00,XP
28.03,28.03,28.0,28.0,1401,2022-04-20 16:47:00,XP
28.0,28.01,28.0,28.01,905,2022-04-20 16:48:00,XP
28.01,28.01,28.01,28.01,200,2022-04-20 16:49:00,XP
28.02,28.04,28.02,28.04,2069,2022-04-20 16:50:00,XP
28.03,28.03,28.03,28.03,670,2022-04-20 16:51:00,XP
28.04,28.07,28.04,28.07,1000,2022-04-20 16:52:00,XP
28.06,28.07,28.05,28.06,1450,2022-04-20 16:53:00,XP
28.05,28.07,28.05,28.07,512,2022-04-20 16:54:00,XP
28.05,28.06,28.05,28.06,995,2022-04-20 16:55:00,XP
28.07,28.07,28.07,28.07,500,2022-04-20 16:56:00,XP
28.06,28.08,28.06,28.06,300,2022-04-20 16:57:00,XP
28.06,28.07,28.055,28.065,2507,2022-04-20 16:58:00,XP
28.065,28.1,28.065,28.1,1867,2022-04-20 16:59:00,XP
28.11,28.15,28.1,28.145,1200,2022-04-20 17:00:00,XP
28.15,28.16,28.14,28.16,1100,2022-04-20 17:01:00,XP
28.12,28.13,28.1,28.105,2100,2022-04-20 17:02:00,XP
28.1,28.14,28.09,28.12,3057,2022-04-20 17:03:00,XP
28.135,28.14,28.135,28.14,300,2022-04-20 17:04:00,XP
28.13,28.13,28.13,28.13,100,2022-04-20 17:05:00,XP
28.13,28.14,28.09,28.1,2365,2022-04-20 17:06:00,XP
28.1,28.1,28.1,28.1,100,2022-04-20 17:07:00,XP
28.09,28.11,28.05,28.05,3180,2022-04-20 17:08:00,XP
28.06,28.075,28.06,28.075,1604,2022-04-20 17:09:00,XP
28.07,28.0825,28.07,28.0825,759,2022-04-20 17:10:00,XP
28.09,28.09,28.09,28.09,500,2022-04-20 17:11:00,XP
28.1,28.14,28.1,28.13,3757,2022-04-20 17:12:00,XP
28.14,28.17,28.14,28.145,2250,2022-04-20 17:13:00,XP
28.15,28.15,28.15,28.15,600,2022-04-20 17:14:00,XP
28.15,28.17,28.15,28.17,2534,2022-04-20 17:15:00,XP
28.17,28.17,28.17,28.17,100,2022-04-20 17:16:00,XP
28.16,28.16,28.125,28.125,2078,2022-04-20 17:17:00,XP
28.12,28.13,28.1,28.1,700,2022-04-20 17:18:00,XP
28.07,28.08,28.07,28.08,200,2022-04-20 17:20:00,XP
28.09,28.14,28.09,28.13,5272,2022-04-20 17:21:00,XP
28.14,28.15,28.14,28.14,700,2022-04-20 17:22:00,XP
28.17,28.17,28.16,28.16,200,2022-04-20 17:23:00,XP
28.16,28.17,28.14,28.14,4684,2022-04-20 17:25:00,XP
28.15,28.15,28.135,28.14,1200,2022-04-20 17:26:00,XP
28.14,28.17,28.14,28.15,3913,2022-04-20 17:27:00,XP
28.15,28.16,28.15,28.16,923,2022-04-20 17:28:00,XP
28.16,28.18,28.145,28.15,13463,2022-04-20 17:29:00,XP
28.16,28.17,28.14,28.16,2363,2022-04-20 17:30:00,XP
28.15,28.16,28.15,28.16,500,2022-04-20 17:31:00,XP
28.15,28.16,28.1465,28.16,1040,2022-04-20 17:32:00,XP
28.16,28.16,28.14,28.15,6645,2022-04-20 17:33:00,XP
28.15,28.15,28.11,28.14,6675,2022-04-20 17:34:00,XP
28.14,28.16,28.14,28.16,6857,2022-04-20 17:35:00,XP
28.16,28.16,28.155,28.16,2323,2022-04-20 17:36:00,XP
28.17,28.18,28.16,28.1719,3055,2022-04-20 17:37:00,XP
28.18,28.19,28.18,28.19,400,2022-04-20 17:38:00,XP
28.17,28.19,28.165,28.165,600,2022-04-20 17:39:00,XP
28.18,28.18,28.18,28.18,100,2022-04-20 17:40:00,XP
28.17,28.18,28.16,28.16,2607,2022-04-20 17:41:00,XP
28.16,28.16,28.16,28.16,100,2022-04-20 17:42:00,XP
28.17,28.17,28.17,28.17,1782,2022-04-20 17:43:00,XP
28.17,28.18,28.16,28.18,1944,2022-04-20 17:44:00,XP
28.18,28.182,28.1675,28.175,1172,2022-04-20 17:45:00,XP
28.16,28.17,28.16,28.17,2382,2022-04-20 17:46:00,XP
28.18,28.21,28.18,28.21,2622,2022-04-20 17:47:00,XP
28.19,28.2,28.15,28.16,2609,2022-04-20 17:48:00,XP
28.16,28.17,28.15,28.16,4764,2022-04-20 17:49:00,XP
28.16,28.16,28.125,28.125,10415,2022-04-20 17:50:00,XP
28.13,28.14,28.12,28.1225,3338,2022-04-20 17:51:00,XP
28.13,28.13,28.105,28.105,1800,2022-04-20 17:52:00,XP
28.1,28.11,28.08,28.08,2800,2022-04-20 17:53:00,XP
28.08,28.105,28.08,28.1,4794,2022-04-20 17:54:00,XP
28.08,28.08,28.06,28.06,3338,2022-04-20 17:55:00,XP
28.06,28.125,28.06,28.115,7244,2022-04-20 17:57:00,XP
28.13,28.15,28.1,28.15,7357,2022-04-20 17:58:00,XP
28.15,28.15,28.15,28.15,600,2022-04-20 17:59:00,XP
28.16,28.16,28.1324,28.145,8015,2022-04-20 18:00:00,XP
28.145,28.16,28.14,28.16,1528,2022-04-20 18:01:00,XP
28.155,28.16,28.14,28.14,15450,2022-04-20 18:02:00,XP
28.14,28.14,28.12,28.135,1200,2022-04-20 18:03:00,XP
28.14,28.15,28.135,28.15,2600,2022-04-20 18:04:00,XP
28.15,28.16,28.14,28.15,2300,2022-04-20 18:05:00,XP
28.15,28.15,28.14,28.14,1600,2022-04-20 18:06:00,XP
28.15,28.15,28.14,28.15,1574,2022-04-20 18:07:00,XP
28.15,28.15,28.135,28.15,1793,2022-04-20 18:08:00,XP
28.145,28.16,28.13,28.15,1402,2022-04-20 18:09:00,XP
28.17,28.17,28.14,28.15,3712,2022-04-20 18:10:00,XP
28.15,28.15,28.15,28.15,190,2022-04-20 18:11:00,XP
28.15,28.16,28.15,28.16,867,2022-04-20 18:12:00,XP
28.16,28.16,28.14,28.15,5288,2022-04-20 18:13:00,XP
28.16,28.16,28.13,28.135,3391,2022-04-20 18:14:00,XP
28.135,28.17,28.135,28.17,3575,2022-04-20 18:15:00,XP
28.18,28.18,28.17,28.17,800,2022-04-20 18:16:00,XP
28.16,28.18,28.14,28.17,4583,2022-04-20 18:17:00,XP
28.16,28.16,28.15,28.15,1216,2022-04-20 18:18:00,XP
28.15,28.15,28.15,28.15,596,2022-04-20 18:19:00,XP
28.15,28.15,28.145,28.145,1655,2022-04-20 18:20:00,XP
28.15,28.17,28.15,28.16,5836,2022-04-20 18:21:00,XP
28.16,28.16,28.16,28.16,200,2022-04-20 18:22:00,XP
28.17,28.19,28.17,28.18,3112,2022-04-20 18:23:00,XP
28.175,28.175,28.16,28.165,1448,2022-04-20 18:24:00,XP
28.165,28.165,28.16,28.16,647,2022-04-20 18:25:00,XP
28.15,28.16,28.15,28.155,2347,2022-04-20 18:26:00,XP
28.16,28.165,28.16,28.16,800,2022-04-20 18:27:00,XP
28.17,28.18,28.15,28.15,6834,2022-04-20 18:28:00,XP
28.14,28.15,28.14,28.15,1321,2022-04-20 18:29:00,XP
28.14,28.15,28.14,28.145,1798,2022-04-20 18:30:00,XP
28.15,28.17,28.15,28.15,5172,2022-04-20 18:31:00,XP
28.16,28.16,28.15,28.155,2675,2022-04-20 18:32:00,XP
28.16,28.17,28.14,28.145,4550,2022-04-20 18:33:00,XP
28.145,28.155,28.14,28.155,10879,2022-04-20 18:34:00,XP
28.155,28.155,28.1225,28.125,5355,2022-04-20 18:35:00,XP
28.125,28.125,28.0901,28.1,3067,2022-04-20 18:36:00,XP
28.1,28.12,28.1,28.105,6739,2022-04-20 18:37:00,XP
28.11,28.11,28.11,28.11,700,2022-04-20 18:38:00,XP
28.11,28.12,28.1,28.105,3095,2022-04-20 18:39:00,XP
28.105,28.105,28.095,28.105,3619,2022-04-20 18:40:00,XP
28.105,28.125,28.105,28.125,2674,2022-04-20 18:41:00,XP
28.125,28.14,28.12,28.14,5981,2022-04-20 18:42:00,XP
28.14,28.155,28.14,28.155,1017,2022-04-20 18:43:00,XP
28.155,28.16,28.12,28.12,15659,2022-04-20 18:44:00,XP
28.12,28.12,28.095,28.095,17320,2022-04-20 18:45:00,XP
28.095,28.115,28.095,28.115,2808,2022-04-20 18:46:00,XP
28.115,28.12,28.11,28.115,2911,2022-04-20 18:47:00,XP
28.12,28.14,28.12,28.14,978,2022-04-20 18:48:00,XP
28.135,28.18,28.13,28.16,8648,2022-04-20 18:49:00,XP
28.155,28.175,28.155,28.175,2502,2022-04-20 18:50:00,XP
28.17,28.17,28.17,28.17,200,2022-04-20 18:51:00,XP
28.16,28.18,28.145,28.15,3200,2022-04-20 18:52:00,XP
28.15,28.16,28.15,28.15,1399,2022-04-20 18:53:00,XP
28.15,28.15,28.06,28.09,26767,2022-04-20 18:54:00,XP
28.075,28.11,28.075,28.09,6219,2022-04-20 18:55:00,XP
28.09,28.09,28.06,28.07,3145,2022-04-20 18:56:00,XP
28.08,28.09,28.08,28.09,1308,2022-04-20 18:57:00,XP
28.08,28.1,28.06,28.075,2356,2022-04-20 18:58:00,XP
28.07,28.08,28.0501,28.075,4362,2022-04-20 18:59:00,XP
28.07,28.08,28.07,28.08,948,2022-04-20 19:00:00,XP
28.09,28.12,28.08,28.085,7318,2022-04-20 19:01:00,XP
28.09,28.1,28.08,28.09,3166,2022-04-20 19:02:00,XP
28.0925,28.105,28.0925,28.1,2280,2022-04-20 19:03:00,XP
28.09,28.11,28.09,28.09,3787,2022-04-20 19:04:00,XP
28.0817,28.09,28.08,28.085,2294,2022-04-20 19:05:00,XP
28.085,28.09,28.08,28.09,3466,2022-04-20 19:06:00,XP
28.09,28.1,28.08,28.09,1512,2022-04-20 19:07:00,XP
28.08,28.08,28.06,28.07,4223,2022-04-20 19:08:00,XP
28.07,28.09,28.07,28.09,3103,2022-04-20 19:09:00,XP
28.095,28.1,28.08,28.085,4348,2022-04-20 19:10:00,XP
28.07,28.07,28.06,28.07,2500,2022-04-20 19:11:00,XP
28.08,28.1,28.08,28.095,3568,2022-04-20 19:12:00,XP
28.1,28.135,28.1,28.135,2017,2022-04-20 19:13:00,XP
28.13,28.13,28.11,28.12,1835,2022-04-20 19:14:00,XP
28.135,28.15,28.12,28.12,2521,2022-04-20 19:15:00,XP
28.13,28.13,28.13,28.13,215,2022-04-20 19:16:00,XP
28.14,28.14,28.125,28.14,3373,2022-04-20 19:17:00,XP
28.14,28.14,28.14,28.14,100,2022-04-20 19:18:00,XP
28.145,28.15,28.13,28.13,2597,2022-04-20 19:19:00,XP
28.135,28.14,28.12,28.125,4613,2022-04-20 19:20:00,XP
28.13,28.15,28.12,28.135,6597,2022-04-20 19:21:00,XP
28.131,28.14,28.13,28.14,2045,2022-04-20 19:22:00,XP
28.13,28.15,28.13,28.15,2490,2022-04-20 19:23:00,XP
28.16,28.19,28.145,28.15,16612,2022-04-20 19:24:00,XP
28.17,28.18,28.155,28.155,1355,2022-04-20 19:25:00,XP
28.16,28.17,28.15,28.15,1860,2022-04-20 19:26:00,XP
28.16,28.18,28.16,28.16,3969,2022-04-20 19:27:00,XP
28.17,28.17,28.145,28.15,1318,2022-04-20 19:28:00,XP
28.17,28.19,28.17,28.18,2969,2022-04-20 19:29:00,XP
28.19,28.195,28.15,28.15,4336,2022-04-20 19:30:00,XP
28.15,28.18,28.14,28.17,2805,2022-04-20 19:31:00,XP
28.16,28.16,28.15,28.15,3160,2022-04-20 19:32:00,XP
28.14,28.145,28.125,28.145,5711,2022-04-20 19:33:00,XP
28.15,28.18,28.13,28.13,5273,2022-04-20 19:34:00,XP
28.13,28.155,28.13,28.15,7937,2022-04-20 19:35:00,XP
28.16,28.17,28.15,28.165,1999,2022-04-20 19:36:00,XP
28.18,28.21,28.15,28.15,3533,2022-04-20 19:37:00,XP
28.155,28.17,28.155,28.16,1938,2022-04-20 19:38:00,XP
28.17,28.19,28.143,28.16,4984,2022-04-20 19:39:00,XP
28.155,28.17,28.15,28.15,2755,2022-04-20 19:40:00,XP
28.155,28.16,28.15,28.16,1477,2022-04-20 19:41:00,XP
28.16,28.17,28.143,28.15,8192,2022-04-20 19:42:00,XP
28.15,28.17,28.15,28.16,7107,2022-04-20 19:43:00,XP
28.165,28.17,28.155,28.17,2621,2022-04-20 19:44:00,XP
28.18,28.19,28.16,28.16,4879,2022-04-20 19:45:00,XP
28.17,28.21,28.17,28.195,5870,2022-04-20 19:46:00,XP
28.2,28.22,28.195,28.22,1838,2022-04-20 19:47:00,XP
28.225,28.24,28.19,28.19,5310,2022-04-20 19:48:00,XP
28.2,28.23,28.2,28.205,4229,2022-04-20 19:49:00,XP
28.2,28.22,28.14,28.17,16630,2022-04-20 19:50:00,XP
28.18,28.18,28.15,28.17,29859,2022-04-20 19:51:00,XP
28.17,28.17,28.13,28.155,6193,2022-04-20 19:52:00,XP
28.15,28.17,28.11,28.11,10032,2022-04-20 19:53:00,XP
28.12,28.17,28.115,28.12,19219,2022-04-20 19:54:00,XP
28.12,28.15,28.12,28.135,11048,2022-04-20 19:55:00,XP
28.135,28.16,28.135,28.16,21803,2022-04-20 19:56:00,XP
28.16,28.17,28.14,28.16,30716,2022-04-20 19:57:00,XP
28.15,28.16,28.13,28.155,32703,2022-04-20 19:58:00,XP
28.16,28.18,28.13,28.13,47346,2022-04-20 19:59:00,XP
28.15,28.15,28.15,28.15,80900,2022-04-20 20:00:00,XP
28.15,28.15,28.15,28.15,22381,2022-04-20 20:12:00,XP
28.15,28.15,28.15,28.15,50000,2022-04-20 20:26:00,XP
28.44,28.45,28.42,28.45,8514,2022-04-21 13:30:00,XP
28.47,28.48,28.47,28.48,200,2022-04-21 13:31:00,XP
28.49,28.59,28.49,28.59,600,2022-04-21 13:32:00,XP
28.62,28.65,28.62,28.65,200,2022-04-21 13:33:00,XP
28.55,28.55,28.55,28.55,400,2022-04-21 13:34:00,XP
28.56,28.56,28.52,28.56,1518,2022-04-21 13:35:00,XP
28.56,28.57,28.53,28.565,800,2022-04-21 13:36:00,XP
28.56,28.56,28.56,28.56,440,2022-04-21 13:37:00,XP
28.52,28.52,28.44,28.44,509,2022-04-21 13:38:00,XP
28.44,28.44,28.44,28.44,100,2022-04-21 13:39:00,XP
28.41,28.41,28.36,28.37,4400,2022-04-21 13:40:00,XP
28.33,28.33,28.195,28.21,7838,2022-04-21 13:41:00,XP
28.21,28.21,28.085,28.085,3225,2022-04-21 13:42:00,XP
28.085,28.085,28.04,28.04,400,2022-04-21 13:43:00,XP
28.015,28.04,28.0,28.03,102759,2022-04-21 13:44:00,XP
28.01,28.01,27.86,27.86,1500,2022-04-21 13:45:00,XP
27.84,27.86,27.785,27.785,300,2022-04-21 13:46:00,XP
27.83,27.83,27.785,27.82,1617,2022-04-21 13:47:00,XP
27.83,27.87,27.725,27.76,21547,2022-04-21 13:48:00,XP
27.73,27.8,27.73,27.78,3100,2022-04-21 13:49:00,XP
27.815,27.87,27.815,27.85,1500,2022-04-21 13:50:00,XP
27.94,27.94,27.94,27.94,200,2022-04-21 13:51:00,XP
27.93,27.95,27.93,27.95,550,2022-04-21 13:52:00,XP
27.96,28.01,27.96,27.99,800,2022-04-21 13:53:00,XP
27.94,27.95,27.94,27.95,300,2022-04-21 13:54:00,XP
27.95,27.98,27.95,27.98,500,2022-04-21 13:56:00,XP
27.98,27.98,27.98,27.98,200,2022-04-21 13:57:00,XP
27.9434,27.96,27.9434,27.96,300,2022-04-21 13:58:00,XP
27.94,27.94,27.9399,27.9399,302,2022-04-21 13:59:00,XP
27.9,27.92,27.9,27.92,203,2022-04-21 14:00:00,XP
27.91,27.91,27.91,27.91,200,2022-04-21 14:01:00,XP
27.86,28.0,27.86,28.0,151300,2022-04-21 14:02:00,XP
27.93,27.93,27.875,27.89,1654,2022-04-21 14:03:00,XP
27.89,27.9,27.86,27.86,4210,2022-04-21 14:04:00,XP
27.85,27.85,27.7922,27.82,4437,2022-04-21 14:05:00,XP
27.85,27.88,27.85,27.88,1615,2022-04-21 14:06:00,XP
27.86,27.88,27.85,27.87,5504,2022-04-21 14:07:00,XP
27.86,27.86,27.85,27.85,1048,2022-04-21 14:08:00,XP
27.835,27.86,27.825,27.85,800,2022-04-21 14:09:00,XP
27.8,27.8,27.725,27.725,3143,2022-04-21 14:10:00,XP
27.65,27.72,27.65,27.695,1852,2022-04-21 14:11:00,XP
27.68,27.8,27.63,27.64,27200,2022-04-21 14:12:00,XP
27.64,27.68,27.62,27.62,500,2022-04-21 14:13:00,XP
27.635,27.635,27.615,27.615,400,2022-04-21 14:14:00,XP
27.62,27.63,27.62,27.62,730,2022-04-21 14:15:00,XP
27.62,27.62,27.62,27.62,100,2022-04-21 14:16:00,XP
27.6,27.6,27.6,27.6,100,2022-04-21 14:18:00,XP
27.57,27.576,27.55,27.55,600,2022-04-21 14:19:00,XP
27.55,27.55,27.46,27.46,1000,2022-04-21 14:20:00,XP
27.51,27.51,27.475,27.475,200,2022-04-21 14:21:00,XP
27.49,27.52,27.49,27.49,1400,2022-04-21 14:22:00,XP
27.52,27.57,27.52,27.556,3450,2022-04-21 14:23:00,XP
27.545,27.62,27.545,27.6,4051,2022-04-21 14:24:00,XP
27.61,27.635,27.61,27.635,1240,2022-04-21 14:25:00,XP
27.65,27.65,27.63,27.65,1533,2022-04-21 14:26:00,XP
27.65,27.67,27.65,27.67,1506,2022-04-21 14:27:00,XP
27.68,27.72,27.68,27.72,1320,2022-04-21 14:28:00,XP
27.72,27.74,27.72,27.72,565,2022-04-21 14:29:00,XP
27.76,27.76,27.76,27.76,200,2022-04-21 14:30:00,XP
27.78,27.78,27.78,27.78,100,2022-04-21 14:31:00,XP
27.78,27.8,27.77,27.78,2436,2022-04-21 14:32:00,XP
27.76,27.76,27.76,27.76,1200,2022-04-21 14:33:00,XP
27.79,27.79,27.79,27.79,234,2022-04-21 14:35:00,XP
27.76,27.76,27.76,27.76,100,2022-04-21 14:36:00,XP
27.75,27.75,27.71,27.71,1200,2022-04-21 14:37:00,XP
27.74,27.74,27.7,27.7,1480,2022-04-21 14:38:00,XP
27.695,27.695,27.695,27.695,200,2022-04-21 14:39:00,XP
27.72,27.72,27.68,27.68,300,2022-04-21 14:40:00,XP
27.68,27.68,27.65,27.67,6757,2022-04-21 14:41:00,XP
27.655,27.655,27.61,27.62,1500,2022-04-21 14:42:00,XP
27.61,27.61,27.6,27.6,600,2022-04-21 14:43:00,XP
27.62,27.62,27.62,27.62,100,2022-04-21 14:45:00,XP
27.62,27.63,27.6,27.6,6940,2022-04-21 14:46:00,XP
27.62,27.62,27.59,27.59,9733,2022-04-21 14:47:00,XP
27.55,27.56,27.53,27.53,1000,2022-04-21 14:48:00,XP
27.52,27.52,27.515,27.515,200,2022-04-21 14:49:00,XP
27.525,27.525,27.525,27.525,200,2022-04-21 14:50:00,XP
27.51,27.51,27.44,27.46,11062,2022-04-21 14:51:00,XP
27.47,27.5,27.47,27.49,2535,2022-04-21 14:52:00,XP
27.49,27.49,27.45,27.464,1317,2022-04-21 14:53:00,XP
27.37,27.37,27.365,27.365,900,2022-04-21 14:54:00,XP
27.38,27.405,27.38,27.4,1488,2022-04-21 14:55:00,XP
27.39,27.41,27.39,27.41,3651,2022-04-21 14:56:00,XP
27.43,27.43,27.42,27.42,900,2022-04-21 14:57:00,XP
27.41,27.46,27.4,27.46,5261,2022-04-21 14:58:00,XP
27.48,27.48,27.48,27.48,400,2022-04-21 14:59:00,XP
27.475,27.475,27.475,27.475,100,2022-04-21 15:00:00,XP
27.5,27.53,27.5,27.53,1510,2022-04-21 15:01:00,XP
27.54,27.57,27.54,27.57,5337,2022-04-21 15:03:00,XP
27.565,27.565,27.565,27.565,100,2022-04-21 15:04:00,XP
27.57,27.59,27.56,27.58,6580,2022-04-21 15:05:00,XP
27.55,27.55,27.52,27.55,2664,2022-04-21 15:06:00,XP
27.57,27.57,27.57,27.57,200,2022-04-21 15:07:00,XP
27.57,27.57,27.5503,27.57,535,2022-04-21 15:08:00,XP
27.58,27.58,27.58,27.58,100,2022-04-21 15:09:00,XP
27.58,27.58,27.56,27.56,300,2022-04-21 15:10:00,XP
27.575,27.59,27.575,27.59,206,2022-04-21 15:11:00,XP
27.56,27.58,27.56,27.58,1600,2022-04-21 15:12:00,XP
27.57,27.57,27.51,27.51,1301,2022-04-21 15:14:00,XP
27.535,27.57,27.535,27.57,2106,2022-04-21 15:15:00,XP
27.58,27.59,27.58,27.59,200,2022-04-21 15:16:00,XP
27.575,27.6,27.55,27.56,2889,2022-04-21 15:17:00,XP
27.55,27.56,27.55,27.56,1320,2022-04-21 15:18:00,XP
27.56,27.58,27.55,27.58,4411,2022-04-21 15:19:00,XP
27.59,27.6,27.59,27.5925,400,2022-04-21 15:20:00,XP
27.58,27.58,27.54,27.5601,5700,2022-04-21 15:21:00,XP
27.59,27.61,27.59,27.61,1606,2022-04-21 15:22:00,XP
27.62,27.635,27.62,27.635,300,2022-04-21 15:23:00,XP
27.65,27.66,27.65,27.66,1100,2022-04-21 15:24:00,XP
27.66,27.66,27.655,27.655,1503,2022-04-21 15:25:00,XP
27.67,27.67,27.67,27.67,100,2022-04-21 15:26:00,XP
27.64,27.64,27.58,27.58,2310,2022-04-21 15:28:00,XP
27.56,27.57,27.54,27.565,5377,2022-04-21 15:29:00,XP
27.55,27.57,27.55,27.57,5586,2022-04-21 15:30:00,XP
27.58,27.58,27.56,27.565,4878,2022-04-21 15:31:00,XP
27.55,27.59,27.5,27.55,41909,2022-04-21 15:32:00,XP
27.545,27.545,27.5,27.52,3445,2022-04-21 15:33:00,XP
27.49,27.49,27.49,27.49,100,2022-04-21 15:34:00,XP
27.47,27.48,27.47,27.47,500,2022-04-21 15:35:00,XP
27.49,27.51,27.485,27.505,5157,2022-04-21 15:36:00,XP
27.49,27.5,27.49,27.5,4879,2022-04-21 15:38:00,XP
27.495,27.495,27.495,27.495,100,2022-04-21 15:39:00,XP
27.495,27.495,27.495,27.495,100,2022-04-21 15:40:00,XP
27.495,27.495,27.495,27.495,100,2022-04-21 15:41:00,XP
27.495,27.5,27.48,27.5,6526,2022-04-21 15:42:00,XP
27.5,27.5,27.42,27.49,12840,2022-04-21 15:43:00,XP
27.44,27.44,27.37,27.37,600,2022-04-21 15:44:00,XP
27.35,27.39,27.32,27.39,7170,2022-04-21 15:45:00,XP
27.4,27.41,27.38,27.4,1007,2022-04-21 15:46:00,XP
27.41,27.42,27.4,27.4,1884,2022-04-21 15:47:00,XP
27.38,27.39,27.38,27.38,919,2022-04-21 15:48:00,XP
27.37,27.37,27.35,27.35,580,2022-04-21 15:49:00,XP
27.35,27.36,27.31,27.31,2400,2022-04-21 15:50:00,XP
27.31,27.33,27.31,27.31,300,2022-04-21 15:51:00,XP
27.28,27.34,27.28,27.34,1626,2022-04-21 15:52:00,XP
27.33,27.33,27.33,27.33,300,2022-04-21 15:53:00,XP
27.33,27.33,27.29,27.29,333,2022-04-21 15:54:00,XP
27.285,27.285,27.23,27.245,1808,2022-04-21 15:55:00,XP
27.26,27.26,27.21,27.22,890,2022-04-21 15:56:00,XP
27.24,27.24,27.18,27.18,543,2022-04-21 15:57:00,XP
27.21,27.21,27.17,27.17,1409,2022-04-21 15:59:00,XP
27.19,27.204,27.18,27.204,2366,2022-04-21 16:00:00,XP
27.195,27.21,27.195,27.195,303,2022-04-21 16:01:00,XP
27.21,27.25,27.21,27.23,1720,2022-04-21 16:02:00,XP
27.22,27.235,27.22,27.22,1312,2022-04-21 16:03:00,XP
27.18,27.19,27.18,27.19,513,2022-04-21 16:04:00,XP
27.19,27.19,27.19,27.19,1316,2022-04-21 16:05:00,XP
27.22,27.24,27.22,27.24,540,2022-04-21 16:06:00,XP
27.22,27.23,27.155,27.155,868,2022-04-21 16:07:00,XP
27.16,27.24,27.16,27.17,30859,2022-04-21 16:09:00,XP
27.17,27.17,27.17,27.17,100,2022-04-21 16:10:00,XP
27.15,27.15,27.15,27.15,253,2022-04-21 16:12:00,XP
27.15,27.15,27.14,27.145,664,2022-04-21 16:13:00,XP
27.15,27.18,27.15,27.165,3342,2022-04-21 16:14:00,XP
27.15,27.15,27.13,27.13,2040,2022-04-21 16:15:00,XP
27.16,27.16,27.15,27.15,781,2022-04-21 16:16:00,XP
27.13,27.1436,27.1,27.11,4750,2022-04-21 16:18:00,XP
27.11,27.145,27.11,27.145,3596,2022-04-21 16:19:00,XP
27.15,27.15,27.145,27.145,400,2022-04-21 16:20:00,XP
27.14,27.14,27.14,27.14,100,2022-04-21 16:21:00,XP
27.11,27.12,27.11,27.12,200,2022-04-21 16:22:00,XP
27.1,27.1,27.1,27.1,200,2022-04-21 16:25:00,XP
27.1,27.11,27.1,27.11,400,2022-04-21 16:26:00,XP
27.11,27.16,27.11,27.145,2763,2022-04-21 16:27:00,XP
27.16,27.16,27.12,27.12,1061,2022-04-21 16:28:00,XP
27.115,27.115,27.1,27.1,1086,2022-04-21 16:29:00,XP
27.09,27.1,27.09,27.1,1378,2022-04-21 16:30:00,XP
27.08,27.08,27.07,27.07,200,2022-04-21 16:31:00,XP
27.05,27.07,27.035,27.0587,1284,2022-04-21 16:32:00,XP
27.07,27.07,27.07,27.07,100,2022-04-21 16:33:00,XP
27.09,27.11,27.09,27.11,2698,2022-04-21 16:34:00,XP
27.13,27.16,27.11,27.15,6193,2022-04-21 16:35:00,XP
27.14,27.145,27.12,27.12,1300,2022-04-21 16:37:00,XP
27.09,27.09,27.09,27.09,100,2022-04-21 16:38:00,XP
27.1,27.12,27.1,27.12,3705,2022-04-21 16:39:00,XP
27.13,27.16,27.13,27.15,866,2022-04-21 16:40:00,XP
27.15,27.15,27.14,27.14,300,2022-04-21 16:41:00,XP
27.13,27.13,27.09,27.09,1700,2022-04-21 16:42:00,XP
27.09,27.09,27.09,27.09,100,2022-04-21 16:43:00,XP
27.08,27.1,27.08,27.1,900,2022-04-21 16:44:00,XP
27.11,27.12,27.11,27.11,1200,2022-04-21 16:45:00,XP
27.12,27.13,27.09,27.13,1917,2022-04-21 16:46:00,XP
27.14,27.14,27.129,27.13,1400,2022-04-21 16:47:00,XP
27.125,27.125,27.095,27.095,200,2022-04-21 16:48:00,XP
27.07,27.09,27.07,27.09,900,2022-04-21 16:49:00,XP
27.07,27.07,27.05,27.05,1264,2022-04-21 16:50:00,XP
27.03,27.03,27.03,27.03,200,2022-04-21 16:51:00,XP
27.015,27.015,27.015,27.015,100,2022-04-21 16:53:00,XP
27.0,27.0,26.98,26.98,2571,2022-04-21 16:54:00,XP
26.95,27.0,26.95,27.0,2649,2022-04-21 16:55:00,XP
27.01,27.02,27.01,27.01,1554,2022-04-21 16:56:00,XP
27.01,27.03,27.01,27.02,1798,2022-04-21 16:57:00,XP
27.02,27.04,27.01,27.01,2920,2022-04-21 16:59:00,XP
27.005,27.03,27.005,27.03,400,2022-04-21 17:00:00,XP
27.03,27.03,26.995,26.995,500,2022-04-21 17:01:00,XP
27.01,27.01,27.01,27.01,300,2022-04-21 17:02:00,XP
27.0,27.0,26.975,26.975,800,2022-04-21 17:03:00,XP
26.96,26.96,26.945,26.95,732,2022-04-21 17:04:00,XP
26.96,26.97,26.955,26.955,2100,2022-04-21 17:05:00,XP
26.96,26.965,26.96,26.965,800,2022-04-21 17:06:00,XP
26.97,26.97,26.97,26.97,299,2022-04-21 17:07:00,XP
26.98,26.98,26.95,26.95,1600,2022-04-21 17:08:00,XP
26.94,26.97,26.94,26.97,944,2022-04-21 17:09:00,XP
26.97,26.99,26.97,26.97,920,2022-04-21 17:10:00,XP
26.955,26.955,26.94,26.94,413,2022-04-21 17:11:00,XP
26.94,26.97,26.94,26.97,2001,2022-04-21 17:12:00,XP
26.98,26.985,26.95,26.96,2042,2022-04-21 17:13:00,XP
26.96,26.96,26.9,26.9,1400,2022-04-21 17:14:00,XP
26.915,26.92,26.89,26.89,900,2022-04-21 17:15:00,XP
26.9,26.93,26.9,26.91,3028,2022-04-21 17:16:00,XP
26.9,26.9,26.83,26.84,1555,2022-04-21 17:17:00,XP
26.85,26.87,26.85,26.86,669,2022-04-21 17:18:00,XP
26.88,26.97,26.88,26.96,2727,2022-04-21 17:20:00,XP
26.98,27.025,26.98,27.025,940,2022-04-21 17:21:00,XP
27.06,27.1128,27.06,27.1128,4704,2022-04-21 17:22:00,XP
27.095,27.095,27.07,27.08,2357,2022-04-21 17:23:00,XP
27.09,27.13,27.09,27.105,3279,2022-04-21 17:24:00,XP
27.09,27.09,27.03,27.03,400,2022-04-21 17:25:00,XP
27.021,27.1,27.021,27.1,1300,2022-04-21 17:26:00,XP
27.08,27.08,27.05,27.05,2047,2022-04-21 17:27:00,XP
27.06,27.11,27.06,27.11,2200,2022-04-21 17:28:00,XP
27.15,27.15,27.12,27.12,2980,2022-04-21 17:29:00,XP
27.15,27.17,27.15,27.16,900,2022-04-21 17:30:00,XP
27.17,27.18,27.17,27.18,500,2022-04-21 17:31:00,XP
27.18,27.18,27.16,27.16,1695,2022-04-21 17:32:00,XP
27.18,27.19,27.11,27.11,3380,2022-04-21 17:33:00,XP
27.06,27.06,27.05,27.06,1035,2022-04-21 17:34:00,XP
27.05,27.06,27.05,27.06,600,2022-04-21 17:35:00,XP
27.06,27.07,27.0401,27.05,3058,2022-04-21 17:36:00,XP
27.05,27.07,27.04,27.07,5035,2022-04-21 17:37:00,XP
27.08,27.08,27.01,27.015,4478,2022-04-21 17:38:00,XP
27.03,27.055,27.03,27.055,763,2022-04-21 17:39:00,XP
27.09,27.09,27.07,27.08,600,2022-04-21 17:40:00,XP
27.1,27.11,27.09,27.09,3500,2022-04-21 17:41:00,XP
27.08,27.09,27.07,27.07,2769,2022-04-21 17:42:00,XP
27.06,27.08,27.05,27.08,1100,2022-04-21 17:43:00,XP
27.1,27.12,27.09,27.12,3598,2022-04-21 17:44:00,XP
27.13,27.15,27.12,27.15,4550,2022-04-21 17:45:00,XP
27.16,27.16,27.16,27.16,100,2022-04-21 17:46:00,XP
27.12,27.16,27.12,27.13,6866,2022-04-21 17:47:00,XP
27.15,27.16,27.15,27.16,700,2022-04-21 17:48:00,XP
27.14,27.15,27.12,27.14,2822,2022-04-21 17:49:00,XP
27.145,27.145,27.095,27.095,4377,2022-04-21 17:50:00,XP
27.08,27.09,27.08,27.09,200,2022-04-21 17:51:00,XP
27.11,27.11,27.08,27.08,2290,2022-04-21 17:52:00,XP
27.07,27.07,27.03,27.03,600,2022-04-21 17:53:00,XP
27.06,27.06,26.99,26.99,800,2022-04-21 17:54:00,XP
27.01,27.0597,27.0097,27.04,11667,2022-04-21 17:55:00,XP
27.03,27.04,27.0,27.01,1568,2022-04-21 17:56:00,XP
27.0,27.0,26.99,26.99,300,2022-04-21 17:58:00,XP
26.95,26.95,26.94,26.95,932,2022-04-21 17:59:00,XP
26.94,26.94,26.93,26.93,500,2022-04-21 18:00:00,XP
26.9,26.9,26.9,26.9,200,2022-04-21 18:01:00,XP
26.89,27.0,26.88,26.99,31775,2022-04-21 18:02:00,XP
27.0,27.02,26.98,27.02,8956,2022-04-21 18:03:00,XP
27.01,27.02,26.935,26.935,3201,2022-04-21 18:04:00,XP
26.89,26.92,26.89,26.895,1856,2022-04-21 18:05:00,XP
26.92,26.93,26.92,26.93,1382,2022-04-21 18:06:00,XP
26.94,26.94,26.9,26.9,1308,2022-04-21 18:07:00,XP
26.93,26.93,26.915,26.915,200,2022-04-21 18:08:00,XP
26.9,26.91,26.9,26.91,991,2022-04-21 18:09:00,XP
26.9,26.905,26.88,26.88,1100,2022-04-21 18:10:00,XP
26.87,26.88,26.84,26.87,3091,2022-04-21 18:11:00,XP
26.865,26.88,26.86,26.88,1200,2022-04-21 18:12:00,XP
26.885,26.885,26.885,26.885,100,2022-04-21 18:13:00,XP
26.885,26.89,26.87,26.885,1324,2022-04-21 18:14:00,XP
26.88,26.88,26.87,26.87,592,2022-04-21 18:15:00,XP
26.88,26.9,26.875,26.9,5589,2022-04-21 18:16:00,XP
26.89,26.89,26.88,26.89,2909,2022-04-21 18:17:00,XP
26.9,26.9,26.88,26.88,2570,2022-04-21 18:18:00,XP
26.88,26.9,26.88,26.895,5495,2022-04-21 18:19:00,XP
26.91,26.91,26.89,26.91,2926,2022-04-21 18:20:00,XP
26.9,26.93,26.9,26.93,6148,2022-04-21 18:21:00,XP
26.91,26.91,26.875,26.895,22085,2022-04-21 18:22:00,XP
26.8952,26.9062,26.88,26.9062,7374,2022-04-21 18:23:00,XP
26.9,26.9,26.89,26.89,13163,2022-04-21 18:24:00,XP
26.895,26.9,26.895,26.9,1977,2022-04-21 18:25:00,XP
26.91,26.91,26.9,26.91,3356,2022-04-21 18:26:00,XP
26.91,26.92,26.91,26.91,1400,2022-04-21 18:27:00,XP
26.91,26.91,26.89,26.89,4370,2022-04-21 18:28:00,XP
26.91,26.91,26.85,26.85,4806,2022-04-21 18:29:00,XP
26.85,26.85,26.785,26.785,1845,2022-04-21 18:30:00,XP
26.79,26.87,26.79,26.87,5145,2022-04-21 18:31:00,XP
26.89,26.91,26.88,26.91,600,2022-04-21 18:32:00,XP
26.89,26.89,26.875,26.875,300,2022-04-21 18:33:00,XP
26.89,26.915,26.875,26.915,1486,2022-04-21 18:34:00,XP
26.9,26.92,26.9,26.92,690,2022-04-21 18:35:00,XP
26.94,27.0,26.94,27.0,700,2022-04-21 18:36:00,XP
27.0,27.0,26.98,27.0,900,2022-04-21 18:37:00,XP
26.985,27.0,26.94,26.94,1600,2022-04-21 18:38:00,XP
26.92,26.93,26.92,26.93,200,2022-04-21 18:39:00,XP
26.91,26.93,26.89,26.89,400,2022-04-21 18:40:00,XP
26.92,26.92,26.89,26.89,700,2022-04-21 18:41:00,XP
26.91,26.935,26.9,26.93,3525,2022-04-21 18:42:00,XP
26.94,26.95,26.93,26.95,1910,2022-04-21 18:43:00,XP
26.94,26.94,26.92,26.94,16989,2022-04-21 18:44:00,XP
26.94,26.95,26.93,26.94,3658,2022-04-21 18:45:00,XP
26.94,26.95,26.92,26.92,800,2022-04-21 18:46:00,XP
26.92,26.92,26.87,26.88,1021,2022-04-21 18:47:00,XP
26.86,26.88,26.83,26.83,1110,2022-04-21 18:48:00,XP
26.85,26.85,26.82,26.83,600,2022-04-21 18:49:00,XP
26.82,26.82,26.77,26.785,252820,2022-04-21 18:50:00,XP
26.785,26.81,26.77,26.79,2765,2022-04-21 18:51:00,XP
26.8,26.8,26.735,26.76,2861,2022-04-21 18:52:00,XP
26.76,26.76,26.745,26.745,700,2022-04-21 18:53:00,XP
26.745,26.76,26.745,26.76,300,2022-04-21 18:54:00,XP
26.75,26.75,26.71,26.71,2923,2022-04-21 18:55:00,XP
26.71,26.77,26.71,26.77,3543,2022-04-21 18:56:00,XP
26.78,26.79,26.76,26.76,835,2022-04-21 18:57:00,XP
26.76,26.76,26.76,26.76,100,2022-04-21 18:58:00,XP
26.77,26.77,26.71,26.77,2110,2022-04-21 18:59:00,XP
26.78,26.78,26.75,26.75,400,2022-04-21 19:00:00,XP
26.7699,26.77,26.7699,26.77,699,2022-04-21 19:01:00,XP
26.75,26.77,26.74,26.74,500,2022-04-21 19:02:00,XP
26.745,26.745,26.73,26.73,300,2022-04-21 19:03:00,XP
26.72,26.73,26.675,26.675,2584,2022-04-21 19:04:00,XP
26.68,26.71,26.67,26.7,6686,2022-04-21 19:05:00,XP
26.71,26.71,26.7,26.7,1000,2022-04-21 19:06:00,XP
26.69,26.69,26.68,26.69,430,2022-04-21 19:07:00,XP
26.66,26.66,26.635,26.635,1889,2022-04-21 19:08:00,XP
26.65,26.65,26.61,26.61,6303,2022-04-21 19:09:00,XP
26.61,26.61,26.57,26.57,11027,2022-04-21 19:10:00,XP
26.57,26.57,26.56,26.565,1645,2022-04-21 19:11:00,XP
26.565,26.64,26.54,26.64,5681,2022-04-21 19:12:00,XP
26.63,26.63,26.62,26.62,1804,2022-04-21 19:13:00,XP
26.64,26.67,26.64,26.64,3898,2022-04-21 19:14:00,XP
26.63,26.65,26.62,26.65,1245,2022-04-21 19:15:00,XP
26.62,26.62,26.6,26.605,5295,2022-04-21 19:16:00,XP
26.6,26.625,26.6,26.62,3206,2022-04-21 19:17:00,XP
26.62,26.63,26.61,26.63,3124,2022-04-21 19:18:00,XP
26.62,26.62,26.605,26.615,2405,2022-04-21 19:19:00,XP
26.62,26.63,26.62,26.62,2990,2022-04-21 19:20:00,XP
26.63,26.66,26.62,26.65,3423,2022-04-21 19:21:00,XP
26.655,26.66,26.65,26.65,1065,2022-04-21 19:22:00,XP
26.66,26.67,26.65,26.65,1700,2022-04-21 19:23:00,XP
26.66,26.74,26.655,26.74,6279,2022-04-21 19:24:00,XP
26.74,26.74,26.725,26.73,1100,2022-04-21 19:25:00,XP
26.74,26.74,26.68,26.68,1878,2022-04-21 19:26:00,XP
26.6749,26.69,26.67,26.685,5838,2022-04-21 19:27:00,XP
26.69,26.69,26.67,26.68,4549,2022-04-21 19:28:00,XP
26.69,26.775,26.69,26.76,7014,2022-04-21 19:29:00,XP
26.75,26.78,26.75,26.76,900,2022-04-21 19:30:00,XP
26.7487,26.78,26.7487,26.78,4210,2022-04-21 19:31:00,XP
26.79,26.83,26.79,26.82,3150,2022-04-21 19:32:00,XP
26.81,26.82,26.775,26.775,4598,2022-04-21 19:33:00,XP
26.77,26.77,26.715,26.715,3100,2022-04-21 19:34:00,XP
26.72,26.73,26.69,26.69,5892,2022-04-21 19:35:00,XP
26.69,26.7,26.68,26.68,2982,2022-04-21 19:36:00,XP
26.68,26.69,26.6513,26.68,3200,2022-04-21 19:37:00,XP
26.67,26.7,26.67,26.68,4607,2022-04-21 19:38:00,XP
26.69,26.705,26.69,26.7,2300,2022-04-21 19:39:00,XP
26.7,26.7,26.69,26.69,3100,2022-04-21 19:40:00,XP
26.69,26.7,26.675,26.675,3885,2022-04-21 19:41:00,XP
26.675,26.695,26.665,26.695,3732,2022-04-21 19:42:00,XP
26.695,26.73,26.695,26.73,10559,2022-04-21 19:43:00,XP
26.73,26.76,26.72,26.75,4064,2022-04-21 19:44:00,XP
26.745,26.77,26.735,26.735,6351,2022-04-21 19:45:00,XP
26.735,26.735,26.7,26.71,6831,2022-04-21 19:46:00,XP
26.71,26.71,26.69,26.7,6171,2022-04-21 19:47:00,XP
26.7,26.705,26.63,26.63,6182,2022-04-21 19:48:00,XP
26.63,26.66,26.62,26.635,5805,2022-04-21 19:49:00,XP
26.64,26.705,26.64,26.7,10550,2022-04-21 19:50:00,XP
26.6912,26.73,26.6912,26.715,9303,2022-04-21 19:51:00,XP
26.71,26.74,26.71,26.73,7020,2022-04-21 19:52:00,XP
26.73,26.735,26.71,26.73,10306,2022-04-21 19:53:00,XP
26.72,26.76,26.68,26.7,12344,2022-04-21 19:54:00,XP
26.7,26.7,26.64,26.66,18157,2022-04-21 19:55:00,XP
26.665,26.665,26.63,26.64,16969,2022-04-21 19:56:00,XP
26.63,26.64,26.59,26.6281,30931,2022-04-21 19:57:00,XP
26.63,26.65,26.6,26.6,24188,2022-04-21 19:58:00,XP
26.61,26.65,26.61,26.65,77163,2022-04-21 19:59:00,XP
26.65,26.65,26.65,26.65,132835,2022-04-21 20:00:00,XP
26.65,26.65,26.65,26.65,790142,2022-04-21 20:29:00,XP
26.65,26.65,26.65,26.65,3557,2022-04-21 20:31:00,XP
26.74,26.74,26.73,26.74,2190,2022-04-22 13:04:00,XP
26.72,26.72,26.72,26.72,274,2022-04-22 13:07:00,XP
26.74,26.74,26.73,26.73,974,2022-04-22 13:08:00,XP
26.69,26.69,26.69,26.69,200,2022-04-22 13:16:00,XP
26.76,26.77,26.76,26.77,472,2022-04-22 13:23:00,XP
26.82,26.82,26.81,26.81,200,2022-04-22 13:24:00,XP
26.78,26.78,26.77,26.77,914,2022-04-22 13:25:00,XP
26.78,26.78,26.78,26.78,279,2022-04-22 13:27:00,XP
26.77,26.77,26.71,26.74,1001,2022-04-22 13:28:00,XP
26.71,26.71,26.64,26.64,656,2022-04-22 13:29:00,XP
26.64,26.76,26.61,26.76,23249,2022-04-22 13:30:00,XP
26.77,26.82,26.72,26.74,5454,2022-04-22 13:31:00,XP
26.74,26.75,26.65,26.65,3733,2022-04-22 13:32:00,XP
26.7,26.83,26.69,26.83,6678,2022-04-22 13:33:00,XP
26.86,26.86,26.72,26.72,3030,2022-04-22 13:34:00,XP
26.69,26.69,26.615,26.6271,800,2022-04-22 13:35:00,XP
26.615,26.79,26.615,26.78,4200,2022-04-22 13:36:00,XP
26.785,26.79,26.68,26.68,2214,2022-04-22 13:37:00,XP
26.675,26.74,26.675,26.74,843,2022-04-22 13:38:00,XP
26.725,26.75,26.68,26.725,5128,2022-04-22 13:39:00,XP
26.7,26.7,26.655,26.655,600,2022-04-22 13:40:00,XP
26.64,26.64,26.6,26.6,4350,2022-04-22 13:41:00,XP
26.6,26.63,26.6,26.62,800,2022-04-22 13:42:00,XP
26.57,26.6,26.52,26.6,6460,2022-04-22 13:43:00,XP
26.57,26.57,26.57,26.57,200,2022-04-22 13:44:00,XP
26.6,26.7597,26.6,26.7597,12099,2022-04-22 13:45:00,XP
26.69,26.69,26.575,26.65,3197,2022-04-22 13:46:00,XP
26.63,26.63,26.63,26.63,100,2022-04-22 13:47:00,XP
26.54,26.57,26.51,26.54,4348,2022-04-22 13:48:00,XP
26.54,26.635,26.54,26.635,800,2022-04-22 13:49:00,XP
26.66,26.66,26.66,26.66,100,2022-04-22 13:50:00,XP
26.59,26.59,26.54,26.57,924,2022-04-22 13:51:00,XP
26.64,26.66,26.64,26.6412,506,2022-04-22 13:52:00,XP
26.67,26.67,26.67,26.67,551,2022-04-22 13:53:00,XP
26.75,26.79,26.74,26.74,1219,2022-04-22 13:54:00,XP
26.65,26.65,26.64,26.65,1200,2022-04-22 13:55:00,XP
26.62,26.6578,26.59,26.6578,1200,2022-04-22 13:56:00,XP
26.62,26.65,26.61,26.64,2818,2022-04-22 13:57:00,XP
26.65,26.6882,26.65,26.67,1979,2022-04-22 13:58:00,XP
26.655,26.68,26.655,26.67,450,2022-04-22 13:59:00,XP
26.705,26.79,26.705,26.77,2399,2022-04-22 14:00:00,XP
26.77,26.815,26.76,26.78,5734,2022-04-22 14:01:00,XP
26.76,26.77,26.7,26.72,5417,2022-04-22 14:02:00,XP
26.72,26.74,26.68,26.68,3050,2022-04-22 14:03:00,XP
26.715,26.715,26.68,26.68,764,2022-04-22 14:04:00,XP
26.655,26.7,26.64,26.7,20654,2022-04-22 14:05:00,XP
26.72,26.75,26.7,26.75,3755,2022-04-22 14:06:00,XP
26.75,26.805,26.75,26.77,3735,2022-04-22 14:07:00,XP
26.8,26.82,26.8,26.82,400,2022-04-22 14:08:00,XP
26.795,26.81,26.77,26.8,2533,2022-04-22 14:09:00,XP
26.78,26.8,26.66,26.71,69283,2022-04-22 14:10:00,XP
26.71,26.73,26.665,26.665,3458,2022-04-22 14:11:00,XP
26.665,26.74,26.665,26.74,8824,2022-04-22 14:12:00,XP
26.69,26.7,26.69,26.7,1849,2022-04-22 14:13:00,XP
26.66,26.66,26.56,26.58,35364,2022-04-22 14:14:00,XP
26.575,26.6,26.5,26.515,9962,2022-04-22 14:15:00,XP
26.496,26.496,26.46,26.49,4555,2022-04-22 14:16:00,XP
26.49,26.49,26.46,26.46,1900,2022-04-22 14:17:00,XP
26.45,26.45,26.4,26.405,800,2022-04-22 14:18:00,XP
26.43,26.43,26.43,26.43,793,2022-04-22 14:19:00,XP
26.42,26.44,26.37,26.38,1800,2022-04-22 14:20:00,XP
26.335,26.3399,26.29,26.29,20312,2022-04-22 14:21:00,XP
26.28,26.29,26.26,26.26,750,2022-04-22 14:22:00,XP
26.29,26.29,26.21,26.21,3505,2022-04-22 14:23:00,XP
26.23,26.33,26.22,26.32,5663,2022-04-22 14:24:00,XP
26.3,26.3,26.26,26.3,2700,2022-04-22 14:25:00,XP
26.27,26.3235,26.27,26.29,709,2022-04-22 14:26:00,XP
26.31,26.33,26.28,26.3,3464,2022-04-22 14:27:00,XP
26.27,26.27,26.245,26.245,500,2022-04-22 14:28:00,XP
26.28,26.29,26.221,26.255,8021,2022-04-22 14:29:00,XP
26.26,26.28,26.245,26.275,1378,2022-04-22 14:30:00,XP
26.23,26.23,26.2,26.225,2683,2022-04-22 14:32:00,XP
26.25,26.27,26.21,26.26,2500,2022-04-22 14:33:00,XP
26.26,26.31,26.26,26.29,4066,2022-04-22 14:34:00,XP
26.33,26.36,26.31,26.36,6168,2022-04-22 14:35:00,XP
26.37,26.46,26.37,26.46,3337,2022-04-22 14:36:00,XP
26.43,26.43,26.34,26.39,7441,2022-04-22 14:37:00,XP
26.34,26.37,26.29,26.29,29828,2022-04-22 14:38:00,XP
26.25,26.26,26.22,26.26,4837,2022-04-22 14:39:00,XP
26.25,26.26,26.21,26.235,1692,2022-04-22 14:40:00,XP
26.23,26.23,26.16,26.16,1215,2022-04-22 14:41:00,XP
26.19,26.19,26.11,26.14,1900,2022-04-22 14:42:00,XP
26.14,26.16,26.12,26.16,559,2022-04-22 14:43:00,XP
26.15,26.15,26.12,26.14,4162,2022-04-22 14:44:00,XP
26.13,26.13,26.04,26.09,11072,2022-04-22 14:45:00,XP
26.07,26.1,26.06,26.08,5937,2022-04-22 14:46:00,XP
26.07,26.12,26.07,26.095,5410,2022-04-22 14:47:00,XP
26.095,26.14,26.095,26.14,4986,2022-04-22 14:48:00,XP
26.16,26.16,26.1,26.13,9825,2022-04-22 14:49:00,XP
26.1,26.1,26.075,26.075,500,2022-04-22 14:50:00,XP
26.075,26.075,26.03,26.04,2300,2022-04-22 14:51:00,XP
26.03,26.06,26.02,26.035,4257,2022-04-22 14:52:00,XP
26.04,26.045,26.04,26.04,1000,2022-04-22 14:53:00,XP
26.03,26.04,25.96,26.01,8694,2022-04-22 14:54:00,XP
25.995,26.09,25.995,26.06,17570,2022-04-22 14:55:00,XP
26.1,26.11,26.055,26.07,4626,2022-04-22 14:56:00,XP
26.01,26.04,26.0,26.03,3831,2022-04-22 14:57:00,XP
26.04,26.06,26.03,26.05,1100,2022-04-22 14:58:00,XP
26.03,26.03,26.005,26.03,3000,2022-04-22 14:59:00,XP
26.015,26.07,26.015,26.05,6845,2022-04-22 15:00:00,XP
26.06,26.06,26.01,26.01,1200,2022-04-22 15:01:00,XP
26.0,26.02,25.97,25.99,51398,2022-04-22 15:02:00,XP
25.99,25.99,25.94,25.94,3510,2022-04-22 15:03:00,XP
25.93,25.93,25.91,25.91,1100,2022-04-22 15:04:00,XP
25.9132,25.93,25.897,25.92,7660,2022-04-22 15:05:00,XP
25.93,26.03,25.93,26.02,6911,2022-04-22 15:06:00,XP
26.04,26.09,26.04,26.05,14224,2022-04-22 15:07:00,XP
26.0558,26.08,26.0558,26.08,4278,2022-04-22 15:08:00,XP
26.08,26.18,26.07,26.17,4675,2022-04-22 15:09:00,XP
26.18,26.18,26.13,26.13,2392,2022-04-22 15:10:00,XP
26.11,26.11,26.085,26.085,900,2022-04-22 15:11:00,XP
26.07,26.07,26.03,26.03,534,2022-04-22 15:12:00,XP
26.02,26.06,26.02,26.06,6540,2022-04-22 15:13:00,XP
26.045,26.065,26.03,26.06,2636,2022-04-22 15:14:00,XP
26.07,26.1,26.05,26.05,5050,2022-04-22 15:15:00,XP
26.03,26.07,26.03,26.07,1455,2022-04-22 15:16:00,XP
26.06,26.06,26.04,26.04,3200,2022-04-22 15:17:00,XP
26.03,26.05,26.02,26.05,2905,2022-04-22 15:18:00,XP
26.05,26.075,26.04,26.07,8348,2022-04-22 15:19:00,XP
26.0756,26.11,26.065,26.09,8431,2022-04-22 15:20:00,XP
26.09,26.12,26.07,26.07,837,2022-04-22 15:21:00,XP
26.075,26.075,26.045,26.045,7517,2022-04-22 15:22:00,XP
26.06,26.06,26.01,26.01,2116,2022-04-22 15:23:00,XP
26.03,26.06,26.02,26.055,8620,2022-04-22 15:24:00,XP
26.05,26.07,26.01,26.07,6728,2022-04-22 15:25:00,XP
26.07,26.07,26.05,26.05,1402,2022-04-22 15:26:00,XP
26.025,26.04,26.025,26.036,900,2022-04-22 15:27:00,XP
26.027,26.027,26.01,26.01,5200,2022-04-22 15:28:00,XP
26.015,26.07,26.01,26.04,11111,2022-04-22 15:29:00,XP
26.05,26.17,26.045,26.11,10073,2022-04-22 15:30:00,XP
26.09,26.09,26.05,26.09,6460,2022-04-22 15:31:00,XP
26.09,26.09,26.05,26.05,2720,2022-04-22 15:32:00,XP
26.04,26.04,26.02,26.02,2200,2022-04-22 15:33:00,XP
26.0,26.0,26.0,26.0,200,2022-04-22 15:34:00,XP
26.015,26.0244,26.0,26.015,5341,2022-04-22 15:35:00,XP
26.03,26.046,26.015,26.046,4218,2022-04-22 15:36:00,XP
26.05,26.05,26.01,26.02,4970,2022-04-22 15:37:00,XP
26.02,26.03,26.02,26.03,1300,2022-04-22 15:38:00,XP
26.018,26.018,26.0,26.005,950,2022-04-22 15:39:00,XP
26.0,26.0,25.95,25.96,5563,2022-04-22 15:40:00,XP
25.95,25.95,25.91,25.91,1004,2022-04-22 15:41:00,XP
25.9,25.9,25.87,25.89,800,2022-04-22 15:42:00,XP
25.87,25.9,25.86,25.87,6126,2022-04-22 15:43:00,XP
25.905,25.905,25.87,25.88,800,2022-04-22 15:44:00,XP
25.84,25.87,25.84,25.86,2923,2022-04-22 15:45:00,XP
25.8999,25.8999,25.86,25.875,1500,2022-04-22 15:46:00,XP
25.87,25.9,25.87,25.9,1200,2022-04-22 15:47:00,XP
25.9,25.9,25.88,25.88,200,2022-04-22 15:48:00,XP
25.9032,25.9032,25.89,25.89,800,2022-04-22 15:49:00,XP
25.88,25.88,25.85,25.86,3853,2022-04-22 15:50:00,XP
25.87,25.87,25.86,25.865,900,2022-04-22 15:51:00,XP
25.88,25.9,25.865,25.88,1941,2022-04-22 15:52:00,XP
25.85,25.85,25.82,25.8399,1698,2022-04-22 15:53:00,XP
25.8,25.825,25.8,25.81,837,2022-04-22 15:54:00,XP
25.82,25.84,25.8,25.8,500,2022-04-22 15:55:00,XP
25.825,25.86,25.825,25.86,2200,2022-04-22 15:56:00,XP
25.87,25.87,25.86,25.86,300,2022-04-22 15:57:00,XP
25.8501,25.86,25.8501,25.86,400,2022-04-22 15:58:00,XP
25.86,25.86,25.83,25.83,1284,2022-04-22 15:59:00,XP
25.83,25.84,25.8,25.8,500,2022-04-22 16:00:00,XP
25.83,25.83,25.8,25.8,2293,2022-04-22 16:01:00,XP
25.8,25.81,25.78,25.78,3685,2022-04-22 16:02:00,XP
25.81,25.81,25.795,25.795,400,2022-04-22 16:03:00,XP
25.789,25.789,25.77,25.77,3600,2022-04-22 16:04:00,XP
25.79,25.79,25.735,25.735,18588,2022-04-22 16:05:00,XP
25.735,25.735,25.72,25.72,300,2022-04-22 16:06:00,XP
25.73,25.76,25.73,25.755,3486,2022-04-22 16:07:00,XP
25.73,25.75,25.73,25.74,4271,2022-04-22 16:08:00,XP
25.74,25.74,25.73,25.73,1985,2022-04-22 16:09:00,XP
25.74,25.74,25.72,25.72,2136,2022-04-22 16:10:00,XP
25.71,25.71,25.71,25.71,300,2022-04-22 16:11:00,XP
25.7299,25.76,25.72,25.76,3875,2022-04-22 16:12:00,XP
25.765,25.765,25.765,25.765,1300,2022-04-22 16:13:00,XP
25.765,25.768,25.76,25.76,1704,2022-04-22 16:14:00,XP
25.75,25.7505,25.75,25.75,2671,2022-04-22 16:15:00,XP
25.7,25.71,25.69,25.69,1142,2022-04-22 16:16:00,XP
25.7,25.73,25.695,25.7,2698,2022-04-22 16:17:00,XP
25.72,25.72,25.69,25.69,9402,2022-04-22 16:18:00,XP
25.675,25.675,25.64,25.655,2430,2022-04-22 16:19:00,XP
25.67,25.71,25.67,25.7,1910,2022-04-22 16:20:00,XP
25.72,25.72,25.7,25.7,500,2022-04-22 16:21:00,XP
25.71,25.72,25.685,25.685,2120,2022-04-22 16:22:00,XP
25.675,25.68,25.66,25.675,1400,2022-04-22 16:23:00,XP
25.68,25.72,25.68,25.71,1913,2022-04-22 16:24:00,XP
25.74,25.75,25.73,25.73,2149,2022-04-22 16:25:00,XP
25.71,25.71,25.7,25.71,5348,2022-04-22 16:26:00,XP
25.68,25.68,25.67,25.67,2610,2022-04-22 16:27:00,XP
25.67,25.67,25.64,25.64,5100,2022-04-22 16:28:00,XP
25.66,25.66,25.64,25.64,500,2022-04-22 16:29:00,XP
25.62,25.65,25.61,25.61,2516,2022-04-22 16:30:00,XP
25.64,25.655,25.63,25.655,3000,2022-04-22 16:31:00,XP
25.64,25.64,25.63,25.63,580,2022-04-22 16:32:00,XP
25.64,25.66,25.64,25.64,3601,2022-04-22 16:33:00,XP
25.635,25.635,25.61,25.62,858,2022-04-22 16:34:00,XP
25.63,25.64,25.62,25.63,3700,2022-04-22 16:35:00,XP
25.62,25.68,25.6,25.67,8162,2022-04-22 16:36:00,XP
25.66,25.675,25.62,25.625,4850,2022-04-22 16:37:00,XP
25.625,25.625,25.54,25.55,8407,2022-04-22 16:38:00,XP
25.55,25.58,25.55,25.575,13939,2022-04-22 16:39:00,XP
25.59,25.59,25.575,25.58,800,2022-04-22 16:40:00,XP
25.57,25.575,25.57,25.57,1716,2022-04-22 16:41:00,XP
25.56,25.56,25.53,25.545,7080,2022-04-22 16:42:00,XP
25.545,25.565,25.545,25.55,4980,2022-04-22 16:43:00,XP
25.57,25.59,25.57,25.59,2041,2022-04-22 16:44:00,XP
25.59,25.59,25.56,25.56,5361,2022-04-22 16:45:00,XP
25.55,25.57,25.54,25.57,14120,2022-04-22 16:46:00,XP
25.57,25.575,25.55,25.55,16362,2022-04-22 16:47:00,XP
25.56,25.57,25.55,25.56,2805,2022-04-22 16:48:00,XP
25.57,25.58,25.56,25.57,5093,2022-04-22 16:49:00,XP
25.56,25.56,25.535,25.535,5090,2022-04-22 16:50:00,XP
25.535,25.54,25.5,25.52,11463,2022-04-22 16:51:00,XP
25.53,25.53,25.46,25.4731,11137,2022-04-22 16:52:00,XP
25.47,25.47,25.46,25.47,1004,2022-04-22 16:53:00,XP
25.46,25.46,25.41,25.45,10090,2022-04-22 16:54:00,XP
25.445,25.45,25.405,25.405,3297,2022-04-22 16:55:00,XP
25.37,25.39,25.37,25.39,8795,2022-04-22 16:56:00,XP
25.39,25.42,25.38,25.38,8939,2022-04-22 16:57:00,XP
25.38,25.41,25.37,25.38,14597,2022-04-22 16:58:00,XP
25.38,25.39,25.37,25.385,10189,2022-04-22 16:59:00,XP
25.39,25.39,25.32,25.32,15489,2022-04-22 17:00:00,XP
25.3229,25.33,25.3,25.315,4320,2022-04-22 17:01:00,XP
25.315,25.3219,25.3,25.3,882,2022-04-22 17:02:00,XP
25.3,25.3,25.29,25.29,1500,2022-04-22 17:03:00,XP
25.27,25.305,25.26,25.305,14213,2022-04-22 17:04:00,XP
25.34,25.44,25.34,25.425,8794,2022-04-22 17:05:00,XP
25.44,25.46,25.43,25.43,602,2022-04-22 17:06:00,XP
25.44,25.53,25.44,25.5,12658,2022-04-22 17:07:00,XP
25.5,25.53,25.49,25.5,3891,2022-04-22 17:08:00,XP
25.52,25.58,25.52,25.58,2825,2022-04-22 17:09:00,XP
25.56,25.565,25.53,25.56,4430,2022-04-22 17:10:00,XP
25.57,25.59,25.54,25.59,4294,2022-04-22 17:11:00,XP
25.59,25.61,25.53,25.555,9862,2022-04-22 17:12:00,XP
25.54,25.55,25.51,25.52,13563,2022-04-22 17:13:00,XP
25.52,25.545,25.51,25.545,3411,2022-04-22 17:14:00,XP
25.545,25.56,25.53,25.54,5395,2022-04-22 17:15:00,XP
25.56,25.56,25.53,25.54,4800,2022-04-22 17:16:00,XP
25.53,25.53,25.51,25.52,7209,2022-04-22 17:17:00,XP
25.525,25.525,25.52,25.52,300,2022-04-22 17:18:00,XP
25.53,25.54,25.49,25.5,12165,2022-04-22 17:19:00,XP
25.5,25.505,25.47,25.5,2407,2022-04-22 17:20:00,XP
25.48,25.5,25.465,25.465,300,2022-04-22 17:21:00,XP
25.455,25.47,25.44,25.455,3273,2022-04-22 17:22:00,XP
25.45,25.48,25.44,25.45,3346,2022-04-22 17:23:00,XP
25.465,25.48,25.46,25.46,500,2022-04-22 17:24:00,XP
25.47,25.47,25.46,25.46,1000,2022-04-22 17:25:00,XP
25.47,25.53,25.47,25.52,44618,2022-04-22 17:26:00,XP
25.53,25.55,25.53,25.53,4484,2022-04-22 17:27:00,XP
25.52,25.52,25.49,25.5,6666,2022-04-22 17:28:00,XP
25.495,25.51,25.48,25.49,4600,2022-04-22 17:29:00,XP
25.5,25.5,25.46,25.46,3793,2022-04-22 17:30:00,XP
25.47,25.47,25.43,25.46,3166,2022-04-22 17:31:00,XP
25.46,25.5,25.46,25.46,201400,2022-04-22 17:32:00,XP
25.46,25.51,25.46,25.51,1900,2022-04-22 17:33:00,XP
25.53,25.53,25.5135,25.53,769,2022-04-22 17:34:00,XP
25.5,25.515,25.5,25.5,900,2022-04-22 17:35:00,XP
25.52,25.52,25.51,25.52,1200,2022-04-22 17:36:00,XP
25.53,25.53,25.51,25.51,1786,2022-04-22 17:37:00,XP
25.505,25.53,25.49,25.53,700,2022-04-22 17:38:00,XP
25.54,25.54,25.52,25.53,313,2022-04-22 17:39:00,XP
25.51,25.52,25.5,25.51,1366,2022-04-22 17:40:00,XP
25.52,25.58,25.52,25.58,6545,2022-04-22 17:41:00,XP
25.575,25.6,25.575,25.6,1075,2022-04-22 17:42:00,XP
25.6,25.64,25.6,25.62,3848,2022-04-22 17:43:00,XP
25.635,25.66,25.635,25.66,5000,2022-04-22 17:44:00,XP
25.65,25.66,25.64,25.64,963,2022-04-22 17:45:00,XP
25.62,25.62,25.57,25.585,11298,2022-04-22 17:46:00,XP
25.585,25.63,25.56,25.61,11071,2022-04-22 17:47:00,XP
25.58,25.625,25.56,25.61,4650,2022-04-22 17:48:00,XP
25.6,25.6,25.58,25.58,1979,2022-04-22 17:49:00,XP
25.58,25.585,25.56,25.56,507,2022-04-22 17:50:00,XP
25.54,25.54,25.54,25.54,100,2022-04-22 17:51:00,XP
25.54,25.57,25.54,25.57,1319,2022-04-22 17:52:00,XP
25.55,25.55,25.5,25.52,1050,2022-04-22 17:53:00,XP
25.47,25.51,25.47,25.495,4256,2022-04-22 17:54:00,XP
25.48,25.5,25.47,25.47,1000,2022-04-22 17:55:00,XP
25.5,25.5,25.46,25.475,900,2022-04-22 17:56:00,XP
25.475,25.475,25.475,25.475,362,2022-04-22 17:57:00,XP
25.475,25.52,25.475,25.505,3791,2022-04-22 17:58:00,XP
25.5,25.51,25.5,25.51,1066,2022-04-22 17:59:00,XP
25.5,25.505,25.48,25.485,3600,2022-04-22 18:00:00,XP
25.51,25.53,25.49,25.515,4026,2022-04-22 18:01:00,XP
25.495,25.515,25.48,25.515,2500,2022-04-22 18:02:00,XP
25.51,25.52,25.51,25.515,700,2022-04-22 18:03:00,XP
25.52,25.52,25.5,25.5,2100,2022-04-22 18:04:00,XP
25.495,25.54,25.495,25.54,1200,2022-04-22 18:05:00,XP
25.51,25.54,25.51,25.535,1508,2022-04-22 18:06:00,XP
25.55,25.56,25.54,25.555,2830,2022-04-22 18:07:00,XP
25.55,25.55,25.53,25.53,500,2022-04-22 18:08:00,XP
25.54,25.55,25.54,25.54,400,2022-04-22 18:09:00,XP
25.54,25.6,25.54,25.58,1300,2022-04-22 18:10:00,XP
25.59,25.59,25.58,25.59,1227,2022-04-22 18:11:00,XP
25.59,25.59,25.575,25.585,1000,2022-04-22 18:12:00,XP
25.58,25.6,25.58,25.6,1100,2022-04-22 18:13:00,XP
25.59,25.6,25.58,25.6,863,2022-04-22 18:14:00,XP
25.59,25.61,25.59,25.6,2100,2022-04-22 18:15:00,XP
25.605,25.605,25.59,25.59,348,2022-04-22 18:16:00,XP
25.59,25.65,25.59,25.65,1900,2022-04-22 18:17:00,XP
25.67,25.7,25.66,25.68,3887,2022-04-22 18:19:00,XP
25.67,25.677,25.66,25.677,1106,2022-04-22 18:20:00,XP
25.7,25.71,25.68,25.68,700,2022-04-22 18:21:00,XP
25.66,25.66,25.66,25.66,100,2022-04-22 18:22:00,XP
25.68,25.68,25.65,25.65,3311,2022-04-22 18:23:00,XP
25.62,25.62,25.62,25.62,200,2022-04-22 18:24:00,XP
25.61,25.61,25.58,25.59,600,2022-04-22 18:25:00,XP
25.56,25.59,25.55,25.55,600,2022-04-22 18:26:00,XP
25.52,25.52,25.52,25.52,200,2022-04-22 18:27:00,XP
25.52,25.54,25.52,25.53,6099,2022-04-22 18:28:00,XP
25.53,25.575,25.53,25.55,1556,2022-04-22 18:29:00,XP
25.56,25.57,25.53,25.54,900,2022-04-22 18:30:00,XP
25.51,25.52,25.5,25.505,1074,2022-04-22 18:31:00,XP
25.5,25.5,25.485,25.5,700,2022-04-22 18:32:00,XP
25.495,25.495,25.495,25.495,100,2022-04-22 18:33:00,XP
25.5,25.5,25.48,25.48,500,2022-04-22 18:34:00,XP
25.47,25.48,25.47,25.48,812,2022-04-22 18:35:00,XP
25.46,25.51,25.46,25.5,1570,2022-04-22 18:36:00,XP
25.505,25.505,25.505,25.505,200,2022-04-22 18:37:00,XP
25.49,25.49,25.48,25.48,550,2022-04-22 18:38:00,XP
25.49,25.49,25.49,25.49,200,2022-04-22 18:39:00,XP
25.5,25.53,25.5,25.53,800,2022-04-22 18:40:00,XP
25.53,25.54,25.53,25.53,1250,2022-04-22 18:41:00,XP
25.52,25.52,25.52,25.52,100,2022-04-22 18:42:00,XP
25.52,25.52,25.51,25.515,638,2022-04-22 18:43:00,XP
25.515,25.53,25.51,25.51,3594,2022-04-22 18:44:00,XP
25.51,25.52,25.48,25.48,3116,2022-04-22 18:45:00,XP
25.48,25.49,25.48,25.49,300,2022-04-22 18:46:00,XP
25.49,25.5,25.49,25.5,4597,2022-04-22 18:47:00,XP
25.49,25.49,25.48,25.48,200,2022-04-22 18:48:00,XP
25.47,25.505,25.47,25.505,2920,2022-04-22 18:49:00,XP
25.505,25.505,25.48,25.49,1343,2022-04-22 18:50:00,XP
25.5,25.5,25.44,25.44,1200,2022-04-22 18:51:00,XP
25.45,25.45,25.44,25.44,2000,2022-04-22 18:52:00,XP
25.45,25.48,25.45,25.48,2300,2022-04-22 18:53:00,XP
25.46,25.46,25.45,25.45,1382,2022-04-22 18:54:00,XP
25.47,25.47,25.46,25.46,1696,2022-04-22 18:55:00,XP
25.47,25.47,25.45,25.45,7900,2022-04-22 18:56:00,XP
25.45,25.47,25.45,25.47,1348,2022-04-22 18:57:00,XP
25.46,25.47,25.45,25.47,2200,2022-04-22 18:58:00,XP
25.47,25.505,25.46,25.505,4289,2022-04-22 18:59:00,XP
25.5,25.505,25.45,25.45,2592,2022-04-22 19:00:00,XP
25.45,25.5,25.45,25.46,5821,2022-04-22 19:01:00,XP
25.46,25.47,25.46,25.47,1596,2022-04-22 19:02:00,XP
25.46,25.47,25.45,25.47,1676,2022-04-22 19:03:00,XP
25.47,25.47,25.45,25.455,1154,2022-04-22 19:04:00,XP
25.45,25.47,25.45,25.455,3635,2022-04-22 19:05:00,XP
25.45,25.46,25.445,25.455,3835,2022-04-22 19:06:00,XP
25.46,25.5,25.455,25.5,8093,2022-04-22 19:07:00,XP
25.5,25.5,25.45,25.45,8055,2022-04-22 19:08:00,XP
25.46,25.46,25.43,25.45,30777,2022-04-22 19:09:00,XP
25.45,25.4585,25.43,25.45,49490,2022-04-22 19:10:00,XP
25.45,25.455,25.39,25.45,22016,2022-04-22 19:11:00,XP
25.43,25.45,25.42,25.445,9839,2022-04-22 19:12:00,XP
25.44,25.5,25.43,25.5,8234,2022-04-22 19:13:00,XP
25.5,25.505,25.45,25.45,4643,2022-04-22 19:14:00,XP
25.45,25.51,25.45,25.48,12505,2022-04-22 19:15:00,XP
25.49,25.54,25.48,25.51,13259,2022-04-22 19:16:00,XP
25.51,25.51,25.45,25.47,5595,2022-04-22 19:17:00,XP
25.48,25.52,25.46,25.47,15315,2022-04-22 19:18:00,XP
25.475,25.505,25.47,25.49,9684,2022-04-22 19:19:00,XP
25.48,25.505,25.46,25.505,33773,2022-04-22 19:20:00,XP
25.5,25.51,25.5,25.5,23295,2022-04-22 19:21:00,XP
25.5,25.51,25.5,25.5,10569,2022-04-22 19:22:00,XP
25.5,25.51,25.5,25.5,20867,2022-04-22 19:23:00,XP
25.505,25.505,25.5,25.505,9401,2022-04-22 19:24:00,XP
25.505,25.51,25.48,25.48,13369,2022-04-22 19:25:00,XP
25.49,25.505,25.48,25.505,16863,2022-04-22 19:26:00,XP
25.5,25.51,25.48,25.485,11802,2022-04-22 19:27:00,XP
25.49,25.49,25.48,25.48,10063,2022-04-22 19:28:00,XP
25.48,25.5,25.48,25.48,10589,2022-04-22 19:29:00,XP
25.48,25.5,25.48,25.48,9607,2022-04-22 19:30:00,XP
25.49,25.51,25.48,25.48,11589,2022-04-22 19:31:00,XP
25.485,25.51,25.48,25.49,13871,2022-04-22 19:32:00,XP
25.495,25.505,25.485,25.5,10188,2022-04-22 19:33:00,XP
25.49,25.52,25.485,25.515,21002,2022-04-22 19:34:00,XP
25.515,25.52,25.505,25.505,5398,2022-04-22 19:35:00,XP
25.51,25.57,25.5,25.535,29451,2022-04-22 19:36:00,XP
25.535,25.555,25.51,25.515,39765,2022-04-22 19:37:00,XP
25.515,25.53,25.51,25.525,33229,2022-04-22 19:38:00,XP
25.53,25.55,25.5,25.52,51254,2022-04-22 19:39:00,XP
25.515,25.555,25.515,25.53,13178,2022-04-22 19:40:00,XP
25.53,25.53,25.51,25.515,29228,2022-04-22 19:41:00,XP
25.51,25.52,25.48,25.48,31523,2022-04-22 19:42:00,XP
25.49,25.51,25.48,25.5,46892,2022-04-22 19:43:00,XP
25.49,25.53,25.49,25.52,21459,2022-04-22 19:44:00,XP
25.52,25.53,25.5,25.5,41793,2022-04-22 19:45:00,XP
25.5,25.51,25.455,25.46,139789,2022-04-22 19:46:00,XP
25.45,25.565,25.45,25.565,49356,2022-04-22 19:47:00,XP
25.55,25.565,25.5,25.5,17637,2022-04-22 19:48:00,XP
25.52,25.555,25.5,25.55,33518,2022-04-22 19:49:00,XP
25.54,25.57,25.525,25.55,43737,2022-04-22 19:50:00,XP
25.54,25.55,25.52,25.52,27188,2022-04-22 19:51:00,XP
25.521,25.57,25.5,25.55,38762,2022-04-22 19:52:00,XP
25.57,25.64,25.57,25.62,25186,2022-04-22 19:53:00,XP
25.62,25.62,25.57,25.57,8833,2022-04-22 19:54:00,XP
25.57,25.58,25.55,25.57,13236,2022-04-22 19:55:00,XP
25.57,25.64,25.57,25.64,35175,2022-04-22 19:56:00,XP
25.64,25.64,25.61,25.615,38390,2022-04-22 19:57:00,XP
25.62,25.65,25.61,25.645,38844,2022-04-22 19:58:00,XP
25.65,25.65,25.54,25.57,112609,2022-04-22 19:59:00,XP
25.57,25.57,25.57,25.57,199813,2022-04-22 20:00:00,XP
25.57,25.57,25.57,25.57,1065719,2022-04-22 20:16:00,XP
25.57,25.57,25.57,25.57,999,2022-04-22 20:31:00,XP
25.57,25.57,25.57,25.57,168300,2022-04-22 21:32:00,XP
25.57,25.57,25.57,25.57,100,2022-04-22 21:59:00,XP
25.14,25.14,25.14,25.14,100,2022-04-25 13:12:00,XP
25.29,25.44,25.29,25.44,992,2022-04-25 13:25:00,XP
25.19,25.39,25.19,25.28,1616,2022-04-25 13:27:00,XP
25.33,25.36,25.33,25.35,726,2022-04-25 13:28:00,XP
25.35,25.36,25.35,25.36,800,2022-04-25 13:29:00,XP
25.35,25.44,25.28,25.3,22760,2022-04-25 13:30:00,XP
25.27,25.29,25.2,25.29,7735,2022-04-25 13:31:00,XP
25.17,25.31,25.12,25.29,9773,2022-04-25 13:32:00,XP
25.25,25.25,25.25,25.25,200,2022-04-25 13:33:00,XP
25.29,25.31,25.2,25.2,837,2022-04-25 13:34:00,XP
25.28,25.44,25.27,25.27,2278,2022-04-25 13:35:00,XP
25.34,25.37,25.34,25.37,900,2022-04-25 13:36:00,XP
25.34,25.43,25.34,25.43,763,2022-04-25 13:37:00,XP
25.48,25.57,25.48,25.48,3575,2022-04-25 13:38:00,XP
25.5,25.5,25.45,25.46,1100,2022-04-25 13:39:00,XP
25.51,25.52,25.47,25.5,3300,2022-04-25 13:40:00,XP
25.46,25.465,25.42,25.44,3884,2022-04-25 13:41:00,XP
25.39,25.49,25.39,25.46,6793,2022-04-25 13:42:00,XP
25.4892,25.4892,25.44,25.45,1462,2022-04-25 13:43:00,XP
25.49,25.49,25.32,25.34,1000,2022-04-25 13:44:00,XP
25.33,25.33,25.22,25.22,3720,2022-04-25 13:45:00,XP
25.22,25.22,25.17,25.18,5609,2022-04-25 13:46:00,XP
25.17,25.22,25.17,25.18,3727,2022-04-25 13:47:00,XP
25.19,25.24,25.189,25.189,6871,2022-04-25 13:48:00,XP
25.2,25.32,25.18,25.32,5515,2022-04-25 13:49:00,XP
25.36,25.44,25.36,25.43,547,2022-04-25 13:50:00,XP
25.48,25.51,25.37,25.37,2320,2022-04-25 13:51:00,XP
25.36,25.39,25.36,25.39,1286,2022-04-25 13:52:00,XP
25.37,25.38,25.35,25.37,1700,2022-04-25 13:53:00,XP
25.33,25.33,25.29,25.32,1700,2022-04-25 13:54:00,XP
25.29,25.43,25.29,25.43,2930,2022-04-25 13:55:00,XP
25.45,25.46,25.44,25.44,2020,2022-04-25 13:56:00,XP
25.42,25.42,25.42,25.42,100,2022-04-25 13:57:00,XP
25.38,25.38,25.38,25.38,100,2022-04-25 13:58:00,XP
25.3692,25.3692,25.28,25.28,5100,2022-04-25 13:59:00,XP
25.26,25.31,25.26,25.31,2000,2022-04-25 14:00:00,XP
25.305,25.3087,25.27,25.3,877,2022-04-25 14:01:00,XP
25.35,25.36,25.33,25.33,1610,2022-04-25 14:02:00,XP
25.33,25.35,25.31,25.31,2262,2022-04-25 14:03:00,XP
25.34,25.34,25.31,25.31,500,2022-04-25 14:04:00,XP
25.26,25.26,25.2,25.2,2942,2022-04-25 14:05:00,XP
25.25,25.35,25.23,25.3,14478,2022-04-25 14:06:00,XP
25.3,25.4,25.3,25.4,2900,2022-04-25 14:07:00,XP
25.43,25.43,25.43,25.43,100,2022-04-25 14:08:00,XP
25.45,25.47,25.45,25.47,300,2022-04-25 14:09:00,XP
25.51,25.51,25.5,25.505,500,2022-04-25 14:10:00,XP
25.5,25.51,25.45,25.46,5900,2022-04-25 14:11:00,XP
25.45,25.47,25.42,25.45,3065,2022-04-25 14:12:00,XP
25.435,25.46,25.4,25.46,5570,2022-04-25 14:13:00,XP
25.45,25.46,25.45,25.46,200,2022-04-25 14:14:00,XP
25.51,25.53,25.44,25.45,3850,2022-04-25 14:15:00,XP
25.38,25.43,25.37,25.4,5750,2022-04-25 14:17:00,XP
25.41,25.44,25.3901,25.43,2542,2022-04-25 14:18:00,XP
25.43,25.5,25.43,25.5,200,2022-04-25 14:19:00,XP
25.51,25.52,25.36,25.38,6087,2022-04-25 14:20:00,XP
25.35,25.36,25.32,25.33,3244,2022-04-25 14:21:00,XP
25.33,25.33,25.32,25.32,900,2022-04-25 14:22:00,XP
25.32,25.33,25.29,25.33,1200,2022-04-25 14:23:00,XP
25.36,25.48,25.36,25.48,700,2022-04-25 14:24:00,XP
25.53,25.57,25.52,25.55,1300,2022-04-25 14:25:00,XP
25.535,25.535,25.535,25.535,500,2022-04-25 14:26:00,XP
25.54,25.57,25.48,25.5,15221,2022-04-25 14:27:00,XP
25.505,25.54,25.49,25.53,3751,2022-04-25 14:28:00,XP
25.53,25.57,25.52,25.57,2400,2022-04-25 14:29:00,XP
25.52,25.58,25.51,25.58,8069,2022-04-25 14:30:00,XP
25.57,25.58,25.545,25.57,3783,2022-04-25 14:31:00,XP
25.58,25.59,25.5,25.5,6580,2022-04-25 14:32:00,XP
25.505,25.54,25.505,25.52,3057,2022-04-25 14:33:00,XP
25.51,25.56,25.49,25.49,16951,2022-04-25 14:34:00,XP
25.49,25.5,25.45,25.46,2450,2022-04-25 14:35:00,XP
25.46,25.52,25.45,25.52,5700,2022-04-25 14:36:00,XP
25.54,25.54,25.53,25.53,3740,2022-04-25 14:37:00,XP
25.535,25.54,25.535,25.54,200,2022-04-25 14:38:00,XP
25.47,25.47,25.44,25.46,1550,2022-04-25 14:40:00,XP
25.42,25.42,25.42,25.42,300,2022-04-25 14:41:00,XP
25.4,25.43,25.38,25.43,5258,2022-04-25 14:42:00,XP
25.44,25.47,25.44,25.46,4100,2022-04-25 14:43:00,XP
25.45,25.47,25.41,25.45,4650,2022-04-25 14:44:00,XP
25.48,25.51,25.48,25.51,5525,2022-04-25 14:45:00,XP
25.52,25.53,25.46,25.46,34476,2022-04-25 14:46:00,XP
25.46,25.49,25.41,25.49,4048,2022-04-25 14:47:00,XP
25.5,25.52,25.495,25.51,3200,2022-04-25 14:48:00,XP
25.5,25.55,25.5,25.54,2178,2022-04-25 14:49:00,XP
25.555,25.57,25.49,25.49,3518,2022-04-25 14:50:00,XP
25.48,25.48,25.42,25.43,1800,2022-04-25 14:51:00,XP
25.401,25.415,25.4,25.4,600,2022-04-25 14:52:00,XP
25.38,25.425,25.38,25.425,7955,2022-04-25 14:53:00,XP
25.42,25.43,25.36,25.36,2546,2022-04-25 14:54:00,XP
25.36,25.36,25.32,25.32,3315,2022-04-25 14:55:00,XP
25.32,25.32,25.29,25.31,1636,2022-04-25 14:56:00,XP
25.31,25.35,25.3,25.3,8354,2022-04-25 14:57:00,XP
25.28,25.29,25.28,25.29,1400,2022-04-25 14:58:00,XP
25.28,25.28,25.23,25.23,5371,2022-04-25 14:59:00,XP
25.25,25.28,25.25,25.28,3505,2022-04-25 15:00:00,XP
25.27,25.29,25.21,25.21,5187,2022-04-25 15:01:00,XP
25.21,25.25,25.18,25.24,17685,2022-04-25 15:02:00,XP
25.24,25.28,25.23,25.28,5523,2022-04-25 15:03:00,XP
25.26,25.27,25.21,25.21,9370,2022-04-25 15:04:00,XP
25.2,25.2,25.15,25.18,3490,2022-04-25 15:05:00,XP
25.175,25.22,25.175,25.21,3045,2022-04-25 15:06:00,XP
25.24,25.24,25.22,25.24,800,2022-04-25 15:07:00,XP
25.24,25.25,25.24,25.25,1000,2022-04-25 15:08:00,XP
25.25,25.26,25.23,25.26,1148,2022-04-25 15:09:00,XP
25.26,25.27,25.23,25.26,2764,2022-04-25 15:10:00,XP
25.24,25.24,25.14,25.14,7386,2022-04-25 15:11:00,XP
25.14,25.23,25.12,25.22,7762,2022-04-25 15:12:00,XP
25.227,25.25,25.17,25.17,2775,2022-04-25 15:13:00,XP
25.13,25.13,25.09,25.09,3186,2022-04-25 15:15:00,XP
25.1,25.13,25.1,25.12,2198,2022-04-25 15:16:00,XP
25.15,25.15,25.13,25.15,700,2022-04-25 15:17:00,XP
25.15,25.15,25.12,25.14,1993,2022-04-25 15:18:00,XP
25.145,25.18,25.145,25.18,600,2022-04-25 15:19:00,XP
25.2,25.28,25.185,25.265,4888,2022-04-25 15:20:00,XP
25.29,25.305,25.27,25.27,5609,2022-04-25 15:21:00,XP
25.27,25.27,25.2,25.21,8950,2022-04-25 15:22:00,XP
25.2,25.22,25.2,25.2,5208,2022-04-25 15:23:00,XP
25.23,25.23,25.18,25.2,2892,2022-04-25 15:24:00,XP
25.2,25.3,25.2,25.3,3297,2022-04-25 15:25:00,XP
25.28,25.32,25.28,25.295,1700,2022-04-25 15:26:00,XP
25.28,25.29,25.27,25.275,1836,2022-04-25 15:27:00,XP
25.26,25.27,25.25,25.27,800,2022-04-25 15:28:00,XP
25.26,25.26,25.22,25.22,3800,2022-04-25 15:29:00,XP
25.24,25.24,25.21,25.21,1407,2022-04-25 15:30:00,XP
25.2,25.2,25.2,25.2,100,2022-04-25 15:31:00,XP
25.19,25.19,25.1403,25.16,1300,2022-04-25 15:32:00,XP
25.14,25.185,25.14,25.185,2812,2022-04-25 15:33:00,XP
25.205,25.24,25.205,25.22,1300,2022-04-25 15:34:00,XP
25.26,25.32,25.26,25.3,5203,2022-04-25 15:35:00,XP
25.33,25.33,25.3,25.32,1517,2022-04-25 15:36:00,XP
25.29,25.29,25.26,25.27,1467,2022-04-25 15:37:00,XP
25.26,25.29,25.26,25.26,4117,2022-04-25 15:38:00,XP
25.26,25.27,25.26,25.27,200,2022-04-25 15:39:00,XP
25.3,25.3169,25.29,25.3169,2987,2022-04-25 15:40:00,XP
25.31,25.32,25.29,25.32,2438,2022-04-25 15:41:00,XP
25.3,25.33,25.3,25.3,900,2022-04-25 15:42:00,XP
25.285,25.285,25.285,25.285,100,2022-04-25 15:43:00,XP
25.29,25.32,25.29,25.29,1100,2022-04-25 15:44:00,XP
25.28,25.28,25.23,25.24,1200,2022-04-25 15:45:00,XP
25.22,25.245,25.22,25.245,1000,2022-04-25 15:46:00,XP
25.23,25.25,25.22,25.25,1599,2022-04-25 15:47:00,XP
25.26,25.29,25.26,25.27,1980,2022-04-25 15:48:00,XP
25.29,25.29,25.25,25.25,1400,2022-04-25 15:49:00,XP
25.24,25.26,25.23,25.25,2134,2022-04-25 15:50:00,XP
25.27,25.3,25.27,25.27,6401,2022-04-25 15:51:00,XP
25.24,25.24,25.24,25.24,200,2022-04-25 15:52:00,XP
25.24,25.24,25.21,25.24,1618,2022-04-25 15:53:00,XP
25.24,25.26,25.225,25.25,4500,2022-04-25 15:54:00,XP
25.24,25.28,25.24,25.26,13186,2022-04-25 15:55:00,XP
25.29,25.29,25.24,25.28,6450,2022-04-25 15:56:00,XP
25.28,25.31,25.28,25.3,7106,2022-04-25 15:57:00,XP
25.3,25.3,25.27,25.29,5100,2022-04-25 15:58:00,XP
25.28,25.3,25.28,25.29,3205,2022-04-25 15:59:00,XP
25.29,25.29,25.27,25.285,3294,2022-04-25 16:00:00,XP
25.285,25.32,25.28,25.32,5984,2022-04-25 16:01:00,XP
25.3,25.31,25.3,25.3,1600,2022-04-25 16:02:00,XP
25.31,25.36,25.31,25.36,1000,2022-04-25 16:03:00,XP
25.35,25.357,25.3,25.33,3035,2022-04-25 16:04:00,XP
25.37,25.37,25.35,25.35,300,2022-04-25 16:05:00,XP
25.37,25.4,25.37,25.38,2336,2022-04-25 16:06:00,XP
25.43,25.5,25.43,25.49,2940,2022-04-25 16:07:00,XP
25.5,25.52,25.46,25.47,3929,2022-04-25 16:08:00,XP
25.465,25.49,25.46,25.49,500,2022-04-25 16:09:00,XP
25.49,25.53,25.48,25.53,500,2022-04-25 16:10:00,XP
25.53,25.54,25.47,25.47,11080,2022-04-25 16:11:00,XP
25.46,25.47,25.45,25.47,6658,2022-04-25 16:12:00,XP
25.47,25.505,25.47,25.505,1400,2022-04-25 16:13:00,XP
25.52,25.53,25.5,25.52,6577,2022-04-25 16:14:00,XP
25.52,25.6,25.52,25.6,1395,2022-04-25 16:15:00,XP
25.61,25.61,25.51,25.51,2950,2022-04-25 16:16:00,XP
25.5,25.51,25.49,25.51,3619,2022-04-25 16:17:00,XP
25.51,25.52,25.49,25.49,2450,2022-04-25 16:18:00,XP
25.5,25.52,25.5,25.51,1100,2022-04-25 16:19:00,XP
25.53,25.55,25.52,25.55,1300,2022-04-25 16:20:00,XP
25.56,25.57,25.54,25.54,1499,2022-04-25 16:21:00,XP
25.53,25.53,25.5002,25.53,1703,2022-04-25 16:22:00,XP
25.59,25.59,25.59,25.59,100,2022-04-25 16:23:00,XP
25.55,25.59,25.55,25.59,500,2022-04-25 16:24:00,XP
25.59,25.595,25.585,25.59,800,2022-04-25 16:25:00,XP
25.59,25.59,25.53,25.54,1700,2022-04-25 16:26:00,XP
25.56,25.58,25.54,25.54,2100,2022-04-25 16:27:00,XP
25.53,25.53,25.51,25.52,400,2022-04-25 16:28:00,XP
25.52,25.53,25.5,25.5,2063,2022-04-25 16:29:00,XP
25.51,25.56,25.5,25.56,22015,2022-04-25 16:30:00,XP
25.54,25.59,25.54,25.59,4000,2022-04-25 16:31:00,XP
25.6,25.65,25.6,25.65,12478,2022-04-25 16:32:00,XP
25.61,25.61,25.57,25.6,1998,2022-04-25 16:33:00,XP
25.6,25.6,25.59,25.59,500,2022-04-25 16:34:00,XP
25.59,25.6,25.58,25.59,1252,2022-04-25 16:35:00,XP
25.58,25.58,25.55,25.55,2300,2022-04-25 16:36:00,XP
25.535,25.55,25.52,25.53,2787,2022-04-25 16:37:00,XP
25.6,25.6,25.55,25.56,3400,2022-04-25 16:38:00,XP
25.55,25.56,25.53,25.53,900,2022-04-25 16:39:00,XP
25.53,25.54,25.53,25.54,500,2022-04-25 16:40:00,XP
25.545,25.58,25.54,25.54,1058,2022-04-25 16:41:00,XP
25.53,25.54,25.52,25.53,1000,2022-04-25 16:42:00,XP
25.54,25.54,25.54,25.54,100,2022-04-25 16:43:00,XP
25.565,25.57,25.54,25.54,4786,2022-04-25 16:45:00,XP
25.56,25.56,25.55,25.55,800,2022-04-25 16:46:00,XP
25.55,25.55,25.53,25.54,1785,2022-04-25 16:47:00,XP
25.54,25.56,25.54,25.56,1400,2022-04-25 16:48:00,XP
25.56,25.58,25.55,25.56,29464,2022-04-25 16:49:00,XP
25.57,25.57,25.55,25.55,11272,2022-04-25 16:50:00,XP
25.57,25.58,25.55,25.55,5592,2022-04-25 16:51:00,XP
25.56,25.56,25.53,25.53,1950,2022-04-25 16:52:00,XP
25.54,25.54,25.52,25.53,500,2022-04-25 16:53:00,XP
25.54,25.54,25.49,25.49,1000,2022-04-25 16:54:00,XP
25.48,25.49,25.47,25.48,994,2022-04-25 16:55:00,XP
25.46,25.46,25.42,25.45,2000,2022-04-25 16:56:00,XP
25.45,25.45,25.45,25.45,578,2022-04-25 16:57:00,XP
25.44,25.44,25.41,25.41,1100,2022-04-25 16:58:00,XP
25.41,25.42,25.405,25.41,1000,2022-04-25 16:59:00,XP
25.405,25.44,25.38,25.38,1000,2022-04-25 17:00:00,XP
25.37,25.37,25.35,25.35,743,2022-04-25 17:01:00,XP
25.35,25.35,25.335,25.335,200,2022-04-25 17:02:00,XP
25.33,25.36,25.33,25.36,2519,2022-04-25 17:03:00,XP
25.35,25.36,25.325,25.36,1800,2022-04-25 17:04:00,XP
25.36,25.36,25.34,25.34,900,2022-04-25 17:05:00,XP
25.33,25.36,25.32,25.34,2200,2022-04-25 17:06:00,XP
25.33,25.37,25.33,25.37,3025,2022-04-25 17:07:00,XP
25.35,25.37,25.35,25.37,500,2022-04-25 17:08:00,XP
25.39,25.39,25.36,25.39,1000,2022-04-25 17:09:00,XP
25.415,25.44,25.415,25.43,826,2022-04-25 17:10:00,XP
25.43,25.46,25.43,25.46,2459,2022-04-25 17:11:00,XP
25.48,25.49,25.47,25.47,1550,2022-04-25 17:12:00,XP
25.46,25.46,25.44,25.45,912,2022-04-25 17:13:00,XP
25.44,25.46,25.43,25.46,300,2022-04-25 17:14:00,XP
25.51,25.51,25.5,25.51,500,2022-04-25 17:15:00,XP
25.515,25.525,25.49,25.49,800,2022-04-25 17:16:00,XP
25.51,25.51,25.48,25.5,1000,2022-04-25 17:17:00,XP
25.48,25.53,25.48,25.53,3650,2022-04-25 17:18:00,XP
25.57,25.58,25.56,25.575,2900,2022-04-25 17:19:00,XP
25.58,25.6,25.55,25.56,3500,2022-04-25 17:20:00,XP
25.56,25.58,25.55,25.57,6619,2022-04-25 17:21:00,XP
25.58,25.59,25.52,25.53,5582,2022-04-25 17:22:00,XP
25.525,25.525,25.51,25.515,4100,2022-04-25 17:23:00,XP
25.52,25.52,25.495,25.51,5454,2022-04-25 17:24:00,XP
25.53,25.55,25.51,25.51,3731,2022-04-25 17:25:00,XP
25.485,25.485,25.41,25.41,3767,2022-04-25 17:26:00,XP
25.42,25.43,25.41,25.42,3149,2022-04-25 17:27:00,XP
25.42,25.45,25.42,25.45,700,2022-04-25 17:28:00,XP
25.46,25.48,25.45,25.45,2154,2022-04-25 17:29:00,XP
25.47,25.54,25.47,25.54,1375,2022-04-25 17:30:00,XP
25.53,25.53,25.51,25.51,2200,2022-04-25 17:31:00,XP
25.5,25.51,25.48,25.48,1800,2022-04-25 17:32:00,XP
25.46,25.46,25.39,25.395,1600,2022-04-25 17:33:00,XP
25.39,25.4,25.39,25.4,600,2022-04-25 17:34:00,XP
25.42,25.43,25.41,25.42,600,2022-04-25 17:35:00,XP
25.42,25.43,25.42,25.42,1192,2022-04-25 17:36:00,XP
25.43,25.44,25.42,25.42,1748,2022-04-25 17:37:00,XP
25.42,25.43,25.415,25.42,1100,2022-04-25 17:38:00,XP
25.43,25.43,25.43,25.43,200,2022-04-25 17:39:00,XP
25.45,25.5,25.45,25.465,3915,2022-04-25 17:40:00,XP
25.475,25.475,25.46,25.46,1000,2022-04-25 17:41:00,XP
25.47,25.49,25.46,25.49,1800,2022-04-25 17:42:00,XP
25.5,25.51,25.495,25.5,1098,2022-04-25 17:43:00,XP
25.51,25.51,25.4701,25.49,7911,2022-04-25 17:44:00,XP
25.5,25.52,25.495,25.5159,644,2022-04-25 17:45:00,XP
25.52,25.53,25.52,25.52,510,2022-04-25 17:46:00,XP
25.51,25.53,25.5,25.53,1700,2022-04-25 17:47:00,XP
25.51,25.53,25.51,25.51,999,2022-04-25 17:48:00,XP
25.53,25.55,25.52,25.53,1600,2022-04-25 17:49:00,XP
25.52,25.52,25.49,25.49,710,2022-04-25 17:50:00,XP
25.47,25.47,25.435,25.44,400,2022-04-25 17:51:00,XP
25.45,25.45,25.43,25.43,918,2022-04-25 17:52:00,XP
25.43,25.465,25.43,25.465,741,2022-04-25 17:53:00,XP
25.49,25.49,25.43,25.43,1400,2022-04-25 17:54:00,XP
25.42,25.42,25.41,25.41,800,2022-04-25 17:55:00,XP
25.41,25.42,25.4,25.42,800,2022-04-25 17:56:00,XP
25.41,25.41,25.36,25.36,1100,2022-04-25 17:57:00,XP
25.36,25.37,25.34,25.355,600,2022-04-25 17:58:00,XP
25.35,25.35,25.3,25.31,15719,2022-04-25 17:59:00,XP
25.35,25.35,25.33,25.33,300,2022-04-25 18:00:00,XP
25.33,25.33,25.3,25.3,1000,2022-04-25 18:01:00,XP
25.31,25.35,25.305,25.31,3646,2022-04-25 18:02:00,XP
25.32,25.32,25.32,25.32,300,2022-04-25 18:03:00,XP
25.32,25.35,25.31,25.32,1857,2022-04-25 18:04:00,XP
25.315,25.35,25.31,25.33,4118,2022-04-25 18:05:00,XP
25.33,25.347,25.33,25.347,200,2022-04-25 18:06:00,XP
25.33,25.35,25.32,25.35,1620,2022-04-25 18:07:00,XP
25.35,25.41,25.34,25.41,1784,2022-04-25 18:08:00,XP
25.43,25.445,25.41,25.41,1916,2022-04-25 18:09:00,XP
25.42,25.44,25.38,25.38,1258,2022-04-25 18:10:00,XP
25.39,25.4,25.3,25.3,5195,2022-04-25 18:11:00,XP
25.3,25.315,25.29,25.31,1900,2022-04-25 18:12:00,XP
25.31,25.35,25.31,25.33,7100,2022-04-25 18:13:00,XP
25.337,25.34,25.31,25.317,3361,2022-04-25 18:14:00,XP
25.32,25.35,25.31,25.34,4077,2022-04-25 18:15:00,XP
25.33,25.33,25.31,25.33,2157,2022-04-25 18:16:00,XP
25.33,25.35,25.32,25.33,2300,2022-04-25 18:17:00,XP
25.35,25.38,25.35,25.38,3600,2022-04-25 18:18:00,XP
25.38,25.38,25.37,25.37,2100,2022-04-25 18:19:00,XP
25.38,25.4,25.35,25.39,2700,2022-04-25 18:20:00,XP
25.385,25.43,25.38,25.43,3120,2022-04-25 18:21:00,XP
25.42,25.44,25.405,25.44,3007,2022-04-25 18:22:00,XP
25.44,25.47,25.44,25.47,1600,2022-04-25 18:23:00,XP
25.46,25.46,25.44,25.44,754,2022-04-25 18:24:00,XP
25.45,25.46,25.445,25.45,3394,2022-04-25 18:25:00,XP
25.455,25.48,25.45,25.47,1900,2022-04-25 18:26:00,XP
25.475,25.475,25.44,25.47,4200,2022-04-25 18:27:00,XP
25.47,25.49,25.46,25.47,5298,2022-04-25 18:28:00,XP
25.48,25.51,25.47,25.51,3600,2022-04-25 18:29:00,XP
25.51,25.52,25.5,25.5,1265,2022-04-25 18:30:00,XP
25.505,25.51,25.48,25.5,6818,2022-04-25 18:31:00,XP
25.5,25.51,25.49,25.5,2496,2022-04-25 18:32:00,XP
25.51,25.515,25.48,25.49,5804,2022-04-25 18:33:00,XP
25.495,25.52,25.4902,25.51,63233,2022-04-25 18:34:00,XP
25.54,25.565,25.48,25.495,105005,2022-04-25 18:35:00,XP
25.5,25.6,25.45,25.595,121413,2022-04-25 18:36:00,XP
25.61,25.77,25.61,25.77,46043,2022-04-25 18:37:00,XP
25.78,25.82,25.78,25.78,4506,2022-04-25 18:38:00,XP
25.77,25.77,25.72,25.72,2473,2022-04-25 18:39:00,XP
25.72,25.75,25.66,25.73,8882,2022-04-25 18:40:00,XP
25.74,25.74,25.71,25.74,4755,2022-04-25 18:41:00,XP
25.76,25.9,25.76,25.87,75083,2022-04-25 18:42:00,XP
25.86,25.945,25.86,25.91,31270,2022-04-25 18:43:00,XP
25.915,25.94,25.88,25.9,5039,2022-04-25 18:44:00,XP
25.9,25.91,25.87,25.9,5512,2022-04-25 18:45:00,XP
25.9,25.94,25.89,25.925,3846,2022-04-25 18:46:00,XP
25.93,25.96,25.93,25.96,3510,2022-04-25 18:47:00,XP
25.95,25.96,25.95,25.955,1515,2022-04-25 18:48:00,XP
25.96,26.02,25.96,26.02,2212,2022-04-25 18:49:00,XP
26.0,26.01,25.98,25.99,4236,2022-04-25 18:50:00,XP
25.99,26.0,25.985,26.0,3287,2022-04-25 18:51:00,XP
26.005,26.03,26.0,26.03,3413,2022-04-25 18:52:00,XP
26.05,26.08,26.05,26.06,5959,2022-04-25 18:53:00,XP
26.07,26.08,26.06,26.08,697,2022-04-25 18:54:00,XP
26.08,26.09,26.055,26.07,3825,2022-04-25 18:55:00,XP
26.06,26.07,26.055,26.06,2078,2022-04-25 18:56:00,XP
26.06,26.07,26.035,26.04,16260,2022-04-25 18:57:00,XP
26.04,26.04,25.97,25.99,116901,2022-04-25 18:58:00,XP
25.995,26.05,25.98,26.0,20072,2022-04-25 18:59:00,XP
25.99,26.0,25.905,25.92,5521,2022-04-25 19:00:00,XP
25.91,25.91,25.83,25.83,3550,2022-04-25 19:01:00,XP
25.83,25.83,25.76,25.76,3805,2022-04-25 19:02:00,XP
25.72,25.72,25.65,25.7,18314,2022-04-25 19:03:00,XP
25.69,25.71,25.68,25.71,3900,2022-04-25 19:04:00,XP
25.7,25.72,25.67,25.72,10031,2022-04-25 19:05:00,XP
25.73,25.73,25.705,25.72,1662,2022-04-25 19:06:00,XP
25.71,25.71,25.67,25.69,2852,2022-04-25 19:07:00,XP
25.68,25.72,25.68,25.72,2393,2022-04-25 19:08:00,XP
25.745,25.745,25.72,25.74,2901,2022-04-25 19:09:00,XP
25.72,25.76,25.72,25.76,1700,2022-04-25 19:10:00,XP
25.76,25.78,25.71,25.735,2888,2022-04-25 19:11:00,XP
25.74,25.74,25.72,25.73,1600,2022-04-25 19:12:00,XP
25.71,25.76,25.71,25.76,800,2022-04-25 19:13:00,XP
25.75,25.75,25.72,25.74,4962,2022-04-25 19:14:00,XP
25.75,25.81,25.74,25.806,3214,2022-04-25 19:15:00,XP
25.81,25.81,25.78,25.79,1600,2022-04-25 19:16:00,XP
25.7775,25.8,25.7775,25.8,5668,2022-04-25 19:17:00,XP
25.82,25.88,25.82,25.88,4006,2022-04-25 19:18:00,XP
25.9,25.91,25.8948,25.9,3142,2022-04-25 19:19:00,XP
25.91,25.92,25.895,25.895,5773,2022-04-25 19:20:00,XP
25.905,25.91,25.87,25.89,3200,2022-04-25 19:21:00,XP
25.92,25.94,25.915,25.94,3066,2022-04-25 19:22:00,XP
25.94,25.955,25.935,25.95,2361,2022-04-25 19:23:00,XP
25.93,25.93,25.9,25.925,3664,2022-04-25 19:24:00,XP
25.92,25.92,25.87,25.895,4681,2022-04-25 19:25:00,XP
25.885,25.885,25.84,25.86,2788,2022-04-25 19:26:00,XP
25.86,25.86,25.81,25.83,4949,2022-04-25 19:27:00,XP
25.825,25.85,25.81,25.85,4917,2022-04-25 19:28:00,XP
25.84,25.89,25.825,25.89,5012,2022-04-25 19:29:00,XP
25.88,25.92,25.855,25.92,3000,2022-04-25 19:30:00,XP
25.915,25.94,25.9,25.94,4151,2022-04-25 19:31:00,XP
25.95,25.95,25.915,25.92,3220,2022-04-25 19:32:00,XP
25.915,25.96,25.89,25.92,5092,2022-04-25 19:33:00,XP
25.9,25.91,25.9,25.91,1639,2022-04-25 19:34:00,XP
25.9,25.93,25.88,25.91,6845,2022-04-25 19:35:00,XP
25.91,25.92,25.9,25.91,3500,2022-04-25 19:36:00,XP
25.92,25.94,25.91,25.92,1600,2022-04-25 19:37:00,XP
25.89,25.93,25.89,25.925,2241,2022-04-25 19:38:00,XP
25.925,25.94,25.92,25.92,4652,2022-04-25 19:39:00,XP
25.93,25.945,25.93,25.945,2000,2022-04-25 19:40:00,XP
25.945,25.965,25.93,25.93,4222,2022-04-25 19:41:00,XP
25.93,25.94,25.9,25.9,3506,2022-04-25 19:42:00,XP
25.895,25.99,25.895,25.99,12149,2022-04-25 19:43:00,XP
26.0,26.11,26.0,26.06,42632,2022-04-25 19:44:00,XP
26.06,26.07,26.03,26.03,3252,2022-04-25 19:45:00,XP
26.0,26.04,25.985,26.03,3426,2022-04-25 19:46:00,XP
26.03,26.035,26.0,26.0,8041,2022-04-25 19:47:00,XP
26.0,26.01,25.97,25.97,3832,2022-04-25 19:48:00,XP
25.96,25.97,25.94,25.95,8739,2022-04-25 19:49:00,XP
25.95,25.95,25.89,25.93,15449,2022-04-25 19:50:00,XP
25.93,25.935,25.9,25.92,14474,2022-04-25 19:51:00,XP
25.92,25.935,25.92,25.92,2723,2022-04-25 19:52:00,XP
25.925,25.96,25.91,25.96,17152,2022-04-25 19:53:00,XP
25.95,25.979,25.95,25.97,4881,2022-04-25 19:54:00,XP
25.96,25.99,25.94,25.989,27870,2022-04-25 19:55:00,XP
25.98,25.99,25.97,25.985,9802,2022-04-25 19:56:00,XP
25.99,26.02,25.99,26.015,19528,2022-04-25 19:57:00,XP
26.01,26.025,25.98,26.01,49891,2022-04-25 19:58:00,XP
26.005,26.02,25.99,26.0,30622,2022-04-25 19:59:00,XP
25.99,25.99,25.99,25.99,164419,2022-04-25 20:00:00,XP
25.99,25.99,25.99,25.99,50000,2022-04-25 20:02:00,XP
26.08,26.08,26.08,26.08,600,2022-04-25 20:06:00,XP
26.1,26.1,26.1,26.1,200,2022-04-25 20:10:00,XP
25.99,25.99,25.99,25.99,511968,2022-04-25 20:21:00,XP
26.1,26.1,26.1,26.1,770,2022-04-25 20:24:00,XP
26.1,26.1,26.1,26.1,100,2022-04-25 20:30:00,XP
26.1,26.1,25.99,26.1,700,2022-04-25 20:33:00,XP
26.1,26.1,26.1,26.1,200,2022-04-25 20:34:00,XP
26.03,26.03,26.03,26.03,200,2022-04-25 20:43:00,XP
26.0,26.0,26.0,26.0,1000,2022-04-26 12:12:00,XP
26.0,26.0,26.0,26.0,450,2022-04-26 12:21:00,XP
25.64,25.64,25.64,25.64,475,2022-04-26 13:03:00,XP
25.57,25.62,25.57,25.62,370,2022-04-26 13:05:00,XP
25.58,25.58,25.57,25.57,453,2022-04-26 13:06:00,XP
25.63,25.64,25.63,25.64,386,2022-04-26 13:09:00,XP
25.68,25.72,25.68,25.72,1666,2022-04-26 13:10:00,XP
25.83,25.85,25.79,25.85,1590,2022-04-26 13:11:00,XP
25.88,25.88,25.86,25.86,597,2022-04-26 13:12:00,XP
25.83,25.83,25.78,25.78,500,2022-04-26 13:14:00,XP
25.7,25.7,25.57,25.64,1510,2022-04-26 13:15:00,XP
25.64,25.64,25.64,25.64,100,2022-04-26 13:16:00,XP
25.58,25.62,25.58,25.62,705,2022-04-26 13:19:00,XP
25.48,25.86,25.48,25.63,1197,2022-04-26 13:25:00,XP
25.48,25.73,25.48,25.73,840,2022-04-26 13:27:00,XP
25.6,25.61,25.55,25.57,808,2022-04-26 13:28:00,XP
25.59,25.6,25.59,25.6,765,2022-04-26 13:29:00,XP
25.6,25.87,25.52,25.87,17673,2022-04-26 13:30:00,XP
25.85,25.85,25.7,25.7,5882,2022-04-26 13:31:00,XP
25.69,25.76,25.61,25.7,3300,2022-04-26 13:32:00,XP
25.7,25.7,25.62,25.63,4940,2022-04-26 13:33:00,XP
25.6,25.62,25.5,25.58,2160,2022-04-26 13:34:00,XP
25.54,25.54,25.49,25.5,6716,2022-04-26 13:35:00,XP
25.48,25.51,25.44,25.46,4315,2022-04-26 13:36:00,XP
25.49,25.54,25.49,25.49,4774,2022-04-26 13:37:00,XP
25.49,25.54,25.43,25.54,2483,2022-04-26 13:38:00,XP
25.54,25.57,25.48,25.48,3058,2022-04-26 13:39:00,XP
25.49,25.53,25.49,25.49,3400,2022-04-26 13:40:00,XP
25.48,25.53,25.46,25.52,1400,2022-04-26 13:41:00,XP
25.48,25.48,25.4,25.43,2599,2022-04-26 13:42:00,XP
25.4,25.41,25.32,25.35,3586,2022-04-26 13:43:00,XP
25.36,25.37,25.31,25.31,1996,2022-04-26 13:44:00,XP
25.36,25.36,25.31,25.34,1265,2022-04-26 13:46:00,XP
25.3,25.32,25.22,25.24,9970,2022-04-26 13:47:00,XP
25.25,25.25,25.25,25.25,200,2022-04-26 13:48:00,XP
25.25,25.25,25.22,25.22,511,2022-04-26 13:49:00,XP
25.22,25.22,25.15,25.15,5246,2022-04-26 13:50:00,XP
25.12,25.175,25.12,25.16,1961,2022-04-26 13:51:00,XP
25.2,25.2,25.17,25.17,200,2022-04-26 13:52:00,XP
25.23,25.23,25.22,25.22,300,2022-04-26 13:53:00,XP
25.18,25.2,25.16,25.17,2034,2022-04-26 13:54:00,XP
25.15,25.16,25.13,25.145,1200,2022-04-26 13:55:00,XP
25.17,25.175,25.13,25.13,1200,2022-04-26 13:56:00,XP
25.13,25.13,25.09,25.09,1480,2022-04-26 13:57:00,XP
25.095,25.12,25.07,25.11,3351,2022-04-26 13:59:00,XP
25.14,25.14,25.14,25.14,100,2022-04-26 14:00:00,XP
25.1,25.1,25.065,25.065,3190,2022-04-26 14:01:00,XP
25.06,25.075,25.02,25.03,2910,2022-04-26 14:02:00,XP
25.01,25.02,25.0,25.01,8602,2022-04-26 14:03:00,XP
24.98,25.0,24.94,24.96,5786,2022-04-26 14:04:00,XP
24.95,25.06,24.95,25.03,16641,2022-04-26 14:05:00,XP
25.08,25.0925,25.06,25.092,4892,2022-04-26 14:07:00,XP
25.09,25.1,25.08,25.1,600,2022-04-26 14:08:00,XP
25.11,25.16,25.1,25.13,6690,2022-04-26 14:09:00,XP
25.11,25.11,24.98,24.98,6724,2022-04-26 14:10:00,XP
25.005,25.03,24.91,24.92,7139,2022-04-26 14:11:00,XP
24.92,24.93,24.92,24.93,559,2022-04-26 14:12:00,XP
24.93,24.95,24.9,24.9,3455,2022-04-26 14:13:00,XP
24.905,24.945,24.905,24.94,692,2022-04-26 14:14:00,XP
24.925,24.925,24.9,24.9,2300,2022-04-26 14:15:00,XP
24.92,24.92,24.905,24.905,200,2022-04-26 14:16:00,XP
24.9,24.925,24.9,24.925,1000,2022-04-26 14:17:00,XP
24.92,24.92,24.92,24.92,500,2022-04-26 14:18:00,XP
24.9,24.93,24.9,24.9,5555,2022-04-26 14:19:00,XP
24.89,24.92,24.86,24.92,3300,2022-04-26 14:20:00,XP
24.92,24.92,24.81,24.81,9755,2022-04-26 14:21:00,XP
24.82,24.87,24.77,24.87,5371,2022-04-26 14:22:00,XP
24.88,24.91,24.87,24.87,888,2022-04-26 14:23:00,XP
24.9,24.93,24.88,24.88,6050,2022-04-26 14:24:00,XP
24.87,24.87,24.82,24.82,1757,2022-04-26 14:25:00,XP
24.8,24.86,24.79,24.86,2505,2022-04-26 14:26:00,XP
24.86,24.87,24.82,24.87,9592,2022-04-26 14:27:00,XP
24.87,24.88,24.87,24.87,600,2022-04-26 14:28:00,XP
24.86,24.915,24.86,24.91,5157,2022-04-26 14:29:00,XP
24.89,24.8997,24.86,24.87,530,2022-04-26 14:30:00,XP
24.85,24.89,24.85,24.89,2800,2022-04-26 14:31:00,XP
24.92,24.92,24.88,24.88,1429,2022-04-26 14:32:00,XP
24.885,24.885,24.71,24.74,55110,2022-04-26 14:33:00,XP
24.73,24.745,24.7,24.74,3473,2022-04-26 14:34:00,XP
24.74,24.75,24.73,24.7399,2400,2022-04-26 14:35:00,XP
24.73,24.73,24.73,24.73,500,2022-04-26 14:36:00,XP
24.74,24.78,24.74,24.78,1663,2022-04-26 14:37:00,XP
24.79,24.79,24.76,24.76,2304,2022-04-26 14:38:00,XP
24.715,24.75,24.7,24.73,10213,2022-04-26 14:39:00,XP
24.73,24.78,24.73,24.78,7687,2022-04-26 14:40:00,XP
24.77,24.78,24.76,24.77,16724,2022-04-26 14:41:00,XP
24.77,24.93,24.77,24.93,21761,2022-04-26 14:42:00,XP
24.91,24.91,24.84,24.84,4579,2022-04-26 14:43:00,XP
24.85,24.85,24.83,24.83,850,2022-04-26 14:44:00,XP
24.845,24.93,24.845,24.925,2048,2022-04-26 14:45:00,XP
24.94,24.96,24.94,24.96,200,2022-04-26 14:46:00,XP
24.93,24.94,24.91,24.91,2600,2022-04-26 14:47:00,XP
24.8954,24.93,24.8954,24.91,2311,2022-04-26 14:48:00,XP
24.92,24.93,24.915,24.93,738,2022-04-26 14:50:00,XP
24.915,24.915,24.86,24.86,1144,2022-04-26 14:51:00,XP
24.88,24.89,24.88,24.88,1990,2022-04-26 14:52:00,XP
24.9,24.9,24.84,24.84,1565,2022-04-26 14:53:00,XP
24.84,24.84,24.825,24.83,1621,2022-04-26 14:54:00,XP
24.83,24.84,24.825,24.84,696,2022-04-26 14:55:00,XP
24.82,24.82,24.79,24.79,1001,2022-04-26 14:56:00,XP
24.78,24.78,24.76,24.76,401,2022-04-26 14:57:00,XP
24.74,24.759,24.71,24.73,4873,2022-04-26 14:58:00,XP
24.735,24.755,24.72,24.755,1100,2022-04-26 14:59:00,XP
24.75,24.75,24.7,24.71,2400,2022-04-26 15:00:00,XP
24.715,24.715,24.69,24.695,700,2022-04-26 15:01:00,XP
24.68,24.69,24.66,24.69,3100,2022-04-26 15:02:00,XP
24.69,24.71,24.68,24.71,2300,2022-04-26 15:03:00,XP
24.7,24.7,24.62,24.62,4721,2022-04-26 15:04:00,XP
24.61,24.64,24.605,24.61,12848,2022-04-26 15:05:00,XP
24.62,24.63,24.62,24.63,500,2022-04-26 15:06:00,XP
24.63,24.63,24.55,24.56,4703,2022-04-26 15:07:00,XP
24.58,24.61,24.57,24.59,7038,2022-04-26 15:08:00,XP
24.575,24.59,24.575,24.58,1000,2022-04-26 15:09:00,XP
24.5851,24.595,24.58,24.58,738,2022-04-26 15:10:00,XP
24.575,24.6,24.575,24.6,2800,2022-04-26 15:11:00,XP
24.62,24.62,24.6,24.6,1600,2022-04-26 15:12:00,XP
24.59,24.605,24.58,24.605,1100,2022-04-26 15:13:00,XP
24.62,24.64,24.605,24.63,5600,2022-04-26 15:14:00,XP
24.61,24.61,24.57,24.57,1700,2022-04-26 15:15:00,XP
24.56,24.575,24.56,24.57,600,2022-04-26 15:16:00,XP
24.56,24.57,24.56,24.565,2409,2022-04-26 15:17:00,XP
24.57,24.57,24.57,24.57,200,2022-04-26 15:18:00,XP
24.58,24.58,24.55,24.55,4165,2022-04-26 15:19:00,XP
24.56,24.61,24.56,24.61,11724,2022-04-26 15:20:00,XP
24.61,24.645,24.61,24.645,8561,2022-04-26 15:21:00,XP
24.64,24.66,24.64,24.66,2050,2022-04-26 15:22:00,XP
24.67,24.685,24.66,24.66,5190,2022-04-26 15:23:00,XP
24.66,24.68,24.655,24.66,3800,2022-04-26 15:24:00,XP
24.665,24.67,24.66,24.66,1500,2022-04-26 15:25:00,XP
24.67,24.68,24.65,24.65,5204,2022-04-26 15:26:00,XP
24.66,24.68,24.66,24.67,3200,2022-04-26 15:27:00,XP
24.67,24.67,24.63,24.63,2282,2022-04-26 15:28:00,XP
24.65,24.65,24.645,24.65,1826,2022-04-26 15:29:00,XP
24.66,24.67,24.65,24.67,3213,2022-04-26 15:30:00,XP
24.66,24.81,24.66,24.81,26964,2022-04-26 15:31:00,XP
24.79,24.8,24.74,24.75,6070,2022-04-26 15:32:00,XP
24.77,24.77,24.76,24.77,1968,2022-04-26 15:33:00,XP
24.775,24.78,24.76,24.76,3301,2022-04-26 15:34:00,XP
24.75,24.76,24.7,24.71,3472,2022-04-26 15:35:00,XP
24.69,24.69,24.64,24.67,1700,2022-04-26 15:36:00,XP
24.67,24.7,24.67,24.69,4267,2022-04-26 15:37:00,XP
24.71,24.74,24.71,24.74,897,2022-04-26 15:38:00,XP
24.73,24.77,24.73,24.77,1314,2022-04-26 15:39:00,XP
24.75,24.75,24.74,24.74,1900,2022-04-26 15:40:00,XP
24.73,24.73,24.68,24.68,4528,2022-04-26 15:41:00,XP
24.69,24.705,24.68,24.68,3640,2022-04-26 15:42:00,XP
24.7,24.7,24.69,24.69,1000,2022-04-26 15:43:00,XP
24.71,24.74,24.71,24.735,1900,2022-04-26 15:44:00,XP
24.74,24.78,24.74,24.77,1007,2022-04-26 15:45:00,XP
24.78,24.78,24.73,24.73,3387,2022-04-26 15:46:00,XP
24.73,24.7525,24.72,24.7525,6100,2022-04-26 15:47:00,XP
24.76,24.76,24.73,24.73,400,2022-04-26 15:48:00,XP
24.73,24.73,24.72,24.73,1500,2022-04-26 15:49:00,XP
24.73,24.73,24.72,24.72,200,2022-04-26 15:50:00,XP
24.72,24.72,24.69,24.71,6801,2022-04-26 15:51:00,XP
24.72,24.73,24.68,24.68,3841,2022-04-26 15:52:00,XP
24.7,24.73,24.7,24.71,3530,2022-04-26 15:54:00,XP
24.71,24.71,24.67,24.67,941,2022-04-26 15:55:00,XP
24.66,24.68,24.65,24.68,1500,2022-04-26 15:56:00,XP
24.67,24.68,24.67,24.68,2655,2022-04-26 15:57:00,XP
24.69,24.69,24.66,24.67,1000,2022-04-26 15:58:00,XP
24.67,24.68,24.66,24.67,1237,2022-04-26 15:59:00,XP
24.66,24.66,24.64,24.65,1563,2022-04-26 16:00:00,XP
24.66,24.69,24.66,24.69,3201,2022-04-26 16:01:00,XP
24.69,24.69,24.67,24.67,2441,2022-04-26 16:02:00,XP
24.642,24.68,24.642,24.68,4000,2022-04-26 16:03:00,XP
24.68,24.69,24.68,24.69,800,2022-04-26 16:04:00,XP
24.685,24.69,24.67,24.69,3466,2022-04-26 16:05:00,XP
24.68,24.71,24.675,24.71,2554,2022-04-26 16:06:00,XP
24.72,24.72,24.7,24.7,1597,2022-04-26 16:07:00,XP
24.7,24.7,24.66,24.66,1274,2022-04-26 16:08:00,XP
24.645,24.7,24.62,24.7,2600,2022-04-26 16:09:00,XP
24.71,24.71,24.67,24.69,2504,2022-04-26 16:10:00,XP
24.7,24.72,24.69,24.72,1800,2022-04-26 16:11:00,XP
24.7,24.715,24.65,24.65,1938,2022-04-26 16:12:00,XP
24.67,24.71,24.67,24.71,4090,2022-04-26 16:13:00,XP
24.73,24.74,24.73,24.74,600,2022-04-26 16:14:00,XP
24.74,24.78,24.74,24.77,5302,2022-04-26 16:15:00,XP
24.78,24.8,24.78,24.8,7404,2022-04-26 16:16:00,XP
24.81,24.82,24.81,24.82,2368,2022-04-26 16:17:00,XP
24.82,24.82,24.82,24.82,1601,2022-04-26 16:18:00,XP
24.82,24.83,24.81,24.83,2950,2022-04-26 16:19:00,XP
24.83,24.83,24.825,24.825,264,2022-04-26 16:20:00,XP
24.83,24.84,24.83,24.83,5478,2022-04-26 16:21:00,XP
24.85,24.86,24.85,24.86,1400,2022-04-26 16:22:00,XP
24.87,24.91,24.87,24.9,2500,2022-04-26 16:23:00,XP
24.89,24.91,24.89,24.91,1700,2022-04-26 16:24:00,XP
24.91,24.91,24.91,24.91,700,2022-04-26 16:25:00,XP
24.91,24.91,24.89,24.91,4054,2022-04-26 16:26:00,XP
24.91,24.94,24.91,24.94,2805,2022-04-26 16:27:00,XP
24.94,24.955,24.94,24.955,1800,2022-04-26 16:28:00,XP
24.95,24.97,24.93,24.97,3750,2022-04-26 16:29:00,XP
24.96,24.96,24.93,24.94,11449,2022-04-26 16:30:00,XP
24.96,24.96,24.8,24.8,86258,2022-04-26 16:31:00,XP
24.8163,24.8163,24.79,24.81,6954,2022-04-26 16:32:00,XP
24.82,24.82,24.76,24.765,3572,2022-04-26 16:33:00,XP
24.765,24.765,24.765,24.765,400,2022-04-26 16:34:00,XP
24.77,24.78,24.77,24.78,3946,2022-04-26 16:36:00,XP
24.8,24.805,24.77,24.775,11891,2022-04-26 16:37:00,XP
24.77,24.77,24.74,24.74,1200,2022-04-26 16:38:00,XP
24.75,24.75,24.73,24.73,2496,2022-04-26 16:39:00,XP
24.72,24.73,24.69,24.73,1551,2022-04-26 16:40:00,XP
24.74,24.76,24.73,24.74,4575,2022-04-26 16:41:00,XP
24.75,24.7558,24.74,24.7525,1369,2022-04-26 16:42:00,XP
24.755,24.7685,24.74,24.74,2730,2022-04-26 16:43:00,XP
24.74,24.74,24.73,24.735,807,2022-04-26 16:44:00,XP
24.735,24.735,24.705,24.705,1200,2022-04-26 16:45:00,XP
24.71,24.71,24.68,24.69,2789,2022-04-26 16:46:00,XP
24.7,24.71,24.69,24.71,800,2022-04-26 16:47:00,XP
24.71,24.77,24.69,24.69,5523,2022-04-26 16:48:00,XP
24.69,24.69,24.67,24.67,1347,2022-04-26 16:49:00,XP
24.7,24.71,24.67,24.68,3200,2022-04-26 16:50:00,XP
24.69,24.77,24.68,24.71,15561,2022-04-26 16:51:00,XP
24.74,24.76,24.72,24.72,6844,2022-04-26 16:52:00,XP
24.74,24.79,24.69,24.78,18590,2022-04-26 16:53:00,XP
24.78,24.79,24.78,24.79,1100,2022-04-26 16:54:00,XP
24.79,24.79,24.78,24.78,3309,2022-04-26 16:55:00,XP
24.78,24.79,24.78,24.79,7040,2022-04-26 16:56:00,XP
24.79,24.83,24.78,24.83,7268,2022-04-26 16:57:00,XP
24.85,24.85,24.8,24.81,4153,2022-04-26 16:58:00,XP
24.8,24.81,24.8,24.8,3096,2022-04-26 16:59:00,XP
24.79,24.82,24.78,24.8,5821,2022-04-26 17:00:00,XP
24.78,24.79,24.76,24.76,7529,2022-04-26 17:01:00,XP
24.75,24.75,24.66,24.66,1227,2022-04-26 17:02:00,XP
24.67,24.67,24.64,24.65,2555,2022-04-26 17:03:00,XP
24.63,24.65,24.63,24.65,3400,2022-04-26 17:04:00,XP
24.68,24.69,24.67,24.68,7112,2022-04-26 17:05:00,XP
24.68,24.68,24.6775,24.68,4013,2022-04-26 17:06:00,XP
24.68,24.71,24.68,24.7,2739,2022-04-26 17:07:00,XP
24.705,24.705,24.66,24.67,11602,2022-04-26 17:08:00,XP
24.66,24.66,24.61,24.62,7634,2022-04-26 17:09:00,XP
24.63,24.64,24.6,24.6,1600,2022-04-26 17:10:00,XP
24.595,24.64,24.595,24.64,2446,2022-04-26 17:11:00,XP
24.61,24.67,24.61,24.665,1391,2022-04-26 17:12:00,XP
24.67,24.67,24.65,24.65,1331,2022-04-26 17:13:00,XP
24.65,24.67,24.65,24.65,4706,2022-04-26 17:14:00,XP
24.66,24.67,24.66,24.67,1516,2022-04-26 17:15:00,XP
24.66,24.67,24.65,24.67,1600,2022-04-26 17:16:00,XP
24.66,24.66,24.65,24.65,500,2022-04-26 17:17:00,XP
24.645,24.655,24.64,24.65,3141,2022-04-26 17:18:00,XP
24.65,24.65,24.65,24.65,200,2022-04-26 17:19:00,XP
24.66,24.68,24.63,24.63,9886,2022-04-26 17:20:00,XP
24.63,24.63,24.61,24.61,271,2022-04-26 17:21:00,XP
24.61,24.61,24.58,24.58,700,2022-04-26 17:22:00,XP
24.57,24.57,24.57,24.57,200,2022-04-26 17:23:00,XP
24.59,24.59,24.59,24.59,1200,2022-04-26 17:24:00,XP
24.58,24.595,24.58,24.595,400,2022-04-26 17:25:00,XP
24.6,24.61,24.56,24.56,3500,2022-04-26 17:26:00,XP
24.58,24.58,24.58,24.58,200,2022-04-26 17:27:00,XP
24.585,24.585,24.57,24.58,1468,2022-04-26 17:28:00,XP
24.57,24.57,24.53,24.55,1000,2022-04-26 17:29:00,XP
24.545,24.545,24.53,24.54,1125,2022-04-26 17:30:00,XP
24.55,24.56,24.54,24.54,2700,2022-04-26 17:31:00,XP
24.54,24.55,24.54,24.55,1032,2022-04-26 17:32:00,XP
24.55,24.565,24.54,24.55,2446,2022-04-26 17:33:00,XP
24.56,24.56,24.55,24.55,1494,2022-04-26 17:34:00,XP
24.55,24.55,24.54,24.545,1000,2022-04-26 17:35:00,XP
24.55,24.56,24.53,24.555,2573,2022-04-26 17:36:00,XP
24.56,24.57,24.56,24.57,1369,2022-04-26 17:37:00,XP
24.57,24.58,24.565,24.575,1300,2022-04-26 17:38:00,XP
24.58,24.61,24.58,24.6,1688,2022-04-26 17:39:00,XP
24.6,24.6,24.6,24.6,200,2022-04-26 17:40:00,XP
24.59,24.61,24.57,24.61,2711,2022-04-26 17:41:00,XP
24.62,24.625,24.61,24.625,500,2022-04-26 17:42:00,XP
24.64,24.67,24.64,24.66,4589,2022-04-26 17:43:00,XP
24.66,24.66,24.645,24.65,700,2022-04-26 17:44:00,XP
24.66,24.68,24.66,24.6718,2459,2022-04-26 17:45:00,XP
24.68,24.69,24.63,24.63,3510,2022-04-26 17:46:00,XP
24.63,24.63,24.62,24.62,1682,2022-04-26 17:47:00,XP
24.63,24.635,24.61,24.61,1900,2022-04-26 17:48:00,XP
24.6,24.62,24.6,24.62,900,2022-04-26 17:49:00,XP
24.63,24.63,24.6,24.61,1800,2022-04-26 17:50:00,XP
24.6,24.61,24.6,24.6025,500,2022-04-26 17:51:00,XP
24.605,24.625,24.6,24.625,2507,2022-04-26 17:52:00,XP
24.63,24.63,24.61,24.61,1251,2022-04-26 17:53:00,XP
24.61,24.61,24.6,24.6,500,2022-04-26 17:54:00,XP
24.61,24.62,24.6,24.6,2300,2022-04-26 17:55:00,XP
24.62,24.63,24.62,24.63,1000,2022-04-26 17:56:00,XP
24.61,24.62,24.6,24.62,2874,2022-04-26 17:57:00,XP
24.62,24.63,24.61,24.61,1221,2022-04-26 17:58:00,XP
24.59,24.61,24.57,24.57,3102,2022-04-26 17:59:00,XP
24.6,24.6,24.57,24.58,97528,2022-04-26 18:00:00,XP
24.59,24.6,24.51,24.51,9740,2022-04-26 18:01:00,XP
24.52,24.52,24.51,24.51,1400,2022-04-26 18:02:00,XP
24.52,24.53,24.5,24.51,11395,2022-04-26 18:03:00,XP
24.52,24.57,24.52,24.565,11676,2022-04-26 18:04:00,XP
24.565,24.58,24.52,24.52,3484,2022-04-26 18:05:00,XP
24.53,24.53,24.52,24.52,1000,2022-04-26 18:06:00,XP
24.52,24.52,24.48,24.48,3816,2022-04-26 18:07:00,XP
24.49,24.49,24.45,24.47,10333,2022-04-26 18:08:00,XP
24.465,24.475,24.4,24.42,45696,2022-04-26 18:09:00,XP
24.43,24.47,24.42,24.46,14940,2022-04-26 18:10:00,XP
24.455,24.48,24.45,24.47,10972,2022-04-26 18:11:00,XP
24.46,24.46,24.42,24.43,4000,2022-04-26 18:12:00,XP
24.44,24.46,24.41,24.45,11970,2022-04-26 18:13:00,XP
24.45,24.48,24.44,24.47,10451,2022-04-26 18:14:00,XP
24.475,24.52,24.475,24.5,3502,2022-04-26 18:15:00,XP
24.49,24.5,24.48,24.49,4458,2022-04-26 18:16:00,XP
24.5,24.5,24.4,24.4,23207,2022-04-26 18:17:00,XP
24.4,24.44,24.4,24.43,4155,2022-04-26 18:18:00,XP
24.44,24.44,24.42,24.43,11250,2022-04-26 18:19:00,XP
24.44,24.47,24.42,24.46,6601,2022-04-26 18:20:00,XP
24.46,24.53,24.46,24.52,3578,2022-04-26 18:21:00,XP
24.5,24.54,24.49,24.54,11100,2022-04-26 18:22:00,XP
24.55,24.55,24.53,24.54,3379,2022-04-26 18:23:00,XP
24.52,24.56,24.515,24.56,6570,2022-04-26 18:24:00,XP
24.55,24.61,24.54,24.61,3800,2022-04-26 18:25:00,XP
24.58,24.62,24.58,24.62,4830,2022-04-26 18:26:00,XP
24.62,24.62,24.59,24.6,11789,2022-04-26 18:27:00,XP
24.6,24.61,24.59,24.6,12946,2022-04-26 18:28:00,XP
24.61,24.6167,24.59,24.6,4811,2022-04-26 18:29:00,XP
24.61,24.62,24.6,24.62,5838,2022-04-26 18:30:00,XP
24.6,24.61,24.6,24.6,2300,2022-04-26 18:31:00,XP
24.6,24.61,24.6,24.61,1900,2022-04-26 18:32:00,XP
24.61,24.67,24.5,24.65,106219,2022-04-26 18:33:00,XP
24.65,24.68,24.65,24.68,4402,2022-04-26 18:34:00,XP
24.697,24.74,24.69,24.74,1744,2022-04-26 18:35:00,XP
24.74,24.74,24.68,24.7,1103,2022-04-26 18:36:00,XP
24.7,24.745,24.7,24.71,4240,2022-04-26 18:37:00,XP
24.7,24.71,24.7,24.71,1525,2022-04-26 18:38:00,XP
24.71,24.71,24.69,24.7,1158,2022-04-26 18:39:00,XP
24.7,24.72,24.7,24.71,3410,2022-04-26 18:40:00,XP
24.7,24.71,24.66,24.66,2065,2022-04-26 18:41:00,XP
24.65,24.67,24.63,24.67,7902,2022-04-26 18:42:00,XP
24.66,24.67,24.66,24.66,1504,2022-04-26 18:43:00,XP
24.66,24.66,24.635,24.64,3259,2022-04-26 18:44:00,XP
24.63,24.64,24.63,24.63,1300,2022-04-26 18:45:00,XP
24.63,24.64,24.62,24.64,9256,2022-04-26 18:46:00,XP
24.64,24.64,24.61,24.63,4923,2022-04-26 18:47:00,XP
24.64,24.69,24.64,24.67,2699,2022-04-26 18:48:00,XP
24.67,24.67,24.63,24.64,4920,2022-04-26 18:49:00,XP
24.64,24.66,24.64,24.65,2612,2022-04-26 18:50:00,XP
24.66,24.66,24.65,24.655,2390,2022-04-26 18:51:00,XP
24.66,24.66,24.6438,24.6438,762,2022-04-26 18:52:00,XP
24.65,24.67,24.65,24.67,2683,2022-04-26 18:53:00,XP
24.67,24.68,24.67,24.68,1000,2022-04-26 18:54:00,XP
24.69,24.76,24.68,24.74,5268,2022-04-26 18:55:00,XP
24.72,24.72,24.69,24.69,1500,2022-04-26 18:56:00,XP
24.71,24.72,24.685,24.685,3390,2022-04-26 18:57:00,XP
24.7,24.735,24.7,24.72,9087,2022-04-26 18:58:00,XP
24.72,24.74,24.72,24.73,2114,2022-04-26 18:59:00,XP
24.755,24.77,24.755,24.77,814,2022-04-26 19:00:00,XP
24.78,24.78,24.71,24.725,5028,2022-04-26 19:01:00,XP
24.725,24.75,24.725,24.75,1972,2022-04-26 19:02:00,XP
24.75,24.75,24.705,24.71,3150,2022-04-26 19:03:00,XP
24.72,24.73,24.71,24.72,1297,2022-04-26 19:04:00,XP
24.725,24.73,24.7,24.71,6571,2022-04-26 19:05:00,XP
24.71,24.715,24.7,24.705,22238,2022-04-26 19:06:00,XP
24.71,24.72,24.7,24.7,10785,2022-04-26 19:07:00,XP
24.7,24.7,24.6,24.6,11863,2022-04-26 19:08:00,XP
24.6,24.61,24.58,24.61,7647,2022-04-26 19:09:00,XP
24.62,24.68,24.615,24.68,9446,2022-04-26 19:10:00,XP
24.6601,24.68,24.66,24.67,3887,2022-04-26 19:11:00,XP
24.66,24.66,24.65,24.65,3705,2022-04-26 19:12:00,XP
24.64,24.64,24.61,24.62,5110,2022-04-26 19:13:00,XP
24.61,24.63,24.6,24.61,15348,2022-04-26 19:14:00,XP
24.605,24.62,24.57,24.58,15633,2022-04-26 19:15:00,XP
24.585,24.585,24.545,24.555,18306,2022-04-26 19:16:00,XP
24.555,24.57,24.545,24.565,20813,2022-04-26 19:17:00,XP
24.565,24.565,24.555,24.56,5504,2022-04-26 19:18:00,XP
24.56,24.605,24.55,24.605,40616,2022-04-26 19:19:00,XP
24.605,24.61,24.6,24.61,7799,2022-04-26 19:20:00,XP
24.61,24.65,24.61,24.645,7435,2022-04-26 19:21:00,XP
24.64,24.66,24.63,24.65,17708,2022-04-26 19:22:00,XP
24.65,24.665,24.64,24.665,13263,2022-04-26 19:23:00,XP
24.66,24.665,24.64,24.65,16545,2022-04-26 19:24:00,XP
24.655,24.6893,24.645,24.66,17224,2022-04-26 19:25:00,XP
24.655,24.66,24.63,24.645,20995,2022-04-26 19:26:00,XP
24.645,24.655,24.64,24.64,7300,2022-04-26 19:27:00,XP
24.65,24.65,24.63,24.65,8819,2022-04-26 19:28:00,XP
24.655,24.66,24.65,24.655,11675,2022-04-26 19:29:00,XP
24.655,24.655,24.63,24.63,13228,2022-04-26 19:30:00,XP
24.625,24.625,24.59,24.605,11210,2022-04-26 19:31:00,XP
24.605,24.625,24.59,24.625,11430,2022-04-26 19:32:00,XP
24.625,24.675,24.625,24.67,19243,2022-04-26 19:33:00,XP
24.675,24.675,24.6,24.61,41735,2022-04-26 19:34:00,XP
24.605,24.62,24.6,24.615,17329,2022-04-26 19:35:00,XP
24.615,24.66,24.615,24.66,7858,2022-04-26 19:36:00,XP
24.655,24.7,24.655,24.69,17387,2022-04-26 19:37:00,XP
24.695,24.76,24.695,24.76,17935,2022-04-26 19:38:00,XP
24.75,24.77,24.73,24.765,39915,2022-04-26 19:39:00,XP
24.765,24.765,24.72,24.72,26554,2022-04-26 19:40:00,XP
24.72,24.73,24.6,24.61,64319,2022-04-26 19:41:00,XP
24.61,24.62,24.6,24.6,23557,2022-04-26 19:42:00,XP
24.6,24.63,24.6,24.625,12140,2022-04-26 19:43:00,XP
24.625,24.65,24.625,24.645,7420,2022-04-26 19:44:00,XP
24.645,24.66,24.643,24.643,9333,2022-04-26 19:45:00,XP
24.645,24.65,24.605,24.61,76117,2022-04-26 19:46:00,XP
24.605,24.605,24.6,24.6,56378,2022-04-26 19:47:00,XP
24.605,24.69,24.6,24.67,16643,2022-04-26 19:48:00,XP
24.665,24.665,24.645,24.65,7259,2022-04-26 19:49:00,XP
24.64,24.7,24.62,24.69,16114,2022-04-26 19:50:00,XP
24.695,24.72,24.67,24.69,8583,2022-04-26 19:51:00,XP
24.69,24.74,24.67,24.7,33880,2022-04-26 19:52:00,XP
24.7,24.7,24.64,24.645,18818,2022-04-26 19:53:00,XP
24.645,24.68,24.602,24.625,17816,2022-04-26 19:54:00,XP
24.61,24.68,24.61,24.67,17006,2022-04-26 19:55:00,XP
24.67,24.67,24.635,24.635,12490,2022-04-26 19:56:00,XP
24.635,24.665,24.6325,24.645,17272,2022-04-26 19:57:00,XP
24.64,24.645,24.63,24.635,20039,2022-04-26 19:58:00,XP
24.64,24.76,24.59,24.76,264124,2022-04-26 19:59:00,XP
24.75,24.75,24.75,24.75,138297,2022-04-26 20:00:00,XP
24.59,24.6,24.59,24.6,768,2022-04-26 20:39:00,XP
24.62,24.62,24.62,24.62,500,2022-04-27 13:23:00,XP
24.48,24.48,24.48,24.48,100,2022-04-27 13:24:00,XP
24.53,24.53,24.53,24.53,394,2022-04-27 13:25:00,XP
24.48,24.48,24.48,24.48,100,2022-04-27 13:26:00,XP
24.52,24.63,24.52,24.63,597,2022-04-27 13:28:00,XP
24.62,24.64,24.62,24.64,500,2022-04-27 13:29:00,XP
24.55,24.64,24.54,24.62,16354,2022-04-27 13:30:00,XP
24.725,24.75,24.67,24.67,1400,2022-04-27 13:31:00,XP
24.69,24.73,24.585,24.63,5804,2022-04-27 13:32:00,XP
24.6,24.69,24.6,24.69,2990,2022-04-27 13:33:00,XP
24.66,24.79,24.6,24.66,12414,2022-04-27 13:34:00,XP
24.65,24.79,24.62,24.79,9110,2022-04-27 13:35:00,XP
24.8,24.89,24.79,24.89,5600,2022-04-27 13:36:00,XP
24.92,24.92,24.83,24.83,800,2022-04-27 13:37:00,XP
24.86,24.88,24.8262,24.8262,3342,2022-04-27 13:38:00,XP
24.86,24.91,24.83,24.91,11889,2022-04-27 13:39:00,XP
24.93,24.94,24.9,24.91,3257,2022-04-27 13:40:00,XP
24.84,24.89,24.84,24.89,579,2022-04-27 13:42:00,XP
24.94,25.03,24.94,25.03,2394,2022-04-27 13:43:00,XP
25.01,25.02,24.97,25.02,300,2022-04-27 13:44:00,XP
24.96,24.99,24.95,24.99,1300,2022-04-27 13:45:00,XP
24.98,25.06,24.97,24.97,5310,2022-04-27 13:46:00,XP
25.0,25.08,25.0,25.07,13977,2022-04-27 13:47:00,XP
25.09,25.09,25.03,25.09,17283,2022-04-27 13:48:00,XP
25.05,25.07,25.03,25.07,4600,2022-04-27 13:49:00,XP
25.07,25.08,25.05,25.08,1300,2022-04-27 13:50:00,XP
25.09,25.13,25.09,25.13,1775,2022-04-27 13:51:00,XP
25.14,25.14,25.04,25.06,6232,2022-04-27 13:52:00,XP
25.06,25.06,25.06,25.06,100,2022-04-27 13:53:00,XP
25.08,25.08,25.0624,25.0624,325,2022-04-27 13:54:00,XP
25.07,25.07,25.01,25.04,2424,2022-04-27 13:55:00,XP
25.02,25.05,25.0,25.03,1700,2022-04-27 13:56:00,XP
25.02,25.05,25.0,25.025,3046,2022-04-27 13:57:00,XP
25.05,25.07,25.03,25.06,1600,2022-04-27 13:58:00,XP
25.11,25.11,25.03,25.03,3522,2022-04-27 13:59:00,XP
25.04,25.08,25.02,25.07,7551,2022-04-27 14:00:00,XP
25.08,25.125,25.08,25.1,2510,2022-04-27 14:01:00,XP
25.05,25.05,24.91,24.92,5706,2022-04-27 14:02:00,XP
24.9,24.91,24.82,24.85,4165,2022-04-27 14:03:00,XP
24.885,24.91,24.85,24.85,4200,2022-04-27 14:04:00,XP
24.79,24.82,24.785,24.8,1625,2022-04-27 14:05:00,XP
24.79,24.83,24.77,24.8,4540,2022-04-27 14:06:00,XP
24.835,24.835,24.8,24.8,925,2022-04-27 14:07:00,XP
24.84,24.84,24.8,24.8,3736,2022-04-27 14:08:00,XP
24.77,24.8,24.73,24.73,5638,2022-04-27 14:09:00,XP
24.76,24.78,24.69,24.7,2112,2022-04-27 14:10:00,XP
24.7,24.7,24.62,24.62,1335,2022-04-27 14:11:00,XP
24.59,24.59,24.56,24.57,1744,2022-04-27 14:12:00,XP
24.62,24.635,24.57,24.57,1900,2022-04-27 14:13:00,XP
24.5301,24.55,24.5301,24.55,340,2022-04-27 14:14:00,XP
24.55,24.57,24.49,24.49,1787,2022-04-27 14:15:00,XP
24.49,24.49,24.48,24.48,900,2022-04-27 14:16:00,XP
24.5,24.53,24.49,24.53,4398,2022-04-27 14:17:00,XP
24.54,24.56,24.54,24.56,200,2022-04-27 14:18:00,XP
24.555,24.595,24.54,24.595,2948,2022-04-27 14:19:00,XP
24.58,24.61,24.58,24.603,2100,2022-04-27 14:20:00,XP
24.62,24.71,24.62,24.71,2892,2022-04-27 14:21:00,XP
24.72,24.72,24.63,24.63,5785,2022-04-27 14:22:00,XP
24.63,24.67,24.63,24.66,4265,2022-04-27 14:23:00,XP
24.67,24.67,24.54,24.6,3292,2022-04-27 14:24:00,XP
24.59,24.66,24.58,24.645,3903,2022-04-27 14:25:00,XP
24.63,24.64,24.6,24.64,5092,2022-04-27 14:26:00,XP
24.62,24.63,24.59,24.59,4696,2022-04-27 14:27:00,XP
24.61,24.63,24.56,24.56,3837,2022-04-27 14:28:00,XP
24.56,24.56,24.48,24.48,2199,2022-04-27 14:29:00,XP
24.47,24.48,24.45,24.48,1000,2022-04-27 14:30:00,XP
24.46,24.46,24.45,24.45,1459,2022-04-27 14:31:00,XP
24.44,24.47,24.43,24.47,3060,2022-04-27 14:32:00,XP
24.45,24.46,24.45,24.46,887,2022-04-27 14:33:00,XP
24.46,24.54,24.46,24.515,5945,2022-04-27 14:34:00,XP
24.53,24.56,24.51,24.56,3453,2022-04-27 14:35:00,XP
24.61,24.64,24.59,24.59,10037,2022-04-27 14:36:00,XP
24.59,24.59,24.52,24.52,105741,2022-04-27 14:37:00,XP
24.495,24.52,24.495,24.5,1300,2022-04-27 14:38:00,XP
24.51,24.53,24.5,24.51,2390,2022-04-27 14:39:00,XP
24.52,24.52,24.49,24.495,2876,2022-04-27 14:40:00,XP
24.48,24.48,24.41,24.42,9829,2022-04-27 14:41:00,XP
24.43,24.44,24.41,24.42,5875,2022-04-27 14:42:00,XP
24.44,24.455,24.41,24.42,36337,2022-04-27 14:43:00,XP
24.41,24.41,24.35,24.37,9865,2022-04-27 14:44:00,XP
24.37,24.41,24.32,24.41,11165,2022-04-27 14:45:00,XP
24.41,24.47,24.41,24.465,16085,2022-04-27 14:46:00,XP
24.465,24.465,24.45,24.45,1700,2022-04-27 14:47:00,XP
24.48,24.505,24.43,24.43,13746,2022-04-27 14:48:00,XP
24.43,24.43,24.4,24.43,4225,2022-04-27 14:49:00,XP
24.41,24.41,24.37,24.37,1400,2022-04-27 14:50:00,XP
24.36,24.36,24.34,24.36,600,2022-04-27 14:51:00,XP
24.35,24.35,24.31,24.32,3070,2022-04-27 14:52:00,XP
24.32,24.365,24.29,24.29,5803,2022-04-27 14:53:00,XP
24.27,24.32,24.27,24.3,5081,2022-04-27 14:54:00,XP
24.3,24.31,24.29,24.29,2256,2022-04-27 14:55:00,XP
24.31,24.31,24.29,24.3,1900,2022-04-27 14:56:00,XP
24.28,24.28,24.26,24.28,1400,2022-04-27 14:57:00,XP
24.285,24.33,24.285,24.33,2544,2022-04-27 14:58:00,XP
24.35,24.36,24.34,24.36,800,2022-04-27 14:59:00,XP
24.33,24.365,24.31,24.36,58154,2022-04-27 15:00:00,XP
24.39,24.39,24.34,24.34,17533,2022-04-27 15:01:00,XP
24.34,24.36,24.33,24.345,10466,2022-04-27 15:02:00,XP
24.33,24.35,24.29,24.31,25835,2022-04-27 15:03:00,XP
24.31,24.325,24.31,24.31,2841,2022-04-27 15:04:00,XP
24.32,24.35,24.28,24.32,15132,2022-04-27 15:05:00,XP
24.33,24.35,24.32,24.32,3529,2022-04-27 15:06:00,XP
24.32,24.35,24.32,24.32,54664,2022-04-27 15:07:00,XP
24.33,24.35,24.33,24.34,5994,2022-04-27 15:08:00,XP
24.33,24.33,24.28,24.28,2019,2022-04-27 15:09:00,XP
24.25,24.27,24.22,24.25,6248,2022-04-27 15:10:00,XP
24.27,24.28,24.22,24.24,6571,2022-04-27 15:11:00,XP
24.24,24.27,24.22,24.25,12681,2022-04-27 15:12:00,XP
24.23,24.28,24.23,24.26,20828,2022-04-27 15:13:00,XP
24.25,24.28,24.22,24.25,16820,2022-04-27 15:14:00,XP
24.26,24.33,24.26,24.33,3665,2022-04-27 15:15:00,XP
24.32,24.32,24.29,24.3,2862,2022-04-27 15:16:00,XP
24.31,24.31,24.29,24.29,900,2022-04-27 15:17:00,XP
24.2923,24.3,24.28,24.28,6616,2022-04-27 15:18:00,XP
24.29,24.33,24.25,24.27,17401,2022-04-27 15:19:00,XP
24.29,24.29,24.21,24.21,9148,2022-04-27 15:20:00,XP
24.23,24.24,24.22,24.22,1536,2022-04-27 15:21:00,XP
24.22,24.27,24.21,24.24,6113,2022-04-27 15:22:00,XP
24.24,24.25,24.23,24.24,2344,2022-04-27 15:23:00,XP
24.25,24.29,24.24,24.27,6424,2022-04-27 15:24:00,XP
24.26,24.27,24.18,24.235,9060,2022-04-27 15:25:00,XP
24.23,24.26,24.15,24.2,6861,2022-04-27 15:26:00,XP
24.21,24.24,24.2,24.21,4954,2022-04-27 15:27:00,XP
24.22,24.27,24.21,24.26,8394,2022-04-27 15:28:00,XP
24.25,24.28,24.25,24.27,1921,2022-04-27 15:29:00,XP
24.3,24.33,24.28,24.33,913,2022-04-27 15:30:00,XP
24.34,24.37,24.29,24.31,9533,2022-04-27 15:31:00,XP
24.31,24.33,24.31,24.33,3017,2022-04-27 15:32:00,XP
24.33,24.35,24.31,24.31,14770,2022-04-27 15:33:00,XP
24.31,24.31,24.29,24.3,3606,2022-04-27 15:34:00,XP
24.32,24.35,24.31,24.31,9000,2022-04-27 15:35:00,XP
24.31,24.31,24.29,24.29,1400,2022-04-27 15:36:00,XP
24.27,24.29,24.26,24.27,2854,2022-04-27 15:37:00,XP
24.27,24.2833,24.25,24.25,1992,2022-04-27 15:38:00,XP
24.25,24.27,24.23,24.23,2324,2022-04-27 15:39:00,XP
24.22,24.26,24.22,24.25,6793,2022-04-27 15:40:00,XP
24.26,24.29,24.24,24.29,4609,2022-04-27 15:41:00,XP
24.28,24.29,24.27,24.28,2475,2022-04-27 15:42:00,XP
24.29,24.3,24.23,24.26,9088,2022-04-27 15:43:00,XP
24.27,24.27,24.24,24.24,6436,2022-04-27 15:44:00,XP
24.24,24.24,24.18,24.19,13646,2022-04-27 15:45:00,XP
24.2,24.25,24.2,24.22,19517,2022-04-27 15:46:00,XP
24.2,24.22,24.19,24.2,5852,2022-04-27 15:47:00,XP
24.19,24.2,24.19,24.195,4162,2022-04-27 15:48:00,XP
24.2,24.2,24.19,24.19,800,2022-04-27 15:49:00,XP
24.2,24.2,24.18,24.2,1833,2022-04-27 15:50:00,XP
24.2,24.21,24.18,24.195,2200,2022-04-27 15:51:00,XP
24.19,24.19,24.14,24.14,4846,2022-04-27 15:52:00,XP
24.14,24.15,24.125,24.15,5754,2022-04-27 15:53:00,XP
24.16,24.16,24.14,24.14,4470,2022-04-27 15:54:00,XP
24.13,24.15,24.13,24.15,1936,2022-04-27 15:55:00,XP
24.16,24.17,24.12,24.16,16284,2022-04-27 15:56:00,XP
24.15,24.17,24.15,24.16,3600,2022-04-27 15:57:00,XP
24.16,24.17,24.13,24.14,5349,2022-04-27 15:58:00,XP
24.15,24.22,24.15,24.21,28982,2022-04-27 15:59:00,XP
24.21,24.23,24.16,24.21,19998,2022-04-27 16:00:00,XP
24.22,24.22,24.15,24.16,8199,2022-04-27 16:01:00,XP
24.165,24.2,24.165,24.18,5749,2022-04-27 16:02:00,XP
24.19,24.22,24.16,24.1974,17275,2022-04-27 16:03:00,XP
24.19,24.205,24.17,24.19,6892,2022-04-27 16:04:00,XP
24.2,24.23,24.17,24.2,20949,2022-04-27 16:05:00,XP
24.2,24.2,24.17,24.17,3146,2022-04-27 16:06:00,XP
24.17,24.17,24.14,24.17,7670,2022-04-27 16:07:00,XP
24.16,24.21,24.16,24.21,4726,2022-04-27 16:08:00,XP
24.215,24.24,24.21,24.24,1304,2022-04-27 16:09:00,XP
24.2483,24.26,24.235,24.25,2174,2022-04-27 16:10:00,XP
24.25,24.26,24.235,24.24,2195,2022-04-27 16:11:00,XP
24.23,24.27,24.23,24.26,20579,2022-04-27 16:12:00,XP
24.25,24.29,24.25,24.28,1800,2022-04-27 16:13:00,XP
24.28,24.32,24.27,24.3,1500,2022-04-27 16:14:00,XP
24.3,24.3,24.26,24.28,8352,2022-04-27 16:15:00,XP
24.29,24.35,24.29,24.34,13375,2022-04-27 16:16:00,XP
24.36,24.36,24.34,24.34,2401,2022-04-27 16:17:00,XP
24.34,24.35,24.3,24.3,3792,2022-04-27 16:18:00,XP
24.29,24.29,24.27,24.28,3761,2022-04-27 16:19:00,XP
24.3,24.34,24.2636,24.3,10940,2022-04-27 16:20:00,XP
24.32,24.35,24.27,24.32,15361,2022-04-27 16:21:00,XP
24.33,24.36,24.31,24.34,29083,2022-04-27 16:22:00,XP
24.34,24.37,24.34,24.37,9521,2022-04-27 16:23:00,XP
24.37,24.385,24.37,24.37,2368,2022-04-27 16:24:00,XP
24.375,24.4,24.37,24.37,1900,2022-04-27 16:25:00,XP
24.38,24.38,24.35,24.37,3858,2022-04-27 16:26:00,XP
24.35,24.3801,24.35,24.36,7574,2022-04-27 16:27:00,XP
24.36,24.36,24.3,24.32,5985,2022-04-27 16:28:00,XP
24.32,24.325,24.295,24.3,6575,2022-04-27 16:29:00,XP
24.3,24.34,24.3,24.32,3581,2022-04-27 16:30:00,XP
24.325,24.325,24.29,24.31,3501,2022-04-27 16:31:00,XP
24.31,24.31,24.28,24.28,1328,2022-04-27 16:32:00,XP
24.29,24.32,24.29,24.31,6341,2022-04-27 16:33:00,XP
24.31,24.32,24.3,24.3,2600,2022-04-27 16:34:00,XP
24.32,24.34,24.28,24.31,7055,2022-04-27 16:35:00,XP
24.32,24.32,24.29,24.3,2604,2022-04-27 16:36:00,XP
24.29,24.31,24.29,24.29,2438,2022-04-27 16:37:00,XP
24.29,24.29,24.25,24.25,980,2022-04-27 16:38:00,XP
24.26,24.28,24.25,24.26,3628,2022-04-27 16:39:00,XP
24.27,24.28,24.24,24.27,25666,2022-04-27 16:40:00,XP
24.26,24.28,24.24,24.26,9137,2022-04-27 16:41:00,XP
24.27,24.28,24.25,24.27,4948,2022-04-27 16:42:00,XP
24.26,24.31,24.25,24.26,30396,2022-04-27 16:43:00,XP
24.26,24.27,24.23,24.23,37523,2022-04-27 16:44:00,XP
24.24,24.25,24.2,24.2,2662,2022-04-27 16:45:00,XP
24.18,24.18,24.12,24.14,12290,2022-04-27 16:46:00,XP
24.14,24.16,24.125,24.13,9400,2022-04-27 16:47:00,XP
24.115,24.14,24.11,24.13,7844,2022-04-27 16:48:00,XP
24.1371,24.15,24.12,24.14,4423,2022-04-27 16:49:00,XP
24.14,24.16,24.14,24.16,2025,2022-04-27 16:50:00,XP
24.16,24.16,24.14,24.145,4682,2022-04-27 16:51:00,XP
24.14,24.16,24.14,24.15,6375,2022-04-27 16:52:00,XP
24.15,24.16,24.13,24.13,1700,2022-04-27 16:53:00,XP
24.135,24.155,24.135,24.15,4514,2022-04-27 16:54:00,XP
24.17,24.19,24.15,24.19,12232,2022-04-27 16:55:00,XP
24.18,24.22,24.18,24.22,4126,2022-04-27 16:56:00,XP
24.23,24.23,24.19,24.205,7801,2022-04-27 16:57:00,XP
24.21,24.24,24.21,24.23,4445,2022-04-27 16:58:00,XP
24.21,24.26,24.21,24.26,1755,2022-04-27 16:59:00,XP
24.25,24.27,24.19,24.27,8300,2022-04-27 17:00:00,XP
24.245,24.245,24.13,24.15,6448,2022-04-27 17:01:00,XP
24.19,24.28,24.19,24.24,7075,2022-04-27 17:02:00,XP
24.28,24.28,24.25,24.25,300,2022-04-27 17:03:00,XP
24.31,24.35,24.31,24.34,800,2022-04-27 17:04:00,XP
24.34,24.34,24.3,24.3,200,2022-04-27 17:05:00,XP
24.31,24.31,24.235,24.24,5412,2022-04-27 17:06:00,XP
24.25,24.29,24.25,24.28,5601,2022-04-27 17:07:00,XP
24.26,24.27,24.25,24.253,2533,2022-04-27 17:08:00,XP
24.25,24.25,24.2,24.25,6098,2022-04-27 17:09:00,XP
24.23,24.24,24.22,24.22,1100,2022-04-27 17:10:00,XP
24.225,24.25,24.225,24.24,1700,2022-04-27 17:11:00,XP
24.26,24.265,24.24,24.24,3728,2022-04-27 17:12:00,XP
24.23,24.23,24.19,24.22,1800,2022-04-27 17:13:00,XP
24.21,24.29,24.21,24.29,15733,2022-04-27 17:14:00,XP
24.27,24.27,24.22,24.24,15807,2022-04-27 17:15:00,XP
24.22,24.22,24.2,24.2,987,2022-04-27 17:16:00,XP
24.22,24.24,24.22,24.22,4800,2022-04-27 17:17:00,XP
24.22,24.25,24.22,24.23,4273,2022-04-27 17:18:00,XP
24.22,24.22,24.19,24.19,4236,2022-04-27 17:19:00,XP
24.18,24.22,24.17,24.2,4274,2022-04-27 17:20:00,XP
24.18,24.18,24.16,24.16,700,2022-04-27 17:21:00,XP
24.2,24.24,24.185,24.185,3200,2022-04-27 17:22:00,XP
24.18,24.19,24.18,24.19,900,2022-04-27 17:23:00,XP
24.18,24.2,24.17,24.2,600,2022-04-27 17:24:00,XP
24.21,24.22,24.19,24.2,5463,2022-04-27 17:25:00,XP
24.2,24.21,24.18,24.18,4098,2022-04-27 17:26:00,XP
24.18,24.195,24.15,24.195,6361,2022-04-27 17:27:00,XP
24.21,24.28,24.195,24.23,22526,2022-04-27 17:28:00,XP
24.23,24.25,24.225,24.25,3200,2022-04-27 17:29:00,XP
24.27,24.28,24.24,24.24,5237,2022-04-27 17:30:00,XP
24.26,24.28,24.26,24.27,1555,2022-04-27 17:31:00,XP
24.28,24.29,24.25,24.28,7579,2022-04-27 17:32:00,XP
24.27,24.27,24.24,24.25,4700,2022-04-27 17:33:00,XP
24.27,24.29,24.27,24.29,2900,2022-04-27 17:34:00,XP
24.3,24.32,24.26,24.26,8548,2022-04-27 17:35:00,XP
24.25,24.25,24.23,24.24,4220,2022-04-27 17:36:00,XP
24.23,24.26,24.23,24.25,1722,2022-04-27 17:37:00,XP
24.25,24.25,24.21,24.21,3572,2022-04-27 17:38:00,XP
24.21,24.21,24.18,24.21,2512,2022-04-27 17:39:00,XP
24.2,24.21,24.2,24.2,4397,2022-04-27 17:40:00,XP
24.205,24.23,24.205,24.23,2996,2022-04-27 17:41:00,XP
24.23,24.23,24.195,24.21,3337,2022-04-27 17:42:00,XP
24.21,24.21,24.195,24.21,4745,2022-04-27 17:43:00,XP
24.205,24.25,24.205,24.23,3047,2022-04-27 17:44:00,XP
24.24,24.25,24.22,24.24,1900,2022-04-27 17:45:00,XP
24.26,24.3,24.25,24.28,2333,2022-04-27 17:46:00,XP
24.27,24.27,24.22,24.22,3620,2022-04-27 17:47:00,XP
24.22,24.27,24.21,24.26,3099,2022-04-27 17:48:00,XP
24.28,24.31,24.28,24.29,4028,2022-04-27 17:49:00,XP
24.3,24.31,24.29,24.29,1527,2022-04-27 17:50:00,XP
24.3,24.34,24.3,24.3,10485,2022-04-27 17:51:00,XP
24.31,24.34,24.31,24.31,8900,2022-04-27 17:52:00,XP
24.32,24.35,24.32,24.34,900,2022-04-27 17:53:00,XP
24.35,24.37,24.33,24.345,17706,2022-04-27 17:54:00,XP
24.33,24.36,24.3,24.31,9775,2022-04-27 17:55:00,XP
24.33,24.37,24.32,24.37,5054,2022-04-27 17:56:00,XP
24.36,24.43,24.36,24.43,10011,2022-04-27 17:57:00,XP
24.4,24.48,24.4,24.47,1390,2022-04-27 17:58:00,XP
24.48,24.51,24.46,24.5,5489,2022-04-27 17:59:00,XP
24.51,24.53,24.5,24.5144,9844,2022-04-27 18:00:00,XP
24.54,24.54,24.52,24.52,1631,2022-04-27 18:01:00,XP
24.52,24.55,24.47,24.47,3400,2022-04-27 18:02:00,XP
24.49,24.5,24.47,24.47,4703,2022-04-27 18:03:00,XP
24.46,24.46,24.44,24.46,1092,2022-04-27 18:04:00,XP
24.47,24.49,24.47,24.47,2400,2022-04-27 18:06:00,XP
24.48,24.5,24.47,24.49,3100,2022-04-27 18:07:00,XP
24.48,24.48,24.48,24.48,1403,2022-04-27 18:08:00,XP
24.47,24.48,24.47,24.48,1600,2022-04-27 18:09:00,XP
24.48,24.48,24.46,24.47,2031,2022-04-27 18:10:00,XP
24.465,24.5,24.45,24.5,10369,2022-04-27 18:11:00,XP
24.51,24.51,24.48,24.48,55240,2022-04-27 18:12:00,XP
24.49,24.5,24.49,24.5,3682,2022-04-27 18:13:00,XP
24.5,24.51,24.49,24.49,15051,2022-04-27 18:14:00,XP
24.4901,24.5,24.45,24.45,5111,2022-04-27 18:15:00,XP
24.47,24.49,24.47,24.49,790,2022-04-27 18:16:00,XP
24.48,24.48,24.48,24.48,600,2022-04-27 18:17:00,XP
24.48,24.48,24.42,24.44,2883,2022-04-27 18:18:00,XP
24.42,24.43,24.41,24.43,1298,2022-04-27 18:19:00,XP
24.44,24.455,24.44,24.45,1000,2022-04-27 18:20:00,XP
24.44,24.44,24.42,24.43,2600,2022-04-27 18:21:00,XP
24.42,24.42,24.41,24.41,600,2022-04-27 18:22:00,XP
24.41,24.41,24.4,24.41,3600,2022-04-27 18:23:00,XP
24.4,24.41,24.39,24.4,7454,2022-04-27 18:24:00,XP
24.4,24.41,24.4,24.41,1800,2022-04-27 18:25:00,XP
24.42,24.43,24.395,24.41,3990,2022-04-27 18:26:00,XP
24.415,24.415,24.41,24.41,313,2022-04-27 18:27:00,XP
24.41,24.41,24.4,24.41,1099,2022-04-27 18:28:00,XP
24.4,24.42,24.4,24.42,1200,2022-04-27 18:29:00,XP
24.41,24.41,24.385,24.39,6321,2022-04-27 18:30:00,XP
24.39,24.43,24.39,24.43,10278,2022-04-27 18:31:00,XP
24.44,24.46,24.44,24.45,2544,2022-04-27 18:32:00,XP
24.46,24.5,24.45,24.5,3154,2022-04-27 18:33:00,XP
24.5,24.55,24.5,24.54,1200,2022-04-27 18:34:00,XP
24.55,24.57,24.54,24.57,1000,2022-04-27 18:35:00,XP
24.57,24.57,24.51,24.51,4015,2022-04-27 18:36:00,XP
24.51,24.51,24.42,24.44,6942,2022-04-27 18:37:00,XP
24.44,24.44,24.41,24.41,3176,2022-04-27 18:38:00,XP
24.39,24.48,24.39,24.45,11089,2022-04-27 18:39:00,XP
24.48,24.48,24.43,24.46,5702,2022-04-27 18:40:00,XP
24.45,24.45,24.44,24.44,1649,2022-04-27 18:41:00,XP
24.43,24.46,24.43,24.43,9151,2022-04-27 18:42:00,XP
24.42,24.43,24.42,24.43,200,2022-04-27 18:43:00,XP
24.44,24.45,24.42,24.43,4200,2022-04-27 18:44:00,XP
24.44,24.46,24.43,24.435,10363,2022-04-27 18:45:00,XP
24.43,24.435,24.41,24.42,4499,2022-04-27 18:46:00,XP
24.42,24.42,24.4,24.4,1353,2022-04-27 18:47:00,XP
24.405,24.41,24.375,24.38,3377,2022-04-27 18:48:00,XP
24.37,24.37,24.3539,24.36,8885,2022-04-27 18:49:00,XP
24.37,24.375,24.34,24.34,2575,2022-04-27 18:50:00,XP
24.33,24.33,24.31,24.31,2500,2022-04-27 18:51:00,XP
24.3,24.31,24.28,24.31,39156,2022-04-27 18:52:00,XP
24.3,24.32,24.299,24.32,1500,2022-04-27 18:53:00,XP
24.31,24.31,24.3,24.31,1100,2022-04-27 18:54:00,XP
24.295,24.305,24.29,24.29,2000,2022-04-27 18:55:00,XP
24.28,24.3,24.27,24.27,2375,2022-04-27 18:56:00,XP
24.275,24.29,24.265,24.265,3949,2022-04-27 18:57:00,XP
24.26,24.27,24.26,24.26,1445,2022-04-27 18:58:00,XP
24.25,24.28,24.21,24.22,29416,2022-04-27 18:59:00,XP
24.23,24.25,24.2299,24.24,9730,2022-04-27 19:00:00,XP
24.23,24.26,24.21,24.21,19500,2022-04-27 19:01:00,XP
24.23,24.25,24.17,24.17,7714,2022-04-27 19:02:00,XP
24.17,24.17,24.15,24.15,4750,2022-04-27 19:03:00,XP
24.15,24.18,24.14,24.18,7907,2022-04-27 19:04:00,XP
24.18,24.18,24.17,24.18,2675,2022-04-27 19:05:00,XP
24.18,24.22,24.18,24.22,2924,2022-04-27 19:06:00,XP
24.22,24.24,24.16,24.16,9830,2022-04-27 19:07:00,XP
24.17,24.19,24.1255,24.13,6593,2022-04-27 19:08:00,XP
24.14,24.17,24.14,24.1585,4839,2022-04-27 19:09:00,XP
24.16,24.19,24.145,24.19,5899,2022-04-27 19:10:00,XP
24.18,24.18,24.17,24.17,3536,2022-04-27 19:11:00,XP
24.17,24.185,24.17,24.18,1164,2022-04-27 19:12:00,XP
24.17,24.2,24.17,24.2,2012,2022-04-27 19:13:00,XP
24.2,24.205,24.19,24.2,1100,2022-04-27 19:14:00,XP
24.23,24.23,24.18,24.18,1918,2022-04-27 19:15:00,XP
24.17,24.17,24.1342,24.1342,1696,2022-04-27 19:16:00,XP
24.145,24.15,24.135,24.145,2502,2022-04-27 19:17:00,XP
24.14,24.17,24.14,24.17,1800,2022-04-27 19:18:00,XP
24.15,24.15,24.13,24.135,2400,2022-04-27 19:19:00,XP
24.135,24.14,24.08,24.08,20523,2022-04-27 19:20:00,XP
24.08,24.09,24.05,24.08,4791,2022-04-27 19:21:00,XP
24.07,24.075,24.05,24.06,2900,2022-04-27 19:22:00,XP
24.06,24.065,24.04,24.05,17329,2022-04-27 19:23:00,XP
24.07,24.1,24.05,24.05,4313,2022-04-27 19:24:00,XP
24.05,24.09,24.05,24.09,1900,2022-04-27 19:25:00,XP
24.09,24.12,24.08,24.12,14694,2022-04-27 19:26:00,XP
24.13,24.16,24.13,24.16,3993,2022-04-27 19:27:00,XP
24.16,24.16,24.13,24.14,6082,2022-04-27 19:28:00,XP
24.14,24.16,24.14,24.15,1439,2022-04-27 19:29:00,XP
24.16,24.17,24.16,24.16,2464,2022-04-27 19:30:00,XP
24.1718,24.19,24.16,24.17,3900,2022-04-27 19:31:00,XP
24.17,24.18,24.16,24.17,2221,2022-04-27 19:32:00,XP
24.16,24.16,24.145,24.16,3575,2022-04-27 19:33:00,XP
24.16,24.19,24.15,24.19,2650,2022-04-27 19:35:00,XP
24.18,24.18,24.145,24.145,5978,2022-04-27 19:36:00,XP
24.14,24.14,24.07,24.07,3086,2022-04-27 19:37:00,XP
24.07,24.08,24.06,24.08,3032,2022-04-27 19:38:00,XP
24.09,24.09,24.075,24.075,2399,2022-04-27 19:39:00,XP
24.08,24.12,24.08,24.08,6794,2022-04-27 19:40:00,XP
24.09,24.09,24.06,24.06,2066,2022-04-27 19:41:00,XP
24.055,24.085,24.055,24.085,1600,2022-04-27 19:42:00,XP
24.075,24.1,24.075,24.1,1700,2022-04-27 19:43:00,XP
24.1,24.16,24.09,24.1,21266,2022-04-27 19:44:00,XP
24.105,24.11,24.08,24.095,1500,2022-04-27 19:45:00,XP
24.09,24.1,24.05,24.07,3569,2022-04-27 19:46:00,XP
24.06,24.1,24.06,24.095,9568,2022-04-27 19:47:00,XP
24.09,24.09,24.05,24.05,16809,2022-04-27 19:48:00,XP
24.05,24.05,23.75,24.0,1948819,2022-04-27 19:49:00,XP
24.01,24.01,23.86,23.88,85087,2022-04-27 19:50:00,XP
23.87,23.91,23.845,23.87,31993,2022-04-27 19:51:00,XP
23.88,23.94,23.875,23.925,23675,2022-04-27 19:52:00,XP
23.93,23.93,23.87,23.9,13286,2022-04-27 19:53:00,XP
23.91,23.95,23.87,23.91,36291,2022-04-27 19:54:00,XP
23.915,23.95,23.91,23.945,18486,2022-04-27 19:55:00,XP
23.95,23.97,23.905,23.93,24753,2022-04-27 19:56:00,XP
23.94,23.94,23.9,23.905,11107,2022-04-27 19:57:00,XP
23.905,23.93,23.9,23.93,16901,2022-04-27 19:58:00,XP
23.94,23.98,23.935,23.95,60541,2022-04-27 19:59:00,XP
23.95,23.95,23.95,23.95,178040,2022-04-27 20:00:00,XP
23.95,23.95,23.95,23.95,500,2022-04-27 20:03:00,XP
23.86,23.86,23.8,23.8,3890,2022-04-27 20:04:00,XP
23.95,23.95,23.95,23.95,500,2022-04-27 20:06:00,XP
23.95,23.95,23.95,23.95,220,2022-04-27 20:07:00,XP
23.85,23.85,23.85,23.85,200,2022-04-27 20:27:00,XP
23.85,23.85,23.85,23.85,863,2022-04-27 20:30:00,XP
23.85,23.85,23.85,23.85,300,2022-04-27 20:39:00,XP
23.85,23.85,23.85,23.85,835,2022-04-27 20:46:00,XP
23.85,23.85,23.85,23.85,380,2022-04-27 20:55:00,XP
23.85,23.85,23.85,23.85,15000,2022-04-27 21:17:00,XP
23.85,23.85,23.85,23.85,6085,2022-04-27 21:18:00,XP
23.91,23.92,23.91,23.92,6000,2022-04-27 21:21:00,XP
23.92,23.95,23.92,23.95,20719,2022-04-27 21:22:00,XP
23.95,23.95,23.95,23.95,2500,2022-04-27 21:57:00,XP
23.95,23.95,23.95,23.95,5000,2022-04-27 22:18:00,XP
23.95,23.95,23.95,23.95,2500,2022-04-27 22:19:00,XP
24.1,24.1,24.1,24.1,390,2022-04-28 12:07:00,XP
24.1,24.1,24.1,24.1,100,2022-04-28 12:23:00,XP
24.11,24.11,24.1,24.1,500,2022-04-28 12:27:00,XP
24.06,24.06,24.06,24.06,103,2022-04-28 13:03:00,XP
24.04,24.05,24.04,24.04,2805,2022-04-28 13:04:00,XP
24.04,24.04,23.98,23.98,4549,2022-04-28 13:05:00,XP
23.83,23.83,23.83,23.83,300,2022-04-28 13:13:00,XP
23.9,23.9,23.9,23.9,1000,2022-04-28 13:21:00,XP
23.86,23.9,23.86,23.9,1181,2022-04-28 13:24:00,XP
23.9,23.9,23.9,23.9,200,2022-04-28 13:25:00,XP
24.02,24.1,23.94,24.1,27953,2022-04-28 13:30:00,XP
24.125,24.24,24.125,24.18,37800,2022-04-28 13:31:00,XP
24.08,24.08,24.03,24.05,30330,2022-04-28 13:32:00,XP
23.98,24.0,23.92,23.95,6101,2022-04-28 13:33:00,XP
24.02,24.02,23.95,24.0,4451,2022-04-28 13:34:00,XP
23.94,23.95,23.855,23.875,9572,2022-04-28 13:35:00,XP
23.865,23.885,23.79,23.8025,10780,2022-04-28 13:36:00,XP
23.82,23.8475,23.76,23.78,13037,2022-04-28 13:37:00,XP
23.78,23.8,23.63,23.77,21779,2022-04-28 13:38:00,XP
23.79,23.93,23.79,23.875,113168,2022-04-28 13:39:00,XP
23.89,24.05,23.89,23.96,5222,2022-04-28 13:40:00,XP
23.98,24.03,23.98,24.005,900,2022-04-28 13:41:00,XP
23.99,24.05,23.99,23.99,5600,2022-04-28 13:42:00,XP
24.0,24.0,23.87,23.87,12933,2022-04-28 13:43:00,XP
23.86,23.92,23.81,23.875,17800,2022-04-28 13:44:00,XP
23.89,23.97,23.89,23.93,10311,2022-04-28 13:45:00,XP
23.965,23.965,23.9,23.95,6969,2022-04-28 13:46:00,XP
23.98,24.0,23.93,23.96,10793,2022-04-28 13:47:00,XP
23.96,24.03,23.9,23.9,11538,2022-04-28 13:48:00,XP
23.87,23.91,23.86,23.86,5550,2022-04-28 13:49:00,XP
23.87,23.87,23.8,23.8,3139,2022-04-28 13:50:00,XP
23.81,23.84,23.8,23.83,1244,2022-04-28 13:51:00,XP
23.85,23.89,23.85,23.88,2300,2022-04-28 13:52:00,XP
23.86,23.87,23.83,23.87,3300,2022-04-28 13:53:00,XP
23.86,23.865,23.845,23.865,1214,2022-04-28 13:54:00,XP
23.88,23.89,23.85,23.86,5745,2022-04-28 13:55:00,XP
23.89,23.97,23.88,23.96,4137,2022-04-28 13:56:00,XP
23.96,23.97,23.86,23.9,15250,2022-04-28 13:57:00,XP
23.89,23.95,23.89,23.95,1500,2022-04-28 13:58:00,XP
23.97,23.97,23.89,23.91,3591,2022-04-28 13:59:00,XP
23.9,23.91,23.75,23.78,20693,2022-04-28 14:00:00,XP
23.77,23.81,23.77,23.8,3094,2022-04-28 14:01:00,XP
23.82,23.85,23.815,23.83,5166,2022-04-28 14:02:00,XP
23.83,23.84,23.81,23.835,4599,2022-04-28 14:03:00,XP
23.84,23.9,23.81,23.82,32409,2022-04-28 14:04:00,XP
23.835,23.85,23.75,23.81,42912,2022-04-28 14:05:00,XP
23.8,23.88,23.79,23.88,8100,2022-04-28 14:06:00,XP
23.9,23.97,23.9,23.94,5108,2022-04-28 14:07:00,XP
23.94,23.96,23.91,23.91,5700,2022-04-28 14:08:00,XP
23.9,23.9,23.85,23.85,8362,2022-04-28 14:09:00,XP
23.82,23.82,23.76,23.8,10547,2022-04-28 14:10:00,XP
23.82,23.82,23.77,23.77,4741,2022-04-28 14:11:00,XP
23.77,23.77,23.73,23.73,3715,2022-04-28 14:12:00,XP
23.74,23.75,23.7,23.73,9203,2022-04-28 14:13:00,XP
23.75,23.75,23.72,23.72,2657,2022-04-28 14:14:00,XP
23.71,23.73,23.7,23.72,9050,2022-04-28 14:15:00,XP
23.72,23.85,23.7,23.84,17354,2022-04-28 14:16:00,XP
23.84,23.84,23.8,23.81,5224,2022-04-28 14:17:00,XP
23.83,23.87,23.82,23.87,3817,2022-04-28 14:18:00,XP
23.86,23.92,23.86,23.92,2749,2022-04-28 14:19:00,XP
23.92,23.93,23.86,23.9,7005,2022-04-28 14:20:00,XP
23.89,23.89,23.85,23.87,2982,2022-04-28 14:21:00,XP
23.88,23.93,23.82,23.82,9314,2022-04-28 14:22:00,XP
23.82,23.84,23.76,23.76,4957,2022-04-28 14:23:00,XP
23.775,23.79,23.7,23.73,9974,2022-04-28 14:24:00,XP
23.73,23.75,23.7,23.75,21888,2022-04-28 14:25:00,XP
23.73,23.77,23.73,23.76,1399,2022-04-28 14:26:00,XP
23.76,23.77,23.73,23.74,6200,2022-04-28 14:27:00,XP
23.75,23.78,23.74,23.75,4400,2022-04-28 14:28:00,XP
23.7636,23.7969,23.75,23.77,10358,2022-04-28 14:29:00,XP
23.79,23.8,23.76,23.76,5205,2022-04-28 14:30:00,XP
23.76,23.77,23.74,23.77,2699,2022-04-28 14:31:00,XP
23.77,23.77,23.73,23.74,6176,2022-04-28 14:32:00,XP
23.74,23.745,23.7,23.7,13323,2022-04-28 14:33:00,XP
23.73,23.74,23.7,23.71,14656,2022-04-28 14:34:00,XP
23.715,23.72,23.7,23.72,4090,2022-04-28 14:35:00,XP
23.73,23.74,23.73,23.74,3720,2022-04-28 14:36:00,XP
23.74,23.8,23.74,23.78,5043,2022-04-28 14:37:00,XP
23.78,23.78,23.72,23.74,4026,2022-04-28 14:38:00,XP
23.73,23.735,23.73,23.73,1900,2022-04-28 14:39:00,XP
23.735,23.75,23.73,23.75,2200,2022-04-28 14:40:00,XP
23.75,23.76,23.72,23.75,9594,2022-04-28 14:41:00,XP
23.74,23.74,23.715,23.73,4899,2022-04-28 14:42:00,XP
23.74,23.77,23.74,23.77,3778,2022-04-28 14:43:00,XP
23.76,23.78,23.73,23.78,7683,2022-04-28 14:44:00,XP
23.78,23.845,23.78,23.84,4974,2022-04-28 14:45:00,XP
23.83,23.86,23.82,23.83,6400,2022-04-28 14:46:00,XP
23.83,23.84,23.76,23.76,10545,2022-04-28 14:47:00,XP
23.76,23.76,23.72,23.72,9780,2022-04-28 14:48:00,XP
23.72,23.74,23.72,23.74,2700,2022-04-28 14:49:00,XP
23.745,23.78,23.7,23.74,23630,2022-04-28 14:50:00,XP
23.75,23.77,23.73,23.75,4247,2022-04-28 14:51:00,XP
23.75,23.77,23.745,23.77,3888,2022-04-28 14:52:00,XP
23.76,23.8,23.76,23.8,3199,2022-04-28 14:53:00,XP
23.81,23.84,23.77,23.795,18855,2022-04-28 14:54:00,XP
23.79,23.91,23.79,23.91,2600,2022-04-28 14:55:00,XP
23.89,23.98,23.89,23.96,1951,2022-04-28 14:56:00,XP
23.96,23.96,23.91,23.91,7841,2022-04-28 14:57:00,XP
23.92,23.93,23.88,23.91,4531,2022-04-28 14:58:00,XP
23.91,23.95,23.91,23.94,1575,2022-04-28 14:59:00,XP
23.95,24.01,23.945,24.0,29713,2022-04-28 15:00:00,XP
24.01,24.04,24.0,24.01,12141,2022-04-28 15:01:00,XP
24.005,24.02,24.005,24.02,5119,2022-04-28 15:02:00,XP
24.035,24.045,24.02,24.035,5006,2022-04-28 15:03:00,XP
24.04,24.04,24.03,24.03,1000,2022-04-28 15:04:00,XP
24.03,24.03,23.995,24.01,16785,2022-04-28 15:05:00,XP
24.02,24.055,24.01,24.03,4371,2022-04-28 15:06:00,XP
24.05,24.11,24.05,24.1,2365,2022-04-28 15:07:00,XP
24.12,24.12,24.1,24.1,3727,2022-04-28 15:08:00,XP
24.12,24.12,24.08,24.08,2982,2022-04-28 15:09:00,XP
24.09,24.1,24.06,24.07,2656,2022-04-28 15:10:00,XP
24.06,24.085,24.05,24.08,5300,2022-04-28 15:11:00,XP
24.07,24.07,24.06,24.06,2200,2022-04-28 15:12:00,XP
24.08,24.1,24.08,24.1,2724,2022-04-28 15:13:00,XP
24.1,24.1,24.07,24.08,5060,2022-04-28 15:14:00,XP
24.09,24.12,24.02,24.04,29153,2022-04-28 15:15:00,XP
24.04,24.04,24.0,24.0,5950,2022-04-28 15:16:00,XP
24.0,24.035,24.0,24.03,15870,2022-04-28 15:17:00,XP
24.04,24.07,24.04,24.07,500,2022-04-28 15:18:00,XP
24.08,24.11,24.04,24.04,3800,2022-04-28 15:19:00,XP
24.045,24.05,24.0,24.028,7382,2022-04-28 15:20:00,XP
24.01,24.01,23.995,24.01,9549,2022-04-28 15:21:00,XP
24.01,24.03,24.01,24.02,3300,2022-04-28 15:22:00,XP
24.01,24.01,24.0,24.01,1900,2022-04-28 15:23:00,XP
24.01,24.01,24.0,24.0,1617,2022-04-28 15:24:00,XP
24.01,24.02,24.0,24.0,2827,2022-04-28 15:25:00,XP
24.0,24.02,23.995,24.0,29600,2022-04-28 15:26:00,XP
24.005,24.01,23.99,24.005,19821,2022-04-28 15:27:00,XP
24.0,24.04,23.99,24.01,14174,2022-04-28 15:28:00,XP
24.03,24.03,24.0,24.02,6652,2022-04-28 15:29:00,XP
24.01,24.04,24.0,24.04,3087,2022-04-28 15:30:00,XP
24.04,24.04,24.035,24.04,1292,2022-04-28 15:31:00,XP
24.04,24.04,24.01,24.01,3200,2022-04-28 15:32:00,XP
24.0,24.02,24.0,24.01,9378,2022-04-28 15:33:00,XP
24.0,24.02,24.0,24.01,9681,2022-04-28 15:34:00,XP
24.01,24.02,23.94,23.94,29107,2022-04-28 15:35:00,XP
23.955,23.98,23.89,23.98,11270,2022-04-28 15:36:00,XP
23.98,24.0,23.94,23.96,27421,2022-04-28 15:37:00,XP
23.95,23.96,23.92,23.94,11971,2022-04-28 15:38:00,XP
23.92,23.94,23.89,23.91,11238,2022-04-28 15:39:00,XP
23.92,23.94,23.895,23.93,9746,2022-04-28 15:40:00,XP
23.915,23.93,23.88,23.9,8075,2022-04-28 15:41:00,XP
23.89,23.8975,23.84,23.87,8969,2022-04-28 15:42:00,XP
23.865,23.87,23.82,23.84,7287,2022-04-28 15:43:00,XP
23.84,23.845,23.81,23.82,6461,2022-04-28 15:44:00,XP
23.82,23.83,23.8,23.82,2786,2022-04-28 15:45:00,XP
23.81,23.84,23.79,23.84,10116,2022-04-28 15:46:00,XP
23.83,23.84,23.81,23.83,3911,2022-04-28 15:47:00,XP
23.83,23.92,23.83,23.92,10515,2022-04-28 15:48:00,XP
23.9,23.9,23.87,23.9,3960,2022-04-28 15:49:00,XP
23.905,23.91,23.88,23.91,5268,2022-04-28 15:50:00,XP
23.89,23.94,23.89,23.92,3392,2022-04-28 15:51:00,XP
23.93,23.935,23.9,23.9113,6368,2022-04-28 15:52:00,XP
23.94,23.96,23.91,23.92,4778,2022-04-28 15:53:00,XP
23.925,23.99,23.91,23.96,11399,2022-04-28 15:54:00,XP
23.935,23.96,23.93,23.96,5181,2022-04-28 15:55:00,XP
23.94,23.95,23.92,23.92,6903,2022-04-28 15:56:00,XP
23.92,23.95,23.91,23.94,3800,2022-04-28 15:57:00,XP
23.93,23.96,23.91,23.91,23026,2022-04-28 15:58:00,XP
23.92,23.96,23.92,23.96,1921,2022-04-28 15:59:00,XP
23.95,23.97,23.91,23.92,4574,2022-04-28 16:00:00,XP
23.9,23.93,23.9,23.92,2300,2022-04-28 16:01:00,XP
23.9,23.935,23.89,23.92,4200,2022-04-28 16:02:00,XP
23.92,23.9388,23.92,23.9388,718,2022-04-28 16:03:00,XP
23.97,24.02,23.96,24.015,1500,2022-04-28 16:04:00,XP
24.03,24.03,23.99,24.0,4000,2022-04-28 16:05:00,XP
24.0,24.02,23.98,24.01,2246,2022-04-28 16:06:00,XP
24.02,24.06,24.02,24.06,1700,2022-04-28 16:07:00,XP
24.055,24.08,24.035,24.05,4038,2022-04-28 16:08:00,XP
24.05,24.05,24.05,24.05,300,2022-04-28 16:09:00,XP
24.07,24.12,24.07,24.11,4829,2022-04-28 16:10:00,XP
24.09,24.09,24.04,24.04,1900,2022-04-28 16:11:00,XP
24.03,24.04,24.01,24.04,1606,2022-04-28 16:12:00,XP
24.03,24.07,24.03,24.07,1900,2022-04-28 16:13:00,XP
24.07,24.075,24.06,24.07,4400,2022-04-28 16:14:00,XP
24.07,24.095,24.07,24.09,700,2022-04-28 16:15:00,XP
24.1,24.13,24.09,24.128,2101,2022-04-28 16:16:00,XP
24.13,24.17,24.125,24.17,2395,2022-04-28 16:17:00,XP
24.18,24.23,24.18,24.23,1600,2022-04-28 16:18:00,XP
24.24,24.24,24.2,24.2,6445,2022-04-28 16:19:00,XP
24.195,24.21,24.175,24.175,3400,2022-04-28 16:20:00,XP
24.2,24.22,24.2,24.22,1400,2022-04-28 16:21:00,XP
24.22,24.23,24.215,24.23,500,2022-04-28 16:22:00,XP
24.235,24.26,24.235,24.26,3315,2022-04-28 16:23:00,XP
24.255,24.29,24.23,24.235,10401,2022-04-28 16:24:00,XP
24.25,24.28,24.25,24.28,1330,2022-04-28 16:25:00,XP
24.29,24.3,24.27,24.27,2303,2022-04-28 16:26:00,XP
24.2503,24.26,24.24,24.24,10070,2022-04-28 16:27:00,XP
24.23,24.28,24.23,24.27,4669,2022-04-28 16:28:00,XP
24.26,24.28,24.25,24.28,2361,2022-04-28 16:29:00,XP
24.28,24.28,24.25,24.255,3000,2022-04-28 16:30:00,XP
24.255,24.26,24.25,24.26,704,2022-04-28 16:31:00,XP
24.26,24.275,24.22,24.23,12164,2022-04-28 16:32:00,XP
24.24,24.25,24.24,24.245,500,2022-04-28 16:33:00,XP
24.25,24.25,24.24,24.24,2300,2022-04-28 16:34:00,XP
24.25,24.28,24.245,24.27,3200,2022-04-28 16:35:00,XP
24.27,24.29,24.27,24.28,3307,2022-04-28 16:36:00,XP
24.285,24.3,24.28,24.3,2620,2022-04-28 16:37:00,XP
24.3,24.3,24.29,24.3,1500,2022-04-28 16:38:00,XP
24.29,24.29,24.27,24.29,11004,2022-04-28 16:39:00,XP
24.29,24.35,24.29,24.34,3470,2022-04-28 16:40:00,XP
24.34,24.36,24.34,24.36,1760,2022-04-28 16:41:00,XP
24.36,24.37,24.31,24.31,6423,2022-04-28 16:42:00,XP
24.32,24.36,24.32,24.345,2302,2022-04-28 16:43:00,XP
24.345,24.38,24.34,24.38,2100,2022-04-28 16:44:00,XP
24.38,24.42,24.37,24.39,11340,2022-04-28 16:45:00,XP
24.39,24.43,24.39,24.43,7100,2022-04-28 16:46:00,XP
24.43,24.53,24.43,24.53,9148,2022-04-28 16:47:00,XP
24.53,24.53,24.465,24.48,5000,2022-04-28 16:48:00,XP
24.46,24.46,24.41,24.41,4390,2022-04-28 16:49:00,XP
24.4,24.41,24.35,24.35,2800,2022-04-28 16:50:00,XP
24.355,24.39,24.33,24.39,2634,2022-04-28 16:51:00,XP
24.37,24.37,24.34,24.34,1603,2022-04-28 16:52:00,XP
24.35,24.38,24.34,24.38,2801,2022-04-28 16:53:00,XP
24.36,24.38,24.34,24.375,3100,2022-04-28 16:54:00,XP
24.39,24.41,24.38,24.41,11958,2022-04-28 16:55:00,XP
24.42,24.43,24.4,24.4,5263,2022-04-28 16:56:00,XP
24.41,24.41,24.4,24.41,1768,2022-04-28 16:57:00,XP
24.42,24.44,24.42,24.44,1800,2022-04-28 16:58:00,XP
24.45,24.47,24.43,24.46,4900,2022-04-28 16:59:00,XP
24.46,24.48,24.44,24.48,5289,2022-04-28 17:00:00,XP
24.46,24.46,24.42,24.42,3600,2022-04-28 17:01:00,XP
24.41,24.44,24.4,24.43,4200,2022-04-28 17:02:00,XP
24.43,24.43,24.4,24.41,2722,2022-04-28 17:03:00,XP
24.42,24.45,24.41,24.43,3493,2022-04-28 17:04:00,XP
24.43,24.44,24.4,24.44,6881,2022-04-28 17:05:00,XP
24.425,24.44,24.42,24.44,1100,2022-04-28 17:06:00,XP
24.44,24.46,24.43,24.45,3400,2022-04-28 17:07:00,XP
24.46,24.46,24.415,24.42,2010,2022-04-28 17:08:00,XP
24.42,24.44,24.42,24.44,5500,2022-04-28 17:09:00,XP
24.44,24.46,24.435,24.46,2600,2022-04-28 17:10:00,XP
24.48,24.51,24.465,24.51,3885,2022-04-28 17:11:00,XP
24.505,24.57,24.5,24.555,1967,2022-04-28 17:12:00,XP
24.555,24.57,24.53,24.54,3690,2022-04-28 17:13:00,XP
24.53,24.56,24.525,24.53,3779,2022-04-28 17:14:00,XP
24.53,24.56,24.52,24.56,5180,2022-04-28 17:15:00,XP
24.54,24.54,24.46,24.48,4595,2022-04-28 17:16:00,XP
24.47,24.48,24.44,24.48,6099,2022-04-28 17:17:00,XP
24.475,24.49,24.43,24.43,2500,2022-04-28 17:18:00,XP
24.43,24.48,24.43,24.455,2600,2022-04-28 17:19:00,XP
24.47,24.53,24.445,24.515,25020,2022-04-28 17:20:00,XP
24.515,24.52,24.5,24.52,4956,2022-04-28 17:21:00,XP
24.51,24.52,24.5,24.51,3523,2022-04-28 17:22:00,XP
24.51,24.55,24.51,24.52,5924,2022-04-28 17:23:00,XP
24.52,24.55,24.515,24.53,8175,2022-04-28 17:24:00,XP
24.53,24.54,24.52,24.54,5471,2022-04-28 17:25:00,XP
24.52,24.54,24.5,24.535,8492,2022-04-28 17:26:00,XP
24.54,24.66,24.54,24.635,89287,2022-04-28 17:27:00,XP
24.65,24.66,24.61,24.615,12174,2022-04-28 17:28:00,XP
24.615,24.615,24.57,24.59,17315,2022-04-28 17:29:00,XP
24.58,24.58,24.53,24.53,2962,2022-04-28 17:30:00,XP
24.52,24.58,24.52,24.58,5650,2022-04-28 17:31:00,XP
24.58,24.63,24.58,24.62,3236,2022-04-28 17:32:00,XP
24.61,24.66,24.61,24.645,10888,2022-04-28 17:33:00,XP
24.64,24.66,24.64,24.65,1100,2022-04-28 17:34:00,XP
24.65,24.68,24.63,24.63,7779,2022-04-28 17:35:00,XP
24.65,24.68,24.65,24.68,3399,2022-04-28 17:36:00,XP
24.68,24.81,24.68,24.775,77206,2022-04-28 17:37:00,XP
24.77,24.8,24.745,24.76,32326,2022-04-28 17:38:00,XP
24.77,24.81,24.77,24.795,5449,2022-04-28 17:39:00,XP
24.81,24.81,24.74,24.75,5907,2022-04-28 17:40:00,XP
24.735,24.74,24.7,24.725,3689,2022-04-28 17:41:00,XP
24.72,24.75,24.7,24.74,3757,2022-04-28 17:42:00,XP
24.77,24.78,24.74,24.78,6110,2022-04-28 17:43:00,XP
24.76,24.82,24.7175,24.82,11502,2022-04-28 17:44:00,XP
24.79,24.81,24.76,24.785,11029,2022-04-28 17:45:00,XP
24.78,24.82,24.77,24.82,7600,2022-04-28 17:46:00,XP
24.82,24.84,24.8,24.83,11192,2022-04-28 17:47:00,XP
24.83,24.86,24.815,24.82,13457,2022-04-28 17:48:00,XP
24.815,24.87,24.815,24.86,5961,2022-04-28 17:49:00,XP
24.87,24.87,24.81,24.83,21463,2022-04-28 17:50:00,XP
24.82,24.85,24.8,24.82,19308,2022-04-28 17:51:00,XP
24.81,24.82,24.7525,24.7525,22582,2022-04-28 17:52:00,XP
24.755,24.8,24.755,24.79,7254,2022-04-28 17:53:00,XP
24.77,24.78,24.76,24.78,7700,2022-04-28 17:54:00,XP
24.78,24.81,24.78,24.81,8027,2022-04-28 17:55:00,XP
24.805,24.82,24.79,24.82,3200,2022-04-28 17:56:00,XP
24.8001,24.86,24.8,24.85,11600,2022-04-28 17:57:00,XP
24.845,24.86,24.82,24.85,6548,2022-04-28 17:58:00,XP
24.86,24.91,24.85,24.91,15475,2022-04-28 17:59:00,XP
24.895,24.95,24.88,24.92,22906,2022-04-28 18:00:00,XP
24.915,24.95,24.91,24.92,10845,2022-04-28 18:01:00,XP
24.91,24.95,24.9,24.92,29913,2022-04-28 18:02:00,XP
24.92,24.96,24.9,24.93,30336,2022-04-28 18:03:00,XP
24.94,24.94,24.9,24.915,5939,2022-04-28 18:04:00,XP
24.9,24.92,24.895,24.9,64592,2022-04-28 18:05:00,XP
24.9,24.93,24.895,24.9,5582,2022-04-28 18:06:00,XP
24.9,24.93,24.895,24.92,16949,2022-04-28 18:07:00,XP
24.905,24.92,24.9,24.91,7537,2022-04-28 18:08:00,XP
24.94,24.94,24.9,24.91,4335,2022-04-28 18:09:00,XP
24.91,24.92,24.9,24.9,1879,2022-04-28 18:10:00,XP
24.91,24.93,24.9,24.905,11985,2022-04-28 18:11:00,XP
24.905,24.915,24.9,24.915,4739,2022-04-28 18:12:00,XP
24.92,24.92,24.91,24.91,1400,2022-04-28 18:13:00,XP
24.9,24.91,24.89,24.9,48508,2022-04-28 18:14:00,XP
24.9,24.91,24.78,24.8,21495,2022-04-28 18:15:00,XP
24.8,24.86,24.8,24.83,8780,2022-04-28 18:16:00,XP
24.85,24.87,24.85,24.86,3366,2022-04-28 18:17:00,XP
24.85,24.86,24.84,24.86,5956,2022-04-28 18:18:00,XP
24.87,24.88,24.85,24.85,23375,2022-04-28 18:19:00,XP
24.86,24.89,24.84,24.85,6993,2022-04-28 18:20:00,XP
24.84,24.845,24.81,24.81,5504,2022-04-28 18:21:00,XP
24.8,24.87,24.8,24.84,5840,2022-04-28 18:22:00,XP
24.84,24.84,24.82,24.82,1300,2022-04-28 18:23:00,XP
24.83,24.88,24.83,24.87,10894,2022-04-28 18:24:00,XP
24.88,24.885,24.88,24.88,400,2022-04-28 18:25:00,XP
24.885,24.91,24.88,24.91,2638,2022-04-28 18:26:00,XP
24.91,24.92,24.84,24.88,7755,2022-04-28 18:27:00,XP
24.88,24.89,24.87,24.87,7820,2022-04-28 18:28:00,XP
24.88,24.88,24.86,24.86,804,2022-04-28 18:29:00,XP
24.86,24.88,24.86,24.86,4261,2022-04-28 18:30:00,XP
24.86,24.865,24.82,24.82,8913,2022-04-28 18:31:00,XP
24.82,24.83,24.8,24.81,13899,2022-04-28 18:32:00,XP
24.82,24.83,24.795,24.81,13012,2022-04-28 18:33:00,XP
24.81,24.82,24.78,24.8,7684,2022-04-28 18:34:00,XP
24.8,24.81,24.78,24.79,11277,2022-04-28 18:35:00,XP
24.79,24.81,24.785,24.79,5373,2022-04-28 18:36:00,XP
24.78,24.79,24.78,24.78,2367,2022-04-28 18:37:00,XP
24.79,24.83,24.79,24.81,8846,2022-04-28 18:38:00,XP
24.8,24.84,24.8,24.84,5522,2022-04-28 18:39:00,XP
24.845,24.845,24.845,24.845,200,2022-04-28 18:40:00,XP
24.85,24.87,24.84,24.87,3887,2022-04-28 18:41:00,XP
24.85,24.88,24.85,24.86,5674,2022-04-28 18:42:00,XP
24.86,24.92,24.86,24.915,5417,2022-04-28 18:43:00,XP
24.93,24.99,24.92,24.98,8392,2022-04-28 18:44:00,XP
24.97,24.99,24.96,24.96,8737,2022-04-28 18:45:00,XP
24.96,25.06,24.96,25.0,33572,2022-04-28 18:46:00,XP
24.99,25.02,24.98,25.0,7894,2022-04-28 18:47:00,XP
25.01,25.03,24.99,25.02,17751,2022-04-28 18:48:00,XP
25.03,25.04,25.01,25.01,12456,2022-04-28 18:49:00,XP
25.01,25.075,25.01,25.075,4553,2022-04-28 18:50:00,XP
25.06,25.08,25.05,25.055,6925,2022-04-28 18:51:00,XP
25.06,25.06,25.02,25.02,4212,2022-04-28 18:52:00,XP
25.01,25.03,25.01,25.03,6552,2022-04-28 18:53:00,XP
25.02,25.03,25.01,25.01,7171,2022-04-28 18:54:00,XP
25.02,25.04,24.99,25.02,21118,2022-04-28 18:55:00,XP
25.03,25.04,25.01,25.03,10443,2022-04-28 18:56:00,XP
25.03,25.05,25.02,25.03,13460,2022-04-28 18:57:00,XP
25.02,25.04,25.0,25.0,19061,2022-04-28 18:58:00,XP
25.01,25.04,25.01,25.03,4410,2022-04-28 18:59:00,XP
25.02,25.04,24.99,25.03,14222,2022-04-28 19:00:00,XP
25.02,25.03,25.0,25.03,7777,2022-04-28 19:01:00,XP
25.02,25.05,25.02,25.04,4857,2022-04-28 19:02:00,XP
25.04,25.06,25.035,25.06,4860,2022-04-28 19:03:00,XP
25.07,25.1,25.06,25.09,3779,2022-04-28 19:04:00,XP
25.095,25.12,25.09,25.11,3825,2022-04-28 19:05:00,XP
25.105,25.13,25.1,25.12,9039,2022-04-28 19:06:00,XP
25.12,25.135,25.1,25.135,16567,2022-04-28 19:07:00,XP
25.14,25.14,25.1209,25.14,6494,2022-04-28 19:08:00,XP
25.13,25.16,25.125,25.14,7620,2022-04-28 19:09:00,XP
25.13,25.13,25.11,25.13,7028,2022-04-28 19:10:00,XP
25.1137,25.13,25.11,25.125,4068,2022-04-28 19:11:00,XP
25.125,25.18,25.125,25.18,27729,2022-04-28 19:12:00,XP
25.175,25.175,25.16,25.17,16546,2022-04-28 19:13:00,XP
25.17,25.17,25.14,25.145,43423,2022-04-28 19:14:00,XP
25.145,25.16,25.14,25.145,14354,2022-04-28 19:15:00,XP
25.15,25.175,25.15,25.17,17016,2022-04-28 19:16:00,XP
25.17,25.17,25.15,25.17,3810,2022-04-28 19:17:00,XP
25.17,25.17,25.15,25.165,11459,2022-04-28 19:18:00,XP
25.17,25.18,25.15,25.16,47370,2022-04-28 19:19:00,XP
25.16,25.16,25.14,25.145,10006,2022-04-28 19:20:00,XP
25.145,25.18,25.145,25.165,25358,2022-04-28 19:21:00,XP
25.16,25.17,25.15,25.17,7447,2022-04-28 19:22:00,XP
25.17,25.18,25.16,25.17,9113,2022-04-28 19:23:00,XP
25.17,25.17,25.155,25.165,14157,2022-04-28 19:24:00,XP
25.165,25.17,25.15,25.16,8092,2022-04-28 19:25:00,XP
25.155,25.19,25.14,25.16,51789,2022-04-28 19:26:00,XP
25.16,25.21,25.15,25.21,16558,2022-04-28 19:27:00,XP
25.205,25.215,25.19,25.2,8885,2022-04-28 19:28:00,XP
25.195,25.195,25.15,25.15,12632,2022-04-28 19:29:00,XP
25.15,25.17,25.145,25.15,20865,2022-04-28 19:30:00,XP
25.15,25.16,25.13,25.145,48294,2022-04-28 19:31:00,XP
25.15,25.17,25.12,25.125,24715,2022-04-28 19:32:00,XP
25.13,25.13,25.065,25.0725,12961,2022-04-28 19:33:00,XP
25.065,25.07,25.0,25.02,27938,2022-04-28 19:34:00,XP
25.01,25.03,25.01,25.025,8859,2022-04-28 19:35:00,XP
25.025,25.05,25.02,25.05,8194,2022-04-28 19:36:00,XP
25.05,25.09,25.03,25.08,13269,2022-04-28 19:37:00,XP
25.09,25.1,25.075,25.08,11035,2022-04-28 19:38:00,XP
25.08,25.08,25.045,25.055,7614,2022-04-28 19:39:00,XP
25.055,25.055,25.025,25.025,6766,2022-04-28 19:40:00,XP
25.02,25.03,25.0,25.015,19571,2022-04-28 19:41:00,XP
25.02,25.02,25.0,25.0,6969,2022-04-28 19:42:00,XP
25.01,25.04,24.99,25.03,19333,2022-04-28 19:43:00,XP
25.03,25.04,25.02,25.03,8214,2022-04-28 19:44:00,XP
25.02,25.04,25.01,25.04,21273,2022-04-28 19:45:00,XP
25.04,25.04,25.02,25.02,16895,2022-04-28 19:46:00,XP
25.02,25.025,24.99,25.01,14813,2022-04-28 19:47:00,XP
25.0,25.04,25.0,25.03,20778,2022-04-28 19:48:00,XP
25.02,25.03,25.0,25.0,194137,2022-04-28 19:49:00,XP
25.0,25.0,24.93,24.94,27297,2022-04-28 19:50:00,XP
24.94,24.95,24.92,24.95,10660,2022-04-28 19:51:00,XP
24.95,24.96,24.92,24.95,26666,2022-04-28 19:52:00,XP
24.945,25.04,24.945,25.02,70419,2022-04-28 19:53:00,XP
25.02,25.03,24.99,25.02,25670,2022-04-28 19:54:00,XP
25.01,25.03,25.01,25.03,54179,2022-04-28 19:55:00,XP
25.03,25.06,25.01,25.06,47357,2022-04-28 19:56:00,XP
25.06,25.06,25.03,25.035,18146,2022-04-28 19:57:00,XP
25.04,25.04,25.01,25.015,25727,2022-04-28 19:58:00,XP
25.01,25.02,25.0,25.0,74159,2022-04-28 19:59:00,XP
24.99,25.0,24.99,25.0,247364,2022-04-28 20:00:00,XP
24.97,24.99,24.97,24.99,2023,2022-04-28 20:09:00,XP
24.99,24.99,24.99,24.99,168,2022-04-28 20:11:00,XP
24.99,25.02,24.99,25.02,96744,2022-04-28 20:15:00,XP
25.0,25.0,25.0,25.0,4612,2022-04-28 20:44:00,XP
24.89,24.89,24.87,24.87,1600,2022-04-29 12:19:00,XP
24.88,24.88,24.88,24.88,400,2022-04-29 13:12:00,XP
25.17,25.17,25.16,25.17,1274,2022-04-29 13:13:00,XP
25.14,25.14,25.03,25.03,700,2022-04-29 13:14:00,XP
25.02,25.02,25.0,25.01,600,2022-04-29 13:15:00,XP
25.09,25.09,25.07,25.07,977,2022-04-29 13:17:00,XP
25.09,25.09,25.09,25.09,400,2022-04-29 13:18:00,XP
25.06,25.06,25.06,25.06,5965,2022-04-29 13:19:00,XP
25.15,25.22,25.14,25.21,4496,2022-04-29 13:20:00,XP
25.22,25.22,25.21,25.21,500,2022-04-29 13:22:00,XP
25.29,25.29,25.29,25.29,101,2022-04-29 13:23:00,XP
25.3,25.3,25.3,25.3,301,2022-04-29 13:25:00,XP
25.28,25.28,25.27,25.27,512,2022-04-29 13:26:00,XP
25.24,25.26,25.24,25.26,200,2022-04-29 13:27:00,XP
25.32,25.32,25.32,25.32,100,2022-04-29 13:28:00,XP
25.27,25.27,25.26,25.26,425,2022-04-29 13:29:00,XP
25.27,25.49,25.26,25.45,34092,2022-04-29 13:30:00,XP
25.451,25.451,25.26,25.3,8893,2022-04-29 13:31:00,XP
25.28,25.42,25.28,25.42,2902,2022-04-29 13:32:00,XP
25.4,25.44,25.37,25.42,1700,2022-04-29 13:33:00,XP
25.45,25.5,25.43,25.47,4305,2022-04-29 13:34:00,XP
25.46,25.46,25.24,25.25,6872,2022-04-29 13:35:00,XP
25.33,25.38,25.27,25.3,2219,2022-04-29 13:36:00,XP
25.3,25.3,25.2,25.2,3920,2022-04-29 13:37:00,XP
25.24,25.26,25.17,25.17,1845,2022-04-29 13:38:00,XP
25.24,25.24,25.15,25.15,6678,2022-04-29 13:39:00,XP
25.2,25.23,25.17,25.21,4100,2022-04-29 13:40:00,XP
25.26,25.34,25.26,25.31,6189,2022-04-29 13:41:00,XP
25.29,25.3,25.285,25.3,2252,2022-04-29 13:42:00,XP
25.27,25.27,25.17,25.18,2404,2022-04-29 13:43:00,XP
25.2,25.2,25.12,25.12,2300,2022-04-29 13:44:00,XP
25.1182,25.22,25.1182,25.22,2247,2022-04-29 13:45:00,XP
25.19,25.19,25.05,25.093,7400,2022-04-29 13:46:00,XP
25.14,25.17,25.12,25.16,1234,2022-04-29 13:47:00,XP
25.23,25.27,25.22,25.27,3300,2022-04-29 13:48:00,XP
25.305,25.32,25.24,25.26,2900,2022-04-29 13:49:00,XP
25.31,25.33,25.23,25.23,2751,2022-04-29 13:50:00,XP
25.2632,25.35,25.2632,25.325,6025,2022-04-29 13:51:00,XP
25.36,25.46,25.31,25.45,35273,2022-04-29 13:52:00,XP
25.47,25.52,25.47,25.5,7624,2022-04-29 13:53:00,XP
25.5,25.55,25.5,25.54,4382,2022-04-29 13:54:00,XP
25.62,25.68,25.61,25.68,2908,2022-04-29 13:55:00,XP
25.71,25.76,25.67,25.755,11300,2022-04-29 13:56:00,XP
25.74,25.78,25.63,25.66,18791,2022-04-29 13:57:00,XP
25.69,25.74,25.69,25.74,4400,2022-04-29 13:58:00,XP
25.78,25.84,25.745,25.745,7739,2022-04-29 13:59:00,XP
25.72,25.72,25.61,25.61,7368,2022-04-29 14:00:00,XP
25.62,25.62,25.59,25.59,1968,2022-04-29 14:01:00,XP
25.6,25.625,25.58,25.58,1705,2022-04-29 14:02:00,XP
25.65,25.68,25.63,25.67,2575,2022-04-29 14:03:00,XP
25.67,25.72,25.67,25.705,5755,2022-04-29 14:04:00,XP
25.67,25.7,25.66,25.69,8287,2022-04-29 14:05:00,XP
25.685,25.7,25.64,25.64,7996,2022-04-29 14:06:00,XP
25.63,25.63,25.56,25.56,1900,2022-04-29 14:07:00,XP
25.53,25.54,25.5,25.5,600,2022-04-29 14:08:00,XP
25.52,25.595,25.52,25.595,2879,2022-04-29 14:09:00,XP
25.595,25.62,25.58,25.62,3772,2022-04-29 14:10:00,XP
25.615,25.615,25.57,25.57,4984,2022-04-29 14:11:00,XP
25.58,25.635,25.58,25.61,1847,2022-04-29 14:12:00,XP
25.62,25.63,25.58,25.59,3131,2022-04-29 14:13:00,XP
25.61,25.61,25.56,25.59,3251,2022-04-29 14:14:00,XP
25.58,25.63,25.54,25.55,8562,2022-04-29 14:15:00,XP
25.53,25.53,25.47,25.52,4176,2022-04-29 14:16:00,XP
25.5,25.6,25.49,25.59,14229,2022-04-29 14:17:00,XP
25.6,25.68,25.59,25.595,26160,2022-04-29 14:18:00,XP
25.59,25.61,25.56,25.61,13431,2022-04-29 14:19:00,XP
25.615,25.615,25.57,25.6,8220,2022-04-29 14:20:00,XP
25.59,25.59,25.56,25.585,10482,2022-04-29 14:21:00,XP
25.585,25.61,25.55,25.55,7500,2022-04-29 14:22:00,XP
25.51,25.51,25.5,25.5,200,2022-04-29 14:23:00,XP
25.45,25.46,25.4101,25.45,1833,2022-04-29 14:24:00,XP
25.43,25.435,25.34,25.41,5195,2022-04-29 14:25:00,XP
25.43,25.43,25.39,25.39,2276,2022-04-29 14:26:00,XP
25.38,25.41,25.37,25.4,2846,2022-04-29 14:27:00,XP
25.4,25.43,25.37,25.41,58763,2022-04-29 14:28:00,XP
25.41,25.51,25.405,25.405,18042,2022-04-29 14:29:00,XP
25.4,25.45,25.4,25.435,1500,2022-04-29 14:30:00,XP
25.45,25.49,25.44,25.49,7200,2022-04-29 14:31:00,XP
25.495,25.52,25.495,25.51,600,2022-04-29 14:32:00,XP
25.49,25.51,25.47,25.505,5070,2022-04-29 14:33:00,XP
25.515,25.515,25.5,25.5,2228,2022-04-29 14:34:00,XP
25.52,25.52,25.5,25.5,2300,2022-04-29 14:35:00,XP
25.48,25.51,25.46,25.47,8070,2022-04-29 14:36:00,XP
25.47,25.48,25.45,25.465,3920,2022-04-29 14:37:00,XP
25.465,25.48,25.42,25.425,4437,2022-04-29 14:38:00,XP
25.425,25.425,25.38,25.385,2485,2022-04-29 14:39:00,XP
25.37,25.37,25.35,25.36,2339,2022-04-29 14:40:00,XP
25.35,25.36,25.315,25.315,2256,2022-04-29 14:41:00,XP
25.28,25.31,25.27,25.295,2724,2022-04-29 14:42:00,XP
25.295,25.35,25.295,25.33,5820,2022-04-29 14:43:00,XP
25.31,25.33,25.31,25.32,1753,2022-04-29 14:44:00,XP
25.32,25.33,25.28,25.29,2114,2022-04-29 14:45:00,XP
25.28,25.29,25.26,25.29,3450,2022-04-29 14:46:00,XP
25.29,25.3,25.29,25.3,800,2022-04-29 14:47:00,XP
25.28,25.325,25.27,25.31,9791,2022-04-29 14:48:00,XP
25.32,25.33,25.24,25.2804,10232,2022-04-29 14:49:00,XP
25.3,25.31,25.3,25.305,1000,2022-04-29 14:50:00,XP
25.305,25.305,25.24,25.26,4593,2022-04-29 14:51:00,XP
25.265,25.27,25.25,25.26,800,2022-04-29 14:52:00,XP
25.25,25.26,25.24,25.26,4956,2022-04-29 14:53:00,XP
25.26,25.29,25.25,25.29,5150,2022-04-29 14:54:00,XP
25.29,25.34,25.29,25.34,19479,2022-04-29 14:55:00,XP
25.33,25.34,25.3,25.34,14868,2022-04-29 14:56:00,XP
25.33,25.36,25.33,25.36,860,2022-04-29 14:57:00,XP
25.365,25.37,25.36,25.37,1271,2022-04-29 14:58:00,XP
25.3622,25.41,25.36,25.38,3903,2022-04-29 14:59:00,XP
25.4,25.43,25.38,25.38,2600,2022-04-29 15:00:00,XP
25.38,25.38,25.31,25.315,1600,2022-04-29 15:01:00,XP
25.33,25.34,25.3,25.32,3494,2022-04-29 15:02:00,XP
25.31,25.37,25.29,25.37,8611,2022-04-29 15:03:00,XP
25.37,25.39,25.35,25.38,2000,2022-04-29 15:04:00,XP
25.4,25.51,25.4,25.505,10420,2022-04-29 15:05:00,XP
25.48,25.5,25.41,25.41,4916,2022-04-29 15:06:00,XP
25.38,25.4,25.38,25.38,1700,2022-04-29 15:07:00,XP
25.4,25.4,25.36,25.37,3699,2022-04-29 15:08:00,XP
25.38,25.42,25.363,25.41,14309,2022-04-29 15:09:00,XP
25.41,25.44,25.405,25.415,1400,2022-04-29 15:10:00,XP
25.415,25.42,25.4,25.41,1700,2022-04-29 15:11:00,XP
25.41,25.41,25.37,25.395,5628,2022-04-29 15:12:00,XP
25.395,25.435,25.39,25.435,2000,2022-04-29 15:13:00,XP
25.435,25.49,25.435,25.475,2126,2022-04-29 15:14:00,XP
25.46,25.46,25.41,25.425,4033,2022-04-29 15:15:00,XP
25.425,25.425,25.41,25.41,1889,2022-04-29 15:16:00,XP
25.42,25.42,25.41,25.41,700,2022-04-29 15:17:00,XP
25.4,25.41,25.4,25.41,1600,2022-04-29 15:18:00,XP
25.41,25.41,25.4,25.405,900,2022-04-29 15:19:00,XP
25.405,25.405,25.385,25.4,3617,2022-04-29 15:20:00,XP
25.4,25.41,25.38,25.385,51800,2022-04-29 15:21:00,XP
25.4,25.42,25.39,25.42,3438,2022-04-29 15:22:00,XP
25.415,25.5,25.415,25.5,11100,2022-04-29 15:23:00,XP
25.5,25.5,25.45,25.45,4807,2022-04-29 15:24:00,XP
25.465,25.465,25.45,25.45,1300,2022-04-29 15:25:00,XP
25.43,25.43,25.42,25.42,700,2022-04-29 15:26:00,XP
25.42,25.42,25.405,25.41,700,2022-04-29 15:27:00,XP
25.41,25.41,25.41,25.41,1060,2022-04-29 15:28:00,XP
25.425,25.425,25.4,25.4,3800,2022-04-29 15:29:00,XP
25.43,25.475,25.41,25.465,1400,2022-04-29 15:30:00,XP
25.485,25.49,25.47,25.49,600,2022-04-29 15:31:00,XP
25.53,25.55,25.52,25.55,1400,2022-04-29 15:32:00,XP
25.56,25.59,25.56,25.58,2130,2022-04-29 15:33:00,XP
25.56,25.58,25.55,25.56,7517,2022-04-29 15:34:00,XP
25.57,25.58,25.56,25.57,1708,2022-04-29 15:35:00,XP
25.59,25.6,25.585,25.585,1550,2022-04-29 15:36:00,XP
25.6,25.63,25.57,25.57,10757,2022-04-29 15:37:00,XP
25.57,25.57,25.52,25.53,2100,2022-04-29 15:38:00,XP
25.525,25.59,25.525,25.585,3968,2022-04-29 15:39:00,XP
25.57,25.57,25.55,25.55,3418,2022-04-29 15:40:00,XP
25.56,25.56,25.53,25.56,2959,2022-04-29 15:41:00,XP
25.56,25.565,25.55,25.565,1000,2022-04-29 15:42:00,XP
25.56,25.58,25.56,25.565,1630,2022-04-29 15:43:00,XP
25.565,25.585,25.565,25.585,1700,2022-04-29 15:44:00,XP
25.6,25.65,25.595,25.65,3250,2022-04-29 15:45:00,XP
25.64,25.645,25.63,25.64,2100,2022-04-29 15:46:00,XP
25.62,25.625,25.56,25.57,3828,2022-04-29 15:47:00,XP
25.57,25.57,25.555,25.555,1300,2022-04-29 15:48:00,XP
25.58,25.58,25.54,25.56,3012,2022-04-29 15:49:00,XP
25.54,25.54,25.52,25.54,3322,2022-04-29 15:50:00,XP
25.55,25.55,25.5,25.525,6000,2022-04-29 15:51:00,XP
25.53,25.54,25.525,25.54,500,2022-04-29 15:52:00,XP
25.52,25.635,25.52,25.635,31253,2022-04-29 15:53:00,XP
25.635,25.635,25.56,25.595,8134,2022-04-29 15:54:00,XP
25.56,25.65,25.56,25.62,27133,2022-04-29 15:55:00,XP
25.635,25.65,25.62,25.645,1678,2022-04-29 15:56:00,XP
25.645,25.65,25.62,25.64,5406,2022-04-29 15:57:00,XP
25.625,25.625,25.59,25.6,3200,2022-04-29 15:58:00,XP
25.59,25.59,25.575,25.575,1200,2022-04-29 15:59:00,XP
25.57,25.57,25.55,25.555,2733,2022-04-29 16:00:00,XP
25.555,25.555,25.55,25.555,1200,2022-04-29 16:01:00,XP
25.54,25.55,25.51,25.51,33126,2022-04-29 16:02:00,XP
25.51,25.52,25.49,25.495,39971,2022-04-29 16:03:00,XP
25.5,25.54,25.49,25.515,42510,2022-04-29 16:04:00,XP
25.53,25.53,25.485,25.525,11041,2022-04-29 16:05:00,XP
25.52,25.56,25.5,25.56,13776,2022-04-29 16:06:00,XP
25.56,25.575,25.56,25.56,4901,2022-04-29 16:07:00,XP
25.55,25.57,25.54,25.57,5851,2022-04-29 16:08:00,XP
25.57,25.6,25.57,25.595,3300,2022-04-29 16:09:00,XP
25.6,25.63,25.59,25.6,12051,2022-04-29 16:10:00,XP
25.62,25.63,25.6,25.63,2305,2022-04-29 16:11:00,XP
25.63,25.64,25.61,25.64,5290,2022-04-29 16:12:00,XP
25.66,25.67,25.65,25.66,3548,2022-04-29 16:13:00,XP
25.655,25.66,25.64,25.66,2000,2022-04-29 16:14:00,XP
25.64,25.65,25.63,25.635,3134,2022-04-29 16:15:00,XP
25.64,25.66,25.63,25.63,2450,2022-04-29 16:16:00,XP
25.645,25.645,25.55,25.58,10528,2022-04-29 16:17:00,XP
25.565,25.565,25.535,25.535,2500,2022-04-29 16:18:00,XP
25.535,25.54,25.52,25.53,6657,2022-04-29 16:19:00,XP
25.525,25.545,25.52,25.545,3800,2022-04-29 16:20:00,XP
25.545,25.6,25.545,25.57,6791,2022-04-29 16:21:00,XP
25.57,25.57,25.53,25.545,3191,2022-04-29 16:22:00,XP
25.55,25.58,25.54,25.55,5591,2022-04-29 16:23:00,XP
25.55,25.56,25.54,25.55,6485,2022-04-29 16:24:00,XP
25.55,25.61,25.55,25.57,11591,2022-04-29 16:25:00,XP
25.58,25.58,25.545,25.545,2000,2022-04-29 16:26:00,XP
25.545,25.56,25.54,25.54,15359,2022-04-29 16:27:00,XP
25.54,25.545,25.525,25.545,3160,2022-04-29 16:28:00,XP
25.53,25.54,25.493,25.51,7760,2022-04-29 16:29:00,XP
25.493,25.51,25.49,25.5,2912,2022-04-29 16:30:00,XP
25.495,25.5,25.49,25.5,3450,2022-04-29 16:31:00,XP
25.51,25.55,25.51,25.52,6652,2022-04-29 16:32:00,XP
25.53,25.54,25.473,25.5,8994,2022-04-29 16:33:00,XP
25.5,25.53,25.493,25.51,5919,2022-04-29 16:34:00,XP
25.52,25.53,25.46,25.47,5093,2022-04-29 16:35:00,XP
25.46,25.51,25.44,25.51,16658,2022-04-29 16:36:00,XP
25.52,25.52,25.5,25.5,400,2022-04-29 16:37:00,XP
25.51,25.55,25.5,25.55,8749,2022-04-29 16:38:00,XP
25.565,25.58,25.54,25.54,22044,2022-04-29 16:39:00,XP
25.52,25.52,25.5,25.5,849,2022-04-29 16:40:00,XP
25.49,25.51,25.48,25.51,4710,2022-04-29 16:41:00,XP
25.5,25.52,25.49,25.51,11889,2022-04-29 16:42:00,XP
25.52,25.54,25.49,25.53,44288,2022-04-29 16:43:00,XP
25.54,25.54,25.49,25.5,13758,2022-04-29 16:44:00,XP
25.5,25.56,25.49,25.56,22219,2022-04-29 16:45:00,XP
25.54,25.56,25.495,25.495,44540,2022-04-29 16:46:00,XP
25.51,25.53,25.49,25.515,3817,2022-04-29 16:47:00,XP
25.52,25.57,25.52,25.54,2476,2022-04-29 16:48:00,XP
25.53,25.54,25.53,25.54,377,2022-04-29 16:49:00,XP
25.53,25.54,25.5,25.51,3199,2022-04-29 16:50:00,XP
25.51,25.52,25.485,25.5,3893,2022-04-29 16:51:00,XP
25.52,25.525,25.505,25.52,3000,2022-04-29 16:52:00,XP
25.51,25.54,25.49,25.54,10422,2022-04-29 16:53:00,XP
25.535,25.55,25.49,25.5,6632,2022-04-29 16:54:00,XP
25.53,25.53,25.5,25.53,3500,2022-04-29 16:55:00,XP
25.51,25.53,25.51,25.52,1884,2022-04-29 16:56:00,XP
25.51,25.56,25.51,25.54,9001,2022-04-29 16:57:00,XP
25.55,25.58,25.53,25.555,6770,2022-04-29 16:58:00,XP
25.555,25.56,25.54,25.55,2813,2022-04-29 16:59:00,XP
25.54,25.56,25.54,25.56,2500,2022-04-29 17:00:00,XP
25.55,25.56,25.54,25.56,5481,2022-04-29 17:01:00,XP
25.56,25.58,25.56,25.57,4240,2022-04-29 17:02:00,XP
25.57,25.63,25.57,25.62,4154,2022-04-29 17:03:00,XP
25.63,25.63,25.62,25.625,1200,2022-04-29 17:04:00,XP
25.63,25.63,25.575,25.575,1849,2022-04-29 17:05:00,XP
25.57,25.57,25.53,25.53,300,2022-04-29 17:06:00,XP
25.54,25.54,25.5,25.5,1400,2022-04-29 17:07:00,XP
25.5,25.59,25.5,25.57,8346,2022-04-29 17:08:00,XP
25.57,25.58,25.54,25.545,3656,2022-04-29 17:09:00,XP
25.54,25.61,25.53,25.61,12571,2022-04-29 17:10:00,XP
25.62,25.63,25.58,25.59,5978,2022-04-29 17:11:00,XP
25.58,25.58,25.58,25.58,400,2022-04-29 17:12:00,XP
25.58,25.6,25.58,25.6,1082,2022-04-29 17:13:00,XP
25.61,25.67,25.6,25.67,18434,2022-04-29 17:14:00,XP
25.675,25.69,25.66,25.68,2083,2022-04-29 17:15:00,XP
25.66,25.67,25.65,25.66,4031,2022-04-29 17:16:00,XP
25.665,25.665,25.66,25.66,500,2022-04-29 17:17:00,XP
25.66,25.7,25.66,25.7,9596,2022-04-29 17:18:00,XP
25.69,25.73,25.67,25.71,5208,2022-04-29 17:19:00,XP
25.72,25.72,25.675,25.72,5870,2022-04-29 17:20:00,XP
25.71,25.77,25.71,25.76,2600,2022-04-29 17:21:00,XP
25.76,25.77,25.72,25.74,9146,2022-04-29 17:22:00,XP
25.75,25.77,25.74,25.76,3500,2022-04-29 17:23:00,XP
25.75,25.79,25.75,25.78,2601,2022-04-29 17:24:00,XP
25.79,25.84,25.79,25.83,10295,2022-04-29 17:25:00,XP
25.84,25.85,25.81,25.82,10581,2022-04-29 17:26:00,XP
25.8,25.8,25.75,25.78,6301,2022-04-29 17:27:00,XP
25.78,25.8,25.78,25.795,6301,2022-04-29 17:28:00,XP
25.79,25.79,25.74,25.79,7883,2022-04-29 17:29:00,XP
25.785,25.8,25.78,25.79,3300,2022-04-29 17:30:00,XP
25.79,25.83,25.77,25.77,13379,2022-04-29 17:31:00,XP
25.765,25.78,25.75,25.76,3414,2022-04-29 17:32:00,XP
25.76,25.77,25.75,25.77,1497,2022-04-29 17:33:00,XP
25.765,25.81,25.75,25.81,6388,2022-04-29 17:34:00,XP
25.805,25.84,25.805,25.83,3829,2022-04-29 17:35:00,XP
25.83,25.83,25.82,25.83,4069,2022-04-29 17:36:00,XP
25.825,25.83,25.81,25.81,5542,2022-04-29 17:37:00,XP
25.815,25.815,25.75,25.75,5883,2022-04-29 17:38:00,XP
25.78,25.78,25.72,25.74,3200,2022-04-29 17:39:00,XP
25.75,25.75,25.6925,25.73,7988,2022-04-29 17:40:00,XP
25.73,25.73,25.71,25.73,1900,2022-04-29 17:41:00,XP
25.71,25.73,25.69,25.72,10620,2022-04-29 17:42:00,XP
25.71,25.72,25.64,25.64,9737,2022-04-29 17:43:00,XP
25.62,25.66,25.58,25.595,6476,2022-04-29 17:44:00,XP
25.58,25.595,25.54,25.555,2185,2022-04-29 17:45:00,XP
25.54,25.54,25.48,25.51,7645,2022-04-29 17:46:00,XP
25.5,25.51,25.495,25.495,3500,2022-04-29 17:47:00,XP
25.495,25.54,25.48,25.54,3746,2022-04-29 17:48:00,XP
25.525,25.525,25.51,25.51,400,2022-04-29 17:49:00,XP
25.525,25.54,25.51,25.54,800,2022-04-29 17:50:00,XP
25.5123,25.57,25.5123,25.57,5450,2022-04-29 17:51:00,XP
25.56,25.57,25.54,25.55,2431,2022-04-29 17:52:00,XP
25.55,25.55,25.54,25.55,900,2022-04-29 17:53:00,XP
25.53,25.56,25.53,25.535,1400,2022-04-29 17:54:00,XP
25.53,25.55,25.495,25.55,4359,2022-04-29 17:55:00,XP
25.535,25.56,25.53,25.56,41700,2022-04-29 17:56:00,XP
25.55,25.55,25.51,25.52,3103,2022-04-29 17:57:00,XP
25.51,25.57,25.49,25.57,13067,2022-04-29 17:58:00,XP
25.57,25.58,25.54,25.54,8473,2022-04-29 17:59:00,XP
25.54,25.56,25.54,25.555,4269,2022-04-29 18:00:00,XP
25.55,25.57,25.54,25.565,7385,2022-04-29 18:01:00,XP
25.57,25.64,25.54,25.63,36454,2022-04-29 18:02:00,XP
25.65,25.65,25.6,25.63,11297,2022-04-29 18:03:00,XP
25.62,25.68,25.615,25.66,15511,2022-04-29 18:04:00,XP
25.66,25.68,25.62,25.625,9922,2022-04-29 18:05:00,XP
25.62,25.68,25.62,25.635,13046,2022-04-29 18:06:00,XP
25.631,25.66,25.62,25.655,14084,2022-04-29 18:07:00,XP
25.66,25.69,25.65,25.66,7386,2022-04-29 18:08:00,XP
25.66,25.7,25.63,25.645,42215,2022-04-29 18:09:00,XP
25.63,25.635,25.55,25.58,12348,2022-04-29 18:10:00,XP
25.59,25.6,25.58,25.58,4912,2022-04-29 18:11:00,XP
25.58,25.59,25.55,25.55,5427,2022-04-29 18:12:00,XP
25.57,25.61,25.57,25.605,16051,2022-04-29 18:13:00,XP
25.6,25.64,25.6,25.63,4510,2022-04-29 18:14:00,XP
25.64,25.67,25.61,25.665,14317,2022-04-29 18:15:00,XP
25.66,25.71,25.66,25.68,7888,2022-04-29 18:16:00,XP
25.685,25.685,25.63,25.64,9382,2022-04-29 18:17:00,XP
25.64,25.69,25.6,25.665,35704,2022-04-29 18:18:00,XP
25.675,25.71,25.67,25.7,11122,2022-04-29 18:19:00,XP
25.705,25.705,25.62,25.62,3718,2022-04-29 18:20:00,XP
25.62,25.62,25.57,25.575,1504,2022-04-29 18:21:00,XP
25.565,25.62,25.565,25.615,23338,2022-04-29 18:22:00,XP
25.61,25.6179,25.55,25.565,12663,2022-04-29 18:23:00,XP
25.565,25.565,25.5,25.51,2523,2022-04-29 18:24:00,XP
25.51,25.57,25.495,25.55,29020,2022-04-29 18:25:00,XP
25.56,25.56,25.55,25.56,2200,2022-04-29 18:26:00,XP
25.57,25.57,25.54,25.55,9458,2022-04-29 18:27:00,XP
25.555,25.57,25.525,25.525,3459,2022-04-29 18:28:00,XP
25.525,25.525,25.5,25.505,1800,2022-04-29 18:29:00,XP
25.505,25.52,25.49,25.515,4100,2022-04-29 18:30:00,XP
25.515,25.515,25.48,25.48,8388,2022-04-29 18:31:00,XP
25.48,25.51,25.47,25.51,3168,2022-04-29 18:32:00,XP
25.52,25.52,25.49,25.52,4922,2022-04-29 18:33:00,XP
25.52,25.52,25.5,25.52,9549,2022-04-29 18:34:00,XP
25.515,25.52,25.5,25.52,3100,2022-04-29 18:35:00,XP
25.515,25.52,25.5,25.515,4300,2022-04-29 18:36:00,XP
25.515,25.52,25.5,25.52,23212,2022-04-29 18:37:00,XP
25.52,25.52,25.44,25.44,19505,2022-04-29 18:38:00,XP
25.45,25.45,25.4,25.425,5001,2022-04-29 18:39:00,XP
25.41,25.415,25.38,25.38,2400,2022-04-29 18:40:00,XP
25.4,25.4,25.33,25.345,4622,2022-04-29 18:41:00,XP
25.345,25.345,25.27,25.3,6525,2022-04-29 18:42:00,XP
25.3,25.31,25.285,25.285,3150,2022-04-29 18:43:00,XP
25.29,25.29,25.25,25.27,4507,2022-04-29 18:44:00,XP
25.28,25.28,25.26,25.26,5258,2022-04-29 18:45:00,XP
25.26,25.28,25.21,25.21,3830,2022-04-29 18:46:00,XP
25.215,25.22,25.19,25.195,7136,2022-04-29 18:47:00,XP
25.195,25.205,25.12,25.13,19719,2022-04-29 18:48:00,XP
25.13,25.13,25.05,25.05,4538,2022-04-29 18:49:00,XP
25.06,25.095,25.05,25.085,6390,2022-04-29 18:50:00,XP
25.07,25.11,25.05,25.11,11292,2022-04-29 18:51:00,XP
25.11,25.165,25.11,25.16,17216,2022-04-29 18:52:00,XP
25.16,25.165,25.1,25.1,3410,2022-04-29 18:53:00,XP
25.115,25.12,25.1,25.1,1700,2022-04-29 18:54:00,XP
25.12,25.125,25.09,25.11,10268,2022-04-29 18:55:00,XP
25.12,25.12,25.065,25.07,5812,2022-04-29 18:56:00,XP
25.065,25.09,25.06,25.085,12184,2022-04-29 18:57:00,XP
25.085,25.1,25.05,25.085,2959,2022-04-29 18:58:00,XP
25.085,25.11,25.05,25.05,8521,2022-04-29 18:59:00,XP
25.05,25.05,24.97,24.98,12534,2022-04-29 19:00:00,XP
24.98,24.98,24.93,24.96,14571,2022-04-29 19:01:00,XP
24.96,25.04,24.96,25.04,4757,2022-04-29 19:02:00,XP
25.04,25.065,25.04,25.045,3130,2022-04-29 19:03:00,XP
25.045,25.045,25.0301,25.04,1100,2022-04-29 19:04:00,XP
25.04,25.04,25.02,25.025,1234,2022-04-29 19:05:00,XP
25.025,25.025,24.99,24.99,2689,2022-04-29 19:06:00,XP
24.95,24.97,24.95,24.96,2954,2022-04-29 19:07:00,XP
24.96,24.975,24.94,24.975,3348,2022-04-29 19:08:00,XP
24.98,24.98,24.94,24.945,3082,2022-04-29 19:09:00,XP
24.96,24.97,24.945,24.95,2500,2022-04-29 19:10:00,XP
24.95,24.96,24.94,24.94,2454,2022-04-29 19:11:00,XP
24.935,24.94,24.92,24.94,4806,2022-04-29 19:12:00,XP
24.93,24.94,24.91,24.91,2364,2022-04-29 19:13:00,XP
24.89,24.905,24.87,24.885,4600,2022-04-29 19:14:00,XP
24.885,24.96,24.885,24.95,5996,2022-04-29 19:15:00,XP
24.95,24.96,24.92,24.92,2126,2022-04-29 19:16:00,XP
24.93,25.01,24.93,25.005,5488,2022-04-29 19:17:00,XP
25.01,25.04,24.96,24.98,26833,2022-04-29 19:18:00,XP
24.995,25.025,24.975,25.01,7032,2022-04-29 19:19:00,XP
25.01,25.025,24.98,25.005,2909,2022-04-29 19:20:00,XP
25.005,25.005,24.95,24.96,2342,2022-04-29 19:21:00,XP
24.95,24.96,24.93,24.94,3102,2022-04-29 19:22:00,XP
24.93,24.97,24.93,24.96,2700,2022-04-29 19:23:00,XP
24.97,25.01,24.97,24.97,3326,2022-04-29 19:24:00,XP
24.97,24.999,24.96,24.97,2973,2022-04-29 19:25:00,XP
24.975,25.0,24.93,24.93,1600,2022-04-29 19:26:00,XP
24.93,24.93,24.91,24.915,3000,2022-04-29 19:27:00,XP
24.915,24.92,24.83,24.857,16838,2022-04-29 19:28:00,XP
24.855,24.8561,24.83,24.83,2649,2022-04-29 19:29:00,XP
24.83,24.855,24.83,24.84,3905,2022-04-29 19:30:00,XP
24.84,24.86,24.84,24.855,2429,2022-04-29 19:31:00,XP
24.845,24.86,24.845,24.855,22686,2022-04-29 19:32:00,XP
24.855,24.87,24.84,24.86,15794,2022-04-29 19:33:00,XP
24.86,24.87,24.83,24.855,24057,2022-04-29 19:34:00,XP
24.85,24.85,24.83,24.835,2006,2022-04-29 19:35:00,XP
24.835,24.86,24.81,24.835,7183,2022-04-29 19:36:00,XP
24.835,24.86,24.83,24.855,31752,2022-04-29 19:37:00,XP
24.855,24.86,24.83,24.85,5624,2022-04-29 19:38:00,XP
24.85,24.9,24.81,24.81,34195,2022-04-29 19:39:00,XP
24.83,24.9,24.82,24.84,32330,2022-04-29 19:40:00,XP
24.85,24.88,24.83,24.83,66684,2022-04-29 19:41:00,XP
24.825,24.83,24.8,24.8,3261,2022-04-29 19:42:00,XP
24.8,24.86,24.78,24.855,26787,2022-04-29 19:43:00,XP
24.85,24.85,24.79,24.805,8207,2022-04-29 19:44:00,XP
24.8,24.815,24.74,24.75,12862,2022-04-29 19:45:00,XP
24.74,24.76,24.71,24.71,9441,2022-04-29 19:46:00,XP
24.71,24.71,24.65,24.67,9298,2022-04-29 19:47:00,XP
24.66,24.7,24.65,24.685,5946,2022-04-29 19:48:00,XP
24.689,24.69,24.67,24.685,8652,2022-04-29 19:49:00,XP
24.68,24.73,24.64,24.645,16961,2022-04-29 19:50:00,XP
24.65,24.72,24.65,24.7,8866,2022-04-29 19:51:00,XP
24.71,24.71,24.69,24.705,5141,2022-04-29 19:52:00,XP
24.7,24.705,24.67,24.675,5096,2022-04-29 19:53:00,XP
24.67,24.67,24.62,24.65,10929,2022-04-29 19:54:00,XP
24.65,24.65,24.59,24.59,15782,2022-04-29 19:55:00,XP
24.6,24.605,24.56,24.56,7965,2022-04-29 19:56:00,XP
24.575,24.575,24.55,24.565,10252,2022-04-29 19:57:00,XP
24.57,24.575,24.54,24.565,16233,2022-04-29 19:58:00,XP
24.56,24.62,24.55,24.62,19854,2022-04-29 19:59:00,XP
24.61,24.61,24.61,24.61,98810,2022-04-29 20:00:00,XP
24.87,27.52,24.87,25.46,34197,2022-04-29 20:03:00,XP
25.23,25.3,25.23,25.23,1100,2022-04-29 20:04:00,XP
25.3,25.32,25.05,25.05,4000,2022-04-29 20:05:00,XP
25.14,25.14,25.0,25.0,10000,2022-04-29 20:07:00,XP
25.12,25.12,25.12,25.12,100,2022-04-29 20:08:00,XP
25.2,25.2,25.18,25.2,1200,2022-04-29 20:20:00,XP
25.18,25.19,25.18,25.19,716,2022-04-29 20:23:00,XP
25.1,25.1,25.1,25.1,200,2022-04-29 20:25:00,XP
25.06,25.06,25.04,25.05,4751,2022-04-29 20:27:00,XP
24.67,24.77,24.67,24.77,351,2022-04-29 20:36:00,XP
24.78,24.78,24.78,24.78,432,2022-04-29 20:59:00,XP
