open,high,low,close,volume,datetime,symbol
3.9399,3.9399,3.9399,3.9399,5000,2021-10-11 12:10:00,BIOC
3.9,3.9001,3.9,3.9001,310,2021-10-11 12:25:00,BIOC
3.94,3.95,3.94,3.95,1500,2021-10-11 12:30:00,BIOC
3.95,3.95,3.95,3.95,150,2021-10-11 12:55:00,BIOC
3.91,3.9113,3.87,3.88,18143,2021-10-11 13:30:00,BIOC
3.89,4.1,3.8756,3.8756,199275,2021-10-11 13:35:00,BIOC
3.949,3.949,3.91,3.91,2300,2021-10-11 13:40:00,BIOC
3.95,3.98,3.945,3.9695,6706,2021-10-11 13:45:00,BIOC
3.965,3.965,3.93,3.945,3496,2021-10-11 13:50:00,BIOC
3.95,3.95,3.91,3.91,4813,2021-10-11 13:55:00,BIOC
3.9201,3.9393,3.92,3.9341,1204,2021-10-11 14:00:00,BIOC
3.9391,3.945,3.93,3.945,434,2021-10-11 14:05:00,BIOC
3.9363,3.9599,3.93,3.9599,4200,2021-10-11 14:10:00,BIOC
3.9401,3.95,3.93,3.93,2550,2021-10-11 14:15:00,BIOC
3.9221,3.9221,3.9221,3.9221,103,2021-10-11 14:20:00,BIOC
3.92,3.9201,3.9,3.9083,5300,2021-10-11 14:25:00,BIOC
3.9,3.92,3.9,3.92,1000,2021-10-11 14:30:00,BIOC
3.9,3.93,3.9,3.93,7877,2021-10-11 14:35:00,BIOC
3.945,3.95,3.9,3.93,7000,2021-10-11 14:40:00,BIOC
3.9,3.9,3.9,3.9,300,2021-10-11 14:45:00,BIOC
3.9,3.9,3.86,3.8778,3595,2021-10-11 14:50:00,BIOC
3.88,3.8894,3.88,3.885,900,2021-10-11 14:55:00,BIOC
3.8996,3.8996,3.89,3.89,408,2021-10-11 15:00:00,BIOC
3.88,3.885,3.875,3.88,10712,2021-10-11 15:05:00,BIOC
3.89,3.89,3.88,3.88,200,2021-10-11 15:10:00,BIOC
3.88,3.88,3.88,3.88,400,2021-10-11 15:15:00,BIOC
3.88,3.88,3.88,3.88,100,2021-10-11 15:20:00,BIOC
3.8986,3.8986,3.88,3.89,500,2021-10-11 15:25:00,BIOC
3.88,3.8899,3.875,3.88,1763,2021-10-11 15:35:00,BIOC
3.87,3.8884,3.87,3.8884,1500,2021-10-11 15:40:00,BIOC
3.8894,3.8899,3.88,3.88,1193,2021-10-11 15:45:00,BIOC
3.885,3.885,3.87,3.88,800,2021-10-11 15:50:00,BIOC
3.8884,3.8884,3.87,3.87,338,2021-10-11 15:55:00,BIOC
3.88,3.8805,3.88,3.88,2012,2021-10-11 16:00:00,BIOC
3.87,3.8799,3.87,3.875,5605,2021-10-11 16:05:00,BIOC
3.875,3.88,3.84,3.85,10758,2021-10-11 16:10:00,BIOC
3.85,3.86,3.82,3.82,4539,2021-10-11 16:15:00,BIOC
3.82,3.83,3.8,3.82,16933,2021-10-11 16:20:00,BIOC
3.81,3.83,3.81,3.81,1400,2021-10-11 16:25:00,BIOC
3.811,3.8345,3.81,3.83,12181,2021-10-11 16:30:00,BIOC
3.8229,3.84,3.82,3.84,1309,2021-10-11 16:35:00,BIOC
3.84,3.85,3.83,3.84,2698,2021-10-11 16:40:00,BIOC
3.845,3.85,3.83,3.83,3911,2021-10-11 16:45:00,BIOC
3.844,3.8499,3.83,3.8499,745,2021-10-11 16:50:00,BIOC
3.83,3.83,3.81,3.81,12470,2021-10-11 16:55:00,BIOC
3.8076,3.81,3.8,3.8,1913,2021-10-11 17:00:00,BIOC
3.805,3.809,3.77,3.78,6581,2021-10-11 17:05:00,BIOC
3.77,3.82,3.77,3.8194,3126,2021-10-11 17:10:00,BIOC
3.82,3.82,3.82,3.82,1800,2021-10-11 17:15:00,BIOC
3.81,3.81,3.8,3.8,1855,2021-10-11 17:20:00,BIOC
3.8,3.8,3.7901,3.7901,5886,2021-10-11 17:25:00,BIOC
3.8,3.81,3.8,3.8002,1924,2021-10-11 17:30:00,BIOC
3.805,3.805,3.804,3.804,624,2021-10-11 17:35:00,BIOC
3.81,3.815,3.81,3.815,500,2021-10-11 17:40:00,BIOC
3.815,3.82,3.815,3.82,372,2021-10-11 17:45:00,BIOC
3.81,3.819,3.81,3.81,3200,2021-10-11 17:50:00,BIOC
3.8,3.81,3.8,3.8005,2700,2021-10-11 17:55:00,BIOC
3.8006,3.8006,3.8001,3.8001,2500,2021-10-11 18:00:00,BIOC
3.81,3.81,3.81,3.81,200,2021-10-11 18:05:00,BIOC
3.81,3.81,3.81,3.81,100,2021-10-11 18:10:00,BIOC
3.81,3.81,3.8,3.81,700,2021-10-11 18:15:00,BIOC
3.8,3.8,3.8,3.8,2586,2021-10-11 18:20:00,BIOC
3.8,3.8,3.79,3.8,2700,2021-10-11 18:25:00,BIOC
3.795,3.8107,3.795,3.8107,2600,2021-10-11 18:30:00,BIOC
3.811,3.815,3.81,3.81,400,2021-10-11 18:35:00,BIOC
3.81,3.81,3.8046,3.8046,625,2021-10-11 18:40:00,BIOC
3.81,3.81,3.805,3.805,1400,2021-10-11 18:45:00,BIOC
3.8,3.8,3.79,3.79,1900,2021-10-11 18:50:00,BIOC
3.8,3.81,3.8,3.81,300,2021-10-11 18:55:00,BIOC
3.81,3.81,3.8,3.81,2404,2021-10-11 19:00:00,BIOC
3.8104,3.8104,3.8104,3.8104,250,2021-10-11 19:05:00,BIOC
3.81,3.81,3.81,3.81,200,2021-10-11 19:10:00,BIOC
3.81,3.81,3.8,3.8007,1360,2021-10-11 19:15:00,BIOC
3.81,3.81,3.79,3.7984,3683,2021-10-11 19:20:00,BIOC
3.793,3.8,3.76,3.785,14952,2021-10-11 19:25:00,BIOC
3.79,3.81,3.79,3.81,5897,2021-10-11 19:30:00,BIOC
3.81,3.83,3.8,3.82,5492,2021-10-11 19:35:00,BIOC
3.82,3.82,3.82,3.82,499,2021-10-11 19:40:00,BIOC
3.83,3.83,3.815,3.82,2387,2021-10-11 19:45:00,BIOC
3.82,3.83,3.82,3.82,835,2021-10-11 19:50:00,BIOC
3.82,3.84,3.82,3.84,12175,2021-10-11 19:55:00,BIOC
3.85,3.85,3.85,3.85,3636,2021-10-11 20:00:00,BIOC
3.85,3.85,3.85,3.85,200,2021-10-11 20:25:00,BIOC
3.82,3.82,3.82,3.82,10030,2021-10-11 23:50:00,BIOC
3.84,3.85,3.82,3.8229,3580,2021-10-12 13:30:00,BIOC
3.81,3.83,3.81,3.8201,1700,2021-10-12 13:35:00,BIOC
3.84,3.84,3.84,3.84,2100,2021-10-12 13:40:00,BIOC
3.81,3.83,3.81,3.83,12500,2021-10-12 13:45:00,BIOC
3.84,3.8799,3.84,3.8786,11098,2021-10-12 13:50:00,BIOC
3.88,3.91,3.88,3.899,8198,2021-10-12 13:55:00,BIOC
3.8801,3.91,3.8801,3.91,784,2021-10-12 14:00:00,BIOC
3.885,3.91,3.8701,3.8878,2963,2021-10-12 14:05:00,BIOC
3.895,3.91,3.8801,3.8801,10321,2021-10-12 14:10:00,BIOC
3.8801,3.91,3.8801,3.9,775,2021-10-12 14:15:00,BIOC
3.9,3.9,3.8622,3.8622,1707,2021-10-12 14:20:00,BIOC
3.88,3.88,3.86,3.86,769,2021-10-12 14:25:00,BIOC
3.8657,3.875,3.8657,3.875,400,2021-10-12 14:30:00,BIOC
3.88,3.89,3.86,3.862,5452,2021-10-12 14:35:00,BIOC
3.865,3.8699,3.865,3.8697,1400,2021-10-12 14:45:00,BIOC
3.87,3.88,3.87,3.88,1500,2021-10-12 14:50:00,BIOC
3.85,3.85,3.83,3.83,916,2021-10-12 14:55:00,BIOC
3.83,3.84,3.83,3.83,300,2021-10-12 15:00:00,BIOC
3.82,3.82,3.81,3.81,1264,2021-10-12 15:10:00,BIOC
3.81,3.82,3.81,3.82,2405,2021-10-12 15:15:00,BIOC
3.83,4.2,3.83,4.165,526749,2021-10-12 15:20:00,BIOC
4.15,4.1579,3.99,4.01,197281,2021-10-12 15:25:00,BIOC
4.015,4.0437,4.0,4.01,59711,2021-10-12 15:30:00,BIOC
4.02,4.03,3.92,3.95,59347,2021-10-12 15:35:00,BIOC
3.96,3.96,3.9001,3.91,25878,2021-10-12 15:40:00,BIOC
3.905,3.91,3.86,3.9,39387,2021-10-12 15:45:00,BIOC
3.9,3.9099,3.8601,3.875,10275,2021-10-12 15:50:00,BIOC
3.87,3.89,3.86,3.88,4785,2021-10-12 15:55:00,BIOC
3.8901,3.9,3.88,3.88,1133,2021-10-12 16:05:00,BIOC
3.885,3.89,3.86,3.8675,3545,2021-10-12 16:10:00,BIOC
3.8605,3.87,3.84,3.87,13667,2021-10-12 16:15:00,BIOC
3.8654,3.89,3.8565,3.89,1902,2021-10-12 16:20:00,BIOC
3.8805,3.8805,3.8805,3.8805,100,2021-10-12 16:25:00,BIOC
3.87,3.88,3.86,3.86,3856,2021-10-12 16:30:00,BIOC
3.87,3.89,3.855,3.8619,3060,2021-10-12 16:35:00,BIOC
3.862,3.88,3.862,3.88,700,2021-10-12 16:40:00,BIOC
3.88,3.88,3.862,3.8799,1234,2021-10-12 16:45:00,BIOC
3.8799,3.8799,3.86,3.87,1100,2021-10-12 16:50:00,BIOC
3.865,3.87,3.86,3.8695,1303,2021-10-12 17:00:00,BIOC
3.87,3.88,3.87,3.88,1906,2021-10-12 17:05:00,BIOC
3.8798,3.8798,3.8798,3.8798,1000,2021-10-12 17:10:00,BIOC
3.87,3.87,3.87,3.87,100,2021-10-12 17:15:00,BIOC
3.86,3.88,3.86,3.88,800,2021-10-12 17:20:00,BIOC
3.875,3.88,3.875,3.88,2100,2021-10-12 17:25:00,BIOC
3.88,3.885,3.88,3.885,650,2021-10-12 17:30:00,BIOC
3.88,3.88,3.88,3.88,10300,2021-10-12 17:35:00,BIOC
3.88,3.88,3.86,3.86,2442,2021-10-12 17:40:00,BIOC
3.85,3.85,3.84,3.84,3068,2021-10-12 17:45:00,BIOC
3.85,3.86,3.85,3.85,1933,2021-10-12 17:50:00,BIOC
3.855,3.855,3.84,3.85,1700,2021-10-12 17:55:00,BIOC
3.86,3.86,3.85,3.85,1210,2021-10-12 18:00:00,BIOC
3.858,3.87,3.858,3.87,600,2021-10-12 18:05:00,BIOC
3.87,3.8799,3.861,3.861,360,2021-10-12 18:15:00,BIOC
3.88,3.9,3.88,3.9,2200,2021-10-12 18:20:00,BIOC
3.88,3.88,3.88,3.88,100,2021-10-12 18:25:00,BIOC
3.88,3.88,3.88,3.88,998,2021-10-12 18:30:00,BIOC
3.88,3.88,3.88,3.88,1700,2021-10-12 18:35:00,BIOC
3.875,3.9,3.875,3.89,400,2021-10-12 18:45:00,BIOC
3.89,3.89,3.89,3.89,120,2021-10-12 18:50:00,BIOC
3.9,3.9,3.88,3.88,3156,2021-10-12 19:00:00,BIOC
3.88,3.88,3.88,3.88,100,2021-10-12 19:05:00,BIOC
3.9,3.905,3.9,3.9,900,2021-10-12 19:10:00,BIOC
3.9099,3.9099,3.8892,3.89,600,2021-10-12 19:15:00,BIOC
3.8825,3.89,3.8825,3.89,1200,2021-10-12 19:20:00,BIOC
3.89,3.89,3.89,3.89,100,2021-10-12 19:25:00,BIOC
3.89,3.89,3.88,3.89,1417,2021-10-12 19:30:00,BIOC
3.9,3.9,3.9,3.9,1598,2021-10-12 19:35:00,BIOC
3.9,3.9,3.87,3.89,6328,2021-10-12 19:40:00,BIOC
3.89,3.9,3.87,3.88,8232,2021-10-12 19:45:00,BIOC
3.89,3.91,3.88,3.881,5900,2021-10-12 19:50:00,BIOC
3.88,3.89,3.87,3.89,12196,2021-10-12 19:55:00,BIOC
3.87,3.87,3.87,3.87,2310,2021-10-12 20:00:00,BIOC
3.8501,3.8501,3.85,3.85,4325,2021-10-12 20:40:00,BIOC
3.85,3.85,3.85,3.85,500,2021-10-12 20:45:00,BIOC
3.9,3.9,3.9,3.9,1000,2021-10-12 23:45:00,BIOC
3.91,3.91,3.91,3.91,200,2021-10-13 10:10:00,BIOC
3.9299,3.9299,3.9299,3.9299,100,2021-10-13 12:05:00,BIOC
3.9199,3.92,3.9199,3.92,1200,2021-10-13 12:35:00,BIOC
3.93,3.93,3.93,3.93,2110,2021-10-13 12:40:00,BIOC
3.92,3.92,3.92,3.92,1000,2021-10-13 12:55:00,BIOC
3.88,3.9,3.87,3.8841,7500,2021-10-13 13:30:00,BIOC
3.87,3.92,3.87,3.9,4496,2021-10-13 13:40:00,BIOC
3.89,3.91,3.89,3.9047,949,2021-10-13 13:45:00,BIOC
3.8954,3.8954,3.895,3.895,605,2021-10-13 13:50:00,BIOC
3.91,3.91,3.89,3.91,4322,2021-10-13 13:55:00,BIOC
3.9,3.9099,3.9,3.9099,800,2021-10-13 14:05:00,BIOC
3.8914,3.9099,3.89,3.9,3700,2021-10-13 14:10:00,BIOC
3.91,3.9289,3.91,3.92,930,2021-10-13 14:15:00,BIOC
3.915,3.98,3.915,3.94,12287,2021-10-13 14:20:00,BIOC
3.96,3.97,3.94,3.94,7630,2021-10-13 14:25:00,BIOC
3.9479,3.97,3.94,3.96,3802,2021-10-13 14:30:00,BIOC
3.94,3.96,3.94,3.96,300,2021-10-13 14:35:00,BIOC
3.94,3.95,3.93,3.9427,900,2021-10-13 14:40:00,BIOC
3.94,3.94,3.92,3.92,10400,2021-10-13 14:45:00,BIOC
3.93,3.93,3.91,3.91,2230,2021-10-13 14:50:00,BIOC
3.94,3.94,3.94,3.94,900,2021-10-13 14:55:00,BIOC
3.9389,3.94,3.93,3.93,607,2021-10-13 15:00:00,BIOC
3.945,3.9664,3.945,3.9664,2201,2021-10-13 15:05:00,BIOC
3.95,3.97,3.95,3.96,15296,2021-10-13 15:10:00,BIOC
3.955,3.965,3.94,3.958,1352,2021-10-13 15:15:00,BIOC
3.945,3.96,3.93,3.9312,1698,2021-10-13 15:20:00,BIOC
3.9439,3.9619,3.94,3.9619,302,2021-10-13 15:25:00,BIOC
3.97,3.97,3.94,3.94,200,2021-10-13 15:30:00,BIOC
3.94,3.9401,3.94,3.9401,670,2021-10-13 15:35:00,BIOC
3.93,3.94,3.93,3.94,200,2021-10-13 15:40:00,BIOC
3.94,3.94,3.94,3.94,100,2021-10-13 15:45:00,BIOC
3.9599,3.9599,3.9599,3.9599,500,2021-10-13 15:50:00,BIOC
3.94,3.945,3.94,3.945,300,2021-10-13 15:55:00,BIOC
3.9499,3.9499,3.945,3.945,400,2021-10-13 16:00:00,BIOC
3.94,3.95,3.94,3.95,400,2021-10-13 16:10:00,BIOC
3.96,3.98,3.96,3.97,3308,2021-10-13 16:20:00,BIOC
3.98,4.0,3.98,3.9992,3097,2021-10-13 16:25:00,BIOC
3.9901,4.0,3.96,3.975,6208,2021-10-13 16:30:00,BIOC
3.975,3.975,3.975,3.975,224,2021-10-13 16:35:00,BIOC
3.98,3.98,3.98,3.98,100,2021-10-13 16:40:00,BIOC
3.99,4.01,3.99,4.01,1989,2021-10-13 16:50:00,BIOC
4.0046,4.015,4.0046,4.015,3519,2021-10-13 16:55:00,BIOC
4.0101,4.015,4.0101,4.0101,1250,2021-10-13 17:00:00,BIOC
4.0101,4.0105,4.01,4.0105,1465,2021-10-13 17:05:00,BIOC
4.01,4.02,4.0,4.0,2709,2021-10-13 17:10:00,BIOC
4.01,4.02,4.0,4.02,10804,2021-10-13 17:15:00,BIOC
4.015,4.03,4.015,4.025,2808,2021-10-13 17:20:00,BIOC
4.02,4.02,4.02,4.02,1000,2021-10-13 17:25:00,BIOC
4.02,4.0202,4.02,4.0202,800,2021-10-13 17:30:00,BIOC
4.02,4.07,4.015,4.06,18125,2021-10-13 17:35:00,BIOC
4.06,4.07,4.05,4.07,1182,2021-10-13 17:40:00,BIOC
4.06,4.06,4.03,4.03,2227,2021-10-13 17:45:00,BIOC
4.04,4.04,4.03,4.03,1300,2021-10-13 17:50:00,BIOC
4.03,4.045,4.03,4.03,12900,2021-10-13 17:55:00,BIOC
4.06,4.06,4.06,4.06,100,2021-10-13 18:00:00,BIOC
4.03,4.05,4.0101,4.0101,3532,2021-10-13 18:05:00,BIOC
4.0161,4.03,4.01,4.025,705,2021-10-13 18:10:00,BIOC
4.03,4.03,4.01,4.01,3200,2021-10-13 18:15:00,BIOC
4.02,4.03,4.02,4.03,500,2021-10-13 18:20:00,BIOC
4.0282,4.0282,4.0282,4.0282,1000,2021-10-13 18:25:00,BIOC
4.04,4.04,4.01,4.01,2550,2021-10-13 18:30:00,BIOC
4.01,4.01,4.0,4.0001,3925,2021-10-13 18:35:00,BIOC
4.005,4.01,4.0019,4.01,400,2021-10-13 18:40:00,BIOC
4.01,4.02,4.01,4.02,1799,2021-10-13 18:45:00,BIOC
4.015,4.015,4.01,4.015,300,2021-10-13 18:50:00,BIOC
4.0149,4.03,4.01,4.02,1758,2021-10-13 18:55:00,BIOC
4.02,4.0217,4.02,4.0217,1230,2021-10-13 19:00:00,BIOC
4.03,4.03,4.01,4.01,956,2021-10-13 19:05:00,BIOC
4.029,4.029,4.01,4.01,600,2021-10-13 19:10:00,BIOC
4.0197,4.0197,4.01,4.01,610,2021-10-13 19:15:00,BIOC
4.03,4.03,4.02,4.02,3173,2021-10-13 19:20:00,BIOC
4.02,4.025,4.01,4.01,3127,2021-10-13 19:25:00,BIOC
4.015,4.015,4.01,4.01,500,2021-10-13 19:30:00,BIOC
4.015,4.015,4.01,4.015,1200,2021-10-13 19:35:00,BIOC
4.015,4.04,4.015,4.025,5798,2021-10-13 19:40:00,BIOC
4.025,4.04,4.02,4.02,5912,2021-10-13 19:45:00,BIOC
4.01,4.02,4.005,4.02,3875,2021-10-13 19:50:00,BIOC
4.02,4.03,4.0,4.0,10134,2021-10-13 19:55:00,BIOC
4.02,4.02,4.02,4.02,1484,2021-10-13 20:00:00,BIOC
3.98,3.98,3.98,3.98,100,2021-10-13 22:00:00,BIOC
4.02,4.02,3.96,3.9863,6507,2021-10-14 13:30:00,BIOC
3.9793,3.9801,3.9793,3.9801,1300,2021-10-14 13:35:00,BIOC
4.0,4.04,4.0,4.04,2601,2021-10-14 13:40:00,BIOC
4.05,4.0597,4.0401,4.05,2109,2021-10-14 13:45:00,BIOC
4.0499,4.0499,4.04,4.04,3807,2021-10-14 13:50:00,BIOC
4.04,4.05,4.04,4.042,600,2021-10-14 13:55:00,BIOC
4.06,4.06,4.06,4.06,500,2021-10-14 14:05:00,BIOC
4.04,4.04,4.03,4.03,836,2021-10-14 14:15:00,BIOC
4.0427,4.0427,4.0427,4.0427,1000,2021-10-14 14:20:00,BIOC
4.03,4.04,4.03,4.04,1026,2021-10-14 14:25:00,BIOC
4.0464,4.055,4.0464,4.055,1323,2021-10-14 14:30:00,BIOC
4.0594,4.07,4.0594,4.07,1600,2021-10-14 14:35:00,BIOC
4.0699,4.075,4.0699,4.0748,1725,2021-10-14 14:40:00,BIOC
4.08,4.08,4.06,4.0621,820,2021-10-14 14:45:00,BIOC
4.075,4.08,4.06,4.06,5263,2021-10-14 14:55:00,BIOC
4.0575,4.06,4.055,4.055,525,2021-10-14 15:00:00,BIOC
4.06,4.06,4.04,4.04,3639,2021-10-14 15:05:00,BIOC
4.03,4.03,4.03,4.03,458,2021-10-14 15:20:00,BIOC
4.05,4.05,4.05,4.05,700,2021-10-14 15:30:00,BIOC
4.045,4.045,4.045,4.045,100,2021-10-14 15:40:00,BIOC
4.05,4.06,4.03,4.06,7029,2021-10-14 15:45:00,BIOC
4.07,4.07,4.0447,4.0447,250,2021-10-14 15:50:00,BIOC
4.0503,4.0503,4.0503,4.0503,1000,2021-10-14 15:55:00,BIOC
4.05,4.05,4.05,4.05,100,2021-10-14 16:10:00,BIOC
4.041,4.041,4.041,4.041,1000,2021-10-14 16:15:00,BIOC
4.06,4.06,4.05,4.05,321,2021-10-14 16:20:00,BIOC
4.055,4.055,4.055,4.055,200,2021-10-14 16:40:00,BIOC
4.0501,4.0501,4.05,4.0501,300,2021-10-14 16:45:00,BIOC
4.055,4.06,4.055,4.06,1168,2021-10-14 16:50:00,BIOC
4.055,4.06,4.05,4.0529,1047,2021-10-14 16:55:00,BIOC
4.06,4.06,4.06,4.06,100,2021-10-14 17:00:00,BIOC
4.05,4.06,4.05,4.06,3128,2021-10-14 17:05:00,BIOC
4.05,4.06,4.05,4.0501,5900,2021-10-14 17:10:00,BIOC
4.06,4.06,4.06,4.06,200,2021-10-14 17:15:00,BIOC
4.0607,4.0662,4.0607,4.0662,2012,2021-10-14 17:20:00,BIOC
4.06,4.06,4.06,4.06,1707,2021-10-14 17:25:00,BIOC
4.051,4.06,4.0507,4.0507,700,2021-10-14 17:30:00,BIOC
4.06,4.06,4.06,4.06,572,2021-10-14 17:35:00,BIOC
4.06,4.06,4.05,4.05,1391,2021-10-14 17:40:00,BIOC
4.06,4.06,4.06,4.06,325,2021-10-14 17:45:00,BIOC
4.06,4.06,4.06,4.06,1100,2021-10-14 17:50:00,BIOC
4.0501,4.0501,4.0501,4.0501,2000,2021-10-14 17:55:00,BIOC
4.06,4.07,4.06,4.07,2300,2021-10-14 18:05:00,BIOC
4.07,4.08,4.07,4.08,2264,2021-10-14 18:10:00,BIOC
4.07,4.07,4.07,4.07,600,2021-10-14 18:15:00,BIOC
4.07,4.07,4.07,4.07,2050,2021-10-14 18:25:00,BIOC
4.06,4.06,4.06,4.06,100,2021-10-14 18:30:00,BIOC
4.06,4.0602,4.06,4.06,1700,2021-10-14 18:35:00,BIOC
4.0513,4.0513,4.05,4.05,4201,2021-10-14 18:40:00,BIOC
4.05,4.05,4.05,4.05,100,2021-10-14 18:45:00,BIOC
4.05,4.05,4.035,4.05,1832,2021-10-14 18:50:00,BIOC
4.0516,4.06,4.0516,4.06,1075,2021-10-14 18:55:00,BIOC
4.0587,4.06,4.05,4.05,1100,2021-10-14 19:00:00,BIOC
4.05,4.05,4.03,4.03,3287,2021-10-14 19:05:00,BIOC
4.035,4.04,4.035,4.035,300,2021-10-14 19:10:00,BIOC
4.035,4.035,4.03,4.035,800,2021-10-14 19:15:00,BIOC
4.04,4.04,4.04,4.04,100,2021-10-14 19:20:00,BIOC
4.03,4.04,4.03,4.03,4100,2021-10-14 19:25:00,BIOC
4.035,4.04,4.03,4.03,3055,2021-10-14 19:30:00,BIOC
4.03,4.035,4.03,4.035,3460,2021-10-14 19:35:00,BIOC
4.03,4.03,4.03,4.03,500,2021-10-14 19:40:00,BIOC
4.03,4.035,4.03,4.035,700,2021-10-14 19:45:00,BIOC
4.03,4.04,4.03,4.04,1486,2021-10-14 19:50:00,BIOC
4.04,4.05,4.04,4.05,1349,2021-10-14 19:55:00,BIOC
4.05,4.05,4.05,4.05,1514,2021-10-14 20:00:00,BIOC
4.05,4.05,4.05,4.05,1000,2021-10-14 23:30:00,BIOC
4.03,4.03,4.03,4.03,100,2021-10-15 13:25:00,BIOC
4.02,4.07,4.02,4.07,11687,2021-10-15 13:30:00,BIOC
4.02,4.02,4.02,4.02,100,2021-10-15 13:40:00,BIOC
4.04,4.04,4.0101,4.04,840,2021-10-15 13:45:00,BIOC
4.04,4.04,4.03,4.03,224,2021-10-15 13:50:00,BIOC
4.023,4.05,4.01,4.05,3294,2021-10-15 13:55:00,BIOC
4.035,4.05,4.035,4.05,2020,2021-10-15 14:00:00,BIOC
4.045,4.05,4.0312,4.04,2159,2021-10-15 14:05:00,BIOC
4.04,4.04,4.04,4.04,301,2021-10-15 14:10:00,BIOC
4.03,4.03,4.03,4.03,100,2021-10-15 14:15:00,BIOC
4.021,4.03,4.0194,4.0194,400,2021-10-15 14:20:00,BIOC
4.0104,4.0104,4.0104,4.0104,100,2021-10-15 14:30:00,BIOC
4.015,4.015,3.94,3.97,38770,2021-10-15 14:35:00,BIOC
3.97,3.99,3.97,3.97,3398,2021-10-15 14:40:00,BIOC
3.97,3.975,3.94,3.9645,5173,2021-10-15 14:45:00,BIOC
3.9517,3.99,3.9517,3.9722,705,2021-10-15 14:50:00,BIOC
3.9635,3.9899,3.9635,3.9642,806,2021-10-15 14:55:00,BIOC
3.9642,3.9642,3.94,3.94,3731,2021-10-15 15:00:00,BIOC
3.9396,3.97,3.9396,3.9607,4377,2021-10-15 15:05:00,BIOC
3.965,3.965,3.95,3.959,3081,2021-10-15 15:10:00,BIOC
3.9558,3.9558,3.95,3.95,300,2021-10-15 15:15:00,BIOC
3.96,3.978,3.96,3.96,2815,2021-10-15 15:20:00,BIOC
3.9629,3.9699,3.945,3.9699,5292,2021-10-15 15:25:00,BIOC
3.955,3.955,3.955,3.955,150,2021-10-15 15:30:00,BIOC
3.959,3.959,3.959,3.959,100,2021-10-15 15:45:00,BIOC
3.9434,3.9434,3.9434,3.9434,209,2021-10-15 15:50:00,BIOC
3.9412,3.95,3.91,3.94,3000,2021-10-15 15:55:00,BIOC
3.93,3.95,3.93,3.95,6200,2021-10-15 16:00:00,BIOC
3.9257,3.9505,3.9166,3.9505,794,2021-10-15 16:10:00,BIOC
3.9415,3.9491,3.91,3.925,2710,2021-10-15 16:15:00,BIOC
3.94,3.94,3.911,3.911,1956,2021-10-15 16:20:00,BIOC
3.916,3.925,3.91,3.9108,2175,2021-10-15 16:25:00,BIOC
3.9108,3.92,3.9,3.9,7451,2021-10-15 16:30:00,BIOC
3.91,3.91,3.91,3.91,443,2021-10-15 16:35:00,BIOC
3.95,3.95,3.922,3.922,200,2021-10-15 16:40:00,BIOC
3.95,3.95,3.95,3.95,100,2021-10-15 16:45:00,BIOC
3.9488,3.9488,3.9488,3.9488,200,2021-10-15 16:50:00,BIOC
3.94,3.94,3.9302,3.9302,1454,2021-10-15 16:55:00,BIOC
3.93,3.93,3.92,3.9245,2274,2021-10-15 17:00:00,BIOC
3.93,3.95,3.93,3.95,508,2021-10-15 17:10:00,BIOC
3.9499,3.9499,3.93,3.93,1900,2021-10-15 17:15:00,BIOC
3.9305,3.932,3.91,3.9128,18461,2021-10-15 17:20:00,BIOC
3.91,3.92,3.91,3.92,2925,2021-10-15 17:25:00,BIOC
3.9171,3.92,3.9171,3.92,1200,2021-10-15 17:30:00,BIOC
3.9199,3.92,3.91,3.91,500,2021-10-15 17:35:00,BIOC
3.915,3.92,3.91,3.91,1823,2021-10-15 17:40:00,BIOC
3.92,3.92,3.9192,3.9192,200,2021-10-15 17:45:00,BIOC
3.9105,3.92,3.91,3.92,400,2021-10-15 17:50:00,BIOC
3.91,3.915,3.91,3.915,200,2021-10-15 17:55:00,BIOC
3.915,3.92,3.915,3.92,200,2021-10-15 18:00:00,BIOC
3.91,3.9117,3.91,3.911,600,2021-10-15 18:05:00,BIOC
3.9107,3.9107,3.905,3.9094,3459,2021-10-15 18:10:00,BIOC
3.91,3.91,3.91,3.91,600,2021-10-15 18:20:00,BIOC
3.9101,3.9101,3.895,3.895,3094,2021-10-15 18:25:00,BIOC
3.89,3.9,3.88,3.9,1595,2021-10-15 18:30:00,BIOC
3.9,3.905,3.9,3.9,756,2021-10-15 18:35:00,BIOC
3.9,3.9,3.89,3.895,919,2021-10-15 18:45:00,BIOC
3.895,3.91,3.895,3.91,1600,2021-10-15 18:55:00,BIOC
3.91,3.91,3.895,3.895,5800,2021-10-15 19:05:00,BIOC
3.895,3.9,3.89,3.8999,3349,2021-10-15 19:15:00,BIOC
3.895,3.895,3.89,3.895,2520,2021-10-15 19:20:00,BIOC
3.8907,3.8907,3.8735,3.8801,8129,2021-10-15 19:25:00,BIOC
3.88,3.9,3.8723,3.9,2709,2021-10-15 19:30:00,BIOC
3.91,3.91,3.91,3.91,100,2021-10-15 19:35:00,BIOC
3.91,3.91,3.91,3.91,512,2021-10-15 19:40:00,BIOC
3.91,3.91,3.9,3.9,2188,2021-10-15 19:45:00,BIOC
3.89,3.89,3.88,3.88,1100,2021-10-15 19:50:00,BIOC
3.89,3.89,3.86,3.89,8972,2021-10-15 19:55:00,BIOC
3.86,3.86,3.86,3.86,3925,2021-10-15 20:00:00,BIOC
3.89,3.89,3.89,3.89,100,2021-10-15 23:40:00,BIOC
3.86,3.86,3.86,3.86,200,2021-10-18 08:20:00,BIOC
3.85,3.85,3.85,3.85,200,2021-10-18 11:30:00,BIOC
3.86,3.86,3.86,3.86,200,2021-10-18 12:10:00,BIOC
3.91,3.91,3.91,3.91,100,2021-10-18 12:20:00,BIOC
3.84,3.84,3.83,3.83,1310,2021-10-18 12:25:00,BIOC
3.83,3.83,3.8201,3.8201,1447,2021-10-18 12:30:00,BIOC
3.86,3.865,3.82,3.82,7878,2021-10-18 13:30:00,BIOC
3.8301,3.8301,3.8301,3.8301,400,2021-10-18 13:35:00,BIOC
3.83,3.83,3.82,3.82,2834,2021-10-18 13:40:00,BIOC
3.85,3.85,3.82,3.82,1678,2021-10-18 13:45:00,BIOC
3.84,3.84,3.8242,3.835,400,2021-10-18 13:50:00,BIOC
3.8244,3.84,3.82,3.8316,3700,2021-10-18 13:55:00,BIOC
3.84,3.85,3.8398,3.8399,521,2021-10-18 14:00:00,BIOC
3.8366,3.8366,3.8124,3.82,4577,2021-10-18 14:05:00,BIOC
3.8123,3.83,3.81,3.81,850,2021-10-18 14:10:00,BIOC
3.83,3.83,3.82,3.83,1525,2021-10-18 14:15:00,BIOC
3.83,3.83,3.825,3.825,685,2021-10-18 14:20:00,BIOC
3.8294,3.83,3.82,3.82,4838,2021-10-18 14:25:00,BIOC
3.8214,3.83,3.8214,3.8246,3910,2021-10-18 14:30:00,BIOC
3.82,3.82,3.815,3.815,9780,2021-10-18 14:35:00,BIOC
3.8199,3.83,3.8199,3.83,2350,2021-10-18 14:45:00,BIOC
3.8258,3.8258,3.82,3.82,200,2021-10-18 14:50:00,BIOC
3.85,3.85,3.85,3.85,156,2021-10-18 14:55:00,BIOC
3.8498,3.85,3.8498,3.8498,800,2021-10-18 15:00:00,BIOC
3.85,3.8504,3.85,3.8504,1834,2021-10-18 15:10:00,BIOC
3.85,3.8586,3.85,3.8586,200,2021-10-18 15:15:00,BIOC
3.86,3.86,3.86,3.86,200,2021-10-18 15:25:00,BIOC
3.84,3.85,3.835,3.84,2065,2021-10-18 15:30:00,BIOC
3.85,3.85,3.83,3.83,300,2021-10-18 15:35:00,BIOC
3.85,3.85,3.83,3.845,1985,2021-10-18 15:40:00,BIOC
3.8411,3.8493,3.83,3.83,804,2021-10-18 15:45:00,BIOC
3.8411,3.86,3.8349,3.84,955,2021-10-18 15:55:00,BIOC
3.8301,3.844,3.8301,3.8315,302,2021-10-18 16:00:00,BIOC
3.83,3.83,3.82,3.82,855,2021-10-18 16:05:00,BIOC
3.84,3.84,3.84,3.84,500,2021-10-18 16:20:00,BIOC
3.82,3.84,3.82,3.8383,2200,2021-10-18 16:25:00,BIOC
3.825,3.825,3.81,3.81,6569,2021-10-18 16:35:00,BIOC
3.81,3.82,3.8,3.81,4925,2021-10-18 16:40:00,BIOC
3.82,3.82,3.82,3.82,200,2021-10-18 16:45:00,BIOC
3.81,3.8136,3.81,3.81,4141,2021-10-18 16:50:00,BIOC
3.805,3.805,3.805,3.805,100,2021-10-18 17:00:00,BIOC
3.805,3.81,3.8,3.8,2000,2021-10-18 17:05:00,BIOC
3.8001,3.8001,3.8001,3.8001,100,2021-10-18 17:10:00,BIOC
3.805,3.805,3.805,3.805,100,2021-10-18 17:15:00,BIOC
3.8075,3.8075,3.8075,3.8075,400,2021-10-18 17:20:00,BIOC
3.81,3.81,3.81,3.81,400,2021-10-18 17:25:00,BIOC
3.805,3.81,3.805,3.81,3000,2021-10-18 17:30:00,BIOC
3.81,3.81,3.81,3.81,2064,2021-10-18 17:45:00,BIOC
3.81,3.81,3.81,3.81,650,2021-10-18 17:50:00,BIOC
3.8075,3.81,3.8075,3.81,1400,2021-10-18 17:55:00,BIOC
3.82,3.9,3.81,3.81,14273,2021-10-18 18:00:00,BIOC
3.805,3.805,3.8,3.8,400,2021-10-18 18:05:00,BIOC
3.805,3.81,3.805,3.81,2200,2021-10-18 18:10:00,BIOC
3.8092,3.8092,3.8092,3.8092,100,2021-10-18 18:15:00,BIOC
3.8093,3.81,3.8093,3.81,700,2021-10-18 18:20:00,BIOC
3.805,3.805,3.805,3.805,100,2021-10-18 18:25:00,BIOC
3.8001,3.815,3.8,3.8,3851,2021-10-18 18:30:00,BIOC
3.8,3.8,3.76,3.79,29437,2021-10-18 18:35:00,BIOC
3.79,3.79,3.7716,3.7797,2137,2021-10-18 18:40:00,BIOC
3.785,3.785,3.785,3.785,200,2021-10-18 18:45:00,BIOC
3.79,3.79,3.78,3.78,702,2021-10-18 18:50:00,BIOC
3.785,3.785,3.7716,3.7716,4867,2021-10-18 18:55:00,BIOC
3.775,3.775,3.775,3.775,100,2021-10-18 19:00:00,BIOC
3.7793,3.7799,3.7793,3.7799,5100,2021-10-18 19:05:00,BIOC
3.78,3.79,3.78,3.78,12251,2021-10-18 19:10:00,BIOC
3.78,3.78,3.78,3.78,100,2021-10-18 19:15:00,BIOC
3.785,3.79,3.7801,3.7801,335,2021-10-18 19:20:00,BIOC
3.785,3.785,3.77,3.77,1658,2021-10-18 19:25:00,BIOC
3.7855,3.7855,3.7855,3.7855,100,2021-10-18 19:30:00,BIOC
3.7805,3.785,3.78,3.785,1150,2021-10-18 19:35:00,BIOC
3.785,3.8,3.78,3.8,4610,2021-10-18 19:40:00,BIOC
3.78,3.785,3.78,3.78,1000,2021-10-18 19:45:00,BIOC
3.78,3.78,3.78,3.78,200,2021-10-18 19:50:00,BIOC
3.78,3.7824,3.77,3.78,3821,2021-10-18 19:55:00,BIOC
3.79,3.79,3.79,3.79,1011,2021-10-18 20:00:00,BIOC
3.82,3.83,3.82,3.83,400,2021-10-18 23:45:00,BIOC
3.78,3.78,3.78,3.78,200,2021-10-19 13:05:00,BIOC
3.79,3.802,3.77,3.785,4184,2021-10-19 13:30:00,BIOC
3.7801,3.7801,3.7801,3.7801,280,2021-10-19 13:35:00,BIOC
3.78,3.8085,3.78,3.8,329,2021-10-19 13:40:00,BIOC
3.79,3.8,3.78,3.79,12345,2021-10-19 13:45:00,BIOC
3.8,3.81,3.799,3.799,2031,2021-10-19 13:50:00,BIOC
3.7945,3.7945,3.7945,3.7945,150,2021-10-19 13:55:00,BIOC
3.83,3.83,3.83,3.83,200,2021-10-19 14:00:00,BIOC
3.83,3.83,3.83,3.83,230,2021-10-19 14:05:00,BIOC
3.8288,3.8288,3.8288,3.8288,100,2021-10-19 14:10:00,BIOC
3.81,3.81,3.8,3.8001,4022,2021-10-19 14:15:00,BIOC
3.81,3.82,3.81,3.814,762,2021-10-19 14:20:00,BIOC
3.81,3.81,3.8,3.8,730,2021-10-19 14:25:00,BIOC
3.81,3.8621,3.81,3.86,10771,2021-10-19 14:30:00,BIOC
3.8646,3.8646,3.8644,3.8644,200,2021-10-19 14:35:00,BIOC
3.8649,3.8738,3.8649,3.8738,3137,2021-10-19 14:40:00,BIOC
3.8742,3.8999,3.8742,3.88,2210,2021-10-19 14:45:00,BIOC
3.8847,3.885,3.8715,3.8715,838,2021-10-19 14:50:00,BIOC
3.88,3.8867,3.875,3.88,1700,2021-10-19 14:55:00,BIOC
3.8749,3.891,3.8714,3.885,665,2021-10-19 15:00:00,BIOC
3.891,3.891,3.8757,3.8757,301,2021-10-19 15:05:00,BIOC
3.8731,3.88,3.87,3.871,1050,2021-10-19 15:10:00,BIOC
3.89,3.89,3.8609,3.8609,510,2021-10-19 15:20:00,BIOC
3.8668,3.8668,3.8668,3.8668,300,2021-10-19 15:25:00,BIOC
3.87,3.87,3.87,3.87,100,2021-10-19 15:30:00,BIOC
3.8701,3.8701,3.8701,3.8701,1100,2021-10-19 15:35:00,BIOC
3.8701,3.88,3.87,3.87,4136,2021-10-19 15:40:00,BIOC
3.8715,3.88,3.8701,3.88,1600,2021-10-19 15:45:00,BIOC
3.88,3.88,3.8715,3.8715,877,2021-10-19 15:50:00,BIOC
3.8701,3.8758,3.8701,3.8758,482,2021-10-19 15:55:00,BIOC
3.873,3.88,3.873,3.88,946,2021-10-19 16:05:00,BIOC
3.88,3.88,3.88,3.88,1084,2021-10-19 16:10:00,BIOC
3.8807,3.895,3.8807,3.895,3241,2021-10-19 16:20:00,BIOC
3.9,3.92,3.9,3.92,655,2021-10-19 16:25:00,BIOC
3.91,3.91,3.91,3.91,300,2021-10-19 16:35:00,BIOC
3.91,3.91,3.91,3.91,555,2021-10-19 16:40:00,BIOC
3.9054,3.9054,3.9001,3.9001,300,2021-10-19 16:45:00,BIOC
3.91,3.9122,3.91,3.9106,1005,2021-10-19 16:50:00,BIOC
3.9135,3.9193,3.91,3.9107,2500,2021-10-19 16:55:00,BIOC
3.9101,3.94,3.91,3.925,2541,2021-10-19 17:00:00,BIOC
3.93,3.93,3.91,3.9115,815,2021-10-19 17:05:00,BIOC
3.91,3.92,3.91,3.9114,1312,2021-10-19 17:10:00,BIOC
3.91,3.91,3.87,3.8811,5230,2021-10-19 17:20:00,BIOC
3.89,3.89,3.88,3.8801,628,2021-10-19 17:25:00,BIOC
3.89,3.89,3.89,3.89,390,2021-10-19 17:30:00,BIOC
3.9,3.9,3.9,3.9,500,2021-10-19 17:35:00,BIOC
3.895,3.9098,3.89,3.9,2700,2021-10-19 18:10:00,BIOC
3.89,3.9,3.89,3.9,1248,2021-10-19 18:25:00,BIOC
3.88,3.89,3.88,3.89,3100,2021-10-19 18:30:00,BIOC
3.9,3.9,3.89,3.8937,3946,2021-10-19 18:55:00,BIOC
3.8905,3.895,3.89,3.895,578,2021-10-19 19:00:00,BIOC
3.9,3.92,3.9,3.92,2258,2021-10-19 19:05:00,BIOC
3.92,3.92,3.92,3.92,378,2021-10-19 19:10:00,BIOC
3.92,3.92,3.92,3.92,649,2021-10-19 19:15:00,BIOC
3.9205,3.93,3.9205,3.93,1100,2021-10-19 19:20:00,BIOC
3.92,3.9201,3.89,3.891,10576,2021-10-19 19:25:00,BIOC
3.901,3.92,3.8992,3.92,685,2021-10-19 19:30:00,BIOC
3.91,3.91,3.901,3.91,902,2021-10-19 19:35:00,BIOC
3.9012,3.905,3.9012,3.905,700,2021-10-19 19:45:00,BIOC
3.9,3.91,3.9,3.9,700,2021-10-19 19:50:00,BIOC
3.9,3.91,3.88,3.88,4456,2021-10-19 19:55:00,BIOC
3.9,3.9,3.9,3.9,372,2021-10-19 20:00:00,BIOC
3.89,3.89,3.89,3.89,100,2021-10-20 13:15:00,BIOC
3.8999,3.8999,3.8999,3.8999,200,2021-10-20 13:20:00,BIOC
3.89,3.9,3.8668,3.8668,1931,2021-10-20 13:30:00,BIOC
3.8812,3.901,3.88,3.8804,1670,2021-10-20 13:35:00,BIOC
3.895,3.925,3.895,3.925,2140,2021-10-20 13:40:00,BIOC
3.9227,3.9227,3.9051,3.9053,1100,2021-10-20 13:45:00,BIOC
3.93,3.93,3.9136,3.9136,968,2021-10-20 13:50:00,BIOC
3.925,3.925,3.925,3.925,500,2021-10-20 13:55:00,BIOC
3.913,3.94,3.87,3.91,4514,2021-10-20 14:00:00,BIOC
3.921,3.921,3.9011,3.9045,350,2021-10-20 14:10:00,BIOC
3.93,3.93,3.9091,3.9121,300,2021-10-20 14:15:00,BIOC
3.93,3.93,3.9056,3.9056,319,2021-10-20 14:20:00,BIOC
3.9122,3.9122,3.9122,3.9122,100,2021-10-20 14:25:00,BIOC
3.92,3.93,3.91,3.91,4275,2021-10-20 14:30:00,BIOC
3.91,3.92,3.9,3.9,3847,2021-10-20 14:35:00,BIOC
3.8848,3.925,3.8848,3.9,3544,2021-10-20 14:40:00,BIOC
3.9014,3.92,3.9,3.92,5761,2021-10-20 14:45:00,BIOC
3.92,3.9214,3.92,3.9214,1500,2021-10-20 14:50:00,BIOC
3.9214,3.9222,3.91,3.91,2000,2021-10-20 14:55:00,BIOC
3.91,3.9199,3.91,3.91,500,2021-10-20 15:00:00,BIOC
3.895,3.9,3.895,3.895,1357,2021-10-20 15:05:00,BIOC
3.89,3.9,3.89,3.9,611,2021-10-20 15:15:00,BIOC
3.9,3.9,3.89,3.89,1496,2021-10-20 15:20:00,BIOC
3.8871,3.8883,3.8819,3.8822,533,2021-10-20 15:25:00,BIOC
3.9,3.91,3.9,3.91,800,2021-10-20 15:35:00,BIOC
3.905,3.905,3.9,3.9,900,2021-10-20 15:45:00,BIOC
3.9,3.91,3.9,3.91,1459,2021-10-20 15:50:00,BIOC
3.9,3.9037,3.9,3.9037,400,2021-10-20 15:55:00,BIOC
3.9,3.915,3.9,3.915,490,2021-10-20 16:00:00,BIOC
3.9,3.9199,3.9,3.9199,400,2021-10-20 16:05:00,BIOC
3.9,3.91,3.9,3.9,600,2021-10-20 16:15:00,BIOC
3.9,3.92,3.9,3.92,984,2021-10-20 16:20:00,BIOC
3.9195,3.92,3.91,3.91,1300,2021-10-20 16:25:00,BIOC
3.91,3.92,3.91,3.92,800,2021-10-20 16:30:00,BIOC
3.93,3.93,3.93,3.93,100,2021-10-20 16:35:00,BIOC
3.93,3.93,3.92,3.92,918,2021-10-20 17:00:00,BIOC
3.9155,3.9155,3.9155,3.9155,500,2021-10-20 17:15:00,BIOC
3.92,3.9284,3.92,3.9284,400,2021-10-20 17:20:00,BIOC
3.9262,3.93,3.926,3.93,500,2021-10-20 17:30:00,BIOC
3.92,3.92,3.92,3.92,200,2021-10-20 17:35:00,BIOC
3.92,3.92,3.92,3.92,200,2021-10-20 17:45:00,BIOC
3.924,3.924,3.91,3.91,1251,2021-10-20 17:55:00,BIOC
3.92,3.9217,3.92,3.9217,1065,2021-10-20 18:00:00,BIOC
3.912,3.912,3.912,3.912,180,2021-10-20 18:05:00,BIOC
3.9176,3.93,3.91,3.93,710,2021-10-20 18:10:00,BIOC
3.93,3.94,3.93,3.9399,1490,2021-10-20 18:15:00,BIOC
3.9362,3.94,3.92,3.93,10016,2021-10-20 18:20:00,BIOC
3.935,3.935,3.93,3.93,1205,2021-10-20 18:25:00,BIOC
3.94,3.94,3.93,3.94,1235,2021-10-20 18:30:00,BIOC
3.935,3.94,3.92,3.93,4221,2021-10-20 18:35:00,BIOC
3.93,3.94,3.92,3.935,2100,2021-10-20 18:40:00,BIOC
3.935,3.9385,3.93,3.93,442,2021-10-20 18:45:00,BIOC
3.94,3.94,3.93,3.93,941,2021-10-20 18:50:00,BIOC
3.94,3.945,3.93,3.93,5215,2021-10-20 18:55:00,BIOC
3.93,3.94,3.93,3.935,759,2021-10-20 19:00:00,BIOC
3.935,3.935,3.93,3.93,916,2021-10-20 19:05:00,BIOC
3.93,3.93,3.91,3.915,2200,2021-10-20 19:10:00,BIOC
3.9159,3.92,3.91,3.91,1800,2021-10-20 19:15:00,BIOC
3.9108,3.92,3.9108,3.915,410,2021-10-20 19:20:00,BIOC
3.92,3.93,3.92,3.92,2613,2021-10-20 19:25:00,BIOC
3.92,3.93,3.92,3.93,1200,2021-10-20 19:30:00,BIOC
3.925,3.925,3.9113,3.92,450,2021-10-20 19:35:00,BIOC
3.9179,3.9229,3.91,3.92,2050,2021-10-20 19:40:00,BIOC
3.915,3.93,3.9124,3.92,1864,2021-10-20 19:45:00,BIOC
3.92,3.92,3.91,3.91,200,2021-10-20 19:50:00,BIOC
3.91,3.92,3.89,3.89,10581,2021-10-20 19:55:00,BIOC
3.91,3.91,3.91,3.91,488,2021-10-20 20:00:00,BIOC
3.91,3.94,3.91,3.9158,5738,2021-10-21 13:30:00,BIOC
3.94,3.97,3.94,3.97,5096,2021-10-21 13:35:00,BIOC
3.95,4.0,3.95,3.975,4823,2021-10-21 13:40:00,BIOC
3.96,3.98,3.95,3.9592,6199,2021-10-21 13:45:00,BIOC
3.9537,3.98,3.9537,3.975,5714,2021-10-21 13:50:00,BIOC
3.975,3.975,3.97,3.97,400,2021-10-21 14:00:00,BIOC
3.97,3.98,3.97,3.97,1651,2021-10-21 14:05:00,BIOC
3.97,3.98,3.95,3.9511,947,2021-10-21 14:10:00,BIOC
3.96,3.99,3.96,3.97,3450,2021-10-21 14:15:00,BIOC
3.98,3.99,3.9797,3.99,1100,2021-10-21 14:20:00,BIOC
3.9891,3.99,3.98,3.98,2750,2021-10-21 14:25:00,BIOC
3.971,3.9712,3.961,3.961,2329,2021-10-21 14:30:00,BIOC
3.97,3.97,3.97,3.97,325,2021-10-21 14:35:00,BIOC
3.96,3.9622,3.95,3.96,2000,2021-10-21 14:40:00,BIOC
3.9559,3.97,3.95,3.9516,925,2021-10-21 14:45:00,BIOC
3.97,3.97,3.96,3.96,727,2021-10-21 14:50:00,BIOC
3.96,3.96,3.96,3.96,100,2021-10-21 14:55:00,BIOC
3.95,3.95,3.95,3.95,1000,2021-10-21 15:05:00,BIOC
3.955,3.955,3.95,3.95,283,2021-10-21 15:25:00,BIOC
3.94,3.94,3.94,3.94,100,2021-10-21 15:30:00,BIOC
3.9418,3.9418,3.93,3.93,1138,2021-10-21 15:35:00,BIOC
3.9366,3.9366,3.9366,3.9366,250,2021-10-21 15:40:00,BIOC
3.94,3.94,3.9322,3.9322,1700,2021-10-21 15:45:00,BIOC
3.937,3.937,3.93,3.93,200,2021-10-21 15:50:00,BIOC
3.94,3.94,3.93,3.94,842,2021-10-21 15:55:00,BIOC
3.94,3.94,3.94,3.94,300,2021-10-21 16:00:00,BIOC
3.94,3.94,3.94,3.94,549,2021-10-21 16:05:00,BIOC
3.946,3.95,3.946,3.95,800,2021-10-21 16:10:00,BIOC
3.94,3.9451,3.94,3.94,2675,2021-10-21 16:15:00,BIOC
3.95,3.95,3.94,3.9423,600,2021-10-21 16:20:00,BIOC
3.945,3.95,3.9421,3.946,698,2021-10-21 16:25:00,BIOC
3.95,3.95,3.95,3.95,100,2021-10-21 16:30:00,BIOC
3.955,3.955,3.955,3.955,274,2021-10-21 16:35:00,BIOC
3.96,3.96,3.96,3.96,1369,2021-10-21 16:40:00,BIOC
3.9502,3.9502,3.9502,3.9502,1000,2021-10-21 16:50:00,BIOC
3.95,3.95,3.95,3.95,2600,2021-10-21 16:55:00,BIOC
3.9434,3.9434,3.9434,3.9434,1350,2021-10-21 17:00:00,BIOC
3.9401,3.96,3.9401,3.96,250,2021-10-21 17:05:00,BIOC
3.95,3.95,3.95,3.95,500,2021-10-21 17:10:00,BIOC
3.95,3.9515,3.95,3.9515,600,2021-10-21 17:15:00,BIOC
3.95,3.95,3.95,3.95,1000,2021-10-21 17:20:00,BIOC
3.95,3.95,3.95,3.95,1000,2021-10-21 17:25:00,BIOC
3.96,3.96,3.96,3.96,100,2021-10-21 17:35:00,BIOC
3.955,3.955,3.955,3.955,100,2021-10-21 17:40:00,BIOC
3.95,3.95,3.9458,3.9458,1066,2021-10-21 17:45:00,BIOC
3.945,3.945,3.92,3.92,4063,2021-10-21 17:50:00,BIOC
3.9116,3.9116,3.9116,3.9116,150,2021-10-21 17:55:00,BIOC
3.92,3.92,3.91,3.91,2638,2021-10-21 18:00:00,BIOC
3.92,3.92,3.92,3.92,300,2021-10-21 18:05:00,BIOC
3.94,3.94,3.94,3.94,100,2021-10-21 18:15:00,BIOC
3.9201,3.9214,3.9201,3.9214,333,2021-10-21 18:20:00,BIOC
3.92,3.93,3.92,3.93,1681,2021-10-21 18:25:00,BIOC
3.9202,3.9202,3.92,3.92,700,2021-10-21 18:30:00,BIOC
3.92,3.92,3.92,3.92,335,2021-10-21 18:45:00,BIOC
3.92,3.93,3.92,3.93,8135,2021-10-21 18:50:00,BIOC
3.93,3.93,3.93,3.93,1400,2021-10-21 19:00:00,BIOC
3.94,3.94,3.94,3.94,263,2021-10-21 19:05:00,BIOC
3.95,3.95,3.95,3.95,300,2021-10-21 19:25:00,BIOC
3.941,3.941,3.941,3.941,2000,2021-10-21 19:30:00,BIOC
3.96,3.96,3.96,3.96,252,2021-10-21 19:45:00,BIOC
3.94,3.95,3.94,3.95,846,2021-10-21 19:50:00,BIOC
3.97,3.97,3.92,3.93,13410,2021-10-21 19:55:00,BIOC
3.92,3.97,3.92,3.97,382,2021-10-21 20:00:00,BIOC
3.9,3.9,3.9,3.9,500,2021-10-21 20:30:00,BIOC
3.9,3.9,3.9,3.9,347,2021-10-21 20:35:00,BIOC
3.96,3.96,3.96,3.96,100,2021-10-21 20:45:00,BIOC
3.92,3.92,3.92,3.92,500,2021-10-22 12:10:00,BIOC
3.92,3.92,3.92,3.92,987,2021-10-22 12:55:00,BIOC
3.91,3.935,3.89,3.9,4037,2021-10-22 13:30:00,BIOC
3.9052,3.9125,3.9,3.905,1135,2021-10-22 13:35:00,BIOC
3.915,3.93,3.9,3.9158,2231,2021-10-22 13:40:00,BIOC
3.91,3.91,3.9,3.9,2765,2021-10-22 13:45:00,BIOC
3.89,3.89,3.87,3.87,2180,2021-10-22 13:50:00,BIOC
3.871,3.871,3.86,3.871,9370,2021-10-22 13:55:00,BIOC
3.87,3.87,3.87,3.87,500,2021-10-22 14:00:00,BIOC
3.85,3.8599,3.84,3.8599,4401,2021-10-22 14:05:00,BIOC
3.86,3.87,3.846,3.87,9566,2021-10-22 14:10:00,BIOC
3.8511,3.87,3.84,3.851,980,2021-10-22 14:15:00,BIOC
3.86,3.87,3.8569,3.87,688,2021-10-22 14:20:00,BIOC
3.87,3.88,3.865,3.87,3022,2021-10-22 14:25:00,BIOC
3.865,3.87,3.86,3.86,2260,2021-10-22 14:30:00,BIOC
3.87,3.88,3.866,3.87,1101,2021-10-22 14:35:00,BIOC
3.8691,3.87,3.8613,3.8618,700,2021-10-22 14:40:00,BIOC
3.88,3.88,3.8667,3.8667,1450,2021-10-22 14:45:00,BIOC
3.88,3.88,3.84,3.85,1700,2021-10-22 14:50:00,BIOC
3.845,3.85,3.84,3.845,9600,2021-10-22 14:55:00,BIOC
3.845,3.85,3.84,3.84,3248,2021-10-22 15:00:00,BIOC
3.84,3.85,3.84,3.85,1599,2021-10-22 15:05:00,BIOC
3.85,3.86,3.8423,3.86,1694,2021-10-22 15:15:00,BIOC
3.8423,3.855,3.83,3.84,1950,2021-10-22 15:20:00,BIOC
3.84,3.84,3.84,3.84,2100,2021-10-22 15:25:00,BIOC
3.84,3.844,3.8323,3.84,700,2021-10-22 15:30:00,BIOC
3.8315,3.8315,3.8315,3.8315,1500,2021-10-22 15:35:00,BIOC
3.84,3.85,3.84,3.85,819,2021-10-22 15:40:00,BIOC
3.8315,3.8315,3.82,3.82,1598,2021-10-22 15:45:00,BIOC
3.82,3.82,3.82,3.82,100,2021-10-22 15:50:00,BIOC
3.82,3.84,3.82,3.84,1811,2021-10-22 15:55:00,BIOC
3.8379,3.84,3.82,3.821,10092,2021-10-22 16:00:00,BIOC
3.83,3.83,3.83,3.83,100,2021-10-22 16:05:00,BIOC
3.82,3.84,3.82,3.84,1000,2021-10-22 16:10:00,BIOC
3.84,3.84,3.84,3.84,250,2021-10-22 16:15:00,BIOC
3.835,3.835,3.835,3.835,2746,2021-10-22 16:20:00,BIOC
3.835,3.85,3.8201,3.84,5762,2021-10-22 16:25:00,BIOC
3.84,3.84,3.84,3.84,502,2021-10-22 16:30:00,BIOC
3.84,3.84,3.84,3.84,200,2021-10-22 16:40:00,BIOC
3.84,3.85,3.84,3.85,325,2021-10-22 16:45:00,BIOC
3.85,3.85,3.845,3.845,600,2021-10-22 16:50:00,BIOC
3.85,3.85,3.845,3.85,400,2021-10-22 16:55:00,BIOC
3.84,3.84,3.84,3.84,614,2021-10-22 17:00:00,BIOC
3.84,3.84,3.8223,3.8223,2399,2021-10-22 17:05:00,BIOC
3.8331,3.8522,3.8331,3.8509,3781,2021-10-22 17:10:00,BIOC
3.8518,3.8518,3.8518,3.8518,201,2021-10-22 17:15:00,BIOC
3.85,3.85,3.85,3.85,100,2021-10-22 17:20:00,BIOC
3.86,3.86,3.86,3.86,100,2021-10-22 17:25:00,BIOC
3.85,3.85,3.85,3.85,618,2021-10-22 17:35:00,BIOC
3.85,3.85,3.85,3.85,200,2021-10-22 17:40:00,BIOC
3.85,3.85,3.85,3.85,1200,2021-10-22 17:50:00,BIOC
3.84,3.84,3.83,3.83,851,2021-10-22 17:55:00,BIOC
3.84,3.84,3.8394,3.8396,4300,2021-10-22 18:00:00,BIOC
3.835,3.84,3.835,3.84,1700,2021-10-22 18:05:00,BIOC
3.852,3.878,3.852,3.8703,9492,2021-10-22 18:10:00,BIOC
3.86,3.86,3.85,3.85,1000,2021-10-22 18:15:00,BIOC
3.85,3.85,3.83,3.84,1300,2021-10-22 18:20:00,BIOC
3.84,3.85,3.84,3.85,660,2021-10-22 18:25:00,BIOC
3.85,3.86,3.85,3.86,550,2021-10-22 18:30:00,BIOC
3.85,3.85,3.85,3.85,100,2021-10-22 18:35:00,BIOC
3.85,3.85,3.84,3.84,204,2021-10-22 18:40:00,BIOC
3.84,3.85,3.84,3.85,300,2021-10-22 18:45:00,BIOC
3.84,3.85,3.84,3.85,1201,2021-10-22 18:50:00,BIOC
3.85,3.85,3.85,3.85,1300,2021-10-22 18:55:00,BIOC
3.85,3.85,3.85,3.85,100,2021-10-22 19:05:00,BIOC
3.85,3.85,3.85,3.85,100,2021-10-22 19:10:00,BIOC
3.86,3.86,3.86,3.86,774,2021-10-22 19:15:00,BIOC
3.84,3.85,3.84,3.85,710,2021-10-22 19:25:00,BIOC
3.85,3.86,3.85,3.86,600,2021-10-22 19:30:00,BIOC
3.8578,3.8578,3.855,3.855,400,2021-10-22 19:40:00,BIOC
3.86,3.86,3.8496,3.86,2850,2021-10-22 19:45:00,BIOC
3.846,3.87,3.846,3.87,300,2021-10-22 19:50:00,BIOC
3.879,3.88,3.85,3.88,2783,2021-10-22 19:55:00,BIOC
3.87,3.87,3.87,3.87,428,2021-10-22 20:00:00,BIOC
3.91,3.91,3.91,3.91,100,2021-10-22 21:10:00,BIOC
3.88,3.88,3.88,3.88,999,2021-10-22 21:20:00,BIOC
