open,high,low,close,volume,datetime,symbol
8.09,8.09,8.09,8.09,1000,2021-10-11 11:10:00,BRY
8.09,8.09,8.09,8.09,100,2021-10-11 11:55:00,BRY
8.05,8.05,8.05,8.05,100,2021-10-11 12:00:00,BRY
8.05,8.05,8.05,8.05,1000,2021-10-11 12:20:00,BRY
8.1,8.1184,8.03,8.04,11458,2021-10-11 13:30:00,BRY
8.06,8.17,8.04,8.16,7682,2021-10-11 13:35:00,BRY
8.146,8.146,8.07,8.1,3086,2021-10-11 13:40:00,BRY
8.16,8.21,8.16,8.18,4157,2021-10-11 13:45:00,BRY
8.16,8.2,8.1,8.1,9633,2021-10-11 13:50:00,BRY
8.1,8.1,8.05,8.06,1700,2021-10-11 13:55:00,BRY
8.06,8.068,8.0075,8.01,4747,2021-10-11 14:00:00,BRY
8.03,8.08,8.02,8.06,5360,2021-10-11 14:05:00,BRY
8.05,8.065,8.01,8.01,4444,2021-10-11 14:10:00,BRY
8.015,8.045,8.015,8.0264,52700,2021-10-11 14:15:00,BRY
8.049,8.065,8.03,8.055,8807,2021-10-11 14:20:00,BRY
8.055,8.11,8.05,8.09,9864,2021-10-11 14:25:00,BRY
8.095,8.1,8.06,8.1,3310,2021-10-11 14:30:00,BRY
8.1169,8.135,8.105,8.135,1000,2021-10-11 14:35:00,BRY
8.14,8.14,8.11,8.14,7136,2021-10-11 14:40:00,BRY
8.14,8.16,8.14,8.16,400,2021-10-11 14:45:00,BRY
8.16,8.17,8.16,8.17,700,2021-10-11 14:50:00,BRY
8.17,8.17,8.15,8.165,3673,2021-10-11 14:55:00,BRY
8.17,8.1843,8.1601,8.1843,1396,2021-10-11 15:00:00,BRY
8.19,8.24,8.19,8.23,3931,2021-10-11 15:05:00,BRY
8.24,8.28,8.24,8.2785,1881,2021-10-11 15:10:00,BRY
8.28,8.28,8.27,8.28,2400,2021-10-11 15:15:00,BRY
8.26,8.26,8.22,8.22,1812,2021-10-11 15:20:00,BRY
8.26,8.26,8.23,8.23,1725,2021-10-11 15:25:00,BRY
8.23,8.23,8.21,8.21,2124,2021-10-11 15:30:00,BRY
8.22,8.23,8.21,8.22,639,2021-10-11 15:35:00,BRY
8.21,8.22,8.2,8.2,1300,2021-10-11 15:40:00,BRY
8.2,8.2,8.19,8.2,3597,2021-10-11 15:45:00,BRY
8.21,8.22,8.21,8.22,200,2021-10-11 15:50:00,BRY
8.21,8.23,8.21,8.23,400,2021-10-11 15:55:00,BRY
8.225,8.225,8.225,8.225,100,2021-10-11 16:00:00,BRY
8.225,8.225,8.225,8.225,100,2021-10-11 16:05:00,BRY
8.21,8.22,8.2,8.21,3144,2021-10-11 16:10:00,BRY
8.22,8.22,8.18,8.18,1712,2021-10-11 16:15:00,BRY
8.19,8.21,8.19,8.21,1486,2021-10-11 16:20:00,BRY
8.215,8.225,8.215,8.225,702,2021-10-11 16:25:00,BRY
8.22,8.22,8.22,8.22,100,2021-10-11 16:30:00,BRY
8.22,8.23,8.21,8.22,1941,2021-10-11 16:35:00,BRY
8.205,8.209,8.2,8.209,800,2021-10-11 16:40:00,BRY
8.21,8.21,8.2,8.2,2100,2021-10-11 16:45:00,BRY
8.21,8.21,8.21,8.21,1000,2021-10-11 16:50:00,BRY
8.2,8.21,8.19,8.21,1000,2021-10-11 16:55:00,BRY
8.205,8.205,8.205,8.205,101,2021-10-11 17:00:00,BRY
8.205,8.205,8.17,8.17,3964,2021-10-11 17:05:00,BRY
8.17,8.19,8.17,8.19,504,2021-10-11 17:10:00,BRY
8.19,8.2,8.19,8.2,800,2021-10-11 17:15:00,BRY
8.19,8.19,8.19,8.19,1482,2021-10-11 17:20:00,BRY
8.185,8.185,8.185,8.185,404,2021-10-11 17:25:00,BRY
8.185,8.2,8.185,8.2,883,2021-10-11 17:30:00,BRY
8.21,8.25,8.21,8.25,3626,2021-10-11 17:35:00,BRY
8.26,8.28,8.2401,8.26,2239,2021-10-11 17:40:00,BRY
8.26,8.26,8.2476,8.2476,930,2021-10-11 17:45:00,BRY
8.24,8.27,8.24,8.27,1416,2021-10-11 17:50:00,BRY
8.2601,8.28,8.2601,8.28,1600,2021-10-11 17:55:00,BRY
8.26,8.2692,8.26,8.2692,1200,2021-10-11 18:00:00,BRY
8.27,8.28,8.26,8.26,1200,2021-10-11 18:05:00,BRY
8.26,8.28,8.26,8.26,500,2021-10-11 18:10:00,BRY
8.26,8.27,8.26,8.26,1050,2021-10-11 18:15:00,BRY
8.26,8.27,8.26,8.2695,400,2021-10-11 18:20:00,BRY
8.24,8.25,8.22,8.25,1368,2021-10-11 18:25:00,BRY
8.26,8.27,8.26,8.26,600,2021-10-11 18:30:00,BRY
8.27,8.27,8.27,8.27,200,2021-10-11 18:35:00,BRY
8.26,8.32,8.26,8.32,5615,2021-10-11 18:40:00,BRY
8.305,8.3188,8.3,8.3,1200,2021-10-11 18:45:00,BRY
8.29,8.31,8.29,8.31,700,2021-10-11 18:50:00,BRY
8.29,8.32,8.29,8.32,7070,2021-10-11 18:55:00,BRY
8.32,8.33,8.32,8.33,1242,2021-10-11 19:00:00,BRY
8.33,8.33,8.31,8.32,3162,2021-10-11 19:05:00,BRY
8.31,8.355,8.31,8.35,1778,2021-10-11 19:10:00,BRY
8.35,8.36,8.345,8.349,1031,2021-10-11 19:20:00,BRY
8.36,8.3862,8.36,8.37,2838,2021-10-11 19:25:00,BRY
8.36,8.36,8.34,8.35,3000,2021-10-11 19:30:00,BRY
8.34,8.34,8.32,8.32,4726,2021-10-11 19:35:00,BRY
8.32,8.32,8.3,8.3,6944,2021-10-11 19:40:00,BRY
8.3,8.3054,8.29,8.29,21438,2021-10-11 19:45:00,BRY
8.295,8.295,8.28,8.285,2443,2021-10-11 19:50:00,BRY
8.285,8.295,8.25,8.26,19937,2021-10-11 19:55:00,BRY
8.26,8.26,8.26,8.26,32776,2021-10-11 20:00:00,BRY
8.26,8.28,8.1201,8.26,4635,2021-10-12 13:30:00,BRY
8.19,8.21,8.17,8.21,1607,2021-10-12 13:35:00,BRY
8.22,8.3261,8.22,8.3261,2502,2021-10-12 13:40:00,BRY
8.33,8.35,8.33,8.35,5600,2021-10-12 13:45:00,BRY
8.37,8.38,8.37,8.375,1423,2021-10-12 13:50:00,BRY
8.35,8.37,8.34,8.37,400,2021-10-12 13:55:00,BRY
8.36,8.39,8.35,8.35,583,2021-10-12 14:00:00,BRY
8.36,8.36,8.33,8.355,400,2021-10-12 14:05:00,BRY
8.3201,8.35,8.3201,8.35,1370,2021-10-12 14:10:00,BRY
8.34,8.36,8.285,8.285,1550,2021-10-12 14:15:00,BRY
8.29,8.31,8.28,8.31,900,2021-10-12 14:20:00,BRY
8.29,8.34,8.26,8.34,5609,2021-10-12 14:25:00,BRY
8.34,8.35,8.34,8.35,620,2021-10-12 14:30:00,BRY
8.34,8.35,8.34,8.35,780,2021-10-12 14:35:00,BRY
8.335,8.35,8.33,8.35,500,2021-10-12 14:40:00,BRY
8.36,8.3738,8.33,8.335,6580,2021-10-12 14:45:00,BRY
8.35,8.35,8.3,8.3,3780,2021-10-12 14:50:00,BRY
8.305,8.305,8.27,8.285,7882,2021-10-12 14:55:00,BRY
8.285,8.285,8.245,8.245,1000,2021-10-12 15:00:00,BRY
8.2434,8.2434,8.24,8.24,1366,2021-10-12 15:05:00,BRY
8.22,8.22,8.19,8.21,1000,2021-10-12 15:10:00,BRY
8.26,8.26,8.26,8.26,800,2021-10-12 15:20:00,BRY
8.25,8.25,8.2,8.2,2974,2021-10-12 15:25:00,BRY
8.225,8.225,8.19,8.19,300,2021-10-12 15:30:00,BRY
8.2,8.21,8.185,8.2,3395,2021-10-12 15:35:00,BRY
8.2,8.2073,8.2,8.2,300,2021-10-12 15:40:00,BRY
8.206,8.206,8.2,8.2,4849,2021-10-12 15:50:00,BRY
8.17,8.2,8.17,8.19,1700,2021-10-12 15:55:00,BRY
8.1861,8.1861,8.1861,8.1861,200,2021-10-12 16:00:00,BRY
8.181,8.181,8.17,8.18,660,2021-10-12 16:05:00,BRY
8.1853,8.1853,8.18,8.18,300,2021-10-12 16:10:00,BRY
8.1938,8.1938,8.18,8.18,307,2021-10-12 16:15:00,BRY
8.19,8.19,8.175,8.175,600,2021-10-12 16:20:00,BRY
8.175,8.1834,8.16,8.175,1400,2021-10-12 16:25:00,BRY
8.19,8.19,8.17,8.17,500,2021-10-12 16:30:00,BRY
8.19,8.19,8.185,8.19,500,2021-10-12 16:35:00,BRY
8.17,8.175,8.17,8.175,200,2021-10-12 16:40:00,BRY
8.18,8.18,8.165,8.165,1400,2021-10-12 16:45:00,BRY
8.16,8.175,8.16,8.175,300,2021-10-12 16:50:00,BRY
8.18,8.18,8.165,8.165,200,2021-10-12 16:55:00,BRY
8.165,8.17,8.1,8.1,12605,2021-10-12 17:00:00,BRY
8.09,8.12,8.08,8.08,2085,2021-10-12 17:05:00,BRY
8.11,8.12,8.1,8.12,600,2021-10-12 17:15:00,BRY
8.1,8.1,8.09,8.09,300,2021-10-12 17:20:00,BRY
8.095,8.095,8.08,8.08,200,2021-10-12 17:25:00,BRY
8.1,8.1,8.1,8.1,100,2021-10-12 17:30:00,BRY
8.13,8.1373,8.13,8.1373,469,2021-10-12 17:35:00,BRY
8.15,8.155,8.15,8.15,1536,2021-10-12 17:40:00,BRY
8.15,8.15,8.15,8.15,900,2021-10-12 17:45:00,BRY
8.15,8.16,8.15,8.155,903,2021-10-12 17:50:00,BRY
8.145,8.145,8.145,8.145,200,2021-10-12 17:55:00,BRY
8.14,8.15,8.14,8.15,1000,2021-10-12 18:00:00,BRY
8.15,8.18,8.15,8.18,1200,2021-10-12 18:05:00,BRY
8.17,8.18,8.16,8.18,600,2021-10-12 18:10:00,BRY
8.18,8.195,8.17,8.18,5677,2021-10-12 18:15:00,BRY
8.18,8.2,8.18,8.19,2000,2021-10-12 18:20:00,BRY
8.2,8.2,8.18,8.2,3329,2021-10-12 18:25:00,BRY
8.2,8.21,8.2,8.21,1000,2021-10-12 18:30:00,BRY
8.21,8.25,8.21,8.235,2602,2021-10-12 18:35:00,BRY
8.23,8.24,8.23,8.24,500,2021-10-12 18:40:00,BRY
8.24,8.24,8.24,8.24,100,2021-10-12 18:45:00,BRY
8.23,8.2533,8.23,8.24,44113,2021-10-12 18:50:00,BRY
8.24,8.24,8.2,8.2,1752,2021-10-12 18:55:00,BRY
8.2,8.23,8.2,8.21,10800,2021-10-12 19:00:00,BRY
8.23,8.24,8.21,8.21,2353,2021-10-12 19:05:00,BRY
8.22,8.24,8.22,8.22,1725,2021-10-12 19:10:00,BRY
8.23,8.23,8.2,8.2,1000,2021-10-12 19:15:00,BRY
8.2,8.22,8.2,8.2,1100,2021-10-12 19:20:00,BRY
8.21,8.21,8.19,8.21,3000,2021-10-12 19:25:00,BRY
8.21,8.21,8.19,8.2,2890,2021-10-12 19:30:00,BRY
8.2,8.23,8.18,8.18,4574,2021-10-12 19:35:00,BRY
8.18,8.19,8.17,8.18,6352,2021-10-12 19:40:00,BRY
8.18,8.19,8.18,8.18,800,2021-10-12 19:45:00,BRY
8.19,8.2,8.18,8.2,3357,2021-10-12 19:50:00,BRY
8.21,8.22,8.19,8.19,12283,2021-10-12 19:55:00,BRY
8.19,8.19,8.19,8.19,16704,2021-10-12 20:00:00,BRY
8.18,8.18,8.18,8.18,100,2021-10-12 20:05:00,BRY
8.11,8.25,8.06,8.25,37668,2021-10-13 13:30:00,BRY
8.22,8.22,8.1115,8.18,1547,2021-10-13 13:35:00,BRY
8.15,8.17,8.12,8.13,1251,2021-10-13 13:40:00,BRY
8.13,8.13,8.06,8.06,2153,2021-10-13 13:45:00,BRY
8.08,8.1,8.08,8.08,1416,2021-10-13 13:50:00,BRY
8.06,8.06,8.04,8.04,1777,2021-10-13 13:55:00,BRY
8.04,8.05,8.03,8.03,2400,2021-10-13 14:00:00,BRY
8.03,8.04,8.02,8.04,2918,2021-10-13 14:05:00,BRY
8.02,8.02,7.98,7.995,5175,2021-10-13 14:10:00,BRY
7.97,8.015,7.97,8.0047,11190,2021-10-13 14:15:00,BRY
8.0,8.03,8.0,8.01,3775,2021-10-13 14:20:00,BRY
8.02,8.07,8.01,8.04,3200,2021-10-13 14:25:00,BRY
8.03,8.035,8.02,8.035,1328,2021-10-13 14:35:00,BRY
8.02,8.07,8.02,8.07,1346,2021-10-13 14:40:00,BRY
8.085,8.085,8.06,8.06,4947,2021-10-13 14:45:00,BRY
8.04,8.09,8.04,8.07,4310,2021-10-13 14:50:00,BRY
8.0874,8.0876,8.07,8.08,1782,2021-10-13 14:55:00,BRY
8.09,8.12,8.09,8.105,16915,2021-10-13 15:00:00,BRY
8.12,8.15,8.12,8.13,1864,2021-10-13 15:05:00,BRY
8.13,8.17,8.13,8.145,4876,2021-10-13 15:10:00,BRY
8.13,8.13,8.1,8.11,14410,2021-10-13 15:15:00,BRY
8.12,8.13,8.115,8.115,1600,2021-10-13 15:20:00,BRY
8.12,8.15,8.12,8.15,45200,2021-10-13 15:25:00,BRY
8.12,8.12,8.105,8.105,1196,2021-10-13 15:30:00,BRY
8.105,8.105,8.0601,8.0601,700,2021-10-13 15:35:00,BRY
8.08,8.1,8.07,8.095,2779,2021-10-13 15:40:00,BRY
8.1,8.11,8.1,8.11,2357,2021-10-13 15:45:00,BRY
8.09,8.09,8.08,8.08,672,2021-10-13 15:50:00,BRY
8.06,8.07,8.04,8.04,2067,2021-10-13 15:55:00,BRY
8.04,8.05,8.0,8.02,9567,2021-10-13 16:00:00,BRY
8.03,8.06,8.0,8.03,7491,2021-10-13 16:05:00,BRY
8.02,8.025,8.0101,8.0101,5300,2021-10-13 16:10:00,BRY
8.025,8.03,8.0123,8.03,1250,2021-10-13 16:15:00,BRY
8.04,8.05,8.03,8.03,608,2021-10-13 16:20:00,BRY
8.05,8.05,8.035,8.035,900,2021-10-13 16:25:00,BRY
8.04,8.05,8.01,8.01,2359,2021-10-13 16:30:00,BRY
8.001,8.02,7.97,8.02,18133,2021-10-13 16:35:00,BRY
8.02,8.05,8.02,8.021,5812,2021-10-13 16:40:00,BRY
8.075,8.075,8.0301,8.05,4147,2021-10-13 16:45:00,BRY
8.03,8.03,8.02,8.02,1600,2021-10-13 16:50:00,BRY
8.02,8.05,8.02,8.04,2600,2021-10-13 16:55:00,BRY
8.05,8.05,8.0349,8.0349,5500,2021-10-13 17:00:00,BRY
8.03,8.05,8.0,8.0,4259,2021-10-13 17:05:00,BRY
8.01,8.015,8.01,8.015,200,2021-10-13 17:10:00,BRY
8.0199,8.0199,8.01,8.01,1600,2021-10-13 17:15:00,BRY
8.0121,8.0121,8.0,8.0,2100,2021-10-13 17:20:00,BRY
8.01,8.01,8.0,8.01,900,2021-10-13 17:25:00,BRY
8.01,8.01,8.0,8.005,400,2021-10-13 17:30:00,BRY
8.01,8.02,7.995,8.0,2300,2021-10-13 17:35:00,BRY
8.01,8.015,8.01,8.015,350,2021-10-13 17:40:00,BRY
8.0073,8.0073,7.99,8.005,3973,2021-10-13 17:45:00,BRY
8.01,8.01,8.01,8.01,200,2021-10-13 17:50:00,BRY
8.01,8.02,8.0,8.01,2481,2021-10-13 17:55:00,BRY
8.01,8.01,8.0,8.0,400,2021-10-13 18:00:00,BRY
8.01,8.04,8.01,8.04,300,2021-10-13 18:05:00,BRY
8.01,8.02,8.01,8.02,900,2021-10-13 18:10:00,BRY
8.04,8.04,8.02,8.02,873,2021-10-13 18:15:00,BRY
8.02,8.04,8.02,8.02,2718,2021-10-13 18:20:00,BRY
8.03,8.03,8.01,8.01,979,2021-10-13 18:30:00,BRY
8.03,8.03,8.01,8.02,1939,2021-10-13 18:35:00,BRY
8.02,8.02,8.0,8.0,6810,2021-10-13 18:40:00,BRY
8.0,8.0,7.99,8.0,3352,2021-10-13 18:45:00,BRY
8.0,8.01,7.99,8.0,10594,2021-10-13 18:50:00,BRY
8.01,8.02,7.991,8.01,12555,2021-10-13 19:00:00,BRY
8.02,8.06,8.0001,8.04,2200,2021-10-13 19:05:00,BRY
8.05,8.085,8.05,8.08,6321,2021-10-13 19:10:00,BRY
8.08,8.09,8.08,8.09,798,2021-10-13 19:15:00,BRY
8.092,8.092,8.085,8.09,1884,2021-10-13 19:20:00,BRY
8.08,8.08,8.07,8.08,3063,2021-10-13 19:25:00,BRY
8.065,8.07,8.06,8.06,4162,2021-10-13 19:30:00,BRY
8.06,8.06,8.045,8.05,1300,2021-10-13 19:35:00,BRY
8.05,8.07,8.05,8.07,2720,2021-10-13 19:40:00,BRY
8.07,8.07,8.06,8.065,1850,2021-10-13 19:45:00,BRY
8.07,8.08,8.07,8.08,1534,2021-10-13 19:50:00,BRY
8.08,8.09,8.07,8.08,13938,2021-10-13 19:55:00,BRY
8.09,8.09,8.09,8.09,42357,2021-10-13 20:00:00,BRY
8.31,8.33,8.23,8.285,16134,2021-10-14 13:30:00,BRY
8.265,8.29,8.265,8.28,400,2021-10-14 13:35:00,BRY
8.25,8.25,8.18,8.21,1335,2021-10-14 13:40:00,BRY
8.23,8.23,8.18,8.2,990,2021-10-14 13:45:00,BRY
8.24,8.24,8.17,8.17,1850,2021-10-14 13:50:00,BRY
8.17,8.215,8.17,8.21,2359,2021-10-14 13:55:00,BRY
8.21,8.215,8.1572,8.21,27100,2021-10-14 14:00:00,BRY
8.21,8.21,8.18,8.2,27000,2021-10-14 14:05:00,BRY
8.22,8.22,8.2,8.2,3297,2021-10-14 14:10:00,BRY
8.21,8.215,8.19,8.19,830,2021-10-14 14:15:00,BRY
8.21,8.25,8.21,8.24,4845,2021-10-14 14:20:00,BRY
8.24,8.279,8.2,8.22,2034,2021-10-14 14:25:00,BRY
8.21,8.22,8.21,8.21,600,2021-10-14 14:30:00,BRY
8.2,8.21,8.19,8.21,1400,2021-10-14 14:35:00,BRY
8.22,8.22,8.2,8.21,1975,2021-10-14 14:40:00,BRY
8.21,8.22,8.2,8.21,5200,2021-10-14 14:45:00,BRY
8.22,8.23,8.21,8.21,1100,2021-10-14 14:50:00,BRY
8.22,8.235,8.22,8.22,600,2021-10-14 14:55:00,BRY
8.22,8.2261,8.2,8.21,2500,2021-10-14 15:00:00,BRY
8.19,8.2,8.18,8.19,1000,2021-10-14 15:05:00,BRY
8.21,8.21,8.2,8.2,1400,2021-10-14 15:10:00,BRY
8.2,8.2148,8.2,8.21,1160,2021-10-14 15:15:00,BRY
8.2,8.23,8.2,8.21,1627,2021-10-14 15:20:00,BRY
8.23,8.23,8.21,8.21,251,2021-10-14 15:25:00,BRY
8.21,8.21,8.2,8.2,624,2021-10-14 15:30:00,BRY
8.215,8.23,8.21,8.21,2600,2021-10-14 15:35:00,BRY
8.21,8.21,8.21,8.21,125,2021-10-14 15:40:00,BRY
8.23,8.23,8.2,8.2,24896,2021-10-14 15:45:00,BRY
8.21,8.21,8.2,8.2,22200,2021-10-14 15:50:00,BRY
8.2,8.21,8.2,8.2,7659,2021-10-14 15:55:00,BRY
8.22,8.22,8.22,8.22,100,2021-10-14 16:00:00,BRY
8.2,8.2,8.195,8.195,7319,2021-10-14 16:05:00,BRY
8.19,8.2,8.19,8.2,700,2021-10-14 16:10:00,BRY
8.22,8.22,8.2,8.215,1150,2021-10-14 16:15:00,BRY
8.21,8.22,8.21,8.21,600,2021-10-14 16:20:00,BRY
8.21,8.22,8.21,8.21,2000,2021-10-14 16:25:00,BRY
8.21,8.22,8.21,8.22,600,2021-10-14 16:30:00,BRY
8.2,8.2,8.2,8.2,600,2021-10-14 16:35:00,BRY
8.2,8.2,8.195,8.195,700,2021-10-14 16:40:00,BRY
8.21,8.21,8.2,8.2,1200,2021-10-14 16:45:00,BRY
8.22,8.24,8.21,8.24,800,2021-10-14 16:50:00,BRY
8.25,8.25,8.22,8.22,700,2021-10-14 16:55:00,BRY
8.2469,8.25,8.22,8.22,2300,2021-10-14 17:05:00,BRY
8.25,8.25,8.23,8.24,1100,2021-10-14 17:10:00,BRY
8.23,8.232,8.23,8.232,950,2021-10-14 17:15:00,BRY
8.23,8.25,8.23,8.23,3100,2021-10-14 17:20:00,BRY
8.244,8.2531,8.23,8.23,2441,2021-10-14 17:25:00,BRY
8.23,8.245,8.23,8.245,912,2021-10-14 17:30:00,BRY
8.26,8.26,8.23,8.2503,2573,2021-10-14 17:35:00,BRY
8.23,8.26,8.23,8.23,2136,2021-10-14 17:40:00,BRY
8.23,8.245,8.23,8.245,400,2021-10-14 17:45:00,BRY
8.26,8.26,8.21,8.21,7492,2021-10-14 17:50:00,BRY
8.21,8.22,8.21,8.21,300,2021-10-14 17:55:00,BRY
8.21,8.22,8.21,8.21,2646,2021-10-14 18:00:00,BRY
8.2,8.21,8.2,8.205,512,2021-10-14 18:05:00,BRY
8.2,8.22,8.2,8.2,2050,2021-10-14 18:10:00,BRY
8.215,8.215,8.21,8.21,1400,2021-10-14 18:15:00,BRY
8.2,8.22,8.2,8.21,935,2021-10-14 18:25:00,BRY
8.21,8.24,8.2,8.21,4479,2021-10-14 18:30:00,BRY
8.21,8.21,8.21,8.21,500,2021-10-14 18:35:00,BRY
8.22,8.22,8.21,8.2125,3050,2021-10-14 18:40:00,BRY
8.21,8.21,8.205,8.205,314,2021-10-14 18:45:00,BRY
8.2,8.21,8.2,8.21,500,2021-10-14 18:50:00,BRY
8.23,8.23,8.21,8.21,1139,2021-10-14 18:55:00,BRY
8.21,8.215,8.21,8.215,1305,2021-10-14 19:00:00,BRY
8.22,8.23,8.21,8.21,3320,2021-10-14 19:05:00,BRY
8.21,8.22,8.2,8.21,2495,2021-10-14 19:10:00,BRY
8.2,8.21,8.2,8.21,1490,2021-10-14 19:15:00,BRY
8.21,8.21,8.2,8.21,6100,2021-10-14 19:20:00,BRY
8.21,8.22,8.205,8.21,5648,2021-10-14 19:25:00,BRY
8.225,8.235,8.225,8.235,600,2021-10-14 19:30:00,BRY
8.24,8.25,8.24,8.25,6484,2021-10-14 19:35:00,BRY
8.25,8.27,8.25,8.26,5201,2021-10-14 19:40:00,BRY
8.26,8.26,8.24,8.26,9242,2021-10-14 19:45:00,BRY
8.23,8.25,8.23,8.25,6232,2021-10-14 19:50:00,BRY
8.245,8.27,8.24,8.24,35300,2021-10-14 19:55:00,BRY
8.24,8.29,8.2,8.29,45139,2021-10-14 20:00:00,BRY
8.24,8.24,8.24,8.24,6692,2021-10-15 12:25:00,BRY
8.35,8.38,8.35,8.38,500,2021-10-15 13:25:00,BRY
8.39,8.48,8.38,8.38,19663,2021-10-15 13:30:00,BRY
8.355,8.42,8.355,8.37,2637,2021-10-15 13:35:00,BRY
8.39,8.47,8.39,8.455,2991,2021-10-15 13:40:00,BRY
8.44,8.44,8.38,8.38,2369,2021-10-15 13:45:00,BRY
8.3772,8.385,8.32,8.32,51900,2021-10-15 13:50:00,BRY
8.33,8.34,8.315,8.34,5400,2021-10-15 13:55:00,BRY
8.345,8.3699,8.3301,8.35,3755,2021-10-15 14:00:00,BRY
8.35,8.39,8.35,8.39,1367,2021-10-15 14:05:00,BRY
8.39,8.43,8.39,8.41,1207,2021-10-15 14:10:00,BRY
8.42,8.42,8.37,8.37,7347,2021-10-15 14:15:00,BRY
8.37,8.3899,8.37,8.3725,1376,2021-10-15 14:20:00,BRY
8.35,8.35,8.35,8.35,100,2021-10-15 14:25:00,BRY
8.3353,8.36,8.3353,8.36,1360,2021-10-15 14:30:00,BRY
8.36,8.38,8.359,8.359,800,2021-10-15 14:35:00,BRY
8.38,8.42,8.38,8.42,2200,2021-10-15 14:40:00,BRY
8.44,8.44,8.41,8.42,875,2021-10-15 14:45:00,BRY
8.43,8.44,8.4,8.4,2800,2021-10-15 14:50:00,BRY
8.42,8.43,8.39,8.39,1960,2021-10-15 14:55:00,BRY
8.39,8.39,8.34,8.34,1700,2021-10-15 15:00:00,BRY
8.38,8.39,8.38,8.39,1000,2021-10-15 15:05:00,BRY
8.37,8.37,8.36,8.36,600,2021-10-15 15:10:00,BRY
8.38,8.38,8.3659,8.3659,1100,2021-10-15 15:15:00,BRY
8.39,8.39,8.39,8.39,500,2021-10-15 15:20:00,BRY
8.375,8.375,8.36,8.36,200,2021-10-15 15:25:00,BRY
8.37,8.37,8.34,8.34,914,2021-10-15 15:30:00,BRY
8.33,8.33,8.2901,8.2901,28363,2021-10-15 15:35:00,BRY
8.3,8.33,8.3,8.3,3928,2021-10-15 15:40:00,BRY
8.33,8.33,8.32,8.32,6350,2021-10-15 15:45:00,BRY
8.3383,8.3383,8.33,8.33,313,2021-10-15 15:50:00,BRY
8.3382,8.3382,8.32,8.325,2800,2021-10-15 15:55:00,BRY
8.33,8.33,8.31,8.31,629,2021-10-15 16:00:00,BRY
8.325,8.33,8.31,8.31,986,2021-10-15 16:05:00,BRY
8.31,8.32,8.31,8.31,2320,2021-10-15 16:10:00,BRY
8.31,8.315,8.31,8.315,626,2021-10-15 16:15:00,BRY
8.33,8.33,8.31,8.31,2991,2021-10-15 16:20:00,BRY
8.31,8.33,8.31,8.33,934,2021-10-15 16:25:00,BRY
8.33,8.33,8.33,8.33,100,2021-10-15 16:30:00,BRY
8.315,8.315,8.3,8.3,900,2021-10-15 16:35:00,BRY
8.33,8.33,8.33,8.33,300,2021-10-15 16:40:00,BRY
8.34,8.35,8.33,8.35,6284,2021-10-15 16:50:00,BRY
8.38,8.4,8.36,8.36,2082,2021-10-15 16:55:00,BRY
8.37,8.37,8.3626,8.365,607,2021-10-15 17:05:00,BRY
8.35,8.37,8.35,8.37,1340,2021-10-15 17:15:00,BRY
8.35,8.35,8.33,8.35,2270,2021-10-15 17:20:00,BRY
8.33,8.35,8.32,8.35,10790,2021-10-15 17:25:00,BRY
8.36,8.37,8.36,8.37,1200,2021-10-15 17:30:00,BRY
8.39,8.39,8.38,8.38,2536,2021-10-15 17:40:00,BRY
8.37,8.37,8.35,8.35,6101,2021-10-15 17:50:00,BRY
8.355,8.37,8.35,8.35,5359,2021-10-15 18:00:00,BRY
8.34,8.34,8.34,8.34,821,2021-10-15 18:05:00,BRY
8.34,8.34,8.34,8.34,200,2021-10-15 18:10:00,BRY
8.35,8.35,8.35,8.35,2016,2021-10-15 18:15:00,BRY
8.36,8.36,8.35,8.35,900,2021-10-15 18:20:00,BRY
8.35,8.37,8.35,8.35,766,2021-10-15 18:25:00,BRY
8.37,8.37,8.35,8.35,900,2021-10-15 18:30:00,BRY
8.35,8.35,8.35,8.35,400,2021-10-15 18:35:00,BRY
8.34,8.35,8.34,8.35,3767,2021-10-15 18:40:00,BRY
8.34,8.34,8.34,8.34,400,2021-10-15 18:45:00,BRY
8.345,8.345,8.345,8.345,100,2021-10-15 18:50:00,BRY
8.35,8.35,8.35,8.35,100,2021-10-15 18:55:00,BRY
8.34,8.34,8.33,8.33,1085,2021-10-15 19:00:00,BRY
8.35,8.35,8.34,8.34,2500,2021-10-15 19:05:00,BRY
8.34,8.34,8.31,8.31,2135,2021-10-15 19:10:00,BRY
8.32,8.345,8.32,8.33,2334,2021-10-15 19:15:00,BRY
8.335,8.335,8.335,8.335,490,2021-10-15 19:20:00,BRY
8.34,8.36,8.34,8.36,3027,2021-10-15 19:25:00,BRY
8.34,8.35,8.33,8.33,5100,2021-10-15 19:30:00,BRY
8.32,8.34,8.32,8.32,3702,2021-10-15 19:35:00,BRY
8.31,8.32,8.31,8.32,1372,2021-10-15 19:40:00,BRY
8.32,8.33,8.31,8.32,3629,2021-10-15 19:45:00,BRY
8.32,8.32,8.27,8.28,8102,2021-10-15 19:50:00,BRY
8.26,8.31,8.25,8.27,27817,2021-10-15 19:55:00,BRY
8.27,8.27,8.27,8.27,52870,2021-10-15 20:00:00,BRY
8.33,8.33,8.33,8.33,2000,2021-10-15 20:35:00,BRY
8.46,8.57,8.4,8.57,27934,2021-10-18 13:30:00,BRY
8.57,8.6232,8.491,8.62,7091,2021-10-18 13:35:00,BRY
8.62,8.7,8.55,8.7,13053,2021-10-18 13:40:00,BRY
8.7,8.73,8.6725,8.6725,2513,2021-10-18 13:45:00,BRY
8.6794,8.78,8.6701,8.78,5612,2021-10-18 13:50:00,BRY
8.768,8.8,8.73,8.8,6579,2021-10-18 13:55:00,BRY
8.81,8.87,8.7999,8.87,21434,2021-10-18 14:00:00,BRY
8.81,8.83,8.8,8.82,1200,2021-10-18 14:05:00,BRY
8.7954,8.8321,8.7954,8.8101,13572,2021-10-18 14:10:00,BRY
8.84,8.84,8.78,8.78,850,2021-10-18 14:15:00,BRY
8.7958,8.84,8.79,8.81,2165,2021-10-18 14:20:00,BRY
8.79,8.79,8.78,8.785,1763,2021-10-18 14:25:00,BRY
8.8,8.8,8.77,8.79,5374,2021-10-18 14:30:00,BRY
8.78,8.8,8.78,8.78,12420,2021-10-18 14:35:00,BRY
8.7899,8.79,8.78,8.78,1591,2021-10-18 14:40:00,BRY
8.78,8.79,8.75,8.75,4214,2021-10-18 14:45:00,BRY
8.73,8.75,8.73,8.74,626,2021-10-18 14:50:00,BRY
8.74,8.76,8.74,8.74,2500,2021-10-18 14:55:00,BRY
8.735,8.75,8.71,8.73,9348,2021-10-18 15:00:00,BRY
8.73,8.74,8.71,8.73,2755,2021-10-18 15:05:00,BRY
8.72,8.72,8.71,8.71,938,2021-10-18 15:10:00,BRY
8.71,8.71,8.7,8.71,600,2021-10-18 15:15:00,BRY
8.67,8.67,8.67,8.67,419,2021-10-18 15:20:00,BRY
8.67,8.68,8.65,8.65,7229,2021-10-18 15:25:00,BRY
8.66,8.67,8.65,8.665,1557,2021-10-18 15:30:00,BRY
8.66,8.68,8.66,8.67,1839,2021-10-18 15:40:00,BRY
8.68,8.73,8.68,8.73,7777,2021-10-18 15:45:00,BRY
8.7283,8.7283,8.7283,8.7283,200,2021-10-18 15:50:00,BRY
8.72,8.72,8.72,8.72,100,2021-10-18 15:55:00,BRY
8.72,8.7234,8.72,8.7234,1003,2021-10-18 16:00:00,BRY
8.71,8.71,8.69,8.69,2313,2021-10-18 16:05:00,BRY
8.7,8.7,8.68,8.69,1001,2021-10-18 16:10:00,BRY
8.69,8.69,8.69,8.69,100,2021-10-18 16:15:00,BRY
8.7,8.74,8.7,8.74,3818,2021-10-18 16:20:00,BRY
8.725,8.725,8.71,8.725,4100,2021-10-18 16:25:00,BRY
8.72,8.72,8.69,8.69,3100,2021-10-18 16:30:00,BRY
8.7,8.7,8.67,8.68,1543,2021-10-18 16:35:00,BRY
8.68,8.68,8.67,8.67,1583,2021-10-18 16:45:00,BRY
8.67,8.67,8.66,8.66,600,2021-10-18 16:50:00,BRY
8.68,8.68,8.68,8.68,100,2021-10-18 16:55:00,BRY
8.68,8.68,8.67,8.67,1420,2021-10-18 17:00:00,BRY
8.67,8.67,8.67,8.67,705,2021-10-18 17:05:00,BRY
8.67,8.68,8.67,8.67,908,2021-10-18 17:10:00,BRY
8.68,8.7,8.68,8.7,707,2021-10-18 17:15:00,BRY
8.69,8.72,8.69,8.71,1942,2021-10-18 17:20:00,BRY
8.71,8.71,8.695,8.695,5638,2021-10-18 17:25:00,BRY
8.7,8.7,8.69,8.7,300,2021-10-18 17:30:00,BRY
8.71,8.71,8.689,8.689,4500,2021-10-18 17:35:00,BRY
8.6862,8.69,8.68,8.69,620,2021-10-18 17:40:00,BRY
8.68,8.68,8.64,8.64,4378,2021-10-18 17:45:00,BRY
8.64,8.64,8.63,8.64,800,2021-10-18 17:50:00,BRY
8.64,8.64,8.64,8.64,800,2021-10-18 17:55:00,BRY
8.64,8.64,8.61,8.61,1317,2021-10-18 18:00:00,BRY
8.62,8.62,8.6,8.6,4148,2021-10-18 18:05:00,BRY
8.6,8.61,8.59,8.6,3640,2021-10-18 18:10:00,BRY
8.61,8.63,8.61,8.63,867,2021-10-18 18:15:00,BRY
8.64,8.67,8.64,8.66,6211,2021-10-18 18:20:00,BRY
8.65,8.65,8.645,8.65,444,2021-10-18 18:25:00,BRY
8.65,8.65,8.6318,8.6318,1515,2021-10-18 18:30:00,BRY
8.65,8.66,8.62,8.62,15719,2021-10-18 18:35:00,BRY
8.63,8.63,8.6,8.6,7658,2021-10-18 18:40:00,BRY
8.6,8.6,8.6,8.6,100,2021-10-18 18:45:00,BRY
8.6,8.615,8.568,8.57,15228,2021-10-18 18:50:00,BRY
8.5627,8.5627,8.5627,8.5627,100,2021-10-18 18:55:00,BRY
8.57,8.58,8.52,8.53,15100,2021-10-18 19:00:00,BRY
8.52,8.5299,8.51,8.5299,2922,2021-10-18 19:05:00,BRY
8.515,8.515,8.5,8.51,2075,2021-10-18 19:10:00,BRY
8.51,8.52,8.51,8.52,1410,2021-10-18 19:15:00,BRY
8.52,8.55,8.52,8.55,723,2021-10-18 19:20:00,BRY
8.56,8.56,8.5483,8.56,900,2021-10-18 19:25:00,BRY
8.56,8.59,8.56,8.57,1600,2021-10-18 19:30:00,BRY
8.58,8.6,8.57,8.59,3800,2021-10-18 19:35:00,BRY
8.59,8.59,8.585,8.59,3087,2021-10-18 19:40:00,BRY
8.5866,8.595,8.57,8.57,5859,2021-10-18 19:45:00,BRY
8.58,8.59,8.575,8.58,5171,2021-10-18 19:50:00,BRY
8.58,8.59,8.54,8.55,27766,2021-10-18 19:55:00,BRY
8.55,8.55,8.55,8.55,20054,2021-10-18 20:00:00,BRY
8.65,8.76,8.64,8.7,26861,2021-10-19 13:30:00,BRY
8.7,8.72,8.63,8.7,17000,2021-10-19 13:35:00,BRY
8.7,8.72,8.62,8.71,17613,2021-10-19 13:40:00,BRY
8.71,8.81,8.7,8.8,12888,2021-10-19 13:45:00,BRY
8.81,8.86,8.8,8.86,8416,2021-10-19 13:50:00,BRY
8.85,8.85,8.7501,8.8,12740,2021-10-19 13:55:00,BRY
8.79,8.94,8.79,8.92,17834,2021-10-19 14:00:00,BRY
8.91,8.91,8.9,8.9,2250,2021-10-19 14:05:00,BRY
8.85,8.85,8.77,8.8044,14887,2021-10-19 14:10:00,BRY
8.81,8.86,8.81,8.86,4638,2021-10-19 14:15:00,BRY
8.82,8.93,8.81,8.88,21465,2021-10-19 14:20:00,BRY
8.92,8.94,8.92,8.925,700,2021-10-19 14:25:00,BRY
8.9123,9.0,8.9123,8.99,21779,2021-10-19 14:30:00,BRY
8.9718,9.0,8.94,9.0,8212,2021-10-19 14:35:00,BRY
9.005,9.03,9.0,9.0,6035,2021-10-19 14:40:00,BRY
8.96,9.0,8.96,8.986,5020,2021-10-19 14:45:00,BRY
8.998,8.998,8.998,8.998,400,2021-10-19 14:50:00,BRY
8.99,9.02,8.99,8.9901,2334,2021-10-19 14:55:00,BRY
9.0,9.0191,8.99,9.0,2348,2021-10-19 15:00:00,BRY
9.0196,9.0196,8.993,9.0,2879,2021-10-19 15:05:00,BRY
9.0,9.03,9.0,9.0199,8880,2021-10-19 15:10:00,BRY
9.02,9.02,9.01,9.02,1300,2021-10-19 15:15:00,BRY
9.02,9.02,9.0,9.0,3437,2021-10-19 15:20:00,BRY
8.99,9.0454,8.98,9.0454,4160,2021-10-19 15:25:00,BRY
9.05,9.08,9.05,9.08,2700,2021-10-19 15:30:00,BRY
9.09,9.1301,9.09,9.1221,9545,2021-10-19 15:35:00,BRY
9.11,9.1399,9.11,9.1137,5527,2021-10-19 15:40:00,BRY
9.13,9.14,9.11,9.11,5554,2021-10-19 15:45:00,BRY
9.099,9.12,9.099,9.12,800,2021-10-19 15:50:00,BRY
9.09,9.28,9.07,9.19,74146,2021-10-19 15:55:00,BRY
9.209,9.34,9.19,9.24,187693,2021-10-19 16:00:00,BRY
9.25,9.28,9.1405,9.28,115583,2021-10-19 16:05:00,BRY
9.27,9.31,9.2563,9.2998,54781,2021-10-19 16:10:00,BRY
9.3062,9.42,9.3062,9.387,42248,2021-10-19 16:15:00,BRY
9.4,9.4699,9.3401,9.4699,15504,2021-10-19 16:20:00,BRY
9.43,9.48,9.37,9.47,32906,2021-10-19 16:25:00,BRY
9.48,9.52,9.43,9.5044,24249,2021-10-19 16:30:00,BRY
9.515,9.59,9.44,9.5897,48918,2021-10-19 16:35:00,BRY
9.59,9.67,9.552,9.67,25866,2021-10-19 16:40:00,BRY
9.65,9.685,9.61,9.61,15319,2021-10-19 16:45:00,BRY
9.61,9.72,9.6,9.71,25367,2021-10-19 16:50:00,BRY
9.72,9.856,9.72,9.792,20268,2021-10-19 16:55:00,BRY
9.83,9.925,9.8,9.925,53953,2021-10-19 17:00:00,BRY
9.915,9.94,9.82,9.8401,84356,2021-10-19 17:05:00,BRY
9.86,9.91,9.83,9.87,17544,2021-10-19 17:10:00,BRY
9.8701,9.878,9.76,9.7701,46698,2021-10-19 17:15:00,BRY
9.76,9.8073,9.74,9.79,45245,2021-10-19 17:20:00,BRY
9.78,9.81,9.77,9.79,35659,2021-10-19 17:25:00,BRY
9.78,9.81,9.75,9.7501,20473,2021-10-19 17:30:00,BRY
9.7793,9.81,9.7793,9.8,40446,2021-10-19 17:35:00,BRY
9.786,9.8,9.78,9.79,13555,2021-10-19 17:40:00,BRY
9.8,9.848,9.78,9.84,23227,2021-10-19 17:45:00,BRY
9.83,9.869,9.83,9.84,9983,2021-10-19 17:50:00,BRY
9.8367,9.85,9.79,9.79,8331,2021-10-19 17:55:00,BRY
9.77,9.8074,9.71,9.7999,41776,2021-10-19 18:00:00,BRY
9.76,9.79,9.76,9.78,2862,2021-10-19 18:05:00,BRY
9.79,9.82,9.79,9.81,23364,2021-10-19 18:10:00,BRY
9.802,9.82,9.8001,9.81,8604,2021-10-19 18:15:00,BRY
9.8,9.82,9.78,9.82,12523,2021-10-19 18:20:00,BRY
9.82,9.82,9.79,9.82,6366,2021-10-19 18:25:00,BRY
9.8191,9.82,9.78,9.795,27922,2021-10-19 18:30:00,BRY
9.8,9.82,9.79,9.815,8899,2021-10-19 18:35:00,BRY
9.83,9.855,9.7801,9.85,83505,2021-10-19 18:40:00,BRY
9.845,9.87,9.8,9.85,51757,2021-10-19 18:45:00,BRY
9.8281,9.91,9.8281,9.91,13587,2021-10-19 18:50:00,BRY
9.8938,9.8938,9.8,9.8,30422,2021-10-19 18:55:00,BRY
9.8,9.9,9.79,9.88,10539,2021-10-19 19:00:00,BRY
9.89,9.9,9.86,9.89,7526,2021-10-19 19:05:00,BRY
9.89,9.9,9.85,9.85,79265,2021-10-19 19:10:00,BRY
9.85,9.88,9.8351,9.872,12832,2021-10-19 19:15:00,BRY
9.88,9.9,9.84,9.87,68410,2021-10-19 19:20:00,BRY
9.8799,9.9,9.86,9.89,30691,2021-10-19 19:25:00,BRY
9.89,9.89,9.84,9.865,27408,2021-10-19 19:30:00,BRY
9.87,9.9,9.85,9.87,50195,2021-10-19 19:35:00,BRY
9.86,9.87,9.85,9.86,20471,2021-10-19 19:40:00,BRY
9.87,9.95,9.87,9.87,71670,2021-10-19 19:45:00,BRY
9.89,9.9,9.789,9.789,116504,2021-10-19 19:50:00,BRY
9.79,9.82,9.75,9.77,124301,2021-10-19 19:55:00,BRY
9.78,9.78,9.78,9.78,21474,2021-10-19 20:00:00,BRY
9.8,9.8,9.8,9.8,1800,2021-10-19 20:10:00,BRY
9.92,9.9249,9.92,9.92,5337,2021-10-19 20:15:00,BRY
9.92,9.92,9.92,9.92,1000,2021-10-19 20:20:00,BRY
9.92,9.92,9.92,9.92,100,2021-10-19 20:25:00,BRY
9.96,9.96,9.79,9.79,5926,2021-10-19 20:35:00,BRY
9.92,9.92,9.91,9.91,350,2021-10-19 20:40:00,BRY
9.94,9.98,9.94,9.98,201,2021-10-19 21:20:00,BRY
9.97,9.97,9.97,9.97,110,2021-10-19 21:50:00,BRY
9.92,9.92,9.9,9.9,934,2021-10-19 22:10:00,BRY
9.85,9.85,9.85,9.85,100,2021-10-19 22:15:00,BRY
9.8,9.8,9.8,9.8,693,2021-10-19 22:20:00,BRY
9.78,9.9,9.78,9.79,700,2021-10-20 11:00:00,BRY
9.79,9.79,9.79,9.79,130,2021-10-20 11:20:00,BRY
9.88,9.88,9.88,9.88,100,2021-10-20 11:25:00,BRY
9.88,9.88,9.88,9.88,200,2021-10-20 11:45:00,BRY
9.89,9.89,9.89,9.89,1000,2021-10-20 12:00:00,BRY
9.88,9.88,9.86,9.86,200,2021-10-20 12:10:00,BRY
9.8899,9.8899,9.86,9.86,600,2021-10-20 12:35:00,BRY
9.86,9.86,9.86,9.86,800,2021-10-20 12:50:00,BRY
9.8,9.8,9.8,9.8,588,2021-10-20 13:15:00,BRY
9.8,9.8,9.79,9.79,1800,2021-10-20 13:20:00,BRY
9.77,9.8,9.62,9.63,69106,2021-10-20 13:30:00,BRY
9.62,9.69,9.54,9.58,32594,2021-10-20 13:35:00,BRY
9.61,9.61,9.4222,9.4222,43201,2021-10-20 13:40:00,BRY
9.45,9.59,9.4408,9.54,17001,2021-10-20 13:45:00,BRY
9.5703,9.61,9.49,9.6,41282,2021-10-20 13:50:00,BRY
9.58,9.68,9.58,9.64,5850,2021-10-20 13:55:00,BRY
9.6211,9.63,9.57,9.59,6364,2021-10-20 14:00:00,BRY
9.605,9.605,9.5462,9.57,4300,2021-10-20 14:05:00,BRY
9.5569,9.6,9.55,9.6,7432,2021-10-20 14:10:00,BRY
9.61,9.64,9.5946,9.63,4446,2021-10-20 14:15:00,BRY
9.64,9.6499,9.62,9.649,4682,2021-10-20 14:20:00,BRY
9.61,9.61,9.56,9.58,2089,2021-10-20 14:25:00,BRY
9.6,9.62,9.58,9.58,9636,2021-10-20 14:30:00,BRY
9.6,9.68,9.59,9.68,8805,2021-10-20 14:35:00,BRY
9.68,9.73,9.645,9.7,8055,2021-10-20 14:40:00,BRY
9.7021,9.7561,9.7,9.73,16718,2021-10-20 14:45:00,BRY
9.73,9.73,9.68,9.68,5100,2021-10-20 14:50:00,BRY
9.7,9.7,9.61,9.6271,3451,2021-10-20 14:55:00,BRY
9.6196,9.655,9.61,9.635,22690,2021-10-20 15:00:00,BRY
9.65,9.69,9.65,9.69,5974,2021-10-20 15:05:00,BRY
9.69,9.71,9.68,9.68,3135,2021-10-20 15:10:00,BRY
9.6701,9.7449,9.66,9.7449,5660,2021-10-20 15:15:00,BRY
9.7437,9.82,9.7437,9.81,24729,2021-10-20 15:20:00,BRY
9.82,9.8499,9.8163,9.8164,10410,2021-10-20 15:25:00,BRY
9.83,9.87,9.81,9.82,8436,2021-10-20 15:30:00,BRY
9.82,9.882,9.82,9.88,8265,2021-10-20 15:35:00,BRY
9.8735,9.88,9.85,9.85,2280,2021-10-20 15:40:00,BRY
9.87,9.92,9.86,9.88,11860,2021-10-20 15:45:00,BRY
9.88,9.95,9.88,9.9443,12201,2021-10-20 15:50:00,BRY
9.9201,9.96,9.91,9.9488,12743,2021-10-20 15:55:00,BRY
9.96,9.96,9.94,9.94,1689,2021-10-20 16:00:00,BRY
9.97,10.02,9.95,10.02,13628,2021-10-20 16:05:00,BRY
10.02,10.07,10.02,10.0592,10432,2021-10-20 16:10:00,BRY
10.055,10.0582,10.04,10.05,5654,2021-10-20 16:15:00,BRY
10.06,10.06,10.05,10.06,1889,2021-10-20 16:20:00,BRY
10.06,10.06,10.0144,10.05,7794,2021-10-20 16:25:00,BRY
10.0533,10.1,10.0533,10.07,7969,2021-10-20 16:30:00,BRY
10.07,10.12,10.04,10.12,9825,2021-10-20 16:35:00,BRY
10.12,10.1799,10.1001,10.13,11655,2021-10-20 16:40:00,BRY
10.13,10.13,10.0735,10.09,4211,2021-10-20 16:45:00,BRY
10.095,10.14,10.08,10.125,6028,2021-10-20 16:50:00,BRY
10.1387,10.19,10.11,10.17,14304,2021-10-20 16:55:00,BRY
10.175,10.19,10.08,10.08,7458,2021-10-20 17:00:00,BRY
10.08,10.08,10.03,10.0799,8828,2021-10-20 17:05:00,BRY
10.05,10.18,10.05,10.18,10717,2021-10-20 17:10:00,BRY
10.17,10.17,10.13,10.13,6875,2021-10-20 17:15:00,BRY
10.11,10.13,10.07,10.13,7083,2021-10-20 17:20:00,BRY
10.12,10.14,10.1129,10.1129,3789,2021-10-20 17:25:00,BRY
10.125,10.125,10.02,10.02,4356,2021-10-20 17:30:00,BRY
10.03,10.075,10.02,10.06,6441,2021-10-20 17:35:00,BRY
10.05,10.05,10.015,10.02,3850,2021-10-20 17:40:00,BRY
10.03,10.04,10.01,10.03,3927,2021-10-20 17:45:00,BRY
10.03,10.1,10.01,10.07,14005,2021-10-20 17:50:00,BRY
10.07,10.09,10.05,10.055,17848,2021-10-20 17:55:00,BRY
10.055,10.06,10.0,10.06,9350,2021-10-20 18:00:00,BRY
10.05,10.06,10.04,10.04,14995,2021-10-20 18:05:00,BRY
10.04,10.06,10.03,10.03,5579,2021-10-20 18:10:00,BRY
10.04,10.05,10.02,10.03,8256,2021-10-20 18:15:00,BRY
10.04,10.08,10.04,10.04,5759,2021-10-20 18:20:00,BRY
10.04,10.1,10.04,10.08,3245,2021-10-20 18:25:00,BRY
10.08,10.09,10.04,10.08,14263,2021-10-20 18:30:00,BRY
10.0899,10.12,10.08,10.11,4645,2021-10-20 18:35:00,BRY
10.11,10.15,10.09,10.14,13134,2021-10-20 18:40:00,BRY
10.14,10.1545,10.11,10.145,6866,2021-10-20 18:45:00,BRY
10.16,10.17,10.1,10.115,13323,2021-10-20 18:50:00,BRY
10.13,10.15,10.12,10.12,2895,2021-10-20 18:55:00,BRY
10.125,10.13,10.1,10.1,9034,2021-10-20 19:00:00,BRY
10.1,10.11,10.09,10.11,10632,2021-10-20 19:05:00,BRY
10.12,10.13,10.12,10.12,1861,2021-10-20 19:10:00,BRY
10.12,10.13,10.07,10.0757,12817,2021-10-20 19:15:00,BRY
10.07,10.08,10.06,10.0601,4710,2021-10-20 19:20:00,BRY
10.08,10.09,10.07,10.08,3781,2021-10-20 19:25:00,BRY
10.08,10.1,10.06,10.07,18790,2021-10-20 19:30:00,BRY
10.07,10.1,10.02,10.022,19014,2021-10-20 19:35:00,BRY
10.02,10.02,9.96,9.97,24230,2021-10-20 19:40:00,BRY
9.967,9.98,9.93,9.9617,25465,2021-10-20 19:45:00,BRY
9.97,9.99,9.97,9.9852,6404,2021-10-20 19:50:00,BRY
9.98,10.0,9.97,9.98,39300,2021-10-20 19:55:00,BRY
9.99,9.99,9.99,9.99,47339,2021-10-20 20:00:00,BRY
9.99,9.99,9.99,9.99,220,2021-10-20 20:35:00,BRY
9.92,9.92,9.92,9.92,100,2021-10-21 11:05:00,BRY
9.99,9.99,9.99,9.99,155,2021-10-21 13:15:00,BRY
9.99,9.99,9.99,9.99,345,2021-10-21 13:20:00,BRY
9.97,10.16,9.9509,10.13,20901,2021-10-21 13:30:00,BRY
10.14,10.2486,10.11,10.1999,16282,2021-10-21 13:35:00,BRY
10.1938,10.2,10.16,10.1827,5144,2021-10-21 13:40:00,BRY
10.17,10.18,10.09,10.09,4248,2021-10-21 13:45:00,BRY
10.09,10.09,10.0001,10.0001,863,2021-10-21 13:50:00,BRY
10.049,10.08,10.03,10.08,4125,2021-10-21 13:55:00,BRY
10.1142,10.1899,10.1142,10.1899,4730,2021-10-21 14:00:00,BRY
10.18,10.26,10.16,10.2407,17161,2021-10-21 14:05:00,BRY
10.25,10.26,10.21,10.225,12044,2021-10-21 14:10:00,BRY
10.25,10.34,10.23,10.33,25896,2021-10-21 14:15:00,BRY
10.3,10.3,10.2501,10.2655,14781,2021-10-21 14:20:00,BRY
10.28,10.3095,10.18,10.18,12435,2021-10-21 14:25:00,BRY
10.21,10.21,10.18,10.18,4400,2021-10-21 14:30:00,BRY
10.17,10.17,10.11,10.13,3093,2021-10-21 14:35:00,BRY
10.14,10.14,10.0051,10.015,13257,2021-10-21 14:40:00,BRY
10.0,10.02,9.96,9.9707,10342,2021-10-21 14:45:00,BRY
9.97,9.99,9.9643,9.975,9357,2021-10-21 14:50:00,BRY
9.96,10.044,9.92,9.93,14353,2021-10-21 14:55:00,BRY
9.9215,9.949,9.87,9.87,8119,2021-10-21 15:00:00,BRY
9.87,9.89,9.87,9.875,2207,2021-10-21 15:05:00,BRY
9.89,9.95,9.87,9.8701,3310,2021-10-21 15:10:00,BRY
9.88,9.91,9.87,9.9,1600,2021-10-21 15:15:00,BRY
9.94,9.97,9.91,9.912,3217,2021-10-21 15:20:00,BRY
9.9058,9.9058,9.77,9.77,20286,2021-10-21 15:25:00,BRY
9.79,9.79,9.7403,9.7464,7200,2021-10-21 15:30:00,BRY
9.755,9.8,9.72,9.78,14311,2021-10-21 15:35:00,BRY
9.8,9.81,9.78,9.8,3331,2021-10-21 15:40:00,BRY
9.8,9.82,9.8,9.8,1719,2021-10-21 15:45:00,BRY
9.83,9.87,9.815,9.82,5846,2021-10-21 15:50:00,BRY
9.84,9.84,9.835,9.835,2033,2021-10-21 15:55:00,BRY
9.83,9.8653,9.67,9.7674,37515,2021-10-21 16:00:00,BRY
9.7501,9.8107,9.7501,9.78,4086,2021-10-21 16:05:00,BRY
9.77,9.77,9.59,9.74,36999,2021-10-21 16:10:00,BRY
9.7288,9.75,9.72,9.72,3213,2021-10-21 16:15:00,BRY
9.71,9.85,9.695,9.85,12783,2021-10-21 16:20:00,BRY
9.82,9.8388,9.8,9.82,3225,2021-10-21 16:25:00,BRY
9.8447,9.8447,9.8,9.8,500,2021-10-21 16:30:00,BRY
9.85,9.88,9.85,9.88,844,2021-10-21 16:35:00,BRY
9.87,9.96,9.87,9.91,8320,2021-10-21 16:40:00,BRY
9.9251,9.9251,9.9,9.9,2550,2021-10-21 16:45:00,BRY
9.92,9.9361,9.91,9.91,5200,2021-10-21 16:50:00,BRY
9.91,9.91,9.84,9.9,5272,2021-10-21 16:55:00,BRY
9.9,9.91,9.89,9.89,1794,2021-10-21 17:00:00,BRY
9.875,9.88,9.86,9.88,1402,2021-10-21 17:05:00,BRY
9.87,9.88,9.83,9.84,3425,2021-10-21 17:10:00,BRY
9.8093,9.8299,9.79,9.79,7375,2021-10-21 17:15:00,BRY
9.79,9.87,9.79,9.87,2198,2021-10-21 17:20:00,BRY
9.86,9.86,9.7977,9.7977,1200,2021-10-21 17:25:00,BRY
9.785,9.81,9.785,9.81,1037,2021-10-21 17:30:00,BRY
9.805,9.82,9.79,9.81,7498,2021-10-21 17:35:00,BRY
9.8,9.805,9.76,9.76,2016,2021-10-21 17:40:00,BRY
9.75,9.7699,9.73,9.75,3453,2021-10-21 17:45:00,BRY
9.73,9.73,9.69,9.69,3873,2021-10-21 17:50:00,BRY
9.7,9.72,9.7,9.7,815,2021-10-21 17:55:00,BRY
9.71,9.75,9.7,9.75,2658,2021-10-21 18:00:00,BRY
9.7793,9.79,9.765,9.78,1800,2021-10-21 18:05:00,BRY
9.78,9.79,9.7126,9.73,4227,2021-10-21 18:10:00,BRY
9.74,9.78,9.74,9.775,3320,2021-10-21 18:15:00,BRY
9.7899,9.7999,9.76,9.76,3050,2021-10-21 18:20:00,BRY
9.76,9.81,9.76,9.79,1700,2021-10-21 18:25:00,BRY
9.79,9.82,9.785,9.81,1823,2021-10-21 18:30:00,BRY
9.81,9.8216,9.81,9.81,1000,2021-10-21 18:35:00,BRY
9.81,9.84,9.81,9.83,4177,2021-10-21 18:40:00,BRY
9.848,9.86,9.82,9.86,5940,2021-10-21 18:45:00,BRY
9.86,9.86,9.8545,9.8568,700,2021-10-21 18:50:00,BRY
9.86,9.87,9.85,9.85,1250,2021-10-21 18:55:00,BRY
9.85,9.85,9.85,9.85,344,2021-10-21 19:00:00,BRY
9.85,9.86,9.84,9.85,3057,2021-10-21 19:05:00,BRY
9.85,9.85,9.8104,9.825,5010,2021-10-21 19:10:00,BRY
9.83,9.8307,9.82,9.8307,2008,2021-10-21 19:15:00,BRY
9.84,9.92,9.84,9.88,8189,2021-10-21 19:20:00,BRY
9.87,9.87,9.8416,9.85,3400,2021-10-21 19:25:00,BRY
9.86,9.89,9.86,9.89,4900,2021-10-21 19:30:00,BRY
9.89,9.89,9.85,9.86,5741,2021-10-21 19:35:00,BRY
9.87,9.9095,9.87,9.9095,2400,2021-10-21 19:40:00,BRY
9.91,9.92,9.89,9.895,4599,2021-10-21 19:45:00,BRY
9.88,9.8989,9.88,9.89,2946,2021-10-21 19:50:00,BRY
9.9,9.9,9.88,9.9,11085,2021-10-21 19:55:00,BRY
9.89,9.89,9.89,9.89,39083,2021-10-21 20:00:00,BRY
9.9,9.9,9.9,9.9,1000,2021-10-21 20:25:00,BRY
9.89,9.89,9.89,9.89,1300,2021-10-21 21:15:00,BRY
9.92,10.01,9.91,9.9246,8893,2021-10-22 13:30:00,BRY
9.92,9.9446,9.76,9.78,7773,2021-10-22 13:35:00,BRY
9.82,9.88,9.79,9.88,5290,2021-10-22 13:40:00,BRY
9.87,9.89,9.83,9.83,17276,2021-10-22 13:45:00,BRY
9.83,9.855,9.82,9.83,2950,2021-10-22 13:50:00,BRY
9.86,9.89,9.8401,9.87,3502,2021-10-22 13:55:00,BRY
9.87,9.87,9.825,9.825,12233,2021-10-22 14:00:00,BRY
9.8,9.85,9.8,9.85,400,2021-10-22 14:05:00,BRY
9.85,9.905,9.85,9.905,1505,2021-10-22 14:10:00,BRY
9.86,9.9,9.86,9.8701,4630,2021-10-22 14:15:00,BRY
9.8783,9.92,9.8783,9.92,1600,2021-10-22 14:20:00,BRY
9.9199,9.94,9.88,9.88,8946,2021-10-22 14:25:00,BRY
9.89,9.9,9.88,9.9,4513,2021-10-22 14:30:00,BRY
9.89,9.9,9.88,9.88,5197,2021-10-22 14:35:00,BRY
9.865,9.865,9.82,9.82,3600,2021-10-22 14:40:00,BRY
9.83,9.83,9.81,9.81,1389,2021-10-22 14:45:00,BRY
9.82,9.83,9.76,9.76,4485,2021-10-22 14:50:00,BRY
9.75,9.7505,9.7401,9.7436,2974,2021-10-22 14:55:00,BRY
9.75,9.83,9.75,9.815,2400,2021-10-22 15:00:00,BRY
9.815,9.82,9.8,9.82,3923,2021-10-22 15:05:00,BRY
9.81,9.81,9.79,9.79,1937,2021-10-22 15:10:00,BRY
9.7999,9.8,9.75,9.7987,8355,2021-10-22 15:15:00,BRY
9.79,9.805,9.7875,9.79,5190,2021-10-22 15:20:00,BRY
9.7808,9.7808,9.75,9.75,2811,2021-10-22 15:25:00,BRY
9.7486,9.7486,9.71,9.71,1400,2021-10-22 15:30:00,BRY
9.71,9.72,9.66,9.66,3879,2021-10-22 15:35:00,BRY
9.655,9.66,9.63,9.66,10366,2021-10-22 15:40:00,BRY
9.651,9.651,9.61,9.61,4076,2021-10-22 15:45:00,BRY
9.6,9.66,9.6,9.66,5071,2021-10-22 15:50:00,BRY
9.66,9.68,9.65,9.6705,1828,2021-10-22 15:55:00,BRY
9.6791,9.7,9.6791,9.7,4462,2021-10-22 16:00:00,BRY
9.7,9.7,9.68,9.69,2798,2021-10-22 16:05:00,BRY
9.72,9.76,9.72,9.76,1388,2021-10-22 16:10:00,BRY
9.745,9.76,9.73,9.74,1378,2021-10-22 16:15:00,BRY
9.73,9.73,9.73,9.73,100,2021-10-22 16:20:00,BRY
9.73,9.75,9.73,9.73,3490,2021-10-22 16:25:00,BRY
9.74,9.78,9.74,9.7775,3060,2021-10-22 16:30:00,BRY
9.78,9.8,9.78,9.8,1080,2021-10-22 16:35:00,BRY
9.78,9.8,9.75,9.75,4650,2021-10-22 16:40:00,BRY
9.7533,9.78,9.7533,9.78,2925,2021-10-22 16:45:00,BRY
9.785,9.785,9.75,9.7661,1000,2021-10-22 16:50:00,BRY
9.78,9.79,9.78,9.79,400,2021-10-22 16:55:00,BRY
9.78,9.7822,9.76,9.77,6596,2021-10-22 17:00:00,BRY
9.77,9.77,9.76,9.765,1400,2021-10-22 17:05:00,BRY
9.75,9.78,9.74,9.74,2600,2021-10-22 17:10:00,BRY
9.74,9.75,9.74,9.745,2140,2021-10-22 17:15:00,BRY
9.74,9.75,9.73,9.74,1708,2021-10-22 17:20:00,BRY
9.745,9.76,9.74,9.76,1400,2021-10-22 17:25:00,BRY
9.77,9.77,9.75,9.75,700,2021-10-22 17:30:00,BRY
9.76,9.79,9.76,9.79,1014,2021-10-22 17:35:00,BRY
9.78,9.8,9.77,9.77,2699,2021-10-22 17:40:00,BRY
9.79,9.79,9.78,9.78,711,2021-10-22 17:45:00,BRY
9.76,9.77,9.76,9.76,300,2021-10-22 17:50:00,BRY
9.77,9.79,9.74,9.74,1500,2021-10-22 17:55:00,BRY
9.76,9.77,9.76,9.77,500,2021-10-22 18:00:00,BRY
9.74,9.78,9.74,9.78,1868,2021-10-22 18:05:00,BRY
9.79,9.79,9.7875,9.7875,570,2021-10-22 18:10:00,BRY
9.78,9.79,9.771,9.771,1692,2021-10-22 18:15:00,BRY
9.775,9.82,9.775,9.805,2662,2021-10-22 18:20:00,BRY
9.82,9.82,9.82,9.82,500,2021-10-22 18:25:00,BRY
9.83,9.84,9.82,9.8375,1900,2021-10-22 18:30:00,BRY
9.8487,9.87,9.84,9.86,1000,2021-10-22 18:35:00,BRY
9.87,9.87,9.86,9.865,1501,2021-10-22 18:40:00,BRY
9.87,9.88,9.865,9.87,2099,2021-10-22 18:45:00,BRY
9.87,9.87,9.86,9.87,3700,2021-10-22 18:50:00,BRY
9.87,9.87,9.84,9.865,7479,2021-10-22 18:55:00,BRY
9.89,9.89,9.85,9.87,2961,2021-10-22 19:00:00,BRY
9.88,9.9,9.88,9.89,7283,2021-10-22 19:05:00,BRY
9.89,9.89,9.8835,9.8835,510,2021-10-22 19:10:00,BRY
9.89,9.9,9.88,9.89,600,2021-10-22 19:15:00,BRY
9.9,9.9,9.895,9.895,10815,2021-10-22 19:20:00,BRY
9.9,9.9,9.895,9.9,12256,2021-10-22 19:25:00,BRY
9.9,9.9,9.89,9.89,10150,2021-10-22 19:30:00,BRY
9.89,9.895,9.88,9.88,2500,2021-10-22 19:35:00,BRY
9.88,9.9,9.87,9.89,7749,2021-10-22 19:40:00,BRY
9.89,9.9,9.88,9.88,5480,2021-10-22 19:45:00,BRY
9.89,9.9,9.89,9.895,13055,2021-10-22 19:50:00,BRY
9.9,9.9,9.86,9.87,29567,2021-10-22 19:55:00,BRY
9.87,9.87,9.87,9.87,37234,2021-10-22 20:00:00,BRY
9.98,9.98,9.98,9.98,100,2021-10-22 22:40:00,BRY
