open,high,low,close,volume,datetime,symbol
1.05,1.05,1.05,1.05,200,2021-10-11 11:10:00,ECOR
1.04,1.05,1.04,1.0414,5836,2021-10-11 13:30:00,ECOR
1.05,1.05,1.03,1.0313,3459,2021-10-11 13:35:00,ECOR
1.0301,1.0599,1.0301,1.055,20659,2021-10-11 13:40:00,ECOR
1.05,1.06,1.05,1.0511,1698,2021-10-11 13:45:00,ECOR
1.05,1.0501,1.0321,1.0321,43141,2021-10-11 13:50:00,ECOR
1.04,1.04,1.035,1.035,1500,2021-10-11 13:55:00,ECOR
1.035,1.035,1.0312,1.035,4131,2021-10-11 14:00:00,ECOR
1.0363,1.0363,1.0301,1.0301,1300,2021-10-11 14:05:00,ECOR
1.0344,1.0344,1.0306,1.0306,5600,2021-10-11 14:10:00,ECOR
1.035,1.05,1.035,1.04,25000,2021-10-11 14:15:00,ECOR
1.04,1.04,1.04,1.04,1200,2021-10-11 14:20:00,ECOR
1.05,1.05,1.0407,1.0499,5560,2021-10-11 14:25:00,ECOR
1.0408,1.0408,1.0408,1.0408,1000,2021-10-11 14:30:00,ECOR
1.043,1.043,1.0417,1.0417,300,2021-10-11 14:35:00,ECOR
1.0414,1.0414,1.04,1.04,500,2021-10-11 14:40:00,ECOR
1.045,1.045,1.04,1.04,1000,2021-10-11 14:45:00,ECOR
1.0479,1.0479,1.0479,1.0479,100,2021-10-11 14:50:00,ECOR
1.0401,1.045,1.0401,1.0418,2250,2021-10-11 15:00:00,ECOR
1.045,1.048,1.045,1.048,1932,2021-10-11 15:05:00,ECOR
1.0423,1.05,1.04,1.05,10486,2021-10-11 15:10:00,ECOR
1.045,1.045,1.045,1.045,5200,2021-10-11 15:15:00,ECOR
1.0401,1.045,1.0401,1.045,12499,2021-10-11 15:20:00,ECOR
1.045,1.045,1.04,1.045,700,2021-10-11 15:25:00,ECOR
1.0499,1.0499,1.0499,1.0499,640,2021-10-11 15:30:00,ECOR
1.045,1.045,1.04,1.04,872,2021-10-11 15:35:00,ECOR
1.042,1.042,1.04,1.04,500,2021-10-11 15:50:00,ECOR
1.05,1.05,1.04,1.04,6854,2021-10-11 15:55:00,ECOR
1.04,1.0413,1.04,1.04,2473,2021-10-11 16:00:00,ECOR
1.05,1.05,1.0401,1.05,4000,2021-10-11 16:05:00,ECOR
1.0401,1.0401,1.0401,1.0401,10000,2021-10-11 16:10:00,ECOR
1.0487,1.0487,1.0487,1.0487,523,2021-10-11 16:15:00,ECOR
1.0484,1.0484,1.0484,1.0484,100,2021-10-11 16:20:00,ECOR
1.0401,1.0438,1.0401,1.0438,1150,2021-10-11 16:30:00,ECOR
1.0494,1.0494,1.0494,1.0494,4700,2021-10-11 16:35:00,ECOR
1.0422,1.0422,1.0422,1.0422,151,2021-10-11 16:40:00,ECOR
1.04,1.0421,1.04,1.0421,500,2021-10-11 16:45:00,ECOR
1.0401,1.0401,1.04,1.0401,2300,2021-10-11 16:50:00,ECOR
1.0401,1.0401,1.04,1.04,15600,2021-10-11 16:55:00,ECOR
1.04,1.045,1.04,1.045,1250,2021-10-11 17:05:00,ECOR
1.045,1.045,1.0427,1.0427,1100,2021-10-11 17:15:00,ECOR
1.045,1.045,1.035,1.035,12867,2021-10-11 17:20:00,ECOR
1.035,1.035,1.035,1.035,100,2021-10-11 17:25:00,ECOR
1.035,1.04,1.03,1.0312,1677,2021-10-11 17:35:00,ECOR
1.035,1.0384,1.03,1.0384,28549,2021-10-11 17:40:00,ECOR
1.03,1.04,1.03,1.04,3251,2021-10-11 17:45:00,ECOR
1.0385,1.0385,1.035,1.035,400,2021-10-11 17:50:00,ECOR
1.03,1.03,1.03,1.03,200,2021-10-11 17:55:00,ECOR
1.0301,1.0301,1.0301,1.0301,30000,2021-10-11 18:00:00,ECOR
1.035,1.035,1.0301,1.0301,749,2021-10-11 18:05:00,ECOR
1.04,1.04,1.04,1.04,2000,2021-10-11 18:10:00,ECOR
1.04,1.04,1.03,1.03,703,2021-10-11 18:25:00,ECOR
1.0311,1.0311,1.0311,1.0311,500,2021-10-11 18:30:00,ECOR
1.0391,1.0391,1.0391,1.0391,600,2021-10-11 18:35:00,ECOR
1.0314,1.04,1.0314,1.04,200,2021-10-11 18:40:00,ECOR
1.0312,1.0312,1.03,1.03,400,2021-10-11 18:45:00,ECOR
1.0373,1.0399,1.0373,1.0399,2600,2021-10-11 18:50:00,ECOR
1.0373,1.0386,1.03,1.035,1850,2021-10-11 18:55:00,ECOR
1.03,1.03,1.03,1.03,100,2021-10-11 19:00:00,ECOR
1.03,1.03,1.03,1.03,100,2021-10-11 19:05:00,ECOR
1.0318,1.04,1.0318,1.04,400,2021-10-11 19:10:00,ECOR
1.0391,1.0391,1.0391,1.0391,1906,2021-10-11 19:15:00,ECOR
1.04,1.04,1.039,1.039,7997,2021-10-11 19:25:00,ECOR
1.035,1.035,1.035,1.035,212,2021-10-11 19:30:00,ECOR
1.04,1.04,1.0326,1.0326,2014,2021-10-11 19:35:00,ECOR
1.03,1.03,1.02,1.02,50674,2021-10-11 19:40:00,ECOR
1.0284,1.03,1.02,1.0291,18236,2021-10-11 19:45:00,ECOR
1.02,1.0286,1.02,1.025,1970,2021-10-11 19:50:00,ECOR
1.025,1.03,1.02,1.02,5650,2021-10-11 19:55:00,ECOR
1.03,1.03,1.03,1.03,397,2021-10-11 20:00:00,ECOR
1.02,1.02,1.02,1.02,100,2021-10-11 20:10:00,ECOR
1.02,1.02,1.02,1.02,1899,2021-10-11 21:05:00,ECOR
1.03,1.03,1.03,1.03,100,2021-10-12 11:50:00,ECOR
1.03,1.03,1.02,1.03,18486,2021-10-12 12:00:00,ECOR
1.03,1.03,1.03,1.03,1100,2021-10-12 12:30:00,ECOR
1.0201,1.0201,1.0201,1.0201,1900,2021-10-12 12:40:00,ECOR
1.03,1.03,1.03,1.03,1500,2021-10-12 12:45:00,ECOR
1.03,1.03,1.03,1.03,500,2021-10-12 12:50:00,ECOR
1.03,1.039,1.02,1.03,20681,2021-10-12 13:30:00,ECOR
1.04,1.04,1.0201,1.0201,13269,2021-10-12 13:35:00,ECOR
1.03,1.03,1.0,1.0,68995,2021-10-12 13:40:00,ECOR
1.0005,1.01,1.0,1.0073,16145,2021-10-12 13:45:00,ECOR
1.0092,1.0191,1.0,1.0101,31699,2021-10-12 13:50:00,ECOR
1.0101,1.0101,1.0101,1.0101,3000,2021-10-12 13:55:00,ECOR
1.0193,1.0199,1.0173,1.0199,2020,2021-10-12 14:00:00,ECOR
1.0101,1.02,1.0101,1.014,4619,2021-10-12 14:05:00,ECOR
1.02,1.02,1.01,1.01,900,2021-10-12 14:10:00,ECOR
1.0114,1.015,1.01,1.01,4590,2021-10-12 14:15:00,ECOR
1.01,1.0183,1.01,1.0183,300,2021-10-12 14:20:00,ECOR
1.01,1.02,1.01,1.0184,2545,2021-10-12 14:25:00,ECOR
1.0182,1.02,1.015,1.02,3600,2021-10-12 14:30:00,ECOR
1.02,1.02,1.01,1.01,250,2021-10-12 14:35:00,ECOR
1.0186,1.0186,1.0186,1.0186,380,2021-10-12 14:40:00,ECOR
1.0142,1.02,1.01,1.018,6474,2021-10-12 14:45:00,ECOR
1.01,1.01,1.01,1.01,700,2021-10-12 14:50:00,ECOR
1.01,1.015,1.01,1.01,18601,2021-10-12 14:55:00,ECOR
1.01,1.0167,1.01,1.0167,3200,2021-10-12 15:00:00,ECOR
1.0162,1.02,1.01,1.015,25700,2021-10-12 15:05:00,ECOR
1.015,1.015,1.01,1.01,4140,2021-10-12 15:10:00,ECOR
1.01,1.02,1.01,1.0197,1347,2021-10-12 15:15:00,ECOR
1.01,1.02,1.01,1.015,7070,2021-10-12 15:20:00,ECOR
1.01,1.02,1.01,1.015,400,2021-10-12 15:25:00,ECOR
1.015,1.02,1.01,1.02,17400,2021-10-12 15:30:00,ECOR
1.0101,1.02,1.0101,1.019,14200,2021-10-12 15:35:00,ECOR
1.0113,1.0113,1.01,1.01,27095,2021-10-12 15:40:00,ECOR
1.02,1.02,1.01,1.01,2690,2021-10-12 15:45:00,ECOR
1.0108,1.0108,1.0108,1.0108,2493,2021-10-12 15:50:00,ECOR
1.0115,1.02,1.0115,1.0139,3907,2021-10-12 15:55:00,ECOR
1.0188,1.02,1.0115,1.0115,2466,2021-10-12 16:05:00,ECOR
1.0178,1.0178,1.0146,1.0146,1200,2021-10-12 16:10:00,ECOR
1.0101,1.02,1.0101,1.02,2202,2021-10-12 16:15:00,ECOR
1.01,1.015,1.01,1.015,400,2021-10-12 16:20:00,ECOR
1.0114,1.02,1.0114,1.015,800,2021-10-12 16:25:00,ECOR
1.013,1.015,1.013,1.015,275,2021-10-12 16:30:00,ECOR
1.0101,1.02,1.0101,1.015,6060,2021-10-12 16:35:00,ECOR
1.015,1.018,1.015,1.018,200,2021-10-12 16:40:00,ECOR
1.02,1.02,1.015,1.015,600,2021-10-12 16:45:00,ECOR
1.015,1.0195,1.01,1.015,13200,2021-10-12 16:50:00,ECOR
1.02,1.02,1.01,1.015,17595,2021-10-12 16:55:00,ECOR
1.0106,1.0189,1.01,1.015,8900,2021-10-12 17:00:00,ECOR
1.0101,1.02,1.01,1.0188,6273,2021-10-12 17:05:00,ECOR
1.015,1.0199,1.015,1.0199,1460,2021-10-12 17:10:00,ECOR
1.0113,1.02,1.0109,1.0109,500,2021-10-12 17:15:00,ECOR
1.0113,1.0113,1.0112,1.0112,598,2021-10-12 17:20:00,ECOR
1.015,1.02,1.015,1.0184,650,2021-10-12 17:25:00,ECOR
1.015,1.02,1.01,1.0112,1679,2021-10-12 17:35:00,ECOR
1.0101,1.015,1.0101,1.015,700,2021-10-12 17:40:00,ECOR
1.02,1.02,1.015,1.02,525,2021-10-12 17:45:00,ECOR
1.015,1.015,1.0143,1.0143,550,2021-10-12 17:50:00,ECOR
1.015,1.02,1.01,1.015,616,2021-10-12 17:55:00,ECOR
1.015,1.015,1.0101,1.0101,1300,2021-10-12 18:00:00,ECOR
1.02,1.02,1.01,1.02,4888,2021-10-12 18:05:00,ECOR
1.02,1.02,1.01,1.015,1000,2021-10-12 18:15:00,ECOR
1.02,1.02,1.015,1.02,1800,2021-10-12 18:20:00,ECOR
1.02,1.02,1.02,1.02,100,2021-10-12 18:25:00,ECOR
1.015,1.015,1.015,1.015,200,2021-10-12 18:30:00,ECOR
1.02,1.02,1.01,1.015,3300,2021-10-12 18:35:00,ECOR
1.0199,1.0199,1.0189,1.0189,1100,2021-10-12 18:40:00,ECOR
1.011,1.02,1.01,1.02,12750,2021-10-12 18:45:00,ECOR
1.0189,1.0189,1.01,1.01,3300,2021-10-12 18:50:00,ECOR
1.02,1.02,1.01,1.015,9108,2021-10-12 18:55:00,ECOR
1.0199,1.0199,1.015,1.015,1033,2021-10-12 19:00:00,ECOR
1.015,1.02,1.01,1.01,11015,2021-10-12 19:05:00,ECOR
1.0185,1.0185,1.01,1.01,1625,2021-10-12 19:10:00,ECOR
1.01,1.02,1.01,1.01,2700,2021-10-12 19:15:00,ECOR
1.015,1.015,1.01,1.01,3749,2021-10-12 19:20:00,ECOR
1.01,1.015,1.01,1.015,300,2021-10-12 19:25:00,ECOR
1.02,1.02,1.01,1.015,1800,2021-10-12 19:30:00,ECOR
1.015,1.02,1.01,1.015,1632,2021-10-12 19:35:00,ECOR
1.01,1.02,1.01,1.01,55133,2021-10-12 19:40:00,ECOR
1.01,1.0199,1.0,1.0,41206,2021-10-12 19:45:00,ECOR
1.005,1.01,0.98,1.005,228935,2021-10-12 19:50:00,ECOR
1.005,1.005,0.9904,0.994,57686,2021-10-12 19:55:00,ECOR
0.9998,0.9998,0.9998,0.9998,1634,2021-10-12 20:00:00,ECOR
0.99,0.99,0.99,0.99,1000,2021-10-12 20:05:00,ECOR
0.9999,0.9999,0.9999,0.9999,2000,2021-10-12 20:50:00,ECOR
1.0,1.0,1.0,1.0,5500,2021-10-12 20:55:00,ECOR
1.0,1.0,0.99,0.99,1983,2021-10-12 21:00:00,ECOR
1.0,1.0,1.0,1.0,3000,2021-10-12 21:05:00,ECOR
1.01,1.01,1.0,1.0,5073,2021-10-13 11:20:00,ECOR
0.9998,0.9998,0.9901,0.9901,400,2021-10-13 11:25:00,ECOR
1.0,1.0,0.9999,0.9999,300,2021-10-13 12:15:00,ECOR
0.9999,0.9999,0.9999,0.9999,800,2021-10-13 12:20:00,ECOR
1.0,1.01,1.0,1.01,1446,2021-10-13 12:30:00,ECOR
1.0,1.0,1.0,1.0,600,2021-10-13 12:45:00,ECOR
1.01,1.01,1.01,1.01,200,2021-10-13 13:00:00,ECOR
1.0,1.0,1.0,1.0,2964,2021-10-13 13:25:00,ECOR
1.02,1.02,1.0,1.02,126267,2021-10-13 13:30:00,ECOR
1.02,1.02,1.0004,1.0198,5499,2021-10-13 13:35:00,ECOR
1.0188,1.02,1.0,1.0115,10603,2021-10-13 13:40:00,ECOR
1.01,1.02,1.01,1.01,3985,2021-10-13 13:45:00,ECOR
1.0073,1.01,1.0014,1.0073,1386,2021-10-13 13:50:00,ECOR
1.005,1.0073,1.0,1.0067,8300,2021-10-13 13:55:00,ECOR
1.0038,1.01,1.0001,1.01,4456,2021-10-13 14:00:00,ECOR
1.01,1.01,1.0011,1.0011,1308,2021-10-13 14:05:00,ECOR
1.0013,1.0099,1.0013,1.005,3350,2021-10-13 14:10:00,ECOR
1.01,1.01,1.0014,1.0014,1970,2021-10-13 14:15:00,ECOR
1.0001,1.01,1.0,1.01,10400,2021-10-13 14:20:00,ECOR
1.005,1.01,1.005,1.0095,13117,2021-10-13 14:25:00,ECOR
1.005,1.005,1.005,1.005,200,2021-10-13 14:30:00,ECOR
1.005,1.01,1.005,1.005,498,2021-10-13 14:35:00,ECOR
1.005,1.01,1.005,1.01,16125,2021-10-13 14:40:00,ECOR
1.02,1.0274,1.019,1.025,50904,2021-10-13 14:45:00,ECOR
1.0289,1.0299,1.02,1.025,15400,2021-10-13 14:50:00,ECOR
1.025,1.03,1.025,1.03,5300,2021-10-13 14:55:00,ECOR
1.02,1.0263,1.02,1.026,6509,2021-10-13 15:00:00,ECOR
1.025,1.025,1.0216,1.025,1187,2021-10-13 15:05:00,ECOR
1.0215,1.03,1.0215,1.0299,3270,2021-10-13 15:10:00,ECOR
1.0201,1.03,1.02,1.03,6505,2021-10-13 15:15:00,ECOR
1.0201,1.03,1.0201,1.0215,4310,2021-10-13 15:20:00,ECOR
1.03,1.03,1.03,1.03,300,2021-10-13 15:25:00,ECOR
1.023,1.023,1.02,1.02,2000,2021-10-13 15:30:00,ECOR
1.03,1.03,1.02,1.02,1050,2021-10-13 15:35:00,ECOR
1.03,1.03,1.025,1.0284,1102,2021-10-13 15:40:00,ECOR
1.0213,1.03,1.0209,1.03,3942,2021-10-13 15:45:00,ECOR
1.0243,1.0243,1.0243,1.0243,120,2021-10-13 15:50:00,ECOR
1.03,1.03,1.0273,1.0277,800,2021-10-13 15:55:00,ECOR
1.0277,1.0277,1.02,1.0201,500,2021-10-13 16:00:00,ECOR
1.0273,1.03,1.025,1.025,400,2021-10-13 16:05:00,ECOR
1.025,1.04,1.025,1.04,16000,2021-10-13 16:10:00,ECOR
1.04,1.04,1.03,1.03,15500,2021-10-13 16:15:00,ECOR
1.035,1.0393,1.0335,1.0335,5078,2021-10-13 16:20:00,ECOR
1.0362,1.04,1.0362,1.04,1300,2021-10-13 16:25:00,ECOR
1.035,1.035,1.035,1.035,100,2021-10-13 16:30:00,ECOR
1.0347,1.04,1.0347,1.04,500,2021-10-13 16:35:00,ECOR
1.035,1.04,1.035,1.04,7800,2021-10-13 16:40:00,ECOR
1.04,1.04,1.03,1.03,6150,2021-10-13 16:45:00,ECOR
1.04,1.04,1.035,1.04,5133,2021-10-13 16:50:00,ECOR
1.04,1.04,1.035,1.04,3050,2021-10-13 16:55:00,ECOR
1.0301,1.04,1.03,1.0377,9269,2021-10-13 17:00:00,ECOR
1.035,1.035,1.03,1.03,400,2021-10-13 17:05:00,ECOR
1.035,1.035,1.035,1.035,500,2021-10-13 17:10:00,ECOR
1.035,1.0399,1.035,1.0399,200,2021-10-13 17:15:00,ECOR
1.0378,1.04,1.035,1.035,1382,2021-10-13 17:20:00,ECOR
1.04,1.04,1.03,1.03,700,2021-10-13 17:25:00,ECOR
1.035,1.04,1.035,1.04,499,2021-10-13 17:30:00,ECOR
1.04,1.04,1.035,1.04,2500,2021-10-13 17:35:00,ECOR
1.04,1.04,1.02,1.03,35081,2021-10-13 17:40:00,ECOR
1.03,1.03,1.02,1.02,38488,2021-10-13 17:45:00,ECOR
1.03,1.03,1.01,1.02,85615,2021-10-13 17:50:00,ECOR
1.02,1.03,1.01,1.03,61848,2021-10-13 17:55:00,ECOR
1.03,1.03,1.01,1.015,35300,2021-10-13 18:00:00,ECOR
1.015,1.03,1.015,1.03,8300,2021-10-13 18:05:00,ECOR
1.03,1.03,1.02,1.03,3296,2021-10-13 18:10:00,ECOR
1.03,1.03,1.028,1.03,2500,2021-10-13 18:15:00,ECOR
1.03,1.03,1.02,1.03,4400,2021-10-13 18:20:00,ECOR
1.03,1.04,1.02,1.03,8058,2021-10-13 18:25:00,ECOR
1.03,1.03,1.02,1.03,3631,2021-10-13 18:30:00,ECOR
1.03,1.03,1.0205,1.03,13300,2021-10-13 18:35:00,ECOR
1.03,1.03,1.02,1.03,4220,2021-10-13 18:40:00,ECOR
1.03,1.03,1.025,1.025,2700,2021-10-13 18:45:00,ECOR
1.025,1.03,1.025,1.03,3300,2021-10-13 18:50:00,ECOR
1.03,1.03,1.025,1.03,2300,2021-10-13 18:55:00,ECOR
1.03,1.03,1.025,1.03,5660,2021-10-13 19:00:00,ECOR
1.03,1.03,1.02,1.025,15842,2021-10-13 19:05:00,ECOR
1.03,1.03,1.02,1.02,8060,2021-10-13 19:10:00,ECOR
1.03,1.03,1.02,1.02,10000,2021-10-13 19:15:00,ECOR
1.02,1.03,1.02,1.025,21800,2021-10-13 19:20:00,ECOR
1.025,1.03,1.01,1.01,47544,2021-10-13 19:25:00,ECOR
1.01,1.02,1.01,1.02,6825,2021-10-13 19:30:00,ECOR
1.02,1.02,1.01,1.02,7674,2021-10-13 19:35:00,ECOR
1.02,1.02,1.015,1.02,5311,2021-10-13 19:40:00,ECOR
1.02,1.02,1.015,1.015,9687,2021-10-13 19:45:00,ECOR
1.02,1.02,1.0101,1.02,24114,2021-10-13 19:50:00,ECOR
1.02,1.02,1.015,1.015,8690,2021-10-13 19:55:00,ECOR
1.02,1.02,1.02,1.02,20536,2021-10-13 20:00:00,ECOR
1.02,1.02,1.02,1.02,600,2021-10-13 20:35:00,ECOR
1.02,1.02,1.02,1.02,1000,2021-10-13 21:15:00,ECOR
1.03,1.03,1.03,1.03,204,2021-10-13 21:40:00,ECOR
1.03,1.03,1.01,1.01,1100,2021-10-13 23:05:00,ECOR
1.03,1.03,1.03,1.03,1000,2021-10-13 23:25:00,ECOR
1.03,1.03,1.03,1.03,1799,2021-10-13 23:45:00,ECOR
1.03,1.03,1.03,1.03,100,2021-10-14 10:35:00,ECOR
1.05,1.05,0.96,0.9999,33252,2021-10-14 12:00:00,ECOR
0.9901,0.9901,0.97,0.99,2338,2021-10-14 12:05:00,ECOR
1.02,1.04,1.02,1.04,10900,2021-10-14 12:20:00,ECOR
1.04,1.04,1.0399,1.04,2600,2021-10-14 12:25:00,ECOR
1.04,1.04,1.04,1.04,6500,2021-10-14 12:30:00,ECOR
1.04,1.04,1.04,1.04,800,2021-10-14 12:35:00,ECOR
1.03,1.04,1.03,1.04,2500,2021-10-14 12:40:00,ECOR
1.04,1.04,1.04,1.04,7000,2021-10-14 12:50:00,ECOR
1.04,1.04,1.04,1.04,500,2021-10-14 12:55:00,ECOR
1.04,1.04,1.03,1.04,2524,2021-10-14 13:05:00,ECOR
1.04,1.04,1.04,1.04,200,2021-10-14 13:10:00,ECOR
1.0399,1.0399,1.0399,1.0399,5500,2021-10-14 13:15:00,ECOR
1.04,1.04,1.04,1.04,1600,2021-10-14 13:25:00,ECOR
1.04,1.05,1.04,1.045,50584,2021-10-14 13:30:00,ECOR
1.0432,1.05,1.02,1.0201,25770,2021-10-14 13:35:00,ECOR
1.0275,1.04,1.022,1.0382,32049,2021-10-14 13:40:00,ECOR
1.0399,1.0399,1.03,1.0314,900,2021-10-14 13:45:00,ECOR
1.0384,1.0384,1.03,1.0305,4720,2021-10-14 13:50:00,ECOR
1.0399,1.04,1.0307,1.04,15600,2021-10-14 13:55:00,ECOR
1.035,1.0399,1.03,1.035,8700,2021-10-14 14:00:00,ECOR
1.0399,1.0399,1.03,1.03,600,2021-10-14 14:05:00,ECOR
1.03,1.04,1.03,1.0317,11170,2021-10-14 14:10:00,ECOR
1.035,1.035,1.03,1.0301,13033,2021-10-14 14:15:00,ECOR
1.02,1.0291,1.02,1.0291,2150,2021-10-14 14:20:00,ECOR
1.0227,1.0282,1.02,1.0213,3663,2021-10-14 14:25:00,ECOR
1.025,1.0299,1.02,1.02,5486,2021-10-14 14:30:00,ECOR
1.0268,1.0287,1.0268,1.0287,830,2021-10-14 14:35:00,ECOR
1.02,1.0289,1.02,1.0244,750,2021-10-14 14:40:00,ECOR
1.02,1.02,1.01,1.0149,23135,2021-10-14 14:45:00,ECOR
1.01,1.0188,1.01,1.0185,2400,2021-10-14 14:50:00,ECOR
1.01,1.0176,1.01,1.015,1601,2021-10-14 14:55:00,ECOR
1.0184,1.02,1.015,1.015,400,2021-10-14 15:00:00,ECOR
1.0188,1.02,1.012,1.015,7447,2021-10-14 15:05:00,ECOR
1.0127,1.0187,1.01,1.0187,1092,2021-10-14 15:10:00,ECOR
1.0116,1.0116,1.0116,1.0116,500,2021-10-14 15:15:00,ECOR
1.018,1.018,1.0123,1.0123,1859,2021-10-14 15:20:00,ECOR
1.01,1.0185,1.01,1.0185,1670,2021-10-14 15:25:00,ECOR
1.015,1.015,1.01,1.0108,9622,2021-10-14 15:30:00,ECOR
1.011,1.02,1.01,1.0157,850,2021-10-14 15:35:00,ECOR
1.0189,1.0189,1.0189,1.0189,1000,2021-10-14 15:40:00,ECOR
1.02,1.02,1.01,1.0185,4935,2021-10-14 15:45:00,ECOR
1.02,1.02,1.02,1.02,1050,2021-10-14 15:50:00,ECOR
1.0185,1.0185,1.01,1.01,1380,2021-10-14 15:55:00,ECOR
1.015,1.02,1.01,1.02,2510,2021-10-14 16:00:00,ECOR
1.02,1.02,1.0101,1.0101,3500,2021-10-14 16:05:00,ECOR
1.0184,1.0184,1.0184,1.0184,100,2021-10-14 16:10:00,ECOR
1.0199,1.02,1.0199,1.02,1100,2021-10-14 16:15:00,ECOR
1.02,1.02,1.02,1.02,100,2021-10-14 16:20:00,ECOR
1.0199,1.02,1.0189,1.0189,1494,2021-10-14 16:25:00,ECOR
1.02,1.02,1.02,1.02,1000,2021-10-14 16:30:00,ECOR
1.015,1.02,1.015,1.02,300,2021-10-14 16:35:00,ECOR
1.0183,1.0183,1.0183,1.0183,100,2021-10-14 16:40:00,ECOR
1.015,1.02,1.0134,1.0141,493,2021-10-14 16:45:00,ECOR
1.0196,1.02,1.0135,1.0135,3545,2021-10-14 16:50:00,ECOR
1.0184,1.02,1.015,1.0185,650,2021-10-14 16:55:00,ECOR
1.02,1.02,1.015,1.015,1850,2021-10-14 17:00:00,ECOR
1.0188,1.02,1.01,1.015,30639,2021-10-14 17:10:00,ECOR
1.015,1.015,1.005,1.01,34965,2021-10-14 17:15:00,ECOR
1.01,1.01,1.0,1.0,27919,2021-10-14 17:20:00,ECOR
1.005,1.0087,0.99,0.9962,62508,2021-10-14 17:25:00,ECOR
0.9981,1.0,0.9981,0.999,2339,2021-10-14 17:30:00,ECOR
0.9992,0.9995,0.999,0.9993,9000,2021-10-14 17:35:00,ECOR
0.9994,0.9994,0.995,0.9959,27173,2021-10-14 17:40:00,ECOR
0.995,0.9994,0.995,0.9994,22600,2021-10-14 17:45:00,ECOR
0.9994,0.9994,0.996999,0.9994,16740,2021-10-14 17:50:00,ECOR
0.9966,0.9994,0.9964,0.996749,7819,2021-10-14 17:55:00,ECOR
0.9971,0.9994,0.9963,0.9963,4277,2021-10-14 18:00:00,ECOR
0.9964,0.9994,0.9963,0.9994,5205,2021-10-14 18:05:00,ECOR
0.9982,0.9994,0.9982,0.9994,401,2021-10-14 18:10:00,ECOR
0.9989,0.9994,0.9989,0.99892,300,2021-10-14 18:15:00,ECOR
0.9993,1.0,0.9991,0.9997,30373,2021-10-14 18:20:00,ECOR
0.9997,1.0,0.9997,0.9999,700,2021-10-14 18:25:00,ECOR
0.99985,1.0,0.9998,0.9998,1200,2021-10-14 18:30:00,ECOR
0.9998,0.9998,0.9998,0.9998,100,2021-10-14 18:35:00,ECOR
0.9997,1.0,0.9997,0.9999,10400,2021-10-14 18:40:00,ECOR
0.9999,1.0,0.9998,1.0,8495,2021-10-14 18:45:00,ECOR
0.99985,1.0,0.99985,1.0,5500,2021-10-14 18:50:00,ECOR
0.9999,1.0,0.9999,0.99995,10450,2021-10-14 18:55:00,ECOR
1.0,1.0,0.999955,1.0,1500,2021-10-14 19:00:00,ECOR
0.99995,1.0,0.9999,1.0,28067,2021-10-14 19:05:00,ECOR
1.0,1.0,0.9999,0.9999,2070,2021-10-14 19:10:00,ECOR
1.0,1.0,0.9999,0.9999,3400,2021-10-14 19:15:00,ECOR
0.9999,1.0,0.9999,1.0,3600,2021-10-14 19:20:00,ECOR
0.99995,1.0,0.995,0.9956,12702,2021-10-14 19:25:00,ECOR
0.995,0.9954,0.9883,0.9883,162297,2021-10-14 19:30:00,ECOR
0.99,0.99,0.9813,0.98365,26289,2021-10-14 19:35:00,ECOR
0.9836,0.9998,0.9836,0.998,6350,2021-10-14 19:40:00,ECOR
0.995001,0.995001,0.992,0.992,3254,2021-10-14 19:45:00,ECOR
0.995001,0.9977,0.9901,0.995,10788,2021-10-14 19:50:00,ECOR
0.9976,0.9999,0.9901,0.9975,27270,2021-10-14 19:55:00,ECOR
1.0,1.0,1.0,1.0,7576,2021-10-14 20:00:00,ECOR
1.0,1.0,1.0,1.0,1000,2021-10-14 20:35:00,ECOR
1.0,1.0,1.0,1.0,1000,2021-10-14 20:40:00,ECOR
1.0,1.0,1.0,1.0,151,2021-10-14 20:45:00,ECOR
1.01,1.01,1.01,1.01,190,2021-10-14 22:25:00,ECOR
1.0,1.0,1.0,1.0,808,2021-10-14 22:40:00,ECOR
1.0,1.0,1.0,1.0,142,2021-10-15 11:30:00,ECOR
1.02,1.02,1.02,1.02,100,2021-10-15 12:35:00,ECOR
1.01,1.01,1.01,1.01,150,2021-10-15 12:55:00,ECOR
1.01,1.01,1.01,1.01,500,2021-10-15 13:05:00,ECOR
1.01,1.0118,1.005,1.005,7785,2021-10-15 13:30:00,ECOR
1.01,1.01,1.007,1.01,2100,2021-10-15 13:35:00,ECOR
1.01,1.02,1.0013,1.01,5147,2021-10-15 13:40:00,ECOR
1.0099,1.0099,1.0,1.0,585,2021-10-15 13:45:00,ECOR
1.0012,1.0086,1.0,1.005,11189,2021-10-15 13:50:00,ECOR
1.01,1.01,1.01,1.01,500,2021-10-15 13:55:00,ECOR
1.0,1.0,0.9903,0.9999,24639,2021-10-15 14:00:00,ECOR
0.9999,0.9999,0.996,0.996,3478,2021-10-15 14:05:00,ECOR
0.9999,0.9999,0.990201,0.990201,11750,2021-10-15 14:10:00,ECOR
0.9901,0.9999,0.9901,0.9999,9324,2021-10-15 14:15:00,ECOR
0.995,0.9956,0.995,0.995,800,2021-10-15 14:20:00,ECOR
0.995,0.995,0.98111,0.9852,17837,2021-10-15 14:25:00,ECOR
0.9853,0.9998,0.9853,0.9951,21125,2021-10-15 14:30:00,ECOR
0.9949,0.9949,0.9949,0.9949,426,2021-10-15 14:35:00,ECOR
0.9936,0.9949,0.9935,0.9949,8010,2021-10-15 14:45:00,ECOR
0.994468,0.9949,0.994,0.994,2500,2021-10-15 14:50:00,ECOR
0.9925,0.9926,0.9925,0.99255,2150,2021-10-15 14:55:00,ECOR
0.9925,0.9926,0.99,0.99,8434,2021-10-15 15:00:00,ECOR
0.9913,0.9924,0.9913,0.9923,2553,2021-10-15 15:05:00,ECOR
0.9923,0.9924,0.9912,0.9923,15150,2021-10-15 15:10:00,ECOR
0.9923,0.9924,0.9923,0.9924,2500,2021-10-15 15:15:00,ECOR
0.9923,0.9926,0.9923,0.9926,2760,2021-10-15 15:20:00,ECOR
0.9925,0.9926,0.9923,0.99245,644,2021-10-15 15:25:00,ECOR
0.9924,0.9924,0.9923,0.9923,1200,2021-10-15 15:30:00,ECOR
0.9923,0.9923,0.9923,0.9923,100,2021-10-15 15:35:00,ECOR
0.9924,0.9926,0.9924,0.9926,1200,2021-10-15 15:40:00,ECOR
0.9926,0.9926,0.9923,0.9923,616,2021-10-15 15:45:00,ECOR
0.9926,0.9926,0.99,0.992599,16605,2021-10-15 15:50:00,ECOR
0.991299,0.9926,0.99,0.9905,6500,2021-10-15 15:55:00,ECOR
0.9913,0.9926,0.991,0.991,6850,2021-10-15 16:00:00,ECOR
0.990499,0.991,0.99,0.991,901,2021-10-15 16:05:00,ECOR
0.991,0.991,0.99,0.99,924,2021-10-15 16:10:00,ECOR
0.9905,0.991,0.9905,0.991,9304,2021-10-15 16:15:00,ECOR
0.991,0.991,0.991,0.991,1000,2021-10-15 16:20:00,ECOR
0.991,0.991,0.9905,0.9905,2300,2021-10-15 16:25:00,ECOR
0.9901,0.9901,0.9875,0.9875,38063,2021-10-15 16:30:00,ECOR
0.9875,0.987518,0.985,0.985,10490,2021-10-15 16:35:00,ECOR
0.9851,0.9876,0.9851,0.9876,5383,2021-10-15 16:40:00,ECOR
0.99,0.99,0.989899,0.989899,1050,2021-10-15 16:45:00,ECOR
0.9899,0.9899,0.9877,0.9877,1602,2021-10-15 16:50:00,ECOR
0.9855,0.9899,0.9855,0.9877,13210,2021-10-15 16:55:00,ECOR
0.9895,0.9895,0.9895,0.9895,100,2021-10-15 17:00:00,ECOR
0.9899,0.9949,0.9855,0.9948,6830,2021-10-15 17:05:00,ECOR
0.9949,0.9999,0.994101,0.9999,19000,2021-10-15 17:10:00,ECOR
0.9977,0.9999,0.9956,0.999,19150,2021-10-15 17:15:00,ECOR
0.9999,0.9999,0.9977,0.9977,542,2021-10-15 17:20:00,ECOR
0.999799,0.999799,0.999799,0.999799,100,2021-10-15 17:25:00,ECOR
0.9955,0.9955,0.994,0.994101,14298,2021-10-15 17:30:00,ECOR
0.995,0.9999,0.994,0.9999,2650,2021-10-15 17:35:00,ECOR
0.9994,0.999899,0.994,0.999899,2297,2021-10-15 17:40:00,ECOR
0.999799,0.999799,0.999799,0.999799,100,2021-10-15 17:45:00,ECOR
0.994,0.994,0.994,0.994,400,2021-10-15 17:50:00,ECOR
0.994,0.994,0.994,0.994,5195,2021-10-15 18:05:00,ECOR
0.9999,0.9999,0.9999,0.9999,200,2021-10-15 18:10:00,ECOR
0.9901,0.9901,0.99,0.990001,440,2021-10-15 18:15:00,ECOR
0.999799,0.999799,0.994899,0.994899,449,2021-10-15 18:20:00,ECOR
0.99,0.9925,0.99,0.9925,4500,2021-10-15 18:25:00,ECOR
0.9901,0.9997,0.9901,0.9997,531,2021-10-15 18:30:00,ECOR
0.9992,0.9992,0.9992,0.9992,250,2021-10-15 18:35:00,ECOR
0.9901,0.9901,0.9901,0.9901,300,2021-10-15 18:40:00,ECOR
0.9991,0.9991,0.9901,0.9991,1300,2021-10-15 18:45:00,ECOR
0.9901,0.9901,0.9901,0.9901,100,2021-10-15 19:00:00,ECOR
0.9925,0.9925,0.99,0.99,956,2021-10-15 19:05:00,ECOR
0.9901,0.9901,0.99,0.9901,2204,2021-10-15 19:10:00,ECOR
0.9901,0.9901,0.99,0.9901,16405,2021-10-15 19:15:00,ECOR
0.994399,0.9981,0.994399,0.995,4433,2021-10-15 19:20:00,ECOR
0.9946,0.9946,0.9942,0.9942,200,2021-10-15 19:25:00,ECOR
0.995,0.995,0.9926,0.9926,600,2021-10-15 19:30:00,ECOR
0.9901,0.9901,0.9901,0.9901,125,2021-10-15 19:35:00,ECOR
0.9902,0.9903,0.9891,0.9891,3409,2021-10-15 19:40:00,ECOR
0.9885,0.9891,0.9873,0.9873,2500,2021-10-15 19:45:00,ECOR
0.9891,0.9895,0.9856,0.9865,18825,2021-10-15 19:50:00,ECOR
0.9895,0.9933,0.9865,0.9866,3814,2021-10-15 19:55:00,ECOR
0.9966,0.9966,0.9966,0.9966,7048,2021-10-15 20:00:00,ECOR
0.9933,0.9933,0.9933,0.9933,1000,2021-10-15 20:25:00,ECOR
0.9966,0.9966,0.9855,0.9855,1200,2021-10-15 21:15:00,ECOR
0.996,0.996,0.996,0.996,100,2021-10-15 22:00:00,ECOR
0.996,0.996,0.996,0.996,100,2021-10-15 22:05:00,ECOR
0.996,0.996,0.996,0.996,100,2021-10-15 23:40:00,ECOR
0.9966,0.9966,0.9966,0.9966,100,2021-10-18 12:00:00,ECOR
0.9966,0.9966,0.9966,0.9966,820,2021-10-18 12:10:00,ECOR
0.9966,1.0,0.9901,0.9901,4248,2021-10-18 12:15:00,ECOR
0.9901,0.9901,0.9901,0.9901,1600,2021-10-18 12:20:00,ECOR
0.9901,0.9901,0.9901,0.9901,124,2021-10-18 12:30:00,ECOR
0.99,0.99,0.99,0.99,598,2021-10-18 12:35:00,ECOR
0.9855,0.9855,0.9855,0.9855,150,2021-10-18 13:05:00,ECOR
0.9859,0.9859,0.9855,0.9855,800,2021-10-18 13:15:00,ECOR
0.9854,0.9855,0.9854,0.9855,200,2021-10-18 13:20:00,ECOR
0.985,0.9893,0.9816,0.9816,23121,2021-10-18 13:30:00,ECOR
0.9869,0.9869,0.9869,0.9869,100,2021-10-18 13:35:00,ECOR
0.9869,0.9894,0.9818,0.9869,2292,2021-10-18 13:40:00,ECOR
0.9899,0.9899,0.9899,0.9899,650,2021-10-18 13:45:00,ECOR
0.9827,0.9853,0.9824,0.9853,1609,2021-10-18 13:50:00,ECOR
0.9823,0.9899,0.9823,0.9823,8037,2021-10-18 13:55:00,ECOR
0.982401,0.982401,0.9824,0.9824,5016,2021-10-18 14:00:00,ECOR
0.9896,0.9896,0.9825,0.9825,10910,2021-10-18 14:05:00,ECOR
0.9824,0.9871,0.9824,0.982501,5320,2021-10-18 14:10:00,ECOR
0.9872,0.9872,0.9872,0.9872,1513,2021-10-18 14:15:00,ECOR
0.9834,0.9847,0.9804,0.9816,11694,2021-10-18 14:20:00,ECOR
0.98065,0.9807,0.9805,0.9805,2915,2021-10-18 14:25:00,ECOR
0.9806,0.9807,0.9806,0.9807,816,2021-10-18 14:30:00,ECOR
0.9807,0.9807,0.9801,0.9801,11989,2021-10-18 14:35:00,ECOR
0.9802,0.9802,0.9802,0.9802,200,2021-10-18 14:40:00,ECOR
0.98015,0.9802,0.9801,0.9802,4220,2021-10-18 14:45:00,ECOR
0.9802,0.9802,0.9801,0.9802,3215,2021-10-18 14:50:00,ECOR
0.9801,0.985399,0.9801,0.9804,4700,2021-10-18 14:55:00,ECOR
0.9854,0.9854,0.9804,0.9805,2735,2021-10-18 15:00:00,ECOR
0.9802,0.9806,0.9802,0.9806,2424,2021-10-18 15:05:00,ECOR
0.9808,0.9808,0.9802,0.980299,3557,2021-10-18 15:10:00,ECOR
0.9803,0.9803,0.9802,0.9803,8570,2021-10-18 15:15:00,ECOR
0.9802,0.98025,0.9802,0.9802,300,2021-10-18 15:20:00,ECOR
0.98025,0.9803,0.9802,0.9803,3100,2021-10-18 15:25:00,ECOR
0.9802,0.9821,0.9802,0.9821,1701,2021-10-18 15:30:00,ECOR
0.982,0.9821,0.9802,0.9811,2400,2021-10-18 15:35:00,ECOR
0.980201,0.9854,0.9802,0.9802,504,2021-10-18 15:40:00,ECOR
0.982801,0.982801,0.982801,0.982801,121,2021-10-18 15:45:00,ECOR
0.9828,0.9828,0.9802,0.9802,1100,2021-10-18 15:50:00,ECOR
0.9833,0.9833,0.9833,0.9833,200,2021-10-18 15:55:00,ECOR
0.9833,0.9833,0.9802,0.9802,4399,2021-10-18 16:00:00,ECOR
0.9849,0.9849,0.984799,0.984799,470,2021-10-18 16:05:00,ECOR
0.981,0.9849,0.981,0.9849,1250,2021-10-18 16:10:00,ECOR
0.9817,0.9833,0.9817,0.9833,1250,2021-10-18 16:20:00,ECOR
0.9829,0.9829,0.9829,0.9829,300,2021-10-18 16:25:00,ECOR
0.9826,0.9829,0.9826,0.982886,5000,2021-10-18 16:30:00,ECOR
0.9829,0.9829,0.9829,0.9829,100,2021-10-18 16:35:00,ECOR
0.982601,0.9829,0.9826,0.9829,6355,2021-10-18 16:40:00,ECOR
0.9829,0.9829,0.9826,0.9826,10221,2021-10-18 16:45:00,ECOR
0.9829,0.9829,0.9827,0.9829,5900,2021-10-18 16:50:00,ECOR
0.9829,0.9829,0.9829,0.9829,1100,2021-10-18 16:55:00,ECOR
0.9826,0.9829,0.9825,0.9825,7545,2021-10-18 17:05:00,ECOR
0.9826,0.9826,0.9826,0.9826,1000,2021-10-18 17:10:00,ECOR
0.9826,0.9826,0.9825,0.9825,2350,2021-10-18 17:15:00,ECOR
0.9826,0.9826,0.9802,0.9802,16401,2021-10-18 17:20:00,ECOR
0.9802,0.981,0.9802,0.9803,14700,2021-10-18 17:25:00,ECOR
0.9803,0.9803,0.9802,0.9803,2000,2021-10-18 17:30:00,ECOR
0.9802,0.9826,0.9802,0.9814,1200,2021-10-18 17:35:00,ECOR
0.9803,0.9805,0.9803,0.9805,2300,2021-10-18 17:40:00,ECOR
0.9805,0.9805,0.980399,0.980399,1980,2021-10-18 17:45:00,ECOR
0.9804,0.9805,0.9803,0.9805,2161,2021-10-18 17:50:00,ECOR
0.9803,0.980306,0.9802,0.980306,2100,2021-10-18 17:55:00,ECOR
0.9803,0.980399,0.9803,0.9803,1300,2021-10-18 18:05:00,ECOR
0.9804,0.9804,0.9803,0.9803,200,2021-10-18 18:10:00,ECOR
0.9804,0.9804,0.98035,0.9804,2000,2021-10-18 18:15:00,ECOR
0.9813,0.9813,0.98,0.9802,23426,2021-10-18 18:20:00,ECOR
0.9801,0.9801,0.975,0.980099,103023,2021-10-18 18:25:00,ECOR
0.9752,0.975301,0.9752,0.975301,784,2021-10-18 18:30:00,ECOR
0.98,0.98,0.9754,0.9754,3600,2021-10-18 18:35:00,ECOR
0.9755,0.9776,0.962,0.97,147208,2021-10-18 18:40:00,ECOR
0.969899,0.97,0.965,0.97,13822,2021-10-18 18:45:00,ECOR
0.9699,0.9729,0.9681,0.9681,12044,2021-10-18 18:50:00,ECOR
0.969999,0.97,0.969999,0.97,1050,2021-10-18 18:55:00,ECOR
0.969999,0.97,0.963,0.97,28980,2021-10-18 19:00:00,ECOR
0.97,0.97,0.97,0.97,3000,2021-10-18 19:05:00,ECOR
0.9685,0.97,0.9685,0.9699,7317,2021-10-18 19:10:00,ECOR
0.9699,0.9726,0.9699,0.97,12569,2021-10-18 19:15:00,ECOR
0.9725,0.9791,0.9699,0.9791,9500,2021-10-18 19:20:00,ECOR
0.9699,0.98,0.9697,0.979899,18515,2021-10-18 19:25:00,ECOR
0.9743,0.9799,0.969899,0.9719,14678,2021-10-18 19:30:00,ECOR
0.9719,0.9799,0.9719,0.9799,22420,2021-10-18 19:35:00,ECOR
0.972,0.979799,0.97,0.97,14720,2021-10-18 19:40:00,ECOR
0.97,0.97,0.9631,0.9631,21060,2021-10-18 19:45:00,ECOR
0.967449,0.97,0.9661,0.97,5999,2021-10-18 19:50:00,ECOR
0.9687,0.97,0.9631,0.965,17971,2021-10-18 19:55:00,ECOR
0.9798,0.9798,0.9798,0.9798,6170,2021-10-18 20:00:00,ECOR
0.97,0.97,0.97,0.97,500,2021-10-18 20:05:00,ECOR
0.97,0.97,0.97,0.97,4700,2021-10-18 20:10:00,ECOR
0.97,0.99,0.97,0.99,3680,2021-10-18 20:20:00,ECOR
0.98,0.98,0.98,0.98,100,2021-10-18 20:40:00,ECOR
0.98,0.98,0.98,0.98,300,2021-10-18 20:50:00,ECOR
0.97,0.97,0.97,0.97,520,2021-10-18 20:55:00,ECOR
0.9699,0.97,0.9699,0.97,200,2021-10-18 21:00:00,ECOR
0.98,0.98,0.98,0.98,2700,2021-10-18 21:35:00,ECOR
0.9899,0.9899,0.9899,0.9899,100,2021-10-18 22:35:00,ECOR
0.985,0.985,0.985,0.985,100,2021-10-18 23:40:00,ECOR
0.999,0.999,0.985,0.985,11985,2021-10-19 12:40:00,ECOR
0.98,0.98,0.98,0.98,1080,2021-10-19 13:05:00,ECOR
0.98,0.98,0.98,0.98,100,2021-10-19 13:20:00,ECOR
0.999,0.999,0.980189,0.9989,32964,2021-10-19 13:30:00,ECOR
0.9989,0.9989,0.9801,0.9899,31343,2021-10-19 13:35:00,ECOR
0.9899,0.9949,0.9899,0.9949,18150,2021-10-19 13:40:00,ECOR
0.9949,0.9988,0.993401,0.993401,9124,2021-10-19 13:45:00,ECOR
0.9988,0.9988,0.9934,0.995899,13100,2021-10-19 13:50:00,ECOR
0.9934,0.9984,0.9925,0.9959,25516,2021-10-19 13:55:00,ECOR
0.9983,0.9984,0.9803,0.9803,6450,2021-10-19 14:00:00,ECOR
0.9803,0.9974,0.9803,0.9974,22174,2021-10-19 14:05:00,ECOR
0.9974,0.9974,0.9803,0.9874,9726,2021-10-19 14:10:00,ECOR
0.9899,0.9899,0.9803,0.985,5600,2021-10-19 14:15:00,ECOR
0.9884,0.9949,0.985,0.9949,5479,2021-10-19 14:20:00,ECOR
0.9949,0.9956,0.9851,0.9901,9309,2021-10-19 14:25:00,ECOR
0.9938,0.9969,0.9914,0.9959,15680,2021-10-19 14:30:00,ECOR
0.9959,0.9959,0.9929,0.9959,3520,2021-10-19 14:35:00,ECOR
0.9959,0.9959,0.99,0.9957,7727,2021-10-19 14:40:00,ECOR
0.9931,0.9958,0.99,0.9958,6400,2021-10-19 14:45:00,ECOR
0.9958,0.9973,0.9901,0.9901,25757,2021-10-19 14:50:00,ECOR
0.9902,0.9902,0.9831,0.9831,16661,2021-10-19 14:55:00,ECOR
0.9831,0.9956,0.9831,0.9956,3830,2021-10-19 15:00:00,ECOR
0.9922,0.9956,0.983127,0.994,10726,2021-10-19 15:05:00,ECOR
0.993,0.9942,0.9894,0.989601,9856,2021-10-19 15:10:00,ECOR
0.994199,0.9942,0.9895,0.9922,5591,2021-10-19 15:15:00,ECOR
0.9922,0.9922,0.99,0.990099,12517,2021-10-19 15:20:00,ECOR
0.9902,0.991,0.99,0.9903,11306,2021-10-19 15:25:00,ECOR
0.9903,0.9903,0.99,0.9901,6198,2021-10-19 15:30:00,ECOR
0.9901,0.995,0.9901,0.992451,9767,2021-10-19 15:35:00,ECOR
0.9948,0.9949,0.9802,0.9807,47329,2021-10-19 15:40:00,ECOR
0.9803,0.99,0.9701,0.99,34056,2021-10-19 15:45:00,ECOR
0.9893,0.9899,0.972001,0.972001,3045,2021-10-19 15:50:00,ECOR
0.9817,0.9854,0.9703,0.9841,9828,2021-10-19 15:55:00,ECOR
0.9786,0.9928,0.9785,0.9928,10007,2021-10-19 16:00:00,ECOR
0.9888,0.9927,0.9888,0.9888,2450,2021-10-19 16:05:00,ECOR
0.9888,0.9927,0.9888,0.9925,2500,2021-10-19 16:10:00,ECOR
0.9912,0.9925,0.9875,0.99,7376,2021-10-19 16:15:00,ECOR
0.9852,0.9902,0.9852,0.988,10673,2021-10-19 16:20:00,ECOR
0.9912,0.9924,0.9853,0.98875,8500,2021-10-19 16:25:00,ECOR
0.9887,0.9887,0.9887,0.9887,2200,2021-10-19 16:30:00,ECOR
0.9887,0.9923,0.9887,0.9923,2200,2021-10-19 16:35:00,ECOR
0.9923,0.9923,0.9851,0.9851,2629,2021-10-19 16:40:00,ECOR
0.9887,0.9923,0.9887,0.9923,3300,2021-10-19 16:45:00,ECOR
0.9923,0.9923,0.99,0.99,2200,2021-10-19 16:50:00,ECOR
0.98999,0.9924,0.985201,0.9924,6065,2021-10-19 16:55:00,ECOR
0.988,0.9909,0.988,0.9909,4380,2021-10-19 17:00:00,ECOR
0.9855,0.9909,0.9855,0.9909,2400,2021-10-19 17:05:00,ECOR
0.9882,0.9909,0.9882,0.9909,2100,2021-10-19 17:10:00,ECOR
0.9909,0.9909,0.9899,0.9899,2500,2021-10-19 17:15:00,ECOR
0.9899,0.9899,0.9885,0.9885,2500,2021-10-19 17:20:00,ECOR
0.9899,0.99,0.98775,0.98775,2900,2021-10-19 17:25:00,ECOR
0.9899,0.9899,0.9711,0.9711,12603,2021-10-19 17:30:00,ECOR
0.9898,0.9898,0.9898,0.9898,2490,2021-10-19 17:35:00,ECOR
0.9897,0.9897,0.985,0.9897,2371,2021-10-19 17:40:00,ECOR
0.9898,0.9898,0.985,0.9898,4320,2021-10-19 17:45:00,ECOR
0.9897,0.9897,0.9897,0.9897,2200,2021-10-19 17:50:00,ECOR
0.980301,0.9898,0.980301,0.9898,3359,2021-10-19 17:55:00,ECOR
0.9894,0.9931,0.9894,0.9931,9250,2021-10-19 18:00:00,ECOR
0.99105,0.9954,0.99105,0.995,7600,2021-10-19 18:05:00,ECOR
0.995,0.997,0.995,0.997,7319,2021-10-19 18:10:00,ECOR
0.997,1.01,0.995,1.01,38505,2021-10-19 18:15:00,ECOR
1.001,1.01,1.0,1.0099,10600,2021-10-19 18:20:00,ECOR
1.01,1.01,1.005,1.01,7840,2021-10-19 18:25:00,ECOR
1.0035,1.01,1.0,1.01,10406,2021-10-19 18:30:00,ECOR
1.0008,1.0008,1.0008,1.0008,1003,2021-10-19 18:35:00,ECOR
1.008,1.01,1.003,1.008,1100,2021-10-19 18:40:00,ECOR
1.0085,1.0099,1.0035,1.0035,1849,2021-10-19 18:45:00,ECOR
1.0,1.0078,1.0,1.0078,200,2021-10-19 18:50:00,ECOR
1.005,1.01,1.0,1.01,13000,2021-10-19 19:00:00,ECOR
1.008,1.008,1.0,1.0,1186,2021-10-19 19:05:00,ECOR
1.008,1.01,1.008,1.01,200,2021-10-19 19:10:00,ECOR
1.01,1.01,1.0072,1.0072,1387,2021-10-19 19:15:00,ECOR
1.01,1.01,1.0,1.01,21231,2021-10-19 19:20:00,ECOR
1.01,1.01,1.0008,1.0008,7388,2021-10-19 19:25:00,ECOR
1.01,1.01,1.0001,1.01,24300,2021-10-19 19:30:00,ECOR
1.01,1.01,1.0,1.01,17751,2021-10-19 19:35:00,ECOR
1.01,1.01,1.0009,1.0009,2395,2021-10-19 19:40:00,ECOR
1.01,1.01,1.008,1.01,2250,2021-10-19 19:45:00,ECOR
1.01,1.01,1.0,1.0099,5665,2021-10-19 19:50:00,ECOR
1.0,1.01,1.0,1.005,35876,2021-10-19 19:55:00,ECOR
1.01,1.01,1.01,1.01,2627,2021-10-19 20:00:00,ECOR
1.0,1.01,1.0,1.01,6100,2021-10-19 20:05:00,ECOR
1.01,1.01,1.01,1.01,1000,2021-10-19 20:20:00,ECOR
1.01,1.01,1.01,1.01,100,2021-10-19 20:35:00,ECOR
1.01,1.01,1.01,1.01,100,2021-10-19 20:40:00,ECOR
1.0,1.01,1.0,1.01,540,2021-10-19 20:45:00,ECOR
1.01,1.01,1.01,1.01,100,2021-10-19 21:30:00,ECOR
1.0,1.0,1.0,1.0,100,2021-10-19 22:30:00,ECOR
1.0,1.0,1.0,1.0,100,2021-10-19 23:10:00,ECOR
1.0,1.0,1.0,1.0,100,2021-10-20 10:35:00,ECOR
1.02,1.02,1.02,1.02,860,2021-10-20 11:00:00,ECOR
1.01,1.01,1.01,1.01,100,2021-10-20 12:25:00,ECOR
1.02,1.02,1.02,1.02,2432,2021-10-20 13:10:00,ECOR
1.02,1.02,1.01,1.01,5989,2021-10-20 13:15:00,ECOR
1.0,1.01,1.0,1.01,8133,2021-10-20 13:30:00,ECOR
1.0,1.001,0.994,1.0,13756,2021-10-20 13:35:00,ECOR
0.995,0.9977,0.995,0.995,3666,2021-10-20 13:40:00,ECOR
0.992,0.993001,0.9901,0.9901,3687,2021-10-20 13:45:00,ECOR
0.9901,0.9909,0.99,0.9904,5300,2021-10-20 13:50:00,ECOR
0.9904,0.9944,0.9904,0.9914,13678,2021-10-20 13:55:00,ECOR
0.9905,0.9949,0.9905,0.9949,2937,2021-10-20 14:00:00,ECOR
0.9974,0.9999,0.9974,0.9999,630,2021-10-20 14:05:00,ECOR
0.994,0.9942,0.994,0.994101,2449,2021-10-20 14:10:00,ECOR
0.994,0.994501,0.994,0.994501,2191,2021-10-20 14:15:00,ECOR
0.994,0.995,0.994,0.9948,1061,2021-10-20 14:20:00,ECOR
0.995,0.995,0.994201,0.995,16425,2021-10-20 14:25:00,ECOR
0.9949,0.995,0.9945,0.9945,2800,2021-10-20 14:30:00,ECOR
0.9945,0.9949,0.9941,0.9945,2700,2021-10-20 14:35:00,ECOR
0.9945,0.9949,0.9908,0.994099,39354,2021-10-20 14:40:00,ECOR
0.9909,0.9941,0.985,0.9859,26171,2021-10-20 14:45:00,ECOR
0.986799,0.994,0.986799,0.994,5038,2021-10-20 14:50:00,ECOR
0.9926,0.9926,0.9925,0.9926,1763,2021-10-20 14:55:00,ECOR
0.9939,0.9939,0.9926,0.9927,4800,2021-10-20 15:00:00,ECOR
0.9926,0.9926,0.9925,0.9925,348,2021-10-20 15:05:00,ECOR
0.9925,0.9926,0.9913,0.9925,2847,2021-10-20 15:10:00,ECOR
0.99,0.9924,0.9875,0.9924,10071,2021-10-20 15:15:00,ECOR
0.9924,0.9924,0.9886,0.9913,2000,2021-10-20 15:20:00,ECOR
0.9923,0.9923,0.9876,0.9876,2800,2021-10-20 15:25:00,ECOR
0.9876,0.988899,0.9876,0.988899,2189,2021-10-20 15:30:00,ECOR
0.9876,0.989,0.9876,0.9883,900,2021-10-20 15:35:00,ECOR
0.9883,0.9883,0.9883,0.9883,100,2021-10-20 15:40:00,ECOR
0.989,0.9941,0.9883,0.99205,11535,2021-10-20 15:45:00,ECOR
0.9941,0.9941,0.993999,0.993999,2400,2021-10-20 15:50:00,ECOR
0.9941,0.9941,0.994,0.9941,3800,2021-10-20 15:55:00,ECOR
0.9941,0.9941,0.9941,0.9941,500,2021-10-20 16:05:00,ECOR
0.9941,0.9941,0.9941,0.9941,1700,2021-10-20 16:10:00,ECOR
0.993999,0.9941,0.993999,0.9941,689,2021-10-20 16:15:00,ECOR
0.9941,0.9989,0.994,0.998799,3705,2021-10-20 16:25:00,ECOR
0.994101,0.9989,0.9876,0.9989,71664,2021-10-20 16:30:00,ECOR
0.9881,0.9881,0.9881,0.9881,400,2021-10-20 16:35:00,ECOR
0.998,0.998,0.9901,0.9901,780,2021-10-20 16:40:00,ECOR
0.994051,0.997899,0.990946,0.9975,4700,2021-10-20 16:45:00,ECOR
0.998,0.998,0.9902,0.998,5290,2021-10-20 16:50:00,ECOR
0.998,0.998,0.9951,0.996,3200,2021-10-20 16:55:00,ECOR
0.9979,0.998,0.9951,0.998,6015,2021-10-20 17:00:00,ECOR
0.998,0.998,0.998,0.998,100,2021-10-20 17:05:00,ECOR
0.998,0.998,0.9975,0.9975,200,2021-10-20 17:10:00,ECOR
0.9977,0.9989,0.9975,0.9989,13094,2021-10-20 17:15:00,ECOR
0.9986,0.9988,0.9885,0.9975,3575,2021-10-20 17:20:00,ECOR
0.9975,0.9975,0.9975,0.9975,100,2021-10-20 17:25:00,ECOR
0.995,0.998,0.9885,0.998,2130,2021-10-20 17:30:00,ECOR
0.993001,0.993001,0.993001,0.993001,399,2021-10-20 17:35:00,ECOR
0.9927,0.9974,0.988,0.988,27800,2021-10-20 17:40:00,ECOR
0.997399,0.9974,0.9891,0.9974,2194,2021-10-20 17:45:00,ECOR
0.997399,0.9974,0.989,0.989,1200,2021-10-20 17:50:00,ECOR
0.997299,0.9973,0.997299,0.9973,300,2021-10-20 17:55:00,ECOR
0.9973,0.9973,0.9973,0.9973,500,2021-10-20 18:00:00,ECOR
0.9968,0.9968,0.9968,0.9968,100,2021-10-20 18:05:00,ECOR
0.99,0.9968,0.99,0.9968,218,2021-10-20 18:15:00,ECOR
0.99,0.9967,0.9819,0.9819,14903,2021-10-20 18:25:00,ECOR
0.9819,0.982001,0.9819,0.982,11650,2021-10-20 18:30:00,ECOR
0.9949,0.9949,0.9819,0.9822,800,2021-10-20 18:35:00,ECOR
0.9823,0.9823,0.9823,0.9823,10700,2021-10-20 18:40:00,ECOR
0.99,0.99,0.9826,0.9826,5900,2021-10-20 18:45:00,ECOR
0.9833,0.9949,0.9833,0.9949,2600,2021-10-20 18:50:00,ECOR
0.9839,0.9949,0.9839,0.994899,984,2021-10-20 18:55:00,ECOR
0.9839,0.9839,0.9839,0.9839,260,2021-10-20 19:00:00,ECOR
0.9949,0.9949,0.9949,0.9949,100,2021-10-20 19:05:00,ECOR
0.99,0.9949,0.984,0.9883,3400,2021-10-20 19:10:00,ECOR
0.9883,0.9948,0.9862,0.9948,626,2021-10-20 19:15:00,ECOR
0.9948,0.9948,0.984,0.984,5821,2021-10-20 19:20:00,ECOR
0.9841,0.9947,0.9841,0.9923,1600,2021-10-20 19:25:00,ECOR
0.992,0.9921,0.9901,0.9921,1200,2021-10-20 19:30:00,ECOR
0.9946,0.9946,0.9893,0.9893,2301,2021-10-20 19:35:00,ECOR
0.9893,0.9946,0.984,0.9893,1082,2021-10-20 19:40:00,ECOR
0.984,0.9854,0.9839,0.9839,4179,2021-10-20 19:45:00,ECOR
0.9943,0.9943,0.985,0.985,100995,2021-10-20 19:50:00,ECOR
0.9839,0.9943,0.9823,0.9898,16054,2021-10-20 19:55:00,ECOR
0.995,0.995,0.995,0.995,5953,2021-10-20 20:00:00,ECOR
0.9933,0.995,0.9933,0.995,666,2021-10-20 20:40:00,ECOR
0.9949,0.995,0.9949,0.995,2256,2021-10-20 20:55:00,ECOR
1.0,1.0,1.0,1.0,500,2021-10-20 21:05:00,ECOR
0.995,0.995,0.995,0.995,115,2021-10-20 22:40:00,ECOR
0.995,0.995,0.981,0.981,19997,2021-10-20 23:30:00,ECOR
0.994,0.999,0.994,0.999,1000,2021-10-20 23:55:00,ECOR
0.981,0.981,0.9799,0.9799,700,2021-10-21 08:00:00,ECOR
0.995,1.0,0.995,1.0,1487,2021-10-21 11:00:00,ECOR
0.99,0.99,0.99,0.99,1700,2021-10-21 11:55:00,ECOR
0.9888,0.9889,0.9888,0.9889,1200,2021-10-21 12:05:00,ECOR
0.9899,1.0,0.9899,1.0,2279,2021-10-21 12:10:00,ECOR
0.998,0.998,0.99,0.99,800,2021-10-21 12:25:00,ECOR
0.9888,0.9888,0.9888,0.9888,100,2021-10-21 12:35:00,ECOR
0.9888,0.9888,0.9888,0.9888,600,2021-10-21 13:00:00,ECOR
0.9888,0.99,0.9888,0.99,2644,2021-10-21 13:10:00,ECOR
0.9888,0.9899,0.9855,0.9855,9005,2021-10-21 13:30:00,ECOR
0.985,0.990999,0.985,0.990999,400,2021-10-21 13:35:00,ECOR
0.991,0.991,0.9858,0.9858,1584,2021-10-21 13:40:00,ECOR
0.988,0.99,0.9875,0.99,1351,2021-10-21 13:45:00,ECOR
0.99,0.99,0.9899,0.9899,1300,2021-10-21 13:50:00,ECOR
0.9899,0.9909,0.9899,0.9909,3360,2021-10-21 13:55:00,ECOR
0.9887,0.98875,0.9875,0.98875,3892,2021-10-21 14:00:00,ECOR
0.9896,0.9925,0.9896,0.9913,5598,2021-10-21 14:10:00,ECOR
0.9925,0.9925,0.991,0.991,3150,2021-10-21 14:15:00,ECOR
0.991,0.991,0.991,0.991,780,2021-10-21 14:20:00,ECOR
0.9897,0.9909,0.9869,0.9909,4383,2021-10-21 14:30:00,ECOR
0.98835,0.9909,0.9851,0.9909,3280,2021-10-21 14:35:00,ECOR
0.99078,0.99078,0.985,0.985,18900,2021-10-21 14:40:00,ECOR
0.9907,0.9907,0.9856,0.9856,1100,2021-10-21 14:45:00,ECOR
0.9907,0.9907,0.9856,0.9856,2600,2021-10-21 14:50:00,ECOR
0.9856,0.9856,0.985,0.985,4612,2021-10-21 14:55:00,ECOR
0.9851,0.9851,0.985,0.985,9600,2021-10-21 15:00:00,ECOR
0.985099,0.985099,0.981,0.981,13525,2021-10-21 15:05:00,ECOR
0.9811,0.983,0.9811,0.9811,1675,2021-10-21 15:10:00,ECOR
0.9843,0.9843,0.9839,0.9839,964,2021-10-21 15:15:00,ECOR
0.982,0.982,0.9811,0.981201,2200,2021-10-21 15:20:00,ECOR
0.9829,0.9829,0.9811,0.9811,502,2021-10-21 15:25:00,ECOR
0.9824,0.9824,0.981,0.9811,1300,2021-10-21 15:30:00,ECOR
0.981,0.981,0.9729,0.9729,31035,2021-10-21 15:35:00,ECOR
0.971,0.9754,0.971,0.971,10664,2021-10-21 15:40:00,ECOR
0.971,0.971,0.9601,0.9635,131508,2021-10-21 15:45:00,ECOR
0.9645,0.9645,0.963499,0.9645,10958,2021-10-21 15:50:00,ECOR
0.9683,0.9683,0.964,0.965,12616,2021-10-21 15:55:00,ECOR
0.965,0.9651,0.9645,0.9651,5711,2021-10-21 16:00:00,ECOR
0.965,0.9714,0.965,0.97,10374,2021-10-21 16:05:00,ECOR
0.971299,0.9752,0.971299,0.9752,10900,2021-10-21 16:10:00,ECOR
0.970001,0.9752,0.970001,0.975,1334,2021-10-21 16:15:00,ECOR
0.9751,0.9752,0.9717,0.9752,5500,2021-10-21 16:20:00,ECOR
0.9752,0.9752,0.9717,0.9717,8425,2021-10-21 16:25:00,ECOR
0.9733,0.9735,0.9733,0.9735,426,2021-10-21 16:30:00,ECOR
0.9717,0.9717,0.9701,0.9701,7051,2021-10-21 16:35:00,ECOR
0.9702,0.9702,0.9654,0.966,50749,2021-10-21 16:40:00,ECOR
0.9655,0.9667,0.9655,0.9656,2863,2021-10-21 16:45:00,ECOR
0.9656,0.9657,0.9656,0.9657,1250,2021-10-21 16:50:00,ECOR
0.9656,0.9675,0.9656,0.9675,8181,2021-10-21 16:55:00,ECOR
0.9656,0.969799,0.9656,0.9676,3290,2021-10-21 17:00:00,ECOR
0.9674,0.9674,0.9673,0.9674,1325,2021-10-21 17:05:00,ECOR
0.9687,0.9699,0.9673,0.9687,1880,2021-10-21 17:10:00,ECOR
0.969899,0.97,0.9686,0.9699,2416,2021-10-21 17:15:00,ECOR
0.9687,0.97,0.9656,0.9699,6761,2021-10-21 17:20:00,ECOR
0.9698,0.97,0.9698,0.97,1000,2021-10-21 17:25:00,ECOR
0.975,0.975,0.975,0.975,2000,2021-10-21 17:30:00,ECOR
0.970001,0.970001,0.9655,0.9659,28954,2021-10-21 17:35:00,ECOR
0.9657,0.9697,0.9656,0.9697,9710,2021-10-21 17:40:00,ECOR
0.96555,0.9671,0.9654,0.9661,11328,2021-10-21 17:45:00,ECOR
0.966,0.966,0.964001,0.965,12088,2021-10-21 17:50:00,ECOR
0.964899,0.9649,0.963,0.9634,17893,2021-10-21 17:55:00,ECOR
0.9696,0.9696,0.9668,0.9668,5711,2021-10-21 18:00:00,ECOR
0.9696,0.9696,0.967,0.967,1100,2021-10-21 18:05:00,ECOR
0.9671,0.9671,0.9671,0.9671,117,2021-10-21 18:10:00,ECOR
0.967,0.967,0.967,0.967,1000,2021-10-21 18:15:00,ECOR
0.9671,0.9671,0.967,0.967,1600,2021-10-21 18:20:00,ECOR
0.9671,0.9671,0.9668,0.966899,1635,2021-10-21 18:25:00,ECOR
0.967,0.967,0.966899,0.966899,1086,2021-10-21 18:30:00,ECOR
0.9669,0.967,0.9669,0.96695,4200,2021-10-21 18:35:00,ECOR
0.96695,0.967,0.9669,0.9669,14620,2021-10-21 18:40:00,ECOR
0.9669,0.9669,0.9668,0.9669,1350,2021-10-21 18:45:00,ECOR
0.9668,0.9668,0.9668,0.9668,100,2021-10-21 18:50:00,ECOR
0.9668,0.9671,0.9668,0.9671,2330,2021-10-21 18:55:00,ECOR
0.9671,0.9671,0.967,0.9671,1246,2021-10-21 19:00:00,ECOR
0.9671,0.9671,0.967,0.96705,2837,2021-10-21 19:05:00,ECOR
0.967,0.9671,0.967,0.9671,1100,2021-10-21 19:15:00,ECOR
0.9671,0.9671,0.967,0.967,700,2021-10-21 19:20:00,ECOR
0.96705,0.96705,0.967,0.967,274,2021-10-21 19:25:00,ECOR
0.967,0.9671,0.967,0.96705,11541,2021-10-21 19:30:00,ECOR
0.9671,0.9671,0.967,0.9671,1878,2021-10-21 19:35:00,ECOR
0.9671,0.9671,0.966,0.967,39284,2021-10-21 19:40:00,ECOR
0.9669,0.967,0.9626,0.9627,51229,2021-10-21 19:45:00,ECOR
0.9631,0.9631,0.9611,0.9618,48192,2021-10-21 19:50:00,ECOR
0.9618,0.9618,0.9611,0.9617,15487,2021-10-21 19:55:00,ECOR
0.9634,0.9634,0.9634,0.9634,4727,2021-10-21 20:00:00,ECOR
0.975,0.975,0.975,0.975,100,2021-10-21 20:10:00,ECOR
0.9775,0.9789,0.9763,0.9763,1500,2021-10-21 20:20:00,ECOR
0.9763,0.978,0.9738,0.9738,7500,2021-10-21 20:25:00,ECOR
0.965,0.965,0.965,0.965,100,2021-10-21 20:35:00,ECOR
0.9779,0.9779,0.9779,0.9779,100,2021-10-21 21:50:00,ECOR
0.9764,0.9764,0.9764,0.9764,1030,2021-10-21 21:55:00,ECOR
0.97,0.97,0.97,0.97,108,2021-10-21 23:00:00,ECOR
0.978,0.978,0.978,0.978,500,2021-10-21 23:05:00,ECOR
0.97,0.9789,0.97,0.9789,6800,2021-10-21 23:30:00,ECOR
0.97,0.97,0.97,0.97,527,2021-10-22 10:15:00,ECOR
0.97,0.97,0.97,0.97,393,2021-10-22 10:30:00,ECOR
0.975,0.975,0.975,0.975,161,2021-10-22 10:35:00,ECOR
0.9701,0.9701,0.9701,0.9701,599,2021-10-22 11:20:00,ECOR
0.9701,0.9701,0.9701,0.9701,831,2021-10-22 11:40:00,ECOR
0.97,0.97,0.97,0.97,1788,2021-10-22 11:55:00,ECOR
0.9701,0.9701,0.9701,0.9701,1175,2021-10-22 12:00:00,ECOR
0.9701,0.9701,0.97,0.97,2300,2021-10-22 12:20:00,ECOR
0.9759,0.9759,0.9759,0.9759,1000,2021-10-22 12:50:00,ECOR
0.975,0.975,0.975,0.975,500,2021-10-22 12:55:00,ECOR
0.9701,0.975,0.97,0.975,3080,2021-10-22 13:00:00,ECOR
0.97,0.975,0.97,0.97,2600,2021-10-22 13:15:00,ECOR
0.971,0.973,0.9634,0.9714,28969,2021-10-22 13:30:00,ECOR
0.97,0.97,0.965,0.969,14353,2021-10-22 13:35:00,ECOR
0.9697,0.9697,0.9611,0.9628,7470,2021-10-22 13:40:00,ECOR
0.9611,0.962278,0.9549,0.956199,59191,2021-10-22 13:45:00,ECOR
0.9575,0.9575,0.9501,0.9505,61015,2021-10-22 13:50:00,ECOR
0.9505,0.9573,0.9505,0.956651,4134,2021-10-22 13:55:00,ECOR
0.9558,0.9575,0.954,0.9575,4480,2021-10-22 14:00:00,ECOR
0.9574,0.9574,0.9405,0.9405,123787,2021-10-22 14:05:00,ECOR
0.9471,0.9498,0.9415,0.9456,45115,2021-10-22 14:10:00,ECOR
0.9497,0.9497,0.9456,0.9456,16717,2021-10-22 14:15:00,ECOR
0.9457,0.9457,0.9411,0.9429,12888,2021-10-22 14:20:00,ECOR
0.941801,0.9499,0.941801,0.9453,31648,2021-10-22 14:25:00,ECOR
0.9451,0.9451,0.945,0.945,2200,2021-10-22 14:30:00,ECOR
0.9442,0.9442,0.9434,0.9435,27950,2021-10-22 14:35:00,ECOR
0.9435,0.9465,0.9432,0.9446,6520,2021-10-22 14:40:00,ECOR
0.944351,0.9444,0.9432,0.9432,6490,2021-10-22 14:45:00,ECOR
0.9431,0.9431,0.943,0.943,7119,2021-10-22 14:50:00,ECOR
0.943051,0.9431,0.943,0.9431,5642,2021-10-22 14:55:00,ECOR
0.9431,0.9431,0.943,0.94305,11990,2021-10-22 15:00:00,ECOR
0.943,0.9431,0.943,0.943,2951,2021-10-22 15:05:00,ECOR
0.943,0.9431,0.943,0.9431,15497,2021-10-22 15:10:00,ECOR
0.9431,0.9465,0.943,0.94385,21004,2021-10-22 15:15:00,ECOR
0.9447,0.9447,0.943851,0.943851,1592,2021-10-22 15:20:00,ECOR
0.9447,0.9447,0.943,0.9431,17719,2021-10-22 15:25:00,ECOR
0.9431,0.9431,0.943,0.9431,2400,2021-10-22 15:30:00,ECOR
0.943,0.943,0.94,0.9401,20268,2021-10-22 15:35:00,ECOR
0.9402,0.9402,0.94,0.9401,40634,2021-10-22 15:40:00,ECOR
0.9401,0.9401,0.9166,0.9166,190607,2021-10-22 15:45:00,ECOR
0.9166,0.9276,0.915,0.9275,47008,2021-10-22 15:50:00,ECOR
0.9275,0.9276,0.919,0.919,23268,2021-10-22 15:55:00,ECOR
0.9276,0.9276,0.919,0.927599,5922,2021-10-22 16:00:00,ECOR
0.9276,0.9276,0.9253,0.9276,9676,2021-10-22 16:05:00,ECOR
0.92755,0.94,0.9275,0.9367,34447,2021-10-22 16:10:00,ECOR
0.9383,0.9398,0.9367,0.9395,2600,2021-10-22 16:15:00,ECOR
0.9367,0.9367,0.9367,0.9367,2000,2021-10-22 16:20:00,ECOR
0.9381,0.9387,0.9355,0.9355,3591,2021-10-22 16:25:00,ECOR
0.9355,0.9356,0.9353,0.9353,713,2021-10-22 16:30:00,ECOR
0.93,0.93,0.928601,0.929453,500,2021-10-22 16:35:00,ECOR
0.93,0.93,0.9285,0.9286,6570,2021-10-22 16:40:00,ECOR
0.9286,0.9365,0.9285,0.9334,6422,2021-10-22 16:45:00,ECOR
0.9303,0.9366,0.9303,0.9342,953,2021-10-22 16:50:00,ECOR
0.9342,0.9342,0.9302,0.9334,32300,2021-10-22 16:55:00,ECOR
0.9308,0.9327,0.930101,0.9327,3476,2021-10-22 17:00:00,ECOR
0.9315,0.9315,0.931,0.931,1975,2021-10-22 17:05:00,ECOR
0.93105,0.9311,0.93105,0.9311,5000,2021-10-22 17:10:00,ECOR
0.931,0.9311,0.931,0.931,500,2021-10-22 17:15:00,ECOR
0.9311,0.9311,0.931,0.9311,3935,2021-10-22 17:20:00,ECOR
0.9311,0.9311,0.931,0.931,1500,2021-10-22 17:25:00,ECOR
0.931,0.931,0.931,0.931,100,2021-10-22 17:30:00,ECOR
0.931,0.9311,0.931,0.9311,1468,2021-10-22 17:35:00,ECOR
0.931,0.9311,0.931,0.9311,1773,2021-10-22 17:40:00,ECOR
0.9311,0.9311,0.931,0.931,1161,2021-10-22 17:45:00,ECOR
0.9311,0.9316,0.9311,0.9313,900,2021-10-22 17:50:00,ECOR
0.9316,0.9316,0.9316,0.9316,300,2021-10-22 17:55:00,ECOR
0.9311,0.9313,0.931,0.93105,25637,2021-10-22 18:00:00,ECOR
0.9311,0.9311,0.9311,0.9311,600,2021-10-22 18:10:00,ECOR
0.93105,0.9311,0.931,0.931,312,2021-10-22 18:15:00,ECOR
0.93105,0.93105,0.931,0.931,1558,2021-10-22 18:20:00,ECOR
0.931,0.93105,0.931,0.931,2200,2021-10-22 18:25:00,ECOR
0.93105,0.93105,0.93105,0.93105,100,2021-10-22 18:30:00,ECOR
0.9311,0.9312,0.931,0.931,8258,2021-10-22 18:35:00,ECOR
0.931,0.931,0.931,0.931,100,2021-10-22 18:40:00,ECOR
0.931,0.9311,0.931,0.931,16077,2021-10-22 18:45:00,ECOR
0.931,0.93105,0.931,0.93105,817,2021-10-22 18:50:00,ECOR
0.931,0.9311,0.931,0.931,7819,2021-10-22 18:55:00,ECOR
0.93105,0.937,0.931,0.937,46762,2021-10-22 19:00:00,ECOR
0.9376,0.9376,0.9363,0.9363,7000,2021-10-22 19:05:00,ECOR
0.936,0.9361,0.936,0.9361,2100,2021-10-22 19:10:00,ECOR
0.9387,0.9387,0.935,0.935,5375,2021-10-22 19:15:00,ECOR
0.935,0.9351,0.935,0.9351,1207,2021-10-22 19:20:00,ECOR
0.935,0.9375,0.935,0.9375,2429,2021-10-22 19:25:00,ECOR
0.937,0.93715,0.937,0.937,8407,2021-10-22 19:30:00,ECOR
0.937,0.9371,0.937,0.9371,600,2021-10-22 19:35:00,ECOR
0.93705,0.9371,0.937,0.937,11930,2021-10-22 19:40:00,ECOR
0.93705,0.9371,0.937,0.937,13696,2021-10-22 19:45:00,ECOR
0.9371,0.9395,0.937,0.9374,7099,2021-10-22 19:50:00,ECOR
0.937,0.94,0.937,0.9373,26087,2021-10-22 19:55:00,ECOR
0.9372,0.9372,0.9372,0.9372,1212,2021-10-22 20:00:00,ECOR
0.931,0.931,0.931,0.931,700,2021-10-22 20:05:00,ECOR
0.94,0.94,0.94,0.94,300,2021-10-22 21:15:00,ECOR
0.9375,0.9375,0.9375,0.9375,301,2021-10-22 21:25:00,ECOR
0.9424,0.9424,0.9424,0.9424,335,2021-10-22 21:35:00,ECOR
0.94,0.94,0.94,0.94,195,2021-10-22 21:40:00,ECOR
0.94,0.94,0.94,0.94,1200,2021-10-22 21:50:00,ECOR
0.9423,0.9423,0.9423,0.9423,200,2021-10-22 21:55:00,ECOR
0.935,0.935,0.935,0.935,288,2021-10-22 22:20:00,ECOR
0.9399,0.9399,0.9399,0.9399,1000,2021-10-22 23:20:00,ECOR
0.94,0.94,0.94,0.94,500,2021-10-22 23:25:00,ECOR
0.94,0.94,0.94,0.94,300,2021-10-22 23:35:00,ECOR
