open,high,low,close,volume,datetime,symbol
2.22,2.22,2.22,2.22,100,2021-10-11 11:00:00,MREO
2.22,2.22,2.22,2.22,200,2021-10-11 11:10:00,MREO
2.22,2.22,2.22,2.22,500,2021-10-11 12:55:00,MREO
2.22,2.22,2.22,2.22,200,2021-10-11 13:05:00,MREO
2.21,2.22,2.18,2.18,2307,2021-10-11 13:30:00,MREO
2.1914,2.195,2.19,2.19,1934,2021-10-11 13:35:00,MREO
2.2,2.22,2.2,2.22,11648,2021-10-11 13:40:00,MREO
2.22,2.22,2.22,2.22,200,2021-10-11 13:45:00,MREO
2.215,2.215,2.215,2.215,300,2021-10-11 13:50:00,MREO
2.21,2.22,2.21,2.21,2050,2021-10-11 13:55:00,MREO
2.21,2.2167,2.21,2.2167,1299,2021-10-11 14:00:00,MREO
2.21,2.21,2.21,2.21,300,2021-10-11 14:05:00,MREO
2.215,2.22,2.215,2.22,2186,2021-10-11 14:10:00,MREO
2.21,2.235,2.21,2.215,23550,2021-10-11 14:15:00,MREO
2.215,2.215,2.215,2.215,308,2021-10-11 14:20:00,MREO
2.215,2.22,2.21,2.22,5300,2021-10-11 14:25:00,MREO
2.215,2.215,2.215,2.215,200,2021-10-11 14:30:00,MREO
2.2108,2.2118,2.21,2.2118,5000,2021-10-11 14:35:00,MREO
2.21,2.21,2.195,2.205,19689,2021-10-11 14:40:00,MREO
2.2,2.2,2.2,2.2,1170,2021-10-11 14:45:00,MREO
2.195,2.195,2.19,2.19,2859,2021-10-11 14:50:00,MREO
2.19,2.195,2.18,2.185,12888,2021-10-11 14:55:00,MREO
2.1899,2.1899,2.185,2.185,1100,2021-10-11 15:00:00,MREO
2.185,2.185,2.18,2.18,1586,2021-10-11 15:05:00,MREO
2.1899,2.1899,2.1899,2.1899,100,2021-10-11 15:10:00,MREO
2.185,2.195,2.185,2.195,7220,2021-10-11 15:15:00,MREO
2.2,2.2012,2.2,2.2012,2800,2021-10-11 15:20:00,MREO
2.2073,2.215,2.2007,2.215,3675,2021-10-11 15:25:00,MREO
2.2174,2.2174,2.215,2.215,1450,2021-10-11 15:30:00,MREO
2.21,2.2165,2.21,2.21,7600,2021-10-11 15:35:00,MREO
2.2001,2.2001,2.19,2.195,24450,2021-10-11 15:40:00,MREO
2.2,2.2075,2.2,2.2075,1286,2021-10-11 15:45:00,MREO
2.2,2.205,2.2,2.2,2630,2021-10-11 16:00:00,MREO
2.2,2.21,2.2,2.2,850,2021-10-11 16:05:00,MREO
2.2001,2.21,2.2,2.2019,4000,2021-10-11 16:10:00,MREO
2.21,2.21,2.21,2.21,2700,2021-10-11 16:20:00,MREO
2.2022,2.205,2.2,2.2,1503,2021-10-11 16:30:00,MREO
2.2099,2.2099,2.2,2.2,4600,2021-10-11 16:35:00,MREO
2.2078,2.2091,2.2078,2.2091,2300,2021-10-11 16:40:00,MREO
2.201,2.201,2.201,2.201,100,2021-10-11 16:45:00,MREO
2.2099,2.2099,2.19,2.2008,10200,2021-10-11 16:50:00,MREO
2.2,2.2002,2.19,2.195,8161,2021-10-11 16:55:00,MREO
2.191,2.195,2.19,2.19,2500,2021-10-11 17:00:00,MREO
2.19,2.19,2.1899,2.1899,1200,2021-10-11 17:05:00,MREO
2.1886,2.19,2.18,2.19,800,2021-10-11 17:10:00,MREO
2.18,2.18,2.18,2.18,100,2021-10-11 17:15:00,MREO
2.18,2.181,2.17,2.18,3276,2021-10-11 17:20:00,MREO
2.1799,2.18,2.175,2.18,1600,2021-10-11 17:25:00,MREO
2.18,2.18,2.172,2.1787,1710,2021-10-11 17:30:00,MREO
2.18,2.18,2.1723,2.1723,4751,2021-10-11 17:35:00,MREO
2.1799,2.18,2.1795,2.18,850,2021-10-11 17:40:00,MREO
2.18,2.18,2.17,2.17,2487,2021-10-11 17:45:00,MREO
2.1701,2.18,2.1701,2.175,700,2021-10-11 17:50:00,MREO
2.18,2.1884,2.18,2.1884,1200,2021-10-11 17:55:00,MREO
2.1899,2.1899,2.185,2.185,1200,2021-10-11 18:05:00,MREO
2.1899,2.19,2.1899,2.19,1150,2021-10-11 18:10:00,MREO
2.19,2.19,2.1819,2.19,725,2021-10-11 18:15:00,MREO
2.18,2.18,2.18,2.18,1700,2021-10-11 18:20:00,MREO
2.185,2.185,2.185,2.185,100,2021-10-11 18:25:00,MREO
2.185,2.185,2.185,2.185,100,2021-10-11 18:35:00,MREO
2.1899,2.1899,2.18,2.181,1450,2021-10-11 18:40:00,MREO
2.185,2.185,2.185,2.185,200,2021-10-11 18:45:00,MREO
2.185,2.19,2.185,2.1877,525,2021-10-11 18:50:00,MREO
2.185,2.1892,2.185,2.1892,1100,2021-10-11 18:55:00,MREO
2.19,2.19,2.185,2.185,2300,2021-10-11 19:00:00,MREO
2.185,2.185,2.18,2.18,1600,2021-10-11 19:05:00,MREO
2.185,2.185,2.18,2.18,5900,2021-10-11 19:15:00,MREO
2.1882,2.1882,2.18,2.1801,2546,2021-10-11 19:25:00,MREO
2.1799,2.1799,2.17,2.17,6950,2021-10-11 19:30:00,MREO
2.175,2.175,2.17,2.175,2700,2021-10-11 19:35:00,MREO
2.1782,2.1782,2.13,2.1372,75895,2021-10-11 19:40:00,MREO
2.1383,2.14,2.1,2.135,89485,2021-10-11 19:45:00,MREO
2.14,2.1499,2.12,2.125,42878,2021-10-11 19:50:00,MREO
2.13,2.13,2.1,2.1,103779,2021-10-11 19:55:00,MREO
2.11,2.11,2.11,2.11,2175,2021-10-11 20:00:00,MREO
2.11,2.11,2.11,2.11,575,2021-10-11 20:10:00,MREO
2.11,2.11,2.11,2.11,300,2021-10-11 21:55:00,MREO
2.11,2.11,2.11,2.11,1646,2021-10-11 23:20:00,MREO
2.15,2.15,2.15,2.15,100,2021-10-12 11:40:00,MREO
2.15,2.15,2.15,2.15,100,2021-10-12 11:45:00,MREO
2.24,2.25,2.24,2.25,4200,2021-10-12 12:05:00,MREO
2.1999,2.1999,2.1999,2.1999,200,2021-10-12 12:35:00,MREO
2.14,2.14,2.14,2.14,452,2021-10-12 13:20:00,MREO
2.13,2.13,2.1,2.12,3349,2021-10-12 13:30:00,MREO
2.14,2.17,2.14,2.1501,31293,2021-10-12 13:35:00,MREO
2.155,2.1699,2.15,2.15,13624,2021-10-12 13:40:00,MREO
2.1411,2.155,2.141,2.155,17110,2021-10-12 13:45:00,MREO
2.155,2.17,2.1501,2.1501,4452,2021-10-12 13:50:00,MREO
2.1599,2.16,2.1599,2.16,700,2021-10-12 13:55:00,MREO
2.15,2.165,2.15,2.165,4760,2021-10-12 14:00:00,MREO
2.165,2.17,2.145,2.15,13500,2021-10-12 14:05:00,MREO
2.15,2.15,2.14,2.145,3400,2021-10-12 14:10:00,MREO
2.15,2.15,2.13,2.13,2220,2021-10-12 14:15:00,MREO
2.13,2.135,2.11,2.13,16798,2021-10-12 14:20:00,MREO
2.13,2.1499,2.13,2.1499,7352,2021-10-12 14:25:00,MREO
2.14,2.16,2.14,2.16,13000,2021-10-12 14:30:00,MREO
2.15,2.155,2.15,2.155,1202,2021-10-12 14:35:00,MREO
2.16,2.17,2.15,2.15,19105,2021-10-12 14:40:00,MREO
2.14,2.155,2.14,2.155,4956,2021-10-12 14:45:00,MREO
2.16,2.16,2.155,2.155,1660,2021-10-12 14:50:00,MREO
2.165,2.23,2.15,2.2,233879,2021-10-12 14:55:00,MREO
2.2,2.24,2.19,2.2088,134164,2021-10-12 15:00:00,MREO
2.2084,2.218,2.2,2.21,7125,2021-10-12 15:05:00,MREO
2.21,2.2199,2.195,2.2177,20448,2021-10-12 15:10:00,MREO
2.21,2.2194,2.2,2.215,14519,2021-10-12 15:15:00,MREO
2.2118,2.22,2.2118,2.22,3708,2021-10-12 15:20:00,MREO
2.225,2.23,2.21,2.212,40700,2021-10-12 15:25:00,MREO
2.21,2.21,2.21,2.21,300,2021-10-12 15:30:00,MREO
2.21,2.22,2.21,2.22,11137,2021-10-12 15:35:00,MREO
2.2106,2.215,2.21,2.215,20400,2021-10-12 15:40:00,MREO
2.2172,2.22,2.21,2.22,1300,2021-10-12 15:45:00,MREO
2.21,2.22,2.21,2.22,12550,2021-10-12 15:50:00,MREO
2.22,2.22,2.22,2.22,4840,2021-10-12 15:55:00,MREO
2.22,2.225,2.22,2.22,13177,2021-10-12 16:00:00,MREO
2.2189,2.22,2.2189,2.22,2600,2021-10-12 16:05:00,MREO
2.2127,2.217,2.21,2.2165,2305,2021-10-12 16:10:00,MREO
2.22,2.22,2.21,2.2186,36348,2021-10-12 16:15:00,MREO
2.22,2.22,2.21,2.21,600,2021-10-12 16:20:00,MREO
2.21,2.2182,2.21,2.2182,2290,2021-10-12 16:30:00,MREO
2.217,2.217,2.215,2.215,300,2021-10-12 16:35:00,MREO
2.215,2.215,2.215,2.215,409,2021-10-12 16:40:00,MREO
2.2178,2.2178,2.21,2.215,1000,2021-10-12 16:45:00,MREO
2.21,2.215,2.21,2.215,500,2021-10-12 16:50:00,MREO
2.21,2.2158,2.21,2.2158,1000,2021-10-12 16:55:00,MREO
2.22,2.22,2.215,2.2198,29142,2021-10-12 17:00:00,MREO
2.2197,2.2197,2.21,2.21,8116,2021-10-12 17:05:00,MREO
2.215,2.2179,2.21,2.2179,900,2021-10-12 17:10:00,MREO
2.2169,2.2178,2.2101,2.2101,9600,2021-10-12 17:15:00,MREO
2.215,2.215,2.21,2.21,800,2021-10-12 17:20:00,MREO
2.21,2.2199,2.21,2.2199,350,2021-10-12 17:25:00,MREO
2.215,2.215,2.21,2.21,11000,2021-10-12 17:30:00,MREO
2.21,2.2123,2.21,2.2123,500,2021-10-12 17:40:00,MREO
2.215,2.2199,2.21,2.2199,6000,2021-10-12 17:45:00,MREO
2.215,2.215,2.21,2.21,3860,2021-10-12 17:50:00,MREO
2.21,2.215,2.21,2.21,5280,2021-10-12 17:55:00,MREO
2.2101,2.2101,2.2101,2.2101,500,2021-10-12 18:00:00,MREO
2.215,2.23,2.21,2.225,23110,2021-10-12 18:05:00,MREO
2.23,2.23,2.225,2.225,23344,2021-10-12 18:10:00,MREO
2.2299,2.2299,2.22,2.22,1625,2021-10-12 18:15:00,MREO
2.225,2.2257,2.22,2.22,800,2021-10-12 18:20:00,MREO
2.2201,2.2241,2.22,2.2219,7216,2021-10-12 18:25:00,MREO
2.23,2.23,2.22,2.22,8480,2021-10-12 18:30:00,MREO
2.2209,2.2209,2.22,2.22,2118,2021-10-12 18:35:00,MREO
2.225,2.225,2.225,2.225,100,2021-10-12 18:40:00,MREO
2.225,2.225,2.22,2.225,4470,2021-10-12 18:50:00,MREO
2.2217,2.225,2.21,2.21,72869,2021-10-12 18:55:00,MREO
2.215,2.215,2.21,2.215,300,2021-10-12 19:00:00,MREO
2.21,2.2176,2.21,2.215,7250,2021-10-12 19:05:00,MREO
2.215,2.215,2.21,2.21,200,2021-10-12 19:10:00,MREO
2.215,2.215,2.2,2.21,39999,2021-10-12 19:15:00,MREO
2.205,2.205,2.2,2.2,600,2021-10-12 19:20:00,MREO
2.2005,2.21,2.2,2.21,950,2021-10-12 19:25:00,MREO
2.205,2.21,2.205,2.21,950,2021-10-12 19:30:00,MREO
2.205,2.2062,2.2,2.205,1200,2021-10-12 19:35:00,MREO
2.205,2.2072,2.2,2.201,1900,2021-10-12 19:40:00,MREO
2.205,2.21,2.2,2.21,1925,2021-10-12 19:45:00,MREO
2.205,2.205,2.2,2.2,1400,2021-10-12 19:50:00,MREO
2.2001,2.2081,2.19,2.2,25525,2021-10-12 19:55:00,MREO
2.2,2.2,2.2,2.2,1771,2021-10-12 20:00:00,MREO
2.2399,2.2399,2.2399,2.2399,100,2021-10-12 20:10:00,MREO
2.24,2.24,2.24,2.24,177,2021-10-12 20:30:00,MREO
2.2,2.2,2.2,2.2,12113,2021-10-12 20:35:00,MREO
2.2,2.2,2.2,2.2,100,2021-10-12 21:55:00,MREO
2.18,2.18,2.18,2.18,500,2021-10-12 23:30:00,MREO
2.17,2.17,2.17,2.17,127,2021-10-13 12:30:00,MREO
2.2,2.22,2.1955,2.201,5128,2021-10-13 13:30:00,MREO
2.2131,2.2131,2.2131,2.2131,500,2021-10-13 13:35:00,MREO
2.22,2.22,2.22,2.22,1620,2021-10-13 13:40:00,MREO
2.2,2.2101,2.19,2.205,10353,2021-10-13 13:45:00,MREO
2.19,2.2,2.18,2.18,2800,2021-10-13 13:50:00,MREO
2.2,2.2,2.18,2.1978,3753,2021-10-13 13:55:00,MREO
2.19,2.2,2.18,2.2,2200,2021-10-13 14:00:00,MREO
2.2199,2.2199,2.2199,2.2199,10002,2021-10-13 14:05:00,MREO
2.21,2.21,2.2,2.2,200,2021-10-13 14:10:00,MREO
2.2099,2.2099,2.2,2.2,2930,2021-10-13 14:15:00,MREO
2.2,2.22,2.2,2.22,1938,2021-10-13 14:20:00,MREO
2.2196,2.2196,2.2196,2.2196,400,2021-10-13 14:25:00,MREO
2.22,2.22,2.22,2.22,300,2021-10-13 14:35:00,MREO
2.23,2.24,2.23,2.235,11196,2021-10-13 14:40:00,MREO
2.24,2.24,2.24,2.24,100,2021-10-13 14:45:00,MREO
2.235,2.235,2.22,2.22,5746,2021-10-13 14:50:00,MREO
2.22,2.22,2.22,2.22,300,2021-10-13 14:55:00,MREO
2.22,2.22,2.22,2.22,1500,2021-10-13 15:00:00,MREO
2.23,2.2372,2.23,2.235,10660,2021-10-13 15:05:00,MREO
2.2373,2.24,2.2373,2.24,1000,2021-10-13 15:10:00,MREO
2.24,2.24,2.23,2.23,1800,2021-10-13 15:15:00,MREO
2.231,2.231,2.23,2.23,1700,2021-10-13 15:20:00,MREO
2.22,2.23,2.22,2.225,58250,2021-10-13 15:25:00,MREO
2.21,2.21,2.21,2.21,1200,2021-10-13 15:30:00,MREO
2.21,2.21,2.21,2.21,1400,2021-10-13 15:35:00,MREO
2.21,2.2179,2.205,2.2179,2000,2021-10-13 15:40:00,MREO
2.2177,2.2177,2.2177,2.2177,100,2021-10-13 15:45:00,MREO
2.2116,2.2116,2.21,2.21,500,2021-10-13 15:50:00,MREO
2.2177,2.22,2.21,2.215,1800,2021-10-13 15:55:00,MREO
2.21,2.21,2.21,2.21,800,2021-10-13 16:05:00,MREO
2.215,2.215,2.215,2.215,100,2021-10-13 16:10:00,MREO
2.21,2.215,2.21,2.215,1100,2021-10-13 16:15:00,MREO
2.215,2.215,2.2,2.2,1050,2021-10-13 16:20:00,MREO
2.21,2.2171,2.21,2.2171,200,2021-10-13 16:25:00,MREO
2.21,2.21,2.2,2.2,500,2021-10-13 16:30:00,MREO
2.2,2.2,2.2,2.2,400,2021-10-13 16:35:00,MREO
2.205,2.205,2.2,2.2,300,2021-10-13 16:40:00,MREO
2.21,2.21,2.2,2.205,1300,2021-10-13 16:45:00,MREO
2.21,2.2175,2.205,2.2175,3685,2021-10-13 16:50:00,MREO
2.215,2.2177,2.215,2.215,900,2021-10-13 17:00:00,MREO
2.21,2.22,2.21,2.2158,3200,2021-10-13 17:10:00,MREO
2.215,2.215,2.215,2.215,200,2021-10-13 17:15:00,MREO
2.215,2.22,2.21,2.21,900,2021-10-13 17:20:00,MREO
2.22,2.22,2.215,2.215,4700,2021-10-13 17:30:00,MREO
2.215,2.215,2.215,2.215,100,2021-10-13 17:35:00,MREO
2.21,2.2196,2.21,2.215,4900,2021-10-13 17:40:00,MREO
2.21,2.215,2.21,2.215,200,2021-10-13 17:45:00,MREO
2.21,2.21,2.21,2.21,100,2021-10-13 17:50:00,MREO
2.22,2.22,2.22,2.22,100,2021-10-13 17:55:00,MREO
2.21,2.23,2.21,2.23,2200,2021-10-13 18:00:00,MREO
2.22,2.22,2.21,2.215,16300,2021-10-13 18:05:00,MREO
2.215,2.215,2.215,2.215,200,2021-10-13 18:10:00,MREO
2.215,2.22,2.2108,2.22,5000,2021-10-13 18:15:00,MREO
2.215,2.215,2.21,2.21,200,2021-10-13 18:20:00,MREO
2.21,2.211,2.2,2.2,9800,2021-10-13 18:25:00,MREO
2.205,2.205,2.2,2.2,200,2021-10-13 18:30:00,MREO
2.2,2.2099,2.2,2.2,5000,2021-10-13 18:35:00,MREO
2.2,2.2,2.2,2.2,100,2021-10-13 18:40:00,MREO
2.2,2.21,2.2,2.2,400,2021-10-13 18:45:00,MREO
2.205,2.22,2.2012,2.215,27750,2021-10-13 18:50:00,MREO
2.22,2.23,2.215,2.22,9150,2021-10-13 18:55:00,MREO
2.21,2.2299,2.21,2.225,6200,2021-10-13 19:00:00,MREO
2.225,2.23,2.22,2.22,3102,2021-10-13 19:05:00,MREO
2.22,2.2299,2.22,2.22,25193,2021-10-13 19:10:00,MREO
2.225,2.23,2.225,2.225,1991,2021-10-13 19:15:00,MREO
2.23,2.23,2.22,2.22,11500,2021-10-13 19:20:00,MREO
2.2218,2.225,2.21,2.21,4700,2021-10-13 19:25:00,MREO
2.21,2.24,2.21,2.225,14992,2021-10-13 19:30:00,MREO
2.22,2.225,2.22,2.22,10995,2021-10-13 19:35:00,MREO
2.2227,2.2277,2.22,2.2277,2648,2021-10-13 19:40:00,MREO
2.22,2.2262,2.22,2.22,800,2021-10-13 19:45:00,MREO
2.22,2.22,2.22,2.22,2200,2021-10-13 19:50:00,MREO
2.225,2.23,2.21,2.21,69546,2021-10-13 19:55:00,MREO
2.22,2.22,2.22,2.22,655,2021-10-13 20:00:00,MREO
2.22,2.22,2.22,2.22,500,2021-10-13 20:55:00,MREO
2.25,2.2661,2.23,2.243,2541,2021-10-14 13:30:00,MREO
2.25,2.26,2.25,2.2599,2700,2021-10-14 13:35:00,MREO
2.25,2.26,2.24,2.2521,11305,2021-10-14 13:40:00,MREO
2.255,2.2559,2.25,2.25,10796,2021-10-14 13:45:00,MREO
2.25,2.26,2.2493,2.25,8500,2021-10-14 13:50:00,MREO
2.26,2.265,2.24,2.265,569,2021-10-14 13:55:00,MREO
2.265,2.27,2.265,2.27,4600,2021-10-14 14:00:00,MREO
2.27,2.27,2.26,2.265,884,2021-10-14 14:05:00,MREO
2.2662,2.27,2.2662,2.27,12565,2021-10-14 14:10:00,MREO
2.27,2.2799,2.27,2.2708,2592,2021-10-14 14:15:00,MREO
2.27,2.2766,2.2501,2.27,23793,2021-10-14 14:20:00,MREO
2.2608,2.28,2.2608,2.27,4462,2021-10-14 14:25:00,MREO
2.28,2.28,2.27,2.27,1200,2021-10-14 14:30:00,MREO
2.2773,2.28,2.27,2.275,4300,2021-10-14 14:35:00,MREO
2.272,2.275,2.272,2.275,850,2021-10-14 14:40:00,MREO
2.275,2.28,2.27,2.28,10816,2021-10-14 14:50:00,MREO
2.275,2.28,2.275,2.28,500,2021-10-14 14:55:00,MREO
2.28,2.28,2.2799,2.28,500,2021-10-14 15:00:00,MREO
2.2785,2.28,2.2702,2.275,7550,2021-10-14 15:05:00,MREO
2.275,2.28,2.27,2.28,7498,2021-10-14 15:10:00,MREO
2.27,2.27,2.26,2.2699,21793,2021-10-14 15:15:00,MREO
2.2699,2.27,2.2691,2.2699,2111,2021-10-14 15:20:00,MREO
2.265,2.27,2.2616,2.2616,5955,2021-10-14 15:30:00,MREO
2.27,2.27,2.26,2.26,1424,2021-10-14 15:35:00,MREO
2.27,2.27,2.27,2.27,1000,2021-10-14 15:40:00,MREO
2.2699,2.2699,2.2699,2.2699,236,2021-10-14 15:45:00,MREO
2.2611,2.27,2.2601,2.27,6715,2021-10-14 15:50:00,MREO
2.26,2.28,2.26,2.261,7755,2021-10-14 15:55:00,MREO
2.28,2.28,2.28,2.28,100,2021-10-14 16:00:00,MREO
2.28,2.28,2.28,2.28,100,2021-10-14 16:05:00,MREO
2.27,2.27,2.2612,2.2612,1200,2021-10-14 16:10:00,MREO
2.2757,2.28,2.27,2.27,1895,2021-10-14 16:15:00,MREO
2.27,2.27,2.265,2.265,708,2021-10-14 16:20:00,MREO
2.2605,2.27,2.2597,2.2641,19234,2021-10-14 16:25:00,MREO
2.265,2.27,2.26,2.2684,13900,2021-10-14 16:35:00,MREO
2.265,2.27,2.265,2.265,1500,2021-10-14 16:40:00,MREO
2.26,2.27,2.26,2.27,5526,2021-10-14 16:45:00,MREO
2.27,2.27,2.27,2.27,500,2021-10-14 16:50:00,MREO
2.2672,2.27,2.2672,2.27,8600,2021-10-14 16:55:00,MREO
2.27,2.28,2.27,2.28,1801,2021-10-14 17:00:00,MREO
2.27,2.27,2.26,2.27,1700,2021-10-14 17:05:00,MREO
2.2677,2.2677,2.2655,2.2655,1500,2021-10-14 17:10:00,MREO
2.26,2.26,2.26,2.26,5000,2021-10-14 17:15:00,MREO
2.2501,2.2529,2.2501,2.2529,500,2021-10-14 17:20:00,MREO
2.26,2.26,2.2577,2.2577,570,2021-10-14 17:25:00,MREO
2.255,2.265,2.255,2.265,3800,2021-10-14 17:30:00,MREO
2.27,2.27,2.26,2.26,750,2021-10-14 17:35:00,MREO
2.265,2.27,2.26,2.27,500,2021-10-14 17:40:00,MREO
2.265,2.265,2.26,2.26,1300,2021-10-14 17:50:00,MREO
2.27,2.27,2.27,2.27,200,2021-10-14 18:05:00,MREO
2.265,2.265,2.26,2.265,2600,2021-10-14 18:10:00,MREO
2.27,2.27,2.27,2.27,400,2021-10-14 18:20:00,MREO
2.26,2.26,2.26,2.26,600,2021-10-14 18:25:00,MREO
2.265,2.265,2.26,2.26,2672,2021-10-14 18:30:00,MREO
2.255,2.255,2.25,2.25,3610,2021-10-14 18:35:00,MREO
2.255,2.255,2.25,2.25,219,2021-10-14 18:40:00,MREO
2.255,2.255,2.245,2.25,1748,2021-10-14 18:45:00,MREO
2.25,2.25,2.225,2.23,23487,2021-10-14 18:50:00,MREO
2.24,2.25,2.22,2.22,7250,2021-10-14 18:55:00,MREO
2.22,2.22,2.22,2.22,300,2021-10-14 19:00:00,MREO
2.25,2.25,2.23,2.24,2900,2021-10-14 19:05:00,MREO
2.235,2.235,2.235,2.235,200,2021-10-14 19:10:00,MREO
2.2377,2.2399,2.235,2.235,2800,2021-10-14 19:15:00,MREO
2.2301,2.24,2.2301,2.235,5650,2021-10-14 19:20:00,MREO
2.235,2.24,2.235,2.235,3600,2021-10-14 19:25:00,MREO
2.235,2.24,2.235,2.24,1996,2021-10-14 19:30:00,MREO
2.235,2.235,2.235,2.235,600,2021-10-14 19:35:00,MREO
2.235,2.24,2.235,2.24,5600,2021-10-14 19:40:00,MREO
2.235,2.24,2.2343,2.24,17400,2021-10-14 19:45:00,MREO
2.24,2.25,2.24,2.25,9201,2021-10-14 19:50:00,MREO
2.25,2.25,2.24,2.245,8913,2021-10-14 19:55:00,MREO
2.25,2.25,2.25,2.25,3784,2021-10-14 20:00:00,MREO
2.24,2.24,2.24,2.24,100,2021-10-14 21:05:00,MREO
2.24,2.24,2.24,2.24,2988,2021-10-14 22:10:00,MREO
2.25,2.25,2.2,2.2,300,2021-10-15 12:15:00,MREO
2.25,2.25,2.25,2.25,500,2021-10-15 12:25:00,MREO
2.25,2.25,2.25,2.25,100,2021-10-15 12:35:00,MREO
2.26,2.28,2.25,2.25,7125,2021-10-15 13:30:00,MREO
2.2499,2.2499,2.2417,2.2499,1300,2021-10-15 13:35:00,MREO
2.25,2.26,2.235,2.255,10199,2021-10-15 13:40:00,MREO
2.255,2.26,2.23,2.23,11227,2021-10-15 13:45:00,MREO
2.2319,2.24,2.2319,2.24,239,2021-10-15 13:50:00,MREO
2.2301,2.24,2.2301,2.233,9891,2021-10-15 13:55:00,MREO
2.23,2.24,2.23,2.23,14397,2021-10-15 14:00:00,MREO
2.23,2.24,2.23,2.2308,5573,2021-10-15 14:05:00,MREO
2.235,2.24,2.23,2.23,11052,2021-10-15 14:10:00,MREO
2.23,2.23,2.225,2.225,3650,2021-10-15 14:15:00,MREO
2.225,2.23,2.21,2.22,14056,2021-10-15 14:20:00,MREO
2.22,2.23,2.21,2.23,18137,2021-10-15 14:25:00,MREO
2.225,2.225,2.21,2.21,17907,2021-10-15 14:30:00,MREO
2.205,2.21,2.2,2.21,20334,2021-10-15 14:35:00,MREO
2.205,2.22,2.205,2.215,4300,2021-10-15 14:40:00,MREO
2.2178,2.2178,2.215,2.215,400,2021-10-15 14:45:00,MREO
2.21,2.21,2.19,2.1981,12304,2021-10-15 14:50:00,MREO
2.2,2.2,2.19,2.195,10847,2021-10-15 14:55:00,MREO
2.19,2.195,2.185,2.185,11323,2021-10-15 15:00:00,MREO
2.18,2.19,2.175,2.18,15691,2021-10-15 15:05:00,MREO
2.18,2.18,2.17,2.17,5450,2021-10-15 15:10:00,MREO
2.17,2.18,2.17,2.175,14900,2021-10-15 15:15:00,MREO
2.17,2.18,2.15,2.16,11003,2021-10-15 15:20:00,MREO
2.16,2.17,2.1598,2.17,10242,2021-10-15 15:25:00,MREO
2.17,2.19,2.17,2.19,26466,2021-10-15 15:30:00,MREO
2.185,2.19,2.18,2.18,2170,2021-10-15 15:35:00,MREO
2.175,2.175,2.17,2.17,4656,2021-10-15 15:40:00,MREO
2.17,2.17,2.16,2.17,8390,2021-10-15 15:45:00,MREO
2.165,2.165,2.16,2.16,2400,2021-10-15 15:50:00,MREO
2.16,2.1617,2.16,2.16,6807,2021-10-15 15:55:00,MREO
2.16,2.16,2.153,2.16,8800,2021-10-15 16:00:00,MREO
2.1592,2.16,2.15,2.15,5007,2021-10-15 16:05:00,MREO
2.155,2.16,2.15,2.16,11350,2021-10-15 16:10:00,MREO
2.155,2.16,2.15,2.155,6550,2021-10-15 16:15:00,MREO
2.1501,2.17,2.15,2.155,45977,2021-10-15 16:20:00,MREO
2.155,2.155,2.155,2.155,8400,2021-10-15 16:25:00,MREO
2.16,2.17,2.155,2.165,7032,2021-10-15 16:30:00,MREO
2.165,2.17,2.16,2.16,4100,2021-10-15 16:35:00,MREO
2.16,2.17,2.16,2.16,4800,2021-10-15 16:40:00,MREO
2.16,2.17,2.16,2.165,17294,2021-10-15 16:45:00,MREO
2.165,2.17,2.1601,2.165,6724,2021-10-15 16:50:00,MREO
2.165,2.165,2.16,2.1634,5055,2021-10-15 16:55:00,MREO
2.16,2.17,2.16,2.17,6900,2021-10-15 17:00:00,MREO
2.165,2.18,2.165,2.165,10953,2021-10-15 17:05:00,MREO
2.175,2.18,2.175,2.175,4037,2021-10-15 17:10:00,MREO
2.175,2.18,2.175,2.175,2339,2021-10-15 17:15:00,MREO
2.18,2.18,2.16,2.16,2400,2021-10-15 17:20:00,MREO
2.16,2.17,2.16,2.17,13900,2021-10-15 17:25:00,MREO
2.165,2.17,2.16,2.165,2629,2021-10-15 17:30:00,MREO
2.16,2.17,2.16,2.165,3194,2021-10-15 17:35:00,MREO
2.165,2.165,2.16,2.165,2306,2021-10-15 17:40:00,MREO
2.16,2.17,2.155,2.165,18248,2021-10-15 17:45:00,MREO
2.17,2.2,2.165,2.2,31657,2021-10-15 17:50:00,MREO
2.195,2.195,2.19,2.195,800,2021-10-15 17:55:00,MREO
2.195,2.195,2.18,2.19,1400,2021-10-15 18:00:00,MREO
2.1861,2.19,2.185,2.185,828,2021-10-15 18:05:00,MREO
2.18,2.19,2.17,2.175,4846,2021-10-15 18:10:00,MREO
2.175,2.1776,2.175,2.175,900,2021-10-15 18:15:00,MREO
2.175,2.18,2.175,2.175,2000,2021-10-15 18:20:00,MREO
2.175,2.18,2.17,2.17,2700,2021-10-15 18:25:00,MREO
2.165,2.17,2.16,2.16,2600,2021-10-15 18:30:00,MREO
2.165,2.17,2.16,2.16,3201,2021-10-15 18:35:00,MREO
2.165,2.17,2.16,2.165,6900,2021-10-15 18:40:00,MREO
2.16,2.17,2.16,2.16,5300,2021-10-15 18:45:00,MREO
2.16,2.165,2.14,2.155,42232,2021-10-15 18:50:00,MREO
2.155,2.16,2.1522,2.155,2529,2021-10-15 18:55:00,MREO
2.155,2.16,2.15,2.15,5600,2021-10-15 19:00:00,MREO
2.15,2.16,2.15,2.15,2450,2021-10-15 19:05:00,MREO
2.15,2.16,2.15,2.155,31634,2021-10-15 19:10:00,MREO
2.155,2.16,2.155,2.155,3562,2021-10-15 19:15:00,MREO
2.155,2.16,2.15,2.155,11200,2021-10-15 19:20:00,MREO
2.155,2.17,2.155,2.165,14300,2021-10-15 19:25:00,MREO
2.165,2.17,2.165,2.165,5001,2021-10-15 19:30:00,MREO
2.17,2.17,2.16,2.165,7400,2021-10-15 19:35:00,MREO
2.165,2.17,2.165,2.165,4000,2021-10-15 19:40:00,MREO
2.165,2.18,2.16,2.18,18702,2021-10-15 19:45:00,MREO
2.175,2.18,2.17,2.18,22105,2021-10-15 19:50:00,MREO
2.175,2.19,2.17,2.18,63670,2021-10-15 19:55:00,MREO
2.18,2.18,2.18,2.18,203,2021-10-15 20:00:00,MREO
2.32,2.32,2.32,2.32,1000,2021-10-15 23:15:00,MREO
2.18,2.18,2.15,2.169,7827,2021-10-18 13:30:00,MREO
2.16,2.17,2.15,2.15,12282,2021-10-18 13:35:00,MREO
2.1594,2.1594,2.1594,2.1594,100,2021-10-18 13:40:00,MREO
2.16,2.16,2.15,2.1591,5600,2021-10-18 13:45:00,MREO
2.155,2.1599,2.14,2.145,25851,2021-10-18 13:50:00,MREO
2.1499,2.151,2.14,2.151,11068,2021-10-18 13:55:00,MREO
2.155,2.1599,2.15,2.15,3018,2021-10-18 14:00:00,MREO
2.1571,2.1677,2.15,2.1587,11507,2021-10-18 14:05:00,MREO
2.1592,2.16,2.155,2.155,10158,2021-10-18 14:10:00,MREO
2.16,2.1601,2.16,2.1601,4700,2021-10-18 14:15:00,MREO
2.1676,2.1676,2.1676,2.1676,500,2021-10-18 14:25:00,MREO
2.165,2.165,2.16,2.16,803,2021-10-18 14:30:00,MREO
2.16,2.16,2.16,2.16,204,2021-10-18 14:35:00,MREO
2.155,2.155,2.152,2.152,300,2021-10-18 14:40:00,MREO
2.155,2.159,2.155,2.159,2400,2021-10-18 14:50:00,MREO
2.1583,2.1583,2.1583,2.1583,100,2021-10-18 14:55:00,MREO
2.16,2.165,2.16,2.165,2694,2021-10-18 15:05:00,MREO
2.163,2.163,2.16,2.16,2528,2021-10-18 15:25:00,MREO
2.17,2.17,2.165,2.165,5100,2021-10-18 15:30:00,MREO
2.165,2.1699,2.165,2.1678,1000,2021-10-18 15:35:00,MREO
2.163,2.1699,2.1601,2.1699,5200,2021-10-18 15:40:00,MREO
2.165,2.165,2.165,2.165,200,2021-10-18 15:45:00,MREO
2.17,2.17,2.165,2.165,6548,2021-10-18 15:55:00,MREO
2.165,2.165,2.16,2.1617,2009,2021-10-18 16:00:00,MREO
2.167,2.167,2.165,2.165,250,2021-10-18 16:05:00,MREO
2.165,2.165,2.165,2.165,100,2021-10-18 16:10:00,MREO
2.1699,2.1699,2.16,2.16,600,2021-10-18 16:20:00,MREO
2.16,2.16,2.155,2.155,1900,2021-10-18 16:25:00,MREO
2.16,2.16,2.155,2.16,2718,2021-10-18 16:30:00,MREO
2.1601,2.1601,2.1601,2.1601,1000,2021-10-18 16:35:00,MREO
2.16,2.165,2.16,2.165,1677,2021-10-18 16:40:00,MREO
2.167,2.167,2.167,2.167,100,2021-10-18 16:45:00,MREO
2.16,2.16,2.16,2.16,700,2021-10-18 16:55:00,MREO
2.155,2.1599,2.15,2.15,3887,2021-10-18 17:00:00,MREO
2.1566,2.1566,2.1566,2.1566,350,2021-10-18 17:05:00,MREO
2.16,2.165,2.16,2.165,1880,2021-10-18 17:10:00,MREO
2.1679,2.1679,2.165,2.165,412,2021-10-18 17:25:00,MREO
2.165,2.165,2.16,2.16,1400,2021-10-18 17:30:00,MREO
2.165,2.167,2.165,2.167,1500,2021-10-18 17:35:00,MREO
2.17,2.17,2.165,2.169,4300,2021-10-18 17:45:00,MREO
2.165,2.165,2.165,2.165,130,2021-10-18 17:50:00,MREO
2.1616,2.1617,2.1616,2.1617,650,2021-10-18 17:55:00,MREO
2.165,2.165,2.165,2.165,100,2021-10-18 18:10:00,MREO
2.165,2.165,2.16,2.16,600,2021-10-18 18:15:00,MREO
2.167,2.167,2.16,2.16,6895,2021-10-18 18:20:00,MREO
2.1669,2.1669,2.1669,2.1669,200,2021-10-18 18:30:00,MREO
2.165,2.165,2.16,2.16,850,2021-10-18 18:35:00,MREO
2.1638,2.1638,2.1638,2.1638,500,2021-10-18 18:45:00,MREO
2.165,2.165,2.16,2.16,2200,2021-10-18 18:50:00,MREO
2.16,2.16,2.15,2.155,27819,2021-10-18 18:55:00,MREO
2.155,2.16,2.1501,2.1599,5602,2021-10-18 19:00:00,MREO
2.16,2.16,2.155,2.155,1000,2021-10-18 19:05:00,MREO
2.155,2.16,2.1501,2.155,3042,2021-10-18 19:10:00,MREO
2.155,2.155,2.1503,2.1503,700,2021-10-18 19:15:00,MREO
2.16,2.16,2.15,2.16,10500,2021-10-18 19:20:00,MREO
2.16,2.16,2.155,2.1599,4300,2021-10-18 19:25:00,MREO
2.1599,2.165,2.1599,2.165,7282,2021-10-18 19:30:00,MREO
2.165,2.17,2.165,2.17,536,2021-10-18 19:35:00,MREO
2.1605,2.165,2.16,2.16,5000,2021-10-18 19:40:00,MREO
2.157,2.1574,2.1508,2.155,800,2021-10-18 19:45:00,MREO
2.16,2.165,2.155,2.165,11291,2021-10-18 19:50:00,MREO
2.16,2.165,2.15,2.155,9528,2021-10-18 19:55:00,MREO
2.17,2.17,2.17,2.17,1763,2021-10-18 20:00:00,MREO
2.15,2.15,2.15,2.15,2500,2021-10-18 23:30:00,MREO
2.12,2.12,2.12,2.12,300,2021-10-19 13:20:00,MREO
2.17,2.17,2.1578,2.17,19651,2021-10-19 13:30:00,MREO
2.18,2.1813,2.17,2.1793,4200,2021-10-19 13:35:00,MREO
2.175,2.19,2.175,2.19,3950,2021-10-19 13:45:00,MREO
2.185,2.21,2.185,2.21,43291,2021-10-19 13:50:00,MREO
2.2,2.205,2.19,2.19,1953,2021-10-19 13:55:00,MREO
2.2,2.2,2.17,2.18,23120,2021-10-19 14:00:00,MREO
2.18,2.19,2.18,2.185,5700,2021-10-19 14:05:00,MREO
2.18,2.19,2.18,2.18,1200,2021-10-19 14:10:00,MREO
2.175,2.175,2.175,2.175,100,2021-10-19 14:15:00,MREO
2.17,2.18,2.16,2.18,14261,2021-10-19 14:20:00,MREO
2.175,2.175,2.175,2.175,100,2021-10-19 14:25:00,MREO
2.17,2.17,2.16,2.17,3900,2021-10-19 14:30:00,MREO
2.16,2.16,2.16,2.16,400,2021-10-19 14:35:00,MREO
2.16,2.16,2.16,2.16,5900,2021-10-19 14:40:00,MREO
2.16,2.16,2.16,2.16,100,2021-10-19 14:45:00,MREO
2.16,2.16,2.16,2.16,100,2021-10-19 14:50:00,MREO
2.1601,2.165,2.1601,2.165,700,2021-10-19 15:00:00,MREO
2.165,2.17,2.1601,2.17,3887,2021-10-19 15:05:00,MREO
2.1699,2.17,2.1699,2.17,5700,2021-10-19 15:10:00,MREO
2.1616,2.17,2.1616,2.17,2700,2021-10-19 15:20:00,MREO
2.17,2.17,2.169,2.17,1570,2021-10-19 15:25:00,MREO
2.165,2.17,2.165,2.17,1100,2021-10-19 15:30:00,MREO
2.1691,2.18,2.1691,2.18,6901,2021-10-19 15:40:00,MREO
2.1782,2.18,2.175,2.18,950,2021-10-19 15:50:00,MREO
2.1701,2.1701,2.1701,2.1701,151,2021-10-19 15:55:00,MREO
2.18,2.18,2.18,2.18,300,2021-10-19 16:00:00,MREO
2.175,2.18,2.17,2.18,4200,2021-10-19 16:05:00,MREO
2.1787,2.19,2.1787,2.19,5880,2021-10-19 16:10:00,MREO
2.1822,2.185,2.1822,2.185,541,2021-10-19 16:15:00,MREO
2.1801,2.19,2.1801,2.19,400,2021-10-19 16:20:00,MREO
2.19,2.19,2.19,2.19,300,2021-10-19 16:25:00,MREO
2.185,2.19,2.18,2.19,5848,2021-10-19 16:40:00,MREO
2.18,2.19,2.18,2.19,1750,2021-10-19 16:45:00,MREO
2.1899,2.1899,2.1899,2.1899,500,2021-10-19 16:50:00,MREO
2.185,2.19,2.18,2.19,4375,2021-10-19 17:00:00,MREO
2.1818,2.19,2.1818,2.19,700,2021-10-19 17:05:00,MREO
2.185,2.19,2.1812,2.19,6100,2021-10-19 17:15:00,MREO
2.19,2.19,2.19,2.19,100,2021-10-19 17:25:00,MREO
2.181,2.2,2.181,2.2,2966,2021-10-19 17:30:00,MREO
2.2,2.2,2.2,2.2,100,2021-10-19 17:35:00,MREO
2.1999,2.2,2.195,2.2,8700,2021-10-19 17:40:00,MREO
2.195,2.2,2.19,2.19,977,2021-10-19 17:45:00,MREO
2.1977,2.2,2.195,2.2,2500,2021-10-19 17:55:00,MREO
2.2,2.2,2.1945,2.2,3600,2021-10-19 18:05:00,MREO
2.195,2.195,2.195,2.195,200,2021-10-19 18:20:00,MREO
2.195,2.2,2.19,2.19,4384,2021-10-19 18:25:00,MREO
2.19,2.2,2.19,2.2,6436,2021-10-19 18:30:00,MREO
2.1976,2.2,2.1976,2.2,200,2021-10-19 18:35:00,MREO
2.1901,2.1901,2.1901,2.1901,306,2021-10-19 18:40:00,MREO
2.1955,2.2,2.1955,2.2,2100,2021-10-19 18:45:00,MREO
2.195,2.2,2.195,2.195,7208,2021-10-19 18:55:00,MREO
2.195,2.2,2.191,2.2,1498,2021-10-19 19:10:00,MREO
2.1922,2.2,2.19,2.2,2246,2021-10-19 19:15:00,MREO
2.195,2.2,2.195,2.2,6902,2021-10-19 19:20:00,MREO
2.195,2.2,2.191,2.195,1100,2021-10-19 19:30:00,MREO
2.19,2.2,2.19,2.19,28216,2021-10-19 19:35:00,MREO
2.19,2.2,2.19,2.1914,713,2021-10-19 19:40:00,MREO
2.195,2.2,2.19,2.195,5630,2021-10-19 19:45:00,MREO
2.18,2.19,2.17,2.18,16984,2021-10-19 19:55:00,MREO
2.18,2.21,2.18,2.21,700,2021-10-19 20:00:00,MREO
2.18,2.19,2.18,2.18,2662,2021-10-20 13:30:00,MREO
2.18,2.18,2.1701,2.1701,6725,2021-10-20 13:35:00,MREO
2.1701,2.1777,2.1701,2.1777,300,2021-10-20 13:40:00,MREO
2.17,2.17,2.17,2.17,102,2021-10-20 13:45:00,MREO
2.1799,2.18,2.17,2.18,1712,2021-10-20 13:50:00,MREO
2.1799,2.19,2.1799,2.19,5600,2021-10-20 13:55:00,MREO
2.185,2.2,2.185,2.2,5527,2021-10-20 14:05:00,MREO
2.192,2.192,2.192,2.192,100,2021-10-20 14:15:00,MREO
2.195,2.2,2.195,2.2,200,2021-10-20 14:20:00,MREO
2.2,2.2,2.2,2.2,100,2021-10-20 14:30:00,MREO
2.1956,2.21,2.195,2.2,10269,2021-10-20 14:35:00,MREO
2.19,2.2,2.19,2.2,1234,2021-10-20 14:45:00,MREO
2.195,2.2,2.195,2.195,900,2021-10-20 14:50:00,MREO
2.2,2.2,2.18,2.18,1400,2021-10-20 14:55:00,MREO
2.185,2.19,2.185,2.19,1425,2021-10-20 15:05:00,MREO
2.18,2.19,2.18,2.19,1735,2021-10-20 15:10:00,MREO
2.182,2.19,2.18,2.19,7400,2021-10-20 15:20:00,MREO
2.18,2.19,2.18,2.19,3700,2021-10-20 15:25:00,MREO
2.185,2.19,2.185,2.19,400,2021-10-20 15:30:00,MREO
2.1825,2.19,2.1825,2.19,4900,2021-10-20 15:35:00,MREO
2.19,2.19,2.19,2.19,3000,2021-10-20 15:40:00,MREO
2.1898,2.2,2.1898,2.2,7518,2021-10-20 15:45:00,MREO
2.194,2.2,2.194,2.195,500,2021-10-20 15:50:00,MREO
2.195,2.195,2.195,2.195,1600,2021-10-20 15:55:00,MREO
2.1904,2.2,2.1904,2.195,1000,2021-10-20 16:05:00,MREO
2.19,2.19,2.155,2.155,46827,2021-10-20 16:10:00,MREO
2.155,2.16,2.15,2.16,800,2021-10-20 16:15:00,MREO
2.165,2.165,2.15,2.15,20740,2021-10-20 16:20:00,MREO
2.14,2.15,2.14,2.15,30281,2021-10-20 16:25:00,MREO
2.16,2.16,2.15,2.16,6131,2021-10-20 16:35:00,MREO
2.1583,2.1583,2.1583,2.1583,140,2021-10-20 16:45:00,MREO
2.1547,2.16,2.1547,2.16,305,2021-10-20 16:50:00,MREO
2.1585,2.16,2.15,2.155,1600,2021-10-20 16:55:00,MREO
2.16,2.16,2.15,2.15,1195,2021-10-20 17:00:00,MREO
2.15,2.15,2.145,2.15,300,2021-10-20 17:05:00,MREO
2.1484,2.1484,2.1484,2.1484,320,2021-10-20 17:10:00,MREO
2.145,2.145,2.14,2.14,200,2021-10-20 17:15:00,MREO
2.14,2.14,2.1386,2.14,2850,2021-10-20 17:20:00,MREO
2.142,2.15,2.14,2.15,350,2021-10-20 17:25:00,MREO
2.145,2.145,2.14,2.14,500,2021-10-20 17:30:00,MREO
2.145,2.155,2.145,2.15,3400,2021-10-20 17:35:00,MREO
2.1478,2.148,2.145,2.148,350,2021-10-20 17:45:00,MREO
2.1499,2.15,2.1499,2.15,2300,2021-10-20 17:50:00,MREO
2.1492,2.16,2.1484,2.155,3100,2021-10-20 17:55:00,MREO
2.155,2.155,2.1524,2.1524,300,2021-10-20 18:00:00,MREO
2.16,2.16,2.15,2.15,500,2021-10-20 18:05:00,MREO
2.1587,2.16,2.15,2.151,3100,2021-10-20 18:10:00,MREO
2.151,2.155,2.151,2.155,800,2021-10-20 18:40:00,MREO
2.155,2.155,2.155,2.155,200,2021-10-20 18:45:00,MREO
2.1504,2.16,2.15,2.16,7856,2021-10-20 18:50:00,MREO
2.155,2.155,2.155,2.155,100,2021-10-20 18:55:00,MREO
2.16,2.16,2.16,2.16,300,2021-10-20 19:00:00,MREO
2.15,2.16,2.15,2.16,439,2021-10-20 19:05:00,MREO
2.155,2.16,2.15,2.16,2300,2021-10-20 19:10:00,MREO
2.15,2.16,2.15,2.16,526,2021-10-20 19:15:00,MREO
2.15,2.15,2.15,2.15,254,2021-10-20 19:20:00,MREO
2.15,2.16,2.14,2.15,4515,2021-10-20 19:25:00,MREO
2.145,2.15,2.14,2.15,3345,2021-10-20 19:30:00,MREO
2.145,2.145,2.14,2.14,463,2021-10-20 19:40:00,MREO
2.14,2.15,2.14,2.14,1810,2021-10-20 19:45:00,MREO
2.15,2.15,2.14,2.15,700,2021-10-20 19:50:00,MREO
2.145,2.15,2.135,2.15,6583,2021-10-20 19:55:00,MREO
2.15,2.15,2.15,2.15,3027,2021-10-20 20:00:00,MREO
2.19,2.19,2.19,2.19,200,2021-10-20 21:55:00,MREO
2.13,2.13,2.13,2.13,600,2021-10-21 12:55:00,MREO
2.13,2.145,2.13,2.145,9665,2021-10-21 13:30:00,MREO
2.15,2.15,2.145,2.15,6147,2021-10-21 13:35:00,MREO
2.145,2.16,2.145,2.15,7300,2021-10-21 13:45:00,MREO
2.15,2.15,2.15,2.15,200,2021-10-21 13:50:00,MREO
2.15,2.15,2.14,2.15,3985,2021-10-21 13:55:00,MREO
2.155,2.16,2.155,2.16,1042,2021-10-21 14:00:00,MREO
2.151,2.17,2.151,2.17,951,2021-10-21 14:05:00,MREO
2.1699,2.18,2.16,2.17,9517,2021-10-21 14:10:00,MREO
2.16,2.18,2.16,2.18,38900,2021-10-21 14:15:00,MREO
2.18,2.18,2.175,2.175,1200,2021-10-21 14:20:00,MREO
2.17,2.17,2.17,2.17,200,2021-10-21 14:25:00,MREO
2.18,2.18,2.1799,2.18,1425,2021-10-21 14:30:00,MREO
2.175,2.18,2.175,2.18,500,2021-10-21 14:40:00,MREO
2.175,2.18,2.175,2.18,1700,2021-10-21 14:45:00,MREO
2.1701,2.18,2.17,2.17,1859,2021-10-21 14:50:00,MREO
2.18,2.18,2.17,2.17,5680,2021-10-21 14:55:00,MREO
2.175,2.175,2.175,2.175,200,2021-10-21 15:10:00,MREO
2.1799,2.18,2.1799,2.18,6117,2021-10-21 15:15:00,MREO
2.175,2.18,2.175,2.18,6089,2021-10-21 15:20:00,MREO
2.185,2.19,2.18,2.18,6934,2021-10-21 15:25:00,MREO
2.18,2.18,2.18,2.18,900,2021-10-21 15:30:00,MREO
2.1718,2.18,2.1718,2.18,1400,2021-10-21 15:35:00,MREO
2.175,2.18,2.175,2.18,1213,2021-10-21 15:40:00,MREO
2.1777,2.18,2.17,2.17,1522,2021-10-21 15:45:00,MREO
2.18,2.18,2.175,2.18,6872,2021-10-21 15:50:00,MREO
2.18,2.18,2.18,2.18,200,2021-10-21 16:00:00,MREO
2.18,2.18,2.18,2.18,200,2021-10-21 16:05:00,MREO
2.18,2.18,2.1799,2.18,1300,2021-10-21 16:10:00,MREO
2.18,2.18,2.175,2.18,900,2021-10-21 16:15:00,MREO
2.18,2.18,2.1787,2.1787,325,2021-10-21 16:35:00,MREO
2.1728,2.18,2.17,2.18,1400,2021-10-21 16:40:00,MREO
2.175,2.175,2.17,2.17,6400,2021-10-21 16:45:00,MREO
2.175,2.19,2.175,2.18,13361,2021-10-21 16:50:00,MREO
2.1801,2.2,2.18,2.2,22036,2021-10-21 16:55:00,MREO
2.195,2.2,2.195,2.2,6014,2021-10-21 17:00:00,MREO
2.19,2.2,2.19,2.1999,7497,2021-10-21 17:05:00,MREO
2.1984,2.2,2.1925,2.2,1904,2021-10-21 17:10:00,MREO
2.1984,2.1984,2.1971,2.1971,200,2021-10-21 17:15:00,MREO
2.1985,2.1985,2.1985,2.1985,200,2021-10-21 17:20:00,MREO
2.19,2.2,2.19,2.195,540,2021-10-21 17:25:00,MREO
2.195,2.195,2.19,2.19,900,2021-10-21 17:30:00,MREO
2.19,2.2,2.19,2.2,1000,2021-10-21 17:35:00,MREO
2.195,2.195,2.19,2.19,200,2021-10-21 17:40:00,MREO
2.195,2.195,2.19,2.19,602,2021-10-21 17:45:00,MREO
2.19,2.19,2.19,2.19,200,2021-10-21 17:50:00,MREO
2.1901,2.2,2.19,2.2,1665,2021-10-21 17:55:00,MREO
2.1999,2.2,2.195,2.2,8823,2021-10-21 18:00:00,MREO
2.195,2.195,2.19,2.19,873,2021-10-21 18:10:00,MREO
2.2,2.2,2.19,2.19,3288,2021-10-21 18:15:00,MREO
2.19,2.2,2.19,2.2,4101,2021-10-21 18:20:00,MREO
2.195,2.2,2.19,2.19,12074,2021-10-21 18:25:00,MREO
2.1999,2.2,2.1999,2.2,2401,2021-10-21 18:30:00,MREO
2.1975,2.2,2.19,2.2,2605,2021-10-21 18:35:00,MREO
2.195,2.1999,2.195,2.195,2028,2021-10-21 18:40:00,MREO
2.1999,2.1999,2.19,2.19,470,2021-10-21 18:45:00,MREO
2.2,2.2,2.1901,2.2,833,2021-10-21 18:50:00,MREO
2.19,2.2,2.19,2.2,622,2021-10-21 18:55:00,MREO
2.195,2.2,2.195,2.2,550,2021-10-21 19:00:00,MREO
2.19,2.2,2.19,2.2,900,2021-10-21 19:05:00,MREO
2.195,2.2,2.195,2.195,2900,2021-10-21 19:10:00,MREO
2.195,2.2,2.195,2.2,46699,2021-10-21 19:15:00,MREO
2.19,2.195,2.19,2.195,600,2021-10-21 19:20:00,MREO
2.1934,2.2,2.19,2.19,8014,2021-10-21 19:25:00,MREO
2.1921,2.2,2.1921,2.2,600,2021-10-21 19:30:00,MREO
2.195,2.2,2.19,2.19,600,2021-10-21 19:35:00,MREO
2.195,2.2,2.19,2.19,1100,2021-10-21 19:40:00,MREO
2.1984,2.1984,2.18,2.18,1389,2021-10-21 19:45:00,MREO
2.185,2.185,2.185,2.185,700,2021-10-21 19:50:00,MREO
2.186,2.19,2.17,2.18,10314,2021-10-21 19:55:00,MREO
2.17,2.17,2.17,2.17,2252,2021-10-21 20:00:00,MREO
2.15,2.15,2.15,2.15,500,2021-10-21 22:00:00,MREO
2.14,2.14,2.14,2.14,100,2021-10-21 22:20:00,MREO
2.14,2.14,2.14,2.14,400,2021-10-21 22:30:00,MREO
2.12,2.12,2.12,2.12,100,2021-10-22 10:50:00,MREO
2.14,2.14,2.14,2.14,100,2021-10-22 11:00:00,MREO
2.17,2.17,2.16,2.16,500,2021-10-22 13:00:00,MREO
2.17,2.17,2.08,2.12,58278,2021-10-22 13:30:00,MREO
2.13,2.13,2.11,2.12,19090,2021-10-22 13:35:00,MREO
2.12,2.12,2.08,2.0938,28434,2021-10-22 13:40:00,MREO
2.0899,2.11,2.0801,2.11,16931,2021-10-22 13:45:00,MREO
2.105,2.11,2.1,2.11,11775,2021-10-22 13:50:00,MREO
2.11,2.14,2.11,2.135,34144,2021-10-22 13:55:00,MREO
2.13,2.13,2.1101,2.115,5500,2021-10-22 14:00:00,MREO
2.112,2.13,2.112,2.13,18283,2021-10-22 14:05:00,MREO
2.13,2.14,2.13,2.14,485,2021-10-22 14:10:00,MREO
2.135,2.15,2.135,2.15,10613,2021-10-22 14:15:00,MREO
2.15,2.16,2.15,2.16,1150,2021-10-22 14:20:00,MREO
2.15,2.16,2.145,2.145,17990,2021-10-22 14:25:00,MREO
2.145,2.15,2.14,2.1478,1800,2021-10-22 14:30:00,MREO
2.15,2.15,2.15,2.15,600,2021-10-22 14:35:00,MREO
2.145,2.145,2.145,2.145,200,2021-10-22 14:40:00,MREO
2.1405,2.15,2.14,2.15,3660,2021-10-22 14:45:00,MREO
2.143,2.15,2.143,2.15,800,2021-10-22 14:50:00,MREO
2.145,2.145,2.145,2.145,200,2021-10-22 14:55:00,MREO
2.146,2.15,2.146,2.15,1100,2021-10-22 15:00:00,MREO
2.14,2.15,2.14,2.14,400,2021-10-22 15:05:00,MREO
2.14,2.15,2.14,2.14,529,2021-10-22 15:10:00,MREO
2.14,2.14,2.1354,2.14,6200,2021-10-22 15:15:00,MREO
2.13,2.14,2.13,2.14,11450,2021-10-22 15:20:00,MREO
2.133,2.133,2.133,2.133,100,2021-10-22 15:25:00,MREO
2.13,2.13,2.13,2.13,4036,2021-10-22 15:30:00,MREO
2.125,2.13,2.125,2.13,2439,2021-10-22 15:35:00,MREO
2.13,2.13,2.12,2.12,400,2021-10-22 15:40:00,MREO
2.12,2.13,2.12,2.12,600,2021-10-22 15:45:00,MREO
2.12,2.13,2.12,2.125,4200,2021-10-22 15:50:00,MREO
2.12,2.13,2.115,2.13,5196,2021-10-22 15:55:00,MREO
2.12,2.12,2.11,2.11,2100,2021-10-22 16:00:00,MREO
2.11,2.12,2.11,2.11,700,2021-10-22 16:05:00,MREO
2.115,2.14,2.11,2.135,16684,2021-10-22 16:10:00,MREO
2.14,2.14,2.13,2.14,4600,2021-10-22 16:15:00,MREO
2.13,2.14,2.13,2.13,600,2021-10-22 16:20:00,MREO
2.13,2.14,2.13,2.13,1100,2021-10-22 16:25:00,MREO
2.14,2.14,2.13,2.13,1250,2021-10-22 16:30:00,MREO
2.13,2.14,2.13,2.13,1100,2021-10-22 16:35:00,MREO
2.13,2.14,2.13,2.13,4344,2021-10-22 16:40:00,MREO
2.14,2.14,2.13,2.14,1600,2021-10-22 16:45:00,MREO
2.135,2.14,2.13,2.13,800,2021-10-22 16:50:00,MREO
2.13,2.14,2.13,2.13,800,2021-10-22 16:55:00,MREO
2.13,2.13,2.12,2.12,900,2021-10-22 17:00:00,MREO
2.12,2.13,2.12,2.13,1000,2021-10-22 17:05:00,MREO
2.1284,2.14,2.1284,2.14,2491,2021-10-22 17:10:00,MREO
2.135,2.14,2.13,2.13,800,2021-10-22 17:15:00,MREO
2.14,2.14,2.13,2.13,5186,2021-10-22 17:20:00,MREO
2.13,2.14,2.13,2.13,3300,2021-10-22 17:25:00,MREO
2.13,2.15,2.12,2.15,17895,2021-10-22 17:30:00,MREO
2.145,2.15,2.14,2.15,2200,2021-10-22 17:35:00,MREO
2.145,2.15,2.14,2.15,3008,2021-10-22 17:40:00,MREO
2.145,2.15,2.14,2.14,1100,2021-10-22 17:45:00,MREO
2.14,2.15,2.14,2.145,900,2021-10-22 17:50:00,MREO
2.145,2.15,2.145,2.15,4576,2021-10-22 17:55:00,MREO
2.145,2.15,2.145,2.15,2800,2021-10-22 18:00:00,MREO
2.1415,2.15,2.1415,2.15,5053,2021-10-22 18:05:00,MREO
2.15,2.15,2.14,2.15,2825,2021-10-22 18:10:00,MREO
2.145,2.15,2.145,2.145,5600,2021-10-22 18:15:00,MREO
2.145,2.15,2.145,2.145,5830,2021-10-22 18:20:00,MREO
2.14,2.15,2.14,2.145,1325,2021-10-22 18:25:00,MREO
2.145,2.15,2.145,2.15,5600,2021-10-22 18:30:00,MREO
2.15,2.16,2.1478,2.15,12607,2021-10-22 18:35:00,MREO
2.145,2.145,2.145,2.145,100,2021-10-22 18:40:00,MREO
2.145,2.145,2.14,2.14,400,2021-10-22 18:45:00,MREO
2.14,2.15,2.14,2.15,300,2021-10-22 18:50:00,MREO
2.145,2.15,2.145,2.15,3550,2021-10-22 18:55:00,MREO
2.145,2.15,2.14,2.14,1809,2021-10-22 19:00:00,MREO
2.15,2.15,2.1409,2.15,7100,2021-10-22 19:05:00,MREO
2.145,2.15,2.145,2.145,500,2021-10-22 19:10:00,MREO
2.15,2.15,2.145,2.145,3500,2021-10-22 19:15:00,MREO
2.145,2.15,2.1401,2.1459,1700,2021-10-22 19:20:00,MREO
2.14,2.15,2.14,2.15,1330,2021-10-22 19:25:00,MREO
2.145,2.15,2.145,2.145,2700,2021-10-22 19:30:00,MREO
2.145,2.16,2.14,2.155,12740,2021-10-22 19:35:00,MREO
2.16,2.17,2.15,2.16,35509,2021-10-22 19:40:00,MREO
2.155,2.16,2.15,2.155,13022,2021-10-22 19:45:00,MREO
2.155,2.155,2.14,2.145,18866,2021-10-22 19:50:00,MREO
2.145,2.16,2.14,2.15,21930,2021-10-22 19:55:00,MREO
2.15,2.15,2.15,2.15,352,2021-10-22 20:00:00,MREO
2.13,2.13,2.13,2.13,1500,2021-10-22 20:15:00,MREO
