open,high,low,close,volume,datetime,symbol
28.91,28.91,28.5,28.7,3150,2021-10-11 13:30:00,RCKT
28.75,28.75,28.57,28.57,300,2021-10-11 13:35:00,RCKT
28.5,28.715,28.5,28.715,400,2021-10-11 13:40:00,RCKT
28.58,28.58,28.43,28.43,400,2021-10-11 13:45:00,RCKT
28.77,28.77,28.72,28.75,1204,2021-10-11 13:50:00,RCKT
28.75,28.77,28.72,28.75,1277,2021-10-11 13:55:00,RCKT
28.75,28.78,28.7184,28.78,604,2021-10-11 14:00:00,RCKT
28.78,28.785,28.78,28.78,400,2021-10-11 14:05:00,RCKT
28.845,28.85,28.84,28.845,1066,2021-10-11 14:10:00,RCKT
28.855,28.865,28.79,28.865,300,2021-10-11 14:15:00,RCKT
28.885,28.94,28.885,28.94,200,2021-10-11 14:20:00,RCKT
28.94,29.0,28.94,29.0,200,2021-10-11 14:25:00,RCKT
29.09,29.135,29.06,29.135,1616,2021-10-11 14:30:00,RCKT
29.17,29.17,29.12,29.12,400,2021-10-11 14:35:00,RCKT
29.08,29.125,29.08,29.12,400,2021-10-11 14:40:00,RCKT
29.09,29.09,28.975,28.975,900,2021-10-11 14:45:00,RCKT
28.95,29.055,28.95,29.03,1300,2021-10-11 14:50:00,RCKT
29.025,29.06,29.025,29.04,1019,2021-10-11 14:55:00,RCKT
29.025,29.025,28.87,28.915,1448,2021-10-11 15:00:00,RCKT
28.92,28.92,28.88,28.88,200,2021-10-11 15:05:00,RCKT
28.895,28.895,28.895,28.895,134,2021-10-11 15:10:00,RCKT
28.89,28.89,28.82,28.82,500,2021-10-11 15:15:00,RCKT
28.865,28.865,28.76,28.76,500,2021-10-11 15:20:00,RCKT
28.825,28.89,28.82,28.85,913,2021-10-11 15:25:00,RCKT
28.85,28.895,28.845,28.85,2443,2021-10-11 15:30:00,RCKT
28.855,28.855,28.855,28.855,200,2021-10-11 15:35:00,RCKT
28.855,28.855,28.855,28.855,200,2021-10-11 15:40:00,RCKT
28.83,28.83,28.8,28.81,715,2021-10-11 15:45:00,RCKT
28.81,28.83,28.77,28.805,1500,2021-10-11 15:50:00,RCKT
28.82,28.875,28.81,28.87,865,2021-10-11 15:55:00,RCKT
28.86,28.86,28.84,28.84,300,2021-10-11 16:00:00,RCKT
28.87,28.88,28.865,28.87,400,2021-10-11 16:05:00,RCKT
28.865,28.865,28.83,28.83,300,2021-10-11 16:10:00,RCKT
28.85,28.87,28.85,28.87,600,2021-10-11 16:15:00,RCKT
28.88,28.95,28.88,28.94,1650,2021-10-11 16:20:00,RCKT
28.92,28.95,28.92,28.93,1850,2021-10-11 16:25:00,RCKT
28.97,29.015,28.96,28.995,2795,2021-10-11 16:30:00,RCKT
28.97,28.97,28.945,28.945,600,2021-10-11 16:35:00,RCKT
28.91,28.96,28.91,28.96,1128,2021-10-11 16:40:00,RCKT
28.95,28.97,28.94,28.94,1100,2021-10-11 16:45:00,RCKT
28.91,28.91,28.89,28.89,600,2021-10-11 16:50:00,RCKT
28.885,28.885,28.885,28.885,100,2021-10-11 16:55:00,RCKT
28.875,28.875,28.875,28.875,100,2021-10-11 17:00:00,RCKT
28.765,28.765,28.655,28.655,201,2021-10-11 17:05:00,RCKT
28.7,28.705,28.7,28.705,520,2021-10-11 17:10:00,RCKT
28.67,28.76,28.67,28.76,500,2021-10-11 17:15:00,RCKT
28.755,28.755,28.755,28.755,100,2021-10-11 17:25:00,RCKT
28.77,28.77,28.77,28.77,299,2021-10-11 17:30:00,RCKT
28.8,28.8,28.8,28.8,200,2021-10-11 17:35:00,RCKT
28.805,28.825,28.79,28.825,400,2021-10-11 17:40:00,RCKT
28.85,28.85,28.77,28.77,900,2021-10-11 17:45:00,RCKT
28.82,28.83,28.82,28.83,200,2021-10-11 17:50:00,RCKT
28.875,28.89,28.875,28.89,200,2021-10-11 17:55:00,RCKT
28.88,28.91,28.85,28.91,863,2021-10-11 18:00:00,RCKT
28.91,28.91,28.91,28.91,100,2021-10-11 18:05:00,RCKT
28.94,29.0825,28.94,29.08,675,2021-10-11 18:10:00,RCKT
29.045,29.045,29.045,29.045,100,2021-10-11 18:15:00,RCKT
29.01,29.02,28.96,28.96,700,2021-10-11 18:20:00,RCKT
28.97,28.97,28.94,28.965,1325,2021-10-11 18:25:00,RCKT
28.97,28.99,28.91,28.91,2475,2021-10-11 18:30:00,RCKT
28.9,28.92,28.9,28.91,334,2021-10-11 18:35:00,RCKT
28.9,28.91,28.882,28.882,1157,2021-10-11 18:40:00,RCKT
28.87,28.888,28.8497,28.88,886,2021-10-11 18:45:00,RCKT
28.935,28.935,28.9075,28.93,1200,2021-10-11 18:50:00,RCKT
28.93,28.93,28.71,28.85,4702,2021-10-11 18:55:00,RCKT
28.905,28.91,28.9,28.9,2182,2021-10-11 19:00:00,RCKT
28.88,28.9,28.805,28.805,729,2021-10-11 19:05:00,RCKT
28.79,28.81,28.79,28.81,200,2021-10-11 19:10:00,RCKT
28.79,28.79,28.75,28.75,300,2021-10-11 19:15:00,RCKT
28.72,28.72,28.67,28.67,500,2021-10-11 19:20:00,RCKT
28.74,28.74,28.69,28.69,722,2021-10-11 19:25:00,RCKT
28.67,28.73,28.67,28.73,800,2021-10-11 19:30:00,RCKT
28.66,28.66,28.62,28.64,647,2021-10-11 19:35:00,RCKT
28.65,28.65,28.59,28.59,400,2021-10-11 19:40:00,RCKT
28.61,28.625,28.59,28.61,829,2021-10-11 19:45:00,RCKT
28.61,28.61,28.56,28.56,1700,2021-10-11 19:50:00,RCKT
28.58,28.59,28.49,28.49,8785,2021-10-11 19:55:00,RCKT
28.48,28.54,28.48,28.54,59930,2021-10-11 20:00:00,RCKT
28.91,29.03,28.5,28.5,1116,2021-10-12 13:30:00,RCKT
28.744,28.744,28.4,28.5,4030,2021-10-12 13:35:00,RCKT
28.52,28.91,28.52,28.78,7528,2021-10-12 13:40:00,RCKT
28.7758,28.7758,28.44,28.615,3410,2021-10-12 13:45:00,RCKT
28.62,28.68,28.59,28.59,483,2021-10-12 13:55:00,RCKT
28.53,28.64,28.5,28.5,9794,2021-10-12 14:00:00,RCKT
28.415,28.615,28.415,28.615,1400,2021-10-12 14:10:00,RCKT
28.62,28.655,28.44,28.45,1303,2021-10-12 14:15:00,RCKT
28.505,28.505,28.505,28.505,100,2021-10-12 14:20:00,RCKT
28.5,28.5,28.5,28.5,200,2021-10-12 14:25:00,RCKT
28.49,28.5,28.49,28.5,200,2021-10-12 14:30:00,RCKT
28.5,28.505,28.5,28.505,300,2021-10-12 14:35:00,RCKT
28.515,28.52,28.515,28.52,300,2021-10-12 14:40:00,RCKT
28.52,28.615,28.52,28.615,1487,2021-10-12 14:45:00,RCKT
28.62,28.67,28.55,28.61,2135,2021-10-12 14:50:00,RCKT
28.615,28.62,28.55,28.55,1663,2021-10-12 14:55:00,RCKT
28.605,28.65,28.55,28.61,3300,2021-10-12 15:00:00,RCKT
28.65,28.7,28.56,28.7,7978,2021-10-12 15:05:00,RCKT
28.63,28.72,28.63,28.68,1100,2021-10-12 15:10:00,RCKT
28.765,28.765,28.68,28.72,745,2021-10-12 15:15:00,RCKT
28.69,28.69,28.69,28.69,100,2021-10-12 15:20:00,RCKT
28.69,28.7,28.68,28.7,500,2021-10-12 15:25:00,RCKT
28.66,28.66,28.62,28.62,400,2021-10-12 15:30:00,RCKT
28.68,28.68,28.63,28.65,600,2021-10-12 15:35:00,RCKT
28.64,28.68,28.64,28.68,300,2021-10-12 15:40:00,RCKT
28.682,28.69,28.63,28.69,914,2021-10-12 15:45:00,RCKT
28.7,28.74,28.7,28.72,2500,2021-10-12 15:50:00,RCKT
28.725,28.725,28.725,28.725,100,2021-10-12 15:55:00,RCKT
28.735,28.77,28.705,28.745,5132,2021-10-12 16:00:00,RCKT
28.73,28.73,28.68,28.7,300,2021-10-12 16:05:00,RCKT
28.69,28.69,28.69,28.69,313,2021-10-12 16:10:00,RCKT
28.74,28.74,28.7,28.7,200,2021-10-12 16:15:00,RCKT
28.74,28.74,28.68,28.69,2300,2021-10-12 16:20:00,RCKT
28.695,28.695,28.68,28.68,200,2021-10-12 16:25:00,RCKT
28.71,28.72,28.69,28.69,2710,2021-10-12 16:30:00,RCKT
28.65,28.675,28.64,28.675,400,2021-10-12 16:35:00,RCKT
28.65,28.71,28.65,28.71,422,2021-10-12 16:40:00,RCKT
28.735,28.76,28.705,28.705,1437,2021-10-12 16:45:00,RCKT
28.7,28.73,28.675,28.68,2481,2021-10-12 16:50:00,RCKT
28.785,28.785,28.76,28.76,200,2021-10-12 16:55:00,RCKT
28.805,28.805,28.785,28.785,300,2021-10-12 17:00:00,RCKT
28.785,28.785,28.76,28.7779,1326,2021-10-12 17:05:00,RCKT
28.79,28.8,28.77,28.8,1500,2021-10-12 17:10:00,RCKT
28.81,28.87,28.81,28.87,500,2021-10-12 17:15:00,RCKT
28.865,28.93,28.86,28.93,1300,2021-10-12 17:20:00,RCKT
28.93,28.935,28.91,28.92,700,2021-10-12 17:25:00,RCKT
28.92,29.015,28.91,29.015,1300,2021-10-12 17:30:00,RCKT
29.035,29.035,29.035,29.035,100,2021-10-12 17:35:00,RCKT
29.105,29.115,29.105,29.115,400,2021-10-12 17:40:00,RCKT
29.115,29.13,29.1,29.13,1000,2021-10-12 17:45:00,RCKT
29.1,29.11,29.02,29.02,1596,2021-10-12 17:50:00,RCKT
29.05,29.055,29.05,29.055,600,2021-10-12 17:55:00,RCKT
29.04,29.075,29.04,29.075,300,2021-10-12 18:00:00,RCKT
29.05,29.065,29.04,29.065,1042,2021-10-12 18:05:00,RCKT
29.075,29.075,29.03,29.055,800,2021-10-12 18:10:00,RCKT
29.03,29.06,29.02,29.02,2600,2021-10-12 18:15:00,RCKT
29.04,29.04,29.01,29.025,1015,2021-10-12 18:20:00,RCKT
29.03,29.075,29.02,29.06,6300,2021-10-12 18:25:00,RCKT
29.035,29.035,28.97,28.97,1600,2021-10-12 18:30:00,RCKT
28.97,28.99,28.945,28.99,1250,2021-10-12 18:35:00,RCKT
28.97,29.05,28.97,29.03,1300,2021-10-12 18:40:00,RCKT
29.03,29.035,29.01,29.025,1334,2021-10-12 18:45:00,RCKT
29.0,29.0,28.96,28.975,806,2021-10-12 18:50:00,RCKT
28.95,28.96,28.9,28.93,2601,2021-10-12 18:55:00,RCKT
28.97,28.97,28.94,28.97,300,2021-10-12 19:00:00,RCKT
28.97,28.97,28.89,28.9,2500,2021-10-12 19:05:00,RCKT
28.895,28.97,28.895,28.925,1600,2021-10-12 19:10:00,RCKT
28.88,28.97,28.87,28.93,1003,2021-10-12 19:15:00,RCKT
28.98,29.17,28.98,29.17,3549,2021-10-12 19:20:00,RCKT
29.14,29.14,29.11,29.11,200,2021-10-12 19:25:00,RCKT
29.11,29.14,29.06,29.095,3691,2021-10-12 19:30:00,RCKT
29.095,29.12,29.005,29.04,5840,2021-10-12 19:35:00,RCKT
29.04,29.04,29.0,29.0199,1225,2021-10-12 19:40:00,RCKT
28.98,28.98,28.92,28.93,1901,2021-10-12 19:45:00,RCKT
28.95,29.02,28.95,29.0,4107,2021-10-12 19:50:00,RCKT
28.98,29.02,28.93,28.96,11098,2021-10-12 19:55:00,RCKT
29.0,29.0,29.0,29.0,31150,2021-10-12 20:00:00,RCKT
29.0,29.0,29.0,29.0,5413,2021-10-12 20:35:00,RCKT
29.1,29.2,29.0,29.0,2006,2021-10-13 13:30:00,RCKT
29.145,29.145,29.145,29.145,200,2021-10-13 13:40:00,RCKT
29.04,29.07,28.89,28.93,1797,2021-10-13 13:45:00,RCKT
28.79,28.825,28.79,28.79,300,2021-10-13 13:50:00,RCKT
28.77,28.77,28.77,28.77,200,2021-10-13 13:55:00,RCKT
28.72,28.89,28.72,28.89,700,2021-10-13 14:00:00,RCKT
28.895,28.895,28.895,28.895,100,2021-10-13 14:05:00,RCKT
28.92,28.92,28.63,28.63,1137,2021-10-13 14:10:00,RCKT
28.71,28.71,28.71,28.71,100,2021-10-13 14:15:00,RCKT
28.89,28.96,28.875,28.875,1300,2021-10-13 14:20:00,RCKT
28.93,28.93,28.8,28.88,916,2021-10-13 14:25:00,RCKT
28.88,28.9,28.78,28.86,3869,2021-10-13 14:30:00,RCKT
28.91,28.91,28.825,28.825,1463,2021-10-13 14:35:00,RCKT
28.83,28.83,28.76,28.76,1000,2021-10-13 14:40:00,RCKT
28.815,28.815,28.75,28.75,1190,2021-10-13 14:50:00,RCKT
28.83,28.845,28.81,28.83,1271,2021-10-13 15:00:00,RCKT
28.81,28.81,28.78,28.79,700,2021-10-13 15:05:00,RCKT
28.81,28.86,28.81,28.82,1493,2021-10-13 15:10:00,RCKT
28.8,28.815,28.765,28.815,701,2021-10-13 15:15:00,RCKT
28.85,28.88,28.75,28.75,1200,2021-10-13 15:20:00,RCKT
28.755,28.77,28.75,28.75,600,2021-10-13 15:25:00,RCKT
28.66,28.66,28.6,28.6,200,2021-10-13 15:35:00,RCKT
28.62,28.65,28.62,28.65,400,2021-10-13 15:40:00,RCKT
28.65,28.73,28.65,28.68,400,2021-10-13 15:45:00,RCKT
28.71,28.71,28.6,28.6,990,2021-10-13 15:50:00,RCKT
28.57,28.61,28.5502,28.56,2500,2021-10-13 15:55:00,RCKT
28.59,28.59,28.565,28.565,300,2021-10-13 16:00:00,RCKT
28.605,28.605,28.605,28.605,100,2021-10-13 16:05:00,RCKT
28.59,28.59,28.49,28.49,700,2021-10-13 16:15:00,RCKT
28.51,28.51,28.43,28.43,600,2021-10-13 16:20:00,RCKT
28.47,28.55,28.435,28.55,1100,2021-10-13 16:25:00,RCKT
28.48,28.48,28.4,28.4,500,2021-10-13 16:30:00,RCKT
28.4,28.44,28.4,28.42,400,2021-10-13 16:35:00,RCKT
28.46,28.48,28.4,28.4,1343,2021-10-13 16:40:00,RCKT
28.43,28.43,28.38,28.41,600,2021-10-13 16:45:00,RCKT
28.4,28.4,28.4,28.4,200,2021-10-13 16:50:00,RCKT
28.41,28.42,28.35,28.35,1500,2021-10-13 16:55:00,RCKT
28.38,28.44,28.38,28.44,200,2021-10-13 17:00:00,RCKT
28.3922,28.52,28.3922,28.52,615,2021-10-13 17:05:00,RCKT
28.47,28.47,28.47,28.47,100,2021-10-13 17:10:00,RCKT
28.46,28.5,28.42,28.47,26500,2021-10-13 17:15:00,RCKT
28.5,28.51,28.5,28.5,700,2021-10-13 17:20:00,RCKT
28.51,28.57,28.51,28.57,600,2021-10-13 17:25:00,RCKT
28.62,28.62,28.53,28.53,600,2021-10-13 17:35:00,RCKT
28.6,28.6,28.58,28.58,300,2021-10-13 17:40:00,RCKT
28.57,28.57,28.53,28.53,300,2021-10-13 17:45:00,RCKT
28.56,28.56,28.56,28.56,100,2021-10-13 17:50:00,RCKT
28.57,28.61,28.53,28.53,614,2021-10-13 17:55:00,RCKT
28.56,28.56,28.51,28.51,200,2021-10-13 18:00:00,RCKT
28.44,28.44,28.34,28.34,400,2021-10-13 18:05:00,RCKT
28.34,28.38,28.31,28.38,764,2021-10-13 18:10:00,RCKT
28.37,28.37,28.32,28.35,900,2021-10-13 18:15:00,RCKT
28.37,28.39,28.35,28.35,1399,2021-10-13 18:20:00,RCKT
28.39,28.39,28.35,28.39,300,2021-10-13 18:25:00,RCKT
28.34,28.385,28.34,28.385,317,2021-10-13 18:30:00,RCKT
28.39,28.42,28.38,28.42,400,2021-10-13 18:35:00,RCKT
28.36,28.36,28.29,28.29,1231,2021-10-13 18:40:00,RCKT
28.29,28.33,28.21,28.21,1715,2021-10-13 18:50:00,RCKT
28.22,28.24,28.21,28.21,1286,2021-10-13 18:55:00,RCKT
28.25,28.29,28.215,28.215,1552,2021-10-13 19:00:00,RCKT
28.2,28.23,28.195,28.23,1900,2021-10-13 19:05:00,RCKT
28.25,28.25,28.22,28.22,214,2021-10-13 19:10:00,RCKT
28.21,28.25,28.2,28.25,1414,2021-10-13 19:15:00,RCKT
28.2,28.205,28.17,28.17,3300,2021-10-13 19:20:00,RCKT
28.17,28.18,28.06,28.1,2246,2021-10-13 19:25:00,RCKT
28.07,28.09,27.99,28.0,1999,2021-10-13 19:30:00,RCKT
27.995,28.055,27.995,28.03,1800,2021-10-13 19:35:00,RCKT
28.01,28.075,28.01,28.05,2296,2021-10-13 19:40:00,RCKT
28.05,28.11,28.04,28.11,1275,2021-10-13 19:45:00,RCKT
28.105,28.105,27.88,27.95,8293,2021-10-13 19:50:00,RCKT
27.91,28.03,27.91,27.99,13527,2021-10-13 19:55:00,RCKT
28.03,28.03,28.03,28.03,25657,2021-10-13 20:00:00,RCKT
28.03,28.03,28.03,28.03,909,2021-10-13 21:00:00,RCKT
28.22,28.22,28.22,28.22,2629,2021-10-14 13:30:00,RCKT
28.16,28.16,28.13,28.13,350,2021-10-14 13:35:00,RCKT
28.29,28.44,28.24,28.44,1550,2021-10-14 13:40:00,RCKT
28.345,28.425,28.27,28.27,2379,2021-10-14 13:45:00,RCKT
28.18,28.18,27.96,28.0249,5328,2021-10-14 13:50:00,RCKT
27.98,28.06,27.98,27.99,1800,2021-10-14 13:55:00,RCKT
27.975,28.03,27.95,27.96,2300,2021-10-14 14:00:00,RCKT
27.92,28.03,27.89,27.995,2600,2021-10-14 14:05:00,RCKT
28.06,28.06,27.91,27.91,1400,2021-10-14 14:10:00,RCKT
27.955,27.99,27.89,27.99,3217,2021-10-14 14:15:00,RCKT
28.16,28.265,28.12,28.265,700,2021-10-14 14:20:00,RCKT
28.31,28.35,28.255,28.325,3266,2021-10-14 14:25:00,RCKT
28.325,28.365,28.2704,28.335,2324,2021-10-14 14:30:00,RCKT
28.335,28.335,28.325,28.325,500,2021-10-14 14:35:00,RCKT
28.335,28.55,28.335,28.48,1840,2021-10-14 14:40:00,RCKT
28.615,28.77,28.54,28.55,400,2021-10-14 14:45:00,RCKT
28.73,28.73,28.5,28.55,3700,2021-10-14 14:50:00,RCKT
28.58,28.58,28.52,28.535,300,2021-10-14 14:55:00,RCKT
28.5,28.53,28.46,28.485,1622,2021-10-14 15:00:00,RCKT
28.485,28.49,28.45,28.45,800,2021-10-14 15:05:00,RCKT
28.49,28.58,28.49,28.58,2500,2021-10-14 15:10:00,RCKT
28.6,28.65,28.57,28.65,1800,2021-10-14 15:15:00,RCKT
28.71,28.71,28.6,28.655,300,2021-10-14 15:20:00,RCKT
28.655,28.71,28.655,28.675,400,2021-10-14 15:25:00,RCKT
28.65,28.72,28.64,28.71,1966,2021-10-14 15:30:00,RCKT
28.73,28.805,28.71,28.8,2600,2021-10-14 15:35:00,RCKT
28.855,28.89,28.795,28.85,2200,2021-10-14 15:40:00,RCKT
28.87,28.89,28.83,28.855,1330,2021-10-14 15:45:00,RCKT
28.89,28.98,28.855,28.98,1300,2021-10-14 15:50:00,RCKT
28.945,28.98,28.82,28.85,4652,2021-10-14 15:55:00,RCKT
28.9,28.91,28.87,28.88,800,2021-10-14 16:00:00,RCKT
28.85,28.89,28.81,28.835,3007,2021-10-14 16:05:00,RCKT
28.835,28.86,28.82,28.82,1607,2021-10-14 16:10:00,RCKT
28.835,28.85,28.835,28.85,902,2021-10-14 16:15:00,RCKT
28.89,28.96,28.86,28.96,2810,2021-10-14 16:20:00,RCKT
28.93,29.08,28.925,29.07,9260,2021-10-14 16:25:00,RCKT
29.07,29.155,28.95,28.97,7192,2021-10-14 16:30:00,RCKT
28.95,28.95,28.905,28.93,2920,2021-10-14 16:35:00,RCKT
28.91,28.91,28.8,28.81,6301,2021-10-14 16:40:00,RCKT
28.81,28.89,28.8,28.855,3800,2021-10-14 16:45:00,RCKT
28.855,28.93,28.84,28.89,6100,2021-10-14 16:50:00,RCKT
28.88,28.89,28.78,28.8,3815,2021-10-14 16:55:00,RCKT
28.81,28.86,28.8018,28.835,1500,2021-10-14 17:00:00,RCKT
28.835,28.86,28.835,28.835,700,2021-10-14 17:05:00,RCKT
28.83,28.83,28.765,28.765,1300,2021-10-14 17:10:00,RCKT
28.73,28.73,28.71,28.72,800,2021-10-14 17:15:00,RCKT
28.72,28.725,28.72,28.725,200,2021-10-14 17:20:00,RCKT
28.725,28.77,28.725,28.76,2000,2021-10-14 17:25:00,RCKT
28.77,28.825,28.75,28.75,2200,2021-10-14 17:30:00,RCKT
28.75,28.755,28.75,28.755,200,2021-10-14 17:35:00,RCKT
28.78,28.78,28.74,28.75,1300,2021-10-14 17:45:00,RCKT
28.77,28.81,28.76,28.76,1531,2021-10-14 17:50:00,RCKT
28.775,28.775,28.76,28.765,400,2021-10-14 17:55:00,RCKT
28.77,28.77,28.77,28.77,10500,2021-10-14 18:00:00,RCKT
28.81,28.81,28.71,28.71,3800,2021-10-14 18:05:00,RCKT
28.71,28.76,28.69,28.76,1300,2021-10-14 18:10:00,RCKT
28.76,28.76,28.76,28.76,300,2021-10-14 18:15:00,RCKT
28.72,28.72,28.71,28.72,900,2021-10-14 18:20:00,RCKT
28.75,28.83,28.75,28.78,1079,2021-10-14 18:25:00,RCKT
28.775,28.935,28.74,28.89,1300,2021-10-14 18:30:00,RCKT
28.89,28.95,28.85,28.85,2600,2021-10-14 18:35:00,RCKT
28.81,28.86,28.76,28.78,2400,2021-10-14 18:40:00,RCKT
28.8,28.81,28.73,28.73,1400,2021-10-14 18:45:00,RCKT
28.775,28.775,28.71,28.72,1500,2021-10-14 18:50:00,RCKT
28.7,28.77,28.7,28.77,1400,2021-10-14 18:55:00,RCKT
28.74,28.765,28.69,28.69,1700,2021-10-14 19:00:00,RCKT
28.69,28.69,28.67,28.68,700,2021-10-14 19:05:00,RCKT
28.67,28.69,28.67,28.69,800,2021-10-14 19:10:00,RCKT
28.729,28.73,28.66,28.72,1203,2021-10-14 19:20:00,RCKT
28.65,28.65,28.57,28.57,900,2021-10-14 19:25:00,RCKT
28.62,28.66,28.62,28.645,500,2021-10-14 19:30:00,RCKT
28.59,28.6,28.485,28.485,2476,2021-10-14 19:35:00,RCKT
28.49,28.545,28.48,28.545,1700,2021-10-14 19:40:00,RCKT
28.545,28.62,28.545,28.56,2177,2021-10-14 19:45:00,RCKT
28.6,28.64,28.52,28.62,5244,2021-10-14 19:50:00,RCKT
28.605,28.66,28.54,28.58,26861,2021-10-14 19:55:00,RCKT
28.6,28.6,28.6,28.6,32812,2021-10-14 20:00:00,RCKT
28.58,28.58,28.58,28.58,100,2021-10-14 20:40:00,RCKT
28.6,28.6,28.6,28.6,4112,2021-10-14 21:20:00,RCKT
28.6,28.6,28.6,28.6,576,2021-10-15 12:25:00,RCKT
29.09,29.67,28.39,29.56,10277,2021-10-15 13:30:00,RCKT
28.64,28.97,28.42,28.42,1288,2021-10-15 13:35:00,RCKT
28.89,28.89,28.89,28.89,100,2021-10-15 13:40:00,RCKT
28.43,28.73,28.43,28.73,400,2021-10-15 13:45:00,RCKT
28.58,28.58,28.58,28.58,100,2021-10-15 13:50:00,RCKT
28.64,28.64,28.62,28.62,235,2021-10-15 13:55:00,RCKT
28.55,28.56,28.4,28.51,2955,2021-10-15 14:05:00,RCKT
28.45,28.5,28.41,28.45,5792,2021-10-15 14:10:00,RCKT
28.45,28.45,28.4,28.45,3285,2021-10-15 14:15:00,RCKT
28.45,28.55,28.45,28.55,11686,2021-10-15 14:20:00,RCKT
28.6,28.6388,28.6,28.6,3400,2021-10-15 14:25:00,RCKT
28.65,28.68,28.58,28.64,17702,2021-10-15 14:30:00,RCKT
28.65,28.68,28.62,28.64,3794,2021-10-15 14:35:00,RCKT
28.67,28.68,28.62,28.66,6226,2021-10-15 14:40:00,RCKT
28.64,28.64,28.39,28.4,19322,2021-10-15 14:45:00,RCKT
28.36,28.36,28.2,28.23,1203,2021-10-15 14:50:00,RCKT
28.23,28.37,28.23,28.37,600,2021-10-15 14:55:00,RCKT
28.231,28.231,28.15,28.15,706,2021-10-15 15:00:00,RCKT
28.17,28.17,28.06,28.06,700,2021-10-15 15:05:00,RCKT
28.11,28.13,28.0,28.005,900,2021-10-15 15:10:00,RCKT
27.945,27.99,27.945,27.99,400,2021-10-15 15:15:00,RCKT
28.01,28.02,27.81,27.86,1301,2021-10-15 15:20:00,RCKT
27.82,27.9,27.82,27.9,1096,2021-10-15 15:25:00,RCKT
27.8,27.87,27.8,27.87,400,2021-10-15 15:30:00,RCKT
27.88,27.88,27.8,27.82,800,2021-10-15 15:35:00,RCKT
27.83,27.87,27.61,27.61,6787,2021-10-15 15:40:00,RCKT
27.8,27.82,27.6,27.67,5450,2021-10-15 15:45:00,RCKT
27.7,27.77,27.7,27.77,200,2021-10-15 15:50:00,RCKT
27.8392,27.84,27.795,27.84,915,2021-10-15 15:55:00,RCKT
27.815,27.86,27.815,27.83,300,2021-10-15 16:00:00,RCKT
27.87,27.87,27.87,27.87,100,2021-10-15 16:05:00,RCKT
27.91,27.96,27.91,27.94,1200,2021-10-15 16:10:00,RCKT
27.99,28.0,27.95,28.0,400,2021-10-15 16:15:00,RCKT
27.98,27.98,27.96,27.98,500,2021-10-15 16:20:00,RCKT
27.89,27.94,27.86,27.9,1003,2021-10-15 16:25:00,RCKT
27.93,28.0,27.93,28.0,800,2021-10-15 16:30:00,RCKT
28.02,28.02,28.02,28.02,500,2021-10-15 16:35:00,RCKT
27.96,28.0,27.91,27.96,802,2021-10-15 16:40:00,RCKT
27.92,27.955,27.92,27.955,400,2021-10-15 16:45:00,RCKT
27.96,27.97,27.9125,27.97,700,2021-10-15 16:50:00,RCKT
28.065,28.18,28.065,28.18,1171,2021-10-15 16:55:00,RCKT
28.05,28.05,28.05,28.05,100,2021-10-15 17:05:00,RCKT
28.0846,28.0846,28.0846,28.0846,202,2021-10-15 17:10:00,RCKT
28.1,28.1,28.1,28.1,300,2021-10-15 17:15:00,RCKT
28.07,28.08,28.02,28.02,311,2021-10-15 17:20:00,RCKT
28.055,28.055,28.0,28.0,639,2021-10-15 17:25:00,RCKT
28.02,28.08,28.02,28.08,300,2021-10-15 17:30:00,RCKT
28.1,28.1,28.05,28.09,400,2021-10-15 17:35:00,RCKT
28.09,28.17,28.09,28.14,1500,2021-10-15 17:40:00,RCKT
28.18,28.2,28.17,28.17,500,2021-10-15 17:50:00,RCKT
28.1584,28.1584,28.14,28.14,455,2021-10-15 17:55:00,RCKT
28.16,28.17,28.14,28.17,1168,2021-10-15 18:00:00,RCKT
28.14,28.23,28.14,28.22,1012,2021-10-15 18:05:00,RCKT
28.23,28.36,28.23,28.32,5749,2021-10-15 18:10:00,RCKT
28.33,28.33,28.28,28.32,1000,2021-10-15 18:15:00,RCKT
28.375,28.38,28.37,28.37,534,2021-10-15 18:20:00,RCKT
28.43,28.43,28.3936,28.3936,1100,2021-10-15 18:25:00,RCKT
28.4,28.4,28.28,28.31,1254,2021-10-15 18:30:00,RCKT
28.29,28.35,28.28,28.34,1100,2021-10-15 18:35:00,RCKT
28.38,28.38,28.31,28.31,400,2021-10-15 18:40:00,RCKT
28.27,28.27,28.16,28.18,500,2021-10-15 18:45:00,RCKT
28.18,28.18,28.18,28.18,200,2021-10-15 18:50:00,RCKT
28.19,28.215,28.175,28.215,1200,2021-10-15 18:55:00,RCKT
28.19,28.19,28.12,28.14,15665,2021-10-15 19:00:00,RCKT
28.11,28.11,28.01,28.01,762,2021-10-15 19:05:00,RCKT
28.01,28.01,27.91,27.945,1696,2021-10-15 19:10:00,RCKT
27.945,28.0,27.945,27.98,2363,2021-10-15 19:15:00,RCKT
27.9505,27.9505,27.9505,27.9505,1000,2021-10-15 19:20:00,RCKT
27.985,28.06,27.96,27.96,1371,2021-10-15 19:25:00,RCKT
27.995,28.02,27.94,27.94,775,2021-10-15 19:30:00,RCKT
27.95,27.97,27.95,27.97,200,2021-10-15 19:35:00,RCKT
28.01,28.15,28.01,28.14,1300,2021-10-15 19:40:00,RCKT
28.14,28.14,27.94,27.99,4879,2021-10-15 19:45:00,RCKT
28.03,28.05,27.93,27.95,2204,2021-10-15 19:50:00,RCKT
28.01,28.03,27.9,27.99,14413,2021-10-15 19:55:00,RCKT
27.92,27.92,27.92,27.92,41098,2021-10-15 20:00:00,RCKT
27.75,27.75,27.5,27.5,2496,2021-10-15 20:25:00,RCKT
27.92,27.92,27.92,27.92,493,2021-10-15 21:15:00,RCKT
27.95,27.95,27.95,27.95,110,2021-10-18 11:15:00,RCKT
27.64,28.36,27.64,27.985,6094,2021-10-18 13:30:00,RCKT
27.66,27.66,27.64,27.64,200,2021-10-18 13:35:00,RCKT
27.8,27.8,27.8,27.8,100,2021-10-18 13:45:00,RCKT
27.595,27.595,27.595,27.595,100,2021-10-18 13:50:00,RCKT
27.57,27.57,27.29,27.29,1900,2021-10-18 14:00:00,RCKT
27.42,27.42,27.42,27.42,200,2021-10-18 14:05:00,RCKT
27.375,27.38,27.33,27.37,900,2021-10-18 14:10:00,RCKT
27.4,27.64,27.4,27.545,2400,2021-10-18 14:15:00,RCKT
27.7,27.7,27.53,27.61,400,2021-10-18 14:20:00,RCKT
27.52,27.52,27.485,27.485,300,2021-10-18 14:30:00,RCKT
27.55,27.55,27.43,27.43,700,2021-10-18 14:35:00,RCKT
27.44,27.49,27.44,27.49,522,2021-10-18 14:40:00,RCKT
27.46,27.49,27.46,27.49,200,2021-10-18 14:45:00,RCKT
27.54,27.54,27.54,27.54,397,2021-10-18 14:50:00,RCKT
27.54,27.6899,27.52,27.6899,700,2021-10-18 14:55:00,RCKT
27.67,27.69,27.65,27.67,700,2021-10-18 15:00:00,RCKT
27.7,27.74,27.7,27.74,700,2021-10-18 15:05:00,RCKT
27.74,27.75,27.64,27.65,1651,2021-10-18 15:10:00,RCKT
27.69,27.69,27.685,27.685,300,2021-10-18 15:15:00,RCKT
27.78,27.8,27.78,27.78,601,2021-10-18 15:20:00,RCKT
27.76,27.76,27.76,27.76,500,2021-10-18 15:25:00,RCKT
27.7,27.71,27.629,27.629,950,2021-10-18 15:45:00,RCKT
27.6887,27.6887,27.58,27.58,2276,2021-10-18 15:50:00,RCKT
27.58,27.59,27.57,27.59,800,2021-10-18 15:55:00,RCKT
27.6267,27.6267,27.6,27.6,1100,2021-10-18 16:00:00,RCKT
27.575,27.61,27.575,27.61,600,2021-10-18 16:05:00,RCKT
27.7,27.7,27.69,27.7,300,2021-10-18 16:10:00,RCKT
27.67,27.68,27.62,27.62,300,2021-10-18 16:15:00,RCKT
27.62,27.65,27.59,27.65,500,2021-10-18 16:20:00,RCKT
27.66,27.66,27.65,27.65,200,2021-10-18 16:25:00,RCKT
27.66,27.68,27.615,27.615,600,2021-10-18 16:30:00,RCKT
27.58,27.58,27.51,27.54,1100,2021-10-18 16:35:00,RCKT
27.59,27.59,27.58,27.59,612,2021-10-18 16:40:00,RCKT
27.495,27.51,27.47,27.51,700,2021-10-18 16:45:00,RCKT
27.49,27.49,27.45,27.45,200,2021-10-18 16:50:00,RCKT
27.49,27.53,27.45,27.5288,1100,2021-10-18 16:55:00,RCKT
27.53,27.57,27.49,27.565,3010,2021-10-18 17:00:00,RCKT
27.54,27.7,27.54,27.7,1900,2021-10-18 17:05:00,RCKT
27.72,27.72,27.7,27.72,500,2021-10-18 17:10:00,RCKT
27.79,27.79,27.66,27.71,969,2021-10-18 17:15:00,RCKT
27.695,27.72,27.695,27.72,576,2021-10-18 17:20:00,RCKT
27.75,27.75,27.66,27.695,500,2021-10-18 17:25:00,RCKT
27.66,27.73,27.66,27.72,600,2021-10-18 17:30:00,RCKT
27.71,27.83,27.69,27.75,500,2021-10-18 17:35:00,RCKT
27.71,27.8,27.71,27.8,600,2021-10-18 17:40:00,RCKT
27.77,27.84,27.76,27.76,800,2021-10-18 17:45:00,RCKT
27.76,27.82,27.76,27.8,900,2021-10-18 17:50:00,RCKT
27.78,27.85,27.77,27.77,500,2021-10-18 17:55:00,RCKT
27.735,27.8,27.735,27.76,1000,2021-10-18 18:00:00,RCKT
27.71,27.79,27.71,27.79,400,2021-10-18 18:05:00,RCKT
27.81,27.815,27.81,27.815,200,2021-10-18 18:10:00,RCKT
27.774,27.88,27.76,27.83,1225,2021-10-18 18:15:00,RCKT
27.84,27.85,27.82,27.85,600,2021-10-18 18:20:00,RCKT
27.87,27.87,27.79,27.79,800,2021-10-18 18:25:00,RCKT
27.75,27.77,27.745,27.75,600,2021-10-18 18:35:00,RCKT
27.74,27.74,27.655,27.655,600,2021-10-18 18:40:00,RCKT
27.67,27.69,27.64,27.64,1100,2021-10-18 18:45:00,RCKT
27.66,27.66,27.64,27.64,300,2021-10-18 18:50:00,RCKT
27.64,27.65,27.635,27.65,300,2021-10-18 18:55:00,RCKT
27.65,27.74,27.64,27.74,1756,2021-10-18 19:00:00,RCKT
27.76,27.76,27.76,27.76,100,2021-10-18 19:05:00,RCKT
27.68,27.715,27.68,27.68,700,2021-10-18 19:10:00,RCKT
27.69,27.76,27.69,27.73,800,2021-10-18 19:15:00,RCKT
27.72,27.78,27.72,27.775,643,2021-10-18 19:20:00,RCKT
27.8,27.8,27.74,27.7404,900,2021-10-18 19:25:00,RCKT
27.76,27.77,27.72,27.721,1600,2021-10-18 19:30:00,RCKT
27.75,27.78,27.7445,27.77,2918,2021-10-18 19:35:00,RCKT
27.765,27.765,27.61,27.61,2322,2021-10-18 19:40:00,RCKT
27.605,27.64,27.58,27.61,1800,2021-10-18 19:45:00,RCKT
27.6,27.62,27.535,27.57,4433,2021-10-18 19:50:00,RCKT
27.6,27.64,27.54,27.59,17907,2021-10-18 19:55:00,RCKT
27.59,27.59,27.59,27.59,52607,2021-10-18 20:00:00,RCKT
27.97,28.21,27.97,28.21,2418,2021-10-19 13:30:00,RCKT
28.23,28.25,28.12,28.1825,1020,2021-10-19 13:35:00,RCKT
28.285,28.4905,28.285,28.3,729,2021-10-19 13:40:00,RCKT
28.5,28.5,28.465,28.465,200,2021-10-19 13:45:00,RCKT
28.435,28.46,28.34,28.34,300,2021-10-19 13:50:00,RCKT
28.3477,28.395,28.32,28.395,331,2021-10-19 13:55:00,RCKT
28.32,28.32,28.27,28.27,300,2021-10-19 14:00:00,RCKT
28.27,28.35,28.27,28.33,700,2021-10-19 14:05:00,RCKT
28.355,28.355,28.2325,28.2325,400,2021-10-19 14:10:00,RCKT
28.235,28.235,28.17,28.17,300,2021-10-19 14:15:00,RCKT
28.18,28.2,28.13,28.16,500,2021-10-19 14:20:00,RCKT
28.06,28.1,28.06,28.1,200,2021-10-19 14:25:00,RCKT
28.17,28.17,28.075,28.075,700,2021-10-19 14:30:00,RCKT
28.04,28.05,28.0,28.0,1300,2021-10-19 14:35:00,RCKT
28.01,28.02,27.92,27.92,800,2021-10-19 14:40:00,RCKT
28.01,28.02,28.0,28.0,700,2021-10-19 14:45:00,RCKT
28.03,28.03,28.03,28.03,100,2021-10-19 14:50:00,RCKT
28.015,28.05,28.015,28.05,482,2021-10-19 15:00:00,RCKT
28.13,28.13,28.12,28.12,850,2021-10-19 15:05:00,RCKT
28.09,28.14,28.09,28.11,313,2021-10-19 15:10:00,RCKT
27.81,28.02,27.75,27.75,95436,2021-10-19 15:15:00,RCKT
28.11,28.12,28.02,28.02,600,2021-10-19 15:20:00,RCKT
28.31,28.31,28.28,28.28,200,2021-10-19 15:35:00,RCKT
28.335,28.46,28.315,28.315,1919,2021-10-19 15:40:00,RCKT
28.3919,28.3919,28.21,28.21,1400,2021-10-19 15:50:00,RCKT
28.22,28.26,28.22,28.26,300,2021-10-19 16:00:00,RCKT
28.32,28.32,28.24,28.24,200,2021-10-19 16:05:00,RCKT
28.23,28.27,28.23,28.26,1263,2021-10-19 16:10:00,RCKT
28.29,28.29,28.29,28.29,450,2021-10-19 16:15:00,RCKT
28.24,28.24,28.21,28.21,500,2021-10-19 16:20:00,RCKT
28.27,28.28,28.27,28.28,400,2021-10-19 16:25:00,RCKT
28.25,28.25,28.25,28.25,100,2021-10-19 16:35:00,RCKT
28.235,28.34,28.235,28.34,200,2021-10-19 16:40:00,RCKT
28.26,28.26,28.26,28.26,100,2021-10-19 16:45:00,RCKT
28.37,28.39,28.37,28.39,200,2021-10-19 16:55:00,RCKT
28.3,28.3,28.25,28.27,600,2021-10-19 17:05:00,RCKT
28.22,28.22,28.13,28.18,600,2021-10-19 17:10:00,RCKT
28.17,28.23,28.17,28.23,500,2021-10-19 17:30:00,RCKT
28.21,28.3,28.21,28.3,200,2021-10-19 17:35:00,RCKT
28.14,28.14,28.14,28.14,500,2021-10-19 17:45:00,RCKT
28.14,28.14,28.14,28.14,400,2021-10-19 17:50:00,RCKT
28.09,28.09,28.09,28.09,100,2021-10-19 17:55:00,RCKT
28.12,28.12,28.12,28.12,100,2021-10-19 18:00:00,RCKT
28.11,28.11,28.11,28.11,850,2021-10-19 18:05:00,RCKT
28.07,28.2,28.06,28.14,9882,2021-10-19 18:15:00,RCKT
28.11,28.11,28.11,28.11,100,2021-10-19 18:20:00,RCKT
28.145,28.145,28.06,28.06,906,2021-10-19 18:25:00,RCKT
27.99,27.99,27.99,27.99,100,2021-10-19 18:30:00,RCKT
27.92,27.95,27.8602,27.92,2600,2021-10-19 18:40:00,RCKT
27.94,27.94,27.94,27.94,100,2021-10-19 18:45:00,RCKT
27.94,28.045,27.94,28.045,700,2021-10-19 18:50:00,RCKT
28.1,28.1,28.06,28.06,401,2021-10-19 18:55:00,RCKT
28.04,28.1,28.02,28.1,1100,2021-10-19 19:00:00,RCKT
27.995,27.995,27.995,27.995,150,2021-10-19 19:10:00,RCKT
28.02,28.02,27.96,28.01,600,2021-10-19 19:15:00,RCKT
27.97,27.97,27.97,27.97,100,2021-10-19 19:20:00,RCKT
28.035,28.12,28.03,28.12,1600,2021-10-19 19:25:00,RCKT
28.154,28.154,28.154,28.154,1000,2021-10-19 19:30:00,RCKT
28.11,28.15,28.09,28.09,800,2021-10-19 19:35:00,RCKT
28.08,28.1,27.99,28.02,1403,2021-10-19 19:40:00,RCKT
28.01,28.07,28.01,28.025,2200,2021-10-19 19:45:00,RCKT
28.04,28.14,28.04,28.12,5010,2021-10-19 19:50:00,RCKT
28.16,28.16,28.06,28.1,9460,2021-10-19 19:55:00,RCKT
28.14,28.14,28.14,28.14,37183,2021-10-19 20:00:00,RCKT
28.3,28.3,28.3,28.3,500,2021-10-19 20:05:00,RCKT
29.27,29.27,29.27,29.27,100,2021-10-20 11:45:00,RCKT
31.29,31.29,31.29,31.29,100,2021-10-20 11:50:00,RCKT
29.48,30.0,29.0,29.0,328,2021-10-20 12:20:00,RCKT
29.55,29.55,29.55,29.55,100,2021-10-20 12:25:00,RCKT
29.9,30.0,29.9,30.0,1000,2021-10-20 12:35:00,RCKT
29.99,30.0,29.99,30.0,200,2021-10-20 12:40:00,RCKT
30.0,30.0,30.0,30.0,200,2021-10-20 12:55:00,RCKT
30.0,30.0,30.0,30.0,400,2021-10-20 13:00:00,RCKT
30.51,30.51,29.88,30.0,317,2021-10-20 13:25:00,RCKT
30.01,30.01,29.0101,29.97,18023,2021-10-20 13:30:00,RCKT
29.99,30.3,29.94,30.165,2846,2021-10-20 13:35:00,RCKT
30.14,30.155,29.55,29.895,36998,2021-10-20 13:40:00,RCKT
29.89,30.01,29.81,29.875,14772,2021-10-20 13:45:00,RCKT
29.81,29.88,29.14,29.335,3864,2021-10-20 13:50:00,RCKT
29.3992,29.51,29.28,29.51,6085,2021-10-20 13:55:00,RCKT
29.4999,29.4999,29.39,29.39,5571,2021-10-20 14:00:00,RCKT
29.42,29.42,29.33,29.36,7012,2021-10-20 14:05:00,RCKT
29.33,29.37,29.245,29.28,6272,2021-10-20 14:10:00,RCKT
29.27,29.445,29.27,29.445,1630,2021-10-20 14:15:00,RCKT
29.445,29.46,29.4,29.4,800,2021-10-20 14:20:00,RCKT
29.38,29.38,29.28,29.33,1715,2021-10-20 14:25:00,RCKT
29.38,29.38,29.27,29.32,3490,2021-10-20 14:30:00,RCKT
29.29,29.36,29.255,29.255,3229,2021-10-20 14:35:00,RCKT
29.22,29.29,29.16,29.29,3723,2021-10-20 14:40:00,RCKT
29.22,29.295,29.22,29.29,500,2021-10-20 14:45:00,RCKT
29.25,29.25,29.16,29.19,2168,2021-10-20 14:50:00,RCKT
29.19,29.25,29.19,29.21,1713,2021-10-20 14:55:00,RCKT
29.21,29.39,29.21,29.39,3400,2021-10-20 15:00:00,RCKT
29.34,29.41,29.255,29.41,1000,2021-10-20 15:05:00,RCKT
29.42,29.42,29.4,29.4,1179,2021-10-20 15:10:00,RCKT
29.43,29.57,29.43,29.53,2375,2021-10-20 15:15:00,RCKT
29.535,29.535,29.35,29.39,4595,2021-10-20 15:20:00,RCKT
29.35,29.355,29.295,29.295,1921,2021-10-20 15:25:00,RCKT
29.295,29.54,29.295,29.455,9344,2021-10-20 15:30:00,RCKT
29.455,29.59,29.455,29.48,3181,2021-10-20 15:35:00,RCKT
29.49,29.72,29.49,29.58,7988,2021-10-20 15:40:00,RCKT
29.565,29.565,29.545,29.545,30000,2021-10-20 15:45:00,RCKT
29.48,29.49,29.34,29.36,2550,2021-10-20 15:50:00,RCKT
29.38,29.38,29.2775,29.3,400,2021-10-20 15:55:00,RCKT
29.27,29.3,29.27,29.29,1500,2021-10-20 16:00:00,RCKT
29.29,29.3,29.25,29.285,1200,2021-10-20 16:05:00,RCKT
29.285,29.34,29.25,29.34,4408,2021-10-20 16:10:00,RCKT
29.3,29.3,29.26,29.3,2000,2021-10-20 16:15:00,RCKT
29.29,29.35,29.28,29.325,1988,2021-10-20 16:20:00,RCKT
29.34,29.34,29.34,29.34,300,2021-10-20 16:25:00,RCKT
29.325,29.37,29.3,29.37,1100,2021-10-20 16:30:00,RCKT
29.3,29.3,29.11,29.13,24226,2021-10-20 16:35:00,RCKT
29.105,29.28,29.1,29.235,10254,2021-10-20 16:40:00,RCKT
29.235,29.305,29.18,29.18,4767,2021-10-20 16:45:00,RCKT
29.2,29.2,29.08,29.08,600,2021-10-20 16:50:00,RCKT
29.08,29.08,28.85,28.85,3342,2021-10-20 16:55:00,RCKT
28.85,28.85,28.85,28.85,200,2021-10-20 17:00:00,RCKT
28.59,28.6,28.5,28.51,1450,2021-10-20 17:05:00,RCKT
28.47,28.48,28.45,28.46,850,2021-10-20 17:10:00,RCKT
28.52,28.6,28.48,28.58,2930,2021-10-20 17:25:00,RCKT
28.57,28.59,28.55,28.55,500,2021-10-20 17:30:00,RCKT
28.55,28.57,28.55,28.555,1400,2021-10-20 17:35:00,RCKT
28.555,28.555,28.51,28.53,500,2021-10-20 17:40:00,RCKT
28.5,28.5,28.46,28.47,1666,2021-10-20 17:45:00,RCKT
28.49,28.51,28.49,28.51,700,2021-10-20 17:50:00,RCKT
28.54,28.54,28.54,28.54,100,2021-10-20 17:55:00,RCKT
28.56,28.58,28.54,28.54,400,2021-10-20 18:00:00,RCKT
28.61,28.66,28.61,28.65,1200,2021-10-20 18:05:00,RCKT
28.63,28.74,28.63,28.74,600,2021-10-20 18:10:00,RCKT
28.74,28.74,28.65,28.66,700,2021-10-20 18:15:00,RCKT
28.72,28.72,28.66,28.66,200,2021-10-20 18:20:00,RCKT
28.68,28.71,28.67,28.68,800,2021-10-20 18:25:00,RCKT
28.71,28.71,28.66,28.69,650,2021-10-20 18:30:00,RCKT
28.7,28.75,28.68,28.74,2297,2021-10-20 18:35:00,RCKT
28.74,28.9,28.71,28.9,2200,2021-10-20 18:40:00,RCKT
28.87,28.87,28.87,28.87,100,2021-10-20 18:45:00,RCKT
28.79,28.83,28.775,28.82,1000,2021-10-20 18:50:00,RCKT
28.83,28.83,28.78,28.81,1000,2021-10-20 18:55:00,RCKT
28.82,28.83,28.8,28.83,717,2021-10-20 19:00:00,RCKT
28.795,28.82,28.73,28.74,3471,2021-10-20 19:05:00,RCKT
28.74,28.82,28.73,28.791,2204,2021-10-20 19:10:00,RCKT
28.79,28.85,28.79,28.84,2139,2021-10-20 19:15:00,RCKT
28.82,28.85,28.8,28.85,2010,2021-10-20 19:20:00,RCKT
28.83,28.96,28.83,28.89,2719,2021-10-20 19:25:00,RCKT
28.91,28.94,28.91,28.94,1400,2021-10-20 19:30:00,RCKT
28.95,29.03,28.891,28.92,4957,2021-10-20 19:35:00,RCKT
28.89,28.91,28.695,28.695,9270,2021-10-20 19:40:00,RCKT
28.685,28.94,28.685,28.71,13467,2021-10-20 19:45:00,RCKT
28.71,28.97,28.64,28.88,22578,2021-10-20 19:50:00,RCKT
28.87,29.035,28.87,29.0,19946,2021-10-20 19:55:00,RCKT
28.99,29.09,28.99,28.99,134907,2021-10-20 20:00:00,RCKT
29.0,29.19,28.84,29.005,9880,2021-10-21 13:30:00,RCKT
29.06,29.12,28.94,29.0199,1860,2021-10-21 13:35:00,RCKT
28.99,29.01,28.89,28.89,2709,2021-10-21 13:40:00,RCKT
28.7,28.85,28.69,28.85,1442,2021-10-21 13:45:00,RCKT
28.86,28.86,28.84,28.84,560,2021-10-21 13:50:00,RCKT
28.88,28.9,28.8,28.8,1193,2021-10-21 13:55:00,RCKT
28.92,29.08,28.91,29.02,1300,2021-10-21 14:00:00,RCKT
29.04,29.39,29.04,29.34,5178,2021-10-21 14:05:00,RCKT
29.3,29.36,29.254,29.254,1116,2021-10-21 14:10:00,RCKT
29.16,29.1601,29.11,29.15,1634,2021-10-21 14:15:00,RCKT
29.15,29.27,29.15,29.27,2331,2021-10-21 14:20:00,RCKT
29.26,29.3998,29.2,29.21,10055,2021-10-21 14:25:00,RCKT
29.25,29.36,29.25,29.29,1200,2021-10-21 14:30:00,RCKT
29.275,29.31,29.21,29.3,3033,2021-10-21 14:35:00,RCKT
29.35,29.35,29.3,29.3,666,2021-10-21 14:40:00,RCKT
29.23,29.26,29.2,29.2,700,2021-10-21 14:45:00,RCKT
29.165,29.165,29.165,29.165,100,2021-10-21 14:50:00,RCKT
29.1024,29.15,28.96,28.96,7135,2021-10-21 14:55:00,RCKT
29.05,29.135,29.0203,29.135,1114,2021-10-21 15:00:00,RCKT
29.11,29.18,29.0,29.15,11190,2021-10-21 15:05:00,RCKT
29.18,29.25,29.18,29.25,300,2021-10-21 15:10:00,RCKT
29.25,29.29,29.25,29.29,603,2021-10-21 15:15:00,RCKT
29.33,29.39,29.32,29.39,500,2021-10-21 15:20:00,RCKT
29.35,29.3895,29.34,29.34,1024,2021-10-21 15:25:00,RCKT
29.37,29.37,29.3,29.3,500,2021-10-21 15:30:00,RCKT
29.31,29.31,29.22,29.226,850,2021-10-21 15:35:00,RCKT
29.29,29.32,29.29,29.32,400,2021-10-21 15:40:00,RCKT
29.29,29.29,29.23,29.24,666,2021-10-21 15:45:00,RCKT
29.15,29.2329,29.14,29.14,2583,2021-10-21 15:55:00,RCKT
29.17,29.23,29.17,29.22,1298,2021-10-21 16:00:00,RCKT
29.25,29.25,29.25,29.25,100,2021-10-21 16:10:00,RCKT
29.19,29.19,28.96,29.0,2888,2021-10-21 16:15:00,RCKT
29.03,29.09,29.03,29.09,600,2021-10-21 16:25:00,RCKT
29.11,29.2231,29.06,29.09,2231,2021-10-21 16:30:00,RCKT
29.11,29.13,29.07,29.07,900,2021-10-21 16:35:00,RCKT
29.07,29.07,29.05,29.05,300,2021-10-21 16:40:00,RCKT
29.06,29.06,29.03,29.03,800,2021-10-21 16:45:00,RCKT
29.02,29.02,29.02,29.02,100,2021-10-21 16:50:00,RCKT
28.98,28.98,28.945,28.98,1000,2021-10-21 16:55:00,RCKT
28.985,29.02,28.97,29.0,1700,2021-10-21 17:00:00,RCKT
28.985,29.0,28.985,28.99,500,2021-10-21 17:05:00,RCKT
28.98,29.05,28.98,28.99,1100,2021-10-21 17:10:00,RCKT
28.975,29.12,28.96,29.045,7310,2021-10-21 17:15:00,RCKT
29.05,29.13,29.03,29.09,4458,2021-10-21 17:20:00,RCKT
29.075,29.09,28.98,29.045,16286,2021-10-21 17:25:00,RCKT
29.05,29.09,29.05,29.07,869,2021-10-21 17:30:00,RCKT
29.09,29.09,29.03,29.045,1000,2021-10-21 17:35:00,RCKT
29.085,29.085,29.04,29.05,600,2021-10-21 17:40:00,RCKT
29.04,29.05,29.0,29.0,1300,2021-10-21 17:45:00,RCKT
28.955,28.955,28.955,28.955,100,2021-10-21 17:50:00,RCKT
28.955,28.955,28.955,28.955,100,2021-10-21 17:55:00,RCKT
28.945,28.95,28.9,28.9,2021,2021-10-21 18:00:00,RCKT
28.91,28.92,28.9,28.9,800,2021-10-21 18:05:00,RCKT
28.845,28.845,28.845,28.845,100,2021-10-21 18:10:00,RCKT
28.84,28.85,28.75,28.76,1400,2021-10-21 18:15:00,RCKT
28.769,28.769,28.72,28.72,1450,2021-10-21 18:20:00,RCKT
28.74,28.805,28.73,28.78,1400,2021-10-21 18:25:00,RCKT
28.79,28.795,28.74,28.76,600,2021-10-21 18:30:00,RCKT
28.73,28.78,28.71,28.78,1200,2021-10-21 18:35:00,RCKT
28.75,28.75,28.75,28.75,100,2021-10-21 18:40:00,RCKT
28.7513,28.8,28.73,28.8,1840,2021-10-21 18:45:00,RCKT
28.855,28.86,28.855,28.86,200,2021-10-21 18:50:00,RCKT
28.855,28.89,28.855,28.88,1100,2021-10-21 18:55:00,RCKT
28.91,28.925,28.91,28.925,500,2021-10-21 19:00:00,RCKT
28.94,29.01,28.94,28.97,1322,2021-10-21 19:05:00,RCKT
28.93,28.93,28.86,28.89,900,2021-10-21 19:10:00,RCKT
28.92,28.92,28.88,28.88,1417,2021-10-21 19:15:00,RCKT
28.855,28.92,28.855,28.92,2305,2021-10-21 19:20:00,RCKT
28.92,28.95,28.9,28.93,1300,2021-10-21 19:25:00,RCKT
28.96,29.04,28.96,29.015,1300,2021-10-21 19:30:00,RCKT
28.98,28.98,28.96,28.96,400,2021-10-21 19:35:00,RCKT
28.88,28.94,28.88,28.94,3800,2021-10-21 19:40:00,RCKT
28.99,28.99,28.9,28.92,1300,2021-10-21 19:45:00,RCKT
28.9,28.94,28.9,28.91,2933,2021-10-21 19:50:00,RCKT
28.9,29.04,28.89,29.04,9615,2021-10-21 19:55:00,RCKT
28.97,28.97,28.97,28.97,27352,2021-10-21 20:00:00,RCKT
28.76,28.76,28.71,28.71,1674,2021-10-22 13:05:00,RCKT
28.85,28.85,28.85,28.85,100,2021-10-22 13:25:00,RCKT
28.73,28.84,28.415,28.415,6995,2021-10-22 13:30:00,RCKT
28.405,28.405,28.405,28.405,100,2021-10-22 13:35:00,RCKT
28.231,28.231,28.231,28.231,107,2021-10-22 13:40:00,RCKT
28.45,28.48,28.42,28.44,1675,2021-10-22 13:45:00,RCKT
28.51,28.51,28.495,28.495,600,2021-10-22 13:50:00,RCKT
28.68,28.725,28.65,28.71,500,2021-10-22 13:55:00,RCKT
28.685,28.715,28.545,28.545,1700,2021-10-22 14:00:00,RCKT
28.73,28.73,28.69,28.69,200,2021-10-22 14:10:00,RCKT
28.755,28.865,28.755,28.79,700,2021-10-22 14:15:00,RCKT
28.8982,28.8982,28.8982,28.8982,100,2021-10-22 14:20:00,RCKT
28.94,28.94,28.94,28.94,100,2021-10-22 14:30:00,RCKT
29.0294,29.06,29.0,29.06,400,2021-10-22 14:35:00,RCKT
29.03,29.03,28.95,28.95,687,2021-10-22 14:40:00,RCKT
28.99,28.99,28.88,28.88,500,2021-10-22 14:45:00,RCKT
28.87,28.9,28.84,28.84,2390,2021-10-22 14:50:00,RCKT
28.77,28.84,28.77,28.84,200,2021-10-22 14:55:00,RCKT
28.965,28.965,28.85,28.85,1700,2021-10-22 15:05:00,RCKT
28.86,28.99,28.85,28.99,8933,2021-10-22 15:10:00,RCKT
29.015,29.015,28.92,28.92,572,2021-10-22 15:15:00,RCKT
28.88,28.88,28.81,28.81,500,2021-10-22 15:20:00,RCKT
28.79,28.79,28.79,28.79,100,2021-10-22 15:25:00,RCKT
28.735,28.76,28.68,28.68,400,2021-10-22 15:30:00,RCKT
28.69,28.69,28.6101,28.6101,640,2021-10-22 15:35:00,RCKT
28.615,28.675,28.57,28.675,1941,2021-10-22 15:40:00,RCKT
28.68,28.71,28.68,28.71,300,2021-10-22 15:45:00,RCKT
28.67,28.71,28.67,28.695,800,2021-10-22 15:50:00,RCKT
28.715,28.715,28.715,28.715,200,2021-10-22 15:55:00,RCKT
28.64,28.69,28.64,28.69,600,2021-10-22 16:00:00,RCKT
28.71,28.7599,28.6875,28.75,772,2021-10-22 16:05:00,RCKT
28.79,28.79,28.78,28.78,200,2021-10-22 16:10:00,RCKT
28.77,28.815,28.77,28.78,500,2021-10-22 16:15:00,RCKT
28.81,28.81,28.77,28.77,200,2021-10-22 16:20:00,RCKT
28.82,28.84,28.82,28.84,300,2021-10-22 16:25:00,RCKT
28.83,28.86,28.81,28.86,700,2021-10-22 16:30:00,RCKT
28.87,28.87,28.87,28.87,200,2021-10-22 16:35:00,RCKT
28.91,28.94,28.9,28.9,800,2021-10-22 16:40:00,RCKT
28.9,28.9,28.85,28.87,800,2021-10-22 16:50:00,RCKT
28.8,28.8,28.79,28.79,200,2021-10-22 16:55:00,RCKT
28.76,28.78,28.745,28.745,400,2021-10-22 17:00:00,RCKT
28.77,28.81,28.77,28.81,500,2021-10-22 17:05:00,RCKT
28.79,28.79,28.77,28.77,200,2021-10-22 17:10:00,RCKT
28.87,28.89,28.87,28.89,300,2021-10-22 17:15:00,RCKT
28.89,28.92,28.87,28.92,300,2021-10-22 17:20:00,RCKT
28.98,28.98,28.96,28.96,300,2021-10-22 17:25:00,RCKT
28.95,28.97,28.91,28.945,800,2021-10-22 17:30:00,RCKT
28.92,29.07,28.92,29.01,3100,2021-10-22 17:35:00,RCKT
29.06,29.13,29.06,29.13,600,2021-10-22 17:40:00,RCKT
29.18,29.22,29.18,29.215,500,2021-10-22 17:45:00,RCKT
29.19,29.19,29.14,29.14,200,2021-10-22 17:50:00,RCKT
29.17,29.17,29.12,29.12,400,2021-10-22 17:55:00,RCKT
29.115,29.12,29.09,29.12,300,2021-10-22 18:00:00,RCKT
29.09,29.11,29.03,29.05,1400,2021-10-22 18:05:00,RCKT
29.04,29.085,29.04,29.085,400,2021-10-22 18:10:00,RCKT
29.09,29.12,29.05,29.12,500,2021-10-22 18:15:00,RCKT
29.11,29.14,29.11,29.14,500,2021-10-22 18:25:00,RCKT
29.17,29.2,29.15,29.165,900,2021-10-22 18:30:00,RCKT
29.19,29.22,29.18,29.18,1300,2021-10-22 18:35:00,RCKT
29.19,29.2,29.19,29.2,500,2021-10-22 18:40:00,RCKT
29.18,29.18,29.16,29.16,200,2021-10-22 18:45:00,RCKT
29.19,29.2,29.13,29.13,600,2021-10-22 18:50:00,RCKT
29.23,29.23,29.19,29.19,508,2021-10-22 18:55:00,RCKT
29.19,29.22,29.16,29.16,1000,2021-10-22 19:00:00,RCKT
29.16,29.235,29.16,29.23,1100,2021-10-22 19:05:00,RCKT
29.15,29.15,29.13,29.13,300,2021-10-22 19:10:00,RCKT
29.15,29.16,29.14,29.14,1600,2021-10-22 19:15:00,RCKT
29.05,29.07,29.05,29.07,600,2021-10-22 19:20:00,RCKT
29.05,29.05,29.01,29.05,300,2021-10-22 19:25:00,RCKT
29.03,29.205,29.03,29.205,900,2021-10-22 19:30:00,RCKT
29.18,29.18,29.13,29.13,515,2021-10-22 19:35:00,RCKT
29.145,29.18,29.14,29.14,1300,2021-10-22 19:40:00,RCKT
29.16,29.23,29.13,29.23,3026,2021-10-22 19:45:00,RCKT
29.22,29.36,29.2,29.27,3235,2021-10-22 19:50:00,RCKT
29.285,29.5,29.285,29.5,22581,2021-10-22 19:55:00,RCKT
29.39,29.39,29.39,29.39,30474,2021-10-22 20:00:00,RCKT
29.39,29.39,29.39,29.39,16752,2021-10-22 20:35:00,RCKT
