open,high,low,close,volume,datetime,symbol
48.57,48.709,48.57,48.709,555,2021-10-11 13:35:00,UEIC
48.82,48.82,48.5,48.5,570,2021-10-11 13:45:00,UEIC
49.07,49.07,48.76,48.76,300,2021-10-11 13:55:00,UEIC
48.75,48.94,48.63,48.94,2659,2021-10-11 14:05:00,UEIC
48.845,48.845,48.845,48.845,110,2021-10-11 14:40:00,UEIC
48.8,48.8,48.75,48.75,1000,2021-10-11 14:50:00,UEIC
48.675,48.71,48.675,48.71,200,2021-10-11 14:55:00,UEIC
48.37,48.37,48.37,48.37,200,2021-10-11 15:30:00,UEIC
48.11,48.11,48.11,48.11,100,2021-10-11 15:40:00,UEIC
48.22,48.22,48.22,48.22,100,2021-10-11 15:45:00,UEIC
48.25,48.25,48.25,48.25,100,2021-10-11 15:50:00,UEIC
48.19,48.27,48.19,48.27,200,2021-10-11 16:15:00,UEIC
48.14,48.14,48.14,48.14,100,2021-10-11 16:25:00,UEIC
48.1,48.1,48.1,48.1,100,2021-10-11 16:55:00,UEIC
47.91,47.91,47.91,47.91,100,2021-10-11 17:05:00,UEIC
47.94,47.94,47.93,47.93,200,2021-10-11 17:10:00,UEIC
47.775,47.775,47.775,47.775,100,2021-10-11 17:40:00,UEIC
47.93,47.93,47.9,47.9,200,2021-10-11 18:15:00,UEIC
47.7,47.7,47.7,47.7,100,2021-10-11 18:50:00,UEIC
47.76,47.76,47.73,47.73,200,2021-10-11 19:10:00,UEIC
47.73,47.73,47.66,47.66,200,2021-10-11 19:20:00,UEIC
47.61,47.61,47.61,47.61,100,2021-10-11 19:40:00,UEIC
47.5,47.52,47.5,47.5,700,2021-10-11 19:45:00,UEIC
47.5,47.51,47.47,47.51,1500,2021-10-11 19:50:00,UEIC
47.5,47.55,47.44,47.45,2019,2021-10-11 19:55:00,UEIC
47.44,47.44,47.44,47.44,6380,2021-10-11 20:00:00,UEIC
47.35,47.35,47.35,47.35,215,2021-10-12 13:30:00,UEIC
48.1,48.1,48.1,48.1,400,2021-10-12 13:35:00,UEIC
47.4,47.4,47.4,47.4,100,2021-10-12 13:40:00,UEIC
47.22,47.22,47.22,47.22,100,2021-10-12 13:45:00,UEIC
47.16,47.16,47.13,47.13,200,2021-10-12 13:55:00,UEIC
47.2,47.2,47.08,47.08,200,2021-10-12 14:00:00,UEIC
47.03,47.03,47.03,47.03,100,2021-10-12 14:05:00,UEIC
47.09,47.09,47.09,47.09,100,2021-10-12 14:10:00,UEIC
46.86,46.86,46.86,46.86,100,2021-10-12 14:15:00,UEIC
46.96,46.96,46.79,46.79,500,2021-10-12 14:20:00,UEIC
46.95,46.98,46.85,46.92,500,2021-10-12 14:30:00,UEIC
46.99,46.99,46.99,46.99,100,2021-10-12 14:35:00,UEIC
47.13,47.15,47.13,47.15,400,2021-10-12 14:40:00,UEIC
47.15,47.15,47.11,47.11,333,2021-10-12 15:10:00,UEIC
47.2,47.2,47.2,47.2,100,2021-10-12 15:15:00,UEIC
47.29,47.29,47.23,47.23,400,2021-10-12 15:20:00,UEIC
47.06,47.06,47.06,47.06,100,2021-10-12 15:45:00,UEIC
47.08,47.11,47.065,47.065,500,2021-10-12 15:55:00,UEIC
47.11,47.11,47.11,47.11,100,2021-10-12 16:20:00,UEIC
47.14,47.14,47.14,47.14,100,2021-10-12 16:25:00,UEIC
47.15,47.15,47.15,47.15,100,2021-10-12 16:35:00,UEIC
47.125,47.125,47.125,47.125,100,2021-10-12 16:40:00,UEIC
47.09,47.12,46.97,46.97,700,2021-10-12 17:05:00,UEIC
46.95,46.95,46.95,46.95,100,2021-10-12 17:20:00,UEIC
46.84,46.86,46.785,46.785,300,2021-10-12 17:35:00,UEIC
46.8,46.8,46.8,46.8,100,2021-10-12 17:50:00,UEIC
46.625,46.625,46.625,46.625,100,2021-10-12 18:15:00,UEIC
46.74,46.84,46.71,46.84,781,2021-10-12 18:20:00,UEIC
46.83,46.83,46.81,46.81,200,2021-10-12 18:25:00,UEIC
46.76,46.79,46.76,46.79,200,2021-10-12 18:40:00,UEIC
46.73,46.73,46.73,46.73,100,2021-10-12 18:50:00,UEIC
46.76,46.76,46.76,46.76,100,2021-10-12 18:55:00,UEIC
46.7,46.7,46.605,46.605,400,2021-10-12 19:05:00,UEIC
46.605,46.605,46.525,46.525,265,2021-10-12 19:10:00,UEIC
46.555,46.555,46.555,46.555,100,2021-10-12 19:15:00,UEIC
46.57,46.57,46.57,46.57,100,2021-10-12 19:20:00,UEIC
46.54,46.54,46.375,46.375,300,2021-10-12 19:30:00,UEIC
46.5822,46.5822,46.395,46.395,1900,2021-10-12 19:40:00,UEIC
46.395,46.51,46.395,46.51,622,2021-10-12 19:45:00,UEIC
46.56,46.56,46.54,46.54,400,2021-10-12 19:50:00,UEIC
46.5,46.51,46.36,46.47,1130,2021-10-12 19:55:00,UEIC
46.47,46.47,46.47,46.47,6907,2021-10-12 20:00:00,UEIC
46.54,46.54,46.54,46.54,288,2021-10-13 13:30:00,UEIC
46.8,46.88,46.8,46.88,200,2021-10-13 13:35:00,UEIC
46.89,46.89,46.89,46.89,100,2021-10-13 13:40:00,UEIC
46.61,46.61,46.38,46.38,202,2021-10-13 13:45:00,UEIC
45.88,45.88,45.88,45.88,100,2021-10-13 13:50:00,UEIC
45.87,46.19,45.87,46.19,200,2021-10-13 13:55:00,UEIC
45.75,45.75,45.75,45.75,150,2021-10-13 14:20:00,UEIC
46.19,46.19,46.19,46.19,100,2021-10-13 14:25:00,UEIC
46.27,46.27,46.27,46.27,100,2021-10-13 14:30:00,UEIC
46.4,46.4,46.4,46.4,100,2021-10-13 14:40:00,UEIC
46.06,46.15,46.06,46.15,200,2021-10-13 14:45:00,UEIC
46.01,46.01,46.01,46.01,100,2021-10-13 14:50:00,UEIC
46.1,46.1,46.1,46.1,110,2021-10-13 14:55:00,UEIC
46.465,46.465,46.465,46.465,100,2021-10-13 15:05:00,UEIC
46.26,46.26,46.26,46.26,200,2021-10-13 15:20:00,UEIC
46.22,46.24,46.18,46.24,300,2021-10-13 15:25:00,UEIC
46.205,46.23,46.165,46.23,335,2021-10-13 15:30:00,UEIC
46.34,46.34,46.33,46.33,400,2021-10-13 15:50:00,UEIC
46.29,46.32,46.19,46.19,616,2021-10-13 16:00:00,UEIC
46.155,46.155,46.155,46.155,100,2021-10-13 16:10:00,UEIC
46.11,46.11,46.02,46.02,600,2021-10-13 16:15:00,UEIC
46.06,46.06,46.06,46.06,344,2021-10-13 16:20:00,UEIC
46.07,46.1,46.07,46.1,400,2021-10-13 16:25:00,UEIC
46.155,46.155,46.155,46.155,300,2021-10-13 16:40:00,UEIC
46.18,46.18,46.18,46.18,200,2021-10-13 16:45:00,UEIC
46.24,46.3099,46.24,46.255,415,2021-10-13 16:50:00,UEIC
46.29,46.29,46.29,46.29,200,2021-10-13 16:55:00,UEIC
46.275,46.33,46.275,46.33,200,2021-10-13 17:00:00,UEIC
46.29,46.29,46.29,46.29,100,2021-10-13 17:05:00,UEIC
46.3,46.3,46.22,46.22,200,2021-10-13 17:10:00,UEIC
46.29,46.29,46.28,46.28,200,2021-10-13 17:20:00,UEIC
46.22,46.33,46.22,46.33,200,2021-10-13 17:25:00,UEIC
46.33,46.33,46.32,46.32,200,2021-10-13 17:30:00,UEIC
46.21,46.275,46.19,46.19,800,2021-10-13 17:40:00,UEIC
46.22,46.22,46.16,46.19,400,2021-10-13 17:50:00,UEIC
46.21,46.22,46.15,46.15,1110,2021-10-13 18:00:00,UEIC
46.025,46.025,46.0,46.0,900,2021-10-13 18:05:00,UEIC
46.18,46.18,46.18,46.18,100,2021-10-13 18:10:00,UEIC
46.04,46.04,46.04,46.04,100,2021-10-13 18:15:00,UEIC
46.04,46.04,46.04,46.04,100,2021-10-13 18:20:00,UEIC
46.1,46.1,46.1,46.1,100,2021-10-13 18:25:00,UEIC
46.05,46.05,46.05,46.05,300,2021-10-13 18:30:00,UEIC
46.055,46.09,46.055,46.09,300,2021-10-13 18:35:00,UEIC
46.0273,46.0273,46.0,46.0,231,2021-10-13 18:40:00,UEIC
46.0,46.0,45.87,45.87,500,2021-10-13 18:45:00,UEIC
45.89,45.89,45.89,45.89,300,2021-10-13 18:50:00,UEIC
45.945,46.0255,45.945,46.0255,200,2021-10-13 18:55:00,UEIC
45.96,46.04,45.96,46.04,1962,2021-10-13 19:05:00,UEIC
46.03,46.04,46.03,46.04,504,2021-10-13 19:10:00,UEIC
46.04,46.04,46.015,46.04,1196,2021-10-13 19:15:00,UEIC
46.04,46.15,46.03,46.105,976,2021-10-13 19:20:00,UEIC
46.02,46.02,46.01,46.01,200,2021-10-13 19:25:00,UEIC
46.0,46.01,45.94,45.94,300,2021-10-13 19:30:00,UEIC
46.01,46.01,46.01,46.01,300,2021-10-13 19:35:00,UEIC
46.0,46.0,45.96,45.96,500,2021-10-13 19:40:00,UEIC
45.995,46.065,45.995,46.065,400,2021-10-13 19:45:00,UEIC
46.09,46.09,45.98,45.98,1000,2021-10-13 19:50:00,UEIC
45.98,46.0,45.94,46.0,1400,2021-10-13 19:55:00,UEIC
46.04,46.04,46.04,46.04,6948,2021-10-13 20:00:00,UEIC
46.5,46.5,46.5,46.5,158,2021-10-14 13:30:00,UEIC
46.1,46.22,46.05,46.05,904,2021-10-14 13:55:00,UEIC
46.1,46.1,46.1,46.1,100,2021-10-14 14:00:00,UEIC
46.75,46.75,46.75,46.75,237,2021-10-14 14:40:00,UEIC
46.46,46.46,46.46,46.46,100,2021-10-14 14:45:00,UEIC
46.57,46.57,46.56,46.56,200,2021-10-14 14:50:00,UEIC
46.5,46.5,46.5,46.5,100,2021-10-14 15:05:00,UEIC
46.38,46.38,46.38,46.38,100,2021-10-14 15:20:00,UEIC
46.46,46.46,46.46,46.46,100,2021-10-14 15:35:00,UEIC
46.58,46.58,46.58,46.58,100,2021-10-14 15:45:00,UEIC
46.55,46.55,46.5,46.5,401,2021-10-14 15:55:00,UEIC
46.46,46.46,46.46,46.46,100,2021-10-14 16:10:00,UEIC
46.44,46.44,46.44,46.44,100,2021-10-14 16:20:00,UEIC
46.4,46.4,46.4,46.4,100,2021-10-14 16:35:00,UEIC
46.35,46.35,46.35,46.35,100,2021-10-14 17:40:00,UEIC
46.35,46.35,46.34,46.34,500,2021-10-14 17:50:00,UEIC
46.2001,46.27,46.17,46.17,400,2021-10-14 18:05:00,UEIC
46.32,46.35,46.32,46.35,200,2021-10-14 18:20:00,UEIC
46.28,46.35,46.28,46.35,200,2021-10-14 18:25:00,UEIC
46.46,46.46,46.46,46.46,100,2021-10-14 18:30:00,UEIC
46.35,46.35,46.35,46.35,100,2021-10-14 18:35:00,UEIC
46.31,46.35,46.3,46.3,800,2021-10-14 18:50:00,UEIC
46.28,46.28,46.28,46.28,100,2021-10-14 19:05:00,UEIC
46.24,46.24,46.24,46.24,100,2021-10-14 19:10:00,UEIC
46.2,46.2,46.2,46.2,100,2021-10-14 19:20:00,UEIC
46.15,46.15,46.15,46.15,100,2021-10-14 19:25:00,UEIC
45.97,45.97,45.97,45.97,100,2021-10-14 19:30:00,UEIC
46.08,46.08,46.07,46.07,400,2021-10-14 19:35:00,UEIC
46.13,46.13,46.13,46.13,100,2021-10-14 19:40:00,UEIC
45.99,46.06,45.98,46.06,438,2021-10-14 19:50:00,UEIC
46.05,46.15,45.97,46.04,1198,2021-10-14 19:55:00,UEIC
46.07,46.07,46.07,46.07,10687,2021-10-14 20:00:00,UEIC
46.57,46.79,46.57,46.71,3060,2021-10-15 13:30:00,UEIC
46.79,46.79,46.79,46.79,100,2021-10-15 13:35:00,UEIC
46.32,46.32,46.32,46.32,100,2021-10-15 13:40:00,UEIC
46.325,46.33,46.325,46.33,200,2021-10-15 13:45:00,UEIC
46.62,46.62,46.62,46.62,100,2021-10-15 13:50:00,UEIC
46.4,46.61,46.4,46.43,1500,2021-10-15 14:50:00,UEIC
46.5,46.5,46.5,46.5,100,2021-10-15 15:10:00,UEIC
46.57,46.57,46.57,46.57,100,2021-10-15 15:40:00,UEIC
46.51,46.51,46.4,46.44,300,2021-10-15 15:50:00,UEIC
46.48,46.48,46.41,46.41,200,2021-10-15 15:55:00,UEIC
46.4,46.42,46.4,46.42,200,2021-10-15 16:05:00,UEIC
46.49,46.49,46.4,46.445,300,2021-10-15 16:10:00,UEIC
46.44,46.45,46.37,46.37,500,2021-10-15 16:15:00,UEIC
46.42,46.42,46.42,46.42,100,2021-10-15 16:30:00,UEIC
46.37,46.37,46.37,46.37,200,2021-10-15 16:35:00,UEIC
46.39,46.39,46.39,46.39,100,2021-10-15 16:45:00,UEIC
46.43,46.43,46.43,46.43,100,2021-10-15 16:55:00,UEIC
46.44,46.44,46.39,46.39,200,2021-10-15 17:00:00,UEIC
46.3,46.3,46.3,46.3,200,2021-10-15 17:30:00,UEIC
46.26,46.33,46.26,46.33,300,2021-10-15 17:40:00,UEIC
46.43,46.43,46.42,46.42,300,2021-10-15 18:05:00,UEIC
46.4,46.4,46.37,46.37,200,2021-10-15 18:10:00,UEIC
46.35,46.4,46.35,46.4,200,2021-10-15 18:20:00,UEIC
46.4,46.425,46.32,46.425,700,2021-10-15 18:25:00,UEIC
46.42,46.42,46.42,46.42,100,2021-10-15 18:30:00,UEIC
46.44,46.44,46.34,46.34,200,2021-10-15 18:35:00,UEIC
46.465,46.465,46.25,46.31,368,2021-10-15 18:50:00,UEIC
46.0007,46.1262,46.0007,46.1262,1938,2021-10-15 19:10:00,UEIC
46.08,46.08,45.93,45.93,300,2021-10-15 19:15:00,UEIC
46.01,46.01,45.965,45.965,332,2021-10-15 19:30:00,UEIC
45.89,45.89,45.89,45.89,100,2021-10-15 19:35:00,UEIC
45.89,45.89,45.87,45.87,300,2021-10-15 19:40:00,UEIC
45.86,45.92,45.85,45.88,600,2021-10-15 19:45:00,UEIC
45.74,45.74,45.57,45.57,954,2021-10-15 19:50:00,UEIC
45.74,45.74,45.53,45.7,3423,2021-10-15 19:55:00,UEIC
45.65,45.65,45.65,45.65,9743,2021-10-15 20:00:00,UEIC
45.82,45.95,45.82,45.95,300,2021-10-18 13:25:00,UEIC
46.02,46.02,45.7,45.71,5601,2021-10-18 13:30:00,UEIC
46.12,46.12,45.6,45.6,1126,2021-10-18 13:35:00,UEIC
46.0575,46.0575,46.0575,46.0575,100,2021-10-18 13:50:00,UEIC
46.02,46.68,46.02,46.68,200,2021-10-18 13:55:00,UEIC
45.445,46.15,45.445,46.15,200,2021-10-18 14:05:00,UEIC
46.0,46.055,46.0,46.02,400,2021-10-18 14:10:00,UEIC
46.015,46.0875,45.99,46.0875,300,2021-10-18 14:15:00,UEIC
46.21,46.26,46.21,46.26,200,2021-10-18 14:20:00,UEIC
46.005,46.015,45.92,46.015,300,2021-10-18 14:35:00,UEIC
46.08,46.56,45.935,45.935,600,2021-10-18 14:40:00,UEIC
46.06,46.07,46.06,46.07,207,2021-10-18 14:45:00,UEIC
45.95,45.97,45.94,45.94,400,2021-10-18 14:50:00,UEIC
46.0,46.0,46.0,46.0,100,2021-10-18 14:55:00,UEIC
46.025,46.025,46.025,46.025,100,2021-10-18 15:05:00,UEIC
46.01,46.015,46.01,46.01,500,2021-10-18 15:15:00,UEIC
46.0575,46.0575,46.0,46.02,600,2021-10-18 15:20:00,UEIC
46.1389,46.19,46.1389,46.19,379,2021-10-18 15:25:00,UEIC
46.03,46.15,46.0,46.005,900,2021-10-18 15:30:00,UEIC
46.0498,46.11,45.993,46.09,1300,2021-10-18 15:35:00,UEIC
46.08,46.08,46.0,46.0,300,2021-10-18 15:40:00,UEIC
46.0,46.0,45.95,45.98,500,2021-10-18 15:50:00,UEIC
46.05,46.15,46.04,46.09,807,2021-10-18 15:55:00,UEIC
46.08,46.16,46.08,46.16,3700,2021-10-18 16:00:00,UEIC
46.2,46.2,46.2,46.2,100,2021-10-18 16:05:00,UEIC
46.205,46.215,46.205,46.215,200,2021-10-18 16:10:00,UEIC
46.23,46.23,46.17,46.17,200,2021-10-18 16:15:00,UEIC
46.16,46.16,46.065,46.065,606,2021-10-18 16:20:00,UEIC
46.02,46.1,46.02,46.1,400,2021-10-18 16:25:00,UEIC
46.13,46.13,46.13,46.13,100,2021-10-18 16:30:00,UEIC
46.125,46.195,46.12,46.125,1105,2021-10-18 16:35:00,UEIC
46.03,46.03,46.03,46.03,100,2021-10-18 16:50:00,UEIC
46.09,46.18,46.053,46.135,1000,2021-10-18 16:55:00,UEIC
46.19,46.19,46.19,46.19,100,2021-10-18 17:00:00,UEIC
46.225,46.225,46.225,46.225,100,2021-10-18 17:05:00,UEIC
46.145,46.145,46.14,46.14,300,2021-10-18 17:10:00,UEIC
46.05,46.05,46.05,46.05,100,2021-10-18 17:15:00,UEIC
46.0616,46.0616,46.0616,46.0616,100,2021-10-18 17:25:00,UEIC
46.14,46.14,46.05,46.07,400,2021-10-18 17:30:00,UEIC
46.14,46.14,46.14,46.14,100,2021-10-18 17:35:00,UEIC
45.99,46.08,45.99,46.08,300,2021-10-18 17:45:00,UEIC
46.17,46.17,46.17,46.17,100,2021-10-18 17:50:00,UEIC
46.105,46.105,46.06,46.06,200,2021-10-18 17:55:00,UEIC
46.1,46.1,46.1,46.1,100,2021-10-18 18:00:00,UEIC
46.09,46.09,46.09,46.09,100,2021-10-18 18:10:00,UEIC
46.1001,46.1001,46.1001,46.1001,100,2021-10-18 18:20:00,UEIC
46.11,46.13,46.11,46.13,336,2021-10-18 18:30:00,UEIC
46.07,46.08,46.06,46.08,614,2021-10-18 18:35:00,UEIC
45.94,45.94,45.94,45.94,100,2021-10-18 18:45:00,UEIC
46.0,46.01,46.0,46.01,300,2021-10-18 18:50:00,UEIC
46.02,46.03,45.92,45.92,600,2021-10-18 19:00:00,UEIC
45.945,45.945,45.945,45.945,100,2021-10-18 19:15:00,UEIC
45.99,46.0,45.94,46.0,700,2021-10-18 19:20:00,UEIC
45.97,45.97,45.97,45.97,100,2021-10-18 19:25:00,UEIC
46.0,46.0,45.93,45.93,1127,2021-10-18 19:30:00,UEIC
45.9,46.0,45.9,45.999,1650,2021-10-18 19:35:00,UEIC
46.03,46.06,46.03,46.04,914,2021-10-18 19:40:00,UEIC
45.985,46.0,45.97,45.99,600,2021-10-18 19:45:00,UEIC
46.02,46.11,46.02,46.11,830,2021-10-18 19:50:00,UEIC
46.06,46.09,45.94,45.94,5098,2021-10-18 19:55:00,UEIC
45.94,45.94,45.94,45.94,6520,2021-10-18 20:00:00,UEIC
46.04,46.04,46.04,46.04,943,2021-10-19 13:30:00,UEIC
47.305,47.305,47.305,47.305,1100,2021-10-19 13:35:00,UEIC
46.39,46.39,46.39,46.39,100,2021-10-19 13:45:00,UEIC
45.6125,45.6125,45.6125,45.6125,100,2021-10-19 13:50:00,UEIC
45.92,45.92,45.35,45.35,7115,2021-10-19 14:05:00,UEIC
46.165,46.23,46.165,46.23,600,2021-10-19 14:10:00,UEIC
45.92,45.92,45.55,45.91,500,2021-10-19 14:15:00,UEIC
45.8,46.07,45.78,45.79,700,2021-10-19 14:40:00,UEIC
45.73,45.73,45.44,45.44,400,2021-10-19 14:45:00,UEIC
45.7,45.7,45.7,45.7,100,2021-10-19 14:50:00,UEIC
45.75,45.82,45.75,45.82,300,2021-10-19 15:10:00,UEIC
45.89,45.89,45.89,45.89,100,2021-10-19 15:20:00,UEIC
45.81,45.94,45.8,45.94,900,2021-10-19 15:25:00,UEIC
45.96,45.96,45.96,45.96,100,2021-10-19 15:30:00,UEIC
46.0,46.0,45.99,45.995,300,2021-10-19 15:50:00,UEIC
46.0,46.0,46.0,46.0,100,2021-10-19 15:55:00,UEIC
46.05,46.05,46.05,46.05,100,2021-10-19 16:00:00,UEIC
46.135,46.135,46.135,46.135,100,2021-10-19 16:05:00,UEIC
46.06,46.06,46.02,46.02,400,2021-10-19 16:10:00,UEIC
46.06,46.06,46.06,46.06,100,2021-10-19 16:15:00,UEIC
46.12,46.12,46.12,46.12,100,2021-10-19 16:25:00,UEIC
46.1,46.11,46.1,46.1,300,2021-10-19 17:00:00,UEIC
46.12,46.23,46.12,46.23,500,2021-10-19 17:10:00,UEIC
46.18,46.18,46.015,46.015,700,2021-10-19 17:20:00,UEIC
46.015,46.15,46.015,46.15,300,2021-10-19 17:25:00,UEIC
46.15,46.15,46.04,46.04,300,2021-10-19 17:30:00,UEIC
46.035,46.15,46.035,46.15,500,2021-10-19 17:40:00,UEIC
46.0,46.15,46.0,46.15,200,2021-10-19 17:50:00,UEIC
46.075,46.15,46.0,46.005,900,2021-10-19 17:55:00,UEIC
46.02,46.02,46.02,46.02,100,2021-10-19 18:05:00,UEIC
46.11,46.11,46.0,46.05,300,2021-10-19 18:10:00,UEIC
46.01,46.02,46.01,46.02,300,2021-10-19 18:20:00,UEIC
45.99,45.99,45.98,45.98,400,2021-10-19 18:25:00,UEIC
45.94,45.94,45.8,45.8,673,2021-10-19 18:40:00,UEIC
45.8,45.8,45.8,45.8,264,2021-10-19 18:45:00,UEIC
46.0,46.0,45.97,45.97,300,2021-10-19 19:10:00,UEIC
46.01,46.02,46.01,46.01,731,2021-10-19 19:20:00,UEIC
45.95,45.95,45.95,45.95,100,2021-10-19 19:25:00,UEIC
45.8,45.8,45.8,45.8,100,2021-10-19 19:30:00,UEIC
45.935,45.935,45.935,45.935,100,2021-10-19 19:35:00,UEIC
45.935,45.935,45.935,45.935,100,2021-10-19 19:40:00,UEIC
45.84,46.04,45.84,46.04,700,2021-10-19 19:50:00,UEIC
46.0075,46.0075,45.85,45.85,1311,2021-10-19 19:55:00,UEIC
46.05,46.05,46.05,46.05,2562,2021-10-19 20:00:00,UEIC
45.74,45.74,45.71,45.71,2109,2021-10-20 13:30:00,UEIC
45.75,45.75,45.75,45.75,100,2021-10-20 14:25:00,UEIC
45.5601,46.31,45.56,46.31,624,2021-10-20 14:30:00,UEIC
45.755,45.89,45.75,45.82,1200,2021-10-20 14:35:00,UEIC
45.57,45.66,45.57,45.57,800,2021-10-20 14:40:00,UEIC
45.63,45.63,45.47,45.47,700,2021-10-20 14:50:00,UEIC
45.46,45.46,45.43,45.43,250,2021-10-20 14:55:00,UEIC
45.5,45.59,45.45,45.45,500,2021-10-20 15:00:00,UEIC
45.52,45.56,45.52,45.52,500,2021-10-20 15:10:00,UEIC
45.615,45.615,45.45,45.45,200,2021-10-20 15:35:00,UEIC
45.555,45.56,45.45,45.45,400,2021-10-20 15:45:00,UEIC
45.575,45.575,45.36,45.36,800,2021-10-20 15:50:00,UEIC
45.5,45.59,45.5,45.59,300,2021-10-20 15:55:00,UEIC
45.39,45.545,45.39,45.545,219,2021-10-20 16:05:00,UEIC
45.475,45.5,45.475,45.5,200,2021-10-20 16:10:00,UEIC
45.55,45.55,45.55,45.55,100,2021-10-20 16:20:00,UEIC
45.44,45.44,45.44,45.44,100,2021-10-20 16:25:00,UEIC
45.41,45.41,45.41,45.41,100,2021-10-20 16:40:00,UEIC
45.4,45.4,45.17,45.38,450,2021-10-20 17:00:00,UEIC
45.27,45.515,45.27,45.515,1088,2021-10-20 17:10:00,UEIC
45.34,45.43,45.34,45.37,700,2021-10-20 17:25:00,UEIC
45.375,45.375,45.375,45.375,100,2021-10-20 17:30:00,UEIC
45.45,45.49,45.21,45.49,450,2021-10-20 17:35:00,UEIC
45.44,45.44,45.44,45.44,100,2021-10-20 17:40:00,UEIC
45.39,45.43,45.39,45.43,200,2021-10-20 18:00:00,UEIC
45.555,45.555,45.555,45.555,100,2021-10-20 18:05:00,UEIC
45.49,45.49,45.49,45.49,100,2021-10-20 18:10:00,UEIC
45.48,45.48,45.48,45.48,100,2021-10-20 18:15:00,UEIC
45.525,45.525,45.525,45.525,100,2021-10-20 18:20:00,UEIC
45.57,45.57,45.57,45.57,100,2021-10-20 18:35:00,UEIC
45.44,45.44,45.25,45.43,400,2021-10-20 18:45:00,UEIC
45.27,45.27,45.27,45.27,100,2021-10-20 18:50:00,UEIC
45.31,45.31,45.31,45.31,100,2021-10-20 18:55:00,UEIC
45.35,45.35,45.35,45.35,100,2021-10-20 19:00:00,UEIC
45.37,45.42,45.3,45.42,500,2021-10-20 19:05:00,UEIC
45.25,45.27,45.1,45.15,2051,2021-10-20 19:15:00,UEIC
45.14,45.14,45.04,45.14,500,2021-10-20 19:25:00,UEIC
45.12,45.22,45.02,45.04,1700,2021-10-20 19:30:00,UEIC
45.13,45.13,45.12,45.12,200,2021-10-20 19:35:00,UEIC
45.045,45.045,45.045,45.045,100,2021-10-20 19:40:00,UEIC
44.99,45.11,44.99,45.05,700,2021-10-20 19:45:00,UEIC
44.99,45.11,44.99,45.0625,500,2021-10-20 19:50:00,UEIC
45.04,45.04,44.82,44.99,2920,2021-10-20 19:55:00,UEIC
44.92,44.92,44.92,44.92,5829,2021-10-20 20:00:00,UEIC
44.95,44.95,44.95,44.95,170,2021-10-21 13:30:00,UEIC
45.02,45.02,44.7,44.7,2192,2021-10-21 13:35:00,UEIC
44.57,44.95,44.57,44.95,800,2021-10-21 13:40:00,UEIC
44.6,44.6,44.6,44.6,100,2021-10-21 14:00:00,UEIC
44.82,44.85,44.765,44.765,500,2021-10-21 14:05:00,UEIC
44.69,44.72,44.65,44.65,300,2021-10-21 14:10:00,UEIC
44.73,44.73,44.585,44.585,200,2021-10-21 14:15:00,UEIC
44.36,44.36,44.35,44.35,200,2021-10-21 14:20:00,UEIC
44.59,44.59,44.465,44.465,200,2021-10-21 14:45:00,UEIC
44.46,44.47,44.45,44.47,300,2021-10-21 15:00:00,UEIC
44.295,44.295,44.295,44.295,601,2021-10-21 15:10:00,UEIC
44.13,44.13,44.13,44.13,100,2021-10-21 15:15:00,UEIC
44.17,44.17,44.17,44.17,100,2021-10-21 15:25:00,UEIC
44.09,44.14,44.09,44.14,300,2021-10-21 15:30:00,UEIC
44.01,44.02,44.01,44.02,200,2021-10-21 15:35:00,UEIC
43.91,43.91,43.87,43.87,200,2021-10-21 15:55:00,UEIC
44.03,44.1,44.03,44.1,200,2021-10-21 16:00:00,UEIC
43.825,43.825,43.74,43.77,956,2021-10-21 16:10:00,UEIC
43.95,43.95,43.95,43.95,100,2021-10-21 16:20:00,UEIC
43.95,43.95,43.95,43.95,100,2021-10-21 16:25:00,UEIC
43.9,43.9,43.9,43.9,100,2021-10-21 16:30:00,UEIC
43.95,43.95,43.95,43.95,100,2021-10-21 16:35:00,UEIC
43.93,43.93,43.93,43.93,100,2021-10-21 16:45:00,UEIC
43.9,43.9,43.9,43.9,100,2021-10-21 16:50:00,UEIC
43.9,43.9,43.87,43.87,200,2021-10-21 17:00:00,UEIC
43.91,43.92,43.91,43.92,200,2021-10-21 17:10:00,UEIC
43.88,43.88,43.8,43.8,600,2021-10-21 17:25:00,UEIC
43.935,43.935,43.87,43.8805,500,2021-10-21 17:30:00,UEIC
43.875,43.9367,43.82,43.9367,1200,2021-10-21 17:35:00,UEIC
43.9,43.9,43.9,43.9,100,2021-10-21 17:40:00,UEIC
43.84,43.9,43.82,43.9,300,2021-10-21 17:45:00,UEIC
43.94,43.94,43.94,43.94,100,2021-10-21 17:55:00,UEIC
44.145,44.145,44.06,44.06,200,2021-10-21 18:15:00,UEIC
44.155,44.155,44.155,44.155,100,2021-10-21 18:20:00,UEIC
44.085,44.085,44.085,44.085,100,2021-10-21 18:25:00,UEIC
44.11,44.11,43.93,43.93,1354,2021-10-21 18:35:00,UEIC
43.92,44.02,43.78,43.78,600,2021-10-21 18:40:00,UEIC
43.72,44.04,43.72,44.02,900,2021-10-21 18:45:00,UEIC
44.04,44.09,43.98,43.98,800,2021-10-21 19:00:00,UEIC
44.075,44.075,44.035,44.06,300,2021-10-21 19:05:00,UEIC
43.995,44.05,43.995,44.05,200,2021-10-21 19:10:00,UEIC
43.94,44.055,43.91,43.91,800,2021-10-21 19:15:00,UEIC
43.94,43.94,43.88,43.88,300,2021-10-21 19:20:00,UEIC
43.965,43.965,43.91,43.91,450,2021-10-21 19:25:00,UEIC
44.01,44.01,43.975,43.975,200,2021-10-21 19:30:00,UEIC
44.015,44.015,43.9,43.9,400,2021-10-21 19:35:00,UEIC
43.89,43.92,43.89,43.915,600,2021-10-21 19:40:00,UEIC
43.93,43.93,43.79,43.79,3800,2021-10-21 19:45:00,UEIC
43.825,43.87,43.75,43.75,2000,2021-10-21 19:50:00,UEIC
43.75,43.99,43.75,43.82,4293,2021-10-21 19:55:00,UEIC
43.81,43.81,43.81,43.81,8216,2021-10-21 20:00:00,UEIC
43.76,43.8,43.76,43.79,1291,2021-10-22 13:30:00,UEIC
44.2,44.21,43.75,44.13,1674,2021-10-22 13:35:00,UEIC
44.245,44.245,44.24,44.24,2600,2021-10-22 13:40:00,UEIC
44.21,44.2125,44.21,44.2125,200,2021-10-22 13:45:00,UEIC
44.225,44.225,44.225,44.225,100,2021-10-22 13:50:00,UEIC
44.12,44.12,44.12,44.12,100,2021-10-22 14:40:00,UEIC
44.16,44.235,44.16,44.2,300,2021-10-22 14:50:00,UEIC
44.14,44.14,44.055,44.055,300,2021-10-22 14:55:00,UEIC
44.17,44.26,44.15,44.15,725,2021-10-22 15:00:00,UEIC
44.15,44.25,44.07,44.17,702,2021-10-22 15:05:00,UEIC
44.09,44.09,44.09,44.09,100,2021-10-22 15:10:00,UEIC
44.12,44.12,44.06,44.06,200,2021-10-22 15:15:00,UEIC
44.04,44.04,44.04,44.04,100,2021-10-22 15:20:00,UEIC
44.06,44.06,44.06,44.06,100,2021-10-22 15:25:00,UEIC
44.04,44.08,43.93,43.93,500,2021-10-22 15:35:00,UEIC
43.995,44.05,43.98,44.05,600,2021-10-22 15:40:00,UEIC
44.06,44.06,44.0,44.01,400,2021-10-22 15:55:00,UEIC
44.14,44.14,44.14,44.14,200,2021-10-22 16:00:00,UEIC
44.215,44.235,44.13,44.13,1563,2021-10-22 16:10:00,UEIC
44.065,44.065,44.065,44.065,400,2021-10-22 16:15:00,UEIC
44.2,44.2,43.99,43.99,400,2021-10-22 16:20:00,UEIC
44.08,44.08,44.08,44.08,100,2021-10-22 16:25:00,UEIC
44.075,44.075,44.075,44.075,100,2021-10-22 16:30:00,UEIC
44.04,44.04,43.99,43.99,400,2021-10-22 16:35:00,UEIC
44.11,44.11,44.11,44.11,200,2021-10-22 16:50:00,UEIC
44.085,44.14,44.085,44.14,600,2021-10-22 17:05:00,UEIC
44.1,44.2,44.1,44.2,400,2021-10-22 17:15:00,UEIC
44.1,44.1,44.1,44.1,100,2021-10-22 17:20:00,UEIC
44.135,44.135,44.04,44.04,600,2021-10-22 17:35:00,UEIC
44.01,44.01,44.0,44.0,200,2021-10-22 17:45:00,UEIC
43.98,43.98,43.96,43.96,200,2021-10-22 17:50:00,UEIC
43.92,43.92,43.92,43.92,100,2021-10-22 18:10:00,UEIC
44.15,44.15,44.15,44.15,100,2021-10-22 18:35:00,UEIC
43.855,43.855,43.855,43.855,100,2021-10-22 18:45:00,UEIC
43.94,43.94,43.94,43.94,100,2021-10-22 18:50:00,UEIC
43.85,43.91,43.85,43.91,200,2021-10-22 18:55:00,UEIC
44.0,44.0,43.94,43.94,300,2021-10-22 19:00:00,UEIC
43.935,43.935,43.935,43.935,300,2021-10-22 19:20:00,UEIC
43.89,43.89,43.89,43.89,100,2021-10-22 19:30:00,UEIC
43.83,43.85,43.81,43.85,700,2021-10-22 19:35:00,UEIC
43.83,43.83,43.825,43.825,300,2021-10-22 19:40:00,UEIC
43.83,43.83,43.74,43.76,1600,2021-10-22 19:50:00,UEIC
43.725,43.735,43.49,43.49,3175,2021-10-22 19:55:00,UEIC
43.79,43.79,43.79,43.79,7289,2021-10-22 20:00:00,UEIC
