open,high,low,close,volume,datetime,symbol
88.84,88.84,88.27,88.62,1251,2021-12-01 14:30:00,ADUS
88.95,88.96,88.9,88.9,395,2021-12-01 15:00:00,ADUS
89.61,89.62,89.61,89.62,373,2021-12-01 15:05:00,ADUS
89.95,89.95,89.85,89.85,200,2021-12-01 15:20:00,ADUS
89.82,90.27,89.72,89.72,1452,2021-12-01 15:25:00,ADUS
89.8,89.8,89.8,89.8,300,2021-12-01 15:30:00,ADUS
89.56,89.56,89.56,89.56,100,2021-12-01 15:35:00,ADUS
89.06,89.82,89.06,89.82,800,2021-12-01 15:40:00,ADUS
90.03,90.31,90.03,90.21,600,2021-12-01 15:55:00,ADUS
90.36,90.36,90.33,90.33,200,2021-12-01 16:00:00,ADUS
90.46,90.46,90.46,90.46,200,2021-12-01 16:05:00,ADUS
90.45,90.45,90.45,90.45,100,2021-12-01 16:10:00,ADUS
90.49,90.645,90.49,90.57,1100,2021-12-01 16:15:00,ADUS
90.69,90.94,90.69,90.94,416,2021-12-01 16:20:00,ADUS
91.21,91.21,91.21,91.21,100,2021-12-01 16:25:00,ADUS
91.04,91.04,91.04,91.04,100,2021-12-01 16:30:00,ADUS
90.71,90.71,90.71,90.71,510,2021-12-01 16:40:00,ADUS
90.53,90.53,90.53,90.53,100,2021-12-01 16:45:00,ADUS
90.004,90.004,89.82,89.82,371,2021-12-01 16:50:00,ADUS
89.3031,89.3031,89.11,89.11,245,2021-12-01 16:55:00,ADUS
89.14,89.21,89.14,89.21,200,2021-12-01 17:00:00,ADUS
89.41,89.63,89.4,89.63,600,2021-12-01 17:05:00,ADUS
89.73,89.79,89.73,89.79,520,2021-12-01 17:10:00,ADUS
89.6,89.6,89.6,89.6,200,2021-12-01 17:15:00,ADUS
89.48,89.48,89.48,89.48,100,2021-12-01 17:25:00,ADUS
89.325,89.5,89.325,89.5,300,2021-12-01 17:30:00,ADUS
89.38,89.38,89.38,89.38,105,2021-12-01 17:35:00,ADUS
89.46,89.46,89.46,89.46,100,2021-12-01 17:40:00,ADUS
89.31,89.31,89.24,89.2625,400,2021-12-01 17:45:00,ADUS
89.14,89.14,89.07,89.07,200,2021-12-01 17:50:00,ADUS
88.57,88.57,88.57,88.57,100,2021-12-01 17:55:00,ADUS
88.5,88.54,88.5,88.54,500,2021-12-01 18:00:00,ADUS
88.36,88.38,88.36,88.38,500,2021-12-01 18:05:00,ADUS
88.11,88.11,87.7,87.7,200,2021-12-01 18:10:00,ADUS
87.95,87.95,87.7,87.7,200,2021-12-01 18:15:00,ADUS
87.5818,87.5818,87.5818,87.5818,500,2021-12-01 18:20:00,ADUS
87.78,87.85,87.78,87.85,500,2021-12-01 18:25:00,ADUS
87.75,87.75,87.56,87.56,200,2021-12-01 18:30:00,ADUS
87.4,87.47,87.4,87.47,300,2021-12-01 18:35:00,ADUS
87.4,87.48,87.13,87.13,1000,2021-12-01 18:40:00,ADUS
87.0,87.0775,86.695,86.72,900,2021-12-01 18:45:00,ADUS
87.0,87.34,87.0,87.11,1262,2021-12-01 18:50:00,ADUS
87.33,87.42,87.33,87.42,200,2021-12-01 18:55:00,ADUS
87.33,87.33,87.26,87.26,400,2021-12-01 19:00:00,ADUS
87.33,87.33,87.33,87.33,100,2021-12-01 19:05:00,ADUS
86.94,86.94,86.94,86.94,100,2021-12-01 19:10:00,ADUS
87.14,87.14,86.9,86.9,200,2021-12-01 19:15:00,ADUS
87.03,87.03,86.89,86.89,300,2021-12-01 19:20:00,ADUS
87.35,87.41,87.35,87.41,200,2021-12-01 19:25:00,ADUS
87.62,87.95,87.62,87.95,300,2021-12-01 19:30:00,ADUS
87.89,88.04,87.805,88.04,523,2021-12-01 19:35:00,ADUS
87.83,87.83,87.8,87.8,207,2021-12-01 19:40:00,ADUS
87.32,87.32,87.0421,87.0421,402,2021-12-01 19:50:00,ADUS
87.26,87.36,87.25,87.25,600,2021-12-01 19:55:00,ADUS
87.25,87.25,86.73,86.79,600,2021-12-01 20:00:00,ADUS
86.575,86.85,86.575,86.85,300,2021-12-01 20:05:00,ADUS
86.66,86.82,86.55,86.645,1000,2021-12-01 20:10:00,ADUS
86.485,86.485,86.18,86.18,500,2021-12-01 20:15:00,ADUS
86.12,86.13,86.12,86.125,300,2021-12-01 20:20:00,ADUS
86.23,86.32,86.23,86.32,500,2021-12-01 20:25:00,ADUS
86.28,86.28,86.03,86.05,1758,2021-12-01 20:30:00,ADUS
85.685,85.98,85.685,85.785,2500,2021-12-01 20:35:00,ADUS
85.77,86.02,85.75,86.02,1900,2021-12-01 20:40:00,ADUS
86.05,86.05,85.43,85.43,1000,2021-12-01 20:45:00,ADUS
85.49,85.635,85.325,85.325,1100,2021-12-01 20:50:00,ADUS
85.02,85.29,85.0,85.04,2834,2021-12-01 20:55:00,ADUS
85.21,85.21,85.21,85.21,10632,2021-12-01 21:00:00,ADUS
85.51,85.51,84.77,84.77,1076,2021-12-02 14:30:00,ADUS
86.72,86.72,86.72,86.72,100,2021-12-02 14:40:00,ADUS
85.71,85.71,85.095,85.095,686,2021-12-02 15:05:00,ADUS
85.165,85.6,85.165,85.6,660,2021-12-02 15:10:00,ADUS
85.2891,85.2891,85.08,85.14,410,2021-12-02 15:15:00,ADUS
85.07,85.07,85.04,85.07,888,2021-12-02 15:20:00,ADUS
85.21,85.21,85.21,85.21,100,2021-12-02 15:25:00,ADUS
85.2,85.2,85.2,85.2,412,2021-12-02 15:30:00,ADUS
85.02,85.02,84.77,84.77,400,2021-12-02 15:35:00,ADUS
84.5001,84.5001,84.5001,84.5001,100,2021-12-02 15:40:00,ADUS
84.5,85.01,84.5,84.84,1067,2021-12-02 15:45:00,ADUS
85.0,85.21,85.0,85.21,200,2021-12-02 15:50:00,ADUS
85.39,85.39,85.39,85.39,100,2021-12-02 15:55:00,ADUS
85.75,86.04,85.75,86.04,700,2021-12-02 16:00:00,ADUS
86.11,86.11,86.11,86.11,100,2021-12-02 16:05:00,ADUS
86.14,86.66,86.14,86.66,864,2021-12-02 16:10:00,ADUS
86.39,86.39,86.37,86.37,927,2021-12-02 16:15:00,ADUS
86.68,86.98,86.68,86.94,750,2021-12-02 16:25:00,ADUS
86.93,86.93,86.64,86.64,529,2021-12-02 16:30:00,ADUS
86.78,86.78,86.78,86.78,351,2021-12-02 16:35:00,ADUS
87.01,87.01,86.87,86.87,400,2021-12-02 16:40:00,ADUS
87.2,87.2,87.2,87.2,100,2021-12-02 16:45:00,ADUS
87.4564,87.4564,87.4564,87.4564,100,2021-12-02 16:50:00,ADUS
87.45,87.88,87.45,87.88,400,2021-12-02 16:55:00,ADUS
87.67,87.83,87.66,87.83,400,2021-12-02 17:00:00,ADUS
87.5,87.5,87.5,87.5,100,2021-12-02 17:05:00,ADUS
87.745,87.745,87.745,87.745,100,2021-12-02 17:15:00,ADUS
87.92,88.075,87.83,88.075,877,2021-12-02 17:20:00,ADUS
87.82,87.82,87.79,87.79,597,2021-12-02 17:25:00,ADUS
87.87,87.87,87.87,87.87,251,2021-12-02 17:35:00,ADUS
87.77,87.78,87.76,87.78,300,2021-12-02 17:40:00,ADUS
87.69,87.69,87.69,87.69,100,2021-12-02 17:50:00,ADUS
87.56,87.625,87.49,87.625,851,2021-12-02 18:00:00,ADUS
87.73,87.73,87.73,87.73,200,2021-12-02 18:05:00,ADUS
87.8,87.8,87.8,87.8,100,2021-12-02 18:10:00,ADUS
87.72,87.72,87.72,87.72,100,2021-12-02 18:15:00,ADUS
87.72,87.72,87.53,87.53,400,2021-12-02 18:20:00,ADUS
87.54,87.54,87.32,87.32,714,2021-12-02 18:25:00,ADUS
87.23,87.29,87.23,87.29,200,2021-12-02 18:30:00,ADUS
87.3567,87.3567,87.3567,87.3567,209,2021-12-02 18:35:00,ADUS
87.6,87.66,87.6,87.66,351,2021-12-02 18:40:00,ADUS
87.65,87.69,87.65,87.65,500,2021-12-02 18:45:00,ADUS
87.88,87.88,87.85,87.85,203,2021-12-02 18:50:00,ADUS
88.485,88.5,87.9812,87.9812,358,2021-12-02 19:00:00,ADUS
88.07,88.07,88.07,88.07,100,2021-12-02 19:05:00,ADUS
88.39,88.51,88.39,88.51,300,2021-12-02 19:15:00,ADUS
88.67,88.67,88.66,88.66,300,2021-12-02 19:25:00,ADUS
88.86,88.86,88.66,88.66,978,2021-12-02 19:30:00,ADUS
88.48,88.53,88.27,88.53,919,2021-12-02 19:35:00,ADUS
88.45,88.45,88.29,88.29,300,2021-12-02 19:45:00,ADUS
88.35,88.35,88.23,88.34,651,2021-12-02 19:50:00,ADUS
88.425,88.47,88.425,88.47,200,2021-12-02 19:55:00,ADUS
88.55,88.55,88.55,88.55,100,2021-12-02 20:00:00,ADUS
88.675,88.77,88.6,88.6,888,2021-12-02 20:05:00,ADUS
88.54,88.64,88.54,88.6,500,2021-12-02 20:10:00,ADUS
88.58,88.58,88.49,88.52,400,2021-12-02 20:15:00,ADUS
88.74,88.74,88.74,88.74,251,2021-12-02 20:25:00,ADUS
88.995,88.995,88.8,88.8,1100,2021-12-02 20:30:00,ADUS
88.68,88.74,88.645,88.645,1800,2021-12-02 20:35:00,ADUS
88.51,88.69,88.51,88.62,500,2021-12-02 20:40:00,ADUS
88.7,88.75,88.46,88.75,1110,2021-12-02 20:45:00,ADUS
88.54,88.66,88.52,88.66,900,2021-12-02 20:50:00,ADUS
88.38,88.69,88.35,88.68,1200,2021-12-02 20:55:00,ADUS
88.75,88.75,88.75,88.75,18783,2021-12-02 21:00:00,ADUS
88.47,88.47,85.75,85.75,2222,2021-12-03 14:30:00,ADUS
88.2784,88.2784,88.2784,88.2784,500,2021-12-03 14:35:00,ADUS
88.24,88.405,88.13,88.405,600,2021-12-03 14:40:00,ADUS
88.455,88.71,87.825,88.71,1483,2021-12-03 14:45:00,ADUS
87.53,87.53,86.98,86.98,267,2021-12-03 14:50:00,ADUS
88.01,88.01,88.01,88.01,100,2021-12-03 14:55:00,ADUS
87.74,87.74,87.74,87.74,100,2021-12-03 15:05:00,ADUS
86.82,87.19,86.82,87.11,700,2021-12-03 15:10:00,ADUS
87.33,87.33,87.33,87.33,343,2021-12-03 15:15:00,ADUS
87.42,87.42,86.76,86.76,500,2021-12-03 15:20:00,ADUS
87.05,87.05,87.02,87.02,200,2021-12-03 15:25:00,ADUS
86.1,86.32,85.97,86.085,700,2021-12-03 15:35:00,ADUS
86.03,86.03,85.74,85.74,600,2021-12-03 15:40:00,ADUS
85.225,85.32,85.1,85.32,1400,2021-12-03 15:45:00,ADUS
85.51,85.64,85.33,85.64,1200,2021-12-03 15:50:00,ADUS
85.4,85.52,85.12,85.45,1200,2021-12-03 15:55:00,ADUS
85.01,85.18,84.74,85.07,1300,2021-12-03 16:00:00,ADUS
85.18,85.18,84.84,84.84,810,2021-12-03 16:05:00,ADUS
85.09,85.53,85.0,85.53,1000,2021-12-03 16:10:00,ADUS
85.04,85.04,84.97,84.97,200,2021-12-03 16:15:00,ADUS
84.96,85.43,84.96,85.43,400,2021-12-03 16:20:00,ADUS
85.68,85.68,85.68,85.68,100,2021-12-03 16:25:00,ADUS
85.77,85.77,85.76,85.76,200,2021-12-03 16:30:00,ADUS
85.87,85.87,85.58,85.58,500,2021-12-03 16:35:00,ADUS
85.52,85.56,85.32,85.56,775,2021-12-03 16:40:00,ADUS
85.27,85.33,85.27,85.33,200,2021-12-03 16:45:00,ADUS
85.14,85.17,85.01,85.01,700,2021-12-03 16:50:00,ADUS
84.96,84.96,84.795,84.795,200,2021-12-03 17:00:00,ADUS
84.95,85.08,84.95,85.03,1000,2021-12-03 17:05:00,ADUS
85.25,85.33,85.18,85.33,900,2021-12-03 17:15:00,ADUS
85.14,85.14,85.14,85.14,480,2021-12-03 17:25:00,ADUS
84.76,84.76,84.41,84.55,1500,2021-12-03 17:30:00,ADUS
84.58,85.03,84.58,85.03,500,2021-12-03 17:35:00,ADUS
85.01,85.08,85.01,85.08,200,2021-12-03 17:40:00,ADUS
84.97,84.97,84.97,84.97,200,2021-12-03 17:45:00,ADUS
84.945,84.945,84.81,84.81,300,2021-12-03 17:50:00,ADUS
84.75,84.975,84.59,84.975,1100,2021-12-03 17:55:00,ADUS
84.69,84.69,84.69,84.69,300,2021-12-03 18:00:00,ADUS
84.695,84.93,84.695,84.88,900,2021-12-03 18:05:00,ADUS
84.995,84.995,84.995,84.995,100,2021-12-03 18:10:00,ADUS
85.1,85.22,85.0,85.22,800,2021-12-03 18:15:00,ADUS
85.17,85.17,85.17,85.17,300,2021-12-03 18:20:00,ADUS
85.14,85.14,85.11,85.11,300,2021-12-03 18:25:00,ADUS
84.94,84.94,84.77,84.81,2100,2021-12-03 18:30:00,ADUS
84.49,84.49,84.31,84.31,1100,2021-12-03 18:40:00,ADUS
84.14,84.21,84.14,84.21,500,2021-12-03 18:45:00,ADUS
84.2,84.24,84.11,84.11,759,2021-12-03 18:50:00,ADUS
84.065,84.065,83.955,83.955,400,2021-12-03 18:55:00,ADUS
83.95,84.445,83.95,84.445,1400,2021-12-03 19:00:00,ADUS
84.45,84.45,84.17,84.17,600,2021-12-03 19:05:00,ADUS
84.16,84.16,84.01,84.01,200,2021-12-03 19:10:00,ADUS
83.91,84.18,83.91,84.13,400,2021-12-03 19:15:00,ADUS
84.18,84.2,84.145,84.2,600,2021-12-03 19:20:00,ADUS
84.18,84.18,84.18,84.18,100,2021-12-03 19:25:00,ADUS
83.92,84.14,83.92,84.13,1000,2021-12-03 19:30:00,ADUS
84.06,84.06,83.89,83.89,500,2021-12-03 19:35:00,ADUS
84.0,84.26,83.95,84.26,800,2021-12-03 19:40:00,ADUS
84.42,84.42,83.91,83.91,700,2021-12-03 19:45:00,ADUS
83.83,84.01,83.83,84.01,1100,2021-12-03 19:50:00,ADUS
83.97,84.17,83.945,83.945,901,2021-12-03 19:55:00,ADUS
84.055,84.055,83.81,83.9,300,2021-12-03 20:00:00,ADUS
83.93,84.39,83.825,84.13,900,2021-12-03 20:05:00,ADUS
83.965,84.13,83.965,84.08,600,2021-12-03 20:10:00,ADUS
84.205,84.205,83.96,83.96,460,2021-12-03 20:15:00,ADUS
84.1,84.41,84.045,84.41,900,2021-12-03 20:20:00,ADUS
84.495,84.495,84.35,84.35,400,2021-12-03 20:25:00,ADUS
84.39,84.58,84.3204,84.49,1150,2021-12-03 20:30:00,ADUS
84.44,84.44,83.78,83.92,800,2021-12-03 20:35:00,ADUS
83.905,84.02,83.8,83.84,1963,2021-12-03 20:40:00,ADUS
83.8,84.09,83.8,84.04,2400,2021-12-03 20:45:00,ADUS
84.0,84.46,83.95,84.46,3100,2021-12-03 20:50:00,ADUS
84.62,84.84,84.42,84.83,2569,2021-12-03 20:55:00,ADUS
84.68,84.68,84.68,84.68,9372,2021-12-03 21:00:00,ADUS
85.81,85.81,85.81,85.81,942,2021-12-06 14:30:00,ADUS
86.205,87.1,86.205,86.66,400,2021-12-06 14:40:00,ADUS
87.1,87.62,86.53,86.53,500,2021-12-06 14:45:00,ADUS
87.55,88.42,87.55,88.42,300,2021-12-06 14:55:00,ADUS
88.32,89.21,88.31,89.21,750,2021-12-06 15:00:00,ADUS
89.2,89.93,88.97,89.91,500,2021-12-06 15:05:00,ADUS
89.87,89.87,89.87,89.87,200,2021-12-06 15:10:00,ADUS
89.92,89.92,89.46,89.46,1200,2021-12-06 15:15:00,ADUS
88.86,88.8754,88.72,88.83,811,2021-12-06 15:20:00,ADUS
89.59,89.59,89.27,89.27,200,2021-12-06 15:25:00,ADUS
88.88,88.88,88.64,88.78,500,2021-12-06 15:35:00,ADUS
88.54,88.81,88.54,88.81,220,2021-12-06 15:40:00,ADUS
88.52,88.52,88.52,88.52,130,2021-12-06 15:45:00,ADUS
88.72,88.72,88.72,88.72,145,2021-12-06 15:55:00,ADUS
88.79,88.88,88.56,88.56,700,2021-12-06 16:00:00,ADUS
88.1901,88.1901,88.1901,88.1901,250,2021-12-06 16:05:00,ADUS
87.5,87.5,87.5,87.5,200,2021-12-06 16:10:00,ADUS
87.69,87.69,87.69,87.69,100,2021-12-06 16:15:00,ADUS
87.605,87.605,87.605,87.605,115,2021-12-06 16:20:00,ADUS
87.6601,87.6601,87.6601,87.6601,100,2021-12-06 16:25:00,ADUS
88.06,88.09,87.99,88.09,400,2021-12-06 16:30:00,ADUS
87.92,87.92,87.92,87.92,200,2021-12-06 16:45:00,ADUS
87.26,87.26,87.26,87.26,100,2021-12-06 16:50:00,ADUS
87.89,87.89,87.89,87.89,400,2021-12-06 17:05:00,ADUS
88.29,88.29,88.29,88.29,451,2021-12-06 17:10:00,ADUS
88.2547,88.2547,88.2547,88.2547,236,2021-12-06 17:30:00,ADUS
88.34,88.34,88.06,88.06,400,2021-12-06 17:35:00,ADUS
88.39,88.39,88.39,88.39,200,2021-12-06 17:45:00,ADUS
88.76,88.8,88.74,88.8,600,2021-12-06 17:55:00,ADUS
88.6636,88.6636,88.6636,88.6636,1000,2021-12-06 18:05:00,ADUS
89.1,89.26,89.1,89.23,508,2021-12-06 18:15:00,ADUS
88.985,89.06,88.985,89.06,200,2021-12-06 18:20:00,ADUS
89.28,89.69,89.28,89.39,1499,2021-12-06 18:25:00,ADUS
89.53,89.53,89.19,89.19,300,2021-12-06 18:35:00,ADUS
89.19,89.19,89.135,89.135,200,2021-12-06 18:40:00,ADUS
89.17,89.19,89.0806,89.0806,761,2021-12-06 18:45:00,ADUS
89.1,89.1,89.09,89.09,300,2021-12-06 18:50:00,ADUS
88.87,89.015,88.87,89.015,200,2021-12-06 18:55:00,ADUS
89.07,89.14,89.07,89.14,300,2021-12-06 19:00:00,ADUS
89.29,89.29,89.135,89.135,300,2021-12-06 19:05:00,ADUS
89.495,89.495,89.44,89.44,200,2021-12-06 19:10:00,ADUS
89.72,89.905,89.72,89.905,200,2021-12-06 19:20:00,ADUS
89.75,89.75,89.72,89.73,868,2021-12-06 19:25:00,ADUS
89.83,90.065,89.83,90.01,1000,2021-12-06 19:30:00,ADUS
90.17,90.6,90.015,90.57,800,2021-12-06 19:35:00,ADUS
90.6,90.6,89.985,89.985,800,2021-12-06 19:40:00,ADUS
89.88,89.95,89.88,89.95,400,2021-12-06 19:45:00,ADUS
89.84,89.96,89.84,89.96,200,2021-12-06 19:50:00,ADUS
89.71,89.71,89.71,89.71,100,2021-12-06 19:55:00,ADUS
89.84,89.94,89.82,89.9399,500,2021-12-06 20:00:00,ADUS
89.72,89.8925,89.67,89.8925,1001,2021-12-06 20:05:00,ADUS
90.095,90.095,89.895,89.9613,1231,2021-12-06 20:10:00,ADUS
89.975,90.085,89.975,90.025,800,2021-12-06 20:15:00,ADUS
90.02,90.02,89.83,89.92,1899,2021-12-06 20:20:00,ADUS
89.88,89.88,89.61,89.62,3787,2021-12-06 20:25:00,ADUS
89.61,89.61,89.17,89.27,600,2021-12-06 20:30:00,ADUS
89.27,89.27,89.11,89.23,500,2021-12-06 20:35:00,ADUS
89.26,89.74,89.12,89.73,900,2021-12-06 20:40:00,ADUS
89.54,89.54,89.09,89.43,1100,2021-12-06 20:45:00,ADUS
89.25,89.42,89.15,89.3,1100,2021-12-06 20:50:00,ADUS
89.2,89.53,88.96,89.43,5196,2021-12-06 20:55:00,ADUS
89.51,89.51,89.51,89.51,11964,2021-12-06 21:00:00,ADUS
90.82,90.82,90.82,90.82,536,2021-12-07 14:30:00,ADUS
92.01,92.01,91.98,91.98,260,2021-12-07 14:50:00,ADUS
91.8,91.8,90.94,91.46,1147,2021-12-07 14:55:00,ADUS
91.94,91.94,91.94,91.94,100,2021-12-07 15:10:00,ADUS
92.13,92.13,92.13,92.13,100,2021-12-07 15:15:00,ADUS
92.04,92.04,92.04,92.04,100,2021-12-07 15:20:00,ADUS
92.15,92.33,92.09,92.32,1000,2021-12-07 15:25:00,ADUS
92.705,92.89,92.67,92.87,700,2021-12-07 15:35:00,ADUS
92.855,92.855,92.855,92.855,200,2021-12-07 15:40:00,ADUS
92.64,92.77,92.63,92.72,700,2021-12-07 15:45:00,ADUS
93.14,93.14,93.075,93.075,200,2021-12-07 16:05:00,ADUS
93.075,93.35,93.075,93.35,1100,2021-12-07 16:10:00,ADUS
93.68,93.89,93.47,93.885,2008,2021-12-07 16:15:00,ADUS
93.935,94.09,93.935,94.09,700,2021-12-07 16:20:00,ADUS
93.98,94.04,93.92,94.0,700,2021-12-07 16:25:00,ADUS
94.13,94.13,94.09,94.09,200,2021-12-07 16:30:00,ADUS
94.205,94.26,94.08,94.26,1610,2021-12-07 16:35:00,ADUS
94.33,94.4,94.33,94.4,700,2021-12-07 16:40:00,ADUS
94.245,94.245,94.245,94.245,200,2021-12-07 16:45:00,ADUS
94.27,94.27,94.27,94.27,200,2021-12-07 16:50:00,ADUS
94.215,94.215,94.15,94.15,200,2021-12-07 16:55:00,ADUS
94.49,94.49,94.36,94.36,300,2021-12-07 17:05:00,ADUS
94.38,94.38,94.38,94.38,300,2021-12-07 17:10:00,ADUS
94.245,94.34,94.245,94.34,200,2021-12-07 17:15:00,ADUS
94.2,94.2,94.2,94.2,100,2021-12-07 17:25:00,ADUS
94.25,94.25,94.25,94.25,104,2021-12-07 17:35:00,ADUS
94.31,94.44,94.18,94.245,1132,2021-12-07 17:40:00,ADUS
94.355,94.62,94.355,94.62,400,2021-12-07 17:45:00,ADUS
94.35,94.35,94.35,94.35,100,2021-12-07 17:50:00,ADUS
94.18,94.32,94.18,94.32,1665,2021-12-07 18:05:00,ADUS
94.28,94.44,94.28,94.38,500,2021-12-07 18:10:00,ADUS
94.52,94.52,94.52,94.52,200,2021-12-07 18:15:00,ADUS
94.77,94.845,94.64,94.64,1300,2021-12-07 18:20:00,ADUS
94.6,94.6,94.6,94.6,100,2021-12-07 18:30:00,ADUS
94.79,94.79,94.75,94.75,600,2021-12-07 18:40:00,ADUS
94.58,94.58,94.42,94.445,300,2021-12-07 18:45:00,ADUS
94.56,94.56,94.55,94.55,200,2021-12-07 18:50:00,ADUS
94.25,94.42,94.25,94.42,1600,2021-12-07 19:00:00,ADUS
94.37,94.37,94.34,94.34,200,2021-12-07 19:25:00,ADUS
94.2,94.2,93.87,93.87,300,2021-12-07 19:30:00,ADUS
93.9,94.02,93.9,94.02,593,2021-12-07 19:35:00,ADUS
94.025,94.16,94.025,94.16,600,2021-12-07 19:40:00,ADUS
94.0,94.0,93.99,93.99,200,2021-12-07 19:45:00,ADUS
93.6554,93.6554,93.6554,93.6554,123,2021-12-07 19:50:00,ADUS
93.78,93.78,93.78,93.78,136,2021-12-07 19:55:00,ADUS
93.805,93.94,93.565,93.565,1122,2021-12-07 20:00:00,ADUS
93.5,93.5,93.0625,93.0625,600,2021-12-07 20:05:00,ADUS
92.83,92.83,92.83,92.83,100,2021-12-07 20:10:00,ADUS
92.83,92.95,92.83,92.95,354,2021-12-07 20:15:00,ADUS
92.83,92.83,92.57,92.57,500,2021-12-07 20:20:00,ADUS
92.415,92.525,92.255,92.255,2176,2021-12-07 20:25:00,ADUS
92.255,92.255,91.91,91.915,1100,2021-12-07 20:30:00,ADUS
91.79,91.925,91.79,91.925,300,2021-12-07 20:35:00,ADUS
91.74,91.815,91.72,91.815,300,2021-12-07 20:40:00,ADUS
92.24,92.24,92.24,92.24,300,2021-12-07 20:45:00,ADUS
91.98,91.98,91.51,91.76,1300,2021-12-07 20:50:00,ADUS
91.92,92.21,91.765,92.03,2335,2021-12-07 20:55:00,ADUS
92.19,92.19,92.19,92.19,7325,2021-12-07 21:00:00,ADUS
92.43,92.43,92.43,92.43,527,2021-12-08 14:30:00,ADUS
91.69,91.69,91.69,91.69,200,2021-12-08 14:35:00,ADUS
91.94,91.94,91.94,91.94,100,2021-12-08 14:55:00,ADUS
92.11,92.12,91.67,91.67,300,2021-12-08 15:00:00,ADUS
91.86,91.86,91.86,91.86,100,2021-12-08 15:05:00,ADUS
92.86,92.92,92.86,92.92,200,2021-12-08 15:30:00,ADUS
93.135,93.29,93.11,93.11,400,2021-12-08 15:40:00,ADUS
93.12,93.16,93.12,93.16,200,2021-12-08 15:55:00,ADUS
92.94,92.94,92.93,92.93,200,2021-12-08 16:00:00,ADUS
93.53,93.53,93.3,93.3,300,2021-12-08 16:30:00,ADUS
93.26,93.27,93.26,93.27,200,2021-12-08 16:45:00,ADUS
93.44,93.44,93.44,93.44,200,2021-12-08 16:55:00,ADUS
93.39,93.39,93.39,93.39,100,2021-12-08 17:00:00,ADUS
93.59,93.59,93.33,93.38,500,2021-12-08 17:05:00,ADUS
93.34,93.34,93.34,93.34,168,2021-12-08 17:20:00,ADUS
93.3,93.3,93.29,93.29,200,2021-12-08 17:25:00,ADUS
93.28,93.28,93.28,93.28,100,2021-12-08 17:30:00,ADUS
93.38,93.38,93.04,93.04,400,2021-12-08 17:45:00,ADUS
93.13,93.13,93.13,93.13,100,2021-12-08 17:55:00,ADUS
93.14,93.14,93.0,93.115,400,2021-12-08 18:00:00,ADUS
92.97,92.97,92.7,92.7,700,2021-12-08 18:20:00,ADUS
92.95,92.95,92.685,92.685,400,2021-12-08 18:45:00,ADUS
92.94,93.005,92.84,93.005,920,2021-12-08 18:50:00,ADUS
92.88,92.88,92.85,92.85,200,2021-12-08 18:55:00,ADUS
93.0,93.11,93.0,93.11,200,2021-12-08 19:10:00,ADUS
93.34,93.4,93.32,93.32,778,2021-12-08 19:30:00,ADUS
93.46,93.6456,93.46,93.605,800,2021-12-08 19:35:00,ADUS
93.63,93.63,93.63,93.63,100,2021-12-08 19:40:00,ADUS
93.67,93.67,93.51,93.51,500,2021-12-08 19:45:00,ADUS
93.57,93.58,93.37,93.57,800,2021-12-08 20:00:00,ADUS
93.555,93.555,93.555,93.555,100,2021-12-08 20:05:00,ADUS
93.37,93.475,93.02,93.02,1684,2021-12-08 20:10:00,ADUS
92.91,92.91,92.91,92.91,100,2021-12-08 20:20:00,ADUS
93.02,93.03,92.76,92.76,800,2021-12-08 20:35:00,ADUS
92.87,93.07,92.87,92.99,400,2021-12-08 20:40:00,ADUS
93.08,93.13,93.06,93.13,300,2021-12-08 20:45:00,ADUS
93.09,93.15,93.0,93.15,300,2021-12-08 20:50:00,ADUS
93.14,93.21,92.92,92.98,1300,2021-12-08 20:55:00,ADUS
93.23,93.23,93.23,93.23,6268,2021-12-08 21:00:00,ADUS
92.04,92.04,92.04,92.04,478,2021-12-09 14:30:00,ADUS
93.5,93.5,93.5,93.5,100,2021-12-09 14:35:00,ADUS
91.45,91.45,91.45,91.45,100,2021-12-09 14:40:00,ADUS
92.92,92.92,92.55,92.55,200,2021-12-09 14:50:00,ADUS
92.1921,92.1921,92.1921,92.1921,125,2021-12-09 14:55:00,ADUS
92.09,92.09,92.09,92.09,100,2021-12-09 15:00:00,ADUS
92.6,92.6,92.6,92.6,100,2021-12-09 15:15:00,ADUS
92.68,92.83,92.57,92.775,600,2021-12-09 15:30:00,ADUS
92.97,92.97,92.97,92.97,100,2021-12-09 15:35:00,ADUS
92.69,92.69,92.53,92.53,200,2021-12-09 15:40:00,ADUS
92.48,92.51,92.48,92.51,200,2021-12-09 15:55:00,ADUS
92.52,92.76,92.52,92.76,1600,2021-12-09 16:00:00,ADUS
93.01,93.025,93.01,93.025,200,2021-12-09 16:05:00,ADUS
92.87,92.87,92.87,92.87,200,2021-12-09 16:10:00,ADUS
92.83,92.85,92.71,92.8375,500,2021-12-09 16:15:00,ADUS
92.745,92.745,92.745,92.745,249,2021-12-09 16:35:00,ADUS
92.6162,92.82,92.555,92.555,1755,2021-12-09 16:40:00,ADUS
92.7399,92.7399,92.65,92.65,1104,2021-12-09 16:45:00,ADUS
92.5216,92.5216,92.5216,92.5216,181,2021-12-09 16:50:00,ADUS
92.74,92.74,92.74,92.74,200,2021-12-09 16:55:00,ADUS
92.02,92.02,92.02,92.02,100,2021-12-09 17:05:00,ADUS
92.045,92.045,92.045,92.045,111,2021-12-09 17:10:00,ADUS
92.16,92.16,92.16,92.16,100,2021-12-09 17:20:00,ADUS
92.18,92.18,92.18,92.18,100,2021-12-09 17:25:00,ADUS
92.18,92.18,92.18,92.18,100,2021-12-09 17:30:00,ADUS
92.26,92.26,92.11,92.11,200,2021-12-09 17:35:00,ADUS
92.26,92.26,92.26,92.26,300,2021-12-09 17:45:00,ADUS
92.6,92.6,92.6,92.6,100,2021-12-09 17:50:00,ADUS
92.3,92.3,92.3,92.3,100,2021-12-09 18:05:00,ADUS
92.15,92.15,92.02,92.02,300,2021-12-09 18:10:00,ADUS
91.98,91.98,91.98,91.98,100,2021-12-09 18:25:00,ADUS
92.04,92.04,92.04,92.04,300,2021-12-09 18:30:00,ADUS
92.24,92.24,92.2,92.2,200,2021-12-09 18:40:00,ADUS
91.74,91.74,91.39,91.39,200,2021-12-09 18:50:00,ADUS
91.29,91.29,91.29,91.29,200,2021-12-09 18:55:00,ADUS
91.37,91.525,91.37,91.525,500,2021-12-09 19:10:00,ADUS
91.75,91.75,91.75,91.75,100,2021-12-09 19:25:00,ADUS
91.285,91.285,91.285,91.285,100,2021-12-09 19:30:00,ADUS
91.525,91.525,91.525,91.525,148,2021-12-09 19:35:00,ADUS
91.66,91.66,91.66,91.66,200,2021-12-09 19:40:00,ADUS
91.73,91.73,91.72,91.72,200,2021-12-09 19:45:00,ADUS
91.78,91.84,91.78,91.84,200,2021-12-09 19:55:00,ADUS
91.56,91.56,91.4561,91.4561,400,2021-12-09 20:05:00,ADUS
91.68,91.68,91.68,91.68,100,2021-12-09 20:15:00,ADUS
91.53,91.53,91.53,91.53,200,2021-12-09 20:20:00,ADUS
91.78,91.78,91.68,91.68,257,2021-12-09 20:30:00,ADUS
91.78,92.03,91.78,92.03,200,2021-12-09 20:40:00,ADUS
91.88,91.88,91.84,91.88,532,2021-12-09 20:45:00,ADUS
91.76,91.83,91.76,91.83,300,2021-12-09 20:50:00,ADUS
91.84,91.84,91.44,91.44,626,2021-12-09 20:55:00,ADUS
91.54,91.54,91.54,91.54,11389,2021-12-09 21:00:00,ADUS
92.08,93.54,90.64,90.64,1361,2021-12-10 14:30:00,ADUS
92.5,93.445,92.5,93.445,860,2021-12-10 14:50:00,ADUS
94.16,94.16,93.49,93.49,200,2021-12-10 14:55:00,ADUS
93.62,93.62,93.62,93.62,100,2021-12-10 15:00:00,ADUS
93.14,93.14,92.44,92.44,424,2021-12-10 15:05:00,ADUS
92.715,92.715,92.715,92.715,100,2021-12-10 15:10:00,ADUS
93.02,93.2051,93.02,93.2051,200,2021-12-10 15:20:00,ADUS
91.99,91.99,91.99,91.99,200,2021-12-10 15:35:00,ADUS
92.07,92.075,92.07,92.075,200,2021-12-10 15:45:00,ADUS
92.5,92.5,92.155,92.155,200,2021-12-10 16:05:00,ADUS
91.91,91.91,91.91,91.91,100,2021-12-10 16:10:00,ADUS
92.31,92.31,92.31,92.31,100,2021-12-10 16:20:00,ADUS
92.37,92.495,91.72,91.72,2543,2021-12-10 16:25:00,ADUS
92.0088,92.0088,92.0,92.0,546,2021-12-10 16:30:00,ADUS
92.17,92.18,92.04,92.0472,589,2021-12-10 16:35:00,ADUS
91.66,91.97,91.66,91.97,317,2021-12-10 16:40:00,ADUS
92.085,92.085,92.085,92.085,100,2021-12-10 16:45:00,ADUS
91.72,91.93,91.72,91.93,800,2021-12-10 16:55:00,ADUS
92.23,92.26,92.23,92.26,500,2021-12-10 17:05:00,ADUS
91.95,92.065,91.95,92.065,300,2021-12-10 17:25:00,ADUS
92.0375,92.07,91.71,92.07,1228,2021-12-10 17:30:00,ADUS
91.93,91.93,91.93,91.93,100,2021-12-10 17:35:00,ADUS
91.95,92.08,91.95,92.08,200,2021-12-10 17:40:00,ADUS
91.895,92.14,91.895,92.14,200,2021-12-10 17:45:00,ADUS
91.87,92.26,91.87,92.26,230,2021-12-10 17:50:00,ADUS
92.32,92.32,92.32,92.32,100,2021-12-10 17:55:00,ADUS
92.075,92.43,92.075,92.43,600,2021-12-10 18:00:00,ADUS
92.54,92.62,92.435,92.62,400,2021-12-10 18:15:00,ADUS
92.55,92.69,92.55,92.69,200,2021-12-10 18:20:00,ADUS
92.47,92.47,92.47,92.47,100,2021-12-10 18:25:00,ADUS
92.43,92.43,92.42,92.42,400,2021-12-10 18:30:00,ADUS
92.265,92.265,92.265,92.265,100,2021-12-10 18:35:00,ADUS
92.16,92.19,92.16,92.19,400,2021-12-10 18:40:00,ADUS
91.84,91.84,91.84,91.84,100,2021-12-10 18:45:00,ADUS
92.03,92.03,91.86,91.86,300,2021-12-10 18:50:00,ADUS
91.8934,91.8934,91.745,91.82,630,2021-12-10 18:55:00,ADUS
91.525,91.525,91.24,91.24,400,2021-12-10 19:05:00,ADUS
91.38,91.38,91.38,91.38,100,2021-12-10 19:15:00,ADUS
91.24,91.51,91.24,91.51,300,2021-12-10 19:20:00,ADUS
91.45,91.45,91.45,91.45,100,2021-12-10 19:25:00,ADUS
91.61,91.61,91.61,91.61,200,2021-12-10 19:30:00,ADUS
91.81,91.81,91.81,91.81,200,2021-12-10 19:40:00,ADUS
91.79,91.79,91.7,91.7,300,2021-12-10 19:45:00,ADUS
91.895,91.895,91.895,91.895,100,2021-12-10 19:50:00,ADUS
91.88,91.88,91.73,91.73,740,2021-12-10 20:00:00,ADUS
91.45,91.8,91.25,91.8,900,2021-12-10 20:05:00,ADUS
91.51,91.51,91.51,91.51,100,2021-12-10 20:10:00,ADUS
91.82,91.82,91.7,91.7,200,2021-12-10 20:15:00,ADUS
91.54,91.54,91.54,91.54,100,2021-12-10 20:25:00,ADUS
91.46,91.46,91.46,91.46,200,2021-12-10 20:30:00,ADUS
91.615,91.615,91.48,91.48,200,2021-12-10 20:35:00,ADUS
91.18,91.67,91.18,91.4,700,2021-12-10 20:40:00,ADUS
91.49,91.67,91.49,91.67,300,2021-12-10 20:45:00,ADUS
91.4,91.4,91.4,91.4,200,2021-12-10 20:50:00,ADUS
91.44,91.89,91.37,91.67,1255,2021-12-10 20:55:00,ADUS
91.85,91.85,91.85,91.85,7578,2021-12-10 21:00:00,ADUS
91.3,91.3,91.3,91.3,343,2021-12-13 14:30:00,ADUS
91.94,91.94,91.73,91.75,400,2021-12-13 14:40:00,ADUS
92.0,92.54,92.0,92.54,400,2021-12-13 14:55:00,ADUS
92.54,92.54,91.71,91.99,500,2021-12-13 15:00:00,ADUS
92.155,92.155,92.155,92.155,100,2021-12-13 15:05:00,ADUS
92.09,92.09,92.09,92.09,100,2021-12-13 15:15:00,ADUS
91.85,91.85,91.5529,91.5529,401,2021-12-13 15:20:00,ADUS
91.545,91.71,91.28,91.28,700,2021-12-13 15:25:00,ADUS
91.53,91.53,91.32,91.32,300,2021-12-13 15:30:00,ADUS
91.3,91.5,91.3,91.5,600,2021-12-13 15:35:00,ADUS
91.2006,91.2006,91.03,91.03,230,2021-12-13 15:40:00,ADUS
91.49,91.72,91.49,91.72,500,2021-12-13 15:50:00,ADUS
91.84,91.84,91.5485,91.5485,225,2021-12-13 15:55:00,ADUS
91.555,91.555,91.555,91.555,104,2021-12-13 16:00:00,ADUS
91.505,91.505,91.505,91.505,100,2021-12-13 16:05:00,ADUS
91.41,91.41,91.26,91.32,500,2021-12-13 16:10:00,ADUS
91.19,91.24,91.19,91.23,400,2021-12-13 16:20:00,ADUS
91.33,91.33,91.28,91.28,337,2021-12-13 16:25:00,ADUS
90.99,90.99,90.99,90.99,100,2021-12-13 16:40:00,ADUS
90.67,90.67,90.67,90.67,100,2021-12-13 16:50:00,ADUS
90.5,90.5,90.5,90.5,100,2021-12-13 16:55:00,ADUS
90.64,90.64,90.62,90.62,300,2021-12-13 17:15:00,ADUS
90.43,90.43,90.43,90.43,105,2021-12-13 17:25:00,ADUS
90.435,90.645,90.435,90.645,1700,2021-12-13 17:45:00,ADUS
90.73,90.775,90.73,90.775,300,2021-12-13 18:00:00,ADUS
90.68,90.8,90.68,90.725,1016,2021-12-13 18:05:00,ADUS
90.725,90.86,90.7,90.7,1500,2021-12-13 18:10:00,ADUS
90.18,90.81,90.18,90.81,300,2021-12-13 18:35:00,ADUS
90.74,90.84,90.39,90.63,600,2021-12-13 18:40:00,ADUS
90.62,90.935,90.62,90.73,2981,2021-12-13 19:05:00,ADUS
90.74,90.785,90.69,90.69,800,2021-12-13 19:10:00,ADUS
90.775,90.775,90.775,90.775,100,2021-12-13 19:15:00,ADUS
90.6508,90.92,90.6508,90.92,500,2021-12-13 19:20:00,ADUS
90.825,90.825,90.825,90.825,100,2021-12-13 19:25:00,ADUS
90.77,90.78,90.51,90.54,2430,2021-12-13 19:30:00,ADUS
90.94,91.0,90.94,90.98,978,2021-12-13 19:40:00,ADUS
91.1525,91.2875,91.1525,91.21,400,2021-12-13 19:45:00,ADUS
91.26,91.26,91.21,91.21,200,2021-12-13 19:50:00,ADUS
91.1775,91.1775,91.1775,91.1775,100,2021-12-13 19:55:00,ADUS
91.7,91.71,91.7,91.71,200,2021-12-13 20:00:00,ADUS
91.78,91.78,91.78,91.78,100,2021-12-13 20:10:00,ADUS
91.7275,91.7275,91.68,91.68,300,2021-12-13 20:15:00,ADUS
91.62,91.62,91.48,91.48,620,2021-12-13 20:20:00,ADUS
91.54,91.55,91.45,91.45,662,2021-12-13 20:30:00,ADUS
91.54,91.605,91.54,91.605,200,2021-12-13 20:40:00,ADUS
91.54,91.67,91.25,91.67,506,2021-12-13 20:45:00,ADUS
91.29,91.34,90.895,90.895,1778,2021-12-13 20:50:00,ADUS
90.77,91.02,90.75,91.0,2398,2021-12-13 20:55:00,ADUS
91.0,91.0,91.0,91.0,11059,2021-12-13 21:00:00,ADUS
90.71,92.795,90.125,92.795,1159,2021-12-14 14:30:00,ADUS
89.49,89.49,89.49,89.49,100,2021-12-14 14:35:00,ADUS
91.09,91.09,89.795,89.795,200,2021-12-14 14:40:00,ADUS
91.7,92.275,91.7,92.275,300,2021-12-14 14:55:00,ADUS
91.86,92.06,91.86,92.06,400,2021-12-14 15:00:00,ADUS
91.62,91.62,91.62,91.62,100,2021-12-14 15:05:00,ADUS
92.0,92.0,92.0,92.0,100,2021-12-14 15:10:00,ADUS
91.63,91.63,91.63,91.63,100,2021-12-14 15:15:00,ADUS
91.95,92.06,91.95,92.06,200,2021-12-14 15:20:00,ADUS
92.74,92.74,92.74,92.74,100,2021-12-14 15:25:00,ADUS
92.46,92.46,91.55,91.865,1899,2021-12-14 15:30:00,ADUS
92.15,92.15,92.15,92.15,100,2021-12-14 15:40:00,ADUS
92.175,92.175,91.52,91.52,900,2021-12-14 15:50:00,ADUS
91.26,91.67,91.23,91.67,600,2021-12-14 15:55:00,ADUS
91.685,91.685,91.685,91.685,135,2021-12-14 16:00:00,ADUS
91.81,91.81,91.81,91.81,100,2021-12-14 16:10:00,ADUS
91.55,91.55,91.55,91.55,100,2021-12-14 16:15:00,ADUS
91.94,91.99,91.8,91.8,400,2021-12-14 16:30:00,ADUS
91.775,91.775,91.14,91.14,700,2021-12-14 16:40:00,ADUS
91.73,91.73,91.405,91.405,300,2021-12-14 16:45:00,ADUS
91.06,91.06,91.06,91.06,100,2021-12-14 17:00:00,ADUS
90.66,90.66,90.55,90.55,200,2021-12-14 17:15:00,ADUS
90.78,90.78,90.575,90.575,200,2021-12-14 17:25:00,ADUS
91.19,91.19,91.19,91.19,100,2021-12-14 17:30:00,ADUS
90.84,91.06,90.84,91.06,200,2021-12-14 17:35:00,ADUS
91.05,91.05,91.05,91.05,100,2021-12-14 17:40:00,ADUS
91.075,91.075,91.075,91.075,100,2021-12-14 17:45:00,ADUS
91.05,91.05,90.8,90.8,200,2021-12-14 17:50:00,ADUS
91.02,91.07,91.02,91.07,200,2021-12-14 17:55:00,ADUS
91.08,91.08,91.08,91.08,100,2021-12-14 18:00:00,ADUS
91.06,91.2,91.06,91.2,400,2021-12-14 18:05:00,ADUS
91.18,91.18,91.18,91.18,100,2021-12-14 18:10:00,ADUS
91.21,91.21,91.2,91.2,200,2021-12-14 18:15:00,ADUS
91.37,91.37,91.37,91.37,100,2021-12-14 18:25:00,ADUS
91.49,91.49,91.1,91.28,700,2021-12-14 18:30:00,ADUS
90.95,91.04,90.95,91.04,700,2021-12-14 18:35:00,ADUS
91.23,91.515,91.05,91.05,713,2021-12-14 18:40:00,ADUS
91.25,91.25,91.05,91.05,200,2021-12-14 18:45:00,ADUS
90.85,90.85,90.7,90.7,200,2021-12-14 18:50:00,ADUS
90.78,90.8,90.76,90.8,300,2021-12-14 18:55:00,ADUS
90.765,90.96,90.765,90.96,400,2021-12-14 19:05:00,ADUS
91.25,91.55,91.25,91.55,400,2021-12-14 19:10:00,ADUS
91.61,91.61,91.61,91.61,100,2021-12-14 19:15:00,ADUS
91.38,91.38,91.25,91.25,200,2021-12-14 19:20:00,ADUS
91.6,91.6,91.362,91.362,200,2021-12-14 19:25:00,ADUS
91.59,91.59,91.59,91.59,100,2021-12-14 19:30:00,ADUS
91.57,91.57,91.57,91.57,100,2021-12-14 19:35:00,ADUS
91.47,91.47,91.47,91.47,100,2021-12-14 19:40:00,ADUS
91.31,91.61,91.31,91.61,200,2021-12-14 19:45:00,ADUS
91.58,91.58,91.33,91.33,400,2021-12-14 19:50:00,ADUS
91.2,91.21,91.2,91.21,300,2021-12-14 19:55:00,ADUS
91.395,91.58,91.27,91.27,700,2021-12-14 20:05:00,ADUS
91.43,91.43,91.43,91.43,100,2021-12-14 20:10:00,ADUS
91.44,91.48,91.435,91.435,400,2021-12-14 20:20:00,ADUS
91.59,91.82,91.52,91.52,600,2021-12-14 20:25:00,ADUS
91.55,91.55,91.4,91.4,200,2021-12-14 20:30:00,ADUS
91.29,91.35,91.14,91.14,400,2021-12-14 20:35:00,ADUS
91.25,91.25,91.06,91.06,300,2021-12-14 20:40:00,ADUS
91.31,91.53,91.31,91.39,1700,2021-12-14 20:45:00,ADUS
91.17,91.17,90.91,90.91,600,2021-12-14 20:50:00,ADUS
90.82,91.01,90.81,90.93,2214,2021-12-14 20:55:00,ADUS
90.9,90.9,90.9,90.9,14216,2021-12-14 21:00:00,ADUS
90.44,90.44,90.44,90.44,2001,2021-12-15 14:30:00,ADUS
90.12,90.12,89.9823,89.9823,500,2021-12-15 14:40:00,ADUS
90.77,90.77,90.0,90.0,300,2021-12-15 14:45:00,ADUS
89.97,89.97,89.97,89.97,100,2021-12-15 15:00:00,ADUS
89.93,89.93,89.38,89.38,200,2021-12-15 15:10:00,ADUS
89.44,89.58,89.44,89.58,300,2021-12-15 15:15:00,ADUS
89.56,89.56,89.56,89.56,100,2021-12-15 15:30:00,ADUS
89.85,90.225,89.85,90.225,400,2021-12-15 15:40:00,ADUS
89.95,89.95,89.76,89.88,922,2021-12-15 15:45:00,ADUS
89.33,89.33,88.7,88.86,700,2021-12-15 15:55:00,ADUS
89.01,89.01,88.48,88.505,1300,2021-12-15 16:00:00,ADUS
88.8925,88.8925,88.76,88.76,300,2021-12-15 16:05:00,ADUS
88.6,88.73,88.6,88.73,430,2021-12-15 16:10:00,ADUS
88.735,88.735,88.735,88.735,100,2021-12-15 16:15:00,ADUS
88.76,88.76,88.76,88.76,100,2021-12-15 16:20:00,ADUS
88.54,88.54,88.54,88.54,100,2021-12-15 16:40:00,ADUS
88.57,88.57,88.57,88.57,100,2021-12-15 16:45:00,ADUS
88.65,89.0,88.65,89.0,524,2021-12-15 16:50:00,ADUS
88.78,88.78,88.7501,88.7501,200,2021-12-15 17:00:00,ADUS
88.78,88.81,88.71,88.81,700,2021-12-15 17:05:00,ADUS
88.65,88.65,88.561,88.561,400,2021-12-15 17:10:00,ADUS
88.47,88.47,88.47,88.47,100,2021-12-15 17:15:00,ADUS
88.5,88.62,88.5,88.62,300,2021-12-15 17:25:00,ADUS
88.7,88.81,88.7,88.81,200,2021-12-15 17:30:00,ADUS
88.55,88.55,88.55,88.55,100,2021-12-15 17:35:00,ADUS
88.53,88.53,88.52,88.53,400,2021-12-15 17:40:00,ADUS
88.49,88.49,88.49,88.49,100,2021-12-15 17:50:00,ADUS
88.63,88.63,88.63,88.63,100,2021-12-15 18:05:00,ADUS
88.69,88.69,88.69,88.69,100,2021-12-15 18:10:00,ADUS
88.685,88.685,88.5,88.5,300,2021-12-15 18:15:00,ADUS
88.45,88.45,88.45,88.45,300,2021-12-15 18:20:00,ADUS
88.25,88.25,88.22,88.22,200,2021-12-15 18:25:00,ADUS
88.66,88.82,88.59,88.59,1400,2021-12-15 18:45:00,ADUS
88.5,88.5,88.5,88.5,400,2021-12-15 19:00:00,ADUS
88.89,88.89,88.64,88.64,427,2021-12-15 19:05:00,ADUS
89.28,89.37,89.28,89.37,200,2021-12-15 19:10:00,ADUS
89.43,89.43,89.43,89.43,100,2021-12-15 19:15:00,ADUS
89.38,89.38,89.02,89.05,500,2021-12-15 19:20:00,ADUS
88.88,89.18,88.88,89.18,800,2021-12-15 19:25:00,ADUS
89.18,89.18,89.18,89.18,100,2021-12-15 19:30:00,ADUS
88.96,88.96,88.95,88.95,300,2021-12-15 19:40:00,ADUS
89.02,89.02,89.02,89.02,100,2021-12-15 19:45:00,ADUS
89.2,89.54,89.2,89.54,600,2021-12-15 19:50:00,ADUS
89.395,89.395,89.24,89.24,300,2021-12-15 19:55:00,ADUS
89.36,90.09,89.36,89.91,1000,2021-12-15 20:00:00,ADUS
89.83,90.05,89.83,89.95,400,2021-12-15 20:05:00,ADUS
90.1,90.35,90.1,90.35,200,2021-12-15 20:10:00,ADUS
90.69,90.69,90.55,90.55,200,2021-12-15 20:15:00,ADUS
90.8,90.84,90.8,90.81,500,2021-12-15 20:20:00,ADUS
90.95,91.11,90.82,91.11,502,2021-12-15 20:30:00,ADUS
91.0825,91.1348,90.98,90.98,964,2021-12-15 20:35:00,ADUS
91.07,91.07,90.59,90.7,1000,2021-12-15 20:40:00,ADUS
90.66,90.67,90.66,90.67,300,2021-12-15 20:45:00,ADUS
90.46,90.81,90.46,90.6628,750,2021-12-15 20:50:00,ADUS
90.87,91.18,90.67,91.1,3646,2021-12-15 20:55:00,ADUS
91.01,91.01,91.01,91.01,15091,2021-12-15 21:00:00,ADUS
91.85,91.85,90.68,90.68,631,2021-12-16 14:30:00,ADUS
93.36,93.36,90.36,90.36,350,2021-12-16 14:35:00,ADUS
91.6875,91.6875,91.21,91.21,300,2021-12-16 14:45:00,ADUS
91.28,91.28,91.28,91.28,100,2021-12-16 14:55:00,ADUS
90.6,90.6,90.49,90.49,200,2021-12-16 15:05:00,ADUS
90.765,91.46,90.765,91.46,734,2021-12-16 15:20:00,ADUS
90.965,90.965,90.965,90.965,100,2021-12-16 15:30:00,ADUS
90.89,90.89,90.89,90.89,200,2021-12-16 15:35:00,ADUS
90.91,90.91,90.8,90.8,200,2021-12-16 15:45:00,ADUS
90.88,90.88,90.18,90.18,432,2021-12-16 15:50:00,ADUS
90.29,90.29,89.99,90.025,400,2021-12-16 16:00:00,ADUS
89.641,89.641,89.63,89.63,375,2021-12-16 16:05:00,ADUS
89.905,89.905,89.72,89.72,200,2021-12-16 16:15:00,ADUS
89.83,89.84,89.83,89.83,608,2021-12-16 16:20:00,ADUS
89.66,89.66,89.66,89.66,100,2021-12-16 16:30:00,ADUS
89.69,89.69,89.69,89.69,100,2021-12-16 16:35:00,ADUS
89.7,89.95,89.59,89.95,700,2021-12-16 16:40:00,ADUS
89.4,89.4,89.33,89.33,500,2021-12-16 16:55:00,ADUS
89.18,89.18,89.02,89.02,600,2021-12-16 17:15:00,ADUS
88.85,89.23,88.85,89.23,350,2021-12-16 17:20:00,ADUS
89.49,89.49,88.875,89.1,700,2021-12-16 17:25:00,ADUS
89.09,89.09,89.09,89.09,100,2021-12-16 17:35:00,ADUS
88.87,88.87,88.34,88.34,200,2021-12-16 17:45:00,ADUS
88.33,88.8,88.33,88.8,300,2021-12-16 17:50:00,ADUS
88.61,89.16,88.61,88.76,600,2021-12-16 17:55:00,ADUS
88.74,88.77,88.74,88.77,200,2021-12-16 18:00:00,ADUS
89.19,89.19,89.19,89.19,200,2021-12-16 18:05:00,ADUS
89.0,89.41,89.0,89.08,1000,2021-12-16 18:10:00,ADUS
89.09,89.09,89.09,89.09,100,2021-12-16 18:15:00,ADUS
88.83,88.83,88.51,88.51,1683,2021-12-16 18:20:00,ADUS
88.75,88.92,88.645,88.68,600,2021-12-16 18:25:00,ADUS
88.64,88.93,88.64,88.93,200,2021-12-16 18:30:00,ADUS
88.54,88.54,88.01,88.01,600,2021-12-16 18:35:00,ADUS
88.49,88.54,88.49,88.54,200,2021-12-16 18:40:00,ADUS
88.435,88.435,88.12,88.12,200,2021-12-16 18:45:00,ADUS
88.4,88.4,88.21,88.21,534,2021-12-16 18:50:00,ADUS
87.985,88.39,87.985,88.39,1102,2021-12-16 18:55:00,ADUS
87.87,87.87,87.82,87.82,300,2021-12-16 19:05:00,ADUS
87.67,87.67,87.67,87.67,100,2021-12-16 19:10:00,ADUS
87.27,87.35,87.15,87.35,400,2021-12-16 19:15:00,ADUS
87.25,87.35,87.205,87.205,800,2021-12-16 19:20:00,ADUS
87.2,87.235,87.2,87.235,400,2021-12-16 19:30:00,ADUS
87.41,87.45,87.41,87.42,1000,2021-12-16 19:35:00,ADUS
87.5756,87.5756,87.365,87.365,600,2021-12-16 19:40:00,ADUS
86.55,86.61,86.55,86.61,200,2021-12-16 19:50:00,ADUS
86.6,86.83,86.5,86.81,1100,2021-12-16 19:55:00,ADUS
86.62,86.62,86.62,86.62,100,2021-12-16 20:00:00,ADUS
86.86,86.99,86.75,86.82,500,2021-12-16 20:05:00,ADUS
86.47,86.65,86.42,86.615,1100,2021-12-16 20:10:00,ADUS
86.56,86.56,86.56,86.56,100,2021-12-16 20:20:00,ADUS
86.52,86.63,86.52,86.57,522,2021-12-16 20:25:00,ADUS
86.54,86.96,86.54,86.61,700,2021-12-16 20:30:00,ADUS
87.16,87.16,86.505,86.505,200,2021-12-16 20:35:00,ADUS
86.63,86.775,86.555,86.775,600,2021-12-16 20:40:00,ADUS
86.28,86.54,86.28,86.45,2500,2021-12-16 20:45:00,ADUS
86.25,87.26,86.25,86.84,5234,2021-12-16 20:50:00,ADUS
87.11,87.2,86.93,87.17,4584,2021-12-16 20:55:00,ADUS
86.98,86.98,86.98,86.98,11259,2021-12-16 21:00:00,ADUS
87.11,87.58,87.11,87.18,14476,2021-12-17 14:30:00,ADUS
87.18,87.18,87.0,87.0,200,2021-12-17 14:35:00,ADUS
86.87,87.61,86.87,87.61,300,2021-12-17 14:50:00,ADUS
87.25,87.71,86.81,87.71,500,2021-12-17 15:15:00,ADUS
88.19,88.19,88.09,88.09,200,2021-12-17 15:25:00,ADUS
89.0854,89.0854,89.0854,89.0854,110,2021-12-17 15:35:00,ADUS
89.425,89.425,89.425,89.425,122,2021-12-17 15:40:00,ADUS
89.93,89.93,89.93,89.93,100,2021-12-17 15:45:00,ADUS
90.04,91.01,90.04,91.01,800,2021-12-17 15:50:00,ADUS
90.91,90.91,90.49,90.49,200,2021-12-17 15:55:00,ADUS
90.16,90.16,89.78,89.78,550,2021-12-17 16:00:00,ADUS
90.32,90.32,89.51,89.51,681,2021-12-17 16:05:00,ADUS
90.0,90.33,90.0,90.32,808,2021-12-17 16:10:00,ADUS
90.185,90.185,90.03,90.03,300,2021-12-17 16:15:00,ADUS
90.38,90.38,90.05,90.05,550,2021-12-17 16:20:00,ADUS
89.97,90.21,89.97,90.155,505,2021-12-17 16:25:00,ADUS
90.72,90.72,90.72,90.72,100,2021-12-17 16:30:00,ADUS
90.36,90.36,89.94,89.94,900,2021-12-17 16:35:00,ADUS
89.895,89.895,89.895,89.895,100,2021-12-17 16:40:00,ADUS
89.88,89.88,89.88,89.88,100,2021-12-17 16:45:00,ADUS
90.49,90.49,90.47,90.47,200,2021-12-17 16:55:00,ADUS
90.1,90.24,90.0,90.24,800,2021-12-17 17:05:00,ADUS
90.15,90.15,90.15,90.15,100,2021-12-17 17:10:00,ADUS
90.61,90.61,90.22,90.22,300,2021-12-17 17:15:00,ADUS
90.16,90.16,90.16,90.16,100,2021-12-17 17:25:00,ADUS
90.16,90.415,90.03,90.415,300,2021-12-17 17:30:00,ADUS
90.1688,90.235,90.06,90.235,500,2021-12-17 17:35:00,ADUS
90.69,90.69,90.69,90.69,100,2021-12-17 17:50:00,ADUS
90.4,90.49,90.4,90.49,200,2021-12-17 17:55:00,ADUS
89.735,89.74,89.735,89.74,200,2021-12-17 18:10:00,ADUS
89.67,89.95,89.67,89.89,700,2021-12-17 18:15:00,ADUS
90.04,90.04,89.86,89.86,200,2021-12-17 18:30:00,ADUS
90.385,90.385,90.04,90.04,300,2021-12-17 18:40:00,ADUS
90.08,90.32,89.97,89.97,300,2021-12-17 18:45:00,ADUS
90.235,90.235,90.235,90.235,100,2021-12-17 18:55:00,ADUS
90.205,90.205,89.86,89.86,300,2021-12-17 19:05:00,ADUS
89.86,89.86,89.86,89.86,100,2021-12-17 19:10:00,ADUS
89.86,89.86,89.76,89.76,619,2021-12-17 19:20:00,ADUS
89.57,89.57,89.16,89.16,800,2021-12-17 19:25:00,ADUS
89.77,89.77,89.34,89.65,300,2021-12-17 19:30:00,ADUS
89.62,89.78,89.3,89.78,1589,2021-12-17 19:35:00,ADUS
89.79,89.9,89.7,89.7,400,2021-12-17 19:50:00,ADUS
89.99,89.99,89.99,89.99,100,2021-12-17 20:00:00,ADUS
90.23,90.23,90.23,90.23,100,2021-12-17 20:05:00,ADUS
89.815,89.815,89.815,89.815,100,2021-12-17 20:10:00,ADUS
89.72,89.72,89.37,89.37,500,2021-12-17 20:15:00,ADUS
89.86,89.86,89.86,89.86,100,2021-12-17 20:20:00,ADUS
89.83,89.86,89.56,89.86,400,2021-12-17 20:25:00,ADUS
89.61,89.61,89.61,89.61,200,2021-12-17 20:30:00,ADUS
90.01,90.01,89.83,89.83,200,2021-12-17 20:35:00,ADUS
89.81,90.02,89.8,90.02,400,2021-12-17 20:40:00,ADUS
89.83,90.03,89.83,89.83,1038,2021-12-17 20:45:00,ADUS
89.21,91.75,87.615,91.56,26148,2021-12-17 20:50:00,ADUS
91.435,91.435,89.78,90.66,20028,2021-12-17 20:55:00,ADUS
90.67,90.67,90.67,90.67,161237,2021-12-17 21:00:00,ADUS
89.75,89.75,88.34,88.34,921,2021-12-20 14:30:00,ADUS
88.95,88.95,88.95,88.95,100,2021-12-20 14:35:00,ADUS
88.06,88.06,88.06,88.06,100,2021-12-20 14:40:00,ADUS
86.88,87.5934,86.4,86.4,325,2021-12-20 14:50:00,ADUS
86.43,86.43,86.43,86.43,100,2021-12-20 14:55:00,ADUS
86.88,87.035,86.88,87.035,581,2021-12-20 15:00:00,ADUS
87.06,87.06,86.76,86.76,409,2021-12-20 15:05:00,ADUS
86.8,87.14,86.8,86.84,400,2021-12-20 15:10:00,ADUS
87.12,87.66,87.04,87.3,1100,2021-12-20 15:15:00,ADUS
87.26,87.26,86.85,86.85,500,2021-12-20 15:20:00,ADUS
86.8899,86.8899,86.8899,86.8899,250,2021-12-20 15:25:00,ADUS
86.29,86.51,86.13,86.51,1978,2021-12-20 15:30:00,ADUS
86.23,86.35,85.93,85.93,1200,2021-12-20 15:35:00,ADUS
86.03,86.03,85.65,85.78,600,2021-12-20 15:40:00,ADUS
85.64,85.64,85.64,85.64,100,2021-12-20 15:45:00,ADUS
86.095,86.095,85.95,85.96,700,2021-12-20 16:00:00,ADUS
86.08,86.08,86.08,86.08,100,2021-12-20 16:15:00,ADUS
85.9301,85.9301,85.9301,85.9301,200,2021-12-20 16:20:00,ADUS
85.93,85.93,85.83,85.86,500,2021-12-20 16:25:00,ADUS
85.935,86.05,85.68,85.68,1047,2021-12-20 16:30:00,ADUS
85.785,85.92,85.785,85.835,600,2021-12-20 16:40:00,ADUS
85.85,85.85,85.66,85.66,600,2021-12-20 16:45:00,ADUS
85.73,86.44,85.73,86.44,1591,2021-12-20 16:50:00,ADUS
86.36,86.36,86.36,86.36,100,2021-12-20 16:55:00,ADUS
86.64,86.64,86.64,86.64,100,2021-12-20 17:00:00,ADUS
86.64,86.64,86.61,86.64,300,2021-12-20 17:05:00,ADUS
86.64,86.66,86.55,86.55,500,2021-12-20 17:10:00,ADUS
87.02,87.02,86.58,86.61,1000,2021-12-20 17:20:00,ADUS
86.12,86.2,86.12,86.2,207,2021-12-20 17:30:00,ADUS
86.33,86.33,86.26,86.26,200,2021-12-20 17:40:00,ADUS
86.33,86.35,86.33,86.35,200,2021-12-20 17:45:00,ADUS
86.5,86.5,86.18,86.3,900,2021-12-20 17:50:00,ADUS
85.79,85.79,85.65,85.65,700,2021-12-20 18:05:00,ADUS
85.69,85.74,85.43,85.5036,432,2021-12-20 18:10:00,ADUS
85.665,85.665,85.65,85.65,200,2021-12-20 18:15:00,ADUS
85.47,85.655,85.47,85.655,200,2021-12-20 18:20:00,ADUS
85.53,85.64,85.46,85.46,311,2021-12-20 18:25:00,ADUS
85.83,85.83,85.63,85.63,200,2021-12-20 18:30:00,ADUS
85.79,86.05,85.79,86.03,1308,2021-12-20 18:35:00,ADUS
86.22,86.22,86.19,86.19,200,2021-12-20 18:40:00,ADUS
86.61,86.61,86.55,86.56,400,2021-12-20 18:45:00,ADUS
86.14,86.14,86.14,86.14,100,2021-12-20 18:50:00,ADUS
86.53,86.88,86.43,86.55,800,2021-12-20 19:00:00,ADUS
86.7039,86.7039,86.7039,86.7039,109,2021-12-20 19:10:00,ADUS
86.7,86.7,86.7,86.7,100,2021-12-20 19:15:00,ADUS
86.205,86.34,85.935,85.935,800,2021-12-20 19:25:00,ADUS
85.94,86.26,85.94,86.19,400,2021-12-20 19:30:00,ADUS
86.5,86.5,86.19,86.19,200,2021-12-20 19:35:00,ADUS
86.48,86.48,86.48,86.48,100,2021-12-20 19:40:00,ADUS
86.49,86.66,86.49,86.56,600,2021-12-20 19:45:00,ADUS
86.53,86.66,86.53,86.65,500,2021-12-20 19:50:00,ADUS
86.43,86.43,86.43,86.43,100,2021-12-20 19:55:00,ADUS
86.61,86.75,86.41,86.75,1307,2021-12-20 20:00:00,ADUS
86.68,86.68,86.68,86.68,100,2021-12-20 20:05:00,ADUS
86.83,86.83,86.69,86.69,500,2021-12-20 20:10:00,ADUS
86.73,87.11,86.73,87.11,408,2021-12-20 20:15:00,ADUS
87.225,87.38,87.225,87.38,400,2021-12-20 20:20:00,ADUS
87.64,87.64,87.64,87.64,100,2021-12-20 20:25:00,ADUS
87.47,87.63,87.46,87.48,600,2021-12-20 20:30:00,ADUS
87.42,87.63,87.41,87.63,800,2021-12-20 20:35:00,ADUS
87.41,87.71,87.3692,87.43,1050,2021-12-20 20:40:00,ADUS
87.48,87.59,87.41,87.41,900,2021-12-20 20:45:00,ADUS
87.28,87.62,87.28,87.375,1800,2021-12-20 20:50:00,ADUS
87.68,88.15,87.68,87.91,3008,2021-12-20 20:55:00,ADUS
87.76,87.76,87.76,87.76,8357,2021-12-20 21:00:00,ADUS
88.79,88.79,88.79,88.79,370,2021-12-21 14:30:00,ADUS
89.0426,89.0426,89.0426,89.0426,238,2021-12-21 14:45:00,ADUS
89.62,89.62,89.62,89.62,300,2021-12-21 14:50:00,ADUS
89.72,89.72,89.6,89.6,400,2021-12-21 14:55:00,ADUS
90.09,90.09,90.09,90.09,101,2021-12-21 15:00:00,ADUS
89.975,89.975,89.975,89.975,100,2021-12-21 15:05:00,ADUS
91.45,91.47,90.51,90.51,1600,2021-12-21 15:10:00,ADUS
90.6,90.6,89.88,89.88,1136,2021-12-21 15:20:00,ADUS
89.36,89.62,89.125,89.285,700,2021-12-21 15:25:00,ADUS
89.32,89.4,89.32,89.4,600,2021-12-21 15:30:00,ADUS
89.82,90.01,89.75,90.01,300,2021-12-21 15:35:00,ADUS
89.8,89.8,89.8,89.8,170,2021-12-21 15:45:00,ADUS
89.81,89.97,89.8,89.87,509,2021-12-21 15:55:00,ADUS
89.61,89.61,89.61,89.61,100,2021-12-21 16:00:00,ADUS
89.74,89.74,89.711,89.711,200,2021-12-21 16:10:00,ADUS
89.69,89.71,89.56,89.595,400,2021-12-21 16:20:00,ADUS
89.595,89.815,89.595,89.63,700,2021-12-21 16:25:00,ADUS
89.5881,89.5881,89.5881,89.5881,147,2021-12-21 16:30:00,ADUS
89.63,89.63,89.46,89.46,200,2021-12-21 16:40:00,ADUS
89.12,89.12,89.05,89.05,200,2021-12-21 16:55:00,ADUS
89.265,89.265,89.265,89.265,100,2021-12-21 17:00:00,ADUS
89.185,89.185,89.185,89.185,100,2021-12-21 17:15:00,ADUS
89.18,89.18,89.18,89.18,100,2021-12-21 17:20:00,ADUS
89.04,89.04,88.81,88.81,300,2021-12-21 17:25:00,ADUS
88.81,88.81,88.81,88.81,100,2021-12-21 17:30:00,ADUS
88.84,88.9,88.74,88.74,500,2021-12-21 18:00:00,ADUS
88.54,88.54,88.36,88.36,693,2021-12-21 18:05:00,ADUS
88.54,88.79,88.54,88.79,200,2021-12-21 18:10:00,ADUS
88.815,88.91,88.76,88.91,1107,2021-12-21 18:20:00,ADUS
89.43,89.77,89.24,89.77,832,2021-12-21 18:25:00,ADUS
89.57,89.57,89.25,89.32,1728,2021-12-21 18:35:00,ADUS
89.4,89.4,89.4,89.4,100,2021-12-21 18:40:00,ADUS
89.45,89.45,89.45,89.45,100,2021-12-21 18:45:00,ADUS
89.55,89.64,89.55,89.64,200,2021-12-21 18:50:00,ADUS
89.97,89.97,89.63,89.63,300,2021-12-21 18:55:00,ADUS
89.995,90.28,89.995,90.28,1380,2021-12-21 19:00:00,ADUS
90.59,90.59,90.3,90.3,336,2021-12-21 19:05:00,ADUS
90.12,90.12,89.97,89.97,400,2021-12-21 19:15:00,ADUS
90.065,90.13,90.065,90.12,470,2021-12-21 19:20:00,ADUS
89.98,89.98,89.98,89.98,100,2021-12-21 19:35:00,ADUS
90.33,90.33,89.505,89.9,500,2021-12-21 19:40:00,ADUS
89.9,90.14,89.565,90.14,1186,2021-12-21 19:45:00,ADUS
90.46,90.46,90.06,90.06,200,2021-12-21 19:50:00,ADUS
90.44,90.44,90.08,90.08,200,2021-12-21 19:55:00,ADUS
90.17,90.22,90.055,90.055,300,2021-12-21 20:00:00,ADUS
90.28,90.285,89.975,89.975,800,2021-12-21 20:05:00,ADUS
90.15,90.28,89.82,89.82,900,2021-12-21 20:10:00,ADUS
90.09,90.09,90.09,90.09,100,2021-12-21 20:15:00,ADUS
89.78,89.78,89.75,89.75,200,2021-12-21 20:20:00,ADUS
89.69,89.995,89.69,89.74,300,2021-12-21 20:25:00,ADUS
89.92,89.92,89.92,89.92,100,2021-12-21 20:30:00,ADUS
90.015,90.015,89.91,89.92,400,2021-12-21 20:35:00,ADUS
89.79,89.79,89.68,89.68,200,2021-12-21 20:40:00,ADUS
89.86,89.86,89.65,89.65,300,2021-12-21 20:45:00,ADUS
89.86,89.995,89.62,89.62,1125,2021-12-21 20:50:00,ADUS
89.61,89.955,89.61,89.81,1525,2021-12-21 20:55:00,ADUS
89.94,89.94,89.94,89.94,14415,2021-12-21 21:00:00,ADUS
89.94,89.94,89.94,89.94,164,2021-12-22 13:50:00,ADUS
91.675,91.675,90.12,91.67,848,2021-12-22 14:30:00,ADUS
90.5,90.6,90.5,90.6,200,2021-12-22 14:35:00,ADUS
90.4657,90.76,90.4657,90.75,558,2021-12-22 15:00:00,ADUS
90.76,90.78,90.76,90.78,245,2021-12-22 15:05:00,ADUS
90.685,90.685,90.28,90.28,300,2021-12-22 15:10:00,ADUS
90.77,90.77,90.77,90.77,100,2021-12-22 15:20:00,ADUS
90.88,91.07,90.88,90.88,400,2021-12-22 15:30:00,ADUS
91.35,91.35,91.35,91.35,282,2021-12-22 15:35:00,ADUS
91.35,91.36,91.07,91.07,400,2021-12-22 15:40:00,ADUS
91.21,91.5634,91.01,91.5634,800,2021-12-22 15:50:00,ADUS
91.27,91.27,90.8758,90.8758,500,2021-12-22 16:00:00,ADUS
91.26,91.26,90.84,90.84,200,2021-12-22 16:05:00,ADUS
90.77,90.77,90.52,90.55,500,2021-12-22 16:25:00,ADUS
90.48,90.68,90.3039,90.68,914,2021-12-22 16:30:00,ADUS
90.765,90.765,90.6,90.67,300,2021-12-22 16:35:00,ADUS
90.58,90.64,90.58,90.64,200,2021-12-22 16:40:00,ADUS
90.27,90.27,90.27,90.27,100,2021-12-22 16:45:00,ADUS
90.37,90.37,90.35,90.35,200,2021-12-22 16:50:00,ADUS
90.6873,90.6873,90.6873,90.6873,150,2021-12-22 17:05:00,ADUS
90.6,90.6,90.47,90.47,200,2021-12-22 17:10:00,ADUS
90.08,90.09,90.02,90.07,400,2021-12-22 17:35:00,ADUS
90.24,90.25,90.24,90.25,2109,2021-12-22 17:45:00,ADUS
90.55,90.63,90.55,90.6,300,2021-12-22 17:50:00,ADUS
90.88,90.88,90.88,90.88,100,2021-12-22 17:55:00,ADUS
90.815,90.815,90.815,90.815,438,2021-12-22 18:00:00,ADUS
90.61,90.61,90.61,90.61,100,2021-12-22 18:10:00,ADUS
90.87,90.87,90.87,90.87,100,2021-12-22 18:15:00,ADUS
90.5,90.505,90.5,90.505,208,2021-12-22 18:30:00,ADUS
90.14,90.32,90.14,90.32,616,2021-12-22 18:40:00,ADUS
90.9,90.9,90.9,90.9,100,2021-12-22 18:50:00,ADUS
90.76,90.76,90.76,90.76,100,2021-12-22 18:55:00,ADUS
90.44,90.44,90.44,90.44,100,2021-12-22 19:10:00,ADUS
90.395,90.64,90.395,90.6,721,2021-12-22 19:15:00,ADUS
90.585,90.585,90.435,90.435,200,2021-12-22 19:25:00,ADUS
90.495,90.495,90.495,90.495,100,2021-12-22 19:30:00,ADUS
90.31,90.315,90.21,90.21,600,2021-12-22 19:35:00,ADUS
90.46,90.5363,90.46,90.505,642,2021-12-22 19:40:00,ADUS
90.63,90.63,90.63,90.63,100,2021-12-22 19:45:00,ADUS
91.02,91.02,90.99,90.99,200,2021-12-22 20:00:00,ADUS
90.94,90.98,90.685,90.685,500,2021-12-22 20:10:00,ADUS
90.835,90.835,90.835,90.835,300,2021-12-22 20:15:00,ADUS
90.78,90.78,90.78,90.78,300,2021-12-22 20:25:00,ADUS
90.92,90.92,90.81,90.81,700,2021-12-22 20:30:00,ADUS
90.845,90.8475,90.82,90.8475,300,2021-12-22 20:35:00,ADUS
91.17,91.34,91.17,91.24,700,2021-12-22 20:45:00,ADUS
91.41,91.41,91.35,91.35,200,2021-12-22 20:50:00,ADUS
91.42,91.51,91.34,91.49,2664,2021-12-22 20:55:00,ADUS
91.37,91.37,91.37,91.37,6100,2021-12-22 21:00:00,ADUS
91.68,91.68,91.565,91.565,662,2021-12-23 14:30:00,ADUS
91.17,91.35,91.17,91.35,200,2021-12-23 14:45:00,ADUS
91.29,91.3,91.29,91.3,400,2021-12-23 14:50:00,ADUS
92.2,92.2,92.2,92.2,100,2021-12-23 15:00:00,ADUS
91.32,91.32,91.32,91.32,1626,2021-12-23 15:05:00,ADUS
91.5,91.59,91.5,91.59,538,2021-12-23 15:10:00,ADUS
91.86,91.86,91.86,91.86,115,2021-12-23 15:20:00,ADUS
91.79,92.17,91.79,92.17,400,2021-12-23 15:30:00,ADUS
92.22,92.23,92.15,92.23,500,2021-12-23 15:50:00,ADUS
92.51,92.51,92.49,92.49,200,2021-12-23 15:55:00,ADUS
92.5,92.5,92.5,92.5,100,2021-12-23 16:00:00,ADUS
92.5,92.57,92.5,92.57,200,2021-12-23 16:10:00,ADUS
92.74,92.74,92.74,92.74,100,2021-12-23 16:20:00,ADUS
92.48,92.48,92.48,92.48,100,2021-12-23 16:30:00,ADUS
92.62,92.62,92.62,92.62,100,2021-12-23 16:35:00,ADUS
92.93,93.14,92.93,93.015,555,2021-12-23 17:15:00,ADUS
93.045,93.11,93.045,93.11,200,2021-12-23 17:30:00,ADUS
93.15,93.15,93.15,93.15,100,2021-12-23 17:35:00,ADUS
93.07,93.07,93.015,93.015,300,2021-12-23 17:40:00,ADUS
93.0,93.0,93.0,93.0,300,2021-12-23 17:45:00,ADUS
92.905,93.25,92.81,93.18,1467,2021-12-23 17:55:00,ADUS
93.115,93.27,93.115,93.13,550,2021-12-23 18:00:00,ADUS
92.97,92.97,92.97,92.97,100,2021-12-23 18:05:00,ADUS
93.41,93.41,93.29,93.29,300,2021-12-23 18:20:00,ADUS
93.555,93.555,93.555,93.555,100,2021-12-23 18:30:00,ADUS
93.707,93.81,93.707,93.81,360,2021-12-23 18:40:00,ADUS
93.82,93.82,93.82,93.82,183,2021-12-23 18:45:00,ADUS
93.57,93.57,93.57,93.57,100,2021-12-23 19:05:00,ADUS
93.06,93.06,93.06,93.06,100,2021-12-23 19:10:00,ADUS
92.98,92.98,92.98,92.98,100,2021-12-23 19:15:00,ADUS
93.29,93.29,93.29,93.29,100,2021-12-23 19:25:00,ADUS
93.23,93.23,93.23,93.23,100,2021-12-23 19:30:00,ADUS
92.96,92.96,92.96,92.96,100,2021-12-23 19:45:00,ADUS
92.48,92.48,92.47,92.47,200,2021-12-23 19:55:00,ADUS
92.58,92.58,92.32,92.32,200,2021-12-23 20:00:00,ADUS
92.38,92.58,92.38,92.47,500,2021-12-23 20:05:00,ADUS
92.69,92.69,92.37,92.43,600,2021-12-23 20:10:00,ADUS
92.69,92.85,92.69,92.85,200,2021-12-23 20:20:00,ADUS
92.69,92.7,92.53,92.7,300,2021-12-23 20:25:00,ADUS
92.65,93.57,92.65,93.57,2114,2021-12-23 20:30:00,ADUS
93.18,93.52,93.18,93.41,400,2021-12-23 20:35:00,ADUS
93.055,93.26,93.055,93.26,500,2021-12-23 20:45:00,ADUS
93.49,93.49,93.09,93.255,600,2021-12-23 20:50:00,ADUS
93.07,93.36,93.01,93.29,3114,2021-12-23 20:55:00,ADUS
93.31,93.31,93.31,93.31,5189,2021-12-23 21:00:00,ADUS
93.79,94.7499,93.79,94.7499,1129,2021-12-27 14:30:00,ADUS
92.9,93.29,92.9,93.29,200,2021-12-27 14:35:00,ADUS
92.965,92.965,92.965,92.965,100,2021-12-27 14:55:00,ADUS
93.035,93.035,93.035,93.035,100,2021-12-27 15:05:00,ADUS
93.04,93.67,92.99,93.16,848,2021-12-27 15:10:00,ADUS
93.28,93.53,93.23,93.53,400,2021-12-27 15:30:00,ADUS
93.4,93.4,93.35,93.35,200,2021-12-27 15:40:00,ADUS
93.785,93.8,93.785,93.8,400,2021-12-27 15:50:00,ADUS
94.17,94.17,94.009,94.009,300,2021-12-27 16:00:00,ADUS
94.435,94.435,94.435,94.435,100,2021-12-27 16:05:00,ADUS
94.36,94.36,93.93,93.93,200,2021-12-27 16:15:00,ADUS
94.25,94.25,94.25,94.25,100,2021-12-27 16:20:00,ADUS
93.954,93.97,93.73,93.73,900,2021-12-27 16:25:00,ADUS
93.73,93.74,93.73,93.74,300,2021-12-27 16:35:00,ADUS
93.98,93.98,93.98,93.98,100,2021-12-27 16:40:00,ADUS
93.695,93.695,93.695,93.695,100,2021-12-27 16:45:00,ADUS
93.7,93.7,93.7,93.7,100,2021-12-27 16:50:00,ADUS
93.63,93.63,93.63,93.63,100,2021-12-27 16:55:00,ADUS
93.5,93.51,93.5,93.51,300,2021-12-27 17:05:00,ADUS
93.38,93.38,93.38,93.38,200,2021-12-27 17:10:00,ADUS
93.44,93.44,93.44,93.44,200,2021-12-27 17:15:00,ADUS
93.545,93.545,93.11,93.12,1559,2021-12-27 17:20:00,ADUS
93.125,93.125,93.125,93.125,107,2021-12-27 17:25:00,ADUS
93.125,93.2,93.08,93.1025,900,2021-12-27 17:35:00,ADUS
93.335,93.335,93.335,93.335,100,2021-12-27 17:40:00,ADUS
93.345,93.345,93.13,93.205,400,2021-12-27 17:45:00,ADUS
93.09,93.4,93.09,93.4,300,2021-12-27 17:50:00,ADUS
93.27,93.27,93.27,93.27,100,2021-12-27 17:55:00,ADUS
93.08,93.08,93.08,93.08,146,2021-12-27 18:00:00,ADUS
93.4679,93.47,93.43,93.47,1417,2021-12-27 18:10:00,ADUS
93.95,93.95,93.95,93.95,100,2021-12-27 18:15:00,ADUS
93.99,94.0,93.73,93.73,711,2021-12-27 18:20:00,ADUS
93.7421,93.7421,93.7421,93.7421,213,2021-12-27 18:25:00,ADUS
94.11,94.11,94.11,94.11,100,2021-12-27 18:30:00,ADUS
93.69,93.69,93.51,93.51,1208,2021-12-27 18:35:00,ADUS
93.55,93.62,93.55,93.62,200,2021-12-27 18:40:00,ADUS
93.925,93.925,93.91,93.91,300,2021-12-27 18:50:00,ADUS
93.79,94.365,93.79,94.365,400,2021-12-27 18:55:00,ADUS
93.9,93.9,93.9,93.9,100,2021-12-27 19:00:00,ADUS
94.245,94.245,94.245,94.245,100,2021-12-27 19:05:00,ADUS
94.37,94.37,94.37,94.37,100,2021-12-27 19:10:00,ADUS
94.225,94.225,94.18,94.2,550,2021-12-27 19:15:00,ADUS
94.33,94.42,94.33,94.42,200,2021-12-27 19:20:00,ADUS
94.58,94.58,94.58,94.58,100,2021-12-27 19:25:00,ADUS
94.51,94.51,94.51,94.51,100,2021-12-27 19:35:00,ADUS
94.405,94.405,94.31,94.31,400,2021-12-27 19:40:00,ADUS
94.41,94.42,94.41,94.42,400,2021-12-27 19:45:00,ADUS
94.54,94.54,94.54,94.54,100,2021-12-27 19:50:00,ADUS
94.61,94.61,94.61,94.61,100,2021-12-27 20:00:00,ADUS
94.935,94.935,94.935,94.935,100,2021-12-27 20:05:00,ADUS
94.61,94.61,94.57,94.57,200,2021-12-27 20:10:00,ADUS
94.67,94.975,94.67,94.975,200,2021-12-27 20:15:00,ADUS
94.72,94.91,94.72,94.91,600,2021-12-27 20:20:00,ADUS
94.81,95.17,94.81,94.945,300,2021-12-27 20:25:00,ADUS
95.07,95.07,95.07,95.07,100,2021-12-27 20:30:00,ADUS
94.99,94.99,94.83,94.83,400,2021-12-27 20:35:00,ADUS
94.8,94.8,94.74,94.74,687,2021-12-27 20:40:00,ADUS
94.74,95.01,94.74,95.01,300,2021-12-27 20:45:00,ADUS
95.14,95.38,95.05,95.16,1500,2021-12-27 20:50:00,ADUS
95.15,95.5,95.15,95.43,1721,2021-12-27 20:55:00,ADUS
95.36,95.36,95.36,95.36,8463,2021-12-27 21:00:00,ADUS
95.4,96.1,91.3,95.33,1536,2021-12-28 14:30:00,ADUS
95.27,95.32,94.97,95.32,300,2021-12-28 14:35:00,ADUS
94.99,95.8253,94.34,94.9,5774,2021-12-28 14:40:00,ADUS
95.14,95.14,95.14,95.14,100,2021-12-28 14:45:00,ADUS
95.585,95.585,95.585,95.585,100,2021-12-28 15:00:00,ADUS
95.79,95.89,95.79,95.89,200,2021-12-28 15:10:00,ADUS
95.47,95.47,95.47,95.47,100,2021-12-28 15:30:00,ADUS
94.955,94.955,94.955,94.955,100,2021-12-28 15:55:00,ADUS
95.18,95.18,94.61,94.661,750,2021-12-28 16:00:00,ADUS
94.53,94.53,93.85,93.89,300,2021-12-28 16:05:00,ADUS
93.68,93.68,93.68,93.68,100,2021-12-28 16:10:00,ADUS
94.55,94.55,94.55,94.55,265,2021-12-28 16:20:00,ADUS
94.535,94.535,94.535,94.535,100,2021-12-28 16:35:00,ADUS
94.25,94.535,94.25,94.535,200,2021-12-28 16:45:00,ADUS
94.54,94.54,94.54,94.54,411,2021-12-28 16:50:00,ADUS
94.17,94.17,94.17,94.17,100,2021-12-28 16:55:00,ADUS
93.76,93.76,93.76,93.76,100,2021-12-28 17:05:00,ADUS
93.72,93.72,93.72,93.72,100,2021-12-28 17:15:00,ADUS
93.97,93.97,93.97,93.97,100,2021-12-28 17:35:00,ADUS
94.04,94.04,93.68,93.73,400,2021-12-28 18:10:00,ADUS
93.874,94.01,93.874,94.01,350,2021-12-28 18:15:00,ADUS
94.035,94.08,93.97,94.08,500,2021-12-28 18:20:00,ADUS
93.62,93.62,93.62,93.62,100,2021-12-28 18:25:00,ADUS
93.64,93.64,93.64,93.64,100,2021-12-28 18:30:00,ADUS
93.54,93.54,93.26,93.26,300,2021-12-28 19:00:00,ADUS
93.18,93.505,93.18,93.505,200,2021-12-28 19:10:00,ADUS
93.64,93.64,93.64,93.64,100,2021-12-28 19:15:00,ADUS
94.42,94.42,94.0,94.08,600,2021-12-28 19:35:00,ADUS
94.0,94.28,94.0,94.01,1500,2021-12-28 19:40:00,ADUS
94.01,94.07,93.94,93.94,700,2021-12-28 19:45:00,ADUS
94.27,94.27,93.93,93.93,720,2021-12-28 19:55:00,ADUS
94.0397,94.0397,94.0397,94.0397,139,2021-12-28 20:00:00,ADUS
93.94,93.95,93.76,93.76,600,2021-12-28 20:05:00,ADUS
93.56,93.56,93.56,93.56,100,2021-12-28 20:15:00,ADUS
93.72,93.72,93.72,93.72,100,2021-12-28 20:25:00,ADUS
93.63,93.685,93.63,93.685,200,2021-12-28 20:35:00,ADUS
93.76,93.835,93.7,93.7,1224,2021-12-28 20:40:00,ADUS
93.8,93.89,93.8,93.89,300,2021-12-28 20:45:00,ADUS
93.59,93.69,93.35,93.5549,1293,2021-12-28 20:50:00,ADUS
93.32,93.63,93.24,93.52,1968,2021-12-28 20:55:00,ADUS
93.65,93.65,93.65,93.65,5201,2021-12-28 21:00:00,ADUS
93.96,94.9999,92.65,92.65,1283,2021-12-29 14:30:00,ADUS
92.9155,92.9155,92.9155,92.9155,135,2021-12-29 14:45:00,ADUS
94.64,94.64,94.64,94.64,100,2021-12-29 14:50:00,ADUS
94.08,94.46,94.08,94.46,200,2021-12-29 15:15:00,ADUS
94.92,94.92,94.92,94.92,100,2021-12-29 15:20:00,ADUS
94.83,94.83,94.5081,94.5081,218,2021-12-29 15:35:00,ADUS
94.3901,94.3901,94.3901,94.3901,350,2021-12-29 15:40:00,ADUS
94.76,94.8,94.625,94.625,300,2021-12-29 15:45:00,ADUS
94.965,95.03,94.965,95.03,200,2021-12-29 15:55:00,ADUS
94.6771,94.6771,94.6771,94.6771,1000,2021-12-29 16:00:00,ADUS
95.03,95.0799,95.03,95.0799,300,2021-12-29 16:05:00,ADUS
95.01,95.01,95.01,95.01,100,2021-12-29 16:15:00,ADUS
95.35,95.35,95.35,95.35,100,2021-12-29 16:25:00,ADUS
95.05,95.05,94.63,94.63,1600,2021-12-29 16:30:00,ADUS
94.22,94.22,94.22,94.22,100,2021-12-29 16:45:00,ADUS
94.325,94.325,94.325,94.325,100,2021-12-29 17:00:00,ADUS
94.51,94.51,94.07,94.07,400,2021-12-29 17:10:00,ADUS
93.965,93.965,93.965,93.965,100,2021-12-29 17:20:00,ADUS
93.79,93.79,93.66,93.66,400,2021-12-29 17:30:00,ADUS
93.655,93.79,93.655,93.79,291,2021-12-29 17:45:00,ADUS
94.145,94.145,94.145,94.145,100,2021-12-29 17:50:00,ADUS
93.635,93.635,93.635,93.635,100,2021-12-29 18:00:00,ADUS
93.72,93.79,93.71,93.79,300,2021-12-29 18:10:00,ADUS
93.63,93.63,93.63,93.63,100,2021-12-29 18:25:00,ADUS
93.56,93.56,93.56,93.56,100,2021-12-29 18:40:00,ADUS
93.65,93.65,93.65,93.65,100,2021-12-29 18:55:00,ADUS
93.26,93.65,93.2,93.23,500,2021-12-29 19:00:00,ADUS
93.18,93.19,93.13,93.19,300,2021-12-29 19:05:00,ADUS
93.385,93.58,93.385,93.385,300,2021-12-29 19:20:00,ADUS
93.39,93.54,93.39,93.54,200,2021-12-29 19:25:00,ADUS
93.54,93.57,93.41,93.48,500,2021-12-29 19:30:00,ADUS
93.57,93.57,93.57,93.57,200,2021-12-29 19:35:00,ADUS
93.24,93.24,93.24,93.24,100,2021-12-29 19:40:00,ADUS
93.17,93.17,93.17,93.17,100,2021-12-29 19:55:00,ADUS
93.305,93.49,93.305,93.45,863,2021-12-29 20:00:00,ADUS
93.31,93.31,93.2,93.2,608,2021-12-29 20:05:00,ADUS
93.23,93.365,93.23,93.365,200,2021-12-29 20:15:00,ADUS
93.31,93.31,93.31,93.31,300,2021-12-29 20:30:00,ADUS
93.23,93.23,93.23,93.23,100,2021-12-29 20:35:00,ADUS
93.09,93.395,93.075,93.395,562,2021-12-29 20:40:00,ADUS
93.42,93.42,93.33,93.33,200,2021-12-29 20:45:00,ADUS
93.63,93.63,93.63,93.63,100,2021-12-29 20:50:00,ADUS
93.61,93.68,93.38,93.64,1335,2021-12-29 20:55:00,ADUS
93.78,93.78,93.78,93.78,4938,2021-12-29 21:00:00,ADUS
93.92,93.92,93.92,93.92,202,2021-12-30 14:30:00,ADUS
94.67,94.67,94.67,94.67,100,2021-12-30 14:55:00,ADUS
94.2,94.305,94.02,94.03,700,2021-12-30 15:20:00,ADUS
93.69,93.69,93.69,93.69,100,2021-12-30 15:30:00,ADUS
93.82,93.82,93.82,93.82,100,2021-12-30 15:35:00,ADUS
94.22,94.23,93.5,93.75,2345,2021-12-30 15:40:00,ADUS
93.73,93.96,93.73,93.96,200,2021-12-30 16:05:00,ADUS
93.62,93.62,93.62,93.62,100,2021-12-30 16:10:00,ADUS
93.61,94.035,93.18,94.035,300,2021-12-30 16:20:00,ADUS
93.39,93.39,93.39,93.39,100,2021-12-30 16:25:00,ADUS
93.59,94.165,93.59,94.165,200,2021-12-30 16:30:00,ADUS
93.38,94.17,93.38,94.17,200,2021-12-30 16:45:00,ADUS
94.16,94.435,93.95,94.155,500,2021-12-30 17:00:00,ADUS
93.95,93.95,93.94,93.94,200,2021-12-30 17:05:00,ADUS
93.81,93.81,93.81,93.81,100,2021-12-30 17:15:00,ADUS
93.73,94.06,93.73,94.06,300,2021-12-30 17:25:00,ADUS
94.4475,94.81,94.14,94.38,560,2021-12-30 17:45:00,ADUS
94.06,94.06,94.06,94.06,300,2021-12-30 17:50:00,ADUS
94.09,94.09,94.09,94.09,100,2021-12-30 18:20:00,ADUS
94.18,94.18,94.18,94.18,300,2021-12-30 18:35:00,ADUS
93.8,93.8,93.8,93.8,100,2021-12-30 18:55:00,ADUS
93.935,93.935,93.935,93.935,100,2021-12-30 19:00:00,ADUS
93.795,93.795,93.795,93.795,100,2021-12-30 19:05:00,ADUS
93.65,93.65,93.65,93.65,100,2021-12-30 19:15:00,ADUS
94.03,94.03,93.79,93.79,200,2021-12-30 19:30:00,ADUS
93.91,94.06,93.9,94.06,300,2021-12-30 19:35:00,ADUS
93.78,94.0,93.63,93.63,400,2021-12-30 19:45:00,ADUS
93.68,93.75,93.68,93.75,200,2021-12-30 19:55:00,ADUS
93.7,93.7,93.7,93.7,100,2021-12-30 20:00:00,ADUS
93.69,93.69,93.6,93.61,400,2021-12-30 20:05:00,ADUS
93.49,93.49,93.49,93.49,100,2021-12-30 20:15:00,ADUS
93.3,93.3,93.26,93.26,200,2021-12-30 20:20:00,ADUS
93.14,93.87,93.14,93.87,750,2021-12-30 20:25:00,ADUS
93.71,93.71,93.66,93.66,200,2021-12-30 20:30:00,ADUS
94.065,94.31,93.68,94.24,700,2021-12-30 20:35:00,ADUS
93.99,93.99,93.99,93.99,100,2021-12-30 20:40:00,ADUS
93.815,94.0,93.68,93.68,525,2021-12-30 20:45:00,ADUS
93.67,93.885,93.5,93.63,700,2021-12-30 20:50:00,ADUS
93.55,93.55,93.29,93.41,2100,2021-12-30 20:55:00,ADUS
93.37,93.37,93.37,93.37,7206,2021-12-30 21:00:00,ADUS
