open,high,low,close,volume,datetime,symbol
188.18,191.15,187.62,191.15,5301,2021-12-01 14:30:00,TTEK
188.45,189.79,188.21,188.42,2987,2021-12-01 14:40:00,TTEK
188.44,189.13,188.2,188.2,692,2021-12-01 14:45:00,TTEK
188.52,188.685,188.09,188.09,1900,2021-12-01 14:50:00,TTEK
188.02,188.86,188.02,188.84,800,2021-12-01 14:55:00,TTEK
188.65,189.27,188.65,189.22,820,2021-12-01 15:00:00,TTEK
188.78,188.8,188.73,188.8,300,2021-12-01 15:05:00,TTEK
189.1,189.23,188.76,188.76,1205,2021-12-01 15:10:00,TTEK
188.48,188.945,188.48,188.945,900,2021-12-01 15:15:00,TTEK
188.95,189.06,188.65,188.75,500,2021-12-01 15:20:00,TTEK
188.83,188.83,188.52,188.59,1601,2021-12-01 15:25:00,TTEK
188.44,188.72,188.42,188.58,800,2021-12-01 15:30:00,TTEK
188.705,188.705,188.0,188.0,700,2021-12-01 15:35:00,TTEK
187.7046,187.875,187.675,187.875,556,2021-12-01 15:40:00,TTEK
188.0,188.56,187.97,188.38,500,2021-12-01 15:45:00,TTEK
188.27,188.52,188.27,188.45,660,2021-12-01 15:50:00,TTEK
188.48,188.61,188.2,188.61,1000,2021-12-01 15:55:00,TTEK
188.415,188.64,188.33,188.33,700,2021-12-01 16:00:00,TTEK
188.43,188.695,188.43,188.43,400,2021-12-01 16:05:00,TTEK
189.0,189.01,188.77,188.77,707,2021-12-01 16:10:00,TTEK
189.29,189.32,188.91,188.98,600,2021-12-01 16:15:00,TTEK
188.9,189.06,188.54,188.785,1300,2021-12-01 16:20:00,TTEK
189.13,189.13,188.84,188.84,796,2021-12-01 16:25:00,TTEK
188.93,189.18,188.75,189.16,1747,2021-12-01 16:30:00,TTEK
189.01,189.43,188.99,189.43,900,2021-12-01 16:35:00,TTEK
189.12,189.385,188.92,188.92,600,2021-12-01 16:40:00,TTEK
188.82,188.82,188.4,188.4,200,2021-12-01 16:45:00,TTEK
188.06,188.06,188.06,188.06,200,2021-12-01 16:50:00,TTEK
187.795,188.09,187.52,187.52,600,2021-12-01 16:55:00,TTEK
187.98,188.19,187.77,188.19,300,2021-12-01 17:00:00,TTEK
188.025,188.38,188.025,188.38,300,2021-12-01 17:05:00,TTEK
188.67,188.78,188.4,188.61,800,2021-12-01 17:10:00,TTEK
188.5,188.74,188.5,188.6,812,2021-12-01 17:15:00,TTEK
188.67,188.67,188.215,188.27,4718,2021-12-01 17:20:00,TTEK
188.17,188.3,187.51,187.54,7599,2021-12-01 17:25:00,TTEK
187.7,187.72,187.09,187.37,10576,2021-12-01 17:30:00,TTEK
187.39,187.39,186.94,187.25,6220,2021-12-01 17:35:00,TTEK
187.275,187.55,186.96,187.14,10582,2021-12-01 17:40:00,TTEK
187.14,187.36,186.85,186.925,5038,2021-12-01 17:45:00,TTEK
186.91,187.09,186.69,187.05,4021,2021-12-01 17:50:00,TTEK
186.59,186.59,186.565,186.565,200,2021-12-01 17:55:00,TTEK
186.18,186.18,185.73,185.73,300,2021-12-01 18:00:00,TTEK
185.3,185.3,185.02,185.29,600,2021-12-01 18:05:00,TTEK
185.09,185.26,184.98,184.98,500,2021-12-01 18:10:00,TTEK
184.79,185.28,184.79,184.82,1500,2021-12-01 18:15:00,TTEK
185.21,185.43,185.21,185.43,200,2021-12-01 18:20:00,TTEK
185.14,185.17,185.14,185.17,200,2021-12-01 18:25:00,TTEK
184.99,185.05,184.39,184.83,700,2021-12-01 18:30:00,TTEK
185.15,185.15,184.83,184.9,300,2021-12-01 18:35:00,TTEK
183.99,183.99,183.99,183.99,200,2021-12-01 18:40:00,TTEK
183.8,183.91,183.25,183.26,1395,2021-12-01 18:45:00,TTEK
183.145,183.89,183.145,183.75,1749,2021-12-01 18:50:00,TTEK
183.95,183.95,183.68,183.83,1501,2021-12-01 18:55:00,TTEK
183.52,183.77,183.43,183.43,1306,2021-12-01 19:00:00,TTEK
183.42,183.42,183.03,183.12,1300,2021-12-01 19:05:00,TTEK
183.285,183.33,183.025,183.025,700,2021-12-01 19:10:00,TTEK
182.92,182.92,182.51,182.905,1906,2021-12-01 19:15:00,TTEK
182.99,183.4062,182.99,183.395,1305,2021-12-01 19:20:00,TTEK
183.31,183.61,183.175,183.55,1952,2021-12-01 19:25:00,TTEK
183.81,183.81,183.695,183.695,300,2021-12-01 19:30:00,TTEK
183.751,183.81,183.34,183.428,1000,2021-12-01 19:35:00,TTEK
183.35,183.35,183.24,183.24,208,2021-12-01 19:40:00,TTEK
183.48,183.74,183.48,183.565,300,2021-12-01 19:45:00,TTEK
183.86,183.86,182.97,182.99,1505,2021-12-01 19:50:00,TTEK
183.18,183.18,183.18,183.18,100,2021-12-01 19:55:00,TTEK
183.05,183.23,182.16,182.16,900,2021-12-01 20:00:00,TTEK
182.28,182.33,181.86,181.86,1600,2021-12-01 20:05:00,TTEK
182.05,182.2,181.99,181.99,800,2021-12-01 20:10:00,TTEK
181.85,181.85,181.185,181.415,1000,2021-12-01 20:15:00,TTEK
181.22,181.22,180.34,180.69,1122,2021-12-01 20:20:00,TTEK
180.44,181.18,180.18,181.18,3500,2021-12-01 20:25:00,TTEK
180.6,181.26,180.59,181.26,2665,2021-12-01 20:30:00,TTEK
181.54,181.86,181.24,181.86,1700,2021-12-01 20:35:00,TTEK
182.07,182.62,182.07,182.39,1134,2021-12-01 20:40:00,TTEK
182.25,182.345,181.0,181.0,2707,2021-12-01 20:45:00,TTEK
180.74,181.15,180.49,180.9,3817,2021-12-01 20:50:00,TTEK
180.61,180.895,180.31,180.31,9863,2021-12-01 20:55:00,TTEK
180.56,180.56,180.56,180.56,43975,2021-12-01 21:00:00,TTEK
180.86,182.455,180.0,182.27,4027,2021-12-02 14:30:00,TTEK
182.1,182.99,181.62,181.62,900,2021-12-02 14:35:00,TTEK
182.27,184.595,182.27,184.595,1600,2021-12-02 14:40:00,TTEK
184.6,185.18,184.6,185.18,636,2021-12-02 14:45:00,TTEK
185.28,186.335,185.1,186.32,1300,2021-12-02 14:50:00,TTEK
186.23,186.52,186.23,186.52,800,2021-12-02 14:55:00,TTEK
186.31,186.41,186.24,186.41,988,2021-12-02 15:00:00,TTEK
186.26,186.32,186.2,186.2,870,2021-12-02 15:05:00,TTEK
186.08,186.08,185.8401,185.8401,200,2021-12-02 15:10:00,TTEK
186.6,186.6,185.91,185.91,1900,2021-12-02 15:15:00,TTEK
186.4,186.81,186.39,186.58,983,2021-12-02 15:20:00,TTEK
186.62,187.04,186.47,187.04,400,2021-12-02 15:25:00,TTEK
187.265,187.265,186.34,186.34,700,2021-12-02 15:30:00,TTEK
185.81,185.9,185.8,185.9,700,2021-12-02 15:35:00,TTEK
185.9,185.94,185.52,185.72,1300,2021-12-02 15:40:00,TTEK
185.74,186.04,185.45,186.0,800,2021-12-02 15:45:00,TTEK
186.4297,186.4297,185.8,185.9,1005,2021-12-02 15:50:00,TTEK
185.9442,186.96,185.9442,186.88,2200,2021-12-02 15:55:00,TTEK
187.17,187.67,187.1,187.67,2000,2021-12-02 16:00:00,TTEK
187.54,187.8,187.515,187.515,3000,2021-12-02 16:05:00,TTEK
187.705,187.705,187.705,187.705,100,2021-12-02 16:10:00,TTEK
187.88,187.96,187.79,187.79,900,2021-12-02 16:15:00,TTEK
187.97,188.07,187.83,187.83,1000,2021-12-02 16:20:00,TTEK
188.1,188.33,188.1,188.22,900,2021-12-02 16:25:00,TTEK
188.3,188.3,186.75,187.05,2500,2021-12-02 16:30:00,TTEK
187.185,187.185,187.13,187.13,600,2021-12-02 16:35:00,TTEK
187.232,188.18,187.232,187.35,2176,2021-12-02 16:40:00,TTEK
187.56,188.3806,187.56,188.3806,700,2021-12-02 16:45:00,TTEK
188.22,188.23,187.35,187.53,4500,2021-12-02 16:50:00,TTEK
187.37,187.62,186.935,187.35,8375,2021-12-02 16:55:00,TTEK
187.305,187.84,187.115,187.7106,11020,2021-12-02 17:00:00,TTEK
187.7,188.24,187.38,188.24,3066,2021-12-02 17:05:00,TTEK
188.02,188.21,188.0,188.0,1700,2021-12-02 17:10:00,TTEK
188.19,188.68,188.19,188.52,1100,2021-12-02 17:15:00,TTEK
188.31,188.84,188.31,188.77,2616,2021-12-02 17:20:00,TTEK
188.45,188.45,188.37,188.37,300,2021-12-02 17:25:00,TTEK
188.62,188.62,188.22,188.22,420,2021-12-02 17:30:00,TTEK
188.175,188.25,188.08,188.25,700,2021-12-02 17:35:00,TTEK
188.33,188.35,188.16,188.35,1863,2021-12-02 17:40:00,TTEK
188.97,189.34,188.97,189.18,759,2021-12-02 17:45:00,TTEK
188.93,188.93,188.48,188.695,1200,2021-12-02 17:50:00,TTEK
188.72,188.72,188.57,188.59,754,2021-12-02 17:55:00,TTEK
188.44,188.45,187.625,188.45,1100,2021-12-02 18:00:00,TTEK
188.49,188.49,188.49,188.49,200,2021-12-02 18:05:00,TTEK
188.22,188.67,188.22,188.67,500,2021-12-02 18:10:00,TTEK
189.105,189.235,188.84,188.91,1171,2021-12-02 18:15:00,TTEK
189.08,189.08,188.455,188.64,1618,2021-12-02 18:20:00,TTEK
188.41,188.41,187.95,187.95,600,2021-12-02 18:25:00,TTEK
188.27,188.755,188.17,188.58,1900,2021-12-02 18:30:00,TTEK
188.6,188.81,188.51,188.51,1600,2021-12-02 18:35:00,TTEK
188.63,188.73,188.45,188.73,1000,2021-12-02 18:40:00,TTEK
188.44,188.46,188.19,188.4348,865,2021-12-02 18:45:00,TTEK
188.46,188.84,188.46,188.84,848,2021-12-02 18:50:00,TTEK
188.95,189.0,188.94,189.0,400,2021-12-02 18:55:00,TTEK
189.0409,189.12,188.68,188.99,1702,2021-12-02 19:00:00,TTEK
188.91,189.38,188.89,189.37,1520,2021-12-02 19:05:00,TTEK
189.51,189.54,189.17,189.2,700,2021-12-02 19:10:00,TTEK
189.3,189.445,189.3,189.43,700,2021-12-02 19:15:00,TTEK
189.465,189.65,189.465,189.53,300,2021-12-02 19:20:00,TTEK
189.44,189.55,189.35,189.47,2868,2021-12-02 19:25:00,TTEK
189.4,189.4,188.97,188.97,801,2021-12-02 19:30:00,TTEK
188.93,188.93,188.56,188.72,700,2021-12-02 19:35:00,TTEK
188.76,188.76,188.57,188.57,599,2021-12-02 19:40:00,TTEK
188.56,188.7,188.22,188.265,5616,2021-12-02 19:45:00,TTEK
188.27,188.3,188.15,188.3,724,2021-12-02 19:50:00,TTEK
188.54,188.86,188.54,188.775,896,2021-12-02 19:55:00,TTEK
188.94,188.94,188.61,188.63,1300,2021-12-02 20:00:00,TTEK
188.62,188.66,188.38,188.5,1873,2021-12-02 20:05:00,TTEK
188.19,188.19,187.42,187.985,15338,2021-12-02 20:10:00,TTEK
187.975,188.06,187.72,187.72,2647,2021-12-02 20:15:00,TTEK
187.58,187.798,187.18,187.3,20287,2021-12-02 20:20:00,TTEK
187.4,187.84,187.4,187.65,3315,2021-12-02 20:25:00,TTEK
187.65,188.63,187.65,188.24,3600,2021-12-02 20:30:00,TTEK
188.21,188.28,187.61,187.61,7800,2021-12-02 20:35:00,TTEK
187.6,188.06,187.6,188.0,6460,2021-12-02 20:40:00,TTEK
188.0,188.1026,187.32,187.76,4959,2021-12-02 20:45:00,TTEK
188.32,188.36,186.6,186.86,11756,2021-12-02 20:50:00,TTEK
186.98,188.0,186.83,187.795,12772,2021-12-02 20:55:00,TTEK
187.9,187.9,187.9,187.9,67570,2021-12-02 21:00:00,TTEK
189.49,189.49,188.15,188.205,3706,2021-12-03 14:30:00,TTEK
188.355,188.56,188.355,188.56,215,2021-12-03 14:35:00,TTEK
188.02,188.02,186.86,187.61,2425,2021-12-03 14:40:00,TTEK
187.16,187.16,187.16,187.16,274,2021-12-03 14:45:00,TTEK
185.8,186.58,185.8,186.22,1508,2021-12-03 14:50:00,TTEK
185.9,186.685,185.9,186.36,1506,2021-12-03 14:55:00,TTEK
185.7,186.125,185.09,185.78,2122,2021-12-03 15:00:00,TTEK
185.87,185.98,185.04,185.505,4541,2021-12-03 15:05:00,TTEK
185.6811,185.6811,185.02,185.02,1022,2021-12-03 15:10:00,TTEK
184.67,185.695,184.67,185.46,800,2021-12-03 15:15:00,TTEK
185.56,185.56,185.2,185.45,400,2021-12-03 15:20:00,TTEK
185.14,185.89,185.14,185.89,300,2021-12-03 15:25:00,TTEK
185.985,185.985,185.12,185.22,1000,2021-12-03 15:30:00,TTEK
184.62,185.07,184.6101,184.915,2193,2021-12-03 15:35:00,TTEK
184.7384,184.7384,184.69,184.69,460,2021-12-03 15:40:00,TTEK
183.465,183.465,183.13,183.32,1149,2021-12-03 15:45:00,TTEK
183.4,183.8,183.02,183.43,3103,2021-12-03 15:50:00,TTEK
183.27,183.4624,183.025,183.025,341,2021-12-03 15:55:00,TTEK
182.73,183.29,182.725,183.29,2100,2021-12-03 16:00:00,TTEK
183.04,183.23,182.1592,183.23,3240,2021-12-03 16:05:00,TTEK
183.43,183.96,183.125,183.63,1300,2021-12-03 16:10:00,TTEK
183.46,183.46,183.09,183.09,2700,2021-12-03 16:15:00,TTEK
183.09,184.68,183.075,184.68,3373,2021-12-03 16:20:00,TTEK
184.85,185.31,184.82,185.09,1300,2021-12-03 16:25:00,TTEK
185.14,185.14,185.12,185.12,514,2021-12-03 16:30:00,TTEK
185.42,185.5947,185.09,185.1,1040,2021-12-03 16:35:00,TTEK
184.94,184.94,184.3716,184.3716,700,2021-12-03 16:40:00,TTEK
184.46,185.06,184.46,185.06,500,2021-12-03 16:45:00,TTEK
184.64,185.08,184.29,185.08,1020,2021-12-03 16:50:00,TTEK
184.51,184.51,183.885,183.885,1065,2021-12-03 16:55:00,TTEK
183.93,183.93,183.93,183.93,100,2021-12-03 17:00:00,TTEK
184.37,185.0407,184.37,184.83,1277,2021-12-03 17:05:00,TTEK
184.88,184.88,184.7,184.74,800,2021-12-03 17:10:00,TTEK
185.08,185.36,185.08,185.36,400,2021-12-03 17:15:00,TTEK
185.5,185.5,185.5,185.5,100,2021-12-03 17:20:00,TTEK
185.49,185.49,185.41,185.41,343,2021-12-03 17:25:00,TTEK
185.28,185.28,184.76,184.76,600,2021-12-03 17:30:00,TTEK
185.02,185.28,184.96,185.11,3068,2021-12-03 17:35:00,TTEK
185.3175,185.495,184.66,184.66,3180,2021-12-03 17:40:00,TTEK
184.66,184.68,184.33,184.42,1307,2021-12-03 17:45:00,TTEK
184.36,184.4,184.36,184.3866,449,2021-12-03 17:50:00,TTEK
184.13,184.13,183.8313,184.12,883,2021-12-03 17:55:00,TTEK
184.04,184.04,183.7338,183.7338,1293,2021-12-03 18:00:00,TTEK
183.8,183.8,183.77,183.77,200,2021-12-03 18:05:00,TTEK
184.015,184.23,183.84,183.84,1200,2021-12-03 18:10:00,TTEK
183.81,184.25,183.81,184.25,600,2021-12-03 18:15:00,TTEK
183.95,184.09,183.716,183.716,700,2021-12-03 18:20:00,TTEK
183.92,183.92,183.67,183.67,2857,2021-12-03 18:25:00,TTEK
183.17,183.18,183.17,183.18,200,2021-12-03 18:30:00,TTEK
183.07,183.07,182.7254,182.7254,486,2021-12-03 18:35:00,TTEK
182.71,182.95,182.64,182.95,600,2021-12-03 18:40:00,TTEK
183.21,183.21,182.57,182.76,1300,2021-12-03 18:45:00,TTEK
182.85,183.28,182.85,183.28,400,2021-12-03 18:50:00,TTEK
183.14,183.38,182.88,183.05,1390,2021-12-03 18:55:00,TTEK
182.75,183.495,182.75,183.495,600,2021-12-03 19:00:00,TTEK
183.33,183.33,183.13,183.13,500,2021-12-03 19:05:00,TTEK
183.18,183.18,182.91,183.08,700,2021-12-03 19:10:00,TTEK
182.94,183.04,182.91,183.04,402,2021-12-03 19:15:00,TTEK
182.55,183.47,182.55,183.47,800,2021-12-03 19:20:00,TTEK
183.44,183.44,183.38,183.42,600,2021-12-03 19:25:00,TTEK
183.505,183.505,182.97,182.97,1500,2021-12-03 19:30:00,TTEK
182.81,183.23,182.62,182.62,1003,2021-12-03 19:35:00,TTEK
182.74,183.32,182.74,183.32,700,2021-12-03 19:40:00,TTEK
183.22,183.22,182.78,182.78,600,2021-12-03 19:45:00,TTEK
182.8342,183.02,182.79,182.79,709,2021-12-03 19:50:00,TTEK
182.83,182.9,182.66,182.66,400,2021-12-03 19:55:00,TTEK
182.66,182.79,182.51,182.51,1960,2021-12-03 20:00:00,TTEK
182.62,183.0,182.26,182.3882,4084,2021-12-03 20:05:00,TTEK
182.66,182.765,182.54,182.57,600,2021-12-03 20:10:00,TTEK
182.79,182.79,182.52,182.52,400,2021-12-03 20:15:00,TTEK
182.61,183.12,182.6,182.96,2228,2021-12-03 20:20:00,TTEK
182.985,183.45,182.985,183.25,1304,2021-12-03 20:25:00,TTEK
183.06,183.58,182.98,183.495,6917,2021-12-03 20:30:00,TTEK
183.67,183.74,183.07,183.07,1800,2021-12-03 20:35:00,TTEK
182.78,183.16,182.68,182.68,1600,2021-12-03 20:40:00,TTEK
182.61,182.61,182.1,182.42,2548,2021-12-03 20:45:00,TTEK
182.68,183.53,182.43,183.49,3240,2021-12-03 20:50:00,TTEK
183.52,184.31,183.52,184.03,8080,2021-12-03 20:55:00,TTEK
183.94,183.94,183.94,183.94,59852,2021-12-03 21:00:00,TTEK
183.94,183.94,183.94,183.94,3979,2021-12-03 22:30:00,TTEK
187.15,188.16,185.95,185.95,2810,2021-12-06 14:30:00,TTEK
186.45,187.85,185.27,185.27,986,2021-12-06 14:35:00,TTEK
186.475,186.475,185.54,185.54,600,2021-12-06 14:45:00,TTEK
185.8538,185.86,185.425,185.425,738,2021-12-06 14:50:00,TTEK
186.0515,186.0515,185.78,185.78,409,2021-12-06 14:55:00,TTEK
185.68,185.87,185.23,185.23,414,2021-12-06 15:00:00,TTEK
185.45,185.45,185.34,185.35,400,2021-12-06 15:05:00,TTEK
185.75,186.49,185.43,186.49,906,2021-12-06 15:10:00,TTEK
186.615,186.615,186.615,186.615,174,2021-12-06 15:15:00,TTEK
186.46,186.96,186.35,186.45,1500,2021-12-06 15:20:00,TTEK
186.86,187.09,186.86,187.09,600,2021-12-06 15:30:00,TTEK
186.78,187.41,186.76,187.04,609,2021-12-06 15:35:00,TTEK
186.67,186.67,186.67,186.67,110,2021-12-06 15:40:00,TTEK
186.16,186.19,186.16,186.19,474,2021-12-06 15:45:00,TTEK
186.67,186.67,186.67,186.67,100,2021-12-06 15:50:00,TTEK
187.03,187.21,187.03,187.21,300,2021-12-06 15:55:00,TTEK
187.3,187.485,186.86,187.255,1408,2021-12-06 16:00:00,TTEK
187.1,187.1,187.1,187.1,100,2021-12-06 16:05:00,TTEK
186.41,186.41,186.41,186.41,100,2021-12-06 16:20:00,TTEK
186.56,186.56,186.56,186.56,195,2021-12-06 16:25:00,TTEK
186.33,186.33,185.9098,185.98,465,2021-12-06 16:30:00,TTEK
186.285,186.285,186.065,186.065,200,2021-12-06 16:35:00,TTEK
186.14,186.26,186.14,186.26,640,2021-12-06 16:40:00,TTEK
185.9,186.06,185.9,186.03,400,2021-12-06 16:45:00,TTEK
186.22,186.22,186.19,186.19,433,2021-12-06 16:50:00,TTEK
186.595,186.7,186.515,186.515,800,2021-12-06 16:55:00,TTEK
186.67,187.07,186.67,186.96,724,2021-12-06 17:05:00,TTEK
187.295,187.295,187.02,187.02,200,2021-12-06 17:10:00,TTEK
186.88,187.39,186.88,187.39,200,2021-12-06 17:15:00,TTEK
187.36,187.77,187.36,187.77,300,2021-12-06 17:20:00,TTEK
187.909,187.909,187.909,187.909,134,2021-12-06 17:25:00,TTEK
187.35,187.35,187.35,187.35,200,2021-12-06 17:30:00,TTEK
187.33,187.33,187.33,187.33,200,2021-12-06 17:35:00,TTEK
187.0468,187.17,186.9,186.9,641,2021-12-06 17:40:00,TTEK
187.03,187.19,187.03,187.19,200,2021-12-06 17:45:00,TTEK
187.095,187.095,187.05,187.05,716,2021-12-06 17:50:00,TTEK
187.68,187.68,187.68,187.68,100,2021-12-06 18:00:00,TTEK
187.3,187.3,187.24,187.24,500,2021-12-06 18:05:00,TTEK
187.44,187.44,187.44,187.44,100,2021-12-06 18:10:00,TTEK
187.41,187.41,187.41,187.41,210,2021-12-06 18:15:00,TTEK
188.24,188.61,187.97,187.99,900,2021-12-06 18:25:00,TTEK
187.9,188.48,187.9,188.146,912,2021-12-06 18:30:00,TTEK
187.956,188.36,187.956,188.0,1000,2021-12-06 18:35:00,TTEK
188.0,188.82,188.0,188.82,3298,2021-12-06 18:40:00,TTEK
188.75,189.17,188.69,188.69,1000,2021-12-06 18:45:00,TTEK
188.8103,188.8103,188.64,188.64,604,2021-12-06 18:50:00,TTEK
188.53,188.69,188.36,188.69,5091,2021-12-06 18:55:00,TTEK
188.665,188.665,188.64,188.64,513,2021-12-06 19:00:00,TTEK
188.47,188.47,188.11,188.31,700,2021-12-06 19:05:00,TTEK
188.101,188.101,188.101,188.101,200,2021-12-06 19:10:00,TTEK
188.49,188.49,187.95,188.14,1300,2021-12-06 19:15:00,TTEK
188.33,188.33,188.04,188.04,200,2021-12-06 19:20:00,TTEK
187.84,187.96,187.495,187.72,4432,2021-12-06 19:25:00,TTEK
187.4,187.4,187.226,187.226,300,2021-12-06 19:30:00,TTEK
187.53,187.69,187.36,187.49,3252,2021-12-06 19:35:00,TTEK
187.55,187.75,187.355,187.36,2300,2021-12-06 19:40:00,TTEK
187.58,187.59,187.16,187.16,700,2021-12-06 19:45:00,TTEK
187.215,187.215,187.11,187.11,200,2021-12-06 19:50:00,TTEK
187.135,187.32,186.44,186.44,2895,2021-12-06 19:55:00,TTEK
186.745,186.83,186.39,186.39,400,2021-12-06 20:00:00,TTEK
186.63,186.96,186.63,186.75,810,2021-12-06 20:05:00,TTEK
186.75,186.75,185.72,186.11,4800,2021-12-06 20:10:00,TTEK
186.42,186.6,186.35,186.43,601,2021-12-06 20:15:00,TTEK
186.17,186.2,186.16,186.16,800,2021-12-06 20:20:00,TTEK
185.99,185.99,185.048,185.18,5100,2021-12-06 20:25:00,TTEK
185.36,185.5,185.12,185.48,7465,2021-12-06 20:30:00,TTEK
185.45,185.8,185.17,185.8,2247,2021-12-06 20:35:00,TTEK
185.65,185.93,185.38,185.93,5196,2021-12-06 20:40:00,TTEK
185.5904,185.5904,184.99,184.99,1174,2021-12-06 20:45:00,TTEK
184.71,185.09,184.7,184.85,6126,2021-12-06 20:50:00,TTEK
184.86,184.91,184.12,184.43,25972,2021-12-06 20:55:00,TTEK
184.43,184.43,184.43,184.43,55000,2021-12-06 21:00:00,TTEK
187.81,187.81,186.26,187.0,3626,2021-12-07 14:30:00,TTEK
187.7386,187.7386,187.7386,187.7386,120,2021-12-07 14:35:00,TTEK
187.88,189.09,187.75,188.92,1906,2021-12-07 14:40:00,TTEK
189.7499,189.7499,189.45,189.687,803,2021-12-07 14:45:00,TTEK
190.35,190.7,190.33,190.39,806,2021-12-07 14:50:00,TTEK
190.65,190.73,189.39,189.39,2708,2021-12-07 15:00:00,TTEK
189.72,190.0725,189.258,189.795,5929,2021-12-07 15:05:00,TTEK
189.57,189.58,189.13,189.18,1396,2021-12-07 15:10:00,TTEK
189.17,189.17,189.17,189.17,100,2021-12-07 15:15:00,TTEK
189.16,189.48,188.17,188.59,2038,2021-12-07 15:20:00,TTEK
188.555,188.555,188.19,188.32,400,2021-12-07 15:25:00,TTEK
188.92,188.92,188.64,188.64,200,2021-12-07 15:30:00,TTEK
188.75,189.3,188.75,189.3,986,2021-12-07 15:35:00,TTEK
189.24,189.2569,189.24,189.2569,203,2021-12-07 15:40:00,TTEK
189.32,189.36,189.16,189.29,700,2021-12-07 15:45:00,TTEK
189.32,189.48,189.315,189.48,1218,2021-12-07 15:50:00,TTEK
189.43,190.1,189.35,190.05,1300,2021-12-07 15:55:00,TTEK
190.51,190.83,190.13,190.52,2700,2021-12-07 16:00:00,TTEK
190.5,190.5,190.5,190.5,100,2021-12-07 16:05:00,TTEK
190.13,190.13,190.02,190.02,400,2021-12-07 16:10:00,TTEK
190.0548,190.0548,189.77,189.9,1001,2021-12-07 16:15:00,TTEK
189.59,189.59,189.41,189.41,400,2021-12-07 16:20:00,TTEK
189.51,189.51,189.17,189.465,400,2021-12-07 16:25:00,TTEK
189.385,189.62,189.385,189.62,300,2021-12-07 16:30:00,TTEK
189.79,190.21,189.79,189.87,1068,2021-12-07 16:35:00,TTEK
190.165,190.165,189.52,189.9,607,2021-12-07 16:40:00,TTEK
189.78,189.78,189.29,189.37,400,2021-12-07 16:45:00,TTEK
189.32,189.52,189.32,189.52,1200,2021-12-07 16:50:00,TTEK
189.46,189.59,189.42,189.44,516,2021-12-07 16:55:00,TTEK
189.3,189.3,189.29,189.29,500,2021-12-07 17:05:00,TTEK
189.53,189.61,189.53,189.61,500,2021-12-07 17:10:00,TTEK
189.645,189.645,189.04,189.31,2400,2021-12-07 17:15:00,TTEK
189.13,189.13,189.11,189.11,200,2021-12-07 17:20:00,TTEK
189.05,189.06,188.79,188.79,500,2021-12-07 17:25:00,TTEK
188.96,189.0,188.57,188.96,800,2021-12-07 17:30:00,TTEK
188.7,188.7,188.7,188.7,100,2021-12-07 17:35:00,TTEK
188.815,188.82,188.2,188.2,1078,2021-12-07 17:40:00,TTEK
188.51,188.51,188.31,188.31,300,2021-12-07 17:45:00,TTEK
188.48,188.48,188.19,188.31,1876,2021-12-07 17:50:00,TTEK
188.19,188.31,188.18,188.18,700,2021-12-07 17:55:00,TTEK
188.315,188.59,188.315,188.59,1209,2021-12-07 18:00:00,TTEK
188.51,188.7,188.51,188.59,550,2021-12-07 18:05:00,TTEK
188.46,188.46,188.3,188.385,437,2021-12-07 18:10:00,TTEK
188.54,188.73,188.54,188.73,1400,2021-12-07 18:15:00,TTEK
188.9,188.9,188.45,188.45,1205,2021-12-07 18:20:00,TTEK
188.33,188.73,188.28,188.6,400,2021-12-07 18:25:00,TTEK
188.17,188.2,188.17,188.2,200,2021-12-07 18:30:00,TTEK
188.54,188.69,188.28,188.48,3239,2021-12-07 18:35:00,TTEK
188.635,188.635,188.11,188.11,400,2021-12-07 18:40:00,TTEK
188.3,188.3,188.11,188.11,386,2021-12-07 18:45:00,TTEK
188.3,188.82,188.3,188.76,800,2021-12-07 18:50:00,TTEK
188.77,188.81,188.65,188.75,500,2021-12-07 18:55:00,TTEK
188.79,188.79,188.35,188.35,600,2021-12-07 19:00:00,TTEK
188.53,188.99,188.53,188.99,621,2021-12-07 19:05:00,TTEK
189.01,189.26,189.0,189.13,1255,2021-12-07 19:10:00,TTEK
189.08,189.17,189.08,189.17,200,2021-12-07 19:15:00,TTEK
189.27,189.44,189.27,189.44,204,2021-12-07 19:20:00,TTEK
189.49,189.49,189.26,189.26,311,2021-12-07 19:25:00,TTEK
189.37,189.4565,189.37,189.4565,212,2021-12-07 19:30:00,TTEK
189.13,189.35,189.13,189.22,400,2021-12-07 19:35:00,TTEK
189.11,189.355,188.96,189.355,1200,2021-12-07 19:40:00,TTEK
189.18,189.36,189.18,189.36,200,2021-12-07 19:45:00,TTEK
189.0,189.0,188.99,188.99,200,2021-12-07 19:55:00,TTEK
188.8,189.055,188.8,189.055,200,2021-12-07 20:00:00,TTEK
189.075,189.41,189.075,189.41,983,2021-12-07 20:05:00,TTEK
189.575,189.575,189.12,189.18,802,2021-12-07 20:10:00,TTEK
189.405,189.405,189.27,189.27,500,2021-12-07 20:15:00,TTEK
189.43,189.43,189.06,189.06,824,2021-12-07 20:20:00,TTEK
188.7,188.7,188.7,188.7,402,2021-12-07 20:25:00,TTEK
188.84,188.915,188.37,188.915,900,2021-12-07 20:30:00,TTEK
188.85,188.85,188.58,188.66,1109,2021-12-07 20:35:00,TTEK
188.72,189.33,188.72,188.83,1426,2021-12-07 20:40:00,TTEK
189.005,189.005,188.41,188.72,1400,2021-12-07 20:45:00,TTEK
188.5,189.16,188.38,189.16,2908,2021-12-07 20:50:00,TTEK
189.255,189.31,188.75,189.275,9936,2021-12-07 20:55:00,TTEK
189.3,189.3,189.3,189.3,28415,2021-12-07 21:00:00,TTEK
189.3,189.3,189.3,189.3,2181,2021-12-07 21:50:00,TTEK
189.34,189.34,189.34,189.34,1885,2021-12-08 14:30:00,TTEK
188.87,188.95,188.37,188.37,869,2021-12-08 14:40:00,TTEK
188.975,190.0,188.975,189.83,597,2021-12-08 14:45:00,TTEK
190.259,190.31,189.91,189.91,1290,2021-12-08 14:50:00,TTEK
190.19,190.19,188.755,188.775,850,2021-12-08 14:55:00,TTEK
189.43,189.43,189.43,189.43,100,2021-12-08 15:00:00,TTEK
188.68,189.14,188.565,189.14,796,2021-12-08 15:05:00,TTEK
189.04,189.04,188.895,188.895,200,2021-12-08 15:10:00,TTEK
188.9,188.9,188.65,188.65,600,2021-12-08 15:15:00,TTEK
188.65,188.99,188.47,188.99,1300,2021-12-08 15:20:00,TTEK
189.14,189.14,188.02,188.02,900,2021-12-08 15:25:00,TTEK
188.4,189.0,188.4,189.0,700,2021-12-08 15:30:00,TTEK
188.64,188.82,188.64,188.7199,559,2021-12-08 15:35:00,TTEK
189.01,189.16,188.48,188.48,1200,2021-12-08 15:40:00,TTEK
188.745,189.06,188.74,189.05,733,2021-12-08 15:45:00,TTEK
188.825,189.08,188.78,189.08,700,2021-12-08 15:55:00,TTEK
189.15,189.2,189.15,189.16,1118,2021-12-08 16:00:00,TTEK
189.01,189.48,189.0,189.48,1261,2021-12-08 16:10:00,TTEK
189.39,189.39,189.39,189.39,100,2021-12-08 16:15:00,TTEK
189.28,189.52,189.28,189.52,200,2021-12-08 16:20:00,TTEK
189.86,189.86,189.725,189.8,709,2021-12-08 16:25:00,TTEK
189.72,189.76,189.19,189.19,600,2021-12-08 16:30:00,TTEK
189.065,189.5,189.065,189.5,200,2021-12-08 16:35:00,TTEK
189.24,189.24,189.16,189.215,736,2021-12-08 16:40:00,TTEK
189.51,189.51,189.51,189.51,100,2021-12-08 16:45:00,TTEK
189.47,189.47,189.44,189.44,200,2021-12-08 16:50:00,TTEK
189.53,189.8,189.53,189.7075,2322,2021-12-08 16:55:00,TTEK
189.62,190.34,189.55,190.27,6812,2021-12-08 17:00:00,TTEK
190.19,190.25,190.19,190.25,250,2021-12-08 17:05:00,TTEK
190.32,190.32,190.32,190.32,200,2021-12-08 17:10:00,TTEK
190.07,190.07,189.86,190.05,600,2021-12-08 17:20:00,TTEK
190.08,190.235,190.08,190.09,600,2021-12-08 17:25:00,TTEK
190.0,190.01,189.86,189.86,400,2021-12-08 17:35:00,TTEK
189.56,189.56,189.52,189.52,200,2021-12-08 17:40:00,TTEK
189.74,189.83,189.74,189.83,600,2021-12-08 17:45:00,TTEK
189.66,189.7,189.27,189.65,2500,2021-12-08 17:50:00,TTEK
189.17,189.17,188.83,188.855,647,2021-12-08 17:55:00,TTEK
188.98,189.3,188.81,188.9,1800,2021-12-08 18:00:00,TTEK
188.92,188.92,188.86,188.86,300,2021-12-08 18:05:00,TTEK
188.49,188.67,187.79,188.67,2800,2021-12-08 18:10:00,TTEK
189.08,189.08,188.955,188.955,646,2021-12-08 18:15:00,TTEK
188.89,188.89,188.875,188.88,300,2021-12-08 18:20:00,TTEK
188.89,188.89,188.66,188.66,1307,2021-12-08 18:25:00,TTEK
188.56,188.56,188.22,188.25,702,2021-12-08 18:30:00,TTEK
188.23,188.285,187.7,188.03,2000,2021-12-08 18:35:00,TTEK
187.73,188.05,187.73,187.83,1300,2021-12-08 18:40:00,TTEK
187.82,187.98,187.81,187.98,1300,2021-12-08 18:45:00,TTEK
187.8347,187.8347,187.54,187.81,863,2021-12-08 18:50:00,TTEK
187.79,187.79,187.39,187.39,1809,2021-12-08 18:55:00,TTEK
187.44,187.9,187.44,187.8005,2800,2021-12-08 19:00:00,TTEK
187.81,187.9,187.42,187.58,2670,2021-12-08 19:05:00,TTEK
187.78,187.78,187.65,187.65,500,2021-12-08 19:10:00,TTEK
187.525,187.73,187.525,187.63,423,2021-12-08 19:15:00,TTEK
187.61,188.0,187.61,187.95,6555,2021-12-08 19:20:00,TTEK
188.275,188.29,188.2134,188.29,5900,2021-12-08 19:25:00,TTEK
188.45,188.86,188.35,188.7,6126,2021-12-08 19:30:00,TTEK
188.7,188.7,188.65,188.7,6347,2021-12-08 19:35:00,TTEK
189.18,189.18,188.5,188.55,3045,2021-12-08 19:40:00,TTEK
188.44,188.44,188.44,188.44,100,2021-12-08 19:45:00,TTEK
188.42,188.68,188.42,188.66,821,2021-12-08 19:50:00,TTEK
188.59,188.685,188.55,188.61,1500,2021-12-08 19:55:00,TTEK
188.37,188.52,188.34,188.38,1200,2021-12-08 20:00:00,TTEK
188.465,188.505,188.465,188.48,1463,2021-12-08 20:05:00,TTEK
188.48,188.51,188.3,188.3,2184,2021-12-08 20:10:00,TTEK
188.3,188.48,188.29,188.32,1900,2021-12-08 20:15:00,TTEK
188.14,188.385,188.1,188.16,1908,2021-12-08 20:20:00,TTEK
188.15,188.185,187.89,188.05,1500,2021-12-08 20:25:00,TTEK
188.06,188.18,187.94,188.125,3616,2021-12-08 20:30:00,TTEK
188.125,188.26,187.97,188.12,4897,2021-12-08 20:35:00,TTEK
188.015,188.16,187.85,187.96,3800,2021-12-08 20:40:00,TTEK
188.03,188.14,187.7209,187.865,6461,2021-12-08 20:45:00,TTEK
187.95,189.08,187.93,189.01,14173,2021-12-08 20:50:00,TTEK
189.035,189.25,188.58,188.77,11017,2021-12-08 20:55:00,TTEK
188.76,188.76,188.76,188.76,39857,2021-12-08 21:00:00,TTEK
187.91,188.06,186.4987,188.06,3251,2021-12-09 14:30:00,TTEK
187.925,187.925,187.475,187.475,200,2021-12-09 14:35:00,TTEK
187.4,187.71,186.725,186.725,503,2021-12-09 14:40:00,TTEK
187.085,187.52,186.6,186.6,1500,2021-12-09 14:45:00,TTEK
185.81,186.06,184.11,184.875,2246,2021-12-09 14:50:00,TTEK
184.3509,185.145,184.3509,185.145,640,2021-12-09 14:55:00,TTEK
185.25,185.25,184.35,184.615,1900,2021-12-09 15:00:00,TTEK
184.34,184.34,182.93,182.93,5654,2021-12-09 15:05:00,TTEK
183.33,183.55,182.85,182.9709,1562,2021-12-09 15:10:00,TTEK
182.715,182.92,182.015,182.345,1866,2021-12-09 15:15:00,TTEK
182.215,182.215,181.49,181.49,2028,2021-12-09 15:20:00,TTEK
181.4,181.68,181.19,181.19,1100,2021-12-09 15:25:00,TTEK
181.57,181.57,180.31,180.76,1696,2021-12-09 15:30:00,TTEK
180.65,180.65,179.45,179.58,4895,2021-12-09 15:35:00,TTEK
180.075,180.63,180.0,180.23,1096,2021-12-09 15:40:00,TTEK
180.71,181.98,180.7,181.98,2103,2021-12-09 15:45:00,TTEK
181.205,181.39,180.75,180.75,2341,2021-12-09 15:50:00,TTEK
180.6,181.2,180.6,181.14,1713,2021-12-09 15:55:00,TTEK
181.15,181.15,180.22,180.22,707,2021-12-09 16:00:00,TTEK
180.57,180.78,180.465,180.77,1569,2021-12-09 16:05:00,TTEK
180.5,180.5,179.8701,179.91,1591,2021-12-09 16:10:00,TTEK
180.105,180.46,179.98,180.46,2402,2021-12-09 16:15:00,TTEK
180.525,180.88,180.505,180.7491,1655,2021-12-09 16:20:00,TTEK
180.6314,181.12,180.6,180.65,2504,2021-12-09 16:25:00,TTEK
180.825,180.825,180.825,180.825,100,2021-12-09 16:30:00,TTEK
180.56,180.76,180.47,180.76,705,2021-12-09 16:35:00,TTEK
180.39,180.43,179.91,179.995,1600,2021-12-09 16:40:00,TTEK
179.88,179.88,179.54,179.6,800,2021-12-09 16:45:00,TTEK
179.41,179.41,179.01,179.05,1100,2021-12-09 16:50:00,TTEK
178.93,178.93,178.48,178.48,1900,2021-12-09 16:55:00,TTEK
178.4,178.62,178.08,178.17,2880,2021-12-09 17:00:00,TTEK
178.1,178.525,177.8,178.525,3731,2021-12-09 17:05:00,TTEK
178.39,178.83,178.39,178.59,800,2021-12-09 17:10:00,TTEK
178.72,178.72,178.14,178.43,2794,2021-12-09 17:15:00,TTEK
178.35,178.54,178.35,178.43,3941,2021-12-09 17:20:00,TTEK
178.6,178.81,178.6,178.72,2010,2021-12-09 17:25:00,TTEK
178.69,178.69,178.02,178.19,1241,2021-12-09 17:30:00,TTEK
178.215,178.37,177.875,178.37,2300,2021-12-09 17:35:00,TTEK
177.93,177.93,177.24,177.89,3734,2021-12-09 17:40:00,TTEK
177.63,177.745,177.51,177.685,2069,2021-12-09 17:45:00,TTEK
177.69,177.69,177.09,177.115,2753,2021-12-09 17:50:00,TTEK
177.01,177.12,176.74,177.03,3213,2021-12-09 17:55:00,TTEK
176.8158,176.93,176.478,176.615,4007,2021-12-09 18:00:00,TTEK
176.675,177.225,176.675,177.225,2104,2021-12-09 18:05:00,TTEK
177.2,177.8,177.2,177.8,752,2021-12-09 18:10:00,TTEK
177.83,178.15,177.83,178.15,400,2021-12-09 18:15:00,TTEK
178.125,178.36,178.01,178.36,914,2021-12-09 18:20:00,TTEK
178.37,178.37,178.37,178.37,100,2021-12-09 18:25:00,TTEK
178.7,178.92,178.69,178.69,1484,2021-12-09 18:30:00,TTEK
178.72,178.72,178.6,178.6,735,2021-12-09 18:35:00,TTEK
178.51,178.51,178.28,178.28,500,2021-12-09 18:40:00,TTEK
178.35,178.43,178.06,178.16,1200,2021-12-09 18:45:00,TTEK
178.08,178.15,178.08,178.1269,904,2021-12-09 18:50:00,TTEK
177.99,178.08,177.99,178.08,200,2021-12-09 18:55:00,TTEK
178.0,178.0784,177.66,177.66,1800,2021-12-09 19:00:00,TTEK
177.2934,177.55,177.2934,177.54,2729,2021-12-09 19:05:00,TTEK
177.525,177.525,177.18,177.18,802,2021-12-09 19:10:00,TTEK
177.39,177.39,177.15,177.23,902,2021-12-09 19:15:00,TTEK
176.96,177.1846,176.96,177.1846,297,2021-12-09 19:20:00,TTEK
176.81,176.81,176.325,176.7,5211,2021-12-09 19:25:00,TTEK
176.705,176.705,176.48,176.64,600,2021-12-09 19:30:00,TTEK
176.58,176.84,176.58,176.84,700,2021-12-09 19:35:00,TTEK
176.76,176.76,176.5,176.53,800,2021-12-09 19:40:00,TTEK
176.67,176.73,176.67,176.73,455,2021-12-09 19:45:00,TTEK
176.8666,176.8666,176.6,176.665,1849,2021-12-09 19:50:00,TTEK
176.66,176.94,176.5,176.69,1887,2021-12-09 19:55:00,TTEK
176.505,176.73,176.39,176.39,1223,2021-12-09 20:00:00,TTEK
176.32,176.51,176.2,176.21,800,2021-12-09 20:05:00,TTEK
176.14,176.15,175.8102,175.8102,1437,2021-12-09 20:10:00,TTEK
175.68,175.93,175.62,175.74,1801,2021-12-09 20:15:00,TTEK
175.6446,175.6446,175.02,175.02,1875,2021-12-09 20:20:00,TTEK
175.0,175.08,174.88,174.99,2179,2021-12-09 20:25:00,TTEK
175.08,175.905,175.08,175.74,3832,2021-12-09 20:30:00,TTEK
175.85,176.1717,175.85,175.85,2001,2021-12-09 20:35:00,TTEK
175.68,176.1099,175.68,175.985,2682,2021-12-09 20:40:00,TTEK
175.87,175.925,175.545,175.78,2814,2021-12-09 20:45:00,TTEK
175.54,175.54,175.08,175.08,4196,2021-12-09 20:50:00,TTEK
175.06,175.0741,174.65,174.66,15070,2021-12-09 20:55:00,TTEK
174.8,174.8,174.8,174.8,32122,2021-12-09 21:00:00,TTEK
174.8,174.8,174.8,174.8,953,2021-12-09 22:05:00,TTEK
175.86,176.635,174.68,174.84,8944,2021-12-10 14:30:00,TTEK
174.82,174.87,173.13,173.58,4172,2021-12-10 14:35:00,TTEK
173.625,173.67,173.21,173.445,4940,2021-12-10 14:40:00,TTEK
172.83,172.83,172.15,172.19,1174,2021-12-10 14:45:00,TTEK
172.0,172.0,170.13,170.36,10285,2021-12-10 14:50:00,TTEK
169.8,170.5,169.69,170.2,4171,2021-12-10 14:55:00,TTEK
170.175,171.86,169.91,171.86,2139,2021-12-10 15:00:00,TTEK
172.28,173.12,172.12,173.12,2431,2021-12-10 15:05:00,TTEK
173.14,173.18,172.63,172.63,2336,2021-12-10 15:10:00,TTEK
172.26,173.24,172.26,172.71,1500,2021-12-10 15:15:00,TTEK
172.605,172.76,172.44,172.44,1400,2021-12-10 15:20:00,TTEK
172.46,172.82,172.11,172.82,2800,2021-12-10 15:25:00,TTEK
172.745,173.135,171.9,171.9,2636,2021-12-10 15:30:00,TTEK
171.85,171.85,171.41,171.78,2002,2021-12-10 15:35:00,TTEK
171.34,171.5,171.18,171.295,1300,2021-12-10 15:40:00,TTEK
171.295,171.37,170.52,170.85,3100,2021-12-10 15:45:00,TTEK
170.6983,170.765,170.37,170.58,1205,2021-12-10 15:50:00,TTEK
170.4,171.53,170.4,171.26,2352,2021-12-10 15:55:00,TTEK
171.185,171.42,170.97,171.1,2400,2021-12-10 16:00:00,TTEK
171.285,171.285,170.77,170.95,2545,2021-12-10 16:05:00,TTEK
170.99,170.99,170.0,170.105,6200,2021-12-10 16:10:00,TTEK
169.93,170.65,169.455,169.455,6973,2021-12-10 16:15:00,TTEK
169.635,170.35,169.635,170.29,2030,2021-12-10 16:20:00,TTEK
170.31,170.49,170.1,170.28,2525,2021-12-10 16:25:00,TTEK
170.56,171.14,170.29,170.88,3639,2021-12-10 16:30:00,TTEK
170.46,171.22,170.46,171.22,900,2021-12-10 16:35:00,TTEK
171.34,171.855,171.34,171.74,500,2021-12-10 16:40:00,TTEK
171.785,172.3699,171.785,172.04,1200,2021-12-10 16:45:00,TTEK
172.245,172.515,172.04,172.1,1500,2021-12-10 16:50:00,TTEK
172.17,172.58,171.97,172.06,4361,2021-12-10 16:55:00,TTEK
171.87,172.68,171.87,172.4,832,2021-12-10 17:00:00,TTEK
172.39,172.55,172.26,172.35,1111,2021-12-10 17:05:00,TTEK
172.47,172.7,172.3,172.53,1700,2021-12-10 17:10:00,TTEK
172.21,172.505,172.17,172.23,900,2021-12-10 17:15:00,TTEK
172.1,172.2572,171.98,172.07,1410,2021-12-10 17:20:00,TTEK
172.04,172.04,171.67,171.67,600,2021-12-10 17:25:00,TTEK
171.66,171.72,171.46,171.6,929,2021-12-10 17:30:00,TTEK
171.49,171.49,171.245,171.31,900,2021-12-10 17:35:00,TTEK
171.26,171.32,171.26,171.3,300,2021-12-10 17:40:00,TTEK
171.33,171.76,171.33,171.67,1873,2021-12-10 17:45:00,TTEK
171.82,171.83,171.69,171.82,1000,2021-12-10 17:50:00,TTEK
171.77,171.77,171.39,171.59,1700,2021-12-10 17:55:00,TTEK
171.585,171.88,171.51,171.88,867,2021-12-10 18:00:00,TTEK
171.94,172.04,171.93,172.03,861,2021-12-10 18:05:00,TTEK
172.105,172.105,172.03,172.105,500,2021-12-10 18:10:00,TTEK
172.12,172.17,171.89,172.07,3700,2021-12-10 18:15:00,TTEK
172.07,172.07,171.73,171.73,1500,2021-12-10 18:20:00,TTEK
171.73,172.375,171.73,172.375,4371,2021-12-10 18:25:00,TTEK
172.315,172.315,171.88,172.08,5706,2021-12-10 18:30:00,TTEK
172.12,172.33,172.02,172.33,1079,2021-12-10 18:35:00,TTEK
172.355,172.46,172.13,172.2,1800,2021-12-10 18:40:00,TTEK
172.15,172.16,172.15,172.16,200,2021-12-10 18:45:00,TTEK
172.175,172.22,172.15,172.15,1138,2021-12-10 18:50:00,TTEK
172.16,172.16,171.905,171.925,800,2021-12-10 18:55:00,TTEK
172.12,172.12,171.94,172.065,900,2021-12-10 19:00:00,TTEK
172.045,172.045,171.87,171.93,986,2021-12-10 19:05:00,TTEK
171.98,172.175,171.965,172.05,500,2021-12-10 19:10:00,TTEK
172.05,172.14,172.04,172.06,1129,2021-12-10 19:15:00,TTEK
172.0,172.14,171.99,172.0,1100,2021-12-10 19:20:00,TTEK
171.9,172.04,171.9,172.025,300,2021-12-10 19:25:00,TTEK
172.13,172.13,171.76,171.8,1800,2021-12-10 19:30:00,TTEK
171.87,172.14,171.87,172.12,1000,2021-12-10 19:35:00,TTEK
172.0,172.035,171.97,172.01,900,2021-12-10 19:40:00,TTEK
171.93,171.94,171.86,171.89,1600,2021-12-10 19:45:00,TTEK
171.985,171.985,171.78,171.78,713,2021-12-10 19:50:00,TTEK
171.695,171.695,171.14,171.14,5308,2021-12-10 19:55:00,TTEK
171.1,171.22,171.1,171.145,600,2021-12-10 20:00:00,TTEK
171.12,171.32,171.115,171.2,1523,2021-12-10 20:05:00,TTEK
171.23,171.23,171.0,171.0,1100,2021-12-10 20:10:00,TTEK
171.03,171.0497,170.8,170.86,1314,2021-12-10 20:15:00,TTEK
170.9799,171.02,170.89,171.02,2340,2021-12-10 20:20:00,TTEK
170.89,171.1,170.74,170.88,3783,2021-12-10 20:25:00,TTEK
170.945,171.24,170.945,171.2,3201,2021-12-10 20:30:00,TTEK
171.42,171.53,171.36,171.44,2851,2021-12-10 20:35:00,TTEK
171.445,171.501,170.99,171.26,6147,2021-12-10 20:40:00,TTEK
171.29,171.67,171.28,171.62,5514,2021-12-10 20:45:00,TTEK
171.62,171.75,171.325,171.48,11029,2021-12-10 20:50:00,TTEK
171.57,172.0,171.455,171.93,15147,2021-12-10 20:55:00,TTEK
171.93,171.93,171.93,171.93,36633,2021-12-10 21:00:00,TTEK
172.19,173.6,171.045,171.27,8977,2021-12-13 14:30:00,TTEK
171.55,171.55,169.91,169.91,1400,2021-12-13 14:35:00,TTEK
170.695,170.695,170.19,170.19,200,2021-12-13 14:40:00,TTEK
170.22,171.53,170.1,171.165,4432,2021-12-13 14:45:00,TTEK
171.05,171.1,170.33,171.1,400,2021-12-13 14:50:00,TTEK
170.65,170.65,170.51,170.625,900,2021-12-13 14:55:00,TTEK
169.84,170.51,169.84,170.22,2400,2021-12-13 15:00:00,TTEK
170.09,170.4,169.82,169.82,3675,2021-12-13 15:05:00,TTEK
169.93,170.435,169.8,170.43,3042,2021-12-13 15:10:00,TTEK
170.078,170.77,170.078,170.48,2804,2021-12-13 15:15:00,TTEK
170.315,170.315,169.71,169.985,2200,2021-12-13 15:20:00,TTEK
170.11,170.23,169.86,170.115,1611,2021-12-13 15:25:00,TTEK
169.82,170.06,169.69,169.97,2483,2021-12-13 15:30:00,TTEK
170.195,170.255,169.72,169.72,1300,2021-12-13 15:35:00,TTEK
169.54,169.715,169.38,169.715,700,2021-12-13 15:40:00,TTEK
169.85,170.02,169.58,169.66,1661,2021-12-13 15:45:00,TTEK
169.83,170.105,169.68,170.035,1600,2021-12-13 15:50:00,TTEK
170.04,170.05,169.57,169.57,2000,2021-12-13 15:55:00,TTEK
169.6,169.83,168.98,169.0,2700,2021-12-13 16:00:00,TTEK
169.085,169.19,169.05,169.05,1200,2021-12-13 16:05:00,TTEK
168.965,169.1,168.81,168.85,1182,2021-12-13 16:10:00,TTEK
169.0,169.05,168.64,168.85,1540,2021-12-13 16:15:00,TTEK
168.94,168.94,168.53,168.53,800,2021-12-13 16:20:00,TTEK
168.62,168.8,168.05,168.51,2473,2021-12-13 16:25:00,TTEK
168.35,168.39,167.86,168.09,3294,2021-12-13 16:30:00,TTEK
168.15,168.3925,168.06,168.06,7603,2021-12-13 16:35:00,TTEK
168.02,168.14,167.86,168.06,2510,2021-12-13 16:40:00,TTEK
168.09,168.195,167.98,168.1,1700,2021-12-13 16:45:00,TTEK
168.27,168.27,167.89,168.05,1100,2021-12-13 16:50:00,TTEK
168.16,168.54,168.16,168.3999,1932,2021-12-13 16:55:00,TTEK
168.31,168.39,168.12,168.39,1765,2021-12-13 17:00:00,TTEK
168.47,168.64,168.435,168.435,500,2021-12-13 17:05:00,TTEK
168.72,168.75,168.13,168.31,3302,2021-12-13 17:10:00,TTEK
168.09,168.09,167.54,167.55,1155,2021-12-13 17:15:00,TTEK
167.57,167.795,167.52,167.65,1300,2021-12-13 17:20:00,TTEK
167.84,168.045,167.84,167.93,1291,2021-12-13 17:25:00,TTEK
167.98,168.28,167.98,168.23,1200,2021-12-13 17:30:00,TTEK
168.37,168.46,168.32,168.32,732,2021-12-13 17:35:00,TTEK
168.43,168.73,168.43,168.73,1719,2021-12-13 17:40:00,TTEK
168.71,168.74,168.4,168.4,1100,2021-12-13 17:45:00,TTEK
168.42,168.69,168.4,168.69,1178,2021-12-13 17:50:00,TTEK
168.7,168.7,168.39,168.39,900,2021-12-13 17:55:00,TTEK
168.47,168.47,168.47,168.47,100,2021-12-13 18:00:00,TTEK
168.58,168.58,168.36,168.36,903,2021-12-13 18:05:00,TTEK
168.44,168.44,168.44,168.44,100,2021-12-13 18:10:00,TTEK
168.32,168.32,168.02,168.165,486,2021-12-13 18:15:00,TTEK
168.16,168.16,167.56,167.63,1000,2021-12-13 18:20:00,TTEK
167.625,167.67,167.5,167.59,1900,2021-12-13 18:25:00,TTEK
167.63,167.63,167.37,167.37,917,2021-12-13 18:30:00,TTEK
167.42,167.5,167.13,167.13,1846,2021-12-13 18:35:00,TTEK
167.21,167.55,167.12,167.465,2383,2021-12-13 18:40:00,TTEK
167.39,167.4,167.195,167.195,1100,2021-12-13 18:45:00,TTEK
167.24,167.2794,166.96,167.03,3680,2021-12-13 18:50:00,TTEK
167.03,167.76,166.85,167.67,5656,2021-12-13 18:55:00,TTEK
167.6,167.6,167.07,167.07,1560,2021-12-13 19:00:00,TTEK
167.02,167.42,167.02,167.4152,928,2021-12-13 19:05:00,TTEK
167.61,167.75,167.61,167.75,200,2021-12-13 19:10:00,TTEK
167.8,168.1,167.8,167.97,1356,2021-12-13 19:15:00,TTEK
167.82,167.82,167.82,167.82,100,2021-12-13 19:20:00,TTEK
168.1,168.3,168.09,168.09,900,2021-12-13 19:25:00,TTEK
168.15,168.15,167.86,167.925,1300,2021-12-13 19:30:00,TTEK
167.8,167.8,167.42,167.46,1800,2021-12-13 19:35:00,TTEK
167.42,167.54,167.3,167.54,1100,2021-12-13 19:40:00,TTEK
167.66,167.66,167.49,167.59,821,2021-12-13 19:45:00,TTEK
167.9,167.95,167.86,167.95,1104,2021-12-13 19:50:00,TTEK
167.88,168.02,167.87,168.02,1200,2021-12-13 19:55:00,TTEK
168.03,168.08,167.81,167.84,3604,2021-12-13 20:00:00,TTEK
167.9,167.91,167.52,167.615,2778,2021-12-13 20:05:00,TTEK
167.505,167.8,167.505,167.8,1287,2021-12-13 20:10:00,TTEK
167.66,167.77,167.54,167.68,1534,2021-12-13 20:15:00,TTEK
167.74,167.745,167.56,167.56,800,2021-12-13 20:20:00,TTEK
167.6,167.6,167.25,167.29,1933,2021-12-13 20:25:00,TTEK
167.295,167.715,167.295,167.65,1400,2021-12-13 20:30:00,TTEK
167.71,168.11,167.7,167.96,3089,2021-12-13 20:35:00,TTEK
167.96,168.1,167.93,168.04,3711,2021-12-13 20:40:00,TTEK
168.02,168.63,168.02,168.37,2805,2021-12-13 20:45:00,TTEK
168.14,168.66,167.47,168.18,14992,2021-12-13 20:50:00,TTEK
168.22,168.22,167.82,168.06,12368,2021-12-13 20:55:00,TTEK
168.05,168.05,168.05,168.05,90706,2021-12-13 21:00:00,TTEK
167.96,168.04,166.53,166.53,3399,2021-12-14 14:30:00,TTEK
166.445,167.75,166.38,166.38,1214,2021-12-14 14:35:00,TTEK
166.52,167.83,166.52,167.07,2353,2021-12-14 14:40:00,TTEK
167.195,167.85,166.22,166.59,1602,2021-12-14 14:45:00,TTEK
166.88,167.19,166.63,167.19,9530,2021-12-14 14:50:00,TTEK
167.19,167.54,166.63,166.63,493,2021-12-14 14:55:00,TTEK
167.14,167.3,167.14,167.18,320,2021-12-14 15:00:00,TTEK
167.66,167.8,167.49,167.54,600,2021-12-14 15:05:00,TTEK
167.42,167.61,167.19,167.61,1220,2021-12-14 15:10:00,TTEK
167.7,167.795,167.66,167.795,300,2021-12-14 15:15:00,TTEK
167.5,167.81,167.33,167.715,1277,2021-12-14 15:20:00,TTEK
168.469,168.469,168.13,168.13,2600,2021-12-14 15:25:00,TTEK
168.39,168.39,167.96,167.96,709,2021-12-14 15:30:00,TTEK
167.75,168.22,167.74,167.84,1200,2021-12-14 15:35:00,TTEK
167.77,167.77,167.545,167.545,1000,2021-12-14 15:40:00,TTEK
167.655,167.74,167.37,167.665,5718,2021-12-14 15:45:00,TTEK
167.65,167.66,167.05,167.375,3830,2021-12-14 15:50:00,TTEK
167.53,167.65,167.27,167.58,8820,2021-12-14 15:55:00,TTEK
167.63,167.78,167.3,167.76,1875,2021-12-14 16:00:00,TTEK
167.9,167.99,167.9,167.96,600,2021-12-14 16:05:00,TTEK
167.96,168.17,167.845,168.0,812,2021-12-14 16:10:00,TTEK
168.19,168.69,168.12,168.65,3977,2021-12-14 16:15:00,TTEK
168.89,169.24,168.89,169.24,1059,2021-12-14 16:20:00,TTEK
169.21,169.76,168.97,169.76,13128,2021-12-14 16:25:00,TTEK
169.97,170.11,169.85,170.045,3705,2021-12-14 16:30:00,TTEK
170.03,170.12,169.3925,169.82,7997,2021-12-14 16:35:00,TTEK
169.74,170.06,169.6,169.835,7619,2021-12-14 16:40:00,TTEK
169.9165,169.9165,169.36,169.36,2718,2021-12-14 16:45:00,TTEK
169.27,169.5,169.27,169.4,4100,2021-12-14 16:50:00,TTEK
169.22,169.45,169.095,169.18,3602,2021-12-14 16:55:00,TTEK
169.06,169.27,169.06,169.13,35299,2021-12-14 17:00:00,TTEK
169.13,169.93,169.13,169.7,3901,2021-12-14 17:05:00,TTEK
169.62,169.67,169.62,169.665,600,2021-12-14 17:10:00,TTEK
169.655,169.655,169.215,169.54,1411,2021-12-14 17:15:00,TTEK
169.59,169.66,169.56,169.66,770,2021-12-14 17:20:00,TTEK
169.755,169.95,169.74,169.815,659,2021-12-14 17:25:00,TTEK
169.7925,169.84,169.04,169.34,4003,2021-12-14 17:30:00,TTEK
169.34,169.42,168.88,169.38,3057,2021-12-14 17:35:00,TTEK
169.265,169.265,169.265,169.265,120,2021-12-14 17:40:00,TTEK
169.225,169.525,169.02,169.14,4657,2021-12-14 17:45:00,TTEK
168.9843,169.19,168.9,169.19,1283,2021-12-14 17:50:00,TTEK
168.955,169.26,168.955,169.215,1060,2021-12-14 17:55:00,TTEK
169.265,169.53,169.16,169.53,1868,2021-12-14 18:00:00,TTEK
169.64,169.725,169.51,169.59,1202,2021-12-14 18:05:00,TTEK
169.61,169.61,169.39,169.52,1300,2021-12-14 18:10:00,TTEK
169.625,169.79,169.62,169.79,400,2021-12-14 18:15:00,TTEK
169.51,169.69,169.5,169.51,974,2021-12-14 18:20:00,TTEK
169.46,169.69,169.46,169.47,1729,2021-12-14 18:25:00,TTEK
169.67,169.67,168.59,168.85,2499,2021-12-14 18:30:00,TTEK
168.95,168.98,168.51,168.51,1000,2021-12-14 18:35:00,TTEK
168.15,168.15,168.12,168.12,400,2021-12-14 18:40:00,TTEK
167.92,167.92,167.78,167.78,302,2021-12-14 18:45:00,TTEK
167.65,167.79,167.61,167.79,2051,2021-12-14 18:50:00,TTEK
167.87,168.065,167.87,167.905,1256,2021-12-14 18:55:00,TTEK
167.94,168.64,167.94,168.64,600,2021-12-14 19:00:00,TTEK
168.5,168.62,168.36,168.56,1733,2021-12-14 19:05:00,TTEK
168.67,168.785,168.595,168.745,600,2021-12-14 19:10:00,TTEK
168.73,168.81,168.73,168.765,400,2021-12-14 19:15:00,TTEK
168.87,168.95,168.69,168.945,1200,2021-12-14 19:20:00,TTEK
169.015,169.015,168.73,168.73,600,2021-12-14 19:25:00,TTEK
168.595,168.66,168.335,168.54,1612,2021-12-14 19:30:00,TTEK
168.47,168.5,168.43,168.43,446,2021-12-14 19:35:00,TTEK
168.455,168.59,168.305,168.59,1018,2021-12-14 19:40:00,TTEK
168.77,169.0,168.77,168.97,1000,2021-12-14 19:45:00,TTEK
168.835,169.305,168.835,169.305,800,2021-12-14 19:50:00,TTEK
169.35,169.61,169.35,169.475,4002,2021-12-14 19:55:00,TTEK
169.37,169.48,169.165,169.48,9675,2021-12-14 20:00:00,TTEK
169.48,169.89,169.35,169.89,13705,2021-12-14 20:05:00,TTEK
169.98,170.01,169.675,169.81,9500,2021-12-14 20:10:00,TTEK
169.735,169.86,169.52,169.78,8563,2021-12-14 20:15:00,TTEK
169.775,170.13,169.775,170.13,1700,2021-12-14 20:20:00,TTEK
170.015,170.25,169.82,170.25,14200,2021-12-14 20:25:00,TTEK
170.33,170.38,169.995,170.325,2459,2021-12-14 20:30:00,TTEK
170.47,170.75,170.42,170.42,3383,2021-12-14 20:35:00,TTEK
170.425,170.6,169.9,169.9,8248,2021-12-14 20:40:00,TTEK
169.85,170.05,169.48,169.62,4545,2021-12-14 20:45:00,TTEK
169.495,170.05,169.34,169.56,10973,2021-12-14 20:50:00,TTEK
169.61,170.16,169.4,170.15,18773,2021-12-14 20:55:00,TTEK
169.91,169.91,169.91,169.91,60881,2021-12-14 21:00:00,TTEK
171.19,171.3,171.19,171.3,4049,2021-12-15 14:30:00,TTEK
170.4,170.42,170.4,170.405,1100,2021-12-15 14:35:00,TTEK
170.415,170.415,170.26,170.26,302,2021-12-15 14:40:00,TTEK
170.825,171.2,170.34,170.41,2844,2021-12-15 14:45:00,TTEK
170.135,170.235,169.61,169.95,1648,2021-12-15 14:55:00,TTEK
169.49,169.49,169.48,169.48,500,2021-12-15 15:00:00,TTEK
169.69,169.7,169.69,169.7,300,2021-12-15 15:05:00,TTEK
170.0,170.12,169.72,169.72,3924,2021-12-15 15:10:00,TTEK
169.735,169.735,169.735,169.735,100,2021-12-15 15:15:00,TTEK
169.46,170.09,169.45,170.0,3329,2021-12-15 15:20:00,TTEK
169.83,169.83,169.59,169.59,700,2021-12-15 15:25:00,TTEK
169.585,169.585,169.29,169.35,2739,2021-12-15 15:30:00,TTEK
169.21,169.55,169.0,169.55,1200,2021-12-15 15:35:00,TTEK
169.55,169.55,169.29,169.54,500,2021-12-15 15:40:00,TTEK
169.06,169.07,169.0,169.01,4857,2021-12-15 15:45:00,TTEK
169.02,169.09,168.72,168.72,6194,2021-12-15 15:50:00,TTEK
168.87,169.39,168.87,169.34,2266,2021-12-15 15:55:00,TTEK
169.15,169.16,168.74,168.915,2000,2021-12-15 16:00:00,TTEK
168.95,169.1,168.95,169.09,1100,2021-12-15 16:05:00,TTEK
168.9305,169.055,168.58,168.6,1398,2021-12-15 16:10:00,TTEK
168.9,169.0,168.87,169.0,900,2021-12-15 16:15:00,TTEK
168.9,169.19,168.88,168.93,2404,2021-12-15 16:20:00,TTEK
168.93,169.05,168.89,168.95,1300,2021-12-15 16:25:00,TTEK
168.79,168.81,168.79,168.81,885,2021-12-15 16:30:00,TTEK
168.98,169.08,168.85,168.85,1807,2021-12-15 16:35:00,TTEK
168.81,169.06,168.72,169.06,1000,2021-12-15 16:40:00,TTEK
169.07,169.26,168.95,169.135,2841,2021-12-15 16:45:00,TTEK
169.33,169.38,169.0,169.13,3437,2021-12-15 16:50:00,TTEK
169.07,169.08,168.96,168.96,868,2021-12-15 16:55:00,TTEK
169.0,169.0,168.89,168.95,300,2021-12-15 17:00:00,TTEK
168.93,169.0,168.71,168.71,668,2021-12-15 17:05:00,TTEK
168.72,168.72,168.305,168.305,1153,2021-12-15 17:10:00,TTEK
168.35,168.45,168.35,168.45,200,2021-12-15 17:15:00,TTEK
168.2,168.29,167.92,168.29,1010,2021-12-15 17:20:00,TTEK
168.285,168.32,167.53,167.8,11487,2021-12-15 17:25:00,TTEK
167.67,167.67,167.55,167.59,800,2021-12-15 17:30:00,TTEK
167.22,167.22,167.12,167.12,400,2021-12-15 17:35:00,TTEK
166.855,166.855,166.705,166.84,2845,2021-12-15 17:40:00,TTEK
167.05,167.05,166.92,166.92,400,2021-12-15 17:45:00,TTEK
166.83,166.83,166.83,166.83,200,2021-12-15 17:50:00,TTEK
166.83,166.92,166.515,166.55,900,2021-12-15 17:55:00,TTEK
166.29,166.575,166.29,166.45,1165,2021-12-15 18:00:00,TTEK
166.6,166.6,166.58,166.58,200,2021-12-15 18:05:00,TTEK
166.4,166.67,166.35,166.67,700,2021-12-15 18:10:00,TTEK
166.51,166.51,166.51,166.51,200,2021-12-15 18:15:00,TTEK
166.25,166.25,166.08,166.19,898,2021-12-15 18:20:00,TTEK
166.15,166.22,166.12,166.12,300,2021-12-15 18:25:00,TTEK
165.94,166.045,165.94,166.045,400,2021-12-15 18:30:00,TTEK
165.92,166.27,165.88,165.98,5539,2021-12-15 18:35:00,TTEK
166.26,166.68,166.13,166.68,700,2021-12-15 18:40:00,TTEK
166.62,166.62,166.385,166.385,200,2021-12-15 18:45:00,TTEK
165.92,165.92,165.89,165.9,300,2021-12-15 18:50:00,TTEK
165.81,165.935,165.8,165.83,600,2021-12-15 18:55:00,TTEK
165.61,167.3178,165.05,167.3178,1600,2021-12-15 19:00:00,TTEK
167.66,167.66,167.19,167.53,1055,2021-12-15 19:05:00,TTEK
167.17,167.83,167.17,167.83,1670,2021-12-15 19:10:00,TTEK
167.71,168.15,167.67,168.02,600,2021-12-15 19:15:00,TTEK
167.86,167.86,167.09,167.29,1617,2021-12-15 19:20:00,TTEK
167.06,167.06,166.65,166.85,600,2021-12-15 19:25:00,TTEK
167.0,167.03,166.72,166.72,1900,2021-12-15 19:30:00,TTEK
166.68,167.05,166.61,167.01,1100,2021-12-15 19:35:00,TTEK
166.74,167.31,166.69,166.69,3113,2021-12-15 19:40:00,TTEK
166.76,166.92,166.56,166.56,2900,2021-12-15 19:45:00,TTEK
166.38,167.17,166.24,166.93,3901,2021-12-15 19:50:00,TTEK
166.78,166.78,166.24,166.24,1400,2021-12-15 19:55:00,TTEK
166.46,166.79,166.44,166.47,2203,2021-12-15 20:00:00,TTEK
166.67,167.1975,166.61,167.1975,2440,2021-12-15 20:05:00,TTEK
167.6,167.84,167.5,167.76,1735,2021-12-15 20:10:00,TTEK
167.76,168.24,167.76,168.21,2954,2021-12-15 20:15:00,TTEK
168.4,168.74,168.39,168.59,3561,2021-12-15 20:20:00,TTEK
168.565,168.565,168.36,168.49,680,2021-12-15 20:25:00,TTEK
168.49,168.53,168.14,168.14,922,2021-12-15 20:30:00,TTEK
168.32,168.49,168.1,168.32,1900,2021-12-15 20:35:00,TTEK
168.46,168.46,167.91,167.91,2462,2021-12-15 20:40:00,TTEK
167.93,167.98,167.49,167.49,3600,2021-12-15 20:45:00,TTEK
167.55,168.16,167.34,167.37,13249,2021-12-15 20:50:00,TTEK
167.51,168.27,167.26,168.27,31326,2021-12-15 20:55:00,TTEK
168.08,168.08,168.08,168.08,75265,2021-12-15 21:00:00,TTEK
169.51,171.02,169.51,171.02,3018,2021-12-16 14:30:00,TTEK
170.305,171.14,169.32,169.32,982,2021-12-16 14:35:00,TTEK
169.84,169.84,169.515,169.515,200,2021-12-16 14:40:00,TTEK
169.3,170.53,169.3,170.53,500,2021-12-16 14:45:00,TTEK
170.11,170.11,170.06,170.09,500,2021-12-16 14:50:00,TTEK
170.54,170.71,170.48,170.49,984,2021-12-16 14:55:00,TTEK
170.48,170.48,169.74,169.74,600,2021-12-16 15:00:00,TTEK
169.905,169.94,169.5,169.94,1000,2021-12-16 15:05:00,TTEK
170.54,170.54,170.37,170.37,1000,2021-12-16 15:10:00,TTEK
170.35,170.75,170.35,170.75,949,2021-12-16 15:15:00,TTEK
171.38,171.41,171.32,171.32,800,2021-12-16 15:25:00,TTEK
171.08,171.52,171.07,171.5,1000,2021-12-16 15:30:00,TTEK
171.3,171.42,171.135,171.21,1700,2021-12-16 15:35:00,TTEK
171.14,171.42,171.05,171.05,1233,2021-12-16 15:40:00,TTEK
171.15,171.46,171.1117,171.46,1046,2021-12-16 15:45:00,TTEK
171.27,171.29,170.945,170.945,2078,2021-12-16 15:50:00,TTEK
170.94,171.05,170.63,170.67,7634,2021-12-16 15:55:00,TTEK
171.055,171.055,170.54,170.67,1200,2021-12-16 16:00:00,TTEK
170.635,170.98,170.48,170.98,1900,2021-12-16 16:05:00,TTEK
170.855,171.07,170.455,170.59,1810,2021-12-16 16:10:00,TTEK
170.88,171.02,170.88,171.02,200,2021-12-16 16:15:00,TTEK
171.15,171.62,171.15,171.62,400,2021-12-16 16:20:00,TTEK
171.48,171.56,171.33,171.53,1800,2021-12-16 16:25:00,TTEK
171.4,171.49,170.85,170.865,1100,2021-12-16 16:30:00,TTEK
171.045,171.06,170.78,170.97,400,2021-12-16 16:35:00,TTEK
171.01,171.11,171.01,171.11,300,2021-12-16 16:40:00,TTEK
170.93,171.4,170.93,170.97,1600,2021-12-16 16:45:00,TTEK
170.77,170.95,170.77,170.95,200,2021-12-16 16:50:00,TTEK
170.84,170.84,170.325,170.325,922,2021-12-16 16:55:00,TTEK
170.44,170.7,170.44,170.7,500,2021-12-16 17:00:00,TTEK
170.71,170.88,170.46,170.78,1412,2021-12-16 17:05:00,TTEK
170.95,170.95,170.95,170.95,100,2021-12-16 17:10:00,TTEK
170.86,170.99,170.72,170.87,1100,2021-12-16 17:15:00,TTEK
170.81,171.02,170.78,170.78,600,2021-12-16 17:20:00,TTEK
170.69,170.83,170.64,170.79,1824,2021-12-16 17:25:00,TTEK
170.87,171.02,170.84,170.87,1110,2021-12-16 17:35:00,TTEK
170.85,170.87,170.75,170.87,1624,2021-12-16 17:40:00,TTEK
170.73,170.75,170.515,170.545,1121,2021-12-16 17:45:00,TTEK
170.58,170.7,170.58,170.7,672,2021-12-16 17:50:00,TTEK
170.68,170.735,170.68,170.68,1941,2021-12-16 17:55:00,TTEK
170.81,171.36,170.81,170.865,2100,2021-12-16 18:00:00,TTEK
170.82,170.91,170.82,170.91,400,2021-12-16 18:05:00,TTEK
171.01,171.275,171.01,171.275,400,2021-12-16 18:10:00,TTEK
171.37,171.37,170.75,170.835,810,2021-12-16 18:20:00,TTEK
170.845,170.94,170.8014,170.81,801,2021-12-16 18:25:00,TTEK
170.87,170.87,170.5,170.5,2700,2021-12-16 18:30:00,TTEK
170.43,170.77,170.43,170.77,3030,2021-12-16 18:35:00,TTEK
171.005,171.03,170.99,170.99,820,2021-12-16 18:40:00,TTEK
170.98,171.09,170.98,171.09,700,2021-12-16 18:45:00,TTEK
171.02,171.02,170.84,170.84,300,2021-12-16 18:50:00,TTEK
170.75,170.98,170.75,170.98,700,2021-12-16 18:55:00,TTEK
171.01,171.26,171.01,171.135,400,2021-12-16 19:00:00,TTEK
171.26,171.33,170.75,170.75,6650,2021-12-16 19:05:00,TTEK
170.53,170.65,170.3531,170.43,836,2021-12-16 19:10:00,TTEK
170.18,170.21,170.065,170.065,700,2021-12-16 19:15:00,TTEK
170.17,170.22,170.09,170.22,4092,2021-12-16 19:20:00,TTEK
170.22,170.31,169.8,169.8,12769,2021-12-16 19:25:00,TTEK
169.45,169.45,169.07,169.35,1405,2021-12-16 19:30:00,TTEK
169.395,170.11,169.395,169.985,791,2021-12-16 19:35:00,TTEK
169.985,170.27,169.79,170.19,3851,2021-12-16 19:40:00,TTEK
170.02,170.03,169.17,169.17,8123,2021-12-16 19:45:00,TTEK
169.3,169.34,168.94,169.22,1400,2021-12-16 19:50:00,TTEK
169.225,169.75,169.225,169.68,1962,2021-12-16 19:55:00,TTEK
169.69,169.695,169.4,169.64,1200,2021-12-16 20:00:00,TTEK
169.87,169.87,169.435,169.435,300,2021-12-16 20:05:00,TTEK
169.405,169.405,168.93,169.05,1100,2021-12-16 20:10:00,TTEK
168.96,169.8,168.96,169.44,1500,2021-12-16 20:15:00,TTEK
169.95,170.13,169.76,169.76,700,2021-12-16 20:20:00,TTEK
169.89,170.31,169.86,170.29,700,2021-12-16 20:25:00,TTEK
170.34,170.5,170.005,170.34,3883,2021-12-16 20:30:00,TTEK
170.24,170.58,170.17,170.56,2700,2021-12-16 20:35:00,TTEK
170.855,170.89,170.44,170.53,2900,2021-12-16 20:40:00,TTEK
170.52,170.57,170.05,170.066,4951,2021-12-16 20:45:00,TTEK
170.195,171.17,170.14,170.705,4028,2021-12-16 20:50:00,TTEK
170.58,170.935,170.19,170.19,11847,2021-12-16 20:55:00,TTEK
170.36,170.36,170.36,170.36,43124,2021-12-16 21:00:00,TTEK
171.64,171.64,168.71,168.71,804,2021-12-17 14:25:00,TTEK
168.17,169.57,166.19,166.855,59387,2021-12-17 14:30:00,TTEK
166.535,166.535,163.33,164.405,3711,2021-12-17 14:35:00,TTEK
164.68,164.68,161.88,164.07,4050,2021-12-17 14:40:00,TTEK
161.87,163.36,161.82,162.765,4350,2021-12-17 14:45:00,TTEK
163.32,164.53,163.32,163.905,1200,2021-12-17 14:50:00,TTEK
163.91,164.605,163.91,164.605,1100,2021-12-17 14:55:00,TTEK
164.74,164.9,164.23,164.34,1400,2021-12-17 15:00:00,TTEK
164.355,164.57,164.2,164.2,900,2021-12-17 15:05:00,TTEK
164.17,164.17,162.495,162.495,1000,2021-12-17 15:10:00,TTEK
162.3,162.83,162.12,162.4,3502,2021-12-17 15:15:00,TTEK
162.23,162.625,161.27,161.785,3700,2021-12-17 15:20:00,TTEK
161.79,162.18,161.035,161.29,3194,2021-12-17 15:25:00,TTEK
161.59,162.61,161.245,162.06,3555,2021-12-17 15:30:00,TTEK
162.19,162.81,162.04,162.54,6528,2021-12-17 15:35:00,TTEK
162.37,163.64,162.2,163.575,8053,2021-12-17 15:40:00,TTEK
163.6,163.9,163.46,163.57,4490,2021-12-17 15:45:00,TTEK
163.445,164.74,163.445,164.74,20135,2021-12-17 15:50:00,TTEK
164.93,165.47,164.755,165.47,3412,2021-12-17 15:55:00,TTEK
165.38,165.38,164.41,164.475,3343,2021-12-17 16:00:00,TTEK
164.62,164.62,163.65,163.92,1750,2021-12-17 16:05:00,TTEK
164.01,164.94,164.01,164.715,1200,2021-12-17 16:10:00,TTEK
164.845,164.845,164.525,164.79,2350,2021-12-17 16:15:00,TTEK
164.95,165.0,164.2,164.2,3500,2021-12-17 16:20:00,TTEK
164.32,164.33,163.92,164.16,1822,2021-12-17 16:25:00,TTEK
164.06,164.34,163.53,163.57,1800,2021-12-17 16:30:00,TTEK
163.45,163.45,162.77,163.2,2500,2021-12-17 16:35:00,TTEK
163.315,163.48,161.945,162.295,6150,2021-12-17 16:40:00,TTEK
162.295,162.4,161.63,161.92,3575,2021-12-17 16:45:00,TTEK
162.08,162.26,161.83,161.88,2734,2021-12-17 16:50:00,TTEK
161.53,161.86,161.16,161.7,3125,2021-12-17 16:55:00,TTEK
161.38,162.19,161.07,162.1499,4600,2021-12-17 17:00:00,TTEK
161.94,161.94,161.32,161.385,3335,2021-12-17 17:05:00,TTEK
161.53,161.82,161.515,161.82,1454,2021-12-17 17:10:00,TTEK
162.02,162.22,161.98,162.22,10343,2021-12-17 17:15:00,TTEK
162.025,162.25,161.92,162.25,700,2021-12-17 17:20:00,TTEK
161.7,161.7,161.06,161.33,3320,2021-12-17 17:25:00,TTEK
161.425,162.15,161.425,161.88,1405,2021-12-17 17:30:00,TTEK
161.87,161.87,161.69,161.86,900,2021-12-17 17:35:00,TTEK
161.83,161.9,161.56,161.69,1115,2021-12-17 17:40:00,TTEK
162.12,162.145,161.87,161.87,1449,2021-12-17 17:45:00,TTEK
161.96,162.16,161.63,161.7,1800,2021-12-17 17:50:00,TTEK
161.615,161.86,161.615,161.86,417,2021-12-17 17:55:00,TTEK
162.04,162.18,162.04,162.11,800,2021-12-17 18:00:00,TTEK
162.08,162.08,161.3726,161.52,2403,2021-12-17 18:05:00,TTEK
161.415,161.76,161.415,161.61,1700,2021-12-17 18:10:00,TTEK
161.66,161.9,161.655,161.7091,727,2021-12-17 18:15:00,TTEK
162.18,162.7783,162.18,162.7783,1659,2021-12-17 18:20:00,TTEK
162.785,163.115,162.785,163.115,795,2021-12-17 18:25:00,TTEK
162.95,163.3963,162.95,163.3963,300,2021-12-17 18:30:00,TTEK
163.345,163.79,163.345,163.55,2400,2021-12-17 18:35:00,TTEK
163.505,163.505,163.15,163.215,800,2021-12-17 18:40:00,TTEK
163.36,163.53,163.36,163.53,300,2021-12-17 18:45:00,TTEK
163.555,163.555,163.31,163.36,400,2021-12-17 18:50:00,TTEK
163.315,163.61,163.18,163.36,2469,2021-12-17 18:55:00,TTEK
163.405,163.59,163.09,163.09,700,2021-12-17 19:00:00,TTEK
163.035,163.27,163.015,163.27,700,2021-12-17 19:05:00,TTEK
163.23,163.3,163.145,163.3,600,2021-12-17 19:10:00,TTEK
163.3,163.95,163.3,163.52,1654,2021-12-17 19:15:00,TTEK
163.39,163.42,162.95,163.12,4975,2021-12-17 19:20:00,TTEK
163.14,163.23,162.715,162.97,1977,2021-12-17 19:25:00,TTEK
162.93,162.93,162.67,162.76,1350,2021-12-17 19:30:00,TTEK
162.46,162.46,162.4,162.41,400,2021-12-17 19:35:00,TTEK
162.54,162.665,162.54,162.665,300,2021-12-17 19:40:00,TTEK
162.67,162.795,162.67,162.795,500,2021-12-17 19:45:00,TTEK
162.71,162.745,162.65,162.65,400,2021-12-17 19:50:00,TTEK
162.64,163.0,162.64,162.88,1102,2021-12-17 19:55:00,TTEK
162.98,163.249,162.81,162.85,1200,2021-12-17 20:00:00,TTEK
162.81,163.56,162.81,163.56,1498,2021-12-17 20:05:00,TTEK
163.4,163.4,163.19,163.22,950,2021-12-17 20:10:00,TTEK
163.35,163.645,163.32,163.585,1100,2021-12-17 20:15:00,TTEK
163.6,163.87,163.59,163.59,1321,2021-12-17 20:20:00,TTEK
163.55,163.55,162.73,162.94,1600,2021-12-17 20:25:00,TTEK
162.93,163.05,162.485,162.555,2300,2021-12-17 20:30:00,TTEK
162.42,162.95,162.4,162.95,3124,2021-12-17 20:35:00,TTEK
162.95,163.195,162.815,163.11,1295,2021-12-17 20:40:00,TTEK
163.09,163.09,162.43,162.43,4588,2021-12-17 20:45:00,TTEK
162.44,162.44,161.66,162.2825,12622,2021-12-17 20:50:00,TTEK
162.16,162.5,161.79,162.31,27027,2021-12-17 20:55:00,TTEK
162.31,162.31,162.31,162.31,354286,2021-12-17 21:00:00,TTEK
159.55,160.24,158.365,159.34,12789,2021-12-20 14:30:00,TTEK
160.52,161.13,159.72,160.09,1090,2021-12-20 14:35:00,TTEK
158.91,159.72,158.91,159.07,2561,2021-12-20 14:40:00,TTEK
159.07,159.15,157.73,157.76,5523,2021-12-20 14:45:00,TTEK
157.86,157.99,157.27,157.27,1800,2021-12-20 14:50:00,TTEK
157.545,158.0,157.33,157.61,2006,2021-12-20 14:55:00,TTEK
158.47,158.47,158.05,158.285,1000,2021-12-20 15:00:00,TTEK
158.265,158.785,158.0,158.09,6824,2021-12-20 15:05:00,TTEK
158.175,158.49,158.175,158.22,1000,2021-12-20 15:10:00,TTEK
158.515,159.32,158.515,159.105,4146,2021-12-20 15:15:00,TTEK
159.115,159.25,158.52,158.74,3000,2021-12-20 15:20:00,TTEK
158.555,158.85,158.09,158.11,5064,2021-12-20 15:25:00,TTEK
157.75,158.07,157.71,157.8,1058,2021-12-20 15:30:00,TTEK
157.79,158.46,157.79,157.92,3131,2021-12-20 15:35:00,TTEK
157.62,157.62,157.01,157.4,2227,2021-12-20 15:40:00,TTEK
157.41,157.41,156.77,156.94,2317,2021-12-20 15:45:00,TTEK
156.805,156.805,156.46,156.6,1310,2021-12-20 15:50:00,TTEK
156.68,156.68,156.07,156.23,1998,2021-12-20 15:55:00,TTEK
156.325,156.48,155.87,155.87,3153,2021-12-20 16:00:00,TTEK
155.83,156.03,155.75,156.03,2526,2021-12-20 16:05:00,TTEK
156.375,156.8664,156.27,156.8664,812,2021-12-20 16:10:00,TTEK
156.57,156.95,156.41,156.95,5633,2021-12-20 16:15:00,TTEK
156.935,157.4,156.89,156.89,2840,2021-12-20 16:20:00,TTEK
156.85,157.405,156.8,157.25,9376,2021-12-20 16:25:00,TTEK
157.11,157.66,157.1,157.41,5207,2021-12-20 16:30:00,TTEK
157.55,157.565,156.97,157.09,3874,2021-12-20 16:35:00,TTEK
156.9,157.4,156.89,157.24,2000,2021-12-20 16:40:00,TTEK
156.8,157.19,156.7325,157.19,700,2021-12-20 16:45:00,TTEK
157.4,157.88,157.4,157.56,1036,2021-12-20 16:50:00,TTEK
157.18,157.715,157.18,157.715,1000,2021-12-20 16:55:00,TTEK
157.575,157.93,157.4,157.77,2218,2021-12-20 17:00:00,TTEK
157.53,157.63,157.31,157.42,2023,2021-12-20 17:05:00,TTEK
157.65,157.65,157.11,157.11,1250,2021-12-20 17:10:00,TTEK
157.335,157.5,156.98,157.5,1100,2021-12-20 17:15:00,TTEK
157.33,157.46,156.7,156.73,1800,2021-12-20 17:20:00,TTEK
156.9,156.9,156.6325,156.715,703,2021-12-20 17:25:00,TTEK
156.56,156.56,156.22,156.25,1564,2021-12-20 17:30:00,TTEK
156.37,156.42,156.3,156.32,1772,2021-12-20 17:35:00,TTEK
156.3475,156.49,156.3475,156.49,279,2021-12-20 17:40:00,TTEK
156.46,156.5,156.21,156.21,1000,2021-12-20 17:45:00,TTEK
156.15,156.57,156.15,156.57,810,2021-12-20 17:50:00,TTEK
156.47,156.47,156.26,156.46,1063,2021-12-20 17:55:00,TTEK
156.17,156.29,156.17,156.29,300,2021-12-20 18:00:00,TTEK
156.54,156.63,156.54,156.63,264,2021-12-20 18:05:00,TTEK
156.9,157.24,156.9,157.24,300,2021-12-20 18:10:00,TTEK
157.15,157.57,157.12,157.52,900,2021-12-20 18:15:00,TTEK
157.6,157.63,157.6,157.625,300,2021-12-20 18:20:00,TTEK
158.1246,158.1246,158.1246,158.1246,207,2021-12-20 18:25:00,TTEK
157.83,157.86,157.83,157.86,205,2021-12-20 18:30:00,TTEK
158.1,158.89,158.1,158.89,900,2021-12-20 18:35:00,TTEK
158.97,158.97,158.85,158.85,693,2021-12-20 18:40:00,TTEK
158.81,159.22,158.81,159.22,400,2021-12-20 18:50:00,TTEK
159.41,159.41,158.96,159.2,1100,2021-12-20 18:55:00,TTEK
159.23,159.66,159.225,159.32,3355,2021-12-20 19:00:00,TTEK
159.465,159.82,159.43,159.82,500,2021-12-20 19:05:00,TTEK
159.77,159.855,159.72,159.81,595,2021-12-20 19:10:00,TTEK
159.92,159.92,159.56,159.56,800,2021-12-20 19:15:00,TTEK
159.48,159.81,159.48,159.81,400,2021-12-20 19:20:00,TTEK
159.49,159.57,159.34,159.46,1213,2021-12-20 19:25:00,TTEK
159.36,159.46,159.12,159.46,800,2021-12-20 19:30:00,TTEK
159.34,159.43,159.27,159.43,400,2021-12-20 19:35:00,TTEK
159.59,159.59,159.13,159.31,1400,2021-12-20 19:40:00,TTEK
159.36,159.36,159.1,159.32,400,2021-12-20 19:45:00,TTEK
159.55,159.935,159.55,159.935,700,2021-12-20 19:50:00,TTEK
160.19,160.19,159.79,159.79,1000,2021-12-20 19:55:00,TTEK
160.285,160.285,159.74,159.9,1105,2021-12-20 20:05:00,TTEK
160.09,160.285,160.08,160.2696,1319,2021-12-20 20:10:00,TTEK
160.41,160.9,160.41,160.9,800,2021-12-20 20:15:00,TTEK
160.62,161.04,160.6086,160.6799,712,2021-12-20 20:20:00,TTEK
160.4523,160.92,160.4523,160.92,979,2021-12-20 20:25:00,TTEK
160.61,160.67,160.4655,160.67,2029,2021-12-20 20:30:00,TTEK
160.54,160.78,160.48,160.72,700,2021-12-20 20:35:00,TTEK
161.02,161.23,160.87,160.88,900,2021-12-20 20:40:00,TTEK
160.76,161.18,160.7,161.05,2100,2021-12-20 20:45:00,TTEK
161.19,161.58,161.19,161.32,3100,2021-12-20 20:50:00,TTEK
161.37,161.67,161.13,161.19,7461,2021-12-20 20:55:00,TTEK
161.11,161.11,161.11,161.11,29264,2021-12-20 21:00:00,TTEK
161.11,161.11,161.11,161.11,5170,2021-12-20 21:05:00,TTEK
162.88,163.0,161.56,162.6,4666,2021-12-21 14:30:00,TTEK
163.23,163.23,163.23,163.23,100,2021-12-21 14:35:00,TTEK
161.73,162.43,161.58,161.58,5805,2021-12-21 14:40:00,TTEK
161.6,162.36,161.6,162.36,400,2021-12-21 14:45:00,TTEK
162.35,162.7,162.22,162.7,600,2021-12-21 14:50:00,TTEK
162.7,162.94,162.7,162.715,600,2021-12-21 14:55:00,TTEK
162.67,163.14,162.6,162.79,1100,2021-12-21 15:00:00,TTEK
162.81,163.45,162.81,163.45,780,2021-12-21 15:10:00,TTEK
163.44,163.82,163.44,163.82,900,2021-12-21 15:15:00,TTEK
164.175,164.175,163.73,163.73,1114,2021-12-21 15:20:00,TTEK
163.405,163.405,162.47,162.53,801,2021-12-21 15:25:00,TTEK
162.61,163.06,162.61,162.916,907,2021-12-21 15:30:00,TTEK
162.405,162.65,162.405,162.65,200,2021-12-21 15:35:00,TTEK
162.69,162.89,162.5601,162.5601,817,2021-12-21 15:40:00,TTEK
162.49,162.715,162.37,162.37,2060,2021-12-21 15:45:00,TTEK
162.43,162.69,162.4,162.69,730,2021-12-21 15:50:00,TTEK
162.66,162.66,162.65,162.655,300,2021-12-21 15:55:00,TTEK
162.76,162.89,162.65,162.65,1652,2021-12-21 16:00:00,TTEK
162.59,162.72,162.48,162.625,1800,2021-12-21 16:05:00,TTEK
162.585,162.73,162.56,162.6014,631,2021-12-21 16:10:00,TTEK
162.56,162.74,162.56,162.715,1225,2021-12-21 16:15:00,TTEK
162.69,162.8332,162.23,162.23,1509,2021-12-21 16:20:00,TTEK
162.22,162.335,161.93,161.93,800,2021-12-21 16:25:00,TTEK
161.95,162.22,161.94,162.1,1700,2021-12-21 16:30:00,TTEK
161.98,162.135,161.88,162.03,2310,2021-12-21 16:35:00,TTEK
161.75,161.81,161.61,161.81,1100,2021-12-21 16:40:00,TTEK
161.96,161.96,161.32,161.56,800,2021-12-21 16:45:00,TTEK
161.69,161.92,161.51,161.76,1100,2021-12-21 16:50:00,TTEK
161.57,161.57,161.24,161.24,700,2021-12-21 16:55:00,TTEK
161.4,161.46,161.33,161.33,1143,2021-12-21 17:00:00,TTEK
161.41,161.585,161.41,161.51,1665,2021-12-21 17:05:00,TTEK
161.51,161.94,161.35,161.86,3194,2021-12-21 17:10:00,TTEK
161.8,162.105,161.68,161.83,1600,2021-12-21 17:15:00,TTEK
161.85,161.965,161.85,161.965,400,2021-12-21 17:20:00,TTEK
161.85,162.21,161.82,162.2,1000,2021-12-21 17:25:00,TTEK
162.28,162.43,162.28,162.43,1100,2021-12-21 17:30:00,TTEK
162.56,162.675,162.49,162.49,1700,2021-12-21 17:35:00,TTEK
162.39,162.39,162.335,162.335,406,2021-12-21 17:40:00,TTEK
162.14,162.23,162.14,162.23,500,2021-12-21 17:45:00,TTEK
162.22,162.615,162.22,162.615,300,2021-12-21 17:50:00,TTEK
162.595,162.655,162.32,162.32,600,2021-12-21 17:55:00,TTEK
162.44,162.44,162.05,162.15,1300,2021-12-21 18:00:00,TTEK
161.92,162.2,161.92,162.03,600,2021-12-21 18:05:00,TTEK
162.03,162.035,162.01,162.01,1100,2021-12-21 18:10:00,TTEK
161.87,162.01,161.78,161.84,1800,2021-12-21 18:20:00,TTEK
161.7,161.7,161.5,161.5,1400,2021-12-21 18:25:00,TTEK
161.69,161.765,161.69,161.765,600,2021-12-21 18:30:00,TTEK
161.85,162.085,161.85,162.085,300,2021-12-21 18:35:00,TTEK
162.13,162.46,162.13,162.44,2308,2021-12-21 18:40:00,TTEK
162.485,162.735,162.485,162.735,500,2021-12-21 18:45:00,TTEK
162.68,162.68,162.555,162.555,800,2021-12-21 18:50:00,TTEK
162.62,162.62,162.32,162.32,600,2021-12-21 18:55:00,TTEK
162.345,162.41,162.05,162.08,3575,2021-12-21 19:00:00,TTEK
161.96,162.04,161.6,161.78,2400,2021-12-21 19:05:00,TTEK
161.65,161.65,161.48,161.57,300,2021-12-21 19:10:00,TTEK
161.68,161.68,161.41,161.43,1600,2021-12-21 19:15:00,TTEK
161.32,161.33,161.08,161.08,2007,2021-12-21 19:20:00,TTEK
161.24,161.45,161.14,161.19,1500,2021-12-21 19:25:00,TTEK
161.29,161.29,161.02,161.05,1325,2021-12-21 19:30:00,TTEK
161.1,161.1959,161.07,161.0832,2131,2021-12-21 19:35:00,TTEK
160.94,161.01,160.64,160.69,1444,2021-12-21 19:40:00,TTEK
160.82,161.2,160.82,161.135,1101,2021-12-21 19:45:00,TTEK
161.24,161.24,161.19,161.19,300,2021-12-21 19:50:00,TTEK
160.93,161.1,160.93,161.1,600,2021-12-21 19:55:00,TTEK
161.035,161.39,161.035,161.2,948,2021-12-21 20:00:00,TTEK
161.24,161.31,161.06,161.1,4502,2021-12-21 20:05:00,TTEK
161.17,161.17,160.72,160.8,2601,2021-12-21 20:10:00,TTEK
160.9,161.05,160.885,160.96,3529,2021-12-21 20:15:00,TTEK
160.91,160.91,160.65,160.65,2901,2021-12-21 20:20:00,TTEK
160.66,160.78,160.66,160.78,4723,2021-12-21 20:25:00,TTEK
160.705,160.825,160.65,160.72,6380,2021-12-21 20:30:00,TTEK
160.735,160.8,160.49,160.49,4701,2021-12-21 20:35:00,TTEK
160.61,160.62,160.41,160.44,2784,2021-12-21 20:40:00,TTEK
160.48,160.785,160.43,160.785,3307,2021-12-21 20:45:00,TTEK
160.77,161.51,160.77,161.41,8980,2021-12-21 20:50:00,TTEK
161.415,161.46,160.89,161.05,17440,2021-12-21 20:55:00,TTEK
161.22,161.22,161.22,161.22,47289,2021-12-21 21:00:00,TTEK
161.22,161.22,161.22,161.22,5170,2021-12-21 21:05:00,TTEK
162.2,162.22,162.2,162.22,200,2021-12-22 14:25:00,TTEK
162.51,164.08,162.26,163.53,4070,2021-12-22 14:30:00,TTEK
163.265,164.535,162.795,164.535,2600,2021-12-22 14:40:00,TTEK
163.92,164.42,163.9,164.42,1266,2021-12-22 14:45:00,TTEK
163.49,164.0,163.49,163.515,1323,2021-12-22 14:50:00,TTEK
163.35,163.35,163.26,163.26,200,2021-12-22 14:55:00,TTEK
163.12,163.42,163.12,163.32,850,2021-12-22 15:00:00,TTEK
163.22,163.22,162.81,162.81,467,2021-12-22 15:05:00,TTEK
163.19,163.19,162.64,162.64,2100,2021-12-22 15:10:00,TTEK
162.62,163.43,162.62,163.19,2300,2021-12-22 15:15:00,TTEK
162.96,163.275,162.96,163.165,1568,2021-12-22 15:20:00,TTEK
163.165,163.33,162.85,162.85,600,2021-12-22 15:25:00,TTEK
162.76,163.135,162.76,163.135,300,2021-12-22 15:30:00,TTEK
162.94,163.18,162.94,163.04,800,2021-12-22 15:35:00,TTEK
163.19,163.23,163.05,163.13,500,2021-12-22 15:40:00,TTEK
163.39,163.5,163.39,163.44,437,2021-12-22 15:45:00,TTEK
163.615,164.01,163.6,163.805,1200,2021-12-22 15:50:00,TTEK
163.69,163.73,163.45,163.73,2300,2021-12-22 15:55:00,TTEK
163.49,163.54,163.39,163.39,775,2021-12-22 16:00:00,TTEK
163.28,163.28,163.055,163.055,800,2021-12-22 16:05:00,TTEK
163.055,163.255,163.055,163.255,700,2021-12-22 16:10:00,TTEK
163.37,163.37,163.37,163.37,100,2021-12-22 16:15:00,TTEK
163.32,163.6,163.32,163.59,600,2021-12-22 16:20:00,TTEK
163.39,163.485,163.21,163.34,1800,2021-12-22 16:25:00,TTEK
163.385,163.58,163.385,163.51,900,2021-12-22 16:30:00,TTEK
163.36,163.36,163.17,163.36,600,2021-12-22 16:35:00,TTEK
163.535,163.77,163.44,163.7,933,2021-12-22 16:40:00,TTEK
163.5,163.67,163.49,163.67,1080,2021-12-22 16:45:00,TTEK
163.71,163.735,163.52,163.59,1000,2021-12-22 16:50:00,TTEK
163.515,163.75,163.515,163.745,2200,2021-12-22 16:55:00,TTEK
163.775,163.89,163.69,163.795,1407,2021-12-22 17:00:00,TTEK
163.79,163.86,163.79,163.86,300,2021-12-22 17:05:00,TTEK
163.805,163.805,163.57,163.64,1071,2021-12-22 17:10:00,TTEK
163.55,163.55,163.1,163.1,600,2021-12-22 17:15:00,TTEK
163.02,163.03,162.88,162.88,600,2021-12-22 17:20:00,TTEK
163.0,163.39,162.95,163.39,1407,2021-12-22 17:25:00,TTEK
163.29,163.32,163.07,163.07,608,2021-12-22 17:30:00,TTEK
163.22,163.29,163.08,163.08,1200,2021-12-22 17:35:00,TTEK
163.11,163.34,163.11,163.34,400,2021-12-22 17:40:00,TTEK
163.35,163.35,163.35,163.35,476,2021-12-22 17:45:00,TTEK
163.35,163.47,163.345,163.37,1965,2021-12-22 17:50:00,TTEK
163.33,163.395,163.29,163.29,1062,2021-12-22 17:55:00,TTEK
163.35,163.43,163.09,163.34,4069,2021-12-22 18:00:00,TTEK
163.27,163.39,163.1257,163.21,2090,2021-12-22 18:05:00,TTEK
163.305,163.305,163.305,163.305,100,2021-12-22 18:10:00,TTEK
163.3,163.33,163.13,163.18,1308,2021-12-22 18:15:00,TTEK
163.325,163.325,163.16,163.24,7100,2021-12-22 18:20:00,TTEK
163.075,163.21,163.075,163.21,300,2021-12-22 18:25:00,TTEK
163.22,163.31,163.22,163.28,1028,2021-12-22 18:30:00,TTEK
163.325,163.325,163.12,163.12,1100,2021-12-22 18:35:00,TTEK
163.13,163.13,163.13,163.13,100,2021-12-22 18:40:00,TTEK
163.22,163.345,163.2,163.2,1900,2021-12-22 18:45:00,TTEK
163.27,163.38,163.26,163.285,600,2021-12-22 18:50:00,TTEK
163.28,163.32,163.03,163.12,1700,2021-12-22 18:55:00,TTEK
163.17,163.17,162.99,163.01,300,2021-12-22 19:00:00,TTEK
162.92,163.065,162.9,162.91,1615,2021-12-22 19:05:00,TTEK
163.06,163.06,163.02,163.04,900,2021-12-22 19:10:00,TTEK
162.97,163.095,162.865,162.865,1308,2021-12-22 19:15:00,TTEK
162.95,162.98,162.87,162.87,500,2021-12-22 19:20:00,TTEK
162.71,162.8,162.35,162.35,800,2021-12-22 19:25:00,TTEK
162.475,162.67,162.47,162.67,700,2021-12-22 19:30:00,TTEK
162.48,162.77,162.48,162.77,400,2021-12-22 19:35:00,TTEK
162.92,162.92,162.67,162.67,1100,2021-12-22 19:40:00,TTEK
162.74,163.07,162.74,163.015,2026,2021-12-22 19:45:00,TTEK
163.085,163.23,162.85,162.995,1915,2021-12-22 19:50:00,TTEK
162.995,163.23,162.95,163.085,1536,2021-12-22 19:55:00,TTEK
163.095,163.62,163.095,163.33,1590,2021-12-22 20:00:00,TTEK
163.4525,163.79,163.4525,163.52,1252,2021-12-22 20:05:00,TTEK
163.655,163.75,163.5,163.635,1679,2021-12-22 20:10:00,TTEK
163.62,163.65,163.31,163.36,2024,2021-12-22 20:15:00,TTEK
163.43,163.5,163.43,163.47,400,2021-12-22 20:20:00,TTEK
163.6224,163.69,163.46,163.68,1759,2021-12-22 20:25:00,TTEK
163.81,163.9,163.68,163.68,1400,2021-12-22 20:30:00,TTEK
163.79,163.82,163.55,163.55,1841,2021-12-22 20:35:00,TTEK
163.625,164.38,163.55,164.35,3442,2021-12-22 20:40:00,TTEK
164.34,164.415,163.9,163.9,3817,2021-12-22 20:45:00,TTEK
164.05,164.96,164.02,164.9,6156,2021-12-22 20:50:00,TTEK
164.91,164.98,164.6,164.91,18712,2021-12-22 20:55:00,TTEK
164.9,164.92,164.9,164.92,72779,2021-12-22 21:00:00,TTEK
166.53,166.79,166.06,166.06,4762,2021-12-23 14:30:00,TTEK
167.12,167.12,167.12,167.12,100,2021-12-23 14:35:00,TTEK
167.625,167.625,166.25,166.55,500,2021-12-23 14:40:00,TTEK
166.3,166.4,166.3,166.4,300,2021-12-23 14:45:00,TTEK
166.36,166.36,166.04,166.35,900,2021-12-23 14:50:00,TTEK
166.53,166.55,166.53,166.55,400,2021-12-23 14:55:00,TTEK
166.5,166.6,165.73,165.73,450,2021-12-23 15:00:00,TTEK
166.33,166.52,166.265,166.52,400,2021-12-23 15:05:00,TTEK
166.72,166.81,166.66,166.81,350,2021-12-23 15:10:00,TTEK
166.65,166.65,166.39,166.39,600,2021-12-23 15:15:00,TTEK
166.56,166.57,166.56,166.57,200,2021-12-23 15:20:00,TTEK
166.49,166.49,166.42,166.42,325,2021-12-23 15:25:00,TTEK
166.48,166.5,166.48,166.5,200,2021-12-23 15:30:00,TTEK
166.67,166.97,166.67,166.865,900,2021-12-23 15:40:00,TTEK
166.73,167.04,166.68,167.04,1100,2021-12-23 15:45:00,TTEK
167.33,167.52,167.33,167.52,900,2021-12-23 15:50:00,TTEK
167.74,167.835,167.67,167.7025,800,2021-12-23 15:55:00,TTEK
167.834,167.91,167.63,167.76,508,2021-12-23 16:00:00,TTEK
167.795,167.795,167.56,167.67,919,2021-12-23 16:05:00,TTEK
167.57,167.57,167.41,167.505,900,2021-12-23 16:10:00,TTEK
167.325,167.35,167.28,167.3,600,2021-12-23 16:15:00,TTEK
167.19,167.19,167.05,167.085,300,2021-12-23 16:20:00,TTEK
167.03,167.23,166.64,167.07,2600,2021-12-23 16:25:00,TTEK
167.01,167.22,167.01,167.22,300,2021-12-23 16:30:00,TTEK
167.22,167.3,167.19,167.19,600,2021-12-23 16:35:00,TTEK
167.1,167.1,167.09,167.09,300,2021-12-23 16:40:00,TTEK
167.18,167.235,167.18,167.18,500,2021-12-23 16:45:00,TTEK
167.2,167.55,167.2,167.55,300,2021-12-23 16:50:00,TTEK
167.45,167.45,167.25,167.2847,3539,2021-12-23 16:55:00,TTEK
167.35,167.5176,167.225,167.3799,1888,2021-12-23 17:00:00,TTEK
167.45,167.47,167.33,167.46,1073,2021-12-23 17:05:00,TTEK
167.405,167.66,167.405,167.66,800,2021-12-23 17:10:00,TTEK
167.48,167.48,167.43,167.43,386,2021-12-23 17:15:00,TTEK
167.46,167.47,167.29,167.335,647,2021-12-23 17:20:00,TTEK
167.46,167.48,167.19,167.38,600,2021-12-23 17:25:00,TTEK
167.43,167.54,167.28,167.28,2411,2021-12-23 17:30:00,TTEK
166.86,166.86,166.79,166.79,200,2021-12-23 17:35:00,TTEK
166.795,166.795,166.71,166.725,400,2021-12-23 17:40:00,TTEK
166.75,166.75,166.75,166.75,100,2021-12-23 17:45:00,TTEK
166.76,167.03,166.76,167.03,1220,2021-12-23 17:50:00,TTEK
167.33,167.33,167.0801,167.0801,380,2021-12-23 17:55:00,TTEK
167.49,167.49,167.48,167.48,200,2021-12-23 18:00:00,TTEK
167.7,167.7,167.505,167.67,400,2021-12-23 18:05:00,TTEK
167.75,167.75,167.45,167.6,834,2021-12-23 18:10:00,TTEK
167.62,167.62,167.35,167.35,900,2021-12-23 18:15:00,TTEK
167.17,167.17,166.95,166.98,700,2021-12-23 18:20:00,TTEK
167.085,167.26,167.06,167.06,1405,2021-12-23 18:25:00,TTEK
167.065,167.065,166.81,166.81,400,2021-12-23 18:30:00,TTEK
166.835,166.835,166.835,166.835,300,2021-12-23 18:35:00,TTEK
166.91,167.1538,166.82,167.1538,615,2021-12-23 18:40:00,TTEK
167.14,167.5,167.14,167.5,853,2021-12-23 18:45:00,TTEK
167.3,167.435,167.26,167.37,1062,2021-12-23 18:50:00,TTEK
167.34,167.4,167.34,167.4,200,2021-12-23 18:55:00,TTEK
167.43,167.43,167.335,167.41,700,2021-12-23 19:00:00,TTEK
167.45,167.48,167.345,167.42,900,2021-12-23 19:05:00,TTEK
167.37,167.37,167.355,167.355,400,2021-12-23 19:10:00,TTEK
167.255,167.7,167.17,167.7,700,2021-12-23 19:15:00,TTEK
167.605,167.67,167.605,167.67,200,2021-12-23 19:20:00,TTEK
167.695,167.77,167.515,167.515,1100,2021-12-23 19:25:00,TTEK
167.7,167.7,167.59,167.68,500,2021-12-23 19:30:00,TTEK
167.76,167.76,167.61,167.61,942,2021-12-23 19:35:00,TTEK
167.69,167.83,167.69,167.79,900,2021-12-23 19:40:00,TTEK
167.88,167.955,167.76,167.82,1700,2021-12-23 19:45:00,TTEK
167.77,167.97,167.77,167.9452,418,2021-12-23 19:50:00,TTEK
167.86,168.03,167.85,168.03,2243,2021-12-23 19:55:00,TTEK
167.94,167.95,167.94,167.95,300,2021-12-23 20:00:00,TTEK
167.9324,168.155,167.9324,168.065,1711,2021-12-23 20:05:00,TTEK
168.215,168.3,168.16,168.3,1200,2021-12-23 20:10:00,TTEK
168.37,168.38,168.005,168.09,1900,2021-12-23 20:15:00,TTEK
168.09,168.11,168.0,168.0,300,2021-12-23 20:20:00,TTEK
167.895,167.92,167.78,167.79,800,2021-12-23 20:25:00,TTEK
167.72,167.81,167.64,167.64,1300,2021-12-23 20:30:00,TTEK
167.7102,167.94,167.58,167.76,2324,2021-12-23 20:35:00,TTEK
167.805,168.04,167.725,168.005,3040,2021-12-23 20:40:00,TTEK
168.08,168.28,167.955,168.04,4096,2021-12-23 20:45:00,TTEK
168.19,168.64,168.19,168.23,5248,2021-12-23 20:50:00,TTEK
168.32,168.38,167.78,167.91,8960,2021-12-23 20:55:00,TTEK
167.89,167.89,167.89,167.89,29402,2021-12-23 21:00:00,TTEK
168.58,168.58,167.15,168.145,4114,2021-12-27 14:30:00,TTEK
167.37,167.81,167.05,167.77,1901,2021-12-27 14:40:00,TTEK
167.77,167.92,167.31,167.31,1100,2021-12-27 14:45:00,TTEK
166.48,167.66,166.48,167.015,350,2021-12-27 14:55:00,TTEK
167.15,167.84,166.8,167.84,2500,2021-12-27 15:00:00,TTEK
168.075,168.075,168.065,168.065,900,2021-12-27 15:05:00,TTEK
168.05,168.095,167.805,167.805,1399,2021-12-27 15:10:00,TTEK
167.81,167.81,167.78,167.805,300,2021-12-27 15:15:00,TTEK
167.815,167.855,167.65,167.71,2100,2021-12-27 15:20:00,TTEK
167.76,167.77,167.56,167.57,1100,2021-12-27 15:25:00,TTEK
167.685,167.72,167.68,167.68,300,2021-12-27 15:30:00,TTEK
167.79,167.825,167.54,167.54,1750,2021-12-27 15:35:00,TTEK
167.72,168.0,167.715,167.99,1900,2021-12-27 15:40:00,TTEK
168.07,168.07,167.53,167.53,1050,2021-12-27 15:45:00,TTEK
167.71,167.71,167.53,167.62,1700,2021-12-27 15:50:00,TTEK
167.53,167.68,167.53,167.68,608,2021-12-27 15:55:00,TTEK
167.58,167.58,167.26,167.26,1100,2021-12-27 16:00:00,TTEK
167.22,167.22,167.05,167.18,600,2021-12-27 16:05:00,TTEK
167.27,167.43,167.16,167.32,2432,2021-12-27 16:10:00,TTEK
167.16,167.16,167.16,167.16,200,2021-12-27 16:15:00,TTEK
166.99,166.99,166.99,166.99,100,2021-12-27 16:20:00,TTEK
167.25,167.44,167.25,167.3,870,2021-12-27 16:25:00,TTEK
167.47,167.47,167.09,167.25,905,2021-12-27 16:30:00,TTEK
167.37,167.37,167.34,167.34,300,2021-12-27 16:35:00,TTEK
167.17,167.3,167.14,167.3,1500,2021-12-27 16:45:00,TTEK
167.34,167.4,167.25,167.29,1800,2021-12-27 16:50:00,TTEK
167.27,167.31,167.27,167.31,300,2021-12-27 16:55:00,TTEK
167.13,167.18,167.13,167.13,1043,2021-12-27 17:00:00,TTEK
167.135,167.135,167.02,167.02,200,2021-12-27 17:05:00,TTEK
166.96,166.96,166.79,166.88,1100,2021-12-27 17:10:00,TTEK
166.88,167.19,166.88,167.07,1200,2021-12-27 17:15:00,TTEK
167.06,167.06,166.88,166.88,539,2021-12-27 17:20:00,TTEK
167.22,167.22,167.205,167.205,200,2021-12-27 17:25:00,TTEK
167.305,167.305,167.11,167.11,1470,2021-12-27 17:30:00,TTEK
167.24,167.4,167.18,167.32,776,2021-12-27 17:35:00,TTEK
167.4,167.44,167.2,167.27,1587,2021-12-27 17:40:00,TTEK
167.2,167.26,167.17,167.17,1200,2021-12-27 17:45:00,TTEK
167.06,167.06,167.01,167.01,600,2021-12-27 17:50:00,TTEK
167.0,167.02,167.0,167.02,5200,2021-12-27 17:55:00,TTEK
167.02,167.08,166.93,167.0,2812,2021-12-27 18:00:00,TTEK
167.0,167.13,166.975,167.05,1629,2021-12-27 18:05:00,TTEK
167.0,167.19,167.0,167.01,6258,2021-12-27 18:10:00,TTEK
167.03,167.17,166.935,167.0,5536,2021-12-27 18:15:00,TTEK
166.94,166.94,166.63,166.63,700,2021-12-27 18:20:00,TTEK
166.705,166.82,166.705,166.78,400,2021-12-27 18:25:00,TTEK
166.64,166.68,166.565,166.62,500,2021-12-27 18:30:00,TTEK
166.65,166.75,166.535,166.6646,2020,2021-12-27 18:35:00,TTEK
166.485,166.51,166.34,166.38,1533,2021-12-27 18:40:00,TTEK
166.26,166.26,165.8,165.99,7793,2021-12-27 18:45:00,TTEK
165.94,166.0799,165.8028,166.0799,4100,2021-12-27 18:50:00,TTEK
166.01,166.015,165.92,165.92,1231,2021-12-27 18:55:00,TTEK
165.91,166.17,165.82,166.03,3734,2021-12-27 19:00:00,TTEK
166.03,166.08,165.82,165.9,3101,2021-12-27 19:05:00,TTEK
166.06,166.08,165.97,166.08,1629,2021-12-27 19:10:00,TTEK
165.96,165.965,165.86,165.86,500,2021-12-27 19:15:00,TTEK
165.98,166.1,165.89,165.89,1800,2021-12-27 19:20:00,TTEK
166.0,166.05,166.0,166.05,700,2021-12-27 19:25:00,TTEK
166.01,166.08,165.9,165.9,3221,2021-12-27 19:30:00,TTEK
165.95,165.95,165.87,165.87,600,2021-12-27 19:35:00,TTEK
165.99,166.08,165.92,166.03,2050,2021-12-27 19:40:00,TTEK
165.99,166.02,165.78,165.79,1517,2021-12-27 19:45:00,TTEK
165.75,165.94,165.75,165.92,500,2021-12-27 19:50:00,TTEK
165.85,165.92,165.85,165.89,400,2021-12-27 19:55:00,TTEK
165.885,165.99,165.71,165.95,1900,2021-12-27 20:00:00,TTEK
165.99,166.05,165.94,165.96,500,2021-12-27 20:05:00,TTEK
165.81,165.94,165.74,165.855,1469,2021-12-27 20:10:00,TTEK
165.88,166.28,165.88,166.1,2700,2021-12-27 20:15:00,TTEK
166.02,166.095,165.885,166.02,2200,2021-12-27 20:20:00,TTEK
166.05,166.14,165.99,165.99,1554,2021-12-27 20:25:00,TTEK
166.07,166.09,165.89,165.89,2910,2021-12-27 20:30:00,TTEK
165.9,165.9,165.63,165.63,1474,2021-12-27 20:35:00,TTEK
165.535,165.7,165.5301,165.655,1633,2021-12-27 20:40:00,TTEK
165.69,165.985,165.68,165.85,2661,2021-12-27 20:45:00,TTEK
165.835,166.19,165.68,165.97,5636,2021-12-27 20:50:00,TTEK
166.13,166.24,165.87,166.01,19465,2021-12-27 20:55:00,TTEK
166.31,166.31,166.31,166.31,27344,2021-12-27 21:00:00,TTEK
166.51,167.9,166.51,167.9,2289,2021-12-28 14:30:00,TTEK
167.67,168.49,167.53,167.61,2142,2021-12-28 14:35:00,TTEK
167.695,167.695,167.695,167.695,200,2021-12-28 14:40:00,TTEK
167.66,167.735,167.35,167.6,1900,2021-12-28 14:45:00,TTEK
166.61,167.6,166.51,167.6,1000,2021-12-28 14:50:00,TTEK
167.5,167.5,167.5,167.5,100,2021-12-28 14:55:00,TTEK
167.35,167.35,167.35,167.35,100,2021-12-28 15:00:00,TTEK
167.23,167.23,166.48,166.63,1316,2021-12-28 15:05:00,TTEK
166.685,166.75,166.5,166.505,2500,2021-12-28 15:10:00,TTEK
166.2,166.52,166.2,166.51,800,2021-12-28 15:20:00,TTEK
166.0701,166.545,166.0701,166.545,1020,2021-12-28 15:30:00,TTEK
166.64,166.68,166.45,166.45,1027,2021-12-28 15:35:00,TTEK
166.495,166.8,166.495,166.8,2931,2021-12-28 15:40:00,TTEK
166.8,166.8,166.28,166.28,3147,2021-12-28 15:45:00,TTEK
166.4178,166.4178,166.27,166.27,400,2021-12-28 15:50:00,TTEK
166.7655,166.7655,166.5,166.5,1039,2021-12-28 15:55:00,TTEK
166.52,166.52,166.39,166.41,500,2021-12-28 16:00:00,TTEK
166.38,166.5,166.38,166.5,700,2021-12-28 16:05:00,TTEK
166.5,166.62,166.14,166.14,2200,2021-12-28 16:10:00,TTEK
166.11,166.11,166.11,166.11,100,2021-12-28 16:15:00,TTEK
166.09,166.09,166.0887,166.0887,254,2021-12-28 16:20:00,TTEK
165.57,165.79,165.57,165.79,200,2021-12-28 16:25:00,TTEK
166.22,166.22,166.17,166.17,264,2021-12-28 16:35:00,TTEK
166.16,166.21,165.97,166.0,3300,2021-12-28 16:40:00,TTEK
165.83,166.06,165.83,166.025,711,2021-12-28 16:45:00,TTEK
165.95,165.95,165.95,165.95,100,2021-12-28 16:50:00,TTEK
165.81,165.81,165.78,165.78,434,2021-12-28 16:55:00,TTEK
165.87,166.05,165.87,165.915,800,2021-12-28 17:00:00,TTEK
165.925,165.925,165.925,165.925,100,2021-12-28 17:05:00,TTEK
165.93,165.93,165.705,165.87,1599,2021-12-28 17:10:00,TTEK
165.88,165.95,165.78,165.87,1533,2021-12-28 17:15:00,TTEK
165.87,165.87,165.87,165.87,200,2021-12-28 17:20:00,TTEK
165.74,165.74,165.58,165.59,800,2021-12-28 17:25:00,TTEK
165.65,165.65,165.44,165.49,2325,2021-12-28 17:30:00,TTEK
165.55,165.62,165.44,165.5,5456,2021-12-28 17:35:00,TTEK
165.5,165.62,165.42,165.42,2061,2021-12-28 17:40:00,TTEK
165.39,165.39,165.11,165.23,900,2021-12-28 17:45:00,TTEK
165.55,165.555,165.49,165.555,500,2021-12-28 17:50:00,TTEK
165.45,165.5,165.37,165.37,1670,2021-12-28 17:55:00,TTEK
165.44,165.515,165.44,165.515,644,2021-12-28 18:00:00,TTEK
165.59,165.59,165.53,165.53,300,2021-12-28 18:05:00,TTEK
165.42,165.5,165.42,165.49,511,2021-12-28 18:10:00,TTEK
165.445,165.46,165.35,165.35,600,2021-12-28 18:15:00,TTEK
165.5,165.5,165.375,165.46,500,2021-12-28 18:20:00,TTEK
165.58,165.58,165.08,165.08,3929,2021-12-28 18:25:00,TTEK
165.07,165.23,165.07,165.23,400,2021-12-28 18:30:00,TTEK
165.35,165.47,165.28,165.35,1700,2021-12-28 18:35:00,TTEK
165.49,165.6224,165.41,165.6224,1558,2021-12-28 18:40:00,TTEK
165.49,165.57,165.41,165.53,1344,2021-12-28 18:45:00,TTEK
165.56,165.56,165.39,165.44,5104,2021-12-28 18:50:00,TTEK
165.5,165.57,165.38,165.555,8603,2021-12-28 18:55:00,TTEK
165.43,165.455,165.34,165.415,1664,2021-12-28 19:00:00,TTEK
165.44,165.44,165.23,165.2351,1408,2021-12-28 19:05:00,TTEK
165.31,165.39,165.24,165.39,1060,2021-12-28 19:10:00,TTEK
165.39,165.55,165.34,165.405,2510,2021-12-28 19:15:00,TTEK
165.445,165.555,165.445,165.555,1200,2021-12-28 19:20:00,TTEK
165.545,165.91,165.48,165.81,15871,2021-12-28 19:25:00,TTEK
165.785,165.875,165.5,165.56,22103,2021-12-28 19:30:00,TTEK
165.5,165.69,165.39,165.51,9956,2021-12-28 19:35:00,TTEK
165.51,165.63,165.49,165.5,11332,2021-12-28 19:40:00,TTEK
165.51,165.59,165.44,165.565,6247,2021-12-28 19:45:00,TTEK
165.5,165.545,165.475,165.5,2670,2021-12-28 19:50:00,TTEK
165.5,165.74,165.43,165.48,8740,2021-12-28 19:55:00,TTEK
165.5,165.54,165.4,165.4,3455,2021-12-28 20:00:00,TTEK
165.37,165.45,165.1,165.41,1175,2021-12-28 20:05:00,TTEK
165.46,165.59,165.42,165.5,6001,2021-12-28 20:10:00,TTEK
165.5,165.55,165.335,165.4,1633,2021-12-28 20:15:00,TTEK
165.49,165.7458,165.45,165.565,8226,2021-12-28 20:20:00,TTEK
165.6,165.61,165.45,165.59,3500,2021-12-28 20:25:00,TTEK
165.585,165.63,165.25,165.55,3547,2021-12-28 20:30:00,TTEK
165.65,165.65,165.565,165.59,4632,2021-12-28 20:35:00,TTEK
165.565,166.28,165.565,166.25,16889,2021-12-28 20:40:00,TTEK
166.46,167.28,166.45,167.28,1805,2021-12-28 20:45:00,TTEK
166.96,167.04,166.285,166.53,6514,2021-12-28 20:50:00,TTEK
166.7,166.72,166.33,166.47,14944,2021-12-28 20:55:00,TTEK
166.58,166.58,166.58,166.58,40818,2021-12-28 21:00:00,TTEK
166.58,166.58,166.58,166.58,3754,2021-12-28 22:10:00,TTEK
166.99,167.6,166.99,167.6,1593,2021-12-29 14:30:00,TTEK
167.315,168.0,167.315,168.0,700,2021-12-29 14:35:00,TTEK
168.31,168.44,166.69,166.69,6660,2021-12-29 14:40:00,TTEK
167.6,167.66,167.46,167.46,400,2021-12-29 14:50:00,TTEK
166.69,166.69,166.56,166.56,300,2021-12-29 14:55:00,TTEK
166.67,167.49,166.67,167.49,631,2021-12-29 15:00:00,TTEK
167.48,167.53,167.48,167.53,400,2021-12-29 15:05:00,TTEK
167.0,167.0,166.85,166.85,500,2021-12-29 15:10:00,TTEK
166.67,166.72,166.47,166.72,689,2021-12-29 15:15:00,TTEK
166.58,166.96,166.58,166.96,1100,2021-12-29 15:30:00,TTEK
167.13,167.13,167.13,167.13,100,2021-12-29 15:35:00,TTEK
167.5,167.605,167.27,167.27,1700,2021-12-29 15:40:00,TTEK
167.63,167.63,167.63,167.63,597,2021-12-29 15:45:00,TTEK
167.62,167.77,167.62,167.77,400,2021-12-29 15:55:00,TTEK
167.96,167.96,167.96,167.96,100,2021-12-29 16:05:00,TTEK
167.966,167.97,167.82,167.9,1761,2021-12-29 16:15:00,TTEK
167.96,168.37,167.96,168.37,819,2021-12-29 16:20:00,TTEK
168.61,168.61,168.61,168.61,100,2021-12-29 16:25:00,TTEK
168.35,168.35,168.35,168.35,100,2021-12-29 16:30:00,TTEK
168.17,168.28,168.17,168.28,300,2021-12-29 16:35:00,TTEK
168.14,168.36,168.14,168.36,400,2021-12-29 16:40:00,TTEK
168.26,168.46,168.1201,168.2305,3635,2021-12-29 16:45:00,TTEK
168.12,168.12,167.7042,167.89,1914,2021-12-29 16:50:00,TTEK
167.97,168.32,167.86,168.32,400,2021-12-29 16:55:00,TTEK
168.25,168.28,168.22,168.22,400,2021-12-29 17:00:00,TTEK
168.33,168.36,168.33,168.36,300,2021-12-29 17:05:00,TTEK
168.33,168.37,167.92,167.92,800,2021-12-29 17:10:00,TTEK
168.0,168.139,167.97,167.97,700,2021-12-29 17:15:00,TTEK
168.06,168.3,168.06,168.3,900,2021-12-29 17:25:00,TTEK
168.26,168.26,168.26,168.26,200,2021-12-29 17:30:00,TTEK
168.3,168.48,168.3,168.48,600,2021-12-29 17:35:00,TTEK
168.64,168.85,168.64,168.85,200,2021-12-29 17:40:00,TTEK
168.87,168.95,168.76,168.95,400,2021-12-29 17:45:00,TTEK
169.36,169.36,168.94,169.02,900,2021-12-29 17:50:00,TTEK
168.9,169.075,168.9,169.01,800,2021-12-29 17:55:00,TTEK
169.06,169.1,168.97,168.97,819,2021-12-29 18:05:00,TTEK
169.1,169.42,169.1,169.42,1228,2021-12-29 18:10:00,TTEK
169.48,169.48,169.48,169.48,100,2021-12-29 18:15:00,TTEK
169.49,169.52,169.31,169.33,1435,2021-12-29 18:20:00,TTEK
169.29,169.475,169.29,169.475,646,2021-12-29 18:25:00,TTEK
169.74,169.93,169.63,169.78,1184,2021-12-29 18:30:00,TTEK
169.935,170.48,169.935,170.26,2968,2021-12-29 18:35:00,TTEK
170.0,170.2,170.0,170.12,1700,2021-12-29 18:40:00,TTEK
170.115,170.12,170.0,170.0,300,2021-12-29 18:45:00,TTEK
169.98,170.18,169.98,170.18,700,2021-12-29 18:50:00,TTEK
170.27,170.59,170.27,170.59,800,2021-12-29 18:55:00,TTEK
170.53,170.7,170.48,170.575,2020,2021-12-29 19:00:00,TTEK
170.53,170.53,170.46,170.46,300,2021-12-29 19:05:00,TTEK
170.47,170.47,170.47,170.47,100,2021-12-29 19:10:00,TTEK
170.39,170.4,170.39,170.4,200,2021-12-29 19:15:00,TTEK
170.1373,170.2063,170.02,170.02,746,2021-12-29 19:20:00,TTEK
170.11,170.12,169.99,170.075,600,2021-12-29 19:25:00,TTEK
170.12,170.175,170.12,170.175,400,2021-12-29 19:30:00,TTEK
170.13,170.15,170.12,170.15,700,2021-12-29 19:35:00,TTEK
170.18,170.26,170.11,170.26,1100,2021-12-29 19:40:00,TTEK
170.28,170.29,170.04,170.04,1400,2021-12-29 19:50:00,TTEK
169.69,169.805,169.69,169.805,200,2021-12-29 19:55:00,TTEK
169.8,169.97,169.8,169.97,500,2021-12-29 20:00:00,TTEK
169.78,169.84,169.78,169.83,500,2021-12-29 20:05:00,TTEK
169.775,170.05,169.775,170.0,874,2021-12-29 20:10:00,TTEK
169.91,170.15,169.91,170.06,1100,2021-12-29 20:15:00,TTEK
169.92,170.13,169.92,170.13,852,2021-12-29 20:20:00,TTEK
170.12,170.12,169.99,169.99,400,2021-12-29 20:25:00,TTEK
170.02,170.02,169.44,169.44,2900,2021-12-29 20:30:00,TTEK
169.46,169.525,169.46,169.485,300,2021-12-29 20:35:00,TTEK
169.45,169.66,169.45,169.575,1100,2021-12-29 20:40:00,TTEK
169.7,170.11,169.7,170.06,1412,2021-12-29 20:45:00,TTEK
170.07,170.19,169.805,169.86,4189,2021-12-29 20:50:00,TTEK
169.97,170.17,169.6,169.81,9368,2021-12-29 20:55:00,TTEK
169.85,169.85,169.85,169.85,29000,2021-12-29 21:00:00,TTEK
170.54,170.938,163.1901,170.2311,3323,2021-12-30 14:30:00,TTEK
170.32,170.54,169.98,170.54,600,2021-12-30 14:40:00,TTEK
170.59,171.255,170.59,171.255,600,2021-12-30 14:45:00,TTEK
171.81,172.36,171.47,171.58,2014,2021-12-30 14:50:00,TTEK
171.925,171.925,171.8,171.8,200,2021-12-30 14:55:00,TTEK
171.75,171.75,171.035,171.035,600,2021-12-30 15:00:00,TTEK
171.085,171.085,171.085,171.085,100,2021-12-30 15:05:00,TTEK
170.85,171.095,170.85,171.095,600,2021-12-30 15:10:00,TTEK
171.28,171.28,171.28,171.28,100,2021-12-30 15:15:00,TTEK
171.24,171.24,171.24,171.24,100,2021-12-30 15:20:00,TTEK
171.055,171.055,170.44,170.65,800,2021-12-30 15:25:00,TTEK
170.55,170.87,170.53,170.79,500,2021-12-30 15:30:00,TTEK
170.755,171.09,170.755,171.09,4500,2021-12-30 15:35:00,TTEK
171.21,171.54,171.21,171.54,600,2021-12-30 15:40:00,TTEK
171.53,171.53,171.53,171.53,100,2021-12-30 15:45:00,TTEK
171.11,171.12,170.885,170.885,500,2021-12-30 15:50:00,TTEK
170.615,170.615,169.955,169.955,1800,2021-12-30 15:55:00,TTEK
169.91,170.345,169.91,170.345,900,2021-12-30 16:00:00,TTEK
170.03,170.03,169.625,169.9,700,2021-12-30 16:05:00,TTEK
169.82,169.82,169.175,169.29,2100,2021-12-30 16:10:00,TTEK
168.85,169.05,168.69,168.835,1200,2021-12-30 16:15:00,TTEK
169.01,169.01,168.52,168.52,700,2021-12-30 16:20:00,TTEK
168.565,168.565,168.41,168.41,300,2021-12-30 16:25:00,TTEK
168.6,168.855,168.54,168.565,1200,2021-12-30 16:30:00,TTEK
168.615,168.7,168.615,168.7,200,2021-12-30 16:35:00,TTEK
168.87,168.87,168.87,168.87,100,2021-12-30 16:40:00,TTEK
168.85,169.3,168.85,169.3,400,2021-12-30 16:45:00,TTEK
169.29,169.37,169.29,169.37,500,2021-12-30 16:50:00,TTEK
169.4,169.55,169.4,169.55,304,2021-12-30 16:55:00,TTEK
169.36,169.42,169.36,169.42,400,2021-12-30 17:00:00,TTEK
169.45,169.45,169.45,169.45,200,2021-12-30 17:05:00,TTEK
169.45,169.54,169.16,169.31,2019,2021-12-30 17:10:00,TTEK
169.29,169.29,169.29,169.29,100,2021-12-30 17:15:00,TTEK
169.3399,169.3399,169.3399,169.3399,100,2021-12-30 17:20:00,TTEK
169.24,170.2499,169.24,170.19,5648,2021-12-30 17:25:00,TTEK
170.0109,170.0109,170.0109,170.0109,100,2021-12-30 17:35:00,TTEK
170.19,170.51,170.19,170.25,859,2021-12-30 17:40:00,TTEK
170.26,170.27,170.165,170.2,700,2021-12-30 17:45:00,TTEK
170.215,170.215,170.07,170.21,700,2021-12-30 17:50:00,TTEK
170.41,170.41,170.41,170.41,100,2021-12-30 17:55:00,TTEK
170.4,170.4,170.295,170.39,700,2021-12-30 18:00:00,TTEK
170.51,170.55,170.37,170.37,900,2021-12-30 18:05:00,TTEK
170.19,170.24,170.19,170.22,600,2021-12-30 18:10:00,TTEK
170.21,170.21,170.21,170.21,130,2021-12-30 18:15:00,TTEK
170.2,170.28,170.2,170.28,1300,2021-12-30 18:25:00,TTEK
170.3015,170.3015,170.28,170.28,200,2021-12-30 18:30:00,TTEK
170.37,170.4,170.37,170.4,478,2021-12-30 18:35:00,TTEK
170.3748,170.45,170.3748,170.4,439,2021-12-30 18:40:00,TTEK
170.5,170.58,170.29,170.37,2266,2021-12-30 18:45:00,TTEK
170.47,170.47,170.47,170.47,100,2021-12-30 18:50:00,TTEK
170.61,170.66,170.49,170.57,3700,2021-12-30 18:55:00,TTEK
170.49,170.49,170.46,170.46,200,2021-12-30 19:00:00,TTEK
170.37,170.44,170.3,170.315,4225,2021-12-30 19:05:00,TTEK
170.2,170.36,170.0201,170.36,4234,2021-12-30 19:10:00,TTEK
170.255,170.255,170.2498,170.2498,300,2021-12-30 19:15:00,TTEK
170.42,170.67,170.42,170.61,500,2021-12-30 19:20:00,TTEK
170.78,170.87,170.68,170.68,1302,2021-12-30 19:25:00,TTEK
170.77,170.85,170.64,170.74,400,2021-12-30 19:30:00,TTEK
170.7,170.73,170.685,170.685,300,2021-12-30 19:35:00,TTEK
170.78,171.0,170.75,170.76,1600,2021-12-30 19:40:00,TTEK
170.76,170.76,170.635,170.635,1010,2021-12-30 19:45:00,TTEK
170.64,170.64,170.37,170.57,800,2021-12-30 19:50:00,TTEK
170.505,170.6,170.45,170.545,1000,2021-12-30 19:55:00,TTEK
170.43,170.49,170.43,170.49,300,2021-12-30 20:00:00,TTEK
170.24,170.26,170.055,170.055,900,2021-12-30 20:05:00,TTEK
169.96,169.96,169.88,169.91,625,2021-12-30 20:10:00,TTEK
169.95,170.06,169.95,170.06,300,2021-12-30 20:15:00,TTEK
170.065,170.065,169.7,169.7,1033,2021-12-30 20:20:00,TTEK
169.39,169.81,169.39,169.72,915,2021-12-30 20:25:00,TTEK
169.73,169.73,169.265,169.265,700,2021-12-30 20:30:00,TTEK
169.27,169.28,169.25,169.28,400,2021-12-30 20:35:00,TTEK
169.21,169.26,169.01,169.17,1400,2021-12-30 20:40:00,TTEK
169.09,169.45,168.99,169.21,1700,2021-12-30 20:45:00,TTEK
168.99,169.42,168.99,169.11,2123,2021-12-30 20:50:00,TTEK
168.97,169.115,168.53,168.87,13503,2021-12-30 20:55:00,TTEK
168.87,168.87,168.87,168.87,34696,2021-12-30 21:00:00,TTEK
