open,high,low,close,volume,datetime,symbol
7.06,7.06,7.06,7.06,150,2021-03-01 13:40:00,EMKR
7.0699,7.0699,7.0699,7.0699,1200,2021-03-01 13:50:00,EMKR
7.06,7.06,7.06,7.06,200,2021-03-01 14:00:00,EMKR
7.06,7.06,7.06,7.06,616,2021-03-01 14:10:00,EMKR
7.06,7.06,7.0,7.0,2945,2021-03-01 14:25:00,EMKR
6.99,7.12,6.97,7.063,19805,2021-03-01 14:30:00,EMKR
7.055,7.0788,6.96,7.0163,9010,2021-03-01 14:35:00,EMKR
7.03,7.03,6.925,7.0046,10310,2021-03-01 14:40:00,EMKR
7.0408,7.06,6.99,7.0,9009,2021-03-01 14:45:00,EMKR
6.97,7.0,6.92,6.92,2692,2021-03-01 14:50:00,EMKR
6.935,6.96,6.92,6.92,1592,2021-03-01 14:55:00,EMKR
6.92,7.0047,6.92,7.0047,14529,2021-03-01 15:00:00,EMKR
7.0,7.0999,7.0,7.08,36940,2021-03-01 15:05:00,EMKR
7.06,7.195,7.06,7.064,29149,2021-03-01 15:10:00,EMKR
7.07,7.1799,7.06,7.15,42039,2021-03-01 15:15:00,EMKR
7.15,7.165,7.09,7.09,6244,2021-03-01 15:20:00,EMKR
7.08,7.08,7.03,7.03,18325,2021-03-01 15:25:00,EMKR
7.03,7.145,7.03,7.125,11995,2021-03-01 15:30:00,EMKR
7.12,7.35,7.115,7.34,114427,2021-03-01 15:35:00,EMKR
7.31,7.34,7.26,7.26,18972,2021-03-01 15:40:00,EMKR
7.23,7.23,7.1304,7.22,12499,2021-03-01 15:45:00,EMKR
7.1975,7.24,7.17,7.2,8930,2021-03-01 15:50:00,EMKR
7.1839,7.24,7.18,7.24,5996,2021-03-01 15:55:00,EMKR
7.21,7.25,7.12,7.14,24180,2021-03-01 16:00:00,EMKR
7.15,7.21,7.12,7.1778,13646,2021-03-01 16:05:00,EMKR
7.18,7.2699,7.1799,7.19,10544,2021-03-01 16:10:00,EMKR
7.18,7.21,7.17,7.2,1550,2021-03-01 16:15:00,EMKR
7.2,7.24,7.185,7.22,6400,2021-03-01 16:20:00,EMKR
7.2,7.24,7.1925,7.2252,6207,2021-03-01 16:25:00,EMKR
7.23,7.29,7.21,7.26,36915,2021-03-01 16:30:00,EMKR
7.26,7.2859,7.24,7.24,3450,2021-03-01 16:35:00,EMKR
7.23,7.2567,7.22,7.23,4940,2021-03-01 16:40:00,EMKR
7.23,7.2799,7.23,7.25,5540,2021-03-01 16:45:00,EMKR
7.24,7.27,7.24,7.24,2709,2021-03-01 16:50:00,EMKR
7.239,7.239,7.18,7.1975,9518,2021-03-01 16:55:00,EMKR
7.195,7.21,7.19,7.19,1000,2021-03-01 17:00:00,EMKR
7.19,7.24,7.19,7.23,4174,2021-03-01 17:05:00,EMKR
7.25,7.25,7.2,7.2,4115,2021-03-01 17:10:00,EMKR
7.2,7.21,7.195,7.1999,5065,2021-03-01 17:15:00,EMKR
7.1665,7.19,7.1665,7.19,471,2021-03-01 17:20:00,EMKR
7.19,7.2,7.19,7.19,2559,2021-03-01 17:25:00,EMKR
7.1898,7.2199,7.18,7.1907,12619,2021-03-01 17:30:00,EMKR
7.2,7.28,7.2,7.255,6199,2021-03-01 17:35:00,EMKR
7.24,7.2499,7.235,7.235,1519,2021-03-01 17:40:00,EMKR
7.22,7.28,7.22,7.28,6136,2021-03-01 17:45:00,EMKR
7.26,7.275,7.21,7.2399,26659,2021-03-01 17:50:00,EMKR
7.2,7.2,7.15,7.19,2110,2021-03-01 17:55:00,EMKR
7.21,7.21,7.17,7.172,1700,2021-03-01 18:00:00,EMKR
7.19,7.19,7.15,7.15,16310,2021-03-01 18:05:00,EMKR
7.1489,7.17,7.1489,7.17,4700,2021-03-01 18:10:00,EMKR
7.15,7.19,7.15,7.19,6910,2021-03-01 18:15:00,EMKR
7.19,7.195,7.15,7.1698,3428,2021-03-01 18:20:00,EMKR
7.1501,7.22,7.1501,7.21,6519,2021-03-01 18:25:00,EMKR
7.1999,7.1999,7.1999,7.1999,918,2021-03-01 18:30:00,EMKR
7.19,7.19,7.185,7.1899,9736,2021-03-01 18:35:00,EMKR
7.18,7.23,7.1716,7.2,3189,2021-03-01 18:40:00,EMKR
7.175,7.19,7.1674,7.1674,2710,2021-03-01 18:45:00,EMKR
7.1899,7.1899,7.15,7.15,3685,2021-03-01 18:50:00,EMKR
7.15,7.159,7.13,7.15,8498,2021-03-01 18:55:00,EMKR
7.18,7.19,7.1504,7.16,11400,2021-03-01 19:00:00,EMKR
7.16,7.16,7.13,7.1468,1520,2021-03-01 19:05:00,EMKR
7.14,7.15,7.13,7.13,4409,2021-03-01 19:10:00,EMKR
7.12,7.14,7.11,7.14,5108,2021-03-01 19:15:00,EMKR
7.13,7.15,7.13,7.15,2204,2021-03-01 19:20:00,EMKR
7.16,7.165,7.135,7.135,2018,2021-03-01 19:25:00,EMKR
7.13,7.15,7.12,7.13,9865,2021-03-01 19:30:00,EMKR
7.1399,7.14,7.11,7.13,20517,2021-03-01 19:35:00,EMKR
7.1189,7.12,7.1058,7.1058,4978,2021-03-01 19:40:00,EMKR
7.1,7.12,7.1,7.12,2200,2021-03-01 19:45:00,EMKR
7.12,7.13,7.115,7.13,6790,2021-03-01 19:50:00,EMKR
7.12,7.12,7.08,7.08,3635,2021-03-01 19:55:00,EMKR
7.07,7.15,7.07,7.14,32192,2021-03-01 20:00:00,EMKR
7.18,7.21,7.16,7.185,11660,2021-03-01 20:05:00,EMKR
7.1953,7.27,7.1953,7.23,3427,2021-03-01 20:10:00,EMKR
7.225,7.27,7.19,7.27,8855,2021-03-01 20:15:00,EMKR
7.26,7.29,7.25,7.25,13035,2021-03-01 20:20:00,EMKR
7.22,7.26,7.21,7.24,3371,2021-03-01 20:25:00,EMKR
7.27,7.29,7.25,7.255,8489,2021-03-01 20:30:00,EMKR
7.255,7.29,7.24,7.29,13957,2021-03-01 20:35:00,EMKR
7.29,7.35,7.285,7.3,34482,2021-03-01 20:40:00,EMKR
7.32,7.37,7.3,7.37,14642,2021-03-01 20:45:00,EMKR
7.37,7.38,7.34,7.36,33914,2021-03-01 20:50:00,EMKR
7.35,7.39,7.34,7.34,48570,2021-03-01 20:55:00,EMKR
7.33,7.33,7.05,7.061,6611,2021-03-01 21:00:00,EMKR
7.31,7.31,7.31,7.31,2500,2021-03-01 23:00:00,EMKR
7.38,7.38,7.38,7.38,100,2021-03-02 00:40:00,EMKR
7.48,7.48,7.48,7.48,217,2021-03-02 10:25:00,EMKR
7.48,7.48,7.48,7.48,100,2021-03-02 11:40:00,EMKR
7.5,7.59,7.5,7.59,200,2021-03-02 11:55:00,EMKR
7.61,7.61,7.61,7.61,440,2021-03-02 12:00:00,EMKR
7.56,7.56,7.56,7.56,200,2021-03-02 12:05:00,EMKR
7.55,7.55,7.55,7.55,100,2021-03-02 13:40:00,EMKR
7.55,7.55,7.55,7.55,200,2021-03-02 13:55:00,EMKR
7.6,7.6,7.6,7.6,365,2021-03-02 14:25:00,EMKR
7.55,7.57,7.39,7.3961,24543,2021-03-02 14:30:00,EMKR
7.38,7.45,7.33,7.35,2929,2021-03-02 14:35:00,EMKR
7.33,7.34,7.23,7.315,19327,2021-03-02 14:40:00,EMKR
7.34,7.54,7.34,7.54,17357,2021-03-02 14:45:00,EMKR
7.5,7.5,7.35,7.423,9324,2021-03-02 14:50:00,EMKR
7.45,7.45,7.38,7.415,8082,2021-03-02 14:55:00,EMKR
7.39,7.43,7.28,7.31,12342,2021-03-02 15:00:00,EMKR
7.3444,7.35,7.32,7.3303,2780,2021-03-02 15:05:00,EMKR
7.36,7.36,7.28,7.2838,5851,2021-03-02 15:10:00,EMKR
7.28,7.31,7.28,7.295,1345,2021-03-02 15:15:00,EMKR
7.2801,7.4,7.28,7.4,40079,2021-03-02 15:20:00,EMKR
7.3947,7.4,7.38,7.4,3200,2021-03-02 15:25:00,EMKR
7.395,7.46,7.365,7.46,7794,2021-03-02 15:30:00,EMKR
7.46,7.52,7.46,7.46,16175,2021-03-02 15:35:00,EMKR
7.44,7.47,7.37,7.43,5242,2021-03-02 15:40:00,EMKR
7.42,7.53,7.42,7.52,5446,2021-03-02 15:45:00,EMKR
7.53,7.56,7.48,7.48,5180,2021-03-02 15:50:00,EMKR
7.5,7.51,7.46,7.5,11331,2021-03-02 15:55:00,EMKR
7.44,7.4729,7.4,7.44,9058,2021-03-02 16:00:00,EMKR
7.45,7.45,7.435,7.445,2348,2021-03-02 16:05:00,EMKR
7.43,7.49,7.3705,7.49,8163,2021-03-02 16:10:00,EMKR
7.47,7.489,7.442,7.47,3978,2021-03-02 16:15:00,EMKR
7.48,7.48,7.4,7.4,2658,2021-03-02 16:20:00,EMKR
7.405,7.43,7.37,7.43,5041,2021-03-02 16:25:00,EMKR
7.4,7.49,7.37,7.37,29859,2021-03-02 16:30:00,EMKR
7.392,7.4,7.39,7.39,1300,2021-03-02 16:35:00,EMKR
7.4037,7.4037,7.31,7.36,4344,2021-03-02 16:40:00,EMKR
7.35,7.39,7.33,7.37,4354,2021-03-02 16:45:00,EMKR
7.376,7.41,7.37,7.405,2311,2021-03-02 16:50:00,EMKR
7.4,7.4,7.39,7.3978,3455,2021-03-02 16:55:00,EMKR
7.38,7.3815,7.365,7.37,2400,2021-03-02 17:00:00,EMKR
7.38,7.41,7.38,7.4,865,2021-03-02 17:05:00,EMKR
7.385,7.385,7.3301,7.3301,3546,2021-03-02 17:10:00,EMKR
7.35,7.4101,7.35,7.36,5295,2021-03-02 17:15:00,EMKR
7.35,7.35,7.31,7.31,3971,2021-03-02 17:20:00,EMKR
7.33,7.33,7.29,7.305,10300,2021-03-02 17:25:00,EMKR
7.3,7.32,7.28,7.28,5204,2021-03-02 17:30:00,EMKR
7.29,7.35,7.27,7.31,8267,2021-03-02 17:35:00,EMKR
7.31,7.34,7.31,7.34,10200,2021-03-02 17:40:00,EMKR
7.33,7.33,7.26,7.26,14377,2021-03-02 17:50:00,EMKR
7.26,7.28,7.26,7.26,17402,2021-03-02 17:55:00,EMKR
7.26,7.27,7.26,7.26,6380,2021-03-02 18:00:00,EMKR
7.26,7.27,7.26,7.265,8106,2021-03-02 18:05:00,EMKR
7.26,7.27,7.26,7.26,1882,2021-03-02 18:10:00,EMKR
7.265,7.28,7.24,7.26,31817,2021-03-02 18:15:00,EMKR
7.25,7.2655,7.24,7.26,5500,2021-03-02 18:20:00,EMKR
7.265,7.28,7.2,7.2022,7555,2021-03-02 18:25:00,EMKR
7.22,7.23,7.2,7.215,2897,2021-03-02 18:30:00,EMKR
7.21,7.24,7.21,7.24,900,2021-03-02 18:35:00,EMKR
7.23,7.2399,7.2,7.2399,2713,2021-03-02 18:40:00,EMKR
7.2201,7.2201,7.2201,7.2201,700,2021-03-02 18:45:00,EMKR
7.24,7.2486,7.22,7.22,3959,2021-03-02 18:50:00,EMKR
7.23,7.232,7.23,7.232,746,2021-03-02 18:55:00,EMKR
7.24,7.28,7.24,7.25,4164,2021-03-02 19:00:00,EMKR
7.23,7.24,7.15,7.17,7704,2021-03-02 19:05:00,EMKR
7.1601,7.175,7.16,7.17,4071,2021-03-02 19:10:00,EMKR
7.162,7.18,7.16,7.1616,10524,2021-03-02 19:15:00,EMKR
7.1715,7.22,7.1715,7.22,3100,2021-03-02 19:20:00,EMKR
7.22,7.22,7.21,7.21,2098,2021-03-02 19:25:00,EMKR
7.1801,7.19,7.17,7.18,1990,2021-03-02 19:30:00,EMKR
7.2,7.2062,7.195,7.2062,1879,2021-03-02 19:35:00,EMKR
7.18,7.18,7.18,7.18,100,2021-03-02 19:40:00,EMKR
7.21,7.24,7.21,7.2278,2900,2021-03-02 19:45:00,EMKR
7.24,7.28,7.24,7.28,3285,2021-03-02 19:50:00,EMKR
7.2666,7.28,7.21,7.21,1614,2021-03-02 19:55:00,EMKR
7.24,7.24,7.24,7.24,200,2021-03-02 20:00:00,EMKR
7.21,7.21,7.1759,7.19,1481,2021-03-02 20:05:00,EMKR
7.2,7.2,7.19,7.2,1700,2021-03-02 20:10:00,EMKR
7.1997,7.1997,7.1,7.12,7209,2021-03-02 20:15:00,EMKR
7.1001,7.12,7.07,7.11,2350,2021-03-02 20:20:00,EMKR
7.11,7.14,7.11,7.14,2000,2021-03-02 20:25:00,EMKR
7.13,7.14,7.105,7.11,2953,2021-03-02 20:30:00,EMKR
7.11,7.18,7.0,7.11,41957,2021-03-02 20:35:00,EMKR
7.11,7.11,7.07,7.08,2400,2021-03-02 20:40:00,EMKR
7.11,7.1149,7.06,7.08,2935,2021-03-02 20:45:00,EMKR
7.08,7.11,7.0629,7.08,6216,2021-03-02 20:50:00,EMKR
7.09,7.11,7.04,7.1,22829,2021-03-02 20:55:00,EMKR
7.09,7.09,7.09,7.09,12131,2021-03-02 21:00:00,EMKR
7.0895,7.09,7.0895,7.09,700,2021-03-02 22:45:00,EMKR
7.18,7.18,7.18,7.18,829,2021-03-03 00:45:00,EMKR
7.25,7.25,7.25,7.25,250,2021-03-03 12:55:00,EMKR
7.25,7.25,7.25,7.25,150,2021-03-03 13:00:00,EMKR
7.1,7.1,7.1,7.1,500,2021-03-03 14:00:00,EMKR
7.34,7.34,7.34,7.34,1500,2021-03-03 14:20:00,EMKR
7.11,7.32,7.11,7.15,14266,2021-03-03 14:30:00,EMKR
7.13,7.22,7.07,7.07,16836,2021-03-03 14:35:00,EMKR
7.07,7.15,7.07,7.11,15372,2021-03-03 14:40:00,EMKR
7.1199,7.15,7.04,7.1369,24891,2021-03-03 14:45:00,EMKR
7.11,7.28,7.11,7.27,26763,2021-03-03 14:50:00,EMKR
7.27,7.27,7.18,7.2,18963,2021-03-03 14:55:00,EMKR
7.2,7.2001,7.16,7.16,2397,2021-03-03 15:00:00,EMKR
7.16,7.16,7.03,7.1184,11680,2021-03-03 15:05:00,EMKR
7.12,7.13,7.03,7.03,13674,2021-03-03 15:10:00,EMKR
7.03,7.04,7.03,7.04,6237,2021-03-03 15:15:00,EMKR
7.06,7.06,7.05,7.0599,800,2021-03-03 15:20:00,EMKR
7.06,7.11,7.06,7.1,6168,2021-03-03 15:25:00,EMKR
7.08,7.12,7.01,7.11,21700,2021-03-03 15:30:00,EMKR
7.09,7.09,7.035,7.035,7845,2021-03-03 15:35:00,EMKR
7.05,7.05,7.04,7.04,1436,2021-03-03 15:40:00,EMKR
7.03,7.04,7.01,7.02,16094,2021-03-03 15:45:00,EMKR
7.02,7.03,7.0,7.0205,3479,2021-03-03 15:50:00,EMKR
7.03,7.04,7.01,7.03,17800,2021-03-03 15:55:00,EMKR
7.03,7.0489,7.02,7.02,3000,2021-03-03 16:00:00,EMKR
7.03,7.05,7.02,7.03,8805,2021-03-03 16:05:00,EMKR
7.03,7.05,7.03,7.04,835,2021-03-03 16:10:00,EMKR
7.03,7.08,7.02,7.08,1649,2021-03-03 16:15:00,EMKR
7.0987,7.16,7.0987,7.1599,3852,2021-03-03 16:25:00,EMKR
7.15,7.15,7.14,7.14,963,2021-03-03 16:30:00,EMKR
7.11,7.13,7.085,7.11,9801,2021-03-03 16:35:00,EMKR
7.1,7.1,7.07,7.07,1100,2021-03-03 16:40:00,EMKR
7.08,7.08,7.03,7.045,1628,2021-03-03 16:45:00,EMKR
7.03,7.07,7.03,7.07,1652,2021-03-03 16:50:00,EMKR
7.07,7.07,7.02,7.03,2835,2021-03-03 16:55:00,EMKR
7.02,7.02,7.01,7.0118,1700,2021-03-03 17:00:00,EMKR
7.0189,7.0189,7.0189,7.0189,100,2021-03-03 17:05:00,EMKR
7.01,7.05,6.95,7.05,11162,2021-03-03 17:10:00,EMKR
7.02,7.02,6.9852,6.9852,2450,2021-03-03 17:15:00,EMKR
6.99,6.99,6.9126,6.94,12954,2021-03-03 17:20:00,EMKR
6.932,6.935,6.82,6.8501,46400,2021-03-03 17:25:00,EMKR
6.88,6.88,6.88,6.88,200,2021-03-03 17:30:00,EMKR
6.865,6.865,6.84,6.8474,8000,2021-03-03 17:35:00,EMKR
6.86,6.9099,6.8431,6.9099,2886,2021-03-03 17:40:00,EMKR
6.9,6.9,6.89,6.9,316,2021-03-03 17:45:00,EMKR
6.91,6.91,6.8855,6.8855,1001,2021-03-03 17:50:00,EMKR
6.86,6.88,6.8403,6.87,5550,2021-03-03 17:55:00,EMKR
6.86,6.88,6.86,6.88,1100,2021-03-03 18:00:00,EMKR
6.89,6.89,6.85,6.86,1900,2021-03-03 18:05:00,EMKR
6.87,6.92,6.85,6.8522,4098,2021-03-03 18:10:00,EMKR
6.8527,6.8749,6.83,6.8749,6950,2021-03-03 18:15:00,EMKR
6.88,6.92,6.88,6.92,1004,2021-03-03 18:20:00,EMKR
6.89,6.89,6.885,6.885,301,2021-03-03 18:25:00,EMKR
6.87,6.88,6.8501,6.88,2533,2021-03-03 18:30:00,EMKR
6.8701,6.89,6.8701,6.89,6615,2021-03-03 18:35:00,EMKR
6.87,6.87,6.87,6.87,1235,2021-03-03 18:40:00,EMKR
6.87,6.87,6.84,6.84,1880,2021-03-03 18:45:00,EMKR
6.84,6.84,6.815,6.817,5474,2021-03-03 18:50:00,EMKR
6.825,6.825,6.825,6.825,300,2021-03-03 18:55:00,EMKR
6.84,6.884,6.81,6.81,19462,2021-03-03 19:00:00,EMKR
6.8,6.8,6.73,6.78,28079,2021-03-03 19:05:00,EMKR
6.8262,6.8262,6.8,6.8104,2750,2021-03-03 19:10:00,EMKR
6.84,6.8491,6.79,6.79,1760,2021-03-03 19:15:00,EMKR
6.79,6.84,6.79,6.84,300,2021-03-03 19:20:00,EMKR
6.79,6.81,6.79,6.795,1460,2021-03-03 19:25:00,EMKR
6.78,6.78,6.7447,6.7447,800,2021-03-03 19:30:00,EMKR
6.76,6.86,6.76,6.86,2344,2021-03-03 19:35:00,EMKR
6.8599,6.88,6.83,6.8539,3147,2021-03-03 19:40:00,EMKR
6.85,6.85,6.8,6.8,2981,2021-03-03 19:45:00,EMKR
6.83,6.94,6.83,6.92,4767,2021-03-03 19:50:00,EMKR
6.9,6.93,6.86,6.9,4432,2021-03-03 19:55:00,EMKR
6.89,6.91,6.88,6.91,1390,2021-03-03 20:00:00,EMKR
6.9,6.91,6.9,6.91,3800,2021-03-03 20:10:00,EMKR
6.9,6.9,6.88,6.88,5985,2021-03-03 20:15:00,EMKR
6.8902,6.9,6.885,6.9,1180,2021-03-03 20:20:00,EMKR
6.8978,6.91,6.88,6.88,3125,2021-03-03 20:25:00,EMKR
6.8797,6.89,6.87,6.87,1400,2021-03-03 20:30:00,EMKR
6.87,6.9,6.87,6.88,1878,2021-03-03 20:35:00,EMKR
6.9,6.93,6.9,6.92,2668,2021-03-03 20:40:00,EMKR
6.9108,6.97,6.9108,6.92,5400,2021-03-03 20:45:00,EMKR
6.93,6.94,6.78,6.78,44540,2021-03-03 20:50:00,EMKR
6.79,6.85,6.78,6.8,32599,2021-03-03 20:55:00,EMKR
6.82,6.82,6.82,6.82,10031,2021-03-03 21:00:00,EMKR
6.8,6.8,6.8,6.8,740,2021-03-03 22:15:00,EMKR
6.75,6.75,6.75,6.75,500,2021-03-04 12:20:00,EMKR
6.85,6.85,6.85,6.85,800,2021-03-04 12:30:00,EMKR
6.85,6.85,6.85,6.85,100,2021-03-04 12:45:00,EMKR
6.91,7.03,6.91,7.005,27770,2021-03-04 14:30:00,EMKR
6.9968,7.09,6.9401,7.008,14956,2021-03-04 14:35:00,EMKR
7.03,7.07,7.01,7.01,8309,2021-03-04 14:40:00,EMKR
6.96,6.96,6.7409,6.75,20535,2021-03-04 14:45:00,EMKR
6.75,6.8699,6.75,6.84,6976,2021-03-04 14:50:00,EMKR
6.7704,6.8379,6.6,6.642,38076,2021-03-04 14:55:00,EMKR
6.64,6.64,6.5,6.52,22303,2021-03-04 15:00:00,EMKR
6.56,6.57,6.45,6.492,14953,2021-03-04 15:05:00,EMKR
6.51,6.55,6.4,6.52,34300,2021-03-04 15:10:00,EMKR
6.52,6.5699,6.45,6.45,11615,2021-03-04 15:15:00,EMKR
6.4556,6.54,6.4556,6.54,28337,2021-03-04 15:20:00,EMKR
6.51,6.52,6.46,6.5,12971,2021-03-04 15:25:00,EMKR
6.5,6.57,6.495,6.5401,12887,2021-03-04 15:30:00,EMKR
6.56,6.62,6.56,6.595,7857,2021-03-04 15:35:00,EMKR
6.59,6.675,6.59,6.675,7897,2021-03-04 15:40:00,EMKR
6.6899,6.74,6.63,6.675,19897,2021-03-04 15:45:00,EMKR
6.68,6.7531,6.54,6.54,10485,2021-03-04 15:50:00,EMKR
6.5557,6.64,6.5557,6.62,2630,2021-03-04 15:55:00,EMKR
6.65,6.67,6.61,6.64,3500,2021-03-04 16:00:00,EMKR
6.64,6.71,6.64,6.665,7625,2021-03-04 16:05:00,EMKR
6.64,6.66,6.56,6.56,5625,2021-03-04 16:10:00,EMKR
6.53,6.6,6.53,6.6,2177,2021-03-04 16:15:00,EMKR
6.61,6.62,6.5401,6.5401,4945,2021-03-04 16:20:00,EMKR
6.5567,6.57,6.53,6.53,5400,2021-03-04 16:25:00,EMKR
6.55,6.58,6.55,6.58,1400,2021-03-04 16:30:00,EMKR
6.58,6.58,6.555,6.58,800,2021-03-04 16:35:00,EMKR
6.58,6.63,6.58,6.59,1948,2021-03-04 16:40:00,EMKR
6.63,6.715,6.63,6.715,8698,2021-03-04 16:45:00,EMKR
6.73,6.73,6.7,6.7,10300,2021-03-04 16:50:00,EMKR
6.7,6.72,6.65,6.68,8667,2021-03-04 16:55:00,EMKR
6.68,6.73,6.68,6.71,5416,2021-03-04 17:00:00,EMKR
6.74,6.74,6.6506,6.6506,3744,2021-03-04 17:05:00,EMKR
6.6755,6.68,6.6,6.61,9214,2021-03-04 17:10:00,EMKR
6.62,6.64,6.6,6.635,5073,2021-03-04 17:15:00,EMKR
6.6114,6.6114,6.55,6.61,9270,2021-03-04 17:20:00,EMKR
6.6,6.62,6.58,6.58,9925,2021-03-04 17:25:00,EMKR
6.61,6.61,6.54,6.54,18955,2021-03-04 17:30:00,EMKR
6.53,6.5993,6.5,6.5993,17312,2021-03-04 17:35:00,EMKR
6.6,6.61,6.5727,6.585,10027,2021-03-04 17:40:00,EMKR
6.5799,6.5799,6.49,6.5,4789,2021-03-04 17:45:00,EMKR
6.49,6.51,6.49,6.5,2685,2021-03-04 17:50:00,EMKR
6.5,6.53,6.47,6.5,8065,2021-03-04 17:55:00,EMKR
6.46,6.5536,6.46,6.54,12232,2021-03-04 18:00:00,EMKR
6.5498,6.5498,6.48,6.49,2601,2021-03-04 18:05:00,EMKR
6.5,6.5,6.43,6.43,10669,2021-03-04 18:10:00,EMKR
6.44,6.44,6.42,6.44,13154,2021-03-04 18:15:00,EMKR
6.42,6.44,6.32,6.38,23335,2021-03-04 18:20:00,EMKR
6.39,6.42,6.37,6.41,8389,2021-03-04 18:25:00,EMKR
6.385,6.385,6.32,6.3571,11998,2021-03-04 18:30:00,EMKR
6.39,6.4,6.36,6.4,2103,2021-03-04 18:35:00,EMKR
6.34,6.39,6.3301,6.3699,2300,2021-03-04 18:40:00,EMKR
6.37,6.39,6.31,6.32,3750,2021-03-04 18:45:00,EMKR
6.29,6.3,6.17,6.21,40268,2021-03-04 18:50:00,EMKR
6.23,6.25,6.19,6.2001,15825,2021-03-04 18:55:00,EMKR
6.2201,6.2899,6.2201,6.24,2174,2021-03-04 19:00:00,EMKR
6.265,6.29,6.245,6.25,25894,2021-03-04 19:05:00,EMKR
6.25,6.28,6.22,6.25,11661,2021-03-04 19:10:00,EMKR
6.24,6.31,6.21,6.31,8513,2021-03-04 19:15:00,EMKR
6.305,6.4,6.305,6.4,6394,2021-03-04 19:20:00,EMKR
6.3783,6.3818,6.32,6.38,20578,2021-03-04 19:25:00,EMKR
6.39,6.39,6.3408,6.36,2584,2021-03-04 19:30:00,EMKR
6.33,6.33,6.2997,6.3278,2785,2021-03-04 19:35:00,EMKR
6.31,6.33,6.2952,6.32,9863,2021-03-04 19:40:00,EMKR
6.32,6.365,6.315,6.365,10155,2021-03-04 19:45:00,EMKR
6.385,6.43,6.325,6.345,11318,2021-03-04 19:50:00,EMKR
6.345,6.35,6.3138,6.33,4278,2021-03-04 19:55:00,EMKR
6.33,6.3498,6.28,6.28,6686,2021-03-04 20:00:00,EMKR
6.31,6.33,6.28,6.29,3957,2021-03-04 20:05:00,EMKR
6.2899,6.3224,6.25,6.3224,9994,2021-03-04 20:10:00,EMKR
6.325,6.3499,6.32,6.32,5533,2021-03-04 20:15:00,EMKR
6.3,6.3,6.26,6.27,9647,2021-03-04 20:20:00,EMKR
6.281,6.281,6.2301,6.25,34347,2021-03-04 20:25:00,EMKR
6.25,6.31,6.24,6.305,12080,2021-03-04 20:30:00,EMKR
6.305,6.32,6.285,6.29,8287,2021-03-04 20:35:00,EMKR
6.3,6.34,6.3,6.32,12496,2021-03-04 20:40:00,EMKR
6.32,6.32,6.275,6.275,5544,2021-03-04 20:45:00,EMKR
6.27,6.3,6.26,6.27,21300,2021-03-04 20:50:00,EMKR
6.28,6.31,6.24,6.25,22684,2021-03-04 20:55:00,EMKR
6.24,6.24,6.24,6.24,17089,2021-03-04 21:00:00,EMKR
6.24,6.24,6.24,6.24,800,2021-03-04 21:45:00,EMKR
6.1,6.1,6.1,6.1,495,2021-03-04 21:55:00,EMKR
6.02,6.02,6.02,6.02,100,2021-03-04 23:50:00,EMKR
6.02,6.02,6.02,6.02,100,2021-03-05 00:20:00,EMKR
6.01,6.01,6.01,6.01,500,2021-03-05 00:40:00,EMKR
6.01,6.01,6.01,6.01,500,2021-03-05 12:00:00,EMKR
6.0501,6.0501,6.05,6.05,218,2021-03-05 13:20:00,EMKR
6.2,6.2,6.15,6.15,499,2021-03-05 13:30:00,EMKR
6.24,6.24,6.24,6.24,250,2021-03-05 13:50:00,EMKR
6.33,6.33,6.33,6.33,500,2021-03-05 13:55:00,EMKR
6.4,6.41,6.4,6.41,900,2021-03-05 14:15:00,EMKR
6.43,6.43,6.41,6.41,700,2021-03-05 14:25:00,EMKR
6.35,6.45,6.2,6.29,24441,2021-03-05 14:30:00,EMKR
6.28,6.28,6.2,6.27,26503,2021-03-05 14:35:00,EMKR
6.26,6.36,6.1964,6.35,44147,2021-03-05 14:40:00,EMKR
6.35,6.37,6.24,6.32,24993,2021-03-05 14:45:00,EMKR
6.3,6.3,6.19,6.19,22920,2021-03-05 14:50:00,EMKR
6.21,6.26,6.1,6.12,31270,2021-03-05 14:55:00,EMKR
6.13,6.24,6.1101,6.22,16822,2021-03-05 15:00:00,EMKR
6.22,6.28,6.2,6.2,39786,2021-03-05 15:05:00,EMKR
6.1999,6.21,6.1,6.12,6396,2021-03-05 15:10:00,EMKR
6.12,6.15,6.0593,6.09,17504,2021-03-05 15:15:00,EMKR
6.08,6.08,5.9,5.9103,36945,2021-03-05 15:20:00,EMKR
5.94,6.09,5.94,5.96,44683,2021-03-05 15:25:00,EMKR
5.96,5.96,5.9,5.9,8524,2021-03-05 15:30:00,EMKR
5.91,5.98,5.91,5.95,14308,2021-03-05 15:35:00,EMKR
5.95,6.05,5.95,6.01,14276,2021-03-05 15:40:00,EMKR
6.03,6.03,5.96,5.98,5251,2021-03-05 15:45:00,EMKR
6.01,6.05,6.01,6.03,6913,2021-03-05 15:50:00,EMKR
6.04,6.06,5.98,5.99,7377,2021-03-05 15:55:00,EMKR
5.98,5.98,5.9,5.97,8072,2021-03-05 16:00:00,EMKR
5.97,6.0,5.94,5.96,14702,2021-03-05 16:05:00,EMKR
5.97,5.98,5.8438,5.8753,27273,2021-03-05 16:10:00,EMKR
5.86,5.9,5.77,5.84,33680,2021-03-05 16:15:00,EMKR
5.85,5.8566,5.78,5.8,11090,2021-03-05 16:20:00,EMKR
5.803,5.803,5.65,5.71,36648,2021-03-05 16:25:00,EMKR
5.72,5.8,5.72,5.7683,7177,2021-03-05 16:30:00,EMKR
5.7799,5.91,5.7799,5.91,28970,2021-03-05 16:35:00,EMKR
5.925,5.95,5.88,5.895,19325,2021-03-05 16:40:00,EMKR
5.9078,5.9361,5.88,5.8853,16040,2021-03-05 16:45:00,EMKR
5.89,5.9,5.84,5.84,13039,2021-03-05 16:50:00,EMKR
5.8252,5.95,5.8252,5.93,11257,2021-03-05 16:55:00,EMKR
5.93,5.935,5.88,5.8901,9460,2021-03-05 17:00:00,EMKR
5.89,5.9,5.79,5.8,8503,2021-03-05 17:05:00,EMKR
5.805,5.87,5.8,5.8,3743,2021-03-05 17:10:00,EMKR
5.79,5.9,5.79,5.9,9800,2021-03-05 17:15:00,EMKR
5.87,5.9,5.85,5.86,7800,2021-03-05 17:20:00,EMKR
5.88,5.93,5.85,5.8886,13499,2021-03-05 17:25:00,EMKR
5.87,5.91,5.86,5.8999,14852,2021-03-05 17:30:00,EMKR
5.88,5.9,5.84,5.9,6112,2021-03-05 17:35:00,EMKR
5.9,5.97,5.9,5.97,3800,2021-03-05 17:40:00,EMKR
5.96,5.9659,5.94,5.94,900,2021-03-05 17:45:00,EMKR
5.9389,5.96,5.9389,5.94,3771,2021-03-05 17:50:00,EMKR
5.94,6.02,5.93,6.0,24940,2021-03-05 17:55:00,EMKR
6.0,6.005,5.91,5.91,10689,2021-03-05 18:00:00,EMKR
5.9,5.95,5.9,5.94,4736,2021-03-05 18:05:00,EMKR
5.94,5.955,5.94,5.955,800,2021-03-05 18:10:00,EMKR
5.9681,6.05,5.9681,6.05,4333,2021-03-05 18:15:00,EMKR
6.06,6.06,6.02,6.04,2508,2021-03-05 18:20:00,EMKR
6.05,6.06,6.02,6.025,5850,2021-03-05 18:25:00,EMKR
6.03,6.07,6.0,6.0,7586,2021-03-05 18:30:00,EMKR
6.02,6.03,6.005,6.025,4000,2021-03-05 18:35:00,EMKR
6.025,6.04,6.005,6.01,11353,2021-03-05 18:40:00,EMKR
6.0,6.016,5.99,5.99,5912,2021-03-05 18:45:00,EMKR
5.99,6.01,5.94,5.94,2984,2021-03-05 18:50:00,EMKR
5.93,5.95,5.9,5.9,4600,2021-03-05 18:55:00,EMKR
5.915,5.94,5.87,5.87,11692,2021-03-05 19:00:00,EMKR
5.876,5.881,5.83,5.84,10265,2021-03-05 19:05:00,EMKR
5.85,5.866,5.85,5.866,1600,2021-03-05 19:10:00,EMKR
5.88,5.89,5.8701,5.88,3781,2021-03-05 19:15:00,EMKR
5.885,5.885,5.86,5.86,4412,2021-03-05 19:20:00,EMKR
5.86,5.92,5.86,5.9,4097,2021-03-05 19:25:00,EMKR
5.92,6.0,5.9155,6.0,10900,2021-03-05 19:30:00,EMKR
6.0,6.0,5.98,5.98,3020,2021-03-05 19:35:00,EMKR
5.98,5.98,5.89,5.9166,6926,2021-03-05 19:40:00,EMKR
5.92,5.96,5.91,5.96,6599,2021-03-05 19:45:00,EMKR
5.96,5.97,5.92,5.97,2754,2021-03-05 19:50:00,EMKR
5.99,5.99,5.97,5.97,3300,2021-03-05 19:55:00,EMKR
5.99,6.01,5.97,6.0095,4815,2021-03-05 20:00:00,EMKR
6.01,6.03,5.99,5.99,8307,2021-03-05 20:05:00,EMKR
5.995,5.995,5.95,5.98,2300,2021-03-05 20:10:00,EMKR
5.95,6.02,5.95,6.01,4331,2021-03-05 20:15:00,EMKR
6.02,6.04,6.01,6.01,4605,2021-03-05 20:20:00,EMKR
6.02,6.025,5.97,6.0,18516,2021-03-05 20:25:00,EMKR
6.01,6.06,5.99,6.045,8522,2021-03-05 20:30:00,EMKR
6.045,6.18,6.02,6.16,24211,2021-03-05 20:35:00,EMKR
6.16,6.23,6.13,6.23,32279,2021-03-05 20:40:00,EMKR
6.21,6.23,6.17,6.22,29210,2021-03-05 20:45:00,EMKR
6.23,6.3,6.23,6.28,50825,2021-03-05 20:50:00,EMKR
6.28,6.3,6.24,6.26,70683,2021-03-05 20:55:00,EMKR
6.26,6.31,6.25,6.31,22915,2021-03-05 21:00:00,EMKR
6.29,6.33,6.29,6.33,2200,2021-03-05 21:05:00,EMKR
6.33,6.33,6.33,6.33,348,2021-03-05 21:10:00,EMKR
6.38,6.38,6.38,6.38,800,2021-03-05 21:25:00,EMKR
6.39,6.4,6.39,6.4,2349,2021-03-05 21:35:00,EMKR
6.39,6.4,6.39,6.4,1000,2021-03-05 21:45:00,EMKR
6.4,6.4,6.4,6.4,300,2021-03-06 00:55:00,EMKR
6.18,6.18,6.18,6.18,190,2021-03-08 12:25:00,EMKR
6.46,6.46,6.46,6.46,200,2021-03-08 14:10:00,EMKR
6.48,6.48,6.46,6.46,900,2021-03-08 14:25:00,EMKR
6.33,6.4,6.16,6.24,16941,2021-03-08 14:30:00,EMKR
6.1648,6.4,6.08,6.4,15460,2021-03-08 14:35:00,EMKR
6.38,6.49,6.24,6.49,3182,2021-03-08 14:40:00,EMKR
6.5,6.5,6.35,6.39,10377,2021-03-08 14:45:00,EMKR
6.39,6.39,6.205,6.31,16569,2021-03-08 14:50:00,EMKR
6.2598,6.33,6.2598,6.33,4274,2021-03-08 14:55:00,EMKR
6.33,6.36,6.19,6.22,5300,2021-03-08 15:00:00,EMKR
6.21,6.35,6.21,6.35,2577,2021-03-08 15:05:00,EMKR
6.325,6.365,6.28,6.31,1222,2021-03-08 15:10:00,EMKR
6.31,6.346,6.26,6.3,5100,2021-03-08 15:15:00,EMKR
6.2745,6.3537,6.2,6.2,7273,2021-03-08 15:20:00,EMKR
6.21,6.28,6.21,6.28,2339,2021-03-08 15:25:00,EMKR
6.31,6.33,6.29,6.315,11343,2021-03-08 15:30:00,EMKR
6.33,6.37,6.32,6.335,1745,2021-03-08 15:35:00,EMKR
6.35,6.39,6.335,6.365,1479,2021-03-08 15:40:00,EMKR
6.38,6.4,6.32,6.32,14726,2021-03-08 15:45:00,EMKR
6.3199,6.32,6.265,6.3,2855,2021-03-08 15:50:00,EMKR
6.3,6.35,6.3,6.35,1074,2021-03-08 15:55:00,EMKR
6.38,6.3945,6.32,6.32,5372,2021-03-08 16:00:00,EMKR
6.33,6.35,6.3,6.34,976,2021-03-08 16:05:00,EMKR
6.325,6.33,6.2308,6.265,5941,2021-03-08 16:10:00,EMKR
6.265,6.29,6.25,6.29,1124,2021-03-08 16:15:00,EMKR
6.278,6.33,6.278,6.33,2327,2021-03-08 16:20:00,EMKR
6.36,6.36,6.29,6.31,5293,2021-03-08 16:25:00,EMKR
6.28,6.28,6.235,6.235,700,2021-03-08 16:30:00,EMKR
6.225,6.225,6.22,6.22,1000,2021-03-08 16:35:00,EMKR
6.225,6.225,6.15,6.18,8042,2021-03-08 16:40:00,EMKR
6.18,6.18,6.07,6.14,27935,2021-03-08 16:45:00,EMKR
6.15,6.15,6.12,6.12,993,2021-03-08 16:50:00,EMKR
6.14,6.2,6.14,6.185,1718,2021-03-08 16:55:00,EMKR
6.16,6.19,6.155,6.16,2499,2021-03-08 17:00:00,EMKR
6.16,6.17,6.13,6.135,3681,2021-03-08 17:05:00,EMKR
6.12,6.145,6.07,6.07,5360,2021-03-08 17:10:00,EMKR
6.09,6.13,6.06,6.11,1293,2021-03-08 17:15:00,EMKR
6.11,6.16,6.08,6.16,1934,2021-03-08 17:20:00,EMKR
6.16,6.1844,6.15,6.15,700,2021-03-08 17:25:00,EMKR
6.18,6.18,6.12,6.15,3722,2021-03-08 17:30:00,EMKR
6.13,6.16,6.11,6.11,1100,2021-03-08 17:35:00,EMKR
6.13,6.146,6.065,6.065,5591,2021-03-08 17:40:00,EMKR
6.08,6.13,6.08,6.13,1420,2021-03-08 17:45:00,EMKR
6.12,6.13,6.11,6.11,4500,2021-03-08 17:50:00,EMKR
6.09,6.11,6.085,6.085,700,2021-03-08 17:55:00,EMKR
6.09,6.115,6.09,6.115,1483,2021-03-08 18:00:00,EMKR
6.115,6.14,6.07,6.1145,5250,2021-03-08 18:05:00,EMKR
6.11,6.12,6.1,6.12,898,2021-03-08 18:10:00,EMKR
6.1115,6.16,6.1115,6.16,1246,2021-03-08 18:15:00,EMKR
6.135,6.135,6.08,6.08,4807,2021-03-08 18:20:00,EMKR
6.13,6.13,6.09,6.1,9672,2021-03-08 18:25:00,EMKR
6.1,6.1,6.0,6.0,17544,2021-03-08 18:30:00,EMKR
6.05,6.1,6.045,6.075,4914,2021-03-08 18:35:00,EMKR
6.07,6.07,6.02,6.02,9896,2021-03-08 18:40:00,EMKR
5.99,5.995,5.98,5.995,450,2021-03-08 18:45:00,EMKR
5.98,5.98,5.96,5.9652,3169,2021-03-08 18:50:00,EMKR
5.975,5.975,5.93,5.93,9404,2021-03-08 18:55:00,EMKR
5.94,5.99,5.94,5.97,1589,2021-03-08 19:00:00,EMKR
5.97,6.06,5.97,6.02,1700,2021-03-08 19:05:00,EMKR
6.0,6.03,6.0,6.03,1300,2021-03-08 19:10:00,EMKR
6.04,6.0661,5.99,6.0,2285,2021-03-08 19:15:00,EMKR
6.033,6.033,6.015,6.015,1065,2021-03-08 19:20:00,EMKR
5.99,6.06,5.97,6.04,1200,2021-03-08 19:25:00,EMKR
6.05,6.06,6.035,6.06,1718,2021-03-08 19:30:00,EMKR
6.03,6.06,6.03,6.06,300,2021-03-08 19:35:00,EMKR
6.06,6.06,6.0,6.015,7332,2021-03-08 19:40:00,EMKR
6.01,6.04,5.99,6.02,900,2021-03-08 19:45:00,EMKR
6.02,6.02,5.98,6.01,2225,2021-03-08 19:50:00,EMKR
6.01,6.09,6.01,6.02,14541,2021-03-08 19:55:00,EMKR
6.04,6.06,6.01,6.02,15097,2021-03-08 20:00:00,EMKR
6.03,6.08,6.03,6.06,10809,2021-03-08 20:05:00,EMKR
6.045,6.08,6.04,6.055,6348,2021-03-08 20:10:00,EMKR
6.04,6.1,6.04,6.08,11858,2021-03-08 20:15:00,EMKR
6.07,6.13,6.06,6.115,9316,2021-03-08 20:20:00,EMKR
6.1,6.125,6.0801,6.11,8710,2021-03-08 20:25:00,EMKR
6.115,6.13,6.07,6.13,7357,2021-03-08 20:30:00,EMKR
6.13,6.15,6.12,6.14,10743,2021-03-08 20:35:00,EMKR
6.15,6.16,6.13,6.15,6789,2021-03-08 20:40:00,EMKR
6.14,6.16,6.13,6.15,12873,2021-03-08 20:45:00,EMKR
6.16,6.165,6.13,6.15,17811,2021-03-08 20:50:00,EMKR
6.16,6.16,6.13,6.13,20617,2021-03-08 20:55:00,EMKR
6.16,6.16,6.12,6.12,18517,2021-03-08 21:00:00,EMKR
6.13,6.13,6.13,6.13,400,2021-03-08 22:55:00,EMKR
6.16,6.16,6.16,6.16,700,2021-03-09 11:15:00,EMKR
6.25,6.25,6.25,6.25,400,2021-03-09 12:00:00,EMKR
6.32,6.32,6.3,6.3,1200,2021-03-09 14:25:00,EMKR
6.28,6.48,6.2701,6.45,16995,2021-03-09 14:30:00,EMKR
6.46,6.46,6.39,6.41,21461,2021-03-09 14:35:00,EMKR
6.41,6.45,6.39,6.4,11150,2021-03-09 14:40:00,EMKR
6.3795,6.45,6.3795,6.43,6819,2021-03-09 14:45:00,EMKR
6.46,6.51,6.4405,6.5,19742,2021-03-09 14:50:00,EMKR
6.48,6.5291,6.44,6.5,4710,2021-03-09 14:55:00,EMKR
6.5,6.54,6.45,6.48,13205,2021-03-09 15:00:00,EMKR
6.475,6.5,6.47,6.47,3300,2021-03-09 15:05:00,EMKR
6.46,6.46,6.39,6.39,2800,2021-03-09 15:10:00,EMKR
6.4401,6.48,6.44,6.48,1328,2021-03-09 15:15:00,EMKR
6.47,6.5,6.45,6.49,1615,2021-03-09 15:20:00,EMKR
6.5,6.58,6.5,6.58,7072,2021-03-09 15:25:00,EMKR
6.55,6.55,6.43,6.45,7412,2021-03-09 15:30:00,EMKR
6.5,6.5,6.5,6.5,500,2021-03-09 15:35:00,EMKR
6.52,6.52,6.47,6.51,6700,2021-03-09 15:40:00,EMKR
6.5399,6.5399,6.48,6.49,8854,2021-03-09 15:45:00,EMKR
6.49,6.5,6.4578,6.49,2127,2021-03-09 15:50:00,EMKR
6.49,6.5247,6.485,6.49,5983,2021-03-09 15:55:00,EMKR
6.49,6.55,6.49,6.52,11290,2021-03-09 16:00:00,EMKR
6.52,6.55,6.52,6.55,14000,2021-03-09 16:05:00,EMKR
6.52,6.52,6.5,6.51,3480,2021-03-09 16:10:00,EMKR
6.5314,6.5314,6.5141,6.5141,6569,2021-03-09 16:15:00,EMKR
6.53,6.55,6.52,6.52,6255,2021-03-09 16:20:00,EMKR
6.5228,6.55,6.5,6.5,1000,2021-03-09 16:25:00,EMKR
6.5248,6.525,6.5,6.525,1900,2021-03-09 16:30:00,EMKR
6.5,6.53,6.5,6.53,300,2021-03-09 16:35:00,EMKR
6.5049,6.54,6.5,6.51,675,2021-03-09 16:40:00,EMKR
6.5219,6.54,6.5,6.53,2708,2021-03-09 16:45:00,EMKR
6.55,6.55,6.51,6.51,1000,2021-03-09 16:50:00,EMKR
6.55,6.55,6.53,6.54,11406,2021-03-09 16:55:00,EMKR
6.5241,6.5241,6.51,6.51,800,2021-03-09 17:00:00,EMKR
6.54,6.57,6.54,6.57,4997,2021-03-09 17:05:00,EMKR
6.5799,6.6,6.54,6.5961,6130,2021-03-09 17:10:00,EMKR
6.62,6.62,6.62,6.62,211,2021-03-09 17:15:00,EMKR
6.6,6.6,6.54,6.57,5920,2021-03-09 17:20:00,EMKR
6.5697,6.5891,6.55,6.5891,5800,2021-03-09 17:25:00,EMKR
6.55,6.595,6.54,6.57,9263,2021-03-09 17:30:00,EMKR
6.5705,6.62,6.57,6.62,1350,2021-03-09 17:35:00,EMKR
6.57,6.6199,6.57,6.57,3205,2021-03-09 17:40:00,EMKR
6.6,6.6,6.6,6.6,300,2021-03-09 17:45:00,EMKR
6.6,6.6,6.53,6.53,2636,2021-03-09 17:50:00,EMKR
6.53,6.56,6.53,6.56,200,2021-03-09 17:55:00,EMKR
6.54,6.56,6.53,6.53,1203,2021-03-09 18:00:00,EMKR
6.56,6.57,6.56,6.57,1300,2021-03-09 18:05:00,EMKR
6.55,6.55,6.53,6.53,200,2021-03-09 18:15:00,EMKR
6.53,6.53,6.53,6.53,100,2021-03-09 18:20:00,EMKR
6.54,6.54,6.52,6.54,4600,2021-03-09 18:25:00,EMKR
6.53,6.56,6.51,6.56,800,2021-03-09 18:30:00,EMKR
6.57,6.6,6.57,6.59,400,2021-03-09 18:35:00,EMKR
6.59,6.59,6.56,6.59,3048,2021-03-09 18:40:00,EMKR
6.561,6.59,6.56,6.59,5625,2021-03-09 18:45:00,EMKR
6.6,6.6,6.57,6.57,5200,2021-03-09 18:50:00,EMKR
6.56,6.56,6.56,6.56,100,2021-03-09 18:55:00,EMKR
6.59,6.6,6.57,6.57,1000,2021-03-09 19:00:00,EMKR
6.5931,6.5931,6.56,6.59,3350,2021-03-09 19:05:00,EMKR
6.56,6.59,6.56,6.59,200,2021-03-09 19:10:00,EMKR
6.56,6.56,6.52,6.55,3200,2021-03-09 19:15:00,EMKR
6.55,6.55,6.55,6.55,600,2021-03-09 19:20:00,EMKR
6.56,6.56,6.52,6.55,9713,2021-03-09 19:25:00,EMKR
6.55,6.55,6.53,6.545,3600,2021-03-09 19:30:00,EMKR
6.56,6.56,6.53,6.53,200,2021-03-09 19:35:00,EMKR
6.56,6.59,6.56,6.59,300,2021-03-09 19:40:00,EMKR
6.58,6.62,6.571,6.571,5383,2021-03-09 19:45:00,EMKR
6.62,6.62,6.61,6.61,400,2021-03-09 19:50:00,EMKR
6.63,6.63,6.59,6.59,700,2021-03-09 19:55:00,EMKR
6.59,6.62,6.59,6.62,600,2021-03-09 20:00:00,EMKR
6.595,6.62,6.595,6.62,1751,2021-03-09 20:05:00,EMKR
6.64,6.68,6.62,6.62,10217,2021-03-09 20:10:00,EMKR
6.62,6.64,6.59,6.63,3293,2021-03-09 20:15:00,EMKR
6.63,6.63,6.59,6.59,1100,2021-03-09 20:20:00,EMKR
6.6173,6.62,6.59,6.59,900,2021-03-09 20:25:00,EMKR
6.6,6.61,6.56,6.56,943,2021-03-09 20:35:00,EMKR
6.5899,6.59,6.55,6.55,7949,2021-03-09 20:40:00,EMKR
6.55,6.56,6.55,6.55,1917,2021-03-09 20:45:00,EMKR
6.55,6.57,6.55,6.55,2883,2021-03-09 20:50:00,EMKR
6.58,6.58,6.55,6.55,9075,2021-03-09 20:55:00,EMKR
6.55,6.55,6.55,6.55,11886,2021-03-09 21:00:00,EMKR
6.55,6.55,6.55,6.55,400,2021-03-09 21:35:00,EMKR
6.55,6.55,6.55,6.55,400,2021-03-09 21:40:00,EMKR
6.6,6.6,6.6,6.6,175,2021-03-10 12:45:00,EMKR
6.67,6.67,6.67,6.67,1000,2021-03-10 14:25:00,EMKR
6.73,6.87,6.73,6.87,41224,2021-03-10 14:30:00,EMKR
6.8699,6.8699,6.79,6.82,16653,2021-03-10 14:35:00,EMKR
6.81,6.92,6.788,6.915,12659,2021-03-10 14:40:00,EMKR
6.9,6.9881,6.9,6.95,18676,2021-03-10 14:45:00,EMKR
6.95,6.95,6.91,6.93,6959,2021-03-10 14:50:00,EMKR
6.915,6.95,6.89,6.89,1869,2021-03-10 14:55:00,EMKR
6.84,6.84,6.75,6.78,19437,2021-03-10 15:00:00,EMKR
6.77,6.7988,6.76,6.7988,6200,2021-03-10 15:05:00,EMKR
6.7953,6.83,6.7917,6.7917,3921,2021-03-10 15:10:00,EMKR
6.79,6.79,6.7651,6.77,2700,2021-03-10 15:15:00,EMKR
6.75,6.75,6.65,6.67,9519,2021-03-10 15:20:00,EMKR
6.68,6.68,6.6,6.62,7287,2021-03-10 15:25:00,EMKR
6.59,6.63,6.58,6.63,3256,2021-03-10 15:30:00,EMKR
6.7,6.7,6.64,6.64,3180,2021-03-10 15:35:00,EMKR
6.65,6.69,6.64,6.67,4763,2021-03-10 15:40:00,EMKR
6.7,6.747,6.7,6.741,3431,2021-03-10 15:45:00,EMKR
6.72,6.72,6.59,6.61,11809,2021-03-10 15:50:00,EMKR
6.61,6.67,6.61,6.67,969,2021-03-10 15:55:00,EMKR
6.69,6.69,6.67,6.67,686,2021-03-10 16:00:00,EMKR
6.705,6.75,6.7,6.75,21928,2021-03-10 16:05:00,EMKR
6.75,6.77,6.73,6.73,5441,2021-03-10 16:10:00,EMKR
6.77,6.77,6.73,6.73,200,2021-03-10 16:15:00,EMKR
6.71,6.71,6.67,6.67,600,2021-03-10 16:20:00,EMKR
6.68,6.73,6.68,6.7,11837,2021-03-10 16:25:00,EMKR
6.69,6.7144,6.67,6.67,5158,2021-03-10 16:30:00,EMKR
6.67,6.69,6.67,6.69,4019,2021-03-10 16:35:00,EMKR
6.67,6.69,6.56,6.56,14245,2021-03-10 16:40:00,EMKR
6.57,6.72,6.54,6.7049,28151,2021-03-10 16:45:00,EMKR
6.68,6.71,6.67,6.71,1100,2021-03-10 16:50:00,EMKR
6.67,6.75,6.66,6.67,42120,2021-03-10 16:55:00,EMKR
6.67,6.71,6.67,6.71,6458,2021-03-10 17:00:00,EMKR
6.7,6.7,6.665,6.67,800,2021-03-10 17:05:00,EMKR
6.67,6.69,6.64,6.69,8230,2021-03-10 17:10:00,EMKR
6.69,6.71,6.68,6.71,2730,2021-03-10 17:15:00,EMKR
6.695,6.695,6.65,6.68,3900,2021-03-10 17:20:00,EMKR
6.69,6.7162,6.69,6.7162,2495,2021-03-10 17:25:00,EMKR
6.72,6.72,6.69,6.69,1600,2021-03-10 17:30:00,EMKR
6.66,6.67,6.61,6.64,6204,2021-03-10 17:35:00,EMKR
6.63,6.65,6.62,6.62,1215,2021-03-10 17:40:00,EMKR
6.65,6.7,6.65,6.7,1723,2021-03-10 17:45:00,EMKR
6.729,6.73,6.729,6.73,1100,2021-03-10 17:50:00,EMKR
6.73,6.79,6.73,6.76,16346,2021-03-10 17:55:00,EMKR
6.76,6.76,6.7004,6.7004,4237,2021-03-10 18:00:00,EMKR
6.71,6.74,6.71,6.74,1000,2021-03-10 18:05:00,EMKR
6.73,6.74,6.72,6.72,5450,2021-03-10 18:10:00,EMKR
6.695,6.695,6.695,6.695,200,2021-03-10 18:15:00,EMKR
6.71,6.71,6.71,6.71,100,2021-03-10 18:20:00,EMKR
6.7,6.72,6.7,6.715,1500,2021-03-10 18:25:00,EMKR
6.71,6.75,6.68,6.68,8709,2021-03-10 18:30:00,EMKR
6.7,6.7,6.66,6.66,1800,2021-03-10 18:35:00,EMKR
6.69,6.69,6.69,6.69,300,2021-03-10 18:40:00,EMKR
6.69,6.71,6.67,6.67,4400,2021-03-10 18:45:00,EMKR
6.7035,6.71,6.68,6.69,5488,2021-03-10 18:50:00,EMKR
6.7,6.7,6.7,6.7,925,2021-03-10 18:55:00,EMKR
6.7,6.7,6.695,6.695,900,2021-03-10 19:00:00,EMKR
6.71,6.74,6.71,6.73,1718,2021-03-10 19:05:00,EMKR
6.74,6.75,6.74,6.75,1400,2021-03-10 19:10:00,EMKR
6.7465,6.75,6.73,6.75,6700,2021-03-10 19:15:00,EMKR
6.735,6.7365,6.73,6.735,5400,2021-03-10 19:20:00,EMKR
6.735,6.735,6.71,6.71,1729,2021-03-10 19:25:00,EMKR
6.7,6.7,6.7,6.7,300,2021-03-10 19:30:00,EMKR
6.7,6.715,6.7,6.705,888,2021-03-10 19:35:00,EMKR
6.7178,6.72,6.7096,6.72,1500,2021-03-10 19:40:00,EMKR
6.71,6.75,6.71,6.75,6864,2021-03-10 19:45:00,EMKR
6.74,6.75,6.73,6.7448,1623,2021-03-10 19:50:00,EMKR
6.75,6.75,6.735,6.7489,650,2021-03-10 19:55:00,EMKR
6.73,6.7301,6.73,6.7301,400,2021-03-10 20:00:00,EMKR
6.73,6.73,6.72,6.72,500,2021-03-10 20:05:00,EMKR
6.7189,6.72,6.71,6.71,400,2021-03-10 20:10:00,EMKR
6.71,6.7198,6.71,6.71,1400,2021-03-10 20:15:00,EMKR
6.72,6.74,6.71,6.73,1750,2021-03-10 20:20:00,EMKR
6.73,6.73,6.73,6.73,200,2021-03-10 20:25:00,EMKR
6.74,6.74,6.69,6.705,2500,2021-03-10 20:30:00,EMKR
6.695,6.73,6.695,6.73,4628,2021-03-10 20:35:00,EMKR
6.72,6.73,6.705,6.73,2109,2021-03-10 20:40:00,EMKR
6.71,6.72,6.67,6.72,6279,2021-03-10 20:45:00,EMKR
6.72,6.73,6.7,6.72,2666,2021-03-10 20:50:00,EMKR
6.7026,6.71,6.69,6.695,6079,2021-03-10 20:55:00,EMKR
6.68,6.68,6.68,6.68,7306,2021-03-10 21:00:00,EMKR
6.56,6.56,6.56,6.56,100,2021-03-10 21:35:00,EMKR
6.56,6.56,6.56,6.56,600,2021-03-10 22:25:00,EMKR
6.95,6.95,6.95,6.95,1000,2021-03-10 23:25:00,EMKR
6.75,6.75,6.75,6.75,203,2021-03-11 00:10:00,EMKR
6.87,6.87,6.87,6.87,290,2021-03-11 12:15:00,EMKR
6.8699,6.8699,6.8699,6.8699,1700,2021-03-11 14:05:00,EMKR
6.87,6.87,6.86,6.87,6660,2021-03-11 14:25:00,EMKR
6.86,6.9,6.8501,6.9,11305,2021-03-11 14:30:00,EMKR
6.9199,6.92,6.83,6.83,5823,2021-03-11 14:35:00,EMKR
6.81,6.8156,6.81,6.8156,383,2021-03-11 14:40:00,EMKR
6.78,6.84,6.73,6.84,17610,2021-03-11 14:45:00,EMKR
6.8529,6.855,6.84,6.84,1320,2021-03-11 14:50:00,EMKR
6.84,6.84,6.775,6.775,3731,2021-03-11 14:55:00,EMKR
6.78,6.8318,6.76,6.805,2282,2021-03-11 15:00:00,EMKR
6.79,6.81,6.72,6.72,10704,2021-03-11 15:05:00,EMKR
6.73,6.745,6.72,6.72,6581,2021-03-11 15:10:00,EMKR
6.735,6.74,6.61,6.66,20064,2021-03-11 15:15:00,EMKR
6.67,6.71,6.67,6.69,3500,2021-03-11 15:20:00,EMKR
6.69,6.72,6.6601,6.72,2200,2021-03-11 15:25:00,EMKR
6.74,6.8,6.7185,6.79,5875,2021-03-11 15:30:00,EMKR
6.8238,6.84,6.8,6.8,7145,2021-03-11 15:35:00,EMKR
6.85,6.85,6.8299,6.83,645,2021-03-11 15:40:00,EMKR
6.8349,6.8349,6.8,6.8,1238,2021-03-11 15:45:00,EMKR
6.82,6.83,6.805,6.83,700,2021-03-11 15:50:00,EMKR
6.84,6.84,6.83,6.83,1080,2021-03-11 15:55:00,EMKR
6.81,6.84,6.81,6.825,8500,2021-03-11 16:00:00,EMKR
6.81,6.81,6.77,6.77,1486,2021-03-11 16:10:00,EMKR
6.765,6.78,6.765,6.78,500,2021-03-11 16:15:00,EMKR
6.79,6.8,6.78,6.79,2487,2021-03-11 16:20:00,EMKR
6.7999,6.8,6.7999,6.8,300,2021-03-11 16:25:00,EMKR
6.7954,6.7954,6.7954,6.7954,200,2021-03-11 16:30:00,EMKR
6.785,6.785,6.7602,6.7602,694,2021-03-11 16:35:00,EMKR
6.7622,6.78,6.7622,6.78,621,2021-03-11 16:40:00,EMKR
6.7858,6.7858,6.764,6.779,1747,2021-03-11 16:45:00,EMKR
6.775,6.775,6.775,6.775,300,2021-03-11 16:50:00,EMKR
6.765,6.765,6.74,6.751,6048,2021-03-11 16:55:00,EMKR
6.73,6.73,6.73,6.73,3284,2021-03-11 17:00:00,EMKR
6.73,6.745,6.73,6.745,300,2021-03-11 17:05:00,EMKR
6.7657,6.7657,6.7586,6.7586,250,2021-03-11 17:20:00,EMKR
6.76,6.76,6.76,6.76,200,2021-03-11 17:25:00,EMKR
6.78,6.78,6.72,6.72,1200,2021-03-11 17:30:00,EMKR
6.73,6.73,6.71,6.73,1250,2021-03-11 17:40:00,EMKR
6.72,6.72,6.72,6.72,250,2021-03-11 17:45:00,EMKR
6.72,6.72,6.69,6.6999,5417,2021-03-11 17:50:00,EMKR
6.7,6.74,6.7,6.74,4400,2021-03-11 17:55:00,EMKR
6.709,6.73,6.709,6.73,600,2021-03-11 18:00:00,EMKR
6.74,6.755,6.74,6.755,1400,2021-03-11 18:05:00,EMKR
6.73,6.76,6.73,6.74,733,2021-03-11 18:10:00,EMKR
6.7244,6.73,6.71,6.73,4900,2021-03-11 18:20:00,EMKR
6.74,6.7479,6.74,6.7479,600,2021-03-11 18:25:00,EMKR
6.74,6.76,6.73,6.73,1916,2021-03-11 18:30:00,EMKR
6.74,6.74,6.73,6.73,500,2021-03-11 18:35:00,EMKR
6.74,6.74,6.725,6.725,500,2021-03-11 18:40:00,EMKR
6.74,6.8,6.74,6.8,5000,2021-03-11 18:45:00,EMKR
6.8,6.8,6.77,6.8,4600,2021-03-11 18:50:00,EMKR
6.7878,6.7887,6.73,6.74,3219,2021-03-11 18:55:00,EMKR
6.72,6.735,6.71,6.71,6033,2021-03-11 19:00:00,EMKR
6.72,6.72,6.69,6.714,2300,2021-03-11 19:05:00,EMKR
6.7,6.74,6.7,6.71,12812,2021-03-11 19:10:00,EMKR
6.72,6.74,6.7,6.71,9300,2021-03-11 19:15:00,EMKR
6.73,6.74,6.7,6.71,8217,2021-03-11 19:20:00,EMKR
6.74,6.74,6.71,6.72,6350,2021-03-11 19:25:00,EMKR
6.7,6.72,6.69,6.7,4573,2021-03-11 19:30:00,EMKR
6.71,6.75,6.7,6.75,2272,2021-03-11 19:35:00,EMKR
6.75,6.78,6.75,6.78,945,2021-03-11 19:40:00,EMKR
6.79,6.79,6.74,6.75,2740,2021-03-11 19:45:00,EMKR
6.74,6.75,6.74,6.75,450,2021-03-11 19:50:00,EMKR
6.73,6.73,6.67,6.69,7540,2021-03-11 19:55:00,EMKR
6.71,6.75,6.71,6.75,400,2021-03-11 20:00:00,EMKR
6.7499,6.7499,6.74,6.7489,650,2021-03-11 20:05:00,EMKR
6.7401,6.78,6.72,6.7799,7601,2021-03-11 20:10:00,EMKR
6.78,6.8,6.77,6.8,6378,2021-03-11 20:15:00,EMKR
6.79,6.92,6.7898,6.92,72700,2021-03-11 20:20:00,EMKR
6.92,6.92,6.89,6.9,28430,2021-03-11 20:25:00,EMKR
6.9,6.9,6.85,6.85,4920,2021-03-11 20:30:00,EMKR
6.836,6.855,6.82,6.855,2661,2021-03-11 20:35:00,EMKR
6.86,6.91,6.86,6.88,2384,2021-03-11 20:40:00,EMKR
6.87,6.8899,6.86,6.86,600,2021-03-11 20:45:00,EMKR
6.86,6.93,6.86,6.915,14965,2021-03-11 20:50:00,EMKR
6.9,6.9,6.85,6.9,6065,2021-03-11 20:55:00,EMKR
6.89,6.89,6.89,6.89,3480,2021-03-11 21:00:00,EMKR
6.85,6.85,6.85,6.85,100,2021-03-11 23:30:00,EMKR
6.86,6.86,6.86,6.86,500,2021-03-12 13:10:00,EMKR
6.8001,6.8001,6.8,6.8,200,2021-03-12 14:05:00,EMKR
6.8,6.8,6.8,6.8,100,2021-03-12 14:10:00,EMKR
6.79,6.8,6.77,6.77,2340,2021-03-12 14:25:00,EMKR
6.8,6.8,6.6801,6.7,12600,2021-03-12 14:30:00,EMKR
6.69,6.7692,6.69,6.725,4094,2021-03-12 14:35:00,EMKR
6.7,6.755,6.7,6.74,1400,2021-03-12 14:40:00,EMKR
6.77,6.83,6.77,6.83,3893,2021-03-12 14:45:00,EMKR
6.85,6.85,6.78,6.78,8273,2021-03-12 14:50:00,EMKR
6.795,6.83,6.795,6.83,400,2021-03-12 14:55:00,EMKR
6.84,6.84,6.76,6.76,508,2021-03-12 15:00:00,EMKR
6.84,6.84,6.84,6.84,239,2021-03-12 15:05:00,EMKR
6.835,6.835,6.8,6.8,3179,2021-03-12 15:10:00,EMKR
6.8,6.81,6.79,6.81,1000,2021-03-12 15:15:00,EMKR
6.79,6.79,6.761,6.761,1100,2021-03-12 15:20:00,EMKR
6.76,6.76,6.72,6.74,3712,2021-03-12 15:25:00,EMKR
6.73,6.76,6.73,6.75,903,2021-03-12 15:30:00,EMKR
6.73,6.73,6.73,6.73,2100,2021-03-12 15:35:00,EMKR
6.73,6.73,6.73,6.73,1100,2021-03-12 15:40:00,EMKR
6.73,6.73,6.73,6.73,300,2021-03-12 15:45:00,EMKR
6.76,6.7673,6.72,6.72,7207,2021-03-12 15:50:00,EMKR
6.73,6.76,6.73,6.76,200,2021-03-12 15:55:00,EMKR
6.75,6.7511,6.72,6.72,2728,2021-03-12 16:00:00,EMKR
6.72,6.72,6.72,6.72,400,2021-03-12 16:05:00,EMKR
6.75,6.775,6.74,6.76,850,2021-03-12 16:10:00,EMKR
6.775,6.79,6.775,6.78,894,2021-03-12 16:15:00,EMKR
6.785,6.785,6.77,6.77,3389,2021-03-12 16:20:00,EMKR
6.7701,6.78,6.77,6.77,2000,2021-03-12 16:25:00,EMKR
6.7611,6.77,6.75,6.75,5653,2021-03-12 16:30:00,EMKR
6.74,6.74,6.7,6.73,9274,2021-03-12 16:35:00,EMKR
6.735,6.7499,6.72,6.7499,2631,2021-03-12 16:40:00,EMKR
6.75,6.75,6.7301,6.7301,1520,2021-03-12 16:45:00,EMKR
6.74,6.74,6.74,6.74,600,2021-03-12 16:50:00,EMKR
6.73,6.73,6.72,6.72,393,2021-03-12 16:55:00,EMKR
6.73,6.73,6.73,6.73,250,2021-03-12 17:00:00,EMKR
6.74,6.75,6.74,6.7411,1885,2021-03-12 17:05:00,EMKR
6.73,6.73,6.72,6.73,2490,2021-03-12 17:10:00,EMKR
6.735,6.735,6.735,6.735,1000,2021-03-12 17:15:00,EMKR
6.72,6.74,6.72,6.73,1920,2021-03-12 17:20:00,EMKR
6.72,6.74,6.72,6.74,400,2021-03-12 17:25:00,EMKR
6.735,6.7496,6.735,6.7496,2707,2021-03-12 17:30:00,EMKR
6.74,6.75,6.7201,6.7201,5396,2021-03-12 17:35:00,EMKR
6.72,6.75,6.7,6.7,6117,2021-03-12 17:40:00,EMKR
6.73,6.73,6.7299,6.7299,300,2021-03-12 17:45:00,EMKR
6.73,6.73,6.66,6.67,5331,2021-03-12 17:50:00,EMKR
6.7062,6.72,6.65,6.65,18793,2021-03-12 17:55:00,EMKR
6.67,6.68,6.66,6.68,600,2021-03-12 18:00:00,EMKR
6.72,6.75,6.72,6.72,1185,2021-03-12 18:05:00,EMKR
6.74,6.74,6.73,6.74,552,2021-03-12 18:10:00,EMKR
6.73,6.741,6.73,6.741,900,2021-03-12 18:15:00,EMKR
6.7424,6.7424,6.7222,6.7222,1000,2021-03-12 18:20:00,EMKR
6.725,6.725,6.725,6.725,300,2021-03-12 18:25:00,EMKR
6.74,6.74,6.7221,6.73,1752,2021-03-12 18:30:00,EMKR
6.74,6.74,6.73,6.7312,856,2021-03-12 18:35:00,EMKR
6.7369,6.75,6.7,6.715,13420,2021-03-12 18:40:00,EMKR
6.7,6.7,6.7,6.7,200,2021-03-12 18:45:00,EMKR
6.69,6.705,6.68,6.69,1800,2021-03-12 18:55:00,EMKR
6.68,6.68,6.68,6.68,100,2021-03-12 19:00:00,EMKR
6.69,6.71,6.69,6.71,1300,2021-03-12 19:05:00,EMKR
6.72,6.74,6.72,6.7353,1400,2021-03-12 19:10:00,EMKR
6.7399,6.74,6.72,6.74,800,2021-03-12 19:15:00,EMKR
6.75,6.75,6.75,6.75,200,2021-03-12 19:20:00,EMKR
6.735,6.735,6.735,6.735,200,2021-03-12 19:25:00,EMKR
6.74,6.74,6.72,6.73,7954,2021-03-12 19:30:00,EMKR
6.73,6.75,6.73,6.735,16903,2021-03-12 19:35:00,EMKR
6.72,6.73,6.72,6.73,361,2021-03-12 19:40:00,EMKR
6.75,6.75,6.74,6.75,10800,2021-03-12 19:45:00,EMKR
6.75,6.7933,6.75,6.7933,11055,2021-03-12 19:50:00,EMKR
6.78,6.78,6.75,6.76,3149,2021-03-12 19:55:00,EMKR
6.76,6.8,6.75,6.8,2480,2021-03-12 20:00:00,EMKR
6.8,6.82,6.8,6.81,1284,2021-03-12 20:05:00,EMKR
6.81,6.82,6.8,6.82,5820,2021-03-12 20:10:00,EMKR
6.8102,6.85,6.8102,6.8499,14171,2021-03-12 20:15:00,EMKR
6.84,6.85,6.83,6.83,3538,2021-03-12 20:20:00,EMKR
6.83,6.84,6.81,6.81,2961,2021-03-12 20:25:00,EMKR
6.81,6.8125,6.8,6.8125,739,2021-03-12 20:30:00,EMKR
6.82,6.85,6.8,6.84,16375,2021-03-12 20:35:00,EMKR
6.85,6.85,6.81,6.82,2871,2021-03-12 20:40:00,EMKR
6.8,6.83,6.8,6.83,2869,2021-03-12 20:45:00,EMKR
6.82,6.82,6.81,6.81,2992,2021-03-12 20:50:00,EMKR
6.82,6.83,6.8,6.8,12925,2021-03-12 20:55:00,EMKR
6.81,6.81,6.81,6.81,5651,2021-03-12 21:00:00,EMKR
6.8,6.8,6.8,6.8,1000,2021-03-12 21:35:00,EMKR
6.8999,6.9,6.8999,6.9,300,2021-03-15 12:35:00,EMKR
6.9,6.9,6.8999,6.9,550,2021-03-15 12:40:00,EMKR
6.95,6.98,6.95,6.98,1450,2021-03-15 12:50:00,EMKR
6.92,6.92,6.92,6.92,300,2021-03-15 12:55:00,EMKR
6.93,6.93,6.93,6.93,100,2021-03-15 13:25:00,EMKR
6.8,6.87,6.8,6.81,10475,2021-03-15 13:30:00,EMKR
6.805,6.805,6.77,6.7738,4732,2021-03-15 13:35:00,EMKR
6.791,6.791,6.7203,6.7205,6485,2021-03-15 13:40:00,EMKR
6.76,6.84,6.76,6.84,3555,2021-03-15 13:50:00,EMKR
6.84,6.8777,6.803,6.805,13941,2021-03-15 13:55:00,EMKR
6.81,6.83,6.81,6.83,3261,2021-03-15 14:00:00,EMKR
6.83,6.83,6.75,6.7657,6239,2021-03-15 14:05:00,EMKR
6.7547,6.78,6.75,6.78,2100,2021-03-15 14:10:00,EMKR
6.77,6.79,6.77,6.79,2593,2021-03-15 14:15:00,EMKR
6.79,6.8,6.7816,6.79,4300,2021-03-15 14:20:00,EMKR
6.79,6.79,6.75,6.77,6401,2021-03-15 14:25:00,EMKR
6.8,6.8,6.77,6.7829,1100,2021-03-15 14:30:00,EMKR
6.77,6.79,6.77,6.79,1300,2021-03-15 14:35:00,EMKR
6.765,6.785,6.75,6.75,3619,2021-03-15 14:40:00,EMKR
6.78,6.78,6.76,6.78,5113,2021-03-15 14:45:00,EMKR
6.76,6.78,6.76,6.77,2200,2021-03-15 14:50:00,EMKR
6.77,6.7778,6.76,6.76,1130,2021-03-15 14:55:00,EMKR
6.76,6.8,6.76,6.8,1520,2021-03-15 15:00:00,EMKR
6.81,6.82,6.81,6.82,1107,2021-03-15 15:05:00,EMKR
6.84,6.84,6.8096,6.8096,900,2021-03-15 15:10:00,EMKR
6.8,6.8173,6.8,6.81,2900,2021-03-15 15:15:00,EMKR
6.8253,6.8253,6.775,6.7999,11432,2021-03-15 15:20:00,EMKR
6.8,6.8,6.76,6.7691,600,2021-03-15 15:25:00,EMKR
6.79,6.79,6.79,6.79,100,2021-03-15 15:30:00,EMKR
6.765,6.765,6.73,6.73,2453,2021-03-15 15:35:00,EMKR
6.74,6.79,6.74,6.79,496,2021-03-15 15:40:00,EMKR
6.77,6.77,6.77,6.77,400,2021-03-15 15:45:00,EMKR
6.795,6.795,6.79,6.79,2300,2021-03-15 15:50:00,EMKR
6.8155,6.8155,6.8155,6.8155,150,2021-03-15 15:55:00,EMKR
6.8119,6.82,6.78,6.78,11238,2021-03-15 16:00:00,EMKR
6.78,6.7803,6.77,6.77,1700,2021-03-15 16:05:00,EMKR
6.7727,6.7727,6.7601,6.7601,2974,2021-03-15 16:10:00,EMKR
6.7625,6.82,6.7625,6.8,7753,2021-03-15 16:15:00,EMKR
6.81,6.81,6.81,6.81,100,2021-03-15 16:20:00,EMKR
6.81,6.83,6.805,6.83,500,2021-03-15 16:25:00,EMKR
6.7917,6.7917,6.7917,6.7917,2000,2021-03-15 16:30:00,EMKR
6.83,6.83,6.8,6.82,1440,2021-03-15 16:35:00,EMKR
6.83,6.83,6.81,6.81,300,2021-03-15 16:40:00,EMKR
6.83,6.83,6.83,6.83,100,2021-03-15 16:45:00,EMKR
6.82,6.8345,6.8,6.8173,756,2021-03-15 16:50:00,EMKR
6.81,6.81,6.7901,6.7901,1700,2021-03-15 16:55:00,EMKR
6.8098,6.85,6.8098,6.84,4907,2021-03-15 17:00:00,EMKR
6.84,6.8451,6.84,6.84,521,2021-03-15 17:05:00,EMKR
6.83,6.84,6.83,6.84,861,2021-03-15 17:10:00,EMKR
6.82,6.82,6.7817,6.81,3005,2021-03-15 17:15:00,EMKR
6.84,6.84,6.83,6.83,200,2021-03-15 17:25:00,EMKR
6.85,6.85,6.85,6.85,150,2021-03-15 17:30:00,EMKR
6.82,6.8399,6.82,6.829,860,2021-03-15 17:35:00,EMKR
6.8454,6.88,6.84,6.88,802,2021-03-15 17:40:00,EMKR
6.86,6.87,6.83,6.83,1265,2021-03-15 17:45:00,EMKR
6.835,6.85,6.81,6.83,2536,2021-03-15 17:50:00,EMKR
6.83,6.85,6.83,6.85,900,2021-03-15 17:55:00,EMKR
6.8353,6.86,6.8353,6.86,300,2021-03-15 18:00:00,EMKR
6.85,6.85,6.82,6.83,1800,2021-03-15 18:10:00,EMKR
6.85,6.86,6.8301,6.86,2525,2021-03-15 18:15:00,EMKR
6.86,6.88,6.84,6.87,5628,2021-03-15 18:20:00,EMKR
6.88,6.89,6.85,6.88,6100,2021-03-15 18:25:00,EMKR
6.89,6.92,6.89,6.92,2255,2021-03-15 18:30:00,EMKR
6.94,7.03,6.94,7.0,23820,2021-03-15 18:35:00,EMKR
6.9999,6.9999,6.97,6.99,4325,2021-03-15 18:40:00,EMKR
6.9794,6.9794,6.9794,6.9794,264,2021-03-15 18:45:00,EMKR
6.965,6.97,6.92,6.9575,3600,2021-03-15 18:50:00,EMKR
6.94,6.94,6.912,6.912,2400,2021-03-15 18:55:00,EMKR
6.92,6.92,6.9,6.9,400,2021-03-15 19:00:00,EMKR
6.94,6.94,6.91,6.94,1256,2021-03-15 19:05:00,EMKR
6.92,6.93,6.91,6.91,300,2021-03-15 19:10:00,EMKR
6.9193,6.96,6.91,6.96,3139,2021-03-15 19:15:00,EMKR
6.935,6.96,6.935,6.94,300,2021-03-15 19:20:00,EMKR
6.94,6.95,6.93,6.95,2138,2021-03-15 19:25:00,EMKR
6.93,6.93,6.91,6.92,5900,2021-03-15 19:30:00,EMKR
6.94,6.96,6.93,6.93,5495,2021-03-15 19:35:00,EMKR
6.93,6.935,6.91,6.91,7606,2021-03-15 19:40:00,EMKR
6.92,6.92,6.91,6.91,1599,2021-03-15 19:45:00,EMKR
6.93,6.93,6.92,6.93,7540,2021-03-15 19:50:00,EMKR
6.94,6.97,6.94,6.94,11418,2021-03-15 19:55:00,EMKR
6.94,6.94,6.94,6.94,5864,2021-03-15 20:00:00,EMKR
6.9,6.9,6.9,6.9,500,2021-03-15 20:15:00,EMKR
6.92,6.92,6.92,6.92,300,2021-03-15 21:20:00,EMKR
7.0,7.0,7.0,7.0,428,2021-03-15 23:45:00,EMKR
7.0,7.0,6.96,6.96,1100,2021-03-16 12:50:00,EMKR
6.98,6.98,6.98,6.98,1000,2021-03-16 12:55:00,EMKR
6.99,6.99,6.99,6.99,900,2021-03-16 13:25:00,EMKR
7.0,7.025,6.975,7.02,10515,2021-03-16 13:30:00,EMKR
7.0,7.0,6.96,6.965,2875,2021-03-16 13:35:00,EMKR
6.9479,6.97,6.93,6.93,2825,2021-03-16 13:40:00,EMKR
6.93,6.93,6.91,6.91,1000,2021-03-16 13:45:00,EMKR
6.915,6.915,6.76,6.7994,25421,2021-03-16 13:50:00,EMKR
6.83,6.865,6.83,6.85,5891,2021-03-16 13:55:00,EMKR
6.82,6.82,6.82,6.82,100,2021-03-16 14:00:00,EMKR
6.85,6.8514,6.8,6.8514,3050,2021-03-16 14:05:00,EMKR
6.86,6.86,6.77,6.8,7600,2021-03-16 14:10:00,EMKR
6.8,6.87,6.73,6.76,29420,2021-03-16 14:15:00,EMKR
6.785,6.81,6.76,6.76,515,2021-03-16 14:20:00,EMKR
6.8,6.8,6.8,6.8,300,2021-03-16 14:25:00,EMKR
6.82,6.84,6.806,6.84,1428,2021-03-16 14:30:00,EMKR
6.8399,6.88,6.8399,6.86,2100,2021-03-16 14:35:00,EMKR
6.88,6.88,6.84,6.84,601,2021-03-16 14:40:00,EMKR
6.835,6.88,6.835,6.88,3836,2021-03-16 14:45:00,EMKR
6.88,6.9,6.88,6.8962,400,2021-03-16 14:50:00,EMKR
6.87,6.88,6.8627,6.8627,500,2021-03-16 14:55:00,EMKR
6.82,6.82,6.81,6.81,200,2021-03-16 15:00:00,EMKR
6.84,6.87,6.84,6.8602,1836,2021-03-16 15:05:00,EMKR
6.865,6.88,6.8622,6.88,483,2021-03-16 15:10:00,EMKR
6.86,6.92,6.86,6.92,3970,2021-03-16 15:15:00,EMKR
6.92,6.94,6.9,6.93,2295,2021-03-16 15:20:00,EMKR
6.9399,6.9399,6.92,6.93,2400,2021-03-16 15:25:00,EMKR
6.921,6.93,6.8896,6.8896,2402,2021-03-16 15:35:00,EMKR
6.87,6.9,6.86,6.89,2818,2021-03-16 15:40:00,EMKR
6.89,6.9099,6.8898,6.8898,575,2021-03-16 15:45:00,EMKR
6.9,6.9,6.9,6.9,300,2021-03-16 15:55:00,EMKR
6.92,6.92,6.91,6.91,300,2021-03-16 16:00:00,EMKR
6.92,6.92,6.91,6.91,400,2021-03-16 16:05:00,EMKR
6.94,6.94,6.92,6.92,2450,2021-03-16 16:10:00,EMKR
6.93,6.93,6.87,6.88,6900,2021-03-16 16:15:00,EMKR
6.86,6.86,6.84,6.84,5300,2021-03-16 16:20:00,EMKR
6.84,6.841,6.84,6.841,400,2021-03-16 16:25:00,EMKR
6.85,6.85,6.84,6.85,1248,2021-03-16 16:30:00,EMKR
6.8403,6.8403,6.84,6.84,600,2021-03-16 16:35:00,EMKR
6.84,6.8567,6.84,6.84,1500,2021-03-16 16:40:00,EMKR
6.85,6.85,6.85,6.85,300,2021-03-16 16:45:00,EMKR
6.87,6.87,6.87,6.87,500,2021-03-16 16:50:00,EMKR
6.86,6.9,6.86,6.8965,3337,2021-03-16 17:05:00,EMKR
6.89,6.89,6.88,6.88,800,2021-03-16 17:10:00,EMKR
6.88,6.88,6.88,6.88,200,2021-03-16 17:15:00,EMKR
6.88,6.88,6.85,6.865,880,2021-03-16 17:20:00,EMKR
6.88,6.88,6.82,6.825,6846,2021-03-16 17:25:00,EMKR
6.815,6.82,6.81,6.819,600,2021-03-16 17:30:00,EMKR
6.8,6.81,6.8,6.8,2737,2021-03-16 17:35:00,EMKR
6.78,6.78,6.78,6.78,300,2021-03-16 17:40:00,EMKR
6.79,6.79,6.776,6.776,200,2021-03-16 17:45:00,EMKR
6.79,6.79,6.79,6.79,160,2021-03-16 17:50:00,EMKR
6.7854,6.8,6.77,6.78,2498,2021-03-16 17:55:00,EMKR
6.8,6.8,6.8,6.8,100,2021-03-16 18:00:00,EMKR
6.795,6.795,6.77,6.77,1466,2021-03-16 18:05:00,EMKR
6.78,6.78,6.78,6.78,100,2021-03-16 18:10:00,EMKR
6.8,6.81,6.79,6.79,695,2021-03-16 18:15:00,EMKR
6.78,6.7899,6.77,6.7896,4650,2021-03-16 18:20:00,EMKR
6.7501,6.76,6.66,6.7,20174,2021-03-16 18:25:00,EMKR
6.714,6.714,6.67,6.67,12873,2021-03-16 18:30:00,EMKR
6.6914,6.71,6.6703,6.6999,2200,2021-03-16 18:35:00,EMKR
6.6834,6.6834,6.6203,6.64,18120,2021-03-16 18:40:00,EMKR
6.65,6.68,6.64,6.67,1969,2021-03-16 18:45:00,EMKR
6.71,6.78,6.71,6.78,400,2021-03-16 18:50:00,EMKR
6.75,6.77,6.6959,6.6959,1569,2021-03-16 18:55:00,EMKR
6.7,6.7,6.665,6.69,1000,2021-03-16 19:00:00,EMKR
6.702,6.74,6.69,6.72,6999,2021-03-16 19:05:00,EMKR
6.74,6.77,6.74,6.77,1871,2021-03-16 19:10:00,EMKR
6.7401,6.77,6.7401,6.755,3451,2021-03-16 19:15:00,EMKR
6.7799,6.81,6.75,6.81,4674,2021-03-16 19:20:00,EMKR
6.81,6.81,6.7551,6.78,610,2021-03-16 19:25:00,EMKR
6.77,6.77,6.75,6.77,1418,2021-03-16 19:30:00,EMKR
6.77,6.77,6.7622,6.77,865,2021-03-16 19:35:00,EMKR
6.77,6.77,6.76,6.76,1131,2021-03-16 19:40:00,EMKR
6.76,6.76,6.73,6.74,2547,2021-03-16 19:45:00,EMKR
6.75,6.78,6.73,6.77,5028,2021-03-16 19:50:00,EMKR
6.76,6.77,6.72,6.77,8171,2021-03-16 19:55:00,EMKR
6.78,6.78,6.78,6.78,15911,2021-03-16 20:00:00,EMKR
6.65,6.65,6.65,6.65,300,2021-03-17 12:05:00,EMKR
6.8,6.8,6.7999,6.7999,400,2021-03-17 12:30:00,EMKR
6.67,6.67,6.67,6.67,100,2021-03-17 12:35:00,EMKR
6.8,6.8,6.8,6.8,2000,2021-03-17 12:45:00,EMKR
6.79,6.79,6.79,6.79,100,2021-03-17 12:50:00,EMKR
6.7999,6.7999,6.7999,6.7999,500,2021-03-17 13:05:00,EMKR
6.8,6.8,6.8,6.8,1500,2021-03-17 13:10:00,EMKR
6.8,6.8,6.8,6.8,200,2021-03-17 13:15:00,EMKR
6.8,6.8,6.8,6.8,1000,2021-03-17 13:20:00,EMKR
6.68,6.68,6.42,6.5301,49834,2021-03-17 13:30:00,EMKR
6.55,6.69,6.52,6.69,8386,2021-03-17 13:35:00,EMKR
6.6,6.69,6.56,6.6896,1847,2021-03-17 13:40:00,EMKR
6.68,6.73,6.68,6.73,1700,2021-03-17 13:45:00,EMKR
6.73,6.779,6.65,6.7007,29865,2021-03-17 13:50:00,EMKR
6.6762,6.69,6.63,6.69,6011,2021-03-17 13:55:00,EMKR
6.73,6.73,6.73,6.73,700,2021-03-17 14:00:00,EMKR
6.7,6.75,6.66,6.75,2900,2021-03-17 14:05:00,EMKR
6.742,6.76,6.7329,6.76,1700,2021-03-17 14:10:00,EMKR
6.78,6.8,6.76,6.8,5964,2021-03-17 14:15:00,EMKR
6.785,6.8,6.77,6.8,400,2021-03-17 14:20:00,EMKR
6.8,6.85,6.71,6.84,17846,2021-03-17 14:25:00,EMKR
6.84,6.84,6.76,6.76,6564,2021-03-17 14:30:00,EMKR
6.785,6.785,6.7601,6.7601,448,2021-03-17 14:35:00,EMKR
6.76,6.77,6.63,6.65,19725,2021-03-17 14:40:00,EMKR
6.65,6.73,6.6,6.6,29757,2021-03-17 14:45:00,EMKR
6.6712,6.69,6.65,6.69,3200,2021-03-17 14:50:00,EMKR
6.6606,6.72,6.6606,6.6606,900,2021-03-17 14:55:00,EMKR
6.7129,6.7129,6.67,6.67,1562,2021-03-17 15:00:00,EMKR
6.66,6.7395,6.66,6.7395,5446,2021-03-17 15:05:00,EMKR
6.77,6.77,6.72,6.74,1400,2021-03-17 15:10:00,EMKR
6.73,6.79,6.725,6.79,4300,2021-03-17 15:15:00,EMKR
6.79,6.82,6.78,6.785,3855,2021-03-17 15:20:00,EMKR
6.77,6.77,6.74,6.76,2591,2021-03-17 15:25:00,EMKR
6.74,6.74,6.74,6.74,100,2021-03-17 15:30:00,EMKR
6.7523,6.76,6.74,6.755,975,2021-03-17 15:35:00,EMKR
6.74,6.76,6.72,6.76,2089,2021-03-17 15:40:00,EMKR
6.76,6.76,6.74,6.74,1104,2021-03-17 15:45:00,EMKR
6.77,6.77,6.72,6.75,1474,2021-03-17 15:50:00,EMKR
6.74,6.74,6.6977,6.6977,4460,2021-03-17 15:55:00,EMKR
6.75,6.75,6.75,6.75,100,2021-03-17 16:00:00,EMKR
6.76,6.76,6.76,6.76,100,2021-03-17 16:05:00,EMKR
6.7465,6.76,6.7465,6.76,3250,2021-03-17 16:10:00,EMKR
6.77,6.8,6.75,6.75,4322,2021-03-17 16:15:00,EMKR
6.77,6.79,6.75,6.78,4034,2021-03-17 16:20:00,EMKR
6.78,6.8,6.78,6.8,2987,2021-03-17 16:25:00,EMKR
6.79,6.8,6.7349,6.7349,2424,2021-03-17 16:30:00,EMKR
6.78,6.78,6.7332,6.7332,1800,2021-03-17 16:35:00,EMKR
6.78,6.78,6.755,6.78,1300,2021-03-17 16:40:00,EMKR
6.7799,6.78,6.75,6.75,3427,2021-03-17 16:45:00,EMKR
6.77,6.77,6.77,6.77,100,2021-03-17 16:50:00,EMKR
6.7744,6.7744,6.7401,6.75,1375,2021-03-17 16:55:00,EMKR
6.76,6.76,6.742,6.742,1080,2021-03-17 17:00:00,EMKR
6.77,6.81,6.76,6.76,500,2021-03-17 17:05:00,EMKR
6.785,6.81,6.785,6.785,3550,2021-03-17 17:10:00,EMKR
6.76,6.82,6.76,6.82,1000,2021-03-17 17:15:00,EMKR
6.7925,6.8099,6.7925,6.8099,1600,2021-03-17 17:20:00,EMKR
6.81,6.84,6.81,6.82,8169,2021-03-17 17:25:00,EMKR
6.79,6.81,6.76,6.8,1974,2021-03-17 17:30:00,EMKR
6.81,6.81,6.72,6.8,5253,2021-03-17 17:35:00,EMKR
6.7574,6.82,6.7574,6.79,577,2021-03-17 17:40:00,EMKR
6.82,6.82,6.77,6.77,700,2021-03-17 17:45:00,EMKR
6.77,6.79,6.77,6.79,600,2021-03-17 17:50:00,EMKR
6.79,6.79,6.79,6.79,100,2021-03-17 17:55:00,EMKR
6.79,6.84,6.79,6.84,3411,2021-03-17 18:00:00,EMKR
6.825,6.8738,6.825,6.8738,2600,2021-03-17 18:05:00,EMKR
6.85,6.99,6.85,6.96,9576,2021-03-17 18:10:00,EMKR
6.96,6.96,6.83,6.8356,4409,2021-03-17 18:15:00,EMKR
6.835,6.86,6.82,6.82,2050,2021-03-17 18:20:00,EMKR
6.86,6.86,6.83,6.83,8912,2021-03-17 18:25:00,EMKR
6.81,6.84,6.81,6.84,1008,2021-03-17 18:30:00,EMKR
6.84,6.9,6.83,6.9,12569,2021-03-17 18:35:00,EMKR
6.905,6.97,6.905,6.97,7543,2021-03-17 18:40:00,EMKR
6.97,6.99,6.9,6.92,8524,2021-03-17 18:45:00,EMKR
6.9,6.92,6.9,6.92,600,2021-03-17 18:50:00,EMKR
6.95,6.98,6.92,6.95,6715,2021-03-17 18:55:00,EMKR
6.9263,6.95,6.9263,6.94,752,2021-03-17 19:00:00,EMKR
6.95,6.97,6.92,6.92,6310,2021-03-17 19:05:00,EMKR
6.935,6.935,6.89,6.89,2300,2021-03-17 19:10:00,EMKR
6.93,6.93,6.88,6.88,1626,2021-03-17 19:15:00,EMKR
6.88,6.89,6.87,6.89,1150,2021-03-17 19:20:00,EMKR
6.88,6.89,6.865,6.885,4150,2021-03-17 19:25:00,EMKR
6.89,6.8993,6.885,6.89,1750,2021-03-17 19:30:00,EMKR
6.89,6.9,6.8422,6.8422,6254,2021-03-17 19:35:00,EMKR
6.84,6.85,6.84,6.84,2400,2021-03-17 19:40:00,EMKR
6.84,6.86,6.84,6.85,2876,2021-03-17 19:45:00,EMKR
6.85,6.86,6.8384,6.86,5713,2021-03-17 19:50:00,EMKR
6.86,6.89,6.85,6.89,7139,2021-03-17 19:55:00,EMKR
6.89,6.89,6.89,6.89,36309,2021-03-17 20:00:00,EMKR
6.8899,6.89,6.8899,6.89,480,2021-03-17 21:35:00,EMKR
6.8801,6.8801,6.8801,6.8801,200,2021-03-18 12:20:00,EMKR
6.89,6.89,6.89,6.89,2492,2021-03-18 12:45:00,EMKR
6.88,6.88,6.88,6.88,200,2021-03-18 13:10:00,EMKR
6.7502,6.7502,6.7502,6.7502,1000,2021-03-18 13:20:00,EMKR
6.85,6.85,6.7646,6.8475,9241,2021-03-18 13:30:00,EMKR
6.81,6.825,6.8,6.8,1100,2021-03-18 13:35:00,EMKR
6.78,6.805,6.76,6.805,1500,2021-03-18 13:40:00,EMKR
6.805,6.805,6.7496,6.7496,5020,2021-03-18 13:45:00,EMKR
6.79,6.84,6.775,6.84,790,2021-03-18 13:50:00,EMKR
6.85,6.85,6.7901,6.85,4123,2021-03-18 13:55:00,EMKR
6.85,6.9,6.8,6.8208,7618,2021-03-18 14:00:00,EMKR
6.8296,6.89,6.8296,6.8699,750,2021-03-18 14:05:00,EMKR
6.849,6.849,6.825,6.825,2250,2021-03-18 14:10:00,EMKR
6.84,6.88,6.83,6.87,4742,2021-03-18 14:15:00,EMKR
6.84,6.84,6.84,6.84,100,2021-03-18 14:20:00,EMKR
6.88,6.88,6.84,6.87,1816,2021-03-18 14:25:00,EMKR
6.9,6.9,6.87,6.87,1300,2021-03-18 14:30:00,EMKR
6.8601,6.95,6.8601,6.94,13722,2021-03-18 14:35:00,EMKR
6.98,6.98,6.93,6.945,13241,2021-03-18 14:40:00,EMKR
6.9665,6.97,6.94,6.94,2880,2021-03-18 14:45:00,EMKR
6.96,6.96,6.92,6.95,5070,2021-03-18 14:50:00,EMKR
6.9133,6.9133,6.9133,6.9133,800,2021-03-18 14:55:00,EMKR
6.95,7.09,6.95,7.04,15747,2021-03-18 15:00:00,EMKR
7.04,7.08,7.04,7.05,1645,2021-03-18 15:05:00,EMKR
7.0824,7.0824,7.03,7.03,5264,2021-03-18 15:10:00,EMKR
7.02,7.0497,7.02,7.02,1826,2021-03-18 15:15:00,EMKR
7.0239,7.03,7.0,7.02,850,2021-03-18 15:20:00,EMKR
6.98,7.01,6.98,7.01,1107,2021-03-18 15:25:00,EMKR
7.02,7.02,6.99,7.01,1300,2021-03-18 15:30:00,EMKR
7.0,7.0199,6.97,6.97,1666,2021-03-18 15:35:00,EMKR
6.9662,7.0,6.94,7.0,29903,2021-03-18 15:40:00,EMKR
6.9889,7.01,6.9889,7.01,3800,2021-03-18 15:45:00,EMKR
7.025,7.025,6.99,6.99,1600,2021-03-18 15:50:00,EMKR
6.98,6.9909,6.98,6.99,1210,2021-03-18 15:55:00,EMKR
6.965,7.03,6.965,7.03,345,2021-03-18 16:00:00,EMKR
7.01,7.01,7.01,7.01,270,2021-03-18 16:05:00,EMKR
7.02,7.02,7.0199,7.0199,700,2021-03-18 16:10:00,EMKR
6.97,7.02,6.97,6.98,1550,2021-03-18 16:15:00,EMKR
6.98,6.98,6.94,6.94,1621,2021-03-18 16:20:00,EMKR
6.94,6.94,6.94,6.94,250,2021-03-18 16:25:00,EMKR
6.97,6.97,6.93,6.9454,742,2021-03-18 16:30:00,EMKR
6.92,6.92,6.88,6.9113,1529,2021-03-18 16:35:00,EMKR
6.93,6.94,6.91,6.91,400,2021-03-18 16:40:00,EMKR
6.91,6.91,6.88,6.88,4258,2021-03-18 16:45:00,EMKR
6.88,6.88,6.85,6.88,2600,2021-03-18 16:50:00,EMKR
6.84,6.845,6.83,6.83,4178,2021-03-18 17:00:00,EMKR
6.87,6.9,6.87,6.9,1329,2021-03-18 17:05:00,EMKR
6.91,6.93,6.9,6.93,2600,2021-03-18 17:10:00,EMKR
6.92,6.94,6.92,6.9301,1398,2021-03-18 17:15:00,EMKR
6.95,6.95,6.94,6.94,550,2021-03-18 17:20:00,EMKR
6.97,6.98,6.94,6.94,2622,2021-03-18 17:25:00,EMKR
6.93,6.93,6.93,6.93,204,2021-03-18 17:30:00,EMKR
6.93,6.93,6.92,6.925,1166,2021-03-18 17:35:00,EMKR
6.92,6.92,6.9101,6.9101,597,2021-03-18 17:40:00,EMKR
6.92,6.92,6.92,6.92,994,2021-03-18 17:45:00,EMKR
6.92,6.92,6.92,6.92,100,2021-03-18 17:50:00,EMKR
6.93,6.9599,6.92,6.935,3835,2021-03-18 17:55:00,EMKR
6.93,6.94,6.92,6.94,1789,2021-03-18 18:00:00,EMKR
6.92,6.92,6.91,6.92,1516,2021-03-18 18:05:00,EMKR
6.89,6.89,6.89,6.89,200,2021-03-18 18:10:00,EMKR
6.885,6.885,6.83,6.83,2000,2021-03-18 18:15:00,EMKR
6.83,6.83,6.8027,6.83,9168,2021-03-18 18:20:00,EMKR
6.83,6.84,6.82,6.82,4800,2021-03-18 18:25:00,EMKR
6.83,6.83,6.81,6.81,4582,2021-03-18 18:30:00,EMKR
6.8,6.82,6.79,6.8005,7800,2021-03-18 18:35:00,EMKR
6.8001,6.8001,6.76,6.77,9099,2021-03-18 18:40:00,EMKR
6.7778,6.83,6.76,6.8244,16740,2021-03-18 18:45:00,EMKR
6.83,6.83,6.83,6.83,100,2021-03-18 18:50:00,EMKR
6.805,6.81,6.79,6.8,2283,2021-03-18 18:55:00,EMKR
6.79,6.8,6.78,6.795,620,2021-03-18 19:00:00,EMKR
6.8,6.8,6.71,6.75,11620,2021-03-18 19:05:00,EMKR
6.76,6.78,6.74,6.77,1400,2021-03-18 19:10:00,EMKR
6.79,6.79,6.72,6.72,5805,2021-03-18 19:15:00,EMKR
6.71,6.72,6.665,6.69,5306,2021-03-18 19:20:00,EMKR
6.71,6.73,6.67,6.73,5695,2021-03-18 19:25:00,EMKR
6.725,6.725,6.705,6.71,4468,2021-03-18 19:30:00,EMKR
6.71,6.72,6.7,6.71,1774,2021-03-18 19:35:00,EMKR
6.71,6.72,6.67,6.7,4717,2021-03-18 19:40:00,EMKR
6.69,6.7,6.67,6.685,3459,2021-03-18 19:45:00,EMKR
6.7,6.7,6.67,6.69,10627,2021-03-18 19:50:00,EMKR
6.69,6.72,6.66,6.67,8717,2021-03-18 19:55:00,EMKR
6.69,6.69,6.69,6.69,5196,2021-03-18 20:00:00,EMKR
6.66,6.66,6.66,6.66,100,2021-03-18 20:10:00,EMKR
6.73,6.73,6.73,6.73,100,2021-03-18 22:05:00,EMKR
6.5113,6.5113,6.51,6.51,670,2021-03-19 13:10:00,EMKR
6.63,6.64,6.5,6.63,10741,2021-03-19 13:30:00,EMKR
6.6,6.69,6.6,6.6888,1900,2021-03-19 13:35:00,EMKR
6.67,6.67,6.54,6.56,9596,2021-03-19 13:40:00,EMKR
6.59,6.63,6.59,6.63,500,2021-03-19 13:45:00,EMKR
6.606,6.63,6.56,6.63,3000,2021-03-19 13:50:00,EMKR
6.6193,6.66,6.6193,6.66,400,2021-03-19 13:55:00,EMKR
6.62,6.63,6.52,6.53,8343,2021-03-19 14:00:00,EMKR
6.52,6.525,6.475,6.475,7623,2021-03-19 14:05:00,EMKR
6.5,6.535,6.48,6.5,1908,2021-03-19 14:10:00,EMKR
6.5375,6.59,6.51,6.59,3760,2021-03-19 14:15:00,EMKR
6.5715,6.61,6.53,6.5724,1850,2021-03-19 14:20:00,EMKR
6.63,6.6445,6.63,6.6445,600,2021-03-19 14:25:00,EMKR
6.64,6.64,6.61,6.62,3989,2021-03-19 14:30:00,EMKR
6.56,6.56,6.5,6.555,2968,2021-03-19 14:35:00,EMKR
6.61,6.61,6.61,6.61,2000,2021-03-19 14:40:00,EMKR
6.61,6.69,6.61,6.62,3898,2021-03-19 14:45:00,EMKR
6.62,6.67,6.62,6.64,1300,2021-03-19 14:50:00,EMKR
6.63,6.63,6.63,6.63,600,2021-03-19 14:55:00,EMKR
6.61,6.61,6.61,6.61,100,2021-03-19 15:00:00,EMKR
6.61,6.63,6.6,6.63,978,2021-03-19 15:05:00,EMKR
6.57,6.57,6.57,6.57,300,2021-03-19 15:10:00,EMKR
6.6,6.62,6.6,6.6098,725,2021-03-19 15:15:00,EMKR
6.578,6.6,6.55,6.5899,3553,2021-03-19 15:20:00,EMKR
6.54,6.54,6.54,6.54,1244,2021-03-19 15:25:00,EMKR
6.54,6.6,6.54,6.59,750,2021-03-19 15:30:00,EMKR
6.59,6.61,6.58,6.58,600,2021-03-19 15:35:00,EMKR
6.605,6.68,6.58,6.5901,3329,2021-03-19 15:40:00,EMKR
6.5901,6.5901,6.5901,6.5901,200,2021-03-19 15:45:00,EMKR
6.6423,6.645,6.6073,6.645,5089,2021-03-19 15:50:00,EMKR
6.66,6.68,6.65,6.68,400,2021-03-19 15:55:00,EMKR
6.65,6.65,6.65,6.65,100,2021-03-19 16:00:00,EMKR
6.67,6.67,6.65,6.65,402,2021-03-19 16:05:00,EMKR
6.65,6.65,6.63,6.64,700,2021-03-19 16:10:00,EMKR
6.6245,6.635,6.62,6.62,3321,2021-03-19 16:15:00,EMKR
6.6399,6.6399,6.625,6.6356,2425,2021-03-19 16:20:00,EMKR
6.64,6.64,6.625,6.625,450,2021-03-19 16:25:00,EMKR
6.61,6.62,6.61,6.62,200,2021-03-19 16:30:00,EMKR
6.62,6.62,6.6,6.6199,3726,2021-03-19 16:35:00,EMKR
6.62,6.62,6.62,6.62,350,2021-03-19 16:40:00,EMKR
6.62,6.68,6.62,6.68,1017,2021-03-19 16:45:00,EMKR
6.655,6.67,6.655,6.655,1490,2021-03-19 16:50:00,EMKR
6.655,6.655,6.64,6.64,202,2021-03-19 16:55:00,EMKR
6.64,6.655,6.6,6.61,2550,2021-03-19 17:00:00,EMKR
6.6,6.6,6.56,6.59,3495,2021-03-19 17:05:00,EMKR
6.58,6.6,6.58,6.6,500,2021-03-19 17:10:00,EMKR
6.58,6.61,6.58,6.59,300,2021-03-19 17:15:00,EMKR
6.59,6.59,6.58,6.58,500,2021-03-19 17:20:00,EMKR
6.58,6.59,6.55,6.55,2054,2021-03-19 17:25:00,EMKR
6.59,6.59,6.56,6.565,900,2021-03-19 17:30:00,EMKR
6.55,6.57,6.51,6.525,4498,2021-03-19 17:35:00,EMKR
6.54,6.54,6.52,6.54,1184,2021-03-19 17:40:00,EMKR
6.54,6.57,6.54,6.57,1888,2021-03-19 17:45:00,EMKR
6.6,6.6,6.59,6.59,1700,2021-03-19 17:50:00,EMKR
6.595,6.595,6.57,6.57,1200,2021-03-19 17:55:00,EMKR
6.58,6.59,6.55,6.5501,5277,2021-03-19 18:00:00,EMKR
6.56,6.62,6.56,6.58,19465,2021-03-19 18:05:00,EMKR
6.59,6.59,6.56,6.56,1985,2021-03-19 18:10:00,EMKR
6.57,6.57,6.54,6.54,1344,2021-03-19 18:15:00,EMKR
6.54,6.58,6.51,6.55,9461,2021-03-19 18:20:00,EMKR
6.58,6.58,6.57,6.57,696,2021-03-19 18:25:00,EMKR
6.58,6.59,6.57,6.57,800,2021-03-19 18:35:00,EMKR
6.57,6.59,6.56,6.56,3898,2021-03-19 18:40:00,EMKR
6.58,6.59,6.575,6.575,1724,2021-03-19 18:45:00,EMKR
6.59,6.59,6.54,6.54,1654,2021-03-19 18:50:00,EMKR
6.53,6.56,6.53,6.55,1892,2021-03-19 18:55:00,EMKR
6.56,6.56,6.54,6.55,2886,2021-03-19 19:00:00,EMKR
6.54,6.54,6.54,6.54,187,2021-03-19 19:05:00,EMKR
6.52,6.52,6.52,6.52,1500,2021-03-19 19:10:00,EMKR
6.51,6.54,6.51,6.53,2650,2021-03-19 19:15:00,EMKR
6.54,6.58,6.54,6.58,2642,2021-03-19 19:20:00,EMKR
6.57,6.61,6.57,6.6,1100,2021-03-19 19:25:00,EMKR
6.585,6.585,6.585,6.585,200,2021-03-19 19:30:00,EMKR
6.585,6.6,6.57,6.57,1200,2021-03-19 19:35:00,EMKR
6.58,6.62,6.57,6.6035,7089,2021-03-19 19:40:00,EMKR
6.6,6.61,6.58,6.58,3400,2021-03-19 19:45:00,EMKR
6.57,6.58,6.53,6.56,17508,2021-03-19 19:50:00,EMKR
6.54,6.57,6.48,6.48,51427,2021-03-19 19:55:00,EMKR
6.48,6.48,6.48,6.48,207858,2021-03-19 20:00:00,EMKR
6.48,6.48,6.48,6.48,235,2021-03-19 20:20:00,EMKR
6.53,6.66,6.5,6.61,11795,2021-03-22 13:30:00,EMKR
6.61,6.62,6.6,6.62,3377,2021-03-22 13:35:00,EMKR
6.62,6.63,6.611,6.63,5600,2021-03-22 13:40:00,EMKR
6.625,6.64,6.57,6.57,5685,2021-03-22 13:45:00,EMKR
6.54,6.54,6.5347,6.5347,560,2021-03-22 13:50:00,EMKR
6.54,6.54,6.49,6.5,1250,2021-03-22 13:55:00,EMKR
6.49,6.5,6.32,6.365,76047,2021-03-22 14:00:00,EMKR
6.39,6.42,6.26,6.3,28309,2021-03-22 14:05:00,EMKR
6.3,6.33,6.29,6.33,1400,2021-03-22 14:10:00,EMKR
6.32,6.38,6.3,6.38,3340,2021-03-22 14:15:00,EMKR
6.4099,6.4099,6.38,6.38,200,2021-03-22 14:20:00,EMKR
6.37,6.37,6.35,6.35,1700,2021-03-22 14:25:00,EMKR
6.33,6.36,6.33,6.36,3312,2021-03-22 14:30:00,EMKR
6.3404,6.3404,6.3404,6.3404,100,2021-03-22 14:35:00,EMKR
6.38,6.4,6.375,6.38,1448,2021-03-22 14:40:00,EMKR
6.41,6.44,6.39,6.44,1830,2021-03-22 14:45:00,EMKR
6.44,6.44,6.44,6.44,100,2021-03-22 14:50:00,EMKR
6.44,6.44,6.4,6.4,400,2021-03-22 14:55:00,EMKR
6.4001,6.4001,6.35,6.35,6000,2021-03-22 15:00:00,EMKR
6.38,6.4,6.36,6.38,3853,2021-03-22 15:05:00,EMKR
6.37,6.37,6.34,6.34,950,2021-03-22 15:10:00,EMKR
6.34,6.38,6.34,6.3793,5959,2021-03-22 15:15:00,EMKR
6.38,6.38,6.37,6.37,700,2021-03-22 15:20:00,EMKR
6.3965,6.4,6.38,6.38,1719,2021-03-22 15:25:00,EMKR
6.39,6.44,6.39,6.44,1530,2021-03-22 15:30:00,EMKR
6.4499,6.45,6.44,6.45,917,2021-03-22 15:35:00,EMKR
6.46,6.46,6.4583,6.4583,500,2021-03-22 15:40:00,EMKR
6.44,6.44,6.435,6.435,800,2021-03-22 15:45:00,EMKR
6.44,6.44,6.43,6.435,2033,2021-03-22 15:50:00,EMKR
6.43,6.43,6.38,6.38,1158,2021-03-22 15:55:00,EMKR
6.4,6.4072,6.39,6.39,1000,2021-03-22 16:00:00,EMKR
6.39,6.41,6.3799,6.39,2474,2021-03-22 16:05:00,EMKR
6.4,6.41,6.4,6.4,359,2021-03-22 16:10:00,EMKR
6.41,6.41,6.38,6.38,3191,2021-03-22 16:15:00,EMKR
6.372,6.372,6.36,6.37,2051,2021-03-22 16:20:00,EMKR
6.38,6.38,6.37,6.38,869,2021-03-22 16:25:00,EMKR
6.385,6.405,6.37,6.37,1297,2021-03-22 16:30:00,EMKR
6.41,6.41,6.37,6.37,900,2021-03-22 16:35:00,EMKR
6.36,6.39,6.36,6.39,1520,2021-03-22 16:40:00,EMKR
6.3672,6.4,6.3672,6.395,1338,2021-03-22 16:45:00,EMKR
6.39,6.39,6.3613,6.3613,1400,2021-03-22 16:50:00,EMKR
6.37,6.37,6.37,6.37,2900,2021-03-22 16:55:00,EMKR
6.3677,6.3677,6.34,6.34,2200,2021-03-22 17:00:00,EMKR
6.35,6.35,6.35,6.35,524,2021-03-22 17:05:00,EMKR
6.35,6.36,6.34,6.36,3015,2021-03-22 17:10:00,EMKR
6.35,6.359,6.35,6.355,1050,2021-03-22 17:15:00,EMKR
6.36,6.36,6.33,6.33,4224,2021-03-22 17:20:00,EMKR
6.36,6.36,6.36,6.36,100,2021-03-22 17:25:00,EMKR
6.36,6.36,6.36,6.36,100,2021-03-22 17:30:00,EMKR
6.36,6.36,6.36,6.36,100,2021-03-22 17:35:00,EMKR
6.36,6.36,6.36,6.36,100,2021-03-22 17:40:00,EMKR
6.36,6.365,6.35,6.36,4717,2021-03-22 17:45:00,EMKR
6.35,6.36,6.35,6.36,200,2021-03-22 17:50:00,EMKR
6.355,6.355,6.32,6.32,9373,2021-03-22 17:55:00,EMKR
6.33,6.33,6.32,6.32,1795,2021-03-22 18:00:00,EMKR
6.32,6.35,6.3178,6.3201,8225,2021-03-22 18:05:00,EMKR
6.345,6.35,6.32,6.33,4100,2021-03-22 18:10:00,EMKR
6.33,6.33,6.29,6.29,6279,2021-03-22 18:15:00,EMKR
6.29,6.31,6.29,6.3,5090,2021-03-22 18:20:00,EMKR
6.305,6.305,6.27,6.28,5246,2021-03-22 18:25:00,EMKR
6.285,6.34,6.28,6.31,4038,2021-03-22 18:30:00,EMKR
6.31,6.315,6.3,6.3,4408,2021-03-22 18:35:00,EMKR
6.31,6.31,6.28,6.3,6703,2021-03-22 18:40:00,EMKR
6.29,6.3168,6.29,6.3168,6412,2021-03-22 18:45:00,EMKR
6.305,6.32,6.29,6.3,3913,2021-03-22 18:50:00,EMKR
6.3,6.32,6.29,6.3,3766,2021-03-22 18:55:00,EMKR
6.3,6.32,6.3,6.3,2731,2021-03-22 19:00:00,EMKR
6.3,6.31,6.295,6.305,8101,2021-03-22 19:05:00,EMKR
6.305,6.32,6.29,6.29,1187,2021-03-22 19:10:00,EMKR
6.29,6.32,6.285,6.31,14373,2021-03-22 19:15:00,EMKR
6.31,6.31,6.28,6.28,1768,2021-03-22 19:20:00,EMKR
6.285,6.29,6.18,6.225,27238,2021-03-22 19:25:00,EMKR
6.225,6.27,6.21,6.27,2452,2021-03-22 19:30:00,EMKR
6.23,6.26,6.23,6.25,3650,2021-03-22 19:35:00,EMKR
6.25,6.25,6.23,6.2338,4767,2021-03-22 19:40:00,EMKR
6.24,6.25,6.21,6.2464,14863,2021-03-22 19:45:00,EMKR
6.24,6.27,6.235,6.26,6517,2021-03-22 19:50:00,EMKR
6.265,6.265,6.23,6.23,12080,2021-03-22 19:55:00,EMKR
6.25,6.25,6.25,6.25,6203,2021-03-22 20:00:00,EMKR
6.25,6.25,6.25,6.25,1000,2021-03-22 21:55:00,EMKR
6.37,6.37,6.37,6.37,810,2021-03-22 22:40:00,EMKR
6.08,6.08,6.01,6.01,700,2021-03-23 11:05:00,EMKR
6.21,6.28,6.2,6.2,3309,2021-03-23 13:30:00,EMKR
6.19,6.1913,6.18,6.18,1200,2021-03-23 13:40:00,EMKR
6.1815,6.2,6.145,6.145,4555,2021-03-23 13:45:00,EMKR
6.1,6.188,6.1,6.188,6150,2021-03-23 13:50:00,EMKR
6.18,6.18,6.18,6.18,300,2021-03-23 13:55:00,EMKR
6.18,6.31,6.07,6.15,120822,2021-03-23 14:00:00,EMKR
6.11,6.16,5.97,6.09,111875,2021-03-23 14:05:00,EMKR
6.0101,6.1,5.91,5.985,52854,2021-03-23 14:10:00,EMKR
5.98,5.99,5.85,5.9,41737,2021-03-23 14:15:00,EMKR
5.88,5.985,5.865,5.9066,45191,2021-03-23 14:20:00,EMKR
5.89,5.91,5.78,5.795,48477,2021-03-23 14:25:00,EMKR
5.785,5.89,5.76,5.81,26772,2021-03-23 14:30:00,EMKR
5.77,5.78,5.71,5.74,18352,2021-03-23 14:35:00,EMKR
5.76,5.8,5.71,5.7346,32807,2021-03-23 14:40:00,EMKR
5.73,5.8,5.65,5.8,28258,2021-03-23 14:45:00,EMKR
5.8,5.87,5.74,5.868,30442,2021-03-23 14:50:00,EMKR
5.87,5.89,5.7701,5.815,12867,2021-03-23 14:55:00,EMKR
5.79,5.81,5.75,5.7659,8527,2021-03-23 15:00:00,EMKR
5.7577,5.84,5.75,5.8169,8663,2021-03-23 15:05:00,EMKR
5.815,5.84,5.74,5.78,12181,2021-03-23 15:10:00,EMKR
5.79,5.83,5.74,5.77,10397,2021-03-23 15:15:00,EMKR
5.7946,5.82,5.7899,5.79,4360,2021-03-23 15:20:00,EMKR
5.78,5.8,5.7,5.7071,8893,2021-03-23 15:25:00,EMKR
5.7371,5.75,5.7,5.72,13814,2021-03-23 15:30:00,EMKR
5.74,5.74,5.67,5.678,12631,2021-03-23 15:35:00,EMKR
5.68,5.735,5.67,5.735,10459,2021-03-23 15:40:00,EMKR
5.7424,5.7424,5.67,5.6946,9360,2021-03-23 15:45:00,EMKR
5.7,5.72,5.68,5.71,6219,2021-03-23 15:50:00,EMKR
5.7,5.75,5.69,5.72,5005,2021-03-23 15:55:00,EMKR
5.71,5.75,5.6901,5.7468,6019,2021-03-23 16:00:00,EMKR
5.75,5.75,5.7191,5.75,9976,2021-03-23 16:05:00,EMKR
5.75,5.75,5.6941,5.71,3287,2021-03-23 16:10:00,EMKR
5.71,5.71,5.67,5.6999,18413,2021-03-23 16:15:00,EMKR
5.7,5.7,5.67,5.68,3945,2021-03-23 16:20:00,EMKR
5.69,5.74,5.69,5.73,6561,2021-03-23 16:25:00,EMKR
5.73,5.74,5.71,5.71,3200,2021-03-23 16:30:00,EMKR
5.703,5.703,5.62,5.65,25640,2021-03-23 16:35:00,EMKR
5.6373,5.64,5.61,5.61,5028,2021-03-23 16:40:00,EMKR
5.615,5.62,5.54,5.58,20941,2021-03-23 16:45:00,EMKR
5.58,5.62,5.58,5.6199,8871,2021-03-23 16:50:00,EMKR
5.6,5.62,5.59,5.6,11356,2021-03-23 16:55:00,EMKR
5.625,5.64,5.58,5.58,7332,2021-03-23 17:00:00,EMKR
5.6,5.6,5.58,5.59,5483,2021-03-23 17:05:00,EMKR
5.6,5.61,5.59,5.5938,1755,2021-03-23 17:10:00,EMKR
5.6075,5.6075,5.53,5.58,9302,2021-03-23 17:15:00,EMKR
5.57,5.57,5.5,5.515,26010,2021-03-23 17:20:00,EMKR
5.51,5.54,5.48,5.48,31173,2021-03-23 17:25:00,EMKR
5.48,5.5,5.48,5.49,2921,2021-03-23 17:30:00,EMKR
5.5,5.53,5.5,5.52,6316,2021-03-23 17:35:00,EMKR
5.5184,5.5184,5.49,5.5,5403,2021-03-23 17:40:00,EMKR
5.5,5.5,5.482,5.482,4080,2021-03-23 17:45:00,EMKR
5.5,5.53,5.49,5.53,3869,2021-03-23 17:50:00,EMKR
5.549,5.56,5.5,5.5,10155,2021-03-23 17:55:00,EMKR
5.495,5.52,5.49,5.52,6510,2021-03-23 18:00:00,EMKR
5.52,5.53,5.505,5.53,1400,2021-03-23 18:05:00,EMKR
5.54,5.59,5.54,5.5811,7110,2021-03-23 18:10:00,EMKR
5.58,5.6,5.5301,5.5301,1900,2021-03-23 18:15:00,EMKR
5.54,5.5735,5.54,5.5735,800,2021-03-23 18:20:00,EMKR
5.54,5.55,5.47,5.5,14614,2021-03-23 18:25:00,EMKR
5.52,5.52,5.4801,5.4801,543,2021-03-23 18:30:00,EMKR
5.5199,5.56,5.5,5.545,5200,2021-03-23 18:35:00,EMKR
5.56,5.56,5.52,5.53,1600,2021-03-23 18:40:00,EMKR
5.53,5.58,5.52,5.58,7230,2021-03-23 18:45:00,EMKR
5.59,5.64,5.58,5.61,3919,2021-03-23 18:50:00,EMKR
5.6,5.6,5.551,5.58,4051,2021-03-23 18:55:00,EMKR
5.6,5.63,5.575,5.63,12603,2021-03-23 19:00:00,EMKR
5.63,5.67,5.63,5.655,6975,2021-03-23 19:05:00,EMKR
5.66,5.66,5.6386,5.64,8704,2021-03-23 19:10:00,EMKR
5.635,5.66,5.63,5.66,3672,2021-03-23 19:15:00,EMKR
5.645,5.66,5.63,5.64,8275,2021-03-23 19:20:00,EMKR
5.63,5.67,5.63,5.67,30299,2021-03-23 19:25:00,EMKR
5.67,5.68,5.66,5.66,6773,2021-03-23 19:30:00,EMKR
5.66,5.67,5.66,5.67,2094,2021-03-23 19:35:00,EMKR
5.66,5.67,5.65,5.665,2389,2021-03-23 19:40:00,EMKR
5.67,5.69,5.645,5.68,8034,2021-03-23 19:45:00,EMKR
5.68,5.7,5.665,5.7,13798,2021-03-23 19:50:00,EMKR
5.68,5.72,5.67,5.67,27785,2021-03-23 19:55:00,EMKR
5.66,5.66,5.66,5.66,9435,2021-03-23 20:00:00,EMKR
5.7,5.81,5.66,5.81,16451,2021-03-24 13:30:00,EMKR
5.81,5.82,5.7701,5.82,10875,2021-03-24 13:35:00,EMKR
5.8138,5.82,5.7,5.7,10857,2021-03-24 13:40:00,EMKR
5.76,5.79,5.75,5.79,7000,2021-03-24 13:45:00,EMKR
5.7899,5.7899,5.67,5.695,1830,2021-03-24 13:50:00,EMKR
5.68,5.69,5.66,5.66,6650,2021-03-24 13:55:00,EMKR
5.66,5.7214,5.63,5.7214,27537,2021-03-24 14:00:00,EMKR
5.709,5.72,5.69,5.72,3718,2021-03-24 14:05:00,EMKR
5.68,5.71,5.68,5.69,1304,2021-03-24 14:10:00,EMKR
5.69,5.705,5.64,5.69,3123,2021-03-24 14:15:00,EMKR
5.62,5.7,5.62,5.7,875,2021-03-24 14:20:00,EMKR
5.66,5.66,5.66,5.66,100,2021-03-24 14:25:00,EMKR
5.66,5.68,5.6401,5.665,11180,2021-03-24 14:30:00,EMKR
5.6412,5.66,5.6412,5.66,2860,2021-03-24 14:35:00,EMKR
5.68,5.7,5.68,5.68,3798,2021-03-24 14:40:00,EMKR
5.7,5.75,5.7,5.75,2675,2021-03-24 14:45:00,EMKR
5.75,5.79,5.73,5.79,500,2021-03-24 14:50:00,EMKR
5.77,5.77,5.762,5.77,430,2021-03-24 14:55:00,EMKR
5.76,5.76,5.74,5.75,5536,2021-03-24 15:00:00,EMKR
5.745,5.76,5.73,5.73,2597,2021-03-24 15:05:00,EMKR
5.71,5.72,5.66,5.66,1225,2021-03-24 15:10:00,EMKR
5.66,5.72,5.65,5.7,4165,2021-03-24 15:15:00,EMKR
5.68,5.68,5.65,5.66,1325,2021-03-24 15:20:00,EMKR
5.66,5.69,5.66,5.69,3356,2021-03-24 15:25:00,EMKR
5.68,5.69,5.66,5.66,1830,2021-03-24 15:30:00,EMKR
5.66,5.685,5.66,5.685,1000,2021-03-24 15:35:00,EMKR
5.67,5.675,5.65,5.67,4768,2021-03-24 15:40:00,EMKR
5.67,5.69,5.65,5.66,5300,2021-03-24 15:45:00,EMKR
5.665,5.685,5.66,5.685,7600,2021-03-24 15:50:00,EMKR
5.68,5.72,5.68,5.7199,1100,2021-03-24 15:55:00,EMKR
5.72,5.72,5.6584,5.66,1726,2021-03-24 16:00:00,EMKR
5.67,5.67,5.67,5.67,100,2021-03-24 16:05:00,EMKR
5.662,5.69,5.6501,5.6899,2430,2021-03-24 16:10:00,EMKR
5.7,5.71,5.7,5.71,2154,2021-03-24 16:20:00,EMKR
5.71,5.71,5.66,5.67,2400,2021-03-24 16:25:00,EMKR
5.67,5.69,5.65,5.65,3969,2021-03-24 16:30:00,EMKR
5.65,5.65,5.65,5.65,12592,2021-03-24 16:35:00,EMKR
5.65,5.65,5.64,5.65,300,2021-03-24 16:40:00,EMKR
5.65,5.65,5.64,5.64,2485,2021-03-24 16:45:00,EMKR
5.64,5.65,5.58,5.58,5720,2021-03-24 16:50:00,EMKR
5.61,5.61,5.57,5.59,2318,2021-03-24 16:55:00,EMKR
5.59,5.59,5.57,5.57,550,2021-03-24 17:00:00,EMKR
5.565,5.565,5.55,5.555,837,2021-03-24 17:05:00,EMKR
5.55,5.56,5.55,5.56,9407,2021-03-24 17:10:00,EMKR
5.57,5.59,5.57,5.581,3378,2021-03-24 17:15:00,EMKR
5.59,5.62,5.59,5.62,1320,2021-03-24 17:20:00,EMKR
5.62,5.64,5.6145,5.63,1600,2021-03-24 17:25:00,EMKR
5.63,5.64,5.62,5.62,600,2021-03-24 17:30:00,EMKR
5.65,5.65,5.6308,5.65,825,2021-03-24 17:35:00,EMKR
5.65,5.66,5.63,5.65,6483,2021-03-24 17:40:00,EMKR
5.635,5.635,5.635,5.635,200,2021-03-24 17:45:00,EMKR
5.65,5.685,5.65,5.685,1775,2021-03-24 17:50:00,EMKR
5.69,5.7,5.685,5.685,600,2021-03-24 17:55:00,EMKR
5.69,5.69,5.6601,5.6601,1474,2021-03-24 18:00:00,EMKR
5.68,5.685,5.68,5.685,900,2021-03-24 18:05:00,EMKR
5.67,5.685,5.67,5.67,1554,2021-03-24 18:10:00,EMKR
5.665,5.68,5.665,5.665,300,2021-03-24 18:15:00,EMKR
5.665,5.68,5.665,5.67,1500,2021-03-24 18:20:00,EMKR
5.665,5.67,5.63,5.63,2048,2021-03-24 18:25:00,EMKR
5.59,5.59,5.59,5.59,100,2021-03-24 18:30:00,EMKR
5.59,5.59,5.57,5.57,2352,2021-03-24 18:35:00,EMKR
5.58,5.58,5.55,5.5533,5169,2021-03-24 18:40:00,EMKR
5.5501,5.58,5.55,5.58,3939,2021-03-24 18:45:00,EMKR
5.59,5.59,5.56,5.56,3558,2021-03-24 18:50:00,EMKR
5.55,5.58,5.55,5.58,2487,2021-03-24 18:55:00,EMKR
5.55,5.56,5.55,5.56,2600,2021-03-24 19:00:00,EMKR
5.56,5.56,5.55,5.555,2015,2021-03-24 19:05:00,EMKR
5.55,5.56,5.55,5.555,13977,2021-03-24 19:10:00,EMKR
5.555,5.56,5.55,5.55,2000,2021-03-24 19:15:00,EMKR
5.55,5.555,5.55,5.55,3877,2021-03-24 19:20:00,EMKR
5.55,5.56,5.55,5.55,5555,2021-03-24 19:25:00,EMKR
5.55,5.56,5.55,5.555,3892,2021-03-24 19:30:00,EMKR
5.56,5.56,5.5,5.5,21069,2021-03-24 19:35:00,EMKR
5.505,5.52,5.4902,5.52,16017,2021-03-24 19:40:00,EMKR
5.52,5.55,5.5144,5.52,29823,2021-03-24 19:45:00,EMKR
5.52,5.52,5.45,5.46,9195,2021-03-24 19:50:00,EMKR
5.45,5.49,5.4301,5.4301,33688,2021-03-24 19:55:00,EMKR
5.43,5.45,5.43,5.45,11433,2021-03-24 20:00:00,EMKR
5.45,5.45,5.45,5.45,800,2021-03-24 20:20:00,EMKR
5.43,5.43,5.43,5.43,200,2021-03-25 11:50:00,EMKR
5.4,5.4,5.4,5.4,141,2021-03-25 12:20:00,EMKR
5.3,5.3,5.3,5.3,200,2021-03-25 13:20:00,EMKR
5.34,5.38,5.29,5.36,6204,2021-03-25 13:30:00,EMKR
5.3306,5.5,5.3306,5.5,15441,2021-03-25 13:35:00,EMKR
5.4904,5.515,5.472,5.5,3590,2021-03-25 13:40:00,EMKR
5.49,5.54,5.4639,5.52,5334,2021-03-25 13:45:00,EMKR
5.495,5.495,5.29,5.37,63227,2021-03-25 13:50:00,EMKR
5.38,5.4,5.3308,5.4,3820,2021-03-25 13:55:00,EMKR
5.4,5.435,5.38,5.4,3570,2021-03-25 14:00:00,EMKR
5.44,5.48,5.42,5.4799,11184,2021-03-25 14:05:00,EMKR
5.48,5.5,5.44,5.44,4400,2021-03-25 14:10:00,EMKR
5.41,5.41,5.36,5.405,1255,2021-03-25 14:15:00,EMKR
5.42,5.45,5.42,5.44,1325,2021-03-25 14:20:00,EMKR
5.44,5.44,5.385,5.385,5536,2021-03-25 14:25:00,EMKR
5.385,5.385,5.385,5.385,100,2021-03-25 14:30:00,EMKR
5.4,5.4,5.3,5.3414,10541,2021-03-25 14:35:00,EMKR
5.34,5.34,5.288,5.2901,4130,2021-03-25 14:40:00,EMKR
5.3,5.34,5.3,5.33,2763,2021-03-25 14:45:00,EMKR
5.3,5.32,5.19,5.1938,11637,2021-03-25 14:50:00,EMKR
5.2,5.29,5.2,5.29,6356,2021-03-25 14:55:00,EMKR
5.26,5.26,5.25,5.25,6000,2021-03-25 15:00:00,EMKR
5.25,5.26,5.23,5.24,14118,2021-03-25 15:05:00,EMKR
5.245,5.28,5.245,5.28,1600,2021-03-25 15:10:00,EMKR
5.29,5.31,5.29,5.31,1300,2021-03-25 15:15:00,EMKR
5.31,5.32,5.3024,5.32,1539,2021-03-25 15:20:00,EMKR
5.3,5.34,5.3,5.33,3600,2021-03-25 15:25:00,EMKR
5.34,5.37,5.3249,5.37,4623,2021-03-25 15:30:00,EMKR
5.3414,5.37,5.34,5.34,3850,2021-03-25 15:35:00,EMKR
5.34,5.34,5.31,5.31,1100,2021-03-25 15:40:00,EMKR
5.3,5.31,5.24,5.31,10408,2021-03-25 15:45:00,EMKR
5.315,5.315,5.26,5.3,2400,2021-03-25 15:50:00,EMKR
5.3,5.3299,5.2801,5.31,7819,2021-03-25 15:55:00,EMKR
5.33,5.41,5.33,5.39,3120,2021-03-25 16:00:00,EMKR
5.41,5.41,5.37,5.395,6075,2021-03-25 16:05:00,EMKR
5.38,5.38,5.34,5.34,700,2021-03-25 16:10:00,EMKR
5.36,5.4,5.36,5.4,3850,2021-03-25 16:15:00,EMKR
5.4,5.47,5.4,5.47,8338,2021-03-25 16:20:00,EMKR
5.47,5.4882,5.47,5.47,4542,2021-03-25 16:25:00,EMKR
5.45,5.455,5.45,5.45,1861,2021-03-25 16:30:00,EMKR
5.445,5.46,5.445,5.45,13578,2021-03-25 16:35:00,EMKR
5.46,5.49,5.46,5.49,1522,2021-03-25 16:40:00,EMKR
5.47,5.49,5.47,5.48,1100,2021-03-25 16:45:00,EMKR
5.49,5.49,5.45,5.475,6172,2021-03-25 16:50:00,EMKR
5.48,5.5,5.48,5.49,7328,2021-03-25 16:55:00,EMKR
5.45,5.46,5.41,5.41,21148,2021-03-25 17:00:00,EMKR
5.435,5.435,5.42,5.435,1000,2021-03-25 17:05:00,EMKR
5.435,5.435,5.435,5.435,200,2021-03-25 17:10:00,EMKR
5.45,5.4633,5.44,5.45,8175,2021-03-25 17:15:00,EMKR
5.45,5.45,5.44,5.44,600,2021-03-25 17:20:00,EMKR
5.42,5.42,5.42,5.42,464,2021-03-25 17:25:00,EMKR
5.42,5.42,5.42,5.42,100,2021-03-25 17:30:00,EMKR
5.4124,5.4124,5.3911,5.3938,2200,2021-03-25 17:35:00,EMKR
5.405,5.42,5.4,5.42,3300,2021-03-25 17:40:00,EMKR
5.43,5.43,5.42,5.42,2290,2021-03-25 17:45:00,EMKR
5.42,5.44,5.42,5.42,1900,2021-03-25 17:55:00,EMKR
5.4,5.4201,5.39,5.39,9602,2021-03-25 18:05:00,EMKR
5.39,5.39,5.37,5.37,3487,2021-03-25 18:10:00,EMKR
5.38,5.41,5.38,5.41,2911,2021-03-25 18:15:00,EMKR
5.41,5.41,5.41,5.41,500,2021-03-25 18:20:00,EMKR
5.4,5.42,5.38,5.38,3900,2021-03-25 18:25:00,EMKR
5.33,5.34,5.32,5.34,1500,2021-03-25 18:30:00,EMKR
5.335,5.43,5.335,5.43,9300,2021-03-25 18:35:00,EMKR
5.45,5.45,5.45,5.45,500,2021-03-25 18:40:00,EMKR
5.4697,5.4697,5.4697,5.4697,200,2021-03-25 18:45:00,EMKR
5.47,5.47,5.46,5.47,1400,2021-03-25 18:50:00,EMKR
5.47,5.48,5.45,5.465,3484,2021-03-25 18:55:00,EMKR
5.45,5.45,5.45,5.45,800,2021-03-25 19:00:00,EMKR
5.45,5.46,5.43,5.43,3223,2021-03-25 19:05:00,EMKR
5.44,5.44,5.434,5.44,2863,2021-03-25 19:10:00,EMKR
5.45,5.455,5.45,5.45,2500,2021-03-25 19:15:00,EMKR
5.45,5.45,5.43,5.43,1100,2021-03-25 19:20:00,EMKR
5.435,5.44,5.435,5.435,1800,2021-03-25 19:25:00,EMKR
5.435,5.44,5.43,5.435,1300,2021-03-25 19:30:00,EMKR
5.43,5.46,5.42,5.45,5941,2021-03-25 19:35:00,EMKR
5.46,5.5,5.45,5.46,4922,2021-03-25 19:40:00,EMKR
5.47,5.485,5.46,5.485,3500,2021-03-25 19:45:00,EMKR
5.49,5.5,5.47,5.47,2900,2021-03-25 19:50:00,EMKR
5.47,5.475,5.44,5.44,8668,2021-03-25 19:55:00,EMKR
5.45,5.45,5.45,5.45,3691,2021-03-25 20:00:00,EMKR
5.4899,5.49,5.4899,5.49,1000,2021-03-25 23:05:00,EMKR
5.49,5.49,5.49,5.49,200,2021-03-25 23:25:00,EMKR
5.45,5.45,5.45,5.45,100,2021-03-26 11:25:00,EMKR
5.44,5.64,5.41,5.42,62570,2021-03-26 13:30:00,EMKR
5.5,5.58,5.5,5.5639,6574,2021-03-26 13:45:00,EMKR
5.51,5.655,5.51,5.655,10136,2021-03-26 13:50:00,EMKR
5.655,5.7383,5.655,5.7149,6922,2021-03-26 13:55:00,EMKR
5.705,5.79,5.661,5.77,9170,2021-03-26 14:00:00,EMKR
5.76,5.8,5.6955,5.7199,8412,2021-03-26 14:05:00,EMKR
5.72,5.735,5.71,5.725,3400,2021-03-26 14:10:00,EMKR
5.725,5.7299,5.68,5.68,1266,2021-03-26 14:15:00,EMKR
5.695,5.8,5.6601,5.745,11996,2021-03-26 14:20:00,EMKR
5.735,5.77,5.735,5.75,3407,2021-03-26 14:25:00,EMKR
5.75,5.77,5.73,5.75,4872,2021-03-26 14:30:00,EMKR
5.75,5.75,5.7,5.7,2765,2021-03-26 14:35:00,EMKR
5.715,5.715,5.69,5.69,5000,2021-03-26 14:40:00,EMKR
5.6867,5.69,5.6789,5.685,1186,2021-03-26 14:45:00,EMKR
5.67,5.69,5.57,5.6,13426,2021-03-26 14:50:00,EMKR
5.57,5.63,5.57,5.6011,4647,2021-03-26 14:55:00,EMKR
5.586,5.61,5.586,5.61,2250,2021-03-26 15:00:00,EMKR
5.615,5.615,5.615,5.615,300,2021-03-26 15:05:00,EMKR
5.59,5.61,5.56,5.575,1600,2021-03-26 15:10:00,EMKR
5.56,5.61,5.56,5.58,2750,2021-03-26 15:20:00,EMKR
5.6,5.63,5.54,5.58,6390,2021-03-26 15:25:00,EMKR
5.57,5.595,5.57,5.595,700,2021-03-26 15:30:00,EMKR
5.61,5.62,5.61,5.61,500,2021-03-26 15:35:00,EMKR
5.64,5.66,5.62,5.62,2175,2021-03-26 15:40:00,EMKR
5.65,5.66,5.65,5.65,1700,2021-03-26 15:45:00,EMKR
5.65,5.6658,5.65,5.6658,700,2021-03-26 15:50:00,EMKR
5.628,5.65,5.62,5.65,1846,2021-03-26 15:55:00,EMKR
5.64,5.64,5.64,5.64,300,2021-03-26 16:00:00,EMKR
5.6794,5.6794,5.6794,5.6794,200,2021-03-26 16:05:00,EMKR
5.69,5.69,5.69,5.69,100,2021-03-26 16:10:00,EMKR
5.685,5.69,5.685,5.69,300,2021-03-26 16:15:00,EMKR
5.7299,5.7299,5.64,5.66,2327,2021-03-26 16:20:00,EMKR
5.6799,5.6799,5.64,5.64,1000,2021-03-26 16:25:00,EMKR
5.69,5.69,5.64,5.64,595,2021-03-26 16:30:00,EMKR
5.6401,5.665,5.63,5.63,2150,2021-03-26 16:35:00,EMKR
5.63,5.75,5.62,5.71,16537,2021-03-26 16:40:00,EMKR
5.74,5.74,5.69,5.69,6400,2021-03-26 16:45:00,EMKR
5.705,5.71,5.68,5.69,3524,2021-03-26 16:50:00,EMKR
5.69,5.7,5.67,5.69,9171,2021-03-26 16:55:00,EMKR
5.692,5.695,5.6803,5.69,1600,2021-03-26 17:00:00,EMKR
5.69,5.71,5.69,5.71,400,2021-03-26 17:05:00,EMKR
5.71,5.71,5.7,5.7,600,2021-03-26 17:15:00,EMKR
5.73,5.73,5.7,5.7,1166,2021-03-26 17:20:00,EMKR
5.7,5.73,5.7,5.7228,1100,2021-03-26 17:25:00,EMKR
5.7,5.73,5.7,5.7,5600,2021-03-26 17:30:00,EMKR
5.69,5.7,5.67,5.7,8309,2021-03-26 17:35:00,EMKR
5.69,5.7,5.68,5.69,5400,2021-03-26 17:40:00,EMKR
5.69,5.7,5.67,5.69,4700,2021-03-26 17:45:00,EMKR
5.69,5.7,5.69,5.7,1370,2021-03-26 17:50:00,EMKR
5.705,5.71,5.7,5.7,3100,2021-03-26 17:55:00,EMKR
5.7,5.7,5.66,5.7,9365,2021-03-26 18:00:00,EMKR
5.69,5.69,5.68,5.68,200,2021-03-26 18:05:00,EMKR
5.65,5.7,5.63,5.66,17451,2021-03-26 18:10:00,EMKR
5.66,5.67,5.64,5.67,5854,2021-03-26 18:15:00,EMKR
5.67,5.7,5.6473,5.6881,2840,2021-03-26 18:20:00,EMKR
5.71,5.73,5.7,5.7,3681,2021-03-26 18:25:00,EMKR
5.7,5.73,5.7,5.73,8499,2021-03-26 18:30:00,EMKR
5.73,5.75,5.7119,5.73,4678,2021-03-26 18:35:00,EMKR
5.74,5.74,5.71,5.725,7718,2021-03-26 18:40:00,EMKR
5.72,5.74,5.71,5.71,5613,2021-03-26 18:45:00,EMKR
5.71,5.73,5.7,5.73,7909,2021-03-26 18:50:00,EMKR
5.74,5.78,5.726,5.775,2788,2021-03-26 18:55:00,EMKR
5.78,5.785,5.775,5.775,5250,2021-03-26 19:00:00,EMKR
5.775,5.775,5.775,5.775,200,2021-03-26 19:05:00,EMKR
5.775,5.79,5.765,5.78,6402,2021-03-26 19:10:00,EMKR
5.785,5.785,5.78,5.78,1600,2021-03-26 19:15:00,EMKR
5.79,5.81,5.79,5.805,6240,2021-03-26 19:20:00,EMKR
5.81,5.81,5.79,5.8,3887,2021-03-26 19:25:00,EMKR
5.81,5.83,5.8036,5.81,7112,2021-03-26 19:30:00,EMKR
5.825,5.825,5.825,5.825,100,2021-03-26 19:35:00,EMKR
5.81,5.84,5.81,5.82,5086,2021-03-26 19:40:00,EMKR
5.81,5.83,5.8041,5.82,1511,2021-03-26 19:45:00,EMKR
5.82,5.84,5.82,5.84,1826,2021-03-26 19:50:00,EMKR
5.8401,5.88,5.83,5.83,17660,2021-03-26 19:55:00,EMKR
5.83,5.83,5.83,5.83,9830,2021-03-26 20:00:00,EMKR
5.83,5.83,5.83,5.83,581,2021-03-26 21:20:00,EMKR
5.77,5.77,5.77,5.77,3099,2021-03-29 13:30:00,EMKR
5.7823,5.85,5.7774,5.85,6128,2021-03-29 13:35:00,EMKR
5.85,5.85,5.74,5.75,23008,2021-03-29 13:40:00,EMKR
5.75,5.76,5.71,5.71,10613,2021-03-29 13:45:00,EMKR
5.72,5.73,5.69,5.72,3760,2021-03-29 13:50:00,EMKR
5.71,5.71,5.66,5.66,3074,2021-03-29 13:55:00,EMKR
5.66,5.68,5.64,5.6454,3499,2021-03-29 14:00:00,EMKR
5.67,5.67,5.56,5.575,5077,2021-03-29 14:05:00,EMKR
5.58,5.6,5.58,5.6,1590,2021-03-29 14:10:00,EMKR
5.61,5.6302,5.61,5.62,4044,2021-03-29 14:15:00,EMKR
5.6,5.62,5.58,5.605,3184,2021-03-29 14:20:00,EMKR
5.6,5.61,5.59,5.61,975,2021-03-29 14:25:00,EMKR
5.55,5.55,5.54,5.54,1127,2021-03-29 14:30:00,EMKR
5.55,5.56,5.54,5.56,1900,2021-03-29 14:35:00,EMKR
5.55,5.55,5.51,5.52,1339,2021-03-29 14:40:00,EMKR
5.5,5.52,5.48,5.51,8749,2021-03-29 14:45:00,EMKR
5.51,5.51,5.47,5.47,16436,2021-03-29 14:50:00,EMKR
5.48,5.48,5.44,5.4599,1300,2021-03-29 14:55:00,EMKR
5.43,5.44,5.42,5.4227,3084,2021-03-29 15:00:00,EMKR
5.44,5.44,5.42,5.42,2038,2021-03-29 15:05:00,EMKR
5.44,5.45,5.425,5.425,1300,2021-03-29 15:10:00,EMKR
5.41,5.41,5.4,5.4,3783,2021-03-29 15:15:00,EMKR
5.39,5.41,5.3829,5.41,2291,2021-03-29 15:20:00,EMKR
5.43,5.45,5.43,5.45,500,2021-03-29 15:25:00,EMKR
5.46,5.46,5.43,5.439,3430,2021-03-29 15:30:00,EMKR
5.43,5.43,5.43,5.43,300,2021-03-29 15:35:00,EMKR
5.415,5.415,5.415,5.415,200,2021-03-29 15:40:00,EMKR
5.41,5.43,5.41,5.43,1100,2021-03-29 15:45:00,EMKR
5.41,5.41,5.38,5.39,9332,2021-03-29 15:50:00,EMKR
5.39,5.42,5.39,5.42,954,2021-03-29 15:55:00,EMKR
5.42,5.45,5.4,5.42,4577,2021-03-29 16:00:00,EMKR
5.39,5.39,5.35,5.35,6958,2021-03-29 16:05:00,EMKR
5.355,5.37,5.345,5.3531,850,2021-03-29 16:10:00,EMKR
5.36,5.39,5.34,5.38,2400,2021-03-29 16:15:00,EMKR
5.3899,5.3899,5.37,5.38,464,2021-03-29 16:20:00,EMKR
5.365,5.3799,5.35,5.37,2200,2021-03-29 16:25:00,EMKR
5.375,5.43,5.375,5.43,6300,2021-03-29 16:30:00,EMKR
5.4,5.41,5.4,5.41,2500,2021-03-29 16:35:00,EMKR
5.43,5.46,5.43,5.455,1400,2021-03-29 16:40:00,EMKR
5.44,5.4409,5.435,5.435,1300,2021-03-29 16:45:00,EMKR
5.4,5.42,5.38,5.42,2262,2021-03-29 16:50:00,EMKR
5.4297,5.49,5.4297,5.49,13405,2021-03-29 16:55:00,EMKR
5.45,5.4633,5.44,5.4633,4600,2021-03-29 17:00:00,EMKR
5.41,5.46,5.4,5.42,4753,2021-03-29 17:05:00,EMKR
5.4296,5.4561,5.42,5.45,2889,2021-03-29 17:10:00,EMKR
5.45,5.46,5.425,5.46,1804,2021-03-29 17:15:00,EMKR
5.46,5.46,5.45,5.46,1512,2021-03-29 17:20:00,EMKR
5.46,5.48,5.45,5.47,7890,2021-03-29 17:25:00,EMKR
5.46,5.5,5.4531,5.5,1624,2021-03-29 17:30:00,EMKR
5.5,5.5,5.45,5.45,2900,2021-03-29 17:35:00,EMKR
5.46,5.46,5.4396,5.4396,959,2021-03-29 17:40:00,EMKR
5.42,5.43,5.41,5.43,1340,2021-03-29 17:45:00,EMKR
5.42,5.44,5.41,5.43,2754,2021-03-29 17:50:00,EMKR
5.42,5.44,5.35,5.35,6930,2021-03-29 17:55:00,EMKR
5.355,5.37,5.34,5.34,1900,2021-03-29 18:00:00,EMKR
5.34,5.41,5.34,5.38,6048,2021-03-29 18:05:00,EMKR
5.37,5.4,5.37,5.4,8830,2021-03-29 18:10:00,EMKR
5.4,5.407,5.4,5.4,4496,2021-03-29 18:15:00,EMKR
5.4,5.4,5.36,5.36,2077,2021-03-29 18:20:00,EMKR
5.35,5.38,5.34,5.37,2031,2021-03-29 18:25:00,EMKR
5.3525,5.38,5.3501,5.3501,4900,2021-03-29 18:30:00,EMKR
5.32,5.325,5.31,5.325,2054,2021-03-29 18:35:00,EMKR
5.31,5.35,5.31,5.33,2800,2021-03-29 18:45:00,EMKR
5.33,5.35,5.32,5.32,300,2021-03-29 18:50:00,EMKR
5.34,5.34,5.27,5.3,5610,2021-03-29 18:55:00,EMKR
5.31,5.33,5.31,5.32,1300,2021-03-29 19:00:00,EMKR
5.33,5.36,5.3288,5.3288,5400,2021-03-29 19:05:00,EMKR
5.36,5.4,5.36,5.4,7300,2021-03-29 19:10:00,EMKR
5.4076,5.4424,5.4,5.4,6338,2021-03-29 19:15:00,EMKR
5.4,5.41,5.4,5.41,6264,2021-03-29 19:20:00,EMKR
5.42,5.44,5.42,5.44,700,2021-03-29 19:25:00,EMKR
5.43,5.44,5.41,5.44,7988,2021-03-29 19:30:00,EMKR
5.44,5.46,5.41,5.45,7376,2021-03-29 19:35:00,EMKR
5.46,5.46,5.4,5.41,10493,2021-03-29 19:40:00,EMKR
5.42,5.46,5.41,5.43,4445,2021-03-29 19:45:00,EMKR
5.42,5.45,5.4163,5.45,9772,2021-03-29 19:50:00,EMKR
5.45,5.47,5.4,5.4,22589,2021-03-29 19:55:00,EMKR
5.41,5.41,5.41,5.41,14095,2021-03-29 20:00:00,EMKR
5.26,5.26,5.26,5.26,190,2021-03-29 22:25:00,EMKR
5.36,5.43,5.26,5.3699,5937,2021-03-30 13:30:00,EMKR
5.35,5.35,5.29,5.32,900,2021-03-30 13:35:00,EMKR
5.32,5.32,5.315,5.315,800,2021-03-30 13:40:00,EMKR
5.3,5.33,5.28,5.33,1765,2021-03-30 13:45:00,EMKR
5.3001,5.31,5.26,5.31,9100,2021-03-30 13:50:00,EMKR
5.31,5.34,5.29,5.3,9104,2021-03-30 13:55:00,EMKR
5.3087,5.3308,5.3001,5.33,3458,2021-03-30 14:05:00,EMKR
5.3,5.3147,5.3,5.3147,1100,2021-03-30 14:10:00,EMKR
5.29,5.29,5.29,5.29,492,2021-03-30 14:15:00,EMKR
5.27,5.29,5.27,5.27,12408,2021-03-30 14:20:00,EMKR
5.274,5.31,5.27,5.31,8544,2021-03-30 14:25:00,EMKR
5.32,5.3485,5.31,5.31,7397,2021-03-30 14:30:00,EMKR
5.3,5.3,5.3,5.3,100,2021-03-30 14:35:00,EMKR
5.31,5.37,5.31,5.37,1745,2021-03-30 14:40:00,EMKR
5.38,5.38,5.33,5.35,2734,2021-03-30 14:45:00,EMKR
5.36,5.38,5.35,5.365,6900,2021-03-30 14:50:00,EMKR
5.36,5.36,5.36,5.36,225,2021-03-30 14:55:00,EMKR
5.38,5.45,5.38,5.41,6522,2021-03-30 15:00:00,EMKR
5.41,5.42,5.41,5.42,200,2021-03-30 15:05:00,EMKR
5.41,5.41,5.38,5.38,4231,2021-03-30 15:10:00,EMKR
5.36,5.39,5.34,5.39,12963,2021-03-30 15:15:00,EMKR
5.38,5.41,5.38,5.39,300,2021-03-30 15:20:00,EMKR
5.39,5.39,5.3895,5.3895,600,2021-03-30 15:25:00,EMKR
5.39,5.4,5.37,5.37,3600,2021-03-30 15:30:00,EMKR
5.37,5.37,5.37,5.37,200,2021-03-30 15:35:00,EMKR
5.37,5.38,5.37,5.38,1200,2021-03-30 15:40:00,EMKR
5.38,5.38,5.38,5.38,336,2021-03-30 15:45:00,EMKR
5.35,5.3712,5.35,5.3712,200,2021-03-30 15:50:00,EMKR
5.3669,5.3673,5.355,5.355,1275,2021-03-30 15:55:00,EMKR
5.37,5.37,5.35,5.35,400,2021-03-30 16:00:00,EMKR
5.37,5.3746,5.37,5.3746,400,2021-03-30 16:05:00,EMKR
5.37,5.37,5.36,5.37,975,2021-03-30 16:10:00,EMKR
5.355,5.36,5.34,5.34,1900,2021-03-30 16:15:00,EMKR
5.34,5.34,5.3226,5.3226,550,2021-03-30 16:20:00,EMKR
5.35,5.38,5.35,5.375,2367,2021-03-30 16:25:00,EMKR
5.38,5.38,5.38,5.38,600,2021-03-30 16:35:00,EMKR
5.35,5.39,5.35,5.375,3900,2021-03-30 16:40:00,EMKR
5.38,5.4098,5.365,5.4098,3500,2021-03-30 16:45:00,EMKR
5.3814,5.39,5.38,5.39,795,2021-03-30 16:50:00,EMKR
5.39,5.39,5.33,5.33,1344,2021-03-30 16:55:00,EMKR
5.345,5.36,5.345,5.36,700,2021-03-30 17:00:00,EMKR
5.34,5.38,5.34,5.38,2500,2021-03-30 17:05:00,EMKR
5.36,5.3815,5.36,5.3815,250,2021-03-30 17:10:00,EMKR
5.37,5.37,5.36,5.37,1000,2021-03-30 17:15:00,EMKR
5.35,5.38,5.35,5.35,1348,2021-03-30 17:20:00,EMKR
5.3628,5.3628,5.35,5.35,656,2021-03-30 17:25:00,EMKR
5.35,5.35,5.32,5.33,1984,2021-03-30 17:30:00,EMKR
5.3,5.34,5.3,5.33,1449,2021-03-30 17:35:00,EMKR
5.35,5.37,5.34,5.37,1887,2021-03-30 17:40:00,EMKR
5.35,5.35,5.35,5.35,100,2021-03-30 17:45:00,EMKR
5.362,5.362,5.3618,5.3618,1100,2021-03-30 17:50:00,EMKR
5.34,5.34,5.33,5.33,400,2021-03-30 17:55:00,EMKR
5.31,5.3362,5.31,5.3362,1100,2021-03-30 18:00:00,EMKR
5.31,5.33,5.31,5.33,700,2021-03-30 18:05:00,EMKR
5.3343,5.35,5.3343,5.35,1700,2021-03-30 18:10:00,EMKR
5.33,5.34,5.32,5.325,1253,2021-03-30 18:20:00,EMKR
5.34,5.34,5.34,5.34,100,2021-03-30 18:25:00,EMKR
5.33,5.37,5.32,5.36,4025,2021-03-30 18:30:00,EMKR
5.37,5.37,5.35,5.35,1400,2021-03-30 18:35:00,EMKR
5.36,5.37,5.36,5.37,300,2021-03-30 18:40:00,EMKR
5.3673,5.38,5.3673,5.38,990,2021-03-30 18:45:00,EMKR
5.38,5.38,5.37,5.37,500,2021-03-30 18:50:00,EMKR
5.39,5.4,5.39,5.4,600,2021-03-30 18:55:00,EMKR
5.415,5.415,5.415,5.415,150,2021-03-30 19:00:00,EMKR
5.4299,5.4299,5.4299,5.4299,500,2021-03-30 19:05:00,EMKR
5.4,5.41,5.4,5.41,600,2021-03-30 19:10:00,EMKR
5.42,5.43,5.41,5.415,2794,2021-03-30 19:15:00,EMKR
5.42,5.42,5.39,5.39,3789,2021-03-30 19:20:00,EMKR
5.37,5.395,5.37,5.395,1700,2021-03-30 19:25:00,EMKR
5.39,5.4185,5.39,5.4,2789,2021-03-30 19:30:00,EMKR
5.41,5.41,5.38,5.399,2754,2021-03-30 19:35:00,EMKR
5.409,5.409,5.39,5.4,1400,2021-03-30 19:40:00,EMKR
5.3914,5.4,5.38,5.38,5601,2021-03-30 19:45:00,EMKR
5.38,5.4,5.38,5.39,12153,2021-03-30 19:50:00,EMKR
5.38,5.39,5.37,5.38,5853,2021-03-30 19:55:00,EMKR
5.37,5.37,5.37,5.37,2604,2021-03-30 20:00:00,EMKR
5.37,5.37,5.37,5.37,100,2021-03-31 12:00:00,EMKR
5.3701,5.3701,5.3701,5.3701,200,2021-03-31 12:25:00,EMKR
5.4,5.46,5.4,5.4583,3922,2021-03-31 13:30:00,EMKR
5.47,5.5,5.47,5.4701,2248,2021-03-31 13:35:00,EMKR
5.5053,5.51,5.4813,5.4853,698,2021-03-31 13:40:00,EMKR
5.48,5.51,5.48,5.51,1500,2021-03-31 13:45:00,EMKR
5.47,5.53,5.47,5.53,4392,2021-03-31 13:50:00,EMKR
5.5,5.5,5.5,5.5,100,2021-03-31 13:55:00,EMKR
5.47,5.52,5.47,5.5099,4499,2021-03-31 14:00:00,EMKR
5.49,5.49,5.49,5.49,100,2021-03-31 14:05:00,EMKR
5.48,5.48,5.43,5.445,6914,2021-03-31 14:10:00,EMKR
5.43,5.455,5.43,5.455,986,2021-03-31 14:15:00,EMKR
5.46,5.49,5.46,5.49,500,2021-03-31 14:20:00,EMKR
5.4703,5.4703,5.47,5.47,400,2021-03-31 14:25:00,EMKR
5.44,5.44,5.43,5.43,1100,2021-03-31 14:30:00,EMKR
5.43,5.44,5.39,5.44,9791,2021-03-31 14:35:00,EMKR
5.46,5.4838,5.46,5.4736,778,2021-03-31 14:40:00,EMKR
5.49,5.49,5.45,5.45,400,2021-03-31 14:45:00,EMKR
5.4338,5.44,5.42,5.42,901,2021-03-31 14:50:00,EMKR
5.42,5.43,5.41,5.43,900,2021-03-31 14:55:00,EMKR
5.42,5.43,5.41,5.4119,1000,2021-03-31 15:00:00,EMKR
5.42,5.42,5.42,5.42,400,2021-03-31 15:05:00,EMKR
5.42,5.42,5.4101,5.42,1020,2021-03-31 15:10:00,EMKR
5.41,5.41,5.41,5.41,500,2021-03-31 15:15:00,EMKR
5.42,5.43,5.42,5.4201,2608,2021-03-31 15:20:00,EMKR
5.43,5.45,5.43,5.44,1396,2021-03-31 15:25:00,EMKR
5.42,5.42,5.42,5.42,200,2021-03-31 15:30:00,EMKR
5.42,5.42,5.41,5.42,5780,2021-03-31 15:35:00,EMKR
5.41,5.42,5.41,5.42,600,2021-03-31 15:40:00,EMKR
5.4,5.4,5.4,5.4,100,2021-03-31 15:50:00,EMKR
5.42,5.42,5.41,5.42,2699,2021-03-31 15:55:00,EMKR
5.43,5.43,5.43,5.43,300,2021-03-31 16:00:00,EMKR
5.4562,5.4562,5.43,5.45,4100,2021-03-31 16:10:00,EMKR
5.46,5.46,5.44,5.44,606,2021-03-31 16:15:00,EMKR
5.45,5.46,5.44,5.46,1400,2021-03-31 16:20:00,EMKR
5.465,5.48,5.465,5.48,1050,2021-03-31 16:25:00,EMKR
5.45,5.46,5.45,5.46,300,2021-03-31 16:30:00,EMKR
5.45,5.45,5.45,5.45,100,2021-03-31 16:35:00,EMKR
5.44,5.45,5.41,5.43,575,2021-03-31 16:40:00,EMKR
5.435,5.4373,5.4,5.41,3608,2021-03-31 16:45:00,EMKR
5.403,5.403,5.4,5.4,2723,2021-03-31 16:50:00,EMKR
5.4,5.4,5.4,5.4,1600,2021-03-31 16:55:00,EMKR
5.405,5.405,5.39,5.39,200,2021-03-31 17:00:00,EMKR
5.4139,5.42,5.4,5.42,1200,2021-03-31 17:05:00,EMKR
5.42,5.44,5.42,5.44,4268,2021-03-31 17:10:00,EMKR
5.43,5.43,5.43,5.43,700,2021-03-31 17:15:00,EMKR
5.42,5.435,5.41,5.41,5616,2021-03-31 17:20:00,EMKR
5.41,5.41,5.4001,5.4001,1300,2021-03-31 17:25:00,EMKR
5.4,5.4075,5.4,5.405,2400,2021-03-31 17:30:00,EMKR
5.41,5.435,5.405,5.435,3202,2021-03-31 17:35:00,EMKR
5.43,5.43,5.39,5.39,2471,2021-03-31 17:40:00,EMKR
5.39,5.39,5.39,5.39,100,2021-03-31 17:50:00,EMKR
5.4,5.4,5.39,5.395,6115,2021-03-31 17:55:00,EMKR
5.39,5.4,5.39,5.39,6200,2021-03-31 18:00:00,EMKR
5.4,5.4,5.39,5.39,3093,2021-03-31 18:05:00,EMKR
5.395,5.395,5.395,5.395,1000,2021-03-31 18:10:00,EMKR
5.395,5.395,5.395,5.395,1000,2021-03-31 18:15:00,EMKR
5.38,5.41,5.38,5.41,400,2021-03-31 18:20:00,EMKR
5.41,5.41,5.39,5.4,2000,2021-03-31 18:25:00,EMKR
5.39,5.4,5.39,5.4,400,2021-03-31 18:30:00,EMKR
5.39,5.4,5.39,5.4,10700,2021-03-31 18:35:00,EMKR
5.41,5.45,5.39,5.45,4885,2021-03-31 18:40:00,EMKR
5.455,5.47,5.455,5.455,7705,2021-03-31 18:45:00,EMKR
5.46,5.48,5.46,5.4662,700,2021-03-31 18:50:00,EMKR
5.47,5.47,5.43,5.43,10991,2021-03-31 18:55:00,EMKR
5.43,5.435,5.425,5.435,935,2021-03-31 19:00:00,EMKR
5.435,5.435,5.435,5.435,300,2021-03-31 19:05:00,EMKR
5.4238,5.45,5.42,5.445,2643,2021-03-31 19:10:00,EMKR
5.45,5.48,5.45,5.46,1400,2021-03-31 19:15:00,EMKR
5.46,5.47,5.46,5.46,1500,2021-03-31 19:20:00,EMKR
5.48,5.48,5.45,5.46,5370,2021-03-31 19:25:00,EMKR
5.47,5.47,5.46,5.465,5990,2021-03-31 19:30:00,EMKR
5.47,5.47,5.45,5.47,6700,2021-03-31 19:35:00,EMKR
5.46,5.47,5.45,5.465,5106,2021-03-31 19:40:00,EMKR
5.47,5.48,5.45,5.48,1598,2021-03-31 19:45:00,EMKR
5.479,5.4999,5.46,5.4962,15093,2021-03-31 19:50:00,EMKR
5.49,5.5,5.46,5.48,16185,2021-03-31 19:55:00,EMKR
5.46,5.46,5.46,5.46,17355,2021-03-31 20:00:00,EMKR
5.41,5.41,5.41,5.41,100,2021-03-31 20:15:00,EMKR
