open,high,low,close,volume,datetime,symbol
15.0,15.0,15.0,15.0,200,2021-03-01 11:30:00,VACQU
12.06,14.4,12.06,13.25,2256,2021-03-01 12:00:00,VACQU
13.25,13.5,13.25,13.4,3553,2021-03-01 12:05:00,VACQU
13.34,13.34,13.34,13.34,1000,2021-03-01 12:10:00,VACQU
13.1,13.1,13.1,13.1,1000,2021-03-01 12:15:00,VACQU
13.15,13.15,13.15,13.15,100,2021-03-01 12:20:00,VACQU
13.15,13.15,13.15,13.15,200,2021-03-01 12:25:00,VACQU
12.9,12.95,12.9,12.95,1684,2021-03-01 12:40:00,VACQU
12.95,13.0,12.95,13.0,707,2021-03-01 12:45:00,VACQU
12.75,13.0,12.75,13.0,1576,2021-03-01 12:50:00,VACQU
13.0,13.0,12.9,12.9,2821,2021-03-01 12:55:00,VACQU
13.0,13.0,12.77,12.77,400,2021-03-01 13:00:00,VACQU
12.9,12.99,12.9,12.99,1500,2021-03-01 13:05:00,VACQU
12.95,13.0,12.95,12.95,2200,2021-03-01 13:10:00,VACQU
12.95,13.0,12.95,13.0,5993,2021-03-01 13:15:00,VACQU
12.97,12.97,12.97,12.97,500,2021-03-01 13:20:00,VACQU
12.95,12.95,12.95,12.95,100,2021-03-01 13:25:00,VACQU
12.9,12.9,12.9,12.9,400,2021-03-01 13:30:00,VACQU
12.9,12.9,12.9,12.9,1438,2021-03-01 13:35:00,VACQU
12.9,13.25,12.88,13.25,19620,2021-03-01 13:40:00,VACQU
13.32,13.55,13.32,13.51,13653,2021-03-01 13:45:00,VACQU
13.53,13.53,13.49,13.49,1795,2021-03-01 13:50:00,VACQU
13.68,13.68,13.65,13.65,10244,2021-03-01 14:00:00,VACQU
13.65,13.85,13.63,13.85,174047,2021-03-01 14:05:00,VACQU
13.85,14.23,13.69,14.23,51084,2021-03-01 14:10:00,VACQU
14.2,14.2,14.01,14.19,9754,2021-03-01 14:15:00,VACQU
14.15,14.2,14.15,14.2,43714,2021-03-01 14:20:00,VACQU
14.2,14.47,14.2,14.35,113511,2021-03-01 14:25:00,VACQU
14.34,14.49,14.21,14.3,145288,2021-03-01 14:30:00,VACQU
14.3,14.3376,13.92,14.25,38291,2021-03-01 14:35:00,VACQU
14.25,14.25,13.99,14.0345,79687,2021-03-01 14:40:00,VACQU
14.05,14.2254,13.95,14.2254,68006,2021-03-01 14:45:00,VACQU
14.14,14.15,14.075,14.075,23925,2021-03-01 14:50:00,VACQU
14.01,14.05,13.9,13.94,20803,2021-03-01 14:55:00,VACQU
13.96,14.0,13.76,14.0,43173,2021-03-01 15:00:00,VACQU
14.0,14.0,13.94,13.94,21496,2021-03-01 15:05:00,VACQU
13.94,14.0,13.92,13.98,120442,2021-03-01 15:10:00,VACQU
13.98,14.0,13.97,13.99,25798,2021-03-01 15:15:00,VACQU
14.0,14.5,13.995,14.36,74711,2021-03-01 15:20:00,VACQU
14.405,14.4499,14.12,14.36,24460,2021-03-01 15:25:00,VACQU
14.41,14.41,14.14,14.14,48808,2021-03-01 15:30:00,VACQU
14.14,14.2,14.115,14.1399,17265,2021-03-01 15:35:00,VACQU
14.15,14.15,14.07,14.07,12557,2021-03-01 15:40:00,VACQU
14.07,14.1308,14.0,14.075,14873,2021-03-01 15:45:00,VACQU
14.14,14.29,14.075,14.18,127584,2021-03-01 15:50:00,VACQU
14.22,14.23,14.1206,14.19,4623,2021-03-01 15:55:00,VACQU
14.25,14.4,14.18,14.4,46478,2021-03-01 16:00:00,VACQU
14.4,14.4,14.32,14.38,22041,2021-03-01 16:05:00,VACQU
14.33,14.7,14.33,14.64,136154,2021-03-01 16:10:00,VACQU
14.7,15.16,14.5,15.0936,16237,2021-03-01 16:15:00,VACQU
15.19,15.54,14.985,15.25,149034,2021-03-01 16:20:00,VACQU
15.25,15.5,15.2,15.5,51475,2021-03-01 16:25:00,VACQU
15.5,15.59,15.425,15.425,18760,2021-03-01 16:30:00,VACQU
15.425,16.2277,15.4,16.2277,34674,2021-03-01 16:35:00,VACQU
16.31,16.31,15.58,15.72,30428,2021-03-01 16:40:00,VACQU
15.81,15.99,15.59,15.59,6616,2021-03-01 16:45:00,VACQU
15.5926,15.8,15.15,15.15,5001,2021-03-01 16:50:00,VACQU
15.0,15.33,15.0,15.15,5490,2021-03-01 16:55:00,VACQU
15.13,15.14,14.92,14.92,6887,2021-03-01 17:00:00,VACQU
14.905,14.905,14.7401,14.835,8103,2021-03-01 17:05:00,VACQU
14.83,14.85,14.705,14.78,7312,2021-03-01 17:10:00,VACQU
14.8094,14.81,14.51,14.77,33049,2021-03-01 17:15:00,VACQU
14.676,14.75,14.655,14.67,7500,2021-03-01 17:20:00,VACQU
14.68,15.0,14.67,15.0,8248,2021-03-01 17:25:00,VACQU
14.96,15.0,14.87,14.94,6586,2021-03-01 17:30:00,VACQU
14.95,15.19,14.94,14.99,7289,2021-03-01 17:35:00,VACQU
14.82,14.915,14.75,14.7501,2395,2021-03-01 17:40:00,VACQU
14.78,15.0,14.6,14.6,3718,2021-03-01 17:45:00,VACQU
14.645,14.8,14.645,14.755,34599,2021-03-01 17:50:00,VACQU
14.84,14.88,14.66,14.66,5093,2021-03-01 17:55:00,VACQU
14.74,14.77,14.66,14.705,11725,2021-03-01 18:00:00,VACQU
14.7,14.8299,14.65,14.75,27720,2021-03-01 18:05:00,VACQU
14.75,14.86,14.75,14.83,37595,2021-03-01 18:10:00,VACQU
14.8,14.85,14.7,14.81,41208,2021-03-01 18:15:00,VACQU
14.81,14.88,14.75,14.825,10904,2021-03-01 18:20:00,VACQU
14.81,15.06,14.79,15.06,39732,2021-03-01 18:25:00,VACQU
15.05,15.28,15.0,15.09,19899,2021-03-01 18:30:00,VACQU
15.16,15.25,15.05,15.05,22349,2021-03-01 18:35:00,VACQU
15.02,15.25,15.0,15.1395,11437,2021-03-01 18:40:00,VACQU
15.1,15.1,15.0,15.055,17450,2021-03-01 18:45:00,VACQU
15.04,15.25,15.015,15.22,46591,2021-03-01 18:50:00,VACQU
15.19,15.2,15.025,15.06,43072,2021-03-01 18:55:00,VACQU
15.07,15.11,14.98,15.02,10601,2021-03-01 19:00:00,VACQU
14.9978,15.17,14.9978,15.12,22167,2021-03-01 19:05:00,VACQU
15.145,15.38,15.145,15.35,41347,2021-03-01 19:10:00,VACQU
15.35,15.47,15.14,15.185,10248,2021-03-01 19:15:00,VACQU
15.16,15.25,15.07,15.1261,11008,2021-03-01 19:20:00,VACQU
15.14,15.2,15.07,15.2,30600,2021-03-01 19:25:00,VACQU
15.22,15.26,15.22,15.24,7000,2021-03-01 19:30:00,VACQU
15.245,15.245,15.16,15.21,42792,2021-03-01 19:35:00,VACQU
15.21,15.219,15.16,15.205,22890,2021-03-01 19:40:00,VACQU
15.16,15.16,14.88,14.88,11968,2021-03-01 19:45:00,VACQU
14.91,15.0601,14.9,14.9,44889,2021-03-01 19:50:00,VACQU
14.78,14.92,14.71,14.905,12078,2021-03-01 19:55:00,VACQU
14.94,15.2,14.94,15.16,42756,2021-03-01 20:00:00,VACQU
15.14,15.4,15.14,15.29,17222,2021-03-01 20:05:00,VACQU
15.34,15.4,15.28,15.35,20695,2021-03-01 20:10:00,VACQU
15.35,15.38,15.25,15.365,13421,2021-03-01 20:15:00,VACQU
15.375,15.6587,15.31,15.64,46746,2021-03-01 20:20:00,VACQU
15.59,15.72,15.47,15.72,33493,2021-03-01 20:25:00,VACQU
15.73,15.8,15.25,15.25,24160,2021-03-01 20:30:00,VACQU
15.31,15.5,15.03,15.03,79320,2021-03-01 20:35:00,VACQU
15.065,15.195,14.9106,15.12,31307,2021-03-01 20:40:00,VACQU
15.12,15.1674,14.97,15.115,38932,2021-03-01 20:45:00,VACQU
15.17,15.33,15.075,15.215,73643,2021-03-01 20:50:00,VACQU
15.28,15.33,14.9,14.9,158640,2021-03-01 20:55:00,VACQU
15.16,15.16,15.03,15.03,818,2021-03-01 21:00:00,VACQU
15.4,15.4,15.4,15.4,150,2021-03-01 22:45:00,VACQU
15.6,15.6,15.6,15.6,350,2021-03-01 22:50:00,VACQU
15.28,15.28,15.28,15.28,160,2021-03-01 23:30:00,VACQU
15.8899,15.8899,15.8899,15.8899,500,2021-03-02 00:15:00,VACQU
15.31,15.31,15.31,15.31,1000,2021-03-02 00:35:00,VACQU
15.0,15.0,15.0,15.0,260,2021-03-02 11:30:00,VACQU
16.0,16.0,15.95,15.95,1390,2021-03-02 12:05:00,VACQU
16.61,16.9,16.61,16.9,1940,2021-03-02 12:30:00,VACQU
15.84,15.84,15.84,15.84,100,2021-03-02 12:50:00,VACQU
15.79,15.79,15.79,15.79,100,2021-03-02 13:20:00,VACQU
15.5,15.5,15.5,15.5,100,2021-03-02 13:40:00,VACQU
15.65,15.7,15.48,15.48,4407,2021-03-02 14:05:00,VACQU
15.62,15.69,15.62,15.69,360,2021-03-02 14:10:00,VACQU
15.56,15.68,15.26,15.64,1040,2021-03-02 14:15:00,VACQU
15.64,15.67,15.64,15.67,600,2021-03-02 14:20:00,VACQU
15.67,16.1,15.67,15.84,6060,2021-03-02 14:25:00,VACQU
15.83,16.49,15.67,16.34,29251,2021-03-02 14:30:00,VACQU
16.29,16.29,15.5,15.62,3792,2021-03-02 14:35:00,VACQU
15.61,15.8284,15.61,15.65,18713,2021-03-02 14:40:00,VACQU
15.69,15.96,15.69,15.88,40199,2021-03-02 14:45:00,VACQU
15.79,16.2,15.79,16.2,4959,2021-03-02 14:50:00,VACQU
16.16,16.3,16.14,16.3,2549,2021-03-02 14:55:00,VACQU
16.37,16.37,16.0,16.1,1800,2021-03-02 15:00:00,VACQU
15.9,16.06,15.69,15.69,2623,2021-03-02 15:10:00,VACQU
15.615,15.93,15.615,15.93,998,2021-03-02 15:15:00,VACQU
15.94,15.94,15.88,15.88,300,2021-03-02 15:20:00,VACQU
15.77,15.9,15.77,15.9,1100,2021-03-02 15:25:00,VACQU
15.92,15.92,15.705,15.705,1701,2021-03-02 15:30:00,VACQU
15.76,15.8,15.52,15.52,7690,2021-03-02 15:35:00,VACQU
15.42,15.5,14.95,14.95,5626,2021-03-02 15:40:00,VACQU
15.28,15.3796,15.28,15.3796,900,2021-03-02 15:45:00,VACQU
15.3,15.3,15.3,15.3,500,2021-03-02 15:50:00,VACQU
15.31,15.3551,15.31,15.3551,1100,2021-03-02 15:55:00,VACQU
15.3683,15.37,15.16,15.2,638,2021-03-02 16:00:00,VACQU
15.2,15.3,15.16,15.3,6692,2021-03-02 16:05:00,VACQU
15.25,15.48,15.24,15.3,26930,2021-03-02 16:10:00,VACQU
15.48,15.6,15.48,15.6,1800,2021-03-02 16:15:00,VACQU
15.59,15.75,15.59,15.75,2277,2021-03-02 16:20:00,VACQU
15.68,15.68,15.68,15.68,200,2021-03-02 16:25:00,VACQU
15.53,15.65,15.53,15.65,1300,2021-03-02 16:30:00,VACQU
15.36,15.46,15.29,15.29,1600,2021-03-02 16:35:00,VACQU
15.18,15.18,15.0,15.09,1100,2021-03-02 16:40:00,VACQU
15.08,15.11,15.08,15.11,200,2021-03-02 16:45:00,VACQU
15.1,15.1,14.96,14.97,1506,2021-03-02 16:50:00,VACQU
14.99,14.99,14.84,14.84,400,2021-03-02 16:55:00,VACQU
14.84,14.9078,14.84,14.9078,1000,2021-03-02 17:00:00,VACQU
14.86,14.92,14.83,14.92,1000,2021-03-02 17:05:00,VACQU
15.01,15.08,15.01,15.08,200,2021-03-02 17:10:00,VACQU
14.99,14.99,14.99,14.99,100,2021-03-02 17:15:00,VACQU
15.0566,15.0566,14.9699,14.9699,1100,2021-03-02 17:20:00,VACQU
14.96,15.04,14.96,15.04,1200,2021-03-02 17:25:00,VACQU
15.01,15.01,15.01,15.01,217,2021-03-02 17:35:00,VACQU
14.915,14.92,14.91,14.91,703,2021-03-02 17:40:00,VACQU
14.91,14.91,14.91,14.91,4699,2021-03-02 17:45:00,VACQU
14.76,14.76,14.76,14.76,345,2021-03-02 17:50:00,VACQU
14.79,14.79,14.79,14.79,100,2021-03-02 17:55:00,VACQU
14.73,15.08,14.69,14.69,600,2021-03-02 18:00:00,VACQU
14.61,14.61,14.25,14.25,1619,2021-03-02 18:05:00,VACQU
14.47,14.58,14.47,14.58,2083,2021-03-02 18:10:00,VACQU
14.58,14.699,14.5462,14.5501,1750,2021-03-02 18:15:00,VACQU
14.7,14.7699,14.7,14.7699,800,2021-03-02 18:20:00,VACQU
14.6351,14.6351,14.53,14.53,1532,2021-03-02 18:30:00,VACQU
14.63,14.64,14.63,14.64,300,2021-03-02 18:35:00,VACQU
14.59,14.59,14.59,14.59,100,2021-03-02 18:40:00,VACQU
14.5,14.61,14.49,14.49,3000,2021-03-02 18:50:00,VACQU
14.45,14.4501,14.45,14.4501,724,2021-03-02 18:55:00,VACQU
14.6,14.61,14.6,14.61,600,2021-03-02 19:00:00,VACQU
14.52,14.52,14.4,14.41,815,2021-03-02 19:10:00,VACQU
14.37,14.37,14.3417,14.3417,1288,2021-03-02 19:15:00,VACQU
14.3,14.38,14.3,14.38,400,2021-03-02 19:20:00,VACQU
14.54,14.55,14.54,14.55,400,2021-03-02 19:35:00,VACQU
14.6599,14.6599,14.6599,14.6599,5000,2021-03-02 19:40:00,VACQU
14.66,14.73,14.59,14.73,897,2021-03-02 19:45:00,VACQU
14.58,14.58,14.58,14.58,100,2021-03-02 19:50:00,VACQU
14.82,14.82,14.82,14.82,100,2021-03-02 19:55:00,VACQU
14.8,14.8,14.79,14.7984,1000,2021-03-02 20:00:00,VACQU
14.79,14.79,14.79,14.79,200,2021-03-02 20:05:00,VACQU
14.64,14.64,14.53,14.559,4300,2021-03-02 20:15:00,VACQU
14.53,14.65,14.53,14.6,3700,2021-03-02 20:20:00,VACQU
14.6,14.6,14.6,14.6,100,2021-03-02 20:35:00,VACQU
14.59,14.59,14.48,14.48,5308,2021-03-02 20:40:00,VACQU
14.39,14.39,14.33,14.34,500,2021-03-02 20:45:00,VACQU
14.3,14.3,14.2,14.2,900,2021-03-02 20:50:00,VACQU
14.08,14.18,14.08,14.16,5075,2021-03-02 20:55:00,VACQU
14.33,14.33,14.33,14.33,677,2021-03-02 21:00:00,VACQU
16.5,16.5,16.5,16.5,100,2021-03-02 23:35:00,VACQU
16.0,16.0,16.0,16.0,150,2021-03-03 00:35:00,VACQU
15.31,15.31,15.31,15.31,100,2021-03-03 12:00:00,VACQU
14.85,14.85,14.85,14.85,1000,2021-03-03 13:00:00,VACQU
14.56,14.56,14.56,14.56,100,2021-03-03 13:40:00,VACQU
14.5,14.5,14.5,14.5,100,2021-03-03 13:45:00,VACQU
14.95,14.95,14.95,14.95,184,2021-03-03 14:25:00,VACQU
14.61,15.21,14.61,15.057,4169,2021-03-03 14:30:00,VACQU
15.25,15.25,15.0,15.0,1510,2021-03-03 14:35:00,VACQU
15.06,15.06,14.73,14.75,2400,2021-03-03 14:40:00,VACQU
14.7,14.75,14.69,14.7,5350,2021-03-03 14:45:00,VACQU
14.78,15.0343,14.78,15.0343,500,2021-03-03 14:50:00,VACQU
15.0119,15.19,14.93,14.93,3168,2021-03-03 14:55:00,VACQU
14.725,14.85,14.725,14.8,54624,2021-03-03 15:05:00,VACQU
14.8,14.87,14.63,14.7,28283,2021-03-03 15:10:00,VACQU
14.55,14.577,14.5,14.5,77548,2021-03-03 15:15:00,VACQU
14.46,14.47,14.46,14.46,3396,2021-03-03 15:20:00,VACQU
14.47,14.5199,14.41,14.41,10784,2021-03-03 15:25:00,VACQU
14.42,14.42,14.42,14.42,199,2021-03-03 15:30:00,VACQU
14.44,14.44,14.44,14.44,100,2021-03-03 15:35:00,VACQU
14.4,14.4,14.39,14.39,230,2021-03-03 15:40:00,VACQU
14.435,14.47,14.435,14.47,200,2021-03-03 15:45:00,VACQU
14.45,14.45,14.44,14.44,1000,2021-03-03 15:55:00,VACQU
14.53,14.53,14.53,14.53,100,2021-03-03 16:00:00,VACQU
14.6999,14.75,14.56,14.75,1000,2021-03-03 16:05:00,VACQU
14.6,14.86,14.6,14.86,460,2021-03-03 16:10:00,VACQU
14.7938,14.7938,14.7938,14.7938,100,2021-03-03 16:15:00,VACQU
14.7821,14.7821,14.65,14.7,1400,2021-03-03 16:20:00,VACQU
14.79,14.82,14.7259,14.7259,1500,2021-03-03 16:25:00,VACQU
14.858,14.86,14.795,14.795,2200,2021-03-03 16:30:00,VACQU
14.78,14.78,14.78,14.78,100,2021-03-03 16:35:00,VACQU
14.75,14.75,14.64,14.66,550,2021-03-03 16:40:00,VACQU
14.6702,14.69,14.6702,14.69,200,2021-03-03 16:55:00,VACQU
14.5843,14.5843,14.5843,14.5843,100,2021-03-03 17:05:00,VACQU
14.55,14.55,14.54,14.54,512,2021-03-03 17:15:00,VACQU
14.535,14.535,14.48,14.48,1083,2021-03-03 17:20:00,VACQU
14.32,14.32,14.32,14.32,100,2021-03-03 17:25:00,VACQU
14.37,14.37,14.37,14.37,100,2021-03-03 17:30:00,VACQU
14.4,14.4,14.35,14.36,400,2021-03-03 17:50:00,VACQU
14.19,14.19,14.15,14.15,200,2021-03-03 18:15:00,VACQU
14.3,14.3,14.3,14.3,500,2021-03-03 18:30:00,VACQU
14.405,14.405,14.3,14.3,203,2021-03-03 18:35:00,VACQU
14.395,14.395,14.395,14.395,100,2021-03-03 18:40:00,VACQU
14.39,14.48,14.39,14.48,200,2021-03-03 18:45:00,VACQU
14.4,14.4499,14.25,14.25,2943,2021-03-03 19:00:00,VACQU
14.1787,14.1787,14.13,14.13,2600,2021-03-03 19:05:00,VACQU
14.16,14.16,14.01,14.01,200,2021-03-03 19:10:00,VACQU
13.9,13.9,13.65,13.65,5087,2021-03-03 19:15:00,VACQU
13.8,13.9,13.8,13.9,600,2021-03-03 19:20:00,VACQU
13.8409,13.8409,13.8409,13.8409,200,2021-03-03 19:25:00,VACQU
13.83,13.83,13.83,13.83,500,2021-03-03 19:35:00,VACQU
14.01,14.02,14.01,14.02,200,2021-03-03 19:40:00,VACQU
14.04,14.07,13.85,14.04,500,2021-03-03 19:45:00,VACQU
14.09,14.09,14.08,14.09,900,2021-03-03 19:55:00,VACQU
14.15,14.15,14.15,14.15,100,2021-03-03 20:00:00,VACQU
14.09,14.09,14.09,14.09,100,2021-03-03 20:05:00,VACQU
14.2,14.2884,14.11,14.2884,1460,2021-03-03 20:10:00,VACQU
14.11,14.11,14.04,14.04,4120,2021-03-03 20:15:00,VACQU
14.11,14.11,13.932,14.0,9059,2021-03-03 20:20:00,VACQU
13.92,14.0,13.92,13.92,957,2021-03-03 20:25:00,VACQU
13.96,13.98,13.9406,13.95,1508,2021-03-03 20:30:00,VACQU
13.95,13.95,13.85,13.85,382,2021-03-03 20:35:00,VACQU
13.85,13.99,13.82,13.99,3122,2021-03-03 20:40:00,VACQU
13.75,13.75,13.75,13.75,390,2021-03-03 20:45:00,VACQU
13.64,13.64,13.64,13.64,200,2021-03-03 20:50:00,VACQU
13.68,13.68,13.56,13.57,1800,2021-03-03 20:55:00,VACQU
13.8,13.8,13.8,13.8,518,2021-03-03 21:00:00,VACQU
13.8,13.8,13.8,13.8,100,2021-03-03 21:50:00,VACQU
13.5,13.5,13.5,13.5,100,2021-03-04 09:20:00,VACQU
13.91,13.91,13.91,13.91,100,2021-03-04 12:00:00,VACQU
14.5,14.5,14.5,14.5,250,2021-03-04 12:20:00,VACQU
13.51,13.51,13.5,13.5,500,2021-03-04 12:55:00,VACQU
13.5,13.5,13.5,13.5,1400,2021-03-04 13:00:00,VACQU
13.74,13.74,13.49,13.5,25510,2021-03-04 14:30:00,VACQU
13.5,13.5,13.24,13.3062,5233,2021-03-04 14:35:00,VACQU
13.21,13.24,13.1201,13.24,1931,2021-03-04 14:40:00,VACQU
13.1301,13.1301,12.89,12.9318,8526,2021-03-04 14:45:00,VACQU
12.8,12.9474,12.66,12.76,7382,2021-03-04 14:50:00,VACQU
12.6837,12.7,12.5,12.5,2930,2021-03-04 14:55:00,VACQU
12.5,12.5,12.5,12.5,2950,2021-03-04 15:00:00,VACQU
12.3805,12.49,12.15,12.15,5601,2021-03-04 15:05:00,VACQU
12.15,12.15,12.05,12.05,4735,2021-03-04 15:10:00,VACQU
12.2616,12.3,12.04,12.04,1465,2021-03-04 15:15:00,VACQU
12.07,12.17,12.0,12.17,1400,2021-03-04 15:20:00,VACQU
12.19,12.24,12.1777,12.1777,300,2021-03-04 15:25:00,VACQU
12.15,12.23,12.15,12.23,1200,2021-03-04 15:30:00,VACQU
12.36,12.5,12.305,12.5,2100,2021-03-04 15:35:00,VACQU
12.43,12.8247,12.38,12.78,2614,2021-03-04 15:40:00,VACQU
12.79,12.79,12.49,12.49,200,2021-03-04 15:45:00,VACQU
12.63,12.76,12.49,12.55,456,2021-03-04 15:50:00,VACQU
12.45,12.71,12.35,12.57,2420,2021-03-04 15:55:00,VACQU
12.52,13.24,12.52,13.2173,4123,2021-03-04 16:00:00,VACQU
13.1499,13.19,12.98,12.98,3701,2021-03-04 16:05:00,VACQU
12.955,13.04,12.955,12.98,320,2021-03-04 16:10:00,VACQU
12.965,13.04,12.885,12.93,18961,2021-03-04 16:15:00,VACQU
12.99,12.99,12.755,12.84,5011,2021-03-04 16:20:00,VACQU
12.755,12.89,12.595,12.725,20244,2021-03-04 16:25:00,VACQU
12.64,12.88,12.595,12.88,12350,2021-03-04 16:30:00,VACQU
12.9,13.0,12.9,13.0,800,2021-03-04 16:35:00,VACQU
12.87,12.94,12.87,12.94,1120,2021-03-04 16:40:00,VACQU
12.99,12.99,12.9,12.91,2650,2021-03-04 16:45:00,VACQU
12.84,12.84,12.84,12.84,100,2021-03-04 16:50:00,VACQU
12.81,12.83,12.7412,12.77,10176,2021-03-04 16:55:00,VACQU
12.78,13.0,12.71,12.77,11524,2021-03-04 17:00:00,VACQU
12.99,13.0,12.97,12.97,685,2021-03-04 17:05:00,VACQU
12.83,12.83,12.71,12.83,700,2021-03-04 17:10:00,VACQU
12.71,12.71,12.68,12.695,5300,2021-03-04 17:15:00,VACQU
12.5,12.5,12.44,12.44,1689,2021-03-04 17:20:00,VACQU
12.38,12.44,12.38,12.44,452,2021-03-04 17:25:00,VACQU
12.46,12.46,12.46,12.46,100,2021-03-04 17:30:00,VACQU
12.5,12.5,12.5,12.5,563,2021-03-04 17:40:00,VACQU
12.45,12.45,12.45,12.45,100,2021-03-04 17:45:00,VACQU
12.3562,12.3562,12.3562,12.3562,100,2021-03-04 17:50:00,VACQU
12.4,12.5,12.4,12.5,640,2021-03-04 17:55:00,VACQU
12.4506,12.4992,12.4506,12.4992,400,2021-03-04 18:00:00,VACQU
12.45,12.51,12.45,12.51,2104,2021-03-04 18:05:00,VACQU
12.3,12.3,12.3,12.3,690,2021-03-04 18:10:00,VACQU
12.31,12.31,12.3,12.3,410,2021-03-04 18:15:00,VACQU
12.21,12.21,12.21,12.21,100,2021-03-04 18:20:00,VACQU
12.12,12.12,12.05,12.05,616,2021-03-04 18:25:00,VACQU
12.04,12.23,12.04,12.04,5000,2021-03-04 18:30:00,VACQU
12.2399,12.2399,12.2399,12.2399,453,2021-03-04 18:35:00,VACQU
12.25,12.25,12.25,12.25,1000,2021-03-04 18:40:00,VACQU
12.155,12.155,12.155,12.155,100,2021-03-04 18:45:00,VACQU
12.12,12.12,12.12,12.12,152,2021-03-04 18:50:00,VACQU
12.12,12.12,12.0,12.0,4831,2021-03-04 18:55:00,VACQU
12.04,12.04,12.04,12.04,100,2021-03-04 19:10:00,VACQU
12.0699,12.0699,12.0699,12.0699,100,2021-03-04 19:15:00,VACQU
12.08,12.08,11.96,11.96,6900,2021-03-04 19:25:00,VACQU
12.24,12.24,12.24,12.24,400,2021-03-04 19:40:00,VACQU
12.4999,12.4999,12.4999,12.4999,980,2021-03-04 19:45:00,VACQU
12.5,12.5,12.5,12.5,100,2021-03-04 19:50:00,VACQU
12.32,12.32,12.31,12.31,500,2021-03-04 19:55:00,VACQU
12.48,12.57,12.3,12.3,46825,2021-03-04 20:00:00,VACQU
12.27,12.29,12.22,12.29,3592,2021-03-04 20:05:00,VACQU
12.28,12.28,12.28,12.28,100,2021-03-04 20:10:00,VACQU
12.25,12.25,12.25,12.25,300,2021-03-04 20:15:00,VACQU
12.157,12.157,12.157,12.157,205,2021-03-04 20:20:00,VACQU
12.23,12.23,12.23,12.23,200,2021-03-04 20:30:00,VACQU
12.23,12.23,12.23,12.23,200,2021-03-04 20:35:00,VACQU
12.3,12.5,12.16,12.29,12770,2021-03-04 20:40:00,VACQU
12.17,12.2612,12.13,12.13,459,2021-03-04 20:45:00,VACQU
12.19,12.27,12.19,12.27,2788,2021-03-04 20:50:00,VACQU
12.2065,12.3,12.16,12.3,1066,2021-03-04 20:55:00,VACQU
12.02,12.02,12.02,12.02,1042,2021-03-04 21:00:00,VACQU
12.99,13.33,12.9881,13.15,9876,2021-03-05 14:30:00,VACQU
13.0,13.0,12.74,12.74,200,2021-03-05 14:35:00,VACQU
12.9018,12.9018,12.774,12.774,600,2021-03-05 14:40:00,VACQU
12.7375,12.8,12.7375,12.8,4820,2021-03-05 14:45:00,VACQU
12.77,12.77,12.6,12.6,1945,2021-03-05 14:50:00,VACQU
12.04,12.04,12.04,12.04,250,2021-03-05 14:55:00,VACQU
12.22,12.22,12.22,12.22,250,2021-03-05 15:00:00,VACQU
12.6075,12.6075,12.6075,12.6075,400,2021-03-05 15:15:00,VACQU
12.58,12.58,12.49,12.49,230,2021-03-05 15:20:00,VACQU
12.34,12.34,12.34,12.34,100,2021-03-05 15:25:00,VACQU
12.15,12.15,12.15,12.15,300,2021-03-05 15:30:00,VACQU
12.15,12.3202,12.15,12.3202,600,2021-03-05 15:35:00,VACQU
12.36,12.36,12.36,12.36,813,2021-03-05 15:40:00,VACQU
12.64,12.75,12.575,12.69,3806,2021-03-05 15:55:00,VACQU
12.7326,12.7326,12.58,12.58,850,2021-03-05 16:00:00,VACQU
12.65,12.6912,12.61,12.6912,600,2021-03-05 16:05:00,VACQU
12.56,12.56,12.45,12.45,1808,2021-03-05 16:10:00,VACQU
12.52,12.52,12.46,12.46,250,2021-03-05 16:15:00,VACQU
12.46,12.46,12.37,12.37,1508,2021-03-05 16:20:00,VACQU
12.33,12.37,12.2901,12.37,4600,2021-03-05 16:35:00,VACQU
12.37,12.49,12.3,12.49,6900,2021-03-05 16:40:00,VACQU
12.48,12.6752,12.48,12.6119,600,2021-03-05 16:45:00,VACQU
12.53,12.57,12.49,12.49,915,2021-03-05 16:50:00,VACQU
12.62,12.8035,12.62,12.7899,1913,2021-03-05 16:55:00,VACQU
12.88,12.88,12.86,12.86,302,2021-03-05 17:00:00,VACQU
12.79,12.9484,12.79,12.89,5548,2021-03-05 17:05:00,VACQU
12.89,12.9,12.845,12.89,1000,2021-03-05 17:20:00,VACQU
12.79,12.79,12.79,12.79,1300,2021-03-05 17:25:00,VACQU
12.79,12.79,12.79,12.79,4502,2021-03-05 17:30:00,VACQU
12.7937,12.7937,12.74,12.7578,1480,2021-03-05 17:35:00,VACQU
12.77,12.77,12.77,12.77,200,2021-03-05 17:40:00,VACQU
12.83,13.01,12.83,12.96,700,2021-03-05 17:50:00,VACQU
12.96,13.11,12.96,13.11,750,2021-03-05 18:00:00,VACQU
13.01,13.01,13.01,13.01,400,2021-03-05 18:05:00,VACQU
12.9,13.01,12.9,13.01,1419,2021-03-05 18:10:00,VACQU
13.08,13.08,13.08,13.08,200,2021-03-05 18:20:00,VACQU
12.96,12.96,12.96,12.96,1200,2021-03-05 18:30:00,VACQU
13.165,13.3099,13.165,13.3099,518,2021-03-05 18:35:00,VACQU
13.32,13.3866,13.32,13.3866,10100,2021-03-05 18:40:00,VACQU
13.1981,13.1981,13.1981,13.1981,300,2021-03-05 18:45:00,VACQU
13.19,13.22,13.1125,13.22,1174,2021-03-05 18:50:00,VACQU
13.08,13.105,13.08,13.105,394,2021-03-05 18:55:00,VACQU
13.1,13.1,13.1,13.1,100,2021-03-05 19:00:00,VACQU
13.07,13.1285,13.0,13.0385,2050,2021-03-05 19:05:00,VACQU
12.9791,12.9791,12.9791,12.9791,200,2021-03-05 19:10:00,VACQU
12.97,12.97,12.97,12.97,100,2021-03-05 19:15:00,VACQU
13.03,13.2,13.03,13.2,1100,2021-03-05 19:20:00,VACQU
13.46,13.46,13.46,13.46,100,2021-03-05 19:25:00,VACQU
13.425,13.6,13.395,13.5,3000,2021-03-05 19:45:00,VACQU
13.47,13.47,13.27,13.3,1900,2021-03-05 19:50:00,VACQU
13.24,13.3708,13.24,13.3708,500,2021-03-05 19:55:00,VACQU
13.42,13.42,13.42,13.42,100,2021-03-05 20:00:00,VACQU
13.22,13.22,13.22,13.22,100,2021-03-05 20:05:00,VACQU
13.3499,13.3499,13.285,13.285,900,2021-03-05 20:10:00,VACQU
13.29,13.45,13.29,13.45,700,2021-03-05 20:15:00,VACQU
13.64,13.64,13.64,13.64,250,2021-03-05 20:20:00,VACQU
13.4774,13.4774,13.4,13.4,1100,2021-03-05 20:35:00,VACQU
13.41,13.5094,13.41,13.5094,872,2021-03-05 20:40:00,VACQU
13.4873,13.4873,13.4873,13.4873,214,2021-03-05 20:45:00,VACQU
13.47,13.47,13.47,13.47,100,2021-03-05 20:50:00,VACQU
13.48,13.48,13.48,13.48,1200,2021-03-05 20:55:00,VACQU
14.0,14.0,14.0,14.0,100,2021-03-05 21:30:00,VACQU
13.7,13.7,13.7,13.7,100,2021-03-05 21:35:00,VACQU
13.5,13.5,13.5,13.5,200,2021-03-08 13:15:00,VACQU
13.9499,13.9499,13.9499,13.9499,600,2021-03-08 14:10:00,VACQU
13.94,13.94,13.94,13.94,404,2021-03-08 14:20:00,VACQU
13.8,13.95,13.8,13.95,4366,2021-03-08 14:25:00,VACQU
14.36,14.36,13.9354,13.9354,7556,2021-03-08 14:30:00,VACQU
13.78,13.78,13.7,13.72,1080,2021-03-08 14:35:00,VACQU
13.61,13.61,13.6,13.6,2700,2021-03-08 14:45:00,VACQU
13.6,13.6,13.6,13.6,200,2021-03-08 14:50:00,VACQU
13.97,13.97,13.61,13.75,700,2021-03-08 14:55:00,VACQU
13.72,13.95,13.72,13.95,200,2021-03-08 15:00:00,VACQU
13.72,13.7201,13.72,13.72,300,2021-03-08 15:05:00,VACQU
13.72,13.9683,13.72,13.9683,750,2021-03-08 15:10:00,VACQU
13.98,13.98,13.73,13.73,4450,2021-03-08 15:15:00,VACQU
13.72,13.72,13.72,13.72,100,2021-03-08 15:20:00,VACQU
13.7,13.7893,13.69,13.7893,1690,2021-03-08 15:25:00,VACQU
13.69,13.69,13.69,13.69,100,2021-03-08 15:30:00,VACQU
13.77,13.9186,13.73,13.73,1400,2021-03-08 15:35:00,VACQU
13.79,14.12,13.79,14.12,910,2021-03-08 15:40:00,VACQU
13.91,13.91,13.82,13.82,243,2021-03-08 15:45:00,VACQU
13.82,13.85,13.82,13.85,200,2021-03-08 15:50:00,VACQU
13.825,13.85,13.825,13.85,200,2021-03-08 16:00:00,VACQU
13.85,13.88,13.85,13.88,500,2021-03-08 16:05:00,VACQU
14.0886,14.0886,13.91,13.91,458,2021-03-08 16:10:00,VACQU
13.91,13.91,13.85,13.85,300,2021-03-08 16:15:00,VACQU
13.8,13.8,13.8,13.8,2087,2021-03-08 16:20:00,VACQU
13.905,13.905,13.905,13.905,100,2021-03-08 16:25:00,VACQU
13.8,14.01,13.8,14.01,300,2021-03-08 16:30:00,VACQU
13.89,13.98,13.8,13.8001,700,2021-03-08 16:40:00,VACQU
13.8,13.8,13.8,13.8,200,2021-03-08 16:45:00,VACQU
13.72,13.72,13.72,13.72,100,2021-03-08 16:50:00,VACQU
13.75,13.75,13.75,13.75,100,2021-03-08 16:55:00,VACQU
13.72,13.72,13.72,13.72,200,2021-03-08 17:00:00,VACQU
13.845,13.845,13.845,13.845,100,2021-03-08 17:05:00,VACQU
13.81,13.81,13.81,13.81,240,2021-03-08 17:10:00,VACQU
13.8371,13.8371,13.8371,13.8371,390,2021-03-08 17:20:00,VACQU
13.83,13.83,13.72,13.72,200,2021-03-08 17:25:00,VACQU
13.72,13.72,13.65,13.71,1568,2021-03-08 17:30:00,VACQU
13.67,13.67,13.67,13.67,100,2021-03-08 17:40:00,VACQU
13.6,13.6,13.6,13.6,100,2021-03-08 17:45:00,VACQU
13.54,13.54,13.54,13.54,100,2021-03-08 17:50:00,VACQU
13.56,13.59,13.56,13.59,200,2021-03-08 17:55:00,VACQU
13.46,13.46,13.46,13.46,100,2021-03-08 18:05:00,VACQU
13.59,13.59,13.59,13.59,1200,2021-03-08 18:10:00,VACQU
13.54,13.54,13.54,13.54,100,2021-03-08 18:15:00,VACQU
13.56,13.56,13.56,13.56,100,2021-03-08 18:20:00,VACQU
13.63,13.63,13.63,13.63,100,2021-03-08 18:25:00,VACQU
13.63,13.63,13.63,13.63,100,2021-03-08 18:30:00,VACQU
13.63,13.63,13.63,13.63,400,2021-03-08 18:35:00,VACQU
13.6217,13.6217,13.45,13.45,300,2021-03-08 18:40:00,VACQU
13.33,13.33,13.33,13.33,100,2021-03-08 18:45:00,VACQU
13.26,13.26,13.26,13.26,200,2021-03-08 18:50:00,VACQU
13.27,13.27,13.27,13.27,100,2021-03-08 18:55:00,VACQU
13.0,13.0,13.0,13.0,100,2021-03-08 19:10:00,VACQU
13.0,13.3,13.0,13.3,300,2021-03-08 19:15:00,VACQU
13.3198,13.8974,13.3198,13.8974,2225,2021-03-08 19:20:00,VACQU
13.435,13.435,13.435,13.435,100,2021-03-08 19:25:00,VACQU
13.52,13.52,13.52,13.52,100,2021-03-08 19:30:00,VACQU
13.41,13.41,13.41,13.41,100,2021-03-08 19:35:00,VACQU
13.535,13.535,13.535,13.535,500,2021-03-08 19:40:00,VACQU
13.41,13.4392,13.41,13.4392,761,2021-03-08 19:45:00,VACQU
13.43,13.465,13.43,13.465,200,2021-03-08 19:50:00,VACQU
13.35,13.35,13.3,13.34,600,2021-03-08 19:55:00,VACQU
13.3,13.49,13.3,13.49,300,2021-03-08 20:00:00,VACQU
13.62,13.62,13.5,13.5,5216,2021-03-08 20:05:00,VACQU
13.26,13.26,13.1,13.1,300,2021-03-08 20:10:00,VACQU
13.25,13.3599,13.25,13.3599,350,2021-03-08 20:20:00,VACQU
13.1,13.13,13.1,13.13,200,2021-03-08 20:25:00,VACQU
13.305,13.305,13.13,13.13,220,2021-03-08 20:30:00,VACQU
13.11,13.11,13.1,13.1,3300,2021-03-08 20:35:00,VACQU
12.97,12.97,12.97,12.97,400,2021-03-08 20:40:00,VACQU
13.01,13.01,12.99,12.99,200,2021-03-08 20:45:00,VACQU
13.02,13.02,12.9801,12.99,602,2021-03-08 20:50:00,VACQU
12.98,13.28,12.98,13.28,2009,2021-03-08 20:55:00,VACQU
13.98,13.98,13.98,13.98,135,2021-03-08 21:00:00,VACQU
13.5,13.5,13.5,13.5,600,2021-03-09 00:15:00,VACQU
13.5,13.5,13.5,13.5,400,2021-03-09 00:50:00,VACQU
14.0,14.0,14.0,14.0,275,2021-03-09 12:40:00,VACQU
14.3,14.3,14.3,14.3,100,2021-03-09 13:10:00,VACQU
13.73,13.77,13.57,13.74,1000,2021-03-09 14:25:00,VACQU
14.0,14.0,14.0,14.0,3163,2021-03-09 14:30:00,VACQU
13.7412,13.7412,13.5,13.55,5110,2021-03-09 14:35:00,VACQU
13.46,13.47,13.46,13.47,300,2021-03-09 14:40:00,VACQU
13.735,13.735,13.47,13.47,1100,2021-03-09 14:45:00,VACQU
13.57,13.57,13.57,13.57,100,2021-03-09 15:20:00,VACQU
13.6,13.6,13.52,13.52,426,2021-03-09 15:25:00,VACQU
13.52,13.52,13.52,13.52,174,2021-03-09 15:30:00,VACQU
13.3759,13.3759,13.3759,13.3759,200,2021-03-09 15:40:00,VACQU
13.3697,13.3697,13.3697,13.3697,215,2021-03-09 15:45:00,VACQU
13.4619,13.4619,13.4499,13.4499,1000,2021-03-09 15:55:00,VACQU
13.35,13.35,13.35,13.35,100,2021-03-09 16:05:00,VACQU
13.3453,13.3453,13.27,13.27,1464,2021-03-09 16:10:00,VACQU
13.27,13.27,13.27,13.27,100,2021-03-09 16:15:00,VACQU
13.3,13.3,13.3,13.3,287,2021-03-09 16:20:00,VACQU
13.5,13.5,13.5,13.5,200,2021-03-09 16:25:00,VACQU
13.3986,13.4133,13.3986,13.4133,1200,2021-03-09 16:30:00,VACQU
13.29,13.29,13.16,13.16,624,2021-03-09 16:35:00,VACQU
13.14,13.26,13.11,13.14,4724,2021-03-09 16:40:00,VACQU
13.2,13.2,13.2,13.2,100,2021-03-09 16:55:00,VACQU
13.2,13.2,13.2,13.2,200,2021-03-09 17:00:00,VACQU
13.2696,13.2696,13.22,13.22,500,2021-03-09 17:15:00,VACQU
13.27,13.27,13.268,13.268,300,2021-03-09 17:20:00,VACQU
13.31,13.43,13.29,13.43,1001,2021-03-09 17:25:00,VACQU
13.25,13.3092,13.2,13.3092,1350,2021-03-09 17:35:00,VACQU
13.35,13.35,13.35,13.35,1261,2021-03-09 17:45:00,VACQU
13.35,13.35,13.35,13.35,100,2021-03-09 17:50:00,VACQU
13.35,13.35,13.35,13.35,300,2021-03-09 17:55:00,VACQU
13.35,13.35,13.35,13.35,200,2021-03-09 18:00:00,VACQU
13.36,13.36,13.36,13.36,200,2021-03-09 18:05:00,VACQU
13.35,13.35,13.35,13.35,100,2021-03-09 18:15:00,VACQU
13.41,13.42,13.41,13.42,3000,2021-03-09 18:25:00,VACQU
13.33,13.33,13.31,13.31,200,2021-03-09 18:30:00,VACQU
13.3609,13.3609,13.3609,13.3609,100,2021-03-09 18:45:00,VACQU
13.35,13.35,13.3,13.3,2234,2021-03-09 19:00:00,VACQU
13.345,13.345,13.345,13.345,100,2021-03-09 19:05:00,VACQU
13.3863,13.3863,13.3863,13.3863,100,2021-03-09 19:15:00,VACQU
13.33,13.33,13.31,13.31,200,2021-03-09 19:35:00,VACQU
13.4,13.4,13.4,13.4,100,2021-03-09 19:45:00,VACQU
13.35,13.35,13.35,13.35,200,2021-03-09 19:50:00,VACQU
13.35,13.35,13.35,13.35,298,2021-03-09 19:55:00,VACQU
13.355,13.355,13.355,13.355,100,2021-03-09 20:00:00,VACQU
13.31,13.31,13.31,13.31,200,2021-03-09 20:05:00,VACQU
13.2701,13.2701,13.2701,13.2701,999,2021-03-09 20:10:00,VACQU
13.39,13.4,13.39,13.4,373,2021-03-09 20:35:00,VACQU
13.3499,13.3499,13.3499,13.3499,100,2021-03-09 20:45:00,VACQU
13.332,13.332,13.332,13.332,540,2021-03-09 20:50:00,VACQU
13.32,13.32,13.32,13.32,308,2021-03-09 21:00:00,VACQU
14.36,14.3709,13.71,13.71,2557,2021-03-10 14:30:00,VACQU
13.9307,13.9307,13.79,13.9164,700,2021-03-10 14:40:00,VACQU
13.7546,14.25,13.7546,14.25,870,2021-03-10 14:45:00,VACQU
14.167,14.167,14.167,14.167,777,2021-03-10 14:50:00,VACQU
13.89,13.89,13.83,13.83,1400,2021-03-10 14:55:00,VACQU
14.0,14.0,14.0,14.0,100,2021-03-10 15:00:00,VACQU
13.8254,13.8254,13.8254,13.8254,100,2021-03-10 15:15:00,VACQU
13.81,13.81,13.8,13.8,400,2021-03-10 15:20:00,VACQU
13.76,13.76,13.75,13.75,700,2021-03-10 15:25:00,VACQU
13.5,13.5,13.5,13.5,150,2021-03-10 15:30:00,VACQU
13.25,13.25,13.25,13.25,100,2021-03-10 15:40:00,VACQU
13.39,13.4298,13.38,13.4298,400,2021-03-10 15:50:00,VACQU
13.28,13.28,13.24,13.25,17213,2021-03-10 16:00:00,VACQU
13.25,13.25,13.25,13.25,600,2021-03-10 16:05:00,VACQU
13.25,13.3,13.25,13.25,2200,2021-03-10 16:10:00,VACQU
13.25,13.25,13.25,13.25,200,2021-03-10 16:15:00,VACQU
13.255,13.255,13.255,13.255,100,2021-03-10 16:50:00,VACQU
13.2,13.2,13.2,13.2,100,2021-03-10 17:05:00,VACQU
12.86,12.86,12.86,12.86,600,2021-03-10 17:35:00,VACQU
12.7701,12.7701,12.7701,12.7701,777,2021-03-10 17:40:00,VACQU
12.87,12.87,12.87,12.87,100,2021-03-10 18:20:00,VACQU
12.87,12.87,12.87,12.87,200,2021-03-10 18:30:00,VACQU
12.7801,12.7801,12.7801,12.7801,100,2021-03-10 18:35:00,VACQU
13.04,13.04,13.04,13.04,100,2021-03-10 19:00:00,VACQU
12.8701,12.8701,12.8701,12.8701,1000,2021-03-10 19:10:00,VACQU
12.9606,12.9606,12.9606,12.9606,100,2021-03-10 19:25:00,VACQU
13.02,13.02,13.02,13.02,100,2021-03-10 19:35:00,VACQU
13.03,13.03,13.03,13.03,100,2021-03-10 19:40:00,VACQU
13.2299,13.2299,13.2299,13.2299,196,2021-03-10 19:50:00,VACQU
13.236,13.3,13.236,13.3,1400,2021-03-10 20:00:00,VACQU
13.0239,13.0239,13.0239,13.0239,100,2021-03-10 20:15:00,VACQU
12.9315,12.9315,12.9315,12.9315,800,2021-03-10 20:20:00,VACQU
13.0155,13.0155,13.0155,13.0155,185,2021-03-10 20:35:00,VACQU
13.08,13.08,13.08,13.08,100,2021-03-10 20:40:00,VACQU
13.2474,13.2474,13.2474,13.2474,1001,2021-03-10 20:45:00,VACQU
13.2188,13.448,13.17,13.448,400,2021-03-10 20:55:00,VACQU
13.22,13.22,13.22,13.22,217,2021-03-10 21:00:00,VACQU
13.8,13.99,13.66,13.66,3886,2021-03-11 14:30:00,VACQU
13.76,13.99,13.63,13.9499,1500,2021-03-11 14:35:00,VACQU
13.7269,13.7269,13.7269,13.7269,1000,2021-03-11 14:40:00,VACQU
13.99,13.99,13.99,13.99,200,2021-03-11 14:45:00,VACQU
13.81,13.9064,13.81,13.9064,5150,2021-03-11 14:50:00,VACQU
13.99,13.99,13.85,13.85,700,2021-03-11 14:55:00,VACQU
13.71,13.84,13.7,13.84,1726,2021-03-11 15:05:00,VACQU
13.84,13.84,13.84,13.84,300,2021-03-11 15:10:00,VACQU
13.68,13.84,13.65,13.65,801,2021-03-11 15:15:00,VACQU
13.81,13.84,13.81,13.84,300,2021-03-11 15:25:00,VACQU
13.744,13.744,13.744,13.744,100,2021-03-11 15:35:00,VACQU
13.84,13.84,13.77,13.77,600,2021-03-11 15:40:00,VACQU
13.84,13.84,13.84,13.84,100,2021-03-11 15:50:00,VACQU
13.84,13.84,13.84,13.84,100,2021-03-11 15:55:00,VACQU
13.69,13.7013,13.65,13.7013,670,2021-03-11 16:00:00,VACQU
13.77,13.77,13.7699,13.77,301,2021-03-11 16:05:00,VACQU
13.8,13.84,13.8,13.84,300,2021-03-11 16:10:00,VACQU
13.84,13.84,13.84,13.84,100,2021-03-11 16:15:00,VACQU
13.83,13.83,13.83,13.83,100,2021-03-11 16:20:00,VACQU
13.79,13.79,13.79,13.79,100,2021-03-11 16:25:00,VACQU
13.83,13.83,13.7,13.7,200,2021-03-11 16:30:00,VACQU
13.83,13.84,13.83,13.84,200,2021-03-11 16:35:00,VACQU
13.84,13.84,13.84,13.84,100,2021-03-11 16:40:00,VACQU
13.85,13.85,13.85,13.85,100,2021-03-11 16:45:00,VACQU
13.85,13.85,13.85,13.85,400,2021-03-11 16:55:00,VACQU
13.9,13.9,13.9,13.9,200,2021-03-11 17:00:00,VACQU
13.8837,13.8837,13.8837,13.8837,150,2021-03-11 17:05:00,VACQU
13.9,13.9,13.9,13.9,100,2021-03-11 17:10:00,VACQU
13.77,13.77,13.37,13.37,2653,2021-03-11 17:15:00,VACQU
13.4,13.4,13.4,13.4,200,2021-03-11 17:20:00,VACQU
13.37,13.37,13.37,13.37,100,2021-03-11 17:25:00,VACQU
13.715,13.73,13.715,13.73,200,2021-03-11 17:40:00,VACQU
13.72,13.72,13.72,13.72,100,2021-03-11 17:50:00,VACQU
13.43,13.43,13.37,13.37,1673,2021-03-11 17:55:00,VACQU
13.32,13.32,13.28,13.28,627,2021-03-11 18:00:00,VACQU
13.28,13.28,13.23,13.24,4989,2021-03-11 18:15:00,VACQU
13.655,13.655,13.655,13.655,100,2021-03-11 18:25:00,VACQU
13.86,13.86,13.86,13.86,100,2021-03-11 18:35:00,VACQU
13.44,13.44,13.44,13.44,400,2021-03-11 18:45:00,VACQU
13.67,13.71,13.67,13.71,300,2021-03-11 19:00:00,VACQU
13.4,13.4,13.4,13.4,608,2021-03-11 19:05:00,VACQU
13.61,13.61,13.61,13.61,200,2021-03-11 19:15:00,VACQU
13.31,13.31,13.31,13.31,201,2021-03-11 19:20:00,VACQU
13.61,13.61,13.6,13.61,500,2021-03-11 19:30:00,VACQU
13.51,13.51,13.49,13.49,353,2021-03-11 19:35:00,VACQU
13.648,13.648,13.648,13.648,741,2021-03-11 19:40:00,VACQU
13.62,13.65,13.62,13.65,374,2021-03-11 19:50:00,VACQU
13.6108,13.6108,13.6108,13.6108,550,2021-03-11 20:00:00,VACQU
13.72,13.72,13.72,13.72,100,2021-03-11 20:05:00,VACQU
13.66,13.684,13.59,13.6,1849,2021-03-11 20:10:00,VACQU
13.6,13.6,13.6,13.6,780,2021-03-11 20:15:00,VACQU
13.6,13.6,13.6,13.6,1168,2021-03-11 20:20:00,VACQU
13.6,13.6,13.59,13.6,1101,2021-03-11 20:25:00,VACQU
13.6,13.6,13.5449,13.5449,1577,2021-03-11 20:30:00,VACQU
13.54,13.5937,13.54,13.5937,585,2021-03-11 20:35:00,VACQU
13.52,13.52,13.52,13.52,200,2021-03-11 20:40:00,VACQU
13.43,13.465,13.43,13.465,200,2021-03-11 20:50:00,VACQU
13.6,13.6,13.6,13.6,200,2021-03-11 20:55:00,VACQU
13.48,13.48,13.24,13.24,1619,2021-03-12 14:30:00,VACQU
13.15,13.15,13.15,13.15,512,2021-03-12 14:35:00,VACQU
13.1321,13.1321,13.1321,13.1321,1501,2021-03-12 14:40:00,VACQU
13.27,13.27,13.27,13.27,133,2021-03-12 15:00:00,VACQU
13.25,13.32,13.25,13.32,2497,2021-03-12 15:05:00,VACQU
13.3516,13.3516,13.3516,13.3516,100,2021-03-12 15:10:00,VACQU
13.26,13.26,13.25,13.25,13875,2021-03-12 15:20:00,VACQU
13.3,13.3,13.3,13.3,1366,2021-03-12 15:30:00,VACQU
13.31,13.31,13.3,13.3,20531,2021-03-12 15:35:00,VACQU
13.3883,13.3883,13.3883,13.3883,300,2021-03-12 15:55:00,VACQU
13.2801,13.2801,13.2801,13.2801,6380,2021-03-12 16:05:00,VACQU
13.3,13.3,13.3,13.3,975,2021-03-12 16:40:00,VACQU
13.38,13.38,13.38,13.38,234,2021-03-12 16:50:00,VACQU
13.46,13.51,13.46,13.51,512,2021-03-12 16:55:00,VACQU
13.43,13.5099,13.43,13.5099,300,2021-03-12 17:10:00,VACQU
13.49,13.51,13.49,13.51,300,2021-03-12 17:15:00,VACQU
13.5,13.5,13.5,13.5,5127,2021-03-12 18:10:00,VACQU
13.46,13.46,13.46,13.46,500,2021-03-12 18:40:00,VACQU
13.68,13.68,13.68,13.68,100,2021-03-12 19:15:00,VACQU
13.42,13.42,13.42,13.42,200,2021-03-12 19:50:00,VACQU
13.4,13.4,13.39,13.39,600,2021-03-12 19:55:00,VACQU
13.5,13.535,13.5,13.535,500,2021-03-12 20:15:00,VACQU
13.48,13.48,13.48,13.48,110,2021-03-12 20:20:00,VACQU
13.4,13.49,13.4,13.4,859,2021-03-12 20:35:00,VACQU
13.51,13.51,13.51,13.51,400,2021-03-12 20:40:00,VACQU
13.56,13.56,13.37,13.44,1000,2021-03-12 20:55:00,VACQU
13.57,13.57,13.57,13.57,232,2021-03-15 13:30:00,VACQU
13.54,13.7,13.54,13.5636,1900,2021-03-15 13:35:00,VACQU
13.52,13.52,13.52,13.52,1860,2021-03-15 13:50:00,VACQU
13.65,13.6599,13.5819,13.5819,5530,2021-03-15 13:55:00,VACQU
13.7099,13.7099,13.605,13.605,600,2021-03-15 14:10:00,VACQU
13.7087,13.7087,13.6,13.6,609,2021-03-15 14:25:00,VACQU
13.74,13.74,13.74,13.74,1280,2021-03-15 14:35:00,VACQU
13.61,13.67,13.56,13.56,608,2021-03-15 14:40:00,VACQU
13.5,13.5,13.5,13.5,100,2021-03-15 14:45:00,VACQU
13.6999,13.6999,13.6999,13.6999,144,2021-03-15 14:55:00,VACQU
13.6642,13.6642,13.6642,13.6642,100,2021-03-15 15:25:00,VACQU
13.53,13.53,13.28,13.28,500,2021-03-15 15:35:00,VACQU
13.6761,13.6761,13.6761,13.6761,100,2021-03-15 15:40:00,VACQU
13.5654,13.5654,13.5654,13.5654,173,2021-03-15 15:50:00,VACQU
13.47,13.47,13.46,13.46,300,2021-03-15 16:15:00,VACQU
13.35,13.35,13.35,13.35,100,2021-03-15 17:05:00,VACQU
13.43,13.6,13.43,13.59,2943,2021-03-15 17:35:00,VACQU
13.3501,13.3501,13.3501,13.3501,600,2021-03-15 18:05:00,VACQU
13.59,13.59,13.59,13.59,515,2021-03-15 18:10:00,VACQU
13.4,13.4,13.4,13.4,502,2021-03-16 13:30:00,VACQU
13.86,13.92,13.86,13.88,325,2021-03-16 13:35:00,VACQU
13.4799,13.4799,13.4799,13.4799,1000,2021-03-16 14:00:00,VACQU
13.32,13.34,13.32,13.32,1300,2021-03-16 14:05:00,VACQU
13.32,13.32,13.3,13.3,754,2021-03-16 14:10:00,VACQU
13.3,13.3,13.24,13.24,2898,2021-03-16 14:20:00,VACQU
13.23,13.23,13.17,13.2,10097,2021-03-16 14:25:00,VACQU
13.25,13.25,13.25,13.25,5924,2021-03-16 15:30:00,VACQU
13.36,13.36,13.36,13.36,975,2021-03-16 15:50:00,VACQU
13.25,13.25,13.25,13.25,1274,2021-03-16 16:25:00,VACQU
13.25,13.255,13.16,13.1824,1977,2021-03-16 16:30:00,VACQU
13.2,13.2,13.2,13.2,5532,2021-03-16 16:35:00,VACQU
13.225,13.225,13.22,13.22,1000,2021-03-16 16:40:00,VACQU
13.12,13.12,13.12,13.12,200,2021-03-16 17:50:00,VACQU
13.01,13.01,12.9,12.9,400,2021-03-16 17:55:00,VACQU
13.08,13.08,12.9,12.95,1902,2021-03-16 18:30:00,VACQU
12.86,12.86,12.5,12.5,1415,2021-03-16 18:35:00,VACQU
12.8152,12.865,12.8152,12.865,600,2021-03-16 18:55:00,VACQU
12.93,12.93,12.93,12.93,200,2021-03-16 19:00:00,VACQU
13.17,13.17,13.165,13.17,400,2021-03-16 19:05:00,VACQU
13.2,13.2,13.18,13.2,400,2021-03-16 19:15:00,VACQU
13.12,13.12,13.12,13.12,223,2021-03-16 19:45:00,VACQU
12.98,13.02,12.98,13.02,200,2021-03-16 19:55:00,VACQU
12.93,13.01,12.93,13.0,1205,2021-03-17 13:30:00,VACQU
12.7322,13.65,12.61,12.61,1075,2021-03-17 13:35:00,VACQU
12.73,12.73,12.73,12.73,200,2021-03-17 13:50:00,VACQU
13.0,13.0,13.0,13.0,100,2021-03-17 14:40:00,VACQU
12.925,12.925,12.925,12.925,200,2021-03-17 14:45:00,VACQU
12.98,13.0,12.98,12.994,5085,2021-03-17 15:20:00,VACQU
12.99,13.0,12.99,13.0,1896,2021-03-17 15:25:00,VACQU
13.3,13.3,13.3,13.3,1000,2021-03-17 16:10:00,VACQU
13.412,13.412,13.412,13.412,150,2021-03-17 16:35:00,VACQU
13.27,13.27,13.25,13.25,1200,2021-03-17 17:20:00,VACQU
13.43,13.46,13.43,13.46,400,2021-03-17 17:30:00,VACQU
13.14,13.14,13.14,13.14,200,2021-03-17 18:55:00,VACQU
13.12,13.12,13.12,13.12,100,2021-03-17 19:10:00,VACQU
13.1,13.25,13.07,13.25,1527,2021-03-17 19:40:00,VACQU
13.07,13.22,13.04,13.04,1100,2021-03-17 19:45:00,VACQU
13.04,13.04,13.04,13.04,499,2021-03-18 13:30:00,VACQU
13.2546,13.2546,13.2546,13.2546,375,2021-03-18 13:40:00,VACQU
12.9,12.9,12.85,12.85,1110,2021-03-18 14:45:00,VACQU
12.89,12.89,12.89,12.89,328,2021-03-18 15:30:00,VACQU
12.84,12.84,12.84,12.84,460,2021-03-18 15:35:00,VACQU
12.8,12.8,12.8,12.8,500,2021-03-18 16:25:00,VACQU
12.895,12.895,12.895,12.895,200,2021-03-18 16:40:00,VACQU
12.81,12.81,12.81,12.81,100,2021-03-18 16:50:00,VACQU
12.9,12.9,12.9,12.9,200,2021-03-18 17:50:00,VACQU
12.6,12.6,12.6,12.6,100,2021-03-18 18:20:00,VACQU
12.5,12.51,12.5,12.5,2100,2021-03-18 18:25:00,VACQU
12.56,12.57,12.56,12.57,200,2021-03-18 18:30:00,VACQU
12.6063,12.6063,12.6063,12.6063,100,2021-03-18 18:35:00,VACQU
12.4716,12.63,12.4716,12.63,1280,2021-03-18 18:45:00,VACQU
12.61,12.61,12.4,12.4,600,2021-03-18 18:50:00,VACQU
12.55,12.55,12.55,12.55,289,2021-03-18 19:05:00,VACQU
12.6,12.6,12.6,12.6,100,2021-03-18 19:10:00,VACQU
12.595,12.6,12.595,12.6,400,2021-03-18 19:15:00,VACQU
12.53,12.53,12.53,12.53,150,2021-03-18 19:35:00,VACQU
12.45,12.45,12.45,12.45,100,2021-03-18 19:40:00,VACQU
12.27,12.27,12.27,12.27,200,2021-03-19 14:10:00,VACQU
12.29,12.29,12.29,12.29,100,2021-03-19 14:15:00,VACQU
12.37,12.45,12.37,12.45,3098,2021-03-19 14:30:00,VACQU
12.49,12.5,12.49,12.5,400,2021-03-19 14:35:00,VACQU
12.54,12.54,12.54,12.54,750,2021-03-19 14:45:00,VACQU
12.63,12.63,12.63,12.63,100,2021-03-19 15:05:00,VACQU
12.71,12.71,12.71,12.71,100,2021-03-19 15:40:00,VACQU
12.89,12.89,12.89,12.89,234,2021-03-19 16:20:00,VACQU
13.0068,13.0068,12.88,12.88,900,2021-03-19 16:25:00,VACQU
12.74,12.75,12.74,12.75,865,2021-03-19 16:55:00,VACQU
12.71,12.71,12.71,12.71,1100,2021-03-19 17:15:00,VACQU
12.6503,12.6503,12.6503,12.6503,700,2021-03-19 17:45:00,VACQU
12.5,12.5,12.5,12.5,100,2021-03-19 19:00:00,VACQU
13.25,13.25,13.25,13.25,100,2021-03-22 12:40:00,VACQU
13.0,13.0,13.0,13.0,100,2021-03-22 12:55:00,VACQU
13.0,13.0,13.0,13.0,1230,2021-03-22 13:10:00,VACQU
12.99,13.79,12.882,12.882,1378,2021-03-22 13:30:00,VACQU
13.47,13.47,13.077,13.077,1500,2021-03-22 13:35:00,VACQU
13.15,13.15,13.15,13.15,100,2021-03-22 13:40:00,VACQU
13.14,13.14,13.14,13.14,125,2021-03-22 13:45:00,VACQU
13.1638,13.41,13.1638,13.41,2301,2021-03-22 13:50:00,VACQU
13.35,13.4199,13.19,13.4199,5176,2021-03-22 13:55:00,VACQU
13.4,13.4362,13.25,13.43,2148,2021-03-22 14:10:00,VACQU
13.3852,13.42,13.3852,13.42,1100,2021-03-22 14:15:00,VACQU
13.25,13.25,13.25,13.25,100,2021-03-22 14:20:00,VACQU
13.4199,13.4199,13.4199,13.4199,150,2021-03-22 14:25:00,VACQU
13.45,13.4999,13.45,13.4999,370,2021-03-22 14:30:00,VACQU
13.73,13.75,13.68,13.75,585,2021-03-22 14:40:00,VACQU
13.65,13.65,13.65,13.65,999,2021-03-22 14:50:00,VACQU
13.65,13.83,13.65,13.83,800,2021-03-22 14:55:00,VACQU
13.95,14.0,13.95,14.0,6516,2021-03-22 15:00:00,VACQU
13.73,13.87,13.73,13.85,10700,2021-03-22 15:05:00,VACQU
13.972,13.972,13.972,13.972,140,2021-03-22 15:10:00,VACQU
13.93,13.93,13.91,13.912,4175,2021-03-22 15:15:00,VACQU
14.09,14.09,14.04,14.04,449,2021-03-22 15:20:00,VACQU
14.1,14.1,14.1,14.1,100,2021-03-22 15:25:00,VACQU
13.97,13.97,13.97,13.97,165,2021-03-22 15:30:00,VACQU
13.97,13.97,13.91,13.91,1522,2021-03-22 15:35:00,VACQU
13.7,13.7,13.639,13.639,400,2021-03-22 15:45:00,VACQU
13.6501,13.6501,13.6501,13.6501,224,2021-03-22 15:55:00,VACQU
13.65,13.65,13.65,13.65,125,2021-03-22 16:05:00,VACQU
13.8381,13.8381,13.7,13.7,700,2021-03-22 16:25:00,VACQU
13.83,13.83,13.83,13.83,410,2021-03-22 16:40:00,VACQU
13.7702,13.7702,13.7702,13.7702,200,2021-03-22 17:00:00,VACQU
13.51,13.8,13.51,13.8,200,2021-03-22 17:20:00,VACQU
13.52,13.52,13.52,13.52,200,2021-03-22 17:25:00,VACQU
13.58,13.58,13.58,13.58,100,2021-03-22 17:40:00,VACQU
13.55,13.55,13.55,13.55,190,2021-03-22 17:45:00,VACQU
13.7799,13.7799,13.7799,13.7799,100,2021-03-22 18:15:00,VACQU
13.64,13.64,13.615,13.615,200,2021-03-22 18:30:00,VACQU
13.745,13.745,13.745,13.745,278,2021-03-22 19:25:00,VACQU
13.64,13.64,13.64,13.64,100,2021-03-22 19:35:00,VACQU
13.5,13.5,13.5,13.5,375,2021-03-22 19:45:00,VACQU
13.457,13.457,13.457,13.457,300,2021-03-22 19:50:00,VACQU
13.56,13.56,13.4,13.4,1428,2021-03-22 19:55:00,VACQU
14.5,14.5,14.5,14.5,282,2021-03-22 23:00:00,VACQU
14.49,14.5,14.49,14.5,500,2021-03-22 23:55:00,VACQU
13.67,14.0,13.67,14.0,497,2021-03-23 13:30:00,VACQU
13.76,13.76,13.76,13.76,100,2021-03-23 13:35:00,VACQU
13.66,13.66,13.66,13.66,100,2021-03-23 13:45:00,VACQU
13.66,13.68,13.65,13.65,530,2021-03-23 13:55:00,VACQU
13.64,13.65,13.64,13.64,600,2021-03-23 14:00:00,VACQU
13.69,13.69,13.69,13.69,100,2021-03-23 14:05:00,VACQU
13.66,13.66,13.66,13.66,700,2021-03-23 14:15:00,VACQU
13.675,13.675,13.675,13.675,900,2021-03-23 14:20:00,VACQU
13.48,13.48,13.28,13.28,786,2021-03-23 14:35:00,VACQU
13.25,13.25,13.25,13.25,200,2021-03-23 14:40:00,VACQU
13.3598,13.3598,13.3598,13.3598,100,2021-03-23 15:10:00,VACQU
13.53,13.53,13.53,13.53,215,2021-03-23 15:30:00,VACQU
13.31,13.31,13.31,13.31,215,2021-03-23 15:35:00,VACQU
13.26,13.3,13.26,13.3,400,2021-03-23 16:10:00,VACQU
13.38,13.4,13.3494,13.3494,1881,2021-03-23 16:15:00,VACQU
13.3332,13.3332,13.3332,13.3332,100,2021-03-23 16:20:00,VACQU
13.25,13.25,13.24,13.24,400,2021-03-23 16:40:00,VACQU
13.3,13.3,13.3,13.3,400,2021-03-23 16:50:00,VACQU
13.1462,13.1462,13.1462,13.1462,300,2021-03-23 17:25:00,VACQU
13.1,13.1,13.1,13.1,187,2021-03-23 17:45:00,VACQU
13.26,13.26,13.26,13.26,200,2021-03-23 18:00:00,VACQU
13.12,13.12,13.1,13.1,213,2021-03-23 18:05:00,VACQU
13.1899,13.1899,13.1899,13.1899,400,2021-03-23 18:10:00,VACQU
13.135,13.135,13.135,13.135,152,2021-03-23 18:15:00,VACQU
13.1474,13.1474,13.1474,13.1474,114,2021-03-23 18:20:00,VACQU
13.125,13.18,13.125,13.18,2152,2021-03-23 18:25:00,VACQU
13.08,13.08,13.08,13.08,400,2021-03-23 18:30:00,VACQU
13.11,13.1163,13.11,13.1163,900,2021-03-23 18:50:00,VACQU
13.07,13.07,13.07,13.07,150,2021-03-23 19:00:00,VACQU
13.02,13.02,13.02,13.02,100,2021-03-23 19:05:00,VACQU
13.01,13.01,12.99,12.99,1512,2021-03-23 19:15:00,VACQU
12.99,12.99,12.99,12.99,587,2021-03-23 19:20:00,VACQU
12.96,12.96,12.96,12.96,279,2021-03-23 19:25:00,VACQU
12.96,12.96,12.96,12.96,145,2021-03-23 19:35:00,VACQU
12.87,12.87,12.87,12.87,962,2021-03-23 19:40:00,VACQU
12.97,13.48,12.97,13.48,5113,2021-03-23 19:55:00,VACQU
14.1,14.1,14.1,14.1,138,2021-03-23 20:00:00,VACQU
14.0,14.0,13.27,13.27,3338,2021-03-24 13:30:00,VACQU
13.09,13.09,13.0,13.0,450,2021-03-24 13:40:00,VACQU
13.1,13.1,12.87,12.87,1250,2021-03-24 13:45:00,VACQU
12.97,13.03,12.97,13.03,2500,2021-03-24 13:50:00,VACQU
12.87,12.87,12.87,12.87,150,2021-03-24 13:55:00,VACQU
13.225,13.225,13.225,13.225,500,2021-03-24 14:10:00,VACQU
13.0,13.03,12.83,13.03,400,2021-03-24 14:25:00,VACQU
13.0,13.0,13.0,13.0,193,2021-03-24 14:35:00,VACQU
12.89,12.89,12.89,12.89,722,2021-03-24 15:10:00,VACQU
12.86,12.86,12.86,12.86,241,2021-03-24 15:20:00,VACQU
12.73,12.73,12.73,12.73,300,2021-03-24 15:45:00,VACQU
12.78,12.78,12.78,12.78,100,2021-03-24 15:50:00,VACQU
13.4899,13.4899,13.4899,13.4899,100,2021-03-24 16:00:00,VACQU
12.8,12.8,12.8,12.8,217,2021-03-24 16:15:00,VACQU
12.914,12.914,12.914,12.914,165,2021-03-24 16:20:00,VACQU
12.55,12.5987,12.55,12.5987,333,2021-03-24 17:15:00,VACQU
12.6,12.7,12.6,12.6,2420,2021-03-24 17:20:00,VACQU
12.6,12.6,12.5,12.5,3813,2021-03-24 17:40:00,VACQU
12.7563,12.7563,12.4,12.48,1576,2021-03-24 17:55:00,VACQU
12.41,12.41,12.41,12.41,100,2021-03-24 18:30:00,VACQU
12.47,12.47,12.47,12.47,363,2021-03-24 18:35:00,VACQU
12.47,12.53,12.47,12.53,1383,2021-03-24 18:40:00,VACQU
12.41,12.8,12.4,12.52,4630,2021-03-24 18:50:00,VACQU
12.4,12.6,12.4,12.6,898,2021-03-24 19:05:00,VACQU
12.45,12.45,12.45,12.45,100,2021-03-24 19:10:00,VACQU
12.429,12.429,12.4,12.4,670,2021-03-24 19:15:00,VACQU
12.4,12.4,12.4,12.4,100,2021-03-24 19:20:00,VACQU
12.4,13.04,12.4,12.43,1118,2021-03-24 19:25:00,VACQU
12.4,12.49,12.4,12.4,1742,2021-03-24 19:35:00,VACQU
12.4,12.4,12.4,12.4,330,2021-03-24 19:40:00,VACQU
12.4,12.4,12.4,12.4,510,2021-03-24 19:45:00,VACQU
12.4,12.85,12.4,12.4,656,2021-03-24 19:50:00,VACQU
12.955,12.955,12.11,12.11,2244,2021-03-24 19:55:00,VACQU
13.0,13.0,13.0,13.0,123,2021-03-24 20:00:00,VACQU
12.06,12.06,12.03,12.03,200,2021-03-25 12:45:00,VACQU
12.32,12.32,12.32,12.32,300,2021-03-25 13:00:00,VACQU
12.02,12.02,12.02,12.02,100,2021-03-25 13:05:00,VACQU
12.03,12.03,12.0,12.0,1387,2021-03-25 13:15:00,VACQU
12.58,12.58,12.2,12.2,424,2021-03-25 13:30:00,VACQU
12.03,12.03,12.0,12.0,4693,2021-03-25 13:40:00,VACQU
12.12,12.12,12.12,12.12,800,2021-03-25 13:50:00,VACQU
12.0,12.0,12.0,12.0,750,2021-03-25 13:55:00,VACQU
12.2,12.2,12.1279,12.1279,300,2021-03-25 14:05:00,VACQU
12.34,12.35,12.34,12.35,1459,2021-03-25 14:20:00,VACQU
12.48,12.6,12.04,12.05,1200,2021-03-25 14:50:00,VACQU
12.01,12.01,12.01,12.01,416,2021-03-25 15:00:00,VACQU
12.8299,12.8299,12.8299,12.8299,300,2021-03-25 15:20:00,VACQU
12.01,12.25,12.01,12.25,500,2021-03-25 15:35:00,VACQU
12.03,12.2,12.01,12.0296,420,2021-03-25 15:45:00,VACQU
12.0562,12.345,12.0,12.345,1350,2021-03-25 15:50:00,VACQU
12.2547,12.2547,12.01,12.01,280,2021-03-25 15:55:00,VACQU
12.4364,12.4364,12.4364,12.4364,500,2021-03-25 16:15:00,VACQU
12.1173,12.1173,12.1173,12.1173,550,2021-03-25 16:55:00,VACQU
12.5,12.5,12.5,12.5,200,2021-03-25 17:00:00,VACQU
12.02,12.02,12.02,12.02,100,2021-03-25 17:10:00,VACQU
12.4587,12.4587,12.4587,12.4587,250,2021-03-25 18:00:00,VACQU
12.1355,12.1355,12.1355,12.1355,550,2021-03-25 18:05:00,VACQU
12.3,12.35,12.3,12.35,300,2021-03-25 19:10:00,VACQU
12.36,12.36,12.35,12.35,200,2021-03-25 19:15:00,VACQU
12.5,12.5,12.5,12.5,460,2021-03-25 19:30:00,VACQU
12.4908,12.4908,12.4908,12.4908,200,2021-03-25 19:50:00,VACQU
12.46,12.5,12.46,12.5,600,2021-03-25 19:55:00,VACQU
12.0,12.75,12.0,12.75,3706,2021-03-26 13:30:00,VACQU
12.95,13.04,12.95,13.04,349,2021-03-26 14:25:00,VACQU
13.0623,13.0623,13.06,13.06,600,2021-03-26 14:30:00,VACQU
12.99,13.14,12.99,13.14,5422,2021-03-26 14:35:00,VACQU
12.86,12.86,12.85,12.85,500,2021-03-26 15:10:00,VACQU
12.53,12.54,12.5,12.5,5921,2021-03-26 15:15:00,VACQU
12.4354,12.4354,12.4354,12.4354,200,2021-03-26 15:20:00,VACQU
12.53,12.67,12.53,12.67,1399,2021-03-26 15:30:00,VACQU
12.9661,12.9661,12.9661,12.9661,100,2021-03-26 15:45:00,VACQU
12.77,12.8,12.77,12.79,351,2021-03-26 16:35:00,VACQU
12.76,12.76,12.76,12.76,100,2021-03-26 16:40:00,VACQU
12.79,12.8,12.79,12.8,552,2021-03-26 17:10:00,VACQU
12.8001,12.8001,12.8001,12.8001,112,2021-03-26 17:40:00,VACQU
12.8,12.8,12.8,12.8,450,2021-03-26 17:45:00,VACQU
12.58,12.59,12.58,12.59,1000,2021-03-26 18:05:00,VACQU
12.55,12.55,12.55,12.55,995,2021-03-26 18:40:00,VACQU
12.48,12.48,12.48,12.48,900,2021-03-26 18:50:00,VACQU
12.45,12.45,12.45,12.45,148,2021-03-26 19:10:00,VACQU
12.46,12.46,12.46,12.46,611,2021-03-26 19:30:00,VACQU
12.54,12.55,12.54,12.55,713,2021-03-26 19:50:00,VACQU
13.0321,13.1878,13.0321,13.1878,949,2021-03-29 14:05:00,VACQU
13.115,13.1999,13.03,13.1999,1750,2021-03-29 14:10:00,VACQU
13.1,13.1,13.1,13.1,100,2021-03-29 14:15:00,VACQU
13.02,13.06,13.02,13.06,800,2021-03-29 15:05:00,VACQU
12.94,12.95,12.94,12.95,486,2021-03-29 15:40:00,VACQU
12.885,12.885,12.885,12.885,100,2021-03-29 15:45:00,VACQU
12.9,12.9,12.9,12.9,120,2021-03-29 16:20:00,VACQU
12.82,12.82,12.82,12.82,390,2021-03-29 17:00:00,VACQU
12.83,12.83,12.83,12.83,363,2021-03-29 17:30:00,VACQU
13.04,13.12,13.04,13.12,463,2021-03-29 19:10:00,VACQU
12.84,12.84,12.84,12.84,138,2021-03-29 20:00:00,VACQU
12.65,12.65,12.65,12.65,100,2021-03-30 11:25:00,VACQU
12.8,12.8,12.75,12.75,970,2021-03-30 13:30:00,VACQU
12.6,12.6,12.6,12.6,235,2021-03-30 13:35:00,VACQU
12.4354,12.4354,12.4354,12.4354,290,2021-03-30 14:00:00,VACQU
12.46,12.46,12.46,12.46,100,2021-03-30 14:20:00,VACQU
12.66,12.68,12.65,12.68,4621,2021-03-30 14:45:00,VACQU
12.68,12.7,12.68,12.7,200,2021-03-30 15:05:00,VACQU
12.7,12.7,12.68,12.68,1496,2021-03-30 15:20:00,VACQU
12.6597,12.7,12.6597,12.7,409,2021-03-30 15:35:00,VACQU
12.68,12.68,12.66,12.66,1400,2021-03-30 16:50:00,VACQU
12.68,12.7,12.68,12.69,700,2021-03-30 17:05:00,VACQU
12.725,12.725,12.725,12.725,400,2021-03-30 17:15:00,VACQU
12.755,12.755,12.755,12.755,710,2021-03-30 17:40:00,VACQU
12.605,12.605,12.6,12.6,757,2021-03-30 18:15:00,VACQU
12.6,12.6,12.6,12.6,100,2021-03-30 18:20:00,VACQU
12.7199,12.7199,12.7199,12.7199,105,2021-03-30 18:30:00,VACQU
12.49,12.49,12.48,12.48,2031,2021-03-30 18:55:00,VACQU
12.45,12.45,12.35,12.35,19273,2021-03-30 19:10:00,VACQU
12.4,12.425,12.385,12.4,7600,2021-03-30 19:20:00,VACQU
12.4,12.41,12.38,12.38,23000,2021-03-30 19:30:00,VACQU
12.38,12.38,12.33,12.33,1500,2021-03-30 19:35:00,VACQU
12.48,12.48,12.48,12.48,127,2021-03-30 20:00:00,VACQU
12.51,12.54,12.51,12.54,500,2021-03-31 13:30:00,VACQU
12.75,12.75,12.75,12.75,100,2021-03-31 13:40:00,VACQU
12.8799,12.8799,12.8799,12.8799,155,2021-03-31 14:10:00,VACQU
12.7,12.7,12.7,12.7,100,2021-03-31 14:20:00,VACQU
12.735,12.735,12.48,12.49,25150,2021-03-31 14:25:00,VACQU
12.49,12.49,12.4775,12.4775,500,2021-03-31 14:35:00,VACQU
12.61,12.61,12.61,12.61,200,2021-03-31 14:45:00,VACQU
12.56,12.56,12.55,12.56,14000,2021-03-31 14:50:00,VACQU
12.53,12.53,12.39,12.39,9957,2021-03-31 14:55:00,VACQU
12.57,12.59,12.57,12.59,404,2021-03-31 15:10:00,VACQU
12.44,12.44,12.44,12.44,1000,2021-03-31 16:50:00,VACQU
12.43,12.56,12.43,12.56,1000,2021-03-31 17:00:00,VACQU
12.6639,12.6639,12.6639,12.6639,500,2021-03-31 17:40:00,VACQU
12.43,12.43,12.43,12.43,500,2021-03-31 17:45:00,VACQU
12.555,12.555,12.555,12.555,100,2021-03-31 18:15:00,VACQU
12.63,12.63,12.63,12.63,105,2021-03-31 18:50:00,VACQU
12.69,12.69,12.69,12.69,200,2021-03-31 18:55:00,VACQU
12.69,12.69,12.69,12.69,500,2021-03-31 19:10:00,VACQU
12.69,12.7,12.69,12.69,1100,2021-03-31 19:15:00,VACQU
12.66,12.66,12.66,12.66,2000,2021-03-31 19:25:00,VACQU
12.65,12.66,12.65,12.66,900,2021-03-31 19:30:00,VACQU
12.66,12.66,12.66,12.66,100,2021-03-31 19:35:00,VACQU
12.69,12.69,12.69,12.69,900,2021-03-31 19:45:00,VACQU
