open,high,low,close,volume,datetime,symbol
68.72,70.0094,68.64,69.07,4566,2022-05-02 13:30:00,CBSH
68.81,69.02,68.31,69.02,4815,2022-05-02 13:35:00,CBSH
68.63,69.175,68.63,68.99,4206,2022-05-02 13:40:00,CBSH
68.91,69.0244,68.85,68.98,1850,2022-05-02 13:45:00,CBSH
69.17,69.325,69.17,69.24,1400,2022-05-02 13:50:00,CBSH
69.2206,69.2206,68.96,68.96,3007,2022-05-02 13:55:00,CBSH
68.99,69.26,68.975,69.26,900,2022-05-02 14:00:00,CBSH
69.28,69.34,69.0,69.04,5893,2022-05-02 14:05:00,CBSH
69.07,69.28,69.07,69.18,6550,2022-05-02 14:10:00,CBSH
69.16,69.24,69.02,69.235,2300,2022-05-02 14:15:00,CBSH
69.36,69.4,69.13,69.4,1911,2022-05-02 14:20:00,CBSH
69.5,69.59,69.39,69.39,3641,2022-05-02 14:25:00,CBSH
69.58,69.58,69.53,69.56,800,2022-05-02 14:30:00,CBSH
69.63,69.63,69.43,69.59,4582,2022-05-02 14:35:00,CBSH
69.595,69.6,69.43,69.56,10835,2022-05-02 14:40:00,CBSH
69.63,69.745,69.54,69.745,1616,2022-05-02 14:45:00,CBSH
69.73,69.73,69.59,69.605,1064,2022-05-02 14:50:00,CBSH
69.53,69.58,69.38,69.38,3794,2022-05-02 14:55:00,CBSH
69.38,69.55,69.335,69.46,3910,2022-05-02 15:00:00,CBSH
69.41,69.65,69.41,69.6,4500,2022-05-02 15:05:00,CBSH
69.55,69.55,69.38,69.42,1554,2022-05-02 15:10:00,CBSH
69.4,69.4,69.18,69.34,1320,2022-05-02 15:15:00,CBSH
69.385,69.42,69.29,69.42,1687,2022-05-02 15:20:00,CBSH
69.29,69.39,69.01,69.01,1432,2022-05-02 15:25:00,CBSH
69.04,69.12,68.98,69.09,1820,2022-05-02 15:30:00,CBSH
69.09,69.15,68.96,68.96,1000,2022-05-02 15:35:00,CBSH
68.97,69.1,68.93,69.09,900,2022-05-02 15:40:00,CBSH
69.05,69.09,69.02,69.02,1400,2022-05-02 15:45:00,CBSH
69.01,69.0925,68.96,69.0925,1785,2022-05-02 15:50:00,CBSH
69.005,69.07,68.97,69.02,1100,2022-05-02 15:55:00,CBSH
69.01,69.12,68.83,68.83,1499,2022-05-02 16:00:00,CBSH
68.855,68.875,68.76,68.875,2948,2022-05-02 16:05:00,CBSH
68.87,68.92,68.86,68.92,500,2022-05-02 16:10:00,CBSH
68.94,68.94,68.755,68.89,3300,2022-05-02 16:15:00,CBSH
68.94,68.98,68.76,68.79,2513,2022-05-02 16:20:00,CBSH
68.74,68.74,68.69,68.69,800,2022-05-02 16:25:00,CBSH
68.66,68.76,68.64,68.72,1100,2022-05-02 16:30:00,CBSH
68.75,68.8075,68.58,68.58,1984,2022-05-02 16:35:00,CBSH
68.7,68.7,68.61,68.61,700,2022-05-02 16:40:00,CBSH
68.61,68.63,68.51,68.62,1700,2022-05-02 16:45:00,CBSH
68.64,68.64,68.6,68.6,300,2022-05-02 16:50:00,CBSH
68.39,68.49,68.37,68.37,1400,2022-05-02 16:55:00,CBSH
68.34,68.34,68.14,68.18,1300,2022-05-02 17:00:00,CBSH
68.31,68.38,68.25,68.38,1202,2022-05-02 17:05:00,CBSH
68.39,68.43,68.29,68.34,2842,2022-05-02 17:10:00,CBSH
68.34,68.34,68.26,68.3,1144,2022-05-02 17:15:00,CBSH
68.3,68.3,68.22,68.25,1500,2022-05-02 17:20:00,CBSH
68.25,68.25,68.14,68.14,900,2022-05-02 17:25:00,CBSH
68.24,68.24,68.07,68.1,1000,2022-05-02 17:30:00,CBSH
68.09,68.16,68.05,68.16,600,2022-05-02 17:35:00,CBSH
68.165,68.2223,68.08,68.08,5335,2022-05-02 17:40:00,CBSH
68.08,68.16,68.075,68.12,1393,2022-05-02 17:45:00,CBSH
68.09,68.13,68.02,68.02,1440,2022-05-02 17:50:00,CBSH
68.045,68.05,67.96,67.99,1220,2022-05-02 17:55:00,CBSH
68.0,68.12,67.95,68.09,1600,2022-05-02 18:00:00,CBSH
68.2117,68.24,68.1422,68.2,1332,2022-05-02 18:05:00,CBSH
68.185,68.185,68.11,68.11,500,2022-05-02 18:10:00,CBSH
68.04,68.06,68.01,68.02,1100,2022-05-02 18:15:00,CBSH
68.01,68.1,68.01,68.06,1000,2022-05-02 18:20:00,CBSH
68.1,68.16,68.05,68.13,1803,2022-05-02 18:25:00,CBSH
68.1,68.16,68.07,68.13,1000,2022-05-02 18:30:00,CBSH
68.1,68.1,67.945,68.02,1000,2022-05-02 18:35:00,CBSH
67.99,67.99,67.805,67.805,700,2022-05-02 18:40:00,CBSH
67.85,68.04,67.85,68.02,1001,2022-05-02 18:45:00,CBSH
68.05,68.21,67.98,68.09,2026,2022-05-02 18:50:00,CBSH
68.12,68.12,67.9522,67.9522,1050,2022-05-02 18:55:00,CBSH
68.04,68.26,68.04,68.26,1600,2022-05-02 19:00:00,CBSH
68.34,68.609,68.34,68.609,2476,2022-05-02 19:05:00,CBSH
68.65,68.75,68.6006,68.66,2094,2022-05-02 19:10:00,CBSH
68.71,68.71,68.655,68.66,1254,2022-05-02 19:15:00,CBSH
68.82,68.82,68.79,68.79,700,2022-05-02 19:20:00,CBSH
68.85,68.875,68.77,68.79,1800,2022-05-02 19:25:00,CBSH
68.91,69.03,68.91,69.005,2900,2022-05-02 19:30:00,CBSH
69.08,69.12,68.97,69.04,5718,2022-05-02 19:35:00,CBSH
69.1,69.15,68.85,68.85,13642,2022-05-02 19:40:00,CBSH
68.855,69.22,68.83,69.16,8500,2022-05-02 19:45:00,CBSH
69.18,69.18,69.03,69.1,5234,2022-05-02 19:50:00,CBSH
68.94,69.14,68.94,69.13,19296,2022-05-02 19:55:00,CBSH
69.11,69.11,69.11,69.11,47577,2022-05-02 20:00:00,CBSH
69.12,69.12,67.9,68.41,7315,2022-05-03 13:30:00,CBSH
68.72,68.72,68.36,68.485,3777,2022-05-03 13:35:00,CBSH
68.49,68.84,68.49,68.78,1297,2022-05-03 13:40:00,CBSH
68.839,68.84,68.59,68.726,1291,2022-05-03 13:45:00,CBSH
68.59,68.86,68.58,68.82,2505,2022-05-03 13:50:00,CBSH
68.87,68.93,68.81,68.89,1414,2022-05-03 13:55:00,CBSH
68.78,69.13,68.78,69.05,2226,2022-05-03 14:00:00,CBSH
69.05,69.07,68.7,68.7,2456,2022-05-03 14:05:00,CBSH
68.77,68.95,68.77,68.92,2744,2022-05-03 14:10:00,CBSH
68.85,69.02,68.84,69.02,2647,2022-05-03 14:15:00,CBSH
69.09,69.145,68.98,69.145,1963,2022-05-03 14:20:00,CBSH
69.24,69.34,69.24,69.315,918,2022-05-03 14:25:00,CBSH
69.36,69.49,69.33,69.435,1759,2022-05-03 14:30:00,CBSH
69.48,69.48,69.34,69.35,1398,2022-05-03 14:35:00,CBSH
69.35,69.37,69.265,69.265,1200,2022-05-03 14:40:00,CBSH
69.285,69.285,69.175,69.22,500,2022-05-03 14:45:00,CBSH
69.23,69.35,69.22,69.35,2641,2022-05-03 14:50:00,CBSH
69.38,69.49,69.31,69.49,512,2022-05-03 14:55:00,CBSH
69.46,69.46,69.19,69.25,3771,2022-05-03 15:00:00,CBSH
69.54,69.55,69.54,69.5434,510,2022-05-03 15:05:00,CBSH
69.57,69.62,69.52,69.62,1000,2022-05-03 15:10:00,CBSH
69.66,69.7,69.62,69.62,1000,2022-05-03 15:15:00,CBSH
69.63,69.72,69.63,69.72,638,2022-05-03 15:20:00,CBSH
69.845,69.845,69.76,69.76,1000,2022-05-03 15:25:00,CBSH
69.8,69.95,69.8,69.93,1835,2022-05-03 15:30:00,CBSH
69.88,69.88,69.88,69.88,200,2022-05-03 15:35:00,CBSH
69.875,69.955,69.875,69.955,633,2022-05-03 15:40:00,CBSH
69.93,69.93,69.69,69.69,1769,2022-05-03 15:45:00,CBSH
69.85,69.86,69.725,69.725,700,2022-05-03 15:50:00,CBSH
69.76,69.82,69.76,69.79,1178,2022-05-03 15:55:00,CBSH
69.83,69.91,69.75,69.91,900,2022-05-03 16:00:00,CBSH
69.91,69.91,69.555,69.56,2350,2022-05-03 16:05:00,CBSH
69.54,69.79,69.54,69.79,700,2022-05-03 16:10:00,CBSH
69.79,69.82,69.79,69.82,806,2022-05-03 16:15:00,CBSH
69.88,69.88,69.79,69.79,1100,2022-05-03 16:20:00,CBSH
69.75,69.76,69.73,69.73,1198,2022-05-03 16:25:00,CBSH
69.63,69.655,69.62,69.62,400,2022-05-03 16:30:00,CBSH
69.66,69.74,69.63,69.63,1100,2022-05-03 16:35:00,CBSH
69.6921,69.7012,69.6921,69.7012,465,2022-05-03 16:40:00,CBSH
69.67,69.72,69.63,69.72,655,2022-05-03 16:45:00,CBSH
69.68,69.775,69.68,69.7,600,2022-05-03 16:50:00,CBSH
69.59,69.75,69.59,69.75,6895,2022-05-03 16:55:00,CBSH
69.77,69.88,69.76,69.76,1200,2022-05-03 17:00:00,CBSH
69.76,69.76,69.76,69.76,100,2022-05-03 17:05:00,CBSH
69.96,69.967,69.88,69.88,1300,2022-05-03 17:15:00,CBSH
69.93,69.93,69.82,69.82,1100,2022-05-03 17:20:00,CBSH
69.77,69.81,69.77,69.8,400,2022-05-03 17:25:00,CBSH
69.88,69.88,69.86,69.86,700,2022-05-03 17:30:00,CBSH
69.89,69.93,69.87,69.93,1200,2022-05-03 17:35:00,CBSH
69.93,69.94,69.89,69.9331,841,2022-05-03 17:40:00,CBSH
69.94,69.94,69.83,69.83,1470,2022-05-03 17:45:00,CBSH
69.81,69.81,69.78,69.78,200,2022-05-03 17:50:00,CBSH
69.78,69.85,69.7395,69.825,2622,2022-05-03 17:55:00,CBSH
69.76,69.76,69.59,69.59,1200,2022-05-03 18:00:00,CBSH
69.635,69.635,69.56,69.61,2071,2022-05-03 18:05:00,CBSH
69.565,69.565,69.49,69.49,417,2022-05-03 18:10:00,CBSH
69.47,69.5,69.45,69.49,700,2022-05-03 18:15:00,CBSH
69.49,69.55,69.49,69.54,824,2022-05-03 18:20:00,CBSH
69.54,69.6,69.5,69.5,3212,2022-05-03 18:25:00,CBSH
69.54,69.615,69.54,69.615,600,2022-05-03 18:30:00,CBSH
69.635,69.765,69.62,69.62,1700,2022-05-03 18:35:00,CBSH
69.53,69.65,69.43,69.65,1804,2022-05-03 18:40:00,CBSH
69.61,69.68,69.47,69.68,1656,2022-05-03 18:45:00,CBSH
69.73,69.82,69.73,69.775,800,2022-05-03 18:50:00,CBSH
69.85,69.85,69.85,69.85,300,2022-05-03 18:55:00,CBSH
69.984,69.984,69.8971,69.8971,1100,2022-05-03 19:00:00,CBSH
69.9,70.019,69.9,69.99,3474,2022-05-03 19:05:00,CBSH
70.02,70.09,70.01,70.09,1517,2022-05-03 19:10:00,CBSH
70.09,70.095,69.95,69.95,2921,2022-05-03 19:15:00,CBSH
69.925,70.035,69.74,69.815,1453,2022-05-03 19:20:00,CBSH
69.865,69.96,69.865,69.93,1488,2022-05-03 19:25:00,CBSH
69.94,69.98,69.81,69.905,2142,2022-05-03 19:30:00,CBSH
69.875,69.875,69.68,69.78,1628,2022-05-03 19:35:00,CBSH
69.71,69.71,69.57,69.65,2200,2022-05-03 19:40:00,CBSH
69.62,69.73,69.52,69.715,2509,2022-05-03 19:45:00,CBSH
69.75,69.97,69.655,69.94,5834,2022-05-03 19:50:00,CBSH
69.93,69.93,69.745,69.86,15916,2022-05-03 19:55:00,CBSH
69.84,69.84,69.84,69.84,38813,2022-05-03 20:00:00,CBSH
69.87,69.96,69.25,69.96,3124,2022-05-04 13:30:00,CBSH
69.94,69.94,69.78,69.78,1100,2022-05-04 13:35:00,CBSH
69.94,70.07,69.92,70.07,2073,2022-05-04 13:40:00,CBSH
70.08,70.105,70.08,70.105,500,2022-05-04 13:45:00,CBSH
70.23,70.37,70.2,70.37,604,2022-05-04 13:50:00,CBSH
70.22,70.22,70.06,70.06,1184,2022-05-04 13:55:00,CBSH
70.14,70.14,69.81,70.02,1704,2022-05-04 14:00:00,CBSH
70.05,70.05,69.85,69.87,1919,2022-05-04 14:05:00,CBSH
69.93,69.93,69.85,69.88,600,2022-05-04 14:10:00,CBSH
69.94,69.99,69.94,69.99,400,2022-05-04 14:15:00,CBSH
69.96,69.96,69.96,69.96,200,2022-05-04 14:20:00,CBSH
70.11,70.12,70.11,70.12,800,2022-05-04 14:25:00,CBSH
70.04,70.04,69.95,69.95,1200,2022-05-04 14:30:00,CBSH
70.09,70.09,70.06,70.06,230,2022-05-04 14:35:00,CBSH
70.56,70.56,70.43,70.43,651,2022-05-04 14:40:00,CBSH
70.38,70.38,70.3,70.35,1249,2022-05-04 14:45:00,CBSH
70.28,70.36,70.17,70.27,2757,2022-05-04 14:50:00,CBSH
70.27,70.29,70.27,70.28,514,2022-05-04 14:55:00,CBSH
70.33,70.36,70.3,70.3,896,2022-05-04 15:00:00,CBSH
70.22,70.29,70.22,70.27,900,2022-05-04 15:05:00,CBSH
70.22,70.25,70.11,70.11,1300,2022-05-04 15:10:00,CBSH
70.07,70.07,70.07,70.07,200,2022-05-04 15:15:00,CBSH
70.03,70.14,70.03,70.1249,1712,2022-05-04 15:20:00,CBSH
70.1,70.1,70.03,70.0774,1002,2022-05-04 15:25:00,CBSH
69.99,69.991,69.99,69.991,200,2022-05-04 15:30:00,CBSH
69.96,70.09,69.96,70.09,700,2022-05-04 15:35:00,CBSH
70.02,70.09,70.01,70.09,400,2022-05-04 15:40:00,CBSH
70.1,70.11,70.1,70.11,500,2022-05-04 15:45:00,CBSH
70.135,70.18,70.135,70.18,500,2022-05-04 15:50:00,CBSH
70.14,70.19,70.12,70.12,1515,2022-05-04 15:55:00,CBSH
70.21,70.2412,70.14,70.2412,880,2022-05-04 16:00:00,CBSH
70.2264,70.26,70.2264,70.24,1043,2022-05-04 16:05:00,CBSH
70.26,70.26,70.24,70.26,1063,2022-05-04 16:10:00,CBSH
70.36,70.4,70.25,70.4,1444,2022-05-04 16:15:00,CBSH
70.41,70.5,70.41,70.46,400,2022-05-04 16:20:00,CBSH
70.47,70.47,70.46,70.46,500,2022-05-04 16:25:00,CBSH
70.39,70.44,70.39,70.44,782,2022-05-04 16:30:00,CBSH
70.4,70.52,70.4,70.44,600,2022-05-04 16:35:00,CBSH
70.45,70.45,70.42,70.42,900,2022-05-04 16:40:00,CBSH
70.37,70.37,70.3,70.35,825,2022-05-04 16:45:00,CBSH
70.3717,70.3717,70.34,70.34,400,2022-05-04 16:50:00,CBSH
70.4,70.4626,70.4,70.4626,743,2022-05-04 16:55:00,CBSH
70.46,70.5,70.44,70.44,600,2022-05-04 17:00:00,CBSH
70.26,70.26,70.26,70.26,200,2022-05-04 17:05:00,CBSH
70.25,70.32,70.21,70.275,1280,2022-05-04 17:10:00,CBSH
70.32,70.33,70.32,70.33,500,2022-05-04 17:15:00,CBSH
70.33,70.33,70.2,70.2,500,2022-05-04 17:20:00,CBSH
70.17,70.17,70.14,70.16,300,2022-05-04 17:25:00,CBSH
70.12,70.12,70.12,70.12,100,2022-05-04 17:30:00,CBSH
70.11,70.15,70.11,70.12,1045,2022-05-04 17:35:00,CBSH
70.12,70.12,70.08,70.08,200,2022-05-04 17:45:00,CBSH
70.03,70.03,70.01,70.01,200,2022-05-04 17:50:00,CBSH
70.07,70.35,70.01,70.11,2842,2022-05-04 17:55:00,CBSH
70.23,70.35,70.23,70.35,506,2022-05-04 18:00:00,CBSH
70.37,70.38,70.07,70.11,600,2022-05-04 18:05:00,CBSH
70.29,70.29,70.22,70.225,747,2022-05-04 18:10:00,CBSH
70.175,70.175,70.059,70.059,990,2022-05-04 18:15:00,CBSH
69.96,70.05,69.8516,70.05,1501,2022-05-04 18:20:00,CBSH
70.16,70.35,70.16,70.35,586,2022-05-04 18:25:00,CBSH
70.16,70.16,70.06,70.06,400,2022-05-04 18:30:00,CBSH
69.8,70.1,69.75,69.93,2034,2022-05-04 18:35:00,CBSH
69.9973,70.52,69.9973,70.4,3180,2022-05-04 18:40:00,CBSH
70.565,70.84,70.565,70.84,1593,2022-05-04 18:45:00,CBSH
70.86,71.08,70.79,71.08,1400,2022-05-04 18:50:00,CBSH
71.08,71.18,71.04,71.04,2696,2022-05-04 18:55:00,CBSH
71.0907,71.2,71.06,71.06,1186,2022-05-04 19:00:00,CBSH
71.15,71.27,71.15,71.27,600,2022-05-04 19:05:00,CBSH
71.29,71.35,71.28,71.31,1044,2022-05-04 19:10:00,CBSH
71.37,71.46,71.18,71.18,1710,2022-05-04 19:15:00,CBSH
71.28,71.35,71.28,71.325,1900,2022-05-04 19:20:00,CBSH
71.43,71.43,71.18,71.29,2127,2022-05-04 19:25:00,CBSH
71.31,71.61,71.26,71.61,3241,2022-05-04 19:30:00,CBSH
71.62,71.62,71.43,71.54,2000,2022-05-04 19:35:00,CBSH
71.49,71.63,71.441,71.63,2750,2022-05-04 19:40:00,CBSH
71.53,71.55,71.43,71.54,3627,2022-05-04 19:45:00,CBSH
71.54,71.71,71.51,71.52,10537,2022-05-04 19:50:00,CBSH
71.53,71.55,71.35,71.52,15663,2022-05-04 19:55:00,CBSH
71.51,71.51,71.51,71.51,45679,2022-05-04 20:00:00,CBSH
70.78,70.78,70.78,70.78,2197,2022-05-05 13:30:00,CBSH
70.39,70.7,70.39,70.56,3432,2022-05-05 13:35:00,CBSH
70.99,70.99,70.52,70.52,1802,2022-05-05 13:40:00,CBSH
70.58,70.58,70.44,70.44,417,2022-05-05 13:45:00,CBSH
70.46,70.49,70.46,70.49,420,2022-05-05 13:50:00,CBSH
70.58,70.65,70.58,70.65,1298,2022-05-05 13:55:00,CBSH
70.52,70.52,70.405,70.44,1240,2022-05-05 14:00:00,CBSH
70.42,70.42,70.18,70.18,500,2022-05-05 14:05:00,CBSH
70.07,70.09,69.96,69.96,500,2022-05-05 14:10:00,CBSH
70.26,70.26,70.26,70.26,309,2022-05-05 14:15:00,CBSH
69.98,69.98,69.94,69.94,424,2022-05-05 14:20:00,CBSH
69.95,70.0,69.95,69.96,800,2022-05-05 14:25:00,CBSH
69.94,69.95,69.94,69.95,200,2022-05-05 14:30:00,CBSH
70.04,70.04,69.91,69.91,500,2022-05-05 14:35:00,CBSH
69.91,70.0,69.91,69.97,1421,2022-05-05 14:40:00,CBSH
70.06,70.07,69.73,69.75,1605,2022-05-05 14:45:00,CBSH
69.67,69.7754,69.66,69.75,703,2022-05-05 14:50:00,CBSH
69.79,69.79,69.76,69.76,200,2022-05-05 14:55:00,CBSH
69.9,69.9,69.69,69.69,745,2022-05-05 15:00:00,CBSH
69.67,69.67,69.39,69.46,1892,2022-05-05 15:05:00,CBSH
69.48,69.54,69.47,69.54,632,2022-05-05 15:10:00,CBSH
69.45,69.71,69.38,69.7,2635,2022-05-05 15:15:00,CBSH
69.68,69.68,69.6,69.6,1559,2022-05-05 15:20:00,CBSH
69.57,69.6,69.54,69.6,3921,2022-05-05 15:25:00,CBSH
69.57,69.78,69.55,69.74,1800,2022-05-05 15:30:00,CBSH
69.74,69.86,69.74,69.8,1616,2022-05-05 15:35:00,CBSH
69.83,69.83,69.71,69.71,800,2022-05-05 15:40:00,CBSH
69.73,69.73,69.54,69.66,1100,2022-05-05 15:45:00,CBSH
69.63,69.63,69.52,69.52,900,2022-05-05 15:50:00,CBSH
69.47,69.52,69.47,69.52,1100,2022-05-05 15:55:00,CBSH
69.5,69.5,69.36,69.41,1200,2022-05-05 16:00:00,CBSH
69.48,69.59,69.48,69.55,1243,2022-05-05 16:05:00,CBSH
69.52,69.63,69.52,69.59,1200,2022-05-05 16:10:00,CBSH
69.55,69.71,69.51,69.71,1787,2022-05-05 16:15:00,CBSH
69.73,69.73,69.4701,69.4701,1344,2022-05-05 16:20:00,CBSH
69.57,69.74,69.57,69.72,2097,2022-05-05 16:25:00,CBSH
69.76,69.78,69.67,69.67,1200,2022-05-05 16:30:00,CBSH
69.6905,69.75,69.62,69.63,2860,2022-05-05 16:35:00,CBSH
69.66,69.68,69.65,69.66,1196,2022-05-05 16:40:00,CBSH
69.81,69.81,69.81,69.81,300,2022-05-05 16:45:00,CBSH
69.88,69.985,69.88,69.97,2568,2022-05-05 16:50:00,CBSH
70.02,70.06,69.8,69.91,2200,2022-05-05 16:55:00,CBSH
69.97,70.06,69.97,70.04,1797,2022-05-05 17:00:00,CBSH
70.0893,70.13,70.08,70.12,700,2022-05-05 17:05:00,CBSH
70.12,70.12,69.95,69.96,2000,2022-05-05 17:10:00,CBSH
69.88,69.98,69.88,69.98,500,2022-05-05 17:15:00,CBSH
69.95,70.03,69.95,69.95,323,2022-05-05 17:20:00,CBSH
69.98,70.04,69.98,70.04,1063,2022-05-05 17:25:00,CBSH
70.06,70.06,69.92,69.92,3282,2022-05-05 17:30:00,CBSH
70.02,70.32,70.02,70.06,2500,2022-05-05 17:35:00,CBSH
70.15,70.2,70.11,70.2,500,2022-05-05 17:40:00,CBSH
70.16,70.16,70.1,70.1,400,2022-05-05 17:45:00,CBSH
69.99,69.99,69.91,69.91,1348,2022-05-05 17:50:00,CBSH
69.9,69.95,69.85,69.95,1200,2022-05-05 17:55:00,CBSH
69.91,69.91,69.81,69.85,1100,2022-05-05 18:00:00,CBSH
69.91,70.07,69.91,70.07,1135,2022-05-05 18:05:00,CBSH
70.0,70.0,69.97,69.97,300,2022-05-05 18:10:00,CBSH
70.3715,70.3715,70.32,70.32,301,2022-05-05 18:15:00,CBSH
70.33,70.33,70.06,70.1507,2012,2022-05-05 18:20:00,CBSH
70.06,70.08,69.99,70.08,1000,2022-05-05 18:25:00,CBSH
69.93,69.97,69.93,69.97,600,2022-05-05 18:30:00,CBSH
69.93,69.945,69.88,69.945,1802,2022-05-05 18:35:00,CBSH
69.95,70.02,69.83,69.97,868,2022-05-05 18:40:00,CBSH
70.01,70.1,69.99,70.0175,1856,2022-05-05 18:45:00,CBSH
70.09,70.2259,70.06,70.06,1208,2022-05-05 18:50:00,CBSH
70.02,70.13,70.0,70.1,1600,2022-05-05 18:55:00,CBSH
70.03,70.03,69.9894,69.9894,1002,2022-05-05 19:00:00,CBSH
69.98,69.98,69.81,69.92,2495,2022-05-05 19:05:00,CBSH
69.9296,69.98,69.78,69.78,1800,2022-05-05 19:10:00,CBSH
69.83,69.84,69.7407,69.78,1935,2022-05-05 19:15:00,CBSH
69.75,69.79,69.72,69.76,1972,2022-05-05 19:20:00,CBSH
69.87,69.87,69.69,69.74,2972,2022-05-05 19:25:00,CBSH
69.7,69.8,69.55,69.74,2592,2022-05-05 19:30:00,CBSH
69.79,69.93,69.7,69.735,1500,2022-05-05 19:35:00,CBSH
69.87,69.883,69.77,69.78,2511,2022-05-05 19:40:00,CBSH
69.75,69.84,69.55,69.58,3361,2022-05-05 19:45:00,CBSH
69.62,70.1,69.62,69.97,5942,2022-05-05 19:50:00,CBSH
70.02,70.2,69.96,70.12,27671,2022-05-05 19:55:00,CBSH
70.14,70.14,70.14,70.14,51874,2022-05-05 20:00:00,CBSH
70.14,70.36,70.1,70.1,2366,2022-05-06 13:30:00,CBSH
70.32,70.32,70.02,70.18,4377,2022-05-06 13:35:00,CBSH
70.11,70.26,69.97,70.01,3500,2022-05-06 13:40:00,CBSH
70.11,70.12,69.78,69.84,1500,2022-05-06 13:45:00,CBSH
69.83,69.99,69.68,69.755,4992,2022-05-06 13:50:00,CBSH
69.68,69.71,69.47,69.71,3448,2022-05-06 13:55:00,CBSH
69.74,69.79,69.55,69.79,3294,2022-05-06 14:00:00,CBSH
69.8,70.0548,69.8,69.92,2306,2022-05-06 14:05:00,CBSH
70.04,70.195,69.88,70.09,3200,2022-05-06 14:10:00,CBSH
70.07,70.26,69.92,69.92,5310,2022-05-06 14:15:00,CBSH
69.91,70.235,69.84,70.235,2367,2022-05-06 14:20:00,CBSH
70.27,70.37,70.19,70.23,2280,2022-05-06 14:25:00,CBSH
70.2,70.34,70.12,70.12,3310,2022-05-06 14:30:00,CBSH
70.11,70.13,69.89,70.01,2354,2022-05-06 14:35:00,CBSH
70.01,70.14,69.98,70.075,1800,2022-05-06 14:40:00,CBSH
70.01,70.52,69.96,70.52,4488,2022-05-06 14:45:00,CBSH
70.48,70.48,70.23,70.35,4612,2022-05-06 14:50:00,CBSH
70.35,70.49,70.22,70.42,3500,2022-05-06 14:55:00,CBSH
70.42,70.45,70.285,70.42,2437,2022-05-06 15:00:00,CBSH
70.37,70.375,70.29,70.37,1300,2022-05-06 15:05:00,CBSH
70.465,70.6175,70.4,70.6175,2721,2022-05-06 15:10:00,CBSH
70.59,70.67,70.5225,70.5225,1700,2022-05-06 15:15:00,CBSH
70.47,70.6,70.46,70.5,2576,2022-05-06 15:20:00,CBSH
70.5,70.5,70.29,70.36,1100,2022-05-06 15:25:00,CBSH
70.41,70.42,70.08,70.08,907,2022-05-06 15:30:00,CBSH
70.0,70.02,69.79,69.79,2800,2022-05-06 15:35:00,CBSH
69.74,69.8694,69.74,69.81,758,2022-05-06 15:40:00,CBSH
69.78,69.85,69.56,69.56,3421,2022-05-06 15:45:00,CBSH
69.56,69.67,69.3,69.34,5315,2022-05-06 15:50:00,CBSH
69.39,69.49,69.34,69.37,2294,2022-05-06 15:55:00,CBSH
69.39,69.42,69.36,69.41,1616,2022-05-06 16:00:00,CBSH
69.67,69.68,69.67,69.68,1243,2022-05-06 16:05:00,CBSH
69.4,69.41,69.4,69.4,300,2022-05-06 16:10:00,CBSH
69.245,69.33,69.245,69.29,1800,2022-05-06 16:15:00,CBSH
69.34,69.59,69.34,69.54,1230,2022-05-06 16:20:00,CBSH
69.52,69.52,69.45,69.45,600,2022-05-06 16:25:00,CBSH
69.54,69.54,69.48,69.54,679,2022-05-06 16:30:00,CBSH
69.64,69.73,69.64,69.72,893,2022-05-06 16:35:00,CBSH
69.73,69.905,69.73,69.905,400,2022-05-06 16:40:00,CBSH
69.9,70.0,69.885,69.985,25779,2022-05-06 16:45:00,CBSH
69.93,69.94,69.83,69.89,1048,2022-05-06 16:50:00,CBSH
70.03,70.255,69.97,70.255,1945,2022-05-06 16:55:00,CBSH
70.19,70.22,69.99,70.0,4643,2022-05-06 17:00:00,CBSH
69.99,69.99,69.82,69.93,1605,2022-05-06 17:05:00,CBSH
69.93,70.0,69.92,69.96,2059,2022-05-06 17:10:00,CBSH
69.995,69.995,69.69,69.71,2330,2022-05-06 17:15:00,CBSH
69.68,69.78,69.67,69.74,1495,2022-05-06 17:20:00,CBSH
69.82,69.84,69.73,69.81,2083,2022-05-06 17:25:00,CBSH
69.88,69.88,69.8,69.8,1675,2022-05-06 17:30:00,CBSH
69.78,69.78,69.59,69.59,1200,2022-05-06 17:35:00,CBSH
69.63,69.63,69.6,69.61,500,2022-05-06 17:40:00,CBSH
69.6619,69.6619,69.55,69.55,1470,2022-05-06 17:45:00,CBSH
69.56,69.65,69.53,69.59,1421,2022-05-06 17:50:00,CBSH
69.49,69.58,69.49,69.57,1271,2022-05-06 17:55:00,CBSH
69.54,69.61,69.52,69.55,2400,2022-05-06 18:00:00,CBSH
69.41,69.41,69.4,69.4,300,2022-05-06 18:05:00,CBSH
69.23,69.36,69.21,69.36,471,2022-05-06 18:10:00,CBSH
69.355,69.52,69.355,69.45,1429,2022-05-06 18:15:00,CBSH
69.45,69.51,69.412,69.45,4211,2022-05-06 18:20:00,CBSH
69.45,69.46,69.38,69.45,3059,2022-05-06 18:25:00,CBSH
69.44,69.45,69.35,69.45,6758,2022-05-06 18:30:00,CBSH
69.44,69.4948,69.41,69.41,3006,2022-05-06 18:35:00,CBSH
69.52,69.52,69.45,69.45,803,2022-05-06 18:40:00,CBSH
69.49,69.52,69.38,69.52,2399,2022-05-06 18:45:00,CBSH
69.62,69.79,69.6,69.78,1178,2022-05-06 18:50:00,CBSH
69.82,69.82,69.6,69.67,3934,2022-05-06 18:55:00,CBSH
69.665,69.74,69.54,69.7063,3393,2022-05-06 19:00:00,CBSH
69.66,69.66,69.41,69.535,2300,2022-05-06 19:05:00,CBSH
69.54,69.54,69.48,69.48,1100,2022-05-06 19:10:00,CBSH
69.56,69.66,69.48,69.66,3600,2022-05-06 19:15:00,CBSH
69.61,69.61,69.46,69.51,1202,2022-05-06 19:20:00,CBSH
69.52,69.57,69.44,69.53,3200,2022-05-06 19:25:00,CBSH
69.58,69.8,69.58,69.755,3272,2022-05-06 19:30:00,CBSH
69.75,69.99,69.75,69.9,11238,2022-05-06 19:35:00,CBSH
69.88,69.935,69.75,69.75,5661,2022-05-06 19:40:00,CBSH
69.78,69.96,69.77,69.85,9604,2022-05-06 19:45:00,CBSH
69.88,70.005,69.71,69.7786,14887,2022-05-06 19:50:00,CBSH
69.78,69.85,69.68,69.7,12739,2022-05-06 19:55:00,CBSH
69.78,69.78,69.78,69.78,63746,2022-05-06 20:00:00,CBSH
68.85,68.85,68.85,68.85,200,2022-05-09 11:00:00,CBSH
69.11,69.18,69.11,69.13,2357,2022-05-09 13:30:00,CBSH
69.31,69.45,69.31,69.45,500,2022-05-09 13:35:00,CBSH
69.47,69.47,69.27,69.275,2660,2022-05-09 13:40:00,CBSH
69.33,69.34,69.27,69.27,300,2022-05-09 13:45:00,CBSH
69.14,69.16,69.14,69.16,800,2022-05-09 13:50:00,CBSH
69.52,69.52,69.45,69.46,1800,2022-05-09 13:55:00,CBSH
69.39,69.46,69.33,69.4,1133,2022-05-09 14:00:00,CBSH
69.12,69.14,69.12,69.12,500,2022-05-09 14:05:00,CBSH
69.26,69.4199,69.26,69.372,1407,2022-05-09 14:10:00,CBSH
69.29,69.41,69.2,69.2,1200,2022-05-09 14:15:00,CBSH
69.03,69.09,68.92,68.92,500,2022-05-09 14:20:00,CBSH
68.965,69.07,68.965,68.97,500,2022-05-09 14:25:00,CBSH
69.08,69.09,68.92,69.03,1920,2022-05-09 14:30:00,CBSH
69.1,69.16,69.1,69.13,1600,2022-05-09 14:35:00,CBSH
69.15,69.29,69.15,69.22,2127,2022-05-09 14:40:00,CBSH
69.34,69.46,69.34,69.46,751,2022-05-09 14:45:00,CBSH
69.52,69.52,69.41,69.41,700,2022-05-09 14:50:00,CBSH
69.29,69.38,69.29,69.37,1100,2022-05-09 14:55:00,CBSH
69.38,69.53,69.37,69.53,2000,2022-05-09 15:00:00,CBSH
69.5,69.5,69.43,69.48,1711,2022-05-09 15:05:00,CBSH
69.445,69.46,69.4,69.4,1221,2022-05-09 15:10:00,CBSH
69.4,69.47,69.3,69.3,2222,2022-05-09 15:15:00,CBSH
69.22,69.24,69.19,69.19,986,2022-05-09 15:20:00,CBSH
69.2,69.25,69.06,69.225,1495,2022-05-09 15:25:00,CBSH
69.34,69.34,69.34,69.34,200,2022-05-09 15:30:00,CBSH
69.36,69.36,69.27,69.35,1000,2022-05-09 15:35:00,CBSH
69.34,69.4,69.21,69.36,1334,2022-05-09 15:40:00,CBSH
69.395,69.41,69.31,69.31,600,2022-05-09 15:45:00,CBSH
69.36,69.45,69.34,69.45,400,2022-05-09 15:50:00,CBSH
69.42,69.43,69.37,69.37,400,2022-05-09 15:55:00,CBSH
69.37,69.395,69.37,69.395,300,2022-05-09 16:00:00,CBSH
69.43,69.575,69.43,69.45,11331,2022-05-09 16:05:00,CBSH
69.49,69.53,69.49,69.53,3100,2022-05-09 16:10:00,CBSH
69.56,69.6,69.53,69.54,2003,2022-05-09 16:15:00,CBSH
69.45,69.625,69.42,69.625,3999,2022-05-09 16:20:00,CBSH
69.54,69.54,69.43,69.46,1620,2022-05-09 16:25:00,CBSH
69.43,69.545,69.39,69.52,3601,2022-05-09 16:30:00,CBSH
69.42,69.42,69.3,69.335,300,2022-05-09 16:35:00,CBSH
69.21,69.23,69.16,69.19,1800,2022-05-09 16:40:00,CBSH
69.13,69.13,69.1,69.1,720,2022-05-09 16:45:00,CBSH
69.07,69.07,68.96,68.96,1416,2022-05-09 16:50:00,CBSH
68.96,69.033,68.96,69.02,701,2022-05-09 16:55:00,CBSH
68.97,68.98,68.915,68.915,973,2022-05-09 17:00:00,CBSH
68.96,68.97,68.89,68.95,1117,2022-05-09 17:05:00,CBSH
68.915,68.99,68.9,68.91,1712,2022-05-09 17:10:00,CBSH
68.97,69.06,68.97,69.06,590,2022-05-09 17:15:00,CBSH
69.03,69.05,68.98,69.05,2362,2022-05-09 17:20:00,CBSH
69.089,69.29,69.07,69.29,920,2022-05-09 17:25:00,CBSH
69.38,69.42,69.09,69.09,2738,2022-05-09 17:30:00,CBSH
69.065,69.065,68.99,69.04,801,2022-05-09 17:35:00,CBSH
69.08,69.3,69.0,69.3,3497,2022-05-09 17:40:00,CBSH
69.39,69.39,69.22,69.35,1078,2022-05-09 17:45:00,CBSH
69.26,69.27,69.05,69.05,1155,2022-05-09 17:50:00,CBSH
69.05,69.31,69.05,69.29,2670,2022-05-09 17:55:00,CBSH
69.39,69.39,69.38,69.38,300,2022-05-09 18:00:00,CBSH
69.38,69.38,69.26,69.29,1471,2022-05-09 18:05:00,CBSH
69.33,69.525,69.33,69.34,1740,2022-05-09 18:10:00,CBSH
69.42,69.49,69.37,69.49,600,2022-05-09 18:15:00,CBSH
69.47,69.47,69.32,69.32,1252,2022-05-09 18:20:00,CBSH
69.33,69.38,69.33,69.38,600,2022-05-09 18:25:00,CBSH
69.27,69.3,69.27,69.3,407,2022-05-09 18:30:00,CBSH
69.36,69.4424,69.33,69.33,1037,2022-05-09 18:35:00,CBSH
69.35,69.5,69.34,69.36,1353,2022-05-09 18:45:00,CBSH
69.42,69.47,69.4,69.47,513,2022-05-09 18:50:00,CBSH
69.51,69.61,69.49,69.535,5390,2022-05-09 18:55:00,CBSH
69.51,69.637,69.49,69.52,2802,2022-05-09 19:00:00,CBSH
69.51,69.58,69.46,69.47,9822,2022-05-09 19:05:00,CBSH
69.52,69.55,69.455,69.5,7267,2022-05-09 19:10:00,CBSH
69.505,69.535,69.39,69.43,2757,2022-05-09 19:15:00,CBSH
69.38,69.41,69.19,69.21,2549,2022-05-09 19:20:00,CBSH
69.21,69.25,69.15,69.18,1500,2022-05-09 19:25:00,CBSH
69.065,69.08,68.98,69.07,4836,2022-05-09 19:30:00,CBSH
69.0,69.12,69.0,69.09,2670,2022-05-09 19:35:00,CBSH
69.07,69.13,68.96,69.06,1900,2022-05-09 19:40:00,CBSH
69.04,69.04,68.83,68.83,1800,2022-05-09 19:45:00,CBSH
68.89,68.89,68.65,68.74,6929,2022-05-09 19:50:00,CBSH
68.77,69.03,68.77,68.89,27095,2022-05-09 19:55:00,CBSH
68.89,68.89,68.89,68.89,51117,2022-05-09 20:00:00,CBSH
69.11,69.55,69.11,69.13,5989,2022-05-10 13:30:00,CBSH
69.0,69.27,68.95,69.21,1465,2022-05-10 13:35:00,CBSH
69.05,69.05,69.05,69.05,100,2022-05-10 13:40:00,CBSH
69.07,69.07,69.07,69.07,1365,2022-05-10 13:45:00,CBSH
69.14,69.475,69.04,69.47,1896,2022-05-10 13:50:00,CBSH
69.5,69.5,69.15,69.285,1994,2022-05-10 13:55:00,CBSH
69.43,69.43,69.11,69.36,2539,2022-05-10 14:00:00,CBSH
69.265,69.31,69.12,69.18,1400,2022-05-10 14:05:00,CBSH
69.19,69.23,69.07,69.15,1797,2022-05-10 14:10:00,CBSH
69.21,69.21,69.06,69.07,735,2022-05-10 14:15:00,CBSH
69.02,69.04,68.925,69.0,900,2022-05-10 14:20:00,CBSH
68.885,68.885,68.66,68.75,1700,2022-05-10 14:25:00,CBSH
68.69,68.69,68.52,68.52,1152,2022-05-10 14:30:00,CBSH
68.435,68.435,68.34,68.34,828,2022-05-10 14:35:00,CBSH
68.25,68.3,68.225,68.23,1873,2022-05-10 14:40:00,CBSH
68.4,68.41,68.15,68.19,2100,2022-05-10 14:45:00,CBSH
68.15,68.18,68.03,68.09,2189,2022-05-10 14:50:00,CBSH
68.09,68.2,68.09,68.19,500,2022-05-10 14:55:00,CBSH
68.12,68.25,67.95,67.95,2000,2022-05-10 15:00:00,CBSH
68.01,68.0509,67.94,67.98,1490,2022-05-10 15:05:00,CBSH
67.99,68.11,67.99,68.09,1947,2022-05-10 15:10:00,CBSH
67.95,68.05,67.84,68.0122,3600,2022-05-10 15:15:00,CBSH
67.96,67.96,67.8,67.8,1110,2022-05-10 15:20:00,CBSH
67.72,67.835,67.67,67.835,2680,2022-05-10 15:25:00,CBSH
67.92,68.0,67.68,67.78,1813,2022-05-10 15:30:00,CBSH
67.9,68.17,67.9,68.17,400,2022-05-10 15:35:00,CBSH
68.17,68.17,67.82,67.82,1100,2022-05-10 15:40:00,CBSH
67.77,67.77,67.77,67.77,100,2022-05-10 15:45:00,CBSH
67.7,67.7,67.5,67.5,1600,2022-05-10 15:50:00,CBSH
67.66,67.71,67.66,67.69,1098,2022-05-10 15:55:00,CBSH
67.69,67.71,67.64,67.71,700,2022-05-10 16:00:00,CBSH
67.72,67.73,67.345,67.345,1808,2022-05-10 16:05:00,CBSH
67.29,67.45,67.225,67.445,2700,2022-05-10 16:10:00,CBSH
67.6,67.6,67.435,67.5,1700,2022-05-10 16:15:00,CBSH
67.4,67.48,67.3319,67.3319,1289,2022-05-10 16:20:00,CBSH
67.31,67.345,67.12,67.16,1029,2022-05-10 16:25:00,CBSH
67.17,67.17,66.95,67.03,1221,2022-05-10 16:30:00,CBSH
67.07,67.07,66.95,66.95,2090,2022-05-10 16:35:00,CBSH
66.98,67.17,66.98,67.17,1450,2022-05-10 16:40:00,CBSH
67.15,67.4,67.15,67.28,2331,2022-05-10 16:45:00,CBSH
67.22,67.22,67.08,67.18,1343,2022-05-10 16:50:00,CBSH
67.265,67.37,67.2,67.23,1800,2022-05-10 16:55:00,CBSH
67.33,67.61,67.33,67.61,700,2022-05-10 17:00:00,CBSH
67.64,67.65,67.53,67.62,1805,2022-05-10 17:05:00,CBSH
67.6,67.6,67.41,67.41,972,2022-05-10 17:10:00,CBSH
67.41,67.52,67.34,67.425,1700,2022-05-10 17:15:00,CBSH
67.43,67.48,67.29,67.29,1713,2022-05-10 17:20:00,CBSH
67.43,67.59,67.385,67.59,5800,2022-05-10 17:25:00,CBSH
67.62,67.71,67.62,67.71,700,2022-05-10 17:30:00,CBSH
67.665,67.8,67.665,67.74,2367,2022-05-10 17:35:00,CBSH
67.9,68.065,67.89,67.89,2063,2022-05-10 17:40:00,CBSH
67.89,68.23,67.88,68.195,600,2022-05-10 17:45:00,CBSH
68.11,68.24,68.04,68.24,1164,2022-05-10 17:50:00,CBSH
68.24,68.3736,68.23,68.355,1093,2022-05-10 17:55:00,CBSH
68.26,68.27,68.21,68.22,1700,2022-05-10 18:00:00,CBSH
68.25,68.25,68.16,68.17,717,2022-05-10 18:05:00,CBSH
68.12,68.17,68.06,68.17,1906,2022-05-10 18:10:00,CBSH
68.28,68.28,67.94,68.125,1800,2022-05-10 18:15:00,CBSH
68.18,68.21,68.06,68.06,1820,2022-05-10 18:20:00,CBSH
67.98,67.98,67.9158,67.94,744,2022-05-10 18:25:00,CBSH
67.99,68.08,67.97,67.97,1155,2022-05-10 18:30:00,CBSH
67.99,68.08,67.99,68.03,902,2022-05-10 18:35:00,CBSH
68.02,68.195,67.95,68.07,2900,2022-05-10 18:40:00,CBSH
68.08,68.08,67.71,67.71,2310,2022-05-10 18:45:00,CBSH
67.86,68.005,67.78,67.92,2341,2022-05-10 18:50:00,CBSH
67.96,67.96,67.71,67.85,3861,2022-05-10 18:55:00,CBSH
67.88,67.98,67.83,67.87,1970,2022-05-10 19:00:00,CBSH
67.93,68.13,67.93,68.05,2320,2022-05-10 19:05:00,CBSH
67.98,68.1,67.97,67.9833,3393,2022-05-10 19:10:00,CBSH
68.05,68.1,67.88,67.99,5098,2022-05-10 19:15:00,CBSH
67.91,67.91,67.74,67.74,1356,2022-05-10 19:20:00,CBSH
67.7,67.7,67.497,67.497,1000,2022-05-10 19:25:00,CBSH
67.56,67.57,67.42,67.56,2411,2022-05-10 19:30:00,CBSH
67.59,67.66,67.49,67.57,6900,2022-05-10 19:35:00,CBSH
67.6,67.69,67.54,67.64,3811,2022-05-10 19:40:00,CBSH
67.56,67.92,67.55,67.92,4301,2022-05-10 19:45:00,CBSH
67.81,67.84,67.58,67.7312,14119,2022-05-10 19:50:00,CBSH
67.77,67.81,67.68,67.72,15139,2022-05-10 19:55:00,CBSH
67.75,67.75,67.75,67.75,62087,2022-05-10 20:00:00,CBSH
67.75,67.75,67.75,67.75,2498,2022-05-10 20:50:00,CBSH
67.62,68.4,67.62,67.74,8464,2022-05-11 13:30:00,CBSH
67.95,67.95,67.61,67.61,2110,2022-05-11 13:35:00,CBSH
67.52,68.06,67.52,68.06,4146,2022-05-11 13:40:00,CBSH
68.0,68.25,68.0,68.25,1300,2022-05-11 13:45:00,CBSH
68.13,68.28,68.03,68.28,1000,2022-05-11 13:50:00,CBSH
68.17,68.2806,68.04,68.18,800,2022-05-11 13:55:00,CBSH
68.14,68.285,68.12,68.15,1514,2022-05-11 14:00:00,CBSH
68.18,68.28,68.12,68.16,2475,2022-05-11 14:05:00,CBSH
68.16,68.16,68.05,68.09,1517,2022-05-11 14:10:00,CBSH
68.09,68.2,68.05,68.13,2339,2022-05-11 14:15:00,CBSH
68.12,68.47,68.04,68.45,2100,2022-05-11 14:20:00,CBSH
68.58,68.58,68.45,68.565,1940,2022-05-11 14:25:00,CBSH
68.5945,68.5945,68.36,68.37,2341,2022-05-11 14:30:00,CBSH
68.35,68.57,68.35,68.57,1100,2022-05-11 14:35:00,CBSH
68.635,68.67,68.5,68.645,2500,2022-05-11 14:40:00,CBSH
68.66,68.68,68.35,68.35,4044,2022-05-11 14:45:00,CBSH
68.29,68.3,68.09,68.13,2500,2022-05-11 14:50:00,CBSH
68.14,68.35,68.11,68.335,3420,2022-05-11 14:55:00,CBSH
68.31,68.31,68.16,68.195,2232,2022-05-11 15:00:00,CBSH
68.13,68.13,67.86,67.9,4161,2022-05-11 15:05:00,CBSH
67.92,68.04,67.87,67.95,2600,2022-05-11 15:10:00,CBSH
67.95,67.95,67.61,67.68,1216,2022-05-11 15:15:00,CBSH
67.78,67.83,67.73,67.815,2300,2022-05-11 15:20:00,CBSH
67.81,67.83,67.62,67.78,1400,2022-05-11 15:25:00,CBSH
67.96,67.96,67.83,67.83,2000,2022-05-11 15:30:00,CBSH
67.86,68.12,67.74,68.05,2100,2022-05-11 15:35:00,CBSH
68.06,68.26,68.03,68.035,1100,2022-05-11 15:40:00,CBSH
68.035,68.2004,68.005,68.2004,1710,2022-05-11 15:45:00,CBSH
68.06,68.14,68.06,68.11,603,2022-05-11 15:50:00,CBSH
68.1278,68.1278,68.01,68.105,9454,2022-05-11 15:55:00,CBSH
68.03,68.03,67.84,67.84,1268,2022-05-11 16:00:00,CBSH
67.97,67.97,67.93,67.93,200,2022-05-11 16:05:00,CBSH
67.81,67.83,67.7,67.8,700,2022-05-11 16:10:00,CBSH
67.8,67.97,67.8,67.88,921,2022-05-11 16:20:00,CBSH
67.87,67.89,67.33,67.39,6990,2022-05-11 16:25:00,CBSH
67.44,67.5717,67.44,67.49,1481,2022-05-11 16:30:00,CBSH
67.55,67.62,67.5,67.6,1200,2022-05-11 16:35:00,CBSH
67.66,67.66,67.45,67.47,2377,2022-05-11 16:40:00,CBSH
67.55,67.55,67.5,67.5,700,2022-05-11 16:45:00,CBSH
67.49,67.49,67.22,67.29,2712,2022-05-11 16:50:00,CBSH
67.19,67.26,67.13,67.26,1725,2022-05-11 16:55:00,CBSH
67.25,67.25,67.08,67.08,300,2022-05-11 17:00:00,CBSH
67.08,67.14,66.98,67.09,2714,2022-05-11 17:05:00,CBSH
67.065,67.13,67.03,67.03,2067,2022-05-11 17:10:00,CBSH
67.0475,67.095,67.0,67.0,1946,2022-05-11 17:15:00,CBSH
66.99,67.12,66.88,67.12,3996,2022-05-11 17:20:00,CBSH
67.09,67.115,66.96,66.96,1386,2022-05-11 17:25:00,CBSH
66.94,67.05,66.94,67.04,6694,2022-05-11 17:30:00,CBSH
67.045,67.045,66.89,66.9799,2713,2022-05-11 17:35:00,CBSH
66.925,66.98,66.91,66.91,2336,2022-05-11 17:40:00,CBSH
66.87,66.91,66.75,66.84,4127,2022-05-11 17:45:00,CBSH
66.86,66.94,66.77,66.77,2940,2022-05-11 17:50:00,CBSH
66.765,66.81,66.43,66.56,6341,2022-05-11 17:55:00,CBSH
66.5875,66.98,66.5875,66.955,5878,2022-05-11 18:00:00,CBSH
67.0,67.04,66.94,66.94,3574,2022-05-11 18:05:00,CBSH
66.86,67.07,66.82,67.01,2471,2022-05-11 18:10:00,CBSH
67.06,67.09,66.98,67.08,3157,2022-05-11 18:15:00,CBSH
67.06,67.14,66.9275,67.09,3517,2022-05-11 18:20:00,CBSH
67.1,67.1832,66.98,66.99,2507,2022-05-11 18:25:00,CBSH
66.91,66.97,66.82,66.97,5470,2022-05-11 18:30:00,CBSH
66.955,67.05,66.91,67.05,3516,2022-05-11 18:35:00,CBSH
67.07,67.07,66.8993,67.04,3896,2022-05-11 18:40:00,CBSH
67.095,67.095,66.81,66.81,5962,2022-05-11 18:45:00,CBSH
66.82,66.82,66.67,66.725,5322,2022-05-11 18:50:00,CBSH
66.7574,66.85,66.605,66.605,5918,2022-05-11 18:55:00,CBSH
66.5802,66.71,66.565,66.57,8872,2022-05-11 19:00:00,CBSH
66.58,66.82,66.55,66.82,4944,2022-05-11 19:05:00,CBSH
66.77,66.845,66.64,66.7,7289,2022-05-11 19:10:00,CBSH
66.665,66.74,66.52,66.702,4280,2022-05-11 19:15:00,CBSH
66.6,66.68,66.56,66.595,2551,2022-05-11 19:20:00,CBSH
66.595,66.78,66.595,66.69,3880,2022-05-11 19:25:00,CBSH
66.66,66.76,66.6,66.6,5955,2022-05-11 19:30:00,CBSH
66.57,66.585,66.43,66.448,3446,2022-05-11 19:35:00,CBSH
66.43,66.465,66.37,66.38,7547,2022-05-11 19:40:00,CBSH
66.36,66.44,66.25,66.25,6836,2022-05-11 19:45:00,CBSH
66.22,66.37,66.17,66.32,18447,2022-05-11 19:50:00,CBSH
66.34,66.42,66.24,66.41,26649,2022-05-11 19:55:00,CBSH
66.41,66.41,66.41,66.41,69671,2022-05-11 20:00:00,CBSH
66.41,66.41,66.41,66.41,3522,2022-05-11 20:30:00,CBSH
66.27,67.29,66.2,66.86,3094,2022-05-12 13:30:00,CBSH
66.58,66.58,66.16,66.17,1274,2022-05-12 13:35:00,CBSH
66.35,66.44,66.31,66.3984,1428,2022-05-12 13:40:00,CBSH
66.265,66.44,66.015,66.36,11182,2022-05-12 13:45:00,CBSH
66.16,66.41,66.1276,66.205,2629,2022-05-12 13:50:00,CBSH
66.0926,66.0926,66.0,66.05,2152,2022-05-12 13:55:00,CBSH
66.05,66.08,66.05,66.07,1100,2022-05-12 14:00:00,CBSH
66.45,66.45,66.42,66.435,400,2022-05-12 14:05:00,CBSH
66.53,66.62,66.5,66.5,2756,2022-05-12 14:10:00,CBSH
66.44,66.57,66.4287,66.4287,2064,2022-05-12 14:15:00,CBSH
66.65,66.95,66.63,66.82,1387,2022-05-12 14:20:00,CBSH
66.9464,66.9464,66.74,66.77,1684,2022-05-12 14:25:00,CBSH
66.77,66.79,66.69,66.735,1300,2022-05-12 14:30:00,CBSH
66.79,66.85,66.62,66.85,873,2022-05-12 14:35:00,CBSH
66.75,67.07,66.75,66.895,12409,2022-05-12 14:40:00,CBSH
66.8635,67.05,66.8635,66.99,1871,2022-05-12 14:45:00,CBSH
67.0,67.06,66.86,66.93,1500,2022-05-12 14:50:00,CBSH
66.935,66.98,66.85,66.92,2646,2022-05-12 14:55:00,CBSH
66.89,67.08,66.79,67.08,4601,2022-05-12 15:00:00,CBSH
67.05,67.23,67.02,67.23,1733,2022-05-12 15:05:00,CBSH
67.23,67.23,67.0,67.0,1330,2022-05-12 15:10:00,CBSH
66.84,66.93,66.81,66.93,4162,2022-05-12 15:15:00,CBSH
66.89,66.91,66.8,66.8,3628,2022-05-12 15:20:00,CBSH
66.87,66.9,66.82,66.825,2400,2022-05-12 15:25:00,CBSH
66.84,66.85,66.67,66.85,5927,2022-05-12 15:30:00,CBSH
66.86,67.06,66.815,67.06,2359,2022-05-12 15:35:00,CBSH
66.99,66.99,66.8,66.8,1147,2022-05-12 15:40:00,CBSH
66.78,66.84,66.74,66.81,3140,2022-05-12 15:45:00,CBSH
66.84,66.84,66.71,66.79,7107,2022-05-12 15:50:00,CBSH
66.69,66.69,66.37,66.37,950,2022-05-12 15:55:00,CBSH
66.47,66.47,66.47,66.47,700,2022-05-12 16:00:00,CBSH
66.47,66.57,66.41,66.54,9052,2022-05-12 16:05:00,CBSH
66.47,66.51,66.23,66.24,3348,2022-05-12 16:10:00,CBSH
66.25,66.32,66.18,66.32,1800,2022-05-12 16:15:00,CBSH
66.3,66.43,66.22,66.37,26601,2022-05-12 16:20:00,CBSH
66.44,66.495,66.4,66.495,1600,2022-05-12 16:25:00,CBSH
66.5,66.5626,66.455,66.5626,1692,2022-05-12 16:30:00,CBSH
66.69,66.69,66.68,66.68,700,2022-05-12 16:35:00,CBSH
66.63,66.72,66.6,66.72,778,2022-05-12 16:40:00,CBSH
66.7,66.7,66.655,66.655,400,2022-05-12 16:45:00,CBSH
66.7145,66.7145,66.6287,66.63,4586,2022-05-12 16:50:00,CBSH
66.6,66.65,66.56,66.56,1663,2022-05-12 16:55:00,CBSH
66.53,66.565,66.53,66.54,437,2022-05-12 17:00:00,CBSH
66.495,66.52,66.45,66.52,1974,2022-05-12 17:05:00,CBSH
66.55,66.57,66.51,66.52,1800,2022-05-12 17:10:00,CBSH
66.44,66.445,66.33,66.33,573,2022-05-12 17:15:00,CBSH
66.34,66.38,66.1925,66.1925,1450,2022-05-12 17:20:00,CBSH
66.25,66.25,66.09,66.16,700,2022-05-12 17:25:00,CBSH
66.1767,66.1767,66.05,66.17,623,2022-05-12 17:30:00,CBSH
66.19,66.19,66.12,66.12,400,2022-05-12 17:35:00,CBSH
66.19,66.19,66.17,66.17,300,2022-05-12 17:40:00,CBSH
66.13,66.1382,66.0,66.0,6608,2022-05-12 17:45:00,CBSH
66.0,66.03,65.97,66.03,1551,2022-05-12 17:50:00,CBSH
65.99,66.09,65.97,66.09,700,2022-05-12 17:55:00,CBSH
66.2,66.26,66.15,66.26,451,2022-05-12 18:00:00,CBSH
66.26,66.26,66.0575,66.0575,1795,2022-05-12 18:05:00,CBSH
66.02,66.04,66.01,66.01,1200,2022-05-12 18:10:00,CBSH
66.01,66.04,65.8975,66.035,5477,2022-05-12 18:15:00,CBSH
66.06,66.1,65.945,65.95,3425,2022-05-12 18:20:00,CBSH
65.955,65.98,65.88,65.98,3211,2022-05-12 18:25:00,CBSH
65.995,65.995,65.82,65.82,1338,2022-05-12 18:30:00,CBSH
65.91,65.93,65.86,65.86,920,2022-05-12 18:35:00,CBSH
65.85,65.9,65.82,65.89,1100,2022-05-12 18:40:00,CBSH
65.96,65.98,65.86,65.87,1100,2022-05-12 18:45:00,CBSH
65.86,65.97,65.79,65.93,3400,2022-05-12 18:50:00,CBSH
65.97,65.99,65.86,65.92,2005,2022-05-12 18:55:00,CBSH
65.94,66.1,65.9,66.04,2209,2022-05-12 19:00:00,CBSH
65.99,66.03,65.93,66.03,1400,2022-05-12 19:05:00,CBSH
65.985,66.04,65.93,66.02,1400,2022-05-12 19:10:00,CBSH
66.05,66.315,66.05,66.25,3035,2022-05-12 19:15:00,CBSH
66.29,66.53,66.29,66.36,9046,2022-05-12 19:20:00,CBSH
66.465,66.465,66.185,66.185,21802,2022-05-12 19:25:00,CBSH
66.23,66.52,66.22,66.52,2312,2022-05-12 19:30:00,CBSH
66.46,66.61,66.36,66.59,5479,2022-05-12 19:35:00,CBSH
66.59,66.72,66.48,66.63,4904,2022-05-12 19:40:00,CBSH
66.66,66.805,66.625,66.69,8355,2022-05-12 19:45:00,CBSH
66.71,66.945,66.65,66.82,14578,2022-05-12 19:50:00,CBSH
66.78,67.05,66.63,67.05,31048,2022-05-12 19:55:00,CBSH
67.05,67.05,67.05,67.05,44886,2022-05-12 20:00:00,CBSH
67.36,67.65,67.36,67.65,3374,2022-05-13 13:30:00,CBSH
67.97,67.97,67.53,67.53,1653,2022-05-13 13:35:00,CBSH
67.76,67.85,67.61,67.61,1536,2022-05-13 13:40:00,CBSH
67.35,67.43,67.35,67.43,400,2022-05-13 13:45:00,CBSH
67.35,67.41,67.21,67.41,888,2022-05-13 13:50:00,CBSH
67.42,67.5,67.33,67.5,3263,2022-05-13 13:55:00,CBSH
67.3,67.59,67.26,67.535,7280,2022-05-13 14:00:00,CBSH
67.515,67.515,67.395,67.435,1570,2022-05-13 14:05:00,CBSH
67.37,67.47,67.25,67.43,2400,2022-05-13 14:10:00,CBSH
67.37,67.5,67.37,67.5,1447,2022-05-13 14:15:00,CBSH
67.64,67.8,67.64,67.69,2600,2022-05-13 14:20:00,CBSH
67.7389,67.7389,67.55,67.55,998,2022-05-13 14:25:00,CBSH
67.51,67.64,67.51,67.59,1700,2022-05-13 14:30:00,CBSH
67.4,67.41,67.35,67.41,1100,2022-05-13 14:35:00,CBSH
67.35,67.35,67.09,67.09,2019,2022-05-13 14:40:00,CBSH
67.03,67.12,66.99,67.12,1700,2022-05-13 14:45:00,CBSH
67.12,67.26,67.115,67.26,3008,2022-05-13 14:50:00,CBSH
67.14,67.15,67.075,67.15,1300,2022-05-13 14:55:00,CBSH
67.13,67.13,67.02,67.02,805,2022-05-13 15:00:00,CBSH
67.03,67.08,67.03,67.08,1319,2022-05-13 15:05:00,CBSH
67.08,67.17,67.08,67.17,1700,2022-05-13 15:10:00,CBSH
67.16,67.24,67.15,67.24,932,2022-05-13 15:15:00,CBSH
67.3,67.31,67.18,67.18,2619,2022-05-13 15:20:00,CBSH
67.225,67.33,67.21,67.25,1500,2022-05-13 15:25:00,CBSH
67.2499,67.2499,67.16,67.16,650,2022-05-13 15:30:00,CBSH
67.13,67.21,67.08,67.16,1274,2022-05-13 15:40:00,CBSH
67.14,67.14,66.985,67.0,2700,2022-05-13 15:45:00,CBSH
66.96,67.13,66.96,67.11,1600,2022-05-13 15:50:00,CBSH
67.11,67.13,67.085,67.11,600,2022-05-13 15:55:00,CBSH
67.16,67.23,67.135,67.17,2054,2022-05-13 16:00:00,CBSH
67.13,67.32,67.13,67.32,1402,2022-05-13 16:05:00,CBSH
67.32,67.42,67.32,67.42,1075,2022-05-13 16:10:00,CBSH
67.46,67.46,67.42,67.42,923,2022-05-13 16:15:00,CBSH
67.28,67.29,67.18,67.18,500,2022-05-13 16:20:00,CBSH
67.17,67.31,67.17,67.29,1700,2022-05-13 16:25:00,CBSH
67.32,67.38,67.31,67.31,1419,2022-05-13 16:30:00,CBSH
67.24,67.24,67.24,67.24,461,2022-05-13 16:35:00,CBSH
67.16,67.19,67.14,67.14,1300,2022-05-13 16:40:00,CBSH
67.1,67.12,67.1,67.12,294,2022-05-13 16:45:00,CBSH
67.02,67.07,66.98,67.05,1300,2022-05-13 16:50:00,CBSH
67.08,67.09,67.04,67.09,700,2022-05-13 16:55:00,CBSH
67.08,67.08,66.98,67.03,1852,2022-05-13 17:00:00,CBSH
67.04,67.04,66.9144,66.925,1124,2022-05-13 17:05:00,CBSH
66.9188,66.97,66.88,66.93,1733,2022-05-13 17:10:00,CBSH
66.89,66.9199,66.815,66.815,716,2022-05-13 17:15:00,CBSH
66.84,66.84,66.82,66.8385,510,2022-05-13 17:20:00,CBSH
66.855,66.855,66.8,66.82,875,2022-05-13 17:25:00,CBSH
66.82,66.92,66.805,66.92,1400,2022-05-13 17:30:00,CBSH
66.92,66.92,66.845,66.865,1490,2022-05-13 17:35:00,CBSH
66.84,66.84,66.75,66.76,1203,2022-05-13 17:40:00,CBSH
66.76,66.76,66.73,66.755,600,2022-05-13 17:45:00,CBSH
66.71,66.71,66.7,66.7,500,2022-05-13 17:50:00,CBSH
66.69,66.69,66.54,66.5502,1700,2022-05-13 17:55:00,CBSH
66.47,66.505,66.29,66.29,1787,2022-05-13 18:00:00,CBSH
66.29,66.52,66.27,66.48,11326,2022-05-13 18:05:00,CBSH
66.5694,66.5694,66.45,66.45,1974,2022-05-13 18:10:00,CBSH
66.4,66.47,66.37,66.46,800,2022-05-13 18:15:00,CBSH
66.47,66.47,66.31,66.36,2825,2022-05-13 18:20:00,CBSH
66.4,66.4,66.33,66.35,1388,2022-05-13 18:25:00,CBSH
66.62,66.62,66.52,66.52,1214,2022-05-13 18:30:00,CBSH
66.475,66.51,66.46,66.5,1000,2022-05-13 18:35:00,CBSH
66.6,66.6,66.6,66.6,100,2022-05-13 18:40:00,CBSH
66.63,66.63,66.59,66.595,1248,2022-05-13 18:45:00,CBSH
66.63,66.71,66.63,66.71,900,2022-05-13 18:50:00,CBSH
66.72,66.73,66.68,66.73,2400,2022-05-13 18:55:00,CBSH
66.705,66.715,66.705,66.705,600,2022-05-13 19:00:00,CBSH
66.75,66.91,66.75,66.91,2171,2022-05-13 19:05:00,CBSH
66.88,66.9,66.88,66.88,500,2022-05-13 19:10:00,CBSH
66.86,66.9096,66.84,66.9,1376,2022-05-13 19:15:00,CBSH
66.85,66.93,66.85,66.9,1866,2022-05-13 19:20:00,CBSH
66.9,66.99,66.9,66.99,600,2022-05-13 19:25:00,CBSH
66.99,66.995,66.77,66.77,4362,2022-05-13 19:30:00,CBSH
66.81,66.88,66.685,66.855,5224,2022-05-13 19:35:00,CBSH
66.9,66.93,66.82,66.92,3786,2022-05-13 19:40:00,CBSH
66.955,66.955,66.8096,66.88,2883,2022-05-13 19:45:00,CBSH
66.9,66.97,66.81,66.95,5814,2022-05-13 19:50:00,CBSH
66.93,66.97,66.81,66.97,17240,2022-05-13 19:55:00,CBSH
66.94,66.94,66.94,66.94,35249,2022-05-13 20:00:00,CBSH
66.91,67.52,66.91,67.095,3412,2022-05-16 13:30:00,CBSH
67.29,67.29,67.12,67.24,2565,2022-05-16 13:35:00,CBSH
67.12,67.12,66.705,66.705,1582,2022-05-16 13:40:00,CBSH
66.62,66.62,66.62,66.62,300,2022-05-16 13:45:00,CBSH
66.32,66.39,66.21,66.33,1898,2022-05-16 13:50:00,CBSH
66.325,66.41,66.25,66.37,1400,2022-05-16 13:55:00,CBSH
66.36,66.5,66.28,66.44,1800,2022-05-16 14:00:00,CBSH
66.58,66.67,66.48,66.6032,2051,2022-05-16 14:05:00,CBSH
66.74,66.93,66.74,66.895,1839,2022-05-16 14:10:00,CBSH
66.905,66.96,66.78,66.78,2120,2022-05-16 14:15:00,CBSH
66.89,67.05,66.86,66.97,2538,2022-05-16 14:20:00,CBSH
66.96,67.09,66.96,67.09,2119,2022-05-16 14:25:00,CBSH
67.08,67.21,66.93,67.06,3145,2022-05-16 14:30:00,CBSH
67.05,67.07,66.92,67.07,2284,2022-05-16 14:35:00,CBSH
66.965,66.965,66.71,66.81,900,2022-05-16 14:40:00,CBSH
66.82,66.83,66.67,66.68,700,2022-05-16 14:45:00,CBSH
66.56,66.61,66.49,66.53,2299,2022-05-16 14:50:00,CBSH
66.53,66.56,66.53,66.53,2027,2022-05-16 14:55:00,CBSH
66.5,66.54,66.41,66.43,2587,2022-05-16 15:00:00,CBSH
66.35,66.44,66.29,66.41,1240,2022-05-16 15:05:00,CBSH
66.55,66.73,66.55,66.71,4682,2022-05-16 15:10:00,CBSH
66.71,66.82,66.7,66.71,4661,2022-05-16 15:15:00,CBSH
66.73,66.74,66.65,66.71,4728,2022-05-16 15:20:00,CBSH
66.71,66.83,66.71,66.79,3606,2022-05-16 15:25:00,CBSH
66.8,66.8,66.62,66.78,5314,2022-05-16 15:30:00,CBSH
66.78,66.85,66.67,66.83,5572,2022-05-16 15:35:00,CBSH
66.8,66.93,66.73,66.93,2557,2022-05-16 15:40:00,CBSH
67.0,67.07,66.94,67.07,1224,2022-05-16 15:45:00,CBSH
67.07,67.24,67.02,67.24,1200,2022-05-16 15:50:00,CBSH
67.24,67.28,67.21,67.28,1434,2022-05-16 15:55:00,CBSH
67.31,67.31,67.31,67.31,100,2022-05-16 16:00:00,CBSH
67.31,67.31,67.22,67.28,691,2022-05-16 16:05:00,CBSH
67.2567,67.2567,67.21,67.21,921,2022-05-16 16:10:00,CBSH
67.09,67.09,67.01,67.01,500,2022-05-16 16:15:00,CBSH
67.11,67.12,67.03,67.03,593,2022-05-16 16:20:00,CBSH
67.03,67.06,67.03,67.06,730,2022-05-16 16:25:00,CBSH
67.0,67.0,66.96,66.98,700,2022-05-16 16:30:00,CBSH
67.08,67.09,67.01,67.01,1005,2022-05-16 16:35:00,CBSH
66.98,66.99,66.9117,66.9117,406,2022-05-16 16:40:00,CBSH
66.92,67.03,66.92,67.03,653,2022-05-16 16:45:00,CBSH
67.12,67.12,66.93,66.93,1300,2022-05-16 16:50:00,CBSH
66.89,66.935,66.89,66.935,400,2022-05-16 16:55:00,CBSH
66.895,66.94,66.895,66.92,700,2022-05-16 17:00:00,CBSH
66.99,67.09,66.97,67.09,510,2022-05-16 17:05:00,CBSH
67.06,67.18,67.05,67.12,1600,2022-05-16 17:10:00,CBSH
67.12,67.18,67.02,67.07,2300,2022-05-16 17:15:00,CBSH
67.07,67.15,67.06,67.12,700,2022-05-16 17:20:00,CBSH
67.19,67.2,67.19,67.19,540,2022-05-16 17:25:00,CBSH
67.22,67.27,67.22,67.23,400,2022-05-16 17:30:00,CBSH
67.245,67.245,67.13,67.17,1100,2022-05-16 17:35:00,CBSH
67.14,67.2,67.11,67.18,1100,2022-05-16 17:40:00,CBSH
67.19,67.25,67.1292,67.21,5040,2022-05-16 17:45:00,CBSH
67.17,67.17,67.17,67.17,100,2022-05-16 17:50:00,CBSH
67.11,67.115,67.07,67.07,400,2022-05-16 17:55:00,CBSH
67.07,67.18,67.07,67.18,200,2022-05-16 18:00:00,CBSH
67.27,67.27,67.15,67.15,1400,2022-05-16 18:05:00,CBSH
67.09,67.09,67.02,67.03,1295,2022-05-16 18:10:00,CBSH
67.05,67.05,67.03,67.04,1483,2022-05-16 18:15:00,CBSH
67.1,67.13,67.1,67.13,600,2022-05-16 18:20:00,CBSH
67.145,67.26,67.145,67.2322,963,2022-05-16 18:25:00,CBSH
67.29,67.33,67.275,67.285,1481,2022-05-16 18:30:00,CBSH
67.255,67.28,67.245,67.28,500,2022-05-16 18:35:00,CBSH
67.26,67.29,67.25,67.25,800,2022-05-16 18:40:00,CBSH
67.17,67.19,67.17,67.19,500,2022-05-16 18:45:00,CBSH
67.09,67.16,67.08,67.14,1600,2022-05-16 18:50:00,CBSH
67.16,67.225,67.16,67.21,500,2022-05-16 18:55:00,CBSH
67.26,67.305,67.24,67.28,1183,2022-05-16 19:00:00,CBSH
67.295,67.34,67.24,67.24,900,2022-05-16 19:05:00,CBSH
67.1,67.195,67.09,67.09,977,2022-05-16 19:10:00,CBSH
67.09,67.09,67.03,67.055,526,2022-05-16 19:15:00,CBSH
67.04,67.04,66.97,67.02,988,2022-05-16 19:20:00,CBSH
67.05,67.05,66.99,67.01,300,2022-05-16 19:25:00,CBSH
66.95,66.96,66.765,66.765,3234,2022-05-16 19:30:00,CBSH
66.74,66.79,66.705,66.78,6219,2022-05-16 19:35:00,CBSH
66.82,66.85,66.8,66.85,2156,2022-05-16 19:40:00,CBSH
66.8001,66.87,66.8,66.86,3201,2022-05-16 19:45:00,CBSH
66.99,67.11,66.94,66.94,4647,2022-05-16 19:50:00,CBSH
66.97,66.99,66.8,66.93,12077,2022-05-16 19:55:00,CBSH
66.91,66.91,66.91,66.91,87859,2022-05-16 20:00:00,CBSH
67.61,68.26,67.145,67.875,9299,2022-05-17 13:30:00,CBSH
68.07,68.235,67.86,68.195,3111,2022-05-17 13:35:00,CBSH
68.19,68.19,67.65,67.82,876,2022-05-17 13:40:00,CBSH
67.92,68.03,67.65,67.85,1578,2022-05-17 13:45:00,CBSH
67.88,67.88,67.65,67.65,1166,2022-05-17 13:50:00,CBSH
67.625,67.68,67.51,67.65,4206,2022-05-17 13:55:00,CBSH
67.73,67.83,67.65,67.65,1900,2022-05-17 14:00:00,CBSH
67.7,67.71,67.56,67.56,2300,2022-05-17 14:05:00,CBSH
67.52,67.6375,67.52,67.635,1000,2022-05-17 14:10:00,CBSH
67.7,67.8,67.7,67.7,2490,2022-05-17 14:15:00,CBSH
67.68,67.74,67.57,67.57,900,2022-05-17 14:20:00,CBSH
67.55,67.59,67.45,67.525,950,2022-05-17 14:25:00,CBSH
67.535,67.57,67.527,67.57,1570,2022-05-17 14:30:00,CBSH
67.53,67.53,67.39,67.455,1293,2022-05-17 14:35:00,CBSH
67.41,67.41,67.32,67.355,1300,2022-05-17 14:40:00,CBSH
67.3,67.375,67.24,67.36,3090,2022-05-17 14:45:00,CBSH
67.31,67.4,67.19,67.4,1200,2022-05-17 14:50:00,CBSH
67.42,67.505,67.41,67.41,700,2022-05-17 14:55:00,CBSH
67.49,67.565,67.46,67.495,1709,2022-05-17 15:00:00,CBSH
67.45,67.605,67.45,67.605,820,2022-05-17 15:05:00,CBSH
67.56,67.56,67.47,67.475,1750,2022-05-17 15:10:00,CBSH
67.44,67.595,67.38,67.525,2968,2022-05-17 15:15:00,CBSH
67.54,67.54,67.43,67.43,2200,2022-05-17 15:20:00,CBSH
67.47,67.5,67.44,67.49,1315,2022-05-17 15:25:00,CBSH
67.55,67.64,67.535,67.64,1030,2022-05-17 15:30:00,CBSH
67.59,67.59,67.5,67.56,900,2022-05-17 15:35:00,CBSH
67.57,67.58,67.51,67.51,1669,2022-05-17 15:40:00,CBSH
67.53,67.55,67.475,67.5,1828,2022-05-17 15:45:00,CBSH
67.535,67.67,67.49,67.67,2145,2022-05-17 15:50:00,CBSH
67.62,67.675,67.62,67.675,1300,2022-05-17 15:55:00,CBSH
67.72,67.745,67.72,67.74,601,2022-05-17 16:00:00,CBSH
67.735,67.735,67.5,67.61,1400,2022-05-17 16:05:00,CBSH
67.64,67.7282,67.58,67.71,1280,2022-05-17 16:10:00,CBSH
67.73,67.78,67.66,67.78,1305,2022-05-17 16:15:00,CBSH
67.79,67.79,67.69,67.72,800,2022-05-17 16:20:00,CBSH
67.77,67.82,67.76,67.76,1712,2022-05-17 16:25:00,CBSH
67.725,67.8,67.725,67.8,1100,2022-05-17 16:30:00,CBSH
67.845,67.845,67.78,67.78,930,2022-05-17 16:35:00,CBSH
67.83,67.83,67.7308,67.7308,725,2022-05-17 16:40:00,CBSH
67.83,67.96,67.83,67.935,1100,2022-05-17 16:45:00,CBSH
67.95,67.95,67.91,67.91,300,2022-05-17 16:50:00,CBSH
67.9,68.065,67.9,68.065,1200,2022-05-17 16:55:00,CBSH
68.075,68.125,67.99,68.125,1601,2022-05-17 17:00:00,CBSH
68.07,68.07,68.01,68.01,900,2022-05-17 17:05:00,CBSH
67.97,68.0096,67.88,67.88,2136,2022-05-17 17:10:00,CBSH
67.95,68.03,67.95,67.98,1877,2022-05-17 17:15:00,CBSH
67.97,67.97,67.88,67.885,2285,2022-05-17 17:20:00,CBSH
67.94,67.975,67.915,67.975,900,2022-05-17 17:25:00,CBSH
68.01,68.03,67.97,68.02,1070,2022-05-17 17:30:00,CBSH
68.01,68.05,68.0,68.015,1800,2022-05-17 17:35:00,CBSH
67.97,67.99,67.96,67.965,1400,2022-05-17 17:40:00,CBSH
67.85,67.985,67.85,67.985,4527,2022-05-17 17:45:00,CBSH
68.035,68.035,68.01,68.02,1500,2022-05-17 17:50:00,CBSH
67.97,68.06,67.94,67.94,1902,2022-05-17 17:55:00,CBSH
68.0,68.0,67.895,67.97,1288,2022-05-17 18:00:00,CBSH
68.02,68.13,68.02,68.13,2013,2022-05-17 18:05:00,CBSH
68.125,68.23,68.06,68.23,5471,2022-05-17 18:10:00,CBSH
68.16,68.24,68.05,68.07,1500,2022-05-17 18:15:00,CBSH
68.02,68.055,67.97,67.975,2200,2022-05-17 18:20:00,CBSH
67.98,68.16,67.975,68.11,2600,2022-05-17 18:25:00,CBSH
68.1,68.11,67.99,68.035,1456,2022-05-17 18:30:00,CBSH
67.99,68.21,67.98,68.15,2500,2022-05-17 18:35:00,CBSH
68.25,68.445,68.25,68.445,2200,2022-05-17 18:40:00,CBSH
68.43,68.52,68.43,68.52,600,2022-05-17 18:45:00,CBSH
68.52,68.56,68.46,68.47,2200,2022-05-17 18:50:00,CBSH
68.44,68.5,68.4,68.5,1700,2022-05-17 18:55:00,CBSH
68.49,68.6,68.49,68.53,3091,2022-05-17 19:00:00,CBSH
68.515,68.59,68.51,68.56,2500,2022-05-17 19:05:00,CBSH
68.58,68.58,68.475,68.515,1600,2022-05-17 19:10:00,CBSH
68.495,68.51,68.39,68.39,3187,2022-05-17 19:15:00,CBSH
68.43,68.51,68.43,68.5,3000,2022-05-17 19:20:00,CBSH
68.52,68.585,68.52,68.585,500,2022-05-17 19:25:00,CBSH
68.62,68.63,68.53,68.6,3200,2022-05-17 19:30:00,CBSH
68.595,68.65,68.525,68.525,1300,2022-05-17 19:35:00,CBSH
68.48,68.67,68.48,68.62,3040,2022-05-17 19:40:00,CBSH
68.63,68.63,68.42,68.5,5144,2022-05-17 19:45:00,CBSH
68.58,68.6,68.42,68.52,5100,2022-05-17 19:50:00,CBSH
68.49,68.6,68.415,68.59,20814,2022-05-17 19:55:00,CBSH
68.59,68.59,68.59,68.59,60709,2022-05-17 20:00:00,CBSH
68.04,68.81,67.7,67.7,2219,2022-05-18 13:30:00,CBSH
67.78,68.33,67.78,68.19,2600,2022-05-18 13:35:00,CBSH
68.11,68.23,67.98,68.17,2800,2022-05-18 13:40:00,CBSH
68.18,68.31,68.03,68.31,2009,2022-05-18 13:45:00,CBSH
68.17,68.175,68.11,68.11,600,2022-05-18 13:50:00,CBSH
68.125,68.22,68.08,68.16,3141,2022-05-18 13:55:00,CBSH
68.2,68.26,68.19,68.26,888,2022-05-18 14:00:00,CBSH
68.22,68.22,67.89,67.99,1334,2022-05-18 14:05:00,CBSH
68.07,68.145,68.07,68.12,893,2022-05-18 14:10:00,CBSH
68.121,68.18,68.09,68.18,814,2022-05-18 14:15:00,CBSH
68.19,68.32,68.17,68.28,2725,2022-05-18 14:20:00,CBSH
68.25,68.285,68.02,68.02,1000,2022-05-18 14:25:00,CBSH
67.92,68.165,67.92,68.165,1493,2022-05-18 14:30:00,CBSH
68.16,68.16,68.007,68.075,1645,2022-05-18 14:35:00,CBSH
68.03,68.19,68.03,68.17,1300,2022-05-18 14:40:00,CBSH
68.225,68.3,68.14,68.14,900,2022-05-18 14:45:00,CBSH
68.2,68.2,68.12,68.1573,1272,2022-05-18 14:50:00,CBSH
68.095,68.22,68.095,68.22,500,2022-05-18 14:55:00,CBSH
68.18,68.19,68.12,68.19,1680,2022-05-18 15:00:00,CBSH
68.12,68.12,67.93,68.03,3803,2022-05-18 15:05:00,CBSH
67.98,67.98,67.95,67.96,1100,2022-05-18 15:10:00,CBSH
67.915,67.915,67.87,67.87,200,2022-05-18 15:15:00,CBSH
67.83,67.83,67.69,67.69,629,2022-05-18 15:20:00,CBSH
67.72,67.72,67.52,67.52,1353,2022-05-18 15:25:00,CBSH
67.6,67.65,67.52,67.59,3012,2022-05-18 15:30:00,CBSH
67.65,67.69,67.6,67.69,306,2022-05-18 15:35:00,CBSH
67.61,67.63,67.55,67.63,1221,2022-05-18 15:40:00,CBSH
67.55,67.55,67.5,67.53,400,2022-05-18 15:45:00,CBSH
67.42,67.42,67.32,67.32,400,2022-05-18 15:50:00,CBSH
67.25,67.4,67.25,67.36,500,2022-05-18 15:55:00,CBSH
67.4,67.4,67.26,67.26,678,2022-05-18 16:00:00,CBSH
67.26,67.355,67.26,67.3,867,2022-05-18 16:05:00,CBSH
67.385,67.41,67.385,67.41,300,2022-05-18 16:10:00,CBSH
67.475,67.55,67.45,67.51,1031,2022-05-18 16:15:00,CBSH
67.52,67.52,67.27,67.27,1200,2022-05-18 16:20:00,CBSH
67.32,67.385,67.32,67.385,500,2022-05-18 16:25:00,CBSH
67.34,67.4321,67.32,67.4321,1347,2022-05-18 16:30:00,CBSH
67.5003,67.5003,67.44,67.44,1133,2022-05-18 16:35:00,CBSH
67.48,67.48,67.38,67.42,900,2022-05-18 16:40:00,CBSH
67.46,67.46,67.46,67.46,100,2022-05-18 16:45:00,CBSH
67.6097,67.6097,67.59,67.59,232,2022-05-18 16:50:00,CBSH
67.61,67.61,67.54,67.59,600,2022-05-18 16:55:00,CBSH
67.485,67.49,67.37,67.37,1405,2022-05-18 17:00:00,CBSH
67.35,67.39,67.32,67.38,1400,2022-05-18 17:05:00,CBSH
67.285,67.355,67.25,67.32,1947,2022-05-18 17:10:00,CBSH
67.275,67.28,67.24,67.26,1200,2022-05-18 17:15:00,CBSH
67.26,67.31,67.26,67.26,1747,2022-05-18 17:20:00,CBSH
67.265,67.265,67.17,67.23,1127,2022-05-18 17:25:00,CBSH
67.26,67.335,67.195,67.33,1700,2022-05-18 17:30:00,CBSH
67.29,67.45,67.29,67.37,1385,2022-05-18 17:35:00,CBSH
67.39,67.46,67.31,67.31,3845,2022-05-18 17:40:00,CBSH
67.37,67.37,67.31,67.35,600,2022-05-18 17:45:00,CBSH
67.3122,67.41,67.3122,67.41,2103,2022-05-18 17:50:00,CBSH
67.385,67.425,67.31,67.36,1400,2022-05-18 17:55:00,CBSH
67.39,67.425,67.325,67.36,1235,2022-05-18 18:00:00,CBSH
67.375,67.405,67.29,67.3352,1975,2022-05-18 18:05:00,CBSH
67.33,67.33,67.185,67.185,1402,2022-05-18 18:10:00,CBSH
67.185,67.219,67.13,67.2,1464,2022-05-18 18:15:00,CBSH
67.175,67.235,67.12,67.235,625,2022-05-18 18:20:00,CBSH
67.21,67.43,67.21,67.415,2400,2022-05-18 18:25:00,CBSH
67.39,67.435,67.32,67.33,800,2022-05-18 18:30:00,CBSH
67.37,67.48,67.32,67.48,2000,2022-05-18 18:35:00,CBSH
67.54,67.54,67.38,67.39,2000,2022-05-18 18:40:00,CBSH
67.355,67.41,67.23,67.37,900,2022-05-18 18:45:00,CBSH
67.38,67.38,67.27,67.27,1026,2022-05-18 18:50:00,CBSH
67.235,67.315,67.205,67.25,1743,2022-05-18 18:55:00,CBSH
67.22,67.31,67.18,67.23,1656,2022-05-18 19:00:00,CBSH
67.24,67.28,67.19,67.2,1610,2022-05-18 19:05:00,CBSH
67.235,67.28,67.2,67.2,1361,2022-05-18 19:10:00,CBSH
67.28,67.29,67.21,67.21,1000,2022-05-18 19:15:00,CBSH
67.2,67.23,67.11,67.11,2900,2022-05-18 19:20:00,CBSH
67.105,67.105,66.91,66.92,4100,2022-05-18 19:25:00,CBSH
66.89,67.07,66.88,67.07,6523,2022-05-18 19:30:00,CBSH
67.02,67.3,67.01,67.3,5500,2022-05-18 19:35:00,CBSH
67.31,67.32,67.2,67.26,5375,2022-05-18 19:40:00,CBSH
67.23,67.25,67.09,67.11,5439,2022-05-18 19:45:00,CBSH
67.16,67.3,67.06,67.1,5400,2022-05-18 19:50:00,CBSH
67.11,67.31,67.07,67.18,18134,2022-05-18 19:55:00,CBSH
67.18,67.18,67.18,67.18,56226,2022-05-18 20:00:00,CBSH
66.54,66.99,66.3034,66.99,2336,2022-05-19 13:30:00,CBSH
66.84,66.99,66.75,66.87,10122,2022-05-19 13:35:00,CBSH
66.85,67.1,66.84,66.84,1400,2022-05-19 13:40:00,CBSH
66.85,66.85,66.7,66.7,1100,2022-05-19 13:45:00,CBSH
66.62,66.63,66.605,66.605,400,2022-05-19 13:50:00,CBSH
66.62,66.69,66.39,66.47,1723,2022-05-19 13:55:00,CBSH
66.465,66.705,66.465,66.61,1322,2022-05-19 14:00:00,CBSH
66.62,66.77,66.62,66.77,1200,2022-05-19 14:05:00,CBSH
66.8183,66.97,66.8183,66.97,2068,2022-05-19 14:10:00,CBSH
67.06,67.15,66.99,66.99,1159,2022-05-19 14:15:00,CBSH
67.0,67.02,66.75,66.88,3000,2022-05-19 14:20:00,CBSH
66.7957,66.7957,66.58,66.59,2213,2022-05-19 14:25:00,CBSH
66.41,66.73,66.41,66.665,2201,2022-05-19 14:30:00,CBSH
66.59,66.65,66.47,66.47,1500,2022-05-19 14:35:00,CBSH
66.46,66.47,66.35,66.39,1891,2022-05-19 14:40:00,CBSH
66.23,66.29,66.15,66.15,300,2022-05-19 14:45:00,CBSH
66.165,66.19,66.09,66.148,1924,2022-05-19 14:50:00,CBSH
66.12,66.2,65.96,65.96,1705,2022-05-19 14:55:00,CBSH
66.06,66.0669,65.88,65.88,1105,2022-05-19 15:00:00,CBSH
65.915,66.07,65.915,66.07,3326,2022-05-19 15:05:00,CBSH
66.1,66.15,66.06,66.12,2215,2022-05-19 15:10:00,CBSH
65.96,66.02,65.9,66.02,600,2022-05-19 15:15:00,CBSH
66.03,66.16,66.0,66.15,2493,2022-05-19 15:20:00,CBSH
66.1,66.27,66.1,66.21,675,2022-05-19 15:25:00,CBSH
66.26,66.37,66.21,66.36,900,2022-05-19 15:30:00,CBSH
66.5175,66.58,66.5175,66.55,5922,2022-05-19 15:35:00,CBSH
66.6,66.65,66.6,66.63,1361,2022-05-19 15:40:00,CBSH
66.58,66.6,66.55,66.6,700,2022-05-19 15:45:00,CBSH
66.55,66.58,66.47,66.47,1225,2022-05-19 15:50:00,CBSH
66.46,66.46,66.35,66.36,1072,2022-05-19 15:55:00,CBSH
66.34,66.365,66.33,66.34,600,2022-05-19 16:00:00,CBSH
66.365,66.425,66.35,66.425,500,2022-05-19 16:05:00,CBSH
66.4,66.4,66.36,66.36,500,2022-05-19 16:10:00,CBSH
66.29,66.29,66.17,66.18,1092,2022-05-19 16:15:00,CBSH
66.13,66.2,66.09,66.16,1000,2022-05-19 16:20:00,CBSH
66.15,66.24,66.15,66.24,513,2022-05-19 16:25:00,CBSH
66.21,66.21,66.17,66.187,500,2022-05-19 16:30:00,CBSH
66.16,66.16,66.15,66.15,200,2022-05-19 16:35:00,CBSH
66.0,66.01,65.975,65.975,1826,2022-05-19 16:40:00,CBSH
66.0,66.1,65.96,66.08,1138,2022-05-19 16:45:00,CBSH
66.105,66.105,66.03,66.08,500,2022-05-19 16:50:00,CBSH
66.01,66.05,65.94,66.05,2666,2022-05-19 16:55:00,CBSH
66.1,66.1,66.0411,66.1,781,2022-05-19 17:00:00,CBSH
66.115,66.22,66.115,66.15,1332,2022-05-19 17:05:00,CBSH
66.12,66.14,66.0,66.12,5686,2022-05-19 17:10:00,CBSH
66.08,66.1012,66.08,66.1012,754,2022-05-19 17:15:00,CBSH
66.22,66.41,66.16,66.27,1808,2022-05-19 17:20:00,CBSH
66.2,66.22,66.005,66.005,1748,2022-05-19 17:25:00,CBSH
65.96,66.07,65.945,65.945,2352,2022-05-19 17:30:00,CBSH
65.955,66.01,65.9,65.97,3301,2022-05-19 17:35:00,CBSH
65.97,66.045,65.97,66.045,3036,2022-05-19 17:40:00,CBSH
65.96,65.96,65.7,65.7,840,2022-05-19 17:45:00,CBSH
65.67,66.02,65.67,66.0,4077,2022-05-19 17:50:00,CBSH
66.0,66.095,65.96,66.095,4120,2022-05-19 17:55:00,CBSH
66.08,66.12,66.01,66.12,900,2022-05-19 18:00:00,CBSH
66.06,66.11,65.99,66.11,2409,2022-05-19 18:05:00,CBSH
66.1573,66.2,66.09,66.09,1590,2022-05-19 18:10:00,CBSH
66.19,66.19,66.025,66.04,1388,2022-05-19 18:15:00,CBSH
66.0837,66.14,66.065,66.13,4493,2022-05-19 18:20:00,CBSH
66.195,66.315,66.17,66.315,4450,2022-05-19 18:25:00,CBSH
66.27,66.27,66.12,66.12,804,2022-05-19 18:30:00,CBSH
66.0559,66.18,66.0559,66.18,2482,2022-05-19 18:35:00,CBSH
65.98,66.02,65.98,66.01,800,2022-05-19 18:40:00,CBSH
66.115,66.115,66.115,66.115,456,2022-05-19 18:45:00,CBSH
66.22,66.26,66.14,66.14,1300,2022-05-19 18:50:00,CBSH
66.1,66.1,66.075,66.075,300,2022-05-19 18:55:00,CBSH
66.15,66.275,66.15,66.235,2500,2022-05-19 19:00:00,CBSH
66.235,66.42,66.235,66.3,4413,2022-05-19 19:05:00,CBSH
66.25,66.27,66.03,66.03,8904,2022-05-19 19:10:00,CBSH
66.045,66.07,65.9409,66.01,2139,2022-05-19 19:15:00,CBSH
65.99,65.99,65.87,65.89,1252,2022-05-19 19:20:00,CBSH
65.82,65.9,65.82,65.845,3027,2022-05-19 19:25:00,CBSH
65.8,65.95,65.8,65.825,1888,2022-05-19 19:30:00,CBSH
65.82,65.82,65.66,65.6999,2100,2022-05-19 19:35:00,CBSH
65.67,65.76,65.63,65.7,3600,2022-05-19 19:40:00,CBSH
65.71,65.84,65.66,65.7,5576,2022-05-19 19:45:00,CBSH
65.78,65.78,65.55,65.66,12537,2022-05-19 19:50:00,CBSH
65.7,65.95,65.7,65.8,31479,2022-05-19 19:55:00,CBSH
65.82,65.82,65.82,65.82,54573,2022-05-19 20:00:00,CBSH
66.16,66.52,66.0,66.47,3906,2022-05-20 13:30:00,CBSH
66.45,66.55,66.14,66.17,1702,2022-05-20 13:35:00,CBSH
66.03,66.03,65.86,65.87,3195,2022-05-20 13:40:00,CBSH
65.835,65.85,65.495,65.56,2500,2022-05-20 13:45:00,CBSH
65.6,65.65,65.51,65.605,3810,2022-05-20 13:50:00,CBSH
65.6,65.6,65.41,65.48,1359,2022-05-20 13:55:00,CBSH
65.505,65.5521,65.35,65.3812,5700,2022-05-20 14:00:00,CBSH
65.4,65.445,65.32,65.445,2200,2022-05-20 14:05:00,CBSH
65.44,65.44,65.35,65.395,2843,2022-05-20 14:10:00,CBSH
65.44,65.485,65.42,65.46,964,2022-05-20 14:15:00,CBSH
65.45,65.4951,65.3,65.33,4051,2022-05-20 14:20:00,CBSH
65.32,65.32,65.16,65.295,6952,2022-05-20 14:25:00,CBSH
65.24,65.29,65.2,65.21,2166,2022-05-20 14:30:00,CBSH
65.18,65.18,65.07,65.1,1100,2022-05-20 14:35:00,CBSH
65.1,65.22,64.92,65.17,12315,2022-05-20 14:40:00,CBSH
65.16,65.17,65.08,65.085,1900,2022-05-20 14:45:00,CBSH
65.11,65.18,65.08,65.18,2290,2022-05-20 14:50:00,CBSH
65.16,65.16,65.05,65.05,1783,2022-05-20 14:55:00,CBSH
65.07,65.07,64.92,64.97,3100,2022-05-20 15:00:00,CBSH
64.82,64.92,64.75,64.91,3528,2022-05-20 15:05:00,CBSH
64.89,64.89,64.82,64.83,1350,2022-05-20 15:10:00,CBSH
64.84,64.84,64.73,64.73,950,2022-05-20 15:15:00,CBSH
64.75,64.75,64.64,64.64,1111,2022-05-20 15:20:00,CBSH
64.68,64.775,64.67,64.775,5130,2022-05-20 15:25:00,CBSH
64.68,64.89,64.68,64.81,2096,2022-05-20 15:30:00,CBSH
64.88,64.9,64.83,64.89,1197,2022-05-20 15:35:00,CBSH
64.91,64.91,64.835,64.845,1200,2022-05-20 15:40:00,CBSH
64.91,64.92,64.83,64.83,1649,2022-05-20 15:45:00,CBSH
64.77,64.92,64.76,64.89,1068,2022-05-20 15:50:00,CBSH
64.92,64.95,64.9,64.9,900,2022-05-20 15:55:00,CBSH
64.92,64.92,64.76,64.82,1625,2022-05-20 16:00:00,CBSH
64.87,64.87,64.67,64.785,1179,2022-05-20 16:05:00,CBSH
64.74,64.74,64.62,64.72,1497,2022-05-20 16:10:00,CBSH
64.72,64.725,64.63,64.63,1334,2022-05-20 16:15:00,CBSH
64.65,64.8075,64.64,64.77,1902,2022-05-20 16:20:00,CBSH
64.77,64.77,64.62,64.68,1400,2022-05-20 16:25:00,CBSH
64.6736,64.74,64.6736,64.74,954,2022-05-20 16:30:00,CBSH
64.69,64.69,64.56,64.585,1946,2022-05-20 16:35:00,CBSH
64.565,64.565,64.521,64.54,800,2022-05-20 16:40:00,CBSH
64.54,64.69,64.51,64.69,2132,2022-05-20 16:45:00,CBSH
64.72,64.8,64.705,64.75,1352,2022-05-20 16:50:00,CBSH
64.7148,64.93,64.69,64.79,1571,2022-05-20 16:55:00,CBSH
64.885,64.885,64.685,64.7,6794,2022-05-20 17:00:00,CBSH
64.8,64.81,64.59,64.59,1749,2022-05-20 17:05:00,CBSH
64.62,64.62,64.5711,64.6,1325,2022-05-20 17:10:00,CBSH
64.58,64.59,64.48,64.53,1342,2022-05-20 17:15:00,CBSH
64.44,64.51,64.44,64.47,891,2022-05-20 17:20:00,CBSH
64.46,64.46,64.37,64.4,2110,2022-05-20 17:25:00,CBSH
64.45,64.64,64.45,64.57,2850,2022-05-20 17:30:00,CBSH
64.54,64.635,64.54,64.6,3721,2022-05-20 17:35:00,CBSH
64.6,64.6671,64.49,64.6671,2729,2022-05-20 17:40:00,CBSH
64.6,64.735,64.6,64.685,10422,2022-05-20 17:45:00,CBSH
64.63,64.66,64.55,64.65,6388,2022-05-20 17:50:00,CBSH
64.73,64.74,64.58,64.58,1200,2022-05-20 17:55:00,CBSH
64.57,64.6,64.49,64.5,8539,2022-05-20 18:00:00,CBSH
64.5,64.51,64.41,64.51,1800,2022-05-20 18:05:00,CBSH
64.53,64.53,64.463,64.49,1059,2022-05-20 18:10:00,CBSH
64.505,64.51,64.365,64.405,1050,2022-05-20 18:15:00,CBSH
64.47,64.47,64.425,64.45,1550,2022-05-20 18:20:00,CBSH
64.41,64.45,64.3201,64.42,1438,2022-05-20 18:25:00,CBSH
64.415,64.415,64.26,64.26,2633,2022-05-20 18:30:00,CBSH
64.25,64.33,64.25,64.29,5234,2022-05-20 18:35:00,CBSH
64.27,64.45,64.27,64.44,1670,2022-05-20 18:40:00,CBSH
64.44,64.55,64.36,64.48,1670,2022-05-20 18:45:00,CBSH
64.46,64.61,64.46,64.55,3518,2022-05-20 18:50:00,CBSH
64.48,64.51,64.45,64.4953,1833,2022-05-20 18:55:00,CBSH
64.45,64.51,64.42,64.47,1724,2022-05-20 19:00:00,CBSH
64.44,64.445,64.295,64.31,3362,2022-05-20 19:05:00,CBSH
64.31,64.33,64.25,64.3,1100,2022-05-20 19:10:00,CBSH
64.3,64.36,64.26,64.35,2955,2022-05-20 19:15:00,CBSH
64.315,64.47,64.31,64.355,1700,2022-05-20 19:20:00,CBSH
64.36,64.535,64.35,64.53,2043,2022-05-20 19:25:00,CBSH
64.58,64.77,64.49,64.77,5200,2022-05-20 19:30:00,CBSH
64.705,65.01,64.705,64.975,4089,2022-05-20 19:35:00,CBSH
64.99,65.19,64.99,65.14,3423,2022-05-20 19:40:00,CBSH
65.09,65.275,65.04,65.25,4532,2022-05-20 19:45:00,CBSH
65.275,65.34,65.11,65.22,12054,2022-05-20 19:50:00,CBSH
65.23,65.58,65.19,65.56,40354,2022-05-20 19:55:00,CBSH
65.53,65.53,65.53,65.53,93494,2022-05-20 20:00:00,CBSH
66.55,67.23,66.0,66.395,4596,2022-05-23 13:30:00,CBSH
67.02,67.02,66.25,66.35,5281,2022-05-23 13:35:00,CBSH
66.445,66.6,66.337,66.475,3523,2022-05-23 13:40:00,CBSH
66.49,66.58,66.34,66.34,3300,2022-05-23 13:45:00,CBSH
66.4,66.45,66.1225,66.1225,8551,2022-05-23 13:50:00,CBSH
66.2,66.5,66.2,66.47,3450,2022-05-23 13:55:00,CBSH
66.38,66.38,66.17,66.2493,2300,2022-05-23 14:00:00,CBSH
66.31,66.41,66.16,66.17,2939,2022-05-23 14:05:00,CBSH
66.15,66.36,66.15,66.255,1875,2022-05-23 14:10:00,CBSH
66.25,66.37,66.22,66.26,3503,2022-05-23 14:15:00,CBSH
66.22,66.405,66.181,66.33,2800,2022-05-23 14:20:00,CBSH
66.325,66.6,66.325,66.555,3372,2022-05-23 14:25:00,CBSH
66.61,66.62,66.465,66.51,2648,2022-05-23 14:30:00,CBSH
66.51,66.635,66.45,66.635,2700,2022-05-23 14:35:00,CBSH
66.685,66.89,66.63,66.79,1800,2022-05-23 14:40:00,CBSH
66.79,66.83,66.71,66.74,2100,2022-05-23 14:45:00,CBSH
66.707,66.707,66.55,66.69,4079,2022-05-23 14:50:00,CBSH
66.71,66.84,66.71,66.8,2341,2022-05-23 14:55:00,CBSH
66.78,66.88,66.78,66.87,2300,2022-05-23 15:00:00,CBSH
66.94,67.007,66.905,67.007,3031,2022-05-23 15:05:00,CBSH
67.05,67.3,67.04,67.3,2686,2022-05-23 15:10:00,CBSH
67.27,67.27,67.14,67.14,2537,2022-05-23 15:15:00,CBSH
67.13,67.2,66.98,66.99,3414,2022-05-23 15:20:00,CBSH
66.97,67.165,66.93,67.16,6005,2022-05-23 15:25:00,CBSH
67.13,67.1348,67.005,67.1348,4980,2022-05-23 15:30:00,CBSH
67.17,67.17,67.06,67.1,2114,2022-05-23 15:35:00,CBSH
67.12,67.19,67.12,67.15,1100,2022-05-23 15:40:00,CBSH
67.16,67.19,67.065,67.15,3100,2022-05-23 15:45:00,CBSH
67.18,67.355,67.18,67.34,3623,2022-05-23 15:50:00,CBSH
67.34,67.34,67.22,67.2589,4712,2022-05-23 15:55:00,CBSH
67.19,67.26,67.19,67.235,1200,2022-05-23 16:00:00,CBSH
67.235,67.33,67.235,67.3,3680,2022-05-23 16:05:00,CBSH
67.27,67.29,67.19,67.2,1036,2022-05-23 16:10:00,CBSH
67.21,67.29,67.1408,67.21,3992,2022-05-23 16:15:00,CBSH
67.2733,67.31,67.27,67.295,2114,2022-05-23 16:20:00,CBSH
67.25,67.25,67.06,67.11,1500,2022-05-23 16:25:00,CBSH
67.05,67.13,67.05,67.13,1600,2022-05-23 16:30:00,CBSH
67.15,67.28,67.1,67.25,3746,2022-05-23 16:35:00,CBSH
67.27,67.27,67.16,67.185,1300,2022-05-23 16:40:00,CBSH
67.18,67.21,67.09,67.09,1700,2022-05-23 16:45:00,CBSH
67.085,67.09,66.98,66.985,2000,2022-05-23 16:50:00,CBSH
66.98,67.11,66.98,67.11,4094,2022-05-23 16:55:00,CBSH
67.155,67.2,67.035,67.035,2004,2022-05-23 17:00:00,CBSH
67.035,67.035,66.99,66.995,600,2022-05-23 17:05:00,CBSH
67.005,67.08,66.98,67.08,4799,2022-05-23 17:10:00,CBSH
67.1,67.18,66.92,66.98,2377,2022-05-23 17:15:00,CBSH
66.96,67.13,66.96,67.13,660,2022-05-23 17:20:00,CBSH
67.08,67.12,67.07,67.11,2094,2022-05-23 17:25:00,CBSH
67.11,67.2089,67.04,67.2089,2478,2022-05-23 17:30:00,CBSH
67.15,67.165,67.125,67.13,800,2022-05-23 17:35:00,CBSH
67.15,67.22,67.12,67.22,2000,2022-05-23 17:40:00,CBSH
67.191,67.23,67.165,67.195,1900,2022-05-23 17:45:00,CBSH
67.2,67.3401,67.2,67.21,4136,2022-05-23 17:50:00,CBSH
67.21,67.26,67.19,67.26,2123,2022-05-23 17:55:00,CBSH
67.34,67.34,67.18,67.18,1680,2022-05-23 18:00:00,CBSH
67.245,67.255,67.16,67.16,1455,2022-05-23 18:05:00,CBSH
67.18,67.27,67.18,67.27,3655,2022-05-23 18:10:00,CBSH
67.25,67.26,67.22,67.22,1100,2022-05-23 18:15:00,CBSH
67.22,67.22,67.07,67.1,2601,2022-05-23 18:20:00,CBSH
67.105,67.17,67.09,67.13,2696,2022-05-23 18:25:00,CBSH
67.095,67.23,67.095,67.2,1800,2022-05-23 18:30:00,CBSH
67.18,67.21,67.15,67.17,1400,2022-05-23 18:35:00,CBSH
67.14,67.18,67.03,67.18,3729,2022-05-23 18:40:00,CBSH
67.17,67.26,67.12,67.12,1300,2022-05-23 18:45:00,CBSH
67.14,67.15,67.09,67.15,900,2022-05-23 18:50:00,CBSH
67.16,67.17,67.03,67.03,3710,2022-05-23 18:55:00,CBSH
67.06,67.13,67.05,67.13,2837,2022-05-23 19:00:00,CBSH
67.14,67.14,67.08,67.09,2800,2022-05-23 19:05:00,CBSH
67.1,67.11,66.94,66.94,1100,2022-05-23 19:10:00,CBSH
66.94,67.02,66.93,67.02,3729,2022-05-23 19:15:00,CBSH
67.04,67.04,66.87,66.93,1500,2022-05-23 19:20:00,CBSH
66.94,67.01,66.935,67.0,3400,2022-05-23 19:25:00,CBSH
67.01,67.05,66.96,67.035,1600,2022-05-23 19:30:00,CBSH
67.05,67.06,66.835,66.835,3635,2022-05-23 19:35:00,CBSH
66.82,66.82,66.62,66.685,5300,2022-05-23 19:40:00,CBSH
66.71,66.71,66.57,66.57,5882,2022-05-23 19:45:00,CBSH
66.59,66.77,66.59,66.69,14808,2022-05-23 19:50:00,CBSH
66.7099,66.88,66.67,66.87,33052,2022-05-23 19:55:00,CBSH
66.85,66.85,66.85,66.85,76237,2022-05-23 20:00:00,CBSH
66.85,66.85,66.85,66.85,2031,2022-05-23 20:40:00,CBSH
66.65,66.91,66.49,66.91,1837,2022-05-24 13:30:00,CBSH
66.21,66.485,65.63,65.73,9111,2022-05-24 13:35:00,CBSH
65.915,66.12,65.915,66.12,2240,2022-05-24 13:40:00,CBSH
66.31,66.35,66.235,66.25,1700,2022-05-24 13:45:00,CBSH
66.21,66.26,66.195,66.21,599,2022-05-24 13:50:00,CBSH
66.185,66.25,66.14,66.17,1560,2022-05-24 13:55:00,CBSH
66.25,66.33,66.22,66.22,2500,2022-05-24 14:00:00,CBSH
66.22,66.23,66.12,66.12,700,2022-05-24 14:05:00,CBSH
66.13,66.21,66.06,66.205,4800,2022-05-24 14:10:00,CBSH
66.2,66.23,65.88,65.92,2960,2022-05-24 14:15:00,CBSH
65.92,66.01,65.84,65.93,4138,2022-05-24 14:20:00,CBSH
65.96,66.07,65.96,66.04,2614,2022-05-24 14:25:00,CBSH
66.0,66.0,65.73,65.76,1223,2022-05-24 14:30:00,CBSH
65.73,65.81,65.61,65.81,4100,2022-05-24 14:35:00,CBSH
65.81,65.81,65.58,65.62,1900,2022-05-24 14:40:00,CBSH
65.51,65.57,65.36,65.37,1486,2022-05-24 14:45:00,CBSH
65.395,65.44,65.32,65.44,2813,2022-05-24 14:50:00,CBSH
65.42,65.46,65.37,65.39,2455,2022-05-24 14:55:00,CBSH
65.365,65.495,65.365,65.495,2059,2022-05-24 15:00:00,CBSH
65.42,65.45,65.34,65.345,1100,2022-05-24 15:05:00,CBSH
65.345,65.345,65.18,65.253,2254,2022-05-24 15:10:00,CBSH
65.235,65.35,65.21,65.286,4186,2022-05-24 15:15:00,CBSH
65.255,65.535,65.255,65.465,900,2022-05-24 15:20:00,CBSH
65.445,65.47,65.39,65.47,1825,2022-05-24 15:25:00,CBSH
65.42,65.42,65.345,65.41,1950,2022-05-24 15:30:00,CBSH
65.415,65.44,65.31,65.3204,1521,2022-05-24 15:35:00,CBSH
65.35,65.54,65.33,65.53,2255,2022-05-24 15:40:00,CBSH
65.54,65.74,65.54,65.715,2300,2022-05-24 15:45:00,CBSH
65.69,65.72,65.595,65.595,1200,2022-05-24 15:50:00,CBSH
65.63,65.679,65.6,65.65,3500,2022-05-24 15:55:00,CBSH
65.62,65.62,65.57,65.62,1991,2022-05-24 16:00:00,CBSH
65.62,65.81,65.6,65.81,2400,2022-05-24 16:05:00,CBSH
65.82,65.82,65.74,65.785,2800,2022-05-24 16:10:00,CBSH
65.8,65.935,65.68,65.68,2604,2022-05-24 16:15:00,CBSH
65.74,65.75,65.72,65.72,710,2022-05-24 16:20:00,CBSH
65.74,65.79,65.66,65.66,2500,2022-05-24 16:25:00,CBSH
65.69,65.69,65.55,65.55,900,2022-05-24 16:30:00,CBSH
65.45,65.47,65.43,65.43,513,2022-05-24 16:35:00,CBSH
65.38,65.475,65.36,65.45,2500,2022-05-24 16:40:00,CBSH
65.43,65.46,65.36,65.415,1856,2022-05-24 16:45:00,CBSH
65.43,65.48,65.39,65.42,1862,2022-05-24 16:50:00,CBSH
65.459,65.535,65.45,65.535,600,2022-05-24 16:55:00,CBSH
65.465,65.465,65.29,65.29,1300,2022-05-24 17:00:00,CBSH
65.28,65.3902,65.28,65.3902,2614,2022-05-24 17:05:00,CBSH
65.34,65.46,65.34,65.44,1420,2022-05-24 17:10:00,CBSH
65.41,65.543,65.4,65.543,2000,2022-05-24 17:15:00,CBSH
65.4,65.44,65.4,65.44,1323,2022-05-24 17:20:00,CBSH
65.4,65.47,65.4,65.47,800,2022-05-24 17:25:00,CBSH
65.48,65.48,65.37,65.42,600,2022-05-24 17:30:00,CBSH
65.39,65.47,65.355,65.47,3027,2022-05-24 17:35:00,CBSH
65.51,65.58,65.51,65.55,1600,2022-05-24 17:40:00,CBSH
65.54,65.619,65.52,65.56,1764,2022-05-24 17:45:00,CBSH
65.61,65.7214,65.61,65.7214,5029,2022-05-24 17:50:00,CBSH
65.71,65.75,65.71,65.725,1627,2022-05-24 17:55:00,CBSH
65.75,65.75,65.714,65.714,1800,2022-05-24 18:00:00,CBSH
65.71,65.89,65.71,65.88,1642,2022-05-24 18:05:00,CBSH
65.98,66.01,65.92,65.925,1356,2022-05-24 18:10:00,CBSH
65.895,65.895,65.695,65.79,1531,2022-05-24 18:15:00,CBSH
65.73,65.995,65.71,65.89,5237,2022-05-24 18:20:00,CBSH
65.96,66.02,65.91,65.91,2100,2022-05-24 18:25:00,CBSH
65.92,66.005,65.9,65.935,2037,2022-05-24 18:30:00,CBSH
65.995,65.995,65.95,65.965,1000,2022-05-24 18:35:00,CBSH
65.93,65.94,65.8,65.8,2730,2022-05-24 18:40:00,CBSH
65.76,65.7896,65.61,65.61,2000,2022-05-24 18:45:00,CBSH
65.61,65.62,65.57,65.62,1026,2022-05-24 18:50:00,CBSH
65.6,65.745,65.58,65.74,1500,2022-05-24 18:55:00,CBSH
65.79,65.93,65.79,65.93,700,2022-05-24 19:00:00,CBSH
65.98,66.09,65.97,66.03,5451,2022-05-24 19:05:00,CBSH
66.03,66.153,66.03,66.08,1200,2022-05-24 19:10:00,CBSH
66.1,66.11,66.04,66.05,1194,2022-05-24 19:15:00,CBSH
66.01,66.14,65.985,66.12,2900,2022-05-24 19:20:00,CBSH
66.18,66.23,66.125,66.2,3300,2022-05-24 19:25:00,CBSH
66.15,66.22,66.14,66.2,2200,2022-05-24 19:30:00,CBSH
66.23,66.49,66.23,66.39,3940,2022-05-24 19:35:00,CBSH
66.37,66.505,66.31,66.31,3847,2022-05-24 19:40:00,CBSH
66.39,66.42,66.33,66.37,2100,2022-05-24 19:45:00,CBSH
66.38,66.485,66.17,66.2,10868,2022-05-24 19:50:00,CBSH
66.18,66.38,66.17,66.3,19627,2022-05-24 19:55:00,CBSH
66.28,66.28,66.28,66.28,42694,2022-05-24 20:00:00,CBSH
66.29,66.473,65.84,66.47,5355,2022-05-25 13:30:00,CBSH
66.48,66.695,66.4,66.51,3707,2022-05-25 13:35:00,CBSH
66.63,66.7,66.52,66.7,2433,2022-05-25 13:40:00,CBSH
66.78,66.85,66.71,66.74,2664,2022-05-25 13:45:00,CBSH
66.85,67.075,66.85,67.03,1300,2022-05-25 13:50:00,CBSH
67.02,67.02,66.77,66.855,1600,2022-05-25 13:55:00,CBSH
66.84,66.98,66.775,66.775,2700,2022-05-25 14:00:00,CBSH
66.68,66.94,66.65,66.94,1700,2022-05-25 14:05:00,CBSH
66.88,66.92,66.82,66.905,2499,2022-05-25 14:10:00,CBSH
66.89,67.025,66.89,67.025,3805,2022-05-25 14:15:00,CBSH
67.11,67.24,67.11,67.2,1706,2022-05-25 14:20:00,CBSH
67.19,67.28,67.17,67.28,3400,2022-05-25 14:25:00,CBSH
67.31,67.42,67.31,67.38,1881,2022-05-25 14:30:00,CBSH
67.3585,67.5,67.35,67.43,4112,2022-05-25 14:35:00,CBSH
67.49,67.51,67.35,67.385,3200,2022-05-25 14:40:00,CBSH
67.35,67.37,67.34,67.37,300,2022-05-25 14:45:00,CBSH
67.4,67.42,67.21,67.22,4900,2022-05-25 14:50:00,CBSH
67.095,67.15,67.06,67.08,1810,2022-05-25 14:55:00,CBSH
67.07,67.12,66.98,66.98,2000,2022-05-25 15:00:00,CBSH
66.895,67.0,66.89,66.89,2200,2022-05-25 15:05:00,CBSH
66.87,66.91,66.86,66.87,2373,2022-05-25 15:10:00,CBSH
66.88,66.9,66.84,66.88,1200,2022-05-25 15:15:00,CBSH
66.86,66.86,66.78,66.81,2493,2022-05-25 15:20:00,CBSH
66.8006,66.8006,66.65,66.78,3930,2022-05-25 15:25:00,CBSH
66.78,66.78,66.577,66.65,1710,2022-05-25 15:30:00,CBSH
66.59,66.59,66.49,66.49,1600,2022-05-25 15:35:00,CBSH
66.6,66.635,66.55,66.58,1500,2022-05-25 15:40:00,CBSH
66.6128,66.66,66.59,66.64,3557,2022-05-25 15:45:00,CBSH
66.595,66.605,66.545,66.6,1100,2022-05-25 15:50:00,CBSH
66.62,66.69,66.62,66.69,2300,2022-05-25 15:55:00,CBSH
66.68,66.7,66.625,66.63,2500,2022-05-25 16:00:00,CBSH
66.59,66.59,66.47,66.47,3053,2022-05-25 16:05:00,CBSH
66.51,66.58,66.51,66.56,1942,2022-05-25 16:10:00,CBSH
66.55,66.57,66.51,66.55,2600,2022-05-25 16:15:00,CBSH
66.51,66.51,66.41,66.41,1100,2022-05-25 16:20:00,CBSH
66.3,66.3,66.24,66.29,1300,2022-05-25 16:25:00,CBSH
66.32,66.35,66.31,66.31,524,2022-05-25 16:30:00,CBSH
66.27,66.37,66.235,66.35,2900,2022-05-25 16:35:00,CBSH
66.36,66.36,66.36,66.36,200,2022-05-25 16:40:00,CBSH
66.36,66.5,66.36,66.49,2144,2022-05-25 16:45:00,CBSH
66.38,66.39,66.38,66.39,300,2022-05-25 16:50:00,CBSH
66.35,66.4,66.335,66.4,2916,2022-05-25 16:55:00,CBSH
66.4,66.41,66.36,66.38,1200,2022-05-25 17:00:00,CBSH
66.41,66.5,66.41,66.44,3461,2022-05-25 17:05:00,CBSH
66.44,66.51,66.43,66.51,1700,2022-05-25 17:10:00,CBSH
66.589,66.61,66.55,66.56,800,2022-05-25 17:15:00,CBSH
66.57,66.57,66.54,66.555,2597,2022-05-25 17:20:00,CBSH
66.52,66.53,66.44,66.53,1800,2022-05-25 17:25:00,CBSH
66.54,66.55,66.4,66.4,1896,2022-05-25 17:30:00,CBSH
66.43,66.515,66.4175,66.495,2453,2022-05-25 17:35:00,CBSH
66.51,66.55,66.47,66.5275,2377,2022-05-25 17:40:00,CBSH
66.55,66.619,66.5248,66.619,1016,2022-05-25 17:45:00,CBSH
66.585,66.62,66.49,66.53,6432,2022-05-25 17:50:00,CBSH
66.55,66.63,66.55,66.63,1001,2022-05-25 17:55:00,CBSH
66.62,66.79,66.59,66.73,2900,2022-05-25 18:00:00,CBSH
66.72,66.75,66.46,66.46,3313,2022-05-25 18:05:00,CBSH
66.56,66.76,66.555,66.67,4200,2022-05-25 18:10:00,CBSH
66.67,66.82,66.6,66.71,9400,2022-05-25 18:15:00,CBSH
66.56,66.71,66.56,66.62,3100,2022-05-25 18:20:00,CBSH
66.62,66.69,66.5784,66.5784,2438,2022-05-25 18:25:00,CBSH
66.6,66.615,66.56,66.61,5178,2022-05-25 18:30:00,CBSH
66.61,66.69,66.58,66.61,6249,2022-05-25 18:35:00,CBSH
66.59,66.73,66.585,66.67,10504,2022-05-25 18:40:00,CBSH
66.7,66.795,66.69,66.78,1600,2022-05-25 18:45:00,CBSH
66.76,66.87,66.69,66.87,4316,2022-05-25 18:50:00,CBSH
66.89,66.89,66.83,66.86,4683,2022-05-25 18:55:00,CBSH
66.835,67.21,66.83,67.18,5664,2022-05-25 19:00:00,CBSH
67.19,67.19,67.06,67.06,4580,2022-05-25 19:05:00,CBSH
67.075,67.16,67.05,67.16,3500,2022-05-25 19:10:00,CBSH
67.2,67.23,67.065,67.17,2100,2022-05-25 19:15:00,CBSH
67.17,67.17,67.05,67.05,2171,2022-05-25 19:20:00,CBSH
67.03,67.11,67.03,67.11,1100,2022-05-25 19:25:00,CBSH
67.1,67.135,67.025,67.025,3000,2022-05-25 19:30:00,CBSH
67.04,67.08,67.01,67.05,3485,2022-05-25 19:35:00,CBSH
67.08,67.16,67.08,67.1,2900,2022-05-25 19:40:00,CBSH
67.07,67.08,67.0,67.01,3075,2022-05-25 19:45:00,CBSH
66.99,67.01,66.79,66.88,12534,2022-05-25 19:50:00,CBSH
66.84,66.9,66.66,66.72,20716,2022-05-25 19:55:00,CBSH
66.75,66.75,66.75,66.75,140162,2022-05-25 20:00:00,CBSH
67.04,68.8,66.99,67.95,2121,2022-05-26 13:30:00,CBSH
68.37,68.37,67.23,67.62,2539,2022-05-26 13:35:00,CBSH
67.61,68.04,67.61,67.91,3225,2022-05-26 13:40:00,CBSH
67.86,68.04,67.86,67.94,1300,2022-05-26 13:45:00,CBSH
67.855,68.02,67.84,67.84,1300,2022-05-26 13:50:00,CBSH
67.81,67.97,67.81,67.95,300,2022-05-26 13:55:00,CBSH
67.945,68.03,67.94,68.03,400,2022-05-26 14:00:00,CBSH
68.03,68.1279,67.96,68.1279,3140,2022-05-26 14:05:00,CBSH
67.99,68.06,67.89,67.98,700,2022-05-26 14:10:00,CBSH
67.97,68.033,67.95,67.95,1020,2022-05-26 14:15:00,CBSH
67.94,68.02,67.92,67.94,2437,2022-05-26 14:20:00,CBSH
67.9,67.91,67.81,67.85,2870,2022-05-26 14:25:00,CBSH
67.85,67.85,67.815,67.815,203,2022-05-26 14:30:00,CBSH
67.91,67.96,67.89,67.95,2000,2022-05-26 14:35:00,CBSH
67.92,67.92,67.82,67.92,2098,2022-05-26 14:40:00,CBSH
67.82,67.83,67.79,67.79,1000,2022-05-26 14:45:00,CBSH
67.79,67.84,67.79,67.83,2085,2022-05-26 14:50:00,CBSH
67.75,67.77,67.7004,67.755,1539,2022-05-26 14:55:00,CBSH
67.77,67.77,67.67,67.67,1561,2022-05-26 15:00:00,CBSH
67.68,67.715,67.65,67.65,2152,2022-05-26 15:05:00,CBSH
67.68,67.71,67.67,67.675,1800,2022-05-26 15:10:00,CBSH
67.67,67.69,67.65,67.69,1370,2022-05-26 15:15:00,CBSH
67.68,67.74,67.66,67.67,1733,2022-05-26 15:20:00,CBSH
67.78,67.785,67.78,67.785,300,2022-05-26 15:25:00,CBSH
67.775,67.81,67.6,67.6,2852,2022-05-26 15:30:00,CBSH
67.62,67.674,67.62,67.63,1592,2022-05-26 15:35:00,CBSH
67.605,67.605,67.565,67.57,900,2022-05-26 15:40:00,CBSH
67.58,67.59,67.55,67.55,950,2022-05-26 15:45:00,CBSH
67.5401,67.5401,67.42,67.51,1733,2022-05-26 15:50:00,CBSH
67.56,67.635,67.56,67.635,400,2022-05-26 15:55:00,CBSH
67.61,67.69,67.61,67.68,1226,2022-05-26 16:00:00,CBSH
67.67,67.68,67.67,67.675,353,2022-05-26 16:05:00,CBSH
67.815,67.83,67.78,67.78,1600,2022-05-26 16:10:00,CBSH
67.74,67.78,67.74,67.78,200,2022-05-26 16:15:00,CBSH
67.75,67.77,67.69,67.69,1525,2022-05-26 16:20:00,CBSH
67.7,67.72,67.68,67.715,1563,2022-05-26 16:25:00,CBSH
67.75,67.75,67.7,67.7,600,2022-05-26 16:30:00,CBSH
67.71,67.745,67.71,67.73,721,2022-05-26 16:35:00,CBSH
67.74,67.77,67.72,67.72,1100,2022-05-26 16:40:00,CBSH
67.775,67.88,67.775,67.86,1000,2022-05-26 16:45:00,CBSH
67.87,67.87,67.83,67.83,500,2022-05-26 16:50:00,CBSH
67.97,67.99,67.92,67.92,1017,2022-05-26 16:55:00,CBSH
68.04,68.11,68.04,68.08,600,2022-05-26 17:00:00,CBSH
68.14,68.24,68.11,68.24,1470,2022-05-26 17:05:00,CBSH
68.24,68.33,68.2,68.33,2648,2022-05-26 17:10:00,CBSH
68.3,68.33,68.23,68.23,1000,2022-05-26 17:15:00,CBSH
68.23,68.24,68.144,68.17,1483,2022-05-26 17:20:00,CBSH
68.2,68.24,68.16,68.17,1127,2022-05-26 17:25:00,CBSH
68.1813,68.29,68.1813,68.28,850,2022-05-26 17:30:00,CBSH
68.26,68.3,68.23,68.25,2070,2022-05-26 17:35:00,CBSH
68.32,68.32,68.27,68.29,1550,2022-05-26 17:40:00,CBSH
68.28,68.28,68.2,68.2,800,2022-05-26 17:45:00,CBSH
68.24,68.24,68.195,68.2,739,2022-05-26 17:50:00,CBSH
68.24,68.24,68.24,68.24,100,2022-05-26 17:55:00,CBSH
68.25,68.27,68.24,68.26,1451,2022-05-26 18:00:00,CBSH
68.24,68.36,68.21,68.35,1344,2022-05-26 18:05:00,CBSH
68.345,68.36,68.29,68.31,676,2022-05-26 18:10:00,CBSH
68.28,68.33,68.27,68.27,2852,2022-05-26 18:15:00,CBSH
68.27,68.33,68.27,68.33,798,2022-05-26 18:20:00,CBSH
68.33,68.34,68.27,68.27,3013,2022-05-26 18:25:00,CBSH
68.31,68.31,68.27,68.27,1105,2022-05-26 18:30:00,CBSH
68.26,68.33,68.25,68.31,2491,2022-05-26 18:35:00,CBSH
68.26,68.28,68.26,68.28,260,2022-05-26 18:40:00,CBSH
68.31,68.31,68.21,68.21,1160,2022-05-26 18:45:00,CBSH
68.29,68.3,68.29,68.3,500,2022-05-26 18:50:00,CBSH
68.22,68.27,68.2,68.27,1100,2022-05-26 18:55:00,CBSH
68.22,68.22,68.18,68.18,642,2022-05-26 19:00:00,CBSH
68.255,68.33,68.255,68.33,506,2022-05-26 19:05:00,CBSH
68.29,68.31,68.23,68.23,870,2022-05-26 19:10:00,CBSH
68.22,68.2475,68.175,68.2475,1111,2022-05-26 19:15:00,CBSH
68.225,68.225,68.18,68.19,1204,2022-05-26 19:20:00,CBSH
68.1873,68.229,68.16,68.229,602,2022-05-26 19:25:00,CBSH
68.19,68.26,68.17,68.24,1036,2022-05-26 19:30:00,CBSH
68.27,68.37,68.255,68.36,1400,2022-05-26 19:35:00,CBSH
68.39,68.41,68.36,68.38,1871,2022-05-26 19:40:00,CBSH
68.42,68.43,68.38,68.43,1898,2022-05-26 19:45:00,CBSH
68.5,68.53,68.34,68.39,7626,2022-05-26 19:50:00,CBSH
68.39,68.39,68.14,68.15,16489,2022-05-26 19:55:00,CBSH
68.17,68.17,68.17,68.17,79948,2022-05-26 20:00:00,CBSH
68.05,68.48,67.725,68.21,4723,2022-05-27 13:30:00,CBSH
68.42,68.53,68.42,68.53,1863,2022-05-27 13:35:00,CBSH
68.59,68.61,68.365,68.42,1871,2022-05-27 13:40:00,CBSH
68.534,68.59,68.5,68.5,2311,2022-05-27 13:45:00,CBSH
68.48,68.59,68.48,68.55,500,2022-05-27 13:50:00,CBSH
68.56,68.56,68.21,68.21,1600,2022-05-27 13:55:00,CBSH
68.345,68.39,68.155,68.24,2525,2022-05-27 14:00:00,CBSH
68.2316,68.26,68.14,68.26,4270,2022-05-27 14:05:00,CBSH
68.18,68.18,68.18,68.18,100,2022-05-27 14:10:00,CBSH
68.2,68.25,68.2,68.23,1000,2022-05-27 14:15:00,CBSH
68.27,68.29,68.23,68.24,900,2022-05-27 14:20:00,CBSH
68.18,68.18,68.03,68.055,1100,2022-05-27 14:25:00,CBSH
68.08,68.12,68.02,68.02,1135,2022-05-27 14:30:00,CBSH
67.98,68.0,67.9682,68.0,2005,2022-05-27 14:35:00,CBSH
68.01,68.06,68.01,68.05,1428,2022-05-27 14:40:00,CBSH
68.03,68.03,67.9511,68.0,3442,2022-05-27 14:45:00,CBSH
68.03,68.04,67.935,67.96,1646,2022-05-27 14:50:00,CBSH
67.99,68.0316,67.92,67.92,1610,2022-05-27 14:55:00,CBSH
67.89,68.0,67.865,68.0,1977,2022-05-27 15:00:00,CBSH
67.96,68.05,67.96,68.02,1213,2022-05-27 15:05:00,CBSH
68.015,68.03,67.95,67.95,2403,2022-05-27 15:10:00,CBSH
67.96,68.01,67.955,67.9942,2497,2022-05-27 15:15:00,CBSH
67.97,67.97,67.91,67.95,1040,2022-05-27 15:20:00,CBSH
67.91,67.95,67.8793,67.91,4179,2022-05-27 15:25:00,CBSH
67.92,67.92,67.86,67.88,2696,2022-05-27 15:30:00,CBSH
67.87,67.91,67.84,67.91,1050,2022-05-27 15:35:00,CBSH
67.91,67.98,67.91,67.98,900,2022-05-27 15:40:00,CBSH
67.96,68.03,67.96,68.03,2180,2022-05-27 15:45:00,CBSH
68.01,68.01,67.95,67.97,1506,2022-05-27 15:50:00,CBSH
67.95,67.97,67.93,67.96,1610,2022-05-27 15:55:00,CBSH
67.96,67.97,67.875,67.92,2829,2022-05-27 16:00:00,CBSH
67.9,67.94,67.9,67.93,3300,2022-05-27 16:05:00,CBSH
67.935,68.05,67.935,68.03,2682,2022-05-27 16:10:00,CBSH
68.03,68.0596,67.995,68.025,1708,2022-05-27 16:15:00,CBSH
68.085,68.085,68.02,68.02,500,2022-05-27 16:20:00,CBSH
68.03,68.06,68.02,68.05,1200,2022-05-27 16:25:00,CBSH
68.06,68.06,67.95,67.95,600,2022-05-27 16:30:00,CBSH
67.93,68.02,67.93,68.015,2000,2022-05-27 16:35:00,CBSH
68.02,68.04,68.02,68.02,401,2022-05-27 16:40:00,CBSH
68.015,68.02,67.98,68.0,1111,2022-05-27 16:45:00,CBSH
67.9294,67.99,67.9294,67.99,2327,2022-05-27 16:50:00,CBSH
68.0,68.01,67.955,67.955,500,2022-05-27 16:55:00,CBSH
67.955,67.985,67.895,67.985,3303,2022-05-27 17:00:00,CBSH
68.01,68.0868,68.0,68.05,1500,2022-05-27 17:05:00,CBSH
68.055,68.055,68.03,68.03,520,2022-05-27 17:10:00,CBSH
68.03,68.15,68.01,68.15,1927,2022-05-27 17:15:00,CBSH
68.12,68.12,68.08,68.099,653,2022-05-27 17:20:00,CBSH
68.03,68.09,68.03,68.09,600,2022-05-27 17:25:00,CBSH
68.1,68.13,68.09,68.125,1200,2022-05-27 17:30:00,CBSH
68.09,68.1,68.07,68.1,1100,2022-05-27 17:35:00,CBSH
68.08,68.1,68.06,68.1,700,2022-05-27 17:40:00,CBSH
68.1,68.1,68.06,68.06,400,2022-05-27 17:45:00,CBSH
68.06,68.08,68.06,68.06,642,2022-05-27 17:50:00,CBSH
68.055,68.08,68.055,68.06,1400,2022-05-27 17:55:00,CBSH
68.0608,68.155,68.0608,68.155,1118,2022-05-27 18:00:00,CBSH
68.15,68.165,68.11,68.165,2384,2022-05-27 18:05:00,CBSH
68.17,68.17,68.17,68.17,100,2022-05-27 18:10:00,CBSH
68.17,68.2,68.14,68.2,2044,2022-05-27 18:15:00,CBSH
68.21,68.22,68.18,68.18,900,2022-05-27 18:20:00,CBSH
68.18,68.19,68.18,68.19,800,2022-05-27 18:25:00,CBSH
68.2,68.21,68.16,68.16,1600,2022-05-27 18:30:00,CBSH
68.15,68.195,68.13,68.13,1130,2022-05-27 18:35:00,CBSH
68.2,68.21,68.18,68.21,600,2022-05-27 18:40:00,CBSH
68.205,68.205,68.151,68.16,400,2022-05-27 18:45:00,CBSH
68.175,68.22,68.175,68.21,900,2022-05-27 18:50:00,CBSH
68.26,68.29,68.23,68.28,1485,2022-05-27 18:55:00,CBSH
68.27,68.33,68.265,68.285,1400,2022-05-27 19:00:00,CBSH
68.3,68.359,68.3,68.33,1210,2022-05-27 19:05:00,CBSH
68.335,68.34,68.31,68.34,1000,2022-05-27 19:10:00,CBSH
68.35,68.38,68.33,68.37,1205,2022-05-27 19:15:00,CBSH
68.355,68.37,68.3264,68.37,1598,2022-05-27 19:20:00,CBSH
68.43,68.44,68.41,68.41,1400,2022-05-27 19:25:00,CBSH
68.43,68.52,68.4,68.52,2100,2022-05-27 19:30:00,CBSH
68.515,68.53,68.4501,68.53,1197,2022-05-27 19:35:00,CBSH
68.515,68.54,68.48,68.53,1600,2022-05-27 19:40:00,CBSH
68.525,68.6,68.455,68.5,4056,2022-05-27 19:45:00,CBSH
68.51,68.64,68.45,68.55,4922,2022-05-27 19:50:00,CBSH
68.57,68.75,68.57,68.75,12595,2022-05-27 19:55:00,CBSH
68.75,68.75,68.75,68.75,48398,2022-05-27 20:00:00,CBSH
68.75,68.75,68.75,68.75,3812,2022-05-27 21:15:00,CBSH
