open,high,low,close,volume,datetime,symbol
0.5296,0.5296,0.5296,0.5296,1227,2022-05-02 13:30:00,CLRB
0.5247,0.5247,0.5247,0.5247,1300,2022-05-02 13:45:00,CLRB
0.539899,0.539899,0.539899,0.539899,2500,2022-05-02 14:20:00,CLRB
0.5399,0.5399,0.5399,0.5399,250,2022-05-02 14:25:00,CLRB
0.54,0.54,0.538911,0.538911,1775,2022-05-02 14:30:00,CLRB
0.54,0.54,0.54,0.54,150,2022-05-02 14:35:00,CLRB
0.5399,0.5399,0.5399,0.5399,715,2022-05-02 14:40:00,CLRB
0.5399,0.5399,0.5399,0.5399,200,2022-05-02 14:45:00,CLRB
0.5351,0.5351,0.535,0.535,795,2022-05-02 16:00:00,CLRB
0.535,0.5375,0.535,0.5375,300,2022-05-02 16:05:00,CLRB
0.5351,0.539999,0.533201,0.539999,7305,2022-05-02 16:10:00,CLRB
0.5264,0.5264,0.5264,0.5264,100,2022-05-02 16:35:00,CLRB
0.5309,0.5309,0.5309,0.5309,100,2022-05-02 17:20:00,CLRB
0.5301,0.5301,0.5301,0.5301,250,2022-05-02 18:15:00,CLRB
0.5389,0.54,0.5388,0.54,4943,2022-05-02 18:40:00,CLRB
0.535051,0.535051,0.535051,0.535051,100,2022-05-02 19:00:00,CLRB
0.5351,0.5351,0.5351,0.5351,155,2022-05-02 19:35:00,CLRB
0.531,0.531,0.531,0.531,440,2022-05-02 20:00:00,CLRB
0.52,0.52,0.52,0.52,100,2022-05-03 08:00:00,CLRB
0.530101,0.530101,0.530101,0.530101,550,2022-05-03 13:30:00,CLRB
0.53,0.53,0.52,0.52,1359,2022-05-03 13:45:00,CLRB
0.52,0.52,0.52,0.52,14641,2022-05-03 14:30:00,CLRB
0.5004,0.5004,0.5004,0.5004,100,2022-05-03 14:35:00,CLRB
0.5011,0.5011,0.5011,0.5011,1000,2022-05-03 14:45:00,CLRB
0.5101,0.5101,0.5101,0.5101,829,2022-05-03 15:00:00,CLRB
0.5102,0.5102,0.5102,0.5102,991,2022-05-03 15:10:00,CLRB
0.5101,0.5101,0.5101,0.5101,500,2022-05-03 15:15:00,CLRB
0.5101,0.5102,0.5101,0.5102,1136,2022-05-03 15:40:00,CLRB
0.5102,0.52,0.5102,0.52,985,2022-05-03 16:00:00,CLRB
0.5101,0.5101,0.5101,0.5101,100,2022-05-03 16:05:00,CLRB
0.51015,0.51015,0.5101,0.5101,1500,2022-05-03 16:10:00,CLRB
0.51,0.51,0.51,0.51,100,2022-05-03 16:20:00,CLRB
0.5101,0.5101,0.5101,0.5101,2531,2022-05-03 16:30:00,CLRB
0.5101,0.5101,0.5101,0.5101,150,2022-05-03 16:45:00,CLRB
0.51,0.5101,0.51,0.51,706,2022-05-03 16:55:00,CLRB
0.51,0.5101,0.5,0.5021,6677,2022-05-03 17:15:00,CLRB
0.5101,0.5101,0.5101,0.5101,206,2022-05-03 17:20:00,CLRB
0.5101,0.5199,0.5101,0.5102,1450,2022-05-03 17:55:00,CLRB
0.515,0.515,0.51,0.51,807,2022-05-03 18:25:00,CLRB
0.510099,0.510099,0.506,0.506,5788,2022-05-03 18:30:00,CLRB
0.5011,0.5011,0.501,0.5011,14064,2022-05-03 18:35:00,CLRB
0.514999,0.515,0.5029,0.515,2600,2022-05-03 18:40:00,CLRB
0.51,0.51,0.503,0.503,8500,2022-05-03 19:10:00,CLRB
0.503,0.503,0.5029,0.503,1300,2022-05-03 19:20:00,CLRB
0.503,0.503,0.503,0.503,400,2022-05-03 19:30:00,CLRB
0.5015,0.5015,0.5015,0.5015,926,2022-05-03 19:35:00,CLRB
0.5015,0.5015,0.5011,0.5011,4105,2022-05-03 19:40:00,CLRB
0.502899,0.503,0.502899,0.503,4200,2022-05-03 19:45:00,CLRB
0.503,0.503,0.503,0.503,276,2022-05-03 20:00:00,CLRB
0.5127,0.5127,0.5127,0.5127,1000,2022-05-03 20:25:00,CLRB
0.5092,0.5092,0.5092,0.5092,300,2022-05-04 13:20:00,CLRB
0.53,0.53,0.53,0.53,8000,2022-05-04 13:30:00,CLRB
0.511449,0.511449,0.511449,0.511449,600,2022-05-04 13:40:00,CLRB
0.503101,0.504,0.503101,0.503101,3068,2022-05-04 14:05:00,CLRB
0.511549,0.511549,0.511549,0.511549,200,2022-05-04 14:15:00,CLRB
0.5199,0.52,0.5115,0.52,5306,2022-05-04 14:20:00,CLRB
0.52,0.5299,0.52,0.5299,1291,2022-05-04 14:25:00,CLRB
0.5298,0.5298,0.52,0.52,10694,2022-05-04 14:35:00,CLRB
0.503,0.52,0.503,0.52,200,2022-05-04 14:40:00,CLRB
0.5015,0.5015,0.5015,0.5015,1900,2022-05-04 14:50:00,CLRB
0.5199,0.5199,0.5199,0.5199,1000,2022-05-04 14:55:00,CLRB
0.5015,0.51,0.5,0.5,49393,2022-05-04 15:05:00,CLRB
0.508501,0.508501,0.508501,0.508501,241,2022-05-04 15:20:00,CLRB
0.5,0.5,0.5,0.5,200,2022-05-04 15:30:00,CLRB
0.4999,0.4999,0.4989,0.4989,2000,2022-05-04 15:35:00,CLRB
0.497,0.497,0.497,0.497,101,2022-05-04 15:55:00,CLRB
0.5075,0.5075,0.5075,0.5075,500,2022-05-04 16:15:00,CLRB
0.498,0.498,0.498,0.498,1000,2022-05-04 16:35:00,CLRB
0.505858,0.505858,0.4981,0.4981,2500,2022-05-04 16:55:00,CLRB
0.498,0.5,0.49,0.498,3818,2022-05-04 17:00:00,CLRB
0.49,0.49,0.49,0.49,1000,2022-05-04 17:05:00,CLRB
0.49,0.49,0.49,0.49,200,2022-05-04 17:10:00,CLRB
0.49,0.49,0.49,0.49,2000,2022-05-04 17:15:00,CLRB
0.49,0.49,0.4805,0.4805,423,2022-05-04 17:30:00,CLRB
0.4898,0.4898,0.4898,0.4898,1000,2022-05-04 17:35:00,CLRB
0.4898,0.4898,0.488,0.488,10500,2022-05-04 17:55:00,CLRB
0.4899,0.49,0.4889,0.49,10000,2022-05-04 18:00:00,CLRB
0.5,0.5,0.5,0.5,600,2022-05-04 18:40:00,CLRB
0.5,0.5,0.5,0.5,1380,2022-05-04 19:05:00,CLRB
0.505101,0.5086,0.5,0.5086,18995,2022-05-04 19:35:00,CLRB
0.512212,0.512212,0.5,0.5,28550,2022-05-04 19:45:00,CLRB
0.5,0.516,0.5,0.5159,3699,2022-05-04 19:50:00,CLRB
0.4981,0.4981,0.4981,0.4981,100,2022-05-04 20:55:00,CLRB
0.5157,0.5157,0.5157,0.5157,1132,2022-05-05 13:30:00,CLRB
0.528,0.528,0.528,0.528,500,2022-05-05 13:40:00,CLRB
0.518,0.518,0.518,0.518,382,2022-05-05 14:10:00,CLRB
0.518,0.518,0.518,0.518,167,2022-05-05 14:15:00,CLRB
0.518,0.518,0.518,0.518,160,2022-05-05 14:25:00,CLRB
0.5016,0.508571,0.5016,0.508571,880,2022-05-05 14:30:00,CLRB
0.5179,0.5179,0.5179,0.5179,1000,2022-05-05 14:35:00,CLRB
0.4939,0.4939,0.4939,0.4939,52110,2022-05-05 14:40:00,CLRB
0.4889,0.4889,0.4889,0.4889,1012,2022-05-05 14:50:00,CLRB
0.4898,0.4898,0.4898,0.4898,100,2022-05-05 14:55:00,CLRB
0.4898,0.5157,0.4898,0.5157,550,2022-05-05 15:05:00,CLRB
0.495,0.495,0.495,0.495,329,2022-05-05 15:40:00,CLRB
0.518,0.518,0.518,0.518,100,2022-05-05 15:45:00,CLRB
0.4981,0.4981,0.496,0.496,995,2022-05-05 15:50:00,CLRB
0.497,0.497,0.497,0.497,500,2022-05-05 16:15:00,CLRB
0.48,0.48,0.48,0.48,100,2022-05-05 16:30:00,CLRB
0.485,0.485,0.485,0.485,2100,2022-05-05 16:50:00,CLRB
0.5015,0.5179,0.4973,0.5179,1720,2022-05-05 17:30:00,CLRB
0.4943,0.4943,0.49,0.49,15200,2022-05-05 17:35:00,CLRB
0.518,0.518,0.518,0.518,100,2022-05-05 18:30:00,CLRB
0.518,0.518,0.518,0.518,600,2022-05-05 18:35:00,CLRB
0.518,0.518,0.518,0.518,500,2022-05-05 18:55:00,CLRB
0.5,0.51,0.5,0.5099,600,2022-05-05 19:10:00,CLRB
0.5,0.5,0.5,0.5,1280,2022-05-05 19:20:00,CLRB
0.491,0.491,0.48,0.4899,6806,2022-05-05 19:50:00,CLRB
0.5,0.5,0.5,0.5,176,2022-05-06 08:00:00,CLRB
0.49,0.49,0.49,0.49,909,2022-05-06 13:00:00,CLRB
0.5032,0.5032,0.5032,0.5032,100,2022-05-06 13:20:00,CLRB
0.515,0.515,0.5,0.5,2110,2022-05-06 13:30:00,CLRB
0.4899,0.4899,0.47,0.47,1223,2022-05-06 13:35:00,CLRB
0.470001,0.470001,0.470001,0.470001,265,2022-05-06 13:45:00,CLRB
0.47,0.47,0.4583,0.4583,4273,2022-05-06 13:50:00,CLRB
0.476,0.476,0.46,0.46,1053,2022-05-06 13:55:00,CLRB
0.4601,0.4601,0.4601,0.4601,110,2022-05-06 14:00:00,CLRB
0.46495,0.46495,0.46495,0.46495,400,2022-05-06 14:05:00,CLRB
0.465,0.465,0.465,0.465,4500,2022-05-06 14:10:00,CLRB
0.46,0.469899,0.46,0.469899,873,2022-05-06 14:15:00,CLRB
0.4674,0.4674,0.465,0.465,776,2022-05-06 14:25:00,CLRB
0.4697,0.4697,0.465,0.465,1100,2022-05-06 14:30:00,CLRB
0.4698,0.4698,0.469699,0.4697,1100,2022-05-06 14:35:00,CLRB
0.465,0.465,0.465,0.465,100,2022-05-06 14:40:00,CLRB
0.468,0.468,0.465,0.465,610,2022-05-06 14:45:00,CLRB
0.465,0.465,0.459,0.459,14105,2022-05-06 14:50:00,CLRB
0.459,0.459,0.459,0.459,100,2022-05-06 14:55:00,CLRB
0.45,0.459899,0.45,0.459899,4068,2022-05-06 15:00:00,CLRB
0.4599,0.4599,0.4599,0.4599,230,2022-05-06 15:05:00,CLRB
0.459,0.459,0.4549,0.4549,15916,2022-05-06 15:10:00,CLRB
0.4598,0.46,0.459,0.4599,43273,2022-05-06 15:15:00,CLRB
0.467,0.47,0.467,0.47,6251,2022-05-06 15:20:00,CLRB
0.47,0.47,0.47,0.47,7413,2022-05-06 15:25:00,CLRB
0.491,0.491,0.491,0.491,200,2022-05-06 15:30:00,CLRB
0.491,0.491,0.491,0.491,11262,2022-05-06 15:35:00,CLRB
0.480001,0.480001,0.480001,0.480001,100,2022-05-06 15:40:00,CLRB
0.4601,0.4601,0.4601,0.4601,5000,2022-05-06 15:45:00,CLRB
0.4612,0.4612,0.4612,0.4612,1500,2022-05-06 16:05:00,CLRB
0.491,0.491,0.491,0.491,100,2022-05-06 16:10:00,CLRB
0.491,0.491,0.4909,0.4909,10200,2022-05-06 16:15:00,CLRB
0.463,0.463,0.463,0.463,1015,2022-05-06 17:00:00,CLRB
0.490899,0.490899,0.490899,0.490899,500,2022-05-06 17:05:00,CLRB
0.491,0.491,0.491,0.491,8800,2022-05-06 17:15:00,CLRB
0.491,0.491,0.467,0.467,29303,2022-05-06 17:20:00,CLRB
0.4979,0.4979,0.4979,0.4979,1000,2022-05-06 17:25:00,CLRB
0.486718,0.486718,0.486718,0.486718,500,2022-05-06 17:40:00,CLRB
0.498,0.498,0.498,0.498,1300,2022-05-06 17:50:00,CLRB
0.467,0.467,0.467,0.467,3000,2022-05-06 18:10:00,CLRB
0.467,0.467,0.467,0.467,1500,2022-05-06 18:20:00,CLRB
0.498,0.498,0.497899,0.498,4000,2022-05-06 18:25:00,CLRB
0.498,0.498,0.498,0.498,100,2022-05-06 18:30:00,CLRB
0.489,0.489,0.489,0.489,100,2022-05-06 18:50:00,CLRB
0.488,0.488,0.488,0.488,220,2022-05-06 19:05:00,CLRB
0.483473,0.483473,0.483473,0.483473,200,2022-05-06 19:10:00,CLRB
0.495899,0.495899,0.495899,0.495899,1000,2022-05-06 19:15:00,CLRB
0.48,0.48,0.48,0.48,100,2022-05-06 19:25:00,CLRB
0.4959,0.496,0.4959,0.496,944,2022-05-06 19:45:00,CLRB
0.4959,0.4959,0.492,0.492,1719,2022-05-06 19:50:00,CLRB
0.488001,0.488001,0.488001,0.488001,400,2022-05-06 19:55:00,CLRB
0.4631,0.4631,0.4631,0.4631,100,2022-05-09 13:25:00,CLRB
0.46,0.4636,0.46,0.4636,2596,2022-05-09 13:30:00,CLRB
0.4636,0.48,0.45,0.4503,3300,2022-05-09 13:35:00,CLRB
0.46,0.46,0.46,0.46,1000,2022-05-09 13:50:00,CLRB
0.46,0.46,0.4403,0.4403,4987,2022-05-09 14:00:00,CLRB
0.46375,0.46375,0.46375,0.46375,1300,2022-05-09 14:10:00,CLRB
0.467,0.467,0.44,0.440101,2794,2022-05-09 14:25:00,CLRB
0.4401,0.4401,0.4401,0.4401,1200,2022-05-09 14:30:00,CLRB
0.45,0.45,0.45,0.45,100,2022-05-09 14:35:00,CLRB
0.45,0.4501,0.4452,0.4501,2857,2022-05-09 14:40:00,CLRB
0.453449,0.453449,0.453449,0.453449,300,2022-05-09 14:50:00,CLRB
0.453,0.4548,0.445,0.45,18543,2022-05-09 14:55:00,CLRB
0.4546,0.4546,0.4546,0.4546,1000,2022-05-09 15:10:00,CLRB
0.45,0.45,0.45,0.45,130,2022-05-09 15:15:00,CLRB
0.454,0.454,0.445,0.445,700,2022-05-09 15:20:00,CLRB
0.445,0.445,0.445,0.445,752,2022-05-09 15:30:00,CLRB
0.4405,0.4405,0.4405,0.4405,1800,2022-05-09 16:05:00,CLRB
0.4405,0.4405,0.4401,0.4401,7500,2022-05-09 16:25:00,CLRB
0.441,0.441,0.441,0.441,3702,2022-05-09 16:45:00,CLRB
0.450499,0.450499,0.450499,0.450499,2500,2022-05-09 17:00:00,CLRB
0.4503,0.4503,0.441,0.441,3200,2022-05-09 17:05:00,CLRB
0.4409,0.4409,0.4402,0.4402,9167,2022-05-09 17:10:00,CLRB
0.4402,0.4405,0.4402,0.4405,1500,2022-05-09 17:30:00,CLRB
0.440699,0.440699,0.43,0.4335,23282,2022-05-09 17:40:00,CLRB
0.433501,0.433501,0.43,0.43,3000,2022-05-09 17:45:00,CLRB
0.436799,0.436799,0.436799,0.436799,1000,2022-05-09 17:50:00,CLRB
0.4369,0.4369,0.4366,0.4366,3500,2022-05-09 17:55:00,CLRB
0.437499,0.437499,0.4348,0.4348,3000,2022-05-09 18:00:00,CLRB
0.4376,0.4376,0.4348,0.4348,3000,2022-05-09 18:05:00,CLRB
0.437499,0.437499,0.434749,0.434749,1000,2022-05-09 18:10:00,CLRB
0.4375,0.4375,0.4374,0.4374,1200,2022-05-09 18:15:00,CLRB
0.437499,0.437499,0.437499,0.437499,1300,2022-05-09 18:20:00,CLRB
0.4375,0.4375,0.4375,0.4375,400,2022-05-09 18:25:00,CLRB
0.4375,0.4375,0.4375,0.4375,18000,2022-05-09 18:30:00,CLRB
0.4375,0.4375,0.4375,0.4375,100,2022-05-09 18:40:00,CLRB
0.4375,0.4375,0.4374,0.4375,5200,2022-05-09 18:45:00,CLRB
0.437399,0.437399,0.437399,0.437399,100,2022-05-09 18:50:00,CLRB
0.4375,0.4375,0.437288,0.437288,1706,2022-05-09 18:55:00,CLRB
0.437249,0.437249,0.437249,0.437249,400,2022-05-09 19:00:00,CLRB
0.4371,0.4371,0.4371,0.4371,1100,2022-05-09 19:05:00,CLRB
0.4371,0.4371,0.4371,0.4371,5350,2022-05-09 19:10:00,CLRB
0.4379,0.4389,0.437,0.437,5417,2022-05-09 19:35:00,CLRB
0.4355,0.4362,0.4355,0.4362,4100,2022-05-09 19:50:00,CLRB
0.43655,0.4369,0.43655,0.4366,400,2022-05-09 19:55:00,CLRB
0.4366,0.4366,0.4366,0.4366,310,2022-05-09 20:00:00,CLRB
0.45,0.45,0.45,0.45,200,2022-05-10 12:40:00,CLRB
0.4725,0.4725,0.4725,0.4725,459,2022-05-10 12:45:00,CLRB
0.46,0.4726,0.46,0.4725,4658,2022-05-10 13:30:00,CLRB
0.4725,0.4725,0.446,0.446,383,2022-05-10 13:35:00,CLRB
0.446,0.446,0.4354,0.4354,200,2022-05-10 13:40:00,CLRB
0.44,0.44,0.4354,0.4354,1599,2022-05-10 13:45:00,CLRB
0.4354,0.4354,0.4354,0.4354,100,2022-05-10 13:50:00,CLRB
0.44,0.479001,0.44,0.44,850,2022-05-10 13:55:00,CLRB
0.4408,0.4757,0.4354,0.4757,7700,2022-05-10 14:05:00,CLRB
0.4757,0.5077,0.436,0.436,12710,2022-05-10 14:10:00,CLRB
0.446629,0.449,0.436,0.449,6400,2022-05-10 14:15:00,CLRB
0.4366,0.4366,0.4366,0.4366,400,2022-05-10 14:20:00,CLRB
0.4366,0.4366,0.4366,0.4366,600,2022-05-10 14:25:00,CLRB
0.4366,0.440018,0.436,0.437,6000,2022-05-10 14:30:00,CLRB
0.4362,0.4369,0.4354,0.4354,13300,2022-05-10 14:35:00,CLRB
0.4354,0.4354,0.43,0.43,4836,2022-05-10 14:40:00,CLRB
0.43,0.43,0.43,0.43,1389,2022-05-10 14:45:00,CLRB
0.4201,0.4201,0.4201,0.4201,144,2022-05-10 15:05:00,CLRB
0.4299,0.4299,0.4299,0.4299,448,2022-05-10 15:10:00,CLRB
0.4299,0.4299,0.4296,0.4299,700,2022-05-10 15:15:00,CLRB
0.4299,0.4299,0.4299,0.4299,20000,2022-05-10 15:20:00,CLRB
0.4201,0.4201,0.4201,0.4201,5000,2022-05-10 15:25:00,CLRB
0.4201,0.4201,0.41,0.41,19840,2022-05-10 15:30:00,CLRB
0.41,0.4129,0.41,0.41,9626,2022-05-10 15:35:00,CLRB
0.4088,0.4088,0.4074,0.4074,2200,2022-05-10 15:40:00,CLRB
0.401,0.4099,0.401,0.4099,5300,2022-05-10 15:45:00,CLRB
0.4099,0.4099,0.4099,0.4099,5400,2022-05-10 15:50:00,CLRB
0.41,0.41,0.41,0.41,8300,2022-05-10 15:55:00,CLRB
0.4099,0.4099,0.4099,0.4099,4500,2022-05-10 16:00:00,CLRB
0.402,0.4096,0.402,0.4096,2524,2022-05-10 16:05:00,CLRB
0.4025,0.4025,0.4025,0.4025,100,2022-05-10 16:15:00,CLRB
0.4098,0.4098,0.4025,0.4025,8000,2022-05-10 16:20:00,CLRB
0.4025,0.4025,0.4025,0.4025,802,2022-05-10 16:25:00,CLRB
0.4024,0.4024,0.4024,0.4024,200,2022-05-10 16:30:00,CLRB
0.402299,0.4023,0.4017,0.4017,700,2022-05-10 16:40:00,CLRB
0.4015,0.4017,0.4001,0.4001,1600,2022-05-10 16:55:00,CLRB
0.4,0.4006,0.4,0.4,15700,2022-05-10 17:00:00,CLRB
0.4008,0.4008,0.4008,0.4008,1000,2022-05-10 17:05:00,CLRB
0.4007,0.4007,0.4007,0.4007,100,2022-05-10 17:15:00,CLRB
0.4008,0.4008,0.4008,0.4008,100,2022-05-10 17:30:00,CLRB
0.4009,0.4009,0.4009,0.4009,300,2022-05-10 17:35:00,CLRB
0.4009,0.4009,0.4009,0.4009,100,2022-05-10 17:40:00,CLRB
0.4008,0.4008,0.4008,0.4008,100,2022-05-10 17:45:00,CLRB
0.4,0.4,0.4,0.4,5000,2022-05-10 17:55:00,CLRB
0.4007,0.4008,0.4007,0.4008,4200,2022-05-10 18:00:00,CLRB
0.4008,0.4008,0.4008,0.4008,1500,2022-05-10 18:05:00,CLRB
0.4007,0.4007,0.4007,0.4007,100,2022-05-10 18:10:00,CLRB
0.4008,0.401,0.4007,0.401,10200,2022-05-10 18:25:00,CLRB
0.401,0.401,0.401,0.401,2000,2022-05-10 18:30:00,CLRB
0.4009,0.401,0.4,0.401,1359,2022-05-10 18:35:00,CLRB
0.4005,0.401,0.4005,0.400749,3400,2022-05-10 18:40:00,CLRB
0.4007,0.4007,0.4007,0.4007,500,2022-05-10 18:45:00,CLRB
0.4006,0.4009,0.4006,0.4009,2698,2022-05-10 18:50:00,CLRB
0.4008,0.4009,0.4008,0.4008,2100,2022-05-10 18:55:00,CLRB
0.401,0.401,0.401,0.401,3150,2022-05-10 19:05:00,CLRB
0.4009,0.4009,0.4009,0.4009,500,2022-05-10 19:10:00,CLRB
0.4008,0.4008,0.4008,0.4008,300,2022-05-10 19:15:00,CLRB
0.40085,0.40085,0.40085,0.40085,750,2022-05-10 19:25:00,CLRB
0.401301,0.401301,0.401301,0.401301,1040,2022-05-10 19:30:00,CLRB
0.4009,0.401,0.4,0.4006,2010,2022-05-10 19:35:00,CLRB
0.40045,0.4016,0.40045,0.4015,3000,2022-05-10 19:45:00,CLRB
0.4009,0.4016,0.4009,0.4016,2500,2022-05-10 19:55:00,CLRB
0.4014,0.4014,0.4014,0.4014,310,2022-05-10 20:00:00,CLRB
0.3998,0.4017,0.3998,0.4017,1600,2022-05-10 21:30:00,CLRB
0.4217,0.4217,0.4217,0.4217,200,2022-05-10 23:55:00,CLRB
0.4,0.4,0.4,0.4,250,2022-05-11 11:05:00,CLRB
0.4217,0.4217,0.4217,0.4217,100,2022-05-11 11:50:00,CLRB
0.3906,0.3906,0.3906,0.3906,204,2022-05-11 12:15:00,CLRB
0.4101,0.4101,0.4101,0.4101,600,2022-05-11 12:30:00,CLRB
0.4002,0.4002,0.4002,0.4002,1000,2022-05-11 12:35:00,CLRB
0.4002,0.4002,0.4002,0.4002,1000,2022-05-11 13:00:00,CLRB
0.4002,0.4002,0.4002,0.4002,1790,2022-05-11 13:20:00,CLRB
0.408,0.4099,0.408,0.409799,10460,2022-05-11 13:30:00,CLRB
0.408,0.4099,0.408,0.4099,600,2022-05-11 13:40:00,CLRB
0.4099,0.4099,0.4099,0.4099,100,2022-05-11 13:45:00,CLRB
0.397,0.3971,0.39,0.3901,11814,2022-05-11 13:50:00,CLRB
0.39,0.39,0.3874,0.3874,5354,2022-05-11 14:00:00,CLRB
0.3875,0.3875,0.3816,0.3816,1353,2022-05-11 14:05:00,CLRB
0.4,0.4,0.4,0.4,7500,2022-05-11 14:10:00,CLRB
0.387701,0.387701,0.3876,0.3876,600,2022-05-11 14:15:00,CLRB
0.39,0.39,0.39,0.39,200,2022-05-11 14:20:00,CLRB
0.3901,0.398999,0.3901,0.398999,600,2022-05-11 14:25:00,CLRB
0.3901,0.390323,0.3901,0.390323,2995,2022-05-11 14:30:00,CLRB
0.399,0.399,0.394549,0.394549,400,2022-05-11 14:40:00,CLRB
0.3902,0.3902,0.3902,0.3902,100,2022-05-11 14:55:00,CLRB
0.3916,0.3916,0.3916,0.3916,350,2022-05-11 15:25:00,CLRB
0.3953,0.3953,0.395299,0.395299,1100,2022-05-11 15:45:00,CLRB
0.3916,0.395,0.3916,0.395,501,2022-05-11 15:55:00,CLRB
0.3932,0.3932,0.3932,0.3932,350,2022-05-11 16:10:00,CLRB
0.3949,0.3949,0.394799,0.394799,2800,2022-05-11 16:40:00,CLRB
0.3931,0.3931,0.3902,0.3902,2500,2022-05-11 17:05:00,CLRB
0.3902,0.3924,0.375,0.375,13694,2022-05-11 17:10:00,CLRB
0.384,0.393,0.384,0.393,2640,2022-05-11 17:25:00,CLRB
0.3751,0.3751,0.3751,0.3751,3000,2022-05-11 17:30:00,CLRB
0.38,0.393,0.38,0.393,320,2022-05-11 17:35:00,CLRB
0.3929,0.3929,0.3802,0.3802,350,2022-05-11 17:45:00,CLRB
0.387499,0.387499,0.387499,0.387499,200,2022-05-11 17:50:00,CLRB
0.3821,0.3821,0.3821,0.3821,111,2022-05-11 17:55:00,CLRB
0.3897,0.3897,0.3897,0.3897,201,2022-05-11 18:30:00,CLRB
0.3896,0.3896,0.386,0.386,1375,2022-05-11 18:40:00,CLRB
0.3897,0.3897,0.3897,0.3897,2000,2022-05-11 18:45:00,CLRB
0.3897,0.3897,0.3897,0.3897,100,2022-05-11 18:50:00,CLRB
0.3861,0.3861,0.3861,0.3861,100,2022-05-11 19:05:00,CLRB
0.389599,0.389599,0.389599,0.389599,200,2022-05-11 19:15:00,CLRB
0.3948,0.3948,0.3948,0.3948,400,2022-05-11 21:10:00,CLRB
0.3751,0.3751,0.3751,0.3751,1000,2022-05-11 21:15:00,CLRB
0.4145,0.4145,0.4145,0.4145,100,2022-05-11 23:20:00,CLRB
0.3898,0.3898,0.3898,0.3898,100,2022-05-12 12:55:00,CLRB
0.38,0.38,0.3779,0.3779,4622,2022-05-12 13:30:00,CLRB
0.375,0.375,0.37,0.37,3418,2022-05-12 13:35:00,CLRB
0.37,0.3708,0.357,0.357,3154,2022-05-12 13:40:00,CLRB
0.355,0.378,0.355,0.378,1250,2022-05-12 13:45:00,CLRB
0.356,0.3798,0.356,0.37,17100,2022-05-12 13:55:00,CLRB
0.3595,0.37,0.3595,0.363,3674,2022-05-12 14:00:00,CLRB
0.356,0.363,0.356,0.356,10600,2022-05-12 14:05:00,CLRB
0.36,0.3601,0.356,0.3601,6100,2022-05-12 14:10:00,CLRB
0.3601,0.37,0.3601,0.3601,1400,2022-05-12 14:15:00,CLRB
0.3699,0.37,0.3601,0.3601,2200,2022-05-12 14:20:00,CLRB
0.3601,0.36499,0.36,0.36,4900,2022-05-12 14:25:00,CLRB
0.3605,0.3605,0.36,0.3605,5752,2022-05-12 14:30:00,CLRB
0.356,0.36049,0.355,0.3551,5722,2022-05-12 14:35:00,CLRB
0.3551,0.3605,0.3551,0.36,3474,2022-05-12 14:40:00,CLRB
0.36,0.361,0.36,0.361,1000,2022-05-12 14:45:00,CLRB
0.362,0.362,0.360101,0.362,12100,2022-05-12 14:50:00,CLRB
0.3613,0.37,0.3606,0.365,15353,2022-05-12 14:55:00,CLRB
0.37,0.3797,0.37,0.3797,4950,2022-05-12 15:00:00,CLRB
0.379799,0.379799,0.3701,0.3701,1100,2022-05-12 15:05:00,CLRB
0.3701,0.3749,0.3618,0.3618,5800,2022-05-12 15:10:00,CLRB
0.3605,0.379799,0.3605,0.3605,1650,2022-05-12 15:15:00,CLRB
0.3605,0.3605,0.3605,0.3605,200,2022-05-12 15:20:00,CLRB
0.3605,0.3606,0.3605,0.3606,11500,2022-05-12 15:25:00,CLRB
0.3606,0.3606,0.3606,0.3606,400,2022-05-12 15:30:00,CLRB
0.3606,0.3606,0.3606,0.3606,1300,2022-05-12 15:35:00,CLRB
0.3606,0.3606,0.3605,0.3605,800,2022-05-12 15:40:00,CLRB
0.3605,0.3605,0.355,0.355,8417,2022-05-12 15:45:00,CLRB
0.3501,0.3501,0.35,0.35,6325,2022-05-12 15:50:00,CLRB
0.355999,0.355999,0.3483,0.3483,200,2022-05-12 15:55:00,CLRB
0.35,0.356,0.3406,0.356,3155,2022-05-12 16:05:00,CLRB
0.3541,0.356,0.354,0.354,6399,2022-05-12 16:10:00,CLRB
0.355899,0.355899,0.355899,0.355899,400,2022-05-12 16:15:00,CLRB
0.353,0.356,0.353,0.356,6400,2022-05-12 16:20:00,CLRB
0.356,0.3605,0.356,0.356,17623,2022-05-12 16:25:00,CLRB
0.356,0.356,0.356,0.356,200,2022-05-12 16:30:00,CLRB
0.356,0.3561,0.356,0.3561,600,2022-05-12 16:35:00,CLRB
0.3561,0.3561,0.356,0.356,1400,2022-05-12 16:40:00,CLRB
0.356,0.356,0.356,0.356,400,2022-05-12 16:45:00,CLRB
0.356,0.36,0.356,0.3561,939,2022-05-12 16:50:00,CLRB
0.36,0.36,0.36,0.36,10000,2022-05-12 16:55:00,CLRB
0.3562,0.36,0.3562,0.3563,5700,2022-05-12 17:00:00,CLRB
0.3562,0.3562,0.3562,0.3562,1000,2022-05-12 17:05:00,CLRB
0.3562,0.3562,0.3562,0.3562,800,2022-05-12 17:10:00,CLRB
0.3562,0.3562,0.3562,0.3562,500,2022-05-12 17:15:00,CLRB
0.3562,0.3563,0.3562,0.3562,7423,2022-05-12 17:20:00,CLRB
0.3562,0.3562,0.3562,0.3562,300,2022-05-12 17:25:00,CLRB
0.3562,0.3562,0.35,0.35,10206,2022-05-12 17:30:00,CLRB
0.3605,0.3605,0.3605,0.3605,5000,2022-05-12 17:40:00,CLRB
0.3572,0.3572,0.3563,0.3563,1100,2022-05-12 18:00:00,CLRB
0.3584,0.3584,0.3562,0.3562,1400,2022-05-12 18:05:00,CLRB
0.3605,0.3605,0.3605,0.3605,100,2022-05-12 18:40:00,CLRB
0.355251,0.355251,0.355251,0.355251,375,2022-05-12 18:45:00,CLRB
0.3501,0.3501,0.3501,0.3501,4500,2022-05-12 18:55:00,CLRB
0.3605,0.3605,0.3406,0.3576,21002,2022-05-12 19:00:00,CLRB
0.35,0.35,0.35,0.35,4000,2022-05-12 19:15:00,CLRB
0.3425,0.3425,0.3401,0.3401,10300,2022-05-12 19:20:00,CLRB
0.3405,0.3405,0.3405,0.3405,100,2022-05-12 19:25:00,CLRB
0.3466,0.35,0.3466,0.35,4600,2022-05-12 19:40:00,CLRB
0.3526,0.3545,0.3526,0.3545,1300,2022-05-12 19:45:00,CLRB
0.355,0.3605,0.355,0.3553,10491,2022-05-12 19:50:00,CLRB
0.3501,0.36,0.35,0.35,15200,2022-05-12 19:55:00,CLRB
0.367,0.367,0.367,0.367,200,2022-05-12 20:55:00,CLRB
0.3605,0.3605,0.35,0.35,4414,2022-05-13 13:30:00,CLRB
0.35,0.35,0.341,0.341,9920,2022-05-13 13:35:00,CLRB
0.345001,0.345001,0.345001,0.345001,1340,2022-05-13 13:40:00,CLRB
0.3527,0.3527,0.3527,0.3527,250,2022-05-13 13:45:00,CLRB
0.3605,0.3605,0.3605,0.3605,863,2022-05-13 13:50:00,CLRB
0.3605,0.3605,0.3605,0.3605,3200,2022-05-13 13:55:00,CLRB
0.3605,0.3605,0.36,0.3605,13100,2022-05-13 14:00:00,CLRB
0.3605,0.3605,0.3605,0.3605,300,2022-05-13 14:05:00,CLRB
0.3604,0.3605,0.3601,0.3601,2500,2022-05-13 14:15:00,CLRB
0.36,0.36,0.351,0.3511,15710,2022-05-13 14:35:00,CLRB
0.360499,0.360499,0.360499,0.360499,1000,2022-05-13 14:40:00,CLRB
0.3601,0.3601,0.3601,0.3601,136,2022-05-13 14:45:00,CLRB
0.3601,0.3601,0.3601,0.3601,1000,2022-05-13 14:55:00,CLRB
0.3601,0.3601,0.3601,0.3601,100,2022-05-13 15:00:00,CLRB
0.36,0.3605,0.36,0.3605,5045,2022-05-13 15:05:00,CLRB
0.365,0.37,0.365,0.37,11053,2022-05-13 15:15:00,CLRB
0.3679,0.3679,0.3679,0.3679,254,2022-05-13 15:20:00,CLRB
0.37,0.37,0.3611,0.3611,12807,2022-05-13 15:25:00,CLRB
0.3612,0.3612,0.3612,0.3612,7500,2022-05-13 15:35:00,CLRB
0.369,0.37,0.3656,0.368021,3650,2022-05-13 15:45:00,CLRB
0.37,0.3774,0.3699,0.3699,10000,2022-05-13 15:50:00,CLRB
0.3799,0.3799,0.3799,0.3799,2000,2022-05-13 16:05:00,CLRB
0.379999,0.379999,0.379999,0.379999,200,2022-05-13 16:15:00,CLRB
0.38,0.38,0.3724,0.3724,17150,2022-05-13 16:20:00,CLRB
0.3883,0.3883,0.3883,0.3883,166,2022-05-13 16:30:00,CLRB
0.39,0.39,0.3899,0.3899,20000,2022-05-13 16:35:00,CLRB
0.3757,0.3757,0.372,0.372,1366,2022-05-13 16:40:00,CLRB
0.39,0.39,0.37,0.37,42200,2022-05-13 16:45:00,CLRB
0.38,0.38,0.371,0.371,1342,2022-05-13 17:25:00,CLRB
0.377,0.377,0.371,0.371,300,2022-05-13 17:30:00,CLRB
0.385,0.385,0.385,0.385,300,2022-05-13 17:40:00,CLRB
0.385,0.385,0.385,0.385,2300,2022-05-13 18:00:00,CLRB
0.375,0.375,0.37,0.37,1800,2022-05-13 18:25:00,CLRB
0.3701,0.375,0.3701,0.375,10600,2022-05-13 18:50:00,CLRB
0.377,0.377,0.377,0.377,5000,2022-05-13 18:55:00,CLRB
0.377,0.377,0.377,0.377,300,2022-05-13 19:05:00,CLRB
0.379,0.379,0.3789,0.3789,500,2022-05-13 19:15:00,CLRB
0.3789,0.379,0.3789,0.379,525,2022-05-13 19:25:00,CLRB
0.38,0.38,0.38,0.38,100,2022-05-13 19:35:00,CLRB
0.38,0.38,0.3775,0.379878,4298,2022-05-13 19:40:00,CLRB
0.3802,0.3802,0.38,0.38,600,2022-05-13 19:45:00,CLRB
0.385,0.385,0.385,0.385,400,2022-05-13 19:55:00,CLRB
0.3801,0.3801,0.3801,0.3801,275,2022-05-13 20:00:00,CLRB
0.395,0.395,0.395,0.395,100,2022-05-13 22:05:00,CLRB
0.3801,0.3801,0.3801,0.3801,600,2022-05-16 12:45:00,CLRB
0.38,0.39,0.38,0.39,926,2022-05-16 13:30:00,CLRB
0.39,0.400399,0.39,0.400399,1300,2022-05-16 13:40:00,CLRB
0.3801,0.4384,0.3801,0.4384,24633,2022-05-16 13:50:00,CLRB
0.43,0.4379,0.43,0.4379,200,2022-05-16 13:55:00,CLRB
0.378,0.378,0.378,0.378,100,2022-05-16 14:00:00,CLRB
0.38,0.38,0.38,0.38,200,2022-05-16 14:05:00,CLRB
0.43,0.43,0.43,0.43,112,2022-05-16 14:10:00,CLRB
0.4,0.4,0.4,0.4,4648,2022-05-16 14:20:00,CLRB
0.4298,0.4298,0.4298,0.4298,200,2022-05-16 14:30:00,CLRB
0.3902,0.4,0.3902,0.4,5352,2022-05-16 14:35:00,CLRB
0.4,0.4,0.4,0.4,100,2022-05-16 15:00:00,CLRB
0.4,0.4298,0.4,0.4298,6670,2022-05-16 15:15:00,CLRB
0.4297,0.4297,0.4297,0.4297,5000,2022-05-16 15:25:00,CLRB
0.4298,0.4298,0.4298,0.4298,950,2022-05-16 15:35:00,CLRB
0.400001,0.400001,0.400001,0.400001,400,2022-05-16 15:40:00,CLRB
0.4298,0.4298,0.4298,0.4298,700,2022-05-16 15:55:00,CLRB
0.4125,0.4125,0.4125,0.4125,300,2022-05-16 16:35:00,CLRB
0.41,0.41,0.405793,0.41,9250,2022-05-16 16:40:00,CLRB
0.4025,0.4041,0.4025,0.4041,1000,2022-05-16 16:45:00,CLRB
0.41,0.41,0.41,0.41,500,2022-05-16 17:10:00,CLRB
0.41,0.41,0.41,0.41,1300,2022-05-16 17:30:00,CLRB
0.41,0.41,0.41,0.41,100,2022-05-16 17:40:00,CLRB
0.41,0.41,0.407773,0.41,746,2022-05-16 18:00:00,CLRB
0.41,0.41,0.41,0.41,200,2022-05-16 18:40:00,CLRB
0.4002,0.4002,0.4002,0.4002,10000,2022-05-16 18:50:00,CLRB
0.4024,0.4024,0.4024,0.4024,400,2022-05-16 19:00:00,CLRB
0.405,0.405,0.4006,0.4006,1700,2022-05-16 19:05:00,CLRB
0.4001,0.4001,0.4001,0.4001,13355,2022-05-16 19:25:00,CLRB
0.4,0.4,0.4,0.4,3140,2022-05-16 19:40:00,CLRB
0.4001,0.4001,0.4001,0.4001,200,2022-05-16 19:45:00,CLRB
0.4,0.4,0.371,0.38061,17786,2022-05-16 19:50:00,CLRB
0.39,0.39,0.39,0.39,1270,2022-05-16 20:00:00,CLRB
0.405,0.405,0.405,0.405,300,2022-05-17 12:35:00,CLRB
0.3846,0.39,0.372,0.372,32393,2022-05-17 13:30:00,CLRB
0.3906,0.3906,0.3906,0.3906,200,2022-05-17 13:35:00,CLRB
0.3905,0.3905,0.3901,0.3905,400,2022-05-17 13:40:00,CLRB
0.397549,0.397551,0.397549,0.397551,1249,2022-05-17 13:50:00,CLRB
0.4051,0.4051,0.4051,0.4051,500,2022-05-17 13:55:00,CLRB
0.3938,0.3939,0.3938,0.3939,750,2022-05-17 14:30:00,CLRB
0.390201,0.390201,0.390201,0.390201,5000,2022-05-17 14:35:00,CLRB
0.39,0.39,0.39,0.39,585,2022-05-17 14:40:00,CLRB
0.3901,0.3901,0.3901,0.3901,450,2022-05-17 15:00:00,CLRB
0.3901,0.3901,0.3901,0.3901,100,2022-05-17 15:20:00,CLRB
0.3901,0.3901,0.3901,0.3901,350,2022-05-17 15:30:00,CLRB
0.3901,0.3901,0.3901,0.3901,100,2022-05-17 15:35:00,CLRB
0.39,0.39,0.39,0.39,200,2022-05-17 15:45:00,CLRB
0.4008,0.4008,0.4008,0.4008,100,2022-05-17 16:30:00,CLRB
0.4008,0.4008,0.4008,0.4008,100,2022-05-17 16:35:00,CLRB
0.4001,0.4001,0.4001,0.4001,200,2022-05-17 16:50:00,CLRB
0.4001,0.400116,0.4001,0.4001,3990,2022-05-17 16:55:00,CLRB
0.4003,0.4003,0.4003,0.4003,100,2022-05-17 17:00:00,CLRB
0.4003,0.4003,0.4002,0.4002,1500,2022-05-17 17:05:00,CLRB
0.4001,0.4001,0.3993,0.4001,3100,2022-05-17 17:10:00,CLRB
0.4001,0.4001,0.4001,0.4001,1300,2022-05-17 17:15:00,CLRB
0.3911,0.4001,0.3911,0.4,700,2022-05-17 17:20:00,CLRB
0.4001,0.4001,0.4,0.4,600,2022-05-17 17:25:00,CLRB
0.4001,0.4001,0.4001,0.4001,1400,2022-05-17 17:30:00,CLRB
0.4001,0.4001,0.4001,0.4001,1400,2022-05-17 17:35:00,CLRB
0.3951,0.39716,0.385,0.39716,6800,2022-05-17 17:40:00,CLRB
0.385,0.386,0.385,0.386,500,2022-05-17 17:45:00,CLRB
0.386,0.4002,0.386,0.4001,1200,2022-05-17 17:50:00,CLRB
0.386,0.386,0.386,0.386,100,2022-05-17 17:55:00,CLRB
0.386,0.386,0.386,0.386,800,2022-05-17 18:00:00,CLRB
0.386,0.386,0.386,0.386,1200,2022-05-17 18:05:00,CLRB
0.386,0.386,0.386,0.386,100,2022-05-17 18:10:00,CLRB
0.3925,0.399,0.386,0.386,500,2022-05-17 18:15:00,CLRB
0.3989,0.3989,0.386,0.386,400,2022-05-17 18:20:00,CLRB
0.383,0.3989,0.383,0.385,1500,2022-05-17 18:25:00,CLRB
0.385,0.3851,0.385,0.385,1000,2022-05-17 18:30:00,CLRB
0.3851,0.3851,0.385,0.3851,1000,2022-05-17 18:35:00,CLRB
0.3852,0.3852,0.383,0.383,2300,2022-05-17 18:40:00,CLRB
0.383,0.383,0.383,0.383,300,2022-05-17 18:45:00,CLRB
0.383,0.383,0.383,0.383,400,2022-05-17 18:50:00,CLRB
0.383,0.389999,0.38,0.389999,2350,2022-05-17 18:55:00,CLRB
0.3831,0.3865,0.3831,0.3831,2737,2022-05-17 19:00:00,CLRB
0.3801,0.3801,0.38,0.3801,1400,2022-05-17 19:05:00,CLRB
0.3801,0.3801,0.38,0.3801,1300,2022-05-17 19:10:00,CLRB
0.3801,0.3801,0.3801,0.3801,200,2022-05-17 19:15:00,CLRB
0.3805,0.381,0.38,0.38,10789,2022-05-17 19:20:00,CLRB
0.375,0.3759,0.372,0.3759,3329,2022-05-17 19:25:00,CLRB
0.374,0.3741,0.374,0.374,4300,2022-05-17 19:30:00,CLRB
0.374,0.389399,0.374,0.381699,900,2022-05-17 19:35:00,CLRB
0.3817,0.3817,0.3817,0.3817,700,2022-05-17 19:40:00,CLRB
0.3742,0.3742,0.3742,0.3742,100,2022-05-17 19:45:00,CLRB
0.3742,0.3742,0.374,0.3741,1200,2022-05-17 19:50:00,CLRB
0.3741,0.385499,0.3721,0.3721,6386,2022-05-17 19:55:00,CLRB
0.39,0.39,0.39,0.39,100,2022-05-17 20:45:00,CLRB
0.372,0.428,0.372,0.428,5884,2022-05-18 13:30:00,CLRB
0.396,0.396,0.396,0.396,1000,2022-05-18 13:35:00,CLRB
0.39925,0.39925,0.39925,0.39925,106,2022-05-18 13:45:00,CLRB
0.417899,0.417899,0.417899,0.417899,3050,2022-05-18 13:55:00,CLRB
0.39875,0.399,0.39875,0.399,1400,2022-05-18 14:00:00,CLRB
0.39895,0.39895,0.39895,0.39895,600,2022-05-18 14:05:00,CLRB
0.39,0.3977,0.39,0.3977,350,2022-05-18 14:40:00,CLRB
0.3978,0.3978,0.3892,0.3892,450,2022-05-18 14:45:00,CLRB
0.3892,0.3892,0.3805,0.3805,200,2022-05-18 14:50:00,CLRB
0.3869,0.3869,0.376,0.376,456,2022-05-18 14:55:00,CLRB
0.396,0.396,0.376,0.376,200,2022-05-18 15:00:00,CLRB
0.378,0.378,0.3761,0.3761,2200,2022-05-18 15:05:00,CLRB
0.3761,0.3761,0.376,0.376,3150,2022-05-18 15:10:00,CLRB
0.376,0.376,0.376,0.376,700,2022-05-18 15:15:00,CLRB
0.376,0.376023,0.376,0.376,2100,2022-05-18 15:20:00,CLRB
0.376,0.376,0.376,0.376,1916,2022-05-18 15:25:00,CLRB
0.376,0.376,0.376,0.376,1300,2022-05-18 15:30:00,CLRB
0.376,0.376,0.376,0.376,894,2022-05-18 15:35:00,CLRB
0.3721,0.3721,0.3721,0.3721,100,2022-05-18 15:40:00,CLRB
0.3721,0.3721,0.372,0.3721,300,2022-05-18 15:45:00,CLRB
0.3721,0.3737,0.3721,0.3729,1184,2022-05-18 15:50:00,CLRB
0.3721,0.3721,0.3721,0.3721,100,2022-05-18 16:00:00,CLRB
0.3721,0.3721,0.372,0.372,300,2022-05-18 16:05:00,CLRB
0.3721,0.3721,0.3711,0.3712,3104,2022-05-18 16:10:00,CLRB
0.371,0.382,0.371,0.372,400,2022-05-18 16:15:00,CLRB
0.371,0.371,0.37,0.37,1200,2022-05-18 16:20:00,CLRB
0.3693,0.371,0.3693,0.371,400,2022-05-18 16:25:00,CLRB
0.371,0.3798,0.371,0.3798,457,2022-05-18 16:30:00,CLRB
0.371,0.371,0.371,0.371,8000,2022-05-18 16:35:00,CLRB
0.3797,0.3797,0.371,0.371,1300,2022-05-18 16:40:00,CLRB
0.371,0.371,0.3701,0.3701,200,2022-05-18 16:45:00,CLRB
0.3701,0.3701,0.3701,0.3701,100,2022-05-18 16:50:00,CLRB
0.3701,0.375999,0.3701,0.3702,500,2022-05-18 16:55:00,CLRB
0.3702,0.3702,0.3622,0.3691,525,2022-05-18 17:00:00,CLRB
0.369049,0.3691,0.369049,0.3691,532,2022-05-18 17:05:00,CLRB
0.3691,0.3691,0.3691,0.3691,700,2022-05-18 17:10:00,CLRB
0.37,0.37,0.3622,0.3622,875,2022-05-18 17:15:00,CLRB
0.3691,0.3691,0.3691,0.3691,400,2022-05-18 17:20:00,CLRB
0.3622,0.3622,0.3622,0.3622,200,2022-05-18 17:25:00,CLRB
0.3622,0.3622,0.3622,0.3622,300,2022-05-18 17:30:00,CLRB
0.3622,0.3622,0.361,0.361,1100,2022-05-18 17:35:00,CLRB
0.361,0.3611,0.353,0.3601,2800,2022-05-18 17:40:00,CLRB
0.3601,0.3751,0.36,0.3751,680,2022-05-18 17:45:00,CLRB
0.375,0.375,0.36,0.36,300,2022-05-18 17:55:00,CLRB
0.36,0.36,0.36,0.36,200,2022-05-18 18:00:00,CLRB
0.36,0.36,0.36,0.36,500,2022-05-18 18:05:00,CLRB
0.36,0.36,0.36,0.36,8000,2022-05-18 18:10:00,CLRB
0.36,0.36,0.36,0.36,200,2022-05-18 18:15:00,CLRB
0.36,0.3606,0.36,0.3606,500,2022-05-18 18:25:00,CLRB
0.3606,0.3606,0.3606,0.3606,100,2022-05-18 18:30:00,CLRB
0.36,0.3601,0.36,0.3601,1000,2022-05-18 18:35:00,CLRB
0.3601,0.371616,0.36,0.371616,1699,2022-05-18 18:40:00,CLRB
0.36,0.371,0.36,0.36,1200,2022-05-18 18:45:00,CLRB
0.36,0.36,0.36,0.36,100,2022-05-18 18:50:00,CLRB
0.36,0.36,0.36,0.36,200,2022-05-18 18:55:00,CLRB
0.37,0.37,0.36,0.36,4035,2022-05-18 19:00:00,CLRB
0.36,0.36,0.36,0.36,500,2022-05-18 19:05:00,CLRB
0.36,0.36,0.36,0.36,400,2022-05-18 19:10:00,CLRB
0.3749,0.3749,0.36,0.36,300,2022-05-18 19:15:00,CLRB
0.36,0.36,0.36,0.36,200,2022-05-18 19:20:00,CLRB
0.36,0.375,0.36,0.36,3858,2022-05-18 19:25:00,CLRB
0.36,0.367501,0.36,0.367501,975,2022-05-18 19:35:00,CLRB
0.375,0.375,0.375,0.375,100,2022-05-18 19:40:00,CLRB
0.36,0.367499,0.36,0.367499,1100,2022-05-18 19:45:00,CLRB
0.37,0.37,0.36,0.36,5200,2022-05-18 19:50:00,CLRB
0.36,0.373,0.36,0.36,5659,2022-05-18 19:55:00,CLRB
0.36,0.36,0.36,0.36,1363,2022-05-18 20:00:00,CLRB
0.3501,0.3501,0.3501,0.3501,400,2022-05-19 12:35:00,CLRB
0.372,0.372,0.372,0.372,1053,2022-05-19 13:30:00,CLRB
0.3727,0.3727,0.3727,0.3727,773,2022-05-19 13:55:00,CLRB
0.37999,0.37999,0.3757,0.3757,1627,2022-05-19 14:20:00,CLRB
0.3757,0.3757,0.3757,0.3757,9800,2022-05-19 14:25:00,CLRB
0.3715,0.38,0.371452,0.38,18328,2022-05-19 14:30:00,CLRB
0.3716,0.3716,0.3716,0.3716,200,2022-05-19 14:35:00,CLRB
0.3716,0.3716,0.3716,0.3716,400,2022-05-19 14:40:00,CLRB
0.3716,0.3766,0.3716,0.3716,724,2022-05-19 14:45:00,CLRB
0.3717,0.3717,0.3717,0.3717,100,2022-05-19 14:50:00,CLRB
0.3814,0.3814,0.3717,0.3766,1600,2022-05-19 14:55:00,CLRB
0.3766,0.3766,0.3766,0.3766,100,2022-05-19 15:00:00,CLRB
0.3766,0.3783,0.3717,0.3783,2094,2022-05-19 15:10:00,CLRB
0.3801,0.3801,0.3801,0.3801,200,2022-05-19 15:15:00,CLRB
0.3802,0.3802,0.3801,0.3801,400,2022-05-19 15:20:00,CLRB
0.3801,0.3801,0.3801,0.3801,500,2022-05-19 15:25:00,CLRB
0.3801,0.3801,0.3801,0.3801,200,2022-05-19 15:30:00,CLRB
0.3801,0.3801,0.3801,0.3801,400,2022-05-19 15:35:00,CLRB
0.3801,0.3851,0.3801,0.3851,1327,2022-05-19 15:40:00,CLRB
0.3851,0.3851,0.3801,0.3851,300,2022-05-19 15:45:00,CLRB
0.3801,0.3802,0.3801,0.3802,1100,2022-05-19 15:50:00,CLRB
0.3801,0.3801,0.3801,0.3801,200,2022-05-19 15:55:00,CLRB
0.3803,0.3803,0.3802,0.3802,200,2022-05-19 16:00:00,CLRB
0.3802,0.3802,0.3802,0.3802,300,2022-05-19 16:05:00,CLRB
0.3802,0.39,0.3802,0.385099,1695,2022-05-19 16:10:00,CLRB
0.3803,0.3803,0.3803,0.3803,100,2022-05-19 16:15:00,CLRB
0.3803,0.39,0.3803,0.3803,400,2022-05-19 16:20:00,CLRB
0.380401,0.3851,0.3801,0.3808,5400,2022-05-19 16:25:00,CLRB
0.3805,0.38145,0.3804,0.3808,790,2022-05-19 16:30:00,CLRB
0.383201,0.383201,0.3815,0.3815,3416,2022-05-19 16:35:00,CLRB
0.3815,0.3815,0.3801,0.3801,400,2022-05-19 16:45:00,CLRB
0.3801,0.3801,0.3801,0.3801,400,2022-05-19 16:55:00,CLRB
0.3801,0.3801,0.3801,0.3801,200,2022-05-19 17:00:00,CLRB
0.3801,0.3801,0.38,0.3801,794,2022-05-19 17:05:00,CLRB
0.3801,0.3801,0.3801,0.3801,300,2022-05-19 17:10:00,CLRB
0.3802,0.3802,0.3801,0.3801,694,2022-05-19 17:15:00,CLRB
0.3802,0.3802,0.3802,0.3802,400,2022-05-19 17:20:00,CLRB
0.3801,0.3802,0.3801,0.3802,4506,2022-05-19 17:25:00,CLRB
0.3801,0.3801,0.38,0.38,3394,2022-05-19 17:30:00,CLRB
0.38,0.380003,0.3789,0.3789,7869,2022-05-19 17:35:00,CLRB
0.3705,0.3705,0.3705,0.3705,100,2022-05-19 17:40:00,CLRB
0.3705,0.3705,0.3705,0.3705,200,2022-05-19 17:45:00,CLRB
0.3701,0.3701,0.3701,0.3701,200,2022-05-19 17:50:00,CLRB
0.3701,0.3701,0.3701,0.3701,300,2022-05-19 17:55:00,CLRB
0.370099,0.3701,0.370099,0.3701,400,2022-05-19 18:00:00,CLRB
0.3701,0.3701,0.3701,0.3701,2594,2022-05-19 18:05:00,CLRB
0.3701,0.3701,0.3701,0.3701,100,2022-05-19 18:10:00,CLRB
0.3701,0.3701,0.3701,0.3701,500,2022-05-19 18:15:00,CLRB
0.3701,0.3701,0.37,0.37,1273,2022-05-19 18:20:00,CLRB
0.37,0.37,0.37,0.37,400,2022-05-19 18:25:00,CLRB
0.37,0.3701,0.3692,0.3692,15325,2022-05-19 18:30:00,CLRB
0.3698,0.3698,0.3698,0.3698,900,2022-05-19 18:40:00,CLRB
0.3698,0.3698,0.3698,0.3698,100,2022-05-19 18:45:00,CLRB
0.3601,0.3601,0.3601,0.3601,200,2022-05-19 18:50:00,CLRB
0.3601,0.369999,0.3601,0.369999,694,2022-05-19 18:55:00,CLRB
0.3699,0.3699,0.3699,0.3699,100,2022-05-19 19:00:00,CLRB
0.3699,0.3699,0.3698,0.3698,900,2022-05-19 19:05:00,CLRB
0.36,0.36,0.36,0.36,7490,2022-05-19 19:10:00,CLRB
0.3601,0.3849,0.3601,0.3849,2269,2022-05-19 19:15:00,CLRB
0.361,0.361,0.361,0.361,200,2022-05-19 19:20:00,CLRB
0.361,0.361,0.361,0.361,200,2022-05-19 19:25:00,CLRB
0.361,0.361,0.361,0.361,300,2022-05-19 19:35:00,CLRB
0.361,0.361,0.361,0.361,100,2022-05-19 19:40:00,CLRB
0.361,0.361,0.361,0.361,100,2022-05-19 19:45:00,CLRB
0.361,0.3611,0.361,0.3611,300,2022-05-19 19:50:00,CLRB
0.3611,0.3612,0.3611,0.3611,1063,2022-05-19 19:55:00,CLRB
0.3846,0.3846,0.3846,0.3846,300,2022-05-19 21:40:00,CLRB
0.375,0.389999,0.3701,0.3701,2550,2022-05-20 13:30:00,CLRB
0.3701,0.3701,0.3701,0.3701,400,2022-05-20 13:35:00,CLRB
0.3701,0.3701,0.3701,0.3701,200,2022-05-20 13:40:00,CLRB
0.3701,0.38,0.3701,0.38,6916,2022-05-20 13:45:00,CLRB
0.3801,0.3801,0.3801,0.3801,341,2022-05-20 13:50:00,CLRB
0.38,0.38,0.38,0.38,1000,2022-05-20 13:55:00,CLRB
0.38,0.38,0.38,0.38,200,2022-05-20 14:05:00,CLRB
0.38,0.3801,0.38,0.3801,4397,2022-05-20 14:10:00,CLRB
0.3801,0.3801,0.3801,0.3801,494,2022-05-20 14:15:00,CLRB
0.3802,0.383999,0.3701,0.3701,1907,2022-05-20 14:20:00,CLRB
0.3701,0.384,0.3701,0.384,1500,2022-05-20 14:25:00,CLRB
0.3701,0.3701,0.3701,0.3701,500,2022-05-20 14:30:00,CLRB
0.3701,0.3701,0.3701,0.3701,300,2022-05-20 14:35:00,CLRB
0.3701,0.3701,0.3701,0.3701,600,2022-05-20 14:40:00,CLRB
0.3701,0.3701,0.3701,0.3701,300,2022-05-20 14:45:00,CLRB
0.3701,0.3701,0.3701,0.3701,200,2022-05-20 14:50:00,CLRB
0.3701,0.3746,0.3701,0.3746,850,2022-05-20 14:55:00,CLRB
0.3746,0.3746,0.3746,0.3746,200,2022-05-20 15:00:00,CLRB
0.3746,0.3746,0.3697,0.3697,600,2022-05-20 15:10:00,CLRB
0.37,0.3701,0.37,0.3701,300,2022-05-20 15:15:00,CLRB
0.3701,0.3701,0.37,0.3701,500,2022-05-20 15:20:00,CLRB
0.3701,0.3701,0.37,0.3701,400,2022-05-20 15:25:00,CLRB
0.3701,0.3702,0.3701,0.3701,1494,2022-05-20 15:30:00,CLRB
0.3701,0.3701,0.3701,0.3701,300,2022-05-20 15:35:00,CLRB
0.3701,0.3702,0.3701,0.3702,200,2022-05-20 15:40:00,CLRB
0.3701,0.3701,0.3701,0.3701,194,2022-05-20 15:45:00,CLRB
0.3701,0.3702,0.3701,0.3702,200,2022-05-20 15:50:00,CLRB
0.3701,0.3701,0.3701,0.3701,100,2022-05-20 15:55:00,CLRB
0.3701,0.3701,0.3701,0.3701,200,2022-05-20 16:00:00,CLRB
0.3701,0.3701,0.3701,0.3701,500,2022-05-20 16:05:00,CLRB
0.3701,0.3701,0.37,0.37,400,2022-05-20 16:10:00,CLRB
0.37,0.37,0.3691,0.3691,200,2022-05-20 16:15:00,CLRB
0.3691,0.3691,0.363,0.363,300,2022-05-20 16:20:00,CLRB
0.363,0.363,0.363,0.363,280,2022-05-20 16:25:00,CLRB
0.37,0.37,0.37,0.37,5081,2022-05-20 16:30:00,CLRB
0.37005,0.37005,0.37,0.37,200,2022-05-20 16:35:00,CLRB
0.37,0.37,0.37,0.37,200,2022-05-20 16:40:00,CLRB
0.37,0.370001,0.37,0.370001,8800,2022-05-20 16:45:00,CLRB
0.361,0.3611,0.361,0.361,526,2022-05-20 16:55:00,CLRB
0.361,0.361,0.361,0.361,200,2022-05-20 17:00:00,CLRB
0.361,0.361,0.361,0.361,1160,2022-05-20 17:05:00,CLRB
0.361,0.3611,0.361,0.361,1940,2022-05-20 17:10:00,CLRB
0.361,0.361,0.361,0.361,400,2022-05-20 17:15:00,CLRB
0.361,0.361,0.361,0.361,200,2022-05-20 17:20:00,CLRB
0.361,0.36105,0.361,0.36105,1516,2022-05-20 17:25:00,CLRB
0.361,0.361,0.361,0.361,500,2022-05-20 17:30:00,CLRB
0.361,0.3611,0.361,0.3611,800,2022-05-20 17:35:00,CLRB
0.3611,0.3611,0.3611,0.3611,500,2022-05-20 17:40:00,CLRB
0.3611,0.3611,0.3611,0.3611,200,2022-05-20 17:45:00,CLRB
0.3611,0.3611,0.3611,0.3611,200,2022-05-20 17:50:00,CLRB
0.3611,0.3611,0.3611,0.3611,300,2022-05-20 17:55:00,CLRB
0.361,0.384,0.361,0.384,26891,2022-05-20 18:00:00,CLRB
0.3725,0.3839,0.361,0.361,400,2022-05-20 18:05:00,CLRB
0.361,0.361,0.361,0.361,200,2022-05-20 18:10:00,CLRB
0.361,0.384,0.361,0.361,500,2022-05-20 18:15:00,CLRB
0.38,0.38,0.365,0.365,1400,2022-05-20 18:20:00,CLRB
0.3611,0.3611,0.3611,0.3611,300,2022-05-20 18:25:00,CLRB
0.3611,0.3611,0.3611,0.3611,400,2022-05-20 18:30:00,CLRB
0.3611,0.369999,0.3611,0.369999,200,2022-05-20 18:35:00,CLRB
0.3611,0.3611,0.3611,0.3611,100,2022-05-20 18:40:00,CLRB
0.3611,0.3611,0.3611,0.3611,457,2022-05-20 18:45:00,CLRB
0.3611,0.3611,0.3611,0.3611,100,2022-05-20 18:50:00,CLRB
0.3611,0.3611,0.3611,0.3611,200,2022-05-20 18:55:00,CLRB
0.3611,0.3611,0.3611,0.3611,500,2022-05-20 19:00:00,CLRB
0.37,0.37,0.3611,0.3622,5493,2022-05-20 19:05:00,CLRB
0.3611,0.3611,0.361,0.361,300,2022-05-20 19:10:00,CLRB
0.3611,0.3611,0.3611,0.3611,467,2022-05-20 19:15:00,CLRB
0.3611,0.3611,0.361,0.361,400,2022-05-20 19:20:00,CLRB
0.361,0.3611,0.361,0.3611,200,2022-05-20 19:25:00,CLRB
0.361,0.361,0.361,0.361,391,2022-05-20 19:30:00,CLRB
0.3611,0.3611,0.3611,0.3611,1000,2022-05-20 19:35:00,CLRB
0.363,0.3631,0.363,0.3631,583,2022-05-20 19:40:00,CLRB
0.363,0.363,0.363,0.363,100,2022-05-20 19:45:00,CLRB
0.3611,0.3631,0.3611,0.3631,397,2022-05-20 19:50:00,CLRB
0.3611,0.362,0.3611,0.3611,1100,2022-05-20 19:55:00,CLRB
0.3611,0.3611,0.3611,0.3611,2922,2022-05-20 20:00:00,CLRB
0.3791,0.3791,0.3536,0.3536,24859,2022-05-23 13:30:00,CLRB
0.3899,0.3899,0.3899,0.3899,100,2022-05-23 13:45:00,CLRB
0.36,0.38,0.36,0.3601,500,2022-05-23 14:05:00,CLRB
0.3601,0.3601,0.3601,0.3601,100,2022-05-23 14:10:00,CLRB
0.3601,0.3601,0.3601,0.3601,400,2022-05-23 14:15:00,CLRB
0.3601,0.3601,0.3601,0.3601,300,2022-05-23 14:20:00,CLRB
0.3601,0.3601,0.36,0.36,700,2022-05-23 14:25:00,CLRB
0.36,0.36,0.36,0.36,700,2022-05-23 14:30:00,CLRB
0.36,0.36,0.36,0.36,300,2022-05-23 14:35:00,CLRB
0.378,0.378,0.36,0.36,600,2022-05-23 14:40:00,CLRB
0.3601,0.3601,0.36,0.36,455,2022-05-23 14:45:00,CLRB
0.36,0.36,0.36,0.36,200,2022-05-23 14:50:00,CLRB
0.36,0.36,0.36,0.36,400,2022-05-23 14:55:00,CLRB
0.36,0.36,0.36,0.36,2100,2022-05-23 15:05:00,CLRB
0.3601,0.365,0.3601,0.3601,5500,2022-05-23 15:10:00,CLRB
0.3602,0.3602,0.3601,0.3602,11700,2022-05-23 15:15:00,CLRB
0.3601,0.3601,0.36,0.360003,22273,2022-05-23 15:20:00,CLRB
0.36,0.3696,0.36,0.3696,10400,2022-05-23 15:25:00,CLRB
0.3601,0.37,0.3601,0.37,30300,2022-05-23 15:30:00,CLRB
0.37,0.38,0.37,0.38,13600,2022-05-23 15:35:00,CLRB
0.3799,0.38,0.3799,0.38,14200,2022-05-23 15:40:00,CLRB
0.379,0.379,0.379,0.379,280,2022-05-23 16:05:00,CLRB
0.3684,0.3758,0.3611,0.363,2000,2022-05-23 16:10:00,CLRB
0.3611,0.3612,0.3611,0.3612,1800,2022-05-23 16:15:00,CLRB
0.3611,0.3677,0.3611,0.3677,200,2022-05-23 16:20:00,CLRB
0.3668,0.3677,0.361,0.361,1400,2022-05-23 16:25:00,CLRB
0.361,0.361,0.361,0.361,200,2022-05-23 16:30:00,CLRB
0.3677,0.3677,0.366,0.366,300,2022-05-23 16:35:00,CLRB
0.366,0.3682,0.366,0.366,600,2022-05-23 16:40:00,CLRB
0.366,0.366,0.366,0.366,400,2022-05-23 16:45:00,CLRB
0.3675,0.3675,0.3675,0.3675,100,2022-05-23 16:50:00,CLRB
0.3675,0.3675,0.3675,0.3675,600,2022-05-23 16:55:00,CLRB
0.3675,0.3675,0.3675,0.3675,700,2022-05-23 17:00:00,CLRB
0.3675,0.3675,0.366,0.366,1122,2022-05-23 17:05:00,CLRB
0.366,0.366,0.366,0.366,1078,2022-05-23 17:10:00,CLRB
0.366,0.366,0.3611,0.3611,1022,2022-05-23 17:15:00,CLRB
0.3611,0.3611,0.361,0.3611,500,2022-05-23 17:20:00,CLRB
0.361,0.3611,0.361,0.3611,500,2022-05-23 17:25:00,CLRB
0.3611,0.3611,0.3611,0.3611,400,2022-05-23 17:30:00,CLRB
0.3611,0.3611,0.361,0.361,2200,2022-05-23 17:35:00,CLRB
0.361,0.3613,0.361,0.3611,1478,2022-05-23 17:40:00,CLRB
0.3611,0.3612,0.3611,0.3612,500,2022-05-23 17:45:00,CLRB
0.3612,0.3612,0.3611,0.3612,400,2022-05-23 17:50:00,CLRB
0.3612,0.3612,0.3612,0.3612,1200,2022-05-23 17:55:00,CLRB
0.3612,0.3612,0.3611,0.3612,1091,2022-05-23 18:00:00,CLRB
0.3611,0.3612,0.361,0.361,1783,2022-05-23 18:05:00,CLRB
0.3612,0.3614,0.3612,0.3614,600,2022-05-23 18:10:00,CLRB
0.3614,0.3614,0.3614,0.3614,800,2022-05-23 18:15:00,CLRB
0.361,0.3611,0.361,0.3611,500,2022-05-23 18:20:00,CLRB
0.3611,0.3611,0.361,0.361,800,2022-05-23 18:25:00,CLRB
0.361,0.3614,0.361,0.3614,900,2022-05-23 18:30:00,CLRB
0.3614,0.3621,0.3614,0.3621,1600,2022-05-23 18:35:00,CLRB
0.3615,0.3615,0.3614,0.3614,1100,2022-05-23 18:40:00,CLRB
0.361,0.361,0.361,0.361,116,2022-05-23 18:45:00,CLRB
0.3542,0.3542,0.3541,0.3541,1200,2022-05-23 19:10:00,CLRB
0.3551,0.3551,0.3551,0.3551,250,2022-05-23 19:35:00,CLRB
0.3599,0.36,0.3599,0.3599,726,2022-05-23 19:50:00,CLRB
0.3599,0.36,0.3599,0.36,2600,2022-05-23 19:55:00,CLRB
0.36,0.36,0.36,0.36,346,2022-05-23 20:00:00,CLRB
0.3501,0.3501,0.3501,0.3501,147,2022-05-23 22:55:00,CLRB
0.355,0.3898,0.355,0.355,2433,2022-05-24 13:30:00,CLRB
0.355,0.355,0.355,0.355,700,2022-05-24 13:35:00,CLRB
0.355,0.355,0.3504,0.3504,6220,2022-05-24 13:40:00,CLRB
0.3504,0.3504,0.3504,0.3504,200,2022-05-24 13:45:00,CLRB
0.3504,0.3505,0.3504,0.3505,10300,2022-05-24 13:50:00,CLRB
0.3504,0.3504,0.3504,0.3504,300,2022-05-24 13:55:00,CLRB
0.3504,0.3513,0.3504,0.3504,1310,2022-05-24 14:00:00,CLRB
0.3504,0.350501,0.3504,0.350501,3400,2022-05-24 14:05:00,CLRB
0.3504,0.3504,0.3504,0.3504,399,2022-05-24 14:10:00,CLRB
0.3501,0.3501,0.35,0.35,1387,2022-05-24 14:15:00,CLRB
0.35,0.3532,0.3452,0.3452,1898,2022-05-24 14:20:00,CLRB
0.3452,0.3571,0.3452,0.3571,4250,2022-05-24 14:25:00,CLRB
0.3572,0.3599,0.3512,0.3599,3500,2022-05-24 14:35:00,CLRB
0.359999,0.359999,0.359999,0.359999,1200,2022-05-24 14:40:00,CLRB
0.36,0.37,0.3599,0.36,5241,2022-05-24 14:45:00,CLRB
0.36,0.36,0.36,0.36,200,2022-05-24 14:50:00,CLRB
0.36,0.3676,0.3588,0.3676,1839,2022-05-24 14:55:00,CLRB
0.3588,0.3588,0.3588,0.3588,100,2022-05-24 15:00:00,CLRB
0.3588,0.3588,0.3588,0.3588,100,2022-05-24 15:05:00,CLRB
0.3588,0.3588,0.3588,0.3588,300,2022-05-24 15:10:00,CLRB
0.3588,0.3588,0.3588,0.3588,900,2022-05-24 15:15:00,CLRB
0.3575,0.3575,0.3566,0.3566,500,2022-05-24 15:20:00,CLRB
0.3566,0.3566,0.35,0.3566,1500,2022-05-24 15:25:00,CLRB
0.3501,0.3566,0.35,0.35,9750,2022-05-24 15:30:00,CLRB
0.3588,0.3588,0.355,0.3552,500,2022-05-24 15:35:00,CLRB
0.3538,0.3538,0.3538,0.3538,400,2022-05-24 15:40:00,CLRB
0.3538,0.3538,0.3524,0.3524,400,2022-05-24 15:45:00,CLRB
0.3524,0.363,0.3524,0.363,7200,2022-05-24 15:50:00,CLRB
0.363099,0.363099,0.3566,0.3566,300,2022-05-24 15:55:00,CLRB
0.3566,0.3566,0.3566,0.3566,100,2022-05-24 16:00:00,CLRB
0.355,0.355,0.355,0.355,300,2022-05-24 16:05:00,CLRB
0.355,0.355,0.3454,0.3454,2050,2022-05-24 16:10:00,CLRB
0.3454,0.3454,0.3454,0.3454,500,2022-05-24 16:15:00,CLRB
0.3679,0.38,0.3679,0.38,200,2022-05-24 16:20:00,CLRB
0.375,0.375,0.37,0.37,700,2022-05-24 16:25:00,CLRB
0.3668,0.3668,0.3537,0.3537,437,2022-05-24 16:30:00,CLRB
0.37,0.37,0.37,0.37,800,2022-05-24 16:40:00,CLRB
0.365,0.365,0.365,0.365,300,2022-05-24 16:55:00,CLRB
0.367,0.379,0.3503,0.379,8800,2022-05-24 17:00:00,CLRB
0.3652,0.3652,0.3503,0.3503,900,2022-05-24 17:05:00,CLRB
0.352,0.352,0.352,0.352,800,2022-05-24 17:10:00,CLRB
0.352,0.3585,0.352,0.3585,2400,2022-05-24 17:15:00,CLRB
0.3585,0.358501,0.3503,0.3503,1990,2022-05-24 17:20:00,CLRB
0.3569,0.3569,0.3503,0.3569,500,2022-05-24 17:25:00,CLRB
0.3569,0.3569,0.3569,0.3569,300,2022-05-24 17:30:00,CLRB
0.3503,0.3586,0.3503,0.3586,1594,2022-05-24 17:35:00,CLRB
0.3572,0.3572,0.3503,0.3525,900,2022-05-24 17:40:00,CLRB
0.352,0.3525,0.352,0.3525,600,2022-05-24 17:45:00,CLRB
0.3503,0.3503,0.3503,0.3503,100,2022-05-24 17:50:00,CLRB
0.3505,0.3505,0.3505,0.3505,300,2022-05-24 17:55:00,CLRB
0.3505,0.3505,0.3505,0.3505,1200,2022-05-24 18:00:00,CLRB
0.3505,0.3602,0.3505,0.36,1000,2022-05-24 18:05:00,CLRB
0.36,0.36,0.36,0.36,400,2022-05-24 18:10:00,CLRB
0.36,0.36,0.36,0.36,100,2022-05-24 18:15:00,CLRB
0.36,0.36,0.36,0.36,300,2022-05-24 18:20:00,CLRB
0.36,0.36,0.36,0.36,400,2022-05-24 18:25:00,CLRB
0.36,0.36,0.36,0.36,1100,2022-05-24 18:30:00,CLRB
0.36,0.36,0.36,0.36,400,2022-05-24 18:35:00,CLRB
0.36,0.36,0.36,0.36,900,2022-05-24 18:40:00,CLRB
0.36,0.36,0.36,0.36,300,2022-05-24 18:45:00,CLRB
0.36,0.36,0.36,0.36,200,2022-05-24 18:50:00,CLRB
0.36,0.36,0.36,0.36,300,2022-05-24 18:55:00,CLRB
0.36,0.36,0.36,0.36,400,2022-05-24 19:00:00,CLRB
0.3634,0.3634,0.36,0.36,930,2022-05-24 19:05:00,CLRB
0.36,0.36,0.36,0.36,1100,2022-05-24 19:10:00,CLRB
0.3649,0.3649,0.36,0.36,700,2022-05-24 19:15:00,CLRB
0.36,0.36,0.36,0.36,500,2022-05-24 19:20:00,CLRB
0.36,0.36,0.36,0.36,400,2022-05-24 19:25:00,CLRB
0.36,0.36,0.36,0.36,200,2022-05-24 19:30:00,CLRB
0.36,0.360001,0.36,0.360001,450,2022-05-24 19:35:00,CLRB
0.36,0.36,0.36,0.36,200,2022-05-24 19:40:00,CLRB
0.362,0.362,0.36,0.36,300,2022-05-24 19:45:00,CLRB
0.3601,0.37,0.36,0.37,5634,2022-05-24 19:50:00,CLRB
0.3615,0.363,0.3511,0.352,27411,2022-05-24 19:55:00,CLRB
0.352,0.352,0.346,0.346,1435,2022-05-24 20:00:00,CLRB
0.3503,0.37233,0.3421,0.3421,8255,2022-05-25 13:30:00,CLRB
0.3421,0.3421,0.3421,0.3421,300,2022-05-25 13:40:00,CLRB
0.352,0.352,0.352,0.352,100,2022-05-25 13:45:00,CLRB
0.3421,0.3448,0.3421,0.3421,3700,2022-05-25 14:00:00,CLRB
0.3448,0.3448,0.3421,0.3421,1000,2022-05-25 14:05:00,CLRB
0.3448,0.3448,0.3401,0.3401,2389,2022-05-25 14:10:00,CLRB
0.3428,0.3428,0.3401,0.3401,500,2022-05-25 14:15:00,CLRB
0.3428,0.3428,0.3401,0.3428,600,2022-05-25 14:20:00,CLRB
0.3401,0.3428,0.3401,0.3428,300,2022-05-25 14:25:00,CLRB
0.3428,0.3428,0.3428,0.3428,300,2022-05-25 14:30:00,CLRB
0.3428,0.3598,0.3428,0.3507,1959,2022-05-25 14:35:00,CLRB
0.3452,0.3452,0.34375,0.34375,1600,2022-05-25 14:40:00,CLRB
0.344899,0.344899,0.3425,0.3425,400,2022-05-25 14:45:00,CLRB
0.3425,0.345,0.3425,0.345,300,2022-05-25 14:50:00,CLRB
0.3425,0.3425,0.3425,0.3425,400,2022-05-25 14:55:00,CLRB
0.3429,0.3429,0.340301,0.340301,8800,2022-05-25 15:00:00,CLRB
0.3403,0.3428,0.3403,0.3428,1200,2022-05-25 15:05:00,CLRB
0.3428,0.3428,0.3428,0.3428,200,2022-05-25 15:10:00,CLRB
0.3401,0.349,0.3401,0.349,500,2022-05-25 15:15:00,CLRB
0.3501,0.3501,0.35,0.35,1650,2022-05-25 15:20:00,CLRB
0.345,0.345,0.345,0.345,200,2022-05-25 15:25:00,CLRB
0.345,0.345,0.345,0.345,600,2022-05-25 15:30:00,CLRB
0.3428,0.353,0.3428,0.353,33700,2022-05-25 15:35:00,CLRB
0.3501,0.3501,0.3501,0.3501,400,2022-05-25 15:40:00,CLRB
0.3501,0.3501,0.3501,0.3501,200,2022-05-25 15:45:00,CLRB
0.3501,0.3501,0.35,0.35,200,2022-05-25 15:50:00,CLRB
0.35,0.35,0.35,0.35,400,2022-05-25 15:55:00,CLRB
0.35,0.35,0.35,0.35,200,2022-05-25 16:00:00,CLRB
0.35,0.35,0.35,0.35,200,2022-05-25 16:05:00,CLRB
0.35,0.3597,0.35,0.3597,950,2022-05-25 16:10:00,CLRB
0.35,0.35,0.35,0.35,200,2022-05-25 16:15:00,CLRB
0.35,0.35,0.35,0.35,400,2022-05-25 16:20:00,CLRB
0.35,0.35,0.35,0.35,200,2022-05-25 16:25:00,CLRB
0.35,0.35,0.35,0.35,200,2022-05-25 16:30:00,CLRB
0.3596,0.3597,0.35,0.3597,500,2022-05-25 16:35:00,CLRB
0.35,0.35,0.35,0.35,400,2022-05-25 16:40:00,CLRB
0.3509,0.3509,0.35,0.35,450,2022-05-25 16:45:00,CLRB
0.35,0.35,0.35,0.35,200,2022-05-25 16:50:00,CLRB
0.35,0.35,0.35,0.35,400,2022-05-25 16:55:00,CLRB
0.35,0.35,0.35,0.35,200,2022-05-25 17:00:00,CLRB
0.35,0.35,0.35,0.35,200,2022-05-25 17:05:00,CLRB
0.35,0.35,0.35,0.35,200,2022-05-25 17:10:00,CLRB
0.35,0.35,0.35,0.35,400,2022-05-25 17:15:00,CLRB
0.35,0.35,0.35,0.35,200,2022-05-25 17:20:00,CLRB
0.35,0.35,0.35,0.35,400,2022-05-25 17:25:00,CLRB
0.35,0.35,0.35,0.35,200,2022-05-25 17:30:00,CLRB
0.35,0.35,0.35,0.35,200,2022-05-25 17:35:00,CLRB
0.35,0.35,0.35,0.35,200,2022-05-25 17:40:00,CLRB
0.35,0.35,0.35,0.35,400,2022-05-25 17:45:00,CLRB
0.35,0.35,0.35,0.35,200,2022-05-25 17:50:00,CLRB
0.35,0.35,0.35,0.35,200,2022-05-25 17:55:00,CLRB
0.35,0.35,0.35,0.35,200,2022-05-25 18:00:00,CLRB
0.35,0.35,0.35,0.35,400,2022-05-25 18:05:00,CLRB
0.35,0.35,0.35,0.35,7000,2022-05-25 18:10:00,CLRB
0.3586,0.3594,0.3586,0.3594,3290,2022-05-25 18:35:00,CLRB
0.3695,0.3695,0.3695,0.3695,100,2022-05-25 18:40:00,CLRB
0.36365,0.385051,0.36365,0.385051,11726,2022-05-25 19:10:00,CLRB
0.38,0.38,0.38,0.38,400,2022-05-25 19:20:00,CLRB
0.3757,0.39,0.3757,0.3899,3500,2022-05-25 19:30:00,CLRB
0.4097,0.4097,0.3999,0.3999,11303,2022-05-25 19:35:00,CLRB
0.41,0.442299,0.41,0.425,2603,2022-05-25 19:40:00,CLRB
0.42,0.42,0.4101,0.4141,5095,2022-05-25 19:45:00,CLRB
0.3916,0.41,0.3755,0.38,43199,2022-05-25 19:50:00,CLRB
0.38,0.43,0.38,0.39,36357,2022-05-25 19:55:00,CLRB
0.35,0.35,0.35,0.35,7000,2022-05-25 21:35:00,CLRB
0.3942,0.3942,0.3942,0.3942,100,2022-05-26 13:20:00,CLRB
0.39,0.3944,0.39,0.39,9982,2022-05-26 13:30:00,CLRB
0.39,0.39,0.39,0.39,500,2022-05-26 13:35:00,CLRB
0.3999,0.3999,0.39,0.39,540,2022-05-26 13:45:00,CLRB
0.39,0.3901,0.39,0.3901,11106,2022-05-26 13:50:00,CLRB
0.39,0.39,0.39,0.39,1700,2022-05-26 13:55:00,CLRB
0.39,0.39,0.39,0.39,200,2022-05-26 14:00:00,CLRB
0.39,0.39,0.39,0.39,200,2022-05-26 14:05:00,CLRB
0.39,0.39,0.39,0.39,500,2022-05-26 14:10:00,CLRB
0.39,0.39,0.39,0.39,600,2022-05-26 14:15:00,CLRB
0.39,0.3997,0.39,0.39,1400,2022-05-26 14:20:00,CLRB
0.39,0.39,0.39,0.39,700,2022-05-26 14:25:00,CLRB
0.396239,0.396239,0.39,0.39,1600,2022-05-26 14:30:00,CLRB
0.39,0.39,0.39,0.39,500,2022-05-26 14:35:00,CLRB
0.39,0.39,0.39,0.39,899,2022-05-26 14:40:00,CLRB
0.39,0.39,0.39,0.39,400,2022-05-26 14:45:00,CLRB
0.39,0.39,0.39,0.39,200,2022-05-26 14:50:00,CLRB
0.39,0.39,0.39,0.39,700,2022-05-26 14:55:00,CLRB
0.39,0.39,0.39,0.39,200,2022-05-26 15:00:00,CLRB
0.39,0.39,0.38,0.38,16506,2022-05-26 15:05:00,CLRB
0.38,0.38,0.38,0.38,600,2022-05-26 15:10:00,CLRB
0.38,0.38,0.38,0.38,300,2022-05-26 15:15:00,CLRB
0.38,0.38,0.38,0.38,400,2022-05-26 15:20:00,CLRB
0.38,0.38,0.38,0.38,500,2022-05-26 15:25:00,CLRB
0.3801,0.3801,0.38,0.3801,3742,2022-05-26 15:30:00,CLRB
0.3894,0.3894,0.3801,0.3801,200,2022-05-26 15:35:00,CLRB
0.3801,0.3986,0.3801,0.3894,800,2022-05-26 15:40:00,CLRB
0.3894,0.3894,0.3894,0.3894,300,2022-05-26 15:45:00,CLRB
0.3894,0.3987,0.3894,0.3987,406,2022-05-26 15:50:00,CLRB
0.3894,0.3894,0.3884,0.3894,400,2022-05-26 15:55:00,CLRB
0.3894,0.3894,0.3894,0.3894,100,2022-05-26 16:00:00,CLRB
0.3894,0.3894,0.3801,0.3801,640,2022-05-26 16:05:00,CLRB
0.3894,0.3894,0.3801,0.3801,700,2022-05-26 16:10:00,CLRB
0.3801,0.3901,0.3801,0.39,10397,2022-05-26 16:15:00,CLRB
0.3901,0.3901,0.39,0.39,400,2022-05-26 16:20:00,CLRB
0.3901,0.3901,0.39,0.39,969,2022-05-26 16:25:00,CLRB
0.39,0.39,0.39,0.39,200,2022-05-26 16:30:00,CLRB
0.39,0.39,0.39,0.39,600,2022-05-26 16:35:00,CLRB
0.39,0.39,0.39,0.39,2877,2022-05-26 16:40:00,CLRB
0.39,0.39,0.39,0.39,200,2022-05-26 16:45:00,CLRB
0.39,0.3901,0.39,0.3901,200,2022-05-26 16:50:00,CLRB
0.3901,0.3901,0.39,0.3901,1012,2022-05-26 16:55:00,CLRB
0.3901,0.3901,0.3901,0.3901,400,2022-05-26 17:00:00,CLRB
0.3901,0.3901,0.3901,0.3901,1000,2022-05-26 17:05:00,CLRB
0.3901,0.3901,0.39,0.39,900,2022-05-26 17:10:00,CLRB
0.3901,0.3901,0.39,0.39,4992,2022-05-26 17:15:00,CLRB
0.39,0.39,0.39,0.39,600,2022-05-26 17:20:00,CLRB
0.39,0.3901,0.39,0.39,3293,2022-05-26 17:25:00,CLRB
0.39,0.39,0.39,0.39,500,2022-05-26 17:30:00,CLRB
0.39,0.39,0.39,0.39,900,2022-05-26 17:35:00,CLRB
0.39,0.39,0.39,0.39,1064,2022-05-26 17:40:00,CLRB
0.39,0.39,0.39,0.39,600,2022-05-26 17:45:00,CLRB
0.39,0.39,0.39,0.39,300,2022-05-26 17:50:00,CLRB
0.39,0.390016,0.39,0.39,13900,2022-05-26 17:55:00,CLRB
0.39,0.39,0.39,0.39,1492,2022-05-26 18:00:00,CLRB
0.39,0.39,0.39,0.39,1400,2022-05-26 18:05:00,CLRB
0.39,0.39,0.39,0.39,500,2022-05-26 18:10:00,CLRB
0.39,0.39,0.39,0.39,200,2022-05-26 18:15:00,CLRB
0.3901,0.3901,0.3901,0.3901,308,2022-05-26 18:20:00,CLRB
0.3901,0.3901,0.3901,0.3901,700,2022-05-26 18:25:00,CLRB
0.39,0.39,0.39,0.39,1900,2022-05-26 18:30:00,CLRB
0.39,0.39,0.39,0.39,477,2022-05-26 18:35:00,CLRB
0.39,0.3901,0.39,0.3901,345,2022-05-26 18:40:00,CLRB
0.39,0.39,0.39,0.39,1400,2022-05-26 18:45:00,CLRB
0.39,0.3901,0.39,0.39,1076,2022-05-26 18:50:00,CLRB
0.39,0.39,0.39,0.39,500,2022-05-26 18:55:00,CLRB
0.39,0.39,0.39,0.39,800,2022-05-26 19:00:00,CLRB
0.3902,0.3951,0.3902,0.3951,1810,2022-05-26 19:05:00,CLRB
0.3902,0.3902,0.3902,0.3902,1800,2022-05-26 19:10:00,CLRB
0.3902,0.3902,0.3902,0.3902,400,2022-05-26 19:15:00,CLRB
0.3902,0.3902,0.3901,0.3901,700,2022-05-26 19:20:00,CLRB
0.3901,0.3901,0.3901,0.3901,700,2022-05-26 19:25:00,CLRB
0.3901,0.3901,0.3901,0.3901,500,2022-05-26 19:30:00,CLRB
0.3901,0.3901,0.3901,0.3901,600,2022-05-26 19:35:00,CLRB
0.3901,0.3951,0.3901,0.3901,2099,2022-05-26 19:40:00,CLRB
0.3901,0.3901,0.3901,0.3901,700,2022-05-26 19:45:00,CLRB
0.3901,0.4074,0.3901,0.4051,13945,2022-05-26 19:50:00,CLRB
0.4051,0.4051,0.4,0.4,10000,2022-05-26 19:55:00,CLRB
0.4,0.4,0.4,0.4,789,2022-05-26 20:00:00,CLRB
0.3801,0.3801,0.38,0.38,1750,2022-05-26 20:45:00,CLRB
0.38,0.38,0.38,0.38,100,2022-05-26 22:15:00,CLRB
0.4001,0.4001,0.4001,0.4001,700,2022-05-27 13:20:00,CLRB
0.4038,0.4038,0.4001,0.4001,1036,2022-05-27 13:30:00,CLRB
0.4422,0.4422,0.4422,0.4422,100,2022-05-27 13:35:00,CLRB
0.4,0.4,0.39,0.4,36375,2022-05-27 13:45:00,CLRB
0.3999,0.3999,0.3999,0.3999,1000,2022-05-27 14:00:00,CLRB
0.3998,0.3998,0.3997,0.3997,565,2022-05-27 14:25:00,CLRB
0.3999,0.3999,0.3999,0.3999,100,2022-05-27 14:35:00,CLRB
0.395001,0.395001,0.395001,0.395001,100,2022-05-27 14:50:00,CLRB
0.3973,0.3973,0.3973,0.3973,600,2022-05-27 15:05:00,CLRB
0.3973,0.4,0.3973,0.4,1820,2022-05-27 15:10:00,CLRB
0.4085,0.4085,0.4085,0.4085,1246,2022-05-27 15:20:00,CLRB
0.4095,0.4095,0.4095,0.4095,595,2022-05-27 15:55:00,CLRB
0.41,0.41,0.4099,0.41,3767,2022-05-27 16:10:00,CLRB
0.4067,0.4067,0.4067,0.4067,100,2022-05-27 17:10:00,CLRB
0.42,0.42,0.42,0.42,400,2022-05-27 17:25:00,CLRB
0.4199,0.4199,0.4199,0.4199,1400,2022-05-27 17:35:00,CLRB
0.42,0.42,0.42,0.42,350,2022-05-27 17:50:00,CLRB
0.42505,0.42505,0.42505,0.42505,430,2022-05-27 17:55:00,CLRB
0.44,0.44,0.433273,0.44,2400,2022-05-27 18:15:00,CLRB
0.44,0.454,0.44,0.454,9876,2022-05-27 18:25:00,CLRB
0.44505,0.476,0.445,0.4751,10104,2022-05-27 18:30:00,CLRB
0.45,0.45,0.45,0.45,5100,2022-05-27 18:35:00,CLRB
0.445,0.445,0.445,0.445,100,2022-05-27 18:40:00,CLRB
0.445,0.45,0.445,0.45,5000,2022-05-27 18:45:00,CLRB
0.4429,0.4429,0.4429,0.4429,100,2022-05-27 18:55:00,CLRB
0.4399,0.4399,0.4399,0.4399,544,2022-05-27 19:55:00,CLRB
