open,high,low,close,volume,datetime,symbol
76.17,76.49,76.0,76.0,13173,2021-07-06 13:30:00,DNLI
75.9842,76.27,75.68,76.24,1600,2021-07-06 13:35:00,DNLI
75.96,76.26,75.79,76.26,3072,2021-07-06 13:40:00,DNLI
76.02,76.5,76.02,76.5,5033,2021-07-06 13:45:00,DNLI
76.37,76.4,75.88,76.07,3434,2021-07-06 13:50:00,DNLI
76.005,76.07,75.94,76.05,2424,2021-07-06 13:55:00,DNLI
76.04,76.22,75.89,76.14,4664,2021-07-06 14:00:00,DNLI
75.9,76.3,75.9,76.11,8099,2021-07-06 14:05:00,DNLI
76.02,76.37,76.02,76.37,9111,2021-07-06 14:10:00,DNLI
76.415,76.88,76.41,76.62,6172,2021-07-06 14:15:00,DNLI
76.39,76.61,76.25,76.25,5328,2021-07-06 14:20:00,DNLI
76.37,76.52,76.23,76.23,2095,2021-07-06 14:25:00,DNLI
76.2,76.35,76.05,76.18,3040,2021-07-06 14:30:00,DNLI
76.39,76.5,76.36,76.44,4531,2021-07-06 14:35:00,DNLI
76.525,76.73,76.48,76.545,1945,2021-07-06 14:40:00,DNLI
76.615,76.615,76.4,76.4,2227,2021-07-06 14:45:00,DNLI
76.39,76.605,76.39,76.55,603,2021-07-06 14:50:00,DNLI
76.32,76.55,76.21,76.49,2100,2021-07-06 14:55:00,DNLI
76.44,76.56,76.43,76.53,1900,2021-07-06 15:00:00,DNLI
76.53,76.625,76.52,76.55,1000,2021-07-06 15:05:00,DNLI
76.555,76.56,76.38,76.495,1200,2021-07-06 15:10:00,DNLI
76.56,76.57,76.42,76.43,1398,2021-07-06 15:15:00,DNLI
76.49,76.58,76.22,76.26,4240,2021-07-06 15:20:00,DNLI
76.315,76.41,76.315,76.41,300,2021-07-06 15:25:00,DNLI
76.3,76.52,76.27,76.52,900,2021-07-06 15:30:00,DNLI
76.43,76.57,76.43,76.5,1356,2021-07-06 15:35:00,DNLI
76.5,76.715,76.5,76.555,1483,2021-07-06 15:40:00,DNLI
76.48,76.49,76.4,76.49,1800,2021-07-06 15:45:00,DNLI
76.54,76.55,76.51,76.52,927,2021-07-06 15:50:00,DNLI
76.5,76.965,76.5,76.965,27587,2021-07-06 15:55:00,DNLI
77.03,77.2497,76.996,76.996,2660,2021-07-06 16:00:00,DNLI
77.04,77.05,76.98,76.98,500,2021-07-06 16:05:00,DNLI
76.87,77.21,76.87,77.04,1137,2021-07-06 16:10:00,DNLI
77.12,77.12,77.03,77.06,505,2021-07-06 16:15:00,DNLI
76.88,77.0,76.8,77.0,1400,2021-07-06 16:20:00,DNLI
77.31,77.435,77.24,77.39,1700,2021-07-06 16:25:00,DNLI
77.36,77.42,77.25,77.42,1257,2021-07-06 16:30:00,DNLI
77.46,77.6,77.32,77.58,1908,2021-07-06 16:35:00,DNLI
77.635,77.8,77.62,77.66,5404,2021-07-06 16:40:00,DNLI
77.58,77.655,77.56,77.56,700,2021-07-06 16:45:00,DNLI
77.59,77.65,77.4,77.475,22663,2021-07-06 16:50:00,DNLI
77.55,77.67,77.43,77.62,3303,2021-07-06 16:55:00,DNLI
77.67,77.67,77.43,77.46,2338,2021-07-06 17:00:00,DNLI
77.52,77.52,77.43,77.4716,3719,2021-07-06 17:05:00,DNLI
77.52,77.65,77.42,77.64,3200,2021-07-06 17:10:00,DNLI
77.76,77.76,77.62,77.645,5609,2021-07-06 17:15:00,DNLI
77.66,77.66,77.57,77.57,1180,2021-07-06 17:20:00,DNLI
77.51,77.68,77.415,77.67,1941,2021-07-06 17:25:00,DNLI
77.66,77.66,77.56,77.56,2170,2021-07-06 17:30:00,DNLI
77.53,77.7158,77.42,77.55,12112,2021-07-06 17:35:00,DNLI
77.545,77.68,77.53,77.54,2825,2021-07-06 17:40:00,DNLI
77.55,77.55,77.445,77.445,805,2021-07-06 17:45:00,DNLI
77.46,77.5,77.4248,77.5,1011,2021-07-06 17:50:00,DNLI
77.56,77.62,77.53,77.59,1700,2021-07-06 17:55:00,DNLI
77.5,77.62,77.44,77.49,3500,2021-07-06 18:00:00,DNLI
77.54,77.7,77.54,77.665,1850,2021-07-06 18:05:00,DNLI
77.7,77.72,77.57,77.635,1100,2021-07-06 18:10:00,DNLI
77.6,77.76,77.57,77.695,1800,2021-07-06 18:15:00,DNLI
77.76,77.825,77.7,77.7,2700,2021-07-06 18:20:00,DNLI
77.62,77.68,77.47,77.64,3698,2021-07-06 18:25:00,DNLI
77.605,77.64,77.605,77.64,300,2021-07-06 18:30:00,DNLI
77.655,77.66,77.59,77.6,1402,2021-07-06 18:35:00,DNLI
77.6,77.71,77.59,77.69,800,2021-07-06 18:40:00,DNLI
77.67,77.71,77.605,77.69,1500,2021-07-06 18:45:00,DNLI
77.645,77.68,77.52,77.52,1100,2021-07-06 18:50:00,DNLI
77.62,77.64,77.54,77.54,512,2021-07-06 18:55:00,DNLI
77.62,77.86,77.61,77.77,4108,2021-07-06 19:00:00,DNLI
77.9,78.0,77.8547,77.965,1519,2021-07-06 19:05:00,DNLI
78.03,78.03,77.89,77.945,3495,2021-07-06 19:10:00,DNLI
77.92,78.01,77.92,78.01,500,2021-07-06 19:15:00,DNLI
77.995,78.02,77.8,77.885,3312,2021-07-06 19:20:00,DNLI
77.96,77.99,77.905,77.945,2708,2021-07-06 19:25:00,DNLI
77.93,77.93,77.78,77.8616,3401,2021-07-06 19:30:00,DNLI
77.895,78.045,77.89,78.045,2712,2021-07-06 19:35:00,DNLI
78.04,78.06,78.03,78.06,2216,2021-07-06 19:40:00,DNLI
78.06,78.075,77.97,77.98,5920,2021-07-06 19:45:00,DNLI
77.98,78.03,77.76,77.835,10747,2021-07-06 19:50:00,DNLI
77.78,77.89,77.72,77.74,16941,2021-07-06 19:55:00,DNLI
77.94,78.84,77.0,78.84,9818,2021-07-07 13:30:00,DNLI
78.4,78.89,77.77,77.93,4741,2021-07-07 13:35:00,DNLI
78.085,78.2125,78.005,78.195,2910,2021-07-07 13:40:00,DNLI
78.25,78.3,77.89,77.97,2505,2021-07-07 13:45:00,DNLI
77.765,78.08,77.65,78.08,1050,2021-07-07 13:50:00,DNLI
77.8022,77.9,77.8022,77.9,3095,2021-07-07 13:55:00,DNLI
77.8009,77.8009,77.3,77.3,2424,2021-07-07 14:00:00,DNLI
77.11,77.24,76.93,77.01,3692,2021-07-07 14:05:00,DNLI
77.45,77.66,77.345,77.66,1200,2021-07-07 14:15:00,DNLI
77.53,77.53,76.5,76.64,3037,2021-07-07 14:20:00,DNLI
76.625,76.625,76.23,76.23,1200,2021-07-07 14:25:00,DNLI
76.0809,76.4,75.98,76.145,4765,2021-07-07 14:30:00,DNLI
76.26,76.52,76.12,76.13,4873,2021-07-07 14:35:00,DNLI
76.19,76.19,75.82,75.82,1100,2021-07-07 14:40:00,DNLI
75.75,76.1,75.72,76.07,1771,2021-07-07 14:45:00,DNLI
76.04,76.21,76.01,76.21,1100,2021-07-07 14:50:00,DNLI
76.41,76.43,76.24,76.38,4634,2021-07-07 14:55:00,DNLI
76.3,76.4,76.15,76.4,1083,2021-07-07 15:00:00,DNLI
76.433,76.433,76.0,76.17,1500,2021-07-07 15:05:00,DNLI
76.07,76.41,75.94,76.41,1400,2021-07-07 15:10:00,DNLI
76.36,76.48,76.36,76.48,200,2021-07-07 15:15:00,DNLI
76.325,76.47,76.12,76.47,1918,2021-07-07 15:20:00,DNLI
76.48,76.4858,76.05,76.1,16035,2021-07-07 15:25:00,DNLI
76.12,76.2,75.9,76.025,5291,2021-07-07 15:30:00,DNLI
76.09,76.29,76.09,76.25,1500,2021-07-07 15:35:00,DNLI
76.25,76.68,76.25,76.68,1200,2021-07-07 15:40:00,DNLI
76.54,76.67,76.54,76.67,2008,2021-07-07 15:45:00,DNLI
76.71,76.73,76.53,76.6814,4607,2021-07-07 15:50:00,DNLI
76.7,76.7,76.56,76.7,1000,2021-07-07 15:55:00,DNLI
76.62,76.62,76.45,76.45,500,2021-07-07 16:00:00,DNLI
76.41,76.54,76.38,76.54,900,2021-07-07 16:05:00,DNLI
76.46,76.555,76.4,76.44,1815,2021-07-07 16:10:00,DNLI
76.4,76.44,76.33,76.33,1200,2021-07-07 16:15:00,DNLI
76.41,76.6,76.41,76.6,400,2021-07-07 16:20:00,DNLI
76.53,76.77,76.53,76.76,2540,2021-07-07 16:25:00,DNLI
76.755,76.8,76.755,76.8,300,2021-07-07 16:30:00,DNLI
76.8,77.125,76.8,76.925,1200,2021-07-07 16:35:00,DNLI
76.94,77.04,76.8163,76.98,2750,2021-07-07 16:40:00,DNLI
76.88,77.03,76.87,76.98,760,2021-07-07 16:45:00,DNLI
76.92,76.96,76.92,76.94,400,2021-07-07 16:50:00,DNLI
76.96,77.03,76.84,76.84,1000,2021-07-07 16:55:00,DNLI
76.76,76.78,76.715,76.78,1000,2021-07-07 17:00:00,DNLI
76.81,77.01,76.81,76.97,800,2021-07-07 17:05:00,DNLI
76.9,76.9,76.72,76.84,1000,2021-07-07 17:10:00,DNLI
76.91,77.09,76.91,77.09,407,2021-07-07 17:15:00,DNLI
77.03,77.12,76.9,77.03,881,2021-07-07 17:20:00,DNLI
77.06,77.06,76.84,76.9,1301,2021-07-07 17:25:00,DNLI
76.72,76.85,76.7025,76.85,538,2021-07-07 17:30:00,DNLI
76.84,76.84,76.66,76.66,400,2021-07-07 17:35:00,DNLI
76.64,76.74,76.6,76.72,800,2021-07-07 17:40:00,DNLI
76.72,76.75,76.54,76.72,1300,2021-07-07 17:45:00,DNLI
76.61,76.72,76.61,76.61,1100,2021-07-07 17:50:00,DNLI
76.62,76.82,76.62,76.82,200,2021-07-07 17:55:00,DNLI
76.74,77.09,76.74,77.07,1559,2021-07-07 18:00:00,DNLI
77.0,77.0,76.93,76.99,700,2021-07-07 18:05:00,DNLI
77.09,77.1,77.0,77.07,1411,2021-07-07 18:10:00,DNLI
76.98,77.05,76.84,77.05,1566,2021-07-07 18:15:00,DNLI
76.88,77.13,76.88,77.13,600,2021-07-07 18:20:00,DNLI
77.15,77.15,77.0,77.06,1200,2021-07-07 18:25:00,DNLI
77.0074,77.0074,76.6,76.72,1029,2021-07-07 18:30:00,DNLI
76.55,76.55,76.43,76.455,700,2021-07-07 18:35:00,DNLI
76.44,76.44,76.24,76.37,1100,2021-07-07 18:40:00,DNLI
76.21,76.46,76.21,76.46,300,2021-07-07 18:45:00,DNLI
76.47,76.47,76.39,76.39,800,2021-07-07 18:50:00,DNLI
76.55,76.58,76.55,76.58,200,2021-07-07 18:55:00,DNLI
76.47,76.535,76.42,76.46,1200,2021-07-07 19:00:00,DNLI
76.46,76.66,76.46,76.63,1400,2021-07-07 19:05:00,DNLI
76.675,76.675,76.675,76.675,100,2021-07-07 19:10:00,DNLI
76.62,76.67,76.52,76.52,1510,2021-07-07 19:15:00,DNLI
76.51,76.6,76.35,76.48,1500,2021-07-07 19:20:00,DNLI
76.579,76.67,76.57,76.67,1200,2021-07-07 19:25:00,DNLI
76.67,76.925,76.67,76.89,1700,2021-07-07 19:30:00,DNLI
76.84,76.84,76.57,76.57,1300,2021-07-07 19:35:00,DNLI
76.61,76.61,76.44,76.54,2100,2021-07-07 19:40:00,DNLI
76.56,76.74,76.56,76.62,5805,2021-07-07 19:45:00,DNLI
76.57,76.62,76.43,76.58,4779,2021-07-07 19:50:00,DNLI
76.58,76.62,76.11,76.2,32340,2021-07-07 19:55:00,DNLI
74.15,74.54,73.43,74.37,6527,2021-07-08 13:30:00,DNLI
74.585,74.735,74.4777,74.735,530,2021-07-08 13:35:00,DNLI
74.815,74.825,74.15,74.15,3715,2021-07-08 13:45:00,DNLI
74.22,74.8,74.0,74.55,1600,2021-07-08 13:50:00,DNLI
74.8,74.97,74.47,74.625,4446,2021-07-08 13:55:00,DNLI
74.86,74.9,74.515,74.65,1500,2021-07-08 14:00:00,DNLI
74.875,75.5,74.875,75.235,1746,2021-07-08 14:05:00,DNLI
75.22,75.43,75.135,75.135,3005,2021-07-08 14:10:00,DNLI
75.31,75.31,74.35,74.35,6768,2021-07-08 14:15:00,DNLI
74.28,74.28,73.66,73.85,2758,2021-07-08 14:20:00,DNLI
73.99,74.555,73.99,74.555,2890,2021-07-08 14:25:00,DNLI
74.46,74.53,74.38,74.53,600,2021-07-08 14:30:00,DNLI
74.31,74.51,74.095,74.41,4140,2021-07-08 14:35:00,DNLI
74.3301,74.76,74.1,74.76,3400,2021-07-08 14:40:00,DNLI
74.64,74.64,74.16,74.16,1900,2021-07-08 14:45:00,DNLI
74.3,74.415,74.21,74.345,2300,2021-07-08 14:50:00,DNLI
74.32,74.33,74.09,74.18,2253,2021-07-08 14:55:00,DNLI
74.175,74.18,73.74,74.13,3600,2021-07-08 15:00:00,DNLI
74.1,74.52,74.1,74.435,1303,2021-07-08 15:05:00,DNLI
74.44,74.565,74.38,74.44,1319,2021-07-08 15:10:00,DNLI
74.37,74.52,74.24,74.335,2410,2021-07-08 15:15:00,DNLI
74.26,74.41,74.26,74.39,1000,2021-07-08 15:20:00,DNLI
74.42,74.65,74.42,74.48,2423,2021-07-08 15:25:00,DNLI
74.555,74.75,74.525,74.725,2004,2021-07-08 15:30:00,DNLI
74.725,75.08,74.725,74.97,2000,2021-07-08 15:35:00,DNLI
75.06,75.12,74.945,75.01,2786,2021-07-08 15:40:00,DNLI
74.955,75.0,74.74,74.99,4807,2021-07-08 15:45:00,DNLI
75.0,75.03,74.4999,74.83,26587,2021-07-08 15:50:00,DNLI
75.145,75.29,74.96,74.97,3591,2021-07-08 15:55:00,DNLI
75.13,75.33,74.98,75.21,4140,2021-07-08 16:00:00,DNLI
75.315,75.4,75.14,75.305,7572,2021-07-08 16:05:00,DNLI
75.23,75.28,74.76,74.77,5555,2021-07-08 16:10:00,DNLI
74.74,74.87,74.66,74.76,2700,2021-07-08 16:15:00,DNLI
74.78,75.07,74.72,75.045,1731,2021-07-08 16:20:00,DNLI
75.1,75.16,74.94,75.01,4463,2021-07-08 16:25:00,DNLI
75.015,75.1,74.8,74.87,9937,2021-07-08 16:30:00,DNLI
74.845,74.97,74.76,74.85,4308,2021-07-08 16:35:00,DNLI
74.875,75.05,74.83,75.0,5244,2021-07-08 16:40:00,DNLI
74.92,74.965,74.65,74.66,17581,2021-07-08 16:45:00,DNLI
74.63,74.63,74.33,74.33,12341,2021-07-08 16:50:00,DNLI
74.23,74.38,74.22,74.34,2700,2021-07-08 16:55:00,DNLI
74.34,74.5,74.34,74.435,4026,2021-07-08 17:00:00,DNLI
74.46,74.54,74.42,74.54,1136,2021-07-08 17:05:00,DNLI
74.475,74.475,74.13,74.39,12741,2021-07-08 17:10:00,DNLI
74.365,74.4,74.26,74.4,700,2021-07-08 17:15:00,DNLI
74.385,74.45,74.2,74.23,3208,2021-07-08 17:20:00,DNLI
74.17,74.2,74.0,74.185,2239,2021-07-08 17:25:00,DNLI
74.17,74.28,74.17,74.225,3300,2021-07-08 17:30:00,DNLI
74.225,74.41,74.225,74.41,900,2021-07-08 17:35:00,DNLI
74.46,74.46,74.28,74.385,1500,2021-07-08 17:40:00,DNLI
74.38,74.57,74.38,74.57,2400,2021-07-08 17:45:00,DNLI
74.54,74.54,74.44,74.44,900,2021-07-08 17:50:00,DNLI
74.5,74.555,74.47,74.555,2300,2021-07-08 17:55:00,DNLI
74.59,74.62,74.43,74.43,3995,2021-07-08 18:00:00,DNLI
74.43,74.43,74.19,74.19,1916,2021-07-08 18:05:00,DNLI
74.25,74.25,74.13,74.175,2231,2021-07-08 18:10:00,DNLI
74.25,74.26,73.935,73.935,1610,2021-07-08 18:15:00,DNLI
73.925,74.02,73.85,73.885,1432,2021-07-08 18:20:00,DNLI
73.9,74.01,73.75,73.75,2530,2021-07-08 18:25:00,DNLI
73.73,73.82,73.66,73.715,1635,2021-07-08 18:30:00,DNLI
73.68,73.73,73.6,73.66,1618,2021-07-08 18:35:00,DNLI
73.65,73.72,73.49,73.695,2300,2021-07-08 18:40:00,DNLI
73.64,73.72,73.61,73.72,1400,2021-07-08 18:45:00,DNLI
73.66,73.8,73.62,73.69,2100,2021-07-08 18:50:00,DNLI
73.72,73.92,73.72,73.92,900,2021-07-08 18:55:00,DNLI
73.94,74.01,73.9,73.96,1700,2021-07-08 19:00:00,DNLI
73.96,74.09,73.88,73.965,2821,2021-07-08 19:05:00,DNLI
74.01,74.14,73.96,73.979,805,2021-07-08 19:10:00,DNLI
73.96,73.98,73.83,73.83,2100,2021-07-08 19:15:00,DNLI
73.89,73.98,73.83,73.98,1402,2021-07-08 19:20:00,DNLI
73.93,74.08,73.8501,74.08,3669,2021-07-08 19:25:00,DNLI
74.04,74.25,74.01,74.25,4700,2021-07-08 19:30:00,DNLI
74.21,74.48,74.21,74.48,1600,2021-07-08 19:35:00,DNLI
74.48,74.54,74.4,74.52,4000,2021-07-08 19:40:00,DNLI
74.52,74.52,74.38,74.43,5646,2021-07-08 19:45:00,DNLI
74.3,74.64,74.04,74.635,6147,2021-07-08 19:50:00,DNLI
74.53,74.53,74.03,74.1,42286,2021-07-08 19:55:00,DNLI
74.19,75.26,74.0,74.94,6402,2021-07-09 13:30:00,DNLI
74.61,74.61,73.8,73.95,856,2021-07-09 13:35:00,DNLI
74.1,74.37,73.79,73.79,800,2021-07-09 13:40:00,DNLI
74.12,74.12,74.12,74.12,100,2021-07-09 13:45:00,DNLI
74.12,74.195,73.905,74.195,2100,2021-07-09 13:50:00,DNLI
74.0525,74.5,73.97,73.98,6767,2021-07-09 13:55:00,DNLI
74.04,74.3,73.72,73.94,8439,2021-07-09 14:00:00,DNLI
73.96,73.96,73.73,73.73,360,2021-07-09 14:05:00,DNLI
73.8825,73.8825,73.54,73.585,905,2021-07-09 14:10:00,DNLI
73.39,73.5,73.17,73.38,5247,2021-07-09 14:15:00,DNLI
73.57,73.88,73.57,73.7,10185,2021-07-09 14:20:00,DNLI
73.64,73.7,73.61,73.61,500,2021-07-09 14:25:00,DNLI
73.59,73.59,73.45,73.45,740,2021-07-09 14:30:00,DNLI
73.485,73.69,73.47,73.625,1400,2021-07-09 14:35:00,DNLI
73.59,73.72,73.53,73.53,1100,2021-07-09 14:40:00,DNLI
73.45,73.57,73.33,73.36,1612,2021-07-09 14:45:00,DNLI
73.32,73.45,73.32,73.42,400,2021-07-09 14:50:00,DNLI
73.395,73.42,73.395,73.42,200,2021-07-09 14:55:00,DNLI
73.48,73.54,73.4,73.5,806,2021-07-09 15:00:00,DNLI
73.51,73.68,73.51,73.58,2547,2021-07-09 15:05:00,DNLI
73.68,73.93,73.68,73.92,4203,2021-07-09 15:10:00,DNLI
73.93,74.0,73.86,73.94,7041,2021-07-09 15:15:00,DNLI
73.9,73.95,73.85,73.95,4641,2021-07-09 15:20:00,DNLI
73.94,73.945,73.87,73.88,1200,2021-07-09 15:25:00,DNLI
73.915,73.93,73.83,73.84,2700,2021-07-09 15:30:00,DNLI
73.9,73.91,73.835,73.88,1100,2021-07-09 15:35:00,DNLI
73.9,74.0,73.85,73.85,5134,2021-07-09 15:40:00,DNLI
73.92,73.92,73.795,73.83,4325,2021-07-09 15:45:00,DNLI
73.88,73.975,73.82,73.88,3256,2021-07-09 15:50:00,DNLI
73.905,73.905,73.83,73.83,800,2021-07-09 15:55:00,DNLI
73.86,73.9,73.86,73.86,800,2021-07-09 16:00:00,DNLI
73.85,73.89,73.81,73.82,6600,2021-07-09 16:05:00,DNLI
73.845,73.87,73.845,73.85,601,2021-07-09 16:10:00,DNLI
73.85,73.88,73.8,73.85,7421,2021-07-09 16:15:00,DNLI
73.86,74.11,73.86,74.09,2300,2021-07-09 16:20:00,DNLI
74.105,74.31,74.105,74.25,3100,2021-07-09 16:25:00,DNLI
74.29,74.34,74.285,74.34,1306,2021-07-09 16:30:00,DNLI
74.339,74.34,74.15,74.16,3574,2021-07-09 16:35:00,DNLI
74.28,74.28,74.17,74.24,2025,2021-07-09 16:40:00,DNLI
74.3075,74.34,74.21,74.21,1000,2021-07-09 16:45:00,DNLI
74.195,74.24,73.81,73.915,2700,2021-07-09 16:50:00,DNLI
73.91,74.09,73.91,74.07,1740,2021-07-09 16:55:00,DNLI
74.09,74.1,74.04,74.05,1000,2021-07-09 17:00:00,DNLI
74.01,74.01,73.88,73.935,1100,2021-07-09 17:05:00,DNLI
73.93,74.02,73.91,73.91,1401,2021-07-09 17:10:00,DNLI
73.8734,73.92,73.69,73.92,30999,2021-07-09 17:15:00,DNLI
73.88,73.88,73.66,73.66,700,2021-07-09 17:20:00,DNLI
73.73,73.73,73.63,73.68,926,2021-07-09 17:25:00,DNLI
73.69,73.715,73.57,73.64,1400,2021-07-09 17:30:00,DNLI
73.6942,73.6942,73.53,73.615,7400,2021-07-09 17:35:00,DNLI
73.595,73.635,73.595,73.635,400,2021-07-09 17:40:00,DNLI
73.62,73.62,73.59,73.5964,700,2021-07-09 17:45:00,DNLI
73.63,73.63,73.57,73.57,600,2021-07-09 17:50:00,DNLI
73.61,73.61,73.41,73.48,2400,2021-07-09 17:55:00,DNLI
73.525,73.525,73.525,73.525,300,2021-07-09 18:00:00,DNLI
73.5,73.5,73.21,73.215,1600,2021-07-09 18:05:00,DNLI
73.24,73.26,73.13,73.19,913,2021-07-09 18:10:00,DNLI
73.215,73.215,72.93,73.09,2143,2021-07-09 18:15:00,DNLI
73.08,73.08,73.0,73.0,377,2021-07-09 18:20:00,DNLI
73.05,73.05,72.71,72.71,4200,2021-07-09 18:25:00,DNLI
72.86,72.86,72.63,72.69,1300,2021-07-09 18:30:00,DNLI
72.7,72.87,72.7,72.75,1600,2021-07-09 18:35:00,DNLI
72.85,72.86,72.71,72.77,1600,2021-07-09 18:40:00,DNLI
72.77,72.77,72.63,72.7,2197,2021-07-09 18:45:00,DNLI
72.68,72.79,72.62,72.73,1100,2021-07-09 18:50:00,DNLI
72.705,72.8,72.7,72.77,1350,2021-07-09 18:55:00,DNLI
72.735,73.0539,72.47,72.47,22258,2021-07-09 19:00:00,DNLI
72.54,72.585,72.33,72.365,6900,2021-07-09 19:05:00,DNLI
72.4,72.545,72.32,72.545,5594,2021-07-09 19:10:00,DNLI
72.5,72.52,72.46,72.49,2426,2021-07-09 19:15:00,DNLI
72.49,72.52,72.455,72.49,3656,2021-07-09 19:20:00,DNLI
72.5,72.5,71.96,72.05,15052,2021-07-09 19:25:00,DNLI
72.05,72.28,72.05,72.28,6480,2021-07-09 19:30:00,DNLI
72.31,72.31,72.17,72.26,5500,2021-07-09 19:35:00,DNLI
72.18,72.18,71.89,71.94,8243,2021-07-09 19:40:00,DNLI
71.955,72.16,71.93,71.94,24966,2021-07-09 19:45:00,DNLI
72.01,72.27,71.98,72.23,17499,2021-07-09 19:50:00,DNLI
72.25,72.32,72.08,72.12,40432,2021-07-09 19:55:00,DNLI
72.23,73.42,72.02,72.06,5532,2021-07-12 13:30:00,DNLI
71.94,72.01,71.94,72.01,200,2021-07-12 13:35:00,DNLI
71.92,71.92,71.14,71.91,4668,2021-07-12 13:40:00,DNLI
72.11,72.11,71.45,71.45,1700,2021-07-12 13:45:00,DNLI
71.38,71.69,71.16,71.69,2876,2021-07-12 13:50:00,DNLI
71.9,72.28,71.81,71.95,2555,2021-07-12 13:55:00,DNLI
71.95,71.95,71.63,71.63,1998,2021-07-12 14:00:00,DNLI
71.56,71.74,71.08,71.74,2734,2021-07-12 14:05:00,DNLI
71.52,71.6,71.405,71.6,900,2021-07-12 14:10:00,DNLI
71.73,71.73,71.6,71.64,500,2021-07-12 14:15:00,DNLI
71.5,71.5,71.32,71.325,800,2021-07-12 14:20:00,DNLI
71.325,71.38,71.05,71.31,6450,2021-07-12 14:25:00,DNLI
71.22,71.26,71.2,71.21,900,2021-07-12 14:30:00,DNLI
71.195,71.31,70.8,70.9,2277,2021-07-12 14:35:00,DNLI
70.8751,71.06,70.87,70.98,2918,2021-07-12 14:40:00,DNLI
71.035,71.035,70.85,70.85,400,2021-07-12 14:45:00,DNLI
70.88,71.15,70.88,70.97,2000,2021-07-12 14:50:00,DNLI
70.91,71.01,70.905,70.915,1000,2021-07-12 14:55:00,DNLI
71.1,71.27,71.04,71.05,3313,2021-07-12 15:00:00,DNLI
71.0101,71.0101,71.0101,71.0101,100,2021-07-12 15:05:00,DNLI
71.095,71.42,71.095,71.355,1739,2021-07-12 15:10:00,DNLI
71.29,71.34,71.24,71.33,900,2021-07-12 15:15:00,DNLI
71.285,71.405,71.285,71.4,1200,2021-07-12 15:20:00,DNLI
71.43,71.84,71.41,71.75,2325,2021-07-12 15:25:00,DNLI
71.77,71.93,71.715,71.88,1590,2021-07-12 15:30:00,DNLI
71.88,71.95,71.8,71.95,2029,2021-07-12 15:35:00,DNLI
71.98,72.22,71.98,72.08,1725,2021-07-12 15:40:00,DNLI
72.14,72.41,72.14,72.31,1500,2021-07-12 15:45:00,DNLI
72.3,72.3,72.18,72.185,1300,2021-07-12 15:50:00,DNLI
72.126,72.185,72.01,72.01,1300,2021-07-12 15:55:00,DNLI
71.98,71.99,71.7,71.7,7871,2021-07-12 16:00:00,DNLI
71.74,71.74,71.565,71.565,1619,2021-07-12 16:05:00,DNLI
71.6,71.65,71.55,71.55,5021,2021-07-12 16:10:00,DNLI
71.6,71.7,71.53,71.53,2599,2021-07-12 16:15:00,DNLI
71.53,71.53,71.41,71.41,600,2021-07-12 16:20:00,DNLI
71.445,71.51,71.29,71.5,5541,2021-07-12 16:25:00,DNLI
71.5,71.52,71.25,71.325,4001,2021-07-12 16:30:00,DNLI
71.365,71.41,71.13,71.13,1800,2021-07-12 16:35:00,DNLI
71.19,71.19,71.06,71.06,4043,2021-07-12 16:40:00,DNLI
71.02,71.18,71.02,71.14,2644,2021-07-12 16:45:00,DNLI
71.11,71.16,71.03,71.1338,1440,2021-07-12 16:50:00,DNLI
71.03,71.03,70.87,70.87,1900,2021-07-12 16:55:00,DNLI
70.85,70.91,70.6764,70.68,3419,2021-07-12 17:00:00,DNLI
70.72,70.72,70.54,70.64,4780,2021-07-12 17:05:00,DNLI
70.63,70.67,70.57,70.57,1626,2021-07-12 17:10:00,DNLI
70.45,70.45,70.35,70.395,1900,2021-07-12 17:15:00,DNLI
70.4,70.45,70.32,70.45,8229,2021-07-12 17:20:00,DNLI
70.45,70.45,70.4,70.4,1261,2021-07-12 17:25:00,DNLI
70.37,70.41,70.33,70.33,2000,2021-07-12 17:30:00,DNLI
70.31,70.36,70.3,70.3,1400,2021-07-12 17:35:00,DNLI
70.32,70.395,70.32,70.36,2380,2021-07-12 17:40:00,DNLI
70.39,70.405,70.36,70.36,1039,2021-07-12 17:45:00,DNLI
70.38,70.39,70.195,70.195,6920,2021-07-12 17:50:00,DNLI
70.22,70.23,70.18,70.185,4106,2021-07-12 17:55:00,DNLI
70.19,70.195,70.17,70.19,872,2021-07-12 18:00:00,DNLI
70.21,70.23,70.09,70.14,2282,2021-07-12 18:05:00,DNLI
70.15,70.15,69.85,69.85,5338,2021-07-12 18:10:00,DNLI
69.96,69.96,69.83,69.87,1526,2021-07-12 18:15:00,DNLI
69.95,70.03,69.95,70.0,4415,2021-07-12 18:20:00,DNLI
70.01,70.07,69.91,70.045,5251,2021-07-12 18:25:00,DNLI
70.02,70.19,70.0,70.18,11037,2021-07-12 18:30:00,DNLI
70.175,70.23,70.16,70.215,8871,2021-07-12 18:35:00,DNLI
70.22,70.245,70.11,70.14,8118,2021-07-12 18:40:00,DNLI
70.14,70.14,70.0,70.01,2722,2021-07-12 18:45:00,DNLI
69.99,70.005,69.99,70.0,800,2021-07-12 18:50:00,DNLI
69.94,69.95,69.88,69.915,1842,2021-07-12 18:55:00,DNLI
69.92,70.0,69.89,69.975,3362,2021-07-12 19:00:00,DNLI
69.985,70.02,69.91,69.965,1800,2021-07-12 19:05:00,DNLI
69.965,70.0,69.865,69.88,4442,2021-07-12 19:10:00,DNLI
69.89,69.9499,69.84,69.895,1300,2021-07-12 19:15:00,DNLI
69.89,69.96,69.66,69.71,6128,2021-07-12 19:20:00,DNLI
69.79,69.83,69.72,69.74,4996,2021-07-12 19:25:00,DNLI
69.74,69.74,69.6,69.6,7967,2021-07-12 19:30:00,DNLI
69.63,69.65,69.59,69.59,3624,2021-07-12 19:35:00,DNLI
69.55,69.58,69.53,69.57,2400,2021-07-12 19:40:00,DNLI
69.595,69.62,69.51,69.56,4820,2021-07-12 19:45:00,DNLI
69.63,69.66,69.46,69.55,7672,2021-07-12 19:50:00,DNLI
69.53,69.64,69.36,69.48,32084,2021-07-12 19:55:00,DNLI
68.83,69.5,68.19,69.01,8664,2021-07-13 13:30:00,DNLI
68.99,69.16,68.73,69.16,2335,2021-07-13 13:35:00,DNLI
69.185,69.265,68.9001,68.9001,1300,2021-07-13 13:40:00,DNLI
69.24,69.24,68.73,68.85,11294,2021-07-13 13:45:00,DNLI
68.79,68.9,68.54,68.65,909,2021-07-13 13:50:00,DNLI
69.05,69.05,68.2,68.2,4645,2021-07-13 13:55:00,DNLI
68.24,68.43,67.87,67.9,3634,2021-07-13 14:00:00,DNLI
67.9356,68.02,67.91,67.92,1397,2021-07-13 14:05:00,DNLI
68.085,68.085,67.81,67.86,2700,2021-07-13 14:10:00,DNLI
67.97,68.14,67.72,67.98,10558,2021-07-13 14:15:00,DNLI
67.97,68.13,67.8,68.1,3630,2021-07-13 14:20:00,DNLI
68.16,68.24,67.99,68.06,2404,2021-07-13 14:25:00,DNLI
68.145,68.145,67.92,67.92,800,2021-07-13 14:30:00,DNLI
68.01,68.12,67.95,67.99,1900,2021-07-13 14:35:00,DNLI
67.96,67.96,67.66,67.8,7650,2021-07-13 14:40:00,DNLI
67.815,67.98,67.67,67.9,4481,2021-07-13 14:45:00,DNLI
67.87,67.885,67.81,67.84,1800,2021-07-13 14:50:00,DNLI
67.74,67.825,67.43,67.5,11032,2021-07-13 14:55:00,DNLI
67.48,67.48,67.32,67.37,7299,2021-07-13 15:00:00,DNLI
67.425,67.55,67.35,67.475,5667,2021-07-13 15:05:00,DNLI
67.48,67.49,67.33,67.41,8592,2021-07-13 15:10:00,DNLI
67.455,67.73,67.32,67.57,12617,2021-07-13 15:15:00,DNLI
67.605,68.53,67.55,68.53,15523,2021-07-13 15:20:00,DNLI
68.56,68.92,68.56,68.92,5145,2021-07-13 15:25:00,DNLI
68.9,69.05,68.88,69.01,7605,2021-07-13 15:30:00,DNLI
69.0,69.205,68.99,69.145,4400,2021-07-13 15:35:00,DNLI
69.075,69.075,68.75,68.785,6337,2021-07-13 15:40:00,DNLI
68.73,68.845,68.56,68.61,8226,2021-07-13 15:45:00,DNLI
68.58,68.83,68.56,68.83,2560,2021-07-13 15:50:00,DNLI
68.8,68.8494,68.69,68.785,2590,2021-07-13 15:55:00,DNLI
68.775,68.775,68.7,68.7,800,2021-07-13 16:00:00,DNLI
68.79,68.9,68.73,68.81,1700,2021-07-13 16:05:00,DNLI
68.83,68.99,68.82,68.99,1665,2021-07-13 16:10:00,DNLI
68.94,68.94,68.86,68.88,1200,2021-07-13 16:15:00,DNLI
68.82,68.82,68.68,68.73,1300,2021-07-13 16:20:00,DNLI
68.75,68.975,68.75,68.95,2000,2021-07-13 16:25:00,DNLI
68.82,68.93,68.82,68.865,6800,2021-07-13 16:30:00,DNLI
68.895,68.935,68.86,68.935,2700,2021-07-13 16:35:00,DNLI
68.91,69.15,68.91,69.01,5126,2021-07-13 16:40:00,DNLI
69.01,69.01,68.97,68.97,900,2021-07-13 16:45:00,DNLI
68.94,69.02,68.94,69.01,1518,2021-07-13 16:50:00,DNLI
68.93,68.93,68.68,68.69,7000,2021-07-13 16:55:00,DNLI
68.625,68.66,68.55,68.58,1104,2021-07-13 17:00:00,DNLI
68.5,68.78,68.45,68.73,3184,2021-07-13 17:05:00,DNLI
68.68,68.68,68.51,68.51,1861,2021-07-13 17:10:00,DNLI
68.56,68.56,68.15,68.15,1620,2021-07-13 17:15:00,DNLI
68.25,68.54,68.235,68.52,1900,2021-07-13 17:20:00,DNLI
68.52,68.565,68.39,68.39,2400,2021-07-13 17:25:00,DNLI
68.36,68.36,68.25,68.265,2195,2021-07-13 17:30:00,DNLI
68.265,68.265,68.12,68.23,4005,2021-07-13 17:35:00,DNLI
68.23,68.29,68.0,68.125,4901,2021-07-13 17:40:00,DNLI
68.2,68.2,67.93,67.96,4514,2021-07-13 17:45:00,DNLI
67.97,68.02,67.86,68.0,5990,2021-07-13 17:50:00,DNLI
67.97,68.01,67.82,67.88,9251,2021-07-13 17:55:00,DNLI
67.88,67.9,67.63,67.68,2600,2021-07-13 18:00:00,DNLI
67.675,67.83,67.6,67.77,13540,2021-07-13 18:05:00,DNLI
67.82,67.92,67.79,67.795,4600,2021-07-13 18:10:00,DNLI
67.87,67.87,67.75,67.865,1500,2021-07-13 18:15:00,DNLI
67.91,68.02,67.85,67.96,114568,2021-07-13 18:20:00,DNLI
67.98,68.18,67.94,68.06,18103,2021-07-13 18:25:00,DNLI
68.04,68.06,67.98,67.99,9671,2021-07-13 18:30:00,DNLI
67.98,67.98,67.75,67.75,2420,2021-07-13 18:35:00,DNLI
67.75,67.75,67.55,67.55,7300,2021-07-13 18:40:00,DNLI
67.575,67.58,67.34,67.55,12521,2021-07-13 18:45:00,DNLI
67.55,67.55,67.445,67.47,8520,2021-07-13 18:50:00,DNLI
67.49,67.56,67.41,67.485,14004,2021-07-13 18:55:00,DNLI
67.51,67.625,67.44,67.55,8937,2021-07-13 19:00:00,DNLI
67.55,67.61,67.44,67.51,9186,2021-07-13 19:05:00,DNLI
67.525,67.54,67.285,67.5,14169,2021-07-13 19:10:00,DNLI
67.515,67.6,67.5,67.575,3066,2021-07-13 19:15:00,DNLI
67.61,67.61,67.42,67.49,2554,2021-07-13 19:20:00,DNLI
67.46,67.52,67.34,67.34,6312,2021-07-13 19:25:00,DNLI
67.38,67.42,67.15,67.25,13922,2021-07-13 19:30:00,DNLI
67.3,67.315,67.17,67.26,14101,2021-07-13 19:35:00,DNLI
67.26,67.305,67.17,67.2197,7190,2021-07-13 19:40:00,DNLI
67.18,67.26,67.14,67.245,9307,2021-07-13 19:45:00,DNLI
67.255,67.265,67.14,67.225,15535,2021-07-13 19:50:00,DNLI
67.24,67.28,66.94,67.15,60545,2021-07-13 19:55:00,DNLI
67.38,67.54,66.5901,66.71,11134,2021-07-14 13:30:00,DNLI
66.67,66.885,66.59,66.74,800,2021-07-14 13:35:00,DNLI
66.99,67.095,66.84,67.095,1317,2021-07-14 13:40:00,DNLI
66.755,66.82,66.59,66.82,2800,2021-07-14 13:45:00,DNLI
66.695,66.695,66.3,66.6,2692,2021-07-14 13:50:00,DNLI
66.72,66.725,66.12,66.32,10282,2021-07-14 14:00:00,DNLI
66.43,66.78,66.43,66.71,2009,2021-07-14 14:05:00,DNLI
66.79,66.79,66.37,66.41,1075,2021-07-14 14:10:00,DNLI
66.46,66.54,66.335,66.335,800,2021-07-14 14:15:00,DNLI
66.43,66.67,66.265,66.67,4201,2021-07-14 14:20:00,DNLI
66.63,66.63,66.31,66.31,1000,2021-07-14 14:25:00,DNLI
66.21,66.31,66.1201,66.1201,1885,2021-07-14 14:30:00,DNLI
66.27,66.285,66.12,66.12,2800,2021-07-14 14:35:00,DNLI
66.1,66.29,66.1,66.195,2900,2021-07-14 14:40:00,DNLI
66.3,66.58,66.265,66.57,2400,2021-07-14 14:45:00,DNLI
66.6,66.695,66.52,66.61,1910,2021-07-14 14:50:00,DNLI
66.38,66.59,66.38,66.59,200,2021-07-14 14:55:00,DNLI
66.48,66.54,66.18,66.26,5239,2021-07-14 15:00:00,DNLI
66.215,66.24,66.1,66.12,9566,2021-07-14 15:05:00,DNLI
66.155,66.2,65.7,65.715,6024,2021-07-14 15:10:00,DNLI
65.7,65.7,65.41,65.55,1832,2021-07-14 15:15:00,DNLI
65.4665,65.61,65.42,65.545,4700,2021-07-14 15:20:00,DNLI
65.49,65.495,65.28,65.28,2100,2021-07-14 15:25:00,DNLI
65.275,65.42,65.22,65.42,1600,2021-07-14 15:30:00,DNLI
65.425,65.49,65.345,65.42,500,2021-07-14 15:35:00,DNLI
65.34,65.34,65.09,65.14,4837,2021-07-14 15:40:00,DNLI
65.09,65.12,64.945,65.07,6828,2021-07-14 15:45:00,DNLI
64.99,65.015,64.87,64.9,2589,2021-07-14 15:50:00,DNLI
64.86,64.92,64.81,64.865,1700,2021-07-14 15:55:00,DNLI
64.93,65.115,64.91,65.03,2700,2021-07-14 16:00:00,DNLI
65.04,65.08,64.97,64.97,9427,2021-07-14 16:05:00,DNLI
65.035,65.23,64.99,65.23,7695,2021-07-14 16:10:00,DNLI
65.1,65.1899,65.09,65.1,5690,2021-07-14 16:15:00,DNLI
65.12,65.21,65.09,65.09,4154,2021-07-14 16:20:00,DNLI
65.155,65.155,65.15,65.15,600,2021-07-14 16:25:00,DNLI
65.185,65.37,65.18,65.345,1388,2021-07-14 16:30:00,DNLI
65.32,65.35,65.195,65.33,2055,2021-07-14 16:35:00,DNLI
65.29,65.33,65.29,65.33,750,2021-07-14 16:40:00,DNLI
65.33,65.38,65.31,65.315,700,2021-07-14 16:45:00,DNLI
65.31,65.43,65.31,65.43,1300,2021-07-14 16:50:00,DNLI
65.5,65.69,65.47,65.69,500,2021-07-14 16:55:00,DNLI
65.68,65.68,65.6,65.6,200,2021-07-14 17:00:00,DNLI
65.61,65.61,65.58,65.58,200,2021-07-14 17:05:00,DNLI
65.53,65.545,65.44,65.5,1615,2021-07-14 17:10:00,DNLI
65.42,65.42,65.26,65.275,2097,2021-07-14 17:15:00,DNLI
65.26,65.265,65.155,65.155,700,2021-07-14 17:20:00,DNLI
65.115,65.2,65.055,65.2,1200,2021-07-14 17:25:00,DNLI
65.21,65.23,64.83,64.87,7259,2021-07-14 17:30:00,DNLI
64.83,64.84,64.75,64.77,1200,2021-07-14 17:35:00,DNLI
64.75,64.75,64.505,64.505,8192,2021-07-14 17:40:00,DNLI
64.55,64.635,64.52,64.53,5223,2021-07-14 17:45:00,DNLI
64.5,64.5,64.3,64.425,2984,2021-07-14 17:50:00,DNLI
64.4,64.4,64.305,64.36,1120,2021-07-14 17:55:00,DNLI
64.295,64.4,64.295,64.32,2542,2021-07-14 18:00:00,DNLI
64.275,64.275,64.275,64.275,200,2021-07-14 18:05:00,DNLI
64.22,64.44,64.19,64.29,4300,2021-07-14 18:10:00,DNLI
64.24,64.35,64.225,64.25,2800,2021-07-14 18:15:00,DNLI
64.345,64.345,64.02,64.08,950,2021-07-14 18:20:00,DNLI
64.085,64.1,63.72,63.79,12750,2021-07-14 18:25:00,DNLI
63.82,64.0,63.79,63.94,4237,2021-07-14 18:30:00,DNLI
63.985,63.985,63.79,63.79,1592,2021-07-14 18:35:00,DNLI
63.77,64.1199,63.74,64.1199,47187,2021-07-14 18:40:00,DNLI
64.04,64.535,64.04,64.535,5602,2021-07-14 18:45:00,DNLI
64.525,64.77,64.48,64.77,2110,2021-07-14 18:50:00,DNLI
64.88,65.3073,64.49,64.75,50806,2021-07-14 18:55:00,DNLI
64.67,65.03,64.67,65.03,2746,2021-07-14 19:00:00,DNLI
65.02,65.17,65.02,65.1,1419,2021-07-14 19:05:00,DNLI
65.1,65.1,64.9,64.9,1478,2021-07-14 19:10:00,DNLI
64.62,64.64,64.35,64.35,1514,2021-07-14 19:15:00,DNLI
64.305,64.34,64.17,64.17,2170,2021-07-14 19:20:00,DNLI
64.18,64.21,63.94,63.94,2474,2021-07-14 19:25:00,DNLI
64.0,64.0,63.82,63.835,2410,2021-07-14 19:30:00,DNLI
63.8,64.03,63.79,64.01,5177,2021-07-14 19:35:00,DNLI
64.01,64.03,63.71,63.73,5835,2021-07-14 19:40:00,DNLI
63.74,63.94,63.67,63.75,3127,2021-07-14 19:45:00,DNLI
63.69,63.76,63.54,63.72,7244,2021-07-14 19:50:00,DNLI
63.76,63.97,63.61,63.85,28452,2021-07-14 19:55:00,DNLI
64.53,64.53,63.185,63.775,7622,2021-07-15 13:30:00,DNLI
63.775,63.775,62.5,62.5,3254,2021-07-15 13:35:00,DNLI
63.2,63.2,62.735,63.165,1400,2021-07-15 13:40:00,DNLI
62.85,63.6033,62.77,63.58,4000,2021-07-15 13:45:00,DNLI
63.755,63.92,63.26,63.68,1420,2021-07-15 13:50:00,DNLI
63.52,63.9,63.52,63.9,3300,2021-07-15 13:55:00,DNLI
63.76,64.04,63.61,63.715,3903,2021-07-15 14:00:00,DNLI
63.63,63.84,63.5,63.735,3352,2021-07-15 14:05:00,DNLI
63.735,63.865,63.735,63.865,1458,2021-07-15 14:10:00,DNLI
63.8,64.13,63.72,64.105,4262,2021-07-15 14:15:00,DNLI
64.11,64.11,63.72,63.815,1615,2021-07-15 14:20:00,DNLI
63.81,63.81,63.44,63.45,2760,2021-07-15 14:25:00,DNLI
63.48,63.685,63.48,63.685,1100,2021-07-15 14:30:00,DNLI
63.61,63.795,63.53,63.795,2500,2021-07-15 14:35:00,DNLI
63.79,63.8,63.29,63.29,2810,2021-07-15 14:40:00,DNLI
63.415,63.42,63.26,63.26,1100,2021-07-15 14:45:00,DNLI
63.355,63.53,63.275,63.38,1467,2021-07-15 14:50:00,DNLI
63.49,63.49,63.34,63.34,700,2021-07-15 14:55:00,DNLI
63.43,63.44,63.04,63.04,2032,2021-07-15 15:00:00,DNLI
63.11,63.415,63.11,63.415,1550,2021-07-15 15:05:00,DNLI
63.38,63.42,63.37,63.405,2728,2021-07-15 15:10:00,DNLI
63.35,63.46,63.325,63.42,2210,2021-07-15 15:15:00,DNLI
63.44,63.62,63.44,63.53,2545,2021-07-15 15:20:00,DNLI
63.5,63.58,63.5,63.57,1100,2021-07-15 15:25:00,DNLI
63.58,63.635,63.57,63.57,1210,2021-07-15 15:30:00,DNLI
63.57,63.615,63.46,63.57,40831,2021-07-15 15:35:00,DNLI
63.61,63.8,63.565,63.755,2500,2021-07-15 15:40:00,DNLI
63.67,63.67,63.61,63.62,1876,2021-07-15 15:45:00,DNLI
63.62,63.69,63.405,63.425,3551,2021-07-15 15:50:00,DNLI
63.49,63.66,63.49,63.6,1500,2021-07-15 15:55:00,DNLI
63.6,63.62,63.46,63.5,1918,2021-07-15 16:00:00,DNLI
63.5,63.5,63.35,63.35,1400,2021-07-15 16:05:00,DNLI
63.28,63.41,63.2,63.34,2391,2021-07-15 16:10:00,DNLI
63.375,63.375,63.29,63.35,655,2021-07-15 16:15:00,DNLI
63.31,63.62,63.23,63.59,41905,2021-07-15 16:20:00,DNLI
63.73,63.745,63.58,63.61,600,2021-07-15 16:25:00,DNLI
63.6616,63.75,63.6616,63.75,500,2021-07-15 16:30:00,DNLI
63.61,63.75,63.5,63.75,2300,2021-07-15 16:35:00,DNLI
63.78,63.85,63.77,63.77,1200,2021-07-15 16:40:00,DNLI
63.76,63.82,63.68,63.82,1600,2021-07-15 16:45:00,DNLI
63.98,64.075,63.9295,63.9295,3700,2021-07-15 16:50:00,DNLI
63.97,63.97,63.74,63.77,1900,2021-07-15 16:55:00,DNLI
63.7,63.7,63.55,63.595,1500,2021-07-15 17:00:00,DNLI
63.595,63.595,63.53,63.535,700,2021-07-15 17:05:00,DNLI
63.54,63.54,63.42,63.42,1214,2021-07-15 17:10:00,DNLI
63.435,63.525,63.38,63.38,2500,2021-07-15 17:15:00,DNLI
63.34,63.43,63.255,63.255,2200,2021-07-15 17:20:00,DNLI
63.255,63.37,63.255,63.37,1600,2021-07-15 17:25:00,DNLI
63.28,63.28,63.045,63.1,4694,2021-07-15 17:30:00,DNLI
63.045,63.075,62.95,62.97,1603,2021-07-15 17:35:00,DNLI
62.965,62.965,62.76,62.76,1200,2021-07-15 17:40:00,DNLI
62.72,62.72,62.63,62.665,600,2021-07-15 17:45:00,DNLI
62.53,62.58,62.41,62.42,3000,2021-07-15 17:50:00,DNLI
62.32,62.43,62.285,62.43,2260,2021-07-15 17:55:00,DNLI
62.34,62.715,62.34,62.655,1432,2021-07-15 18:00:00,DNLI
62.61,62.735,62.55,62.735,1670,2021-07-15 18:05:00,DNLI
62.62,62.695,62.565,62.695,700,2021-07-15 18:10:00,DNLI
62.68,62.81,62.68,62.72,1400,2021-07-15 18:15:00,DNLI
62.825,62.88,62.65,62.65,2400,2021-07-15 18:20:00,DNLI
62.71,62.835,62.67,62.74,4401,2021-07-15 18:25:00,DNLI
62.805,63.03,62.79,62.82,2310,2021-07-15 18:30:00,DNLI
62.78,62.845,62.77,62.845,1700,2021-07-15 18:35:00,DNLI
62.85,62.99,62.81,62.95,2604,2021-07-15 18:40:00,DNLI
62.97,62.97,62.81,62.89,2500,2021-07-15 18:45:00,DNLI
62.92,63.105,62.92,63.105,1277,2021-07-15 18:50:00,DNLI
63.155,63.76,63.155,63.76,38662,2021-07-15 18:55:00,DNLI
63.82,64.2,63.72,64.05,5224,2021-07-15 19:00:00,DNLI
64.0,64.04,64.0,64.0,500,2021-07-15 19:05:00,DNLI
64.02,64.02,63.59,63.59,2200,2021-07-15 19:10:00,DNLI
63.53,63.67,63.385,63.66,2620,2021-07-15 19:15:00,DNLI
63.57,63.9,63.57,63.59,2045,2021-07-15 19:20:00,DNLI
63.685,63.77,63.63,63.69,2367,2021-07-15 19:25:00,DNLI
63.76,64.24,63.76,64.18,3844,2021-07-15 19:30:00,DNLI
64.24,64.51,64.24,64.51,2185,2021-07-15 19:35:00,DNLI
64.495,64.55,64.4,64.5,2113,2021-07-15 19:40:00,DNLI
64.49,64.64,64.27,64.31,10379,2021-07-15 19:45:00,DNLI
64.33,64.39,64.13,64.26,16075,2021-07-15 19:50:00,DNLI
64.25,64.305,63.94,64.22,57941,2021-07-15 19:55:00,DNLI
64.9,64.9,63.43,63.43,12480,2021-07-16 13:30:00,DNLI
63.24,63.6,63.01,63.03,3600,2021-07-16 13:35:00,DNLI
63.04,63.725,63.04,63.725,2719,2021-07-16 13:40:00,DNLI
63.56,63.6,63.3,63.31,2300,2021-07-16 13:45:00,DNLI
63.42,63.515,63.2,63.25,2797,2021-07-16 13:50:00,DNLI
63.525,63.53,63.25,63.27,3553,2021-07-16 13:55:00,DNLI
63.27,63.59,63.22,63.52,1600,2021-07-16 14:00:00,DNLI
63.37,63.39,63.07,63.07,1619,2021-07-16 14:05:00,DNLI
63.0,63.0,62.54,62.78,4300,2021-07-16 14:10:00,DNLI
62.79,62.79,62.42,62.42,2100,2021-07-16 14:15:00,DNLI
62.45,62.45,62.32,62.32,1781,2021-07-16 14:20:00,DNLI
62.28,62.61,62.21,62.345,3143,2021-07-16 14:25:00,DNLI
62.35,62.82,62.34,62.82,643,2021-07-16 14:30:00,DNLI
62.92,63.13,62.895,63.13,1191,2021-07-16 14:35:00,DNLI
63.095,63.23,62.91,62.91,4806,2021-07-16 14:40:00,DNLI
62.78,62.83,62.6,62.81,1300,2021-07-16 14:45:00,DNLI
62.88,62.88,62.88,62.88,100,2021-07-16 14:50:00,DNLI
62.905,62.915,62.82,62.91,1079,2021-07-16 14:55:00,DNLI
62.815,62.93,62.75,62.75,1000,2021-07-16 15:00:00,DNLI
62.75,62.75,62.58,62.585,1300,2021-07-16 15:05:00,DNLI
62.52,62.53,62.52,62.53,352,2021-07-16 15:10:00,DNLI
62.585,62.66,62.385,62.66,2700,2021-07-16 15:15:00,DNLI
62.86,62.86,62.86,62.86,100,2021-07-16 15:20:00,DNLI
62.76,62.81,62.61,62.61,2756,2021-07-16 15:25:00,DNLI
62.615,62.67,62.51,62.59,2000,2021-07-16 15:30:00,DNLI
62.5,62.55,62.5,62.54,500,2021-07-16 15:35:00,DNLI
62.58,62.58,62.51,62.535,2276,2021-07-16 15:40:00,DNLI
62.8,62.9227,62.66,62.9227,2229,2021-07-16 15:45:00,DNLI
62.77,62.77,62.695,62.7,1841,2021-07-16 15:50:00,DNLI
62.67,62.805,62.625,62.63,12713,2021-07-16 15:55:00,DNLI
62.64,62.64,62.52,62.52,778,2021-07-16 16:00:00,DNLI
62.38,62.505,62.38,62.505,300,2021-07-16 16:05:00,DNLI
62.525,62.85,62.525,62.85,1000,2021-07-16 16:10:00,DNLI
62.845,62.96,62.78,62.9,650,2021-07-16 16:15:00,DNLI
62.88,62.915,62.87,62.875,600,2021-07-16 16:20:00,DNLI
62.935,62.935,62.935,62.935,100,2021-07-16 16:25:00,DNLI
63.055,63.1218,63.02,63.1218,870,2021-07-16 16:30:00,DNLI
62.95,62.97,62.89,62.89,516,2021-07-16 16:35:00,DNLI
62.9507,62.99,62.935,62.945,900,2021-07-16 16:40:00,DNLI
63.0,63.0535,63.0,63.0535,1100,2021-07-16 16:45:00,DNLI
62.97,62.97,62.83,62.88,600,2021-07-16 16:50:00,DNLI
62.83,62.88,62.83,62.88,500,2021-07-16 16:55:00,DNLI
62.8,62.89,62.8,62.8,1695,2021-07-16 17:10:00,DNLI
62.58,62.65,62.58,62.65,423,2021-07-16 17:15:00,DNLI
62.64,62.64,62.56,62.56,300,2021-07-16 17:20:00,DNLI
62.46,62.56,62.42,62.49,700,2021-07-16 17:25:00,DNLI
62.37,62.37,62.29,62.29,403,2021-07-16 17:30:00,DNLI
62.31,62.45,62.31,62.45,600,2021-07-16 17:35:00,DNLI
62.32,62.33,62.3,62.33,400,2021-07-16 17:40:00,DNLI
62.345,62.345,62.345,62.345,200,2021-07-16 17:45:00,DNLI
62.35,62.35,62.3,62.32,600,2021-07-16 17:50:00,DNLI
62.38,62.44,62.38,62.44,400,2021-07-16 17:55:00,DNLI
62.49,62.62,62.38,62.59,3898,2021-07-16 18:00:00,DNLI
62.56,62.56,62.56,62.56,100,2021-07-16 18:05:00,DNLI
62.61,62.62,62.61,62.62,200,2021-07-16 18:10:00,DNLI
62.66,62.96,62.66,62.96,700,2021-07-16 18:15:00,DNLI
63.09,63.09,63.01,63.02,400,2021-07-16 18:20:00,DNLI
63.16,63.25,62.95,63.06,3629,2021-07-16 18:25:00,DNLI
63.145,63.29,63.145,63.29,1100,2021-07-16 18:30:00,DNLI
63.31,63.41,63.26,63.35,1700,2021-07-16 18:35:00,DNLI
63.41,63.47,63.35,63.45,1200,2021-07-16 18:40:00,DNLI
63.46,63.535,63.22,63.33,2870,2021-07-16 18:45:00,DNLI
63.2725,63.37,63.22,63.27,2900,2021-07-16 18:50:00,DNLI
63.27,63.49,63.2035,63.46,5122,2021-07-16 18:55:00,DNLI
63.48,63.48,63.36,63.48,2500,2021-07-16 19:00:00,DNLI
63.48,63.6,63.4,63.6,1700,2021-07-16 19:05:00,DNLI
63.53,63.64,63.53,63.64,400,2021-07-16 19:10:00,DNLI
63.57,63.76,63.57,63.69,1355,2021-07-16 19:15:00,DNLI
63.78,63.94,63.78,63.89,2464,2021-07-16 19:20:00,DNLI
63.91,64.0,63.77,63.91,4200,2021-07-16 19:25:00,DNLI
63.92,64.215,63.78,64.09,10850,2021-07-16 19:30:00,DNLI
64.09,64.09,63.79,63.86,4350,2021-07-16 19:35:00,DNLI
63.93,64.07,63.91,63.91,5600,2021-07-16 19:40:00,DNLI
63.96,64.26,63.925,64.26,12312,2021-07-16 19:45:00,DNLI
64.3,64.53,64.14,64.43,11678,2021-07-16 19:50:00,DNLI
64.445,64.65,64.4,64.51,27306,2021-07-16 19:55:00,DNLI
63.03,63.54,62.91,63.4351,5307,2021-07-19 13:30:00,DNLI
64.0,64.0,63.19,63.19,300,2021-07-19 13:35:00,DNLI
64.13,64.44,64.03,64.44,700,2021-07-19 13:40:00,DNLI
63.96,64.855,63.96,64.65,996,2021-07-19 13:45:00,DNLI
64.83,64.88,64.38,64.38,2756,2021-07-19 13:50:00,DNLI
64.525,64.525,63.91,63.91,1159,2021-07-19 13:55:00,DNLI
63.93,64.26,63.93,64.26,1419,2021-07-19 14:00:00,DNLI
64.51,64.51,64.51,64.51,100,2021-07-19 14:05:00,DNLI
64.37,65.0,64.23,65.0,1100,2021-07-19 14:10:00,DNLI
64.93,65.0,64.38,64.42,3600,2021-07-19 14:15:00,DNLI
64.685,65.58,64.685,65.16,9633,2021-07-19 14:20:00,DNLI
65.05,65.25,64.96,65.1,2045,2021-07-19 14:25:00,DNLI
65.16,65.34,65.15,65.19,1299,2021-07-19 14:30:00,DNLI
65.1,65.14,65.0,65.14,906,2021-07-19 14:35:00,DNLI
65.475,65.475,65.46,65.46,300,2021-07-19 14:40:00,DNLI
65.54,65.54,65.0994,65.33,837,2021-07-19 14:45:00,DNLI
65.245,65.245,65.06,65.06,200,2021-07-19 14:50:00,DNLI
65.02,65.08,64.83,65.08,800,2021-07-19 14:55:00,DNLI
65.08,65.58,65.0,65.58,5600,2021-07-19 15:00:00,DNLI
65.45,65.74,65.4,65.72,4252,2021-07-19 15:05:00,DNLI
65.73,65.89,65.66,65.89,2799,2021-07-19 15:10:00,DNLI
65.755,65.755,65.67,65.73,600,2021-07-19 15:15:00,DNLI
65.66,65.91,65.66,65.71,1600,2021-07-19 15:20:00,DNLI
65.71,65.83,65.7,65.83,1332,2021-07-19 15:25:00,DNLI
65.97,66.36,65.84,66.36,1528,2021-07-19 15:30:00,DNLI
66.44,66.72,66.27,66.365,1715,2021-07-19 15:35:00,DNLI
66.58,66.58,66.58,66.58,100,2021-07-19 15:40:00,DNLI
66.54,66.65,66.4,66.58,1217,2021-07-19 15:45:00,DNLI
66.55,66.75,66.33,66.33,2900,2021-07-19 15:50:00,DNLI
66.28,66.5,66.25,66.25,1204,2021-07-19 15:55:00,DNLI
66.22,66.22,65.91,65.91,1791,2021-07-19 16:00:00,DNLI
65.82,66.0,65.735,65.945,2310,2021-07-19 16:05:00,DNLI
65.84,66.07,65.7305,66.07,1600,2021-07-19 16:10:00,DNLI
66.05,66.26,65.98,66.15,5312,2021-07-19 16:15:00,DNLI
66.1996,66.25,66.1996,66.25,300,2021-07-19 16:20:00,DNLI
66.27,66.27,65.97,66.02,1420,2021-07-19 16:25:00,DNLI
65.97,66.045,65.875,65.875,4618,2021-07-19 16:30:00,DNLI
65.87,65.87,65.85,65.85,300,2021-07-19 16:35:00,DNLI
65.97,66.01,65.65,65.65,4655,2021-07-19 16:40:00,DNLI
65.75,65.81,65.53,65.53,1584,2021-07-19 16:45:00,DNLI
65.65,65.775,65.54,65.59,5000,2021-07-19 16:50:00,DNLI
65.635,65.87,65.635,65.82,6893,2021-07-19 16:55:00,DNLI
65.77,65.9,65.77,65.84,300,2021-07-19 17:00:00,DNLI
65.78,65.9,65.78,65.88,800,2021-07-19 17:05:00,DNLI
65.83,65.94,65.82,65.94,800,2021-07-19 17:10:00,DNLI
65.95,65.955,65.55,65.55,2292,2021-07-19 17:15:00,DNLI
65.49,65.49,65.35,65.45,1310,2021-07-19 17:20:00,DNLI
65.38,65.49,65.28,65.49,800,2021-07-19 17:25:00,DNLI
65.38,65.38,64.97,64.97,1200,2021-07-19 17:30:00,DNLI
65.05,65.33,65.05,65.33,1200,2021-07-19 17:35:00,DNLI
65.25,65.3,65.04,65.04,1500,2021-07-19 17:40:00,DNLI
64.94,65.01,64.905,64.95,500,2021-07-19 17:45:00,DNLI
65.04,65.04,64.74,64.79,1380,2021-07-19 17:50:00,DNLI
64.83,64.83,64.83,64.83,400,2021-07-19 17:55:00,DNLI
64.97,65.26,64.97,65.12,1700,2021-07-19 18:00:00,DNLI
65.0301,65.165,64.835,64.835,1615,2021-07-19 18:05:00,DNLI
64.84,65.16,64.84,65.08,900,2021-07-19 18:10:00,DNLI
65.1,65.13,64.96,65.05,1200,2021-07-19 18:15:00,DNLI
64.97,65.17,64.97,65.17,333,2021-07-19 18:20:00,DNLI
65.075,65.075,64.87,64.87,1000,2021-07-19 18:25:00,DNLI
64.95,64.95,64.795,64.85,300,2021-07-19 18:30:00,DNLI
64.8,64.8,64.36,64.43,2595,2021-07-19 18:35:00,DNLI
64.36,64.4,64.1,64.14,1482,2021-07-19 18:40:00,DNLI
64.18,64.35,64.18,64.31,800,2021-07-19 18:45:00,DNLI
64.346,64.346,63.905,64.08,1121,2021-07-19 18:50:00,DNLI
64.15,64.415,64.12,64.26,1950,2021-07-19 18:55:00,DNLI
64.3,64.6,64.3,64.6,200,2021-07-19 19:00:00,DNLI
64.54,64.71,64.51,64.71,400,2021-07-19 19:05:00,DNLI
64.58,64.72,64.55,64.55,1286,2021-07-19 19:10:00,DNLI
64.51,64.55,64.265,64.265,1004,2021-07-19 19:15:00,DNLI
64.19,64.26,64.06,64.26,2409,2021-07-19 19:20:00,DNLI
64.27,64.44,64.27,64.43,600,2021-07-19 19:25:00,DNLI
64.5,64.5,64.165,64.2,1900,2021-07-19 19:30:00,DNLI
64.25,64.4,64.25,64.39,1384,2021-07-19 19:35:00,DNLI
64.399,64.46,64.31,64.31,1785,2021-07-19 19:40:00,DNLI
64.23,64.28,64.1,64.24,3400,2021-07-19 19:45:00,DNLI
64.17,64.34,64.16,64.275,5123,2021-07-19 19:50:00,DNLI
64.31,64.67,64.23,64.66,15936,2021-07-19 19:55:00,DNLI
64.54,64.67,64.54,64.67,6156,2021-07-20 13:30:00,DNLI
65.5862,65.5862,65.49,65.49,689,2021-07-20 13:35:00,DNLI
65.73,65.73,64.69,65.145,980,2021-07-20 13:40:00,DNLI
65.68,65.87,65.19,65.19,700,2021-07-20 13:45:00,DNLI
65.26,65.26,64.62,64.62,1124,2021-07-20 13:50:00,DNLI
64.6801,64.845,64.52,64.62,2748,2021-07-20 13:55:00,DNLI
64.855,64.865,64.16,64.23,3500,2021-07-20 14:00:00,DNLI
64.25,64.3,64.06,64.155,4252,2021-07-20 14:05:00,DNLI
64.25,64.57,64.13,64.54,9940,2021-07-20 14:10:00,DNLI
64.585,64.59,64.31,64.36,5680,2021-07-20 14:15:00,DNLI
64.605,64.75,64.605,64.75,1000,2021-07-20 14:20:00,DNLI
64.75,64.84,64.45,64.45,4594,2021-07-20 14:25:00,DNLI
64.41,64.41,64.13,64.3002,2920,2021-07-20 14:30:00,DNLI
64.23,64.25,63.96,64.22,2406,2021-07-20 14:35:00,DNLI
64.14,64.39,64.14,64.39,2326,2021-07-20 14:40:00,DNLI
64.59,65.01,64.545,65.01,1100,2021-07-20 14:45:00,DNLI
64.97,65.06,64.915,64.915,3293,2021-07-20 14:50:00,DNLI
64.99,65.09,64.95,64.95,1002,2021-07-20 14:55:00,DNLI
64.99,65.0,64.77,64.77,2713,2021-07-20 15:00:00,DNLI
64.52,64.765,64.52,64.765,1705,2021-07-20 15:05:00,DNLI
64.83,64.835,64.7,64.745,3271,2021-07-20 15:10:00,DNLI
64.745,64.85,64.675,64.85,1560,2021-07-20 15:15:00,DNLI
64.85,64.9,64.76,64.85,2033,2021-07-20 15:20:00,DNLI
64.81,64.9,64.8,64.85,3364,2021-07-20 15:25:00,DNLI
64.82,64.82,64.52,64.56,3915,2021-07-20 15:30:00,DNLI
64.48,64.485,64.43,64.43,1060,2021-07-20 15:35:00,DNLI
64.44,64.69,64.44,64.635,1846,2021-07-20 15:40:00,DNLI
64.645,64.95,64.645,64.95,1059,2021-07-20 15:45:00,DNLI
64.96,64.96,64.81,64.87,2555,2021-07-20 15:50:00,DNLI
64.9,64.97,64.83,64.95,1400,2021-07-20 15:55:00,DNLI
64.97,65.25,64.97,65.15,1952,2021-07-20 16:00:00,DNLI
65.15,65.15,65.05,65.085,1526,2021-07-20 16:05:00,DNLI
65.075,65.2,65.075,65.165,1030,2021-07-20 16:10:00,DNLI
65.17,65.24,65.13,65.24,2848,2021-07-20 16:15:00,DNLI
65.19,65.2,64.89,64.91,3529,2021-07-20 16:20:00,DNLI
64.885,64.98,64.68,64.68,2631,2021-07-20 16:25:00,DNLI
64.69,64.73,64.69,64.72,501,2021-07-20 16:30:00,DNLI
64.84,64.93,64.72,64.79,1800,2021-07-20 16:35:00,DNLI
64.72,64.72,64.38,64.49,3455,2021-07-20 16:40:00,DNLI
64.48,64.53,64.38,64.38,1458,2021-07-20 16:45:00,DNLI
64.345,64.36,64.08,64.08,1551,2021-07-20 16:50:00,DNLI
64.085,64.2,63.99,64.145,2598,2021-07-20 16:55:00,DNLI
64.11,64.11,63.87,63.87,2364,2021-07-20 17:00:00,DNLI
63.87,63.91,63.77,63.77,1006,2021-07-20 17:05:00,DNLI
63.67,63.93,63.6,63.91,2470,2021-07-20 17:10:00,DNLI
63.91,64.0,63.82,63.915,1994,2021-07-20 17:15:00,DNLI
63.93,64.07,63.87,63.91,2884,2021-07-20 17:20:00,DNLI
63.86,63.94,63.81,63.89,2597,2021-07-20 17:25:00,DNLI
63.94,63.95,63.76,63.89,3878,2021-07-20 17:30:00,DNLI
64.01,64.05,63.96,64.05,700,2021-07-20 17:35:00,DNLI
64.07,64.07,63.825,63.825,3929,2021-07-20 17:40:00,DNLI
63.89,63.89,63.7,63.84,3271,2021-07-20 17:45:00,DNLI
63.79,63.96,63.79,63.96,2692,2021-07-20 17:50:00,DNLI
64.01,64.01,63.8,63.9,1600,2021-07-20 17:55:00,DNLI
63.82,63.96,63.82,63.96,1400,2021-07-20 18:00:00,DNLI
63.93,64.06,63.87,64.02,3380,2021-07-20 18:05:00,DNLI
63.99,64.14,63.89,63.89,3724,2021-07-20 18:10:00,DNLI
63.855,63.855,63.6717,63.6717,1770,2021-07-20 18:15:00,DNLI
63.74,63.79,63.43,63.43,3200,2021-07-20 18:20:00,DNLI
63.55,63.95,63.52,63.95,2400,2021-07-20 18:25:00,DNLI
63.87,64.11,63.87,64.07,900,2021-07-20 18:30:00,DNLI
64.02,64.08,63.88,63.91,2700,2021-07-20 18:35:00,DNLI
64.01,64.02,63.62,63.64,6599,2021-07-20 18:40:00,DNLI
63.715,63.87,63.715,63.805,2000,2021-07-20 18:45:00,DNLI
63.81,63.96,63.81,63.83,2900,2021-07-20 18:50:00,DNLI
63.83,63.97,63.83,63.89,2100,2021-07-20 18:55:00,DNLI
63.89,64.0625,63.89,64.0625,4521,2021-07-20 19:00:00,DNLI
64.0,64.055,63.93,64.0,2900,2021-07-20 19:05:00,DNLI
64.06,64.12,63.99,64.02,7058,2021-07-20 19:10:00,DNLI
64.02,64.02,63.83,63.89,2700,2021-07-20 19:15:00,DNLI
63.89,64.1,63.89,64.04,1000,2021-07-20 19:20:00,DNLI
64.095,64.25,63.95,64.23,3402,2021-07-20 19:25:00,DNLI
64.24,64.51,64.23,64.455,6227,2021-07-20 19:30:00,DNLI
64.51,64.62,64.4,64.44,9397,2021-07-20 19:35:00,DNLI
64.46,64.62,64.41,64.575,2800,2021-07-20 19:40:00,DNLI
64.58,64.73,64.54,64.63,6441,2021-07-20 19:45:00,DNLI
64.62,65.01,64.26,64.92,10676,2021-07-20 19:50:00,DNLI
64.92,64.94,64.605,64.8,28688,2021-07-20 19:55:00,DNLI
64.8,64.89,64.22,64.22,3562,2021-07-21 13:30:00,DNLI
64.59,64.65,64.25,64.57,1005,2021-07-21 13:35:00,DNLI
64.05,64.24,63.6,63.6,400,2021-07-21 13:40:00,DNLI
63.68,63.79,63.23,63.74,4006,2021-07-21 13:45:00,DNLI
63.44,63.93,63.44,63.8347,1092,2021-07-21 13:50:00,DNLI
63.96,64.12,63.96,64.12,200,2021-07-21 13:55:00,DNLI
64.06,64.51,64.06,64.51,700,2021-07-21 14:00:00,DNLI
64.67,65.035,64.535,65.035,3300,2021-07-21 14:05:00,DNLI
64.9,64.9,64.55,64.55,2300,2021-07-21 14:10:00,DNLI
64.54,64.73,64.5,64.535,4208,2021-07-21 14:15:00,DNLI
64.535,64.535,64.43,64.53,400,2021-07-21 14:20:00,DNLI
64.53,64.53,64.45,64.53,700,2021-07-21 14:25:00,DNLI
64.38,64.51,64.38,64.485,1200,2021-07-21 14:30:00,DNLI
64.6,64.68,64.6,64.68,500,2021-07-21 14:35:00,DNLI
64.895,64.92,64.8,64.92,1100,2021-07-21 14:40:00,DNLI
64.8,64.8,64.38,64.41,800,2021-07-21 14:45:00,DNLI
64.535,64.8,64.46,64.585,1600,2021-07-21 14:50:00,DNLI
64.64,64.64,64.525,64.5333,1570,2021-07-21 14:55:00,DNLI
64.55,64.625,64.52,64.565,2900,2021-07-21 15:00:00,DNLI
64.45,64.77,64.45,64.77,1000,2021-07-21 15:05:00,DNLI
64.84,64.9,64.78,64.9,671,2021-07-21 15:10:00,DNLI
64.875,64.875,64.69,64.69,1200,2021-07-21 15:15:00,DNLI
64.63,64.64,64.47,64.565,1000,2021-07-21 15:20:00,DNLI
64.565,64.73,64.48,64.73,1927,2021-07-21 15:25:00,DNLI
64.71,64.8,64.7,64.75,2841,2021-07-21 15:30:00,DNLI
64.81,64.81,64.75,64.79,1300,2021-07-21 15:35:00,DNLI
64.765,64.88,64.64,64.75,6823,2021-07-21 15:40:00,DNLI
64.75,65.19,64.64,65.19,6029,2021-07-21 15:45:00,DNLI
65.335,65.38,65.165,65.38,1485,2021-07-21 15:50:00,DNLI
65.38,65.45,65.28,65.42,1640,2021-07-21 15:55:00,DNLI
65.5,65.74,65.5,65.58,1000,2021-07-21 16:00:00,DNLI
65.66,65.66,65.51,65.53,2550,2021-07-21 16:05:00,DNLI
65.535,65.85,65.535,65.765,3797,2021-07-21 16:10:00,DNLI
65.82,66.02,65.74,65.85,3200,2021-07-21 16:15:00,DNLI
65.81,65.81,65.57,65.645,1900,2021-07-21 16:20:00,DNLI
65.72,65.765,65.65,65.75,2777,2021-07-21 16:25:00,DNLI
65.58,65.61,65.58,65.61,420,2021-07-21 16:30:00,DNLI
65.64,65.83,65.64,65.715,3264,2021-07-21 16:35:00,DNLI
65.81,65.82,65.69,65.775,2200,2021-07-21 16:40:00,DNLI
65.82,65.99,65.81,65.9625,1500,2021-07-21 16:45:00,DNLI
65.88,66.03,65.87,66.03,1400,2021-07-21 16:50:00,DNLI
65.96,66.005,65.81,65.87,1403,2021-07-21 16:55:00,DNLI
65.89,66.01,65.89,66.01,2647,2021-07-21 17:00:00,DNLI
66.05,66.12,66.0,66.0,800,2021-07-21 17:05:00,DNLI
65.98,66.08,65.98,66.06,1100,2021-07-21 17:10:00,DNLI
65.95,65.98,65.82,65.865,400,2021-07-21 17:15:00,DNLI
65.89,65.94,65.8613,65.91,738,2021-07-21 17:20:00,DNLI
65.91,65.91,65.74,65.74,900,2021-07-21 17:25:00,DNLI
65.725,65.83,65.65,65.7706,3700,2021-07-21 17:30:00,DNLI
65.76,65.86,65.73,65.81,2769,2021-07-21 17:35:00,DNLI
65.85,65.85,65.7,65.8,3346,2021-07-21 17:45:00,DNLI
65.81,65.83,65.725,65.725,900,2021-07-21 17:50:00,DNLI
65.8,65.89,65.8,65.84,3080,2021-07-21 18:00:00,DNLI
65.9,65.9,65.71,65.71,700,2021-07-21 18:05:00,DNLI
65.665,65.665,65.56,65.63,2401,2021-07-21 18:10:00,DNLI
65.595,65.73,65.38,65.4,8015,2021-07-21 18:15:00,DNLI
65.33,65.485,65.32,65.485,2300,2021-07-21 18:20:00,DNLI
65.46,65.75,65.4,65.675,11436,2021-07-21 18:25:00,DNLI
65.7,65.8,65.63,65.7,3700,2021-07-21 18:30:00,DNLI
65.645,65.68,65.625,65.625,500,2021-07-21 18:35:00,DNLI
65.67,65.67,65.598,65.598,320,2021-07-21 18:40:00,DNLI
65.635,65.6985,65.485,65.545,8888,2021-07-21 18:45:00,DNLI
65.54,65.545,65.54,65.545,500,2021-07-21 18:50:00,DNLI
65.49,65.61,65.49,65.565,800,2021-07-21 18:55:00,DNLI
65.56,65.67,65.37,65.5,4400,2021-07-21 19:00:00,DNLI
65.47,65.47,65.37,65.37,600,2021-07-21 19:05:00,DNLI
65.28,65.335,65.22,65.295,900,2021-07-21 19:10:00,DNLI
65.23,65.305,65.22,65.24,1800,2021-07-21 19:15:00,DNLI
65.23,65.325,65.15,65.1875,2202,2021-07-21 19:20:00,DNLI
65.23,65.25,65.185,65.24,2700,2021-07-21 19:25:00,DNLI
65.25,65.42,65.205,65.38,4100,2021-07-21 19:30:00,DNLI
65.38,65.51,65.38,65.44,2800,2021-07-21 19:35:00,DNLI
65.445,65.45,65.26,65.32,5100,2021-07-21 19:40:00,DNLI
65.29,65.355,65.135,65.135,6900,2021-07-21 19:45:00,DNLI
65.2,65.21,65.01,65.16,11418,2021-07-21 19:50:00,DNLI
65.19,65.54,65.17,65.52,21819,2021-07-21 19:55:00,DNLI
65.48,66.79,65.145,66.78,4545,2021-07-22 13:30:00,DNLI
66.574,66.574,65.29,65.29,1756,2021-07-22 13:40:00,DNLI
65.34,65.34,65.1527,65.1527,600,2021-07-22 13:45:00,DNLI
64.9,65.17,64.9,65.17,694,2021-07-22 13:50:00,DNLI
65.19,65.19,65.16,65.16,400,2021-07-22 13:55:00,DNLI
64.79,64.99,64.79,64.98,800,2021-07-22 14:00:00,DNLI
64.83,64.83,64.335,64.335,1600,2021-07-22 14:05:00,DNLI
64.5,64.56,64.5,64.545,400,2021-07-22 14:10:00,DNLI
64.45,64.45,63.76,63.775,2128,2021-07-22 14:15:00,DNLI
63.65,63.86,63.34,63.75,3200,2021-07-22 14:20:00,DNLI
63.86,63.91,63.79,63.83,2005,2021-07-22 14:25:00,DNLI
63.84,63.84,63.84,63.84,100,2021-07-22 14:30:00,DNLI
63.74,63.74,63.5,63.5,3187,2021-07-22 14:35:00,DNLI
63.51,63.78,63.51,63.76,1400,2021-07-22 14:40:00,DNLI
63.67,63.67,63.59,63.62,506,2021-07-22 14:45:00,DNLI
63.51,63.65,63.46,63.59,1738,2021-07-22 14:50:00,DNLI
63.52,63.8,63.52,63.8,1000,2021-07-22 14:55:00,DNLI
63.88,63.88,63.74,63.74,1700,2021-07-22 15:00:00,DNLI
63.71,63.71,63.59,63.62,1900,2021-07-22 15:05:00,DNLI
63.725,63.885,63.725,63.84,900,2021-07-22 15:10:00,DNLI
63.85,63.85,63.6,63.67,3367,2021-07-22 15:15:00,DNLI
63.77,63.93,63.72,63.93,800,2021-07-22 15:20:00,DNLI
63.88,64.53,63.85,64.53,2800,2021-07-22 15:25:00,DNLI
64.635,65.09,64.6,65.09,935,2021-07-22 15:30:00,DNLI
64.95,65.07,64.95,64.955,400,2021-07-22 15:35:00,DNLI
64.98,65.29,64.84,65.1,3512,2021-07-22 15:40:00,DNLI
65.1,65.29,65.1,65.16,1220,2021-07-22 15:45:00,DNLI
65.285,65.42,65.27,65.38,900,2021-07-22 15:50:00,DNLI
65.38,65.44,65.09,65.44,8621,2021-07-22 15:55:00,DNLI
65.35,65.35,65.06,65.195,2700,2021-07-22 16:00:00,DNLI
65.045,65.045,65.045,65.045,200,2021-07-22 16:05:00,DNLI
65.005,65.06,64.89,64.965,6313,2021-07-22 16:10:00,DNLI
64.965,65.02,64.92,64.93,1487,2021-07-22 16:15:00,DNLI
64.855,65.08,64.855,65.02,1583,2021-07-22 16:20:00,DNLI
65.11,65.28,65.11,65.23,1300,2021-07-22 16:25:00,DNLI
65.22,65.33,65.21,65.24,1500,2021-07-22 16:30:00,DNLI
65.28,65.43,65.27,65.43,1300,2021-07-22 16:35:00,DNLI
65.42,65.42,65.24,65.35,1569,2021-07-22 16:40:00,DNLI
65.25,65.25,65.17,65.17,1001,2021-07-22 16:45:00,DNLI
65.1,65.18,65.03,65.07,1690,2021-07-22 16:50:00,DNLI
65.03,65.13,64.89,65.13,2100,2021-07-22 16:55:00,DNLI
65.15,65.22,65.03,65.11,4500,2021-07-22 17:00:00,DNLI
65.07,65.18,64.99,65.115,1500,2021-07-22 17:05:00,DNLI
65.1075,65.1075,65.04,65.04,800,2021-07-22 17:10:00,DNLI
64.945,65.0,64.605,64.605,2463,2021-07-22 17:15:00,DNLI
64.6,64.72,64.6,64.62,1663,2021-07-22 17:20:00,DNLI
64.635,64.68,64.61,64.68,800,2021-07-22 17:25:00,DNLI
64.61,64.69,64.6,64.645,2100,2021-07-22 17:30:00,DNLI
64.61,64.73,64.57,64.68,800,2021-07-22 17:35:00,DNLI
64.67,64.67,64.4301,64.51,2361,2021-07-22 17:40:00,DNLI
64.5,64.65,64.5,64.65,1000,2021-07-22 17:45:00,DNLI
64.645,64.75,64.59,64.75,600,2021-07-22 17:50:00,DNLI
64.76,64.76,64.65,64.66,1200,2021-07-22 17:55:00,DNLI
64.75,64.75,64.53,64.53,500,2021-07-22 18:00:00,DNLI
64.53,64.53,64.41,64.41,700,2021-07-22 18:05:00,DNLI
64.496,64.54,64.44,64.54,1501,2021-07-22 18:10:00,DNLI
64.6201,64.685,64.555,64.555,1200,2021-07-22 18:15:00,DNLI
64.605,64.71,64.6,64.71,800,2021-07-22 18:20:00,DNLI
64.66,64.66,64.6,64.6,1200,2021-07-22 18:25:00,DNLI
64.62,64.65,64.61,64.61,802,2021-07-22 18:30:00,DNLI
64.6882,64.6882,64.6882,64.6882,198,2021-07-22 18:35:00,DNLI
64.68,64.72,64.41,64.41,2302,2021-07-22 18:40:00,DNLI
64.42,64.51,64.38,64.51,600,2021-07-22 18:45:00,DNLI
64.59,64.65,64.53,64.64,1205,2021-07-22 18:50:00,DNLI
64.67,64.79,64.67,64.79,500,2021-07-22 18:55:00,DNLI
64.8,64.85,64.664,64.805,2035,2021-07-22 19:00:00,DNLI
64.79,64.84,64.78,64.84,600,2021-07-22 19:05:00,DNLI
64.8,64.88,64.7975,64.86,2646,2021-07-22 19:10:00,DNLI
64.91,64.91,64.795,64.87,2000,2021-07-22 19:15:00,DNLI
64.835,64.98,64.835,64.94,1924,2021-07-22 19:20:00,DNLI
64.98,65.075,64.98,65.01,3643,2021-07-22 19:25:00,DNLI
65.0,65.0,64.86,64.93,3233,2021-07-22 19:30:00,DNLI
64.94,64.97,64.87,64.93,3024,2021-07-22 19:35:00,DNLI
64.85,64.9,64.765,64.88,9958,2021-07-22 19:40:00,DNLI
64.9,64.94,64.88,64.94,1990,2021-07-22 19:45:00,DNLI
64.94,64.94,64.53,64.53,6243,2021-07-22 19:50:00,DNLI
64.62,64.66,64.42,64.54,25388,2021-07-22 19:55:00,DNLI
64.74,65.27,64.57,64.57,3892,2021-07-23 13:30:00,DNLI
64.35,64.35,63.67,63.67,2510,2021-07-23 13:35:00,DNLI
63.84,63.8876,63.41,63.41,2550,2021-07-23 13:40:00,DNLI
63.41,63.57,63.25,63.415,2213,2021-07-23 13:45:00,DNLI
63.45,63.455,63.02,63.04,2110,2021-07-23 13:50:00,DNLI
63.02,63.34,63.02,63.31,1905,2021-07-23 13:55:00,DNLI
63.37,63.37,63.0,63.0,12667,2021-07-23 14:00:00,DNLI
62.97,62.97,62.57,62.775,5258,2021-07-23 14:05:00,DNLI
62.82,62.91,62.645,62.65,14592,2021-07-23 14:10:00,DNLI
62.66,63.15,62.66,63.01,2100,2021-07-23 14:15:00,DNLI
63.03,63.03,62.76,62.99,2100,2021-07-23 14:20:00,DNLI
62.92,63.03,62.84,62.84,3079,2021-07-23 14:25:00,DNLI
62.82,62.945,62.7,62.755,1830,2021-07-23 14:30:00,DNLI
62.76,62.76,62.42,62.5,4005,2021-07-23 14:35:00,DNLI
62.5,62.61,62.38,62.38,3584,2021-07-23 14:40:00,DNLI
62.38,62.61,62.27,62.53,1100,2021-07-23 14:45:00,DNLI
62.665,62.665,62.56,62.56,884,2021-07-23 14:50:00,DNLI
62.69,62.8625,62.5435,62.83,11036,2021-07-23 14:55:00,DNLI
62.75,62.75,62.58,62.625,1205,2021-07-23 15:00:00,DNLI
62.55,62.615,62.49,62.615,1000,2021-07-23 15:05:00,DNLI
62.62,62.885,62.62,62.78,2707,2021-07-23 15:10:00,DNLI
62.8,62.88,62.72,62.81,2900,2021-07-23 15:15:00,DNLI
62.75,62.805,62.67,62.77,3458,2021-07-23 15:20:00,DNLI
62.735,62.735,62.605,62.68,1742,2021-07-23 15:25:00,DNLI
62.75,62.84,62.73,62.73,1283,2021-07-23 15:30:00,DNLI
62.8,62.94,62.78,62.83,3000,2021-07-23 15:35:00,DNLI
62.8,62.83,62.69,62.715,2260,2021-07-23 15:40:00,DNLI
62.72,62.72,62.57,62.59,1752,2021-07-23 15:45:00,DNLI
62.625,62.63,62.56,62.56,967,2021-07-23 15:50:00,DNLI
62.5,62.63,62.415,62.57,2306,2021-07-23 15:55:00,DNLI
62.48,62.485,62.41,62.42,611,2021-07-23 16:00:00,DNLI
62.465,62.52,62.39,62.42,1639,2021-07-23 16:05:00,DNLI
62.4,62.445,62.31,62.33,2550,2021-07-23 16:10:00,DNLI
62.41,62.45,62.37,62.37,1659,2021-07-23 16:15:00,DNLI
62.43,62.44,62.35,62.365,1610,2021-07-23 16:20:00,DNLI
62.38,62.38,62.32,62.33,5520,2021-07-23 16:25:00,DNLI
62.35,62.5,62.35,62.5,1692,2021-07-23 16:30:00,DNLI
62.385,62.46,62.385,62.46,1600,2021-07-23 16:35:00,DNLI
62.4,62.4674,62.36,62.415,1560,2021-07-23 16:40:00,DNLI
62.48,62.645,62.36,62.63,5311,2021-07-23 16:45:00,DNLI
62.59,62.775,62.59,62.775,1578,2021-07-23 16:50:00,DNLI
62.795,63.1,62.795,63.09,1300,2021-07-23 16:55:00,DNLI
63.1,63.28,63.1,63.28,622,2021-07-23 17:00:00,DNLI
63.25,63.35,63.22,63.35,700,2021-07-23 17:05:00,DNLI
63.31,63.45,63.31,63.45,400,2021-07-23 17:10:00,DNLI
63.59,63.59,63.455,63.455,907,2021-07-23 17:15:00,DNLI
63.4988,63.53,63.42,63.53,620,2021-07-23 17:20:00,DNLI
63.53,63.58,63.4,63.465,1200,2021-07-23 17:25:00,DNLI
63.46,63.495,63.46,63.46,400,2021-07-23 17:30:00,DNLI
63.55,63.8,63.53,63.8,1874,2021-07-23 17:35:00,DNLI
63.81,63.86,63.75,63.86,800,2021-07-23 17:40:00,DNLI
63.83,63.85,63.7,63.7,1500,2021-07-23 17:45:00,DNLI
63.84,63.95,63.81,63.92,1100,2021-07-23 17:50:00,DNLI
63.92,63.95,63.805,63.87,1000,2021-07-23 17:55:00,DNLI
63.87,63.89,63.77,63.845,2023,2021-07-23 18:00:00,DNLI
63.79,63.86,63.78,63.78,600,2021-07-23 18:05:00,DNLI
63.765,63.96,63.765,63.96,1400,2021-07-23 18:10:00,DNLI
63.96,64.25,63.96,64.25,1501,2021-07-23 18:15:00,DNLI
64.18,64.24,64.125,64.24,600,2021-07-23 18:20:00,DNLI
64.19,64.21,63.965,63.965,1541,2021-07-23 18:25:00,DNLI
64.01,64.11,64.01,64.06,805,2021-07-23 18:30:00,DNLI
64.07,64.07,63.985,63.985,810,2021-07-23 18:35:00,DNLI
63.96,63.96,63.755,63.825,1200,2021-07-23 18:40:00,DNLI
63.79,63.87,63.79,63.84,400,2021-07-23 18:45:00,DNLI
63.815,63.869,63.715,63.8577,3383,2021-07-23 18:50:00,DNLI
63.835,63.91,63.76,63.76,700,2021-07-23 18:55:00,DNLI
63.74,63.74,63.61,63.64,1900,2021-07-23 19:00:00,DNLI
63.645,63.76,63.6,63.76,1650,2021-07-23 19:05:00,DNLI
63.765,63.87,63.765,63.87,600,2021-07-23 19:10:00,DNLI
63.88,63.88,63.77,63.77,1900,2021-07-23 19:15:00,DNLI
63.77,63.77,63.675,63.675,1534,2021-07-23 19:20:00,DNLI
63.64,63.65,63.575,63.58,1510,2021-07-23 19:25:00,DNLI
63.56,63.56,63.4031,63.48,2943,2021-07-23 19:30:00,DNLI
63.52,63.6,63.445,63.59,2910,2021-07-23 19:35:00,DNLI
63.585,63.77,63.585,63.72,4737,2021-07-23 19:40:00,DNLI
63.7,63.745,63.57,63.66,3800,2021-07-23 19:45:00,DNLI
63.69,63.78,63.645,63.76,10562,2021-07-23 19:50:00,DNLI
63.78,63.91,63.67,63.899,24387,2021-07-23 19:55:00,DNLI
51.48,51.5,48.65,48.68,125763,2021-07-26 13:30:00,DNLI
48.695,48.7,47.02,47.95,150480,2021-07-26 13:35:00,DNLI
47.95,49.33,47.617,49.26,110366,2021-07-26 13:40:00,DNLI
49.185,50.14,49.185,49.5,120641,2021-07-26 13:45:00,DNLI
49.475,50.7651,49.4,50.5201,94848,2021-07-26 13:50:00,DNLI
50.58,51.74,50.41,51.63,104386,2021-07-26 13:55:00,DNLI
51.74,52.84,51.51,52.33,76420,2021-07-26 14:00:00,DNLI
52.33,53.58,52.3,53.2,74686,2021-07-26 14:05:00,DNLI
53.2,53.73,52.5301,53.26,58743,2021-07-26 14:10:00,DNLI
53.27,54.65,53.27,54.64,77690,2021-07-26 14:15:00,DNLI
54.5,55.13,53.64,55.13,52043,2021-07-26 14:20:00,DNLI
55.12,55.2,54.45,54.63,70135,2021-07-26 14:25:00,DNLI
54.65,55.62,54.59,54.845,68976,2021-07-26 14:30:00,DNLI
54.86,55.59,54.5,55.525,33670,2021-07-26 14:35:00,DNLI
55.59,55.7415,54.8,54.94,35842,2021-07-26 14:40:00,DNLI
54.95,56.4,54.91,56.24,73000,2021-07-26 14:45:00,DNLI
56.2319,56.255,55.235,55.905,87692,2021-07-26 14:50:00,DNLI
55.905,57.37,55.81,57.12,107803,2021-07-26 14:55:00,DNLI
57.01,57.01,55.99,56.8775,82400,2021-07-26 15:00:00,DNLI
56.8775,57.48,56.48,56.65,94771,2021-07-26 15:05:00,DNLI
56.67,56.7,56.08,56.08,35398,2021-07-26 15:10:00,DNLI
56.14,57.39,56.08,56.923,25833,2021-07-26 15:15:00,DNLI
56.99,56.99,56.2001,56.38,18528,2021-07-26 15:20:00,DNLI
56.325,56.835,56.21,56.53,12960,2021-07-26 15:25:00,DNLI
56.59,56.66,56.1788,56.535,14419,2021-07-26 15:30:00,DNLI
56.61,56.61,56.22,56.37,9894,2021-07-26 15:35:00,DNLI
56.35,56.75,56.35,56.72,11485,2021-07-26 15:40:00,DNLI
56.72,57.47,56.63,57.35,18960,2021-07-26 15:45:00,DNLI
57.28,57.29,56.77,56.8,9677,2021-07-26 15:50:00,DNLI
56.74,56.825,56.5601,56.63,7352,2021-07-26 15:55:00,DNLI
56.63,56.815,56.5798,56.64,13595,2021-07-26 16:00:00,DNLI
56.64,56.64,55.4,55.58,34329,2021-07-26 16:05:00,DNLI
55.54,55.57,54.865,54.865,23990,2021-07-26 16:10:00,DNLI
54.8102,55.0,54.74,54.95,6952,2021-07-26 16:15:00,DNLI
54.91,54.91,54.16,54.62,19992,2021-07-26 16:20:00,DNLI
54.545,54.655,54.3,54.38,15234,2021-07-26 16:25:00,DNLI
54.31,54.48,54.0,54.46,12595,2021-07-26 16:30:00,DNLI
54.455,54.55,54.27,54.5,9543,2021-07-26 16:35:00,DNLI
54.53,54.7533,54.315,54.42,15576,2021-07-26 16:40:00,DNLI
54.405,54.872,54.2699,54.815,11505,2021-07-26 16:45:00,DNLI
54.85,55.02,54.85,54.955,11495,2021-07-26 16:50:00,DNLI
54.965,55.0009,54.81,54.81,6779,2021-07-26 16:55:00,DNLI
54.8199,54.835,54.56,54.5968,6665,2021-07-26 17:00:00,DNLI
54.63,54.859,54.62,54.84,4727,2021-07-26 17:05:00,DNLI
54.845,55.025,54.84,54.86,10837,2021-07-26 17:10:00,DNLI
54.7784,54.7784,54.51,54.7,9776,2021-07-26 17:15:00,DNLI
54.675,55.06,54.675,55.0,3450,2021-07-26 17:20:00,DNLI
55.0,55.0,54.845,54.98,3800,2021-07-26 17:25:00,DNLI
55.0,55.3205,54.94,55.3,13819,2021-07-26 17:30:00,DNLI
55.28,55.3,54.74,54.74,6577,2021-07-26 17:35:00,DNLI
54.789,54.86,54.74,54.805,4339,2021-07-26 17:40:00,DNLI
54.795,55.03,54.7601,54.9799,7353,2021-07-26 17:45:00,DNLI
54.95,54.95,54.775,54.8,3437,2021-07-26 17:50:00,DNLI
54.8,54.9,54.78,54.9,2891,2021-07-26 17:55:00,DNLI
54.9,54.9,54.51,54.52,9917,2021-07-26 18:00:00,DNLI
54.57,54.59,54.31,54.32,5622,2021-07-26 18:05:00,DNLI
54.34,54.37,54.22,54.26,5952,2021-07-26 18:10:00,DNLI
54.25,54.25,53.91,54.1565,10722,2021-07-26 18:15:00,DNLI
54.195,54.364,54.15,54.3,7586,2021-07-26 18:20:00,DNLI
54.3,54.3,53.8001,53.8001,9070,2021-07-26 18:25:00,DNLI
53.87,54.06,53.83,53.915,5240,2021-07-26 18:30:00,DNLI
53.915,54.2,53.89,54.14,11590,2021-07-26 18:35:00,DNLI
54.15,54.54,54.1401,54.48,13940,2021-07-26 18:40:00,DNLI
54.48,54.53,54.125,54.36,9178,2021-07-26 18:45:00,DNLI
54.345,54.345,54.09,54.1,5032,2021-07-26 18:50:00,DNLI
54.13,54.14,53.85,53.85,5903,2021-07-26 18:55:00,DNLI
53.85,54.0645,53.8101,54.055,17701,2021-07-26 19:00:00,DNLI
54.05,54.23,54.05,54.105,11878,2021-07-26 19:05:00,DNLI
54.105,54.36,54.1,54.36,7158,2021-07-26 19:10:00,DNLI
54.35,54.425,54.23,54.35,15145,2021-07-26 19:15:00,DNLI
54.35,54.39,54.13,54.23,16267,2021-07-26 19:20:00,DNLI
54.24,54.5787,54.21,54.49,17326,2021-07-26 19:25:00,DNLI
54.49,54.75,54.42,54.49,28293,2021-07-26 19:30:00,DNLI
54.45,54.46,54.14,54.25,24523,2021-07-26 19:35:00,DNLI
54.25,54.25,53.875,54.02,24422,2021-07-26 19:40:00,DNLI
54.0,54.2,53.9,53.91,21835,2021-07-26 19:45:00,DNLI
53.885,54.2,53.85,54.19,45848,2021-07-26 19:50:00,DNLI
54.19,54.365,54.0,54.13,95583,2021-07-26 19:55:00,DNLI
53.91,54.13,52.01,52.01,21629,2021-07-27 13:30:00,DNLI
52.275,52.275,51.54,51.99,5990,2021-07-27 13:35:00,DNLI
52.0,52.0,51.2141,51.2141,1367,2021-07-27 13:40:00,DNLI
51.0,51.45,50.35,51.28,11939,2021-07-27 13:45:00,DNLI
51.3686,51.4638,51.15,51.25,15938,2021-07-27 13:50:00,DNLI
51.285,51.3175,50.58,50.58,11626,2021-07-27 13:55:00,DNLI
50.44,50.73,50.22,50.31,4800,2021-07-27 14:00:00,DNLI
50.1292,50.56,50.065,50.41,3334,2021-07-27 14:05:00,DNLI
50.38,50.38,50.09,50.2,3300,2021-07-27 14:10:00,DNLI
50.2,50.86,50.0,50.72,8366,2021-07-27 14:15:00,DNLI
50.7,50.86,50.5,50.67,3696,2021-07-27 14:20:00,DNLI
50.6,50.6,50.1,50.1,3881,2021-07-27 14:25:00,DNLI
50.13,50.27,49.88,50.11,15762,2021-07-27 14:30:00,DNLI
50.165,50.3,50.0,50.0,3025,2021-07-27 14:35:00,DNLI
50.01,50.075,49.86,49.925,7307,2021-07-27 14:40:00,DNLI
49.93,50.14,49.69,49.985,17102,2021-07-27 14:45:00,DNLI
49.985,50.03,49.55,49.56,10616,2021-07-27 14:50:00,DNLI
49.525,49.55,49.33,49.33,12730,2021-07-27 14:55:00,DNLI
49.32,50.11,49.32,50.11,6902,2021-07-27 15:00:00,DNLI
50.0,50.01,49.84,49.9,4019,2021-07-27 15:05:00,DNLI
49.85,49.99,49.8,49.8,5354,2021-07-27 15:10:00,DNLI
49.865,49.865,49.72,49.75,3250,2021-07-27 15:15:00,DNLI
49.71,49.7987,49.49,49.63,7068,2021-07-27 15:20:00,DNLI
49.75,49.805,49.51,49.735,8367,2021-07-27 15:25:00,DNLI
49.74,49.815,49.41,49.41,16402,2021-07-27 15:30:00,DNLI
49.37,49.385,49.29,49.34,4282,2021-07-27 15:35:00,DNLI
49.3463,49.38,49.25,49.2701,14452,2021-07-27 15:40:00,DNLI
49.37,49.615,49.34,49.56,8176,2021-07-27 15:45:00,DNLI
49.54,49.595,49.42,49.535,12753,2021-07-27 15:50:00,DNLI
49.5,49.59,49.25,49.3201,20548,2021-07-27 15:55:00,DNLI
49.365,49.365,48.78,48.865,19585,2021-07-27 16:00:00,DNLI
48.87,49.53,48.8,49.375,11072,2021-07-27 16:05:00,DNLI
49.39,49.4493,49.25,49.25,2807,2021-07-27 16:10:00,DNLI
49.305,49.46,49.24,49.41,3150,2021-07-27 16:15:00,DNLI
49.4525,49.4525,49.265,49.265,1600,2021-07-27 16:20:00,DNLI
49.2,49.21,49.12,49.13,2005,2021-07-27 16:25:00,DNLI
49.13,49.225,49.06,49.06,2861,2021-07-27 16:30:00,DNLI
48.98,49.03,48.947,48.96,8437,2021-07-27 16:35:00,DNLI
48.96,49.14,48.96,49.12,3691,2021-07-27 16:40:00,DNLI
49.05,49.05,48.98,49.04,1451,2021-07-27 16:45:00,DNLI
48.95,48.95,48.78,48.78,3064,2021-07-27 16:50:00,DNLI
48.79,48.902,48.77,48.902,4006,2021-07-27 16:55:00,DNLI
48.8445,48.9,48.8,48.85,3070,2021-07-27 17:00:00,DNLI
48.79,48.92,48.76,48.89,10781,2021-07-27 17:05:00,DNLI
48.86,48.91,48.83,48.9,3946,2021-07-27 17:10:00,DNLI
48.82,48.9899,48.7,48.7,14280,2021-07-27 17:15:00,DNLI
48.66,48.72,48.46,48.72,8411,2021-07-27 17:20:00,DNLI
48.73,48.94,48.66,48.7,6710,2021-07-27 17:25:00,DNLI
48.6654,48.7,48.61,48.7,1000,2021-07-27 17:30:00,DNLI
48.77,48.92,48.77,48.78,3250,2021-07-27 17:35:00,DNLI
48.75,48.88,48.5,48.5,8070,2021-07-27 17:40:00,DNLI
48.46,48.75,48.46,48.7341,1935,2021-07-27 17:45:00,DNLI
48.79,48.84,48.42,48.57,8880,2021-07-27 17:50:00,DNLI
48.6294,48.665,48.42,48.555,4203,2021-07-27 17:55:00,DNLI
48.55,48.595,48.42,48.48,5403,2021-07-27 18:00:00,DNLI
48.48,48.51,48.42,48.45,5841,2021-07-27 18:05:00,DNLI
48.515,48.61,48.42,48.475,3536,2021-07-27 18:10:00,DNLI
48.475,48.56,48.33,48.56,13373,2021-07-27 18:15:00,DNLI
48.66,48.725,48.55,48.575,4040,2021-07-27 18:20:00,DNLI
48.575,48.575,48.29,48.34,5200,2021-07-27 18:25:00,DNLI
48.35,48.545,48.29,48.44,5039,2021-07-27 18:30:00,DNLI
48.42,48.42,48.13,48.2,2560,2021-07-27 18:35:00,DNLI
48.235,48.41,48.22,48.4001,11797,2021-07-27 18:40:00,DNLI
48.42,48.65,48.42,48.56,2300,2021-07-27 18:45:00,DNLI
48.58,48.61,48.39,48.4,4190,2021-07-27 18:50:00,DNLI
48.38,48.64,48.38,48.59,5900,2021-07-27 18:55:00,DNLI
48.625,48.86,48.625,48.78,4949,2021-07-27 19:00:00,DNLI
48.78,48.82,48.72,48.75,2850,2021-07-27 19:05:00,DNLI
48.75,48.78,48.715,48.75,3791,2021-07-27 19:10:00,DNLI
48.75,48.79,48.53,48.53,11392,2021-07-27 19:15:00,DNLI
48.5,48.545,48.32,48.4,5400,2021-07-27 19:20:00,DNLI
48.415,48.425,48.25,48.405,8043,2021-07-27 19:25:00,DNLI
48.48,48.54,48.46,48.46,7560,2021-07-27 19:30:00,DNLI
48.48,48.48,48.31,48.44,9174,2021-07-27 19:35:00,DNLI
48.455,48.495,48.36,48.455,19316,2021-07-27 19:40:00,DNLI
48.46,48.87,48.46,48.865,24559,2021-07-27 19:45:00,DNLI
48.89,49.03,48.88,48.93,23549,2021-07-27 19:50:00,DNLI
48.94,49.0,48.89,48.96,53035,2021-07-27 19:55:00,DNLI
49.04,50.405,49.04,49.41,4614,2021-07-28 13:30:00,DNLI
49.7,50.185,49.7,50.16,3222,2021-07-28 13:35:00,DNLI
50.04,50.3121,49.94,50.265,18168,2021-07-28 13:40:00,DNLI
50.2,50.54,49.8,50.54,4407,2021-07-28 13:45:00,DNLI
50.83,51.01,50.47,50.73,2586,2021-07-28 13:50:00,DNLI
50.68,50.87,50.476,50.62,1628,2021-07-28 13:55:00,DNLI
50.85,50.85,50.02,50.04,11342,2021-07-28 14:00:00,DNLI
50.04,50.05,49.74,49.795,4992,2021-07-28 14:05:00,DNLI
49.9,49.93,49.7,49.7,5700,2021-07-28 14:10:00,DNLI
49.9,49.93,49.705,49.715,1600,2021-07-28 14:15:00,DNLI
49.89,49.91,49.715,49.83,5285,2021-07-28 14:20:00,DNLI
49.8,49.8,49.31,49.48,4821,2021-07-28 14:25:00,DNLI
49.49,49.495,49.36,49.4,500,2021-07-28 14:30:00,DNLI
49.59,50.0,49.5271,49.97,6818,2021-07-28 14:35:00,DNLI
49.92,50.0,49.61,49.61,6056,2021-07-28 14:40:00,DNLI
49.58,49.74,49.58,49.61,600,2021-07-28 14:45:00,DNLI
49.9,50.05,49.89,50.05,900,2021-07-28 14:50:00,DNLI
50.0,50.1836,49.99,50.0,14128,2021-07-28 14:55:00,DNLI
50.025,50.11,49.985,50.03,6440,2021-07-28 15:00:00,DNLI
50.01,50.02,49.975,49.9792,2800,2021-07-28 15:05:00,DNLI
49.99,50.01,49.99,50.0,1109,2021-07-28 15:10:00,DNLI
50.0,50.01,49.93,49.965,3175,2021-07-28 15:15:00,DNLI
49.95,50.01,49.91,49.935,4904,2021-07-28 15:20:00,DNLI
49.86,49.9,49.68,49.68,2183,2021-07-28 15:25:00,DNLI
49.725,49.725,49.725,49.725,100,2021-07-28 15:30:00,DNLI
49.735,49.735,49.43,49.4513,3713,2021-07-28 15:35:00,DNLI
49.51,49.55,49.42,49.485,3100,2021-07-28 15:40:00,DNLI
49.54,49.56,49.485,49.49,900,2021-07-28 15:45:00,DNLI
49.56,49.97,49.545,49.78,3000,2021-07-28 15:50:00,DNLI
49.9,50.18,49.9,50.16,5216,2021-07-28 15:55:00,DNLI
50.27,50.5,50.27,50.5,2903,2021-07-28 16:00:00,DNLI
50.62,51.3,50.62,51.3,8445,2021-07-28 16:05:00,DNLI
51.34,51.499,51.18,51.18,11175,2021-07-28 16:10:00,DNLI
51.13,51.17,51.05,51.05,1900,2021-07-28 16:15:00,DNLI
50.91,50.91,50.72,50.72,3126,2021-07-28 16:20:00,DNLI
50.56,50.6,50.56,50.6,1181,2021-07-28 16:25:00,DNLI
50.61,50.61,50.36,50.37,1600,2021-07-28 16:30:00,DNLI
50.38,50.38,50.26,50.306,2900,2021-07-28 16:35:00,DNLI
50.28,50.28,50.28,50.28,100,2021-07-28 16:40:00,DNLI
50.21,50.21,50.11,50.21,1734,2021-07-28 16:45:00,DNLI
50.18,50.32,50.18,50.32,898,2021-07-28 16:50:00,DNLI
50.3,50.31,50.15,50.15,2202,2021-07-28 16:55:00,DNLI
50.22,50.62,50.2,50.56,5100,2021-07-28 17:00:00,DNLI
50.6,50.69,50.58,50.67,2900,2021-07-28 17:05:00,DNLI
50.71,50.96,50.69,50.96,4460,2021-07-28 17:10:00,DNLI
50.9418,51.05,50.86,51.05,5031,2021-07-28 17:15:00,DNLI
51.03,51.13,51.0,51.03,2799,2021-07-28 17:20:00,DNLI
51.08,51.1,50.98,51.0807,4394,2021-07-28 17:25:00,DNLI
51.0581,51.0581,50.87,50.92,4021,2021-07-28 17:30:00,DNLI
50.86,50.86,50.67,50.73,1293,2021-07-28 17:35:00,DNLI
50.7799,50.88,50.66,50.855,3717,2021-07-28 17:40:00,DNLI
50.82,50.87,50.775,50.86,2122,2021-07-28 17:45:00,DNLI
50.88,51.09,50.88,51.09,1100,2021-07-28 17:50:00,DNLI
51.16,51.42,51.16,51.315,2433,2021-07-28 17:55:00,DNLI
51.25,51.48,51.09,51.48,3036,2021-07-28 18:00:00,DNLI
51.46,51.48,51.08,51.215,9223,2021-07-28 18:05:00,DNLI
51.08,51.28,51.08,51.08,1500,2021-07-28 18:10:00,DNLI
51.08,51.36,51.08,51.275,1664,2021-07-28 18:15:00,DNLI
51.255,51.255,51.01,51.14,3546,2021-07-28 18:20:00,DNLI
51.07,51.07,51.0,51.0,536,2021-07-28 18:25:00,DNLI
51.14,51.21,51.14,51.195,800,2021-07-28 18:30:00,DNLI
51.1,51.23,51.01,51.23,2000,2021-07-28 18:35:00,DNLI
51.32,51.44,51.32,51.41,1607,2021-07-28 18:40:00,DNLI
51.47,51.5573,51.42,51.5573,4200,2021-07-28 18:45:00,DNLI
51.57,51.73,51.56,51.59,4349,2021-07-28 18:50:00,DNLI
51.6,51.77,51.565,51.77,11747,2021-07-28 18:55:00,DNLI
51.94,51.95,51.77,51.9312,4102,2021-07-28 19:00:00,DNLI
51.95,52.13,51.95,52.045,3713,2021-07-28 19:05:00,DNLI
52.0,52.19,51.95,52.19,6523,2021-07-28 19:10:00,DNLI
52.19,52.28,52.13,52.27,5300,2021-07-28 19:15:00,DNLI
52.23,52.305,52.15,52.26,5310,2021-07-28 19:20:00,DNLI
52.2544,52.4,52.2544,52.33,5087,2021-07-28 19:25:00,DNLI
52.36,52.5,52.29,52.29,5279,2021-07-28 19:30:00,DNLI
52.27,52.28,52.07,52.095,5545,2021-07-28 19:35:00,DNLI
52.06,52.06,51.74,51.78,6196,2021-07-28 19:40:00,DNLI
51.81,51.91,51.81,51.9,8362,2021-07-28 19:45:00,DNLI
51.93,52.02,51.7,51.815,19030,2021-07-28 19:50:00,DNLI
51.815,51.85,51.51,51.52,38678,2021-07-28 19:55:00,DNLI
51.88,52.49,51.4409,51.565,8638,2021-07-29 13:30:00,DNLI
51.15,51.83,51.15,51.83,1536,2021-07-29 13:35:00,DNLI
51.935,52.25,51.935,52.015,500,2021-07-29 13:40:00,DNLI
52.25,52.25,51.75,52.13,3878,2021-07-29 13:45:00,DNLI
51.9641,52.505,51.59,51.59,4675,2021-07-29 13:50:00,DNLI
51.87,52.18,51.75,52.18,20790,2021-07-29 13:55:00,DNLI
51.92,52.0889,51.78,52.0448,4418,2021-07-29 14:00:00,DNLI
51.98,52.11,51.69,51.96,6552,2021-07-29 14:05:00,DNLI
52.11,52.18,51.82,52.0967,2571,2021-07-29 14:10:00,DNLI
52.0,52.0,51.16,51.16,2590,2021-07-29 14:15:00,DNLI
51.13,51.325,51.11,51.1153,900,2021-07-29 14:20:00,DNLI
51.0,51.23,50.86,50.94,5033,2021-07-29 14:25:00,DNLI
50.92,51.03,50.615,51.0,3381,2021-07-29 14:30:00,DNLI
51.0,51.14,50.885,51.0428,5829,2021-07-29 14:35:00,DNLI
51.0,51.31,51.0,51.139,1637,2021-07-29 14:40:00,DNLI
51.22,51.57,51.22,51.57,849,2021-07-29 14:45:00,DNLI
51.44,51.53,51.44,51.53,1361,2021-07-29 14:50:00,DNLI
51.455,51.52,51.36,51.48,4900,2021-07-29 14:55:00,DNLI
51.445,51.495,51.3,51.375,1022,2021-07-29 15:00:00,DNLI
51.36,51.36,51.08,51.08,600,2021-07-29 15:05:00,DNLI
51.135,51.3097,51.135,51.15,1200,2021-07-29 15:10:00,DNLI
51.08,51.18,51.08,51.18,1900,2021-07-29 15:15:00,DNLI
51.12,51.27,51.0,51.27,1400,2021-07-29 15:20:00,DNLI
51.2888,51.35,51.25,51.25,1249,2021-07-29 15:25:00,DNLI
51.37,51.37,51.005,51.09,3170,2021-07-29 15:30:00,DNLI
51.13,51.13,51.024,51.024,250,2021-07-29 15:35:00,DNLI
51.1253,51.19,51.105,51.1675,1900,2021-07-29 15:40:00,DNLI
51.15,51.215,51.15,51.215,400,2021-07-29 15:45:00,DNLI
51.245,51.3327,51.19,51.3327,3804,2021-07-29 15:50:00,DNLI
51.23,51.28,51.225,51.28,700,2021-07-29 15:55:00,DNLI
51.36,51.52,51.36,51.52,900,2021-07-29 16:00:00,DNLI
51.475,51.55,51.475,51.48,700,2021-07-29 16:05:00,DNLI
51.55,51.6165,51.36,51.415,6282,2021-07-29 16:10:00,DNLI
51.415,51.49,51.415,51.48,1200,2021-07-29 16:15:00,DNLI
51.5,51.5,51.27,51.27,2500,2021-07-29 16:20:00,DNLI
51.22,51.305,51.22,51.305,1900,2021-07-29 16:25:00,DNLI
51.3,51.3,51.205,51.28,5100,2021-07-29 16:30:00,DNLI
51.31,51.495,51.31,51.4,2300,2021-07-29 16:35:00,DNLI
51.48,51.53,51.2,51.22,4858,2021-07-29 16:45:00,DNLI
51.22,51.305,51.22,51.225,700,2021-07-29 16:50:00,DNLI
51.305,51.42,51.305,51.42,300,2021-07-29 16:55:00,DNLI
51.485,51.6172,51.485,51.6172,300,2021-07-29 17:00:00,DNLI
51.52,51.54,51.485,51.54,400,2021-07-29 17:05:00,DNLI
51.47,51.48,51.38,51.45,1112,2021-07-29 17:10:00,DNLI
51.37,51.37,51.26,51.33,1200,2021-07-29 17:15:00,DNLI
51.36,51.36,51.36,51.36,100,2021-07-29 17:20:00,DNLI
51.16,51.23,51.16,51.195,1000,2021-07-29 17:25:00,DNLI
51.225,51.285,51.12,51.21,5221,2021-07-29 17:30:00,DNLI
51.2,51.2,51.145,51.145,1300,2021-07-29 17:35:00,DNLI
51.12,51.155,51.06,51.1,1321,2021-07-29 17:40:00,DNLI
51.125,51.26,51.07,51.26,5991,2021-07-29 17:45:00,DNLI
51.22,51.22,51.065,51.165,2400,2021-07-29 17:50:00,DNLI
51.165,51.165,51.085,51.095,1700,2021-07-29 17:55:00,DNLI
51.085,51.155,51.085,51.155,702,2021-07-29 18:00:00,DNLI
51.0908,51.18,51.08,51.1001,1500,2021-07-29 18:05:00,DNLI
51.1,51.14,51.0,51.055,3219,2021-07-29 18:10:00,DNLI
51.04,51.07,50.78,50.845,3122,2021-07-29 18:15:00,DNLI
50.845,50.935,50.78,50.935,5258,2021-07-29 18:20:00,DNLI
50.91,50.95,50.85,50.95,9009,2021-07-29 18:25:00,DNLI
50.98,50.99,50.86,50.91,3200,2021-07-29 18:30:00,DNLI
50.91,50.95,50.89,50.905,4246,2021-07-29 18:35:00,DNLI
50.9,51.03,50.89,50.9,3700,2021-07-29 18:40:00,DNLI
50.89,50.97,50.805,50.87,4537,2021-07-29 18:45:00,DNLI
50.875,50.875,50.66,50.69,2278,2021-07-29 18:50:00,DNLI
50.83,50.83,50.47,50.47,3280,2021-07-29 18:55:00,DNLI
50.44,50.65,50.44,50.61,3601,2021-07-29 19:00:00,DNLI
50.61,50.87,50.61,50.81,2000,2021-07-29 19:05:00,DNLI
50.82,51.07,50.7825,51.07,3516,2021-07-29 19:10:00,DNLI
51.005,51.065,50.93,51.01,4914,2021-07-29 19:15:00,DNLI
51.055,51.055,50.98,50.99,3189,2021-07-29 19:20:00,DNLI
50.99,51.06,50.95,50.97,10899,2021-07-29 19:25:00,DNLI
50.99,51.05,50.96,51.02,4537,2021-07-29 19:30:00,DNLI
51.07,51.07,50.975,50.975,4509,2021-07-29 19:35:00,DNLI
50.975,51.058,50.865,50.99,7418,2021-07-29 19:40:00,DNLI
50.99,51.09,50.84,50.915,5974,2021-07-29 19:45:00,DNLI
50.84,50.97,50.83,50.97,5146,2021-07-29 19:50:00,DNLI
50.965,51.02,50.88,51.02,24074,2021-07-29 19:55:00,DNLI
50.79,51.69,50.75,51.69,5444,2021-07-30 13:30:00,DNLI
51.71,51.8,51.71,51.8,500,2021-07-30 13:35:00,DNLI
51.66,51.98,51.55,51.97,2609,2021-07-30 13:40:00,DNLI
51.96,52.0,51.85,51.97,2400,2021-07-30 13:45:00,DNLI
51.97,52.26,51.855,52.26,4700,2021-07-30 13:50:00,DNLI
52.2069,52.655,52.2069,52.47,3230,2021-07-30 13:55:00,DNLI
52.46,52.94,52.46,52.92,1800,2021-07-30 14:00:00,DNLI
52.81,53.04,52.735,52.815,5927,2021-07-30 14:05:00,DNLI
52.67,52.84,52.52,52.71,1000,2021-07-30 14:10:00,DNLI
52.56,52.56,52.07,52.07,3882,2021-07-30 14:15:00,DNLI
51.82,52.1,51.75,51.985,1100,2021-07-30 14:20:00,DNLI
52.085,52.19,51.905,52.06,2601,2021-07-30 14:25:00,DNLI
52.015,52.16,51.9,52.13,2100,2021-07-30 14:30:00,DNLI
52.13,52.36,52.13,52.3,2228,2021-07-30 14:35:00,DNLI
52.15,52.17,51.98,52.08,3594,2021-07-30 14:40:00,DNLI
52.01,52.05,51.935,52.05,1100,2021-07-30 14:45:00,DNLI
52.08,52.23,51.9997,52.01,4684,2021-07-30 14:50:00,DNLI
52.12,52.12,52.0,52.015,2200,2021-07-30 14:55:00,DNLI
52.02,52.06,51.84,51.965,2024,2021-07-30 15:00:00,DNLI
51.965,51.965,51.965,51.965,200,2021-07-30 15:10:00,DNLI
51.86,51.96,51.51,51.51,3359,2021-07-30 15:20:00,DNLI
51.2501,51.52,51.2501,51.49,1480,2021-07-30 15:25:00,DNLI
51.44,51.52,51.32,51.415,1500,2021-07-30 15:30:00,DNLI
51.425,51.5,51.405,51.415,4100,2021-07-30 15:35:00,DNLI
51.5,51.675,51.46,51.65,6192,2021-07-30 15:40:00,DNLI
51.66,51.785,51.63,51.785,1816,2021-07-30 15:45:00,DNLI
51.86,52.04,51.785,52.04,1755,2021-07-30 15:50:00,DNLI
52.03,52.03,51.555,51.735,1200,2021-07-30 15:55:00,DNLI
51.79,51.79,51.545,51.545,1550,2021-07-30 16:00:00,DNLI
51.545,51.65,51.44,51.44,1100,2021-07-30 16:05:00,DNLI
51.21,51.21,51.21,51.21,200,2021-07-30 16:10:00,DNLI
51.315,51.42,51.315,51.4,400,2021-07-30 16:15:00,DNLI
51.31,51.4,51.21,51.3324,900,2021-07-30 16:20:00,DNLI
51.33,51.35,51.26,51.26,900,2021-07-30 16:25:00,DNLI
51.31,51.55,51.26,51.43,5966,2021-07-30 16:30:00,DNLI
51.55,51.57,51.4,51.57,1470,2021-07-30 16:35:00,DNLI
51.59,51.62,51.56,51.56,700,2021-07-30 16:40:00,DNLI
51.6304,51.78,51.59,51.69,2600,2021-07-30 16:45:00,DNLI
51.86,51.86,51.775,51.835,1000,2021-07-30 16:50:00,DNLI
51.81,51.9,51.78,51.86,5497,2021-07-30 16:55:00,DNLI
51.86,51.97,51.665,51.665,8882,2021-07-30 17:00:00,DNLI
51.745,51.92,51.665,51.855,2400,2021-07-30 17:05:00,DNLI
51.91,51.99,51.79,51.94,5117,2021-07-30 17:10:00,DNLI
51.89,51.94,51.485,51.68,6836,2021-07-30 17:15:00,DNLI
51.77,51.77,51.69,51.77,500,2021-07-30 17:20:00,DNLI
51.69,51.86,51.69,51.86,1100,2021-07-30 17:25:00,DNLI
51.79,51.85,51.68,51.76,1800,2021-07-30 17:30:00,DNLI
51.77,51.79,51.69,51.715,3434,2021-07-30 17:35:00,DNLI
51.735,51.77,51.735,51.74,800,2021-07-30 17:40:00,DNLI
51.81,51.91,51.715,51.775,8750,2021-07-30 17:45:00,DNLI
51.775,51.86,51.715,51.86,600,2021-07-30 17:50:00,DNLI
51.78,51.85,51.72,51.78,759,2021-07-30 17:55:00,DNLI
51.85,51.85,51.595,51.605,3393,2021-07-30 18:00:00,DNLI
51.59,51.75,51.59,51.75,823,2021-07-30 18:05:00,DNLI
51.78,51.78,51.44,51.565,5841,2021-07-30 18:10:00,DNLI
51.565,51.67,51.305,51.67,1867,2021-07-30 18:15:00,DNLI
51.61,51.75,51.5116,51.675,2350,2021-07-30 18:20:00,DNLI
51.73,51.9,51.575,51.665,2850,2021-07-30 18:25:00,DNLI
51.735,51.81,51.51,51.58,4315,2021-07-30 18:30:00,DNLI
51.54,51.65,51.52,51.62,3509,2021-07-30 18:35:00,DNLI
51.51,51.6134,51.32,51.57,3380,2021-07-30 18:40:00,DNLI
51.6,51.6,51.53,51.57,1400,2021-07-30 18:45:00,DNLI
51.57,51.64,51.54,51.58,1200,2021-07-30 18:50:00,DNLI
51.58,51.58,51.43,51.485,3480,2021-07-30 18:55:00,DNLI
51.495,51.7,51.495,51.68,4749,2021-07-30 19:00:00,DNLI
51.68,51.68,51.595,51.67,2606,2021-07-30 19:05:00,DNLI
51.64,51.71,51.55,51.71,3944,2021-07-30 19:10:00,DNLI
51.715,51.715,51.57,51.64,2693,2021-07-30 19:15:00,DNLI
51.71,51.71,51.415,51.53,4818,2021-07-30 19:20:00,DNLI
51.545,51.63,51.52,51.59,3116,2021-07-30 19:25:00,DNLI
51.62,51.65,51.28,51.35,4121,2021-07-30 19:30:00,DNLI
51.37,51.37,51.12,51.15,3465,2021-07-30 19:35:00,DNLI
51.13,51.26,51.1,51.26,4942,2021-07-30 19:40:00,DNLI
51.23,51.26,51.11,51.215,6587,2021-07-30 19:45:00,DNLI
51.19,51.215,51.03,51.08,18193,2021-07-30 19:50:00,DNLI
51.08,51.12,50.99,51.01,31825,2021-07-30 19:55:00,DNLI
51.38,51.95,51.2,51.9199,5902,2021-08-02 13:30:00,DNLI
51.39,51.39,50.7,50.97,8643,2021-08-02 13:35:00,DNLI
50.95,51.32,50.8,50.985,12487,2021-08-02 13:40:00,DNLI
51.05,51.5,51.05,51.35,4575,2021-08-02 13:45:00,DNLI
51.48,51.73,51.48,51.62,5613,2021-08-02 13:50:00,DNLI
51.55,52.18,51.55,52.18,2225,2021-08-02 13:55:00,DNLI
52.065,52.3,52.065,52.3,500,2021-08-02 14:00:00,DNLI
52.32,52.41,52.15,52.41,901,2021-08-02 14:05:00,DNLI
52.2,52.22,51.89,51.94,2350,2021-08-02 14:10:00,DNLI
51.79,51.99,51.69,51.69,1336,2021-08-02 14:15:00,DNLI
51.6185,51.79,51.55,51.55,1738,2021-08-02 14:20:00,DNLI
51.5,51.7,51.42,51.64,800,2021-08-02 14:25:00,DNLI
51.75,52.03,51.73,52.03,2498,2021-08-02 14:30:00,DNLI
52.12,52.12,52.025,52.025,600,2021-08-02 14:35:00,DNLI
51.9,52.15,51.61,52.05,1550,2021-08-02 14:40:00,DNLI
52.1826,52.1826,52.05,52.05,1700,2021-08-02 14:45:00,DNLI
52.14,52.22,52.07,52.145,1290,2021-08-02 14:50:00,DNLI
52.02,52.02,51.8,51.8,600,2021-08-02 14:55:00,DNLI
51.81,51.81,51.57,51.65,1300,2021-08-02 15:00:00,DNLI
51.83,52.02,51.54,51.8,5220,2021-08-02 15:05:00,DNLI
51.975,51.975,51.85,51.97,300,2021-08-02 15:10:00,DNLI
51.945,51.945,51.78,51.81,1000,2021-08-02 15:15:00,DNLI
51.83,52.13,51.83,52.11,8698,2021-08-02 15:20:00,DNLI
52.09,52.1,51.98,52.1,2522,2021-08-02 15:25:00,DNLI
52.16,52.16,52.05,52.105,1177,2021-08-02 15:30:00,DNLI
51.98,52.31,51.98,52.31,1100,2021-08-02 15:35:00,DNLI
52.15,52.32,52.15,52.16,4102,2021-08-02 15:40:00,DNLI
52.3,52.41,52.3,52.41,1314,2021-08-02 15:45:00,DNLI
52.36,52.44,52.36,52.37,1100,2021-08-02 15:50:00,DNLI
52.36,52.36,52.12,52.12,1863,2021-08-02 15:55:00,DNLI
52.11,52.23,52.06,52.23,1200,2021-08-02 16:00:00,DNLI
52.14,52.225,51.8,51.91,1100,2021-08-02 16:05:00,DNLI
51.8,52.06,51.8,52.02,1739,2021-08-02 16:10:00,DNLI
52.045,52.12,51.88,51.88,1430,2021-08-02 16:15:00,DNLI
51.95,52.06,51.82,52.06,2000,2021-08-02 16:20:00,DNLI
52.065,52.065,51.945,51.945,800,2021-08-02 16:25:00,DNLI
52.125,52.23,52.125,52.145,600,2021-08-02 16:30:00,DNLI
52.1,52.25,52.1,52.14,848,2021-08-02 16:35:00,DNLI
52.26,52.295,52.17,52.25,4421,2021-08-02 16:40:00,DNLI
52.25,52.315,52.16,52.31,3952,2021-08-02 16:45:00,DNLI
52.32,52.36,52.31,52.32,600,2021-08-02 16:50:00,DNLI
52.335,52.335,52.085,52.115,1242,2021-08-02 16:55:00,DNLI
52.13,52.2,52.09,52.145,2413,2021-08-02 17:00:00,DNLI
52.12,52.12,52.06,52.06,1021,2021-08-02 17:05:00,DNLI
52.08,52.08,52.08,52.08,100,2021-08-02 17:10:00,DNLI
52.06,52.2,52.02,52.2,1703,2021-08-02 17:15:00,DNLI
52.23,52.28,52.21,52.28,964,2021-08-02 17:20:00,DNLI
52.32,52.32,52.25,52.25,200,2021-08-02 17:25:00,DNLI
52.23,52.35,52.23,52.27,600,2021-08-02 17:30:00,DNLI
52.44,52.44,52.34,52.35,800,2021-08-02 17:35:00,DNLI
52.29,52.29,52.22,52.22,718,2021-08-02 17:40:00,DNLI
52.205,52.205,52.06,52.07,1300,2021-08-02 17:45:00,DNLI
52.02,52.03,51.91,51.985,1600,2021-08-02 17:50:00,DNLI
52.04,52.04,51.87,51.95,1195,2021-08-02 17:55:00,DNLI
51.98,52.07,51.975,52.03,2235,2021-08-02 18:00:00,DNLI
51.96,52.03,51.55,51.55,5882,2021-08-02 18:05:00,DNLI
51.65,51.7,51.41,51.41,3900,2021-08-02 18:10:00,DNLI
51.525,51.53,51.43,51.49,2561,2021-08-02 18:15:00,DNLI
51.48,51.48,51.37,51.4,1600,2021-08-02 18:20:00,DNLI
51.35,51.45,51.35,51.45,3400,2021-08-02 18:25:00,DNLI
51.51,51.62,51.48,51.56,2201,2021-08-02 18:30:00,DNLI
51.48,51.55,51.42,51.53,1136,2021-08-02 18:35:00,DNLI
51.52,51.52,51.43,51.44,1873,2021-08-02 18:40:00,DNLI
51.5,51.56,51.4,51.5,3782,2021-08-02 18:45:00,DNLI
51.455,51.54,51.41,51.43,3428,2021-08-02 18:50:00,DNLI
51.39,51.43,51.315,51.37,4200,2021-08-02 18:55:00,DNLI
51.45,51.54,51.445,51.5,1500,2021-08-02 19:00:00,DNLI
51.52,51.52,51.355,51.36,1438,2021-08-02 19:05:00,DNLI
51.25,51.38,51.25,51.31,2286,2021-08-02 19:10:00,DNLI
51.34,51.34,51.2,51.2,1649,2021-08-02 19:15:00,DNLI
51.13,51.15,51.03,51.145,3218,2021-08-02 19:20:00,DNLI
51.11,51.17,51.0,51.03,4779,2021-08-02 19:25:00,DNLI
51.03,51.12,50.87,50.9,5407,2021-08-02 19:30:00,DNLI
50.91,51.12,50.85,50.955,5615,2021-08-02 19:35:00,DNLI
50.93,51.0,50.87,50.88,3241,2021-08-02 19:40:00,DNLI
50.86,50.935,50.75,50.76,6159,2021-08-02 19:45:00,DNLI
50.765,50.78,50.42,50.58,22430,2021-08-02 19:50:00,DNLI
50.54,50.63,50.4,50.44,61526,2021-08-02 19:55:00,DNLI
50.45,50.74,50.2,50.255,5881,2021-08-03 13:30:00,DNLI
50.12,50.205,49.63,50.01,1960,2021-08-03 13:35:00,DNLI
50.34,50.5,49.86,49.86,2400,2021-08-03 13:40:00,DNLI
50.11,50.79,50.11,50.79,1155,2021-08-03 13:45:00,DNLI
50.42,50.42,50.13,50.18,1090,2021-08-03 13:50:00,DNLI
50.175,50.18,50.175,50.175,504,2021-08-03 13:55:00,DNLI
50.23,50.33,49.87,50.325,1600,2021-08-03 14:00:00,DNLI
50.27,50.46,50.12,50.265,500,2021-08-03 14:05:00,DNLI
50.095,50.26,50.095,50.26,702,2021-08-03 14:10:00,DNLI
50.18,50.18,49.98,50.1,930,2021-08-03 14:15:00,DNLI
50.21,50.57,50.21,50.57,1200,2021-08-03 14:20:00,DNLI
50.395,50.51,50.38,50.485,900,2021-08-03 14:25:00,DNLI
50.445,50.55,50.445,50.5,970,2021-08-03 14:30:00,DNLI
50.53,50.63,50.4726,50.63,1550,2021-08-03 14:35:00,DNLI
50.63,50.66,50.61,50.66,600,2021-08-03 14:40:00,DNLI
50.61,50.61,50.42,50.42,1682,2021-08-03 14:45:00,DNLI
50.35,50.35,50.109,50.195,456,2021-08-03 14:50:00,DNLI
50.195,50.34,50.16,50.2177,1431,2021-08-03 14:55:00,DNLI
50.27,50.64,50.26,50.52,2274,2021-08-03 15:00:00,DNLI
50.52,50.58,50.4794,50.53,850,2021-08-03 15:05:00,DNLI
50.54,50.54,50.34,50.34,806,2021-08-03 15:15:00,DNLI
50.37,50.38,50.32,50.32,943,2021-08-03 15:20:00,DNLI
50.23,50.45,50.23,50.38,6597,2021-08-03 15:25:00,DNLI
50.435,50.56,50.39,50.56,1794,2021-08-03 15:30:00,DNLI
50.545,50.79,50.545,50.79,2000,2021-08-03 15:35:00,DNLI
50.68,50.72,50.62,50.64,1113,2021-08-03 15:40:00,DNLI
50.77,50.8,50.76,50.76,718,2021-08-03 15:45:00,DNLI
50.76,50.82,50.66,50.69,1202,2021-08-03 15:50:00,DNLI
50.72,50.755,50.72,50.72,700,2021-08-03 15:55:00,DNLI
50.7,50.7,50.69,50.69,200,2021-08-03 16:00:00,DNLI
50.679,50.71,50.65,50.65,600,2021-08-03 16:05:00,DNLI
50.65,50.65,50.515,50.515,900,2021-08-03 16:10:00,DNLI
50.6,50.68,50.585,50.67,1100,2021-08-03 16:15:00,DNLI
50.74,50.74,50.67,50.67,200,2021-08-03 16:20:00,DNLI
50.665,50.665,50.665,50.665,600,2021-08-03 16:25:00,DNLI
50.665,50.71,50.58,50.665,5358,2021-08-03 16:30:00,DNLI
50.72,50.82,50.72,50.78,700,2021-08-03 16:35:00,DNLI
50.76,50.76,50.71,50.71,670,2021-08-03 16:40:00,DNLI
50.72,50.725,50.66,50.725,800,2021-08-03 16:45:00,DNLI
50.665,50.79,50.665,50.725,600,2021-08-03 16:50:00,DNLI
50.692,50.74,50.68,50.692,700,2021-08-03 16:55:00,DNLI
50.73,50.74,50.68,50.74,600,2021-08-03 17:00:00,DNLI
50.692,50.74,50.692,50.74,500,2021-08-03 17:05:00,DNLI
50.692,50.8,50.692,50.8,691,2021-08-03 17:10:00,DNLI
50.74,50.74,50.63,50.69,1759,2021-08-03 17:15:00,DNLI
50.57,50.625,50.52,50.52,1800,2021-08-03 17:20:00,DNLI
50.52,50.52,50.415,50.44,5671,2021-08-03 17:25:00,DNLI
50.44,50.52,50.44,50.475,1900,2021-08-03 17:30:00,DNLI
50.5,50.56,50.46,50.51,2000,2021-08-03 17:35:00,DNLI
50.53,50.53,50.53,50.53,100,2021-08-03 17:40:00,DNLI
50.57,50.57,50.5,50.5,300,2021-08-03 17:45:00,DNLI
50.5294,50.5294,50.42,50.42,1100,2021-08-03 17:50:00,DNLI
50.54,50.56,50.48,50.495,1979,2021-08-03 17:55:00,DNLI
50.49,50.49,50.31,50.31,838,2021-08-03 18:00:00,DNLI
50.36,50.36,50.29,50.36,1150,2021-08-03 18:05:00,DNLI
50.39,50.395,50.35,50.37,1027,2021-08-03 18:10:00,DNLI
50.315,50.37,50.165,50.172,1099,2021-08-03 18:15:00,DNLI
50.215,50.46,50.215,50.46,3002,2021-08-03 18:20:00,DNLI
50.55,50.85,50.55,50.85,800,2021-08-03 18:25:00,DNLI
50.85,50.92,50.795,50.92,1727,2021-08-03 18:30:00,DNLI
50.94,51.17,50.92,51.17,2287,2021-08-03 18:35:00,DNLI
51.15,51.18,51.1,51.18,2079,2021-08-03 18:40:00,DNLI
51.165,51.18,51.05,51.05,2767,2021-08-03 18:45:00,DNLI
50.97,51.0,50.88,50.945,600,2021-08-03 18:50:00,DNLI
50.945,51.01,50.81,50.88,2000,2021-08-03 18:55:00,DNLI
50.88,50.88,50.755,50.825,2339,2021-08-03 19:00:00,DNLI
50.98,51.0,50.89,50.985,1200,2021-08-03 19:05:00,DNLI
50.99,51.13,50.95,50.975,2440,2021-08-03 19:10:00,DNLI
50.975,50.975,50.74,50.74,800,2021-08-03 19:15:00,DNLI
50.74,50.97,50.74,50.915,2689,2021-08-03 19:20:00,DNLI
50.96,51.08,50.95,51.02,3100,2021-08-03 19:25:00,DNLI
51.07,51.07,50.93,50.94,2775,2021-08-03 19:30:00,DNLI
50.975,50.975,50.88,50.94,2962,2021-08-03 19:35:00,DNLI
50.925,50.98,50.82,50.82,3727,2021-08-03 19:40:00,DNLI
50.83,50.9199,50.755,50.88,4177,2021-08-03 19:45:00,DNLI
50.94,51.23,50.91,51.23,7634,2021-08-03 19:50:00,DNLI
51.25,51.32,51.11,51.26,17072,2021-08-03 19:55:00,DNLI
50.93,52.43,50.93,52.43,11201,2021-08-04 13:30:00,DNLI
52.205,52.43,51.98,52.19,2186,2021-08-04 13:35:00,DNLI
52.25,52.25,51.35,51.41,1500,2021-08-04 13:40:00,DNLI
51.37,52.27,51.37,52.11,1194,2021-08-04 13:45:00,DNLI
52.36,52.41,51.92,52.165,2550,2021-08-04 13:50:00,DNLI
52.3,52.66,52.12,52.66,1100,2021-08-04 13:55:00,DNLI
52.61,52.7,52.43,52.5175,1300,2021-08-04 14:00:00,DNLI
52.515,52.89,52.47,52.58,3920,2021-08-04 14:05:00,DNLI
52.71,53.09,52.71,52.94,5397,2021-08-04 14:10:00,DNLI
52.975,53.07,52.43,52.92,3250,2021-08-04 14:15:00,DNLI
52.98,52.98,52.32,52.32,5606,2021-08-04 14:20:00,DNLI
52.605,52.84,52.34,52.595,2427,2021-08-04 14:25:00,DNLI
52.42,52.43,51.84,52.005,2800,2021-08-04 14:30:00,DNLI
52.08,52.3,52.06,52.3,2721,2021-08-04 14:35:00,DNLI
52.3,52.54,52.22,52.54,1400,2021-08-04 14:40:00,DNLI
52.53,52.62,52.4,52.58,2476,2021-08-04 14:45:00,DNLI
52.39,52.57,52.38,52.38,1600,2021-08-04 14:50:00,DNLI
52.38,52.83,52.25,52.83,2640,2021-08-04 14:55:00,DNLI
52.72,52.81,52.5,52.5,1200,2021-08-04 15:00:00,DNLI
52.56,52.59,52.43,52.43,2000,2021-08-04 15:05:00,DNLI
52.53,52.67,52.46,52.46,1400,2021-08-04 15:10:00,DNLI
52.44,52.46,52.09,52.09,1482,2021-08-04 15:15:00,DNLI
52.09,52.14,52.02,52.14,1438,2021-08-04 15:20:00,DNLI
52.04,52.2299,51.89,51.96,1670,2021-08-04 15:25:00,DNLI
52.18,52.18,52.005,52.06,2100,2021-08-04 15:30:00,DNLI
52.02,52.02,51.77,51.77,800,2021-08-04 15:35:00,DNLI
51.9,51.93,51.88,51.89,900,2021-08-04 15:40:00,DNLI
51.88,51.93,51.77,51.81,2300,2021-08-04 15:45:00,DNLI
51.855,51.855,51.72,51.795,400,2021-08-04 15:50:00,DNLI
51.69,51.69,51.68,51.68,200,2021-08-04 15:55:00,DNLI
51.63,51.76,51.55,51.76,933,2021-08-04 16:00:00,DNLI
51.88,51.99,51.88,51.97,1766,2021-08-04 16:10:00,DNLI
51.935,51.935,51.935,51.935,300,2021-08-04 16:15:00,DNLI
51.93,51.935,51.77,51.77,2934,2021-08-04 16:20:00,DNLI
51.77,51.77,51.77,51.77,100,2021-08-04 16:25:00,DNLI
51.88,51.88,51.88,51.88,200,2021-08-04 16:30:00,DNLI
51.83,51.83,51.74,51.74,600,2021-08-04 16:35:00,DNLI
51.805,51.805,51.44,51.44,1850,2021-08-04 16:40:00,DNLI
51.335,51.4,51.24,51.4,1796,2021-08-04 16:45:00,DNLI
51.44,51.44,51.38,51.38,400,2021-08-04 16:50:00,DNLI
51.39,51.395,51.29,51.395,400,2021-08-04 16:55:00,DNLI
51.5,51.53,51.42,51.5,1200,2021-08-04 17:00:00,DNLI
51.53,51.62,51.4797,51.505,2100,2021-08-04 17:05:00,DNLI
51.61,51.61,51.43,51.52,2000,2021-08-04 17:10:00,DNLI
51.52,51.62,51.46,51.55,1628,2021-08-04 17:15:00,DNLI
51.61,51.68,51.53,51.68,500,2021-08-04 17:25:00,DNLI
51.675,51.73,51.6,51.61,1000,2021-08-04 17:30:00,DNLI
51.625,51.625,51.39,51.49,2180,2021-08-04 17:35:00,DNLI
51.49,51.49,51.39,51.39,400,2021-08-04 17:40:00,DNLI
51.46,51.52,51.41,51.41,1700,2021-08-04 17:45:00,DNLI
51.48,51.48,51.19,51.19,1700,2021-08-04 17:50:00,DNLI
51.305,51.41,51.305,51.41,896,2021-08-04 17:55:00,DNLI
51.385,51.385,51.385,51.385,100,2021-08-04 18:00:00,DNLI
51.47,51.47,51.33,51.33,300,2021-08-04 18:05:00,DNLI
51.33,51.385,51.31,51.325,1800,2021-08-04 18:10:00,DNLI
51.28,51.28,51.19,51.19,400,2021-08-04 18:15:00,DNLI
51.1,51.12,51.005,51.12,1600,2021-08-04 18:20:00,DNLI
51.02,51.02,50.81,50.81,3252,2021-08-04 18:25:00,DNLI
50.855,51.18,50.795,51.07,4006,2021-08-04 18:30:00,DNLI
51.05,51.22,51.02,51.16,1346,2021-08-04 18:35:00,DNLI
51.11,51.15,50.96,51.025,4170,2021-08-04 18:40:00,DNLI
50.995,50.995,50.79,50.915,600,2021-08-04 18:45:00,DNLI
50.915,51.02,50.915,51.0025,1300,2021-08-04 18:50:00,DNLI
51.0,51.14,50.935,51.025,4060,2021-08-04 18:55:00,DNLI
51.14,51.46,51.08,51.41,8200,2021-08-04 19:00:00,DNLI
51.33,51.35,51.01,51.01,1700,2021-08-04 19:05:00,DNLI
51.0,51.035,50.88,51.035,2545,2021-08-04 19:10:00,DNLI
51.1,51.1,51.0,51.0,1005,2021-08-04 19:15:00,DNLI
51.05,51.09,50.98,51.09,1436,2021-08-04 19:20:00,DNLI
51.11,51.13,51.04,51.13,2000,2021-08-04 19:25:00,DNLI
51.08,51.28,51.08,51.185,4838,2021-08-04 19:30:00,DNLI
51.15,51.27,51.02,51.02,4138,2021-08-04 19:35:00,DNLI
51.02,51.2,50.995,51.05,6247,2021-08-04 19:40:00,DNLI
51.055,51.055,50.87,50.99,7390,2021-08-04 19:45:00,DNLI
50.995,50.995,50.82,50.96,8229,2021-08-04 19:50:00,DNLI
50.93,51.0,50.77,50.8,16367,2021-08-04 19:55:00,DNLI
51.0,51.9854,50.24,51.075,22151,2021-08-05 13:30:00,DNLI
51.16,51.65,51.16,51.65,1200,2021-08-05 13:35:00,DNLI
51.88,52.2274,51.7688,52.1859,1968,2021-08-05 13:40:00,DNLI
52.2843,52.2843,52.2843,52.2843,400,2021-08-05 13:45:00,DNLI
52.03,52.04,52.03,52.04,200,2021-08-05 13:50:00,DNLI
52.03,52.03,51.93,51.93,300,2021-08-05 13:55:00,DNLI
51.92,52.08,51.92,51.94,613,2021-08-05 14:00:00,DNLI
52.2999,52.2999,51.52,52.02,3770,2021-08-05 14:05:00,DNLI
51.61,51.88,51.61,51.88,1100,2021-08-05 14:10:00,DNLI
51.87,52.0,51.56,52.0,700,2021-08-05 14:15:00,DNLI
52.12,52.12,52.12,52.12,100,2021-08-05 14:20:00,DNLI
52.17,52.2,52.005,52.05,2000,2021-08-05 14:25:00,DNLI
52.02,52.56,52.02,52.3,2375,2021-08-05 14:30:00,DNLI
52.49,53.02,52.48,52.795,5400,2021-08-05 14:35:00,DNLI
52.805,52.805,52.8,52.8,300,2021-08-05 14:40:00,DNLI
52.895,53.02,52.725,52.855,5401,2021-08-05 14:45:00,DNLI
52.7467,52.86,52.7467,52.86,500,2021-08-05 14:50:00,DNLI
52.745,52.95,52.655,52.82,4420,2021-08-05 14:55:00,DNLI
52.94,53.09,52.79,52.79,3793,2021-08-05 15:00:00,DNLI
53.0,53.215,52.88,53.21,5242,2021-08-05 15:05:00,DNLI
53.23,53.24,53.005,53.04,3861,2021-08-05 15:10:00,DNLI
52.995,53.13,52.995,53.085,4941,2021-08-05 15:15:00,DNLI
53.09,53.215,52.92,52.98,1600,2021-08-05 15:20:00,DNLI
53.055,53.09,52.99,52.99,1001,2021-08-05 15:25:00,DNLI
53.055,53.055,52.78,52.78,5631,2021-08-05 15:30:00,DNLI
52.885,52.895,52.73,52.74,1588,2021-08-05 15:35:00,DNLI
52.715,52.715,52.68,52.68,900,2021-08-05 15:40:00,DNLI
52.66,52.79,52.59,52.59,2435,2021-08-05 15:45:00,DNLI
52.595,52.595,52.355,52.38,7637,2021-08-05 15:50:00,DNLI
52.375,52.47,52.29,52.39,1644,2021-08-05 15:55:00,DNLI
52.39,52.47,52.37,52.385,6398,2021-08-05 16:00:00,DNLI
52.46,52.97,52.39,52.97,3511,2021-08-05 16:05:00,DNLI
52.905,52.91,52.55,52.55,4377,2021-08-05 16:10:00,DNLI
52.58,52.6,52.24,52.24,2936,2021-08-05 16:15:00,DNLI
52.22,52.25,52.135,52.21,2300,2021-08-05 16:20:00,DNLI
52.175,52.19,52.17,52.19,770,2021-08-05 16:25:00,DNLI
52.05,52.26,52.05,52.2,3490,2021-08-05 16:30:00,DNLI
52.215,52.28,51.825,51.825,2400,2021-08-05 16:35:00,DNLI
51.895,51.92,51.84,51.92,900,2021-08-05 16:40:00,DNLI
51.92,52.0,51.84,51.92,2000,2021-08-05 16:45:00,DNLI
51.92,52.23,51.92,52.23,1100,2021-08-05 16:50:00,DNLI
52.1712,52.1925,52.08,52.1925,600,2021-08-05 16:55:00,DNLI
52.155,52.23,52.09,52.21,1077,2021-08-05 17:00:00,DNLI
52.16,52.23,52.155,52.155,1600,2021-08-05 17:05:00,DNLI
52.2,52.2,51.84,52.01,6723,2021-08-05 17:10:00,DNLI
52.015,52.0699,51.95,52.05,1150,2021-08-05 17:15:00,DNLI
52.05,52.07,51.74,51.74,2745,2021-08-05 17:20:00,DNLI
51.87,51.98,51.86,51.9003,1400,2021-08-05 17:25:00,DNLI
51.92,51.92,51.8601,51.92,1900,2021-08-05 17:30:00,DNLI
51.97,51.97,51.66,51.9,4734,2021-08-05 17:35:00,DNLI
51.91,51.99,51.84,51.84,580,2021-08-05 17:40:00,DNLI
52.0,52.0,51.73,51.73,2600,2021-08-05 17:45:00,DNLI
51.79,51.79,51.54,51.605,1300,2021-08-05 17:50:00,DNLI
51.54,51.56,51.25,51.25,2787,2021-08-05 17:55:00,DNLI
51.37,51.49,51.35,51.485,2306,2021-08-05 18:00:00,DNLI
51.42,51.48,51.325,51.375,3128,2021-08-05 18:05:00,DNLI
51.56,51.82,51.56,51.82,1600,2021-08-05 18:10:00,DNLI
51.82,51.94,51.8,51.93,1930,2021-08-05 18:15:00,DNLI
51.94,51.94,51.81,51.81,1500,2021-08-05 18:20:00,DNLI
51.83,51.995,51.75,51.995,5200,2021-08-05 18:25:00,DNLI
52.04,52.28,51.995,52.22,7799,2021-08-05 18:30:00,DNLI
52.25,52.44,52.21,52.285,4311,2021-08-05 18:35:00,DNLI
52.25,52.36,52.25,52.355,1700,2021-08-05 18:40:00,DNLI
52.355,52.67,52.355,52.63,7037,2021-08-05 18:45:00,DNLI
52.61,52.61,52.45,52.45,3000,2021-08-05 18:50:00,DNLI
52.5388,52.5388,52.31,52.3142,2695,2021-08-05 18:55:00,DNLI
52.33,52.49,52.25,52.31,3508,2021-08-05 19:00:00,DNLI
52.26,52.43,52.17,52.37,9774,2021-08-05 19:05:00,DNLI
52.32,52.47,52.25,52.26,2762,2021-08-05 19:10:00,DNLI
52.27,52.43,52.2,52.41,6054,2021-08-05 19:15:00,DNLI
52.43,52.59,52.425,52.585,4297,2021-08-05 19:20:00,DNLI
52.65,52.65,52.585,52.59,1650,2021-08-05 19:25:00,DNLI
52.595,52.595,52.34,52.45,6928,2021-08-05 19:30:00,DNLI
52.45,52.59,52.41,52.455,3849,2021-08-05 19:35:00,DNLI
52.43,52.5,52.26,52.3,8430,2021-08-05 19:40:00,DNLI
52.33,52.52,52.31,52.47,6102,2021-08-05 19:45:00,DNLI
52.49,52.9,52.47,52.88,17048,2021-08-05 19:50:00,DNLI
52.95,53.08,52.84,52.93,27259,2021-08-05 19:55:00,DNLI
52.73,53.38,52.54,52.54,4643,2021-08-06 13:30:00,DNLI
52.59,53.17,52.59,52.72,1185,2021-08-06 13:35:00,DNLI
52.22,52.23,51.775,51.775,1200,2021-08-06 13:40:00,DNLI
51.81,52.46,51.77,51.77,2122,2021-08-06 13:45:00,DNLI
51.69,51.7,51.68,51.68,1319,2021-08-06 13:50:00,DNLI
52.09,52.09,52.0301,52.0301,338,2021-08-06 13:55:00,DNLI
52.31,52.4,52.24,52.24,670,2021-08-06 14:00:00,DNLI
52.2799,52.2799,52.1,52.12,1900,2021-08-06 14:05:00,DNLI
52.24,52.24,52.24,52.24,100,2021-08-06 14:10:00,DNLI
52.37,52.56,52.37,52.42,1200,2021-08-06 14:15:00,DNLI
52.21,52.21,52.01,52.14,600,2021-08-06 14:20:00,DNLI
52.11,52.2725,52.07,52.2725,2321,2021-08-06 14:25:00,DNLI
52.39,52.4,52.09,52.09,1300,2021-08-06 14:30:00,DNLI
51.955,52.04,51.8924,51.955,841,2021-08-06 14:35:00,DNLI
51.955,52.37,51.955,52.37,1500,2021-08-06 14:40:00,DNLI
52.38,52.53,52.38,52.51,745,2021-08-06 14:45:00,DNLI
52.67,52.685,52.565,52.685,750,2021-08-06 14:50:00,DNLI
52.65,52.66,52.51,52.58,1100,2021-08-06 14:55:00,DNLI
52.62,52.62,52.43,52.43,900,2021-08-06 15:00:00,DNLI
52.3,52.4,52.28,52.4,877,2021-08-06 15:05:00,DNLI
52.27,52.275,52.25,52.275,500,2021-08-06 15:10:00,DNLI
52.2,52.28,52.2,52.25,400,2021-08-06 15:15:00,DNLI
52.45,52.46,52.33,52.46,1100,2021-08-06 15:20:00,DNLI
52.5,52.5,52.37,52.47,1209,2021-08-06 15:25:00,DNLI
52.43,52.43,52.34,52.4,600,2021-08-06 15:30:00,DNLI
52.39,52.39,52.39,52.39,200,2021-08-06 15:35:00,DNLI
52.47,52.59,52.47,52.59,600,2021-08-06 15:40:00,DNLI
52.62,52.63,52.58,52.58,500,2021-08-06 15:45:00,DNLI
52.46,52.46,52.39,52.4,700,2021-08-06 15:50:00,DNLI
52.39,52.4,52.25,52.4,1000,2021-08-06 15:55:00,DNLI
52.37,52.37,52.37,52.37,100,2021-08-06 16:00:00,DNLI
52.4457,52.45,52.4,52.45,884,2021-08-06 16:05:00,DNLI
52.5,52.5,52.5,52.5,100,2021-08-06 16:10:00,DNLI
52.47,52.65,52.47,52.64,2100,2021-08-06 16:15:00,DNLI
52.7,52.77,52.7,52.77,900,2021-08-06 16:20:00,DNLI
52.69,52.755,52.67,52.67,1375,2021-08-06 16:25:00,DNLI
52.64,52.64,52.44,52.44,400,2021-08-06 16:30:00,DNLI
52.39,52.48,52.39,52.48,200,2021-08-06 16:35:00,DNLI
52.56,52.565,52.45,52.45,1200,2021-08-06 16:40:00,DNLI
52.26,52.26,52.26,52.26,400,2021-08-06 16:45:00,DNLI
52.24,52.38,52.24,52.38,1288,2021-08-06 16:50:00,DNLI
52.32,52.32,52.24,52.24,500,2021-08-06 16:55:00,DNLI
52.36,52.36,52.315,52.315,200,2021-08-06 17:00:00,DNLI
52.31,52.31,52.23,52.23,700,2021-08-06 17:05:00,DNLI
52.16,52.2,52.16,52.2,200,2021-08-06 17:10:00,DNLI
52.22,52.23,52.11,52.11,1100,2021-08-06 17:15:00,DNLI
52.21,52.25,52.175,52.25,1500,2021-08-06 17:20:00,DNLI
52.26,52.27,52.255,52.255,400,2021-08-06 17:25:00,DNLI
52.2,52.21,52.1,52.17,1000,2021-08-06 17:30:00,DNLI
52.13,52.13,52.03,52.07,500,2021-08-06 17:35:00,DNLI
52.07,52.08,52.07,52.08,402,2021-08-06 17:40:00,DNLI
52.08,52.08,52.02,52.02,500,2021-08-06 17:45:00,DNLI
52.02,52.02,51.88,51.94,1200,2021-08-06 17:50:00,DNLI
51.88,51.88,51.88,51.88,100,2021-08-06 17:55:00,DNLI
51.88,51.88,51.695,51.795,2100,2021-08-06 18:00:00,DNLI
51.74,51.795,51.72,51.795,1100,2021-08-06 18:05:00,DNLI
51.83,51.83,51.8,51.8,700,2021-08-06 18:10:00,DNLI
51.7,51.7,51.7,51.7,200,2021-08-06 18:15:00,DNLI
51.75,51.85,51.71,51.84,2000,2021-08-06 18:20:00,DNLI
51.85,52.17,51.85,52.055,2297,2021-08-06 18:25:00,DNLI
52.035,52.08,52.015,52.03,588,2021-08-06 18:30:00,DNLI
52.06,52.27,52.06,52.27,1600,2021-08-06 18:35:00,DNLI
52.28,52.41,52.23,52.4,1000,2021-08-06 18:40:00,DNLI
52.45,52.45,52.37,52.37,1000,2021-08-06 18:45:00,DNLI
52.41,52.41,52.41,52.41,200,2021-08-06 18:50:00,DNLI
52.29,52.29,52.13,52.29,1918,2021-08-06 18:55:00,DNLI
52.25,52.25,51.79,51.79,1532,2021-08-06 19:00:00,DNLI
51.95,52.0,51.91,51.97,1240,2021-08-06 19:05:00,DNLI
51.98,51.98,51.81,51.93,3700,2021-08-06 19:10:00,DNLI
51.95,51.955,51.84,51.86,700,2021-08-06 19:15:00,DNLI
51.89,51.925,51.88,51.88,1018,2021-08-06 19:20:00,DNLI
51.88,51.96,51.81,51.92,2430,2021-08-06 19:25:00,DNLI
51.92,51.96,51.91,51.96,600,2021-08-06 19:30:00,DNLI
52.02,52.02,51.94,52.01,800,2021-08-06 19:35:00,DNLI
51.97,51.985,51.82,51.82,2200,2021-08-06 19:40:00,DNLI
51.83,51.83,51.74,51.77,1900,2021-08-06 19:45:00,DNLI
51.85,51.95,51.795,51.815,8250,2021-08-06 19:50:00,DNLI
51.85,52.13,51.8,52.12,34372,2021-08-06 19:55:00,DNLI
52.25,52.66,52.25,52.66,3715,2021-08-09 13:30:00,DNLI
52.34,52.34,52.34,52.34,148,2021-08-09 13:35:00,DNLI
52.23,52.23,52.11,52.1581,1500,2021-08-09 13:40:00,DNLI
52.19,52.32,52.18,52.32,400,2021-08-09 13:45:00,DNLI
52.51,52.66,52.34,52.505,2400,2021-08-09 13:50:00,DNLI
52.66,52.66,52.44,52.62,2206,2021-08-09 13:55:00,DNLI
52.615,52.615,52.36,52.36,400,2021-08-09 14:00:00,DNLI
52.375,52.42,52.375,52.42,200,2021-08-09 14:05:00,DNLI
52.385,52.4948,52.37,52.46,1561,2021-08-09 14:10:00,DNLI
52.3,52.71,52.3,52.6,3345,2021-08-09 14:15:00,DNLI
52.53,52.9,52.53,52.88,1700,2021-08-09 14:20:00,DNLI
52.84,53.0,52.84,52.92,700,2021-08-09 14:25:00,DNLI
53.03,53.25,53.02,53.25,960,2021-08-09 14:30:00,DNLI
53.185,53.54,53.185,53.5,4946,2021-08-09 14:35:00,DNLI
53.57,53.57,53.57,53.57,100,2021-08-09 14:40:00,DNLI
53.57,53.73,53.57,53.73,1200,2021-08-09 14:45:00,DNLI
53.67,53.85,53.575,53.575,1301,2021-08-09 14:50:00,DNLI
53.615,53.615,53.615,53.615,4129,2021-08-09 14:55:00,DNLI
53.73,53.76,53.59,53.59,4977,2021-08-09 15:00:00,DNLI
53.605,53.7199,53.51,53.5863,3071,2021-08-09 15:05:00,DNLI
53.52,53.56,53.43,53.43,1600,2021-08-09 15:10:00,DNLI
53.44,53.44,53.32,53.33,2900,2021-08-09 15:15:00,DNLI
53.41,53.44,53.26,53.26,1200,2021-08-09 15:20:00,DNLI
53.215,53.25,53.117,53.25,2000,2021-08-09 15:25:00,DNLI
53.31,53.32,53.205,53.205,800,2021-08-09 15:30:00,DNLI
53.23,53.25,53.0633,53.13,3390,2021-08-09 15:35:00,DNLI
53.125,53.21,53.125,53.14,1164,2021-08-09 15:40:00,DNLI
53.16,53.17,53.1,53.145,884,2021-08-09 15:45:00,DNLI
53.09,53.16,53.04,53.15,800,2021-08-09 15:50:00,DNLI
53.1,53.12,53.05,53.103,1333,2021-08-09 15:55:00,DNLI
53.115,53.17,53.11,53.17,1961,2021-08-09 16:00:00,DNLI
53.12,53.12,53.11,53.11,300,2021-08-09 16:05:00,DNLI
53.17,53.195,53.14,53.16,1100,2021-08-09 16:10:00,DNLI
53.16,53.16,53.08,53.11,1764,2021-08-09 16:15:00,DNLI
53.0924,53.0924,52.97,52.97,584,2021-08-09 16:20:00,DNLI
52.93,52.94,52.7,52.7,1076,2021-08-09 16:25:00,DNLI
52.66,52.66,52.51,52.6,1250,2021-08-09 16:30:00,DNLI
52.6,52.625,52.56,52.625,500,2021-08-09 16:35:00,DNLI
52.6,52.63,52.52,52.63,900,2021-08-09 16:40:00,DNLI
52.5506,52.56,52.5506,52.56,462,2021-08-09 16:45:00,DNLI
52.56,52.66,52.54,52.58,1300,2021-08-09 16:50:00,DNLI
52.595,52.68,52.56,52.64,947,2021-08-09 16:55:00,DNLI
52.62,52.62,52.54,52.57,1908,2021-08-09 17:00:00,DNLI
52.675,52.82,52.52,52.74,8234,2021-08-09 17:05:00,DNLI
52.76,52.95,52.76,52.9,1217,2021-08-09 17:10:00,DNLI
52.98,52.99,52.8944,52.92,700,2021-08-09 17:15:00,DNLI
52.92,52.97,52.76,52.97,2582,2021-08-09 17:20:00,DNLI
52.8901,53.0,52.89,53.0,482,2021-08-09 17:25:00,DNLI
52.98,53.02,52.98,53.02,1300,2021-08-09 17:30:00,DNLI
52.99,53.155,52.96,53.155,2222,2021-08-09 17:35:00,DNLI
53.09,53.3,53.09,53.3,1870,2021-08-09 17:40:00,DNLI
53.28,53.42,53.28,53.39,600,2021-08-09 17:45:00,DNLI
53.36,53.45,53.36,53.44,700,2021-08-09 17:50:00,DNLI
53.545,53.555,53.46,53.555,1300,2021-08-09 17:55:00,DNLI
53.5834,53.6,53.41,53.41,1492,2021-08-09 18:00:00,DNLI
53.37,53.46,53.37,53.46,1100,2021-08-09 18:05:00,DNLI
53.465,53.47,53.31,53.37,2056,2021-08-09 18:10:00,DNLI
53.32,53.46,53.3,53.45,3100,2021-08-09 18:15:00,DNLI
53.47,53.51,53.47,53.51,1119,2021-08-09 18:20:00,DNLI
53.505,53.75,53.5,53.65,3347,2021-08-09 18:25:00,DNLI
53.66,53.75,53.66,53.725,1117,2021-08-09 18:30:00,DNLI
53.79,53.8,53.72,53.73,2195,2021-08-09 18:35:00,DNLI
53.83,53.89,53.71,53.71,1051,2021-08-09 18:40:00,DNLI
53.7,53.7,53.5,53.625,2141,2021-08-09 18:45:00,DNLI
53.48,53.585,53.48,53.53,900,2021-08-09 18:50:00,DNLI
53.44,53.65,53.44,53.595,2100,2021-08-09 18:55:00,DNLI
53.62,53.64,53.58,53.59,2274,2021-08-09 19:00:00,DNLI
53.69,53.95,53.63,53.95,2903,2021-08-09 19:05:00,DNLI
53.895,53.95,53.81,53.93,1534,2021-08-09 19:10:00,DNLI
54.0,54.09,53.94,53.94,2447,2021-08-09 19:15:00,DNLI
53.89,54.22,53.89,53.965,6100,2021-08-09 19:20:00,DNLI
54.14,54.36,54.11,54.335,3787,2021-08-09 19:25:00,DNLI
54.41,54.41,53.99,54.11,6823,2021-08-09 19:30:00,DNLI
54.17,54.305,54.13,54.19,5509,2021-08-09 19:35:00,DNLI
54.17,54.17,53.95,54.0,6767,2021-08-09 19:40:00,DNLI
53.985,54.05,53.86,53.91,5724,2021-08-09 19:45:00,DNLI
53.89,53.89,53.53,53.53,12852,2021-08-09 19:50:00,DNLI
53.485,53.61,53.365,53.49,24618,2021-08-09 19:55:00,DNLI
53.48,53.48,53.14,53.14,2735,2021-08-10 13:30:00,DNLI
52.6,52.78,52.6,52.6,983,2021-08-10 13:35:00,DNLI
52.5,52.62,52.43,52.585,1260,2021-08-10 13:40:00,DNLI
52.32,52.385,52.2,52.2,1000,2021-08-10 13:45:00,DNLI
52.23,52.405,52.23,52.405,1460,2021-08-10 13:50:00,DNLI
52.35,52.35,52.11,52.11,391,2021-08-10 13:55:00,DNLI
52.239,52.5012,52.239,52.25,1553,2021-08-10 14:00:00,DNLI
52.13,52.29,52.13,52.29,1260,2021-08-10 14:05:00,DNLI
52.14,52.245,52.09,52.09,1304,2021-08-10 14:10:00,DNLI
52.24,52.24,52.03,52.03,200,2021-08-10 14:15:00,DNLI
52.21,52.21,51.88,51.955,1100,2021-08-10 14:20:00,DNLI
51.9,51.9,51.835,51.835,855,2021-08-10 14:25:00,DNLI
51.89,51.91,51.61,51.765,3000,2021-08-10 14:30:00,DNLI
51.78,51.85,51.685,51.72,1600,2021-08-10 14:35:00,DNLI
51.81,51.82,51.71,51.78,1660,2021-08-10 14:40:00,DNLI
51.83,52.02,51.78,52.02,2384,2021-08-10 14:45:00,DNLI
51.91,52.11,51.91,52.0,4714,2021-08-10 14:50:00,DNLI
52.01,52.01,51.885,51.885,300,2021-08-10 14:55:00,DNLI
51.7015,51.9,51.62,51.9,5584,2021-08-10 15:00:00,DNLI
51.92,52.0,51.7125,51.73,3707,2021-08-10 15:05:00,DNLI
51.72,52.14,51.72,51.94,2900,2021-08-10 15:10:00,DNLI
51.83,51.9,51.83,51.9,800,2021-08-10 15:15:00,DNLI
51.9116,51.9116,51.85,51.855,507,2021-08-10 15:20:00,DNLI
51.76,52.085,51.76,52.05,3224,2021-08-10 15:25:00,DNLI
51.98,51.98,51.84,51.9631,1100,2021-08-10 15:30:00,DNLI
52.1,52.14,52.09,52.09,1000,2021-08-10 15:35:00,DNLI
52.05,52.08,52.02,52.02,1300,2021-08-10 15:40:00,DNLI
52.0,52.17,52.0,52.16,2289,2021-08-10 15:45:00,DNLI
52.13,52.14,51.89,51.89,1100,2021-08-10 15:50:00,DNLI
51.98,51.98,51.98,51.98,100,2021-08-10 15:55:00,DNLI
51.8199,51.83,51.67,51.81,1840,2021-08-10 16:00:00,DNLI
51.85,51.86,51.77,51.81,1633,2021-08-10 16:05:00,DNLI
51.78,52.05,51.78,52.05,1900,2021-08-10 16:10:00,DNLI
51.97,52.11,51.97,52.11,500,2021-08-10 16:15:00,DNLI
52.06,52.17,52.06,52.17,700,2021-08-10 16:20:00,DNLI
52.2,52.23,52.175,52.23,800,2021-08-10 16:25:00,DNLI
52.21,52.21,52.01,52.1,1153,2021-08-10 16:30:00,DNLI
52.01,52.11,51.99,52.11,1712,2021-08-10 16:35:00,DNLI
52.11,52.35,52.11,52.35,1400,2021-08-10 16:40:00,DNLI
52.42,52.67,52.42,52.56,1100,2021-08-10 16:45:00,DNLI
52.57,52.8,52.57,52.8,900,2021-08-10 16:50:00,DNLI
52.771,52.85,52.75,52.85,1325,2021-08-10 16:55:00,DNLI
52.82,52.82,52.74,52.78,1200,2021-08-10 17:00:00,DNLI
52.745,52.745,52.67,52.67,800,2021-08-10 17:05:00,DNLI
52.52,52.86,52.52,52.86,2810,2021-08-10 17:10:00,DNLI
52.835,52.855,52.76,52.855,1100,2021-08-10 17:15:00,DNLI
52.83,52.86,52.81,52.81,1100,2021-08-10 17:20:00,DNLI
52.7172,52.83,52.7172,52.74,800,2021-08-10 17:25:00,DNLI
52.73,52.73,52.73,52.73,200,2021-08-10 17:30:00,DNLI
52.76,52.81,52.75,52.75,1934,2021-08-10 17:35:00,DNLI
52.77,52.85,52.77,52.85,1100,2021-08-10 17:40:00,DNLI
52.9,52.95,52.84,52.86,1400,2021-08-10 17:45:00,DNLI
52.89,52.91,52.84,52.84,1200,2021-08-10 17:50:00,DNLI
52.89,53.02,52.89,52.975,1300,2021-08-10 17:55:00,DNLI
53.03,53.1,53.03,53.08,840,2021-08-10 18:00:00,DNLI
53.03,53.03,52.84,52.855,3400,2021-08-10 18:05:00,DNLI
52.8868,52.8868,52.78,52.87,2010,2021-08-10 18:10:00,DNLI
52.9,53.0,52.9,53.0,1700,2021-08-10 18:15:00,DNLI
52.98,53.11,52.98,53.11,1600,2021-08-10 18:20:00,DNLI
53.12,53.16,53.04,53.04,2921,2021-08-10 18:25:00,DNLI
53.06,53.11,52.955,53.05,1900,2021-08-10 18:30:00,DNLI
53.04,53.25,53.04,53.25,1402,2021-08-10 18:35:00,DNLI
53.24,53.35,53.2,53.35,2202,2021-08-10 18:40:00,DNLI
53.36,53.38,53.25,53.3,1600,2021-08-10 18:45:00,DNLI
53.25,53.53,53.25,53.39,3919,2021-08-10 18:50:00,DNLI
53.42,53.61,53.42,53.465,3681,2021-08-10 18:55:00,DNLI
53.49,53.56,53.48,53.49,2240,2021-08-10 19:00:00,DNLI
53.45,53.47,53.2017,53.22,1799,2021-08-10 19:05:00,DNLI
53.25,53.51,53.23,53.5,2200,2021-08-10 19:10:00,DNLI
53.5,53.54,53.39,53.45,2584,2021-08-10 19:15:00,DNLI
53.479,53.48,53.39,53.39,2400,2021-08-10 19:20:00,DNLI
53.41,53.575,53.405,53.55,3372,2021-08-10 19:25:00,DNLI
53.6,53.935,53.6,53.89,5456,2021-08-10 19:30:00,DNLI
53.99,54.04,53.47,53.57,9673,2021-08-10 19:35:00,DNLI
53.58,53.84,53.29,53.4,8945,2021-08-10 19:40:00,DNLI
53.37,53.44,53.26,53.35,4196,2021-08-10 19:45:00,DNLI
53.36,53.57,53.3,53.43,8249,2021-08-10 19:50:00,DNLI
53.43,53.65,53.39,53.64,25246,2021-08-10 19:55:00,DNLI
53.64,53.7,53.435,53.7,5585,2021-08-11 13:30:00,DNLI
53.48,53.56,53.2,53.2,1146,2021-08-11 13:35:00,DNLI
53.22,53.22,52.88,52.88,900,2021-08-11 13:40:00,DNLI
52.79,52.97,52.38,52.945,4866,2021-08-11 13:45:00,DNLI
52.75,53.21,52.75,53.21,2478,2021-08-11 13:50:00,DNLI
53.11,53.31,52.865,53.02,3643,2021-08-11 13:55:00,DNLI
53.06,53.325,52.855,53.24,2000,2021-08-11 14:00:00,DNLI
53.19,53.43,53.19,53.26,7062,2021-08-11 14:05:00,DNLI
53.275,53.42,53.165,53.24,9587,2021-08-11 14:10:00,DNLI
53.24,53.24,52.96,53.065,1000,2021-08-11 14:15:00,DNLI
53.2,53.43,52.91,53.43,1300,2021-08-11 14:20:00,DNLI
53.43,53.74,53.43,53.74,1000,2021-08-11 14:25:00,DNLI
53.67,53.76,53.59,53.705,1464,2021-08-11 14:30:00,DNLI
53.82,53.9,53.82,53.83,400,2021-08-11 14:35:00,DNLI
53.76,54.06,53.73,54.0,1799,2021-08-11 14:40:00,DNLI
54.035,54.1388,53.83,53.84,1600,2021-08-11 14:45:00,DNLI
53.89,53.89,53.52,53.52,600,2021-08-11 14:50:00,DNLI
53.48,53.65,53.48,53.53,1400,2021-08-11 14:55:00,DNLI
53.51,53.51,53.395,53.395,800,2021-08-11 15:00:00,DNLI
53.27,53.27,53.095,53.095,1342,2021-08-11 15:05:00,DNLI
53.2,53.2,53.02,53.02,701,2021-08-11 15:10:00,DNLI
53.045,53.045,53.03,53.03,300,2021-08-11 15:15:00,DNLI
53.17,53.36,53.17,53.27,1000,2021-08-11 15:20:00,DNLI
53.17,53.36,53.17,53.355,1300,2021-08-11 15:25:00,DNLI
53.365,53.365,52.88,52.88,3900,2021-08-11 15:30:00,DNLI
52.93,53.15,52.78,53.085,4712,2021-08-11 15:35:00,DNLI
53.15,53.15,52.96,52.96,600,2021-08-11 15:40:00,DNLI
52.93,53.04,52.83,52.83,1121,2021-08-11 15:45:00,DNLI
52.71,52.78,52.53,52.72,3400,2021-08-11 15:50:00,DNLI
52.605,52.71,52.59,52.6,1600,2021-08-11 15:55:00,DNLI
52.51,52.73,52.47,52.73,2131,2021-08-11 16:00:00,DNLI
52.76,52.76,52.71,52.71,1000,2021-08-11 16:05:00,DNLI
52.6,52.62,52.38,52.38,1000,2021-08-11 16:10:00,DNLI
52.44,52.54,52.41,52.42,2141,2021-08-11 16:15:00,DNLI
52.29,52.54,52.29,52.54,3165,2021-08-11 16:20:00,DNLI
52.6,52.6,52.49,52.49,400,2021-08-11 16:25:00,DNLI
52.4,52.45,52.4,52.45,892,2021-08-11 16:30:00,DNLI
52.418,52.45,52.12,52.12,10000,2021-08-11 16:35:00,DNLI
52.16,52.34,52.14,52.25,2300,2021-08-11 16:40:00,DNLI
52.24,52.245,52.08,52.08,1500,2021-08-11 16:45:00,DNLI
52.13,52.19,52.05,52.12,3419,2021-08-11 16:50:00,DNLI
52.18,52.31,52.18,52.25,1521,2021-08-11 16:55:00,DNLI
52.21,52.35,52.18,52.35,800,2021-08-11 17:00:00,DNLI
52.4,52.56,52.4,52.56,600,2021-08-11 17:05:00,DNLI
52.71,52.72,52.45,52.45,1800,2021-08-11 17:10:00,DNLI
52.52,52.535,52.49,52.49,600,2021-08-11 17:15:00,DNLI
52.51,52.51,52.42,52.425,700,2021-08-11 17:20:00,DNLI
52.38,52.5,52.37,52.5,1300,2021-08-11 17:25:00,DNLI
52.58,52.63,52.55,52.55,469,2021-08-11 17:30:00,DNLI
52.56,52.56,52.29,52.29,900,2021-08-11 17:35:00,DNLI
52.31,52.4,52.29,52.365,800,2021-08-11 17:40:00,DNLI
52.15,52.37,52.14,52.335,1800,2021-08-11 17:45:00,DNLI
52.305,52.35,52.305,52.34,300,2021-08-11 17:50:00,DNLI
52.35,52.54,52.35,52.54,700,2021-08-11 17:55:00,DNLI
52.51,52.51,52.46,52.46,1100,2021-08-11 18:00:00,DNLI
52.49,52.74,52.49,52.74,1658,2021-08-11 18:05:00,DNLI
52.76,52.76,52.73,52.73,300,2021-08-11 18:10:00,DNLI
52.77,52.77,52.72,52.76,1200,2021-08-11 18:15:00,DNLI
52.69,52.69,52.33,52.385,6656,2021-08-11 18:20:00,DNLI
52.4,52.45,52.2,52.3,3739,2021-08-11 18:25:00,DNLI
52.3275,52.33,52.27,52.29,3110,2021-08-11 18:30:00,DNLI
52.21,52.275,52.19,52.23,2522,2021-08-11 18:35:00,DNLI
52.13,52.32,52.13,52.25,2222,2021-08-11 18:40:00,DNLI
52.205,52.35,52.155,52.35,3594,2021-08-11 18:45:00,DNLI
52.33,52.34,52.255,52.255,1700,2021-08-11 18:50:00,DNLI
52.25,52.41,52.25,52.4,1200,2021-08-11 18:55:00,DNLI
52.45,52.46,52.31,52.315,1400,2021-08-11 19:00:00,DNLI
52.4,52.55,52.37,52.55,1540,2021-08-11 19:05:00,DNLI
52.59,52.64,52.5,52.5,2000,2021-08-11 19:10:00,DNLI
52.484,52.484,52.42,52.445,1300,2021-08-11 19:15:00,DNLI
52.445,52.52,52.44,52.49,1300,2021-08-11 19:20:00,DNLI
52.55,52.7,52.53,52.7,2000,2021-08-11 19:25:00,DNLI
52.7,52.7,52.58,52.58,4770,2021-08-11 19:30:00,DNLI
52.56,52.56,52.34,52.47,3725,2021-08-11 19:35:00,DNLI
52.55,52.66,52.55,52.63,2077,2021-08-11 19:40:00,DNLI
52.63,52.75,52.59,52.7,3311,2021-08-11 19:45:00,DNLI
52.63,52.72,52.59,52.67,3480,2021-08-11 19:50:00,DNLI
52.72,52.95,52.68,52.95,20656,2021-08-11 19:55:00,DNLI
52.0,52.57,52.0,52.57,16243,2021-08-12 13:30:00,DNLI
51.86,51.963,51.86,51.9,1400,2021-08-12 13:35:00,DNLI
52.03,52.25,51.44,52.11,1330,2021-08-12 13:40:00,DNLI
51.9843,52.07,51.8,51.8,7950,2021-08-12 13:45:00,DNLI
51.82,52.02,51.72,52.0,6936,2021-08-12 13:50:00,DNLI
52.0,52.1,51.85,51.9848,4758,2021-08-12 13:55:00,DNLI
51.98,51.98,51.51,51.51,1387,2021-08-12 14:00:00,DNLI
51.54,51.73,51.53,51.72,1000,2021-08-12 14:05:00,DNLI
51.67,51.87,51.66,51.87,1300,2021-08-12 14:10:00,DNLI
51.75,51.75,51.69,51.69,500,2021-08-12 14:15:00,DNLI
51.87,52.045,51.87,52.045,2500,2021-08-12 14:20:00,DNLI
51.98,52.0,51.92,51.93,1400,2021-08-12 14:25:00,DNLI
51.91,51.91,51.66,51.74,6666,2021-08-12 14:30:00,DNLI
51.86,51.88,51.74,51.86,3643,2021-08-12 14:35:00,DNLI
51.88,51.92,51.88,51.905,1300,2021-08-12 14:40:00,DNLI
51.94,51.99,51.93,51.99,2055,2021-08-12 14:45:00,DNLI
51.9,51.9,51.82,51.82,400,2021-08-12 14:50:00,DNLI
51.805,51.805,51.73,51.73,400,2021-08-12 14:55:00,DNLI
51.8,51.8,51.8,51.8,100,2021-08-12 15:00:00,DNLI
51.77,51.77,51.77,51.77,100,2021-08-12 15:10:00,DNLI
51.79,51.99,51.79,51.99,1500,2021-08-12 15:15:00,DNLI
51.99,52.02,51.95,51.95,1600,2021-08-12 15:20:00,DNLI
51.8101,51.93,51.8101,51.93,200,2021-08-12 15:25:00,DNLI
51.85,51.85,51.85,51.85,300,2021-08-12 15:30:00,DNLI
51.99,52.02,51.96,52.02,2972,2021-08-12 15:35:00,DNLI
51.96,51.96,51.88,51.92,1809,2021-08-12 15:40:00,DNLI
51.85,52.0,51.85,52.0,1988,2021-08-12 15:45:00,DNLI
51.93,51.93,51.93,51.93,100,2021-08-12 15:50:00,DNLI
52.0,52.0,52.0,52.0,100,2021-08-12 15:55:00,DNLI
52.0,52.02,51.87,51.92,3300,2021-08-12 16:00:00,DNLI
51.92,51.98,51.92,51.98,1300,2021-08-12 16:05:00,DNLI
51.97,52.02,51.97,51.99,4609,2021-08-12 16:10:00,DNLI
52.01,52.28,52.01,52.19,5609,2021-08-12 16:15:00,DNLI
52.14,52.18,52.13,52.18,600,2021-08-12 16:20:00,DNLI
52.21,52.25,52.21,52.235,800,2021-08-12 16:25:00,DNLI
52.25,52.25,51.95,51.95,3958,2021-08-12 16:30:00,DNLI
51.995,51.995,51.98,51.98,200,2021-08-12 16:35:00,DNLI
52.03,52.2,52.02,52.2,2200,2021-08-12 16:45:00,DNLI
52.25,52.25,52.17,52.21,2080,2021-08-12 16:50:00,DNLI
52.24,52.25,52.18,52.18,788,2021-08-12 16:55:00,DNLI
52.17,52.19,52.135,52.19,1100,2021-08-12 17:00:00,DNLI
52.25,52.25,52.17,52.17,1775,2021-08-12 17:05:00,DNLI
52.155,52.155,52.09,52.09,900,2021-08-12 17:10:00,DNLI
52.04,52.12,52.04,52.0475,2500,2021-08-12 17:15:00,DNLI
52.03,52.03,51.99,52.005,900,2021-08-12 17:20:00,DNLI
52.03,52.11,52.03,52.08,1400,2021-08-12 17:25:00,DNLI
52.1,52.1,51.96,52.01,2400,2021-08-12 17:30:00,DNLI
52.02,52.03,51.97,51.9814,2175,2021-08-12 17:35:00,DNLI
51.96,51.97,51.955,51.955,400,2021-08-12 17:40:00,DNLI
51.99,52.07,51.985,52.05,2100,2021-08-12 17:45:00,DNLI
52.02,52.06,51.99,52.045,2400,2021-08-12 17:50:00,DNLI
52.06,52.08,52.06,52.065,300,2021-08-12 17:55:00,DNLI
52.07,52.13,52.03,52.03,10007,2021-08-12 18:00:00,DNLI
52.06,52.11,52.055,52.06,2300,2021-08-12 18:05:00,DNLI
52.1,52.14,52.1,52.1,3286,2021-08-12 18:10:00,DNLI
52.11,52.15,52.09,52.09,2500,2021-08-12 18:15:00,DNLI
52.14,52.69,52.14,52.69,4604,2021-08-12 18:20:00,DNLI
52.62,52.78,52.54,52.78,4590,2021-08-12 18:25:00,DNLI
52.81,52.85,52.765,52.765,1400,2021-08-12 18:30:00,DNLI
52.73,52.78,52.68,52.78,1229,2021-08-12 18:35:00,DNLI
52.79,52.88,52.79,52.87,1300,2021-08-12 18:40:00,DNLI
52.82,52.9,52.82,52.855,1300,2021-08-12 18:45:00,DNLI
52.81,52.855,52.75,52.855,1300,2021-08-12 18:50:00,DNLI
52.86,52.86,52.82,52.82,1207,2021-08-12 18:55:00,DNLI
52.82,53.05,52.82,53.045,1700,2021-08-12 19:00:00,DNLI
53.06,53.2,53.06,53.15,1100,2021-08-12 19:05:00,DNLI
53.07,53.12,53.01,53.01,2100,2021-08-12 19:10:00,DNLI
52.97,52.97,52.79,52.87,1200,2021-08-12 19:15:00,DNLI
52.85,52.86,52.79,52.79,700,2021-08-12 19:20:00,DNLI
52.76,52.76,52.54,52.55,800,2021-08-12 19:25:00,DNLI
52.63,52.83,52.63,52.83,2750,2021-08-12 19:30:00,DNLI
52.88,52.96,52.88,52.96,2500,2021-08-12 19:35:00,DNLI
52.97,52.97,52.78,52.86,4054,2021-08-12 19:40:00,DNLI
52.91,52.92,52.84,52.92,1800,2021-08-12 19:45:00,DNLI
52.95,53.07,52.92,52.98,4400,2021-08-12 19:50:00,DNLI
52.96,53.02,52.88,53.01,13945,2021-08-12 19:55:00,DNLI
53.33,54.15,53.3,53.34,3036,2021-08-13 13:30:00,DNLI
53.27,53.825,53.11,53.11,7041,2021-08-13 13:35:00,DNLI
53.02,53.02,52.52,52.85,10168,2021-08-13 13:40:00,DNLI
52.92,53.3,52.67,53.15,18568,2021-08-13 13:45:00,DNLI
53.26,53.26,52.78,52.78,1390,2021-08-13 13:50:00,DNLI
52.92,53.07,52.84,53.07,2412,2021-08-13 14:00:00,DNLI
53.06,53.14,53.03,53.08,1710,2021-08-13 14:05:00,DNLI
53.03,53.475,53.03,53.475,1600,2021-08-13 14:10:00,DNLI
53.475,53.98,53.475,53.98,2100,2021-08-13 14:15:00,DNLI
53.905,53.91,53.73,53.78,1254,2021-08-13 14:20:00,DNLI
53.57,53.57,53.4,53.4,700,2021-08-13 14:25:00,DNLI
53.56,53.66,53.56,53.66,900,2021-08-13 14:30:00,DNLI
53.66,53.98,53.66,53.87,3320,2021-08-13 14:35:00,DNLI
53.91,53.97,53.74,53.82,1705,2021-08-13 14:40:00,DNLI
53.93,53.98,53.93,53.98,600,2021-08-13 14:45:00,DNLI
53.92,53.92,53.83,53.88,1500,2021-08-13 14:50:00,DNLI
53.9,54.0,53.9,53.95,3280,2021-08-13 14:55:00,DNLI
53.8801,53.8801,53.785,53.825,1217,2021-08-13 15:00:00,DNLI
53.75,53.81,53.695,53.81,1400,2021-08-13 15:05:00,DNLI
53.84,53.84,53.79,53.79,1100,2021-08-13 15:10:00,DNLI
53.775,53.775,53.72,53.755,700,2021-08-13 15:15:00,DNLI
53.72,53.76,53.69,53.7,2310,2021-08-13 15:20:00,DNLI
53.76,53.83,53.76,53.83,1319,2021-08-13 15:25:00,DNLI
53.855,53.97,53.81,53.945,1214,2021-08-13 15:30:00,DNLI
53.92,53.98,53.88,53.955,1934,2021-08-13 15:35:00,DNLI
53.98,53.98,53.88,53.88,2511,2021-08-13 15:40:00,DNLI
53.81,53.81,53.81,53.81,200,2021-08-13 15:45:00,DNLI
53.865,53.865,53.66,53.7,1100,2021-08-13 15:50:00,DNLI
53.69,53.73,53.69,53.715,300,2021-08-13 15:55:00,DNLI
53.715,53.8,53.715,53.785,2300,2021-08-13 16:00:00,DNLI
53.79,53.93,53.79,53.915,800,2021-08-13 16:05:00,DNLI
53.98,54.1,53.97,54.095,9997,2021-08-13 16:10:00,DNLI
54.16,54.46,54.16,54.41,6417,2021-08-13 16:15:00,DNLI
54.37,54.37,54.21,54.21,1100,2021-08-13 16:20:00,DNLI
54.15,54.23,54.13,54.23,600,2021-08-13 16:25:00,DNLI
54.235,54.26,53.98,53.98,2400,2021-08-13 16:30:00,DNLI
53.94,53.97,53.92,53.97,859,2021-08-13 16:35:00,DNLI
53.985,54.05,53.93,54.04,1200,2021-08-13 16:40:00,DNLI
54.035,54.035,54.0,54.02,873,2021-08-13 16:45:00,DNLI
54.0,54.05,53.94,53.96,1746,2021-08-13 16:50:00,DNLI
53.87,53.9,53.75,53.765,807,2021-08-13 16:55:00,DNLI
53.67,53.67,53.67,53.67,200,2021-08-13 17:00:00,DNLI
53.61,53.61,53.46,53.46,1845,2021-08-13 17:05:00,DNLI
53.42,53.59,53.41,53.48,1300,2021-08-13 17:10:00,DNLI
53.51,53.51,53.51,53.51,300,2021-08-13 17:15:00,DNLI
53.48,53.48,53.43,53.46,500,2021-08-13 17:20:00,DNLI
53.43,53.46,53.43,53.45,800,2021-08-13 17:25:00,DNLI
53.4,53.4,53.3524,53.3524,200,2021-08-13 17:30:00,DNLI
53.47,53.53,53.41,53.49,800,2021-08-13 17:35:00,DNLI
53.44,53.44,53.37,53.37,400,2021-08-13 17:40:00,DNLI
53.31,53.31,53.18,53.18,900,2021-08-13 17:45:00,DNLI
53.17,53.17,53.1,53.1,300,2021-08-13 17:50:00,DNLI
53.06,53.12,53.06,53.1,600,2021-08-13 17:55:00,DNLI
53.16,53.26,53.02,53.075,2761,2021-08-13 18:00:00,DNLI
53.06,53.15,53.02,53.02,700,2021-08-13 18:05:00,DNLI
52.96,53.1,52.96,52.99,2113,2021-08-13 18:10:00,DNLI
52.97,53.04,52.97,53.04,400,2021-08-13 18:15:00,DNLI
53.0,53.055,52.98,52.98,983,2021-08-13 18:20:00,DNLI
53.03,53.03,52.96,52.9703,773,2021-08-13 18:25:00,DNLI
53.04,53.12,53.02,53.11,1000,2021-08-13 18:30:00,DNLI
53.07,53.07,52.95,52.95,900,2021-08-13 18:35:00,DNLI
52.915,52.915,52.8,52.8,800,2021-08-13 18:40:00,DNLI
52.85,52.92,52.82,52.86,700,2021-08-13 18:45:00,DNLI
52.86,53.32,52.695,53.27,21448,2021-08-13 18:50:00,DNLI
53.29,53.29,52.94,53.06,5386,2021-08-13 18:55:00,DNLI
53.005,53.005,52.94,52.94,500,2021-08-13 19:00:00,DNLI
52.95,53.07,52.87,53.07,1202,2021-08-13 19:05:00,DNLI
52.99,53.08,52.86,53.08,1933,2021-08-13 19:10:00,DNLI
53.0,53.18,53.0,53.18,400,2021-08-13 19:15:00,DNLI
53.17,53.31,53.17,53.255,1908,2021-08-13 19:20:00,DNLI
53.2897,53.32,53.09,53.11,3006,2021-08-13 19:25:00,DNLI
53.05,53.055,52.95,52.95,1800,2021-08-13 19:30:00,DNLI
52.96,53.03,52.84,53.03,3339,2021-08-13 19:35:00,DNLI
53.0,53.0,52.84,52.84,5835,2021-08-13 19:40:00,DNLI
52.85,52.93,52.83,52.85,5100,2021-08-13 19:45:00,DNLI
52.9,53.05,52.78,52.82,14477,2021-08-13 19:50:00,DNLI
52.8,52.89,52.65,52.72,14721,2021-08-13 19:55:00,DNLI
52.64,52.64,51.6,51.67,6248,2021-08-16 13:30:00,DNLI
52.08,52.08,51.6,51.825,1300,2021-08-16 13:40:00,DNLI
51.8,52.01,51.74,52.01,500,2021-08-16 13:45:00,DNLI
51.8105,52.18,51.8105,51.9,5762,2021-08-16 13:50:00,DNLI
51.94,52.3,51.94,52.1,3362,2021-08-16 13:55:00,DNLI
52.09,52.52,52.07,52.37,5949,2021-08-16 14:00:00,DNLI
52.2,52.2,51.7501,51.7501,1240,2021-08-16 14:05:00,DNLI
51.87,51.91,51.45,51.47,4782,2021-08-16 14:10:00,DNLI
51.26,51.26,50.82,50.91,3864,2021-08-16 14:15:00,DNLI
50.965,51.47,50.62,51.47,2295,2021-08-16 14:20:00,DNLI
51.27,51.27,50.79,51.02,1936,2021-08-16 14:25:00,DNLI
50.98,50.98,50.78,50.94,400,2021-08-16 14:30:00,DNLI
51.1,51.28,51.1,51.195,1100,2021-08-16 14:35:00,DNLI
51.205,51.32,50.99,50.99,1000,2021-08-16 14:40:00,DNLI
51.13,51.22,51.12,51.22,1443,2021-08-16 14:45:00,DNLI
51.09,51.09,51.01,51.04,978,2021-08-16 14:50:00,DNLI
51.02,51.09,50.9,50.965,1000,2021-08-16 14:55:00,DNLI
50.92,51.05,50.81,51.05,2800,2021-08-16 15:00:00,DNLI
51.25,51.43,51.25,51.43,700,2021-08-16 15:05:00,DNLI
51.61,51.73,51.57,51.61,2573,2021-08-16 15:10:00,DNLI
51.58,51.83,51.58,51.83,200,2021-08-16 15:15:00,DNLI
51.675,51.7,51.49,51.49,1307,2021-08-16 15:20:00,DNLI
51.5,51.66,51.49,51.66,900,2021-08-16 15:25:00,DNLI
51.57,51.88,51.5,51.88,2103,2021-08-16 15:30:00,DNLI
51.74,51.775,51.73,51.775,1214,2021-08-16 15:35:00,DNLI
51.74,52.0,51.74,51.91,826,2021-08-16 15:40:00,DNLI
51.96,52.34,51.96,52.34,500,2021-08-16 15:45:00,DNLI
52.18,52.18,52.11,52.11,773,2021-08-16 15:50:00,DNLI
52.09,52.35,52.09,52.225,2915,2021-08-16 16:00:00,DNLI
52.215,52.215,52.19,52.19,200,2021-08-16 16:05:00,DNLI
52.22,52.52,52.22,52.52,1094,2021-08-16 16:10:00,DNLI
52.505,52.505,52.41,52.41,320,2021-08-16 16:15:00,DNLI
52.38,52.555,52.37,52.555,1300,2021-08-16 16:20:00,DNLI
52.555,52.555,52.46,52.51,1082,2021-08-16 16:25:00,DNLI
52.52,52.71,52.52,52.615,822,2021-08-16 16:30:00,DNLI
52.54,52.8,52.5,52.8,1804,2021-08-16 16:35:00,DNLI
52.82,52.82,52.82,52.82,100,2021-08-16 16:40:00,DNLI
52.77,52.89,52.77,52.89,1200,2021-08-16 16:45:00,DNLI
52.8,53.07,52.8,53.06,900,2021-08-16 16:50:00,DNLI
52.97,52.99,52.84,52.9,1804,2021-08-16 16:55:00,DNLI
52.83,52.83,52.7785,52.7785,382,2021-08-16 17:05:00,DNLI
52.78,52.78,52.78,52.78,100,2021-08-16 17:10:00,DNLI
52.84,52.85,52.72,52.72,10310,2021-08-16 17:15:00,DNLI
52.75,52.97,52.75,52.87,1314,2021-08-16 17:20:00,DNLI
52.87,52.88,52.78,52.85,1407,2021-08-16 17:25:00,DNLI
52.86,53.06,52.86,53.06,923,2021-08-16 17:30:00,DNLI
53.12,53.16,53.08,53.08,446,2021-08-16 17:40:00,DNLI
53.1296,53.1296,53.1296,53.1296,450,2021-08-16 17:45:00,DNLI
53.22,53.29,52.96,52.96,2707,2021-08-16 17:50:00,DNLI
52.87,52.87,52.77,52.77,1244,2021-08-16 17:55:00,DNLI
52.73,52.82,52.73,52.82,1121,2021-08-16 18:00:00,DNLI
52.71,52.7653,52.71,52.765,5026,2021-08-16 18:05:00,DNLI
52.81,52.82,52.81,52.82,406,2021-08-16 18:10:00,DNLI
52.91,52.91,52.61,52.66,1736,2021-08-16 18:15:00,DNLI
52.53,52.61,52.4,52.4,1869,2021-08-16 18:20:00,DNLI
52.409,52.409,52.31,52.32,300,2021-08-16 18:25:00,DNLI
52.32,52.44,52.32,52.32,1721,2021-08-16 18:30:00,DNLI
52.32,52.32,52.05,52.05,1444,2021-08-16 18:35:00,DNLI
51.99,52.155,51.98,52.1,1200,2021-08-16 18:40:00,DNLI
52.105,52.41,52.105,52.32,800,2021-08-16 18:45:00,DNLI
52.32,52.37,52.27,52.37,900,2021-08-16 18:50:00,DNLI
52.39,52.39,52.24,52.37,934,2021-08-16 18:55:00,DNLI
52.32,52.32,52.08,52.08,800,2021-08-16 19:00:00,DNLI
52.075,52.12,52.02,52.02,900,2021-08-16 19:05:00,DNLI
52.12,52.21,52.08,52.21,600,2021-08-16 19:10:00,DNLI
52.2,52.23,52.05,52.05,1468,2021-08-16 19:15:00,DNLI
52.065,52.16,52.065,52.14,1200,2021-08-16 19:20:00,DNLI
52.155,52.155,52.03,52.085,1000,2021-08-16 19:25:00,DNLI
52.05,52.19,51.92,52.19,2617,2021-08-16 19:30:00,DNLI
52.085,52.085,51.81,51.81,2506,2021-08-16 19:35:00,DNLI
51.85,52.01,51.85,51.97,3150,2021-08-16 19:40:00,DNLI
52.0,52.02,51.89,51.905,3584,2021-08-16 19:45:00,DNLI
51.94,52.0,51.78,51.85,10227,2021-08-16 19:50:00,DNLI
51.77,51.93,51.77,51.79,16899,2021-08-16 19:55:00,DNLI
50.99,51.08,50.43,50.855,4599,2021-08-17 13:30:00,DNLI
51.36,51.71,50.6101,51.71,1000,2021-08-17 13:35:00,DNLI
51.8,51.8,51.78,51.78,670,2021-08-17 13:40:00,DNLI
51.88,52.11,51.88,51.92,500,2021-08-17 13:45:00,DNLI
51.62,51.675,51.56,51.675,800,2021-08-17 13:50:00,DNLI
51.66,51.66,51.66,51.66,100,2021-08-17 13:55:00,DNLI
51.64,51.82,51.64,51.82,458,2021-08-17 14:00:00,DNLI
51.595,51.71,51.25,51.71,3697,2021-08-17 14:05:00,DNLI
51.53,51.84,51.53,51.82,600,2021-08-17 14:10:00,DNLI
52.085,52.1,51.74,51.95,1100,2021-08-17 14:15:00,DNLI
51.99,52.1225,51.99,52.1225,300,2021-08-17 14:20:00,DNLI
52.205,52.205,52.205,52.205,200,2021-08-17 14:25:00,DNLI
52.16,52.16,51.935,52.0143,2468,2021-08-17 14:30:00,DNLI
51.94,51.94,51.85,51.85,300,2021-08-17 14:35:00,DNLI
51.93,51.93,51.91,51.91,200,2021-08-17 14:40:00,DNLI
51.89,51.89,51.73,51.77,900,2021-08-17 14:45:00,DNLI
51.71,51.87,51.695,51.87,1132,2021-08-17 14:50:00,DNLI
51.67,51.67,51.29,51.29,915,2021-08-17 14:55:00,DNLI
51.3175,51.38,51.02,51.02,1129,2021-08-17 15:00:00,DNLI
50.98,51.15,50.98,51.03,1300,2021-08-17 15:05:00,DNLI
51.03,51.12,50.9,51.1,1297,2021-08-17 15:10:00,DNLI
51.12,51.2,51.05,51.05,994,2021-08-17 15:15:00,DNLI
51.03,51.04,50.91,50.98,1611,2021-08-17 15:20:00,DNLI
51.02,51.05,50.89,51.05,900,2021-08-17 15:25:00,DNLI
50.975,51.08,50.96,50.99,800,2021-08-17 15:30:00,DNLI
51.09,51.09,50.7,50.7,805,2021-08-17 15:35:00,DNLI
50.83,50.91,50.83,50.84,300,2021-08-17 15:40:00,DNLI
50.8023,50.92,50.76,50.82,640,2021-08-17 15:50:00,DNLI
50.88,51.0199,50.8,51.0199,1941,2021-08-17 15:55:00,DNLI
50.9,50.9,50.9,50.9,100,2021-08-17 16:00:00,DNLI
51.02,51.11,51.01,51.11,900,2021-08-17 16:05:00,DNLI
51.11,51.11,51.03,51.03,600,2021-08-17 16:10:00,DNLI
51.0,51.0,50.86,50.95,1300,2021-08-17 16:15:00,DNLI
50.7983,50.95,50.78,50.81,1300,2021-08-17 16:20:00,DNLI
50.84,51.0,50.8,51.0,2200,2021-08-17 16:25:00,DNLI
51.03,51.03,50.83,50.83,500,2021-08-17 16:35:00,DNLI
50.94,50.94,50.8,50.8,3260,2021-08-17 16:40:00,DNLI
50.98,50.98,50.76,50.91,1600,2021-08-17 16:45:00,DNLI
50.95,50.95,50.82,50.82,200,2021-08-17 16:50:00,DNLI
50.74,50.95,50.59,50.95,2618,2021-08-17 16:55:00,DNLI
50.99,51.045,50.99,51.045,200,2021-08-17 17:00:00,DNLI
51.1799,51.1799,50.8,51.05,1222,2021-08-17 17:05:00,DNLI
51.03,51.1,50.82,51.1,2375,2021-08-17 17:10:00,DNLI
51.15,51.15,51.15,51.15,100,2021-08-17 17:15:00,DNLI
51.12,51.215,51.12,51.215,200,2021-08-17 17:20:00,DNLI
51.13,51.155,51.08,51.08,300,2021-08-17 17:25:00,DNLI
51.245,51.27,51.08,51.25,1000,2021-08-17 17:30:00,DNLI
51.32,51.37,51.3179,51.3179,1371,2021-08-17 17:35:00,DNLI
51.31,51.38,51.25,51.38,821,2021-08-17 17:40:00,DNLI
51.27,51.28,51.27,51.28,200,2021-08-17 17:45:00,DNLI
51.29,51.2981,51.2,51.2981,700,2021-08-17 17:50:00,DNLI
51.295,51.41,51.25,51.41,400,2021-08-17 17:55:00,DNLI
51.23,51.25,51.23,51.25,377,2021-08-17 18:00:00,DNLI
51.24,51.3,51.21,51.21,900,2021-08-17 18:05:00,DNLI
51.345,51.415,51.245,51.415,1712,2021-08-17 18:10:00,DNLI
51.375,51.375,51.32,51.32,200,2021-08-17 18:15:00,DNLI
51.4499,51.4499,51.3,51.32,700,2021-08-17 18:20:00,DNLI
51.34,51.4,51.29,51.29,700,2021-08-17 18:25:00,DNLI
51.27,51.36,51.27,51.345,718,2021-08-17 18:30:00,DNLI
51.2926,51.2926,51.21,51.21,238,2021-08-17 18:35:00,DNLI
51.295,51.49,51.22,51.49,800,2021-08-17 18:40:00,DNLI
51.47,51.595,51.43,51.595,1300,2021-08-17 18:45:00,DNLI
51.65,51.7,51.61,51.62,1000,2021-08-17 18:50:00,DNLI
51.56,51.7,51.56,51.7,1016,2021-08-17 18:55:00,DNLI
51.725,51.78,51.725,51.725,400,2021-08-17 19:00:00,DNLI
51.79,51.84,51.79,51.8,1097,2021-08-17 19:05:00,DNLI
51.895,51.895,51.79,51.79,1000,2021-08-17 19:10:00,DNLI
51.84,51.88,51.63,51.8,2980,2021-08-17 19:15:00,DNLI
51.81,51.825,51.53,51.65,2460,2021-08-17 19:20:00,DNLI
51.69,51.78,51.63,51.78,2035,2021-08-17 19:25:00,DNLI
51.835,51.9169,51.82,51.82,1350,2021-08-17 19:30:00,DNLI
51.74,51.75,51.6,51.63,2408,2021-08-17 19:35:00,DNLI
51.61,51.61,51.44,51.61,2117,2021-08-17 19:40:00,DNLI
51.615,51.73,51.555,51.68,3316,2021-08-17 19:45:00,DNLI
51.71,51.87,51.71,51.87,4022,2021-08-17 19:50:00,DNLI
51.84,52.01,51.8,52.0,8639,2021-08-17 19:55:00,DNLI
52.25,52.25,52.17,52.17,3390,2021-08-18 13:30:00,DNLI
52.34,52.34,52.34,52.34,100,2021-08-18 13:35:00,DNLI
51.75,51.8,51.75,51.8,200,2021-08-18 13:40:00,DNLI
51.58,51.63,51.35,51.54,2547,2021-08-18 13:50:00,DNLI
51.63,51.71,51.6,51.6,600,2021-08-18 13:55:00,DNLI
51.56,51.56,51.31,51.31,1500,2021-08-18 14:00:00,DNLI
51.24,51.4,51.1,51.185,600,2021-08-18 14:05:00,DNLI
51.32,51.365,51.07,51.23,2575,2021-08-18 14:10:00,DNLI
51.175,51.34,51.175,51.34,700,2021-08-18 14:15:00,DNLI
51.55,51.55,51.5474,51.5474,200,2021-08-18 14:20:00,DNLI
51.42,51.435,51.42,51.435,200,2021-08-18 14:25:00,DNLI
51.64,51.64,51.64,51.64,100,2021-08-18 14:30:00,DNLI
51.535,51.72,51.535,51.72,800,2021-08-18 14:35:00,DNLI
51.6929,51.6929,51.6929,51.6929,100,2021-08-18 14:40:00,DNLI
51.59,51.69,51.57,51.67,1700,2021-08-18 14:45:00,DNLI
51.79,52.06,51.79,52.06,700,2021-08-18 14:50:00,DNLI
52.0,52.11,52.0,52.11,300,2021-08-18 14:55:00,DNLI
52.37,52.37,52.185,52.28,400,2021-08-18 15:00:00,DNLI
52.16,52.2351,52.095,52.095,976,2021-08-18 15:05:00,DNLI
52.06,52.09,52.0,52.0,922,2021-08-18 15:10:00,DNLI
51.84,52.0,51.83,52.0,1200,2021-08-18 15:15:00,DNLI
51.98,52.1,51.98,52.09,1600,2021-08-18 15:20:00,DNLI
52.09,52.18,52.07,52.095,400,2021-08-18 15:25:00,DNLI
52.08,52.115,52.08,52.115,500,2021-08-18 15:35:00,DNLI
52.09,52.1,52.015,52.015,1825,2021-08-18 15:40:00,DNLI
51.96,51.96,51.9,51.9,400,2021-08-18 15:45:00,DNLI
51.87,51.94,51.79,51.9,1710,2021-08-18 15:50:00,DNLI
51.98,52.035,51.98,52.035,300,2021-08-18 15:55:00,DNLI
52.09,52.09,52.09,52.09,100,2021-08-18 16:00:00,DNLI
52.23,52.23,52.23,52.23,100,2021-08-18 16:05:00,DNLI
52.2,52.2,52.155,52.155,200,2021-08-18 16:10:00,DNLI
52.141,52.2,52.04,52.04,3500,2021-08-18 16:20:00,DNLI
52.08,52.19,52.06,52.06,600,2021-08-18 16:25:00,DNLI
52.19,52.2,52.19,52.2,400,2021-08-18 16:30:00,DNLI
52.16,52.18,52.16,52.17,300,2021-08-18 16:35:00,DNLI
52.185,52.22,52.13,52.22,300,2021-08-18 16:40:00,DNLI
52.3,52.3,52.3,52.3,100,2021-08-18 16:50:00,DNLI
52.22,52.25,52.22,52.25,200,2021-08-18 16:55:00,DNLI
52.32,52.32,52.32,52.32,200,2021-08-18 17:00:00,DNLI
52.44,52.44,52.44,52.44,100,2021-08-18 17:05:00,DNLI
52.5,52.5,52.5,52.5,100,2021-08-18 17:10:00,DNLI
52.38,52.41,52.23,52.41,1005,2021-08-18 17:15:00,DNLI
52.25,52.25,52.18,52.18,400,2021-08-18 17:25:00,DNLI
52.21,52.22,52.14,52.14,1000,2021-08-18 17:30:00,DNLI
52.065,52.1,52.06,52.06,600,2021-08-18 17:35:00,DNLI
52.15,52.15,52.15,52.15,200,2021-08-18 17:40:00,DNLI
52.13,52.13,52.13,52.13,100,2021-08-18 17:45:00,DNLI
52.175,52.25,52.175,52.225,400,2021-08-18 17:50:00,DNLI
52.17,52.2211,52.17,52.2211,200,2021-08-18 17:55:00,DNLI
52.3,52.37,52.295,52.37,560,2021-08-18 18:00:00,DNLI
52.33,52.33,52.27,52.27,700,2021-08-18 18:05:00,DNLI
52.2,52.2,51.95,51.985,1482,2021-08-18 18:10:00,DNLI
51.92,52.03,51.88,52.03,1000,2021-08-18 18:15:00,DNLI
52.12,52.12,52.02,52.03,1632,2021-08-18 18:20:00,DNLI
52.26,52.41,52.26,52.41,400,2021-08-18 18:25:00,DNLI
52.5,52.62,52.4,52.4,1594,2021-08-18 18:30:00,DNLI
52.49,52.51,52.49,52.49,308,2021-08-18 18:35:00,DNLI
52.41,52.43,52.36,52.408,1797,2021-08-18 18:40:00,DNLI
52.3628,52.38,52.27,52.27,730,2021-08-18 18:45:00,DNLI
52.32,52.32,52.17,52.215,701,2021-08-18 18:50:00,DNLI
52.25,52.25,52.22,52.22,300,2021-08-18 18:55:00,DNLI
52.2,52.2,51.99,52.0,700,2021-08-18 19:00:00,DNLI
51.99,52.02,51.96,51.96,716,2021-08-18 19:05:00,DNLI
51.9,51.98,51.83,51.88,1400,2021-08-18 19:10:00,DNLI
51.84,51.84,51.72,51.785,1061,2021-08-18 19:15:00,DNLI
51.712,51.717,51.575,51.6,3168,2021-08-18 19:20:00,DNLI
51.58,51.58,51.24,51.28,3300,2021-08-18 19:25:00,DNLI
51.26,51.44,51.16,51.4,2883,2021-08-18 19:30:00,DNLI
51.395,51.4,51.33,51.4,900,2021-08-18 19:35:00,DNLI
51.33,51.37,51.295,51.34,2800,2021-08-18 19:40:00,DNLI
51.3,51.36,51.06,51.06,3552,2021-08-18 19:45:00,DNLI
51.02,51.17,50.92,51.03,17812,2021-08-18 19:50:00,DNLI
51.06,51.105,50.78,50.78,21588,2021-08-18 19:55:00,DNLI
50.52,50.86,50.35,50.6,3839,2021-08-19 13:30:00,DNLI
50.49,50.49,49.3506,50.06,22244,2021-08-19 13:35:00,DNLI
50.05,50.43,49.96,50.075,3971,2021-08-19 13:40:00,DNLI
49.945,50.715,49.945,50.25,14996,2021-08-19 13:45:00,DNLI
50.425,50.61,50.14,50.315,5300,2021-08-19 13:50:00,DNLI
50.305,50.305,50.21,50.215,1000,2021-08-19 13:55:00,DNLI
50.215,50.375,50.08,50.115,5300,2021-08-19 14:00:00,DNLI
50.105,50.41,50.105,50.315,2100,2021-08-19 14:05:00,DNLI
50.505,50.505,50.26,50.3,1200,2021-08-19 14:10:00,DNLI
50.305,50.37,50.305,50.345,600,2021-08-19 14:15:00,DNLI
50.345,50.345,50.05,50.05,1800,2021-08-19 14:20:00,DNLI
50.04,50.04,49.8301,49.93,2848,2021-08-19 14:25:00,DNLI
49.915,49.915,49.63,49.86,3550,2021-08-19 14:30:00,DNLI
49.78,49.99,49.77,49.94,5627,2021-08-19 14:35:00,DNLI
50.02,50.055,49.99,49.99,1200,2021-08-19 14:40:00,DNLI
49.81,49.91,49.6721,49.68,1000,2021-08-19 14:45:00,DNLI
49.695,49.76,49.65,49.76,1200,2021-08-19 14:50:00,DNLI
49.765,49.9,49.765,49.9,900,2021-08-19 14:55:00,DNLI
50.015,50.015,49.835,49.835,892,2021-08-19 15:00:00,DNLI
49.75,49.83,49.73,49.79,1348,2021-08-19 15:05:00,DNLI
49.8,49.88,49.73,49.87,2205,2021-08-19 15:10:00,DNLI
49.85,49.92,49.85,49.9,1291,2021-08-19 15:15:00,DNLI
49.865,49.865,49.77,49.77,300,2021-08-19 15:20:00,DNLI
49.77,49.82,49.5,49.51,2632,2021-08-19 15:25:00,DNLI
49.48,49.62,49.47,49.52,1850,2021-08-19 15:30:00,DNLI
49.52,49.615,49.49,49.6,600,2021-08-19 15:35:00,DNLI
49.52,49.55,49.46,49.46,1149,2021-08-19 15:40:00,DNLI
49.51,49.68,49.51,49.61,2203,2021-08-19 15:45:00,DNLI
49.68,49.85,49.66,49.8,3400,2021-08-19 15:50:00,DNLI
49.77,50.11,49.76,50.11,2300,2021-08-19 15:55:00,DNLI
50.06,50.12,50.04,50.11,1100,2021-08-19 16:00:00,DNLI
50.08,50.08,49.91,49.945,1300,2021-08-19 16:05:00,DNLI
49.99,50.14,49.99,50.14,1800,2021-08-19 16:10:00,DNLI
50.1,50.16,50.095,50.095,1110,2021-08-19 16:15:00,DNLI
50.09,50.09,50.02,50.09,700,2021-08-19 16:20:00,DNLI
49.99,49.99,49.74,49.8,2608,2021-08-19 16:25:00,DNLI
49.76,49.76,49.7,49.75,1434,2021-08-19 16:30:00,DNLI
49.71,50.1,49.71,50.09,5839,2021-08-19 16:35:00,DNLI
50.03,50.03,49.93,49.93,1544,2021-08-19 16:40:00,DNLI
49.88,49.92,49.76,49.79,2101,2021-08-19 16:45:00,DNLI
49.79,49.9,49.67,49.75,20199,2021-08-19 16:50:00,DNLI
49.83,49.96,49.79,49.94,2501,2021-08-19 16:55:00,DNLI
49.97,49.97,49.51,49.56,6498,2021-08-19 17:00:00,DNLI
49.48,49.48,49.3,49.37,2100,2021-08-19 17:05:00,DNLI
49.43,49.49,49.41,49.42,2013,2021-08-19 17:10:00,DNLI
49.42,49.42,49.1,49.24,2648,2021-08-19 17:15:00,DNLI
49.215,49.26,49.09,49.09,1700,2021-08-19 17:20:00,DNLI
49.04,49.16,49.02,49.15,3026,2021-08-19 17:25:00,DNLI
49.12,49.31,49.09,49.31,3434,2021-08-19 17:30:00,DNLI
49.27,49.27,49.17,49.23,1200,2021-08-19 17:35:00,DNLI
49.23,49.34,49.11,49.22,3900,2021-08-19 17:40:00,DNLI
49.175,49.28,49.175,49.28,1500,2021-08-19 17:45:00,DNLI
49.229,49.23,49.05,49.11,8610,2021-08-19 17:50:00,DNLI
49.12,49.12,48.84,48.845,5648,2021-08-19 17:55:00,DNLI
48.9,48.91,48.835,48.835,2421,2021-08-19 18:00:00,DNLI
48.89,49.16,48.89,49.06,6149,2021-08-19 18:05:00,DNLI
49.06,49.2,49.01,49.125,3600,2021-08-19 18:10:00,DNLI
49.08,49.08,48.85,49.0,2248,2021-08-19 18:15:00,DNLI
49.07,49.125,49.0401,49.085,1570,2021-08-19 18:20:00,DNLI
49.11,49.16,48.98,48.99,5410,2021-08-19 18:25:00,DNLI
48.99,49.15,48.865,49.125,3400,2021-08-19 18:30:00,DNLI
49.12,49.17,49.03,49.045,6946,2021-08-19 18:35:00,DNLI
49.105,49.105,48.99,49.02,1944,2021-08-19 18:40:00,DNLI
49.0,49.0,48.94,49.0,1850,2021-08-19 18:45:00,DNLI
48.96,48.97,48.75,48.86,8155,2021-08-19 18:50:00,DNLI
48.8,48.9,48.7982,48.82,1950,2021-08-19 18:55:00,DNLI
48.86,49.15,48.86,49.125,2670,2021-08-19 19:00:00,DNLI
49.125,49.125,48.99,48.99,1000,2021-08-19 19:05:00,DNLI
48.94,48.94,48.81,48.935,2384,2021-08-19 19:10:00,DNLI
48.94,49.0,48.88,48.88,1484,2021-08-19 19:15:00,DNLI
48.865,48.865,48.76,48.78,900,2021-08-19 19:20:00,DNLI
48.78,48.86,48.73,48.8232,2562,2021-08-19 19:25:00,DNLI
48.76,48.82,48.73,48.775,2200,2021-08-19 19:30:00,DNLI
48.77,48.77,48.61,48.735,3780,2021-08-19 19:35:00,DNLI
48.68,48.68,48.46,48.63,5987,2021-08-19 19:40:00,DNLI
48.64,48.64,48.495,48.55,4311,2021-08-19 19:45:00,DNLI
48.59,48.65,48.31,48.31,16814,2021-08-19 19:50:00,DNLI
48.38,48.57,48.34,48.43,30368,2021-08-19 19:55:00,DNLI
48.23,49.125,48.23,49.125,20967,2021-08-20 13:30:00,DNLI
48.265,49.13,48.265,48.945,1283,2021-08-20 13:35:00,DNLI
48.57,48.88,48.33,48.72,1970,2021-08-20 13:40:00,DNLI
48.7,48.7,48.58,48.58,500,2021-08-20 13:45:00,DNLI
48.7368,48.7368,48.49,48.49,1100,2021-08-20 13:50:00,DNLI
48.5,48.505,48.31,48.46,2250,2021-08-20 13:55:00,DNLI
48.48,48.48,48.48,48.48,100,2021-08-20 14:00:00,DNLI
48.61,48.8,48.61,48.77,1800,2021-08-20 14:05:00,DNLI
48.83,48.98,48.54,48.62,4494,2021-08-20 14:10:00,DNLI
48.59,48.93,48.59,48.61,1670,2021-08-20 14:15:00,DNLI
48.83,48.86,48.52,48.52,900,2021-08-20 14:20:00,DNLI
48.54,48.705,48.53,48.705,2400,2021-08-20 14:25:00,DNLI
48.6,48.81,48.6,48.81,1560,2021-08-20 14:30:00,DNLI
48.85,48.88,48.69,48.88,3947,2021-08-20 14:35:00,DNLI
48.88,48.89,48.43,48.5,17057,2021-08-20 14:40:00,DNLI
48.49,48.5,48.43,48.5,11952,2021-08-20 14:45:00,DNLI
48.5,48.72,48.5,48.72,937,2021-08-20 14:50:00,DNLI
48.55,48.58,48.55,48.58,200,2021-08-20 14:55:00,DNLI
48.47,48.55,48.47,48.55,200,2021-08-20 15:00:00,DNLI
48.6,48.66,48.5,48.525,1216,2021-08-20 15:05:00,DNLI
48.54,48.64,48.53,48.53,1300,2021-08-20 15:10:00,DNLI
48.56,48.635,48.48,48.48,1500,2021-08-20 15:15:00,DNLI
48.38,48.45,48.38,48.45,200,2021-08-20 15:20:00,DNLI
48.53,48.67,48.53,48.67,1600,2021-08-20 15:25:00,DNLI
48.56,48.56,48.5,48.55,600,2021-08-20 15:30:00,DNLI
48.605,48.605,48.44,48.54,700,2021-08-20 15:35:00,DNLI
48.45,48.45,48.44,48.44,200,2021-08-20 15:40:00,DNLI
48.48,48.48,48.45,48.465,1219,2021-08-20 15:45:00,DNLI
48.465,48.465,48.3,48.3,1446,2021-08-20 15:50:00,DNLI
48.39,48.5,48.38,48.5,900,2021-08-20 15:55:00,DNLI
48.48,48.575,48.41,48.575,3755,2021-08-20 16:00:00,DNLI
48.53,48.56,48.45,48.4767,1660,2021-08-20 16:05:00,DNLI
48.53,48.53,48.44,48.49,800,2021-08-20 16:10:00,DNLI
48.45,48.45,48.215,48.32,3051,2021-08-20 16:15:00,DNLI
48.26,48.28,48.18,48.28,1907,2021-08-20 16:20:00,DNLI
48.37,48.46,48.31,48.4175,3560,2021-08-20 16:25:00,DNLI
48.4,48.4,48.27,48.34,3830,2021-08-20 16:30:00,DNLI
48.38,48.41,48.335,48.405,1909,2021-08-20 16:35:00,DNLI
48.41,48.49,48.37,48.49,3800,2021-08-20 16:40:00,DNLI
48.56,48.57,48.51,48.55,838,2021-08-20 16:45:00,DNLI
48.595,48.96,48.595,48.81,7509,2021-08-20 16:50:00,DNLI
48.77,48.99,48.75,48.99,3000,2021-08-20 16:55:00,DNLI
48.93,49.0,48.84,48.925,8711,2021-08-20 17:00:00,DNLI
48.88,49.03,48.88,48.95,7707,2021-08-20 17:05:00,DNLI
49.0,49.28,48.91,49.28,7769,2021-08-20 17:10:00,DNLI
49.268,49.67,49.268,49.53,4068,2021-08-20 17:15:00,DNLI
49.46,49.52,49.43,49.43,1600,2021-08-20 17:20:00,DNLI
49.46,49.46,49.4,49.44,1000,2021-08-20 17:25:00,DNLI
49.49,49.56,49.36,49.36,1612,2021-08-20 17:30:00,DNLI
49.24,49.25,49.24,49.25,500,2021-08-20 17:35:00,DNLI
49.29,49.33,49.29,49.33,800,2021-08-20 17:40:00,DNLI
49.21,49.25,49.17,49.25,1957,2021-08-20 17:45:00,DNLI
49.3,49.3,49.23,49.23,300,2021-08-20 17:55:00,DNLI
49.31,49.35,49.31,49.35,600,2021-08-20 18:00:00,DNLI
49.44,49.52,49.44,49.52,200,2021-08-20 18:05:00,DNLI
49.56,49.56,49.42,49.42,10333,2021-08-20 18:10:00,DNLI
49.43,49.44,49.34,49.35,4533,2021-08-20 18:15:00,DNLI
49.315,49.315,49.09,49.09,1800,2021-08-20 18:20:00,DNLI
49.13,49.18,49.04,49.095,1300,2021-08-20 18:25:00,DNLI
49.09,49.1,48.79,48.79,2017,2021-08-20 18:30:00,DNLI
48.84,48.86,48.75,48.783,1701,2021-08-20 18:35:00,DNLI
48.77,48.83,48.745,48.745,2300,2021-08-20 18:40:00,DNLI
48.78,48.895,48.77,48.86,1359,2021-08-20 18:45:00,DNLI
48.95,49.01,48.95,49.01,600,2021-08-20 18:50:00,DNLI
48.91,48.94,48.86,48.88,8203,2021-08-20 18:55:00,DNLI
48.9,49.04,48.88,48.965,3331,2021-08-20 19:00:00,DNLI
49.01,49.035,48.97,49.035,400,2021-08-20 19:05:00,DNLI
49.0607,49.14,49.02,49.06,2943,2021-08-20 19:10:00,DNLI
49.04,49.055,48.82,48.82,1348,2021-08-20 19:15:00,DNLI
48.76,48.9,48.63,48.865,3861,2021-08-20 19:20:00,DNLI
48.865,48.9,48.67,48.68,5303,2021-08-20 19:25:00,DNLI
48.7,48.8,48.7,48.8,3803,2021-08-20 19:30:00,DNLI
48.81,48.84,48.74,48.805,2747,2021-08-20 19:35:00,DNLI
48.77,48.899,48.76,48.87,3500,2021-08-20 19:40:00,DNLI
48.85,48.89,48.82,48.855,3547,2021-08-20 19:45:00,DNLI
48.88,48.925,48.79,48.89,12325,2021-08-20 19:50:00,DNLI
48.89,48.96,48.8,48.88,19804,2021-08-20 19:55:00,DNLI
