open,high,low,close,volume,datetime,symbol
4.92,4.92,4.92,4.92,100,2020-10-01 11:00:00,AMC
4.85,4.85,4.85,4.85,1000,2020-10-01 12:00:00,AMC
4.8699,4.87,4.8699,4.87,461,2020-10-01 12:05:00,AMC
4.85,4.85,4.85,4.85,200,2020-10-01 12:10:00,AMC
4.84,4.84,4.84,4.84,3000,2020-10-01 12:20:00,AMC
4.81,4.83,4.81,4.83,600,2020-10-01 12:25:00,AMC
4.85,4.85,4.85,4.85,4500,2020-10-01 12:30:00,AMC
4.81,4.85,4.81,4.85,4972,2020-10-01 12:40:00,AMC
4.85,4.85,4.8499,4.85,1008,2020-10-01 12:45:00,AMC
4.87,4.87,4.83,4.83,1273,2020-10-01 12:50:00,AMC
4.84,4.84,4.84,4.84,500,2020-10-01 12:55:00,AMC
4.8102,4.85,4.81,4.85,5200,2020-10-01 13:00:00,AMC
4.84,4.84,4.84,4.84,2280,2020-10-01 13:10:00,AMC
4.8399,4.84,4.81,4.8102,1656,2020-10-01 13:15:00,AMC
4.8102,4.8102,4.8102,4.8102,165,2020-10-01 13:20:00,AMC
4.81,4.82,4.78,4.78,3557,2020-10-01 13:25:00,AMC
4.78,4.8,4.71,4.7236,114732,2020-10-01 13:30:00,AMC
4.73,4.735,4.63,4.7198,160389,2020-10-01 13:35:00,AMC
4.72,4.75,4.69,4.695,65268,2020-10-01 13:40:00,AMC
4.6996,4.6996,4.63,4.685,104993,2020-10-01 13:45:00,AMC
4.6864,4.72,4.6688,4.7001,78102,2020-10-01 13:50:00,AMC
4.7098,4.77,4.7098,4.72,105671,2020-10-01 13:55:00,AMC
4.7188,4.72,4.655,4.667,50845,2020-10-01 14:00:00,AMC
4.6688,4.68,4.66,4.665,32743,2020-10-01 14:05:00,AMC
4.67,4.71,4.6699,4.7011,59564,2020-10-01 14:10:00,AMC
4.7088,4.7088,4.665,4.6688,11583,2020-10-01 14:15:00,AMC
4.66,4.6699,4.66,4.665,12659,2020-10-01 14:20:00,AMC
4.66,4.67,4.66,4.67,24336,2020-10-01 14:25:00,AMC
4.67,4.6798,4.65,4.6613,71127,2020-10-01 14:30:00,AMC
4.665,4.69,4.665,4.6887,49840,2020-10-01 14:35:00,AMC
4.685,4.71,4.68,4.7,28394,2020-10-01 14:40:00,AMC
4.69,4.6999,4.67,4.67,24431,2020-10-01 14:45:00,AMC
4.67,4.69,4.66,4.685,38911,2020-10-01 14:50:00,AMC
4.69,4.7,4.687,4.695,34862,2020-10-01 14:55:00,AMC
4.6988,4.6998,4.69,4.6992,3970,2020-10-01 15:00:00,AMC
4.695,4.6988,4.67,4.6751,6817,2020-10-01 15:05:00,AMC
4.67,4.67,4.65,4.67,34093,2020-10-01 15:10:00,AMC
4.67,4.69,4.67,4.6899,26602,2020-10-01 15:15:00,AMC
4.6899,4.69,4.6799,4.68,17147,2020-10-01 15:20:00,AMC
4.6812,4.6889,4.68,4.6889,7035,2020-10-01 15:25:00,AMC
4.6864,4.69,4.68,4.6899,23207,2020-10-01 15:30:00,AMC
4.685,4.6894,4.655,4.6589,15686,2020-10-01 15:35:00,AMC
4.6588,4.6599,4.65,4.6599,15287,2020-10-01 15:40:00,AMC
4.6557,4.66,4.65,4.655,12591,2020-10-01 15:45:00,AMC
4.65,4.66,4.63,4.66,61773,2020-10-01 15:50:00,AMC
4.6599,4.67,4.6513,4.66,19880,2020-10-01 15:55:00,AMC
4.665,4.665,4.65,4.655,12404,2020-10-01 16:00:00,AMC
4.6592,4.66,4.65,4.653,9031,2020-10-01 16:05:00,AMC
4.65,4.67,4.65,4.67,13748,2020-10-01 16:10:00,AMC
4.6655,4.67,4.6529,4.6599,14156,2020-10-01 16:15:00,AMC
4.655,4.67,4.6513,4.665,16133,2020-10-01 16:20:00,AMC
4.6798,4.6798,4.65,4.6588,25514,2020-10-01 16:25:00,AMC
4.655,4.66,4.65,4.6588,23609,2020-10-01 16:30:00,AMC
4.6588,4.665,4.65,4.65,20878,2020-10-01 16:35:00,AMC
4.655,4.67,4.65,4.66,22812,2020-10-01 16:40:00,AMC
4.6599,4.67,4.65,4.6613,11536,2020-10-01 16:45:00,AMC
4.6688,4.67,4.66,4.6625,12070,2020-10-01 16:50:00,AMC
4.665,4.67,4.66,4.665,10042,2020-10-01 16:55:00,AMC
4.665,4.67,4.65,4.66,23649,2020-10-01 17:00:00,AMC
4.655,4.6599,4.6532,4.655,1599,2020-10-01 17:05:00,AMC
4.655,4.66,4.65,4.6513,30281,2020-10-01 17:10:00,AMC
4.6597,4.67,4.65,4.6688,74772,2020-10-01 17:15:00,AMC
4.666,4.67,4.66,4.6698,24140,2020-10-01 17:20:00,AMC
4.67,4.6859,4.66,4.681,24452,2020-10-01 17:25:00,AMC
4.685,4.69,4.68,4.6835,14648,2020-10-01 17:30:00,AMC
4.6899,4.6899,4.68,4.6887,11703,2020-10-01 17:35:00,AMC
4.6801,4.69,4.68,4.68,12195,2020-10-01 17:40:00,AMC
4.68,4.6899,4.68,4.68,6427,2020-10-01 17:45:00,AMC
4.68,4.7,4.68,4.69,24091,2020-10-01 17:50:00,AMC
4.695,4.7,4.68,4.68,10424,2020-10-01 17:55:00,AMC
4.68,4.6879,4.66,4.665,37436,2020-10-01 18:00:00,AMC
4.665,4.6688,4.66,4.66,11660,2020-10-01 18:05:00,AMC
4.6688,4.67,4.65,4.6551,57592,2020-10-01 18:10:00,AMC
4.6592,4.67,4.65,4.6688,20501,2020-10-01 18:15:00,AMC
4.6678,4.6688,4.65,4.655,26763,2020-10-01 18:20:00,AMC
4.655,4.6688,4.65,4.6682,17893,2020-10-01 18:25:00,AMC
4.6697,4.67,4.66,4.6672,10243,2020-10-01 18:30:00,AMC
4.665,4.67,4.66,4.66,6594,2020-10-01 18:35:00,AMC
4.66,4.67,4.66,4.6648,17815,2020-10-01 18:40:00,AMC
4.6699,4.67,4.66,4.665,13628,2020-10-01 18:45:00,AMC
4.665,4.69,4.665,4.6801,52978,2020-10-01 18:50:00,AMC
4.6887,4.6887,4.67,4.68,32824,2020-10-01 18:55:00,AMC
4.6701,4.69,4.67,4.685,41447,2020-10-01 19:00:00,AMC
4.6887,4.69,4.675,4.685,10816,2020-10-01 19:05:00,AMC
4.68,4.69,4.68,4.6887,45055,2020-10-01 19:10:00,AMC
4.685,4.69,4.66,4.665,23543,2020-10-01 19:15:00,AMC
4.66,4.66,4.65,4.655,42119,2020-10-01 19:20:00,AMC
4.655,4.66,4.65,4.65,27684,2020-10-01 19:25:00,AMC
4.65,4.66,4.65,4.65,39746,2020-10-01 19:30:00,AMC
4.65,4.66,4.64,4.6487,31710,2020-10-01 19:35:00,AMC
4.645,4.65,4.63,4.639,63127,2020-10-01 19:40:00,AMC
4.63,4.64,4.63,4.63,62914,2020-10-01 19:45:00,AMC
4.635,4.67,4.63,4.665,94464,2020-10-01 19:50:00,AMC
4.67,4.67,4.65,4.65,147004,2020-10-01 19:55:00,AMC
4.65,4.66,4.65,4.66,48474,2020-10-01 20:00:00,AMC
4.67,4.67,4.67,4.67,250,2020-10-01 20:05:00,AMC
4.67,4.67,4.67,4.67,1085,2020-10-01 20:20:00,AMC
4.68,4.68,4.68,4.68,112,2020-10-01 20:25:00,AMC
4.69,4.72,4.69,4.69,15499,2020-10-01 20:30:00,AMC
4.69,4.69,4.69,4.69,1422,2020-10-01 20:35:00,AMC
4.65,4.7,4.61,4.62,8373,2020-10-01 20:40:00,AMC
4.66,4.66,4.66,4.66,100,2020-10-01 20:45:00,AMC
4.66,4.68,4.66,4.68,1030,2020-10-01 20:50:00,AMC
4.68,4.68,4.66,4.66,1953,2020-10-01 20:55:00,AMC
4.65,4.66,4.65,4.65,3675,2020-10-01 21:00:00,AMC
4.66,4.68,4.66,4.68,1045,2020-10-01 21:05:00,AMC
4.65,4.65,4.65,4.65,1225,2020-10-01 21:10:00,AMC
4.68,4.68,4.65,4.65,1093,2020-10-01 21:15:00,AMC
4.69,4.69,4.68,4.68,2045,2020-10-01 21:25:00,AMC
4.68,4.68,4.68,4.68,4589,2020-10-01 21:30:00,AMC
4.71,4.72,4.71,4.72,300,2020-10-01 21:35:00,AMC
4.72,4.72,4.71,4.72,4801,2020-10-01 21:40:00,AMC
4.71,4.72,4.71,4.72,330,2020-10-01 21:45:00,AMC
4.72,4.73,4.72,4.72,3095,2020-10-01 21:50:00,AMC
4.73,4.73,4.73,4.73,1019,2020-10-01 21:55:00,AMC
4.73,4.73,4.71,4.73,18882,2020-10-01 22:00:00,AMC
4.71,4.71,4.7,4.7,3992,2020-10-01 22:05:00,AMC
4.7,4.7,4.7,4.7,800,2020-10-01 22:15:00,AMC
4.69,4.69,4.69,4.69,996,2020-10-01 22:30:00,AMC
4.69,4.69,4.69,4.69,146,2020-10-01 22:40:00,AMC
4.69,4.69,4.69,4.69,407,2020-10-01 22:50:00,AMC
4.69,4.69,4.69,4.69,100,2020-10-01 22:55:00,AMC
4.69,4.69,4.69,4.69,100,2020-10-01 23:00:00,AMC
4.68,4.68,4.68,4.68,1000,2020-10-01 23:10:00,AMC
4.68,4.68,4.68,4.68,2000,2020-10-01 23:20:00,AMC
4.66,4.66,4.63,4.63,900,2020-10-01 23:25:00,AMC
4.69,4.69,4.69,4.69,100,2020-10-01 23:30:00,AMC
4.65,4.65,4.65,4.65,200,2020-10-01 23:35:00,AMC
4.65,4.65,4.65,4.65,373,2020-10-01 23:45:00,AMC
4.65,4.65,4.65,4.65,920,2020-10-01 23:55:00,AMC
4.65,4.65,4.61,4.61,2010,2020-10-02 08:00:00,AMC
4.5,4.5,4.5,4.5,176,2020-10-02 08:05:00,AMC
4.58,4.58,4.58,4.58,500,2020-10-02 08:10:00,AMC
4.5,4.5,4.5,4.5,100,2020-10-02 08:40:00,AMC
4.5,4.5,4.5,4.5,9791,2020-10-02 08:55:00,AMC
4.49,4.61,4.49,4.55,6315,2020-10-02 11:00:00,AMC
4.5,4.5,4.5,4.5,1167,2020-10-02 11:05:00,AMC
4.5,4.5,4.45,4.45,1823,2020-10-02 11:10:00,AMC
4.51,4.51,4.51,4.51,300,2020-10-02 11:45:00,AMC
4.51,4.51,4.5,4.5,2892,2020-10-02 11:55:00,AMC
4.4901,4.4901,4.48,4.48,3350,2020-10-02 12:00:00,AMC
4.48,4.48,4.4798,4.48,3105,2020-10-02 12:05:00,AMC
4.46,4.48,4.45,4.48,1015,2020-10-02 12:10:00,AMC
4.45,4.48,4.45,4.4501,3591,2020-10-02 12:15:00,AMC
4.45,4.55,4.45,4.47,1055,2020-10-02 12:20:00,AMC
4.4701,4.5,4.4701,4.5,700,2020-10-02 12:25:00,AMC
4.47,4.49,4.47,4.49,1340,2020-10-02 12:30:00,AMC
4.55,4.55,4.53,4.55,6138,2020-10-02 12:35:00,AMC
4.484,4.484,4.484,4.484,200,2020-10-02 12:40:00,AMC
4.4901,4.4901,4.48,4.48,4900,2020-10-02 12:45:00,AMC
4.5,4.5,4.5,4.5,500,2020-10-02 12:50:00,AMC
4.5,4.54,4.48,4.53,4681,2020-10-02 12:55:00,AMC
4.5398,4.5398,4.4901,4.4901,3592,2020-10-02 13:00:00,AMC
4.49,4.5,4.45,4.47,18035,2020-10-02 13:05:00,AMC
4.48,4.5001,4.46,4.46,3763,2020-10-02 13:10:00,AMC
4.47,4.47,4.45,4.45,3280,2020-10-02 13:15:00,AMC
4.4501,4.46,4.45,4.46,6572,2020-10-02 13:20:00,AMC
4.46,4.5001,4.46,4.5,11447,2020-10-02 13:25:00,AMC
4.48,4.5,4.42,4.47,301849,2020-10-02 13:30:00,AMC
4.47,4.5213,4.46,4.5213,129326,2020-10-02 13:35:00,AMC
4.5257,4.5257,4.46,4.4887,81196,2020-10-02 13:40:00,AMC
4.4878,4.5,4.47,4.4884,93296,2020-10-02 13:45:00,AMC
4.4852,4.51,4.48,4.5012,54133,2020-10-02 13:50:00,AMC
4.5055,4.5388,4.5055,4.52,29543,2020-10-02 13:55:00,AMC
4.5283,4.57,4.5213,4.556,100351,2020-10-02 14:00:00,AMC
4.555,4.59,4.54,4.585,42534,2020-10-02 14:05:00,AMC
4.59,4.59,4.56,4.5648,70856,2020-10-02 14:10:00,AMC
4.5687,4.57,4.55,4.5588,35804,2020-10-02 14:15:00,AMC
4.5591,4.5591,4.5401,4.5401,38981,2020-10-02 14:20:00,AMC
4.54,4.55,4.5211,4.525,92103,2020-10-02 14:25:00,AMC
4.52,4.53,4.51,4.529,60162,2020-10-02 14:30:00,AMC
4.52,4.52,4.51,4.5187,27904,2020-10-02 14:35:00,AMC
4.5138,4.52,4.51,4.515,20969,2020-10-02 14:40:00,AMC
4.515,4.525,4.51,4.5199,24568,2020-10-02 14:45:00,AMC
4.52,4.52,4.51,4.5187,4831,2020-10-02 14:50:00,AMC
4.5136,4.52,4.51,4.515,13281,2020-10-02 14:55:00,AMC
4.5,4.51,4.5,4.5097,32326,2020-10-02 15:00:00,AMC
4.505,4.51,4.49,4.4988,70732,2020-10-02 15:05:00,AMC
4.495,4.5,4.49,4.4982,41999,2020-10-02 15:10:00,AMC
4.5,4.5,4.49,4.5,10165,2020-10-02 15:15:00,AMC
4.5,4.59,4.5,4.57,122661,2020-10-02 15:20:00,AMC
4.58,4.64,4.57,4.63,83030,2020-10-02 15:25:00,AMC
4.635,4.635,4.59,4.6,61853,2020-10-02 15:30:00,AMC
4.5942,4.6,4.58,4.59,55860,2020-10-02 15:35:00,AMC
4.585,4.5998,4.57,4.5857,63825,2020-10-02 15:40:00,AMC
4.5899,4.59,4.565,4.5693,16444,2020-10-02 15:45:00,AMC
4.565,4.57,4.56,4.57,24728,2020-10-02 15:50:00,AMC
4.565,4.5699,4.56,4.565,15298,2020-10-02 15:55:00,AMC
4.5613,4.569,4.55,4.55,7658,2020-10-02 16:00:00,AMC
4.55,4.57,4.55,4.57,41261,2020-10-02 16:05:00,AMC
4.57,4.62,4.565,4.6,57129,2020-10-02 16:10:00,AMC
4.6,4.63,4.6,4.63,15374,2020-10-02 16:15:00,AMC
4.64,4.65,4.62,4.6356,40943,2020-10-02 16:20:00,AMC
4.6312,4.65,4.62,4.645,83686,2020-10-02 16:25:00,AMC
4.645,4.65,4.62,4.6299,21113,2020-10-02 16:30:00,AMC
4.6242,4.6388,4.62,4.63,23450,2020-10-02 16:35:00,AMC
4.6388,4.6388,4.622,4.63,11361,2020-10-02 16:40:00,AMC
4.63,4.64,4.61,4.61,68132,2020-10-02 16:45:00,AMC
4.62,4.63,4.62,4.62,8051,2020-10-02 16:50:00,AMC
4.63,4.63,4.62,4.6268,20870,2020-10-02 16:55:00,AMC
4.629,4.63,4.62,4.63,7030,2020-10-02 17:00:00,AMC
4.63,4.63,4.61,4.6177,36633,2020-10-02 17:05:00,AMC
4.6134,4.625,4.59,4.605,18563,2020-10-02 17:10:00,AMC
4.605,4.61,4.6,4.61,7679,2020-10-02 17:15:00,AMC
4.6067,4.62,4.605,4.6119,28540,2020-10-02 17:20:00,AMC
4.62,4.62,4.6015,4.605,7862,2020-10-02 17:25:00,AMC
4.6087,4.61,4.59,4.595,11976,2020-10-02 17:30:00,AMC
4.595,4.6,4.59,4.6,24292,2020-10-02 17:35:00,AMC
4.6,4.6,4.58,4.58,28223,2020-10-02 17:40:00,AMC
4.59,4.59,4.58,4.5856,10810,2020-10-02 17:45:00,AMC
4.588,4.59,4.5701,4.585,21933,2020-10-02 17:50:00,AMC
4.585,4.59,4.581,4.5883,7114,2020-10-02 17:55:00,AMC
4.5855,4.59,4.5818,4.5818,14507,2020-10-02 18:00:00,AMC
4.59,4.6,4.585,4.595,9857,2020-10-02 18:05:00,AMC
4.59,4.6,4.59,4.5988,11114,2020-10-02 18:10:00,AMC
4.5988,4.61,4.595,4.6,18633,2020-10-02 18:15:00,AMC
4.605,4.6087,4.595,4.595,10664,2020-10-02 18:20:00,AMC
4.6,4.6,4.59,4.6,8101,2020-10-02 18:25:00,AMC
4.595,4.62,4.595,4.62,16164,2020-10-02 18:30:00,AMC
4.6199,4.62,4.61,4.62,7464,2020-10-02 18:35:00,AMC
4.615,4.62,4.61,4.619,5354,2020-10-02 18:40:00,AMC
4.615,4.6292,4.615,4.6184,15125,2020-10-02 18:45:00,AMC
4.62,4.63,4.62,4.625,4657,2020-10-02 18:50:00,AMC
4.6288,4.63,4.615,4.63,10533,2020-10-02 18:55:00,AMC
4.625,4.63,4.61,4.6288,15607,2020-10-02 19:00:00,AMC
4.63,4.63,4.624,4.6269,9954,2020-10-02 19:05:00,AMC
4.62,4.635,4.61,4.6204,36543,2020-10-02 19:10:00,AMC
4.625,4.63,4.62,4.63,13475,2020-10-02 19:15:00,AMC
4.63,4.635,4.61,4.635,30110,2020-10-02 19:20:00,AMC
4.635,4.64,4.63,4.6379,10860,2020-10-02 19:25:00,AMC
4.63,4.64,4.62,4.64,13531,2020-10-02 19:30:00,AMC
4.6388,4.64,4.63,4.64,10143,2020-10-02 19:35:00,AMC
4.64,4.64,4.63,4.63,15125,2020-10-02 19:40:00,AMC
4.635,4.65,4.63,4.645,54535,2020-10-02 19:45:00,AMC
4.645,4.65,4.62,4.65,92206,2020-10-02 19:50:00,AMC
4.645,4.66,4.6393,4.66,127643,2020-10-02 19:55:00,AMC
4.65,4.66,4.65,4.66,47395,2020-10-02 20:00:00,AMC
4.66,4.67,4.66,4.66,350,2020-10-02 20:05:00,AMC
4.67,4.67,4.65,4.65,340,2020-10-02 20:10:00,AMC
4.6702,4.6702,4.66,4.66,1009,2020-10-02 20:15:00,AMC
4.61,4.6498,4.61,4.61,5069,2020-10-02 20:20:00,AMC
4.62,4.63,4.62,4.63,495,2020-10-02 20:25:00,AMC
4.61,4.61,4.61,4.61,100,2020-10-02 20:30:00,AMC
4.62,4.65,4.62,4.65,2260,2020-10-02 20:35:00,AMC
4.62,4.62,4.62,4.62,1574,2020-10-02 20:40:00,AMC
4.63,4.63,4.63,4.63,380,2020-10-02 21:15:00,AMC
4.65,4.65,4.63,4.63,2797,2020-10-02 21:20:00,AMC
4.62,4.62,4.62,4.62,100,2020-10-02 21:25:00,AMC
4.62,4.62,4.62,4.62,487,2020-10-02 21:30:00,AMC
4.62,4.62,4.62,4.62,100,2020-10-02 21:35:00,AMC
4.61,4.61,4.61,4.61,1151,2020-10-02 21:40:00,AMC
4.61,4.61,4.61,4.61,804,2020-10-02 21:50:00,AMC
4.61,4.62,4.61,4.62,229,2020-10-02 21:55:00,AMC
4.61,4.61,4.61,4.61,500,2020-10-02 22:00:00,AMC
4.61,4.61,4.61,4.61,3271,2020-10-02 22:05:00,AMC
4.62,4.62,4.62,4.62,2000,2020-10-02 22:35:00,AMC
4.6,4.6,4.6,4.6,173,2020-10-02 22:50:00,AMC
4.6,4.6,4.6,4.6,277,2020-10-02 23:00:00,AMC
4.62,4.62,4.62,4.62,500,2020-10-02 23:10:00,AMC
4.62,4.62,4.62,4.62,250,2020-10-02 23:30:00,AMC
4.6001,4.62,4.6001,4.62,448,2020-10-02 23:40:00,AMC
4.62,4.62,4.62,4.62,168,2020-10-02 23:50:00,AMC
4.64,4.64,4.64,4.64,300,2020-10-02 23:55:00,AMC
4.4,4.45,4.4,4.45,3228,2020-10-05 08:00:00,AMC
4.5,4.5,4.5,4.5,800,2020-10-05 08:05:00,AMC
4.41,4.41,4.41,4.41,500,2020-10-05 08:10:00,AMC
4.5,4.5,4.5,4.5,300,2020-10-05 08:15:00,AMC
4.5,4.5,4.5,4.5,4397,2020-10-05 08:25:00,AMC
4.55,4.55,4.55,4.55,2000,2020-10-05 08:30:00,AMC
4.55,4.55,4.55,4.55,300,2020-10-05 09:40:00,AMC
4.53,4.53,4.48,4.48,5150,2020-10-05 10:35:00,AMC
4.48,4.48,4.48,4.48,665,2020-10-05 10:40:00,AMC
4.59,4.6,4.48,4.48,19647,2020-10-05 11:00:00,AMC
4.46,4.46,4.45,4.45,5874,2020-10-05 11:05:00,AMC
4.46,4.5,4.45,4.45,4026,2020-10-05 11:10:00,AMC
4.44,4.44,4.44,4.44,2400,2020-10-05 11:15:00,AMC
4.42,4.45,4.42,4.45,16347,2020-10-05 11:20:00,AMC
4.44,4.44,4.44,4.44,100,2020-10-05 11:25:00,AMC
4.42,4.42,4.41,4.41,6134,2020-10-05 11:30:00,AMC
4.4,4.4,4.38,4.38,6625,2020-10-05 11:35:00,AMC
4.35,4.37,4.35,4.35,12014,2020-10-05 11:40:00,AMC
4.34,4.37,4.32,4.34,8450,2020-10-05 11:45:00,AMC
4.34,4.36,4.33,4.33,3887,2020-10-05 11:50:00,AMC
4.35,4.35,4.35,4.35,250,2020-10-05 11:55:00,AMC
4.3513,4.38,4.34,4.34,6512,2020-10-05 12:00:00,AMC
4.34,4.38,4.34,4.38,9652,2020-10-05 12:05:00,AMC
4.38,4.38,4.38,4.38,1600,2020-10-05 12:10:00,AMC
4.38,4.39,4.35,4.37,20764,2020-10-05 12:15:00,AMC
4.3798,4.38,4.3,4.35,14896,2020-10-05 12:20:00,AMC
4.34,4.3798,4.32,4.37,30450,2020-10-05 12:25:00,AMC
4.36,4.3601,4.36,4.36,750,2020-10-05 12:30:00,AMC
4.38,4.38,4.36,4.38,4800,2020-10-05 12:35:00,AMC
4.38,4.38,4.37,4.37,6952,2020-10-05 12:40:00,AMC
4.36,4.37,4.36,4.37,4000,2020-10-05 12:45:00,AMC
4.3799,4.38,4.35,4.3698,22304,2020-10-05 12:50:00,AMC
4.3501,4.38,4.35,4.35,7155,2020-10-05 12:55:00,AMC
4.38,4.38,4.3,4.31,33594,2020-10-05 13:00:00,AMC
4.34,4.35,4.31,4.34,2065,2020-10-05 13:05:00,AMC
4.35,4.37,4.35,4.37,7432,2020-10-05 13:10:00,AMC
4.37,4.37,4.36,4.36,11186,2020-10-05 13:15:00,AMC
4.36,4.36,4.31,4.34,10810,2020-10-05 13:20:00,AMC
4.3215,4.35,4.31,4.31,14010,2020-10-05 13:25:00,AMC
4.31,4.36,4.22,4.2475,668713,2020-10-05 13:30:00,AMC
4.24,4.32,4.2,4.2188,433688,2020-10-05 13:35:00,AMC
4.2148,4.2199,4.1,4.1,445614,2020-10-05 13:40:00,AMC
4.1062,4.1688,4.06,4.1,471731,2020-10-05 13:45:00,AMC
4.1035,4.108,4.05,4.0862,237584,2020-10-05 13:50:00,AMC
4.09,4.14,4.075,4.128,247438,2020-10-05 13:55:00,AMC
4.1298,4.16,4.1101,4.125,188787,2020-10-05 14:00:00,AMC
4.1299,4.15,4.11,4.145,161552,2020-10-05 14:05:00,AMC
4.145,4.15,4.12,4.135,178863,2020-10-05 14:10:00,AMC
4.135,4.17,4.13,4.16,196698,2020-10-05 14:15:00,AMC
4.155,4.168,4.15,4.1544,120441,2020-10-05 14:20:00,AMC
4.155,4.18,4.15,4.1734,154242,2020-10-05 14:25:00,AMC
4.1795,4.21,4.17,4.175,268685,2020-10-05 14:30:00,AMC
4.17,4.215,4.16,4.205,212640,2020-10-05 14:35:00,AMC
4.205,4.21,4.19,4.2,115563,2020-10-05 14:40:00,AMC
4.195,4.2,4.18,4.185,107022,2020-10-05 14:45:00,AMC
4.18,4.19,4.16,4.1632,124121,2020-10-05 14:50:00,AMC
4.1605,4.1605,4.13,4.145,133616,2020-10-05 14:55:00,AMC
4.1485,4.16,4.14,4.158,105403,2020-10-05 15:00:00,AMC
4.155,4.16,4.15,4.1513,24473,2020-10-05 15:05:00,AMC
4.1564,4.16,4.14,4.1478,99660,2020-10-05 15:10:00,AMC
4.1436,4.1599,4.14,4.1558,95533,2020-10-05 15:15:00,AMC
4.155,4.16,4.14,4.1499,75568,2020-10-05 15:20:00,AMC
4.1413,4.15,4.13,4.13,100433,2020-10-05 15:25:00,AMC
4.1301,4.14,4.11,4.1113,166673,2020-10-05 15:30:00,AMC
4.1188,4.13,4.11,4.1287,428205,2020-10-05 15:35:00,AMC
4.125,4.13,4.11,4.11,64998,2020-10-05 15:40:00,AMC
4.12,4.14,4.1101,4.14,98172,2020-10-05 15:45:00,AMC
4.135,4.14,4.12,4.125,47521,2020-10-05 15:50:00,AMC
4.12,4.13,4.12,4.1249,20714,2020-10-05 15:55:00,AMC
4.125,4.14,4.12,4.135,67561,2020-10-05 16:00:00,AMC
4.135,4.14,4.12,4.1218,40902,2020-10-05 16:05:00,AMC
4.13,4.14,4.1277,4.135,36230,2020-10-05 16:10:00,AMC
4.13,4.14,4.13,4.14,51974,2020-10-05 16:15:00,AMC
4.1344,4.15,4.1344,4.145,39085,2020-10-05 16:20:00,AMC
4.148,4.16,4.14,4.16,57244,2020-10-05 16:25:00,AMC
4.1513,4.17,4.15,4.16,69670,2020-10-05 16:30:00,AMC
4.16,4.17,4.16,4.165,22818,2020-10-05 16:35:00,AMC
4.1685,4.1699,4.16,4.1657,62887,2020-10-05 16:40:00,AMC
4.1693,4.18,4.16,4.18,47703,2020-10-05 16:45:00,AMC
4.18,4.19,4.17,4.175,74527,2020-10-05 16:50:00,AMC
4.175,4.19,4.17,4.1766,62036,2020-10-05 16:55:00,AMC
4.18,4.18,4.17,4.175,24159,2020-10-05 17:00:00,AMC
4.1752,4.19,4.175,4.185,79597,2020-10-05 17:05:00,AMC
4.1813,4.21,4.1803,4.205,160925,2020-10-05 17:10:00,AMC
4.2016,4.22,4.2,4.2099,51896,2020-10-05 17:15:00,AMC
4.2088,4.21,4.19,4.191,86598,2020-10-05 17:20:00,AMC
4.1937,4.2,4.19,4.195,18780,2020-10-05 17:25:00,AMC
4.2,4.2,4.19,4.195,45470,2020-10-05 17:30:00,AMC
4.195,4.2,4.19,4.1945,33166,2020-10-05 17:35:00,AMC
4.1901,4.2,4.19,4.1988,53148,2020-10-05 17:40:00,AMC
4.1988,4.2,4.18,4.1896,51224,2020-10-05 17:45:00,AMC
4.185,4.195,4.18,4.1901,21112,2020-10-05 17:50:00,AMC
4.19,4.195,4.18,4.1858,22698,2020-10-05 17:55:00,AMC
4.1887,4.19,4.17,4.18,76597,2020-10-05 18:00:00,AMC
4.175,4.18,4.16,4.18,47771,2020-10-05 18:05:00,AMC
4.18,4.18,4.17,4.176,16141,2020-10-05 18:10:00,AMC
4.175,4.18,4.16,4.165,78802,2020-10-05 18:15:00,AMC
4.1666,4.17,4.16,4.165,18538,2020-10-05 18:20:00,AMC
4.165,4.17,4.16,4.165,40952,2020-10-05 18:25:00,AMC
4.1657,4.17,4.16,4.165,28404,2020-10-05 18:30:00,AMC
4.1688,4.17,4.15,4.1513,49195,2020-10-05 18:35:00,AMC
4.155,4.16,4.15,4.155,19223,2020-10-05 18:40:00,AMC
4.1566,4.16,4.15,4.1588,14364,2020-10-05 18:45:00,AMC
4.155,4.16,4.1514,4.155,50825,2020-10-05 18:50:00,AMC
4.1598,4.175,4.15,4.169,45985,2020-10-05 18:55:00,AMC
4.165,4.17,4.16,4.165,29103,2020-10-05 19:00:00,AMC
4.1672,4.17,4.16,4.1613,32571,2020-10-05 19:05:00,AMC
4.1613,4.17,4.16,4.1699,51846,2020-10-05 19:10:00,AMC
4.17,4.17,4.16,4.16,42232,2020-10-05 19:15:00,AMC
4.16,4.17,4.16,4.165,19700,2020-10-05 19:20:00,AMC
4.162,4.17,4.15,4.16,99976,2020-10-05 19:25:00,AMC
4.155,4.16,4.15,4.155,56716,2020-10-05 19:30:00,AMC
4.155,4.16,4.135,4.135,133968,2020-10-05 19:35:00,AMC
4.135,4.14,4.13,4.139,69745,2020-10-05 19:40:00,AMC
4.14,4.14,4.13,4.135,61330,2020-10-05 19:45:00,AMC
4.1304,4.14,4.13,4.135,153102,2020-10-05 19:50:00,AMC
4.1364,4.14,4.12,4.13,285907,2020-10-05 19:55:00,AMC
4.13,4.14,4.13,4.14,49530,2020-10-05 20:00:00,AMC
4.14,4.14,4.14,4.14,7363,2020-10-05 20:05:00,AMC
4.14,4.14,4.14,4.14,14626,2020-10-05 20:10:00,AMC
4.14,4.14,4.13,4.14,1420,2020-10-05 20:15:00,AMC
4.14,4.14,4.13,4.13,5027,2020-10-05 20:20:00,AMC
4.1398,4.14,4.13,4.13,800,2020-10-05 20:25:00,AMC
4.1398,4.14,4.13,4.14,5941,2020-10-05 20:30:00,AMC
4.14,4.14,4.1398,4.14,3231,2020-10-05 20:35:00,AMC
4.14,4.14,4.13,4.13,1898,2020-10-05 20:40:00,AMC
4.14,4.14,4.14,4.14,740,2020-10-05 20:45:00,AMC
4.1398,4.1398,4.1398,4.1398,200,2020-10-05 20:50:00,AMC
4.14,4.14,4.14,4.14,200,2020-10-05 20:55:00,AMC
4.14,4.14,4.1398,4.14,846,2020-10-05 21:00:00,AMC
4.14,4.14,4.14,4.14,3578,2020-10-05 21:05:00,AMC
4.14,4.14,4.14,4.14,1100,2020-10-05 21:10:00,AMC
4.14,4.14,4.14,4.14,2560,2020-10-05 21:15:00,AMC
4.1398,4.14,4.13,4.14,5185,2020-10-05 21:20:00,AMC
4.14,4.14,4.1399,4.1399,300,2020-10-05 21:25:00,AMC
4.14,4.14,4.14,4.14,1000,2020-10-05 21:30:00,AMC
4.14,4.14,4.14,4.14,350,2020-10-05 21:35:00,AMC
4.14,4.14,4.13,4.13,13696,2020-10-05 21:40:00,AMC
4.13,4.15,4.13,4.15,1651,2020-10-05 21:45:00,AMC
4.15,4.15,4.14,4.14,1459,2020-10-05 21:50:00,AMC
4.15,4.15,4.15,4.15,1617,2020-10-05 21:55:00,AMC
4.16,4.16,4.15,4.15,1250,2020-10-05 22:00:00,AMC
4.15,4.15,4.11,4.11,9764,2020-10-05 22:05:00,AMC
4.11,4.11,4.11,4.11,1000,2020-10-05 22:10:00,AMC
4.13,4.13,4.13,4.13,300,2020-10-05 22:15:00,AMC
4.14,4.14,4.13,4.13,980,2020-10-05 22:20:00,AMC
4.15,4.15,4.15,4.15,500,2020-10-05 22:25:00,AMC
4.15,4.15,4.15,4.15,250,2020-10-05 22:35:00,AMC
4.18,4.18,4.18,4.18,1100,2020-10-05 22:40:00,AMC
4.2,4.2,4.15,4.15,300,2020-10-05 22:45:00,AMC
4.15,4.15,4.15,4.15,200,2020-10-05 22:50:00,AMC
4.18,4.18,4.18,4.18,100,2020-10-05 22:55:00,AMC
4.16,4.19,4.15,4.15,3038,2020-10-05 23:10:00,AMC
4.15,4.15,4.15,4.15,990,2020-10-05 23:15:00,AMC
4.16,4.16,4.16,4.16,100,2020-10-05 23:20:00,AMC
4.16,4.16,4.16,4.16,998,2020-10-05 23:25:00,AMC
4.16,4.16,4.15,4.15,2877,2020-10-05 23:30:00,AMC
4.15,4.15,4.15,4.15,2352,2020-10-05 23:35:00,AMC
4.1501,4.1501,4.1501,4.1501,550,2020-10-05 23:40:00,AMC
4.16,4.16,4.16,4.16,458,2020-10-05 23:45:00,AMC
4.15,4.15,4.15,4.15,1068,2020-10-05 23:50:00,AMC
4.15,4.15,4.15,4.15,671,2020-10-06 09:30:00,AMC
4.15,4.2,4.15,4.2,1811,2020-10-06 11:00:00,AMC
4.16,4.16,4.16,4.16,290,2020-10-06 11:05:00,AMC
4.16,4.16,4.16,4.16,500,2020-10-06 11:10:00,AMC
4.17,4.17,4.16,4.16,4844,2020-10-06 11:20:00,AMC
4.15,4.15,4.15,4.15,500,2020-10-06 11:25:00,AMC
4.16,4.16,4.15,4.16,4899,2020-10-06 11:30:00,AMC
4.15,4.15,4.15,4.15,1000,2020-10-06 11:35:00,AMC
4.15,4.16,4.15,4.16,1474,2020-10-06 11:40:00,AMC
4.16,4.16,4.15,4.15,2370,2020-10-06 11:45:00,AMC
4.16,4.16,4.16,4.16,100,2020-10-06 11:55:00,AMC
4.16,4.35,4.15,4.25,51199,2020-10-06 12:00:00,AMC
4.2498,4.28,4.24,4.28,8100,2020-10-06 12:05:00,AMC
4.23,4.23,4.22,4.22,450,2020-10-06 12:10:00,AMC
4.22,4.27,4.22,4.27,9803,2020-10-06 12:15:00,AMC
4.275,4.28,4.25,4.25,9103,2020-10-06 12:20:00,AMC
4.26,4.27,4.25,4.25,6090,2020-10-06 12:25:00,AMC
4.26,4.27,4.25,4.2699,3079,2020-10-06 12:30:00,AMC
4.27,4.28,4.265,4.28,7028,2020-10-06 12:35:00,AMC
4.275,4.29,4.275,4.2799,10943,2020-10-06 12:40:00,AMC
4.28,4.28,4.26,4.2601,2242,2020-10-06 12:45:00,AMC
4.28,4.28,4.27,4.27,1200,2020-10-06 12:50:00,AMC
4.28,4.28,4.26,4.26,9835,2020-10-06 12:55:00,AMC
4.26,4.27,4.26,4.27,24314,2020-10-06 13:00:00,AMC
4.275,4.28,4.26,4.2699,5759,2020-10-06 13:05:00,AMC
4.27,4.27,4.26,4.26,5786,2020-10-06 13:10:00,AMC
4.27,4.27,4.26,4.27,4422,2020-10-06 13:15:00,AMC
4.26,4.28,4.26,4.26,8340,2020-10-06 13:20:00,AMC
4.26,4.28,4.26,4.27,8110,2020-10-06 13:25:00,AMC
4.26,4.27,4.13,4.185,462945,2020-10-06 13:30:00,AMC
4.185,4.22,4.18,4.1873,210711,2020-10-06 13:35:00,AMC
4.1887,4.23,4.17,4.2188,310712,2020-10-06 13:40:00,AMC
4.2188,4.22,4.195,4.195,77656,2020-10-06 13:45:00,AMC
4.195,4.21,4.16,4.19,165513,2020-10-06 13:50:00,AMC
4.1873,4.21,4.1701,4.1887,71162,2020-10-06 13:55:00,AMC
4.1813,4.19,4.18,4.1887,57835,2020-10-06 14:00:00,AMC
4.18,4.19,4.17,4.1701,65377,2020-10-06 14:05:00,AMC
4.1788,4.18,4.17,4.1758,103243,2020-10-06 14:10:00,AMC
4.18,4.19,4.17,4.18,89554,2020-10-06 14:15:00,AMC
4.17,4.18,4.15,4.155,138758,2020-10-06 14:20:00,AMC
4.155,4.18,4.15,4.17,105120,2020-10-06 14:25:00,AMC
4.1688,4.175,4.16,4.161,70231,2020-10-06 14:30:00,AMC
4.16,4.1699,4.16,4.16,37568,2020-10-06 14:35:00,AMC
4.1699,4.17,4.14,4.14,105508,2020-10-06 14:40:00,AMC
4.14,4.16,4.13,4.155,153810,2020-10-06 14:45:00,AMC
4.155,4.16,4.14,4.14,99312,2020-10-06 14:50:00,AMC
4.148,4.15,4.14,4.145,193109,2020-10-06 14:55:00,AMC
4.145,4.15,4.14,4.145,81934,2020-10-06 15:00:00,AMC
4.1448,4.15,4.14,4.145,61062,2020-10-06 15:05:00,AMC
4.1447,4.15,4.14,4.1423,52309,2020-10-06 15:10:00,AMC
4.148,4.15,4.14,4.1474,44413,2020-10-06 15:15:00,AMC
4.145,4.15,4.14,4.1499,67566,2020-10-06 15:20:00,AMC
4.1413,4.145,4.13,4.1388,92665,2020-10-06 15:25:00,AMC
4.1392,4.14,4.13,4.1388,27757,2020-10-06 15:30:00,AMC
4.1334,4.14,4.13,4.1388,33462,2020-10-06 15:35:00,AMC
4.1388,4.14,4.13,4.135,50739,2020-10-06 15:40:00,AMC
4.1398,4.14,4.13,4.13,52227,2020-10-06 15:45:00,AMC
4.13,4.14,4.13,4.1382,27005,2020-10-06 15:50:00,AMC
4.1398,4.14,4.1,4.125,307737,2020-10-06 15:55:00,AMC
4.125,4.14,4.12,4.13,78311,2020-10-06 16:00:00,AMC
4.13,4.14,4.1213,4.135,49444,2020-10-06 16:05:00,AMC
4.1399,4.14,4.13,4.1362,97870,2020-10-06 16:10:00,AMC
4.135,4.1388,4.13,4.13,27937,2020-10-06 16:15:00,AMC
4.1388,4.15,4.13,4.14,84645,2020-10-06 16:20:00,AMC
4.15,4.15,4.14,4.15,65396,2020-10-06 16:25:00,AMC
4.1487,4.15,4.13,4.13,82468,2020-10-06 16:30:00,AMC
4.14,4.14,4.13,4.1399,23626,2020-10-06 16:35:00,AMC
4.1351,4.14,4.13,4.135,19120,2020-10-06 16:40:00,AMC
4.135,4.14,4.1203,4.135,79652,2020-10-06 16:45:00,AMC
4.13,4.14,4.12,4.135,30987,2020-10-06 16:50:00,AMC
4.135,4.14,4.13,4.14,40204,2020-10-06 16:55:00,AMC
4.135,4.145,4.13,4.135,60993,2020-10-06 17:00:00,AMC
4.13,4.15,4.13,4.14,57188,2020-10-06 17:05:00,AMC
4.1487,4.15,4.14,4.15,47499,2020-10-06 17:10:00,AMC
4.145,4.15,4.14,4.145,17172,2020-10-06 17:15:00,AMC
4.145,4.15,4.14,4.1487,34347,2020-10-06 17:20:00,AMC
4.1499,4.15,4.13,4.1388,23269,2020-10-06 17:25:00,AMC
4.1388,4.16,4.135,4.155,77702,2020-10-06 17:30:00,AMC
4.16,4.1788,4.155,4.1788,169306,2020-10-06 17:35:00,AMC
4.176,4.1799,4.1606,4.165,30749,2020-10-06 17:40:00,AMC
4.165,4.17,4.1613,4.1613,14663,2020-10-06 17:45:00,AMC
4.165,4.17,4.15,4.155,23180,2020-10-06 17:50:00,AMC
4.16,4.17,4.151,4.165,48382,2020-10-06 17:55:00,AMC
4.165,4.17,4.16,4.1608,18564,2020-10-06 18:00:00,AMC
4.1654,4.18,4.1621,4.174,74807,2020-10-06 18:05:00,AMC
4.17,4.2,4.17,4.1988,134054,2020-10-06 18:10:00,AMC
4.1913,4.21,4.18,4.188,87752,2020-10-06 18:15:00,AMC
4.185,4.19,4.16,4.1701,97351,2020-10-06 18:20:00,AMC
4.1788,4.19,4.17,4.1701,85865,2020-10-06 18:25:00,AMC
4.1788,4.18,4.17,4.1712,170021,2020-10-06 18:30:00,AMC
4.18,4.18,4.16,4.16,51912,2020-10-06 18:35:00,AMC
4.169,4.17,4.16,4.1652,27974,2020-10-06 18:40:00,AMC
4.165,4.17,4.15,4.153,33940,2020-10-06 18:45:00,AMC
4.15,4.158,4.14,4.1473,125505,2020-10-06 18:50:00,AMC
4.14,4.1401,4.11,4.1101,179147,2020-10-06 18:55:00,AMC
4.11,4.1199,4.1,4.1,180048,2020-10-06 19:00:00,AMC
4.1,4.108,4.06,4.0888,200129,2020-10-06 19:05:00,AMC
4.0812,4.1,4.0703,4.0976,75818,2020-10-06 19:10:00,AMC
4.0988,4.1087,4.08,4.0848,74955,2020-10-06 19:15:00,AMC
4.085,4.09,4.07,4.085,97241,2020-10-06 19:20:00,AMC
4.09,4.1,4.08,4.0915,100283,2020-10-06 19:25:00,AMC
4.0992,4.1,4.09,4.098,28557,2020-10-06 19:30:00,AMC
4.0999,4.1,4.08,4.0801,36681,2020-10-06 19:35:00,AMC
4.0812,4.09,4.08,4.085,24042,2020-10-06 19:40:00,AMC
4.0892,4.0899,4.06,4.065,97346,2020-10-06 19:45:00,AMC
4.065,4.07,4.05,4.05,170877,2020-10-06 19:50:00,AMC
4.0559,4.06,4.05,4.05,184923,2020-10-06 19:55:00,AMC
4.06,4.08,4.05,4.08,70380,2020-10-06 20:00:00,AMC
4.09,4.09,4.06,4.08,3243,2020-10-06 20:05:00,AMC
4.09,4.1,4.08,4.09,4342,2020-10-06 20:15:00,AMC
4.1098,4.1098,4.1098,4.1098,100,2020-10-06 20:20:00,AMC
4.1098,4.11,4.09,4.09,1999,2020-10-06 20:25:00,AMC
4.09,4.09,4.09,4.09,969,2020-10-06 20:30:00,AMC
4.1,4.1,4.1,4.1,100,2020-10-06 20:35:00,AMC
4.1,4.1,4.07,4.07,811,2020-10-06 20:40:00,AMC
4.07,4.07,4.06,4.06,3166,2020-10-06 20:45:00,AMC
4.0998,4.1,4.06,4.06,2221,2020-10-06 20:50:00,AMC
4.1,4.1,4.1,4.1,200,2020-10-06 20:55:00,AMC
4.06,4.0998,4.05,4.0998,14706,2020-10-06 21:00:00,AMC
4.0998,4.0998,4.06,4.06,600,2020-10-06 21:05:00,AMC
4.1,4.1,4.06,4.06,2410,2020-10-06 21:10:00,AMC
4.0998,4.0998,4.0998,4.0998,645,2020-10-06 21:15:00,AMC
4.1,4.1,4.1,4.1,1600,2020-10-06 21:20:00,AMC
4.1,4.1,4.0998,4.0998,1562,2020-10-06 21:25:00,AMC
4.1,4.1,4.1,4.1,6800,2020-10-06 21:35:00,AMC
4.08,4.1,4.08,4.1,2389,2020-10-06 21:45:00,AMC
4.1,4.1,4.1,4.1,500,2020-10-06 21:50:00,AMC
4.09,4.09,4.09,4.09,1990,2020-10-06 21:55:00,AMC
4.09,4.09,4.09,4.09,300,2020-10-06 22:05:00,AMC
4.095,4.1,4.095,4.1,200,2020-10-06 22:10:00,AMC
4.09,4.09,4.09,4.09,170,2020-10-06 22:15:00,AMC
4.1,4.1,4.1,4.1,1330,2020-10-06 22:20:00,AMC
4.095,4.095,4.095,4.095,449,2020-10-06 22:30:00,AMC
4.095,4.1,4.09,4.1,1700,2020-10-06 22:45:00,AMC
4.08,4.08,4.08,4.08,500,2020-10-06 22:55:00,AMC
4.09,4.09,4.09,4.09,500,2020-10-06 23:10:00,AMC
4.1,4.1,4.1,4.1,500,2020-10-06 23:15:00,AMC
4.09,4.09,4.09,4.09,100,2020-10-06 23:20:00,AMC
4.08,4.08,4.07,4.07,400,2020-10-06 23:30:00,AMC
4.09,4.09,4.09,4.09,499,2020-10-06 23:35:00,AMC
4.0899,4.0899,4.0899,4.0899,100,2020-10-06 23:45:00,AMC
4.09,4.09,4.09,4.09,2100,2020-10-06 23:50:00,AMC
4.09,4.09,4.09,4.09,1000,2020-10-06 23:55:00,AMC
4.16,4.16,4.16,4.16,400,2020-10-07 10:45:00,AMC
4.16,4.16,4.09,4.12,3271,2020-10-07 11:00:00,AMC
4.12,4.12,4.12,4.12,5760,2020-10-07 11:05:00,AMC
4.11,4.11,4.11,4.11,1575,2020-10-07 11:35:00,AMC
4.1,4.1,4.09,4.09,50370,2020-10-07 12:00:00,AMC
4.1,4.1,4.09,4.09,2400,2020-10-07 12:05:00,AMC
4.08,4.08,4.08,4.08,11900,2020-10-07 12:10:00,AMC
4.07,4.08,4.07,4.0702,4280,2020-10-07 12:15:00,AMC
4.0702,4.11,4.06,4.11,17732,2020-10-07 12:20:00,AMC
4.07,4.09,4.06,4.09,5419,2020-10-07 12:25:00,AMC
4.0601,4.07,4.06,4.07,938,2020-10-07 12:30:00,AMC
4.09,4.09,4.09,4.09,25000,2020-10-07 12:35:00,AMC
4.08,4.08,4.07,4.07,11300,2020-10-07 12:40:00,AMC
4.0802,4.0802,4.08,4.0802,25101,2020-10-07 12:45:00,AMC
4.1,4.11,4.0902,4.1,10153,2020-10-07 12:55:00,AMC
4.09,4.11,4.09,4.11,4534,2020-10-07 13:00:00,AMC
4.1,4.11,4.1,4.11,4628,2020-10-07 13:05:00,AMC
4.11,4.11,4.1,4.1,7081,2020-10-07 13:10:00,AMC
4.11,4.11,4.105,4.11,5064,2020-10-07 13:15:00,AMC
4.11,4.11,4.11,4.11,1400,2020-10-07 13:20:00,AMC
4.1,4.1,4.1,4.1,2369,2020-10-07 13:25:00,AMC
4.08,4.11,3.96,4.0225,489757,2020-10-07 13:30:00,AMC
4.025,4.06,3.98,4.01,247063,2020-10-07 13:35:00,AMC
4.005,4.03,3.94,3.9913,270113,2020-10-07 13:40:00,AMC
3.99,4.04,3.96,4.025,257843,2020-10-07 13:45:00,AMC
4.03,4.035,4.0,4.025,171293,2020-10-07 13:50:00,AMC
4.025,4.035,4.005,4.028,130601,2020-10-07 13:55:00,AMC
4.0259,4.03,4.0,4.0,103622,2020-10-07 14:00:00,AMC
4.005,4.01,4.0,4.0003,65396,2020-10-07 14:05:00,AMC
4.005,4.0099,3.97,3.995,153529,2020-10-07 14:10:00,AMC
3.9913,4.01,3.99,4.01,60996,2020-10-07 14:15:00,AMC
4.01,4.01,3.99,4.0099,46422,2020-10-07 14:20:00,AMC
4.0049,4.01,3.99,4.01,86718,2020-10-07 14:25:00,AMC
4.005,4.02,4.0,4.005,47570,2020-10-07 14:30:00,AMC
4.01,4.02,4.0,4.01,55063,2020-10-07 14:35:00,AMC
4.01,4.02,4.01,4.015,38327,2020-10-07 14:40:00,AMC
4.015,4.03,4.001,4.01,47451,2020-10-07 14:45:00,AMC
4.01,4.02,4.0,4.0188,41409,2020-10-07 14:50:00,AMC
4.015,4.02,4.01,4.015,48943,2020-10-07 14:55:00,AMC
4.015,4.02,4.01,4.01,16781,2020-10-07 15:00:00,AMC
4.015,4.03,4.01,4.0268,60152,2020-10-07 15:05:00,AMC
4.0275,4.035,4.02,4.025,40323,2020-10-07 15:10:00,AMC
4.025,4.0599,4.02,4.0588,67658,2020-10-07 15:15:00,AMC
4.055,4.075,4.0501,4.0631,83683,2020-10-07 15:20:00,AMC
4.0616,4.0696,4.04,4.045,76006,2020-10-07 15:25:00,AMC
4.04,4.05,4.03,4.04,33253,2020-10-07 15:30:00,AMC
4.034,4.0466,4.03,4.0466,22857,2020-10-07 15:35:00,AMC
4.045,4.05,4.0401,4.0488,31950,2020-10-07 15:40:00,AMC
4.045,4.045,4.02,4.03,16830,2020-10-07 15:45:00,AMC
4.03,4.03,4.0202,4.0256,17991,2020-10-07 15:50:00,AMC
4.03,4.03,4.02,4.02,10562,2020-10-07 15:55:00,AMC
4.0299,4.03,4.02,4.025,26872,2020-10-07 16:00:00,AMC
4.025,4.0299,4.01,4.0184,50326,2020-10-07 16:05:00,AMC
4.02,4.02,4.01,4.01,45631,2020-10-07 16:10:00,AMC
4.018,4.02,4.01,4.0117,42120,2020-10-07 16:15:00,AMC
4.0184,4.02,3.98,3.9881,188702,2020-10-07 16:20:00,AMC
3.99,4.005,3.98,4.005,137401,2020-10-07 16:25:00,AMC
4.005,4.02,4.005,4.0182,60853,2020-10-07 16:30:00,AMC
4.015,4.0274,4.0,4.0274,28586,2020-10-07 16:35:00,AMC
4.0233,4.03,4.01,4.015,33562,2020-10-07 16:40:00,AMC
4.0187,4.03,4.0,4.0299,110028,2020-10-07 16:45:00,AMC
4.025,4.0299,4.02,4.0287,22061,2020-10-07 16:50:00,AMC
4.0204,4.0298,4.02,4.025,7798,2020-10-07 16:55:00,AMC
4.0259,4.0298,4.02,4.025,15500,2020-10-07 17:00:00,AMC
4.0205,4.03,4.02,4.025,29258,2020-10-07 17:05:00,AMC
4.02,4.05,4.02,4.0455,70394,2020-10-07 17:10:00,AMC
4.0491,4.05,4.035,4.045,64620,2020-10-07 17:15:00,AMC
4.04,4.07,4.04,4.065,50883,2020-10-07 17:20:00,AMC
4.06,4.07,4.05,4.0543,43585,2020-10-07 17:25:00,AMC
4.05,4.068,4.04,4.068,208187,2020-10-07 17:30:00,AMC
4.065,4.11,4.065,4.075,181893,2020-10-07 17:35:00,AMC
4.0799,4.095,4.07,4.093,59083,2020-10-07 17:40:00,AMC
4.09,4.0988,4.08,4.08,50090,2020-10-07 17:45:00,AMC
4.09,4.1,4.08,4.09,49026,2020-10-07 17:50:00,AMC
4.0803,4.09,4.07,4.07,61908,2020-10-07 17:55:00,AMC
4.0734,4.075,4.03,4.055,104096,2020-10-07 18:00:00,AMC
4.055,4.06,4.04,4.04,39205,2020-10-07 18:05:00,AMC
4.0499,4.0599,4.04,4.0599,38090,2020-10-07 18:10:00,AMC
4.0562,4.0685,4.05,4.06,35682,2020-10-07 18:15:00,AMC
4.06,4.0682,4.05,4.0599,18944,2020-10-07 18:20:00,AMC
4.06,4.0685,4.05,4.0586,151306,2020-10-07 18:25:00,AMC
4.0566,4.06,4.05,4.0565,19775,2020-10-07 18:30:00,AMC
4.055,4.06,4.05,4.0584,21272,2020-10-07 18:35:00,AMC
4.0534,4.06,4.04,4.045,46685,2020-10-07 18:40:00,AMC
4.04,4.048,4.03,4.035,26427,2020-10-07 18:45:00,AMC
4.0313,4.04,4.0313,4.035,40950,2020-10-07 18:50:00,AMC
4.035,4.05,4.03,4.045,55209,2020-10-07 18:55:00,AMC
4.0499,4.05,4.04,4.045,31843,2020-10-07 19:00:00,AMC
4.045,4.058,4.04,4.055,160079,2020-10-07 19:05:00,AMC
4.0584,4.06,4.05,4.0582,36461,2020-10-07 19:10:00,AMC
4.055,4.078,4.055,4.07,249966,2020-10-07 19:15:00,AMC
4.0687,4.07,4.06,4.068,38255,2020-10-07 19:20:00,AMC
4.065,4.08,4.055,4.075,96454,2020-10-07 19:25:00,AMC
4.075,4.08,4.05,4.055,89509,2020-10-07 19:30:00,AMC
4.055,4.06,4.035,4.055,116981,2020-10-07 19:35:00,AMC
4.055,4.06,4.05,4.055,22102,2020-10-07 19:40:00,AMC
4.055,4.0687,4.04,4.0412,149003,2020-10-07 19:45:00,AMC
4.05,4.07,4.04,4.06,91180,2020-10-07 19:50:00,AMC
4.0581,4.06,4.03,4.04,169073,2020-10-07 19:55:00,AMC
4.04,4.04,4.03,4.03,61382,2020-10-07 20:00:00,AMC
4.03,4.04,4.03,4.04,4282,2020-10-07 20:05:00,AMC
4.04,4.0402,4.03,4.03,6289,2020-10-07 20:10:00,AMC
4.0302,4.04,4.0302,4.04,800,2020-10-07 20:15:00,AMC
4.04,4.0402,4.04,4.0402,1310,2020-10-07 20:40:00,AMC
4.08,4.08,4.08,4.08,100,2020-10-07 20:55:00,AMC
4.08,4.08,4.0798,4.0798,566,2020-10-07 21:00:00,AMC
4.0798,4.0798,4.0798,4.0798,100,2020-10-07 21:05:00,AMC
4.0798,4.0798,4.0798,4.0798,500,2020-10-07 21:10:00,AMC
4.07,4.07,4.07,4.07,1292,2020-10-07 21:15:00,AMC
4.07,4.08,4.07,4.08,1712,2020-10-07 21:20:00,AMC
4.08,4.08,4.08,4.08,2185,2020-10-07 21:25:00,AMC
4.08,4.08,4.08,4.08,500,2020-10-07 21:30:00,AMC
4.08,4.08,4.08,4.08,1770,2020-10-07 21:45:00,AMC
4.08,4.08,4.08,4.08,100,2020-10-07 21:50:00,AMC
4.08,4.08,4.08,4.08,1816,2020-10-07 21:55:00,AMC
4.08,4.08,4.08,4.08,638,2020-10-07 22:00:00,AMC
4.08,4.08,4.08,4.08,270,2020-10-07 22:05:00,AMC
4.08,4.08,4.08,4.08,272,2020-10-07 22:10:00,AMC
4.08,4.08,4.08,4.08,200,2020-10-07 22:25:00,AMC
4.08,4.08,4.08,4.08,200,2020-10-07 22:30:00,AMC
4.07,4.07,4.07,4.07,440,2020-10-07 22:35:00,AMC
4.08,4.08,4.08,4.08,28210,2020-10-07 22:40:00,AMC
4.08,4.08,4.08,4.08,400,2020-10-07 22:45:00,AMC
4.07,4.07,4.07,4.07,499,2020-10-07 22:50:00,AMC
4.08,4.08,4.08,4.08,100,2020-10-07 22:55:00,AMC
4.08,4.08,4.08,4.08,145,2020-10-07 23:05:00,AMC
4.08,4.08,4.08,4.08,153,2020-10-07 23:10:00,AMC
4.08,4.08,4.08,4.08,500,2020-10-07 23:15:00,AMC
4.08,4.08,4.08,4.08,1000,2020-10-07 23:30:00,AMC
4.08,4.08,4.08,4.08,673,2020-10-07 23:35:00,AMC
4.08,4.08,4.08,4.08,100,2020-10-07 23:40:00,AMC
4.08,4.08,4.07,4.07,1240,2020-10-07 23:45:00,AMC
4.07,4.07,4.07,4.07,300,2020-10-07 23:50:00,AMC
4.08,4.08,4.08,4.08,1100,2020-10-07 23:55:00,AMC
4.1,4.1,4.1,4.1,450,2020-10-08 11:05:00,AMC
4.11,4.12,4.11,4.12,417,2020-10-08 11:40:00,AMC
4.12,4.21,4.1,4.2,33145,2020-10-08 12:00:00,AMC
4.2,4.2,4.15,4.155,26560,2020-10-08 12:05:00,AMC
4.16,4.16,4.15,4.155,10716,2020-10-08 12:10:00,AMC
4.155,4.16,4.15,4.16,34144,2020-10-08 12:15:00,AMC
4.16,4.16,4.15,4.16,31050,2020-10-08 12:20:00,AMC
4.155,4.155,4.15,4.15,5433,2020-10-08 12:25:00,AMC
4.1599,4.16,4.15,4.15,1419,2020-10-08 12:30:00,AMC
4.15,4.16,4.13,4.13,37790,2020-10-08 12:35:00,AMC
4.14,4.14,4.135,4.1399,2100,2020-10-08 12:40:00,AMC
4.14,4.14,4.1302,4.1399,1000,2020-10-08 12:45:00,AMC
4.135,4.15,4.135,4.15,9456,2020-10-08 12:50:00,AMC
4.1499,4.15,4.13,4.14,17603,2020-10-08 12:55:00,AMC
4.1302,4.14,4.13,4.13,11772,2020-10-08 13:00:00,AMC
4.1299,4.13,4.1202,4.13,5103,2020-10-08 13:05:00,AMC
4.13,4.13,4.12,4.13,2295,2020-10-08 13:10:00,AMC
4.13,4.15,4.12,4.13,25624,2020-10-08 13:15:00,AMC
4.14,4.14,4.13,4.14,13670,2020-10-08 13:20:00,AMC
4.13,4.14,4.13,4.14,3500,2020-10-08 13:25:00,AMC
4.13,4.14,4.07,4.0957,587985,2020-10-08 13:30:00,AMC
4.095,4.0963,4.05,4.085,109738,2020-10-08 13:35:00,AMC
4.085,4.09,4.075,4.08,84105,2020-10-08 13:40:00,AMC
4.08,4.09,4.05,4.065,106377,2020-10-08 13:45:00,AMC
4.0687,4.0687,4.05,4.058,39632,2020-10-08 13:50:00,AMC
4.0582,4.06,4.05,4.05,48696,2020-10-08 13:55:00,AMC
4.0599,4.0599,4.02,4.045,169359,2020-10-08 14:00:00,AMC
4.045,4.06,4.0414,4.055,66566,2020-10-08 14:05:00,AMC
4.055,4.06,4.05,4.05,49561,2020-10-08 14:10:00,AMC
4.055,4.09,4.05,4.085,111370,2020-10-08 14:15:00,AMC
4.0868,4.118,4.08,4.0997,131143,2020-10-08 14:20:00,AMC
4.09,4.12,4.0713,4.11,87477,2020-10-08 14:25:00,AMC
4.111,4.13,4.11,4.12,98046,2020-10-08 14:30:00,AMC
4.12,4.13,4.1,4.108,88120,2020-10-08 14:35:00,AMC
4.105,4.11,4.0912,4.105,53740,2020-10-08 14:40:00,AMC
4.105,4.12,4.1,4.11,228360,2020-10-08 14:45:00,AMC
4.1188,4.13,4.11,4.125,81735,2020-10-08 14:50:00,AMC
4.12,4.13,4.11,4.11,56484,2020-10-08 14:55:00,AMC
4.115,4.12,4.11,4.115,49139,2020-10-08 15:00:00,AMC
4.116,4.12,4.11,4.115,53162,2020-10-08 15:05:00,AMC
4.111,4.12,4.1,4.1107,80737,2020-10-08 15:10:00,AMC
4.1156,4.1198,4.11,4.115,9491,2020-10-08 15:15:00,AMC
4.118,4.12,4.1,4.115,32323,2020-10-08 15:20:00,AMC
4.115,4.118,4.1,4.11,50979,2020-10-08 15:25:00,AMC
4.1198,4.12,4.08,4.082,109199,2020-10-08 15:30:00,AMC
4.085,4.09,4.08,4.085,31677,2020-10-08 15:35:00,AMC
4.0888,4.0899,4.08,4.08,15547,2020-10-08 15:40:00,AMC
4.08,4.09,4.07,4.075,45705,2020-10-08 15:45:00,AMC
4.078,4.1,4.07,4.092,32757,2020-10-08 15:50:00,AMC
4.0988,4.1,4.09,4.0928,15311,2020-10-08 15:55:00,AMC
4.09,4.1,4.09,4.095,15864,2020-10-08 16:00:00,AMC
4.09,4.1,4.09,4.09,14600,2020-10-08 16:05:00,AMC
4.09,4.1,4.09,4.095,11025,2020-10-08 16:10:00,AMC
4.095,4.0992,4.08,4.088,43463,2020-10-08 16:15:00,AMC
4.0812,4.0899,4.08,4.088,6699,2020-10-08 16:20:00,AMC
4.0893,4.09,4.08,4.085,17346,2020-10-08 16:25:00,AMC
4.088,4.09,4.08,4.088,17452,2020-10-08 16:30:00,AMC
4.085,4.09,4.075,4.0861,23018,2020-10-08 16:35:00,AMC
4.0888,4.09,4.08,4.085,9576,2020-10-08 16:40:00,AMC
4.0849,4.09,4.08,4.0892,19406,2020-10-08 16:45:00,AMC
4.0864,4.09,4.08,4.085,8043,2020-10-08 16:50:00,AMC
4.085,4.0899,4.07,4.075,43599,2020-10-08 16:55:00,AMC
4.075,4.08,4.07,4.0702,26123,2020-10-08 17:00:00,AMC
4.07,4.08,4.07,4.075,4330,2020-10-08 17:05:00,AMC
4.0788,4.09,4.07,4.0899,28515,2020-10-08 17:10:00,AMC
4.0828,4.0998,4.08,4.08,76961,2020-10-08 17:15:00,AMC
4.0812,4.09,4.08,4.0888,13461,2020-10-08 17:20:00,AMC
4.09,4.1,4.085,4.0895,28246,2020-10-08 17:25:00,AMC
4.0872,4.09,4.08,4.0852,18796,2020-10-08 17:30:00,AMC
4.085,4.09,4.08,4.0875,40750,2020-10-08 17:35:00,AMC
4.085,4.09,4.0711,4.08,26048,2020-10-08 17:40:00,AMC
4.0774,4.08,4.07,4.0771,13750,2020-10-08 17:45:00,AMC
4.07,4.08,4.07,4.07,18184,2020-10-08 17:50:00,AMC
4.07,4.0798,4.07,4.0767,5484,2020-10-08 17:55:00,AMC
4.075,4.08,4.07,4.075,18793,2020-10-08 18:00:00,AMC
4.07,4.09,4.07,4.085,23992,2020-10-08 18:05:00,AMC
4.0881,4.09,4.08,4.0888,23635,2020-10-08 18:10:00,AMC
4.08,4.09,4.08,4.0892,6376,2020-10-08 18:15:00,AMC
4.09,4.09,4.08,4.0845,45220,2020-10-08 18:20:00,AMC
4.085,4.0882,4.08,4.0882,20472,2020-10-08 18:25:00,AMC
4.0899,4.09,4.08,4.08,14239,2020-10-08 18:30:00,AMC
4.0897,4.0898,4.08,4.085,15982,2020-10-08 18:35:00,AMC
4.085,4.0997,4.08,4.09,39215,2020-10-08 18:40:00,AMC
4.098,4.0988,4.09,4.0912,18012,2020-10-08 18:45:00,AMC
4.0977,4.1,4.08,4.085,27861,2020-10-08 18:50:00,AMC
4.08,4.09,4.08,4.085,33276,2020-10-08 18:55:00,AMC
4.0886,4.13,4.085,4.115,340628,2020-10-08 19:00:00,AMC
4.1118,4.12,4.0915,4.1087,71741,2020-10-08 19:05:00,AMC
4.105,4.11,4.093,4.1087,51951,2020-10-08 19:10:00,AMC
4.1097,4.1097,4.09,4.09,49749,2020-10-08 19:15:00,AMC
4.095,4.095,4.08,4.085,46781,2020-10-08 19:20:00,AMC
4.085,4.1,4.085,4.098,21291,2020-10-08 19:25:00,AMC
4.0902,4.11,4.085,4.11,113808,2020-10-08 19:30:00,AMC
4.11,4.12,4.09,4.115,212319,2020-10-08 19:35:00,AMC
4.1101,4.185,4.11,4.15,1544988,2020-10-08 19:40:00,AMC
4.1517,4.16,4.14,4.1566,468470,2020-10-08 19:45:00,AMC
4.155,4.16,4.14,4.155,260196,2020-10-08 19:50:00,AMC
4.155,4.16,4.13,4.14,385267,2020-10-08 19:55:00,AMC
4.14,4.17,4.1,4.1498,68447,2020-10-08 20:00:00,AMC
4.15,4.16,4.1498,4.1598,2779,2020-10-08 20:05:00,AMC
4.15,4.17,4.15,4.17,6543,2020-10-08 20:10:00,AMC
4.17,4.17,4.1598,4.16,3691,2020-10-08 20:15:00,AMC
4.1598,4.16,4.15,4.16,4890,2020-10-08 20:20:00,AMC
4.1598,4.16,4.15,4.16,9741,2020-10-08 20:25:00,AMC
4.16,4.16,4.14,4.16,7882,2020-10-08 20:30:00,AMC
4.16,4.16,4.14,4.14,500,2020-10-08 20:35:00,AMC
4.14,4.1501,4.14,4.1501,2100,2020-10-08 20:40:00,AMC
4.15,4.15,4.14,4.15,7381,2020-10-08 20:45:00,AMC
4.1498,4.15,4.1498,4.15,1470,2020-10-08 20:50:00,AMC
4.14,4.14,4.14,4.14,150,2020-10-08 20:55:00,AMC
4.14,4.15,4.1399,4.15,2500,2020-10-08 21:00:00,AMC
4.1498,4.15,4.14,4.14,500,2020-10-08 21:05:00,AMC
4.14,4.14,4.12,4.12,11194,2020-10-08 21:10:00,AMC
4.14,4.14,4.13,4.13,2581,2020-10-08 21:15:00,AMC
4.1298,4.13,4.1298,4.1298,1377,2020-10-08 21:20:00,AMC
4.13,4.13,4.13,4.13,300,2020-10-08 21:25:00,AMC
4.13,4.13,4.13,4.13,7141,2020-10-08 21:30:00,AMC
4.13,4.13,4.13,4.13,554,2020-10-08 21:35:00,AMC
4.14,4.14,4.14,4.14,646,2020-10-08 21:40:00,AMC
4.12,4.14,4.12,4.14,4190,2020-10-08 21:45:00,AMC
4.14,4.14,4.14,4.14,828,2020-10-08 21:50:00,AMC
4.14,4.14,4.14,4.14,2800,2020-10-08 21:55:00,AMC
4.12,4.12,4.12,4.12,100,2020-10-08 22:00:00,AMC
4.12,4.12,4.11,4.11,1500,2020-10-08 22:05:00,AMC
4.13,4.13,4.13,4.13,1000,2020-10-08 22:25:00,AMC
4.13,4.13,4.13,4.13,550,2020-10-08 22:30:00,AMC
4.13,4.13,4.13,4.13,300,2020-10-08 22:35:00,AMC
4.12,4.12,4.12,4.12,200,2020-10-08 22:50:00,AMC
4.13,4.13,4.13,4.13,241,2020-10-08 22:55:00,AMC
4.12,4.13,4.12,4.1201,1000,2020-10-08 23:00:00,AMC
4.13,4.13,4.13,4.13,1633,2020-10-08 23:10:00,AMC
4.13,4.13,4.13,4.13,10500,2020-10-08 23:15:00,AMC
4.12,4.12,4.12,4.12,2123,2020-10-08 23:20:00,AMC
4.12,4.13,4.12,4.12,25318,2020-10-08 23:25:00,AMC
4.13,4.13,4.11,4.11,520,2020-10-08 23:35:00,AMC
4.12,4.13,4.12,4.13,14000,2020-10-08 23:40:00,AMC
4.12,4.12,4.12,4.12,1499,2020-10-08 23:45:00,AMC
4.13,4.13,4.12,4.13,1600,2020-10-08 23:50:00,AMC
4.13,4.13,4.13,4.13,11245,2020-10-08 23:55:00,AMC
4.17,4.17,4.17,4.17,100,2020-10-09 08:15:00,AMC
4.17,4.17,4.17,4.17,342,2020-10-09 08:30:00,AMC
4.17,4.17,4.17,4.17,170,2020-10-09 08:35:00,AMC
4.17,4.17,4.17,4.17,100,2020-10-09 08:40:00,AMC
4.17,4.17,4.15,4.15,1496,2020-10-09 08:50:00,AMC
4.18,4.18,4.18,4.18,497,2020-10-09 09:55:00,AMC
4.14,4.14,4.14,4.14,101,2020-10-09 10:10:00,AMC
4.15,4.15,4.15,4.15,157,2020-10-09 10:15:00,AMC
4.17,4.17,4.1,4.1,4829,2020-10-09 11:00:00,AMC
4.11,4.11,4.1,4.1,1300,2020-10-09 11:10:00,AMC
4.12,4.12,4.11,4.11,1400,2020-10-09 11:20:00,AMC
4.11,4.11,4.11,4.11,100,2020-10-09 11:25:00,AMC
4.13,4.13,4.13,4.13,137,2020-10-09 11:50:00,AMC
4.14,4.14,4.14,4.14,190,2020-10-09 11:55:00,AMC
4.1699,4.17,4.1699,4.17,4638,2020-10-09 12:05:00,AMC
4.16,4.17,4.15,4.17,500,2020-10-09 12:10:00,AMC
4.15,4.15,4.15,4.15,470,2020-10-09 12:15:00,AMC
4.15,4.15,4.1401,4.1499,2313,2020-10-09 12:20:00,AMC
4.15,4.15,4.14,4.14,3875,2020-10-09 12:25:00,AMC
4.13,4.14,4.13,4.14,660,2020-10-09 12:30:00,AMC
4.1401,4.15,4.1401,4.1499,4940,2020-10-09 12:35:00,AMC
4.1499,4.1499,4.1499,4.1499,2334,2020-10-09 12:40:00,AMC
4.15,4.15,4.1499,4.1499,4720,2020-10-09 12:45:00,AMC
4.1495,4.15,4.14,4.15,13895,2020-10-09 12:50:00,AMC
4.17,4.17,4.145,4.145,1876,2020-10-09 12:55:00,AMC
4.17,4.17,4.15,4.16,6449,2020-10-09 13:00:00,AMC
4.155,4.17,4.15,4.17,5738,2020-10-09 13:05:00,AMC
4.17,4.17,4.15,4.15,5663,2020-10-09 13:10:00,AMC
4.16,4.16,4.16,4.16,540,2020-10-09 13:15:00,AMC
4.16,4.17,4.155,4.16,5578,2020-10-09 13:20:00,AMC
4.165,4.18,4.165,4.17,7052,2020-10-09 13:25:00,AMC
4.17,4.18,4.14,4.1416,278527,2020-10-09 13:30:00,AMC
4.145,4.15,4.0613,4.0948,279166,2020-10-09 13:35:00,AMC
4.09,4.1301,4.088,4.12,103125,2020-10-09 13:40:00,AMC
4.1232,4.15,4.12,4.1498,52884,2020-10-09 13:45:00,AMC
4.15,4.15,4.1,4.1113,56004,2020-10-09 13:50:00,AMC
4.12,4.13,4.1113,4.125,16402,2020-10-09 13:55:00,AMC
4.1213,4.1286,4.11,4.12,39813,2020-10-09 14:00:00,AMC
4.115,4.12,4.0788,4.0788,97780,2020-10-09 14:05:00,AMC
4.0788,4.11,4.07,4.085,113592,2020-10-09 14:10:00,AMC
4.085,4.09,4.08,4.0899,40350,2020-10-09 14:15:00,AMC
4.0803,4.0888,4.07,4.08,35049,2020-10-09 14:20:00,AMC
4.08,4.08,4.06,4.0699,143880,2020-10-09 14:25:00,AMC
4.0643,4.08,4.0601,4.065,34246,2020-10-09 14:30:00,AMC
4.07,4.09,4.06,4.09,64010,2020-10-09 14:35:00,AMC
4.085,4.09,4.08,4.085,58777,2020-10-09 14:40:00,AMC
4.085,4.09,4.08,4.085,28663,2020-10-09 14:45:00,AMC
4.085,4.09,4.08,4.08,16281,2020-10-09 14:50:00,AMC
4.085,4.09,4.06,4.06,56556,2020-10-09 14:55:00,AMC
4.06,4.07,4.05,4.0688,131035,2020-10-09 15:00:00,AMC
4.06,4.1,4.06,4.09,187170,2020-10-09 15:05:00,AMC
4.098,4.105,4.07,4.0701,30050,2020-10-09 15:10:00,AMC
4.0899,4.0899,4.07,4.0798,18883,2020-10-09 15:15:00,AMC
4.0781,4.0999,4.072,4.0901,39321,2020-10-09 15:20:00,AMC
4.085,4.09,4.08,4.088,18485,2020-10-09 15:25:00,AMC
4.085,4.0999,4.075,4.0936,61962,2020-10-09 15:30:00,AMC
4.09,4.0981,4.08,4.0801,47891,2020-10-09 15:35:00,AMC
4.0786,4.08,4.065,4.08,42250,2020-10-09 15:40:00,AMC
4.075,4.0899,4.075,4.082,27193,2020-10-09 15:45:00,AMC
4.0888,4.09,4.08,4.0898,18475,2020-10-09 15:50:00,AMC
4.085,4.09,4.08,4.085,24452,2020-10-09 15:55:00,AMC
4.085,4.1,4.08,4.099,81198,2020-10-09 16:00:00,AMC
4.092,4.1,4.09,4.095,25227,2020-10-09 16:05:00,AMC
4.1,4.1301,4.09,4.1214,132512,2020-10-09 16:10:00,AMC
4.1263,4.13,4.1,4.105,48846,2020-10-09 16:15:00,AMC
4.105,4.11,4.0912,4.0912,25239,2020-10-09 16:20:00,AMC
4.0986,4.0986,4.07,4.078,83646,2020-10-09 16:25:00,AMC
4.0701,4.09,4.07,4.08,22898,2020-10-09 16:30:00,AMC
4.09,4.09,4.08,4.08,21253,2020-10-09 16:35:00,AMC
4.085,4.09,4.07,4.0812,67544,2020-10-09 16:40:00,AMC
4.0895,4.0895,4.07,4.0788,32700,2020-10-09 16:45:00,AMC
4.0788,4.08,4.07,4.08,14757,2020-10-09 16:50:00,AMC
4.0785,4.08,4.07,4.0788,25981,2020-10-09 16:55:00,AMC
4.08,4.08,4.07,4.075,8382,2020-10-09 17:00:00,AMC
4.08,4.09,4.05,4.058,113652,2020-10-09 17:05:00,AMC
4.06,4.0758,4.05,4.0758,51602,2020-10-09 17:10:00,AMC
4.075,4.08,4.06,4.065,69382,2020-10-09 17:15:00,AMC
4.065,4.078,4.06,4.072,46006,2020-10-09 17:20:00,AMC
4.0711,4.09,4.07,4.075,61224,2020-10-09 17:25:00,AMC
4.075,4.08,4.07,4.075,11750,2020-10-09 17:30:00,AMC
4.0775,4.08,4.07,4.0716,16431,2020-10-09 17:35:00,AMC
4.078,4.09,4.07,4.08,25023,2020-10-09 17:40:00,AMC
4.09,4.09,4.08,4.0854,40574,2020-10-09 17:45:00,AMC
4.0898,4.09,4.08,4.088,18659,2020-10-09 17:50:00,AMC
4.085,4.085,4.07,4.0798,23293,2020-10-09 17:55:00,AMC
4.08,4.08,4.07,4.08,4286,2020-10-09 18:00:00,AMC
4.075,4.08,4.07,4.08,23871,2020-10-09 18:05:00,AMC
4.075,4.08,4.07,4.075,9992,2020-10-09 18:10:00,AMC
4.08,4.08,4.07,4.08,20268,2020-10-09 18:15:00,AMC
4.075,4.08,4.06,4.07,66760,2020-10-09 18:20:00,AMC
4.07,4.088,4.07,4.088,37026,2020-10-09 18:25:00,AMC
4.08,4.09,4.08,4.08,6512,2020-10-09 18:30:00,AMC
4.085,4.0888,4.07,4.08,36432,2020-10-09 18:35:00,AMC
4.075,4.08,4.072,4.075,16287,2020-10-09 18:40:00,AMC
4.08,4.0859,4.07,4.0812,36465,2020-10-09 18:45:00,AMC
4.0877,4.09,4.07,4.08,67485,2020-10-09 18:50:00,AMC
4.0858,4.09,4.08,4.08,8321,2020-10-09 18:55:00,AMC
4.08,4.0841,4.0699,4.0699,27525,2020-10-09 19:00:00,AMC
4.07,4.07,4.06,4.06,21315,2020-10-09 19:05:00,AMC
4.07,4.08,4.0636,4.07,33987,2020-10-09 19:10:00,AMC
4.0795,4.0795,4.06,4.07,27291,2020-10-09 19:15:00,AMC
4.07,4.07,4.05,4.06,142957,2020-10-09 19:20:00,AMC
4.052,4.0699,4.05,4.06,68109,2020-10-09 19:25:00,AMC
4.067,4.07,4.05,4.065,47257,2020-10-09 19:30:00,AMC
4.065,4.0699,4.06,4.065,31412,2020-10-09 19:35:00,AMC
4.065,4.07,4.05,4.055,49732,2020-10-09 19:40:00,AMC
4.06,4.07,4.055,4.0699,75907,2020-10-09 19:45:00,AMC
4.06,4.0699,4.05,4.055,103650,2020-10-09 19:50:00,AMC
4.055,4.0698,4.04,4.05,349518,2020-10-09 19:55:00,AMC
4.06,4.07,4.05,4.06,45855,2020-10-09 20:00:00,AMC
4.07,4.07,4.0598,4.0598,1900,2020-10-09 20:05:00,AMC
4.0698,4.07,4.0698,4.07,2100,2020-10-09 20:10:00,AMC
4.0698,4.07,4.0698,4.07,1813,2020-10-09 20:20:00,AMC
4.07,4.07,4.07,4.07,1000,2020-10-09 20:25:00,AMC
4.0698,4.07,4.0698,4.07,220,2020-10-09 20:30:00,AMC
4.07,4.07,4.07,4.07,1450,2020-10-09 20:35:00,AMC
4.07,4.07,4.07,4.07,1650,2020-10-09 20:40:00,AMC
4.0698,4.0698,4.0698,4.0698,491,2020-10-09 20:45:00,AMC
4.0698,4.07,4.0698,4.07,1530,2020-10-09 20:50:00,AMC
4.07,4.07,4.06,4.06,5625,2020-10-09 20:55:00,AMC
4.06,4.07,4.06,4.0602,3325,2020-10-09 21:00:00,AMC
4.06,4.07,4.06,4.07,620,2020-10-09 21:05:00,AMC
4.06,4.06,4.0598,4.06,19064,2020-10-09 21:10:00,AMC
4.0598,4.07,4.0598,4.07,4115,2020-10-09 21:15:00,AMC
4.0698,4.07,4.0698,4.07,580,2020-10-09 21:20:00,AMC
4.07,4.07,4.07,4.07,250,2020-10-09 21:25:00,AMC
4.05,4.07,4.05,4.07,2680,2020-10-09 21:30:00,AMC
4.07,4.07,4.07,4.07,2989,2020-10-09 21:35:00,AMC
4.07,4.07,4.06,4.06,1751,2020-10-09 21:40:00,AMC
4.06,4.06,4.06,4.06,570,2020-10-09 21:45:00,AMC
4.06,4.06,4.06,4.06,500,2020-10-09 21:50:00,AMC
4.06,4.07,4.05,4.07,10454,2020-10-09 21:55:00,AMC
4.06,4.06,4.06,4.06,2500,2020-10-09 22:00:00,AMC
4.06,4.07,4.06,4.07,1250,2020-10-09 22:05:00,AMC
4.07,4.07,4.06,4.06,1700,2020-10-09 22:10:00,AMC
4.06,4.06,4.06,4.06,1343,2020-10-09 22:15:00,AMC
4.06,4.06,4.05,4.05,3064,2020-10-09 22:25:00,AMC
4.05,4.06,4.05,4.06,1495,2020-10-09 22:30:00,AMC
4.05,4.06,4.05,4.06,444,2020-10-09 22:35:00,AMC
4.05,4.05,4.05,4.05,295,2020-10-09 22:40:00,AMC
4.06,4.06,4.06,4.06,115,2020-10-09 22:45:00,AMC
4.06,4.07,4.06,4.07,1320,2020-10-09 22:50:00,AMC
4.05,4.05,4.05,4.05,916,2020-10-09 22:55:00,AMC
4.06,4.06,4.06,4.06,770,2020-10-09 23:05:00,AMC
4.06,4.06,4.06,4.06,100,2020-10-09 23:10:00,AMC
4.05,4.05,4.05,4.05,5354,2020-10-09 23:20:00,AMC
4.05,4.05,4.04,4.04,4123,2020-10-09 23:25:00,AMC
4.04,4.06,4.04,4.06,5366,2020-10-09 23:30:00,AMC
4.04,4.06,4.03,4.03,6650,2020-10-09 23:35:00,AMC
4.03,4.04,4.03,4.04,2150,2020-10-09 23:40:00,AMC
4.04,4.04,4.04,4.04,800,2020-10-09 23:45:00,AMC
4.03,4.04,4.01,4.02,16640,2020-10-09 23:50:00,AMC
4.01,4.01,4.0,4.0,15382,2020-10-09 23:55:00,AMC
4.0,4.0,4.0,4.0,200,2020-10-12 08:00:00,AMC
3.98,3.98,3.96,3.96,2326,2020-10-12 08:05:00,AMC
4.0,4.0,4.0,4.0,200,2020-10-12 08:10:00,AMC
4.0,4.0,4.0,4.0,300,2020-10-12 10:50:00,AMC
4.05,4.05,4.05,4.05,100,2020-10-12 10:55:00,AMC
4.04,4.06,4.0,4.0,3563,2020-10-12 11:00:00,AMC
4.01,4.03,4.01,4.03,264,2020-10-12 11:10:00,AMC
4.05,4.05,4.05,4.05,395,2020-10-12 11:15:00,AMC
4.06,4.07,4.06,4.0699,20013,2020-10-12 12:05:00,AMC
4.07,4.07,4.02,4.02,1045,2020-10-12 12:10:00,AMC
4.01,4.01,4.01,4.01,1294,2020-10-12 12:30:00,AMC
4.02,4.03,4.02,4.03,900,2020-10-12 12:40:00,AMC
4.04,4.05,4.04,4.0401,3037,2020-10-12 12:45:00,AMC
4.04,4.06,4.04,4.0401,6902,2020-10-12 12:50:00,AMC
4.04,4.05,4.04,4.05,445,2020-10-12 12:55:00,AMC
4.04,4.04,4.02,4.02,5732,2020-10-12 13:00:00,AMC
4.03,4.0301,4.03,4.03,6957,2020-10-12 13:05:00,AMC
4.03,4.04,4.03,4.03,952,2020-10-12 13:10:00,AMC
4.0399,4.04,4.03,4.0301,18066,2020-10-12 13:15:00,AMC
4.03,4.03,4.02,4.03,3578,2020-10-12 13:20:00,AMC
4.03,4.04,4.02,4.03,13828,2020-10-12 13:25:00,AMC
4.03,4.04,4.0,4.03,289859,2020-10-12 13:30:00,AMC
4.03,4.08,4.0271,4.0602,187484,2020-10-12 13:35:00,AMC
4.0669,4.0669,4.03,4.055,58575,2020-10-12 13:40:00,AMC
4.052,4.079,4.0401,4.0601,75250,2020-10-12 13:45:00,AMC
4.06,4.07,4.03,4.0437,69919,2020-10-12 13:50:00,AMC
4.04,4.07,4.0318,4.045,53044,2020-10-12 13:55:00,AMC
4.049,4.07,4.0416,4.0601,20288,2020-10-12 14:00:00,AMC
4.06,4.07,4.04,4.0401,54725,2020-10-12 14:05:00,AMC
4.04,4.05,4.03,4.0412,14903,2020-10-12 14:10:00,AMC
4.045,4.05,4.03,4.05,21951,2020-10-12 14:15:00,AMC
4.05,4.05,4.03,4.03,38077,2020-10-12 14:20:00,AMC
4.04,4.05,4.0301,4.0491,13350,2020-10-12 14:25:00,AMC
4.05,4.06,4.03,4.032,48674,2020-10-12 14:30:00,AMC
4.04,4.05,4.03,4.04,16236,2020-10-12 14:35:00,AMC
4.042,4.05,4.03,4.0448,24075,2020-10-12 14:40:00,AMC
4.05,4.05,4.03,4.0369,17801,2020-10-12 14:45:00,AMC
4.04,4.04,4.031,4.04,16206,2020-10-12 14:50:00,AMC
4.04,4.04,4.03,4.035,27601,2020-10-12 14:55:00,AMC
4.0399,4.06,4.03,4.06,45424,2020-10-12 15:00:00,AMC
4.06,4.07,4.05,4.0558,60290,2020-10-12 15:05:00,AMC
4.06,4.06,4.05,4.06,15040,2020-10-12 15:10:00,AMC
4.0515,4.07,4.0515,4.06,36509,2020-10-12 15:15:00,AMC
4.06,4.07,4.035,4.05,49689,2020-10-12 15:20:00,AMC
4.06,4.069,4.05,4.05,12959,2020-10-12 15:25:00,AMC
4.06,4.07,4.05,4.0658,10236,2020-10-12 15:30:00,AMC
4.06,4.07,4.05,4.069,28222,2020-10-12 15:35:00,AMC
4.07,4.09,4.0618,4.078,119511,2020-10-12 15:40:00,AMC
4.07,4.0701,4.05,4.0575,19907,2020-10-12 15:45:00,AMC
4.06,4.06,4.04,4.0499,45163,2020-10-12 15:50:00,AMC
4.0442,4.06,4.04,4.06,20174,2020-10-12 15:55:00,AMC
4.0527,4.06,4.05,4.055,6709,2020-10-12 16:00:00,AMC
4.0555,4.06,4.05,4.0502,11134,2020-10-12 16:05:00,AMC
4.0501,4.06,4.04,4.0501,19688,2020-10-12 16:10:00,AMC
4.05,4.06,4.04,4.06,7426,2020-10-12 16:15:00,AMC
4.055,4.06,4.04,4.0599,8772,2020-10-12 16:20:00,AMC
4.06,4.06,4.03,4.048,104661,2020-10-12 16:25:00,AMC
4.0423,4.06,4.04,4.06,14617,2020-10-12 16:30:00,AMC
4.06,4.06,4.0517,4.055,7767,2020-10-12 16:35:00,AMC
4.055,4.06,4.05,4.06,24720,2020-10-12 16:40:00,AMC
4.065,4.07,4.05,4.05,37691,2020-10-12 16:45:00,AMC
4.06,4.06,4.05,4.0582,30420,2020-10-12 16:50:00,AMC
4.056,4.06,4.04,4.05,52195,2020-10-12 16:55:00,AMC
4.0444,4.06,4.0444,4.0578,19368,2020-10-12 17:00:00,AMC
4.0588,4.09,4.0401,4.085,124224,2020-10-12 17:05:00,AMC
4.085,4.09,4.08,4.085,38267,2020-10-12 17:10:00,AMC
4.0812,4.09,4.07,4.08,29752,2020-10-12 17:15:00,AMC
4.0812,4.09,4.08,4.08,9719,2020-10-12 17:20:00,AMC
4.08,4.09,4.0701,4.075,15441,2020-10-12 17:25:00,AMC
4.07,4.09,4.07,4.075,19289,2020-10-12 17:30:00,AMC
4.0707,4.08,4.0701,4.0788,6016,2020-10-12 17:35:00,AMC
4.075,4.08,4.0613,4.07,23687,2020-10-12 17:40:00,AMC
4.0775,4.0775,4.05,4.065,28269,2020-10-12 17:45:00,AMC
4.068,4.07,4.05,4.07,23995,2020-10-12 17:50:00,AMC
4.07,4.07,4.064,4.07,11715,2020-10-12 17:55:00,AMC
4.07,4.07,4.05,4.0512,8630,2020-10-12 18:00:00,AMC
4.055,4.065,4.05,4.055,59206,2020-10-12 18:05:00,AMC
4.06,4.06,4.051,4.0598,22691,2020-10-12 18:10:00,AMC
4.06,4.07,4.05,4.07,27340,2020-10-12 18:15:00,AMC
4.07,4.07,4.06,4.07,11225,2020-10-12 18:20:00,AMC
4.07,4.07,4.035,4.0497,87551,2020-10-12 18:25:00,AMC
4.0429,4.07,4.0429,4.065,16585,2020-10-12 18:30:00,AMC
4.0646,4.07,4.05,4.054,11586,2020-10-12 18:35:00,AMC
4.0592,4.06,4.05,4.0537,17247,2020-10-12 18:40:00,AMC
4.06,4.06,4.05,4.06,6669,2020-10-12 18:45:00,AMC
4.06,4.06,4.04,4.05,16241,2020-10-12 18:50:00,AMC
4.0488,4.06,4.04,4.0515,31679,2020-10-12 18:55:00,AMC
4.06,4.06,4.0515,4.055,9237,2020-10-12 19:00:00,AMC
4.06,4.07,4.05,4.07,40442,2020-10-12 19:05:00,AMC
4.065,4.07,4.06,4.06,29001,2020-10-12 19:10:00,AMC
4.0634,4.07,4.0634,4.07,23386,2020-10-12 19:15:00,AMC
4.07,4.08,4.0687,4.078,56171,2020-10-12 19:20:00,AMC
4.08,4.08,4.07,4.075,17083,2020-10-12 19:25:00,AMC
4.08,4.08,4.07,4.075,11352,2020-10-12 19:30:00,AMC
4.075,4.08,4.07,4.08,17223,2020-10-12 19:35:00,AMC
4.08,4.08,4.07,4.079,22784,2020-10-12 19:40:00,AMC
4.08,4.08,4.07,4.07,28910,2020-10-12 19:45:00,AMC
4.075,4.08,4.07,4.075,37596,2020-10-12 19:50:00,AMC
4.075,4.08,4.07,4.08,54654,2020-10-12 19:55:00,AMC
4.08,4.08,4.07,4.07,29777,2020-10-12 20:00:00,AMC
4.08,4.08,4.08,4.08,250,2020-10-12 20:05:00,AMC
4.07,4.07,4.07,4.07,100,2020-10-12 20:10:00,AMC
4.07,4.07,4.07,4.07,600,2020-10-12 20:15:00,AMC
4.0799,4.08,4.0799,4.08,1775,2020-10-12 20:20:00,AMC
4.07,4.07,4.07,4.07,11346,2020-10-12 20:25:00,AMC
4.06,4.07,4.06,4.07,340,2020-10-12 20:30:00,AMC
4.06,4.06,4.06,4.06,460,2020-10-12 20:35:00,AMC
4.05,4.06,4.05,4.06,785,2020-10-12 20:45:00,AMC
4.06,4.06,4.06,4.06,129,2020-10-12 20:50:00,AMC
4.06,4.06,4.05,4.05,1459,2020-10-12 20:55:00,AMC
4.06,4.06,4.05,4.05,509,2020-10-12 21:00:00,AMC
4.04,4.06,4.04,4.06,5192,2020-10-12 21:05:00,AMC
4.0598,4.06,4.0598,4.06,1600,2020-10-12 21:15:00,AMC
4.0598,4.0598,4.0598,4.0598,100,2020-10-12 21:20:00,AMC
4.06,4.06,4.06,4.06,100,2020-10-12 21:25:00,AMC
4.06,4.06,4.06,4.06,1281,2020-10-12 21:35:00,AMC
4.06,4.06,4.06,4.06,5961,2020-10-12 21:40:00,AMC
4.07,4.07,4.07,4.07,381,2020-10-12 21:45:00,AMC
4.06,4.06,4.06,4.06,100,2020-10-12 21:50:00,AMC
4.04,4.04,4.04,4.04,100,2020-10-12 22:10:00,AMC
4.04,4.04,4.04,4.04,100,2020-10-12 22:20:00,AMC
4.04,4.04,4.04,4.04,1200,2020-10-12 22:30:00,AMC
4.03,4.07,4.02,4.03,8005,2020-10-12 22:35:00,AMC
4.03,4.03,4.03,4.03,123,2020-10-12 22:40:00,AMC
4.03,4.03,4.03,4.03,4194,2020-10-12 22:45:00,AMC
4.03,4.03,4.03,4.03,857,2020-10-12 22:50:00,AMC
4.04,4.04,4.04,4.04,1000,2020-10-12 22:55:00,AMC
4.04,4.04,4.04,4.04,1000,2020-10-12 23:00:00,AMC
4.04,4.04,4.03,4.03,4969,2020-10-12 23:20:00,AMC
4.07,4.07,4.07,4.07,100,2020-10-12 23:25:00,AMC
4.04,4.04,4.04,4.04,100,2020-10-12 23:40:00,AMC
4.04,4.04,4.04,4.04,246,2020-10-12 23:50:00,AMC
4.05,4.05,4.05,4.05,200,2020-10-12 23:55:00,AMC
4.01,4.01,3.9,3.9,2442,2020-10-13 10:45:00,AMC
3.86,3.86,3.77,3.8,7444,2020-10-13 10:50:00,AMC
3.77,4.0,3.77,4.0,774,2020-10-13 10:55:00,AMC
4.0,4.03,3.95,4.03,12291,2020-10-13 11:00:00,AMC
4.01,4.01,4.01,4.01,300,2020-10-13 11:05:00,AMC
3.97,3.97,3.97,3.97,100,2020-10-13 11:10:00,AMC
4.0,4.0,4.0,4.0,500,2020-10-13 11:20:00,AMC
4.0,4.0,4.0,4.0,100,2020-10-13 11:25:00,AMC
4.0,4.0,4.0,4.0,200,2020-10-13 11:30:00,AMC
3.99,3.99,3.97,3.98,4979,2020-10-13 11:35:00,AMC
3.98,3.98,3.98,3.98,900,2020-10-13 11:40:00,AMC
3.98,3.98,3.95,3.95,9409,2020-10-13 11:45:00,AMC
3.95,3.98,3.95,3.95,1483,2020-10-13 11:50:00,AMC
3.95,3.95,3.95,3.95,4388,2020-10-13 11:55:00,AMC
3.96,3.96,3.94,3.9501,8952,2020-10-13 12:00:00,AMC
3.95,3.97,3.95,3.95,2583,2020-10-13 12:05:00,AMC
3.9501,3.9501,3.95,3.95,2323,2020-10-13 12:10:00,AMC
3.9501,3.97,3.95,3.97,5658,2020-10-13 12:15:00,AMC
3.96,3.9601,3.75,3.89,116173,2020-10-13 12:20:00,AMC
3.87,3.9,3.77,3.82,27919,2020-10-13 12:25:00,AMC
3.82,3.8501,3.8,3.8501,22066,2020-10-13 12:30:00,AMC
3.8501,3.89,3.83,3.85,12636,2020-10-13 12:35:00,AMC
3.85,3.88,3.84,3.86,32103,2020-10-13 12:40:00,AMC
3.8601,3.88,3.86,3.86,7868,2020-10-13 12:45:00,AMC
3.8701,3.89,3.87,3.87,11226,2020-10-13 12:50:00,AMC
3.8701,3.97,3.87,3.89,34616,2020-10-13 12:55:00,AMC
3.891,3.95,3.89,3.93,11732,2020-10-13 13:00:00,AMC
3.95,3.95,3.92,3.9398,15701,2020-10-13 13:05:00,AMC
3.9301,3.94,3.92,3.94,22689,2020-10-13 13:10:00,AMC
3.93,3.94,3.91,3.9398,18508,2020-10-13 13:15:00,AMC
3.9398,3.94,3.9,3.9,8393,2020-10-13 13:20:00,AMC
3.93,3.94,3.9,3.91,32217,2020-10-13 13:25:00,AMC
3.9,3.91,3.68,3.7733,1151199,2020-10-13 13:30:00,AMC
3.7872,3.788,3.63,3.7315,472385,2020-10-13 13:35:00,AMC
3.73,3.8,3.72,3.7743,313421,2020-10-13 13:40:00,AMC
3.78,3.828,3.76,3.81,172686,2020-10-13 13:45:00,AMC
3.8192,3.83,3.8,3.805,175050,2020-10-13 13:50:00,AMC
3.805,3.86,3.8,3.84,180047,2020-10-13 13:55:00,AMC
3.8473,3.87,3.78,3.7801,189467,2020-10-13 14:00:00,AMC
3.7888,3.81,3.75,3.8054,212092,2020-10-13 14:05:00,AMC
3.81,3.81,3.76,3.7977,157859,2020-10-13 14:10:00,AMC
3.7987,3.82,3.78,3.8,113670,2020-10-13 14:15:00,AMC
3.805,3.805,3.78,3.7888,63383,2020-10-13 14:20:00,AMC
3.785,3.8,3.78,3.795,60009,2020-10-13 14:25:00,AMC
3.798,3.798,3.76,3.765,162216,2020-10-13 14:30:00,AMC
3.7604,3.77,3.75,3.755,103894,2020-10-13 14:35:00,AMC
3.76,3.7688,3.75,3.755,80125,2020-10-13 14:40:00,AMC
3.755,3.76,3.75,3.7588,69303,2020-10-13 14:45:00,AMC
3.758,3.77,3.75,3.7688,82837,2020-10-13 14:50:00,AMC
3.765,3.77,3.75,3.76,64704,2020-10-13 14:55:00,AMC
3.7588,3.77,3.75,3.7699,76481,2020-10-13 15:00:00,AMC
3.77,3.78,3.76,3.77,77592,2020-10-13 15:05:00,AMC
3.761,3.78,3.76,3.7627,62304,2020-10-13 15:10:00,AMC
3.76,3.77,3.75,3.7575,59854,2020-10-13 15:15:00,AMC
3.752,3.77,3.75,3.75,95593,2020-10-13 15:20:00,AMC
3.7572,3.76,3.75,3.759,41434,2020-10-13 15:25:00,AMC
3.755,3.76,3.75,3.755,49132,2020-10-13 15:30:00,AMC
3.755,3.7642,3.75,3.7642,38181,2020-10-13 15:35:00,AMC
3.7613,3.77,3.755,3.76,61875,2020-10-13 15:40:00,AMC
3.765,3.77,3.76,3.765,35344,2020-10-13 15:45:00,AMC
3.765,3.77,3.75,3.765,52784,2020-10-13 15:50:00,AMC
3.7614,3.77,3.76,3.7613,31882,2020-10-13 15:55:00,AMC
3.7641,3.77,3.76,3.7694,20769,2020-10-13 16:00:00,AMC
3.765,3.7701,3.76,3.77,50692,2020-10-13 16:05:00,AMC
3.7697,3.77,3.76,3.765,91349,2020-10-13 16:10:00,AMC
3.7682,3.7682,3.75,3.75,19207,2020-10-13 16:15:00,AMC
3.755,3.76,3.74,3.75,104133,2020-10-13 16:20:00,AMC
3.74,3.75,3.73,3.73,55058,2020-10-13 16:25:00,AMC
3.735,3.74,3.71,3.71,44519,2020-10-13 16:30:00,AMC
3.715,3.72,3.7,3.7,93993,2020-10-13 16:35:00,AMC
3.7048,3.71,3.7,3.705,63936,2020-10-13 16:40:00,AMC
3.7,3.75,3.7,3.745,142946,2020-10-13 16:45:00,AMC
3.7459,3.76,3.7401,3.7546,51814,2020-10-13 16:50:00,AMC
3.755,3.76,3.72,3.73,90954,2020-10-13 16:55:00,AMC
3.735,3.75,3.73,3.742,34496,2020-10-13 17:00:00,AMC
3.745,3.75,3.735,3.7499,34801,2020-10-13 17:05:00,AMC
3.745,3.75,3.73,3.7371,36428,2020-10-13 17:10:00,AMC
3.7344,3.74,3.73,3.735,15517,2020-10-13 17:15:00,AMC
3.73,3.74,3.73,3.74,28771,2020-10-13 17:20:00,AMC
3.74,3.74,3.73,3.735,34985,2020-10-13 17:25:00,AMC
3.7301,3.74,3.71,3.7115,76552,2020-10-13 17:30:00,AMC
3.7101,3.72,3.71,3.7174,33319,2020-10-13 17:35:00,AMC
3.7113,3.72,3.71,3.72,30821,2020-10-13 17:40:00,AMC
3.715,3.7287,3.7101,3.725,26809,2020-10-13 17:45:00,AMC
3.72,3.7288,3.71,3.7101,25207,2020-10-13 17:50:00,AMC
3.71,3.7196,3.7,3.7087,55131,2020-10-13 17:55:00,AMC
3.708,3.71,3.7,3.7001,38489,2020-10-13 18:00:00,AMC
3.705,3.71,3.7,3.7088,27660,2020-10-13 18:05:00,AMC
3.7067,3.71,3.7,3.705,58673,2020-10-13 18:10:00,AMC
3.7016,3.71,3.7,3.7,61687,2020-10-13 18:15:00,AMC
3.705,3.71,3.7,3.705,16776,2020-10-13 18:20:00,AMC
3.705,3.71,3.7,3.7088,25846,2020-10-13 18:25:00,AMC
3.705,3.71,3.7,3.7066,23992,2020-10-13 18:30:00,AMC
3.708,3.71,3.7,3.705,32859,2020-10-13 18:35:00,AMC
3.705,3.71,3.7,3.7088,15078,2020-10-13 18:40:00,AMC
3.71,3.71,3.7,3.71,28687,2020-10-13 18:45:00,AMC
3.705,3.71,3.69,3.6901,155315,2020-10-13 18:50:00,AMC
3.69,3.7052,3.67,3.7052,176188,2020-10-13 18:55:00,AMC
3.706,3.71,3.69,3.693,28012,2020-10-13 19:00:00,AMC
3.695,3.7,3.69,3.695,29015,2020-10-13 19:05:00,AMC
3.6913,3.7,3.69,3.6906,33650,2020-10-13 19:10:00,AMC
3.695,3.7,3.67,3.6733,78235,2020-10-13 19:15:00,AMC
3.6777,3.6799,3.65,3.65,226326,2020-10-13 19:20:00,AMC
3.6588,3.66,3.65,3.655,48369,2020-10-13 19:25:00,AMC
3.655,3.66,3.65,3.6581,110999,2020-10-13 19:30:00,AMC
3.6599,3.66,3.63,3.635,107612,2020-10-13 19:35:00,AMC
3.63,3.63,3.6,3.6061,308645,2020-10-13 19:40:00,AMC
3.605,3.61,3.6,3.6088,123570,2020-10-13 19:45:00,AMC
3.61,3.61,3.53,3.535,467659,2020-10-13 19:50:00,AMC
3.5313,3.55,3.52,3.5498,638425,2020-10-13 19:55:00,AMC
3.54,3.61,3.54,3.6001,49855,2020-10-13 20:00:00,AMC
3.61,3.64,3.61,3.64,4123,2020-10-13 20:05:00,AMC
3.64,3.64,3.6,3.6,19784,2020-10-13 20:10:00,AMC
3.59,3.6,3.59,3.6,13857,2020-10-13 20:15:00,AMC
3.6,3.6,3.59,3.6,7221,2020-10-13 20:20:00,AMC
3.59,3.59,3.58,3.5898,5350,2020-10-13 20:25:00,AMC
3.59,3.59,3.57,3.59,1658,2020-10-13 20:30:00,AMC
3.5702,3.58,3.57,3.58,2122,2020-10-13 20:35:00,AMC
3.5701,3.59,3.5701,3.59,3375,2020-10-13 20:40:00,AMC
3.5898,3.59,3.5898,3.59,775,2020-10-13 20:45:00,AMC
3.57,3.59,3.57,3.5898,1714,2020-10-13 20:50:00,AMC
3.5898,3.59,3.5898,3.59,8700,2020-10-13 20:55:00,AMC
3.59,3.59,3.59,3.59,800,2020-10-13 21:00:00,AMC
3.58,3.58,3.53,3.54,32132,2020-10-13 21:05:00,AMC
3.53,3.54,3.51,3.5398,15549,2020-10-13 21:10:00,AMC
3.54,3.55,3.54,3.54,1450,2020-10-13 21:15:00,AMC
3.5498,3.58,3.54,3.55,12777,2020-10-13 21:20:00,AMC
3.5898,3.5898,3.54,3.5798,3949,2020-10-13 21:25:00,AMC
3.58,3.58,3.57,3.57,1013,2020-10-13 21:30:00,AMC
3.57,3.59,3.55,3.57,1593,2020-10-13 21:35:00,AMC
3.57,3.57,3.57,3.57,740,2020-10-13 21:40:00,AMC
3.57,3.57,3.57,3.57,1215,2020-10-13 21:45:00,AMC
3.57,3.57,3.57,3.57,1093,2020-10-13 21:50:00,AMC
3.57,3.57,3.57,3.57,1728,2020-10-13 21:55:00,AMC
3.57,3.57,3.57,3.57,1500,2020-10-13 22:00:00,AMC
3.56,3.56,3.56,3.56,3726,2020-10-13 22:05:00,AMC
3.56,3.56,3.55,3.55,700,2020-10-13 22:10:00,AMC
3.54,3.55,3.53,3.53,4762,2020-10-13 22:15:00,AMC
3.54,3.59,3.53,3.59,8034,2020-10-13 22:20:00,AMC
3.59,3.59,3.52,3.54,9161,2020-10-13 22:25:00,AMC
3.59,3.59,3.59,3.59,100,2020-10-13 22:30:00,AMC
3.57,3.57,3.57,3.57,200,2020-10-13 22:35:00,AMC
3.5699,3.5699,3.5699,3.5699,552,2020-10-13 22:40:00,AMC
3.56,3.56,3.56,3.56,779,2020-10-13 22:45:00,AMC
3.5699,3.57,3.5699,3.57,1850,2020-10-13 22:50:00,AMC
3.56,3.56,3.5,3.5,31404,2020-10-13 22:55:00,AMC
3.49,3.49,3.45,3.46,9452,2020-10-13 23:00:00,AMC
3.45,3.46,3.45,3.45,26835,2020-10-13 23:05:00,AMC
3.45,3.46,3.45,3.46,5888,2020-10-13 23:10:00,AMC
3.46,3.46,3.45,3.46,7400,2020-10-13 23:15:00,AMC
3.46,3.46,3.4,3.4,35176,2020-10-13 23:20:00,AMC
3.41,3.41,3.4,3.41,37718,2020-10-13 23:25:00,AMC
3.41,3.41,3.36,3.37,27576,2020-10-13 23:30:00,AMC
3.36,3.36,3.25,3.25,75687,2020-10-13 23:35:00,AMC
3.26,3.42,3.25,3.36,50865,2020-10-13 23:40:00,AMC
3.36,3.36,3.33,3.33,16122,2020-10-13 23:45:00,AMC
3.33,3.33,3.3,3.31,15176,2020-10-13 23:50:00,AMC
3.31,3.34,3.29,3.34,24004,2020-10-13 23:55:00,AMC
3.23,3.47,3.23,3.47,3203,2020-10-14 08:00:00,AMC
3.41,3.42,3.41,3.42,1970,2020-10-14 08:05:00,AMC
3.46,3.58,3.45,3.58,2208,2020-10-14 08:10:00,AMC
3.58,3.59,3.57,3.57,695,2020-10-14 08:15:00,AMC
3.59,3.61,3.58,3.61,4166,2020-10-14 08:25:00,AMC
3.61,3.62,3.61,3.62,500,2020-10-14 08:30:00,AMC
3.62,3.62,3.62,3.62,100,2020-10-14 08:35:00,AMC
3.62,3.62,3.6,3.6,226,2020-10-14 08:40:00,AMC
3.61,3.69,3.61,3.62,4422,2020-10-14 08:45:00,AMC
3.62,3.62,3.62,3.62,292,2020-10-14 09:25:00,AMC
3.62,3.62,3.62,3.62,250,2020-10-14 09:45:00,AMC
3.62,3.62,3.62,3.62,465,2020-10-14 09:50:00,AMC
3.62,3.62,3.62,3.62,200,2020-10-14 10:10:00,AMC
3.61,3.66,3.61,3.66,550,2020-10-14 10:15:00,AMC
3.61,3.61,3.51,3.51,8165,2020-10-14 10:25:00,AMC
3.51,3.51,3.51,3.51,223,2020-10-14 10:30:00,AMC
3.51,3.51,3.51,3.51,1000,2020-10-14 10:35:00,AMC
3.51,3.51,3.51,3.51,855,2020-10-14 10:40:00,AMC
3.54,3.55,3.54,3.55,500,2020-10-14 10:45:00,AMC
3.51,3.51,3.34,3.35,17055,2020-10-14 11:00:00,AMC
3.35,3.35,3.345,3.345,6917,2020-10-14 11:05:00,AMC
3.345,3.345,3.34,3.34,2998,2020-10-14 11:10:00,AMC
3.345,3.345,3.345,3.345,134,2020-10-14 11:15:00,AMC
3.34,3.34,3.32,3.32,4835,2020-10-14 11:20:00,AMC
3.315,3.32,3.31,3.31,2225,2020-10-14 11:25:00,AMC
3.315,3.34,3.28,3.29,15698,2020-10-14 11:30:00,AMC
3.29,3.34,3.285,3.34,14108,2020-10-14 11:35:00,AMC
3.3,3.35,3.3,3.35,8886,2020-10-14 11:40:00,AMC
3.35,3.35,3.35,3.35,2389,2020-10-14 11:45:00,AMC
3.35,3.39,3.35,3.39,2140,2020-10-14 11:50:00,AMC
3.35,3.35,3.34,3.35,3088,2020-10-14 11:55:00,AMC
3.34,3.35,3.34,3.34,7100,2020-10-14 12:00:00,AMC
3.35,3.35,3.34,3.35,9424,2020-10-14 12:05:00,AMC
3.3401,3.35,3.3401,3.35,1223,2020-10-14 12:10:00,AMC
3.34,3.35,3.34,3.35,6766,2020-10-14 12:15:00,AMC
3.34,3.35,3.34,3.3402,20078,2020-10-14 12:20:00,AMC
3.3302,3.34,3.33,3.3302,15224,2020-10-14 12:25:00,AMC
3.34,3.34,3.33,3.34,14301,2020-10-14 12:30:00,AMC
3.3302,3.34,3.32,3.33,9943,2020-10-14 12:35:00,AMC
3.33,3.33,3.32,3.32,1002,2020-10-14 12:40:00,AMC
3.32,3.32,3.3,3.31,15684,2020-10-14 12:45:00,AMC
3.32,3.32,3.3,3.3,3849,2020-10-14 12:50:00,AMC
3.31,3.32,3.31,3.31,17788,2020-10-14 12:55:00,AMC
3.32,3.32,3.31,3.3198,18148,2020-10-14 13:00:00,AMC
3.32,3.32,3.29,3.29,45550,2020-10-14 13:05:00,AMC
3.29,3.29,3.21,3.21,49926,2020-10-14 13:10:00,AMC
3.2198,3.22,3.02,3.08,258455,2020-10-14 13:15:00,AMC
3.06,3.12,3.02,3.07,124345,2020-10-14 13:20:00,AMC
3.06,3.12,3.06,3.08,81041,2020-10-14 13:25:00,AMC
3.09,3.1918,3.0301,3.05,1851970,2020-10-14 13:30:00,AMC
3.055,3.06,2.83,2.9101,1937731,2020-10-14 13:35:00,AMC
2.915,2.9412,2.76,2.77,1522630,2020-10-14 13:40:00,AMC
2.78,2.84,2.77,2.79,1003628,2020-10-14 13:45:00,AMC
2.785,2.79,2.66,2.75,1491303,2020-10-14 13:50:00,AMC
2.748,2.79,2.69,2.7893,1110295,2020-10-14 13:55:00,AMC
2.78,2.88,2.78,2.88,1186729,2020-10-14 14:00:00,AMC
2.875,2.98,2.85,2.9581,1075914,2020-10-14 14:05:00,AMC
2.955,2.97,2.88,2.895,536265,2020-10-14 14:10:00,AMC
2.8912,2.93,2.88,2.925,324203,2020-10-14 14:15:00,AMC
2.928,2.95,2.9,2.9182,418011,2020-10-14 14:20:00,AMC
2.918,2.93,2.88,2.915,442787,2020-10-14 14:25:00,AMC
2.919,2.93,2.87,2.875,282716,2020-10-14 14:30:00,AMC
2.87,2.95,2.87,2.92,408342,2020-10-14 14:35:00,AMC
2.9289,2.95,2.91,2.95,393160,2020-10-14 14:40:00,AMC
2.95,3.0,2.92,2.922,494588,2020-10-14 14:45:00,AMC
2.92,3.0,2.92,2.98,480411,2020-10-14 14:50:00,AMC
2.985,2.99,2.9401,2.958,396992,2020-10-14 14:55:00,AMC
2.9566,2.96,2.93,2.96,263522,2020-10-14 15:00:00,AMC
2.955,2.98,2.955,2.97,304195,2020-10-14 15:05:00,AMC
2.9743,3.07,2.97,3.0667,627033,2020-10-14 15:10:00,AMC
3.07,3.2,2.99,3.0018,1740071,2020-10-14 15:15:00,AMC
3.008,3.09,3.0,3.0362,703261,2020-10-14 15:20:00,AMC
3.0399,3.1,3.03,3.0845,324490,2020-10-14 15:25:00,AMC
3.0812,3.1,3.0,3.015,668457,2020-10-14 15:30:00,AMC
3.015,3.03,2.99,3.0162,348123,2020-10-14 15:35:00,AMC
3.02,3.08,3.01,3.054,472539,2020-10-14 15:40:00,AMC
3.05,3.06,3.0201,3.0222,423188,2020-10-14 15:45:00,AMC
3.0256,3.0299,3.01,3.028,240807,2020-10-14 15:50:00,AMC
3.0238,3.06,3.02,3.035,362114,2020-10-14 15:55:00,AMC
3.035,3.035,3.015,3.0219,104291,2020-10-14 16:00:00,AMC
3.0201,3.05,3.0,3.0068,209492,2020-10-14 16:05:00,AMC
3.005,3.0082,2.95,2.9914,540763,2020-10-14 16:10:00,AMC
2.9969,3.0299,2.97,2.9782,146652,2020-10-14 16:15:00,AMC
2.975,3.02,2.97,3.008,99947,2020-10-14 16:20:00,AMC
3.008,3.008,2.99,2.995,144313,2020-10-14 16:25:00,AMC
2.9999,3.0,2.98,2.985,150587,2020-10-14 16:30:00,AMC
2.985,3.0,2.97,2.975,77853,2020-10-14 16:35:00,AMC
2.9715,2.98,2.92,2.93,248144,2020-10-14 16:40:00,AMC
2.9312,2.98,2.93,2.968,227621,2020-10-14 16:45:00,AMC
2.9688,2.98,2.95,2.96,131960,2020-10-14 16:50:00,AMC
2.955,2.97,2.95,2.9588,110509,2020-10-14 16:55:00,AMC
2.955,2.97,2.95,2.9588,89208,2020-10-14 17:00:00,AMC
2.9596,2.96,2.9201,2.945,200022,2020-10-14 17:05:00,AMC
2.945,2.95,2.91,2.945,124403,2020-10-14 17:10:00,AMC
2.948,2.95,2.9213,2.93,54773,2020-10-14 17:15:00,AMC
2.9279,2.94,2.92,2.9385,59704,2020-10-14 17:20:00,AMC
2.935,2.94,2.93,2.9399,84197,2020-10-14 17:25:00,AMC
2.935,2.9392,2.91,2.915,136036,2020-10-14 17:30:00,AMC
2.915,2.92,2.9,2.905,202441,2020-10-14 17:35:00,AMC
2.9063,2.93,2.9001,2.92,120109,2020-10-14 17:40:00,AMC
2.9273,2.9273,2.91,2.915,114791,2020-10-14 17:45:00,AMC
2.9101,2.92,2.88,2.885,180481,2020-10-14 17:50:00,AMC
2.8879,2.9,2.88,2.8988,178682,2020-10-14 17:55:00,AMC
2.895,2.91,2.89,2.91,94279,2020-10-14 18:00:00,AMC
2.9087,2.93,2.9,2.925,180391,2020-10-14 18:05:00,AMC
2.928,2.93,2.91,2.915,84601,2020-10-14 18:10:00,AMC
2.9166,2.92,2.91,2.9182,92707,2020-10-14 18:15:00,AMC
2.9191,2.92,2.91,2.9133,85576,2020-10-14 18:20:00,AMC
2.9177,2.93,2.91,2.9285,110862,2020-10-14 18:25:00,AMC
2.9288,2.93,2.92,2.9288,42724,2020-10-14 18:30:00,AMC
2.925,2.93,2.92,2.9288,75374,2020-10-14 18:35:00,AMC
2.925,2.93,2.92,2.9265,55814,2020-10-14 18:40:00,AMC
2.925,2.93,2.92,2.925,70580,2020-10-14 18:45:00,AMC
2.93,2.93,2.92,2.9288,73469,2020-10-14 18:50:00,AMC
2.925,2.93,2.92,2.93,89560,2020-10-14 18:55:00,AMC
2.9288,2.94,2.92,2.94,124009,2020-10-14 19:00:00,AMC
2.94,2.99,2.94,2.988,286693,2020-10-14 19:05:00,AMC
2.985,3.0,2.95,2.955,309098,2020-10-14 19:10:00,AMC
2.9599,2.96,2.94,2.945,64909,2020-10-14 19:15:00,AMC
2.945,2.96,2.94,2.9567,87706,2020-10-14 19:20:00,AMC
2.9514,3.0,2.95,2.97,307281,2020-10-14 19:25:00,AMC
2.975,3.0,2.9712,3.0,136670,2020-10-14 19:30:00,AMC
2.995,3.0,2.96,2.965,228016,2020-10-14 19:35:00,AMC
2.965,2.99,2.96,2.97,162021,2020-10-14 19:40:00,AMC
2.98,2.98,2.96,2.9701,140289,2020-10-14 19:45:00,AMC
2.975,2.98,2.96,2.9617,124588,2020-10-14 19:50:00,AMC
2.9601,2.97,2.92,2.94,694163,2020-10-14 19:55:00,AMC
2.96,2.96,2.89,2.89,132648,2020-10-14 20:00:00,AMC
2.92,2.93,2.91,2.93,2550,2020-10-14 20:05:00,AMC
2.91,2.93,2.91,2.92,5232,2020-10-14 20:10:00,AMC
2.93,2.93,2.9098,2.91,1450,2020-10-14 20:15:00,AMC
2.91,2.91,2.9,2.91,7351,2020-10-14 20:20:00,AMC
2.91,2.92,2.91,2.92,5436,2020-10-14 20:25:00,AMC
2.91,2.91,2.9,2.9,3542,2020-10-14 20:30:00,AMC
2.91,2.92,2.91,2.92,3328,2020-10-14 20:35:00,AMC
2.92,2.92,2.91,2.92,6100,2020-10-14 20:40:00,AMC
2.92,2.92,2.9198,2.9198,2480,2020-10-14 20:45:00,AMC
2.92,2.92,2.91,2.92,10980,2020-10-14 20:50:00,AMC
2.92,2.92,2.92,2.92,14156,2020-10-14 20:55:00,AMC
2.92,2.92,2.91,2.92,15972,2020-10-14 21:00:00,AMC
2.92,2.92,2.9198,2.9199,8157,2020-10-14 21:05:00,AMC
2.92,2.93,2.92,2.93,3406,2020-10-14 21:10:00,AMC
2.95,2.95,2.94,2.95,3184,2020-10-14 21:15:00,AMC
2.95,2.95,2.92,2.94,3655,2020-10-14 21:20:00,AMC
2.94,2.95,2.93,2.95,5070,2020-10-14 21:25:00,AMC
2.95,2.95,2.94,2.94,1125,2020-10-14 21:30:00,AMC
2.95,2.95,2.94,2.95,1221,2020-10-14 21:35:00,AMC
2.95,2.95,2.94,2.95,3225,2020-10-14 21:40:00,AMC
2.95,2.95,2.94,2.95,1613,2020-10-14 21:45:00,AMC
2.95,2.95,2.94,2.94,751,2020-10-14 21:50:00,AMC
2.94,2.96,2.94,2.95,23319,2020-10-14 21:55:00,AMC
2.97,3.0,2.96,2.96,5536,2020-10-14 22:00:00,AMC
2.96,2.96,2.96,2.96,290,2020-10-14 22:05:00,AMC
2.96,2.96,2.96,2.96,100,2020-10-14 22:10:00,AMC
2.97,2.97,2.96,2.96,879,2020-10-14 22:20:00,AMC
2.96,2.96,2.95,2.96,2740,2020-10-14 22:25:00,AMC
2.97,2.97,2.9601,2.9601,850,2020-10-14 22:30:00,AMC
2.97,2.97,2.97,2.97,949,2020-10-14 22:35:00,AMC
2.96,2.96,2.96,2.96,100,2020-10-14 22:40:00,AMC
2.9599,2.9599,2.9599,2.9599,264,2020-10-14 22:45:00,AMC
2.95,2.95,2.95,2.95,2000,2020-10-14 22:55:00,AMC
2.96,2.98,2.96,2.98,515,2020-10-14 23:00:00,AMC
2.98,2.98,2.96,2.96,1100,2020-10-14 23:05:00,AMC
2.96,2.98,2.95,2.98,1160,2020-10-14 23:10:00,AMC
2.99,2.99,2.99,2.99,100,2020-10-14 23:20:00,AMC
2.95,2.99,2.95,2.95,3509,2020-10-14 23:25:00,AMC
2.92,2.95,2.92,2.95,3265,2020-10-14 23:30:00,AMC
2.95,2.95,2.95,2.95,585,2020-10-14 23:35:00,AMC
2.95,2.95,2.91,2.91,1188,2020-10-14 23:40:00,AMC
2.94,2.95,2.94,2.95,1011,2020-10-14 23:50:00,AMC
2.95,2.95,2.95,2.95,1059,2020-10-14 23:55:00,AMC
2.9,2.9,2.9,2.9,300,2020-10-15 08:20:00,AMC
2.9,2.9,2.88,2.88,496,2020-10-15 08:30:00,AMC
2.88,2.88,2.88,2.88,316,2020-10-15 08:35:00,AMC
2.86,2.88,2.86,2.88,1284,2020-10-15 08:50:00,AMC
2.88,2.88,2.88,2.88,100,2020-10-15 08:55:00,AMC
2.88,2.88,2.88,2.88,100,2020-10-15 09:05:00,AMC
2.89,2.89,2.89,2.89,304,2020-10-15 09:15:00,AMC
2.89,2.89,2.89,2.89,526,2020-10-15 09:25:00,AMC
2.88,2.88,2.88,2.88,391,2020-10-15 09:55:00,AMC
2.89,2.89,2.89,2.89,100,2020-10-15 10:35:00,AMC
2.85,2.85,2.85,2.85,200,2020-10-15 10:40:00,AMC
2.88,2.88,2.88,2.88,405,2020-10-15 10:55:00,AMC
2.88,2.93,2.88,2.88,7586,2020-10-15 11:00:00,AMC
2.88,2.88,2.88,2.88,131,2020-10-15 11:05:00,AMC
2.88,2.89,2.88,2.89,1790,2020-10-15 11:10:00,AMC
2.87,2.87,2.86,2.86,1550,2020-10-15 11:15:00,AMC
2.85,2.85,2.81,2.81,2805,2020-10-15 11:20:00,AMC
2.81,2.81,2.79,2.79,6043,2020-10-15 11:25:00,AMC
2.83,2.83,2.81,2.82,900,2020-10-15 11:30:00,AMC
2.85,2.85,2.85,2.85,600,2020-10-15 11:35:00,AMC
2.85,2.85,2.85,2.85,1100,2020-10-15 11:40:00,AMC
2.85,2.9,2.85,2.9,8620,2020-10-15 11:55:00,AMC
2.9,2.9,2.9,2.9,850,2020-10-15 12:00:00,AMC
2.92,2.95,2.9,2.9,3137,2020-10-15 12:05:00,AMC
2.94,2.94,2.94,2.94,1000,2020-10-15 12:10:00,AMC
2.94,2.94,2.94,2.94,300,2020-10-15 12:15:00,AMC
2.92,2.92,2.89,2.89,7841,2020-10-15 12:20:00,AMC
2.89,2.89,2.84,2.84,2755,2020-10-15 12:25:00,AMC
2.83,2.84,2.7998,2.7998,10454,2020-10-15 12:30:00,AMC
2.79,2.81,2.79,2.81,26253,2020-10-15 12:35:00,AMC
2.89,2.89,2.8,2.88,5730,2020-10-15 12:40:00,AMC
2.82,2.8298,2.82,2.8298,7500,2020-10-15 12:45:00,AMC
2.83,2.87,2.83,2.87,1800,2020-10-15 12:50:00,AMC
2.83,2.87,2.83,2.85,5881,2020-10-15 12:55:00,AMC
2.85,2.87,2.85,2.85,3888,2020-10-15 13:00:00,AMC
2.8501,2.86,2.8,2.81,52157,2020-10-15 13:05:00,AMC
2.81,2.81,2.77,2.8,20735,2020-10-15 13:10:00,AMC
2.7998,2.81,2.7998,2.81,6877,2020-10-15 13:15:00,AMC
2.83,2.85,2.83,2.8398,1770,2020-10-15 13:20:00,AMC
2.84,2.84,2.82,2.82,4728,2020-10-15 13:25:00,AMC
2.84,2.93,2.82,2.93,413276,2020-10-15 13:30:00,AMC
2.925,2.93,2.84,2.8533,191329,2020-10-15 13:35:00,AMC
2.86,2.88,2.85,2.852,191521,2020-10-15 13:40:00,AMC
2.855,2.86,2.82,2.8487,215932,2020-10-15 13:45:00,AMC
2.8487,2.88,2.84,2.845,146576,2020-10-15 13:50:00,AMC
2.85,2.91,2.83,2.91,144067,2020-10-15 13:55:00,AMC
2.9013,2.95,2.9,2.9413,141126,2020-10-15 14:00:00,AMC
2.9472,2.96,2.92,2.9288,160512,2020-10-15 14:05:00,AMC
2.9208,2.94,2.92,2.935,37745,2020-10-15 14:10:00,AMC
2.935,2.94,2.92,2.925,79888,2020-10-15 14:15:00,AMC
2.93,2.93,2.9,2.91,85785,2020-10-15 14:20:00,AMC
2.905,2.94,2.9,2.92,74731,2020-10-15 14:25:00,AMC
2.92,2.93,2.88,2.88,75040,2020-10-15 14:30:00,AMC
2.8856,2.9,2.88,2.9,95366,2020-10-15 14:35:00,AMC
2.89,2.89,2.86,2.87,123033,2020-10-15 14:40:00,AMC
2.878,2.88,2.87,2.88,56079,2020-10-15 14:45:00,AMC
2.8792,2.88,2.85,2.859,55092,2020-10-15 14:50:00,AMC
2.85,2.86,2.82,2.825,236442,2020-10-15 14:55:00,AMC
2.8266,2.8592,2.82,2.83,149894,2020-10-15 15:00:00,AMC
2.83,2.84,2.82,2.84,122322,2020-10-15 15:05:00,AMC
2.835,2.89,2.83,2.8884,135263,2020-10-15 15:10:00,AMC
2.882,2.9,2.86,2.868,129770,2020-10-15 15:15:00,AMC
2.8601,2.89,2.8601,2.875,84723,2020-10-15 15:20:00,AMC
2.875,2.88,2.87,2.875,91943,2020-10-15 15:25:00,AMC
2.88,2.88,2.86,2.8646,70644,2020-10-15 15:30:00,AMC
2.8601,2.87,2.86,2.862,30121,2020-10-15 15:35:00,AMC
2.87,2.87,2.83,2.833,134342,2020-10-15 15:40:00,AMC
2.835,2.84,2.83,2.84,79510,2020-10-15 15:45:00,AMC
2.84,2.87,2.83,2.865,155938,2020-10-15 15:50:00,AMC
2.865,2.87,2.83,2.845,186225,2020-10-15 15:55:00,AMC
2.8486,2.85,2.84,2.845,39837,2020-10-15 16:00:00,AMC
2.845,2.86,2.84,2.8557,84871,2020-10-15 16:05:00,AMC
2.855,2.86,2.85,2.86,33062,2020-10-15 16:10:00,AMC
2.855,2.86,2.85,2.855,49195,2020-10-15 16:15:00,AMC
2.855,2.86,2.85,2.855,39683,2020-10-15 16:20:00,AMC
2.86,2.86,2.85,2.855,37498,2020-10-15 16:25:00,AMC
2.855,2.86,2.84,2.845,40298,2020-10-15 16:30:00,AMC
2.8452,2.8452,2.83,2.834,72493,2020-10-15 16:35:00,AMC
2.8388,2.84,2.83,2.835,29203,2020-10-15 16:40:00,AMC
2.8388,2.84,2.83,2.835,35847,2020-10-15 16:45:00,AMC
2.835,2.84,2.83,2.84,57251,2020-10-15 16:50:00,AMC
2.8388,2.84,2.83,2.8321,30564,2020-10-15 16:55:00,AMC
2.835,2.84,2.76,2.795,611648,2020-10-15 17:00:00,AMC
2.795,2.83,2.78,2.83,123981,2020-10-15 17:05:00,AMC
2.8287,2.84,2.82,2.8287,50554,2020-10-15 17:10:00,AMC
2.83,2.83,2.81,2.8172,40567,2020-10-15 17:15:00,AMC
2.81,2.81,2.7801,2.798,138928,2020-10-15 17:20:00,AMC
2.795,2.8,2.79,2.7988,45017,2020-10-15 17:25:00,AMC
2.8,2.8,2.79,2.795,33882,2020-10-15 17:30:00,AMC
2.8,2.82,2.795,2.815,81119,2020-10-15 17:35:00,AMC
2.815,2.83,2.81,2.82,51044,2020-10-15 17:40:00,AMC
2.8297,2.83,2.81,2.815,45007,2020-10-15 17:45:00,AMC
2.818,2.82,2.8,2.805,165985,2020-10-15 17:50:00,AMC
2.805,2.81,2.8,2.81,105321,2020-10-15 17:55:00,AMC
2.8045,2.81,2.8,2.805,45800,2020-10-15 18:00:00,AMC
2.805,2.815,2.8,2.8087,153743,2020-10-15 18:05:00,AMC
2.809,2.81,2.8,2.805,69131,2020-10-15 18:10:00,AMC
2.81,2.81,2.79,2.7966,162673,2020-10-15 18:15:00,AMC
2.795,2.81,2.79,2.805,59503,2020-10-15 18:20:00,AMC
2.805,2.81,2.8,2.805,64626,2020-10-15 18:25:00,AMC
2.805,2.81,2.8,2.81,33915,2020-10-15 18:30:00,AMC
2.81,2.81,2.8,2.81,47958,2020-10-15 18:35:00,AMC
2.8,2.81,2.8,2.805,47386,2020-10-15 18:40:00,AMC
2.805,2.81,2.8,2.8087,44738,2020-10-15 18:45:00,AMC
2.805,2.81,2.8,2.81,17278,2020-10-15 18:50:00,AMC
2.805,2.81,2.8,2.81,54299,2020-10-15 18:55:00,AMC
2.8099,2.84,2.8,2.835,147708,2020-10-15 19:00:00,AMC
2.835,2.85,2.832,2.85,63064,2020-10-15 19:05:00,AMC
2.8462,2.87,2.8401,2.865,178749,2020-10-15 19:10:00,AMC
2.87,2.87,2.83,2.8358,196600,2020-10-15 19:15:00,AMC
2.8399,2.84,2.83,2.835,41750,2020-10-15 19:20:00,AMC
2.84,2.85,2.83,2.839,113604,2020-10-15 19:25:00,AMC
2.84,2.84,2.81,2.815,130230,2020-10-15 19:30:00,AMC
2.815,2.83,2.81,2.825,79084,2020-10-15 19:35:00,AMC
2.825,2.83,2.82,2.83,51641,2020-10-15 19:40:00,AMC
2.825,2.83,2.82,2.825,140882,2020-10-15 19:45:00,AMC
2.825,2.83,2.8,2.815,338488,2020-10-15 19:50:00,AMC
2.815,2.8181,2.76,2.775,892668,2020-10-15 19:55:00,AMC
2.78,2.79,2.78,2.7898,38136,2020-10-15 20:00:00,AMC
2.79,2.8,2.79,2.8,2792,2020-10-15 20:05:00,AMC
2.8,2.8,2.79,2.8,5159,2020-10-15 20:10:00,AMC
2.8,2.8,2.79,2.8,596,2020-10-15 20:15:00,AMC
2.8,2.8,2.78,2.78,1425,2020-10-15 20:20:00,AMC
2.7898,2.7998,2.78,2.7998,4416,2020-10-15 20:25:00,AMC
2.79,2.79,2.78,2.785,1828,2020-10-15 20:30:00,AMC
2.79,2.79,2.785,2.7898,1013,2020-10-15 20:35:00,AMC
2.7898,2.79,2.7898,2.79,387,2020-10-15 20:40:00,AMC
2.7898,2.7898,2.7898,2.7898,3100,2020-10-15 20:45:00,AMC
2.79,2.79,2.79,2.79,2170,2020-10-15 20:50:00,AMC
2.79,2.8,2.79,2.79,8118,2020-10-15 20:55:00,AMC
2.79,2.79,2.79,2.79,400,2020-10-15 21:00:00,AMC
2.79,2.8,2.79,2.8,301,2020-10-15 21:05:00,AMC
2.8,2.8,2.7998,2.7998,800,2020-10-15 21:10:00,AMC
2.8,2.8,2.7898,2.79,2351,2020-10-15 21:15:00,AMC
2.79,2.8,2.79,2.8,861,2020-10-15 21:20:00,AMC
2.8,2.8,2.78,2.7998,4206,2020-10-15 21:25:00,AMC
2.8,2.81,2.8,2.8,650,2020-10-15 21:30:00,AMC
2.8,2.8,2.79,2.79,4088,2020-10-15 21:35:00,AMC
2.79,2.8,2.79,2.8,10622,2020-10-15 21:40:00,AMC
2.79,2.8,2.79,2.8,5100,2020-10-15 21:45:00,AMC
2.8,2.8,2.79,2.79,2200,2020-10-15 21:50:00,AMC
2.8,2.8,2.8,2.8,8834,2020-10-15 21:55:00,AMC
2.81,2.81,2.81,2.81,100,2020-10-15 22:00:00,AMC
2.81,2.81,2.81,2.81,1100,2020-10-15 22:05:00,AMC
2.81,2.81,2.81,2.81,1093,2020-10-15 22:10:00,AMC
2.81,2.81,2.81,2.81,100,2020-10-15 22:15:00,AMC
2.81,2.81,2.8099,2.8099,4854,2020-10-15 22:20:00,AMC
2.81,2.81,2.81,2.81,100,2020-10-15 22:25:00,AMC
2.8,2.81,2.8,2.8,3500,2020-10-15 22:30:00,AMC
2.79,2.81,2.78,2.78,11887,2020-10-15 22:40:00,AMC
2.8,2.8,2.8,2.8,1684,2020-10-15 22:45:00,AMC
2.79,2.81,2.79,2.81,7894,2020-10-15 23:00:00,AMC
2.81,2.82,2.81,2.82,2217,2020-10-15 23:05:00,AMC
2.83,2.83,2.8,2.8,2609,2020-10-15 23:10:00,AMC
2.79,2.8,2.79,2.8,1125,2020-10-15 23:15:00,AMC
2.8,2.8,2.8,2.8,1175,2020-10-15 23:20:00,AMC
2.83,2.83,2.83,2.83,991,2020-10-15 23:30:00,AMC
2.83,2.83,2.8,2.8,6400,2020-10-15 23:35:00,AMC
2.7999,2.7999,2.795,2.795,1114,2020-10-15 23:40:00,AMC
2.8,2.8,2.8,2.8,2392,2020-10-15 23:45:00,AMC
2.81,2.81,2.81,2.81,200,2020-10-15 23:50:00,AMC
2.81,2.81,2.81,2.81,1658,2020-10-15 23:55:00,AMC
2.7,2.75,2.7,2.72,1876,2020-10-16 08:00:00,AMC
2.88,2.88,2.88,2.88,891,2020-10-16 08:55:00,AMC
2.88,2.88,2.88,2.88,200,2020-10-16 09:10:00,AMC
2.88,2.88,2.88,2.88,219,2020-10-16 09:35:00,AMC
2.88,2.88,2.82,2.82,850,2020-10-16 10:05:00,AMC
2.82,2.82,2.82,2.82,101,2020-10-16 10:55:00,AMC
2.87,2.89,2.84,2.84,2217,2020-10-16 11:00:00,AMC
2.84,2.84,2.84,2.84,200,2020-10-16 11:05:00,AMC
2.84,2.84,2.82,2.82,684,2020-10-16 11:20:00,AMC
2.82,2.83,2.8,2.83,4864,2020-10-16 11:25:00,AMC
2.83,2.83,2.83,2.83,8149,2020-10-16 11:30:00,AMC
2.84,2.85,2.84,2.85,297,2020-10-16 11:35:00,AMC
2.86,2.86,2.86,2.86,100,2020-10-16 11:40:00,AMC
2.84,2.84,2.84,2.84,100,2020-10-16 11:45:00,AMC
2.85,2.86,2.85,2.86,4851,2020-10-16 11:55:00,AMC
2.85,2.85,2.83,2.83,7375,2020-10-16 12:00:00,AMC
2.84,2.85,2.84,2.85,23702,2020-10-16 12:05:00,AMC
2.86,2.86,2.85,2.86,2680,2020-10-16 12:10:00,AMC
2.87,2.87,2.86,2.86,1820,2020-10-16 12:15:00,AMC
2.86,2.86,2.83,2.85,31269,2020-10-16 12:20:00,AMC
2.84,2.85,2.83,2.85,899,2020-10-16 12:25:00,AMC
2.85,2.87,2.85,2.86,2200,2020-10-16 12:30:00,AMC
2.84,2.84,2.83,2.83,8345,2020-10-16 12:35:00,AMC
2.8301,2.84,2.8301,2.84,2100,2020-10-16 12:40:00,AMC
2.85,2.85,2.84,2.8401,1235,2020-10-16 12:45:00,AMC
2.85,2.85,2.85,2.85,27400,2020-10-16 12:50:00,AMC
2.85,2.85,2.84,2.8499,10582,2020-10-16 12:55:00,AMC
2.85,2.85,2.84,2.84,7187,2020-10-16 13:00:00,AMC
2.83,2.84,2.83,2.84,10440,2020-10-16 13:05:00,AMC
2.84,2.85,2.84,2.85,7660,2020-10-16 13:10:00,AMC
2.8401,2.87,2.84,2.87,17164,2020-10-16 13:15:00,AMC
2.86,2.86,2.86,2.86,366,2020-10-16 13:20:00,AMC
2.87,2.87,2.86,2.87,13165,2020-10-16 13:25:00,AMC
2.87,2.9,2.8,2.835,432369,2020-10-16 13:30:00,AMC
2.835,2.84,2.8,2.8234,166846,2020-10-16 13:35:00,AMC
2.8298,2.85,2.815,2.83,137892,2020-10-16 13:40:00,AMC
2.83,2.87,2.8299,2.8482,108444,2020-10-16 13:45:00,AMC
2.84,2.86,2.84,2.85,82139,2020-10-16 13:50:00,AMC
2.845,2.89,2.84,2.89,197663,2020-10-16 13:55:00,AMC
2.885,2.9,2.87,2.8742,148520,2020-10-16 14:00:00,AMC
2.875,2.89,2.87,2.89,120057,2020-10-16 14:05:00,AMC
2.89,2.94,2.8815,2.94,249953,2020-10-16 14:10:00,AMC
2.935,3.08,2.93,2.9876,1048516,2020-10-16 14:15:00,AMC
2.9899,3.04,2.92,2.925,571020,2020-10-16 14:20:00,AMC
2.925,2.99,2.9213,2.9893,295628,2020-10-16 14:25:00,AMC
2.984,2.99,2.89,2.9001,443943,2020-10-16 14:30:00,AMC
2.91,2.95,2.9099,2.95,161816,2020-10-16 14:35:00,AMC
2.95,2.97,2.93,2.9516,175459,2020-10-16 14:40:00,AMC
2.96,3.01,2.9516,2.98,390103,2020-10-16 14:45:00,AMC
2.975,3.0,2.97,3.0,115531,2020-10-16 14:50:00,AMC
2.995,3.02,2.99,3.005,267139,2020-10-16 14:55:00,AMC
3.0044,3.05,3.0,3.05,294679,2020-10-16 15:00:00,AMC
3.05,3.15,3.042,3.15,1157303,2020-10-16 15:05:00,AMC
3.145,3.215,3.11,3.135,737009,2020-10-16 15:10:00,AMC
3.1387,3.16,3.12,3.1515,349868,2020-10-16 15:15:00,AMC
3.16,3.24,3.15,3.19,482191,2020-10-16 15:20:00,AMC
3.1802,3.27,3.165,3.2599,591391,2020-10-16 15:25:00,AMC
3.255,3.29,3.22,3.275,565546,2020-10-16 15:30:00,AMC
3.28,3.28,3.18,3.1922,547196,2020-10-16 15:35:00,AMC
3.1934,3.2,3.16,3.18,278685,2020-10-16 15:40:00,AMC
3.1739,3.195,3.16,3.16,139652,2020-10-16 15:45:00,AMC
3.1648,3.19,3.15,3.15,274463,2020-10-16 15:50:00,AMC
3.155,3.17,3.15,3.15,118753,2020-10-16 15:55:00,AMC
3.1544,3.1559,3.08,3.105,423543,2020-10-16 16:00:00,AMC
3.11,3.11,3.08,3.1,210381,2020-10-16 16:05:00,AMC
3.095,3.11,3.09,3.1,139020,2020-10-16 16:10:00,AMC
3.1,3.11,3.04,3.0499,263364,2020-10-16 16:15:00,AMC
3.0412,3.1,3.02,3.09,393922,2020-10-16 16:20:00,AMC
3.099,3.16,3.08,3.09,308517,2020-10-16 16:25:00,AMC
3.0899,3.13,3.08,3.0953,225864,2020-10-16 16:30:00,AMC
3.1,3.1,3.09,3.0998,53650,2020-10-16 16:35:00,AMC
3.1,3.1,3.06,3.065,123044,2020-10-16 16:40:00,AMC
3.0602,3.1,3.0602,3.0899,79945,2020-10-16 16:45:00,AMC
3.0884,3.12,3.08,3.09,56084,2020-10-16 16:50:00,AMC
3.0971,3.12,3.078,3.11,106459,2020-10-16 16:55:00,AMC
3.101,3.1198,3.09,3.09,87972,2020-10-16 17:00:00,AMC
3.095,3.1038,3.09,3.1038,74734,2020-10-16 17:05:00,AMC
3.11,3.1146,3.09,3.0974,81659,2020-10-16 17:10:00,AMC
3.1,3.11,3.08,3.08,61868,2020-10-16 17:15:00,AMC
3.088,3.09,3.05,3.0599,104983,2020-10-16 17:20:00,AMC
3.0501,3.08,3.01,3.0266,237045,2020-10-16 17:25:00,AMC
3.02,3.04,3.02,3.0387,77933,2020-10-16 17:30:00,AMC
3.04,3.04,3.0,3.0,187433,2020-10-16 17:35:00,AMC
3.0088,3.03,2.98,3.02,184022,2020-10-16 17:40:00,AMC
3.02,3.05,3.013,3.03,147760,2020-10-16 17:45:00,AMC
3.0387,3.04,3.03,3.04,66047,2020-10-16 17:50:00,AMC
3.04,3.04,3.03,3.0313,47003,2020-10-16 17:55:00,AMC
3.04,3.07,3.035,3.055,86029,2020-10-16 18:00:00,AMC
3.06,3.08,3.03,3.03,100183,2020-10-16 18:05:00,AMC
3.04,3.07,3.03,3.0634,52565,2020-10-16 18:10:00,AMC
3.065,3.07,3.04,3.0499,57273,2020-10-16 18:15:00,AMC
3.04,3.0682,3.01,3.0682,136251,2020-10-16 18:20:00,AMC
3.0698,3.08,3.0401,3.0401,109202,2020-10-16 18:25:00,AMC
3.0488,3.06,3.04,3.04,43118,2020-10-16 18:30:00,AMC
3.045,3.09,3.04,3.087,72473,2020-10-16 18:35:00,AMC
3.09,3.09,3.05,3.08,38150,2020-10-16 18:40:00,AMC
3.075,3.09,3.0701,3.0888,76473,2020-10-16 18:45:00,AMC
3.0899,3.11,3.06,3.085,199119,2020-10-16 18:50:00,AMC
3.08,3.11,3.06,3.105,283981,2020-10-16 18:55:00,AMC
3.105,3.11,3.065,3.08,241159,2020-10-16 19:00:00,AMC
3.07,3.095,3.07,3.0787,31911,2020-10-16 19:05:00,AMC
3.0713,3.1,3.06,3.0999,88984,2020-10-16 19:10:00,AMC
3.096,3.1,3.04,3.065,167483,2020-10-16 19:15:00,AMC
3.0612,3.09,3.0612,3.0888,102748,2020-10-16 19:20:00,AMC
3.09,3.12,3.08,3.105,79735,2020-10-16 19:25:00,AMC
3.1,3.105,3.06,3.07,198070,2020-10-16 19:30:00,AMC
3.065,3.08,3.035,3.055,172047,2020-10-16 19:35:00,AMC
3.055,3.06,3.04,3.0599,124468,2020-10-16 19:40:00,AMC
3.06,3.06,3.03,3.035,231456,2020-10-16 19:45:00,AMC
3.035,3.05,3.0,3.015,422807,2020-10-16 19:50:00,AMC
3.015,3.05,3.0101,3.03,209517,2020-10-16 19:55:00,AMC
3.04,3.04,3.0,3.0,71263,2020-10-16 20:00:00,AMC
3.0098,3.01,3.0098,3.01,12650,2020-10-16 20:05:00,AMC
3.0002,3.01,3.0,3.0,915,2020-10-16 20:10:00,AMC
3.03,3.03,3.0002,3.03,1614,2020-10-16 20:20:00,AMC
3.0298,3.0298,3.01,3.01,600,2020-10-16 20:25:00,AMC
3.01,3.02,3.01,3.02,3484,2020-10-16 20:30:00,AMC
3.0198,3.0198,3.0,3.0,8360,2020-10-16 20:35:00,AMC
3.0,3.0,3.0,3.0,123,2020-10-16 20:40:00,AMC
3.0198,3.02,3.0198,3.0198,15699,2020-10-16 20:45:00,AMC
3.0198,3.0198,3.0198,3.0198,200,2020-10-16 20:50:00,AMC
3.01,3.01,3.01,3.01,1265,2020-10-16 20:55:00,AMC
3.0,3.01,3.0,3.0,2516,2020-10-16 21:00:00,AMC
3.01,3.01,3.01,3.01,1600,2020-10-16 21:05:00,AMC
3.03,3.03,3.03,3.03,100,2020-10-16 21:15:00,AMC
3.0298,3.03,3.0298,3.03,1100,2020-10-16 21:20:00,AMC
3.0298,3.03,3.0298,3.03,1290,2020-10-16 21:25:00,AMC
3.02,3.03,3.02,3.03,813,2020-10-16 21:30:00,AMC
3.03,3.03,3.02,3.02,1293,2020-10-16 21:35:00,AMC
3.01,3.02,3.01,3.02,794,2020-10-16 21:40:00,AMC
3.02,3.03,3.02,3.02,804,2020-10-16 21:45:00,AMC
3.03,3.03,3.03,3.03,143,2020-10-16 21:50:00,AMC
3.02,3.02,3.02,3.02,1440,2020-10-16 21:55:00,AMC
3.01,3.01,3.01,3.01,120,2020-10-16 22:10:00,AMC
3.03,3.03,3.03,3.03,100,2020-10-16 22:15:00,AMC
3.02,3.02,3.02,3.02,670,2020-10-16 22:30:00,AMC
3.03,3.03,3.03,3.03,416,2020-10-16 22:50:00,AMC
3.03,3.03,3.02,3.03,1400,2020-10-16 22:55:00,AMC
3.03,3.03,3.03,3.03,1956,2020-10-16 23:00:00,AMC
3.02,3.02,3.02,3.02,750,2020-10-16 23:05:00,AMC
3.02,3.02,3.02,3.02,1460,2020-10-16 23:15:00,AMC
3.02,3.02,3.01,3.01,1856,2020-10-16 23:20:00,AMC
3.01,3.01,3.01,3.01,1380,2020-10-16 23:25:00,AMC
3.0101,3.02,3.0101,3.02,2029,2020-10-16 23:35:00,AMC
3.03,3.03,3.03,3.03,374,2020-10-16 23:40:00,AMC
3.04,3.04,3.04,3.04,921,2020-10-16 23:45:00,AMC
3.04,3.04,3.03,3.03,280,2020-10-16 23:50:00,AMC
3.03,3.04,3.03,3.04,3100,2020-10-16 23:55:00,AMC
3.04,3.04,3.04,3.04,859,2020-10-19 08:00:00,AMC
2.94,2.94,2.94,2.94,165,2020-10-19 08:20:00,AMC
2.93,2.93,2.93,2.93,133,2020-10-19 08:25:00,AMC
3.04,3.04,3.04,3.04,2290,2020-10-19 08:30:00,AMC
3.04,3.04,3.04,3.04,5995,2020-10-19 08:45:00,AMC
3.0,3.0,3.0,3.0,100,2020-10-19 09:30:00,AMC
3.0,3.0,3.0,3.0,100,2020-10-19 09:40:00,AMC
3.03,3.03,3.03,3.03,270,2020-10-19 09:55:00,AMC
3.03,3.03,3.03,3.03,100,2020-10-19 10:15:00,AMC
3.05,3.12,3.04,3.04,15694,2020-10-19 11:00:00,AMC
3.06,3.06,3.03,3.03,2449,2020-10-19 11:05:00,AMC
3.04,3.04,3.03,3.03,1169,2020-10-19 11:10:00,AMC
3.05,3.05,3.03,3.04,300,2020-10-19 11:15:00,AMC
3.06,3.06,3.06,3.06,100,2020-10-19 11:20:00,AMC
3.08,3.31,3.08,3.21,73005,2020-10-19 11:30:00,AMC
3.22,3.22,3.14,3.14,32209,2020-10-19 11:35:00,AMC
3.17,3.17,3.1,3.13,5023,2020-10-19 11:40:00,AMC
3.11,3.13,3.11,3.12,2699,2020-10-19 11:45:00,AMC
3.15,3.17,3.14,3.17,6040,2020-10-19 11:50:00,AMC
3.18,3.25,3.17,3.25,25614,2020-10-19 11:55:00,AMC
3.251,3.29,3.19,3.21,22627,2020-10-19 12:00:00,AMC
3.21,3.21,3.19,3.2,9492,2020-10-19 12:05:00,AMC
3.2,3.24,3.2,3.23,24995,2020-10-19 12:10:00,AMC
3.23,3.23,3.2,3.22,21062,2020-10-19 12:15:00,AMC
3.23,3.26,3.21,3.26,39251,2020-10-19 12:20:00,AMC
3.25,3.4,3.24,3.4,89654,2020-10-19 12:25:00,AMC
3.37,3.39,3.26,3.27,46608,2020-10-19 12:30:00,AMC
3.27,3.33,3.27,3.28,42127,2020-10-19 12:35:00,AMC
3.29,3.32,3.28,3.32,20590,2020-10-19 12:40:00,AMC
3.3,3.3,3.27,3.28,28407,2020-10-19 12:45:00,AMC
3.3,3.3,3.24,3.28,30542,2020-10-19 12:50:00,AMC
3.29,3.29,3.27,3.29,12448,2020-10-19 12:55:00,AMC
3.28,3.29,3.26,3.26,27366,2020-10-19 13:00:00,AMC
3.26,3.26,3.2202,3.25,37689,2020-10-19 13:05:00,AMC
3.2548,3.32,3.24,3.3,46486,2020-10-19 13:10:00,AMC
3.3,3.31,3.29,3.3,16473,2020-10-19 13:15:00,AMC
3.3,3.3,3.29,3.3,23069,2020-10-19 13:20:00,AMC
3.31,3.33,3.29,3.33,70882,2020-10-19 13:25:00,AMC
3.31,3.33,3.23,3.315,1291319,2020-10-19 13:30:00,AMC
3.315,3.47,3.3014,3.4688,1756381,2020-10-19 13:35:00,AMC
3.465,3.4799,3.34,3.4038,979190,2020-10-19 13:40:00,AMC
3.4099,3.54,3.38,3.425,1478314,2020-10-19 13:45:00,AMC
3.43,3.58,3.42,3.5781,1061670,2020-10-19 13:50:00,AMC
3.577,3.62,3.54,3.5566,1296847,2020-10-19 13:55:00,AMC
3.5534,3.58,3.51,3.545,781412,2020-10-19 14:00:00,AMC
3.54,3.54,3.46,3.5364,791684,2020-10-19 14:05:00,AMC
3.531,3.55,3.49,3.525,467477,2020-10-19 14:10:00,AMC
3.52,3.65,3.52,3.625,1685325,2020-10-19 14:15:00,AMC
3.6253,3.75,3.61,3.69,1568998,2020-10-19 14:20:00,AMC
3.68,3.78,3.68,3.77,1505003,2020-10-19 14:25:00,AMC
3.7635,3.88,3.76,3.765,2021388,2020-10-19 14:30:00,AMC
3.7601,3.81,3.68,3.795,1479928,2020-10-19 14:35:00,AMC
3.8,3.83,3.74,3.745,919768,2020-10-19 14:40:00,AMC
3.7421,3.7421,3.66,3.69,1121555,2020-10-19 14:45:00,AMC
3.695,3.79,3.6801,3.785,526953,2020-10-19 14:50:00,AMC
3.783,3.8,3.73,3.79,755649,2020-10-19 14:55:00,AMC
3.8,3.83,3.77,3.79,884678,2020-10-19 15:00:00,AMC
3.7896,3.7896,3.71,3.725,498940,2020-10-19 15:05:00,AMC
3.725,3.78,3.72,3.745,287268,2020-10-19 15:10:00,AMC
3.745,3.77,3.66,3.705,597168,2020-10-19 15:15:00,AMC
3.6965,3.6998,3.55,3.605,978566,2020-10-19 15:20:00,AMC
3.605,3.68,3.6,3.6501,436692,2020-10-19 15:25:00,AMC
3.655,3.67,3.56,3.5665,547844,2020-10-19 15:30:00,AMC
3.57,3.64,3.56,3.61,372505,2020-10-19 15:35:00,AMC
3.61,3.69,3.6,3.6762,475482,2020-10-19 15:40:00,AMC
3.6799,3.735,3.65,3.72,460818,2020-10-19 15:45:00,AMC
3.7213,3.73,3.66,3.6988,448137,2020-10-19 15:50:00,AMC
3.6908,3.71,3.66,3.6782,229856,2020-10-19 15:55:00,AMC
3.6701,3.68,3.63,3.64,286185,2020-10-19 16:00:00,AMC
3.65,3.68,3.61,3.6698,349979,2020-10-19 16:05:00,AMC
3.6673,3.69,3.6,3.62,337025,2020-10-19 16:10:00,AMC
3.6188,3.65,3.61,3.625,245578,2020-10-19 16:15:00,AMC
3.622,3.6888,3.622,3.66,180014,2020-10-19 16:20:00,AMC
3.6694,3.7,3.65,3.6563,249691,2020-10-19 16:25:00,AMC
3.66,3.68,3.63,3.6488,136370,2020-10-19 16:30:00,AMC
3.65,3.67,3.6401,3.6513,73326,2020-10-19 16:35:00,AMC
3.6513,3.7,3.64,3.685,163625,2020-10-19 16:40:00,AMC
3.6888,3.73,3.6801,3.705,326645,2020-10-19 16:45:00,AMC
3.7063,3.74,3.685,3.714,313919,2020-10-19 16:50:00,AMC
3.7181,3.73,3.68,3.6813,266958,2020-10-19 16:55:00,AMC
3.685,3.69,3.62,3.6507,412425,2020-10-19 17:00:00,AMC
3.65,3.71,3.65,3.7,186806,2020-10-19 17:05:00,AMC
3.6988,3.72,3.67,3.68,208590,2020-10-19 17:10:00,AMC
3.6899,3.6899,3.65,3.6819,163609,2020-10-19 17:15:00,AMC
3.6863,3.71,3.67,3.68,245367,2020-10-19 17:20:00,AMC
3.6788,3.69,3.67,3.67,49776,2020-10-19 17:25:00,AMC
3.675,3.68,3.63,3.65,137793,2020-10-19 17:30:00,AMC
3.66,3.67,3.64,3.655,116108,2020-10-19 17:35:00,AMC
3.6588,3.66,3.61,3.61,164501,2020-10-19 17:40:00,AMC
3.6113,3.655,3.61,3.6201,163905,2020-10-19 17:45:00,AMC
3.624,3.64,3.615,3.62,87449,2020-10-19 17:50:00,AMC
3.6288,3.66,3.62,3.6534,103079,2020-10-19 17:55:00,AMC
3.6588,3.66,3.63,3.6399,113028,2020-10-19 18:00:00,AMC
3.64,3.65,3.63,3.64,91513,2020-10-19 18:05:00,AMC
3.6353,3.64,3.6213,3.6399,36981,2020-10-19 18:10:00,AMC
3.6307,3.64,3.6,3.6213,169370,2020-10-19 18:15:00,AMC
3.6288,3.63,3.6,3.61,127614,2020-10-19 18:20:00,AMC
3.6064,3.61,3.565,3.5813,419698,2020-10-19 18:25:00,AMC
3.5888,3.59,3.51,3.51,406485,2020-10-19 18:30:00,AMC
3.515,3.5388,3.5,3.5,357144,2020-10-19 18:35:00,AMC
3.505,3.54,3.5,3.51,153212,2020-10-19 18:40:00,AMC
3.5099,3.51,3.5,3.5,127374,2020-10-19 18:45:00,AMC
3.5037,3.5294,3.5,3.52,257586,2020-10-19 18:50:00,AMC
3.5289,3.53,3.5,3.5,293897,2020-10-19 18:55:00,AMC
3.5001,3.5022,3.41,3.445,500216,2020-10-19 19:00:00,AMC
3.4499,3.5,3.444,3.4978,127361,2020-10-19 19:05:00,AMC
3.495,3.54,3.49,3.5372,145890,2020-10-19 19:10:00,AMC
3.535,3.55,3.52,3.528,138007,2020-10-19 19:15:00,AMC
3.52,3.58,3.51,3.57,205578,2020-10-19 19:20:00,AMC
3.561,3.57,3.52,3.5478,231611,2020-10-19 19:25:00,AMC
3.5488,3.55,3.5,3.505,240764,2020-10-19 19:30:00,AMC
3.505,3.5094,3.48,3.5,199905,2020-10-19 19:35:00,AMC
3.495,3.53,3.4946,3.508,237611,2020-10-19 19:40:00,AMC
3.505,3.53,3.5,3.5289,115490,2020-10-19 19:45:00,AMC
3.5288,3.6,3.52,3.575,420159,2020-10-19 19:50:00,AMC
3.5788,3.59,3.5301,3.54,364209,2020-10-19 19:55:00,AMC
3.54,3.57,3.52,3.56,55708,2020-10-19 20:00:00,AMC
3.5602,3.57,3.56,3.57,2711,2020-10-19 20:05:00,AMC
3.59,3.59,3.59,3.59,692,2020-10-19 20:10:00,AMC
3.59,3.59,3.53,3.53,18887,2020-10-19 20:15:00,AMC
3.5302,3.55,3.5302,3.54,4063,2020-10-19 20:20:00,AMC
3.54,3.55,3.5398,3.54,3877,2020-10-19 20:25:00,AMC
3.53,3.5402,3.53,3.5402,8789,2020-10-19 20:30:00,AMC
3.55,3.55,3.54,3.54,365,2020-10-19 20:35:00,AMC
3.54,3.54,3.54,3.54,3848,2020-10-19 20:40:00,AMC
3.5498,3.5799,3.5498,3.5799,8083,2020-10-19 20:45:00,AMC
3.57,3.58,3.57,3.58,866,2020-10-19 20:50:00,AMC
3.57,3.59,3.57,3.57,11650,2020-10-19 20:55:00,AMC
3.57,3.57,3.56,3.56,4500,2020-10-19 21:00:00,AMC
3.5599,3.57,3.54,3.57,6883,2020-10-19 21:05:00,AMC
3.55,3.55,3.53,3.53,494,2020-10-19 21:10:00,AMC
3.54,3.54,3.49,3.49,17917,2020-10-19 21:15:00,AMC
3.49,3.49,3.48,3.49,2269,2020-10-19 21:20:00,AMC
3.52,3.53,3.5,3.53,1273,2020-10-19 21:25:00,AMC
3.53,3.57,3.52,3.57,4234,2020-10-19 21:30:00,AMC
3.57,3.57,3.54,3.57,7900,2020-10-19 21:35:00,AMC
3.57,3.57,3.57,3.57,2190,2020-10-19 21:40:00,AMC
3.57,3.57,3.57,3.57,1254,2020-10-19 21:45:00,AMC
3.57,3.57,3.57,3.57,3250,2020-10-19 21:50:00,AMC
3.57,3.57,3.56,3.56,3126,2020-10-19 21:55:00,AMC
3.54,3.54,3.53,3.53,9275,2020-10-19 22:00:00,AMC
3.58,3.58,3.58,3.58,209,2020-10-19 22:05:00,AMC
3.57,3.57,3.57,3.57,940,2020-10-19 22:10:00,AMC
3.57,3.57,3.57,3.57,300,2020-10-19 22:25:00,AMC
3.57,3.57,3.55,3.57,7326,2020-10-19 22:30:00,AMC
3.5699,3.5699,3.54,3.54,1485,2020-10-19 22:35:00,AMC
3.57,3.57,3.57,3.57,100,2020-10-19 22:40:00,AMC
3.57,3.57,3.57,3.57,3065,2020-10-19 22:45:00,AMC
3.57,3.58,3.57,3.58,1100,2020-10-19 22:50:00,AMC
3.58,3.58,3.58,3.58,400,2020-10-19 23:10:00,AMC
3.57,3.58,3.57,3.58,4797,2020-10-19 23:15:00,AMC
3.59,3.59,3.58,3.58,3109,2020-10-19 23:20:00,AMC
3.58,3.59,3.58,3.59,1100,2020-10-19 23:25:00,AMC
3.59,3.59,3.59,3.59,300,2020-10-19 23:30:00,AMC
3.58,3.59,3.58,3.59,2176,2020-10-19 23:35:00,AMC
3.59,3.59,3.58,3.58,1630,2020-10-19 23:40:00,AMC
3.59,3.59,3.58,3.58,2366,2020-10-19 23:45:00,AMC
3.57,3.57,3.5699,3.57,2800,2020-10-19 23:50:00,AMC
3.56,3.58,3.55,3.58,6037,2020-10-19 23:55:00,AMC
3.52,3.52,3.52,3.52,499,2020-10-20 08:05:00,AMC
3.52,3.52,3.52,3.52,420,2020-10-20 08:10:00,AMC
3.61,3.61,3.61,3.61,183,2020-10-20 08:20:00,AMC
3.78,3.78,3.78,3.78,100,2020-10-20 08:35:00,AMC
3.72,3.73,3.72,3.73,2210,2020-10-20 09:00:00,AMC
3.54,3.54,3.54,3.54,350,2020-10-20 09:20:00,AMC
3.55,3.55,3.55,3.55,258,2020-10-20 09:35:00,AMC
3.74,3.74,3.74,3.74,403,2020-10-20 09:50:00,AMC
3.69,3.69,3.69,3.69,100,2020-10-20 10:10:00,AMC
3.55,3.55,3.55,3.55,929,2020-10-20 10:25:00,AMC
3.65,3.65,3.65,3.65,239,2020-10-20 10:30:00,AMC
3.55,3.6,3.3,3.31,15639,2020-10-20 10:45:00,AMC
3.36,3.7,3.34,3.5,22165,2020-10-20 10:50:00,AMC
3.47,3.55,3.47,3.5,1165,2020-10-20 10:55:00,AMC
3.54,3.66,3.45,3.6,16632,2020-10-20 11:00:00,AMC
3.6,3.6,3.5,3.5,4809,2020-10-20 11:05:00,AMC
3.48,3.49,3.36,3.41,22745,2020-10-20 11:10:00,AMC
3.44,3.45,3.44,3.44,4165,2020-10-20 11:15:00,AMC
3.47,3.47,3.44,3.46,2250,2020-10-20 11:20:00,AMC
3.43,3.43,3.38,3.38,6915,2020-10-20 11:25:00,AMC
3.39,3.4,3.33,3.33,14035,2020-10-20 11:30:00,AMC
3.33,3.33,3.23,3.23,55725,2020-10-20 11:35:00,AMC
3.23,3.35,3.21,3.35,20775,2020-10-20 11:40:00,AMC
3.34,3.35,3.27,3.27,11158,2020-10-20 11:45:00,AMC
3.25,3.32,3.25,3.29,5614,2020-10-20 11:50:00,AMC
3.26,3.26,3.13,3.1599,30961,2020-10-20 11:55:00,AMC
3.15,3.35,3.15,3.34,43066,2020-10-20 12:00:00,AMC
3.35,3.39,3.33,3.3498,31216,2020-10-20 12:05:00,AMC
3.35,3.42,3.33,3.33,16801,2020-10-20 12:10:00,AMC
3.32,3.36,3.25,3.3,48610,2020-10-20 12:15:00,AMC
3.28,3.3,3.27,3.29,3351,2020-10-20 12:20:00,AMC
3.26,3.26,3.16,3.2,38460,2020-10-20 12:25:00,AMC
3.2101,3.25,3.18,3.18,49952,2020-10-20 12:30:00,AMC
3.1701,3.1701,3.14,3.16,53425,2020-10-20 12:35:00,AMC
3.16,3.2,3.16,3.19,14632,2020-10-20 12:40:00,AMC
3.2,3.2,3.18,3.18,14847,2020-10-20 12:45:00,AMC
3.2,3.2,3.19,3.1998,11804,2020-10-20 12:50:00,AMC
3.19,3.2,3.18,3.19,27698,2020-10-20 12:55:00,AMC
3.19,3.2,3.17,3.17,29237,2020-10-20 13:00:00,AMC
3.1701,3.18,3.17,3.1701,21581,2020-10-20 13:05:00,AMC
3.17,3.2,3.17,3.2,17985,2020-10-20 13:10:00,AMC
3.19,3.2,3.17,3.19,11009,2020-10-20 13:15:00,AMC
3.2,3.2,3.18,3.18,19738,2020-10-20 13:20:00,AMC
3.19,3.3,3.19,3.29,59886,2020-10-20 13:25:00,AMC
3.3,3.31,3.12,3.1201,1284127,2020-10-20 13:30:00,AMC
3.13,3.19,3.13,3.1782,600341,2020-10-20 13:35:00,AMC
3.18,3.28,3.1751,3.25,577396,2020-10-20 13:40:00,AMC
3.255,3.28,3.2,3.203,272887,2020-10-20 13:45:00,AMC
3.206,3.2224,3.2,3.22,367562,2020-10-20 13:50:00,AMC
3.215,3.22,3.2,3.205,335945,2020-10-20 13:55:00,AMC
3.2079,3.21,3.18,3.1888,247213,2020-10-20 14:00:00,AMC
3.1898,3.2,3.15,3.1951,461981,2020-10-20 14:05:00,AMC
3.2099,3.21,3.17,3.175,191757,2020-10-20 14:10:00,AMC
3.1791,3.18,3.1387,3.139,364356,2020-10-20 14:15:00,AMC
3.1301,3.15,3.12,3.1313,303848,2020-10-20 14:20:00,AMC
3.135,3.14,3.1,3.1012,503129,2020-10-20 14:25:00,AMC
3.1012,3.12,3.1,3.1186,328003,2020-10-20 14:30:00,AMC
3.115,3.1685,3.1,3.1653,234989,2020-10-20 14:35:00,AMC
3.1616,3.1698,3.13,3.135,273934,2020-10-20 14:40:00,AMC
3.1399,3.14,3.08,3.08,325949,2020-10-20 14:45:00,AMC
3.0899,3.09,3.06,3.08,337136,2020-10-20 14:50:00,AMC
3.075,3.09,3.07,3.075,189248,2020-10-20 14:55:00,AMC
3.075,3.08,3.06,3.065,140113,2020-10-20 15:00:00,AMC
3.065,3.089,3.06,3.085,145721,2020-10-20 15:05:00,AMC
3.09,3.1,3.08,3.095,128203,2020-10-20 15:10:00,AMC
3.1,3.15,3.09,3.125,252445,2020-10-20 15:15:00,AMC
3.12,3.155,3.12,3.1488,140019,2020-10-20 15:20:00,AMC
3.145,3.145,3.1109,3.1109,113893,2020-10-20 15:25:00,AMC
3.1146,3.12,3.11,3.1199,56559,2020-10-20 15:30:00,AMC
3.11,3.13,3.1,3.125,110117,2020-10-20 15:35:00,AMC
3.1288,3.13,3.11,3.115,63158,2020-10-20 15:40:00,AMC
3.1139,3.12,3.1,3.1011,57415,2020-10-20 15:45:00,AMC
3.11,3.11,3.1,3.1012,66581,2020-10-20 15:50:00,AMC
3.108,3.15,3.1,3.1484,186727,2020-10-20 15:55:00,AMC
3.1488,3.19,3.1444,3.185,240253,2020-10-20 16:00:00,AMC
3.18,3.195,3.1501,3.16,155933,2020-10-20 16:05:00,AMC
3.1567,3.19,3.1501,3.1886,144047,2020-10-20 16:10:00,AMC
3.185,3.19,3.17,3.1849,135376,2020-10-20 16:15:00,AMC
3.185,3.2,3.17,3.1901,85186,2020-10-20 16:20:00,AMC
3.19,3.2,3.185,3.195,115987,2020-10-20 16:25:00,AMC
3.1913,3.22,3.19,3.215,90910,2020-10-20 16:30:00,AMC
3.215,3.22,3.17,3.17,193926,2020-10-20 16:35:00,AMC
3.1701,3.19,3.16,3.16,133146,2020-10-20 16:40:00,AMC
3.16,3.1685,3.11,3.1412,213799,2020-10-20 16:45:00,AMC
3.14,3.16,3.14,3.14,74010,2020-10-20 16:50:00,AMC
3.14,3.15,3.13,3.14,81768,2020-10-20 16:55:00,AMC
3.1488,3.15,3.14,3.145,59089,2020-10-20 17:00:00,AMC
3.143,3.15,3.12,3.12,55378,2020-10-20 17:05:00,AMC
3.1238,3.1399,3.12,3.135,122983,2020-10-20 17:10:00,AMC
3.13,3.1399,3.11,3.11,109449,2020-10-20 17:15:00,AMC
3.1113,3.12,3.11,3.115,38608,2020-10-20 17:20:00,AMC
3.11,3.12,3.11,3.1187,40839,2020-10-20 17:25:00,AMC
3.115,3.13,3.11,3.12,82906,2020-10-20 17:30:00,AMC
3.12,3.13,3.12,3.125,24867,2020-10-20 17:35:00,AMC
3.125,3.13,3.1,3.11,194996,2020-10-20 17:40:00,AMC
3.105,3.11,3.1,3.1098,83428,2020-10-20 17:45:00,AMC
3.1,3.11,3.1,3.1088,64317,2020-10-20 17:50:00,AMC
3.1003,3.11,3.1,3.1088,92561,2020-10-20 17:55:00,AMC
3.105,3.11,3.1,3.1047,42442,2020-10-20 18:00:00,AMC
3.105,3.11,3.1,3.1,47548,2020-10-20 18:05:00,AMC
3.105,3.11,3.1,3.105,123789,2020-10-20 18:10:00,AMC
3.1088,3.109,3.09,3.09,100520,2020-10-20 18:15:00,AMC
3.0976,3.1,3.06,3.0688,174655,2020-10-20 18:20:00,AMC
3.062,3.08,3.05,3.0787,332211,2020-10-20 18:25:00,AMC
3.08,3.09,3.07,3.0797,166233,2020-10-20 18:30:00,AMC
3.075,3.11,3.07,3.095,138730,2020-10-20 18:35:00,AMC
3.095,3.1,3.085,3.1,79467,2020-10-20 18:40:00,AMC
3.0945,3.1,3.07,3.07,83223,2020-10-20 18:45:00,AMC
3.0716,3.09,3.07,3.0768,50645,2020-10-20 18:50:00,AMC
3.0791,3.0893,3.0708,3.0888,73995,2020-10-20 18:55:00,AMC
3.085,3.1,3.08,3.1,69350,2020-10-20 19:00:00,AMC
3.1,3.1,3.06,3.06,97268,2020-10-20 19:05:00,AMC
3.0612,3.07,3.05,3.065,148865,2020-10-20 19:10:00,AMC
3.06,3.08,3.06,3.075,151309,2020-10-20 19:15:00,AMC
3.075,3.0987,3.07,3.095,82482,2020-10-20 19:20:00,AMC
3.0984,3.1,3.08,3.1,65555,2020-10-20 19:25:00,AMC
3.09,3.11,3.09,3.11,228094,2020-10-20 19:30:00,AMC
3.105,3.11,3.09,3.094,90849,2020-10-20 19:35:00,AMC
3.1,3.11,3.09,3.11,137428,2020-10-20 19:40:00,AMC
3.11,3.12,3.1,3.11,165586,2020-10-20 19:45:00,AMC
3.105,3.11,3.1,3.1076,218947,2020-10-20 19:50:00,AMC
3.105,3.11,3.08,3.09,205876,2020-10-20 19:55:00,AMC
3.09,3.1,3.09,3.09,90001,2020-10-20 20:00:00,AMC
3.08,3.08,3.06,3.06,3083,2020-10-20 20:05:00,AMC
3.07,3.07,3.05,3.05,4243,2020-10-20 20:10:00,AMC
3.07,3.08,3.07,3.08,1031,2020-10-20 20:15:00,AMC
3.0898,3.09,3.0898,3.0899,3575,2020-10-20 20:20:00,AMC
3.0898,3.09,3.0898,3.09,5731,2020-10-20 20:25:00,AMC
3.09,3.09,3.09,3.09,2083,2020-10-20 20:30:00,AMC
3.09,3.1,3.09,3.1,2809,2020-10-20 20:35:00,AMC
3.1,3.1,3.1,3.1,450,2020-10-20 20:40:00,AMC
3.1,3.1,3.09,3.1,1174,2020-10-20 20:45:00,AMC
3.1,3.11,3.1,3.11,6767,2020-10-20 20:55:00,AMC
3.12,3.12,3.12,3.12,491,2020-10-20 21:00:00,AMC
3.11,3.11,3.1,3.11,1794,2020-10-20 21:05:00,AMC
3.11,3.11,3.11,3.11,1060,2020-10-20 21:10:00,AMC
3.1098,3.11,3.1,3.11,2151,2020-10-20 21:15:00,AMC
3.11,3.11,3.11,3.11,1200,2020-10-20 21:20:00,AMC
3.1,3.11,3.1,3.11,1421,2020-10-20 21:25:00,AMC
3.1099,3.11,3.1,3.11,2000,2020-10-20 21:30:00,AMC
3.11,3.12,3.11,3.12,1042,2020-10-20 21:35:00,AMC
3.12,3.12,3.12,3.12,2821,2020-10-20 21:40:00,AMC
3.12,3.12,3.12,3.12,1381,2020-10-20 21:45:00,AMC
3.12,3.12,3.12,3.12,1500,2020-10-20 21:50:00,AMC
3.12,3.12,3.1,3.12,1808,2020-10-20 21:55:00,AMC
3.12,3.12,3.12,3.12,200,2020-10-20 22:00:00,AMC
3.1,3.14,3.1,3.14,9960,2020-10-20 22:10:00,AMC
3.14,3.14,3.14,3.14,1009,2020-10-20 22:15:00,AMC
3.14,3.14,3.14,3.14,300,2020-10-20 22:20:00,AMC
3.14,3.14,3.14,3.14,100,2020-10-20 22:25:00,AMC
3.14,3.14,3.14,3.14,500,2020-10-20 22:30:00,AMC
3.1,3.1,3.1,3.1,467,2020-10-20 22:35:00,AMC
3.14,3.14,3.1,3.1,247,2020-10-20 22:40:00,AMC
3.14,3.14,3.14,3.14,3686,2020-10-20 22:45:00,AMC
3.14,3.14,3.14,3.14,200,2020-10-20 22:50:00,AMC
3.15,3.15,3.15,3.15,1293,2020-10-20 22:55:00,AMC
3.15,3.18,3.15,3.18,3992,2020-10-20 23:00:00,AMC
3.15,3.15,3.15,3.15,441,2020-10-20 23:25:00,AMC
3.15,3.15,3.15,3.15,2600,2020-10-20 23:30:00,AMC
3.12,3.12,3.12,3.12,100,2020-10-20 23:35:00,AMC
3.12,3.12,3.12,3.12,241,2020-10-20 23:40:00,AMC
3.15,3.1501,3.14,3.1501,3265,2020-10-20 23:55:00,AMC
3.09,3.09,3.09,3.09,500,2020-10-21 08:10:00,AMC
3.18,3.18,3.18,3.18,200,2020-10-21 09:35:00,AMC
3.14,3.16,3.14,3.16,480,2020-10-21 11:00:00,AMC
3.15,3.15,3.15,3.15,200,2020-10-21 11:05:00,AMC
3.18,3.18,3.16,3.16,2170,2020-10-21 11:15:00,AMC
3.18,3.26,3.18,3.26,10624,2020-10-21 11:20:00,AMC
3.17,3.18,3.17,3.18,900,2020-10-21 11:25:00,AMC
3.17,3.17,3.16,3.16,500,2020-10-21 11:30:00,AMC
3.15,3.15,3.15,3.15,245,2020-10-21 11:35:00,AMC
3.15,3.15,3.13,3.13,4415,2020-10-21 11:40:00,AMC
3.11,3.11,3.08,3.08,1211,2020-10-21 11:45:00,AMC
3.07,3.07,3.07,3.07,1990,2020-10-21 11:50:00,AMC
3.07,3.09,3.07,3.09,1463,2020-10-21 11:55:00,AMC
3.125,3.125,3.08,3.08,3044,2020-10-21 12:00:00,AMC
3.08,3.11,3.07,3.11,3358,2020-10-21 12:05:00,AMC
3.18,3.2098,3.15,3.1598,7069,2020-10-21 12:10:00,AMC
3.15,3.17,3.15,3.16,1300,2020-10-21 12:15:00,AMC
3.15,3.17,3.15,3.17,10790,2020-10-21 12:20:00,AMC
3.18,3.18,3.14,3.14,864,2020-10-21 12:25:00,AMC
3.14,3.14,3.14,3.14,169,2020-10-21 12:35:00,AMC
3.11,3.13,3.11,3.12,1342,2020-10-21 12:40:00,AMC
3.15,3.15,3.12,3.1498,3045,2020-10-21 12:45:00,AMC
3.12,3.15,3.12,3.15,1450,2020-10-21 12:50:00,AMC
3.12,3.13,3.09,3.09,1801,2020-10-21 12:55:00,AMC
3.1,3.1,3.1,3.1,1542,2020-10-21 13:00:00,AMC
3.1,3.1098,3.1,3.1,4468,2020-10-21 13:05:00,AMC
3.1,3.11,3.1,3.1,15494,2020-10-21 13:10:00,AMC
3.11,3.11,3.1,3.105,12576,2020-10-21 13:15:00,AMC
3.1,3.1,3.09,3.09,14659,2020-10-21 13:20:00,AMC
3.0998,3.11,3.0998,3.1,4061,2020-10-21 13:25:00,AMC
3.1,3.115,3.09,3.115,221841,2020-10-21 13:30:00,AMC
3.12,3.12,3.08,3.091,197949,2020-10-21 13:35:00,AMC
3.095,3.11,3.09,3.09,104739,2020-10-21 13:40:00,AMC
3.0913,3.11,3.09,3.1,220425,2020-10-21 13:45:00,AMC
3.0934,3.1,3.09,3.095,62615,2020-10-21 13:50:00,AMC
3.095,3.1,3.09,3.095,77107,2020-10-21 13:55:00,AMC
3.095,3.1,3.09,3.095,59391,2020-10-21 14:00:00,AMC
3.09,3.1,3.09,3.0913,62395,2020-10-21 14:05:00,AMC
3.095,3.1,3.09,3.09,31560,2020-10-21 14:10:00,AMC
3.0913,3.1,3.09,3.09,103812,2020-10-21 14:15:00,AMC
3.09,3.1,3.09,3.1,187402,2020-10-21 14:20:00,AMC
3.1,3.1,3.09,3.0913,59283,2020-10-21 14:25:00,AMC
3.1,3.1,3.09,3.1,185061,2020-10-21 14:30:00,AMC
3.0967,3.1,3.09,3.1,65624,2020-10-21 14:35:00,AMC
3.095,3.1299,3.09,3.1,217097,2020-10-21 14:40:00,AMC
3.09,3.1,3.09,3.1,50874,2020-10-21 14:45:00,AMC
3.1,3.1,3.09,3.1,24885,2020-10-21 14:50:00,AMC
3.1,3.1,3.09,3.0915,23096,2020-10-21 14:55:00,AMC
3.0905,3.1,3.09,3.0913,56057,2020-10-21 15:00:00,AMC
3.095,3.095,3.095,3.095,500,2020-10-21 15:05:00,AMC
3.06,3.0699,3.05,3.055,136448,2020-10-21 15:30:00,AMC
3.055,3.06,3.05,3.0554,122682,2020-10-21 15:35:00,AMC
3.055,3.06,3.0,3.04,520318,2020-10-21 15:40:00,AMC
3.04,3.05,3.03,3.05,78146,2020-10-21 15:45:00,AMC
3.05,3.05,3.03,3.035,75188,2020-10-21 15:50:00,AMC
3.03,3.04,3.03,3.0381,125952,2020-10-21 15:55:00,AMC
3.0313,3.04,2.98,2.985,879326,2020-10-21 16:00:00,AMC
2.98,3.01,2.98,3.0001,292026,2020-10-21 16:05:00,AMC
3.005,3.02,3.0,3.0088,239602,2020-10-21 16:10:00,AMC
3.006,3.01,2.98,3.0,174869,2020-10-21 16:15:00,AMC
2.99,3.0,2.98,2.995,233752,2020-10-21 16:20:00,AMC
2.995,3.02,2.99,3.015,214748,2020-10-21 16:25:00,AMC
3.015,3.02,3.01,3.015,84374,2020-10-21 16:30:00,AMC
3.01,3.02,3.01,3.0113,82352,2020-10-21 16:35:00,AMC
3.0189,3.0189,3.01,3.015,21010,2020-10-21 16:40:00,AMC
3.015,3.02,3.01,3.0199,60446,2020-10-21 16:45:00,AMC
3.02,3.02,3.01,3.0144,23838,2020-10-21 16:50:00,AMC
3.01,3.02,3.01,3.015,50970,2020-10-21 16:55:00,AMC
3.0199,3.02,3.01,3.015,33060,2020-10-21 17:00:00,AMC
3.02,3.02,3.01,3.01,296044,2020-10-21 17:05:00,AMC
3.0113,3.02,3.01,3.0113,43718,2020-10-21 17:10:00,AMC
3.015,3.02,3.01,3.015,299844,2020-10-21 17:15:00,AMC
3.015,3.02,3.01,3.0167,176402,2020-10-21 17:20:00,AMC
3.015,3.02,3.01,3.0172,57746,2020-10-21 17:25:00,AMC
3.0187,3.02,3.01,3.015,84892,2020-10-21 17:30:00,AMC
3.015,3.02,3.01,3.01,21652,2020-10-21 17:35:00,AMC
3.015,3.02,3.01,3.01,33076,2020-10-21 17:40:00,AMC
3.015,3.0188,3.0,3.005,247906,2020-10-21 17:45:00,AMC
3.0,3.01,2.99,2.998,91586,2020-10-21 17:50:00,AMC
2.99,3.0,2.99,2.995,112548,2020-10-21 17:55:00,AMC
2.9978,3.01,2.99,3.0,92806,2020-10-21 18:00:00,AMC
2.9992,3.0,2.99,2.9913,78016,2020-10-21 18:05:00,AMC
2.99,3.0,2.99,2.995,66308,2020-10-21 18:10:00,AMC
2.995,3.0,2.99,2.99,84212,2020-10-21 18:15:00,AMC
2.995,3.0,2.99,2.99,66234,2020-10-21 18:20:00,AMC
2.995,3.0,2.99,3.0,117012,2020-10-21 18:25:00,AMC
3.0,3.0,2.99,2.9953,81972,2020-10-21 18:30:00,AMC
3.0,3.0,2.99,3.0,99136,2020-10-21 18:35:00,AMC
3.0,3.01,3.0,3.005,239534,2020-10-21 18:40:00,AMC
3.005,3.01,3.0,3.005,58880,2020-10-21 18:45:00,AMC
3.0,3.0088,3.0,3.005,24506,2020-10-21 18:50:00,AMC
3.0068,3.01,3.0,3.0099,88818,2020-10-21 18:55:00,AMC
3.005,3.01,3.0,3.0013,82042,2020-10-21 19:00:00,AMC
3.0088,3.01,3.0,3.005,68684,2020-10-21 19:05:00,AMC
3.008,3.01,2.99,3.0,246812,2020-10-21 19:10:00,AMC
2.995,3.0,2.99,3.0,103574,2020-10-21 19:15:00,AMC
3.0,3.0,2.99,2.9913,67284,2020-10-21 19:20:00,AMC
3.0,3.0,2.99,2.9982,136770,2020-10-21 19:25:00,AMC
3.0,3.0,2.99,3.0,109862,2020-10-21 19:30:00,AMC
2.995,3.0,2.99,2.995,91456,2020-10-21 19:35:00,AMC
2.995,3.0,2.99,2.995,163546,2020-10-21 19:40:00,AMC
2.995,3.0,2.99,2.995,88426,2020-10-21 19:45:00,AMC
2.995,3.0,2.99,2.995,129796,2020-10-21 19:50:00,AMC
2.995,3.0,2.99,3.0,492479,2020-10-21 19:55:00,AMC
3.0,3.0,2.98,2.9898,232584,2020-10-21 20:00:00,AMC
2.98,2.98,2.98,2.98,674,2020-10-21 20:05:00,AMC
2.98,3.0,2.98,3.0,12456,2020-10-21 20:10:00,AMC
2.985,2.99,2.985,2.99,7252,2020-10-21 20:15:00,AMC
2.99,2.99,2.98,2.98,27052,2020-10-21 20:20:00,AMC
2.98,2.99,2.98,2.99,23138,2020-10-21 20:25:00,AMC
2.99,2.99,2.99,2.99,5934,2020-10-21 20:30:00,AMC
2.99,3.0,2.99,3.0,13738,2020-10-21 20:35:00,AMC
3.0,3.01,3.0,3.0,8824,2020-10-21 20:40:00,AMC
3.02,3.02,3.0,3.0,7040,2020-10-21 21:00:00,AMC
3.01,3.01,3.01,3.01,300,2020-10-21 21:05:00,AMC
3.01,3.01,3.01,3.01,370,2020-10-21 21:10:00,AMC
3.01,3.01,3.01,3.01,5396,2020-10-21 21:15:00,AMC
3.0,3.01,3.0,3.01,1472,2020-10-21 21:20:00,AMC
3.01,3.01,3.0001,3.0001,4468,2020-10-21 21:25:00,AMC
3.01,3.01,3.01,3.01,200,2020-10-21 21:35:00,AMC
3.0,3.01,3.0,3.0001,4004,2020-10-21 21:40:00,AMC
3.0001,3.0001,3.0,3.0,1477,2020-10-21 21:45:00,AMC
3.0,3.0,3.0,3.0,268,2020-10-21 21:50:00,AMC
3.0,3.0,2.99,2.99,2516,2020-10-21 21:55:00,AMC
2.99,2.9901,2.99,2.9901,2002,2020-10-21 22:00:00,AMC
2.985,3.0,2.985,3.0,2660,2020-10-21 22:05:00,AMC
2.99,3.01,2.99,3.0,3666,2020-10-21 22:10:00,AMC
3.0,3.0,2.99,2.99,799,2020-10-21 22:15:00,AMC
2.99,3.0,2.99,3.0,449,2020-10-21 22:20:00,AMC
3.0,3.0,2.99,2.99,927,2020-10-21 22:45:00,AMC
3.01,3.01,3.01,3.01,583,2020-10-21 22:50:00,AMC
3.01,3.01,3.01,3.01,600,2020-10-21 23:00:00,AMC
3.0,3.0,3.0,3.0,3800,2020-10-21 23:05:00,AMC
2.99,3.01,2.99,2.99,6144,2020-10-21 23:10:00,AMC
3.0,3.01,3.0,3.01,1999,2020-10-21 23:25:00,AMC
3.0,3.0,3.0,3.0,100,2020-10-21 23:30:00,AMC
3.0,3.0,3.0,3.0,100,2020-10-21 23:35:00,AMC
2.99,3.0,2.99,3.0,1215,2020-10-21 23:40:00,AMC
2.99,2.99,2.99,2.99,100,2020-10-21 23:50:00,AMC
2.99,3.0,2.99,3.0,4881,2020-10-21 23:55:00,AMC
3.0,3.0,3.0,3.0,160,2020-10-22 08:05:00,AMC
2.95,2.95,2.9,2.9,459,2020-10-22 08:20:00,AMC
2.98,2.98,2.98,2.98,400,2020-10-22 10:05:00,AMC
2.97,2.98,2.97,2.98,952,2020-10-22 11:00:00,AMC
2.98,2.99,2.98,2.99,2142,2020-10-22 11:15:00,AMC
2.99,2.99,2.99,2.99,100,2020-10-22 11:25:00,AMC
2.99,2.99,2.99,2.99,1850,2020-10-22 11:30:00,AMC
2.98,2.98,2.98,2.98,100,2020-10-22 11:35:00,AMC
2.98,2.98,2.98,2.98,1777,2020-10-22 11:50:00,AMC
3.0,3.0,3.0,3.0,466,2020-10-22 11:55:00,AMC
2.9901,3.0,2.9901,3.0,2100,2020-10-22 12:00:00,AMC
2.9999,3.0,2.9999,3.0,2000,2020-10-22 12:05:00,AMC
3.0,3.0,2.99,3.0,8150,2020-10-22 12:15:00,AMC
2.9801,2.9801,2.98,2.98,395,2020-10-22 12:20:00,AMC
3.0,3.0,2.9995,3.0,2350,2020-10-22 12:25:00,AMC
2.97,2.99,2.97,2.99,524,2020-10-22 12:35:00,AMC
2.98,2.98,2.98,2.98,2000,2020-10-22 12:40:00,AMC
2.99,2.99,2.98,2.98,1100,2020-10-22 12:45:00,AMC
2.9801,2.99,2.9801,2.99,3550,2020-10-22 12:50:00,AMC
2.99,3.0,2.99,3.0,1141,2020-10-22 12:55:00,AMC
2.9808,3.0,2.98,3.0,2249,2020-10-22 13:00:00,AMC
3.0,3.0,3.0,3.0,980,2020-10-22 13:05:00,AMC
3.0,3.0,2.99,3.0,300,2020-10-22 13:10:00,AMC
2.9901,3.0,2.9901,3.0,6258,2020-10-22 13:15:00,AMC
3.0,3.0,3.0,3.0,734,2020-10-22 13:20:00,AMC
2.99,2.99,2.98,2.98,7083,2020-10-22 13:25:00,AMC
2.96,2.99,2.89,2.895,489830,2020-10-22 13:30:00,AMC
2.8988,2.9,2.84,2.855,626458,2020-10-22 13:35:00,AMC
2.855,2.9,2.845,2.885,456186,2020-10-22 13:40:00,AMC
2.8986,2.91,2.8702,2.8792,247348,2020-10-22 13:45:00,AMC
2.8737,2.88,2.86,2.8712,108321,2020-10-22 13:50:00,AMC
2.8711,2.89,2.865,2.88,173847,2020-10-22 13:55:00,AMC
2.88,2.89,2.86,2.8788,103284,2020-10-22 14:00:00,AMC
2.87,2.88,2.86,2.8703,93131,2020-10-22 14:05:00,AMC
2.8788,2.9,2.86,2.895,119534,2020-10-22 14:10:00,AMC
2.895,2.9,2.88,2.895,82839,2020-10-22 14:15:00,AMC
2.8988,2.9,2.88,2.8828,96478,2020-10-22 14:20:00,AMC
2.8813,2.9,2.88,2.8895,94974,2020-10-22 14:25:00,AMC
2.89,2.8992,2.88,2.895,46019,2020-10-22 14:30:00,AMC
2.898,2.9,2.89,2.89,137219,2020-10-22 14:35:00,AMC
2.8813,2.9,2.88,2.895,98386,2020-10-22 14:40:00,AMC
2.895,2.9,2.885,2.8988,40858,2020-10-22 14:45:00,AMC
2.89,2.8981,2.88,2.8887,58283,2020-10-22 14:50:00,AMC
2.89,2.9,2.88,2.8982,105201,2020-10-22 14:55:00,AMC
2.8988,2.91,2.89,2.9085,88980,2020-10-22 15:00:00,AMC
2.908,2.91,2.89,2.898,87953,2020-10-22 15:05:00,AMC
2.895,2.92,2.89,2.9101,79507,2020-10-22 15:10:00,AMC
2.9199,2.93,2.91,2.928,141136,2020-10-22 15:15:00,AMC
2.9219,2.95,2.92,2.945,128415,2020-10-22 15:20:00,AMC
2.945,3.0,2.9312,3.0,203744,2020-10-22 15:25:00,AMC
2.995,3.0,2.95,2.96,188492,2020-10-22 15:30:00,AMC
2.9512,2.97,2.9512,2.9623,36770,2020-10-22 15:35:00,AMC
2.965,2.97,2.94,2.96,114404,2020-10-22 15:40:00,AMC
2.9682,2.99,2.968,2.99,57174,2020-10-22 15:45:00,AMC
2.9899,3.0,2.98,2.985,59893,2020-10-22 15:50:00,AMC
2.9899,3.0,2.9743,3.0,192983,2020-10-22 15:55:00,AMC
2.995,3.02,2.985,3.0,270062,2020-10-22 16:00:00,AMC
2.9914,3.05,2.9914,3.04,225579,2020-10-22 16:05:00,AMC
3.04,3.05,3.02,3.0399,192113,2020-10-22 16:10:00,AMC
3.0385,3.04,3.02,3.0387,99949,2020-10-22 16:15:00,AMC
3.035,3.04,3.03,3.04,76041,2020-10-22 16:20:00,AMC
3.03,3.035,3.015,3.025,81666,2020-10-22 16:25:00,AMC
3.025,3.04,3.02,3.028,186168,2020-10-22 16:30:00,AMC
3.025,3.04,3.02,3.0325,19539,2020-10-22 16:35:00,AMC
3.0301,3.04,3.02,3.0331,43329,2020-10-22 16:40:00,AMC
3.0341,3.04,3.0219,3.035,87894,2020-10-22 16:45:00,AMC
3.0313,3.04,3.03,3.035,36894,2020-10-22 16:50:00,AMC
3.035,3.04,3.01,3.01,93414,2020-10-22 16:55:00,AMC
3.0183,3.05,3.015,3.04,154126,2020-10-22 17:00:00,AMC
3.05,3.06,3.03,3.045,89525,2020-10-22 17:05:00,AMC
3.0484,3.05,3.0215,3.0235,59246,2020-10-22 17:10:00,AMC
3.025,3.03,3.01,3.01,74506,2020-10-22 17:15:00,AMC
3.015,3.02,3.0,3.015,85538,2020-10-22 17:20:00,AMC
3.015,3.02,3.01,3.011,51804,2020-10-22 17:25:00,AMC
3.0187,3.0288,3.01,3.025,17816,2020-10-22 17:30:00,AMC
3.026,3.03,3.02,3.025,50787,2020-10-22 17:35:00,AMC
3.0257,3.04,3.02,3.035,86325,2020-10-22 17:40:00,AMC
3.035,3.06,3.0313,3.0513,138879,2020-10-22 17:45:00,AMC
3.055,3.09,3.05,3.08,2009884,2020-10-22 17:50:00,AMC
3.08,3.11,3.08,3.095,156182,2020-10-22 17:55:00,AMC
3.098,3.1499,3.098,3.115,237364,2020-10-22 18:00:00,AMC
3.1187,3.1282,3.1,3.1212,153077,2020-10-22 18:05:00,AMC
3.12,3.1294,3.1088,3.1126,146220,2020-10-22 18:10:00,AMC
3.11,3.14,3.11,3.12,153631,2020-10-22 18:15:00,AMC
3.1118,3.15,3.105,3.125,195727,2020-10-22 18:20:00,AMC
3.129,3.142,3.12,3.1201,128951,2020-10-22 18:25:00,AMC
3.1224,3.13,3.1113,3.1113,60365,2020-10-22 18:30:00,AMC
3.115,3.13,3.1007,3.12,118200,2020-10-22 18:35:00,AMC
3.12,3.13,3.11,3.1113,73049,2020-10-22 18:40:00,AMC
3.115,3.12,3.1,3.1,60261,2020-10-22 18:45:00,AMC
3.1,3.108,3.08,3.095,120645,2020-10-22 18:50:00,AMC
3.0999,3.0999,3.08,3.08,72385,2020-10-22 18:55:00,AMC
3.08,3.09,3.06,3.085,85306,2020-10-22 19:00:00,AMC
3.085,3.1,3.075,3.095,77753,2020-10-22 19:05:00,AMC
3.098,3.1,3.06,3.08,53808,2020-10-22 19:10:00,AMC
3.075,3.09,3.07,3.09,53053,2020-10-22 19:15:00,AMC
3.085,3.0877,3.06,3.0799,95973,2020-10-22 19:20:00,AMC
3.08,3.11,3.07,3.11,158729,2020-10-22 19:25:00,AMC
3.11,3.12,3.1,3.12,55660,2020-10-22 19:30:00,AMC
3.12,3.12,3.1,3.105,130703,2020-10-22 19:35:00,AMC
3.105,3.11,3.1,3.105,44109,2020-10-22 19:40:00,AMC
3.11,3.12,3.1,3.115,115068,2020-10-22 19:45:00,AMC
3.11,3.12,3.1,3.1101,122646,2020-10-22 19:50:00,AMC
3.115,3.12,3.11,3.115,182035,2020-10-22 19:55:00,AMC
3.12,3.14,3.11,3.13,86758,2020-10-22 20:00:00,AMC
3.14,3.14,3.13,3.1398,5485,2020-10-22 20:05:00,AMC
3.1398,3.1398,3.13,3.13,3850,2020-10-22 20:10:00,AMC
3.13,3.14,3.13,3.13,7318,2020-10-22 20:15:00,AMC
3.13,3.14,3.13,3.14,4650,2020-10-22 20:20:00,AMC
3.14,3.16,3.14,3.16,26699,2020-10-22 20:25:00,AMC
3.15,3.1799,3.15,3.1602,5042,2020-10-22 20:30:00,AMC
3.17,3.1802,3.1699,3.18,22060,2020-10-22 20:35:00,AMC
3.18,3.19,3.16,3.18,10955,2020-10-22 20:40:00,AMC
3.18,3.18,3.1399,3.1399,7310,2020-10-22 20:45:00,AMC
3.14,3.14,3.11,3.11,3495,2020-10-22 20:50:00,AMC
3.11,3.13,3.11,3.13,411,2020-10-22 20:55:00,AMC
3.13,3.14,3.13,3.14,1569,2020-10-22 21:00:00,AMC
3.16,3.19,3.16,3.18,42754,2020-10-22 21:05:00,AMC
3.18,3.19,3.18,3.1898,2990,2020-10-22 21:10:00,AMC
3.18,3.19,3.18,3.19,2089,2020-10-22 21:15:00,AMC
3.19,3.19,3.1798,3.18,1672,2020-10-22 21:20:00,AMC
3.17,3.17,3.17,3.17,630,2020-10-22 21:25:00,AMC
3.16,3.16,3.16,3.16,650,2020-10-22 21:30:00,AMC
3.14,3.16,3.14,3.16,1057,2020-10-22 21:35:00,AMC
3.16,3.16,3.16,3.16,458,2020-10-22 21:40:00,AMC
3.15,3.15,3.15,3.15,1221,2020-10-22 21:45:00,AMC
3.15,3.16,3.15,3.16,3160,2020-10-22 21:50:00,AMC
3.16,3.16,3.16,3.16,697,2020-10-22 21:55:00,AMC
3.16,3.16,3.16,3.16,100,2020-10-22 22:00:00,AMC
3.16,3.16,3.16,3.16,150,2020-10-22 22:05:00,AMC
3.16,3.16,3.16,3.16,1500,2020-10-22 22:10:00,AMC
3.15,3.15,3.15,3.15,100,2020-10-22 22:20:00,AMC
3.14,3.14,3.14,3.14,5000,2020-10-22 22:25:00,AMC
3.1499,3.15,3.14,3.14,1426,2020-10-22 22:30:00,AMC
3.16,3.16,3.16,3.16,957,2020-10-22 22:35:00,AMC
3.16,3.16,3.16,3.16,350,2020-10-22 22:45:00,AMC
3.15,3.15,3.15,3.15,1975,2020-10-22 23:00:00,AMC
3.15,3.15,3.15,3.15,995,2020-10-22 23:05:00,AMC
3.15,3.15,3.14,3.14,1036,2020-10-22 23:10:00,AMC
3.16,3.16,3.16,3.16,1896,2020-10-22 23:15:00,AMC
3.16,3.16,3.16,3.16,620,2020-10-22 23:20:00,AMC
3.15,3.15,3.14,3.14,2000,2020-10-22 23:25:00,AMC
3.14,3.14,3.14,3.14,759,2020-10-22 23:35:00,AMC
3.14,3.16,3.14,3.16,3145,2020-10-22 23:40:00,AMC
3.16,3.16,3.13,3.13,9381,2020-10-22 23:55:00,AMC
3.13,3.13,3.13,3.13,990,2020-10-23 08:05:00,AMC
3.13,3.13,3.13,3.13,300,2020-10-23 08:10:00,AMC
3.13,3.13,3.13,3.13,100,2020-10-23 08:25:00,AMC
3.14,3.14,3.14,3.14,200,2020-10-23 09:25:00,AMC
3.24,3.24,3.24,3.24,300,2020-10-23 09:50:00,AMC
3.21,3.22,3.21,3.22,248,2020-10-23 10:10:00,AMC
3.2,3.2,3.2,3.2,1000,2020-10-23 10:30:00,AMC
3.2,3.2,3.2,3.2,499,2020-10-23 10:35:00,AMC
3.2,3.2,3.2,3.2,300,2020-10-23 10:45:00,AMC
3.18,3.18,3.16,3.16,1291,2020-10-23 11:00:00,AMC
3.17,3.17,3.17,3.17,390,2020-10-23 11:05:00,AMC
3.16,3.16,3.15,3.15,1147,2020-10-23 11:10:00,AMC
3.14,3.14,3.13,3.13,1998,2020-10-23 11:15:00,AMC
3.14,3.14,3.14,3.14,1000,2020-10-23 11:30:00,AMC
3.15,3.15,3.15,3.15,198,2020-10-23 11:35:00,AMC
3.18,3.19,3.18,3.19,449,2020-10-23 11:40:00,AMC
3.19,3.2,3.19,3.2,872,2020-10-23 11:50:00,AMC
3.19,3.2,3.17,3.18,1050,2020-10-23 12:00:00,AMC
3.2,3.2,3.15,3.15,3759,2020-10-23 12:05:00,AMC
3.14,3.14,3.14,3.14,1978,2020-10-23 12:15:00,AMC
3.14,3.14,3.13,3.13,800,2020-10-23 12:20:00,AMC
3.18,3.18,3.17,3.17,337,2020-10-23 12:25:00,AMC
3.15,3.17,3.15,3.17,528,2020-10-23 12:40:00,AMC
3.17,3.17,3.17,3.17,301,2020-10-23 12:45:00,AMC
3.169,3.17,3.15,3.1502,5121,2020-10-23 12:55:00,AMC
3.15,3.1502,3.14,3.14,14689,2020-10-23 13:00:00,AMC
3.14,3.15,3.14,3.15,3004,2020-10-23 13:05:00,AMC
3.15,3.15,3.13,3.15,4101,2020-10-23 13:10:00,AMC
3.1499,3.15,3.14,3.14,2700,2020-10-23 13:15:00,AMC
3.13,3.15,3.13,3.15,5968,2020-10-23 13:20:00,AMC
3.1401,3.15,3.14,3.15,1896,2020-10-23 13:25:00,AMC
3.13,3.15,3.05,3.0996,358039,2020-10-23 13:30:00,AMC
3.09,3.09,3.06,3.08,103894,2020-10-23 13:35:00,AMC
3.0785,3.079,3.02,3.0599,139907,2020-10-23 13:40:00,AMC
3.055,3.06,3.0,3.008,241538,2020-10-23 13:45:00,AMC
3.005,3.0185,3.0,3.0082,100547,2020-10-23 13:50:00,AMC
3.005,3.01,2.97,2.9985,184343,2020-10-23 13:55:00,AMC
2.9984,3.0483,2.9801,3.03,162583,2020-10-23 14:00:00,AMC
3.0385,3.05,3.01,3.015,113897,2020-10-23 14:05:00,AMC
3.015,3.0385,3.0,3.01,109031,2020-10-23 14:10:00,AMC
3.0088,3.02,3.002,3.02,57739,2020-10-23 14:15:00,AMC
3.015,3.02,3.01,3.015,46619,2020-10-23 14:20:00,AMC
3.018,3.0264,3.01,3.015,68197,2020-10-23 14:25:00,AMC
3.015,3.03,3.0,3.005,178967,2020-10-23 14:30:00,AMC
3.0,3.01,3.0,3.005,49977,2020-10-23 14:35:00,AMC
3.005,3.028,3.0,3.02,63660,2020-10-23 14:40:00,AMC
3.03,3.03,3.0,3.0065,155305,2020-10-23 14:45:00,AMC
3.005,3.02,3.0,3.01,50151,2020-10-23 14:50:00,AMC
3.005,3.02,3.0001,3.01,95794,2020-10-23 14:55:00,AMC
3.0091,3.0092,2.97,2.9869,216502,2020-10-23 15:00:00,AMC
2.985,3.0,2.97,2.9801,150951,2020-10-23 15:05:00,AMC
2.98,3.0,2.98,2.9983,47778,2020-10-23 15:10:00,AMC
2.994,3.0,2.985,2.99,69712,2020-10-23 15:15:00,AMC
3.0,3.0,2.98,2.985,46824,2020-10-23 15:20:00,AMC
2.9899,2.99,2.97,2.9865,53017,2020-10-23 15:25:00,AMC
2.9838,3.0,2.98,2.99,65302,2020-10-23 15:30:00,AMC
2.99,2.99,2.98,2.9831,42578,2020-10-23 15:35:00,AMC
2.9886,2.99,2.97,2.9783,100000,2020-10-23 15:40:00,AMC
2.975,2.9792,2.95,2.9585,166557,2020-10-23 15:45:00,AMC
2.9512,2.98,2.95,2.975,104273,2020-10-23 15:50:00,AMC
2.975,2.98,2.96,2.975,54251,2020-10-23 15:55:00,AMC
2.9792,2.98,2.97,2.97,19253,2020-10-23 16:00:00,AMC
2.98,2.99,2.97,2.975,82199,2020-10-23 16:05:00,AMC
2.978,2.99,2.97,2.98,37677,2020-10-23 16:10:00,AMC
2.9862,2.9892,2.97,2.978,40002,2020-10-23 16:15:00,AMC
2.9781,2.98,2.97,2.9712,8091,2020-10-23 16:20:00,AMC
2.975,2.98,2.97,2.975,43108,2020-10-23 16:25:00,AMC
2.9787,2.9799,2.97,2.9745,14886,2020-10-23 16:30:00,AMC
2.98,2.99,2.97,2.9846,43989,2020-10-23 16:35:00,AMC
2.9884,2.99,2.972,2.979,29932,2020-10-23 16:40:00,AMC
2.98,2.98,2.97,2.975,38789,2020-10-23 16:45:00,AMC
2.98,2.99,2.97,2.9884,85088,2020-10-23 16:50:00,AMC
2.99,2.99,2.98,2.988,42592,2020-10-23 16:55:00,AMC
2.9888,2.99,2.98,2.9886,11275,2020-10-23 17:00:00,AMC
2.985,2.99,2.98,2.9899,22479,2020-10-23 17:05:00,AMC
2.985,2.99,2.97,2.9767,56898,2020-10-23 17:10:00,AMC
2.975,2.985,2.97,2.9813,29784,2020-10-23 17:15:00,AMC
2.9866,2.99,2.98,2.985,57073,2020-10-23 17:20:00,AMC
2.9831,2.99,2.98,2.985,27648,2020-10-23 17:25:00,AMC
2.985,2.99,2.98,2.9888,35259,2020-10-23 17:30:00,AMC
2.985,2.99,2.98,2.99,25177,2020-10-23 17:35:00,AMC
2.99,2.99,2.965,2.97,135363,2020-10-23 17:40:00,AMC
2.968,2.984,2.965,2.9787,39897,2020-10-23 17:45:00,AMC
2.975,2.98,2.97,2.975,20060,2020-10-23 17:50:00,AMC
2.977,2.98,2.97,2.9754,25554,2020-10-23 17:55:00,AMC
2.975,2.975,2.96,2.97,59092,2020-10-23 18:00:00,AMC
2.97,2.98,2.97,2.9747,45487,2020-10-23 18:05:00,AMC
2.978,2.98,2.97,2.9777,13982,2020-10-23 18:10:00,AMC
2.975,2.98,2.97,2.98,29799,2020-10-23 18:15:00,AMC
2.9798,2.99,2.975,2.985,70352,2020-10-23 18:20:00,AMC
2.985,3.0,2.985,2.9999,80435,2020-10-23 18:25:00,AMC
2.995,3.02,2.99,3.0,85122,2020-10-23 18:30:00,AMC
3.0,3.01,3.0,3.01,29098,2020-10-23 18:35:00,AMC
3.005,3.01,3.0,3.005,25854,2020-10-23 18:40:00,AMC
3.0045,3.01,3.0,3.0077,37925,2020-10-23 18:45:00,AMC
3.01,3.01,3.0,3.0,22509,2020-10-23 18:50:00,AMC
3.0,3.01,2.99,2.991,63773,2020-10-23 18:55:00,AMC
2.995,2.9975,2.98,2.9945,32644,2020-10-23 19:00:00,AMC
2.995,3.01,2.99,3.005,70021,2020-10-23 19:05:00,AMC
3.0,3.0099,2.99,2.995,30199,2020-10-23 19:10:00,AMC
2.995,3.0,2.98,2.995,46158,2020-10-23 19:15:00,AMC
2.99,3.0,2.99,2.995,31710,2020-10-23 19:20:00,AMC
2.9969,2.9969,2.98,2.985,57118,2020-10-23 19:25:00,AMC
2.9871,2.99,2.97,2.98,75433,2020-10-23 19:30:00,AMC
2.98,2.99,2.97,2.98,110572,2020-10-23 19:35:00,AMC
2.98,2.99,2.97,2.98,105682,2020-10-23 19:40:00,AMC
2.989,2.99,2.98,2.985,92258,2020-10-23 19:45:00,AMC
2.985,2.99,2.975,2.985,207157,2020-10-23 19:50:00,AMC
2.9865,2.99,2.97,2.97,369464,2020-10-23 19:55:00,AMC
2.97,2.98,2.97,2.98,58280,2020-10-23 20:00:00,AMC
2.98,2.98,2.97,2.98,1510,2020-10-23 20:05:00,AMC
2.98,2.99,2.98,2.99,5795,2020-10-23 20:10:00,AMC
2.99,2.99,2.99,2.99,145,2020-10-23 20:15:00,AMC
3.0,3.0,2.99,2.99,3202,2020-10-23 20:20:00,AMC
3.0,3.0,2.98,3.0,15476,2020-10-23 20:25:00,AMC
3.0,3.0,3.0,3.0,500,2020-10-23 20:30:00,AMC
3.0,3.0,3.0,3.0,2138,2020-10-23 20:35:00,AMC
3.01,3.01,3.01,3.01,1500,2020-10-23 20:45:00,AMC
3.0,3.01,3.0,3.0,1400,2020-10-23 20:50:00,AMC
3.01,3.01,3.0,3.0,11716,2020-10-23 20:55:00,AMC
3.0098,3.01,3.0098,3.01,1211,2020-10-23 21:00:00,AMC
3.01,3.01,2.97,2.97,2850,2020-10-23 21:05:00,AMC
3.01,3.01,3.01,3.01,316,2020-10-23 21:10:00,AMC
3.01,3.02,3.01,3.02,5394,2020-10-23 21:15:00,AMC
3.02,3.02,3.02,3.02,5000,2020-10-23 21:20:00,AMC
3.01,3.01,3.01,3.01,320,2020-10-23 21:25:00,AMC
3.01,3.01,3.0,3.0,5982,2020-10-23 21:30:00,AMC
3.0,3.0,3.0,3.0,4702,2020-10-23 21:35:00,AMC
3.01,3.01,3.0,3.01,1700,2020-10-23 21:45:00,AMC
3.0,3.01,3.0,3.01,3580,2020-10-23 21:50:00,AMC
3.01,3.01,2.99,3.01,2875,2020-10-23 21:55:00,AMC
3.01,3.01,3.01,3.01,400,2020-10-23 22:00:00,AMC
3.0,3.0,3.0,3.0,4150,2020-10-23 22:20:00,AMC
3.0001,3.01,3.0,3.0099,7899,2020-10-23 22:25:00,AMC
3.0,3.0,3.0,3.0,100,2020-10-23 22:35:00,AMC
3.0001,3.0001,3.0,3.0,617,2020-10-23 22:40:00,AMC
3.0,3.0,2.98,2.98,3847,2020-10-23 22:45:00,AMC
2.98,3.01,2.98,3.01,1590,2020-10-23 22:55:00,AMC
3.01,3.01,3.01,3.01,100,2020-10-23 23:10:00,AMC
2.99,2.99,2.99,2.99,1000,2020-10-23 23:15:00,AMC
2.98,2.98,2.98,2.98,929,2020-10-23 23:20:00,AMC
3.0,3.0,3.0,3.0,300,2020-10-23 23:30:00,AMC
3.01,3.01,3.01,3.01,500,2020-10-23 23:40:00,AMC
2.98,2.98,2.98,2.98,1000,2020-10-26 08:00:00,AMC
2.96,2.96,2.96,2.96,1026,2020-10-26 08:05:00,AMC
2.96,3.0,2.96,2.96,5710,2020-10-26 08:10:00,AMC
2.96,2.96,2.96,2.96,1417,2020-10-26 08:15:00,AMC
2.96,2.96,2.95,2.95,1100,2020-10-26 08:25:00,AMC
2.99,2.99,2.99,2.99,100,2020-10-26 08:35:00,AMC
2.99,2.99,2.99,2.99,218,2020-10-26 09:05:00,AMC
2.97,2.97,2.97,2.97,1000,2020-10-26 10:20:00,AMC
2.93,3.0,2.93,2.95,2618,2020-10-26 11:00:00,AMC
2.92,2.92,2.92,2.92,900,2020-10-26 11:20:00,AMC
2.91,2.91,2.91,2.91,500,2020-10-26 11:45:00,AMC
2.91,2.91,2.9,2.9,5562,2020-10-26 11:50:00,AMC
2.9,2.93,2.9,2.93,10236,2020-10-26 12:00:00,AMC
2.9,2.9,2.9,2.9,200,2020-10-26 12:05:00,AMC
2.9199,2.92,2.9199,2.92,10100,2020-10-26 12:20:00,AMC
2.91,2.9101,2.89,2.89,8853,2020-10-26 12:25:00,AMC
2.89,2.89,2.89,2.89,119,2020-10-26 12:30:00,AMC
2.91,2.91,2.9,2.91,3725,2020-10-26 12:35:00,AMC
2.9001,2.9001,2.9,2.9,1350,2020-10-26 12:40:00,AMC
2.9099,2.91,2.9099,2.91,10039,2020-10-26 12:45:00,AMC
2.9,2.92,2.9,2.9198,6843,2020-10-26 12:55:00,AMC
2.92,2.92,2.92,2.92,200,2020-10-26 13:00:00,AMC
2.92,2.92,2.9,2.9,95633,2020-10-26 13:05:00,AMC
2.9,2.91,2.8998,2.9021,5752,2020-10-26 13:10:00,AMC
2.9,2.9198,2.9,2.9198,379,2020-10-26 13:15:00,AMC
2.92,2.92,2.91,2.92,6039,2020-10-26 13:20:00,AMC
2.92,2.92,2.92,2.92,1090,2020-10-26 13:25:00,AMC
2.92,2.93,2.85,2.8977,644674,2020-10-26 13:30:00,AMC
2.8918,2.9,2.87,2.89,144992,2020-10-26 13:35:00,AMC
2.89,2.89,2.855,2.88,180660,2020-10-26 13:40:00,AMC
2.875,2.88,2.85,2.868,155255,2020-10-26 13:45:00,AMC
2.87,2.88,2.8613,2.875,126163,2020-10-26 13:50:00,AMC
2.8771,2.88,2.86,2.8699,103774,2020-10-26 13:55:00,AMC
2.87,2.88,2.86,2.87,143039,2020-10-26 14:00:00,AMC
2.866,2.87,2.86,2.8638,123383,2020-10-26 14:05:00,AMC
2.865,2.87,2.86,2.8678,70938,2020-10-26 14:10:00,AMC
2.8686,2.87,2.86,2.86,86453,2020-10-26 14:15:00,AMC
2.865,2.87,2.85,2.86,107873,2020-10-26 14:20:00,AMC
2.855,2.8588,2.82,2.825,323327,2020-10-26 14:25:00,AMC
2.8287,2.83,2.8,2.8,318941,2020-10-26 14:30:00,AMC
2.801,2.81,2.78,2.78,224865,2020-10-26 14:35:00,AMC
2.7895,2.79,2.78,2.785,134142,2020-10-26 14:40:00,AMC
2.785,2.8,2.78,2.79,112023,2020-10-26 14:45:00,AMC
2.7999,2.8,2.76,2.765,224412,2020-10-26 14:50:00,AMC
2.765,2.77,2.75,2.75,284867,2020-10-26 14:55:00,AMC
2.76,2.76,2.72,2.7385,195303,2020-10-26 15:00:00,AMC
2.7327,2.77,2.7301,2.75,221305,2020-10-26 15:05:00,AMC
2.745,2.77,2.7413,2.76,144787,2020-10-26 15:10:00,AMC
2.76,2.77,2.74,2.745,141277,2020-10-26 15:15:00,AMC
2.745,2.76,2.74,2.76,148013,2020-10-26 15:20:00,AMC
2.76,2.7899,2.76,2.784,219389,2020-10-26 15:25:00,AMC
2.785,2.79,2.77,2.78,112522,2020-10-26 15:30:00,AMC
2.7763,2.8,2.77,2.79,155187,2020-10-26 15:35:00,AMC
2.795,2.8,2.77,2.78,74243,2020-10-26 15:40:00,AMC
2.785,2.785,2.76,2.762,131776,2020-10-26 15:45:00,AMC
2.7653,2.7697,2.75,2.7588,65550,2020-10-26 15:50:00,AMC
2.755,2.76,2.75,2.7586,65666,2020-10-26 15:55:00,AMC
2.7588,2.76,2.72,2.73,226647,2020-10-26 16:00:00,AMC
2.72,2.74,2.72,2.7399,107376,2020-10-26 16:05:00,AMC
2.735,2.74,2.72,2.7269,109013,2020-10-26 16:10:00,AMC
2.725,2.74,2.72,2.7208,99737,2020-10-26 16:15:00,AMC
2.72,2.73,2.72,2.72,97638,2020-10-26 16:20:00,AMC
2.725,2.73,2.71,2.72,96588,2020-10-26 16:25:00,AMC
2.725,2.75,2.72,2.7487,76371,2020-10-26 16:30:00,AMC
2.745,2.75,2.73,2.74,77451,2020-10-26 16:35:00,AMC
2.735,2.74,2.73,2.7369,33550,2020-10-26 16:40:00,AMC
2.735,2.7399,2.7,2.7,140621,2020-10-26 16:45:00,AMC
2.7013,2.72,2.7,2.7059,86678,2020-10-26 16:50:00,AMC
2.705,2.72,2.7,2.71,87819,2020-10-26 16:55:00,AMC
2.7192,2.72,2.7,2.715,100713,2020-10-26 17:00:00,AMC
2.715,2.72,2.7,2.705,76670,2020-10-26 17:05:00,AMC
2.705,2.72,2.7,2.7086,122646,2020-10-26 17:10:00,AMC
2.706,2.72,2.7,2.718,41586,2020-10-26 17:15:00,AMC
2.7182,2.72,2.7,2.703,220261,2020-10-26 17:20:00,AMC
2.7,2.71,2.68,2.6895,155256,2020-10-26 17:25:00,AMC
2.6812,2.7,2.68,2.685,70116,2020-10-26 17:30:00,AMC
2.6888,2.7,2.68,2.698,83444,2020-10-26 17:35:00,AMC
2.695,2.7,2.69,2.6986,41479,2020-10-26 17:40:00,AMC
2.6981,2.71,2.69,2.705,85455,2020-10-26 17:45:00,AMC
2.705,2.72,2.7,2.715,94969,2020-10-26 17:50:00,AMC
2.7147,2.72,2.7,2.716,81340,2020-10-26 17:55:00,AMC
2.7182,2.73,2.71,2.725,57908,2020-10-26 18:00:00,AMC
2.725,2.74,2.715,2.72,79565,2020-10-26 18:05:00,AMC
2.7299,2.75,2.72,2.7477,213936,2020-10-26 18:10:00,AMC
2.7471,2.78,2.74,2.78,157338,2020-10-26 18:15:00,AMC
2.78,2.8,2.7719,2.795,177630,2020-10-26 18:20:00,AMC
2.7944,2.7966,2.78,2.7884,76857,2020-10-26 18:25:00,AMC
2.785,2.8,2.78,2.8,42956,2020-10-26 18:30:00,AMC
2.8,2.8,2.785,2.785,44573,2020-10-26 18:35:00,AMC
2.79,2.8,2.78,2.7864,28519,2020-10-26 18:40:00,AMC
2.7863,2.79,2.77,2.775,55376,2020-10-26 18:45:00,AMC
2.775,2.79,2.75,2.755,57610,2020-10-26 18:50:00,AMC
2.76,2.775,2.755,2.77,36336,2020-10-26 18:55:00,AMC
2.778,2.778,2.75,2.755,42718,2020-10-26 19:00:00,AMC
2.7542,2.76,2.7441,2.7599,83924,2020-10-26 19:05:00,AMC
2.76,2.78,2.7501,2.775,80984,2020-10-26 19:10:00,AMC
2.775,2.8,2.775,2.7912,66832,2020-10-26 19:15:00,AMC
2.7977,2.8,2.79,2.795,38727,2020-10-26 19:20:00,AMC
2.795,2.8,2.78,2.79,60433,2020-10-26 19:25:00,AMC
2.7943,2.8,2.79,2.795,66600,2020-10-26 19:30:00,AMC
2.7912,2.8,2.79,2.792,26366,2020-10-26 19:35:00,AMC
2.795,2.8,2.78,2.785,93470,2020-10-26 19:40:00,AMC
2.785,2.79,2.75,2.75,151510,2020-10-26 19:45:00,AMC
2.755,2.76,2.72,2.7352,193546,2020-10-26 19:50:00,AMC
2.7399,2.76,2.7301,2.75,176040,2020-10-26 19:55:00,AMC
2.75,2.79,2.75,2.75,58687,2020-10-26 20:00:00,AMC
2.75,2.75,2.75,2.75,7073,2020-10-26 20:05:00,AMC
2.75,2.75,2.7498,2.75,3050,2020-10-26 20:10:00,AMC
2.75,2.75,2.74,2.74,2535,2020-10-26 20:15:00,AMC
2.75,2.7698,2.75,2.7698,6101,2020-10-26 20:20:00,AMC
2.77,2.77,2.77,2.77,525,2020-10-26 20:25:00,AMC
2.77,2.77,2.77,2.77,400,2020-10-26 20:30:00,AMC
2.75,2.76,2.75,2.76,4387,2020-10-26 20:35:00,AMC
2.7599,2.76,2.7599,2.76,698,2020-10-26 20:40:00,AMC
2.76,2.76,2.75,2.75,592,2020-10-26 20:45:00,AMC
2.75,2.77,2.75,2.75,4333,2020-10-26 20:50:00,AMC
2.77,2.77,2.77,2.77,655,2020-10-26 20:55:00,AMC
2.76,2.76,2.7598,2.76,4833,2020-10-26 21:00:00,AMC
2.77,2.77,2.76,2.76,481,2020-10-26 21:05:00,AMC
2.76,2.76,2.75,2.76,2300,2020-10-26 21:10:00,AMC
2.76,2.76,2.76,2.76,200,2020-10-26 21:20:00,AMC
2.76,2.76,2.76,2.76,200,2020-10-26 21:25:00,AMC
2.76,2.77,2.76,2.77,3320,2020-10-26 21:30:00,AMC
2.77,2.78,2.77,2.78,300,2020-10-26 21:40:00,AMC
2.77,2.77,2.77,2.77,217,2020-10-26 21:45:00,AMC
2.77,2.77,2.76,2.76,4450,2020-10-26 21:50:00,AMC
2.77,2.78,2.76,2.78,4458,2020-10-26 21:55:00,AMC
2.78,2.8,2.78,2.8,947,2020-10-26 22:00:00,AMC
2.76,2.76,2.75,2.75,23998,2020-10-26 22:05:00,AMC
2.79,2.79,2.79,2.79,110,2020-10-26 22:40:00,AMC
2.78,2.78,2.78,2.78,344,2020-10-26 22:50:00,AMC
2.78,2.78,2.78,2.78,2000,2020-10-26 22:55:00,AMC
2.76,2.7799,2.76,2.7799,750,2020-10-26 23:00:00,AMC
2.77,2.77,2.76,2.76,3792,2020-10-26 23:05:00,AMC
2.78,2.78,2.78,2.78,300,2020-10-26 23:10:00,AMC
2.78,2.78,2.78,2.78,1000,2020-10-26 23:20:00,AMC
2.78,2.78,2.78,2.78,100,2020-10-26 23:25:00,AMC
2.77,2.78,2.77,2.78,700,2020-10-26 23:35:00,AMC
2.76,2.78,2.76,2.78,695,2020-10-26 23:40:00,AMC
2.78,2.78,2.78,2.78,1704,2020-10-26 23:50:00,AMC
2.78,2.8,2.78,2.8,4786,2020-10-26 23:55:00,AMC
2.76,2.76,2.76,2.76,400,2020-10-27 09:50:00,AMC
2.78,2.78,2.78,2.78,300,2020-10-27 10:50:00,AMC
2.79,2.79,2.79,2.79,363,2020-10-27 11:00:00,AMC
2.82,2.83,2.82,2.83,939,2020-10-27 11:20:00,AMC
2.83,2.92,2.8,2.82,70676,2020-10-27 12:00:00,AMC
2.83,2.9,2.83,2.9,14934,2020-10-27 12:05:00,AMC
2.87,2.96,2.87,2.95,53003,2020-10-27 12:10:00,AMC
2.95,2.97,2.88,2.9,48603,2020-10-27 12:15:00,AMC
2.9,2.9198,2.88,2.89,9365,2020-10-27 12:20:00,AMC
2.9,2.9,2.88,2.89,3382,2020-10-27 12:25:00,AMC
2.9,2.9,2.89,2.9,6388,2020-10-27 12:30:00,AMC
2.88,2.9,2.8799,2.9,16907,2020-10-27 12:35:00,AMC
2.8999,2.91,2.88,2.9,12660,2020-10-27 12:40:00,AMC
2.87,2.91,2.87,2.9,5793,2020-10-27 12:45:00,AMC
2.9002,2.91,2.87,2.87,4950,2020-10-27 12:50:00,AMC
2.9,2.9,2.88,2.89,6127,2020-10-27 12:55:00,AMC
2.89,2.89,2.84,2.85,15605,2020-10-27 13:00:00,AMC
2.87,2.87,2.85,2.85,5798,2020-10-27 13:05:00,AMC
2.86,2.87,2.85,2.87,5818,2020-10-27 13:10:00,AMC
2.87,2.87,2.8602,2.8602,11200,2020-10-27 13:15:00,AMC
2.87,2.88,2.8602,2.88,4010,2020-10-27 13:20:00,AMC
2.88,2.9,2.86,2.88,31090,2020-10-27 13:25:00,AMC
2.88,2.9,2.77,2.815,526967,2020-10-27 13:30:00,AMC
2.82,2.84,2.76,2.83,173501,2020-10-27 13:35:00,AMC
2.83,2.83,2.73,2.735,275710,2020-10-27 13:40:00,AMC
2.7384,2.78,2.7368,2.7566,223521,2020-10-27 13:45:00,AMC
2.759,2.78,2.72,2.728,243310,2020-10-27 13:50:00,AMC
2.725,2.75,2.68,2.7199,343408,2020-10-27 13:55:00,AMC
2.7247,2.73,2.7,2.719,152725,2020-10-27 14:00:00,AMC
2.718,2.7486,2.71,2.7199,118930,2020-10-27 14:05:00,AMC
2.7172,2.72,2.7,2.705,162386,2020-10-27 14:10:00,AMC
2.7,2.7,2.67,2.688,370606,2020-10-27 14:15:00,AMC
2.685,2.72,2.68,2.71,183234,2020-10-27 14:20:00,AMC
2.7101,2.74,2.69,2.7,140838,2020-10-27 14:25:00,AMC
2.708,2.7184,2.69,2.69,87797,2020-10-27 14:30:00,AMC
2.698,2.7,2.66,2.665,182335,2020-10-27 14:35:00,AMC
2.665,2.6992,2.66,2.6992,171026,2020-10-27 14:40:00,AMC
2.6963,2.71,2.6913,2.7071,78637,2020-10-27 14:45:00,AMC
2.7099,2.7273,2.7,2.7,115767,2020-10-27 14:50:00,AMC
2.708,2.71,2.67,2.675,126871,2020-10-27 14:55:00,AMC
2.6798,2.71,2.67,2.705,195183,2020-10-27 15:00:00,AMC
2.709,2.715,2.6842,2.695,124667,2020-10-27 15:05:00,AMC
2.7,2.7,2.69,2.695,33341,2020-10-27 15:10:00,AMC
2.695,2.6999,2.67,2.685,210909,2020-10-27 15:15:00,AMC
2.6882,2.69,2.67,2.6795,79959,2020-10-27 15:20:00,AMC
2.675,2.6892,2.67,2.6799,107324,2020-10-27 15:25:00,AMC
2.6778,2.69,2.66,2.6782,107817,2020-10-27 15:30:00,AMC
2.68,2.69,2.67,2.6713,57461,2020-10-27 15:35:00,AMC
2.678,2.69,2.67,2.685,55760,2020-10-27 15:40:00,AMC
2.6894,2.69,2.68,2.6888,37077,2020-10-27 15:45:00,AMC
2.685,2.69,2.68,2.685,46398,2020-10-27 15:50:00,AMC
2.6883,2.69,2.665,2.668,68930,2020-10-27 15:55:00,AMC
2.665,2.67,2.63,2.6387,361426,2020-10-27 16:00:00,AMC
2.635,2.67,2.63,2.668,121046,2020-10-27 16:05:00,AMC
2.67,2.67,2.65,2.65,59229,2020-10-27 16:10:00,AMC
2.658,2.66,2.64,2.66,87236,2020-10-27 16:15:00,AMC
2.658,2.658,2.64,2.645,72895,2020-10-27 16:20:00,AMC
2.64,2.6499,2.61,2.6266,223113,2020-10-27 16:25:00,AMC
2.6282,2.68,2.625,2.665,98457,2020-10-27 16:30:00,AMC
2.665,2.6681,2.65,2.655,55684,2020-10-27 16:35:00,AMC
2.655,2.67,2.65,2.65,47081,2020-10-27 16:40:00,AMC
2.658,2.66,2.64,2.645,46856,2020-10-27 16:45:00,AMC
2.645,2.65,2.64,2.65,68170,2020-10-27 16:50:00,AMC
2.6507,2.67,2.6507,2.668,31268,2020-10-27 16:55:00,AMC
2.6673,2.67,2.66,2.6682,51905,2020-10-27 17:00:00,AMC
2.6658,2.67,2.66,2.67,81742,2020-10-27 17:05:00,AMC
2.6658,2.69,2.66,2.6805,129060,2020-10-27 17:10:00,AMC
2.69,2.7,2.685,2.7,113501,2020-10-27 17:15:00,AMC
2.695,2.7,2.6801,2.69,72649,2020-10-27 17:20:00,AMC
2.6873,2.6899,2.65,2.665,62366,2020-10-27 17:25:00,AMC
2.6677,2.68,2.665,2.678,17364,2020-10-27 17:30:00,AMC
2.675,2.68,2.66,2.665,39512,2020-10-27 17:35:00,AMC
2.6618,2.67,2.65,2.6688,73804,2020-10-27 17:40:00,AMC
2.665,2.68,2.665,2.6788,36913,2020-10-27 17:45:00,AMC
2.6762,2.68,2.65,2.67,67726,2020-10-27 17:50:00,AMC
2.66,2.71,2.66,2.7061,376245,2020-10-27 17:55:00,AMC
2.708,2.71,2.7,2.7,37252,2020-10-27 18:00:00,AMC
2.705,2.7085,2.68,2.688,80331,2020-10-27 18:05:00,AMC
2.6888,2.71,2.68,2.7023,80704,2020-10-27 18:10:00,AMC
2.7,2.7,2.69,2.69,44873,2020-10-27 18:15:00,AMC
2.695,2.71,2.69,2.69,68798,2020-10-27 18:20:00,AMC
2.695,2.72,2.69,2.7,120248,2020-10-27 18:25:00,AMC
2.7,2.72,2.7,2.715,42833,2020-10-27 18:30:00,AMC
2.7187,2.73,2.71,2.715,92987,2020-10-27 18:35:00,AMC
2.71,2.7284,2.7,2.705,82545,2020-10-27 18:40:00,AMC
2.705,2.71,2.675,2.69,117628,2020-10-27 18:45:00,AMC
2.69,2.73,2.69,2.728,122355,2020-10-27 18:50:00,AMC
2.725,2.7453,2.72,2.725,216617,2020-10-27 18:55:00,AMC
2.72,2.74,2.71,2.725,96776,2020-10-27 19:00:00,AMC
2.725,2.73,2.71,2.725,61232,2020-10-27 19:05:00,AMC
2.72,2.73,2.72,2.72,82220,2020-10-27 19:10:00,AMC
2.7201,2.7299,2.7,2.723,95265,2020-10-27 19:15:00,AMC
2.7299,2.74,2.715,2.73,131852,2020-10-27 19:20:00,AMC
2.732,2.7599,2.725,2.732,185643,2020-10-27 19:25:00,AMC
2.7388,2.79,2.735,2.79,167695,2020-10-27 19:30:00,AMC
2.785,2.825,2.78,2.78,323270,2020-10-27 19:35:00,AMC
2.785,2.8,2.77,2.7713,102418,2020-10-27 19:40:00,AMC
2.77,2.78,2.76,2.777,171129,2020-10-27 19:45:00,AMC
2.775,2.8082,2.772,2.805,435777,2020-10-27 19:50:00,AMC
2.805,2.8087,2.77,2.8,333678,2020-10-27 19:55:00,AMC
2.79,2.8,2.77,2.8,53491,2020-10-27 20:00:00,AMC
2.8,2.8,2.8,2.8,100,2020-10-27 20:05:00,AMC
2.7899,2.79,2.7899,2.79,400,2020-10-27 20:10:00,AMC
2.79,2.8,2.79,2.8,3148,2020-10-27 20:15:00,AMC
2.8,2.8,2.79,2.79,12183,2020-10-27 20:20:00,AMC
2.7898,2.7898,2.76,2.76,3119,2020-10-27 20:25:00,AMC
2.77,2.8,2.77,2.8,1939,2020-10-27 20:30:00,AMC
2.7802,2.79,2.78,2.78,700,2020-10-27 20:35:00,AMC
2.79,2.79,2.79,2.79,200,2020-10-27 20:40:00,AMC
2.78,2.79,2.78,2.7898,800,2020-10-27 20:45:00,AMC
2.77,2.78,2.77,2.78,200,2020-10-27 20:50:00,AMC
2.78,2.79,2.78,2.79,939,2020-10-27 20:55:00,AMC
2.8,2.8,2.79,2.79,1170,2020-10-27 21:00:00,AMC
2.7902,2.7998,2.79,2.79,1300,2020-10-27 21:05:00,AMC
2.79,2.8,2.79,2.7999,3699,2020-10-27 21:10:00,AMC
2.7998,2.8,2.7998,2.8,300,2020-10-27 21:15:00,AMC
2.8,2.8,2.8,2.8,1000,2020-10-27 21:20:00,AMC
2.79,2.8,2.79,2.8,1318,2020-10-27 21:35:00,AMC
2.8,2.8,2.8,2.8,600,2020-10-27 21:40:00,AMC
2.79,2.8,2.79,2.8,4549,2020-10-27 21:45:00,AMC
2.79,2.8,2.79,2.8,551,2020-10-27 21:55:00,AMC
2.78,2.78,2.78,2.78,1650,2020-10-27 22:10:00,AMC
2.78,2.78,2.78,2.78,1100,2020-10-27 22:15:00,AMC
2.77,2.78,2.77,2.78,1230,2020-10-27 22:25:00,AMC
2.79,2.79,2.79,2.79,2270,2020-10-27 22:30:00,AMC
2.77,2.77,2.77,2.77,915,2020-10-27 22:50:00,AMC
2.77,2.78,2.77,2.78,494,2020-10-27 22:55:00,AMC
2.78,2.78,2.78,2.78,100,2020-10-27 23:00:00,AMC
2.75,2.78,2.75,2.78,10984,2020-10-27 23:05:00,AMC
2.78,2.78,2.78,2.78,100,2020-10-27 23:10:00,AMC
2.79,2.79,2.79,2.79,1000,2020-10-27 23:15:00,AMC
2.78,2.78,2.78,2.78,7500,2020-10-27 23:20:00,AMC
2.77,2.77,2.77,2.77,2710,2020-10-27 23:55:00,AMC
2.77,2.77,2.7,2.7,280,2020-10-28 08:05:00,AMC
2.75,2.75,2.72,2.72,655,2020-10-28 08:15:00,AMC
2.7,2.7,2.7,2.7,350,2020-10-28 09:30:00,AMC
2.7,2.7,2.7,2.7,1712,2020-10-28 10:15:00,AMC
2.69,2.69,2.67,2.67,964,2020-10-28 10:20:00,AMC
2.69,2.69,2.69,2.69,370,2020-10-28 10:45:00,AMC
2.69,2.69,2.69,2.69,790,2020-10-28 11:00:00,AMC
2.7,2.7,2.7,2.7,1200,2020-10-28 11:05:00,AMC
2.7,2.7,2.7,2.7,542,2020-10-28 11:40:00,AMC
2.72,2.72,2.7101,2.7198,1300,2020-10-28 12:00:00,AMC
2.71,2.71,2.71,2.71,300,2020-10-28 12:05:00,AMC
2.7101,2.7101,2.71,2.71,280,2020-10-28 12:10:00,AMC
2.7,2.72,2.7,2.7101,5054,2020-10-28 12:15:00,AMC
2.72,2.72,2.71,2.71,6086,2020-10-28 12:20:00,AMC
2.7,2.7198,2.7,2.7,3160,2020-10-28 12:25:00,AMC
2.7,2.7,2.67,2.67,4038,2020-10-28 12:30:00,AMC
2.67,2.67,2.6501,2.67,8424,2020-10-28 12:35:00,AMC
2.6701,2.6701,2.66,2.67,3000,2020-10-28 12:40:00,AMC
2.6601,2.67,2.66,2.66,3907,2020-10-28 12:45:00,AMC
2.6601,2.68,2.66,2.6698,1299,2020-10-28 12:50:00,AMC
2.66,2.67,2.66,2.66,22063,2020-10-28 12:55:00,AMC
2.66,2.67,2.65,2.6501,16698,2020-10-28 13:00:00,AMC
2.65,2.66,2.65,2.65,16366,2020-10-28 13:05:00,AMC
2.66,2.67,2.66,2.6698,13107,2020-10-28 13:10:00,AMC
2.67,2.67,2.67,2.67,764,2020-10-28 13:15:00,AMC
2.67,2.67,2.66,2.6698,2967,2020-10-28 13:20:00,AMC
2.66,2.68,2.65,2.66,9160,2020-10-28 13:25:00,AMC
2.69,2.74,2.64,2.685,284437,2020-10-28 13:30:00,AMC
2.688,2.7,2.65,2.685,229438,2020-10-28 13:35:00,AMC
2.685,2.74,2.6817,2.74,94753,2020-10-28 13:40:00,AMC
2.73,2.73,2.68,2.685,189355,2020-10-28 13:45:00,AMC
2.685,2.69,2.66,2.6812,124627,2020-10-28 13:50:00,AMC
2.68,2.685,2.63,2.6387,225529,2020-10-28 13:55:00,AMC
2.63,2.64,2.61,2.6147,153611,2020-10-28 14:00:00,AMC
2.61,2.6389,2.58,2.605,375940,2020-10-28 14:05:00,AMC
2.6037,2.62,2.6,2.615,142301,2020-10-28 14:10:00,AMC
2.615,2.65,2.615,2.645,168085,2020-10-28 14:15:00,AMC
2.64,2.65,2.605,2.625,114488,2020-10-28 14:20:00,AMC
2.6267,2.6288,2.58,2.5971,175438,2020-10-28 14:25:00,AMC
2.6,2.6187,2.5918,2.6,111534,2020-10-28 14:30:00,AMC
2.6075,2.64,2.601,2.625,76973,2020-10-28 14:35:00,AMC
2.62,2.63,2.62,2.6265,34015,2020-10-28 14:40:00,AMC
2.625,2.625,2.61,2.61,78149,2020-10-28 14:45:00,AMC
2.61,2.615,2.59,2.61,146060,2020-10-28 14:50:00,AMC
2.6092,2.62,2.6,2.6088,52382,2020-10-28 14:55:00,AMC
2.605,2.62,2.58,2.62,143879,2020-10-28 15:00:00,AMC
2.61,2.62,2.6,2.6016,77219,2020-10-28 15:05:00,AMC
2.605,2.61,2.58,2.58,104771,2020-10-28 15:10:00,AMC
2.5859,2.6088,2.58,2.6,83364,2020-10-28 15:15:00,AMC
2.595,2.6,2.58,2.6,67986,2020-10-28 15:20:00,AMC
2.595,2.61,2.59,2.61,69541,2020-10-28 15:25:00,AMC
2.6,2.62,2.59,2.615,75003,2020-10-28 15:30:00,AMC
2.62,2.63,2.62,2.6201,48463,2020-10-28 15:35:00,AMC
2.6226,2.6399,2.61,2.635,58101,2020-10-28 15:40:00,AMC
2.63,2.63,2.61,2.6192,53099,2020-10-28 15:45:00,AMC
2.6198,2.655,2.61,2.6513,89515,2020-10-28 15:50:00,AMC
2.65,2.67,2.645,2.6679,69702,2020-10-28 15:55:00,AMC
2.66,2.6799,2.645,2.65,117569,2020-10-28 16:00:00,AMC
2.6492,2.68,2.63,2.675,94524,2020-10-28 16:05:00,AMC
2.6785,2.71,2.67,2.7086,203556,2020-10-28 16:10:00,AMC
2.7012,2.71,2.66,2.665,62084,2020-10-28 16:15:00,AMC
2.665,2.71,2.65,2.7036,260666,2020-10-28 16:20:00,AMC
2.7055,2.72,2.69,2.7012,151951,2020-10-28 16:25:00,AMC
2.705,2.71,2.7,2.7,17107,2020-10-28 16:30:00,AMC
2.708,2.71,2.7,2.71,44125,2020-10-28 16:35:00,AMC
2.7012,2.71,2.68,2.685,44503,2020-10-28 16:40:00,AMC
2.6812,2.6888,2.64,2.6442,73279,2020-10-28 16:45:00,AMC
2.64,2.66,2.63,2.6554,67151,2020-10-28 16:50:00,AMC
2.655,2.68,2.65,2.655,37723,2020-10-28 16:55:00,AMC
2.65,2.65,2.63,2.635,56458,2020-10-28 17:00:00,AMC
2.63,2.64,2.63,2.6338,45902,2020-10-28 17:05:00,AMC
2.6387,2.64,2.62,2.625,50848,2020-10-28 17:10:00,AMC
2.62,2.63,2.61,2.6179,75606,2020-10-28 17:15:00,AMC
2.615,2.62,2.61,2.615,68982,2020-10-28 17:20:00,AMC
2.6192,2.6192,2.6,2.605,75057,2020-10-28 17:25:00,AMC
2.605,2.6488,2.605,2.6469,71634,2020-10-28 17:30:00,AMC
2.6412,2.6499,2.63,2.635,36976,2020-10-28 17:35:00,AMC
2.63,2.64,2.62,2.625,32659,2020-10-28 17:40:00,AMC
2.6212,2.6299,2.62,2.6288,44948,2020-10-28 17:45:00,AMC
2.62,2.6288,2.61,2.6212,81392,2020-10-28 17:50:00,AMC
2.62,2.65,2.62,2.645,62752,2020-10-28 17:55:00,AMC
2.645,2.65,2.63,2.63,48014,2020-10-28 18:00:00,AMC
2.635,2.64,2.62,2.62,45882,2020-10-28 18:05:00,AMC
2.62,2.62,2.61,2.615,59958,2020-10-28 18:10:00,AMC
2.61,2.6199,2.6,2.61,48416,2020-10-28 18:15:00,AMC
2.61,2.62,2.6,2.615,36070,2020-10-28 18:20:00,AMC
2.615,2.62,2.6,2.615,73642,2020-10-28 18:25:00,AMC
2.62,2.6374,2.61,2.625,41307,2020-10-28 18:30:00,AMC
2.6288,2.63,2.62,2.63,13072,2020-10-28 18:35:00,AMC
2.626,2.65,2.626,2.64,62426,2020-10-28 18:40:00,AMC
2.645,2.65,2.64,2.645,10295,2020-10-28 18:45:00,AMC
2.6427,2.65,2.64,2.65,54123,2020-10-28 18:50:00,AMC
2.6412,2.67,2.64,2.66,78064,2020-10-28 18:55:00,AMC
2.665,2.665,2.64,2.6483,38476,2020-10-28 19:00:00,AMC
2.6401,2.648,2.61,2.615,38383,2020-10-28 19:05:00,AMC
2.6113,2.63,2.61,2.6201,68483,2020-10-28 19:10:00,AMC
2.63,2.63,2.62,2.6216,51075,2020-10-28 19:15:00,AMC
2.63,2.64,2.61,2.64,94132,2020-10-28 19:20:00,AMC
2.6301,2.65,2.6301,2.64,75763,2020-10-28 19:25:00,AMC
2.64,2.65,2.63,2.64,54670,2020-10-28 19:30:00,AMC
2.65,2.65,2.63,2.635,68023,2020-10-28 19:35:00,AMC
2.6301,2.64,2.62,2.6216,98013,2020-10-28 19:40:00,AMC
2.62,2.6299,2.6,2.61,170897,2020-10-28 19:45:00,AMC
2.62,2.62,2.6,2.601,329363,2020-10-28 19:50:00,AMC
2.605,2.62,2.595,2.6,295832,2020-10-28 19:55:00,AMC
2.61,2.61,2.59,2.61,89500,2020-10-28 20:00:00,AMC
2.6098,2.6098,2.6098,2.6098,191,2020-10-28 20:05:00,AMC
2.61,2.61,2.6098,2.61,550,2020-10-28 20:10:00,AMC
2.6098,2.61,2.6,2.61,2100,2020-10-28 20:15:00,AMC
2.61,2.61,2.6,2.6,1840,2020-10-28 20:20:00,AMC
2.61,2.61,2.6,2.6,1845,2020-10-28 20:25:00,AMC
2.61,2.61,2.61,2.61,6695,2020-10-28 20:30:00,AMC
2.6,2.6098,2.5998,2.5998,3806,2020-10-28 20:35:00,AMC
2.61,2.61,2.61,2.61,100,2020-10-28 20:40:00,AMC
2.61,2.61,2.61,2.61,2673,2020-10-28 20:45:00,AMC
2.61,2.61,2.6,2.61,3254,2020-10-28 20:50:00,AMC
2.61,2.61,2.61,2.61,1998,2020-10-28 20:55:00,AMC
2.61,2.61,2.6,2.61,3876,2020-10-28 21:00:00,AMC
2.61,2.61,2.61,2.61,200,2020-10-28 21:05:00,AMC
2.61,2.64,2.61,2.64,1477,2020-10-28 21:15:00,AMC
2.62,2.62,2.62,2.62,625,2020-10-28 21:20:00,AMC
2.62,2.62,2.62,2.62,500,2020-10-28 21:30:00,AMC
2.61,2.61,2.61,2.61,1392,2020-10-28 21:35:00,AMC
2.61,2.62,2.6,2.62,6007,2020-10-28 21:40:00,AMC
2.62,2.62,2.61,2.61,299,2020-10-28 21:45:00,AMC
2.64,2.64,2.64,2.64,100,2020-10-28 21:50:00,AMC
2.65,2.65,2.65,2.65,500,2020-10-28 21:55:00,AMC
2.6,2.6,2.6,2.6,1000,2020-10-28 22:00:00,AMC
2.61,2.61,2.61,2.61,3000,2020-10-28 22:10:00,AMC
2.61,2.61,2.61,2.61,200,2020-10-28 22:15:00,AMC
2.61,2.61,2.61,2.61,1400,2020-10-28 22:20:00,AMC
2.61,2.61,2.61,2.61,350,2020-10-28 22:25:00,AMC
2.6,2.6,2.6,2.6,1478,2020-10-28 22:30:00,AMC
2.6,2.6,2.59,2.59,13131,2020-10-28 22:40:00,AMC
2.59,2.59,2.57,2.57,3785,2020-10-28 22:45:00,AMC
2.61,2.61,2.61,2.61,2251,2020-10-28 22:50:00,AMC
2.62,2.62,2.61,2.62,3374,2020-10-28 22:55:00,AMC
2.65,2.65,2.65,2.65,100,2020-10-28 23:00:00,AMC
2.63,2.63,2.63,2.63,914,2020-10-28 23:05:00,AMC
2.63,2.63,2.63,2.63,200,2020-10-28 23:10:00,AMC
2.63,2.63,2.63,2.63,8885,2020-10-28 23:15:00,AMC
2.62,2.62,2.62,2.62,1317,2020-10-28 23:20:00,AMC
2.6,2.6,2.6,2.6,313,2020-10-28 23:30:00,AMC
2.6,2.6,2.6,2.6,650,2020-10-28 23:35:00,AMC
2.6,2.65,2.6,2.65,790,2020-10-28 23:40:00,AMC
2.65,2.65,2.65,2.65,300,2020-10-28 23:45:00,AMC
2.61,2.61,2.6,2.6,1210,2020-10-28 23:50:00,AMC
2.62,2.62,2.6,2.62,1531,2020-10-28 23:55:00,AMC
2.66,2.66,2.65,2.66,1190,2020-10-29 11:00:00,AMC
2.66,2.66,2.66,2.66,3637,2020-10-29 11:05:00,AMC
2.62,2.62,2.62,2.62,500,2020-10-29 11:30:00,AMC
2.61,2.61,2.61,2.61,5199,2020-10-29 11:40:00,AMC
2.61,2.61,2.61,2.61,2533,2020-10-29 11:45:00,AMC
2.6,2.6001,2.6,2.6001,5975,2020-10-29 11:55:00,AMC
2.6001,2.62,2.6001,2.62,1400,2020-10-29 12:00:00,AMC
2.61,2.61,2.61,2.61,314,2020-10-29 12:05:00,AMC
2.61,2.61,2.61,2.61,230,2020-10-29 12:10:00,AMC
2.6001,2.6001,2.6,2.6,330,2020-10-29 12:15:00,AMC
2.6099,2.6899,2.6099,2.6899,10381,2020-10-29 12:25:00,AMC
2.61,2.6799,2.61,2.6799,8970,2020-10-29 12:35:00,AMC
2.68,2.68,2.68,2.68,494,2020-10-29 12:45:00,AMC
2.6799,2.68,2.62,2.668,5197,2020-10-29 12:55:00,AMC
2.62,2.62,2.61,2.611,4592,2020-10-29 13:00:00,AMC
2.62,2.67,2.62,2.67,1570,2020-10-29 13:05:00,AMC
2.65,2.67,2.65,2.67,1730,2020-10-29 13:10:00,AMC
2.66,2.66,2.64,2.65,4550,2020-10-29 13:15:00,AMC
2.65,2.67,2.65,2.65,6438,2020-10-29 13:20:00,AMC
2.65,2.65,2.65,2.65,1000,2020-10-29 13:25:00,AMC
2.65,2.68,2.56,2.5718,375886,2020-10-29 13:30:00,AMC
2.57,2.58,2.53,2.5724,281127,2020-10-29 13:35:00,AMC
2.58,2.58,2.51,2.528,248378,2020-10-29 13:40:00,AMC
2.525,2.575,2.52,2.565,142164,2020-10-29 13:45:00,AMC
2.565,2.58,2.56,2.565,74523,2020-10-29 13:50:00,AMC
2.57,2.58,2.56,2.57,75248,2020-10-29 13:55:00,AMC
2.56,2.565,2.54,2.545,74087,2020-10-29 14:00:00,AMC
2.545,2.5499,2.51,2.51,187751,2020-10-29 14:05:00,AMC
2.5113,2.5401,2.51,2.5213,145054,2020-10-29 14:10:00,AMC
2.5288,2.55,2.52,2.545,110688,2020-10-29 14:15:00,AMC
2.545,2.55,2.525,2.5494,100344,2020-10-29 14:20:00,AMC
2.55,2.58,2.5412,2.58,170056,2020-10-29 14:25:00,AMC
2.5713,2.58,2.57,2.57,65695,2020-10-29 14:30:00,AMC
2.575,2.58,2.55,2.5554,64460,2020-10-29 14:35:00,AMC
2.555,2.56,2.55,2.5599,52781,2020-10-29 14:40:00,AMC
2.555,2.56,2.52,2.5387,190429,2020-10-29 14:45:00,AMC
2.5352,2.56,2.535,2.5469,100426,2020-10-29 14:50:00,AMC
2.5448,2.55,2.53,2.535,115831,2020-10-29 14:55:00,AMC
2.5303,2.54,2.51,2.5179,139160,2020-10-29 15:00:00,AMC
2.5154,2.528,2.51,2.52,76378,2020-10-29 15:05:00,AMC
2.528,2.53,2.51,2.528,97908,2020-10-29 15:10:00,AMC
2.525,2.53,2.5,2.515,411714,2020-10-29 15:15:00,AMC
2.515,2.52,2.51,2.5101,51559,2020-10-29 15:20:00,AMC
2.51,2.55,2.51,2.5387,191526,2020-10-29 15:25:00,AMC
2.535,2.5393,2.52,2.52,39858,2020-10-29 15:30:00,AMC
2.5217,2.53,2.51,2.515,111147,2020-10-29 15:35:00,AMC
2.5199,2.52,2.51,2.51,43224,2020-10-29 15:40:00,AMC
2.52,2.52,2.5,2.52,90878,2020-10-29 15:45:00,AMC
2.5184,2.53,2.51,2.5187,112554,2020-10-29 15:50:00,AMC
2.5185,2.535,2.515,2.53,158384,2020-10-29 15:55:00,AMC
2.525,2.53,2.52,2.525,42777,2020-10-29 16:00:00,AMC
2.53,2.53,2.52,2.528,47642,2020-10-29 16:05:00,AMC
2.525,2.53,2.51,2.5201,67258,2020-10-29 16:10:00,AMC
2.53,2.53,2.51,2.51,79085,2020-10-29 16:15:00,AMC
2.5116,2.52,2.51,2.5148,37467,2020-10-29 16:20:00,AMC
2.515,2.52,2.51,2.51,80540,2020-10-29 16:25:00,AMC
2.515,2.52,2.505,2.51,84593,2020-10-29 16:30:00,AMC
2.515,2.52,2.51,2.52,17594,2020-10-29 16:35:00,AMC
2.51,2.52,2.505,2.5184,45251,2020-10-29 16:40:00,AMC
2.515,2.53,2.5116,2.525,68229,2020-10-29 16:45:00,AMC
2.525,2.53,2.52,2.5216,48872,2020-10-29 16:50:00,AMC
2.52,2.5299,2.52,2.52,45215,2020-10-29 16:55:00,AMC
2.52,2.53,2.5125,2.515,49034,2020-10-29 17:00:00,AMC
2.5192,2.52,2.5,2.51,86060,2020-10-29 17:05:00,AMC
2.515,2.5199,2.51,2.5199,61241,2020-10-29 17:10:00,AMC
2.5181,2.52,2.51,2.51,35498,2020-10-29 17:15:00,AMC
2.5172,2.5187,2.5,2.505,561981,2020-10-29 17:20:00,AMC
2.5099,2.51,2.5,2.5,64919,2020-10-29 17:25:00,AMC
2.5088,2.52,2.5,2.5158,40084,2020-10-29 17:30:00,AMC
2.5159,2.52,2.5,2.51,48046,2020-10-29 17:35:00,AMC
2.5099,2.51,2.5,2.51,54503,2020-10-29 17:40:00,AMC
2.51,2.51,2.5,2.51,64237,2020-10-29 17:45:00,AMC
2.5,2.51,2.5,2.5038,34265,2020-10-29 17:50:00,AMC
2.5013,2.51,2.5,2.51,35264,2020-10-29 17:55:00,AMC
2.5088,2.51,2.5,2.505,85431,2020-10-29 18:00:00,AMC
2.505,2.51,2.48,2.4857,314257,2020-10-29 18:05:00,AMC
2.48,2.49,2.48,2.49,83200,2020-10-29 18:10:00,AMC
2.485,2.49,2.48,2.4813,59196,2020-10-29 18:15:00,AMC
2.49,2.49,2.48,2.48,46190,2020-10-29 18:20:00,AMC
2.4888,2.52,2.48,2.52,176410,2020-10-29 18:25:00,AMC
2.517,2.52,2.5,2.5151,97006,2020-10-29 18:30:00,AMC
2.51,2.52,2.5,2.5,36465,2020-10-29 18:35:00,AMC
2.5027,2.51,2.5,2.5088,70975,2020-10-29 18:40:00,AMC
2.5013,2.51,2.5,2.51,34200,2020-10-29 18:45:00,AMC
2.51,2.51,2.5,2.5088,58571,2020-10-29 18:50:00,AMC
2.505,2.51,2.5,2.505,42939,2020-10-29 18:55:00,AMC
2.505,2.51,2.5,2.5088,24968,2020-10-29 19:00:00,AMC
2.5013,2.52,2.5,2.518,54001,2020-10-29 19:05:00,AMC
2.5136,2.52,2.5,2.51,40063,2020-10-29 19:10:00,AMC
2.505,2.51,2.49,2.5081,169081,2020-10-29 19:15:00,AMC
2.5048,2.51,2.5,2.505,38546,2020-10-29 19:20:00,AMC
2.508,2.51,2.5,2.505,42260,2020-10-29 19:25:00,AMC
2.505,2.51,2.5,2.5001,40990,2020-10-29 19:30:00,AMC
2.5058,2.51,2.5,2.508,36586,2020-10-29 19:35:00,AMC
2.5082,2.51,2.5,2.51,78882,2020-10-29 19:40:00,AMC
2.5086,2.51,2.5,2.5,123981,2020-10-29 19:45:00,AMC
2.505,2.53,2.5,2.525,382564,2020-10-29 19:50:00,AMC
2.525,2.53,2.5,2.52,483731,2020-10-29 19:55:00,AMC
2.52,2.52,2.51,2.51,70689,2020-10-29 20:00:00,AMC
2.52,2.52,2.52,2.52,409,2020-10-29 20:05:00,AMC
2.52,2.52,2.5098,2.51,650,2020-10-29 20:10:00,AMC
2.5,2.51,2.5,2.5098,550,2020-10-29 20:15:00,AMC
2.51,2.51,2.5,2.5,2670,2020-10-29 20:20:00,AMC
2.5098,2.51,2.5098,2.51,774,2020-10-29 20:25:00,AMC
2.5,2.5002,2.5,2.5002,1124,2020-10-29 20:35:00,AMC
2.5,2.5002,2.4998,2.5,7714,2020-10-29 20:40:00,AMC
2.5,2.5,2.49,2.49,10096,2020-10-29 20:45:00,AMC
2.4998,2.4998,2.49,2.49,650,2020-10-29 20:50:00,AMC
2.5,2.5,2.5,2.5,1192,2020-10-29 20:55:00,AMC
2.49,2.49,2.49,2.49,1441,2020-10-29 21:00:00,AMC
2.49,2.5,2.49,2.5,2087,2020-10-29 21:10:00,AMC
2.49,2.49,2.49,2.49,2720,2020-10-29 21:15:00,AMC
2.52,2.52,2.4998,2.4998,1726,2020-10-29 21:20:00,AMC
2.5,2.5,2.4902,2.4902,1500,2020-10-29 21:25:00,AMC
2.5,2.51,2.5,2.51,2300,2020-10-29 21:30:00,AMC
2.5,2.5,2.5,2.5,200,2020-10-29 21:45:00,AMC
2.5001,2.51,2.5001,2.51,1100,2020-10-29 21:50:00,AMC
2.51,2.51,2.51,2.51,150,2020-10-29 21:55:00,AMC
2.5,2.5,2.5,2.5,800,2020-10-29 22:10:00,AMC
2.51,2.51,2.51,2.51,4945,2020-10-29 22:15:00,AMC
2.51,2.51,2.51,2.51,403,2020-10-29 22:20:00,AMC
2.5,2.5,2.5,2.5,300,2020-10-29 22:25:00,AMC
2.5,2.51,2.5,2.51,1797,2020-10-29 22:45:00,AMC
2.51,2.51,2.51,2.51,300,2020-10-29 22:50:00,AMC
2.51,2.51,2.51,2.51,1713,2020-10-29 22:55:00,AMC
2.51,2.51,2.51,2.51,16833,2020-10-29 23:05:00,AMC
2.51,2.51,2.5,2.5,1625,2020-10-29 23:10:00,AMC
2.5,2.5,2.5,2.5,13166,2020-10-29 23:15:00,AMC
2.5,2.5,2.5,2.5,1793,2020-10-29 23:25:00,AMC
2.5,2.5,2.5,2.5,2600,2020-10-29 23:30:00,AMC
2.49,2.49,2.49,2.49,100,2020-10-29 23:35:00,AMC
2.5,2.52,2.5,2.5,2250,2020-10-29 23:40:00,AMC
2.5,2.5,2.49,2.49,644,2020-10-29 23:45:00,AMC
2.49,2.49,2.49,2.49,2500,2020-10-29 23:50:00,AMC
2.5,2.5,2.49,2.5,1787,2020-10-29 23:55:00,AMC
2.48,2.48,2.47,2.47,708,2020-10-30 08:30:00,AMC
2.48,2.48,2.48,2.48,1259,2020-10-30 08:50:00,AMC
2.48,2.48,2.48,2.48,500,2020-10-30 09:15:00,AMC
2.5,2.51,2.5,2.51,5479,2020-10-30 09:20:00,AMC
2.49,2.49,2.49,2.49,365,2020-10-30 09:30:00,AMC
2.49,2.49,2.49,2.49,500,2020-10-30 09:35:00,AMC
2.49,2.49,2.49,2.49,500,2020-10-30 09:40:00,AMC
2.49,2.49,2.49,2.49,500,2020-10-30 09:45:00,AMC
2.48,2.48,2.48,2.48,600,2020-10-30 09:55:00,AMC
2.48,2.48,2.48,2.48,4633,2020-10-30 10:15:00,AMC
2.48,2.48,2.48,2.48,100,2020-10-30 10:20:00,AMC
2.49,2.51,2.48,2.48,1748,2020-10-30 11:00:00,AMC
2.5,2.5,2.5,2.5,1000,2020-10-30 11:10:00,AMC
2.5,2.5,2.5,2.5,200,2020-10-30 11:15:00,AMC
2.5,2.5,2.5,2.5,500,2020-10-30 11:30:00,AMC
2.5,2.5,2.5,2.5,7697,2020-10-30 11:50:00,AMC
2.5,2.5,2.5,2.5,500,2020-10-30 11:55:00,AMC
2.4802,2.5,2.48,2.5,10956,2020-10-30 12:00:00,AMC
2.51,2.51,2.51,2.51,246,2020-10-30 12:10:00,AMC
2.5098,2.5098,2.5098,2.5098,100,2020-10-30 12:15:00,AMC
2.5001,2.5001,2.5,2.5,1095,2020-10-30 12:20:00,AMC
2.5,2.5,2.47,2.47,23249,2020-10-30 12:25:00,AMC
2.4701,2.4701,2.4701,2.4701,2850,2020-10-30 12:35:00,AMC
2.5,2.5,2.5,2.5,2000,2020-10-30 12:45:00,AMC
2.5,2.5,2.5,2.5,500,2020-10-30 12:50:00,AMC
2.51,2.51,2.5,2.5,3662,2020-10-30 12:55:00,AMC
2.5,2.5,2.5,2.5,1167,2020-10-30 13:00:00,AMC
2.5189,2.52,2.51,2.51,1146,2020-10-30 13:05:00,AMC
2.5199,2.52,2.5199,2.52,2198,2020-10-30 13:10:00,AMC
2.52,2.52,2.52,2.52,700,2020-10-30 13:15:00,AMC
2.5,2.5001,2.5,2.5,3146,2020-10-30 13:20:00,AMC
2.5,2.5,2.49,2.49,1715,2020-10-30 13:25:00,AMC
2.48,2.49,2.39,2.44,678220,2020-10-30 13:30:00,AMC
2.4366,2.47,2.42,2.42,219561,2020-10-30 13:35:00,AMC
2.428,2.44,2.41,2.4308,126814,2020-10-30 13:40:00,AMC
2.4385,2.4385,2.378,2.3796,450442,2020-10-30 13:45:00,AMC
2.3701,2.4,2.37,2.3783,154254,2020-10-30 13:50:00,AMC
2.375,2.4,2.37,2.3979,107916,2020-10-30 13:55:00,AMC
2.3985,2.42,2.39,2.42,139578,2020-10-30 14:00:00,AMC
2.415,2.43,2.4,2.41,129385,2020-10-30 14:05:00,AMC
2.4148,2.43,2.41,2.41,136476,2020-10-30 14:10:00,AMC
2.4188,2.43,2.41,2.42,96242,2020-10-30 14:15:00,AMC
2.415,2.42,2.3912,2.3984,89737,2020-10-30 14:20:00,AMC
2.39,2.395,2.38,2.385,97919,2020-10-30 14:25:00,AMC
2.3813,2.395,2.38,2.3852,143537,2020-10-30 14:30:00,AMC
2.385,2.3887,2.36,2.368,147517,2020-10-30 14:35:00,AMC
2.37,2.37,2.32,2.322,317304,2020-10-30 14:40:00,AMC
2.3258,2.35,2.32,2.3284,236407,2020-10-30 14:45:00,AMC
2.325,2.37,2.32,2.3566,146025,2020-10-30 14:50:00,AMC
2.3566,2.36,2.33,2.3343,53893,2020-10-30 14:55:00,AMC
2.3333,2.35,2.31,2.3499,121129,2020-10-30 15:00:00,AMC
2.35,2.35,2.33,2.347,70401,2020-10-30 15:05:00,AMC
2.3487,2.36,2.34,2.355,77936,2020-10-30 15:10:00,AMC
2.36,2.365,2.35,2.35,120248,2020-10-30 15:15:00,AMC
2.35,2.35,2.33,2.34,79668,2020-10-30 15:20:00,AMC
2.33,2.345,2.33,2.335,73840,2020-10-30 15:25:00,AMC
2.335,2.34,2.31,2.335,240243,2020-10-30 15:30:00,AMC
2.3382,2.38,2.3312,2.36,188579,2020-10-30 15:35:00,AMC
2.365,2.37,2.355,2.36,75361,2020-10-30 15:40:00,AMC
2.3639,2.37,2.33,2.33,123034,2020-10-30 15:45:00,AMC
2.3316,2.345,2.33,2.3388,97050,2020-10-30 15:50:00,AMC
2.3373,2.37,2.32,2.3699,190672,2020-10-30 15:55:00,AMC
2.37,2.41,2.36,2.4019,206587,2020-10-30 16:00:00,AMC
2.405,2.41,2.39,2.4087,69389,2020-10-30 16:05:00,AMC
2.405,2.41,2.4,2.405,58162,2020-10-30 16:10:00,AMC
2.405,2.41,2.38,2.38,86633,2020-10-30 16:15:00,AMC
2.39,2.39,2.38,2.3856,25935,2020-10-30 16:20:00,AMC
2.3887,2.4,2.38,2.395,34676,2020-10-30 16:25:00,AMC
2.394,2.394,2.365,2.37,56796,2020-10-30 16:30:00,AMC
2.38,2.38,2.37,2.3743,61467,2020-10-30 16:35:00,AMC
2.375,2.38,2.35,2.3599,117052,2020-10-30 16:40:00,AMC
2.35,2.35,2.34,2.345,53388,2020-10-30 16:45:00,AMC
2.3462,2.35,2.332,2.348,73415,2020-10-30 16:50:00,AMC
2.3487,2.35,2.33,2.3338,35551,2020-10-30 16:55:00,AMC
2.3399,2.35,2.3323,2.348,34221,2020-10-30 17:00:00,AMC
2.35,2.35,2.33,2.33,74311,2020-10-30 17:05:00,AMC
2.3295,2.3395,2.32,2.3312,44064,2020-10-30 17:10:00,AMC
2.335,2.335,2.32,2.322,49819,2020-10-30 17:15:00,AMC
2.325,2.33,2.32,2.3287,45479,2020-10-30 17:20:00,AMC
2.3287,2.335,2.31,2.33,165848,2020-10-30 17:25:00,AMC
2.335,2.34,2.31,2.32,64877,2020-10-30 17:30:00,AMC
2.32,2.33,2.31,2.3112,25584,2020-10-30 17:35:00,AMC
2.3113,2.315,2.3,2.3087,162072,2020-10-30 17:40:00,AMC
2.305,2.32,2.3,2.32,74612,2020-10-30 17:45:00,AMC
2.31,2.32,2.3013,2.32,104765,2020-10-30 17:50:00,AMC
2.315,2.35,2.3,2.345,233216,2020-10-30 17:55:00,AMC
2.34,2.36,2.34,2.3599,89830,2020-10-30 18:00:00,AMC
2.36,2.4,2.3512,2.3869,261693,2020-10-30 18:05:00,AMC
2.3815,2.4,2.38,2.387,126569,2020-10-30 18:10:00,AMC
2.385,2.39,2.37,2.388,44549,2020-10-30 18:15:00,AMC
2.38,2.4,2.37,2.3778,63999,2020-10-30 18:20:00,AMC
2.3714,2.38,2.37,2.375,27390,2020-10-30 18:25:00,AMC
2.3783,2.38,2.365,2.365,73212,2020-10-30 18:30:00,AMC
2.3628,2.37,2.35,2.3648,53966,2020-10-30 18:35:00,AMC
2.365,2.365,2.34,2.3413,64535,2020-10-30 18:40:00,AMC
2.345,2.36,2.335,2.36,112402,2020-10-30 18:45:00,AMC
2.364,2.39,2.36,2.39,92840,2020-10-30 18:50:00,AMC
2.3859,2.39,2.37,2.3716,28568,2020-10-30 18:55:00,AMC
2.375,2.378,2.36,2.3605,48120,2020-10-30 19:00:00,AMC
2.36,2.3684,2.34,2.3483,51499,2020-10-30 19:05:00,AMC
2.3463,2.37,2.3442,2.3667,84623,2020-10-30 19:10:00,AMC
2.37,2.37,2.35,2.355,60090,2020-10-30 19:15:00,AMC
2.355,2.36,2.34,2.3459,53396,2020-10-30 19:20:00,AMC
2.3413,2.35,2.305,2.315,295155,2020-10-30 19:25:00,AMC
2.318,2.32,2.28,2.3188,495954,2020-10-30 19:30:00,AMC
2.318,2.33,2.3101,2.3184,66316,2020-10-30 19:35:00,AMC
2.31,2.34,2.31,2.335,202513,2020-10-30 19:40:00,AMC
2.335,2.35,2.33,2.33,175883,2020-10-30 19:45:00,AMC
2.33,2.34,2.32,2.32,170842,2020-10-30 19:50:00,AMC
2.32,2.36,2.31,2.36,619898,2020-10-30 19:55:00,AMC
2.36,2.37,2.34,2.34,268569,2020-10-30 20:00:00,AMC
2.35,2.36,2.35,2.36,367,2020-10-30 20:05:00,AMC
2.3599,2.36,2.34,2.35,2546,2020-10-30 20:10:00,AMC
2.3499,2.35,2.3498,2.35,1302,2020-10-30 20:15:00,AMC
2.35,2.35,2.3498,2.3498,200,2020-10-30 20:20:00,AMC
2.3398,2.34,2.3398,2.34,1074,2020-10-30 20:25:00,AMC
2.34,2.34,2.3398,2.34,5700,2020-10-30 20:35:00,AMC
2.34,2.34,2.3398,2.34,1115,2020-10-30 20:40:00,AMC
2.34,2.34,2.33,2.33,6423,2020-10-30 20:45:00,AMC
2.33,2.33,2.3298,2.3298,770,2020-10-30 20:50:00,AMC
2.33,2.33,2.33,2.33,1690,2020-10-30 20:55:00,AMC
2.33,2.33,2.33,2.33,310,2020-10-30 21:00:00,AMC
2.33,2.33,2.33,2.33,500,2020-10-30 21:05:00,AMC
2.33,2.33,2.31,2.31,12216,2020-10-30 21:10:00,AMC
2.3,2.3,2.29,2.29,9506,2020-10-30 21:15:00,AMC
2.32,2.32,2.32,2.32,200,2020-10-30 21:20:00,AMC
2.3198,2.3198,2.3,2.3,2972,2020-10-30 21:25:00,AMC
2.3,2.31,2.3,2.31,2308,2020-10-30 21:30:00,AMC
2.3,2.32,2.3,2.32,2328,2020-10-30 21:35:00,AMC
2.3199,2.3199,2.3199,2.3199,400,2020-10-30 21:40:00,AMC
2.32,2.32,2.31,2.32,686,2020-10-30 21:45:00,AMC
2.32,2.32,2.32,2.32,400,2020-10-30 21:50:00,AMC
2.32,2.32,2.32,2.32,1250,2020-10-30 21:55:00,AMC
2.32,2.32,2.32,2.32,1500,2020-10-30 22:05:00,AMC
2.32,2.32,2.31,2.31,600,2020-10-30 22:20:00,AMC
2.32,2.32,2.32,2.32,100,2020-10-30 22:30:00,AMC
2.32,2.32,2.32,2.32,5000,2020-10-30 22:35:00,AMC
2.3,2.3,2.3,2.3,3895,2020-10-30 22:40:00,AMC
2.3,2.3,2.29,2.29,4100,2020-10-30 22:50:00,AMC
2.28,2.31,2.27,2.31,7899,2020-10-30 22:55:00,AMC
2.31,2.32,2.31,2.32,1432,2020-10-30 23:00:00,AMC
2.31,2.31,2.3,2.3,1000,2020-10-30 23:20:00,AMC
2.33,2.33,2.33,2.33,336,2020-10-30 23:25:00,AMC
2.33,2.33,2.28,2.28,5220,2020-10-30 23:30:00,AMC
2.27,2.28,2.27,2.28,1360,2020-10-30 23:35:00,AMC
2.3,2.3,2.3,2.3,464,2020-10-30 23:40:00,AMC
2.3,2.3,2.3,2.3,150,2020-10-30 23:45:00,AMC
2.3,2.3,2.3,2.3,100,2020-10-30 23:50:00,AMC
2.3,2.3,2.27,2.28,9961,2020-10-30 23:55:00,AMC
