open,high,low,close,volume,datetime,symbol
278.63,279.48,276.0,279.03,28785,2020-10-01 13:30:00,COUP
278.5801,278.64,274.28,274.28,15173,2020-10-01 13:35:00,COUP
274.76,277.2369,274.005,276.81,13657,2020-10-01 13:40:00,COUP
277.115,278.59,276.29,278.34,8475,2020-10-01 13:45:00,COUP
278.6,280.99,278.6,279.09,24432,2020-10-01 13:50:00,COUP
279.22,280.95,277.655,278.015,12188,2020-10-01 13:55:00,COUP
277.38,278.45,276.54,278.17,11509,2020-10-01 14:00:00,COUP
278.17,278.85,275.16,276.455,8535,2020-10-01 14:05:00,COUP
276.78,277.0291,275.0,276.7284,6478,2020-10-01 14:10:00,COUP
276.51,276.92,275.81,276.68,6066,2020-10-01 14:15:00,COUP
276.98,277.58,276.7,276.7,3200,2020-10-01 14:20:00,COUP
276.51,276.51,274.99,275.96,3200,2020-10-01 14:25:00,COUP
275.87,276.31,275.745,276.24,2900,2020-10-01 14:30:00,COUP
276.14,278.0773,276.14,277.7,4727,2020-10-01 14:35:00,COUP
277.29,278.14,277.0,278.14,4257,2020-10-01 14:40:00,COUP
277.9,278.21,277.75,277.94,3400,2020-10-01 14:45:00,COUP
278.11,278.6766,277.83,278.6766,3170,2020-10-01 14:50:00,COUP
278.615,278.615,277.84,278.44,3600,2020-10-01 14:55:00,COUP
278.79,278.79,277.295,278.37,3739,2020-10-01 15:00:00,COUP
278.53,279.05,278.22,278.66,5301,2020-10-01 15:05:00,COUP
278.45,278.57,277.94,278.405,2380,2020-10-01 15:10:00,COUP
278.03,278.365,277.79,277.97,3417,2020-10-01 15:15:00,COUP
278.03,278.75,277.95,278.66,2900,2020-10-01 15:20:00,COUP
278.69,278.69,278.0104,278.535,1900,2020-10-01 15:25:00,COUP
278.57,279.01,278.27,279.01,2875,2020-10-01 15:30:00,COUP
278.93,278.96,278.39,278.49,2432,2020-10-01 15:35:00,COUP
278.64,279.06,278.455,278.65,2196,2020-10-01 15:40:00,COUP
278.77,278.77,276.82,276.82,1400,2020-10-01 15:45:00,COUP
276.8657,277.16,276.61,276.86,2100,2020-10-01 15:50:00,COUP
276.82,277.63,276.605,276.63,7502,2020-10-01 15:55:00,COUP
276.77,277.18,276.36,276.92,3300,2020-10-01 16:00:00,COUP
276.94,277.08,276.52,276.86,2302,2020-10-01 16:05:00,COUP
276.78,277.75,276.78,277.49,1500,2020-10-01 16:10:00,COUP
277.87,278.05,277.39,277.88,1400,2020-10-01 16:15:00,COUP
277.88,278.34,277.78,278.05,1614,2020-10-01 16:20:00,COUP
277.92,278.335,277.72,278.02,2300,2020-10-01 16:25:00,COUP
278.21,278.51,277.74,278.235,4501,2020-10-01 16:30:00,COUP
278.36,278.36,277.95,278.07,1303,2020-10-01 16:35:00,COUP
278.4,278.62,278.21,278.37,2910,2020-10-01 16:40:00,COUP
278.04,278.99,277.895,278.99,3468,2020-10-01 16:45:00,COUP
278.77,278.83,278.47,278.83,6635,2020-10-01 16:50:00,COUP
278.82,278.86,278.31,278.51,11999,2020-10-01 16:55:00,COUP
278.64,279.23,278.64,279.1,6726,2020-10-01 17:00:00,COUP
279.17,280.0,279.17,279.87,2194,2020-10-01 17:05:00,COUP
280.025,280.18,279.42,279.62,4033,2020-10-01 17:10:00,COUP
279.68,279.87,279.22,279.8,2885,2020-10-01 17:15:00,COUP
279.72,280.14,279.72,279.95,2546,2020-10-01 17:20:00,COUP
280.14,280.37,279.635,279.93,3450,2020-10-01 17:25:00,COUP
280.15,280.54,279.95,280.18,3990,2020-10-01 17:30:00,COUP
280.21,280.57,280.21,280.57,3089,2020-10-01 17:35:00,COUP
280.81,281.0,280.21,280.48,5872,2020-10-01 17:40:00,COUP
280.43,280.72,280.41,280.695,2600,2020-10-01 17:45:00,COUP
280.57,280.84,280.28,280.72,3512,2020-10-01 17:50:00,COUP
280.805,281.03,279.58,279.61,7105,2020-10-01 17:55:00,COUP
279.9,280.47,278.35,279.6099,7245,2020-10-01 18:00:00,COUP
279.35,279.35,278.31,279.016,4400,2020-10-01 18:05:00,COUP
279.2376,279.47,278.64,278.64,4200,2020-10-01 18:10:00,COUP
278.64,278.64,277.72,278.12,2700,2020-10-01 18:15:00,COUP
278.215,279.3,278.025,279.04,5415,2020-10-01 18:20:00,COUP
278.715,279.6677,278.715,279.6677,4700,2020-10-01 18:25:00,COUP
279.95,280.7,279.7664,280.7,8555,2020-10-01 18:30:00,COUP
280.665,280.73,280.19,280.255,3900,2020-10-01 18:35:00,COUP
280.515,280.78,279.89,280.6291,7535,2020-10-01 18:40:00,COUP
280.54,280.92,280.47,280.525,2100,2020-10-01 18:45:00,COUP
280.43,281.31,280.285,281.18,5512,2020-10-01 18:50:00,COUP
281.26,281.8,281.15,281.54,3694,2020-10-01 18:55:00,COUP
281.63,281.99,281.52,281.71,5339,2020-10-01 19:00:00,COUP
281.47,281.48,280.64,280.8,2801,2020-10-01 19:05:00,COUP
280.89,281.315,280.67,280.68,3681,2020-10-01 19:10:00,COUP
280.51,280.58,280.02,280.07,3734,2020-10-01 19:15:00,COUP
279.96,280.14,279.88,280.035,2828,2020-10-01 19:20:00,COUP
280.065,280.48,279.62,280.2535,3875,2020-10-01 19:25:00,COUP
280.32,280.32,279.87,279.87,3848,2020-10-01 19:30:00,COUP
279.88,280.13,279.04,279.46,7296,2020-10-01 19:35:00,COUP
279.875,279.9,279.39,279.465,3347,2020-10-01 19:40:00,COUP
279.27,279.68,279.115,279.23,4324,2020-10-01 19:45:00,COUP
279.41,280.06,279.14,279.72,10348,2020-10-01 19:50:00,COUP
279.66,280.34,279.505,280.085,19280,2020-10-01 19:55:00,COUP
279.84,279.84,279.84,279.84,47385,2020-10-01 20:00:00,COUP
280.06,280.06,280.06,280.06,18900,2020-10-01 20:05:00,COUP
279.84,279.84,279.84,279.84,141,2020-10-01 20:10:00,COUP
280.0,280.0,280.0,280.0,225,2020-10-01 20:15:00,COUP
280.01,280.01,280.01,280.01,200,2020-10-01 20:55:00,COUP
271.02,271.02,271.02,271.02,502,2020-10-02 11:05:00,COUP
271.99,272.0,271.99,272.0,200,2020-10-02 11:25:00,COUP
271.02,271.02,271.0,271.0,771,2020-10-02 12:45:00,COUP
272.2,272.2,272.2,272.2,100,2020-10-02 13:00:00,COUP
272.0,272.0,272.0,272.0,160,2020-10-02 13:05:00,COUP
273.95,273.95,273.95,273.95,100,2020-10-02 13:25:00,COUP
274.66,276.095,272.4,275.19,16797,2020-10-02 13:30:00,COUP
276.66,281.47,276.66,281.47,14587,2020-10-02 13:35:00,COUP
280.62,281.9799,277.76,281.9799,3465,2020-10-02 13:40:00,COUP
281.4,284.84,281.4,283.72,14935,2020-10-02 13:45:00,COUP
284.172,284.24,281.7,282.89,10464,2020-10-02 13:50:00,COUP
282.89,283.31,281.7,281.7,13752,2020-10-02 13:55:00,COUP
281.54,283.49,281.54,283.1823,5800,2020-10-02 14:00:00,COUP
283.29,283.5,280.59,281.755,5493,2020-10-02 14:05:00,COUP
281.855,282.19,281.0,281.0,2040,2020-10-02 14:10:00,COUP
281.185,281.185,280.18,280.4,8720,2020-10-02 14:15:00,COUP
280.77,281.19,280.3,280.555,1938,2020-10-02 14:20:00,COUP
280.33,281.9098,280.28,280.8673,3011,2020-10-02 14:25:00,COUP
281.155,281.2,278.89,281.17,7364,2020-10-02 14:30:00,COUP
280.8248,280.8248,278.7836,278.7836,5823,2020-10-02 14:35:00,COUP
278.8,280.045,278.79,279.84,8024,2020-10-02 14:40:00,COUP
280.23,281.71,280.23,281.58,2218,2020-10-02 14:45:00,COUP
281.35,281.35,280.82,281.01,2623,2020-10-02 14:50:00,COUP
281.18,282.4999,281.17,282.07,4322,2020-10-02 14:55:00,COUP
281.63,282.0499,281.0,281.04,3276,2020-10-02 15:00:00,COUP
280.62,282.49,280.62,282.49,1357,2020-10-02 15:05:00,COUP
282.24,282.58,282.06,282.505,2647,2020-10-02 15:10:00,COUP
282.48,283.29,282.27,283.29,3467,2020-10-02 15:15:00,COUP
282.85,282.85,282.0,282.0,1549,2020-10-02 15:20:00,COUP
282.21,282.5,281.875,282.13,3235,2020-10-02 15:25:00,COUP
281.675,282.05,280.62,280.6238,3088,2020-10-02 15:30:00,COUP
280.6684,281.24,280.2,280.2,4115,2020-10-02 15:35:00,COUP
280.2,281.085,280.05,280.775,7959,2020-10-02 15:40:00,COUP
280.845,281.62,280.64,281.47,2903,2020-10-02 15:45:00,COUP
281.475,281.475,280.0,280.0,6378,2020-10-02 15:50:00,COUP
279.74,279.74,278.905,278.905,8220,2020-10-02 15:55:00,COUP
278.9,278.91,277.3,277.335,6744,2020-10-02 16:00:00,COUP
277.08,278.33,276.835,277.415,9351,2020-10-02 16:05:00,COUP
277.69,279.18,277.69,278.81,10926,2020-10-02 16:10:00,COUP
278.495,279.02,278.17,279.02,2936,2020-10-02 16:15:00,COUP
279.02,279.24,278.06,278.69,7814,2020-10-02 16:20:00,COUP
278.65,278.91,278.21,278.21,10943,2020-10-02 16:25:00,COUP
278.42,278.52,277.2,277.91,7471,2020-10-02 16:30:00,COUP
277.76,279.325,277.75,279.245,3484,2020-10-02 16:35:00,COUP
279.535,279.535,278.64,278.93,2107,2020-10-02 16:40:00,COUP
279.08,279.99,279.05,279.78,3400,2020-10-02 16:45:00,COUP
279.73,279.97,279.56,279.56,2484,2020-10-02 16:50:00,COUP
279.635,279.635,278.31,278.67,3478,2020-10-02 16:55:00,COUP
278.495,278.495,277.63,277.63,2261,2020-10-02 17:00:00,COUP
277.475,277.475,276.84,276.96,3764,2020-10-02 17:05:00,COUP
276.96,278.05,276.96,277.65,5308,2020-10-02 17:10:00,COUP
277.12,277.98,276.93,277.67,4670,2020-10-02 17:15:00,COUP
277.79,278.72,277.79,278.72,946,2020-10-02 17:20:00,COUP
278.64,278.64,277.75,278.06,1203,2020-10-02 17:25:00,COUP
277.78,278.11,277.39,277.39,3280,2020-10-02 17:30:00,COUP
277.37,278.32,277.37,278.09,2066,2020-10-02 17:35:00,COUP
278.45,278.48,277.75,278.07,2547,2020-10-02 17:40:00,COUP
277.78,278.6,277.76,278.31,3103,2020-10-02 17:45:00,COUP
278.455,278.455,277.783,278.395,2316,2020-10-02 17:50:00,COUP
277.85,278.825,277.64,278.71,1460,2020-10-02 17:55:00,COUP
278.86,279.35,278.86,279.3107,1013,2020-10-02 18:00:00,COUP
279.5,279.7899,279.45,279.76,2025,2020-10-02 18:05:00,COUP
279.5701,279.66,278.905,278.905,2355,2020-10-02 18:10:00,COUP
278.51,279.41,278.51,279.15,6410,2020-10-02 18:15:00,COUP
279.32,279.34,278.71,278.77,3249,2020-10-02 18:20:00,COUP
278.806,278.806,278.23,278.73,1697,2020-10-02 18:25:00,COUP
278.98,278.995,277.8984,278.285,2772,2020-10-02 18:30:00,COUP
278.13,278.51,277.585,277.585,4337,2020-10-02 18:35:00,COUP
277.57,278.12,277.465,278.08,3358,2020-10-02 18:40:00,COUP
278.09,278.47,277.94,277.99,2658,2020-10-02 18:45:00,COUP
277.76,277.78,277.49,277.49,800,2020-10-02 18:50:00,COUP
277.86,278.98,277.86,278.38,5240,2020-10-02 18:55:00,COUP
278.49,279.225,277.905,279.225,4431,2020-10-02 19:00:00,COUP
279.23,279.23,278.435,279.01,3750,2020-10-02 19:05:00,COUP
279.11,279.55,277.885,278.09,5225,2020-10-02 19:10:00,COUP
277.95,278.305,277.77,278.12,1750,2020-10-02 19:15:00,COUP
278.25,278.77,278.24,278.4,1236,2020-10-02 19:20:00,COUP
278.32,278.56,278.17,278.35,1400,2020-10-02 19:25:00,COUP
278.13,278.95,278.025,278.95,2730,2020-10-02 19:30:00,COUP
278.98,278.98,278.29,278.52,14851,2020-10-02 19:35:00,COUP
278.6,278.8,278.28,278.68,7804,2020-10-02 19:40:00,COUP
278.62,278.725,277.94,278.19,11237,2020-10-02 19:45:00,COUP
278.33,278.48,277.1,278.01,15766,2020-10-02 19:50:00,COUP
277.925,278.01,277.24,277.65,27155,2020-10-02 19:55:00,COUP
277.59,277.59,277.59,277.59,108373,2020-10-02 20:00:00,COUP
277.59,277.59,277.59,277.59,483,2020-10-02 20:35:00,COUP
277.59,277.59,277.59,277.59,1257,2020-10-02 20:40:00,COUP
279.0,279.0,279.0,279.0,100,2020-10-05 11:00:00,COUP
280.55,280.55,280.55,280.55,100,2020-10-05 12:30:00,COUP
280.0,280.0,280.0,280.0,150,2020-10-05 12:55:00,COUP
279.78,280.39,278.55,278.59,15336,2020-10-05 13:30:00,COUP
279.43,280.295,277.79,280.295,28400,2020-10-05 13:35:00,COUP
279.9947,280.67,279.49,279.59,750,2020-10-05 13:40:00,COUP
279.92,280.2275,278.64,278.87,1092,2020-10-05 13:45:00,COUP
278.515,278.89,277.19,277.955,5037,2020-10-05 13:50:00,COUP
277.19,278.9564,277.19,277.76,2710,2020-10-05 13:55:00,COUP
277.8336,279.4904,277.8,278.9797,4204,2020-10-05 14:00:00,COUP
278.89,279.52,278.45,278.45,3627,2020-10-05 14:05:00,COUP
279.23,280.7732,279.23,280.285,4449,2020-10-05 14:10:00,COUP
280.29,280.29,278.24,278.35,3854,2020-10-05 14:15:00,COUP
278.0,278.37,277.49,278.01,2973,2020-10-05 14:20:00,COUP
277.53,278.6563,277.53,278.6563,3234,2020-10-05 14:25:00,COUP
278.745,279.81,278.21,279.625,2740,2020-10-05 14:30:00,COUP
279.76,280.29,279.4683,279.4683,15446,2020-10-05 14:35:00,COUP
279.64,279.926,279.1,279.926,4310,2020-10-05 14:40:00,COUP
279.14,279.71,278.79,279.05,5989,2020-10-05 14:45:00,COUP
279.43,280.34,279.16,280.07,2467,2020-10-05 14:50:00,COUP
280.49,280.81,280.0,280.245,4453,2020-10-05 14:55:00,COUP
280.02,280.02,278.38,279.22,3446,2020-10-05 15:00:00,COUP
278.985,279.77,278.96,279.715,3134,2020-10-05 15:05:00,COUP
279.58,280.0,279.35,279.35,2674,2020-10-05 15:10:00,COUP
279.285,279.62,278.75,278.88,1616,2020-10-05 15:15:00,COUP
279.16,279.725,279.0,279.0,910,2020-10-05 15:20:00,COUP
279.205,279.205,277.53,277.89,2494,2020-10-05 15:25:00,COUP
278.175,278.76,278.175,278.455,1517,2020-10-05 15:30:00,COUP
278.545,279.06,278.545,279.06,1000,2020-10-05 15:35:00,COUP
279.135,279.3,278.9,279.3,1877,2020-10-05 15:40:00,COUP
278.95,279.02,278.425,278.76,7469,2020-10-05 15:45:00,COUP
278.54,278.96,278.465,278.7752,4347,2020-10-05 15:50:00,COUP
278.81,279.62,278.81,279.62,2242,2020-10-05 15:55:00,COUP
279.31,279.94,279.26,279.26,2351,2020-10-05 16:00:00,COUP
279.43,280.23,279.33,279.91,1300,2020-10-05 16:05:00,COUP
279.905,280.37,279.905,279.975,1315,2020-10-05 16:10:00,COUP
280.04,280.58,279.65,280.35,2542,2020-10-05 16:15:00,COUP
280.315,280.68,280.24,280.62,1500,2020-10-05 16:20:00,COUP
280.78,280.79,280.18,280.18,4427,2020-10-05 16:25:00,COUP
280.2253,280.68,280.2253,280.68,2279,2020-10-05 16:30:00,COUP
280.47,280.53,280.1,280.175,1414,2020-10-05 16:35:00,COUP
280.69,280.88,280.38,280.88,1100,2020-10-05 16:40:00,COUP
280.99,281.235,280.445,280.91,4686,2020-10-05 16:45:00,COUP
281.005,282.515,280.9,282.5,4530,2020-10-05 16:50:00,COUP
282.234,283.6,282.105,283.36,6684,2020-10-05 16:55:00,COUP
283.345,283.63,282.83,282.955,1087,2020-10-05 17:00:00,COUP
283.06,283.06,282.42,282.61,1600,2020-10-05 17:05:00,COUP
282.7,282.8538,282.2,282.2,1439,2020-10-05 17:10:00,COUP
282.44,282.54,281.855,282.355,2902,2020-10-05 17:15:00,COUP
282.24,282.36,281.8516,281.935,11159,2020-10-05 17:20:00,COUP
281.67,282.0,281.67,281.76,1707,2020-10-05 17:25:00,COUP
281.75,281.865,281.28,281.76,7436,2020-10-05 17:30:00,COUP
281.86,281.86,281.35,281.645,2007,2020-10-05 17:35:00,COUP
281.6,281.6,281.4725,281.475,369,2020-10-05 17:40:00,COUP
281.52,281.58,280.505,280.63,3684,2020-10-05 17:45:00,COUP
280.475,280.99,280.0,280.99,4200,2020-10-05 17:50:00,COUP
281.145,281.15,280.465,281.15,2036,2020-10-05 17:55:00,COUP
280.67,280.74,280.25,280.25,4803,2020-10-05 18:00:00,COUP
280.455,281.01,280.455,280.71,1967,2020-10-05 18:05:00,COUP
281.17,281.17,280.46,280.7,1563,2020-10-05 18:10:00,COUP
280.725,281.0,280.62,280.945,2719,2020-10-05 18:15:00,COUP
280.83,281.53,280.83,281.53,1500,2020-10-05 18:20:00,COUP
281.26,281.55,280.82,281.55,2512,2020-10-05 18:25:00,COUP
281.59,282.335,281.59,282.335,2133,2020-10-05 18:30:00,COUP
282.335,283.13,282.2,283.03,4560,2020-10-05 18:35:00,COUP
282.765,282.765,282.43,282.71,1720,2020-10-05 18:40:00,COUP
282.7,282.7,281.56,281.985,1829,2020-10-05 18:45:00,COUP
282.2,282.52,281.94,282.33,1884,2020-10-05 18:50:00,COUP
282.25,282.52,281.83,282.45,3030,2020-10-05 18:55:00,COUP
282.44,282.44,281.98,281.98,1208,2020-10-05 19:00:00,COUP
282.125,282.38,281.93,282.38,1751,2020-10-05 19:05:00,COUP
282.46,282.7,282.21,282.252,3089,2020-10-05 19:10:00,COUP
282.38,282.52,281.67,281.85,3142,2020-10-05 19:15:00,COUP
281.995,282.48,281.98,282.42,2719,2020-10-05 19:20:00,COUP
282.42,283.085,282.4,282.78,4220,2020-10-05 19:25:00,COUP
282.78,283.635,282.67,283.63,5398,2020-10-05 19:30:00,COUP
283.555,284.17,283.41,283.68,3941,2020-10-05 19:35:00,COUP
283.93,284.04,283.5,283.65,4075,2020-10-05 19:40:00,COUP
283.51,283.51,282.83,282.93,5710,2020-10-05 19:45:00,COUP
283.05,283.69,282.64,283.03,17773,2020-10-05 19:50:00,COUP
282.93,283.64,282.75,282.84,43884,2020-10-05 19:55:00,COUP
282.82,282.92,282.82,282.92,101602,2020-10-05 20:00:00,COUP
282.92,282.92,282.92,282.92,1557,2020-10-05 20:10:00,COUP
282.92,282.92,282.92,282.92,1715,2020-10-05 20:20:00,COUP
282.92,282.92,282.92,282.92,691,2020-10-05 20:40:00,COUP
281.75,281.75,281.75,281.75,100,2020-10-06 12:45:00,COUP
282.91,286.78,281.8501,281.8501,36391,2020-10-06 13:30:00,COUP
285.85,286.34,284.379,284.379,3515,2020-10-06 13:35:00,COUP
284.89,286.3,284.81,285.76,5850,2020-10-06 13:40:00,COUP
286.03,286.03,284.895,284.895,1900,2020-10-06 13:45:00,COUP
284.43,286.4986,284.43,286.49,4722,2020-10-06 13:50:00,COUP
286.37,287.5,285.86,287.5,9077,2020-10-06 13:55:00,COUP
287.925,290.0,287.925,289.225,11031,2020-10-06 14:00:00,COUP
289.225,289.67,288.34,289.67,4571,2020-10-06 14:05:00,COUP
289.11,289.87,288.62,289.195,8520,2020-10-06 14:10:00,COUP
289.08,289.24,288.085,289.24,5904,2020-10-06 14:15:00,COUP
289.2164,289.58,288.99,289.0541,3374,2020-10-06 14:20:00,COUP
288.9675,289.86,288.775,289.8,8360,2020-10-06 14:25:00,COUP
289.81,290.99,289.37,290.5374,16149,2020-10-06 14:30:00,COUP
290.7,291.87,290.7,291.56,12088,2020-10-06 14:35:00,COUP
291.88,292.79,290.86,291.5843,6749,2020-10-06 14:40:00,COUP
291.315,291.9,291.18,291.41,5949,2020-10-06 14:45:00,COUP
291.7,292.1242,291.2542,291.6927,1755,2020-10-06 14:50:00,COUP
291.33,291.81,290.74,291.705,3998,2020-10-06 14:55:00,COUP
292.01,292.4,291.57,291.825,4860,2020-10-06 15:00:00,COUP
291.38,291.48,289.42,289.79,8691,2020-10-06 15:05:00,COUP
289.72,290.26,289.72,290.16,3371,2020-10-06 15:10:00,COUP
290.55,290.55,289.58,289.71,1425,2020-10-06 15:15:00,COUP
289.7,289.815,288.62,288.76,8789,2020-10-06 15:20:00,COUP
288.223,289.3,288.223,289.065,1908,2020-10-06 15:25:00,COUP
288.98,290.275,288.98,290.16,4634,2020-10-06 15:30:00,COUP
290.43,291.29,290.43,291.21,4519,2020-10-06 15:35:00,COUP
291.21,292.4,291.21,292.05,4820,2020-10-06 15:40:00,COUP
292.37,292.4,291.74,291.74,8857,2020-10-06 15:45:00,COUP
291.49,291.49,290.24,290.509,7015,2020-10-06 15:50:00,COUP
290.26,291.23,290.26,290.975,2626,2020-10-06 15:55:00,COUP
290.92,290.92,290.19,290.6853,2587,2020-10-06 16:00:00,COUP
290.37,290.8099,290.21,290.65,1967,2020-10-06 16:05:00,COUP
290.92,291.39,290.91,291.235,2519,2020-10-06 16:10:00,COUP
291.245,291.41,291.11,291.41,2117,2020-10-06 16:15:00,COUP
291.22,292.15,291.21,292.145,4718,2020-10-06 16:20:00,COUP
292.145,292.18,291.94,292.1099,2929,2020-10-06 16:25:00,COUP
291.97,292.36,291.94,292.165,2900,2020-10-06 16:30:00,COUP
292.16,292.36,291.99,291.99,1508,2020-10-06 16:35:00,COUP
292.115,292.91,292.115,292.77,3585,2020-10-06 16:40:00,COUP
292.78,292.925,292.55,292.73,2900,2020-10-06 16:45:00,COUP
292.72,293.02,292.58,292.8477,7563,2020-10-06 16:50:00,COUP
292.9508,292.9508,291.69,291.69,4890,2020-10-06 16:55:00,COUP
291.9124,292.4,291.28,291.6,9863,2020-10-06 17:00:00,COUP
291.63,292.56,291.62,292.56,2505,2020-10-06 17:05:00,COUP
292.42,292.61,292.255,292.255,1800,2020-10-06 17:10:00,COUP
292.39,292.76,292.25,292.56,3291,2020-10-06 17:15:00,COUP
292.425,292.79,291.92,292.79,2030,2020-10-06 17:20:00,COUP
292.75,293.865,292.75,293.86,5472,2020-10-06 17:25:00,COUP
293.92,293.99,293.1,293.39,3598,2020-10-06 17:30:00,COUP
293.39,293.585,293.18,293.585,2510,2020-10-06 17:35:00,COUP
293.73,293.8501,293.49,293.7,3880,2020-10-06 17:40:00,COUP
293.58,294.28,293.46,294.04,5332,2020-10-06 17:45:00,COUP
294.0,294.38,293.86,294.043,6644,2020-10-06 17:50:00,COUP
294.19,294.95,294.19,294.3064,4701,2020-10-06 17:55:00,COUP
294.41,294.41,293.86,294.38,8757,2020-10-06 18:00:00,COUP
294.52,295.48,294.5,295.2,8911,2020-10-06 18:05:00,COUP
295.345,295.85,294.68,295.455,7163,2020-10-06 18:10:00,COUP
295.44,295.83,295.0,295.0,5786,2020-10-06 18:15:00,COUP
295.01,295.21,294.72,294.94,6566,2020-10-06 18:20:00,COUP
295.138,295.19,294.73,295.01,5800,2020-10-06 18:25:00,COUP
294.75,295.16,294.61,295.16,3900,2020-10-06 18:30:00,COUP
295.33,295.67,295.21,295.6102,1449,2020-10-06 18:35:00,COUP
295.75,296.0,295.34,295.72,6141,2020-10-06 18:40:00,COUP
295.72,296.0,294.82,294.82,14916,2020-10-06 18:45:00,COUP
294.495,294.495,291.5255,291.95,12973,2020-10-06 18:50:00,COUP
291.565,292.3854,289.31,290.865,9377,2020-10-06 18:55:00,COUP
291.15,291.385,289.85,289.97,13188,2020-10-06 19:00:00,COUP
289.95,289.965,287.58,288.66,9528,2020-10-06 19:05:00,COUP
289.26,290.6699,289.26,290.27,7671,2020-10-06 19:10:00,COUP
289.935,290.95,289.85,290.7,12020,2020-10-06 19:15:00,COUP
290.73,290.73,289.77,290.0267,3837,2020-10-06 19:20:00,COUP
290.51,291.75,290.39,291.72,4386,2020-10-06 19:25:00,COUP
291.74,292.55,291.3,292.19,10886,2020-10-06 19:30:00,COUP
292.03,292.03,291.01,291.63,5973,2020-10-06 19:35:00,COUP
291.625,291.63,290.5691,290.72,16753,2020-10-06 19:40:00,COUP
290.59,290.73,289.68,289.68,9521,2020-10-06 19:45:00,COUP
289.67,289.67,288.33,288.57,14613,2020-10-06 19:50:00,COUP
288.81,289.19,287.62,287.96,94096,2020-10-06 19:55:00,COUP
288.1,288.1,288.1,288.1,57475,2020-10-06 20:00:00,COUP
292.135,292.135,292.135,292.135,200,2020-10-06 20:05:00,COUP
288.1,288.1,288.1,288.1,1646,2020-10-06 20:20:00,COUP
288.1,288.1,288.1,288.1,624,2020-10-06 20:35:00,COUP
287.0,287.0,287.0,287.0,200,2020-10-06 22:25:00,COUP
287.99,287.99,287.99,287.99,700,2020-10-06 22:35:00,COUP
287.99,287.99,287.99,287.99,200,2020-10-06 23:40:00,COUP
291.0,291.0,291.0,291.0,120,2020-10-07 08:55:00,COUP
290.0,291.0,290.0,291.0,506,2020-10-07 13:05:00,COUP
290.98,291.0,289.04,290.6666,47402,2020-10-07 13:30:00,COUP
290.27,291.7,289.715,289.715,18095,2020-10-07 13:35:00,COUP
290.22,290.23,289.17,289.17,7200,2020-10-07 13:40:00,COUP
288.9949,289.015,287.51,287.84,14540,2020-10-07 13:45:00,COUP
287.96,288.245,287.23,287.61,6255,2020-10-07 13:50:00,COUP
287.575,287.8,285.22,285.5299,9304,2020-10-07 13:55:00,COUP
285.53,285.53,284.13,284.475,6655,2020-10-07 14:00:00,COUP
284.8,286.2507,284.495,286.15,7710,2020-10-07 14:05:00,COUP
286.037,286.445,284.08,284.08,19166,2020-10-07 14:10:00,COUP
284.74,285.31,284.28,284.825,4242,2020-10-07 14:15:00,COUP
285.0,285.66,284.275,284.715,4530,2020-10-07 14:20:00,COUP
284.895,285.23,284.185,284.78,4572,2020-10-07 14:25:00,COUP
284.56,286.04,284.44,285.61,3859,2020-10-07 14:30:00,COUP
285.82,286.855,285.1475,286.6,7200,2020-10-07 14:35:00,COUP
286.65,289.03,286.43,289.03,8129,2020-10-07 14:40:00,COUP
288.865,289.53,288.115,288.72,67420,2020-10-07 14:45:00,COUP
288.87,289.01,287.74,287.8,12584,2020-10-07 14:50:00,COUP
287.805,288.0,287.06,287.525,3663,2020-10-07 14:55:00,COUP
288.0,288.0,287.62,287.845,4000,2020-10-07 15:00:00,COUP
287.62,287.62,286.79,287.04,5000,2020-10-07 15:05:00,COUP
287.15,287.69,287.0701,287.5375,15465,2020-10-07 15:10:00,COUP
287.39,287.94,287.19,287.81,4993,2020-10-07 15:15:00,COUP
287.69,288.05,287.3,288.05,916,2020-10-07 15:20:00,COUP
288.05,288.71,287.85,287.85,9693,2020-10-07 15:25:00,COUP
287.85,288.15,287.51,287.96,2741,2020-10-07 15:30:00,COUP
287.77,288.0,287.61,287.61,3326,2020-10-07 15:35:00,COUP
287.96,288.12,287.87,288.015,8152,2020-10-07 15:40:00,COUP
288.04,288.18,287.87,288.045,5225,2020-10-07 15:45:00,COUP
288.08,288.5,287.935,288.4,21463,2020-10-07 15:50:00,COUP
288.5518,288.5518,287.83,288.0,18601,2020-10-07 15:55:00,COUP
288.0,288.0,287.62,288.0,9521,2020-10-07 16:00:00,COUP
287.99,288.34,287.53,287.86,12699,2020-10-07 16:05:00,COUP
288.42,288.68,287.77,287.885,15989,2020-10-07 16:10:00,COUP
287.99,288.05,287.835,287.97,4800,2020-10-07 16:15:00,COUP
287.97,288.38,287.725,287.725,3800,2020-10-07 16:20:00,COUP
288.0,288.0,286.38,287.51,5649,2020-10-07 16:25:00,COUP
287.5,288.0,287.39,287.97,2600,2020-10-07 16:30:00,COUP
288.0,288.0,287.82,288.0,10922,2020-10-07 16:35:00,COUP
288.0,288.15,287.93,287.94,6564,2020-10-07 16:40:00,COUP
287.97,290.33,287.855,289.775,20795,2020-10-07 16:45:00,COUP
289.775,290.75,289.775,289.8227,5050,2020-10-07 16:50:00,COUP
290.57,291.5,290.53,291.2,4451,2020-10-07 16:55:00,COUP
291.5,291.6899,290.8234,290.8234,1500,2020-10-07 17:00:00,COUP
290.7267,291.49,290.7267,291.49,3274,2020-10-07 17:05:00,COUP
291.35,291.665,291.33,291.54,1653,2020-10-07 17:10:00,COUP
291.69,291.84,291.37,291.643,5916,2020-10-07 17:15:00,COUP
291.58,292.44,291.58,292.05,1449,2020-10-07 17:20:00,COUP
291.9524,291.9524,291.045,291.32,2440,2020-10-07 17:25:00,COUP
291.32,291.935,291.28,291.28,2300,2020-10-07 17:30:00,COUP
291.29,291.99,291.29,291.73,4776,2020-10-07 17:35:00,COUP
291.87,292.05,291.58,292.05,3499,2020-10-07 17:40:00,COUP
292.33,292.4421,292.1259,292.4421,1108,2020-10-07 17:45:00,COUP
292.19,292.19,291.67,291.815,800,2020-10-07 17:50:00,COUP
291.61,291.89,290.99,291.155,2300,2020-10-07 17:55:00,COUP
290.7429,291.36,290.7429,291.36,1200,2020-10-07 18:00:00,COUP
291.46,291.46,290.72,291.21,1800,2020-10-07 18:05:00,COUP
291.17,291.48,291.0,291.12,2846,2020-10-07 18:10:00,COUP
290.99,291.6,290.99,291.41,3443,2020-10-07 18:15:00,COUP
291.515,291.76,291.1017,291.55,3571,2020-10-07 18:20:00,COUP
291.55,291.74,290.9,290.97,5957,2020-10-07 18:25:00,COUP
290.86,291.42,290.76,291.275,3739,2020-10-07 18:30:00,COUP
291.275,291.75,291.275,291.4901,4019,2020-10-07 18:35:00,COUP
291.59,292.06,291.29,291.8375,6822,2020-10-07 18:40:00,COUP
291.815,292.33,291.815,292.17,2672,2020-10-07 18:45:00,COUP
291.86,292.1,291.86,291.965,663,2020-10-07 18:50:00,COUP
291.97,292.37,291.97,292.37,2601,2020-10-07 18:55:00,COUP
292.37,292.9499,292.36,292.685,5954,2020-10-07 19:00:00,COUP
292.71,292.8,292.67,292.67,400,2020-10-07 19:05:00,COUP
292.83,293.2,292.68,292.845,3618,2020-10-07 19:10:00,COUP
293.0,293.26,292.66,293.21,4598,2020-10-07 19:15:00,COUP
292.87,293.03,292.56,292.99,6131,2020-10-07 19:20:00,COUP
293.05,293.17,292.88,293.17,4337,2020-10-07 19:25:00,COUP
293.16,293.49,293.0,293.2225,8628,2020-10-07 19:30:00,COUP
293.3,294.1,293.19,294.06,9607,2020-10-07 19:35:00,COUP
294.1325,294.3475,293.89,294.1325,12620,2020-10-07 19:40:00,COUP
294.17,294.49,293.93,294.28,17203,2020-10-07 19:45:00,COUP
294.49,294.79,294.08,294.7,23236,2020-10-07 19:50:00,COUP
294.7,295.18,294.45,294.87,57133,2020-10-07 19:55:00,COUP
294.86,294.86,294.86,294.86,52583,2020-10-07 20:00:00,COUP
294.86,294.86,294.86,294.86,21858,2020-10-07 20:30:00,COUP
294.86,294.86,294.86,294.86,385,2020-10-07 20:35:00,COUP
296.02,296.02,296.02,296.02,100,2020-10-08 12:00:00,COUP
298.0,298.0,298.0,298.0,100,2020-10-08 12:05:00,COUP
297.98,297.98,297.98,297.98,100,2020-10-08 12:45:00,COUP
298.66,299.88,297.307,298.07,18397,2020-10-08 13:30:00,COUP
297.92,298.35,297.24,298.35,4473,2020-10-08 13:35:00,COUP
298.312,298.4525,294.54,294.54,13725,2020-10-08 13:40:00,COUP
295.3,295.3,292.22,293.1168,68650,2020-10-08 13:45:00,COUP
293.0,294.44,292.84,293.9,45611,2020-10-08 13:50:00,COUP
294.15,295.3,294.15,294.47,2584,2020-10-08 13:55:00,COUP
294.76,295.095,293.0,293.8504,4220,2020-10-08 14:00:00,COUP
293.5877,293.9,291.9601,292.12,3440,2020-10-08 14:05:00,COUP
292.68,292.68,292.0532,292.64,1200,2020-10-08 14:10:00,COUP
292.15,292.495,291.32,291.32,2125,2020-10-08 14:15:00,COUP
291.265,291.68,289.5,289.5,6435,2020-10-08 14:20:00,COUP
289.495,289.87,288.52,289.81,2250,2020-10-08 14:25:00,COUP
290.13,290.13,289.14,289.515,4200,2020-10-08 14:30:00,COUP
289.82,289.82,287.6,288.345,9902,2020-10-08 14:35:00,COUP
288.58,288.81,287.57,287.87,8455,2020-10-08 14:40:00,COUP
287.9,288.195,286.52,286.915,5843,2020-10-08 14:45:00,COUP
287.13,287.67,286.2,286.2,3753,2020-10-08 14:50:00,COUP
286.44,287.97,286.42,287.5,10700,2020-10-08 14:55:00,COUP
287.6,289.42,287.6,289.42,30917,2020-10-08 15:00:00,COUP
289.55,290.54,289.0,290.54,7554,2020-10-08 15:05:00,COUP
290.98,291.149,290.0773,291.149,3400,2020-10-08 15:10:00,COUP
290.5,290.91,290.19,290.7,3688,2020-10-08 15:15:00,COUP
290.615,290.76,290.31,290.76,7479,2020-10-08 15:20:00,COUP
290.565,290.565,290.02,290.02,3159,2020-10-08 15:25:00,COUP
289.816,290.165,288.9301,289.46,2021,2020-10-08 15:30:00,COUP
289.6352,290.905,289.6352,290.905,400,2020-10-08 15:35:00,COUP
291.34,291.7,291.1,291.605,2091,2020-10-08 15:40:00,COUP
291.42,291.95,290.98,291.95,800,2020-10-08 15:45:00,COUP
291.35,291.94,291.27,291.54,2200,2020-10-08 15:50:00,COUP
291.83,292.635,291.39,292.18,2845,2020-10-08 15:55:00,COUP
292.195,292.66,292.195,292.38,2708,2020-10-08 16:00:00,COUP
292.415,292.81,292.1,292.74,5279,2020-10-08 16:05:00,COUP
292.73,292.805,292.62,292.805,992,2020-10-08 16:10:00,COUP
292.64,292.64,292.125,292.27,2598,2020-10-08 16:15:00,COUP
292.22,292.47,291.94,292.0672,1387,2020-10-08 16:20:00,COUP
292.49,292.72,292.06,292.215,9800,2020-10-08 16:25:00,COUP
292.5,293.0,292.44,292.8,14256,2020-10-08 16:30:00,COUP
292.66,292.97,292.24,292.65,1804,2020-10-08 16:35:00,COUP
292.61,293.0,292.44,292.57,1604,2020-10-08 16:40:00,COUP
292.685,293.13,292.685,292.725,2726,2020-10-08 16:45:00,COUP
292.625,292.9,292.225,292.225,1300,2020-10-08 16:50:00,COUP
292.51,292.51,291.88,291.88,1106,2020-10-08 16:55:00,COUP
292.09,292.27,291.68,291.68,1950,2020-10-08 17:00:00,COUP
292.01,292.095,291.74,291.91,900,2020-10-08 17:05:00,COUP
292.585,292.585,291.96,292.25,900,2020-10-08 17:10:00,COUP
292.21,292.37,291.935,292.33,2433,2020-10-08 17:15:00,COUP
292.42,292.42,291.86,291.955,2964,2020-10-08 17:20:00,COUP
291.95,292.26,291.8378,292.26,2712,2020-10-08 17:25:00,COUP
292.14,292.52,291.775,291.775,4338,2020-10-08 17:30:00,COUP
291.83,291.83,291.17,291.385,400,2020-10-08 17:35:00,COUP
291.18,291.68,291.0,291.195,1200,2020-10-08 17:40:00,COUP
291.05,291.05,290.13,290.44,978,2020-10-08 17:45:00,COUP
290.51,291.37,290.51,291.29,2000,2020-10-08 17:50:00,COUP
290.905,291.32,290.71,290.71,1600,2020-10-08 17:55:00,COUP
290.2,290.55,289.62,289.62,2280,2020-10-08 18:00:00,COUP
290.12,290.64,290.07,290.1277,2990,2020-10-08 18:05:00,COUP
290.181,290.65,289.855,289.855,1800,2020-10-08 18:10:00,COUP
289.94,290.5,289.94,290.5,1900,2020-10-08 18:15:00,COUP
290.26,290.26,289.93,290.03,1400,2020-10-08 18:20:00,COUP
289.81,289.94,289.555,289.735,2500,2020-10-08 18:25:00,COUP
289.805,290.27,289.32,290.185,3530,2020-10-08 18:30:00,COUP
289.95,290.3,289.9,290.295,2199,2020-10-08 18:35:00,COUP
290.44,290.66,290.15,290.5,3251,2020-10-08 18:40:00,COUP
290.41,290.78,290.41,290.65,2200,2020-10-08 18:45:00,COUP
290.61,290.68,289.71,289.71,5374,2020-10-08 18:50:00,COUP
289.815,290.35,289.815,290.32,1300,2020-10-08 18:55:00,COUP
290.21,290.21,289.47,289.8,4524,2020-10-08 19:00:00,COUP
289.99,290.5,289.96,290.15,3896,2020-10-08 19:05:00,COUP
290.125,290.5,289.9087,290.01,1915,2020-10-08 19:10:00,COUP
290.14,290.29,289.64,290.24,2800,2020-10-08 19:15:00,COUP
289.9,290.07,289.665,289.68,3723,2020-10-08 19:20:00,COUP
289.83,290.44,289.83,290.32,3160,2020-10-08 19:25:00,COUP
290.355,291.41,290.125,291.07,12768,2020-10-08 19:30:00,COUP
291.02,291.5,290.9,291.355,6202,2020-10-08 19:35:00,COUP
291.225,291.59,291.17,291.28,7766,2020-10-08 19:40:00,COUP
291.46,291.5371,290.83,291.17,12336,2020-10-08 19:45:00,COUP
291.1,291.77,291.05,291.76,13930,2020-10-08 19:50:00,COUP
291.87,291.91,291.08,291.08,29049,2020-10-08 19:55:00,COUP
291.38,291.38,291.38,291.38,27568,2020-10-08 20:00:00,COUP
293.98,293.98,293.98,293.98,100,2020-10-08 20:20:00,COUP
293.57,294.0,293.57,294.0,600,2020-10-08 20:25:00,COUP
291.38,291.38,291.38,291.38,15035,2020-10-08 20:30:00,COUP
295.12,295.12,293.11,293.11,1060,2020-10-08 20:45:00,COUP
294.84,294.84,294.84,294.84,182,2020-10-08 22:00:00,COUP
295.0,295.0,295.0,295.0,100,2020-10-08 23:45:00,COUP
294.7,294.7,294.7,294.7,100,2020-10-09 11:05:00,COUP
298.0,298.0,298.0,298.0,424,2020-10-09 11:40:00,COUP
298.0,298.0,298.0,298.0,100,2020-10-09 11:55:00,COUP
300.0,300.0,300.0,300.0,415,2020-10-09 12:05:00,COUP
299.9,299.9,299.9,299.9,140,2020-10-09 12:15:00,COUP
299.0,299.0,299.0,299.0,175,2020-10-09 12:45:00,COUP
298.26,300.682,298.0,299.9,39184,2020-10-09 13:30:00,COUP
300.16,301.4999,299.0,299.31,31490,2020-10-09 13:35:00,COUP
299.64,300.64,299.1271,299.75,14706,2020-10-09 13:40:00,COUP
299.495,300.97,299.01,300.39,13727,2020-10-09 13:45:00,COUP
300.605,302.01,300.21,301.2259,12397,2020-10-09 13:50:00,COUP
301.68,301.685,300.4,301.3,12191,2020-10-09 13:55:00,COUP
301.37,301.47,300.51,301.26,13460,2020-10-09 14:00:00,COUP
300.89,301.3999,300.22,300.404,14040,2020-10-09 14:05:00,COUP
300.66,301.32,300.0,300.52,12686,2020-10-09 14:10:00,COUP
300.12,301.93,300.12,301.225,11274,2020-10-09 14:15:00,COUP
301.06,302.16,300.87,302.03,4187,2020-10-09 14:20:00,COUP
301.98,303.5,301.67,303.23,10347,2020-10-09 14:25:00,COUP
303.44,304.2,303.21,304.1,6429,2020-10-09 14:30:00,COUP
304.3,304.61,303.6186,303.97,9746,2020-10-09 14:35:00,COUP
304.0,304.3935,303.1518,303.1518,13049,2020-10-09 14:40:00,COUP
303.1025,303.34,302.53,302.96,14191,2020-10-09 14:45:00,COUP
303.14,303.66,303.14,303.49,3483,2020-10-09 14:50:00,COUP
303.79,303.79,302.51,302.51,8322,2020-10-09 14:55:00,COUP
302.695,303.33,302.57,303.195,2350,2020-10-09 15:00:00,COUP
303.05,303.95,303.05,303.95,16403,2020-10-09 15:05:00,COUP
303.72,303.97,303.42,303.97,2000,2020-10-09 15:10:00,COUP
303.66,304.36,303.48,303.48,6123,2020-10-09 15:15:00,COUP
303.86,304.0753,303.62,303.66,1699,2020-10-09 15:20:00,COUP
303.88,304.9,303.5501,304.84,7680,2020-10-09 15:25:00,COUP
304.88,305.79,304.87,305.58,16995,2020-10-09 15:30:00,COUP
305.69,307.07,305.69,306.2,10813,2020-10-09 15:35:00,COUP
306.36,306.77,305.93,306.76,5968,2020-10-09 15:40:00,COUP
306.7,307.66,306.428,306.88,9704,2020-10-09 15:45:00,COUP
307.045,307.2299,305.96,306.225,9700,2020-10-09 15:50:00,COUP
305.91,305.965,304.46,305.4427,10764,2020-10-09 15:55:00,COUP
305.27,305.86,305.27,305.5943,5748,2020-10-09 16:00:00,COUP
305.43,306.65,305.37,306.65,12305,2020-10-09 16:05:00,COUP
306.66,307.25,306.36,307.0575,6543,2020-10-09 16:10:00,COUP
307.25,307.35,306.96,307.21,4414,2020-10-09 16:15:00,COUP
307.29,308.09,307.29,307.68,10462,2020-10-09 16:20:00,COUP
307.635,308.6,306.92,307.18,11740,2020-10-09 16:25:00,COUP
307.2,307.97,306.965,307.795,12827,2020-10-09 16:30:00,COUP
307.8394,308.49,307.64,308.21,15063,2020-10-09 16:35:00,COUP
308.025,308.53,307.9701,308.13,8589,2020-10-09 16:40:00,COUP
308.0,308.69,307.87,308.69,5522,2020-10-09 16:45:00,COUP
308.5718,308.58,307.88,307.985,4746,2020-10-09 16:50:00,COUP
307.985,307.985,306.0,306.9,7203,2020-10-09 16:55:00,COUP
306.98,306.98,306.1901,306.775,4350,2020-10-09 17:00:00,COUP
306.6,307.2583,306.48,306.94,1650,2020-10-09 17:05:00,COUP
307.24,307.24,306.3501,306.45,1472,2020-10-09 17:10:00,COUP
306.34,306.83,306.34,306.83,2016,2020-10-09 17:15:00,COUP
306.99,306.99,305.6,305.6,3900,2020-10-09 17:20:00,COUP
305.78,306.5527,305.61,306.035,2400,2020-10-09 17:25:00,COUP
305.705,305.705,305.27,305.32,2028,2020-10-09 17:30:00,COUP
305.465,305.5,305.0,305.1,5746,2020-10-09 17:35:00,COUP
305.16,305.22,304.955,304.955,3227,2020-10-09 17:40:00,COUP
305.21,305.66,305.16,305.535,5971,2020-10-09 17:45:00,COUP
305.41,305.44,305.115,305.44,2930,2020-10-09 17:50:00,COUP
305.47,305.8468,305.47,305.61,3249,2020-10-09 17:55:00,COUP
305.61,305.85,305.5106,305.5106,1550,2020-10-09 18:00:00,COUP
305.42,305.45,304.8,304.835,2730,2020-10-09 18:05:00,COUP
304.75,304.76,304.25,304.44,6098,2020-10-09 18:10:00,COUP
304.59,304.97,304.5,304.97,2416,2020-10-09 18:15:00,COUP
304.88,304.88,304.37,304.37,2981,2020-10-09 18:20:00,COUP
304.335,304.69,304.31,304.69,8871,2020-10-09 18:25:00,COUP
304.8,305.01,304.63,304.99,2770,2020-10-09 18:30:00,COUP
304.88,304.94,304.44,304.49,3479,2020-10-09 18:35:00,COUP
304.41,305.2,304.355,305.2,3700,2020-10-09 18:40:00,COUP
305.31,305.31,304.71,304.86,2393,2020-10-09 18:45:00,COUP
304.59,305.01,304.5445,304.995,2697,2020-10-09 18:50:00,COUP
305.14,305.45,304.92,305.38,16700,2020-10-09 18:55:00,COUP
305.21,305.66,305.1238,305.35,6226,2020-10-09 19:00:00,COUP
305.31,305.38,305.02,305.26,2150,2020-10-09 19:05:00,COUP
305.155,305.32,304.9425,305.1992,3994,2020-10-09 19:10:00,COUP
305.32,305.54,305.1319,305.44,4463,2020-10-09 19:15:00,COUP
305.55,305.55,305.22,305.355,2672,2020-10-09 19:20:00,COUP
305.2212,305.325,304.93,305.22,4649,2020-10-09 19:25:00,COUP
305.22,305.339,304.52,304.585,18861,2020-10-09 19:30:00,COUP
304.65,304.8699,304.265,304.32,13357,2020-10-09 19:35:00,COUP
304.265,304.3599,303.48,303.58,12729,2020-10-09 19:40:00,COUP
303.745,303.77,302.9,303.16,9619,2020-10-09 19:45:00,COUP
303.16,303.94,303.04,303.87,22602,2020-10-09 19:50:00,COUP
303.76,304.37,303.21,304.25,40218,2020-10-09 19:55:00,COUP
304.35,304.45,304.35,304.45,1272243,2020-10-09 20:00:00,COUP
304.35,304.35,304.35,304.35,978,2020-10-09 20:05:00,COUP
304.45,304.45,304.45,304.45,490,2020-10-09 20:15:00,COUP
304.35,304.35,304.35,304.35,220,2020-10-09 20:35:00,COUP
308.49,308.49,308.49,308.49,100,2020-10-12 12:30:00,COUP
307.9,307.9,307.9,307.9,150,2020-10-12 12:55:00,COUP
308.45,313.2513,306.52,311.77,46727,2020-10-12 13:30:00,COUP
311.85,313.43,310.26,310.26,23152,2020-10-12 13:35:00,COUP
309.8908,309.8908,305.85,305.89,10318,2020-10-12 13:40:00,COUP
305.89,307.33,305.0,307.0369,9381,2020-10-12 13:45:00,COUP
307.29,307.5,304.81,306.9438,3786,2020-10-12 13:50:00,COUP
306.55,308.03,306.25,307.5,2443,2020-10-12 13:55:00,COUP
307.49,307.88,306.458,307.0,8456,2020-10-12 14:00:00,COUP
307.105,308.72,307.105,307.515,4513,2020-10-12 14:05:00,COUP
307.515,308.54,307.515,308.54,2400,2020-10-12 14:10:00,COUP
309.02,309.53,308.23,308.5,4368,2020-10-12 14:15:00,COUP
308.33,309.02,307.55,307.97,4652,2020-10-12 14:20:00,COUP
307.74,307.74,306.54,306.9,16749,2020-10-12 14:25:00,COUP
306.79,307.375,305.835,306.21,5900,2020-10-12 14:30:00,COUP
306.425,306.61,305.525,305.78,3100,2020-10-12 14:35:00,COUP
306.09,307.02,306.05,307.02,3365,2020-10-12 14:40:00,COUP
307.44,307.44,305.9,306.22,2755,2020-10-12 14:45:00,COUP
306.22,306.74,305.685,306.55,3095,2020-10-12 14:50:00,COUP
306.615,308.8,306.615,308.34,3554,2020-10-12 14:55:00,COUP
308.33,309.64,308.33,309.04,9238,2020-10-12 15:00:00,COUP
309.005,309.005,308.315,308.395,1511,2020-10-12 15:05:00,COUP
308.06,308.68,307.47,307.73,4950,2020-10-12 15:10:00,COUP
307.79,308.12,306.76,307.285,3740,2020-10-12 15:15:00,COUP
307.25,307.4,306.08,306.08,4615,2020-10-12 15:20:00,COUP
306.24,306.575,305.73,306.0114,6911,2020-10-12 15:25:00,COUP
305.85,306.96,305.85,306.7201,2306,2020-10-12 15:30:00,COUP
306.47,306.47,305.52,306.01,2612,2020-10-12 15:35:00,COUP
305.735,306.66,305.65,305.65,2649,2020-10-12 15:40:00,COUP
305.7,306.22,305.115,305.15,3471,2020-10-12 15:45:00,COUP
305.32,305.56,304.845,305.23,2312,2020-10-12 15:50:00,COUP
305.32,306.95,305.17,306.6,4433,2020-10-12 15:55:00,COUP
306.325,307.43,306.325,306.862,1326,2020-10-12 16:00:00,COUP
306.88,307.67,306.88,307.27,2901,2020-10-12 16:05:00,COUP
307.31,307.4964,306.28,307.25,3567,2020-10-12 16:10:00,COUP
306.78,307.0,306.245,306.31,3716,2020-10-12 16:15:00,COUP
306.46,306.63,306.33,306.565,3034,2020-10-12 16:20:00,COUP
306.72,307.0907,306.44,307.06,19441,2020-10-12 16:25:00,COUP
307.42,307.62,306.7,307.17,1300,2020-10-12 16:30:00,COUP
307.37,307.37,306.61,307.32,1900,2020-10-12 16:35:00,COUP
307.5,308.2,307.475,308.2,2570,2020-10-12 16:40:00,COUP
307.87,308.2,307.74,308.12,3200,2020-10-12 16:45:00,COUP
307.92,307.92,306.9,307.37,2833,2020-10-12 16:50:00,COUP
307.19,307.27,306.655,307.27,2100,2020-10-12 16:55:00,COUP
307.42,307.42,306.67,306.9,5400,2020-10-12 17:00:00,COUP
306.76,306.76,306.07,306.16,1700,2020-10-12 17:05:00,COUP
306.04,306.46,305.83,306.11,3600,2020-10-12 17:10:00,COUP
306.21,307.27,306.19,307.175,3137,2020-10-12 17:15:00,COUP
307.255,307.955,307.07,307.57,2937,2020-10-12 17:20:00,COUP
307.725,307.98,307.6,307.6,2276,2020-10-12 17:25:00,COUP
307.535,307.85,307.53,307.74,1600,2020-10-12 17:30:00,COUP
307.97,308.26,307.96,308.01,2400,2020-10-12 17:35:00,COUP
308.27,308.72,307.82,308.12,3200,2020-10-12 17:40:00,COUP
308.11,308.1776,307.26,308.02,1800,2020-10-12 17:45:00,COUP
307.68,308.23,307.67,308.05,1776,2020-10-12 17:50:00,COUP
307.71,308.1,307.71,308.03,1100,2020-10-12 17:55:00,COUP
308.0,308.5,307.8501,308.36,5500,2020-10-12 18:00:00,COUP
308.21,308.58,308.03,308.58,2000,2020-10-12 18:05:00,COUP
308.685,308.685,307.76,307.91,5691,2020-10-12 18:10:00,COUP
307.91,307.91,307.02,307.3,11898,2020-10-12 18:15:00,COUP
307.3,308.39,307.3,308.32,2100,2020-10-12 18:20:00,COUP
308.28,308.9,308.27,308.73,9099,2020-10-12 18:25:00,COUP
308.54,308.83,308.28,308.83,1000,2020-10-12 18:30:00,COUP
308.69,308.76,307.64,307.97,3198,2020-10-12 18:35:00,COUP
308.22,308.45,307.68,308.45,2600,2020-10-12 18:40:00,COUP
308.06,308.74,308.06,308.49,1821,2020-10-12 18:45:00,COUP
308.57,308.92,308.3187,308.42,8450,2020-10-12 18:50:00,COUP
308.56,308.56,307.96,308.48,3812,2020-10-12 18:55:00,COUP
308.525,309.03,308.18,308.21,2900,2020-10-12 19:00:00,COUP
308.54,309.005,308.35,308.41,6504,2020-10-12 19:05:00,COUP
308.06,308.47,307.83,308.02,2475,2020-10-12 19:10:00,COUP
308.04,308.28,306.9,307.13,5790,2020-10-12 19:15:00,COUP
307.21,307.48,306.76,307.23,5578,2020-10-12 19:20:00,COUP
307.72,307.85,307.09,307.85,3619,2020-10-12 19:25:00,COUP
307.61,307.61,307.0,307.0,10056,2020-10-12 19:30:00,COUP
306.78,307.61,306.78,307.27,7228,2020-10-12 19:35:00,COUP
307.36,307.705,307.23,307.55,7502,2020-10-12 19:40:00,COUP
307.39,308.19,307.39,307.99,9020,2020-10-12 19:45:00,COUP
307.96,308.51,306.97,307.305,22568,2020-10-12 19:50:00,COUP
307.295,307.795,306.81,306.9,46743,2020-10-12 19:55:00,COUP
306.95,306.95,306.95,306.95,42376,2020-10-12 20:00:00,COUP
306.95,306.95,306.95,306.95,1202,2020-10-12 20:45:00,COUP
307.99,307.99,307.99,307.99,550,2020-10-13 11:00:00,COUP
307.39,311.01,307.0,310.21,32375,2020-10-13 13:30:00,COUP
310.3,312.58,309.75,310.19,19018,2020-10-13 13:35:00,COUP
309.99,311.36,309.7932,310.705,6430,2020-10-13 13:40:00,COUP
310.21,310.705,309.55,310.41,6408,2020-10-13 13:45:00,COUP
309.96,310.3,308.3,308.815,4264,2020-10-13 13:50:00,COUP
308.815,310.38,308.815,310.025,3443,2020-10-13 13:55:00,COUP
310.42,310.6699,308.73,308.83,4500,2020-10-13 14:00:00,COUP
307.0,308.76,306.6101,308.325,31448,2020-10-13 14:05:00,COUP
308.59,309.155,307.96,309.155,8446,2020-10-13 14:10:00,COUP
308.7,309.015,308.51,309.015,2600,2020-10-13 14:15:00,COUP
308.78,310.63,308.45,310.63,2991,2020-10-13 14:20:00,COUP
311.0,311.105,310.34,310.34,3161,2020-10-13 14:25:00,COUP
310.465,311.82,310.465,311.82,1516,2020-10-13 14:30:00,COUP
311.4802,313.32,311.4802,313.03,6279,2020-10-13 14:35:00,COUP
313.1,313.82,312.79,313.48,4967,2020-10-13 14:40:00,COUP
313.8,314.325,313.1,313.71,4112,2020-10-13 14:45:00,COUP
313.7,314.36,313.68,314.36,1220,2020-10-13 14:50:00,COUP
313.96,314.57,313.62,314.22,3116,2020-10-13 14:55:00,COUP
314.23,314.4,313.89,313.89,2164,2020-10-13 15:00:00,COUP
313.8,314.88,313.79,314.88,5687,2020-10-13 15:05:00,COUP
314.75,315.57,314.75,315.43,7923,2020-10-13 15:10:00,COUP
315.51,315.7106,315.18,315.49,2854,2020-10-13 15:15:00,COUP
315.89,316.42,315.78,316.42,5512,2020-10-13 15:20:00,COUP
316.42,316.64,315.2201,315.71,3752,2020-10-13 15:25:00,COUP
315.8,318.3,315.8,317.85,10812,2020-10-13 15:30:00,COUP
318.08,318.67,317.67,318.38,10560,2020-10-13 15:35:00,COUP
318.995,318.995,317.8316,318.27,6492,2020-10-13 15:40:00,COUP
318.47,319.3,317.96,319.2,14830,2020-10-13 15:45:00,COUP
319.055,320.3,318.75,319.083,16862,2020-10-13 15:50:00,COUP
318.75,319.28,317.9733,319.22,5279,2020-10-13 15:55:00,COUP
318.95,319.64,318.61,319.08,6600,2020-10-13 16:00:00,COUP
319.44,319.99,318.87,319.45,11062,2020-10-13 16:05:00,COUP
318.78,319.13,317.67,317.67,1746,2020-10-13 16:10:00,COUP
317.955,317.955,317.11,317.7,11828,2020-10-13 16:15:00,COUP
317.43,318.0,317.3,318.0,5130,2020-10-13 16:20:00,COUP
318.15,318.36,318.02,318.36,1120,2020-10-13 16:25:00,COUP
318.15,318.15,317.96,318.15,1908,2020-10-13 16:30:00,COUP
318.07,318.12,317.21,317.6,7335,2020-10-13 16:35:00,COUP
317.918,317.97,317.5,317.97,1555,2020-10-13 16:40:00,COUP
317.94,317.995,317.36,317.53,4177,2020-10-13 16:45:00,COUP
317.7,318.2683,317.22,317.5,7873,2020-10-13 16:50:00,COUP
317.66,317.92,316.99,317.21,7334,2020-10-13 16:55:00,COUP
317.21,317.21,316.66,316.99,5624,2020-10-13 17:00:00,COUP
316.61,316.61,315.525,315.525,3481,2020-10-13 17:05:00,COUP
315.75,316.4,315.62,316.4,1900,2020-10-13 17:10:00,COUP
316.4,317.08,316.39,316.76,4178,2020-10-13 17:15:00,COUP
316.8703,316.8703,315.5,315.84,863,2020-10-13 17:20:00,COUP
315.63,315.63,315.49,315.52,432,2020-10-13 17:25:00,COUP
315.335,315.545,315.0,315.4379,2166,2020-10-13 17:30:00,COUP
314.57,314.9,314.48,314.48,2300,2020-10-13 17:35:00,COUP
314.405,314.405,313.82,313.98,1900,2020-10-13 17:40:00,COUP
313.95,314.56,313.95,314.4,1300,2020-10-13 17:45:00,COUP
314.38,314.745,313.76,313.9,2150,2020-10-13 17:50:00,COUP
313.9,313.9,312.26,312.26,4958,2020-10-13 17:55:00,COUP
312.2791,312.73,311.97,312.73,6134,2020-10-13 18:00:00,COUP
312.34,312.73,312.04,312.59,21900,2020-10-13 18:05:00,COUP
312.22,312.48,312.01,312.29,10081,2020-10-13 18:10:00,COUP
312.13,313.37,312.0,313.37,2936,2020-10-13 18:15:00,COUP
313.345,313.7999,313.0,313.7999,3245,2020-10-13 18:20:00,COUP
313.625,314.015,313.255,313.255,1555,2020-10-13 18:25:00,COUP
313.03,314.575,312.76,314.31,2637,2020-10-13 18:30:00,COUP
314.335,314.335,313.85,314.21,700,2020-10-13 18:35:00,COUP
314.51,314.57,314.25,314.43,1691,2020-10-13 18:40:00,COUP
314.505,314.81,313.92,314.46,1762,2020-10-13 18:45:00,COUP
314.745,314.8,314.46,314.69,917,2020-10-13 18:50:00,COUP
314.6499,315.19,314.62,315.0,2582,2020-10-13 18:55:00,COUP
314.865,315.5,314.79,315.325,3308,2020-10-13 19:00:00,COUP
315.19,315.59,315.19,315.4599,3802,2020-10-13 19:05:00,COUP
315.44,315.98,315.33,315.4951,3894,2020-10-13 19:10:00,COUP
315.65,316.12,315.65,316.06,1200,2020-10-13 19:15:00,COUP
316.09,316.4,316.09,316.245,3748,2020-10-13 19:20:00,COUP
316.04,316.11,315.33,315.7,2794,2020-10-13 19:25:00,COUP
315.61,315.68,315.29,315.41,2502,2020-10-13 19:30:00,COUP
315.275,315.64,314.2755,314.67,6414,2020-10-13 19:35:00,COUP
314.55,315.05,314.55,314.65,2705,2020-10-13 19:40:00,COUP
314.81,314.81,314.11,314.11,4286,2020-10-13 19:45:00,COUP
313.91,314.3,313.51,313.71,7864,2020-10-13 19:50:00,COUP
313.51,314.3,313.01,314.29,31600,2020-10-13 19:55:00,COUP
313.72,313.72,313.72,313.72,182860,2020-10-13 20:00:00,COUP
314.54,314.54,314.54,314.54,950,2020-10-14 13:25:00,COUP
315.0,316.86,313.39,313.7053,9189,2020-10-14 13:30:00,COUP
313.3901,316.54,313.3901,315.97,5064,2020-10-14 13:35:00,COUP
315.9306,318.72,315.9306,316.24,6229,2020-10-14 13:40:00,COUP
316.21,316.21,315.21,315.475,3297,2020-10-14 13:45:00,COUP
315.48,315.85,313.87,314.35,3613,2020-10-14 13:50:00,COUP
315.09,316.42,314.692,315.0,4075,2020-10-14 13:55:00,COUP
314.54,314.54,312.75,313.24,4461,2020-10-14 14:00:00,COUP
313.03,313.19,311.15,312.69,4556,2020-10-14 14:05:00,COUP
312.37,312.7,310.5909,310.62,4117,2020-10-14 14:10:00,COUP
310.57,310.595,309.16,309.545,8493,2020-10-14 14:15:00,COUP
309.98,310.19,309.6046,309.6046,8901,2020-10-14 14:20:00,COUP
309.72,309.72,308.3529,308.3529,12902,2020-10-14 14:25:00,COUP
308.69,308.93,307.56,307.56,8771,2020-10-14 14:30:00,COUP
307.505,308.43,307.0906,307.77,5099,2020-10-14 14:35:00,COUP
308.15,310.2383,308.15,310.08,3811,2020-10-14 14:40:00,COUP
310.08,310.37,309.62,309.75,3931,2020-10-14 14:45:00,COUP
309.82,310.32,309.6,310.17,2400,2020-10-14 14:50:00,COUP
310.17,310.79,309.6,310.79,3291,2020-10-14 14:55:00,COUP
311.39,311.92,311.05,311.92,700,2020-10-14 15:00:00,COUP
312.0232,312.55,312.0,312.07,2020,2020-10-14 15:05:00,COUP
312.6,312.6,311.3469,311.72,4667,2020-10-14 15:10:00,COUP
312.23,312.23,311.46,311.645,3545,2020-10-14 15:15:00,COUP
311.08,311.93,311.08,311.48,2300,2020-10-14 15:20:00,COUP
312.27,312.5974,311.72,311.72,1300,2020-10-14 15:25:00,COUP
311.32,311.32,310.66,311.09,2204,2020-10-14 15:30:00,COUP
310.377,311.45,310.377,310.87,1200,2020-10-14 15:35:00,COUP
310.79,311.3,310.51,311.095,1114,2020-10-14 15:40:00,COUP
310.94,310.95,309.4623,309.4623,1891,2020-10-14 15:45:00,COUP
309.9299,309.9299,309.1916,309.41,850,2020-10-14 15:50:00,COUP
308.91,309.03,308.05,308.05,3037,2020-10-14 15:55:00,COUP
308.06,308.35,306.4,306.745,3400,2020-10-14 16:00:00,COUP
306.95,308.3399,306.95,308.06,4267,2020-10-14 16:05:00,COUP
307.9,308.049,307.445,307.94,2871,2020-10-14 16:10:00,COUP
307.93,307.96,306.74,306.83,2107,2020-10-14 16:15:00,COUP
306.79,307.1,306.0,306.0,2874,2020-10-14 16:20:00,COUP
306.01,306.3638,306.0,306.355,3400,2020-10-14 16:25:00,COUP
306.355,307.375,306.07,307.3258,2140,2020-10-14 16:30:00,COUP
307.55,307.56,307.03,307.03,500,2020-10-14 16:35:00,COUP
307.11,308.2,306.755,308.2,7562,2020-10-14 16:40:00,COUP
307.815,307.815,307.17,307.3035,2178,2020-10-14 16:45:00,COUP
307.04,307.78,306.64,307.78,3650,2020-10-14 16:50:00,COUP
307.9,307.9,307.2,307.53,1501,2020-10-14 16:55:00,COUP
307.97,308.9005,307.9301,308.14,2194,2020-10-14 17:00:00,COUP
308.38,308.4811,307.57,307.89,1300,2020-10-14 17:05:00,COUP
307.77,307.77,307.18,307.4496,1618,2020-10-14 17:10:00,COUP
307.31,308.27,307.3,307.8,2120,2020-10-14 17:15:00,COUP
307.97,308.19,307.79,308.19,500,2020-10-14 17:20:00,COUP
308.24,308.77,308.21,308.26,1500,2020-10-14 17:25:00,COUP
308.37,308.37,307.82,307.9,1100,2020-10-14 17:30:00,COUP
307.958,308.72,307.955,308.72,1011,2020-10-14 17:35:00,COUP
308.77,309.5,308.67,309.5,2168,2020-10-14 17:40:00,COUP
309.27,309.37,309.155,309.34,1000,2020-10-14 17:45:00,COUP
309.23,309.41,308.89,309.41,2158,2020-10-14 17:50:00,COUP
309.5,309.79,309.35,309.35,1600,2020-10-14 17:55:00,COUP
309.505,309.52,309.31,309.455,900,2020-10-14 18:00:00,COUP
309.56,309.62,309.29,309.53,1630,2020-10-14 18:05:00,COUP
309.6,309.62,309.23,309.62,1114,2020-10-14 18:10:00,COUP
309.37,309.48,308.62,308.62,1000,2020-10-14 18:15:00,COUP
308.29,308.57,308.0,308.21,2544,2020-10-14 18:20:00,COUP
308.22,308.22,307.51,307.59,3681,2020-10-14 18:25:00,COUP
307.7834,307.97,307.6,307.6,3912,2020-10-14 18:30:00,COUP
307.525,307.53,306.915,306.915,2933,2020-10-14 18:35:00,COUP
307.14,307.64,307.08,307.495,5006,2020-10-14 18:40:00,COUP
307.48,308.865,307.29,308.82,6198,2020-10-14 18:45:00,COUP
308.89,309.45,308.865,309.33,6862,2020-10-14 18:50:00,COUP
309.45,310.2,309.38,310.0,5310,2020-10-14 18:55:00,COUP
310.13,310.24,309.72,310.18,4442,2020-10-14 19:00:00,COUP
310.06,310.685,309.62,310.28,4191,2020-10-14 19:05:00,COUP
310.68,311.63,310.59,311.3382,3371,2020-10-14 19:10:00,COUP
311.25,311.25,310.71,310.71,2639,2020-10-14 19:15:00,COUP
310.375,311.08,310.375,311.08,2300,2020-10-14 19:20:00,COUP
310.95,311.21,310.47,311.21,3583,2020-10-14 19:25:00,COUP
311.255,312.749,311.05,312.44,6839,2020-10-14 19:30:00,COUP
312.52,312.52,311.58,311.79,11008,2020-10-14 19:35:00,COUP
312.0,312.6,311.95,312.23,8905,2020-10-14 19:40:00,COUP
312.17,312.21,311.82,311.82,6511,2020-10-14 19:45:00,COUP
311.76,312.62,311.54,311.55,7429,2020-10-14 19:50:00,COUP
311.68,312.08,310.92,312.08,41394,2020-10-14 19:55:00,COUP
312.06,312.06,312.06,312.06,106806,2020-10-14 20:00:00,COUP
310.5,310.5,310.5,310.5,500,2020-10-14 20:10:00,COUP
312.06,312.06,312.06,312.06,63183,2020-10-14 20:30:00,COUP
302.04,302.04,302.04,302.04,227,2020-10-15 08:55:00,COUP
302.04,302.04,302.04,302.04,100,2020-10-15 10:30:00,COUP
302.2,302.2,302.2,302.2,222,2020-10-15 11:00:00,COUP
305.0,305.0,303.0,303.0,300,2020-10-15 12:10:00,COUP
305.0,305.0,305.0,305.0,400,2020-10-15 12:15:00,COUP
303.003,303.003,303.0,303.0,200,2020-10-15 12:20:00,COUP
305.0,305.0,305.0,305.0,181,2020-10-15 13:15:00,COUP
303.65,306.06,303.0,303.7,16207,2020-10-15 13:30:00,COUP
304.525,306.9799,304.525,305.73,11376,2020-10-15 13:35:00,COUP
305.405,307.46,304.89,306.6185,10711,2020-10-15 13:40:00,COUP
307.546,307.9435,306.555,306.555,28600,2020-10-15 13:45:00,COUP
306.88,310.33,306.88,310.33,5135,2020-10-15 13:50:00,COUP
310.31,310.75,309.18,309.22,5034,2020-10-15 13:55:00,COUP
308.67,309.05,307.01,307.52,1673,2020-10-15 14:00:00,COUP
308.0,308.6324,307.14,307.14,7822,2020-10-15 14:05:00,COUP
307.18,308.0,306.53,306.53,800,2020-10-15 14:10:00,COUP
306.32,309.27,305.0708,307.955,25672,2020-10-15 14:15:00,COUP
308.85,310.35,308.85,309.86,4650,2020-10-15 14:20:00,COUP
309.0,309.0,308.0987,308.34,1500,2020-10-15 14:25:00,COUP
308.49,308.49,307.5,307.9799,1900,2020-10-15 14:30:00,COUP
307.03,307.25,305.88,307.24,19838,2020-10-15 14:35:00,COUP
307.36,307.36,306.28,306.28,2200,2020-10-15 14:40:00,COUP
306.9,308.17,306.9,308.17,6800,2020-10-15 14:45:00,COUP
307.9379,309.53,307.9379,308.9,10247,2020-10-15 14:50:00,COUP
308.82,310.34,308.42,309.75,2730,2020-10-15 14:55:00,COUP
309.75,309.75,308.4017,308.75,1122,2020-10-15 15:00:00,COUP
309.72,310.4899,309.53,310.4899,1400,2020-10-15 15:05:00,COUP
309.5,311.73,309.5,310.95,2860,2020-10-15 15:10:00,COUP
311.0,312.32,310.625,312.32,5872,2020-10-15 15:15:00,COUP
311.99,313.7199,311.8293,313.68,6100,2020-10-15 15:20:00,COUP
313.21,313.75,312.8207,313.005,800,2020-10-15 15:25:00,COUP
313.4801,313.65,312.85,313.55,7442,2020-10-15 15:30:00,COUP
313.19,314.63,313.05,313.52,3345,2020-10-15 15:35:00,COUP
314.07,314.07,313.13,313.13,2629,2020-10-15 15:40:00,COUP
313.13,313.62,312.59,312.76,1800,2020-10-15 15:45:00,COUP
313.05,313.105,313.05,313.09,500,2020-10-15 15:50:00,COUP
312.81,312.81,311.411,311.625,3715,2020-10-15 15:55:00,COUP
311.43,311.68,311.0,311.4325,22785,2020-10-15 16:00:00,COUP
311.7,311.79,309.6259,309.6259,10374,2020-10-15 16:05:00,COUP
309.3453,309.39,308.61,308.68,8630,2020-10-15 16:10:00,COUP
308.675,309.3,308.2,309.11,63818,2020-10-15 16:15:00,COUP
309.0,309.05,307.995,307.995,3200,2020-10-15 16:20:00,COUP
308.3,308.6,307.5258,308.0399,8334,2020-10-15 16:25:00,COUP
307.8173,308.3,307.6,308.16,12203,2020-10-15 16:30:00,COUP
308.17,308.17,307.43,308.09,3866,2020-10-15 16:35:00,COUP
308.54,308.54,306.86,306.89,3386,2020-10-15 16:40:00,COUP
306.87,307.46,306.32,306.32,3254,2020-10-15 16:45:00,COUP
306.21,307.69,306.21,307.43,4794,2020-10-15 16:50:00,COUP
307.82,307.82,307.2,307.34,1200,2020-10-15 16:55:00,COUP
307.35,307.96,307.35,307.96,2835,2020-10-15 17:00:00,COUP
307.69,308.33,307.69,307.9,5271,2020-10-15 17:05:00,COUP
308.03,308.33,307.69,307.84,3236,2020-10-15 17:10:00,COUP
307.8,308.18,307.105,308.18,4329,2020-10-15 17:15:00,COUP
308.1,308.275,307.91,307.91,1902,2020-10-15 17:20:00,COUP
307.15,307.59,307.015,307.195,3196,2020-10-15 17:25:00,COUP
307.105,307.36,306.91,307.35,5929,2020-10-15 17:30:00,COUP
307.39,307.6,307.32,307.39,16013,2020-10-15 17:35:00,COUP
307.35,307.8301,307.35,307.79,13691,2020-10-15 17:40:00,COUP
307.8299,308.11,307.68,308.0,5490,2020-10-15 17:45:00,COUP
307.88,308.25,307.66,307.96,2074,2020-10-15 17:50:00,COUP
307.73,307.95,307.0,307.27,9978,2020-10-15 17:55:00,COUP
307.37,308.08,307.26,308.08,1700,2020-10-15 18:00:00,COUP
307.75,308.05,307.18,307.3,10700,2020-10-15 18:05:00,COUP
307.28,307.88,306.15,307.87,7210,2020-10-15 18:10:00,COUP
307.565,307.565,306.87,307.12,1000,2020-10-15 18:15:00,COUP
307.43,307.48,306.92,307.26,1309,2020-10-15 18:20:00,COUP
307.25,307.55,306.65,306.65,4701,2020-10-15 18:25:00,COUP
306.56,306.725,306.5,306.68,2909,2020-10-15 18:30:00,COUP
306.8,306.92,305.5901,305.5901,4111,2020-10-15 18:35:00,COUP
305.51,305.51,304.63,304.765,12330,2020-10-15 18:40:00,COUP
304.595,305.12,304.475,305.12,2806,2020-10-15 18:45:00,COUP
305.46,306.25,305.46,306.02,10996,2020-10-15 18:50:00,COUP
305.57,307.0,305.57,307.0,3791,2020-10-15 18:55:00,COUP
307.0,307.27,306.62,306.885,11292,2020-10-15 19:00:00,COUP
306.89,307.19,306.825,307.005,7262,2020-10-15 19:05:00,COUP
307.005,307.14,306.44,306.6118,5906,2020-10-15 19:10:00,COUP
306.75,307.46,306.73,306.92,14368,2020-10-15 19:15:00,COUP
306.94,307.89,306.77,307.7615,8927,2020-10-15 19:20:00,COUP
307.66,307.88,307.41,307.655,5500,2020-10-15 19:25:00,COUP
307.52,307.77,307.23,307.35,2403,2020-10-15 19:30:00,COUP
307.445,307.53,306.99,307.2,2850,2020-10-15 19:35:00,COUP
307.08,307.08,306.42,306.59,13651,2020-10-15 19:40:00,COUP
306.54,306.89,306.11,306.45,13680,2020-10-15 19:45:00,COUP
306.39,306.69,305.97,306.23,19733,2020-10-15 19:50:00,COUP
305.97,306.44,305.72,306.0,32015,2020-10-15 19:55:00,COUP
306.0,306.0,306.0,306.0,74341,2020-10-15 20:00:00,COUP
306.0,306.0,306.0,306.0,12675,2020-10-15 20:35:00,COUP
306.5,306.5,306.5,306.5,100,2020-10-15 22:55:00,COUP
308.5,308.5,308.5,308.5,100,2020-10-16 11:25:00,COUP
309.0,309.0,309.0,309.0,537,2020-10-16 13:05:00,COUP
311.51,311.99,309.18,310.46,21219,2020-10-16 13:30:00,COUP
310.8,311.02,309.0,309.19,15358,2020-10-16 13:35:00,COUP
309.05,309.76,308.98,309.21,6969,2020-10-16 13:40:00,COUP
309.475,309.475,308.608,309.03,7200,2020-10-16 13:45:00,COUP
308.94,309.175,308.41,308.77,4029,2020-10-16 13:50:00,COUP
309.045,309.52,308.59,309.255,6071,2020-10-16 13:55:00,COUP
309.32,309.54,308.85,309.225,7696,2020-10-16 14:00:00,COUP
309.21,309.21,308.3,308.3,3139,2020-10-16 14:05:00,COUP
308.59,309.52,308.45,308.95,15626,2020-10-16 14:10:00,COUP
308.92,311.5603,308.92,311.2,22899,2020-10-16 14:15:00,COUP
311.28,311.885,310.71,310.8,8104,2020-10-16 14:20:00,COUP
311.01,311.07,310.08,310.08,3816,2020-10-16 14:25:00,COUP
310.81,310.84,310.61,310.64,1668,2020-10-16 14:30:00,COUP
309.17,310.0,308.57,310.0,1439,2020-10-16 14:35:00,COUP
309.95,310.0,309.29,309.29,8415,2020-10-16 14:40:00,COUP
309.8,309.8,308.0,308.0,2100,2020-10-16 14:45:00,COUP
307.15,308.245,307.15,307.94,12583,2020-10-16 14:50:00,COUP
308.0,308.18,307.2752,307.67,15817,2020-10-16 14:55:00,COUP
307.83,308.19,307.17,307.23,10546,2020-10-16 15:00:00,COUP
307.4,307.4,306.7358,306.76,2511,2020-10-16 15:05:00,COUP
306.96,307.5,306.54,307.21,14421,2020-10-16 15:10:00,COUP
307.24,307.54,306.68,307.35,2824,2020-10-16 15:15:00,COUP
307.84,308.15,307.48,307.855,2290,2020-10-16 15:20:00,COUP
307.72,308.57,307.31,308.26,4005,2020-10-16 15:25:00,COUP
308.12,309.0,308.12,309.0,1795,2020-10-16 15:30:00,COUP
308.9337,309.295,308.4,308.4,10708,2020-10-16 15:35:00,COUP
308.545,309.46,308.395,309.12,1733,2020-10-16 15:40:00,COUP
309.44,310.05,309.44,310.05,1200,2020-10-16 15:45:00,COUP
310.3,310.7999,310.3,310.7999,2125,2020-10-16 15:50:00,COUP
310.49,310.87,309.97,310.87,2857,2020-10-16 15:55:00,COUP
311.15,311.47,310.92,311.11,2929,2020-10-16 16:00:00,COUP
310.88,310.88,309.15,309.57,3200,2020-10-16 16:05:00,COUP
309.48,309.61,309.32,309.61,803,2020-10-16 16:10:00,COUP
309.79,309.95,309.55,309.685,1006,2020-10-16 16:15:00,COUP
309.34,309.43,309.17,309.26,1252,2020-10-16 16:20:00,COUP
309.0,309.84,308.9,309.34,14996,2020-10-16 16:25:00,COUP
309.33,309.33,308.11,308.45,1498,2020-10-16 16:30:00,COUP
308.21,308.24,307.24,307.615,5481,2020-10-16 16:35:00,COUP
307.85,307.85,306.885,307.36,4529,2020-10-16 16:40:00,COUP
307.48,308.5,307.48,308.5,3245,2020-10-16 16:45:00,COUP
308.42,308.5,307.79,308.44,2651,2020-10-16 16:50:00,COUP
308.365,309.0,308.22,309.0,8311,2020-10-16 16:55:00,COUP
309.0,309.73,309.0,309.44,6000,2020-10-16 17:00:00,COUP
309.34,310.42,309.34,310.38,1441,2020-10-16 17:05:00,COUP
310.69,311.0,310.4952,310.85,8957,2020-10-16 17:10:00,COUP
310.88,311.0,310.7,310.78,2700,2020-10-16 17:15:00,COUP
310.65,310.92,310.52,310.61,2513,2020-10-16 17:20:00,COUP
310.53,310.99,309.64,310.77,37251,2020-10-16 17:25:00,COUP
310.76,311.0,310.12,310.5975,9538,2020-10-16 17:30:00,COUP
310.86,311.0,310.3771,310.5403,6449,2020-10-16 17:35:00,COUP
310.695,311.0,309.575,309.575,52724,2020-10-16 17:40:00,COUP
309.69,310.0,309.455,309.99,116206,2020-10-16 17:45:00,COUP
309.82,310.0,309.7493,310.0,9209,2020-10-16 17:50:00,COUP
309.915,310.0,309.67,309.7,2617,2020-10-16 17:55:00,COUP
309.9,310.0,309.35,309.36,2799,2020-10-16 18:00:00,COUP
309.56,309.79,309.3,309.3,2649,2020-10-16 18:05:00,COUP
309.0,309.355,308.96,309.195,2313,2020-10-16 18:10:00,COUP
309.26,309.7,309.13,309.2,2337,2020-10-16 18:15:00,COUP
309.18,309.41,309.17,309.17,1396,2020-10-16 18:20:00,COUP
309.31,309.5,309.1,309.4,2921,2020-10-16 18:25:00,COUP
309.18,309.74,309.12,309.51,6601,2020-10-16 18:30:00,COUP
309.78,310.5,309.62,310.3,3830,2020-10-16 18:35:00,COUP
310.19,310.32,310.17,310.3,500,2020-10-16 18:40:00,COUP
310.45,310.5,310.15,310.5,2780,2020-10-16 18:45:00,COUP
310.5,311.0,310.4362,310.88,5987,2020-10-16 18:50:00,COUP
310.88,311.45,310.79,311.27,17963,2020-10-16 18:55:00,COUP
311.46,312.0,310.5,310.51,8635,2020-10-16 19:00:00,COUP
310.64,310.64,310.09,310.09,2800,2020-10-16 19:05:00,COUP
310.125,310.23,309.25,309.4,2901,2020-10-16 19:10:00,COUP
309.36,309.89,309.36,309.67,3407,2020-10-16 19:15:00,COUP
309.715,310.0,309.47,309.77,4385,2020-10-16 19:20:00,COUP
309.89,310.0,309.67,309.92,4947,2020-10-16 19:25:00,COUP
309.75,309.75,308.5,308.53,15058,2020-10-16 19:30:00,COUP
308.5,309.33,308.36,309.0,8505,2020-10-16 19:35:00,COUP
308.91,308.97,308.3,308.765,5882,2020-10-16 19:40:00,COUP
308.63,308.77,308.15,308.47,8475,2020-10-16 19:45:00,COUP
307.99,308.46,307.245,307.623,9786,2020-10-16 19:50:00,COUP
307.79,307.905,306.9,306.95,31593,2020-10-16 19:55:00,COUP
307.18,307.18,306.0,306.0,36067,2020-10-16 20:00:00,COUP
308.41,308.41,308.41,308.41,100,2020-10-19 09:40:00,COUP
308.0,308.0,308.0,308.0,400,2020-10-19 09:45:00,COUP
309.01,309.01,309.01,309.01,100,2020-10-19 12:00:00,COUP
309.88,309.88,309.88,309.88,100,2020-10-19 13:10:00,COUP
308.99,309.085,305.81,307.89,13110,2020-10-19 13:30:00,COUP
307.775,309.01,305.98,308.105,12927,2020-10-19 13:35:00,COUP
306.97,308.5,306.04,308.19,6359,2020-10-19 13:40:00,COUP
307.38,308.7826,307.38,307.775,7532,2020-10-19 13:45:00,COUP
307.29,307.7198,305.63,306.0,3725,2020-10-19 13:50:00,COUP
306.02,306.7299,304.45,305.115,27322,2020-10-19 13:55:00,COUP
304.42,306.48,304.42,306.06,5812,2020-10-19 14:00:00,COUP
305.75,306.38,305.657,305.657,2714,2020-10-19 14:05:00,COUP
305.06,305.87,304.9723,305.225,2000,2020-10-19 14:10:00,COUP
305.3999,305.4,304.43,304.8,8000,2020-10-19 14:15:00,COUP
304.8,305.55,304.75,305.495,10125,2020-10-19 14:20:00,COUP
305.67,306.45,305.47,305.84,23052,2020-10-19 14:25:00,COUP
305.55,305.55,304.72,304.72,2311,2020-10-19 14:30:00,COUP
304.3,304.62,303.51,304.37,5240,2020-10-19 14:35:00,COUP
304.52,305.31,304.45,304.54,3838,2020-10-19 14:40:00,COUP
304.4,304.8899,303.37,304.61,7620,2020-10-19 14:45:00,COUP
304.615,305.08,303.76,304.84,6526,2020-10-19 14:50:00,COUP
304.69,305.02,304.57,304.79,2421,2020-10-19 14:55:00,COUP
304.38,305.62,304.38,305.615,3622,2020-10-19 15:00:00,COUP
305.615,306.79,305.615,306.42,3572,2020-10-19 15:05:00,COUP
306.71,307.3,306.09,306.53,12815,2020-10-19 15:10:00,COUP
306.49,307.1,306.42,306.73,5844,2020-10-19 15:15:00,COUP
306.17,306.68,305.305,306.66,3230,2020-10-19 15:20:00,COUP
306.67,307.15,306.44,307.05,5111,2020-10-19 15:25:00,COUP
307.15,307.2,306.89,306.89,4700,2020-10-19 15:30:00,COUP
307.05,307.59,306.8593,307.59,18211,2020-10-19 15:35:00,COUP
307.9,308.0,307.38,307.51,7933,2020-10-19 15:40:00,COUP
307.14,307.38,306.66,306.66,2100,2020-10-19 15:45:00,COUP
306.3,307.0,305.86,306.3,3800,2020-10-19 15:50:00,COUP
306.91,306.99,305.91,305.92,2200,2020-10-19 15:55:00,COUP
306.22,306.595,306.02,306.22,10040,2020-10-19 16:00:00,COUP
306.12,306.12,305.09,305.61,2400,2020-10-19 16:05:00,COUP
305.47,305.53,304.69,304.69,1950,2020-10-19 16:10:00,COUP
305.02,305.38,304.86,305.38,8079,2020-10-19 16:15:00,COUP
305.44,305.44,304.83,305.2159,1100,2020-10-19 16:20:00,COUP
305.07,305.5,304.79,305.41,2800,2020-10-19 16:25:00,COUP
305.5,306.21,305.5,306.14,2852,2020-10-19 16:30:00,COUP
306.28,306.95,306.28,306.68,3998,2020-10-19 16:35:00,COUP
306.9,306.9,306.39,306.8099,3751,2020-10-19 16:40:00,COUP
306.68,307.335,306.55,307.335,1600,2020-10-19 16:45:00,COUP
307.21,307.44,307.15,307.15,700,2020-10-19 16:50:00,COUP
307.32,307.65,307.32,307.38,5529,2020-10-19 16:55:00,COUP
307.8,307.895,307.51,307.51,2812,2020-10-19 17:00:00,COUP
307.41,308.39,307.29,308.39,3229,2020-10-19 17:05:00,COUP
308.36,308.4326,308.03,308.15,2604,2020-10-19 17:10:00,COUP
308.11,308.17,307.56,307.85,3100,2020-10-19 17:15:00,COUP
308.355,308.355,307.8,307.925,1212,2020-10-19 17:20:00,COUP
307.75,307.75,306.88,307.02,3299,2020-10-19 17:25:00,COUP
307.0,307.4,306.29,306.45,3956,2020-10-19 17:30:00,COUP
306.75,306.75,306.325,306.325,991,2020-10-19 17:35:00,COUP
306.37,306.49,305.27,306.17,2750,2020-10-19 17:40:00,COUP
306.09,306.09,305.515,305.6,1509,2020-10-19 17:45:00,COUP
305.51,305.5623,304.725,304.725,1717,2020-10-19 17:50:00,COUP
304.59,305.07,304.21,305.0686,3598,2020-10-19 17:55:00,COUP
304.9,304.97,303.6,303.78,8614,2020-10-19 18:00:00,COUP
303.87,304.2385,303.79,303.98,1374,2020-10-19 18:05:00,COUP
303.92,304.24,303.69,303.955,2409,2020-10-19 18:10:00,COUP
303.925,304.49,303.925,304.49,1500,2020-10-19 18:15:00,COUP
304.23,304.75,304.23,304.75,1400,2020-10-19 18:20:00,COUP
304.42,305.0,304.29,305.0,1902,2020-10-19 18:25:00,COUP
304.61,304.7635,303.74,303.74,2573,2020-10-19 18:30:00,COUP
303.75,304.01,303.26,303.3,3291,2020-10-19 18:35:00,COUP
303.66,303.81,303.26,303.3,2698,2020-10-19 18:40:00,COUP
303.2,303.3,302.48,302.48,3289,2020-10-19 18:45:00,COUP
302.565,302.9,302.49,302.67,2700,2020-10-19 18:50:00,COUP
302.755,303.29,302.335,302.335,2997,2020-10-19 18:55:00,COUP
302.51,302.51,301.18,301.47,2192,2020-10-19 19:00:00,COUP
301.31,301.31,300.82,301.13,4535,2020-10-19 19:05:00,COUP
300.98,301.79,300.98,301.79,1301,2020-10-19 19:10:00,COUP
301.48,301.7,300.7491,301.07,21025,2020-10-19 19:15:00,COUP
300.94,301.2,300.06,300.06,1904,2020-10-19 19:20:00,COUP
300.235,301.03,300.235,301.03,5421,2020-10-19 19:25:00,COUP
300.8,301.53,300.8,301.19,5751,2020-10-19 19:30:00,COUP
301.05,301.5,300.9,301.225,20729,2020-10-19 19:35:00,COUP
301.265,301.74,301.265,301.3305,4280,2020-10-19 19:40:00,COUP
301.74,302.5,301.58,302.5,7507,2020-10-19 19:45:00,COUP
301.93,301.96,300.445,301.215,38823,2020-10-19 19:50:00,COUP
301.46,302.03,301.235,301.97,41242,2020-10-19 19:55:00,COUP
301.965,301.965,301.965,301.965,257414,2020-10-19 20:00:00,COUP
301.965,301.965,301.965,301.965,306000,2020-10-19 20:15:00,COUP
301.69,301.69,301.69,301.69,600,2020-10-19 20:35:00,COUP
301.69,302.5,301.69,301.965,1678,2020-10-19 20:40:00,COUP
301.965,301.965,301.965,301.965,69088,2020-10-19 20:55:00,COUP
303.1,303.1,303.1,303.1,1000,2020-10-19 21:10:00,COUP
303.09,303.1,303.09,303.1,200,2020-10-19 21:25:00,COUP
304.0,304.0,304.0,304.0,391,2020-10-19 23:10:00,COUP
305.0,305.0,305.0,305.0,100,2020-10-20 10:15:00,COUP
305.0,305.0,305.0,305.0,100,2020-10-20 10:25:00,COUP
305.11,305.11,305.11,305.11,100,2020-10-20 13:25:00,COUP
304.7,307.34,303.5,306.1265,18019,2020-10-20 13:30:00,COUP
305.44,306.97,305.13,306.01,3822,2020-10-20 13:35:00,COUP
306.065,306.5606,305.61,306.22,2250,2020-10-20 13:40:00,COUP
306.71,307.37,306.53,306.655,5928,2020-10-20 13:45:00,COUP
306.2,306.2,304.05,304.5,154129,2020-10-20 13:50:00,COUP
304.0,304.785,303.5,304.34,10225,2020-10-20 13:55:00,COUP
304.47,305.52,304.23,304.525,1655,2020-10-20 14:00:00,COUP
304.323,306.89,304.323,305.7664,4905,2020-10-20 14:05:00,COUP
305.525,306.57,305.195,305.92,1772,2020-10-20 14:10:00,COUP
305.21,305.89,304.86,304.86,9555,2020-10-20 14:15:00,COUP
304.69,304.795,303.53,303.685,3144,2020-10-20 14:20:00,COUP
303.2,303.79,302.22,302.67,28114,2020-10-20 14:25:00,COUP
302.3,304.01,302.18,304.01,1938,2020-10-20 14:30:00,COUP
303.6,303.99,303.28,303.3,53200,2020-10-20 14:35:00,COUP
303.3,303.8,302.06,302.49,13292,2020-10-20 14:40:00,COUP
302.74,303.32,301.55,302.17,30425,2020-10-20 14:45:00,COUP
301.33,301.87,300.73,300.9,2110,2020-10-20 14:50:00,COUP
301.1,302.3,300.85,302.15,37214,2020-10-20 14:55:00,COUP
300.3392,301.685,300.3392,301.685,1450,2020-10-20 15:00:00,COUP
301.705,302.89,301.705,302.89,5400,2020-10-20 15:05:00,COUP
303.2046,304.0499,303.2046,303.78,647,2020-10-20 15:10:00,COUP
303.795,304.43,303.795,304.43,600,2020-10-20 15:15:00,COUP
304.125,304.555,303.65,303.65,3347,2020-10-20 15:20:00,COUP
303.18,303.485,302.8825,302.8825,1100,2020-10-20 15:25:00,COUP
301.79,303.0,301.79,302.6475,16810,2020-10-20 15:30:00,COUP
302.82,303.0,302.64,302.99,5288,2020-10-20 15:35:00,COUP
303.0,303.0,302.3747,303.0,2100,2020-10-20 15:40:00,COUP
303.0,303.57,302.74,303.41,31681,2020-10-20 15:45:00,COUP
303.5,303.68,303.0,303.64,10627,2020-10-20 15:50:00,COUP
303.4,304.0,303.4,303.78,3593,2020-10-20 15:55:00,COUP
304.0,305.03,303.88,304.93,2585,2020-10-20 16:00:00,COUP
304.65,304.92,304.31,304.42,7800,2020-10-20 16:05:00,COUP
305.015,305.9,305.015,305.63,1150,2020-10-20 16:10:00,COUP
305.42,306.0,305.42,305.7422,2100,2020-10-20 16:15:00,COUP
305.5,305.5,304.98,304.98,2422,2020-10-20 16:20:00,COUP
305.23,305.23,305.115,305.115,200,2020-10-20 16:25:00,COUP
305.13,305.55,303.98,305.55,1800,2020-10-20 16:30:00,COUP
305.86,305.86,304.6,304.74,4360,2020-10-20 16:35:00,COUP
304.68,304.68,304.32,304.3798,2000,2020-10-20 16:40:00,COUP
304.22,304.57,303.58,303.58,1500,2020-10-20 16:45:00,COUP
303.08,303.14,302.885,302.885,600,2020-10-20 16:50:00,COUP
302.5,302.51,301.3841,302.055,9066,2020-10-20 16:55:00,COUP
302.22,302.31,301.31,302.25,2100,2020-10-20 17:00:00,COUP
302.02,302.09,302.02,302.09,200,2020-10-20 17:05:00,COUP
301.6791,302.94,301.56,302.78,700,2020-10-20 17:10:00,COUP
302.88,303.43,302.88,303.35,400,2020-10-20 17:15:00,COUP
303.3,303.86,303.065,303.4175,1200,2020-10-20 17:20:00,COUP
303.35,303.5,303.35,303.5,700,2020-10-20 17:25:00,COUP
303.55,303.85,303.2791,303.85,802,2020-10-20 17:30:00,COUP
303.635,304.68,303.635,304.68,1704,2020-10-20 17:35:00,COUP
304.57,304.57,304.02,304.02,1171,2020-10-20 17:40:00,COUP
304.21,305.49,304.2072,305.375,1791,2020-10-20 17:45:00,COUP
305.15,305.4607,304.89,305.185,1400,2020-10-20 17:50:00,COUP
304.96,305.34,304.335,305.34,11050,2020-10-20 17:55:00,COUP
305.54,305.82,305.42,305.47,1496,2020-10-20 18:00:00,COUP
305.33,305.86,304.79,305.86,3870,2020-10-20 18:05:00,COUP
305.84,306.6,305.84,306.38,1751,2020-10-20 18:10:00,COUP
306.6,307.0,306.56,306.9399,2542,2020-10-20 18:15:00,COUP
306.41,306.5975,305.68,305.8,2138,2020-10-20 18:20:00,COUP
305.755,305.755,305.175,305.355,2405,2020-10-20 18:25:00,COUP
305.74,305.74,305.13,305.18,1600,2020-10-20 18:30:00,COUP
304.32,304.94,304.32,304.8,2622,2020-10-20 18:35:00,COUP
305.14,305.9,305.14,305.48,2448,2020-10-20 18:40:00,COUP
304.79,304.93,304.19,304.93,1567,2020-10-20 18:45:00,COUP
304.89,304.89,303.85,303.885,2262,2020-10-20 18:50:00,COUP
303.9,304.56,303.86,304.07,2271,2020-10-20 18:55:00,COUP
304.0,304.75,303.97,304.585,3239,2020-10-20 19:00:00,COUP
304.67,305.07,303.28,303.2866,3872,2020-10-20 19:05:00,COUP
302.23,303.295,302.17,302.505,4280,2020-10-20 19:10:00,COUP
302.66,303.1,301.9,303.1,1921,2020-10-20 19:15:00,COUP
302.83,303.45,302.41,303.45,3935,2020-10-20 19:20:00,COUP
303.11,303.51,302.88,303.51,4400,2020-10-20 19:25:00,COUP
303.22,303.32,302.38,302.51,3873,2020-10-20 19:30:00,COUP
302.77,302.77,301.97,302.28,19885,2020-10-20 19:35:00,COUP
302.63,304.09,302.595,303.48,4640,2020-10-20 19:40:00,COUP
303.17,303.42,302.18,302.27,5700,2020-10-20 19:45:00,COUP
302.39,302.44,300.27,300.5,21408,2020-10-20 19:50:00,COUP
300.37,300.98,300.12,300.29,34380,2020-10-20 19:55:00,COUP
300.29,300.39,300.29,300.39,149726,2020-10-20 20:00:00,COUP
299.7,299.7,299.7,299.7,100,2020-10-20 20:35:00,COUP
300.39,300.39,300.39,300.39,357,2020-10-20 20:40:00,COUP
300.39,300.39,300.39,300.39,53398,2020-10-20 21:35:00,COUP
300.43,300.43,300.43,300.43,100,2020-10-21 12:00:00,COUP
301.97,301.99,301.97,301.99,200,2020-10-21 13:15:00,COUP
301.99,302.85,301.99,302.85,300,2020-10-21 13:25:00,COUP
303.29,305.3848,303.25,304.59,11924,2020-10-21 13:30:00,COUP
304.81,307.0,304.81,305.5993,7429,2020-10-21 13:35:00,COUP
305.6101,306.305,305.48,305.97,2201,2020-10-21 13:40:00,COUP
306.015,307.0,305.085,305.265,2898,2020-10-21 13:45:00,COUP
305.77,305.77,303.8,304.395,2812,2020-10-21 13:50:00,COUP
304.2,304.9999,303.72,304.9999,2035,2020-10-21 13:55:00,COUP
304.59,304.7384,302.94,302.9767,2802,2020-10-21 14:00:00,COUP
303.245,304.1,302.5021,302.5021,2313,2020-10-21 14:05:00,COUP
302.5587,303.325,302.0,302.815,2605,2020-10-21 14:10:00,COUP
303.35,303.54,302.1252,302.1252,2806,2020-10-21 14:15:00,COUP
302.69,303.08,301.53,301.53,1471,2020-10-21 14:20:00,COUP
301.6,302.2,301.28,302.2,1600,2020-10-21 14:25:00,COUP
302.2,302.515,301.399,301.399,1827,2020-10-21 14:30:00,COUP
301.15,301.15,300.45,300.45,1680,2020-10-21 14:35:00,COUP
300.5,301.52,300.38,301.16,1600,2020-10-21 14:40:00,COUP
300.7501,301.46,300.18,300.43,1606,2020-10-21 14:45:00,COUP
300.6509,300.6509,300.075,300.075,571,2020-10-21 14:50:00,COUP
300.43,300.43,298.82,298.91,5508,2020-10-21 14:55:00,COUP
298.755,299.7596,298.755,298.77,1942,2020-10-21 15:00:00,COUP
298.44,298.8699,297.8,298.11,6993,2020-10-21 15:05:00,COUP
297.12,297.155,295.8344,296.92,2818,2020-10-21 15:30:00,COUP
296.97,296.97,296.13,296.13,3400,2020-10-21 15:35:00,COUP
296.894,296.894,296.415,296.73,878,2020-10-21 15:40:00,COUP
296.55,297.1,296.15,297.1,1200,2020-10-21 15:45:00,COUP
297.26,297.26,296.69,296.99,2452,2020-10-21 15:50:00,COUP
296.28,296.4199,294.7,295.03,5648,2020-10-21 15:55:00,COUP
294.9891,295.345,294.23,295.345,3430,2020-10-21 16:00:00,COUP
295.12,295.84,295.12,295.51,1856,2020-10-21 16:05:00,COUP
295.18,295.67,295.18,295.67,1400,2020-10-21 16:10:00,COUP
295.4,296.04,295.4,296.005,2408,2020-10-21 16:15:00,COUP
296.04,297.53,296.04,296.34,6092,2020-10-21 16:20:00,COUP
296.555,296.555,295.43,295.97,2824,2020-10-21 16:25:00,COUP
295.64,295.79,294.89,294.905,2200,2020-10-21 16:30:00,COUP
294.91,295.16,294.3494,294.66,2902,2020-10-21 16:35:00,COUP
295.01,295.2,294.45,294.82,2402,2020-10-21 16:40:00,COUP
294.83,294.83,294.34,294.34,800,2020-10-21 16:45:00,COUP
294.21,294.9277,293.66,294.11,6986,2020-10-21 16:50:00,COUP
294.23,294.65,294.15,294.48,2600,2020-10-21 16:55:00,COUP
294.18,294.53,293.99,294.53,6002,2020-10-21 17:00:00,COUP
294.58,294.6673,294.17,294.55,2536,2020-10-21 17:05:00,COUP
294.28,295.7892,294.097,294.7551,4078,2020-10-21 17:10:00,COUP
295.05,295.58,294.82,295.0,4932,2020-10-21 17:15:00,COUP
295.11,296.0,295.11,296.0,3600,2020-10-21 17:20:00,COUP
296.0,296.0,295.5452,295.5452,3052,2020-10-21 17:25:00,COUP
295.71,296.3,295.71,295.925,8422,2020-10-21 17:30:00,COUP
296.01,296.01,295.63,295.68,3600,2020-10-21 17:35:00,COUP
295.33,295.38,294.93,294.9401,2580,2020-10-21 17:40:00,COUP
295.3,295.84,295.3,295.84,4200,2020-10-21 17:45:00,COUP
296.19,296.88,295.48,295.8,34870,2020-10-21 17:50:00,COUP
295.92,296.13,295.67,295.91,14368,2020-10-21 17:55:00,COUP
295.96,296.0,295.34,295.68,8148,2020-10-21 18:00:00,COUP
295.43,295.84,295.4,295.665,3192,2020-10-21 18:05:00,COUP
295.89,295.89,295.55,295.55,2000,2020-10-21 18:10:00,COUP
295.55,295.59,294.43,294.5,11996,2020-10-21 18:15:00,COUP
294.5,294.5,293.55,294.27,5900,2020-10-21 18:20:00,COUP
294.04,295.105,294.04,295.105,3794,2020-10-21 18:25:00,COUP
294.89,295.53,294.56,295.53,3000,2020-10-21 18:30:00,COUP
295.67,296.0438,295.4,295.78,4808,2020-10-21 18:35:00,COUP
296.06,296.495,295.84,296.26,4000,2020-10-21 18:40:00,COUP
296.34,296.74,295.76,296.5918,2850,2020-10-21 18:45:00,COUP
296.45,296.7,296.41,296.41,2560,2020-10-21 18:50:00,COUP
296.47,297.595,296.47,297.39,4400,2020-10-21 18:55:00,COUP
297.375,297.375,297.0,297.125,2000,2020-10-21 19:00:00,COUP
296.455,296.56,296.12,296.37,10080,2020-10-21 19:05:00,COUP
296.27,296.6,296.1,296.12,7398,2020-10-21 19:10:00,COUP
296.31,296.31,295.66,295.73,1800,2020-10-21 19:15:00,COUP
295.8,296.2505,295.77,296.11,5610,2020-10-21 19:20:00,COUP
296.28,296.68,295.88,295.88,3200,2020-10-21 19:25:00,COUP
295.83,296.595,295.83,296.14,14090,2020-10-21 19:30:00,COUP
296.17,296.4,295.836,295.973,5016,2020-10-21 19:35:00,COUP
296.055,296.0815,295.59,295.59,4670,2020-10-21 19:40:00,COUP
295.55,295.55,294.14,294.14,28098,2020-10-21 19:45:00,COUP
294.05,294.77,293.4864,294.44,51866,2020-10-21 19:50:00,COUP
294.56,294.7,293.53,294.62,119294,2020-10-21 19:55:00,COUP
294.61,294.61,294.61,294.61,104396,2020-10-21 20:00:00,COUP
294.61,294.61,294.61,294.61,4678,2020-10-21 20:30:00,COUP
294.61,294.61,294.61,294.61,4324,2020-10-21 20:40:00,COUP
294.61,294.61,294.61,294.61,8644,2020-10-21 21:05:00,COUP
294.61,294.61,294.61,294.61,1140,2020-10-21 21:15:00,COUP
293.84,293.84,293.84,293.84,100,2020-10-22 13:25:00,COUP
293.34,294.5375,293.34,294.5375,7580,2020-10-22 13:30:00,COUP
294.23,294.23,292.3101,293.005,4332,2020-10-22 13:35:00,COUP
292.5,293.815,292.5,293.81,3169,2020-10-22 13:40:00,COUP
293.965,296.88,293.965,295.69,7293,2020-10-22 13:45:00,COUP
295.7467,297.465,295.7467,296.91,4825,2020-10-22 13:50:00,COUP
297.25,297.25,297.175,297.175,256,2020-10-22 13:55:00,COUP
295.75,296.335,294.78,295.74,3815,2020-10-22 14:00:00,COUP
296.0,296.28,295.135,295.135,1870,2020-10-22 14:05:00,COUP
294.83,295.18,294.4,294.785,2892,2020-10-22 14:10:00,COUP
294.42,294.64,292.89,292.911,3000,2020-10-22 14:15:00,COUP
293.4704,293.775,292.75,293.0,1980,2020-10-22 14:20:00,COUP
292.11,292.66,291.15,291.4377,10643,2020-10-22 14:25:00,COUP
291.5,291.72,290.0,290.1,7938,2020-10-22 14:30:00,COUP
290.1101,291.14,290.1101,290.2368,2520,2020-10-22 14:35:00,COUP
290.32,290.345,288.28,288.28,4700,2020-10-22 14:40:00,COUP
288.38,289.44,288.38,288.51,2597,2020-10-22 14:45:00,COUP
288.01,289.709,287.5067,288.18,4827,2020-10-22 14:50:00,COUP
288.2944,290.32,288.2944,290.32,10696,2020-10-22 14:55:00,COUP
289.75,290.69,289.75,290.35,1500,2020-10-22 15:00:00,COUP
290.22,290.22,289.14,289.73,1000,2020-10-22 15:05:00,COUP
289.7,291.18,289.7,290.88,2161,2020-10-22 15:10:00,COUP
291.0,291.01,290.61,290.88,1800,2020-10-22 15:15:00,COUP
291.13,291.98,291.0,291.98,3479,2020-10-22 15:20:00,COUP
291.68,293.0,291.67,292.87,2793,2020-10-22 15:25:00,COUP
293.07,293.41,293.05,293.055,1000,2020-10-22 15:30:00,COUP
292.0588,293.02,292.0588,292.3,900,2020-10-22 15:35:00,COUP
292.7,293.59,292.7,293.09,2896,2020-10-22 15:40:00,COUP
293.24,293.69,293.02,293.69,1450,2020-10-22 15:45:00,COUP
293.85,294.15,293.8,293.85,1000,2020-10-22 15:50:00,COUP
293.68,294.475,293.67,294.0901,1450,2020-10-22 15:55:00,COUP
294.225,294.225,293.3575,293.89,2900,2020-10-22 16:00:00,COUP
293.84,294.26,293.84,294.165,1400,2020-10-22 16:05:00,COUP
294.095,294.095,293.19,293.61,2000,2020-10-22 16:10:00,COUP
293.58,293.74,293.53,293.53,1000,2020-10-22 16:15:00,COUP
293.122,293.122,292.675,292.675,500,2020-10-22 16:20:00,COUP
292.1,292.13,292.1,292.13,300,2020-10-22 16:25:00,COUP
291.855,291.97,291.49,291.97,1700,2020-10-22 16:30:00,COUP
291.64,291.99,291.64,291.68,800,2020-10-22 16:35:00,COUP
291.81,292.31,291.64,291.87,5757,2020-10-22 16:40:00,COUP
292.12,292.32,291.91,292.145,1200,2020-10-22 16:45:00,COUP
292.27,293.105,292.24,292.77,1550,2020-10-22 16:50:00,COUP
292.94,293.92,292.94,293.92,4672,2020-10-22 16:55:00,COUP
293.92,293.92,292.97,293.24,3178,2020-10-22 17:00:00,COUP
293.21,293.9,292.89,293.9,1700,2020-10-22 17:05:00,COUP
294.035,294.08,293.3801,293.72,3900,2020-10-22 17:10:00,COUP
294.03,294.03,293.03,293.03,1100,2020-10-22 17:15:00,COUP
293.24,293.52,293.19,293.52,600,2020-10-22 17:20:00,COUP
293.54,294.02,293.54,294.02,1000,2020-10-22 17:25:00,COUP
294.01,294.2699,293.44,294.13,7420,2020-10-22 17:30:00,COUP
294.21,295.18,294.13,295.11,6811,2020-10-22 17:35:00,COUP
294.86,296.67,294.86,296.015,13251,2020-10-22 17:40:00,COUP
295.5667,296.24,295.36,296.24,1645,2020-10-22 17:45:00,COUP
296.32,296.79,295.9738,296.33,2320,2020-10-22 17:50:00,COUP
296.435,296.435,295.66,295.66,600,2020-10-22 17:55:00,COUP
295.795,296.13,295.795,296.13,1107,2020-10-22 18:00:00,COUP
296.04,296.04,295.56,295.8,2550,2020-10-22 18:05:00,COUP
295.8,296.85,295.8,296.265,2800,2020-10-22 18:10:00,COUP
296.365,297.22,296.365,297.22,3588,2020-10-22 18:15:00,COUP
297.39,297.39,296.58,297.28,2685,2020-10-22 18:20:00,COUP
296.9976,297.05,296.11,296.11,1599,2020-10-22 18:25:00,COUP
296.09,296.47,295.5147,296.42,1900,2020-10-22 18:30:00,COUP
296.55,296.89,295.97,295.97,2318,2020-10-22 18:35:00,COUP
296.13,296.13,295.76,295.76,400,2020-10-22 18:40:00,COUP
295.77,295.77,295.09,295.27,500,2020-10-22 18:45:00,COUP
295.26,295.78,295.22,295.78,1604,2020-10-22 18:50:00,COUP
295.645,296.055,295.55,295.91,2099,2020-10-22 18:55:00,COUP
296.03,296.145,295.54,296.01,5364,2020-10-22 19:00:00,COUP
296.03,296.1576,295.5447,295.5447,3536,2020-10-22 19:05:00,COUP
295.365,295.365,294.785,295.24,2000,2020-10-22 19:10:00,COUP
295.36,295.96,295.24,295.925,1800,2020-10-22 19:15:00,COUP
295.85,296.25,295.78,295.95,2097,2020-10-22 19:20:00,COUP
296.22,297.13,296.22,296.83,5906,2020-10-22 19:25:00,COUP
297.16,297.55,296.56,296.65,6720,2020-10-22 19:30:00,COUP
296.8,297.14,296.29,296.29,5584,2020-10-22 19:35:00,COUP
296.49,296.7744,296.2,296.53,4850,2020-10-22 19:40:00,COUP
296.39,296.95,295.99,296.72,12509,2020-10-22 19:45:00,COUP
296.74,297.3,295.98,296.35,12240,2020-10-22 19:50:00,COUP
296.46,298.13,296.13,298.11,74291,2020-10-22 19:55:00,COUP
298.11,298.11,294.07,294.07,58361,2020-10-22 20:00:00,COUP
298.11,298.11,298.11,298.11,147,2020-10-22 20:15:00,COUP
298.11,298.11,298.11,298.11,1140,2020-10-22 20:50:00,COUP
299.5,299.5,299.5,299.5,100,2020-10-22 22:55:00,COUP
298.51,299.265,296.48,296.48,8660,2020-10-23 13:30:00,COUP
297.5,300.28,297.5,299.38,6720,2020-10-23 13:35:00,COUP
298.85,299.52,298.23,298.6647,2900,2020-10-23 13:40:00,COUP
298.96,299.52,297.97,298.015,2663,2020-10-23 13:45:00,COUP
299.27,299.27,297.05,298.9599,1208,2020-10-23 13:50:00,COUP
298.6503,299.15,297.3,298.29,1303,2020-10-23 13:55:00,COUP
298.61,300.13,296.97,299.24,5484,2020-10-23 14:00:00,COUP
299.87,300.22,299.7,300.02,3612,2020-10-23 14:05:00,COUP
299.14,301.32,299.01,301.29,2583,2020-10-23 14:10:00,COUP
301.0,303.2761,301.0,303.2761,3868,2020-10-23 14:15:00,COUP
302.9959,303.6999,301.69,302.33,2445,2020-10-23 14:20:00,COUP
301.585,302.79,301.585,302.775,1690,2020-10-23 14:25:00,COUP
303.24,303.62,303.09,303.52,1700,2020-10-23 14:30:00,COUP
303.72,303.72,301.8,301.9191,2596,2020-10-23 14:35:00,COUP
302.04,302.53,301.35,301.68,2100,2020-10-23 14:40:00,COUP
301.92,301.92,301.56,301.81,800,2020-10-23 14:45:00,COUP
300.8396,300.99,300.39,300.99,1544,2020-10-23 14:50:00,COUP
301.93,303.26,301.93,302.63,1538,2020-10-23 14:55:00,COUP
302.75,303.41,302.705,303.18,3350,2020-10-23 15:00:00,COUP
303.2484,303.2978,302.8741,303.2978,1222,2020-10-23 15:05:00,COUP
303.35,303.35,302.995,302.995,900,2020-10-23 15:10:00,COUP
303.14,303.14,301.85,301.85,600,2020-10-23 15:15:00,COUP
302.3,302.3,300.52,301.175,6440,2020-10-23 15:20:00,COUP
301.0579,301.2,300.35,300.965,3333,2020-10-23 15:25:00,COUP
301.45,301.7,301.2,301.67,2004,2020-10-23 15:30:00,COUP
301.99,301.99,300.12,300.58,880,2020-10-23 15:35:00,COUP
300.45,300.79,300.45,300.79,200,2020-10-23 15:40:00,COUP
300.6,300.6,300.0495,300.0495,1608,2020-10-23 15:45:00,COUP
299.81,300.3,299.8,300.3,724,2020-10-23 15:50:00,COUP
300.26,300.615,300.26,300.615,200,2020-10-23 15:55:00,COUP
300.35,301.31,300.32,301.0,3416,2020-10-23 16:00:00,COUP
301.005,301.85,300.95,301.19,1804,2020-10-23 16:05:00,COUP
301.2258,301.67,301.2258,301.67,973,2020-10-23 16:10:00,COUP
301.0,301.14,300.29,300.29,1100,2020-10-23 16:15:00,COUP
300.39,300.39,299.96,299.96,1000,2020-10-23 16:20:00,COUP
300.045,300.62,299.97,300.62,1800,2020-10-23 16:25:00,COUP
300.625,301.08,300.625,301.08,1600,2020-10-23 16:30:00,COUP
300.81,301.25,300.76,301.25,1250,2020-10-23 16:35:00,COUP
302.04,302.04,301.61,301.8,1500,2020-10-23 16:40:00,COUP
301.7412,302.25,301.7412,302.25,467,2020-10-23 16:45:00,COUP
302.29,302.53,302.251,302.365,1302,2020-10-23 16:50:00,COUP
302.41,302.41,301.82,302.07,1270,2020-10-23 16:55:00,COUP
302.135,302.79,302.135,302.58,1300,2020-10-23 17:00:00,COUP
302.67,303.38,302.58,303.13,3215,2020-10-23 17:05:00,COUP
303.255,303.4,302.5,302.53,2418,2020-10-23 17:10:00,COUP
302.79,303.04,302.18,302.395,1697,2020-10-23 17:15:00,COUP
302.36,302.76,302.26,302.67,1097,2020-10-23 17:20:00,COUP
302.44,302.44,301.76,301.98,3006,2020-10-23 17:25:00,COUP
302.06,302.06,302.06,302.06,100,2020-10-23 17:30:00,COUP
302.06,302.06,301.58,301.79,2900,2020-10-23 17:35:00,COUP
301.76,301.8419,301.48,301.7805,2226,2020-10-23 17:40:00,COUP
301.735,302.13,301.62,302.04,1800,2020-10-23 17:45:00,COUP
302.37,302.37,301.87,301.87,3900,2020-10-23 17:50:00,COUP
302.21,302.27,301.62,301.6947,2667,2020-10-23 17:55:00,COUP
301.86,302.15,301.86,302.08,700,2020-10-23 18:00:00,COUP
302.27,302.29,302.01,302.01,1858,2020-10-23 18:05:00,COUP
302.06,302.2,301.925,302.0,2100,2020-10-23 18:10:00,COUP
301.98,302.56,301.98,302.25,2228,2020-10-23 18:15:00,COUP
302.29,302.33,302.0,302.0,1100,2020-10-23 18:20:00,COUP
302.06,302.5,302.01,302.28,3036,2020-10-23 18:25:00,COUP
302.32,302.49,302.07,302.28,6584,2020-10-23 18:30:00,COUP
302.39,302.39,301.5,302.09,3768,2020-10-23 18:35:00,COUP
302.23,302.23,301.58,301.99,3008,2020-10-23 18:40:00,COUP
301.91,301.98,301.74,301.98,1009,2020-10-23 18:45:00,COUP
302.1,302.1,301.5,301.5,3076,2020-10-23 18:50:00,COUP
301.5,301.5,301.0,301.32,2245,2020-10-23 18:55:00,COUP
301.06,301.56,301.0,301.56,3452,2020-10-23 19:00:00,COUP
301.4915,302.01,301.4915,301.74,874,2020-10-23 19:05:00,COUP
301.74,302.12,301.38,301.91,2240,2020-10-23 19:10:00,COUP
302.02,302.13,301.86,301.97,1300,2020-10-23 19:15:00,COUP
302.1,302.31,301.97,302.065,4540,2020-10-23 19:20:00,COUP
301.89,302.26,301.875,301.91,2700,2020-10-23 19:25:00,COUP
301.91,302.05,301.71,302.05,2282,2020-10-23 19:30:00,COUP
301.91,302.04,301.74,302.0015,1989,2020-10-23 19:35:00,COUP
302.02,302.39,301.98,302.16,8819,2020-10-23 19:40:00,COUP
302.11,302.1499,301.89,301.9,5820,2020-10-23 19:45:00,COUP
301.95,302.4799,301.85,302.4799,11269,2020-10-23 19:50:00,COUP
302.48,302.85,301.9,301.9201,41413,2020-10-23 19:55:00,COUP
302.0,302.0,302.0,302.0,39301,2020-10-23 20:00:00,COUP
302.0,302.0,302.0,302.0,1200,2020-10-23 20:20:00,COUP
302.0,302.0,302.0,302.0,113,2020-10-23 20:50:00,COUP
301.8,301.8,301.8,301.8,100,2020-10-23 23:20:00,COUP
297.42,297.42,297.4,297.4,411,2020-10-26 12:15:00,COUP
296.87,300.33,296.87,300.0,10707,2020-10-26 13:30:00,COUP
300.0,303.39,299.24,302.3,8209,2020-10-26 13:35:00,COUP
302.64,303.9,300.71,301.535,6185,2020-10-26 13:40:00,COUP
301.218,301.66,300.71,301.5,2600,2020-10-26 13:45:00,COUP
302.42,303.14,301.955,301.955,1203,2020-10-26 13:50:00,COUP
301.76,302.2799,301.01,301.23,3600,2020-10-26 13:55:00,COUP
302.34,302.34,300.1,300.7,6300,2020-10-26 14:00:00,COUP
300.43,300.43,298.9,300.05,2501,2020-10-26 14:05:00,COUP
299.58,300.0,297.71,298.1,5299,2020-10-26 14:10:00,COUP
298.07,299.265,297.92,298.64,10100,2020-10-26 14:15:00,COUP
298.38,298.38,296.7,296.955,3230,2020-10-26 14:20:00,COUP
297.4875,297.4875,295.22,295.63,5930,2020-10-26 14:25:00,COUP
295.1,295.4,294.95,295.08,3431,2020-10-26 14:30:00,COUP
294.6,295.2,293.895,295.2,2372,2020-10-26 14:35:00,COUP
294.9855,295.595,294.92,295.56,1326,2020-10-26 14:40:00,COUP
295.995,296.2,294.92,294.92,1631,2020-10-26 14:45:00,COUP
295.54,295.54,293.43,293.7,6609,2020-10-26 14:50:00,COUP
293.6288,293.86,292.1399,292.95,3450,2020-10-26 14:55:00,COUP
292.0,292.6152,290.73,291.29,2680,2020-10-26 15:00:00,COUP
291.585,291.7,290.17,291.42,3525,2020-10-26 15:05:00,COUP
291.1631,291.43,290.46,290.76,5051,2020-10-26 15:10:00,COUP
290.48,290.76,289.38,289.78,5559,2020-10-26 15:15:00,COUP
289.78,291.33,289.78,290.63,1227,2020-10-26 15:20:00,COUP
291.04,291.6854,291.04,291.13,1900,2020-10-26 15:25:00,COUP
290.68,290.765,290.395,290.645,1800,2020-10-26 15:30:00,COUP
290.485,291.3,290.26,291.045,2943,2020-10-26 15:35:00,COUP
290.98,290.98,289.83,290.675,7719,2020-10-26 15:40:00,COUP
291.46,292.31,291.46,291.82,3500,2020-10-26 15:45:00,COUP
292.5,293.91,292.5,293.565,3337,2020-10-26 15:50:00,COUP
293.645,294.19,293.225,293.225,4302,2020-10-26 15:55:00,COUP
292.91,293.455,292.15,293.455,2299,2020-10-26 16:00:00,COUP
293.11,293.65,293.08,293.52,1006,2020-10-26 16:05:00,COUP
293.5,294.13,292.4949,292.4949,2200,2020-10-26 16:10:00,COUP
293.39,293.47,293.085,293.085,686,2020-10-26 16:15:00,COUP
293.52,293.52,292.715,292.715,1200,2020-10-26 16:20:00,COUP
293.01,293.5,293.01,293.21,1400,2020-10-26 16:25:00,COUP
292.63,292.63,291.92,292.28,400,2020-10-26 16:30:00,COUP
291.94,292.0,291.86,291.86,600,2020-10-26 16:35:00,COUP
292.25,292.485,291.37,291.65,3708,2020-10-26 16:40:00,COUP
291.12,291.49,290.68,290.68,6500,2020-10-26 16:45:00,COUP
290.5671,290.5671,289.56,289.56,10760,2020-10-26 16:50:00,COUP
289.82,290.38,289.24,289.4,1400,2020-10-26 16:55:00,COUP
289.455,289.965,289.445,289.965,1500,2020-10-26 17:00:00,COUP
289.58,289.63,288.52,289.2,5153,2020-10-26 17:05:00,COUP
289.26,290.2,289.14,290.16,3959,2020-10-26 17:10:00,COUP
290.265,290.265,288.84,289.21,1935,2020-10-26 17:15:00,COUP
288.8149,289.54,288.52,288.52,1950,2020-10-26 17:20:00,COUP
288.41,288.45,286.59,286.59,4825,2020-10-26 17:25:00,COUP
286.935,287.1,286.21,286.21,2611,2020-10-26 17:30:00,COUP
286.31,287.005,286.274,286.476,4362,2020-10-26 17:35:00,COUP
286.4,286.84,286.27,286.27,5472,2020-10-26 17:40:00,COUP
286.644,287.98,286.42,287.98,2993,2020-10-26 17:45:00,COUP
288.31,289.5,288.2612,289.44,4167,2020-10-26 17:50:00,COUP
289.02,290.2216,288.54,290.2216,1161,2020-10-26 17:55:00,COUP
289.9904,290.33,289.665,289.665,1005,2020-10-26 18:00:00,COUP
289.91,289.985,289.14,289.32,1150,2020-10-26 18:05:00,COUP
289.47,289.73,288.69,288.69,2507,2020-10-26 18:10:00,COUP
288.95,289.505,288.63,288.86,4000,2020-10-26 18:15:00,COUP
289.025,289.025,288.12,288.57,2137,2020-10-26 18:20:00,COUP
288.91,289.46,288.38,289.18,4700,2020-10-26 18:25:00,COUP
289.28,289.7999,289.1,289.435,4300,2020-10-26 18:30:00,COUP
289.66,289.71,289.16,289.21,3200,2020-10-26 18:35:00,COUP
290.0,290.24,289.29,289.75,1300,2020-10-26 18:40:00,COUP
289.48,289.69,288.63,288.93,3700,2020-10-26 18:45:00,COUP
288.98,289.795,288.98,289.58,1500,2020-10-26 18:50:00,COUP
289.98,290.005,289.41,289.86,2898,2020-10-26 18:55:00,COUP
289.56,290.3999,289.56,289.97,2890,2020-10-26 19:00:00,COUP
289.52,289.9,289.1948,289.25,2658,2020-10-26 19:05:00,COUP
289.7,289.96,289.38,289.64,3497,2020-10-26 19:10:00,COUP
289.62,290.565,289.62,290.29,7450,2020-10-26 19:15:00,COUP
290.2,290.54,290.2,290.38,12145,2020-10-26 19:20:00,COUP
290.37,290.81,290.195,290.73,9515,2020-10-26 19:25:00,COUP
290.92,291.213,290.59,290.855,10665,2020-10-26 19:30:00,COUP
291.0,291.7,290.84,291.36,12500,2020-10-26 19:35:00,COUP
291.59,292.88,291.475,292.88,11333,2020-10-26 19:40:00,COUP
292.795,292.88,291.29,291.29,12232,2020-10-26 19:45:00,COUP
291.13,293.07,291.13,292.81,13207,2020-10-26 19:50:00,COUP
292.81,293.35,292.39,292.58,22154,2020-10-26 19:55:00,COUP
292.74,292.74,292.74,292.74,127542,2020-10-26 20:00:00,COUP
292.0,292.0,292.0,292.0,424,2020-10-26 20:10:00,COUP
292.74,292.74,292.74,292.74,38865,2020-10-26 20:50:00,COUP
295.22,295.22,295.22,295.22,145,2020-10-27 11:40:00,COUP
295.79,298.62,295.79,296.52,21169,2020-10-27 13:30:00,COUP
296.3806,299.47,296.3806,297.955,3207,2020-10-27 13:35:00,COUP
298.03,299.065,297.34,297.41,3117,2020-10-27 13:40:00,COUP
297.41,297.585,295.87,297.07,6735,2020-10-27 13:45:00,COUP
297.21,297.7,296.31,296.5,2059,2020-10-27 13:50:00,COUP
297.05,297.5,295.59,296.32,3920,2020-10-27 13:55:00,COUP
296.145,297.0,293.9716,293.9716,9767,2020-10-27 14:00:00,COUP
293.99,294.7,293.99,294.7,400,2020-10-27 14:05:00,COUP
294.55,295.57,294.2,294.5,3710,2020-10-27 14:10:00,COUP
294.63,294.63,293.02,293.02,900,2020-10-27 14:15:00,COUP
292.89,293.8699,292.89,293.16,600,2020-10-27 14:20:00,COUP
292.8968,294.09,292.8968,293.57,1460,2020-10-27 14:25:00,COUP
294.3485,295.0851,294.22,295.0851,843,2020-10-27 14:30:00,COUP
294.45,295.96,294.31,295.295,2274,2020-10-27 14:35:00,COUP
295.37,295.37,294.5,294.6,500,2020-10-27 14:40:00,COUP
295.41,296.32,295.285,295.66,2818,2020-10-27 14:45:00,COUP
295.805,296.31,295.485,296.31,2711,2020-10-27 14:50:00,COUP
296.32,296.64,295.72,296.15,2000,2020-10-27 14:55:00,COUP
295.7919,296.0,295.48,295.735,1211,2020-10-27 15:00:00,COUP
295.885,296.39,295.52,296.15,2708,2020-10-27 15:05:00,COUP
296.13,297.2,296.13,296.89,1400,2020-10-27 15:10:00,COUP
297.17,297.4,296.935,296.935,1400,2020-10-27 15:15:00,COUP
296.79,297.13,296.79,297.06,4197,2020-10-27 15:20:00,COUP
296.9,297.0,296.06,296.06,2587,2020-10-27 15:25:00,COUP
295.9,295.915,295.74,295.74,700,2020-10-27 15:30:00,COUP
296.05,296.27,296.03,296.03,410,2020-10-27 15:35:00,COUP
296.225,296.225,295.2,295.2,700,2020-10-27 15:40:00,COUP
295.155,295.155,295.03,295.03,376,2020-10-27 15:45:00,COUP
295.02,295.73,295.02,295.73,800,2020-10-27 15:50:00,COUP
295.26,295.83,294.857,295.45,3371,2020-10-27 15:55:00,COUP
295.3,295.3,293.95,293.95,3667,2020-10-27 16:00:00,COUP
293.98,294.0,293.165,293.87,3178,2020-10-27 16:05:00,COUP
294.0,294.03,293.0,293.0,1500,2020-10-27 16:10:00,COUP
292.87,292.87,292.535,292.85,4006,2020-10-27 16:15:00,COUP
292.67,292.97,292.4,292.4,1100,2020-10-27 16:20:00,COUP
292.44,292.811,292.27,292.35,3031,2020-10-27 16:25:00,COUP
292.4532,292.4532,292.2775,292.425,1400,2020-10-27 16:30:00,COUP
292.21,292.5,291.905,291.95,5341,2020-10-27 16:35:00,COUP
292.45,292.525,291.9,292.06,2950,2020-10-27 16:40:00,COUP
292.09,292.28,291.81,292.0,2300,2020-10-27 16:45:00,COUP
292.55,292.73,292.24,292.42,1100,2020-10-27 16:50:00,COUP
292.5466,292.89,292.33,292.89,1469,2020-10-27 16:55:00,COUP
292.655,293.09,292.655,293.09,801,2020-10-27 17:00:00,COUP
293.48,293.65,292.898,293.3972,3384,2020-10-27 17:05:00,COUP
293.25,293.25,292.58,292.58,7749,2020-10-27 17:10:00,COUP
292.52,292.52,291.96,291.96,720,2020-10-27 17:15:00,COUP
291.75,292.65,291.75,292.425,1400,2020-10-27 17:20:00,COUP
291.94,292.2899,291.94,291.96,1392,2020-10-27 17:25:00,COUP
291.85,292.6265,291.85,292.6265,1114,2020-10-27 17:30:00,COUP
292.67,292.76,292.41,292.65,1400,2020-10-27 17:35:00,COUP
293.07,293.4,292.69,293.36,1200,2020-10-27 17:40:00,COUP
293.315,293.65,293.1801,293.41,1901,2020-10-27 17:45:00,COUP
293.26,293.26,292.56,292.76,1100,2020-10-27 17:50:00,COUP
292.7,293.18,292.675,293.17,1000,2020-10-27 17:55:00,COUP
292.92,293.13,292.61,292.61,590,2020-10-27 18:05:00,COUP
292.58,293.37,292.43,293.37,1300,2020-10-27 18:10:00,COUP
293.19,293.19,292.67,292.78,801,2020-10-27 18:15:00,COUP
292.615,292.84,292.615,292.63,1400,2020-10-27 18:20:00,COUP
292.3701,292.79,292.3701,292.79,870,2020-10-27 18:25:00,COUP
291.98,292.27,291.87,292.1,2704,2020-10-27 18:30:00,COUP
292.11,292.15,291.42,291.42,1000,2020-10-27 18:35:00,COUP
291.4,291.685,290.91,291.29,2415,2020-10-27 18:40:00,COUP
290.89,291.67,290.475,291.23,2000,2020-10-27 18:45:00,COUP
291.175,291.8375,290.98,291.8375,1000,2020-10-27 18:50:00,COUP
291.48,291.75,291.36,291.75,600,2020-10-27 18:55:00,COUP
291.64,292.06,291.64,291.88,600,2020-10-27 19:00:00,COUP
291.5,291.67,291.19,291.19,1400,2020-10-27 19:05:00,COUP
291.15,291.424,290.96,291.24,1800,2020-10-27 19:10:00,COUP
291.06,291.58,291.06,291.45,2040,2020-10-27 19:15:00,COUP
291.55,291.9,291.25,291.69,1802,2020-10-27 19:20:00,COUP
292.06,292.46,291.91,292.26,2162,2020-10-27 19:25:00,COUP
292.29,292.74,292.06,292.59,2410,2020-10-27 19:30:00,COUP
292.42,293.0,292.35,292.955,8000,2020-10-27 19:35:00,COUP
293.06,293.32,292.94,293.17,5710,2020-10-27 19:40:00,COUP
293.22,293.41,292.62,293.17,5996,2020-10-27 19:45:00,COUP
292.99,293.51,292.42,292.6,12542,2020-10-27 19:50:00,COUP
292.4,292.62,291.98,292.03,23898,2020-10-27 19:55:00,COUP
292.03,292.03,292.03,292.03,65858,2020-10-27 20:00:00,COUP
292.03,292.03,292.03,292.03,6970,2020-10-27 20:15:00,COUP
292.03,292.03,292.03,292.03,16200,2020-10-27 21:25:00,COUP
290.88,290.88,290.88,290.88,100,2020-10-27 22:25:00,COUP
288.99,288.99,288.99,288.99,118,2020-10-28 13:25:00,COUP
289.56,289.56,284.69,285.36,35250,2020-10-28 13:30:00,COUP
285.52,285.79,283.26,284.58,17393,2020-10-28 13:35:00,COUP
283.28,285.27,282.1,283.315,18067,2020-10-28 13:40:00,COUP
283.95,284.0,281.76,282.05,15854,2020-10-28 13:45:00,COUP
281.41,282.0,280.32,281.535,3195,2020-10-28 13:50:00,COUP
281.98,284.15,281.655,283.4025,3094,2020-10-28 13:55:00,COUP
284.6,284.8,283.26,283.41,1439,2020-10-28 14:00:00,COUP
283.78,284.87,283.78,284.87,3009,2020-10-28 14:05:00,COUP
284.75,284.75,283.0545,283.0545,2900,2020-10-28 14:10:00,COUP
283.09,283.09,282.07,282.39,2600,2020-10-28 14:15:00,COUP
281.95,281.98,281.44,281.44,1760,2020-10-28 14:20:00,COUP
281.74,282.52,281.46,282.46,4862,2020-10-28 14:25:00,COUP
282.8427,284.79,282.5445,284.56,3400,2020-10-28 14:30:00,COUP
284.69,287.05,284.685,286.59,7626,2020-10-28 14:35:00,COUP
287.0,287.0,286.14,286.72,6734,2020-10-28 14:40:00,COUP
287.0,287.0,285.08,285.245,3450,2020-10-28 14:45:00,COUP
285.245,285.92,284.88,285.32,1783,2020-10-28 14:50:00,COUP
285.6,286.49,284.98,286.49,5576,2020-10-28 14:55:00,COUP
286.74,287.56,285.92,286.39,4004,2020-10-28 15:00:00,COUP
286.4,287.79,286.251,287.105,1328,2020-10-28 15:05:00,COUP
288.0,288.06,287.63,288.06,775,2020-10-28 15:10:00,COUP
287.33,288.18,287.33,287.3354,1750,2020-10-28 15:15:00,COUP
287.73,287.73,286.38,286.61,5950,2020-10-28 15:20:00,COUP
286.3699,286.96,286.185,286.475,1013,2020-10-28 15:25:00,COUP
285.72,285.8,285.265,285.265,1040,2020-10-28 15:30:00,COUP
285.29,286.39,285.29,285.995,1200,2020-10-28 15:35:00,COUP
285.69,287.0,285.69,287.0,770,2020-10-28 15:40:00,COUP
287.12,287.3,287.0,287.0,700,2020-10-28 15:45:00,COUP
286.72,287.02,286.53,287.02,500,2020-10-28 15:50:00,COUP
286.235,286.235,285.76,285.8,700,2020-10-28 15:55:00,COUP
285.99,286.33,285.35,285.62,6003,2020-10-28 16:00:00,COUP
285.35,286.66,285.045,286.435,6040,2020-10-28 16:05:00,COUP
286.395,287.005,286.22,287.005,4230,2020-10-28 16:10:00,COUP
287.12,287.155,286.84,286.84,800,2020-10-28 16:15:00,COUP
286.81,286.81,285.895,286.39,1970,2020-10-28 16:20:00,COUP
286.05,286.05,286.05,286.05,100,2020-10-28 16:25:00,COUP
285.04,285.52,284.86,285.28,900,2020-10-28 16:30:00,COUP
285.39,285.39,285.13,285.13,200,2020-10-28 16:35:00,COUP
285.03,285.03,284.41,284.41,400,2020-10-28 16:40:00,COUP
284.52,284.52,284.52,284.52,100,2020-10-28 16:45:00,COUP
284.03,284.03,283.22,283.535,2103,2020-10-28 16:50:00,COUP
283.53,283.98,283.53,283.915,4113,2020-10-28 16:55:00,COUP
283.92,284.53,283.92,284.49,1500,2020-10-28 17:00:00,COUP
284.37,284.495,283.63,283.63,2809,2020-10-28 17:05:00,COUP
283.37,283.37,281.84,282.275,13123,2020-10-28 17:10:00,COUP
282.78,282.95,282.18,282.92,2250,2020-10-28 17:15:00,COUP
282.87,282.87,282.6428,282.6428,600,2020-10-28 17:20:00,COUP
283.24,283.47,283.17,283.325,1044,2020-10-28 17:25:00,COUP
283.73,284.2958,283.52,284.2958,2700,2020-10-28 17:30:00,COUP
284.39,285.16,284.39,284.95,2206,2020-10-28 17:35:00,COUP
285.08,285.08,283.99,284.7975,3299,2020-10-28 17:40:00,COUP
285.19,285.7,284.89,285.7,2000,2020-10-28 17:45:00,COUP
285.3599,286.11,285.3537,286.11,2150,2020-10-28 17:50:00,COUP
285.95,286.23,285.62,286.21,1806,2020-10-28 17:55:00,COUP
286.14,286.14,285.39,285.87,4060,2020-10-28 18:00:00,COUP
285.74,285.74,285.258,285.42,2682,2020-10-28 18:05:00,COUP
285.43,285.43,285.06,285.06,400,2020-10-28 18:10:00,COUP
284.85,284.85,284.36,284.44,1800,2020-10-28 18:15:00,COUP
284.56,285.31,284.48,285.29,1633,2020-10-28 18:20:00,COUP
285.31,285.42,285.1,285.39,1000,2020-10-28 18:25:00,COUP
285.46,285.46,285.26,285.26,694,2020-10-28 18:30:00,COUP
284.5,284.5,284.07,284.1,1200,2020-10-28 18:35:00,COUP
284.15,285.1,284.15,284.43,4917,2020-10-28 18:40:00,COUP
284.12,284.52,284.12,284.32,1000,2020-10-28 18:45:00,COUP
284.57,284.58,283.6,283.825,2390,2020-10-28 18:50:00,COUP
283.825,285.17,283.7,285.17,4400,2020-10-28 18:55:00,COUP
285.085,285.44,285.08,285.44,2600,2020-10-28 19:00:00,COUP
285.36,286.22,285.36,286.055,7600,2020-10-28 19:05:00,COUP
285.83,286.53,285.65,286.475,2300,2020-10-28 19:10:00,COUP
286.4,286.63,286.045,286.63,2000,2020-10-28 19:15:00,COUP
286.355,287.555,286.1557,287.23,2782,2020-10-28 19:20:00,COUP
287.26,287.8785,286.45,286.45,2353,2020-10-28 19:25:00,COUP
286.5,288.53,286.365,288.1,3697,2020-10-28 19:30:00,COUP
288.0,288.0,286.11,286.49,4388,2020-10-28 19:35:00,COUP
286.63,287.875,286.545,287.6899,6835,2020-10-28 19:40:00,COUP
287.91,287.975,286.76,287.245,15335,2020-10-28 19:45:00,COUP
286.9,288.18,286.08,286.48,15371,2020-10-28 19:50:00,COUP
286.5,286.5,284.62,285.01,52662,2020-10-28 19:55:00,COUP
285.01,285.01,285.01,285.01,27609,2020-10-28 20:00:00,COUP
288.14,290.4982,288.0,288.14,5974,2020-10-29 13:30:00,COUP
287.86,288.1717,285.57,286.95,2000,2020-10-29 13:35:00,COUP
286.75,286.75,284.3,286.2285,3503,2020-10-29 13:40:00,COUP
284.97,285.4433,283.9507,283.9507,1100,2020-10-29 13:45:00,COUP
284.09,284.9,283.92,284.72,1484,2020-10-29 13:50:00,COUP
285.45,286.29,285.45,286.11,800,2020-10-29 13:55:00,COUP
285.6974,286.435,285.26,286.435,4851,2020-10-29 14:00:00,COUP
286.12,286.12,285.02,285.02,800,2020-10-29 14:05:00,COUP
285.44,285.47,284.52,284.7,1590,2020-10-29 14:10:00,COUP
285.28,285.79,284.96,285.79,900,2020-10-29 14:15:00,COUP
285.28,286.36,284.9,285.86,3000,2020-10-29 14:20:00,COUP
285.96,286.38,285.5,285.545,10545,2020-10-29 14:25:00,COUP
285.83,286.0,284.235,284.235,2856,2020-10-29 14:30:00,COUP
284.77,284.77,284.23,284.23,1500,2020-10-29 14:35:00,COUP
284.21,284.21,283.96,284.1975,1235,2020-10-29 14:40:00,COUP
284.31,284.37,283.55,283.89,1507,2020-10-29 14:45:00,COUP
283.62,283.84,282.76,283.4368,3325,2020-10-29 14:50:00,COUP
283.64,284.46,283.63,284.46,2100,2020-10-29 14:55:00,COUP
284.98,285.91,284.9,285.91,1675,2020-10-29 15:00:00,COUP
286.365,286.9,286.3,286.9,800,2020-10-29 15:05:00,COUP
286.79,287.68,286.79,287.34,600,2020-10-29 15:10:00,COUP
287.13,287.6,287.13,287.6,300,2020-10-29 15:15:00,COUP
287.81,288.25,287.79,288.0,854,2020-10-29 15:20:00,COUP
287.87,288.4329,287.87,288.24,1200,2020-10-29 15:25:00,COUP
288.24,288.24,287.35,287.62,1268,2020-10-29 15:30:00,COUP
287.1018,288.0004,287.02,288.0004,7400,2020-10-29 15:35:00,COUP
287.425,287.885,286.93,286.93,2752,2020-10-29 15:40:00,COUP
286.93,287.26,286.4,286.71,900,2020-10-29 15:45:00,COUP
286.47,286.54,285.81,285.81,1803,2020-10-29 15:50:00,COUP
286.29,287.17,286.0,286.03,1100,2020-10-29 15:55:00,COUP
286.53,286.8911,286.41,286.525,601,2020-10-29 16:00:00,COUP
286.79,287.74,286.57,287.74,2280,2020-10-29 16:05:00,COUP
287.375,287.6,287.34,287.34,1824,2020-10-29 16:10:00,COUP
287.35,287.55,286.9,287.025,1691,2020-10-29 16:15:00,COUP
287.17,287.175,286.4,286.4,1700,2020-10-29 16:20:00,COUP
286.57,287.0027,286.57,286.97,2215,2020-10-29 16:25:00,COUP
286.765,286.77,286.045,286.215,2400,2020-10-29 16:30:00,COUP
286.49,286.49,285.96,285.96,543,2020-10-29 16:35:00,COUP
286.0134,286.26,285.95,286.215,640,2020-10-29 16:40:00,COUP
286.13,286.29,286.13,286.29,200,2020-10-29 16:45:00,COUP
286.29,286.55,285.58,285.58,951,2020-10-29 16:50:00,COUP
285.35,285.69,285.35,285.505,948,2020-10-29 16:55:00,COUP
285.29,285.47,285.13,285.13,1938,2020-10-29 17:00:00,COUP
285.28,285.91,285.01,285.01,2005,2020-10-29 17:05:00,COUP
285.255,285.7,285.255,285.7,1300,2020-10-29 17:10:00,COUP
285.495,285.63,285.3,285.3,1183,2020-10-29 17:15:00,COUP
285.255,286.07,285.245,286.07,1700,2020-10-29 17:20:00,COUP
285.78,286.1,285.78,286.1,500,2020-10-29 17:25:00,COUP
285.95,286.14,285.66,285.68,3098,2020-10-29 17:30:00,COUP
285.8,285.8,285.24,285.24,2378,2020-10-29 17:35:00,COUP
285.415,285.73,285.08,285.08,2100,2020-10-29 17:40:00,COUP
285.29,285.3,284.78,285.04,595,2020-10-29 17:45:00,COUP
284.78,285.35,284.78,285.15,700,2020-10-29 17:50:00,COUP
285.24,285.245,284.63,284.785,2865,2020-10-29 17:55:00,COUP
284.74,285.27,284.74,284.78,3114,2020-10-29 18:00:00,COUP
284.665,285.38,284.665,285.115,1000,2020-10-29 18:05:00,COUP
285.08,285.7,284.93,285.545,4800,2020-10-29 18:10:00,COUP
285.55,286.25,285.38,286.25,4232,2020-10-29 18:15:00,COUP
285.95,285.95,285.15,285.15,3795,2020-10-29 18:20:00,COUP
285.25,285.76,285.0,285.525,6540,2020-10-29 18:25:00,COUP
285.41,285.98,285.18,285.8,6054,2020-10-29 18:30:00,COUP
285.77,285.775,285.02,285.05,5910,2020-10-29 18:35:00,COUP
285.06,285.28,284.83,284.9,2770,2020-10-29 18:40:00,COUP
285.14,285.14,283.75,283.75,7138,2020-10-29 18:45:00,COUP
283.66,283.84,282.8,283.015,6341,2020-10-29 18:50:00,COUP
283.125,283.185,282.17,282.765,2800,2020-10-29 18:55:00,COUP
283.18,283.51,282.5,283.3924,5361,2020-10-29 19:00:00,COUP
283.41,284.35,283.41,284.195,8148,2020-10-29 19:05:00,COUP
284.2,284.33,283.93,284.33,5214,2020-10-29 19:10:00,COUP
284.335,284.46,284.1475,284.39,2171,2020-10-29 19:15:00,COUP
284.56,284.77,284.42,284.625,2600,2020-10-29 19:20:00,COUP
284.49,284.79,283.56,283.76,7600,2020-10-29 19:25:00,COUP
283.64,283.64,282.76,283.155,10081,2020-10-29 19:30:00,COUP
283.18,283.37,282.75,282.75,5122,2020-10-29 19:35:00,COUP
282.745,283.53,282.65,283.18,5000,2020-10-29 19:40:00,COUP
283.2,284.33,282.94,283.68,12370,2020-10-29 19:45:00,COUP
283.68,284.29,283.105,283.38,18911,2020-10-29 19:50:00,COUP
283.21,283.66,282.33,282.62,25516,2020-10-29 19:55:00,COUP
282.62,282.62,282.62,282.62,48416,2020-10-29 20:00:00,COUP
280.0,280.0,280.0,280.0,404,2020-10-29 20:05:00,COUP
282.0,282.0,282.0,282.0,600,2020-10-29 20:10:00,COUP
282.62,282.62,282.62,282.62,1040,2020-10-29 20:40:00,COUP
278.2,279.9,278.05,279.0,9061,2020-10-30 13:30:00,COUP
278.45,279.42,277.63,278.09,7586,2020-10-30 13:35:00,COUP
277.52,278.96,276.74,278.23,4626,2020-10-30 13:40:00,COUP
278.85,279.64,277.64,278.415,5922,2020-10-30 13:45:00,COUP
278.53,279.16,277.68,279.14,5180,2020-10-30 13:50:00,COUP
279.21,279.65,275.78,276.08,9502,2020-10-30 13:55:00,COUP
276.12,277.39,274.53,276.765,8545,2020-10-30 14:00:00,COUP
276.77,277.34,274.26,274.26,7685,2020-10-30 14:05:00,COUP
274.33,274.95,273.09,273.54,22058,2020-10-30 14:10:00,COUP
273.62,274.26,272.745,273.31,18330,2020-10-30 14:15:00,COUP
273.52,273.52,271.21,271.76,5531,2020-10-30 14:20:00,COUP
271.395,271.395,269.885,270.1122,8307,2020-10-30 14:25:00,COUP
270.39,271.08,269.48,270.07,17096,2020-10-30 14:30:00,COUP
269.93,270.25,268.53,269.79,33618,2020-10-30 14:35:00,COUP
269.29,269.32,268.14,268.75,5701,2020-10-30 14:40:00,COUP
268.71,269.27,267.54,267.57,19502,2020-10-30 14:45:00,COUP
267.61,268.43,266.65,267.31,11050,2020-10-30 14:50:00,COUP
267.495,267.495,265.19,266.28,13357,2020-10-30 14:55:00,COUP
266.56,267.81,266.56,267.535,8128,2020-10-30 15:00:00,COUP
267.625,267.84,266.79,266.955,4450,2020-10-30 15:05:00,COUP
266.96,267.27,265.4,266.0,38778,2020-10-30 15:10:00,COUP
266.11,266.3999,264.37,265.19,13446,2020-10-30 15:15:00,COUP
265.15,265.99,265.02,265.82,8553,2020-10-30 15:20:00,COUP
265.84,265.84,264.11,264.235,6317,2020-10-30 15:25:00,COUP
264.01,266.0,263.8,265.31,7926,2020-10-30 15:30:00,COUP
265.31,265.887,265.24,265.76,3825,2020-10-30 15:35:00,COUP
265.765,266.0,264.71,265.54,15105,2020-10-30 15:40:00,COUP
266.0,266.2,265.58,265.9,43794,2020-10-30 15:45:00,COUP
266.06,266.07,265.21,265.92,2600,2020-10-30 15:50:00,COUP
265.92,266.04,265.16,265.5,5310,2020-10-30 15:55:00,COUP
265.26,266.15,264.7,265.94,8797,2020-10-30 16:00:00,COUP
266.18,267.24,265.885,266.935,7566,2020-10-30 16:05:00,COUP
266.69,268.05,266.65,267.95,3424,2020-10-30 16:10:00,COUP
268.115,269.34,268.115,269.34,3113,2020-10-30 16:15:00,COUP
269.135,269.97,269.115,269.97,2596,2020-10-30 16:20:00,COUP
269.58,271.1,269.48,270.94,11372,2020-10-30 16:25:00,COUP
270.94,271.27,270.79,271.05,10527,2020-10-30 16:30:00,COUP
271.055,271.18,270.16,270.43,18370,2020-10-30 16:35:00,COUP
270.49,270.71,269.805,269.805,1803,2020-10-30 16:40:00,COUP
269.8,269.8,269.41,269.71,2100,2020-10-30 16:45:00,COUP
269.615,269.615,269.2,269.29,2100,2020-10-30 16:50:00,COUP
268.91,269.42,268.41,269.33,1468,2020-10-30 16:55:00,COUP
269.29,269.96,268.61,268.61,3763,2020-10-30 17:00:00,COUP
268.57,269.24,268.4,269.24,943,2020-10-30 17:05:00,COUP
269.5,269.5,269.0,269.07,42312,2020-10-30 17:10:00,COUP
269.07,269.07,267.77,267.77,7126,2020-10-30 17:15:00,COUP
267.77,268.26,267.6,268.26,1600,2020-10-30 17:20:00,COUP
268.3261,269.2,267.85,268.895,1468,2020-10-30 17:25:00,COUP
269.015,269.02,268.57,268.64,1403,2020-10-30 17:30:00,COUP
268.1315,268.1315,267.66,268.08,2213,2020-10-30 17:35:00,COUP
268.265,268.48,268.19,268.19,814,2020-10-30 17:40:00,COUP
268.04,268.23,267.35,267.6075,1900,2020-10-30 17:45:00,COUP
267.9,268.83,267.895,268.25,2095,2020-10-30 17:50:00,COUP
267.765,268.43,267.765,268.13,2840,2020-10-30 17:55:00,COUP
267.67,267.67,266.98,267.14,1976,2020-10-30 18:00:00,COUP
267.56,268.7525,267.56,268.7525,2331,2020-10-30 18:05:00,COUP
268.65,268.89,267.55,267.62,3649,2020-10-30 18:10:00,COUP
267.4,268.53,267.4,268.41,1454,2020-10-30 18:15:00,COUP
268.465,268.74,267.85,267.85,9400,2020-10-30 18:20:00,COUP
267.81,267.81,267.25,267.4,4400,2020-10-30 18:25:00,COUP
267.52,267.86,267.52,267.76,1100,2020-10-30 18:30:00,COUP
267.5942,268.29,267.565,268.05,7794,2020-10-30 18:35:00,COUP
268.04,268.11,267.77,267.91,8109,2020-10-30 18:40:00,COUP
267.5,268.05,267.42,267.96,4865,2020-10-30 18:45:00,COUP
268.0,268.0,267.15,267.51,2150,2020-10-30 18:50:00,COUP
267.48,268.2299,267.48,268.03,3236,2020-10-30 18:55:00,COUP
267.61,268.2899,267.61,268.03,2000,2020-10-30 19:00:00,COUP
268.02,268.03,267.06,267.44,2666,2020-10-30 19:05:00,COUP
267.36,268.16,267.25,268.0,4515,2020-10-30 19:10:00,COUP
267.88,268.16,267.5884,268.13,5459,2020-10-30 19:15:00,COUP
268.25,268.39,267.9,267.98,5307,2020-10-30 19:20:00,COUP
267.9701,268.16,267.0,267.42,6598,2020-10-30 19:25:00,COUP
267.6,267.77,266.33,266.94,4798,2020-10-30 19:30:00,COUP
266.94,267.07,266.44,266.8,3807,2020-10-30 19:35:00,COUP
266.92,267.85,266.1423,267.82,14802,2020-10-30 19:40:00,COUP
267.55,268.34,266.865,267.73,22719,2020-10-30 19:45:00,COUP
267.855,268.07,267.17,267.33,21210,2020-10-30 19:50:00,COUP
267.395,267.98,266.46,267.7,67288,2020-10-30 19:55:00,COUP
267.7,267.7,267.7,267.7,68398,2020-10-30 20:00:00,COUP
267.7,267.7,267.7,267.7,3869,2020-10-30 20:05:00,COUP
