open,high,low,close,volume,datetime,symbol
41.49,41.49,41.49,41.49,200,2020-10-01 13:15:00,IIVI
41.01,41.315,40.96,41.13,17677,2020-10-01 13:30:00,IIVI
41.13,41.13,40.865,40.9332,4950,2020-10-01 13:35:00,IIVI
40.895,40.94,40.79,40.8363,6741,2020-10-01 13:40:00,IIVI
40.83,40.9,40.71,40.865,8467,2020-10-01 13:45:00,IIVI
40.865,40.926,40.79,40.85,8502,2020-10-01 13:50:00,IIVI
40.88,40.93,40.81,40.87,7117,2020-10-01 13:55:00,IIVI
40.86,40.98,40.78,40.84,8495,2020-10-01 14:00:00,IIVI
40.84,40.85,40.57,40.58,8759,2020-10-01 14:05:00,IIVI
40.61,40.72,40.55,40.72,4894,2020-10-01 14:10:00,IIVI
40.7267,40.82,40.64,40.8,6940,2020-10-01 14:15:00,IIVI
40.765,40.81,40.73,40.81,3177,2020-10-01 14:20:00,IIVI
40.81,40.81,40.4853,40.6,11241,2020-10-01 14:25:00,IIVI
40.61,40.83,40.58,40.78,2025,2020-10-01 14:30:00,IIVI
40.82,40.865,40.78,40.81,6578,2020-10-01 14:35:00,IIVI
40.83,40.875,40.8,40.8495,8635,2020-10-01 14:40:00,IIVI
40.818,40.85,40.77,40.82,3948,2020-10-01 14:45:00,IIVI
40.82,41.05,40.79,41.035,5815,2020-10-01 14:50:00,IIVI
41.02,41.04,40.8853,41.01,4855,2020-10-01 14:55:00,IIVI
41.07,41.15,40.91,41.15,6285,2020-10-01 15:00:00,IIVI
41.12,41.12,40.88,40.89,23553,2020-10-01 15:05:00,IIVI
40.865,40.96,40.86,40.915,3890,2020-10-01 15:10:00,IIVI
40.89,40.96,40.88,40.88,4171,2020-10-01 15:15:00,IIVI
40.88,41.01,40.86,41.01,1659,2020-10-01 15:20:00,IIVI
40.96,41.04,40.96,41.01,2722,2020-10-01 15:25:00,IIVI
41.01,41.04,40.97,40.99,1253,2020-10-01 15:30:00,IIVI
40.97,40.99,40.91,40.96,2777,2020-10-01 15:35:00,IIVI
40.99,41.1094,40.99,41.1094,1787,2020-10-01 15:40:00,IIVI
41.11,41.11,40.97,40.97,2925,2020-10-01 15:45:00,IIVI
40.98,40.99,40.9,40.96,1885,2020-10-01 15:50:00,IIVI
40.99,41.08,40.96,41.055,1650,2020-10-01 15:55:00,IIVI
41.04,41.07,40.88,40.9,3136,2020-10-01 16:00:00,IIVI
40.9,40.97,40.9,40.95,2100,2020-10-01 16:05:00,IIVI
40.95,41.15,40.95,41.15,9487,2020-10-01 16:10:00,IIVI
41.14,41.33,41.14,41.33,10148,2020-10-01 16:15:00,IIVI
41.33,41.33,41.27,41.29,3347,2020-10-01 16:20:00,IIVI
41.28,41.33,41.2399,41.31,3338,2020-10-01 16:25:00,IIVI
41.35,41.35,41.32,41.34,1775,2020-10-01 16:30:00,IIVI
41.31,41.31,41.23,41.24,2605,2020-10-01 16:35:00,IIVI
41.26,41.36,41.26,41.3,3758,2020-10-01 16:40:00,IIVI
41.2873,41.315,41.28,41.315,1990,2020-10-01 16:45:00,IIVI
41.33,41.34,41.275,41.3,4008,2020-10-01 16:50:00,IIVI
41.33,41.41,41.3252,41.395,5193,2020-10-01 16:55:00,IIVI
41.395,41.445,41.34,41.42,6456,2020-10-01 17:00:00,IIVI
41.425,41.5,41.425,41.4383,3049,2020-10-01 17:05:00,IIVI
41.45,41.47,41.41,41.41,4117,2020-10-01 17:10:00,IIVI
41.41,41.45,41.37,41.45,2200,2020-10-01 17:15:00,IIVI
41.44,41.455,41.39,41.455,2375,2020-10-01 17:20:00,IIVI
41.46,41.47,41.37,41.43,4443,2020-10-01 17:25:00,IIVI
41.43,41.44,41.38,41.4,1825,2020-10-01 17:30:00,IIVI
41.395,41.49,41.395,41.47,3719,2020-10-01 17:35:00,IIVI
41.5,41.51,41.38,41.39,3700,2020-10-01 17:40:00,IIVI
41.3981,41.4158,41.37,41.37,2841,2020-10-01 17:45:00,IIVI
41.35,41.44,41.35,41.44,2805,2020-10-01 17:50:00,IIVI
41.43,41.44,41.23,41.25,5246,2020-10-01 17:55:00,IIVI
41.26,41.315,41.08,41.12,12848,2020-10-01 18:00:00,IIVI
41.1272,41.1273,41.02,41.0568,6575,2020-10-01 18:05:00,IIVI
41.06,41.1,41.04,41.09,3389,2020-10-01 18:10:00,IIVI
41.07,41.08,41.03,41.05,2676,2020-10-01 18:15:00,IIVI
41.02,41.095,41.0,41.07,3111,2020-10-01 18:20:00,IIVI
41.09,41.235,41.06,41.235,1694,2020-10-01 18:25:00,IIVI
41.23,41.265,41.21,41.23,1700,2020-10-01 18:30:00,IIVI
41.29,41.34,41.255,41.255,3620,2020-10-01 18:35:00,IIVI
41.2548,41.3,41.2,41.3,4336,2020-10-01 18:40:00,IIVI
41.29,41.3095,41.2,41.24,2212,2020-10-01 18:45:00,IIVI
41.24,41.31,41.24,41.31,1088,2020-10-01 18:50:00,IIVI
41.3195,41.3387,41.29,41.31,2505,2020-10-01 18:55:00,IIVI
41.295,41.4311,41.28,41.41,16411,2020-10-01 19:00:00,IIVI
41.41,41.41,41.3568,41.38,2599,2020-10-01 19:05:00,IIVI
41.405,41.43,41.36,41.36,3079,2020-10-01 19:10:00,IIVI
41.36,41.36,41.32,41.33,2084,2020-10-01 19:15:00,IIVI
41.3,41.3,41.22,41.285,3588,2020-10-01 19:20:00,IIVI
41.29,41.35,41.273,41.31,4211,2020-10-01 19:25:00,IIVI
41.29,41.35,41.22,41.325,9213,2020-10-01 19:30:00,IIVI
41.31,41.33,41.24,41.2894,11502,2020-10-01 19:35:00,IIVI
41.28,41.3,41.24,41.24,3305,2020-10-01 19:40:00,IIVI
41.235,41.32,41.23,41.25,8063,2020-10-01 19:45:00,IIVI
41.27,41.37,41.27,41.37,4626,2020-10-01 19:50:00,IIVI
41.38,41.55,41.37,41.54,38924,2020-10-01 19:55:00,IIVI
41.54,41.54,41.54,41.54,95861,2020-10-01 20:00:00,IIVI
41.54,41.54,41.54,41.54,4805,2020-10-01 20:05:00,IIVI
38.1001,38.1001,38.1001,38.1001,476,2020-10-02 12:05:00,IIVI
39.19,39.19,39.19,39.19,300,2020-10-02 12:10:00,IIVI
40.0,40.0,40.0,40.0,150,2020-10-02 12:15:00,IIVI
39.37,39.37,39.37,39.37,200,2020-10-02 12:35:00,IIVI
39.37,39.37,39.37,39.37,242,2020-10-02 12:40:00,IIVI
39.76,39.76,39.76,39.76,100,2020-10-02 13:25:00,IIVI
40.33,40.95,40.0044,40.82,37362,2020-10-02 13:30:00,IIVI
40.81,41.16,40.73,41.16,7685,2020-10-02 13:35:00,IIVI
41.17,41.2,41.05,41.1,4528,2020-10-02 13:40:00,IIVI
41.01,41.0806,40.92,40.9495,3500,2020-10-02 13:45:00,IIVI
41.0084,41.015,40.7706,40.8342,6768,2020-10-02 13:50:00,IIVI
40.9,41.07,40.7727,41.015,8771,2020-10-02 13:55:00,IIVI
41.0072,41.16,41.0072,41.16,3184,2020-10-02 14:00:00,IIVI
41.19,41.25,41.055,41.17,3090,2020-10-02 14:05:00,IIVI
41.16,41.22,41.14,41.14,6102,2020-10-02 14:10:00,IIVI
41.16,41.2,41.1,41.12,1885,2020-10-02 14:15:00,IIVI
41.1,41.19,41.08,41.08,1864,2020-10-02 14:20:00,IIVI
41.1,41.34,41.1,41.3107,3625,2020-10-02 14:25:00,IIVI
41.29,41.29,41.13,41.2,6494,2020-10-02 14:30:00,IIVI
41.18,41.18,41.07,41.08,2987,2020-10-02 14:35:00,IIVI
41.04,41.054,40.95,40.955,2477,2020-10-02 14:40:00,IIVI
40.98,41.11,40.9417,41.07,1634,2020-10-02 14:45:00,IIVI
41.0768,41.11,41.06,41.065,2820,2020-10-02 14:50:00,IIVI
41.1,41.19,40.99,40.99,9940,2020-10-02 14:55:00,IIVI
41.0,41.09,40.91,41.0,4874,2020-10-02 15:00:00,IIVI
40.96,41.21,40.94,41.1,4492,2020-10-02 15:05:00,IIVI
41.12,41.16,41.12,41.16,824,2020-10-02 15:10:00,IIVI
41.1,41.2798,41.1,41.2798,1366,2020-10-02 15:15:00,IIVI
41.3,41.32,41.26,41.305,800,2020-10-02 15:20:00,IIVI
41.34,41.455,41.31,41.4,4683,2020-10-02 15:25:00,IIVI
41.4,41.43,41.24,41.24,1748,2020-10-02 15:30:00,IIVI
41.215,41.24,41.13,41.14,6234,2020-10-02 15:35:00,IIVI
41.105,41.2,41.105,41.15,2238,2020-10-02 15:40:00,IIVI
41.2021,41.25,41.2021,41.24,2242,2020-10-02 15:45:00,IIVI
41.21,41.24,41.17,41.22,6954,2020-10-02 15:50:00,IIVI
41.21,41.26,41.12,41.26,4000,2020-10-02 15:55:00,IIVI
41.23,41.26,41.14,41.155,9985,2020-10-02 16:00:00,IIVI
41.12,41.5,41.12,41.47,4402,2020-10-02 16:05:00,IIVI
41.51,41.79,41.5,41.72,8804,2020-10-02 16:10:00,IIVI
41.75,41.89,41.69,41.78,6204,2020-10-02 16:15:00,IIVI
41.84,41.84,41.7,41.78,5958,2020-10-02 16:20:00,IIVI
41.88,41.93,41.81,41.88,3024,2020-10-02 16:25:00,IIVI
41.875,41.9,41.72,41.75,5442,2020-10-02 16:30:00,IIVI
41.77,41.97,41.74,41.9412,4778,2020-10-02 16:35:00,IIVI
41.94,42.08,41.87,42.08,12962,2020-10-02 16:40:00,IIVI
42.08,42.13,41.97,42.0,5500,2020-10-02 16:45:00,IIVI
42.04,42.04,41.92,41.98,3300,2020-10-02 16:50:00,IIVI
41.97,42.03,41.87,41.88,4127,2020-10-02 16:55:00,IIVI
41.86,41.9,41.78,41.86,3391,2020-10-02 17:00:00,IIVI
41.765,41.85,41.72,41.84,2630,2020-10-02 17:05:00,IIVI
41.88,41.99,41.84,41.91,4179,2020-10-02 17:10:00,IIVI
41.895,41.91,41.83,41.85,2737,2020-10-02 17:15:00,IIVI
41.81,41.92,41.79,41.92,4713,2020-10-02 17:20:00,IIVI
41.89,41.89,41.8,41.8,1000,2020-10-02 17:25:00,IIVI
41.78,41.78,41.72,41.76,2057,2020-10-02 17:30:00,IIVI
41.74,41.83,41.74,41.83,2922,2020-10-02 17:35:00,IIVI
41.836,41.84,41.61,41.61,3497,2020-10-02 17:40:00,IIVI
41.58,41.705,41.58,41.61,3020,2020-10-02 17:45:00,IIVI
41.59,41.7,41.59,41.67,1450,2020-10-02 17:50:00,IIVI
41.66,41.66,41.635,41.66,1700,2020-10-02 17:55:00,IIVI
41.7,41.81,41.7,41.81,1250,2020-10-02 18:00:00,IIVI
41.815,41.84,41.79,41.835,1800,2020-10-02 18:05:00,IIVI
41.84,41.84,41.77,41.8,4937,2020-10-02 18:10:00,IIVI
41.82,41.94,41.82,41.94,6324,2020-10-02 18:15:00,IIVI
41.91,41.93,41.865,41.925,6041,2020-10-02 18:20:00,IIVI
41.92,41.925,41.87,41.9,3400,2020-10-02 18:25:00,IIVI
41.92,41.94,41.78,41.82,7150,2020-10-02 18:30:00,IIVI
41.79,41.895,41.79,41.805,2900,2020-10-02 18:35:00,IIVI
41.83,41.89,41.8,41.8794,2003,2020-10-02 18:40:00,IIVI
41.89,41.94,41.85,41.92,5267,2020-10-02 18:45:00,IIVI
41.89,41.91,41.81,41.87,2300,2020-10-02 18:50:00,IIVI
41.87,42.01,41.87,42.0,6921,2020-10-02 18:55:00,IIVI
42.03,42.045,41.925,41.94,4184,2020-10-02 19:00:00,IIVI
41.95,41.995,41.91,41.97,1692,2020-10-02 19:05:00,IIVI
41.97,42.07,41.83,41.8716,10054,2020-10-02 19:10:00,IIVI
41.85,41.885,41.79,41.885,4169,2020-10-02 19:15:00,IIVI
41.9,42.01,41.895,41.985,4053,2020-10-02 19:20:00,IIVI
41.97,42.0,41.945,41.96,2508,2020-10-02 19:25:00,IIVI
41.945,42.02,41.92,41.97,6557,2020-10-02 19:30:00,IIVI
41.97,41.98,41.93,41.945,5596,2020-10-02 19:35:00,IIVI
41.95,42.0,41.91,41.92,9745,2020-10-02 19:40:00,IIVI
41.94,41.96,41.91,41.96,9753,2020-10-02 19:45:00,IIVI
41.97,41.99,41.83,41.87,28254,2020-10-02 19:50:00,IIVI
41.835,41.85,41.73,41.75,37778,2020-10-02 19:55:00,IIVI
41.74,41.74,41.74,41.74,113946,2020-10-02 20:00:00,IIVI
41.72,41.72,41.72,41.72,100,2020-10-02 20:10:00,IIVI
42.15,42.15,42.15,42.15,120,2020-10-05 12:05:00,IIVI
42.15,42.15,42.15,42.15,500,2020-10-05 12:40:00,IIVI
42.15,42.15,42.15,42.15,100,2020-10-05 13:20:00,IIVI
42.52,42.52,42.52,42.52,900,2020-10-05 13:25:00,IIVI
42.52,43.1,42.425,42.61,34186,2020-10-05 13:30:00,IIVI
42.63,42.75,42.53,42.5996,12430,2020-10-05 13:35:00,IIVI
42.66,42.7,42.5,42.58,9119,2020-10-05 13:40:00,IIVI
42.615,42.63,42.4881,42.515,5865,2020-10-05 13:45:00,IIVI
42.55,42.55,42.145,42.145,11460,2020-10-05 13:50:00,IIVI
42.12,42.31,42.02,42.31,17969,2020-10-05 13:55:00,IIVI
42.31,42.5899,42.31,42.565,10565,2020-10-05 14:00:00,IIVI
42.59,42.59,42.33,42.46,3300,2020-10-05 14:05:00,IIVI
42.4918,42.52,42.46,42.47,2461,2020-10-05 14:10:00,IIVI
42.53,42.63,42.49,42.63,15326,2020-10-05 14:15:00,IIVI
42.69,42.77,42.6,42.6,5700,2020-10-05 14:20:00,IIVI
42.6,42.65,42.55,42.59,9898,2020-10-05 14:25:00,IIVI
42.59,42.665,42.57,42.63,15844,2020-10-05 14:30:00,IIVI
42.625,42.625,42.49,42.513,5980,2020-10-05 14:35:00,IIVI
42.47,42.55,42.4,42.5,4554,2020-10-05 14:40:00,IIVI
42.5,42.54,42.5,42.54,3821,2020-10-05 14:45:00,IIVI
42.52,42.53,42.4199,42.4199,3715,2020-10-05 14:50:00,IIVI
42.42,42.51,42.42,42.5,6053,2020-10-05 14:55:00,IIVI
42.51,42.63,42.46,42.63,12361,2020-10-05 15:00:00,IIVI
42.62,42.69,42.58,42.64,8772,2020-10-05 15:05:00,IIVI
42.63,42.68,42.555,42.56,20765,2020-10-05 15:10:00,IIVI
42.59,42.65,42.58,42.63,14770,2020-10-05 15:15:00,IIVI
42.66,42.66,42.5618,42.59,2318,2020-10-05 15:20:00,IIVI
42.6,42.73,42.56,42.65,11412,2020-10-05 15:25:00,IIVI
42.67,42.68,42.62,42.63,6200,2020-10-05 15:30:00,IIVI
42.65,42.75,42.65,42.73,7532,2020-10-05 15:35:00,IIVI
42.71,42.845,42.69,42.76,11047,2020-10-05 15:40:00,IIVI
42.76,42.85,42.76,42.82,6901,2020-10-05 15:45:00,IIVI
42.82,42.91,42.82,42.9,6022,2020-10-05 15:50:00,IIVI
42.9,42.9,42.76,42.8236,15085,2020-10-05 15:55:00,IIVI
42.845,42.88,42.815,42.8402,4468,2020-10-05 16:00:00,IIVI
42.86,42.8983,42.86,42.875,3038,2020-10-05 16:05:00,IIVI
42.875,42.95,42.875,42.88,4860,2020-10-05 16:10:00,IIVI
42.905,42.955,42.905,42.955,3379,2020-10-05 16:15:00,IIVI
42.955,43.01,42.94,42.99,4852,2020-10-05 16:20:00,IIVI
42.975,42.975,42.92,42.96,2495,2020-10-05 16:25:00,IIVI
42.92,42.93,42.8869,42.93,4513,2020-10-05 16:30:00,IIVI
42.905,42.9105,42.905,42.9105,2126,2020-10-05 16:35:00,IIVI
42.905,42.93,42.7,42.7,35951,2020-10-05 16:40:00,IIVI
42.717,42.717,42.595,42.595,3027,2020-10-05 16:45:00,IIVI
42.605,42.63,42.5506,42.5527,10536,2020-10-05 16:50:00,IIVI
42.56,42.62,42.555,42.58,3861,2020-10-05 16:55:00,IIVI
42.56,42.65,42.555,42.615,4461,2020-10-05 17:00:00,IIVI
42.61,42.61,42.54,42.555,3899,2020-10-05 17:05:00,IIVI
42.55,42.605,42.55,42.59,4402,2020-10-05 17:10:00,IIVI
42.5981,42.5981,42.555,42.595,2584,2020-10-05 17:15:00,IIVI
42.57,42.6,42.54,42.55,6348,2020-10-05 17:20:00,IIVI
42.57,42.57,42.53,42.56,1850,2020-10-05 17:25:00,IIVI
42.5387,42.5435,42.45,42.525,9477,2020-10-05 17:30:00,IIVI
42.525,42.55,42.48,42.48,2400,2020-10-05 17:35:00,IIVI
42.495,42.55,42.45,42.55,7015,2020-10-05 17:40:00,IIVI
42.52,42.52,42.4404,42.47,4405,2020-10-05 17:45:00,IIVI
42.51,42.59,42.51,42.55,5155,2020-10-05 17:50:00,IIVI
42.5594,42.605,42.5104,42.605,4607,2020-10-05 17:55:00,IIVI
42.62,42.68,42.62,42.66,3500,2020-10-05 18:00:00,IIVI
42.66,42.77,42.65,42.75,4072,2020-10-05 18:05:00,IIVI
42.74,42.825,42.74,42.765,1967,2020-10-05 18:10:00,IIVI
42.78,42.8,42.765,42.78,1880,2020-10-05 18:15:00,IIVI
42.78,42.89,42.78,42.83,4249,2020-10-05 18:20:00,IIVI
42.84,42.85,42.75,42.77,2896,2020-10-05 18:25:00,IIVI
42.785,42.84,42.76,42.81,2376,2020-10-05 18:30:00,IIVI
42.81,42.83,42.8,42.83,3259,2020-10-05 18:35:00,IIVI
42.83,42.88,42.82,42.84,12836,2020-10-05 18:40:00,IIVI
42.83,42.84,42.72,42.745,6034,2020-10-05 18:45:00,IIVI
42.77,42.77,42.73,42.76,4056,2020-10-05 18:50:00,IIVI
42.73,42.85,42.71,42.85,3070,2020-10-05 18:55:00,IIVI
42.83,42.83,42.77,42.82,2940,2020-10-05 19:00:00,IIVI
42.795,42.88,42.7823,42.86,4821,2020-10-05 19:05:00,IIVI
42.86,42.88,42.79,42.84,4928,2020-10-05 19:10:00,IIVI
42.84,42.89,42.81,42.81,4405,2020-10-05 19:15:00,IIVI
42.83,42.85,42.83,42.83,3547,2020-10-05 19:20:00,IIVI
42.84,42.89,42.84,42.88,7637,2020-10-05 19:25:00,IIVI
42.87,43.04,42.85,43.04,14491,2020-10-05 19:30:00,IIVI
43.04,43.07,42.9349,42.97,13296,2020-10-05 19:35:00,IIVI
42.97,42.985,42.89,42.9,7817,2020-10-05 19:40:00,IIVI
42.92,42.98,42.87,42.97,9022,2020-10-05 19:45:00,IIVI
42.98,42.99,42.91,42.93,17430,2020-10-05 19:50:00,IIVI
42.92,43.02,42.89,42.97,37174,2020-10-05 19:55:00,IIVI
42.96,42.96,42.96,42.96,77985,2020-10-05 20:00:00,IIVI
43.1,43.1,43.1,43.1,151,2020-10-06 11:25:00,IIVI
43.1,43.1,43.1,43.1,200,2020-10-06 12:00:00,IIVI
43.44,43.88,43.44,43.88,300,2020-10-06 13:05:00,IIVI
43.74,43.74,43.74,43.74,125,2020-10-06 13:25:00,IIVI
43.22,43.622,43.22,43.28,24962,2020-10-06 13:30:00,IIVI
43.33,43.55,43.23,43.45,8736,2020-10-06 13:35:00,IIVI
43.46,43.46,43.2103,43.38,10763,2020-10-06 13:40:00,IIVI
43.42,43.45,43.35,43.39,2057,2020-10-06 13:45:00,IIVI
43.37,43.395,43.26,43.28,3310,2020-10-06 13:50:00,IIVI
43.32,43.4499,43.32,43.42,3600,2020-10-06 13:55:00,IIVI
43.4,43.55,43.395,43.53,4203,2020-10-06 14:00:00,IIVI
43.55,43.68,43.51,43.66,11900,2020-10-06 14:05:00,IIVI
43.66,43.73,43.62,43.72,9961,2020-10-06 14:10:00,IIVI
43.715,43.935,43.68,43.8978,26567,2020-10-06 14:15:00,IIVI
43.89,43.95,43.86,43.94,22609,2020-10-06 14:20:00,IIVI
43.9699,44.14,43.91,44.1,38886,2020-10-06 14:25:00,IIVI
44.1,44.12,43.92,43.945,7297,2020-10-06 14:30:00,IIVI
43.97,43.98,43.765,43.79,8792,2020-10-06 14:35:00,IIVI
43.78,43.8121,43.4878,43.4878,9441,2020-10-06 14:40:00,IIVI
43.5,43.62,43.49,43.605,16753,2020-10-06 14:45:00,IIVI
43.605,43.71,43.605,43.62,4119,2020-10-06 14:50:00,IIVI
43.62,43.6413,43.56,43.6413,6243,2020-10-06 14:55:00,IIVI
43.64,43.73,43.56,43.67,26972,2020-10-06 15:00:00,IIVI
43.72,43.73,43.61,43.63,7549,2020-10-06 15:05:00,IIVI
43.62,43.7,43.58,43.58,3500,2020-10-06 15:10:00,IIVI
43.6773,43.6773,43.55,43.56,3365,2020-10-06 15:15:00,IIVI
43.55,43.63,43.44,43.44,12037,2020-10-06 15:20:00,IIVI
43.46,43.5,43.4,43.47,1976,2020-10-06 15:25:00,IIVI
43.47,43.5,43.39,43.5,1859,2020-10-06 15:30:00,IIVI
43.53,43.61,43.49,43.605,8060,2020-10-06 15:35:00,IIVI
43.58,43.65,43.55,43.6,5500,2020-10-06 15:40:00,IIVI
43.58,43.6,43.46,43.47,8048,2020-10-06 15:45:00,IIVI
43.43,43.5,43.4,43.5,9791,2020-10-06 15:50:00,IIVI
43.48,43.49,43.42,43.43,23989,2020-10-06 15:55:00,IIVI
43.45,43.49,43.44,43.45,2000,2020-10-06 16:00:00,IIVI
43.47,43.54,43.45,43.52,4722,2020-10-06 16:05:00,IIVI
43.51,43.52,43.48,43.5,3329,2020-10-06 16:10:00,IIVI
43.48,43.48,43.41,43.42,2880,2020-10-06 16:15:00,IIVI
43.395,43.4,43.325,43.3839,11318,2020-10-06 16:20:00,IIVI
43.409,43.44,43.385,43.435,2400,2020-10-06 16:25:00,IIVI
43.45,43.56,43.43,43.56,3130,2020-10-06 16:30:00,IIVI
43.54,43.56,43.52,43.52,1902,2020-10-06 16:35:00,IIVI
43.5,43.5,43.42,43.42,1524,2020-10-06 16:40:00,IIVI
43.425,43.49,43.4118,43.4601,5545,2020-10-06 16:45:00,IIVI
43.5,43.54,43.48,43.52,4864,2020-10-06 16:50:00,IIVI
43.52,43.54,43.51,43.53,2641,2020-10-06 16:55:00,IIVI
43.53,43.57,43.5,43.57,6727,2020-10-06 17:00:00,IIVI
43.57,43.72,43.495,43.7191,7263,2020-10-06 17:05:00,IIVI
43.72,43.77,43.69,43.76,3344,2020-10-06 17:10:00,IIVI
43.73,43.8,43.73,43.75,7377,2020-10-06 17:15:00,IIVI
43.72,43.75,43.68,43.695,3648,2020-10-06 17:20:00,IIVI
43.695,43.7009,43.605,43.605,1812,2020-10-06 17:25:00,IIVI
43.63,43.72,43.63,43.72,3658,2020-10-06 17:30:00,IIVI
43.7025,43.7842,43.66,43.7842,4161,2020-10-06 17:35:00,IIVI
43.77,43.81,43.6401,43.68,6255,2020-10-06 17:40:00,IIVI
43.62,43.62,43.58,43.605,2789,2020-10-06 17:45:00,IIVI
43.62,43.68,43.61,43.68,1748,2020-10-06 17:50:00,IIVI
43.685,43.7,43.625,43.65,3284,2020-10-06 17:55:00,IIVI
43.65,43.69,43.64,43.69,3244,2020-10-06 18:00:00,IIVI
43.7,43.79,43.7,43.76,3164,2020-10-06 18:05:00,IIVI
43.76,43.76,43.69,43.76,5064,2020-10-06 18:10:00,IIVI
43.79,43.8,43.74,43.78,4209,2020-10-06 18:15:00,IIVI
43.76,43.8,43.74,43.77,2600,2020-10-06 18:20:00,IIVI
43.765,43.765,43.69,43.73,7301,2020-10-06 18:25:00,IIVI
43.74,43.83,43.72,43.83,5498,2020-10-06 18:30:00,IIVI
43.82,43.87,43.82,43.825,3351,2020-10-06 18:35:00,IIVI
43.83,43.9,43.83,43.88,5157,2020-10-06 18:40:00,IIVI
43.88,43.91,43.6924,43.6924,4300,2020-10-06 18:45:00,IIVI
43.53,43.53,43.13,43.15,18202,2020-10-06 18:50:00,IIVI
43.14,43.275,42.85,43.12,17004,2020-10-06 18:55:00,IIVI
43.02,43.06,42.84,42.86,7218,2020-10-06 19:00:00,IIVI
42.84,42.94,42.51,42.72,6847,2020-10-06 19:05:00,IIVI
42.72,42.8399,42.63,42.8,8092,2020-10-06 19:10:00,IIVI
42.78,42.93,42.7519,42.79,9652,2020-10-06 19:15:00,IIVI
42.79,42.82,42.7,42.7,9933,2020-10-06 19:20:00,IIVI
42.65,42.82,42.65,42.82,5515,2020-10-06 19:25:00,IIVI
42.815,42.9,42.76,42.88,8902,2020-10-06 19:30:00,IIVI
42.85,42.91,42.775,42.785,7248,2020-10-06 19:35:00,IIVI
42.8,42.85,42.72,42.77,7297,2020-10-06 19:40:00,IIVI
42.77,42.77,42.515,42.52,14212,2020-10-06 19:45:00,IIVI
42.5,42.5,42.32,42.46,27570,2020-10-06 19:50:00,IIVI
42.485,42.59,42.45,42.54,34756,2020-10-06 19:55:00,IIVI
42.5,42.5,42.5,42.5,103496,2020-10-06 20:00:00,IIVI
43.555,43.555,43.555,43.555,2300,2020-10-06 20:05:00,IIVI
42.62,42.62,42.62,42.62,400,2020-10-06 20:15:00,IIVI
42.73,42.73,42.73,42.73,390,2020-10-06 20:20:00,IIVI
43.27,43.39,43.27,43.39,696,2020-10-06 20:30:00,IIVI
43.22,43.22,43.22,43.22,400,2020-10-06 20:35:00,IIVI
42.5501,42.5501,42.5501,42.5501,250,2020-10-06 23:10:00,IIVI
42.5501,42.5501,42.5501,42.5501,500,2020-10-06 23:50:00,IIVI
43.75,44.0,43.75,44.0,760,2020-10-07 12:40:00,IIVI
44.0,44.0,44.0,44.0,200,2020-10-07 12:45:00,IIVI
44.0,44.0,44.0,44.0,409,2020-10-07 13:00:00,IIVI
44.0,44.0,44.0,44.0,100,2020-10-07 13:05:00,IIVI
43.75,43.75,43.75,43.75,500,2020-10-07 13:15:00,IIVI
43.76,44.355,43.76,44.23,42385,2020-10-07 13:30:00,IIVI
44.235,44.245,43.995,44.0307,8016,2020-10-07 13:35:00,IIVI
44.03,44.19,43.95,44.19,9696,2020-10-07 13:40:00,IIVI
44.12,44.18,44.04,44.04,8853,2020-10-07 13:45:00,IIVI
44.08,44.14,43.9894,44.14,12474,2020-10-07 13:50:00,IIVI
44.16,44.16,43.855,43.92,9100,2020-10-07 13:55:00,IIVI
43.93,44.04,43.89,43.93,6224,2020-10-07 14:00:00,IIVI
43.91,43.98,43.82,43.935,5777,2020-10-07 14:05:00,IIVI
43.96,43.96,43.75,43.87,10466,2020-10-07 14:10:00,IIVI
43.865,43.865,43.7,43.768,6252,2020-10-07 14:15:00,IIVI
43.77,43.95,43.77,43.91,5800,2020-10-07 14:20:00,IIVI
43.95,43.95,43.84,43.93,6055,2020-10-07 14:25:00,IIVI
43.915,44.065,43.84,43.98,8646,2020-10-07 14:30:00,IIVI
43.97,43.97,43.86,43.86,42226,2020-10-07 14:35:00,IIVI
43.8603,44.01,43.8603,44.01,8995,2020-10-07 14:40:00,IIVI
44.05,44.08,43.91,44.02,5369,2020-10-07 14:45:00,IIVI
44.05,44.15,44.05,44.13,4900,2020-10-07 14:50:00,IIVI
44.1,44.15,44.09,44.13,9085,2020-10-07 14:55:00,IIVI
44.13,44.18,44.1,44.13,13374,2020-10-07 15:00:00,IIVI
44.13,44.24,44.13,44.2343,5810,2020-10-07 15:05:00,IIVI
44.22,44.33,44.22,44.33,4093,2020-10-07 15:10:00,IIVI
44.32,44.4,44.32,44.4,5253,2020-10-07 15:15:00,IIVI
44.39,44.4,44.35,44.4,5586,2020-10-07 15:20:00,IIVI
44.4257,44.4257,44.33,44.3837,2806,2020-10-07 15:25:00,IIVI
44.39,44.58,44.39,44.58,6612,2020-10-07 15:30:00,IIVI
44.54,44.54,44.43,44.45,17200,2020-10-07 15:35:00,IIVI
44.45,44.67,44.43,44.66,18693,2020-10-07 15:40:00,IIVI
44.67,44.67,44.56,44.57,5213,2020-10-07 15:45:00,IIVI
44.52,44.52,44.38,44.39,5443,2020-10-07 15:50:00,IIVI
44.42,44.51,44.42,44.4699,1870,2020-10-07 15:55:00,IIVI
44.415,44.4781,44.39,44.4781,5730,2020-10-07 16:00:00,IIVI
44.48,44.54,44.45,44.48,5729,2020-10-07 16:05:00,IIVI
44.45,44.45,44.4,44.42,4029,2020-10-07 16:10:00,IIVI
44.43,44.45,44.35,44.41,15045,2020-10-07 16:15:00,IIVI
44.4181,44.49,44.4181,44.49,2150,2020-10-07 16:20:00,IIVI
44.5,44.5208,44.19,44.34,26307,2020-10-07 16:25:00,IIVI
44.34,44.445,44.34,44.4,3932,2020-10-07 16:30:00,IIVI
44.37,44.39,44.35,44.39,1425,2020-10-07 16:35:00,IIVI
44.39,44.39,44.39,44.39,600,2020-10-07 16:40:00,IIVI
44.38,44.38,44.28,44.34,3835,2020-10-07 16:45:00,IIVI
44.34,44.34,44.3281,44.34,1006,2020-10-07 16:50:00,IIVI
44.36,44.46,44.35,44.46,3105,2020-10-07 16:55:00,IIVI
44.485,44.51,44.47,44.49,6410,2020-10-07 17:00:00,IIVI
44.47,44.47,44.385,44.4,4162,2020-10-07 17:05:00,IIVI
44.4,44.4,44.34,44.36,5073,2020-10-07 17:10:00,IIVI
44.32,44.3647,44.31,44.325,2019,2020-10-07 17:15:00,IIVI
44.3442,44.3442,44.27,44.34,2383,2020-10-07 17:20:00,IIVI
44.3,44.32,44.23,44.23,1951,2020-10-07 17:25:00,IIVI
44.27,44.27,44.17,44.17,1827,2020-10-07 17:30:00,IIVI
44.17,44.1736,44.1,44.12,7831,2020-10-07 17:35:00,IIVI
44.12,44.16,44.08,44.16,5332,2020-10-07 17:40:00,IIVI
44.13,44.18,44.13,44.175,1700,2020-10-07 17:45:00,IIVI
44.16,44.25,44.13,44.1753,104134,2020-10-07 17:50:00,IIVI
44.14,44.17,43.925,43.925,3621,2020-10-07 17:55:00,IIVI
43.91,43.95,43.81,43.85,9671,2020-10-07 18:00:00,IIVI
43.845,43.88,43.7,43.775,8532,2020-10-07 18:05:00,IIVI
43.85,43.87,43.765,43.8,7549,2020-10-07 18:10:00,IIVI
43.8,43.85,43.76,43.84,5000,2020-10-07 18:15:00,IIVI
43.8435,43.88,43.75,43.88,2200,2020-10-07 18:20:00,IIVI
43.87,43.88,43.72,43.755,11686,2020-10-07 18:25:00,IIVI
43.77,43.87,43.745,43.87,14435,2020-10-07 18:30:00,IIVI
43.91,43.95,43.81,43.86,5919,2020-10-07 18:35:00,IIVI
43.84,43.96,43.84,43.95,7663,2020-10-07 18:40:00,IIVI
43.95,44.06,43.92,43.955,13416,2020-10-07 18:45:00,IIVI
43.94,44.01,43.93,43.98,10557,2020-10-07 18:50:00,IIVI
43.995,44.03,43.96,43.975,9713,2020-10-07 18:55:00,IIVI
43.97,44.06,43.97,44.035,11755,2020-10-07 19:00:00,IIVI
44.035,44.04,43.97,44.0,12110,2020-10-07 19:05:00,IIVI
44.01,44.07,43.93,43.935,13860,2020-10-07 19:10:00,IIVI
43.95,43.98,43.92,43.92,7734,2020-10-07 19:15:00,IIVI
43.93,43.945,43.84,43.84,8979,2020-10-07 19:20:00,IIVI
43.865,43.905,43.72,43.74,10532,2020-10-07 19:25:00,IIVI
43.75,43.77,43.63,43.63,7834,2020-10-07 19:30:00,IIVI
43.65,43.73,43.65,43.71,12644,2020-10-07 19:35:00,IIVI
43.71,43.8,43.7,43.7,8711,2020-10-07 19:40:00,IIVI
43.715,43.73,43.63,43.63,19321,2020-10-07 19:45:00,IIVI
43.64,43.87,43.64,43.87,21698,2020-10-07 19:50:00,IIVI
43.82,43.84,43.68,43.68,37125,2020-10-07 19:55:00,IIVI
43.71,43.71,43.71,43.71,154650,2020-10-07 20:00:00,IIVI
44.0,44.0,44.0,44.0,100,2020-10-07 20:30:00,IIVI
44.0,44.0,44.0,44.0,160,2020-10-07 22:00:00,IIVI
44.01,44.01,44.01,44.01,100,2020-10-08 11:50:00,IIVI
44.5,44.5,44.5,44.5,100,2020-10-08 13:00:00,IIVI
44.44,44.44,44.44,44.44,316,2020-10-08 13:25:00,IIVI
44.27,44.44,44.07,44.4,27457,2020-10-08 13:30:00,IIVI
44.25,44.41,44.2,44.2,6221,2020-10-08 13:35:00,IIVI
44.2767,44.2767,43.93,43.95,7983,2020-10-08 13:40:00,IIVI
44.02,44.05,43.93,43.97,1870,2020-10-08 13:45:00,IIVI
44.04,44.155,43.93,44.03,4380,2020-10-08 13:50:00,IIVI
44.0709,44.1861,44.03,44.18,3046,2020-10-08 13:55:00,IIVI
44.19,44.19,43.99,44.02,7300,2020-10-08 14:00:00,IIVI
44.1,44.255,44.1,44.2,4561,2020-10-08 14:05:00,IIVI
44.2,44.38,44.17,44.37,2802,2020-10-08 14:10:00,IIVI
44.325,44.4,44.26,44.26,4025,2020-10-08 14:15:00,IIVI
44.32,44.32,44.23,44.29,1900,2020-10-08 14:20:00,IIVI
44.24,44.3,44.19,44.27,3719,2020-10-08 14:25:00,IIVI
44.285,44.33,44.17,44.29,4232,2020-10-08 14:30:00,IIVI
44.29,44.34,44.23,44.23,3358,2020-10-08 14:35:00,IIVI
44.2,44.2,44.0358,44.075,4192,2020-10-08 14:40:00,IIVI
44.1,44.18,44.06,44.15,4600,2020-10-08 14:45:00,IIVI
44.18,44.2199,43.99,44.02,3220,2020-10-08 14:50:00,IIVI
44.09,44.15,44.06,44.15,1000,2020-10-08 14:55:00,IIVI
44.125,44.17,44.12,44.12,2520,2020-10-08 15:00:00,IIVI
44.168,44.25,44.168,44.23,2457,2020-10-08 15:05:00,IIVI
44.24,44.27,44.22,44.22,1250,2020-10-08 15:10:00,IIVI
44.29,44.3,44.17,44.21,1640,2020-10-08 15:15:00,IIVI
44.185,44.2,44.13,44.2,1580,2020-10-08 15:20:00,IIVI
44.195,44.195,44.1103,44.1103,3381,2020-10-08 15:25:00,IIVI
44.1301,44.17,43.97,44.04,2901,2020-10-08 15:30:00,IIVI
44.07,44.27,44.07,44.27,1300,2020-10-08 15:35:00,IIVI
44.24,44.3,44.24,44.265,2100,2020-10-08 15:40:00,IIVI
44.28,44.28,44.22,44.27,700,2020-10-08 15:45:00,IIVI
44.25,44.27,44.22,44.27,2913,2020-10-08 15:50:00,IIVI
44.265,44.3,44.21,44.23,1200,2020-10-08 15:55:00,IIVI
44.25,44.3,44.25,44.28,2798,2020-10-08 16:00:00,IIVI
44.275,44.36,44.27,44.36,1558,2020-10-08 16:05:00,IIVI
44.35,44.37,44.32,44.36,4340,2020-10-08 16:10:00,IIVI
44.33,44.39,44.285,44.36,3637,2020-10-08 16:15:00,IIVI
44.31,44.36,44.295,44.35,1404,2020-10-08 16:20:00,IIVI
44.3301,44.35,44.22,44.22,4642,2020-10-08 16:25:00,IIVI
44.25,44.25,44.18,44.18,1500,2020-10-08 16:30:00,IIVI
44.18,44.21,44.17,44.2,1917,2020-10-08 16:35:00,IIVI
44.2,44.29,44.2,44.27,3398,2020-10-08 16:40:00,IIVI
44.31,44.4,44.3,44.39,2696,2020-10-08 16:45:00,IIVI
44.37,44.37,44.33,44.33,1337,2020-10-08 16:50:00,IIVI
44.32,44.36,44.29,44.29,3034,2020-10-08 16:55:00,IIVI
44.3,44.3,44.23,44.28,900,2020-10-08 17:00:00,IIVI
44.27,44.33,44.26,44.29,2100,2020-10-08 17:05:00,IIVI
44.285,44.3,44.26,44.3,3600,2020-10-08 17:10:00,IIVI
44.3,44.36,44.3,44.33,4192,2020-10-08 17:15:00,IIVI
44.34,44.34,44.2686,44.3,3284,2020-10-08 17:20:00,IIVI
44.32,44.3689,44.29,44.35,2595,2020-10-08 17:25:00,IIVI
44.32,44.3515,44.29,44.32,1398,2020-10-08 17:30:00,IIVI
44.3325,44.3575,44.295,44.31,2748,2020-10-08 17:35:00,IIVI
44.34,44.35,44.28,44.335,1918,2020-10-08 17:40:00,IIVI
44.3,44.35,44.28,44.35,2370,2020-10-08 17:45:00,IIVI
44.37,44.4,44.32,44.37,4041,2020-10-08 17:50:00,IIVI
44.39,44.39,44.33,44.355,900,2020-10-08 17:55:00,IIVI
44.38,44.39,44.32,44.365,2663,2020-10-08 18:00:00,IIVI
44.3565,44.425,44.3565,44.405,1802,2020-10-08 18:05:00,IIVI
44.42,44.45,44.41,44.425,2712,2020-10-08 18:10:00,IIVI
44.435,44.4745,44.4201,44.46,2365,2020-10-08 18:15:00,IIVI
44.49,44.59,44.46,44.58,5013,2020-10-08 18:20:00,IIVI
44.57,44.67,44.57,44.63,4742,2020-10-08 18:25:00,IIVI
44.625,44.625,44.48,44.54,5467,2020-10-08 18:30:00,IIVI
44.54,44.63,44.46,44.63,4700,2020-10-08 18:35:00,IIVI
44.6,44.6,44.54,44.55,1952,2020-10-08 18:40:00,IIVI
44.555,44.555,44.5,44.5,5013,2020-10-08 18:45:00,IIVI
44.48,44.48,44.3594,44.422,3423,2020-10-08 18:50:00,IIVI
44.35,44.4267,44.34,44.4267,3500,2020-10-08 18:55:00,IIVI
44.4313,44.45,44.31,44.355,4454,2020-10-08 19:00:00,IIVI
44.355,44.39,44.34,44.35,5760,2020-10-08 19:05:00,IIVI
44.3488,44.46,44.315,44.46,4613,2020-10-08 19:10:00,IIVI
44.46,44.46,44.34,44.44,5208,2020-10-08 19:15:00,IIVI
44.41,44.41,44.32,44.32,2400,2020-10-08 19:20:00,IIVI
44.32,44.42,44.32,44.42,4568,2020-10-08 19:25:00,IIVI
44.395,44.49,44.37,44.45,6210,2020-10-08 19:30:00,IIVI
44.45,44.57,44.405,44.47,11460,2020-10-08 19:35:00,IIVI
44.5,44.54,44.485,44.52,9436,2020-10-08 19:40:00,IIVI
44.52,44.53,44.47,44.47,6690,2020-10-08 19:45:00,IIVI
44.45,44.5,44.42,44.49,5500,2020-10-08 19:50:00,IIVI
44.505,44.58,44.47,44.56,21912,2020-10-08 19:55:00,IIVI
44.53,44.53,44.53,44.53,78125,2020-10-08 20:00:00,IIVI
44.53,44.53,44.53,44.53,3422,2020-10-08 20:30:00,IIVI
44.5,44.5,44.5,44.5,199,2020-10-08 20:40:00,IIVI
44.53,44.53,44.53,44.53,100,2020-10-08 20:45:00,IIVI
44.91,45.6,44.9,45.6,26415,2020-10-09 13:30:00,IIVI
45.52,45.53,45.31,45.52,17964,2020-10-09 13:35:00,IIVI
45.44,45.63,45.44,45.595,5831,2020-10-09 13:40:00,IIVI
45.61,45.61,45.48,45.54,5949,2020-10-09 13:45:00,IIVI
45.56,45.56,45.4,45.54,18188,2020-10-09 13:50:00,IIVI
45.48,45.575,45.48,45.51,5735,2020-10-09 13:55:00,IIVI
45.5,45.6,45.48,45.5,31413,2020-10-09 14:00:00,IIVI
45.55,45.55,45.45,45.49,8210,2020-10-09 14:05:00,IIVI
45.48,45.48,45.25,45.32,7921,2020-10-09 14:10:00,IIVI
45.32,45.39,45.26,45.33,4600,2020-10-09 14:15:00,IIVI
45.34,45.34,45.2,45.27,5189,2020-10-09 14:20:00,IIVI
45.23,45.305,45.19,45.28,2720,2020-10-09 14:25:00,IIVI
45.28,45.3099,45.19,45.25,3404,2020-10-09 14:30:00,IIVI
45.23,45.29,45.23,45.25,1400,2020-10-09 14:35:00,IIVI
45.25,45.4,45.25,45.37,1600,2020-10-09 14:40:00,IIVI
45.37,45.55,45.37,45.52,2600,2020-10-09 14:45:00,IIVI
45.52,45.57,45.5,45.53,3961,2020-10-09 14:50:00,IIVI
45.525,45.6,45.525,45.535,3202,2020-10-09 14:55:00,IIVI
45.5201,45.63,45.5201,45.62,4919,2020-10-09 15:00:00,IIVI
45.61,45.675,45.59,45.67,5100,2020-10-09 15:05:00,IIVI
45.675,45.78,45.61,45.61,7100,2020-10-09 15:10:00,IIVI
45.64,45.64,45.54,45.56,7402,2020-10-09 15:15:00,IIVI
45.58,45.6,45.5,45.5,3874,2020-10-09 15:20:00,IIVI
45.51,45.56,45.48,45.52,1974,2020-10-09 15:25:00,IIVI
45.48,45.55,45.48,45.55,1919,2020-10-09 15:30:00,IIVI
45.51,45.52,45.43,45.44,4093,2020-10-09 15:35:00,IIVI
45.44,45.51,45.39,45.45,2985,2020-10-09 15:40:00,IIVI
45.51,45.71,45.51,45.62,2983,2020-10-09 15:45:00,IIVI
45.7,45.85,45.7,45.85,8750,2020-10-09 15:50:00,IIVI
45.85,45.88,45.805,45.83,3247,2020-10-09 15:55:00,IIVI
45.81,45.88,45.79,45.79,4188,2020-10-09 16:00:00,IIVI
45.77,45.79,45.72,45.75,5315,2020-10-09 16:05:00,IIVI
45.74,45.8,45.74,45.8,1315,2020-10-09 16:10:00,IIVI
45.82,45.86,45.79,45.86,4100,2020-10-09 16:15:00,IIVI
45.84,45.89,45.82,45.875,7770,2020-10-09 16:20:00,IIVI
45.89,45.91,45.78,45.78,3768,2020-10-09 16:25:00,IIVI
45.775,45.86,45.75,45.86,11674,2020-10-09 16:30:00,IIVI
45.87,45.9,45.6,45.72,10436,2020-10-09 16:35:00,IIVI
45.67,45.7394,45.67,45.7,4770,2020-10-09 16:40:00,IIVI
45.7,45.75,45.69,45.741,5181,2020-10-09 16:45:00,IIVI
45.745,45.745,45.7,45.72,1240,2020-10-09 16:50:00,IIVI
45.7,45.79,45.7,45.79,4500,2020-10-09 16:55:00,IIVI
45.78,45.83,45.78,45.83,3100,2020-10-09 17:00:00,IIVI
45.81,45.87,45.785,45.87,4318,2020-10-09 17:05:00,IIVI
45.845,45.845,45.75,45.765,4249,2020-10-09 17:10:00,IIVI
45.765,45.78,45.74,45.78,1474,2020-10-09 17:15:00,IIVI
45.75,45.77,45.7,45.7,4450,2020-10-09 17:20:00,IIVI
45.71,45.75,45.71,45.73,1544,2020-10-09 17:25:00,IIVI
45.74,45.76,45.6951,45.6951,1335,2020-10-09 17:30:00,IIVI
45.72,45.73,45.67,45.7,2506,2020-10-09 17:35:00,IIVI
45.67,45.67,45.59,45.63,1300,2020-10-09 17:40:00,IIVI
45.635,45.715,45.62,45.705,2438,2020-10-09 17:45:00,IIVI
45.69,45.7,45.62,45.65,4275,2020-10-09 17:50:00,IIVI
45.645,45.7,45.64,45.7,1797,2020-10-09 17:55:00,IIVI
45.69,45.73,45.67,45.705,2200,2020-10-09 18:00:00,IIVI
45.7,45.7,45.63,45.635,3650,2020-10-09 18:05:00,IIVI
45.62,45.63,45.6,45.611,3000,2020-10-09 18:10:00,IIVI
45.605,45.625,45.57,45.615,3065,2020-10-09 18:15:00,IIVI
45.64,45.64,45.59,45.62,1200,2020-10-09 18:20:00,IIVI
45.58,45.59,45.52,45.52,4200,2020-10-09 18:25:00,IIVI
45.54,45.61,45.54,45.61,1989,2020-10-09 18:30:00,IIVI
45.58,45.61,45.53,45.53,2840,2020-10-09 18:35:00,IIVI
45.544,45.61,45.544,45.55,2975,2020-10-09 18:40:00,IIVI
45.56,45.57,45.5,45.5,4259,2020-10-09 18:45:00,IIVI
45.54,45.54,45.45,45.49,5294,2020-10-09 18:50:00,IIVI
45.47,45.51,45.43,45.43,7330,2020-10-09 18:55:00,IIVI
45.425,45.455,45.29,45.37,12790,2020-10-09 19:00:00,IIVI
45.41,45.41,45.0,45.08,21547,2020-10-09 19:05:00,IIVI
45.14,45.28,45.06,45.19,19132,2020-10-09 19:10:00,IIVI
45.22,45.26,45.21,45.21,9531,2020-10-09 19:15:00,IIVI
45.21,45.31,45.2,45.28,11842,2020-10-09 19:20:00,IIVI
45.29,45.29,45.13,45.1514,13568,2020-10-09 19:25:00,IIVI
45.15,45.21,45.09,45.13,14147,2020-10-09 19:30:00,IIVI
45.13,45.26,45.11,45.19,10101,2020-10-09 19:35:00,IIVI
45.21,45.25,45.18,45.25,11611,2020-10-09 19:40:00,IIVI
45.23,45.49,45.23,45.42,44133,2020-10-09 19:45:00,IIVI
45.43,45.45,45.38,45.4,24315,2020-10-09 19:50:00,IIVI
45.39,45.45,45.35,45.45,41230,2020-10-09 19:55:00,IIVI
45.42,45.42,45.42,45.42,292413,2020-10-09 20:00:00,IIVI
45.99,45.99,45.99,45.99,100,2020-10-09 20:10:00,IIVI
45.5,45.5,45.5,45.5,100,2020-10-09 22:05:00,IIVI
45.5,45.5,45.5,45.5,200,2020-10-09 22:15:00,IIVI
46.0,46.0,46.0,46.0,100,2020-10-12 11:00:00,IIVI
46.1,46.1,46.1,46.1,100,2020-10-12 11:30:00,IIVI
46.1,46.1,46.1,46.1,100,2020-10-12 12:45:00,IIVI
46.1297,46.1297,46.1297,46.1297,195,2020-10-12 13:15:00,IIVI
45.82,46.13,45.77,45.82,2071,2020-10-12 13:25:00,IIVI
45.8,46.21,45.53,45.83,40712,2020-10-12 13:30:00,IIVI
45.8699,45.96,45.64,45.64,19695,2020-10-12 13:35:00,IIVI
45.57,45.82,45.42,45.79,21199,2020-10-12 13:40:00,IIVI
45.76,45.8,45.5,45.58,14641,2020-10-12 13:45:00,IIVI
45.58,45.64,45.5,45.5,6247,2020-10-12 13:50:00,IIVI
45.51,45.6034,45.4,45.4,5203,2020-10-12 13:55:00,IIVI
45.375,45.41,45.15,45.15,5035,2020-10-12 14:00:00,IIVI
45.17,45.46,45.13,45.275,7297,2020-10-12 14:05:00,IIVI
45.27,45.37,45.19,45.3,12132,2020-10-12 14:10:00,IIVI
45.295,45.35,45.26,45.29,7650,2020-10-12 14:15:00,IIVI
45.29,45.38,45.21,45.32,5142,2020-10-12 14:20:00,IIVI
45.275,45.3041,45.2,45.26,7138,2020-10-12 14:25:00,IIVI
45.24,45.25,45.03,45.05,6271,2020-10-12 14:30:00,IIVI
45.06,45.175,45.0,45.155,5274,2020-10-12 14:35:00,IIVI
45.17,45.25,45.1,45.105,13736,2020-10-12 14:40:00,IIVI
45.1,45.14,45.03,45.08,3444,2020-10-12 14:45:00,IIVI
45.05,45.19,45.05,45.19,3318,2020-10-12 14:50:00,IIVI
45.2,45.2,45.03,45.11,8876,2020-10-12 14:55:00,IIVI
45.11,45.19,45.06,45.17,6000,2020-10-12 15:00:00,IIVI
45.2,45.32,45.18,45.28,2516,2020-10-12 15:05:00,IIVI
45.31,45.34,45.19,45.25,3854,2020-10-12 15:10:00,IIVI
45.285,45.29,45.16,45.21,4281,2020-10-12 15:15:00,IIVI
45.1813,45.25,45.1813,45.24,2108,2020-10-12 15:20:00,IIVI
45.2621,45.29,45.21,45.2201,3751,2020-10-12 15:25:00,IIVI
45.2415,45.25,45.17,45.208,1500,2020-10-12 15:30:00,IIVI
45.24,45.24,45.03,45.08,10856,2020-10-12 15:35:00,IIVI
45.09,45.15,45.07,45.15,3553,2020-10-12 15:40:00,IIVI
45.13,45.13,45.065,45.1,2457,2020-10-12 15:45:00,IIVI
45.065,45.1,44.94,44.94,6389,2020-10-12 15:50:00,IIVI
45.01,45.0132,44.9282,44.97,2349,2020-10-12 15:55:00,IIVI
44.995,45.025,44.985,45.025,1321,2020-10-12 16:00:00,IIVI
45.03,45.05,45.02,45.03,1057,2020-10-12 16:05:00,IIVI
45.02,45.07,45.01,45.0578,1902,2020-10-12 16:10:00,IIVI
45.04,45.07,44.99,44.99,899,2020-10-12 16:15:00,IIVI
45.04,45.04,44.92,44.97,2796,2020-10-12 16:20:00,IIVI
44.97,45.07,44.97,45.037,4311,2020-10-12 16:25:00,IIVI
45.03,45.07,44.9928,45.04,4518,2020-10-12 16:30:00,IIVI
45.02,45.025,45.0099,45.025,3419,2020-10-12 16:35:00,IIVI
45.06,45.18,45.06,45.175,4258,2020-10-12 16:40:00,IIVI
45.19,45.24,45.1101,45.24,5147,2020-10-12 16:45:00,IIVI
45.17,45.17,45.06,45.16,3416,2020-10-12 16:50:00,IIVI
45.16,45.16,45.05,45.08,3023,2020-10-12 16:55:00,IIVI
45.09,45.09,45.07,45.08,719,2020-10-12 17:00:00,IIVI
45.1,45.1,45.03,45.06,3351,2020-10-12 17:05:00,IIVI
45.03,45.04,44.98,44.98,2253,2020-10-12 17:10:00,IIVI
45.04,45.1,45.04,45.0714,6084,2020-10-12 17:15:00,IIVI
45.08,45.14,45.075,45.14,1669,2020-10-12 17:20:00,IIVI
45.13,45.17,45.1,45.14,3406,2020-10-12 17:25:00,IIVI
45.1967,45.21,45.13,45.135,1766,2020-10-12 17:30:00,IIVI
45.13,45.13,45.1,45.1,400,2020-10-12 17:35:00,IIVI
45.14,45.19,45.1194,45.12,5434,2020-10-12 17:40:00,IIVI
45.13,45.14,45.08,45.14,1688,2020-10-12 17:45:00,IIVI
45.16,45.16,45.1101,45.12,1573,2020-10-12 17:50:00,IIVI
45.125,45.15,45.09,45.138,1803,2020-10-12 17:55:00,IIVI
45.15,45.2023,45.14,45.165,4314,2020-10-12 18:00:00,IIVI
45.15,45.15,44.98,44.98,7426,2020-10-12 18:05:00,IIVI
44.98,44.98,44.83,44.83,4936,2020-10-12 18:10:00,IIVI
44.8,44.87,44.8,44.85,4597,2020-10-12 18:15:00,IIVI
44.83,44.96,44.76,44.94,2927,2020-10-12 18:20:00,IIVI
44.96,45.06,44.96,45.06,3200,2020-10-12 18:25:00,IIVI
45.07,45.15,45.05,45.15,1925,2020-10-12 18:30:00,IIVI
45.16,45.16,45.06,45.11,2500,2020-10-12 18:35:00,IIVI
45.14,45.14,45.08,45.12,7845,2020-10-12 18:40:00,IIVI
45.12,45.225,45.12,45.225,2914,2020-10-12 18:45:00,IIVI
45.21,45.2941,45.19,45.26,5066,2020-10-12 18:50:00,IIVI
45.23,45.28,45.18,45.18,2887,2020-10-12 18:55:00,IIVI
45.26,45.33,45.24,45.27,2883,2020-10-12 19:00:00,IIVI
45.27,45.38,45.27,45.355,3889,2020-10-12 19:05:00,IIVI
45.35,45.38,45.29,45.29,4380,2020-10-12 19:10:00,IIVI
45.31,45.38,45.3,45.33,4970,2020-10-12 19:15:00,IIVI
45.35,45.405,45.335,45.405,3708,2020-10-12 19:20:00,IIVI
45.425,45.435,45.36,45.435,4590,2020-10-12 19:25:00,IIVI
45.425,45.43,45.33,45.335,4646,2020-10-12 19:30:00,IIVI
45.31,45.43,45.31,45.35,7022,2020-10-12 19:35:00,IIVI
45.33,45.35,45.29,45.3242,3650,2020-10-12 19:40:00,IIVI
45.28,45.32,45.2,45.23,15279,2020-10-12 19:45:00,IIVI
45.16,45.185,45.01,45.155,21014,2020-10-12 19:50:00,IIVI
45.17,45.23,45.11,45.17,30119,2020-10-12 19:55:00,IIVI
45.17,45.17,45.17,45.17,60283,2020-10-12 20:00:00,IIVI
45.17,45.17,45.17,45.17,151,2020-10-12 20:15:00,IIVI
45.04,45.14,45.0,45.1356,20107,2020-10-13 13:30:00,IIVI
45.1,45.1,44.9044,44.9044,3286,2020-10-13 13:35:00,IIVI
44.88,45.0,44.76,44.91,3522,2020-10-13 13:40:00,IIVI
44.9673,45.015,44.955,45.015,1395,2020-10-13 13:45:00,IIVI
44.99,45.04,44.755,44.79,4957,2020-10-13 13:50:00,IIVI
44.895,45.135,44.895,45.135,2505,2020-10-13 13:55:00,IIVI
45.22,45.3499,45.19,45.24,3200,2020-10-13 14:00:00,IIVI
45.2625,45.3,45.15,45.215,2256,2020-10-13 14:05:00,IIVI
45.23,45.33,45.145,45.16,2280,2020-10-13 14:10:00,IIVI
45.16,45.225,45.11,45.1785,1900,2020-10-13 14:15:00,IIVI
45.26,45.48,45.26,45.48,1896,2020-10-13 14:20:00,IIVI
45.48,45.48,45.37,45.4505,3184,2020-10-13 14:25:00,IIVI
45.4,45.46,45.35,45.4345,2116,2020-10-13 14:30:00,IIVI
45.46,45.59,45.445,45.59,4780,2020-10-13 14:35:00,IIVI
45.61,45.64,45.54,45.61,11530,2020-10-13 14:40:00,IIVI
45.55,45.62,45.52,45.55,3712,2020-10-13 14:45:00,IIVI
45.5098,45.67,45.5098,45.67,2131,2020-10-13 14:50:00,IIVI
45.63,45.8,45.6,45.8,4335,2020-10-13 14:55:00,IIVI
45.815,45.82,45.73,45.74,5302,2020-10-13 15:00:00,IIVI
45.745,45.85,45.72,45.81,4480,2020-10-13 15:05:00,IIVI
45.81,45.92,45.81,45.9143,1700,2020-10-13 15:10:00,IIVI
45.89,45.92,45.84,45.87,3926,2020-10-13 15:15:00,IIVI
45.87,45.94,45.8625,45.93,4908,2020-10-13 15:20:00,IIVI
45.92,45.92,45.83,45.89,2894,2020-10-13 15:25:00,IIVI
45.91,45.99,45.91,45.965,7125,2020-10-13 15:30:00,IIVI
45.99,45.99,45.89,45.92,5845,2020-10-13 15:35:00,IIVI
45.91,45.98,45.86,45.975,4530,2020-10-13 15:40:00,IIVI
45.98,45.98,45.9108,45.96,2377,2020-10-13 15:45:00,IIVI
45.95,45.99,45.92,45.96,8602,2020-10-13 15:50:00,IIVI
45.945,46.03,45.945,45.98,6876,2020-10-13 15:55:00,IIVI
45.99,46.015,45.8684,45.8684,3644,2020-10-13 16:00:00,IIVI
45.85,45.92,45.8102,45.92,1567,2020-10-13 16:05:00,IIVI
45.93,45.93,45.8064,45.84,2961,2020-10-13 16:10:00,IIVI
45.82,45.965,45.7802,45.87,4625,2020-10-13 16:15:00,IIVI
45.87,45.91,45.85,45.91,2252,2020-10-13 16:20:00,IIVI
45.93,45.98,45.9,45.96,2776,2020-10-13 16:25:00,IIVI
45.935,46.144,45.935,46.045,6040,2020-10-13 16:30:00,IIVI
46.05,46.08,46.02,46.07,8331,2020-10-13 16:35:00,IIVI
46.08,46.17,46.05,46.17,3420,2020-10-13 16:40:00,IIVI
46.13,46.16,46.08,46.16,7947,2020-10-13 16:45:00,IIVI
46.15,46.22,46.145,46.18,5151,2020-10-13 16:50:00,IIVI
46.23,46.25,46.2126,46.25,3759,2020-10-13 16:55:00,IIVI
46.24,46.24,46.0948,46.0948,7247,2020-10-13 17:00:00,IIVI
46.1,46.14,46.04,46.04,1931,2020-10-13 17:05:00,IIVI
46.04,46.14,46.04,46.13,3432,2020-10-13 17:10:00,IIVI
46.14,46.22,46.125,46.205,4066,2020-10-13 17:15:00,IIVI
46.19,46.19,46.04,46.13,3804,2020-10-13 17:20:00,IIVI
46.08,46.1922,46.08,46.1687,1155,2020-10-13 17:25:00,IIVI
46.16,46.19,46.12,46.12,2825,2020-10-13 17:30:00,IIVI
46.17,46.17,46.1,46.12,1558,2020-10-13 17:35:00,IIVI
46.16,46.2,46.11,46.14,5352,2020-10-13 17:40:00,IIVI
46.152,46.18,46.11,46.1299,1806,2020-10-13 17:45:00,IIVI
46.1235,46.14,46.09,46.13,2648,2020-10-13 17:50:00,IIVI
46.07,46.07,45.9556,45.9556,2037,2020-10-13 17:55:00,IIVI
45.95,45.955,45.9,45.9243,3074,2020-10-13 18:00:00,IIVI
45.925,45.94,45.84,45.84,2491,2020-10-13 18:05:00,IIVI
45.83,45.9,45.795,45.855,5186,2020-10-13 18:10:00,IIVI
45.89,45.95,45.84,45.93,2191,2020-10-13 18:15:00,IIVI
45.9,45.92,45.88,45.92,1048,2020-10-13 18:20:00,IIVI
45.92,45.93,45.83,45.83,2930,2020-10-13 18:25:00,IIVI
45.8,45.885,45.71,45.87,8216,2020-10-13 18:30:00,IIVI
45.86,45.8699,45.74,45.79,2381,2020-10-13 18:35:00,IIVI
45.76,45.79,45.74,45.75,2395,2020-10-13 18:40:00,IIVI
45.75,45.78,45.68,45.7,28506,2020-10-13 18:45:00,IIVI
45.71,45.725,45.65,45.665,3370,2020-10-13 18:50:00,IIVI
45.63,45.715,45.63,45.7,2500,2020-10-13 18:55:00,IIVI
45.67,45.7594,45.66,45.7594,2829,2020-10-13 19:00:00,IIVI
45.76,45.76,45.66,45.66,6664,2020-10-13 19:05:00,IIVI
45.69,45.69,45.6,45.6,13669,2020-10-13 19:10:00,IIVI
45.555,45.6358,45.515,45.6358,5292,2020-10-13 19:15:00,IIVI
45.6159,45.745,45.6159,45.735,2505,2020-10-13 19:20:00,IIVI
45.71,45.8099,45.68,45.74,5957,2020-10-13 19:25:00,IIVI
45.76,45.82,45.76,45.79,5842,2020-10-13 19:30:00,IIVI
45.79,45.8,45.67,45.67,5579,2020-10-13 19:35:00,IIVI
45.67,45.75,45.66,45.665,6338,2020-10-13 19:40:00,IIVI
45.66,45.6778,45.5,45.5,10034,2020-10-13 19:45:00,IIVI
45.52,45.575,45.28,45.28,37596,2020-10-13 19:50:00,IIVI
45.28,45.5,45.28,45.49,29995,2020-10-13 19:55:00,IIVI
45.46,45.46,45.46,45.46,73423,2020-10-13 20:00:00,IIVI
45.41,45.41,45.41,45.41,100,2020-10-13 20:10:00,IIVI
45.8,45.8,45.8,45.8,100,2020-10-14 12:25:00,IIVI
45.7,45.7,45.7,45.7,100,2020-10-14 12:30:00,IIVI
45.79,45.79,45.79,45.79,100,2020-10-14 13:25:00,IIVI
45.78,46.14,45.7301,45.74,25839,2020-10-14 13:30:00,IIVI
45.625,45.635,45.26,45.41,34498,2020-10-14 13:35:00,IIVI
45.415,45.63,45.35,45.63,3806,2020-10-14 13:40:00,IIVI
45.51,45.6,45.3,45.3,3877,2020-10-14 13:45:00,IIVI
45.3,45.3,45.2,45.2,2122,2020-10-14 13:50:00,IIVI
45.2,45.25,45.175,45.25,3547,2020-10-14 13:55:00,IIVI
45.225,45.24,45.1,45.15,24533,2020-10-14 14:00:00,IIVI
45.17,45.17,45.07,45.08,1942,2020-10-14 14:05:00,IIVI
45.08,45.21,45.05,45.2,13027,2020-10-14 14:10:00,IIVI
45.205,45.205,45.085,45.085,5112,2020-10-14 14:15:00,IIVI
45.08,45.135,45.01,45.0163,4212,2020-10-14 14:20:00,IIVI
45.0,45.0,44.7,44.84,7726,2020-10-14 14:25:00,IIVI
44.8107,44.89,44.63,44.69,12837,2020-10-14 14:30:00,IIVI
44.665,44.9,44.66,44.895,6188,2020-10-14 14:35:00,IIVI
44.92,45.12,44.92,45.025,5570,2020-10-14 14:40:00,IIVI
45.0,45.08,44.975,44.975,5444,2020-10-14 14:45:00,IIVI
44.97,45.0032,44.9101,44.95,2479,2020-10-14 14:50:00,IIVI
44.95,44.98,44.81,44.835,10410,2020-10-14 14:55:00,IIVI
44.835,45.01,44.82,45.01,3702,2020-10-14 15:00:00,IIVI
45.07,45.09,45.02,45.06,4000,2020-10-14 15:05:00,IIVI
45.05,45.05,44.98,45.0,1900,2020-10-14 15:10:00,IIVI
44.975,45.055,44.975,45.04,4256,2020-10-14 15:15:00,IIVI
45.04,45.06,44.95,45.01,2305,2020-10-14 15:20:00,IIVI
44.97,45.01,44.93,44.93,3634,2020-10-14 15:25:00,IIVI
44.9067,44.945,44.87,44.88,1321,2020-10-14 15:30:00,IIVI
44.895,44.93,44.88,44.91,5408,2020-10-14 15:35:00,IIVI
44.905,44.92,44.85,44.86,2941,2020-10-14 15:40:00,IIVI
44.835,44.835,44.71,44.78,4103,2020-10-14 15:45:00,IIVI
44.74,44.76,44.65,44.65,3472,2020-10-14 15:50:00,IIVI
44.68,44.785,44.67,44.68,1200,2020-10-14 15:55:00,IIVI
44.72,44.81,44.72,44.79,950,2020-10-14 16:00:00,IIVI
44.84,44.91,44.84,44.885,600,2020-10-14 16:05:00,IIVI
44.86,44.86,44.82,44.84,2291,2020-10-14 16:10:00,IIVI
44.845,44.86,44.7,44.72,3800,2020-10-14 16:15:00,IIVI
44.72,44.75,44.67,44.73,3685,2020-10-14 16:20:00,IIVI
44.71,44.865,44.71,44.855,9411,2020-10-14 16:25:00,IIVI
44.85,45.03,44.82,45.0,7737,2020-10-14 16:30:00,IIVI
45.05,45.05,44.9901,45.01,8968,2020-10-14 16:35:00,IIVI
45.025,45.27,44.97,45.27,14731,2020-10-14 16:40:00,IIVI
45.26,45.295,45.2,45.2,3766,2020-10-14 16:45:00,IIVI
45.2,45.2,45.14,45.16,2200,2020-10-14 16:50:00,IIVI
45.18,45.19,45.1,45.135,2550,2020-10-14 16:55:00,IIVI
45.135,45.27,45.135,45.27,900,2020-10-14 17:00:00,IIVI
45.25,45.25,45.2,45.2143,1616,2020-10-14 17:05:00,IIVI
45.23,45.23,45.1604,45.19,1368,2020-10-14 17:10:00,IIVI
45.195,45.35,45.195,45.3,6382,2020-10-14 17:15:00,IIVI
45.27,45.31,45.23,45.23,870,2020-10-14 17:20:00,IIVI
45.2,45.31,45.2,45.27,4355,2020-10-14 17:25:00,IIVI
45.23,45.25,45.23,45.25,400,2020-10-14 17:30:00,IIVI
45.23,45.255,45.2,45.2403,1124,2020-10-14 17:35:00,IIVI
45.235,45.27,45.235,45.25,2125,2020-10-14 17:40:00,IIVI
45.28,45.3,45.23,45.24,1564,2020-10-14 17:45:00,IIVI
45.26,45.26,45.2337,45.2337,638,2020-10-14 17:50:00,IIVI
45.235,45.235,45.12,45.17,3367,2020-10-14 17:55:00,IIVI
45.17,45.22,45.155,45.155,1752,2020-10-14 18:00:00,IIVI
45.19,45.31,45.19,45.31,1720,2020-10-14 18:05:00,IIVI
45.28,45.31,45.28,45.3,665,2020-10-14 18:10:00,IIVI
45.28,45.3,45.2,45.275,4044,2020-10-14 18:15:00,IIVI
45.25,45.26,45.22,45.245,1020,2020-10-14 18:20:00,IIVI
45.245,45.28,45.19,45.245,6137,2020-10-14 18:25:00,IIVI
45.2507,45.26,45.155,45.17,2020,2020-10-14 18:30:00,IIVI
45.18,45.18,45.08,45.12,1600,2020-10-14 18:35:00,IIVI
45.14,45.18,45.1258,45.16,2309,2020-10-14 18:40:00,IIVI
45.14,45.215,45.104,45.215,4143,2020-10-14 18:45:00,IIVI
45.17,45.18,45.16,45.18,2746,2020-10-14 18:50:00,IIVI
45.2,45.24,45.2,45.2,1533,2020-10-14 18:55:00,IIVI
45.2256,45.33,45.2113,45.33,2437,2020-10-14 19:00:00,IIVI
45.3241,45.39,45.315,45.36,1700,2020-10-14 19:05:00,IIVI
45.39,45.41,45.3601,45.37,1667,2020-10-14 19:10:00,IIVI
45.38,45.405,45.34,45.3639,4014,2020-10-14 19:15:00,IIVI
45.37,45.37,45.32,45.32,1400,2020-10-14 19:20:00,IIVI
45.29,45.345,45.26,45.33,2140,2020-10-14 19:25:00,IIVI
45.315,45.39,45.3,45.345,3922,2020-10-14 19:30:00,IIVI
45.325,45.3399,45.2547,45.28,4378,2020-10-14 19:35:00,IIVI
45.28,45.3,45.24,45.27,6193,2020-10-14 19:40:00,IIVI
45.27,45.275,45.045,45.07,18104,2020-10-14 19:45:00,IIVI
45.06,45.09,44.9699,44.98,14989,2020-10-14 19:50:00,IIVI
44.97,45.02,44.87,44.92,26115,2020-10-14 19:55:00,IIVI
44.93,45.46,44.93,45.46,46168,2020-10-14 20:00:00,IIVI
45.0,45.0,45.0,45.0,100,2020-10-14 20:50:00,IIVI
46.0,46.0,46.0,46.0,100,2020-10-14 22:15:00,IIVI
45.5,45.5,45.5,45.5,100,2020-10-14 22:20:00,IIVI
44.93,44.93,44.93,44.93,100,2020-10-15 09:10:00,IIVI
44.4,44.4,44.4,44.4,1500,2020-10-15 10:55:00,IIVI
44.75,44.75,44.75,44.75,100,2020-10-15 11:00:00,IIVI
44.75,44.75,44.75,44.75,100,2020-10-15 11:05:00,IIVI
44.451,44.5,44.451,44.5,400,2020-10-15 13:15:00,IIVI
44.75,44.87,44.75,44.87,400,2020-10-15 13:25:00,IIVI
44.99,45.21,44.43,45.065,55439,2020-10-15 13:30:00,IIVI
45.1,45.27,45.1,45.13,5040,2020-10-15 13:35:00,IIVI
45.175,45.69,45.163,45.61,11573,2020-10-15 13:40:00,IIVI
45.61,45.64,45.425,45.48,9065,2020-10-15 13:45:00,IIVI
45.38,45.66,45.38,45.62,12738,2020-10-15 13:50:00,IIVI
45.66,45.79,45.625,45.79,6262,2020-10-15 13:55:00,IIVI
45.83,45.83,45.58,45.65,6567,2020-10-15 14:00:00,IIVI
45.61,45.65,45.44,45.44,4906,2020-10-15 14:05:00,IIVI
45.45,45.76,45.44,45.72,5738,2020-10-15 14:10:00,IIVI
45.69,45.9,45.65,45.8999,9696,2020-10-15 14:15:00,IIVI
45.86,45.86,45.7121,45.78,4761,2020-10-15 14:20:00,IIVI
45.71,45.83,45.62,45.82,6544,2020-10-15 14:25:00,IIVI
45.84,45.8628,45.67,45.72,8098,2020-10-15 14:30:00,IIVI
45.72,45.83,45.6201,45.78,20495,2020-10-15 14:35:00,IIVI
45.82,45.98,45.82,45.9,5597,2020-10-15 14:40:00,IIVI
45.94,46.03,45.92,45.9675,29109,2020-10-15 14:45:00,IIVI
45.9723,46.0,45.91,45.97,9319,2020-10-15 14:50:00,IIVI
45.97,46.23,45.96,46.21,16210,2020-10-15 14:55:00,IIVI
46.21,46.2168,45.92,46.04,25644,2020-10-15 15:00:00,IIVI
46.03,46.35,45.99,46.26,16690,2020-10-15 15:05:00,IIVI
46.22,46.27,46.04,46.04,3381,2020-10-15 15:10:00,IIVI
46.14,46.3,46.0,46.28,10693,2020-10-15 15:15:00,IIVI
46.3013,46.32,46.2,46.2614,9088,2020-10-15 15:20:00,IIVI
46.235,46.3,46.2,46.21,3339,2020-10-15 15:25:00,IIVI
46.215,46.32,46.2,46.2908,8301,2020-10-15 15:30:00,IIVI
46.27,46.42,46.26,46.4,9893,2020-10-15 15:35:00,IIVI
46.4,46.57,46.39,46.4902,19012,2020-10-15 15:40:00,IIVI
46.4468,46.5,46.41,46.45,3700,2020-10-15 15:45:00,IIVI
46.44,46.49,46.3687,46.3687,5243,2020-10-15 15:50:00,IIVI
46.32,46.41,46.3,46.36,8793,2020-10-15 15:55:00,IIVI
46.25,46.28,46.14,46.2463,4548,2020-10-15 16:00:00,IIVI
46.275,46.39,46.2716,46.335,5099,2020-10-15 16:05:00,IIVI
46.37,46.38,46.31,46.345,9154,2020-10-15 16:10:00,IIVI
46.37,46.41,46.37,46.4099,3520,2020-10-15 16:15:00,IIVI
46.41,46.45,46.38,46.4,6065,2020-10-15 16:20:00,IIVI
46.41,46.485,46.405,46.465,9451,2020-10-15 16:25:00,IIVI
46.5,46.64,46.5,46.615,9930,2020-10-15 16:30:00,IIVI
46.62,46.75,46.61,46.7284,6505,2020-10-15 16:35:00,IIVI
46.735,46.85,46.68,46.75,31731,2020-10-15 16:40:00,IIVI
46.72,46.86,46.69,46.835,18814,2020-10-15 16:45:00,IIVI
46.835,47.03,46.835,47.03,22747,2020-10-15 16:50:00,IIVI
47.015,47.08,46.8082,46.92,12417,2020-10-15 16:55:00,IIVI
46.92,47.03,46.91,47.03,12828,2020-10-15 17:00:00,IIVI
47.0,47.09,46.975,47.06,16206,2020-10-15 17:05:00,IIVI
47.06,47.24,47.045,47.2394,75457,2020-10-15 17:10:00,IIVI
47.22,47.27,47.0676,47.2,55336,2020-10-15 17:15:00,IIVI
47.215,47.2699,47.2,47.2,12369,2020-10-15 17:20:00,IIVI
47.2,47.26,47.19,47.21,14256,2020-10-15 17:25:00,IIVI
47.2,47.266,47.1479,47.24,7136,2020-10-15 17:30:00,IIVI
47.26,47.32,47.22,47.3,5595,2020-10-15 17:35:00,IIVI
47.29,47.36,47.26,47.335,9247,2020-10-15 17:40:00,IIVI
47.33,47.36,47.2084,47.215,4359,2020-10-15 17:45:00,IIVI
47.23,47.28,47.2,47.28,5485,2020-10-15 17:50:00,IIVI
47.3,47.3212,47.23,47.26,4765,2020-10-15 17:55:00,IIVI
47.26,47.39,47.24,47.38,7200,2020-10-15 18:00:00,IIVI
47.3999,47.425,47.305,47.4225,14609,2020-10-15 18:05:00,IIVI
47.42,47.47,47.31,47.44,12589,2020-10-15 18:10:00,IIVI
47.455,47.515,47.37,47.44,7775,2020-10-15 18:15:00,IIVI
47.45,47.48,47.34,47.35,8423,2020-10-15 18:20:00,IIVI
47.35,47.37,47.28,47.28,3842,2020-10-15 18:25:00,IIVI
47.28,47.39,47.24,47.3747,8494,2020-10-15 18:30:00,IIVI
47.33,47.35,47.25,47.2793,6029,2020-10-15 18:35:00,IIVI
47.31,47.4,47.29,47.36,7200,2020-10-15 18:40:00,IIVI
47.38,47.39,47.11,47.19,40909,2020-10-15 18:45:00,IIVI
47.19,47.24,47.08,47.0999,6807,2020-10-15 18:50:00,IIVI
47.13,47.15,47.0,47.0,11469,2020-10-15 18:55:00,IIVI
46.9727,47.08,46.93,46.93,13551,2020-10-15 19:00:00,IIVI
46.93,46.96,46.78,46.7914,3825,2020-10-15 19:05:00,IIVI
46.78,46.92,46.78,46.9,7868,2020-10-15 19:10:00,IIVI
46.91,47.05,46.88,47.05,9363,2020-10-15 19:15:00,IIVI
47.03,47.16,46.91,46.92,28494,2020-10-15 19:20:00,IIVI
46.92,47.0,46.87,46.89,5194,2020-10-15 19:25:00,IIVI
46.87,47.0,46.87,46.9,10119,2020-10-15 19:30:00,IIVI
46.9,46.95,46.82,46.89,6989,2020-10-15 19:35:00,IIVI
46.89,46.96,46.88,46.92,8772,2020-10-15 19:40:00,IIVI
46.92,46.94,46.82,46.84,17453,2020-10-15 19:45:00,IIVI
46.81,46.85,46.62,46.63,36220,2020-10-15 19:50:00,IIVI
46.62,46.7,46.57,46.7,73520,2020-10-15 19:55:00,IIVI
46.67,46.67,46.67,46.67,90745,2020-10-15 20:00:00,IIVI
47.0,47.0,46.72,46.85,1221,2020-10-16 13:25:00,IIVI
46.85,46.99,45.58,45.7817,94311,2020-10-16 13:30:00,IIVI
45.7,45.7045,45.15,45.45,27130,2020-10-16 13:35:00,IIVI
45.56,45.77,45.345,45.7328,16498,2020-10-16 13:40:00,IIVI
45.7,45.86,45.5,45.54,25129,2020-10-16 13:45:00,IIVI
45.6,45.99,45.6,45.7647,15257,2020-10-16 13:50:00,IIVI
45.71,45.94,45.71,45.8099,5676,2020-10-16 13:55:00,IIVI
45.735,45.79,45.65,45.745,12372,2020-10-16 14:00:00,IIVI
45.71,45.71,45.47,45.56,17947,2020-10-16 14:05:00,IIVI
45.61,46.07,45.6,45.98,43174,2020-10-16 14:10:00,IIVI
45.975,45.975,45.63,45.74,7011,2020-10-16 14:15:00,IIVI
45.74,46.03,45.71,45.8,8946,2020-10-16 14:20:00,IIVI
45.82,46.02,45.82,45.88,6128,2020-10-16 14:25:00,IIVI
45.855,45.99,45.855,45.89,4988,2020-10-16 14:30:00,IIVI
45.88,45.88,45.7701,45.815,9003,2020-10-16 14:35:00,IIVI
45.825,45.905,45.74,45.74,7769,2020-10-16 14:40:00,IIVI
45.74,46.18,45.74,46.0,52420,2020-10-16 14:45:00,IIVI
45.94,45.98,45.87,45.98,5937,2020-10-16 14:50:00,IIVI
45.98,46.0,45.73,45.81,15922,2020-10-16 14:55:00,IIVI
45.82,45.825,45.72,45.76,7773,2020-10-16 15:00:00,IIVI
45.75,45.845,45.72,45.7728,3781,2020-10-16 15:05:00,IIVI
45.72,45.72,45.63,45.69,8023,2020-10-16 15:10:00,IIVI
45.67,45.86,45.66,45.8,13879,2020-10-16 15:15:00,IIVI
45.8,45.82,45.7,45.715,3523,2020-10-16 15:20:00,IIVI
45.7,46.02,45.69,46.005,12971,2020-10-16 15:25:00,IIVI
45.98,45.98,45.86,45.92,7559,2020-10-16 15:30:00,IIVI
45.91,46.03,45.89,45.965,3651,2020-10-16 15:35:00,IIVI
45.95,45.99,45.9,45.93,6957,2020-10-16 15:40:00,IIVI
45.92,45.96,45.86,45.93,11426,2020-10-16 15:45:00,IIVI
45.945,45.945,45.85,45.905,5807,2020-10-16 15:50:00,IIVI
45.905,45.96,45.86,45.945,10920,2020-10-16 15:55:00,IIVI
45.945,46.15,45.9301,46.14,7767,2020-10-16 16:00:00,IIVI
46.125,46.125,45.88,45.92,4442,2020-10-16 16:05:00,IIVI
45.915,45.915,45.775,45.86,8334,2020-10-16 16:10:00,IIVI
45.85,45.93,45.83,45.88,2620,2020-10-16 16:15:00,IIVI
45.865,45.9,45.84,45.875,1320,2020-10-16 16:20:00,IIVI
45.935,45.95,45.9,45.925,1894,2020-10-16 16:25:00,IIVI
45.9241,45.93,45.82,45.855,5514,2020-10-16 16:30:00,IIVI
45.88,45.909,45.84,45.85,4687,2020-10-16 16:35:00,IIVI
45.85,45.85,45.78,45.79,2601,2020-10-16 16:40:00,IIVI
45.81,45.9,45.76,45.835,4223,2020-10-16 16:45:00,IIVI
45.8317,45.8317,45.65,45.67,2623,2020-10-16 16:50:00,IIVI
45.6909,45.73,45.63,45.65,6156,2020-10-16 16:55:00,IIVI
45.63,45.68,45.63,45.65,2598,2020-10-16 17:00:00,IIVI
45.64,45.75,45.64,45.72,12949,2020-10-16 17:05:00,IIVI
45.72,45.79,45.71,45.755,3900,2020-10-16 17:10:00,IIVI
45.77,45.8263,45.755,45.78,5561,2020-10-16 17:15:00,IIVI
45.79,45.82,45.74,45.74,4721,2020-10-16 17:20:00,IIVI
45.765,45.8,45.75,45.79,4180,2020-10-16 17:25:00,IIVI
45.8,45.82,45.75,45.82,4372,2020-10-16 17:30:00,IIVI
45.81,45.885,45.79,45.875,6144,2020-10-16 17:35:00,IIVI
45.875,45.98,45.875,45.8808,5453,2020-10-16 17:40:00,IIVI
45.9,45.9042,45.84,45.9,4891,2020-10-16 17:45:00,IIVI
45.88,45.905,45.865,45.905,1823,2020-10-16 17:50:00,IIVI
45.89,45.89,45.85,45.88,4156,2020-10-16 17:55:00,IIVI
45.865,46.035,45.865,45.99,7389,2020-10-16 18:00:00,IIVI
46.005,46.155,46.005,46.15,6700,2020-10-16 18:05:00,IIVI
46.15,46.22,46.15,46.17,4170,2020-10-16 18:10:00,IIVI
46.1883,46.31,46.17,46.3,13246,2020-10-16 18:15:00,IIVI
46.32,46.35,46.28,46.3,11204,2020-10-16 18:20:00,IIVI
46.29,46.37,46.28,46.37,5537,2020-10-16 18:25:00,IIVI
46.35,46.41,46.35,46.38,2200,2020-10-16 18:30:00,IIVI
46.37,46.42,46.34,46.42,2728,2020-10-16 18:35:00,IIVI
46.43,46.43,46.34,46.4073,4799,2020-10-16 18:40:00,IIVI
46.39,46.39,46.29,46.33,3250,2020-10-16 18:45:00,IIVI
46.34,46.42,46.31,46.3101,6000,2020-10-16 18:50:00,IIVI
46.345,46.38,46.33,46.35,4452,2020-10-16 18:55:00,IIVI
46.35,46.35,46.27,46.295,7987,2020-10-16 19:00:00,IIVI
46.29,46.29,46.19,46.19,4225,2020-10-16 19:05:00,IIVI
46.175,46.18,46.1,46.1,3000,2020-10-16 19:10:00,IIVI
46.1,46.1,45.925,45.95,6052,2020-10-16 19:15:00,IIVI
45.95,46.01,45.92,45.94,4900,2020-10-16 19:20:00,IIVI
45.97,45.97,45.9,45.94,3863,2020-10-16 19:25:00,IIVI
45.94,45.985,45.9,45.94,5099,2020-10-16 19:30:00,IIVI
45.965,46.005,45.95,45.96,4579,2020-10-16 19:35:00,IIVI
45.95,46.025,45.93,46.025,7275,2020-10-16 19:40:00,IIVI
46.04,46.05,45.99,45.99,9217,2020-10-16 19:45:00,IIVI
45.99,46.02,45.91,45.96,24755,2020-10-16 19:50:00,IIVI
45.98,46.01,45.92,46.0,31413,2020-10-16 19:55:00,IIVI
45.99,45.99,45.99,45.99,77440,2020-10-16 20:00:00,IIVI
45.99,45.99,45.99,45.99,3990,2020-10-16 20:35:00,IIVI
45.98,45.98,45.98,45.98,199,2020-10-16 21:25:00,IIVI
46.03,46.03,46.03,46.03,129,2020-10-19 12:30:00,IIVI
46.1,46.1,46.1,46.1,149,2020-10-19 13:00:00,IIVI
46.56,46.7372,46.45,46.65,23878,2020-10-19 13:30:00,IIVI
46.71,47.07,46.71,47.07,7652,2020-10-19 13:35:00,IIVI
46.95,47.02,46.89,46.9,4996,2020-10-19 13:40:00,IIVI
46.88,47.0,46.805,46.89,4056,2020-10-19 13:45:00,IIVI
46.93,47.05,46.93,46.9735,4664,2020-10-19 13:50:00,IIVI
47.01,47.17,46.97,47.0128,4369,2020-10-19 13:55:00,IIVI
46.91,46.98,46.835,46.95,4568,2020-10-19 14:00:00,IIVI
46.92,46.945,46.9,46.9,700,2020-10-19 14:05:00,IIVI
46.875,46.925,46.8,46.925,5859,2020-10-19 14:10:00,IIVI
46.94,47.05,46.94,47.05,3300,2020-10-19 14:15:00,IIVI
47.01,47.08,46.995,47.01,1697,2020-10-19 14:20:00,IIVI
47.1,47.1226,47.01,47.09,4583,2020-10-19 14:25:00,IIVI
47.1,47.1,46.98,46.99,1700,2020-10-19 14:30:00,IIVI
46.93,46.93,46.86,46.92,4837,2020-10-19 14:35:00,IIVI
46.9,46.9399,46.83,46.83,3039,2020-10-19 14:40:00,IIVI
46.74,46.8575,46.7205,46.8575,2650,2020-10-19 14:45:00,IIVI
46.81,46.89,46.7909,46.89,1304,2020-10-19 14:50:00,IIVI
46.8999,46.9606,46.88,46.9606,1673,2020-10-19 14:55:00,IIVI
46.937,47.0,46.937,46.995,621,2020-10-19 15:00:00,IIVI
47.01,47.045,46.93,46.93,2955,2020-10-19 15:05:00,IIVI
46.96,47.1,46.93,47.1,6822,2020-10-19 15:10:00,IIVI
47.1,47.1288,47.05,47.1,6755,2020-10-19 15:15:00,IIVI
47.0727,47.1082,46.91,46.91,1582,2020-10-19 15:20:00,IIVI
46.91,46.96,46.84,46.84,2200,2020-10-19 15:25:00,IIVI
46.86,46.91,46.81,46.89,1443,2020-10-19 15:30:00,IIVI
46.96,47.04,46.9,46.93,1836,2020-10-19 15:35:00,IIVI
46.95,47.07,46.81,46.995,62495,2020-10-19 15:40:00,IIVI
46.93,46.96,46.84,46.84,2000,2020-10-19 15:45:00,IIVI
46.79,46.89,46.79,46.89,973,2020-10-19 15:50:00,IIVI
46.905,46.905,46.81,46.835,600,2020-10-19 15:55:00,IIVI
46.835,46.88,46.74,46.8,2428,2020-10-19 16:00:00,IIVI
46.72,46.83,46.72,46.8,1200,2020-10-19 16:05:00,IIVI
46.805,46.805,46.71,46.71,916,2020-10-19 16:10:00,IIVI
46.73,46.79,46.72,46.77,1800,2020-10-19 16:15:00,IIVI
46.76,46.78,46.74,46.78,600,2020-10-19 16:20:00,IIVI
46.8,46.82,46.7394,46.77,1450,2020-10-19 16:25:00,IIVI
46.8152,46.8152,46.75,46.77,2200,2020-10-19 16:30:00,IIVI
46.7917,46.8,46.7417,46.75,1650,2020-10-19 16:35:00,IIVI
46.71,46.8221,46.71,46.8221,700,2020-10-19 16:40:00,IIVI
46.755,46.8133,46.75,46.75,602,2020-10-19 16:45:00,IIVI
46.765,46.81,46.7,46.71,4400,2020-10-19 16:50:00,IIVI
46.77,46.845,46.765,46.83,700,2020-10-19 16:55:00,IIVI
46.84,46.84,46.765,46.765,911,2020-10-19 17:00:00,IIVI
46.7447,46.781,46.72,46.781,1900,2020-10-19 17:05:00,IIVI
46.7926,46.85,46.77,46.85,2856,2020-10-19 17:10:00,IIVI
46.8,46.85,46.78,46.8215,1400,2020-10-19 17:15:00,IIVI
46.84,46.85,46.74,46.75,3508,2020-10-19 17:20:00,IIVI
46.81,46.93,46.7863,46.93,3125,2020-10-19 17:25:00,IIVI
46.99,46.99,46.89,46.89,1200,2020-10-19 17:30:00,IIVI
46.905,46.9182,46.85,46.875,1357,2020-10-19 17:35:00,IIVI
46.875,46.875,46.78,46.82,2069,2020-10-19 17:40:00,IIVI
46.76,46.8238,46.72,46.8238,5903,2020-10-19 17:45:00,IIVI
46.83,46.87,46.75,46.859,19924,2020-10-19 17:50:00,IIVI
46.79,46.89,46.79,46.89,6354,2020-10-19 17:55:00,IIVI
46.87,46.9,46.77,46.77,13153,2020-10-19 18:00:00,IIVI
46.84,46.95,46.82,46.9,6064,2020-10-19 18:05:00,IIVI
46.88,46.94,46.87,46.87,2213,2020-10-19 18:10:00,IIVI
46.93,46.9699,46.8981,46.92,4148,2020-10-19 18:15:00,IIVI
46.95,46.95,46.89,46.95,1258,2020-10-19 18:20:00,IIVI
46.94,46.98,46.92,46.94,1400,2020-10-19 18:25:00,IIVI
46.94,46.95,46.74,46.74,5351,2020-10-19 18:30:00,IIVI
46.74,46.74,46.61,46.61,404,2020-10-19 18:35:00,IIVI
46.6,46.63,46.5352,46.55,3600,2020-10-19 18:40:00,IIVI
46.5376,46.5376,46.26,46.45,45303,2020-10-19 18:45:00,IIVI
46.4,46.44,46.35,46.44,2500,2020-10-19 18:50:00,IIVI
46.44,46.53,46.32,46.37,5599,2020-10-19 18:55:00,IIVI
46.325,46.3386,46.1913,46.1913,5631,2020-10-19 19:00:00,IIVI
46.13,46.15,46.03,46.12,6675,2020-10-19 19:05:00,IIVI
46.16,46.24,46.09,46.24,2355,2020-10-19 19:10:00,IIVI
46.22,46.2299,46.09,46.12,16407,2020-10-19 19:15:00,IIVI
46.12,46.14,46.065,46.07,4995,2020-10-19 19:20:00,IIVI
46.1,46.26,46.06,46.26,35574,2020-10-19 19:25:00,IIVI
46.26,46.4,46.26,46.34,9285,2020-10-19 19:30:00,IIVI
46.37,46.445,46.34,46.42,4474,2020-10-19 19:35:00,IIVI
46.42,46.45,46.39,46.4,4200,2020-10-19 19:40:00,IIVI
46.43,46.47,46.37,46.47,5975,2020-10-19 19:45:00,IIVI
46.42,46.42,46.09,46.1933,14116,2020-10-19 19:50:00,IIVI
46.17,46.35,46.15,46.33,27947,2020-10-19 19:55:00,IIVI
46.32,46.32,46.32,46.32,103556,2020-10-19 20:00:00,IIVI
46.97,46.97,46.97,46.97,100,2020-10-19 20:10:00,IIVI
46.52,46.52,46.52,46.52,402,2020-10-20 11:35:00,IIVI
46.97,46.97,46.97,46.97,100,2020-10-20 11:45:00,IIVI
46.9,46.9,46.9,46.9,200,2020-10-20 12:55:00,IIVI
46.61,47.14,46.61,46.89,16743,2020-10-20 13:30:00,IIVI
46.9,47.06,46.85,46.9598,10192,2020-10-20 13:35:00,IIVI
46.82,46.975,46.82,46.95,2998,2020-10-20 13:40:00,IIVI
46.895,47.05,46.815,46.98,15432,2020-10-20 13:45:00,IIVI
46.97,47.06,46.97,47.015,4103,2020-10-20 13:50:00,IIVI
47.08,47.1615,46.98,47.1615,3568,2020-10-20 13:55:00,IIVI
47.18,47.19,47.02,47.065,3051,2020-10-20 14:00:00,IIVI
47.1,47.125,46.87,46.915,3136,2020-10-20 14:05:00,IIVI
46.915,46.955,46.75,46.75,4098,2020-10-20 14:10:00,IIVI
46.805,46.925,46.75,46.805,4646,2020-10-20 14:15:00,IIVI
46.78,46.83,46.77,46.805,1820,2020-10-20 14:20:00,IIVI
46.76,46.79,46.62,46.66,4729,2020-10-20 14:25:00,IIVI
46.72,46.825,46.72,46.755,2811,2020-10-20 14:30:00,IIVI
46.755,46.9,46.755,46.86,4008,2020-10-20 14:35:00,IIVI
46.86,46.86,46.8,46.8,1000,2020-10-20 14:40:00,IIVI
46.73,46.8,46.62,46.62,1900,2020-10-20 14:45:00,IIVI
46.62,46.695,46.55,46.605,4816,2020-10-20 14:50:00,IIVI
46.59,46.64,46.56,46.58,1750,2020-10-20 14:55:00,IIVI
46.57,46.6,46.45,46.57,3206,2020-10-20 15:00:00,IIVI
46.57,46.595,46.56,46.595,6310,2020-10-20 15:05:00,IIVI
46.595,46.715,46.595,46.66,2432,2020-10-20 15:10:00,IIVI
46.72,46.74,46.62,46.715,3271,2020-10-20 15:15:00,IIVI
46.725,46.77,46.69,46.74,3092,2020-10-20 15:20:00,IIVI
46.74,46.7501,46.63,46.685,3700,2020-10-20 15:25:00,IIVI
46.665,46.72,46.62,46.6382,2545,2020-10-20 15:30:00,IIVI
46.71,46.71,46.54,46.59,27849,2020-10-20 15:35:00,IIVI
46.635,46.67,46.49,46.49,5679,2020-10-20 15:40:00,IIVI
46.4956,46.85,46.45,46.85,27320,2020-10-20 15:45:00,IIVI
46.82,46.87,46.75,46.87,1898,2020-10-20 15:50:00,IIVI
46.835,46.88,46.74,46.74,2970,2020-10-20 15:55:00,IIVI
46.775,46.89,46.75,46.83,1926,2020-10-20 16:00:00,IIVI
46.81,46.84,46.76,46.8,1600,2020-10-20 16:05:00,IIVI
46.73,46.825,46.72,46.825,1817,2020-10-20 16:10:00,IIVI
46.77,46.83,46.76,46.7624,1800,2020-10-20 16:15:00,IIVI
46.73,46.75,46.675,46.74,2300,2020-10-20 16:20:00,IIVI
46.715,46.715,46.66,46.69,1745,2020-10-20 16:25:00,IIVI
46.658,46.89,46.658,46.855,5397,2020-10-20 16:30:00,IIVI
46.9,46.9,46.69,46.81,1456,2020-10-20 16:35:00,IIVI
46.72,46.87,46.72,46.8,1400,2020-10-20 16:40:00,IIVI
46.8,46.81,46.69,46.75,5852,2020-10-20 16:45:00,IIVI
46.75,46.79,46.73,46.73,2210,2020-10-20 16:50:00,IIVI
46.77,46.8,46.73,46.73,1989,2020-10-20 16:55:00,IIVI
46.7292,46.79,46.7292,46.7405,2560,2020-10-20 17:00:00,IIVI
46.78,46.89,46.78,46.78,11838,2020-10-20 17:05:00,IIVI
46.83,46.9116,46.785,46.905,2085,2020-10-20 17:10:00,IIVI
46.92,46.94,46.83,46.87,2332,2020-10-20 17:15:00,IIVI
46.83,46.89,46.82,46.83,2061,2020-10-20 17:20:00,IIVI
46.845,46.845,46.76,46.76,2396,2020-10-20 17:25:00,IIVI
46.8,46.8,46.695,46.695,2950,2020-10-20 17:30:00,IIVI
46.66,46.7793,46.62,46.745,3518,2020-10-20 17:35:00,IIVI
46.7412,46.7814,46.57,46.57,3221,2020-10-20 17:40:00,IIVI
46.605,46.605,46.45,46.505,6508,2020-10-20 17:45:00,IIVI
46.47,46.49,46.41,46.42,3060,2020-10-20 17:50:00,IIVI
46.42,46.48,46.27,46.48,5712,2020-10-20 17:55:00,IIVI
46.48,46.55,46.4,46.415,5189,2020-10-20 18:00:00,IIVI
46.38,46.45,46.34,46.435,5244,2020-10-20 18:05:00,IIVI
46.4434,46.51,46.42,46.44,8613,2020-10-20 18:10:00,IIVI
46.44,46.49,46.4,46.4,4138,2020-10-20 18:15:00,IIVI
46.425,46.47,46.36,46.47,9362,2020-10-20 18:20:00,IIVI
46.47,46.56,46.44,46.455,7138,2020-10-20 18:25:00,IIVI
46.45,46.505,46.38,46.505,5910,2020-10-20 18:30:00,IIVI
46.5,46.5,46.35,46.375,4179,2020-10-20 18:35:00,IIVI
46.38,46.38,46.24,46.27,6667,2020-10-20 18:40:00,IIVI
46.25,46.27,46.2,46.2,4393,2020-10-20 18:45:00,IIVI
46.2,46.2,46.11,46.16,9235,2020-10-20 18:50:00,IIVI
46.14,46.1988,46.07,46.075,5656,2020-10-20 18:55:00,IIVI
46.085,46.175,46.085,46.14,4543,2020-10-20 19:00:00,IIVI
46.1001,46.1734,45.97,45.995,9596,2020-10-20 19:05:00,IIVI
45.97,46.03,45.9001,46.03,5507,2020-10-20 19:10:00,IIVI
45.97,46.06,45.92,46.06,7702,2020-10-20 19:15:00,IIVI
46.0,46.1016,45.96,46.06,18737,2020-10-20 19:20:00,IIVI
46.05,46.1,46.01,46.075,19270,2020-10-20 19:25:00,IIVI
46.02,46.07,45.88,45.88,10561,2020-10-20 19:30:00,IIVI
45.86,45.875,45.59,45.745,50722,2020-10-20 19:35:00,IIVI
45.735,45.9555,45.735,45.95,14410,2020-10-20 19:40:00,IIVI
45.95,45.96,45.7206,45.7206,20693,2020-10-20 19:45:00,IIVI
45.72,45.87,45.67,45.73,27502,2020-10-20 19:50:00,IIVI
45.76,45.84,45.705,45.79,28972,2020-10-20 19:55:00,IIVI
45.8,45.8,45.8,45.8,56121,2020-10-20 20:00:00,IIVI
45.79,45.79,45.79,45.79,100,2020-10-20 20:35:00,IIVI
46.0,46.6,45.9935,46.6,14520,2020-10-21 13:30:00,IIVI
46.48,46.531,46.31,46.31,2334,2020-10-21 13:35:00,IIVI
46.37,46.37,46.26,46.26,500,2020-10-21 13:40:00,IIVI
46.13,46.36,46.13,46.295,4563,2020-10-21 13:45:00,IIVI
46.275,46.4,46.14,46.34,4606,2020-10-21 13:50:00,IIVI
46.3169,46.4922,46.3169,46.49,2997,2020-10-21 13:55:00,IIVI
46.46,46.46,46.32,46.425,4300,2020-10-21 14:00:00,IIVI
46.44,46.46,46.315,46.39,5398,2020-10-21 14:05:00,IIVI
46.458,46.575,46.45,46.575,1900,2020-10-21 14:10:00,IIVI
46.575,46.62,46.5062,46.62,5038,2020-10-21 14:15:00,IIVI
46.66,46.7,46.62,46.62,2900,2020-10-21 14:20:00,IIVI
46.6467,46.73,46.6467,46.73,650,2020-10-21 14:25:00,IIVI
46.8261,46.9059,46.705,46.87,13381,2020-10-21 14:30:00,IIVI
46.895,46.9094,46.8264,46.89,2926,2020-10-21 14:35:00,IIVI
46.89,46.95,46.81,46.81,8045,2020-10-21 14:40:00,IIVI
46.81,46.82,46.565,46.565,3201,2020-10-21 14:45:00,IIVI
46.655,46.655,46.31,46.4553,22430,2020-10-21 14:50:00,IIVI
46.45,46.45,46.05,46.19,21384,2020-10-21 14:55:00,IIVI
46.2,46.3,46.08,46.13,14250,2020-10-21 15:00:00,IIVI
46.156,46.156,46.14,46.14,4500,2020-10-21 15:05:00,IIVI
46.165,46.165,46.09,46.11,6400,2020-10-21 15:30:00,IIVI
46.13,46.185,46.11,46.185,2840,2020-10-21 15:35:00,IIVI
46.18,46.2175,46.12,46.21,8484,2020-10-21 15:40:00,IIVI
46.2614,46.35,46.25,46.315,6274,2020-10-21 15:45:00,IIVI
46.385,46.39,46.37,46.38,3200,2020-10-21 15:50:00,IIVI
46.37,46.37,46.25,46.25,10494,2020-10-21 15:55:00,IIVI
46.2533,46.2702,46.185,46.2105,9712,2020-10-21 16:00:00,IIVI
46.205,46.26,46.19,46.26,6048,2020-10-21 16:05:00,IIVI
46.235,46.25,46.08,46.18,10608,2020-10-21 16:10:00,IIVI
46.18,46.21,46.16,46.18,1830,2020-10-21 16:15:00,IIVI
46.19,46.5,46.19,46.47,12818,2020-10-21 16:20:00,IIVI
46.48,46.48,46.35,46.48,3696,2020-10-21 16:25:00,IIVI
46.47,46.47,46.215,46.29,15436,2020-10-21 16:30:00,IIVI
46.28,46.335,46.2275,46.25,8722,2020-10-21 16:35:00,IIVI
46.255,46.255,46.17,46.17,3924,2020-10-21 16:40:00,IIVI
46.23,46.24,46.164,46.18,4000,2020-10-21 16:45:00,IIVI
46.18,46.23,46.17,46.18,5468,2020-10-21 16:50:00,IIVI
46.18,46.185,46.09,46.14,4580,2020-10-21 16:55:00,IIVI
46.12,46.14,46.0281,46.07,16798,2020-10-21 17:00:00,IIVI
46.055,46.17,46.055,46.1,14718,2020-10-21 17:05:00,IIVI
46.1021,46.165,46.1021,46.165,4046,2020-10-21 17:10:00,IIVI
46.225,46.32,46.225,46.26,4424,2020-10-21 17:15:00,IIVI
46.26,46.26,46.2,46.235,3200,2020-10-21 17:20:00,IIVI
46.21,46.28,46.21,46.21,3334,2020-10-21 17:25:00,IIVI
46.2236,46.27,46.2236,46.255,6020,2020-10-21 17:30:00,IIVI
46.24,46.24,46.175,46.175,2000,2020-10-21 17:35:00,IIVI
46.175,46.225,46.17,46.195,6000,2020-10-21 17:40:00,IIVI
46.1898,46.28,46.1898,46.26,12194,2020-10-21 17:45:00,IIVI
46.28,46.37,46.25,46.29,9250,2020-10-21 17:50:00,IIVI
46.2964,46.4,46.2964,46.355,6158,2020-10-21 17:55:00,IIVI
46.38,46.45,46.35,46.36,10680,2020-10-21 18:00:00,IIVI
46.375,46.4138,46.35,46.38,4816,2020-10-21 18:05:00,IIVI
46.36,46.39,46.305,46.315,7272,2020-10-21 18:10:00,IIVI
46.31,46.34,46.305,46.305,5076,2020-10-21 18:15:00,IIVI
46.29,46.29,46.22,46.22,3200,2020-10-21 18:20:00,IIVI
46.25,46.26,46.21,46.26,3578,2020-10-21 18:25:00,IIVI
46.25,46.3,46.245,46.2958,11784,2020-10-21 18:30:00,IIVI
46.29,46.33,46.29,46.31,11600,2020-10-21 18:35:00,IIVI
46.315,46.41,46.315,46.41,15534,2020-10-21 18:40:00,IIVI
46.42,46.55,46.41,46.55,16242,2020-10-21 18:45:00,IIVI
46.525,46.525,46.46,46.46,15058,2020-10-21 18:50:00,IIVI
46.46,46.545,46.46,46.525,12804,2020-10-21 18:55:00,IIVI
46.53,46.56,46.49,46.49,15400,2020-10-21 19:00:00,IIVI
46.5075,46.52,46.41,46.43,6816,2020-10-21 19:05:00,IIVI
46.435,46.45,46.39,46.435,13002,2020-10-21 19:10:00,IIVI
46.42,46.435,46.325,46.36,8192,2020-10-21 19:15:00,IIVI
46.36,46.42,46.36,46.42,10840,2020-10-21 19:20:00,IIVI
46.44,46.49,46.43,46.46,7962,2020-10-21 19:25:00,IIVI
46.5,46.525,46.36,46.36,13730,2020-10-21 19:30:00,IIVI
46.39,46.42,46.3,46.3,8296,2020-10-21 19:35:00,IIVI
46.315,46.35,46.2,46.2,9718,2020-10-21 19:40:00,IIVI
46.21,46.21,46.07,46.08,25574,2020-10-21 19:45:00,IIVI
46.08,46.4,46.06,46.18,127678,2020-10-21 19:50:00,IIVI
46.24,46.3,46.12,46.16,75516,2020-10-21 19:55:00,IIVI
46.16,46.25,46.16,46.16,264410,2020-10-21 20:00:00,IIVI
46.287,46.287,46.287,46.287,600,2020-10-21 20:10:00,IIVI
46.16,46.16,46.16,46.16,4614,2020-10-21 21:05:00,IIVI
46.3,46.3,46.3,46.3,120,2020-10-22 12:40:00,IIVI
46.18,46.18,46.18,46.18,100,2020-10-22 13:05:00,IIVI
46.21,46.3,46.21,46.3,525,2020-10-22 13:25:00,IIVI
46.35,46.8,46.35,46.51,18711,2020-10-22 13:30:00,IIVI
46.37,46.53,46.36,46.4262,5471,2020-10-22 13:35:00,IIVI
46.385,46.525,46.35,46.37,16487,2020-10-22 13:40:00,IIVI
46.36,46.54,46.36,46.41,1933,2020-10-22 13:45:00,IIVI
46.41,46.6578,46.35,46.6578,3486,2020-10-22 13:50:00,IIVI
46.6,46.79,46.6,46.79,1400,2020-10-22 13:55:00,IIVI
46.7,46.73,46.54,46.63,5486,2020-10-22 14:00:00,IIVI
46.615,46.6787,46.59,46.605,2896,2020-10-22 14:05:00,IIVI
46.59,46.69,46.5,46.69,3097,2020-10-22 14:10:00,IIVI
46.72,46.8005,46.68,46.73,1750,2020-10-22 14:15:00,IIVI
46.71,46.71,46.57,46.57,1736,2020-10-22 14:20:00,IIVI
46.55,46.58,46.445,46.58,4071,2020-10-22 14:25:00,IIVI
46.55,46.55,46.475,46.485,4668,2020-10-22 14:30:00,IIVI
46.45,46.49,46.35,46.42,2960,2020-10-22 14:35:00,IIVI
46.37,46.37,46.15,46.15,7490,2020-10-22 14:40:00,IIVI
46.19,46.27,46.19,46.265,3300,2020-10-22 14:45:00,IIVI
46.31,46.38,46.26,46.3498,5232,2020-10-22 14:50:00,IIVI
46.38,46.57,46.38,46.51,7099,2020-10-22 14:55:00,IIVI
46.53,46.65,46.45,46.6,4300,2020-10-22 15:00:00,IIVI
46.62,46.65,46.53,46.56,9800,2020-10-22 15:05:00,IIVI
46.6,47.07,46.6,47.07,8070,2020-10-22 15:10:00,IIVI
47.03,47.04,46.93,47.04,3600,2020-10-22 15:15:00,IIVI
47.06,47.3481,47.06,47.3,6733,2020-10-22 15:20:00,IIVI
47.3,47.41,47.28,47.345,6566,2020-10-22 15:25:00,IIVI
47.345,47.37,47.17,47.17,3471,2020-10-22 15:30:00,IIVI
47.14,47.14,47.0527,47.0527,1390,2020-10-22 15:35:00,IIVI
47.12,47.28,47.12,47.28,1519,2020-10-22 15:40:00,IIVI
47.245,47.39,47.245,47.38,19308,2020-10-22 15:45:00,IIVI
47.33,47.39,47.25,47.25,1940,2020-10-22 15:50:00,IIVI
47.28,47.32,47.2,47.2505,1056,2020-10-22 15:55:00,IIVI
47.245,47.245,47.09,47.19,1717,2020-10-22 16:00:00,IIVI
47.16,47.25,47.15,47.25,950,2020-10-22 16:05:00,IIVI
47.2321,47.28,47.18,47.225,3618,2020-10-22 16:10:00,IIVI
47.29,47.29,47.225,47.24,12091,2020-10-22 16:15:00,IIVI
47.22,47.22,47.17,47.17,822,2020-10-22 16:20:00,IIVI
47.1501,47.17,47.13,47.17,903,2020-10-22 16:25:00,IIVI
47.19,47.19,47.0274,47.09,2265,2020-10-22 16:30:00,IIVI
47.11,47.15,47.11,47.15,1300,2020-10-22 16:35:00,IIVI
47.11,47.135,47.0908,47.1,1709,2020-10-22 16:40:00,IIVI
47.135,47.2622,47.135,47.2622,511,2020-10-22 16:45:00,IIVI
47.25,47.28,47.22,47.28,905,2020-10-22 16:50:00,IIVI
47.24,47.2926,47.24,47.285,4237,2020-10-22 16:55:00,IIVI
47.27,47.31,47.24,47.3,2640,2020-10-22 17:00:00,IIVI
47.305,47.43,47.305,47.4,4924,2020-10-22 17:05:00,IIVI
47.44,47.5844,47.43,47.5844,8411,2020-10-22 17:10:00,IIVI
47.6,47.6,47.3681,47.45,2997,2020-10-22 17:15:00,IIVI
47.45,47.46,47.4,47.4,700,2020-10-22 17:20:00,IIVI
47.44,47.5,47.44,47.5,626,2020-10-22 17:25:00,IIVI
47.48,47.54,47.48,47.52,2050,2020-10-22 17:30:00,IIVI
47.54,47.635,47.54,47.635,3796,2020-10-22 17:35:00,IIVI
47.641,47.73,47.61,47.6861,7476,2020-10-22 17:40:00,IIVI
47.7,47.72,47.67,47.72,4300,2020-10-22 17:45:00,IIVI
47.72,47.73,47.67,47.73,2532,2020-10-22 17:50:00,IIVI
47.7004,47.74,47.6801,47.72,2555,2020-10-22 17:55:00,IIVI
47.73,47.86,47.7,47.8101,10153,2020-10-22 18:00:00,IIVI
47.83,47.89,47.735,47.75,6679,2020-10-22 18:05:00,IIVI
47.75,47.822,47.75,47.822,600,2020-10-22 18:10:00,IIVI
47.88,47.94,47.87,47.87,2300,2020-10-22 18:15:00,IIVI
47.92,47.92,47.7801,47.8,3347,2020-10-22 18:20:00,IIVI
47.81,47.83,47.71,47.72,2762,2020-10-22 18:25:00,IIVI
47.69,47.69,47.62,47.66,1700,2020-10-22 18:30:00,IIVI
47.67,47.68,47.53,47.53,3525,2020-10-22 18:35:00,IIVI
47.51,47.51,47.35,47.4,3100,2020-10-22 18:40:00,IIVI
47.4242,47.46,47.38,47.46,3000,2020-10-22 18:45:00,IIVI
47.42,47.4598,47.38,47.38,2200,2020-10-22 18:50:00,IIVI
47.38,47.4,47.35,47.375,2300,2020-10-22 18:55:00,IIVI
47.37,47.39,47.31,47.35,2061,2020-10-22 19:00:00,IIVI
47.34,47.34,47.25,47.26,3069,2020-10-22 19:05:00,IIVI
47.2646,47.29,47.24,47.29,3650,2020-10-22 19:10:00,IIVI
47.32,47.32,47.26,47.29,1988,2020-10-22 19:15:00,IIVI
47.305,47.3839,47.3,47.3839,4466,2020-10-22 19:20:00,IIVI
47.37,47.38,47.33,47.372,2699,2020-10-22 19:25:00,IIVI
47.36,47.47,47.36,47.45,4840,2020-10-22 19:30:00,IIVI
47.45,47.7,47.4446,47.555,10072,2020-10-22 19:35:00,IIVI
47.56,47.66,47.5482,47.585,7244,2020-10-22 19:40:00,IIVI
47.57,47.86,47.56,47.82,35103,2020-10-22 19:45:00,IIVI
47.81,47.82,47.67,47.71,23297,2020-10-22 19:50:00,IIVI
47.74,47.79,47.65,47.74,37213,2020-10-22 19:55:00,IIVI
47.74,47.74,47.74,47.74,103753,2020-10-22 20:00:00,IIVI
47.74,47.74,47.74,47.74,35536,2020-10-22 21:25:00,IIVI
48.0,48.0,48.0,48.0,115,2020-10-23 12:00:00,IIVI
48.0,48.0,48.0,48.0,100,2020-10-23 13:10:00,IIVI
47.94,47.97,47.94,47.97,300,2020-10-23 13:25:00,IIVI
47.86,48.0,47.02,47.32,43663,2020-10-23 13:30:00,IIVI
47.27,47.72,47.27,47.54,5606,2020-10-23 13:35:00,IIVI
47.6,47.65,47.31,47.36,5598,2020-10-23 13:40:00,IIVI
47.4,47.4,47.1,47.16,4504,2020-10-23 13:45:00,IIVI
47.16,47.39,47.16,47.39,1100,2020-10-23 13:50:00,IIVI
47.39,47.52,47.24,47.24,4185,2020-10-23 13:55:00,IIVI
47.24,47.3,47.115,47.29,5486,2020-10-23 14:00:00,IIVI
47.225,47.37,47.17,47.37,3250,2020-10-23 14:05:00,IIVI
47.325,47.495,47.3,47.49,4173,2020-10-23 14:10:00,IIVI
47.49,47.49,47.32,47.32,2600,2020-10-23 14:15:00,IIVI
47.26,47.3999,47.22,47.34,6462,2020-10-23 14:20:00,IIVI
47.345,47.7,47.345,47.7,5005,2020-10-23 14:25:00,IIVI
47.68,47.68,47.54,47.606,11009,2020-10-23 14:30:00,IIVI
47.61,47.61,47.43,47.48,4289,2020-10-23 14:35:00,IIVI
47.51,47.51,47.25,47.285,5515,2020-10-23 14:40:00,IIVI
47.31,47.3199,47.17,47.17,5999,2020-10-23 14:45:00,IIVI
47.17,47.4496,47.12,47.4496,3540,2020-10-23 14:50:00,IIVI
47.435,47.55,47.38,47.405,2500,2020-10-23 14:55:00,IIVI
47.42,47.47,47.38,47.42,3646,2020-10-23 15:00:00,IIVI
47.4196,47.57,47.4196,47.5,2638,2020-10-23 15:05:00,IIVI
47.48,47.51,47.41,47.47,7510,2020-10-23 15:10:00,IIVI
47.52,47.52,47.45,47.52,2850,2020-10-23 15:15:00,IIVI
47.52,47.53,47.4,47.4,3819,2020-10-23 15:20:00,IIVI
47.375,47.52,47.37,47.52,3578,2020-10-23 15:25:00,IIVI
47.455,47.66,47.45,47.57,3980,2020-10-23 15:30:00,IIVI
47.61,47.6452,47.55,47.56,4971,2020-10-23 15:35:00,IIVI
47.59,47.6056,47.55,47.57,2183,2020-10-23 15:40:00,IIVI
47.55,47.59,47.47,47.47,8460,2020-10-23 15:45:00,IIVI
47.44,47.44,47.31,47.3438,2708,2020-10-23 15:50:00,IIVI
47.31,47.44,47.31,47.44,3454,2020-10-23 15:55:00,IIVI
47.52,47.53,47.43,47.46,2949,2020-10-23 16:00:00,IIVI
47.46,47.55,47.45,47.5,2450,2020-10-23 16:05:00,IIVI
47.5,47.55,47.455,47.465,2924,2020-10-23 16:10:00,IIVI
47.44,47.4623,47.34,47.4,4113,2020-10-23 16:15:00,IIVI
47.39,47.4,47.25,47.4,3471,2020-10-23 16:20:00,IIVI
47.38,47.49,47.38,47.4845,3521,2020-10-23 16:25:00,IIVI
47.53,47.53,47.43,47.5,3139,2020-10-23 16:30:00,IIVI
47.475,47.5,47.44,47.46,1799,2020-10-23 16:35:00,IIVI
47.49,47.52,47.43,47.445,6067,2020-10-23 16:40:00,IIVI
47.47,47.47,47.42,47.45,900,2020-10-23 16:45:00,IIVI
47.45,47.47,47.42,47.42,4210,2020-10-23 16:50:00,IIVI
47.44,47.44,47.37,47.42,6123,2020-10-23 16:55:00,IIVI
47.39,47.42,47.27,47.355,11889,2020-10-23 17:00:00,IIVI
47.365,47.4,47.35,47.37,3100,2020-10-23 17:05:00,IIVI
47.39,47.41,47.34,47.38,3300,2020-10-23 17:10:00,IIVI
47.385,47.44,47.385,47.42,3873,2020-10-23 17:15:00,IIVI
47.4,47.41,47.37,47.385,6876,2020-10-23 17:20:00,IIVI
47.37,47.38,47.27,47.38,5645,2020-10-23 17:25:00,IIVI
47.38,47.4423,47.37,47.38,5512,2020-10-23 17:30:00,IIVI
47.395,47.405,47.35,47.38,5487,2020-10-23 17:35:00,IIVI
47.39,47.41,47.35,47.385,5261,2020-10-23 17:40:00,IIVI
47.41,47.41,47.2928,47.34,4134,2020-10-23 17:45:00,IIVI
47.4,47.44,47.38,47.405,2800,2020-10-23 17:50:00,IIVI
47.39,47.4,47.35,47.3656,3563,2020-10-23 17:55:00,IIVI
47.3656,47.405,47.33,47.375,5480,2020-10-23 18:00:00,IIVI
47.4,47.45,47.38,47.425,5815,2020-10-23 18:05:00,IIVI
47.42,47.455,47.39,47.455,8367,2020-10-23 18:10:00,IIVI
47.44,47.47,47.43,47.4333,3900,2020-10-23 18:15:00,IIVI
47.43,47.46,47.42,47.4563,4670,2020-10-23 18:20:00,IIVI
47.46,47.51,47.46,47.495,10764,2020-10-23 18:25:00,IIVI
47.48,47.53,47.41,47.41,11214,2020-10-23 18:30:00,IIVI
47.43,47.4696,47.42,47.44,2400,2020-10-23 18:35:00,IIVI
47.45,47.45,47.405,47.405,2900,2020-10-23 18:40:00,IIVI
47.415,47.415,47.38,47.39,2000,2020-10-23 18:45:00,IIVI
47.37,47.4,47.34,47.35,5191,2020-10-23 18:50:00,IIVI
47.36,47.36,47.295,47.295,3580,2020-10-23 18:55:00,IIVI
47.3,47.375,47.3,47.35,2724,2020-10-23 19:00:00,IIVI
47.36,47.37,47.34,47.34,4634,2020-10-23 19:05:00,IIVI
47.37,47.42,47.35,47.38,10425,2020-10-23 19:10:00,IIVI
47.38,47.42,47.35,47.38,9866,2020-10-23 19:15:00,IIVI
47.38,47.4,47.25,47.32,7438,2020-10-23 19:20:00,IIVI
47.3,47.32,47.28,47.3,3700,2020-10-23 19:25:00,IIVI
47.3,47.31,47.2,47.2,7743,2020-10-23 19:30:00,IIVI
47.22,47.24,47.11,47.16,9078,2020-10-23 19:35:00,IIVI
47.145,47.27,47.145,47.27,12022,2020-10-23 19:40:00,IIVI
47.31,47.37,47.2408,47.35,14317,2020-10-23 19:45:00,IIVI
47.32,47.33,47.23,47.28,22853,2020-10-23 19:50:00,IIVI
47.275,47.36,47.15,47.2,105333,2020-10-23 19:55:00,IIVI
47.2,47.2,47.2,47.2,112776,2020-10-23 20:00:00,IIVI
47.2,47.2,47.2,47.2,35600,2020-10-23 20:20:00,IIVI
47.2,47.2,47.2,47.2,2432,2020-10-23 21:05:00,IIVI
47.06,47.06,46.8,46.8,200,2020-10-26 11:00:00,IIVI
46.66,46.8808,46.5121,46.74,12358,2020-10-26 13:30:00,IIVI
46.74,46.84,46.63,46.82,3173,2020-10-26 13:35:00,IIVI
46.8,46.8,46.5912,46.68,6201,2020-10-26 13:40:00,IIVI
46.8,46.95,46.8,46.95,1606,2020-10-26 13:45:00,IIVI
46.89,46.96,46.695,46.715,10340,2020-10-26 13:50:00,IIVI
46.695,46.75,46.62,46.72,3979,2020-10-26 13:55:00,IIVI
46.68,46.73,46.56,46.674,7590,2020-10-26 14:00:00,IIVI
46.72,46.72,46.61,46.66,2457,2020-10-26 14:05:00,IIVI
46.62,46.6214,46.58,46.6214,425,2020-10-26 14:10:00,IIVI
46.56,46.56,46.35,46.54,30213,2020-10-26 14:15:00,IIVI
46.48,46.555,46.4507,46.5,1350,2020-10-26 14:20:00,IIVI
46.5009,46.5009,46.34,46.39,4561,2020-10-26 14:25:00,IIVI
46.39,46.48,46.39,46.405,7735,2020-10-26 14:30:00,IIVI
46.38,46.38,46.23,46.3,8915,2020-10-26 14:35:00,IIVI
46.27,46.37,46.23,46.31,9256,2020-10-26 14:40:00,IIVI
46.31,46.34,46.1,46.1,4417,2020-10-26 14:45:00,IIVI
46.1123,46.15,45.95,45.99,18436,2020-10-26 14:50:00,IIVI
45.945,45.95,45.9,45.94,2450,2020-10-26 14:55:00,IIVI
45.93,45.93,45.79,45.91,10001,2020-10-26 15:00:00,IIVI
45.89,45.9,45.82,45.8575,7296,2020-10-26 15:05:00,IIVI
45.96,46.0,45.89,45.91,2652,2020-10-26 15:10:00,IIVI
45.925,45.925,45.75,45.83,4009,2020-10-26 15:15:00,IIVI
45.83,45.975,45.83,45.945,5083,2020-10-26 15:20:00,IIVI
45.945,46.0319,45.945,45.9741,2915,2020-10-26 15:25:00,IIVI
45.95,46.0,45.89,45.9561,3653,2020-10-26 15:30:00,IIVI
45.95,45.97,45.9,45.965,1995,2020-10-26 15:35:00,IIVI
45.95,45.96,45.89,45.9,2750,2020-10-26 15:40:00,IIVI
45.91,45.98,45.91,45.935,2985,2020-10-26 15:45:00,IIVI
45.91,46.07,45.91,46.06,4739,2020-10-26 15:50:00,IIVI
46.04,46.2,46.04,46.05,14297,2020-10-26 15:55:00,IIVI
46.05,46.07,45.98,46.07,3400,2020-10-26 16:00:00,IIVI
46.06,46.13,46.04,46.04,4681,2020-10-26 16:05:00,IIVI
46.06,46.065,45.995,45.995,2042,2020-10-26 16:10:00,IIVI
46.0,46.06,45.93,46.01,6852,2020-10-26 16:15:00,IIVI
46.0,46.0,45.93,45.99,1830,2020-10-26 16:20:00,IIVI
45.955,46.01,45.95,45.96,3604,2020-10-26 16:25:00,IIVI
45.98,45.98,45.88,45.88,4916,2020-10-26 16:30:00,IIVI
45.86,45.94,45.8561,45.88,59938,2020-10-26 16:35:00,IIVI
45.9,45.92,45.86,45.86,700,2020-10-26 16:40:00,IIVI
45.86,45.86,45.76,45.8,7005,2020-10-26 16:45:00,IIVI
45.79,45.79,45.701,45.725,3898,2020-10-26 16:50:00,IIVI
45.72,45.72,45.62,45.62,5930,2020-10-26 16:55:00,IIVI
45.6525,45.69,45.56,45.69,2050,2020-10-26 17:00:00,IIVI
45.69,45.7,45.5,45.545,19120,2020-10-26 17:05:00,IIVI
45.56,45.66,45.56,45.65,2005,2020-10-26 17:10:00,IIVI
45.7,45.7,45.62,45.635,2240,2020-10-26 17:15:00,IIVI
45.66,45.69,45.62,45.65,1600,2020-10-26 17:20:00,IIVI
45.67,45.67,45.53,45.565,3100,2020-10-26 17:25:00,IIVI
45.555,45.555,45.48,45.48,5169,2020-10-26 17:30:00,IIVI
45.52,45.61,45.52,45.61,3409,2020-10-26 17:35:00,IIVI
45.62,45.6699,45.5969,45.6,4427,2020-10-26 17:40:00,IIVI
45.58,45.59,45.5301,45.5401,5900,2020-10-26 17:45:00,IIVI
45.61,45.8007,45.61,45.8007,4906,2020-10-26 17:50:00,IIVI
45.79,45.905,45.79,45.905,989,2020-10-26 17:55:00,IIVI
45.87,45.9252,45.82,45.87,1700,2020-10-26 18:00:00,IIVI
45.96,46.02,45.95,45.98,2732,2020-10-26 18:05:00,IIVI
46.01,46.01,45.9818,45.9818,803,2020-10-26 18:10:00,IIVI
46.02,46.11,46.0042,46.11,3091,2020-10-26 18:15:00,IIVI
46.09,46.18,46.06,46.173,1700,2020-10-26 18:20:00,IIVI
46.21,46.3,46.21,46.24,3282,2020-10-26 18:25:00,IIVI
46.24,46.25,46.18,46.18,1928,2020-10-26 18:30:00,IIVI
46.18,46.21,46.17,46.21,700,2020-10-26 18:35:00,IIVI
46.21,46.2365,46.16,46.2,1675,2020-10-26 18:40:00,IIVI
46.12,46.145,46.06,46.11,1058,2020-10-26 18:45:00,IIVI
46.1019,46.19,46.1019,46.19,808,2020-10-26 18:50:00,IIVI
46.155,46.155,46.1,46.1,1617,2020-10-26 18:55:00,IIVI
46.1,46.17,46.1,46.12,5433,2020-10-26 19:00:00,IIVI
46.07,46.08,46.0362,46.06,950,2020-10-26 19:05:00,IIVI
46.08,46.1099,45.99,46.02,3285,2020-10-26 19:10:00,IIVI
46.005,46.065,46.0,46.0,3746,2020-10-26 19:15:00,IIVI
46.02,46.11,46.0,46.11,3613,2020-10-26 19:20:00,IIVI
46.1,46.17,46.1,46.17,8075,2020-10-26 19:25:00,IIVI
46.16,46.25,46.125,46.25,12380,2020-10-26 19:30:00,IIVI
46.27,46.37,46.24,46.3412,10207,2020-10-26 19:35:00,IIVI
46.345,46.3599,46.31,46.34,9282,2020-10-26 19:40:00,IIVI
46.31,46.32,46.22,46.23,6477,2020-10-26 19:45:00,IIVI
46.23,46.28,46.19,46.27,7811,2020-10-26 19:50:00,IIVI
46.29,46.51,46.29,46.4,36480,2020-10-26 19:55:00,IIVI
46.45,46.45,46.45,46.45,37219,2020-10-26 20:00:00,IIVI
46.45,46.45,46.45,46.45,31277,2020-10-26 20:25:00,IIVI
46.45,46.45,46.45,46.45,6664,2020-10-26 20:50:00,IIVI
46.99,46.99,46.99,46.99,100,2020-10-26 21:35:00,IIVI
46.45,46.45,46.45,46.45,460,2020-10-27 13:05:00,IIVI
46.63,46.95,46.27,46.5,13983,2020-10-27 13:30:00,IIVI
46.5,46.73,46.5,46.635,10998,2020-10-27 13:35:00,IIVI
46.635,46.675,46.5,46.59,8983,2020-10-27 13:40:00,IIVI
46.68,46.73,46.355,46.47,4694,2020-10-27 13:45:00,IIVI
46.49,46.555,46.465,46.5,4909,2020-10-27 13:50:00,IIVI
46.5,46.6,46.33,46.53,18285,2020-10-27 13:55:00,IIVI
46.505,46.5699,46.41,46.44,4101,2020-10-27 14:00:00,IIVI
46.4,46.535,46.3,46.44,19412,2020-10-27 14:05:00,IIVI
46.505,46.63,46.42,46.49,18204,2020-10-27 14:10:00,IIVI
46.49,46.658,46.485,46.57,8520,2020-10-27 14:15:00,IIVI
46.53,46.59,46.49,46.52,3810,2020-10-27 14:20:00,IIVI
46.515,46.79,46.5,46.59,15646,2020-10-27 14:25:00,IIVI
46.6,46.73,46.59,46.705,6000,2020-10-27 14:30:00,IIVI
46.71,46.77,46.675,46.68,9283,2020-10-27 14:35:00,IIVI
46.68,46.75,46.66,46.7,4989,2020-10-27 14:40:00,IIVI
46.725,46.88,46.64,46.82,6489,2020-10-27 14:45:00,IIVI
46.8325,46.91,46.8,46.815,8238,2020-10-27 14:50:00,IIVI
46.84,46.85,46.65,46.65,8014,2020-10-27 14:55:00,IIVI
46.63,46.7,46.6,46.7,4050,2020-10-27 15:00:00,IIVI
46.72,46.825,46.68,46.825,4290,2020-10-27 15:05:00,IIVI
46.855,46.935,46.8,46.86,2699,2020-10-27 15:10:00,IIVI
46.85,46.94,46.85,46.89,5494,2020-10-27 15:15:00,IIVI
46.88,46.88,46.8,46.8,4980,2020-10-27 15:20:00,IIVI
46.8099,46.82,46.63,46.63,6303,2020-10-27 15:25:00,IIVI
46.62,46.645,46.58,46.6,4449,2020-10-27 15:30:00,IIVI
46.62,46.64,46.59,46.6,4319,2020-10-27 15:35:00,IIVI
46.6,46.61,46.55,46.57,2860,2020-10-27 15:40:00,IIVI
46.55,46.635,46.54,46.57,4600,2020-10-27 15:45:00,IIVI
46.58,46.63,46.53,46.615,5694,2020-10-27 15:50:00,IIVI
46.6,46.64,46.57,46.57,3900,2020-10-27 15:55:00,IIVI
46.55,46.585,46.54,46.55,2900,2020-10-27 16:00:00,IIVI
46.565,46.6,46.54,46.565,2786,2020-10-27 16:05:00,IIVI
46.58,46.77,46.58,46.7,5012,2020-10-27 16:10:00,IIVI
46.685,46.75,46.685,46.75,810,2020-10-27 16:15:00,IIVI
46.74,46.83,46.7,46.72,4911,2020-10-27 16:20:00,IIVI
46.73,46.755,46.67,46.7,3686,2020-10-27 16:25:00,IIVI
46.74,46.76,46.65,46.66,3500,2020-10-27 16:30:00,IIVI
46.64,46.735,46.615,46.68,2080,2020-10-27 16:35:00,IIVI
46.75,46.75,46.68,46.725,2377,2020-10-27 16:40:00,IIVI
46.7,46.7389,46.685,46.7,3401,2020-10-27 16:45:00,IIVI
46.73,46.73,46.685,46.6999,1100,2020-10-27 16:50:00,IIVI
46.68,46.69,46.65,46.69,1562,2020-10-27 16:55:00,IIVI
46.66,46.71,46.66,46.71,601,2020-10-27 17:00:00,IIVI
46.705,46.725,46.66,46.66,4516,2020-10-27 17:05:00,IIVI
46.65,46.685,46.59,46.685,2129,2020-10-27 17:10:00,IIVI
46.65,46.65,46.62,46.62,811,2020-10-27 17:15:00,IIVI
46.625,46.6418,46.574,46.6418,3413,2020-10-27 17:20:00,IIVI
46.6125,46.625,46.55,46.61,2700,2020-10-27 17:25:00,IIVI
46.58,46.62,46.55,46.6,1508,2020-10-27 17:30:00,IIVI
46.615,46.635,46.58,46.635,3239,2020-10-27 17:35:00,IIVI
46.6,46.63,46.6,46.63,3165,2020-10-27 17:40:00,IIVI
46.615,46.69,46.6,46.66,3727,2020-10-27 17:45:00,IIVI
46.66,46.69,46.6199,46.66,5000,2020-10-27 17:50:00,IIVI
46.65,46.7,46.65,46.66,1700,2020-10-27 17:55:00,IIVI
46.685,46.71,46.685,46.7,1050,2020-10-27 18:00:00,IIVI
46.71,46.715,46.62,46.63,5881,2020-10-27 18:05:00,IIVI
46.64,46.64,46.59,46.625,2115,2020-10-27 18:10:00,IIVI
46.6,46.62,46.52,46.52,2998,2020-10-27 18:15:00,IIVI
46.535,46.535,46.49,46.5131,2303,2020-10-27 18:20:00,IIVI
46.49,46.515,46.49,46.5,6275,2020-10-27 18:25:00,IIVI
46.49,46.5,46.44,46.5,8550,2020-10-27 18:30:00,IIVI
46.51,46.56,46.5,46.5,23513,2020-10-27 18:35:00,IIVI
46.5,46.54,46.46,46.49,8650,2020-10-27 18:40:00,IIVI
46.5,46.68,46.48,46.655,4424,2020-10-27 18:45:00,IIVI
46.655,46.655,46.59,46.635,7650,2020-10-27 18:50:00,IIVI
46.62,46.63,46.57,46.57,4400,2020-10-27 18:55:00,IIVI
46.58,46.63,46.58,46.61,3450,2020-10-27 19:00:00,IIVI
46.57,46.6823,46.57,46.64,12855,2020-10-27 19:05:00,IIVI
46.65,46.71,46.65,46.66,11032,2020-10-27 19:10:00,IIVI
46.65,46.81,46.65,46.81,30137,2020-10-27 19:15:00,IIVI
46.82,46.99,46.82,46.92,16609,2020-10-27 19:20:00,IIVI
46.93,47.03,46.93,47.0,16600,2020-10-27 19:25:00,IIVI
47.03,47.19,47.02,47.12,24237,2020-10-27 19:30:00,IIVI
47.12,47.17,47.12,47.16,27942,2020-10-27 19:35:00,IIVI
47.155,47.17,46.97,46.976,23321,2020-10-27 19:40:00,IIVI
46.95,46.98,46.77,46.79,12209,2020-10-27 19:45:00,IIVI
46.79,46.85,46.65,46.82,29045,2020-10-27 19:50:00,IIVI
46.77,46.8,46.69,46.74,55531,2020-10-27 19:55:00,IIVI
46.73,46.73,46.73,46.73,87580,2020-10-27 20:00:00,IIVI
46.73,46.73,46.73,46.73,4421,2020-10-27 20:15:00,IIVI
46.73,46.73,46.73,46.73,8595,2020-10-27 21:25:00,IIVI
45.52,45.52,45.51,45.51,300,2020-10-28 12:15:00,IIVI
45.62,45.62,45.62,45.62,100,2020-10-28 12:55:00,IIVI
45.75,45.75,45.5,45.5,975,2020-10-28 13:00:00,IIVI
45.5,45.5,45.5,45.5,532,2020-10-28 13:05:00,IIVI
45.94,46.13,45.5,45.9219,16997,2020-10-28 13:30:00,IIVI
46.015,46.3,45.97,46.11,7500,2020-10-28 13:35:00,IIVI
46.07,46.2,46.03,46.07,4390,2020-10-28 13:40:00,IIVI
46.054,46.13,45.89,45.91,15485,2020-10-28 13:45:00,IIVI
45.87,45.97,45.82,45.91,9250,2020-10-28 13:50:00,IIVI
45.91,46.08,45.86,46.08,12713,2020-10-28 13:55:00,IIVI
46.015,46.06,45.85,45.98,17457,2020-10-28 14:00:00,IIVI
45.98,46.01,45.86,45.945,23128,2020-10-28 14:05:00,IIVI
45.91,45.96,45.72,45.72,16417,2020-10-28 14:10:00,IIVI
45.65,45.73,45.31,45.35,21598,2020-10-28 14:15:00,IIVI
45.37,45.4,45.2866,45.3,13760,2020-10-28 14:20:00,IIVI
45.3,45.38,45.17,45.24,12230,2020-10-28 14:25:00,IIVI
45.24,45.35,45.17,45.31,12890,2020-10-28 14:30:00,IIVI
45.3,45.48,45.285,45.34,20397,2020-10-28 14:35:00,IIVI
45.3,45.56,45.29,45.44,14445,2020-10-28 14:40:00,IIVI
45.4268,45.4268,45.33,45.33,10117,2020-10-28 14:45:00,IIVI
45.32,45.5,45.29,45.46,7001,2020-10-28 14:50:00,IIVI
45.475,45.62,45.42,45.5456,2049,2020-10-28 14:55:00,IIVI
45.56,45.56,45.39,45.39,7571,2020-10-28 15:00:00,IIVI
45.44,45.58,45.4101,45.57,4482,2020-10-28 15:05:00,IIVI
45.58,45.58,45.47,45.51,13829,2020-10-28 15:10:00,IIVI
45.51,45.51,45.44,45.46,3632,2020-10-28 15:15:00,IIVI
45.5,45.52,45.4,45.47,4553,2020-10-28 15:20:00,IIVI
45.42,45.455,45.37,45.37,2100,2020-10-28 15:25:00,IIVI
45.35,45.35,45.26,45.3,3999,2020-10-28 15:30:00,IIVI
45.33,45.33,45.18,45.19,19677,2020-10-28 15:35:00,IIVI
45.21,45.44,45.19,45.3628,5779,2020-10-28 15:40:00,IIVI
45.35,45.36,45.3,45.31,1600,2020-10-28 15:45:00,IIVI
45.275,45.33,45.22,45.235,4957,2020-10-28 15:50:00,IIVI
45.22,45.24,45.17,45.17,3573,2020-10-28 15:55:00,IIVI
45.18,45.235,45.16,45.235,2923,2020-10-28 16:00:00,IIVI
45.21,45.3356,45.18,45.31,3601,2020-10-28 16:05:00,IIVI
45.29,45.31,45.1422,45.1422,3689,2020-10-28 16:10:00,IIVI
45.11,45.12,45.0301,45.07,3800,2020-10-28 16:15:00,IIVI
45.0319,45.0319,44.9,44.9,12413,2020-10-28 16:20:00,IIVI
44.93,44.975,44.76,44.765,5602,2020-10-28 16:25:00,IIVI
44.75,45.06,44.71,45.06,252207,2020-10-28 16:30:00,IIVI
45.08,45.095,44.98,45.08,10910,2020-10-28 16:35:00,IIVI
45.06,45.19,45.02,45.19,3430,2020-10-28 16:40:00,IIVI
45.2474,45.34,45.22,45.34,4460,2020-10-28 16:45:00,IIVI
45.29,45.5,45.29,45.5,2265,2020-10-28 16:50:00,IIVI
45.47,45.66,45.43,45.61,8953,2020-10-28 16:55:00,IIVI
45.6,45.61,45.42,45.46,5140,2020-10-28 17:00:00,IIVI
45.5,45.525,45.445,45.445,1821,2020-10-28 17:05:00,IIVI
45.42,45.43,45.35,45.43,6126,2020-10-28 17:10:00,IIVI
45.42,45.42,45.28,45.39,2825,2020-10-28 17:15:00,IIVI
45.36,45.36,45.2801,45.36,1526,2020-10-28 17:20:00,IIVI
45.4,45.4,45.37,45.4,900,2020-10-28 17:25:00,IIVI
45.43,45.465,45.4,45.4594,2536,2020-10-28 17:30:00,IIVI
45.51,45.59,45.48,45.52,3956,2020-10-28 17:35:00,IIVI
45.5,45.55,45.4456,45.46,4231,2020-10-28 17:40:00,IIVI
45.505,45.54,45.4573,45.54,2217,2020-10-28 17:45:00,IIVI
45.49,45.52,45.42,45.46,1675,2020-10-28 17:50:00,IIVI
45.48,45.48,45.395,45.43,2861,2020-10-28 17:55:00,IIVI
45.31,45.38,45.31,45.36,1600,2020-10-28 18:00:00,IIVI
45.35,45.39,45.35,45.355,2400,2020-10-28 18:05:00,IIVI
45.3368,45.39,45.24,45.26,3995,2020-10-28 18:10:00,IIVI
45.22,45.34,45.215,45.26,3524,2020-10-28 18:15:00,IIVI
45.245,45.38,45.245,45.36,4200,2020-10-28 18:20:00,IIVI
45.36,45.36,45.31,45.34,2293,2020-10-28 18:25:00,IIVI
45.315,45.39,45.21,45.28,6553,2020-10-28 18:30:00,IIVI
45.29,45.31,45.22,45.24,4931,2020-10-28 18:35:00,IIVI
45.24,45.3799,45.23,45.35,5900,2020-10-28 18:40:00,IIVI
45.3,45.38,45.28,45.3303,6442,2020-10-28 18:45:00,IIVI
45.36,45.37,45.19,45.19,8553,2020-10-28 18:50:00,IIVI
45.2,45.45,45.18,45.4,7171,2020-10-28 18:55:00,IIVI
45.4,45.43,45.3,45.31,6336,2020-10-28 19:00:00,IIVI
45.29,45.33,45.21,45.31,5674,2020-10-28 19:05:00,IIVI
45.31,45.3699,45.255,45.34,5569,2020-10-28 19:10:00,IIVI
45.33,45.375,45.28,45.375,7379,2020-10-28 19:15:00,IIVI
45.38,45.47,45.28,45.4,14195,2020-10-28 19:20:00,IIVI
45.4,45.425,45.36,45.36,15210,2020-10-28 19:25:00,IIVI
45.37,45.5199,45.37,45.51,8037,2020-10-28 19:30:00,IIVI
45.5,45.5399,45.23,45.28,15746,2020-10-28 19:35:00,IIVI
45.26,45.42,45.26,45.35,13306,2020-10-28 19:40:00,IIVI
45.36,45.3799,45.21,45.33,29168,2020-10-28 19:45:00,IIVI
45.32,45.35,45.2,45.24,16066,2020-10-28 19:50:00,IIVI
45.235,45.29,45.1,45.15,56171,2020-10-28 19:55:00,IIVI
45.15,45.15,45.15,45.15,71053,2020-10-28 20:00:00,IIVI
45.15,45.15,45.15,45.15,9902,2020-10-28 20:45:00,IIVI
45.8,45.8,45.8,45.8,165,2020-10-29 11:00:00,IIVI
46.0,46.0,46.0,46.0,1940,2020-10-29 11:40:00,IIVI
46.0,46.0,46.0,46.0,108,2020-10-29 11:45:00,IIVI
46.0,46.0,46.0,46.0,100,2020-10-29 11:50:00,IIVI
45.8,45.8,45.8,45.8,335,2020-10-29 12:05:00,IIVI
45.761,45.761,45.761,45.761,200,2020-10-29 13:00:00,IIVI
45.75,45.75,45.75,45.75,565,2020-10-29 13:05:00,IIVI
45.9,45.9,45.9,45.9,150,2020-10-29 13:20:00,IIVI
45.75,45.75,45.75,45.75,671,2020-10-29 13:25:00,IIVI
45.3,45.43,44.57,45.16,43466,2020-10-29 13:30:00,IIVI
45.17,45.21,44.695,44.9,32997,2020-10-29 13:35:00,IIVI
44.87,45.09,44.71,44.91,15919,2020-10-29 13:40:00,IIVI
44.96,45.17,44.81,44.88,19396,2020-10-29 13:45:00,IIVI
44.915,45.0,44.81,44.99,15118,2020-10-29 13:50:00,IIVI
45.15,45.21,44.935,44.935,15394,2020-10-29 13:55:00,IIVI
44.99,45.21,44.91,45.18,32101,2020-10-29 14:00:00,IIVI
45.185,45.38,45.13,45.305,45137,2020-10-29 14:05:00,IIVI
45.305,45.42,45.285,45.31,13570,2020-10-29 14:10:00,IIVI
45.31,45.38,45.3,45.31,7885,2020-10-29 14:15:00,IIVI
45.3,45.3,45.09,45.09,9232,2020-10-29 14:20:00,IIVI
45.07,45.15,44.97,45.115,5329,2020-10-29 14:25:00,IIVI
45.09,45.105,44.81,44.91,15461,2020-10-29 14:30:00,IIVI
44.88,45.1012,44.8,45.1012,6597,2020-10-29 14:35:00,IIVI
45.13,45.14,45.0,45.0,4001,2020-10-29 14:40:00,IIVI
45.0,45.0,44.83,44.93,5325,2020-10-29 14:45:00,IIVI
44.95,45.02,44.85,44.96,5735,2020-10-29 14:50:00,IIVI
44.96,45.03,44.89,44.98,8601,2020-10-29 14:55:00,IIVI
44.98,44.98,44.87,44.92,3700,2020-10-29 15:00:00,IIVI
44.95,45.07,44.87,45.01,15120,2020-10-29 15:05:00,IIVI
44.99,45.115,44.94,45.1,11779,2020-10-29 15:10:00,IIVI
45.07,45.09,44.96,45.02,8091,2020-10-29 15:15:00,IIVI
44.99,45.25,44.99,45.12,16174,2020-10-29 15:20:00,IIVI
45.09,45.18,45.09,45.09,14402,2020-10-29 15:25:00,IIVI
45.12,45.12,44.97,44.98,10001,2020-10-29 15:30:00,IIVI
44.995,45.03,44.95,45.01,6844,2020-10-29 15:35:00,IIVI
44.99,45.03,44.91,44.96,6000,2020-10-29 15:40:00,IIVI
44.93,44.98,44.93,44.95,3100,2020-10-29 15:45:00,IIVI
44.91,45.01,44.9,44.98,6361,2020-10-29 15:50:00,IIVI
45.0032,45.13,44.98,45.1,6619,2020-10-29 15:55:00,IIVI
45.1,45.14,45.05,45.12,4005,2020-10-29 16:00:00,IIVI
45.1,45.2799,45.1,45.19,9656,2020-10-29 16:05:00,IIVI
45.2,45.27,45.17,45.24,6605,2020-10-29 16:10:00,IIVI
45.265,45.265,45.16,45.215,5479,2020-10-29 16:15:00,IIVI
45.19,45.2399,45.17,45.18,2875,2020-10-29 16:20:00,IIVI
45.21,45.33,45.21,45.27,12307,2020-10-29 16:25:00,IIVI
45.275,45.275,45.19,45.25,4900,2020-10-29 16:30:00,IIVI
45.245,45.29,45.23,45.24,4600,2020-10-29 16:35:00,IIVI
45.24,45.24,45.15,45.18,3910,2020-10-29 16:40:00,IIVI
45.205,45.23,45.2,45.22,3300,2020-10-29 16:45:00,IIVI
45.22,45.22,45.09,45.15,3900,2020-10-29 16:50:00,IIVI
45.12,45.18,45.09,45.15,4400,2020-10-29 16:55:00,IIVI
45.15,45.23,45.15,45.2,2200,2020-10-29 17:00:00,IIVI
45.2,45.22,45.135,45.1525,5500,2020-10-29 17:05:00,IIVI
45.135,45.25,45.135,45.25,4122,2020-10-29 17:10:00,IIVI
45.23,45.24,45.155,45.21,4375,2020-10-29 17:15:00,IIVI
45.22,45.27,45.18,45.27,4200,2020-10-29 17:20:00,IIVI
45.26,45.28,45.22,45.255,8047,2020-10-29 17:25:00,IIVI
45.28,45.46,45.28,45.44,3108,2020-10-29 17:30:00,IIVI
45.42,45.55,45.42,45.52,3905,2020-10-29 17:35:00,IIVI
45.525,45.6,45.52,45.58,4503,2020-10-29 17:40:00,IIVI
45.54,45.59,45.525,45.59,2250,2020-10-29 17:45:00,IIVI
45.6,45.75,45.6,45.75,3153,2020-10-29 17:50:00,IIVI
45.74,45.9,45.71,45.9,5987,2020-10-29 17:55:00,IIVI
45.9064,45.98,45.89,45.89,8827,2020-10-29 18:00:00,IIVI
45.905,45.93,45.785,45.83,4954,2020-10-29 18:05:00,IIVI
45.8,45.965,45.8,45.93,3527,2020-10-29 18:10:00,IIVI
45.93,45.98,45.91,45.955,2931,2020-10-29 18:15:00,IIVI
45.95,46.0,45.92,45.99,3624,2020-10-29 18:20:00,IIVI
46.03,46.07,45.94,45.99,7535,2020-10-29 18:25:00,IIVI
45.99,46.05,45.91,46.045,6200,2020-10-29 18:30:00,IIVI
46.02,46.06,45.88,45.905,5097,2020-10-29 18:35:00,IIVI
45.91,45.93,45.855,45.855,7737,2020-10-29 18:40:00,IIVI
45.85,45.85,45.8,45.8,5884,2020-10-29 18:45:00,IIVI
45.8,45.8316,45.77,45.81,16904,2020-10-29 18:50:00,IIVI
45.8,45.82,45.56,45.63,19430,2020-10-29 18:55:00,IIVI
45.62,45.9,45.62,45.8,21750,2020-10-29 19:00:00,IIVI
45.8,45.815,45.63,45.635,15150,2020-10-29 19:05:00,IIVI
45.65,45.71,45.6,45.6,15610,2020-10-29 19:10:00,IIVI
45.6,45.64,45.465,45.64,15840,2020-10-29 19:15:00,IIVI
45.645,45.65,45.585,45.625,16205,2020-10-29 19:20:00,IIVI
45.63,45.66,45.56,45.615,15540,2020-10-29 19:25:00,IIVI
45.62,45.63,45.54,45.565,7991,2020-10-29 19:30:00,IIVI
45.57,45.62,45.56,45.62,12770,2020-10-29 19:35:00,IIVI
45.62,45.63,45.56,45.6,17806,2020-10-29 19:40:00,IIVI
45.6112,45.68,45.59,45.665,22626,2020-10-29 19:45:00,IIVI
45.65,45.77,45.59,45.725,44936,2020-10-29 19:50:00,IIVI
45.73,45.73,45.58,45.59,48165,2020-10-29 19:55:00,IIVI
45.59,45.59,45.59,45.59,101242,2020-10-29 20:00:00,IIVI
45.59,45.59,45.59,45.59,2290,2020-10-29 20:05:00,IIVI
45.59,45.59,45.59,45.59,593,2020-10-29 21:20:00,IIVI
45.0,45.09,45.0,45.06,1300,2020-10-30 13:25:00,IIVI
45.41,45.605,45.13,45.295,27622,2020-10-30 13:30:00,IIVI
45.32,45.35,45.16,45.19,1700,2020-10-30 13:35:00,IIVI
45.16,45.16,44.9,45.0799,2054,2020-10-30 13:40:00,IIVI
45.08,45.13,45.03,45.05,1800,2020-10-30 13:45:00,IIVI
45.05,45.55,45.05,45.55,4116,2020-10-30 13:50:00,IIVI
45.52,45.66,45.46,45.48,3470,2020-10-30 13:55:00,IIVI
45.37,45.37,45.2,45.33,2217,2020-10-30 14:00:00,IIVI
45.29,45.42,45.27,45.37,1900,2020-10-30 14:05:00,IIVI
45.37,45.38,45.29,45.33,800,2020-10-30 14:10:00,IIVI
45.255,45.31,45.17,45.22,1900,2020-10-30 14:15:00,IIVI
45.23,45.31,45.16,45.1676,3786,2020-10-30 14:20:00,IIVI
45.11,45.115,44.99,45.01,8912,2020-10-30 14:25:00,IIVI
45.05,45.11,44.96,44.96,3780,2020-10-30 14:30:00,IIVI
44.93,45.2,44.93,45.145,4364,2020-10-30 14:35:00,IIVI
45.11,45.12,44.96,45.0,8381,2020-10-30 14:40:00,IIVI
45.04,45.05,44.705,44.76,7700,2020-10-30 14:45:00,IIVI
44.705,44.77,44.61,44.715,7931,2020-10-30 14:50:00,IIVI
44.75,44.75,44.54,44.57,3686,2020-10-30 14:55:00,IIVI
44.57,44.88,44.57,44.69,5886,2020-10-30 15:00:00,IIVI
44.815,44.815,44.5501,44.61,13256,2020-10-30 15:05:00,IIVI
44.585,44.68,44.57,44.61,6740,2020-10-30 15:10:00,IIVI
44.605,44.605,44.2601,44.2601,8027,2020-10-30 15:15:00,IIVI
44.305,44.35,44.2,44.2284,9224,2020-10-30 15:20:00,IIVI
44.23,44.23,44.08,44.1,6024,2020-10-30 15:25:00,IIVI
44.115,44.16,44.03,44.07,6979,2020-10-30 15:30:00,IIVI
44.08,44.1638,44.0007,44.12,13115,2020-10-30 15:35:00,IIVI
44.11,44.13,44.01,44.115,5812,2020-10-30 15:40:00,IIVI
44.09,44.16,44.05,44.05,4400,2020-10-30 15:45:00,IIVI
44.06,44.07,43.94,44.07,11516,2020-10-30 15:50:00,IIVI
44.0999,44.1,44.01,44.1,3850,2020-10-30 15:55:00,IIVI
44.09,44.23,44.067,44.18,5982,2020-10-30 16:00:00,IIVI
44.18,44.2,44.13,44.13,1650,2020-10-30 16:05:00,IIVI
44.14,44.28,44.14,44.28,1915,2020-10-30 16:10:00,IIVI
44.32,44.5,44.32,44.49,1700,2020-10-30 16:15:00,IIVI
44.4455,44.49,44.39,44.49,2226,2020-10-30 16:20:00,IIVI
44.45,44.73,44.45,44.72,3169,2020-10-30 16:25:00,IIVI
44.675,44.79,44.62,44.79,5701,2020-10-30 16:30:00,IIVI
44.755,44.82,44.6396,44.82,3682,2020-10-30 16:35:00,IIVI
44.835,44.96,44.77,44.88,2176,2020-10-30 16:40:00,IIVI
44.78,44.8,44.71,44.76,2249,2020-10-30 16:45:00,IIVI
44.73,44.77,44.64,44.77,3478,2020-10-30 16:50:00,IIVI
44.68,44.75,44.67,44.75,1903,2020-10-30 16:55:00,IIVI
44.75,44.765,44.65,44.65,3880,2020-10-30 17:00:00,IIVI
44.62,44.735,44.58,44.695,5580,2020-10-30 17:05:00,IIVI
44.7105,44.89,44.7105,44.78,6303,2020-10-30 17:10:00,IIVI
44.71,44.82,44.708,44.77,2499,2020-10-30 17:15:00,IIVI
44.74,44.81,44.74,44.81,1100,2020-10-30 17:20:00,IIVI
44.78,44.86,44.6601,44.825,2724,2020-10-30 17:25:00,IIVI
44.78,44.85,44.74,44.77,3615,2020-10-30 17:30:00,IIVI
44.7089,44.74,44.67,44.74,4158,2020-10-30 17:35:00,IIVI
44.74,44.83,44.705,44.79,2872,2020-10-30 17:40:00,IIVI
44.75,44.8,44.69,44.79,2516,2020-10-30 17:45:00,IIVI
44.76,44.82,44.745,44.815,2871,2020-10-30 17:50:00,IIVI
44.815,44.89,44.77,44.89,2957,2020-10-30 17:55:00,IIVI
44.82,44.94,44.77,44.94,4601,2020-10-30 18:00:00,IIVI
44.925,45.09,44.88,45.09,3368,2020-10-30 18:05:00,IIVI
45.09,45.1,44.94,44.95,6440,2020-10-30 18:10:00,IIVI
44.98,45.09,44.96,45.0,7800,2020-10-30 18:15:00,IIVI
44.98,45.03,44.82,44.82,10211,2020-10-30 18:20:00,IIVI
44.805,44.84,44.78,44.84,1152,2020-10-30 18:25:00,IIVI
44.79,44.82,44.65,44.675,6461,2020-10-30 18:30:00,IIVI
44.675,44.72,44.58,44.63,9150,2020-10-30 18:35:00,IIVI
44.5983,44.63,44.57,44.59,2408,2020-10-30 18:40:00,IIVI
44.61,44.61,44.5,44.59,7389,2020-10-30 18:45:00,IIVI
44.61,44.61,44.47,44.59,4553,2020-10-30 18:50:00,IIVI
44.62,44.63,44.52,44.52,3000,2020-10-30 18:55:00,IIVI
44.56,44.56,44.48,44.56,3702,2020-10-30 19:00:00,IIVI
44.53,44.53,44.44,44.46,6159,2020-10-30 19:05:00,IIVI
44.46,44.605,44.44,44.57,4782,2020-10-30 19:10:00,IIVI
44.56,44.58,44.475,44.5,3968,2020-10-30 19:15:00,IIVI
44.58,44.615,44.53,44.575,8998,2020-10-30 19:20:00,IIVI
44.6099,44.6099,44.505,44.535,3878,2020-10-30 19:25:00,IIVI
44.5,44.63,44.47,44.59,10442,2020-10-30 19:30:00,IIVI
44.58,44.75,44.58,44.75,8800,2020-10-30 19:35:00,IIVI
44.78,45.0,44.7388,44.97,11722,2020-10-30 19:40:00,IIVI
44.99,45.0,44.9,45.0,19902,2020-10-30 19:45:00,IIVI
44.99,45.23,44.98,45.13,32170,2020-10-30 19:50:00,IIVI
45.12,45.53,45.1,45.52,86322,2020-10-30 19:55:00,IIVI
45.47,45.47,45.47,45.47,143784,2020-10-30 20:00:00,IIVI
45.0,45.0,45.0,45.0,3500,2020-10-30 22:50:00,IIVI
45.0,45.0,45.0,45.0,100,2020-10-30 23:30:00,IIVI
