open,high,low,close,volume,datetime,symbol
11.85,11.85,11.85,11.85,250,2020-10-01 13:10:00,MAT
11.8,11.8,11.8,11.8,118,2020-10-01 13:25:00,MAT
11.73,11.84,11.69,11.82,54052,2020-10-01 13:30:00,MAT
11.81,11.83,11.72,11.75,38928,2020-10-01 13:35:00,MAT
11.76,11.83,11.75,11.79,21916,2020-10-01 13:40:00,MAT
11.79,11.81,11.73,11.78,43539,2020-10-01 13:45:00,MAT
11.78,11.78,11.75,11.76,42865,2020-10-01 13:50:00,MAT
11.76,11.77,11.71,11.72,16812,2020-10-01 13:55:00,MAT
11.72,11.76,11.7,11.735,51030,2020-10-01 14:00:00,MAT
11.735,11.755,11.71,11.75,8473,2020-10-01 14:05:00,MAT
11.75,11.77,11.73,11.76,41287,2020-10-01 14:10:00,MAT
11.77,11.81,11.77,11.79,7788,2020-10-01 14:15:00,MAT
11.785,11.83,11.77,11.825,10877,2020-10-01 14:20:00,MAT
11.82,11.82,11.77,11.8,18123,2020-10-01 14:25:00,MAT
11.8,11.835,11.795,11.83,13561,2020-10-01 14:30:00,MAT
11.83,11.855,11.83,11.85,10613,2020-10-01 14:35:00,MAT
11.855,11.8914,11.845,11.89,10016,2020-10-01 14:40:00,MAT
11.895,11.91,11.89,11.91,14375,2020-10-01 14:45:00,MAT
11.905,11.92,11.895,11.915,9698,2020-10-01 14:50:00,MAT
11.915,11.915,11.871,11.9,15993,2020-10-01 14:55:00,MAT
11.9,11.93,11.88,11.93,10887,2020-10-01 15:00:00,MAT
11.93,11.935,11.91,11.91,5814,2020-10-01 15:05:00,MAT
11.9099,11.91,11.875,11.895,18246,2020-10-01 15:10:00,MAT
11.9,11.915,11.885,11.895,10476,2020-10-01 15:15:00,MAT
11.89,11.91,11.88,11.905,7613,2020-10-01 15:20:00,MAT
11.9,11.9,11.87,11.87,5644,2020-10-01 15:25:00,MAT
11.87,11.89,11.87,11.89,8679,2020-10-01 15:30:00,MAT
11.89,11.895,11.885,11.89,6408,2020-10-01 15:35:00,MAT
11.89,11.9,11.875,11.9,8506,2020-10-01 15:40:00,MAT
11.9,11.9075,11.89,11.9,17767,2020-10-01 15:45:00,MAT
11.895,11.905,11.89,11.905,10466,2020-10-01 15:50:00,MAT
11.9,11.915,11.9,11.905,3901,2020-10-01 15:55:00,MAT
11.905,11.91,11.885,11.9,21053,2020-10-01 16:00:00,MAT
11.9,11.915,11.895,11.91,5900,2020-10-01 16:05:00,MAT
11.91,11.96,11.91,11.95,61542,2020-10-01 16:10:00,MAT
11.945,11.96,11.93,11.96,28674,2020-10-01 16:15:00,MAT
11.96,11.975,11.96,11.97,6538,2020-10-01 16:20:00,MAT
11.96,11.975,11.96,11.97,7540,2020-10-01 16:25:00,MAT
11.9744,11.9744,11.91,11.91,103300,2020-10-01 16:30:00,MAT
11.915,11.92,11.905,11.91,9921,2020-10-01 16:35:00,MAT
11.91,11.9254,11.91,11.92,3052,2020-10-01 16:40:00,MAT
11.92,11.92,11.89,11.89,12353,2020-10-01 16:45:00,MAT
11.885,11.905,11.885,11.89,8427,2020-10-01 16:50:00,MAT
11.9,11.905,11.89,11.9,2485,2020-10-01 16:55:00,MAT
11.9,11.905,11.88,11.89,7619,2020-10-01 17:00:00,MAT
11.89,11.905,11.885,11.895,13038,2020-10-01 17:05:00,MAT
11.9,11.915,11.8999,11.8999,27075,2020-10-01 17:10:00,MAT
11.9,11.9,11.885,11.89,6104,2020-10-01 17:15:00,MAT
11.895,11.905,11.895,11.9017,6741,2020-10-01 17:20:00,MAT
11.9,11.905,11.89,11.9,13421,2020-10-01 17:25:00,MAT
11.895,11.9,11.895,11.9,4200,2020-10-01 17:30:00,MAT
11.9,11.91,11.9,11.9,16656,2020-10-01 17:35:00,MAT
11.8975,11.9,11.89,11.895,2236,2020-10-01 17:40:00,MAT
11.9,11.9,11.885,11.885,7306,2020-10-01 17:45:00,MAT
11.89,11.895,11.88,11.895,8184,2020-10-01 17:50:00,MAT
11.89,11.905,11.87,11.87,36630,2020-10-01 17:55:00,MAT
11.88,11.885,11.825,11.855,14761,2020-10-01 18:00:00,MAT
11.85,11.855,11.825,11.83,12302,2020-10-01 18:05:00,MAT
11.83,11.865,11.82,11.865,16546,2020-10-01 18:10:00,MAT
11.865,11.865,11.84,11.845,19012,2020-10-01 18:15:00,MAT
11.845,11.86,11.84,11.85,10194,2020-10-01 18:20:00,MAT
11.85,11.89,11.85,11.885,18920,2020-10-01 18:25:00,MAT
11.885,11.9,11.83,11.88,65672,2020-10-01 18:30:00,MAT
11.875,11.875,11.855,11.86,21496,2020-10-01 18:35:00,MAT
11.87,11.915,11.865,11.915,53785,2020-10-01 18:40:00,MAT
11.915,11.92,11.91,11.915,12468,2020-10-01 18:45:00,MAT
11.915,11.93,11.91,11.915,13249,2020-10-01 18:50:00,MAT
11.91,11.92,11.89,11.89,26922,2020-10-01 18:55:00,MAT
11.885,11.91,11.88,11.905,25614,2020-10-01 19:00:00,MAT
11.905,11.92,11.895,11.905,22109,2020-10-01 19:05:00,MAT
11.91,11.91,11.895,11.895,29776,2020-10-01 19:10:00,MAT
11.9,11.905,11.895,11.9,24864,2020-10-01 19:15:00,MAT
11.905,11.905,11.89,11.895,14908,2020-10-01 19:20:00,MAT
11.895,11.895,11.845,11.845,49193,2020-10-01 19:25:00,MAT
11.84,11.8599,11.84,11.855,19763,2020-10-01 19:30:00,MAT
11.855,11.87,11.85,11.85,35468,2020-10-01 19:35:00,MAT
11.86,11.86,11.85,11.85,31470,2020-10-01 19:40:00,MAT
11.85,11.9,11.845,11.9,75331,2020-10-01 19:45:00,MAT
11.9,11.9,11.89,11.895,84800,2020-10-01 19:50:00,MAT
11.895,11.92,11.89,11.91,199759,2020-10-01 19:55:00,MAT
11.92,11.92,11.92,11.92,126095,2020-10-01 20:00:00,MAT
11.98,11.98,11.98,11.98,800,2020-10-01 21:35:00,MAT
11.98,11.98,11.98,11.98,100,2020-10-01 21:40:00,MAT
11.925,11.925,11.925,11.925,200,2020-10-01 21:45:00,MAT
11.97,11.97,11.97,11.97,100,2020-10-01 23:15:00,MAT
11.26,11.26,11.26,11.26,100,2020-10-02 11:00:00,MAT
11.73,11.73,11.72,11.72,600,2020-10-02 13:05:00,MAT
11.55,11.55,11.55,11.55,100,2020-10-02 13:15:00,MAT
11.71,11.865,11.7,11.85,32635,2020-10-02 13:30:00,MAT
11.87,11.91,11.85,11.905,56602,2020-10-02 13:35:00,MAT
11.91,11.915,11.86,11.903,38973,2020-10-02 13:40:00,MAT
11.9,11.955,11.88,11.92,42691,2020-10-02 13:45:00,MAT
11.93,11.98,11.9,11.905,152808,2020-10-02 13:50:00,MAT
11.91,11.99,11.91,11.9899,82450,2020-10-02 13:55:00,MAT
11.99,12.05,11.99,12.05,54568,2020-10-02 14:00:00,MAT
12.045,12.085,12.045,12.06,32668,2020-10-02 14:05:00,MAT
12.0501,12.06,12.035,12.05,12852,2020-10-02 14:10:00,MAT
12.05,12.055,12.03,12.045,23125,2020-10-02 14:15:00,MAT
12.04,12.055,12.02,12.03,11532,2020-10-02 14:20:00,MAT
12.03,12.05,12.02,12.04,28146,2020-10-02 14:25:00,MAT
12.035,12.05,12.015,12.015,18895,2020-10-02 14:30:00,MAT
12.01,12.025,11.98,11.99,40078,2020-10-02 14:35:00,MAT
11.9901,12.005,11.99,11.995,13028,2020-10-02 14:40:00,MAT
11.995,12.015,11.995,12.015,31307,2020-10-02 14:45:00,MAT
12.01,12.015,11.99,11.995,28193,2020-10-02 14:50:00,MAT
12.0,12.005,11.94,11.95,75095,2020-10-02 14:55:00,MAT
11.95,11.9867,11.91,11.97,38960,2020-10-02 15:00:00,MAT
11.965,12.01,11.96,11.98,38776,2020-10-02 15:05:00,MAT
11.975,12.01,11.975,11.9923,43512,2020-10-02 15:10:00,MAT
12.0,12.02,11.97,12.0,51338,2020-10-02 15:15:00,MAT
12.0,12.0,11.99,12.0,72005,2020-10-02 15:20:00,MAT
12.0,12.02,11.995,12.01,64812,2020-10-02 15:25:00,MAT
12.015,12.015,11.95,11.95,26613,2020-10-02 15:30:00,MAT
11.96,11.965,11.92,11.92,16121,2020-10-02 15:35:00,MAT
11.92,11.96,11.92,11.945,13560,2020-10-02 15:40:00,MAT
11.94,11.98,11.935,11.978,12067,2020-10-02 15:45:00,MAT
11.975,11.98,11.94,11.945,15477,2020-10-02 15:50:00,MAT
11.94,11.95,11.915,11.92,10451,2020-10-02 15:55:00,MAT
11.92,11.925,11.91,11.91,11000,2020-10-02 16:00:00,MAT
11.91,12.005,11.91,12.005,38717,2020-10-02 16:05:00,MAT
12.02,12.03,12.0,12.01,149838,2020-10-02 16:10:00,MAT
12.01,12.02,12.005,12.015,46334,2020-10-02 16:15:00,MAT
12.02,12.02,12.0,12.005,137877,2020-10-02 16:20:00,MAT
12.005,12.015,12.0,12.01,45600,2020-10-02 16:25:00,MAT
12.005,12.01,11.98,12.0,44308,2020-10-02 16:30:00,MAT
12.005,12.01,11.99,12.005,808201,2020-10-02 16:35:00,MAT
12.005,12.03,11.99,11.99,356167,2020-10-02 16:40:00,MAT
12.0,12.01,11.98,11.99,53454,2020-10-02 16:45:00,MAT
11.995,12.01,11.96,12.005,107617,2020-10-02 16:50:00,MAT
12.01,12.01,11.98,11.99,183525,2020-10-02 16:55:00,MAT
11.985,12.0,11.985,11.99,22105,2020-10-02 17:00:00,MAT
11.99,12.0,11.985,12.0,34161,2020-10-02 17:05:00,MAT
11.995,12.0,11.99,12.0,45921,2020-10-02 17:10:00,MAT
12.0,12.0,11.99,11.995,9249,2020-10-02 17:15:00,MAT
11.99,12.005,11.99,12.0,31028,2020-10-02 17:20:00,MAT
12.0,12.005,11.98,11.99,77817,2020-10-02 17:25:00,MAT
11.99,12.0,11.98,11.99,56069,2020-10-02 17:30:00,MAT
11.995,12.07,11.99,12.045,3104567,2020-10-02 17:35:00,MAT
12.04,12.05,12.0,12.04,1185935,2020-10-02 17:40:00,MAT
12.0468,12.0625,12.01,12.0125,60935,2020-10-02 17:45:00,MAT
12.01,12.02,12.01,12.01,33976,2020-10-02 17:50:00,MAT
12.01,12.02,12.005,12.01,40700,2020-10-02 17:55:00,MAT
12.0125,12.015,11.99,11.99,60517,2020-10-02 18:00:00,MAT
11.99,12.005,11.985,12.0,26466,2020-10-02 18:05:00,MAT
11.99,12.01,11.98,11.995,32554,2020-10-02 18:10:00,MAT
12.0,12.0,11.98,12.0,14711,2020-10-02 18:15:00,MAT
12.0,12.0,11.99,11.995,31484,2020-10-02 18:20:00,MAT
11.995,12.0,11.98,11.985,15426,2020-10-02 18:25:00,MAT
11.99,12.005,11.99,12.0,24900,2020-10-02 18:30:00,MAT
11.995,12.0,11.99,11.9925,16076,2020-10-02 18:35:00,MAT
11.995,12.0,11.99,11.99,12601,2020-10-02 18:40:00,MAT
11.995,12.0,11.98,11.995,89751,2020-10-02 18:45:00,MAT
11.99,12.0,11.95,11.95,104354,2020-10-02 18:50:00,MAT
11.96,12.0,11.96,12.0,48532,2020-10-02 18:55:00,MAT
11.995,12.0,11.98,12.0,35898,2020-10-02 19:00:00,MAT
12.0,12.0,11.985,11.99,30733,2020-10-02 19:05:00,MAT
11.985,12.01,11.97,11.995,89229,2020-10-02 19:10:00,MAT
11.995,12.0,11.99,11.995,28866,2020-10-02 19:15:00,MAT
11.995,12.015,11.99,11.995,306146,2020-10-02 19:20:00,MAT
11.995,12.0,11.99,11.995,50760,2020-10-02 19:25:00,MAT
12.0,12.07,11.99,12.06,1423573,2020-10-02 19:30:00,MAT
12.065,12.075,12.05,12.06,51655,2020-10-02 19:35:00,MAT
12.065,12.11,12.065,12.105,88099,2020-10-02 19:40:00,MAT
12.1,12.11,12.09,12.105,81647,2020-10-02 19:45:00,MAT
12.1,12.11,12.065,12.075,218753,2020-10-02 19:50:00,MAT
12.075,12.105,12.07,12.07,230417,2020-10-02 19:55:00,MAT
12.075,12.075,12.07,12.07,249154,2020-10-02 20:00:00,MAT
12.07,12.07,12.07,12.07,362,2020-10-02 20:05:00,MAT
12.075,12.075,12.075,12.075,305,2020-10-02 20:10:00,MAT
12.07,12.07,12.07,12.07,100,2020-10-02 20:15:00,MAT
12.07,12.07,12.07,12.07,200,2020-10-02 20:25:00,MAT
12.07,12.08,12.07,12.07,1400,2020-10-02 20:30:00,MAT
12.07,12.07,12.07,12.07,500,2020-10-02 20:35:00,MAT
12.07,12.07,12.07,12.07,200,2020-10-02 20:40:00,MAT
12.07,12.07,12.05,12.05,8880,2020-10-02 20:55:00,MAT
12.0,12.0,12.0,12.0,150,2020-10-02 22:40:00,MAT
12.05,12.05,12.05,12.05,1200,2020-10-02 23:55:00,MAT
12.08,12.08,12.08,12.08,100,2020-10-05 10:15:00,MAT
12.08,12.08,12.08,12.08,721,2020-10-05 10:20:00,MAT
12.15,12.15,12.15,12.15,100,2020-10-05 11:05:00,MAT
12.22,12.23,12.15,12.15,1955,2020-10-05 13:00:00,MAT
12.21,12.21,12.21,12.21,100,2020-10-05 13:10:00,MAT
12.24,12.24,12.24,12.24,300,2020-10-05 13:25:00,MAT
12.3,12.43,12.28,12.28,184290,2020-10-05 13:30:00,MAT
12.28,12.3,12.24,12.25,72245,2020-10-05 13:35:00,MAT
12.25,12.26,12.24,12.25,111261,2020-10-05 13:40:00,MAT
12.25,12.31,12.24,12.3,1079991,2020-10-05 13:45:00,MAT
12.3,12.35,12.29,12.35,408366,2020-10-05 13:50:00,MAT
12.35,12.42,12.34,12.35,259349,2020-10-05 13:55:00,MAT
12.345,12.38,12.32,12.366,614142,2020-10-05 14:00:00,MAT
12.365,12.4,12.36,12.4,51104,2020-10-05 14:05:00,MAT
12.4,12.45,12.3801,12.42,47695,2020-10-05 14:10:00,MAT
12.4284,12.45,12.395,12.3952,43889,2020-10-05 14:15:00,MAT
12.4,12.42,12.38,12.4,20596,2020-10-05 14:20:00,MAT
12.405,12.41,12.35,12.37,48335,2020-10-05 14:25:00,MAT
12.36,12.37,12.33,12.33,34712,2020-10-05 14:30:00,MAT
12.3368,12.37,12.335,12.3599,535773,2020-10-05 14:35:00,MAT
12.36,12.39,12.355,12.3898,46313,2020-10-05 14:40:00,MAT
12.39,12.39,12.335,12.335,203238,2020-10-05 14:45:00,MAT
12.335,12.39,12.32,12.385,568742,2020-10-05 14:50:00,MAT
12.39,12.4,12.375,12.385,24281,2020-10-05 14:55:00,MAT
12.39,12.42,12.385,12.4,18450,2020-10-05 15:00:00,MAT
12.4,12.41,12.38,12.41,40830,2020-10-05 15:05:00,MAT
12.418,12.462,12.415,12.4367,107407,2020-10-05 15:10:00,MAT
12.44,12.44,12.41,12.425,14016,2020-10-05 15:15:00,MAT
12.43,12.43,12.3718,12.3782,34702,2020-10-05 15:20:00,MAT
12.38,12.38,12.26,12.265,90649,2020-10-05 15:25:00,MAT
12.27,12.31,12.255,12.26,72224,2020-10-05 15:30:00,MAT
12.26,12.29,12.245,12.255,45024,2020-10-05 15:35:00,MAT
12.26,12.27,12.25,12.2518,20729,2020-10-05 15:40:00,MAT
12.26,12.26,12.245,12.25,22210,2020-10-05 15:45:00,MAT
12.25,12.275,12.245,12.26,24813,2020-10-05 15:50:00,MAT
12.255,12.27,12.24,12.27,19351,2020-10-05 15:55:00,MAT
12.26,12.27,12.25,12.25,12242,2020-10-05 16:00:00,MAT
12.25,12.255,12.24,12.255,12143,2020-10-05 16:05:00,MAT
12.255,12.255,12.22,12.225,28922,2020-10-05 16:10:00,MAT
12.225,12.25,12.225,12.245,11027,2020-10-05 16:15:00,MAT
12.24,12.248,12.23,12.248,9098,2020-10-05 16:20:00,MAT
12.2441,12.25,12.23,12.23,10117,2020-10-05 16:25:00,MAT
12.235,12.235,12.21,12.21,10732,2020-10-05 16:30:00,MAT
12.21,12.21,12.18,12.19,50108,2020-10-05 16:35:00,MAT
12.1875,12.19,12.14,12.14,48519,2020-10-05 16:40:00,MAT
12.14,12.16,12.115,12.155,1091294,2020-10-05 16:45:00,MAT
12.155,12.275,12.14,12.215,850128,2020-10-05 16:50:00,MAT
12.2182,12.22,12.201,12.21,14381,2020-10-05 16:55:00,MAT
12.21,12.215,12.2,12.205,10361,2020-10-05 17:00:00,MAT
12.2,12.22,12.2,12.215,9753,2020-10-05 17:05:00,MAT
12.215,12.215,12.21,12.21,16572,2020-10-05 17:10:00,MAT
12.21,12.24,12.2,12.225,135595,2020-10-05 17:15:00,MAT
12.23,12.24,12.152,12.17,113615,2020-10-05 17:20:00,MAT
12.165,12.2,12.165,12.2,9662,2020-10-05 17:25:00,MAT
12.21,12.21,12.18,12.18,18951,2020-10-05 17:30:00,MAT
12.18,12.19,12.16,12.165,15174,2020-10-05 17:35:00,MAT
12.165,12.165,12.11,12.125,46310,2020-10-05 17:40:00,MAT
12.125,12.125,12.1,12.105,20249,2020-10-05 17:45:00,MAT
12.11,12.115,12.09,12.1,39182,2020-10-05 17:50:00,MAT
12.1,12.11,12.085,12.1,846173,2020-10-05 17:55:00,MAT
12.1,12.16,12.095,12.155,114799,2020-10-05 18:00:00,MAT
12.16,12.21,12.155,12.185,40539,2020-10-05 18:05:00,MAT
12.19,12.21,12.145,12.1455,53309,2020-10-05 18:10:00,MAT
12.145,12.145,12.1,12.11,585267,2020-10-05 18:15:00,MAT
12.11,12.16,12.11,12.15,22402,2020-10-05 18:20:00,MAT
12.16,12.16,12.13,12.15,22328,2020-10-05 18:25:00,MAT
12.16,12.17,12.155,12.165,7758,2020-10-05 18:30:00,MAT
12.17,12.17,12.155,12.16,18944,2020-10-05 18:35:00,MAT
12.165,12.17,12.16,12.165,7511,2020-10-05 18:40:00,MAT
12.16,12.17,12.16,12.17,9247,2020-10-05 18:45:00,MAT
12.17,12.17,12.13,12.135,562117,2020-10-05 18:50:00,MAT
12.1399,12.235,12.13,12.21,684090,2020-10-05 18:55:00,MAT
12.205,12.255,12.2,12.21,69654,2020-10-05 19:00:00,MAT
12.21,12.26,12.2,12.25,76146,2020-10-05 19:05:00,MAT
12.255,12.26,12.235,12.25,21305,2020-10-05 19:10:00,MAT
12.25,12.28,12.235,12.265,47401,2020-10-05 19:15:00,MAT
12.26,12.33,12.26,12.31,123882,2020-10-05 19:20:00,MAT
12.315,12.315,12.28,12.295,21251,2020-10-05 19:25:00,MAT
12.295,12.3,12.27,12.285,59150,2020-10-05 19:30:00,MAT
12.285,12.3,12.28,12.285,31126,2020-10-05 19:35:00,MAT
12.29,12.355,12.29,12.29,98202,2020-10-05 19:40:00,MAT
12.29,12.3,12.29,12.295,27744,2020-10-05 19:45:00,MAT
12.29,12.295,12.235,12.25,153664,2020-10-05 19:50:00,MAT
12.24,12.255,12.21,12.25,272525,2020-10-05 19:55:00,MAT
12.24,12.3,12.24,12.3,1378266,2020-10-05 20:00:00,MAT
12.32,12.32,12.32,12.32,100,2020-10-05 20:15:00,MAT
12.31,12.32,12.31,12.32,405,2020-10-05 20:45:00,MAT
12.32,12.32,12.32,12.32,465,2020-10-05 22:40:00,MAT
12.3,12.3,12.3,12.3,800,2020-10-06 12:50:00,MAT
12.32,12.32,12.32,12.32,138,2020-10-06 13:20:00,MAT
12.32,12.35,12.28,12.29,47602,2020-10-06 13:30:00,MAT
12.28,12.314,12.26,12.27,34097,2020-10-06 13:35:00,MAT
12.27,12.31,12.25,12.3,27550,2020-10-06 13:40:00,MAT
12.3,12.39,12.3,12.39,146292,2020-10-06 13:45:00,MAT
12.39,12.415,12.38,12.405,39620,2020-10-06 13:50:00,MAT
12.41,12.45,12.38,12.395,58517,2020-10-06 13:55:00,MAT
12.399812,12.43,12.38,12.425,19954,2020-10-06 14:00:00,MAT
12.4299,12.445,12.41,12.445,12336,2020-10-06 14:05:00,MAT
12.45,12.5,12.445,12.465,38765,2020-10-06 14:10:00,MAT
12.47,12.56,12.47,12.5,211844,2020-10-06 14:15:00,MAT
12.51,12.53,12.49,12.51,80425,2020-10-06 14:20:00,MAT
12.52,12.53,12.48,12.5,23661,2020-10-06 14:25:00,MAT
12.5,12.5,12.48,12.49,17701,2020-10-06 14:30:00,MAT
12.49,12.4965,12.46,12.49,15763,2020-10-06 14:35:00,MAT
12.49,12.51,12.44,12.46,15266,2020-10-06 14:40:00,MAT
12.46,12.48,12.44,12.445,18062,2020-10-06 14:45:00,MAT
12.445,12.46,12.44,12.445,28728,2020-10-06 14:50:00,MAT
12.445,12.45,12.4301,12.445,28520,2020-10-06 14:55:00,MAT
12.445,12.47,12.44,12.44,40904,2020-10-06 15:00:00,MAT
12.44,12.46,12.44,12.445,27929,2020-10-06 15:05:00,MAT
12.45,12.47,12.45,12.465,43461,2020-10-06 15:10:00,MAT
12.47,12.49,12.47,12.48,16815,2020-10-06 15:15:00,MAT
12.48,12.53,12.48,12.505,48881,2020-10-06 15:20:00,MAT
12.505,12.51,12.48,12.5,93638,2020-10-06 15:25:00,MAT
12.4901,12.5,12.46,12.465,83515,2020-10-06 15:30:00,MAT
12.47,12.495,12.47,12.485,19950,2020-10-06 15:35:00,MAT
12.48,12.48,12.475,12.475,2900,2020-10-06 15:40:00,MAT
12.475,12.485,12.46,12.485,21384,2020-10-06 15:45:00,MAT
12.48,12.48,12.43,12.438,41385,2020-10-06 15:50:00,MAT
12.44,12.44,12.41,12.415,17433,2020-10-06 15:55:00,MAT
12.41,12.44,12.41,12.435,12858,2020-10-06 16:00:00,MAT
12.43,12.47,12.43,12.455,81935,2020-10-06 16:05:00,MAT
12.455,12.5,12.455,12.5,34448,2020-10-06 16:10:00,MAT
12.49,12.495,12.485,12.49,4742,2020-10-06 16:15:00,MAT
12.485,12.5,12.485,12.495,5812,2020-10-06 16:20:00,MAT
12.495,12.5,12.47,12.495,68177,2020-10-06 16:25:00,MAT
12.495,12.5,12.48,12.49,10100,2020-10-06 16:30:00,MAT
12.485,12.5,12.485,12.495,3407,2020-10-06 16:35:00,MAT
12.5,12.505,12.49,12.495,8329,2020-10-06 16:40:00,MAT
12.5,12.52,12.4983,12.52,18908,2020-10-06 16:45:00,MAT
12.52,12.52,12.51,12.52,11611,2020-10-06 16:50:00,MAT
12.52,12.52,12.485,12.495,76216,2020-10-06 16:55:00,MAT
12.495,12.5,12.49,12.5,10159,2020-10-06 17:00:00,MAT
12.5,12.54,12.5,12.525,169425,2020-10-06 17:05:00,MAT
12.53,12.535,12.52,12.52,7508,2020-10-06 17:10:00,MAT
12.525,12.53,12.51,12.515,15701,2020-10-06 17:15:00,MAT
12.52,12.54,12.52,12.525,19248,2020-10-06 17:20:00,MAT
12.52,12.53,12.52,12.53,3300,2020-10-06 17:25:00,MAT
12.53,12.55,12.53,12.55,9912,2020-10-06 17:30:00,MAT
12.55,12.565,12.542,12.542,26638,2020-10-06 17:35:00,MAT
12.545,12.56,12.54,12.545,14165,2020-10-06 17:40:00,MAT
12.55,12.55,12.535,12.54,16028,2020-10-06 17:45:00,MAT
12.54,12.55,12.525,12.55,27922,2020-10-06 17:50:00,MAT
12.545,12.55,12.54,12.54,5292,2020-10-06 17:55:00,MAT
12.5382,12.545,12.52,12.5262,16311,2020-10-06 18:00:00,MAT
12.525,12.54,12.52,12.52,11100,2020-10-06 18:05:00,MAT
12.52,12.525,12.512,12.525,14017,2020-10-06 18:10:00,MAT
12.525,12.525,12.52,12.52,1564,2020-10-06 18:15:00,MAT
12.525,12.545,12.525,12.54,11797,2020-10-06 18:20:00,MAT
12.54,12.62,12.53,12.59,312159,2020-10-06 18:25:00,MAT
12.59,12.59,12.555,12.56,23325,2020-10-06 18:30:00,MAT
12.56,12.565,12.545,12.55,32386,2020-10-06 18:35:00,MAT
12.55,12.56,12.55,12.55,4794,2020-10-06 18:40:00,MAT
12.55,12.57,12.495,12.51,47045,2020-10-06 18:45:00,MAT
12.51,12.51,12.42,12.46,291201,2020-10-06 18:50:00,MAT
12.455,12.475,12.36,12.455,102372,2020-10-06 18:55:00,MAT
12.46,12.47,12.355,12.36,159617,2020-10-06 19:00:00,MAT
12.36,12.365,12.3,12.32,56255,2020-10-06 19:05:00,MAT
12.325,12.375,12.315,12.355,67258,2020-10-06 19:10:00,MAT
12.357,12.357,12.28,12.29,60597,2020-10-06 19:15:00,MAT
12.29,12.33,12.27,12.305,105312,2020-10-06 19:20:00,MAT
12.305,12.37,12.3,12.345,108492,2020-10-06 19:25:00,MAT
12.345,12.4,12.345,12.39,119224,2020-10-06 19:30:00,MAT
12.389,12.395,12.35,12.35,83712,2020-10-06 19:35:00,MAT
12.36,12.365,12.29,12.307,68019,2020-10-06 19:40:00,MAT
12.3,12.315,12.28,12.3,157800,2020-10-06 19:45:00,MAT
12.3,12.3,12.25,12.27,119847,2020-10-06 19:50:00,MAT
12.27,12.29,12.25,12.25,224346,2020-10-06 19:55:00,MAT
12.26,12.26,12.25,12.25,325823,2020-10-06 20:00:00,MAT
12.3,12.3,12.3,12.3,37291,2020-10-06 20:05:00,MAT
12.24,12.24,12.23,12.23,250,2020-10-06 20:45:00,MAT
12.22,12.22,12.22,12.22,100,2020-10-06 21:30:00,MAT
12.22,12.22,12.22,12.22,100,2020-10-06 22:25:00,MAT
12.2471,12.2471,12.2471,12.2471,1442,2020-10-07 13:05:00,MAT
12.49,12.5,12.49,12.5,999,2020-10-07 13:25:00,MAT
12.38,12.58,12.38,12.5,71085,2020-10-07 13:30:00,MAT
12.5,12.57,12.48,12.48,109709,2020-10-07 13:35:00,MAT
12.49,12.55,12.49,12.53,106403,2020-10-07 13:40:00,MAT
12.53,12.55,12.5101,12.545,45246,2020-10-07 13:45:00,MAT
12.55,12.59,12.51,12.575,46332,2020-10-07 13:50:00,MAT
12.575,12.61,12.57,12.59,56003,2020-10-07 13:55:00,MAT
12.585,12.585,12.53,12.535,25760,2020-10-07 14:00:00,MAT
12.535,12.57,12.52,12.54,16792,2020-10-07 14:05:00,MAT
12.54,12.55,12.53,12.535,18351,2020-10-07 14:10:00,MAT
12.535,12.54,12.51,12.52,16350,2020-10-07 14:15:00,MAT
12.52,12.536716,12.52,12.525,12319,2020-10-07 14:20:00,MAT
12.525,12.525,12.44,12.458,31611,2020-10-07 14:25:00,MAT
12.46,12.46,12.39,12.39,27853,2020-10-07 14:30:00,MAT
12.39,12.445,12.37,12.43,56390,2020-10-07 14:35:00,MAT
12.435,12.445,12.36,12.385,34371,2020-10-07 14:40:00,MAT
12.385,12.39,12.36,12.385,30023,2020-10-07 14:45:00,MAT
12.385,12.39,12.3224,12.335,31877,2020-10-07 14:50:00,MAT
12.33,12.34,12.29,12.32,46821,2020-10-07 14:55:00,MAT
12.315,12.365,12.315,12.365,105740,2020-10-07 15:00:00,MAT
12.365,12.4,12.35,12.35,39372,2020-10-07 15:05:00,MAT
12.345,12.355,12.325,12.35,36461,2020-10-07 15:10:00,MAT
12.355,12.405,12.34,12.4,223258,2020-10-07 15:15:00,MAT
12.39,12.4,12.38,12.3969,18547,2020-10-07 15:20:00,MAT
12.4,12.4,12.375,12.38,16273,2020-10-07 15:25:00,MAT
12.38,12.38,12.36,12.38,7018,2020-10-07 15:30:00,MAT
12.38,12.38,12.37,12.38,4100,2020-10-07 15:35:00,MAT
12.38,12.395,12.38,12.38,19085,2020-10-07 15:40:00,MAT
12.38,12.38,12.35,12.37,9002,2020-10-07 15:45:00,MAT
12.37,12.385,12.37,12.38,7032,2020-10-07 15:50:00,MAT
12.38,12.38,12.37,12.37,5371,2020-10-07 15:55:00,MAT
12.37,12.38,12.37,12.375,4637,2020-10-07 16:00:00,MAT
12.37,12.38,12.37,12.37,9109,2020-10-07 16:05:00,MAT
12.37,12.37,12.35,12.355,6222,2020-10-07 16:10:00,MAT
12.36,12.36,12.33,12.335,5916,2020-10-07 16:15:00,MAT
12.34,12.35,12.34,12.345,14435,2020-10-07 16:20:00,MAT
12.35,12.359,12.305,12.325,15736,2020-10-07 16:25:00,MAT
12.33,12.33,12.32,12.32,5458,2020-10-07 16:30:00,MAT
12.32,12.32,12.3,12.3014,6970,2020-10-07 16:35:00,MAT
12.305,12.32,12.3,12.312,5911,2020-10-07 16:40:00,MAT
12.32,12.33,12.31,12.33,3806,2020-10-07 16:45:00,MAT
12.33,12.33,12.3,12.3,11247,2020-10-07 16:50:00,MAT
12.31,12.32,12.31,12.32,6758,2020-10-07 16:55:00,MAT
12.32,12.325,12.31,12.31,8715,2020-10-07 17:00:00,MAT
12.31,12.325,12.3,12.325,17599,2020-10-07 17:05:00,MAT
12.32,12.32,12.31,12.315,4617,2020-10-07 17:10:00,MAT
12.315,12.32,12.31,12.314,16909,2020-10-07 17:15:00,MAT
12.315,12.32,12.301,12.32,36734,2020-10-07 17:20:00,MAT
12.32,12.325,12.32,12.325,1600,2020-10-07 17:25:00,MAT
12.325,12.325,12.3,12.31,18774,2020-10-07 17:30:00,MAT
12.31,12.315,12.3,12.3024,9746,2020-10-07 17:35:00,MAT
12.305,12.32,12.29,12.31,80271,2020-10-07 17:40:00,MAT
12.31,12.32,12.305,12.315,6974,2020-10-07 17:45:00,MAT
12.318,12.32,12.305,12.31,8132,2020-10-07 17:50:00,MAT
12.31,12.32,12.3,12.305,117718,2020-10-07 17:55:00,MAT
12.31,12.32,12.31,12.315,141607,2020-10-07 18:00:00,MAT
12.31,12.315,12.295,12.305,23953,2020-10-07 18:05:00,MAT
12.3069,12.32,12.305,12.315,19777,2020-10-07 18:10:00,MAT
12.32,12.335,12.315,12.325,19804,2020-10-07 18:15:00,MAT
12.34,12.35,12.325,12.35,11447,2020-10-07 18:20:00,MAT
12.355,12.36,12.34,12.355,7868,2020-10-07 18:25:00,MAT
12.36,12.37,12.3499,12.36,29057,2020-10-07 18:30:00,MAT
12.365,12.37,12.355,12.36,13664,2020-10-07 18:35:00,MAT
12.355,12.36,12.345,12.345,13088,2020-10-07 18:40:00,MAT
12.34,12.36,12.34,12.36,7430,2020-10-07 18:45:00,MAT
12.36,12.365,12.35,12.36,20603,2020-10-07 18:50:00,MAT
12.36,12.37,12.355,12.37,8415,2020-10-07 18:55:00,MAT
12.365,12.385,12.365,12.38,10963,2020-10-07 19:00:00,MAT
12.38,12.407,12.355,12.355,61419,2020-10-07 19:05:00,MAT
12.355,12.365,12.35,12.355,29525,2020-10-07 19:10:00,MAT
12.355,12.36,12.35,12.36,5477,2020-10-07 19:15:00,MAT
12.3565,12.36,12.34,12.34,20469,2020-10-07 19:20:00,MAT
12.34,12.35,12.34,12.345,9302,2020-10-07 19:25:00,MAT
12.345,12.36,12.3425,12.35,27798,2020-10-07 19:30:00,MAT
12.355,12.37,12.3525,12.37,25801,2020-10-07 19:35:00,MAT
12.37,12.37,12.36,12.36,11703,2020-10-07 19:40:00,MAT
12.365,12.37,12.36,12.365,38822,2020-10-07 19:45:00,MAT
12.365,12.375,12.35,12.37,162812,2020-10-07 19:50:00,MAT
12.365,12.37,12.335,12.345,150500,2020-10-07 19:55:00,MAT
12.35,12.35,12.35,12.35,444876,2020-10-07 20:00:00,MAT
12.3,12.3,12.3,12.3,962,2020-10-07 20:05:00,MAT
12.4999,12.59,12.4999,12.59,2200,2020-10-08 13:25:00,MAT
12.53,12.53,12.4,12.485,66202,2020-10-08 13:30:00,MAT
12.46,12.515,12.41,12.445,29616,2020-10-08 13:35:00,MAT
12.45,12.47,12.355,12.355,24859,2020-10-08 13:40:00,MAT
12.355,12.44,12.33,12.415,41811,2020-10-08 13:45:00,MAT
12.41,12.42,12.405,12.415,14147,2020-10-08 13:50:00,MAT
12.41,12.48,12.41,12.4582,31870,2020-10-08 13:55:00,MAT
12.455,12.465,12.42,12.43,7331,2020-10-08 14:00:00,MAT
12.42,12.44,12.42,12.425,7859,2020-10-08 14:05:00,MAT
12.429,12.435,12.415,12.425,14441,2020-10-08 14:10:00,MAT
12.43,12.44,12.415,12.415,16119,2020-10-08 14:15:00,MAT
12.41,12.415,12.41,12.41,7644,2020-10-08 14:20:00,MAT
12.415,12.425,12.41,12.4166,30492,2020-10-08 14:25:00,MAT
12.415,12.46,12.41,12.45,27606,2020-10-08 14:30:00,MAT
12.46,12.46,12.44,12.45,8587,2020-10-08 14:35:00,MAT
12.45,12.46,12.44,12.46,2962,2020-10-08 14:40:00,MAT
12.455,12.49,12.455,12.48,13692,2020-10-08 14:45:00,MAT
12.48,12.485,12.465,12.465,6600,2020-10-08 14:50:00,MAT
12.46,12.465,12.44,12.44,7978,2020-10-08 14:55:00,MAT
12.44,12.445,12.41,12.415,22700,2020-10-08 15:00:00,MAT
12.42,12.43,12.41,12.415,15063,2020-10-08 15:05:00,MAT
12.415,12.43,12.41,12.415,6837,2020-10-08 15:10:00,MAT
12.42,12.425,12.39,12.395,22493,2020-10-08 15:15:00,MAT
12.4,12.43,12.4,12.42,37523,2020-10-08 15:20:00,MAT
12.42,12.57,12.42,12.57,529131,2020-10-08 15:25:00,MAT
12.57,12.57,12.48,12.51,56037,2020-10-08 15:30:00,MAT
12.525,12.58,12.52,12.575,22669,2020-10-08 15:35:00,MAT
12.575,12.575,12.53,12.55,39239,2020-10-08 15:40:00,MAT
12.55,12.565,12.53,12.56,19859,2020-10-08 15:45:00,MAT
12.565,12.585,12.56,12.56,17058,2020-10-08 15:50:00,MAT
12.57,12.6,12.57,12.59,19205,2020-10-08 15:55:00,MAT
12.5807,12.615,12.58,12.6,26939,2020-10-08 16:00:00,MAT
12.6,12.605,12.55,12.59,32845,2020-10-08 16:05:00,MAT
12.6,12.6,12.58,12.59,6501,2020-10-08 16:10:00,MAT
12.59,12.64,12.59,12.62,28907,2020-10-08 16:15:00,MAT
12.625,12.63,12.61,12.615,12029,2020-10-08 16:20:00,MAT
12.61,12.64,12.61,12.64,4800,2020-10-08 16:25:00,MAT
12.64,12.65,12.6209,12.6209,18319,2020-10-08 16:30:00,MAT
12.625,12.63,12.6201,12.6201,4500,2020-10-08 16:35:00,MAT
12.625,12.65,12.625,12.635,37469,2020-10-08 16:40:00,MAT
12.635,12.637689,12.62,12.625,8079,2020-10-08 16:45:00,MAT
12.625,12.625,12.6,12.6,21833,2020-10-08 16:50:00,MAT
12.61,12.61,12.59,12.6,7966,2020-10-08 16:55:00,MAT
12.6,12.64,12.565,12.585,239667,2020-10-08 17:00:00,MAT
12.585,12.585,12.57,12.575,9155,2020-10-08 17:05:00,MAT
12.57,12.58,12.57,12.575,4717,2020-10-08 17:10:00,MAT
12.575,12.58,12.57,12.58,6158,2020-10-08 17:15:00,MAT
12.575,12.58,12.57,12.575,12426,2020-10-08 17:20:00,MAT
12.575,12.58,12.57,12.58,6577,2020-10-08 17:25:00,MAT
12.575,12.575,12.56,12.56,21838,2020-10-08 17:30:00,MAT
12.565,12.57,12.56,12.565,11429,2020-10-08 17:35:00,MAT
12.565,12.57,12.565,12.565,7430,2020-10-08 17:40:00,MAT
12.565,12.57,12.55,12.555,15163,2020-10-08 17:45:00,MAT
12.555,12.57,12.55,12.5601,8254,2020-10-08 17:50:00,MAT
12.565,12.57,12.56,12.565,3663,2020-10-08 17:55:00,MAT
12.56,12.565,12.54,12.55,23319,2020-10-08 18:00:00,MAT
12.545,12.56,12.54,12.5511,18480,2020-10-08 18:05:00,MAT
12.56,12.56,12.55,12.555,3000,2020-10-08 18:10:00,MAT
12.555,12.56,12.555,12.555,20886,2020-10-08 18:15:00,MAT
12.555,12.58,12.555,12.565,42513,2020-10-08 18:20:00,MAT
12.565,12.565,12.55,12.55,16673,2020-10-08 18:25:00,MAT
12.555,12.555,12.54,12.55,18321,2020-10-08 18:30:00,MAT
12.555,12.57,12.54,12.565,107649,2020-10-08 18:35:00,MAT
12.565,12.58,12.565,12.575,19503,2020-10-08 18:40:00,MAT
12.58,12.58,12.56,12.575,82035,2020-10-08 18:45:00,MAT
12.58,12.605,12.575,12.6,129862,2020-10-08 18:50:00,MAT
12.59,12.62,12.59,12.605,103032,2020-10-08 18:55:00,MAT
12.615,12.62,12.57,12.59,56324,2020-10-08 19:00:00,MAT
12.6,12.615,12.59,12.605,33993,2020-10-08 19:05:00,MAT
12.605,12.62,12.6,12.61,34423,2020-10-08 19:10:00,MAT
12.615,12.66,12.6,12.61,126599,2020-10-08 19:15:00,MAT
12.61,12.645,12.605,12.635,157731,2020-10-08 19:20:00,MAT
12.64,12.66,12.635,12.655,92313,2020-10-08 19:25:00,MAT
12.66,12.69,12.65,12.675,286116,2020-10-08 19:30:00,MAT
12.68,12.68,12.67,12.675,22155,2020-10-08 19:35:00,MAT
12.67,12.68,12.66,12.67,69104,2020-10-08 19:40:00,MAT
12.675,12.68,12.66,12.665,84661,2020-10-08 19:45:00,MAT
12.66,12.68,12.66,12.665,214993,2020-10-08 19:50:00,MAT
12.665,12.665,12.6,12.61,535698,2020-10-08 19:55:00,MAT
12.6,12.61,12.6,12.6,232780,2020-10-08 20:00:00,MAT
12.6,12.6,12.6,12.6,1417,2020-10-08 20:05:00,MAT
12.7,12.7,12.7,12.7,200,2020-10-08 21:55:00,MAT
12.78,12.78,12.78,12.78,150,2020-10-08 22:05:00,MAT
12.9,12.92,12.9,12.92,242,2020-10-08 22:10:00,MAT
12.8,12.8,12.8,12.8,500,2020-10-09 12:30:00,MAT
12.77,12.83,12.68,12.68,49365,2020-10-09 13:30:00,MAT
12.69,12.72,12.6343,12.64,69836,2020-10-09 13:35:00,MAT
12.635,12.65,12.63,12.6389,13031,2020-10-09 13:40:00,MAT
12.635,12.66,12.6,12.63,59965,2020-10-09 13:45:00,MAT
12.62,12.66,12.62,12.629,17207,2020-10-09 13:50:00,MAT
12.625,12.64,12.62,12.635,7996,2020-10-09 13:55:00,MAT
12.635,12.65,12.63,12.65,20847,2020-10-09 14:00:00,MAT
12.6487,12.655,12.63,12.63,12360,2020-10-09 14:05:00,MAT
12.625,12.63,12.59,12.59,19161,2020-10-09 14:10:00,MAT
12.58,12.605,12.565,12.59,27045,2020-10-09 14:15:00,MAT
12.585,12.5962,12.58,12.585,9274,2020-10-09 14:20:00,MAT
12.5895,12.59,12.55,12.55,35955,2020-10-09 14:25:00,MAT
12.54,12.56,12.525,12.53,29577,2020-10-09 14:30:00,MAT
12.53,12.545,12.52,12.52,7722,2020-10-09 14:35:00,MAT
12.525,12.53,12.51,12.52,13675,2020-10-09 14:40:00,MAT
12.52,12.555,12.52,12.545,28012,2020-10-09 14:45:00,MAT
12.545,12.547,12.53,12.545,9529,2020-10-09 14:50:00,MAT
12.545,12.55,12.53,12.53,6766,2020-10-09 14:55:00,MAT
12.53,12.555,12.53,12.54,27299,2020-10-09 15:00:00,MAT
12.545,12.56,12.545,12.56,8471,2020-10-09 15:05:00,MAT
12.56,12.59,12.56,12.565,27705,2020-10-09 15:10:00,MAT
12.565,12.58,12.56,12.56,26100,2020-10-09 15:15:00,MAT
12.555,12.565,12.5451,12.55,30777,2020-10-09 15:20:00,MAT
12.56,12.58,12.55,12.555,16506,2020-10-09 15:25:00,MAT
12.56,12.56,12.54,12.54,10667,2020-10-09 15:30:00,MAT
12.54,12.55,12.53,12.54,5150,2020-10-09 15:35:00,MAT
12.54,12.55,12.531,12.545,13107,2020-10-09 15:40:00,MAT
12.545,12.63,12.545,12.615,78814,2020-10-09 15:45:00,MAT
12.615,12.62,12.585,12.605,34614,2020-10-09 15:50:00,MAT
12.605,12.61,12.57,12.575,23824,2020-10-09 15:55:00,MAT
12.575,12.58,12.56,12.565,12861,2020-10-09 16:00:00,MAT
12.562,12.6,12.5601,12.59,27599,2020-10-09 16:05:00,MAT
12.59,12.6,12.57,12.58,8691,2020-10-09 16:10:00,MAT
12.575,12.595,12.57,12.581,14245,2020-10-09 16:15:00,MAT
12.58,12.585,12.56,12.56,13079,2020-10-09 16:20:00,MAT
12.565,12.575,12.56,12.56,14520,2020-10-09 16:25:00,MAT
12.565,12.575,12.5518,12.555,6649,2020-10-09 16:30:00,MAT
12.56,12.57,12.5501,12.565,8854,2020-10-09 16:35:00,MAT
12.565,12.59,12.56,12.585,14684,2020-10-09 16:40:00,MAT
12.59,12.6,12.58,12.58,8453,2020-10-09 16:45:00,MAT
12.58,12.58,12.55,12.55,20555,2020-10-09 16:50:00,MAT
12.55,12.56,12.55,12.55,17855,2020-10-09 16:55:00,MAT
12.55,12.56,12.54,12.545,26045,2020-10-09 17:00:00,MAT
12.54,12.55,12.54,12.55,2500,2020-10-09 17:05:00,MAT
12.545,12.55,12.54,12.545,9413,2020-10-09 17:10:00,MAT
12.55,12.55,12.535,12.54,12021,2020-10-09 17:15:00,MAT
12.54,12.55,12.535,12.54,260578,2020-10-09 17:20:00,MAT
12.545,12.56,12.545,12.55,11843,2020-10-09 17:25:00,MAT
12.555,12.555,12.54,12.555,254978,2020-10-09 17:30:00,MAT
12.555,12.57,12.54,12.565,531228,2020-10-09 17:35:00,MAT
12.56,12.585,12.56,12.58,13011,2020-10-09 17:40:00,MAT
12.58,12.585,12.565,12.585,11534,2020-10-09 17:45:00,MAT
12.585,12.59,12.5786,12.585,3191,2020-10-09 17:50:00,MAT
12.59,12.61,12.58,12.61,8011,2020-10-09 17:55:00,MAT
12.61,12.625,12.6,12.62,12833,2020-10-09 18:00:00,MAT
12.63,12.63,12.58,12.59,69983,2020-10-09 18:05:00,MAT
12.59,12.64,12.59,12.635,130922,2020-10-09 18:10:00,MAT
12.635,12.635,12.6,12.6,21153,2020-10-09 18:15:00,MAT
12.605,12.615,12.6,12.615,7429,2020-10-09 18:20:00,MAT
12.6179,12.62,12.61,12.615,7222,2020-10-09 18:25:00,MAT
12.61,12.62,12.61,12.615,13256,2020-10-09 18:30:00,MAT
12.6175,12.62,12.605,12.605,13012,2020-10-09 18:35:00,MAT
12.605,12.62,12.605,12.605,17491,2020-10-09 18:40:00,MAT
12.605,12.6218,12.6,12.615,39088,2020-10-09 18:45:00,MAT
12.615,12.6192,12.585,12.59,14769,2020-10-09 18:50:00,MAT
12.585,12.585,12.57,12.575,18939,2020-10-09 18:55:00,MAT
12.58,12.59,12.57,12.588,69437,2020-10-09 19:00:00,MAT
12.585,12.59,12.58,12.585,8469,2020-10-09 19:05:00,MAT
12.585,12.59,12.58,12.585,9521,2020-10-09 19:10:00,MAT
12.585,12.59,12.57,12.58,55661,2020-10-09 19:15:00,MAT
12.5762,12.59,12.57,12.585,68765,2020-10-09 19:20:00,MAT
12.585,12.6,12.583,12.595,25566,2020-10-09 19:25:00,MAT
12.595,12.6,12.555,12.555,42520,2020-10-09 19:30:00,MAT
12.56,12.57,12.55,12.55,42028,2020-10-09 19:35:00,MAT
12.555,12.555,12.505,12.535,220415,2020-10-09 19:40:00,MAT
12.54,12.55,12.53,12.535,34091,2020-10-09 19:45:00,MAT
12.54,12.54,12.51,12.515,116044,2020-10-09 19:50:00,MAT
12.515,12.52,12.49,12.5,416354,2020-10-09 19:55:00,MAT
12.49,12.49,12.49,12.49,1151969,2020-10-09 20:00:00,MAT
12.55,12.55,12.55,12.55,500,2020-10-09 21:20:00,MAT
12.46,12.46,12.46,12.46,100,2020-10-09 23:15:00,MAT
12.77,12.77,12.77,12.77,490,2020-10-09 23:55:00,MAT
12.79,12.79,12.79,12.79,340,2020-10-12 11:05:00,MAT
12.6,12.6,12.6,12.6,100,2020-10-12 11:20:00,MAT
12.8,12.8,12.5,12.5,1193,2020-10-12 11:45:00,MAT
12.69,12.69,12.69,12.69,200,2020-10-12 12:10:00,MAT
12.62,12.62,12.62,12.62,500,2020-10-12 12:20:00,MAT
12.63,12.63,12.63,12.63,130,2020-10-12 13:15:00,MAT
12.63,12.65,12.6,12.62,51182,2020-10-12 13:30:00,MAT
12.61,12.63,12.555,12.58,24874,2020-10-12 13:35:00,MAT
12.5701,12.5737,12.52,12.565,59531,2020-10-12 13:40:00,MAT
12.565,12.565,12.5,12.52,35820,2020-10-12 13:45:00,MAT
12.52,12.52,12.45,12.46,17779,2020-10-12 13:50:00,MAT
12.458,12.5,12.455,12.5,34601,2020-10-12 13:55:00,MAT
12.495,12.495,12.4726,12.48,12375,2020-10-12 14:00:00,MAT
12.48,12.485,12.42,12.445,29462,2020-10-12 14:05:00,MAT
12.4469,12.4469,12.44,12.44,5430,2020-10-12 14:10:00,MAT
12.44,12.46,12.4,12.445,358106,2020-10-12 14:15:00,MAT
12.45,12.54,12.445,12.54,63468,2020-10-12 14:20:00,MAT
12.535,12.54,12.49,12.5,17502,2020-10-12 14:25:00,MAT
12.5,12.5,12.4582,12.46,8781,2020-10-12 14:30:00,MAT
12.46,12.465,12.43,12.445,30869,2020-10-12 14:35:00,MAT
12.45,12.5,12.445,12.46,20095,2020-10-12 14:40:00,MAT
12.46,12.48,12.43,12.47,35453,2020-10-12 14:45:00,MAT
12.47,12.515,12.47,12.51,26064,2020-10-12 14:50:00,MAT
12.51,12.515,12.45,12.45,23438,2020-10-12 14:55:00,MAT
12.46,12.49,12.46,12.48,11942,2020-10-12 15:00:00,MAT
12.49,12.52,12.49,12.52,25240,2020-10-12 15:05:00,MAT
12.52,12.53,12.51,12.52,27826,2020-10-12 15:10:00,MAT
12.53,12.54,12.52,12.53,13980,2020-10-12 15:15:00,MAT
12.53,12.53,12.51,12.51,14104,2020-10-12 15:20:00,MAT
12.5,12.515,12.5,12.502,19587,2020-10-12 15:25:00,MAT
12.5,12.53,12.5,12.51,32613,2020-10-12 15:30:00,MAT
12.51,12.52,12.495,12.5,38092,2020-10-12 15:35:00,MAT
12.5,12.545,12.495,12.53,71252,2020-10-12 15:40:00,MAT
12.54,12.59,12.54,12.59,27320,2020-10-12 15:45:00,MAT
12.59,12.61,12.59,12.59,28406,2020-10-12 15:50:00,MAT
12.595,12.6,12.57,12.58,26781,2020-10-12 15:55:00,MAT
12.58,12.58,12.56,12.57,21907,2020-10-12 16:00:00,MAT
12.57,12.58,12.55,12.5518,10199,2020-10-12 16:05:00,MAT
12.56,12.575,12.56,12.575,12175,2020-10-12 16:10:00,MAT
12.575,12.575,12.56,12.565,5573,2020-10-12 16:15:00,MAT
12.565,12.62,12.55,12.615,674691,2020-10-12 16:20:00,MAT
12.615,12.615,12.585,12.605,9765,2020-10-12 16:25:00,MAT
12.605,12.605,12.58,12.585,10012,2020-10-12 16:30:00,MAT
12.585,12.5861,12.54,12.55,97314,2020-10-12 16:35:00,MAT
12.55,12.61,12.55,12.61,42764,2020-10-12 16:40:00,MAT
12.61,12.61,12.6,12.61,14835,2020-10-12 16:45:00,MAT
12.61,12.65,12.61,12.64,45278,2020-10-12 16:50:00,MAT
12.64,12.64,12.61,12.62,14001,2020-10-12 16:55:00,MAT
12.62,12.665,12.61,12.64,36215,2020-10-12 17:00:00,MAT
12.64,12.645,12.6218,12.625,14161,2020-10-12 17:05:00,MAT
12.63,12.635,12.62,12.63,14918,2020-10-12 17:10:00,MAT
12.63,12.64,12.62,12.63,29771,2020-10-12 17:15:00,MAT
12.63,12.64,12.62,12.62,3772,2020-10-12 17:20:00,MAT
12.63,12.66,12.625,12.655,32416,2020-10-12 17:25:00,MAT
12.65,12.68,12.64,12.66,47053,2020-10-12 17:30:00,MAT
12.66,12.6697,12.65,12.65,14824,2020-10-12 17:35:00,MAT
12.66,12.66,12.63,12.635,67837,2020-10-12 17:40:00,MAT
12.6318,12.6376,12.62,12.62,16847,2020-10-12 17:45:00,MAT
12.625,12.625,12.61,12.615,8136,2020-10-12 17:50:00,MAT
12.61,12.625,12.61,12.62,31753,2020-10-12 17:55:00,MAT
12.62,12.63,12.61,12.61,10754,2020-10-12 18:00:00,MAT
12.62,12.62,12.61,12.615,24577,2020-10-12 18:05:00,MAT
12.615,12.62,12.605,12.615,29542,2020-10-12 18:10:00,MAT
12.62,12.62,12.605,12.605,20268,2020-10-12 18:15:00,MAT
12.605,12.605,12.565,12.575,55460,2020-10-12 18:20:00,MAT
12.58,12.59,12.57,12.575,98904,2020-10-12 18:25:00,MAT
12.58,12.595,12.56,12.565,51782,2020-10-12 18:30:00,MAT
12.565,12.585,12.555,12.585,66010,2020-10-12 18:35:00,MAT
12.58,12.6,12.57,12.585,48899,2020-10-12 18:40:00,MAT
12.59,12.6,12.58,12.585,12812,2020-10-12 18:45:00,MAT
12.58,12.6,12.57,12.6,38325,2020-10-12 18:50:00,MAT
12.6,12.61,12.6,12.605,16071,2020-10-12 18:55:00,MAT
12.605,12.61,12.58,12.595,63335,2020-10-12 19:00:00,MAT
12.595,12.595,12.585,12.59,10098,2020-10-12 19:05:00,MAT
12.595,12.6,12.59,12.59,8315,2020-10-12 19:10:00,MAT
12.59,12.62,12.59,12.61,36620,2020-10-12 19:15:00,MAT
12.615,12.63,12.615,12.63,21993,2020-10-12 19:20:00,MAT
12.626,12.645,12.6,12.625,64909,2020-10-12 19:25:00,MAT
12.625,12.64,12.625,12.635,21467,2020-10-12 19:30:00,MAT
12.635,12.645,12.63,12.6375,31268,2020-10-12 19:35:00,MAT
12.635,12.645,12.625,12.625,97232,2020-10-12 19:40:00,MAT
12.625,12.65,12.59,12.65,310213,2020-10-12 19:45:00,MAT
12.64,12.65,12.61,12.65,97520,2020-10-12 19:50:00,MAT
12.645,12.65,12.61,12.62,229065,2020-10-12 19:55:00,MAT
12.61,12.61,12.61,12.61,534433,2020-10-12 20:00:00,MAT
12.61,12.61,12.61,12.61,506,2020-10-12 20:15:00,MAT
12.62,12.62,12.62,12.62,100,2020-10-12 22:10:00,MAT
12.63,12.63,12.63,12.63,100,2020-10-12 22:20:00,MAT
12.63,12.63,12.63,12.63,200,2020-10-12 23:30:00,MAT
12.63,12.63,12.63,12.63,200,2020-10-12 23:50:00,MAT
12.5,12.5,12.5,12.5,500,2020-10-13 11:00:00,MAT
12.56,12.64,12.501,12.63,65928,2020-10-13 13:30:00,MAT
12.64,12.69,12.64,12.66,35349,2020-10-13 13:35:00,MAT
12.64,12.64,12.6,12.605,23403,2020-10-13 13:40:00,MAT
12.59,12.59,12.525,12.55,60980,2020-10-13 13:45:00,MAT
12.54,12.55,12.51,12.52,48521,2020-10-13 13:50:00,MAT
12.52,12.545,12.5135,12.535,26179,2020-10-13 13:55:00,MAT
12.53,12.56,12.495,12.55,62063,2020-10-13 14:00:00,MAT
12.55,12.5599,12.5,12.53,46591,2020-10-13 14:05:00,MAT
12.53,12.545,12.505,12.525,10878,2020-10-13 14:10:00,MAT
12.525,12.525,12.48,12.515,560586,2020-10-13 14:15:00,MAT
12.515,12.56,12.515,12.53,52122,2020-10-13 14:20:00,MAT
12.53,12.59,12.525,12.565,196481,2020-10-13 14:25:00,MAT
12.565,12.58,12.54,12.55,112718,2020-10-13 14:30:00,MAT
12.555,12.595,12.555,12.56,55382,2020-10-13 14:35:00,MAT
12.56,12.57,12.52,12.52,60472,2020-10-13 14:40:00,MAT
12.52,12.535,12.5,12.5083,61289,2020-10-13 14:45:00,MAT
12.505,12.52,12.5,12.52,11804,2020-10-13 14:50:00,MAT
12.52,12.525,12.5,12.5,9722,2020-10-13 14:55:00,MAT
12.5,12.512,12.495,12.508,23666,2020-10-13 15:00:00,MAT
12.5,12.5192,12.5,12.505,21519,2020-10-13 15:05:00,MAT
12.5,12.532,12.5,12.53,14017,2020-10-13 15:10:00,MAT
12.53,12.53,12.51,12.51,6357,2020-10-13 15:15:00,MAT
12.515,12.52,12.51,12.52,6396,2020-10-13 15:20:00,MAT
12.52,12.54,12.515,12.54,19767,2020-10-13 15:25:00,MAT
12.54,12.555,12.52,12.52,35616,2020-10-13 15:30:00,MAT
12.515,12.52,12.51,12.51,10657,2020-10-13 15:35:00,MAT
12.51,12.555,12.495,12.55,78476,2020-10-13 15:40:00,MAT
12.55,12.555,12.51,12.54,65742,2020-10-13 15:45:00,MAT
12.54,12.58,12.54,12.555,42015,2020-10-13 15:50:00,MAT
12.555,12.56,12.55,12.56,19789,2020-10-13 15:55:00,MAT
12.56,12.56,12.54,12.545,10092,2020-10-13 16:00:00,MAT
12.55,12.55,12.54,12.54,4686,2020-10-13 16:05:00,MAT
12.545,12.545,12.53,12.53,23880,2020-10-13 16:10:00,MAT
12.53,12.538,12.52,12.52,8792,2020-10-13 16:15:00,MAT
12.52,12.53,12.52,12.53,8540,2020-10-13 16:20:00,MAT
12.53,12.53,12.52,12.52,2914,2020-10-13 16:25:00,MAT
12.52,12.57,12.505,12.51,76814,2020-10-13 16:30:00,MAT
12.51,12.53,12.5,12.52,82454,2020-10-13 16:35:00,MAT
12.53,12.545,12.52,12.52,16034,2020-10-13 16:40:00,MAT
12.525,12.57,12.52,12.57,31690,2020-10-13 16:45:00,MAT
12.57,12.585,12.565,12.58,10818,2020-10-13 16:50:00,MAT
12.58,12.595,12.54,12.59,126305,2020-10-13 16:55:00,MAT
12.59,12.61,12.57,12.58,46309,2020-10-13 17:00:00,MAT
12.59,12.59,12.55,12.55,8417,2020-10-13 17:05:00,MAT
12.555,12.57,12.55,12.56,11151,2020-10-13 17:10:00,MAT
12.555,12.57,12.54,12.54,20772,2020-10-13 17:15:00,MAT
12.54,12.59,12.54,12.59,465074,2020-10-13 17:20:00,MAT
12.6,12.625,12.59,12.615,91277,2020-10-13 17:25:00,MAT
12.615,12.62,12.6,12.6,11850,2020-10-13 17:30:00,MAT
12.6,12.605,12.58,12.58,16538,2020-10-13 17:35:00,MAT
12.58,12.59,12.58,12.58,7100,2020-10-13 17:40:00,MAT
12.585,12.615,12.58,12.6,22224,2020-10-13 17:45:00,MAT
12.608,12.61,12.6,12.6,3200,2020-10-13 17:50:00,MAT
12.605,12.605,12.57,12.57,11632,2020-10-13 17:55:00,MAT
12.57,12.575,12.55,12.55,15543,2020-10-13 18:00:00,MAT
12.555,12.565,12.54,12.565,80981,2020-10-13 18:05:00,MAT
12.565,12.57,12.55,12.55,14973,2020-10-13 18:10:00,MAT
12.555,12.595,12.55,12.58,33221,2020-10-13 18:15:00,MAT
12.58,12.59,12.57,12.59,12062,2020-10-13 18:20:00,MAT
12.59,12.595,12.52,12.52,75490,2020-10-13 18:25:00,MAT
12.5218,12.545,12.49,12.53,515372,2020-10-13 18:30:00,MAT
12.53,12.56,12.525,12.56,102047,2020-10-13 18:35:00,MAT
12.56,12.565,12.53,12.545,13795,2020-10-13 18:40:00,MAT
12.55,12.56,12.54,12.54,12859,2020-10-13 18:45:00,MAT
12.54,12.54,12.53,12.535,8146,2020-10-13 18:50:00,MAT
12.535,12.56,12.535,12.545,27335,2020-10-13 18:55:00,MAT
12.545,12.565,12.545,12.555,6627,2020-10-13 19:00:00,MAT
12.555,12.555,12.54,12.55,16880,2020-10-13 19:05:00,MAT
12.55,12.59,12.545,12.585,45085,2020-10-13 19:10:00,MAT
12.58,12.605,12.58,12.595,42759,2020-10-13 19:15:00,MAT
12.59,12.6,12.585,12.6,12862,2020-10-13 19:20:00,MAT
12.595,12.615,12.59,12.612,448939,2020-10-13 19:25:00,MAT
12.62,12.65,12.61,12.61,234597,2020-10-13 19:30:00,MAT
12.61,12.615,12.59,12.595,64420,2020-10-13 19:35:00,MAT
12.6,12.6,12.58,12.59,120085,2020-10-13 19:40:00,MAT
12.59,12.6,12.57,12.57,115611,2020-10-13 19:45:00,MAT
12.57,12.59,12.57,12.59,56013,2020-10-13 19:50:00,MAT
12.585,12.59,12.54,12.545,429515,2020-10-13 19:55:00,MAT
12.55,12.55,12.55,12.55,189501,2020-10-13 20:00:00,MAT
12.55,12.55,12.55,12.55,271,2020-10-13 20:20:00,MAT
12.65,12.65,12.65,12.65,100,2020-10-13 22:50:00,MAT
12.54,12.54,12.54,12.54,700,2020-10-14 12:15:00,MAT
12.55,12.62,12.55,12.58,44520,2020-10-14 13:30:00,MAT
12.56,12.64,12.55,12.64,93526,2020-10-14 13:35:00,MAT
12.635,12.7,12.635,12.67,28280,2020-10-14 13:40:00,MAT
12.665,12.68,12.65,12.67,22097,2020-10-14 13:45:00,MAT
12.6652,12.68,12.655,12.655,17101,2020-10-14 13:50:00,MAT
12.655,12.655,12.62,12.65,17018,2020-10-14 13:55:00,MAT
12.645,12.68,12.64,12.67,26247,2020-10-14 14:00:00,MAT
12.68,12.68,12.655,12.66,8816,2020-10-14 14:05:00,MAT
12.655,12.67,12.625,12.64,24756,2020-10-14 14:10:00,MAT
12.6308,12.64,12.6,12.6,53571,2020-10-14 14:15:00,MAT
12.6,12.619,12.59,12.6,36052,2020-10-14 14:20:00,MAT
12.6,12.6,12.58,12.595,23077,2020-10-14 14:25:00,MAT
12.6,12.605,12.58,12.595,43638,2020-10-14 14:30:00,MAT
12.6,12.63,12.6,12.63,18086,2020-10-14 14:35:00,MAT
12.63,12.64,12.55,12.63,992117,2020-10-14 14:40:00,MAT
12.63,12.64,12.59,12.63,224347,2020-10-14 14:45:00,MAT
12.63,12.67,12.63,12.64,43599,2020-10-14 14:50:00,MAT
12.63,12.65,12.63,12.65,11220,2020-10-14 14:55:00,MAT
12.65,12.66,12.62,12.62,28699,2020-10-14 15:00:00,MAT
12.625,12.655,12.62,12.65,13922,2020-10-14 15:05:00,MAT
12.655,12.665,12.63,12.6379,38837,2020-10-14 15:10:00,MAT
12.64,12.65,12.635,12.64,16129,2020-10-14 15:15:00,MAT
12.645,12.68,12.64,12.67,42175,2020-10-14 15:20:00,MAT
12.68,12.68,12.67,12.68,7271,2020-10-14 15:25:00,MAT
12.675,12.68,12.66,12.66,21283,2020-10-14 15:30:00,MAT
12.67,12.6718,12.63,12.63,49657,2020-10-14 15:35:00,MAT
12.63,12.63,12.61,12.62,14517,2020-10-14 15:40:00,MAT
12.62,12.62,12.59,12.59,111060,2020-10-14 15:45:00,MAT
12.59,12.59,12.5,12.51,204378,2020-10-14 15:50:00,MAT
12.51,12.53,12.505,12.525,13363,2020-10-14 15:55:00,MAT
12.52,12.55,12.52,12.545,26814,2020-10-14 16:00:00,MAT
12.545,12.56,12.52,12.5394,34432,2020-10-14 16:05:00,MAT
12.53,12.53,12.51,12.51,10411,2020-10-14 16:10:00,MAT
12.51,12.51,12.465,12.48,90992,2020-10-14 16:15:00,MAT
12.472,12.48,12.44,12.4453,191096,2020-10-14 16:20:00,MAT
12.442,12.48,12.442,12.455,111527,2020-10-14 16:25:00,MAT
12.455,12.49,12.45,12.49,11574,2020-10-14 16:30:00,MAT
12.49,12.495,12.455,12.472,34269,2020-10-14 16:35:00,MAT
12.47,12.49,12.465,12.49,4100,2020-10-14 16:40:00,MAT
12.49,12.5,12.465,12.48,15892,2020-10-14 16:45:00,MAT
12.47,12.485,12.47,12.47,10827,2020-10-14 16:50:00,MAT
12.47,12.49,12.46,12.47,6220,2020-10-14 16:55:00,MAT
12.47,12.49,12.47,12.485,7522,2020-10-14 17:00:00,MAT
12.485,12.49,12.465,12.48,14853,2020-10-14 17:05:00,MAT
12.49,12.51,12.47,12.49,37131,2020-10-14 17:10:00,MAT
12.4961,12.4961,12.49,12.495,5945,2020-10-14 17:15:00,MAT
12.49,12.512,12.49,12.51,17491,2020-10-14 17:20:00,MAT
12.52,12.55,12.51,12.53,52494,2020-10-14 17:25:00,MAT
12.525,12.535,12.51,12.515,8887,2020-10-14 17:30:00,MAT
12.52,12.52,12.51,12.51,999,2020-10-14 17:35:00,MAT
12.515,12.52,12.5,12.5,7452,2020-10-14 17:40:00,MAT
12.505,12.515,12.5,12.5,6883,2020-10-14 17:45:00,MAT
12.505,12.51,12.5,12.5,11995,2020-10-14 17:50:00,MAT
12.505,12.51,12.5,12.5,2460,2020-10-14 17:55:00,MAT
12.505,12.505,12.48,12.495,22566,2020-10-14 18:00:00,MAT
12.495,12.52,12.495,12.515,14523,2020-10-14 18:05:00,MAT
12.515,12.515,12.49,12.49,77128,2020-10-14 18:10:00,MAT
12.485,12.505,12.48,12.495,12089,2020-10-14 18:15:00,MAT
12.495,12.5,12.49,12.495,11795,2020-10-14 18:20:00,MAT
12.495,12.52,12.465,12.465,74027,2020-10-14 18:25:00,MAT
12.465,12.47,12.44,12.4453,82628,2020-10-14 18:30:00,MAT
12.445,12.485,12.445,12.475,25873,2020-10-14 18:35:00,MAT
12.48,12.49,12.48,12.49,12118,2020-10-14 18:40:00,MAT
12.49,12.49,12.47,12.49,10500,2020-10-14 18:45:00,MAT
12.49,12.49,12.48,12.485,11860,2020-10-14 18:50:00,MAT
12.49,12.49,12.45,12.48,62260,2020-10-14 18:55:00,MAT
12.475,12.5,12.47,12.49,44756,2020-10-14 19:00:00,MAT
12.485,12.49,12.455,12.46,64704,2020-10-14 19:05:00,MAT
12.46,12.53,12.46,12.51,283928,2020-10-14 19:10:00,MAT
12.51,12.52,12.5,12.51,17231,2020-10-14 19:15:00,MAT
12.51,12.54,12.5,12.505,219496,2020-10-14 19:20:00,MAT
12.51,12.51,12.48,12.485,38291,2020-10-14 19:25:00,MAT
12.485,12.505,12.48,12.49,55771,2020-10-14 19:30:00,MAT
12.485,12.5,12.48,12.495,81048,2020-10-14 19:35:00,MAT
12.5,12.505,12.49,12.495,48546,2020-10-14 19:40:00,MAT
12.495,12.52,12.49,12.49,93848,2020-10-14 19:45:00,MAT
12.49,12.5,12.46,12.49,157297,2020-10-14 19:50:00,MAT
12.49,12.49,12.43,12.43,368317,2020-10-14 19:55:00,MAT
12.435,12.5,12.4,12.435,722063,2020-10-14 20:00:00,MAT
12.44,12.44,12.44,12.44,100,2020-10-15 11:30:00,MAT
12.38,12.38,12.38,12.38,200,2020-10-15 13:15:00,MAT
12.3,12.3001,12.2,12.28,32406,2020-10-15 13:30:00,MAT
12.285,12.33,12.28,12.3,33833,2020-10-15 13:35:00,MAT
12.305,12.325,12.28,12.295,25157,2020-10-15 13:40:00,MAT
12.3,12.39,12.29,12.365,47794,2020-10-15 13:45:00,MAT
12.37,12.39,12.335,12.35,22482,2020-10-15 13:50:00,MAT
12.355,12.365,12.33,12.355,22957,2020-10-15 13:55:00,MAT
12.36,12.365,12.3,12.315,28618,2020-10-15 14:00:00,MAT
12.315,12.32,12.29,12.29,14669,2020-10-15 14:05:00,MAT
12.295,12.33,12.285,12.31,9384,2020-10-15 14:10:00,MAT
12.315,12.36,12.305,12.355,16849,2020-10-15 14:15:00,MAT
12.35,12.35,12.325,12.335,6556,2020-10-15 14:20:00,MAT
12.335,12.335,12.315,12.325,14049,2020-10-15 14:25:00,MAT
12.33,12.33,12.295,12.32,29133,2020-10-15 14:30:00,MAT
12.32,12.32,12.285,12.295,23621,2020-10-15 14:35:00,MAT
12.295,12.315,12.28,12.295,9742,2020-10-15 14:40:00,MAT
12.295,12.33,12.2949,12.315,18091,2020-10-15 14:45:00,MAT
12.31,12.32,12.305,12.305,22039,2020-10-15 14:50:00,MAT
12.305,12.355,12.3,12.355,37306,2020-10-15 14:55:00,MAT
12.355,12.355,12.315,12.325,32806,2020-10-15 15:00:00,MAT
12.33,12.41,12.3,12.405,224003,2020-10-15 15:05:00,MAT
12.405,12.46,12.38,12.46,83820,2020-10-15 15:10:00,MAT
12.4575,12.47,12.425,12.455,42521,2020-10-15 15:15:00,MAT
12.445,12.46,12.42,12.45,31261,2020-10-15 15:20:00,MAT
12.45,12.46,12.415,12.415,7574,2020-10-15 15:25:00,MAT
12.415,12.42,12.4,12.405,11559,2020-10-15 15:30:00,MAT
12.405,12.44,12.4,12.425,32139,2020-10-15 15:35:00,MAT
12.425,12.47,12.425,12.45,22253,2020-10-15 15:40:00,MAT
12.45,12.465,12.435,12.44,18329,2020-10-15 15:45:00,MAT
12.445,12.465,12.43,12.46,20189,2020-10-15 15:50:00,MAT
12.46,12.46,12.43,12.43,7789,2020-10-15 15:55:00,MAT
12.43,12.435,12.415,12.4191,7190,2020-10-15 16:00:00,MAT
12.415,12.425,12.395,12.4,27503,2020-10-15 16:05:00,MAT
12.395,12.41,12.38,12.405,52783,2020-10-15 16:10:00,MAT
12.4,12.42,12.395,12.41,15655,2020-10-15 16:15:00,MAT
12.405,12.425,12.405,12.42,8222,2020-10-15 16:20:00,MAT
12.425,12.425,12.405,12.41,4363,2020-10-15 16:25:00,MAT
12.41,12.45,12.41,12.43,24378,2020-10-15 16:30:00,MAT
12.43,12.455,12.425,12.43,13694,2020-10-15 16:35:00,MAT
12.43,12.44,12.41,12.415,9060,2020-10-15 16:40:00,MAT
12.415,12.42,12.41,12.415,9099,2020-10-15 16:45:00,MAT
12.415,12.46,12.41,12.455,16475,2020-10-15 16:50:00,MAT
12.46,12.465,12.435,12.455,22650,2020-10-15 16:55:00,MAT
12.45,12.505,12.44,12.495,40507,2020-10-15 17:00:00,MAT
12.49,12.5,12.48,12.485,7741,2020-10-15 17:05:00,MAT
12.485,12.5,12.475,12.485,12129,2020-10-15 17:10:00,MAT
12.49,12.49,12.47,12.47,16538,2020-10-15 17:15:00,MAT
12.48,12.48,12.47,12.4718,9575,2020-10-15 17:20:00,MAT
12.48,12.49,12.475,12.48,8429,2020-10-15 17:25:00,MAT
12.48,12.48,12.455,12.46,7850,2020-10-15 17:30:00,MAT
12.465,12.49,12.465,12.475,7299,2020-10-15 17:35:00,MAT
12.475,12.485,12.455,12.485,9913,2020-10-15 17:40:00,MAT
12.495,12.495,12.47,12.47,1900,2020-10-15 17:45:00,MAT
12.47,12.475,12.46,12.46,4749,2020-10-15 17:50:00,MAT
12.465,12.49,12.4618,12.475,6045,2020-10-15 17:55:00,MAT
12.475,12.49,12.475,12.485,4000,2020-10-15 18:00:00,MAT
12.485,12.495,12.48,12.485,9476,2020-10-15 18:05:00,MAT
12.48,12.5,12.475,12.485,12781,2020-10-15 18:10:00,MAT
12.485,12.5,12.48,12.495,5891,2020-10-15 18:15:00,MAT
12.49,12.5,12.475,12.475,7932,2020-10-15 18:20:00,MAT
12.48,12.5,12.475,12.48,55853,2020-10-15 18:25:00,MAT
12.48,12.48,12.47,12.475,10102,2020-10-15 18:30:00,MAT
12.47,12.47,12.46,12.465,1900,2020-10-15 18:35:00,MAT
12.47,12.47,12.46,12.46,3450,2020-10-15 18:40:00,MAT
12.46,12.465,12.45,12.465,19331,2020-10-15 18:45:00,MAT
12.465,12.48,12.465,12.475,13420,2020-10-15 18:50:00,MAT
12.475,12.48,12.47,12.475,16340,2020-10-15 18:55:00,MAT
12.475,12.485,12.46,12.465,30313,2020-10-15 19:00:00,MAT
12.465,12.48,12.435,12.445,73658,2020-10-15 19:05:00,MAT
12.445,12.475,12.44,12.45,103651,2020-10-15 19:10:00,MAT
12.45,12.455,12.44,12.445,20614,2020-10-15 19:15:00,MAT
12.445,12.46,12.39,12.4,209963,2020-10-15 19:20:00,MAT
12.395,12.445,12.395,12.43,91709,2020-10-15 19:25:00,MAT
12.43,12.45,12.42,12.435,23017,2020-10-15 19:30:00,MAT
12.435,12.455,12.435,12.455,24386,2020-10-15 19:35:00,MAT
12.45,12.46,12.44,12.4401,36780,2020-10-15 19:40:00,MAT
12.44,12.45,12.43,12.4301,46239,2020-10-15 19:45:00,MAT
12.43,12.45,12.42,12.44,75178,2020-10-15 19:50:00,MAT
12.435,12.45,12.39,12.39,503455,2020-10-15 19:55:00,MAT
12.39,12.45,12.39,12.45,362289,2020-10-15 20:00:00,MAT
12.41,12.41,12.41,12.41,100,2020-10-15 23:35:00,MAT
12.39,12.39,12.39,12.39,140,2020-10-16 12:40:00,MAT
12.4,12.45,12.345,12.43,45843,2020-10-16 13:30:00,MAT
12.42,12.42,12.33,12.41,91222,2020-10-16 13:35:00,MAT
12.4,12.4,12.37,12.38,174514,2020-10-16 13:40:00,MAT
12.37,12.39,12.325,12.385,68453,2020-10-16 13:45:00,MAT
12.38,12.415,12.38,12.39,36066,2020-10-16 13:50:00,MAT
12.39,12.425,12.38,12.39,25562,2020-10-16 13:55:00,MAT
12.39,12.41,12.39,12.405,7533,2020-10-16 14:00:00,MAT
12.405,12.41,12.4,12.405,4600,2020-10-16 14:05:00,MAT
12.405,12.405,12.37,12.405,15867,2020-10-16 14:10:00,MAT
12.4,12.405,12.37,12.38,14020,2020-10-16 14:15:00,MAT
12.38,12.405,12.38,12.4,11973,2020-10-16 14:20:00,MAT
12.4,12.425,12.4,12.42,98700,2020-10-16 14:25:00,MAT
12.405,12.47,12.39,12.43,81114,2020-10-16 14:30:00,MAT
12.43,12.43,12.37,12.415,29204,2020-10-16 14:35:00,MAT
12.42,12.42,12.37,12.37,19663,2020-10-16 14:40:00,MAT
12.3719,12.4,12.37,12.39,14321,2020-10-16 14:45:00,MAT
12.39,12.43,12.38,12.43,16286,2020-10-16 14:50:00,MAT
12.435,12.435,12.405,12.41,20013,2020-10-16 14:55:00,MAT
12.41,12.425,12.405,12.4153,10792,2020-10-16 15:00:00,MAT
12.41,12.42,12.4,12.4,9893,2020-10-16 15:05:00,MAT
12.4,12.405,12.38,12.38,14546,2020-10-16 15:10:00,MAT
12.38,12.385,12.37,12.385,3010,2020-10-16 15:15:00,MAT
12.385,12.3976,12.37,12.39,14101,2020-10-16 15:20:00,MAT
12.38,12.4,12.375,12.4,6895,2020-10-16 15:25:00,MAT
12.392,12.41,12.38,12.41,18864,2020-10-16 15:30:00,MAT
12.42,12.445,12.415,12.44,8392,2020-10-16 15:35:00,MAT
12.45,12.48,12.445,12.48,12001,2020-10-16 15:40:00,MAT
12.48,12.5,12.475,12.49,27053,2020-10-16 15:45:00,MAT
12.49,12.505,12.49,12.505,54624,2020-10-16 15:50:00,MAT
12.51,12.52,12.47,12.5,651664,2020-10-16 15:55:00,MAT
12.49,12.52,12.49,12.515,10828,2020-10-16 16:00:00,MAT
12.515,12.52,12.495,12.51,8951,2020-10-16 16:05:00,MAT
12.51,12.52,12.495,12.52,10783,2020-10-16 16:10:00,MAT
12.525,12.525,12.51,12.525,8473,2020-10-16 16:15:00,MAT
12.52,12.54,12.52,12.54,7351,2020-10-16 16:20:00,MAT
12.532,12.54,12.515,12.525,21984,2020-10-16 16:25:00,MAT
12.525,12.525,12.5,12.5,5125,2020-10-16 16:30:00,MAT
12.5,12.5,12.48,12.48,6139,2020-10-16 16:35:00,MAT
12.49,12.5,12.465,12.47,30267,2020-10-16 16:40:00,MAT
12.46,12.499,12.46,12.47,38328,2020-10-16 16:45:00,MAT
12.47,12.49,12.46,12.485,10813,2020-10-16 16:50:00,MAT
12.49,12.55,12.48,12.54,20481,2020-10-16 16:55:00,MAT
12.535,12.55,12.525,12.54,19859,2020-10-16 17:00:00,MAT
12.535,12.56,12.53,12.545,105807,2020-10-16 17:05:00,MAT
12.55,12.555,12.535,12.54,7957,2020-10-16 17:10:00,MAT
12.54,12.55,12.54,12.55,4707,2020-10-16 17:15:00,MAT
12.54,12.555,12.535,12.555,6798,2020-10-16 17:20:00,MAT
12.55,12.56,12.54,12.555,13676,2020-10-16 17:25:00,MAT
12.56,12.57,12.55,12.57,17616,2020-10-16 17:30:00,MAT
12.565,12.595,12.565,12.59,23858,2020-10-16 17:35:00,MAT
12.59,12.6,12.58,12.6,12434,2020-10-16 17:40:00,MAT
12.6,12.6,12.57,12.59,14169,2020-10-16 17:45:00,MAT
12.585,12.595,12.585,12.59,8785,2020-10-16 17:50:00,MAT
12.58,12.58,12.55,12.56,16340,2020-10-16 17:55:00,MAT
12.56,12.56,12.54,12.54,9731,2020-10-16 18:00:00,MAT
12.54,12.55,12.52,12.53,31650,2020-10-16 18:05:00,MAT
12.53,12.55,12.53,12.55,8022,2020-10-16 18:10:00,MAT
12.55,12.56,12.545,12.55,11918,2020-10-16 18:15:00,MAT
12.55,12.57,12.53,12.57,38221,2020-10-16 18:20:00,MAT
12.575,12.6,12.575,12.595,37360,2020-10-16 18:25:00,MAT
12.595,12.63,12.595,12.62,47294,2020-10-16 18:30:00,MAT
12.625,12.625,12.58,12.585,16199,2020-10-16 18:35:00,MAT
12.5883,12.595,12.57,12.585,12848,2020-10-16 18:40:00,MAT
12.58,12.585,12.57,12.57,10787,2020-10-16 18:45:00,MAT
12.58,12.5985,12.58,12.59,5892,2020-10-16 18:50:00,MAT
12.6,12.6,12.58,12.595,7841,2020-10-16 18:55:00,MAT
12.591,12.6,12.585,12.59,14115,2020-10-16 19:00:00,MAT
12.58,12.595,12.58,12.585,4806,2020-10-16 19:05:00,MAT
12.59,12.595,12.55,12.565,46765,2020-10-16 19:10:00,MAT
12.57,12.57,12.55,12.55,11206,2020-10-16 19:15:00,MAT
12.555,12.555,12.54,12.54,15222,2020-10-16 19:20:00,MAT
12.55,12.56,12.545,12.56,16173,2020-10-16 19:25:00,MAT
12.55,12.56,12.55,12.56,10295,2020-10-16 19:30:00,MAT
12.56,12.58,12.55,12.5599,348867,2020-10-16 19:35:00,MAT
12.55,12.56,12.53,12.55,61123,2020-10-16 19:40:00,MAT
12.555,12.585,12.54,12.5783,148930,2020-10-16 19:45:00,MAT
12.575,12.59,12.56,12.59,163369,2020-10-16 19:50:00,MAT
12.585,12.635,12.585,12.6,483472,2020-10-16 19:55:00,MAT
12.6,12.6,12.52,12.6,144964,2020-10-16 20:00:00,MAT
12.63,12.95,12.63,12.95,1100,2020-10-19 11:00:00,MAT
12.7,12.7,12.7,12.7,100,2020-10-19 11:55:00,MAT
12.7,12.7,12.65,12.65,2301,2020-10-19 12:00:00,MAT
12.75,12.75,12.75,12.75,902,2020-10-19 12:15:00,MAT
12.77,12.8,12.75,12.75,4200,2020-10-19 12:45:00,MAT
12.7,12.7,12.69,12.7,700,2020-10-19 12:55:00,MAT
12.75,12.75,12.75,12.75,200,2020-10-19 13:20:00,MAT
12.89,12.91,12.7,12.91,113886,2020-10-19 13:30:00,MAT
12.91,13.01,12.895,12.99,104849,2020-10-19 13:35:00,MAT
12.985,12.99,12.905,12.92,24461,2020-10-19 13:40:00,MAT
12.92,12.92,12.83,12.86,44655,2020-10-19 13:45:00,MAT
12.86,12.865,12.81,12.83,22416,2020-10-19 13:50:00,MAT
12.83,12.86,12.79,12.79,25216,2020-10-19 13:55:00,MAT
12.79,12.81,12.775,12.8,12328,2020-10-19 14:00:00,MAT
12.81,12.81,12.775,12.78,11578,2020-10-19 14:05:00,MAT
12.77,12.78,12.74,12.745,27154,2020-10-19 14:10:00,MAT
12.745,12.775,12.735,12.775,25459,2020-10-19 14:15:00,MAT
12.7737,12.8,12.76,12.795,8826,2020-10-19 14:20:00,MAT
12.79,12.79,12.765,12.785,14164,2020-10-19 14:25:00,MAT
12.78,12.78,12.76,12.765,23506,2020-10-19 14:30:00,MAT
12.765,12.765,12.715,12.74,20969,2020-10-19 14:35:00,MAT
12.74,12.76,12.74,12.75,12662,2020-10-19 14:40:00,MAT
12.75,12.76,12.71,12.715,27427,2020-10-19 14:45:00,MAT
12.71,12.745,12.705,12.745,15703,2020-10-19 14:50:00,MAT
12.745,12.77,12.74,12.74,10504,2020-10-19 14:55:00,MAT
12.74,12.755,12.73,12.735,17735,2020-10-19 15:00:00,MAT
12.73,12.74,12.72,12.74,9613,2020-10-19 15:05:00,MAT
12.735,12.76,12.73,12.76,9775,2020-10-19 15:10:00,MAT
12.75,12.75,12.73,12.74,11470,2020-10-19 15:15:00,MAT
12.735,12.75,12.68,12.68,67878,2020-10-19 15:20:00,MAT
12.68,12.69,12.67,12.67,22363,2020-10-19 15:25:00,MAT
12.67,12.67,12.63,12.64,21983,2020-10-19 15:30:00,MAT
12.64,12.66,12.6124,12.64,55651,2020-10-19 15:35:00,MAT
12.635,12.645,12.61,12.61,30495,2020-10-19 15:40:00,MAT
12.61,12.64,12.6,12.63,23085,2020-10-19 15:45:00,MAT
12.62,12.635,12.615,12.62,17850,2020-10-19 15:50:00,MAT
12.6219,12.64,12.605,12.63,11360,2020-10-19 15:55:00,MAT
12.63,12.645,12.605,12.63,14606,2020-10-19 16:00:00,MAT
12.62,12.62,12.59,12.605,19035,2020-10-19 16:05:00,MAT
12.61,12.62,12.605,12.615,5038,2020-10-19 16:10:00,MAT
12.62,12.62,12.6,12.615,6688,2020-10-19 16:15:00,MAT
12.62,12.62,12.6,12.62,12255,2020-10-19 16:20:00,MAT
12.63,12.63,12.6,12.61,33997,2020-10-19 16:25:00,MAT
12.605,12.61,12.6,12.61,6156,2020-10-19 16:30:00,MAT
12.6,12.62,12.595,12.605,30493,2020-10-19 16:35:00,MAT
12.61,12.63,12.6,12.6,17726,2020-10-19 16:40:00,MAT
12.605,12.615,12.6,12.605,8317,2020-10-19 16:45:00,MAT
12.605,12.62,12.595,12.62,41003,2020-10-19 16:50:00,MAT
12.61,12.62,12.605,12.615,13656,2020-10-19 16:55:00,MAT
12.615,12.63,12.59,12.59,60895,2020-10-19 17:00:00,MAT
12.59,12.595,12.575,12.585,37403,2020-10-19 17:05:00,MAT
12.585,12.595,12.58,12.585,33873,2020-10-19 17:10:00,MAT
12.59,12.59,12.56,12.58,48747,2020-10-19 17:15:00,MAT
12.58,12.59,12.57,12.575,11683,2020-10-19 17:20:00,MAT
12.575,12.575,12.55,12.56,19695,2020-10-19 17:25:00,MAT
12.555,12.565,12.545,12.555,27881,2020-10-19 17:30:00,MAT
12.555,12.56,12.53,12.5318,49157,2020-10-19 17:35:00,MAT
12.535,12.54,12.51,12.515,26027,2020-10-19 17:40:00,MAT
12.515,12.53,12.5,12.505,29943,2020-10-19 17:45:00,MAT
12.5,12.54,12.5,12.5367,75171,2020-10-19 17:50:00,MAT
12.535,12.54,12.525,12.53,24116,2020-10-19 17:55:00,MAT
12.535,12.56,12.525,12.55,84742,2020-10-19 18:00:00,MAT
12.55,12.565,12.52,12.52,115691,2020-10-19 18:05:00,MAT
12.515,12.575,12.515,12.575,44367,2020-10-19 18:10:00,MAT
12.575,12.6,12.575,12.59,28321,2020-10-19 18:15:00,MAT
12.585,12.61,12.54,12.605,166788,2020-10-19 18:20:00,MAT
12.6,12.625,12.595,12.605,22491,2020-10-19 18:25:00,MAT
12.6,12.61,12.5701,12.5712,54471,2020-10-19 18:30:00,MAT
12.575,12.575,12.555,12.56,29631,2020-10-19 18:35:00,MAT
12.555,12.575,12.55,12.56,19745,2020-10-19 18:40:00,MAT
12.55,12.56,12.53,12.54,35094,2020-10-19 18:45:00,MAT
12.53,12.54,12.51,12.518,100579,2020-10-19 18:50:00,MAT
12.515,12.54,12.51,12.515,61109,2020-10-19 18:55:00,MAT
12.515,12.545,12.51,12.525,126979,2020-10-19 19:00:00,MAT
12.525,12.53,12.51,12.525,37960,2020-10-19 19:05:00,MAT
12.53,12.58,12.525,12.565,40806,2020-10-19 19:10:00,MAT
12.56,12.57,12.54,12.5572,38335,2020-10-19 19:15:00,MAT
12.555,12.56,12.54,12.55,35487,2020-10-19 19:20:00,MAT
12.545,12.585,12.54,12.585,46853,2020-10-19 19:25:00,MAT
12.58,12.6,12.58,12.58,38583,2020-10-19 19:30:00,MAT
12.58,12.6,12.57,12.6,37544,2020-10-19 19:35:00,MAT
12.595,12.6,12.58,12.59,62783,2020-10-19 19:40:00,MAT
12.59,12.595,12.57,12.58,59253,2020-10-19 19:45:00,MAT
12.57,12.58,12.53,12.53,128041,2020-10-19 19:50:00,MAT
12.53,12.54,12.52,12.525,237269,2020-10-19 19:55:00,MAT
12.525,12.55,12.525,12.55,315376,2020-10-19 20:00:00,MAT
12.75,12.75,12.75,12.75,100,2020-10-19 22:00:00,MAT
12.5,12.5,12.5,12.5,100,2020-10-19 22:05:00,MAT
12.55,12.55,12.55,12.55,100,2020-10-19 23:05:00,MAT
12.64,12.65,12.63,12.65,900,2020-10-20 11:30:00,MAT
12.67,12.67,12.67,12.67,600,2020-10-20 11:40:00,MAT
12.67,12.67,12.67,12.67,100,2020-10-20 11:45:00,MAT
12.57,12.57,12.57,12.57,200,2020-10-20 12:15:00,MAT
12.63,12.63,12.63,12.63,100,2020-10-20 12:40:00,MAT
12.62,12.62,12.62,12.62,303,2020-10-20 12:50:00,MAT
12.56,12.56,12.55,12.55,5182,2020-10-20 13:25:00,MAT
12.62,12.6502,12.59,12.61,38871,2020-10-20 13:30:00,MAT
12.6,12.64,12.58,12.615,20406,2020-10-20 13:35:00,MAT
12.62,12.68,12.61,12.62,35328,2020-10-20 13:40:00,MAT
12.63,12.66,12.62,12.65,21814,2020-10-20 13:45:00,MAT
12.655,12.685,12.65,12.68,11248,2020-10-20 13:50:00,MAT
12.6783,12.7099,12.675,12.705,14093,2020-10-20 13:55:00,MAT
12.705,12.72,12.65,12.67,20239,2020-10-20 14:00:00,MAT
12.67,12.675,12.65,12.655,12155,2020-10-20 14:05:00,MAT
12.66,12.66,12.62,12.63,20165,2020-10-20 14:10:00,MAT
12.63,12.655,12.63,12.65,8617,2020-10-20 14:15:00,MAT
12.64,12.675,12.64,12.67,9332,2020-10-20 14:20:00,MAT
12.68,12.68,12.66,12.67,12638,2020-10-20 14:25:00,MAT
12.675,12.69,12.665,12.69,10998,2020-10-20 14:30:00,MAT
12.68,12.722,12.68,12.722,4779,2020-10-20 14:35:00,MAT
12.72,12.755,12.72,12.735,23934,2020-10-20 14:40:00,MAT
12.73,12.75,12.73,12.75,8366,2020-10-20 14:45:00,MAT
12.75,12.77,12.75,12.755,13919,2020-10-20 14:50:00,MAT
12.7531,12.755,12.7,12.715,15782,2020-10-20 14:55:00,MAT
12.69,12.705,12.6399,12.66,34252,2020-10-20 15:00:00,MAT
12.66,12.67,12.645,12.665,25346,2020-10-20 15:05:00,MAT
12.665,12.67,12.64,12.655,11520,2020-10-20 15:10:00,MAT
12.655,12.67,12.65,12.6675,6876,2020-10-20 15:15:00,MAT
12.66,12.7,12.66,12.68,9902,2020-10-20 15:20:00,MAT
12.6825,12.71,12.6825,12.7,13102,2020-10-20 15:25:00,MAT
12.7,12.7225,12.685,12.71,16132,2020-10-20 15:30:00,MAT
12.7,12.72,12.69,12.7125,7638,2020-10-20 15:35:00,MAT
12.7125,12.715,12.69,12.7025,5763,2020-10-20 15:40:00,MAT
12.7,12.705,12.685,12.7,10919,2020-10-20 15:45:00,MAT
12.695,12.715,12.69,12.71,9512,2020-10-20 15:50:00,MAT
12.705,12.715,12.68,12.69,9340,2020-10-20 15:55:00,MAT
12.685,12.69,12.665,12.685,16026,2020-10-20 16:00:00,MAT
12.69,12.6912,12.67,12.68,7553,2020-10-20 16:05:00,MAT
12.675,12.695,12.665,12.675,9822,2020-10-20 16:10:00,MAT
12.68,12.68,12.675,12.68,2357,2020-10-20 16:15:00,MAT
12.68,12.68,12.65,12.66,18728,2020-10-20 16:20:00,MAT
12.665,12.665,12.64,12.64,13856,2020-10-20 16:25:00,MAT
12.6473,12.65,12.63,12.64,32174,2020-10-20 16:30:00,MAT
12.65,12.675,12.645,12.665,20967,2020-10-20 16:35:00,MAT
12.665,12.69,12.665,12.675,10540,2020-10-20 16:40:00,MAT
12.67,12.69,12.66,12.69,12618,2020-10-20 16:45:00,MAT
12.69,12.69,12.68,12.68,7408,2020-10-20 16:50:00,MAT
12.68,12.705,12.675,12.69,14500,2020-10-20 16:55:00,MAT
12.69,12.7,12.65,12.655,161069,2020-10-20 17:00:00,MAT
12.65,12.69,12.645,12.68,146110,2020-10-20 17:05:00,MAT
12.68,12.695,12.675,12.69,12039,2020-10-20 17:10:00,MAT
12.685,12.69,12.64,12.645,18153,2020-10-20 17:15:00,MAT
12.645,12.645,12.625,12.635,28828,2020-10-20 17:20:00,MAT
12.635,12.65,12.63,12.635,51514,2020-10-20 17:25:00,MAT
12.63,12.64,12.615,12.64,70182,2020-10-20 17:30:00,MAT
12.64,12.65,12.63,12.64,10621,2020-10-20 17:35:00,MAT
12.635,12.65,12.635,12.65,8785,2020-10-20 17:40:00,MAT
12.65,12.65,12.64,12.65,7350,2020-10-20 17:45:00,MAT
12.65,12.65,12.625,12.625,8645,2020-10-20 17:50:00,MAT
12.63,12.63,12.6,12.6083,28638,2020-10-20 17:55:00,MAT
12.61,12.615,12.565,12.565,50606,2020-10-20 18:00:00,MAT
12.565,12.565,12.54,12.555,54059,2020-10-20 18:05:00,MAT
12.56,12.575,12.555,12.565,16160,2020-10-20 18:10:00,MAT
12.56,12.59,12.56,12.575,11583,2020-10-20 18:15:00,MAT
12.57,12.57,12.56,12.57,3800,2020-10-20 18:20:00,MAT
12.57,12.575,12.56,12.56,21007,2020-10-20 18:25:00,MAT
12.56,12.6,12.555,12.6,71560,2020-10-20 18:30:00,MAT
12.59,12.6,12.585,12.6,9760,2020-10-20 18:35:00,MAT
12.5991,12.61,12.59,12.605,9000,2020-10-20 18:40:00,MAT
12.605,12.6059,12.575,12.585,13526,2020-10-20 18:45:00,MAT
12.58,12.58,12.565,12.575,13653,2020-10-20 18:50:00,MAT
12.575,12.58,12.5746,12.575,6675,2020-10-20 18:55:00,MAT
12.575,12.585,12.565,12.565,33615,2020-10-20 19:00:00,MAT
12.565,12.565,12.53,12.53,38499,2020-10-20 19:05:00,MAT
12.535,12.54,12.505,12.54,21292,2020-10-20 19:10:00,MAT
12.53,12.555,12.515,12.545,39590,2020-10-20 19:15:00,MAT
12.54,12.55,12.535,12.545,33496,2020-10-20 19:20:00,MAT
12.545,12.555,12.53,12.55,50970,2020-10-20 19:25:00,MAT
12.545,12.56,12.52,12.555,74342,2020-10-20 19:30:00,MAT
12.555,12.58,12.55,12.58,69853,2020-10-20 19:35:00,MAT
12.58,12.63,12.58,12.61,78454,2020-10-20 19:40:00,MAT
12.61,12.61,12.5799,12.5799,169338,2020-10-20 19:45:00,MAT
12.58,12.61,12.58,12.595,82126,2020-10-20 19:50:00,MAT
12.59,12.595,12.54,12.56,273509,2020-10-20 19:55:00,MAT
12.55,12.55,12.55,12.55,174966,2020-10-20 20:00:00,MAT
12.69,12.7,12.69,12.7,1130,2020-10-20 21:35:00,MAT
12.63,12.63,12.63,12.63,160,2020-10-21 13:05:00,MAT
12.6,12.6,12.6,12.6,2000,2020-10-21 13:20:00,MAT
12.6,12.665,12.55,12.59,70906,2020-10-21 13:30:00,MAT
12.59,12.6,12.54,12.56,54684,2020-10-21 13:35:00,MAT
12.57,12.62,12.565,12.61,42491,2020-10-21 13:40:00,MAT
12.61,12.66,12.58,12.625,46045,2020-10-21 13:45:00,MAT
12.625,12.65,12.61,12.625,24183,2020-10-21 13:50:00,MAT
12.625,12.625,12.605,12.61,17537,2020-10-21 13:55:00,MAT
12.615,12.615,12.55,12.6,33650,2020-10-21 14:00:00,MAT
12.605,12.63,12.55,12.59,75353,2020-10-21 14:05:00,MAT
12.585,12.6099,12.565,12.59,37329,2020-10-21 14:10:00,MAT
12.59,12.61,12.57,12.58,101022,2020-10-21 14:15:00,MAT
12.58,12.5902,12.57,12.57,21858,2020-10-21 14:20:00,MAT
12.575,12.595,12.56,12.57,24978,2020-10-21 14:25:00,MAT
12.58,12.63,12.58,12.625,18436,2020-10-21 14:30:00,MAT
12.63,12.63,12.59,12.61,19138,2020-10-21 14:35:00,MAT
12.6,12.61,12.59,12.6,8900,2020-10-21 14:40:00,MAT
12.59,12.63,12.58,12.58,10766,2020-10-21 14:45:00,MAT
12.585,12.585,12.55,12.55,13257,2020-10-21 14:50:00,MAT
12.55,12.565,12.55,12.555,32684,2020-10-21 14:55:00,MAT
12.55,12.56,12.54,12.545,52854,2020-10-21 15:00:00,MAT
12.545,12.55,12.54,12.54,1100,2020-10-21 15:05:00,MAT
12.56,12.56,12.54,12.545,19266,2020-10-21 15:30:00,MAT
12.54,12.58,12.54,12.58,20974,2020-10-21 15:35:00,MAT
12.575,12.59,12.55,12.555,43160,2020-10-21 15:40:00,MAT
12.55,12.56,12.54,12.545,18910,2020-10-21 15:45:00,MAT
12.545,12.545,12.525,12.525,25642,2020-10-21 15:50:00,MAT
12.52,12.52,12.48,12.485,26560,2020-10-21 15:55:00,MAT
12.485,12.52,12.485,12.52,25350,2020-10-21 16:00:00,MAT
12.515,12.535,12.505,12.53,17062,2020-10-21 16:05:00,MAT
12.52,12.5376,12.51,12.5376,53902,2020-10-21 16:10:00,MAT
12.54,12.54,12.515,12.5246,24278,2020-10-21 16:15:00,MAT
12.535,12.57,12.535,12.555,70598,2020-10-21 16:20:00,MAT
12.5599,12.5599,12.53,12.53,12958,2020-10-21 16:25:00,MAT
12.525,12.53,12.515,12.525,31992,2020-10-21 16:30:00,MAT
12.52,12.52,12.51,12.515,5218,2020-10-21 16:35:00,MAT
12.515,12.515,12.5,12.505,30656,2020-10-21 16:40:00,MAT
12.51,12.51,12.49,12.505,38796,2020-10-21 16:45:00,MAT
12.505,12.515,12.505,12.505,12586,2020-10-21 16:50:00,MAT
12.505,12.56,12.5,12.55,107982,2020-10-21 16:55:00,MAT
12.555,12.57,12.54,12.56,47658,2020-10-21 17:00:00,MAT
12.56,12.5676,12.555,12.5613,19272,2020-10-21 17:05:00,MAT
12.565,12.565,12.55,12.55,16712,2020-10-21 17:10:00,MAT
12.55,12.575,12.55,12.57,18984,2020-10-21 17:15:00,MAT
12.56,12.565,12.525,12.525,31910,2020-10-21 17:20:00,MAT
12.525,12.54,12.52,12.535,30860,2020-10-21 17:25:00,MAT
12.545,12.55,12.53,12.5399,20950,2020-10-21 17:30:00,MAT
12.535,12.55,12.525,12.525,24078,2020-10-21 17:35:00,MAT
12.53,12.535,12.525,12.535,6476,2020-10-21 17:40:00,MAT
12.54,12.555,12.53,12.54,36412,2020-10-21 17:45:00,MAT
12.54,12.555,12.525,12.535,20622,2020-10-21 17:50:00,MAT
12.53,12.54,12.52,12.535,7810,2020-10-21 17:55:00,MAT
12.535,12.545,12.52,12.535,25604,2020-10-21 18:00:00,MAT
12.53,12.535,12.52,12.52,13196,2020-10-21 18:05:00,MAT
12.53,12.54,12.52,12.5391,41242,2020-10-21 18:10:00,MAT
12.54,12.55,12.53,12.54,18094,2020-10-21 18:15:00,MAT
12.54,12.54,12.515,12.52,37588,2020-10-21 18:20:00,MAT
12.515,12.525,12.51,12.51,29772,2020-10-21 18:25:00,MAT
12.51,12.53,12.51,12.515,29016,2020-10-21 18:30:00,MAT
12.515,12.5399,12.51,12.525,35482,2020-10-21 18:35:00,MAT
12.525,12.56,12.525,12.54,45244,2020-10-21 18:40:00,MAT
12.545,12.55,12.53,12.535,14542,2020-10-21 18:45:00,MAT
12.535,12.54,12.53,12.53,9800,2020-10-21 18:50:00,MAT
12.535,12.55,12.5348,12.545,25652,2020-10-21 18:55:00,MAT
12.545,12.59,12.545,12.55,119128,2020-10-21 19:00:00,MAT
12.55,12.55,12.52,12.525,45636,2020-10-21 19:05:00,MAT
12.52,12.525,12.5,12.505,25500,2020-10-21 19:10:00,MAT
12.505,12.515,12.49,12.51,114652,2020-10-21 19:15:00,MAT
12.51,12.515,12.5045,12.51,40604,2020-10-21 19:20:00,MAT
12.51,12.54,12.51,12.535,74962,2020-10-21 19:25:00,MAT
12.535,12.54,12.5025,12.51,128838,2020-10-21 19:30:00,MAT
12.505,12.51,12.5,12.505,52238,2020-10-21 19:35:00,MAT
12.505,12.51,12.46,12.475,165542,2020-10-21 19:40:00,MAT
12.475,12.475,12.46,12.465,199692,2020-10-21 19:45:00,MAT
12.47,12.5,12.465,12.49,210040,2020-10-21 19:50:00,MAT
12.485,12.49,12.45,12.45,439788,2020-10-21 19:55:00,MAT
12.45,12.45,12.45,12.45,430168,2020-10-21 20:00:00,MAT
12.5,12.5,12.5,12.5,1000,2020-10-21 20:40:00,MAT
12.5,12.5,12.5,12.5,2000,2020-10-21 20:55:00,MAT
12.5,12.5,12.5,12.5,600,2020-10-21 21:00:00,MAT
12.51,12.51,12.5098,12.51,2200,2020-10-21 21:05:00,MAT
12.52,12.52,12.5,12.52,1800,2020-10-21 21:10:00,MAT
12.51,12.51,12.51,12.51,960,2020-10-21 21:15:00,MAT
12.5199,12.5199,12.51,12.51,9264,2020-10-21 21:20:00,MAT
12.51,12.51,12.51,12.51,200,2020-10-21 21:35:00,MAT
12.5,12.5,12.5,12.5,500,2020-10-21 21:50:00,MAT
12.5,12.5,12.49,12.49,1600,2020-10-21 22:00:00,MAT
12.5,12.5,12.5,12.5,125,2020-10-21 22:20:00,MAT
12.52,12.52,12.52,12.52,100,2020-10-21 22:35:00,MAT
12.52,12.52,12.52,12.52,200,2020-10-21 22:50:00,MAT
12.5,12.5,12.5,12.5,600,2020-10-21 23:00:00,MAT
12.55,12.55,12.55,12.55,245,2020-10-21 23:20:00,MAT
12.51,12.51,12.51,12.51,1000,2020-10-21 23:40:00,MAT
12.55,12.55,12.55,12.55,100,2020-10-21 23:45:00,MAT
12.49,12.49,12.45,12.45,386,2020-10-21 23:50:00,MAT
12.45,12.45,12.42,12.42,800,2020-10-21 23:55:00,MAT
12.6,12.6,12.6,12.6,700,2020-10-22 12:30:00,MAT
12.5,12.5,12.5,12.5,630,2020-10-22 12:50:00,MAT
12.52,12.52,12.52,12.52,800,2020-10-22 13:05:00,MAT
12.6,12.6,12.6,12.6,600,2020-10-22 13:10:00,MAT
12.5,12.5,12.5,12.5,141,2020-10-22 13:25:00,MAT
12.51,12.6,12.5,12.525,222848,2020-10-22 13:30:00,MAT
12.53,12.6101,12.515,12.58,141706,2020-10-22 13:35:00,MAT
12.58,12.67,12.58,12.62,35797,2020-10-22 13:40:00,MAT
12.63,12.64,12.6,12.63,26611,2020-10-22 13:45:00,MAT
12.63,12.67,12.63,12.65,28123,2020-10-22 13:50:00,MAT
12.645,12.66,12.625,12.635,58581,2020-10-22 13:55:00,MAT
12.63,12.65,12.59,12.63,174480,2020-10-22 14:00:00,MAT
12.63,12.68,12.63,12.68,13284,2020-10-22 14:05:00,MAT
12.675,12.71,12.67,12.7078,18950,2020-10-22 14:10:00,MAT
12.705,12.71,12.675,12.69,18718,2020-10-22 14:15:00,MAT
12.69,12.7,12.65,12.67,34327,2020-10-22 14:20:00,MAT
12.67,12.71,12.66,12.7,284493,2020-10-22 14:25:00,MAT
12.7,12.705,12.655,12.655,29774,2020-10-22 14:30:00,MAT
12.655,12.66,12.62,12.62,20228,2020-10-22 14:35:00,MAT
12.62,12.67,12.59,12.6,62034,2020-10-22 14:40:00,MAT
12.6,12.63,12.6,12.6239,11338,2020-10-22 14:45:00,MAT
12.62,12.65,12.61,12.63,38397,2020-10-22 14:50:00,MAT
12.6216,12.6445,12.62,12.625,18832,2020-10-22 14:55:00,MAT
12.63,12.645,12.6,12.625,56936,2020-10-22 15:00:00,MAT
12.625,12.65,12.58,12.59,53553,2020-10-22 15:05:00,MAT
12.585,12.61,12.575,12.605,28929,2020-10-22 15:10:00,MAT
12.6,12.6199,12.58,12.59,41358,2020-10-22 15:15:00,MAT
12.6,12.61,12.575,12.58,19352,2020-10-22 15:20:00,MAT
12.575,12.575,12.53,12.55,36120,2020-10-22 15:25:00,MAT
12.5401,12.55,12.53,12.53,9160,2020-10-22 15:30:00,MAT
12.53,12.53,12.485,12.49,23264,2020-10-22 15:35:00,MAT
12.5,12.52,12.44,12.49,322170,2020-10-22 15:40:00,MAT
12.5,12.519,12.47,12.5,31239,2020-10-22 15:45:00,MAT
12.505,12.52,12.49,12.505,23953,2020-10-22 15:50:00,MAT
12.51,12.52,12.5,12.515,11560,2020-10-22 15:55:00,MAT
12.51,12.52,12.495,12.5034,21160,2020-10-22 16:00:00,MAT
12.505,12.5797,12.5,12.56,50687,2020-10-22 16:05:00,MAT
12.55,12.58,12.54,12.58,36210,2020-10-22 16:10:00,MAT
12.575,12.63,12.57,12.62,54728,2020-10-22 16:15:00,MAT
12.615,12.62,12.58,12.61,23639,2020-10-22 16:20:00,MAT
12.6,12.605,12.58,12.605,12493,2020-10-22 16:25:00,MAT
12.605,12.61,12.57,12.6,10545,2020-10-22 16:30:00,MAT
12.6,12.615,12.595,12.615,23073,2020-10-22 16:35:00,MAT
12.61,12.62,12.595,12.605,21561,2020-10-22 16:40:00,MAT
12.6,12.615,12.59,12.615,9981,2020-10-22 16:45:00,MAT
12.615,12.62,12.61,12.61,9162,2020-10-22 16:50:00,MAT
12.615,12.67,12.61,12.67,15958,2020-10-22 16:55:00,MAT
12.68,12.68,12.64,12.64,11092,2020-10-22 17:00:00,MAT
12.64,12.66,12.63,12.6599,18791,2020-10-22 17:05:00,MAT
12.66,12.69,12.66,12.68,58219,2020-10-22 17:10:00,MAT
12.68,12.69,12.67,12.69,14523,2020-10-22 17:15:00,MAT
12.68,12.68,12.67,12.67,6418,2020-10-22 17:20:00,MAT
12.675,12.69,12.67,12.685,20970,2020-10-22 17:25:00,MAT
12.685,12.71,12.685,12.685,20486,2020-10-22 17:30:00,MAT
12.685,12.69,12.64,12.64,79893,2020-10-22 17:35:00,MAT
12.64,12.675,12.63,12.665,13590,2020-10-22 17:40:00,MAT
12.66,12.66,12.64,12.66,16489,2020-10-22 17:45:00,MAT
12.66,12.7,12.66,12.685,42486,2020-10-22 17:50:00,MAT
12.69,12.715,12.675,12.68,28608,2020-10-22 17:55:00,MAT
12.69,12.7,12.68,12.695,26351,2020-10-22 18:00:00,MAT
12.695,12.72,12.69,12.7157,29099,2020-10-22 18:05:00,MAT
12.715,12.74,12.71,12.72,15857,2020-10-22 18:10:00,MAT
12.73,12.79,12.73,12.785,204929,2020-10-22 18:15:00,MAT
12.79,12.845,12.79,12.825,66173,2020-10-22 18:20:00,MAT
12.83,12.84,12.78,12.79,42514,2020-10-22 18:25:00,MAT
12.79,12.81,12.75,12.805,44864,2020-10-22 18:30:00,MAT
12.81,12.84,12.81,12.825,35511,2020-10-22 18:35:00,MAT
12.82,12.85,12.82,12.84,83271,2020-10-22 18:40:00,MAT
12.835,12.855,12.83,12.84,85743,2020-10-22 18:45:00,MAT
12.84,12.875,12.82,12.865,137581,2020-10-22 18:50:00,MAT
12.86,12.9299,12.855,12.92,203913,2020-10-22 18:55:00,MAT
12.925,12.94,12.88,12.88,119025,2020-10-22 19:00:00,MAT
12.89,12.89,12.865,12.885,30859,2020-10-22 19:05:00,MAT
12.885,12.89,12.85,12.86,70312,2020-10-22 19:10:00,MAT
12.855,12.86,12.835,12.84,45734,2020-10-22 19:15:00,MAT
12.845,13.03,12.845,13.02,353622,2020-10-22 19:20:00,MAT
13.01,13.07,12.9748,13.005,81700,2020-10-22 19:25:00,MAT
13.005,13.04,12.97,12.99,84096,2020-10-22 19:30:00,MAT
12.99,12.99,12.945,12.96,49675,2020-10-22 19:35:00,MAT
12.965,13.03,12.965,13.005,236924,2020-10-22 19:40:00,MAT
13.005,13.0095,12.96,12.96,110178,2020-10-22 19:45:00,MAT
12.965,12.97,12.9,12.925,174232,2020-10-22 19:50:00,MAT
12.925,12.98,12.89,12.93,628184,2020-10-22 19:55:00,MAT
12.92,12.98,12.82,12.88,384996,2020-10-22 20:00:00,MAT
12.89,14.45,12.88,13.75,316723,2020-10-22 20:05:00,MAT
13.75,14.0,13.47,13.7,118415,2020-10-22 20:10:00,MAT
13.66,14.25,13.65,14.12,387643,2020-10-22 20:15:00,MAT
14.13,14.13,13.9,13.95,149122,2020-10-22 20:20:00,MAT
13.95,13.95,13.8,13.9,137077,2020-10-22 20:25:00,MAT
13.89,13.95,13.89,13.95,45860,2020-10-22 20:30:00,MAT
13.95,13.95,13.7,13.71,76765,2020-10-22 20:35:00,MAT
13.71,13.85,13.71,13.8,27467,2020-10-22 20:40:00,MAT
13.8,13.83,13.78,13.8,25114,2020-10-22 20:45:00,MAT
13.84,13.84,13.65,13.65,18670,2020-10-22 20:50:00,MAT
13.65,13.7,13.62,13.63,30636,2020-10-22 20:55:00,MAT
13.66,13.74,13.66,13.74,22924,2020-10-22 21:00:00,MAT
13.74,13.77,13.67,13.72,4799,2020-10-22 21:05:00,MAT
13.7,13.72,13.7,13.7,13057,2020-10-22 21:10:00,MAT
13.7,13.72,13.68,13.7,600,2020-10-22 21:15:00,MAT
13.71,13.72,13.65,13.69,20869,2020-10-22 21:20:00,MAT
13.7,13.77,13.7,13.75,20500,2020-10-22 21:25:00,MAT
13.75,13.8,13.75,13.8,53392,2020-10-22 21:30:00,MAT
13.82,13.84,13.8,13.84,4850,2020-10-22 21:35:00,MAT
13.8,13.85,13.8,13.8,7486,2020-10-22 21:40:00,MAT
13.8,13.81,13.79,13.79,11852,2020-10-22 21:45:00,MAT
13.8,13.8,13.8,13.8,2200,2020-10-22 21:50:00,MAT
13.78,13.78,13.73,13.75,4500,2020-10-22 21:55:00,MAT
13.75,13.75,13.72,13.75,5550,2020-10-22 22:00:00,MAT
13.75,13.75,13.72,13.72,4500,2020-10-22 22:05:00,MAT
13.75,13.75,13.75,13.75,7774,2020-10-22 22:10:00,MAT
13.74,13.74,13.71,13.71,2548,2020-10-22 22:15:00,MAT
13.71,13.75,13.71,13.75,600,2020-10-22 22:20:00,MAT
13.71,13.71,13.71,13.71,150,2020-10-22 22:25:00,MAT
13.71,13.71,13.71,13.71,200,2020-10-22 22:30:00,MAT
13.73,13.73,13.73,13.73,1436,2020-10-22 22:35:00,MAT
13.71,13.71,13.71,13.71,785,2020-10-22 22:40:00,MAT
13.7,13.75,13.7,13.75,7136,2020-10-22 22:45:00,MAT
13.75,13.78,13.75,13.78,9497,2020-10-22 22:50:00,MAT
13.72,13.72,13.72,13.72,3200,2020-10-22 22:55:00,MAT
13.73,13.75,13.73,13.75,3742,2020-10-22 23:00:00,MAT
13.75,13.76,13.75,13.76,2250,2020-10-22 23:05:00,MAT
13.75,13.75,13.75,13.75,9450,2020-10-22 23:10:00,MAT
13.75,13.75,13.75,13.75,2800,2020-10-22 23:15:00,MAT
13.75,13.75,13.74,13.74,1715,2020-10-22 23:20:00,MAT
13.75,13.75,13.74,13.74,2823,2020-10-22 23:25:00,MAT
13.75,13.75,13.75,13.75,5000,2020-10-22 23:30:00,MAT
13.75,13.75,13.72,13.73,4795,2020-10-22 23:35:00,MAT
13.73,13.75,13.71,13.71,8873,2020-10-22 23:40:00,MAT
13.71,13.75,13.71,13.73,2740,2020-10-22 23:45:00,MAT
13.71,13.73,13.7,13.7,5893,2020-10-22 23:50:00,MAT
13.69,13.7,13.63,13.64,12000,2020-10-22 23:55:00,MAT
13.91,13.91,13.91,13.91,200,2020-10-23 10:05:00,MAT
13.95,14.3,13.95,14.2,14351,2020-10-23 10:30:00,MAT
14.2,14.2,14.2,14.2,1000,2020-10-23 10:35:00,MAT
14.11,14.11,14.11,14.11,945,2020-10-23 10:40:00,MAT
14.05,14.05,14.0,14.0,24100,2020-10-23 10:50:00,MAT
13.91,14.0,13.91,14.0,3100,2020-10-23 10:55:00,MAT
13.99,14.1,13.92,14.0,29685,2020-10-23 11:00:00,MAT
13.91,14.0,13.9,14.0,7595,2020-10-23 11:05:00,MAT
14.0,14.0,14.0,14.0,3000,2020-10-23 11:10:00,MAT
14.0,14.0,14.0,14.0,200,2020-10-23 11:15:00,MAT
13.96,13.96,13.91,13.91,3243,2020-10-23 11:25:00,MAT
13.92,13.96,13.92,13.96,750,2020-10-23 11:35:00,MAT
13.98,13.98,13.97,13.98,700,2020-10-23 11:40:00,MAT
13.99,14.0,13.99,13.99,14648,2020-10-23 11:45:00,MAT
13.97,14.02,13.95,14.0,26649,2020-10-23 11:50:00,MAT
13.96,14.05,13.95,14.0,31165,2020-10-23 11:55:00,MAT
14.0,14.0,13.95,13.95,23618,2020-10-23 12:00:00,MAT
13.96,13.9999,13.94,13.95,23233,2020-10-23 12:05:00,MAT
13.95,13.98,13.94,13.97,3245,2020-10-23 12:10:00,MAT
13.94,13.94,13.86,13.89,15411,2020-10-23 12:15:00,MAT
13.89,13.93,13.88,13.91,5362,2020-10-23 12:20:00,MAT
13.91,13.92,13.89,13.89,5054,2020-10-23 12:25:00,MAT
13.89,13.9,13.88,13.8899,3018,2020-10-23 12:30:00,MAT
13.89,13.89,13.83,13.83,7844,2020-10-23 12:35:00,MAT
13.83,13.88,13.78,13.78,18447,2020-10-23 12:40:00,MAT
13.79,13.9,13.76,13.9,18241,2020-10-23 12:45:00,MAT
13.87,13.9,13.8,13.85,39750,2020-10-23 12:50:00,MAT
13.85,13.92,13.81,13.85,27040,2020-10-23 12:55:00,MAT
13.87,13.8799,13.81,13.81,13198,2020-10-23 13:00:00,MAT
13.85,13.85,13.79,13.79,7784,2020-10-23 13:05:00,MAT
13.79,13.83,13.78,13.81,6129,2020-10-23 13:10:00,MAT
13.78,13.83,13.78,13.81,7625,2020-10-23 13:15:00,MAT
13.81,13.89,13.81,13.85,28749,2020-10-23 13:20:00,MAT
13.85,13.85,13.8,13.81,10008,2020-10-23 13:25:00,MAT
13.81,14.24,13.8,14.0676,3050630,2020-10-23 13:30:00,MAT
14.08,14.3463,14.02,14.2561,1262641,2020-10-23 13:35:00,MAT
14.25,14.49,14.11,14.17,1223904,2020-10-23 13:40:00,MAT
14.17,14.27,14.08,14.2342,720281,2020-10-23 13:45:00,MAT
14.23,14.355,14.19,14.25,812781,2020-10-23 13:50:00,MAT
14.2433,14.38,14.2201,14.3101,658115,2020-10-23 13:55:00,MAT
14.3126,14.37,14.22,14.26,512226,2020-10-23 14:00:00,MAT
14.26,14.27,13.9,13.98,769245,2020-10-23 14:05:00,MAT
13.99,14.14,13.99,14.01,318493,2020-10-23 14:10:00,MAT
14.01,14.11,13.96,14.045,211728,2020-10-23 14:15:00,MAT
14.045,14.12,14.04,14.07,188203,2020-10-23 14:20:00,MAT
14.07,14.24,14.07,14.2228,290311,2020-10-23 14:25:00,MAT
14.22,14.32,14.18,14.295,288235,2020-10-23 14:30:00,MAT
14.3,14.44,14.27,14.435,486333,2020-10-23 14:35:00,MAT
14.435,14.61,14.435,14.55,875817,2020-10-23 14:40:00,MAT
14.55,14.71,14.55,14.695,669545,2020-10-23 14:45:00,MAT
14.6934,14.7,14.56,14.66,424840,2020-10-23 14:50:00,MAT
14.6585,14.7699,14.59,14.695,428423,2020-10-23 14:55:00,MAT
14.69,14.82,14.5,14.505,843670,2020-10-23 15:00:00,MAT
14.51,14.6376,14.4,14.635,535793,2020-10-23 15:05:00,MAT
14.635,14.78,14.63,14.745,514695,2020-10-23 15:10:00,MAT
14.7445,14.75,14.67,14.7483,267728,2020-10-23 15:15:00,MAT
14.75,14.775,14.65,14.7317,279718,2020-10-23 15:20:00,MAT
14.74,14.75,14.58,14.6,304135,2020-10-23 15:25:00,MAT
14.6083,14.69,14.6,14.645,152927,2020-10-23 15:30:00,MAT
14.65,14.655,14.555,14.59,194600,2020-10-23 15:35:00,MAT
14.585,14.61,14.55,14.57,195368,2020-10-23 15:40:00,MAT
14.56,14.57,14.505,14.52,131191,2020-10-23 15:45:00,MAT
14.515,14.59,14.47,14.565,256009,2020-10-23 15:50:00,MAT
14.5683,14.585,14.47,14.53,206441,2020-10-23 15:55:00,MAT
14.54,14.55,14.48,14.515,147251,2020-10-23 16:00:00,MAT
14.515,14.53,14.45,14.465,136693,2020-10-23 16:05:00,MAT
14.4617,14.53,14.46,14.48,148879,2020-10-23 16:10:00,MAT
14.48,14.51,14.46,14.475,191299,2020-10-23 16:15:00,MAT
14.475,14.475,14.4,14.425,131448,2020-10-23 16:20:00,MAT
14.425,14.49,14.42,14.455,127112,2020-10-23 16:25:00,MAT
14.455,14.47,14.45,14.46,51808,2020-10-23 16:30:00,MAT
14.465,14.4899,14.45,14.4619,75885,2020-10-23 16:35:00,MAT
14.465,14.55,14.465,14.5,298323,2020-10-23 16:40:00,MAT
14.505,14.57,14.4876,14.51,267743,2020-10-23 16:45:00,MAT
14.5101,14.5583,14.5,14.535,76542,2020-10-23 16:50:00,MAT
14.535,14.55,14.5,14.53,90910,2020-10-23 16:55:00,MAT
14.525,14.5565,14.52,14.54,184993,2020-10-23 17:00:00,MAT
14.54,14.56,14.51,14.5121,96943,2020-10-23 17:05:00,MAT
14.51,14.52,14.47,14.5,117765,2020-10-23 17:10:00,MAT
14.5,14.51,14.43,14.445,111538,2020-10-23 17:15:00,MAT
14.445,14.4711,14.44,14.46,70520,2020-10-23 17:20:00,MAT
14.455,14.49,14.45,14.465,82752,2020-10-23 17:25:00,MAT
14.465,14.55,14.45,14.455,161185,2020-10-23 17:30:00,MAT
14.455,14.49,14.435,14.445,87970,2020-10-23 17:35:00,MAT
14.44,14.45,14.34,14.3724,235878,2020-10-23 17:40:00,MAT
14.37,14.39,14.33,14.35,169430,2020-10-23 17:45:00,MAT
14.35,14.37,14.32,14.345,121582,2020-10-23 17:50:00,MAT
14.345,14.35,14.29,14.3022,117295,2020-10-23 17:55:00,MAT
14.305,14.31,14.23,14.305,378805,2020-10-23 18:00:00,MAT
14.31,14.33,14.26,14.33,117841,2020-10-23 18:05:00,MAT
14.33,14.34,14.265,14.295,122011,2020-10-23 18:10:00,MAT
14.295,14.305,14.27,14.28,76736,2020-10-23 18:15:00,MAT
14.285,14.31,14.275,14.295,77738,2020-10-23 18:20:00,MAT
14.3,14.3,14.27,14.275,109066,2020-10-23 18:25:00,MAT
14.275,14.325,14.265,14.325,171963,2020-10-23 18:30:00,MAT
14.325,14.36,14.32,14.34,104034,2020-10-23 18:35:00,MAT
14.335,14.34,14.29,14.29,189482,2020-10-23 18:40:00,MAT
14.29,14.29,14.24,14.275,141831,2020-10-23 18:45:00,MAT
14.275,14.32,14.26,14.295,75900,2020-10-23 18:50:00,MAT
14.295,14.32,14.285,14.3173,65256,2020-10-23 18:55:00,MAT
14.32,14.36,14.3101,14.335,231331,2020-10-23 19:00:00,MAT
14.335,14.335,14.28,14.285,99290,2020-10-23 19:05:00,MAT
14.285,14.3,14.255,14.265,137942,2020-10-23 19:10:00,MAT
14.261,14.2699,14.24,14.245,91611,2020-10-23 19:15:00,MAT
14.25,14.26,14.2,14.26,148133,2020-10-23 19:20:00,MAT
14.2501,14.26,14.21,14.215,132067,2020-10-23 19:25:00,MAT
14.215,14.22,14.155,14.155,198251,2020-10-23 19:30:00,MAT
14.155,14.19,14.14,14.16,214753,2020-10-23 19:35:00,MAT
14.165,14.22,14.16,14.165,169696,2020-10-23 19:40:00,MAT
14.1601,14.17,14.12,14.165,290161,2020-10-23 19:45:00,MAT
14.17,14.18,14.15,14.155,297488,2020-10-23 19:50:00,MAT
14.155,14.17,14.15,14.16,626170,2020-10-23 19:55:00,MAT
14.155,14.155,14.14,14.1499,745395,2020-10-23 20:00:00,MAT
14.1499,14.15,14.1002,14.14,6910,2020-10-23 20:05:00,MAT
14.14,14.15,14.14,14.14,7217,2020-10-23 20:10:00,MAT
14.18,14.2,14.18,14.2,2562,2020-10-23 20:15:00,MAT
14.2,14.22,14.2,14.22,6688,2020-10-23 20:20:00,MAT
14.15,14.15,14.15,14.15,200,2020-10-23 20:25:00,MAT
14.15,14.2,14.15,14.16,1450,2020-10-23 20:30:00,MAT
14.16,14.1764,14.16,14.1764,300,2020-10-23 20:35:00,MAT
14.16,14.16,14.16,14.16,550,2020-10-23 20:40:00,MAT
14.16,14.19,14.16,14.19,694,2020-10-23 20:45:00,MAT
14.16,14.16,14.16,14.16,189,2020-10-23 20:50:00,MAT
14.16,14.16,14.16,14.16,500,2020-10-23 20:55:00,MAT
14.17,14.17,14.16,14.16,1104,2020-10-23 21:00:00,MAT
14.19,14.19,14.19,14.19,400,2020-10-23 21:05:00,MAT
14.19,14.19,14.19,14.19,100,2020-10-23 21:10:00,MAT
14.19,14.19,14.1899,14.19,840,2020-10-23 21:20:00,MAT
14.19,14.19,14.19,14.19,300,2020-10-23 21:25:00,MAT
14.18,14.19,14.17,14.19,1133,2020-10-23 21:30:00,MAT
14.18,14.18,14.18,14.18,100,2020-10-23 21:40:00,MAT
14.18,14.2,14.18,14.2,3664,2020-10-23 21:45:00,MAT
14.2,14.22,14.2,14.22,800,2020-10-23 21:50:00,MAT
14.22,14.23,14.22,14.23,1210,2020-10-23 21:55:00,MAT
14.24,14.24,14.22,14.24,6237,2020-10-23 22:00:00,MAT
14.24,14.24,14.24,14.24,2640,2020-10-23 22:10:00,MAT
14.23,14.23,14.1,14.1,19461,2020-10-23 22:15:00,MAT
14.13,14.14,14.05,14.06,8720,2020-10-23 22:20:00,MAT
14.06,14.14,14.06,14.13,5780,2020-10-23 22:25:00,MAT
14.1,14.1,14.08,14.08,980,2020-10-23 22:30:00,MAT
14.12,14.12,14.12,14.12,420,2020-10-23 22:35:00,MAT
14.1,14.1,14.1,14.1,100,2020-10-23 22:40:00,MAT
14.1,14.1,13.98,14.07,20592,2020-10-23 22:45:00,MAT
14.11,14.11,14.0,14.0,1430,2020-10-23 22:50:00,MAT
14.0,14.0,14.0,14.0,2725,2020-10-23 22:55:00,MAT
13.98,13.98,13.98,13.98,317,2020-10-23 23:00:00,MAT
13.99,13.99,13.99,13.99,1606,2020-10-23 23:05:00,MAT
14.1,14.1,14.09,14.1,8476,2020-10-23 23:10:00,MAT
14.09,14.09,14.07,14.07,1306,2020-10-23 23:35:00,MAT
14.07,14.07,14.07,14.07,500,2020-10-23 23:40:00,MAT
14.09,14.09,14.09,14.09,242,2020-10-23 23:45:00,MAT
14.0899,14.09,14.07,14.09,1438,2020-10-23 23:50:00,MAT
14.09,14.09,14.09,14.09,935,2020-10-23 23:55:00,MAT
14.14,14.15,14.14,14.15,1468,2020-10-26 10:30:00,MAT
14.13,14.13,13.91,13.91,1063,2020-10-26 11:00:00,MAT
13.99,14.0,13.93,13.93,400,2020-10-26 12:00:00,MAT
13.93,13.93,13.93,13.93,100,2020-10-26 12:05:00,MAT
13.9875,13.99,13.91,13.91,2679,2020-10-26 12:15:00,MAT
13.97,13.97,13.97,13.97,300,2020-10-26 12:20:00,MAT
13.9209,13.9209,13.91,13.91,4248,2020-10-26 12:25:00,MAT
13.95,13.95,13.95,13.95,21300,2020-10-26 12:30:00,MAT
13.9499,13.9499,13.9499,13.9499,100,2020-10-26 12:35:00,MAT
13.9001,13.95,13.9001,13.95,700,2020-10-26 12:40:00,MAT
13.9301,13.9301,13.93,13.93,945,2020-10-26 12:50:00,MAT
13.94,13.97,13.94,13.95,8537,2020-10-26 12:55:00,MAT
13.95,14.02,13.95,14.0,2375,2020-10-26 13:00:00,MAT
14.0,14.0,13.9801,13.9801,10500,2020-10-26 13:05:00,MAT
14.02,14.08,14.02,14.08,7559,2020-10-26 13:10:00,MAT
14.1,14.1494,14.02,14.02,7450,2020-10-26 13:15:00,MAT
14.03,14.1,14.02,14.02,3900,2020-10-26 13:20:00,MAT
14.0201,14.0201,14.0201,14.0201,850,2020-10-26 13:25:00,MAT
14.05,14.12,13.93,14.0335,397919,2020-10-26 13:30:00,MAT
14.02,14.0563,13.85,13.854,152913,2020-10-26 13:35:00,MAT
13.86,13.93,13.73,13.81,209911,2020-10-26 13:40:00,MAT
13.81,13.81,13.62,13.65,194749,2020-10-26 13:45:00,MAT
13.65,13.675,13.58,13.67,115901,2020-10-26 13:50:00,MAT
13.66,13.67,13.56,13.61,78960,2020-10-26 13:55:00,MAT
13.61,13.6258,13.57,13.6248,94065,2020-10-26 14:00:00,MAT
13.63,13.655,13.6,13.645,102919,2020-10-26 14:05:00,MAT
13.645,13.695,13.6,13.695,149491,2020-10-26 14:10:00,MAT
13.7,13.76,13.695,13.75,96870,2020-10-26 14:15:00,MAT
13.76,13.8,13.73,13.755,56755,2020-10-26 14:20:00,MAT
13.755,13.765,13.695,13.7,42081,2020-10-26 14:25:00,MAT
13.7,13.725,13.67,13.69,39178,2020-10-26 14:30:00,MAT
13.695,13.8,13.69,13.7957,113508,2020-10-26 14:35:00,MAT
13.795,13.8,13.76,13.765,29832,2020-10-26 14:40:00,MAT
13.7678,13.7678,13.61,13.635,47030,2020-10-26 14:45:00,MAT
13.64,13.65,13.57,13.5813,45990,2020-10-26 14:50:00,MAT
13.59,13.59,13.51,13.5334,52262,2020-10-26 14:55:00,MAT
13.53,13.54,13.5,13.52,67327,2020-10-26 15:00:00,MAT
13.52,13.5299,13.463,13.5299,66484,2020-10-26 15:05:00,MAT
13.52,13.57,13.515,13.55,35091,2020-10-26 15:10:00,MAT
13.555,13.5783,13.525,13.525,41233,2020-10-26 15:15:00,MAT
13.522,13.522,13.48,13.495,39687,2020-10-26 15:20:00,MAT
13.5,13.57,13.4946,13.56,55873,2020-10-26 15:25:00,MAT
13.555,13.585,13.54,13.55,52851,2020-10-26 15:30:00,MAT
13.55,13.57,13.54,13.555,42716,2020-10-26 15:35:00,MAT
13.55,13.56,13.54,13.545,60016,2020-10-26 15:40:00,MAT
13.55,13.61,13.54,13.57,73219,2020-10-26 15:45:00,MAT
13.57,13.58,13.545,13.55,41480,2020-10-26 15:50:00,MAT
13.5524,13.585,13.55,13.56,30271,2020-10-26 15:55:00,MAT
13.555,13.62,13.545,13.615,60484,2020-10-26 16:00:00,MAT
13.62,13.67,13.6199,13.641,47647,2020-10-26 16:05:00,MAT
13.6415,13.655,13.61,13.625,25248,2020-10-26 16:10:00,MAT
13.63,13.675,13.63,13.665,21587,2020-10-26 16:15:00,MAT
13.665,13.67,13.63,13.655,32498,2020-10-26 16:20:00,MAT
13.655,13.7,13.655,13.68,21509,2020-10-26 16:25:00,MAT
13.685,13.71,13.645,13.65,93167,2020-10-26 16:30:00,MAT
13.655,13.66,13.65,13.65,14372,2020-10-26 16:35:00,MAT
13.65,13.6683,13.62,13.625,46504,2020-10-26 16:40:00,MAT
13.625,13.625,13.58,13.585,19501,2020-10-26 16:45:00,MAT
13.585,13.59,13.505,13.525,58844,2020-10-26 16:50:00,MAT
13.52,13.53,13.5,13.525,22178,2020-10-26 16:55:00,MAT
13.525,13.555,13.505,13.505,91642,2020-10-26 17:00:00,MAT
13.505,13.505,13.46,13.485,29754,2020-10-26 17:05:00,MAT
13.485,13.52,13.485,13.49,16536,2020-10-26 17:10:00,MAT
13.485,13.485,13.42,13.42,26801,2020-10-26 17:15:00,MAT
13.42,13.47,13.42,13.445,23962,2020-10-26 17:20:00,MAT
13.445,13.445,13.41,13.42,25296,2020-10-26 17:25:00,MAT
13.42,13.43,13.4,13.42,131800,2020-10-26 17:30:00,MAT
13.42,13.4658,13.41,13.45,48795,2020-10-26 17:35:00,MAT
13.445,13.46,13.423,13.423,33229,2020-10-26 17:40:00,MAT
13.42,13.47,13.4027,13.468,41628,2020-10-26 17:45:00,MAT
13.46,13.5,13.46,13.485,23661,2020-10-26 17:50:00,MAT
13.48,13.495,13.4606,13.495,28672,2020-10-26 17:55:00,MAT
13.49,13.535,13.485,13.525,46039,2020-10-26 18:00:00,MAT
13.525,13.54,13.5,13.515,22662,2020-10-26 18:05:00,MAT
13.515,13.555,13.505,13.515,38603,2020-10-26 18:10:00,MAT
13.52,13.59,13.5,13.585,101406,2020-10-26 18:15:00,MAT
13.585,13.605,13.57,13.585,54358,2020-10-26 18:20:00,MAT
13.58,13.61,13.575,13.595,24809,2020-10-26 18:25:00,MAT
13.59,13.655,13.59,13.635,118695,2020-10-26 18:30:00,MAT
13.64,13.71,13.625,13.71,113404,2020-10-26 18:35:00,MAT
13.7,13.73,13.67,13.7,55488,2020-10-26 18:40:00,MAT
13.695,13.75,13.69,13.745,152475,2020-10-26 18:45:00,MAT
13.745,13.745,13.665,13.67,75020,2020-10-26 18:50:00,MAT
13.67,13.72,13.67,13.7,35686,2020-10-26 18:55:00,MAT
13.705,13.73,13.7,13.72,42849,2020-10-26 19:00:00,MAT
13.71,13.72,13.68,13.68,32882,2020-10-26 19:05:00,MAT
13.69,13.72,13.67,13.675,39785,2020-10-26 19:10:00,MAT
13.675,13.71,13.675,13.68,35678,2020-10-26 19:15:00,MAT
13.685,13.72,13.685,13.715,56176,2020-10-26 19:20:00,MAT
13.71,13.74,13.675,13.735,60907,2020-10-26 19:25:00,MAT
13.735,13.77,13.735,13.765,69862,2020-10-26 19:30:00,MAT
13.76,13.76,13.715,13.73,90823,2020-10-26 19:35:00,MAT
13.735,13.74,13.73,13.735,53478,2020-10-26 19:40:00,MAT
13.735,13.765,13.73,13.755,299498,2020-10-26 19:45:00,MAT
13.75,13.77,13.74,13.76,235621,2020-10-26 19:50:00,MAT
13.765,13.77,13.74,13.75,333931,2020-10-26 19:55:00,MAT
13.75,13.75,13.75,13.75,363572,2020-10-26 20:00:00,MAT
13.74,13.74,13.74,13.74,115,2020-10-26 20:40:00,MAT
13.7,13.7,13.7,13.7,2200,2020-10-26 20:50:00,MAT
13.75,13.75,13.75,13.75,140,2020-10-26 20:55:00,MAT
13.72,13.72,13.72,13.72,215,2020-10-26 21:25:00,MAT
13.72,13.72,13.72,13.72,116,2020-10-26 21:35:00,MAT
13.75,13.75,13.75,13.75,921,2020-10-26 21:40:00,MAT
13.65,13.65,13.65,13.65,900,2020-10-26 22:10:00,MAT
13.75,13.75,13.75,13.75,6000,2020-10-26 22:30:00,MAT
13.75,13.75,13.75,13.75,545,2020-10-26 22:45:00,MAT
13.75,13.75,13.75,13.75,917,2020-10-26 23:30:00,MAT
13.85,13.85,13.85,13.85,700,2020-10-26 23:45:00,MAT
13.95,13.95,13.95,13.95,1733,2020-10-27 12:00:00,MAT
13.7501,13.7501,13.75,13.75,12000,2020-10-27 12:10:00,MAT
13.83,13.83,13.83,13.83,5000,2020-10-27 12:45:00,MAT
13.76,13.7999,13.76,13.7999,700,2020-10-27 13:10:00,MAT
13.8012,13.8012,13.8012,13.8012,100,2020-10-27 13:15:00,MAT
13.77,13.835,13.71,13.8165,68709,2020-10-27 13:30:00,MAT
13.82,13.91,13.82,13.85,50770,2020-10-27 13:35:00,MAT
13.85,13.85,13.79,13.8,21645,2020-10-27 13:40:00,MAT
13.805,13.85,13.78,13.81,27823,2020-10-27 13:45:00,MAT
13.8101,13.8101,13.745,13.78,43433,2020-10-27 13:50:00,MAT
13.7875,13.83,13.75,13.83,59930,2020-10-27 13:55:00,MAT
13.83,13.955,13.825,13.9292,259732,2020-10-27 14:00:00,MAT
13.925,13.97,13.92,13.93,23010,2020-10-27 14:05:00,MAT
13.925,13.95,13.92,13.925,14512,2020-10-27 14:10:00,MAT
13.92,13.92,13.86,13.89,17508,2020-10-27 14:15:00,MAT
13.89,13.89,13.84,13.85,15803,2020-10-27 14:20:00,MAT
13.85,13.89,13.85,13.88,18773,2020-10-27 14:25:00,MAT
13.88,13.895,13.86,13.865,36265,2020-10-27 14:30:00,MAT
13.865,13.865,13.775,13.79,17729,2020-10-27 14:35:00,MAT
13.8,13.87,13.78,13.87,247637,2020-10-27 14:40:00,MAT
13.87,13.88,13.835,13.875,22016,2020-10-27 14:45:00,MAT
13.875,13.9,13.875,13.885,16666,2020-10-27 14:50:00,MAT
13.89,13.895,13.865,13.87,11256,2020-10-27 14:55:00,MAT
13.87,13.89,13.855,13.89,11142,2020-10-27 15:00:00,MAT
13.885,13.9,13.88,13.88,13393,2020-10-27 15:05:00,MAT
13.88,13.9,13.875,13.885,14626,2020-10-27 15:10:00,MAT
13.885,13.905,13.875,13.875,17211,2020-10-27 15:15:00,MAT
13.875,13.895,13.87,13.89,17151,2020-10-27 15:20:00,MAT
13.895,13.975,13.89,13.945,113357,2020-10-27 15:25:00,MAT
13.945,14.03,13.945,14.015,201860,2020-10-27 15:30:00,MAT
14.01,14.07,13.995,14.06,93857,2020-10-27 15:35:00,MAT
14.065,14.09,14.02,14.0882,122768,2020-10-27 15:40:00,MAT
14.09,14.15,14.09,14.145,93646,2020-10-27 15:45:00,MAT
14.145,14.16,14.12,14.16,45661,2020-10-27 15:50:00,MAT
14.15,14.17,14.08,14.09,39164,2020-10-27 15:55:00,MAT
14.0938,14.15,14.07,14.1102,79135,2020-10-27 16:00:00,MAT
14.125,14.135,14.05,14.07,27210,2020-10-27 16:05:00,MAT
14.075,14.11,14.07,14.105,21511,2020-10-27 16:10:00,MAT
14.1,14.12,14.075,14.1199,29151,2020-10-27 16:15:00,MAT
14.115,14.125,14.075,14.12,34444,2020-10-27 16:20:00,MAT
14.1201,14.13,14.07,14.09,36854,2020-10-27 16:25:00,MAT
14.085,14.11,14.07,14.075,24756,2020-10-27 16:30:00,MAT
14.08,14.09,14.05,14.065,41435,2020-10-27 16:35:00,MAT
14.07,14.07,14.05,14.05,20168,2020-10-27 16:40:00,MAT
14.045,14.11,14.045,14.1075,42388,2020-10-27 16:45:00,MAT
14.11,14.15,14.105,14.145,49696,2020-10-27 16:50:00,MAT
14.15,14.175,14.14,14.16,92044,2020-10-27 16:55:00,MAT
14.17,14.18,14.14,14.17,19007,2020-10-27 17:00:00,MAT
14.17,14.195,14.1699,14.18,43162,2020-10-27 17:05:00,MAT
14.18,14.2,14.18,14.2,17534,2020-10-27 17:10:00,MAT
14.19,14.215,14.15,14.175,56201,2020-10-27 17:15:00,MAT
14.175,14.1988,14.16,14.1988,24856,2020-10-27 17:20:00,MAT
14.1991,14.2,14.17,14.1745,50169,2020-10-27 17:25:00,MAT
14.18,14.21,14.18,14.185,79060,2020-10-27 17:30:00,MAT
14.18,14.23,14.18,14.225,38805,2020-10-27 17:35:00,MAT
14.225,14.23,14.2,14.205,36920,2020-10-27 17:40:00,MAT
14.2099,14.215,14.19,14.1999,43632,2020-10-27 17:45:00,MAT
14.2,14.23,14.2,14.205,45749,2020-10-27 17:50:00,MAT
14.205,14.235,14.2,14.205,26028,2020-10-27 17:55:00,MAT
14.21,14.22,14.165,14.165,28250,2020-10-27 18:00:00,MAT
14.165,14.195,14.16,14.19,46910,2020-10-27 18:05:00,MAT
14.195,14.228,14.175,14.225,43686,2020-10-27 18:10:00,MAT
14.22,14.225,14.16,14.17,48481,2020-10-27 18:15:00,MAT
14.175,14.18,14.15,14.165,17962,2020-10-27 18:20:00,MAT
14.17,14.185,14.1699,14.175,33481,2020-10-27 18:25:00,MAT
14.175,14.18,14.14,14.155,41095,2020-10-27 18:30:00,MAT
14.16,14.19,14.15,14.165,26235,2020-10-27 18:35:00,MAT
14.161,14.19,14.15,14.16,21873,2020-10-27 18:40:00,MAT
14.17,14.17,14.155,14.16,19164,2020-10-27 18:45:00,MAT
14.16,14.18,14.15,14.18,28801,2020-10-27 18:50:00,MAT
14.185,14.185,14.15,14.165,39561,2020-10-27 18:55:00,MAT
14.165,14.18,14.14,14.18,56548,2020-10-27 19:00:00,MAT
14.18,14.19,14.16,14.18,45581,2020-10-27 19:05:00,MAT
14.18,14.25,14.18,14.235,61147,2020-10-27 19:10:00,MAT
14.24,14.25,14.235,14.235,37241,2020-10-27 19:15:00,MAT
14.24,14.25,14.23,14.2466,51839,2020-10-27 19:20:00,MAT
14.25,14.3,14.23,14.28,169965,2020-10-27 19:25:00,MAT
14.275,14.32,14.275,14.32,67687,2020-10-27 19:30:00,MAT
14.32,14.348,14.315,14.345,79646,2020-10-27 19:35:00,MAT
14.345,14.365,14.3101,14.315,100562,2020-10-27 19:40:00,MAT
14.315,14.325,14.29,14.305,117344,2020-10-27 19:45:00,MAT
14.3,14.305,14.27,14.3,137061,2020-10-27 19:50:00,MAT
14.295,14.3,14.25,14.28,310238,2020-10-27 19:55:00,MAT
14.27,14.27,14.27,14.27,329857,2020-10-27 20:00:00,MAT
14.27,14.27,14.27,14.27,6567,2020-10-27 20:05:00,MAT
14.24,14.24,14.24,14.24,973,2020-10-27 23:10:00,MAT
13.98,13.98,13.98,13.98,500,2020-10-27 23:45:00,MAT
13.9,13.9,13.9,13.9,200,2020-10-28 11:00:00,MAT
13.99,13.99,13.99,13.99,100,2020-10-28 11:05:00,MAT
13.99,13.99,13.99,13.99,300,2020-10-28 11:15:00,MAT
14.29,14.29,14.29,14.29,488,2020-10-28 12:40:00,MAT
13.9301,13.9301,13.9301,13.9301,300,2020-10-28 12:45:00,MAT
13.9301,13.9301,13.9301,13.9301,500,2020-10-28 12:55:00,MAT
13.93,13.93,13.93,13.93,100,2020-10-28 13:00:00,MAT
13.93,13.93,13.93,13.93,150,2020-10-28 13:05:00,MAT
13.9301,13.9309,13.93,13.9309,2200,2020-10-28 13:10:00,MAT
13.93,13.93,13.93,13.93,291,2020-10-28 13:25:00,MAT
13.93,13.99,13.85,13.945,61485,2020-10-28 13:30:00,MAT
13.95,14.02,13.93,13.98,32188,2020-10-28 13:35:00,MAT
13.99,14.09,13.98,14.0118,59328,2020-10-28 13:40:00,MAT
14.01,14.04,13.95,13.95,28886,2020-10-28 13:45:00,MAT
13.93,13.94,13.84,13.84,56102,2020-10-28 13:50:00,MAT
13.835,13.89,13.81,13.885,43105,2020-10-28 13:55:00,MAT
13.88,13.91,13.86,13.89,35186,2020-10-28 14:00:00,MAT
13.89,13.955,13.89,13.955,18664,2020-10-28 14:05:00,MAT
13.955,13.965,13.93,13.935,22393,2020-10-28 14:10:00,MAT
13.93,13.965,13.91,13.915,24155,2020-10-28 14:15:00,MAT
13.915,13.955,13.9,13.925,28816,2020-10-28 14:20:00,MAT
13.93,13.95,13.925,13.94,33986,2020-10-28 14:25:00,MAT
13.94,13.965,13.92,13.955,40507,2020-10-28 14:30:00,MAT
13.955,14.005,13.955,13.99,24901,2020-10-28 14:35:00,MAT
13.985,14.01,13.98,13.985,29404,2020-10-28 14:40:00,MAT
13.99,13.99,13.95,13.955,30905,2020-10-28 14:45:00,MAT
13.955,13.99,13.95,13.985,31919,2020-10-28 14:50:00,MAT
13.975,13.995,13.955,13.98,23181,2020-10-28 14:55:00,MAT
13.97,13.98,13.925,13.925,39924,2020-10-28 15:00:00,MAT
13.93,13.965,13.93,13.96,17750,2020-10-28 15:05:00,MAT
13.96,13.965,13.945,13.945,15627,2020-10-28 15:10:00,MAT
13.95,13.95,13.91,13.92,28527,2020-10-28 15:15:00,MAT
13.92,13.93,13.875,13.895,29406,2020-10-28 15:20:00,MAT
13.9,13.92,13.895,13.915,13132,2020-10-28 15:25:00,MAT
13.91,13.92,13.87,13.905,21398,2020-10-28 15:30:00,MAT
13.91,13.94,13.905,13.94,33247,2020-10-28 15:35:00,MAT
13.935,14.0,13.93,13.993,27418,2020-10-28 15:40:00,MAT
14.0,14.04,13.99,14.02,31029,2020-10-28 15:45:00,MAT
14.02,14.05,14.0118,14.03,18919,2020-10-28 15:50:00,MAT
14.03,14.05,14.015,14.05,19937,2020-10-28 15:55:00,MAT
14.04,14.045,14.01,14.025,14779,2020-10-28 16:00:00,MAT
14.025,14.06,14.01,14.05,22480,2020-10-28 16:05:00,MAT
14.04,14.07,14.04,14.065,18076,2020-10-28 16:10:00,MAT
14.065,14.09,14.045,14.05,75694,2020-10-28 16:15:00,MAT
14.05,14.08,14.05,14.065,15606,2020-10-28 16:20:00,MAT
14.07,14.12,14.06,14.07,115778,2020-10-28 16:25:00,MAT
14.07,14.13,14.07,14.13,28548,2020-10-28 16:30:00,MAT
14.13,14.14,14.06,14.06,32379,2020-10-28 16:35:00,MAT
14.055,14.06,14.03,14.055,18710,2020-10-28 16:40:00,MAT
14.055,14.06,13.98,13.995,37107,2020-10-28 16:45:00,MAT
13.995,14.02,13.985,14.005,12772,2020-10-28 16:50:00,MAT
14.0,14.01,13.985,14.005,8909,2020-10-28 16:55:00,MAT
14.005,14.01,13.99,13.99,21008,2020-10-28 17:00:00,MAT
13.985,13.995,13.96,13.985,17609,2020-10-28 17:05:00,MAT
13.99,13.99,13.9399,13.95,18800,2020-10-28 17:10:00,MAT
13.95,13.97,13.91,13.96,31246,2020-10-28 17:15:00,MAT
13.95,13.96,13.93,13.955,14764,2020-10-28 17:20:00,MAT
13.96,13.995,13.96,13.995,19484,2020-10-28 17:25:00,MAT
13.99,14.0084,13.9762,14.005,15525,2020-10-28 17:30:00,MAT
14.01,14.04,14.01,14.01,18049,2020-10-28 17:35:00,MAT
14.01,14.03,14.005,14.02,20156,2020-10-28 17:40:00,MAT
14.02,14.04,14.0,14.03,22933,2020-10-28 17:45:00,MAT
14.035,14.035,14.015,14.035,8982,2020-10-28 17:50:00,MAT
14.035,14.045,14.03,14.035,12818,2020-10-28 17:55:00,MAT
14.03,14.05,14.02,14.04,38053,2020-10-28 18:00:00,MAT
14.04,14.05,14.03,14.03,13510,2020-10-28 18:05:00,MAT
14.04,14.05,14.03,14.035,17338,2020-10-28 18:10:00,MAT
14.03,14.05,14.03,14.045,21984,2020-10-28 18:15:00,MAT
14.045,14.095,14.03,14.09,23058,2020-10-28 18:20:00,MAT
14.09,14.11,14.09,14.1001,18639,2020-10-28 18:25:00,MAT
14.105,14.14,14.105,14.13,26957,2020-10-28 18:30:00,MAT
14.125,14.129,14.12,14.125,18568,2020-10-28 18:35:00,MAT
14.125,14.17,14.125,14.155,36388,2020-10-28 18:40:00,MAT
14.155,14.18,14.14,14.145,42103,2020-10-28 18:45:00,MAT
14.15,14.16,14.1195,14.1195,46970,2020-10-28 18:50:00,MAT
14.12,14.16,14.1,14.12,65543,2020-10-28 18:55:00,MAT
14.12,14.15,14.11,14.11,220875,2020-10-28 19:00:00,MAT
14.115,14.13,14.105,14.115,32985,2020-10-28 19:05:00,MAT
14.115,14.125,14.08,14.12,48806,2020-10-28 19:10:00,MAT
14.12,14.13,14.1,14.115,44877,2020-10-28 19:15:00,MAT
14.11,14.16,14.11,14.16,70119,2020-10-28 19:20:00,MAT
14.16,14.16,14.12,14.135,66334,2020-10-28 19:25:00,MAT
14.135,14.195,14.135,14.17,67965,2020-10-28 19:30:00,MAT
14.17,14.175,14.12,14.14,33195,2020-10-28 19:35:00,MAT
14.14,14.15,14.11,14.11,49874,2020-10-28 19:40:00,MAT
14.11,14.12,14.07,14.105,65849,2020-10-28 19:45:00,MAT
14.1,14.11,14.035,14.04,163909,2020-10-28 19:50:00,MAT
14.03,14.06,14.02,14.05,388619,2020-10-28 19:55:00,MAT
14.05,14.05,14.05,14.05,351599,2020-10-28 20:00:00,MAT
14.0,14.0,13.9,13.9,4001,2020-10-28 20:05:00,MAT
14.0501,14.0501,14.0501,14.0501,425,2020-10-28 20:45:00,MAT
14.06,14.06,14.05,14.05,925,2020-10-28 20:50:00,MAT
14.05,14.05,14.05,14.05,1200,2020-10-28 20:55:00,MAT
14.05,14.05,14.05,14.05,675,2020-10-28 21:00:00,MAT
14.05,14.05,14.05,14.05,290,2020-10-28 21:05:00,MAT
14.05,14.05,14.05,14.05,500,2020-10-28 21:10:00,MAT
14.05,14.05,14.05,14.05,210,2020-10-28 22:20:00,MAT
14.05,14.05,14.05,14.05,790,2020-10-28 22:45:00,MAT
14.01,14.01,14.0,14.01,1960,2020-10-28 23:00:00,MAT
14.05,14.05,14.05,14.05,207,2020-10-28 23:35:00,MAT
14.15,14.15,14.15,14.15,470,2020-10-28 23:50:00,MAT
14.15,14.15,14.15,14.15,654,2020-10-29 11:05:00,MAT
14.15,14.15,14.15,14.15,164,2020-10-29 11:55:00,MAT
14.03,14.04,14.03,14.04,400,2020-10-29 12:25:00,MAT
14.05,14.05,14.05,14.05,200,2020-10-29 12:40:00,MAT
14.1,14.1,14.1,14.1,100,2020-10-29 13:20:00,MAT
14.09,14.12,14.03,14.09,69548,2020-10-29 13:30:00,MAT
14.1,14.1,13.95,13.96,62709,2020-10-29 13:35:00,MAT
13.96,13.965,13.89,13.91,28740,2020-10-29 13:40:00,MAT
13.912,13.9639,13.91,13.9192,15259,2020-10-29 13:45:00,MAT
13.91,13.94,13.9,13.94,21869,2020-10-29 13:50:00,MAT
13.94,13.98,13.93,13.93,27663,2020-10-29 13:55:00,MAT
13.93,14.028,13.93,14.018,24360,2020-10-29 14:00:00,MAT
14.01,14.01,13.96,13.985,18596,2020-10-29 14:05:00,MAT
13.99,14.0,13.955,13.97,19993,2020-10-29 14:10:00,MAT
13.97,14.02,13.97,14.02,20187,2020-10-29 14:15:00,MAT
14.02,14.04,13.985,14.01,33674,2020-10-29 14:20:00,MAT
14.01,14.14,13.99,14.12,135921,2020-10-29 14:25:00,MAT
14.12,14.14,14.06,14.07,18406,2020-10-29 14:30:00,MAT
14.06,14.1291,14.05,14.09,67844,2020-10-29 14:35:00,MAT
14.09,14.11,14.07,14.09,20020,2020-10-29 14:40:00,MAT
14.1,14.1099,14.07,14.07,24351,2020-10-29 14:45:00,MAT
14.07,14.13,14.07,14.11,50531,2020-10-29 14:50:00,MAT
14.11,14.15,14.1,14.11,27443,2020-10-29 14:55:00,MAT
14.11,14.11,14.04,14.055,36174,2020-10-29 15:00:00,MAT
14.055,14.06,14.02,14.03,59385,2020-10-29 15:05:00,MAT
14.03,14.03,13.98,14.0,47654,2020-10-29 15:10:00,MAT
14.0,14.03,14.0,14.02,15651,2020-10-29 15:15:00,MAT
14.02,14.06,14.02,14.045,60065,2020-10-29 15:20:00,MAT
14.0405,14.045,13.995,14.0,29320,2020-10-29 15:25:00,MAT
14.0,14.0,13.93,13.93,36860,2020-10-29 15:30:00,MAT
13.93,13.94,13.9,13.91,29531,2020-10-29 15:35:00,MAT
13.915,13.93,13.875,13.88,47122,2020-10-29 15:40:00,MAT
13.89,13.91,13.86,13.86,30928,2020-10-29 15:45:00,MAT
13.85,13.87,13.83,13.83,22575,2020-10-29 15:50:00,MAT
13.825,13.86,13.8,13.82,41141,2020-10-29 15:55:00,MAT
13.82,13.83,13.76,13.77,108100,2020-10-29 16:00:00,MAT
13.765,13.825,13.765,13.8,71846,2020-10-29 16:05:00,MAT
13.8,13.82,13.79,13.82,48698,2020-10-29 16:10:00,MAT
13.815,13.83,13.805,13.81,24512,2020-10-29 16:15:00,MAT
13.81,13.835,13.8,13.8338,40990,2020-10-29 16:20:00,MAT
13.84,13.85,13.83,13.845,27652,2020-10-29 16:25:00,MAT
13.85,13.875,13.83,13.87,26729,2020-10-29 16:30:00,MAT
13.87,13.89,13.86,13.88,12629,2020-10-29 16:35:00,MAT
13.88,13.885,13.86,13.875,15710,2020-10-29 16:40:00,MAT
13.87,13.89,13.865,13.865,12560,2020-10-29 16:45:00,MAT
13.86,13.875,13.855,13.87,18210,2020-10-29 16:50:00,MAT
13.86,13.87,13.8483,13.87,12877,2020-10-29 16:55:00,MAT
13.865,13.89,13.86,13.87,17757,2020-10-29 17:00:00,MAT
13.875,13.875,13.86,13.865,16119,2020-10-29 17:05:00,MAT
13.86,13.89,13.86,13.875,11294,2020-10-29 17:10:00,MAT
13.88,13.88,13.86,13.8733,18657,2020-10-29 17:15:00,MAT
13.8743,13.905,13.8743,13.9,35069,2020-10-29 17:20:00,MAT
13.9,13.93,13.895,13.92,37793,2020-10-29 17:25:00,MAT
13.91,13.96,13.91,13.9565,15891,2020-10-29 17:30:00,MAT
13.955,13.98,13.94,13.98,34005,2020-10-29 17:35:00,MAT
13.975,13.99,13.9699,13.985,14318,2020-10-29 17:40:00,MAT
13.985,14.02,13.985,14.02,42135,2020-10-29 17:45:00,MAT
14.015,14.03,14.01,14.03,21624,2020-10-29 17:50:00,MAT
14.03,14.05,14.03,14.04,21172,2020-10-29 17:55:00,MAT
14.04,14.05,14.035,14.04,18499,2020-10-29 18:00:00,MAT
14.04,14.05,14.03,14.035,8401,2020-10-29 18:05:00,MAT
14.03,14.07,14.02,14.07,23215,2020-10-29 18:10:00,MAT
14.065,14.12,14.06,14.08,124623,2020-10-29 18:15:00,MAT
14.08,14.11,14.08,14.1,6140,2020-10-29 18:20:00,MAT
14.105,14.11,14.075,14.085,15806,2020-10-29 18:25:00,MAT
14.08,14.08,14.06,14.08,17306,2020-10-29 18:30:00,MAT
14.08,14.08,14.025,14.04,14356,2020-10-29 18:35:00,MAT
14.04,14.055,14.02,14.03,25728,2020-10-29 18:40:00,MAT
14.03,14.035,14.01,14.01,13213,2020-10-29 18:45:00,MAT
14.02,14.035,14.02,14.035,8399,2020-10-29 18:50:00,MAT
14.03,14.04,14.02,14.0362,24045,2020-10-29 18:55:00,MAT
14.04,14.0873,14.03,14.075,26396,2020-10-29 19:00:00,MAT
14.08,14.08,14.03,14.05,26394,2020-10-29 19:05:00,MAT
14.04,14.04,14.0,14.01,37725,2020-10-29 19:10:00,MAT
14.01,14.015,13.98,14.01,19905,2020-10-29 19:15:00,MAT
14.015,14.03,14.015,14.025,10501,2020-10-29 19:20:00,MAT
14.03,14.05,14.03,14.035,24825,2020-10-29 19:25:00,MAT
14.035,14.035,14.02,14.03,18958,2020-10-29 19:30:00,MAT
14.03,14.0376,14.01,14.02,28808,2020-10-29 19:35:00,MAT
14.02,14.025,14.0,14.01,38481,2020-10-29 19:40:00,MAT
14.01,14.07,14.01,14.065,193213,2020-10-29 19:45:00,MAT
14.065,14.07,14.04,14.055,86817,2020-10-29 19:50:00,MAT
14.05,14.05,13.99,13.99,140356,2020-10-29 19:55:00,MAT
14.0,14.0,14.0,14.0,269102,2020-10-29 20:00:00,MAT
13.95,13.95,13.95,13.95,200,2020-10-29 21:25:00,MAT
13.85,13.85,13.85,13.85,200,2020-10-29 22:15:00,MAT
13.8,13.8,13.8,13.8,100,2020-10-29 23:50:00,MAT
13.8,13.8,13.8,13.8,100,2020-10-30 12:15:00,MAT
13.94,14.02,13.8028,13.94,49854,2020-10-30 13:30:00,MAT
13.9199,13.97,13.87,13.94,19291,2020-10-30 13:35:00,MAT
13.93,13.93,13.87,13.87,12750,2020-10-30 13:40:00,MAT
13.87,13.87,13.78,13.78,13144,2020-10-30 13:45:00,MAT
13.78,13.8129,13.77,13.8,11207,2020-10-30 13:50:00,MAT
13.8,13.84,13.79,13.81,14400,2020-10-30 13:55:00,MAT
13.81,13.835,13.79,13.82,20313,2020-10-30 14:00:00,MAT
13.81,13.84,13.81,13.82,21855,2020-10-30 14:05:00,MAT
13.82,13.835,13.75,13.75,71205,2020-10-30 14:10:00,MAT
13.75,13.77,13.72,13.745,44391,2020-10-30 14:15:00,MAT
13.74,13.76,13.71,13.7114,24649,2020-10-30 14:20:00,MAT
13.71,13.71,13.66,13.7,64507,2020-10-30 14:25:00,MAT
13.7,13.72,13.67,13.71,44212,2020-10-30 14:30:00,MAT
13.7,13.71,13.68,13.69,11328,2020-10-30 14:35:00,MAT
13.695,13.695,13.66,13.68,20273,2020-10-30 14:40:00,MAT
13.675,13.68,13.625,13.63,16643,2020-10-30 14:45:00,MAT
13.63,13.68,13.625,13.66,21177,2020-10-30 14:50:00,MAT
13.67,13.685,13.595,13.6,30627,2020-10-30 14:55:00,MAT
13.61,13.665,13.605,13.6599,24435,2020-10-30 15:00:00,MAT
13.65,13.65,13.605,13.61,19007,2020-10-30 15:05:00,MAT
13.62,13.7,13.605,13.69,18625,2020-10-30 15:10:00,MAT
13.69,13.69,13.64,13.67,22097,2020-10-30 15:15:00,MAT
13.67,13.67,13.64,13.64,11577,2020-10-30 15:20:00,MAT
13.645,13.655,13.61,13.61,15165,2020-10-30 15:25:00,MAT
13.61,13.625,13.6,13.62,14284,2020-10-30 15:30:00,MAT
13.625,13.63,13.57,13.595,14642,2020-10-30 15:35:00,MAT
13.59,13.595,13.56,13.565,20954,2020-10-30 15:40:00,MAT
13.56,13.575,13.54,13.575,46219,2020-10-30 15:45:00,MAT
13.57,13.595,13.57,13.59,24116,2020-10-30 15:50:00,MAT
13.595,13.595,13.555,13.555,14960,2020-10-30 15:55:00,MAT
13.555,13.6258,13.555,13.62,13678,2020-10-30 16:00:00,MAT
13.62,13.65,13.595,13.6,43046,2020-10-30 16:05:00,MAT
13.61,13.615,13.59,13.61,5954,2020-10-30 16:10:00,MAT
13.61,13.66,13.61,13.66,12082,2020-10-30 16:15:00,MAT
13.655,13.745,13.65,13.735,81848,2020-10-30 16:20:00,MAT
13.735,13.79,13.73,13.79,16825,2020-10-30 16:25:00,MAT
13.785,13.815,13.77,13.81,29082,2020-10-30 16:30:00,MAT
13.81,13.82,13.7925,13.81,35818,2020-10-30 16:35:00,MAT
13.815,13.82,13.78,13.795,45567,2020-10-30 16:40:00,MAT
13.79,13.8,13.77,13.795,18067,2020-10-30 16:45:00,MAT
13.79,13.795,13.775,13.78,11389,2020-10-30 16:50:00,MAT
13.785,13.79,13.74,13.76,33024,2020-10-30 16:55:00,MAT
13.755,13.78,13.75,13.75,12000,2020-10-30 17:00:00,MAT
13.75,13.75,13.74,13.745,4996,2020-10-30 17:05:00,MAT
13.749,13.75,13.68,13.68,17686,2020-10-30 17:10:00,MAT
13.68,13.71,13.67,13.705,31801,2020-10-30 17:15:00,MAT
13.7,13.71,13.69,13.705,8194,2020-10-30 17:20:00,MAT
13.704,13.74,13.695,13.72,7681,2020-10-30 17:25:00,MAT
13.72,13.7276,13.705,13.7199,9093,2020-10-30 17:30:00,MAT
13.71,13.71,13.68,13.7,8253,2020-10-30 17:35:00,MAT
13.7,13.705,13.69,13.7,11287,2020-10-30 17:40:00,MAT
13.7,13.73,13.685,13.72,16867,2020-10-30 17:45:00,MAT
13.72,13.725,13.7018,13.715,6600,2020-10-30 17:50:00,MAT
13.715,13.76,13.7,13.755,43708,2020-10-30 17:55:00,MAT
13.755,13.78,13.72,13.735,32034,2020-10-30 18:00:00,MAT
13.73,13.765,13.715,13.765,19933,2020-10-30 18:05:00,MAT
13.77,13.775,13.72,13.725,9669,2020-10-30 18:10:00,MAT
13.72,13.73,13.71,13.72,9833,2020-10-30 18:15:00,MAT
13.725,13.725,13.69,13.695,8662,2020-10-30 18:20:00,MAT
13.695,13.695,13.65,13.67,9433,2020-10-30 18:25:00,MAT
13.66,13.668,13.65,13.66,11302,2020-10-30 18:30:00,MAT
13.65,13.685,13.63,13.67,17931,2020-10-30 18:35:00,MAT
13.67,13.675,13.64,13.67,22615,2020-10-30 18:40:00,MAT
13.67,13.73,13.67,13.73,38840,2020-10-30 18:45:00,MAT
13.725,13.735,13.715,13.73,43803,2020-10-30 18:50:00,MAT
13.735,13.75,13.72,13.725,42045,2020-10-30 18:55:00,MAT
13.725,13.73,13.71,13.725,44509,2020-10-30 19:00:00,MAT
13.72,13.73,13.705,13.71,51082,2020-10-30 19:05:00,MAT
13.71,13.75,13.71,13.71,42490,2020-10-30 19:10:00,MAT
13.71,13.735,13.71,13.725,61914,2020-10-30 19:15:00,MAT
13.72,13.74,13.7,13.7,13693,2020-10-30 19:20:00,MAT
13.7,13.73,13.7,13.73,33115,2020-10-30 19:25:00,MAT
13.72,13.77,13.7125,13.725,53791,2020-10-30 19:30:00,MAT
13.725,13.73,13.695,13.71,45063,2020-10-30 19:35:00,MAT
13.71,13.73,13.7,13.73,40820,2020-10-30 19:40:00,MAT
13.73,13.76,13.72,13.73,51388,2020-10-30 19:45:00,MAT
13.72,13.74,13.71,13.725,128027,2020-10-30 19:50:00,MAT
13.72,13.79,13.72,13.78,133865,2020-10-30 19:55:00,MAT
13.78,13.84,13.77,13.77,360892,2020-10-30 20:00:00,MAT
13.78,13.78,13.78,13.78,1000,2020-10-30 20:10:00,MAT
13.8,13.8,13.8,13.8,100,2020-10-30 20:50:00,MAT
13.84,13.84,13.84,13.84,100,2020-10-30 22:15:00,MAT
