open,high,low,close,volume,datetime,symbol
21.96,21.96,21.96,21.96,100,2022-01-11 14:38:00,FLIC
21.92,21.94,21.92,21.93,300,2022-01-11 14:41:00,FLIC
21.87,21.87,21.87,21.87,200,2022-01-11 14:43:00,FLIC
21.88,21.88,21.88,21.88,302,2022-01-11 14:44:00,FLIC
21.9652,21.9652,21.84,21.84,450,2022-01-11 14:45:00,FLIC
21.83,21.83,21.83,21.83,100,2022-01-11 14:46:00,FLIC
21.8,21.815,21.8,21.815,401,2022-01-11 14:47:00,FLIC
21.84,21.84,21.84,21.84,100,2022-01-11 14:49:00,FLIC
22.05,22.05,22.05,22.05,100,2022-01-11 14:52:00,FLIC
21.93,21.93,21.93,21.93,100,2022-01-11 14:57:00,FLIC
21.965,21.965,21.965,21.965,100,2022-01-11 14:58:00,FLIC
22.02,22.02,22.02,22.02,100,2022-01-11 15:00:00,FLIC
21.88,21.88,21.88,21.88,200,2022-01-11 15:05:00,FLIC
21.79,21.85,21.79,21.85,200,2022-01-11 15:11:00,FLIC
21.81,21.81,21.81,21.81,100,2022-01-11 15:22:00,FLIC
21.82,21.82,21.82,21.82,100,2022-01-11 15:23:00,FLIC
21.75,21.75,21.75,21.75,100,2022-01-11 15:25:00,FLIC
21.7,21.7,21.7,21.7,100,2022-01-11 15:32:00,FLIC
21.84,21.84,21.84,21.84,100,2022-01-11 15:45:00,FLIC
21.85,21.9,21.84,21.875,549,2022-01-11 15:50:00,FLIC
21.87,21.87,21.87,21.87,100,2022-01-11 16:04:00,FLIC
21.89,21.89,21.89,21.89,100,2022-01-11 16:05:00,FLIC
21.8468,21.8468,21.8468,21.8468,200,2022-01-11 16:06:00,FLIC
21.8,21.8,21.8,21.8,100,2022-01-11 16:20:00,FLIC
21.74,21.74,21.69,21.7,2154,2022-01-11 16:23:00,FLIC
21.76,21.76,21.76,21.76,345,2022-01-11 16:32:00,FLIC
21.835,21.835,21.835,21.835,200,2022-01-11 16:36:00,FLIC
21.91,21.91,21.91,21.91,100,2022-01-11 16:38:00,FLIC
21.82,21.82,21.82,21.82,100,2022-01-11 16:56:00,FLIC
21.82,21.82,21.82,21.82,200,2022-01-11 17:01:00,FLIC
21.84,21.89,21.84,21.89,400,2022-01-11 17:09:00,FLIC
21.83,21.83,21.81,21.81,300,2022-01-11 17:15:00,FLIC
21.815,21.815,21.815,21.815,100,2022-01-11 17:16:00,FLIC
21.85,21.85,21.85,21.85,100,2022-01-11 17:17:00,FLIC
21.86,21.86,21.86,21.86,100,2022-01-11 17:20:00,FLIC
21.855,21.855,21.85,21.85,300,2022-01-11 17:27:00,FLIC
21.9,21.9803,21.9,21.96,1346,2022-01-11 17:39:00,FLIC
21.93,21.93,21.93,21.93,100,2022-01-11 17:46:00,FLIC
21.99,22.02,21.99,22.02,998,2022-01-11 17:51:00,FLIC
21.95,21.95,21.95,21.95,100,2022-01-11 17:52:00,FLIC
21.9896,21.9896,21.9896,21.9896,105,2022-01-11 17:55:00,FLIC
21.95,21.95,21.92,21.92,300,2022-01-11 17:56:00,FLIC
21.97,21.97,21.97,21.97,100,2022-01-11 18:37:00,FLIC
22.02,22.02,22.02,22.02,100,2022-01-11 18:39:00,FLIC
22.02,22.02,22.02,22.02,100,2022-01-11 18:41:00,FLIC
22.03,22.03,22.03,22.03,100,2022-01-11 18:49:00,FLIC
21.995,21.995,21.995,21.995,100,2022-01-11 18:55:00,FLIC
21.98,21.98,21.98,21.98,100,2022-01-11 18:57:00,FLIC
21.97,21.97,21.97,21.97,400,2022-01-11 19:00:00,FLIC
21.89,21.89,21.89,21.89,100,2022-01-11 19:09:00,FLIC
21.9,21.9,21.9,21.9,100,2022-01-11 19:15:00,FLIC
21.91,21.91,21.91,21.91,100,2022-01-11 19:21:00,FLIC
21.89,21.89,21.89,21.89,100,2022-01-11 19:26:00,FLIC
21.9,21.9,21.9,21.9,302,2022-01-11 19:27:00,FLIC
21.99,22.02,21.99,22.02,200,2022-01-11 19:42:00,FLIC
21.985,21.985,21.985,21.985,200,2022-01-11 19:45:00,FLIC
21.955,21.955,21.955,21.955,200,2022-01-11 19:49:00,FLIC
21.96,21.96,21.96,21.96,100,2022-01-11 19:51:00,FLIC
21.97,21.97,21.97,21.97,100,2022-01-11 19:56:00,FLIC
21.98,21.98,21.93,21.93,200,2022-01-11 19:58:00,FLIC
21.97,21.97,21.97,21.97,100,2022-01-11 20:06:00,FLIC
22.02,22.02,21.97,21.97,200,2022-01-11 20:07:00,FLIC
22.03,22.03,22.03,22.03,100,2022-01-11 20:08:00,FLIC
21.985,21.985,21.97,21.97,300,2022-01-11 20:12:00,FLIC
21.97,21.97,21.97,21.97,100,2022-01-11 20:16:00,FLIC
21.97,21.97,21.97,21.97,100,2022-01-11 20:17:00,FLIC
21.95,21.965,21.95,21.965,300,2022-01-11 20:21:00,FLIC
21.98,21.98,21.98,21.98,100,2022-01-11 20:26:00,FLIC
21.95,21.95,21.95,21.95,100,2022-01-11 20:29:00,FLIC
22.0,22.0,22.0,22.0,200,2022-01-11 20:31:00,FLIC
21.97,21.97,21.97,21.97,200,2022-01-11 20:37:00,FLIC
21.97,21.97,21.97,21.97,200,2022-01-11 20:38:00,FLIC
21.92,21.92,21.92,21.92,100,2022-01-11 20:40:00,FLIC
21.91,21.91,21.91,21.91,100,2022-01-11 20:41:00,FLIC
21.91,21.95,21.91,21.95,200,2022-01-11 20:43:00,FLIC
21.92,21.92,21.92,21.92,100,2022-01-11 20:45:00,FLIC
21.92,21.92,21.92,21.92,100,2022-01-11 20:46:00,FLIC
21.95,21.95,21.95,21.95,182,2022-01-11 20:47:00,FLIC
21.92,21.92,21.92,21.92,300,2022-01-11 20:50:00,FLIC
21.91,21.91,21.91,21.91,100,2022-01-11 20:52:00,FLIC
21.925,21.925,21.92,21.92,200,2022-01-11 20:53:00,FLIC
21.94,21.94,21.91,21.91,400,2022-01-11 20:54:00,FLIC
21.9226,21.9226,21.88,21.89,2380,2022-01-11 20:55:00,FLIC
21.895,21.9,21.89,21.895,400,2022-01-11 20:57:00,FLIC
21.895,21.895,21.89,21.89,300,2022-01-11 20:58:00,FLIC
21.895,21.93,21.89,21.93,1450,2022-01-11 20:59:00,FLIC
21.93,21.93,21.93,21.93,12593,2022-01-11 21:00:00,FLIC
21.87,21.87,21.87,21.87,271,2022-01-12 14:30:00,FLIC
21.98,21.98,21.98,21.98,100,2022-01-12 14:39:00,FLIC
21.8078,21.8078,21.8078,21.8078,255,2022-01-12 14:40:00,FLIC
21.98,21.98,21.98,21.98,100,2022-01-12 15:02:00,FLIC
22.0,22.0,22.0,22.0,100,2022-01-12 15:03:00,FLIC
22.0,22.0,22.0,22.0,100,2022-01-12 15:04:00,FLIC
22.01,22.01,22.01,22.01,100,2022-01-12 15:06:00,FLIC
22.0,22.0,22.0,22.0,200,2022-01-12 15:07:00,FLIC
22.01,22.01,22.01,22.01,100,2022-01-12 15:09:00,FLIC
22.01,22.01,22.01,22.01,100,2022-01-12 15:11:00,FLIC
22.04,22.04,22.04,22.04,100,2022-01-12 15:13:00,FLIC
22.0,22.0,22.0,22.0,100,2022-01-12 15:15:00,FLIC
21.99,21.99,21.99,21.99,100,2022-01-12 15:23:00,FLIC
22.02,22.02,22.02,22.02,100,2022-01-12 15:30:00,FLIC
21.96,21.96,21.96,21.96,100,2022-01-12 15:31:00,FLIC
21.98,21.98,21.98,21.98,100,2022-01-12 15:34:00,FLIC
21.96,21.96,21.96,21.96,100,2022-01-12 15:37:00,FLIC
21.96,21.96,21.93,21.93,600,2022-01-12 15:39:00,FLIC
21.94,21.94,21.92,21.92,300,2022-01-12 15:41:00,FLIC
21.93,21.94,21.93,21.94,400,2022-01-12 15:45:00,FLIC
21.94,21.94,21.94,21.94,100,2022-01-12 15:52:00,FLIC
21.93,21.93,21.93,21.93,100,2022-01-12 15:58:00,FLIC
21.965,21.965,21.965,21.965,100,2022-01-12 16:05:00,FLIC
21.92,21.965,21.89,21.91,1100,2022-01-12 16:07:00,FLIC
21.955,21.955,21.955,21.955,120,2022-01-12 16:08:00,FLIC
21.89,21.89,21.88,21.88,200,2022-01-12 16:14:00,FLIC
21.86,21.86,21.85,21.85,400,2022-01-12 16:15:00,FLIC
21.82,21.82,21.82,21.82,200,2022-01-12 16:19:00,FLIC
21.8434,21.8434,21.8434,21.8434,100,2022-01-12 16:20:00,FLIC
21.81,21.81,21.81,21.81,100,2022-01-12 16:21:00,FLIC
21.81,21.81,21.81,21.81,100,2022-01-12 16:22:00,FLIC
21.8,21.8,21.8,21.8,100,2022-01-12 16:25:00,FLIC
21.81,21.84,21.81,21.83,317,2022-01-12 16:26:00,FLIC
21.84,21.84,21.84,21.84,100,2022-01-12 16:29:00,FLIC
21.83,21.88,21.83,21.88,200,2022-01-12 16:36:00,FLIC
21.89,21.89,21.89,21.89,100,2022-01-12 16:48:00,FLIC
21.89,21.89,21.89,21.89,100,2022-01-12 16:49:00,FLIC
21.9,21.9,21.9,21.9,200,2022-01-12 16:55:00,FLIC
21.96,21.96,21.96,21.96,300,2022-01-12 16:59:00,FLIC
21.9,21.9,21.9,21.9,100,2022-01-12 17:08:00,FLIC
21.95,21.96,21.93,21.96,400,2022-01-12 17:15:00,FLIC
21.93,21.93,21.93,21.93,100,2022-01-12 17:16:00,FLIC
21.95,21.95,21.95,21.95,200,2022-01-12 17:17:00,FLIC
21.94,21.94,21.94,21.94,200,2022-01-12 17:18:00,FLIC
21.94,21.94,21.94,21.94,100,2022-01-12 17:19:00,FLIC
21.94,21.96,21.94,21.96,200,2022-01-12 17:21:00,FLIC
21.96,21.96,21.96,21.96,100,2022-01-12 17:22:00,FLIC
21.95,21.95,21.95,21.95,100,2022-01-12 17:25:00,FLIC
21.95,21.95,21.95,21.95,100,2022-01-12 17:29:00,FLIC
21.97,21.97,21.96,21.96,300,2022-01-12 17:34:00,FLIC
21.97,21.975,21.97,21.975,500,2022-01-12 17:37:00,FLIC
21.96,21.96,21.96,21.96,200,2022-01-12 17:39:00,FLIC
21.97,21.98,21.97,21.98,300,2022-01-12 17:43:00,FLIC
21.99,22.01,21.99,22.01,800,2022-01-12 17:44:00,FLIC
22.03,22.03,22.03,22.03,100,2022-01-12 17:46:00,FLIC
22.03,22.03,22.03,22.03,100,2022-01-12 17:48:00,FLIC
22.04,22.04,22.04,22.04,300,2022-01-12 17:51:00,FLIC
22.03,22.03,22.03,22.03,100,2022-01-12 17:57:00,FLIC
22.035,22.035,22.035,22.035,100,2022-01-12 18:02:00,FLIC
22.05,22.05,22.05,22.05,100,2022-01-12 18:05:00,FLIC
22.07,22.13,22.07,22.11,713,2022-01-12 18:07:00,FLIC
22.135,22.135,22.135,22.135,100,2022-01-12 18:08:00,FLIC
22.13,22.13,22.11,22.11,500,2022-01-12 18:11:00,FLIC
22.08,22.08,22.08,22.08,200,2022-01-12 18:18:00,FLIC
22.09,22.09,22.09,22.09,100,2022-01-12 18:34:00,FLIC
22.09,22.09,22.09,22.09,500,2022-01-12 18:35:00,FLIC
22.07,22.07,22.07,22.07,100,2022-01-12 18:44:00,FLIC
22.06,22.06,22.06,22.06,100,2022-01-12 18:49:00,FLIC
22.04,22.04,22.04,22.04,100,2022-01-12 18:53:00,FLIC
22.03,22.03,22.03,22.03,100,2022-01-12 18:58:00,FLIC
22.02,22.02,22.02,22.02,100,2022-01-12 19:02:00,FLIC
22.04,22.05,22.04,22.05,300,2022-01-12 19:03:00,FLIC
22.06,22.06,22.05,22.05,300,2022-01-12 19:04:00,FLIC
22.04,22.04,22.04,22.04,100,2022-01-12 19:05:00,FLIC
22.04,22.06,22.04,22.06,400,2022-01-12 19:07:00,FLIC
22.06,22.06,22.06,22.06,100,2022-01-12 19:10:00,FLIC
22.06,22.06,22.06,22.06,100,2022-01-12 19:11:00,FLIC
22.06,22.06,22.06,22.06,100,2022-01-12 19:19:00,FLIC
22.07,22.07,22.07,22.07,100,2022-01-12 19:28:00,FLIC
22.06,22.06,22.06,22.06,100,2022-01-12 19:32:00,FLIC
22.07,22.07,22.07,22.07,100,2022-01-12 19:37:00,FLIC
22.07,22.07,22.07,22.07,100,2022-01-12 19:41:00,FLIC
22.07,22.07,22.07,22.07,100,2022-01-12 19:45:00,FLIC
22.07,22.07,22.07,22.07,100,2022-01-12 19:49:00,FLIC
22.13,22.13,22.13,22.13,100,2022-01-12 19:51:00,FLIC
22.14,22.14,22.14,22.14,100,2022-01-12 19:56:00,FLIC
22.17,22.18,22.17,22.18,300,2022-01-12 19:59:00,FLIC
22.16,22.16,22.13,22.13,200,2022-01-12 20:00:00,FLIC
22.17,22.19,22.17,22.19,400,2022-01-12 20:02:00,FLIC
22.205,22.205,22.205,22.205,200,2022-01-12 20:05:00,FLIC
22.19,22.19,22.19,22.19,100,2022-01-12 20:07:00,FLIC
22.19,22.19,22.19,22.19,313,2022-01-12 20:09:00,FLIC
22.2,22.2,22.18,22.18,492,2022-01-12 20:10:00,FLIC
22.18,22.18,22.18,22.18,100,2022-01-12 20:13:00,FLIC
22.18,22.18,22.18,22.18,100,2022-01-12 20:14:00,FLIC
22.2,22.2,22.2,22.2,100,2022-01-12 20:20:00,FLIC
22.18,22.21,22.18,22.21,700,2022-01-12 20:24:00,FLIC
22.18,22.195,22.18,22.195,300,2022-01-12 20:33:00,FLIC
22.18,22.18,22.18,22.18,100,2022-01-12 20:35:00,FLIC
22.18,22.18,22.18,22.18,200,2022-01-12 20:37:00,FLIC
22.18,22.18,22.18,22.18,100,2022-01-12 20:39:00,FLIC
22.18,22.18,22.18,22.18,100,2022-01-12 20:40:00,FLIC
22.18,22.19,22.18,22.19,200,2022-01-12 20:41:00,FLIC
22.185,22.19,22.185,22.19,200,2022-01-12 20:44:00,FLIC
22.19,22.2,22.19,22.19,300,2022-01-12 20:47:00,FLIC
22.21,22.21,22.21,22.21,200,2022-01-12 20:48:00,FLIC
22.2,22.2,22.2,22.2,100,2022-01-12 20:49:00,FLIC
22.19,22.19,22.19,22.19,200,2022-01-12 20:50:00,FLIC
22.2,22.2,22.2,22.2,100,2022-01-12 20:51:00,FLIC
22.21,22.21,22.21,22.21,300,2022-01-12 20:52:00,FLIC
22.23,22.25,22.23,22.25,1122,2022-01-12 20:53:00,FLIC
22.24,22.24,22.23,22.23,200,2022-01-12 20:54:00,FLIC
22.23,22.23,22.23,22.23,100,2022-01-12 20:55:00,FLIC
22.24,22.24,22.24,22.24,200,2022-01-12 20:56:00,FLIC
22.199,22.22,22.19,22.19,800,2022-01-12 20:57:00,FLIC
22.19,22.19,22.19,22.19,100,2022-01-12 20:58:00,FLIC
22.21,22.21,22.11,22.12,3745,2022-01-12 20:59:00,FLIC
22.12,22.12,22.12,22.12,11652,2022-01-12 21:00:00,FLIC
22.12,22.12,22.12,22.12,836,2022-01-12 21:01:00,FLIC
22.19,22.19,22.19,22.19,211,2022-01-13 14:30:00,FLIC
22.35,22.35,22.34,22.34,200,2022-01-13 14:40:00,FLIC
22.41,22.41,22.41,22.41,100,2022-01-13 14:41:00,FLIC
22.41,22.41,22.41,22.41,200,2022-01-13 14:43:00,FLIC
22.45,22.5,22.45,22.5,998,2022-01-13 14:51:00,FLIC
22.54,22.55,22.538,22.55,888,2022-01-13 14:52:00,FLIC
22.5,22.5,22.5,22.5,100,2022-01-13 14:56:00,FLIC
22.5,22.5,22.5,22.5,400,2022-01-13 14:58:00,FLIC
22.49,22.49,22.49,22.49,100,2022-01-13 15:13:00,FLIC
22.44,22.44,22.44,22.44,132,2022-01-13 15:17:00,FLIC
22.48,22.48,22.24,22.24,2231,2022-01-13 15:21:00,FLIC
22.35,22.35,22.35,22.35,100,2022-01-13 15:35:00,FLIC
22.34,22.34,22.34,22.34,100,2022-01-13 15:46:00,FLIC
22.41,22.45,22.41,22.45,300,2022-01-13 15:48:00,FLIC
22.42,22.42,22.42,22.42,100,2022-01-13 15:51:00,FLIC
22.35,22.35,22.35,22.35,100,2022-01-13 15:53:00,FLIC
22.48,22.48,22.48,22.48,100,2022-01-13 16:17:00,FLIC
22.48,22.48,22.48,22.48,100,2022-01-13 16:27:00,FLIC
22.5,22.5,22.5,22.5,100,2022-01-13 16:31:00,FLIC
22.46,22.46,22.46,22.46,100,2022-01-13 16:34:00,FLIC
22.5,22.5,22.5,22.5,100,2022-01-13 16:36:00,FLIC
22.5,22.5,22.5,22.5,100,2022-01-13 16:45:00,FLIC
22.44,22.44,22.38,22.43,896,2022-01-13 17:06:00,FLIC
22.44,22.44,22.44,22.44,200,2022-01-13 17:21:00,FLIC
22.43,22.44,22.43,22.44,200,2022-01-13 17:48:00,FLIC
22.38,22.38,22.38,22.38,100,2022-01-13 17:49:00,FLIC
22.37,22.37,22.37,22.37,158,2022-01-13 17:53:00,FLIC
22.36,22.36,22.36,22.36,100,2022-01-13 17:54:00,FLIC
22.4,22.4,22.4,22.4,300,2022-01-13 18:12:00,FLIC
22.4,22.4,22.4,22.4,200,2022-01-13 18:15:00,FLIC
22.44,22.44,22.44,22.44,100,2022-01-13 18:24:00,FLIC
22.41,22.41,22.41,22.41,200,2022-01-13 18:27:00,FLIC
22.38,22.38,22.38,22.38,100,2022-01-13 18:28:00,FLIC
22.4,22.4,22.4,22.4,200,2022-01-13 18:35:00,FLIC
22.43,22.43,22.43,22.43,200,2022-01-13 18:43:00,FLIC
22.41,22.41,22.41,22.41,200,2022-01-13 18:44:00,FLIC
22.395,22.395,22.395,22.395,300,2022-01-13 18:48:00,FLIC
22.42,22.42,22.42,22.42,100,2022-01-13 18:49:00,FLIC
22.4,22.4,22.4,22.4,200,2022-01-13 18:55:00,FLIC
22.4,22.4,22.4,22.4,330,2022-01-13 18:56:00,FLIC
22.4,22.4,22.4,22.4,100,2022-01-13 18:57:00,FLIC
22.4,22.4,22.4,22.4,100,2022-01-13 19:03:00,FLIC
22.405,22.405,22.405,22.405,100,2022-01-13 19:14:00,FLIC
22.4,22.4,22.4,22.4,100,2022-01-13 19:16:00,FLIC
22.43,22.43,22.43,22.43,100,2022-01-13 19:24:00,FLIC
22.405,22.405,22.405,22.405,100,2022-01-13 19:30:00,FLIC
22.4,22.4,22.4,22.4,200,2022-01-13 19:32:00,FLIC
22.34,22.34,22.34,22.34,100,2022-01-13 19:33:00,FLIC
22.38,22.38,22.38,22.38,100,2022-01-13 19:37:00,FLIC
22.36,22.36,22.36,22.36,100,2022-01-13 19:49:00,FLIC
22.355,22.36,22.355,22.36,469,2022-01-13 20:02:00,FLIC
22.33,22.33,22.33,22.33,200,2022-01-13 20:08:00,FLIC
22.33,22.33,22.32,22.32,500,2022-01-13 20:10:00,FLIC
22.33,22.33,22.33,22.33,100,2022-01-13 20:11:00,FLIC
22.315,22.315,22.315,22.315,100,2022-01-13 20:24:00,FLIC
22.305,22.305,22.305,22.305,100,2022-01-13 20:28:00,FLIC
22.25,22.25,22.25,22.25,200,2022-01-13 20:30:00,FLIC
22.26,22.27,22.26,22.27,500,2022-01-13 20:33:00,FLIC
22.27,22.27,22.27,22.27,200,2022-01-13 20:34:00,FLIC
22.28,22.28,22.27,22.27,500,2022-01-13 20:36:00,FLIC
22.3,22.3,22.3,22.3,180,2022-01-13 20:38:00,FLIC
22.25,22.25,22.25,22.25,100,2022-01-13 20:43:00,FLIC
22.23,22.23,22.23,22.23,100,2022-01-13 20:45:00,FLIC
22.2,22.2,22.2,22.2,100,2022-01-13 20:50:00,FLIC
22.21,22.21,22.19,22.19,300,2022-01-13 20:51:00,FLIC
22.21,22.21,22.21,22.21,100,2022-01-13 20:52:00,FLIC
22.23,22.23,22.23,22.23,100,2022-01-13 20:53:00,FLIC
22.26,22.29,22.26,22.29,527,2022-01-13 20:57:00,FLIC
22.26,22.3,22.215,22.26,1813,2022-01-13 20:59:00,FLIC
22.25,22.25,22.25,22.25,2908,2022-01-13 21:00:00,FLIC
22.25,22.25,22.25,22.25,173,2022-01-13 21:01:00,FLIC
22.07,22.07,22.07,22.07,2408,2022-01-14 14:30:00,FLIC
22.15,22.15,22.1496,22.15,1273,2022-01-14 14:31:00,FLIC
22.0,22.0,22.0,22.0,100,2022-01-14 14:36:00,FLIC
22.16,22.16,22.15,22.15,200,2022-01-14 14:49:00,FLIC
22.195,22.195,22.195,22.195,130,2022-01-14 14:51:00,FLIC
22.2299,22.2299,22.2299,22.2299,100,2022-01-14 14:54:00,FLIC
22.115,22.115,22.115,22.115,118,2022-01-14 15:00:00,FLIC
22.21,22.23,22.105,22.21,752,2022-01-14 15:02:00,FLIC
22.2599,22.2599,22.25,22.25,395,2022-01-14 15:15:00,FLIC
22.25,22.26,22.23,22.23,400,2022-01-14 15:16:00,FLIC
22.31,22.31,22.31,22.31,100,2022-01-14 15:36:00,FLIC
22.32,22.32,22.32,22.32,200,2022-01-14 15:37:00,FLIC
22.23,22.23,22.23,22.23,300,2022-01-14 15:40:00,FLIC
22.24,22.24,22.12,22.12,606,2022-01-14 15:41:00,FLIC
22.265,22.265,22.265,22.265,100,2022-01-14 15:52:00,FLIC
22.33,22.33,22.33,22.33,200,2022-01-14 16:00:00,FLIC
22.28,22.28,22.28,22.28,152,2022-01-14 16:08:00,FLIC
22.27,22.28,22.27,22.27,300,2022-01-14 16:47:00,FLIC
22.37,22.37,22.26,22.26,400,2022-01-14 16:56:00,FLIC
22.29,22.29,22.29,22.29,300,2022-01-14 17:19:00,FLIC
22.24,22.25,22.18,22.245,1347,2022-01-14 17:34:00,FLIC
22.19,22.19,22.19,22.19,674,2022-01-14 17:35:00,FLIC
22.25,22.25,22.25,22.25,100,2022-01-14 17:47:00,FLIC
22.27,22.27,22.27,22.27,100,2022-01-14 18:15:00,FLIC
22.29,22.29,22.28,22.28,200,2022-01-14 18:17:00,FLIC
22.3,22.3,22.3,22.3,100,2022-01-14 18:30:00,FLIC
22.3,22.3,22.3,22.3,100,2022-01-14 18:31:00,FLIC
22.21,22.29,22.21,22.215,1074,2022-01-14 19:04:00,FLIC
22.37,22.37,22.37,22.37,100,2022-01-14 20:24:00,FLIC
22.3,22.3056,22.29,22.2901,1100,2022-01-14 20:30:00,FLIC
22.3,22.3,22.3,22.3,100,2022-01-14 20:31:00,FLIC
22.295,22.295,22.295,22.295,100,2022-01-14 20:40:00,FLIC
22.32,22.32,22.32,22.32,100,2022-01-14 20:45:00,FLIC
22.36,22.36,22.36,22.36,100,2022-01-14 20:51:00,FLIC
22.31,22.36,22.31,22.36,300,2022-01-14 20:53:00,FLIC
22.29,22.37,22.29,22.37,6200,2022-01-14 20:54:00,FLIC
22.36,22.36,22.35,22.36,300,2022-01-14 20:55:00,FLIC
22.36,22.37,22.36,22.37,200,2022-01-14 20:56:00,FLIC
22.33,22.33,22.32,22.32,200,2022-01-14 20:57:00,FLIC
22.38,22.38,22.32,22.32,300,2022-01-14 20:58:00,FLIC
22.325,22.38,22.28,22.33,1160,2022-01-14 20:59:00,FLIC
22.33,22.33,22.33,22.33,8046,2022-01-14 21:00:00,FLIC
22.33,22.33,22.33,22.33,566,2022-01-18 14:30:00,FLIC
22.25,22.25,22.25,22.25,100,2022-01-18 14:40:00,FLIC
22.305,22.305,22.305,22.305,100,2022-01-18 14:56:00,FLIC
22.22,22.3,22.22,22.3,800,2022-01-18 14:59:00,FLIC
22.33,22.45,22.33,22.45,2924,2022-01-18 15:00:00,FLIC
22.31,22.31,22.31,22.31,1500,2022-01-18 15:03:00,FLIC
22.24,22.24,22.24,22.24,300,2022-01-18 15:04:00,FLIC
22.27,22.27,22.27,22.27,200,2022-01-18 15:05:00,FLIC
22.31,22.32,22.31,22.32,200,2022-01-18 15:17:00,FLIC
22.18,22.18,22.18,22.18,100,2022-01-18 15:35:00,FLIC
22.047,22.17,22.047,22.17,300,2022-01-18 15:37:00,FLIC
22.22,22.22,22.22,22.22,100,2022-01-18 15:42:00,FLIC
22.13,22.13,22.13,22.13,406,2022-01-18 15:59:00,FLIC
22.17,22.17,22.17,22.17,100,2022-01-18 16:09:00,FLIC
22.31,22.31,22.31,22.31,100,2022-01-18 16:15:00,FLIC
22.27,22.27,22.27,22.27,140,2022-01-18 16:19:00,FLIC
22.2404,22.2551,22.2404,22.2551,1000,2022-01-18 17:01:00,FLIC
22.265,22.265,22.265,22.265,100,2022-01-18 17:05:00,FLIC
22.29,22.29,22.29,22.29,100,2022-01-18 17:13:00,FLIC
22.22,22.22,22.22,22.22,200,2022-01-18 18:05:00,FLIC
22.17,22.17,22.17,22.17,200,2022-01-18 18:06:00,FLIC
22.21,22.21,22.21,22.21,100,2022-01-18 18:13:00,FLIC
22.11,22.11,22.11,22.11,100,2022-01-18 18:16:00,FLIC
22.205,22.205,22.205,22.205,118,2022-01-18 18:22:00,FLIC
22.27,22.27,22.27,22.27,200,2022-01-18 18:46:00,FLIC
22.28,22.28,22.28,22.28,100,2022-01-18 18:58:00,FLIC
22.28,22.28,22.28,22.28,100,2022-01-18 18:59:00,FLIC
22.31,22.31,22.31,22.31,100,2022-01-18 19:05:00,FLIC
22.22,22.22,22.22,22.22,111,2022-01-18 19:07:00,FLIC
22.29,22.29,22.29,22.29,300,2022-01-18 19:15:00,FLIC
22.4,22.4,22.4,22.4,100,2022-01-18 19:56:00,FLIC
22.37,22.37,22.37,22.37,100,2022-01-18 20:15:00,FLIC
22.35,22.35,22.35,22.35,100,2022-01-18 20:16:00,FLIC
22.36,22.36,22.36,22.36,100,2022-01-18 20:21:00,FLIC
22.31,22.31,22.25,22.25,3049,2022-01-18 20:23:00,FLIC
22.3,22.31,22.3,22.3,300,2022-01-18 20:24:00,FLIC
22.27,22.32,22.27,22.27,695,2022-01-18 20:25:00,FLIC
22.25,22.25,22.25,22.25,100,2022-01-18 20:26:00,FLIC
22.28,22.28,22.28,22.28,100,2022-01-18 20:27:00,FLIC
22.24,22.24,22.24,22.24,100,2022-01-18 20:30:00,FLIC
22.26,22.31,22.25,22.25,800,2022-01-18 20:32:00,FLIC
22.26,22.26,22.26,22.26,100,2022-01-18 20:34:00,FLIC
22.28,22.28,22.28,22.28,1101,2022-01-18 20:36:00,FLIC
22.3,22.3,22.3,22.3,100,2022-01-18 20:39:00,FLIC
22.26,22.26,22.26,22.26,100,2022-01-18 20:41:00,FLIC
22.24,22.24,22.24,22.24,200,2022-01-18 20:43:00,FLIC
22.23,22.27,22.23,22.27,400,2022-01-18 20:47:00,FLIC
22.285,22.285,22.285,22.285,100,2022-01-18 20:48:00,FLIC
22.31,22.31,22.31,22.31,100,2022-01-18 20:49:00,FLIC
22.33,22.33,22.27,22.28,500,2022-01-18 20:51:00,FLIC
22.19,22.22,22.19,22.22,200,2022-01-18 20:52:00,FLIC
22.23,22.25,22.23,22.25,600,2022-01-18 20:53:00,FLIC
22.21,22.28,22.21,22.26,300,2022-01-18 20:54:00,FLIC
22.235,22.235,22.21,22.21,500,2022-01-18 20:55:00,FLIC
22.16,22.16,22.16,22.16,100,2022-01-18 20:56:00,FLIC
22.2,22.2,22.2,22.2,100,2022-01-18 20:57:00,FLIC
22.16,22.21,22.16,22.21,400,2022-01-18 20:58:00,FLIC
22.16,22.23,22.16,22.23,2126,2022-01-18 20:59:00,FLIC
22.23,22.23,22.23,22.23,5537,2022-01-18 21:00:00,FLIC
22.23,22.23,22.23,22.23,755,2022-01-18 21:01:00,FLIC
22.28,22.28,22.28,22.28,300,2022-01-19 14:30:00,FLIC
22.06,22.06,22.06,22.06,100,2022-01-19 14:34:00,FLIC
22.11,22.11,22.11,22.11,100,2022-01-19 14:44:00,FLIC
22.0227,22.0227,22.0227,22.0227,200,2022-01-19 14:45:00,FLIC
22.075,22.075,22.075,22.075,2500,2022-01-19 14:52:00,FLIC
22.01,22.015,21.97,21.9702,1285,2022-01-19 14:53:00,FLIC
21.855,21.855,21.855,21.855,100,2022-01-19 14:58:00,FLIC
21.9099,21.9099,21.9099,21.9099,100,2022-01-19 15:17:00,FLIC
21.825,21.825,21.825,21.825,100,2022-01-19 15:19:00,FLIC
21.82,21.82,21.82,21.82,100,2022-01-19 15:21:00,FLIC
21.72,21.72,21.72,21.72,100,2022-01-19 15:26:00,FLIC
21.72,21.79,21.72,21.79,200,2022-01-19 15:30:00,FLIC
21.7567,21.7567,21.7567,21.7567,100,2022-01-19 15:35:00,FLIC
21.72,21.72,21.72,21.72,100,2022-01-19 15:36:00,FLIC
21.75,21.76,21.75,21.76,300,2022-01-19 15:37:00,FLIC
21.9925,21.9925,21.9925,21.9925,500,2022-01-19 15:46:00,FLIC
21.92,21.92,21.91,21.91,300,2022-01-19 16:35:00,FLIC
21.9166,21.9166,21.9166,21.9166,300,2022-01-19 16:42:00,FLIC
21.84,21.84,21.84,21.84,100,2022-01-19 16:45:00,FLIC
21.825,21.825,21.825,21.825,100,2022-01-19 16:56:00,FLIC
21.92,21.94,21.825,21.825,309,2022-01-19 16:58:00,FLIC
21.93,21.93,21.88,21.88,200,2022-01-19 16:59:00,FLIC
21.79,21.79,21.79,21.79,185,2022-01-19 18:27:00,FLIC
21.64,21.64,21.62,21.62,200,2022-01-19 19:13:00,FLIC
21.7199,21.7199,21.7199,21.7199,211,2022-01-19 19:45:00,FLIC
21.7832,21.7832,21.7,21.7,200,2022-01-19 19:50:00,FLIC
21.745,21.745,21.745,21.745,100,2022-01-19 19:54:00,FLIC
21.76,21.76,21.76,21.76,100,2022-01-19 20:01:00,FLIC
21.79,21.79,21.79,21.79,200,2022-01-19 20:02:00,FLIC
21.78,21.78,21.78,21.78,200,2022-01-19 20:04:00,FLIC
21.8565,21.8565,21.8565,21.8565,398,2022-01-19 20:17:00,FLIC
21.78,21.78,21.78,21.78,200,2022-01-19 20:19:00,FLIC
21.78,21.78,21.78,21.78,100,2022-01-19 20:32:00,FLIC
21.78,21.78,21.78,21.78,700,2022-01-19 20:35:00,FLIC
21.76,21.76,21.76,21.76,100,2022-01-19 20:36:00,FLIC
21.75,21.75,21.75,21.75,200,2022-01-19 20:44:00,FLIC
21.78,21.78,21.78,21.78,100,2022-01-19 20:46:00,FLIC
21.745,21.745,21.745,21.745,300,2022-01-19 20:47:00,FLIC
21.72,21.72,21.72,21.72,100,2022-01-19 20:49:00,FLIC
21.72,21.72,21.72,21.72,100,2022-01-19 20:50:00,FLIC
21.68,21.71,21.68,21.71,200,2022-01-19 20:52:00,FLIC
21.685,21.71,21.685,21.71,200,2022-01-19 20:55:00,FLIC
21.71,21.71,21.71,21.71,100,2022-01-19 20:56:00,FLIC
21.73,21.735,21.73,21.735,405,2022-01-19 20:57:00,FLIC
21.75,21.78,21.75,21.77,2128,2022-01-19 20:59:00,FLIC
21.73,21.73,21.73,21.73,6597,2022-01-19 21:00:00,FLIC
21.75,21.75,21.75,21.75,100,2022-01-20 14:32:00,FLIC
21.69,21.69,21.69,21.69,100,2022-01-20 14:35:00,FLIC
21.72,21.72,21.58,21.58,200,2022-01-20 14:37:00,FLIC
21.68,21.7,21.68,21.7,200,2022-01-20 14:52:00,FLIC
21.595,21.595,21.595,21.595,100,2022-01-20 14:55:00,FLIC
21.665,21.665,21.665,21.665,100,2022-01-20 15:17:00,FLIC
21.72,21.75,21.64,21.64,659,2022-01-20 15:21:00,FLIC
21.67,21.67,21.67,21.67,100,2022-01-20 15:22:00,FLIC
21.73,21.73,21.73,21.73,100,2022-01-20 15:35:00,FLIC
21.75,21.75,21.75,21.75,100,2022-01-20 15:39:00,FLIC
21.69,21.69,21.69,21.69,100,2022-01-20 15:41:00,FLIC
21.695,21.695,21.695,21.695,100,2022-01-20 15:42:00,FLIC
21.9226,21.9226,21.9226,21.9226,100,2022-01-20 15:50:00,FLIC
21.77,21.77,21.77,21.77,100,2022-01-20 15:52:00,FLIC
21.76,21.76,21.76,21.76,100,2022-01-20 15:53:00,FLIC
21.71,21.71,21.64,21.64,200,2022-01-20 15:55:00,FLIC
21.8,21.8,21.75,21.75,200,2022-01-20 16:43:00,FLIC
21.7,21.7,21.7,21.7,100,2022-01-20 16:44:00,FLIC
21.59,21.595,21.59,21.595,200,2022-01-20 16:45:00,FLIC
21.65,21.65,21.65,21.65,100,2022-01-20 16:47:00,FLIC
21.73,21.73,21.64,21.66,500,2022-01-20 17:02:00,FLIC
21.635,21.635,21.635,21.635,100,2022-01-20 17:05:00,FLIC
21.61,21.61,21.61,21.61,100,2022-01-20 17:22:00,FLIC
21.62,21.62,21.62,21.62,100,2022-01-20 17:23:00,FLIC
21.64,21.64,21.64,21.64,100,2022-01-20 17:43:00,FLIC
21.66,21.66,21.66,21.66,200,2022-01-20 17:53:00,FLIC
21.515,21.515,21.515,21.515,100,2022-01-20 17:55:00,FLIC
21.6287,21.6287,21.6287,21.6287,261,2022-01-20 18:00:00,FLIC
21.71,21.71,21.71,21.71,100,2022-01-20 18:01:00,FLIC
21.66,21.66,21.49,21.49,200,2022-01-20 19:08:00,FLIC
21.52,21.52,21.52,21.52,100,2022-01-20 19:12:00,FLIC
21.53,21.53,21.53,21.53,100,2022-01-20 19:14:00,FLIC
21.52,21.65,21.52,21.65,200,2022-01-20 19:15:00,FLIC
21.595,21.64,21.54,21.54,400,2022-01-20 19:18:00,FLIC
21.54,21.58,21.4532,21.53,4400,2022-01-20 19:19:00,FLIC
21.57,21.57,21.57,21.57,100,2022-01-20 19:23:00,FLIC
21.5,21.5,21.5,21.5,100,2022-01-20 19:31:00,FLIC
21.4,21.49,21.4,21.49,311,2022-01-20 19:32:00,FLIC
21.415,21.415,21.415,21.415,100,2022-01-20 19:37:00,FLIC
21.5299,21.5299,21.5299,21.5299,100,2022-01-20 19:39:00,FLIC
21.53,21.54,21.53,21.54,200,2022-01-20 19:40:00,FLIC
21.43,21.48,21.42,21.48,500,2022-01-20 19:47:00,FLIC
21.5,21.5,21.5,21.5,100,2022-01-20 19:51:00,FLIC
21.43,21.43,21.43,21.43,100,2022-01-20 20:03:00,FLIC
21.44,21.44,21.44,21.44,200,2022-01-20 20:10:00,FLIC
21.425,21.425,21.425,21.425,100,2022-01-20 20:20:00,FLIC
21.4,21.425,21.4,21.425,200,2022-01-20 20:21:00,FLIC
21.4,21.425,21.36,21.36,5657,2022-01-20 20:23:00,FLIC
21.36,21.36,21.36,21.36,337,2022-01-20 20:25:00,FLIC
21.39,21.39,21.39,21.39,100,2022-01-20 20:27:00,FLIC
21.36,21.39,21.36,21.39,300,2022-01-20 20:30:00,FLIC
21.4,21.4,21.4,21.4,100,2022-01-20 20:35:00,FLIC
21.315,21.315,21.23,21.23,2526,2022-01-20 20:40:00,FLIC
21.3,21.3,21.298,21.298,700,2022-01-20 20:41:00,FLIC
21.22,21.28,21.22,21.28,200,2022-01-20 20:45:00,FLIC
21.28,21.28,21.28,21.28,100,2022-01-20 20:46:00,FLIC
21.26,21.26,21.26,21.26,200,2022-01-20 20:48:00,FLIC
21.22,21.26,21.22,21.26,300,2022-01-20 20:51:00,FLIC
21.15,21.15,21.15,21.15,300,2022-01-20 20:55:00,FLIC
21.18,21.18,21.15,21.15,200,2022-01-20 20:57:00,FLIC
21.2,21.2,21.2,21.2,100,2022-01-20 20:58:00,FLIC
21.16,21.21,21.12,21.15,2612,2022-01-20 20:59:00,FLIC
21.19,21.19,21.19,21.19,6513,2022-01-20 21:00:00,FLIC
21.19,21.19,21.19,21.19,148,2022-01-20 21:01:00,FLIC
20.87,20.87,20.87,20.87,5474,2022-01-21 14:30:00,FLIC
21.05,21.05,21.05,21.05,100,2022-01-21 14:34:00,FLIC
20.8,20.8,20.8,20.8,100,2022-01-21 14:35:00,FLIC
20.9,20.9,20.9,20.9,100,2022-01-21 14:39:00,FLIC
20.99,20.99,20.99,20.99,100,2022-01-21 14:47:00,FLIC
21.15,21.15,21.15,21.15,200,2022-01-21 14:51:00,FLIC
21.11,21.11,21.11,21.11,100,2022-01-21 14:52:00,FLIC
21.015,21.015,21.015,21.015,100,2022-01-21 14:56:00,FLIC
21.09,21.09,21.09,21.09,400,2022-01-21 14:57:00,FLIC
21.16,21.16,21.16,21.16,100,2022-01-21 15:02:00,FLIC
21.135,21.135,21.135,21.135,100,2022-01-21 15:15:00,FLIC
21.25,21.28,21.25,21.28,300,2022-01-21 15:16:00,FLIC
21.15,21.15,21.15,21.15,108,2022-01-21 15:19:00,FLIC
21.2,21.2,21.2,21.2,100,2022-01-21 15:22:00,FLIC
21.22,21.22,21.22,21.22,100,2022-01-21 15:26:00,FLIC
21.36,21.36,21.36,21.36,200,2022-01-21 15:27:00,FLIC
21.43,21.43,21.43,21.43,100,2022-01-21 15:30:00,FLIC
21.43,21.44,21.43,21.44,400,2022-01-21 15:31:00,FLIC
21.45,21.45,21.45,21.45,100,2022-01-21 15:34:00,FLIC
21.55,21.55,21.55,21.55,500,2022-01-21 15:44:00,FLIC
21.63,21.63,21.63,21.63,400,2022-01-21 15:54:00,FLIC
21.6,21.6,21.6,21.6,100,2022-01-21 15:58:00,FLIC
21.52,21.52,21.52,21.52,100,2022-01-21 15:59:00,FLIC
21.475,21.475,21.475,21.475,100,2022-01-21 16:04:00,FLIC
21.38,21.38,21.38,21.38,100,2022-01-21 16:14:00,FLIC
21.525,21.525,21.525,21.525,100,2022-01-21 16:27:00,FLIC
21.53,21.53,21.53,21.53,100,2022-01-21 16:28:00,FLIC
21.56,21.56,21.56,21.56,100,2022-01-21 16:32:00,FLIC
21.62,21.62,21.61,21.61,200,2022-01-21 16:33:00,FLIC
21.465,21.465,21.465,21.465,100,2022-01-21 16:42:00,FLIC
21.35,21.35,21.245,21.245,300,2022-01-21 17:28:00,FLIC
21.2,21.2,21.2,21.2,100,2022-01-21 17:33:00,FLIC
21.35,21.35,21.35,21.35,100,2022-01-21 17:35:00,FLIC
21.22,21.22,21.22,21.22,100,2022-01-21 17:51:00,FLIC
21.24,21.24,21.24,21.24,100,2022-01-21 18:14:00,FLIC
21.1701,21.1701,21.1701,21.1701,238,2022-01-21 18:20:00,FLIC
21.26,21.26,21.26,21.26,100,2022-01-21 18:29:00,FLIC
21.295,21.295,21.295,21.295,100,2022-01-21 18:34:00,FLIC
21.28,21.28,21.22,21.22,1704,2022-01-21 18:44:00,FLIC
21.26,21.26,21.26,21.26,100,2022-01-21 18:45:00,FLIC
21.25,21.25,21.25,21.25,300,2022-01-21 18:48:00,FLIC
21.2909,21.2909,21.2909,21.2909,167,2022-01-21 18:59:00,FLIC
21.25,21.25,21.25,21.25,100,2022-01-21 19:00:00,FLIC
21.3,21.3,21.3,21.3,121,2022-01-21 19:13:00,FLIC
21.29,21.29,21.29,21.29,100,2022-01-21 19:17:00,FLIC
21.32,21.32,21.32,21.32,656,2022-01-21 19:21:00,FLIC
21.38,21.38,21.38,21.38,100,2022-01-21 19:38:00,FLIC
21.32,21.32,21.32,21.32,813,2022-01-21 19:42:00,FLIC
21.305,21.305,21.305,21.305,117,2022-01-21 19:54:00,FLIC
21.265,21.28,21.265,21.265,1700,2022-01-21 20:06:00,FLIC
21.23,21.23,21.225,21.225,400,2022-01-21 20:07:00,FLIC
21.225,21.225,21.225,21.225,100,2022-01-21 20:08:00,FLIC
21.195,21.21,21.195,21.21,300,2022-01-21 20:09:00,FLIC
21.22,21.22,21.22,21.22,100,2022-01-21 20:10:00,FLIC
21.3,21.3,21.28,21.28,411,2022-01-21 20:25:00,FLIC
21.25,21.25,21.25,21.25,200,2022-01-21 20:28:00,FLIC
21.2401,21.28,21.1801,21.1801,1900,2022-01-21 20:33:00,FLIC
21.36,21.39,21.355,21.355,602,2022-01-21 20:44:00,FLIC
21.35,21.35,21.35,21.35,100,2022-01-21 20:47:00,FLIC
21.37,21.37,21.37,21.37,300,2022-01-21 20:48:00,FLIC
21.34,21.34,21.28,21.28,200,2022-01-21 20:50:00,FLIC
21.3,21.31,21.3,21.31,232,2022-01-21 20:51:00,FLIC
21.28,21.28,21.28,21.28,100,2022-01-21 20:52:00,FLIC
21.31,21.31,21.31,21.31,100,2022-01-21 20:53:00,FLIC
21.3,21.3,21.275,21.275,500,2022-01-21 20:54:00,FLIC
21.275,21.3,21.275,21.3,400,2022-01-21 20:55:00,FLIC
21.28,21.295,21.28,21.29,400,2022-01-21 20:56:00,FLIC
21.29,21.32,21.29,21.295,800,2022-01-21 20:57:00,FLIC
21.29,21.33,21.29,21.32,690,2022-01-21 20:58:00,FLIC
21.3,21.31,21.2,21.2,2303,2022-01-21 20:59:00,FLIC
21.21,21.21,21.21,21.21,12055,2022-01-21 21:00:00,FLIC
21.21,21.21,21.21,21.21,1421,2022-01-21 21:01:00,FLIC
20.91,20.91,20.91,20.91,858,2022-01-24 14:30:00,FLIC
21.05,21.05,21.05,21.05,100,2022-01-24 14:31:00,FLIC
21.26,21.26,21.26,21.26,100,2022-01-24 14:44:00,FLIC
21.29,21.29,21.22,21.29,2600,2022-01-24 14:53:00,FLIC
21.4,21.48,21.4,21.48,200,2022-01-24 14:55:00,FLIC
21.44,21.44,21.44,21.44,100,2022-01-24 14:59:00,FLIC
21.46,21.46,21.41,21.41,200,2022-01-24 15:00:00,FLIC
21.46,21.46,21.46,21.46,100,2022-01-24 15:04:00,FLIC
21.15,21.29,21.11,21.29,300,2022-01-24 15:06:00,FLIC
21.315,21.315,21.31,21.31,201,2022-01-24 15:07:00,FLIC
21.295,21.34,21.295,21.34,200,2022-01-24 15:08:00,FLIC
21.32,21.32,21.32,21.32,100,2022-01-24 15:09:00,FLIC
21.25,21.29,21.25,21.29,300,2022-01-24 15:11:00,FLIC
21.29,21.46,21.29,21.46,300,2022-01-24 15:12:00,FLIC
21.48,21.48,21.48,21.48,100,2022-01-24 15:13:00,FLIC
21.51,21.51,21.51,21.51,100,2022-01-24 15:17:00,FLIC
21.45,21.57,21.45,21.57,300,2022-01-24 15:19:00,FLIC
21.44,21.44,21.44,21.44,100,2022-01-24 15:22:00,FLIC
21.81,21.81,21.81,21.81,100,2022-01-24 15:34:00,FLIC
21.7,21.7,21.57,21.57,447,2022-01-24 15:36:00,FLIC
21.65,21.65,21.57,21.57,200,2022-01-24 15:37:00,FLIC
21.58,21.58,21.51,21.525,869,2022-01-24 15:46:00,FLIC
21.505,21.505,21.505,21.505,100,2022-01-24 15:48:00,FLIC
21.56,21.56,21.56,21.56,100,2022-01-24 15:49:00,FLIC
21.56,21.65,21.56,21.65,600,2022-01-24 15:50:00,FLIC
21.66,21.66,21.65,21.65,200,2022-01-24 15:58:00,FLIC
21.63,21.63,21.63,21.63,100,2022-01-24 16:17:00,FLIC
21.65,21.65,21.65,21.65,100,2022-01-24 16:20:00,FLIC
21.68,21.68,21.68,21.68,100,2022-01-24 16:25:00,FLIC
21.74,21.74,21.74,21.74,100,2022-01-24 16:37:00,FLIC
21.59,21.59,21.58,21.58,400,2022-01-24 16:49:00,FLIC
21.64,21.65,21.64,21.65,300,2022-01-24 16:51:00,FLIC
21.66,21.66,21.65,21.65,200,2022-01-24 16:52:00,FLIC
21.74,21.74,21.74,21.74,100,2022-01-24 16:56:00,FLIC
21.77,21.77,21.77,21.77,100,2022-01-24 16:58:00,FLIC
21.66,21.735,21.66,21.735,200,2022-01-24 17:04:00,FLIC
21.78,21.78,21.78,21.78,200,2022-01-24 17:06:00,FLIC
21.76,21.76,21.76,21.76,266,2022-01-24 17:16:00,FLIC
21.675,21.675,21.675,21.675,100,2022-01-24 17:27:00,FLIC
21.64,21.64,21.64,21.64,100,2022-01-24 17:39:00,FLIC
21.63,21.64,21.63,21.64,400,2022-01-24 17:43:00,FLIC
21.62,21.63,21.62,21.63,500,2022-01-24 17:51:00,FLIC
21.63,21.63,21.63,21.63,100,2022-01-24 17:56:00,FLIC
21.71,21.71,21.71,21.71,139,2022-01-24 17:58:00,FLIC
21.62,21.66,21.62,21.66,200,2022-01-24 17:59:00,FLIC
21.61,21.61,21.61,21.61,100,2022-01-24 18:01:00,FLIC
21.47,21.47,21.47,21.47,100,2022-01-24 18:26:00,FLIC
21.55,21.55,21.55,21.55,100,2022-01-24 18:27:00,FLIC
21.51,21.51,21.51,21.51,100,2022-01-24 18:31:00,FLIC
21.62,21.62,21.62,21.62,100,2022-01-24 18:32:00,FLIC
21.58,21.58,21.58,21.58,100,2022-01-24 18:33:00,FLIC
21.56,21.56,21.56,21.56,100,2022-01-24 18:41:00,FLIC
21.59,21.59,21.59,21.59,100,2022-01-24 18:49:00,FLIC
21.63,21.63,21.63,21.63,100,2022-01-24 18:55:00,FLIC
21.63,21.63,21.63,21.63,200,2022-01-24 18:58:00,FLIC
21.63,21.63,21.63,21.63,100,2022-01-24 18:59:00,FLIC
21.63,21.63,21.63,21.63,100,2022-01-24 19:04:00,FLIC
21.81,21.81,21.81,21.81,100,2022-01-24 19:06:00,FLIC
21.67,21.67,21.67,21.67,200,2022-01-24 19:08:00,FLIC
21.65,21.67,21.65,21.67,200,2022-01-24 19:12:00,FLIC
21.57,21.63,21.55,21.63,1000,2022-01-24 19:17:00,FLIC
21.49,21.49,21.475,21.475,200,2022-01-24 19:18:00,FLIC
21.42,21.42,21.42,21.42,100,2022-01-24 19:21:00,FLIC
21.49,21.49,21.49,21.49,100,2022-01-24 19:35:00,FLIC
21.49,21.49,21.49,21.49,100,2022-01-24 19:44:00,FLIC
21.54,21.54,21.54,21.54,100,2022-01-24 19:45:00,FLIC
21.49,21.49,21.49,21.49,100,2022-01-24 19:47:00,FLIC
21.55,21.55,21.55,21.55,100,2022-01-24 19:48:00,FLIC
21.49,21.49,21.49,21.49,100,2022-01-24 19:49:00,FLIC
21.49,21.49,21.49,21.49,100,2022-01-24 19:52:00,FLIC
21.51,21.51,21.51,21.51,100,2022-01-24 19:54:00,FLIC
21.52,21.52,21.52,21.52,100,2022-01-24 19:56:00,FLIC
21.56,21.64,21.54,21.62,467,2022-01-24 19:58:00,FLIC
21.63,21.63,21.63,21.63,100,2022-01-24 20:00:00,FLIC
21.65,21.65,21.65,21.65,100,2022-01-24 20:10:00,FLIC
21.65,21.65,21.65,21.65,100,2022-01-24 20:13:00,FLIC
21.74,21.75,21.74,21.75,400,2022-01-24 20:20:00,FLIC
21.73,21.79,21.73,21.79,600,2022-01-24 20:28:00,FLIC
21.8,21.8,21.78,21.78,200,2022-01-24 20:29:00,FLIC
21.82,21.82,21.8,21.8,289,2022-01-24 20:36:00,FLIC
21.7901,21.87,21.7901,21.87,900,2022-01-24 20:39:00,FLIC
21.81,21.81,21.8,21.8,200,2022-01-24 20:41:00,FLIC
21.795,21.795,21.795,21.795,100,2022-01-24 20:45:00,FLIC
21.85,21.85,21.795,21.795,200,2022-01-24 20:49:00,FLIC
21.795,21.89,21.795,21.89,500,2022-01-24 20:50:00,FLIC
21.84,21.91,21.84,21.91,400,2022-01-24 20:51:00,FLIC
21.93,21.97,21.9216,21.94,664,2022-01-24 20:52:00,FLIC
21.96,21.96,21.96,21.96,100,2022-01-24 20:53:00,FLIC
21.89,21.89,21.855,21.87,300,2022-01-24 20:54:00,FLIC
21.87,21.87,21.85,21.85,200,2022-01-24 20:56:00,FLIC
21.81,21.86,21.76,21.83,4564,2022-01-24 20:59:00,FLIC
21.84,21.84,21.84,21.84,9625,2022-01-24 21:00:00,FLIC
21.84,21.84,21.84,21.84,1950,2022-01-24 21:01:00,FLIC
21.61,21.61,21.61,21.61,303,2022-01-25 14:30:00,FLIC
21.66,21.85,21.66,21.85,500,2022-01-25 14:37:00,FLIC
21.79,21.79,21.79,21.79,200,2022-01-25 14:47:00,FLIC
21.49,21.49,21.49,21.49,100,2022-01-25 14:54:00,FLIC
21.33,21.33,21.33,21.33,100,2022-01-25 15:01:00,FLIC
21.33,21.35,21.33,21.34,400,2022-01-25 15:02:00,FLIC
21.5,21.5,21.5,21.5,100,2022-01-25 15:04:00,FLIC
21.41,21.41,21.41,21.41,100,2022-01-25 15:09:00,FLIC
21.32,21.32,21.31,21.32,958,2022-01-25 15:12:00,FLIC
21.545,21.73,21.49,21.73,500,2022-01-25 15:15:00,FLIC
21.62,21.62,21.62,21.62,200,2022-01-25 15:31:00,FLIC
21.63,21.81,21.63,21.81,365,2022-01-25 15:32:00,FLIC
21.655,21.7,21.655,21.7,1300,2022-01-25 15:37:00,FLIC
21.765,21.765,21.765,21.765,100,2022-01-25 15:42:00,FLIC
21.79,21.79,21.76,21.76,400,2022-01-25 15:43:00,FLIC
21.72,21.72,21.72,21.72,100,2022-01-25 15:47:00,FLIC
21.7799,21.7799,21.7799,21.7799,100,2022-01-25 15:50:00,FLIC
21.51,21.51,21.51,21.51,108,2022-01-25 15:52:00,FLIC
21.72,21.72,21.72,21.72,100,2022-01-25 15:54:00,FLIC
21.66,21.66,21.66,21.66,100,2022-01-25 16:07:00,FLIC
21.68,21.68,21.68,21.68,100,2022-01-25 16:09:00,FLIC
21.67,21.68,21.67,21.68,200,2022-01-25 16:17:00,FLIC
21.67,21.67,21.67,21.67,100,2022-01-25 16:18:00,FLIC
21.7,21.7,21.7,21.7,100,2022-01-25 16:21:00,FLIC
21.695,21.84,21.695,21.82,5510,2022-01-25 16:28:00,FLIC
21.84,21.84,21.84,21.84,200,2022-01-25 16:36:00,FLIC
21.88,21.88,21.88,21.88,100,2022-01-25 16:45:00,FLIC
21.85,21.895,21.85,21.895,400,2022-01-25 16:50:00,FLIC
21.88,21.89,21.88,21.89,400,2022-01-25 16:51:00,FLIC
21.87,21.88,21.87,21.88,200,2022-01-25 16:52:00,FLIC
21.86,21.86,21.86,21.86,100,2022-01-25 16:53:00,FLIC
21.85,21.85,21.85,21.85,100,2022-01-25 17:00:00,FLIC
21.85,21.85,21.85,21.85,300,2022-01-25 17:02:00,FLIC
21.85,21.85,21.85,21.85,100,2022-01-25 17:03:00,FLIC
21.87,21.87,21.87,21.87,200,2022-01-25 17:07:00,FLIC
21.85,21.85,21.85,21.85,100,2022-01-25 17:09:00,FLIC
21.835,21.835,21.835,21.835,100,2022-01-25 17:10:00,FLIC
21.8,21.8599,21.8,21.84,1800,2022-01-25 17:16:00,FLIC
21.85,21.85,21.85,21.85,300,2022-01-25 17:17:00,FLIC
21.94,21.94,21.94,21.94,100,2022-01-25 17:28:00,FLIC
21.94,21.94,21.94,21.94,100,2022-01-25 17:31:00,FLIC
21.92,21.92,21.92,21.92,100,2022-01-25 17:42:00,FLIC
21.89,21.89,21.89,21.89,400,2022-01-25 17:43:00,FLIC
21.96,21.96,21.96,21.96,100,2022-01-25 18:00:00,FLIC
22.0,22.0,22.0,22.0,300,2022-01-25 18:13:00,FLIC
22.07,22.07,22.07,22.07,100,2022-01-25 18:15:00,FLIC
22.05,22.05,22.05,22.05,200,2022-01-25 18:19:00,FLIC
22.025,22.025,22.025,22.025,100,2022-01-25 18:24:00,FLIC
22.08,22.08,22.08,22.08,200,2022-01-25 18:29:00,FLIC
22.115,22.115,22.1,22.1,200,2022-01-25 18:35:00,FLIC
22.13,22.13,22.13,22.13,100,2022-01-25 18:39:00,FLIC
22.22,22.22,22.18,22.18,200,2022-01-25 18:58:00,FLIC
22.22,22.22,22.18,22.18,200,2022-01-25 19:01:00,FLIC
22.17,22.17,22.17,22.17,100,2022-01-25 19:02:00,FLIC
22.16,22.17,22.16,22.17,300,2022-01-25 19:04:00,FLIC
22.19,22.19,22.19,22.19,100,2022-01-25 19:05:00,FLIC
22.18,22.18,22.18,22.18,100,2022-01-25 19:15:00,FLIC
22.2,22.2,22.2,22.2,100,2022-01-25 19:23:00,FLIC
22.165,22.165,22.165,22.165,100,2022-01-25 19:29:00,FLIC
22.11,22.11,22.11,22.11,100,2022-01-25 19:35:00,FLIC
22.15,22.15,22.15,22.15,100,2022-01-25 19:40:00,FLIC
22.21,22.21,22.21,22.21,100,2022-01-25 19:51:00,FLIC
22.245,22.245,22.245,22.245,100,2022-01-25 19:52:00,FLIC
22.28,22.28,22.28,22.28,200,2022-01-25 19:53:00,FLIC
22.25,22.25,22.25,22.25,100,2022-01-25 19:58:00,FLIC
22.3192,22.3192,22.24,22.24,381,2022-01-25 20:00:00,FLIC
22.16,22.25,22.16,22.205,1903,2022-01-25 20:05:00,FLIC
22.22,22.22,22.22,22.22,100,2022-01-25 20:06:00,FLIC
22.22,22.22,22.22,22.22,100,2022-01-25 20:10:00,FLIC
22.26,22.26,22.26,22.26,100,2022-01-25 20:16:00,FLIC
22.28,22.29,22.28,22.29,500,2022-01-25 20:17:00,FLIC
22.34,22.34,22.31,22.31,200,2022-01-25 20:19:00,FLIC
22.295,22.295,22.28,22.28,300,2022-01-25 20:20:00,FLIC
22.29,22.29,22.235,22.235,300,2022-01-25 20:24:00,FLIC
22.21,22.21,22.21,22.21,100,2022-01-25 20:35:00,FLIC
22.19,22.22,22.19,22.22,200,2022-01-25 20:37:00,FLIC
22.26,22.26,22.26,22.26,100,2022-01-25 20:39:00,FLIC
22.24,22.24,22.24,22.24,100,2022-01-25 20:41:00,FLIC
22.235,22.24,22.235,22.24,300,2022-01-25 20:44:00,FLIC
22.27,22.27,22.27,22.27,100,2022-01-25 20:45:00,FLIC
22.26,22.27,22.26,22.27,200,2022-01-25 20:46:00,FLIC
22.24,22.3,22.24,22.3,200,2022-01-25 20:47:00,FLIC
22.22,22.22,22.22,22.22,300,2022-01-25 20:49:00,FLIC
22.21,22.24,22.21,22.24,200,2022-01-25 20:51:00,FLIC
22.21,22.23,22.21,22.23,1100,2022-01-25 20:52:00,FLIC
22.27,22.27,22.27,22.27,200,2022-01-25 20:53:00,FLIC
22.25,22.25,22.25,22.25,100,2022-01-25 20:54:00,FLIC
22.23,22.23,22.21,22.23,1100,2022-01-25 20:55:00,FLIC
22.23,22.25,22.22,22.24,600,2022-01-25 20:56:00,FLIC
22.24,22.26,22.24,22.26,300,2022-01-25 20:57:00,FLIC
22.26,22.26,22.26,22.26,100,2022-01-25 20:58:00,FLIC
22.26,22.265,22.18,22.2,3085,2022-01-25 20:59:00,FLIC
22.2,22.2,22.2,22.2,9397,2022-01-25 21:00:00,FLIC
22.33,22.33,22.21,22.21,268,2022-01-26 14:30:00,FLIC
22.28,22.28,22.2,22.2,500,2022-01-26 14:35:00,FLIC
22.15,22.16,22.14,22.14,300,2022-01-26 14:37:00,FLIC
22.31,22.35,22.31,22.35,200,2022-01-26 14:46:00,FLIC
22.39,22.39,22.39,22.39,100,2022-01-26 14:50:00,FLIC
22.39,22.39,22.39,22.39,100,2022-01-26 14:53:00,FLIC
22.385,22.385,22.33,22.33,475,2022-01-26 14:57:00,FLIC
22.3,22.3,22.3,22.3,500,2022-01-26 14:58:00,FLIC
22.265,22.265,22.23,22.23,600,2022-01-26 15:02:00,FLIC
22.2,22.2,22.2,22.2,100,2022-01-26 15:03:00,FLIC
22.22,22.22,22.22,22.22,100,2022-01-26 15:12:00,FLIC
22.15,22.185,22.15,22.165,400,2022-01-26 15:16:00,FLIC
22.2,22.2,22.2,22.2,200,2022-01-26 15:19:00,FLIC
22.22,22.23,22.22,22.23,384,2022-01-26 15:21:00,FLIC
22.18,22.18,22.18,22.18,100,2022-01-26 15:24:00,FLIC
22.19,22.19,22.185,22.185,300,2022-01-26 15:25:00,FLIC
22.07,22.07,22.07,22.07,200,2022-01-26 15:48:00,FLIC
22.12,22.12,22.12,22.12,100,2022-01-26 15:50:00,FLIC
22.14,22.17,22.14,22.17,300,2022-01-26 16:02:00,FLIC
22.16,22.16,22.16,22.16,300,2022-01-26 16:09:00,FLIC
22.2,22.2,22.2,22.2,200,2022-01-26 16:14:00,FLIC
22.19,22.19,22.17,22.17,200,2022-01-26 16:24:00,FLIC
22.14,22.14,22.14,22.14,100,2022-01-26 16:28:00,FLIC
22.08,22.08,22.08,22.08,300,2022-01-26 16:40:00,FLIC
22.08,22.08,22.08,22.08,100,2022-01-26 16:41:00,FLIC
22.03,22.03,22.03,22.03,100,2022-01-26 16:52:00,FLIC
22.02,22.02,22.005,22.005,300,2022-01-26 16:56:00,FLIC
22.06,22.06,22.06,22.06,100,2022-01-26 17:00:00,FLIC
22.085,22.085,22.085,22.085,100,2022-01-26 17:05:00,FLIC
22.1,22.1,22.1,22.1,100,2022-01-26 17:08:00,FLIC
22.12,22.12,22.12,22.12,100,2022-01-26 17:10:00,FLIC
22.095,22.095,22.095,22.095,100,2022-01-26 17:12:00,FLIC
22.1,22.1,22.1,22.1,2000,2022-01-26 17:15:00,FLIC
22.07,22.07,22.07,22.07,1184,2022-01-26 17:21:00,FLIC
22.1,22.1,22.095,22.095,1600,2022-01-26 17:22:00,FLIC
22.07,22.07,22.07,22.07,400,2022-01-26 17:25:00,FLIC
22.065,22.065,22.065,22.065,100,2022-01-26 17:26:00,FLIC
22.09,22.09,22.09,22.09,200,2022-01-26 17:33:00,FLIC
21.9917,21.9917,21.9917,21.9917,225,2022-01-26 17:40:00,FLIC
21.998,21.998,21.998,21.998,225,2022-01-26 17:41:00,FLIC
21.93,21.93,21.93,21.93,135,2022-01-26 17:46:00,FLIC
21.95,21.95,21.95,21.95,200,2022-01-26 17:47:00,FLIC
21.93,21.93,21.93,21.93,500,2022-01-26 17:52:00,FLIC
21.93,21.93,21.93,21.93,100,2022-01-26 17:53:00,FLIC
22.005,22.005,22.005,22.005,100,2022-01-26 17:54:00,FLIC
21.95,21.95,21.95,21.95,100,2022-01-26 18:02:00,FLIC
21.95,21.96,21.95,21.96,200,2022-01-26 18:07:00,FLIC
21.94,21.94,21.93,21.93,500,2022-01-26 18:16:00,FLIC
21.92,21.96,21.91,21.91,1000,2022-01-26 18:20:00,FLIC
21.91,21.91,21.9,21.9,500,2022-01-26 18:24:00,FLIC
21.89,21.9,21.89,21.9,500,2022-01-26 18:32:00,FLIC
21.99,21.99,21.99,21.99,200,2022-01-26 18:51:00,FLIC
21.99,21.99,21.99,21.99,200,2022-01-26 18:57:00,FLIC
21.99,22.03,21.99,22.03,1035,2022-01-26 19:00:00,FLIC
21.92,21.92,21.92,21.92,100,2022-01-26 19:09:00,FLIC
21.91,21.91,21.91,21.91,400,2022-01-26 19:10:00,FLIC
21.89,21.9,21.89,21.9,200,2022-01-26 19:13:00,FLIC
21.92,21.92,21.89,21.89,200,2022-01-26 19:14:00,FLIC
21.99,21.99,21.99,21.99,100,2022-01-26 19:22:00,FLIC
22.01,22.01,22.01,22.01,100,2022-01-26 19:24:00,FLIC
22.09,22.09,22.09,22.09,100,2022-01-26 19:25:00,FLIC
22.015,22.015,22.015,22.015,100,2022-01-26 19:30:00,FLIC
21.96,22.02,21.96,22.02,300,2022-01-26 19:38:00,FLIC
22.05,22.05,22.05,22.05,100,2022-01-26 19:39:00,FLIC
21.975,21.975,21.975,21.975,200,2022-01-26 19:43:00,FLIC
21.965,21.965,21.965,21.965,100,2022-01-26 19:44:00,FLIC
21.86,21.86,21.85,21.85,300,2022-01-26 19:45:00,FLIC
21.885,21.885,21.885,21.885,700,2022-01-26 19:50:00,FLIC
21.91,21.91,21.91,21.91,100,2022-01-26 19:51:00,FLIC
21.87,21.87,21.86,21.86,200,2022-01-26 19:58:00,FLIC
21.86,21.86,21.86,21.86,100,2022-01-26 19:59:00,FLIC
21.85,21.85,21.85,21.85,100,2022-01-26 20:00:00,FLIC
21.79,21.79,21.78,21.78,359,2022-01-26 20:01:00,FLIC
21.78,21.78,21.78,21.78,100,2022-01-26 20:06:00,FLIC
21.82,21.84,21.82,21.84,500,2022-01-26 20:07:00,FLIC
21.82,21.845,21.82,21.845,200,2022-01-26 20:08:00,FLIC
21.81,21.84,21.8,21.84,300,2022-01-26 20:09:00,FLIC
21.835,21.835,21.835,21.835,300,2022-01-26 20:10:00,FLIC
21.87,21.87,21.87,21.87,100,2022-01-26 20:11:00,FLIC
21.89,21.89,21.89,21.89,500,2022-01-26 20:12:00,FLIC
21.78,21.78,21.78,21.78,200,2022-01-26 20:15:00,FLIC
21.74,21.74,21.74,21.74,246,2022-01-26 20:16:00,FLIC
21.76,21.76,21.76,21.76,100,2022-01-26 20:18:00,FLIC
21.67,21.67,21.61,21.61,300,2022-01-26 20:21:00,FLIC
21.58,21.58,21.57,21.57,200,2022-01-26 20:22:00,FLIC
21.5,21.5,21.5,21.5,100,2022-01-26 20:26:00,FLIC
21.55,21.55,21.55,21.55,100,2022-01-26 20:27:00,FLIC
21.61,21.61,21.61,21.61,100,2022-01-26 20:28:00,FLIC
21.59,21.59,21.59,21.59,100,2022-01-26 20:29:00,FLIC
21.64,21.675,21.64,21.675,200,2022-01-26 20:31:00,FLIC
21.645,21.67,21.645,21.66,400,2022-01-26 20:35:00,FLIC
21.67,21.67,21.67,21.67,100,2022-01-26 20:36:00,FLIC
21.71,21.71,21.71,21.71,100,2022-01-26 20:40:00,FLIC
21.71,21.72,21.71,21.72,300,2022-01-26 20:41:00,FLIC
21.68,21.705,21.68,21.705,300,2022-01-26 20:45:00,FLIC
21.725,21.755,21.725,21.755,200,2022-01-26 20:46:00,FLIC
21.72,21.72,21.72,21.72,100,2022-01-26 20:47:00,FLIC
21.73,21.73,21.68,21.68,400,2022-01-26 20:48:00,FLIC
21.7,21.7,21.7,21.7,145,2022-01-26 20:49:00,FLIC
21.715,21.72,21.715,21.72,200,2022-01-26 20:50:00,FLIC
21.74,21.74,21.71,21.71,500,2022-01-26 20:51:00,FLIC
21.75,21.76,21.74,21.76,300,2022-01-26 20:52:00,FLIC
21.81,21.87,21.81,21.87,400,2022-01-26 20:54:00,FLIC
21.81,21.81,21.78,21.78,400,2022-01-26 20:55:00,FLIC
21.72,21.72,21.72,21.72,300,2022-01-26 20:56:00,FLIC
21.76,21.77,21.75,21.75,944,2022-01-26 20:58:00,FLIC
21.71,21.735,21.65,21.65,983,2022-01-26 20:59:00,FLIC
21.74,21.74,21.74,21.74,6993,2022-01-26 21:00:00,FLIC
21.57,21.57,21.57,21.57,200,2022-01-27 13:30:00,FLIC
21.76,21.76,21.76,21.76,100,2022-01-27 14:35:00,FLIC
21.95,22.08,21.95,22.05,300,2022-01-27 14:39:00,FLIC
22.03,22.03,22.03,22.03,120,2022-01-27 14:50:00,FLIC
22.01,22.01,21.94,21.99,900,2022-01-27 14:54:00,FLIC
21.85,21.85,21.85,21.85,100,2022-01-27 14:56:00,FLIC
21.9,21.9,21.9,21.9,347,2022-01-27 15:00:00,FLIC
21.97,21.97,21.97,21.97,112,2022-01-27 15:01:00,FLIC
21.97,21.97,21.97,21.97,100,2022-01-27 15:04:00,FLIC
21.95,21.95,21.95,21.95,200,2022-01-27 15:10:00,FLIC
21.94,21.94,21.94,21.94,100,2022-01-27 15:15:00,FLIC
21.94,21.94,21.94,21.94,100,2022-01-27 15:16:00,FLIC
21.74,21.74,21.74,21.74,100,2022-01-27 15:56:00,FLIC
21.81,21.82,21.81,21.82,200,2022-01-27 16:02:00,FLIC
21.59,21.59,21.59,21.59,100,2022-01-27 16:17:00,FLIC
21.49,21.49,21.49,21.49,248,2022-01-27 16:26:00,FLIC
21.57,21.57,21.57,21.57,100,2022-01-27 16:28:00,FLIC
21.59,21.59,21.59,21.59,100,2022-01-27 17:07:00,FLIC
21.58,21.58,21.58,21.58,100,2022-01-27 17:10:00,FLIC
21.43,21.43,21.43,21.43,600,2022-01-27 18:01:00,FLIC
21.42,21.42,21.42,21.42,100,2022-01-27 18:18:00,FLIC
21.33,21.33,21.32,21.32,500,2022-01-27 18:30:00,FLIC
21.32,21.37,21.32,21.32,2900,2022-01-27 18:31:00,FLIC
21.36,21.36,21.36,21.36,100,2022-01-27 18:33:00,FLIC
21.37,21.38,21.37,21.38,500,2022-01-27 18:48:00,FLIC
21.43,21.44,21.42,21.42,500,2022-01-27 18:50:00,FLIC
21.42,21.5,21.42,21.5,900,2022-01-27 18:51:00,FLIC
21.5,21.5,21.42,21.42,400,2022-01-27 18:52:00,FLIC
21.52,21.52,21.52,21.52,100,2022-01-27 19:07:00,FLIC
21.55,21.55,21.55,21.55,303,2022-01-27 19:15:00,FLIC
21.5,21.5,21.5,21.5,100,2022-01-27 19:24:00,FLIC
21.53,21.53,21.53,21.53,100,2022-01-27 19:25:00,FLIC
21.5,21.5,21.5,21.5,300,2022-01-27 19:32:00,FLIC
21.5,21.5,21.5,21.5,100,2022-01-27 19:42:00,FLIC
21.5,21.5,21.5,21.5,100,2022-01-27 19:54:00,FLIC
21.5,21.5,21.5,21.5,100,2022-01-27 19:55:00,FLIC
21.5,21.5,21.5,21.5,100,2022-01-27 20:07:00,FLIC
21.53,21.53,21.53,21.53,100,2022-01-27 20:08:00,FLIC
21.5,21.51,21.5,21.51,300,2022-01-27 20:09:00,FLIC
21.5,21.5,21.5,21.5,100,2022-01-27 20:11:00,FLIC
21.475,21.5,21.475,21.5,300,2022-01-27 20:13:00,FLIC
21.4925,21.4925,21.4925,21.4925,100,2022-01-27 20:21:00,FLIC
21.49,21.49,21.49,21.49,100,2022-01-27 20:26:00,FLIC
21.58,21.58,21.58,21.58,200,2022-01-27 20:29:00,FLIC
21.58,21.58,21.58,21.58,100,2022-01-27 20:30:00,FLIC
21.535,21.535,21.535,21.535,100,2022-01-27 20:32:00,FLIC
21.54,21.54,21.52,21.52,262,2022-01-27 20:36:00,FLIC
21.5,21.5,21.5,21.5,100,2022-01-27 20:38:00,FLIC
21.5,21.5,21.5,21.5,100,2022-01-27 20:39:00,FLIC
21.5,21.5,21.5,21.5,100,2022-01-27 20:42:00,FLIC
21.535,21.535,21.535,21.535,100,2022-01-27 20:44:00,FLIC
21.54,21.54,21.54,21.54,207,2022-01-27 20:45:00,FLIC
21.6,21.6,21.6,21.6,200,2022-01-27 20:46:00,FLIC
21.55,21.55,21.55,21.55,208,2022-01-27 20:48:00,FLIC
21.52,21.54,21.52,21.54,300,2022-01-27 20:50:00,FLIC
21.52,21.545,21.52,21.545,200,2022-01-27 20:52:00,FLIC
21.58,21.58,21.57,21.57,400,2022-01-27 20:53:00,FLIC
21.56,21.64,21.56,21.63,1157,2022-01-27 20:59:00,FLIC
21.64,21.64,21.64,21.64,5068,2022-01-27 21:00:00,FLIC
21.38,21.38,21.38,21.38,1661,2022-01-28 14:30:00,FLIC
21.43,21.47,21.43,21.47,200,2022-01-28 14:48:00,FLIC
21.47,21.47,21.47,21.47,200,2022-01-28 14:49:00,FLIC
21.42,21.42,21.42,21.42,100,2022-01-28 14:50:00,FLIC
21.55,21.55,21.55,21.55,100,2022-01-28 14:52:00,FLIC
21.61,21.61,21.61,21.61,100,2022-01-28 15:13:00,FLIC
21.6,21.6,21.56,21.56,924,2022-01-28 15:19:00,FLIC
21.5899,21.59,21.5899,21.59,600,2022-01-28 15:30:00,FLIC
21.43,21.43,21.43,21.43,200,2022-01-28 15:33:00,FLIC
21.41,21.42,21.41,21.42,237,2022-01-28 15:34:00,FLIC
21.43,21.43,21.43,21.43,100,2022-01-28 15:39:00,FLIC
21.45,21.45,21.3,21.3,300,2022-01-28 15:45:00,FLIC
21.26,21.26,21.25,21.26,600,2022-01-28 15:46:00,FLIC
21.3,21.3,21.3,21.3,400,2022-01-28 15:51:00,FLIC
21.27,21.27,21.27,21.27,100,2022-01-28 16:08:00,FLIC
21.17,21.17,21.17,21.17,100,2022-01-28 16:49:00,FLIC
21.24,21.24,21.24,21.24,100,2022-01-28 16:54:00,FLIC
21.16,21.16,21.16,21.16,200,2022-01-28 17:04:00,FLIC
21.17,21.17,21.17,21.17,506,2022-01-28 17:16:00,FLIC
21.23,21.23,21.23,21.23,100,2022-01-28 17:18:00,FLIC
21.18,21.2,21.17,21.17,300,2022-01-28 17:20:00,FLIC
21.14,21.14,21.09,21.09,200,2022-01-28 17:22:00,FLIC
21.1,21.1,21.1,21.1,200,2022-01-28 17:28:00,FLIC
21.05,21.05,21.05,21.05,100,2022-01-28 17:30:00,FLIC
21.01,21.01,21.01,21.01,100,2022-01-28 17:33:00,FLIC
21.02,21.02,21.02,21.02,100,2022-01-28 17:34:00,FLIC
20.98,21.0,20.92,20.92,1341,2022-01-28 17:38:00,FLIC
20.955,20.955,20.955,20.955,100,2022-01-28 17:39:00,FLIC
20.87,20.87,20.86,20.86,300,2022-01-28 17:52:00,FLIC
20.81,20.81,20.8,20.8,200,2022-01-28 17:53:00,FLIC
20.87,20.87,20.87,20.87,300,2022-01-28 17:56:00,FLIC
20.96,20.96,20.96,20.96,100,2022-01-28 18:01:00,FLIC
20.99,21.0,20.99,21.0,300,2022-01-28 18:14:00,FLIC
20.93,20.93,20.92,20.92,200,2022-01-28 18:36:00,FLIC
20.88,20.88,20.88,20.88,100,2022-01-28 18:50:00,FLIC
20.84,20.84,20.84,20.84,100,2022-01-28 19:05:00,FLIC
20.835,20.835,20.77,20.77,200,2022-01-28 19:12:00,FLIC
20.815,20.815,20.815,20.815,100,2022-01-28 19:14:00,FLIC
20.77,20.785,20.75,20.75,400,2022-01-28 19:15:00,FLIC
20.75,20.79,20.75,20.79,893,2022-01-28 19:16:00,FLIC
20.78,20.78,20.78,20.78,100,2022-01-28 19:17:00,FLIC
20.75,20.75,20.75,20.75,100,2022-01-28 19:20:00,FLIC
20.75,20.75,20.74,20.74,200,2022-01-28 19:28:00,FLIC
20.69,20.75,20.68,20.75,410,2022-01-28 19:30:00,FLIC
20.75,20.75,20.75,20.75,1361,2022-01-28 19:35:00,FLIC
20.695,20.695,20.695,20.695,100,2022-01-28 19:36:00,FLIC
20.74,20.75,20.74,20.75,400,2022-01-28 19:40:00,FLIC
20.88,20.88,20.88,20.88,100,2022-01-28 20:09:00,FLIC
20.94,20.94,20.94,20.94,100,2022-01-28 20:17:00,FLIC
20.94,20.94,20.94,20.94,1700,2022-01-28 20:18:00,FLIC
20.99,21.0,20.99,21.0,3613,2022-01-28 20:21:00,FLIC
21.1,21.1,21.1,21.1,100,2022-01-28 20:24:00,FLIC
21.1,21.1,21.1,21.1,100,2022-01-28 20:29:00,FLIC
21.0346,21.0346,21.0346,21.0346,108,2022-01-28 20:30:00,FLIC
21.06,21.06,21.01,21.01,525,2022-01-28 20:31:00,FLIC
21.02,21.02,21.02,21.02,100,2022-01-28 20:36:00,FLIC
20.93,20.94,20.93,20.94,200,2022-01-28 20:39:00,FLIC
20.96,21.0,20.96,21.0,2200,2022-01-28 20:44:00,FLIC
21.08,21.08,21.08,21.08,100,2022-01-28 20:45:00,FLIC
21.08,21.12,21.03,21.03,400,2022-01-28 20:50:00,FLIC
21.145,21.145,21.145,21.145,1500,2022-01-28 20:51:00,FLIC
21.14,21.14,21.11,21.11,200,2022-01-28 20:52:00,FLIC
21.13,21.17,21.13,21.17,200,2022-01-28 20:54:00,FLIC
21.13,21.13,21.13,21.13,200,2022-01-28 20:55:00,FLIC
21.1,21.13,21.1,21.13,200,2022-01-28 20:57:00,FLIC
21.17,21.24,21.17,21.24,4469,2022-01-28 20:59:00,FLIC
21.23,21.23,21.23,21.23,3981,2022-01-28 21:00:00,FLIC
