open,high,low,close,volume,datetime,symbol
0.502,0.502,0.5,0.5,600,2022-01-11 12:41:00,KTRA
0.5009,0.5009,0.5009,0.5009,100,2022-01-11 12:52:00,KTRA
0.5009,0.5009,0.5009,0.5009,21888,2022-01-11 13:00:00,KTRA
0.5045,0.5045,0.5045,0.5045,300,2022-01-11 13:29:00,KTRA
0.509,0.509,0.5089,0.509,11500,2022-01-11 13:57:00,KTRA
0.5127,0.5127,0.5127,0.5127,200,2022-01-11 14:00:00,KTRA
0.5127,0.5127,0.5127,0.5127,1712,2022-01-11 14:09:00,KTRA
0.51,0.51,0.51,0.51,100,2022-01-11 14:10:00,KTRA
0.51,0.51,0.51,0.51,200,2022-01-11 14:12:00,KTRA
0.51,0.51,0.51,0.51,300,2022-01-11 14:13:00,KTRA
0.51,0.51,0.51,0.51,300,2022-01-11 14:14:00,KTRA
0.5124,0.5124,0.5124,0.5124,6410,2022-01-11 14:16:00,KTRA
0.5124,0.5124,0.5124,0.5124,6410,2022-01-11 14:18:00,KTRA
0.5124,0.5124,0.5124,0.5124,7109,2022-01-11 14:19:00,KTRA
0.5064,0.5106,0.5,0.5106,7950,2022-01-11 14:30:00,KTRA
0.512,0.512,0.512,0.512,1862,2022-01-11 14:31:00,KTRA
0.505999,0.505999,0.505999,0.505999,186,2022-01-11 14:32:00,KTRA
0.512,0.512,0.512,0.512,549,2022-01-11 14:33:00,KTRA
0.5087,0.5087,0.5087,0.5087,107,2022-01-11 14:37:00,KTRA
0.51,0.51,0.5002,0.5002,585,2022-01-11 14:39:00,KTRA
0.506,0.506,0.506,0.506,800,2022-01-11 14:40:00,KTRA
0.51,0.51,0.500101,0.51,1543,2022-01-11 14:43:00,KTRA
0.512,0.512,0.512,0.512,100,2022-01-11 14:46:00,KTRA
0.512,0.512,0.504999,0.504999,10453,2022-01-11 14:48:00,KTRA
0.505,0.505,0.505,0.505,100,2022-01-11 14:49:00,KTRA
0.51,0.51,0.51,0.51,100,2022-01-11 14:51:00,KTRA
0.511999,0.511999,0.511999,0.511999,300,2022-01-11 14:56:00,KTRA
0.5107,0.5107,0.5107,0.5107,155,2022-01-11 14:57:00,KTRA
0.505001,0.505001,0.505001,0.505001,415,2022-01-11 14:59:00,KTRA
0.512,0.512,0.512,0.512,100,2022-01-11 15:01:00,KTRA
0.5104,0.51208,0.5103,0.5103,32200,2022-01-11 15:02:00,KTRA
0.51,0.51,0.51,0.51,4000,2022-01-11 15:03:00,KTRA
0.5166,0.5166,0.5166,0.5166,100,2022-01-11 15:08:00,KTRA
0.517,0.517,0.517,0.517,1155,2022-01-11 15:09:00,KTRA
0.5111,0.5111,0.5111,0.5111,100,2022-01-11 15:30:00,KTRA
0.5127,0.5127,0.5127,0.5127,327,2022-01-11 15:31:00,KTRA
0.5112,0.5112,0.5112,0.5112,750,2022-01-11 15:32:00,KTRA
0.511,0.511,0.5084,0.5084,76396,2022-01-11 15:34:00,KTRA
0.5051,0.5051,0.5051,0.5051,505,2022-01-11 15:35:00,KTRA
0.5127,0.5127,0.5127,0.5127,300,2022-01-11 15:36:00,KTRA
0.5127,0.5127,0.5127,0.5127,500,2022-01-11 15:39:00,KTRA
0.506701,0.506701,0.506701,0.506701,430,2022-01-11 15:44:00,KTRA
0.5129,0.5129,0.5129,0.5129,2000,2022-01-11 15:45:00,KTRA
0.5129,0.5129,0.5129,0.5129,1704,2022-01-11 15:46:00,KTRA
0.50725,0.50725,0.5004,0.5067,14208,2022-01-11 15:49:00,KTRA
0.5067,0.513,0.5067,0.513,1250,2022-01-11 15:50:00,KTRA
0.51,0.51,0.51,0.51,900,2022-01-11 16:20:00,KTRA
0.512899,0.512899,0.512899,0.512899,100,2022-01-11 16:29:00,KTRA
0.5006,0.513,0.5006,0.513,3400,2022-01-11 16:33:00,KTRA
0.512899,0.512899,0.512899,0.512899,250,2022-01-11 16:34:00,KTRA
0.513,0.513,0.513,0.513,600,2022-01-11 16:37:00,KTRA
0.5116,0.513,0.5116,0.513,385,2022-01-11 16:42:00,KTRA
0.502,0.502,0.502,0.502,4703,2022-01-11 16:43:00,KTRA
0.5075,0.513,0.5075,0.513,300,2022-01-11 16:44:00,KTRA
0.5129,0.513,0.5129,0.513,450,2022-01-11 16:47:00,KTRA
0.513,0.513,0.502,0.502,269,2022-01-11 16:48:00,KTRA
0.512999,0.513,0.512999,0.513,341,2022-01-11 16:49:00,KTRA
0.503101,0.5043,0.503101,0.5043,238,2022-01-11 16:52:00,KTRA
0.5032,0.5032,0.5032,0.5032,515,2022-01-11 16:55:00,KTRA
0.5032,0.5041,0.5032,0.5041,800,2022-01-11 16:56:00,KTRA
0.5052,0.5052,0.5042,0.5042,16100,2022-01-11 16:57:00,KTRA
0.50425,0.50425,0.5042,0.5042,1436,2022-01-11 17:00:00,KTRA
0.5079,0.5079,0.5079,0.5079,950,2022-01-11 17:07:00,KTRA
0.5066,0.5066,0.5066,0.5066,100,2022-01-11 17:09:00,KTRA
0.507899,0.507899,0.507899,0.507899,185,2022-01-11 17:12:00,KTRA
0.5066,0.5066,0.49,0.497,67806,2022-01-11 17:14:00,KTRA
0.4901,0.497,0.4901,0.4907,17540,2022-01-11 17:15:00,KTRA
0.4908,0.5017,0.490501,0.5006,1812,2022-01-11 17:16:00,KTRA
0.5029,0.503,0.5029,0.503,220,2022-01-11 17:18:00,KTRA
0.5029,0.5029,0.5029,0.5029,3100,2022-01-11 17:21:00,KTRA
0.5007,0.5007,0.5007,0.5007,114,2022-01-11 17:22:00,KTRA
0.4985,0.5007,0.4901,0.4993,20100,2022-01-11 17:26:00,KTRA
0.4927,0.4927,0.4927,0.4927,300,2022-01-11 17:27:00,KTRA
0.4957,0.4957,0.4957,0.4957,300,2022-01-11 17:28:00,KTRA
0.501,0.501,0.501,0.501,500,2022-01-11 17:31:00,KTRA
0.500999,0.500999,0.500999,0.500999,100,2022-01-11 17:32:00,KTRA
0.4965,0.4965,0.4965,0.4965,250,2022-01-11 17:34:00,KTRA
0.501,0.501,0.492001,0.501,2100,2022-01-11 17:36:00,KTRA
0.5,0.501,0.4921,0.49655,25630,2022-01-11 17:39:00,KTRA
0.492101,0.492101,0.492101,0.492101,100,2022-01-11 17:40:00,KTRA
0.4997,0.5009,0.4997,0.5009,300,2022-01-11 17:41:00,KTRA
0.500899,0.500899,0.500899,0.500899,200,2022-01-11 17:42:00,KTRA
0.5009,0.5009,0.5009,0.5009,100,2022-01-11 17:44:00,KTRA
0.5,0.5,0.4924,0.495,7814,2022-01-11 17:46:00,KTRA
0.4976,0.4976,0.4976,0.4976,500,2022-01-11 17:49:00,KTRA
0.4975,0.4975,0.4975,0.4975,100,2022-01-11 17:51:00,KTRA
0.4976,0.4976,0.4976,0.4976,302,2022-01-11 17:52:00,KTRA
0.4975,0.4975,0.4975,0.4975,1000,2022-01-11 17:53:00,KTRA
0.4976,0.4976,0.4976,0.4976,250,2022-01-11 17:56:00,KTRA
0.4976,0.4976,0.4924,0.4976,4350,2022-01-11 17:58:00,KTRA
0.492501,0.4976,0.492501,0.4976,8300,2022-01-11 17:59:00,KTRA
0.4976,0.4976,0.4976,0.4976,140,2022-01-11 18:03:00,KTRA
0.4976,0.4976,0.4976,0.4976,318,2022-01-11 18:04:00,KTRA
0.497499,0.4975,0.4929,0.4929,1700,2022-01-11 18:05:00,KTRA
0.4975,0.4975,0.4975,0.4975,1000,2022-01-11 18:07:00,KTRA
0.4937,0.4937,0.493,0.493,2103,2022-01-11 18:11:00,KTRA
0.4928,0.4928,0.4928,0.4928,1000,2022-01-11 18:12:00,KTRA
0.493,0.4931,0.493,0.4931,1644,2022-01-11 18:13:00,KTRA
0.4931,0.4931,0.493,0.4931,2483,2022-01-11 18:14:00,KTRA
0.4931,0.4931,0.4931,0.4931,545,2022-01-11 18:15:00,KTRA
0.493,0.4931,0.493,0.4931,5490,2022-01-11 18:18:00,KTRA
0.493,0.493,0.493,0.493,1003,2022-01-11 18:24:00,KTRA
0.493,0.493,0.493,0.493,750,2022-01-11 18:25:00,KTRA
0.493,0.4931,0.493,0.4931,1100,2022-01-11 18:28:00,KTRA
0.4931,0.4931,0.4931,0.4931,23102,2022-01-11 18:33:00,KTRA
0.49305,0.49305,0.49305,0.49305,386,2022-01-11 18:34:00,KTRA
0.493,0.493,0.493,0.493,1065,2022-01-11 18:36:00,KTRA
0.4931,0.4931,0.493098,0.4931,2271,2022-01-11 18:40:00,KTRA
0.4931,0.4931,0.4931,0.4931,180,2022-01-11 18:43:00,KTRA
0.4931,0.4931,0.4931,0.4931,2649,2022-01-11 18:44:00,KTRA
0.493,0.493,0.493,0.493,250,2022-01-11 18:45:00,KTRA
0.4931,0.4931,0.493,0.493,710,2022-01-11 18:46:00,KTRA
0.4931,0.4931,0.493096,0.493096,2598,2022-01-11 18:47:00,KTRA
0.493,0.493,0.4929,0.4929,800,2022-01-11 18:50:00,KTRA
0.493,0.493,0.49,0.4916,8614,2022-01-11 18:51:00,KTRA
0.4902,0.4902,0.4902,0.4902,984,2022-01-11 18:52:00,KTRA
0.4901,0.4908,0.4901,0.4908,6000,2022-01-11 18:53:00,KTRA
0.4904,0.4904,0.4901,0.4901,300,2022-01-11 18:54:00,KTRA
0.4901,0.4901,0.4901,0.4901,100,2022-01-11 18:55:00,KTRA
0.49,0.4901,0.49,0.4901,1015,2022-01-11 18:56:00,KTRA
0.49,0.4902,0.49,0.4902,1200,2022-01-11 18:57:00,KTRA
0.4901,0.4901,0.4901,0.4901,488,2022-01-11 18:58:00,KTRA
0.49,0.4901,0.49,0.49005,302,2022-01-11 19:00:00,KTRA
0.49,0.4901,0.49,0.4901,988,2022-01-11 19:02:00,KTRA
0.49,0.49,0.49,0.49,1100,2022-01-11 19:03:00,KTRA
0.4901,0.4901,0.4901,0.4901,403,2022-01-11 19:04:00,KTRA
0.49,0.4901,0.49,0.4901,542,2022-01-11 19:05:00,KTRA
0.49,0.49,0.49,0.49,300,2022-01-11 19:06:00,KTRA
0.49,0.49,0.49,0.49,350,2022-01-11 19:07:00,KTRA
0.4901,0.4939,0.4901,0.4939,2609,2022-01-11 19:08:00,KTRA
0.4945,0.4945,0.4945,0.4945,300,2022-01-11 19:09:00,KTRA
0.496,0.496,0.4902,0.4902,392,2022-01-11 19:10:00,KTRA
0.4902,0.496,0.4902,0.496,350,2022-01-11 19:11:00,KTRA
0.490201,0.490201,0.490201,0.490201,125,2022-01-11 19:12:00,KTRA
0.4911,0.4911,0.4911,0.4911,100,2022-01-11 19:18:00,KTRA
0.4911,0.495999,0.4911,0.4911,3300,2022-01-11 19:19:00,KTRA
0.4911,0.4911,0.4911,0.4911,100,2022-01-11 19:20:00,KTRA
0.493551,0.493551,0.4911,0.4911,700,2022-01-11 19:21:00,KTRA
0.4936,0.4936,0.4911,0.4911,300,2022-01-11 19:22:00,KTRA
0.4958,0.4958,0.491,0.491,5598,2022-01-11 19:23:00,KTRA
0.491,0.491,0.491,0.491,100,2022-01-11 19:24:00,KTRA
0.491,0.491,0.491,0.491,200,2022-01-11 19:25:00,KTRA
0.491,0.491,0.491,0.491,100,2022-01-11 19:26:00,KTRA
0.491,0.491101,0.491,0.491101,300,2022-01-11 19:27:00,KTRA
0.4959,0.4959,0.492,0.492,3081,2022-01-11 19:28:00,KTRA
0.4914,0.4914,0.491,0.4911,604,2022-01-11 19:29:00,KTRA
0.491,0.4911,0.491,0.491,699,2022-01-11 19:30:00,KTRA
0.491,0.491,0.491,0.491,100,2022-01-11 19:31:00,KTRA
0.491,0.491,0.491,0.491,100,2022-01-11 19:32:00,KTRA
0.491,0.491,0.491,0.491,100,2022-01-11 19:33:00,KTRA
0.491,0.491,0.491,0.491,200,2022-01-11 19:34:00,KTRA
0.491,0.491,0.491,0.491,100,2022-01-11 19:35:00,KTRA
0.491,0.491,0.491,0.491,100,2022-01-11 19:36:00,KTRA
0.491,0.491,0.491,0.491,100,2022-01-11 19:37:00,KTRA
0.491,0.491,0.491,0.491,200,2022-01-11 19:38:00,KTRA
0.491,0.491,0.491,0.491,100,2022-01-11 19:39:00,KTRA
0.491,0.491999,0.491,0.491999,257,2022-01-11 19:40:00,KTRA
0.491,0.4911,0.491,0.4911,200,2022-01-11 19:42:00,KTRA
0.4911,0.4911,0.4911,0.4911,100,2022-01-11 19:43:00,KTRA
0.492,0.493,0.4915,0.4915,5199,2022-01-11 19:44:00,KTRA
0.491599,0.491599,0.4911,0.4911,316,2022-01-11 19:45:00,KTRA
0.4912,0.49345,0.4912,0.49345,1250,2022-01-11 19:46:00,KTRA
0.495594,0.495594,0.495594,0.495594,6000,2022-01-11 19:48:00,KTRA
0.4912,0.4912,0.4912,0.4912,200,2022-01-11 19:50:00,KTRA
0.49415,0.49415,0.4941,0.4941,2557,2022-01-11 19:52:00,KTRA
0.4914,0.4948,0.4914,0.4948,656,2022-01-11 19:54:00,KTRA
0.4987,0.4987,0.4987,0.4987,200,2022-01-11 19:57:00,KTRA
0.4934,0.4934,0.4934,0.4934,200,2022-01-11 20:01:00,KTRA
0.499899,0.499899,0.499899,0.499899,150,2022-01-11 20:03:00,KTRA
0.4999,0.5,0.4999,0.5,300,2022-01-11 20:05:00,KTRA
0.499899,0.499899,0.497,0.497,500,2022-01-11 20:10:00,KTRA
0.497,0.497,0.4952,0.497,1000,2022-01-11 20:12:00,KTRA
0.4946,0.4948,0.4945,0.4948,9801,2022-01-11 20:15:00,KTRA
0.4947,0.4947,0.4947,0.4947,300,2022-01-11 20:17:00,KTRA
0.4947,0.4947,0.4947,0.4947,400,2022-01-11 20:18:00,KTRA
0.497481,0.497481,0.497481,0.497481,1000,2022-01-11 20:22:00,KTRA
0.4948,0.4948,0.4948,0.4948,505,2022-01-11 20:23:00,KTRA
0.4948,0.4948,0.4947,0.4947,1522,2022-01-11 20:24:00,KTRA
0.4947,0.4947,0.4947,0.4947,100,2022-01-11 20:26:00,KTRA
0.4947,0.4947,0.4947,0.4947,100,2022-01-11 20:29:00,KTRA
0.4948,0.4948,0.4948,0.4948,1000,2022-01-11 20:33:00,KTRA
0.4948,0.495,0.4947,0.495,9862,2022-01-11 20:34:00,KTRA
0.4953,0.4953,0.4949,0.4949,960,2022-01-11 20:35:00,KTRA
0.4949,0.4949,0.4949,0.4949,2500,2022-01-11 20:36:00,KTRA
0.4949,0.4949,0.4949,0.4949,200,2022-01-11 20:39:00,KTRA
0.4967,0.4967,0.4948,0.4948,500,2022-01-11 20:40:00,KTRA
0.4967,0.4967,0.4967,0.4967,100,2022-01-11 20:42:00,KTRA
0.4949,0.495,0.4947,0.495,6786,2022-01-11 20:43:00,KTRA
0.4941,0.4941,0.494,0.494,1749,2022-01-11 20:44:00,KTRA
0.4915,0.4915,0.4915,0.4915,100,2022-01-11 20:45:00,KTRA
0.494501,0.494501,0.494501,0.494501,9210,2022-01-11 20:46:00,KTRA
0.4914,0.4914,0.4914,0.4914,100,2022-01-11 20:47:00,KTRA
0.491501,0.491501,0.491501,0.491501,947,2022-01-11 20:48:00,KTRA
0.4916,0.4916,0.4916,0.4916,200,2022-01-11 20:49:00,KTRA
0.4914,0.4914,0.4913,0.4913,600,2022-01-11 20:50:00,KTRA
0.4914,0.4914,0.4914,0.4914,900,2022-01-11 20:53:00,KTRA
0.4915,0.4989,0.4915,0.4989,603,2022-01-11 20:54:00,KTRA
0.4984,0.4984,0.495,0.495,1626,2022-01-11 20:55:00,KTRA
0.497899,0.497899,0.497899,0.497899,400,2022-01-11 20:58:00,KTRA
0.498,0.498,0.498,0.498,353,2022-01-11 21:00:00,KTRA
0.495,0.495,0.495,0.495,4371,2022-01-11 21:37:00,KTRA
0.5,0.5,0.5,0.5,500,2022-01-11 21:56:00,KTRA
0.5,0.5,0.5,0.5,200,2022-01-11 23:07:00,KTRA
0.5,0.5,0.5,0.5,172,2022-01-11 23:57:00,KTRA
0.51,0.51,0.51,0.51,300,2022-01-12 12:00:00,KTRA
0.4999,0.4999,0.4999,0.4999,5000,2022-01-12 13:00:00,KTRA
0.5,0.5,0.5,0.5,8963,2022-01-12 13:01:00,KTRA
0.51,0.51,0.51,0.51,35200,2022-01-12 13:03:00,KTRA
0.5108,0.5699,0.5108,0.5699,89520,2022-01-12 13:04:00,KTRA
0.57,0.57,0.55,0.55,20400,2022-01-12 13:05:00,KTRA
0.54,0.54,0.5135,0.53,11200,2022-01-12 13:06:00,KTRA
0.53,0.55,0.53,0.55,940,2022-01-12 13:07:00,KTRA
0.5499,0.5499,0.5125,0.5125,7136,2022-01-12 13:08:00,KTRA
0.502,0.514,0.502,0.51,21390,2022-01-12 13:09:00,KTRA
0.51,0.52,0.5031,0.52,17710,2022-01-12 13:10:00,KTRA
0.53,0.5383,0.53,0.537,6769,2022-01-12 13:11:00,KTRA
0.53,0.53,0.52,0.53,71000,2022-01-12 13:12:00,KTRA
0.53,0.535,0.5299,0.535,195790,2022-01-12 13:13:00,KTRA
0.5352,0.5485,0.5325,0.5485,7310,2022-01-12 13:14:00,KTRA
0.5484,0.5485,0.52,0.52,65558,2022-01-12 13:15:00,KTRA
0.5299,0.5299,0.52,0.52,29976,2022-01-12 13:16:00,KTRA
0.53,0.53,0.53,0.53,62088,2022-01-12 13:17:00,KTRA
0.53,0.53,0.528,0.528,10324,2022-01-12 13:18:00,KTRA
0.528,0.5287,0.522,0.522,10876,2022-01-12 13:19:00,KTRA
0.522,0.5287,0.5219,0.5287,17288,2022-01-12 13:20:00,KTRA
0.525,0.525,0.525,0.525,2000,2022-01-12 13:21:00,KTRA
0.527,0.53,0.527,0.53,57034,2022-01-12 13:22:00,KTRA
0.5301,0.5301,0.5301,0.5301,5834,2022-01-12 13:26:00,KTRA
0.5301,0.5399,0.5301,0.5302,40608,2022-01-12 13:27:00,KTRA
0.53,0.531,0.53,0.531,19000,2022-01-12 13:29:00,KTRA
0.53,0.53,0.53,0.53,9500,2022-01-12 13:30:00,KTRA
0.535,0.535,0.535,0.535,100,2022-01-12 13:31:00,KTRA
0.53,0.5301,0.53,0.5301,9108,2022-01-12 13:32:00,KTRA
0.53,0.53,0.53,0.53,9000,2022-01-12 13:33:00,KTRA
0.535,0.535,0.53,0.53,1300,2022-01-12 13:36:00,KTRA
0.535,0.535,0.535,0.535,991,2022-01-12 13:37:00,KTRA
0.522,0.522,0.522,0.522,935,2022-01-12 13:38:00,KTRA
0.522,0.522,0.522,0.522,995,2022-01-12 13:39:00,KTRA
0.522,0.522,0.52,0.52,18070,2022-01-12 13:41:00,KTRA
0.522,0.522,0.522,0.522,100,2022-01-12 13:45:00,KTRA
0.522,0.522,0.522,0.522,15000,2022-01-12 13:46:00,KTRA
0.522,0.522,0.522,0.522,1000,2022-01-12 13:47:00,KTRA
0.52,0.52,0.52,0.52,1852,2022-01-12 13:49:00,KTRA
0.5203,0.522,0.52,0.522,15495,2022-01-12 13:50:00,KTRA
0.5219,0.522,0.5219,0.522,700,2022-01-12 13:51:00,KTRA
0.522,0.522,0.522,0.522,100,2022-01-12 13:53:00,KTRA
0.52,0.52,0.52,0.52,1000,2022-01-12 13:58:00,KTRA
0.53,0.53,0.53,0.53,965,2022-01-12 14:13:00,KTRA
0.53,0.53,0.53,0.53,1000,2022-01-12 14:16:00,KTRA
0.53,0.53,0.53,0.53,2576,2022-01-12 14:18:00,KTRA
0.5221,0.53,0.5221,0.53,5100,2022-01-12 14:22:00,KTRA
0.53,0.53,0.53,0.53,1000,2022-01-12 14:26:00,KTRA
0.5,0.53,0.5,0.53,44246,2022-01-12 14:30:00,KTRA
0.5106,0.5179,0.51,0.5101,13266,2022-01-12 14:31:00,KTRA
0.5019,0.5019,0.5014,0.5019,10704,2022-01-12 14:32:00,KTRA
0.5019,0.502,0.491,0.5017,30066,2022-01-12 14:33:00,KTRA
0.4992,0.502501,0.498,0.502501,14302,2022-01-12 14:34:00,KTRA
0.5,0.5,0.5,0.5,900,2022-01-12 14:35:00,KTRA
0.5001,0.5001,0.5,0.5,23388,2022-01-12 14:36:00,KTRA
0.505,0.51125,0.505,0.51125,3700,2022-01-12 14:37:00,KTRA
0.517499,0.517499,0.517499,0.517499,300,2022-01-12 14:38:00,KTRA
0.5175,0.5289,0.5174,0.5182,31698,2022-01-12 14:39:00,KTRA
0.5195,0.5195,0.5195,0.5195,4800,2022-01-12 14:40:00,KTRA
0.5193,0.5196,0.5192,0.5192,7227,2022-01-12 14:41:00,KTRA
0.5198,0.52,0.514999,0.5198,2400,2022-01-12 14:42:00,KTRA
0.5198,0.52,0.51,0.5101,12319,2022-01-12 14:43:00,KTRA
0.519899,0.5199,0.519899,0.5199,2680,2022-01-12 14:44:00,KTRA
0.5199,0.5199,0.51,0.5124,26022,2022-01-12 14:45:00,KTRA
0.505,0.51,0.5,0.51,72372,2022-01-12 14:46:00,KTRA
0.4985,0.5099,0.4985,0.5099,1100,2022-01-12 14:47:00,KTRA
0.4985,0.51,0.4985,0.50425,40300,2022-01-12 14:48:00,KTRA
0.4986,0.51,0.4985,0.4985,15300,2022-01-12 14:49:00,KTRA
0.4955,0.4955,0.4925,0.4926,3500,2022-01-12 14:50:00,KTRA
0.4984,0.4984,0.4925,0.4925,300,2022-01-12 14:51:00,KTRA
0.492,0.4923,0.4805,0.4805,51185,2022-01-12 14:52:00,KTRA
0.4894,0.4894,0.48,0.4846,8400,2022-01-12 14:53:00,KTRA
0.4824,0.4845,0.4801,0.4801,34095,2022-01-12 14:54:00,KTRA
0.4846,0.4846,0.4846,0.4846,1000,2022-01-12 14:55:00,KTRA
0.4846,0.4874,0.4801,0.4801,4082,2022-01-12 14:57:00,KTRA
0.4874,0.4874,0.48375,0.4861,1398,2022-01-12 14:58:00,KTRA
0.4861,0.4861,0.481601,0.4838,4402,2022-01-12 14:59:00,KTRA
0.482,0.4838,0.482,0.4838,12545,2022-01-12 15:00:00,KTRA
0.489999,0.49,0.487,0.49,3275,2022-01-12 15:01:00,KTRA
0.497097,0.497097,0.497,0.497,5000,2022-01-12 15:02:00,KTRA
0.4962,0.4962,0.4962,0.4962,200,2022-01-12 15:03:00,KTRA
0.4941,0.4941,0.4941,0.4941,500,2022-01-12 15:04:00,KTRA
0.4962,0.4962,0.49,0.49,3213,2022-01-12 15:05:00,KTRA
0.49,0.49,0.49,0.49,400,2022-01-12 15:06:00,KTRA
0.4891,0.4891,0.4885,0.4885,1700,2022-01-12 15:07:00,KTRA
0.4881,0.4885,0.4881,0.4881,2200,2022-01-12 15:08:00,KTRA
0.4953,0.4984,0.4934,0.4984,115186,2022-01-12 15:09:00,KTRA
0.4983,0.4984,0.4979,0.4984,1100,2022-01-12 15:10:00,KTRA
0.4985,0.4985,0.4984,0.4984,200,2022-01-12 15:11:00,KTRA
0.501,0.501,0.5,0.5,600,2022-01-12 15:15:00,KTRA
0.5017,0.502,0.501,0.502,2400,2022-01-12 15:16:00,KTRA
0.5029,0.5029,0.5029,0.5029,1000,2022-01-12 15:17:00,KTRA
0.5001,0.5029,0.5001,0.5027,1750,2022-01-12 15:20:00,KTRA
0.5003,0.502899,0.5003,0.502899,300,2022-01-12 15:21:00,KTRA
0.503,0.503,0.503,0.503,500,2022-01-12 15:22:00,KTRA
0.5019,0.5019,0.5019,0.5019,1000,2022-01-12 15:23:00,KTRA
0.500951,0.500951,0.500951,0.500951,2700,2022-01-12 15:24:00,KTRA
0.5,0.5,0.496,0.4999,14463,2022-01-12 15:25:00,KTRA
0.4965,0.497,0.4965,0.497,1050,2022-01-12 15:26:00,KTRA
0.49625,0.49625,0.496,0.4961,2900,2022-01-12 15:28:00,KTRA
0.4961,0.4961,0.4961,0.4961,400,2022-01-12 15:30:00,KTRA
0.496,0.49605,0.496,0.49605,280,2022-01-12 15:31:00,KTRA
0.49605,0.49605,0.49605,0.49605,1594,2022-01-12 15:33:00,KTRA
0.4961,0.4961,0.496,0.496018,8700,2022-01-12 15:35:00,KTRA
0.496,0.496,0.4929,0.4932,4900,2022-01-12 15:36:00,KTRA
0.4926,0.4926,0.4924,0.4924,999,2022-01-12 15:37:00,KTRA
0.4924,0.4924,0.4921,0.4921,4829,2022-01-12 15:38:00,KTRA
0.4901,0.4901,0.4901,0.4901,150,2022-01-12 15:44:00,KTRA
0.49,0.49,0.49,0.49,5000,2022-01-12 15:46:00,KTRA
0.49,0.49,0.4845,0.4845,5536,2022-01-12 15:47:00,KTRA
0.4868,0.4873,0.4832,0.4873,1500,2022-01-12 15:48:00,KTRA
0.4821,0.4822,0.4821,0.4822,1605,2022-01-12 15:49:00,KTRA
0.482101,0.482101,0.482101,0.482101,3034,2022-01-12 15:50:00,KTRA
0.4873,0.4883,0.4801,0.48755,43000,2022-01-12 15:51:00,KTRA
0.4875,0.4875,0.4875,0.4875,100,2022-01-12 15:52:00,KTRA
0.49,0.4912,0.49,0.4912,2718,2022-01-12 15:59:00,KTRA
0.4883,0.4883,0.4883,0.4883,1000,2022-01-12 16:00:00,KTRA
0.4877,0.4879,0.487691,0.4877,1293,2022-01-12 16:01:00,KTRA
0.4877,0.4877,0.4877,0.4877,2000,2022-01-12 16:02:00,KTRA
0.4877,0.4877,0.4876,0.4876,650,2022-01-12 16:05:00,KTRA
0.4875,0.4876,0.4875,0.4875,8150,2022-01-12 16:09:00,KTRA
0.4822,0.4835,0.4801,0.4824,33250,2022-01-12 16:10:00,KTRA
0.4812,0.4812,0.4803,0.4803,2000,2022-01-12 16:11:00,KTRA
0.4802,0.4802,0.4802,0.4802,400,2022-01-12 16:12:00,KTRA
0.4801,0.4801,0.4801,0.4801,103,2022-01-12 16:13:00,KTRA
0.4801,0.4801,0.4801,0.4801,622,2022-01-12 16:14:00,KTRA
0.4801,0.4801,0.4801,0.4801,5000,2022-01-12 16:16:00,KTRA
0.4801,0.4801,0.4801,0.4801,100,2022-01-12 16:17:00,KTRA
0.4802,0.4802,0.4802,0.4802,200,2022-01-12 16:18:00,KTRA
0.4802,0.4802,0.4802,0.4802,100,2022-01-12 16:19:00,KTRA
0.4802,0.4802,0.4801,0.4801,1500,2022-01-12 16:21:00,KTRA
0.4801,0.4802,0.4731,0.474,98200,2022-01-12 16:22:00,KTRA
0.4734,0.4734,0.4731,0.4731,5567,2022-01-12 16:23:00,KTRA
0.4732,0.4732,0.4701,0.473,85761,2022-01-12 16:24:00,KTRA
0.4758,0.4802,0.4745,0.4802,5242,2022-01-12 16:27:00,KTRA
0.4837,0.4849,0.4837,0.4849,2210,2022-01-12 16:28:00,KTRA
0.4799,0.4849,0.4799,0.4849,200,2022-01-12 16:29:00,KTRA
0.484799,0.484799,0.484799,0.484799,6000,2022-01-12 16:32:00,KTRA
0.48035,0.48035,0.48035,0.48035,500,2022-01-12 16:34:00,KTRA
0.4849,0.4849,0.4837,0.4837,1882,2022-01-12 16:35:00,KTRA
0.4849,0.4849,0.4849,0.4849,100,2022-01-12 16:37:00,KTRA
0.4849,0.4849,0.4849,0.4849,207,2022-01-12 16:38:00,KTRA
0.4848,0.4848,0.4848,0.4848,1000,2022-01-12 16:40:00,KTRA
0.4803,0.4803,0.4803,0.4803,3822,2022-01-12 16:42:00,KTRA
0.4835,0.4835,0.4835,0.4835,400,2022-01-12 16:44:00,KTRA
0.483325,0.483325,0.483325,0.483325,2000,2022-01-12 16:46:00,KTRA
0.4821,0.4821,0.4821,0.4821,500,2022-01-12 16:50:00,KTRA
0.4822,0.4822,0.4822,0.4822,200,2022-01-12 16:54:00,KTRA
0.4821,0.4822,0.4821,0.4822,4100,2022-01-12 16:56:00,KTRA
0.4801,0.4801,0.4801,0.4801,100,2022-01-12 16:57:00,KTRA
0.4801,0.4801,0.4801,0.4801,10200,2022-01-12 16:58:00,KTRA
0.48,0.48,0.48,0.48,1000,2022-01-12 16:59:00,KTRA
0.4801,0.4801,0.48,0.48,981,2022-01-12 17:03:00,KTRA
0.4801,0.4801,0.4801,0.4801,1000,2022-01-12 17:04:00,KTRA
0.48,0.4801,0.4791,0.4791,11700,2022-01-12 17:05:00,KTRA
0.4764,0.4764,0.4757,0.4757,430,2022-01-12 17:06:00,KTRA
0.4753,0.4753,0.475,0.4751,2100,2022-01-12 17:07:00,KTRA
0.4751,0.4751,0.4751,0.4751,100,2022-01-12 17:08:00,KTRA
0.481,0.482899,0.479,0.482899,1831,2022-01-12 17:22:00,KTRA
0.4829,0.4829,0.480294,0.480294,300,2022-01-12 17:23:00,KTRA
0.4828,0.4828,0.4828,0.4828,251,2022-01-12 17:25:00,KTRA
0.4828,0.4828,0.4828,0.4828,1400,2022-01-12 17:28:00,KTRA
0.4804,0.4804,0.4804,0.4804,150,2022-01-12 17:30:00,KTRA
0.4805,0.4805,0.4804,0.4805,400,2022-01-12 17:33:00,KTRA
0.4804,0.4804,0.4804,0.4804,2674,2022-01-12 17:35:00,KTRA
0.4804,0.4804,0.4804,0.4804,1664,2022-01-12 17:37:00,KTRA
0.4805,0.4805,0.4805,0.4805,3200,2022-01-12 17:38:00,KTRA
0.4848,0.4848,0.4848,0.4848,300,2022-01-12 17:39:00,KTRA
0.4848,0.4848,0.4848,0.4848,3500,2022-01-12 17:53:00,KTRA
0.4835,0.4835,0.4835,0.4835,100,2022-01-12 17:56:00,KTRA
0.4848,0.4848,0.4845,0.4845,3920,2022-01-12 17:59:00,KTRA
0.4849,0.4849,0.4808,0.4808,2100,2022-01-12 18:00:00,KTRA
0.4808,0.4808,0.4808,0.4808,5000,2022-01-12 18:01:00,KTRA
0.4808,0.480805,0.480699,0.480699,2645,2022-01-12 18:03:00,KTRA
0.4803,0.4803,0.4803,0.4803,2000,2022-01-12 18:05:00,KTRA
0.480399,0.4804,0.4803,0.4804,5000,2022-01-12 18:06:00,KTRA
0.4803,0.4803,0.4803,0.4803,1000,2022-01-12 18:07:00,KTRA
0.4803,0.4803,0.48,0.48,7709,2022-01-12 18:09:00,KTRA
0.48,0.48,0.48,0.48,1000,2022-01-12 18:11:00,KTRA
0.48,0.48,0.48,0.48,2141,2022-01-12 18:12:00,KTRA
0.479,0.479099,0.479,0.479099,2421,2022-01-12 18:13:00,KTRA
0.4791,0.4791,0.4791,0.4791,100,2022-01-12 18:14:00,KTRA
0.479,0.479,0.479,0.479,100,2022-01-12 18:15:00,KTRA
0.479,0.479,0.479,0.479,500,2022-01-12 18:18:00,KTRA
0.479,0.479,0.4752,0.4752,4180,2022-01-12 18:19:00,KTRA
0.4765,0.4765,0.4751,0.4751,5633,2022-01-12 18:20:00,KTRA
0.475,0.475,0.475,0.475,100,2022-01-12 18:21:00,KTRA
0.475,0.475,0.475,0.475,100,2022-01-12 18:24:00,KTRA
0.4751,0.4751,0.4751,0.4751,340,2022-01-12 18:25:00,KTRA
0.4751,0.4758,0.4751,0.4754,7743,2022-01-12 18:27:00,KTRA
0.4753,0.4753,0.4753,0.4753,5000,2022-01-12 18:29:00,KTRA
0.4754,0.4755,0.475199,0.475199,6958,2022-01-12 18:30:00,KTRA
0.4752,0.4752,0.4752,0.4752,200,2022-01-12 18:31:00,KTRA
0.4752,0.48,0.4751,0.48,16330,2022-01-12 18:33:00,KTRA
0.4753,0.4799,0.4753,0.4799,800,2022-01-12 18:34:00,KTRA
0.4751,0.4751,0.4751,0.4751,100,2022-01-12 18:36:00,KTRA
0.47755,0.4799,0.47755,0.4799,3000,2022-01-12 18:37:00,KTRA
0.48,0.48,0.4781,0.4781,900,2022-01-12 18:43:00,KTRA
0.4765,0.4779,0.4765,0.4779,300,2022-01-12 18:44:00,KTRA
0.4785,0.4785,0.4731,0.4731,52678,2022-01-12 18:54:00,KTRA
0.4734,0.4734,0.4734,0.4734,100,2022-01-12 18:55:00,KTRA
0.4732,0.4732,0.4732,0.4732,2200,2022-01-12 18:56:00,KTRA
0.4798,0.4798,0.4798,0.4798,100,2022-01-12 18:58:00,KTRA
0.4799,0.4799,0.4799,0.4799,200,2022-01-12 19:01:00,KTRA
0.48,0.48,0.48,0.48,23600,2022-01-12 19:02:00,KTRA
0.48,0.48,0.4731,0.478868,6196,2022-01-12 19:03:00,KTRA
0.48,0.48,0.48,0.48,200,2022-01-12 19:05:00,KTRA
0.4787,0.4787,0.4787,0.4787,250,2022-01-12 19:09:00,KTRA
0.4787,0.4787,0.4787,0.4787,200,2022-01-12 19:10:00,KTRA
0.4775,0.479,0.4775,0.479,10000,2022-01-12 19:13:00,KTRA
0.4743,0.4743,0.472701,0.472701,36200,2022-01-12 19:14:00,KTRA
0.4729,0.48,0.4729,0.48,10000,2022-01-12 19:15:00,KTRA
0.4736,0.48,0.4736,0.4763,30100,2022-01-12 19:16:00,KTRA
0.4745,0.4845,0.4745,0.4845,124205,2022-01-12 19:17:00,KTRA
0.4817,0.4932,0.4817,0.4914,209290,2022-01-12 19:18:00,KTRA
0.4925,0.4925,0.4849,0.48515,67535,2022-01-12 19:19:00,KTRA
0.4849,0.485399,0.48,0.480101,57407,2022-01-12 19:20:00,KTRA
0.48,0.488,0.48,0.4831,150866,2022-01-12 19:21:00,KTRA
0.4813,0.4893,0.4813,0.4861,25533,2022-01-12 19:22:00,KTRA
0.485599,0.4893,0.4853,0.4884,14420,2022-01-12 19:23:00,KTRA
0.4891,0.495,0.4851,0.4868,40279,2022-01-12 19:24:00,KTRA
0.4843,0.4947,0.4826,0.4906,35876,2022-01-12 19:25:00,KTRA
0.490499,0.4913,0.490499,0.4912,8900,2022-01-12 19:26:00,KTRA
0.4912,0.4912,0.4907,0.4912,12600,2022-01-12 19:27:00,KTRA
0.4901,0.4913,0.4901,0.4913,4700,2022-01-12 19:28:00,KTRA
0.490399,0.4904,0.4902,0.4902,1287,2022-01-12 19:29:00,KTRA
0.4901,0.490199,0.4901,0.490199,2767,2022-01-12 19:30:00,KTRA
0.4901,0.4902,0.4901,0.4902,8500,2022-01-12 19:31:00,KTRA
0.4902,0.4913,0.4902,0.4907,8500,2022-01-12 19:32:00,KTRA
0.4907,0.4907,0.4902,0.4902,7465,2022-01-12 19:33:00,KTRA
0.4903,0.4903,0.490296,0.4903,1300,2022-01-12 19:34:00,KTRA
0.4913,0.4913,0.491,0.4913,10408,2022-01-12 19:36:00,KTRA
0.4913,0.495,0.4912,0.4937,2752,2022-01-12 19:37:00,KTRA
0.4948,0.4948,0.4915,0.4931,1558,2022-01-12 19:38:00,KTRA
0.493151,0.4949,0.4915,0.4949,5454,2022-01-12 19:39:00,KTRA
0.494899,0.494899,0.4924,0.4924,1211,2022-01-12 19:40:00,KTRA
0.4933,0.495,0.4913,0.4918,47907,2022-01-12 19:42:00,KTRA
0.4908,0.491,0.4907,0.4908,17056,2022-01-12 19:43:00,KTRA
0.4929,0.4929,0.4929,0.4929,1000,2022-01-12 19:44:00,KTRA
0.491199,0.491199,0.4904,0.4905,21070,2022-01-12 19:45:00,KTRA
0.4903,0.4908,0.4903,0.4908,200,2022-01-12 19:47:00,KTRA
0.4903,0.4903,0.4903,0.4903,650,2022-01-12 19:50:00,KTRA
0.4903,0.4904,0.4903,0.4904,6100,2022-01-12 19:51:00,KTRA
0.4904,0.4904,0.4904,0.4904,200,2022-01-12 19:53:00,KTRA
0.4904,0.4904,0.4904,0.4904,156,2022-01-12 19:54:00,KTRA
0.4903,0.4904,0.4903,0.4904,1500,2022-01-12 19:56:00,KTRA
0.4903,0.4904,0.4903,0.4904,1660,2022-01-12 19:59:00,KTRA
0.4903,0.4903,0.481,0.488,17011,2022-01-12 20:00:00,KTRA
0.488001,0.488001,0.488001,0.488001,4000,2022-01-12 20:02:00,KTRA
0.4891,0.489121,0.489,0.489121,5902,2022-01-12 20:04:00,KTRA
0.4802,0.4802,0.4802,0.4802,600,2022-01-12 20:05:00,KTRA
0.4803,0.4861,0.4803,0.4803,34459,2022-01-12 20:06:00,KTRA
0.4833,0.4833,0.4833,0.4833,250,2022-01-12 20:10:00,KTRA
0.4833,0.4833,0.4833,0.4833,1456,2022-01-12 20:12:00,KTRA
0.4817,0.4817,0.4817,0.4817,1977,2022-01-12 20:15:00,KTRA
0.4816,0.4816,0.4816,0.4816,225,2022-01-12 20:18:00,KTRA
0.4816,0.4816,0.4816,0.4816,500,2022-01-12 20:22:00,KTRA
0.4817,0.4817,0.4817,0.4817,1000,2022-01-12 20:27:00,KTRA
0.4816,0.4816,0.4809,0.4809,1350,2022-01-12 20:28:00,KTRA
0.4802,0.4802,0.4802,0.4802,1050,2022-01-12 20:29:00,KTRA
0.4801,0.4801,0.4801,0.4801,225,2022-01-12 20:30:00,KTRA
0.4802,0.4802,0.4802,0.4802,991,2022-01-12 20:31:00,KTRA
0.4801,0.4801,0.475,0.4781,9090,2022-01-12 20:32:00,KTRA
0.48005,0.48005,0.48,0.48,7245,2022-01-12 20:33:00,KTRA
0.48,0.48,0.4781,0.4781,14979,2022-01-12 20:34:00,KTRA
0.4759,0.4769,0.4757,0.4769,3100,2022-01-12 20:35:00,KTRA
0.48,0.48,0.48,0.48,200,2022-01-12 20:36:00,KTRA
0.4812,0.4812,0.4812,0.4812,100,2022-01-12 20:37:00,KTRA
0.4824,0.4824,0.4824,0.4824,100,2022-01-12 20:44:00,KTRA
0.4824,0.4824,0.4824,0.4824,500,2022-01-12 20:45:00,KTRA
0.4824,0.4824,0.4824,0.4824,400,2022-01-12 20:46:00,KTRA
0.4824,0.49,0.4806,0.4806,59050,2022-01-12 20:50:00,KTRA
0.4814,0.484999,0.48,0.481251,8257,2022-01-12 20:51:00,KTRA
0.4806,0.4806,0.4806,0.4806,600,2022-01-12 20:52:00,KTRA
0.4884,0.4884,0.4884,0.4884,525,2022-01-12 20:53:00,KTRA
0.4885,0.4885,0.4885,0.4885,175,2022-01-12 20:54:00,KTRA
0.4843,0.4843,0.4843,0.4843,6940,2022-01-12 20:55:00,KTRA
0.4878,0.4899,0.484,0.4899,6000,2022-01-12 20:57:00,KTRA
0.4899,0.4899,0.4899,0.4899,1246,2022-01-12 20:58:00,KTRA
0.480612,0.480612,0.480612,0.480612,714,2022-01-12 20:59:00,KTRA
0.49,0.49,0.49,0.49,1006,2022-01-12 21:00:00,KTRA
0.49,0.49,0.49,0.49,116987,2022-01-12 21:04:00,KTRA
0.5,0.5,0.5,0.5,5000,2022-01-12 21:13:00,KTRA
0.49,0.49,0.49,0.49,500,2022-01-12 21:41:00,KTRA
0.49,0.49,0.49,0.49,2000,2022-01-12 21:59:00,KTRA
0.49,0.49,0.49,0.49,263,2022-01-12 22:09:00,KTRA
0.49,0.49,0.49,0.49,119,2022-01-12 22:11:00,KTRA
0.485,0.485,0.485,0.485,5000,2022-01-12 22:34:00,KTRA
0.485,0.485,0.485,0.485,5000,2022-01-12 22:35:00,KTRA
0.49,0.49,0.49,0.49,10000,2022-01-12 23:50:00,KTRA
0.489,0.489,0.489,0.489,100,2022-01-12 23:53:00,KTRA
0.488,0.488,0.488,0.488,1500,2022-01-13 00:45:00,KTRA
0.487,0.487,0.487,0.487,3600,2022-01-13 00:46:00,KTRA
0.48,0.48,0.48,0.48,100,2022-01-13 13:03:00,KTRA
0.48,0.48,0.48,0.48,200,2022-01-13 13:14:00,KTRA
0.485,0.485,0.485,0.485,100,2022-01-13 13:30:00,KTRA
0.485,0.485,0.485,0.485,200,2022-01-13 13:31:00,KTRA
0.48,0.48,0.48,0.48,100,2022-01-13 13:39:00,KTRA
0.488,0.488,0.488,0.488,112,2022-01-13 14:01:00,KTRA
0.488,0.488,0.488,0.488,225,2022-01-13 14:05:00,KTRA
0.49,0.49,0.49,0.49,198,2022-01-13 14:20:00,KTRA
0.49,0.49,0.49,0.49,2100,2022-01-13 14:23:00,KTRA
0.488,0.488,0.488,0.488,345,2022-01-13 14:28:00,KTRA
0.488,0.488,0.488,0.488,100,2022-01-13 14:29:00,KTRA
0.4701,0.4868,0.4701,0.4868,8495,2022-01-13 14:30:00,KTRA
0.488,0.488,0.48,0.480101,3790,2022-01-13 14:31:00,KTRA
0.4801,0.4801,0.48,0.4801,7536,2022-01-13 14:32:00,KTRA
0.4746,0.488,0.4746,0.481201,1600,2022-01-13 14:33:00,KTRA
0.48,0.487999,0.48,0.487899,3488,2022-01-13 14:34:00,KTRA
0.488,0.488,0.4744,0.475,2301,2022-01-13 14:35:00,KTRA
0.4771,0.4771,0.4771,0.4771,300,2022-01-13 14:36:00,KTRA
0.477201,0.477201,0.477201,0.477201,3251,2022-01-13 14:37:00,KTRA
0.4868,0.488,0.4773,0.4773,870,2022-01-13 14:40:00,KTRA
0.4779,0.487899,0.4779,0.487899,2350,2022-01-13 14:41:00,KTRA
0.4774,0.487999,0.4774,0.487,16100,2022-01-13 14:43:00,KTRA
0.4774,0.4774,0.4774,0.4774,160,2022-01-13 14:44:00,KTRA
0.487999,0.487999,0.4868,0.4868,2200,2022-01-13 14:45:00,KTRA
0.488,0.488,0.488,0.488,500,2022-01-13 14:46:00,KTRA
0.4772,0.4772,0.4772,0.4772,120,2022-01-13 14:48:00,KTRA
0.477201,0.48,0.477201,0.48,700,2022-01-13 14:49:00,KTRA
0.4826,0.4826,0.4826,0.4826,100,2022-01-13 14:50:00,KTRA
0.4868,0.4868,0.4868,0.4868,200,2022-01-13 14:51:00,KTRA
0.488,0.488,0.488,0.488,4974,2022-01-13 14:52:00,KTRA
0.488,0.488,0.488,0.488,177,2022-01-13 14:55:00,KTRA
0.481598,0.481598,0.481598,0.481598,200,2022-01-13 14:57:00,KTRA
0.4784,0.4784,0.4784,0.4784,782,2022-01-13 14:59:00,KTRA
0.48,0.488,0.4747,0.488,10373,2022-01-13 15:00:00,KTRA
0.48,0.4879,0.48,0.4879,1600,2022-01-13 15:02:00,KTRA
0.480001,0.480001,0.480001,0.480001,109,2022-01-13 15:03:00,KTRA
0.4879,0.4879,0.4878,0.4879,11880,2022-01-13 15:05:00,KTRA
0.4877,0.4877,0.4877,0.4877,2000,2022-01-13 15:12:00,KTRA
0.4879,0.4879,0.4879,0.4879,149,2022-01-13 15:13:00,KTRA
0.4802,0.4879,0.4802,0.4879,1100,2022-01-13 15:16:00,KTRA
0.4848,0.4848,0.4793,0.4793,20391,2022-01-13 15:21:00,KTRA
0.475,0.4793,0.475,0.4793,4478,2022-01-13 15:22:00,KTRA
0.476,0.476,0.475,0.475,5700,2022-01-13 15:23:00,KTRA
0.4744,0.4747,0.4744,0.4747,5500,2022-01-13 15:24:00,KTRA
0.4745,0.4747,0.4745,0.4747,1680,2022-01-13 15:25:00,KTRA
0.4744,0.4744,0.4744,0.4744,400,2022-01-13 15:26:00,KTRA
0.4747,0.4772,0.4747,0.4772,6600,2022-01-13 15:27:00,KTRA
0.4772,0.4772,0.4772,0.4772,111,2022-01-13 15:28:00,KTRA
0.4771,0.4772,0.4771,0.4771,2400,2022-01-13 15:29:00,KTRA
0.4771,0.4799,0.4771,0.4799,1000,2022-01-13 15:33:00,KTRA
0.4799,0.4799,0.4799,0.4799,500,2022-01-13 15:36:00,KTRA
0.4799,0.4799,0.4799,0.4799,200,2022-01-13 15:40:00,KTRA
0.479799,0.479799,0.479799,0.479799,423,2022-01-13 15:41:00,KTRA
0.475,0.475,0.475,0.475,2000,2022-01-13 15:42:00,KTRA
0.475,0.475,0.475,0.475,2342,2022-01-13 15:45:00,KTRA
0.479731,0.479731,0.479731,0.479731,175,2022-01-13 15:46:00,KTRA
0.4798,0.4798,0.4766,0.4766,301,2022-01-13 15:54:00,KTRA
0.4751,0.4751,0.4751,0.4751,300,2022-01-13 15:58:00,KTRA
0.475,0.475,0.475,0.475,500,2022-01-13 16:01:00,KTRA
0.4751,0.4751,0.475,0.475,4100,2022-01-13 16:02:00,KTRA
0.475,0.475,0.4744,0.4744,11170,2022-01-13 16:03:00,KTRA
0.47445,0.4745,0.47445,0.4745,2200,2022-01-13 16:04:00,KTRA
0.4745,0.4745,0.4745,0.4745,150,2022-01-13 16:05:00,KTRA
0.4745,0.4745,0.4744,0.4745,16500,2022-01-13 16:06:00,KTRA
0.4745,0.4745,0.4745,0.4745,2100,2022-01-13 16:07:00,KTRA
0.4744,0.4744,0.4744,0.4744,156,2022-01-13 16:08:00,KTRA
0.4745,0.4745,0.4745,0.4745,150,2022-01-13 16:10:00,KTRA
0.4745,0.4745,0.4745,0.4745,200,2022-01-13 16:11:00,KTRA
0.4744,0.4745,0.4744,0.4745,735,2022-01-13 16:15:00,KTRA
0.4745,0.4745,0.4745,0.4745,400,2022-01-13 16:16:00,KTRA
0.4744,0.4745,0.4744,0.4745,16255,2022-01-13 16:17:00,KTRA
0.4744,0.4745,0.4729,0.4745,10800,2022-01-13 16:21:00,KTRA
0.479699,0.479699,0.479699,0.479699,1400,2022-01-13 16:24:00,KTRA
0.4798,0.4798,0.4786,0.4786,2500,2022-01-13 16:25:00,KTRA
0.478,0.478,0.478,0.478,100,2022-01-13 16:27:00,KTRA
0.478,0.478,0.478,0.478,200,2022-01-13 16:28:00,KTRA
0.4787,0.4796,0.4787,0.4796,1800,2022-01-13 16:30:00,KTRA
0.4798,0.4798,0.4798,0.4798,148,2022-01-13 16:31:00,KTRA
0.479699,0.479699,0.4786,0.4786,1100,2022-01-13 16:33:00,KTRA
0.4786,0.4786,0.4786,0.4786,200,2022-01-13 16:34:00,KTRA
0.4747,0.4747,0.4747,0.4747,779,2022-01-13 16:38:00,KTRA
0.4745,0.4786,0.4745,0.4786,17600,2022-01-13 16:39:00,KTRA
0.478499,0.478499,0.478499,0.478499,1000,2022-01-13 16:42:00,KTRA
0.4785,0.4785,0.4785,0.4785,224,2022-01-13 16:44:00,KTRA
0.4785,0.4786,0.4785,0.4786,600,2022-01-13 16:45:00,KTRA
0.4785,0.4785,0.4785,0.4785,696,2022-01-13 16:52:00,KTRA
0.4785,0.4785,0.4785,0.4785,500,2022-01-13 16:53:00,KTRA
0.4785,0.4785,0.4785,0.4785,200,2022-01-13 16:55:00,KTRA
0.474501,0.4785,0.474501,0.4785,300,2022-01-13 16:57:00,KTRA
0.4773,0.4773,0.4773,0.4773,250,2022-01-13 16:59:00,KTRA
0.4784,0.4784,0.4784,0.4784,500,2022-01-13 17:12:00,KTRA
0.476,0.476,0.476,0.476,130,2022-01-13 17:18:00,KTRA
0.4781,0.4781,0.4781,0.4781,500,2022-01-13 17:23:00,KTRA
0.476351,0.476351,0.476351,0.476351,102,2022-01-13 17:26:00,KTRA
0.4757,0.47695,0.4744,0.4744,3150,2022-01-13 17:34:00,KTRA
0.4724,0.4724,0.4724,0.4724,211,2022-01-13 17:36:00,KTRA
0.4724,0.4724,0.4724,0.4724,4000,2022-01-13 17:42:00,KTRA
0.47235,0.47235,0.47235,0.47235,200,2022-01-13 17:46:00,KTRA
0.47235,0.47235,0.47235,0.47235,200,2022-01-13 17:51:00,KTRA
0.47235,0.47235,0.47235,0.47235,100,2022-01-13 17:52:00,KTRA
0.4723,0.4723,0.4723,0.4723,1000,2022-01-13 17:56:00,KTRA
0.472399,0.472399,0.472399,0.472399,200,2022-01-13 17:58:00,KTRA
0.4724,0.4724,0.4723,0.4723,720,2022-01-13 18:02:00,KTRA
0.47235,0.47235,0.47235,0.47235,345,2022-01-13 18:04:00,KTRA
0.4723,0.47235,0.4609,0.4621,59113,2022-01-13 18:06:00,KTRA
0.461349,0.461349,0.4606,0.4607,5343,2022-01-13 18:07:00,KTRA
0.4607,0.4684,0.4605,0.4684,5517,2022-01-13 18:08:00,KTRA
0.465,0.465,0.46215,0.46215,7000,2022-01-13 18:09:00,KTRA
0.4627,0.4627,0.4627,0.4627,1923,2022-01-13 18:11:00,KTRA
0.4606,0.46065,0.4606,0.46065,200,2022-01-13 18:12:00,KTRA
0.4605,0.4605,0.4604,0.4604,300,2022-01-13 18:13:00,KTRA
0.4605,0.4605,0.4604,0.4604,1492,2022-01-13 18:14:00,KTRA
0.4605,0.4605,0.4605,0.4605,250,2022-01-13 18:15:00,KTRA
0.4605,0.4621,0.4605,0.4621,20240,2022-01-13 18:16:00,KTRA
0.4613,0.4613,0.4605,0.4605,2200,2022-01-13 18:17:00,KTRA
0.4604,0.4605,0.4604,0.4605,1300,2022-01-13 18:18:00,KTRA
0.4731,0.476,0.47,0.476,4593,2022-01-13 18:20:00,KTRA
0.476,0.476,0.476,0.476,13000,2022-01-13 18:21:00,KTRA
0.4748,0.4748,0.4748,0.4748,100,2022-01-13 18:23:00,KTRA
0.475899,0.475899,0.4741,0.4741,1000,2022-01-13 18:26:00,KTRA
0.4741,0.4741,0.4739,0.4739,1900,2022-01-13 18:27:00,KTRA
0.4669,0.4669,0.4669,0.4669,200,2022-01-13 18:29:00,KTRA
0.4668,0.4668,0.4667,0.4667,2400,2022-01-13 18:31:00,KTRA
0.462,0.462,0.4608,0.4608,500,2022-01-13 18:32:00,KTRA
0.4644,0.4644,0.4644,0.4644,275,2022-01-13 18:33:00,KTRA
0.4645,0.4645,0.4645,0.4645,213,2022-01-13 18:34:00,KTRA
0.461801,0.461801,0.461801,0.461801,250,2022-01-13 18:35:00,KTRA
0.4645,0.4645,0.4645,0.4645,399,2022-01-13 18:41:00,KTRA
0.463659,0.463659,0.463659,0.463659,990,2022-01-13 18:44:00,KTRA
0.4617,0.4617,0.4617,0.4617,352,2022-01-13 18:48:00,KTRA
0.4618,0.4618,0.4618,0.4618,24780,2022-01-13 18:49:00,KTRA
0.4618,0.4618,0.4618,0.4618,217,2022-01-13 18:50:00,KTRA
0.4617,0.4629,0.4601,0.4629,10260,2022-01-13 18:51:00,KTRA
0.4632,0.4632,0.4632,0.4632,100,2022-01-13 18:58:00,KTRA
0.463,0.463,0.463,0.463,489,2022-01-13 19:01:00,KTRA
0.4629,0.4629,0.4629,0.4629,1500,2022-01-13 19:08:00,KTRA
0.4629,0.463,0.4629,0.4629,1900,2022-01-13 19:10:00,KTRA
0.4629,0.462905,0.4627,0.4627,2800,2022-01-13 19:16:00,KTRA
0.4799,0.4799,0.4799,0.4799,200,2022-01-13 19:18:00,KTRA
0.479899,0.479899,0.479899,0.479899,500,2022-01-13 19:23:00,KTRA
0.4699,0.4699,0.4612,0.4612,1334,2022-01-13 19:34:00,KTRA
0.4624,0.4624,0.4624,0.4624,200,2022-01-13 19:35:00,KTRA
0.4698,0.4698,0.4698,0.4698,100,2022-01-13 19:36:00,KTRA
0.4687,0.4687,0.4687,0.4687,137,2022-01-13 19:38:00,KTRA
0.4699,0.4699,0.4699,0.4699,500,2022-01-13 19:40:00,KTRA
0.4602,0.4602,0.4602,0.4602,2800,2022-01-13 19:43:00,KTRA
0.4667,0.4667,0.4667,0.4667,287,2022-01-13 19:55:00,KTRA
0.4667,0.4667,0.4667,0.4667,200,2022-01-13 19:57:00,KTRA
0.4653,0.4653,0.4653,0.4653,100,2022-01-13 20:03:00,KTRA
0.4665,0.4665,0.4603,0.4603,1176,2022-01-13 20:05:00,KTRA
0.4604,0.4664,0.4604,0.4664,5200,2022-01-13 20:06:00,KTRA
0.4665,0.4665,0.4665,0.4665,1000,2022-01-13 20:13:00,KTRA
0.4603,0.4603,0.4603,0.4603,315,2022-01-13 20:14:00,KTRA
0.465,0.465,0.4611,0.4611,300,2022-01-13 20:15:00,KTRA
0.4609,0.4609,0.4609,0.4609,100,2022-01-13 20:16:00,KTRA
0.4606,0.4606,0.46,0.46,20542,2022-01-13 20:17:00,KTRA
0.4581,0.4581,0.4581,0.4581,2000,2022-01-13 20:18:00,KTRA
0.4581,0.4581,0.4581,0.4581,3100,2022-01-13 20:19:00,KTRA
0.4599,0.4599,0.459,0.459,500,2022-01-13 20:31:00,KTRA
0.4599,0.4599,0.4599,0.4599,500,2022-01-13 20:35:00,KTRA
0.46,0.46,0.46,0.46,1000,2022-01-13 20:42:00,KTRA
0.4599,0.4599,0.459,0.459,1373,2022-01-13 20:43:00,KTRA
0.4582,0.4582,0.457,0.458,3461,2022-01-13 20:44:00,KTRA
0.458,0.458,0.4555,0.4555,5050,2022-01-13 20:46:00,KTRA
0.456,0.456,0.456,0.456,1300,2022-01-13 20:47:00,KTRA
0.4555,0.456,0.4551,0.4551,9684,2022-01-13 20:48:00,KTRA
0.4555,0.4555,0.4555,0.4555,517,2022-01-13 20:49:00,KTRA
0.456,0.456,0.4555,0.4555,2822,2022-01-13 20:50:00,KTRA
0.4551,0.4551,0.455,0.455,1200,2022-01-13 20:51:00,KTRA
0.4551,0.4551,0.4543,0.4543,2250,2022-01-13 20:52:00,KTRA
0.4539,0.4539,0.4536,0.4536,750,2022-01-13 20:53:00,KTRA
0.4522,0.4522,0.4522,0.4522,300,2022-01-13 20:54:00,KTRA
0.4522,0.4522,0.4522,0.4522,802,2022-01-13 20:58:00,KTRA
0.4522,0.4522,0.452183,0.4522,2792,2022-01-13 20:59:00,KTRA
0.4501,0.4501,0.4501,0.4501,15000,2022-01-13 21:00:00,KTRA
0.4503,0.4503,0.4503,0.4503,400,2022-01-13 21:16:00,KTRA
0.4601,0.4601,0.4601,0.4601,1000,2022-01-13 21:40:00,KTRA
0.4599,0.4599,0.4599,0.4599,100,2022-01-13 21:46:00,KTRA
0.4502,0.4502,0.4502,0.4502,600,2022-01-13 21:48:00,KTRA
0.4501,0.4501,0.4501,0.4501,101,2022-01-13 21:51:00,KTRA
0.45,0.45,0.45,0.45,2002,2022-01-13 21:52:00,KTRA
0.4188,0.4188,0.4123,0.4123,11000,2022-01-13 21:53:00,KTRA
0.4123,0.4123,0.4123,0.4123,5593,2022-01-13 21:54:00,KTRA
0.4599,0.4599,0.4599,0.4599,100,2022-01-13 21:58:00,KTRA
0.44,0.44,0.439,0.439,700,2022-01-13 22:00:00,KTRA
0.44,0.44,0.44,0.44,100,2022-01-13 22:07:00,KTRA
0.44,0.44,0.44,0.44,650,2022-01-13 22:10:00,KTRA
0.44,0.44,0.44,0.44,1000,2022-01-13 22:13:00,KTRA
0.44,0.44,0.44,0.44,235,2022-01-13 22:21:00,KTRA
0.43,0.43,0.43,0.43,2693,2022-01-13 22:25:00,KTRA
0.438,0.438,0.438,0.438,227,2022-01-13 22:30:00,KTRA
0.4399,0.4399,0.4399,0.4399,1000,2022-01-13 22:46:00,KTRA
0.432,0.432,0.43,0.43,3605,2022-01-13 22:48:00,KTRA
0.43,0.43,0.43,0.43,195,2022-01-13 22:54:00,KTRA
0.4389,0.4389,0.4389,0.4389,100,2022-01-13 23:35:00,KTRA
0.4325,0.4325,0.4325,0.4325,1100,2022-01-14 00:54:00,KTRA
0.4501,0.4501,0.4501,0.4501,100,2022-01-14 11:54:00,KTRA
0.44,0.44,0.44,0.44,4000,2022-01-14 12:02:00,KTRA
0.433,0.433,0.433,0.433,2000,2022-01-14 12:50:00,KTRA
0.433,0.433,0.433,0.433,100,2022-01-14 12:51:00,KTRA
0.4201,0.4201,0.4201,0.4201,100,2022-01-14 13:03:00,KTRA
0.4201,0.4201,0.42,0.42,920,2022-01-14 13:04:00,KTRA
0.415,0.415,0.415,0.415,101,2022-01-14 13:09:00,KTRA
0.416,0.416,0.416,0.416,1150,2022-01-14 13:15:00,KTRA
0.423,0.423,0.423,0.423,301,2022-01-14 13:22:00,KTRA
0.4299,0.4299,0.4299,0.4299,100,2022-01-14 13:33:00,KTRA
0.4299,0.4299,0.4298,0.4298,4000,2022-01-14 13:34:00,KTRA
0.425,0.425,0.425,0.425,420,2022-01-14 13:43:00,KTRA
0.426,0.426,0.426,0.426,192,2022-01-14 14:01:00,KTRA
0.43,0.43,0.43,0.43,200,2022-01-14 14:28:00,KTRA
0.437,0.4389,0.416,0.422,19605,2022-01-14 14:30:00,KTRA
0.4389,0.4389,0.422001,0.4221,8723,2022-01-14 14:31:00,KTRA
0.4399,0.4399,0.4399,0.4399,200,2022-01-14 14:33:00,KTRA
0.44,0.44,0.4399,0.4399,2105,2022-01-14 14:34:00,KTRA
0.4399,0.4399,0.4399,0.4399,3416,2022-01-14 14:36:00,KTRA
0.4397,0.4397,0.4397,0.4397,4000,2022-01-14 14:39:00,KTRA
0.4397,0.4397,0.4261,0.4261,2750,2022-01-14 14:40:00,KTRA
0.426201,0.4398,0.426201,0.4398,9100,2022-01-14 14:41:00,KTRA
0.433001,0.433001,0.433001,0.433001,1200,2022-01-14 14:42:00,KTRA
0.4378,0.4378,0.4264,0.4264,1875,2022-01-14 14:43:00,KTRA
0.4398,0.4398,0.4378,0.4378,1185,2022-01-14 14:45:00,KTRA
0.430201,0.430201,0.430201,0.430201,1500,2022-01-14 14:46:00,KTRA
0.4399,0.4399,0.4399,0.4399,344,2022-01-14 14:48:00,KTRA
0.435001,0.435001,0.430201,0.430201,1048,2022-01-14 14:49:00,KTRA
0.439353,0.439353,0.439353,0.439353,100,2022-01-14 14:51:00,KTRA
0.4398,0.4398,0.4398,0.4398,2500,2022-01-14 14:57:00,KTRA
0.437,0.439699,0.437,0.4371,1942,2022-01-14 15:00:00,KTRA
0.4398,0.4398,0.437,0.437,6080,2022-01-14 15:01:00,KTRA
0.4371,0.4371,0.4371,0.4371,150,2022-01-14 15:02:00,KTRA
0.437,0.437,0.437,0.437,400,2022-01-14 15:03:00,KTRA
0.437,0.4398,0.43,0.4398,6000,2022-01-14 15:04:00,KTRA
0.4293,0.4387,0.4293,0.4387,1934,2022-01-14 15:05:00,KTRA
0.4398,0.4398,0.4398,0.4398,100,2022-01-14 15:06:00,KTRA
0.4349,0.4349,0.4349,0.4349,1000,2022-01-14 15:10:00,KTRA
0.43485,0.4397,0.43485,0.4397,5200,2022-01-14 15:12:00,KTRA
0.4397,0.4397,0.4397,0.4397,151,2022-01-14 15:14:00,KTRA
0.4386,0.4386,0.4386,0.4386,108,2022-01-14 15:16:00,KTRA
0.43,0.43,0.43,0.43,1500,2022-01-14 15:18:00,KTRA
0.4397,0.4397,0.4397,0.4397,100,2022-01-14 15:23:00,KTRA
0.4397,0.4397,0.4397,0.4397,113,2022-01-14 15:24:00,KTRA
0.43011,0.43011,0.43011,0.43011,1000,2022-01-14 15:28:00,KTRA
0.4397,0.4397,0.4349,0.4397,970,2022-01-14 15:29:00,KTRA
0.4312,0.4312,0.4302,0.4302,1148,2022-01-14 15:34:00,KTRA
0.4386,0.4386,0.4386,0.4386,120,2022-01-14 15:35:00,KTRA
0.4303,0.4303,0.4303,0.4303,350,2022-01-14 15:36:00,KTRA
0.4303,0.4397,0.4303,0.4397,1967,2022-01-14 15:38:00,KTRA
0.4397,0.4397,0.4397,0.4397,120,2022-01-14 15:42:00,KTRA
0.430201,0.430201,0.430201,0.430201,150,2022-01-14 15:44:00,KTRA
0.4397,0.4397,0.430201,0.430201,600,2022-01-14 15:45:00,KTRA
0.4386,0.4386,0.4386,0.4386,303,2022-01-14 15:46:00,KTRA
0.4351,0.4352,0.4351,0.4351,1980,2022-01-14 15:54:00,KTRA
0.4351,0.4351,0.4351,0.4351,300,2022-01-14 15:57:00,KTRA
0.4351,0.4351,0.4351,0.4351,500,2022-01-14 15:58:00,KTRA
0.4352,0.4352,0.4352,0.4352,109,2022-01-14 15:59:00,KTRA
0.4351,0.4352,0.4351,0.4352,3100,2022-01-14 16:03:00,KTRA
0.4351,0.4351,0.4351,0.4351,100,2022-01-14 16:05:00,KTRA
0.4351,0.4351,0.4351,0.4351,1469,2022-01-14 16:08:00,KTRA
0.4351,0.4351,0.4351,0.4351,388,2022-01-14 16:17:00,KTRA
0.4352,0.4352,0.435198,0.4352,3904,2022-01-14 16:28:00,KTRA
0.4351,0.4351,0.4325,0.4325,18245,2022-01-14 16:33:00,KTRA
0.4306,0.4306,0.43,0.43,1417,2022-01-14 16:34:00,KTRA
0.4301,0.4301,0.4301,0.4301,700,2022-01-14 16:35:00,KTRA
0.4301,0.4339,0.4301,0.432399,1000,2022-01-14 16:37:00,KTRA
0.4313,0.4313,0.4304,0.4304,500,2022-01-14 16:38:00,KTRA
0.435,0.435,0.435,0.435,100,2022-01-14 16:39:00,KTRA
0.435,0.435,0.4335,0.4335,5100,2022-01-14 16:42:00,KTRA
0.4322,0.4322,0.4322,0.4322,1100,2022-01-14 16:45:00,KTRA
0.433551,0.433551,0.433551,0.433551,290,2022-01-14 16:47:00,KTRA
0.4327,0.4327,0.4322,0.4322,840,2022-01-14 16:48:00,KTRA
0.4322,0.435,0.4321,0.435,300,2022-01-14 16:50:00,KTRA
0.432201,0.432201,0.432201,0.432201,790,2022-01-14 16:51:00,KTRA
0.4321,0.433159,0.4321,0.4328,1100,2022-01-14 16:53:00,KTRA
0.4318,0.432,0.4318,0.432,12200,2022-01-14 16:57:00,KTRA
0.4318,0.4318,0.4318,0.4318,1000,2022-01-14 17:00:00,KTRA
0.4319,0.4349,0.4319,0.4335,600,2022-01-14 17:01:00,KTRA
0.434999,0.434999,0.434999,0.434999,150,2022-01-14 17:02:00,KTRA
0.4337,0.434799,0.4328,0.4328,1519,2022-01-14 17:03:00,KTRA
0.4333,0.4333,0.4333,0.4333,700,2022-01-14 17:04:00,KTRA
0.4323,0.4327,0.4323,0.4327,1500,2022-01-14 17:06:00,KTRA
0.4336,0.4336,0.4266,0.4336,18327,2022-01-14 17:07:00,KTRA
0.4309,0.4309,0.4309,0.4309,100,2022-01-14 17:08:00,KTRA
0.43,0.4301,0.43,0.43005,2745,2022-01-14 17:11:00,KTRA
0.4301,0.4301,0.4301,0.4301,100,2022-01-14 17:13:00,KTRA
0.43,0.43,0.43,0.43,5048,2022-01-14 17:14:00,KTRA
0.4271,0.4273,0.4271,0.42715,602,2022-01-14 17:15:00,KTRA
0.4275,0.4275,0.4275,0.4275,2000,2022-01-14 17:21:00,KTRA
0.4302,0.4302,0.4272,0.4272,700,2022-01-14 17:22:00,KTRA
0.427,0.430101,0.427,0.430101,2414,2022-01-14 17:25:00,KTRA
0.4349,0.4349,0.4329,0.4329,6600,2022-01-14 17:28:00,KTRA
0.4309,0.4309,0.4309,0.4309,2100,2022-01-14 17:30:00,KTRA
0.4318,0.4318,0.43,0.43,1029,2022-01-14 17:31:00,KTRA
0.4309,0.4309,0.4309,0.4309,300,2022-01-14 17:32:00,KTRA
0.4329,0.4329,0.4329,0.4329,100,2022-01-14 17:34:00,KTRA
0.432901,0.432901,0.432901,0.432901,1825,2022-01-14 17:35:00,KTRA
0.434799,0.434799,0.434799,0.434799,845,2022-01-14 17:39:00,KTRA
0.4349,0.4349,0.4349,0.4349,1100,2022-01-14 17:41:00,KTRA
0.4348,0.4348,0.4348,0.4348,400,2022-01-14 17:42:00,KTRA
0.4324,0.4324,0.4324,0.4324,100,2022-01-14 17:49:00,KTRA
0.4309,0.4309,0.4309,0.4309,224,2022-01-14 17:51:00,KTRA
0.4318,0.4318,0.4318,0.4318,100,2022-01-14 17:53:00,KTRA
0.4328,0.4328,0.4318,0.4318,1430,2022-01-14 17:59:00,KTRA
0.431,0.431,0.431,0.431,700,2022-01-14 18:05:00,KTRA
0.4309,0.431,0.4309,0.431,3300,2022-01-14 18:07:00,KTRA
0.430937,0.430937,0.4309,0.4309,200,2022-01-14 18:10:00,KTRA
0.4318,0.4329,0.4309,0.43095,9200,2022-01-14 18:11:00,KTRA
0.431,0.431,0.431,0.431,600,2022-01-14 18:21:00,KTRA
0.431,0.431,0.4302,0.4305,2200,2022-01-14 18:23:00,KTRA
0.43,0.43,0.43,0.43,8815,2022-01-14 18:25:00,KTRA
0.4301,0.4301,0.43,0.4301,3726,2022-01-14 18:26:00,KTRA
0.43,0.43,0.43,0.43,248,2022-01-14 18:31:00,KTRA
0.4301,0.4301,0.43,0.4301,11750,2022-01-14 18:33:00,KTRA
0.4301,0.4301,0.43,0.4301,26837,2022-01-14 18:34:00,KTRA
0.4258,0.4258,0.4258,0.4258,269,2022-01-14 18:35:00,KTRA
0.4249,0.427,0.4249,0.427,5850,2022-01-14 18:36:00,KTRA
0.4262,0.4262,0.4248,0.4248,1000,2022-01-14 18:39:00,KTRA
0.427499,0.427499,0.427499,0.427499,200,2022-01-14 18:41:00,KTRA
0.4265,0.4265,0.4265,0.4265,750,2022-01-14 18:44:00,KTRA
0.4276,0.4276,0.4276,0.4276,200,2022-01-14 18:45:00,KTRA
0.4249,0.4249,0.4249,0.4249,991,2022-01-14 18:51:00,KTRA
0.4275,0.4275,0.4275,0.4275,1000,2022-01-14 18:52:00,KTRA
0.425,0.425,0.42495,0.42495,200,2022-01-14 18:53:00,KTRA
0.425,0.4251,0.425,0.4251,400,2022-01-14 18:56:00,KTRA
0.4276,0.4276,0.427499,0.427499,250,2022-01-14 19:01:00,KTRA
0.4262,0.4276,0.4262,0.4276,672,2022-01-14 19:03:00,KTRA
0.4266,0.4266,0.4266,0.4266,1000,2022-01-14 19:10:00,KTRA
0.4272,0.4272,0.4266,0.4271,6596,2022-01-14 19:13:00,KTRA
0.4333,0.4333,0.4333,0.4333,113,2022-01-14 19:14:00,KTRA
0.4333,0.4344,0.4333,0.4344,763,2022-01-14 19:16:00,KTRA
0.4333,0.4333,0.4333,0.4333,124,2022-01-14 19:17:00,KTRA
0.434299,0.434299,0.434299,0.434299,500,2022-01-14 19:21:00,KTRA
0.4322,0.4322,0.43,0.4302,3099,2022-01-14 19:22:00,KTRA
0.4336,0.4346,0.4336,0.4346,8450,2022-01-14 19:27:00,KTRA
0.4307,0.4313,0.4303,0.43045,1000,2022-01-14 19:28:00,KTRA
0.4303,0.4303,0.4303,0.4303,1999,2022-01-14 19:30:00,KTRA
0.4302,0.4302,0.4302,0.4302,693,2022-01-14 19:31:00,KTRA
0.4324,0.4324,0.4324,0.4324,100,2022-01-14 19:32:00,KTRA
0.4323,0.4323,0.4323,0.4323,600,2022-01-14 19:37:00,KTRA
0.4302,0.432,0.4302,0.432,1500,2022-01-14 19:38:00,KTRA
0.43645,0.43645,0.43645,0.43645,1151,2022-01-14 19:39:00,KTRA
0.438899,0.438899,0.4341,0.4341,2000,2022-01-14 19:40:00,KTRA
0.434001,0.434001,0.434001,0.434001,2135,2022-01-14 19:41:00,KTRA
0.436249,0.436249,0.436249,0.436249,650,2022-01-14 19:51:00,KTRA
0.4331,0.4331,0.433006,0.433006,500,2022-01-14 19:55:00,KTRA
0.4321,0.4331,0.43,0.43,619,2022-01-14 19:56:00,KTRA
0.4348,0.4759,0.4348,0.4759,46063,2022-01-14 20:01:00,KTRA
0.4759,0.481,0.4759,0.481,5551,2022-01-14 20:02:00,KTRA
0.48,0.48,0.48,0.48,5100,2022-01-14 20:03:00,KTRA
0.475,0.475,0.475,0.475,2001,2022-01-14 20:04:00,KTRA
0.46125,0.474999,0.46125,0.474999,3333,2022-01-14 20:05:00,KTRA
0.469999,0.469999,0.469999,0.469999,5000,2022-01-14 20:07:00,KTRA
0.4699,0.4699,0.4699,0.4699,5750,2022-01-14 20:09:00,KTRA
0.469799,0.4699,0.46,0.4699,2100,2022-01-14 20:10:00,KTRA
0.4699,0.4699,0.469299,0.469299,1400,2022-01-14 20:11:00,KTRA
0.46,0.4646,0.46,0.4646,209,2022-01-14 20:12:00,KTRA
0.4647,0.4647,0.4646,0.4646,6227,2022-01-14 20:14:00,KTRA
0.46,0.46,0.4512,0.4599,15250,2022-01-14 20:15:00,KTRA
0.4599,0.481,0.4599,0.481,10772,2022-01-14 20:16:00,KTRA
0.4601,0.48,0.4601,0.48,7414,2022-01-14 20:17:00,KTRA
0.475,0.48,0.475,0.479702,5380,2022-01-14 20:18:00,KTRA
0.47,0.48,0.47,0.48,6421,2022-01-14 20:19:00,KTRA
0.47,0.4722,0.4662,0.4662,4501,2022-01-14 20:20:00,KTRA
0.460001,0.4673,0.460001,0.4673,1400,2022-01-14 20:22:00,KTRA
0.4669,0.4669,0.4669,0.4669,100,2022-01-14 20:25:00,KTRA
0.4664,0.4664,0.4664,0.4664,1000,2022-01-14 20:26:00,KTRA
0.46,0.4664,0.46,0.4664,500,2022-01-14 20:27:00,KTRA
0.463799,0.463799,0.463799,0.463799,1000,2022-01-14 20:28:00,KTRA
0.4639,0.4639,0.4638,0.4638,300,2022-01-14 20:29:00,KTRA
0.462,0.462,0.46,0.4619,1465,2022-01-14 20:30:00,KTRA
0.4533,0.4551,0.4533,0.4551,2950,2022-01-14 20:31:00,KTRA
0.4533,0.462,0.4533,0.4567,2369,2022-01-14 20:32:00,KTRA
0.4567,0.4567,0.45335,0.45335,9215,2022-01-14 20:46:00,KTRA
0.4567,0.4664,0.4567,0.4664,1419,2022-01-14 20:47:00,KTRA
0.466299,0.4664,0.459,0.4664,9120,2022-01-14 20:48:00,KTRA
0.4664,0.4664,0.4664,0.4664,5400,2022-01-14 20:50:00,KTRA
0.4664,0.4802,0.4664,0.4802,16668,2022-01-14 20:51:00,KTRA
0.474,0.48,0.4692,0.4692,1600,2022-01-14 20:52:00,KTRA
0.4691,0.4691,0.4691,0.4691,500,2022-01-14 20:54:00,KTRA
0.4681,0.4683,0.4681,0.4681,6830,2022-01-14 20:55:00,KTRA
0.4683,0.479,0.4681,0.479,2777,2022-01-14 20:59:00,KTRA
0.475,0.475,0.475,0.475,100,2022-01-14 21:22:00,KTRA
0.475,0.475,0.475,0.475,200,2022-01-14 21:23:00,KTRA
0.475,0.475,0.475,0.475,19998,2022-01-14 21:27:00,KTRA
0.4749,0.4749,0.4749,0.4749,840,2022-01-14 21:37:00,KTRA
0.475,0.475,0.475,0.475,1500,2022-01-14 21:41:00,KTRA
0.475,0.479,0.475,0.479,4727,2022-01-14 21:42:00,KTRA
0.479,0.479,0.479,0.479,300,2022-01-14 21:43:00,KTRA
0.4601,0.4601,0.4601,0.4601,2493,2022-01-14 22:42:00,KTRA
0.4601,0.4601,0.4601,0.4601,100,2022-01-14 23:25:00,KTRA
0.4601,0.4601,0.4601,0.4601,100,2022-01-18 09:28:00,KTRA
0.46,0.46,0.46,0.46,2000,2022-01-18 12:09:00,KTRA
0.4601,0.4601,0.4601,0.4601,200,2022-01-18 12:55:00,KTRA
0.46,0.46,0.46,0.46,2116,2022-01-18 13:20:00,KTRA
0.46,0.4601,0.4501,0.450201,20888,2022-01-18 14:30:00,KTRA
0.46,0.46,0.4501,0.46,900,2022-01-18 14:32:00,KTRA
0.4511,0.4511,0.45,0.45,7087,2022-01-18 14:33:00,KTRA
0.4411,0.4411,0.4411,0.4411,1200,2022-01-18 14:34:00,KTRA
0.4512,0.4512,0.4512,0.4512,1000,2022-01-18 14:36:00,KTRA
0.45,0.45,0.45,0.45,636,2022-01-18 14:38:00,KTRA
0.45505,0.45505,0.45505,0.45505,175,2022-01-18 14:43:00,KTRA
0.4601,0.4601,0.45,0.4601,790,2022-01-18 14:47:00,KTRA
0.45505,0.45505,0.45,0.45,500,2022-01-18 14:48:00,KTRA
0.4601,0.4694,0.4475,0.4475,25300,2022-01-18 14:50:00,KTRA
0.4511,0.4511,0.4511,0.4511,100,2022-01-18 14:55:00,KTRA
0.455845,0.455845,0.451,0.451,3230,2022-01-18 14:57:00,KTRA
0.4512,0.4512,0.4512,0.4512,10000,2022-01-18 14:58:00,KTRA
0.4613,0.4613,0.4613,0.4613,100,2022-01-18 15:02:00,KTRA
0.47,0.47,0.47,0.47,400,2022-01-18 15:05:00,KTRA
0.46,0.46,0.4526,0.4526,1200,2022-01-18 15:07:00,KTRA
0.4598,0.4598,0.4598,0.4598,1000,2022-01-18 15:10:00,KTRA
0.4527,0.4527,0.4527,0.4527,100,2022-01-18 15:12:00,KTRA
0.4599,0.471,0.4599,0.47,50850,2022-01-18 15:16:00,KTRA
0.4699,0.4705,0.4696,0.4705,12200,2022-01-18 15:17:00,KTRA
0.4705,0.471,0.46275,0.46275,13200,2022-01-18 15:20:00,KTRA
0.4601,0.4601,0.4601,0.4601,236,2022-01-18 15:23:00,KTRA
0.4628,0.4628,0.4628,0.4628,112,2022-01-18 15:30:00,KTRA
0.4638,0.46635,0.46,0.46,3599,2022-01-18 15:47:00,KTRA
0.46495,0.46495,0.46,0.46,1200,2022-01-18 15:50:00,KTRA
0.4602,0.4602,0.4602,0.4602,624,2022-01-18 15:51:00,KTRA
0.465151,0.465151,0.465151,0.465151,750,2022-01-18 15:55:00,KTRA
0.46,0.46,0.46,0.46,100,2022-01-18 16:00:00,KTRA
0.469799,0.469799,0.469799,0.469799,2000,2022-01-18 16:02:00,KTRA
0.4698,0.4698,0.46,0.46,2127,2022-01-18 16:08:00,KTRA
0.46,0.4601,0.46,0.4601,1195,2022-01-18 16:11:00,KTRA
0.460101,0.4676,0.46,0.46,1113,2022-01-18 16:19:00,KTRA
0.4602,0.4602,0.4582,0.4582,9803,2022-01-18 16:22:00,KTRA
0.451301,0.451301,0.451301,0.451301,3000,2022-01-18 16:24:00,KTRA
0.46259,0.46259,0.4514,0.4514,600,2022-01-18 16:31:00,KTRA
0.4516,0.4516,0.4514,0.4515,2200,2022-01-18 16:33:00,KTRA
0.4599,0.4599,0.4599,0.4599,400,2022-01-18 16:39:00,KTRA
0.4523,0.4523,0.4523,0.4523,100,2022-01-18 16:41:00,KTRA
0.451401,0.451401,0.451401,0.451401,500,2022-01-18 16:42:00,KTRA
0.4524,0.4524,0.4524,0.4524,150,2022-01-18 16:49:00,KTRA
0.4524,0.4524,0.4524,0.4524,100,2022-01-18 16:52:00,KTRA
0.452501,0.4598,0.4524,0.4524,4153,2022-01-18 16:53:00,KTRA
0.458,0.458,0.458,0.458,100,2022-01-18 16:54:00,KTRA
0.4526,0.4526,0.4524,0.4524,600,2022-01-18 16:56:00,KTRA
0.4526,0.4561,0.4526,0.4561,732,2022-01-18 16:59:00,KTRA
0.4597,0.4597,0.454225,0.454225,5408,2022-01-18 17:05:00,KTRA
0.4516,0.4516,0.4514,0.4514,3950,2022-01-18 17:06:00,KTRA
0.459699,0.459699,0.459699,0.459699,200,2022-01-18 17:15:00,KTRA
0.451501,0.451501,0.451501,0.451501,330,2022-01-18 17:17:00,KTRA
0.4596,0.4596,0.4583,0.4583,500,2022-01-18 17:20:00,KTRA
0.458333,0.4584,0.458316,0.458316,500,2022-01-18 17:21:00,KTRA
0.458316,0.4584,0.4583,0.4583,1800,2022-01-18 17:22:00,KTRA
0.4584,0.4584,0.4584,0.4584,900,2022-01-18 17:23:00,KTRA
0.4584,0.4584,0.4584,0.4584,400,2022-01-18 17:24:00,KTRA
0.465299,0.465299,0.465299,0.465299,400,2022-01-18 17:41:00,KTRA
0.4584,0.4584,0.458395,0.458395,1004,2022-01-18 17:45:00,KTRA
0.4583,0.4584,0.4583,0.4584,3555,2022-01-18 17:46:00,KTRA
0.4583,0.4592,0.4583,0.4592,3070,2022-01-18 17:53:00,KTRA
0.4597,0.4597,0.4583,0.4583,3300,2022-01-18 17:54:00,KTRA
0.4602,0.4602,0.4583,0.4583,2400,2022-01-18 18:03:00,KTRA
0.4593,0.4593,0.4593,0.4593,165,2022-01-18 18:04:00,KTRA
0.4583,0.4586,0.4583,0.4583,2600,2022-01-18 18:06:00,KTRA
0.4583,0.4589,0.4578,0.4586,6300,2022-01-18 18:07:00,KTRA
0.4583,0.4583,0.4583,0.4583,1100,2022-01-18 18:08:00,KTRA
0.4586,0.4586,0.4586,0.4586,100,2022-01-18 18:09:00,KTRA
0.4585,0.4585,0.4583,0.4583,600,2022-01-18 18:10:00,KTRA
0.4583,0.4583,0.4583,0.4583,100,2022-01-18 18:13:00,KTRA
0.4578,0.4579,0.4523,0.4524,7670,2022-01-18 18:26:00,KTRA
0.4524,0.4524,0.4524,0.4524,6632,2022-01-18 18:27:00,KTRA
0.4525,0.4525,0.4525,0.4525,1960,2022-01-18 18:30:00,KTRA
0.4524,0.4524,0.4524,0.4524,1029,2022-01-18 18:40:00,KTRA
0.455,0.455,0.4523,0.455,1836,2022-01-18 18:41:00,KTRA
0.4577,0.4577,0.4523,0.4523,1210,2022-01-18 18:45:00,KTRA
0.4523,0.4523,0.4523,0.4523,376,2022-01-18 18:49:00,KTRA
0.4523,0.4524,0.4452,0.4452,15692,2022-01-18 18:50:00,KTRA
0.4474,0.4474,0.4474,0.4474,300,2022-01-18 18:51:00,KTRA
0.4474,0.4474,0.4456,0.4456,5310,2022-01-18 18:53:00,KTRA
0.4453,0.4456,0.4453,0.4453,1190,2022-01-18 18:54:00,KTRA
0.4453,0.4453,0.4453,0.4453,182,2022-01-18 18:58:00,KTRA
0.4451,0.4451,0.4451,0.4451,1000,2022-01-18 18:59:00,KTRA
0.445101,0.445101,0.445101,0.445101,100,2022-01-18 19:06:00,KTRA
0.4451,0.4451,0.4451,0.4451,500,2022-01-18 19:07:00,KTRA
0.445,0.445,0.445,0.445,100,2022-01-18 19:10:00,KTRA
0.4451,0.4451,0.445,0.445,2000,2022-01-18 19:11:00,KTRA
0.4451,0.4451,0.4451,0.4451,1040,2022-01-18 19:12:00,KTRA
0.4451,0.4451,0.445098,0.445098,2000,2022-01-18 19:13:00,KTRA
0.4451,0.4451,0.445,0.445003,8885,2022-01-18 19:17:00,KTRA
0.445,0.445,0.4421,0.4421,12212,2022-01-18 19:22:00,KTRA
0.4424,0.4424,0.4422,0.4422,1100,2022-01-18 19:23:00,KTRA
0.4422,0.4422,0.4422,0.4422,100,2022-01-18 19:27:00,KTRA
0.4422,0.4422,0.4422,0.4422,100,2022-01-18 19:30:00,KTRA
0.4422,0.4495,0.4421,0.4421,1600,2022-01-18 19:32:00,KTRA
0.4495,0.4495,0.4495,0.4495,790,2022-01-18 19:39:00,KTRA
0.4495,0.4495,0.4495,0.4495,380,2022-01-18 19:41:00,KTRA
0.4459,0.449399,0.4459,0.449399,1200,2022-01-18 19:47:00,KTRA
0.4483,0.4483,0.4483,0.4483,100,2022-01-18 19:52:00,KTRA
0.4432,0.4432,0.4432,0.4432,2500,2022-01-18 19:58:00,KTRA
0.443,0.443,0.4421,0.4421,2449,2022-01-18 20:01:00,KTRA
0.4446,0.4446,0.4445,0.4446,5680,2022-01-18 20:02:00,KTRA
0.4446,0.4446,0.4446,0.4446,400,2022-01-18 20:03:00,KTRA
0.4447,0.4447,0.4422,0.4422,500,2022-01-18 20:17:00,KTRA
0.4447,0.4447,0.4447,0.4447,100,2022-01-18 20:25:00,KTRA
0.4447,0.4447,0.4446,0.4446,600,2022-01-18 20:30:00,KTRA
0.4447,0.4447,0.4446,0.4446,3900,2022-01-18 20:34:00,KTRA
0.4447,0.4447,0.4447,0.4447,300,2022-01-18 20:38:00,KTRA
0.4446,0.4446,0.4446,0.4446,3300,2022-01-18 20:39:00,KTRA
0.4446,0.4447,0.4446,0.4447,400,2022-01-18 20:42:00,KTRA
0.4447,0.4447,0.4421,0.4421,1450,2022-01-18 20:44:00,KTRA
0.4447,0.4447,0.4434,0.4434,1100,2022-01-18 20:49:00,KTRA
0.4447,0.4447,0.444116,0.444116,400,2022-01-18 20:51:00,KTRA
0.4434,0.4434,0.4434,0.4434,100,2022-01-18 20:55:00,KTRA
0.4447,0.4599,0.4434,0.4599,19114,2022-01-18 20:56:00,KTRA
0.4587,0.4587,0.45,0.45,1200,2022-01-18 20:59:00,KTRA
0.4533,0.4533,0.4533,0.4533,378,2022-01-18 21:00:00,KTRA
0.4651,0.4651,0.4651,0.4651,500,2022-01-18 21:56:00,KTRA
0.465,0.4651,0.465,0.465,15896,2022-01-18 21:57:00,KTRA
0.4501,0.4501,0.4501,0.4501,1000,2022-01-18 22:27:00,KTRA
0.4503,0.4503,0.4501,0.4501,1200,2022-01-18 22:51:00,KTRA
0.4706,0.4706,0.4706,0.4706,160,2022-01-19 09:20:00,KTRA
0.495,0.495,0.495,0.495,160,2022-01-19 09:28:00,KTRA
0.495,0.495,0.495,0.495,2040,2022-01-19 10:02:00,KTRA
0.5,0.5,0.5,0.5,300,2022-01-19 10:12:00,KTRA
0.51,0.51,0.51,0.51,200,2022-01-19 10:18:00,KTRA
0.54,0.54,0.54,0.54,124,2022-01-19 10:24:00,KTRA
0.54,0.54,0.54,0.54,961,2022-01-19 10:25:00,KTRA
0.54,0.54,0.54,0.54,500,2022-01-19 10:41:00,KTRA
0.5134,0.5134,0.5134,0.5134,400,2022-01-19 10:45:00,KTRA
0.47,0.47,0.46,0.47,1168,2022-01-19 10:48:00,KTRA
0.462,0.462,0.462,0.462,262,2022-01-19 10:51:00,KTRA
0.46,0.47,0.46,0.47,1355,2022-01-19 10:52:00,KTRA
0.5096,0.5096,0.5096,0.5096,100,2022-01-19 10:57:00,KTRA
0.5096,0.5134,0.5096,0.5134,2700,2022-01-19 10:59:00,KTRA
0.509,0.5134,0.509,0.5134,1730,2022-01-19 11:06:00,KTRA
0.5,0.5,0.5,0.5,1100,2022-01-19 11:07:00,KTRA
0.486,0.486,0.4815,0.4815,1061,2022-01-19 11:08:00,KTRA
0.4815,0.4815,0.4815,0.4815,1000,2022-01-19 11:09:00,KTRA
0.46,0.46,0.4544,0.4544,800,2022-01-19 11:10:00,KTRA
0.4544,0.4544,0.4544,0.4544,385,2022-01-19 11:11:00,KTRA
0.4536,0.4536,0.4536,0.4536,198,2022-01-19 12:04:00,KTRA
0.4536,0.4536,0.4536,0.4536,666,2022-01-19 12:20:00,KTRA
0.4536,0.4536,0.4536,0.4536,335,2022-01-19 12:30:00,KTRA
0.4536,0.4536,0.4536,0.4536,1800,2022-01-19 12:37:00,KTRA
0.4599,0.4599,0.4599,0.4599,5500,2022-01-19 13:02:00,KTRA
0.4536,0.4536,0.4536,0.4536,500,2022-01-19 13:13:00,KTRA
0.4536,0.4536,0.4536,0.4536,387,2022-01-19 13:27:00,KTRA
0.4511,0.4511,0.4511,0.4511,111,2022-01-19 13:44:00,KTRA
0.45,0.45,0.45,0.45,500,2022-01-19 13:45:00,KTRA
0.4432,0.4432,0.443,0.443,1489,2022-01-19 13:46:00,KTRA
0.443,0.443,0.443,0.443,613,2022-01-19 13:47:00,KTRA
0.443,0.443,0.443,0.443,3000,2022-01-19 14:03:00,KTRA
0.443,0.443,0.443,0.443,551,2022-01-19 14:14:00,KTRA
0.4533,0.4533,0.4533,0.4533,100,2022-01-19 14:27:00,KTRA
0.4473,0.4521,0.4473,0.4521,3838,2022-01-19 14:30:00,KTRA
0.443101,0.443101,0.443101,0.443101,100,2022-01-19 14:31:00,KTRA
0.4431,0.4521,0.443,0.4521,1420,2022-01-19 14:33:00,KTRA
0.446,0.446,0.445,0.445,1255,2022-01-19 14:34:00,KTRA
0.446,0.446,0.446,0.446,100,2022-01-19 14:39:00,KTRA
0.449499,0.449499,0.443,0.443,2400,2022-01-19 14:42:00,KTRA
0.4495,0.4495,0.449399,0.449399,1400,2022-01-19 14:47:00,KTRA
0.449499,0.449499,0.443,0.443,2220,2022-01-19 14:49:00,KTRA
0.4431,0.4431,0.4431,0.4431,1600,2022-01-19 14:50:00,KTRA
0.4495,0.4495,0.4495,0.4495,10000,2022-01-19 14:53:00,KTRA
0.446251,0.446251,0.446251,0.446251,183,2022-01-19 14:54:00,KTRA
0.4494,0.4494,0.443,0.443,1200,2022-01-19 14:55:00,KTRA
0.4495,0.4495,0.4494,0.4494,5000,2022-01-19 14:59:00,KTRA
0.4495,0.4563,0.4495,0.4563,9057,2022-01-19 15:00:00,KTRA
0.4559,0.4562,0.4559,0.4562,200,2022-01-19 15:04:00,KTRA
0.4566,0.4566,0.4566,0.4566,400,2022-01-19 15:06:00,KTRA
0.45,0.45,0.45,0.45,2200,2022-01-19 15:07:00,KTRA
0.45,0.4501,0.45,0.45,3000,2022-01-19 15:08:00,KTRA
0.4554,0.4554,0.4554,0.4554,100,2022-01-19 15:09:00,KTRA
0.450436,0.450436,0.45,0.45,1275,2022-01-19 15:10:00,KTRA
0.4504,0.4504,0.4497,0.4497,1200,2022-01-19 15:20:00,KTRA
0.4464,0.4464,0.4464,0.4464,100,2022-01-19 15:21:00,KTRA
0.446,0.446,0.446,0.446,1300,2022-01-19 15:25:00,KTRA
0.4469,0.4469,0.4469,0.4469,125,2022-01-19 15:27:00,KTRA
0.4431,0.444,0.443,0.444,3100,2022-01-19 15:29:00,KTRA
0.446799,0.446799,0.446799,0.446799,100,2022-01-19 15:30:00,KTRA
0.4434,0.4434,0.4431,0.4431,250,2022-01-19 15:32:00,KTRA
0.443,0.443,0.4418,0.4418,4937,2022-01-19 15:33:00,KTRA
0.4411,0.4411,0.44,0.441,5390,2022-01-19 15:34:00,KTRA
0.435,0.435,0.435,0.435,100,2022-01-19 15:36:00,KTRA
0.4351,0.4351,0.4351,0.4351,492,2022-01-19 15:37:00,KTRA
0.435,0.4351,0.4349,0.4351,7396,2022-01-19 15:38:00,KTRA
0.434,0.434,0.4333,0.4333,650,2022-01-19 15:39:00,KTRA
0.4331,0.4331,0.430101,0.430101,9060,2022-01-19 15:49:00,KTRA
0.4303,0.4303,0.4303,0.4303,250,2022-01-19 15:50:00,KTRA
0.4304,0.4381,0.43,0.4339,3139,2022-01-19 15:53:00,KTRA
0.4297,0.4297,0.4297,0.4297,100,2022-01-19 15:55:00,KTRA
0.4228,0.4239,0.4228,0.4239,25269,2022-01-19 15:58:00,KTRA
0.45,0.45,0.45,0.45,2000,2022-01-19 16:00:00,KTRA
0.4489,0.4489,0.4489,0.4489,150,2022-01-19 16:03:00,KTRA
0.4239,0.4239,0.4239,0.4239,250,2022-01-19 16:07:00,KTRA
0.42,0.447,0.42,0.447,361,2022-01-19 16:09:00,KTRA
0.433,0.433,0.433,0.433,100,2022-01-19 16:10:00,KTRA
0.4315,0.4315,0.4315,0.4315,200,2022-01-19 16:12:00,KTRA
0.4214,0.4214,0.4214,0.4214,150,2022-01-19 16:17:00,KTRA
0.42,0.42,0.42,0.42,600,2022-01-19 16:20:00,KTRA
0.44445,0.44445,0.44445,0.44445,100,2022-01-19 16:25:00,KTRA
0.4261,0.4322,0.42,0.4223,4160,2022-01-19 16:28:00,KTRA
0.4266,0.4266,0.4161,0.42,35364,2022-01-19 16:29:00,KTRA
0.4201,0.4265,0.4201,0.425,3000,2022-01-19 16:30:00,KTRA
0.425,0.425,0.42,0.425,5700,2022-01-19 16:31:00,KTRA
0.425,0.44,0.425,0.44,6200,2022-01-19 16:32:00,KTRA
0.4455,0.4455,0.44,0.44,1300,2022-01-19 16:33:00,KTRA
0.44,0.440963,0.44,0.440963,300,2022-01-19 16:34:00,KTRA
0.44,0.44,0.44,0.44,5332,2022-01-19 16:35:00,KTRA
0.4301,0.4301,0.4301,0.4301,5486,2022-01-19 16:37:00,KTRA
0.4376,0.4376,0.4376,0.4376,425,2022-01-19 16:38:00,KTRA
0.4321,0.4321,0.4302,0.4302,700,2022-01-19 16:54:00,KTRA
0.432,0.432,0.4302,0.4302,3400,2022-01-19 16:55:00,KTRA
0.4413,0.4413,0.430301,0.430301,729,2022-01-19 16:58:00,KTRA
0.4363,0.4363,0.4363,0.4363,1000,2022-01-19 17:01:00,KTRA
0.4314,0.4314,0.4314,0.4314,600,2022-01-19 17:05:00,KTRA
0.4399,0.4399,0.4399,0.4399,400,2022-01-19 17:06:00,KTRA
0.4399,0.4399,0.43505,0.43505,950,2022-01-19 17:09:00,KTRA
0.4394,0.4398,0.4359,0.4359,507,2022-01-19 17:10:00,KTRA
0.4394,0.4397,0.4394,0.4397,400,2022-01-19 17:11:00,KTRA
0.439699,0.439699,0.4359,0.4359,650,2022-01-19 17:14:00,KTRA
0.4335,0.439699,0.4321,0.4386,400,2022-01-19 17:15:00,KTRA
0.4336,0.4397,0.4336,0.435,2395,2022-01-19 17:19:00,KTRA
0.4395,0.4395,0.4395,0.4395,900,2022-01-19 17:22:00,KTRA
0.4395,0.4395,0.4395,0.4395,600,2022-01-19 17:23:00,KTRA
0.439499,0.439499,0.439499,0.439499,516,2022-01-19 17:28:00,KTRA
0.4364,0.4364,0.4364,0.4364,100,2022-01-19 17:43:00,KTRA
0.4392,0.4392,0.4336,0.4336,200,2022-01-19 17:44:00,KTRA
0.4392,0.4392,0.4336,0.4336,300,2022-01-19 17:51:00,KTRA
0.4364,0.4364,0.4336,0.4336,800,2022-01-19 17:52:00,KTRA
0.4391,0.4391,0.4391,0.4391,229,2022-01-19 17:55:00,KTRA
0.4389,0.4391,0.4381,0.4391,3000,2022-01-19 18:03:00,KTRA
0.4391,0.4391,0.4391,0.4391,1516,2022-01-19 18:04:00,KTRA
0.438,0.438,0.438,0.438,100,2022-01-19 18:05:00,KTRA
0.4336,0.4336,0.4319,0.4327,400,2022-01-19 18:23:00,KTRA
0.43,0.43,0.4249,0.4249,25820,2022-01-19 18:24:00,KTRA
0.4249,0.4269,0.42,0.4205,54337,2022-01-19 18:25:00,KTRA
0.4225,0.4225,0.4212,0.42125,600,2022-01-19 18:26:00,KTRA
0.4225,0.4314,0.4225,0.4314,1550,2022-01-19 18:27:00,KTRA
0.426951,0.426951,0.426951,0.426951,2000,2022-01-19 18:29:00,KTRA
0.4299,0.4299,0.4299,0.4299,1000,2022-01-19 18:32:00,KTRA
0.4275,0.43,0.425,0.43,14894,2022-01-19 18:35:00,KTRA
0.4251,0.4251,0.4251,0.4251,200,2022-01-19 18:37:00,KTRA
0.4299,0.4299,0.4299,0.4299,4000,2022-01-19 18:44:00,KTRA
0.4252,0.4252,0.4252,0.4252,800,2022-01-19 18:45:00,KTRA
0.4263,0.43,0.4263,0.43,414,2022-01-19 18:46:00,KTRA
0.4252,0.4252,0.4252,0.4252,200,2022-01-19 18:53:00,KTRA
0.4253,0.4253,0.4253,0.4253,150,2022-01-19 18:54:00,KTRA
0.426,0.426,0.426,0.426,100,2022-01-19 18:55:00,KTRA
0.4262,0.4262,0.4262,0.4262,2500,2022-01-19 18:57:00,KTRA
0.427999,0.427999,0.427999,0.427999,100,2022-01-19 19:03:00,KTRA
0.426,0.43,0.426,0.43,3718,2022-01-19 19:07:00,KTRA
0.429899,0.429899,0.429899,0.429899,1404,2022-01-19 19:08:00,KTRA
0.426,0.426,0.426,0.426,500,2022-01-19 19:09:00,KTRA
0.43,0.43,0.427,0.4272,1250,2022-01-19 19:12:00,KTRA
0.4271,0.4271,0.427,0.427,875,2022-01-19 19:17:00,KTRA
0.427,0.427,0.4252,0.425499,3450,2022-01-19 19:19:00,KTRA
0.4251,0.4251,0.4251,0.4251,1000,2022-01-19 19:20:00,KTRA
0.425,0.425,0.4249,0.4249,569,2022-01-19 19:21:00,KTRA
0.4235,0.4236,0.4226,0.4226,2991,2022-01-19 19:22:00,KTRA
0.4247,0.4247,0.4238,0.4238,3980,2022-01-19 19:23:00,KTRA
0.4227,0.4227,0.4227,0.4227,1400,2022-01-19 19:28:00,KTRA
0.424899,0.424899,0.424899,0.424899,100,2022-01-19 19:31:00,KTRA
0.424899,0.424899,0.424899,0.424899,100,2022-01-19 19:32:00,KTRA
0.4239,0.4239,0.4239,0.4239,230,2022-01-19 19:33:00,KTRA
0.4248,0.4248,0.4248,0.4248,1129,2022-01-19 19:36:00,KTRA
0.4227,0.425,0.4226,0.4236,2490,2022-01-19 19:38:00,KTRA
0.424999,0.424999,0.424999,0.424999,500,2022-01-19 19:42:00,KTRA
0.42495,0.42745,0.4249,0.4274,5927,2022-01-19 19:45:00,KTRA
0.4296,0.4296,0.4296,0.4296,300,2022-01-19 19:55:00,KTRA
0.4296,0.4296,0.4295,0.4295,1100,2022-01-19 19:57:00,KTRA
0.4293,0.4293,0.4267,0.4267,3900,2022-01-19 19:58:00,KTRA
0.4264,0.4264,0.42,0.42,2800,2022-01-19 19:59:00,KTRA
0.4216,0.4232,0.4216,0.4232,600,2022-01-19 20:00:00,KTRA
0.4232,0.4287,0.4232,0.4232,995,2022-01-19 20:01:00,KTRA
0.4232,0.4287,0.4232,0.42705,2895,2022-01-19 20:05:00,KTRA
0.4287,0.4287,0.4287,0.4287,2300,2022-01-19 20:06:00,KTRA
0.425,0.4287,0.4244,0.4244,2300,2022-01-19 20:07:00,KTRA
0.4244,0.4244,0.4244,0.4244,120,2022-01-19 20:09:00,KTRA
0.4285,0.4285,0.4285,0.4285,2000,2022-01-19 20:10:00,KTRA
0.4203,0.4203,0.4203,0.4203,9545,2022-01-19 20:11:00,KTRA
0.4274,0.4274,0.4274,0.4274,250,2022-01-19 20:13:00,KTRA
0.4274,0.4274,0.4274,0.4274,593,2022-01-19 20:14:00,KTRA
0.4285,0.4285,0.4274,0.4274,500,2022-01-19 20:16:00,KTRA
0.4203,0.4203,0.4203,0.4203,1000,2022-01-19 20:20:00,KTRA
0.4203,0.42435,0.4202,0.4202,600,2022-01-19 20:23:00,KTRA
0.4285,0.4285,0.4285,0.4285,1400,2022-01-19 20:24:00,KTRA
0.4284,0.4284,0.4284,0.4284,1000,2022-01-19 20:26:00,KTRA
0.4202,0.42435,0.4202,0.42435,400,2022-01-19 20:27:00,KTRA
0.4284,0.4284,0.4284,0.4284,562,2022-01-19 20:36:00,KTRA
0.4283,0.4283,0.4283,0.4283,100,2022-01-19 20:37:00,KTRA
0.4202,0.4202,0.4202,0.4202,100,2022-01-19 20:38:00,KTRA
0.4264,0.4264,0.42625,0.42625,400,2022-01-19 20:39:00,KTRA
0.426,0.426,0.426,0.426,317,2022-01-19 20:40:00,KTRA
0.4263,0.4263,0.4263,0.4263,200,2022-01-19 20:44:00,KTRA
0.4264,0.4264,0.4264,0.4264,300,2022-01-19 20:45:00,KTRA
0.4213,0.4213,0.4213,0.4213,144,2022-01-19 20:47:00,KTRA
0.4233,0.4233,0.4233,0.4233,250,2022-01-19 20:48:00,KTRA
0.426299,0.426299,0.426299,0.426299,100,2022-01-19 20:50:00,KTRA
0.4284,0.4284,0.42825,0.42825,300,2022-01-19 20:56:00,KTRA
0.428,0.428,0.4203,0.4203,1300,2022-01-19 20:59:00,KTRA
0.428,0.428,0.428,0.428,2544,2022-01-19 21:00:00,KTRA
0.42,0.42,0.42,0.42,1000,2022-01-19 21:01:00,KTRA
0.42,0.42,0.42,0.42,100,2022-01-19 21:22:00,KTRA
0.42,0.42,0.42,0.42,100,2022-01-19 21:32:00,KTRA
0.42,0.42,0.42,0.42,100,2022-01-19 21:47:00,KTRA
0.4199,0.42,0.4199,0.42,200,2022-01-19 21:48:00,KTRA
0.42,0.42,0.42,0.42,2050,2022-01-19 21:57:00,KTRA
0.4161,0.4161,0.4161,0.4161,2000,2022-01-19 22:13:00,KTRA
0.4162,0.4162,0.4162,0.4162,300,2022-01-19 22:31:00,KTRA
0.4161,0.4161,0.4112,0.4112,5700,2022-01-19 22:38:00,KTRA
0.4202,0.4202,0.4202,0.4202,1263,2022-01-20 00:31:00,KTRA
0.4201,0.4201,0.4201,0.4201,100,2022-01-20 00:37:00,KTRA
0.4685,0.4685,0.4685,0.4685,100,2022-01-20 09:06:00,KTRA
0.4884,0.4884,0.4884,0.4884,300,2022-01-20 09:13:00,KTRA
0.4403,0.4403,0.4403,0.4403,145,2022-01-20 09:18:00,KTRA
0.4403,0.4403,0.4403,0.4403,200,2022-01-20 09:21:00,KTRA
0.4403,0.4403,0.4403,0.4403,164,2022-01-20 09:50:00,KTRA
0.443,0.443,0.443,0.443,100,2022-01-20 10:57:00,KTRA
0.4399,0.4399,0.4399,0.4399,500,2022-01-20 13:03:00,KTRA
0.4399,0.4399,0.4399,0.4399,800,2022-01-20 13:09:00,KTRA
0.4384,0.4384,0.4384,0.4384,250,2022-01-20 13:20:00,KTRA
0.4399,0.4399,0.4399,0.4399,1000,2022-01-20 13:34:00,KTRA
0.4399,0.4399,0.4399,0.4399,741,2022-01-20 14:00:00,KTRA
0.4383,0.4383,0.43,0.43,850,2022-01-20 14:04:00,KTRA
0.43,0.43,0.43,0.43,420,2022-01-20 14:15:00,KTRA
0.4448,0.4497,0.44,0.44,9878,2022-01-20 14:30:00,KTRA
0.44,0.44,0.44,0.44,100,2022-01-20 14:32:00,KTRA
0.44,0.44,0.4398,0.44,7925,2022-01-20 14:34:00,KTRA
0.4389,0.44,0.4389,0.44,910,2022-01-20 14:37:00,KTRA
0.44,0.44,0.44,0.44,1000,2022-01-20 14:39:00,KTRA
0.44,0.44,0.44,0.44,5500,2022-01-20 14:40:00,KTRA
0.438,0.438,0.438,0.438,262,2022-01-20 14:43:00,KTRA
0.4371,0.4371,0.4371,0.4371,298,2022-01-20 14:44:00,KTRA
0.4376,0.4376,0.4375,0.4376,1400,2022-01-20 14:45:00,KTRA
0.4369,0.4369,0.4369,0.4369,6358,2022-01-20 14:47:00,KTRA
0.4374,0.4374,0.4374,0.4374,200,2022-01-20 14:48:00,KTRA
0.437149,0.437149,0.437149,0.437149,100,2022-01-20 14:51:00,KTRA
0.4442,0.4442,0.4442,0.4442,2381,2022-01-20 14:53:00,KTRA
0.4441,0.4442,0.4441,0.4442,1113,2022-01-20 14:55:00,KTRA
0.4402,0.445199,0.4402,0.445199,1118,2022-01-20 14:57:00,KTRA
0.4402,0.4402,0.4402,0.4402,1000,2022-01-20 15:00:00,KTRA
0.4405,0.4452,0.4405,0.4452,800,2022-01-20 15:05:00,KTRA
0.4427,0.4452,0.4402,0.4452,800,2022-01-20 15:06:00,KTRA
0.4452,0.4452,0.4452,0.4452,1000,2022-01-20 15:07:00,KTRA
0.4449,0.4449,0.4449,0.4449,100,2022-01-20 15:23:00,KTRA
0.4411,0.4448,0.4411,0.4448,1126,2022-01-20 15:25:00,KTRA
0.441101,0.441101,0.441101,0.441101,100,2022-01-20 15:26:00,KTRA
0.444799,0.444799,0.444799,0.444799,400,2022-01-20 15:39:00,KTRA
0.4429,0.4429,0.4412,0.4412,1100,2022-01-20 15:40:00,KTRA
0.4419,0.4419,0.441,0.4419,1200,2022-01-20 15:41:00,KTRA
0.441,0.441,0.4403,0.4404,3130,2022-01-20 15:43:00,KTRA
0.44445,0.4488,0.4401,0.4488,10100,2022-01-20 15:46:00,KTRA
0.441,0.4488,0.441,0.4488,367,2022-01-20 15:54:00,KTRA
0.445,0.445,0.445,0.445,156,2022-01-20 15:57:00,KTRA
0.448599,0.4487,0.448599,0.4487,639,2022-01-20 15:59:00,KTRA
0.445,0.445,0.4425,0.445,300,2022-01-20 16:00:00,KTRA
0.4448,0.4448,0.4448,0.4448,800,2022-01-20 16:03:00,KTRA
0.4413,0.4413,0.4413,0.4413,101,2022-01-20 16:26:00,KTRA
0.4401,0.4449,0.44,0.4449,14069,2022-01-20 16:27:00,KTRA
0.4446,0.4448,0.44,0.44,1741,2022-01-20 16:37:00,KTRA
0.44,0.44,0.44,0.44,301,2022-01-20 16:39:00,KTRA
0.4401,0.4401,0.44001,0.4401,19355,2022-01-20 16:55:00,KTRA
0.44005,0.44005,0.4398,0.4398,4640,2022-01-20 16:56:00,KTRA
0.4392,0.4392,0.4392,0.4392,318,2022-01-20 16:57:00,KTRA
0.4377,0.4377,0.4377,0.4377,500,2022-01-20 17:02:00,KTRA
0.4375,0.4375,0.4375,0.4375,100,2022-01-20 17:06:00,KTRA
0.4376,0.4376,0.4376,0.4376,3100,2022-01-20 17:09:00,KTRA
0.4376,0.4376,0.4376,0.4376,2300,2022-01-20 17:11:00,KTRA
0.4375,0.4375,0.4375,0.4375,400,2022-01-20 17:12:00,KTRA
0.4375,0.437599,0.4375,0.437599,617,2022-01-20 17:13:00,KTRA
0.4376,0.4376,0.4376,0.4376,1000,2022-01-20 17:18:00,KTRA
0.4375,0.4375,0.4351,0.4351,1100,2022-01-20 17:20:00,KTRA
0.43505,0.43505,0.43505,0.43505,211,2022-01-20 17:22:00,KTRA
0.4351,0.4351,0.4351,0.4351,700,2022-01-20 17:23:00,KTRA
0.4351,0.4351,0.4351,0.4351,500,2022-01-20 17:25:00,KTRA
0.4351,0.4351,0.4351,0.4351,700,2022-01-20 17:27:00,KTRA
0.4351,0.4351,0.4351,0.4351,700,2022-01-20 17:30:00,KTRA
0.4351,0.4351,0.4351,0.4351,500,2022-01-20 17:32:00,KTRA
0.4351,0.4351,0.4351,0.4351,700,2022-01-20 17:34:00,KTRA
0.4351,0.4351,0.4351,0.4351,700,2022-01-20 17:36:00,KTRA
0.4375,0.4375,0.4375,0.4375,435,2022-01-20 17:37:00,KTRA
0.4325,0.4325,0.4325,0.4325,650,2022-01-20 17:39:00,KTRA
0.4327,0.4375,0.4325,0.4325,3800,2022-01-20 17:40:00,KTRA
0.4325,0.4375,0.4325,0.4375,4979,2022-01-20 17:41:00,KTRA
0.4325,0.4325,0.4325,0.4325,800,2022-01-20 17:44:00,KTRA
0.4325,0.4454,0.4284,0.4284,20781,2022-01-20 17:45:00,KTRA
0.4281,0.4281,0.421,0.421,9263,2022-01-20 17:46:00,KTRA
0.427999,0.427999,0.427999,0.427999,117,2022-01-20 17:47:00,KTRA
0.421,0.421,0.421,0.421,1100,2022-01-20 17:50:00,KTRA
0.427,0.427,0.427,0.427,100,2022-01-20 17:51:00,KTRA
0.427925,0.427925,0.427925,0.427925,200,2022-01-20 17:52:00,KTRA
0.421,0.421,0.421,0.421,700,2022-01-20 17:53:00,KTRA
0.423,0.4281,0.4211,0.4281,16330,2022-01-20 17:54:00,KTRA
0.427,0.427,0.4211,0.4211,1751,2022-01-20 17:55:00,KTRA
0.4211,0.4211,0.4211,0.4211,500,2022-01-20 17:57:00,KTRA
0.428,0.428,0.4211,0.4211,800,2022-01-20 18:00:00,KTRA
0.4246,0.4281,0.4212,0.4212,800,2022-01-20 18:02:00,KTRA
0.4212,0.4212,0.4212,0.4212,500,2022-01-20 18:05:00,KTRA
0.4212,0.421301,0.4212,0.4212,1400,2022-01-20 18:07:00,KTRA
0.4216,0.4216,0.4216,0.4216,500,2022-01-20 18:10:00,KTRA
0.4216,0.4281,0.4216,0.4216,2100,2022-01-20 18:12:00,KTRA
0.4216,0.4216,0.4216,0.4216,1300,2022-01-20 18:15:00,KTRA
0.4216,0.4216,0.4216,0.4216,600,2022-01-20 18:17:00,KTRA
0.4216,0.427999,0.4216,0.4216,3200,2022-01-20 18:20:00,KTRA
0.4281,0.4281,0.4216,0.4216,450,2022-01-20 18:21:00,KTRA
0.4218,0.4218,0.4216,0.4216,600,2022-01-20 18:22:00,KTRA
0.4216,0.4216,0.4216,0.4216,700,2022-01-20 18:25:00,KTRA
0.4216,0.4216,0.4216,0.4216,700,2022-01-20 18:27:00,KTRA
0.426,0.426,0.4216,0.4216,294,2022-01-20 18:29:00,KTRA
0.4216,0.4216,0.4216,0.4216,600,2022-01-20 18:30:00,KTRA
0.4216,0.4216,0.4216,0.4216,700,2022-01-20 18:32:00,KTRA
0.4222,0.4222,0.4222,0.4222,700,2022-01-20 18:35:00,KTRA
0.4281,0.4281,0.4222,0.4222,1020,2022-01-20 18:37:00,KTRA
0.4222,0.4222,0.4222,0.4222,600,2022-01-20 18:40:00,KTRA
0.427999,0.427999,0.4222,0.4222,923,2022-01-20 18:42:00,KTRA
0.4222,0.4222,0.4222,0.4222,800,2022-01-20 18:45:00,KTRA
0.4222,0.4222,0.4222,0.4222,600,2022-01-20 18:47:00,KTRA
0.4223,0.4223,0.4223,0.4223,790,2022-01-20 18:50:00,KTRA
0.4223,0.4223,0.4223,0.4223,600,2022-01-20 18:52:00,KTRA
0.4223,0.4281,0.4223,0.4281,900,2022-01-20 18:55:00,KTRA
0.427999,0.427999,0.427999,0.427999,169,2022-01-20 18:56:00,KTRA
0.4253,0.4253,0.4225,0.4225,800,2022-01-20 18:57:00,KTRA
0.4225,0.4225,0.4225,0.4225,700,2022-01-20 19:00:00,KTRA
0.423,0.423,0.423,0.423,600,2022-01-20 19:01:00,KTRA
0.4225,0.4225,0.4221,0.4221,700,2022-01-20 19:02:00,KTRA
0.4222,0.4222,0.4221,0.4221,600,2022-01-20 19:04:00,KTRA
0.4221,0.4221,0.4216,0.4216,300,2022-01-20 19:07:00,KTRA
0.4216,0.4216,0.4216,0.4216,500,2022-01-20 19:08:00,KTRA
0.4216,0.4216,0.4216,0.4216,500,2022-01-20 19:09:00,KTRA
0.4265,0.4265,0.4216,0.4216,500,2022-01-20 19:10:00,KTRA
0.4216,0.4216,0.4216,0.4216,500,2022-01-20 19:11:00,KTRA
0.427,0.428,0.4216,0.4216,2122,2022-01-20 19:13:00,KTRA
0.4216,0.4216,0.4216,0.4216,500,2022-01-20 19:15:00,KTRA
0.4216,0.4216,0.4216,0.4216,600,2022-01-20 19:17:00,KTRA
0.4216,0.4216,0.4216,0.4216,500,2022-01-20 19:19:00,KTRA
0.4216,0.4216,0.4216,0.4216,700,2022-01-20 19:21:00,KTRA
0.4216,0.4216,0.4216,0.4216,500,2022-01-20 19:23:00,KTRA
0.4216,0.4216,0.4216,0.4216,200,2022-01-20 19:25:00,KTRA
0.4215,0.4215,0.4215,0.4215,600,2022-01-20 19:26:00,KTRA
0.4215,0.4215,0.4215,0.4215,500,2022-01-20 19:27:00,KTRA
0.4215,0.4215,0.4215,0.4215,700,2022-01-20 19:29:00,KTRA
0.4215,0.4215,0.4215,0.4215,500,2022-01-20 19:31:00,KTRA
0.4216,0.4216,0.4215,0.4215,1800,2022-01-20 19:32:00,KTRA
0.4215,0.4215,0.4215,0.4215,700,2022-01-20 19:33:00,KTRA
0.4239,0.4239,0.4239,0.4239,100,2022-01-20 19:34:00,KTRA
0.4215,0.4215,0.4215,0.4215,500,2022-01-20 19:35:00,KTRA
0.4215,0.4215,0.4215,0.4215,500,2022-01-20 19:36:00,KTRA
0.4215,0.428,0.421,0.421,11011,2022-01-20 19:37:00,KTRA
0.421,0.421,0.421,0.421,425,2022-01-20 19:38:00,KTRA
0.4244,0.4244,0.42,0.42,16411,2022-01-20 19:40:00,KTRA
0.42,0.42,0.4186,0.4186,930,2022-01-20 19:41:00,KTRA
0.4187,0.4187,0.4187,0.4187,500,2022-01-20 19:42:00,KTRA
0.4186,0.4187,0.4186,0.4187,600,2022-01-20 19:43:00,KTRA
0.4187,0.4187,0.4186,0.41868,4717,2022-01-20 19:44:00,KTRA
0.4186,0.4186,0.4186,0.4186,500,2022-01-20 19:46:00,KTRA
0.4187,0.4187,0.4187,0.4187,369,2022-01-20 19:47:00,KTRA
0.4186,0.4186,0.4115,0.4115,12149,2022-01-20 19:48:00,KTRA
0.4111,0.4122,0.41,0.41,18390,2022-01-20 19:49:00,KTRA
0.4101,0.4101,0.4085,0.409,12697,2022-01-20 19:50:00,KTRA
0.4086,0.4086,0.408,0.408,900,2022-01-20 19:51:00,KTRA
0.408,0.408,0.408,0.408,400,2022-01-20 19:52:00,KTRA
0.4081,0.4081,0.408,0.4081,4361,2022-01-20 19:53:00,KTRA
0.417,0.417,0.417,0.417,125,2022-01-20 19:55:00,KTRA
0.4082,0.4082,0.4082,0.4082,300,2022-01-20 19:56:00,KTRA
0.4082,0.4082,0.4082,0.4082,200,2022-01-20 19:57:00,KTRA
0.4082,0.4101,0.4082,0.4101,200,2022-01-20 19:58:00,KTRA
0.4101,0.4101,0.4101,0.4101,200,2022-01-20 19:59:00,KTRA
0.4101,0.4101,0.4101,0.4101,300,2022-01-20 20:00:00,KTRA
0.4101,0.4101,0.4101,0.4101,200,2022-01-20 20:01:00,KTRA
0.417,0.417,0.4101,0.4101,600,2022-01-20 20:02:00,KTRA
0.4101,0.4101,0.4101,0.4101,200,2022-01-20 20:03:00,KTRA
0.4102,0.4102,0.4102,0.4102,300,2022-01-20 20:04:00,KTRA
0.4102,0.4102,0.4102,0.4102,200,2022-01-20 20:05:00,KTRA
0.4102,0.416999,0.4102,0.4102,1200,2022-01-20 20:06:00,KTRA
0.4102,0.4102,0.4102,0.4102,300,2022-01-20 20:07:00,KTRA
0.4102,0.4102,0.4101,0.4101,25100,2022-01-20 20:08:00,KTRA
0.4101,0.410201,0.4101,0.4101,4800,2022-01-20 20:09:00,KTRA
0.4101,0.4101,0.4101,0.4101,300,2022-01-20 20:10:00,KTRA
0.4101,0.4101,0.4101,0.4101,300,2022-01-20 20:11:00,KTRA
0.4101,0.4101,0.4101,0.4101,300,2022-01-20 20:12:00,KTRA
0.41545,0.4169,0.41,0.41,800,2022-01-20 20:13:00,KTRA
0.41,0.41,0.41,0.41,300,2022-01-20 20:14:00,KTRA
0.41,0.41,0.41,0.41,200,2022-01-20 20:15:00,KTRA
0.408,0.408,0.408,0.408,200,2022-01-20 20:16:00,KTRA
0.408,0.408,0.408,0.408,300,2022-01-20 20:17:00,KTRA
0.408,0.408,0.408,0.408,300,2022-01-20 20:18:00,KTRA
0.408,0.408,0.408,0.408,400,2022-01-20 20:19:00,KTRA
0.408,0.408,0.408,0.408,200,2022-01-20 20:20:00,KTRA
0.408,0.409,0.408,0.4081,300,2022-01-20 20:21:00,KTRA
0.4081,0.4081,0.4081,0.4081,300,2022-01-20 20:22:00,KTRA
0.4081,0.4081,0.4081,0.4081,300,2022-01-20 20:23:00,KTRA
0.4081,0.4081,0.4081,0.4081,200,2022-01-20 20:24:00,KTRA
0.4082,0.4169,0.4082,0.4082,3100,2022-01-20 20:25:00,KTRA
0.4082,0.4085,0.4082,0.4085,8300,2022-01-20 20:26:00,KTRA
0.4085,0.4085,0.4085,0.4085,300,2022-01-20 20:27:00,KTRA
0.4085,0.4166,0.4085,0.4085,889,2022-01-20 20:28:00,KTRA
0.4085,0.4085,0.4085,0.4085,300,2022-01-20 20:29:00,KTRA
0.4085,0.4168,0.4085,0.4085,501,2022-01-20 20:30:00,KTRA
0.41,0.41,0.41,0.41,400,2022-01-20 20:31:00,KTRA
0.41,0.41,0.41,0.41,400,2022-01-20 20:32:00,KTRA
0.410101,0.415,0.41,0.41,10217,2022-01-20 20:33:00,KTRA
0.4167,0.4167,0.41,0.41,500,2022-01-20 20:34:00,KTRA
0.41,0.41,0.41,0.41,400,2022-01-20 20:35:00,KTRA
0.41,0.41,0.41,0.41,400,2022-01-20 20:36:00,KTRA
0.41,0.41,0.41,0.41,300,2022-01-20 20:37:00,KTRA
0.41,0.41,0.41,0.41,400,2022-01-20 20:38:00,KTRA
0.41,0.41,0.41,0.41,400,2022-01-20 20:39:00,KTRA
0.41,0.41,0.41,0.41,400,2022-01-20 20:40:00,KTRA
0.41,0.4168,0.41,0.41,2600,2022-01-20 20:41:00,KTRA
0.41,0.41,0.41,0.41,500,2022-01-20 20:42:00,KTRA
0.41,0.41,0.41,0.41,400,2022-01-20 20:43:00,KTRA
0.41,0.41,0.41,0.41,400,2022-01-20 20:44:00,KTRA
0.41,0.41,0.4019,0.408,57706,2022-01-20 20:45:00,KTRA
0.408,0.4166,0.408,0.408,3478,2022-01-20 20:46:00,KTRA
0.408,0.408,0.408,0.408,400,2022-01-20 20:47:00,KTRA
0.408,0.408,0.408,0.408,600,2022-01-20 20:48:00,KTRA
0.408,0.41,0.4016,0.41,25089,2022-01-20 20:49:00,KTRA
0.41,0.4165,0.41,0.41,2000,2022-01-20 20:50:00,KTRA
0.41,0.4154,0.41,0.4154,3500,2022-01-20 20:51:00,KTRA
0.41,0.413249,0.41,0.41,2250,2022-01-20 20:52:00,KTRA
0.41,0.4154,0.41,0.41,1600,2022-01-20 20:53:00,KTRA
0.41,0.4154,0.41,0.41,1080,2022-01-20 20:54:00,KTRA
0.41,0.41,0.41,0.41,2500,2022-01-20 20:55:00,KTRA
0.41,0.41,0.401,0.401,2800,2022-01-20 20:56:00,KTRA
0.401,0.4165,0.401,0.4012,1900,2022-01-20 20:57:00,KTRA
0.4012,0.4012,0.4012,0.4012,1800,2022-01-20 20:58:00,KTRA
0.4012,0.4165,0.4012,0.4015,27100,2022-01-20 20:59:00,KTRA
0.4165,0.4165,0.4065,0.4065,101620,2022-01-20 21:00:00,KTRA
0.41,0.41,0.41,0.41,983,2022-01-20 22:01:00,KTRA
0.43,0.43,0.43,0.43,111,2022-01-20 22:11:00,KTRA
0.4299,0.43,0.4299,0.43,848,2022-01-20 22:23:00,KTRA
0.43,0.43,0.43,0.43,300,2022-01-21 00:05:00,KTRA
0.4402,0.4402,0.4402,0.4402,500,2022-01-21 00:41:00,KTRA
0.44,0.44,0.44,0.44,700,2022-01-21 00:42:00,KTRA
0.4508,0.4508,0.4508,0.4508,200,2022-01-21 09:16:00,KTRA
0.47,0.47,0.47,0.47,200,2022-01-21 09:29:00,KTRA
0.4696,0.4696,0.4696,0.4696,100,2022-01-21 09:31:00,KTRA
0.47,0.47,0.47,0.47,100,2022-01-21 09:34:00,KTRA
0.4696,0.4696,0.4696,0.4696,280,2022-01-21 09:39:00,KTRA
0.4689,0.4689,0.4689,0.4689,853,2022-01-21 09:47:00,KTRA
0.4689,0.4689,0.4689,0.4689,283,2022-01-21 09:49:00,KTRA
0.4689,0.4689,0.4689,0.4689,316,2022-01-21 09:52:00,KTRA
0.467,0.467,0.467,0.467,125,2022-01-21 10:06:00,KTRA
0.467,0.467,0.467,0.467,361,2022-01-21 10:17:00,KTRA
0.467,0.467,0.467,0.467,300,2022-01-21 10:22:00,KTRA
0.4689,0.4689,0.4689,0.4689,676,2022-01-21 10:47:00,KTRA
0.46,0.4689,0.46,0.4689,15000,2022-01-21 10:56:00,KTRA
0.4689,0.4689,0.4689,0.4689,300,2022-01-21 11:05:00,KTRA
0.4699,0.4699,0.4699,0.4699,100,2022-01-21 11:15:00,KTRA
0.4699,0.47,0.4689,0.4689,805,2022-01-21 11:16:00,KTRA
0.435,0.435,0.435,0.435,477,2022-01-21 11:31:00,KTRA
0.4685,0.4685,0.4685,0.4685,491,2022-01-21 11:34:00,KTRA
0.4687,0.4687,0.4687,0.4687,1000,2022-01-21 11:36:00,KTRA
0.4687,0.4687,0.4687,0.4687,100,2022-01-21 11:45:00,KTRA
0.4499,0.4549,0.4499,0.4549,1000,2022-01-21 12:09:00,KTRA
0.442,0.442,0.435,0.435,2906,2022-01-21 12:10:00,KTRA
0.435,0.435,0.435,0.435,500,2022-01-21 12:12:00,KTRA
0.4313,0.4317,0.4313,0.4317,200,2022-01-21 12:37:00,KTRA
0.4295,0.43,0.4295,0.43,40000,2022-01-21 13:12:00,KTRA
0.43,0.43,0.43,0.43,2000,2022-01-21 13:15:00,KTRA
0.4299,0.43,0.4299,0.43,884,2022-01-21 13:21:00,KTRA
0.43,0.43,0.43,0.43,100,2022-01-21 13:33:00,KTRA
0.4202,0.4202,0.42,0.42,1501,2022-01-21 13:34:00,KTRA
0.42,0.42,0.42,0.42,699,2022-01-21 13:41:00,KTRA
0.41,0.41,0.4024,0.4024,23065,2022-01-21 14:30:00,KTRA
0.4088,0.4088,0.402,0.402,5200,2022-01-21 14:31:00,KTRA
0.4088,0.409799,0.4088,0.409799,1107,2022-01-21 14:32:00,KTRA
0.401,0.401,0.401,0.401,9400,2022-01-21 14:33:00,KTRA
0.4089,0.4089,0.4089,0.4089,2222,2022-01-21 14:34:00,KTRA
0.40545,0.40545,0.4011,0.4011,8000,2022-01-21 14:35:00,KTRA
0.4055,0.4055,0.4055,0.4055,1000,2022-01-21 14:36:00,KTRA
0.4014,0.4099,0.3935,0.4099,39795,2022-01-21 14:37:00,KTRA
0.395009,0.395009,0.395009,0.395009,2000,2022-01-21 14:39:00,KTRA
0.409899,0.409899,0.3909,0.4,12172,2022-01-21 14:40:00,KTRA
0.39,0.399799,0.39,0.399799,1711,2022-01-21 14:41:00,KTRA
0.3998,0.3998,0.382,0.3898,15321,2022-01-21 14:42:00,KTRA
0.3899,0.3899,0.3889,0.3889,15362,2022-01-21 14:43:00,KTRA
0.3899,0.3899,0.3821,0.389899,6468,2022-01-21 14:44:00,KTRA
0.3899,0.3899,0.385999,0.3899,7107,2022-01-21 14:45:00,KTRA
0.3899,0.3899,0.3889,0.3889,11466,2022-01-21 14:46:00,KTRA
0.38795,0.38795,0.38795,0.38795,305,2022-01-21 14:47:00,KTRA
0.3861,0.4,0.3861,0.3999,16180,2022-01-21 14:48:00,KTRA
0.3999,0.3999,0.3999,0.3999,1350,2022-01-21 14:49:00,KTRA
0.399799,0.3999,0.399799,0.3999,200,2022-01-21 14:50:00,KTRA
0.3999,0.3999,0.3999,0.3999,707,2022-01-21 14:52:00,KTRA
0.3998,0.3998,0.3989,0.3989,1150,2022-01-21 14:55:00,KTRA
0.394,0.3988,0.394,0.3987,915,2022-01-21 14:56:00,KTRA
0.396,0.396,0.396,0.396,217,2022-01-21 14:59:00,KTRA
0.3998,0.3998,0.3998,0.3998,100,2022-01-21 15:00:00,KTRA
0.3998,0.3999,0.3993,0.3999,1050,2022-01-21 15:03:00,KTRA
0.3989,0.3989,0.3989,0.3989,238,2022-01-21 15:05:00,KTRA
0.3989,0.3989,0.3962,0.3962,419,2022-01-21 15:06:00,KTRA
0.3956,0.3956,0.3956,0.3956,150,2022-01-21 15:07:00,KTRA
0.3974,0.3974,0.3905,0.3905,3100,2022-01-21 15:08:00,KTRA
0.391,0.391,0.391,0.391,100,2022-01-21 15:09:00,KTRA
0.393,0.3974,0.393,0.3974,1480,2022-01-21 15:10:00,KTRA
0.3912,0.3912,0.3912,0.3912,1000,2022-01-21 15:12:00,KTRA
0.3905,0.39055,0.386001,0.387,26804,2022-01-21 15:13:00,KTRA
0.3868,0.387,0.38655,0.38655,900,2022-01-21 15:14:00,KTRA
0.387,0.387,0.387,0.387,700,2022-01-21 15:16:00,KTRA
0.3869,0.3869,0.386601,0.3867,1477,2022-01-21 15:17:00,KTRA
0.3864,0.3867,0.3862,0.3862,1681,2022-01-21 15:18:00,KTRA
0.3861,0.3862,0.3861,0.3862,3656,2022-01-21 15:19:00,KTRA
0.3862,0.3862,0.3861,0.3861,11300,2022-01-21 15:20:00,KTRA
0.38615,0.38615,0.38615,0.38615,300,2022-01-21 15:21:00,KTRA
0.3862,0.3862,0.386,0.386,11215,2022-01-21 15:22:00,KTRA
0.3861,0.3861,0.3861,0.3861,300,2022-01-21 15:23:00,KTRA
0.3861,0.3861,0.386,0.386,1250,2022-01-21 15:24:00,KTRA
0.386,0.386,0.386,0.386,518,2022-01-21 15:25:00,KTRA
0.3861,0.3862,0.3861,0.3861,10900,2022-01-21 15:26:00,KTRA
0.3929,0.3929,0.3929,0.3929,400,2022-01-21 15:30:00,KTRA
0.39195,0.39195,0.39,0.39,250,2022-01-21 15:31:00,KTRA
0.39,0.3925,0.3887,0.3893,17600,2022-01-21 15:33:00,KTRA
0.389899,0.389999,0.389899,0.389999,1600,2022-01-21 15:35:00,KTRA
0.39,0.39,0.3891,0.39,6474,2022-01-21 15:36:00,KTRA
0.3885,0.39,0.3885,0.3895,13886,2022-01-21 15:37:00,KTRA
0.39,0.39,0.39,0.39,1045,2022-01-21 15:38:00,KTRA
0.39,0.3921,0.3895,0.3895,13967,2022-01-21 15:39:00,KTRA
0.39,0.39,0.39,0.39,100,2022-01-21 15:43:00,KTRA
0.39,0.39,0.39,0.39,250,2022-01-21 15:44:00,KTRA
0.39,0.39,0.39,0.39,1300,2022-01-21 15:45:00,KTRA
0.3899,0.3899,0.3899,0.3899,200,2022-01-21 15:46:00,KTRA
0.39,0.39,0.39,0.39,1500,2022-01-21 15:49:00,KTRA
0.39,0.39,0.39,0.39,3776,2022-01-21 15:52:00,KTRA
0.39,0.39,0.39,0.39,1400,2022-01-21 15:53:00,KTRA
0.39,0.39,0.3899,0.3899,9674,2022-01-21 15:56:00,KTRA
0.39,0.39,0.39,0.39,1000,2022-01-21 15:58:00,KTRA
0.39,0.39,0.39,0.39,100,2022-01-21 15:59:00,KTRA
0.393,0.393,0.3908,0.3908,1100,2022-01-21 16:01:00,KTRA
0.3927,0.39399,0.3915,0.39399,4200,2022-01-21 16:04:00,KTRA
0.394,0.3975,0.394,0.3975,1323,2022-01-21 16:05:00,KTRA
0.3969,0.3969,0.3969,0.3969,162,2022-01-21 16:06:00,KTRA
0.3969,0.4,0.3969,0.4,52400,2022-01-21 16:08:00,KTRA
0.4,0.4,0.4,0.4,9900,2022-01-21 16:09:00,KTRA
0.3999,0.4,0.3999,0.3999,1236,2022-01-21 16:10:00,KTRA
0.4,0.4,0.4,0.4,3730,2022-01-21 16:11:00,KTRA
0.3999,0.4,0.3999,0.3999,1608,2022-01-21 16:12:00,KTRA
0.4,0.4,0.4,0.4,400,2022-01-21 16:13:00,KTRA
0.4,0.4,0.4,0.4,10400,2022-01-21 16:14:00,KTRA
0.4,0.4023,0.4,0.4023,10100,2022-01-21 16:15:00,KTRA
0.4047,0.41,0.4,0.4,7400,2022-01-21 16:16:00,KTRA
0.4094,0.4099,0.4067,0.408,800,2022-01-21 16:17:00,KTRA
0.408,0.408,0.408,0.408,200,2022-01-21 16:18:00,KTRA
0.408,0.408,0.408,0.408,100,2022-01-21 16:19:00,KTRA
0.4086,0.4086,0.4086,0.4086,100,2022-01-21 16:22:00,KTRA
0.4081,0.4081,0.4,0.4,37900,2022-01-21 16:23:00,KTRA
0.400101,0.400101,0.400101,0.400101,100,2022-01-21 16:24:00,KTRA
0.4059,0.41,0.4059,0.4087,49900,2022-01-21 16:27:00,KTRA
0.4003,0.4003,0.4003,0.4003,200,2022-01-21 16:28:00,KTRA
0.4012,0.4012,0.4012,0.4012,213,2022-01-21 16:29:00,KTRA
0.4018,0.4018,0.4018,0.4018,500,2022-01-21 16:33:00,KTRA
0.4075,0.4135,0.4075,0.4135,1400,2022-01-21 16:34:00,KTRA
0.4135,0.4135,0.41,0.41,200,2022-01-21 16:35:00,KTRA
0.412,0.412,0.412,0.412,276,2022-01-21 16:36:00,KTRA
0.41,0.41,0.41,0.41,400,2022-01-21 16:40:00,KTRA
0.4178,0.4178,0.4178,0.4178,200,2022-01-21 16:41:00,KTRA
0.412,0.412,0.412,0.412,238,2022-01-21 16:44:00,KTRA
0.41,0.411,0.41,0.41,2321,2022-01-21 16:47:00,KTRA
0.41,0.41,0.41,0.41,100,2022-01-21 16:50:00,KTRA
0.412,0.412,0.412,0.412,27000,2022-01-21 16:51:00,KTRA
0.411,0.411,0.411,0.411,200,2022-01-21 16:55:00,KTRA
0.4087,0.4087,0.4087,0.4087,100,2022-01-21 16:56:00,KTRA
0.4088,0.4088,0.4088,0.4088,100,2022-01-21 16:57:00,KTRA
0.4088,0.4088,0.4088,0.4088,200,2022-01-21 16:58:00,KTRA
0.4088,0.4088,0.4034,0.4067,682,2022-01-21 17:01:00,KTRA
0.4067,0.4067,0.4067,0.4067,512,2022-01-21 17:02:00,KTRA
0.4067,0.406749,0.4067,0.4067,2400,2022-01-21 17:04:00,KTRA
0.4067,0.4067,0.4067,0.4067,1000,2022-01-21 17:05:00,KTRA
0.409899,0.409899,0.409899,0.409899,929,2022-01-21 17:11:00,KTRA
0.4099,0.4099,0.4099,0.4099,2122,2022-01-21 17:13:00,KTRA
0.4083,0.4083,0.4067,0.406809,700,2022-01-21 17:15:00,KTRA
0.4097,0.4097,0.4097,0.4097,1161,2022-01-21 17:19:00,KTRA
0.4068,0.4068,0.4068,0.4068,300,2022-01-21 17:22:00,KTRA
0.4067,0.407261,0.4067,0.4067,1200,2022-01-21 17:23:00,KTRA
0.4013,0.4013,0.4013,0.4013,2525,2022-01-21 17:36:00,KTRA
0.401201,0.401201,0.401201,0.401201,953,2022-01-21 17:39:00,KTRA
0.4055,0.4055,0.4055,0.4055,250,2022-01-21 17:41:00,KTRA
0.4013,0.4013,0.4013,0.4013,3000,2022-01-21 17:46:00,KTRA
0.4014,0.4014,0.4014,0.4014,1400,2022-01-21 17:51:00,KTRA
0.4013,0.4013,0.4013,0.4013,1857,2022-01-21 17:56:00,KTRA
0.4085,0.4085,0.4085,0.4085,139,2022-01-21 17:59:00,KTRA
0.4014,0.4014,0.4014,0.4014,500,2022-01-21 18:01:00,KTRA
0.4014,0.4014,0.4014,0.4014,400,2022-01-21 18:03:00,KTRA
0.4014,0.4096,0.4014,0.4096,4100,2022-01-21 18:09:00,KTRA
0.4013,0.4096,0.4013,0.4096,1766,2022-01-21 18:10:00,KTRA
0.4096,0.4096,0.4096,0.4096,200,2022-01-21 18:26:00,KTRA
0.401949,0.401949,0.401949,0.401949,250,2022-01-21 18:31:00,KTRA
0.4042,0.4042,0.4039,0.4039,10300,2022-01-21 18:40:00,KTRA
0.4047,0.4047,0.4039,0.4039,700,2022-01-21 18:41:00,KTRA
0.4055,0.4055,0.4055,0.4055,148,2022-01-21 18:46:00,KTRA
0.4047,0.4047,0.4039,0.4047,1500,2022-01-21 18:56:00,KTRA
0.4051,0.4051,0.4047,0.4047,600,2022-01-21 18:58:00,KTRA
0.4047,0.4051,0.4047,0.4051,900,2022-01-21 19:00:00,KTRA
0.401401,0.401401,0.401401,0.401401,3700,2022-01-21 19:11:00,KTRA
0.4024,0.4024,0.4024,0.4024,140,2022-01-21 19:13:00,KTRA
0.4046,0.4046,0.4046,0.4046,500,2022-01-21 19:14:00,KTRA
0.4035,0.4035,0.402,0.402,400,2022-01-21 19:21:00,KTRA
0.4046,0.4046,0.4046,0.4046,550,2022-01-21 19:28:00,KTRA
0.404499,0.404499,0.404499,0.404499,100,2022-01-21 19:31:00,KTRA
0.4046,0.4046,0.4046,0.4046,1047,2022-01-21 19:38:00,KTRA
0.4046,0.4046,0.4046,0.4046,277,2022-01-21 19:39:00,KTRA
0.404,0.4042,0.404,0.4042,600,2022-01-21 19:49:00,KTRA
0.4046,0.4046,0.4046,0.4046,400,2022-01-21 19:50:00,KTRA
0.4038,0.4038,0.4012,0.4012,1900,2022-01-21 19:56:00,KTRA
0.4042,0.4042,0.4041,0.4041,600,2022-01-21 19:59:00,KTRA
0.4022,0.4022,0.4012,0.4012,1250,2022-01-21 20:03:00,KTRA
0.400999,0.400999,0.400999,0.400999,124,2022-01-21 20:04:00,KTRA
0.4002,0.4011,0.4002,0.4011,2637,2022-01-21 20:05:00,KTRA
0.400849,0.401,0.4,0.4,8184,2022-01-21 20:06:00,KTRA
0.3955,0.4011,0.3955,0.4011,5000,2022-01-21 20:08:00,KTRA
0.4008,0.4008,0.4008,0.4008,500,2022-01-21 20:09:00,KTRA
0.4004,0.401,0.3994,0.3994,2200,2022-01-21 20:10:00,KTRA
0.3988,0.3988,0.391,0.391,100000,2022-01-21 20:13:00,KTRA
0.3999,0.3999,0.3999,0.3999,200,2022-01-21 20:16:00,KTRA
0.3999,0.3999,0.3999,0.3999,100,2022-01-21 20:25:00,KTRA
0.3988,0.3988,0.3988,0.3988,100,2022-01-21 20:26:00,KTRA
0.3954,0.3954,0.3954,0.3954,1000,2022-01-21 20:30:00,KTRA
0.3954,0.3954,0.3954,0.3954,400,2022-01-21 20:31:00,KTRA
0.392028,0.3954,0.392028,0.3954,309,2022-01-21 20:34:00,KTRA
0.395299,0.395299,0.395299,0.395299,200,2022-01-21 20:38:00,KTRA
0.3944,0.3944,0.3944,0.3944,100,2022-01-21 20:42:00,KTRA
0.3932,0.3932,0.3932,0.3932,500,2022-01-21 20:43:00,KTRA
0.391,0.39545,0.39,0.39,10193,2022-01-21 20:45:00,KTRA
0.3998,0.3998,0.3998,0.3998,500,2022-01-21 20:52:00,KTRA
0.39,0.3999,0.39,0.3999,40802,2022-01-21 20:53:00,KTRA
0.3981,0.3999,0.3979,0.3999,4137,2022-01-21 20:54:00,KTRA
0.3991,0.3991,0.3991,0.3991,150,2022-01-21 20:55:00,KTRA
0.3975,0.3975,0.3975,0.3975,150,2022-01-21 20:57:00,KTRA
0.3999,0.3999,0.3999,0.3999,1700,2022-01-21 20:58:00,KTRA
0.3999,0.3999,0.3999,0.3999,234,2022-01-21 20:59:00,KTRA
0.395,0.395,0.395,0.395,737,2022-01-21 21:00:00,KTRA
0.395,0.395,0.395,0.395,1000,2022-01-22 00:52:00,KTRA
0.39,0.39,0.39,0.39,500,2022-01-22 00:59:00,KTRA
0.4386,0.4386,0.4386,0.4386,100,2022-01-24 12:00:00,KTRA
0.4001,0.4001,0.4001,0.4001,486,2022-01-24 13:15:00,KTRA
0.4,0.419,0.4,0.419,400,2022-01-24 13:17:00,KTRA
0.4149,0.4149,0.4149,0.4149,200,2022-01-24 13:27:00,KTRA
0.4,0.4,0.4,0.4,340,2022-01-24 13:30:00,KTRA
0.391,0.391,0.39,0.39,1361,2022-01-24 13:31:00,KTRA
0.3998,0.3998,0.3998,0.3998,1000,2022-01-24 13:42:00,KTRA
0.3999,0.3999,0.3999,0.3999,500,2022-01-24 13:44:00,KTRA
0.3999,0.3999,0.3999,0.3999,100,2022-01-24 13:55:00,KTRA
0.39,0.39,0.39,0.39,200,2022-01-24 13:59:00,KTRA
0.3901,0.3901,0.3901,0.3901,659,2022-01-24 14:08:00,KTRA
0.4,0.4,0.4,0.4,100,2022-01-24 14:29:00,KTRA
0.3902,0.3972,0.3902,0.3902,53081,2022-01-24 14:30:00,KTRA
0.3902,0.3903,0.3902,0.3903,50113,2022-01-24 14:31:00,KTRA
0.3902,0.3902,0.3902,0.3902,30200,2022-01-24 14:32:00,KTRA
0.3902,0.3902,0.385,0.385,11835,2022-01-24 14:33:00,KTRA
0.3805,0.3805,0.379,0.379,6289,2022-01-24 14:34:00,KTRA
0.377449,0.3799,0.375,0.375,1507,2022-01-24 14:35:00,KTRA
0.375,0.375123,0.370101,0.370101,3982,2022-01-24 14:36:00,KTRA
0.375,0.3799,0.375,0.3799,771,2022-01-24 14:37:00,KTRA
0.375,0.375,0.37,0.37,17122,2022-01-24 14:38:00,KTRA
0.379799,0.379799,0.37,0.37,12049,2022-01-24 14:39:00,KTRA
0.374949,0.374949,0.37,0.37,20100,2022-01-24 14:40:00,KTRA
0.371,0.371,0.366,0.366,3940,2022-01-24 14:41:00,KTRA
0.3698,0.3698,0.3698,0.3698,100,2022-01-24 14:42:00,KTRA
0.3629,0.3629,0.355,0.359,24699,2022-01-24 14:44:00,KTRA
0.359799,0.359799,0.355299,0.3597,592,2022-01-24 14:45:00,KTRA
0.3588,0.3597,0.3505,0.3596,16032,2022-01-24 14:46:00,KTRA
0.355,0.3596,0.3505,0.3514,52067,2022-01-24 14:47:00,KTRA
0.359599,0.359599,0.35505,0.3595,613,2022-01-24 14:48:00,KTRA
0.3595,0.3595,0.35,0.3504,13170,2022-01-24 14:49:00,KTRA
0.3503,0.3504,0.3501,0.3504,9800,2022-01-24 14:50:00,KTRA
0.3504,0.3504,0.3504,0.3504,100,2022-01-24 14:51:00,KTRA
0.3504,0.3663,0.3504,0.3663,16160,2022-01-24 14:52:00,KTRA
0.3654,0.3654,0.3654,0.3654,100,2022-01-24 14:53:00,KTRA
0.351001,0.351001,0.351001,0.351001,105,2022-01-24 14:54:00,KTRA
0.36,0.36,0.36,0.36,1886,2022-01-24 14:55:00,KTRA
0.37,0.37,0.37,0.37,300,2022-01-24 14:56:00,KTRA
0.3699,0.3699,0.3699,0.3699,200,2022-01-24 14:58:00,KTRA
0.379,0.379,0.3699,0.37,12500,2022-01-24 14:59:00,KTRA
0.3601,0.37,0.3601,0.37,2764,2022-01-24 15:00:00,KTRA
0.37,0.37,0.37,0.37,514,2022-01-24 15:01:00,KTRA
0.3601,0.3601,0.3601,0.3601,100,2022-01-24 15:02:00,KTRA
0.365,0.365,0.365,0.365,100,2022-01-24 15:03:00,KTRA
0.37,0.37,0.3699,0.3699,2200,2022-01-24 15:04:00,KTRA
0.3601,0.3601,0.360001,0.360001,500,2022-01-24 15:08:00,KTRA
0.3609,0.3699,0.3601,0.3699,2900,2022-01-24 15:09:00,KTRA
0.3699,0.3699,0.3699,0.3699,100,2022-01-24 15:10:00,KTRA
0.3602,0.3699,0.3602,0.3699,5200,2022-01-24 15:13:00,KTRA
0.369799,0.3699,0.369799,0.3699,2100,2022-01-24 15:14:00,KTRA
0.3698,0.3699,0.3698,0.3699,4300,2022-01-24 15:16:00,KTRA
0.3697,0.3699,0.364951,0.3699,2623,2022-01-24 15:17:00,KTRA
0.360099,0.3699,0.36,0.3699,17200,2022-01-24 15:18:00,KTRA
0.36,0.3649,0.3506,0.3506,15800,2022-01-24 15:19:00,KTRA
0.352249,0.3576,0.352249,0.3576,8659,2022-01-24 15:20:00,KTRA
0.3543,0.3543,0.3543,0.3543,200,2022-01-24 15:22:00,KTRA
0.3574,0.3576,0.3574,0.3576,2700,2022-01-24 15:25:00,KTRA
0.3574,0.3574,0.3574,0.3574,1250,2022-01-24 15:26:00,KTRA
0.3576,0.3576,0.3576,0.3576,100,2022-01-24 15:27:00,KTRA
0.3575,0.3576,0.3575,0.3576,457,2022-01-24 15:28:00,KTRA
0.3563,0.3563,0.3563,0.3563,1250,2022-01-24 15:29:00,KTRA
0.3553,0.3556,0.3552,0.3552,1600,2022-01-24 15:32:00,KTRA
0.3594,0.3594,0.3594,0.3594,268,2022-01-24 15:33:00,KTRA
0.3594,0.3635,0.3553,0.3635,5315,2022-01-24 15:34:00,KTRA
0.3562,0.3562,0.3562,0.3562,100,2022-01-24 15:37:00,KTRA
0.36325,0.36325,0.355,0.3552,6163,2022-01-24 15:41:00,KTRA
0.35925,0.35925,0.352,0.352,9463,2022-01-24 15:42:00,KTRA
0.352399,0.3524,0.3511,0.3511,700,2022-01-24 15:43:00,KTRA
0.35105,0.3511,0.351,0.3511,700,2022-01-24 15:45:00,KTRA
0.3511,0.3511,0.3511,0.3511,100,2022-01-24 15:46:00,KTRA
0.351,0.351,0.3503,0.3503,1100,2022-01-24 15:47:00,KTRA
0.3502,0.3502,0.3502,0.3502,386,2022-01-24 15:48:00,KTRA
0.3501,0.3501,0.3501,0.3501,300,2022-01-24 15:49:00,KTRA
0.3502,0.3502,0.3502,0.3502,6645,2022-01-24 15:50:00,KTRA
0.352,0.3522,0.352,0.3522,1667,2022-01-24 15:51:00,KTRA
0.355,0.355,0.355,0.355,150,2022-01-24 15:52:00,KTRA
0.355,0.3635,0.3547,0.3547,10000,2022-01-24 15:53:00,KTRA
0.3549,0.3635,0.3549,0.3578,24700,2022-01-24 15:54:00,KTRA
0.3535,0.3535,0.3521,0.3521,3100,2022-01-24 15:55:00,KTRA
0.363399,0.363399,0.363399,0.363399,300,2022-01-24 15:57:00,KTRA
0.3635,0.3635,0.3635,0.3635,100,2022-01-24 15:59:00,KTRA
0.3635,0.3635,0.3635,0.3635,245,2022-01-24 16:00:00,KTRA
0.352201,0.3635,0.352201,0.3635,2344,2022-01-24 16:02:00,KTRA
0.3635,0.3635,0.352201,0.3578,2850,2022-01-24 16:03:00,KTRA
0.3635,0.3635,0.3635,0.3635,2200,2022-01-24 16:05:00,KTRA
0.3635,0.3635,0.3635,0.3635,600,2022-01-24 16:07:00,KTRA
0.352101,0.352101,0.352101,0.352101,400,2022-01-24 16:08:00,KTRA
0.3522,0.3635,0.3522,0.3578,8800,2022-01-24 16:09:00,KTRA
0.3634,0.3635,0.3634,0.3635,300,2022-01-24 16:10:00,KTRA
0.352101,0.352101,0.352101,0.352101,246,2022-01-24 16:12:00,KTRA
0.3521,0.3626,0.3521,0.3625,10696,2022-01-24 16:14:00,KTRA
0.3626,0.3626,0.3626,0.3626,200,2022-01-24 16:15:00,KTRA
0.3613,0.3613,0.3613,0.3613,200,2022-01-24 16:17:00,KTRA
0.36005,0.36005,0.36005,0.36005,100,2022-01-24 16:18:00,KTRA
0.36,0.36,0.35,0.35,25100,2022-01-24 16:20:00,KTRA
0.3549,0.3549,0.3523,0.3523,400,2022-01-24 16:21:00,KTRA
0.3502,0.3524,0.3502,0.3524,3401,2022-01-24 16:22:00,KTRA
0.3513,0.3513,0.3513,0.3513,200,2022-01-24 16:26:00,KTRA
0.3502,0.3513,0.3462,0.3462,23805,2022-01-24 16:29:00,KTRA
0.3456,0.3456,0.3453,0.3453,3360,2022-01-24 16:30:00,KTRA
0.3451,0.3451,0.345,0.345,500,2022-01-24 16:31:00,KTRA
0.3451,0.3451,0.3451,0.3451,300,2022-01-24 16:32:00,KTRA
0.3451,0.3451,0.3451,0.3451,1100,2022-01-24 16:33:00,KTRA
0.3451,0.3451,0.345,0.3451,18000,2022-01-24 16:34:00,KTRA
0.3491,0.35,0.3491,0.35,200,2022-01-24 16:35:00,KTRA
0.35,0.35,0.35,0.35,100,2022-01-24 16:38:00,KTRA
0.3491,0.3491,0.3491,0.3491,500,2022-01-24 16:39:00,KTRA
0.35,0.35,0.35,0.35,100,2022-01-24 16:40:00,KTRA
0.35,0.35,0.3499,0.3499,500,2022-01-24 16:41:00,KTRA
0.35,0.35,0.3491,0.3491,1814,2022-01-24 16:42:00,KTRA
0.3498,0.3498,0.3498,0.3498,1374,2022-01-24 16:43:00,KTRA
0.3499,0.3499,0.3499,0.3499,114,2022-01-24 16:47:00,KTRA
0.3461,0.34805,0.3461,0.34805,2600,2022-01-24 16:48:00,KTRA
0.35,0.35,0.3491,0.3491,300,2022-01-24 16:49:00,KTRA
0.3461,0.3461,0.3461,0.3461,100,2022-01-24 16:51:00,KTRA
0.3499,0.3499,0.3499,0.3499,100,2022-01-24 16:54:00,KTRA
0.3461,0.3461,0.3461,0.3461,100,2022-01-24 16:55:00,KTRA
0.35,0.35,0.3462,0.3462,500,2022-01-24 16:59:00,KTRA
0.3462,0.3471,0.3462,0.3462,3298,2022-01-24 17:02:00,KTRA
0.3463,0.3463,0.3462,0.3462,1700,2022-01-24 17:07:00,KTRA
0.3463,0.3463,0.3398,0.3398,40576,2022-01-24 17:08:00,KTRA
0.3461,0.3461,0.3461,0.3461,200,2022-01-24 17:10:00,KTRA
0.3461,0.3461,0.3461,0.3461,100,2022-01-24 17:11:00,KTRA
0.3461,0.3461,0.3461,0.3461,100,2022-01-24 17:12:00,KTRA
0.3461,0.3461,0.346,0.346,1200,2022-01-24 17:13:00,KTRA
0.3461,0.3461,0.3461,0.3461,1000,2022-01-24 17:15:00,KTRA
0.3461,0.3461,0.3461,0.3461,300,2022-01-24 17:17:00,KTRA
0.346,0.3461,0.346,0.3461,1928,2022-01-24 17:18:00,KTRA
0.34605,0.34605,0.34605,0.34605,100,2022-01-24 17:20:00,KTRA
0.3461,0.3461,0.346,0.346,20988,2022-01-24 17:22:00,KTRA
0.3461,0.3461,0.3461,0.3461,3000,2022-01-24 17:24:00,KTRA
0.3461,0.3461,0.34605,0.34605,800,2022-01-24 17:26:00,KTRA
0.3461,0.3461,0.3461,0.3461,1400,2022-01-24 17:29:00,KTRA
0.3461,0.3461,0.3461,0.3461,1288,2022-01-24 17:30:00,KTRA
0.3461,0.3461,0.34605,0.34605,450,2022-01-24 17:33:00,KTRA
0.3461,0.3461,0.3461,0.3461,377,2022-01-24 17:35:00,KTRA
0.3461,0.3461,0.3461,0.3461,100,2022-01-24 17:36:00,KTRA
0.3461,0.3461,0.3461,0.3461,1000,2022-01-24 17:37:00,KTRA
0.3461,0.3461,0.3404,0.346,15075,2022-01-24 17:39:00,KTRA
0.341,0.341,0.339999,0.339999,296,2022-01-24 17:40:00,KTRA
0.3395,0.3467,0.3391,0.3467,3170,2022-01-24 17:41:00,KTRA
0.339,0.339,0.339,0.339,120,2022-01-24 17:43:00,KTRA
0.339,0.3467,0.339,0.3467,2519,2022-01-24 17:46:00,KTRA
0.3468,0.3468,0.339201,0.339201,328,2022-01-24 17:47:00,KTRA
0.3462,0.3462,0.3462,0.3462,100,2022-01-24 17:48:00,KTRA
0.3468,0.3468,0.3427,0.3427,16100,2022-01-24 17:52:00,KTRA
0.3447,0.3447,0.3447,0.3447,710,2022-01-24 17:53:00,KTRA
0.3427,0.3427,0.3427,0.3427,100,2022-01-24 17:59:00,KTRA
0.3447,0.3447,0.3447,0.3447,100,2022-01-24 18:03:00,KTRA
0.3433,0.3447,0.333,0.3335,40666,2022-01-24 18:04:00,KTRA
0.3435,0.3435,0.3435,0.3435,1000,2022-01-24 18:06:00,KTRA
0.343,0.343,0.3336,0.3336,5300,2022-01-24 18:11:00,KTRA
0.342899,0.342899,0.342899,0.342899,100,2022-01-24 18:12:00,KTRA
0.343,0.343,0.34,0.3401,14300,2022-01-24 18:14:00,KTRA
0.3401,0.340801,0.3401,0.3401,4587,2022-01-24 18:15:00,KTRA
0.3402,0.3402,0.3401,0.34015,3000,2022-01-24 18:16:00,KTRA
0.3402,0.3402,0.3402,0.3402,1000,2022-01-24 18:17:00,KTRA
0.3402,0.3402,0.3402,0.3402,700,2022-01-24 18:18:00,KTRA
0.34345,0.3467,0.34345,0.3467,900,2022-01-24 18:19:00,KTRA
0.3468,0.3468,0.3468,0.3468,200,2022-01-24 18:20:00,KTRA
0.3411,0.3411,0.3411,0.3411,100,2022-01-24 18:21:00,KTRA
0.343,0.343,0.343,0.343,100,2022-01-24 18:22:00,KTRA
0.3459,0.3459,0.3411,0.3411,1700,2022-01-24 18:23:00,KTRA
0.3468,0.3468,0.3468,0.3468,350,2022-01-24 18:24:00,KTRA
0.346799,0.346799,0.346799,0.346799,143,2022-01-24 18:26:00,KTRA
0.3413,0.3413,0.3413,0.3413,1200,2022-01-24 18:27:00,KTRA
0.3467,0.3467,0.3467,0.3467,1000,2022-01-24 18:28:00,KTRA
0.34635,0.34635,0.34635,0.34635,100,2022-01-24 18:30:00,KTRA
0.3465,0.3467,0.3461,0.3466,2500,2022-01-24 18:32:00,KTRA
0.3466,0.3466,0.3465,0.3465,4172,2022-01-24 18:34:00,KTRA
0.3466,0.35,0.3466,0.35,7538,2022-01-24 18:35:00,KTRA
0.349488,0.349488,0.3491,0.3491,1600,2022-01-24 18:36:00,KTRA
0.3499,0.35,0.3467,0.35,2519,2022-01-24 18:40:00,KTRA
0.347,0.35,0.347,0.35,3516,2022-01-24 18:43:00,KTRA
0.3576,0.3576,0.3576,0.3576,100,2022-01-24 18:44:00,KTRA
0.3577,0.36,0.3577,0.36,3300,2022-01-24 18:45:00,KTRA
0.362,0.362,0.362,0.362,335,2022-01-24 18:48:00,KTRA
0.3625,0.3625,0.3625,0.3625,100,2022-01-24 18:49:00,KTRA
0.3627,0.3627,0.3625,0.3627,1631,2022-01-24 18:52:00,KTRA
0.3626,0.3626,0.3626,0.3626,100,2022-01-24 18:56:00,KTRA
0.3626,0.3626,0.3626,0.3626,1102,2022-01-24 18:58:00,KTRA
0.3627,0.3627,0.3626,0.3626,212,2022-01-24 18:59:00,KTRA
0.3627,0.3635,0.3627,0.3635,1798,2022-01-24 19:02:00,KTRA
0.3635,0.3635,0.3635,0.3635,100,2022-01-24 19:07:00,KTRA
0.3635,0.3649,0.3625,0.3625,4502,2022-01-24 19:08:00,KTRA
0.369623,0.369623,0.369623,0.369623,100,2022-01-24 19:10:00,KTRA
0.3699,0.3699,0.3628,0.3628,900,2022-01-24 19:12:00,KTRA
0.3698,0.3698,0.3698,0.3698,190,2022-01-24 19:15:00,KTRA
0.3698,0.3698,0.3698,0.3698,3000,2022-01-24 19:16:00,KTRA
0.3699,0.3699,0.3628,0.3699,700,2022-01-24 19:17:00,KTRA
0.3628,0.3628,0.3628,0.3628,100,2022-01-24 19:20:00,KTRA
0.3628,0.3628,0.3628,0.3628,100,2022-01-24 19:23:00,KTRA
0.3698,0.3698,0.3628,0.3628,2200,2022-01-24 19:27:00,KTRA
0.3628,0.3628,0.3628,0.3628,100,2022-01-24 19:30:00,KTRA
0.36635,0.36635,0.3628,0.3628,300,2022-01-24 19:31:00,KTRA
0.3628,0.3628,0.3628,0.3628,5895,2022-01-24 19:33:00,KTRA
0.3628,0.3628,0.3626,0.3626,5500,2022-01-24 19:34:00,KTRA
0.3626,0.3626,0.3625,0.3625,300,2022-01-24 19:36:00,KTRA
0.3625,0.3625,0.355,0.355,3455,2022-01-24 19:38:00,KTRA
0.3556,0.3562,0.355,0.355,1996,2022-01-24 19:39:00,KTRA
0.3589,0.3589,0.3589,0.3589,100,2022-01-24 19:41:00,KTRA
0.3628,0.3628,0.3628,0.3628,100,2022-01-24 19:44:00,KTRA
0.35999,0.3628,0.357,0.3628,3000,2022-01-24 19:45:00,KTRA
0.356,0.36,0.356,0.36,3600,2022-01-24 19:46:00,KTRA
0.36,0.3628,0.36,0.3628,11960,2022-01-24 19:47:00,KTRA
0.3628,0.3755,0.3627,0.3755,13986,2022-01-24 19:48:00,KTRA
0.3922,0.3922,0.39,0.3922,2200,2022-01-24 19:49:00,KTRA
0.3881,0.3881,0.385,0.3851,4210,2022-01-24 19:50:00,KTRA
0.3851,0.3851,0.3831,0.3831,1200,2022-01-24 19:51:00,KTRA
0.3831,0.3831,0.3831,0.3831,2000,2022-01-24 19:52:00,KTRA
0.3831,0.3921,0.3831,0.3921,1200,2022-01-24 19:53:00,KTRA
0.3831,0.3831,0.3831,0.3831,600,2022-01-24 19:54:00,KTRA
0.3831,0.3831,0.3831,0.3831,1000,2022-01-24 19:55:00,KTRA
0.3831,0.3831,0.38,0.38,2200,2022-01-24 19:56:00,KTRA
0.3781,0.378101,0.3781,0.378101,1400,2022-01-24 19:57:00,KTRA
0.378,0.378,0.375,0.375,200,2022-01-24 19:58:00,KTRA
0.377,0.377,0.37,0.37,1260,2022-01-24 20:05:00,KTRA
0.3736,0.3736,0.3736,0.3736,200,2022-01-24 20:08:00,KTRA
0.3692,0.3692,0.3692,0.3692,100,2022-01-24 20:09:00,KTRA
0.365,0.365,0.358,0.358,8600,2022-01-24 20:12:00,KTRA
0.37175,0.37175,0.37175,0.37175,400,2022-01-24 20:16:00,KTRA
0.3734,0.3734,0.365,0.365,2805,2022-01-24 20:17:00,KTRA
0.365,0.365,0.36,0.36,1000,2022-01-24 20:19:00,KTRA
0.36675,0.36675,0.36675,0.36675,200,2022-01-24 20:23:00,KTRA
0.369249,0.369249,0.3651,0.3651,1000,2022-01-24 20:27:00,KTRA
0.3692,0.36925,0.3651,0.36925,5544,2022-01-24 20:28:00,KTRA
0.36925,0.36925,0.36925,0.36925,100,2022-01-24 20:31:00,KTRA
0.3733,0.3733,0.3733,0.3733,200,2022-01-24 20:32:00,KTRA
0.36925,0.36925,0.36925,0.36925,100,2022-01-24 20:33:00,KTRA
0.372113,0.372113,0.372113,0.372113,2896,2022-01-24 20:34:00,KTRA
0.3733,0.3733,0.3733,0.3733,200,2022-01-24 20:36:00,KTRA
0.3734,0.3734,0.3734,0.3734,200,2022-01-24 20:39:00,KTRA
0.369249,0.369249,0.369249,0.369249,1000,2022-01-24 20:40:00,KTRA
0.369,0.3691,0.369,0.3691,5700,2022-01-24 20:42:00,KTRA
0.37,0.3701,0.37,0.3701,200,2022-01-24 20:45:00,KTRA
0.3701,0.3701,0.37,0.37,1100,2022-01-24 20:46:00,KTRA
0.37005,0.37005,0.37005,0.37005,100,2022-01-24 20:47:00,KTRA
0.37,0.37,0.37,0.37,100,2022-01-24 20:52:00,KTRA
0.3701,0.3701,0.3701,0.3701,1697,2022-01-24 20:55:00,KTRA
0.3701,0.3701,0.3701,0.3701,878,2022-01-24 21:00:00,KTRA
0.385,0.385,0.385,0.385,100,2022-01-24 21:10:00,KTRA
0.3698,0.3698,0.3698,0.3698,100,2022-01-24 21:16:00,KTRA
0.3658,0.3658,0.3658,0.3658,311,2022-01-24 21:51:00,KTRA
0.478,0.478,0.478,0.478,217,2022-01-25 09:15:00,KTRA
0.4701,0.4701,0.41,0.41,1006,2022-01-25 09:16:00,KTRA
0.37,0.37,0.3001,0.302,1012,2022-01-25 09:17:00,KTRA
0.4086,0.4086,0.4086,0.4086,100,2022-01-25 09:18:00,KTRA
0.4087,0.4087,0.4087,0.4087,150,2022-01-25 09:25:00,KTRA
0.4086,0.4086,0.4086,0.4086,511,2022-01-25 09:26:00,KTRA
0.4088,0.4088,0.4088,0.4088,299,2022-01-25 09:27:00,KTRA
0.4088,0.4088,0.4088,0.4088,1000,2022-01-25 09:29:00,KTRA
0.4087,0.4087,0.4087,0.4087,1000,2022-01-25 09:30:00,KTRA
0.4088,0.4088,0.4088,0.4088,100,2022-01-25 09:31:00,KTRA
0.4088,0.4088,0.4088,0.4088,140,2022-01-25 09:34:00,KTRA
0.4088,0.4088,0.4087,0.4087,1560,2022-01-25 09:36:00,KTRA
0.405,0.405,0.405,0.405,400,2022-01-25 09:38:00,KTRA
0.3995,0.3995,0.3995,0.3995,565,2022-01-25 09:41:00,KTRA
0.3982,0.3982,0.3982,0.3982,100,2022-01-25 09:46:00,KTRA
0.382,0.382,0.382,0.382,100,2022-01-25 09:55:00,KTRA
0.4023,0.4023,0.4023,0.4023,350,2022-01-25 11:27:00,KTRA
0.3975,0.3975,0.3975,0.3975,200,2022-01-25 12:51:00,KTRA
0.392,0.392,0.392,0.392,101,2022-01-25 13:06:00,KTRA
0.381,0.381,0.381,0.381,700,2022-01-25 13:35:00,KTRA
0.3805,0.3805,0.3805,0.3805,100,2022-01-25 13:48:00,KTRA
0.3805,0.3805,0.3805,0.3805,250,2022-01-25 14:16:00,KTRA
0.381,0.381,0.381,0.381,102,2022-01-25 14:22:00,KTRA
0.3805,0.3805,0.3805,0.3805,100,2022-01-25 14:24:00,KTRA
0.3741,0.3756,0.3741,0.3741,8939,2022-01-25 14:30:00,KTRA
0.3741,0.3741,0.374,0.374,7001,2022-01-25 14:31:00,KTRA
0.3741,0.3741,0.3741,0.3741,5100,2022-01-25 14:32:00,KTRA
0.3741,0.3741,0.3741,0.3741,100,2022-01-25 14:33:00,KTRA
0.381,0.381,0.381,0.381,350,2022-01-25 14:34:00,KTRA
0.3805,0.39,0.3718,0.3719,9955,2022-01-25 14:36:00,KTRA
0.375,0.38,0.375,0.38,7300,2022-01-25 14:39:00,KTRA
0.38,0.38,0.38,0.38,1300,2022-01-25 14:40:00,KTRA
0.3806,0.3806,0.37,0.37,14580,2022-01-25 14:42:00,KTRA
0.36,0.369799,0.36,0.365,1563,2022-01-25 14:43:00,KTRA
0.3699,0.3699,0.3699,0.3699,12833,2022-01-25 14:44:00,KTRA
0.369,0.369,0.369,0.369,548,2022-01-25 14:51:00,KTRA
0.3699,0.3699,0.3699,0.3699,20000,2022-01-25 14:52:00,KTRA
0.3699,0.3699,0.3698,0.3698,5050,2022-01-25 14:58:00,KTRA
0.3697,0.3699,0.3697,0.3699,30628,2022-01-25 15:01:00,KTRA
0.369899,0.369899,0.3697,0.3697,342,2022-01-25 15:02:00,KTRA
0.3602,0.3602,0.3602,0.3602,400,2022-01-25 15:05:00,KTRA
0.3689,0.3689,0.3689,0.3689,400,2022-01-25 15:07:00,KTRA
0.3612,0.3612,0.3612,0.3612,500,2022-01-25 15:10:00,KTRA
0.3694,0.3694,0.3694,0.3694,300,2022-01-25 15:12:00,KTRA
0.3694,0.3694,0.3689,0.369,10625,2022-01-25 15:14:00,KTRA
0.3689,0.3689,0.3659,0.3672,13800,2022-01-25 15:19:00,KTRA
0.36615,0.36615,0.366,0.366,300,2022-01-25 15:20:00,KTRA
0.366,0.366,0.366,0.366,1318,2022-01-25 15:21:00,KTRA
0.366,0.366,0.366,0.366,100,2022-01-25 15:23:00,KTRA
0.366,0.366,0.366,0.366,800,2022-01-25 15:24:00,KTRA
0.366699,0.366699,0.3661,0.3661,2995,2022-01-25 15:25:00,KTRA
0.3661,0.3661,0.366098,0.3661,560,2022-01-25 15:26:00,KTRA
0.3661,0.3699,0.3661,0.3699,1100,2022-01-25 15:28:00,KTRA
0.375499,0.375499,0.375499,0.375499,250,2022-01-25 15:29:00,KTRA
0.3663,0.3663,0.3663,0.3663,792,2022-01-25 15:33:00,KTRA
0.3789,0.3789,0.3775,0.3779,700,2022-01-25 15:42:00,KTRA
0.38245,0.38245,0.381275,0.381275,700,2022-01-25 15:43:00,KTRA
0.38245,0.38245,0.38245,0.38245,100,2022-01-25 15:44:00,KTRA
0.38,0.38,0.38,0.38,800,2022-01-25 15:46:00,KTRA
0.38,0.3849,0.3755,0.3755,14409,2022-01-25 15:58:00,KTRA
0.3746,0.3755,0.3746,0.3755,1100,2022-01-25 16:00:00,KTRA
0.3746,0.3746,0.3746,0.3746,333,2022-01-25 16:06:00,KTRA
0.3728,0.3728,0.3728,0.3728,100,2022-01-25 16:08:00,KTRA
0.3754,0.3754,0.3754,0.3754,575,2022-01-25 16:16:00,KTRA
0.3755,0.3755,0.3727,0.3727,1550,2022-01-25 16:26:00,KTRA
0.3754,0.3754,0.37,0.37,30200,2022-01-25 16:38:00,KTRA
0.3754,0.3754,0.3754,0.3754,100,2022-01-25 16:40:00,KTRA
0.3754,0.3754,0.3754,0.3754,3525,2022-01-25 16:41:00,KTRA
0.37,0.37,0.37,0.37,4000,2022-01-25 16:43:00,KTRA
0.3743,0.3753,0.3743,0.3753,250,2022-01-25 16:44:00,KTRA
0.3753,0.3753,0.3662,0.3662,19200,2022-01-25 16:45:00,KTRA
0.3677,0.3677,0.3677,0.3677,100,2022-01-25 16:46:00,KTRA
0.3663,0.3663,0.3662,0.3662,900,2022-01-25 16:47:00,KTRA
0.36605,0.3661,0.36605,0.3661,2016,2022-01-25 16:57:00,KTRA
0.3661,0.36955,0.3661,0.36955,250,2022-01-25 17:00:00,KTRA
0.3702,0.3702,0.3702,0.3702,500,2022-01-25 17:01:00,KTRA
0.385,0.385,0.385,0.385,143,2022-01-25 17:07:00,KTRA
0.3663,0.3663,0.3663,0.3663,1693,2022-01-25 17:08:00,KTRA
0.38,0.38,0.38,0.38,400,2022-01-25 17:17:00,KTRA
0.3847,0.3849,0.3847,0.3849,1321,2022-01-25 17:18:00,KTRA
0.376,0.376,0.376,0.376,100,2022-01-25 17:23:00,KTRA
0.375,0.375,0.375,0.375,100,2022-01-25 17:27:00,KTRA
0.376,0.376,0.376,0.376,1551,2022-01-25 17:29:00,KTRA
0.373699,0.373699,0.373699,0.373699,300,2022-01-25 17:37:00,KTRA
0.372,0.372,0.3716,0.3716,840,2022-01-25 17:38:00,KTRA
0.3716,0.3716,0.3716,0.3716,1300,2022-01-25 17:40:00,KTRA
0.3759,0.3759,0.3759,0.3759,500,2022-01-25 17:45:00,KTRA
0.3745,0.3745,0.37225,0.37225,2880,2022-01-25 17:50:00,KTRA
0.3716,0.3716,0.3716,0.3716,1560,2022-01-25 17:53:00,KTRA
0.3716,0.3716,0.3716,0.3716,200,2022-01-25 17:55:00,KTRA
0.3715,0.3715,0.37,0.3703,10100,2022-01-25 18:01:00,KTRA
0.37005,0.37005,0.37005,0.37005,200,2022-01-25 18:03:00,KTRA
0.3701,0.3701,0.3701,0.3701,250,2022-01-25 18:05:00,KTRA
0.37005,0.37005,0.37005,0.37005,100,2022-01-25 18:13:00,KTRA
0.3701,0.3701,0.3701,0.3701,1000,2022-01-25 18:15:00,KTRA
0.3701,0.3701,0.3701,0.3701,600,2022-01-25 18:17:00,KTRA
0.3701,0.3701,0.37,0.3701,500,2022-01-25 18:19:00,KTRA
0.3701,0.3701,0.3701,0.3701,100,2022-01-25 18:20:00,KTRA
0.3701,0.3701,0.3701,0.3701,271,2022-01-25 18:22:00,KTRA
0.3701,0.3701,0.3701,0.3701,4100,2022-01-25 18:23:00,KTRA
0.37,0.37,0.3693,0.3693,4200,2022-01-25 18:24:00,KTRA
0.3678,0.3745,0.3678,0.3745,15007,2022-01-25 18:25:00,KTRA
0.3711,0.376,0.3711,0.3745,1000,2022-01-25 18:26:00,KTRA
0.38235,0.385,0.38235,0.385,1600,2022-01-25 18:27:00,KTRA
0.385,0.3874,0.3849,0.3849,2700,2022-01-25 18:28:00,KTRA
0.385,0.385,0.385,0.385,2600,2022-01-25 18:29:00,KTRA
0.385,0.385,0.38,0.38,9600,2022-01-25 18:30:00,KTRA
0.3825,0.3825,0.38,0.3801,7150,2022-01-25 18:31:00,KTRA
0.38,0.38,0.3756,0.3756,5950,2022-01-25 18:36:00,KTRA
0.3701,0.375,0.3701,0.375,500,2022-01-25 18:38:00,KTRA
0.375,0.375,0.375,0.375,100,2022-01-25 18:41:00,KTRA
0.3702,0.3702,0.3702,0.3702,1400,2022-01-25 18:48:00,KTRA
0.3739,0.3739,0.3739,0.3739,300,2022-01-25 18:57:00,KTRA
0.3706,0.3706,0.3706,0.3706,1000,2022-01-25 19:03:00,KTRA
0.370701,0.370701,0.370701,0.370701,5000,2022-01-25 19:06:00,KTRA
0.37275,0.3749,0.37275,0.3749,10200,2022-01-25 19:07:00,KTRA
0.3749,0.3819,0.3749,0.3819,3150,2022-01-25 19:13:00,KTRA
0.3763,0.3763,0.3763,0.3763,100,2022-01-25 19:16:00,KTRA
0.3841,0.3841,0.3841,0.3841,500,2022-01-25 19:19:00,KTRA
0.3842,0.3842,0.3842,0.3842,4658,2022-01-25 19:20:00,KTRA
0.3842,0.3842,0.3842,0.3842,12000,2022-01-25 19:24:00,KTRA
0.3774,0.3774,0.3774,0.3774,300,2022-01-25 19:25:00,KTRA
0.3842,0.3842,0.37835,0.37835,1185,2022-01-25 19:27:00,KTRA
0.3842,0.385,0.3842,0.385,4000,2022-01-25 19:29:00,KTRA
0.3849,0.385,0.3821,0.3821,6480,2022-01-25 19:32:00,KTRA
0.38305,0.38305,0.383049,0.383049,1300,2022-01-25 19:33:00,KTRA
0.3849,0.3849,0.3811,0.3811,1100,2022-01-25 19:34:00,KTRA
0.38305,0.38305,0.38305,0.38305,300,2022-01-25 19:35:00,KTRA
0.382,0.382,0.382,0.382,230,2022-01-25 19:38:00,KTRA
0.3814,0.38305,0.3811,0.3814,6600,2022-01-25 19:40:00,KTRA
0.3805,0.381,0.3805,0.381,2500,2022-01-25 19:41:00,KTRA
0.3805,0.3805,0.38,0.38,470,2022-01-25 19:44:00,KTRA
0.380499,0.380499,0.380499,0.380499,1000,2022-01-25 19:45:00,KTRA
0.381,0.381,0.3805,0.3805,1452,2022-01-25 19:46:00,KTRA
0.384799,0.384799,0.384799,0.384799,7200,2022-01-25 19:53:00,KTRA
0.3849,0.3849,0.3849,0.3849,1100,2022-01-25 19:55:00,KTRA
0.3849,0.3849,0.3849,0.3849,100,2022-01-25 19:56:00,KTRA
0.3849,0.385,0.3827,0.3827,20750,2022-01-25 19:57:00,KTRA
0.385,0.385,0.385,0.385,1197,2022-01-25 19:58:00,KTRA
0.385,0.385,0.385,0.385,400,2022-01-25 19:59:00,KTRA
0.38285,0.38285,0.38285,0.38285,100,2022-01-25 20:00:00,KTRA
0.382849,0.382849,0.382849,0.382849,200,2022-01-25 20:11:00,KTRA
0.3849,0.3849,0.382849,0.382849,500,2022-01-25 20:12:00,KTRA
0.3831,0.38405,0.383,0.383,3375,2022-01-25 20:22:00,KTRA
0.383999,0.383999,0.383999,0.383999,235,2022-01-25 20:25:00,KTRA
0.3849,0.3849,0.384,0.3848,900,2022-01-25 20:29:00,KTRA
0.383,0.384,0.3826,0.3826,10000,2022-01-25 20:30:00,KTRA
0.3899,0.3899,0.3899,0.3899,200,2022-01-25 20:31:00,KTRA
0.3899,0.3899,0.3899,0.3899,100,2022-01-25 20:32:00,KTRA
0.383,0.3899,0.383,0.388,8200,2022-01-25 20:33:00,KTRA
0.388,0.396,0.388,0.396,5400,2022-01-25 20:34:00,KTRA
0.396,0.401,0.396,0.401,5760,2022-01-25 20:35:00,KTRA
0.401,0.402,0.4,0.4,16500,2022-01-25 20:36:00,KTRA
0.4,0.402,0.399,0.4019,6905,2022-01-25 20:37:00,KTRA
0.4019,0.402,0.4019,0.402,5300,2022-01-25 20:38:00,KTRA
0.402,0.402,0.402,0.402,100,2022-01-25 20:40:00,KTRA
0.4,0.4,0.399,0.399,827,2022-01-25 20:42:00,KTRA
0.4,0.4,0.4,0.4,100,2022-01-25 20:43:00,KTRA
0.399799,0.399799,0.399799,0.399799,300,2022-01-25 20:47:00,KTRA
0.3979,0.3979,0.3939,0.3939,3800,2022-01-25 20:55:00,KTRA
0.3901,0.3901,0.3901,0.3901,250,2022-01-25 20:56:00,KTRA
0.3979,0.3979,0.3979,0.3979,777,2022-01-25 20:57:00,KTRA
0.3969,0.3969,0.3969,0.3969,200,2022-01-25 20:58:00,KTRA
0.3979,0.3979,0.3979,0.3979,756,2022-01-25 21:00:00,KTRA
0.3978,0.3978,0.3978,0.3978,345,2022-01-25 21:35:00,KTRA
0.3979,0.4,0.3979,0.4,4150,2022-01-25 21:54:00,KTRA
0.4,0.4,0.4,0.4,500,2022-01-25 22:13:00,KTRA
0.4001,0.4001,0.4001,0.4001,500,2022-01-25 22:29:00,KTRA
0.4,0.4,0.4,0.4,350,2022-01-25 22:31:00,KTRA
0.39,0.39,0.39,0.39,400,2022-01-25 23:37:00,KTRA
0.45,0.45,0.45,0.45,146,2022-01-26 09:11:00,KTRA
0.3976,0.3976,0.3976,0.3976,300,2022-01-26 09:41:00,KTRA
0.3976,0.3976,0.3976,0.3976,190,2022-01-26 11:00:00,KTRA
0.3976,0.3976,0.3976,0.3976,100,2022-01-26 11:34:00,KTRA
0.39,0.3906,0.39,0.3906,400,2022-01-26 13:02:00,KTRA
0.3905,0.3905,0.3905,0.3905,100,2022-01-26 13:23:00,KTRA
0.3917,0.3941,0.3917,0.3941,5126,2022-01-26 14:30:00,KTRA
0.3945,0.3945,0.3945,0.3945,100,2022-01-26 14:31:00,KTRA
0.3938,0.3938,0.391799,0.3919,8300,2022-01-26 14:33:00,KTRA
0.3905,0.3919,0.39,0.3919,15100,2022-01-26 14:34:00,KTRA
0.39,0.39,0.39,0.39,1158,2022-01-26 14:35:00,KTRA
0.39,0.39,0.39,0.39,940,2022-01-26 14:36:00,KTRA
0.3833,0.3833,0.3833,0.3833,100,2022-01-26 14:39:00,KTRA
0.3909,0.3909,0.3909,0.3909,400,2022-01-26 14:40:00,KTRA
0.391,0.3919,0.391,0.3919,2100,2022-01-26 14:47:00,KTRA
0.3919,0.3959,0.3919,0.3959,9479,2022-01-26 14:48:00,KTRA
0.396799,0.396799,0.396799,0.396799,1000,2022-01-26 14:49:00,KTRA
0.392,0.392,0.392,0.392,10000,2022-01-26 14:50:00,KTRA
0.3969,0.3969,0.3969,0.3969,100,2022-01-26 14:51:00,KTRA
0.3969,0.3969,0.3969,0.3969,200,2022-01-26 14:53:00,KTRA
0.3969,0.3969,0.3969,0.3969,200,2022-01-26 14:54:00,KTRA
0.3969,0.3969,0.3969,0.3969,100,2022-01-26 14:55:00,KTRA
0.395851,0.395851,0.395851,0.395851,4000,2022-01-26 14:56:00,KTRA
0.3969,0.3969,0.3969,0.3969,100,2022-01-26 14:57:00,KTRA
0.39545,0.3976,0.39545,0.3976,870,2022-01-26 15:00:00,KTRA
0.3968,0.3968,0.3968,0.3968,200,2022-01-26 15:01:00,KTRA
0.3978,0.3978,0.3977,0.3978,4529,2022-01-26 15:03:00,KTRA
0.3999,0.3999,0.3999,0.3999,1321,2022-01-26 15:08:00,KTRA
0.3989,0.3989,0.3977,0.3977,13813,2022-01-26 15:13:00,KTRA
0.4,0.4,0.3975,0.3975,1050,2022-01-26 15:14:00,KTRA
0.3975,0.3975,0.3975,0.3975,250,2022-01-26 15:16:00,KTRA
0.399899,0.399899,0.3983,0.3983,2100,2022-01-26 15:23:00,KTRA
0.4,0.4,0.3966,0.4,16200,2022-01-26 15:24:00,KTRA
0.4,0.412,0.4,0.412,21725,2022-01-26 15:25:00,KTRA
0.412,0.429,0.412,0.4277,16800,2022-01-26 15:26:00,KTRA
0.4277,0.43,0.42,0.4201,15299,2022-01-26 15:27:00,KTRA
0.4299,0.43,0.4289,0.43,1254,2022-01-26 15:28:00,KTRA
0.423101,0.4288,0.4201,0.4201,28447,2022-01-26 15:29:00,KTRA
0.4201,0.428,0.4201,0.428,1065,2022-01-26 15:30:00,KTRA
0.425,0.425,0.425,0.425,300,2022-01-26 15:31:00,KTRA
0.4231,0.425,0.42,0.42,2550,2022-01-26 15:33:00,KTRA
0.418,0.4224,0.415,0.415,4550,2022-01-26 15:34:00,KTRA
0.42,0.42,0.413,0.415,7400,2022-01-26 15:35:00,KTRA
0.415,0.415,0.415,0.415,500,2022-01-26 15:36:00,KTRA
0.415,0.415,0.41,0.41,1500,2022-01-26 15:37:00,KTRA
0.41,0.41,0.4099,0.4099,600,2022-01-26 15:38:00,KTRA
0.418365,0.418365,0.418365,0.418365,275,2022-01-26 15:39:00,KTRA
0.419899,0.419899,0.4101,0.4101,1480,2022-01-26 15:47:00,KTRA
0.410201,0.410201,0.410201,0.410201,2000,2022-01-26 15:54:00,KTRA
0.4199,0.4199,0.4199,0.4199,1000,2022-01-26 15:55:00,KTRA
0.418412,0.418412,0.4151,0.4151,4350,2022-01-26 15:56:00,KTRA
0.410401,0.410401,0.410401,0.410401,100,2022-01-26 15:57:00,KTRA
0.4199,0.4199,0.411,0.411,1600,2022-01-26 15:58:00,KTRA
0.411101,0.411101,0.411101,0.411101,2209,2022-01-26 16:03:00,KTRA
0.4199,0.4199,0.4199,0.4199,10000,2022-01-26 16:04:00,KTRA
0.415699,0.415699,0.415699,0.415699,600,2022-01-26 16:05:00,KTRA
0.4157,0.4157,0.4157,0.4157,100,2022-01-26 16:07:00,KTRA
0.4156,0.4156,0.4018,0.4018,6351,2022-01-26 16:12:00,KTRA
0.4004,0.4004,0.4004,0.4004,200,2022-01-26 16:13:00,KTRA
0.405,0.405,0.405,0.405,754,2022-01-26 16:22:00,KTRA
0.4083,0.4083,0.4072,0.4072,332,2022-01-26 16:23:00,KTRA
0.409,0.4094,0.4072,0.409,17307,2022-01-26 16:24:00,KTRA
0.4189,0.4189,0.4095,0.4095,250,2022-01-26 16:30:00,KTRA
0.42,0.42,0.42,0.42,2000,2022-01-26 16:34:00,KTRA
0.408,0.408,0.408,0.408,100,2022-01-26 16:38:00,KTRA
0.4135,0.4135,0.4135,0.4135,700,2022-01-26 16:40:00,KTRA
0.40701,0.40701,0.40701,0.40701,300,2022-01-26 16:54:00,KTRA
0.41,0.41,0.4,0.4004,13800,2022-01-26 17:03:00,KTRA
0.409799,0.409799,0.409799,0.409799,432,2022-01-26 17:10:00,KTRA
0.4099,0.4189,0.4099,0.4099,2370,2022-01-26 17:11:00,KTRA
0.4083,0.4083,0.4083,0.4083,250,2022-01-26 17:18:00,KTRA
0.404899,0.404899,0.404899,0.404899,200,2022-01-26 17:27:00,KTRA
0.4084,0.4084,0.4084,0.4084,200,2022-01-26 17:31:00,KTRA
0.4199,0.4199,0.4199,0.4199,200,2022-01-26 17:38:00,KTRA
0.4199,0.4199,0.4199,0.4199,100,2022-01-26 17:43:00,KTRA
0.4149,0.4149,0.4149,0.4149,400,2022-01-26 17:44:00,KTRA
0.4105,0.4105,0.4105,0.4105,1100,2022-01-26 17:46:00,KTRA
0.4105,0.4105,0.405,0.405,700,2022-01-26 17:48:00,KTRA
0.4104,0.4137,0.41,0.41,27765,2022-01-26 17:50:00,KTRA
0.4149,0.4149,0.4149,0.4149,100,2022-01-26 17:51:00,KTRA
0.41485,0.41485,0.41485,0.41485,100,2022-01-26 17:53:00,KTRA
0.41,0.4125,0.41,0.4125,9475,2022-01-26 17:54:00,KTRA
0.4136,0.4136,0.4136,0.4136,260,2022-01-26 17:56:00,KTRA
0.414799,0.414799,0.414799,0.414799,2500,2022-01-26 17:58:00,KTRA
0.4125,0.4125,0.4125,0.4125,200,2022-01-26 17:59:00,KTRA
0.4125,0.4125,0.41,0.4124,4626,2022-01-26 18:03:00,KTRA
0.4124,0.4124,0.4118,0.4118,4000,2022-01-26 18:04:00,KTRA
0.4118,0.4118,0.4118,0.4118,2250,2022-01-26 18:13:00,KTRA
0.4112,0.4112,0.4054,0.4054,15329,2022-01-26 18:21:00,KTRA
0.4099,0.4099,0.4099,0.4099,100,2022-01-26 18:23:00,KTRA
0.4099,0.4099,0.4099,0.4099,100,2022-01-26 18:26:00,KTRA
0.405401,0.405401,0.405401,0.405401,100,2022-01-26 18:28:00,KTRA
0.4099,0.4099,0.4099,0.4099,2500,2022-01-26 18:32:00,KTRA
0.40989,0.40989,0.40989,0.40989,100,2022-01-26 18:35:00,KTRA
0.4099,0.4099,0.4099,0.4099,1103,2022-01-26 18:36:00,KTRA
0.410101,0.410101,0.410101,0.410101,7900,2022-01-26 19:03:00,KTRA
0.4125,0.4125,0.4125,0.4125,800,2022-01-26 19:05:00,KTRA
0.414,0.4144,0.414,0.414,2900,2022-01-26 19:09:00,KTRA
0.41,0.41,0.4099,0.4099,3200,2022-01-26 19:14:00,KTRA
0.4099,0.4099,0.4099,0.4099,800,2022-01-26 19:27:00,KTRA
0.409999,0.409999,0.409999,0.409999,1000,2022-01-26 19:28:00,KTRA
0.41,0.41,0.41,0.41,300,2022-01-26 19:30:00,KTRA
0.40645,0.40645,0.40645,0.40645,1000,2022-01-26 19:33:00,KTRA
0.4054,0.4054,0.4052,0.4052,450,2022-01-26 19:34:00,KTRA
0.405,0.405,0.4049,0.4049,500,2022-01-26 19:36:00,KTRA
0.40425,0.40425,0.40425,0.40425,113,2022-01-26 19:37:00,KTRA
0.4075,0.4075,0.4075,0.4075,200,2022-01-26 19:39:00,KTRA
0.4021,0.4021,0.4,0.4,700,2022-01-26 19:45:00,KTRA
0.4037,0.4037,0.4,0.403,1100,2022-01-26 20:00:00,KTRA
0.4,0.4037,0.4,0.4,4847,2022-01-26 20:01:00,KTRA
0.3984,0.3984,0.397,0.397,1885,2022-01-26 20:02:00,KTRA
0.3973,0.3973,0.3973,0.3973,100,2022-01-26 20:03:00,KTRA
0.3978,0.3978,0.3974,0.3974,600,2022-01-26 20:04:00,KTRA
0.3983,0.3983,0.3983,0.3983,100,2022-01-26 20:05:00,KTRA
0.3935,0.3935,0.3935,0.3935,200,2022-01-26 20:06:00,KTRA
0.391401,0.3935,0.391401,0.3935,1800,2022-01-26 20:09:00,KTRA
0.3935,0.3935,0.3935,0.3935,500,2022-01-26 20:10:00,KTRA
0.3959,0.3959,0.39,0.3935,2175,2022-01-26 20:12:00,KTRA
0.3937,0.3937,0.3937,0.3937,1000,2022-01-26 20:17:00,KTRA
0.3935,0.3935,0.3935,0.3935,1340,2022-01-26 20:18:00,KTRA
0.3901,0.3934,0.3901,0.3917,11269,2022-01-26 20:20:00,KTRA
0.3917,0.3917,0.3917,0.3917,100,2022-01-26 20:21:00,KTRA
0.390035,0.3934,0.390035,0.3917,13472,2022-01-26 20:26:00,KTRA
0.3901,0.3934,0.3901,0.3934,10100,2022-01-26 20:27:00,KTRA
0.3934,0.3934,0.3934,0.3934,200,2022-01-26 20:28:00,KTRA
0.3934,0.3934,0.3934,0.3934,400,2022-01-26 20:29:00,KTRA
0.3934,0.3934,0.3934,0.3934,100,2022-01-26 20:30:00,KTRA
0.391,0.391,0.391,0.391,522,2022-01-26 20:34:00,KTRA
0.395,0.395,0.395,0.395,600,2022-01-26 20:36:00,KTRA
0.398699,0.398699,0.3977,0.3977,369,2022-01-26 20:44:00,KTRA
0.39435,0.39435,0.39435,0.39435,128,2022-01-26 20:46:00,KTRA
0.39,0.39,0.39,0.39,300,2022-01-26 20:47:00,KTRA
0.3986,0.3986,0.3986,0.3986,100,2022-01-26 20:54:00,KTRA
0.3986,0.3986,0.3986,0.3986,200,2022-01-26 20:55:00,KTRA
0.3986,0.3986,0.3986,0.3986,270,2022-01-26 20:58:00,KTRA
0.3986,0.3986,0.3986,0.3986,100,2022-01-26 20:59:00,KTRA
0.3945,0.3945,0.3945,0.3945,341,2022-01-26 21:00:00,KTRA
0.39,0.3901,0.39,0.3901,3810,2022-01-26 21:18:00,KTRA
0.3911,0.3911,0.3911,0.3911,400,2022-01-26 21:41:00,KTRA
0.4,0.4,0.4,0.4,4138,2022-01-26 22:42:00,KTRA
0.4,0.4,0.4,0.4,160,2022-01-26 22:44:00,KTRA
0.4,0.4,0.4,0.4,100,2022-01-26 23:27:00,KTRA
0.4,0.4,0.4,0.4,436,2022-01-27 00:11:00,KTRA
0.4,0.4,0.4,0.4,100,2022-01-27 00:28:00,KTRA
0.4,0.4,0.4,0.4,200,2022-01-27 00:29:00,KTRA
0.45,0.45,0.45,0.45,100,2022-01-27 09:17:00,KTRA
0.41,0.41,0.4099,0.4099,13883,2022-01-27 14:30:00,KTRA
0.401,0.401,0.401,0.401,142,2022-01-27 14:33:00,KTRA
0.4,0.4,0.4,0.4,348,2022-01-27 14:35:00,KTRA
0.4099,0.4099,0.40471,0.409,5586,2022-01-27 14:36:00,KTRA
0.392401,0.392401,0.392401,0.392401,1000,2022-01-27 14:43:00,KTRA
0.40125,0.40125,0.40125,0.40125,100,2022-01-27 14:53:00,KTRA
0.3931,0.3931,0.3931,0.3931,400,2022-01-27 15:02:00,KTRA
0.4098,0.4098,0.39221,0.39221,800,2022-01-27 15:04:00,KTRA
0.4096,0.4096,0.401,0.401,300,2022-01-27 15:06:00,KTRA
0.400999,0.400999,0.400999,0.400999,750,2022-01-27 15:11:00,KTRA
0.3942,0.3942,0.3942,0.3942,3600,2022-01-27 15:12:00,KTRA
0.40095,0.4097,0.40095,0.4097,2664,2022-01-27 15:16:00,KTRA
0.40095,0.40095,0.40095,0.40095,100,2022-01-27 15:17:00,KTRA
0.4009,0.4009,0.3922,0.3922,688,2022-01-27 15:18:00,KTRA
0.3999,0.3999,0.3999,0.3999,14000,2022-01-27 15:20:00,KTRA
0.392,0.3933,0.3807,0.3807,6312,2022-01-27 15:22:00,KTRA
0.385,0.385,0.3806,0.3806,650,2022-01-27 15:23:00,KTRA
0.38,0.38,0.379,0.379,1100,2022-01-27 15:24:00,KTRA
0.3717,0.3731,0.3717,0.3731,2850,2022-01-27 15:25:00,KTRA
0.3838,0.3838,0.3838,0.3838,250,2022-01-27 15:26:00,KTRA
0.3848,0.3848,0.3848,0.3848,2000,2022-01-27 15:27:00,KTRA
0.3848,0.3848,0.3848,0.3848,100,2022-01-27 15:31:00,KTRA
0.3847,0.3847,0.3847,0.3847,5142,2022-01-27 15:41:00,KTRA
0.3791,0.3791,0.3791,0.3791,1500,2022-01-27 15:44:00,KTRA
0.376893,0.376893,0.376893,0.376893,150,2022-01-27 15:48:00,KTRA
0.380649,0.380649,0.380649,0.380649,150,2022-01-27 15:57:00,KTRA
0.3767,0.3806,0.3767,0.3806,9749,2022-01-27 16:03:00,KTRA
0.3712,0.372,0.3712,0.372,2100,2022-01-27 16:04:00,KTRA
0.371,0.371,0.371,0.371,308,2022-01-27 16:05:00,KTRA
0.3719,0.3719,0.3719,0.3719,100,2022-01-27 16:07:00,KTRA
0.372,0.372,0.372,0.372,4999,2022-01-27 16:11:00,KTRA
0.37,0.371,0.37,0.3702,2773,2022-01-27 16:14:00,KTRA
0.3701,0.3701,0.3701,0.3701,500,2022-01-27 16:15:00,KTRA
0.3701,0.3701,0.369,0.369,1298,2022-01-27 16:16:00,KTRA
0.3688,0.3688,0.3688,0.3688,200,2022-01-27 16:17:00,KTRA
0.3701,0.3701,0.3701,0.3701,500,2022-01-27 16:23:00,KTRA
0.369999,0.369999,0.369999,0.369999,100,2022-01-27 16:26:00,KTRA
0.37,0.37,0.37,0.37,100,2022-01-27 16:28:00,KTRA
0.36795,0.36795,0.36795,0.36795,260,2022-01-27 16:29:00,KTRA
0.3658,0.3658,0.3658,0.3658,100,2022-01-27 16:30:00,KTRA
0.3697,0.3697,0.3653,0.3674,2200,2022-01-27 16:34:00,KTRA
0.3674,0.3674,0.3674,0.3674,100,2022-01-27 16:35:00,KTRA
0.365001,0.365001,0.365001,0.365001,300,2022-01-27 16:37:00,KTRA
0.3666,0.3666,0.3633,0.3633,300,2022-01-27 16:39:00,KTRA
0.3666,0.3666,0.3666,0.3666,1000,2022-01-27 16:41:00,KTRA
0.369625,0.369625,0.369625,0.369625,269,2022-01-27 16:50:00,KTRA
0.3697,0.3697,0.3697,0.3697,100,2022-01-27 16:53:00,KTRA
0.3681,0.3681,0.3681,0.3681,110,2022-01-27 16:54:00,KTRA
0.3671,0.3671,0.3671,0.3671,103,2022-01-27 16:55:00,KTRA
0.3661,0.3661,0.3651,0.3651,1130,2022-01-27 16:56:00,KTRA
0.3641,0.3641,0.3641,0.3641,290,2022-01-27 16:57:00,KTRA
0.3642,0.3642,0.3642,0.3642,1335,2022-01-27 16:58:00,KTRA
0.3635,0.3635,0.363478,0.363478,1100,2022-01-27 16:59:00,KTRA
0.36345,0.36345,0.36345,0.36345,700,2022-01-27 17:00:00,KTRA
0.36349,0.3635,0.36349,0.3635,2600,2022-01-27 17:02:00,KTRA
0.3634,0.3635,0.3634,0.36349,4220,2022-01-27 17:04:00,KTRA
0.3635,0.3635,0.3635,0.3635,200,2022-01-27 17:06:00,KTRA
0.3635,0.3635,0.3634,0.3634,400,2022-01-27 17:08:00,KTRA
0.3633,0.3633,0.3633,0.3633,100,2022-01-27 17:09:00,KTRA
0.3634,0.3634,0.3634,0.3634,250,2022-01-27 17:10:00,KTRA
0.3633,0.3633,0.3633,0.3633,500,2022-01-27 17:11:00,KTRA
0.363299,0.3635,0.363299,0.363366,1300,2022-01-27 17:13:00,KTRA
0.3635,0.3635,0.3635,0.3635,15888,2022-01-27 17:15:00,KTRA
0.3635,0.3635,0.3635,0.3635,300,2022-01-27 17:16:00,KTRA
0.363101,0.3632,0.3631,0.3631,1310,2022-01-27 17:19:00,KTRA
0.3627,0.3631,0.3627,0.3631,700,2022-01-27 17:20:00,KTRA
0.3635,0.3635,0.362801,0.362801,1262,2022-01-27 17:21:00,KTRA
0.3628,0.3628,0.362,0.362,10990,2022-01-27 17:22:00,KTRA
0.3616,0.36165,0.3616,0.3616,15513,2022-01-27 17:25:00,KTRA
0.3615,0.3616,0.3615,0.3616,1000,2022-01-27 17:26:00,KTRA
0.3616,0.3616,0.3616,0.3616,1600,2022-01-27 17:27:00,KTRA
0.3616,0.3616,0.3616,0.3616,200,2022-01-27 17:29:00,KTRA
0.3615,0.3615,0.3614,0.3614,16004,2022-01-27 17:32:00,KTRA
0.3614,0.3614,0.3614,0.3614,100,2022-01-27 17:36:00,KTRA
0.3615,0.3615,0.3614,0.3614,650,2022-01-27 17:37:00,KTRA
0.3614,0.3614,0.3614,0.3614,150,2022-01-27 17:39:00,KTRA
0.3614,0.3614,0.3614,0.3614,1000,2022-01-27 17:40:00,KTRA
0.3614,0.3614,0.3614,0.3614,1100,2022-01-27 17:45:00,KTRA
0.3614,0.365,0.3613,0.3641,8000,2022-01-27 17:48:00,KTRA
0.3641,0.3685,0.3641,0.3684,2900,2022-01-27 17:49:00,KTRA
0.3679,0.369,0.3679,0.369,3000,2022-01-27 17:50:00,KTRA
0.3691,0.3786,0.3691,0.3747,15483,2022-01-27 17:51:00,KTRA
0.3742,0.3742,0.3742,0.3742,200,2022-01-27 17:52:00,KTRA
0.3732,0.3732,0.3728,0.3728,200,2022-01-27 17:53:00,KTRA
0.3631,0.3631,0.3622,0.3631,800,2022-01-27 17:56:00,KTRA
0.3615,0.3615,0.3615,0.3615,400,2022-01-27 17:57:00,KTRA
0.363,0.363,0.36111,0.36111,1200,2022-01-27 17:59:00,KTRA
0.361201,0.361201,0.361201,0.361201,300,2022-01-27 18:02:00,KTRA
0.362101,0.362101,0.3611,0.3615,780,2022-01-27 18:04:00,KTRA
0.3612,0.3612,0.3607,0.36075,12600,2022-01-27 18:09:00,KTRA
0.3607,0.3607,0.3606,0.3606,1100,2022-01-27 18:10:00,KTRA
0.3607,0.3607,0.3606,0.3606,3100,2022-01-27 18:12:00,KTRA
0.3607,0.3607,0.3607,0.3607,200,2022-01-27 18:13:00,KTRA
0.360696,0.3607,0.360696,0.3607,200,2022-01-27 18:14:00,KTRA
0.3606,0.3606,0.3606,0.3606,830,2022-01-27 18:16:00,KTRA
0.3606,0.3606,0.3606,0.3606,100,2022-01-27 18:19:00,KTRA
0.3607,0.3607,0.3606,0.3606,600,2022-01-27 18:21:00,KTRA
0.3607,0.3607,0.3607,0.3607,500,2022-01-27 18:26:00,KTRA
0.3607,0.3607,0.36065,0.36065,5048,2022-01-27 18:27:00,KTRA
0.3606,0.3606,0.3606,0.3606,1995,2022-01-27 18:30:00,KTRA
0.3606,0.3606,0.3606,0.3606,100,2022-01-27 18:31:00,KTRA
0.3605,0.3605,0.3605,0.3605,200,2022-01-27 18:39:00,KTRA
0.3606,0.3606,0.3606,0.3606,100,2022-01-27 18:44:00,KTRA
0.3634,0.366199,0.3634,0.366199,1500,2022-01-27 18:55:00,KTRA
0.366199,0.366199,0.366199,0.366199,500,2022-01-27 18:56:00,KTRA
0.366299,0.366299,0.366299,0.366299,3857,2022-01-27 19:02:00,KTRA
0.360601,0.360601,0.360601,0.360601,100,2022-01-27 19:03:00,KTRA
0.3663,0.3663,0.3663,0.3663,100,2022-01-27 19:05:00,KTRA
0.3648,0.3648,0.3648,0.3648,300,2022-01-27 19:31:00,KTRA
0.3647,0.3647,0.3647,0.3647,4000,2022-01-27 19:36:00,KTRA
0.3605,0.3605,0.3605,0.3605,10000,2022-01-27 19:41:00,KTRA
0.3605,0.3627,0.36,0.36,11550,2022-01-27 19:42:00,KTRA
0.360004,0.3604,0.3585,0.3585,12700,2022-01-27 19:43:00,KTRA
0.3581,0.3582,0.3581,0.3582,8900,2022-01-27 19:44:00,KTRA
0.3584,0.3584,0.3584,0.3584,100,2022-01-27 19:46:00,KTRA
0.3584,0.3584,0.358251,0.358251,592,2022-01-27 19:49:00,KTRA
0.3584,0.3584,0.3584,0.3584,100,2022-01-27 19:51:00,KTRA
0.3584,0.3584,0.3584,0.3584,700,2022-01-27 19:52:00,KTRA
0.3581,0.3581,0.3581,0.3581,210,2022-01-27 19:56:00,KTRA
0.3575,0.3575,0.3575,0.3575,100,2022-01-27 19:57:00,KTRA
0.3576,0.3576,0.3575,0.3575,634,2022-01-27 19:58:00,KTRA
0.357101,0.357101,0.357101,0.357101,115,2022-01-27 20:03:00,KTRA
0.3571,0.3571,0.3571,0.3571,384,2022-01-27 20:04:00,KTRA
0.35695,0.35695,0.35695,0.35695,485,2022-01-27 20:06:00,KTRA
0.357,0.357,0.3569,0.3569,9600,2022-01-27 20:07:00,KTRA
0.3569,0.3569,0.3569,0.3569,300,2022-01-27 20:09:00,KTRA
0.3569,0.3569,0.3565,0.3565,263,2022-01-27 20:10:00,KTRA
0.3566,0.3566,0.356598,0.356598,1562,2022-01-27 20:12:00,KTRA
0.3565,0.3565,0.3565,0.3565,100,2022-01-27 20:13:00,KTRA
0.3566,0.3566,0.3565,0.3565,5400,2022-01-27 20:14:00,KTRA
0.3565,0.3565,0.3561,0.3561,1425,2022-01-27 20:15:00,KTRA
0.3555,0.3555,0.3555,0.3555,235,2022-01-27 20:16:00,KTRA
0.3552,0.3552,0.3552,0.3552,500,2022-01-27 20:17:00,KTRA
0.3551,0.3551,0.3551,0.3551,334,2022-01-27 20:20:00,KTRA
0.354601,0.354601,0.354601,0.354601,1000,2022-01-27 20:26:00,KTRA
0.3551,0.3551,0.3551,0.3551,100,2022-01-27 20:27:00,KTRA
0.35505,0.35505,0.35505,0.35505,600,2022-01-27 20:28:00,KTRA
0.3551,0.3551,0.3551,0.3551,500,2022-01-27 20:29:00,KTRA
0.3551,0.3551,0.3551,0.3551,10000,2022-01-27 20:34:00,KTRA
0.3551,0.3551,0.3551,0.3551,450,2022-01-27 20:36:00,KTRA
0.3551,0.3551,0.35505,0.35505,1300,2022-01-27 20:39:00,KTRA
0.3551,0.3605,0.3551,0.3582,5600,2022-01-27 20:40:00,KTRA
0.3551,0.3551,0.3551,0.3551,1531,2022-01-27 20:43:00,KTRA
0.361399,0.361399,0.361399,0.361399,100,2022-01-27 20:44:00,KTRA
0.3589,0.3589,0.3589,0.3589,1992,2022-01-27 20:46:00,KTRA
0.36,0.36,0.3576,0.3576,285,2022-01-27 20:55:00,KTRA
0.3599,0.3599,0.3599,0.3599,100,2022-01-27 20:56:00,KTRA
0.3575,0.3575,0.3575,0.3575,270,2022-01-27 20:58:00,KTRA
0.3599,0.3599,0.3599,0.3599,200,2022-01-27 20:59:00,KTRA
0.354,0.354,0.354,0.354,10601,2022-01-27 21:00:00,KTRA
0.37,0.37,0.37,0.37,202,2022-01-27 21:40:00,KTRA
0.3502,0.3502,0.3502,0.3502,150,2022-01-27 22:23:00,KTRA
0.3699,0.3699,0.3699,0.3699,600,2022-01-27 23:36:00,KTRA
0.36,0.36,0.36,0.36,200,2022-01-27 23:59:00,KTRA
0.45,0.45,0.45,0.45,455,2022-01-28 10:08:00,KTRA
0.45,0.45,0.45,0.45,1000,2022-01-28 10:09:00,KTRA
0.45,0.45,0.45,0.45,5600,2022-01-28 10:10:00,KTRA
0.43,0.43,0.43,0.43,196,2022-01-28 10:37:00,KTRA
0.43,0.43,0.43,0.43,100,2022-01-28 10:43:00,KTRA
0.3621,0.37,0.36,0.36,6100,2022-01-28 10:53:00,KTRA
0.3626,0.3626,0.35,0.35,700,2022-01-28 10:54:00,KTRA
0.37,0.37,0.37,0.37,101,2022-01-28 12:23:00,KTRA
0.3701,0.3701,0.3701,0.3701,500,2022-01-28 12:25:00,KTRA
0.37,0.37,0.37,0.37,800,2022-01-28 12:30:00,KTRA
0.37,0.37,0.37,0.37,149,2022-01-28 12:32:00,KTRA
0.36,0.36,0.36,0.36,394,2022-01-28 13:14:00,KTRA
0.35,0.36,0.35,0.36,5000,2022-01-28 13:18:00,KTRA
0.36,0.36,0.36,0.36,150,2022-01-28 13:19:00,KTRA
0.36,0.36,0.36,0.36,1500,2022-01-28 13:37:00,KTRA
0.3602,0.3699,0.3601,0.3699,1000,2022-01-28 14:15:00,KTRA
0.37,0.37,0.36,0.36,17857,2022-01-28 14:30:00,KTRA
0.3609,0.369,0.3609,0.369,200,2022-01-28 14:33:00,KTRA
0.3601,0.3605,0.3521,0.3521,15950,2022-01-28 14:35:00,KTRA
0.3514,0.3514,0.3514,0.3514,176,2022-01-28 14:40:00,KTRA
0.3578,0.3578,0.3546,0.3578,470,2022-01-28 14:41:00,KTRA
0.3578,0.3578,0.3578,0.3578,622,2022-01-28 14:42:00,KTRA
0.3567,0.3569,0.3564,0.3569,7200,2022-01-28 14:51:00,KTRA
0.352,0.352,0.352,0.352,100,2022-01-28 14:53:00,KTRA
0.352,0.3537,0.352,0.3537,3487,2022-01-28 14:54:00,KTRA
0.356899,0.356899,0.356899,0.356899,200,2022-01-28 14:57:00,KTRA
0.3568,0.3568,0.3541,0.3541,5285,2022-01-28 14:58:00,KTRA
0.3551,0.356,0.3533,0.3533,14500,2022-01-28 14:59:00,KTRA
0.356,0.356,0.356,0.356,278,2022-01-28 15:00:00,KTRA
0.3533,0.3533,0.3533,0.3533,300,2022-01-28 15:02:00,KTRA
0.3561,0.3561,0.3561,0.3561,1000,2022-01-28 15:04:00,KTRA
0.356,0.356,0.3533,0.3533,385,2022-01-28 15:06:00,KTRA
0.353299,0.353299,0.353299,0.353299,285,2022-01-28 15:09:00,KTRA
0.353299,0.353299,0.353299,0.353299,250,2022-01-28 15:13:00,KTRA
0.3506,0.3506,0.3506,0.3506,266,2022-01-28 15:15:00,KTRA
0.355899,0.355899,0.355899,0.355899,425,2022-01-28 15:16:00,KTRA
0.3505,0.3505,0.3505,0.3505,150,2022-01-28 15:21:00,KTRA
0.3506,0.3506,0.3506,0.3506,150,2022-01-28 15:23:00,KTRA
0.356,0.356,0.35325,0.35325,800,2022-01-28 15:26:00,KTRA
0.3532,0.3558,0.3532,0.3558,450,2022-01-28 15:30:00,KTRA
0.3559,0.3559,0.3559,0.3559,1250,2022-01-28 15:34:00,KTRA
0.3505,0.350501,0.3505,0.350501,1481,2022-01-28 15:36:00,KTRA
0.353201,0.353201,0.353201,0.353201,795,2022-01-28 15:41:00,KTRA
0.353199,0.353199,0.353199,0.353199,1000,2022-01-28 15:42:00,KTRA
0.354,0.354,0.354,0.354,500,2022-01-28 15:44:00,KTRA
0.3539,0.3539,0.3513,0.3513,417,2022-01-28 15:45:00,KTRA
0.3509,0.3513,0.3509,0.3513,900,2022-01-28 15:46:00,KTRA
0.3512,0.3512,0.3509,0.3512,1100,2022-01-28 15:47:00,KTRA
0.3512,0.3513,0.3512,0.3513,4692,2022-01-28 15:48:00,KTRA
0.3506,0.3506,0.3506,0.3506,400,2022-01-28 15:49:00,KTRA
0.3506,0.3506,0.3506,0.3506,5350,2022-01-28 15:50:00,KTRA
0.3506,0.3506,0.3506,0.3506,7200,2022-01-28 15:51:00,KTRA
0.352,0.352,0.352,0.352,513,2022-01-28 15:52:00,KTRA
0.3506,0.3506,0.3506,0.3506,4100,2022-01-28 15:53:00,KTRA
0.350701,0.350701,0.350701,0.350701,1200,2022-01-28 15:55:00,KTRA
0.356,0.356,0.356,0.356,300,2022-01-28 15:58:00,KTRA
0.3569,0.3569,0.3569,0.3569,285,2022-01-28 16:00:00,KTRA
0.353949,0.353949,0.353949,0.353949,285,2022-01-28 16:02:00,KTRA
0.3512,0.3512,0.3512,0.3512,1000,2022-01-28 16:04:00,KTRA
0.3569,0.3569,0.3569,0.3569,285,2022-01-28 16:05:00,KTRA
0.3548,0.3548,0.3548,0.3548,100,2022-01-28 16:06:00,KTRA
0.3563,0.3563,0.3559,0.3559,200,2022-01-28 16:09:00,KTRA
0.3569,0.3569,0.3569,0.3569,6000,2022-01-28 16:13:00,KTRA
0.355,0.355,0.355,0.355,6900,2022-01-28 16:15:00,KTRA
0.3559,0.3559,0.3559,0.3559,100,2022-01-28 16:16:00,KTRA
0.356799,0.356799,0.356799,0.356799,100,2022-01-28 16:17:00,KTRA
0.3569,0.3569,0.3569,0.3569,100,2022-01-28 16:19:00,KTRA
0.3569,0.3569,0.3569,0.3569,200,2022-01-28 16:20:00,KTRA
0.356,0.356,0.356,0.356,100,2022-01-28 16:22:00,KTRA
0.356,0.356,0.356,0.356,300,2022-01-28 16:30:00,KTRA
0.3569,0.3569,0.3569,0.3569,975,2022-01-28 16:31:00,KTRA
0.356,0.356,0.356,0.356,100,2022-01-28 16:35:00,KTRA
0.3589,0.3589,0.355,0.3551,2400,2022-01-28 16:40:00,KTRA
0.355,0.355,0.355,0.355,500,2022-01-28 16:41:00,KTRA
0.356,0.357,0.356,0.357,5373,2022-01-28 16:42:00,KTRA
0.357,0.357,0.357,0.357,4000,2022-01-28 16:43:00,KTRA
0.357,0.359,0.3561,0.359,17868,2022-01-28 16:44:00,KTRA
0.3595,0.387,0.359,0.387,37193,2022-01-28 16:45:00,KTRA
0.387,0.41,0.387,0.41,11100,2022-01-28 16:46:00,KTRA
0.41,0.42,0.408,0.408,23447,2022-01-28 16:47:00,KTRA
0.408,0.408,0.399,0.399,7900,2022-01-28 16:48:00,KTRA
0.3981,0.3995,0.395,0.395,11000,2022-01-28 16:49:00,KTRA
0.3951,0.3951,0.39,0.3901,26519,2022-01-28 16:50:00,KTRA
0.3913,0.3915,0.3793,0.3793,1902,2022-01-28 16:51:00,KTRA
0.3813,0.3982,0.3813,0.3982,953,2022-01-28 16:54:00,KTRA
0.3989,0.3989,0.3989,0.3989,200,2022-01-28 16:57:00,KTRA
0.3989,0.3989,0.3989,0.3989,1000,2022-01-28 16:58:00,KTRA
0.3989,0.3989,0.3989,0.3989,100,2022-01-28 16:59:00,KTRA
0.39,0.398899,0.39,0.398899,8200,2022-01-28 17:00:00,KTRA
0.3987,0.3989,0.3987,0.3989,5000,2022-01-28 17:04:00,KTRA
0.3937,0.3937,0.3937,0.3937,200,2022-01-28 17:08:00,KTRA
0.39,0.3938,0.39,0.3938,1455,2022-01-28 17:09:00,KTRA
0.3919,0.3919,0.3919,0.3919,400,2022-01-28 17:10:00,KTRA
0.391,0.391,0.391,0.391,256,2022-01-28 17:11:00,KTRA
0.39,0.3928,0.38845,0.38845,20884,2022-01-28 17:12:00,KTRA
0.3851,0.3851,0.3851,0.3851,4999,2022-01-28 17:16:00,KTRA
0.3844,0.3844,0.38,0.38,500,2022-01-28 17:17:00,KTRA
0.3802,0.3802,0.3802,0.3802,500,2022-01-28 17:40:00,KTRA
0.3892,0.3892,0.3892,0.3892,200,2022-01-28 17:44:00,KTRA
0.38,0.3844,0.38,0.3844,300,2022-01-28 17:48:00,KTRA
0.389,0.389,0.389,0.389,465,2022-01-28 17:49:00,KTRA
0.3806,0.3806,0.3801,0.3801,1490,2022-01-28 17:55:00,KTRA
0.38,0.3867,0.3701,0.3867,1950,2022-01-28 17:56:00,KTRA
0.386699,0.386699,0.386699,0.386699,1400,2022-01-28 17:57:00,KTRA
0.37,0.37,0.37,0.37,10000,2022-01-28 18:02:00,KTRA
0.3716,0.3716,0.3716,0.3716,202,2022-01-28 18:04:00,KTRA
0.3797,0.3797,0.3797,0.3797,100,2022-01-28 18:07:00,KTRA
0.3797,0.3799,0.3797,0.3798,5300,2022-01-28 18:09:00,KTRA
0.3767,0.3767,0.3767,0.3767,275,2022-01-28 18:18:00,KTRA
0.37665,0.3773,0.37,0.37,10646,2022-01-28 18:20:00,KTRA
0.3798,0.3798,0.3798,0.3798,3500,2022-01-28 18:22:00,KTRA
0.3797,0.3797,0.3797,0.3797,100,2022-01-28 18:27:00,KTRA
0.3798,0.3798,0.3771,0.3774,2040,2022-01-28 18:28:00,KTRA
0.375,0.375,0.375,0.375,10000,2022-01-28 18:30:00,KTRA
0.3774,0.3774,0.3774,0.3774,200,2022-01-28 18:31:00,KTRA
0.3799,0.3799,0.37745,0.37745,1100,2022-01-28 18:33:00,KTRA
0.3789,0.3789,0.3789,0.3789,196,2022-01-28 18:36:00,KTRA
0.375,0.375,0.375,0.375,100,2022-01-28 18:37:00,KTRA
0.3725,0.3725,0.3725,0.3725,1500,2022-01-28 18:38:00,KTRA
0.375,0.375,0.375,0.375,4100,2022-01-28 18:42:00,KTRA
0.372499,0.375,0.372499,0.375,2500,2022-01-28 18:49:00,KTRA
0.375,0.375,0.375,0.375,2500,2022-01-28 18:51:00,KTRA
0.374,0.374,0.374,0.374,150,2022-01-28 18:55:00,KTRA
0.374999,0.374999,0.374999,0.374999,1000,2022-01-28 18:57:00,KTRA
0.37,0.37,0.37,0.37,6000,2022-01-28 19:00:00,KTRA
0.370101,0.370101,0.370101,0.370101,5000,2022-01-28 19:08:00,KTRA
0.3749,0.3749,0.3749,0.3749,300,2022-01-28 19:18:00,KTRA
0.3749,0.3749,0.3731,0.3731,2400,2022-01-28 19:20:00,KTRA
0.3714,0.3714,0.3714,0.3714,387,2022-01-28 19:27:00,KTRA
0.372,0.372,0.3713,0.3713,1650,2022-01-28 19:28:00,KTRA
0.3713,0.3713,0.3701,0.3701,600,2022-01-28 19:39:00,KTRA
0.3779,0.3779,0.3779,0.3779,142,2022-01-28 19:51:00,KTRA
0.3721,0.3721,0.3721,0.3721,7000,2022-01-28 20:05:00,KTRA
0.3778,0.3778,0.3778,0.3778,100,2022-01-28 20:10:00,KTRA
0.372,0.372,0.372,0.372,111,2022-01-28 20:11:00,KTRA
0.3776,0.3776,0.3776,0.3776,5375,2022-01-28 20:15:00,KTRA
0.3777,0.3777,0.3777,0.3777,242,2022-01-28 20:16:00,KTRA
0.3777,0.3777,0.3777,0.3777,100,2022-01-28 20:17:00,KTRA
0.3763,0.3777,0.3763,0.3771,1132,2022-01-28 20:22:00,KTRA
0.3762,0.3762,0.3762,0.3762,200,2022-01-28 20:36:00,KTRA
0.3722,0.3722,0.3722,0.3722,762,2022-01-28 20:38:00,KTRA
0.3771,0.3771,0.3771,0.3771,100,2022-01-28 20:40:00,KTRA
0.3721,0.3769,0.3721,0.3769,2500,2022-01-28 20:57:00,KTRA
0.376799,0.3769,0.376799,0.3769,2200,2022-01-28 20:58:00,KTRA
0.3769,0.3769,0.374449,0.3769,8265,2022-01-28 20:59:00,KTRA
0.3736,0.3736,0.3736,0.3736,446,2022-01-28 21:00:00,KTRA
0.3768,0.3768,0.3768,0.3768,2000,2022-01-28 21:16:00,KTRA
0.3769,0.3769,0.3769,0.3769,220,2022-01-28 21:28:00,KTRA
0.3769,0.3769,0.3769,0.3769,1000,2022-01-28 22:48:00,KTRA
0.3769,0.3769,0.3769,0.3769,280,2022-01-28 22:50:00,KTRA
0.3901,0.3901,0.3901,0.3901,400,2022-01-28 23:15:00,KTRA
0.39,0.39,0.39,0.39,26699,2022-01-28 23:18:00,KTRA
0.395,0.395,0.395,0.395,400,2022-01-28 23:25:00,KTRA
0.39,0.39,0.39,0.39,400,2022-01-28 23:29:00,KTRA
0.3821,0.3821,0.382,0.382,972,2022-01-28 23:56:00,KTRA
0.3999,0.3999,0.3901,0.3901,200,2022-01-29 00:47:00,KTRA
0.4098,0.4098,0.4098,0.4098,100,2022-01-29 00:48:00,KTRA
0.3901,0.3901,0.3901,0.3901,100,2022-01-29 00:49:00,KTRA
