open,high,low,close,volume,datetime,symbol
4.16,4.16,4.16,4.16,636,2022-01-11 12:56:00,MVIS
4.17,4.17,4.17,4.17,228,2022-01-11 13:00:00,MVIS
4.17,4.17,4.17,4.17,150,2022-01-11 13:01:00,MVIS
4.17,4.17,4.17,4.17,400,2022-01-11 13:04:00,MVIS
4.17,4.18,4.17,4.18,394,2022-01-11 13:15:00,MVIS
4.1601,4.1601,4.16,4.16,600,2022-01-11 13:21:00,MVIS
4.16,4.16,4.16,4.16,900,2022-01-11 13:45:00,MVIS
4.16,4.16,4.16,4.16,200,2022-01-11 13:46:00,MVIS
4.15,4.15,4.15,4.15,400,2022-01-11 13:58:00,MVIS
4.13,4.14,4.13,4.13,300,2022-01-11 13:59:00,MVIS
4.13,4.13,4.13,4.13,100,2022-01-11 14:00:00,MVIS
4.0816,4.0816,4.0816,4.0816,566,2022-01-11 14:01:00,MVIS
4.08,4.08,4.08,4.08,159,2022-01-11 14:16:00,MVIS
4.08,4.08,4.08,4.08,220,2022-01-11 14:17:00,MVIS
4.08,4.08,4.08,4.08,100,2022-01-11 14:18:00,MVIS
4.0712,4.0712,4.0712,4.0712,100,2022-01-11 14:20:00,MVIS
4.071,4.071,4.071,4.071,100,2022-01-11 14:22:00,MVIS
4.1,4.15,4.1,4.13,2320,2022-01-11 14:25:00,MVIS
4.13,4.13,4.13,4.13,300,2022-01-11 14:26:00,MVIS
4.13,4.13,4.13,4.13,100,2022-01-11 14:29:00,MVIS
4.14,4.14,4.04,4.06,73339,2022-01-11 14:30:00,MVIS
4.05,4.06,4.02,4.0501,13257,2022-01-11 14:31:00,MVIS
4.07,4.1,4.07,4.0901,7836,2022-01-11 14:32:00,MVIS
4.095,4.125,4.095,4.12,4698,2022-01-11 14:33:00,MVIS
4.11,4.13,4.1,4.105,4564,2022-01-11 14:34:00,MVIS
4.1,4.15,4.0991,4.135,20066,2022-01-11 14:35:00,MVIS
4.14,4.14,4.1328,4.14,3906,2022-01-11 14:36:00,MVIS
4.15,4.1516,4.135,4.1401,7983,2022-01-11 14:37:00,MVIS
4.15,4.16,4.12,4.13,13524,2022-01-11 14:38:00,MVIS
4.125,4.13,4.11,4.12,15833,2022-01-11 14:39:00,MVIS
4.13,4.15,4.12,4.125,12166,2022-01-11 14:40:00,MVIS
4.13,4.14,4.12,4.125,9804,2022-01-11 14:41:00,MVIS
4.13,4.155,4.13,4.15,7772,2022-01-11 14:42:00,MVIS
4.15,4.17,4.13,4.1337,15461,2022-01-11 14:43:00,MVIS
4.13,4.14,4.12,4.14,12322,2022-01-11 14:44:00,MVIS
4.1482,4.16,4.115,4.16,31841,2022-01-11 14:45:00,MVIS
4.16,4.19,4.16,4.181,121838,2022-01-11 14:46:00,MVIS
4.1807,4.22,4.175,4.22,64146,2022-01-11 14:47:00,MVIS
4.21,4.21,4.19,4.2,14510,2022-01-11 14:48:00,MVIS
4.1965,4.22,4.1965,4.2109,5531,2022-01-11 14:49:00,MVIS
4.215,4.24,4.2,4.239,35645,2022-01-11 14:50:00,MVIS
4.24,4.26,4.2391,4.255,29416,2022-01-11 14:51:00,MVIS
4.25,4.26,4.231,4.26,28817,2022-01-11 14:52:00,MVIS
4.25,4.26,4.24,4.2518,27553,2022-01-11 14:53:00,MVIS
4.25,4.26,4.25,4.26,16193,2022-01-11 14:54:00,MVIS
4.26,4.28,4.25,4.28,11450,2022-01-11 14:55:00,MVIS
4.29,4.29,4.27,4.28,21138,2022-01-11 14:56:00,MVIS
4.28,4.28,4.27,4.27,6594,2022-01-11 14:57:00,MVIS
4.2609,4.28,4.26,4.275,6513,2022-01-11 14:58:00,MVIS
4.28,4.28,4.27,4.27,15732,2022-01-11 14:59:00,MVIS
4.2683,4.29,4.26,4.285,19574,2022-01-11 15:00:00,MVIS
4.29,4.2999,4.28,4.29,4767,2022-01-11 15:01:00,MVIS
4.2906,4.3,4.2807,4.29,24987,2022-01-11 15:02:00,MVIS
4.285,4.29,4.27,4.27,21210,2022-01-11 15:03:00,MVIS
4.2609,4.27,4.26,4.27,7910,2022-01-11 15:04:00,MVIS
4.27,4.2878,4.265,4.2878,15603,2022-01-11 15:05:00,MVIS
4.29,4.31,4.29,4.31,21069,2022-01-11 15:06:00,MVIS
4.3,4.305,4.29,4.3,17355,2022-01-11 15:07:00,MVIS
4.3001,4.31,4.29,4.31,2765,2022-01-11 15:08:00,MVIS
4.31,4.315,4.3,4.3089,41252,2022-01-11 15:09:00,MVIS
4.3072,4.315,4.3,4.31,61243,2022-01-11 15:10:00,MVIS
4.31,4.33,4.31,4.3271,7200,2022-01-11 15:11:00,MVIS
4.33,4.33,4.32,4.325,14851,2022-01-11 15:12:00,MVIS
4.329,4.33,4.321,4.33,3994,2022-01-11 15:13:00,MVIS
4.33,4.34,4.33,4.34,6410,2022-01-11 15:14:00,MVIS
4.34,4.345,4.3009,4.3199,21028,2022-01-11 15:15:00,MVIS
4.31,4.315,4.295,4.3,15152,2022-01-11 15:16:00,MVIS
4.2969,4.305,4.29,4.305,9711,2022-01-11 15:17:00,MVIS
4.305,4.31,4.29,4.295,24169,2022-01-11 15:18:00,MVIS
4.2923,4.3,4.29,4.3,30710,2022-01-11 15:19:00,MVIS
4.3,4.3,4.29,4.29,4245,2022-01-11 15:20:00,MVIS
4.29,4.315,4.29,4.3051,17005,2022-01-11 15:21:00,MVIS
4.3,4.3,4.2914,4.2914,2197,2022-01-11 15:22:00,MVIS
4.2999,4.3,4.294,4.3,680,2022-01-11 15:23:00,MVIS
4.29,4.3,4.27,4.27,22540,2022-01-11 15:24:00,MVIS
4.27,4.2885,4.27,4.28,10967,2022-01-11 15:25:00,MVIS
4.27,4.275,4.27,4.275,7421,2022-01-11 15:26:00,MVIS
4.28,4.28,4.27,4.28,18820,2022-01-11 15:27:00,MVIS
4.28,4.29,4.28,4.29,5618,2022-01-11 15:28:00,MVIS
4.2835,4.3,4.2835,4.295,36627,2022-01-11 15:29:00,MVIS
4.295,4.31,4.29,4.295,25497,2022-01-11 15:30:00,MVIS
4.2979,4.2979,4.255,4.26,96213,2022-01-11 15:31:00,MVIS
4.26,4.26,4.2401,4.2407,36102,2022-01-11 15:32:00,MVIS
4.2486,4.25,4.24,4.2419,5346,2022-01-11 15:33:00,MVIS
4.24,4.25,4.23,4.23,12602,2022-01-11 15:34:00,MVIS
4.24,4.24,4.22,4.225,8304,2022-01-11 15:35:00,MVIS
4.22,4.2397,4.22,4.2303,11998,2022-01-11 15:36:00,MVIS
4.23,4.2305,4.225,4.2299,10072,2022-01-11 15:37:00,MVIS
4.23,4.24,4.23,4.2389,3754,2022-01-11 15:38:00,MVIS
4.235,4.235,4.225,4.2275,6867,2022-01-11 15:39:00,MVIS
4.22,4.22,4.21,4.2141,22651,2022-01-11 15:40:00,MVIS
4.215,4.215,4.19,4.2,48721,2022-01-11 15:41:00,MVIS
4.2,4.2,4.18,4.189,12417,2022-01-11 15:42:00,MVIS
4.18,4.185,4.175,4.18,21288,2022-01-11 15:43:00,MVIS
4.185,4.19,4.1818,4.185,9515,2022-01-11 15:44:00,MVIS
4.18,4.195,4.18,4.195,10166,2022-01-11 15:45:00,MVIS
4.19,4.2,4.19,4.1997,8697,2022-01-11 15:46:00,MVIS
4.195,4.1983,4.1708,4.185,21493,2022-01-11 15:47:00,MVIS
4.19,4.1996,4.1899,4.1899,8707,2022-01-11 15:48:00,MVIS
4.185,4.19,4.18,4.18,6065,2022-01-11 15:49:00,MVIS
4.18,4.19,4.18,4.19,1382,2022-01-11 15:50:00,MVIS
4.18,4.19,4.18,4.185,16180,2022-01-11 15:51:00,MVIS
4.19,4.19,4.1819,4.185,1300,2022-01-11 15:52:00,MVIS
4.185,4.185,4.18,4.18,1840,2022-01-11 15:53:00,MVIS
4.175,4.175,4.17,4.17,14027,2022-01-11 15:54:00,MVIS
4.165,4.17,4.165,4.165,17637,2022-01-11 15:55:00,MVIS
4.1683,4.1683,4.145,4.145,9618,2022-01-11 15:56:00,MVIS
4.15,4.15,4.135,4.135,8900,2022-01-11 15:57:00,MVIS
4.135,4.16,4.13,4.155,15668,2022-01-11 15:58:00,MVIS
4.15,4.16,4.15,4.16,4842,2022-01-11 15:59:00,MVIS
4.16,4.17,4.16,4.1682,6504,2022-01-11 16:00:00,MVIS
4.1688,4.1688,4.165,4.1664,821,2022-01-11 16:01:00,MVIS
4.1699,4.17,4.1699,4.17,750,2022-01-11 16:02:00,MVIS
4.17,4.2,4.17,4.195,30018,2022-01-11 16:03:00,MVIS
4.2,4.2167,4.2,4.205,47080,2022-01-11 16:04:00,MVIS
4.2,4.205,4.2,4.2,350,2022-01-11 16:05:00,MVIS
4.2056,4.21,4.2,4.209,5790,2022-01-11 16:06:00,MVIS
4.205,4.21,4.2001,4.209,2818,2022-01-11 16:07:00,MVIS
4.205,4.215,4.205,4.21,11332,2022-01-11 16:08:00,MVIS
4.21,4.21,4.18,4.2,38938,2022-01-11 16:09:00,MVIS
4.2,4.205,4.2,4.205,10747,2022-01-11 16:10:00,MVIS
4.2,4.2079,4.2,4.2079,1253,2022-01-11 16:11:00,MVIS
4.205,4.231,4.205,4.23,25683,2022-01-11 16:12:00,MVIS
4.2374,4.24,4.23,4.2308,3452,2022-01-11 16:13:00,MVIS
4.2364,4.2364,4.215,4.228,12419,2022-01-11 16:14:00,MVIS
4.23,4.235,4.2287,4.235,4437,2022-01-11 16:15:00,MVIS
4.235,4.2399,4.225,4.2282,7378,2022-01-11 16:16:00,MVIS
4.23,4.24,4.23,4.235,38406,2022-01-11 16:17:00,MVIS
4.2384,4.24,4.235,4.24,14999,2022-01-11 16:18:00,MVIS
4.24,4.25,4.2351,4.25,7868,2022-01-11 16:19:00,MVIS
4.24,4.2544,4.235,4.25,34575,2022-01-11 16:20:00,MVIS
4.2463,4.25,4.24,4.2493,2521,2022-01-11 16:21:00,MVIS
4.245,4.25,4.2401,4.245,19088,2022-01-11 16:22:00,MVIS
4.245,4.2582,4.245,4.255,6088,2022-01-11 16:23:00,MVIS
4.25,4.27,4.25,4.2601,35401,2022-01-11 16:24:00,MVIS
4.26,4.265,4.26,4.26,7955,2022-01-11 16:25:00,MVIS
4.25,4.2576,4.25,4.2501,8929,2022-01-11 16:26:00,MVIS
4.26,4.26,4.25,4.26,1890,2022-01-11 16:27:00,MVIS
4.2516,4.265,4.2516,4.26,2500,2022-01-11 16:28:00,MVIS
4.2695,4.2696,4.265,4.2696,400,2022-01-11 16:29:00,MVIS
4.265,4.265,4.26,4.26,800,2022-01-11 16:30:00,MVIS
4.26,4.26,4.25,4.2585,3376,2022-01-11 16:31:00,MVIS
4.255,4.255,4.255,4.255,300,2022-01-11 16:32:00,MVIS
4.255,4.265,4.25,4.251,43386,2022-01-11 16:33:00,MVIS
4.255,4.2594,4.2501,4.2501,890,2022-01-11 16:34:00,MVIS
4.26,4.26,4.255,4.255,5357,2022-01-11 16:35:00,MVIS
4.26,4.26,4.26,4.26,500,2022-01-11 16:36:00,MVIS
4.26,4.26,4.2526,4.26,2518,2022-01-11 16:37:00,MVIS
4.2592,4.26,4.255,4.255,3100,2022-01-11 16:38:00,MVIS
4.26,4.285,4.26,4.285,16333,2022-01-11 16:39:00,MVIS
4.2875,4.2875,4.2725,4.285,20182,2022-01-11 16:40:00,MVIS
4.285,4.285,4.285,4.285,300,2022-01-11 16:41:00,MVIS
4.29,4.295,4.2817,4.295,6597,2022-01-11 16:42:00,MVIS
4.291,4.3,4.291,4.3,1389,2022-01-11 16:43:00,MVIS
4.2989,4.299,4.29,4.295,8629,2022-01-11 16:44:00,MVIS
4.29,4.29,4.27,4.27,4150,2022-01-11 16:45:00,MVIS
4.275,4.275,4.265,4.27,23859,2022-01-11 16:46:00,MVIS
4.275,4.275,4.265,4.2677,5575,2022-01-11 16:47:00,MVIS
4.27,4.28,4.2694,4.28,14739,2022-01-11 16:48:00,MVIS
4.28,4.289,4.28,4.285,2320,2022-01-11 16:49:00,MVIS
4.2801,4.285,4.2801,4.285,716,2022-01-11 16:50:00,MVIS
4.285,4.29,4.2797,4.2797,16473,2022-01-11 16:51:00,MVIS
4.275,4.28,4.275,4.28,1528,2022-01-11 16:52:00,MVIS
4.28,4.285,4.28,4.28,9130,2022-01-11 16:53:00,MVIS
4.29,4.29,4.28,4.28,7486,2022-01-11 16:54:00,MVIS
4.28,4.285,4.28,4.285,4379,2022-01-11 16:55:00,MVIS
4.28,4.2835,4.28,4.28,6356,2022-01-11 16:56:00,MVIS
4.28,4.2885,4.27,4.2885,3063,2022-01-11 16:57:00,MVIS
4.28,4.285,4.28,4.285,6000,2022-01-11 16:58:00,MVIS
4.29,4.3,4.29,4.3,12891,2022-01-11 16:59:00,MVIS
4.3,4.31,4.3,4.3099,5466,2022-01-11 17:00:00,MVIS
4.3018,4.31,4.3001,4.31,1108,2022-01-11 17:02:00,MVIS
4.31,4.315,4.3,4.305,32163,2022-01-11 17:03:00,MVIS
4.3,4.3099,4.295,4.3,17234,2022-01-11 17:04:00,MVIS
4.2979,4.2979,4.295,4.295,450,2022-01-11 17:05:00,MVIS
4.3,4.31,4.3,4.3001,15288,2022-01-11 17:06:00,MVIS
4.3,4.3099,4.3,4.3099,16548,2022-01-11 17:07:00,MVIS
4.31,4.31,4.305,4.31,24200,2022-01-11 17:08:00,MVIS
4.32,4.33,4.32,4.3217,32787,2022-01-11 17:09:00,MVIS
4.325,4.34,4.3201,4.3378,19786,2022-01-11 17:10:00,MVIS
4.34,4.34,4.33,4.335,21110,2022-01-11 17:11:00,MVIS
4.33,4.33,4.33,4.33,22404,2022-01-11 17:12:00,MVIS
4.33,4.335,4.33,4.335,1793,2022-01-11 17:13:00,MVIS
4.3399,4.34,4.3301,4.335,3380,2022-01-11 17:14:00,MVIS
4.335,4.3379,4.335,4.3379,675,2022-01-11 17:15:00,MVIS
4.33,4.338,4.32,4.32,13695,2022-01-11 17:16:00,MVIS
4.32,4.32,4.3,4.3001,7690,2022-01-11 17:17:00,MVIS
4.31,4.32,4.31,4.3173,24090,2022-01-11 17:18:00,MVIS
4.315,4.32,4.3106,4.315,15927,2022-01-11 17:19:00,MVIS
4.3199,4.3277,4.3157,4.32,3811,2022-01-11 17:20:00,MVIS
4.325,4.325,4.31,4.315,28093,2022-01-11 17:21:00,MVIS
4.3104,4.32,4.3,4.3,21413,2022-01-11 17:22:00,MVIS
4.3099,4.3099,4.3042,4.305,5590,2022-01-11 17:23:00,MVIS
4.305,4.31,4.3001,4.3001,14735,2022-01-11 17:24:00,MVIS
4.305,4.305,4.2916,4.2916,11912,2022-01-11 17:25:00,MVIS
4.295,4.3,4.29,4.3,46583,2022-01-11 17:26:00,MVIS
4.3021,4.305,4.3021,4.305,300,2022-01-11 17:27:00,MVIS
4.3018,4.3018,4.3,4.3,40648,2022-01-11 17:28:00,MVIS
4.3,4.3,4.28,4.285,19970,2022-01-11 17:29:00,MVIS
4.285,4.285,4.275,4.28,21801,2022-01-11 17:30:00,MVIS
4.29,4.3,4.285,4.3,3740,2022-01-11 17:31:00,MVIS
4.295,4.305,4.2923,4.305,13850,2022-01-11 17:32:00,MVIS
4.305,4.31,4.3,4.3001,1848,2022-01-11 17:33:00,MVIS
4.31,4.33,4.3,4.3277,14178,2022-01-11 17:34:00,MVIS
4.325,4.33,4.3043,4.3043,55030,2022-01-11 17:35:00,MVIS
4.305,4.31,4.3,4.3,1084,2022-01-11 17:36:00,MVIS
4.305,4.305,4.3,4.305,1700,2022-01-11 17:37:00,MVIS
4.3,4.32,4.3,4.32,18606,2022-01-11 17:38:00,MVIS
4.315,4.32,4.31,4.32,14265,2022-01-11 17:39:00,MVIS
4.32,4.325,4.3101,4.315,21295,2022-01-11 17:41:00,MVIS
4.3101,4.3298,4.3101,4.325,19756,2022-01-11 17:42:00,MVIS
4.325,4.33,4.3223,4.33,12659,2022-01-11 17:43:00,MVIS
4.3288,4.355,4.325,4.35,77628,2022-01-11 17:44:00,MVIS
4.34,4.365,4.34,4.361,20500,2022-01-11 17:45:00,MVIS
4.3699,4.3699,4.36,4.36,6800,2022-01-11 17:46:00,MVIS
4.36,4.365,4.3588,4.365,2684,2022-01-11 17:47:00,MVIS
4.3602,4.3602,4.3511,4.3511,7000,2022-01-11 17:48:00,MVIS
4.355,4.36,4.35,4.35,6950,2022-01-11 17:49:00,MVIS
4.36,4.36,4.3501,4.3501,1200,2022-01-11 17:50:00,MVIS
4.357,4.357,4.34,4.34,22957,2022-01-11 17:51:00,MVIS
4.33,4.34,4.33,4.33,4713,2022-01-11 17:52:00,MVIS
4.34,4.34,4.335,4.335,500,2022-01-11 17:53:00,MVIS
4.33,4.33,4.325,4.33,10754,2022-01-11 17:54:00,MVIS
4.33,4.338,4.33,4.335,2650,2022-01-11 17:55:00,MVIS
4.335,4.335,4.335,4.335,900,2022-01-11 17:56:00,MVIS
4.335,4.34,4.335,4.3399,4606,2022-01-11 17:57:00,MVIS
4.335,4.335,4.325,4.33,8389,2022-01-11 17:58:00,MVIS
4.33,4.33,4.325,4.325,921,2022-01-11 17:59:00,MVIS
4.3201,4.325,4.315,4.325,15899,2022-01-11 18:00:00,MVIS
4.33,4.33,4.321,4.321,5289,2022-01-11 18:01:00,MVIS
4.3274,4.33,4.32,4.32,12389,2022-01-11 18:02:00,MVIS
4.3182,4.3182,4.315,4.315,750,2022-01-11 18:03:00,MVIS
4.3199,4.3199,4.31,4.31,416,2022-01-11 18:04:00,MVIS
4.315,4.315,4.305,4.305,3796,2022-01-11 18:05:00,MVIS
4.31,4.31,4.3,4.31,6845,2022-01-11 18:06:00,MVIS
4.3,4.3091,4.3,4.3091,4451,2022-01-11 18:07:00,MVIS
4.3079,4.3114,4.305,4.3114,3468,2022-01-11 18:08:00,MVIS
4.3175,4.3175,4.31,4.31,3000,2022-01-11 18:09:00,MVIS
4.31,4.31,4.3,4.3017,11000,2022-01-11 18:10:00,MVIS
4.3,4.3,4.29,4.29,24051,2022-01-11 18:11:00,MVIS
4.29,4.2902,4.28,4.28,19139,2022-01-11 18:12:00,MVIS
4.28,4.285,4.27,4.285,37611,2022-01-11 18:13:00,MVIS
4.29,4.29,4.285,4.285,800,2022-01-11 18:14:00,MVIS
4.28,4.29,4.275,4.29,13620,2022-01-11 18:15:00,MVIS
4.285,4.29,4.285,4.285,420,2022-01-11 18:16:00,MVIS
4.2817,4.285,4.281,4.281,540,2022-01-11 18:17:00,MVIS
4.2801,4.29,4.28,4.285,24771,2022-01-11 18:18:00,MVIS
4.29,4.29,4.29,4.29,1000,2022-01-11 18:19:00,MVIS
4.29,4.29,4.28,4.28,4336,2022-01-11 18:20:00,MVIS
4.29,4.29,4.285,4.285,1285,2022-01-11 18:21:00,MVIS
4.28,4.285,4.27,4.2726,19591,2022-01-11 18:22:00,MVIS
4.275,4.28,4.27,4.27,3217,2022-01-11 18:23:00,MVIS
4.28,4.28,4.275,4.275,2400,2022-01-11 18:24:00,MVIS
4.27,4.27,4.26,4.27,4762,2022-01-11 18:25:00,MVIS
4.27,4.27,4.265,4.27,600,2022-01-11 18:26:00,MVIS
4.27,4.27,4.26,4.265,600,2022-01-11 18:27:00,MVIS
4.265,4.265,4.265,4.265,400,2022-01-11 18:28:00,MVIS
4.26,4.26,4.26,4.26,200,2022-01-11 18:29:00,MVIS
4.265,4.265,4.26,4.265,465,2022-01-11 18:30:00,MVIS
4.265,4.275,4.2617,4.275,25370,2022-01-11 18:31:00,MVIS
4.2715,4.2715,4.27,4.27,1382,2022-01-11 18:32:00,MVIS
4.275,4.275,4.27,4.275,1166,2022-01-11 18:33:00,MVIS
4.28,4.28,4.275,4.28,11525,2022-01-11 18:34:00,MVIS
4.28,4.285,4.275,4.275,7095,2022-01-11 18:35:00,MVIS
4.275,4.2785,4.27,4.275,4140,2022-01-11 18:36:00,MVIS
4.28,4.28,4.27,4.275,6444,2022-01-11 18:37:00,MVIS
4.27,4.28,4.27,4.2798,1334,2022-01-11 18:38:00,MVIS
4.275,4.278,4.275,4.2767,2200,2022-01-11 18:39:00,MVIS
4.2712,4.2712,4.255,4.255,25693,2022-01-11 18:40:00,MVIS
4.2501,4.255,4.2501,4.255,1883,2022-01-11 18:41:00,MVIS
4.26,4.26,4.245,4.245,9583,2022-01-11 18:42:00,MVIS
4.24,4.24,4.23,4.24,5026,2022-01-11 18:43:00,MVIS
4.24,4.2499,4.235,4.2492,18506,2022-01-11 18:44:00,MVIS
4.2401,4.25,4.2401,4.25,8883,2022-01-11 18:45:00,MVIS
4.25,4.25,4.245,4.25,3885,2022-01-11 18:46:00,MVIS
4.245,4.245,4.245,4.245,100,2022-01-11 18:47:00,MVIS
4.245,4.25,4.2415,4.25,4038,2022-01-11 18:48:00,MVIS
4.25,4.25,4.24,4.245,600,2022-01-11 18:49:00,MVIS
4.245,4.25,4.24,4.245,3445,2022-01-11 18:50:00,MVIS
4.245,4.245,4.245,4.245,100,2022-01-11 18:51:00,MVIS
4.245,4.245,4.2449,4.2449,335,2022-01-11 18:52:00,MVIS
4.2479,4.25,4.24,4.24,1619,2022-01-11 18:53:00,MVIS
4.2401,4.245,4.24,4.24,435,2022-01-11 18:54:00,MVIS
4.24,4.245,4.23,4.23,22798,2022-01-11 18:55:00,MVIS
4.2299,4.2299,4.22,4.22,2600,2022-01-11 18:56:00,MVIS
4.225,4.245,4.22,4.245,19030,2022-01-11 18:57:00,MVIS
4.2418,4.245,4.2418,4.245,300,2022-01-11 18:58:00,MVIS
4.245,4.26,4.245,4.26,7108,2022-01-11 18:59:00,MVIS
4.2581,4.2799,4.2581,4.275,25220,2022-01-11 19:00:00,MVIS
4.275,4.28,4.27,4.275,24100,2022-01-11 19:01:00,MVIS
4.28,4.28,4.27,4.27,14892,2022-01-11 19:02:00,MVIS
4.27,4.29,4.27,4.29,17918,2022-01-11 19:03:00,MVIS
4.29,4.295,4.28,4.28,5239,2022-01-11 19:04:00,MVIS
4.2826,4.285,4.2826,4.285,900,2022-01-11 19:06:00,MVIS
4.285,4.285,4.285,4.285,400,2022-01-11 19:07:00,MVIS
4.2899,4.2899,4.28,4.28,760,2022-01-11 19:08:00,MVIS
4.29,4.29,4.265,4.265,10761,2022-01-11 19:09:00,MVIS
4.2699,4.28,4.265,4.28,8912,2022-01-11 19:10:00,MVIS
4.2801,4.285,4.28,4.28,700,2022-01-11 19:11:00,MVIS
4.2883,4.2883,4.2883,4.2883,175,2022-01-11 19:12:00,MVIS
4.28,4.2999,4.275,4.2999,12289,2022-01-11 19:13:00,MVIS
4.2981,4.3,4.29,4.29,3700,2022-01-11 19:14:00,MVIS
4.2936,4.2936,4.2936,4.2936,200,2022-01-11 19:15:00,MVIS
4.295,4.3,4.29,4.29,8606,2022-01-11 19:16:00,MVIS
4.295,4.3,4.29,4.299,4034,2022-01-11 19:17:00,MVIS
4.3,4.3,4.295,4.3,1531,2022-01-11 19:18:00,MVIS
4.3,4.3,4.295,4.295,558,2022-01-11 19:19:00,MVIS
4.295,4.295,4.295,4.295,200,2022-01-11 19:20:00,MVIS
4.29,4.29,4.275,4.28,18839,2022-01-11 19:21:00,MVIS
4.28,4.28,4.2701,4.275,1800,2022-01-11 19:22:00,MVIS
4.28,4.28,4.275,4.28,3333,2022-01-11 19:23:00,MVIS
4.28,4.28,4.2749,4.28,2177,2022-01-11 19:24:00,MVIS
4.29,4.29,4.2811,4.285,6800,2022-01-11 19:25:00,MVIS
4.285,4.285,4.27,4.275,6619,2022-01-11 19:26:00,MVIS
4.275,4.28,4.275,4.275,1000,2022-01-11 19:27:00,MVIS
4.275,4.275,4.26,4.26,24233,2022-01-11 19:28:00,MVIS
4.26,4.265,4.26,4.26,12300,2022-01-11 19:29:00,MVIS
4.26,4.26,4.245,4.245,12670,2022-01-11 19:30:00,MVIS
4.25,4.25,4.2301,4.2301,2400,2022-01-11 19:31:00,MVIS
4.2301,4.235,4.2284,4.2284,2586,2022-01-11 19:32:00,MVIS
4.225,4.225,4.22,4.225,900,2022-01-11 19:33:00,MVIS
4.22,4.23,4.215,4.225,7303,2022-01-11 19:34:00,MVIS
4.225,4.23,4.2204,4.23,850,2022-01-11 19:35:00,MVIS
4.2237,4.23,4.22,4.23,5060,2022-01-11 19:37:00,MVIS
4.225,4.229,4.22,4.225,1027,2022-01-11 19:38:00,MVIS
4.2234,4.235,4.2234,4.23,19590,2022-01-11 19:39:00,MVIS
4.22,4.235,4.22,4.235,4998,2022-01-11 19:40:00,MVIS
4.23,4.235,4.23,4.23,5969,2022-01-11 19:41:00,MVIS
4.23,4.23,4.23,4.23,100,2022-01-11 19:42:00,MVIS
4.23,4.23,4.225,4.23,5155,2022-01-11 19:43:00,MVIS
4.23,4.23,4.225,4.225,1700,2022-01-11 19:44:00,MVIS
4.23,4.23,4.225,4.225,1137,2022-01-11 19:45:00,MVIS
4.23,4.23,4.2201,4.2201,1918,2022-01-11 19:46:00,MVIS
4.23,4.24,4.2282,4.235,5379,2022-01-11 19:47:00,MVIS
4.235,4.24,4.235,4.24,300,2022-01-11 19:48:00,MVIS
4.24,4.25,4.24,4.25,2252,2022-01-11 19:49:00,MVIS
4.2481,4.25,4.2481,4.25,880,2022-01-11 19:50:00,MVIS
4.25,4.255,4.2401,4.2401,16645,2022-01-11 19:51:00,MVIS
4.2413,4.2413,4.2359,4.24,13129,2022-01-11 19:52:00,MVIS
4.235,4.235,4.235,4.235,1062,2022-01-11 19:53:00,MVIS
4.235,4.2381,4.235,4.235,405,2022-01-11 19:54:00,MVIS
4.2364,4.2375,4.235,4.2375,1800,2022-01-11 19:55:00,MVIS
4.24,4.25,4.235,4.2483,10715,2022-01-11 19:56:00,MVIS
4.25,4.25,4.23,4.23,19429,2022-01-11 19:57:00,MVIS
4.2265,4.2265,4.21,4.22,5721,2022-01-11 19:58:00,MVIS
4.22,4.22,4.2165,4.2165,1200,2022-01-11 19:59:00,MVIS
4.22,4.22,4.215,4.22,2035,2022-01-11 20:00:00,MVIS
4.22,4.225,4.22,4.2205,11291,2022-01-11 20:01:00,MVIS
4.225,4.23,4.22,4.22,1389,2022-01-11 20:02:00,MVIS
4.22,4.22,4.2105,4.2105,17675,2022-01-11 20:03:00,MVIS
4.215,4.22,4.21,4.215,11625,2022-01-11 20:04:00,MVIS
4.2174,4.2199,4.215,4.2199,1200,2022-01-11 20:05:00,MVIS
4.215,4.22,4.21,4.22,2001,2022-01-11 20:06:00,MVIS
4.215,4.22,4.21,4.215,2517,2022-01-11 20:07:00,MVIS
4.22,4.23,4.215,4.23,10261,2022-01-11 20:08:00,MVIS
4.229,4.23,4.22,4.22,2534,2022-01-11 20:09:00,MVIS
4.22,4.225,4.1923,4.1923,48774,2022-01-11 20:10:00,MVIS
4.2,4.2,4.1829,4.19,33449,2022-01-11 20:11:00,MVIS
4.192,4.2,4.18,4.2,59789,2022-01-11 20:12:00,MVIS
4.2001,4.205,4.2,4.2013,4784,2022-01-11 20:13:00,MVIS
4.205,4.215,4.2029,4.205,21757,2022-01-11 20:14:00,MVIS
4.21,4.22,4.21,4.215,4253,2022-01-11 20:15:00,MVIS
4.2187,4.2187,4.21,4.215,1100,2022-01-11 20:16:00,MVIS
4.215,4.215,4.2,4.2,13947,2022-01-11 20:17:00,MVIS
4.2,4.2099,4.195,4.2099,31515,2022-01-11 20:18:00,MVIS
4.2,4.2,4.2,4.2,1925,2022-01-11 20:19:00,MVIS
4.205,4.21,4.2001,4.2001,5800,2022-01-11 20:20:00,MVIS
4.205,4.2099,4.205,4.2086,2700,2022-01-11 20:21:00,MVIS
4.205,4.21,4.205,4.21,2004,2022-01-11 20:22:00,MVIS
4.21,4.22,4.205,4.215,14513,2022-01-11 20:23:00,MVIS
4.215,4.2199,4.195,4.195,15974,2022-01-11 20:24:00,MVIS
4.2,4.21,4.195,4.21,16612,2022-01-11 20:25:00,MVIS
4.21,4.2145,4.2098,4.2145,4300,2022-01-11 20:26:00,MVIS
4.215,4.22,4.215,4.22,1329,2022-01-11 20:27:00,MVIS
4.22,4.225,4.22,4.22,8020,2022-01-11 20:28:00,MVIS
4.22,4.225,4.22,4.225,10006,2022-01-11 20:29:00,MVIS
4.23,4.235,4.23,4.235,3900,2022-01-11 20:30:00,MVIS
4.235,4.25,4.23,4.245,18701,2022-01-11 20:31:00,MVIS
4.24,4.265,4.24,4.265,16232,2022-01-11 20:32:00,MVIS
4.26,4.28,4.26,4.28,32543,2022-01-11 20:33:00,MVIS
4.275,4.275,4.268,4.268,18521,2022-01-11 20:34:00,MVIS
4.2614,4.265,4.25,4.25,15332,2022-01-11 20:35:00,MVIS
4.25,4.26,4.25,4.26,13752,2022-01-11 20:36:00,MVIS
4.255,4.257,4.2501,4.255,3338,2022-01-11 20:37:00,MVIS
4.255,4.255,4.25,4.255,2548,2022-01-11 20:38:00,MVIS
4.25,4.255,4.23,4.23,15670,2022-01-11 20:39:00,MVIS
4.235,4.24,4.23,4.235,900,2022-01-11 20:40:00,MVIS
4.23,4.2399,4.22,4.22,14930,2022-01-11 20:41:00,MVIS
4.22,4.2287,4.22,4.225,1552,2022-01-11 20:42:00,MVIS
4.22,4.23,4.22,4.22,4281,2022-01-11 20:43:00,MVIS
4.225,4.24,4.225,4.24,20815,2022-01-11 20:44:00,MVIS
4.24,4.24,4.2301,4.235,2219,2022-01-11 20:45:00,MVIS
4.2399,4.25,4.235,4.25,14503,2022-01-11 20:46:00,MVIS
4.245,4.25,4.2401,4.245,1731,2022-01-11 20:47:00,MVIS
4.25,4.25,4.24,4.25,5626,2022-01-11 20:48:00,MVIS
4.245,4.25,4.24,4.25,14035,2022-01-11 20:49:00,MVIS
4.245,4.25,4.23,4.24,43034,2022-01-11 20:50:00,MVIS
4.235,4.24,4.23,4.235,4836,2022-01-11 20:51:00,MVIS
4.235,4.24,4.23,4.24,6845,2022-01-11 20:52:00,MVIS
4.235,4.24,4.23,4.2318,46607,2022-01-11 20:53:00,MVIS
4.235,4.26,4.23,4.26,58331,2022-01-11 20:54:00,MVIS
4.26,4.26,4.25,4.255,18831,2022-01-11 20:55:00,MVIS
4.26,4.26,4.25,4.255,33686,2022-01-11 20:56:00,MVIS
4.255,4.26,4.24,4.245,57726,2022-01-11 20:57:00,MVIS
4.245,4.25,4.24,4.245,15803,2022-01-11 20:58:00,MVIS
4.245,4.25,4.24,4.245,114910,2022-01-11 20:59:00,MVIS
4.26,4.26,4.26,4.26,132845,2022-01-11 21:00:00,MVIS
4.25,4.25,4.25,4.25,340,2022-01-11 21:02:00,MVIS
4.24,4.24,4.24,4.24,100,2022-01-11 21:07:00,MVIS
4.24,4.24,4.24,4.24,120,2022-01-11 21:12:00,MVIS
4.25,4.25,4.25,4.25,700,2022-01-11 21:18:00,MVIS
4.25,4.25,4.25,4.25,600,2022-01-11 21:19:00,MVIS
4.26,4.26,4.26,4.26,117,2022-01-11 21:21:00,MVIS
4.25,4.25,4.25,4.25,220,2022-01-11 21:27:00,MVIS
4.25,4.25,4.25,4.25,100,2022-01-11 21:28:00,MVIS
4.25,4.25,4.25,4.25,150,2022-01-11 21:37:00,MVIS
4.25,4.25,4.25,4.25,269,2022-01-11 21:40:00,MVIS
4.25,4.25,4.25,4.25,100,2022-01-11 21:41:00,MVIS
4.26,4.26,4.26,4.26,200,2022-01-11 21:43:00,MVIS
4.25,4.25,4.25,4.25,100,2022-01-11 21:46:00,MVIS
4.27,4.27,4.27,4.27,200,2022-01-11 21:50:00,MVIS
4.25,4.25,4.25,4.25,200,2022-01-11 22:01:00,MVIS
4.26,4.26,4.26,4.26,200,2022-01-11 22:22:00,MVIS
4.27,4.27,4.27,4.27,200,2022-01-11 22:29:00,MVIS
4.26,4.26,4.26,4.26,845,2022-01-11 22:42:00,MVIS
4.3,4.3,4.3,4.3,256,2022-01-11 22:56:00,MVIS
4.3,4.3,4.3,4.3,168,2022-01-11 23:32:00,MVIS
4.3,4.3,4.3,4.3,500,2022-01-11 23:37:00,MVIS
4.28,4.28,4.28,4.28,200,2022-01-11 23:59:00,MVIS
4.26,4.26,4.26,4.26,446,2022-01-12 00:10:00,MVIS
4.26,4.26,4.26,4.26,100,2022-01-12 00:21:00,MVIS
4.25,4.25,4.25,4.25,742,2022-01-12 00:54:00,MVIS
4.25,4.25,4.25,4.25,1322,2022-01-12 09:35:00,MVIS
4.25,4.25,4.25,4.25,2000,2022-01-12 10:14:00,MVIS
4.23,4.23,4.22,4.22,1992,2022-01-12 10:24:00,MVIS
4.22,4.22,4.22,4.22,100,2022-01-12 10:25:00,MVIS
4.25,4.25,4.25,4.25,250,2022-01-12 10:47:00,MVIS
4.25,4.25,4.25,4.25,100,2022-01-12 10:50:00,MVIS
4.25,4.26,4.25,4.26,872,2022-01-12 11:02:00,MVIS
4.29,4.29,4.29,4.29,100,2022-01-12 11:10:00,MVIS
4.27,4.27,4.27,4.27,928,2022-01-12 12:59:00,MVIS
4.2799,4.2799,4.2799,4.2799,240,2022-01-12 13:06:00,MVIS
4.24,4.24,4.24,4.24,3589,2022-01-12 13:12:00,MVIS
4.26,4.26,4.26,4.26,100,2022-01-12 13:19:00,MVIS
4.29,4.29,4.29,4.29,100,2022-01-12 13:42:00,MVIS
4.3,4.3,4.3,4.3,250,2022-01-12 13:45:00,MVIS
4.3,4.31,4.3,4.31,1332,2022-01-12 13:49:00,MVIS
4.31,4.31,4.31,4.31,100,2022-01-12 13:58:00,MVIS
4.32,4.36,4.32,4.36,4793,2022-01-12 14:02:00,MVIS
4.36,4.36,4.36,4.36,100,2022-01-12 14:04:00,MVIS
4.3109,4.3109,4.31,4.31,431,2022-01-12 14:12:00,MVIS
4.34,4.34,4.34,4.34,100,2022-01-12 14:13:00,MVIS
4.35,4.35,4.35,4.35,338,2022-01-12 14:14:00,MVIS
4.34,4.34,4.34,4.34,298,2022-01-12 14:15:00,MVIS
4.34,4.34,4.34,4.34,151,2022-01-12 14:17:00,MVIS
4.35,4.3599,4.35,4.3599,350,2022-01-12 14:19:00,MVIS
4.36,4.36,4.36,4.36,814,2022-01-12 14:21:00,MVIS
4.3401,4.3401,4.3401,4.3401,100,2022-01-12 14:22:00,MVIS
4.35,4.35,4.35,4.35,420,2022-01-12 14:23:00,MVIS
4.35,4.35,4.35,4.35,200,2022-01-12 14:24:00,MVIS
4.34,4.34,4.34,4.34,1500,2022-01-12 14:25:00,MVIS
4.35,4.35,4.35,4.35,150,2022-01-12 14:28:00,MVIS
4.35,4.35,4.35,4.35,300,2022-01-12 14:29:00,MVIS
4.34,4.3599,4.3155,4.3155,37571,2022-01-12 14:30:00,MVIS
4.3193,4.3532,4.3193,4.3396,10019,2022-01-12 14:31:00,MVIS
4.34,4.34,4.3309,4.337,2960,2022-01-12 14:32:00,MVIS
4.34,4.39,4.33,4.3801,29580,2022-01-12 14:33:00,MVIS
4.3865,4.4127,4.3811,4.3999,14934,2022-01-12 14:34:00,MVIS
4.39,4.395,4.37,4.3722,31154,2022-01-12 14:35:00,MVIS
4.385,4.41,4.385,4.409,12226,2022-01-12 14:36:00,MVIS
4.4063,4.4063,4.3801,4.3999,13761,2022-01-12 14:37:00,MVIS
4.4013,4.4013,4.38,4.38,18489,2022-01-12 14:38:00,MVIS
4.3799,4.3902,4.37,4.38,22289,2022-01-12 14:39:00,MVIS
4.388,4.388,4.33,4.34,15829,2022-01-12 14:40:00,MVIS
4.33,4.33,4.31,4.32,6469,2022-01-12 14:41:00,MVIS
4.3185,4.32,4.305,4.315,1594,2022-01-12 14:42:00,MVIS
4.31,4.32,4.3019,4.31,25987,2022-01-12 14:43:00,MVIS
4.3178,4.3178,4.29,4.295,22570,2022-01-12 14:44:00,MVIS
4.31,4.31,4.28,4.3,7408,2022-01-12 14:45:00,MVIS
4.295,4.2991,4.285,4.29,3700,2022-01-12 14:46:00,MVIS
4.28,4.285,4.25,4.25,32152,2022-01-12 14:47:00,MVIS
4.26,4.269,4.24,4.255,18642,2022-01-12 14:48:00,MVIS
4.26,4.27,4.255,4.27,6376,2022-01-12 14:49:00,MVIS
4.28,4.28,4.26,4.26,2700,2022-01-12 14:50:00,MVIS
4.265,4.275,4.264,4.275,6311,2022-01-12 14:51:00,MVIS
4.275,4.28,4.27,4.2796,9772,2022-01-12 14:52:00,MVIS
4.275,4.29,4.27,4.285,24489,2022-01-12 14:53:00,MVIS
4.2893,4.2893,4.275,4.275,15541,2022-01-12 14:54:00,MVIS
4.2774,4.29,4.265,4.285,3703,2022-01-12 14:55:00,MVIS
4.29,4.29,4.265,4.2699,7186,2022-01-12 14:56:00,MVIS
4.265,4.2799,4.265,4.265,4794,2022-01-12 14:57:00,MVIS
4.27,4.28,4.27,4.275,2100,2022-01-12 14:58:00,MVIS
4.279,4.29,4.275,4.29,7015,2022-01-12 14:59:00,MVIS
4.285,4.29,4.28,4.285,2250,2022-01-12 15:00:00,MVIS
4.2899,4.2899,4.265,4.27,26342,2022-01-12 15:01:00,MVIS
4.27,4.275,4.265,4.265,1600,2022-01-12 15:02:00,MVIS
4.265,4.2681,4.25,4.25,15845,2022-01-12 15:03:00,MVIS
4.24,4.2436,4.22,4.22,12912,2022-01-12 15:04:00,MVIS
4.2242,4.225,4.21,4.22,9035,2022-01-12 15:05:00,MVIS
4.22,4.2299,4.2,4.2,11531,2022-01-12 15:06:00,MVIS
4.2,4.2276,4.185,4.225,34120,2022-01-12 15:07:00,MVIS
4.225,4.2299,4.22,4.225,11490,2022-01-12 15:08:00,MVIS
4.23,4.235,4.225,4.225,6815,2022-01-12 15:09:00,MVIS
4.225,4.24,4.225,4.23,8361,2022-01-12 15:10:00,MVIS
4.23,4.2463,4.23,4.245,6764,2022-01-12 15:11:00,MVIS
4.24,4.24,4.225,4.225,31137,2022-01-12 15:12:00,MVIS
4.22,4.23,4.22,4.23,15599,2022-01-12 15:13:00,MVIS
4.23,4.245,4.225,4.245,15537,2022-01-12 15:14:00,MVIS
4.245,4.245,4.209,4.22,38161,2022-01-12 15:15:00,MVIS
4.22,4.22,4.195,4.195,32763,2022-01-12 15:16:00,MVIS
4.195,4.21,4.19,4.2001,15878,2022-01-12 15:17:00,MVIS
4.2,4.215,4.2,4.205,3200,2022-01-12 15:18:00,MVIS
4.2,4.21,4.2,4.2,7230,2022-01-12 15:19:00,MVIS
4.205,4.209,4.19,4.195,10743,2022-01-12 15:20:00,MVIS
4.1994,4.1994,4.17,4.17,27744,2022-01-12 15:21:00,MVIS
4.17,4.17,4.16,4.165,11062,2022-01-12 15:22:00,MVIS
4.17,4.175,4.165,4.1699,11329,2022-01-12 15:23:00,MVIS
4.165,4.169,4.1611,4.1679,2058,2022-01-12 15:24:00,MVIS
4.1679,4.169,4.16,4.16,2489,2022-01-12 15:25:00,MVIS
4.165,4.17,4.16,4.165,17812,2022-01-12 15:26:00,MVIS
4.1699,4.17,4.155,4.17,23359,2022-01-12 15:27:00,MVIS
4.17,4.195,4.17,4.19,11300,2022-01-12 15:28:00,MVIS
4.19,4.19,4.185,4.19,963,2022-01-12 15:29:00,MVIS
4.185,4.185,4.1701,4.175,3395,2022-01-12 15:30:00,MVIS
4.1701,4.175,4.155,4.16,14541,2022-01-12 15:31:00,MVIS
4.16,4.16,4.1504,4.16,9800,2022-01-12 15:32:00,MVIS
4.155,4.16,4.15,4.15,2471,2022-01-12 15:33:00,MVIS
4.15,4.155,4.15,4.153,2722,2022-01-12 15:34:00,MVIS
4.15,4.155,4.14,4.15,23302,2022-01-12 15:35:00,MVIS
4.15,4.16,4.12,4.12,44100,2022-01-12 15:36:00,MVIS
4.12,4.14,4.115,4.1231,21782,2022-01-12 15:37:00,MVIS
4.1217,4.125,4.105,4.12,24760,2022-01-12 15:38:00,MVIS
4.115,4.1199,4.1,4.1,20055,2022-01-12 15:39:00,MVIS
4.105,4.1199,4.1,4.11,32662,2022-01-12 15:40:00,MVIS
4.105,4.11,4.1,4.1,4043,2022-01-12 15:41:00,MVIS
4.1,4.109,4.095,4.095,26906,2022-01-12 15:42:00,MVIS
4.095,4.105,4.09,4.1,16291,2022-01-12 15:43:00,MVIS
4.105,4.115,4.1,4.115,13019,2022-01-12 15:44:00,MVIS
4.12,4.15,4.115,4.14,19433,2022-01-12 15:45:00,MVIS
4.135,4.14,4.1334,4.135,4608,2022-01-12 15:46:00,MVIS
4.1399,4.14,4.13,4.14,2975,2022-01-12 15:47:00,MVIS
4.135,4.1374,4.11,4.12,15532,2022-01-12 15:48:00,MVIS
4.125,4.135,4.12,4.1205,6544,2022-01-12 15:49:00,MVIS
4.129,4.129,4.115,4.1168,5425,2022-01-12 15:50:00,MVIS
4.1199,4.12,4.11,4.12,11415,2022-01-12 15:51:00,MVIS
4.12,4.12,4.11,4.11,1450,2022-01-12 15:52:00,MVIS
4.1,4.1,4.092,4.098,5967,2022-01-12 15:53:00,MVIS
4.09,4.1,4.085,4.095,10404,2022-01-12 15:54:00,MVIS
4.0999,4.1,4.09,4.1,4728,2022-01-12 15:55:00,MVIS
4.09,4.1,4.085,4.095,5261,2022-01-12 15:56:00,MVIS
4.1,4.12,4.095,4.11,12526,2022-01-12 15:57:00,MVIS
4.12,4.12,4.1,4.1,22871,2022-01-12 15:58:00,MVIS
4.105,4.115,4.105,4.11,2345,2022-01-12 15:59:00,MVIS
4.1112,4.13,4.11,4.1296,9596,2022-01-12 16:00:00,MVIS
4.125,4.165,4.125,4.165,19447,2022-01-12 16:01:00,MVIS
4.16,4.165,4.1504,4.155,15212,2022-01-12 16:02:00,MVIS
4.155,4.165,4.15,4.155,30855,2022-01-12 16:03:00,MVIS
4.155,4.155,4.15,4.15,11710,2022-01-12 16:04:00,MVIS
4.14,4.14,4.12,4.12,3244,2022-01-12 16:05:00,MVIS
4.115,4.115,4.0912,4.0912,4988,2022-01-12 16:06:00,MVIS
4.099,4.1,4.095,4.095,2864,2022-01-12 16:07:00,MVIS
4.1,4.109,4.095,4.1,3843,2022-01-12 16:08:00,MVIS
4.1,4.1,4.09,4.095,4322,2022-01-12 16:09:00,MVIS
4.1,4.1,4.091,4.095,15300,2022-01-12 16:10:00,MVIS
4.09,4.095,4.09,4.095,2600,2022-01-12 16:11:00,MVIS
4.09,4.115,4.085,4.115,61837,2022-01-12 16:12:00,MVIS
4.12,4.12,4.11,4.11,1400,2022-01-12 16:13:00,MVIS
4.11,4.1138,4.09,4.095,13786,2022-01-12 16:14:00,MVIS
4.09,4.099,4.08,4.08,12340,2022-01-12 16:15:00,MVIS
4.09,4.0974,4.09,4.095,5828,2022-01-12 16:16:00,MVIS
4.09,4.095,4.085,4.095,6404,2022-01-12 16:17:00,MVIS
4.09,4.11,4.09,4.11,5368,2022-01-12 16:18:00,MVIS
4.1174,4.13,4.11,4.1265,28278,2022-01-12 16:19:00,MVIS
4.12,4.1281,4.12,4.125,4865,2022-01-12 16:20:00,MVIS
4.125,4.1283,4.125,4.1283,1443,2022-01-12 16:21:00,MVIS
4.13,4.135,4.1,4.109,37275,2022-01-12 16:22:00,MVIS
4.1004,4.1004,4.09,4.0975,4636,2022-01-12 16:23:00,MVIS
4.095,4.1,4.09,4.095,10374,2022-01-12 16:24:00,MVIS
4.09,4.105,4.09,4.105,19634,2022-01-12 16:25:00,MVIS
4.105,4.105,4.105,4.105,2700,2022-01-12 16:26:00,MVIS
4.1074,4.1077,4.105,4.105,1150,2022-01-12 16:27:00,MVIS
4.1066,4.1199,4.095,4.105,44410,2022-01-12 16:28:00,MVIS
4.105,4.105,4.0913,4.095,34830,2022-01-12 16:29:00,MVIS
4.09,4.1,4.09,4.09,13539,2022-01-12 16:30:00,MVIS
4.0974,4.1,4.09,4.095,4097,2022-01-12 16:31:00,MVIS
4.095,4.1,4.09,4.095,7021,2022-01-12 16:32:00,MVIS
4.095,4.1,4.09,4.0987,5700,2022-01-12 16:33:00,MVIS
4.1,4.11,4.1,4.1099,19842,2022-01-12 16:34:00,MVIS
4.1014,4.11,4.1014,4.105,7355,2022-01-12 16:35:00,MVIS
4.1,4.115,4.09,4.115,25225,2022-01-12 16:36:00,MVIS
4.118,4.12,4.1114,4.1114,6234,2022-01-12 16:37:00,MVIS
4.1101,4.1186,4.11,4.115,2679,2022-01-12 16:38:00,MVIS
4.115,4.12,4.115,4.115,6300,2022-01-12 16:39:00,MVIS
4.115,4.12,4.11,4.115,5100,2022-01-12 16:40:00,MVIS
4.12,4.125,4.113,4.113,22182,2022-01-12 16:41:00,MVIS
4.1176,4.12,4.11,4.1101,7258,2022-01-12 16:42:00,MVIS
4.11,4.115,4.11,4.115,1450,2022-01-12 16:43:00,MVIS
4.11,4.125,4.1,4.1,29003,2022-01-12 16:44:00,MVIS
4.1,4.1,4.09,4.095,16032,2022-01-12 16:45:00,MVIS
4.09,4.11,4.09,4.105,21084,2022-01-12 16:46:00,MVIS
4.105,4.12,4.105,4.115,8733,2022-01-12 16:47:00,MVIS
4.115,4.115,4.115,4.115,1000,2022-01-12 16:48:00,MVIS
4.112,4.112,4.105,4.1073,2500,2022-01-12 16:49:00,MVIS
4.11,4.115,4.105,4.115,5681,2022-01-12 16:50:00,MVIS
4.1101,4.1101,4.11,4.11,275,2022-01-12 16:51:00,MVIS
4.11,4.11,4.1001,4.105,6925,2022-01-12 16:52:00,MVIS
4.1,4.108,4.1,4.108,420,2022-01-12 16:53:00,MVIS
4.1016,4.1099,4.1016,4.1099,1458,2022-01-12 16:54:00,MVIS
4.105,4.105,4.105,4.105,471,2022-01-12 16:55:00,MVIS
4.105,4.105,4.1,4.105,5278,2022-01-12 16:56:00,MVIS
4.101,4.1091,4.095,4.095,3833,2022-01-12 16:57:00,MVIS
4.095,4.1,4.0919,4.095,3400,2022-01-12 16:58:00,MVIS
4.1,4.105,4.09,4.105,13815,2022-01-12 16:59:00,MVIS
4.1099,4.11,4.105,4.105,3450,2022-01-12 17:00:00,MVIS
4.105,4.105,4.1,4.1017,3907,2022-01-12 17:01:00,MVIS
4.1074,4.11,4.1011,4.105,4000,2022-01-12 17:02:00,MVIS
4.1087,4.1087,4.1087,4.1087,1000,2022-01-12 17:03:00,MVIS
4.105,4.1084,4.1,4.105,11887,2022-01-12 17:04:00,MVIS
4.105,4.12,4.105,4.105,25516,2022-01-12 17:05:00,MVIS
4.1,4.109,4.1,4.105,5400,2022-01-12 17:06:00,MVIS
4.1069,4.11,4.09,4.095,9742,2022-01-12 17:07:00,MVIS
4.095,4.0979,4.095,4.0973,600,2022-01-12 17:08:00,MVIS
4.095,4.11,4.095,4.1022,20932,2022-01-12 17:09:00,MVIS
4.105,4.11,4.105,4.105,3709,2022-01-12 17:10:00,MVIS
4.1,4.105,4.1,4.105,8020,2022-01-12 17:11:00,MVIS
4.1,4.1,4.09,4.09,2347,2022-01-12 17:12:00,MVIS
4.09,4.1,4.09,4.09,4166,2022-01-12 17:14:00,MVIS
4.095,4.105,4.095,4.105,6128,2022-01-12 17:15:00,MVIS
4.105,4.125,4.105,4.125,3697,2022-01-12 17:16:00,MVIS
4.13,4.135,4.125,4.135,12129,2022-01-12 17:17:00,MVIS
4.1309,4.145,4.13,4.145,11910,2022-01-12 17:18:00,MVIS
4.15,4.1596,4.15,4.155,2800,2022-01-12 17:19:00,MVIS
4.155,4.165,4.155,4.165,24330,2022-01-12 17:20:00,MVIS
4.165,4.17,4.155,4.165,6492,2022-01-12 17:21:00,MVIS
4.1608,4.1617,4.155,4.155,4852,2022-01-12 17:22:00,MVIS
4.155,4.159,4.155,4.159,200,2022-01-12 17:23:00,MVIS
4.16,4.165,4.1598,4.165,1600,2022-01-12 17:24:00,MVIS
4.17,4.175,4.17,4.175,4653,2022-01-12 17:25:00,MVIS
4.175,4.18,4.175,4.175,700,2022-01-12 17:26:00,MVIS
4.17,4.17,4.165,4.165,7035,2022-01-12 17:27:00,MVIS
4.165,4.17,4.16,4.16,2600,2022-01-12 17:28:00,MVIS
4.17,4.17,4.165,4.165,400,2022-01-12 17:29:00,MVIS
4.165,4.17,4.1601,4.165,2679,2022-01-12 17:30:00,MVIS
4.165,4.17,4.16,4.1699,5313,2022-01-12 17:31:00,MVIS
4.165,4.175,4.165,4.17,7600,2022-01-12 17:32:00,MVIS
4.1716,4.175,4.1716,4.175,410,2022-01-12 17:33:00,MVIS
4.175,4.175,4.175,4.175,600,2022-01-12 17:34:00,MVIS
4.175,4.18,4.1722,4.1789,12143,2022-01-12 17:35:00,MVIS
4.175,4.1774,4.175,4.1774,400,2022-01-12 17:36:00,MVIS
4.1773,4.18,4.175,4.175,639,2022-01-12 17:37:00,MVIS
4.175,4.175,4.17,4.17,2455,2022-01-12 17:38:00,MVIS
4.17,4.1773,4.17,4.175,1700,2022-01-12 17:39:00,MVIS
4.18,4.18,4.17,4.17,1700,2022-01-12 17:40:00,MVIS
4.1704,4.18,4.17,4.175,1500,2022-01-12 17:41:00,MVIS
4.175,4.185,4.17,4.175,23499,2022-01-12 17:42:00,MVIS
4.185,4.185,4.182,4.182,1675,2022-01-12 17:43:00,MVIS
4.18,4.185,4.175,4.185,5283,2022-01-12 17:44:00,MVIS
4.19,4.19,4.185,4.185,400,2022-01-12 17:45:00,MVIS
4.185,4.19,4.18,4.185,26038,2022-01-12 17:46:00,MVIS
4.185,4.19,4.18,4.19,2500,2022-01-12 17:47:00,MVIS
4.185,4.19,4.1826,4.185,5131,2022-01-12 17:48:00,MVIS
4.185,4.19,4.185,4.19,638,2022-01-12 17:49:00,MVIS
4.19,4.2,4.19,4.195,10227,2022-01-12 17:50:00,MVIS
4.195,4.198,4.19,4.19,7875,2022-01-12 17:51:00,MVIS
4.195,4.195,4.1943,4.195,800,2022-01-12 17:52:00,MVIS
4.19,4.2,4.19,4.195,4000,2022-01-12 17:53:00,MVIS
4.195,4.195,4.195,4.195,400,2022-01-12 17:54:00,MVIS
4.1901,4.195,4.19,4.19,1317,2022-01-12 17:55:00,MVIS
4.1973,4.1973,4.19,4.1917,1440,2022-01-12 17:56:00,MVIS
4.1902,4.1978,4.19,4.1978,11200,2022-01-12 17:57:00,MVIS
4.19,4.1974,4.19,4.1974,1179,2022-01-12 17:58:00,MVIS
4.19,4.195,4.19,4.195,1154,2022-01-12 17:59:00,MVIS
4.19,4.195,4.19,4.195,1385,2022-01-12 18:00:00,MVIS
4.19,4.19,4.16,4.175,17993,2022-01-12 18:01:00,MVIS
4.17,4.175,4.17,4.175,5719,2022-01-12 18:02:00,MVIS
4.17,4.17,4.17,4.17,400,2022-01-12 18:03:00,MVIS
4.175,4.175,4.175,4.175,300,2022-01-12 18:04:00,MVIS
4.18,4.18,4.17,4.17,700,2022-01-12 18:05:00,MVIS
4.175,4.175,4.17,4.1701,4860,2022-01-12 18:06:00,MVIS
4.17,4.175,4.17,4.175,600,2022-01-12 18:07:00,MVIS
4.175,4.175,4.175,4.175,600,2022-01-12 18:08:00,MVIS
4.175,4.175,4.17,4.175,700,2022-01-12 18:09:00,MVIS
4.17,4.1765,4.17,4.17,1300,2022-01-12 18:10:00,MVIS
4.17,4.17,4.16,4.1694,15713,2022-01-12 18:11:00,MVIS
4.165,4.17,4.15,4.15,4628,2022-01-12 18:12:00,MVIS
4.15,4.16,4.145,4.16,16518,2022-01-12 18:13:00,MVIS
4.16,4.175,4.155,4.175,5100,2022-01-12 18:14:00,MVIS
4.175,4.1799,4.165,4.165,1600,2022-01-12 18:15:00,MVIS
4.17,4.17,4.17,4.17,481,2022-01-12 18:16:00,MVIS
4.17,4.17,4.165,4.1684,1500,2022-01-12 18:17:00,MVIS
4.165,4.17,4.165,4.1674,2000,2022-01-12 18:18:00,MVIS
4.1613,4.165,4.1613,4.165,894,2022-01-12 18:19:00,MVIS
4.1601,4.1699,4.16,4.165,1798,2022-01-12 18:20:00,MVIS
4.165,4.17,4.16,4.1618,13457,2022-01-12 18:21:00,MVIS
4.165,4.17,4.165,4.17,900,2022-01-12 18:22:00,MVIS
4.165,4.165,4.165,4.165,400,2022-01-12 18:23:00,MVIS
4.1693,4.17,4.165,4.165,2587,2022-01-12 18:24:00,MVIS
4.165,4.185,4.165,4.175,12393,2022-01-12 18:25:00,MVIS
4.175,4.18,4.1701,4.1701,2800,2022-01-12 18:26:00,MVIS
4.175,4.1795,4.165,4.175,15942,2022-01-12 18:27:00,MVIS
4.18,4.18,4.175,4.175,1300,2022-01-12 18:28:00,MVIS
4.18,4.18,4.17,4.18,2500,2022-01-12 18:29:00,MVIS
4.175,4.19,4.175,4.19,30792,2022-01-12 18:30:00,MVIS
4.195,4.195,4.19,4.195,2485,2022-01-12 18:31:00,MVIS
4.2,4.205,4.195,4.205,6391,2022-01-12 18:32:00,MVIS
4.2001,4.209,4.2001,4.205,856,2022-01-12 18:33:00,MVIS
4.205,4.205,4.2001,4.2016,800,2022-01-12 18:34:00,MVIS
4.2,4.21,4.195,4.205,9500,2022-01-12 18:35:00,MVIS
4.205,4.205,4.19,4.195,7123,2022-01-12 18:36:00,MVIS
4.1974,4.1974,4.19,4.19,402,2022-01-12 18:37:00,MVIS
4.2,4.2,4.19,4.19,1300,2022-01-12 18:38:00,MVIS
4.19,4.19,4.19,4.19,1900,2022-01-12 18:39:00,MVIS
4.19,4.195,4.19,4.195,800,2022-01-12 18:40:00,MVIS
4.195,4.2,4.195,4.195,1400,2022-01-12 18:41:00,MVIS
4.1942,4.1942,4.19,4.19,1500,2022-01-12 18:42:00,MVIS
4.195,4.1999,4.19,4.19,1100,2022-01-12 18:43:00,MVIS
4.195,4.205,4.195,4.205,3030,2022-01-12 18:44:00,MVIS
4.2006,4.205,4.2,4.205,6600,2022-01-12 18:45:00,MVIS
4.2,4.205,4.2,4.2,618,2022-01-12 18:46:00,MVIS
4.2,4.2,4.2,4.2,574,2022-01-12 18:48:00,MVIS
4.21,4.21,4.202,4.21,5146,2022-01-12 18:49:00,MVIS
4.2,4.2,4.185,4.185,9230,2022-01-12 18:50:00,MVIS
4.1808,4.185,4.1808,4.1808,6410,2022-01-12 18:51:00,MVIS
4.18,4.18,4.17,4.17,2983,2022-01-12 18:52:00,MVIS
4.174,4.1792,4.17,4.17,2450,2022-01-12 18:53:00,MVIS
4.17,4.1799,4.17,4.17,4445,2022-01-12 18:54:00,MVIS
4.175,4.1799,4.17,4.17,600,2022-01-12 18:55:00,MVIS
4.17,4.18,4.17,4.175,17427,2022-01-12 18:56:00,MVIS
4.18,4.18,4.175,4.18,1000,2022-01-12 18:57:00,MVIS
4.1792,4.19,4.1792,4.1893,8315,2022-01-12 18:58:00,MVIS
4.185,4.185,4.18,4.18,400,2022-01-12 18:59:00,MVIS
4.18,4.185,4.17,4.185,12672,2022-01-12 19:00:00,MVIS
4.18,4.18,4.175,4.175,3002,2022-01-12 19:01:00,MVIS
4.17,4.17,4.155,4.16,4076,2022-01-12 19:02:00,MVIS
4.165,4.165,4.16,4.16,1910,2022-01-12 19:03:00,MVIS
4.1699,4.1699,4.16,4.16,3500,2022-01-12 19:04:00,MVIS
4.16,4.17,4.155,4.17,12046,2022-01-12 19:05:00,MVIS
4.16,4.162,4.155,4.155,2481,2022-01-12 19:06:00,MVIS
4.155,4.155,4.1519,4.1519,305,2022-01-12 19:07:00,MVIS
4.16,4.16,4.1501,4.1501,3116,2022-01-12 19:08:00,MVIS
4.16,4.16,4.16,4.16,1400,2022-01-12 19:09:00,MVIS
4.16,4.16,4.155,4.155,1400,2022-01-12 19:10:00,MVIS
4.155,4.155,4.155,4.155,1050,2022-01-12 19:11:00,MVIS
4.16,4.17,4.1529,4.165,8062,2022-01-12 19:12:00,MVIS
4.16,4.16,4.155,4.155,1804,2022-01-12 19:13:00,MVIS
4.155,4.16,4.155,4.16,1300,2022-01-12 19:14:00,MVIS
4.1501,4.16,4.1501,4.155,1505,2022-01-12 19:15:00,MVIS
4.155,4.16,4.15,4.155,4815,2022-01-12 19:16:00,MVIS
4.155,4.16,4.155,4.16,21142,2022-01-12 19:17:00,MVIS
4.155,4.1582,4.15,4.15,1321,2022-01-12 19:18:00,MVIS
4.15,4.16,4.1418,4.16,8693,2022-01-12 19:19:00,MVIS
4.155,4.17,4.155,4.17,2831,2022-01-12 19:20:00,MVIS
4.175,4.1788,4.17,4.1788,2542,2022-01-12 19:21:00,MVIS
4.17,4.18,4.17,4.18,2947,2022-01-12 19:22:00,MVIS
4.185,4.185,4.17,4.18,4808,2022-01-12 19:23:00,MVIS
4.18,4.18,4.175,4.175,1723,2022-01-12 19:24:00,MVIS
4.1718,4.175,4.17,4.175,800,2022-01-12 19:25:00,MVIS
4.175,4.175,4.165,4.165,20972,2022-01-12 19:26:00,MVIS
4.165,4.18,4.165,4.175,8375,2022-01-12 19:27:00,MVIS
4.175,4.175,4.1711,4.175,2202,2022-01-12 19:28:00,MVIS
4.175,4.1881,4.175,4.1881,4384,2022-01-12 19:29:00,MVIS
4.185,4.185,4.185,4.185,400,2022-01-12 19:30:00,MVIS
4.18,4.18,4.175,4.175,4831,2022-01-12 19:31:00,MVIS
4.17,4.1706,4.16,4.16,13635,2022-01-12 19:32:00,MVIS
4.165,4.165,4.155,4.155,3300,2022-01-12 19:33:00,MVIS
4.155,4.1581,4.155,4.1581,800,2022-01-12 19:34:00,MVIS
4.1512,4.1554,4.14,4.1554,9158,2022-01-12 19:35:00,MVIS
4.1512,4.1599,4.15,4.155,2627,2022-01-12 19:36:00,MVIS
4.155,4.16,4.155,4.155,1841,2022-01-12 19:37:00,MVIS
4.155,4.155,4.1516,4.155,1861,2022-01-12 19:38:00,MVIS
4.155,4.158,4.1516,4.158,1300,2022-01-12 19:39:00,MVIS
4.15,4.155,4.1416,4.1416,4139,2022-01-12 19:40:00,MVIS
4.14,4.1482,4.14,4.1482,1600,2022-01-12 19:41:00,MVIS
4.145,4.145,4.13,4.13,22084,2022-01-12 19:42:00,MVIS
4.13,4.137,4.13,4.1325,3642,2022-01-12 19:43:00,MVIS
4.13,4.139,4.13,4.13,1300,2022-01-12 19:44:00,MVIS
4.13,4.15,4.13,4.15,26611,2022-01-12 19:45:00,MVIS
4.15,4.155,4.145,4.155,5709,2022-01-12 19:46:00,MVIS
4.155,4.16,4.15,4.15,2633,2022-01-12 19:48:00,MVIS
4.155,4.155,4.155,4.155,500,2022-01-12 19:49:00,MVIS
4.15,4.16,4.15,4.155,600,2022-01-12 19:50:00,MVIS
4.155,4.18,4.155,4.18,20314,2022-01-12 19:51:00,MVIS
4.185,4.185,4.1726,4.175,14293,2022-01-12 19:52:00,MVIS
4.1799,4.18,4.165,4.165,4547,2022-01-12 19:53:00,MVIS
4.165,4.1699,4.165,4.165,1954,2022-01-12 19:54:00,MVIS
4.165,4.165,4.165,4.165,100,2022-01-12 19:55:00,MVIS
4.165,4.165,4.165,4.165,200,2022-01-12 19:56:00,MVIS
4.165,4.165,4.16,4.165,1656,2022-01-12 19:57:00,MVIS
4.16,4.16,4.16,4.16,400,2022-01-12 19:58:00,MVIS
4.16,4.17,4.16,4.16,1400,2022-01-12 19:59:00,MVIS
4.165,4.17,4.16,4.16,2977,2022-01-12 20:00:00,MVIS
4.16,4.16,4.14,4.155,16025,2022-01-12 20:01:00,MVIS
4.155,4.16,4.152,4.155,700,2022-01-12 20:02:00,MVIS
4.1515,4.1515,4.14,4.145,6104,2022-01-12 20:03:00,MVIS
4.15,4.155,4.1401,4.15,12765,2022-01-12 20:04:00,MVIS
4.14,4.15,4.13,4.145,6883,2022-01-12 20:06:00,MVIS
4.14,4.1401,4.14,4.14,810,2022-01-12 20:07:00,MVIS
4.145,4.149,4.14,4.14,1084,2022-01-12 20:08:00,MVIS
4.1475,4.1475,4.13,4.13,5640,2022-01-12 20:09:00,MVIS
4.13,4.1399,4.13,4.135,3600,2022-01-12 20:10:00,MVIS
4.13,4.139,4.13,4.135,3937,2022-01-12 20:11:00,MVIS
4.139,4.139,4.13,4.139,3986,2022-01-12 20:12:00,MVIS
4.139,4.149,4.13,4.135,15309,2022-01-12 20:13:00,MVIS
4.1391,4.14,4.1301,4.135,5025,2022-01-12 20:14:00,MVIS
4.14,4.1474,4.135,4.1474,4300,2022-01-12 20:15:00,MVIS
4.145,4.145,4.14,4.145,9000,2022-01-12 20:16:00,MVIS
4.145,4.145,4.1417,4.1417,290,2022-01-12 20:17:00,MVIS
4.145,4.15,4.145,4.145,3262,2022-01-12 20:18:00,MVIS
4.145,4.145,4.145,4.145,3850,2022-01-12 20:19:00,MVIS
4.145,4.15,4.14,4.15,13546,2022-01-12 20:20:00,MVIS
4.15,4.17,4.15,4.17,10750,2022-01-12 20:21:00,MVIS
4.165,4.175,4.16,4.175,10546,2022-01-12 20:22:00,MVIS
4.17,4.18,4.17,4.175,4353,2022-01-12 20:23:00,MVIS
4.17,4.185,4.17,4.185,7732,2022-01-12 20:24:00,MVIS
4.185,4.185,4.17,4.175,56034,2022-01-12 20:25:00,MVIS
4.175,4.185,4.175,4.185,5562,2022-01-12 20:26:00,MVIS
4.185,4.19,4.18,4.185,4700,2022-01-12 20:27:00,MVIS
4.185,4.19,4.18,4.185,2400,2022-01-12 20:28:00,MVIS
4.185,4.188,4.16,4.165,20135,2022-01-12 20:29:00,MVIS
4.162,4.1777,4.155,4.1777,19340,2022-01-12 20:30:00,MVIS
4.17,4.17,4.155,4.155,8211,2022-01-12 20:31:00,MVIS
4.15,4.15,4.135,4.1499,43617,2022-01-12 20:32:00,MVIS
4.145,4.1497,4.14,4.1497,6646,2022-01-12 20:33:00,MVIS
4.14,4.145,4.14,4.145,700,2022-01-12 20:34:00,MVIS
4.1434,4.15,4.14,4.145,9276,2022-01-12 20:35:00,MVIS
4.14,4.145,4.135,4.135,7630,2022-01-12 20:36:00,MVIS
4.135,4.135,4.13,4.135,1218,2022-01-12 20:37:00,MVIS
4.135,4.14,4.13,4.13,16281,2022-01-12 20:38:00,MVIS
4.135,4.14,4.13,4.135,10275,2022-01-12 20:39:00,MVIS
4.135,4.15,4.13,4.145,22425,2022-01-12 20:40:00,MVIS
4.15,4.165,4.145,4.165,63312,2022-01-12 20:41:00,MVIS
4.165,4.17,4.16,4.165,10574,2022-01-12 20:42:00,MVIS
4.165,4.17,4.16,4.165,2300,2022-01-12 20:43:00,MVIS
4.165,4.18,4.161,4.175,9581,2022-01-12 20:44:00,MVIS
4.175,4.185,4.175,4.185,12626,2022-01-12 20:45:00,MVIS
4.185,4.19,4.18,4.185,24652,2022-01-12 20:46:00,MVIS
4.185,4.195,4.18,4.185,37598,2022-01-12 20:47:00,MVIS
4.185,4.19,4.18,4.185,6310,2022-01-12 20:48:00,MVIS
4.185,4.19,4.18,4.185,44618,2022-01-12 20:49:00,MVIS
4.185,4.185,4.18,4.185,4894,2022-01-12 20:50:00,MVIS
4.185,4.19,4.18,4.19,9859,2022-01-12 20:51:00,MVIS
4.185,4.185,4.17,4.175,20180,2022-01-12 20:52:00,MVIS
4.18,4.18,4.1727,4.175,5895,2022-01-12 20:53:00,MVIS
4.175,4.18,4.16,4.16,33676,2022-01-12 20:54:00,MVIS
4.165,4.165,4.16,4.165,8650,2022-01-12 20:55:00,MVIS
4.165,4.17,4.16,4.165,7929,2022-01-12 20:56:00,MVIS
4.17,4.17,4.16,4.1601,7546,2022-01-12 20:57:00,MVIS
4.1683,4.17,4.15,4.15,43961,2022-01-12 20:58:00,MVIS
4.155,4.16,4.15,4.16,57749,2022-01-12 20:59:00,MVIS
4.15,4.15,4.12,4.12,114662,2022-01-12 21:00:00,MVIS
4.15,4.15,4.15,4.15,3107,2022-01-12 21:01:00,MVIS
4.1404,4.1405,4.1404,4.1405,227,2022-01-12 21:02:00,MVIS
4.11,4.11,4.11,4.11,100,2022-01-12 21:03:00,MVIS
4.17,4.17,4.17,4.17,121,2022-01-12 21:04:00,MVIS
4.17,4.17,4.17,4.17,200,2022-01-12 21:07:00,MVIS
4.17,4.17,4.17,4.17,100,2022-01-12 21:08:00,MVIS
4.178,4.178,4.178,4.178,500,2022-01-12 21:11:00,MVIS
4.15,4.15,4.15,4.15,421,2022-01-12 22:12:00,MVIS
4.15,4.15,4.15,4.15,250,2022-01-12 22:18:00,MVIS
4.17,4.17,4.17,4.17,115,2022-01-12 22:28:00,MVIS
4.14,4.17,4.14,4.17,200,2022-01-12 22:50:00,MVIS
4.12,4.12,4.12,4.12,4000,2022-01-12 22:54:00,MVIS
4.13,4.13,4.13,4.13,200,2022-01-12 22:57:00,MVIS
4.15,4.15,4.15,4.15,100,2022-01-12 23:11:00,MVIS
4.14,4.14,4.14,4.14,175,2022-01-12 23:14:00,MVIS
4.15,4.15,4.15,4.15,100,2022-01-12 23:23:00,MVIS
4.16,4.16,4.16,4.16,1955,2022-01-12 23:24:00,MVIS
4.14,4.14,4.14,4.14,2012,2022-01-13 00:55:00,MVIS
4.17,4.17,4.17,4.17,534,2022-01-13 11:50:00,MVIS
4.11,4.11,4.1,4.1,1164,2022-01-13 11:56:00,MVIS
4.19,4.19,4.19,4.19,100,2022-01-13 12:53:00,MVIS
4.17,4.17,4.17,4.17,500,2022-01-13 13:09:00,MVIS
4.16,4.16,4.14,4.14,800,2022-01-13 13:24:00,MVIS
4.14,4.14,4.14,4.14,1000,2022-01-13 13:27:00,MVIS
4.17,4.17,4.17,4.17,100,2022-01-13 13:50:00,MVIS
4.18,4.18,4.18,4.18,200,2022-01-13 13:58:00,MVIS
4.18,4.18,4.18,4.18,100,2022-01-13 13:59:00,MVIS
4.16,4.16,4.16,4.16,100,2022-01-13 14:00:00,MVIS
4.17,4.17,4.16,4.16,720,2022-01-13 14:04:00,MVIS
4.16,4.16,4.16,4.16,2000,2022-01-13 14:08:00,MVIS
4.16,4.16,4.16,4.16,2000,2022-01-13 14:10:00,MVIS
4.17,4.17,4.17,4.17,100,2022-01-13 14:15:00,MVIS
4.17,4.17,4.17,4.17,230,2022-01-13 14:17:00,MVIS
4.17,4.17,4.17,4.17,100,2022-01-13 14:19:00,MVIS
4.17,4.17,4.17,4.17,589,2022-01-13 14:20:00,MVIS
4.19,4.19,4.19,4.19,7456,2022-01-13 14:27:00,MVIS
4.19,4.19,4.19,4.19,1000,2022-01-13 14:28:00,MVIS
4.19,4.19,4.19,4.19,446,2022-01-13 14:29:00,MVIS
4.2,4.2,4.12,4.15,30978,2022-01-13 14:30:00,MVIS
4.14,4.1409,4.12,4.1409,2693,2022-01-13 14:31:00,MVIS
4.1489,4.17,4.12,4.14,4443,2022-01-13 14:32:00,MVIS
4.15,4.17,4.15,4.15,21380,2022-01-13 14:33:00,MVIS
4.15,4.165,4.14,4.14,3350,2022-01-13 14:34:00,MVIS
4.13,4.135,4.12,4.12,2028,2022-01-13 14:35:00,MVIS
4.12,4.14,4.12,4.14,2729,2022-01-13 14:36:00,MVIS
4.1462,4.18,4.1462,4.16,10014,2022-01-13 14:37:00,MVIS
4.16,4.165,4.1401,4.1401,1500,2022-01-13 14:38:00,MVIS
4.145,4.16,4.145,4.15,1930,2022-01-13 14:39:00,MVIS
4.16,4.16,4.14,4.14,5188,2022-01-13 14:40:00,MVIS
4.15,4.2,4.15,4.1875,27171,2022-01-13 14:41:00,MVIS
4.19,4.195,4.19,4.19,6200,2022-01-13 14:42:00,MVIS
4.18,4.1887,4.15,4.1506,14451,2022-01-13 14:43:00,MVIS
4.17,4.18,4.17,4.18,19428,2022-01-13 14:44:00,MVIS
4.17,4.17,4.161,4.161,2590,2022-01-13 14:45:00,MVIS
4.16,4.165,4.15,4.155,32588,2022-01-13 14:46:00,MVIS
4.16,4.16,4.15,4.155,1500,2022-01-13 14:47:00,MVIS
4.16,4.165,4.14,4.14,8994,2022-01-13 14:48:00,MVIS
4.135,4.14,4.13,4.14,13468,2022-01-13 14:49:00,MVIS
4.135,4.15,4.135,4.15,1910,2022-01-13 14:50:00,MVIS
4.15,4.19,4.145,4.185,18210,2022-01-13 14:51:00,MVIS
4.19,4.205,4.18,4.18,70233,2022-01-13 14:52:00,MVIS
4.175,4.175,4.155,4.1589,6617,2022-01-13 14:53:00,MVIS
4.16,4.165,4.16,4.16,1521,2022-01-13 14:54:00,MVIS
4.16,4.19,4.155,4.18,7304,2022-01-13 14:55:00,MVIS
4.185,4.195,4.185,4.185,8824,2022-01-13 14:56:00,MVIS
4.19,4.195,4.175,4.195,15145,2022-01-13 14:57:00,MVIS
4.2,4.2,4.181,4.185,1608,2022-01-13 14:58:00,MVIS
4.18,4.19,4.18,4.185,2192,2022-01-13 14:59:00,MVIS
4.1814,4.185,4.165,4.165,8983,2022-01-13 15:00:00,MVIS
4.165,4.165,4.1301,4.155,31285,2022-01-13 15:01:00,MVIS
4.151,4.17,4.151,4.165,3905,2022-01-13 15:02:00,MVIS
4.17,4.17,4.155,4.155,5300,2022-01-13 15:03:00,MVIS
4.15,4.1599,4.145,4.1481,7803,2022-01-13 15:04:00,MVIS
4.145,4.15,4.145,4.145,5852,2022-01-13 15:05:00,MVIS
4.14,4.152,4.1399,4.1509,12330,2022-01-13 15:06:00,MVIS
4.15,4.16,4.145,4.16,10940,2022-01-13 15:07:00,MVIS
4.1588,4.1621,4.15,4.15,6243,2022-01-13 15:08:00,MVIS
4.155,4.155,4.142,4.145,3228,2022-01-13 15:09:00,MVIS
4.14,4.14,4.125,4.125,8305,2022-01-13 15:10:00,MVIS
4.12,4.12,4.11,4.115,9918,2022-01-13 15:11:00,MVIS
4.1182,4.12,4.115,4.12,13058,2022-01-13 15:12:00,MVIS
4.125,4.13,4.115,4.1191,4000,2022-01-13 15:13:00,MVIS
4.1105,4.12,4.11,4.11,13032,2022-01-13 15:14:00,MVIS
4.12,4.12,4.11,4.1119,2209,2022-01-13 15:15:00,MVIS
4.12,4.12,4.0915,4.0915,12445,2022-01-13 15:16:00,MVIS
4.095,4.095,4.075,4.0885,35143,2022-01-13 15:17:00,MVIS
4.08,4.08,4.06,4.075,12009,2022-01-13 15:18:00,MVIS
4.071,4.08,4.07,4.08,14546,2022-01-13 15:19:00,MVIS
4.08,4.0913,4.08,4.0913,8995,2022-01-13 15:20:00,MVIS
4.0901,4.1,4.09,4.0988,2934,2022-01-13 15:21:00,MVIS
4.1,4.1,4.0901,4.1,8525,2022-01-13 15:22:00,MVIS
4.1,4.1,4.08,4.0841,11303,2022-01-13 15:23:00,MVIS
4.081,4.0901,4.08,4.0901,11837,2022-01-13 15:24:00,MVIS
4.095,4.1,4.07,4.0713,31956,2022-01-13 15:25:00,MVIS
4.0785,4.08,4.07,4.075,5200,2022-01-13 15:26:00,MVIS
4.0787,4.0787,4.07,4.07,4066,2022-01-13 15:27:00,MVIS
4.07,4.08,4.07,4.0712,5164,2022-01-13 15:28:00,MVIS
4.075,4.08,4.0714,4.075,12554,2022-01-13 15:29:00,MVIS
4.08,4.1,4.08,4.08,14411,2022-01-13 15:30:00,MVIS
4.08,4.08,4.065,4.065,5800,2022-01-13 15:31:00,MVIS
4.06,4.06,4.035,4.035,14489,2022-01-13 15:32:00,MVIS
4.035,4.0399,4.02,4.03,9596,2022-01-13 15:33:00,MVIS
4.0399,4.04,4.03,4.04,9761,2022-01-13 15:34:00,MVIS
4.04,4.04,4.03,4.03,3582,2022-01-13 15:35:00,MVIS
4.03,4.04,4.03,4.03,15200,2022-01-13 15:36:00,MVIS
4.025,4.04,4.02,4.04,8120,2022-01-13 15:37:00,MVIS
4.03,4.03,4.02,4.02,3432,2022-01-13 15:38:00,MVIS
4.02,4.025,4.0,4.015,37252,2022-01-13 15:39:00,MVIS
4.015,4.02,4.01,4.015,9347,2022-01-13 15:40:00,MVIS
4.015,4.015,4.015,4.015,201,2022-01-13 15:41:00,MVIS
4.0174,4.0195,4.015,4.015,1828,2022-01-13 15:42:00,MVIS
4.02,4.02,4.01,4.01,6778,2022-01-13 15:43:00,MVIS
4.02,4.02,4.01,4.01,6869,2022-01-13 15:44:00,MVIS
4.02,4.0301,4.02,4.0301,12879,2022-01-13 15:45:00,MVIS
4.04,4.04,4.0285,4.03,10795,2022-01-13 15:46:00,MVIS
4.02,4.03,4.015,4.03,3644,2022-01-13 15:47:00,MVIS
4.025,4.03,4.005,4.005,8620,2022-01-13 15:48:00,MVIS
4.005,4.0066,3.975,3.98,127492,2022-01-13 15:49:00,MVIS
3.97,3.9799,3.96,3.96,53448,2022-01-13 15:50:00,MVIS
3.955,3.979,3.955,3.975,30089,2022-01-13 15:51:00,MVIS
3.97,3.98,3.97,3.975,11724,2022-01-13 15:52:00,MVIS
3.97,3.9789,3.97,3.975,1300,2022-01-13 15:53:00,MVIS
3.979,3.979,3.961,3.9615,13234,2022-01-13 15:54:00,MVIS
3.9617,3.985,3.9617,3.98,9754,2022-01-13 15:55:00,MVIS
3.9775,3.985,3.971,3.98,17168,2022-01-13 15:56:00,MVIS
3.98,3.99,3.98,3.985,1150,2022-01-13 15:57:00,MVIS
3.9877,3.99,3.985,3.99,1851,2022-01-13 15:58:00,MVIS
3.9881,3.99,3.98,3.985,5135,2022-01-13 15:59:00,MVIS
3.98,3.99,3.98,3.985,6342,2022-01-13 16:00:00,MVIS
3.98,3.99,3.98,3.985,1900,2022-01-13 16:01:00,MVIS
3.9884,3.995,3.98,3.98,30932,2022-01-13 16:02:00,MVIS
3.98,3.985,3.975,3.975,6394,2022-01-13 16:03:00,MVIS
3.97,3.985,3.965,3.981,12376,2022-01-13 16:04:00,MVIS
3.98,4.0186,3.98,4.0186,13468,2022-01-13 16:05:00,MVIS
4.02,4.0264,4.015,4.015,6087,2022-01-13 16:06:00,MVIS
4.015,4.019,4.01,4.019,1239,2022-01-13 16:07:00,MVIS
4.015,4.0199,4.01,4.0199,545,2022-01-13 16:08:00,MVIS
4.015,4.02,4.01,4.01,3949,2022-01-13 16:09:00,MVIS
4.01,4.01,3.99,3.9937,8920,2022-01-13 16:10:00,MVIS
3.995,4.005,3.995,4.0,4447,2022-01-13 16:11:00,MVIS
4.0,4.01,4.0,4.0,2579,2022-01-13 16:12:00,MVIS
4.0,4.015,4.0,4.015,6736,2022-01-13 16:13:00,MVIS
4.0182,4.0182,4.01,4.01,7662,2022-01-13 16:14:00,MVIS
4.015,4.02,4.015,4.02,2474,2022-01-13 16:15:00,MVIS
4.015,4.04,4.015,4.04,11028,2022-01-13 16:16:00,MVIS
4.035,4.04,4.025,4.035,6236,2022-01-13 16:17:00,MVIS
4.03,4.04,4.03,4.035,3477,2022-01-13 16:18:00,MVIS
4.0302,4.04,4.025,4.03,14048,2022-01-13 16:19:00,MVIS
4.0299,4.045,4.02,4.045,5541,2022-01-13 16:20:00,MVIS
4.05,4.05,4.045,4.05,2354,2022-01-13 16:21:00,MVIS
4.05,4.055,4.05,4.055,6500,2022-01-13 16:22:00,MVIS
4.05,4.05,4.045,4.045,3500,2022-01-13 16:23:00,MVIS
4.045,4.0576,4.045,4.0501,1609,2022-01-13 16:24:00,MVIS
4.06,4.06,4.055,4.06,11700,2022-01-13 16:25:00,MVIS
4.0591,4.06,4.055,4.06,4091,2022-01-13 16:26:00,MVIS
4.051,4.06,4.051,4.0574,834,2022-01-13 16:27:00,MVIS
4.06,4.07,4.05,4.06,14908,2022-01-13 16:28:00,MVIS
4.06,4.07,4.06,4.065,1711,2022-01-13 16:29:00,MVIS
4.07,4.07,4.06,4.07,5118,2022-01-13 16:30:00,MVIS
4.07,4.07,4.06,4.07,3960,2022-01-13 16:31:00,MVIS
4.07,4.07,4.05,4.05,12374,2022-01-13 16:32:00,MVIS
4.05,4.0577,4.05,4.055,3920,2022-01-13 16:33:00,MVIS
4.05,4.05,4.04,4.045,17811,2022-01-13 16:34:00,MVIS
4.045,4.06,4.045,4.055,6620,2022-01-13 16:35:00,MVIS
4.055,4.06,4.055,4.055,2081,2022-01-13 16:36:00,MVIS
4.06,4.0699,4.06,4.06,6600,2022-01-13 16:37:00,MVIS
4.065,4.065,4.065,4.065,200,2022-01-13 16:38:00,MVIS
4.065,4.1,4.065,4.1,10567,2022-01-13 16:39:00,MVIS
4.09,4.095,4.0842,4.085,11812,2022-01-13 16:40:00,MVIS
4.081,4.09,4.08,4.09,2100,2022-01-13 16:41:00,MVIS
4.0897,4.0897,4.08,4.0842,2104,2022-01-13 16:42:00,MVIS
4.0896,4.0896,4.08,4.08,6712,2022-01-13 16:43:00,MVIS
4.07,4.0799,4.07,4.07,2221,2022-01-13 16:44:00,MVIS
4.07,4.0711,4.065,4.065,3064,2022-01-13 16:45:00,MVIS
4.0651,4.0651,4.06,4.06,18382,2022-01-13 16:46:00,MVIS
4.065,4.065,4.0617,4.065,900,2022-01-13 16:47:00,MVIS
4.07,4.07,4.0616,4.065,4300,2022-01-13 16:48:00,MVIS
4.065,4.07,4.06,4.07,1300,2022-01-13 16:49:00,MVIS
4.06,4.065,4.06,4.065,1200,2022-01-13 16:50:00,MVIS
4.065,4.0699,4.06,4.06,800,2022-01-13 16:51:00,MVIS
4.07,4.07,4.065,4.07,1600,2022-01-13 16:52:00,MVIS
4.08,4.08,4.0711,4.075,3900,2022-01-13 16:53:00,MVIS
4.08,4.08,4.07,4.08,1100,2022-01-13 16:54:00,MVIS
4.08,4.08,4.075,4.08,1572,2022-01-13 16:55:00,MVIS
4.08,4.08,4.075,4.08,1505,2022-01-13 16:56:00,MVIS
4.075,4.08,4.07,4.08,13738,2022-01-13 16:57:00,MVIS
4.08,4.08,4.07,4.075,3264,2022-01-13 16:58:00,MVIS
4.07,4.08,4.07,4.0708,1620,2022-01-13 16:59:00,MVIS
4.075,4.075,4.061,4.061,1400,2022-01-13 17:00:00,MVIS
4.06,4.06,4.05,4.055,2320,2022-01-13 17:01:00,MVIS
4.05,4.055,4.045,4.055,7809,2022-01-13 17:02:00,MVIS
4.055,4.055,4.05,4.055,2067,2022-01-13 17:03:00,MVIS
4.05,4.05,4.04,4.04,2100,2022-01-13 17:04:00,MVIS
4.04,4.0499,4.04,4.04,4950,2022-01-13 17:05:00,MVIS
4.04,4.045,4.04,4.0401,7600,2022-01-13 17:06:00,MVIS
4.045,4.05,4.04,4.045,1171,2022-01-13 17:07:00,MVIS
4.05,4.06,4.05,4.0599,3123,2022-01-13 17:08:00,MVIS
4.06,4.065,4.055,4.06,4258,2022-01-13 17:09:00,MVIS
4.06,4.06,4.055,4.055,5689,2022-01-13 17:10:00,MVIS
4.06,4.06,4.055,4.055,750,2022-01-13 17:11:00,MVIS
4.06,4.06,4.06,4.06,100,2022-01-13 17:12:00,MVIS
4.055,4.055,4.055,4.055,100,2022-01-13 17:13:00,MVIS
4.055,4.055,4.05,4.051,668,2022-01-13 17:14:00,MVIS
4.06,4.06,4.035,4.035,2291,2022-01-13 17:15:00,MVIS
4.04,4.04,4.03,4.0327,24837,2022-01-13 17:16:00,MVIS
4.03,4.035,4.025,4.025,5279,2022-01-13 17:17:00,MVIS
4.025,4.03,4.025,4.025,900,2022-01-13 17:18:00,MVIS
4.025,4.03,4.02,4.02,13222,2022-01-13 17:19:00,MVIS
4.0263,4.0263,4.01,4.01,4300,2022-01-13 17:20:00,MVIS
4.0,4.005,4.0,4.005,5800,2022-01-13 17:21:00,MVIS
4.005,4.01,4.0,4.005,1086,2022-01-13 17:22:00,MVIS
4.005,4.005,4.005,4.005,1200,2022-01-13 17:23:00,MVIS
4.01,4.02,4.01,4.02,12815,2022-01-13 17:24:00,MVIS
4.0124,4.025,4.0124,4.025,7100,2022-01-13 17:25:00,MVIS
4.02,4.03,4.02,4.02,3544,2022-01-13 17:26:00,MVIS
4.02,4.0202,4.0119,4.0119,2006,2022-01-13 17:27:00,MVIS
4.01,4.015,4.01,4.01,502,2022-01-13 17:28:00,MVIS
4.01,4.01,4.0,4.0,4100,2022-01-13 17:29:00,MVIS
4.0099,4.0099,4.005,4.005,600,2022-01-13 17:30:00,MVIS
4.01,4.01,4.005,4.005,2846,2022-01-13 17:31:00,MVIS
4.0017,4.005,4.0001,4.005,500,2022-01-13 17:32:00,MVIS
4.01,4.01,4.005,4.005,10160,2022-01-13 17:33:00,MVIS
4.0088,4.015,4.005,4.015,6326,2022-01-13 17:34:00,MVIS
4.015,4.015,4.0101,4.0126,529,2022-01-13 17:35:00,MVIS
4.01,4.0166,4.01,4.0166,1455,2022-01-13 17:36:00,MVIS
4.0129,4.015,4.01,4.01,1600,2022-01-13 17:37:00,MVIS
4.01,4.015,4.0017,4.01,3137,2022-01-13 17:38:00,MVIS
4.01,4.02,4.01,4.015,2241,2022-01-13 17:39:00,MVIS
4.015,4.02,4.015,4.0183,1185,2022-01-13 17:40:00,MVIS
4.02,4.021,4.01,4.015,9200,2022-01-13 17:41:00,MVIS
4.01,4.015,4.01,4.015,1173,2022-01-13 17:42:00,MVIS
4.0199,4.0199,4.01,4.01,910,2022-01-13 17:43:00,MVIS
4.01,4.0101,4.005,4.005,2006,2022-01-13 17:44:00,MVIS
4.005,4.015,4.005,4.01,5897,2022-01-13 17:45:00,MVIS
4.0009,4.005,4.0,4.0,3800,2022-01-13 17:46:00,MVIS
4.005,4.005,3.985,3.985,28512,2022-01-13 17:47:00,MVIS
3.99,3.99,3.98,3.985,3300,2022-01-13 17:48:00,MVIS
3.985,3.985,3.98,3.98,400,2022-01-13 17:49:00,MVIS
3.985,3.99,3.98,3.98,19563,2022-01-13 17:50:00,MVIS
3.9899,3.9976,3.98,3.9976,10644,2022-01-13 17:51:00,MVIS
3.995,4.0,3.99,3.995,2116,2022-01-13 17:52:00,MVIS
3.99,3.99,3.98,3.98,3000,2022-01-13 17:53:00,MVIS
3.98,3.99,3.98,3.985,5200,2022-01-13 17:54:00,MVIS
3.985,3.9899,3.97,3.9787,15389,2022-01-13 17:55:00,MVIS
3.98,3.995,3.98,3.995,21366,2022-01-13 17:56:00,MVIS
4.0,4.0,3.995,4.0,2400,2022-01-13 17:57:00,MVIS
4.0,4.0077,4.0,4.0,2749,2022-01-13 17:58:00,MVIS
4.0,4.005,4.0,4.005,7000,2022-01-13 17:59:00,MVIS
4.0,4.005,3.995,4.005,4071,2022-01-13 18:00:00,MVIS
4.0,4.0,3.99,3.99,4616,2022-01-13 18:01:00,MVIS
3.995,4.01,3.9901,4.005,4740,2022-01-13 18:02:00,MVIS
4.01,4.01,3.985,3.995,17137,2022-01-13 18:03:00,MVIS
3.99,4.005,3.99,4.003,1400,2022-01-13 18:04:00,MVIS
4.0033,4.01,3.995,4.01,7672,2022-01-13 18:05:00,MVIS
4.01,4.015,4.01,4.01,1800,2022-01-13 18:06:00,MVIS
4.015,4.015,4.0107,4.0107,700,2022-01-13 18:07:00,MVIS
4.0177,4.025,4.015,4.025,4357,2022-01-13 18:08:00,MVIS
4.025,4.03,4.025,4.03,1100,2022-01-13 18:09:00,MVIS
4.0221,4.0221,4.0211,4.0211,550,2022-01-13 18:10:00,MVIS
4.02,4.02,4.01,4.015,2300,2022-01-13 18:11:00,MVIS
4.01,4.01,4.01,4.01,553,2022-01-13 18:12:00,MVIS
4.0,4.0,3.99,3.995,23119,2022-01-13 18:13:00,MVIS
3.995,3.995,3.99,3.99,800,2022-01-13 18:14:00,MVIS
3.995,4.015,3.99,4.015,21248,2022-01-13 18:15:00,MVIS
4.015,4.015,4.005,4.009,1761,2022-01-13 18:16:00,MVIS
4.005,4.01,4.005,4.005,2000,2022-01-13 18:17:00,MVIS
4.0,4.005,4.0,4.005,500,2022-01-13 18:18:00,MVIS
4.01,4.01,4.0086,4.0092,400,2022-01-13 18:19:00,MVIS
4.005,4.015,4.005,4.015,1467,2022-01-13 18:20:00,MVIS
4.015,4.015,4.015,4.015,200,2022-01-13 18:21:00,MVIS
4.02,4.02,4.01,4.01,1592,2022-01-13 18:22:00,MVIS
4.02,4.02,4.01,4.015,600,2022-01-13 18:23:00,MVIS
4.01,4.01,4.005,4.005,2200,2022-01-13 18:24:00,MVIS
4.0014,4.015,4.0014,4.015,4200,2022-01-13 18:25:00,MVIS
4.01,4.0185,4.01,4.0185,954,2022-01-13 18:26:00,MVIS
4.01,4.01,4.0,4.005,4226,2022-01-13 18:27:00,MVIS
4.01,4.01,4.005,4.005,800,2022-01-13 18:28:00,MVIS
4.01,4.0157,4.01,4.01,2950,2022-01-13 18:29:00,MVIS
4.02,4.02,4.005,4.005,4492,2022-01-13 18:30:00,MVIS
4.01,4.01,4.0,4.0,8163,2022-01-13 18:31:00,MVIS
4.0,4.005,3.995,4.005,1960,2022-01-13 18:32:00,MVIS
4.01,4.01,4.0,4.0,1705,2022-01-13 18:33:00,MVIS
4.005,4.005,4.0,4.0011,1150,2022-01-13 18:34:00,MVIS
4.005,4.0099,3.995,4.0,2077,2022-01-13 18:35:00,MVIS
3.995,4.0,3.995,4.0,400,2022-01-13 18:36:00,MVIS
4.0,4.005,3.995,4.005,4150,2022-01-13 18:37:00,MVIS
4.0,4.0,4.0,4.0,100,2022-01-13 18:38:00,MVIS
4.001,4.005,4.0,4.0,600,2022-01-13 18:39:00,MVIS
4.0,4.005,4.0,4.005,300,2022-01-13 18:40:00,MVIS
4.0056,4.01,4.0,4.0,1200,2022-01-13 18:41:00,MVIS
4.0013,4.015,4.0013,4.015,3828,2022-01-13 18:42:00,MVIS
4.0199,4.0199,4.01,4.01,4142,2022-01-13 18:43:00,MVIS
4.01,4.015,4.01,4.01,1750,2022-01-13 18:44:00,MVIS
4.015,4.02,4.005,4.02,9059,2022-01-13 18:45:00,MVIS
4.015,4.015,4.01,4.0101,1012,2022-01-13 18:46:00,MVIS
4.015,4.015,4.0,4.0,1120,2022-01-13 18:47:00,MVIS
4.005,4.005,4.0009,4.0034,949,2022-01-13 18:48:00,MVIS
4.0,4.0,4.0,4.0,310,2022-01-13 18:49:00,MVIS
4.0,4.0054,4.0,4.0,1646,2022-01-13 18:50:00,MVIS
4.0041,4.0041,4.0,4.0,500,2022-01-13 18:51:00,MVIS
4.0,4.005,4.0,4.005,300,2022-01-13 18:52:00,MVIS
4.005,4.01,4.005,4.005,1200,2022-01-13 18:53:00,MVIS
4.0085,4.015,4.005,4.015,7088,2022-01-13 18:54:00,MVIS
4.015,4.015,4.015,4.015,100,2022-01-13 18:55:00,MVIS
4.015,4.015,4.015,4.015,1000,2022-01-13 18:56:00,MVIS
4.01,4.01,4.01,4.01,250,2022-01-13 18:57:00,MVIS
4.02,4.02,4.015,4.015,1100,2022-01-13 18:58:00,MVIS
4.01,4.01,4.005,4.005,9000,2022-01-13 18:59:00,MVIS
4.005,4.005,4.005,4.005,100,2022-01-13 19:00:00,MVIS
4.0099,4.025,4.005,4.025,8706,2022-01-13 19:01:00,MVIS
4.0235,4.035,4.0235,4.035,2940,2022-01-13 19:02:00,MVIS
4.035,4.035,4.031,4.031,386,2022-01-13 19:03:00,MVIS
4.03,4.03,4.02,4.02,7431,2022-01-13 19:04:00,MVIS
4.0216,4.0275,4.0216,4.025,800,2022-01-13 19:05:00,MVIS
4.02,4.025,4.0117,4.025,8909,2022-01-13 19:06:00,MVIS
4.025,4.025,4.025,4.025,100,2022-01-13 19:07:00,MVIS
4.0265,4.0265,4.025,4.025,4362,2022-01-13 19:08:00,MVIS
4.025,4.025,4.015,4.015,2580,2022-01-13 19:10:00,MVIS
4.015,4.015,4.015,4.015,100,2022-01-13 19:11:00,MVIS
4.0199,4.0199,4.015,4.015,450,2022-01-13 19:12:00,MVIS
4.02,4.025,4.015,4.025,9960,2022-01-13 19:13:00,MVIS
4.02,4.0299,4.02,4.02,6565,2022-01-13 19:14:00,MVIS
4.03,4.03,4.02,4.02,3885,2022-01-13 19:15:00,MVIS
4.015,4.015,4.01,4.01,13147,2022-01-13 19:16:00,MVIS
4.015,4.02,4.01,4.019,3097,2022-01-13 19:17:00,MVIS
4.015,4.015,4.005,4.015,7050,2022-01-13 19:18:00,MVIS
4.015,4.015,4.0145,4.0145,200,2022-01-13 19:19:00,MVIS
4.015,4.015,4.015,4.015,601,2022-01-13 19:20:00,MVIS
4.01,4.02,4.01,4.02,6600,2022-01-13 19:21:00,MVIS
4.025,4.025,4.025,4.025,300,2022-01-13 19:22:00,MVIS
4.0201,4.025,4.0201,4.025,1350,2022-01-13 19:23:00,MVIS
4.025,4.0275,4.02,4.0275,1500,2022-01-13 19:24:00,MVIS
4.028,4.028,4.02,4.0207,525,2022-01-13 19:25:00,MVIS
4.025,4.025,4.02,4.02,1500,2022-01-13 19:26:00,MVIS
4.02,4.025,4.0149,4.015,3954,2022-01-13 19:27:00,MVIS
4.01,4.015,4.01,4.01,549,2022-01-13 19:28:00,MVIS
4.017,4.017,4.005,4.005,3026,2022-01-13 19:29:00,MVIS
4.0,4.005,3.9916,4.005,11039,2022-01-13 19:30:00,MVIS
4.005,4.005,3.99,3.99,7606,2022-01-13 19:31:00,MVIS
3.99,3.99,3.975,3.985,11931,2022-01-13 19:32:00,MVIS
3.9846,3.99,3.9846,3.985,3802,2022-01-13 19:33:00,MVIS
3.985,3.995,3.98,3.995,8963,2022-01-13 19:34:00,MVIS
3.99,3.995,3.985,3.985,2753,2022-01-13 19:35:00,MVIS
3.99,3.99,3.98,3.9803,1143,2022-01-13 19:36:00,MVIS
3.98,3.98,3.9721,3.975,3187,2022-01-13 19:37:00,MVIS
3.975,3.9799,3.9719,3.975,1300,2022-01-13 19:38:00,MVIS
3.975,3.975,3.965,3.975,15024,2022-01-13 19:39:00,MVIS
3.98,3.98,3.975,3.9781,1000,2022-01-13 19:40:00,MVIS
3.975,3.9783,3.96,3.97,15149,2022-01-13 19:41:00,MVIS
3.97,3.979,3.96,3.96,1758,2022-01-13 19:42:00,MVIS
3.965,3.965,3.965,3.965,400,2022-01-13 19:43:00,MVIS
3.965,3.985,3.965,3.975,12838,2022-01-13 19:44:00,MVIS
3.975,3.98,3.975,3.98,500,2022-01-13 19:45:00,MVIS
3.97,3.975,3.97,3.975,1100,2022-01-13 19:46:00,MVIS
3.97,3.97,3.965,3.965,1500,2022-01-13 19:47:00,MVIS
3.96,3.97,3.96,3.965,1400,2022-01-13 19:48:00,MVIS
3.965,3.9675,3.95,3.955,14414,2022-01-13 19:49:00,MVIS
3.955,3.96,3.95,3.955,3550,2022-01-13 19:50:00,MVIS
3.95,3.965,3.95,3.96,18687,2022-01-13 19:51:00,MVIS
3.955,3.96,3.955,3.955,1117,2022-01-13 19:52:00,MVIS
3.9587,3.9589,3.955,3.9588,729,2022-01-13 19:53:00,MVIS
3.96,3.96,3.95,3.9599,11905,2022-01-13 19:54:00,MVIS
3.96,3.965,3.955,3.965,2458,2022-01-13 19:55:00,MVIS
3.96,3.965,3.96,3.96,1000,2022-01-13 19:56:00,MVIS
3.96,3.98,3.96,3.975,14788,2022-01-13 19:57:00,MVIS
3.98,3.99,3.98,3.985,8534,2022-01-13 19:58:00,MVIS
3.985,3.99,3.98,3.985,15916,2022-01-13 19:59:00,MVIS
3.98,3.98,3.97,3.9701,10310,2022-01-13 20:00:00,MVIS
3.975,3.98,3.97,3.975,1400,2022-01-13 20:01:00,MVIS
3.975,3.98,3.965,3.965,8610,2022-01-13 20:02:00,MVIS
3.96,3.96,3.955,3.955,4789,2022-01-13 20:03:00,MVIS
3.96,3.965,3.95,3.965,22734,2022-01-13 20:04:00,MVIS
3.97,3.99,3.965,3.98,19561,2022-01-13 20:05:00,MVIS
3.98,3.985,3.97,3.97,1571,2022-01-13 20:06:00,MVIS
3.97,3.97,3.96,3.96,2952,2022-01-13 20:07:00,MVIS
3.9584,3.9584,3.95,3.955,1579,2022-01-13 20:08:00,MVIS
3.9516,3.9585,3.95,3.95,8734,2022-01-13 20:09:00,MVIS
3.95,3.955,3.95,3.955,4122,2022-01-13 20:10:00,MVIS
3.952,3.955,3.94,3.94,12419,2022-01-13 20:11:00,MVIS
3.94,3.949,3.94,3.9476,3080,2022-01-13 20:12:00,MVIS
3.9411,3.9411,3.92,3.9327,24128,2022-01-13 20:13:00,MVIS
3.94,3.94,3.92,3.925,22896,2022-01-13 20:14:00,MVIS
3.925,3.93,3.9211,3.9287,9139,2022-01-13 20:15:00,MVIS
3.9281,3.9281,3.92,3.92,14138,2022-01-13 20:16:00,MVIS
3.92,3.93,3.92,3.92,5361,2022-01-13 20:17:00,MVIS
3.93,3.94,3.92,3.93,9644,2022-01-13 20:18:00,MVIS
3.94,3.955,3.935,3.94,20875,2022-01-13 20:19:00,MVIS
3.945,3.95,3.94,3.95,3129,2022-01-13 20:20:00,MVIS
3.945,3.95,3.94,3.945,3184,2022-01-13 20:21:00,MVIS
3.95,3.95,3.93,3.935,9683,2022-01-13 20:22:00,MVIS
3.935,3.94,3.92,3.925,9403,2022-01-13 20:23:00,MVIS
3.92,3.9282,3.92,3.9282,2194,2022-01-13 20:24:00,MVIS
3.925,3.93,3.92,3.9275,3274,2022-01-13 20:25:00,MVIS
3.925,3.925,3.91,3.91,9059,2022-01-13 20:26:00,MVIS
3.9175,3.9175,3.905,3.91,23927,2022-01-13 20:27:00,MVIS
3.91,3.92,3.91,3.915,1433,2022-01-13 20:28:00,MVIS
3.9101,3.915,3.91,3.915,8096,2022-01-13 20:29:00,MVIS
3.915,3.92,3.91,3.915,28439,2022-01-13 20:30:00,MVIS
3.915,3.92,3.91,3.915,7075,2022-01-13 20:31:00,MVIS
3.915,3.92,3.91,3.915,7404,2022-01-13 20:32:00,MVIS
3.915,3.94,3.915,3.94,27435,2022-01-13 20:33:00,MVIS
3.94,3.9481,3.935,3.94,11307,2022-01-13 20:34:00,MVIS
3.94,3.95,3.93,3.935,20135,2022-01-13 20:35:00,MVIS
3.93,3.9314,3.925,3.925,6102,2022-01-13 20:36:00,MVIS
3.925,3.925,3.915,3.915,6379,2022-01-13 20:37:00,MVIS
3.915,3.92,3.91,3.915,11174,2022-01-13 20:38:00,MVIS
3.915,3.92,3.91,3.92,10796,2022-01-13 20:39:00,MVIS
3.92,3.92,3.91,3.915,6303,2022-01-13 20:40:00,MVIS
3.92,3.92,3.91,3.9181,5810,2022-01-13 20:41:00,MVIS
3.9184,3.925,3.91,3.91,30641,2022-01-13 20:42:00,MVIS
3.915,3.92,3.915,3.92,3006,2022-01-13 20:43:00,MVIS
3.915,3.92,3.91,3.91,30901,2022-01-13 20:44:00,MVIS
3.9194,3.9194,3.9,3.905,19779,2022-01-13 20:45:00,MVIS
3.905,3.92,3.9,3.9,66837,2022-01-13 20:46:00,MVIS
3.905,3.9083,3.9,3.905,4654,2022-01-13 20:47:00,MVIS
3.9,3.9077,3.9,3.9077,5591,2022-01-13 20:48:00,MVIS
3.905,3.91,3.9,3.905,8339,2022-01-13 20:49:00,MVIS
3.905,3.91,3.88,3.885,86906,2022-01-13 20:50:00,MVIS
3.88,3.8899,3.87,3.875,35604,2022-01-13 20:51:00,MVIS
3.875,3.88,3.87,3.875,8109,2022-01-13 20:52:00,MVIS
3.8717,3.88,3.87,3.87,29922,2022-01-13 20:53:00,MVIS
3.875,3.88,3.87,3.8719,11331,2022-01-13 20:54:00,MVIS
3.875,3.8791,3.855,3.865,68833,2022-01-13 20:55:00,MVIS
3.865,3.88,3.865,3.8777,43837,2022-01-13 20:56:00,MVIS
3.88,3.89,3.8799,3.885,16127,2022-01-13 20:57:00,MVIS
3.885,3.89,3.88,3.8899,11921,2022-01-13 20:58:00,MVIS
3.88,3.8883,3.87,3.87,52734,2022-01-13 20:59:00,MVIS
3.87,3.89,3.85,3.87,94600,2022-01-13 21:00:00,MVIS
3.87,3.87,3.87,3.87,2022,2022-01-13 21:01:00,MVIS
3.89,3.89,3.89,3.89,370,2022-01-13 21:03:00,MVIS
3.94,3.97,3.89,3.97,626,2022-01-13 21:04:00,MVIS
3.89,3.89,3.89,3.89,1170,2022-01-13 21:06:00,MVIS
3.94,3.94,3.94,3.94,1000,2022-01-13 21:07:00,MVIS
3.91,3.91,3.9,3.9,1326,2022-01-13 21:08:00,MVIS
3.9,3.9,3.9,3.9,1000,2022-01-13 21:12:00,MVIS
3.94,3.94,3.94,3.94,128,2022-01-13 21:17:00,MVIS
3.93,3.93,3.93,3.93,140,2022-01-13 21:18:00,MVIS
3.92,3.92,3.92,3.92,100,2022-01-13 21:19:00,MVIS
3.94,3.94,3.94,3.94,100,2022-01-13 21:21:00,MVIS
3.94,3.94,3.94,3.94,100,2022-01-13 21:22:00,MVIS
3.94,3.94,3.94,3.94,128,2022-01-13 21:28:00,MVIS
3.94,3.94,3.94,3.94,100,2022-01-13 21:44:00,MVIS
3.93,3.93,3.93,3.93,1747,2022-01-13 21:46:00,MVIS
3.93,3.93,3.93,3.93,550,2022-01-13 21:49:00,MVIS
3.93,3.93,3.93,3.93,171,2022-01-13 21:50:00,MVIS
3.9,3.9,3.9,3.9,500,2022-01-13 22:03:00,MVIS
3.94,3.94,3.94,3.94,500,2022-01-13 22:07:00,MVIS
3.9,3.9,3.9,3.9,392,2022-01-13 22:14:00,MVIS
3.93,3.93,3.93,3.93,300,2022-01-13 22:20:00,MVIS
3.94,3.94,3.94,3.94,153,2022-01-13 22:23:00,MVIS
3.9,3.9,3.9,3.9,100,2022-01-13 22:40:00,MVIS
3.93,3.93,3.93,3.93,110,2022-01-13 22:41:00,MVIS
3.92,3.92,3.92,3.92,400,2022-01-13 22:53:00,MVIS
3.93,3.93,3.93,3.93,201,2022-01-13 23:15:00,MVIS
3.93,3.93,3.93,3.93,276,2022-01-13 23:48:00,MVIS
3.93,3.93,3.93,3.93,185,2022-01-14 00:03:00,MVIS
3.95,3.95,3.95,3.95,100,2022-01-14 00:35:00,MVIS
3.93,3.93,3.93,3.93,300,2022-01-14 00:41:00,MVIS
3.93,3.93,3.91,3.91,987,2022-01-14 00:43:00,MVIS
3.95,3.95,3.95,3.95,500,2022-01-14 00:58:00,MVIS
3.9,3.9,3.9,3.9,200,2022-01-14 09:20:00,MVIS
3.89,3.89,3.89,3.89,196,2022-01-14 09:33:00,MVIS
3.92,3.92,3.92,3.92,170,2022-01-14 09:55:00,MVIS
3.9,3.9,3.9,3.9,184,2022-01-14 09:58:00,MVIS
3.9,3.9,3.9,3.9,200,2022-01-14 10:42:00,MVIS
3.94,3.94,3.94,3.94,100,2022-01-14 11:25:00,MVIS
3.94,3.94,3.94,3.94,100,2022-01-14 11:54:00,MVIS
3.94,3.94,3.94,3.94,996,2022-01-14 12:00:00,MVIS
3.91,3.92,3.91,3.92,799,2022-01-14 12:28:00,MVIS
3.91,3.91,3.91,3.91,303,2022-01-14 12:45:00,MVIS
3.9,3.9,3.9,3.9,1607,2022-01-14 12:50:00,MVIS
3.87,3.87,3.87,3.87,300,2022-01-14 13:01:00,MVIS
3.86,3.86,3.86,3.86,500,2022-01-14 13:06:00,MVIS
3.86,3.86,3.85,3.85,690,2022-01-14 13:10:00,MVIS
3.8501,3.8501,3.8501,3.8501,2706,2022-01-14 13:11:00,MVIS
3.85,3.85,3.85,3.85,100,2022-01-14 13:22:00,MVIS
3.85,3.85,3.85,3.85,400,2022-01-14 13:29:00,MVIS
3.85,3.85,3.85,3.85,358,2022-01-14 13:30:00,MVIS
3.85,3.85,3.85,3.85,135,2022-01-14 13:31:00,MVIS
3.85,3.85,3.85,3.85,100,2022-01-14 13:33:00,MVIS
3.84,3.84,3.84,3.84,400,2022-01-14 13:36:00,MVIS
3.85,3.85,3.85,3.85,242,2022-01-14 13:38:00,MVIS
3.84,3.84,3.84,3.84,134,2022-01-14 13:44:00,MVIS
3.81,3.81,3.81,3.81,190,2022-01-14 13:45:00,MVIS
3.8,3.8,3.8,3.8,514,2022-01-14 13:47:00,MVIS
3.8,3.8,3.8,3.8,500,2022-01-14 13:49:00,MVIS
3.8,3.8,3.8,3.8,500,2022-01-14 13:51:00,MVIS
3.8,3.82,3.8,3.82,1100,2022-01-14 13:52:00,MVIS
3.82,3.83,3.82,3.83,4000,2022-01-14 13:54:00,MVIS
3.83,3.83,3.83,3.83,100,2022-01-14 13:55:00,MVIS
3.792,3.8296,3.792,3.8296,750,2022-01-14 13:56:00,MVIS
3.8299,3.8299,3.8299,3.8299,100,2022-01-14 13:57:00,MVIS
3.83,3.83,3.81,3.81,4563,2022-01-14 13:58:00,MVIS
3.82,3.82,3.82,3.82,300,2022-01-14 13:59:00,MVIS
3.82,3.82,3.82,3.82,110,2022-01-14 14:02:00,MVIS
3.81,3.81,3.81,3.81,500,2022-01-14 14:03:00,MVIS
3.79,3.79,3.79,3.79,100,2022-01-14 14:07:00,MVIS
3.7901,3.7901,3.7901,3.7901,100,2022-01-14 14:09:00,MVIS
3.79,3.79,3.79,3.79,253,2022-01-14 14:10:00,MVIS
3.7999,3.7999,3.7999,3.7999,500,2022-01-14 14:11:00,MVIS
3.8,3.81,3.8,3.81,299,2022-01-14 14:12:00,MVIS
3.8899,3.8899,3.8899,3.8899,8062,2022-01-14 14:14:00,MVIS
3.88,3.88,3.88,3.88,451,2022-01-14 14:15:00,MVIS
3.8,3.8,3.8,3.8,150,2022-01-14 14:16:00,MVIS
3.8897,3.8897,3.8897,3.8897,148,2022-01-14 14:18:00,MVIS
3.89,3.89,3.89,3.89,200,2022-01-14 14:21:00,MVIS
3.87,3.87,3.87,3.87,150,2022-01-14 14:22:00,MVIS
3.8101,3.8101,3.81,3.81,1000,2022-01-14 14:23:00,MVIS
3.8399,3.8399,3.8399,3.8399,300,2022-01-14 14:24:00,MVIS
3.8,3.87,3.8,3.87,2531,2022-01-14 14:25:00,MVIS
3.87,3.87,3.87,3.87,261,2022-01-14 14:27:00,MVIS
3.83,3.83,3.83,3.83,263,2022-01-14 14:28:00,MVIS
3.83,3.83,3.83,3.83,459,2022-01-14 14:29:00,MVIS
3.8,3.8,3.78,3.78,68964,2022-01-14 14:30:00,MVIS
3.77,3.78,3.76,3.78,13019,2022-01-14 14:31:00,MVIS
3.78,3.8,3.78,3.799,35184,2022-01-14 14:32:00,MVIS
3.79,3.79,3.7501,3.7501,10960,2022-01-14 14:33:00,MVIS
3.75,3.7741,3.74,3.7741,49709,2022-01-14 14:34:00,MVIS
3.78,3.82,3.78,3.8199,21240,2022-01-14 14:35:00,MVIS
3.81,3.86,3.81,3.8582,17770,2022-01-14 14:36:00,MVIS
3.85,3.8621,3.84,3.8621,15115,2022-01-14 14:37:00,MVIS
3.86,3.87,3.8553,3.86,21862,2022-01-14 14:38:00,MVIS
3.8699,3.87,3.835,3.87,4850,2022-01-14 14:39:00,MVIS
3.861,3.92,3.861,3.905,90957,2022-01-14 14:40:00,MVIS
3.905,3.91,3.88,3.88,10632,2022-01-14 14:41:00,MVIS
3.87,3.89,3.87,3.89,8341,2022-01-14 14:42:00,MVIS
3.8808,3.9,3.88,3.9,9420,2022-01-14 14:43:00,MVIS
3.899,3.92,3.895,3.91,11243,2022-01-14 14:44:00,MVIS
3.91,3.91,3.87,3.9,32236,2022-01-14 14:45:00,MVIS
3.9,3.92,3.895,3.91,6159,2022-01-14 14:46:00,MVIS
3.91,3.915,3.88,3.885,21052,2022-01-14 14:47:00,MVIS
3.88,3.9,3.865,3.8901,14433,2022-01-14 14:48:00,MVIS
3.89,3.89,3.87,3.87,4787,2022-01-14 14:49:00,MVIS
3.86,3.9,3.85,3.895,24056,2022-01-14 14:50:00,MVIS
3.89,3.9,3.88,3.8899,6030,2022-01-14 14:51:00,MVIS
3.885,3.885,3.8512,3.865,7233,2022-01-14 14:52:00,MVIS
3.865,3.87,3.865,3.865,3317,2022-01-14 14:53:00,MVIS
3.865,3.87,3.865,3.8697,3900,2022-01-14 14:54:00,MVIS
3.87,3.9,3.87,3.895,6899,2022-01-14 14:55:00,MVIS
3.8983,3.9,3.885,3.885,2807,2022-01-14 14:56:00,MVIS
3.885,3.8901,3.88,3.89,6675,2022-01-14 14:57:00,MVIS
3.89,3.9,3.89,3.9,21353,2022-01-14 14:58:00,MVIS
3.89,3.9,3.89,3.9,8563,2022-01-14 14:59:00,MVIS
3.9,3.9,3.88,3.895,8923,2022-01-14 15:00:00,MVIS
3.89,3.89,3.86,3.86,13316,2022-01-14 15:01:00,MVIS
3.86,3.865,3.8577,3.86,7600,2022-01-14 15:02:00,MVIS
3.86,3.86,3.83,3.845,39286,2022-01-14 15:03:00,MVIS
3.85,3.87,3.845,3.87,14121,2022-01-14 15:04:00,MVIS
3.87,3.8859,3.87,3.88,5400,2022-01-14 15:05:00,MVIS
3.89,3.89,3.885,3.89,2125,2022-01-14 15:06:00,MVIS
3.885,3.91,3.885,3.8901,26292,2022-01-14 15:07:00,MVIS
3.89,3.92,3.89,3.915,12876,2022-01-14 15:08:00,MVIS
3.92,3.92,3.9,3.9,8706,2022-01-14 15:09:00,MVIS
3.9037,3.915,3.89,3.905,15361,2022-01-14 15:10:00,MVIS
3.9,3.92,3.9,3.91,2385,2022-01-14 15:11:00,MVIS
3.91,3.92,3.9,3.915,22242,2022-01-14 15:12:00,MVIS
3.919,3.9199,3.91,3.91,2550,2022-01-14 15:13:00,MVIS
3.9143,3.9174,3.9,3.9,14197,2022-01-14 15:14:00,MVIS
3.9,3.92,3.9,3.91,21055,2022-01-14 15:15:00,MVIS
3.91,3.9274,3.9,3.9274,29345,2022-01-14 15:16:00,MVIS
3.92,3.925,3.915,3.92,18206,2022-01-14 15:17:00,MVIS
3.93,3.96,3.93,3.955,32738,2022-01-14 15:18:00,MVIS
3.9569,3.96,3.94,3.94,27208,2022-01-14 15:19:00,MVIS
3.94,3.95,3.925,3.925,20431,2022-01-14 15:20:00,MVIS
3.925,3.925,3.915,3.915,4000,2022-01-14 15:21:00,MVIS
3.91,3.92,3.9001,3.905,36666,2022-01-14 15:22:00,MVIS
3.9,3.91,3.895,3.895,21658,2022-01-14 15:23:00,MVIS
3.895,3.895,3.885,3.885,5101,2022-01-14 15:24:00,MVIS
3.885,3.9086,3.885,3.9086,12558,2022-01-14 15:25:00,MVIS
3.905,3.905,3.8809,3.89,33455,2022-01-14 15:26:00,MVIS
3.885,3.89,3.885,3.89,3205,2022-01-14 15:27:00,MVIS
3.895,3.905,3.895,3.9,7600,2022-01-14 15:28:00,MVIS
3.9,3.91,3.9,3.91,8100,2022-01-14 15:29:00,MVIS
3.9096,3.9096,3.88,3.8822,15239,2022-01-14 15:30:00,MVIS
3.88,3.89,3.87,3.88,15607,2022-01-14 15:31:00,MVIS
3.8873,3.8899,3.88,3.8899,700,2022-01-14 15:32:00,MVIS
3.885,3.885,3.88,3.885,600,2022-01-14 15:33:00,MVIS
3.89,3.89,3.885,3.89,12847,2022-01-14 15:34:00,MVIS
3.88,3.88,3.875,3.875,3226,2022-01-14 15:35:00,MVIS
3.877,3.877,3.85,3.86,10225,2022-01-14 15:36:00,MVIS
3.855,3.8585,3.84,3.845,13117,2022-01-14 15:37:00,MVIS
3.845,3.855,3.84,3.855,11216,2022-01-14 15:38:00,MVIS
3.86,3.86,3.85,3.85,7982,2022-01-14 15:39:00,MVIS
3.86,3.86,3.8501,3.86,4400,2022-01-14 15:40:00,MVIS
3.855,3.86,3.8482,3.85,6945,2022-01-14 15:41:00,MVIS
3.85,3.86,3.85,3.8526,3963,2022-01-14 15:42:00,MVIS
3.855,3.855,3.835,3.835,8472,2022-01-14 15:43:00,MVIS
3.835,3.8374,3.83,3.83,800,2022-01-14 15:44:00,MVIS
3.835,3.835,3.81,3.8306,35860,2022-01-14 15:45:00,MVIS
3.8316,3.84,3.83,3.8305,8590,2022-01-14 15:46:00,MVIS
3.83,3.841,3.83,3.841,6900,2022-01-14 15:47:00,MVIS
3.85,3.86,3.84,3.845,10469,2022-01-14 15:48:00,MVIS
3.84,3.86,3.84,3.855,14534,2022-01-14 15:49:00,MVIS
3.855,3.855,3.84,3.845,5074,2022-01-14 15:50:00,MVIS
3.84,3.84,3.83,3.835,7160,2022-01-14 15:51:00,MVIS
3.8376,3.8376,3.8215,3.8215,13988,2022-01-14 15:52:00,MVIS
3.8205,3.83,3.82,3.821,8361,2022-01-14 15:53:00,MVIS
3.83,3.845,3.83,3.845,4900,2022-01-14 15:54:00,MVIS
3.84,3.85,3.835,3.85,16526,2022-01-14 15:55:00,MVIS
3.85,3.85,3.84,3.84,11788,2022-01-14 15:56:00,MVIS
3.84,3.85,3.84,3.845,9059,2022-01-14 15:57:00,MVIS
3.8401,3.85,3.84,3.845,2810,2022-01-14 15:58:00,MVIS
3.845,3.85,3.845,3.8485,2032,2022-01-14 15:59:00,MVIS
3.845,3.85,3.84,3.85,2009,2022-01-14 16:00:00,MVIS
3.85,3.88,3.85,3.875,16803,2022-01-14 16:01:00,MVIS
3.875,3.875,3.84,3.84,11312,2022-01-14 16:02:00,MVIS
3.83,3.83,3.82,3.825,32861,2022-01-14 16:03:00,MVIS
3.82,3.83,3.81,3.825,29275,2022-01-14 16:04:00,MVIS
3.82,3.8279,3.82,3.8279,2642,2022-01-14 16:05:00,MVIS
3.825,3.83,3.8201,3.8201,5101,2022-01-14 16:06:00,MVIS
3.825,3.825,3.81,3.81,5958,2022-01-14 16:07:00,MVIS
3.81,3.82,3.81,3.815,3732,2022-01-14 16:08:00,MVIS
3.8146,3.8146,3.8,3.8024,7334,2022-01-14 16:09:00,MVIS
3.8,3.81,3.8,3.8086,14928,2022-01-14 16:10:00,MVIS
3.81,3.82,3.8001,3.805,19002,2022-01-14 16:11:00,MVIS
3.81,3.83,3.81,3.822,24733,2022-01-14 16:12:00,MVIS
3.83,3.84,3.8201,3.825,8192,2022-01-14 16:13:00,MVIS
3.825,3.83,3.81,3.815,11772,2022-01-14 16:14:00,MVIS
3.815,3.8175,3.805,3.8175,5864,2022-01-14 16:15:00,MVIS
3.81,3.815,3.805,3.815,2656,2022-01-14 16:16:00,MVIS
3.811,3.82,3.8101,3.82,6885,2022-01-14 16:17:00,MVIS
3.8201,3.8201,3.815,3.815,22362,2022-01-14 16:18:00,MVIS
3.818,3.82,3.81,3.8116,7153,2022-01-14 16:19:00,MVIS
3.815,3.82,3.815,3.82,6200,2022-01-14 16:20:00,MVIS
3.82,3.83,3.8158,3.825,4133,2022-01-14 16:21:00,MVIS
3.83,3.835,3.825,3.825,14274,2022-01-14 16:22:00,MVIS
3.8275,3.8304,3.825,3.8266,11507,2022-01-14 16:23:00,MVIS
3.83,3.84,3.83,3.835,4606,2022-01-14 16:24:00,MVIS
3.84,3.855,3.8399,3.855,6178,2022-01-14 16:25:00,MVIS
3.86,3.87,3.86,3.87,1900,2022-01-14 16:26:00,MVIS
3.8686,3.87,3.865,3.865,13876,2022-01-14 16:27:00,MVIS
3.86,3.87,3.86,3.87,2050,2022-01-14 16:28:00,MVIS
3.86,3.86,3.8515,3.855,14782,2022-01-14 16:29:00,MVIS
3.85,3.855,3.84,3.85,4741,2022-01-14 16:30:00,MVIS
3.845,3.85,3.845,3.845,2905,2022-01-14 16:31:00,MVIS
3.845,3.87,3.845,3.87,11616,2022-01-14 16:32:00,MVIS
3.87,3.87,3.86,3.865,6517,2022-01-14 16:33:00,MVIS
3.87,3.87,3.865,3.87,15242,2022-01-14 16:34:00,MVIS
3.87,3.8701,3.865,3.8701,9463,2022-01-14 16:35:00,MVIS
3.875,3.88,3.87,3.88,5225,2022-01-14 16:36:00,MVIS
3.875,3.885,3.87,3.88,19350,2022-01-14 16:37:00,MVIS
3.875,3.88,3.87,3.875,1631,2022-01-14 16:38:00,MVIS
3.87,3.8777,3.87,3.8777,229,2022-01-14 16:39:00,MVIS
3.8783,3.8783,3.875,3.875,1317,2022-01-14 16:40:00,MVIS
3.8776,3.8776,3.86,3.86,5653,2022-01-14 16:41:00,MVIS
3.86,3.8699,3.86,3.865,1807,2022-01-14 16:42:00,MVIS
3.87,3.87,3.86,3.865,1255,2022-01-14 16:43:00,MVIS
3.8606,3.8855,3.8606,3.8855,19589,2022-01-14 16:44:00,MVIS
3.885,3.895,3.881,3.89,22481,2022-01-14 16:45:00,MVIS
3.885,3.8868,3.8801,3.885,1100,2022-01-14 16:46:00,MVIS
3.885,3.89,3.885,3.89,920,2022-01-14 16:47:00,MVIS
3.89,3.89,3.885,3.89,1530,2022-01-14 16:48:00,MVIS
3.88,3.885,3.86,3.865,12728,2022-01-14 16:49:00,MVIS
3.8699,3.87,3.86,3.8646,2340,2022-01-14 16:50:00,MVIS
3.86,3.86,3.86,3.86,800,2022-01-14 16:51:00,MVIS
3.855,3.855,3.855,3.855,202,2022-01-14 16:52:00,MVIS
3.858,3.858,3.8501,3.8509,3505,2022-01-14 16:53:00,MVIS
3.8577,3.86,3.855,3.855,3600,2022-01-14 16:54:00,MVIS
3.855,3.855,3.832,3.835,13215,2022-01-14 16:55:00,MVIS
3.835,3.835,3.835,3.835,1410,2022-01-14 16:56:00,MVIS
3.832,3.835,3.83,3.835,800,2022-01-14 16:57:00,MVIS
3.83,3.8382,3.825,3.825,3880,2022-01-14 16:58:00,MVIS
3.825,3.825,3.82,3.82,600,2022-01-14 16:59:00,MVIS
3.825,3.825,3.81,3.815,8605,2022-01-14 17:00:00,MVIS
3.8185,3.8185,3.81,3.81,1268,2022-01-14 17:01:00,MVIS
3.81,3.83,3.81,3.83,21669,2022-01-14 17:02:00,MVIS
3.825,3.83,3.82,3.82,12699,2022-01-14 17:03:00,MVIS
3.81,3.815,3.81,3.815,425,2022-01-14 17:04:00,MVIS
3.8192,3.8192,3.8192,3.8192,1000,2022-01-14 17:05:00,MVIS
3.81,3.818,3.81,3.815,7980,2022-01-14 17:06:00,MVIS
3.82,3.82,3.8101,3.815,18600,2022-01-14 17:07:00,MVIS
3.82,3.82,3.81,3.81,1430,2022-01-14 17:08:00,MVIS
3.815,3.835,3.815,3.835,15883,2022-01-14 17:09:00,MVIS
3.825,3.835,3.825,3.835,2630,2022-01-14 17:10:00,MVIS
3.83,3.83,3.8209,3.8209,1937,2022-01-14 17:11:00,MVIS
3.8281,3.8284,3.825,3.825,600,2022-01-14 17:12:00,MVIS
3.83,3.83,3.8209,3.825,1893,2022-01-14 17:13:00,MVIS
3.825,3.83,3.82,3.8299,12327,2022-01-14 17:14:00,MVIS
3.83,3.8407,3.8282,3.84,19062,2022-01-14 17:15:00,MVIS
3.84,3.8475,3.84,3.84,1369,2022-01-14 17:16:00,MVIS
3.845,3.848,3.8414,3.8414,1840,2022-01-14 17:17:00,MVIS
3.85,3.85,3.845,3.845,28136,2022-01-14 17:18:00,MVIS
3.8465,3.8465,3.8416,3.8416,1380,2022-01-14 17:19:00,MVIS
3.84,3.8482,3.84,3.8482,2000,2022-01-14 17:20:00,MVIS
3.845,3.845,3.84,3.8433,3410,2022-01-14 17:21:00,MVIS
3.85,3.85,3.8401,3.845,924,2022-01-14 17:22:00,MVIS
3.84,3.84,3.835,3.835,1901,2022-01-14 17:23:00,MVIS
3.835,3.835,3.825,3.8281,3013,2022-01-14 17:24:00,MVIS
3.8255,3.8287,3.82,3.825,5332,2022-01-14 17:25:00,MVIS
3.825,3.83,3.825,3.825,950,2022-01-14 17:26:00,MVIS
3.82,3.825,3.8127,3.8127,4428,2022-01-14 17:27:00,MVIS
3.82,3.82,3.815,3.815,925,2022-01-14 17:28:00,MVIS
3.8189,3.82,3.815,3.82,12547,2022-01-14 17:29:00,MVIS
3.825,3.825,3.82,3.825,1667,2022-01-14 17:30:00,MVIS
3.82,3.825,3.815,3.82,14696,2022-01-14 17:31:00,MVIS
3.83,3.83,3.81,3.815,7012,2022-01-14 17:33:00,MVIS
3.8114,3.8187,3.8102,3.8187,3509,2022-01-14 17:34:00,MVIS
3.82,3.82,3.815,3.8182,6709,2022-01-14 17:35:00,MVIS
3.82,3.82,3.815,3.8179,400,2022-01-14 17:36:00,MVIS
3.8156,3.8199,3.8111,3.8199,1934,2022-01-14 17:37:00,MVIS
3.818,3.818,3.81,3.81,3743,2022-01-14 17:38:00,MVIS
3.81,3.8193,3.81,3.815,7253,2022-01-14 17:39:00,MVIS
3.81,3.815,3.805,3.81,22812,2022-01-14 17:40:00,MVIS
3.8199,3.8199,3.81,3.815,2612,2022-01-14 17:41:00,MVIS
3.81,3.8183,3.81,3.8183,658,2022-01-14 17:42:00,MVIS
3.811,3.8183,3.81,3.8111,2657,2022-01-14 17:43:00,MVIS
3.8119,3.82,3.8114,3.815,16773,2022-01-14 17:44:00,MVIS
3.8182,3.8182,3.81,3.812,933,2022-01-14 17:45:00,MVIS
3.815,3.82,3.8116,3.815,13227,2022-01-14 17:46:00,MVIS
3.81,3.8183,3.805,3.8183,48039,2022-01-14 17:47:00,MVIS
3.81,3.815,3.81,3.815,900,2022-01-14 17:48:00,MVIS
3.8115,3.815,3.81,3.81,3028,2022-01-14 17:49:00,MVIS
3.81,3.8218,3.81,3.8218,16815,2022-01-14 17:50:00,MVIS
3.825,3.84,3.825,3.84,61712,2022-01-14 17:51:00,MVIS
3.8388,3.8388,3.83,3.8386,1630,2022-01-14 17:52:00,MVIS
3.835,3.8385,3.83,3.8382,2615,2022-01-14 17:53:00,MVIS
3.835,3.835,3.835,3.835,1930,2022-01-14 17:54:00,MVIS
3.835,3.84,3.8341,3.8382,2231,2022-01-14 17:55:00,MVIS
3.835,3.84,3.815,3.815,25072,2022-01-14 17:56:00,MVIS
3.82,3.82,3.81,3.81,1286,2022-01-14 17:57:00,MVIS
3.81,3.82,3.81,3.8199,9670,2022-01-14 17:59:00,MVIS
3.815,3.819,3.815,3.815,1550,2022-01-14 18:00:00,MVIS
3.815,3.83,3.815,3.8283,18952,2022-01-14 18:01:00,MVIS
3.825,3.8258,3.825,3.8258,1950,2022-01-14 18:02:00,MVIS
3.83,3.83,3.82,3.825,2168,2022-01-14 18:03:00,MVIS
3.82,3.83,3.82,3.825,3900,2022-01-14 18:04:00,MVIS
3.8256,3.8256,3.8215,3.8215,1550,2022-01-14 18:05:00,MVIS
3.8201,3.83,3.815,3.82,18714,2022-01-14 18:06:00,MVIS
3.815,3.82,3.81,3.815,2431,2022-01-14 18:07:00,MVIS
3.81,3.8199,3.81,3.8199,27013,2022-01-14 18:09:00,MVIS
3.82,3.82,3.81,3.81,900,2022-01-14 18:10:00,MVIS
3.81,3.81,3.805,3.81,45536,2022-01-14 18:11:00,MVIS
3.81,3.815,3.805,3.8126,12960,2022-01-14 18:12:00,MVIS
3.815,3.82,3.815,3.8193,1700,2022-01-14 18:14:00,MVIS
3.82,3.82,3.8125,3.82,702,2022-01-14 18:15:00,MVIS
3.815,3.82,3.8123,3.82,925,2022-01-14 18:16:00,MVIS
3.82,3.82,3.8101,3.815,1290,2022-01-14 18:17:00,MVIS
3.815,3.82,3.815,3.82,2233,2022-01-14 18:18:00,MVIS
3.8182,3.8182,3.81,3.815,832,2022-01-14 18:19:00,MVIS
3.815,3.82,3.81,3.815,3022,2022-01-14 18:20:00,MVIS
3.8199,3.8199,3.805,3.805,6869,2022-01-14 18:21:00,MVIS
3.8,3.805,3.795,3.795,32045,2022-01-14 18:23:00,MVIS
3.7915,3.7915,3.7915,3.7915,1309,2022-01-14 18:24:00,MVIS
3.7901,3.8,3.7901,3.7954,17055,2022-01-14 18:25:00,MVIS
3.7919,3.7991,3.7901,3.7987,3081,2022-01-14 18:26:00,MVIS
3.79,3.7999,3.79,3.7999,5831,2022-01-14 18:27:00,MVIS
3.8,3.8,3.79,3.798,1545,2022-01-14 18:28:00,MVIS
3.795,3.795,3.795,3.795,200,2022-01-14 18:29:00,MVIS
3.8,3.81,3.795,3.8,23186,2022-01-14 18:30:00,MVIS
3.805,3.81,3.8,3.805,2346,2022-01-14 18:31:00,MVIS
3.81,3.81,3.8,3.8001,3510,2022-01-14 18:32:00,MVIS
3.81,3.81,3.805,3.81,409,2022-01-14 18:33:00,MVIS
3.809,3.81,3.795,3.795,10050,2022-01-14 18:34:00,MVIS
3.795,3.8,3.785,3.785,5832,2022-01-14 18:35:00,MVIS
3.78,3.78,3.765,3.765,47972,2022-01-14 18:36:00,MVIS
3.775,3.775,3.77,3.77,1400,2022-01-14 18:37:00,MVIS
3.775,3.775,3.755,3.755,22623,2022-01-14 18:38:00,MVIS
3.75,3.77,3.75,3.76,15803,2022-01-14 18:39:00,MVIS
3.765,3.77,3.7626,3.765,2407,2022-01-14 18:40:00,MVIS
3.7699,3.79,3.765,3.79,29861,2022-01-14 18:41:00,MVIS
3.79,3.8,3.79,3.795,5233,2022-01-14 18:42:00,MVIS
3.79,3.795,3.79,3.795,6063,2022-01-14 18:43:00,MVIS
3.79,3.7999,3.79,3.792,2800,2022-01-14 18:44:00,MVIS
3.795,3.7977,3.7812,3.785,4654,2022-01-14 18:45:00,MVIS
3.79,3.795,3.79,3.795,5903,2022-01-14 18:46:00,MVIS
3.795,3.795,3.79,3.79,5231,2022-01-14 18:47:00,MVIS
3.795,3.795,3.79,3.79,1650,2022-01-14 18:48:00,MVIS
3.795,3.795,3.79,3.79,790,2022-01-14 18:49:00,MVIS
3.795,3.805,3.79,3.8,26956,2022-01-14 18:50:00,MVIS
3.805,3.809,3.805,3.805,650,2022-01-14 18:51:00,MVIS
3.805,3.805,3.805,3.805,123,2022-01-14 18:52:00,MVIS
3.8,3.81,3.8,3.805,951,2022-01-14 18:53:00,MVIS
3.805,3.81,3.8,3.8,12068,2022-01-14 18:54:00,MVIS
3.805,3.81,3.805,3.81,1498,2022-01-14 18:55:00,MVIS
3.81,3.82,3.805,3.81,4606,2022-01-14 18:56:00,MVIS
3.81,3.83,3.81,3.83,12756,2022-01-14 18:57:00,MVIS
3.82,3.83,3.82,3.83,6726,2022-01-14 18:58:00,MVIS
3.8207,3.84,3.82,3.835,19431,2022-01-14 18:59:00,MVIS
3.835,3.84,3.825,3.83,6240,2022-01-14 19:00:00,MVIS
3.835,3.84,3.835,3.84,530,2022-01-14 19:01:00,MVIS
3.835,3.835,3.835,3.835,100,2022-01-14 19:02:00,MVIS
3.83,3.835,3.8218,3.8218,7162,2022-01-14 19:03:00,MVIS
3.82,3.82,3.815,3.8199,6154,2022-01-14 19:04:00,MVIS
3.815,3.82,3.81,3.81,700,2022-01-14 19:05:00,MVIS
3.815,3.8189,3.81,3.8189,1400,2022-01-14 19:06:00,MVIS
3.815,3.815,3.811,3.811,1350,2022-01-14 19:07:00,MVIS
3.81,3.81,3.8,3.8,10223,2022-01-14 19:08:00,MVIS
3.805,3.805,3.8,3.8,1200,2022-01-14 19:09:00,MVIS
3.8006,3.8086,3.8,3.805,1000,2022-01-14 19:10:00,MVIS
3.8001,3.8001,3.791,3.791,7258,2022-01-14 19:11:00,MVIS
3.7902,3.8,3.79,3.79,9731,2022-01-14 19:12:00,MVIS
3.795,3.8,3.7901,3.795,907,2022-01-14 19:13:00,MVIS
3.8,3.81,3.795,3.81,11510,2022-01-14 19:14:00,MVIS
3.805,3.81,3.795,3.795,7164,2022-01-14 19:15:00,MVIS
3.7901,3.8,3.7901,3.7968,6587,2022-01-14 19:16:00,MVIS
3.795,3.795,3.795,3.795,100,2022-01-14 19:17:00,MVIS
3.795,3.8,3.795,3.795,3139,2022-01-14 19:18:00,MVIS
3.8,3.8,3.79,3.79,3232,2022-01-14 19:19:00,MVIS
3.795,3.795,3.795,3.795,130,2022-01-14 19:21:00,MVIS
3.797,3.797,3.79,3.79,7520,2022-01-14 19:22:00,MVIS
3.7949,3.795,3.79,3.795,21250,2022-01-14 19:23:00,MVIS
3.79,3.795,3.775,3.79,42253,2022-01-14 19:24:00,MVIS
3.785,3.785,3.78,3.785,900,2022-01-14 19:25:00,MVIS
3.785,3.785,3.775,3.78,4651,2022-01-14 19:26:00,MVIS
3.775,3.775,3.77,3.77,2991,2022-01-14 19:27:00,MVIS
3.78,3.78,3.775,3.78,2700,2022-01-14 19:28:00,MVIS
3.78,3.79,3.775,3.785,10936,2022-01-14 19:29:00,MVIS
3.7899,3.7899,3.78,3.7898,2250,2022-01-14 19:30:00,MVIS
3.79,3.795,3.785,3.785,10343,2022-01-14 19:31:00,MVIS
3.785,3.795,3.785,3.795,3371,2022-01-14 19:32:00,MVIS
3.79,3.809,3.79,3.8,8189,2022-01-14 19:33:00,MVIS
3.8074,3.81,3.8015,3.81,9470,2022-01-14 19:34:00,MVIS
3.81,3.82,3.81,3.82,5800,2022-01-14 19:35:00,MVIS
3.82,3.8375,3.82,3.83,14034,2022-01-14 19:36:00,MVIS
3.84,3.84,3.83,3.835,3398,2022-01-14 19:37:00,MVIS
3.8399,3.85,3.8399,3.8474,29039,2022-01-14 19:38:00,MVIS
3.845,3.845,3.84,3.84,1675,2022-01-14 19:39:00,MVIS
3.84,3.8483,3.835,3.835,6830,2022-01-14 19:40:00,MVIS
3.84,3.845,3.835,3.845,4615,2022-01-14 19:41:00,MVIS
3.8402,3.8402,3.8402,3.8402,2500,2022-01-14 19:42:00,MVIS
3.84,3.8477,3.84,3.8477,361,2022-01-14 19:43:00,MVIS
3.8482,3.85,3.84,3.845,5407,2022-01-14 19:44:00,MVIS
3.84,3.845,3.84,3.84,5286,2022-01-14 19:45:00,MVIS
3.845,3.845,3.84,3.845,400,2022-01-14 19:46:00,MVIS
3.8466,3.855,3.845,3.855,6264,2022-01-14 19:47:00,MVIS
3.8501,3.8501,3.84,3.845,3513,2022-01-14 19:48:00,MVIS
3.845,3.845,3.835,3.835,2180,2022-01-14 19:49:00,MVIS
3.84,3.845,3.835,3.835,13703,2022-01-14 19:50:00,MVIS
3.835,3.835,3.835,3.835,400,2022-01-14 19:51:00,MVIS
3.8383,3.8383,3.8383,3.8383,104,2022-01-14 19:53:00,MVIS
3.83,3.83,3.83,3.83,400,2022-01-14 19:54:00,MVIS
3.835,3.835,3.83,3.83,700,2022-01-14 19:55:00,MVIS
3.84,3.84,3.83,3.83,7623,2022-01-14 19:56:00,MVIS
3.83,3.835,3.83,3.835,2175,2022-01-14 19:57:00,MVIS
3.835,3.835,3.83,3.83,4390,2022-01-14 19:58:00,MVIS
3.83,3.83,3.825,3.825,4650,2022-01-14 19:59:00,MVIS
3.825,3.85,3.825,3.845,24120,2022-01-14 20:00:00,MVIS
3.85,3.86,3.85,3.8568,3950,2022-01-14 20:01:00,MVIS
3.86,3.865,3.85,3.85,22725,2022-01-14 20:02:00,MVIS
3.855,3.86,3.855,3.86,1497,2022-01-14 20:03:00,MVIS
3.86,3.865,3.86,3.865,1300,2022-01-14 20:04:00,MVIS
3.865,3.865,3.865,3.865,700,2022-01-14 20:05:00,MVIS
3.86,3.8656,3.86,3.865,1029,2022-01-14 20:06:00,MVIS
3.86,3.865,3.86,3.8601,1500,2022-01-14 20:07:00,MVIS
3.87,3.87,3.84,3.845,10500,2022-01-14 20:08:00,MVIS
3.845,3.8574,3.845,3.845,15811,2022-01-14 20:09:00,MVIS
3.8499,3.85,3.835,3.835,13079,2022-01-14 20:10:00,MVIS
3.84,3.84,3.835,3.8398,2400,2022-01-14 20:11:00,MVIS
3.84,3.86,3.84,3.855,8922,2022-01-14 20:12:00,MVIS
3.8599,3.86,3.85,3.8575,5700,2022-01-14 20:13:00,MVIS
3.855,3.855,3.8544,3.8544,1900,2022-01-14 20:14:00,MVIS
3.855,3.86,3.855,3.86,6759,2022-01-14 20:15:00,MVIS
3.86,3.87,3.8501,3.87,9641,2022-01-14 20:16:00,MVIS
3.88,3.88,3.88,3.88,1100,2022-01-14 20:17:00,MVIS
3.88,3.885,3.88,3.885,4040,2022-01-14 20:18:00,MVIS
3.88,3.88,3.875,3.875,7100,2022-01-14 20:19:00,MVIS
3.88,3.88,3.87,3.875,1877,2022-01-14 20:20:00,MVIS
3.8768,3.88,3.875,3.875,4100,2022-01-14 20:21:00,MVIS
3.88,3.8899,3.88,3.8899,5111,2022-01-14 20:22:00,MVIS
3.885,3.885,3.885,3.885,2500,2022-01-14 20:23:00,MVIS
3.885,3.89,3.88,3.885,13396,2022-01-14 20:24:00,MVIS
3.885,3.885,3.88,3.88,4225,2022-01-14 20:25:00,MVIS
3.8801,3.8985,3.8801,3.89,27855,2022-01-14 20:26:00,MVIS
3.89,3.89,3.88,3.885,5895,2022-01-14 20:27:00,MVIS
3.8801,3.8889,3.875,3.875,11200,2022-01-14 20:28:00,MVIS
3.875,3.8752,3.87,3.8752,3000,2022-01-14 20:29:00,MVIS
3.875,3.885,3.8701,3.885,24129,2022-01-14 20:30:00,MVIS
3.885,3.89,3.88,3.885,3600,2022-01-14 20:31:00,MVIS
3.89,3.895,3.875,3.875,40085,2022-01-14 20:32:00,MVIS
3.88,3.88,3.8701,3.8701,4227,2022-01-14 20:33:00,MVIS
3.8719,3.8757,3.865,3.87,10438,2022-01-14 20:34:00,MVIS
3.865,3.865,3.86,3.86,600,2022-01-14 20:35:00,MVIS
3.865,3.875,3.8601,3.875,23950,2022-01-14 20:36:00,MVIS
3.875,3.88,3.87,3.88,7509,2022-01-14 20:37:00,MVIS
3.88,3.89,3.88,3.885,10282,2022-01-14 20:38:00,MVIS
3.885,3.89,3.87,3.88,24123,2022-01-14 20:39:00,MVIS
3.875,3.875,3.865,3.87,10123,2022-01-14 20:40:00,MVIS
3.864,3.87,3.864,3.865,3362,2022-01-14 20:41:00,MVIS
3.8682,3.88,3.865,3.875,26287,2022-01-14 20:42:00,MVIS
3.88,3.88,3.8723,3.88,11480,2022-01-14 20:43:00,MVIS
3.88,3.885,3.875,3.885,12097,2022-01-14 20:44:00,MVIS
3.885,3.89,3.88,3.8898,13504,2022-01-14 20:45:00,MVIS
3.89,3.89,3.865,3.865,21784,2022-01-14 20:46:00,MVIS
3.865,3.865,3.855,3.865,28764,2022-01-14 20:47:00,MVIS
3.865,3.8699,3.865,3.8699,2475,2022-01-14 20:48:00,MVIS
3.865,3.865,3.86,3.865,2624,2022-01-14 20:49:00,MVIS
3.865,3.88,3.865,3.8723,23575,2022-01-14 20:50:00,MVIS
3.875,3.8768,3.865,3.865,44005,2022-01-14 20:51:00,MVIS
3.865,3.87,3.86,3.86,6607,2022-01-14 20:52:00,MVIS
3.865,3.87,3.8604,3.87,8748,2022-01-14 20:53:00,MVIS
3.865,3.87,3.86,3.86,13519,2022-01-14 20:54:00,MVIS
3.865,3.87,3.86,3.865,16124,2022-01-14 20:55:00,MVIS
3.87,3.87,3.855,3.855,60976,2022-01-14 20:56:00,MVIS
3.855,3.855,3.85,3.855,18365,2022-01-14 20:57:00,MVIS
3.855,3.87,3.855,3.87,45803,2022-01-14 20:58:00,MVIS
3.865,3.87,3.85,3.855,37161,2022-01-14 20:59:00,MVIS
3.86,3.86,3.85,3.85,102905,2022-01-14 21:00:00,MVIS
3.85,3.86,3.85,3.86,555,2022-01-14 21:06:00,MVIS
3.86,3.86,3.85,3.85,200,2022-01-14 21:08:00,MVIS
3.8501,3.8501,3.85,3.85,200,2022-01-14 21:09:00,MVIS
3.86,3.86,3.86,3.86,100,2022-01-14 21:10:00,MVIS
3.85,3.85,3.85,3.85,200,2022-01-14 21:11:00,MVIS
3.88,3.88,3.88,3.88,100,2022-01-14 21:12:00,MVIS
3.9,3.9,3.9,3.9,150,2022-01-14 21:31:00,MVIS
3.9,3.9,3.9,3.9,100,2022-01-14 21:39:00,MVIS
3.9,3.9,3.9,3.9,200,2022-01-14 21:40:00,MVIS
3.92,3.92,3.92,3.92,400,2022-01-14 22:43:00,MVIS
3.91,3.91,3.91,3.91,650,2022-01-14 22:58:00,MVIS
3.91,3.91,3.91,3.91,150,2022-01-14 23:04:00,MVIS
3.92,3.92,3.92,3.92,300,2022-01-14 23:09:00,MVIS
3.89,3.89,3.89,3.89,200,2022-01-15 00:44:00,MVIS
3.83,3.83,3.83,3.83,1407,2022-01-18 09:00:00,MVIS
3.83,3.83,3.83,3.83,500,2022-01-18 09:06:00,MVIS
3.88,3.88,3.88,3.88,800,2022-01-18 09:09:00,MVIS
3.82,3.82,3.82,3.82,100,2022-01-18 09:14:00,MVIS
3.81,3.82,3.81,3.82,260,2022-01-18 09:26:00,MVIS
3.8,3.8,3.8,3.8,100,2022-01-18 09:30:00,MVIS
3.8,3.8,3.8,3.8,393,2022-01-18 09:40:00,MVIS
3.8,3.8,3.8,3.8,100,2022-01-18 10:14:00,MVIS
3.74,3.74,3.74,3.74,100,2022-01-18 11:19:00,MVIS
3.79,3.79,3.79,3.79,500,2022-01-18 11:41:00,MVIS
3.79,3.8,3.79,3.8,1500,2022-01-18 12:00:00,MVIS
3.78,3.78,3.78,3.78,100,2022-01-18 12:02:00,MVIS
3.77,3.77,3.77,3.77,200,2022-01-18 13:00:00,MVIS
3.77,3.77,3.74,3.74,6471,2022-01-18 13:03:00,MVIS
3.75,3.75,3.75,3.75,200,2022-01-18 13:04:00,MVIS
3.75,3.75,3.75,3.75,500,2022-01-18 13:18:00,MVIS
3.74,3.74,3.72,3.72,200,2022-01-18 13:28:00,MVIS
3.73,3.73,3.72,3.72,425,2022-01-18 13:31:00,MVIS
3.75,3.75,3.75,3.75,2709,2022-01-18 13:32:00,MVIS
3.78,3.79,3.77,3.79,1141,2022-01-18 13:33:00,MVIS
3.79,3.8,3.79,3.8,6622,2022-01-18 13:34:00,MVIS
3.8,3.8,3.8,3.8,986,2022-01-18 13:38:00,MVIS
3.81,3.82,3.81,3.82,1666,2022-01-18 13:39:00,MVIS
3.83,3.85,3.83,3.85,600,2022-01-18 13:41:00,MVIS
3.86,3.86,3.86,3.86,100,2022-01-18 13:44:00,MVIS
3.87,3.87,3.86,3.86,2179,2022-01-18 13:49:00,MVIS
3.83,3.83,3.83,3.83,100,2022-01-18 13:55:00,MVIS
3.84,3.84,3.84,3.84,343,2022-01-18 13:58:00,MVIS
3.82,3.82,3.82,3.82,100,2022-01-18 14:06:00,MVIS
3.83,3.83,3.83,3.83,12026,2022-01-18 14:08:00,MVIS
3.83,3.83,3.83,3.83,183,2022-01-18 14:09:00,MVIS
3.82,3.82,3.82,3.82,200,2022-01-18 14:11:00,MVIS
3.83,3.83,3.82,3.82,318,2022-01-18 14:12:00,MVIS
3.83,3.83,3.83,3.83,310,2022-01-18 14:13:00,MVIS
3.82,3.82,3.82,3.82,151,2022-01-18 14:16:00,MVIS
3.81,3.81,3.8,3.8,494,2022-01-18 14:17:00,MVIS
3.8,3.8,3.8,3.8,250,2022-01-18 14:18:00,MVIS
3.8,3.8,3.8,3.8,200,2022-01-18 14:19:00,MVIS
3.8,3.8,3.8,3.8,262,2022-01-18 14:22:00,MVIS
3.79,3.79,3.79,3.79,300,2022-01-18 14:25:00,MVIS
3.7381,3.76,3.7381,3.76,1624,2022-01-18 14:27:00,MVIS
3.75,3.75,3.75,3.75,464,2022-01-18 14:28:00,MVIS
3.75,3.75,3.67,3.68,76004,2022-01-18 14:30:00,MVIS
3.68,3.75,3.68,3.7,42565,2022-01-18 14:31:00,MVIS
3.7084,3.7355,3.7,3.7235,13662,2022-01-18 14:32:00,MVIS
3.75,3.7749,3.7276,3.77,28393,2022-01-18 14:33:00,MVIS
3.76,3.76,3.695,3.7,18437,2022-01-18 14:34:00,MVIS
3.691,3.7455,3.691,3.74,10356,2022-01-18 14:35:00,MVIS
3.745,3.745,3.73,3.73,14237,2022-01-18 14:36:00,MVIS
3.73,3.76,3.73,3.76,8539,2022-01-18 14:37:00,MVIS
3.76,3.78,3.76,3.76,11698,2022-01-18 14:38:00,MVIS
3.75,3.75,3.725,3.725,10289,2022-01-18 14:39:00,MVIS
3.73,3.745,3.71,3.71,22156,2022-01-18 14:40:00,MVIS
3.71,3.75,3.71,3.745,15183,2022-01-18 14:41:00,MVIS
3.741,3.7692,3.74,3.7692,8016,2022-01-18 14:42:00,MVIS
3.77,3.78,3.77,3.7784,8018,2022-01-18 14:43:00,MVIS
3.775,3.79,3.76,3.785,25329,2022-01-18 14:44:00,MVIS
3.78,3.79,3.75,3.755,18053,2022-01-18 14:45:00,MVIS
3.76,3.7801,3.76,3.7801,7052,2022-01-18 14:46:00,MVIS
3.79,3.81,3.765,3.78,52059,2022-01-18 14:47:00,MVIS
3.7799,3.7899,3.77,3.78,6280,2022-01-18 14:48:00,MVIS
3.78,3.78,3.7587,3.77,23755,2022-01-18 14:49:00,MVIS
3.765,3.77,3.76,3.76,4600,2022-01-18 14:50:00,MVIS
3.755,3.78,3.735,3.765,22445,2022-01-18 14:51:00,MVIS
3.77,3.79,3.77,3.78,6932,2022-01-18 14:52:00,MVIS
3.775,3.79,3.77,3.785,2377,2022-01-18 14:53:00,MVIS
3.7884,3.8,3.775,3.7801,12549,2022-01-18 14:54:00,MVIS
3.775,3.78,3.765,3.765,5564,2022-01-18 14:55:00,MVIS
3.765,3.7681,3.76,3.76,2780,2022-01-18 14:56:00,MVIS
3.76,3.76,3.75,3.7501,7637,2022-01-18 14:57:00,MVIS
3.7573,3.765,3.755,3.755,13394,2022-01-18 14:58:00,MVIS
3.76,3.76,3.75,3.755,3840,2022-01-18 14:59:00,MVIS
3.75,3.75,3.72,3.7214,39470,2022-01-18 15:00:00,MVIS
3.72,3.72,3.71,3.71,6295,2022-01-18 15:01:00,MVIS
3.71,3.725,3.705,3.725,8708,2022-01-18 15:02:00,MVIS
3.711,3.715,3.71,3.715,1950,2022-01-18 15:03:00,MVIS
3.71,3.715,3.71,3.7112,4175,2022-01-18 15:04:00,MVIS
3.7122,3.7201,3.71,3.715,6215,2022-01-18 15:05:00,MVIS
3.71,3.77,3.7,3.7615,32079,2022-01-18 15:06:00,MVIS
3.77,3.8,3.77,3.78,18700,2022-01-18 15:07:00,MVIS
3.775,3.795,3.77,3.79,15027,2022-01-18 15:08:00,MVIS
3.795,3.8,3.795,3.795,2415,2022-01-18 15:09:00,MVIS
3.795,3.83,3.795,3.82,45260,2022-01-18 15:10:00,MVIS
3.821,3.83,3.82,3.83,5576,2022-01-18 15:11:00,MVIS
3.82,3.82,3.8001,3.8001,9568,2022-01-18 15:12:00,MVIS
3.8,3.81,3.79,3.79,8723,2022-01-18 15:13:00,MVIS
3.79,3.795,3.79,3.795,2700,2022-01-18 15:14:00,MVIS
3.8,3.82,3.795,3.819,9558,2022-01-18 15:15:00,MVIS
3.81,3.81,3.8,3.8001,5800,2022-01-18 15:16:00,MVIS
3.81,3.8101,3.8015,3.81,10779,2022-01-18 15:17:00,MVIS
3.81,3.82,3.795,3.82,15185,2022-01-18 15:18:00,MVIS
3.815,3.815,3.8,3.8,3602,2022-01-18 15:19:00,MVIS
3.8,3.81,3.8,3.805,19125,2022-01-18 15:20:00,MVIS
3.8,3.8,3.7925,3.795,8911,2022-01-18 15:21:00,MVIS
3.795,3.8,3.79,3.79,2890,2022-01-18 15:22:00,MVIS
3.795,3.81,3.79,3.81,9401,2022-01-18 15:23:00,MVIS
3.81,3.83,3.8,3.8287,16670,2022-01-18 15:24:00,MVIS
3.83,3.84,3.81,3.81,33924,2022-01-18 15:25:00,MVIS
3.81,3.81,3.8,3.8,2646,2022-01-18 15:26:00,MVIS
3.805,3.815,3.805,3.8114,6105,2022-01-18 15:27:00,MVIS
3.81,3.82,3.81,3.82,2974,2022-01-18 15:28:00,MVIS
3.815,3.82,3.81,3.82,4826,2022-01-18 15:29:00,MVIS
3.825,3.825,3.775,3.775,112294,2022-01-18 15:30:00,MVIS
3.77,3.775,3.76,3.765,2089,2022-01-18 15:31:00,MVIS
3.765,3.78,3.765,3.775,14412,2022-01-18 15:32:00,MVIS
3.775,3.775,3.75,3.76,11450,2022-01-18 15:33:00,MVIS
3.755,3.76,3.75,3.75,2400,2022-01-18 15:34:00,MVIS
3.755,3.755,3.73,3.735,10002,2022-01-18 15:35:00,MVIS
3.735,3.75,3.73,3.745,18352,2022-01-18 15:36:00,MVIS
3.74,3.745,3.73,3.74,7590,2022-01-18 15:37:00,MVIS
3.74,3.74,3.73,3.73,13889,2022-01-18 15:38:00,MVIS
3.73,3.74,3.72,3.7301,27169,2022-01-18 15:39:00,MVIS
3.73,3.735,3.7246,3.735,13212,2022-01-18 15:40:00,MVIS
3.74,3.74,3.73,3.735,5462,2022-01-18 15:41:00,MVIS
3.74,3.75,3.73,3.74,25428,2022-01-18 15:42:00,MVIS
3.75,3.75,3.73,3.735,11475,2022-01-18 15:43:00,MVIS
3.7383,3.76,3.735,3.755,12772,2022-01-18 15:44:00,MVIS
3.7587,3.765,3.74,3.74,10536,2022-01-18 15:45:00,MVIS
3.735,3.75,3.73,3.75,4819,2022-01-18 15:46:00,MVIS
3.745,3.76,3.74,3.7419,12020,2022-01-18 15:47:00,MVIS
3.745,3.76,3.745,3.7581,1850,2022-01-18 15:48:00,MVIS
3.755,3.7687,3.755,3.7599,16256,2022-01-18 15:49:00,MVIS
3.75,3.765,3.75,3.76,2850,2022-01-18 15:50:00,MVIS
3.76,3.7692,3.75,3.755,10748,2022-01-18 15:51:00,MVIS
3.76,3.76,3.75,3.75,4647,2022-01-18 15:52:00,MVIS
3.745,3.745,3.73,3.735,16160,2022-01-18 15:53:00,MVIS
3.735,3.74,3.73,3.73,2371,2022-01-18 15:54:00,MVIS
3.7301,3.74,3.72,3.7387,21573,2022-01-18 15:55:00,MVIS
3.74,3.74,3.73,3.735,1691,2022-01-18 15:56:00,MVIS
3.74,3.74,3.73,3.735,7771,2022-01-18 15:57:00,MVIS
3.735,3.735,3.72,3.7284,15231,2022-01-18 15:58:00,MVIS
3.725,3.75,3.725,3.745,13482,2022-01-18 15:59:00,MVIS
3.7431,3.75,3.7431,3.75,501,2022-01-18 16:00:00,MVIS
3.745,3.7499,3.73,3.73,7039,2022-01-18 16:01:00,MVIS
3.735,3.7386,3.7212,3.725,6888,2022-01-18 16:02:00,MVIS
3.725,3.7341,3.725,3.7341,8816,2022-01-18 16:03:00,MVIS
3.735,3.74,3.735,3.74,2510,2022-01-18 16:04:00,MVIS
3.7319,3.7399,3.7215,3.725,16521,2022-01-18 16:05:00,MVIS
3.73,3.73,3.72,3.72,1400,2022-01-18 16:06:00,MVIS
3.72,3.73,3.715,3.715,63964,2022-01-18 16:07:00,MVIS
3.715,3.715,3.71,3.71,9289,2022-01-18 16:08:00,MVIS
3.715,3.72,3.71,3.715,6745,2022-01-18 16:09:00,MVIS
3.72,3.7255,3.715,3.725,23977,2022-01-18 16:10:00,MVIS
3.72,3.7299,3.7106,3.7106,4522,2022-01-18 16:11:00,MVIS
3.71,3.71,3.7,3.7,5859,2022-01-18 16:12:00,MVIS
3.705,3.705,3.69,3.695,17702,2022-01-18 16:13:00,MVIS
3.6999,3.71,3.695,3.705,20240,2022-01-18 16:14:00,MVIS
3.71,3.725,3.71,3.715,13424,2022-01-18 16:15:00,MVIS
3.72,3.72,3.705,3.705,3623,2022-01-18 16:16:00,MVIS
3.705,3.71,3.695,3.695,4070,2022-01-18 16:17:00,MVIS
3.7,3.7081,3.695,3.705,6300,2022-01-18 16:18:00,MVIS
3.71,3.71,3.7001,3.71,19768,2022-01-18 16:19:00,MVIS
3.7,3.705,3.69,3.6999,8553,2022-01-18 16:20:00,MVIS
3.69,3.705,3.69,3.7,20031,2022-01-18 16:21:00,MVIS
3.7084,3.71,3.7016,3.7016,4350,2022-01-18 16:22:00,MVIS
3.7,3.71,3.7,3.7,1139,2022-01-18 16:23:00,MVIS
3.7,3.7,3.69,3.6921,14520,2022-01-18 16:24:00,MVIS
3.6901,3.7,3.6901,3.695,2650,2022-01-18 16:25:00,MVIS
3.69,3.7,3.69,3.695,2636,2022-01-18 16:26:00,MVIS
3.6981,3.7,3.69,3.695,1418,2022-01-18 16:27:00,MVIS
3.6999,3.6999,3.685,3.685,13720,2022-01-18 16:28:00,MVIS
3.685,3.6885,3.68,3.6801,8955,2022-01-18 16:29:00,MVIS
3.68,3.6884,3.67,3.675,15933,2022-01-18 16:30:00,MVIS
3.675,3.6777,3.67,3.675,3450,2022-01-18 16:31:00,MVIS
3.67,3.678,3.67,3.675,6031,2022-01-18 16:32:00,MVIS
3.675,3.675,3.665,3.675,39799,2022-01-18 16:33:00,MVIS
3.68,3.69,3.67,3.6783,16300,2022-01-18 16:34:00,MVIS
3.68,3.695,3.6788,3.69,9827,2022-01-18 16:35:00,MVIS
3.685,3.69,3.68,3.685,3328,2022-01-18 16:36:00,MVIS
3.685,3.715,3.685,3.715,10804,2022-01-18 16:37:00,MVIS
3.7119,3.72,3.71,3.715,3110,2022-01-18 16:38:00,MVIS
3.715,3.72,3.705,3.705,24429,2022-01-18 16:39:00,MVIS
3.705,3.705,3.69,3.695,24836,2022-01-18 16:40:00,MVIS
3.7,3.71,3.695,3.71,19295,2022-01-18 16:41:00,MVIS
3.7101,3.715,3.705,3.71,12263,2022-01-18 16:42:00,MVIS
3.71,3.71,3.7,3.705,2800,2022-01-18 16:43:00,MVIS
3.705,3.71,3.7,3.7,2800,2022-01-18 16:44:00,MVIS
3.71,3.71,3.705,3.705,3600,2022-01-18 16:45:00,MVIS
3.7018,3.72,3.7018,3.72,4546,2022-01-18 16:46:00,MVIS
3.715,3.715,3.715,3.715,550,2022-01-18 16:47:00,MVIS
3.715,3.7196,3.715,3.7196,700,2022-01-18 16:48:00,MVIS
3.715,3.72,3.7117,3.715,2200,2022-01-18 16:49:00,MVIS
3.72,3.725,3.715,3.725,21508,2022-01-18 16:50:00,MVIS
3.725,3.725,3.725,3.725,864,2022-01-18 16:51:00,MVIS
3.7286,3.735,3.725,3.735,71259,2022-01-18 16:52:00,MVIS
3.735,3.74,3.72,3.725,23976,2022-01-18 16:53:00,MVIS
3.72,3.72,3.72,3.72,1365,2022-01-18 16:54:00,MVIS
3.71,3.7175,3.71,3.715,1200,2022-01-18 16:55:00,MVIS
3.71,3.7175,3.71,3.71,2634,2022-01-18 16:56:00,MVIS
3.71,3.715,3.695,3.695,18416,2022-01-18 16:57:00,MVIS
3.7,3.7,3.695,3.695,400,2022-01-18 16:58:00,MVIS
3.6918,3.695,3.68,3.685,26666,2022-01-18 16:59:00,MVIS
3.68,3.6875,3.67,3.67,74498,2022-01-18 17:00:00,MVIS
3.67,3.675,3.66,3.66,17263,2022-01-18 17:01:00,MVIS
3.66,3.67,3.65,3.665,53989,2022-01-18 17:02:00,MVIS
3.6607,3.665,3.651,3.6578,17563,2022-01-18 17:03:00,MVIS
3.655,3.66,3.65,3.65,11823,2022-01-18 17:04:00,MVIS
3.655,3.66,3.655,3.655,2485,2022-01-18 17:05:00,MVIS
3.6541,3.655,3.6519,3.655,739,2022-01-18 17:06:00,MVIS
3.66,3.66,3.64,3.65,39399,2022-01-18 17:07:00,MVIS
3.655,3.66,3.655,3.655,2517,2022-01-18 17:08:00,MVIS
3.66,3.67,3.66,3.665,10876,2022-01-18 17:09:00,MVIS
3.66,3.665,3.645,3.645,8820,2022-01-18 17:10:00,MVIS
3.64,3.6499,3.63,3.635,20541,2022-01-18 17:11:00,MVIS
3.63,3.645,3.62,3.645,31978,2022-01-18 17:12:00,MVIS
3.64,3.65,3.64,3.6401,7707,2022-01-18 17:13:00,MVIS
3.65,3.6599,3.645,3.65,10567,2022-01-18 17:14:00,MVIS
3.6501,3.6501,3.65,3.65,1300,2022-01-18 17:15:00,MVIS
3.65,3.66,3.6477,3.655,10975,2022-01-18 17:16:00,MVIS
3.66,3.665,3.655,3.66,9658,2022-01-18 17:17:00,MVIS
3.665,3.675,3.66,3.67,14731,2022-01-18 17:18:00,MVIS
3.6674,3.67,3.6612,3.6616,6973,2022-01-18 17:19:00,MVIS
3.67,3.67,3.662,3.665,2800,2022-01-18 17:20:00,MVIS
3.665,3.6699,3.66,3.6699,1801,2022-01-18 17:21:00,MVIS
3.665,3.665,3.66,3.66,950,2022-01-18 17:22:00,MVIS
3.6681,3.6681,3.655,3.66,9432,2022-01-18 17:23:00,MVIS
3.655,3.66,3.635,3.65,34210,2022-01-18 17:24:00,MVIS
3.66,3.67,3.66,3.665,4292,2022-01-18 17:25:00,MVIS
3.665,3.665,3.655,3.6599,12939,2022-01-18 17:26:00,MVIS
3.66,3.66,3.6522,3.6595,924,2022-01-18 17:27:00,MVIS
3.655,3.655,3.64,3.64,5472,2022-01-18 17:28:00,MVIS
3.65,3.659,3.65,3.655,3180,2022-01-18 17:29:00,MVIS
3.6501,3.66,3.6501,3.66,2824,2022-01-18 17:30:00,MVIS
3.6525,3.66,3.65,3.655,8217,2022-01-18 17:31:00,MVIS
3.65,3.65,3.65,3.65,1591,2022-01-18 17:32:00,MVIS
3.645,3.6499,3.64,3.6499,2300,2022-01-18 17:33:00,MVIS
3.645,3.655,3.645,3.655,9784,2022-01-18 17:34:00,MVIS
3.655,3.655,3.64,3.645,4125,2022-01-18 17:35:00,MVIS
3.64,3.64,3.64,3.64,3317,2022-01-18 17:36:00,MVIS
3.635,3.6375,3.635,3.635,500,2022-01-18 17:37:00,MVIS
3.635,3.638,3.63,3.6342,1269,2022-01-18 17:38:00,MVIS
3.6399,3.6399,3.63,3.63,700,2022-01-18 17:39:00,MVIS
3.6345,3.64,3.6345,3.635,750,2022-01-18 17:40:00,MVIS
3.64,3.6499,3.63,3.635,20743,2022-01-18 17:41:00,MVIS
3.635,3.64,3.635,3.64,3500,2022-01-18 17:42:00,MVIS
3.635,3.64,3.635,3.635,5650,2022-01-18 17:43:00,MVIS
3.635,3.64,3.63,3.64,5070,2022-01-18 17:44:00,MVIS
3.63,3.635,3.63,3.63,6050,2022-01-18 17:45:00,MVIS
3.64,3.64,3.63,3.6379,1800,2022-01-18 17:46:00,MVIS
3.635,3.64,3.625,3.635,13141,2022-01-18 17:47:00,MVIS
3.6347,3.635,3.625,3.6299,5207,2022-01-18 17:48:00,MVIS
3.623,3.635,3.61,3.615,77919,2022-01-18 17:49:00,MVIS
3.615,3.615,3.611,3.615,2465,2022-01-18 17:50:00,MVIS
3.62,3.63,3.61,3.621,30848,2022-01-18 17:51:00,MVIS
3.63,3.63,3.62,3.62,1400,2022-01-18 17:52:00,MVIS
3.621,3.63,3.62,3.63,7182,2022-01-18 17:53:00,MVIS
3.62,3.625,3.62,3.625,3468,2022-01-18 17:54:00,MVIS
3.63,3.63,3.62,3.62,4883,2022-01-18 17:55:00,MVIS
3.625,3.635,3.625,3.63,10817,2022-01-18 17:56:00,MVIS
3.635,3.635,3.63,3.63,1119,2022-01-18 17:57:00,MVIS
3.63,3.63,3.61,3.625,26192,2022-01-18 17:58:00,MVIS
3.62,3.63,3.6095,3.615,31505,2022-01-18 17:59:00,MVIS
3.61,3.6199,3.61,3.61,2041,2022-01-18 18:00:00,MVIS
3.605,3.61,3.6,3.605,27675,2022-01-18 18:01:00,MVIS
3.61,3.61,3.6,3.605,5263,2022-01-18 18:02:00,MVIS
3.61,3.61,3.6,3.61,4890,2022-01-18 18:03:00,MVIS
3.6001,3.61,3.6001,3.61,7012,2022-01-18 18:04:00,MVIS
3.61,3.615,3.605,3.605,17839,2022-01-18 18:05:00,MVIS
3.6074,3.6074,3.6,3.6009,800,2022-01-18 18:06:00,MVIS
3.6,3.605,3.595,3.6001,56454,2022-01-18 18:07:00,MVIS
3.605,3.61,3.6001,3.61,10710,2022-01-18 18:08:00,MVIS
3.61,3.615,3.6001,3.615,14600,2022-01-18 18:09:00,MVIS
3.615,3.6177,3.61,3.615,1552,2022-01-18 18:10:00,MVIS
3.615,3.615,3.61,3.615,1706,2022-01-18 18:11:00,MVIS
3.615,3.615,3.615,3.615,1600,2022-01-18 18:12:00,MVIS
3.615,3.615,3.605,3.61,10972,2022-01-18 18:13:00,MVIS
3.615,3.62,3.61,3.62,5224,2022-01-18 18:14:00,MVIS
3.62,3.62,3.615,3.615,2765,2022-01-18 18:15:00,MVIS
3.615,3.62,3.6101,3.615,1739,2022-01-18 18:16:00,MVIS
3.615,3.6182,3.6101,3.615,2300,2022-01-18 18:17:00,MVIS
3.61,3.62,3.61,3.615,3820,2022-01-18 18:18:00,MVIS
3.615,3.6181,3.61,3.6181,2400,2022-01-18 18:19:00,MVIS
3.615,3.615,3.605,3.6099,8445,2022-01-18 18:20:00,MVIS
3.6,3.6,3.59,3.5939,15730,2022-01-18 18:21:00,MVIS
3.59,3.595,3.59,3.59,2010,2022-01-18 18:22:00,MVIS
3.5979,3.5979,3.58,3.5801,12394,2022-01-18 18:23:00,MVIS
3.58,3.59,3.58,3.59,4687,2022-01-18 18:24:00,MVIS
3.585,3.585,3.575,3.575,8362,2022-01-18 18:25:00,MVIS
3.575,3.575,3.56,3.565,24857,2022-01-18 18:26:00,MVIS
3.56,3.565,3.56,3.565,1400,2022-01-18 18:27:00,MVIS
3.56,3.565,3.55,3.5517,14355,2022-01-18 18:28:00,MVIS
3.56,3.5674,3.555,3.56,17375,2022-01-18 18:29:00,MVIS
3.56,3.589,3.56,3.585,14815,2022-01-18 18:30:00,MVIS
3.585,3.595,3.58,3.585,7497,2022-01-18 18:31:00,MVIS
3.58,3.59,3.5718,3.5799,6864,2022-01-18 18:32:00,MVIS
3.571,3.575,3.571,3.575,750,2022-01-18 18:33:00,MVIS
3.5728,3.59,3.5728,3.585,8783,2022-01-18 18:34:00,MVIS
3.585,3.6,3.58,3.5999,12985,2022-01-18 18:35:00,MVIS
3.595,3.595,3.585,3.59,8210,2022-01-18 18:36:00,MVIS
3.58,3.585,3.57,3.57,6876,2022-01-18 18:37:00,MVIS
3.57,3.575,3.57,3.575,2140,2022-01-18 18:38:00,MVIS
3.57,3.58,3.57,3.575,2722,2022-01-18 18:39:00,MVIS
3.57,3.58,3.57,3.58,11068,2022-01-18 18:40:00,MVIS
3.58,3.58,3.565,3.575,17106,2022-01-18 18:41:00,MVIS
3.575,3.5777,3.5702,3.575,22374,2022-01-18 18:42:00,MVIS
3.575,3.585,3.57,3.5724,10941,2022-01-18 18:43:00,MVIS
3.575,3.58,3.575,3.58,3709,2022-01-18 18:44:00,MVIS
3.575,3.58,3.575,3.575,4625,2022-01-18 18:45:00,MVIS
3.575,3.58,3.575,3.575,1350,2022-01-18 18:46:00,MVIS
3.5752,3.5764,3.56,3.565,11994,2022-01-18 18:47:00,MVIS
3.56,3.5699,3.555,3.565,15487,2022-01-18 18:48:00,MVIS
3.5682,3.5682,3.5501,3.565,32658,2022-01-18 18:49:00,MVIS
3.56,3.57,3.56,3.56,5076,2022-01-18 18:50:00,MVIS
3.57,3.58,3.5699,3.5699,29052,2022-01-18 18:51:00,MVIS
3.56,3.565,3.56,3.565,4943,2022-01-18 18:52:00,MVIS
3.5613,3.57,3.5613,3.565,4859,2022-01-18 18:53:00,MVIS
3.56,3.565,3.56,3.565,900,2022-01-18 18:54:00,MVIS
3.565,3.5699,3.56,3.56,3269,2022-01-18 18:55:00,MVIS
3.57,3.57,3.565,3.5699,1650,2022-01-18 18:56:00,MVIS
3.56,3.58,3.56,3.5795,10576,2022-01-18 18:57:00,MVIS
3.58,3.59,3.572,3.5721,21673,2022-01-18 18:58:00,MVIS
3.57,3.58,3.565,3.575,22626,2022-01-18 18:59:00,MVIS
3.58,3.585,3.575,3.58,6299,2022-01-18 19:00:00,MVIS
3.585,3.6,3.58,3.598,13606,2022-01-18 19:01:00,MVIS
3.595,3.5991,3.585,3.585,15857,2022-01-18 19:02:00,MVIS
3.59,3.59,3.585,3.5885,1500,2022-01-18 19:03:00,MVIS
3.585,3.59,3.58,3.582,4522,2022-01-18 19:04:00,MVIS
3.585,3.59,3.58,3.585,15074,2022-01-18 19:05:00,MVIS
3.585,3.59,3.5801,3.585,10246,2022-01-18 19:06:00,MVIS
3.59,3.61,3.585,3.605,30395,2022-01-18 19:07:00,MVIS
3.605,3.61,3.6001,3.61,2630,2022-01-18 19:08:00,MVIS
3.605,3.61,3.6,3.61,2420,2022-01-18 19:09:00,MVIS
3.605,3.61,3.6,3.61,2300,2022-01-18 19:10:00,MVIS
3.605,3.61,3.6,3.6,2972,2022-01-18 19:11:00,MVIS
3.6031,3.6083,3.59,3.5907,7496,2022-01-18 19:12:00,MVIS
3.59,3.595,3.5835,3.585,4396,2022-01-18 19:13:00,MVIS
3.5899,3.605,3.5899,3.6,12871,2022-01-18 19:14:00,MVIS
3.6001,3.6001,3.6,3.6,370,2022-01-18 19:15:00,MVIS
3.6,3.605,3.595,3.595,7529,2022-01-18 19:16:00,MVIS
3.595,3.6,3.59,3.6,1345,2022-01-18 19:17:00,MVIS
3.595,3.6,3.595,3.595,700,2022-01-18 19:18:00,MVIS
3.595,3.615,3.592,3.615,10743,2022-01-18 19:19:00,MVIS
3.615,3.6199,3.6026,3.6026,8390,2022-01-18 19:20:00,MVIS
3.6001,3.6099,3.5901,3.5901,6582,2022-01-18 19:21:00,MVIS
3.59,3.595,3.59,3.59,2604,2022-01-18 19:22:00,MVIS
3.5899,3.5899,3.58,3.585,4500,2022-01-18 19:23:00,MVIS
3.58,3.585,3.575,3.575,8930,2022-01-18 19:24:00,MVIS
3.57,3.58,3.565,3.57,11678,2022-01-18 19:25:00,MVIS
3.5699,3.57,3.56,3.5699,4342,2022-01-18 19:26:00,MVIS
3.57,3.57,3.56,3.56,1435,2022-01-18 19:27:00,MVIS
3.565,3.575,3.565,3.575,30464,2022-01-18 19:28:00,MVIS
3.575,3.5783,3.575,3.575,1760,2022-01-18 19:29:00,MVIS
3.575,3.58,3.57,3.575,7361,2022-01-18 19:30:00,MVIS
3.575,3.595,3.575,3.585,29510,2022-01-18 19:31:00,MVIS
3.58,3.585,3.57,3.57,5638,2022-01-18 19:32:00,MVIS
3.57,3.57,3.565,3.5699,2000,2022-01-18 19:33:00,MVIS
3.565,3.565,3.565,3.565,1200,2022-01-18 19:34:00,MVIS
3.561,3.5684,3.561,3.5684,4248,2022-01-18 19:35:00,MVIS
3.568,3.57,3.56,3.565,14550,2022-01-18 19:36:00,MVIS
3.565,3.565,3.561,3.565,3948,2022-01-18 19:37:00,MVIS
3.5699,3.575,3.56,3.575,12249,2022-01-18 19:38:00,MVIS
3.575,3.58,3.575,3.575,3300,2022-01-18 19:39:00,MVIS
3.575,3.575,3.57,3.575,920,2022-01-18 19:40:00,MVIS
3.575,3.575,3.575,3.575,300,2022-01-18 19:41:00,MVIS
3.58,3.59,3.575,3.58,8517,2022-01-18 19:42:00,MVIS
3.585,3.59,3.5845,3.5899,1000,2022-01-18 19:43:00,MVIS
3.585,3.59,3.575,3.575,13135,2022-01-18 19:44:00,MVIS
3.575,3.58,3.57,3.58,1650,2022-01-18 19:45:00,MVIS
3.575,3.5782,3.57,3.575,5180,2022-01-18 19:46:00,MVIS
3.58,3.605,3.5796,3.6001,15192,2022-01-18 19:47:00,MVIS
3.6,3.605,3.6,3.605,235,2022-01-18 19:48:00,MVIS
3.605,3.61,3.6013,3.605,1077,2022-01-18 19:49:00,MVIS
3.605,3.605,3.605,3.605,1173,2022-01-18 19:50:00,MVIS
3.605,3.61,3.605,3.605,3790,2022-01-18 19:51:00,MVIS
3.6079,3.6079,3.605,3.605,1900,2022-01-18 19:52:00,MVIS
3.605,3.6086,3.6,3.605,2562,2022-01-18 19:53:00,MVIS
3.6092,3.615,3.601,3.615,7108,2022-01-18 19:54:00,MVIS
3.615,3.615,3.6,3.6,5914,2022-01-18 19:55:00,MVIS
3.605,3.605,3.6,3.6,200,2022-01-18 19:56:00,MVIS
3.6,3.605,3.59,3.595,15396,2022-01-18 19:57:00,MVIS
3.595,3.6,3.5931,3.595,2182,2022-01-18 19:58:00,MVIS
3.595,3.5965,3.58,3.58,16264,2022-01-18 19:59:00,MVIS
3.58,3.58,3.575,3.575,5175,2022-01-18 20:00:00,MVIS
3.575,3.579,3.57,3.579,2150,2022-01-18 20:01:00,MVIS
3.57,3.58,3.57,3.579,7291,2022-01-18 20:02:00,MVIS
3.58,3.58,3.56,3.56,18732,2022-01-18 20:03:00,MVIS
3.57,3.57,3.555,3.555,5482,2022-01-18 20:04:00,MVIS
3.555,3.555,3.55,3.55,739,2022-01-18 20:05:00,MVIS
3.552,3.56,3.55,3.555,1744,2022-01-18 20:06:00,MVIS
3.56,3.56,3.54,3.54,29457,2022-01-18 20:07:00,MVIS
3.54,3.5476,3.54,3.54,720,2022-01-18 20:08:00,MVIS
3.545,3.5479,3.53,3.53,10471,2022-01-18 20:09:00,MVIS
3.5388,3.5388,3.525,3.535,19956,2022-01-18 20:10:00,MVIS
3.535,3.54,3.53,3.535,3585,2022-01-18 20:11:00,MVIS
3.53,3.5399,3.53,3.53,1344,2022-01-18 20:12:00,MVIS
3.5301,3.54,3.53,3.535,3976,2022-01-18 20:13:00,MVIS
3.535,3.535,3.525,3.525,22248,2022-01-18 20:14:00,MVIS
3.52,3.525,3.5115,3.52,11561,2022-01-18 20:15:00,MVIS
3.515,3.5176,3.51,3.515,5273,2022-01-18 20:16:00,MVIS
3.51,3.52,3.51,3.515,22150,2022-01-18 20:17:00,MVIS
3.515,3.52,3.512,3.515,6473,2022-01-18 20:18:00,MVIS
3.515,3.52,3.5101,3.515,13537,2022-01-18 20:19:00,MVIS
3.515,3.52,3.51,3.515,9452,2022-01-18 20:20:00,MVIS
3.515,3.5199,3.515,3.515,6030,2022-01-18 20:21:00,MVIS
3.515,3.515,3.5101,3.515,3580,2022-01-18 20:22:00,MVIS
3.52,3.535,3.52,3.535,39476,2022-01-18 20:23:00,MVIS
3.535,3.5399,3.5301,3.535,2674,2022-01-18 20:24:00,MVIS
3.535,3.535,3.53,3.535,6000,2022-01-18 20:25:00,MVIS
3.53,3.539,3.53,3.535,14385,2022-01-18 20:26:00,MVIS
3.535,3.5482,3.535,3.545,19272,2022-01-18 20:27:00,MVIS
3.5411,3.5486,3.54,3.54,11226,2022-01-18 20:28:00,MVIS
3.545,3.55,3.545,3.545,9084,2022-01-18 20:29:00,MVIS
3.54,3.55,3.54,3.545,6028,2022-01-18 20:30:00,MVIS
3.54,3.5499,3.54,3.548,2160,2022-01-18 20:31:00,MVIS
3.545,3.55,3.53,3.535,10950,2022-01-18 20:32:00,MVIS
3.535,3.5395,3.525,3.535,24532,2022-01-18 20:33:00,MVIS
3.535,3.5397,3.52,3.52,8497,2022-01-18 20:34:00,MVIS
3.525,3.525,3.51,3.515,14079,2022-01-18 20:35:00,MVIS
3.52,3.52,3.51,3.51,32625,2022-01-18 20:36:00,MVIS
3.51,3.52,3.5,3.51,40936,2022-01-18 20:37:00,MVIS
3.51,3.5199,3.51,3.515,8925,2022-01-18 20:38:00,MVIS
3.51,3.5199,3.51,3.515,9547,2022-01-18 20:39:00,MVIS
3.515,3.515,3.51,3.51,17360,2022-01-18 20:40:00,MVIS
3.51,3.52,3.5,3.5,24652,2022-01-18 20:41:00,MVIS
3.5,3.51,3.5,3.505,13536,2022-01-18 20:42:00,MVIS
3.505,3.505,3.49,3.495,76495,2022-01-18 20:43:00,MVIS
3.5,3.5,3.48,3.485,132860,2022-01-18 20:44:00,MVIS
3.485,3.49,3.48,3.485,14130,2022-01-18 20:45:00,MVIS
3.4899,3.4899,3.48,3.485,7431,2022-01-18 20:46:00,MVIS
3.49,3.5,3.48,3.495,29109,2022-01-18 20:47:00,MVIS
3.5,3.5,3.49,3.49,8856,2022-01-18 20:48:00,MVIS
3.49,3.4999,3.49,3.495,11784,2022-01-18 20:49:00,MVIS
3.49,3.52,3.49,3.515,68418,2022-01-18 20:50:00,MVIS
3.515,3.52,3.505,3.505,37157,2022-01-18 20:51:00,MVIS
3.505,3.5088,3.5,3.5,20384,2022-01-18 20:52:00,MVIS
3.5,3.505,3.49,3.495,24052,2022-01-18 20:53:00,MVIS
3.49,3.4983,3.49,3.495,9601,2022-01-18 20:54:00,MVIS
3.495,3.4977,3.48,3.4818,24001,2022-01-18 20:55:00,MVIS
3.48,3.4991,3.48,3.495,37481,2022-01-18 20:56:00,MVIS
3.495,3.5,3.49,3.49,24940,2022-01-18 20:57:00,MVIS
3.495,3.5,3.49,3.495,28764,2022-01-18 20:58:00,MVIS
3.495,3.4977,3.48,3.48,60888,2022-01-18 20:59:00,MVIS
3.48,3.48,3.48,3.48,71870,2022-01-18 21:00:00,MVIS
3.53,3.53,3.48,3.48,2052,2022-01-18 21:01:00,MVIS
3.48,3.48,3.48,3.48,100,2022-01-18 21:02:00,MVIS
3.48,3.48,3.48,3.48,300,2022-01-18 21:03:00,MVIS
3.4902,3.4902,3.4902,3.4902,550,2022-01-18 21:06:00,MVIS
3.49,3.49,3.49,3.49,100,2022-01-18 21:07:00,MVIS
3.52,3.57,3.52,3.57,571,2022-01-18 21:09:00,MVIS
3.56,3.56,3.56,3.56,276,2022-01-18 21:10:00,MVIS
3.49,3.49,3.49,3.49,427,2022-01-18 21:12:00,MVIS
3.54,3.55,3.54,3.55,400,2022-01-18 21:15:00,MVIS
3.51,3.51,3.5,3.5,500,2022-01-18 21:16:00,MVIS
3.49,3.49,3.49,3.49,1000,2022-01-18 21:17:00,MVIS
3.49,3.5,3.33,3.34,12751,2022-01-18 21:19:00,MVIS
3.5,3.5,3.5,3.5,100,2022-01-18 21:20:00,MVIS
3.5,3.5,3.5,3.5,100,2022-01-18 21:22:00,MVIS
3.55,3.55,3.55,3.55,700,2022-01-18 21:24:00,MVIS
3.4716,3.4716,3.4716,3.4716,100,2022-01-18 21:26:00,MVIS
3.55,3.55,3.55,3.55,200,2022-01-18 21:34:00,MVIS
3.51,3.51,3.51,3.51,215,2022-01-18 21:38:00,MVIS
3.53,3.53,3.53,3.53,100,2022-01-18 21:40:00,MVIS
3.51,3.51,3.5,3.5,1000,2022-01-18 21:44:00,MVIS
3.5,3.5,3.5,3.5,745,2022-01-18 21:49:00,MVIS
3.5,3.5,3.5,3.5,2275,2022-01-18 22:12:00,MVIS
3.51,3.51,3.51,3.51,990,2022-01-18 22:37:00,MVIS
3.53,3.53,3.53,3.53,300,2022-01-18 22:39:00,MVIS
3.5,3.5,3.5,3.5,468,2022-01-18 22:43:00,MVIS
3.5,3.5,3.5,3.5,1303,2022-01-18 22:44:00,MVIS
3.52,3.52,3.52,3.52,250,2022-01-18 22:46:00,MVIS
3.52,3.52,3.49,3.49,823,2022-01-18 22:47:00,MVIS
3.52,3.52,3.52,3.52,500,2022-01-18 22:49:00,MVIS
3.48,3.48,3.48,3.48,1000,2022-01-18 22:50:00,MVIS
3.52,3.52,3.52,3.52,255,2022-01-18 22:55:00,MVIS
3.511,3.511,3.511,3.511,1000,2022-01-18 22:56:00,MVIS
3.53,3.53,3.53,3.53,775,2022-01-18 23:14:00,MVIS
3.54,3.55,3.54,3.54,865,2022-01-18 23:20:00,MVIS
3.55,3.55,3.55,3.55,403,2022-01-18 23:25:00,MVIS
3.56,3.56,3.56,3.56,500,2022-01-18 23:40:00,MVIS
3.56,3.56,3.56,3.56,200,2022-01-18 23:42:00,MVIS
3.55,3.55,3.55,3.55,1100,2022-01-18 23:44:00,MVIS
3.55,3.55,3.55,3.55,100,2022-01-18 23:45:00,MVIS
3.5301,3.5301,3.5301,3.5301,500,2022-01-18 23:51:00,MVIS
3.56,3.56,3.56,3.56,150,2022-01-18 23:56:00,MVIS
3.5599,3.5599,3.5599,3.5599,500,2022-01-19 00:03:00,MVIS
3.56,3.56,3.56,3.56,500,2022-01-19 00:06:00,MVIS
3.5499,3.5499,3.5499,3.5499,200,2022-01-19 00:16:00,MVIS
3.54,3.54,3.54,3.54,600,2022-01-19 00:21:00,MVIS
3.53,3.53,3.53,3.53,300,2022-01-19 00:32:00,MVIS
3.51,3.54,3.51,3.54,280,2022-01-19 00:48:00,MVIS
3.55,3.55,3.55,3.55,634,2022-01-19 00:49:00,MVIS
3.55,3.55,3.55,3.55,100,2022-01-19 00:52:00,MVIS
3.55,3.55,3.55,3.55,154,2022-01-19 00:53:00,MVIS
3.52,3.52,3.52,3.52,134,2022-01-19 00:56:00,MVIS
3.52,3.52,3.52,3.52,100,2022-01-19 09:00:00,MVIS
3.48,3.48,3.48,3.48,2000,2022-01-19 09:05:00,MVIS
3.4,3.4,3.4,3.4,100,2022-01-19 09:26:00,MVIS
3.42,3.42,3.42,3.42,600,2022-01-19 09:44:00,MVIS
3.42,3.42,3.42,3.42,400,2022-01-19 10:01:00,MVIS
3.41,3.41,3.4,3.4,850,2022-01-19 10:58:00,MVIS
3.42,3.42,3.42,3.42,207,2022-01-19 11:10:00,MVIS
3.42,3.43,3.42,3.43,1100,2022-01-19 11:19:00,MVIS
3.43,3.43,3.43,3.43,1000,2022-01-19 12:00:00,MVIS
3.44,3.45,3.44,3.45,5565,2022-01-19 12:02:00,MVIS
3.49,3.5,3.49,3.5,1203,2022-01-19 12:12:00,MVIS
3.505,3.505,3.505,3.505,100,2022-01-19 12:21:00,MVIS
3.5,3.5,3.5,3.5,201,2022-01-19 12:25:00,MVIS
3.49,3.49,3.49,3.49,280,2022-01-19 12:26:00,MVIS
3.48,3.48,3.46,3.46,1195,2022-01-19 12:28:00,MVIS
3.46,3.46,3.46,3.46,350,2022-01-19 12:51:00,MVIS
3.46,3.46,3.46,3.46,4928,2022-01-19 12:52:00,MVIS
3.44,3.44,3.44,3.44,100,2022-01-19 13:00:00,MVIS
3.43,3.43,3.43,3.43,47290,2022-01-19 13:13:00,MVIS
3.44,3.44,3.44,3.44,100,2022-01-19 13:17:00,MVIS
3.43,3.43,3.43,3.43,13990,2022-01-19 13:22:00,MVIS
3.4499,3.4499,3.4499,3.4499,400,2022-01-19 13:27:00,MVIS
3.45,3.45,3.45,3.45,706,2022-01-19 13:28:00,MVIS
3.45,3.45,3.43,3.43,3267,2022-01-19 13:36:00,MVIS
3.43,3.43,3.43,3.43,265,2022-01-19 13:41:00,MVIS
3.45,3.45,3.45,3.45,5000,2022-01-19 13:44:00,MVIS
3.44,3.44,3.44,3.44,128,2022-01-19 13:47:00,MVIS
3.44,3.45,3.44,3.45,439,2022-01-19 13:48:00,MVIS
3.47,3.47,3.46,3.46,9450,2022-01-19 13:51:00,MVIS
3.46,3.46,3.46,3.46,367,2022-01-19 13:52:00,MVIS
3.46,3.47,3.46,3.47,3500,2022-01-19 13:53:00,MVIS
3.48,3.48,3.48,3.48,1436,2022-01-19 13:54:00,MVIS
3.47,3.47,3.46,3.46,400,2022-01-19 13:55:00,MVIS
3.47,3.47,3.47,3.47,194,2022-01-19 13:57:00,MVIS
3.48,3.48,3.48,3.48,200,2022-01-19 13:58:00,MVIS
3.4996,3.5,3.4996,3.5,4200,2022-01-19 14:01:00,MVIS
3.49,3.49,3.49,3.49,100,2022-01-19 14:02:00,MVIS
3.49,3.49,3.49,3.49,1000,2022-01-19 14:03:00,MVIS
3.49,3.49,3.49,3.49,3000,2022-01-19 14:04:00,MVIS
3.49,3.49,3.49,3.49,100,2022-01-19 14:06:00,MVIS
3.49,3.49,3.49,3.49,1294,2022-01-19 14:07:00,MVIS
3.49,3.49,3.49,3.49,100,2022-01-19 14:08:00,MVIS
3.5,3.5,3.5,3.5,100,2022-01-19 14:09:00,MVIS
3.5,3.5,3.5,3.5,143,2022-01-19 14:10:00,MVIS
3.5,3.5,3.5,3.5,100,2022-01-19 14:11:00,MVIS
3.49,3.49,3.49,3.49,1732,2022-01-19 14:12:00,MVIS
3.49,3.49,3.49,3.49,450,2022-01-19 14:13:00,MVIS
3.49,3.49,3.49,3.49,2095,2022-01-19 14:14:00,MVIS
3.49,3.49,3.49,3.49,1344,2022-01-19 14:15:00,MVIS
3.49,3.495,3.49,3.49,2105,2022-01-19 14:16:00,MVIS
3.48,3.48,3.48,3.48,100,2022-01-19 14:17:00,MVIS
3.49,3.49,3.49,3.49,2000,2022-01-19 14:19:00,MVIS
3.48,3.48,3.48,3.48,3258,2022-01-19 14:20:00,MVIS
3.49,3.49,3.49,3.49,1000,2022-01-19 14:22:00,MVIS
3.49,3.49,3.49,3.49,100,2022-01-19 14:23:00,MVIS
3.49,3.49,3.49,3.49,100,2022-01-19 14:24:00,MVIS
3.46,3.48,3.43,3.4302,6958,2022-01-19 14:25:00,MVIS
3.48,3.48,3.48,3.48,636,2022-01-19 14:29:00,MVIS
3.47,3.48,3.445,3.47,70276,2022-01-19 14:30:00,MVIS
3.47,3.5292,3.46,3.52,21833,2022-01-19 14:31:00,MVIS
3.5222,3.58,3.52,3.569,22062,2022-01-19 14:32:00,MVIS
3.56,3.5701,3.5483,3.5483,36044,2022-01-19 14:33:00,MVIS
3.5401,3.59,3.54,3.57,28860,2022-01-19 14:34:00,MVIS
3.56,3.56,3.53,3.545,27379,2022-01-19 14:35:00,MVIS
3.5401,3.5499,3.53,3.54,25439,2022-01-19 14:36:00,MVIS
3.54,3.582,3.535,3.575,25028,2022-01-19 14:37:00,MVIS
3.58,3.585,3.57,3.58,9861,2022-01-19 14:38:00,MVIS
3.5763,3.58,3.551,3.56,14551,2022-01-19 14:39:00,MVIS
3.55,3.56,3.54,3.56,6800,2022-01-19 14:40:00,MVIS
3.565,3.565,3.53,3.5499,17090,2022-01-19 14:41:00,MVIS
3.5435,3.57,3.5435,3.565,13598,2022-01-19 14:42:00,MVIS
3.57,3.57,3.54,3.56,8525,2022-01-19 14:43:00,MVIS
3.55,3.55,3.5308,3.5477,17558,2022-01-19 14:44:00,MVIS
3.545,3.55,3.54,3.5433,14154,2022-01-19 14:45:00,MVIS
3.5499,3.5882,3.545,3.565,44409,2022-01-19 14:46:00,MVIS
3.56,3.57,3.5289,3.54,8669,2022-01-19 14:47:00,MVIS
3.5399,3.54,3.5217,3.535,8803,2022-01-19 14:48:00,MVIS
3.53,3.53,3.495,3.51,30214,2022-01-19 14:49:00,MVIS
3.515,3.535,3.5025,3.525,30491,2022-01-19 14:50:00,MVIS
3.525,3.525,3.51,3.5117,7271,2022-01-19 14:51:00,MVIS
3.52,3.53,3.52,3.53,11534,2022-01-19 14:52:00,MVIS
3.53,3.535,3.52,3.525,15936,2022-01-19 14:53:00,MVIS
3.525,3.545,3.52,3.535,12404,2022-01-19 14:54:00,MVIS
3.535,3.555,3.535,3.545,16346,2022-01-19 14:55:00,MVIS
3.54,3.58,3.54,3.57,25393,2022-01-19 14:56:00,MVIS
3.57,3.57,3.56,3.565,11774,2022-01-19 14:57:00,MVIS
3.567,3.58,3.55,3.555,21069,2022-01-19 14:58:00,MVIS
3.55,3.5586,3.55,3.5586,2400,2022-01-19 14:59:00,MVIS
3.55,3.56,3.525,3.56,31550,2022-01-19 15:00:00,MVIS
3.56,3.56,3.55,3.56,8471,2022-01-19 15:01:00,MVIS
3.56,3.58,3.56,3.57,54730,2022-01-19 15:02:00,MVIS
3.56,3.561,3.54,3.561,15685,2022-01-19 15:03:00,MVIS
3.57,3.591,3.57,3.585,31745,2022-01-19 15:04:00,MVIS
3.58,3.59,3.56,3.57,20206,2022-01-19 15:05:00,MVIS
3.5687,3.57,3.545,3.55,22362,2022-01-19 15:06:00,MVIS
3.5494,3.5675,3.545,3.555,18665,2022-01-19 15:07:00,MVIS
3.55,3.55,3.52,3.52,12338,2022-01-19 15:08:00,MVIS
3.521,3.535,3.515,3.515,27317,2022-01-19 15:09:00,MVIS
3.52,3.535,3.52,3.525,17436,2022-01-19 15:10:00,MVIS
3.53,3.53,3.515,3.515,4850,2022-01-19 15:11:00,MVIS
3.52,3.525,3.515,3.525,20975,2022-01-19 15:12:00,MVIS
3.525,3.5274,3.51,3.52,4035,2022-01-19 15:13:00,MVIS
3.515,3.515,3.5,3.5008,18511,2022-01-19 15:14:00,MVIS
3.5,3.505,3.49,3.5,10909,2022-01-19 15:15:00,MVIS
3.5,3.51,3.49,3.505,15628,2022-01-19 15:16:00,MVIS
3.5088,3.54,3.5001,3.52,124441,2022-01-19 15:17:00,MVIS
3.52,3.525,3.505,3.5189,35954,2022-01-19 15:18:00,MVIS
3.515,3.54,3.515,3.5301,13073,2022-01-19 15:19:00,MVIS
3.5309,3.54,3.51,3.515,28985,2022-01-19 15:20:00,MVIS
3.515,3.515,3.495,3.4974,3096,2022-01-19 15:21:00,MVIS
3.49,3.5,3.485,3.5,12937,2022-01-19 15:22:00,MVIS
3.495,3.5,3.49,3.495,6483,2022-01-19 15:23:00,MVIS
3.495,3.5,3.481,3.481,4440,2022-01-19 15:24:00,MVIS
3.485,3.4899,3.475,3.48,18530,2022-01-19 15:25:00,MVIS
3.47,3.48,3.46,3.475,13918,2022-01-19 15:26:00,MVIS
3.4709,3.48,3.465,3.475,15643,2022-01-19 15:27:00,MVIS
3.475,3.475,3.46,3.47,10156,2022-01-19 15:28:00,MVIS
3.465,3.465,3.4601,3.4601,1500,2022-01-19 15:29:00,MVIS
3.4645,3.469,3.455,3.465,15958,2022-01-19 15:30:00,MVIS
3.465,3.465,3.45,3.455,9131,2022-01-19 15:31:00,MVIS
3.455,3.455,3.44,3.4401,47311,2022-01-19 15:32:00,MVIS
3.4326,3.44,3.4315,3.44,10759,2022-01-19 15:33:00,MVIS
3.44,3.44,3.435,3.44,5636,2022-01-19 15:34:00,MVIS
3.435,3.445,3.4316,3.445,7143,2022-01-19 15:35:00,MVIS
3.44,3.44,3.4219,3.4219,29617,2022-01-19 15:36:00,MVIS
3.425,3.45,3.42,3.45,25347,2022-01-19 15:37:00,MVIS
3.4435,3.46,3.43,3.435,30925,2022-01-19 15:38:00,MVIS
3.4316,3.439,3.4216,3.435,20433,2022-01-19 15:39:00,MVIS
3.43,3.4309,3.42,3.42,14913,2022-01-19 15:40:00,MVIS
3.42,3.4293,3.41,3.41,20468,2022-01-19 15:41:00,MVIS
3.42,3.42,3.41,3.41,5309,2022-01-19 15:42:00,MVIS
3.41,3.45,3.41,3.44,18810,2022-01-19 15:43:00,MVIS
3.44,3.445,3.43,3.435,6444,2022-01-19 15:44:00,MVIS
3.435,3.46,3.435,3.455,29901,2022-01-19 15:45:00,MVIS
3.45,3.455,3.44,3.45,7100,2022-01-19 15:46:00,MVIS
3.445,3.45,3.44,3.445,6320,2022-01-19 15:47:00,MVIS
3.44,3.45,3.43,3.43,19155,2022-01-19 15:48:00,MVIS
3.43,3.435,3.41,3.4224,29735,2022-01-19 15:49:00,MVIS
3.4224,3.45,3.4224,3.445,13534,2022-01-19 15:50:00,MVIS
3.445,3.45,3.435,3.45,13123,2022-01-19 15:51:00,MVIS
3.45,3.47,3.45,3.46,14245,2022-01-19 15:52:00,MVIS
3.455,3.46,3.44,3.44,10155,2022-01-19 15:53:00,MVIS
3.44,3.445,3.43,3.43,4965,2022-01-19 15:54:00,MVIS
3.43,3.46,3.43,3.46,17048,2022-01-19 15:55:00,MVIS
3.455,3.4579,3.45,3.45,1244,2022-01-19 15:56:00,MVIS
3.455,3.46,3.4438,3.455,20599,2022-01-19 15:57:00,MVIS
3.45,3.455,3.44,3.445,3903,2022-01-19 15:58:00,MVIS
3.447,3.47,3.44,3.47,34481,2022-01-19 15:59:00,MVIS
3.465,3.49,3.46,3.4825,15877,2022-01-19 16:00:00,MVIS
3.485,3.5,3.485,3.5,3365,2022-01-19 16:01:00,MVIS
3.505,3.51,3.495,3.495,5399,2022-01-19 16:02:00,MVIS
3.5,3.5,3.485,3.485,9017,2022-01-19 16:03:00,MVIS
3.485,3.485,3.475,3.475,3097,2022-01-19 16:04:00,MVIS
3.47,3.47,3.46,3.46,2800,2022-01-19 16:05:00,MVIS
3.46,3.465,3.45,3.46,8491,2022-01-19 16:06:00,MVIS
3.4675,3.47,3.455,3.455,6473,2022-01-19 16:07:00,MVIS
3.46,3.46,3.455,3.4576,2620,2022-01-19 16:08:00,MVIS
3.46,3.4673,3.46,3.465,2117,2022-01-19 16:09:00,MVIS
3.46,3.46,3.455,3.46,1566,2022-01-19 16:10:00,MVIS
3.455,3.455,3.44,3.445,4100,2022-01-19 16:11:00,MVIS
3.445,3.445,3.435,3.435,2391,2022-01-19 16:12:00,MVIS
3.43,3.43,3.4216,3.425,8705,2022-01-19 16:13:00,MVIS
3.4275,3.43,3.42,3.425,3018,2022-01-19 16:14:00,MVIS
3.42,3.42,3.41,3.4114,4931,2022-01-19 16:15:00,MVIS
3.415,3.415,3.405,3.405,4716,2022-01-19 16:16:00,MVIS
3.4099,3.43,3.405,3.43,18610,2022-01-19 16:17:00,MVIS
3.43,3.43,3.42,3.42,7113,2022-01-19 16:18:00,MVIS
3.425,3.43,3.4201,3.425,6655,2022-01-19 16:19:00,MVIS
3.425,3.43,3.425,3.43,800,2022-01-19 16:20:00,MVIS
3.425,3.425,3.415,3.415,6832,2022-01-19 16:21:00,MVIS
3.415,3.415,3.39,3.4,35664,2022-01-19 16:22:00,MVIS
3.41,3.43,3.405,3.42,13920,2022-01-19 16:23:00,MVIS
3.42,3.42,3.4,3.4,12789,2022-01-19 16:24:00,MVIS
3.405,3.4076,3.4,3.4,3739,2022-01-19 16:25:00,MVIS
3.41,3.41,3.405,3.405,6065,2022-01-19 16:26:00,MVIS
3.402,3.42,3.402,3.42,3733,2022-01-19 16:27:00,MVIS
3.42,3.425,3.415,3.425,25258,2022-01-19 16:28:00,MVIS
3.425,3.4276,3.42,3.4207,6354,2022-01-19 16:29:00,MVIS
3.425,3.46,3.425,3.45,27347,2022-01-19 16:30:00,MVIS
3.45,3.45,3.435,3.435,9266,2022-01-19 16:31:00,MVIS
3.435,3.435,3.4201,3.4249,5625,2022-01-19 16:32:00,MVIS
3.42,3.425,3.411,3.415,5464,2022-01-19 16:33:00,MVIS
3.415,3.415,3.405,3.41,6539,2022-01-19 16:34:00,MVIS
3.41,3.41,3.405,3.4085,1100,2022-01-19 16:35:00,MVIS
3.405,3.405,3.4,3.4,2700,2022-01-19 16:36:00,MVIS
3.41,3.41,3.4015,3.4016,1175,2022-01-19 16:37:00,MVIS
3.4011,3.405,3.395,3.395,7486,2022-01-19 16:38:00,MVIS
3.395,3.3999,3.3801,3.3999,15902,2022-01-19 16:39:00,MVIS
3.39,3.3977,3.385,3.39,7899,2022-01-19 16:40:00,MVIS
3.385,3.41,3.385,3.41,17862,2022-01-19 16:41:00,MVIS
3.4019,3.42,3.4019,3.42,8325,2022-01-19 16:42:00,MVIS
3.41,3.415,3.405,3.405,5433,2022-01-19 16:43:00,MVIS
3.41,3.415,3.405,3.41,9513,2022-01-19 16:44:00,MVIS
3.415,3.42,3.41,3.4119,5101,2022-01-19 16:45:00,MVIS
3.415,3.45,3.415,3.445,15041,2022-01-19 16:46:00,MVIS
3.44,3.45,3.44,3.45,6032,2022-01-19 16:47:00,MVIS
3.45,3.46,3.4482,3.45,7143,2022-01-19 16:48:00,MVIS
3.455,3.46,3.45,3.46,11200,2022-01-19 16:49:00,MVIS
3.455,3.455,3.44,3.455,5806,2022-01-19 16:50:00,MVIS
3.46,3.46,3.45,3.45,3091,2022-01-19 16:51:00,MVIS
3.455,3.47,3.4501,3.47,4906,2022-01-19 16:52:00,MVIS
3.465,3.47,3.465,3.47,1434,2022-01-19 16:53:00,MVIS
3.475,3.485,3.475,3.485,3867,2022-01-19 16:54:00,MVIS
3.48,3.48,3.465,3.465,6678,2022-01-19 16:55:00,MVIS
3.465,3.47,3.465,3.465,1185,2022-01-19 16:56:00,MVIS
3.47,3.475,3.4658,3.475,6209,2022-01-19 16:57:00,MVIS
3.4765,3.48,3.47,3.47,8497,2022-01-19 16:58:00,MVIS
3.465,3.465,3.465,3.465,2420,2022-01-19 16:59:00,MVIS
3.465,3.5,3.465,3.5,9978,2022-01-19 17:00:00,MVIS
3.5,3.5,3.49,3.49,2100,2022-01-19 17:01:00,MVIS
3.5,3.5,3.4875,3.495,20879,2022-01-19 17:02:00,MVIS
3.5011,3.51,3.5,3.51,5848,2022-01-19 17:03:00,MVIS
3.51,3.52,3.5001,3.51,6623,2022-01-19 17:04:00,MVIS
3.5188,3.535,3.5101,3.53,68836,2022-01-19 17:05:00,MVIS
3.53,3.53,3.52,3.52,1977,2022-01-19 17:06:00,MVIS
3.525,3.53,3.525,3.525,1240,2022-01-19 17:07:00,MVIS
3.53,3.54,3.53,3.5397,19141,2022-01-19 17:08:00,MVIS
3.54,3.55,3.535,3.545,22787,2022-01-19 17:09:00,MVIS
3.545,3.545,3.535,3.545,20824,2022-01-19 17:10:00,MVIS
3.545,3.55,3.545,3.545,1984,2022-01-19 17:11:00,MVIS
3.55,3.55,3.5426,3.545,400,2022-01-19 17:12:00,MVIS
3.55,3.56,3.5413,3.56,19802,2022-01-19 17:13:00,MVIS
3.56,3.575,3.555,3.57,16127,2022-01-19 17:14:00,MVIS
3.565,3.565,3.56,3.56,579,2022-01-19 17:15:00,MVIS
3.565,3.57,3.55,3.57,21038,2022-01-19 17:16:00,MVIS
3.56,3.56,3.545,3.545,13837,2022-01-19 17:17:00,MVIS
3.545,3.55,3.535,3.55,19132,2022-01-19 17:18:00,MVIS
3.545,3.545,3.533,3.54,10421,2022-01-19 17:19:00,MVIS
3.535,3.55,3.535,3.55,1991,2022-01-19 17:20:00,MVIS
3.54,3.55,3.54,3.55,2100,2022-01-19 17:21:00,MVIS
3.54,3.545,3.53,3.545,8164,2022-01-19 17:22:00,MVIS
3.54,3.545,3.54,3.54,4153,2022-01-19 17:23:00,MVIS
3.5424,3.56,3.54,3.55,14457,2022-01-19 17:24:00,MVIS
3.55,3.555,3.545,3.55,25329,2022-01-19 17:25:00,MVIS
3.55,3.555,3.55,3.555,2124,2022-01-19 17:26:00,MVIS
3.55,3.56,3.545,3.555,17324,2022-01-19 17:27:00,MVIS
3.56,3.565,3.5585,3.56,6310,2022-01-19 17:28:00,MVIS
3.56,3.58,3.56,3.57,4761,2022-01-19 17:29:00,MVIS
3.5719,3.579,3.57,3.57,13354,2022-01-19 17:30:00,MVIS
3.56,3.565,3.555,3.56,8434,2022-01-19 17:31:00,MVIS
3.5516,3.5516,3.5516,3.5516,1058,2022-01-19 17:32:00,MVIS
3.56,3.56,3.545,3.548,2760,2022-01-19 17:33:00,MVIS
3.5437,3.5437,3.54,3.54,1084,2022-01-19 17:34:00,MVIS
3.545,3.545,3.54,3.54,1400,2022-01-19 17:35:00,MVIS
3.541,3.541,3.53,3.53,7421,2022-01-19 17:36:00,MVIS
3.53,3.545,3.53,3.545,23525,2022-01-19 17:37:00,MVIS
3.54,3.545,3.54,3.54,836,2022-01-19 17:38:00,MVIS
3.54,3.54,3.53,3.53,2889,2022-01-19 17:39:00,MVIS
3.54,3.545,3.535,3.54,9653,2022-01-19 17:40:00,MVIS
3.54,3.54,3.525,3.54,27560,2022-01-19 17:41:00,MVIS
3.54,3.54,3.535,3.535,2300,2022-01-19 17:42:00,MVIS
3.535,3.54,3.53,3.535,7528,2022-01-19 17:43:00,MVIS
3.5365,3.54,3.53,3.535,1850,2022-01-19 17:44:00,MVIS
3.53,3.54,3.53,3.535,5788,2022-01-19 17:45:00,MVIS
3.535,3.5699,3.5303,3.56,23088,2022-01-19 17:46:00,MVIS
3.56,3.57,3.56,3.57,27619,2022-01-19 17:47:00,MVIS
3.565,3.58,3.565,3.58,20715,2022-01-19 17:48:00,MVIS
3.575,3.58,3.5701,3.58,7352,2022-01-19 17:49:00,MVIS
3.57,3.58,3.57,3.5701,4102,2022-01-19 17:50:00,MVIS
3.58,3.605,3.575,3.6,75813,2022-01-19 17:51:00,MVIS
3.5986,3.6,3.58,3.585,46312,2022-01-19 17:52:00,MVIS
3.58,3.59,3.58,3.59,18964,2022-01-19 17:53:00,MVIS
3.59,3.595,3.585,3.59,6792,2022-01-19 17:54:00,MVIS
3.59,3.595,3.58,3.58,18184,2022-01-19 17:55:00,MVIS
3.585,3.585,3.58,3.581,2034,2022-01-19 17:56:00,MVIS
3.588,3.59,3.58,3.585,3990,2022-01-19 17:57:00,MVIS
3.58,3.585,3.57,3.58,40543,2022-01-19 17:58:00,MVIS
3.58,3.6,3.58,3.6,9593,2022-01-19 17:59:00,MVIS
3.599,3.6,3.565,3.5699,44762,2022-01-19 18:00:00,MVIS
3.565,3.58,3.565,3.571,6735,2022-01-19 18:01:00,MVIS
3.5784,3.59,3.5784,3.58,5297,2022-01-19 18:02:00,MVIS
3.58,3.585,3.57,3.58,12937,2022-01-19 18:03:00,MVIS
3.575,3.575,3.575,3.575,100,2022-01-19 18:04:00,MVIS
3.575,3.58,3.5697,3.575,24139,2022-01-19 18:05:00,MVIS
3.57,3.58,3.57,3.575,2003,2022-01-19 18:06:00,MVIS
3.575,3.575,3.565,3.575,12676,2022-01-19 18:07:00,MVIS
3.57,3.57,3.56,3.56,6417,2022-01-19 18:08:00,MVIS
3.56,3.565,3.56,3.565,1500,2022-01-19 18:09:00,MVIS
3.57,3.58,3.565,3.575,10438,2022-01-19 18:10:00,MVIS
3.5705,3.575,3.56,3.565,22394,2022-01-19 18:11:00,MVIS
3.56,3.565,3.54,3.559,17282,2022-01-19 18:12:00,MVIS
3.555,3.555,3.545,3.55,5102,2022-01-19 18:13:00,MVIS
3.5491,3.555,3.5491,3.555,7151,2022-01-19 18:14:00,MVIS
3.55,3.555,3.55,3.555,300,2022-01-19 18:15:00,MVIS
3.55,3.555,3.55,3.55,831,2022-01-19 18:16:00,MVIS
3.55,3.55,3.53,3.53,5400,2022-01-19 18:17:00,MVIS
3.53,3.54,3.53,3.53,4741,2022-01-19 18:18:00,MVIS
3.53,3.535,3.52,3.52,17437,2022-01-19 18:19:00,MVIS
3.525,3.525,3.51,3.51,56943,2022-01-19 18:20:00,MVIS
3.51,3.53,3.505,3.5272,22000,2022-01-19 18:21:00,MVIS
3.525,3.54,3.525,3.54,3898,2022-01-19 18:22:00,MVIS
3.53,3.54,3.525,3.54,15125,2022-01-19 18:23:00,MVIS
3.535,3.535,3.525,3.53,12764,2022-01-19 18:24:00,MVIS
3.53,3.54,3.53,3.535,10319,2022-01-19 18:25:00,MVIS
3.53,3.535,3.53,3.53,300,2022-01-19 18:26:00,MVIS
3.535,3.5376,3.535,3.5376,674,2022-01-19 18:27:00,MVIS
3.535,3.54,3.525,3.525,2500,2022-01-19 18:28:00,MVIS
3.53,3.53,3.515,3.515,26166,2022-01-19 18:29:00,MVIS
3.51,3.52,3.51,3.52,5694,2022-01-19 18:30:00,MVIS
3.515,3.52,3.515,3.515,1400,2022-01-19 18:31:00,MVIS
3.515,3.525,3.505,3.505,41210,2022-01-19 18:32:00,MVIS
3.505,3.5092,3.5,3.5,1507,2022-01-19 18:33:00,MVIS
3.5083,3.5083,3.4915,3.495,5131,2022-01-19 18:34:00,MVIS
3.495,3.5,3.49,3.495,2024,2022-01-19 18:35:00,MVIS
3.49,3.4999,3.49,3.49,1643,2022-01-19 18:36:00,MVIS
3.5,3.505,3.495,3.505,22131,2022-01-19 18:37:00,MVIS
3.5,3.5084,3.5,3.505,5250,2022-01-19 18:38:00,MVIS
3.505,3.505,3.505,3.505,500,2022-01-19 18:39:00,MVIS
3.505,3.505,3.5001,3.505,2762,2022-01-19 18:40:00,MVIS
3.505,3.51,3.495,3.495,5175,2022-01-19 18:41:00,MVIS
3.4999,3.4999,3.48,3.495,29553,2022-01-19 18:42:00,MVIS
3.495,3.5,3.495,3.495,2400,2022-01-19 18:43:00,MVIS
3.49,3.49,3.49,3.49,100,2022-01-19 18:44:00,MVIS
3.49,3.49,3.49,3.49,200,2022-01-19 18:45:00,MVIS
3.495,3.495,3.495,3.495,1944,2022-01-19 18:46:00,MVIS
3.49,3.4945,3.49,3.49,3542,2022-01-19 18:47:00,MVIS
3.495,3.495,3.49,3.4919,801,2022-01-19 18:48:00,MVIS
3.495,3.5,3.49,3.495,1500,2022-01-19 18:49:00,MVIS
3.49,3.49,3.48,3.48,10410,2022-01-19 18:50:00,MVIS
3.48,3.49,3.48,3.48,4150,2022-01-19 18:51:00,MVIS
3.48,3.4988,3.475,3.4988,31899,2022-01-19 18:52:00,MVIS
3.495,3.5088,3.495,3.5088,7948,2022-01-19 18:53:00,MVIS
3.51,3.515,3.505,3.515,4100,2022-01-19 18:54:00,MVIS
3.51,3.53,3.51,3.53,8745,2022-01-19 18:55:00,MVIS
3.53,3.535,3.51,3.52,39434,2022-01-19 18:56:00,MVIS
3.52,3.52,3.515,3.515,4164,2022-01-19 18:57:00,MVIS
3.516,3.516,3.51,3.515,3600,2022-01-19 18:58:00,MVIS
3.51,3.51,3.5001,3.5001,3520,2022-01-19 18:59:00,MVIS
3.505,3.515,3.5,3.51,10269,2022-01-19 19:00:00,MVIS
3.51,3.51,3.49,3.495,18255,2022-01-19 19:01:00,MVIS
3.49,3.4976,3.49,3.49,2193,2022-01-19 19:02:00,MVIS
3.49,3.49,3.48,3.485,16903,2022-01-19 19:03:00,MVIS
3.48,3.495,3.48,3.495,14518,2022-01-19 19:04:00,MVIS
3.495,3.499,3.485,3.485,12140,2022-01-19 19:05:00,MVIS
3.49,3.49,3.47,3.475,9131,2022-01-19 19:06:00,MVIS
3.475,3.485,3.475,3.485,2431,2022-01-19 19:07:00,MVIS
3.485,3.485,3.48,3.48,300,2022-01-19 19:08:00,MVIS
3.485,3.485,3.485,3.485,100,2022-01-19 19:09:00,MVIS
3.48,3.485,3.48,3.485,2338,2022-01-19 19:10:00,MVIS
3.485,3.495,3.485,3.485,24340,2022-01-19 19:11:00,MVIS
3.485,3.49,3.48,3.485,4723,2022-01-19 19:12:00,MVIS
3.485,3.49,3.48,3.485,2980,2022-01-19 19:13:00,MVIS
3.48,3.485,3.47,3.47,13702,2022-01-19 19:14:00,MVIS
3.475,3.48,3.47,3.47,16837,2022-01-19 19:15:00,MVIS
3.475,3.475,3.465,3.47,13254,2022-01-19 19:16:00,MVIS
3.475,3.48,3.47,3.48,3525,2022-01-19 19:17:00,MVIS
3.48,3.48,3.475,3.475,659,2022-01-19 19:18:00,MVIS
3.475,3.475,3.4716,3.4716,2259,2022-01-19 19:19:00,MVIS
3.47,3.4781,3.47,3.47,1280,2022-01-19 19:20:00,MVIS
3.47,3.48,3.4625,3.48,10951,2022-01-19 19:21:00,MVIS
3.475,3.49,3.475,3.4848,2953,2022-01-19 19:22:00,MVIS
3.48,3.49,3.475,3.49,8779,2022-01-19 19:23:00,MVIS
3.485,3.49,3.48,3.485,5351,2022-01-19 19:24:00,MVIS
3.49,3.49,3.4812,3.485,2334,2022-01-19 19:25:00,MVIS
3.482,3.485,3.47,3.48,11144,2022-01-19 19:26:00,MVIS
3.475,3.48,3.475,3.475,900,2022-01-19 19:27:00,MVIS
3.4725,3.475,3.4725,3.475,410,2022-01-19 19:28:00,MVIS
3.475,3.475,3.47,3.47,2618,2022-01-19 19:29:00,MVIS
3.47,3.48,3.47,3.475,3700,2022-01-19 19:30:00,MVIS
3.48,3.48,3.47,3.47,2800,2022-01-19 19:31:00,MVIS
3.475,3.475,3.47,3.47,1900,2022-01-19 19:32:00,MVIS
3.47,3.475,3.465,3.465,6141,2022-01-19 19:33:00,MVIS
3.465,3.48,3.465,3.47,23682,2022-01-19 19:34:00,MVIS
3.462,3.48,3.462,3.48,9296,2022-01-19 19:35:00,MVIS
3.475,3.51,3.475,3.495,39662,2022-01-19 19:36:00,MVIS
3.49,3.4999,3.485,3.485,6400,2022-01-19 19:37:00,MVIS
3.485,3.488,3.4806,3.485,2965,2022-01-19 19:38:00,MVIS
3.485,3.49,3.47,3.475,7756,2022-01-19 19:39:00,MVIS
3.48,3.495,3.475,3.49,22349,2022-01-19 19:40:00,MVIS
3.49,3.495,3.49,3.495,315,2022-01-19 19:41:00,MVIS
3.495,3.4982,3.49,3.495,2792,2022-01-19 19:42:00,MVIS
3.495,3.5,3.495,3.495,6127,2022-01-19 19:43:00,MVIS
3.495,3.51,3.495,3.5,19633,2022-01-19 19:44:00,MVIS
3.51,3.51,3.5,3.5,17143,2022-01-19 19:45:00,MVIS
3.505,3.51,3.5,3.5,3011,2022-01-19 19:46:00,MVIS
3.5,3.505,3.485,3.485,16597,2022-01-19 19:47:00,MVIS
3.485,3.4881,3.48,3.485,915,2022-01-19 19:48:00,MVIS
3.48,3.485,3.48,3.48,7359,2022-01-19 19:49:00,MVIS
3.48,3.49,3.48,3.49,23197,2022-01-19 19:50:00,MVIS
3.48,3.485,3.48,3.48,2099,2022-01-19 19:52:00,MVIS
3.48,3.48,3.465,3.475,27452,2022-01-19 19:53:00,MVIS
3.48,3.48,3.47,3.47,6794,2022-01-19 19:54:00,MVIS
3.48,3.48,3.465,3.465,11274,2022-01-19 19:55:00,MVIS
3.47,3.49,3.46,3.4851,14059,2022-01-19 19:56:00,MVIS
3.485,3.485,3.475,3.475,4900,2022-01-19 19:57:00,MVIS
3.48,3.48,3.47,3.47,2100,2022-01-19 19:58:00,MVIS
3.47,3.475,3.465,3.465,18412,2022-01-19 19:59:00,MVIS
3.47,3.47,3.465,3.47,4563,2022-01-19 20:00:00,MVIS
3.47,3.47,3.46,3.46,2528,2022-01-19 20:01:00,MVIS
3.46,3.46,3.455,3.455,10700,2022-01-19 20:02:00,MVIS
3.455,3.47,3.455,3.47,16475,2022-01-19 20:03:00,MVIS
3.465,3.465,3.465,3.465,930,2022-01-19 20:04:00,MVIS
3.465,3.47,3.465,3.465,3549,2022-01-19 20:05:00,MVIS
3.465,3.48,3.46,3.475,15623,2022-01-19 20:06:00,MVIS
3.475,3.49,3.475,3.475,12721,2022-01-19 20:07:00,MVIS
3.475,3.4781,3.47,3.47,2971,2022-01-19 20:08:00,MVIS
3.47,3.4791,3.47,3.475,4868,2022-01-19 20:09:00,MVIS
3.47,3.4731,3.46,3.46,11285,2022-01-19 20:10:00,MVIS
3.46,3.465,3.455,3.46,17924,2022-01-19 20:11:00,MVIS
3.465,3.47,3.465,3.465,1450,2022-01-19 20:12:00,MVIS
3.47,3.47,3.46,3.465,7009,2022-01-19 20:13:00,MVIS
3.47,3.48,3.465,3.475,9100,2022-01-19 20:14:00,MVIS
3.475,3.485,3.47,3.47,30918,2022-01-19 20:15:00,MVIS
3.465,3.465,3.46,3.465,1000,2022-01-19 20:16:00,MVIS
3.46,3.465,3.46,3.465,2149,2022-01-19 20:17:00,MVIS
3.47,3.47,3.46,3.46,4200,2022-01-19 20:18:00,MVIS
3.465,3.49,3.465,3.48,15533,2022-01-19 20:19:00,MVIS
3.48,3.49,3.48,3.485,9417,2022-01-19 20:20:00,MVIS
3.48,3.49,3.48,3.485,3862,2022-01-19 20:21:00,MVIS
3.48,3.49,3.48,3.485,4310,2022-01-19 20:22:00,MVIS
3.4899,3.4899,3.48,3.485,2800,2022-01-19 20:23:00,MVIS
3.4876,3.4876,3.475,3.475,18614,2022-01-19 20:24:00,MVIS
3.47,3.48,3.47,3.475,1850,2022-01-19 20:25:00,MVIS
3.47,3.475,3.47,3.475,1300,2022-01-19 20:26:00,MVIS
3.475,3.475,3.465,3.465,10570,2022-01-19 20:27:00,MVIS
3.465,3.465,3.46,3.46,6151,2022-01-19 20:28:00,MVIS
3.46,3.465,3.45,3.455,13928,2022-01-19 20:29:00,MVIS
3.455,3.47,3.455,3.465,17339,2022-01-19 20:30:00,MVIS
3.465,3.47,3.4601,3.465,6254,2022-01-19 20:31:00,MVIS
3.465,3.465,3.455,3.455,14469,2022-01-19 20:32:00,MVIS
3.455,3.455,3.45,3.455,6000,2022-01-19 20:33:00,MVIS
3.455,3.47,3.455,3.46,19093,2022-01-19 20:34:00,MVIS
3.46,3.4699,3.46,3.46,4592,2022-01-19 20:35:00,MVIS
3.465,3.47,3.46,3.465,5281,2022-01-19 20:36:00,MVIS
3.46,3.47,3.46,3.46,5478,2022-01-19 20:37:00,MVIS
3.46,3.465,3.45,3.455,16246,2022-01-19 20:38:00,MVIS
3.455,3.46,3.4501,3.455,7033,2022-01-19 20:39:00,MVIS
3.455,3.465,3.455,3.465,20684,2022-01-19 20:40:00,MVIS
3.4649,3.475,3.4649,3.475,17107,2022-01-19 20:41:00,MVIS
3.475,3.4798,3.4709,3.475,4154,2022-01-19 20:42:00,MVIS
3.4799,3.48,3.47,3.47,2798,2022-01-19 20:43:00,MVIS
3.475,3.48,3.47,3.475,4140,2022-01-19 20:44:00,MVIS
3.475,3.475,3.47,3.475,8006,2022-01-19 20:45:00,MVIS
3.47,3.4777,3.47,3.47,9013,2022-01-19 20:46:00,MVIS
3.47,3.475,3.47,3.475,5532,2022-01-19 20:47:00,MVIS
3.475,3.48,3.46,3.46,31227,2022-01-19 20:48:00,MVIS
3.46,3.4688,3.46,3.46,6086,2022-01-19 20:49:00,MVIS
3.46,3.46,3.45,3.45,18054,2022-01-19 20:50:00,MVIS
3.455,3.455,3.43,3.43,38237,2022-01-19 20:51:00,MVIS
3.43,3.435,3.43,3.43,8162,2022-01-19 20:52:00,MVIS
3.43,3.435,3.43,3.43,5020,2022-01-19 20:53:00,MVIS
3.43,3.45,3.43,3.445,85928,2022-01-19 20:54:00,MVIS
3.445,3.45,3.4418,3.445,14062,2022-01-19 20:55:00,MVIS
3.4417,3.4499,3.4401,3.4423,17744,2022-01-19 20:56:00,MVIS
3.445,3.45,3.4423,3.445,21814,2022-01-19 20:57:00,MVIS
3.445,3.45,3.44,3.44,32229,2022-01-19 20:58:00,MVIS
3.45,3.47,3.44,3.45,245007,2022-01-19 20:59:00,MVIS
3.45,3.45,3.4298,3.4298,119341,2022-01-19 21:00:00,MVIS
3.45,3.45,3.45,3.45,6843,2022-01-19 21:01:00,MVIS
3.42,3.43,3.41,3.41,690,2022-01-19 21:08:00,MVIS
3.43,3.43,3.43,3.43,100,2022-01-19 21:11:00,MVIS
3.42,3.42,3.42,3.42,500,2022-01-19 21:15:00,MVIS
3.41,3.41,3.41,3.41,1310,2022-01-19 21:16:00,MVIS
3.41,3.41,3.41,3.41,200,2022-01-19 21:27:00,MVIS
3.425,3.425,3.425,3.425,1000,2022-01-19 21:28:00,MVIS
3.4477,3.4477,3.4477,3.4477,775,2022-01-19 21:37:00,MVIS
3.4464,3.4464,3.4464,3.4464,225,2022-01-19 21:38:00,MVIS
3.44,3.44,3.4209,3.4209,1480,2022-01-19 21:51:00,MVIS
3.41,3.41,3.41,3.41,100,2022-01-19 21:53:00,MVIS
3.44,3.44,3.44,3.44,150,2022-01-19 22:02:00,MVIS
3.4391,3.4391,3.43,3.43,440,2022-01-19 22:14:00,MVIS
3.45,3.45,3.45,3.45,100,2022-01-19 22:20:00,MVIS
3.43,3.43,3.43,3.43,232,2022-01-19 22:25:00,MVIS
3.45,3.45,3.45,3.45,400,2022-01-19 22:38:00,MVIS
3.4499,3.4499,3.43,3.43,4500,2022-01-19 22:48:00,MVIS
3.45,3.45,3.45,3.45,1000,2022-01-19 22:52:00,MVIS
3.45,3.45,3.45,3.45,100,2022-01-19 22:54:00,MVIS
3.45,3.45,3.45,3.45,100,2022-01-19 22:55:00,MVIS
3.44,3.44,3.44,3.44,200,2022-01-19 22:59:00,MVIS
3.45,3.45,3.45,3.45,850,2022-01-19 23:41:00,MVIS
3.43,3.43,3.43,3.43,100,2022-01-19 23:57:00,MVIS
3.43,3.43,3.43,3.43,199,2022-01-20 00:03:00,MVIS
3.44,3.44,3.44,3.44,250,2022-01-20 00:19:00,MVIS
3.42,3.42,3.41,3.41,237,2022-01-20 09:18:00,MVIS
3.45,3.45,3.45,3.45,200,2022-01-20 09:41:00,MVIS
3.48,3.48,3.48,3.48,100,2022-01-20 10:43:00,MVIS
3.52,3.52,3.52,3.52,107,2022-01-20 11:03:00,MVIS
3.49,3.49,3.49,3.49,200,2022-01-20 12:15:00,MVIS
3.55,3.55,3.55,3.55,150,2022-01-20 12:54:00,MVIS
3.54,3.54,3.54,3.54,268,2022-01-20 13:00:00,MVIS
3.51,3.51,3.51,3.51,1300,2022-01-20 13:32:00,MVIS
3.51,3.51,3.51,3.51,100,2022-01-20 13:49:00,MVIS
3.53,3.53,3.53,3.53,359,2022-01-20 13:50:00,MVIS
3.52,3.53,3.51,3.51,8239,2022-01-20 14:00:00,MVIS
3.52,3.52,3.52,3.52,100,2022-01-20 14:01:00,MVIS
3.52,3.52,3.52,3.52,400,2022-01-20 14:06:00,MVIS
3.52,3.52,3.52,3.52,1000,2022-01-20 14:09:00,MVIS
3.53,3.55,3.53,3.55,4500,2022-01-20 14:11:00,MVIS
3.55,3.55,3.55,3.55,1400,2022-01-20 14:12:00,MVIS
3.55,3.55,3.54,3.54,2489,2022-01-20 14:13:00,MVIS
3.56,3.56,3.56,3.56,100,2022-01-20 14:14:00,MVIS
3.56,3.58,3.56,3.58,1533,2022-01-20 14:19:00,MVIS
3.58,3.58,3.58,3.58,100,2022-01-20 14:20:00,MVIS
3.55,3.55,3.55,3.55,839,2022-01-20 14:25:00,MVIS
3.54,3.54,3.54,3.54,100,2022-01-20 14:26:00,MVIS
3.54,3.54,3.54,3.54,100,2022-01-20 14:28:00,MVIS
3.54,3.54,3.54,3.54,339,2022-01-20 14:29:00,MVIS
3.51,3.52,3.505,3.515,38313,2022-01-20 14:30:00,MVIS
3.51,3.51,3.5,3.505,2333,2022-01-20 14:31:00,MVIS
3.5,3.54,3.4971,3.54,10375,2022-01-20 14:32:00,MVIS
3.55,3.5699,3.54,3.55,17255,2022-01-20 14:33:00,MVIS
3.565,3.57,3.55,3.5509,24032,2022-01-20 14:34:00,MVIS
3.56,3.5601,3.545,3.55,16471,2022-01-20 14:35:00,MVIS
3.54,3.545,3.515,3.515,15650,2022-01-20 14:36:00,MVIS
3.52,3.5479,3.52,3.53,8190,2022-01-20 14:37:00,MVIS
3.525,3.5301,3.515,3.5163,9200,2022-01-20 14:38:00,MVIS
3.515,3.5399,3.51,3.53,17612,2022-01-20 14:39:00,MVIS
3.52,3.54,3.52,3.53,17239,2022-01-20 14:40:00,MVIS
3.52,3.52,3.5006,3.5008,41665,2022-01-20 14:41:00,MVIS
3.5,3.5,3.47,3.47,48880,2022-01-20 14:42:00,MVIS
3.47,3.51,3.465,3.5,32968,2022-01-20 14:43:00,MVIS
3.49,3.49,3.4715,3.4715,9208,2022-01-20 14:44:00,MVIS
3.48,3.48,3.46,3.46,8389,2022-01-20 14:45:00,MVIS
3.46,3.5,3.45,3.485,27163,2022-01-20 14:46:00,MVIS
3.489,3.5,3.48,3.4999,11476,2022-01-20 14:47:00,MVIS
3.49,3.5,3.49,3.495,21735,2022-01-20 14:48:00,MVIS
3.49,3.49,3.475,3.485,24790,2022-01-20 14:49:00,MVIS
3.48,3.51,3.48,3.5,39797,2022-01-20 14:50:00,MVIS
3.49,3.5,3.475,3.48,21978,2022-01-20 14:51:00,MVIS
3.48,3.49,3.47,3.49,14625,2022-01-20 14:52:00,MVIS
3.485,3.5,3.485,3.5,22382,2022-01-20 14:53:00,MVIS
3.5,3.5,3.47,3.48,9230,2022-01-20 14:54:00,MVIS
3.48,3.49,3.475,3.49,13729,2022-01-20 14:55:00,MVIS
3.49,3.49,3.48,3.4899,4334,2022-01-20 14:56:00,MVIS
3.49,3.5,3.47,3.495,39897,2022-01-20 14:57:00,MVIS
3.495,3.5,3.485,3.485,9481,2022-01-20 14:58:00,MVIS
3.4816,3.5,3.4816,3.495,12524,2022-01-20 14:59:00,MVIS
3.49,3.52,3.49,3.52,41960,2022-01-20 15:00:00,MVIS
3.51,3.52,3.5,3.5,8410,2022-01-20 15:01:00,MVIS
3.5,3.5,3.49,3.49,8100,2022-01-20 15:02:00,MVIS
3.49,3.49,3.48,3.485,32215,2022-01-20 15:03:00,MVIS
3.4986,3.4987,3.48,3.48,10327,2022-01-20 15:04:00,MVIS
3.485,3.485,3.47,3.47,18925,2022-01-20 15:05:00,MVIS
3.478,3.4887,3.475,3.48,9250,2022-01-20 15:06:00,MVIS
3.48,3.4804,3.46,3.46,31759,2022-01-20 15:07:00,MVIS
3.465,3.495,3.465,3.4911,29894,2022-01-20 15:08:00,MVIS
3.49,3.49,3.48,3.485,3033,2022-01-20 15:09:00,MVIS
3.49,3.49,3.475,3.485,14885,2022-01-20 15:10:00,MVIS
3.485,3.485,3.47,3.47,6771,2022-01-20 15:11:00,MVIS
3.47,3.47,3.455,3.46,13603,2022-01-20 15:12:00,MVIS
3.465,3.465,3.44,3.44,20022,2022-01-20 15:13:00,MVIS
3.45,3.46,3.445,3.46,24839,2022-01-20 15:14:00,MVIS
3.45,3.465,3.45,3.465,21497,2022-01-20 15:15:00,MVIS
3.465,3.475,3.46,3.475,6783,2022-01-20 15:16:00,MVIS
3.4751,3.49,3.47,3.48,19189,2022-01-20 15:17:00,MVIS
3.485,3.485,3.44,3.45,24982,2022-01-20 15:18:00,MVIS
3.44,3.44,3.42,3.43,20913,2022-01-20 15:19:00,MVIS
3.43,3.449,3.43,3.44,15238,2022-01-20 15:20:00,MVIS
3.4444,3.45,3.435,3.445,7764,2022-01-20 15:21:00,MVIS
3.44,3.445,3.43,3.445,20071,2022-01-20 15:22:00,MVIS
3.445,3.45,3.44,3.445,6600,2022-01-20 15:23:00,MVIS
3.455,3.47,3.45,3.46,22304,2022-01-20 15:24:00,MVIS
3.46,3.49,3.46,3.485,16752,2022-01-20 15:25:00,MVIS
3.485,3.49,3.48,3.485,20578,2022-01-20 15:26:00,MVIS
3.485,3.52,3.4804,3.505,33463,2022-01-20 15:27:00,MVIS
3.51,3.51,3.495,3.495,13351,2022-01-20 15:28:00,MVIS
3.5,3.51,3.495,3.505,9110,2022-01-20 15:29:00,MVIS
3.505,3.52,3.505,3.515,7923,2022-01-20 15:30:00,MVIS
3.52,3.52,3.51,3.515,10473,2022-01-20 15:31:00,MVIS
3.515,3.545,3.515,3.545,47587,2022-01-20 15:32:00,MVIS
3.545,3.57,3.54,3.565,30271,2022-01-20 15:33:00,MVIS
3.565,3.58,3.56,3.575,15689,2022-01-20 15:34:00,MVIS
3.57,3.575,3.56,3.57,45342,2022-01-20 15:35:00,MVIS
3.565,3.58,3.565,3.575,6158,2022-01-20 15:36:00,MVIS
3.5727,3.6,3.5726,3.6,34240,2022-01-20 15:37:00,MVIS
3.6,3.6,3.59,3.595,21996,2022-01-20 15:38:00,MVIS
3.5981,3.61,3.58,3.585,50439,2022-01-20 15:39:00,MVIS
3.585,3.59,3.57,3.57,20160,2022-01-20 15:40:00,MVIS
3.57,3.61,3.57,3.605,29672,2022-01-20 15:41:00,MVIS
3.61,3.63,3.6,3.6,36419,2022-01-20 15:42:00,MVIS
3.605,3.605,3.58,3.585,26158,2022-01-20 15:43:00,MVIS
3.585,3.5976,3.585,3.595,19362,2022-01-20 15:44:00,MVIS
3.595,3.6199,3.595,3.61,39029,2022-01-20 15:45:00,MVIS
3.61,3.61,3.605,3.609,5041,2022-01-20 15:46:00,MVIS
3.607,3.62,3.6,3.62,11878,2022-01-20 15:47:00,MVIS
3.615,3.63,3.615,3.615,50966,2022-01-20 15:48:00,MVIS
3.62,3.62,3.61,3.6112,5045,2022-01-20 15:49:00,MVIS
3.6158,3.62,3.605,3.615,26822,2022-01-20 15:50:00,MVIS
3.615,3.65,3.61,3.645,33375,2022-01-20 15:51:00,MVIS
3.64,3.65,3.63,3.64,17566,2022-01-20 15:52:00,MVIS
3.6315,3.6366,3.62,3.6201,13935,2022-01-20 15:53:00,MVIS
3.621,3.625,3.61,3.6182,9807,2022-01-20 15:54:00,MVIS
3.61,3.66,3.61,3.65,77119,2022-01-20 15:55:00,MVIS
3.65,3.65,3.64,3.65,4587,2022-01-20 15:56:00,MVIS
3.645,3.645,3.62,3.63,29259,2022-01-20 15:57:00,MVIS
3.62,3.64,3.62,3.635,22084,2022-01-20 15:58:00,MVIS
3.635,3.655,3.635,3.65,16907,2022-01-20 15:59:00,MVIS
3.64,3.6499,3.63,3.635,8847,2022-01-20 16:00:00,MVIS
3.635,3.639,3.63,3.635,12726,2022-01-20 16:01:00,MVIS
3.635,3.64,3.625,3.6397,26875,2022-01-20 16:02:00,MVIS
3.63,3.64,3.63,3.635,3846,2022-01-20 16:03:00,MVIS
3.6315,3.64,3.63,3.635,3276,2022-01-20 16:04:00,MVIS
3.635,3.64,3.62,3.62,12429,2022-01-20 16:05:00,MVIS
3.62,3.625,3.615,3.615,14952,2022-01-20 16:06:00,MVIS
3.619,3.629,3.61,3.625,18274,2022-01-20 16:07:00,MVIS
3.63,3.63,3.615,3.615,14535,2022-01-20 16:08:00,MVIS
3.615,3.629,3.6,3.6,28435,2022-01-20 16:09:00,MVIS
3.605,3.619,3.6,3.6,40125,2022-01-20 16:10:00,MVIS
3.6,3.6,3.59,3.595,3552,2022-01-20 16:11:00,MVIS
3.595,3.595,3.59,3.59,14134,2022-01-20 16:12:00,MVIS
3.595,3.595,3.575,3.58,22838,2022-01-20 16:13:00,MVIS
3.59,3.6,3.585,3.595,9700,2022-01-20 16:14:00,MVIS
3.5999,3.5999,3.59,3.595,6641,2022-01-20 16:15:00,MVIS
3.59,3.59,3.58,3.58,9159,2022-01-20 16:16:00,MVIS
3.5774,3.58,3.57,3.57,6114,2022-01-20 16:17:00,MVIS
3.57,3.58,3.56,3.57,19956,2022-01-20 16:18:00,MVIS
3.575,3.575,3.56,3.56,19776,2022-01-20 16:19:00,MVIS
3.56,3.57,3.55,3.565,44851,2022-01-20 16:20:00,MVIS
3.57,3.57,3.56,3.56,3559,2022-01-20 16:21:00,MVIS
3.56,3.565,3.56,3.565,2700,2022-01-20 16:22:00,MVIS
3.56,3.5672,3.56,3.56,7475,2022-01-20 16:23:00,MVIS
3.56,3.56,3.55,3.555,14398,2022-01-20 16:24:00,MVIS
3.55,3.56,3.55,3.55,16174,2022-01-20 16:25:00,MVIS
3.5565,3.57,3.55,3.5667,28425,2022-01-20 16:26:00,MVIS
3.56,3.575,3.56,3.565,25358,2022-01-20 16:27:00,MVIS
3.56,3.565,3.5524,3.565,22113,2022-01-20 16:28:00,MVIS
3.565,3.58,3.565,3.575,20885,2022-01-20 16:29:00,MVIS
3.575,3.58,3.57,3.57,2531,2022-01-20 16:30:00,MVIS
3.57,3.575,3.56,3.575,25724,2022-01-20 16:31:00,MVIS
3.57,3.57,3.56,3.57,15794,2022-01-20 16:32:00,MVIS
3.57,3.58,3.56,3.56,10170,2022-01-20 16:33:00,MVIS
3.56,3.565,3.55,3.565,24654,2022-01-20 16:34:00,MVIS
3.57,3.57,3.555,3.555,6667,2022-01-20 16:35:00,MVIS
3.55,3.55,3.54,3.54,12286,2022-01-20 16:36:00,MVIS
3.54,3.56,3.53,3.56,20706,2022-01-20 16:37:00,MVIS
3.5589,3.56,3.55,3.5519,7589,2022-01-20 16:38:00,MVIS
3.56,3.56,3.55,3.55,4740,2022-01-20 16:39:00,MVIS
3.555,3.56,3.55,3.555,3603,2022-01-20 16:40:00,MVIS
3.55,3.5556,3.54,3.54,15676,2022-01-20 16:41:00,MVIS
3.54,3.54,3.53,3.5306,15298,2022-01-20 16:42:00,MVIS
3.53,3.53,3.52,3.52,17023,2022-01-20 16:43:00,MVIS
3.52,3.525,3.52,3.52,3948,2022-01-20 16:44:00,MVIS
3.52,3.54,3.52,3.53,16241,2022-01-20 16:45:00,MVIS
3.54,3.54,3.535,3.5399,1900,2022-01-20 16:46:00,MVIS
3.535,3.55,3.535,3.545,7091,2022-01-20 16:47:00,MVIS
3.545,3.55,3.535,3.545,29312,2022-01-20 16:48:00,MVIS
3.55,3.56,3.545,3.55,13150,2022-01-20 16:49:00,MVIS
3.55,3.56,3.55,3.56,4468,2022-01-20 16:50:00,MVIS
3.56,3.56,3.555,3.56,1170,2022-01-20 16:51:00,MVIS
3.555,3.56,3.555,3.555,8200,2022-01-20 16:52:00,MVIS
3.56,3.56,3.55,3.55,2890,2022-01-20 16:53:00,MVIS
3.55,3.55,3.53,3.53,33239,2022-01-20 16:54:00,MVIS
3.53,3.535,3.53,3.53,2201,2022-01-20 16:55:00,MVIS
3.53,3.535,3.53,3.53,2500,2022-01-20 16:56:00,MVIS
3.53,3.55,3.53,3.545,23720,2022-01-20 16:57:00,MVIS
3.545,3.55,3.545,3.545,4000,2022-01-20 16:58:00,MVIS
3.545,3.545,3.54,3.54,4390,2022-01-20 16:59:00,MVIS
3.548,3.56,3.54,3.56,17126,2022-01-20 17:00:00,MVIS
3.555,3.565,3.555,3.565,2100,2022-01-20 17:01:00,MVIS
3.565,3.585,3.56,3.585,6216,2022-01-20 17:02:00,MVIS
3.59,3.59,3.58,3.58,1307,2022-01-20 17:03:00,MVIS
3.585,3.59,3.585,3.585,1593,2022-01-20 17:04:00,MVIS
3.585,3.59,3.58,3.585,1000,2022-01-20 17:05:00,MVIS
3.5857,3.59,3.58,3.585,2439,2022-01-20 17:06:00,MVIS
3.5808,3.6,3.58,3.5981,16950,2022-01-20 17:07:00,MVIS
3.6,3.6,3.595,3.595,800,2022-01-20 17:08:00,MVIS
3.595,3.595,3.585,3.59,19982,2022-01-20 17:09:00,MVIS
3.585,3.59,3.5848,3.59,2800,2022-01-20 17:10:00,MVIS
3.59,3.595,3.585,3.59,8625,2022-01-20 17:11:00,MVIS
3.6,3.61,3.6,3.61,14919,2022-01-20 17:12:00,MVIS
3.6092,3.615,3.6092,3.615,2228,2022-01-20 17:13:00,MVIS
3.6195,3.62,3.6123,3.6192,6186,2022-01-20 17:14:00,MVIS
3.615,3.62,3.61,3.61,6265,2022-01-20 17:15:00,MVIS
3.61,3.61,3.605,3.61,10384,2022-01-20 17:16:00,MVIS
3.61,3.6199,3.61,3.615,810,2022-01-20 17:17:00,MVIS
3.6199,3.6199,3.6111,3.6111,2400,2022-01-20 17:18:00,MVIS
3.616,3.616,3.59,3.595,61125,2022-01-20 17:19:00,MVIS
3.5999,3.5999,3.59,3.599,866,2022-01-20 17:20:00,MVIS
3.6,3.61,3.595,3.605,11650,2022-01-20 17:21:00,MVIS
3.61,3.61,3.605,3.605,400,2022-01-20 17:22:00,MVIS
3.6025,3.61,3.6,3.6099,2455,2022-01-20 17:23:00,MVIS
3.6075,3.6075,3.6075,3.6075,150,2022-01-20 17:25:00,MVIS
3.605,3.605,3.605,3.605,100,2022-01-20 17:26:00,MVIS
3.605,3.615,3.605,3.6101,5808,2022-01-20 17:27:00,MVIS
3.61,3.62,3.61,3.615,16826,2022-01-20 17:28:00,MVIS
3.62,3.63,3.62,3.63,4150,2022-01-20 17:29:00,MVIS
3.63,3.635,3.63,3.635,4750,2022-01-20 17:30:00,MVIS
3.63,3.63,3.625,3.625,6103,2022-01-20 17:31:00,MVIS
3.6216,3.625,3.6216,3.625,2230,2022-01-20 17:32:00,MVIS
3.63,3.63,3.625,3.625,1537,2022-01-20 17:33:00,MVIS
3.6216,3.6216,3.62,3.62,1300,2022-01-20 17:34:00,MVIS
3.62,3.625,3.62,3.62,12779,2022-01-20 17:35:00,MVIS
3.62,3.62,3.6,3.6,30712,2022-01-20 17:36:00,MVIS
3.6,3.6,3.6,3.6,1263,2022-01-20 17:37:00,MVIS
3.59,3.6,3.58,3.595,20887,2022-01-20 17:38:00,MVIS
3.59,3.59,3.59,3.59,1300,2022-01-20 17:39:00,MVIS
3.5924,3.5924,3.58,3.58,3547,2022-01-20 17:40:00,MVIS
3.58,3.58,3.58,3.58,2500,2022-01-20 17:41:00,MVIS
3.58,3.585,3.575,3.58,14216,2022-01-20 17:42:00,MVIS
3.585,3.5882,3.585,3.5882,929,2022-01-20 17:43:00,MVIS
3.585,3.585,3.58,3.58,5400,2022-01-20 17:44:00,MVIS
3.58,3.58,3.57,3.575,7223,2022-01-20 17:45:00,MVIS
3.58,3.58,3.57,3.57,3395,2022-01-20 17:46:00,MVIS
3.57,3.57,3.565,3.565,3950,2022-01-20 17:47:00,MVIS
3.565,3.565,3.56,3.56,2300,2022-01-20 17:48:00,MVIS
3.56,3.5675,3.56,3.56,5321,2022-01-20 17:49:00,MVIS
3.56,3.58,3.555,3.575,23937,2022-01-20 17:50:00,MVIS
3.58,3.58,3.58,3.58,299,2022-01-20 17:51:00,MVIS
3.575,3.58,3.575,3.58,2748,2022-01-20 17:52:00,MVIS
3.58,3.58,3.57,3.57,1238,2022-01-20 17:53:00,MVIS
3.57,3.57,3.565,3.565,6677,2022-01-20 17:54:00,MVIS
3.565,3.565,3.56,3.56,1996,2022-01-20 17:55:00,MVIS
3.56,3.5601,3.5502,3.5502,5600,2022-01-20 17:56:00,MVIS
3.55,3.57,3.55,3.565,13124,2022-01-20 17:57:00,MVIS
3.57,3.57,3.565,3.565,518,2022-01-20 17:58:00,MVIS
3.565,3.57,3.56,3.565,6050,2022-01-20 17:59:00,MVIS
3.565,3.565,3.55,3.555,7695,2022-01-20 18:00:00,MVIS
3.56,3.56,3.55,3.55,3257,2022-01-20 18:01:00,MVIS
3.55,3.55,3.55,3.55,2920,2022-01-20 18:02:00,MVIS
3.553,3.5585,3.535,3.535,10779,2022-01-20 18:03:00,MVIS
3.535,3.5399,3.53,3.53,2621,2022-01-20 18:04:00,MVIS
3.53,3.5376,3.525,3.53,14733,2022-01-20 18:05:00,MVIS
3.535,3.545,3.535,3.54,13770,2022-01-20 18:06:00,MVIS
3.54,3.545,3.54,3.54,2800,2022-01-20 18:07:00,MVIS
3.54,3.5472,3.54,3.54,4428,2022-01-20 18:08:00,MVIS
3.54,3.54,3.53,3.53,6774,2022-01-20 18:09:00,MVIS
3.53,3.53,3.52,3.525,3760,2022-01-20 18:10:00,MVIS
3.525,3.535,3.52,3.525,18565,2022-01-20 18:11:00,MVIS
3.52,3.52,3.52,3.52,1200,2022-01-20 18:12:00,MVIS
3.52,3.525,3.52,3.52,2200,2022-01-20 18:13:00,MVIS
3.52,3.525,3.52,3.52,16394,2022-01-20 18:14:00,MVIS
3.525,3.525,3.52,3.52,7947,2022-01-20 18:15:00,MVIS
3.52,3.54,3.51,3.53,30194,2022-01-20 18:16:00,MVIS
3.5384,3.54,3.53,3.53,5183,2022-01-20 18:17:00,MVIS
3.535,3.54,3.535,3.5399,12573,2022-01-20 18:18:00,MVIS
3.54,3.545,3.535,3.54,3500,2022-01-20 18:19:00,MVIS
3.54,3.55,3.535,3.545,13267,2022-01-20 18:20:00,MVIS
3.545,3.545,3.54,3.54,727,2022-01-20 18:21:00,MVIS
3.5401,3.545,3.535,3.545,17075,2022-01-20 18:22:00,MVIS
3.548,3.55,3.531,3.535,16464,2022-01-20 18:23:00,MVIS
3.535,3.54,3.53,3.53,1050,2022-01-20 18:24:00,MVIS
3.53,3.535,3.53,3.53,2600,2022-01-20 18:25:00,MVIS
3.53,3.55,3.53,3.55,8902,2022-01-20 18:26:00,MVIS
3.55,3.55,3.545,3.55,520,2022-01-20 18:27:00,MVIS
3.545,3.545,3.54,3.54,1100,2022-01-20 18:28:00,MVIS
3.54,3.54,3.53,3.535,7429,2022-01-20 18:29:00,MVIS
3.53,3.53,3.52,3.522,5846,2022-01-20 18:30:00,MVIS
3.52,3.53,3.515,3.53,23903,2022-01-20 18:31:00,MVIS
3.52,3.53,3.52,3.53,5300,2022-01-20 18:32:00,MVIS
3.53,3.53,3.52,3.53,12316,2022-01-20 18:33:00,MVIS
3.53,3.53,3.52,3.52,3078,2022-01-20 18:34:00,MVIS
3.52,3.52,3.52,3.52,200,2022-01-20 18:35:00,MVIS
3.5282,3.5282,3.515,3.515,23143,2022-01-20 18:36:00,MVIS
3.52,3.53,3.52,3.53,5485,2022-01-20 18:37:00,MVIS
3.53,3.53,3.525,3.53,6390,2022-01-20 18:38:00,MVIS
3.525,3.53,3.525,3.53,1000,2022-01-20 18:39:00,MVIS
3.52,3.5279,3.52,3.525,517,2022-01-20 18:40:00,MVIS
3.525,3.525,3.52,3.52,2400,2022-01-20 18:41:00,MVIS
3.52,3.52,3.52,3.52,8685,2022-01-20 18:42:00,MVIS
3.52,3.525,3.52,3.525,2000,2022-01-20 18:43:00,MVIS
3.525,3.525,3.515,3.52,15077,2022-01-20 18:44:00,MVIS
3.515,3.52,3.51,3.515,1800,2022-01-20 18:45:00,MVIS
3.515,3.53,3.515,3.525,14500,2022-01-20 18:46:00,MVIS
3.53,3.54,3.53,3.53,3628,2022-01-20 18:47:00,MVIS
3.53,3.53,3.53,3.53,9205,2022-01-20 18:48:00,MVIS
3.528,3.528,3.52,3.52,3500,2022-01-20 18:49:00,MVIS
3.52,3.52,3.52,3.52,1700,2022-01-20 18:50:00,MVIS
3.52,3.52,3.515,3.515,6461,2022-01-20 18:51:00,MVIS
3.515,3.515,3.51,3.51,1800,2022-01-20 18:52:00,MVIS
3.51,3.5199,3.51,3.51,4170,2022-01-20 18:53:00,MVIS
3.51,3.5175,3.51,3.515,3100,2022-01-20 18:54:00,MVIS
3.515,3.5199,3.51,3.51,4250,2022-01-20 18:55:00,MVIS
3.51,3.5199,3.51,3.51,17696,2022-01-20 18:56:00,MVIS
3.51,3.51,3.5,3.505,11788,2022-01-20 18:57:00,MVIS
3.505,3.505,3.5,3.5,600,2022-01-20 18:58:00,MVIS
3.505,3.515,3.505,3.51,20794,2022-01-20 18:59:00,MVIS
3.52,3.52,3.51,3.515,4869,2022-01-20 19:00:00,MVIS
3.51,3.535,3.51,3.53,35930,2022-01-20 19:01:00,MVIS
3.5217,3.54,3.5217,3.54,10686,2022-01-20 19:02:00,MVIS
3.54,3.555,3.54,3.55,10461,2022-01-20 19:03:00,MVIS
3.56,3.57,3.555,3.565,6900,2022-01-20 19:04:00,MVIS
3.5658,3.5658,3.56,3.565,20183,2022-01-20 19:05:00,MVIS
3.56,3.565,3.56,3.56,15765,2022-01-20 19:06:00,MVIS
3.555,3.5577,3.55,3.5501,5169,2022-01-20 19:07:00,MVIS
3.55,3.55,3.55,3.55,3400,2022-01-20 19:08:00,MVIS
3.55,3.5599,3.55,3.55,4450,2022-01-20 19:09:00,MVIS
3.55,3.56,3.55,3.558,4312,2022-01-20 19:10:00,MVIS
3.55,3.55,3.54,3.54,9046,2022-01-20 19:11:00,MVIS
3.54,3.5408,3.52,3.52,16440,2022-01-20 19:12:00,MVIS
3.52,3.52,3.51,3.515,7859,2022-01-20 19:13:00,MVIS
3.511,3.5166,3.51,3.51,7464,2022-01-20 19:14:00,MVIS
3.51,3.51,3.5,3.51,5600,2022-01-20 19:15:00,MVIS
3.505,3.51,3.5,3.505,2200,2022-01-20 19:16:00,MVIS
3.505,3.51,3.5,3.505,2857,2022-01-20 19:17:00,MVIS
3.505,3.505,3.5,3.5001,2300,2022-01-20 19:18:00,MVIS
3.5,3.52,3.5,3.51,15842,2022-01-20 19:19:00,MVIS
3.51,3.51,3.51,3.51,1700,2022-01-20 19:20:00,MVIS
3.51,3.51,3.51,3.51,1297,2022-01-20 19:21:00,MVIS
3.51,3.52,3.51,3.51,2254,2022-01-20 19:22:00,MVIS
3.51,3.51,3.5,3.505,8667,2022-01-20 19:23:00,MVIS
3.505,3.525,3.5,3.5202,41428,2022-01-20 19:24:00,MVIS
3.52,3.52,3.515,3.515,2818,2022-01-20 19:25:00,MVIS
3.515,3.5299,3.515,3.5299,12784,2022-01-20 19:26:00,MVIS
3.52,3.525,3.51,3.51,10200,2022-01-20 19:27:00,MVIS
3.5182,3.52,3.51,3.51,4211,2022-01-20 19:28:00,MVIS
3.51,3.515,3.505,3.505,4857,2022-01-20 19:29:00,MVIS
3.508,3.508,3.5,3.505,2561,2022-01-20 19:30:00,MVIS
3.5,3.5,3.47,3.47,59120,2022-01-20 19:31:00,MVIS
3.47,3.48,3.47,3.475,6918,2022-01-20 19:32:00,MVIS
3.47,3.48,3.465,3.475,33557,2022-01-20 19:33:00,MVIS
3.48,3.48,3.475,3.4781,1219,2022-01-20 19:34:00,MVIS
3.48,3.48,3.47,3.47,6300,2022-01-20 19:35:00,MVIS
3.47,3.475,3.455,3.475,45096,2022-01-20 19:36:00,MVIS
3.475,3.475,3.47,3.47,3900,2022-01-20 19:37:00,MVIS
3.47,3.47,3.455,3.455,27816,2022-01-20 19:38:00,MVIS
3.45,3.48,3.45,3.48,37240,2022-01-20 19:39:00,MVIS
3.47,3.475,3.46,3.465,9081,2022-01-20 19:40:00,MVIS
3.46,3.465,3.455,3.465,12347,2022-01-20 19:41:00,MVIS
3.465,3.465,3.46,3.46,13500,2022-01-20 19:42:00,MVIS
3.46,3.4674,3.45,3.45,11775,2022-01-20 19:43:00,MVIS
3.45,3.4587,3.445,3.45,38434,2022-01-20 19:44:00,MVIS
3.46,3.47,3.455,3.465,18011,2022-01-20 19:45:00,MVIS
3.46,3.4674,3.46,3.4674,900,2022-01-20 19:46:00,MVIS
3.46,3.465,3.45,3.45,14539,2022-01-20 19:47:00,MVIS
3.445,3.455,3.43,3.44,83082,2022-01-20 19:48:00,MVIS
3.44,3.4584,3.44,3.45,16355,2022-01-20 19:49:00,MVIS
3.45,3.45,3.44,3.44,10400,2022-01-20 19:50:00,MVIS
3.44,3.445,3.43,3.435,29798,2022-01-20 19:51:00,MVIS
3.43,3.435,3.43,3.435,6003,2022-01-20 19:52:00,MVIS
3.43,3.4499,3.43,3.44,23884,2022-01-20 19:53:00,MVIS
3.44,3.445,3.44,3.44,6100,2022-01-20 19:54:00,MVIS
3.44,3.45,3.44,3.44,11007,2022-01-20 19:55:00,MVIS
3.445,3.445,3.425,3.425,15576,2022-01-20 19:56:00,MVIS
3.43,3.44,3.425,3.435,27926,2022-01-20 19:57:00,MVIS
3.43,3.4399,3.43,3.4301,7600,2022-01-20 19:58:00,MVIS
3.43,3.435,3.42,3.43,17708,2022-01-20 19:59:00,MVIS
3.4375,3.44,3.43,3.44,18431,2022-01-20 20:00:00,MVIS
3.44,3.445,3.43,3.43,49561,2022-01-20 20:01:00,MVIS
3.43,3.44,3.43,3.435,33500,2022-01-20 20:02:00,MVIS
3.43,3.4316,3.42,3.42,7950,2022-01-20 20:03:00,MVIS
3.42,3.42,3.41,3.41,49347,2022-01-20 20:04:00,MVIS
3.41,3.42,3.405,3.405,35301,2022-01-20 20:05:00,MVIS
3.4,3.4015,3.39,3.3976,26550,2022-01-20 20:06:00,MVIS
3.39,3.3975,3.37,3.3975,43361,2022-01-20 20:07:00,MVIS
3.39,3.39,3.37,3.37,5046,2022-01-20 20:08:00,MVIS
3.37,3.38,3.37,3.37,7720,2022-01-20 20:09:00,MVIS
3.37,3.3775,3.36,3.365,13193,2022-01-20 20:10:00,MVIS
3.3684,3.37,3.36,3.365,5064,2022-01-20 20:11:00,MVIS
3.3601,3.37,3.36,3.365,19953,2022-01-20 20:12:00,MVIS
3.37,3.38,3.37,3.3799,16050,2022-01-20 20:13:00,MVIS
3.37,3.38,3.37,3.37,22706,2022-01-20 20:14:00,MVIS
3.37,3.4,3.37,3.39,25093,2022-01-20 20:15:00,MVIS
3.39,3.395,3.38,3.38,16015,2022-01-20 20:16:00,MVIS
3.38,3.38,3.37,3.37,16667,2022-01-20 20:17:00,MVIS
3.37,3.38,3.37,3.37,9020,2022-01-20 20:18:00,MVIS
3.37,3.385,3.37,3.385,13993,2022-01-20 20:19:00,MVIS
3.38,3.3881,3.38,3.385,4011,2022-01-20 20:20:00,MVIS
3.3881,3.3881,3.37,3.37,10388,2022-01-20 20:21:00,MVIS
3.375,3.3799,3.37,3.37,12600,2022-01-20 20:22:00,MVIS
3.37,3.37,3.355,3.355,11968,2022-01-20 20:23:00,MVIS
3.355,3.3586,3.35,3.35,11017,2022-01-20 20:24:00,MVIS
3.35,3.36,3.33,3.33,26561,2022-01-20 20:25:00,MVIS
3.3399,3.35,3.33,3.34,21425,2022-01-20 20:26:00,MVIS
3.3401,3.3582,3.3401,3.35,20574,2022-01-20 20:27:00,MVIS
3.35,3.3597,3.34,3.3597,14684,2022-01-20 20:28:00,MVIS
3.355,3.3612,3.35,3.3501,31395,2022-01-20 20:29:00,MVIS
3.3599,3.3599,3.35,3.35,13961,2022-01-20 20:30:00,MVIS
3.35,3.36,3.35,3.35,11255,2022-01-20 20:31:00,MVIS
3.35,3.3599,3.34,3.345,10624,2022-01-20 20:32:00,MVIS
3.35,3.36,3.345,3.35,17566,2022-01-20 20:33:00,MVIS
3.355,3.3587,3.35,3.35,18347,2022-01-20 20:34:00,MVIS
3.35,3.35,3.32,3.325,24861,2022-01-20 20:35:00,MVIS
3.325,3.33,3.31,3.325,45851,2022-01-20 20:36:00,MVIS
3.325,3.325,3.305,3.31,74458,2022-01-20 20:37:00,MVIS
3.31,3.32,3.305,3.31,24342,2022-01-20 20:38:00,MVIS
3.31,3.318,3.3,3.318,40109,2022-01-20 20:39:00,MVIS
3.31,3.3192,3.31,3.31,9171,2022-01-20 20:40:00,MVIS
3.31,3.3285,3.31,3.3285,37603,2022-01-20 20:41:00,MVIS
3.325,3.3281,3.32,3.32,11570,2022-01-20 20:42:00,MVIS
3.3298,3.3298,3.32,3.32,12132,2022-01-20 20:43:00,MVIS
3.32,3.32,3.31,3.31,27020,2022-01-20 20:44:00,MVIS
3.31,3.3177,3.305,3.31,24453,2022-01-20 20:45:00,MVIS
3.31,3.32,3.3,3.3,19032,2022-01-20 20:46:00,MVIS
3.3,3.3099,3.3,3.3,11529,2022-01-20 20:47:00,MVIS
3.3,3.305,3.3,3.3,12149,2022-01-20 20:48:00,MVIS
3.3,3.3077,3.29,3.3,71476,2022-01-20 20:49:00,MVIS
3.29,3.3,3.29,3.295,37346,2022-01-20 20:50:00,MVIS
3.29,3.2999,3.28,3.28,36416,2022-01-20 20:51:00,MVIS
3.28,3.2883,3.27,3.28,62310,2022-01-20 20:52:00,MVIS
3.28,3.29,3.27,3.27,21933,2022-01-20 20:53:00,MVIS
3.275,3.28,3.27,3.27,32204,2022-01-20 20:54:00,MVIS
3.27,3.28,3.27,3.275,42861,2022-01-20 20:55:00,MVIS
3.28,3.28,3.27,3.27,25858,2022-01-20 20:56:00,MVIS
3.28,3.28,3.26,3.28,96994,2022-01-20 20:57:00,MVIS
3.275,3.28,3.26,3.26,64632,2022-01-20 20:58:00,MVIS
3.27,3.28,3.26,3.27,102151,2022-01-20 20:59:00,MVIS
3.27,3.29,3.25,3.29,127457,2022-01-20 21:00:00,MVIS
3.29,3.32,3.29,3.32,6888,2022-01-20 21:01:00,MVIS
3.35,3.35,3.34,3.34,1000,2022-01-20 21:02:00,MVIS
3.32,3.32,3.32,3.32,1000,2022-01-20 21:04:00,MVIS
3.32,3.32,3.32,3.32,100,2022-01-20 21:06:00,MVIS
3.32,3.32,3.32,3.32,1800,2022-01-20 21:07:00,MVIS
3.32,3.32,3.32,3.32,2150,2022-01-20 21:10:00,MVIS
3.33,3.33,3.33,3.33,100,2022-01-20 21:11:00,MVIS
3.33,3.34,3.33,3.34,7870,2022-01-20 21:12:00,MVIS
3.34,3.34,3.34,3.34,416,2022-01-20 21:13:00,MVIS
3.35,3.35,3.35,3.35,1750,2022-01-20 21:14:00,MVIS
3.35,3.35,3.35,3.35,1166,2022-01-20 21:15:00,MVIS
3.34,3.34,3.34,3.34,1150,2022-01-20 21:19:00,MVIS
3.29,3.29,3.29,3.29,100,2022-01-20 21:25:00,MVIS
3.29,3.29,3.27,3.27,900,2022-01-20 21:26:00,MVIS
3.26,3.34,3.26,3.34,800,2022-01-20 21:27:00,MVIS
3.3047,3.3047,3.3047,3.3047,750,2022-01-20 21:28:00,MVIS
3.292,3.292,3.2501,3.2501,750,2022-01-20 21:29:00,MVIS
3.2767,3.33,3.2767,3.33,272,2022-01-20 21:31:00,MVIS
3.2906,3.2906,3.29,3.29,996,2022-01-20 21:40:00,MVIS
3.33,3.33,3.33,3.33,400,2022-01-20 21:49:00,MVIS
3.29,3.33,3.29,3.33,6091,2022-01-20 21:52:00,MVIS
3.29,3.29,3.29,3.29,500,2022-01-20 21:54:00,MVIS
3.3,3.3,3.29,3.29,12382,2022-01-20 21:57:00,MVIS
3.32,3.32,3.32,3.32,100,2022-01-20 22:02:00,MVIS
3.3,3.3,3.29,3.29,240,2022-01-20 22:03:00,MVIS
3.29,3.29,3.29,3.29,787,2022-01-20 22:04:00,MVIS
3.29,3.29,3.29,3.29,1965,2022-01-20 22:06:00,MVIS
3.29,3.29,3.29,3.29,400,2022-01-20 22:09:00,MVIS
3.2993,3.2993,3.2993,3.2993,3000,2022-01-20 22:13:00,MVIS
3.3,3.3,3.3,3.3,900,2022-01-20 22:14:00,MVIS
3.298,3.298,3.298,3.298,990,2022-01-20 22:15:00,MVIS
3.3,3.3,3.3,3.3,100,2022-01-20 22:17:00,MVIS
3.29,3.29,3.29,3.29,100,2022-01-20 22:18:00,MVIS
3.3,3.3,3.3,3.3,100,2022-01-20 22:22:00,MVIS
3.29,3.29,3.29,3.29,600,2022-01-20 22:26:00,MVIS
3.3,3.3,3.3,3.3,106,2022-01-20 22:28:00,MVIS
3.29,3.29,3.29,3.29,341,2022-01-20 22:29:00,MVIS
3.296,3.296,3.296,3.296,500,2022-01-20 22:43:00,MVIS
3.3,3.3,3.3,3.3,1000,2022-01-20 22:44:00,MVIS
3.3,3.3,3.3,3.3,230,2022-01-20 22:50:00,MVIS
3.29,3.29,3.29,3.29,1200,2022-01-20 23:06:00,MVIS
3.29,3.29,3.29,3.29,500,2022-01-20 23:13:00,MVIS
3.32,3.32,3.32,3.32,100,2022-01-20 23:16:00,MVIS
3.32,3.32,3.32,3.32,150,2022-01-20 23:17:00,MVIS
3.2901,3.2901,3.29,3.29,2537,2022-01-20 23:26:00,MVIS
3.27,3.27,3.27,3.27,3900,2022-01-20 23:34:00,MVIS
3.28,3.28,3.28,3.28,100,2022-01-20 23:44:00,MVIS
3.27,3.27,3.27,3.27,1200,2022-01-20 23:49:00,MVIS
3.27,3.27,3.27,3.27,100,2022-01-20 23:52:00,MVIS
3.27,3.27,3.27,3.27,100,2022-01-20 23:53:00,MVIS
3.27,3.27,3.27,3.27,100,2022-01-20 23:54:00,MVIS
3.27,3.27,3.27,3.27,300,2022-01-20 23:55:00,MVIS
3.29,3.29,3.29,3.29,200,2022-01-20 23:56:00,MVIS
3.27,3.27,3.27,3.27,102,2022-01-21 00:00:00,MVIS
3.27,3.27,3.27,3.27,251,2022-01-21 00:04:00,MVIS
3.27,3.27,3.26,3.26,1100,2022-01-21 00:22:00,MVIS
3.26,3.26,3.26,3.26,300,2022-01-21 00:24:00,MVIS
3.25,3.25,3.25,3.25,434,2022-01-21 00:25:00,MVIS
3.27,3.27,3.27,3.27,112,2022-01-21 00:26:00,MVIS
3.27,3.27,3.27,3.27,800,2022-01-21 00:32:00,MVIS
3.26,3.26,3.26,3.26,112,2022-01-21 00:34:00,MVIS
3.26,3.26,3.26,3.26,3936,2022-01-21 00:40:00,MVIS
3.29,3.29,3.29,3.29,492,2022-01-21 00:43:00,MVIS
3.26,3.26,3.26,3.26,100,2022-01-21 00:52:00,MVIS
3.25,3.25,3.25,3.25,330,2022-01-21 00:53:00,MVIS
3.25,3.25,3.25,3.25,1476,2022-01-21 00:54:00,MVIS
3.25,3.25,3.25,3.25,458,2022-01-21 00:55:00,MVIS
3.29,3.29,3.29,3.29,100,2022-01-21 00:56:00,MVIS
3.27,3.27,3.27,3.27,730,2022-01-21 09:00:00,MVIS
3.26,3.26,3.26,3.26,2067,2022-01-21 09:38:00,MVIS
3.25,3.27,3.25,3.27,601,2022-01-21 11:18:00,MVIS
3.26,3.26,3.24,3.24,1319,2022-01-21 12:16:00,MVIS
3.25,3.25,3.25,3.25,104,2022-01-21 12:57:00,MVIS
3.25,3.25,3.25,3.25,200,2022-01-21 12:59:00,MVIS
3.25,3.25,3.25,3.25,196,2022-01-21 13:02:00,MVIS
3.24,3.24,3.24,3.24,868,2022-01-21 13:05:00,MVIS
3.24,3.24,3.24,3.24,100,2022-01-21 13:08:00,MVIS
3.2699,3.2699,3.2699,3.2699,100,2022-01-21 13:33:00,MVIS
3.27,3.27,3.27,3.27,1000,2022-01-21 13:44:00,MVIS
3.25,3.25,3.25,3.25,100,2022-01-21 13:53:00,MVIS
3.24,3.24,3.24,3.24,105,2022-01-21 13:57:00,MVIS
3.24,3.24,3.24,3.24,171,2022-01-21 14:08:00,MVIS
3.25,3.25,3.24,3.24,539,2022-01-21 14:09:00,MVIS
3.22,3.22,3.22,3.22,1000,2022-01-21 14:10:00,MVIS
3.22,3.22,3.22,3.22,951,2022-01-21 14:11:00,MVIS
3.24,3.24,3.24,3.24,600,2022-01-21 14:13:00,MVIS
3.21,3.23,3.21,3.23,650,2022-01-21 14:18:00,MVIS
3.23,3.23,3.23,3.23,5000,2022-01-21 14:19:00,MVIS
3.23,3.23,3.23,3.23,3245,2022-01-21 14:21:00,MVIS
3.23,3.23,3.23,3.23,4200,2022-01-21 14:22:00,MVIS
3.24,3.24,3.24,3.24,200,2022-01-21 14:23:00,MVIS
3.23,3.23,3.23,3.23,309,2022-01-21 14:24:00,MVIS
3.23,3.23,3.23,3.23,135,2022-01-21 14:26:00,MVIS
3.25,3.25,3.25,3.25,343,2022-01-21 14:27:00,MVIS
3.23,3.24,3.2,3.2,126678,2022-01-21 14:30:00,MVIS
3.21,3.225,3.2,3.2,11567,2022-01-21 14:31:00,MVIS
3.21,3.23,3.17,3.19,76522,2022-01-21 14:32:00,MVIS
3.195,3.23,3.18,3.21,88591,2022-01-21 14:33:00,MVIS
3.21,3.22,3.19,3.22,29548,2022-01-21 14:34:00,MVIS
3.22,3.2265,3.1723,3.185,21331,2022-01-21 14:35:00,MVIS
3.18,3.189,3.16,3.185,21316,2022-01-21 14:36:00,MVIS
3.1817,3.22,3.1817,3.214,67976,2022-01-21 14:37:00,MVIS
3.2193,3.2193,3.19,3.1901,25426,2022-01-21 14:38:00,MVIS
3.199,3.199,3.16,3.17,17436,2022-01-21 14:39:00,MVIS
3.175,3.175,3.14,3.14,34729,2022-01-21 14:40:00,MVIS
3.1413,3.15,3.13,3.135,17132,2022-01-21 14:41:00,MVIS
3.135,3.14,3.12,3.125,29794,2022-01-21 14:42:00,MVIS
3.125,3.13,3.11,3.12,34522,2022-01-21 14:43:00,MVIS
3.115,3.13,3.115,3.125,16629,2022-01-21 14:44:00,MVIS
3.12,3.12,3.1,3.115,29381,2022-01-21 14:45:00,MVIS
3.12,3.21,3.115,3.2,174509,2022-01-21 14:46:00,MVIS
3.21,3.22,3.19,3.19,40682,2022-01-21 14:47:00,MVIS
3.19,3.1984,3.155,3.155,27587,2022-01-21 14:48:00,MVIS
3.155,3.17,3.14,3.17,33213,2022-01-21 14:49:00,MVIS
3.16,3.175,3.15,3.155,36018,2022-01-21 14:50:00,MVIS
3.15,3.15,3.14,3.15,25177,2022-01-21 14:51:00,MVIS
3.14,3.145,3.13,3.14,10090,2022-01-21 14:52:00,MVIS
3.135,3.1393,3.12,3.125,23878,2022-01-21 14:53:00,MVIS
3.125,3.125,3.1,3.1105,58259,2022-01-21 14:54:00,MVIS
3.1099,3.11,3.1,3.105,19820,2022-01-21 14:55:00,MVIS
3.105,3.11,3.1,3.1,25630,2022-01-21 14:56:00,MVIS
3.1,3.11,3.1,3.1,52025,2022-01-21 14:57:00,MVIS
3.1,3.1085,3.1,3.1,69564,2022-01-21 14:58:00,MVIS
3.105,3.13,3.1,3.125,43792,2022-01-21 14:59:00,MVIS
3.125,3.14,3.11,3.11,77198,2022-01-21 15:00:00,MVIS
3.11,3.11,3.1,3.1,32984,2022-01-21 15:01:00,MVIS
3.1,3.11,3.1,3.1099,38816,2022-01-21 15:02:00,MVIS
3.1,3.105,3.1,3.1,57797,2022-01-21 15:03:00,MVIS
3.1,3.1099,3.1,3.1,39293,2022-01-21 15:04:00,MVIS
3.1,3.11,3.1,3.11,17970,2022-01-21 15:05:00,MVIS
3.11,3.11,3.1,3.1,24213,2022-01-21 15:06:00,MVIS
3.1,3.11,3.1,3.1,23650,2022-01-21 15:07:00,MVIS
3.105,3.1089,3.09,3.1,50899,2022-01-21 15:08:00,MVIS
3.1,3.1,3.08,3.095,23545,2022-01-21 15:09:00,MVIS
3.09,3.099,3.08,3.08,38594,2022-01-21 15:10:00,MVIS
3.08,3.09,3.06,3.06,34629,2022-01-21 15:11:00,MVIS
3.061,3.064,3.045,3.05,36393,2022-01-21 15:12:00,MVIS
3.05,3.0507,3.02,3.03,50480,2022-01-21 15:13:00,MVIS
3.0201,3.07,3.0201,3.07,69992,2022-01-21 15:14:00,MVIS
3.08,3.1,3.075,3.075,110079,2022-01-21 15:15:00,MVIS
3.07,3.08,3.06,3.0728,20170,2022-01-21 15:16:00,MVIS
3.075,3.075,3.06,3.0684,10074,2022-01-21 15:17:00,MVIS
3.06,3.0601,3.05,3.05,24287,2022-01-21 15:18:00,MVIS
3.05,3.0501,3.0201,3.0201,48031,2022-01-21 15:19:00,MVIS
3.0271,3.04,3.02,3.035,30398,2022-01-21 15:20:00,MVIS
3.0372,3.0372,3.02,3.02,10127,2022-01-21 15:21:00,MVIS
3.02,3.04,3.01,3.035,42393,2022-01-21 15:22:00,MVIS
3.04,3.05,3.03,3.04,55947,2022-01-21 15:23:00,MVIS
3.045,3.0611,3.04,3.0419,61418,2022-01-21 15:24:00,MVIS
3.05,3.075,3.045,3.0701,97072,2022-01-21 15:25:00,MVIS
3.08,3.1,3.08,3.095,39531,2022-01-21 15:26:00,MVIS
3.1,3.11,3.09,3.105,47893,2022-01-21 15:27:00,MVIS
3.105,3.11,3.1,3.1,25405,2022-01-21 15:28:00,MVIS
3.1,3.11,3.09,3.09,33298,2022-01-21 15:29:00,MVIS
3.0959,3.11,3.08,3.105,53485,2022-01-21 15:30:00,MVIS
3.1,3.11,3.1,3.1082,9930,2022-01-21 15:31:00,MVIS
3.105,3.105,3.09,3.0989,24987,2022-01-21 15:32:00,MVIS
3.09,3.1,3.08,3.1,34633,2022-01-21 15:33:00,MVIS
3.1,3.12,3.1,3.12,43774,2022-01-21 15:34:00,MVIS
3.12,3.125,3.11,3.1198,36713,2022-01-21 15:35:00,MVIS
3.1113,3.12,3.1,3.11,28557,2022-01-21 15:36:00,MVIS
3.12,3.14,3.11,3.13,30530,2022-01-21 15:37:00,MVIS
3.135,3.1375,3.13,3.135,9812,2022-01-21 15:38:00,MVIS
3.14,3.145,3.1214,3.125,44700,2022-01-21 15:39:00,MVIS
3.1201,3.14,3.12,3.135,27953,2022-01-21 15:40:00,MVIS
3.1302,3.1489,3.13,3.13,54707,2022-01-21 15:41:00,MVIS
3.12,3.13,3.0916,3.0916,79714,2022-01-21 15:42:00,MVIS
3.1,3.105,3.07,3.08,72800,2022-01-21 15:43:00,MVIS
3.08,3.08,3.07,3.075,64975,2022-01-21 15:44:00,MVIS
3.075,3.08,3.06,3.06,35770,2022-01-21 15:45:00,MVIS
3.06,3.075,3.05,3.07,64723,2022-01-21 15:46:00,MVIS
3.075,3.1086,3.075,3.095,41384,2022-01-21 15:47:00,MVIS
3.1099,3.11,3.1,3.105,33295,2022-01-21 15:48:00,MVIS
3.105,3.12,3.1,3.115,18214,2022-01-21 15:49:00,MVIS
3.115,3.13,3.115,3.125,13719,2022-01-21 15:50:00,MVIS
3.125,3.13,3.11,3.115,32993,2022-01-21 15:51:00,MVIS
3.115,3.125,3.11,3.115,42297,2022-01-21 15:52:00,MVIS
3.11,3.12,3.11,3.115,18166,2022-01-21 15:53:00,MVIS
3.115,3.13,3.115,3.125,23043,2022-01-21 15:54:00,MVIS
3.125,3.13,3.1,3.1,36374,2022-01-21 15:55:00,MVIS
3.1,3.1099,3.095,3.1,39410,2022-01-21 15:56:00,MVIS
3.1,3.1085,3.1,3.1,10326,2022-01-21 15:57:00,MVIS
3.1,3.1086,3.075,3.08,45917,2022-01-21 15:58:00,MVIS
3.085,3.11,3.08,3.11,38326,2022-01-21 15:59:00,MVIS
3.105,3.11,3.1,3.105,15573,2022-01-21 16:00:00,MVIS
3.105,3.11,3.1,3.1,16763,2022-01-21 16:01:00,MVIS
3.1,3.1099,3.085,3.09,18885,2022-01-21 16:02:00,MVIS
3.09,3.1,3.09,3.0999,13930,2022-01-21 16:03:00,MVIS
3.09,3.1,3.08,3.095,36307,2022-01-21 16:04:00,MVIS
3.095,3.11,3.08,3.11,54061,2022-01-21 16:05:00,MVIS
3.12,3.125,3.11,3.125,16801,2022-01-21 16:06:00,MVIS
3.12,3.14,3.12,3.13,28740,2022-01-21 16:07:00,MVIS
3.12,3.135,3.12,3.135,16439,2022-01-21 16:08:00,MVIS
3.14,3.14,3.13,3.135,7519,2022-01-21 16:09:00,MVIS
3.135,3.15,3.13,3.13,33232,2022-01-21 16:10:00,MVIS
3.135,3.14,3.12,3.135,30194,2022-01-21 16:11:00,MVIS
3.14,3.15,3.135,3.14,19219,2022-01-21 16:12:00,MVIS
3.14,3.16,3.14,3.155,31862,2022-01-21 16:13:00,MVIS
3.15,3.15,3.13,3.14,59922,2022-01-21 16:14:00,MVIS
3.145,3.16,3.14,3.145,35524,2022-01-21 16:15:00,MVIS
3.155,3.16,3.15,3.15,7687,2022-01-21 16:16:00,MVIS
3.15,3.18,3.15,3.175,49736,2022-01-21 16:17:00,MVIS
3.179,3.18,3.17,3.175,23500,2022-01-21 16:18:00,MVIS
3.1791,3.18,3.165,3.165,43878,2022-01-21 16:19:00,MVIS
3.165,3.165,3.15,3.15,18776,2022-01-21 16:20:00,MVIS
3.15,3.18,3.15,3.175,31300,2022-01-21 16:21:00,MVIS
3.175,3.175,3.17,3.17,15790,2022-01-21 16:22:00,MVIS
3.17,3.18,3.17,3.17,7972,2022-01-21 16:23:00,MVIS
3.17,3.17,3.16,3.16,21900,2022-01-21 16:24:00,MVIS
3.165,3.1677,3.14,3.15,42476,2022-01-21 16:25:00,MVIS
3.15,3.16,3.145,3.145,15077,2022-01-21 16:26:00,MVIS
3.14,3.15,3.14,3.14,19962,2022-01-21 16:27:00,MVIS
3.145,3.17,3.14,3.165,36704,2022-01-21 16:28:00,MVIS
3.165,3.18,3.16,3.175,27471,2022-01-21 16:29:00,MVIS
3.18,3.19,3.175,3.185,26834,2022-01-21 16:30:00,MVIS
3.185,3.185,3.15,3.15,47710,2022-01-21 16:31:00,MVIS
3.15,3.1601,3.15,3.155,23873,2022-01-21 16:32:00,MVIS
3.15,3.17,3.15,3.16,18815,2022-01-21 16:33:00,MVIS
3.16,3.165,3.14,3.145,21276,2022-01-21 16:34:00,MVIS
3.145,3.15,3.14,3.14,16981,2022-01-21 16:35:00,MVIS
3.135,3.145,3.13,3.13,34507,2022-01-21 16:36:00,MVIS
3.1306,3.131,3.115,3.119,28299,2022-01-21 16:37:00,MVIS
3.115,3.12,3.095,3.095,25720,2022-01-21 16:38:00,MVIS
3.095,3.1,3.09,3.09,12470,2022-01-21 16:39:00,MVIS
3.095,3.1,3.09,3.09,6207,2022-01-21 16:40:00,MVIS
3.09,3.1,3.085,3.085,12542,2022-01-21 16:41:00,MVIS
3.085,3.095,3.085,3.09,16176,2022-01-21 16:42:00,MVIS
3.09,3.09,3.08,3.08,10473,2022-01-21 16:43:00,MVIS
3.08,3.11,3.08,3.105,36292,2022-01-21 16:44:00,MVIS
3.11,3.11,3.09,3.09,22235,2022-01-21 16:45:00,MVIS
3.095,3.1,3.09,3.09,9900,2022-01-21 16:46:00,MVIS
3.09,3.09,3.07,3.07,12886,2022-01-21 16:47:00,MVIS
3.07,3.0774,3.0618,3.075,30888,2022-01-21 16:48:00,MVIS
3.075,3.08,3.07,3.08,6960,2022-01-21 16:49:00,MVIS
3.075,3.08,3.07,3.075,12435,2022-01-21 16:50:00,MVIS
3.075,3.09,3.07,3.07,41662,2022-01-21 16:51:00,MVIS
3.07,3.075,3.06,3.06,11541,2022-01-21 16:52:00,MVIS
3.06,3.065,3.05,3.05,13275,2022-01-21 16:53:00,MVIS
3.05,3.0687,3.05,3.055,26768,2022-01-21 16:54:00,MVIS
3.055,3.065,3.05,3.061,12020,2022-01-21 16:55:00,MVIS
3.065,3.07,3.06,3.06,7171,2022-01-21 16:56:00,MVIS
3.06,3.0896,3.06,3.08,23239,2022-01-21 16:57:00,MVIS
3.08,3.085,3.06,3.065,21044,2022-01-21 16:58:00,MVIS
3.06,3.09,3.06,3.085,46290,2022-01-21 16:59:00,MVIS
3.09,3.105,3.08,3.105,9945,2022-01-21 17:00:00,MVIS
3.11,3.125,3.105,3.125,8282,2022-01-21 17:01:00,MVIS
3.125,3.14,3.125,3.13,7364,2022-01-21 17:02:00,MVIS
3.13,3.14,3.12,3.14,19882,2022-01-21 17:03:00,MVIS
3.14,3.15,3.14,3.14,4299,2022-01-21 17:04:00,MVIS
3.15,3.155,3.1419,3.155,13829,2022-01-21 17:05:00,MVIS
3.16,3.17,3.155,3.16,16615,2022-01-21 17:06:00,MVIS
3.16,3.1699,3.155,3.165,22607,2022-01-21 17:07:00,MVIS
3.165,3.1681,3.15,3.15,7409,2022-01-21 17:08:00,MVIS
3.15,3.151,3.15,3.15,3160,2022-01-21 17:09:00,MVIS
3.15,3.15,3.14,3.14,16034,2022-01-21 17:10:00,MVIS
3.14,3.145,3.14,3.14,5180,2022-01-21 17:11:00,MVIS
3.14,3.14,3.12,3.13,12633,2022-01-21 17:12:00,MVIS
3.14,3.14,3.13,3.135,9667,2022-01-21 17:13:00,MVIS
3.14,3.15,3.13,3.135,57479,2022-01-21 17:14:00,MVIS
3.14,3.14,3.12,3.125,9360,2022-01-21 17:15:00,MVIS
3.12,3.13,3.12,3.125,2033,2022-01-21 17:16:00,MVIS
3.125,3.13,3.11,3.11,17137,2022-01-21 17:17:00,MVIS
3.1101,3.115,3.105,3.11,12396,2022-01-21 17:18:00,MVIS
3.11,3.11,3.1,3.105,2176,2022-01-21 17:19:00,MVIS
3.105,3.106,3.095,3.095,6223,2022-01-21 17:20:00,MVIS
3.09,3.095,3.09,3.0901,6321,2022-01-21 17:21:00,MVIS
3.09,3.1034,3.09,3.1,18758,2022-01-21 17:22:00,MVIS
3.1,3.11,3.09,3.105,6571,2022-01-21 17:23:00,MVIS
3.105,3.115,3.105,3.111,4762,2022-01-21 17:24:00,MVIS
3.12,3.13,3.1189,3.13,4951,2022-01-21 17:25:00,MVIS
3.13,3.135,3.12,3.12,13123,2022-01-21 17:26:00,MVIS
3.12,3.12,3.11,3.1101,2056,2022-01-21 17:27:00,MVIS
3.11,3.1283,3.11,3.1271,6953,2022-01-21 17:28:00,MVIS
3.125,3.13,3.12,3.12,4254,2022-01-21 17:29:00,MVIS
3.125,3.13,3.1218,3.125,5285,2022-01-21 17:30:00,MVIS
3.125,3.15,3.125,3.145,21974,2022-01-21 17:31:00,MVIS
3.15,3.16,3.145,3.145,15011,2022-01-21 17:32:00,MVIS
3.14,3.15,3.14,3.145,22256,2022-01-21 17:33:00,MVIS
3.145,3.16,3.14,3.153,11438,2022-01-21 17:34:00,MVIS
3.16,3.18,3.16,3.16,13169,2022-01-21 17:35:00,MVIS
3.165,3.165,3.1414,3.1414,12672,2022-01-21 17:36:00,MVIS
3.145,3.15,3.14,3.14,2440,2022-01-21 17:37:00,MVIS
3.145,3.1582,3.1419,3.1582,14111,2022-01-21 17:38:00,MVIS
3.1518,3.16,3.1518,3.16,1500,2022-01-21 17:39:00,MVIS
3.155,3.175,3.1546,3.175,20330,2022-01-21 17:40:00,MVIS
3.1701,3.175,3.17,3.175,2250,2022-01-21 17:41:00,MVIS
3.17,3.18,3.17,3.1714,4732,2022-01-21 17:42:00,MVIS
3.1701,3.18,3.16,3.175,24480,2022-01-21 17:43:00,MVIS
3.17,3.175,3.16,3.165,12518,2022-01-21 17:44:00,MVIS
3.165,3.195,3.165,3.19,60253,2022-01-21 17:45:00,MVIS
3.195,3.2,3.17,3.17,11941,2022-01-21 17:46:00,MVIS
3.17,3.175,3.165,3.175,10083,2022-01-21 17:47:00,MVIS
3.1799,3.18,3.17,3.17,5016,2022-01-21 17:48:00,MVIS
3.17,3.175,3.16,3.16,6293,2022-01-21 17:49:00,MVIS
3.16,3.16,3.15,3.16,4393,2022-01-21 17:50:00,MVIS
3.15,3.16,3.15,3.1508,6621,2022-01-21 17:51:00,MVIS
3.155,3.16,3.15,3.1556,8212,2022-01-21 17:52:00,MVIS
3.155,3.16,3.15,3.155,1509,2022-01-21 17:53:00,MVIS
3.155,3.16,3.155,3.155,1810,2022-01-21 17:54:00,MVIS
3.155,3.16,3.152,3.16,1290,2022-01-21 17:55:00,MVIS
3.1519,3.16,3.1501,3.155,7473,2022-01-21 17:56:00,MVIS
3.155,3.185,3.155,3.175,59743,2022-01-21 17:57:00,MVIS
3.175,3.18,3.175,3.175,1280,2022-01-21 17:58:00,MVIS
3.175,3.18,3.1713,3.18,6380,2022-01-21 17:59:00,MVIS
3.18,3.19,3.18,3.19,6626,2022-01-21 18:00:00,MVIS
3.19,3.19,3.18,3.18,6314,2022-01-21 18:01:00,MVIS
3.185,3.185,3.165,3.175,29849,2022-01-21 18:02:00,MVIS
3.1793,3.1793,3.17,3.17,8260,2022-01-21 18:03:00,MVIS
3.17,3.1785,3.16,3.16,5646,2022-01-21 18:04:00,MVIS
3.165,3.17,3.16,3.17,8320,2022-01-21 18:05:00,MVIS
3.175,3.18,3.175,3.18,1516,2022-01-21 18:06:00,MVIS
3.175,3.175,3.175,3.175,2457,2022-01-21 18:07:00,MVIS
3.175,3.195,3.1701,3.185,20758,2022-01-21 18:08:00,MVIS
3.18,3.185,3.175,3.175,13462,2022-01-21 18:09:00,MVIS
3.18,3.19,3.175,3.19,3322,2022-01-21 18:10:00,MVIS
3.19,3.21,3.19,3.2,12644,2022-01-21 18:11:00,MVIS
3.2,3.2,3.19,3.19,2902,2022-01-21 18:12:00,MVIS
3.19,3.19,3.18,3.185,31606,2022-01-21 18:13:00,MVIS
3.18,3.19,3.18,3.19,320,2022-01-21 18:14:00,MVIS
3.19,3.2,3.185,3.2,35831,2022-01-21 18:15:00,MVIS
3.195,3.2,3.1915,3.2,1650,2022-01-21 18:16:00,MVIS
3.195,3.2,3.191,3.195,3364,2022-01-21 18:17:00,MVIS
3.2,3.2,3.1814,3.1814,20010,2022-01-21 18:18:00,MVIS
3.185,3.185,3.1615,3.162,10019,2022-01-21 18:19:00,MVIS
3.165,3.165,3.16,3.16,8213,2022-01-21 18:20:00,MVIS
3.155,3.1582,3.145,3.145,6496,2022-01-21 18:21:00,MVIS
3.145,3.15,3.1416,3.145,3300,2022-01-21 18:22:00,MVIS
3.145,3.155,3.13,3.135,51617,2022-01-21 18:23:00,MVIS
3.14,3.15,3.135,3.145,8559,2022-01-21 18:24:00,MVIS
3.145,3.1481,3.14,3.14,3435,2022-01-21 18:25:00,MVIS
3.1404,3.15,3.14,3.15,10155,2022-01-21 18:26:00,MVIS
3.15,3.16,3.145,3.155,30386,2022-01-21 18:27:00,MVIS
3.16,3.165,3.155,3.16,10465,2022-01-21 18:28:00,MVIS
3.165,3.165,3.15,3.155,8671,2022-01-21 18:29:00,MVIS
3.155,3.18,3.155,3.175,9705,2022-01-21 18:30:00,MVIS
3.175,3.18,3.15,3.15,15356,2022-01-21 18:31:00,MVIS
3.15,3.16,3.14,3.155,8032,2022-01-21 18:32:00,MVIS
3.155,3.155,3.15,3.15,3000,2022-01-21 18:33:00,MVIS
3.15,3.155,3.15,3.155,719,2022-01-21 18:34:00,MVIS
3.15,3.16,3.145,3.155,11896,2022-01-21 18:35:00,MVIS
3.155,3.16,3.15,3.155,4210,2022-01-21 18:36:00,MVIS
3.16,3.175,3.155,3.165,14105,2022-01-21 18:37:00,MVIS
3.17,3.18,3.165,3.175,6100,2022-01-21 18:38:00,MVIS
3.175,3.18,3.17,3.175,3041,2022-01-21 18:39:00,MVIS
3.175,3.19,3.17,3.19,7769,2022-01-21 18:40:00,MVIS
3.2,3.2,3.18,3.185,21491,2022-01-21 18:41:00,MVIS
3.19,3.195,3.18,3.19,18661,2022-01-21 18:42:00,MVIS
3.185,3.185,3.18,3.18,2260,2022-01-21 18:43:00,MVIS
3.18,3.19,3.18,3.185,8439,2022-01-21 18:44:00,MVIS
3.185,3.185,3.17,3.175,22512,2022-01-21 18:45:00,MVIS
3.175,3.19,3.17,3.175,27033,2022-01-21 18:46:00,MVIS
3.18,3.18,3.16,3.16,6068,2022-01-21 18:47:00,MVIS
3.16,3.165,3.155,3.155,4686,2022-01-21 18:48:00,MVIS
3.16,3.17,3.155,3.17,44067,2022-01-21 18:49:00,MVIS
3.17,3.195,3.17,3.175,15994,2022-01-21 18:50:00,MVIS
3.175,3.175,3.155,3.155,35627,2022-01-21 18:51:00,MVIS
3.16,3.17,3.155,3.17,4519,2022-01-21 18:52:00,MVIS
3.175,3.18,3.175,3.175,17549,2022-01-21 18:53:00,MVIS
3.18,3.195,3.175,3.1935,8702,2022-01-21 18:54:00,MVIS
3.19,3.19,3.185,3.185,6000,2022-01-21 18:55:00,MVIS
3.185,3.185,3.175,3.175,26065,2022-01-21 18:56:00,MVIS
3.18,3.185,3.175,3.185,16455,2022-01-21 18:57:00,MVIS
3.18,3.18,3.14,3.14,34726,2022-01-21 18:58:00,MVIS
3.14,3.145,3.14,3.14,7714,2022-01-21 18:59:00,MVIS
3.1488,3.1593,3.14,3.1593,15062,2022-01-21 19:00:00,MVIS
3.15,3.15,3.14,3.145,3402,2022-01-21 19:01:00,MVIS
3.15,3.155,3.145,3.155,7164,2022-01-21 19:02:00,MVIS
3.16,3.17,3.15,3.155,27492,2022-01-21 19:03:00,MVIS
3.16,3.16,3.15,3.1511,10974,2022-01-21 19:04:00,MVIS
3.155,3.16,3.155,3.155,12263,2022-01-21 19:05:00,MVIS
3.155,3.17,3.155,3.1601,12770,2022-01-21 19:06:00,MVIS
3.16,3.17,3.155,3.165,32214,2022-01-21 19:07:00,MVIS
3.16,3.17,3.16,3.165,3775,2022-01-21 19:08:00,MVIS
3.17,3.17,3.16,3.165,4510,2022-01-21 19:09:00,MVIS
3.165,3.17,3.165,3.165,2140,2022-01-21 19:10:00,MVIS
3.16,3.17,3.16,3.165,3667,2022-01-21 19:11:00,MVIS
3.165,3.18,3.165,3.175,15301,2022-01-21 19:12:00,MVIS
3.175,3.19,3.1717,3.19,18853,2022-01-21 19:13:00,MVIS
3.19,3.195,3.17,3.175,49655,2022-01-21 19:14:00,MVIS
3.175,3.195,3.1701,3.195,9160,2022-01-21 19:15:00,MVIS
3.195,3.2,3.185,3.1899,24022,2022-01-21 19:16:00,MVIS
3.19,3.195,3.1826,3.19,11868,2022-01-21 19:17:00,MVIS
3.19,3.195,3.185,3.195,5384,2022-01-21 19:18:00,MVIS
3.195,3.2081,3.195,3.205,13718,2022-01-21 19:19:00,MVIS
3.205,3.21,3.2001,3.21,8555,2022-01-21 19:20:00,MVIS
3.21,3.215,3.185,3.19,62477,2022-01-21 19:21:00,MVIS
3.1904,3.1904,3.18,3.185,4025,2022-01-21 19:22:00,MVIS
3.185,3.195,3.18,3.195,16526,2022-01-21 19:23:00,MVIS
3.2,3.205,3.19,3.195,19597,2022-01-21 19:24:00,MVIS
3.19,3.19,3.18,3.18,3297,2022-01-21 19:25:00,MVIS
3.18,3.18,3.165,3.165,4849,2022-01-21 19:26:00,MVIS
3.16,3.17,3.16,3.165,8589,2022-01-21 19:27:00,MVIS
3.165,3.17,3.155,3.17,38297,2022-01-21 19:28:00,MVIS
3.175,3.18,3.17,3.175,10840,2022-01-21 19:29:00,MVIS
3.175,3.175,3.16,3.16,11635,2022-01-21 19:30:00,MVIS
3.16,3.17,3.16,3.165,13634,2022-01-21 19:31:00,MVIS
3.165,3.17,3.16,3.17,1100,2022-01-21 19:32:00,MVIS
3.16,3.165,3.16,3.165,1640,2022-01-21 19:33:00,MVIS
3.165,3.1681,3.16,3.165,3693,2022-01-21 19:34:00,MVIS
3.16,3.16,3.14,3.1439,43241,2022-01-21 19:35:00,MVIS
3.145,3.155,3.145,3.155,13196,2022-01-21 19:36:00,MVIS
3.16,3.16,3.1514,3.1514,12909,2022-01-21 19:37:00,MVIS
3.155,3.155,3.15,3.15,12730,2022-01-21 19:38:00,MVIS
3.15,3.155,3.14,3.155,26351,2022-01-21 19:39:00,MVIS
3.155,3.165,3.15,3.155,19331,2022-01-21 19:40:00,MVIS
3.155,3.155,3.145,3.155,12067,2022-01-21 19:41:00,MVIS
3.155,3.155,3.15,3.15,1430,2022-01-21 19:42:00,MVIS
3.16,3.16,3.15,3.15,12869,2022-01-21 19:43:00,MVIS
3.15,3.165,3.15,3.165,8535,2022-01-21 19:44:00,MVIS
3.17,3.175,3.165,3.175,3921,2022-01-21 19:45:00,MVIS
3.175,3.195,3.175,3.19,19125,2022-01-21 19:46:00,MVIS
3.195,3.195,3.185,3.195,16477,2022-01-21 19:47:00,MVIS
3.19,3.19,3.18,3.18,5333,2022-01-21 19:48:00,MVIS
3.18,3.19,3.18,3.185,10735,2022-01-21 19:49:00,MVIS
3.185,3.185,3.17,3.17,7634,2022-01-21 19:50:00,MVIS
3.17,3.17,3.16,3.1616,4177,2022-01-21 19:51:00,MVIS
3.16,3.165,3.15,3.155,10857,2022-01-21 19:52:00,MVIS
3.155,3.155,3.15,3.15,2011,2022-01-21 19:53:00,MVIS
3.15,3.155,3.15,3.15,3121,2022-01-21 19:54:00,MVIS
3.15,3.165,3.15,3.15,35024,2022-01-21 19:55:00,MVIS
3.1582,3.1582,3.15,3.152,2720,2022-01-21 19:56:00,MVIS
3.155,3.155,3.13,3.13,26564,2022-01-21 19:57:00,MVIS
3.13,3.1396,3.13,3.13,14113,2022-01-21 19:58:00,MVIS
3.13,3.14,3.13,3.13,11528,2022-01-21 19:59:00,MVIS
3.135,3.14,3.13,3.135,11187,2022-01-21 20:00:00,MVIS
3.135,3.14,3.13,3.1383,14212,2022-01-21 20:01:00,MVIS
3.1307,3.14,3.13,3.135,22947,2022-01-21 20:02:00,MVIS
3.135,3.135,3.12,3.12,22872,2022-01-21 20:03:00,MVIS
3.12,3.12,3.11,3.11,8825,2022-01-21 20:04:00,MVIS
3.11,3.1101,3.1,3.1,4858,2022-01-21 20:05:00,MVIS
3.1,3.1014,3.09,3.09,17756,2022-01-21 20:06:00,MVIS
3.09,3.0999,3.09,3.091,4234,2022-01-21 20:07:00,MVIS
3.0988,3.1,3.08,3.085,11643,2022-01-21 20:08:00,MVIS
3.09,3.09,3.08,3.085,22666,2022-01-21 20:09:00,MVIS
3.08,3.09,3.08,3.085,9268,2022-01-21 20:10:00,MVIS
3.09,3.09,3.08,3.08,33257,2022-01-21 20:11:00,MVIS
3.0899,3.09,3.08,3.09,1600,2022-01-21 20:12:00,MVIS
3.085,3.1,3.08,3.0919,26680,2022-01-21 20:13:00,MVIS
3.095,3.0963,3.09,3.095,25081,2022-01-21 20:14:00,MVIS
3.095,3.095,3.09,3.09,7362,2022-01-21 20:15:00,MVIS
3.09,3.12,3.09,3.115,38043,2022-01-21 20:16:00,MVIS
3.12,3.13,3.115,3.125,40476,2022-01-21 20:17:00,MVIS
3.1261,3.13,3.12,3.125,4740,2022-01-21 20:18:00,MVIS
3.125,3.13,3.11,3.11,16225,2022-01-21 20:19:00,MVIS
3.115,3.1199,3.092,3.095,15234,2022-01-21 20:20:00,MVIS
3.1,3.1088,3.095,3.105,23198,2022-01-21 20:21:00,MVIS
3.105,3.11,3.09,3.095,28758,2022-01-21 20:22:00,MVIS
3.0983,3.11,3.095,3.095,36592,2022-01-21 20:23:00,MVIS
3.095,3.105,3.095,3.1,9609,2022-01-21 20:24:00,MVIS
3.1,3.1083,3.1,3.107,3680,2022-01-21 20:25:00,MVIS
3.1,3.11,3.1,3.1,28101,2022-01-21 20:26:00,MVIS
3.105,3.1099,3.09,3.0958,21139,2022-01-21 20:27:00,MVIS
3.095,3.0999,3.08,3.08,5684,2022-01-21 20:28:00,MVIS
3.0813,3.0999,3.08,3.0999,28302,2022-01-21 20:29:00,MVIS
3.1,3.11,3.095,3.1032,27258,2022-01-21 20:30:00,MVIS
3.105,3.11,3.1,3.105,8680,2022-01-21 20:31:00,MVIS
3.105,3.12,3.1,3.115,13183,2022-01-21 20:32:00,MVIS
3.115,3.115,3.1,3.105,20458,2022-01-21 20:33:00,MVIS
3.105,3.1183,3.105,3.115,11972,2022-01-21 20:34:00,MVIS
3.115,3.13,3.114,3.1281,19712,2022-01-21 20:35:00,MVIS
3.125,3.13,3.12,3.125,6584,2022-01-21 20:36:00,MVIS
3.125,3.1275,3.12,3.12,3256,2022-01-21 20:37:00,MVIS
3.125,3.13,3.12,3.125,7018,2022-01-21 20:38:00,MVIS
3.125,3.13,3.12,3.125,2393,2022-01-21 20:39:00,MVIS
3.125,3.14,3.125,3.135,39900,2022-01-21 20:40:00,MVIS
3.14,3.145,3.13,3.145,42630,2022-01-21 20:41:00,MVIS
3.15,3.15,3.14,3.14,5980,2022-01-21 20:42:00,MVIS
3.145,3.145,3.14,3.145,2952,2022-01-21 20:43:00,MVIS
3.14,3.1483,3.13,3.13,27090,2022-01-21 20:44:00,MVIS
3.13,3.14,3.12,3.12,19978,2022-01-21 20:45:00,MVIS
3.12,3.13,3.11,3.115,28041,2022-01-21 20:46:00,MVIS
3.11,3.12,3.11,3.115,16602,2022-01-21 20:47:00,MVIS
3.11,3.125,3.11,3.115,85001,2022-01-21 20:48:00,MVIS
3.11,3.1195,3.11,3.115,15002,2022-01-21 20:49:00,MVIS
3.11,3.11,3.07,3.08,90940,2022-01-21 20:50:00,MVIS
3.08,3.095,3.08,3.095,61534,2022-01-21 20:51:00,MVIS
3.095,3.0999,3.09,3.095,7390,2022-01-21 20:52:00,MVIS
3.09,3.1,3.09,3.09,10535,2022-01-21 20:53:00,MVIS
3.09,3.095,3.08,3.085,52220,2022-01-21 20:54:00,MVIS
3.08,3.09,3.08,3.09,56817,2022-01-21 20:55:00,MVIS
3.085,3.09,3.08,3.085,38486,2022-01-21 20:56:00,MVIS
3.085,3.09,3.08,3.085,44775,2022-01-21 20:57:00,MVIS
3.085,3.09,3.08,3.085,84267,2022-01-21 20:58:00,MVIS
3.085,3.09,3.08,3.08,100119,2022-01-21 20:59:00,MVIS
3.08,3.08,3.08,3.08,141864,2022-01-21 21:00:00,MVIS
3.08,3.08,3.08,3.08,10204,2022-01-21 21:01:00,MVIS
3.14,3.14,3.14,3.14,150,2022-01-21 21:03:00,MVIS
3.12,3.12,3.12,3.12,400,2022-01-21 21:06:00,MVIS
3.1,3.1,3.1,3.1,300,2022-01-21 21:10:00,MVIS
3.09,3.09,3.09,3.09,200,2022-01-21 21:12:00,MVIS
3.09,3.09,3.09,3.09,120,2022-01-21 21:13:00,MVIS
3.11,3.11,3.11,3.11,250,2022-01-21 21:16:00,MVIS
3.11,3.11,3.1,3.1,1250,2022-01-21 21:17:00,MVIS
3.1007,3.1007,3.1007,3.1007,321,2022-01-21 21:18:00,MVIS
3.09,3.09,3.09,3.09,13100,2022-01-21 21:22:00,MVIS
3.1,3.1,3.09,3.09,227,2022-01-21 21:26:00,MVIS
3.09,3.09,3.09,3.09,100,2022-01-21 21:29:00,MVIS
3.07,3.07,3.05,3.05,700,2022-01-21 21:35:00,MVIS
3.09,3.09,3.05,3.05,2773,2022-01-21 21:40:00,MVIS
3.0964,3.0964,3.0964,3.0964,100,2022-01-21 21:42:00,MVIS
3.1,3.1,3.06,3.06,1432,2022-01-21 21:44:00,MVIS
3.05,3.05,3.05,3.05,1292,2022-01-21 21:45:00,MVIS
3.06,3.06,3.06,3.06,107,2022-01-21 21:49:00,MVIS
3.1,3.1,3.1,3.1,163,2022-01-21 21:50:00,MVIS
3.06,3.06,3.05,3.05,1473,2022-01-21 21:51:00,MVIS
3.05,3.05,3.05,3.05,631,2022-01-21 21:55:00,MVIS
3.05,3.05,3.05,3.05,180,2022-01-21 21:58:00,MVIS
3.0799,3.0799,3.0799,3.0799,150,2022-01-21 22:00:00,MVIS
3.08,3.08,3.06,3.06,350,2022-01-21 22:01:00,MVIS
3.08,3.08,3.08,3.08,100,2022-01-21 22:04:00,MVIS
3.08,3.08,3.08,3.08,123,2022-01-21 22:06:00,MVIS
3.08,3.08,3.08,3.08,600,2022-01-21 22:07:00,MVIS
3.08,3.08,3.08,3.08,160,2022-01-21 22:08:00,MVIS
3.08,3.08,3.08,3.08,326,2022-01-21 22:12:00,MVIS
3.07,3.07,3.07,3.07,100,2022-01-21 22:16:00,MVIS
3.06,3.06,3.05,3.05,200,2022-01-21 22:19:00,MVIS
3.06,3.06,3.06,3.06,299,2022-01-21 22:25:00,MVIS
3.06,3.06,3.06,3.06,124,2022-01-21 22:26:00,MVIS
3.07,3.07,3.07,3.07,100,2022-01-21 22:29:00,MVIS
3.08,3.08,3.08,3.08,446,2022-01-21 22:34:00,MVIS
3.05,3.05,3.05,3.05,519,2022-01-21 22:40:00,MVIS
3.06,3.06,3.06,3.06,100,2022-01-21 22:43:00,MVIS
3.06,3.06,3.06,3.06,100,2022-01-21 22:48:00,MVIS
3.05,3.05,3.05,3.05,100,2022-01-21 22:49:00,MVIS
3.05,3.05,3.05,3.05,325,2022-01-21 22:50:00,MVIS
3.07,3.07,3.07,3.07,250,2022-01-21 22:51:00,MVIS
3.06,3.07,3.06,3.07,900,2022-01-21 22:54:00,MVIS
3.07,3.07,3.05,3.05,600,2022-01-21 22:55:00,MVIS
3.07,3.07,3.0699,3.07,1560,2022-01-21 22:59:00,MVIS
3.06,3.07,3.06,3.07,638,2022-01-21 23:00:00,MVIS
3.08,3.08,3.08,3.08,120,2022-01-21 23:31:00,MVIS
3.07,3.08,3.07,3.08,361,2022-01-21 23:48:00,MVIS
3.08,3.08,3.08,3.08,100,2022-01-21 23:49:00,MVIS
3.08,3.08,3.08,3.08,200,2022-01-22 00:01:00,MVIS
3.06,3.06,3.06,3.06,900,2022-01-22 00:26:00,MVIS
3.06,3.06,3.06,3.06,5000,2022-01-22 00:38:00,MVIS
3.06,3.06,3.06,3.06,300,2022-01-22 00:44:00,MVIS
3.1,3.1,3.06,3.06,849,2022-01-24 09:00:00,MVIS
3.07,3.07,3.07,3.07,300,2022-01-24 09:17:00,MVIS
3.05,3.05,3.05,3.05,100,2022-01-24 10:14:00,MVIS
3.03,3.03,3.02,3.02,245,2022-01-24 10:31:00,MVIS
3.02,3.02,3.02,3.02,204,2022-01-24 11:08:00,MVIS
3.02,3.02,3.02,3.02,130,2022-01-24 11:09:00,MVIS
3.02,3.02,3.02,3.02,1191,2022-01-24 11:16:00,MVIS
3.01,3.01,3.01,3.01,100,2022-01-24 11:23:00,MVIS
3.0,3.0,3.0,3.0,150,2022-01-24 11:27:00,MVIS
3.0,3.0,3.0,3.0,589,2022-01-24 11:29:00,MVIS
3.01,3.01,3.01,3.01,200,2022-01-24 11:47:00,MVIS
3.0,3.01,3.0,3.01,309,2022-01-24 12:00:00,MVIS
3.01,3.01,3.01,3.01,100,2022-01-24 12:04:00,MVIS
3.0,3.0,3.0,3.0,3330,2022-01-24 12:21:00,MVIS
2.99,2.99,2.99,2.99,489,2022-01-24 12:22:00,MVIS
3.0,3.0,3.0,3.0,100,2022-01-24 12:25:00,MVIS
2.99,2.99,2.99,2.99,617,2022-01-24 12:30:00,MVIS
2.99,2.99,2.99,2.99,1394,2022-01-24 12:44:00,MVIS
2.96,2.97,2.96,2.96,779,2022-01-24 12:52:00,MVIS
2.95,2.95,2.95,2.95,200,2022-01-24 12:56:00,MVIS
2.95,2.95,2.95,2.95,200,2022-01-24 12:57:00,MVIS
2.9301,2.9301,2.93,2.93,799,2022-01-24 13:04:00,MVIS
2.94,2.94,2.94,2.94,500,2022-01-24 13:07:00,MVIS
2.93,2.93,2.92,2.92,2288,2022-01-24 13:08:00,MVIS
2.91,2.91,2.91,2.91,400,2022-01-24 13:09:00,MVIS
2.94,2.96,2.9,2.92,7215,2022-01-24 13:11:00,MVIS
2.92,2.92,2.92,2.92,976,2022-01-24 13:13:00,MVIS
2.92,2.93,2.92,2.93,301,2022-01-24 13:14:00,MVIS
2.93,2.93,2.93,2.93,459,2022-01-24 13:15:00,MVIS
2.95,2.95,2.95,2.95,100,2022-01-24 13:16:00,MVIS
2.95,2.95,2.95,2.95,1050,2022-01-24 13:18:00,MVIS
2.92,2.93,2.92,2.93,1600,2022-01-24 13:19:00,MVIS
2.93,2.93,2.93,2.93,386,2022-01-24 13:21:00,MVIS
2.92,2.92,2.92,2.92,3276,2022-01-24 13:23:00,MVIS
2.92,2.92,2.92,2.92,15405,2022-01-24 13:26:00,MVIS
2.92,2.92,2.92,2.92,100,2022-01-24 13:31:00,MVIS
2.92,2.92,2.9199,2.9199,5500,2022-01-24 13:33:00,MVIS
2.91,2.91,2.91,2.91,100,2022-01-24 13:34:00,MVIS
2.9,2.9,2.9,2.9,660,2022-01-24 13:35:00,MVIS
2.9,2.93,2.9,2.93,449,2022-01-24 13:36:00,MVIS
2.93,2.93,2.93,2.93,200,2022-01-24 13:37:00,MVIS
2.93,2.93,2.93,2.93,200,2022-01-24 13:39:00,MVIS
2.92,2.92,2.92,2.92,145,2022-01-24 13:40:00,MVIS
2.93,2.93,2.93,2.93,300,2022-01-24 13:41:00,MVIS
2.92,2.93,2.92,2.93,1000,2022-01-24 13:43:00,MVIS
2.93,2.93,2.91,2.92,1856,2022-01-24 13:44:00,MVIS
2.9201,2.93,2.9201,2.93,200,2022-01-24 13:45:00,MVIS
2.93,2.93,2.93,2.93,229,2022-01-24 13:46:00,MVIS
2.93,2.93,2.93,2.93,100,2022-01-24 13:47:00,MVIS
2.93,2.93,2.93,2.93,100,2022-01-24 13:49:00,MVIS
2.93,2.93,2.93,2.93,300,2022-01-24 13:50:00,MVIS
2.95,2.95,2.95,2.95,500,2022-01-24 13:51:00,MVIS
2.9401,2.9401,2.9401,2.9401,300,2022-01-24 13:52:00,MVIS
2.94,2.94,2.94,2.94,200,2022-01-24 13:56:00,MVIS
2.95,2.95,2.95,2.95,1963,2022-01-24 13:58:00,MVIS
2.94,2.94,2.92,2.92,2087,2022-01-24 13:59:00,MVIS
2.93,2.94,2.93,2.94,800,2022-01-24 14:00:00,MVIS
2.93,2.93,2.92,2.92,337,2022-01-24 14:01:00,MVIS
2.93,2.94,2.93,2.94,4309,2022-01-24 14:02:00,MVIS
2.94,2.94,2.92,2.92,1600,2022-01-24 14:03:00,MVIS
2.94,2.94,2.94,2.94,300,2022-01-24 14:04:00,MVIS
2.92,2.92,2.92,2.92,214,2022-01-24 14:05:00,MVIS
2.92,2.94,2.92,2.94,300,2022-01-24 14:06:00,MVIS
2.92,2.92,2.92,2.92,200,2022-01-24 14:07:00,MVIS
2.94,2.94,2.92,2.92,480,2022-01-24 14:09:00,MVIS
2.9201,2.9201,2.9201,2.9201,1000,2022-01-24 14:10:00,MVIS
2.93,2.93,2.93,2.93,100,2022-01-24 14:11:00,MVIS
2.93,2.93,2.93,2.93,100,2022-01-24 14:12:00,MVIS
2.92,2.93,2.92,2.93,400,2022-01-24 14:13:00,MVIS
2.94,2.94,2.93,2.94,700,2022-01-24 14:14:00,MVIS
2.94,2.94,2.94,2.94,100,2022-01-24 14:15:00,MVIS
2.95,2.95,2.94,2.95,2953,2022-01-24 14:16:00,MVIS
2.95,2.96,2.94,2.95,2900,2022-01-24 14:17:00,MVIS
2.95,2.95,2.95,2.95,7821,2022-01-24 14:18:00,MVIS
2.95,2.95,2.94,2.94,550,2022-01-24 14:19:00,MVIS
2.93,2.93,2.93,2.93,400,2022-01-24 14:20:00,MVIS
2.92,2.92,2.91,2.91,1791,2022-01-24 14:21:00,MVIS
2.94,2.94,2.91,2.94,2062,2022-01-24 14:22:00,MVIS
2.94,2.94,2.94,2.94,300,2022-01-24 14:23:00,MVIS
2.94,2.94,2.94,2.94,200,2022-01-24 14:24:00,MVIS
2.94,2.98,2.94,2.98,9856,2022-01-24 14:25:00,MVIS
2.95,2.95,2.94,2.94,300,2022-01-24 14:26:00,MVIS
2.93,2.98,2.93,2.98,2050,2022-01-24 14:27:00,MVIS
2.95,2.95,2.86,2.87,220678,2022-01-24 14:30:00,MVIS
2.86,2.885,2.8,2.8301,96534,2022-01-24 14:31:00,MVIS
2.83,2.85,2.8,2.83,72877,2022-01-24 14:32:00,MVIS
2.84,2.85,2.81,2.825,34329,2022-01-24 14:33:00,MVIS
2.82,2.8665,2.8,2.8665,78032,2022-01-24 14:34:00,MVIS
2.87,2.9199,2.87,2.91,41392,2022-01-24 14:35:00,MVIS
2.91,2.95,2.9,2.945,82897,2022-01-24 14:36:00,MVIS
2.945,2.98,2.93,2.93,31781,2022-01-24 14:37:00,MVIS
2.925,2.9699,2.92,2.96,14710,2022-01-24 14:38:00,MVIS
2.96,2.98,2.94,2.94,70200,2022-01-24 14:39:00,MVIS
2.94,2.96,2.895,2.895,67177,2022-01-24 14:40:00,MVIS
2.89,2.93,2.88,2.93,16794,2022-01-24 14:41:00,MVIS
2.93,2.93,2.88,2.89,23488,2022-01-24 14:42:00,MVIS
2.885,2.89,2.865,2.8701,18313,2022-01-24 14:43:00,MVIS
2.88,2.89,2.86,2.8607,21721,2022-01-24 14:44:00,MVIS
2.865,2.867,2.825,2.84,30281,2022-01-24 14:45:00,MVIS
2.84,2.91,2.8316,2.89,70124,2022-01-24 14:46:00,MVIS
2.87,2.9,2.865,2.88,68149,2022-01-24 14:47:00,MVIS
2.87,2.8701,2.845,2.86,38127,2022-01-24 14:48:00,MVIS
2.86,2.87,2.84,2.845,30652,2022-01-24 14:49:00,MVIS
2.8465,2.85,2.82,2.825,37605,2022-01-24 14:50:00,MVIS
2.825,2.83,2.8029,2.82,48560,2022-01-24 14:51:00,MVIS
2.82,2.83,2.8,2.825,28672,2022-01-24 14:52:00,MVIS
2.825,2.83,2.8,2.825,118917,2022-01-24 14:53:00,MVIS
2.8283,2.85,2.8,2.8299,117692,2022-01-24 14:54:00,MVIS
2.8233,2.865,2.8233,2.855,39574,2022-01-24 14:55:00,MVIS
2.86,2.88,2.84,2.845,21029,2022-01-24 14:56:00,MVIS
2.8411,2.8411,2.82,2.8275,20186,2022-01-24 14:57:00,MVIS
2.82,2.83,2.805,2.81,18578,2022-01-24 14:58:00,MVIS
2.81,2.82,2.8,2.8,16165,2022-01-24 14:59:00,MVIS
2.81,2.86,2.8,2.84,63754,2022-01-24 15:00:00,MVIS
2.8458,2.86,2.82,2.86,76409,2022-01-24 15:01:00,MVIS
2.86,2.86,2.8382,2.84,20690,2022-01-24 15:02:00,MVIS
2.84,2.84,2.81,2.825,23101,2022-01-24 15:03:00,MVIS
2.83,2.83,2.81,2.81,22725,2022-01-24 15:04:00,MVIS
2.815,2.8176,2.8,2.81,21478,2022-01-24 15:05:00,MVIS
2.81,2.81,2.79,2.8,81752,2022-01-24 15:06:00,MVIS
2.8,2.815,2.79,2.79,35493,2022-01-24 15:07:00,MVIS
2.7968,2.8,2.785,2.795,35255,2022-01-24 15:08:00,MVIS
2.7981,2.81,2.78,2.785,63665,2022-01-24 15:09:00,MVIS
2.78,2.79,2.775,2.775,18236,2022-01-24 15:10:00,MVIS
2.77,2.79,2.77,2.79,24503,2022-01-24 15:11:00,MVIS
2.785,2.81,2.7821,2.7983,24111,2022-01-24 15:12:00,MVIS
2.795,2.7999,2.79,2.795,23657,2022-01-24 15:13:00,MVIS
2.7932,2.81,2.79,2.81,58376,2022-01-24 15:14:00,MVIS
2.81,2.81,2.8,2.8099,8055,2022-01-24 15:15:00,MVIS
2.81,2.81,2.79,2.795,32724,2022-01-24 15:16:00,MVIS
2.795,2.8,2.79,2.79,6261,2022-01-24 15:17:00,MVIS
2.7977,2.799,2.79,2.795,7860,2022-01-24 15:18:00,MVIS
2.795,2.795,2.78,2.7883,21409,2022-01-24 15:19:00,MVIS
2.79,2.79,2.78,2.785,54234,2022-01-24 15:20:00,MVIS
2.785,2.79,2.78,2.785,5034,2022-01-24 15:21:00,MVIS
2.78,2.79,2.78,2.785,14632,2022-01-24 15:22:00,MVIS
2.79,2.805,2.785,2.8,40159,2022-01-24 15:23:00,MVIS
2.809,2.82,2.79,2.82,61525,2022-01-24 15:24:00,MVIS
2.815,2.825,2.81,2.82,16716,2022-01-24 15:25:00,MVIS
2.815,2.815,2.795,2.796,29518,2022-01-24 15:26:00,MVIS
2.79,2.81,2.79,2.8081,15521,2022-01-24 15:27:00,MVIS
2.8015,2.8084,2.795,2.795,14783,2022-01-24 15:28:00,MVIS
2.7935,2.8,2.78,2.785,11633,2022-01-24 15:29:00,MVIS
2.785,2.83,2.78,2.805,182028,2022-01-24 15:30:00,MVIS
2.8,2.8,2.78,2.78,28444,2022-01-24 15:31:00,MVIS
2.7879,2.8151,2.785,2.8109,18718,2022-01-24 15:32:00,MVIS
2.815,2.82,2.8011,2.805,22921,2022-01-24 15:33:00,MVIS
2.8001,2.82,2.8,2.805,19827,2022-01-24 15:34:00,MVIS
2.8,2.8,2.7805,2.8,21979,2022-01-24 15:35:00,MVIS
2.81,2.8291,2.8048,2.815,18466,2022-01-24 15:36:00,MVIS
2.82,2.84,2.8195,2.84,16699,2022-01-24 15:37:00,MVIS
2.84,2.8488,2.8201,2.8215,27721,2022-01-24 15:38:00,MVIS
2.8212,2.83,2.8,2.802,19853,2022-01-24 15:39:00,MVIS
2.805,2.81,2.8,2.805,20863,2022-01-24 15:40:00,MVIS
2.81,2.83,2.805,2.8217,44256,2022-01-24 15:41:00,MVIS
2.825,2.84,2.82,2.835,23980,2022-01-24 15:42:00,MVIS
2.835,2.85,2.83,2.835,33257,2022-01-24 15:43:00,MVIS
2.835,2.85,2.83,2.845,13949,2022-01-24 15:44:00,MVIS
2.845,2.85,2.83,2.838,13509,2022-01-24 15:45:00,MVIS
2.8385,2.8385,2.815,2.825,30098,2022-01-24 15:46:00,MVIS
2.825,2.84,2.82,2.8299,33404,2022-01-24 15:47:00,MVIS
2.825,2.83,2.82,2.825,8050,2022-01-24 15:48:00,MVIS
2.825,2.85,2.82,2.845,25674,2022-01-24 15:49:00,MVIS
2.84,2.845,2.83,2.835,32721,2022-01-24 15:50:00,MVIS
2.835,2.84,2.83,2.84,18100,2022-01-24 15:51:00,MVIS
2.835,2.855,2.835,2.845,23024,2022-01-24 15:52:00,MVIS
2.85,2.87,2.845,2.865,13143,2022-01-24 15:53:00,MVIS
2.87,2.87,2.8601,2.865,5250,2022-01-24 15:54:00,MVIS
2.87,2.87,2.85,2.855,34922,2022-01-24 15:55:00,MVIS
2.858,2.858,2.8419,2.845,15221,2022-01-24 15:56:00,MVIS
2.84,2.86,2.835,2.855,47153,2022-01-24 15:57:00,MVIS
2.85,2.8599,2.832,2.835,14919,2022-01-24 15:58:00,MVIS
2.83,2.84,2.825,2.825,84520,2022-01-24 15:59:00,MVIS
2.825,2.83,2.82,2.8286,7752,2022-01-24 16:00:00,MVIS
2.82,2.82,2.8,2.8116,18826,2022-01-24 16:01:00,MVIS
2.815,2.84,2.81,2.8111,32971,2022-01-24 16:02:00,MVIS
2.815,2.8166,2.802,2.802,3224,2022-01-24 16:03:00,MVIS
2.8015,2.81,2.8,2.803,10094,2022-01-24 16:04:00,MVIS
2.8023,2.8099,2.8,2.8,4272,2022-01-24 16:05:00,MVIS
2.8075,2.82,2.8,2.81,26390,2022-01-24 16:06:00,MVIS
2.815,2.815,2.8,2.8078,12189,2022-01-24 16:07:00,MVIS
2.8001,2.81,2.8,2.805,6120,2022-01-24 16:08:00,MVIS
2.805,2.82,2.805,2.8109,22693,2022-01-24 16:09:00,MVIS
2.81,2.81,2.79,2.79,11849,2022-01-24 16:10:00,MVIS
2.7916,2.795,2.785,2.785,4869,2022-01-24 16:11:00,MVIS
2.7801,2.79,2.7801,2.785,22558,2022-01-24 16:12:00,MVIS
2.78,2.79,2.77,2.77,20536,2022-01-24 16:13:00,MVIS
2.7799,2.7799,2.7711,2.775,7234,2022-01-24 16:14:00,MVIS
2.78,2.78,2.7701,2.7701,10542,2022-01-24 16:15:00,MVIS
2.775,2.78,2.7715,2.775,30541,2022-01-24 16:16:00,MVIS
2.78,2.79,2.77,2.7783,30567,2022-01-24 16:17:00,MVIS
2.7783,2.7783,2.77,2.775,2401,2022-01-24 16:18:00,MVIS
2.7783,2.7783,2.77,2.77,3879,2022-01-24 16:19:00,MVIS
2.77,2.78,2.77,2.775,30305,2022-01-24 16:20:00,MVIS
2.77,2.77,2.76,2.765,33815,2022-01-24 16:21:00,MVIS
2.77,2.78,2.76,2.772,45731,2022-01-24 16:22:00,MVIS
2.77,2.77,2.75,2.75,54583,2022-01-24 16:23:00,MVIS
2.7553,2.76,2.74,2.745,54019,2022-01-24 16:24:00,MVIS
2.745,2.745,2.725,2.7283,11674,2022-01-24 16:25:00,MVIS
2.7211,2.73,2.72,2.73,50624,2022-01-24 16:26:00,MVIS
2.725,2.74,2.725,2.74,55830,2022-01-24 16:27:00,MVIS
2.74,2.75,2.735,2.735,34726,2022-01-24 16:28:00,MVIS
2.735,2.7384,2.72,2.725,12520,2022-01-24 16:29:00,MVIS
2.73,2.735,2.7101,2.7101,59355,2022-01-24 16:30:00,MVIS
2.72,2.72,2.71,2.715,15319,2022-01-24 16:31:00,MVIS
2.715,2.715,2.71,2.715,7620,2022-01-24 16:32:00,MVIS
2.7183,2.7183,2.7,2.705,12066,2022-01-24 16:33:00,MVIS
2.7016,2.71,2.7,2.7,3550,2022-01-24 16:34:00,MVIS
2.7,2.7099,2.7,2.7,23599,2022-01-24 16:35:00,MVIS
2.7,2.7084,2.69,2.6983,34609,2022-01-24 16:36:00,MVIS
2.7,2.7,2.675,2.6853,73171,2022-01-24 16:37:00,MVIS
2.6823,2.686,2.68,2.6846,9115,2022-01-24 16:38:00,MVIS
2.6812,2.6883,2.67,2.6707,24511,2022-01-24 16:39:00,MVIS
2.675,2.6799,2.67,2.6785,14326,2022-01-24 16:40:00,MVIS
2.67,2.6785,2.67,2.675,12373,2022-01-24 16:41:00,MVIS
2.6708,2.6708,2.66,2.665,41997,2022-01-24 16:42:00,MVIS
2.67,2.67,2.65,2.665,47031,2022-01-24 16:43:00,MVIS
2.6681,2.6682,2.66,2.6665,5144,2022-01-24 16:44:00,MVIS
2.6699,2.67,2.655,2.665,73260,2022-01-24 16:45:00,MVIS
2.67,2.67,2.66,2.66,6355,2022-01-24 16:46:00,MVIS
2.66,2.665,2.66,2.665,5984,2022-01-24 16:47:00,MVIS
2.665,2.67,2.65,2.655,114207,2022-01-24 16:48:00,MVIS
2.655,2.6583,2.65,2.65,9999,2022-01-24 16:49:00,MVIS
2.655,2.66,2.65,2.655,17166,2022-01-24 16:50:00,MVIS
2.655,2.68,2.655,2.68,30655,2022-01-24 16:51:00,MVIS
2.675,2.7,2.67,2.7,31674,2022-01-24 16:52:00,MVIS
2.7067,2.74,2.7001,2.735,27656,2022-01-24 16:53:00,MVIS
2.735,2.74,2.72,2.7299,28681,2022-01-24 16:54:00,MVIS
2.725,2.7465,2.725,2.7409,26012,2022-01-24 16:55:00,MVIS
2.74,2.74,2.725,2.7383,19794,2022-01-24 16:56:00,MVIS
2.73,2.74,2.7206,2.74,18856,2022-01-24 16:57:00,MVIS
2.74,2.75,2.725,2.725,22144,2022-01-24 16:58:00,MVIS
2.7217,2.75,2.7217,2.75,42741,2022-01-24 16:59:00,MVIS
2.749,2.75,2.73,2.73,4900,2022-01-24 17:00:00,MVIS
2.7314,2.7497,2.7314,2.7399,15453,2022-01-24 17:01:00,MVIS
2.7399,2.7399,2.7312,2.735,2700,2022-01-24 17:02:00,MVIS
2.7313,2.735,2.72,2.72,9296,2022-01-24 17:03:00,MVIS
2.72,2.7284,2.7,2.7281,29644,2022-01-24 17:04:00,MVIS
2.7286,2.73,2.715,2.73,7547,2022-01-24 17:05:00,MVIS
2.72,2.72,2.7113,2.72,9300,2022-01-24 17:06:00,MVIS
2.7154,2.7199,2.715,2.7199,2663,2022-01-24 17:07:00,MVIS
2.7199,2.7199,2.7038,2.705,4982,2022-01-24 17:08:00,MVIS
2.7,2.7084,2.7,2.7069,4349,2022-01-24 17:09:00,MVIS
2.705,2.71,2.7006,2.7006,6440,2022-01-24 17:10:00,MVIS
2.7015,2.715,2.7015,2.7119,13490,2022-01-24 17:11:00,MVIS
2.7183,2.72,2.71,2.715,14000,2022-01-24 17:12:00,MVIS
2.715,2.72,2.705,2.705,22423,2022-01-24 17:13:00,MVIS
2.7,2.7,2.69,2.6901,19637,2022-01-24 17:14:00,MVIS
2.6948,2.6948,2.671,2.671,8922,2022-01-24 17:15:00,MVIS
2.6708,2.6712,2.6701,2.671,1514,2022-01-24 17:16:00,MVIS
2.675,2.675,2.655,2.66,7012,2022-01-24 17:17:00,MVIS
2.655,2.66,2.65,2.66,5963,2022-01-24 17:18:00,MVIS
2.66,2.6715,2.65,2.67,34142,2022-01-24 17:19:00,MVIS
2.67,2.67,2.655,2.655,13425,2022-01-24 17:20:00,MVIS
2.655,2.685,2.655,2.675,14340,2022-01-24 17:21:00,MVIS
2.675,2.685,2.6716,2.6716,7298,2022-01-24 17:22:00,MVIS
2.67,2.6799,2.66,2.665,4788,2022-01-24 17:23:00,MVIS
2.66,2.67,2.65,2.65,16725,2022-01-24 17:24:00,MVIS
2.6599,2.6599,2.65,2.6515,5965,2022-01-24 17:25:00,MVIS
2.655,2.655,2.64,2.65,41716,2022-01-24 17:26:00,MVIS
2.645,2.66,2.6417,2.66,23929,2022-01-24 17:27:00,MVIS
2.65,2.67,2.65,2.67,42238,2022-01-24 17:28:00,MVIS
2.665,2.665,2.65,2.66,12340,2022-01-24 17:29:00,MVIS
2.66,2.665,2.65,2.65,9034,2022-01-24 17:30:00,MVIS
2.66,2.665,2.6407,2.665,13993,2022-01-24 17:31:00,MVIS
2.66,2.6675,2.655,2.655,13901,2022-01-24 17:32:00,MVIS
2.655,2.6799,2.655,2.67,26201,2022-01-24 17:33:00,MVIS
2.675,2.68,2.67,2.68,4011,2022-01-24 17:34:00,MVIS
2.68,2.68,2.6512,2.6512,11255,2022-01-24 17:35:00,MVIS
2.65,2.655,2.65,2.655,3783,2022-01-24 17:36:00,MVIS
2.655,2.66,2.64,2.645,19555,2022-01-24 17:37:00,MVIS
2.645,2.65,2.64,2.645,7630,2022-01-24 17:38:00,MVIS
2.64,2.6599,2.64,2.655,13989,2022-01-24 17:39:00,MVIS
2.655,2.655,2.64,2.6421,9254,2022-01-24 17:40:00,MVIS
2.64,2.65,2.64,2.645,8257,2022-01-24 17:41:00,MVIS
2.65,2.685,2.645,2.675,55677,2022-01-24 17:42:00,MVIS
2.6782,2.68,2.67,2.68,23042,2022-01-24 17:43:00,MVIS
2.68,2.6899,2.675,2.685,36009,2022-01-24 17:44:00,MVIS
2.685,2.6899,2.685,2.685,1100,2022-01-24 17:45:00,MVIS
2.69,2.6999,2.6828,2.6916,9843,2022-01-24 17:46:00,MVIS
2.695,2.71,2.695,2.7,14191,2022-01-24 17:47:00,MVIS
2.695,2.6999,2.685,2.685,8479,2022-01-24 17:48:00,MVIS
2.69,2.7,2.6817,2.695,26407,2022-01-24 17:49:00,MVIS
2.7,2.7,2.685,2.6999,10901,2022-01-24 17:50:00,MVIS
2.695,2.72,2.695,2.715,13880,2022-01-24 17:51:00,MVIS
2.72,2.725,2.705,2.705,11541,2022-01-24 17:52:00,MVIS
2.705,2.72,2.7001,2.72,15280,2022-01-24 17:53:00,MVIS
2.715,2.74,2.7118,2.74,12030,2022-01-24 17:54:00,MVIS
2.7386,2.745,2.7301,2.74,11661,2022-01-24 17:55:00,MVIS
2.7493,2.76,2.74,2.7589,57582,2022-01-24 17:56:00,MVIS
2.75,2.7599,2.75,2.75,18325,2022-01-24 17:57:00,MVIS
2.7554,2.76,2.745,2.745,16837,2022-01-24 17:58:00,MVIS
2.75,2.755,2.745,2.745,8816,2022-01-24 17:59:00,MVIS
2.745,2.755,2.745,2.7501,10738,2022-01-24 18:00:00,MVIS
2.75,2.75,2.735,2.735,10779,2022-01-24 18:01:00,MVIS
2.74,2.75,2.735,2.745,32556,2022-01-24 18:02:00,MVIS
2.75,2.75,2.745,2.745,11532,2022-01-24 18:03:00,MVIS
2.7485,2.76,2.745,2.755,14869,2022-01-24 18:04:00,MVIS
2.7578,2.7578,2.7401,2.7479,8574,2022-01-24 18:05:00,MVIS
2.75,2.77,2.745,2.765,22035,2022-01-24 18:06:00,MVIS
2.7601,2.78,2.7601,2.775,12943,2022-01-24 18:07:00,MVIS
2.7711,2.78,2.7711,2.775,5332,2022-01-24 18:08:00,MVIS
2.775,2.7786,2.765,2.765,4816,2022-01-24 18:09:00,MVIS
2.76,2.78,2.76,2.78,10983,2022-01-24 18:10:00,MVIS
2.775,2.7812,2.77,2.7812,11546,2022-01-24 18:11:00,MVIS
2.7884,2.8,2.775,2.79,39972,2022-01-24 18:12:00,MVIS
2.79,2.795,2.7815,2.7911,11473,2022-01-24 18:13:00,MVIS
2.8,2.8,2.79,2.795,8750,2022-01-24 18:14:00,MVIS
2.8,2.8,2.78,2.8,39480,2022-01-24 18:15:00,MVIS
2.795,2.83,2.795,2.83,10689,2022-01-24 18:16:00,MVIS
2.83,2.84,2.825,2.8388,32566,2022-01-24 18:17:00,MVIS
2.835,2.835,2.81,2.815,20045,2022-01-24 18:18:00,MVIS
2.815,2.82,2.81,2.82,24777,2022-01-24 18:19:00,MVIS
2.815,2.82,2.8,2.8087,11295,2022-01-24 18:20:00,MVIS
2.8009,2.8009,2.79,2.795,15417,2022-01-24 18:21:00,MVIS
2.8,2.8001,2.79,2.8001,15741,2022-01-24 18:22:00,MVIS
2.805,2.8084,2.785,2.79,12644,2022-01-24 18:23:00,MVIS
2.785,2.7885,2.78,2.78,6406,2022-01-24 18:24:00,MVIS
2.79,2.805,2.785,2.8,11410,2022-01-24 18:25:00,MVIS
2.795,2.795,2.7845,2.785,2274,2022-01-24 18:26:00,MVIS
2.79,2.79,2.775,2.775,4401,2022-01-24 18:27:00,MVIS
2.7783,2.79,2.77,2.785,19398,2022-01-24 18:28:00,MVIS
2.7801,2.7899,2.775,2.78,11599,2022-01-24 18:29:00,MVIS
2.78,2.81,2.775,2.805,4646,2022-01-24 18:30:00,MVIS
2.81,2.81,2.805,2.805,2062,2022-01-24 18:31:00,MVIS
2.805,2.805,2.79,2.8,5653,2022-01-24 18:32:00,MVIS
2.795,2.8384,2.795,2.825,29207,2022-01-24 18:33:00,MVIS
2.825,2.83,2.82,2.8215,2132,2022-01-24 18:34:00,MVIS
2.825,2.825,2.8001,2.8001,21501,2022-01-24 18:35:00,MVIS
2.805,2.81,2.8,2.805,6173,2022-01-24 18:36:00,MVIS
2.8,2.8,2.79,2.79,4997,2022-01-24 18:37:00,MVIS
2.795,2.82,2.795,2.815,23102,2022-01-24 18:38:00,MVIS
2.8201,2.84,2.8201,2.84,28343,2022-01-24 18:39:00,MVIS
2.83,2.835,2.82,2.82,10059,2022-01-24 18:40:00,MVIS
2.825,2.83,2.82,2.8279,4909,2022-01-24 18:41:00,MVIS
2.8297,2.83,2.82,2.825,161140,2022-01-24 18:42:00,MVIS
2.82,2.82,2.815,2.815,3783,2022-01-24 18:43:00,MVIS
2.8193,2.8193,2.8,2.805,13014,2022-01-24 18:44:00,MVIS
2.81,2.8283,2.805,2.821,15264,2022-01-24 18:45:00,MVIS
2.83,2.84,2.825,2.83,45693,2022-01-24 18:46:00,MVIS
2.8391,2.8399,2.83,2.835,4040,2022-01-24 18:47:00,MVIS
2.83,2.8485,2.83,2.84,16121,2022-01-24 18:48:00,MVIS
2.835,2.85,2.835,2.845,4515,2022-01-24 18:49:00,MVIS
2.85,2.87,2.845,2.87,53556,2022-01-24 18:50:00,MVIS
2.865,2.8699,2.86,2.86,6421,2022-01-24 18:51:00,MVIS
2.86,2.86,2.84,2.8487,38688,2022-01-24 18:52:00,MVIS
2.85,2.86,2.84,2.845,34794,2022-01-24 18:53:00,MVIS
2.85,2.88,2.845,2.875,21043,2022-01-24 18:54:00,MVIS
2.875,2.8891,2.87,2.8782,18408,2022-01-24 18:55:00,MVIS
2.87,2.875,2.86,2.875,14905,2022-01-24 18:56:00,MVIS
2.87,2.875,2.865,2.875,5314,2022-01-24 18:57:00,MVIS
2.875,2.89,2.875,2.885,5930,2022-01-24 18:58:00,MVIS
2.885,2.9,2.885,2.895,28241,2022-01-24 18:59:00,MVIS
2.89,2.9,2.885,2.895,72344,2022-01-24 19:00:00,MVIS
2.89,2.9,2.89,2.895,7368,2022-01-24 19:01:00,MVIS
2.895,2.92,2.895,2.92,24649,2022-01-24 19:02:00,MVIS
2.92,2.92,2.895,2.905,49272,2022-01-24 19:03:00,MVIS
2.9,2.91,2.895,2.905,7387,2022-01-24 19:04:00,MVIS
2.905,2.94,2.905,2.925,31278,2022-01-24 19:05:00,MVIS
2.925,2.94,2.925,2.935,11945,2022-01-24 19:06:00,MVIS
2.94,2.97,2.935,2.97,11164,2022-01-24 19:07:00,MVIS
2.97,2.98,2.96,2.975,23224,2022-01-24 19:08:00,MVIS
2.98,2.98,2.97,2.975,14364,2022-01-24 19:09:00,MVIS
2.975,2.995,2.975,2.985,39537,2022-01-24 19:10:00,MVIS
2.985,2.99,2.975,2.975,9482,2022-01-24 19:11:00,MVIS
2.975,2.975,2.945,2.945,26380,2022-01-24 19:12:00,MVIS
2.945,2.95,2.9227,2.9227,22093,2022-01-24 19:13:00,MVIS
2.9209,2.93,2.92,2.9201,14400,2022-01-24 19:14:00,MVIS
2.93,2.94,2.925,2.925,38486,2022-01-24 19:15:00,MVIS
2.93,2.935,2.915,2.92,28369,2022-01-24 19:16:00,MVIS
2.9101,2.92,2.9101,2.92,18185,2022-01-24 19:17:00,MVIS
2.9201,2.9201,2.91,2.915,19965,2022-01-24 19:18:00,MVIS
2.9186,2.93,2.9159,2.92,18123,2022-01-24 19:19:00,MVIS
2.925,2.97,2.925,2.9639,18138,2022-01-24 19:20:00,MVIS
2.965,2.965,2.93,2.93,25431,2022-01-24 19:21:00,MVIS
2.93,2.93,2.92,2.925,26974,2022-01-24 19:22:00,MVIS
2.925,2.93,2.91,2.915,40328,2022-01-24 19:23:00,MVIS
2.92,2.935,2.915,2.935,35031,2022-01-24 19:24:00,MVIS
2.93,2.94,2.9204,2.9301,31015,2022-01-24 19:25:00,MVIS
2.935,2.95,2.935,2.94,10353,2022-01-24 19:26:00,MVIS
2.935,2.95,2.935,2.94,17875,2022-01-24 19:27:00,MVIS
2.9485,2.9485,2.93,2.945,11132,2022-01-24 19:28:00,MVIS
2.94,2.945,2.93,2.945,31474,2022-01-24 19:29:00,MVIS
2.94,2.98,2.94,2.97,9138,2022-01-24 19:30:00,MVIS
2.97,2.97,2.955,2.955,10956,2022-01-24 19:31:00,MVIS
2.9581,2.96,2.935,2.935,13837,2022-01-24 19:32:00,MVIS
2.935,2.94,2.93,2.935,5718,2022-01-24 19:33:00,MVIS
2.935,2.935,2.915,2.92,6605,2022-01-24 19:34:00,MVIS
2.91,2.91,2.9,2.905,24884,2022-01-24 19:35:00,MVIS
2.9084,2.92,2.905,2.9104,16855,2022-01-24 19:36:00,MVIS
2.915,2.915,2.88,2.88,16148,2022-01-24 19:37:00,MVIS
2.885,2.885,2.885,2.885,700,2022-01-24 19:38:00,MVIS
2.88,2.9052,2.88,2.895,27359,2022-01-24 19:39:00,MVIS
2.9,2.9101,2.8937,2.91,9148,2022-01-24 19:40:00,MVIS
2.9,2.905,2.895,2.905,10594,2022-01-24 19:41:00,MVIS
2.905,2.905,2.895,2.9,19809,2022-01-24 19:42:00,MVIS
2.895,2.91,2.885,2.9084,10666,2022-01-24 19:43:00,MVIS
2.9094,2.915,2.9,2.905,24970,2022-01-24 19:44:00,MVIS
2.9,2.9,2.89,2.895,13118,2022-01-24 19:45:00,MVIS
2.895,2.9,2.8919,2.895,10411,2022-01-24 19:46:00,MVIS
2.9,2.91,2.895,2.9,21472,2022-01-24 19:47:00,MVIS
2.9,2.91,2.895,2.905,7468,2022-01-24 19:48:00,MVIS
2.905,2.95,2.9,2.94,35277,2022-01-24 19:49:00,MVIS
2.935,2.94,2.925,2.925,9369,2022-01-24 19:50:00,MVIS
2.925,2.925,2.91,2.915,11828,2022-01-24 19:51:00,MVIS
2.9101,2.915,2.9,2.905,3516,2022-01-24 19:52:00,MVIS
2.905,2.92,2.905,2.915,13971,2022-01-24 19:53:00,MVIS
2.92,2.93,2.915,2.92,6065,2022-01-24 19:54:00,MVIS
2.92,2.92,2.915,2.915,5522,2022-01-24 19:55:00,MVIS
2.91,2.92,2.905,2.915,12634,2022-01-24 19:56:00,MVIS
2.915,2.92,2.915,2.915,3000,2022-01-24 19:57:00,MVIS
2.92,2.93,2.915,2.93,10217,2022-01-24 19:58:00,MVIS
2.93,2.94,2.925,2.93,19842,2022-01-24 19:59:00,MVIS
2.93,2.95,2.93,2.95,11837,2022-01-24 20:00:00,MVIS
2.945,2.95,2.94,2.945,14491,2022-01-24 20:01:00,MVIS
2.945,2.96,2.945,2.96,10115,2022-01-24 20:02:00,MVIS
2.955,2.97,2.95,2.955,22888,2022-01-24 20:03:00,MVIS
2.96,2.96,2.935,2.94,30703,2022-01-24 20:04:00,MVIS
2.94,2.94,2.93,2.935,5300,2022-01-24 20:05:00,MVIS
2.935,2.95,2.935,2.945,5779,2022-01-24 20:06:00,MVIS
2.95,2.96,2.945,2.95,16143,2022-01-24 20:07:00,MVIS
2.95,2.95,2.945,2.945,13004,2022-01-24 20:08:00,MVIS
2.95,2.98,2.945,2.98,10838,2022-01-24 20:09:00,MVIS
2.9701,3.0,2.9701,3.0,11842,2022-01-24 20:10:00,MVIS
2.99,3.0,2.981,3.0,16748,2022-01-24 20:11:00,MVIS
2.995,2.9994,2.98,2.9994,21726,2022-01-24 20:12:00,MVIS
2.995,3.005,2.9901,3.0,43721,2022-01-24 20:13:00,MVIS
3.0,3.01,2.9901,3.005,12900,2022-01-24 20:14:00,MVIS
3.0082,3.01,3.0,3.0,10055,2022-01-24 20:15:00,MVIS
3.01,3.02,3.005,3.01,13515,2022-01-24 20:16:00,MVIS
3.005,3.01,2.98,2.985,14010,2022-01-24 20:17:00,MVIS
2.99,2.99,2.98,2.98,5513,2022-01-24 20:18:00,MVIS
2.975,2.975,2.96,2.965,65816,2022-01-24 20:19:00,MVIS
2.97,3.0124,2.965,2.995,31465,2022-01-24 20:20:00,MVIS
2.995,3.01,2.995,3.005,5856,2022-01-24 20:21:00,MVIS
3.005,3.02,3.0,3.015,18904,2022-01-24 20:22:00,MVIS
3.015,3.035,3.005,3.03,24165,2022-01-24 20:23:00,MVIS
3.03,3.03,3.01,3.015,20516,2022-01-24 20:24:00,MVIS
3.015,3.02,3.01,3.01,8263,2022-01-24 20:25:00,MVIS
3.005,3.02,3.005,3.015,18802,2022-01-24 20:26:00,MVIS
3.02,3.02,2.99,2.995,38898,2022-01-24 20:27:00,MVIS
2.995,3.01,2.985,2.99,21311,2022-01-24 20:28:00,MVIS
2.99,3.005,2.99,3.005,11533,2022-01-24 20:29:00,MVIS
3.005,3.01,2.985,3.01,36533,2022-01-24 20:30:00,MVIS
3.005,3.03,3.005,3.025,12719,2022-01-24 20:31:00,MVIS
3.03,3.055,3.021,3.045,42534,2022-01-24 20:32:00,MVIS
3.045,3.05,3.035,3.045,23691,2022-01-24 20:33:00,MVIS
3.045,3.05,3.035,3.04,20178,2022-01-24 20:34:00,MVIS
3.035,3.045,3.0321,3.035,23214,2022-01-24 20:35:00,MVIS
3.03,3.035,3.0247,3.025,12760,2022-01-24 20:36:00,MVIS
3.028,3.05,3.025,3.05,12113,2022-01-24 20:37:00,MVIS
3.045,3.06,3.0419,3.055,33405,2022-01-24 20:38:00,MVIS
3.055,3.07,3.0507,3.065,19694,2022-01-24 20:39:00,MVIS
3.07,3.07,3.055,3.055,22146,2022-01-24 20:40:00,MVIS
3.05,3.05,3.0319,3.035,24851,2022-01-24 20:41:00,MVIS
3.035,3.04,3.03,3.035,16421,2022-01-24 20:42:00,MVIS
3.04,3.04,3.01,3.015,15184,2022-01-24 20:43:00,MVIS
3.015,3.03,3.01,3.03,61709,2022-01-24 20:44:00,MVIS
3.04,3.06,3.0317,3.045,34148,2022-01-24 20:45:00,MVIS
3.04,3.055,3.04,3.05,23087,2022-01-24 20:46:00,MVIS
3.055,3.06,3.05,3.06,17490,2022-01-24 20:47:00,MVIS
3.06,3.06,3.04,3.04,18160,2022-01-24 20:48:00,MVIS
3.0401,3.0401,3.025,3.025,13495,2022-01-24 20:49:00,MVIS
3.03,3.04,3.02,3.04,41622,2022-01-24 20:50:00,MVIS
3.035,3.05,3.035,3.045,20784,2022-01-24 20:51:00,MVIS
3.045,3.06,3.0401,3.055,18619,2022-01-24 20:52:00,MVIS
3.0513,3.06,3.035,3.04,75314,2022-01-24 20:53:00,MVIS
3.035,3.04,3.03,3.035,15120,2022-01-24 20:54:00,MVIS
3.04,3.04,3.03,3.035,25230,2022-01-24 20:55:00,MVIS
3.035,3.04,3.03,3.03,18749,2022-01-24 20:56:00,MVIS
3.035,3.04,3.03,3.035,44720,2022-01-24 20:57:00,MVIS
3.035,3.0499,3.03,3.04,42355,2022-01-24 20:58:00,MVIS
3.04,3.05,3.04,3.0408,51635,2022-01-24 20:59:00,MVIS
3.05,3.05,2.96,2.96,112193,2022-01-24 21:00:00,MVIS
2.96,2.96,2.96,2.96,470,2022-01-24 21:05:00,MVIS
3.0,3.0,3.0,3.0,100,2022-01-24 21:06:00,MVIS
3.05,3.05,3.05,3.05,400,2022-01-24 21:10:00,MVIS
3.05,3.05,3.05,3.05,150,2022-01-24 21:13:00,MVIS
3.01,3.01,3.01,3.01,150,2022-01-24 21:19:00,MVIS
3.01,3.05,3.01,3.05,3433,2022-01-24 21:22:00,MVIS
3.05,3.05,3.05,3.05,400,2022-01-24 21:27:00,MVIS
3.01,3.01,3.01,3.01,200,2022-01-24 21:31:00,MVIS
3.01,3.01,3.01,3.01,133,2022-01-24 21:33:00,MVIS
3.05,3.05,3.05,3.05,100,2022-01-24 21:42:00,MVIS
3.05,3.06,3.05,3.06,1540,2022-01-24 21:45:00,MVIS
3.07,3.07,3.07,3.07,316,2022-01-24 21:48:00,MVIS
3.02,3.02,3.02,3.02,107,2022-01-24 21:52:00,MVIS
3.09,3.09,3.09,3.09,277,2022-01-24 21:54:00,MVIS
3.09,3.09,3.09,3.09,150,2022-01-24 22:00:00,MVIS
3.1,3.1,3.1,3.1,300,2022-01-24 22:07:00,MVIS
3.06,3.06,3.06,3.06,100,2022-01-24 22:11:00,MVIS
3.06,3.06,3.06,3.06,100,2022-01-24 22:16:00,MVIS
3.09,3.09,3.09,3.09,100,2022-01-24 22:18:00,MVIS
3.09,3.09,3.09,3.09,200,2022-01-24 22:31:00,MVIS
3.08,3.08,3.08,3.08,100,2022-01-24 22:42:00,MVIS
3.09,3.1,3.09,3.1,1484,2022-01-24 22:45:00,MVIS
3.09,3.09,3.09,3.09,200,2022-01-24 22:57:00,MVIS
3.1,3.1,3.1,3.1,1000,2022-01-24 22:58:00,MVIS
3.1,3.1,3.1,3.1,1714,2022-01-24 23:03:00,MVIS
3.07,3.07,3.07,3.07,695,2022-01-24 23:21:00,MVIS
3.07,3.07,3.07,3.07,250,2022-01-24 23:28:00,MVIS
3.08,3.08,3.08,3.08,109,2022-01-24 23:41:00,MVIS
3.11,3.11,3.11,3.11,119,2022-01-24 23:57:00,MVIS
3.07,3.07,3.07,3.07,255,2022-01-25 00:23:00,MVIS
2.96,2.98,2.96,2.98,1300,2022-01-25 10:21:00,MVIS
2.96,2.96,2.96,2.96,100,2022-01-25 11:51:00,MVIS
2.97,2.97,2.97,2.97,200,2022-01-25 11:54:00,MVIS
2.97,2.97,2.97,2.97,100,2022-01-25 12:04:00,MVIS
2.98,2.98,2.98,2.98,480,2022-01-25 12:14:00,MVIS
2.98,2.98,2.98,2.98,300,2022-01-25 12:21:00,MVIS
2.98,2.98,2.98,2.98,116,2022-01-25 12:22:00,MVIS
2.98,2.98,2.98,2.98,284,2022-01-25 12:28:00,MVIS
2.97,2.97,2.97,2.97,372,2022-01-25 12:43:00,MVIS
2.9601,2.9601,2.9601,2.9601,12000,2022-01-25 13:04:00,MVIS
2.97,2.97,2.97,2.97,100,2022-01-25 13:07:00,MVIS
2.96,2.96,2.96,2.96,100,2022-01-25 13:18:00,MVIS
2.94,2.94,2.94,2.94,100,2022-01-25 13:35:00,MVIS
2.97,2.97,2.97,2.97,100,2022-01-25 13:56:00,MVIS
2.96,2.96,2.96,2.96,400,2022-01-25 14:01:00,MVIS
3.0486,3.0486,3.0486,3.0486,1275,2022-01-25 14:02:00,MVIS
2.95,2.95,2.95,2.95,200,2022-01-25 14:03:00,MVIS
2.96,2.96,2.95,2.95,1045,2022-01-25 14:06:00,MVIS
2.96,2.96,2.95,2.95,300,2022-01-25 14:08:00,MVIS
2.96,2.96,2.96,2.96,269,2022-01-25 14:10:00,MVIS
2.95,2.95,2.95,2.95,843,2022-01-25 14:12:00,MVIS
2.97,2.99,2.95,2.95,2765,2022-01-25 14:25:00,MVIS
2.98,2.98,2.98,2.98,100,2022-01-25 14:28:00,MVIS
2.99,2.99,2.99,2.99,100,2022-01-25 14:29:00,MVIS
2.95,2.97,2.92,2.9503,50693,2022-01-25 14:30:00,MVIS
2.96,3.01,2.96,3.01,18772,2022-01-25 14:31:00,MVIS
3.015,3.0165,2.99,2.99,5756,2022-01-25 14:32:00,MVIS
2.99,3.0203,2.99,3.02,40992,2022-01-25 14:33:00,MVIS
3.01,3.0301,3.01,3.02,27690,2022-01-25 14:34:00,MVIS
3.02,3.04,3.015,3.04,19520,2022-01-25 14:35:00,MVIS
3.03,3.06,3.03,3.05,16133,2022-01-25 14:36:00,MVIS
3.055,3.07,3.05,3.06,8120,2022-01-25 14:37:00,MVIS
3.05,3.05,3.005,3.005,25224,2022-01-25 14:38:00,MVIS
3.01,3.01,3.0,3.0,16543,2022-01-25 14:39:00,MVIS
2.995,3.01,2.98,2.98,26383,2022-01-25 14:40:00,MVIS
2.9899,2.995,2.97,2.985,15547,2022-01-25 14:41:00,MVIS
2.99,3.0001,2.99,3.0,20364,2022-01-25 14:42:00,MVIS
3.0,3.02,3.0,3.0143,36671,2022-01-25 14:43:00,MVIS
3.005,3.01,2.99,2.995,8342,2022-01-25 14:44:00,MVIS
2.99,2.99,2.96,2.96,3650,2022-01-25 14:45:00,MVIS
2.97,2.97,2.96,2.96,20704,2022-01-25 14:46:00,MVIS
2.96,2.97,2.96,2.96,11281,2022-01-25 14:47:00,MVIS
2.96,2.96,2.955,2.955,7708,2022-01-25 14:48:00,MVIS
2.96,2.965,2.9533,2.9533,3250,2022-01-25 14:49:00,MVIS
2.955,2.975,2.95,2.975,24249,2022-01-25 14:50:00,MVIS
2.975,2.98,2.955,2.955,8588,2022-01-25 14:51:00,MVIS
2.96,2.96,2.94,2.94,3660,2022-01-25 14:52:00,MVIS
2.95,2.95,2.92,2.9279,9868,2022-01-25 14:53:00,MVIS
2.93,2.93,2.92,2.925,11825,2022-01-25 14:54:00,MVIS
2.93,2.95,2.925,2.9399,18803,2022-01-25 14:55:00,MVIS
2.935,2.94,2.93,2.935,2502,2022-01-25 14:56:00,MVIS
2.94,2.96,2.935,2.94,15247,2022-01-25 14:57:00,MVIS
2.94,2.945,2.9301,2.935,5343,2022-01-25 14:58:00,MVIS
2.935,2.95,2.935,2.935,3217,2022-01-25 14:59:00,MVIS
2.935,2.97,2.935,2.955,18666,2022-01-25 15:00:00,MVIS
2.9599,2.9599,2.94,2.945,5259,2022-01-25 15:01:00,MVIS
2.9401,2.95,2.94,2.94,7054,2022-01-25 15:02:00,MVIS
2.935,2.935,2.93,2.935,1000,2022-01-25 15:03:00,MVIS
2.935,2.94,2.93,2.94,13987,2022-01-25 15:04:00,MVIS
2.94,2.945,2.93,2.933,25911,2022-01-25 15:05:00,MVIS
2.935,2.935,2.925,2.925,900,2022-01-25 15:06:00,MVIS
2.93,2.94,2.925,2.93,11406,2022-01-25 15:07:00,MVIS
2.935,2.94,2.935,2.9383,1691,2022-01-25 15:08:00,MVIS
2.93,2.93,2.92,2.93,8519,2022-01-25 15:09:00,MVIS
2.93,2.93,2.92,2.925,800,2022-01-25 15:10:00,MVIS
2.93,2.93,2.9299,2.9299,474,2022-01-25 15:11:00,MVIS
2.92,2.92,2.915,2.915,3904,2022-01-25 15:12:00,MVIS
2.92,2.9481,2.915,2.9481,19487,2022-01-25 15:13:00,MVIS
2.95,2.9682,2.94,2.965,21291,2022-01-25 15:14:00,MVIS
2.96,2.9699,2.955,2.965,4405,2022-01-25 15:15:00,MVIS
2.9699,2.975,2.965,2.965,4984,2022-01-25 15:16:00,MVIS
2.97,2.97,2.9699,2.9699,8900,2022-01-25 15:17:00,MVIS
2.965,2.97,2.955,2.965,10656,2022-01-25 15:18:00,MVIS
2.9607,2.97,2.95,2.95,3669,2022-01-25 15:19:00,MVIS
2.95,2.95,2.925,2.925,13781,2022-01-25 15:20:00,MVIS
2.93,2.93,2.9244,2.925,2000,2022-01-25 15:21:00,MVIS
2.925,2.925,2.915,2.915,8113,2022-01-25 15:22:00,MVIS
2.915,2.93,2.915,2.915,9836,2022-01-25 15:23:00,MVIS
2.91,2.9182,2.905,2.915,8084,2022-01-25 15:24:00,MVIS
2.9179,2.93,2.905,2.925,9258,2022-01-25 15:25:00,MVIS
2.925,2.95,2.925,2.9399,9200,2022-01-25 15:26:00,MVIS
2.939,2.95,2.939,2.9487,9558,2022-01-25 15:27:00,MVIS
2.945,2.95,2.935,2.9383,9973,2022-01-25 15:28:00,MVIS
2.94,2.94,2.93,2.935,10166,2022-01-25 15:29:00,MVIS
2.935,2.94,2.92,2.925,12700,2022-01-25 15:30:00,MVIS
2.9246,2.93,2.9246,2.925,1300,2022-01-25 15:31:00,MVIS
2.925,2.93,2.915,2.925,11912,2022-01-25 15:32:00,MVIS
2.925,2.93,2.925,2.925,7716,2022-01-25 15:33:00,MVIS
2.93,2.93,2.925,2.925,17794,2022-01-25 15:34:00,MVIS
2.925,2.94,2.9215,2.9215,49159,2022-01-25 15:35:00,MVIS
2.925,2.925,2.91,2.92,11366,2022-01-25 15:36:00,MVIS
2.915,2.92,2.905,2.905,4664,2022-01-25 15:37:00,MVIS
2.905,2.915,2.905,2.905,13668,2022-01-25 15:38:00,MVIS
2.905,2.91,2.9008,2.9008,6066,2022-01-25 15:39:00,MVIS
2.91,2.92,2.905,2.915,9677,2022-01-25 15:40:00,MVIS
2.915,2.9184,2.905,2.91,11256,2022-01-25 15:41:00,MVIS
2.915,2.92,2.905,2.9092,6978,2022-01-25 15:42:00,MVIS
2.9007,2.92,2.9007,2.91,7781,2022-01-25 15:43:00,MVIS
2.905,2.93,2.9,2.93,15481,2022-01-25 15:44:00,MVIS
2.94,2.95,2.9301,2.9316,8257,2022-01-25 15:45:00,MVIS
2.935,2.935,2.925,2.925,3050,2022-01-25 15:46:00,MVIS
2.925,2.9388,2.925,2.93,8090,2022-01-25 15:47:00,MVIS
2.93,2.94,2.925,2.94,8890,2022-01-25 15:48:00,MVIS
2.94,2.94,2.935,2.9388,4260,2022-01-25 15:49:00,MVIS
2.935,2.935,2.92,2.92,16800,2022-01-25 15:50:00,MVIS
2.92,2.93,2.915,2.93,9021,2022-01-25 15:51:00,MVIS
2.93,2.94,2.925,2.925,9376,2022-01-25 15:52:00,MVIS
2.925,2.93,2.905,2.91,10905,2022-01-25 15:53:00,MVIS
2.915,2.915,2.9,2.9,13726,2022-01-25 15:54:00,MVIS
2.91,2.91,2.89,2.895,27200,2022-01-25 15:55:00,MVIS
2.895,2.91,2.89,2.9005,20259,2022-01-25 15:56:00,MVIS
2.9,2.9,2.89,2.8993,13824,2022-01-25 15:57:00,MVIS
2.8983,2.8999,2.885,2.885,11317,2022-01-25 15:58:00,MVIS
2.885,2.8884,2.88,2.885,3436,2022-01-25 15:59:00,MVIS
2.88,2.88,2.88,2.88,380,2022-01-25 16:00:00,MVIS
2.885,2.89,2.885,2.885,1473,2022-01-25 16:01:00,MVIS
2.89,2.895,2.885,2.888,32634,2022-01-25 16:02:00,MVIS
2.8807,2.89,2.8807,2.8891,11250,2022-01-25 16:03:00,MVIS
2.89,2.905,2.885,2.895,39292,2022-01-25 16:04:00,MVIS
2.895,2.915,2.895,2.915,5524,2022-01-25 16:05:00,MVIS
2.92,2.92,2.895,2.895,9700,2022-01-25 16:06:00,MVIS
2.895,2.895,2.895,2.895,100,2022-01-25 16:07:00,MVIS
2.895,2.895,2.88,2.885,13870,2022-01-25 16:08:00,MVIS
2.8899,2.89,2.88,2.885,16011,2022-01-25 16:09:00,MVIS
2.89,2.91,2.885,2.89,26483,2022-01-25 16:10:00,MVIS
2.9,2.9,2.885,2.89,13958,2022-01-25 16:11:00,MVIS
2.89,2.89,2.875,2.88,18385,2022-01-25 16:12:00,MVIS
2.88,2.8881,2.8797,2.885,5134,2022-01-25 16:13:00,MVIS
2.885,2.9,2.8801,2.9,5375,2022-01-25 16:15:00,MVIS
2.9,2.9,2.8915,2.895,8558,2022-01-25 16:16:00,MVIS
2.9,2.9,2.8912,2.895,2248,2022-01-25 16:17:00,MVIS
2.895,2.915,2.895,2.91,12288,2022-01-25 16:18:00,MVIS
2.91,2.9279,2.905,2.915,18205,2022-01-25 16:19:00,MVIS
2.915,2.93,2.915,2.9256,2695,2022-01-25 16:20:00,MVIS
2.92,2.92,2.912,2.912,4405,2022-01-25 16:21:00,MVIS
2.92,2.92,2.905,2.905,1579,2022-01-25 16:22:00,MVIS
2.9,2.91,2.9,2.9018,9885,2022-01-25 16:23:00,MVIS
2.9,2.9,2.885,2.9,42480,2022-01-25 16:24:00,MVIS
2.905,2.905,2.9,2.9,4200,2022-01-25 16:25:00,MVIS
2.9001,2.9088,2.895,2.895,4109,2022-01-25 16:26:00,MVIS
2.895,2.895,2.88,2.88,6479,2022-01-25 16:27:00,MVIS
2.87,2.88,2.87,2.875,7335,2022-01-25 16:28:00,MVIS
2.875,2.88,2.87,2.87,10434,2022-01-25 16:29:00,MVIS
2.875,2.875,2.865,2.8689,4505,2022-01-25 16:30:00,MVIS
2.865,2.875,2.8601,2.865,24230,2022-01-25 16:31:00,MVIS
2.865,2.87,2.86,2.865,1846,2022-01-25 16:32:00,MVIS
2.8689,2.87,2.8617,2.8617,4950,2022-01-25 16:33:00,MVIS
2.8699,2.87,2.86,2.87,6942,2022-01-25 16:34:00,MVIS
2.865,2.87,2.86,2.8684,2133,2022-01-25 16:35:00,MVIS
2.865,2.865,2.855,2.86,18157,2022-01-25 16:36:00,MVIS
2.854,2.86,2.854,2.8584,2812,2022-01-25 16:37:00,MVIS
2.855,2.855,2.855,2.855,100,2022-01-25 16:38:00,MVIS
2.855,2.8583,2.85,2.855,4640,2022-01-25 16:39:00,MVIS
2.8597,2.86,2.855,2.855,2484,2022-01-25 16:40:00,MVIS
2.8584,2.87,2.855,2.865,11865,2022-01-25 16:41:00,MVIS
2.8691,2.875,2.865,2.865,16022,2022-01-25 16:42:00,MVIS
2.8683,2.875,2.865,2.87,10491,2022-01-25 16:43:00,MVIS
2.87,2.88,2.87,2.872,1744,2022-01-25 16:44:00,MVIS
2.8792,2.89,2.8708,2.8846,20004,2022-01-25 16:45:00,MVIS
2.89,2.89,2.885,2.89,1500,2022-01-25 16:46:00,MVIS
2.885,2.9,2.885,2.9,8641,2022-01-25 16:47:00,MVIS
2.895,2.8997,2.8918,2.8992,1010,2022-01-25 16:48:00,MVIS
2.89,2.89,2.89,2.89,8120,2022-01-25 16:49:00,MVIS
2.885,2.895,2.885,2.895,5434,2022-01-25 16:50:00,MVIS
2.895,2.8985,2.895,2.895,497,2022-01-25 16:51:00,MVIS
2.9,2.92,2.9,2.915,20071,2022-01-25 16:52:00,MVIS
2.915,2.92,2.905,2.905,7085,2022-01-25 16:53:00,MVIS
2.91,2.91,2.905,2.9057,6602,2022-01-25 16:54:00,MVIS
2.91,2.91,2.905,2.91,910,2022-01-25 16:55:00,MVIS
2.905,2.9084,2.9,2.9,12121,2022-01-25 16:56:00,MVIS
2.9,2.9,2.8788,2.88,12211,2022-01-25 16:57:00,MVIS
2.88,2.89,2.8799,2.89,7891,2022-01-25 16:58:00,MVIS
2.8832,2.89,2.88,2.88,27312,2022-01-25 16:59:00,MVIS
2.88,2.89,2.88,2.885,2541,2022-01-25 17:00:00,MVIS
2.8832,2.8879,2.8832,2.8879,400,2022-01-25 17:01:00,MVIS
2.885,2.885,2.8812,2.8812,276,2022-01-25 17:02:00,MVIS
2.88,2.89,2.88,2.89,10345,2022-01-25 17:03:00,MVIS
2.88,2.89,2.88,2.89,4644,2022-01-25 17:04:00,MVIS
2.9,2.91,2.9,2.905,2307,2022-01-25 17:05:00,MVIS
2.9,2.905,2.9,2.9,3135,2022-01-25 17:06:00,MVIS
2.9,2.9082,2.9,2.9082,1500,2022-01-25 17:07:00,MVIS
2.9,2.905,2.9,2.9,2225,2022-01-25 17:08:00,MVIS
2.905,2.905,2.88,2.881,12132,2022-01-25 17:09:00,MVIS
2.88,2.8899,2.88,2.88,500,2022-01-25 17:10:00,MVIS
2.885,2.885,2.88,2.88,1233,2022-01-25 17:11:00,MVIS
2.885,2.89,2.885,2.885,1650,2022-01-25 17:12:00,MVIS
2.8899,2.89,2.885,2.8886,21034,2022-01-25 17:13:00,MVIS
2.885,2.9,2.885,2.9,6639,2022-01-25 17:14:00,MVIS
2.9,2.9,2.89,2.89,6615,2022-01-25 17:15:00,MVIS
2.88,2.885,2.875,2.875,3553,2022-01-25 17:16:00,MVIS
2.8779,2.88,2.87,2.88,11300,2022-01-25 17:17:00,MVIS
2.87,2.875,2.87,2.87,521,2022-01-25 17:18:00,MVIS
2.875,2.885,2.875,2.885,5082,2022-01-25 17:19:00,MVIS
2.885,2.89,2.885,2.89,2600,2022-01-25 17:20:00,MVIS
2.885,2.885,2.885,2.885,2842,2022-01-25 17:21:00,MVIS
2.89,2.89,2.885,2.885,1200,2022-01-25 17:22:00,MVIS
2.89,2.89,2.885,2.885,462,2022-01-25 17:23:00,MVIS
2.8889,2.8984,2.8889,2.895,6985,2022-01-25 17:24:00,MVIS
2.8999,2.8999,2.895,2.8999,1900,2022-01-25 17:25:00,MVIS
2.895,2.9,2.8916,2.9,4400,2022-01-25 17:26:00,MVIS
2.895,2.895,2.89,2.89,4109,2022-01-25 17:27:00,MVIS
2.89,2.89,2.89,2.89,4153,2022-01-25 17:28:00,MVIS
2.8999,2.8999,2.89,2.8999,9301,2022-01-25 17:29:00,MVIS
2.8908,2.8908,2.885,2.885,2100,2022-01-25 17:30:00,MVIS
2.89,2.89,2.88,2.88,3620,2022-01-25 17:31:00,MVIS
2.875,2.875,2.87,2.875,6550,2022-01-25 17:32:00,MVIS
2.875,2.875,2.87,2.87,2500,2022-01-25 17:33:00,MVIS
2.87,2.88,2.87,2.875,853,2022-01-25 17:34:00,MVIS
2.875,2.89,2.875,2.885,13537,2022-01-25 17:35:00,MVIS
2.89,2.89,2.88,2.88,6684,2022-01-25 17:36:00,MVIS
2.885,2.885,2.885,2.885,335,2022-01-25 17:37:00,MVIS
2.88,2.887,2.88,2.8846,1423,2022-01-25 17:38:00,MVIS
2.88,2.88,2.875,2.875,1006,2022-01-25 17:39:00,MVIS
2.88,2.89,2.88,2.885,8430,2022-01-25 17:40:00,MVIS
2.885,2.89,2.885,2.885,650,2022-01-25 17:41:00,MVIS
2.88,2.885,2.8701,2.8701,4100,2022-01-25 17:42:00,MVIS
2.8799,2.8799,2.875,2.875,1100,2022-01-25 17:43:00,MVIS
2.87,2.89,2.87,2.89,9797,2022-01-25 17:44:00,MVIS
2.895,2.8999,2.89,2.895,5393,2022-01-25 17:45:00,MVIS
2.89,2.895,2.89,2.895,906,2022-01-25 17:46:00,MVIS
2.895,2.895,2.88,2.8872,4422,2022-01-25 17:47:00,MVIS
2.885,2.885,2.88,2.885,1700,2022-01-25 17:48:00,MVIS
2.885,2.8899,2.88,2.8899,450,2022-01-25 17:49:00,MVIS
2.88,2.885,2.88,2.88,300,2022-01-25 17:50:00,MVIS
2.885,2.885,2.885,2.885,300,2022-01-25 17:51:00,MVIS
2.885,2.89,2.88,2.885,16068,2022-01-25 17:52:00,MVIS
2.88,2.8899,2.88,2.885,2559,2022-01-25 17:53:00,MVIS
2.88,2.885,2.88,2.885,647,2022-01-25 17:54:00,MVIS
2.8852,2.8886,2.88,2.88,2575,2022-01-25 17:55:00,MVIS
2.8801,2.8801,2.8801,2.8801,100,2022-01-25 17:56:00,MVIS
2.885,2.885,2.88,2.885,900,2022-01-25 17:57:00,MVIS
2.89,2.8951,2.89,2.89,7906,2022-01-25 17:58:00,MVIS
2.895,2.895,2.885,2.8931,12866,2022-01-25 17:59:00,MVIS
2.8999,2.8999,2.885,2.8899,4837,2022-01-25 18:00:00,MVIS
2.885,2.8899,2.875,2.875,7764,2022-01-25 18:01:00,MVIS
2.8701,2.885,2.8701,2.88,13006,2022-01-25 18:02:00,MVIS
2.88,2.89,2.88,2.88,13693,2022-01-25 18:03:00,MVIS
2.88,2.895,2.88,2.89,14343,2022-01-25 18:04:00,MVIS
2.885,2.8995,2.885,2.8995,25351,2022-01-25 18:06:00,MVIS
2.895,2.895,2.88,2.889,17107,2022-01-25 18:07:00,MVIS
2.88,2.8886,2.88,2.8886,3804,2022-01-25 18:08:00,MVIS
2.89,2.89,2.8817,2.8817,2080,2022-01-25 18:09:00,MVIS
2.8887,2.9,2.8887,2.9,4665,2022-01-25 18:10:00,MVIS
2.8979,2.8979,2.8979,2.8979,100,2022-01-25 18:11:00,MVIS
2.9,2.91,2.9,2.905,9809,2022-01-25 18:12:00,MVIS
2.91,2.91,2.9046,2.91,1802,2022-01-25 18:13:00,MVIS
2.905,2.905,2.9,2.905,3350,2022-01-25 18:14:00,MVIS
2.9,2.915,2.9,2.915,2606,2022-01-25 18:15:00,MVIS
2.9199,2.92,2.915,2.92,2714,2022-01-25 18:16:00,MVIS
2.915,2.92,2.915,2.92,5379,2022-01-25 18:17:00,MVIS
2.925,2.93,2.92,2.925,1478,2022-01-25 18:18:00,MVIS
2.925,2.93,2.925,2.925,1544,2022-01-25 18:19:00,MVIS
2.925,2.9277,2.915,2.915,5866,2022-01-25 18:20:00,MVIS
2.9109,2.9109,2.9101,2.9101,883,2022-01-25 18:21:00,MVIS
2.915,2.915,2.91,2.915,525,2022-01-25 18:22:00,MVIS
2.91,2.91,2.91,2.91,2652,2022-01-25 18:23:00,MVIS
2.9187,2.9187,2.915,2.915,900,2022-01-25 18:24:00,MVIS
2.91,2.945,2.905,2.94,27623,2022-01-25 18:25:00,MVIS
2.935,2.94,2.935,2.94,1251,2022-01-25 18:26:00,MVIS
2.94,2.94,2.9371,2.9371,1100,2022-01-25 18:27:00,MVIS
2.94,2.9486,2.94,2.945,5779,2022-01-25 18:28:00,MVIS
2.945,2.945,2.94,2.945,14600,2022-01-25 18:29:00,MVIS
2.94,2.945,2.93,2.93,5751,2022-01-25 18:30:00,MVIS
2.93,2.95,2.93,2.95,35380,2022-01-25 18:31:00,MVIS
2.945,2.95,2.945,2.95,1735,2022-01-25 18:32:00,MVIS
2.945,2.95,2.94,2.945,11958,2022-01-25 18:33:00,MVIS
2.945,2.95,2.94,2.9414,8371,2022-01-25 18:34:00,MVIS
2.95,2.95,2.935,2.94,6663,2022-01-25 18:35:00,MVIS
2.935,2.94,2.93,2.935,4636,2022-01-25 18:36:00,MVIS
2.94,2.95,2.935,2.94,15934,2022-01-25 18:37:00,MVIS
2.935,2.95,2.935,2.95,9256,2022-01-25 18:38:00,MVIS
2.945,2.96,2.945,2.96,29610,2022-01-25 18:39:00,MVIS
2.95,2.955,2.95,2.95,2000,2022-01-25 18:40:00,MVIS
2.955,2.955,2.945,2.95,3550,2022-01-25 18:41:00,MVIS
2.95,2.95,2.9408,2.95,400,2022-01-25 18:42:00,MVIS
2.95,2.95,2.945,2.945,900,2022-01-25 18:43:00,MVIS
2.94,2.94,2.93,2.935,4890,2022-01-25 18:44:00,MVIS
2.94,2.9499,2.93,2.9499,8162,2022-01-25 18:45:00,MVIS
2.945,2.9483,2.94,2.94,10829,2022-01-25 18:46:00,MVIS
2.935,2.94,2.935,2.935,9234,2022-01-25 18:47:00,MVIS
2.94,2.94,2.935,2.935,1811,2022-01-25 18:48:00,MVIS
2.935,2.95,2.935,2.9414,8475,2022-01-25 18:49:00,MVIS
2.95,2.955,2.95,2.955,3100,2022-01-25 18:50:00,MVIS
2.955,2.955,2.955,2.955,450,2022-01-25 18:51:00,MVIS
2.9584,2.97,2.955,2.965,29518,2022-01-25 18:52:00,MVIS
2.97,2.98,2.965,2.98,16600,2022-01-25 18:53:00,MVIS
2.98,2.985,2.975,2.985,3918,2022-01-25 18:54:00,MVIS
2.98,2.99,2.98,2.985,5203,2022-01-25 18:55:00,MVIS
2.985,2.99,2.98,2.985,10100,2022-01-25 18:56:00,MVIS
2.9899,2.9899,2.985,2.985,1600,2022-01-25 18:57:00,MVIS
2.985,2.99,2.98,2.9821,1730,2022-01-25 18:58:00,MVIS
2.9802,2.99,2.98,2.982,4840,2022-01-25 18:59:00,MVIS
2.985,2.99,2.9817,2.985,1864,2022-01-25 19:00:00,MVIS
2.985,2.985,2.98,2.98,1954,2022-01-25 19:01:00,MVIS
2.9801,2.985,2.97,2.975,12120,2022-01-25 19:02:00,MVIS
2.97,2.97,2.955,2.965,30877,2022-01-25 19:03:00,MVIS
2.97,2.975,2.965,2.975,15445,2022-01-25 19:04:00,MVIS
2.9701,2.9701,2.96,2.96,1600,2022-01-25 19:05:00,MVIS
2.96,2.965,2.96,2.96,1120,2022-01-25 19:06:00,MVIS
2.97,2.975,2.96,2.97,21446,2022-01-25 19:07:00,MVIS
2.98,2.99,2.975,2.985,21785,2022-01-25 19:08:00,MVIS
2.985,2.985,2.975,2.975,3353,2022-01-25 19:09:00,MVIS
2.9701,2.98,2.9701,2.975,300,2022-01-25 19:10:00,MVIS
2.9786,2.98,2.97,2.975,4150,2022-01-25 19:11:00,MVIS
2.9792,2.99,2.9701,2.99,5831,2022-01-25 19:12:00,MVIS
2.985,3.0,2.985,3.0,29653,2022-01-25 19:13:00,MVIS
2.995,3.01,2.995,3.005,5959,2022-01-25 19:14:00,MVIS
3.0015,3.01,3.0015,3.01,2400,2022-01-25 19:15:00,MVIS
3.01,3.01,3.0,3.01,3029,2022-01-25 19:16:00,MVIS
3.01,3.01,3.005,3.0099,2500,2022-01-25 19:17:00,MVIS
3.0016,3.0199,3.0016,3.015,8300,2022-01-25 19:18:00,MVIS
3.02,3.02,3.0118,3.015,2658,2022-01-25 19:19:00,MVIS
3.02,3.02,3.0118,3.02,7300,2022-01-25 19:20:00,MVIS
3.03,3.04,3.03,3.0339,16252,2022-01-25 19:21:00,MVIS
3.035,3.04,3.0338,3.04,4325,2022-01-25 19:22:00,MVIS
3.04,3.05,3.0395,3.0465,5668,2022-01-25 19:23:00,MVIS
3.045,3.05,3.04,3.0422,7498,2022-01-25 19:24:00,MVIS
3.045,3.045,3.0301,3.04,28491,2022-01-25 19:25:00,MVIS
3.0301,3.06,3.03,3.06,15382,2022-01-25 19:26:00,MVIS
3.06,3.065,3.055,3.06,29414,2022-01-25 19:27:00,MVIS
3.06,3.06,3.055,3.06,35553,2022-01-25 19:28:00,MVIS
3.057,3.07,3.057,3.07,30474,2022-01-25 19:29:00,MVIS
3.065,3.07,3.065,3.065,2044,2022-01-25 19:30:00,MVIS
3.065,3.065,3.065,3.065,500,2022-01-25 19:31:00,MVIS
3.065,3.07,3.06,3.065,32328,2022-01-25 19:32:00,MVIS
3.07,3.07,3.03,3.04,31102,2022-01-25 19:33:00,MVIS
3.035,3.035,3.01,3.0144,18840,2022-01-25 19:34:00,MVIS
3.02,3.02,3.02,3.02,3700,2022-01-25 19:35:00,MVIS
3.025,3.03,3.025,3.025,932,2022-01-25 19:36:00,MVIS
3.03,3.04,3.03,3.04,10862,2022-01-25 19:37:00,MVIS
3.04,3.04,3.035,3.035,1925,2022-01-25 19:38:00,MVIS
3.035,3.04,3.035,3.04,2400,2022-01-25 19:39:00,MVIS
3.04,3.05,3.04,3.05,5430,2022-01-25 19:40:00,MVIS
3.0547,3.06,3.05,3.055,4517,2022-01-25 19:41:00,MVIS
3.0588,3.08,3.055,3.0799,32715,2022-01-25 19:42:00,MVIS
3.075,3.08,3.075,3.075,13844,2022-01-25 19:43:00,MVIS
3.08,3.09,3.0701,3.09,41305,2022-01-25 19:44:00,MVIS
3.09,3.09,3.081,3.0894,39139,2022-01-25 19:45:00,MVIS
3.085,3.0885,3.08,3.0885,22656,2022-01-25 19:46:00,MVIS
3.085,3.0899,3.08,3.0899,11442,2022-01-25 19:47:00,MVIS
3.085,3.09,3.08,3.085,4221,2022-01-25 19:48:00,MVIS
3.0891,3.0891,3.0599,3.0599,12026,2022-01-25 19:49:00,MVIS
3.06,3.07,3.055,3.06,13589,2022-01-25 19:50:00,MVIS
3.065,3.07,3.06,3.065,2225,2022-01-25 19:51:00,MVIS
3.065,3.079,3.065,3.075,4397,2022-01-25 19:52:00,MVIS
3.07,3.0793,3.0698,3.0793,12899,2022-01-25 19:53:00,MVIS
3.08,3.08,3.08,3.08,2729,2022-01-25 19:54:00,MVIS
3.085,3.09,3.07,3.085,23399,2022-01-25 19:55:00,MVIS
3.09,3.09,3.085,3.085,900,2022-01-25 19:56:00,MVIS
3.085,3.095,3.0815,3.0886,5920,2022-01-25 19:57:00,MVIS
3.085,3.09,3.085,3.09,2693,2022-01-25 19:58:00,MVIS
3.09,3.09,3.085,3.085,497,2022-01-25 19:59:00,MVIS
3.09,3.11,3.0801,3.09,27948,2022-01-25 20:00:00,MVIS
3.0886,3.0886,3.0609,3.0609,39729,2022-01-25 20:01:00,MVIS
3.06,3.06,3.05,3.055,5901,2022-01-25 20:02:00,MVIS
3.055,3.06,3.05,3.055,6832,2022-01-25 20:03:00,MVIS
3.05,3.05,3.045,3.0493,1245,2022-01-25 20:04:00,MVIS
3.04,3.045,3.0301,3.0301,17460,2022-01-25 20:05:00,MVIS
3.035,3.035,3.02,3.0299,14131,2022-01-25 20:06:00,MVIS
3.02,3.02,3.0101,3.0101,13937,2022-01-25 20:07:00,MVIS
3.015,3.02,3.015,3.015,18280,2022-01-25 20:08:00,MVIS
3.01,3.02,3.01,3.0125,6473,2022-01-25 20:09:00,MVIS
3.0136,3.0136,3.0,3.005,4198,2022-01-25 20:10:00,MVIS
3.01,3.02,3.005,3.015,28772,2022-01-25 20:11:00,MVIS
3.02,3.025,3.015,3.015,30989,2022-01-25 20:12:00,MVIS
3.0199,3.02,3.01,3.0182,7151,2022-01-25 20:13:00,MVIS
3.0101,3.015,3.01,3.015,12222,2022-01-25 20:14:00,MVIS
3.015,3.05,3.015,3.05,47373,2022-01-25 20:15:00,MVIS
3.0418,3.0454,3.04,3.0454,4800,2022-01-25 20:16:00,MVIS
3.045,3.07,3.045,3.06,17000,2022-01-25 20:17:00,MVIS
3.06,3.07,3.06,3.065,726,2022-01-25 20:18:00,MVIS
3.065,3.065,3.055,3.065,8822,2022-01-25 20:19:00,MVIS
3.065,3.07,3.055,3.055,6022,2022-01-25 20:20:00,MVIS
3.055,3.055,3.04,3.05,4315,2022-01-25 20:21:00,MVIS
3.0499,3.0499,3.04,3.04,22000,2022-01-25 20:22:00,MVIS
3.031,3.035,3.02,3.025,95398,2022-01-25 20:23:00,MVIS
3.025,3.03,3.015,3.015,31075,2022-01-25 20:24:00,MVIS
3.01,3.01,3.0,3.005,1497,2022-01-25 20:25:00,MVIS
3.0,3.0099,3.0,3.0,1130,2022-01-25 20:26:00,MVIS
3.0,3.01,3.0,3.01,6871,2022-01-25 20:27:00,MVIS
3.0,3.005,2.985,2.985,18269,2022-01-25 20:28:00,MVIS
2.99,3.0,2.985,2.995,56428,2022-01-25 20:29:00,MVIS
2.99,2.995,2.98,2.98,13557,2022-01-25 20:30:00,MVIS
2.98,3.0,2.975,3.0,33693,2022-01-25 20:31:00,MVIS
3.0,3.025,3.0,3.015,16995,2022-01-25 20:32:00,MVIS
3.015,3.02,3.015,3.015,2200,2022-01-25 20:33:00,MVIS
3.015,3.02,3.015,3.02,13340,2022-01-25 20:34:00,MVIS
3.02,3.03,3.02,3.03,1223,2022-01-25 20:35:00,MVIS
3.02,3.03,3.01,3.015,5700,2022-01-25 20:36:00,MVIS
3.015,3.025,3.01,3.025,10490,2022-01-25 20:37:00,MVIS
3.03,3.04,3.03,3.035,7657,2022-01-25 20:38:00,MVIS
3.035,3.04,3.035,3.04,2939,2022-01-25 20:39:00,MVIS
3.04,3.05,3.0399,3.045,6554,2022-01-25 20:40:00,MVIS
3.04,3.05,3.04,3.045,11272,2022-01-25 20:41:00,MVIS
3.04,3.04,3.03,3.035,4912,2022-01-25 20:42:00,MVIS
3.03,3.035,3.015,3.03,27055,2022-01-25 20:43:00,MVIS
3.03,3.03,3.025,3.025,7296,2022-01-25 20:44:00,MVIS
3.025,3.035,3.025,3.035,3063,2022-01-25 20:45:00,MVIS
3.035,3.04,3.03,3.035,6255,2022-01-25 20:46:00,MVIS
3.035,3.05,3.035,3.045,17326,2022-01-25 20:47:00,MVIS
3.045,3.05,3.03,3.0386,14595,2022-01-25 20:48:00,MVIS
3.03,3.03,3.02,3.02,8270,2022-01-25 20:49:00,MVIS
3.02,3.0283,3.005,3.01,35486,2022-01-25 20:50:00,MVIS
3.015,3.02,3.005,3.005,5112,2022-01-25 20:51:00,MVIS
3.005,3.01,3.0,3.005,2800,2022-01-25 20:52:00,MVIS
3.0,3.0099,2.99,2.99,16863,2022-01-25 20:53:00,MVIS
2.995,3.0,2.99,2.99,3482,2022-01-25 20:54:00,MVIS
2.99,2.9983,2.98,2.985,20793,2022-01-25 20:55:00,MVIS
2.985,3.0,2.985,2.995,33260,2022-01-25 20:56:00,MVIS
2.995,3.0,2.99,2.99,22060,2022-01-25 20:57:00,MVIS
2.99,3.0,2.99,3.0,11545,2022-01-25 20:58:00,MVIS
2.99,3.0,2.99,3.0,22318,2022-01-25 20:59:00,MVIS
3.0,3.0,3.0,3.0,48506,2022-01-25 21:00:00,MVIS
3.0,3.0,3.0,3.0,2331,2022-01-25 21:01:00,MVIS
3.03,3.03,3.03,3.03,335,2022-01-25 21:02:00,MVIS
3.0,3.0,3.0,3.0,100,2022-01-25 21:07:00,MVIS
3.01,3.01,3.01,3.01,295,2022-01-25 21:08:00,MVIS
2.95,2.95,2.95,2.95,120,2022-01-25 21:18:00,MVIS
3.0,3.0,2.98,2.98,1600,2022-01-25 21:20:00,MVIS
2.96,3.0,2.96,3.0,1568,2022-01-25 21:21:00,MVIS
2.99,2.99,2.99,2.99,425,2022-01-25 21:28:00,MVIS
2.99,2.99,2.99,2.99,100,2022-01-25 21:30:00,MVIS
2.98,2.98,2.98,2.98,100,2022-01-25 21:36:00,MVIS
2.95,2.95,2.95,2.95,100,2022-01-25 21:38:00,MVIS
2.95,2.99,2.95,2.99,700,2022-01-25 21:45:00,MVIS
2.95,2.95,2.94,2.94,989,2022-01-25 21:49:00,MVIS
2.94,2.94,2.94,2.94,200,2022-01-25 21:52:00,MVIS
2.94,2.94,2.94,2.94,100,2022-01-25 22:02:00,MVIS
2.96,2.96,2.96,2.96,100,2022-01-25 22:12:00,MVIS
2.96,2.96,2.96,2.96,113,2022-01-25 22:19:00,MVIS
2.99,2.99,2.99,2.99,211,2022-01-25 22:36:00,MVIS
2.99,2.99,2.99,2.99,337,2022-01-25 22:54:00,MVIS
2.95,2.95,2.95,2.95,400,2022-01-25 23:25:00,MVIS
3.0,3.0,3.0,3.0,100,2022-01-26 00:26:00,MVIS
3.0,3.0,3.0,3.0,890,2022-01-26 00:27:00,MVIS
3.0,3.0,3.0,3.0,369,2022-01-26 00:34:00,MVIS
3.01,3.01,3.01,3.01,498,2022-01-26 00:36:00,MVIS
3.1,3.1,3.1,3.1,863,2022-01-26 09:15:00,MVIS
3.14,3.14,3.14,3.14,117,2022-01-26 12:00:00,MVIS
3.09,3.09,3.09,3.09,349,2022-01-26 12:53:00,MVIS
3.1,3.1,3.1,3.1,127,2022-01-26 13:04:00,MVIS
3.1,3.1,3.1,3.1,4100,2022-01-26 13:05:00,MVIS
3.1,3.1,3.1,3.1,300,2022-01-26 13:06:00,MVIS
3.06,3.06,3.06,3.06,200,2022-01-26 13:09:00,MVIS
3.06,3.06,3.06,3.06,1000,2022-01-26 13:10:00,MVIS
3.05,3.05,3.04,3.04,720,2022-01-26 13:12:00,MVIS
3.06,3.06,3.06,3.06,1000,2022-01-26 13:13:00,MVIS
3.07,3.07,3.07,3.07,270,2022-01-26 13:15:00,MVIS
3.1,3.1,3.1,3.1,8737,2022-01-26 13:18:00,MVIS
3.08,3.08,3.08,3.08,140,2022-01-26 13:19:00,MVIS
3.08,3.08,3.08,3.08,230,2022-01-26 13:20:00,MVIS
3.08,3.08,3.08,3.08,100,2022-01-26 13:39:00,MVIS
3.07,3.07,3.06,3.06,5796,2022-01-26 13:57:00,MVIS
3.1,3.1,3.1,3.1,324,2022-01-26 14:06:00,MVIS
3.1,3.1,3.1,3.1,2242,2022-01-26 14:08:00,MVIS
3.09,3.09,3.09,3.09,100,2022-01-26 14:09:00,MVIS
3.08,3.08,3.08,3.08,2000,2022-01-26 14:11:00,MVIS
3.1,3.1,3.1,3.1,1369,2022-01-26 14:12:00,MVIS
3.08,3.1,3.08,3.1,500,2022-01-26 14:14:00,MVIS
3.1,3.1,3.0999,3.0999,1250,2022-01-26 14:16:00,MVIS
3.08,3.08,3.08,3.08,144,2022-01-26 14:17:00,MVIS
3.09,3.09,3.08,3.08,500,2022-01-26 14:22:00,MVIS
3.1,3.1,3.08,3.08,325,2022-01-26 14:23:00,MVIS
3.09,3.09,3.08,3.08,1400,2022-01-26 14:24:00,MVIS
3.1,3.1493,3.08,3.08,4547,2022-01-26 14:25:00,MVIS
3.15,3.15,3.15,3.15,100,2022-01-26 14:26:00,MVIS
3.14,3.2,3.1201,3.1908,93069,2022-01-26 14:30:00,MVIS
3.2,3.2,3.14,3.14,35875,2022-01-26 14:31:00,MVIS
3.14,3.17,3.13,3.1642,12400,2022-01-26 14:32:00,MVIS
3.16,3.17,3.16,3.16,22970,2022-01-26 14:33:00,MVIS
3.165,3.17,3.15,3.16,15909,2022-01-26 14:34:00,MVIS
3.155,3.17,3.13,3.165,52750,2022-01-26 14:35:00,MVIS
3.16,3.16,3.135,3.135,15412,2022-01-26 14:36:00,MVIS
3.145,3.15,3.13,3.14,18950,2022-01-26 14:37:00,MVIS
3.13,3.15,3.13,3.1394,31910,2022-01-26 14:38:00,MVIS
3.14,3.1495,3.13,3.135,16320,2022-01-26 14:39:00,MVIS
3.133,3.135,3.13,3.135,10875,2022-01-26 14:40:00,MVIS
3.135,3.159,3.135,3.159,3241,2022-01-26 14:41:00,MVIS
3.145,3.15,3.14,3.15,1199,2022-01-26 14:42:00,MVIS
3.1411,3.15,3.13,3.135,22802,2022-01-26 14:43:00,MVIS
3.13,3.1379,3.12,3.125,6056,2022-01-26 14:44:00,MVIS
3.125,3.14,3.125,3.135,7236,2022-01-26 14:45:00,MVIS
3.135,3.155,3.135,3.155,17247,2022-01-26 14:46:00,MVIS
3.16,3.165,3.15,3.16,25087,2022-01-26 14:47:00,MVIS
3.16,3.18,3.16,3.175,11162,2022-01-26 14:48:00,MVIS
3.18,3.18,3.17,3.179,17010,2022-01-26 14:49:00,MVIS
3.1708,3.1708,3.14,3.14,132269,2022-01-26 14:50:00,MVIS
3.145,3.15,3.14,3.15,4435,2022-01-26 14:51:00,MVIS
3.1471,3.1471,3.14,3.145,5113,2022-01-26 14:52:00,MVIS
3.145,3.17,3.145,3.17,10912,2022-01-26 14:53:00,MVIS
3.17,3.17,3.1647,3.17,7040,2022-01-26 14:54:00,MVIS
3.16,3.17,3.16,3.16,5629,2022-01-26 14:55:00,MVIS
3.17,3.18,3.165,3.18,6646,2022-01-26 14:56:00,MVIS
3.1734,3.18,3.17,3.18,23135,2022-01-26 14:57:00,MVIS
3.1794,3.18,3.1705,3.1705,2957,2022-01-26 14:58:00,MVIS
3.18,3.18,3.17,3.175,2269,2022-01-26 14:59:00,MVIS
3.175,3.19,3.175,3.19,6190,2022-01-26 15:00:00,MVIS
3.1889,3.2,3.182,3.195,7190,2022-01-26 15:01:00,MVIS
3.195,3.21,3.19,3.21,35227,2022-01-26 15:02:00,MVIS
3.21,3.24,3.205,3.24,24493,2022-01-26 15:03:00,MVIS
3.24,3.24,3.22,3.22,15676,2022-01-26 15:04:00,MVIS
3.21,3.22,3.21,3.2117,7762,2022-01-26 15:05:00,MVIS
3.2185,3.22,3.21,3.215,13440,2022-01-26 15:06:00,MVIS
3.2196,3.22,3.205,3.205,7954,2022-01-26 15:07:00,MVIS
3.21,3.21,3.2001,3.205,12648,2022-01-26 15:08:00,MVIS
3.2,3.22,3.2,3.22,24354,2022-01-26 15:09:00,MVIS
3.22,3.22,3.21,3.22,5959,2022-01-26 15:10:00,MVIS
3.22,3.22,3.215,3.215,7677,2022-01-26 15:11:00,MVIS
3.215,3.2284,3.2105,3.215,22711,2022-01-26 15:12:00,MVIS
3.2186,3.22,3.2,3.205,20877,2022-01-26 15:13:00,MVIS
3.205,3.2065,3.195,3.205,31650,2022-01-26 15:14:00,MVIS
3.2089,3.21,3.19,3.19,12194,2022-01-26 15:15:00,MVIS
3.19,3.195,3.185,3.1887,6000,2022-01-26 15:16:00,MVIS
3.1872,3.21,3.1872,3.205,13350,2022-01-26 15:17:00,MVIS
3.2,3.205,3.2,3.2,5405,2022-01-26 15:18:00,MVIS
3.21,3.21,3.2,3.2099,36500,2022-01-26 15:19:00,MVIS
3.205,3.22,3.205,3.21,15823,2022-01-26 15:20:00,MVIS
3.2086,3.2086,3.2,3.2,5625,2022-01-26 15:21:00,MVIS
3.2,3.2,3.18,3.1808,9041,2022-01-26 15:22:00,MVIS
3.1804,3.1804,3.17,3.17,15071,2022-01-26 15:23:00,MVIS
3.17,3.17,3.15,3.155,16362,2022-01-26 15:24:00,MVIS
3.155,3.155,3.1401,3.15,16113,2022-01-26 15:25:00,MVIS
3.15,3.165,3.145,3.155,17438,2022-01-26 15:26:00,MVIS
3.16,3.165,3.15,3.15,8764,2022-01-26 15:27:00,MVIS
3.15,3.15,3.14,3.14,1500,2022-01-26 15:28:00,MVIS
3.14,3.14,3.13,3.13,25155,2022-01-26 15:29:00,MVIS
3.13,3.1389,3.12,3.12,11518,2022-01-26 15:30:00,MVIS
3.12,3.13,3.12,3.1288,7486,2022-01-26 15:31:00,MVIS
3.13,3.14,3.1213,3.135,26427,2022-01-26 15:32:00,MVIS
3.13,3.14,3.13,3.1392,8710,2022-01-26 15:33:00,MVIS
3.139,3.14,3.13,3.13,6215,2022-01-26 15:34:00,MVIS
3.135,3.135,3.1287,3.1305,10948,2022-01-26 15:35:00,MVIS
3.1306,3.14,3.125,3.13,24237,2022-01-26 15:36:00,MVIS
3.14,3.14,3.13,3.135,4432,2022-01-26 15:37:00,MVIS
3.135,3.14,3.13,3.135,6823,2022-01-26 15:38:00,MVIS
3.1387,3.1387,3.125,3.1285,5254,2022-01-26 15:39:00,MVIS
3.12,3.1299,3.11,3.11,2855,2022-01-26 15:40:00,MVIS
3.11,3.12,3.11,3.11,11128,2022-01-26 15:41:00,MVIS
3.11,3.12,3.105,3.11,8456,2022-01-26 15:42:00,MVIS
3.105,3.1072,3.09,3.09,18819,2022-01-26 15:43:00,MVIS
3.09,3.09,3.08,3.085,13900,2022-01-26 15:44:00,MVIS
3.08,3.09,3.07,3.075,11580,2022-01-26 15:45:00,MVIS
3.08,3.08,3.07,3.0708,5850,2022-01-26 15:46:00,MVIS
3.07,3.07,3.06,3.062,2068,2022-01-26 15:47:00,MVIS
3.061,3.07,3.06,3.07,4425,2022-01-26 15:48:00,MVIS
3.065,3.065,3.06,3.06,1928,2022-01-26 15:49:00,MVIS
3.0601,3.08,3.0601,3.08,15578,2022-01-26 15:50:00,MVIS
3.07,3.08,3.07,3.0799,4737,2022-01-26 15:51:00,MVIS
3.0786,3.0793,3.07,3.07,8240,2022-01-26 15:52:00,MVIS
3.07,3.0784,3.07,3.07,6663,2022-01-26 15:53:00,MVIS
3.08,3.08,3.06,3.06,2650,2022-01-26 15:54:00,MVIS
3.06,3.07,3.06,3.07,5981,2022-01-26 15:55:00,MVIS
3.08,3.1,3.08,3.09,20732,2022-01-26 15:56:00,MVIS
3.09,3.1,3.09,3.09,4290,2022-01-26 15:57:00,MVIS
3.095,3.095,3.08,3.08,3901,2022-01-26 15:58:00,MVIS
3.085,3.085,3.08,3.085,1035,2022-01-26 15:59:00,MVIS
3.08,3.085,3.075,3.08,27023,2022-01-26 16:00:00,MVIS
3.08,3.0899,3.08,3.0899,3000,2022-01-26 16:01:00,MVIS
3.08,3.085,3.08,3.0809,1349,2022-01-26 16:02:00,MVIS
3.08,3.0801,3.065,3.065,11816,2022-01-26 16:03:00,MVIS
3.06,3.065,3.06,3.06,9211,2022-01-26 16:04:00,MVIS
3.065,3.08,3.065,3.0788,20503,2022-01-26 16:05:00,MVIS
3.08,3.095,3.08,3.0946,7872,2022-01-26 16:06:00,MVIS
3.09,3.09,3.08,3.0883,14916,2022-01-26 16:07:00,MVIS
3.0889,3.0889,3.08,3.0879,6759,2022-01-26 16:08:00,MVIS
3.085,3.1,3.085,3.095,10884,2022-01-26 16:09:00,MVIS
3.095,3.1,3.09,3.1,15307,2022-01-26 16:10:00,MVIS
3.1,3.1092,3.0918,3.1086,11678,2022-01-26 16:11:00,MVIS
3.1001,3.105,3.1001,3.105,750,2022-01-26 16:12:00,MVIS
3.1089,3.11,3.105,3.1089,2467,2022-01-26 16:13:00,MVIS
3.11,3.11,3.1076,3.1076,12072,2022-01-26 16:14:00,MVIS
3.11,3.11,3.105,3.11,1543,2022-01-26 16:15:00,MVIS
3.1094,3.118,3.105,3.1105,9026,2022-01-26 16:16:00,MVIS
3.11,3.11,3.105,3.105,6313,2022-01-26 16:17:00,MVIS
3.1,3.11,3.1,3.11,200,2022-01-26 16:18:00,MVIS
3.1079,3.11,3.1,3.11,1093,2022-01-26 16:19:00,MVIS
3.105,3.11,3.1,3.1,400,2022-01-26 16:20:00,MVIS
3.1,3.1079,3.1,3.1079,600,2022-01-26 16:21:00,MVIS
3.1,3.12,3.1,3.12,8548,2022-01-26 16:22:00,MVIS
3.12,3.12,3.12,3.12,1800,2022-01-26 16:23:00,MVIS
3.12,3.1283,3.12,3.12,668,2022-01-26 16:24:00,MVIS
3.125,3.125,3.12,3.125,650,2022-01-26 16:25:00,MVIS
3.128,3.128,3.12,3.12,460,2022-01-26 16:26:00,MVIS
3.12,3.12,3.11,3.1101,9843,2022-01-26 16:27:00,MVIS
3.12,3.12,3.11,3.115,2350,2022-01-26 16:28:00,MVIS
3.11,3.115,3.11,3.115,852,2022-01-26 16:29:00,MVIS
3.1166,3.1166,3.11,3.11,2146,2022-01-26 16:30:00,MVIS
3.11,3.13,3.11,3.125,16463,2022-01-26 16:31:00,MVIS
3.128,3.1285,3.1213,3.125,1700,2022-01-26 16:32:00,MVIS
3.12,3.125,3.12,3.12,14801,2022-01-26 16:33:00,MVIS
3.11,3.11,3.1,3.1,3378,2022-01-26 16:34:00,MVIS
3.11,3.115,3.1086,3.115,8102,2022-01-26 16:35:00,MVIS
3.11,3.11,3.1082,3.1082,1300,2022-01-26 16:36:00,MVIS
3.1,3.1,3.1,3.1,100,2022-01-26 16:37:00,MVIS
3.105,3.1099,3.1018,3.105,843,2022-01-26 16:38:00,MVIS
3.1,3.11,3.1,3.11,2270,2022-01-26 16:39:00,MVIS
3.115,3.12,3.11,3.1189,2558,2022-01-26 16:40:00,MVIS
3.12,3.14,3.12,3.14,9423,2022-01-26 16:41:00,MVIS
3.14,3.15,3.13,3.15,18209,2022-01-26 16:42:00,MVIS
3.1595,3.1595,3.15,3.15,661,2022-01-26 16:43:00,MVIS
3.15,3.1565,3.15,3.15,1441,2022-01-26 16:44:00,MVIS
3.1592,3.1592,3.125,3.13,24748,2022-01-26 16:45:00,MVIS
3.13,3.13,3.1284,3.1284,655,2022-01-26 16:46:00,MVIS
3.125,3.125,3.12,3.12,950,2022-01-26 16:47:00,MVIS
3.13,3.13,3.125,3.13,2046,2022-01-26 16:48:00,MVIS
3.12,3.13,3.12,3.13,15692,2022-01-26 16:49:00,MVIS
3.13,3.13,3.124,3.124,4926,2022-01-26 16:50:00,MVIS
3.1217,3.1217,3.12,3.12,2405,2022-01-26 16:51:00,MVIS
3.1199,3.125,3.1197,3.125,6641,2022-01-26 16:52:00,MVIS
3.13,3.13,3.125,3.125,500,2022-01-26 16:53:00,MVIS
3.13,3.14,3.13,3.1382,1950,2022-01-26 16:54:00,MVIS
3.1391,3.1398,3.13,3.1398,5459,2022-01-26 16:55:00,MVIS
3.13,3.135,3.13,3.135,10653,2022-01-26 16:56:00,MVIS
3.1398,3.1398,3.13,3.13,2500,2022-01-26 16:57:00,MVIS
3.1301,3.145,3.13,3.145,10920,2022-01-26 16:58:00,MVIS
3.14,3.15,3.14,3.145,29529,2022-01-26 16:59:00,MVIS
3.15,3.16,3.15,3.15,27271,2022-01-26 17:00:00,MVIS
3.1581,3.1581,3.155,3.155,318,2022-01-26 17:01:00,MVIS
3.1596,3.161,3.1514,3.161,12900,2022-01-26 17:02:00,MVIS
3.165,3.17,3.1599,3.1599,11528,2022-01-26 17:03:00,MVIS
3.16,3.17,3.16,3.17,5456,2022-01-26 17:04:00,MVIS
3.17,3.18,3.17,3.1799,9534,2022-01-26 17:05:00,MVIS
3.185,3.195,3.18,3.185,26802,2022-01-26 17:06:00,MVIS
3.1865,3.1885,3.18,3.185,2134,2022-01-26 17:07:00,MVIS
3.185,3.1886,3.18,3.18,1600,2022-01-26 17:08:00,MVIS
3.184,3.1881,3.184,3.185,1625,2022-01-26 17:09:00,MVIS
3.18,3.19,3.18,3.185,17052,2022-01-26 17:10:00,MVIS
3.19,3.195,3.175,3.195,16512,2022-01-26 17:11:00,MVIS
3.1918,3.205,3.1918,3.2,26692,2022-01-26 17:12:00,MVIS
3.1901,3.2,3.1901,3.195,4307,2022-01-26 17:13:00,MVIS
3.195,3.195,3.18,3.185,26915,2022-01-26 17:14:00,MVIS
3.18,3.1883,3.18,3.1881,900,2022-01-26 17:15:00,MVIS
3.1882,3.1882,3.18,3.185,3215,2022-01-26 17:16:00,MVIS
3.1882,3.195,3.1803,3.1916,17976,2022-01-26 17:17:00,MVIS
3.1999,3.1999,3.19,3.1953,20549,2022-01-26 17:18:00,MVIS
3.1961,3.1961,3.18,3.18,4459,2022-01-26 17:19:00,MVIS
3.1899,3.1899,3.18,3.18,2000,2022-01-26 17:20:00,MVIS
3.18,3.18,3.175,3.175,5236,2022-01-26 17:21:00,MVIS
3.1781,3.1781,3.1781,3.1781,100,2022-01-26 17:22:00,MVIS
3.1798,3.1798,3.17,3.1786,1000,2022-01-26 17:23:00,MVIS
3.17,3.175,3.17,3.175,8688,2022-01-26 17:24:00,MVIS
3.17,3.175,3.17,3.175,7400,2022-01-26 17:25:00,MVIS
3.17,3.1753,3.17,3.17,1300,2022-01-26 17:26:00,MVIS
3.17,3.175,3.17,3.175,3414,2022-01-26 17:27:00,MVIS
3.18,3.185,3.175,3.185,11026,2022-01-26 17:28:00,MVIS
3.1899,3.19,3.18,3.1885,3280,2022-01-26 17:29:00,MVIS
3.182,3.19,3.182,3.1885,3071,2022-01-26 17:30:00,MVIS
3.18,3.19,3.18,3.18,24095,2022-01-26 17:31:00,MVIS
3.18,3.1894,3.18,3.18,14335,2022-01-26 17:32:00,MVIS
3.185,3.185,3.185,3.185,100,2022-01-26 17:33:00,MVIS
3.1882,3.1882,3.1811,3.1811,1080,2022-01-26 17:34:00,MVIS
3.185,3.1947,3.18,3.1947,24507,2022-01-26 17:35:00,MVIS
3.195,3.205,3.195,3.205,46516,2022-01-26 17:36:00,MVIS
3.2099,3.21,3.205,3.2098,2427,2022-01-26 17:37:00,MVIS
3.2089,3.21,3.2,3.2,29573,2022-01-26 17:38:00,MVIS
3.21,3.22,3.205,3.215,13806,2022-01-26 17:39:00,MVIS
3.215,3.225,3.2117,3.215,48846,2022-01-26 17:40:00,MVIS
3.22,3.22,3.215,3.22,999,2022-01-26 17:41:00,MVIS
3.22,3.24,3.215,3.24,69253,2022-01-26 17:42:00,MVIS
3.2344,3.25,3.23,3.2401,47879,2022-01-26 17:43:00,MVIS
3.24,3.24,3.2316,3.235,9071,2022-01-26 17:44:00,MVIS
3.2303,3.235,3.2303,3.235,1600,2022-01-26 17:45:00,MVIS
3.235,3.2382,3.23,3.2382,1650,2022-01-26 17:46:00,MVIS
3.2382,3.25,3.235,3.242,22498,2022-01-26 17:47:00,MVIS
3.24,3.245,3.23,3.2302,41854,2022-01-26 17:48:00,MVIS
3.235,3.245,3.235,3.245,23135,2022-01-26 17:49:00,MVIS
3.245,3.2481,3.24,3.245,3200,2022-01-26 17:50:00,MVIS
3.25,3.25,3.2419,3.2419,1370,2022-01-26 17:51:00,MVIS
3.24,3.25,3.24,3.245,49418,2022-01-26 17:52:00,MVIS
3.241,3.26,3.241,3.26,26487,2022-01-26 17:53:00,MVIS
3.2583,3.29,3.255,3.29,39209,2022-01-26 17:54:00,MVIS
3.2897,3.305,3.28,3.2805,230167,2022-01-26 17:55:00,MVIS
3.2886,3.29,3.28,3.2812,34560,2022-01-26 17:56:00,MVIS
3.285,3.2899,3.285,3.285,2552,2022-01-26 17:57:00,MVIS
3.29,3.2983,3.28,3.28,57427,2022-01-26 17:58:00,MVIS
3.29,3.295,3.28,3.295,61688,2022-01-26 17:59:00,MVIS
3.3,3.3,3.28,3.28,13925,2022-01-26 18:00:00,MVIS
3.27,3.27,3.245,3.245,82582,2022-01-26 18:01:00,MVIS
3.25,3.25,3.23,3.2391,15232,2022-01-26 18:02:00,MVIS
3.235,3.24,3.235,3.235,13189,2022-01-26 18:03:00,MVIS
3.235,3.24,3.235,3.24,2300,2022-01-26 18:04:00,MVIS
3.24,3.24,3.2308,3.235,12066,2022-01-26 18:05:00,MVIS
3.2392,3.245,3.235,3.24,22861,2022-01-26 18:06:00,MVIS
3.24,3.25,3.235,3.25,40875,2022-01-26 18:07:00,MVIS
3.25,3.25,3.25,3.25,1227,2022-01-26 18:08:00,MVIS
3.2411,3.25,3.2411,3.2434,2900,2022-01-26 18:09:00,MVIS
3.245,3.255,3.245,3.255,3353,2022-01-26 18:10:00,MVIS
3.25,3.255,3.2416,3.2454,20521,2022-01-26 18:11:00,MVIS
3.245,3.25,3.245,3.25,600,2022-01-26 18:12:00,MVIS
3.25,3.27,3.245,3.265,14492,2022-01-26 18:13:00,MVIS
3.2684,3.27,3.265,3.2699,5800,2022-01-26 18:14:00,MVIS
3.265,3.275,3.265,3.27,32047,2022-01-26 18:15:00,MVIS
3.2655,3.2655,3.26,3.265,700,2022-01-26 18:16:00,MVIS
3.2691,3.2691,3.265,3.265,588,2022-01-26 18:17:00,MVIS
3.26,3.268,3.25,3.25,45985,2022-01-26 18:18:00,MVIS
3.25,3.255,3.24,3.24,3400,2022-01-26 18:19:00,MVIS
3.2411,3.2411,3.231,3.24,13554,2022-01-26 18:20:00,MVIS
3.2301,3.24,3.2301,3.2318,1860,2022-01-26 18:21:00,MVIS
3.2353,3.2353,3.23,3.2301,6889,2022-01-26 18:22:00,MVIS
3.23,3.235,3.2201,3.2299,10294,2022-01-26 18:23:00,MVIS
3.23,3.2398,3.23,3.235,12374,2022-01-26 18:24:00,MVIS
3.24,3.24,3.24,3.24,3740,2022-01-26 18:25:00,MVIS
3.239,3.2499,3.239,3.24,7253,2022-01-26 18:26:00,MVIS
3.245,3.245,3.245,3.245,200,2022-01-26 18:27:00,MVIS
3.2486,3.2499,3.235,3.245,29739,2022-01-26 18:28:00,MVIS
3.245,3.25,3.2404,3.2404,3466,2022-01-26 18:29:00,MVIS
3.24,3.245,3.235,3.24,7677,2022-01-26 18:30:00,MVIS
3.235,3.2386,3.23,3.235,3789,2022-01-26 18:31:00,MVIS
3.235,3.24,3.23,3.24,4594,2022-01-26 18:32:00,MVIS
3.24,3.25,3.24,3.25,45497,2022-01-26 18:33:00,MVIS
3.25,3.26,3.245,3.26,13113,2022-01-26 18:34:00,MVIS
3.26,3.28,3.26,3.27,39079,2022-01-26 18:35:00,MVIS
3.265,3.27,3.2616,3.265,1432,2022-01-26 18:36:00,MVIS
3.26,3.28,3.26,3.28,30272,2022-01-26 18:37:00,MVIS
3.2755,3.2765,3.25,3.26,18702,2022-01-26 18:38:00,MVIS
3.255,3.2599,3.255,3.2599,1800,2022-01-26 18:39:00,MVIS
3.2582,3.275,3.2512,3.275,34471,2022-01-26 18:40:00,MVIS
3.27,3.28,3.27,3.28,11269,2022-01-26 18:41:00,MVIS
3.28,3.29,3.275,3.275,35252,2022-01-26 18:42:00,MVIS
3.27,3.28,3.27,3.28,6201,2022-01-26 18:43:00,MVIS
3.28,3.28,3.275,3.2793,5940,2022-01-26 18:44:00,MVIS
3.278,3.278,3.26,3.26,10383,2022-01-26 18:45:00,MVIS
3.27,3.275,3.26,3.2686,33307,2022-01-26 18:46:00,MVIS
3.27,3.28,3.27,3.275,39671,2022-01-26 18:47:00,MVIS
3.278,3.28,3.278,3.28,356,2022-01-26 18:48:00,MVIS
3.275,3.275,3.275,3.275,1900,2022-01-26 18:49:00,MVIS
3.275,3.28,3.275,3.28,17858,2022-01-26 18:50:00,MVIS
3.275,3.295,3.27,3.29,46248,2022-01-26 18:51:00,MVIS
3.2995,3.2999,3.285,3.285,27956,2022-01-26 18:52:00,MVIS
3.285,3.29,3.285,3.288,1000,2022-01-26 18:53:00,MVIS
3.28,3.28,3.2708,3.28,8681,2022-01-26 18:54:00,MVIS
3.275,3.3,3.275,3.3,37888,2022-01-26 18:55:00,MVIS
3.296,3.296,3.28,3.2925,19798,2022-01-26 18:56:00,MVIS
3.285,3.299,3.285,3.295,28778,2022-01-26 18:57:00,MVIS
3.29,3.295,3.2801,3.29,15061,2022-01-26 18:58:00,MVIS
3.285,3.2892,3.27,3.285,53510,2022-01-26 18:59:00,MVIS
3.2898,3.345,3.265,3.27,82477,2022-01-26 19:00:00,MVIS
3.2786,3.31,3.2786,3.31,25932,2022-01-26 19:01:00,MVIS
3.31,3.34,3.305,3.338,13553,2022-01-26 19:02:00,MVIS
3.34,3.345,3.3,3.31,51465,2022-01-26 19:03:00,MVIS
3.3034,3.33,3.2991,3.3076,52405,2022-01-26 19:04:00,MVIS
3.31,3.34,3.305,3.34,12943,2022-01-26 19:05:00,MVIS
3.34,3.375,3.33,3.37,56472,2022-01-26 19:06:00,MVIS
3.375,3.3789,3.3301,3.355,39181,2022-01-26 19:07:00,MVIS
3.3584,3.37,3.355,3.36,23178,2022-01-26 19:08:00,MVIS
3.36,3.3697,3.35,3.35,39464,2022-01-26 19:09:00,MVIS
3.35,3.3799,3.34,3.34,48753,2022-01-26 19:10:00,MVIS
3.34,3.345,3.3,3.31,71382,2022-01-26 19:11:00,MVIS
3.31,3.32,3.3,3.31,25685,2022-01-26 19:12:00,MVIS
3.31,3.31,3.28,3.28,28887,2022-01-26 19:13:00,MVIS
3.27,3.275,3.24,3.26,61001,2022-01-26 19:14:00,MVIS
3.265,3.28,3.26,3.28,54604,2022-01-26 19:15:00,MVIS
3.272,3.295,3.265,3.285,57476,2022-01-26 19:16:00,MVIS
3.28,3.29,3.27,3.28,39496,2022-01-26 19:17:00,MVIS
3.27,3.3,3.27,3.295,21230,2022-01-26 19:18:00,MVIS
3.29,3.295,3.275,3.275,19962,2022-01-26 19:19:00,MVIS
3.2783,3.28,3.26,3.27,17621,2022-01-26 19:20:00,MVIS
3.27,3.285,3.26,3.28,16303,2022-01-26 19:21:00,MVIS
3.28,3.28,3.265,3.27,10665,2022-01-26 19:22:00,MVIS
3.27,3.275,3.255,3.275,23433,2022-01-26 19:23:00,MVIS
3.27,3.295,3.27,3.2894,26053,2022-01-26 19:24:00,MVIS
3.29,3.315,3.29,3.305,69487,2022-01-26 19:25:00,MVIS
3.305,3.315,3.3047,3.315,6168,2022-01-26 19:26:00,MVIS
3.31,3.325,3.31,3.32,20414,2022-01-26 19:27:00,MVIS
3.33,3.33,3.3116,3.3116,13377,2022-01-26 19:28:00,MVIS
3.315,3.315,3.3,3.31,8000,2022-01-26 19:29:00,MVIS
3.31,3.32,3.295,3.31,30406,2022-01-26 19:30:00,MVIS
3.31,3.3299,3.285,3.29,21510,2022-01-26 19:31:00,MVIS
3.295,3.3,3.2949,3.295,17076,2022-01-26 19:32:00,MVIS
3.295,3.3,3.289,3.29,19669,2022-01-26 19:33:00,MVIS
3.2849,3.3,3.265,3.271,62363,2022-01-26 19:34:00,MVIS
3.28,3.295,3.275,3.295,15118,2022-01-26 19:35:00,MVIS
3.295,3.3,3.27,3.295,34368,2022-01-26 19:36:00,MVIS
3.29,3.33,3.29,3.315,52418,2022-01-26 19:37:00,MVIS
3.32,3.34,3.31,3.335,57265,2022-01-26 19:38:00,MVIS
3.33,3.34,3.32,3.33,28834,2022-01-26 19:39:00,MVIS
3.3256,3.33,3.3092,3.31,48136,2022-01-26 19:40:00,MVIS
3.31,3.325,3.29,3.29,41531,2022-01-26 19:41:00,MVIS
3.3,3.305,3.295,3.3,6702,2022-01-26 19:42:00,MVIS
3.29,3.29,3.26,3.29,79760,2022-01-26 19:43:00,MVIS
3.295,3.295,3.255,3.255,31185,2022-01-26 19:44:00,MVIS
3.2528,3.26,3.23,3.24,71313,2022-01-26 19:45:00,MVIS
3.24,3.245,3.23,3.24,36304,2022-01-26 19:46:00,MVIS
3.235,3.235,3.2,3.215,75033,2022-01-26 19:47:00,MVIS
3.215,3.215,3.18,3.19,52569,2022-01-26 19:48:00,MVIS
3.185,3.205,3.18,3.19,39517,2022-01-26 19:49:00,MVIS
3.19,3.225,3.1899,3.1911,27892,2022-01-26 19:50:00,MVIS
3.1919,3.215,3.1919,3.2,32655,2022-01-26 19:51:00,MVIS
3.2,3.2027,3.18,3.18,53647,2022-01-26 19:52:00,MVIS
3.19,3.2,3.18,3.1985,20760,2022-01-26 19:53:00,MVIS
3.1977,3.205,3.195,3.1999,14400,2022-01-26 19:54:00,MVIS
3.19,3.19,3.18,3.185,6871,2022-01-26 19:55:00,MVIS
3.18,3.205,3.1709,3.205,39496,2022-01-26 19:56:00,MVIS
3.2015,3.205,3.18,3.19,21968,2022-01-26 19:57:00,MVIS
3.2,3.2,3.185,3.185,23163,2022-01-26 19:58:00,MVIS
3.19,3.19,3.18,3.18,24263,2022-01-26 19:59:00,MVIS
3.18,3.18,3.1565,3.16,12205,2022-01-26 20:00:00,MVIS
3.16,3.17,3.121,3.14,39319,2022-01-26 20:01:00,MVIS
3.135,3.15,3.125,3.13,14910,2022-01-26 20:02:00,MVIS
3.12,3.13,3.11,3.11,16668,2022-01-26 20:03:00,MVIS
3.11,3.11,3.1,3.11,24654,2022-01-26 20:04:00,MVIS
3.11,3.11,3.08,3.0899,28414,2022-01-26 20:05:00,MVIS
3.08,3.1,3.06,3.06,62706,2022-01-26 20:06:00,MVIS
3.065,3.1,3.05,3.0943,34902,2022-01-26 20:07:00,MVIS
3.09,3.0999,3.08,3.08,18240,2022-01-26 20:08:00,MVIS
3.08,3.085,3.055,3.061,16796,2022-01-26 20:09:00,MVIS
3.06,3.09,3.06,3.085,17277,2022-01-26 20:10:00,MVIS
3.08,3.115,3.08,3.1,26614,2022-01-26 20:11:00,MVIS
3.1,3.105,3.0787,3.09,18170,2022-01-26 20:12:00,MVIS
3.085,3.09,3.08,3.085,5980,2022-01-26 20:13:00,MVIS
3.08,3.08,3.055,3.06,42728,2022-01-26 20:14:00,MVIS
3.06,3.075,3.055,3.0685,21132,2022-01-26 20:15:00,MVIS
3.055,3.071,3.051,3.071,15636,2022-01-26 20:16:00,MVIS
3.075,3.08,3.055,3.055,13067,2022-01-26 20:17:00,MVIS
3.06,3.07,3.055,3.07,21351,2022-01-26 20:18:00,MVIS
3.065,3.08,3.06,3.065,12384,2022-01-26 20:19:00,MVIS
3.07,3.0779,3.05,3.065,75852,2022-01-26 20:20:00,MVIS
3.065,3.075,3.06,3.075,29255,2022-01-26 20:21:00,MVIS
3.07,3.07,3.0544,3.058,18258,2022-01-26 20:22:00,MVIS
3.055,3.055,3.0417,3.0417,33023,2022-01-26 20:23:00,MVIS
3.04,3.07,3.03,3.051,41970,2022-01-26 20:24:00,MVIS
3.06,3.07,3.045,3.045,10546,2022-01-26 20:25:00,MVIS
3.045,3.07,3.035,3.065,22602,2022-01-26 20:26:00,MVIS
3.07,3.095,3.0679,3.095,26939,2022-01-26 20:27:00,MVIS
3.095,3.13,3.095,3.125,20807,2022-01-26 20:28:00,MVIS
3.125,3.13,3.1,3.11,13342,2022-01-26 20:29:00,MVIS
3.11,3.1299,3.11,3.1299,16872,2022-01-26 20:30:00,MVIS
3.12,3.14,3.12,3.14,37516,2022-01-26 20:31:00,MVIS
3.14,3.15,3.13,3.14,45700,2022-01-26 20:32:00,MVIS
3.13,3.13,3.11,3.11,20798,2022-01-26 20:33:00,MVIS
3.105,3.11,3.08,3.09,17253,2022-01-26 20:34:00,MVIS
3.085,3.09,3.07,3.07,6381,2022-01-26 20:35:00,MVIS
3.07,3.09,3.065,3.0799,27963,2022-01-26 20:36:00,MVIS
3.08,3.09,3.06,3.07,12003,2022-01-26 20:37:00,MVIS
3.065,3.099,3.065,3.08,17954,2022-01-26 20:38:00,MVIS
3.075,3.09,3.075,3.08,10823,2022-01-26 20:39:00,MVIS
3.08,3.085,3.07,3.085,17232,2022-01-26 20:40:00,MVIS
3.09,3.11,3.09,3.1,4021,2022-01-26 20:41:00,MVIS
3.1,3.105,3.085,3.095,24134,2022-01-26 20:42:00,MVIS
3.09,3.1,3.082,3.09,57739,2022-01-26 20:43:00,MVIS
3.085,3.085,3.07,3.075,23538,2022-01-26 20:44:00,MVIS
3.07,3.0711,3.06,3.06,20904,2022-01-26 20:45:00,MVIS
3.06,3.105,3.06,3.09,58614,2022-01-26 20:46:00,MVIS
3.09,3.09,3.07,3.07,15105,2022-01-26 20:47:00,MVIS
3.07,3.085,3.06,3.06,52203,2022-01-26 20:48:00,MVIS
3.07,3.09,3.0699,3.09,35140,2022-01-26 20:49:00,MVIS
3.08,3.085,3.06,3.06,59457,2022-01-26 20:50:00,MVIS
3.065,3.0699,3.05,3.05,27803,2022-01-26 20:51:00,MVIS
3.05,3.06,3.05,3.05,29648,2022-01-26 20:52:00,MVIS
3.0542,3.0599,3.04,3.045,20895,2022-01-26 20:53:00,MVIS
3.05,3.075,3.045,3.065,65043,2022-01-26 20:54:00,MVIS
3.06,3.0776,3.05,3.05,77784,2022-01-26 20:55:00,MVIS
3.055,3.06,3.04,3.04,17571,2022-01-26 20:56:00,MVIS
3.04,3.05,3.04,3.04,37166,2022-01-26 20:57:00,MVIS
3.041,3.06,3.04,3.06,66601,2022-01-26 20:58:00,MVIS
3.06,3.07,3.05,3.06,86899,2022-01-26 20:59:00,MVIS
3.06,3.06,3.05,3.06,197153,2022-01-26 21:00:00,MVIS
3.0445,3.0445,3.0445,3.0445,900,2022-01-26 21:01:00,MVIS
3.06,3.06,3.06,3.06,1000,2022-01-26 21:10:00,MVIS
3.0946,3.1,3.0946,3.1,5800,2022-01-26 21:14:00,MVIS
3.03,3.03,3.03,3.03,997,2022-01-26 21:17:00,MVIS
3.0852,3.0852,3.0852,3.0852,326,2022-01-26 21:19:00,MVIS
3.1,3.1,3.0952,3.1,2800,2022-01-26 21:24:00,MVIS
3.1,3.1,3.1,3.1,300,2022-01-26 21:37:00,MVIS
3.09,3.09,3.09,3.09,162,2022-01-26 21:41:00,MVIS
3.1,3.1,3.1,3.1,5299,2022-01-26 21:44:00,MVIS
3.1,3.1,3.1,3.1,642,2022-01-26 21:48:00,MVIS
3.0976,3.0976,3.0976,3.0976,2000,2022-01-26 21:50:00,MVIS
3.1,3.1,3.1,3.1,1960,2022-01-26 21:51:00,MVIS
3.1,3.1,3.1,3.1,994,2022-01-26 21:58:00,MVIS
3.17,3.17,3.17,3.17,500,2022-01-26 22:56:00,MVIS
3.16,3.16,3.16,3.16,269,2022-01-26 22:58:00,MVIS
3.17,3.17,3.17,3.17,900,2022-01-26 23:17:00,MVIS
3.09,3.09,3.09,3.09,200,2022-01-27 09:55:00,MVIS
3.06,3.06,3.06,3.06,257,2022-01-27 11:39:00,MVIS
3.09,3.09,3.09,3.09,530,2022-01-27 11:49:00,MVIS
3.1,3.1,3.1,3.1,115,2022-01-27 12:00:00,MVIS
3.1,3.1,3.1,3.1,300,2022-01-27 12:01:00,MVIS
3.11,3.11,3.11,3.11,300,2022-01-27 12:16:00,MVIS
3.11,3.11,3.11,3.11,100,2022-01-27 12:20:00,MVIS
3.08,3.09,3.08,3.09,300,2022-01-27 12:34:00,MVIS
3.09,3.09,3.09,3.09,200,2022-01-27 12:49:00,MVIS
3.12,3.12,3.1,3.1,1900,2022-01-27 13:05:00,MVIS
3.1599,3.1599,3.1599,3.1599,100,2022-01-27 13:09:00,MVIS
3.13,3.13,3.13,3.13,1000,2022-01-27 13:37:00,MVIS
3.13,3.13,3.13,3.13,127,2022-01-27 13:38:00,MVIS
3.12,3.12,3.12,3.12,200,2022-01-27 13:44:00,MVIS
3.12,3.12,3.12,3.12,100,2022-01-27 13:48:00,MVIS
3.1,3.1,3.1,3.1,1000,2022-01-27 13:52:00,MVIS
3.1,3.1,3.1,3.1,4000,2022-01-27 13:53:00,MVIS
3.13,3.13,3.13,3.13,4000,2022-01-27 13:54:00,MVIS
3.09,3.09,3.09,3.09,422,2022-01-27 14:00:00,MVIS
3.13,3.13,3.13,3.13,300,2022-01-27 14:02:00,MVIS
3.1299,3.1299,3.1299,3.1299,1000,2022-01-27 14:03:00,MVIS
3.13,3.13,3.13,3.13,700,2022-01-27 14:06:00,MVIS
3.13,3.13,3.13,3.13,100,2022-01-27 14:07:00,MVIS
3.13,3.13,3.13,3.13,100,2022-01-27 14:10:00,MVIS
3.12,3.12,3.12,3.12,300,2022-01-27 14:13:00,MVIS
3.13,3.13,3.13,3.13,250,2022-01-27 14:16:00,MVIS
3.13,3.13,3.13,3.13,400,2022-01-27 14:18:00,MVIS
3.13,3.13,3.13,3.13,1000,2022-01-27 14:21:00,MVIS
3.15,3.15,3.13,3.13,1900,2022-01-27 14:22:00,MVIS
3.1484,3.1484,3.1484,3.1484,200,2022-01-27 14:23:00,MVIS
3.15,3.15,3.15,3.15,1000,2022-01-27 14:24:00,MVIS
3.14,3.16,3.14,3.16,2081,2022-01-27 14:25:00,MVIS
3.15,3.15,3.15,3.15,401,2022-01-27 14:28:00,MVIS
3.15,3.15,3.14,3.14,1412,2022-01-27 14:29:00,MVIS
3.15,3.15,3.1,3.1,39824,2022-01-27 14:30:00,MVIS
3.1,3.1,3.04,3.05,21647,2022-01-27 14:31:00,MVIS
3.05,3.07,3.05,3.065,23122,2022-01-27 14:32:00,MVIS
3.065,3.085,3.06,3.085,13119,2022-01-27 14:33:00,MVIS
3.085,3.085,3.03,3.035,17781,2022-01-27 14:34:00,MVIS
3.03,3.0314,3.01,3.01,16827,2022-01-27 14:35:00,MVIS
3.02,3.03,3.01,3.02,35650,2022-01-27 14:36:00,MVIS
3.025,3.035,3.01,3.0175,30555,2022-01-27 14:37:00,MVIS
3.015,3.035,3.01,3.03,17335,2022-01-27 14:38:00,MVIS
3.04,3.04,3.015,3.03,11681,2022-01-27 14:39:00,MVIS
3.03,3.0486,3.03,3.03,10379,2022-01-27 14:40:00,MVIS
3.02,3.02,3.01,3.01,30913,2022-01-27 14:41:00,MVIS
3.01,3.02,3.0,3.0115,50734,2022-01-27 14:42:00,MVIS
3.01,3.0199,3.0,3.0,12526,2022-01-27 14:43:00,MVIS
3.0,3.01,2.99,2.99,33381,2022-01-27 14:44:00,MVIS
2.99,3.0199,2.99,3.0,26857,2022-01-27 14:45:00,MVIS
3.0,3.0,2.985,2.985,22104,2022-01-27 14:46:00,MVIS
2.9886,3.0,2.98,2.992,62967,2022-01-27 14:47:00,MVIS
2.995,3.02,2.995,3.015,119551,2022-01-27 14:48:00,MVIS
3.015,3.02,3.0,3.0,16044,2022-01-27 14:49:00,MVIS
3.005,3.005,2.99,2.99,19507,2022-01-27 14:50:00,MVIS
2.995,3.0,2.975,2.98,102051,2022-01-27 14:51:00,MVIS
2.99,3.0,2.97,2.985,62832,2022-01-27 14:52:00,MVIS
2.99,3.0,2.98,2.995,13259,2022-01-27 14:53:00,MVIS
3.0,3.015,2.995,3.015,8329,2022-01-27 14:54:00,MVIS
3.02,3.03,3.01,3.025,26592,2022-01-27 14:55:00,MVIS
3.025,3.025,2.99,2.99,15174,2022-01-27 14:56:00,MVIS
2.985,2.988,2.98,2.985,30238,2022-01-27 14:57:00,MVIS
2.985,3.0,2.98,2.99,13670,2022-01-27 14:58:00,MVIS
2.985,2.985,2.97,2.9799,7864,2022-01-27 14:59:00,MVIS
2.98,2.98,2.955,2.965,14605,2022-01-27 15:00:00,MVIS
2.96,2.995,2.96,2.99,31639,2022-01-27 15:01:00,MVIS
2.985,2.995,2.98,2.985,14064,2022-01-27 15:02:00,MVIS
2.985,2.99,2.975,2.975,18581,2022-01-27 15:03:00,MVIS
2.975,3.0,2.975,2.995,39083,2022-01-27 15:04:00,MVIS
2.995,3.0,2.99,2.9981,7260,2022-01-27 15:05:00,MVIS
2.9992,2.9992,2.98,2.985,43603,2022-01-27 15:06:00,MVIS
2.99,2.99,2.985,2.985,2400,2022-01-27 15:07:00,MVIS
2.98,3.0,2.98,3.0,33132,2022-01-27 15:08:00,MVIS
3.0099,3.01,2.99,2.995,12513,2022-01-27 15:09:00,MVIS
2.99,2.995,2.97,2.97,12909,2022-01-27 15:10:00,MVIS
2.97,2.9957,2.97,2.9957,28063,2022-01-27 15:11:00,MVIS
2.99,2.99,2.975,2.98,28649,2022-01-27 15:12:00,MVIS
2.97,2.985,2.97,2.98,30391,2022-01-27 15:13:00,MVIS
2.98,2.99,2.9717,2.985,34444,2022-01-27 15:14:00,MVIS
2.985,2.99,2.97,2.975,20271,2022-01-27 15:15:00,MVIS
2.97,2.97,2.95,2.955,101292,2022-01-27 15:16:00,MVIS
2.955,2.966,2.955,2.96,32576,2022-01-27 15:17:00,MVIS
2.96,2.9699,2.96,2.96,9549,2022-01-27 15:18:00,MVIS
2.96,2.9699,2.955,2.958,15899,2022-01-27 15:19:00,MVIS
2.955,2.96,2.95,2.955,21047,2022-01-27 15:20:00,MVIS
2.96,2.97,2.95,2.97,19237,2022-01-27 15:21:00,MVIS
2.965,2.97,2.96,2.97,31679,2022-01-27 15:22:00,MVIS
2.965,2.97,2.953,2.955,21410,2022-01-27 15:23:00,MVIS
2.955,2.9566,2.935,2.945,54824,2022-01-27 15:24:00,MVIS
2.94,2.95,2.94,2.945,16879,2022-01-27 15:25:00,MVIS
2.945,2.955,2.94,2.955,38532,2022-01-27 15:26:00,MVIS
2.955,2.97,2.9501,2.955,31980,2022-01-27 15:27:00,MVIS
2.955,2.9584,2.9401,2.9401,9110,2022-01-27 15:28:00,MVIS
2.95,2.95,2.92,2.92,22258,2022-01-27 15:29:00,MVIS
2.92,2.92,2.9,2.9,80568,2022-01-27 15:30:00,MVIS
2.9,2.91,2.89,2.9,62746,2022-01-27 15:31:00,MVIS
2.905,2.905,2.89,2.895,31430,2022-01-27 15:32:00,MVIS
2.895,2.9095,2.88,2.9,66128,2022-01-27 15:33:00,MVIS
2.9,2.91,2.89,2.9,93830,2022-01-27 15:34:00,MVIS
2.91,2.91,2.88,2.88,39676,2022-01-27 15:35:00,MVIS
2.88,2.9,2.875,2.885,82404,2022-01-27 15:36:00,MVIS
2.88,2.89,2.88,2.8818,32898,2022-01-27 15:37:00,MVIS
2.885,2.89,2.88,2.885,25892,2022-01-27 15:38:00,MVIS
2.885,2.8881,2.88,2.88,6721,2022-01-27 15:39:00,MVIS
2.8885,2.89,2.87,2.88,36463,2022-01-27 15:40:00,MVIS
2.88,2.89,2.88,2.885,13903,2022-01-27 15:41:00,MVIS
2.88,2.8885,2.87,2.87,16515,2022-01-27 15:42:00,MVIS
2.87,2.89,2.86,2.885,51010,2022-01-27 15:43:00,MVIS
2.89,2.9084,2.875,2.908,44234,2022-01-27 15:44:00,MVIS
2.9092,2.915,2.9,2.905,18587,2022-01-27 15:45:00,MVIS
2.905,2.92,2.905,2.915,18091,2022-01-27 15:46:00,MVIS
2.915,2.915,2.89,2.89,29373,2022-01-27 15:47:00,MVIS
2.89,2.8983,2.88,2.88,8994,2022-01-27 15:48:00,MVIS
2.89,2.89,2.88,2.89,22675,2022-01-27 15:49:00,MVIS
2.89,2.9,2.885,2.885,24776,2022-01-27 15:50:00,MVIS
2.89,2.89,2.88,2.885,7974,2022-01-27 15:51:00,MVIS
2.89,2.89,2.88,2.88,2496,2022-01-27 15:52:00,MVIS
2.88,2.8883,2.87,2.88,7316,2022-01-27 15:53:00,MVIS
2.8747,2.885,2.87,2.875,22183,2022-01-27 15:54:00,MVIS
2.875,2.88,2.87,2.87,6638,2022-01-27 15:55:00,MVIS
2.87,2.8794,2.87,2.875,5473,2022-01-27 15:56:00,MVIS
2.88,2.89,2.875,2.885,40646,2022-01-27 15:57:00,MVIS
2.885,2.9099,2.88,2.9099,17521,2022-01-27 15:58:00,MVIS
2.9,2.908,2.9,2.9,4708,2022-01-27 15:59:00,MVIS
2.905,2.91,2.9,2.905,10693,2022-01-27 16:00:00,MVIS
2.908,2.92,2.905,2.915,29378,2022-01-27 16:01:00,MVIS
2.915,2.925,2.9,2.9,43993,2022-01-27 16:02:00,MVIS
2.905,2.91,2.9,2.905,27680,2022-01-27 16:03:00,MVIS
2.9001,2.905,2.9,2.9,3245,2022-01-27 16:04:00,MVIS
2.905,2.91,2.9,2.905,7550,2022-01-27 16:05:00,MVIS
2.9,2.9081,2.89,2.89,60758,2022-01-27 16:06:00,MVIS
2.89,2.9,2.885,2.89,52384,2022-01-27 16:07:00,MVIS
2.895,2.8985,2.88,2.88,10087,2022-01-27 16:08:00,MVIS
2.8812,2.8814,2.87,2.875,16260,2022-01-27 16:09:00,MVIS
2.88,2.895,2.875,2.89,42517,2022-01-27 16:10:00,MVIS
2.8932,2.905,2.8912,2.9,16220,2022-01-27 16:11:00,MVIS
2.905,2.91,2.9,2.9064,15570,2022-01-27 16:12:00,MVIS
2.905,2.92,2.905,2.91,19035,2022-01-27 16:13:00,MVIS
2.915,2.915,2.9,2.9,21042,2022-01-27 16:14:00,MVIS
2.9,2.9086,2.9,2.9001,12061,2022-01-27 16:15:00,MVIS
2.9,2.905,2.885,2.885,17430,2022-01-27 16:16:00,MVIS
2.88,2.89,2.88,2.88,37653,2022-01-27 16:17:00,MVIS
2.88,2.8891,2.88,2.88,13002,2022-01-27 16:18:00,MVIS
2.8801,2.89,2.8801,2.885,17807,2022-01-27 16:19:00,MVIS
2.885,2.9,2.885,2.9,36425,2022-01-27 16:20:00,MVIS
2.895,2.9,2.89,2.895,15353,2022-01-27 16:21:00,MVIS
2.895,2.895,2.89,2.895,3064,2022-01-27 16:22:00,MVIS
2.895,2.9,2.89,2.89,7145,2022-01-27 16:23:00,MVIS
2.89,2.9,2.88,2.885,34480,2022-01-27 16:24:00,MVIS
2.885,2.885,2.87,2.875,17090,2022-01-27 16:25:00,MVIS
2.87,2.875,2.86,2.86,50761,2022-01-27 16:26:00,MVIS
2.8699,2.88,2.86,2.875,23150,2022-01-27 16:27:00,MVIS
2.875,2.8886,2.8701,2.885,11496,2022-01-27 16:28:00,MVIS
2.89,2.89,2.86,2.865,47320,2022-01-27 16:29:00,MVIS
2.8613,2.88,2.86,2.88,40394,2022-01-27 16:30:00,MVIS
2.875,2.89,2.875,2.885,18601,2022-01-27 16:31:00,MVIS
2.88,2.895,2.88,2.895,8794,2022-01-27 16:32:00,MVIS
2.895,2.91,2.895,2.9095,8480,2022-01-27 16:33:00,MVIS
2.905,2.91,2.895,2.905,30253,2022-01-27 16:34:00,MVIS
2.9,2.91,2.9,2.905,15145,2022-01-27 16:35:00,MVIS
2.91,2.91,2.905,2.905,3422,2022-01-27 16:36:00,MVIS
2.905,2.91,2.895,2.895,15788,2022-01-27 16:37:00,MVIS
2.895,2.9,2.875,2.88,35595,2022-01-27 16:38:00,MVIS
2.88,2.8899,2.87,2.875,17472,2022-01-27 16:39:00,MVIS
2.87,2.89,2.87,2.885,31020,2022-01-27 16:40:00,MVIS
2.89,2.9,2.885,2.8999,10641,2022-01-27 16:41:00,MVIS
2.89,2.895,2.88,2.885,20950,2022-01-27 16:42:00,MVIS
2.88,2.8891,2.88,2.885,3383,2022-01-27 16:43:00,MVIS
2.88,2.88,2.87,2.875,38759,2022-01-27 16:44:00,MVIS
2.875,2.88,2.8714,2.875,43695,2022-01-27 16:45:00,MVIS
2.88,2.89,2.875,2.885,26528,2022-01-27 16:46:00,MVIS
2.885,2.885,2.88,2.885,1640,2022-01-27 16:47:00,MVIS
2.88,2.88,2.855,2.855,49449,2022-01-27 16:48:00,MVIS
2.855,2.87,2.8515,2.865,58120,2022-01-27 16:49:00,MVIS
2.865,2.865,2.86,2.8613,10336,2022-01-27 16:50:00,MVIS
2.86,2.8683,2.86,2.86,5565,2022-01-27 16:51:00,MVIS
2.86,2.8683,2.86,2.86,3925,2022-01-27 16:52:00,MVIS
2.865,2.8685,2.86,2.86,4630,2022-01-27 16:53:00,MVIS
2.86,2.8655,2.86,2.86,6487,2022-01-27 16:54:00,MVIS
2.86,2.865,2.8517,2.8586,6493,2022-01-27 16:55:00,MVIS
2.86,2.865,2.855,2.865,24614,2022-01-27 16:56:00,MVIS
2.86,2.86,2.855,2.855,9173,2022-01-27 16:57:00,MVIS
2.85,2.865,2.85,2.86,32006,2022-01-27 16:58:00,MVIS
2.86,2.86,2.85,2.85,12305,2022-01-27 16:59:00,MVIS
2.85,2.855,2.84,2.845,129813,2022-01-27 17:00:00,MVIS
2.85,2.85,2.84,2.845,7057,2022-01-27 17:01:00,MVIS
2.845,2.85,2.83,2.835,27326,2022-01-27 17:02:00,MVIS
2.83,2.84,2.825,2.84,39018,2022-01-27 17:03:00,MVIS
2.835,2.845,2.83,2.845,36575,2022-01-27 17:04:00,MVIS
2.84,2.845,2.83,2.83,16369,2022-01-27 17:05:00,MVIS
2.835,2.8395,2.83,2.835,13807,2022-01-27 17:06:00,MVIS
2.83,2.8391,2.82,2.82,10308,2022-01-27 17:07:00,MVIS
2.825,2.8293,2.82,2.82,11415,2022-01-27 17:08:00,MVIS
2.82,2.8283,2.815,2.825,35485,2022-01-27 17:09:00,MVIS
2.83,2.83,2.82,2.82,7604,2022-01-27 17:10:00,MVIS
2.82,2.825,2.82,2.82,7885,2022-01-27 17:11:00,MVIS
2.82,2.82,2.81,2.81,9638,2022-01-27 17:12:00,MVIS
2.81,2.82,2.81,2.81,9654,2022-01-27 17:13:00,MVIS
2.81,2.8183,2.81,2.81,14400,2022-01-27 17:14:00,MVIS
2.81,2.8199,2.81,2.8183,8265,2022-01-27 17:15:00,MVIS
2.81,2.815,2.8,2.8,59335,2022-01-27 17:16:00,MVIS
2.8,2.8094,2.795,2.8,82985,2022-01-27 17:17:00,MVIS
2.8,2.805,2.8,2.8,20105,2022-01-27 17:18:00,MVIS
2.8,2.8065,2.8,2.8,4100,2022-01-27 17:19:00,MVIS
2.8,2.806,2.8,2.805,9370,2022-01-27 17:20:00,MVIS
2.8,2.805,2.8,2.8,7707,2022-01-27 17:21:00,MVIS
2.8,2.8051,2.79,2.79,17594,2022-01-27 17:22:00,MVIS
2.79,2.81,2.79,2.8,53841,2022-01-27 17:23:00,MVIS
2.805,2.81,2.8,2.805,2325,2022-01-27 17:24:00,MVIS
2.805,2.83,2.805,2.825,40360,2022-01-27 17:25:00,MVIS
2.82,2.83,2.82,2.83,11934,2022-01-27 17:26:00,MVIS
2.825,2.83,2.82,2.82,25499,2022-01-27 17:27:00,MVIS
2.815,2.82,2.805,2.805,26164,2022-01-27 17:28:00,MVIS
2.8,2.812,2.8,2.812,16781,2022-01-27 17:29:00,MVIS
2.81,2.8199,2.8,2.8,22419,2022-01-27 17:30:00,MVIS
2.8,2.81,2.795,2.805,32146,2022-01-27 17:31:00,MVIS
2.8057,2.81,2.8,2.805,6219,2022-01-27 17:32:00,MVIS
2.8,2.82,2.8,2.815,20801,2022-01-27 17:33:00,MVIS
2.8117,2.82,2.8018,2.805,19608,2022-01-27 17:34:00,MVIS
2.805,2.805,2.79,2.805,34399,2022-01-27 17:35:00,MVIS
2.805,2.81,2.8,2.8,8202,2022-01-27 17:36:00,MVIS
2.8,2.81,2.8,2.8,15257,2022-01-27 17:37:00,MVIS
2.8,2.8099,2.8,2.8,4728,2022-01-27 17:38:00,MVIS
2.8,2.8099,2.8,2.8,8733,2022-01-27 17:39:00,MVIS
2.8,2.8099,2.8,2.805,19230,2022-01-27 17:40:00,MVIS
2.8025,2.8025,2.79,2.79,5658,2022-01-27 17:41:00,MVIS
2.79,2.795,2.79,2.79,4650,2022-01-27 17:42:00,MVIS
2.7999,2.8,2.79,2.79,5920,2022-01-27 17:43:00,MVIS
2.79,2.7996,2.78,2.78,19317,2022-01-27 17:44:00,MVIS
2.78,2.7883,2.78,2.78,3926,2022-01-27 17:45:00,MVIS
2.78,2.79,2.77,2.785,44754,2022-01-27 17:46:00,MVIS
2.7885,2.79,2.78,2.785,11691,2022-01-27 17:47:00,MVIS
2.785,2.79,2.78,2.785,2779,2022-01-27 17:48:00,MVIS
2.78,2.7887,2.77,2.77,11502,2022-01-27 17:49:00,MVIS
2.775,2.8,2.775,2.795,80645,2022-01-27 17:50:00,MVIS
2.795,2.795,2.78,2.785,9337,2022-01-27 17:51:00,MVIS
2.78,2.79,2.78,2.7883,10951,2022-01-27 17:52:00,MVIS
2.78,2.785,2.77,2.785,40935,2022-01-27 17:53:00,MVIS
2.785,2.79,2.78,2.785,10200,2022-01-27 17:54:00,MVIS
2.79,2.81,2.785,2.805,49110,2022-01-27 17:55:00,MVIS
2.8043,2.81,2.8,2.8083,8311,2022-01-27 17:56:00,MVIS
2.8,2.81,2.8,2.805,7355,2022-01-27 17:57:00,MVIS
2.8,2.8085,2.785,2.79,46719,2022-01-27 17:58:00,MVIS
2.79,2.795,2.78,2.78,18583,2022-01-27 17:59:00,MVIS
2.78,2.795,2.78,2.79,44569,2022-01-27 18:00:00,MVIS
2.7984,2.7984,2.78,2.785,7276,2022-01-27 18:01:00,MVIS
2.78,2.7899,2.77,2.77,14437,2022-01-27 18:02:00,MVIS
2.77,2.7786,2.76,2.76,20774,2022-01-27 18:03:00,MVIS
2.765,2.765,2.76,2.76,9983,2022-01-27 18:04:00,MVIS
2.76,2.7683,2.75,2.76,51516,2022-01-27 18:05:00,MVIS
2.765,2.7699,2.76,2.76,4193,2022-01-27 18:06:00,MVIS
2.77,2.77,2.76,2.76,3615,2022-01-27 18:07:00,MVIS
2.765,2.78,2.76,2.77,69975,2022-01-27 18:08:00,MVIS
2.7783,2.78,2.7744,2.777,9399,2022-01-27 18:09:00,MVIS
2.775,2.78,2.77,2.775,3411,2022-01-27 18:10:00,MVIS
2.775,2.775,2.76,2.765,16676,2022-01-27 18:11:00,MVIS
2.7688,2.7688,2.76,2.765,3301,2022-01-27 18:12:00,MVIS
2.76,2.7689,2.76,2.76,16188,2022-01-27 18:13:00,MVIS
2.76,2.765,2.76,2.76,1300,2022-01-27 18:14:00,MVIS
2.765,2.77,2.76,2.765,41607,2022-01-27 18:15:00,MVIS
2.76,2.765,2.76,2.765,8805,2022-01-27 18:16:00,MVIS
2.7615,2.7688,2.755,2.7592,8633,2022-01-27 18:17:00,MVIS
2.7513,2.755,2.7513,2.755,1300,2022-01-27 18:18:00,MVIS
2.76,2.76,2.755,2.755,16326,2022-01-27 18:19:00,MVIS
2.755,2.7593,2.75,2.7512,3541,2022-01-27 18:20:00,MVIS
2.75,2.7584,2.75,2.7584,2760,2022-01-27 18:21:00,MVIS
2.7579,2.7586,2.7514,2.755,1863,2022-01-27 18:22:00,MVIS
2.7538,2.755,2.75,2.75,32599,2022-01-27 18:23:00,MVIS
2.755,2.76,2.7516,2.7596,600,2022-01-27 18:24:00,MVIS
2.755,2.7599,2.755,2.7587,18232,2022-01-27 18:25:00,MVIS
2.76,2.76,2.75,2.75,125228,2022-01-27 18:26:00,MVIS
2.75,2.7586,2.75,2.7586,7024,2022-01-27 18:27:00,MVIS
2.755,2.7599,2.755,2.7584,7320,2022-01-27 18:28:00,MVIS
2.7595,2.7595,2.74,2.74,16404,2022-01-27 18:29:00,MVIS
2.745,2.75,2.74,2.75,66689,2022-01-27 18:30:00,MVIS
2.745,2.75,2.74,2.745,16718,2022-01-27 18:31:00,MVIS
2.7491,2.75,2.74,2.745,15054,2022-01-27 18:32:00,MVIS
2.745,2.7484,2.7424,2.745,1556,2022-01-27 18:33:00,MVIS
2.74,2.75,2.74,2.7484,45226,2022-01-27 18:34:00,MVIS
2.745,2.78,2.745,2.775,44328,2022-01-27 18:35:00,MVIS
2.7791,2.7799,2.77,2.77,17401,2022-01-27 18:36:00,MVIS
2.77,2.7788,2.77,2.7788,20739,2022-01-27 18:37:00,MVIS
2.775,2.7786,2.77,2.7786,6800,2022-01-27 18:38:00,MVIS
2.7713,2.7713,2.7516,2.755,18852,2022-01-27 18:39:00,MVIS
2.7592,2.7592,2.75,2.75,4100,2022-01-27 18:40:00,MVIS
2.755,2.76,2.75,2.76,28774,2022-01-27 18:41:00,MVIS
2.755,2.76,2.75,2.75,11220,2022-01-27 18:42:00,MVIS
2.7505,2.755,2.745,2.7485,11500,2022-01-27 18:43:00,MVIS
2.745,2.75,2.74,2.745,45178,2022-01-27 18:44:00,MVIS
2.745,2.75,2.7411,2.745,15417,2022-01-27 18:45:00,MVIS
2.745,2.76,2.745,2.76,21815,2022-01-27 18:46:00,MVIS
2.755,2.76,2.755,2.755,1317,2022-01-27 18:47:00,MVIS
2.755,2.76,2.75,2.7599,23971,2022-01-27 18:48:00,MVIS
2.76,2.76,2.7501,2.7579,2014,2022-01-27 18:49:00,MVIS
2.755,2.76,2.755,2.7599,11309,2022-01-27 18:50:00,MVIS
2.755,2.76,2.75,2.75,18166,2022-01-27 18:51:00,MVIS
2.755,2.76,2.74,2.755,76659,2022-01-27 18:52:00,MVIS
2.755,2.7583,2.7515,2.7583,5615,2022-01-27 18:53:00,MVIS
2.75,2.755,2.74,2.74,16345,2022-01-27 18:54:00,MVIS
2.745,2.75,2.74,2.745,11536,2022-01-27 18:55:00,MVIS
2.745,2.75,2.74,2.745,34769,2022-01-27 18:56:00,MVIS
2.75,2.77,2.745,2.77,33926,2022-01-27 18:57:00,MVIS
2.775,2.78,2.775,2.775,1570,2022-01-27 18:58:00,MVIS
2.775,2.78,2.76,2.76,26409,2022-01-27 18:59:00,MVIS
2.765,2.775,2.765,2.775,32534,2022-01-27 19:00:00,MVIS
2.7787,2.795,2.775,2.795,41332,2022-01-27 19:01:00,MVIS
2.795,2.81,2.795,2.8,48811,2022-01-27 19:02:00,MVIS
2.805,2.8081,2.8,2.805,2500,2022-01-27 19:03:00,MVIS
2.805,2.81,2.795,2.805,51214,2022-01-27 19:04:00,MVIS
2.805,2.81,2.8,2.8099,20568,2022-01-27 19:05:00,MVIS
2.805,2.81,2.805,2.805,5012,2022-01-27 19:06:00,MVIS
2.8,2.805,2.78,2.785,35897,2022-01-27 19:07:00,MVIS
2.785,2.8,2.785,2.795,61446,2022-01-27 19:08:00,MVIS
2.795,2.795,2.7901,2.795,3462,2022-01-27 19:09:00,MVIS
2.795,2.81,2.79,2.8,58045,2022-01-27 19:10:00,MVIS
2.7983,2.8,2.795,2.8,7971,2022-01-27 19:11:00,MVIS
2.7983,2.7983,2.79,2.79,1200,2022-01-27 19:12:00,MVIS
2.795,2.8,2.79,2.795,2094,2022-01-27 19:13:00,MVIS
2.7986,2.7986,2.79,2.7983,1600,2022-01-27 19:14:00,MVIS
2.79,2.8,2.79,2.795,1380,2022-01-27 19:15:00,MVIS
2.795,2.7986,2.79,2.79,1500,2022-01-27 19:16:00,MVIS
2.795,2.795,2.79,2.79,1300,2022-01-27 19:17:00,MVIS
2.79,2.79,2.77,2.77,37886,2022-01-27 19:18:00,MVIS
2.775,2.78,2.765,2.765,48705,2022-01-27 19:19:00,MVIS
2.76,2.7699,2.76,2.7683,1550,2022-01-27 19:20:00,MVIS
2.76,2.7601,2.755,2.755,8918,2022-01-27 19:21:00,MVIS
2.75,2.759,2.75,2.759,5300,2022-01-27 19:22:00,MVIS
2.755,2.76,2.75,2.755,23536,2022-01-27 19:23:00,MVIS
2.75,2.755,2.75,2.755,23121,2022-01-27 19:24:00,MVIS
2.7585,2.76,2.7501,2.7506,1988,2022-01-27 19:25:00,MVIS
2.75,2.75,2.75,2.75,2905,2022-01-27 19:26:00,MVIS
2.75,2.76,2.75,2.75,2500,2022-01-27 19:27:00,MVIS
2.7585,2.7585,2.75,2.75,6689,2022-01-27 19:28:00,MVIS
2.75,2.755,2.745,2.745,28292,2022-01-27 19:29:00,MVIS
2.75,2.75,2.7422,2.745,21359,2022-01-27 19:30:00,MVIS
2.748,2.748,2.7403,2.745,2300,2022-01-27 19:31:00,MVIS
2.745,2.745,2.73,2.73,12206,2022-01-27 19:32:00,MVIS
2.73,2.7302,2.72,2.725,20637,2022-01-27 19:33:00,MVIS
2.725,2.725,2.72,2.7217,15499,2022-01-27 19:34:00,MVIS
2.725,2.73,2.725,2.7263,126231,2022-01-27 19:35:00,MVIS
2.725,2.73,2.7215,2.725,10200,2022-01-27 19:36:00,MVIS
2.725,2.73,2.7201,2.725,26445,2022-01-27 19:37:00,MVIS
2.72,2.725,2.72,2.7216,13649,2022-01-27 19:38:00,MVIS
2.72,2.7298,2.72,2.725,7100,2022-01-27 19:39:00,MVIS
2.73,2.74,2.725,2.735,112757,2022-01-27 19:40:00,MVIS
2.735,2.74,2.735,2.735,6219,2022-01-27 19:41:00,MVIS
2.74,2.74,2.735,2.735,972,2022-01-27 19:42:00,MVIS
2.735,2.74,2.735,2.735,3310,2022-01-27 19:43:00,MVIS
2.735,2.7362,2.735,2.735,4100,2022-01-27 19:44:00,MVIS
2.738,2.74,2.73,2.735,74115,2022-01-27 19:45:00,MVIS
2.7386,2.7386,2.735,2.735,6286,2022-01-27 19:46:00,MVIS
2.735,2.7399,2.73,2.735,8200,2022-01-27 19:47:00,MVIS
2.735,2.7399,2.72,2.72,37470,2022-01-27 19:48:00,MVIS
2.72,2.7283,2.72,2.725,8752,2022-01-27 19:49:00,MVIS
2.72,2.7286,2.715,2.715,19421,2022-01-27 19:50:00,MVIS
2.7184,2.7184,2.71,2.7102,2951,2022-01-27 19:51:00,MVIS
2.715,2.72,2.7,2.705,73716,2022-01-27 19:52:00,MVIS
2.71,2.71,2.7,2.7,11288,2022-01-27 19:53:00,MVIS
2.7084,2.7084,2.69,2.6959,36313,2022-01-27 19:54:00,MVIS
2.6913,2.6999,2.69,2.695,6052,2022-01-27 19:55:00,MVIS
2.69,2.7,2.69,2.6984,13916,2022-01-27 19:56:00,MVIS
2.6983,2.7,2.69,2.6983,3723,2022-01-27 19:57:00,MVIS
2.695,2.71,2.695,2.7082,123635,2022-01-27 19:58:00,MVIS
2.705,2.7085,2.7,2.7085,16480,2022-01-27 19:59:00,MVIS
2.71,2.71,2.7016,2.705,16456,2022-01-27 20:00:00,MVIS
2.7096,2.7099,2.7,2.7099,7122,2022-01-27 20:01:00,MVIS
2.705,2.71,2.705,2.705,24002,2022-01-27 20:02:00,MVIS
2.705,2.71,2.69,2.69,35929,2022-01-27 20:03:00,MVIS
2.695,2.71,2.685,2.705,93036,2022-01-27 20:04:00,MVIS
2.7,2.705,2.7,2.705,6353,2022-01-27 20:05:00,MVIS
2.705,2.735,2.705,2.735,65039,2022-01-27 20:06:00,MVIS
2.735,2.7383,2.735,2.735,8150,2022-01-27 20:07:00,MVIS
2.735,2.7488,2.735,2.74,25740,2022-01-27 20:08:00,MVIS
2.745,2.745,2.72,2.72,30844,2022-01-27 20:09:00,MVIS
2.725,2.7286,2.71,2.7184,13477,2022-01-27 20:10:00,MVIS
2.715,2.7199,2.7,2.705,28344,2022-01-27 20:11:00,MVIS
2.705,2.7085,2.7,2.705,4079,2022-01-27 20:12:00,MVIS
2.705,2.7099,2.7,2.7,8659,2022-01-27 20:13:00,MVIS
2.7,2.7099,2.7,2.7,2000,2022-01-27 20:14:00,MVIS
2.703,2.7099,2.69,2.69,10581,2022-01-27 20:15:00,MVIS
2.69,2.699,2.69,2.695,1343,2022-01-27 20:16:00,MVIS
2.7,2.7,2.69,2.695,6416,2022-01-27 20:17:00,MVIS
2.6918,2.7,2.69,2.695,8439,2022-01-27 20:18:00,MVIS
2.695,2.6987,2.69,2.695,5538,2022-01-27 20:19:00,MVIS
2.6999,2.7,2.68,2.68,136055,2022-01-27 20:20:00,MVIS
2.6887,2.6887,2.67,2.675,13810,2022-01-27 20:21:00,MVIS
2.675,2.68,2.6701,2.675,16030,2022-01-27 20:22:00,MVIS
2.675,2.6793,2.675,2.677,1122,2022-01-27 20:23:00,MVIS
2.68,2.68,2.6718,2.675,50772,2022-01-27 20:24:00,MVIS
2.675,2.6799,2.675,2.675,1900,2022-01-27 20:25:00,MVIS
2.675,2.68,2.6701,2.675,4305,2022-01-27 20:26:00,MVIS
2.675,2.6775,2.6701,2.675,5819,2022-01-27 20:27:00,MVIS
2.675,2.68,2.67,2.675,36794,2022-01-27 20:28:00,MVIS
2.675,2.6792,2.675,2.675,8340,2022-01-27 20:29:00,MVIS
2.675,2.69,2.675,2.685,94670,2022-01-27 20:30:00,MVIS
2.685,2.6886,2.68,2.6801,19773,2022-01-27 20:31:00,MVIS
2.685,2.69,2.6813,2.69,10711,2022-01-27 20:32:00,MVIS
2.69,2.69,2.6825,2.685,10969,2022-01-27 20:33:00,MVIS
2.685,2.69,2.6843,2.6888,7463,2022-01-27 20:34:00,MVIS
2.685,2.685,2.67,2.67,32968,2022-01-27 20:35:00,MVIS
2.67,2.68,2.67,2.67,16175,2022-01-27 20:36:00,MVIS
2.6776,2.6783,2.67,2.67,6354,2022-01-27 20:37:00,MVIS
2.6787,2.6799,2.67,2.67,1503,2022-01-27 20:38:00,MVIS
2.6792,2.6799,2.67,2.67,27797,2022-01-27 20:39:00,MVIS
2.675,2.6789,2.67,2.6783,5044,2022-01-27 20:40:00,MVIS
2.67,2.705,2.67,2.705,150905,2022-01-27 20:41:00,MVIS
2.71,2.71,2.705,2.7095,22615,2022-01-27 20:42:00,MVIS
2.71,2.74,2.705,2.7301,99526,2022-01-27 20:43:00,MVIS
2.735,2.74,2.73,2.735,24084,2022-01-27 20:44:00,MVIS
2.74,2.74,2.7312,2.735,14636,2022-01-27 20:45:00,MVIS
2.735,2.74,2.735,2.735,15872,2022-01-27 20:46:00,MVIS
2.735,2.74,2.72,2.725,70064,2022-01-27 20:47:00,MVIS
2.72,2.7286,2.72,2.725,10957,2022-01-27 20:48:00,MVIS
2.7299,2.73,2.72,2.72,22243,2022-01-27 20:49:00,MVIS
2.725,2.73,2.72,2.72,25325,2022-01-27 20:50:00,MVIS
2.725,2.73,2.72,2.725,16932,2022-01-27 20:51:00,MVIS
2.7295,2.7295,2.7201,2.7242,7665,2022-01-27 20:52:00,MVIS
2.725,2.73,2.7201,2.725,18653,2022-01-27 20:53:00,MVIS
2.725,2.7283,2.7201,2.725,22947,2022-01-27 20:54:00,MVIS
2.725,2.73,2.72,2.73,38632,2022-01-27 20:55:00,MVIS
2.725,2.7285,2.72,2.725,47051,2022-01-27 20:56:00,MVIS
2.725,2.73,2.72,2.725,47014,2022-01-27 20:57:00,MVIS
2.725,2.73,2.72,2.7284,40803,2022-01-27 20:58:00,MVIS
2.7216,2.73,2.72,2.73,80911,2022-01-27 20:59:00,MVIS
2.73,2.73,2.7,2.7,131689,2022-01-27 21:00:00,MVIS
2.715,2.715,2.715,2.715,690,2022-01-27 21:01:00,MVIS
2.73,2.74,2.73,2.74,1100,2022-01-27 21:03:00,MVIS
2.74,2.74,2.74,2.74,300,2022-01-27 21:04:00,MVIS
2.74,2.74,2.74,2.74,689,2022-01-27 21:06:00,MVIS
2.79,2.79,2.79,2.79,200,2022-01-27 21:07:00,MVIS
2.78,2.78,2.78,2.78,358,2022-01-27 21:09:00,MVIS
2.77,2.77,2.77,2.77,100,2022-01-27 21:10:00,MVIS
2.73,2.73,2.73,2.73,199,2022-01-27 21:12:00,MVIS
2.77,2.77,2.77,2.77,100,2022-01-27 21:18:00,MVIS
2.75,2.75,2.75,2.75,100,2022-01-27 21:20:00,MVIS
2.77,2.77,2.77,2.77,400,2022-01-27 21:29:00,MVIS
2.77,2.77,2.77,2.77,300,2022-01-27 21:30:00,MVIS
2.78,2.78,2.78,2.78,403,2022-01-27 21:31:00,MVIS
2.75,2.75,2.75,2.75,199,2022-01-27 21:35:00,MVIS
2.74,2.74,2.74,2.74,100,2022-01-27 21:39:00,MVIS
2.78,2.78,2.78,2.78,163,2022-01-27 21:41:00,MVIS
2.78,2.78,2.78,2.78,100,2022-01-27 21:43:00,MVIS
2.79,2.79,2.75,2.78,2580,2022-01-27 21:48:00,MVIS
2.78,2.78,2.78,2.78,177,2022-01-27 21:50:00,MVIS
2.75,2.75,2.74,2.74,767,2022-01-27 21:55:00,MVIS
2.77,2.77,2.77,2.77,100,2022-01-27 22:12:00,MVIS
2.75,2.75,2.75,2.75,997,2022-01-27 22:17:00,MVIS
2.74,2.74,2.74,2.74,1100,2022-01-27 22:18:00,MVIS
2.77,2.77,2.77,2.77,100,2022-01-27 22:22:00,MVIS
2.77,2.77,2.77,2.77,200,2022-01-27 22:24:00,MVIS
2.77,2.77,2.77,2.77,1000,2022-01-27 22:37:00,MVIS
2.78,2.78,2.78,2.78,200,2022-01-27 22:43:00,MVIS
2.78,2.78,2.78,2.78,186,2022-01-27 22:51:00,MVIS
2.78,2.78,2.78,2.78,100,2022-01-27 22:54:00,MVIS
2.78,2.78,2.78,2.78,100,2022-01-27 22:57:00,MVIS
2.77,2.77,2.77,2.77,887,2022-01-27 23:00:00,MVIS
2.78,2.78,2.78,2.78,100,2022-01-27 23:03:00,MVIS
2.78,2.78,2.78,2.78,144,2022-01-27 23:10:00,MVIS
2.78,2.78,2.78,2.78,250,2022-01-27 23:20:00,MVIS
2.77,2.77,2.77,2.77,198,2022-01-27 23:21:00,MVIS
2.78,2.78,2.78,2.78,1932,2022-01-27 23:27:00,MVIS
2.79,2.79,2.79,2.79,200,2022-01-27 23:41:00,MVIS
2.8,2.8,2.8,2.8,1469,2022-01-28 00:47:00,MVIS
2.8,2.8,2.8,2.8,1500,2022-01-28 00:55:00,MVIS
2.8,2.8,2.8,2.8,100,2022-01-28 00:56:00,MVIS
2.73,2.73,2.73,2.73,362,2022-01-28 09:11:00,MVIS
2.73,2.73,2.73,2.73,585,2022-01-28 09:18:00,MVIS
2.85,2.85,2.85,2.85,126,2022-01-28 09:35:00,MVIS
2.89,2.89,2.89,2.89,100,2022-01-28 09:56:00,MVIS
2.87,2.88,2.87,2.88,948,2022-01-28 10:00:00,MVIS
2.81,2.81,2.79,2.79,500,2022-01-28 12:36:00,MVIS
2.78,2.78,2.77,2.77,400,2022-01-28 12:37:00,MVIS
2.74,2.74,2.74,2.74,100,2022-01-28 12:46:00,MVIS
2.74,2.74,2.74,2.74,1500,2022-01-28 12:48:00,MVIS
2.74,2.74,2.74,2.74,200,2022-01-28 12:51:00,MVIS
2.73,2.73,2.73,2.73,100,2022-01-28 13:05:00,MVIS
2.73,2.73,2.73,2.73,200,2022-01-28 13:06:00,MVIS
2.73,2.73,2.72,2.72,2535,2022-01-28 13:07:00,MVIS
2.74,2.74,2.74,2.74,250,2022-01-28 13:14:00,MVIS
2.75,2.75,2.75,2.75,200,2022-01-28 13:16:00,MVIS
2.73,2.73,2.73,2.73,1000,2022-01-28 13:23:00,MVIS
2.73,2.73,2.73,2.73,8800,2022-01-28 13:27:00,MVIS
2.75,2.78,2.75,2.78,200,2022-01-28 13:58:00,MVIS
2.78,2.78,2.78,2.78,179,2022-01-28 14:01:00,MVIS
2.78,2.78,2.78,2.78,530,2022-01-28 14:02:00,MVIS
2.78,2.78,2.78,2.78,400,2022-01-28 14:09:00,MVIS
2.79,2.79,2.79,2.79,100,2022-01-28 14:10:00,MVIS
2.78,2.79,2.76,2.79,595,2022-01-28 14:16:00,MVIS
2.78,2.78,2.78,2.78,100,2022-01-28 14:18:00,MVIS
2.76,2.76,2.76,2.76,100,2022-01-28 14:20:00,MVIS
2.79,2.79,2.79,2.79,200,2022-01-28 14:22:00,MVIS
2.79,2.8,2.79,2.8,1324,2022-01-28 14:25:00,MVIS
2.79,2.82,2.79,2.82,2011,2022-01-28 14:27:00,MVIS
2.82,2.82,2.82,2.82,180,2022-01-28 14:29:00,MVIS
2.81,2.835,2.8,2.83,104333,2022-01-28 14:30:00,MVIS
2.8301,2.845,2.82,2.845,63939,2022-01-28 14:31:00,MVIS
2.8401,2.85,2.84,2.845,46343,2022-01-28 14:32:00,MVIS
2.845,2.86,2.84,2.8401,23052,2022-01-28 14:33:00,MVIS
2.85,2.85,2.7999,2.7999,82859,2022-01-28 14:34:00,MVIS
2.79,2.815,2.77,2.78,97670,2022-01-28 14:35:00,MVIS
2.7845,2.795,2.7845,2.79,22123,2022-01-28 14:36:00,MVIS
2.79,2.805,2.78,2.79,82297,2022-01-28 14:37:00,MVIS
2.795,2.7965,2.76,2.765,12120,2022-01-28 14:38:00,MVIS
2.76,2.765,2.75,2.7599,6743,2022-01-28 14:39:00,MVIS
2.755,2.755,2.74,2.745,36444,2022-01-28 14:40:00,MVIS
2.745,2.75,2.73,2.73,51733,2022-01-28 14:41:00,MVIS
2.735,2.7394,2.72,2.72,30499,2022-01-28 14:42:00,MVIS
2.725,2.7482,2.72,2.73,38651,2022-01-28 14:43:00,MVIS
2.735,2.735,2.71,2.71,21174,2022-01-28 14:44:00,MVIS
2.71,2.715,2.69,2.695,13937,2022-01-28 14:45:00,MVIS
2.695,2.6999,2.67,2.675,20271,2022-01-28 14:46:00,MVIS
2.6701,2.6701,2.65,2.65,72256,2022-01-28 14:47:00,MVIS
2.65,2.675,2.65,2.675,46276,2022-01-28 14:48:00,MVIS
2.68,2.705,2.675,2.68,31673,2022-01-28 14:49:00,MVIS
2.67,2.685,2.665,2.685,29589,2022-01-28 14:50:00,MVIS
2.6804,2.695,2.68,2.685,23594,2022-01-28 14:51:00,MVIS
2.685,2.6899,2.675,2.685,14304,2022-01-28 14:52:00,MVIS
2.685,2.685,2.67,2.67,15999,2022-01-28 14:53:00,MVIS
2.675,2.675,2.6601,2.6601,21634,2022-01-28 14:54:00,MVIS
2.6657,2.6699,2.6501,2.66,17975,2022-01-28 14:55:00,MVIS
2.655,2.665,2.65,2.665,22764,2022-01-28 14:56:00,MVIS
2.665,2.67,2.65,2.655,8300,2022-01-28 14:57:00,MVIS
2.655,2.66,2.645,2.655,26895,2022-01-28 14:58:00,MVIS
2.655,2.6585,2.645,2.65,16577,2022-01-28 14:59:00,MVIS
2.66,2.66,2.635,2.635,35740,2022-01-28 15:00:00,MVIS
2.635,2.635,2.61,2.615,13174,2022-01-28 15:01:00,MVIS
2.62,2.62,2.6101,2.615,7410,2022-01-28 15:02:00,MVIS
2.615,2.63,2.6101,2.62,29101,2022-01-28 15:03:00,MVIS
2.6235,2.63,2.615,2.615,10693,2022-01-28 15:04:00,MVIS
2.615,2.63,2.615,2.625,21770,2022-01-28 15:05:00,MVIS
2.63,2.63,2.62,2.625,12108,2022-01-28 15:06:00,MVIS
2.625,2.63,2.6201,2.625,5300,2022-01-28 15:07:00,MVIS
2.6206,2.64,2.62,2.625,33176,2022-01-28 15:08:00,MVIS
2.625,2.629,2.6219,2.625,2728,2022-01-28 15:09:00,MVIS
2.625,2.6479,2.625,2.635,38020,2022-01-28 15:10:00,MVIS
2.635,2.64,2.63,2.635,9326,2022-01-28 15:11:00,MVIS
2.635,2.66,2.635,2.655,44803,2022-01-28 15:12:00,MVIS
2.655,2.655,2.63,2.63,16875,2022-01-28 15:13:00,MVIS
2.64,2.64,2.625,2.625,6487,2022-01-28 15:14:00,MVIS
2.625,2.6296,2.62,2.62,5539,2022-01-28 15:15:00,MVIS
2.625,2.63,2.62,2.62,23213,2022-01-28 15:16:00,MVIS
2.6275,2.6366,2.625,2.635,64021,2022-01-28 15:17:00,MVIS
2.635,2.635,2.62,2.625,33832,2022-01-28 15:18:00,MVIS
2.625,2.6481,2.62,2.6481,38930,2022-01-28 15:19:00,MVIS
2.645,2.65,2.64,2.645,18761,2022-01-28 15:20:00,MVIS
2.645,2.66,2.645,2.66,59721,2022-01-28 15:21:00,MVIS
2.655,2.67,2.655,2.665,48515,2022-01-28 15:22:00,MVIS
2.6687,2.6687,2.64,2.64,36974,2022-01-28 15:23:00,MVIS
2.645,2.645,2.63,2.6313,10241,2022-01-28 15:24:00,MVIS
2.6382,2.6399,2.63,2.635,4550,2022-01-28 15:25:00,MVIS
2.6385,2.64,2.62,2.62,13133,2022-01-28 15:26:00,MVIS
2.62,2.63,2.62,2.625,16925,2022-01-28 15:27:00,MVIS
2.625,2.625,2.62,2.625,7234,2022-01-28 15:28:00,MVIS
2.62,2.6283,2.62,2.6283,2775,2022-01-28 15:29:00,MVIS
2.63,2.65,2.62,2.64,56421,2022-01-28 15:30:00,MVIS
2.64,2.65,2.64,2.64,20744,2022-01-28 15:31:00,MVIS
2.645,2.65,2.63,2.63,19466,2022-01-28 15:32:00,MVIS
2.635,2.635,2.62,2.6283,18762,2022-01-28 15:33:00,MVIS
2.625,2.625,2.62,2.625,3063,2022-01-28 15:34:00,MVIS
2.6298,2.6475,2.62,2.645,40398,2022-01-28 15:35:00,MVIS
2.645,2.66,2.6401,2.655,19000,2022-01-28 15:36:00,MVIS
2.655,2.67,2.6517,2.655,47608,2022-01-28 15:37:00,MVIS
2.655,2.6582,2.6517,2.655,3645,2022-01-28 15:38:00,MVIS
2.655,2.6583,2.64,2.64,16709,2022-01-28 15:39:00,MVIS
2.645,2.645,2.64,2.645,1430,2022-01-28 15:40:00,MVIS
2.645,2.65,2.64,2.645,40721,2022-01-28 15:41:00,MVIS
2.645,2.645,2.63,2.6399,15990,2022-01-28 15:42:00,MVIS
2.6312,2.635,2.62,2.6297,6759,2022-01-28 15:43:00,MVIS
2.62,2.64,2.62,2.64,37854,2022-01-28 15:44:00,MVIS
2.635,2.645,2.63,2.635,28975,2022-01-28 15:45:00,MVIS
2.64,2.67,2.635,2.665,23579,2022-01-28 15:46:00,MVIS
2.665,2.69,2.665,2.68,24625,2022-01-28 15:47:00,MVIS
2.675,2.68,2.67,2.675,6560,2022-01-28 15:48:00,MVIS
2.675,2.7,2.67,2.695,34074,2022-01-28 15:49:00,MVIS
2.7,2.7099,2.695,2.705,30128,2022-01-28 15:50:00,MVIS
2.705,2.7099,2.7,2.705,3450,2022-01-28 15:51:00,MVIS
2.705,2.71,2.7012,2.705,8259,2022-01-28 15:52:00,MVIS
2.705,2.71,2.705,2.705,12317,2022-01-28 15:53:00,MVIS
2.705,2.71,2.7,2.7001,9300,2022-01-28 15:54:00,MVIS
2.705,2.705,2.6942,2.695,9250,2022-01-28 15:55:00,MVIS
2.6999,2.6999,2.69,2.695,4550,2022-01-28 15:56:00,MVIS
2.695,2.71,2.6901,2.705,43094,2022-01-28 15:57:00,MVIS
2.705,2.7086,2.7013,2.705,3477,2022-01-28 15:58:00,MVIS
2.705,2.72,2.7,2.715,55247,2022-01-28 15:59:00,MVIS
2.715,2.72,2.6913,2.6913,19927,2022-01-28 16:00:00,MVIS
2.695,2.71,2.69,2.695,24145,2022-01-28 16:01:00,MVIS
2.69,2.7,2.685,2.695,18344,2022-01-28 16:02:00,MVIS
2.695,2.71,2.69,2.71,18798,2022-01-28 16:03:00,MVIS
2.715,2.715,2.7035,2.705,12792,2022-01-28 16:04:00,MVIS
2.705,2.7079,2.7,2.7079,2413,2022-01-28 16:05:00,MVIS
2.71,2.73,2.705,2.73,41382,2022-01-28 16:06:00,MVIS
2.725,2.76,2.72,2.76,55447,2022-01-28 16:07:00,MVIS
2.7588,2.78,2.7508,2.765,188618,2022-01-28 16:08:00,MVIS
2.76,2.79,2.76,2.77,253781,2022-01-28 16:09:00,MVIS
2.775,2.785,2.77,2.775,84955,2022-01-28 16:10:00,MVIS
2.775,2.78,2.77,2.775,12597,2022-01-28 16:11:00,MVIS
2.78,2.78,2.75,2.75,51318,2022-01-28 16:12:00,MVIS
2.755,2.758,2.74,2.74,30140,2022-01-28 16:13:00,MVIS
2.74,2.75,2.74,2.745,10480,2022-01-28 16:14:00,MVIS
2.745,2.75,2.74,2.745,56157,2022-01-28 16:15:00,MVIS
2.745,2.75,2.74,2.745,19882,2022-01-28 16:16:00,MVIS
2.75,2.75,2.7402,2.75,20970,2022-01-28 16:17:00,MVIS
2.745,2.75,2.745,2.745,3934,2022-01-28 16:18:00,MVIS
2.745,2.7499,2.74,2.7463,5709,2022-01-28 16:19:00,MVIS
2.745,2.7486,2.74,2.745,4389,2022-01-28 16:20:00,MVIS
2.745,2.75,2.74,2.745,7748,2022-01-28 16:21:00,MVIS
2.74,2.7487,2.725,2.725,21452,2022-01-28 16:22:00,MVIS
2.73,2.735,2.725,2.73,31045,2022-01-28 16:23:00,MVIS
2.73,2.735,2.72,2.725,11000,2022-01-28 16:24:00,MVIS
2.725,2.73,2.71,2.725,42874,2022-01-28 16:25:00,MVIS
2.735,2.74,2.73,2.735,13083,2022-01-28 16:26:00,MVIS
2.73,2.735,2.71,2.715,27421,2022-01-28 16:27:00,MVIS
2.715,2.72,2.7001,2.72,36374,2022-01-28 16:28:00,MVIS
2.725,2.7281,2.72,2.725,9642,2022-01-28 16:29:00,MVIS
2.725,2.73,2.72,2.72,12560,2022-01-28 16:30:00,MVIS
2.725,2.7299,2.7,2.705,43114,2022-01-28 16:31:00,MVIS
2.71,2.71,2.7,2.705,39201,2022-01-28 16:32:00,MVIS
2.705,2.705,2.69,2.7,33329,2022-01-28 16:33:00,MVIS
2.705,2.705,2.7,2.705,2800,2022-01-28 16:34:00,MVIS
2.705,2.72,2.7,2.715,27275,2022-01-28 16:35:00,MVIS
2.71,2.715,2.7,2.715,24867,2022-01-28 16:36:00,MVIS
2.72,2.72,2.71,2.7162,11111,2022-01-28 16:37:00,MVIS
2.715,2.72,2.71,2.715,20933,2022-01-28 16:38:00,MVIS
2.715,2.7199,2.71,2.715,4733,2022-01-28 16:39:00,MVIS
2.715,2.7186,2.7,2.705,17491,2022-01-28 16:40:00,MVIS
2.705,2.71,2.701,2.705,9430,2022-01-28 16:41:00,MVIS
2.705,2.705,2.7005,2.705,3100,2022-01-28 16:42:00,MVIS
2.705,2.725,2.705,2.715,60486,2022-01-28 16:43:00,MVIS
2.715,2.7195,2.71,2.715,7766,2022-01-28 16:44:00,MVIS
2.715,2.715,2.695,2.705,53730,2022-01-28 16:45:00,MVIS
2.705,2.73,2.705,2.72,12059,2022-01-28 16:46:00,MVIS
2.715,2.72,2.71,2.715,3240,2022-01-28 16:47:00,MVIS
2.715,2.715,2.7115,2.715,2600,2022-01-28 16:48:00,MVIS
2.715,2.715,2.705,2.705,20884,2022-01-28 16:49:00,MVIS
2.705,2.71,2.7,2.705,10707,2022-01-28 16:50:00,MVIS
2.705,2.71,2.7,2.705,4478,2022-01-28 16:51:00,MVIS
2.705,2.72,2.705,2.72,10089,2022-01-28 16:52:00,MVIS
2.715,2.72,2.715,2.715,5676,2022-01-28 16:53:00,MVIS
2.715,2.73,2.715,2.73,13895,2022-01-28 16:54:00,MVIS
2.725,2.75,2.725,2.745,10694,2022-01-28 16:55:00,MVIS
2.75,2.7685,2.745,2.76,32658,2022-01-28 16:56:00,MVIS
2.77,2.775,2.76,2.775,34193,2022-01-28 16:57:00,MVIS
2.775,2.78,2.77,2.775,11261,2022-01-28 16:58:00,MVIS
2.775,2.78,2.775,2.775,6314,2022-01-28 16:59:00,MVIS
2.7793,2.7793,2.7713,2.775,14597,2022-01-28 17:00:00,MVIS
2.775,2.775,2.77,2.775,15100,2022-01-28 17:01:00,MVIS
2.7701,2.78,2.76,2.765,12353,2022-01-28 17:02:00,MVIS
2.765,2.79,2.765,2.785,21811,2022-01-28 17:03:00,MVIS
2.785,2.79,2.78,2.785,5930,2022-01-28 17:04:00,MVIS
2.785,2.7894,2.785,2.785,4800,2022-01-28 17:05:00,MVIS
2.785,2.795,2.7848,2.7908,22549,2022-01-28 17:06:00,MVIS
2.7983,2.8,2.795,2.795,5300,2022-01-28 17:07:00,MVIS
2.795,2.8,2.7901,2.8,6505,2022-01-28 17:08:00,MVIS
2.8,2.82,2.8,2.8109,17050,2022-01-28 17:09:00,MVIS
2.82,2.82,2.8018,2.805,14838,2022-01-28 17:10:00,MVIS
2.8,2.805,2.79,2.8,50711,2022-01-28 17:11:00,MVIS
2.795,2.797,2.785,2.785,12007,2022-01-28 17:12:00,MVIS
2.785,2.7888,2.772,2.775,17643,2022-01-28 17:13:00,MVIS
2.775,2.795,2.775,2.795,25207,2022-01-28 17:14:00,MVIS
2.795,2.7999,2.79,2.7918,30824,2022-01-28 17:15:00,MVIS
2.795,2.7988,2.79,2.795,4543,2022-01-28 17:16:00,MVIS
2.795,2.8,2.795,2.795,1633,2022-01-28 17:17:00,MVIS
2.795,2.82,2.795,2.815,28388,2022-01-28 17:18:00,MVIS
2.815,2.82,2.815,2.815,3279,2022-01-28 17:19:00,MVIS
2.81,2.815,2.79,2.795,24076,2022-01-28 17:20:00,MVIS
2.795,2.795,2.7801,2.785,5402,2022-01-28 17:21:00,MVIS
2.785,2.785,2.78,2.785,4100,2022-01-28 17:22:00,MVIS
2.785,2.785,2.77,2.775,7741,2022-01-28 17:23:00,MVIS
2.775,2.775,2.77,2.775,3961,2022-01-28 17:24:00,MVIS
2.775,2.7783,2.77,2.775,7399,2022-01-28 17:25:00,MVIS
2.77,2.77,2.75,2.755,59805,2022-01-28 17:26:00,MVIS
2.755,2.77,2.755,2.765,22976,2022-01-28 17:27:00,MVIS
2.765,2.765,2.76,2.765,2700,2022-01-28 17:28:00,MVIS
2.765,2.765,2.76,2.765,2781,2022-01-28 17:29:00,MVIS
2.765,2.77,2.755,2.765,12144,2022-01-28 17:30:00,MVIS
2.765,2.77,2.765,2.765,14553,2022-01-28 17:31:00,MVIS
2.765,2.78,2.765,2.78,20299,2022-01-28 17:32:00,MVIS
2.78,2.78,2.77,2.775,10205,2022-01-28 17:33:00,MVIS
2.77,2.775,2.77,2.775,3500,2022-01-28 17:34:00,MVIS
2.775,2.775,2.765,2.765,27000,2022-01-28 17:35:00,MVIS
2.77,2.78,2.77,2.775,11702,2022-01-28 17:36:00,MVIS
2.775,2.79,2.775,2.79,7700,2022-01-28 17:37:00,MVIS
2.7899,2.79,2.78,2.785,11342,2022-01-28 17:38:00,MVIS
2.7884,2.79,2.78,2.785,2700,2022-01-28 17:39:00,MVIS
2.785,2.79,2.7801,2.79,6475,2022-01-28 17:40:00,MVIS
2.785,2.79,2.785,2.79,4700,2022-01-28 17:41:00,MVIS
2.79,2.79,2.785,2.79,2100,2022-01-28 17:42:00,MVIS
2.79,2.8,2.79,2.795,21471,2022-01-28 17:43:00,MVIS
2.8,2.815,2.791,2.815,22994,2022-01-28 17:44:00,MVIS
2.81,2.815,2.805,2.805,56906,2022-01-28 17:45:00,MVIS
2.805,2.805,2.79,2.798,29091,2022-01-28 17:46:00,MVIS
2.795,2.795,2.7813,2.7813,4275,2022-01-28 17:47:00,MVIS
2.785,2.79,2.7811,2.785,1000,2022-01-28 17:48:00,MVIS
2.785,2.785,2.7826,2.785,1050,2022-01-28 17:49:00,MVIS
2.785,2.785,2.77,2.775,2966,2022-01-28 17:50:00,MVIS
2.775,2.7799,2.773,2.775,2400,2022-01-28 17:51:00,MVIS
2.775,2.775,2.76,2.76,8823,2022-01-28 17:52:00,MVIS
2.765,2.765,2.75,2.75,6053,2022-01-28 17:53:00,MVIS
2.755,2.755,2.75,2.75,1500,2022-01-28 17:54:00,MVIS
2.75,2.75,2.74,2.745,13236,2022-01-28 17:55:00,MVIS
2.745,2.75,2.74,2.74,35083,2022-01-28 17:56:00,MVIS
2.74,2.75,2.73,2.745,48280,2022-01-28 17:57:00,MVIS
2.745,2.75,2.7401,2.745,2355,2022-01-28 17:58:00,MVIS
2.745,2.75,2.735,2.75,9998,2022-01-28 17:59:00,MVIS
2.745,2.7499,2.74,2.745,1600,2022-01-28 18:00:00,MVIS
2.745,2.75,2.7401,2.745,2250,2022-01-28 18:01:00,MVIS
2.745,2.77,2.745,2.77,18499,2022-01-28 18:02:00,MVIS
2.77,2.77,2.76,2.765,11091,2022-01-28 18:03:00,MVIS
2.765,2.77,2.76,2.765,1100,2022-01-28 18:04:00,MVIS
2.765,2.7699,2.76,2.765,1750,2022-01-28 18:05:00,MVIS
2.765,2.78,2.765,2.78,16357,2022-01-28 18:06:00,MVIS
2.775,2.775,2.775,2.775,900,2022-01-28 18:07:00,MVIS
2.78,2.78,2.7716,2.775,1201,2022-01-28 18:08:00,MVIS
2.775,2.785,2.77,2.785,9396,2022-01-28 18:09:00,MVIS
2.78,2.785,2.77,2.77,9956,2022-01-28 18:10:00,MVIS
2.775,2.785,2.775,2.785,15852,2022-01-28 18:11:00,MVIS
2.7899,2.79,2.78,2.7881,1970,2022-01-28 18:12:00,MVIS
2.79,2.79,2.785,2.785,1410,2022-01-28 18:13:00,MVIS
2.785,2.79,2.785,2.79,400,2022-01-28 18:14:00,MVIS
2.785,2.795,2.785,2.795,16383,2022-01-28 18:15:00,MVIS
2.7999,2.7999,2.785,2.79,8600,2022-01-28 18:16:00,MVIS
2.79,2.795,2.785,2.79,9456,2022-01-28 18:17:00,MVIS
2.7883,2.7883,2.785,2.785,910,2022-01-28 18:18:00,MVIS
2.785,2.79,2.785,2.79,2300,2022-01-28 18:19:00,MVIS
2.78,2.785,2.78,2.785,12677,2022-01-28 18:20:00,MVIS
2.785,2.785,2.78,2.78,3420,2022-01-28 18:21:00,MVIS
2.78,2.78,2.76,2.765,21332,2022-01-28 18:22:00,MVIS
2.765,2.765,2.76,2.76,800,2022-01-28 18:23:00,MVIS
2.765,2.77,2.76,2.765,4098,2022-01-28 18:24:00,MVIS
2.765,2.765,2.7614,2.765,2000,2022-01-28 18:25:00,MVIS
2.765,2.7699,2.76,2.765,3771,2022-01-28 18:26:00,MVIS
2.765,2.7681,2.74,2.75,38778,2022-01-28 18:27:00,MVIS
2.755,2.76,2.755,2.755,4600,2022-01-28 18:28:00,MVIS
2.75,2.76,2.75,2.7515,8044,2022-01-28 18:29:00,MVIS
2.76,2.785,2.76,2.785,14696,2022-01-28 18:30:00,MVIS
2.785,2.785,2.785,2.785,800,2022-01-28 18:31:00,MVIS
2.785,2.79,2.78,2.785,15562,2022-01-28 18:32:00,MVIS
2.79,2.79,2.7876,2.7876,797,2022-01-28 18:33:00,MVIS
2.785,2.7887,2.785,2.785,1200,2022-01-28 18:34:00,MVIS
2.785,2.79,2.78,2.785,2315,2022-01-28 18:35:00,MVIS
2.785,2.795,2.785,2.785,32084,2022-01-28 18:36:00,MVIS
2.7899,2.79,2.78,2.78,14897,2022-01-28 18:37:00,MVIS
2.778,2.785,2.775,2.785,8341,2022-01-28 18:38:00,MVIS
2.785,2.7882,2.78,2.785,3580,2022-01-28 18:39:00,MVIS
2.78,2.79,2.78,2.785,809,2022-01-28 18:40:00,MVIS
2.785,2.7879,2.78,2.785,1000,2022-01-28 18:41:00,MVIS
2.785,2.785,2.78,2.78,3480,2022-01-28 18:42:00,MVIS
2.785,2.79,2.77,2.77,7551,2022-01-28 18:43:00,MVIS
2.775,2.78,2.77,2.775,4014,2022-01-28 18:44:00,MVIS
2.7781,2.78,2.77,2.775,1400,2022-01-28 18:45:00,MVIS
2.775,2.775,2.77,2.775,1005,2022-01-28 18:46:00,MVIS
2.775,2.775,2.76,2.765,25462,2022-01-28 18:47:00,MVIS
2.765,2.78,2.76,2.77,34804,2022-01-28 18:48:00,MVIS
2.77,2.77,2.76,2.76,4376,2022-01-28 18:49:00,MVIS
2.76,2.77,2.76,2.76,2600,2022-01-28 18:50:00,MVIS
2.76,2.765,2.76,2.765,400,2022-01-28 18:51:00,MVIS
2.765,2.765,2.76,2.76,900,2022-01-28 18:52:00,MVIS
2.765,2.77,2.7609,2.7609,23411,2022-01-28 18:53:00,MVIS
2.765,2.77,2.76,2.76,5791,2022-01-28 18:54:00,MVIS
2.76,2.76,2.75,2.755,8464,2022-01-28 18:55:00,MVIS
2.755,2.765,2.75,2.76,20406,2022-01-28 18:56:00,MVIS
2.765,2.765,2.76,2.765,700,2022-01-28 18:57:00,MVIS
2.76,2.78,2.76,2.775,18563,2022-01-28 18:58:00,MVIS
2.775,2.79,2.77,2.775,16073,2022-01-28 18:59:00,MVIS
2.78,2.79,2.7705,2.785,16940,2022-01-28 19:00:00,MVIS
2.79,2.79,2.78,2.78,11900,2022-01-28 19:01:00,MVIS
2.77,2.7762,2.765,2.7681,5735,2022-01-28 19:02:00,MVIS
2.76,2.77,2.76,2.765,5355,2022-01-28 19:03:00,MVIS
2.765,2.77,2.76,2.76,2300,2022-01-28 19:04:00,MVIS
2.76,2.76,2.75,2.75,4753,2022-01-28 19:05:00,MVIS
2.755,2.755,2.74,2.745,11605,2022-01-28 19:06:00,MVIS
2.745,2.745,2.73,2.73,16417,2022-01-28 19:07:00,MVIS
2.735,2.735,2.73,2.73,980,2022-01-28 19:08:00,MVIS
2.735,2.735,2.73,2.735,1893,2022-01-28 19:09:00,MVIS
2.735,2.738,2.73,2.738,2400,2022-01-28 19:10:00,MVIS
2.735,2.735,2.725,2.725,6031,2022-01-28 19:11:00,MVIS
2.725,2.7285,2.72,2.7227,4119,2022-01-28 19:12:00,MVIS
2.7201,2.7299,2.72,2.7286,7171,2022-01-28 19:13:00,MVIS
2.725,2.725,2.71,2.71,8301,2022-01-28 19:14:00,MVIS
2.715,2.715,2.71,2.71,900,2022-01-28 19:15:00,MVIS
2.715,2.715,2.7,2.705,7785,2022-01-28 19:16:00,MVIS
2.7,2.71,2.7,2.705,21042,2022-01-28 19:17:00,MVIS
2.7,2.7099,2.695,2.695,16744,2022-01-28 19:18:00,MVIS
2.69,2.695,2.67,2.675,120859,2022-01-28 19:19:00,MVIS
2.67,2.68,2.67,2.675,1036,2022-01-28 19:20:00,MVIS
2.67,2.675,2.67,2.675,200,2022-01-28 19:21:00,MVIS
2.67,2.675,2.67,2.675,900,2022-01-28 19:22:00,MVIS
2.675,2.675,2.67,2.675,11901,2022-01-28 19:23:00,MVIS
2.675,2.6793,2.675,2.675,7722,2022-01-28 19:24:00,MVIS
2.675,2.6788,2.67,2.675,4650,2022-01-28 19:25:00,MVIS
2.67,2.695,2.67,2.695,75215,2022-01-28 19:26:00,MVIS
2.695,2.7,2.69,2.695,7248,2022-01-28 19:27:00,MVIS
2.695,2.7,2.69,2.695,21100,2022-01-28 19:28:00,MVIS
2.695,2.695,2.68,2.68,10500,2022-01-28 19:29:00,MVIS
2.685,2.6873,2.68,2.685,1496,2022-01-28 19:30:00,MVIS
2.685,2.69,2.68,2.685,32095,2022-01-28 19:31:00,MVIS
2.685,2.6884,2.68,2.685,1864,2022-01-28 19:32:00,MVIS
2.685,2.685,2.68,2.685,5975,2022-01-28 19:33:00,MVIS
2.68,2.685,2.68,2.685,1200,2022-01-28 19:34:00,MVIS
2.68,2.6857,2.68,2.685,3700,2022-01-28 19:35:00,MVIS
2.68,2.705,2.68,2.705,75122,2022-01-28 19:36:00,MVIS
2.705,2.705,2.69,2.7,17228,2022-01-28 19:37:00,MVIS
2.7,2.7,2.695,2.695,4855,2022-01-28 19:38:00,MVIS
2.695,2.7,2.69,2.695,6800,2022-01-28 19:39:00,MVIS
2.7,2.735,2.695,2.72,81954,2022-01-28 19:40:00,MVIS
2.715,2.72,2.71,2.718,620,2022-01-28 19:41:00,MVIS
2.715,2.725,2.715,2.725,11584,2022-01-28 19:42:00,MVIS
2.725,2.725,2.7211,2.725,2800,2022-01-28 19:43:00,MVIS
2.725,2.7286,2.725,2.725,2881,2022-01-28 19:44:00,MVIS
2.725,2.73,2.715,2.715,11142,2022-01-28 19:45:00,MVIS
2.715,2.715,2.71,2.715,800,2022-01-28 19:46:00,MVIS
2.715,2.715,2.7,2.705,6472,2022-01-28 19:47:00,MVIS
2.705,2.71,2.7,2.705,33901,2022-01-28 19:48:00,MVIS
2.7,2.71,2.7,2.705,3750,2022-01-28 19:49:00,MVIS
2.705,2.705,2.7,2.705,1841,2022-01-28 19:50:00,MVIS
2.705,2.7099,2.705,2.705,1050,2022-01-28 19:51:00,MVIS
2.705,2.71,2.7,2.7,1742,2022-01-28 19:52:00,MVIS
2.705,2.705,2.7,2.705,9691,2022-01-28 19:53:00,MVIS
2.7,2.705,2.7,2.705,2758,2022-01-28 19:54:00,MVIS
2.705,2.74,2.705,2.735,64849,2022-01-28 19:55:00,MVIS
2.735,2.74,2.73,2.735,1900,2022-01-28 19:56:00,MVIS
2.735,2.735,2.735,2.735,1600,2022-01-28 19:57:00,MVIS
2.74,2.74,2.7311,2.735,4518,2022-01-28 19:58:00,MVIS
2.7338,2.7363,2.7338,2.735,1801,2022-01-28 19:59:00,MVIS
2.735,2.76,2.735,2.755,39229,2022-01-28 20:00:00,MVIS
2.755,2.755,2.745,2.745,9739,2022-01-28 20:01:00,MVIS
2.745,2.745,2.74,2.74,400,2022-01-28 20:02:00,MVIS
2.745,2.75,2.745,2.745,4092,2022-01-28 20:03:00,MVIS
2.745,2.7499,2.745,2.745,700,2022-01-28 20:04:00,MVIS
2.745,2.745,2.7401,2.745,1700,2022-01-28 20:05:00,MVIS
2.745,2.745,2.74,2.745,2459,2022-01-28 20:06:00,MVIS
2.745,2.745,2.73,2.735,16590,2022-01-28 20:07:00,MVIS
2.735,2.74,2.72,2.72,42233,2022-01-28 20:08:00,MVIS
2.725,2.725,2.72,2.725,2900,2022-01-28 20:09:00,MVIS
2.72,2.725,2.71,2.715,25156,2022-01-28 20:10:00,MVIS
2.7123,2.7188,2.71,2.7188,2800,2022-01-28 20:11:00,MVIS
2.715,2.72,2.705,2.705,8950,2022-01-28 20:12:00,MVIS
2.705,2.7086,2.7,2.705,2199,2022-01-28 20:13:00,MVIS
2.705,2.705,2.7,2.705,2550,2022-01-28 20:14:00,MVIS
2.705,2.75,2.705,2.75,95960,2022-01-28 20:15:00,MVIS
2.745,2.75,2.74,2.745,4177,2022-01-28 20:16:00,MVIS
2.745,2.745,2.7425,2.745,2051,2022-01-28 20:17:00,MVIS
2.74,2.74,2.735,2.735,17914,2022-01-28 20:18:00,MVIS
2.735,2.7386,2.735,2.735,1734,2022-01-28 20:19:00,MVIS
2.735,2.76,2.735,2.755,36785,2022-01-28 20:20:00,MVIS
2.76,2.77,2.755,2.7608,6269,2022-01-28 20:21:00,MVIS
2.7696,2.7696,2.765,2.765,2381,2022-01-28 20:22:00,MVIS
2.765,2.765,2.75,2.755,14863,2022-01-28 20:23:00,MVIS
2.7514,2.755,2.7514,2.755,2000,2022-01-28 20:24:00,MVIS
2.755,2.755,2.7525,2.755,2432,2022-01-28 20:25:00,MVIS
2.755,2.7585,2.75,2.755,2850,2022-01-28 20:26:00,MVIS
2.755,2.7599,2.75,2.755,4019,2022-01-28 20:27:00,MVIS
2.755,2.7584,2.75,2.755,3387,2022-01-28 20:28:00,MVIS
2.755,2.755,2.75,2.755,2900,2022-01-28 20:29:00,MVIS
2.755,2.7586,2.74,2.745,12537,2022-01-28 20:30:00,MVIS
2.74,2.745,2.73,2.735,17316,2022-01-28 20:31:00,MVIS
2.73,2.735,2.73,2.735,3181,2022-01-28 20:32:00,MVIS
2.735,2.75,2.735,2.75,94821,2022-01-28 20:33:00,MVIS
2.745,2.755,2.745,2.75,10750,2022-01-28 20:34:00,MVIS
2.755,2.755,2.74,2.7492,17452,2022-01-28 20:35:00,MVIS
2.745,2.7481,2.74,2.745,2754,2022-01-28 20:36:00,MVIS
2.745,2.745,2.7406,2.745,1401,2022-01-28 20:37:00,MVIS
2.74,2.7499,2.74,2.745,22216,2022-01-28 20:38:00,MVIS
2.745,2.75,2.74,2.745,24236,2022-01-28 20:39:00,MVIS
2.75,2.77,2.745,2.765,36212,2022-01-28 20:40:00,MVIS
2.765,2.77,2.765,2.765,5974,2022-01-28 20:41:00,MVIS
2.765,2.77,2.76,2.765,5806,2022-01-28 20:42:00,MVIS
2.765,2.77,2.76,2.76,17888,2022-01-28 20:43:00,MVIS
2.77,2.79,2.765,2.79,54520,2022-01-28 20:44:00,MVIS
2.79,2.79,2.78,2.785,27783,2022-01-28 20:45:00,MVIS
2.785,2.79,2.7801,2.785,12655,2022-01-28 20:46:00,MVIS
2.79,2.79,2.785,2.785,6100,2022-01-28 20:47:00,MVIS
2.785,2.79,2.785,2.785,8300,2022-01-28 20:48:00,MVIS
2.785,2.79,2.78,2.785,12985,2022-01-28 20:49:00,MVIS
2.79,2.81,2.785,2.81,61079,2022-01-28 20:50:00,MVIS
2.81,2.81,2.8,2.805,9546,2022-01-28 20:51:00,MVIS
2.805,2.81,2.8,2.805,28100,2022-01-28 20:52:00,MVIS
2.805,2.81,2.8,2.805,14692,2022-01-28 20:53:00,MVIS
2.805,2.81,2.8,2.805,61590,2022-01-28 20:54:00,MVIS
2.81,2.81,2.8016,2.81,22116,2022-01-28 20:55:00,MVIS
2.805,2.81,2.8,2.81,32499,2022-01-28 20:56:00,MVIS
2.805,2.81,2.8,2.805,40634,2022-01-28 20:57:00,MVIS
2.81,2.81,2.8,2.81,39481,2022-01-28 20:58:00,MVIS
2.805,2.82,2.8,2.82,154463,2022-01-28 20:59:00,MVIS
2.82,2.85,2.82,2.85,64695,2022-01-28 21:00:00,MVIS
2.85,2.85,2.84,2.84,300,2022-01-28 21:01:00,MVIS
2.84,2.84,2.84,2.84,555,2022-01-28 21:04:00,MVIS
2.83,2.83,2.83,2.83,300,2022-01-28 21:06:00,MVIS
2.83,2.83,2.83,2.83,100,2022-01-28 21:10:00,MVIS
2.82,2.82,2.82,2.82,1475,2022-01-28 21:13:00,MVIS
2.82,2.82,2.82,2.82,175,2022-01-28 21:14:00,MVIS
2.82,2.82,2.82,2.82,200,2022-01-28 21:15:00,MVIS
2.82,2.82,2.82,2.82,200,2022-01-28 21:16:00,MVIS
2.8,2.8,2.8,2.8,400,2022-01-28 21:18:00,MVIS
2.78,2.78,2.78,2.78,100,2022-01-28 21:26:00,MVIS
2.76,2.77,2.76,2.77,5179,2022-01-28 21:39:00,MVIS
2.82,2.82,2.82,2.82,341,2022-01-28 21:41:00,MVIS
2.82,2.82,2.82,2.82,100,2022-01-28 21:44:00,MVIS
2.82,2.82,2.82,2.82,100,2022-01-28 21:48:00,MVIS
2.82,2.82,2.82,2.82,232,2022-01-28 21:50:00,MVIS
2.82,2.82,2.82,2.82,100,2022-01-28 21:52:00,MVIS
2.82,2.82,2.82,2.82,1304,2022-01-28 21:54:00,MVIS
2.82,2.82,2.82,2.82,100,2022-01-28 22:12:00,MVIS
2.81,2.81,2.81,2.81,100,2022-01-28 22:20:00,MVIS
2.82,2.82,2.82,2.82,100,2022-01-28 22:37:00,MVIS
2.78,2.78,2.78,2.78,2000,2022-01-28 22:42:00,MVIS
2.8,2.8,2.8,2.8,303,2022-01-28 22:50:00,MVIS
2.81,2.81,2.81,2.81,200,2022-01-28 22:59:00,MVIS
2.81,2.81,2.81,2.81,600,2022-01-28 23:00:00,MVIS
2.8,2.8,2.8,2.8,150,2022-01-28 23:56:00,MVIS
2.81,2.81,2.81,2.81,300,2022-01-29 00:16:00,MVIS
2.81,2.81,2.81,2.81,200,2022-01-29 00:17:00,MVIS
2.81,2.81,2.81,2.81,200,2022-01-29 00:30:00,MVIS
2.81,2.81,2.81,2.81,200,2022-01-29 00:33:00,MVIS
2.8,2.8,2.8,2.8,478,2022-01-29 00:36:00,MVIS
2.8,2.8,2.8,2.8,1500,2022-01-29 00:41:00,MVIS
2.8,2.8,2.8,2.8,500,2022-01-29 00:43:00,MVIS
2.82,2.82,2.82,2.82,500,2022-01-29 00:48:00,MVIS
2.83,2.83,2.83,2.83,165,2022-01-29 00:59:00,MVIS
