open,high,low,close,volume,datetime,symbol
20.04,20.16,20.04,20.16,417,2022-02-09 14:29:00,LESL
20.16,20.25,20.0,20.0,14602,2022-02-09 14:30:00,LESL
20.05,20.23,20.01,20.23,15225,2022-02-09 14:31:00,LESL
20.195,20.205,20.16,20.16,800,2022-02-09 14:32:00,LESL
20.19,20.35,20.19,20.265,18545,2022-02-09 14:33:00,LESL
20.265,20.41,20.2175,20.28,36108,2022-02-09 14:34:00,LESL
20.275,20.275,20.235,20.235,4700,2022-02-09 14:35:00,LESL
20.18,20.2,20.15,20.19,16250,2022-02-09 14:36:00,LESL
20.15,20.25,20.11,20.13,42000,2022-02-09 14:37:00,LESL
20.13,20.21,20.13,20.21,4299,2022-02-09 14:38:00,LESL
20.23,20.25,20.2,20.21,1043,2022-02-09 14:39:00,LESL
20.225,20.24,20.12,20.13,2200,2022-02-09 14:40:00,LESL
20.11,20.16,20.1,20.135,2000,2022-02-09 14:41:00,LESL
20.12,20.17,20.12,20.155,1059,2022-02-09 14:42:00,LESL
20.155,20.1795,20.155,20.16,1800,2022-02-09 14:43:00,LESL
20.19,20.19,20.16,20.18,1043,2022-02-09 14:44:00,LESL
20.255,20.255,20.255,20.255,200,2022-02-09 14:46:00,LESL
20.27,20.27,20.2,20.25,1000,2022-02-09 14:47:00,LESL
20.2229,20.25,20.22,20.24,1200,2022-02-09 14:48:00,LESL
20.21,20.23,20.21,20.23,300,2022-02-09 14:49:00,LESL
20.205,20.28,20.2,20.28,3143,2022-02-09 14:50:00,LESL
20.25,20.32,20.25,20.32,4887,2022-02-09 14:51:00,LESL
20.28,20.29,20.27,20.29,2793,2022-02-09 14:52:00,LESL
20.28,20.32,20.275,20.32,4265,2022-02-09 14:53:00,LESL
20.31,20.315,20.265,20.27,5754,2022-02-09 14:54:00,LESL
20.26,20.28,20.255,20.255,500,2022-02-09 14:55:00,LESL
20.28,20.28,20.23,20.235,1800,2022-02-09 14:56:00,LESL
20.25,20.27,20.24,20.24,2271,2022-02-09 14:57:00,LESL
20.235,20.25,20.235,20.235,1000,2022-02-09 14:58:00,LESL
20.25,20.415,20.25,20.415,5148,2022-02-09 14:59:00,LESL
20.42,20.42,20.41,20.41,500,2022-02-09 15:00:00,LESL
20.41,20.455,20.405,20.455,14528,2022-02-09 15:01:00,LESL
20.46,20.48,20.46,20.46,2581,2022-02-09 15:02:00,LESL
20.47,20.5,20.45,20.5,3200,2022-02-09 15:03:00,LESL
20.51,20.54,20.51,20.54,500,2022-02-09 15:04:00,LESL
20.54,20.54,20.46,20.46,9102,2022-02-09 15:05:00,LESL
20.455,20.47,20.4,20.4,800,2022-02-09 15:06:00,LESL
20.42,20.42,20.415,20.415,200,2022-02-09 15:07:00,LESL
20.41,20.48,20.41,20.48,3500,2022-02-09 15:08:00,LESL
20.475,20.475,20.45,20.45,2100,2022-02-09 15:09:00,LESL
20.45,20.45,20.42,20.42,6700,2022-02-09 15:10:00,LESL
20.41,20.42,20.4,20.42,300,2022-02-09 15:11:00,LESL
20.405,20.405,20.38,20.38,1550,2022-02-09 15:12:00,LESL
20.36,20.43,20.36,20.42,7819,2022-02-09 15:13:00,LESL
20.42,20.43,20.41,20.43,1100,2022-02-09 15:14:00,LESL
20.45,20.47,20.43,20.44,4177,2022-02-09 15:15:00,LESL
20.45,20.45,20.45,20.45,1135,2022-02-09 15:16:00,LESL
20.45,20.47,20.45,20.47,2454,2022-02-09 15:17:00,LESL
20.47,20.47,20.45,20.455,1787,2022-02-09 15:18:00,LESL
20.46,20.46,20.405,20.405,1800,2022-02-09 15:19:00,LESL
20.405,20.42,20.4,20.42,2142,2022-02-09 15:20:00,LESL
20.43,20.4334,20.42,20.4334,1400,2022-02-09 15:21:00,LESL
20.44,20.44,20.43,20.43,700,2022-02-09 15:22:00,LESL
20.43,20.45,20.43,20.44,2582,2022-02-09 15:23:00,LESL
20.445,20.445,20.44,20.44,700,2022-02-09 15:24:00,LESL
20.435,20.46,20.435,20.455,1800,2022-02-09 15:25:00,LESL
20.46,20.499,20.46,20.499,1248,2022-02-09 15:26:00,LESL
20.51,20.51,20.51,20.51,200,2022-02-09 15:27:00,LESL
20.5,20.52,20.5,20.51,2900,2022-02-09 15:28:00,LESL
20.51,20.51,20.5,20.5,500,2022-02-09 15:29:00,LESL
20.5,20.52,20.49,20.49,1407,2022-02-09 15:30:00,LESL
20.5,20.51,20.49,20.49,600,2022-02-09 15:31:00,LESL
20.5,20.53,20.5,20.53,2310,2022-02-09 15:32:00,LESL
20.52,20.53,20.51,20.53,723,2022-02-09 15:33:00,LESL
20.52,20.52,20.48,20.48,7600,2022-02-09 15:34:00,LESL
20.49,20.49,20.48,20.49,1100,2022-02-09 15:35:00,LESL
20.5,20.52,20.5,20.511,2955,2022-02-09 15:36:00,LESL
20.52,20.52,20.51,20.51,500,2022-02-09 15:37:00,LESL
20.52,20.53,20.51,20.52,4925,2022-02-09 15:38:00,LESL
20.51,20.51,20.51,20.51,100,2022-02-09 15:39:00,LESL
20.52,20.53,20.515,20.52,3427,2022-02-09 15:40:00,LESL
20.515,20.52,20.505,20.51,977,2022-02-09 15:41:00,LESL
20.51,20.53,20.475,20.475,4861,2022-02-09 15:43:00,LESL
20.48,20.48,20.47,20.48,1400,2022-02-09 15:44:00,LESL
20.47,20.47,20.44,20.45,1937,2022-02-09 15:45:00,LESL
20.46,20.49,20.46,20.49,2332,2022-02-09 15:46:00,LESL
20.5,20.5,20.5,20.5,500,2022-02-09 15:47:00,LESL
20.5,20.52,20.5,20.52,1700,2022-02-09 15:48:00,LESL
20.51,20.51,20.51,20.51,1000,2022-02-09 15:49:00,LESL
20.51,20.53,20.5,20.52,2456,2022-02-09 15:50:00,LESL
20.52,20.53,20.52,20.52,705,2022-02-09 15:51:00,LESL
20.52,20.5229,20.52,20.5229,786,2022-02-09 15:52:00,LESL
20.525,20.53,20.52,20.52,2000,2022-02-09 15:53:00,LESL
20.52,20.52,20.5,20.51,1208,2022-02-09 15:54:00,LESL
20.5,20.54,20.5,20.54,3370,2022-02-09 15:55:00,LESL
20.54,20.54,20.51,20.53,3342,2022-02-09 15:56:00,LESL
20.53,20.53,20.505,20.505,1000,2022-02-09 15:57:00,LESL
20.505,20.53,20.5,20.52,3380,2022-02-09 15:58:00,LESL
20.511,20.55,20.511,20.55,2598,2022-02-09 15:59:00,LESL
20.56,20.575,20.56,20.575,1540,2022-02-09 16:00:00,LESL
20.57,20.575,20.56,20.5702,1300,2022-02-09 16:01:00,LESL
20.56,20.57,20.55,20.56,948,2022-02-09 16:02:00,LESL
20.56,20.575,20.55,20.57,1600,2022-02-09 16:03:00,LESL
20.575,20.58,20.56,20.58,1726,2022-02-09 16:04:00,LESL
20.57,20.595,20.56,20.59,1700,2022-02-09 16:05:00,LESL
20.59,20.59,20.56,20.56,800,2022-02-09 16:06:00,LESL
20.56,20.56,20.56,20.56,700,2022-02-09 16:07:00,LESL
20.56,20.56,20.54,20.5493,1880,2022-02-09 16:08:00,LESL
20.55,20.565,20.55,20.55,2048,2022-02-09 16:09:00,LESL
20.55,20.59,20.55,20.59,1838,2022-02-09 16:10:00,LESL
20.58,20.59,20.57,20.57,990,2022-02-09 16:11:00,LESL
20.58,20.58,20.58,20.58,100,2022-02-09 16:12:00,LESL
20.57,20.58,20.53,20.53,1279,2022-02-09 16:13:00,LESL
20.53,20.555,20.53,20.54,1700,2022-02-09 16:14:00,LESL
20.534,20.55,20.534,20.54,866,2022-02-09 16:15:00,LESL
20.55,20.55,20.54,20.55,1002,2022-02-09 16:16:00,LESL
20.54,20.54,20.53,20.53,900,2022-02-09 16:17:00,LESL
20.54,20.54,20.54,20.54,1688,2022-02-09 16:18:00,LESL
20.54,20.54,20.54,20.54,500,2022-02-09 16:19:00,LESL
20.54,20.54,20.54,20.54,500,2022-02-09 16:20:00,LESL
20.54,20.54,20.52,20.52,4376,2022-02-09 16:21:00,LESL
20.53,20.53,20.53,20.53,400,2022-02-09 16:22:00,LESL
20.53,20.53,20.53,20.53,200,2022-02-09 16:23:00,LESL
20.525,20.55,20.52,20.55,6058,2022-02-09 16:24:00,LESL
20.545,20.555,20.54,20.55,4148,2022-02-09 16:25:00,LESL
20.55,20.555,20.55,20.55,1518,2022-02-09 16:26:00,LESL
20.545,20.57,20.545,20.56,3312,2022-02-09 16:27:00,LESL
20.555,20.56,20.555,20.56,1100,2022-02-09 16:28:00,LESL
20.555,20.56,20.54,20.545,3700,2022-02-09 16:29:00,LESL
20.55,20.55,20.53,20.54,4590,2022-02-09 16:30:00,LESL
20.53,20.55,20.53,20.55,1700,2022-02-09 16:31:00,LESL
20.54,20.54,20.53,20.53,1075,2022-02-09 16:32:00,LESL
20.53,20.54,20.53,20.53,2164,2022-02-09 16:33:00,LESL
20.53,20.53,20.52,20.53,2571,2022-02-09 16:34:00,LESL
20.53,20.55,20.53,20.545,2577,2022-02-09 16:35:00,LESL
20.545,20.565,20.545,20.56,2300,2022-02-09 16:36:00,LESL
20.5699,20.5699,20.545,20.545,2200,2022-02-09 16:37:00,LESL
20.54,20.54,20.51,20.51,551,2022-02-09 16:38:00,LESL
20.52,20.52,20.52,20.52,100,2022-02-09 16:39:00,LESL
20.51,20.51,20.51,20.51,200,2022-02-09 16:40:00,LESL
20.51,20.62,20.51,20.6,19847,2022-02-09 16:41:00,LESL
20.59,20.59,20.57,20.57,1261,2022-02-09 16:42:00,LESL
20.58,20.59,20.57,20.57,561,2022-02-09 16:43:00,LESL
20.59,20.59,20.57,20.59,1295,2022-02-09 16:44:00,LESL
20.59,20.62,20.59,20.6,4700,2022-02-09 16:45:00,LESL
20.6,20.62,20.6,20.61,3941,2022-02-09 16:46:00,LESL
20.61,20.62,20.61,20.61,10506,2022-02-09 16:47:00,LESL
20.61,20.64,20.605,20.64,3439,2022-02-09 16:48:00,LESL
20.64,20.71,20.64,20.71,4337,2022-02-09 16:49:00,LESL
20.71,20.72,20.69,20.695,7469,2022-02-09 16:50:00,LESL
20.7,20.72,20.7,20.7,3502,2022-02-09 16:51:00,LESL
20.695,20.695,20.675,20.675,1252,2022-02-09 16:52:00,LESL
20.68,20.695,20.68,20.69,2559,2022-02-09 16:53:00,LESL
20.6787,20.68,20.655,20.655,1500,2022-02-09 16:54:00,LESL
20.65,20.67,20.65,20.67,36810,2022-02-09 16:55:00,LESL
20.66,20.69,20.66,20.69,1326,2022-02-09 16:56:00,LESL
20.69,20.69,20.69,20.69,811,2022-02-09 16:57:00,LESL
20.69,20.69,20.665,20.665,1200,2022-02-09 16:58:00,LESL
20.67,20.67,20.66,20.66,700,2022-02-09 16:59:00,LESL
20.66,20.68,20.655,20.655,1613,2022-02-09 17:00:00,LESL
20.66,20.665,20.65,20.665,1649,2022-02-09 17:01:00,LESL
20.665,20.685,20.65,20.675,3000,2022-02-09 17:02:00,LESL
20.68,20.69,20.68,20.69,918,2022-02-09 17:03:00,LESL
20.68,20.685,20.67,20.685,2080,2022-02-09 17:04:00,LESL
20.68,20.68,20.67,20.67,4834,2022-02-09 17:05:00,LESL
20.68,20.68,20.66,20.66,911,2022-02-09 17:06:00,LESL
20.67,20.67,20.63,20.63,2960,2022-02-09 17:07:00,LESL
20.63,20.63,20.59,20.59,800,2022-02-09 17:08:00,LESL
20.6,20.61,20.58,20.58,5126,2022-02-09 17:09:00,LESL
20.59,20.61,20.59,20.605,4024,2022-02-09 17:10:00,LESL
20.61,20.61,20.6,20.6,1581,2022-02-09 17:11:00,LESL
20.59,20.59,20.575,20.58,1315,2022-02-09 17:12:00,LESL
20.59,20.6,20.59,20.6,3352,2022-02-09 17:13:00,LESL
20.6,20.61,20.59,20.61,700,2022-02-09 17:14:00,LESL
20.59,20.6,20.59,20.6,300,2022-02-09 17:15:00,LESL
20.6,20.6,20.6,20.6,600,2022-02-09 17:16:00,LESL
20.6,20.62,20.6,20.61,2102,2022-02-09 17:17:00,LESL
20.6174,20.62,20.615,20.62,663,2022-02-09 17:18:00,LESL
20.62,20.64,20.62,20.64,1300,2022-02-09 17:19:00,LESL
20.64,20.65,20.64,20.65,1452,2022-02-09 17:20:00,LESL
20.65,20.66,20.6425,20.645,900,2022-02-09 17:21:00,LESL
20.65,20.66,20.645,20.645,3299,2022-02-09 17:22:00,LESL
20.63,20.64,20.62,20.62,400,2022-02-09 17:23:00,LESL
20.62,20.63,20.62,20.63,300,2022-02-09 17:24:00,LESL
20.6,20.63,20.6,20.63,1000,2022-02-09 17:25:00,LESL
20.62,20.63,20.62,20.62,700,2022-02-09 17:26:00,LESL
20.62,20.62,20.605,20.605,580,2022-02-09 17:27:00,LESL
20.61,20.61,20.59,20.59,1200,2022-02-09 17:28:00,LESL
20.58,20.58,20.555,20.56,835,2022-02-09 17:29:00,LESL
20.555,20.56,20.55,20.55,3237,2022-02-09 17:30:00,LESL
20.55,20.57,20.55,20.56,2128,2022-02-09 17:31:00,LESL
20.57,20.57,20.56,20.56,300,2022-02-09 17:32:00,LESL
20.56,20.57,20.56,20.565,616,2022-02-09 17:33:00,LESL
20.56,20.56,20.51,20.51,1000,2022-02-09 17:34:00,LESL
20.51,20.51,20.505,20.505,2160,2022-02-09 17:35:00,LESL
20.52,20.525,20.52,20.525,2050,2022-02-09 17:36:00,LESL
20.53,20.56,20.53,20.56,2500,2022-02-09 17:37:00,LESL
20.57,20.57,20.57,20.57,100,2022-02-09 17:38:00,LESL
20.569,20.569,20.56,20.56,755,2022-02-09 17:39:00,LESL
20.57,20.57,20.57,20.57,400,2022-02-09 17:40:00,LESL
20.58,20.58,20.57,20.57,900,2022-02-09 17:41:00,LESL
20.58,20.58,20.57,20.57,500,2022-02-09 17:42:00,LESL
20.57,20.6,20.57,20.6,2809,2022-02-09 17:43:00,LESL
20.6,20.61,20.6,20.61,2436,2022-02-09 17:44:00,LESL
20.61,20.61,20.603,20.603,461,2022-02-09 17:45:00,LESL
20.61,20.61,20.59,20.59,902,2022-02-09 17:46:00,LESL
20.58,20.6,20.57,20.57,969,2022-02-09 17:47:00,LESL
20.57,20.585,20.57,20.585,1781,2022-02-09 17:48:00,LESL
20.59,20.605,20.59,20.6,3000,2022-02-09 17:49:00,LESL
20.6,20.6,20.585,20.585,504,2022-02-09 17:50:00,LESL
20.5799,20.5799,20.5799,20.5799,500,2022-02-09 17:51:00,LESL
20.57,20.58,20.57,20.58,200,2022-02-09 17:52:00,LESL
20.58,20.59,20.58,20.59,2648,2022-02-09 17:53:00,LESL
20.6,20.61,20.6,20.6,1957,2022-02-09 17:54:00,LESL
20.6,20.6,20.6,20.6,300,2022-02-09 17:55:00,LESL
20.61,20.61,20.6,20.6,700,2022-02-09 17:56:00,LESL
20.59,20.61,20.59,20.6,300,2022-02-09 17:57:00,LESL
20.61,20.61,20.61,20.61,2004,2022-02-09 17:58:00,LESL
20.61,20.62,20.6,20.61,900,2022-02-09 17:59:00,LESL
20.604,20.604,20.58,20.58,868,2022-02-09 18:00:00,LESL
20.6,20.64,20.6,20.64,1940,2022-02-09 18:01:00,LESL
20.65,20.65,20.63,20.63,600,2022-02-09 18:02:00,LESL
20.64,20.64,20.635,20.64,500,2022-02-09 18:03:00,LESL
20.64,20.65,20.635,20.65,801,2022-02-09 18:04:00,LESL
20.64,20.64,20.64,20.64,700,2022-02-09 18:05:00,LESL
20.65,20.665,20.65,20.66,1980,2022-02-09 18:06:00,LESL
20.66,20.66,20.66,20.66,952,2022-02-09 18:07:00,LESL
20.65,20.65,20.65,20.65,688,2022-02-09 18:08:00,LESL
20.64,20.64,20.64,20.64,486,2022-02-09 18:09:00,LESL
20.63,20.64,20.63,20.64,900,2022-02-09 18:10:00,LESL
20.64,20.65,20.64,20.64,1149,2022-02-09 18:12:00,LESL
20.63,20.65,20.63,20.65,2331,2022-02-09 18:13:00,LESL
20.65,20.65,20.64,20.65,786,2022-02-09 18:14:00,LESL
20.65,20.66,20.65,20.66,844,2022-02-09 18:15:00,LESL
20.645,20.645,20.645,20.645,300,2022-02-09 18:16:00,LESL
20.63,20.65,20.63,20.65,700,2022-02-09 18:17:00,LESL
20.63,20.65,20.63,20.64,800,2022-02-09 18:19:00,LESL
20.635,20.66,20.635,20.655,1741,2022-02-09 18:20:00,LESL
20.66,20.66,20.66,20.66,100,2022-02-09 18:21:00,LESL
20.66,20.66,20.65,20.66,400,2022-02-09 18:23:00,LESL
20.66,20.67,20.66,20.67,1995,2022-02-09 18:24:00,LESL
20.66,20.66,20.65,20.65,1522,2022-02-09 18:25:00,LESL
20.6564,20.66,20.6564,20.66,678,2022-02-09 18:26:00,LESL
20.66,20.66,20.66,20.66,700,2022-02-09 18:27:00,LESL
20.67,20.67,20.65,20.655,1000,2022-02-09 18:28:00,LESL
20.645,20.65,20.645,20.65,300,2022-02-09 18:29:00,LESL
20.645,20.66,20.64,20.66,1612,2022-02-09 18:30:00,LESL
20.65,20.65,20.65,20.65,500,2022-02-09 18:31:00,LESL
20.66,20.665,20.66,20.665,1100,2022-02-09 18:32:00,LESL
20.67,20.67,20.67,20.67,100,2022-02-09 18:33:00,LESL
20.66,20.66,20.65,20.66,2493,2022-02-09 18:34:00,LESL
20.635,20.635,20.63,20.63,300,2022-02-09 18:35:00,LESL
20.63,20.64,20.63,20.64,1951,2022-02-09 18:36:00,LESL
20.65,20.66,20.65,20.66,1300,2022-02-09 18:37:00,LESL
20.66,20.67,20.65,20.65,1000,2022-02-09 18:38:00,LESL
20.63,20.64,20.625,20.625,500,2022-02-09 18:39:00,LESL
20.64,20.64,20.63,20.63,1603,2022-02-09 18:40:00,LESL
20.64,20.64,20.63,20.63,509,2022-02-09 18:41:00,LESL
20.63,20.64,20.63,20.64,500,2022-02-09 18:42:00,LESL
20.62,20.62,20.6,20.6,3920,2022-02-09 18:43:00,LESL
20.595,20.6,20.595,20.6,500,2022-02-09 18:44:00,LESL
20.595,20.595,20.585,20.59,913,2022-02-09 18:45:00,LESL
20.585,20.59,20.58,20.59,772,2022-02-09 18:46:00,LESL
20.585,20.585,20.565,20.5695,2740,2022-02-09 18:47:00,LESL
20.58,20.58,20.57,20.57,200,2022-02-09 18:48:00,LESL
20.575,20.58,20.575,20.58,300,2022-02-09 18:49:00,LESL
20.575,20.575,20.575,20.575,100,2022-02-09 18:50:00,LESL
20.58,20.58,20.56,20.5785,6005,2022-02-09 18:51:00,LESL
20.57,20.58,20.57,20.57,1100,2022-02-09 18:52:00,LESL
20.58,20.59,20.565,20.59,4000,2022-02-09 18:53:00,LESL
20.6,20.62,20.6,20.62,1507,2022-02-09 18:54:00,LESL
20.63,20.63,20.625,20.63,400,2022-02-09 18:55:00,LESL
20.63,20.63,20.63,20.63,300,2022-02-09 18:56:00,LESL
20.635,20.64,20.63,20.63,1318,2022-02-09 18:57:00,LESL
20.63,20.64,20.63,20.64,400,2022-02-09 18:58:00,LESL
20.63,20.655,20.63,20.655,3744,2022-02-09 18:59:00,LESL
20.65,20.67,20.65,20.67,5649,2022-02-09 19:00:00,LESL
20.67,20.68,20.67,20.68,200,2022-02-09 19:01:00,LESL
20.665,20.665,20.6525,20.6525,1200,2022-02-09 19:02:00,LESL
20.655,20.655,20.63,20.65,2951,2022-02-09 19:03:00,LESL
20.66,20.66,20.65,20.65,1600,2022-02-09 19:04:00,LESL
20.65,20.66,20.64,20.66,1362,2022-02-09 19:05:00,LESL
20.67,20.685,20.67,20.685,1072,2022-02-09 19:06:00,LESL
20.69,20.69,20.69,20.69,700,2022-02-09 19:07:00,LESL
20.675,20.675,20.665,20.675,1170,2022-02-09 19:09:00,LESL
20.67,20.68,20.67,20.6716,2103,2022-02-09 19:10:00,LESL
20.68,20.69,20.68,20.68,1600,2022-02-09 19:11:00,LESL
20.7,20.7,20.6675,20.6675,1247,2022-02-09 19:12:00,LESL
20.665,20.68,20.66,20.68,1100,2022-02-09 19:13:00,LESL
20.68,20.69,20.68,20.69,1700,2022-02-09 19:14:00,LESL
20.685,20.7,20.67,20.695,1715,2022-02-09 19:15:00,LESL
20.7,20.7,20.7,20.7,210,2022-02-09 19:16:00,LESL
20.7,20.71,20.7,20.71,900,2022-02-09 19:17:00,LESL
20.71,20.71,20.7,20.71,1800,2022-02-09 19:18:00,LESL
20.6995,20.6995,20.69,20.69,1203,2022-02-09 19:19:00,LESL
20.695,20.71,20.695,20.71,4518,2022-02-09 19:20:00,LESL
20.715,20.715,20.705,20.71,812,2022-02-09 19:21:00,LESL
20.705,20.705,20.7,20.7,400,2022-02-09 19:22:00,LESL
20.7,20.71,20.69,20.69,1088,2022-02-09 19:23:00,LESL
20.69,20.71,20.69,20.7,18069,2022-02-09 19:24:00,LESL
20.69,20.7,20.6845,20.7,2000,2022-02-09 19:25:00,LESL
20.71,20.71,20.695,20.7,996,2022-02-09 19:26:00,LESL
20.7,20.72,20.7,20.715,3001,2022-02-09 19:27:00,LESL
20.72,20.74,20.72,20.74,1300,2022-02-09 19:28:00,LESL
20.75,20.75,20.75,20.75,400,2022-02-09 19:29:00,LESL
20.75,20.75,20.74,20.74,400,2022-02-09 19:30:00,LESL
20.75,20.75,20.71,20.71,1006,2022-02-09 19:31:00,LESL
20.7031,20.705,20.695,20.695,10616,2022-02-09 19:32:00,LESL
20.695,20.7,20.68,20.685,3909,2022-02-09 19:33:00,LESL
20.685,20.69,20.66,20.69,3149,2022-02-09 19:34:00,LESL
20.69,20.69,20.69,20.69,530,2022-02-09 19:35:00,LESL
20.69,20.72,20.69,20.72,3526,2022-02-09 19:36:00,LESL
20.72,20.72,20.71,20.71,700,2022-02-09 19:37:00,LESL
20.705,20.705,20.69,20.69,300,2022-02-09 19:38:00,LESL
20.695,20.7,20.695,20.7,200,2022-02-09 19:39:00,LESL
20.7,20.715,20.7,20.71,2580,2022-02-09 19:40:00,LESL
20.71,20.73,20.71,20.71,1460,2022-02-09 19:41:00,LESL
20.71,20.71,20.71,20.71,1089,2022-02-09 19:42:00,LESL
20.72,20.725,20.685,20.685,4165,2022-02-09 19:43:00,LESL
20.68,20.69,20.66,20.6752,3787,2022-02-09 19:44:00,LESL
20.675,20.69,20.675,20.685,1774,2022-02-09 19:45:00,LESL
20.69,20.69,20.685,20.685,1000,2022-02-09 19:46:00,LESL
20.69,20.7,20.68,20.68,2574,2022-02-09 19:47:00,LESL
20.68,20.68,20.68,20.68,300,2022-02-09 19:48:00,LESL
20.68,20.68,20.62,20.66,14845,2022-02-09 19:49:00,LESL
20.67,20.67,20.66,20.66,2418,2022-02-09 19:50:00,LESL
20.67,20.7,20.665,20.7,4562,2022-02-09 19:51:00,LESL
20.69,20.7,20.68,20.69,1100,2022-02-09 19:52:00,LESL
20.68,20.69,20.68,20.69,800,2022-02-09 19:53:00,LESL
20.685,20.71,20.68,20.71,3100,2022-02-09 19:54:00,LESL
20.715,20.72,20.7,20.71,996,2022-02-09 19:55:00,LESL
20.705,20.71,20.7,20.71,800,2022-02-09 19:56:00,LESL
20.72,20.72,20.72,20.72,400,2022-02-09 19:57:00,LESL
20.72,20.72,20.715,20.72,1600,2022-02-09 19:58:00,LESL
20.71,20.72,20.69,20.7,1500,2022-02-09 19:59:00,LESL
20.7,20.705,20.7,20.7,700,2022-02-09 20:00:00,LESL
20.71,20.72,20.71,20.72,1600,2022-02-09 20:01:00,LESL
20.72,20.74,20.7182,20.73,1707,2022-02-09 20:02:00,LESL
20.71,20.715,20.69,20.7,1442,2022-02-09 20:03:00,LESL
20.7,20.71,20.695,20.71,1000,2022-02-09 20:04:00,LESL
20.7,20.705,20.7,20.705,800,2022-02-09 20:05:00,LESL
20.7,20.705,20.685,20.69,2447,2022-02-09 20:06:00,LESL
20.69,20.71,20.69,20.7,4144,2022-02-09 20:07:00,LESL
20.7,20.71,20.7,20.71,1021,2022-02-09 20:08:00,LESL
20.7,20.7,20.69,20.695,1601,2022-02-09 20:09:00,LESL
20.7,20.71,20.7,20.71,1681,2022-02-09 20:10:00,LESL
20.7,20.715,20.7,20.715,1218,2022-02-09 20:11:00,LESL
20.715,20.72,20.7,20.7,800,2022-02-09 20:12:00,LESL
20.71,20.71,20.705,20.71,523,2022-02-09 20:13:00,LESL
20.71,20.71,20.69,20.71,4504,2022-02-09 20:14:00,LESL
20.69,20.7,20.69,20.7,2474,2022-02-09 20:15:00,LESL
20.7,20.7,20.695,20.695,700,2022-02-09 20:16:00,LESL
20.7,20.7,20.68,20.69,4265,2022-02-09 20:17:00,LESL
20.69,20.71,20.685,20.71,3638,2022-02-09 20:18:00,LESL
20.72,20.73,20.72,20.73,1000,2022-02-09 20:19:00,LESL
20.729,20.73,20.72,20.725,1510,2022-02-09 20:20:00,LESL
20.73,20.735,20.73,20.73,2147,2022-02-09 20:21:00,LESL
20.73,20.73,20.685,20.69,3300,2022-02-09 20:22:00,LESL
20.69,20.69,20.685,20.685,300,2022-02-09 20:23:00,LESL
20.68,20.72,20.68,20.71,12200,2022-02-09 20:24:00,LESL
20.71,20.71,20.69,20.69,2451,2022-02-09 20:25:00,LESL
20.69,20.7,20.69,20.7,3899,2022-02-09 20:26:00,LESL
20.69,20.71,20.69,20.71,4742,2022-02-09 20:27:00,LESL
20.71,20.71,20.71,20.71,1747,2022-02-09 20:28:00,LESL
20.72,20.72,20.71,20.72,2000,2022-02-09 20:29:00,LESL
20.71,20.75,20.71,20.75,6409,2022-02-09 20:30:00,LESL
20.745,20.765,20.745,20.765,3637,2022-02-09 20:31:00,LESL
20.765,20.765,20.75,20.755,1900,2022-02-09 20:32:00,LESL
20.755,20.755,20.73,20.73,4212,2022-02-09 20:33:00,LESL
20.73,20.75,20.73,20.75,6714,2022-02-09 20:34:00,LESL
20.75,20.755,20.74,20.74,3943,2022-02-09 20:35:00,LESL
20.745,20.755,20.74,20.75,6349,2022-02-09 20:36:00,LESL
20.76,20.76,20.75,20.755,2212,2022-02-09 20:37:00,LESL
20.755,20.755,20.74,20.75,7145,2022-02-09 20:38:00,LESL
20.75,20.75,20.74,20.75,12286,2022-02-09 20:39:00,LESL
20.755,20.755,20.72,20.725,7202,2022-02-09 20:40:00,LESL
20.73,20.73,20.72,20.72,5628,2022-02-09 20:41:00,LESL
20.71,20.72,20.71,20.715,2310,2022-02-09 20:42:00,LESL
20.715,20.72,20.71,20.72,6355,2022-02-09 20:43:00,LESL
20.71,20.73,20.71,20.71,9328,2022-02-09 20:44:00,LESL
20.72,20.73,20.71,20.73,7826,2022-02-09 20:45:00,LESL
20.725,20.725,20.705,20.71,9744,2022-02-09 20:46:00,LESL
20.705,20.735,20.705,20.735,8533,2022-02-09 20:47:00,LESL
20.74,20.74,20.73,20.735,3380,2022-02-09 20:48:00,LESL
20.731,20.74,20.71,20.73,8307,2022-02-09 20:49:00,LESL
20.73,20.75,20.7,20.745,27339,2022-02-09 20:50:00,LESL
20.745,20.77,20.743,20.77,10075,2022-02-09 20:51:00,LESL
20.77,20.81,20.765,20.81,18556,2022-02-09 20:52:00,LESL
20.81,20.85,20.805,20.84,8585,2022-02-09 20:53:00,LESL
20.84,20.85,20.83,20.835,3715,2022-02-09 20:54:00,LESL
20.835,20.885,20.825,20.85,22999,2022-02-09 20:55:00,LESL
20.85,20.89,20.84,20.865,31997,2022-02-09 20:56:00,LESL
20.86,20.87,20.84,20.85,21364,2022-02-09 20:57:00,LESL
20.845,20.85,20.82,20.83,39101,2022-02-09 20:58:00,LESL
20.83,20.9,20.82,20.9,77736,2022-02-09 20:59:00,LESL
20.89,20.89,20.89,20.89,244585,2022-02-09 21:00:00,LESL
20.89,20.89,20.89,20.89,311,2022-02-09 21:01:00,LESL
21.24,21.24,21.24,21.24,500,2022-02-09 21:11:00,LESL
21.49,21.99,21.49,21.99,1500,2022-02-09 21:12:00,LESL
21.84,22.0,21.84,22.0,1930,2022-02-09 21:13:00,LESL
21.52,22.1,21.49,22.1,5755,2022-02-09 21:15:00,LESL
22.1,22.1,22.1,22.1,500,2022-02-09 21:16:00,LESL
22.16,22.16,22.16,22.16,268,2022-02-09 21:17:00,LESL
22.13,22.13,22.1,22.1,724,2022-02-09 21:18:00,LESL
22.0,22.0,22.0,22.0,270,2022-02-09 21:22:00,LESL
22.26,22.26,22.26,22.26,100,2022-02-09 22:12:00,LESL
21.72,21.72,21.72,21.72,100,2022-02-10 00:06:00,LESL
22.2,22.2,22.2,22.2,410,2022-02-10 13:38:00,LESL
22.0,22.0,22.0,22.0,100,2022-02-10 13:51:00,LESL
21.7,21.73,21.7,21.73,353,2022-02-10 13:56:00,LESL
21.73,21.73,21.73,21.73,100,2022-02-10 14:11:00,LESL
21.71,21.78,21.71,21.78,796,2022-02-10 14:25:00,LESL
21.78,21.78,21.78,21.78,930,2022-02-10 14:28:00,LESL
21.74,21.75,21.62,21.64,59500,2022-02-10 14:30:00,LESL
21.7047,21.7047,21.5,21.58,6637,2022-02-10 14:31:00,LESL
21.645,21.645,21.47,21.47,3882,2022-02-10 14:32:00,LESL
21.4879,21.4879,21.4879,21.4879,800,2022-02-10 14:33:00,LESL
21.5,21.52,21.48,21.52,1578,2022-02-10 14:34:00,LESL
21.51,21.52,21.39,21.39,5426,2022-02-10 14:35:00,LESL
21.415,21.48,21.415,21.45,900,2022-02-10 14:36:00,LESL
21.48,21.48,21.47,21.47,200,2022-02-10 14:37:00,LESL
21.48,21.48,21.46,21.47,1400,2022-02-10 14:38:00,LESL
21.43,21.43,21.35,21.4,5525,2022-02-10 14:39:00,LESL
21.36,21.41,21.36,21.39,28253,2022-02-10 14:40:00,LESL
21.41,21.43,21.38,21.41,3818,2022-02-10 14:41:00,LESL
21.43,21.47,21.43,21.445,6931,2022-02-10 14:42:00,LESL
21.45,21.46,21.45,21.45,400,2022-02-10 14:43:00,LESL
21.475,21.55,21.44,21.49,14533,2022-02-10 14:44:00,LESL
21.495,21.495,21.495,21.495,100,2022-02-10 14:45:00,LESL
21.47,21.49,21.46,21.475,1696,2022-02-10 14:46:00,LESL
21.49,21.5,21.47,21.5,1800,2022-02-10 14:47:00,LESL
21.48,21.48,21.4,21.45,15214,2022-02-10 14:48:00,LESL
21.445,21.451,21.42,21.45,18732,2022-02-10 14:49:00,LESL
21.45,21.495,21.45,21.485,1450,2022-02-10 14:50:00,LESL
21.5,21.58,21.49,21.575,4867,2022-02-10 14:51:00,LESL
21.57,21.6,21.54,21.54,5642,2022-02-10 14:52:00,LESL
21.56,21.64,21.52,21.62,10089,2022-02-10 14:53:00,LESL
21.635,21.68,21.63,21.68,3340,2022-02-10 14:54:00,LESL
21.66,21.68,21.64,21.68,3577,2022-02-10 14:55:00,LESL
21.7,21.84,21.69,21.84,48814,2022-02-10 14:56:00,LESL
21.86,21.86,21.81,21.81,4565,2022-02-10 14:57:00,LESL
21.83,21.85,21.81,21.85,400,2022-02-10 14:58:00,LESL
21.85,21.85,21.7994,21.81,4855,2022-02-10 14:59:00,LESL
21.81,21.83,21.81,21.82,300,2022-02-10 15:00:00,LESL
21.8001,21.86,21.8001,21.85,5637,2022-02-10 15:01:00,LESL
21.86,21.88,21.85,21.86,3655,2022-02-10 15:02:00,LESL
21.89,21.98,21.87,21.96,85856,2022-02-10 15:03:00,LESL
21.955,21.98,21.94,21.95,6233,2022-02-10 15:04:00,LESL
21.95,21.95,21.89,21.9,5162,2022-02-10 15:05:00,LESL
21.9,21.93,21.9,21.91,4000,2022-02-10 15:06:00,LESL
21.88,21.9,21.88,21.9,7398,2022-02-10 15:07:00,LESL
21.89,21.9,21.89,21.895,1826,2022-02-10 15:08:00,LESL
21.905,21.92,21.905,21.91,4426,2022-02-10 15:09:00,LESL
21.915,21.915,21.91,21.91,400,2022-02-10 15:10:00,LESL
21.91,21.91,21.83,21.83,7177,2022-02-10 15:11:00,LESL
21.82,21.82,21.7601,21.7601,2311,2022-02-10 15:12:00,LESL
21.76,21.76,21.73,21.73,600,2022-02-10 15:13:00,LESL
21.69,21.69,21.65,21.65,1766,2022-02-10 15:14:00,LESL
21.63,21.63,21.59,21.59,400,2022-02-10 15:15:00,LESL
21.59,21.6022,21.55,21.561,1896,2022-02-10 15:16:00,LESL
21.56,21.58,21.56,21.57,4300,2022-02-10 15:17:00,LESL
21.57,21.59,21.55,21.59,6982,2022-02-10 15:18:00,LESL
21.58,21.59,21.56,21.57,1456,2022-02-10 15:19:00,LESL
21.54,21.5799,21.54,21.57,3755,2022-02-10 15:20:00,LESL
21.57,21.57,21.53,21.54,9938,2022-02-10 15:21:00,LESL
21.54,21.54,21.49,21.49,2642,2022-02-10 15:22:00,LESL
21.49,21.49,21.49,21.49,200,2022-02-10 15:23:00,LESL
21.47,21.47,21.43,21.44,1763,2022-02-10 15:24:00,LESL
21.43,21.46,21.43,21.46,4971,2022-02-10 15:25:00,LESL
21.47,21.5,21.47,21.5,2663,2022-02-10 15:26:00,LESL
21.5,21.52,21.495,21.51,6597,2022-02-10 15:27:00,LESL
21.52,21.53,21.52,21.53,1400,2022-02-10 15:28:00,LESL
21.53,21.54,21.52,21.52,2508,2022-02-10 15:29:00,LESL
21.525,21.53,21.52,21.529,11746,2022-02-10 15:30:00,LESL
21.52,21.52,21.49,21.52,1862,2022-02-10 15:31:00,LESL
21.52,21.57,21.52,21.57,3395,2022-02-10 15:32:00,LESL
21.56,21.57,21.53,21.54,5018,2022-02-10 15:33:00,LESL
21.5469,21.5469,21.505,21.505,1500,2022-02-10 15:34:00,LESL
21.49,21.49,21.48,21.48,3000,2022-02-10 15:35:00,LESL
21.5,21.515,21.5,21.505,3030,2022-02-10 15:36:00,LESL
21.51,21.51,21.51,21.51,200,2022-02-10 15:37:00,LESL
21.5,21.5,21.49,21.495,918,2022-02-10 15:38:00,LESL
21.48,21.49,21.48,21.49,894,2022-02-10 15:39:00,LESL
21.49,21.49,21.47,21.48,3415,2022-02-10 15:40:00,LESL
21.49,21.56,21.49,21.53,6751,2022-02-10 15:41:00,LESL
21.53,21.53,21.53,21.53,100,2022-02-10 15:42:00,LESL
21.54,21.54,21.5,21.51,3922,2022-02-10 15:43:00,LESL
21.51,21.52,21.48,21.52,4940,2022-02-10 15:44:00,LESL
21.52,21.52,21.495,21.495,500,2022-02-10 15:45:00,LESL
21.48,21.515,21.475,21.515,6196,2022-02-10 15:46:00,LESL
21.51,21.52,21.51,21.52,2401,2022-02-10 15:47:00,LESL
21.52,21.52,21.51,21.51,2050,2022-02-10 15:48:00,LESL
21.51,21.52,21.505,21.52,1000,2022-02-10 15:49:00,LESL
21.51,21.51,21.49,21.495,4643,2022-02-10 15:50:00,LESL
21.49,21.505,21.49,21.49,2163,2022-02-10 15:51:00,LESL
21.49,21.49,21.47,21.47,2356,2022-02-10 15:52:00,LESL
21.47,21.48,21.44,21.44,9709,2022-02-10 15:53:00,LESL
21.435,21.435,21.415,21.415,1153,2022-02-10 15:54:00,LESL
21.39,21.43,21.38,21.41,4431,2022-02-10 15:55:00,LESL
21.41,21.41,21.39,21.39,1020,2022-02-10 15:56:00,LESL
21.375,21.375,21.345,21.355,2696,2022-02-10 15:57:00,LESL
21.35,21.37,21.345,21.36,2525,2022-02-10 15:58:00,LESL
21.36,21.39,21.36,21.37,3049,2022-02-10 15:59:00,LESL
21.36,21.385,21.355,21.355,2294,2022-02-10 16:00:00,LESL
21.36,21.4,21.36,21.4,2827,2022-02-10 16:01:00,LESL
21.39,21.407,21.39,21.4,2333,2022-02-10 16:02:00,LESL
21.4,21.41,21.39,21.39,600,2022-02-10 16:03:00,LESL
21.39,21.39,21.36,21.36,949,2022-02-10 16:04:00,LESL
21.36,21.41,21.35,21.405,8930,2022-02-10 16:05:00,LESL
21.405,21.435,21.405,21.43,4776,2022-02-10 16:06:00,LESL
21.42,21.43,21.42,21.43,449,2022-02-10 16:07:00,LESL
21.435,21.435,21.41,21.42,1032,2022-02-10 16:08:00,LESL
21.415,21.415,21.4,21.405,1072,2022-02-10 16:09:00,LESL
21.4,21.405,21.39,21.4,2600,2022-02-10 16:10:00,LESL
21.4,21.4,21.4,21.4,1500,2022-02-10 16:11:00,LESL
21.4,21.405,21.4,21.4,6000,2022-02-10 16:12:00,LESL
21.405,21.44,21.405,21.44,5746,2022-02-10 16:13:00,LESL
21.435,21.435,21.41,21.41,1159,2022-02-10 16:14:00,LESL
21.4,21.43,21.4,21.43,1538,2022-02-10 16:15:00,LESL
21.43,21.43,21.42,21.42,1000,2022-02-10 16:16:00,LESL
21.43,21.465,21.43,21.465,4832,2022-02-10 16:17:00,LESL
21.465,21.465,21.43,21.44,1374,2022-02-10 16:18:00,LESL
21.43,21.46,21.43,21.46,2261,2022-02-10 16:19:00,LESL
21.45,21.46,21.445,21.46,600,2022-02-10 16:20:00,LESL
21.46,21.46,21.45,21.45,1339,2022-02-10 16:21:00,LESL
21.441,21.441,21.425,21.43,1730,2022-02-10 16:22:00,LESL
21.42,21.42,21.42,21.42,500,2022-02-10 16:23:00,LESL
21.405,21.435,21.405,21.43,1662,2022-02-10 16:24:00,LESL
21.42,21.435,21.42,21.435,1380,2022-02-10 16:25:00,LESL
21.44,21.45,21.435,21.435,1650,2022-02-10 16:26:00,LESL
21.45,21.45,21.44,21.44,640,2022-02-10 16:27:00,LESL
21.455,21.47,21.455,21.47,3251,2022-02-10 16:28:00,LESL
21.46,21.46,21.46,21.46,232,2022-02-10 16:29:00,LESL
21.46,21.46,21.45,21.45,500,2022-02-10 16:30:00,LESL
21.45,21.45,21.43,21.43,1506,2022-02-10 16:31:00,LESL
21.43,21.435,21.41,21.415,1182,2022-02-10 16:32:00,LESL
21.41,21.42,21.4,21.4101,1602,2022-02-10 16:33:00,LESL
21.415,21.415,21.41,21.41,459,2022-02-10 16:34:00,LESL
21.405,21.43,21.4,21.425,3873,2022-02-10 16:35:00,LESL
21.42,21.42,21.42,21.42,400,2022-02-10 16:36:00,LESL
21.41,21.41,21.41,21.41,418,2022-02-10 16:37:00,LESL
21.405,21.405,21.4,21.4,518,2022-02-10 16:38:00,LESL
21.405,21.41,21.405,21.41,600,2022-02-10 16:39:00,LESL
21.41,21.41,21.405,21.41,400,2022-02-10 16:40:00,LESL
21.4,21.44,21.4,21.43,5830,2022-02-10 16:41:00,LESL
21.43,21.465,21.43,21.46,2426,2022-02-10 16:42:00,LESL
21.47,21.47,21.465,21.465,1400,2022-02-10 16:43:00,LESL
21.47,21.5,21.47,21.495,2424,2022-02-10 16:44:00,LESL
21.495,21.52,21.495,21.52,1336,2022-02-10 16:45:00,LESL
21.53,21.57,21.53,21.57,1576,2022-02-10 16:46:00,LESL
21.58,21.58,21.57,21.57,335,2022-02-10 16:47:00,LESL
21.55,21.56,21.545,21.56,1504,2022-02-10 16:48:00,LESL
21.55,21.55,21.55,21.55,389,2022-02-10 16:49:00,LESL
21.55,21.55,21.55,21.55,200,2022-02-10 16:50:00,LESL
21.54,21.54,21.52,21.52,1221,2022-02-10 16:51:00,LESL
21.52,21.53,21.5,21.52,5346,2022-02-10 16:52:00,LESL
21.52,21.52,21.52,21.52,1907,2022-02-10 16:53:00,LESL
21.52,21.52,21.495,21.5,21530,2022-02-10 16:54:00,LESL
21.49,21.53,21.49,21.525,3334,2022-02-10 16:55:00,LESL
21.53,21.58,21.53,21.58,800,2022-02-10 16:56:00,LESL
21.57,21.57,21.55,21.55,1413,2022-02-10 16:57:00,LESL
21.55,21.55,21.55,21.55,263,2022-02-10 16:58:00,LESL
21.54,21.54,21.51,21.51,1972,2022-02-10 16:59:00,LESL
21.518,21.52,21.5,21.52,6943,2022-02-10 17:00:00,LESL
21.53,21.55,21.53,21.55,710,2022-02-10 17:01:00,LESL
21.565,21.565,21.56,21.56,200,2022-02-10 17:02:00,LESL
21.55,21.55,21.54,21.55,450,2022-02-10 17:03:00,LESL
21.52,21.52,21.49,21.49,20687,2022-02-10 17:04:00,LESL
21.49,21.51,21.49,21.5,2168,2022-02-10 17:05:00,LESL
21.5,21.525,21.48,21.522,3606,2022-02-10 17:06:00,LESL
21.5,21.51,21.5,21.51,400,2022-02-10 17:07:00,LESL
21.51,21.51,21.51,21.51,100,2022-02-10 17:08:00,LESL
21.51,21.51,21.5,21.5,1114,2022-02-10 17:09:00,LESL
21.52,21.54,21.52,21.53,1600,2022-02-10 17:10:00,LESL
21.535,21.535,21.52,21.525,1147,2022-02-10 17:11:00,LESL
21.525,21.525,21.513,21.513,677,2022-02-10 17:12:00,LESL
21.52,21.52,21.5,21.5,3024,2022-02-10 17:13:00,LESL
21.5,21.51,21.5,21.51,924,2022-02-10 17:14:00,LESL
21.5,21.525,21.5,21.52,3379,2022-02-10 17:15:00,LESL
21.52,21.52,21.511,21.515,700,2022-02-10 17:16:00,LESL
21.53,21.53,21.52,21.525,2263,2022-02-10 17:17:00,LESL
21.525,21.54,21.525,21.54,853,2022-02-10 17:18:00,LESL
21.545,21.555,21.545,21.555,1503,2022-02-10 17:19:00,LESL
21.555,21.56,21.555,21.555,1037,2022-02-10 17:20:00,LESL
21.56,21.59,21.56,21.59,1988,2022-02-10 17:21:00,LESL
21.585,21.585,21.58,21.58,1112,2022-02-10 17:22:00,LESL
21.59,21.59,21.57,21.58,1993,2022-02-10 17:23:00,LESL
21.58,21.58,21.57,21.57,1273,2022-02-10 17:24:00,LESL
21.57,21.57,21.57,21.57,304,2022-02-10 17:25:00,LESL
21.56,21.5717,21.56,21.56,2714,2022-02-10 17:26:00,LESL
21.57,21.57,21.53,21.535,7671,2022-02-10 17:27:00,LESL
21.525,21.525,21.52,21.52,500,2022-02-10 17:28:00,LESL
21.53,21.565,21.53,21.565,4029,2022-02-10 17:29:00,LESL
21.565,21.579,21.565,21.575,1300,2022-02-10 17:30:00,LESL
21.575,21.58,21.575,21.575,400,2022-02-10 17:31:00,LESL
21.575,21.575,21.54,21.54,3590,2022-02-10 17:32:00,LESL
21.53,21.53,21.52,21.52,827,2022-02-10 17:33:00,LESL
21.51,21.51,21.5,21.51,500,2022-02-10 17:34:00,LESL
21.51,21.51,21.51,21.51,100,2022-02-10 17:35:00,LESL
21.51,21.525,21.495,21.52,17697,2022-02-10 17:36:00,LESL
21.52,21.52,21.515,21.515,500,2022-02-10 17:37:00,LESL
21.515,21.515,21.51,21.5127,850,2022-02-10 17:38:00,LESL
21.51,21.54,21.51,21.54,3369,2022-02-10 17:39:00,LESL
21.54,21.56,21.54,21.55,1031,2022-02-10 17:40:00,LESL
21.56,21.56,21.56,21.56,666,2022-02-10 17:41:00,LESL
21.545,21.545,21.545,21.545,300,2022-02-10 17:42:00,LESL
21.54,21.54,21.54,21.54,500,2022-02-10 17:43:00,LESL
21.52,21.56,21.52,21.56,5095,2022-02-10 17:44:00,LESL
21.55,21.58,21.53,21.535,24689,2022-02-10 17:45:00,LESL
21.535,21.55,21.52,21.54,3990,2022-02-10 17:46:00,LESL
21.53,21.54,21.5,21.51,39453,2022-02-10 17:47:00,LESL
21.5,21.5008,21.48,21.49,9579,2022-02-10 17:48:00,LESL
21.49,21.53,21.49,21.53,3496,2022-02-10 17:49:00,LESL
21.52,21.52,21.48,21.49,3467,2022-02-10 17:50:00,LESL
21.4839,21.495,21.48,21.49,2088,2022-02-10 17:51:00,LESL
21.48,21.49,21.48,21.49,3300,2022-02-10 17:52:00,LESL
21.5,21.5,21.5,21.5,636,2022-02-10 17:53:00,LESL
21.5,21.5,21.49,21.49,700,2022-02-10 17:54:00,LESL
21.49,21.51,21.49,21.51,2842,2022-02-10 17:55:00,LESL
21.51,21.51,21.51,21.51,700,2022-02-10 17:56:00,LESL
21.51,21.53,21.51,21.53,2720,2022-02-10 17:57:00,LESL
21.52,21.55,21.52,21.55,3200,2022-02-10 17:58:00,LESL
21.55,21.55,21.55,21.55,1421,2022-02-10 17:59:00,LESL
21.545,21.545,21.545,21.545,100,2022-02-10 18:00:00,LESL
21.55,21.6,21.55,21.59,5155,2022-02-10 18:01:00,LESL
21.58,21.58,21.55,21.58,3956,2022-02-10 18:02:00,LESL
21.57,21.57,21.5601,21.5601,400,2022-02-10 18:03:00,LESL
21.58,21.61,21.58,21.61,1600,2022-02-10 18:04:00,LESL
21.615,21.625,21.59,21.595,2000,2022-02-10 18:05:00,LESL
21.58,21.59,21.57,21.59,1820,2022-02-10 18:06:00,LESL
21.61,21.61,21.58,21.58,700,2022-02-10 18:07:00,LESL
21.55,21.57,21.55,21.57,3784,2022-02-10 18:08:00,LESL
21.575,21.58,21.57,21.57,1235,2022-02-10 18:09:00,LESL
21.565,21.565,21.5469,21.55,682,2022-02-10 18:10:00,LESL
21.54,21.54,21.54,21.54,200,2022-02-10 18:11:00,LESL
21.5,21.51,21.47,21.51,6290,2022-02-10 18:12:00,LESL
21.51,21.51,21.48,21.48,700,2022-02-10 18:13:00,LESL
21.48,21.48,21.47,21.47,1556,2022-02-10 18:14:00,LESL
21.45,21.485,21.45,21.48,11409,2022-02-10 18:15:00,LESL
21.46,21.46,21.45,21.45,1000,2022-02-10 18:16:00,LESL
21.45,21.45,21.41,21.42,5307,2022-02-10 18:17:00,LESL
21.405,21.43,21.39,21.398,18296,2022-02-10 18:18:00,LESL
21.385,21.385,21.37,21.375,600,2022-02-10 18:19:00,LESL
21.38,21.38,21.3107,21.325,2643,2022-02-10 18:20:00,LESL
21.32,21.32,21.3,21.31,954,2022-02-10 18:21:00,LESL
21.32,21.37,21.32,21.37,3336,2022-02-10 18:22:00,LESL
21.38,21.39,21.37,21.389,2050,2022-02-10 18:23:00,LESL
21.39,21.41,21.39,21.4,3100,2022-02-10 18:24:00,LESL
21.4,21.41,21.4,21.408,800,2022-02-10 18:25:00,LESL
21.4,21.42,21.38,21.418,6450,2022-02-10 18:26:00,LESL
21.41,21.44,21.41,21.43,3150,2022-02-10 18:27:00,LESL
21.42,21.43,21.405,21.42,2500,2022-02-10 18:28:00,LESL
21.4,21.4,21.4,21.4,100,2022-02-10 18:29:00,LESL
21.388,21.39,21.37,21.39,2500,2022-02-10 18:30:00,LESL
21.37,21.37,21.345,21.37,2350,2022-02-10 18:31:00,LESL
21.36,21.36,21.36,21.36,300,2022-02-10 18:32:00,LESL
21.35,21.4,21.35,21.4,2300,2022-02-10 18:33:00,LESL
21.41,21.41,21.375,21.375,1100,2022-02-10 18:34:00,LESL
21.37,21.39,21.36,21.37,2770,2022-02-10 18:35:00,LESL
21.36,21.36,21.31,21.34,5405,2022-02-10 18:36:00,LESL
21.32,21.32,21.25,21.27,3521,2022-02-10 18:37:00,LESL
21.28,21.29,21.27,21.29,2604,2022-02-10 18:38:00,LESL
21.3,21.3,21.3,21.3,855,2022-02-10 18:39:00,LESL
21.305,21.315,21.305,21.315,1804,2022-02-10 18:40:00,LESL
21.33,21.345,21.32,21.34,2556,2022-02-10 18:41:00,LESL
21.32,21.35,21.31,21.33,7309,2022-02-10 18:42:00,LESL
21.335,21.34,21.33,21.34,1000,2022-02-10 18:43:00,LESL
21.34,21.37,21.33,21.36,5406,2022-02-10 18:44:00,LESL
21.368,21.37,21.34,21.34,3020,2022-02-10 18:45:00,LESL
21.36,21.37,21.35,21.35,1879,2022-02-10 18:46:00,LESL
21.36,21.37,21.35,21.35,2043,2022-02-10 18:47:00,LESL
21.35,21.36,21.34,21.341,2794,2022-02-10 18:48:00,LESL
21.34,21.37,21.325,21.353,10005,2022-02-10 18:49:00,LESL
21.37,21.37,21.35,21.37,2122,2022-02-10 18:50:00,LESL
21.365,21.365,21.355,21.3634,2376,2022-02-10 18:51:00,LESL
21.355,21.36,21.33,21.3425,9452,2022-02-10 18:52:00,LESL
21.35,21.35,21.34,21.34,1960,2022-02-10 18:53:00,LESL
21.35,21.36,21.35,21.36,1714,2022-02-10 18:54:00,LESL
21.35,21.36,21.33,21.33,1339,2022-02-10 18:55:00,LESL
21.35,21.35,21.34,21.34,700,2022-02-10 18:56:00,LESL
21.331,21.331,21.33,21.33,400,2022-02-10 18:57:00,LESL
21.34,21.38,21.34,21.38,5600,2022-02-10 18:58:00,LESL
21.38,21.39,21.37,21.39,1000,2022-02-10 18:59:00,LESL
21.385,21.385,21.38,21.38,2625,2022-02-10 19:00:00,LESL
21.37,21.385,21.36,21.3799,5634,2022-02-10 19:01:00,LESL
21.36,21.36,21.35,21.35,1300,2022-02-10 19:02:00,LESL
21.35,21.36,21.35,21.35,2700,2022-02-10 19:03:00,LESL
21.35,21.36,21.32,21.3275,3573,2022-02-10 19:04:00,LESL
21.33,21.34,21.29,21.29,2773,2022-02-10 19:05:00,LESL
21.3,21.3,21.29,21.3,1201,2022-02-10 19:06:00,LESL
21.29,21.325,21.29,21.32,5067,2022-02-10 19:07:00,LESL
21.32,21.34,21.31,21.34,4702,2022-02-10 19:08:00,LESL
21.325,21.335,21.325,21.335,1300,2022-02-10 19:09:00,LESL
21.34,21.35,21.33,21.34,1838,2022-02-10 19:10:00,LESL
21.3231,21.3231,21.31,21.3175,1990,2022-02-10 19:11:00,LESL
21.305,21.32,21.305,21.32,2903,2022-02-10 19:12:00,LESL
21.315,21.348,21.315,21.348,3319,2022-02-10 19:13:00,LESL
21.33,21.33,21.3,21.3,1600,2022-02-10 19:14:00,LESL
21.28,21.29,21.271,21.275,1810,2022-02-10 19:15:00,LESL
21.27,21.27,21.255,21.26,1767,2022-02-10 19:16:00,LESL
21.21,21.215,21.19,21.215,4858,2022-02-10 19:17:00,LESL
21.2,21.2,21.16,21.18,4193,2022-02-10 19:18:00,LESL
21.16,21.16,21.12,21.1293,833,2022-02-10 19:19:00,LESL
21.13,21.15,21.12,21.13,3853,2022-02-10 19:20:00,LESL
21.12,21.12,21.1,21.1126,1125,2022-02-10 19:21:00,LESL
21.11,21.11,21.07,21.085,1989,2022-02-10 19:22:00,LESL
21.09,21.11,21.09,21.11,1500,2022-02-10 19:23:00,LESL
21.12,21.13,21.12,21.13,2600,2022-02-10 19:24:00,LESL
21.14,21.14,21.14,21.14,100,2022-02-10 19:25:00,LESL
21.14,21.14,21.13,21.14,1543,2022-02-10 19:26:00,LESL
21.14,21.14,21.12,21.12,2191,2022-02-10 19:27:00,LESL
21.1,21.12,21.07,21.12,3756,2022-02-10 19:28:00,LESL
21.12,21.13,21.11,21.11,2183,2022-02-10 19:29:00,LESL
21.12,21.145,21.12,21.12,1809,2022-02-10 19:30:00,LESL
21.12,21.13,21.12,21.12,973,2022-02-10 19:31:00,LESL
21.11,21.11,21.09,21.09,1298,2022-02-10 19:32:00,LESL
21.07,21.13,21.07,21.12,8274,2022-02-10 19:33:00,LESL
21.14,21.145,21.13,21.13,600,2022-02-10 19:34:00,LESL
21.13,21.14,21.12,21.13,2912,2022-02-10 19:35:00,LESL
21.13,21.19,21.125,21.19,3027,2022-02-10 19:36:00,LESL
21.19,21.19,21.18,21.19,1100,2022-02-10 19:37:00,LESL
21.19,21.19,21.17,21.17,1342,2022-02-10 19:38:00,LESL
21.18,21.19,21.16,21.16,1100,2022-02-10 19:39:00,LESL
21.16,21.17,21.155,21.17,2813,2022-02-10 19:40:00,LESL
21.17,21.18,21.14,21.14,2182,2022-02-10 19:41:00,LESL
21.13,21.15,21.13,21.15,500,2022-02-10 19:42:00,LESL
21.15,21.15,21.13,21.14,2821,2022-02-10 19:43:00,LESL
21.13,21.14,21.13,21.135,2567,2022-02-10 19:44:00,LESL
21.14,21.14,21.135,21.14,2500,2022-02-10 19:45:00,LESL
21.145,21.1598,21.145,21.15,1262,2022-02-10 19:46:00,LESL
21.155,21.16,21.155,21.16,2356,2022-02-10 19:47:00,LESL
21.165,21.17,21.15,21.15,1300,2022-02-10 19:48:00,LESL
21.15,21.15,21.11,21.12,5260,2022-02-10 19:49:00,LESL
21.12,21.125,21.12,21.12,700,2022-02-10 19:50:00,LESL
21.12,21.121,21.08,21.08,4100,2022-02-10 19:51:00,LESL
21.09,21.1,21.09,21.09,1193,2022-02-10 19:52:00,LESL
21.08,21.08,21.05,21.05,3674,2022-02-10 19:53:00,LESL
21.05,21.05,21.01,21.01,2776,2022-02-10 19:54:00,LESL
21.02,21.03,21.01,21.03,7939,2022-02-10 19:55:00,LESL
21.03,21.05,21.02,21.05,1400,2022-02-10 19:56:00,LESL
21.05,21.05,21.02,21.03,1712,2022-02-10 19:57:00,LESL
21.03,21.03,21.02,21.02,2318,2022-02-10 19:58:00,LESL
21.01,21.013,20.995,21.01,3201,2022-02-10 19:59:00,LESL
21.02,21.03,21.0,21.0,1900,2022-02-10 20:00:00,LESL
21.0196,21.0196,20.99,20.99,1715,2022-02-10 20:01:00,LESL
20.97,20.98,20.97,20.97,1974,2022-02-10 20:02:00,LESL
20.965,20.97,20.965,20.97,1000,2022-02-10 20:03:00,LESL
20.96,21.01,20.95,21.005,4400,2022-02-10 20:04:00,LESL
21.005,21.005,20.99,21.0,1600,2022-02-10 20:05:00,LESL
21.0,21.0,21.0,21.0,1300,2022-02-10 20:06:00,LESL
21.0,21.0,20.97,20.97,4715,2022-02-10 20:07:00,LESL
20.96,20.96,20.96,20.96,1000,2022-02-10 20:08:00,LESL
20.97,20.99,20.96,20.99,5081,2022-02-10 20:09:00,LESL
21.0,21.0,20.99,20.99,1350,2022-02-10 20:10:00,LESL
21.0,21.01,20.995,21.01,1650,2022-02-10 20:11:00,LESL
21.02,21.035,21.02,21.03,1522,2022-02-10 20:12:00,LESL
21.04,21.04,21.03,21.03,1616,2022-02-10 20:13:00,LESL
21.02,21.03,21.02,21.03,2499,2022-02-10 20:14:00,LESL
21.02,21.04,21.0,21.04,3905,2022-02-10 20:15:00,LESL
21.04,21.04,21.025,21.04,1300,2022-02-10 20:16:00,LESL
21.04,21.04,21.005,21.01,2486,2022-02-10 20:17:00,LESL
21.005,21.01,20.97,20.97,2392,2022-02-10 20:18:00,LESL
20.98,20.98,20.94,20.94,3993,2022-02-10 20:19:00,LESL
20.95,20.97,20.95,20.95,2514,2022-02-10 20:20:00,LESL
20.92,20.94,20.92,20.92,1383,2022-02-10 20:21:00,LESL
20.92,20.92,20.905,20.91,5970,2022-02-10 20:22:00,LESL
20.915,20.915,20.87,20.89,4184,2022-02-10 20:23:00,LESL
20.885,20.93,20.885,20.93,3725,2022-02-10 20:24:00,LESL
20.94,20.94,20.935,20.94,1200,2022-02-10 20:25:00,LESL
20.95,20.96,20.92,20.92,2500,2022-02-10 20:26:00,LESL
20.92,20.92,20.91,20.91,3600,2022-02-10 20:27:00,LESL
20.93,20.95,20.91,20.91,2250,2022-02-10 20:28:00,LESL
20.92,20.95,20.9,20.9,6100,2022-02-10 20:29:00,LESL
20.89,20.9,20.885,20.9,4600,2022-02-10 20:30:00,LESL
20.9,20.905,20.89,20.9,16981,2022-02-10 20:31:00,LESL
20.9,20.91,20.85,20.86,18268,2022-02-10 20:32:00,LESL
20.85,20.865,20.85,20.865,3735,2022-02-10 20:33:00,LESL
20.86,20.89,20.86,20.89,7789,2022-02-10 20:34:00,LESL
20.88,20.88,20.86,20.86,5545,2022-02-10 20:35:00,LESL
20.86,20.86,20.8,20.8,4710,2022-02-10 20:36:00,LESL
20.8,20.83,20.79,20.83,8529,2022-02-10 20:37:00,LESL
20.835,20.86,20.835,20.85,5522,2022-02-10 20:38:00,LESL
20.84,20.84,20.81,20.82,2747,2022-02-10 20:39:00,LESL
20.82,20.84,20.815,20.83,5808,2022-02-10 20:40:00,LESL
20.825,20.825,20.79,20.79,3021,2022-02-10 20:41:00,LESL
20.79,20.82,20.785,20.8,8263,2022-02-10 20:42:00,LESL
20.795,20.815,20.79,20.815,7550,2022-02-10 20:43:00,LESL
20.82,20.825,20.775,20.78,4423,2022-02-10 20:44:00,LESL
20.78,20.785,20.77,20.775,7983,2022-02-10 20:45:00,LESL
20.77,20.78,20.755,20.77,5200,2022-02-10 20:46:00,LESL
20.765,20.7774,20.755,20.755,4852,2022-02-10 20:47:00,LESL
20.75,20.76,20.74,20.74,10713,2022-02-10 20:48:00,LESL
20.74,20.74,20.715,20.74,11039,2022-02-10 20:49:00,LESL
20.74,20.74,20.72,20.725,10216,2022-02-10 20:50:00,LESL
20.725,20.76,20.71,20.76,15673,2022-02-10 20:51:00,LESL
20.77,20.8273,20.77,20.79,11130,2022-02-10 20:52:00,LESL
20.78,20.79,20.77,20.775,9134,2022-02-10 20:53:00,LESL
20.775,20.795,20.77,20.775,15340,2022-02-10 20:54:00,LESL
20.78,20.87,20.78,20.86,17380,2022-02-10 20:55:00,LESL
20.85,20.86,20.82,20.82,18406,2022-02-10 20:56:00,LESL
20.82,20.85,20.815,20.835,26457,2022-02-10 20:57:00,LESL
20.835,20.85,20.835,20.845,22010,2022-02-10 20:58:00,LESL
20.84,20.88,20.84,20.86,39675,2022-02-10 20:59:00,LESL
20.85,20.85,20.85,20.85,362720,2022-02-10 21:00:00,LESL
20.85,20.85,20.85,20.85,5184,2022-02-10 21:01:00,LESL
21.15,21.15,21.15,21.15,500,2022-02-11 12:00:00,LESL
21.23,21.23,21.23,21.23,100,2022-02-11 12:31:00,LESL
20.86,20.86,20.82,20.86,300,2022-02-11 14:29:00,LESL
20.8,20.8,20.8,20.8,7405,2022-02-11 14:30:00,LESL
20.8,20.85,20.8,20.82,900,2022-02-11 14:31:00,LESL
20.85,20.91,20.78,20.83,4582,2022-02-11 14:32:00,LESL
20.89,20.89,20.81,20.865,1400,2022-02-11 14:33:00,LESL
20.87,20.9,20.8,20.9,3578,2022-02-11 14:34:00,LESL
20.88,20.9,20.77,20.83,5709,2022-02-11 14:35:00,LESL
20.83,20.85,20.75,20.85,3657,2022-02-11 14:36:00,LESL
20.835,20.87,20.77,20.86,4151,2022-02-11 14:37:00,LESL
20.89,20.89,20.86,20.88,600,2022-02-11 14:38:00,LESL
20.865,20.9,20.84,20.88,2973,2022-02-11 14:39:00,LESL
20.88,20.88,20.88,20.88,1500,2022-02-11 14:40:00,LESL
20.88,20.89,20.795,20.8275,6374,2022-02-11 14:41:00,LESL
20.84,20.87,20.84,20.84,1000,2022-02-11 14:42:00,LESL
20.82,20.85,20.79,20.79,2077,2022-02-11 14:43:00,LESL
20.86,20.86,20.85,20.86,400,2022-02-11 14:44:00,LESL
20.86,20.91,20.84,20.91,878,2022-02-11 14:45:00,LESL
20.95,20.99,20.95,20.99,3200,2022-02-11 14:46:00,LESL
21.0,21.01,20.97,20.98,600,2022-02-11 14:47:00,LESL
21.01,21.07,21.01,21.025,900,2022-02-11 14:48:00,LESL
21.04,21.05,21.04,21.05,200,2022-02-11 14:49:00,LESL
21.05,21.05,21.03,21.03,289,2022-02-11 14:50:00,LESL
21.03,21.03,21.01,21.01,1500,2022-02-11 14:51:00,LESL
21.0177,21.0177,21.0177,21.0177,200,2022-02-11 14:53:00,LESL
21.02,21.07,21.0,21.0,4544,2022-02-11 14:54:00,LESL
21.04,21.04,21.0,21.0,1300,2022-02-11 14:55:00,LESL
21.0,21.0,20.96,20.97,6257,2022-02-11 14:56:00,LESL
20.91,20.915,20.8,20.8,1700,2022-02-11 14:58:00,LESL
20.78,20.8102,20.77,20.81,1685,2022-02-11 14:59:00,LESL
20.81,20.85,20.8084,20.84,3933,2022-02-11 15:00:00,LESL
20.87,20.89,20.85,20.87,4300,2022-02-11 15:01:00,LESL
20.87,20.88,20.82,20.86,6381,2022-02-11 15:02:00,LESL
20.82,20.89,20.82,20.89,1856,2022-02-11 15:03:00,LESL
20.88,20.9,20.87,20.9,1319,2022-02-11 15:04:00,LESL
20.88,20.905,20.88,20.905,384,2022-02-11 15:05:00,LESL
20.92,20.95,20.9,20.94,1080,2022-02-11 15:06:00,LESL
20.94,20.96,20.92,20.94,900,2022-02-11 15:07:00,LESL
20.96,20.96,20.9,20.91,2683,2022-02-11 15:08:00,LESL
20.9,20.91,20.865,20.88,5000,2022-02-11 15:09:00,LESL
20.89,20.92,20.88,20.9,1375,2022-02-11 15:10:00,LESL
20.91,20.9299,20.9,20.9299,700,2022-02-11 15:11:00,LESL
20.9,20.9,20.75,20.81,15346,2022-02-11 15:12:00,LESL
20.815,20.85,20.8,20.84,3137,2022-02-11 15:13:00,LESL
20.835,20.86,20.82,20.86,3990,2022-02-11 15:14:00,LESL
20.87,20.87,20.85,20.86,700,2022-02-11 15:15:00,LESL
20.85,20.905,20.85,20.905,800,2022-02-11 15:16:00,LESL
20.91,20.91,20.88,20.9,14439,2022-02-11 15:17:00,LESL
20.8975,20.91,20.89,20.91,2900,2022-02-11 15:18:00,LESL
20.92,20.93,20.89,20.93,5824,2022-02-11 15:19:00,LESL
20.95,20.95,20.92,20.94,400,2022-02-11 15:20:00,LESL
20.93,20.93,20.93,20.93,197,2022-02-11 15:22:00,LESL
20.95,20.96,20.93,20.93,1900,2022-02-11 15:23:00,LESL
20.92,20.955,20.92,20.95,1841,2022-02-11 15:24:00,LESL
20.95,20.97,20.95,20.95,2514,2022-02-11 15:25:00,LESL
20.96,20.9631,20.95,20.96,1000,2022-02-11 15:26:00,LESL
20.97,20.975,20.96,20.96,2781,2022-02-11 15:27:00,LESL
20.93,20.93,20.93,20.93,100,2022-02-11 15:28:00,LESL
20.9,20.93,20.9,20.92,1544,2022-02-11 15:29:00,LESL
20.95,20.98,20.95,20.975,1702,2022-02-11 15:30:00,LESL
20.975,20.99,20.975,20.99,1500,2022-02-11 15:31:00,LESL
20.99,20.99,20.96,20.96,450,2022-02-11 15:32:00,LESL
20.961,20.961,20.96,20.96,1500,2022-02-11 15:33:00,LESL
20.95,20.96,20.93,20.95,1319,2022-02-11 15:34:00,LESL
20.95,20.99,20.93,20.96,4532,2022-02-11 15:35:00,LESL
20.95,20.96,20.95,20.96,400,2022-02-11 15:36:00,LESL
20.98,20.98,20.98,20.98,300,2022-02-11 15:37:00,LESL
21.0,21.02,21.0,21.01,2412,2022-02-11 15:38:00,LESL
21.005,21.02,21.005,21.01,3202,2022-02-11 15:39:00,LESL
21.0,21.015,21.0,21.015,800,2022-02-11 15:40:00,LESL
21.0,21.0,20.99,20.995,800,2022-02-11 15:41:00,LESL
21.0,21.03,21.0,21.03,1400,2022-02-11 15:43:00,LESL
21.034,21.034,21.03,21.03,489,2022-02-11 15:44:00,LESL
21.01,21.01,20.991,21.01,1900,2022-02-11 15:45:00,LESL
21.015,21.03,21.0,21.03,1000,2022-02-11 15:46:00,LESL
21.04,21.04,21.04,21.04,189,2022-02-11 15:47:00,LESL
21.01,21.01,21.01,21.01,200,2022-02-11 15:48:00,LESL
20.983,21.01,20.983,21.01,1100,2022-02-11 15:49:00,LESL
21.005,21.005,21.005,21.005,671,2022-02-11 15:50:00,LESL
21.01,21.02,20.99,21.01,3499,2022-02-11 15:51:00,LESL
21.0,21.05,20.99,21.05,3910,2022-02-11 15:52:00,LESL
21.06,21.06,21.06,21.06,900,2022-02-11 15:53:00,LESL
21.06,21.07,21.06,21.07,3447,2022-02-11 15:54:00,LESL
21.07,21.08,21.03,21.03,2942,2022-02-11 15:55:00,LESL
21.0,21.03,21.0,21.03,1800,2022-02-11 15:56:00,LESL
21.025,21.03,21.025,21.03,200,2022-02-11 15:57:00,LESL
21.03,21.06,21.01,21.04,13281,2022-02-11 15:58:00,LESL
21.04,21.07,21.04,21.07,2200,2022-02-11 15:59:00,LESL
21.07,21.08,21.065,21.08,2243,2022-02-11 16:00:00,LESL
21.08,21.08,21.08,21.08,1691,2022-02-11 16:01:00,LESL
21.08,21.08,21.04,21.0501,3962,2022-02-11 16:02:00,LESL
21.06,21.075,21.05,21.07,10632,2022-02-11 16:03:00,LESL
21.08,21.1,21.08,21.095,2111,2022-02-11 16:04:00,LESL
21.09,21.13,21.085,21.1,2412,2022-02-11 16:05:00,LESL
21.1,21.1,21.0383,21.05,2575,2022-02-11 16:06:00,LESL
21.04,21.08,21.04,21.075,2231,2022-02-11 16:07:00,LESL
21.075,21.075,21.06,21.065,706,2022-02-11 16:08:00,LESL
21.05,21.08,21.04,21.04,3717,2022-02-11 16:09:00,LESL
21.03,21.04,21.02,21.04,655,2022-02-11 16:10:00,LESL
21.02,21.02,21.02,21.02,100,2022-02-11 16:11:00,LESL
21.01,21.03,21.0,21.03,2945,2022-02-11 16:12:00,LESL
21.01,21.03,21.01,21.03,914,2022-02-11 16:13:00,LESL
21.04,21.04,21.01,21.02,1336,2022-02-11 16:14:00,LESL
21.0,21.01,21.0,21.0,2331,2022-02-11 16:15:00,LESL
21.0,21.0,20.96,20.99,14270,2022-02-11 16:16:00,LESL
20.99,21.01,20.965,20.98,9814,2022-02-11 16:17:00,LESL
20.98,21.03,20.95,20.96,15511,2022-02-11 16:18:00,LESL
20.95,20.97,20.95,20.97,6000,2022-02-11 16:19:00,LESL
20.98,21.04,20.98,21.04,1820,2022-02-11 16:20:00,LESL
21.02,21.03,21.01,21.01,1879,2022-02-11 16:21:00,LESL
21.0,21.0,20.98,20.99,2039,2022-02-11 16:22:00,LESL
20.98,21.01,20.98,21.01,1100,2022-02-11 16:23:00,LESL
21.02,21.02,21.02,21.02,100,2022-02-11 16:24:00,LESL
21.01,21.01,21.0,21.0,2400,2022-02-11 16:25:00,LESL
21.0,21.0,21.0,21.0,250,2022-02-11 16:26:00,LESL
20.985,21.01,20.985,21.0,800,2022-02-11 16:27:00,LESL
21.02,21.02,20.98,20.99,2831,2022-02-11 16:28:00,LESL
20.995,21.005,20.995,21.005,500,2022-02-11 16:29:00,LESL
21.0,21.0,21.0,21.0,100,2022-02-11 16:30:00,LESL
21.01,21.01,21.01,21.01,100,2022-02-11 16:31:00,LESL
21.01,21.03,21.0,21.0,4107,2022-02-11 16:32:00,LESL
21.003,21.003,21.0,21.0,800,2022-02-11 16:33:00,LESL
21.0,21.02,20.99,21.01,6319,2022-02-11 16:34:00,LESL
21.01,21.02,21.0,21.0155,1096,2022-02-11 16:35:00,LESL
21.01,21.01,20.995,21.0,4093,2022-02-11 16:36:00,LESL
21.0,21.01,20.955,20.9655,5080,2022-02-11 16:37:00,LESL
20.97,20.97,20.95,20.96,2200,2022-02-11 16:38:00,LESL
20.965,20.99,20.965,20.99,3100,2022-02-11 16:39:00,LESL
20.99,21.0,20.99,21.0,5400,2022-02-11 16:40:00,LESL
20.99,21.0,20.98,20.99,3737,2022-02-11 16:41:00,LESL
20.98,21.0,20.98,20.99,1000,2022-02-11 16:42:00,LESL
20.99,21.0,20.98,21.0,2140,2022-02-11 16:43:00,LESL
20.99,20.99,20.98,20.98,1600,2022-02-11 16:44:00,LESL
20.985,21.0,20.975,21.0,6900,2022-02-11 16:45:00,LESL
20.995,21.0,20.98,21.0,5700,2022-02-11 16:46:00,LESL
20.985,21.0,20.98,21.0,1116,2022-02-11 16:47:00,LESL
21.0,21.01,21.0,21.0,1200,2022-02-11 16:48:00,LESL
21.01,21.02,20.98,20.99,11391,2022-02-11 16:49:00,LESL
20.97,20.97,20.8797,20.8797,1903,2022-02-11 16:50:00,LESL
20.875,20.89,20.87,20.89,1534,2022-02-11 16:51:00,LESL
20.87,20.87,20.87,20.87,100,2022-02-11 16:52:00,LESL
20.89,20.89,20.86,20.87,2188,2022-02-11 16:53:00,LESL
20.89,20.89,20.87,20.87,500,2022-02-11 16:54:00,LESL
20.88,20.89,20.88,20.89,524,2022-02-11 16:55:00,LESL
20.9,20.93,20.9,20.93,1800,2022-02-11 16:56:00,LESL
20.92,20.94,20.92,20.94,683,2022-02-11 16:57:00,LESL
20.95,20.95,20.93,20.93,1031,2022-02-11 16:58:00,LESL
20.93,20.94,20.92,20.94,2000,2022-02-11 16:59:00,LESL
20.93,20.93,20.92,20.92,432,2022-02-11 17:00:00,LESL
20.929,20.929,20.929,20.929,100,2022-02-11 17:01:00,LESL
20.93,20.95,20.92,20.949,1200,2022-02-11 17:02:00,LESL
20.93,20.94,20.93,20.93,400,2022-02-11 17:03:00,LESL
20.93,20.93,20.92,20.92,800,2022-02-11 17:04:00,LESL
20.93,20.93,20.91,20.91,1707,2022-02-11 17:05:00,LESL
20.905,20.91,20.8899,20.91,2826,2022-02-11 17:06:00,LESL
20.91,20.91,20.91,20.91,100,2022-02-11 17:07:00,LESL
20.91,20.91,20.9002,20.9002,1276,2022-02-11 17:09:00,LESL
20.91,20.92,20.9,20.91,1100,2022-02-11 17:11:00,LESL
20.92,20.935,20.92,20.935,1916,2022-02-11 17:12:00,LESL
20.94,20.95,20.93,20.94,2168,2022-02-11 17:14:00,LESL
20.95,20.95,20.95,20.95,100,2022-02-11 17:15:00,LESL
20.94,20.94,20.94,20.94,100,2022-02-11 17:16:00,LESL
20.93,20.93,20.91,20.91,2023,2022-02-11 17:17:00,LESL
20.905,20.905,20.87,20.87,3504,2022-02-11 17:18:00,LESL
20.88,20.92,20.87,20.9,5057,2022-02-11 17:19:00,LESL
20.91,20.91,20.91,20.91,423,2022-02-11 17:20:00,LESL
20.9,20.91,20.9,20.91,821,2022-02-11 17:21:00,LESL
20.92,20.935,20.91,20.935,829,2022-02-11 17:22:00,LESL
20.94,20.95,20.93,20.94,3851,2022-02-11 17:23:00,LESL
20.945,20.96,20.94,20.96,4989,2022-02-11 17:24:00,LESL
20.96,20.96,20.95,20.955,400,2022-02-11 17:25:00,LESL
20.96,20.97,20.96,20.965,700,2022-02-11 17:26:00,LESL
20.965,20.99,20.96,20.98,1622,2022-02-11 17:27:00,LESL
20.99,21.01,20.99,21.01,1000,2022-02-11 17:28:00,LESL
21.0,21.0,21.0,21.0,1550,2022-02-11 17:29:00,LESL
21.0018,21.01,21.0018,21.01,285,2022-02-11 17:30:00,LESL
21.01,21.02,20.99,21.02,900,2022-02-11 17:31:00,LESL
21.01,21.03,21.005,21.01,1500,2022-02-11 17:32:00,LESL
21.03,21.03,21.03,21.03,224,2022-02-11 17:33:00,LESL
21.04,21.05,21.04,21.04,1634,2022-02-11 17:34:00,LESL
21.05,21.05,21.03,21.03,300,2022-02-11 17:35:00,LESL
21.06,21.06,21.055,21.06,1241,2022-02-11 17:36:00,LESL
21.06,21.065,21.06,21.065,400,2022-02-11 17:37:00,LESL
21.06,21.06,21.05,21.05,2744,2022-02-11 17:38:00,LESL
21.045,21.06,21.04,21.045,2600,2022-02-11 17:39:00,LESL
21.05,21.065,21.045,21.065,943,2022-02-11 17:41:00,LESL
21.06,21.06,21.06,21.06,639,2022-02-11 17:42:00,LESL
21.05,21.05,21.05,21.05,100,2022-02-11 17:43:00,LESL
21.06,21.06,21.05,21.06,300,2022-02-11 17:44:00,LESL
21.06,21.1,21.06,21.09,5364,2022-02-11 17:45:00,LESL
21.08,21.08,21.0499,21.0499,7671,2022-02-11 17:46:00,LESL
21.04,21.04,21.02,21.033,865,2022-02-11 17:47:00,LESL
21.04,21.07,21.04,21.07,2202,2022-02-11 17:48:00,LESL
21.08,21.08,21.07,21.08,1400,2022-02-11 17:49:00,LESL
21.07,21.075,21.07,21.07,700,2022-02-11 17:50:00,LESL
21.07,21.07,21.04,21.05,1320,2022-02-11 17:51:00,LESL
21.0,21.0,21.0,21.0,200,2022-02-11 17:52:00,LESL
21.0,21.0,20.995,20.995,300,2022-02-11 17:53:00,LESL
20.96,20.96,20.95,20.955,500,2022-02-11 17:54:00,LESL
20.96,20.97,20.96,20.97,800,2022-02-11 17:55:00,LESL
20.96,20.96,20.96,20.96,641,2022-02-11 17:56:00,LESL
20.95,20.95,20.95,20.95,500,2022-02-11 17:57:00,LESL
20.95,20.96,20.94,20.95,2387,2022-02-11 17:58:00,LESL
20.96,20.97,20.95,20.955,2300,2022-02-11 17:59:00,LESL
20.94,20.94,20.94,20.94,300,2022-02-11 18:00:00,LESL
20.95,20.97,20.94,20.97,4090,2022-02-11 18:01:00,LESL
20.97,20.99,20.96,20.99,2400,2022-02-11 18:02:00,LESL
21.0,21.01,20.99,21.01,3034,2022-02-11 18:03:00,LESL
21.01,21.02,20.99,21.02,500,2022-02-11 18:04:00,LESL
21.0,21.04,21.0,21.01,2659,2022-02-11 18:05:00,LESL
21.04,21.05,21.03,21.03,1275,2022-02-11 18:06:00,LESL
21.03,21.03,21.03,21.03,100,2022-02-11 18:07:00,LESL
21.04,21.06,21.02,21.06,1214,2022-02-11 18:08:00,LESL
21.05,21.06,21.05,21.05,900,2022-02-11 18:09:00,LESL
21.05,21.05,21.05,21.05,600,2022-02-11 18:10:00,LESL
21.04,21.04,21.015,21.02,1500,2022-02-11 18:11:00,LESL
21.02,21.02,21.02,21.02,1346,2022-02-11 18:12:00,LESL
21.01,21.02,20.99,20.99,3381,2022-02-11 18:13:00,LESL
21.03,21.04,21.0,21.03,1800,2022-02-11 18:14:00,LESL
21.04,21.05,21.04,21.05,700,2022-02-11 18:15:00,LESL
21.04,21.04,21.03,21.03,1086,2022-02-11 18:16:00,LESL
21.02,21.02,21.01,21.01,800,2022-02-11 18:17:00,LESL
21.01,21.01,21.0,21.0,605,2022-02-11 18:18:00,LESL
21.02,21.055,21.02,21.05,3078,2022-02-11 18:19:00,LESL
21.04,21.04,21.04,21.04,200,2022-02-11 18:20:00,LESL
21.04,21.04,21.03,21.03,1528,2022-02-11 18:21:00,LESL
21.04,21.05,21.02,21.045,2067,2022-02-11 18:22:00,LESL
21.04,21.04,21.04,21.04,200,2022-02-11 18:23:00,LESL
21.0326,21.0326,21.0326,21.0326,140,2022-02-11 18:25:00,LESL
21.035,21.035,21.02,21.02,1012,2022-02-11 18:26:00,LESL
21.01,21.01,21.0,21.01,2436,2022-02-11 18:27:00,LESL
21.0,21.01,21.0,21.0,3338,2022-02-11 18:28:00,LESL
21.0,21.0,20.995,21.0,1499,2022-02-11 18:29:00,LESL
20.99,20.995,20.98,20.99,4017,2022-02-11 18:30:00,LESL
20.99,20.99,20.93,20.95,7013,2022-02-11 18:31:00,LESL
20.94,20.94,20.92,20.92,2400,2022-02-11 18:32:00,LESL
20.92,20.945,20.91,20.94,5000,2022-02-11 18:33:00,LESL
20.94,20.94,20.93,20.94,2323,2022-02-11 18:34:00,LESL
20.93,20.935,20.85,20.85,7681,2022-02-11 18:35:00,LESL
20.86,20.88,20.86,20.88,3917,2022-02-11 18:36:00,LESL
20.84,20.84,20.82,20.82,1200,2022-02-11 18:37:00,LESL
20.82,20.82,20.79,20.79,876,2022-02-11 18:38:00,LESL
20.79,20.79,20.77,20.77,500,2022-02-11 18:39:00,LESL
20.76,20.81,20.76,20.8,11136,2022-02-11 18:40:00,LESL
20.81,20.83,20.81,20.81,500,2022-02-11 18:41:00,LESL
20.79,20.82,20.78,20.81,3682,2022-02-11 18:42:00,LESL
20.8,20.81,20.8,20.8,400,2022-02-11 18:43:00,LESL
20.82,20.82,20.8,20.8,584,2022-02-11 18:44:00,LESL
20.8,20.81,20.78,20.785,2718,2022-02-11 18:45:00,LESL
20.79,20.8,20.72,20.76,8047,2022-02-11 18:46:00,LESL
20.76,20.8,20.76,20.8,4286,2022-02-11 18:47:00,LESL
20.8,20.8,20.77,20.79,5115,2022-02-11 18:48:00,LESL
20.79,20.8,20.76,20.78,3000,2022-02-11 18:49:00,LESL
20.79,20.8,20.7655,20.785,2369,2022-02-11 18:50:00,LESL
20.79,20.83,20.79,20.82,3277,2022-02-11 18:51:00,LESL
20.82,20.84,20.8,20.83,6699,2022-02-11 18:52:00,LESL
20.83,20.83,20.81,20.81,1400,2022-02-11 18:53:00,LESL
20.8,20.81,20.8,20.8,4420,2022-02-11 18:55:00,LESL
20.79,20.79,20.76,20.78,2416,2022-02-11 18:56:00,LESL
20.78,20.79,20.78,20.79,1350,2022-02-11 18:57:00,LESL
20.79,20.8,20.78,20.8,1750,2022-02-11 18:58:00,LESL
20.8,20.8,20.78,20.78,2831,2022-02-11 18:59:00,LESL
20.78,20.78,20.75,20.76,2417,2022-02-11 19:00:00,LESL
20.77,20.8,20.745,20.745,3000,2022-02-11 19:01:00,LESL
20.73,20.73,20.7,20.7,1745,2022-02-11 19:02:00,LESL
20.7,20.72,20.7,20.7,5252,2022-02-11 19:03:00,LESL
20.7,20.76,20.7,20.76,4695,2022-02-11 19:04:00,LESL
20.73,20.73,20.7,20.7,1400,2022-02-11 19:05:00,LESL
20.7,20.7,20.7,20.7,1400,2022-02-11 19:06:00,LESL
20.71,20.75,20.71,20.75,2400,2022-02-11 19:07:00,LESL
20.77,20.82,20.76,20.76,1912,2022-02-11 19:08:00,LESL
20.76,20.76,20.74,20.76,500,2022-02-11 19:09:00,LESL
20.73,20.73,20.72,20.73,300,2022-02-11 19:10:00,LESL
20.74,20.74,20.73,20.73,300,2022-02-11 19:11:00,LESL
20.71,20.74,20.71,20.74,1700,2022-02-11 19:12:00,LESL
20.74,20.75,20.74,20.75,400,2022-02-11 19:13:00,LESL
20.75,20.79,20.75,20.79,3500,2022-02-11 19:14:00,LESL
20.79,20.84,20.79,20.84,1551,2022-02-11 19:15:00,LESL
20.85,20.85,20.82,20.82,900,2022-02-11 19:16:00,LESL
20.84,20.85,20.84,20.85,1004,2022-02-11 19:17:00,LESL
20.86,20.888,20.86,20.8764,1540,2022-02-11 19:18:00,LESL
20.87,20.87,20.86,20.86,733,2022-02-11 19:19:00,LESL
20.865,20.865,20.84,20.86,2993,2022-02-11 19:20:00,LESL
20.85,20.86,20.85,20.86,300,2022-02-11 19:21:00,LESL
20.86,20.86,20.85,20.85,1139,2022-02-11 19:22:00,LESL
20.85,20.85,20.85,20.85,100,2022-02-11 19:23:00,LESL
20.82,20.82,20.76,20.77,1668,2022-02-11 19:24:00,LESL
20.77,20.77,20.76,20.77,673,2022-02-11 19:25:00,LESL
20.76,20.76,20.72,20.72,1300,2022-02-11 19:26:00,LESL
20.72,20.73,20.72,20.73,801,2022-02-11 19:27:00,LESL
20.72,20.72,20.7,20.71,1100,2022-02-11 19:28:00,LESL
20.71,20.71,20.7,20.7,3493,2022-02-11 19:29:00,LESL
20.72,20.73,20.72,20.73,500,2022-02-11 19:30:00,LESL
20.72,20.72,20.7,20.7,1900,2022-02-11 19:31:00,LESL
20.7,20.715,20.7,20.71,1900,2022-02-11 19:32:00,LESL
20.7,20.77,20.7,20.77,2514,2022-02-11 19:33:00,LESL
20.78,20.82,20.78,20.81,948,2022-02-11 19:34:00,LESL
20.81,20.81,20.76,20.77,1800,2022-02-11 19:35:00,LESL
20.76,20.78,20.76,20.78,1306,2022-02-11 19:36:00,LESL
20.77,20.8,20.77,20.78,1294,2022-02-11 19:37:00,LESL
20.78,20.8,20.78,20.784,1540,2022-02-11 19:38:00,LESL
20.78,20.78,20.75,20.75,500,2022-02-11 19:39:00,LESL
20.75,20.76,20.7,20.72,1500,2022-02-11 19:40:00,LESL
20.72,20.72,20.71,20.71,1500,2022-02-11 19:41:00,LESL
20.69,20.71,20.68,20.71,3227,2022-02-11 19:42:00,LESL
20.72,20.7741,20.72,20.76,2238,2022-02-11 19:43:00,LESL
20.76,20.76,20.7,20.7,5723,2022-02-11 19:44:00,LESL
20.7,20.7,20.69,20.6975,1000,2022-02-11 19:45:00,LESL
20.7,20.72,20.69,20.72,3439,2022-02-11 19:46:00,LESL
20.71,20.71,20.7,20.7,1600,2022-02-11 19:47:00,LESL
20.71,20.7209,20.7,20.7,4020,2022-02-11 19:48:00,LESL
20.7,20.71,20.7,20.7,3648,2022-02-11 19:49:00,LESL
20.7,20.7,20.68,20.69,3857,2022-02-11 19:50:00,LESL
20.68,20.69,20.65,20.66,1700,2022-02-11 19:51:00,LESL
20.64,20.64,20.6,20.6,1108,2022-02-11 19:52:00,LESL
20.6,20.64,20.6,20.64,3922,2022-02-11 19:53:00,LESL
20.64,20.64,20.63,20.64,1864,2022-02-11 19:54:00,LESL
20.65,20.66,20.65,20.66,948,2022-02-11 19:55:00,LESL
20.66,20.67,20.66,20.66,1903,2022-02-11 19:56:00,LESL
20.68,20.68,20.68,20.68,100,2022-02-11 19:57:00,LESL
20.67,20.67,20.66,20.66,754,2022-02-11 19:58:00,LESL
20.66,20.69,20.65,20.69,2625,2022-02-11 19:59:00,LESL
20.7,20.72,20.68,20.72,2300,2022-02-11 20:00:00,LESL
20.73,20.73,20.72,20.725,2000,2022-02-11 20:01:00,LESL
20.735,20.75,20.73,20.74,4501,2022-02-11 20:02:00,LESL
20.75,20.79,20.75,20.79,1200,2022-02-11 20:03:00,LESL
20.8,20.81,20.78,20.79,2931,2022-02-11 20:04:00,LESL
20.775,20.8,20.77,20.77,1509,2022-02-11 20:05:00,LESL
20.71,20.71,20.71,20.71,100,2022-02-11 20:07:00,LESL
20.72,20.74,20.71,20.71,4451,2022-02-11 20:08:00,LESL
20.7,20.7,20.68,20.69,1838,2022-02-11 20:09:00,LESL
20.7,20.7,20.665,20.665,1831,2022-02-11 20:10:00,LESL
20.68,20.68,20.67,20.67,500,2022-02-11 20:11:00,LESL
20.65,20.69,20.65,20.69,3534,2022-02-11 20:12:00,LESL
20.67,20.67,20.64,20.64,2736,2022-02-11 20:13:00,LESL
20.63,20.63,20.63,20.63,200,2022-02-11 20:14:00,LESL
20.64,20.69,20.64,20.69,2682,2022-02-11 20:15:00,LESL
20.71,20.73,20.68,20.68,4600,2022-02-11 20:16:00,LESL
20.65,20.66,20.65,20.65,485,2022-02-11 20:17:00,LESL
20.64,20.64,20.6,20.61,2442,2022-02-11 20:18:00,LESL
20.62,20.64,20.62,20.62,1500,2022-02-11 20:19:00,LESL
20.61,20.61,20.6,20.601,500,2022-02-11 20:20:00,LESL
20.61,20.65,20.605,20.64,4111,2022-02-11 20:21:00,LESL
20.64,20.64,20.6,20.6,2590,2022-02-11 20:22:00,LESL
20.6,20.6143,20.6,20.61,3835,2022-02-11 20:23:00,LESL
20.6,20.62,20.6,20.6,4983,2022-02-11 20:24:00,LESL
20.61,20.64,20.61,20.61,2210,2022-02-11 20:25:00,LESL
20.61,20.65,20.61,20.65,2000,2022-02-11 20:26:00,LESL
20.65,20.65,20.6,20.605,1800,2022-02-11 20:27:00,LESL
20.61,20.63,20.6,20.61,4071,2022-02-11 20:28:00,LESL
20.615,20.65,20.615,20.65,3093,2022-02-11 20:29:00,LESL
20.61,20.63,20.61,20.61,2615,2022-02-11 20:30:00,LESL
20.61,20.63,20.6,20.63,1600,2022-02-11 20:31:00,LESL
20.61,20.61,20.5875,20.6,8099,2022-02-11 20:32:00,LESL
20.605,20.62,20.595,20.62,4200,2022-02-11 20:33:00,LESL
20.63,20.65,20.62,20.63,3060,2022-02-11 20:34:00,LESL
20.62,20.64,20.6,20.605,6600,2022-02-11 20:35:00,LESL
20.6,20.635,20.6,20.621,2500,2022-02-11 20:36:00,LESL
20.62,20.63,20.59,20.61,5131,2022-02-11 20:37:00,LESL
20.61,20.63,20.6,20.62,4755,2022-02-11 20:38:00,LESL
20.61,20.61,20.56,20.5604,2174,2022-02-11 20:39:00,LESL
20.56,20.57,20.54,20.54,6258,2022-02-11 20:40:00,LESL
20.53,20.53,20.52,20.52,2747,2022-02-11 20:41:00,LESL
20.51,20.53,20.48,20.51,7859,2022-02-11 20:42:00,LESL
20.5,20.56,20.495,20.56,7213,2022-02-11 20:43:00,LESL
20.56,20.57,20.52,20.52,5005,2022-02-11 20:44:00,LESL
20.52,20.56,20.52,20.55,3600,2022-02-11 20:45:00,LESL
20.56,20.58,20.53,20.55,6234,2022-02-11 20:46:00,LESL
20.541,20.6,20.541,20.6,4600,2022-02-11 20:47:00,LESL
20.605,20.64,20.605,20.63,3200,2022-02-11 20:48:00,LESL
20.625,20.65,20.62,20.65,2601,2022-02-11 20:49:00,LESL
20.66,20.66,20.595,20.605,5398,2022-02-11 20:50:00,LESL
20.6,20.64,20.6,20.64,6244,2022-02-11 20:51:00,LESL
20.62,20.63,20.6,20.63,4129,2022-02-11 20:52:00,LESL
20.64,20.655,20.635,20.655,4538,2022-02-11 20:53:00,LESL
20.65,20.655,20.62,20.625,4586,2022-02-11 20:54:00,LESL
20.63,20.695,20.63,20.685,10447,2022-02-11 20:55:00,LESL
20.69,20.69,20.65,20.65,8026,2022-02-11 20:56:00,LESL
20.65,20.66,20.63,20.655,12703,2022-02-11 20:57:00,LESL
20.655,20.66,20.64,20.64,10344,2022-02-11 20:58:00,LESL
20.64,20.645,20.6,20.61,16611,2022-02-11 20:59:00,LESL
20.63,20.63,20.63,20.63,77782,2022-02-11 21:00:00,LESL
20.75,20.75,20.75,20.75,100,2022-02-14 12:49:00,LESL
20.63,20.63,20.63,20.63,5000,2022-02-14 13:44:00,LESL
20.56,20.56,20.46,20.55,12271,2022-02-14 14:30:00,LESL
20.57,20.6,20.57,20.59,729,2022-02-14 14:31:00,LESL
20.59,20.69,20.59,20.68,3811,2022-02-14 14:32:00,LESL
20.67,20.67,20.65,20.65,982,2022-02-14 14:33:00,LESL
20.71,20.8,20.69,20.8,900,2022-02-14 14:35:00,LESL
20.84,20.84,20.78,20.78,500,2022-02-14 14:36:00,LESL
20.84,20.87,20.84,20.87,200,2022-02-14 14:37:00,LESL
20.865,20.93,20.865,20.895,2000,2022-02-14 14:38:00,LESL
20.905,20.905,20.905,20.905,1000,2022-02-14 14:39:00,LESL
20.95,20.97,20.95,20.96,2602,2022-02-14 14:41:00,LESL
21.0,21.0,21.0,21.0,300,2022-02-14 14:42:00,LESL
20.99,21.03,20.97,21.03,4732,2022-02-14 14:43:00,LESL
21.03,21.03,20.9,20.93,1000,2022-02-14 14:44:00,LESL
20.92,20.92,20.88,20.88,1973,2022-02-14 14:45:00,LESL
20.87,20.895,20.86,20.895,1019,2022-02-14 14:46:00,LESL
20.92,20.92,20.92,20.92,300,2022-02-14 14:47:00,LESL
20.96,20.96,20.92,20.92,200,2022-02-14 14:48:00,LESL
20.94,20.97,20.93,20.93,1928,2022-02-14 14:49:00,LESL
20.93,20.93,20.91,20.925,500,2022-02-14 14:50:00,LESL
20.95,20.965,20.95,20.965,600,2022-02-14 14:51:00,LESL
20.965,21.0,20.93,21.0,900,2022-02-14 14:52:00,LESL
20.93,20.965,20.93,20.96,1100,2022-02-14 14:53:00,LESL
20.94,20.94,20.91,20.92,900,2022-02-14 14:55:00,LESL
20.9,20.92,20.9,20.92,1000,2022-02-14 14:56:00,LESL
20.89,20.89,20.86,20.86,1999,2022-02-14 14:57:00,LESL
20.89,20.89,20.81,20.83,2600,2022-02-14 14:58:00,LESL
20.82,20.82,20.73,20.735,1701,2022-02-14 14:59:00,LESL
20.72,20.72,20.63,20.64,1981,2022-02-14 15:00:00,LESL
20.66,20.66,20.59,20.59,1700,2022-02-14 15:01:00,LESL
20.54,20.565,20.54,20.565,200,2022-02-14 15:02:00,LESL
20.58,20.58,20.565,20.565,262,2022-02-14 15:03:00,LESL
20.58,20.58,20.5,20.5,2279,2022-02-14 15:04:00,LESL
20.52,20.52,20.51,20.51,600,2022-02-14 15:05:00,LESL
20.51,20.54,20.49,20.51,3180,2022-02-14 15:06:00,LESL
20.52,20.52,20.515,20.515,300,2022-02-14 15:07:00,LESL
20.515,20.54,20.51,20.53,3300,2022-02-14 15:08:00,LESL
20.53,20.54,20.53,20.54,1710,2022-02-14 15:09:00,LESL
20.54,20.61,20.54,20.61,1300,2022-02-14 15:10:00,LESL
20.605,20.65,20.605,20.63,800,2022-02-14 15:11:00,LESL
20.62,20.64,20.62,20.635,1000,2022-02-14 15:12:00,LESL
20.65,20.68,20.65,20.68,200,2022-02-14 15:13:00,LESL
20.68,20.69,20.665,20.665,669,2022-02-14 15:14:00,LESL
20.68,20.72,20.595,20.595,4327,2022-02-14 15:15:00,LESL
20.62,20.62,20.57,20.57,400,2022-02-14 15:16:00,LESL
20.52,20.57,20.52,20.57,810,2022-02-14 15:17:00,LESL
20.555,20.555,20.555,20.555,100,2022-02-14 15:18:00,LESL
20.55,20.6,20.53,20.57,700,2022-02-14 15:19:00,LESL
20.55,20.55,20.55,20.55,480,2022-02-14 15:20:00,LESL
20.59,20.59,20.53,20.53,1719,2022-02-14 15:21:00,LESL
20.54,20.54,20.51,20.52,2100,2022-02-14 15:22:00,LESL
20.52,20.55,20.52,20.55,500,2022-02-14 15:23:00,LESL
20.59,20.62,20.56,20.62,2000,2022-02-14 15:24:00,LESL
20.59,20.59,20.59,20.59,100,2022-02-14 15:25:00,LESL
20.541,20.56,20.54,20.54,2053,2022-02-14 15:26:00,LESL
20.54,20.56,20.54,20.5495,4215,2022-02-14 15:27:00,LESL
20.53,20.54,20.525,20.525,1718,2022-02-14 15:28:00,LESL
20.53,20.54,20.49,20.49,5053,2022-02-14 15:29:00,LESL
20.5,20.53,20.497,20.51,3292,2022-02-14 15:30:00,LESL
20.51,20.51,20.45,20.467,2391,2022-02-14 15:31:00,LESL
20.455,20.455,20.41,20.41,402,2022-02-14 15:32:00,LESL
20.39,20.42,20.39,20.39,1777,2022-02-14 15:33:00,LESL
20.405,20.42,20.38,20.38,2380,2022-02-14 15:34:00,LESL
20.39,20.42,20.39,20.42,1980,2022-02-14 15:35:00,LESL
20.4,20.42,20.39,20.42,850,2022-02-14 15:36:00,LESL
20.4,20.4,20.37,20.37,1300,2022-02-14 15:37:00,LESL
20.37,20.42,20.37,20.42,3066,2022-02-14 15:38:00,LESL
20.42,20.45,20.42,20.44,870,2022-02-14 15:39:00,LESL
20.45,20.45,20.45,20.45,200,2022-02-14 15:40:00,LESL
20.46,20.53,20.46,20.5,3250,2022-02-14 15:41:00,LESL
20.507,20.53,20.5,20.53,2389,2022-02-14 15:42:00,LESL
20.51,20.53,20.51,20.53,200,2022-02-14 15:43:00,LESL
20.525,20.525,20.51,20.51,1616,2022-02-14 15:44:00,LESL
20.49,20.51,20.475,20.5,1700,2022-02-14 15:45:00,LESL
20.52,20.52,20.5,20.5,2300,2022-02-14 15:46:00,LESL
20.5,20.53,20.5,20.53,200,2022-02-14 15:47:00,LESL
20.53,20.57,20.53,20.57,4698,2022-02-14 15:48:00,LESL
20.58,20.58,20.54,20.56,3306,2022-02-14 15:49:00,LESL
20.56,20.58,20.52,20.53,3810,2022-02-14 15:50:00,LESL
20.52,20.52,20.51,20.51,300,2022-02-14 15:51:00,LESL
20.51,20.53,20.49,20.52,3004,2022-02-14 15:52:00,LESL
20.49,20.53,20.49,20.53,2950,2022-02-14 15:53:00,LESL
20.54,20.58,20.54,20.555,500,2022-02-14 15:54:00,LESL
20.58,20.59,20.57,20.5751,2800,2022-02-14 15:55:00,LESL
20.58,20.59,20.58,20.58,3300,2022-02-14 15:56:00,LESL
20.57,20.57,20.5,20.5,1977,2022-02-14 15:57:00,LESL
20.53,20.54,20.52,20.54,900,2022-02-14 15:58:00,LESL
20.55,20.55,20.53,20.53,400,2022-02-14 15:59:00,LESL
20.53,20.53,20.5,20.5,1300,2022-02-14 16:00:00,LESL
20.5,20.529,20.5,20.529,271,2022-02-14 16:01:00,LESL
20.51,20.53,20.51,20.53,1498,2022-02-14 16:02:00,LESL
20.52,20.53,20.52,20.52,1260,2022-02-14 16:03:00,LESL
20.53,20.5725,20.53,20.5591,1422,2022-02-14 16:04:00,LESL
20.54,20.54,20.53,20.53,600,2022-02-14 16:05:00,LESL
20.5,20.51,20.5,20.51,500,2022-02-14 16:06:00,LESL
20.53,20.54,20.52,20.53,5196,2022-02-14 16:07:00,LESL
20.5252,20.53,20.52,20.53,689,2022-02-14 16:08:00,LESL
20.53,20.53,20.53,20.53,1700,2022-02-14 16:09:00,LESL
20.53,20.53,20.49,20.5,2334,2022-02-14 16:10:00,LESL
20.5,20.5,20.48,20.48,500,2022-02-14 16:11:00,LESL
20.48,20.49,20.48,20.49,200,2022-02-14 16:12:00,LESL
20.5,20.52,20.5,20.52,924,2022-02-14 16:13:00,LESL
20.5,20.5,20.47,20.485,1508,2022-02-14 16:14:00,LESL
20.5,20.52,20.5,20.52,600,2022-02-14 16:15:00,LESL
20.52,20.56,20.52,20.56,3310,2022-02-14 16:16:00,LESL
20.56,20.57,20.56,20.57,1393,2022-02-14 16:17:00,LESL
20.579,20.579,20.57,20.57,400,2022-02-14 16:18:00,LESL
20.63,20.63,20.63,20.63,200,2022-02-14 16:19:00,LESL
20.63,20.635,20.62,20.635,500,2022-02-14 16:20:00,LESL
20.63,20.64,20.619,20.63,3174,2022-02-14 16:21:00,LESL
20.61,20.67,20.61,20.66,2000,2022-02-14 16:22:00,LESL
20.72,20.74,20.72,20.74,200,2022-02-14 16:23:00,LESL
20.73,20.74,20.72,20.73,956,2022-02-14 16:24:00,LESL
20.73,20.75,20.73,20.735,1500,2022-02-14 16:25:00,LESL
20.74,20.75,20.71,20.71,2217,2022-02-14 16:27:00,LESL
20.71,20.72,20.706,20.71,2615,2022-02-14 16:28:00,LESL
20.715,20.715,20.7,20.7,400,2022-02-14 16:29:00,LESL
20.7,20.71,20.68,20.68,2993,2022-02-14 16:30:00,LESL
20.68,20.68,20.675,20.675,300,2022-02-14 16:31:00,LESL
20.64,20.64,20.64,20.64,227,2022-02-14 16:32:00,LESL
20.62,20.645,20.61,20.63,2466,2022-02-14 16:33:00,LESL
20.63,20.63,20.61,20.61,400,2022-02-14 16:34:00,LESL
20.605,20.61,20.59,20.61,422,2022-02-14 16:35:00,LESL
20.6,20.61,20.6,20.61,1200,2022-02-14 16:36:00,LESL
20.6,20.62,20.6,20.62,6400,2022-02-14 16:37:00,LESL
20.6,20.62,20.59,20.605,10960,2022-02-14 16:38:00,LESL
20.61,20.615,20.6,20.6075,3100,2022-02-14 16:39:00,LESL
20.63,20.64,20.63,20.64,600,2022-02-14 16:40:00,LESL
20.64,20.64,20.64,20.64,100,2022-02-14 16:41:00,LESL
20.65,20.655,20.65,20.655,1736,2022-02-14 16:42:00,LESL
20.67,20.67,20.67,20.67,200,2022-02-14 16:43:00,LESL
20.66,20.66,20.66,20.66,300,2022-02-14 16:44:00,LESL
20.66,20.67,20.66,20.66,900,2022-02-14 16:45:00,LESL
20.66,20.66,20.65,20.66,500,2022-02-14 16:46:00,LESL
20.66,20.66,20.66,20.66,600,2022-02-14 16:47:00,LESL
20.685,20.69,20.67,20.67,1500,2022-02-14 16:48:00,LESL
20.68,20.68,20.67,20.67,1895,2022-02-14 16:49:00,LESL
20.65,20.67,20.65,20.665,2844,2022-02-14 16:50:00,LESL
20.66,20.66,20.63,20.64,2723,2022-02-14 16:51:00,LESL
20.65,20.65,20.64,20.64,1000,2022-02-14 16:52:00,LESL
20.635,20.64,20.62,20.63,5545,2022-02-14 16:53:00,LESL
20.62,20.63,20.6,20.63,2400,2022-02-14 16:54:00,LESL
20.615,20.63,20.61,20.63,1100,2022-02-14 16:55:00,LESL
20.625,20.625,20.59,20.61,1861,2022-02-14 16:56:00,LESL
20.62,20.625,20.605,20.625,1911,2022-02-14 16:57:00,LESL
20.62,20.64,20.6,20.64,4400,2022-02-14 16:58:00,LESL
20.645,20.645,20.62,20.62,7527,2022-02-14 16:59:00,LESL
20.63,20.63,20.6,20.61,8312,2022-02-14 17:00:00,LESL
20.66,20.66,20.66,20.66,100,2022-02-14 17:01:00,LESL
20.675,20.675,20.65,20.65,300,2022-02-14 17:02:00,LESL
20.65,20.66,20.65,20.65,2500,2022-02-14 17:03:00,LESL
20.64,20.65,20.64,20.65,2500,2022-02-14 17:04:00,LESL
20.6475,20.6475,20.6475,20.6475,100,2022-02-14 17:05:00,LESL
20.645,20.645,20.645,20.645,200,2022-02-14 17:06:00,LESL
20.65,20.69,20.64,20.69,6244,2022-02-14 17:07:00,LESL
20.65,20.66,20.645,20.645,900,2022-02-14 17:08:00,LESL
20.65,20.65,20.65,20.65,100,2022-02-14 17:09:00,LESL
20.65,20.699,20.65,20.699,900,2022-02-14 17:10:00,LESL
20.72,20.72,20.71,20.71,350,2022-02-14 17:12:00,LESL
20.69,20.69,20.67,20.67,800,2022-02-14 17:13:00,LESL
20.67,20.68,20.67,20.68,235,2022-02-14 17:14:00,LESL
20.69,20.69,20.69,20.69,500,2022-02-14 17:15:00,LESL
20.7,20.7,20.69,20.7,2794,2022-02-14 17:16:00,LESL
20.69,20.6981,20.67,20.68,1028,2022-02-14 17:17:00,LESL
20.69,20.69,20.69,20.69,100,2022-02-14 17:19:00,LESL
20.69,20.71,20.69,20.71,1590,2022-02-14 17:20:00,LESL
20.71,20.71,20.71,20.71,100,2022-02-14 17:21:00,LESL
20.719,20.719,20.691,20.691,1300,2022-02-14 17:22:00,LESL
20.69,20.69,20.69,20.69,327,2022-02-14 17:23:00,LESL
20.69,20.69,20.69,20.69,940,2022-02-14 17:24:00,LESL
20.69,20.69,20.68,20.69,900,2022-02-14 17:25:00,LESL
20.67,20.67,20.67,20.67,100,2022-02-14 17:26:00,LESL
20.69,20.69,20.68,20.68,400,2022-02-14 17:27:00,LESL
20.69,20.69,20.67,20.68,709,2022-02-14 17:28:00,LESL
20.72,20.81,20.71,20.77,13190,2022-02-14 17:30:00,LESL
20.74,20.76,20.74,20.76,561,2022-02-14 17:31:00,LESL
20.76,20.77,20.76,20.77,400,2022-02-14 17:32:00,LESL
20.752,20.76,20.75,20.76,400,2022-02-14 17:33:00,LESL
20.75,20.75,20.74,20.74,200,2022-02-14 17:34:00,LESL
20.76,20.78,20.75,20.75,1210,2022-02-14 17:35:00,LESL
20.741,20.75,20.74,20.75,600,2022-02-14 17:36:00,LESL
20.77,20.77,20.75,20.75,300,2022-02-14 17:37:00,LESL
20.745,20.75,20.745,20.75,200,2022-02-14 17:38:00,LESL
20.74,20.76,20.74,20.76,2944,2022-02-14 17:39:00,LESL
20.76,20.76,20.75,20.75,1901,2022-02-14 17:41:00,LESL
20.76,20.77,20.75,20.77,400,2022-02-14 17:44:00,LESL
20.75,20.76,20.75,20.76,600,2022-02-14 17:45:00,LESL
20.75,20.76,20.75,20.76,800,2022-02-14 17:46:00,LESL
20.77,20.78,20.76,20.78,500,2022-02-14 17:47:00,LESL
20.82,20.82,20.8,20.803,300,2022-02-14 17:48:00,LESL
20.81,20.81,20.81,20.81,802,2022-02-14 17:50:00,LESL
20.8,20.8,20.79,20.79,1028,2022-02-14 17:51:00,LESL
20.79,20.79,20.79,20.79,100,2022-02-14 17:52:00,LESL
20.783,20.783,20.783,20.783,100,2022-02-14 17:53:00,LESL
20.78,20.78,20.75,20.76,1703,2022-02-14 17:55:00,LESL
20.78,20.78,20.78,20.78,100,2022-02-14 17:56:00,LESL
20.75,20.75,20.75,20.75,800,2022-02-14 17:57:00,LESL
20.75,20.76,20.74,20.76,5163,2022-02-14 17:58:00,LESL
20.77,20.77,20.75,20.75,200,2022-02-14 17:59:00,LESL
20.76,20.76,20.72,20.76,6035,2022-02-14 18:01:00,LESL
20.74,20.75,20.74,20.75,433,2022-02-14 18:02:00,LESL
20.77,20.79,20.77,20.79,1400,2022-02-14 18:03:00,LESL
20.83,20.84,20.81,20.83,3793,2022-02-14 18:05:00,LESL
20.8,20.815,20.79,20.795,2533,2022-02-14 18:06:00,LESL
20.81,20.82,20.81,20.82,300,2022-02-14 18:07:00,LESL
20.8,20.8,20.8,20.8,100,2022-02-14 18:08:00,LESL
20.82,20.83,20.82,20.83,549,2022-02-14 18:09:00,LESL
20.83,20.84,20.83,20.84,412,2022-02-14 18:10:00,LESL
20.81,20.81,20.81,20.81,500,2022-02-14 18:11:00,LESL
20.8,20.81,20.8,20.81,961,2022-02-14 18:12:00,LESL
20.81,20.82,20.81,20.82,200,2022-02-14 18:13:00,LESL
20.81,20.82,20.81,20.82,200,2022-02-14 18:14:00,LESL
20.83,20.83,20.83,20.83,200,2022-02-14 18:15:00,LESL
20.82,20.823,20.82,20.823,200,2022-02-14 18:16:00,LESL
20.81,20.83,20.81,20.83,300,2022-02-14 18:18:00,LESL
20.835,20.85,20.835,20.85,400,2022-02-14 18:19:00,LESL
20.83,20.83,20.81,20.83,765,2022-02-14 18:20:00,LESL
20.82,20.823,20.82,20.823,300,2022-02-14 18:21:00,LESL
20.82,20.82,20.81,20.82,400,2022-02-14 18:22:00,LESL
20.8,20.8,20.77,20.78,1801,2022-02-14 18:23:00,LESL
20.78,20.78,20.75,20.76,600,2022-02-14 18:24:00,LESL
20.765,20.765,20.765,20.765,100,2022-02-14 18:25:00,LESL
20.75,20.76,20.74,20.75,2700,2022-02-14 18:26:00,LESL
20.74,20.75,20.74,20.75,200,2022-02-14 18:27:00,LESL
20.75,20.75,20.75,20.75,257,2022-02-14 18:28:00,LESL
20.76,20.77,20.74,20.75,4104,2022-02-14 18:29:00,LESL
20.76,20.76,20.74,20.745,2300,2022-02-14 18:30:00,LESL
20.75,20.75,20.71,20.71,2214,2022-02-14 18:31:00,LESL
20.73,20.73,20.72,20.72,864,2022-02-14 18:32:00,LESL
20.74,20.74,20.73,20.74,400,2022-02-14 18:33:00,LESL
20.74,20.74,20.73,20.74,3333,2022-02-14 18:35:00,LESL
20.74,20.74,20.74,20.74,300,2022-02-14 18:36:00,LESL
20.74,20.75,20.74,20.75,500,2022-02-14 18:37:00,LESL
20.74,20.755,20.74,20.75,800,2022-02-14 18:38:00,LESL
20.74,20.74,20.73,20.74,600,2022-02-14 18:39:00,LESL
20.74,20.74,20.74,20.74,1800,2022-02-14 18:40:00,LESL
20.74,20.74,20.74,20.74,200,2022-02-14 18:41:00,LESL
20.75,20.75,20.73,20.74,2951,2022-02-14 18:43:00,LESL
20.75,20.76,20.74,20.75,1000,2022-02-14 18:44:00,LESL
20.75,20.75,20.74,20.75,2270,2022-02-14 18:45:00,LESL
20.75,20.77,20.75,20.77,890,2022-02-14 18:46:00,LESL
20.75,20.77,20.75,20.75,600,2022-02-14 18:47:00,LESL
20.75,20.75,20.74,20.74,2863,2022-02-14 18:48:00,LESL
20.75,20.75,20.68,20.6819,3434,2022-02-14 18:49:00,LESL
20.69,20.69,20.635,20.65,3450,2022-02-14 18:50:00,LESL
20.64,20.67,20.63,20.67,3000,2022-02-14 18:51:00,LESL
20.68,20.68,20.665,20.68,2539,2022-02-14 18:52:00,LESL
20.68,20.68,20.67,20.67,800,2022-02-14 18:53:00,LESL
20.68,20.68,20.58,20.58,5978,2022-02-14 18:54:00,LESL
20.6,20.6,20.58,20.58,919,2022-02-14 18:55:00,LESL
20.55,20.55,20.52,20.52,1000,2022-02-14 18:56:00,LESL
20.53,20.565,20.53,20.565,1060,2022-02-14 18:57:00,LESL
20.58,20.58,20.55,20.56,1000,2022-02-14 18:58:00,LESL
20.55,20.555,20.54,20.555,3208,2022-02-14 18:59:00,LESL
20.55,20.59,20.54,20.59,2100,2022-02-14 19:00:00,LESL
20.59,20.59,20.545,20.56,2759,2022-02-14 19:01:00,LESL
20.55,20.55,20.55,20.55,100,2022-02-14 19:04:00,LESL
20.54,20.56,20.54,20.56,3400,2022-02-14 19:05:00,LESL
20.56,20.56,20.53,20.535,2851,2022-02-14 19:06:00,LESL
20.521,20.55,20.521,20.55,500,2022-02-14 19:07:00,LESL
20.545,20.55,20.54,20.55,1600,2022-02-14 19:08:00,LESL
20.55,20.57,20.5288,20.55,2571,2022-02-14 19:09:00,LESL
20.55,20.55,20.54,20.55,1340,2022-02-14 19:10:00,LESL
20.55,20.55,20.55,20.55,100,2022-02-14 19:12:00,LESL
20.58,20.59,20.55,20.55,3002,2022-02-14 19:13:00,LESL
20.55,20.55,20.55,20.55,598,2022-02-14 19:14:00,LESL
20.56,20.56,20.55,20.55,3374,2022-02-14 19:15:00,LESL
20.55,20.57,20.55,20.56,500,2022-02-14 19:16:00,LESL
20.56,20.56,20.56,20.56,100,2022-02-14 19:17:00,LESL
20.55,20.5683,20.55,20.5614,3653,2022-02-14 19:19:00,LESL
20.57,20.6,20.57,20.6,1590,2022-02-14 19:20:00,LESL
20.59,20.59,20.58,20.58,200,2022-02-14 19:21:00,LESL
20.58,20.58,20.57,20.57,500,2022-02-14 19:22:00,LESL
20.57,20.57,20.57,20.57,500,2022-02-14 19:23:00,LESL
20.58,20.59,20.56,20.565,1300,2022-02-14 19:24:00,LESL
20.56,20.56,20.56,20.56,633,2022-02-14 19:26:00,LESL
20.55,20.5501,20.55,20.5501,1984,2022-02-14 19:27:00,LESL
20.56,20.615,20.56,20.615,800,2022-02-14 19:28:00,LESL
20.65,20.75,20.65,20.71,2465,2022-02-14 19:29:00,LESL
20.68,20.7,20.67,20.68,1399,2022-02-14 19:30:00,LESL
20.68,20.7,20.68,20.7,2400,2022-02-14 19:31:00,LESL
20.7,20.71,20.69,20.7,1866,2022-02-14 19:32:00,LESL
20.71,20.72,20.69,20.7,3191,2022-02-14 19:33:00,LESL
20.7,20.75,20.7,20.74,900,2022-02-14 19:34:00,LESL
20.715,20.74,20.715,20.74,1300,2022-02-14 19:35:00,LESL
20.74,20.74,20.73,20.74,2226,2022-02-14 19:36:00,LESL
20.75,20.75,20.735,20.74,2088,2022-02-14 19:37:00,LESL
20.75,20.77,20.75,20.77,1113,2022-02-14 19:38:00,LESL
20.78,20.79,20.765,20.79,2600,2022-02-14 19:39:00,LESL
20.79,20.79,20.785,20.79,700,2022-02-14 19:40:00,LESL
20.8,20.8,20.79,20.8,3292,2022-02-14 19:41:00,LESL
20.8,20.8,20.75,20.76,6284,2022-02-14 19:42:00,LESL
20.76,20.76,20.7482,20.76,1703,2022-02-14 19:43:00,LESL
20.7575,20.77,20.75,20.77,1700,2022-02-14 19:44:00,LESL
20.775,20.8,20.77,20.8,3100,2022-02-14 19:45:00,LESL
20.8,20.8084,20.8,20.8,720,2022-02-14 19:46:00,LESL
20.8,20.805,20.74,20.75,7138,2022-02-14 19:47:00,LESL
20.74,20.74,20.71,20.71,2000,2022-02-14 19:48:00,LESL
20.72,20.73,20.71,20.72,1264,2022-02-14 19:49:00,LESL
20.73,20.76,20.73,20.76,970,2022-02-14 19:50:00,LESL
20.77,20.78,20.77,20.78,600,2022-02-14 19:51:00,LESL
20.8,20.815,20.79,20.815,1440,2022-02-14 19:52:00,LESL
20.8,20.8,20.79,20.8,3018,2022-02-14 19:53:00,LESL
20.8,20.805,20.8,20.8,2300,2022-02-14 19:54:00,LESL
20.79,20.79,20.79,20.79,600,2022-02-14 19:55:00,LESL
20.795,20.8,20.795,20.8,697,2022-02-14 19:56:00,LESL
20.8,20.8,20.77,20.8,5121,2022-02-14 19:57:00,LESL
20.81,20.81,20.79,20.8,1500,2022-02-14 19:58:00,LESL
20.78,20.8,20.78,20.78,1700,2022-02-14 19:59:00,LESL
20.79,20.79,20.79,20.79,1374,2022-02-14 20:00:00,LESL
20.75,20.75,20.75,20.75,200,2022-02-14 20:01:00,LESL
20.73,20.74,20.73,20.74,1100,2022-02-14 20:02:00,LESL
20.725,20.73,20.715,20.715,681,2022-02-14 20:03:00,LESL
20.73,20.75,20.73,20.74,900,2022-02-14 20:04:00,LESL
20.71,20.71,20.66,20.66,704,2022-02-14 20:05:00,LESL
20.67,20.67,20.63,20.65,2450,2022-02-14 20:06:00,LESL
20.65,20.66,20.65,20.65,600,2022-02-14 20:07:00,LESL
20.66,20.73,20.66,20.728,4778,2022-02-14 20:08:00,LESL
20.74,20.74,20.74,20.74,600,2022-02-14 20:09:00,LESL
20.75,20.75,20.73,20.74,8356,2022-02-14 20:10:00,LESL
20.745,20.75,20.74,20.74,300,2022-02-14 20:11:00,LESL
20.75,20.8,20.75,20.8,2879,2022-02-14 20:12:00,LESL
20.8,20.8,20.8,20.8,1900,2022-02-14 20:13:00,LESL
20.8,20.81,20.8,20.81,1400,2022-02-14 20:14:00,LESL
20.8,20.81,20.79,20.8,3700,2022-02-14 20:15:00,LESL
20.78,20.8,20.77,20.795,6271,2022-02-14 20:16:00,LESL
20.79,20.81,20.775,20.81,3613,2022-02-14 20:17:00,LESL
20.8,20.805,20.79,20.805,900,2022-02-14 20:18:00,LESL
20.81,20.81,20.79,20.79,867,2022-02-14 20:19:00,LESL
20.78,20.78,20.72,20.72,5846,2022-02-14 20:20:00,LESL
20.715,20.74,20.715,20.73,3183,2022-02-14 20:21:00,LESL
20.73,20.73,20.72,20.73,1878,2022-02-14 20:22:00,LESL
20.73,20.76,20.73,20.76,800,2022-02-14 20:23:00,LESL
20.77,20.77,20.76,20.76,300,2022-02-14 20:24:00,LESL
20.75,20.775,20.75,20.7725,1000,2022-02-14 20:25:00,LESL
20.77,20.77,20.76,20.77,500,2022-02-14 20:26:00,LESL
20.77,20.77,20.74,20.755,1100,2022-02-14 20:27:00,LESL
20.76,20.78,20.76,20.76,1117,2022-02-14 20:28:00,LESL
20.76,20.76,20.75,20.75,3802,2022-02-14 20:29:00,LESL
20.74,20.79,20.73,20.79,2200,2022-02-14 20:30:00,LESL
20.79,20.79,20.771,20.79,2000,2022-02-14 20:31:00,LESL
20.77,20.8,20.765,20.8,1300,2022-02-14 20:32:00,LESL
20.8,20.805,20.79,20.8,2100,2022-02-14 20:33:00,LESL
20.8,20.802,20.79,20.79,1272,2022-02-14 20:34:00,LESL
20.79,20.79,20.78,20.785,1611,2022-02-14 20:35:00,LESL
20.785,20.81,20.785,20.795,2500,2022-02-14 20:36:00,LESL
20.785,20.805,20.785,20.8,1242,2022-02-14 20:37:00,LESL
20.8,20.8,20.76,20.78,3754,2022-02-14 20:38:00,LESL
20.785,20.79,20.765,20.765,3054,2022-02-14 20:39:00,LESL
20.77,20.79,20.765,20.785,1720,2022-02-14 20:40:00,LESL
20.78,20.78,20.75,20.75,1810,2022-02-14 20:41:00,LESL
20.73,20.73,20.695,20.7,10734,2022-02-14 20:42:00,LESL
20.69,20.7,20.65,20.67,4231,2022-02-14 20:43:00,LESL
20.68,20.695,20.66,20.69,3620,2022-02-14 20:44:00,LESL
20.69,20.69,20.6,20.6,3905,2022-02-14 20:45:00,LESL
20.615,20.63,20.6,20.6075,2488,2022-02-14 20:46:00,LESL
20.61,20.63,20.6,20.62,2950,2022-02-14 20:47:00,LESL
20.61,20.67,20.61,20.65,3222,2022-02-14 20:48:00,LESL
20.65,20.675,20.64,20.64,3663,2022-02-14 20:49:00,LESL
20.63,20.63,20.5,20.53,5806,2022-02-14 20:50:00,LESL
20.53,20.54,20.495,20.51,7308,2022-02-14 20:51:00,LESL
20.51,20.545,20.5,20.53,3975,2022-02-14 20:52:00,LESL
20.53,20.53,20.48,20.49,3533,2022-02-14 20:53:00,LESL
20.485,20.54,20.485,20.54,7901,2022-02-14 20:54:00,LESL
20.52,20.55,20.5,20.52,9645,2022-02-14 20:55:00,LESL
20.51,20.52,20.5,20.505,6759,2022-02-14 20:56:00,LESL
20.5,20.555,20.5,20.555,10770,2022-02-14 20:57:00,LESL
20.555,20.555,20.52,20.53,17462,2022-02-14 20:58:00,LESL
20.52,20.54,20.51,20.525,16468,2022-02-14 20:59:00,LESL
20.51,20.51,20.51,20.51,93534,2022-02-14 21:00:00,LESL
20.51,20.51,20.51,20.51,311,2022-02-14 21:01:00,LESL
20.72,20.72,20.72,20.72,9566,2022-02-15 14:30:00,LESL
20.68,20.68,20.68,20.68,100,2022-02-15 14:32:00,LESL
20.83,20.905,20.83,20.905,300,2022-02-15 14:33:00,LESL
20.88,21.0,20.88,20.99,5745,2022-02-15 14:35:00,LESL
21.0,21.0,21.0,21.0,200,2022-02-15 14:37:00,LESL
21.005,21.005,21.005,21.005,350,2022-02-15 14:38:00,LESL
21.03,21.03,21.0,21.0,5787,2022-02-15 14:39:00,LESL
21.0,21.01,20.97,20.97,1200,2022-02-15 14:40:00,LESL
20.94,21.0,20.91,20.935,12583,2022-02-15 14:41:00,LESL
20.89,20.96,20.89,20.89,700,2022-02-15 14:42:00,LESL
20.89,20.92,20.85,20.92,800,2022-02-15 14:44:00,LESL
20.85,20.885,20.85,20.88,500,2022-02-15 14:45:00,LESL
20.86,20.86,20.86,20.86,100,2022-02-15 14:48:00,LESL
20.87,20.885,20.86,20.86,400,2022-02-15 14:49:00,LESL
20.87,20.87,20.87,20.87,1100,2022-02-15 14:50:00,LESL
20.9,21.0,20.9,20.95,2100,2022-02-15 14:52:00,LESL
21.0,21.0,20.97,20.985,700,2022-02-15 14:53:00,LESL
20.985,20.99,20.98,20.98,400,2022-02-15 14:54:00,LESL
21.02,21.03,20.99,21.0,900,2022-02-15 14:56:00,LESL
21.01,21.03,21.01,21.02,2104,2022-02-15 14:57:00,LESL
21.015,21.02,21.0,21.01,2800,2022-02-15 14:58:00,LESL
21.02,21.02,20.98,20.98,2699,2022-02-15 14:59:00,LESL
21.01,21.01,20.93,20.93,2000,2022-02-15 15:00:00,LESL
20.935,20.95,20.9,20.9,300,2022-02-15 15:01:00,LESL
20.91,20.91,20.88,20.91,367,2022-02-15 15:02:00,LESL
20.88,20.9,20.855,20.885,2508,2022-02-15 15:03:00,LESL
20.87,20.87,20.87,20.87,450,2022-02-15 15:04:00,LESL
20.85,20.85,20.82,20.85,1200,2022-02-15 15:05:00,LESL
20.86,20.86,20.845,20.845,700,2022-02-15 15:06:00,LESL
20.8331,20.8331,20.82,20.82,400,2022-02-15 15:07:00,LESL
20.805,20.805,20.79,20.7927,867,2022-02-15 15:08:00,LESL
20.79,20.795,20.775,20.775,1000,2022-02-15 15:09:00,LESL
20.79,20.79,20.75,20.75,600,2022-02-15 15:10:00,LESL
20.73,20.79,20.71,20.79,3829,2022-02-15 15:11:00,LESL
20.7803,20.7803,20.75,20.775,1580,2022-02-15 15:12:00,LESL
20.8,20.8,20.8,20.8,200,2022-02-15 15:13:00,LESL
20.83,20.84,20.8,20.8,2000,2022-02-15 15:14:00,LESL
20.825,20.825,20.76,20.76,1151,2022-02-15 15:15:00,LESL
20.76,20.76,20.74,20.74,800,2022-02-15 15:16:00,LESL
20.73,20.735,20.69,20.72,2657,2022-02-15 15:17:00,LESL
20.7,20.75,20.68,20.75,7860,2022-02-15 15:18:00,LESL
20.75,20.75,20.73,20.74,1709,2022-02-15 15:19:00,LESL
20.74,20.75,20.72,20.75,4232,2022-02-15 15:20:00,LESL
20.74,20.75,20.73,20.73,2234,2022-02-15 15:21:00,LESL
20.735,20.735,20.735,20.735,100,2022-02-15 15:22:00,LESL
20.73,20.75,20.73,20.75,400,2022-02-15 15:23:00,LESL
20.74,20.74,20.71,20.71,500,2022-02-15 15:24:00,LESL
20.695,20.695,20.67,20.68,400,2022-02-15 15:25:00,LESL
20.7,20.71,20.7,20.7,1053,2022-02-15 15:26:00,LESL
20.71,20.75,20.71,20.75,3245,2022-02-15 15:28:00,LESL
20.74,20.74,20.72,20.72,400,2022-02-15 15:29:00,LESL
20.72,20.79,20.72,20.77,1200,2022-02-15 15:30:00,LESL
20.795,20.81,20.795,20.81,512,2022-02-15 15:31:00,LESL
20.8,20.8,20.78,20.78,1546,2022-02-15 15:32:00,LESL
20.77,20.795,20.76,20.795,1300,2022-02-15 15:33:00,LESL
20.77,20.79,20.77,20.79,1169,2022-02-15 15:35:00,LESL
20.78,20.8,20.78,20.8,1752,2022-02-15 15:36:00,LESL
20.81,20.83,20.81,20.83,400,2022-02-15 15:37:00,LESL
20.81,20.88,20.81,20.88,900,2022-02-15 15:38:00,LESL
20.88,20.88,20.86,20.87,1000,2022-02-15 15:39:00,LESL
20.88,20.89,20.88,20.89,500,2022-02-15 15:40:00,LESL
20.905,20.92,20.8904,20.92,900,2022-02-15 15:41:00,LESL
20.925,20.93,20.89,20.89,2623,2022-02-15 15:43:00,LESL
20.91,20.92,20.89,20.89,13040,2022-02-15 15:44:00,LESL
20.89,20.89,20.84,20.84,1100,2022-02-15 15:45:00,LESL
20.84,20.84,20.84,20.84,500,2022-02-15 15:46:00,LESL
20.82,20.82,20.81,20.81,200,2022-02-15 15:47:00,LESL
20.81,20.84,20.805,20.84,4327,2022-02-15 15:48:00,LESL
20.84,20.88,20.84,20.87,3002,2022-02-15 15:49:00,LESL
20.9,20.9,20.9,20.9,900,2022-02-15 15:50:00,LESL
20.9,20.9,20.84,20.84,1700,2022-02-15 15:51:00,LESL
20.84,20.86,20.84,20.86,1200,2022-02-15 15:52:00,LESL
20.83,20.83,20.83,20.83,400,2022-02-15 15:53:00,LESL
20.85,20.86,20.83,20.86,1200,2022-02-15 15:54:00,LESL
20.83,20.86,20.83,20.85,700,2022-02-15 15:55:00,LESL
20.84,20.84,20.83,20.83,1200,2022-02-15 15:56:00,LESL
20.82,20.82,20.78,20.815,1357,2022-02-15 15:57:00,LESL
20.82,20.83,20.8,20.81,9069,2022-02-15 15:58:00,LESL
20.8,20.84,20.79,20.81,17262,2022-02-15 15:59:00,LESL
20.81,20.81,20.78,20.78,800,2022-02-15 16:00:00,LESL
20.78,20.79,20.76,20.76,500,2022-02-15 16:01:00,LESL
20.775,20.775,20.755,20.77,1850,2022-02-15 16:02:00,LESL
20.77,20.77,20.75,20.75,900,2022-02-15 16:03:00,LESL
20.76,20.81,20.76,20.81,1500,2022-02-15 16:04:00,LESL
20.79,20.8,20.78,20.8,2700,2022-02-15 16:06:00,LESL
20.78,20.83,20.78,20.81,1700,2022-02-15 16:07:00,LESL
20.83,20.84,20.81,20.81,2204,2022-02-15 16:08:00,LESL
20.82,20.82,20.82,20.82,100,2022-02-15 16:09:00,LESL
20.8,20.84,20.79,20.81,6358,2022-02-15 16:10:00,LESL
20.84,20.84,20.815,20.815,2100,2022-02-15 16:11:00,LESL
20.815,20.815,20.81,20.81,200,2022-02-15 16:12:00,LESL
20.82,20.84,20.82,20.84,1200,2022-02-15 16:13:00,LESL
20.82,20.82,20.82,20.82,353,2022-02-15 16:15:00,LESL
20.84,20.84,20.83,20.83,500,2022-02-15 16:16:00,LESL
20.83,20.83,20.81,20.82,1024,2022-02-15 16:17:00,LESL
20.82,20.84,20.82,20.83,1900,2022-02-15 16:18:00,LESL
20.83,20.83,20.8,20.8,2171,2022-02-15 16:19:00,LESL
20.81,20.83,20.81,20.83,800,2022-02-15 16:20:00,LESL
20.83,20.848,20.83,20.83,1000,2022-02-15 16:21:00,LESL
20.82,20.82,20.82,20.82,112,2022-02-15 16:22:00,LESL
20.82,20.82,20.82,20.82,100,2022-02-15 16:23:00,LESL
20.845,20.845,20.845,20.845,100,2022-02-15 16:24:00,LESL
20.84,20.84,20.83,20.83,600,2022-02-15 16:25:00,LESL
20.84,20.84,20.83,20.84,300,2022-02-15 16:26:00,LESL
20.84,20.85,20.83,20.85,400,2022-02-15 16:27:00,LESL
20.83,20.84,20.83,20.84,200,2022-02-15 16:28:00,LESL
20.83,20.835,20.82,20.825,1400,2022-02-15 16:29:00,LESL
20.83,20.85,20.82,20.845,4711,2022-02-15 16:30:00,LESL
20.849,20.89,20.845,20.89,4865,2022-02-15 16:31:00,LESL
20.89,20.9,20.89,20.9,500,2022-02-15 16:32:00,LESL
20.91,20.92,20.91,20.92,700,2022-02-15 16:33:00,LESL
20.92,20.92,20.92,20.92,100,2022-02-15 16:34:00,LESL
20.93,20.94,20.93,20.94,700,2022-02-15 16:35:00,LESL
20.935,20.935,20.925,20.935,300,2022-02-15 16:36:00,LESL
20.94,20.94,20.94,20.94,100,2022-02-15 16:37:00,LESL
20.94,20.95,20.93,20.93,500,2022-02-15 16:38:00,LESL
20.94,20.94,20.94,20.94,600,2022-02-15 16:39:00,LESL
20.93,20.93,20.92,20.92,1082,2022-02-15 16:40:00,LESL
20.925,20.93,20.92,20.93,1700,2022-02-15 16:42:00,LESL
20.94,21.02,20.93,21.005,5942,2022-02-15 16:43:00,LESL
21.0,21.0,20.98,21.0,2742,2022-02-15 16:44:00,LESL
21.0,21.01,20.97,21.0,8563,2022-02-15 16:45:00,LESL
21.0,21.005,20.98,21.0,1800,2022-02-15 16:46:00,LESL
21.01,21.01,20.98,20.98,6931,2022-02-15 16:47:00,LESL
20.99,21.0,20.98,20.99,1600,2022-02-15 16:48:00,LESL
20.99,21.01,20.98,21.01,1900,2022-02-15 16:49:00,LESL
21.0,21.01,21.0,21.0,400,2022-02-15 16:50:00,LESL
21.0,21.05,21.0,21.03,2700,2022-02-15 16:51:00,LESL
21.035,21.075,21.02,21.07,3200,2022-02-15 16:52:00,LESL
21.08,21.1,21.06,21.06,3505,2022-02-15 16:53:00,LESL
21.08,21.1,21.06,21.075,2476,2022-02-15 16:54:00,LESL
21.09,21.11,21.03,21.03,10541,2022-02-15 16:55:00,LESL
21.03,21.03,21.03,21.03,100,2022-02-15 16:56:00,LESL
21.045,21.07,21.03,21.07,3503,2022-02-15 16:57:00,LESL
21.07,21.08,21.04,21.08,1817,2022-02-15 16:58:00,LESL
21.06,21.08,21.0,21.015,5861,2022-02-15 16:59:00,LESL
21.015,21.06,21.015,21.04,2808,2022-02-15 17:00:00,LESL
21.06,21.06,21.04,21.04,400,2022-02-15 17:01:00,LESL
21.05,21.05,21.05,21.05,100,2022-02-15 17:02:00,LESL
21.06,21.06,21.0,21.01,6363,2022-02-15 17:03:00,LESL
21.02,21.03,21.01,21.03,1844,2022-02-15 17:04:00,LESL
21.04,21.05,21.02,21.03,1433,2022-02-15 17:05:00,LESL
21.01,21.02,21.01,21.02,200,2022-02-15 17:06:00,LESL
21.02,21.04,21.02,21.02,300,2022-02-15 17:08:00,LESL
21.024,21.06,21.024,21.05,1472,2022-02-15 17:09:00,LESL
21.07,21.08,21.07,21.08,700,2022-02-15 17:10:00,LESL
21.08,21.08,21.08,21.08,100,2022-02-15 17:11:00,LESL
21.08,21.08,21.06,21.07,6514,2022-02-15 17:12:00,LESL
21.07,21.1,21.07,21.1,1498,2022-02-15 17:13:00,LESL
21.09,21.09,21.08,21.09,813,2022-02-15 17:15:00,LESL
21.08,21.09,21.055,21.09,5980,2022-02-15 17:16:00,LESL
21.07,21.07,21.07,21.07,200,2022-02-15 17:17:00,LESL
21.06,21.06,21.043,21.05,2223,2022-02-15 17:18:00,LESL
21.07,21.07,21.055,21.055,400,2022-02-15 17:19:00,LESL
21.05,21.07,21.05,21.07,1331,2022-02-15 17:21:00,LESL
21.08,21.08,21.06,21.08,800,2022-02-15 17:22:00,LESL
21.07,21.07,21.05,21.05,5303,2022-02-15 17:23:00,LESL
21.06,21.06,21.05,21.055,1378,2022-02-15 17:24:00,LESL
21.04,21.04,21.04,21.04,100,2022-02-15 17:25:00,LESL
21.04,21.04,21.01,21.025,1794,2022-02-15 17:26:00,LESL
21.01,21.02,21.01,21.02,1300,2022-02-15 17:27:00,LESL
21.01,21.03,21.01,21.025,800,2022-02-15 17:28:00,LESL
21.01,21.03,21.0,21.03,300,2022-02-15 17:29:00,LESL
21.01,21.01,21.01,21.01,100,2022-02-15 17:30:00,LESL
21.03,21.03,21.03,21.03,100,2022-02-15 17:32:00,LESL
21.02,21.05,21.02,21.02,7338,2022-02-15 17:33:00,LESL
21.0,21.01,21.0,21.01,650,2022-02-15 17:34:00,LESL
21.02,21.06,21.02,21.04,689,2022-02-15 17:35:00,LESL
21.05,21.05,21.05,21.05,100,2022-02-15 17:36:00,LESL
21.0453,21.0453,21.04,21.04,240,2022-02-15 17:37:00,LESL
21.0401,21.0401,21.03,21.03,2645,2022-02-15 17:38:00,LESL
21.05,21.06,21.05,21.06,600,2022-02-15 17:39:00,LESL
21.055,21.055,21.055,21.055,100,2022-02-15 17:40:00,LESL
21.03,21.03,21.03,21.03,100,2022-02-15 17:41:00,LESL
21.02,21.02,21.02,21.02,200,2022-02-15 17:42:00,LESL
21.03,21.04,21.03,21.04,1300,2022-02-15 17:43:00,LESL
21.045,21.045,21.04,21.04,200,2022-02-15 17:44:00,LESL
21.04,21.04,21.035,21.035,819,2022-02-15 17:45:00,LESL
21.03,21.035,21.02,21.025,623,2022-02-15 17:46:00,LESL
21.01,21.01,21.01,21.01,200,2022-02-15 17:47:00,LESL
21.0,21.03,20.99,21.025,8757,2022-02-15 17:48:00,LESL
21.02,21.02,21.01,21.02,4738,2022-02-15 17:49:00,LESL
21.02,21.03,21.015,21.03,880,2022-02-15 17:50:00,LESL
21.05,21.09,21.05,21.09,500,2022-02-15 17:51:00,LESL
21.09,21.09,21.09,21.09,700,2022-02-15 17:52:00,LESL
21.09,21.1,21.09,21.095,1456,2022-02-15 17:53:00,LESL
21.1,21.1,21.09,21.095,300,2022-02-15 17:54:00,LESL
21.1,21.11,21.1,21.105,1301,2022-02-15 17:55:00,LESL
21.105,21.11,21.1,21.1,1205,2022-02-15 17:56:00,LESL
21.1,21.1,21.1,21.1,694,2022-02-15 17:57:00,LESL
21.1,21.1,21.08,21.08,1244,2022-02-15 17:58:00,LESL
21.095,21.105,21.095,21.1,1271,2022-02-15 17:59:00,LESL
21.11,21.12,21.11,21.12,1300,2022-02-15 18:00:00,LESL
21.12,21.14,21.115,21.13,1370,2022-02-15 18:01:00,LESL
21.13,21.13,21.12,21.12,1760,2022-02-15 18:02:00,LESL
21.125,21.125,21.12,21.125,300,2022-02-15 18:03:00,LESL
21.13,21.17,21.13,21.165,2633,2022-02-15 18:04:00,LESL
21.165,21.19,21.165,21.18,4435,2022-02-15 18:05:00,LESL
21.185,21.185,21.17,21.17,4919,2022-02-15 18:06:00,LESL
21.165,21.165,21.16,21.16,831,2022-02-15 18:07:00,LESL
21.15,21.15,21.15,21.15,100,2022-02-15 18:08:00,LESL
21.15,21.155,21.14,21.155,3975,2022-02-15 18:09:00,LESL
21.155,21.16,21.15,21.155,1068,2022-02-15 18:10:00,LESL
21.15,21.15,21.15,21.15,590,2022-02-15 18:11:00,LESL
21.145,21.145,21.13,21.13,400,2022-02-15 18:12:00,LESL
21.13,21.155,21.13,21.155,4761,2022-02-15 18:13:00,LESL
21.16,21.17,21.16,21.17,1518,2022-02-15 18:14:00,LESL
21.16,21.16,21.15,21.15,500,2022-02-15 18:15:00,LESL
21.13,21.135,21.13,21.135,400,2022-02-15 18:16:00,LESL
21.13,21.13,21.13,21.13,843,2022-02-15 18:17:00,LESL
21.135,21.14,21.13,21.14,2912,2022-02-15 18:18:00,LESL
21.145,21.145,21.13,21.13,400,2022-02-15 18:19:00,LESL
21.13,21.13,21.13,21.13,100,2022-02-15 18:20:00,LESL
21.15,21.21,21.15,21.21,3719,2022-02-15 18:21:00,LESL
21.21,21.21,21.19,21.19,4801,2022-02-15 18:22:00,LESL
21.19,21.21,21.19,21.21,568,2022-02-15 18:23:00,LESL
21.2,21.2,21.2,21.2,100,2022-02-15 18:25:00,LESL
21.19,21.19,21.19,21.19,100,2022-02-15 18:27:00,LESL
21.19,21.24,21.19,21.24,3074,2022-02-15 18:28:00,LESL
21.24,21.25,21.23,21.24,1205,2022-02-15 18:29:00,LESL
21.23,21.24,21.23,21.23,1535,2022-02-15 18:30:00,LESL
21.238,21.26,21.23,21.255,4137,2022-02-15 18:31:00,LESL
21.25,21.26,21.25,21.2597,1822,2022-02-15 18:32:00,LESL
21.265,21.265,21.25,21.26,2192,2022-02-15 18:33:00,LESL
21.27,21.28,21.27,21.28,1342,2022-02-15 18:34:00,LESL
21.28,21.31,21.28,21.31,7235,2022-02-15 18:35:00,LESL
21.3,21.3,21.26,21.27,11852,2022-02-15 18:36:00,LESL
21.27,21.31,21.27,21.31,2348,2022-02-15 18:37:00,LESL
21.28,21.33,21.28,21.33,3040,2022-02-15 18:38:00,LESL
21.32,21.32,21.29,21.29,2613,2022-02-15 18:39:00,LESL
21.31,21.34,21.31,21.33,2470,2022-02-15 18:40:00,LESL
21.33,21.33,21.31,21.31,600,2022-02-15 18:41:00,LESL
21.33,21.34,21.32,21.3394,1502,2022-02-15 18:42:00,LESL
21.3,21.33,21.3,21.33,4250,2022-02-15 18:43:00,LESL
21.3394,21.34,21.3394,21.34,200,2022-02-15 18:44:00,LESL
21.34,21.36,21.34,21.36,2701,2022-02-15 18:45:00,LESL
21.36,21.36,21.35,21.36,4091,2022-02-15 18:46:00,LESL
21.35,21.35,21.3038,21.3196,4950,2022-02-15 18:47:00,LESL
21.32,21.33,21.32,21.3294,2438,2022-02-15 18:48:00,LESL
21.33,21.36,21.33,21.35,1485,2022-02-15 18:49:00,LESL
21.3696,21.37,21.36,21.37,883,2022-02-15 18:50:00,LESL
21.36,21.36,21.33,21.33,3500,2022-02-15 18:51:00,LESL
21.33,21.36,21.31,21.34,3960,2022-02-15 18:52:00,LESL
21.34,21.3698,21.34,21.3698,484,2022-02-15 18:53:00,LESL
21.3696,21.3696,21.35,21.35,300,2022-02-15 18:54:00,LESL
21.35,21.35,21.34,21.34,685,2022-02-15 18:55:00,LESL
21.33,21.3494,21.32,21.34,600,2022-02-15 18:56:00,LESL
21.3496,21.3496,21.33,21.33,300,2022-02-15 18:57:00,LESL
21.35,21.35,21.35,21.35,600,2022-02-15 18:58:00,LESL
21.35,21.3596,21.34,21.3596,400,2022-02-15 18:59:00,LESL
21.34,21.3696,21.34,21.3696,4130,2022-02-15 19:00:00,LESL
21.3553,21.3553,21.333,21.34,9221,2022-02-15 19:01:00,LESL
21.34,21.34,21.31,21.31,2231,2022-02-15 19:02:00,LESL
21.33,21.34,21.33,21.33,1500,2022-02-15 19:03:00,LESL
21.34,21.34,21.31,21.31,600,2022-02-15 19:04:00,LESL
21.31,21.31,21.29,21.3,2288,2022-02-15 19:05:00,LESL
21.29,21.29,21.29,21.29,421,2022-02-15 19:06:00,LESL
21.29,21.3,21.28,21.3,2285,2022-02-15 19:07:00,LESL
21.3,21.3,21.28,21.3,600,2022-02-15 19:08:00,LESL
21.32,21.32,21.32,21.32,400,2022-02-15 19:09:00,LESL
21.33,21.33,21.33,21.33,328,2022-02-15 19:10:00,LESL
21.33,21.33,21.33,21.33,100,2022-02-15 19:11:00,LESL
21.32,21.33,21.32,21.32,400,2022-02-15 19:12:00,LESL
21.32,21.35,21.301,21.3312,6917,2022-02-15 19:13:00,LESL
21.35,21.36,21.35,21.355,600,2022-02-15 19:15:00,LESL
21.35,21.3574,21.35,21.3574,309,2022-02-15 19:16:00,LESL
21.35,21.36,21.341,21.35,2400,2022-02-15 19:17:00,LESL
21.36,21.38,21.36,21.37,744,2022-02-15 19:18:00,LESL
21.38,21.3989,21.38,21.3805,1635,2022-02-15 19:19:00,LESL
21.38,21.39,21.38,21.39,387,2022-02-15 19:20:00,LESL
21.39,21.41,21.38,21.4,8700,2022-02-15 19:21:00,LESL
21.405,21.405,21.4,21.4,1749,2022-02-15 19:22:00,LESL
21.4,21.4,21.34,21.34,3041,2022-02-15 19:23:00,LESL
21.33,21.33,21.3,21.3,2037,2022-02-15 19:24:00,LESL
21.292,21.3,21.28,21.29,3200,2022-02-15 19:25:00,LESL
21.29,21.29,21.29,21.29,361,2022-02-15 19:26:00,LESL
21.29,21.29,21.29,21.29,100,2022-02-15 19:28:00,LESL
21.28,21.29,21.28,21.29,200,2022-02-15 19:29:00,LESL
21.29,21.31,21.27,21.3002,5783,2022-02-15 19:30:00,LESL
21.3,21.3,21.28,21.28,2324,2022-02-15 19:31:00,LESL
21.27,21.31,21.27,21.31,1600,2022-02-15 19:32:00,LESL
21.285,21.285,21.27,21.27,228,2022-02-15 19:33:00,LESL
21.285,21.285,21.285,21.285,100,2022-02-15 19:34:00,LESL
21.3,21.3,21.3,21.3,100,2022-02-15 19:35:00,LESL
21.29,21.31,21.29,21.29,307,2022-02-15 19:36:00,LESL
21.29,21.29,21.27,21.27,620,2022-02-15 19:37:00,LESL
21.27,21.29,21.27,21.29,2000,2022-02-15 19:38:00,LESL
21.29,21.3,21.29,21.295,2000,2022-02-15 19:40:00,LESL
21.28,21.28,21.27,21.28,950,2022-02-15 19:41:00,LESL
21.27,21.27,21.25,21.27,2727,2022-02-15 19:42:00,LESL
21.27,21.29,21.27,21.29,1100,2022-02-15 19:43:00,LESL
21.3,21.35,21.3,21.35,2173,2022-02-15 19:44:00,LESL
21.36,21.39,21.36,21.38,2420,2022-02-15 19:45:00,LESL
21.38,21.39,21.37,21.37,6700,2022-02-15 19:46:00,LESL
21.37,21.37,21.37,21.37,100,2022-02-15 19:47:00,LESL
21.38,21.38,21.38,21.38,2672,2022-02-15 19:48:00,LESL
21.3772,21.4,21.36,21.36,24651,2022-02-15 19:49:00,LESL
21.35,21.355,21.33,21.33,2328,2022-02-15 19:50:00,LESL
21.32,21.32,21.32,21.32,700,2022-02-15 19:51:00,LESL
21.29,21.305,21.29,21.3,1018,2022-02-15 19:53:00,LESL
21.3,21.32,21.29,21.32,1674,2022-02-15 19:54:00,LESL
21.32,21.32,21.31,21.31,620,2022-02-15 19:55:00,LESL
21.3,21.3,21.3,21.3,600,2022-02-15 19:57:00,LESL
21.29,21.3,21.29,21.3,300,2022-02-15 19:58:00,LESL
21.3,21.3,21.29,21.29,400,2022-02-15 19:59:00,LESL
21.3,21.3,21.3,21.3,1500,2022-02-15 20:00:00,LESL
21.31,21.31,21.3,21.3,200,2022-02-15 20:01:00,LESL
21.3,21.32,21.3,21.32,1700,2022-02-15 20:02:00,LESL
21.33,21.33,21.315,21.315,300,2022-02-15 20:03:00,LESL
21.315,21.325,21.31,21.32,4778,2022-02-15 20:04:00,LESL
21.34,21.355,21.34,21.355,200,2022-02-15 20:05:00,LESL
21.33,21.335,21.32,21.335,1508,2022-02-15 20:06:00,LESL
21.33,21.33,21.33,21.33,392,2022-02-15 20:07:00,LESL
21.32,21.32,21.32,21.32,200,2022-02-15 20:08:00,LESL
21.34,21.34,21.34,21.34,935,2022-02-15 20:09:00,LESL
21.3,21.3,21.3,21.3,100,2022-02-15 20:10:00,LESL
21.32,21.33,21.32,21.32,400,2022-02-15 20:11:00,LESL
21.3243,21.3243,21.31,21.32,1294,2022-02-15 20:12:00,LESL
21.32,21.335,21.32,21.335,2728,2022-02-15 20:13:00,LESL
21.32,21.32,21.32,21.32,422,2022-02-15 20:14:00,LESL
21.32,21.34,21.31,21.34,2545,2022-02-15 20:15:00,LESL
21.33,21.375,21.33,21.37,2412,2022-02-15 20:16:00,LESL
21.36,21.36,21.345,21.345,793,2022-02-15 20:17:00,LESL
21.3402,21.36,21.34,21.35,550,2022-02-15 20:18:00,LESL
21.35,21.35,21.34,21.34,700,2022-02-15 20:19:00,LESL
21.34,21.355,21.33,21.332,2200,2022-02-15 20:20:00,LESL
21.335,21.335,21.31,21.32,1200,2022-02-15 20:21:00,LESL
21.33,21.33,21.32,21.32,300,2022-02-15 20:22:00,LESL
21.31,21.31,21.31,21.31,816,2022-02-15 20:23:00,LESL
21.3,21.3,21.27,21.285,3139,2022-02-15 20:24:00,LESL
21.28,21.3,21.28,21.3,1112,2022-02-15 20:25:00,LESL
21.29,21.29,21.27,21.29,1400,2022-02-15 20:26:00,LESL
21.27,21.28,21.27,21.28,684,2022-02-15 20:27:00,LESL
21.28,21.31,21.28,21.3,3135,2022-02-15 20:28:00,LESL
21.31,21.3112,21.31,21.3112,1034,2022-02-15 20:29:00,LESL
21.316,21.32,21.31,21.31,2425,2022-02-15 20:30:00,LESL
21.31,21.32,21.28,21.31,4787,2022-02-15 20:31:00,LESL
21.3,21.3,21.25,21.25,1882,2022-02-15 20:32:00,LESL
21.24,21.25,21.22,21.231,5760,2022-02-15 20:33:00,LESL
21.25,21.25,21.21,21.22,3899,2022-02-15 20:34:00,LESL
21.215,21.25,21.21,21.235,3086,2022-02-15 20:35:00,LESL
21.23,21.23,21.2,21.2,3768,2022-02-15 20:36:00,LESL
21.21,21.2299,21.2,21.2299,4626,2022-02-15 20:37:00,LESL
21.22,21.26,21.22,21.26,4755,2022-02-15 20:38:00,LESL
21.25,21.25,21.23,21.23,2265,2022-02-15 20:39:00,LESL
21.24,21.24,21.22,21.221,2412,2022-02-15 20:40:00,LESL
21.225,21.235,21.225,21.235,1582,2022-02-15 20:41:00,LESL
21.24,21.265,21.22,21.26,5827,2022-02-15 20:42:00,LESL
21.26,21.295,21.26,21.29,4776,2022-02-15 20:43:00,LESL
21.29,21.305,21.29,21.3,3334,2022-02-15 20:44:00,LESL
21.305,21.31,21.29,21.295,3771,2022-02-15 20:45:00,LESL
21.29,21.295,21.27,21.27,4057,2022-02-15 20:46:00,LESL
21.28,21.33,21.28,21.31,6759,2022-02-15 20:47:00,LESL
21.31,21.345,21.31,21.31,8329,2022-02-15 20:48:00,LESL
21.3,21.31,21.28,21.3,2700,2022-02-15 20:49:00,LESL
21.3,21.39,21.3,21.38,8343,2022-02-15 20:50:00,LESL
21.38,21.39,21.38,21.385,1100,2022-02-15 20:51:00,LESL
21.385,21.4,21.38,21.39,7626,2022-02-15 20:52:00,LESL
21.385,21.385,21.37,21.38,3360,2022-02-15 20:53:00,LESL
21.37,21.38,21.33,21.35,11734,2022-02-15 20:54:00,LESL
21.35,21.39,21.35,21.365,10899,2022-02-15 20:55:00,LESL
21.365,21.37,21.34,21.345,5901,2022-02-15 20:56:00,LESL
21.345,21.35,21.33,21.34,11351,2022-02-15 20:57:00,LESL
21.335,21.34,21.32,21.325,6281,2022-02-15 20:58:00,LESL
21.325,21.36,21.325,21.36,10393,2022-02-15 20:59:00,LESL
21.36,21.36,21.36,21.36,71320,2022-02-15 21:00:00,LESL
21.36,21.36,21.36,21.36,180,2022-02-15 21:01:00,LESL
21.18,21.34,21.12,21.13,8854,2022-02-16 14:30:00,LESL
21.18,21.18,21.18,21.18,302,2022-02-16 14:33:00,LESL
21.15,21.15,21.15,21.15,100,2022-02-16 14:35:00,LESL
21.22,21.25,21.22,21.25,4610,2022-02-16 14:36:00,LESL
21.175,21.175,21.1,21.1,900,2022-02-16 14:39:00,LESL
21.08,21.16,21.07,21.16,1414,2022-02-16 14:40:00,LESL
21.15,21.15,21.15,21.15,100,2022-02-16 14:41:00,LESL
21.16,21.16,21.16,21.16,500,2022-02-16 14:42:00,LESL
21.14,21.16,21.12,21.12,1450,2022-02-16 14:43:00,LESL
21.17,21.17,21.17,21.17,100,2022-02-16 14:44:00,LESL
21.16,21.16,21.16,21.16,100,2022-02-16 14:45:00,LESL
21.16,21.25,21.16,21.25,3900,2022-02-16 14:47:00,LESL
21.25,21.31,21.25,21.25,2946,2022-02-16 14:48:00,LESL
21.26,21.32,21.26,21.32,800,2022-02-16 14:49:00,LESL
21.28,21.28,21.25,21.25,1100,2022-02-16 14:50:00,LESL
21.22,21.26,21.22,21.245,1400,2022-02-16 14:51:00,LESL
21.23,21.23,21.19,21.19,437,2022-02-16 14:53:00,LESL
21.18,21.22,21.17,21.21,2853,2022-02-16 14:54:00,LESL
21.225,21.23,21.22,21.22,600,2022-02-16 14:55:00,LESL
21.225,21.225,21.225,21.225,100,2022-02-16 14:56:00,LESL
21.225,21.225,21.225,21.225,200,2022-02-16 14:57:00,LESL
21.25,21.29,21.23,21.29,1400,2022-02-16 14:58:00,LESL
21.26,21.26,21.26,21.26,149,2022-02-16 14:59:00,LESL
21.23,21.24,21.17,21.17,800,2022-02-16 15:00:00,LESL
21.21,21.235,21.21,21.235,918,2022-02-16 15:01:00,LESL
21.21,21.23,21.21,21.23,400,2022-02-16 15:04:00,LESL
21.21,21.21,21.19,21.19,716,2022-02-16 15:05:00,LESL
21.195,21.28,21.195,21.28,2673,2022-02-16 15:06:00,LESL
21.3,21.3,21.3,21.3,100,2022-02-16 15:07:00,LESL
21.3,21.3,21.25,21.25,3619,2022-02-16 15:11:00,LESL
21.25,21.27,21.25,21.25,1390,2022-02-16 15:12:00,LESL
21.25,21.25,21.24,21.25,2400,2022-02-16 15:13:00,LESL
21.25,21.25,21.22,21.23,500,2022-02-16 15:14:00,LESL
21.21,21.21,21.21,21.21,300,2022-02-16 15:15:00,LESL
21.23,21.23,21.22,21.22,644,2022-02-16 15:16:00,LESL
21.21,21.215,21.2,21.215,1578,2022-02-16 15:17:00,LESL
21.215,21.215,21.2,21.2,200,2022-02-16 15:18:00,LESL
21.17,21.21,21.17,21.21,3518,2022-02-16 15:19:00,LESL
21.18,21.18,21.17,21.17,400,2022-02-16 15:21:00,LESL
21.175,21.2,21.175,21.1894,1295,2022-02-16 15:22:00,LESL
21.185,21.185,21.17,21.17,300,2022-02-16 15:23:00,LESL
21.16,21.17,21.155,21.17,1548,2022-02-16 15:24:00,LESL
21.16,21.16,21.16,21.16,100,2022-02-16 15:25:00,LESL
21.15,21.155,21.15,21.155,398,2022-02-16 15:26:00,LESL
21.16,21.16,21.15,21.155,341,2022-02-16 15:27:00,LESL
21.1519,21.175,21.1519,21.175,754,2022-02-16 15:28:00,LESL
21.175,21.175,21.175,21.175,100,2022-02-16 15:29:00,LESL
21.16,21.16,21.16,21.16,300,2022-02-16 15:30:00,LESL
21.19,21.25,21.181,21.25,4846,2022-02-16 15:31:00,LESL
21.24,21.25,21.24,21.25,300,2022-02-16 15:32:00,LESL
21.24,21.315,21.24,21.315,3212,2022-02-16 15:33:00,LESL
21.33,21.36,21.32,21.32,3260,2022-02-16 15:34:00,LESL
21.31,21.32,21.3,21.32,400,2022-02-16 15:35:00,LESL
21.325,21.325,21.295,21.295,600,2022-02-16 15:36:00,LESL
21.31,21.31,21.3,21.3,328,2022-02-16 15:37:00,LESL
21.33,21.35,21.33,21.35,300,2022-02-16 15:38:00,LESL
21.31,21.31,21.31,21.31,800,2022-02-16 15:39:00,LESL
21.29,21.29,21.27,21.27,400,2022-02-16 15:40:00,LESL
21.29,21.29,21.285,21.285,325,2022-02-16 15:41:00,LESL
21.27,21.32,21.27,21.32,2040,2022-02-16 15:42:00,LESL
21.33,21.339,21.32,21.339,600,2022-02-16 15:44:00,LESL
21.33,21.34,21.33,21.34,200,2022-02-16 15:45:00,LESL
21.33,21.33,21.32,21.32,318,2022-02-16 15:46:00,LESL
21.31,21.33,21.31,21.33,500,2022-02-16 15:47:00,LESL
21.31,21.31,21.31,21.31,200,2022-02-16 15:48:00,LESL
21.32,21.32,21.32,21.32,311,2022-02-16 15:49:00,LESL
21.32,21.32,21.32,21.32,100,2022-02-16 15:50:00,LESL
21.35,21.36,21.35,21.36,600,2022-02-16 15:51:00,LESL
21.34,21.34,21.32,21.32,1100,2022-02-16 15:52:00,LESL
21.315,21.32,21.31,21.32,400,2022-02-16 15:53:00,LESL
21.33,21.34,21.33,21.34,1204,2022-02-16 15:54:00,LESL
21.33,21.33,21.295,21.295,2044,2022-02-16 15:56:00,LESL
21.29,21.29,21.27,21.285,676,2022-02-16 15:57:00,LESL
21.25,21.28,21.25,21.28,1600,2022-02-16 15:59:00,LESL
21.27,21.285,21.23,21.23,2618,2022-02-16 16:01:00,LESL
21.2499,21.2499,21.23,21.231,375,2022-02-16 16:02:00,LESL
21.25,21.2517,21.24,21.245,3806,2022-02-16 16:03:00,LESL
21.245,21.26,21.245,21.26,550,2022-02-16 16:04:00,LESL
21.23,21.23,21.2,21.22,1368,2022-02-16 16:05:00,LESL
21.2,21.23,21.2,21.23,1200,2022-02-16 16:06:00,LESL
21.25,21.29,21.25,21.28,2502,2022-02-16 16:07:00,LESL
21.28,21.3,21.28,21.295,954,2022-02-16 16:09:00,LESL
21.29,21.3,21.29,21.3,200,2022-02-16 16:10:00,LESL
21.28,21.28,21.27,21.27,300,2022-02-16 16:12:00,LESL
21.25,21.259,21.23,21.259,1918,2022-02-16 16:13:00,LESL
21.26,21.27,21.26,21.26,500,2022-02-16 16:14:00,LESL
21.27,21.3,21.27,21.295,3600,2022-02-16 16:15:00,LESL
21.31,21.33,21.31,21.33,1500,2022-02-16 16:16:00,LESL
21.33,21.33,21.32,21.32,600,2022-02-16 16:17:00,LESL
21.32,21.33,21.31,21.31,996,2022-02-16 16:19:00,LESL
21.33,21.33,21.32,21.32,200,2022-02-16 16:20:00,LESL
21.35,21.35,21.34,21.35,508,2022-02-16 16:21:00,LESL
21.33,21.345,21.33,21.345,2710,2022-02-16 16:22:00,LESL
21.34,21.34,21.34,21.34,152,2022-02-16 16:23:00,LESL
21.36,21.38,21.36,21.38,897,2022-02-16 16:24:00,LESL
21.38,21.42,21.38,21.39,2316,2022-02-16 16:25:00,LESL
21.39,21.4,21.38,21.385,2191,2022-02-16 16:26:00,LESL
21.4,21.41,21.4,21.41,800,2022-02-16 16:27:00,LESL
21.42,21.42,21.42,21.42,100,2022-02-16 16:28:00,LESL
21.42,21.42,21.4,21.415,3822,2022-02-16 16:29:00,LESL
21.417,21.417,21.4,21.4,1606,2022-02-16 16:30:00,LESL
21.41,21.41,21.41,21.41,400,2022-02-16 16:31:00,LESL
21.425,21.425,21.39,21.39,700,2022-02-16 16:32:00,LESL
21.4,21.41,21.39,21.41,1656,2022-02-16 16:33:00,LESL
21.41,21.41,21.4,21.4,400,2022-02-16 16:34:00,LESL
21.41,21.45,21.41,21.45,2100,2022-02-16 16:35:00,LESL
21.44,21.45,21.43,21.44,1727,2022-02-16 16:36:00,LESL
21.43,21.43,21.43,21.43,400,2022-02-16 16:37:00,LESL
21.45,21.455,21.45,21.45,400,2022-02-16 16:38:00,LESL
21.45,21.45,21.43,21.43,1700,2022-02-16 16:39:00,LESL
21.43,21.47,21.4,21.405,24541,2022-02-16 16:40:00,LESL
21.4,21.4,21.36,21.36,2621,2022-02-16 16:41:00,LESL
21.36,21.37,21.36,21.37,900,2022-02-16 16:42:00,LESL
21.36,21.36,21.35,21.35,700,2022-02-16 16:43:00,LESL
21.36,21.37,21.35,21.35,1023,2022-02-16 16:44:00,LESL
21.375,21.375,21.375,21.375,200,2022-02-16 16:45:00,LESL
21.36,21.36,21.345,21.36,1640,2022-02-16 16:46:00,LESL
21.37,21.375,21.37,21.375,500,2022-02-16 16:47:00,LESL
21.375,21.39,21.37,21.37,944,2022-02-16 16:48:00,LESL
21.385,21.4,21.385,21.4,1035,2022-02-16 16:49:00,LESL
21.4,21.41,21.395,21.4,2612,2022-02-16 16:50:00,LESL
21.39,21.4,21.38,21.4,5447,2022-02-16 16:51:00,LESL
21.4,21.41,21.4,21.41,200,2022-02-16 16:52:00,LESL
21.4,21.41,21.4,21.41,300,2022-02-16 16:53:00,LESL
21.39,21.4,21.381,21.4,4432,2022-02-16 16:54:00,LESL
21.39,21.4,21.39,21.4,300,2022-02-16 16:55:00,LESL
21.4,21.4,21.4,21.4,300,2022-02-16 16:56:00,LESL
21.4,21.41,21.4,21.4,1800,2022-02-16 16:57:00,LESL
21.39,21.39,21.38,21.39,7141,2022-02-16 16:58:00,LESL
21.39,21.42,21.39,21.42,3000,2022-02-16 16:59:00,LESL
21.43,21.44,21.415,21.44,1010,2022-02-16 17:00:00,LESL
21.44,21.44,21.44,21.44,200,2022-02-16 17:01:00,LESL
21.45,21.45,21.44,21.44,200,2022-02-16 17:02:00,LESL
21.43,21.43,21.43,21.43,1568,2022-02-16 17:03:00,LESL
21.44,21.45,21.44,21.45,1105,2022-02-16 17:04:00,LESL
21.45,21.4511,21.45,21.45,1665,2022-02-16 17:05:00,LESL
21.445,21.445,21.43,21.43,1000,2022-02-16 17:06:00,LESL
21.44,21.44,21.44,21.44,100,2022-02-16 17:07:00,LESL
21.45,21.46,21.45,21.46,1200,2022-02-16 17:08:00,LESL
21.44,21.445,21.42,21.42,3717,2022-02-16 17:09:00,LESL
21.41,21.41,21.41,21.41,500,2022-02-16 17:10:00,LESL
21.41,21.43,21.41,21.42,900,2022-02-16 17:11:00,LESL
21.44,21.44,21.397,21.397,10613,2022-02-16 17:12:00,LESL
21.4,21.4,21.4,21.4,200,2022-02-16 17:13:00,LESL
21.39,21.39,21.381,21.39,1589,2022-02-16 17:14:00,LESL
21.39,21.4,21.39,21.4,973,2022-02-16 17:15:00,LESL
21.43,21.44,21.43,21.44,500,2022-02-16 17:17:00,LESL
21.43,21.43,21.41,21.41,1329,2022-02-16 17:18:00,LESL
21.42,21.42,21.42,21.42,501,2022-02-16 17:19:00,LESL
21.41,21.41,21.41,21.41,300,2022-02-16 17:20:00,LESL
21.41,21.42,21.41,21.42,300,2022-02-16 17:21:00,LESL
21.42,21.45,21.42,21.45,720,2022-02-16 17:22:00,LESL
21.45,21.45,21.42,21.43,3229,2022-02-16 17:23:00,LESL
21.41,21.41,21.41,21.41,410,2022-02-16 17:24:00,LESL
21.4,21.4,21.4,21.4,200,2022-02-16 17:25:00,LESL
21.42,21.42,21.42,21.42,1300,2022-02-16 17:26:00,LESL
21.42,21.42,21.42,21.42,1000,2022-02-16 17:27:00,LESL
21.43,21.43,21.4,21.4,2300,2022-02-16 17:28:00,LESL
21.4,21.4299,21.4,21.4299,813,2022-02-16 17:29:00,LESL
21.41,21.41,21.41,21.41,900,2022-02-16 17:30:00,LESL
21.4,21.405,21.37,21.37,2500,2022-02-16 17:31:00,LESL
21.365,21.38,21.365,21.38,600,2022-02-16 17:32:00,LESL
21.38,21.38,21.37,21.37,2803,2022-02-16 17:33:00,LESL
21.375,21.375,21.35,21.35,3100,2022-02-16 17:34:00,LESL
21.33,21.33,21.33,21.33,1479,2022-02-16 17:35:00,LESL
21.34,21.38,21.34,21.38,900,2022-02-16 17:37:00,LESL
21.37,21.3751,21.36,21.375,483,2022-02-16 17:39:00,LESL
21.38,21.385,21.37,21.37,1713,2022-02-16 17:40:00,LESL
21.39,21.402,21.375,21.375,5200,2022-02-16 17:41:00,LESL
21.38,21.4,21.38,21.39,760,2022-02-16 17:42:00,LESL
21.4,21.41,21.4,21.41,1741,2022-02-16 17:43:00,LESL
21.405,21.405,21.4,21.4,500,2022-02-16 17:44:00,LESL
21.42,21.42,21.41,21.41,400,2022-02-16 17:45:00,LESL
21.42,21.42,21.4,21.41,878,2022-02-16 17:46:00,LESL
21.42,21.45,21.41,21.45,1473,2022-02-16 17:47:00,LESL
21.45,21.5,21.45,21.5,1173,2022-02-16 17:48:00,LESL
21.5,21.52,21.5,21.52,1459,2022-02-16 17:49:00,LESL
21.54,21.54,21.5,21.5,2426,2022-02-16 17:50:00,LESL
21.49,21.49,21.49,21.49,1904,2022-02-16 17:51:00,LESL
21.49,21.49,21.49,21.49,200,2022-02-16 17:52:00,LESL
21.48,21.48,21.48,21.48,200,2022-02-16 17:53:00,LESL
21.49,21.52,21.48,21.48,3281,2022-02-16 17:54:00,LESL
21.48,21.48,21.48,21.48,400,2022-02-16 17:55:00,LESL
21.47,21.47,21.42,21.43,2200,2022-02-16 17:56:00,LESL
21.435,21.435,21.435,21.435,100,2022-02-16 17:57:00,LESL
21.44,21.44,21.44,21.44,600,2022-02-16 17:58:00,LESL
21.45,21.45,21.45,21.45,100,2022-02-16 17:59:00,LESL
21.44,21.44,21.421,21.43,1300,2022-02-16 18:00:00,LESL
21.43,21.43,21.42,21.42,1857,2022-02-16 18:01:00,LESL
21.43,21.43,21.42,21.42,800,2022-02-16 18:02:00,LESL
21.43,21.43,21.43,21.43,300,2022-02-16 18:03:00,LESL
21.43,21.455,21.43,21.44,1100,2022-02-16 18:05:00,LESL
21.43,21.44,21.42,21.44,1800,2022-02-16 18:06:00,LESL
21.45,21.46,21.45,21.46,1070,2022-02-16 18:07:00,LESL
21.46,21.49,21.46,21.48,2585,2022-02-16 18:09:00,LESL
21.465,21.465,21.465,21.465,100,2022-02-16 18:10:00,LESL
21.47,21.47,21.46,21.46,200,2022-02-16 18:11:00,LESL
21.46,21.48,21.45,21.48,767,2022-02-16 18:12:00,LESL
21.49,21.49,21.47,21.49,800,2022-02-16 18:13:00,LESL
21.48,21.48,21.48,21.48,171,2022-02-16 18:14:00,LESL
21.48,21.48,21.475,21.475,200,2022-02-16 18:15:00,LESL
21.49,21.49,21.46,21.46,1925,2022-02-16 18:16:00,LESL
21.47,21.47,21.47,21.47,200,2022-02-16 18:17:00,LESL
21.47,21.47,21.47,21.47,1300,2022-02-16 18:18:00,LESL
21.47,21.47,21.445,21.46,3983,2022-02-16 18:19:00,LESL
21.46,21.46,21.46,21.46,400,2022-02-16 18:20:00,LESL
21.47,21.47,21.47,21.47,400,2022-02-16 18:21:00,LESL
21.48,21.485,21.475,21.485,600,2022-02-16 18:22:00,LESL
21.49,21.49,21.49,21.49,100,2022-02-16 18:23:00,LESL
21.49,21.5,21.481,21.49,2611,2022-02-16 18:24:00,LESL
21.48,21.48,21.47,21.47,1399,2022-02-16 18:25:00,LESL
21.47,21.49,21.47,21.49,1554,2022-02-16 18:26:00,LESL
21.48,21.48,21.47,21.475,950,2022-02-16 18:27:00,LESL
21.49,21.49,21.48,21.48,933,2022-02-16 18:28:00,LESL
21.474,21.48,21.474,21.48,212,2022-02-16 18:29:00,LESL
21.49,21.49,21.47,21.47,700,2022-02-16 18:30:00,LESL
21.47,21.47,21.445,21.445,3674,2022-02-16 18:31:00,LESL
21.45,21.45,21.45,21.45,300,2022-02-16 18:32:00,LESL
21.45,21.45,21.45,21.45,110,2022-02-16 18:33:00,LESL
21.45,21.45,21.445,21.445,200,2022-02-16 18:34:00,LESL
21.45,21.45,21.44,21.44,1740,2022-02-16 18:35:00,LESL
21.43,21.43,21.42,21.43,3426,2022-02-16 18:36:00,LESL
21.44,21.455,21.43,21.45,3199,2022-02-16 18:37:00,LESL
21.45,21.45,21.42,21.43,4129,2022-02-16 18:38:00,LESL
21.44,21.46,21.44,21.46,1205,2022-02-16 18:39:00,LESL
21.45,21.46,21.45,21.46,800,2022-02-16 18:40:00,LESL
21.48,21.48,21.48,21.48,100,2022-02-16 18:41:00,LESL
21.48,21.48,21.47,21.48,2100,2022-02-16 18:42:00,LESL
21.48,21.48,21.46,21.46,2878,2022-02-16 18:43:00,LESL
21.46,21.46,21.46,21.46,100,2022-02-16 18:44:00,LESL
21.47,21.49,21.47,21.49,400,2022-02-16 18:45:00,LESL
21.5,21.51,21.5,21.51,300,2022-02-16 18:46:00,LESL
21.5,21.51,21.5,21.5,2280,2022-02-16 18:47:00,LESL
21.51,21.53,21.51,21.53,2128,2022-02-16 18:48:00,LESL
21.535,21.535,21.52,21.52,1718,2022-02-16 18:49:00,LESL
21.54,21.58,21.54,21.55,5370,2022-02-16 18:50:00,LESL
21.57,21.57,21.55,21.55,15015,2022-02-16 18:51:00,LESL
21.56,21.59,21.52,21.56,11087,2022-02-16 18:52:00,LESL
21.56,21.57,21.5366,21.5488,4753,2022-02-16 18:53:00,LESL
21.545,21.545,21.545,21.545,200,2022-02-16 18:54:00,LESL
21.53,21.54,21.51,21.52,3602,2022-02-16 18:55:00,LESL
21.5,21.52,21.5,21.52,3150,2022-02-16 18:56:00,LESL
21.52,21.52,21.52,21.52,100,2022-02-16 18:57:00,LESL
21.51,21.51,21.48,21.48,2204,2022-02-16 18:58:00,LESL
21.47,21.47,21.43,21.45,2053,2022-02-16 18:59:00,LESL
21.47,21.55,21.47,21.55,2172,2022-02-16 19:00:00,LESL
21.53,21.53,21.48,21.48,2300,2022-02-16 19:01:00,LESL
21.47,21.47,21.37,21.4,2489,2022-02-16 19:02:00,LESL
21.43,21.43,21.42,21.42,798,2022-02-16 19:03:00,LESL
21.42,21.5,21.42,21.46,1269,2022-02-16 19:04:00,LESL
21.47,21.48,21.45,21.48,2400,2022-02-16 19:05:00,LESL
21.45,21.45,21.45,21.45,517,2022-02-16 19:06:00,LESL
21.46,21.5,21.46,21.485,1200,2022-02-16 19:07:00,LESL
21.48,21.58,21.47,21.58,2802,2022-02-16 19:08:00,LESL
21.6,21.6,21.54,21.55,6529,2022-02-16 19:09:00,LESL
21.555,21.56,21.55,21.55,716,2022-02-16 19:10:00,LESL
21.55,21.57,21.55,21.56,1300,2022-02-16 19:11:00,LESL
21.55,21.55,21.53,21.53,6829,2022-02-16 19:12:00,LESL
21.54,21.55,21.53,21.535,1858,2022-02-16 19:13:00,LESL
21.52,21.55,21.52,21.55,3342,2022-02-16 19:14:00,LESL
21.55,21.58,21.55,21.58,1000,2022-02-16 19:15:00,LESL
21.58,21.58,21.54,21.54,1296,2022-02-16 19:16:00,LESL
21.55,21.56,21.55,21.56,707,2022-02-16 19:17:00,LESL
21.59,21.6198,21.59,21.6198,5840,2022-02-16 19:18:00,LESL
21.62,21.64,21.59,21.59,2712,2022-02-16 19:19:00,LESL
21.58,21.58,21.57,21.58,400,2022-02-16 19:20:00,LESL
21.59,21.63,21.59,21.63,1832,2022-02-16 19:21:00,LESL
21.63,21.66,21.62,21.66,995,2022-02-16 19:22:00,LESL
21.65,21.67,21.65,21.67,1422,2022-02-16 19:23:00,LESL
21.67,21.67,21.64,21.64,2800,2022-02-16 19:24:00,LESL
21.65,21.65,21.65,21.65,100,2022-02-16 19:25:00,LESL
21.65,21.66,21.65,21.66,1026,2022-02-16 19:26:00,LESL
21.67,21.68,21.66,21.68,1900,2022-02-16 19:27:00,LESL
21.67,21.72,21.67,21.69,7078,2022-02-16 19:28:00,LESL
21.69,21.7,21.69,21.7,2100,2022-02-16 19:29:00,LESL
21.7,21.71,21.7,21.7,2084,2022-02-16 19:30:00,LESL
21.71,21.71,21.71,21.71,800,2022-02-16 19:31:00,LESL
21.715,21.74,21.715,21.73,2029,2022-02-16 19:32:00,LESL
21.72,21.72,21.69,21.69,5359,2022-02-16 19:33:00,LESL
21.7,21.7,21.68,21.69,2016,2022-02-16 19:34:00,LESL
21.69,21.7,21.69,21.7,2251,2022-02-16 19:35:00,LESL
21.69,21.7,21.69,21.69,800,2022-02-16 19:36:00,LESL
21.69,21.7,21.66,21.66,3009,2022-02-16 19:37:00,LESL
21.67,21.68,21.67,21.675,1271,2022-02-16 19:38:00,LESL
21.67,21.7,21.67,21.7,1384,2022-02-16 19:39:00,LESL
21.7,21.7,21.69,21.7,2124,2022-02-16 19:40:00,LESL
21.7,21.77,21.69,21.7,10374,2022-02-16 19:41:00,LESL
21.7,21.73,21.7,21.72,1300,2022-02-16 19:42:00,LESL
21.73,21.73,21.71,21.71,700,2022-02-16 19:43:00,LESL
21.72,21.72,21.72,21.72,300,2022-02-16 19:44:00,LESL
21.71,21.72,21.71,21.72,600,2022-02-16 19:45:00,LESL
21.73,21.73,21.7299,21.73,1303,2022-02-16 19:46:00,LESL
21.72,21.72,21.69,21.71,4839,2022-02-16 19:47:00,LESL
21.71,21.72,21.7,21.7,3092,2022-02-16 19:48:00,LESL
21.72,21.73,21.71,21.71,3844,2022-02-16 19:49:00,LESL
21.71,21.71,21.69,21.7,6741,2022-02-16 19:50:00,LESL
21.71,21.72,21.71,21.71,1050,2022-02-16 19:51:00,LESL
21.72,21.73,21.72,21.73,863,2022-02-16 19:52:00,LESL
21.73,21.76,21.73,21.73,15318,2022-02-16 19:53:00,LESL
21.73,21.73,21.72,21.725,1901,2022-02-16 19:54:00,LESL
21.74,21.755,21.735,21.75,2178,2022-02-16 19:55:00,LESL
21.75,21.76,21.75,21.76,2432,2022-02-16 19:56:00,LESL
21.77,21.78,21.77,21.77,1300,2022-02-16 19:57:00,LESL
21.78,21.78,21.77,21.78,500,2022-02-16 19:58:00,LESL
21.77,21.77,21.755,21.76,1257,2022-02-16 19:59:00,LESL
21.77,21.78,21.77,21.78,1857,2022-02-16 20:00:00,LESL
21.77,21.77,21.75,21.75,2845,2022-02-16 20:01:00,LESL
21.75,21.77,21.75,21.77,1185,2022-02-16 20:02:00,LESL
21.77,21.8,21.77,21.8,1101,2022-02-16 20:03:00,LESL
21.81,21.84,21.81,21.83,2574,2022-02-16 20:04:00,LESL
21.84,21.84,21.82,21.82,400,2022-02-16 20:05:00,LESL
21.82,21.82,21.81,21.811,509,2022-02-16 20:06:00,LESL
21.81,21.81,21.795,21.805,1596,2022-02-16 20:07:00,LESL
21.81,21.82,21.81,21.82,2101,2022-02-16 20:08:00,LESL
21.815,21.82,21.81,21.81,2161,2022-02-16 20:09:00,LESL
21.81,21.81,21.81,21.81,200,2022-02-16 20:10:00,LESL
21.81,21.81,21.78,21.78,1600,2022-02-16 20:11:00,LESL
21.78,21.8,21.78,21.796,2100,2022-02-16 20:12:00,LESL
21.8,21.81,21.79,21.79,1891,2022-02-16 20:13:00,LESL
21.7936,21.8,21.7936,21.8,651,2022-02-16 20:14:00,LESL
21.8,21.8,21.78,21.78,1770,2022-02-16 20:15:00,LESL
21.785,21.791,21.785,21.79,1800,2022-02-16 20:16:00,LESL
21.8,21.8,21.795,21.795,800,2022-02-16 20:17:00,LESL
21.79,21.79,21.78,21.78,1262,2022-02-16 20:18:00,LESL
21.79,21.79,21.785,21.785,600,2022-02-16 20:19:00,LESL
21.79,21.79,21.785,21.785,1200,2022-02-16 20:20:00,LESL
21.78,21.78,21.77,21.78,1434,2022-02-16 20:21:00,LESL
21.79,21.79,21.77,21.77,2916,2022-02-16 20:22:00,LESL
21.77,21.77,21.77,21.77,100,2022-02-16 20:23:00,LESL
21.76,21.76,21.76,21.76,604,2022-02-16 20:24:00,LESL
21.76,21.77,21.76,21.77,1096,2022-02-16 20:25:00,LESL
21.76,21.765,21.76,21.765,300,2022-02-16 20:26:00,LESL
21.765,21.785,21.765,21.78,2500,2022-02-16 20:27:00,LESL
21.78,21.78,21.765,21.765,3234,2022-02-16 20:28:00,LESL
21.7691,21.78,21.7691,21.78,1028,2022-02-16 20:29:00,LESL
21.79,21.79,21.78,21.79,700,2022-02-16 20:30:00,LESL
21.78,21.784,21.775,21.775,1215,2022-02-16 20:31:00,LESL
21.775,21.775,21.725,21.73,10863,2022-02-16 20:32:00,LESL
21.725,21.73,21.72,21.73,1844,2022-02-16 20:33:00,LESL
21.73,21.73,21.725,21.73,1179,2022-02-16 20:34:00,LESL
21.73,21.73,21.7,21.701,5077,2022-02-16 20:35:00,LESL
21.7,21.7,21.645,21.645,3447,2022-02-16 20:36:00,LESL
21.645,21.66,21.645,21.655,2359,2022-02-16 20:37:00,LESL
21.66,21.69,21.65,21.67,5913,2022-02-16 20:38:00,LESL
21.66,21.7,21.66,21.7,2590,2022-02-16 20:39:00,LESL
21.7,21.7,21.67,21.68,1200,2022-02-16 20:40:00,LESL
21.67,21.67,21.65,21.66,4255,2022-02-16 20:41:00,LESL
21.655,21.66,21.65,21.66,843,2022-02-16 20:42:00,LESL
21.655,21.66,21.625,21.625,3292,2022-02-16 20:43:00,LESL
21.62,21.62,21.5767,21.5767,3266,2022-02-16 20:44:00,LESL
21.57,21.6,21.56,21.59,7108,2022-02-16 20:45:00,LESL
21.59,21.615,21.585,21.59,3881,2022-02-16 20:46:00,LESL
21.59,21.59,21.565,21.565,3365,2022-02-16 20:47:00,LESL
21.56,21.61,21.56,21.59,7322,2022-02-16 20:48:00,LESL
21.59,21.59,21.585,21.585,2500,2022-02-16 20:49:00,LESL
21.59,21.6,21.55,21.56,11688,2022-02-16 20:50:00,LESL
21.57,21.66,21.57,21.64,16305,2022-02-16 20:51:00,LESL
21.657,21.66,21.64,21.64,5166,2022-02-16 20:52:00,LESL
21.65,21.655,21.63,21.645,6581,2022-02-16 20:53:00,LESL
21.65,21.65,21.61,21.62,28551,2022-02-16 20:54:00,LESL
21.63,21.67,21.63,21.67,7143,2022-02-16 20:55:00,LESL
21.67,21.68,21.645,21.65,5544,2022-02-16 20:56:00,LESL
21.645,21.67,21.62,21.63,15908,2022-02-16 20:57:00,LESL
21.63,21.63,21.605,21.62,4947,2022-02-16 20:58:00,LESL
21.62,21.63,21.58,21.63,65887,2022-02-16 20:59:00,LESL
21.61,21.61,21.61,21.61,161810,2022-02-16 21:00:00,LESL
21.61,21.61,21.61,21.61,384,2022-02-16 21:01:00,LESL
21.61,21.61,21.61,21.61,1540,2022-02-16 21:03:00,LESL
21.38,21.38,21.285,21.285,7477,2022-02-17 14:30:00,LESL
21.35,21.39,21.35,21.385,525,2022-02-17 14:31:00,LESL
21.4,21.44,21.33,21.34,1100,2022-02-17 14:32:00,LESL
21.31,21.37,21.31,21.34,1916,2022-02-17 14:33:00,LESL
21.42,21.5,21.355,21.5,1963,2022-02-17 14:34:00,LESL
21.54,21.54,21.49,21.49,200,2022-02-17 14:35:00,LESL
21.44,21.44,21.44,21.44,100,2022-02-17 14:38:00,LESL
21.5,21.51,21.48,21.51,500,2022-02-17 14:39:00,LESL
21.54,21.6,21.535,21.57,3243,2022-02-17 14:40:00,LESL
21.6,21.62,21.53,21.55,9100,2022-02-17 14:41:00,LESL
21.62,21.62,21.6,21.62,506,2022-02-17 14:42:00,LESL
21.62,21.62,21.54,21.55,1154,2022-02-17 14:43:00,LESL
21.58,21.58,21.54,21.58,420,2022-02-17 14:44:00,LESL
21.58,21.58,21.5,21.5,1814,2022-02-17 14:45:00,LESL
21.5,21.54,21.48,21.48,8810,2022-02-17 14:46:00,LESL
21.47,21.51,21.45,21.51,2865,2022-02-17 14:47:00,LESL
21.48,21.58,21.48,21.56,4794,2022-02-17 14:48:00,LESL
21.53,21.58,21.53,21.58,800,2022-02-17 14:49:00,LESL
21.58,21.64,21.58,21.64,1300,2022-02-17 14:50:00,LESL
21.625,21.65,21.6,21.62,3239,2022-02-17 14:51:00,LESL
21.64,21.65,21.625,21.63,1920,2022-02-17 14:52:00,LESL
21.655,21.72,21.6418,21.72,1502,2022-02-17 14:53:00,LESL
21.72,21.78,21.72,21.725,2496,2022-02-17 14:54:00,LESL
21.725,21.725,21.68,21.68,1262,2022-02-17 14:55:00,LESL
21.67,21.67,21.6,21.625,4975,2022-02-17 14:56:00,LESL
21.62,21.62,21.6,21.605,500,2022-02-17 14:57:00,LESL
21.5714,21.61,21.57,21.61,1753,2022-02-17 14:58:00,LESL
21.6,21.65,21.6,21.65,500,2022-02-17 14:59:00,LESL
21.65,21.68,21.61,21.64,1975,2022-02-17 15:00:00,LESL
21.64,21.66,21.64,21.66,760,2022-02-17 15:01:00,LESL
21.61,21.7,21.61,21.7,1100,2022-02-17 15:02:00,LESL
21.7,21.7,21.7,21.7,274,2022-02-17 15:03:00,LESL
21.7,21.73,21.67,21.73,600,2022-02-17 15:04:00,LESL
21.7,21.71,21.7,21.71,400,2022-02-17 15:05:00,LESL
21.705,21.75,21.705,21.745,600,2022-02-17 15:06:00,LESL
21.74,21.76,21.73,21.735,1795,2022-02-17 15:07:00,LESL
21.735,21.735,21.735,21.735,210,2022-02-17 15:08:00,LESL
21.721,21.735,21.72,21.735,1929,2022-02-17 15:09:00,LESL
21.69,21.73,21.69,21.72,2451,2022-02-17 15:10:00,LESL
21.71,21.715,21.71,21.715,200,2022-02-17 15:11:00,LESL
21.7,21.71,21.7,21.71,900,2022-02-17 15:12:00,LESL
21.685,21.71,21.685,21.69,900,2022-02-17 15:13:00,LESL
21.68,21.71,21.67,21.705,3192,2022-02-17 15:14:00,LESL
21.705,21.705,21.68,21.695,1500,2022-02-17 15:15:00,LESL
21.71,21.71,21.695,21.695,3460,2022-02-17 15:16:00,LESL
21.7,21.72,21.69,21.72,5218,2022-02-17 15:17:00,LESL
21.74,21.74,21.73,21.73,1000,2022-02-17 15:18:00,LESL
21.735,21.735,21.705,21.705,3315,2022-02-17 15:19:00,LESL
21.705,21.71,21.68,21.68,4143,2022-02-17 15:20:00,LESL
21.67,21.68,21.625,21.625,7403,2022-02-17 15:21:00,LESL
21.63,21.64,21.62,21.62,1537,2022-02-17 15:22:00,LESL
21.615,21.615,21.61,21.61,600,2022-02-17 15:23:00,LESL
21.59,21.6,21.57,21.59,3509,2022-02-17 15:24:00,LESL
21.58,21.59,21.55,21.56,4642,2022-02-17 15:25:00,LESL
21.56,21.57,21.56,21.57,972,2022-02-17 15:26:00,LESL
21.55,21.55,21.515,21.52,3499,2022-02-17 15:27:00,LESL
21.51,21.52,21.49,21.49,1204,2022-02-17 15:28:00,LESL
21.475,21.48,21.46,21.475,856,2022-02-17 15:29:00,LESL
21.46,21.46,21.46,21.46,123,2022-02-17 15:30:00,LESL
21.49,21.61,21.49,21.59,5396,2022-02-17 15:31:00,LESL
21.62,21.62,21.58,21.59,2306,2022-02-17 15:32:00,LESL
21.6,21.61,21.6,21.6,400,2022-02-17 15:33:00,LESL
21.6,21.65,21.6,21.65,1700,2022-02-17 15:34:00,LESL
21.625,21.65,21.625,21.63,503,2022-02-17 15:35:00,LESL
21.64,21.64,21.63,21.63,603,2022-02-17 15:36:00,LESL
21.61,21.66,21.61,21.655,2800,2022-02-17 15:37:00,LESL
21.655,21.67,21.635,21.635,1740,2022-02-17 15:38:00,LESL
21.625,21.65,21.62,21.64,4472,2022-02-17 15:39:00,LESL
21.625,21.625,21.59,21.61,6489,2022-02-17 15:40:00,LESL
21.61,21.61,21.61,21.61,1300,2022-02-17 15:41:00,LESL
21.62,21.62,21.61,21.615,600,2022-02-17 15:42:00,LESL
21.61,21.615,21.59,21.59,700,2022-02-17 15:43:00,LESL
21.605,21.605,21.57,21.585,1678,2022-02-17 15:44:00,LESL
21.6,21.635,21.585,21.595,3971,2022-02-17 15:45:00,LESL
21.6,21.65,21.58,21.6,4320,2022-02-17 15:46:00,LESL
21.61,21.61,21.58,21.595,910,2022-02-17 15:47:00,LESL
21.6029,21.6029,21.581,21.595,1794,2022-02-17 15:48:00,LESL
21.6,21.62,21.585,21.615,1400,2022-02-17 15:49:00,LESL
21.65,21.65,21.65,21.65,100,2022-02-17 15:50:00,LESL
21.64,21.65,21.62,21.645,4299,2022-02-17 15:51:00,LESL
21.65,21.65,21.65,21.65,100,2022-02-17 15:52:00,LESL
21.66,21.66,21.66,21.66,200,2022-02-17 15:53:00,LESL
21.67,21.69,21.67,21.69,3218,2022-02-17 15:54:00,LESL
21.68,21.69,21.675,21.69,600,2022-02-17 15:55:00,LESL
21.69,21.69,21.67,21.68,1464,2022-02-17 15:56:00,LESL
21.69,21.69,21.68,21.68,1566,2022-02-17 15:57:00,LESL
21.68,21.68,21.67,21.68,700,2022-02-17 15:58:00,LESL
21.67,21.69,21.67,21.69,600,2022-02-17 15:59:00,LESL
21.7,21.7,21.655,21.655,1000,2022-02-17 16:00:00,LESL
21.67,21.68,21.6601,21.67,1025,2022-02-17 16:01:00,LESL
21.68,21.695,21.68,21.69,1052,2022-02-17 16:02:00,LESL
21.68,21.69,21.67,21.68,1000,2022-02-17 16:03:00,LESL
21.69,21.69,21.675,21.69,500,2022-02-17 16:04:00,LESL
21.69,21.7,21.69,21.7,700,2022-02-17 16:05:00,LESL
21.68,21.695,21.68,21.695,900,2022-02-17 16:06:00,LESL
21.71,21.72,21.7,21.71,3200,2022-02-17 16:07:00,LESL
21.705,21.705,21.68,21.695,3002,2022-02-17 16:08:00,LESL
21.675,21.675,21.66,21.66,400,2022-02-17 16:09:00,LESL
21.68,21.7,21.68,21.69,3608,2022-02-17 16:10:00,LESL
21.685,21.69,21.68,21.68,700,2022-02-17 16:11:00,LESL
21.69,21.695,21.68,21.68,1952,2022-02-17 16:12:00,LESL
21.685,21.685,21.68,21.68,300,2022-02-17 16:13:00,LESL
21.69,21.705,21.69,21.705,1300,2022-02-17 16:14:00,LESL
21.705,21.705,21.685,21.695,1692,2022-02-17 16:15:00,LESL
21.7,21.7,21.68,21.68,700,2022-02-17 16:16:00,LESL
21.7,21.7,21.7,21.7,1100,2022-02-17 16:17:00,LESL
21.7,21.7,21.7,21.7,17100,2022-02-17 16:18:00,LESL
21.69,21.69,21.68,21.68,1226,2022-02-17 16:19:00,LESL
21.67,21.69,21.67,21.685,2306,2022-02-17 16:20:00,LESL
21.68,21.68,21.63,21.65,4949,2022-02-17 16:21:00,LESL
21.66,21.66,21.645,21.65,27320,2022-02-17 16:22:00,LESL
21.66,21.68,21.66,21.6775,4671,2022-02-17 16:23:00,LESL
21.68,21.681,21.635,21.655,2981,2022-02-17 16:24:00,LESL
21.66,21.6775,21.66,21.6775,800,2022-02-17 16:25:00,LESL
21.68,21.685,21.68,21.685,1900,2022-02-17 16:26:00,LESL
21.68,21.68,21.68,21.68,200,2022-02-17 16:27:00,LESL
21.68,21.68,21.67,21.6775,7418,2022-02-17 16:28:00,LESL
21.68,21.685,21.67,21.68,3850,2022-02-17 16:29:00,LESL
21.68,21.68,21.68,21.68,1800,2022-02-17 16:30:00,LESL
21.68,21.68,21.68,21.68,100,2022-02-17 16:31:00,LESL
21.69,21.705,21.69,21.705,2363,2022-02-17 16:32:00,LESL
21.7,21.705,21.69,21.7,3925,2022-02-17 16:33:00,LESL
21.7,21.7,21.695,21.695,400,2022-02-17 16:34:00,LESL
21.69,21.705,21.69,21.7,1304,2022-02-17 16:35:00,LESL
21.705,21.71,21.705,21.705,400,2022-02-17 16:36:00,LESL
21.7,21.705,21.695,21.695,2185,2022-02-17 16:37:00,LESL
21.69,21.701,21.69,21.69,915,2022-02-17 16:38:00,LESL
21.69,21.69,21.65,21.66,2353,2022-02-17 16:39:00,LESL
21.67,21.67,21.64,21.6475,2310,2022-02-17 16:40:00,LESL
21.65,21.665,21.65,21.665,1400,2022-02-17 16:41:00,LESL
21.67,21.675,21.67,21.67,1300,2022-02-17 16:42:00,LESL
21.67,21.675,21.67,21.675,300,2022-02-17 16:43:00,LESL
21.6783,21.6783,21.67,21.675,1400,2022-02-17 16:44:00,LESL
21.67,21.675,21.66,21.67,7508,2022-02-17 16:45:00,LESL
21.68,21.68,21.68,21.68,200,2022-02-17 16:46:00,LESL
21.685,21.685,21.685,21.685,100,2022-02-17 16:47:00,LESL
21.69,21.69,21.68,21.685,1516,2022-02-17 16:48:00,LESL
21.68,21.71,21.68,21.7,5289,2022-02-17 16:49:00,LESL
21.71,21.715,21.71,21.715,500,2022-02-17 16:50:00,LESL
21.71,21.715,21.7,21.7,1212,2022-02-17 16:51:00,LESL
21.7,21.715,21.7,21.715,1601,2022-02-17 16:52:00,LESL
21.71,21.715,21.7,21.7,995,2022-02-17 16:53:00,LESL
21.7,21.7,21.695,21.7,1104,2022-02-17 16:54:00,LESL
21.71,21.71,21.71,21.71,200,2022-02-17 16:55:00,LESL
21.7,21.7,21.695,21.7,700,2022-02-17 16:56:00,LESL
21.69,21.715,21.69,21.715,2789,2022-02-17 16:57:00,LESL
21.71,21.715,21.71,21.715,700,2022-02-17 16:58:00,LESL
21.715,21.715,21.61,21.61,111505,2022-02-17 16:59:00,LESL
21.605,21.605,21.57,21.57,1304,2022-02-17 17:00:00,LESL
21.59,21.59,21.59,21.59,311,2022-02-17 17:01:00,LESL
21.59,21.6025,21.59,21.6025,600,2022-02-17 17:02:00,LESL
21.595,21.62,21.57,21.59,27299,2022-02-17 17:03:00,LESL
21.59,21.59,21.59,21.59,117,2022-02-17 17:04:00,LESL
21.56,21.56,21.54,21.5475,15136,2022-02-17 17:06:00,LESL
21.545,21.545,21.52,21.53,2335,2022-02-17 17:07:00,LESL
21.5,21.51,21.4801,21.51,1760,2022-02-17 17:08:00,LESL
21.495,21.53,21.495,21.515,2070,2022-02-17 17:09:00,LESL
21.52,21.54,21.52,21.54,2184,2022-02-17 17:11:00,LESL
21.545,21.56,21.54,21.56,2247,2022-02-17 17:12:00,LESL
21.56,21.56,21.55,21.555,1000,2022-02-17 17:13:00,LESL
21.555,21.555,21.53,21.55,30272,2022-02-17 17:14:00,LESL
21.545,21.55,21.545,21.55,1235,2022-02-17 17:15:00,LESL
21.54,21.54,21.53,21.54,2562,2022-02-17 17:17:00,LESL
21.54,21.54,21.49,21.49,59490,2022-02-17 17:18:00,LESL
21.48,21.5,21.475,21.5,6535,2022-02-17 17:19:00,LESL
21.49,21.5,21.49,21.495,1000,2022-02-17 17:21:00,LESL
21.48,21.49,21.48,21.49,700,2022-02-17 17:22:00,LESL
21.5,21.5,21.5,21.5,1200,2022-02-17 17:23:00,LESL
21.501,21.501,21.5,21.5,1259,2022-02-17 17:24:00,LESL
21.49,21.49,21.49,21.49,230,2022-02-17 17:25:00,LESL
21.48,21.48,21.47,21.47,606,2022-02-17 17:26:00,LESL
21.46,21.47,21.44,21.44,1880,2022-02-17 17:27:00,LESL
21.44,21.445,21.44,21.44,679,2022-02-17 17:28:00,LESL
21.44,21.44,21.44,21.44,400,2022-02-17 17:29:00,LESL
21.43,21.44,21.42,21.42,1738,2022-02-17 17:30:00,LESL
21.43,21.44,21.43,21.435,2903,2022-02-17 17:31:00,LESL
21.45,21.465,21.45,21.46,3185,2022-02-17 17:32:00,LESL
21.45,21.45,21.45,21.45,400,2022-02-17 17:33:00,LESL
21.45,21.45,21.42,21.42,2542,2022-02-17 17:34:00,LESL
21.42,21.43,21.42,21.43,1124,2022-02-17 17:35:00,LESL
21.42,21.42,21.42,21.42,200,2022-02-17 17:36:00,LESL
21.41,21.41,21.41,21.41,100,2022-02-17 17:37:00,LESL
21.41,21.42,21.41,21.42,1189,2022-02-17 17:38:00,LESL
21.43,21.43,21.42,21.42,900,2022-02-17 17:40:00,LESL
21.39,21.41,21.39,21.4,1621,2022-02-17 17:43:00,LESL
21.4,21.4,21.4,21.4,200,2022-02-17 17:45:00,LESL
21.405,21.405,21.37,21.37,4127,2022-02-17 17:46:00,LESL
21.37,21.37,21.365,21.365,500,2022-02-17 17:47:00,LESL
21.36,21.365,21.351,21.355,1524,2022-02-17 17:48:00,LESL
21.35,21.35,21.34,21.34,2961,2022-02-17 17:50:00,LESL
21.35,21.35,21.35,21.35,400,2022-02-17 17:51:00,LESL
21.35,21.4,21.35,21.4,5180,2022-02-17 17:52:00,LESL
21.4,21.4,21.3801,21.3801,1766,2022-02-17 17:54:00,LESL
21.38,21.39,21.38,21.39,1073,2022-02-17 17:55:00,LESL
21.4,21.4,21.4,21.4,300,2022-02-17 17:56:00,LESL
21.4,21.4,21.4,21.4,200,2022-02-17 17:57:00,LESL
21.4,21.4,21.4,21.4,100,2022-02-17 17:58:00,LESL
21.4,21.42,21.4,21.4,7599,2022-02-17 17:59:00,LESL
21.4,21.405,21.39,21.4,4654,2022-02-17 18:00:00,LESL
21.4,21.41,21.4,21.41,2014,2022-02-17 18:01:00,LESL
21.42,21.425,21.41,21.41,7031,2022-02-17 18:02:00,LESL
21.405,21.42,21.395,21.41,1248,2022-02-17 18:03:00,LESL
21.42,21.42,21.385,21.385,1776,2022-02-17 18:04:00,LESL
21.39,21.42,21.39,21.415,2247,2022-02-17 18:06:00,LESL
21.41,21.42,21.4,21.42,1296,2022-02-17 18:08:00,LESL
21.4,21.4,21.385,21.39,6600,2022-02-17 18:09:00,LESL
21.38,21.38,21.36,21.36,600,2022-02-17 18:10:00,LESL
21.34,21.34,21.34,21.34,600,2022-02-17 18:11:00,LESL
21.33,21.33,21.33,21.33,200,2022-02-17 18:12:00,LESL
21.31,21.32,21.3,21.3,1686,2022-02-17 18:13:00,LESL
21.3,21.31,21.3,21.3,2778,2022-02-17 18:14:00,LESL
21.32,21.32,21.305,21.32,982,2022-02-17 18:15:00,LESL
21.33,21.33,21.33,21.33,100,2022-02-17 18:16:00,LESL
21.33,21.33,21.33,21.33,200,2022-02-17 18:17:00,LESL
21.33,21.33,21.32,21.33,2608,2022-02-17 18:18:00,LESL
21.32,21.33,21.32,21.33,1848,2022-02-17 18:19:00,LESL
21.32,21.34,21.32,21.34,1516,2022-02-17 18:20:00,LESL
21.34,21.36,21.34,21.34,14205,2022-02-17 18:21:00,LESL
21.35,21.35,21.35,21.35,200,2022-02-17 18:22:00,LESL
21.34,21.35,21.3,21.33,8814,2022-02-17 18:23:00,LESL
21.33,21.33,21.3,21.32,5151,2022-02-17 18:24:00,LESL
21.32,21.33,21.31,21.33,2100,2022-02-17 18:25:00,LESL
21.32,21.33,21.31,21.33,4969,2022-02-17 18:26:00,LESL
21.335,21.355,21.335,21.345,3005,2022-02-17 18:27:00,LESL
21.345,21.35,21.335,21.35,3588,2022-02-17 18:28:00,LESL
21.35,21.35,21.35,21.35,850,2022-02-17 18:29:00,LESL
21.36,21.36,21.36,21.36,200,2022-02-17 18:30:00,LESL
21.36,21.37,21.36,21.37,1000,2022-02-17 18:31:00,LESL
21.375,21.375,21.37,21.37,1500,2022-02-17 18:32:00,LESL
21.37,21.38,21.365,21.38,625,2022-02-17 18:33:00,LESL
21.375,21.38,21.375,21.375,400,2022-02-17 18:34:00,LESL
21.375,21.375,21.37,21.37,2594,2022-02-17 18:36:00,LESL
21.375,21.38,21.375,21.38,600,2022-02-17 18:37:00,LESL
21.38,21.39,21.38,21.39,727,2022-02-17 18:38:00,LESL
21.38,21.39,21.38,21.385,2786,2022-02-17 18:39:00,LESL
21.385,21.395,21.385,21.395,1062,2022-02-17 18:40:00,LESL
21.39,21.4,21.39,21.4,743,2022-02-17 18:41:00,LESL
21.4,21.41,21.39,21.405,2498,2022-02-17 18:42:00,LESL
21.405,21.41,21.405,21.405,406,2022-02-17 18:43:00,LESL
21.41,21.42,21.41,21.42,2559,2022-02-17 18:44:00,LESL
21.42,21.42,21.415,21.42,300,2022-02-17 18:45:00,LESL
21.42,21.43,21.41,21.43,2966,2022-02-17 18:46:00,LESL
21.43,21.44,21.4282,21.43,5201,2022-02-17 18:47:00,LESL
21.435,21.45,21.435,21.45,900,2022-02-17 18:48:00,LESL
21.45,21.46,21.45,21.4533,2080,2022-02-17 18:49:00,LESL
21.455,21.46,21.45,21.46,1301,2022-02-17 18:50:00,LESL
21.46,21.475,21.46,21.475,2017,2022-02-17 18:51:00,LESL
21.48,21.485,21.47,21.485,3555,2022-02-17 18:52:00,LESL
21.48,21.485,21.47,21.48,4370,2022-02-17 18:53:00,LESL
21.485,21.49,21.48,21.49,1348,2022-02-17 18:54:00,LESL
21.47,21.49,21.47,21.49,400,2022-02-17 18:55:00,LESL
21.49,21.49,21.49,21.49,100,2022-02-17 18:56:00,LESL
21.48,21.49,21.48,21.49,400,2022-02-17 18:57:00,LESL
21.485,21.5,21.485,21.5,6363,2022-02-17 18:58:00,LESL
21.5,21.5,21.5,21.5,100,2022-02-17 18:59:00,LESL
21.495,21.495,21.49,21.4922,1430,2022-02-17 19:00:00,LESL
21.495,21.505,21.485,21.505,6049,2022-02-17 19:01:00,LESL
21.5,21.505,21.495,21.5,2019,2022-02-17 19:02:00,LESL
21.49,21.5,21.485,21.485,2528,2022-02-17 19:03:00,LESL
21.48,21.48,21.45,21.45,12261,2022-02-17 19:04:00,LESL
21.445,21.445,21.43,21.43,1000,2022-02-17 19:05:00,LESL
21.44,21.44,21.43,21.43,300,2022-02-17 19:06:00,LESL
21.435,21.435,21.431,21.435,600,2022-02-17 19:07:00,LESL
21.435,21.44,21.41,21.42,2754,2022-02-17 19:08:00,LESL
21.39,21.4,21.365,21.365,1645,2022-02-17 19:09:00,LESL
21.35,21.37,21.35,21.36,3058,2022-02-17 19:10:00,LESL
21.36,21.37,21.35,21.36,500,2022-02-17 19:11:00,LESL
21.36,21.36,21.36,21.36,100,2022-02-17 19:12:00,LESL
21.36,21.37,21.36,21.37,900,2022-02-17 19:13:00,LESL
21.37,21.37,21.37,21.37,800,2022-02-17 19:14:00,LESL
21.3668,21.375,21.36,21.37,1943,2022-02-17 19:15:00,LESL
21.3725,21.39,21.37,21.39,1626,2022-02-17 19:16:00,LESL
21.39,21.39,21.39,21.39,100,2022-02-17 19:17:00,LESL
21.39,21.4,21.39,21.4,300,2022-02-17 19:18:00,LESL
21.39,21.3963,21.39,21.3963,492,2022-02-17 19:19:00,LESL
21.4,21.4,21.38,21.39,3915,2022-02-17 19:20:00,LESL
21.38,21.385,21.35,21.35,1100,2022-02-17 19:21:00,LESL
21.31,21.31,21.29,21.29,5400,2022-02-17 19:22:00,LESL
21.27,21.27,21.26,21.26,300,2022-02-17 19:23:00,LESL
21.24,21.24,21.24,21.24,200,2022-02-17 19:24:00,LESL
21.24,21.26,21.24,21.26,3679,2022-02-17 19:26:00,LESL
21.25,21.25,21.25,21.25,1173,2022-02-17 19:27:00,LESL
21.24,21.25,21.235,21.235,900,2022-02-17 19:28:00,LESL
21.25,21.26,21.25,21.26,700,2022-02-17 19:29:00,LESL
21.255,21.27,21.2405,21.25,5351,2022-02-17 19:30:00,LESL
21.25,21.25,21.24,21.245,836,2022-02-17 19:31:00,LESL
21.23,21.23,21.22,21.23,500,2022-02-17 19:32:00,LESL
21.22,21.25,21.205,21.25,3467,2022-02-17 19:33:00,LESL
21.25,21.26,21.25,21.26,200,2022-02-17 19:34:00,LESL
21.26,21.26,21.25,21.255,4101,2022-02-17 19:35:00,LESL
21.26,21.26,21.25,21.25,289,2022-02-17 19:36:00,LESL
21.26,21.28,21.26,21.28,900,2022-02-17 19:37:00,LESL
21.27,21.28,21.27,21.28,900,2022-02-17 19:38:00,LESL
21.26,21.2999,21.255,21.2999,4695,2022-02-17 19:39:00,LESL
21.295,21.3,21.295,21.295,800,2022-02-17 19:40:00,LESL
21.3,21.3,21.3,21.3,300,2022-02-17 19:41:00,LESL
21.3,21.3,21.29,21.29,800,2022-02-17 19:42:00,LESL
21.29,21.3,21.29,21.3,600,2022-02-17 19:43:00,LESL
21.29,21.3,21.29,21.3,2894,2022-02-17 19:44:00,LESL
21.295,21.3,21.295,21.3,1300,2022-02-17 19:45:00,LESL
21.3,21.33,21.275,21.315,14697,2022-02-17 19:46:00,LESL
21.315,21.32,21.28,21.28,2530,2022-02-17 19:47:00,LESL
21.29,21.3,21.28,21.3,2448,2022-02-17 19:48:00,LESL
21.31,21.31,21.31,21.31,593,2022-02-17 19:49:00,LESL
21.29,21.29,21.29,21.29,611,2022-02-17 19:50:00,LESL
21.29,21.29,21.25,21.26,2252,2022-02-17 19:51:00,LESL
21.25,21.26,21.25,21.252,700,2022-02-17 19:52:00,LESL
21.25,21.26,21.24,21.26,3065,2022-02-17 19:53:00,LESL
21.26,21.26,21.25,21.26,738,2022-02-17 19:54:00,LESL
21.26,21.27,21.26,21.27,2605,2022-02-17 19:55:00,LESL
21.275,21.28,21.27,21.275,5193,2022-02-17 19:56:00,LESL
21.28,21.28,21.27,21.28,1239,2022-02-17 19:57:00,LESL
21.275,21.275,21.24,21.24,3934,2022-02-17 19:58:00,LESL
21.24,21.245,21.23,21.24,3032,2022-02-17 19:59:00,LESL
21.24,21.25,21.23,21.25,2130,2022-02-17 20:00:00,LESL
21.25,21.26,21.25,21.26,1792,2022-02-17 20:01:00,LESL
21.265,21.27,21.265,21.27,300,2022-02-17 20:02:00,LESL
21.265,21.27,21.25,21.25,7022,2022-02-17 20:03:00,LESL
21.25,21.25,21.245,21.25,1346,2022-02-17 20:04:00,LESL
21.25,21.25,21.25,21.25,2516,2022-02-17 20:05:00,LESL
21.25,21.25,21.245,21.25,1000,2022-02-17 20:06:00,LESL
21.255,21.26,21.24,21.25,2840,2022-02-17 20:07:00,LESL
21.24,21.25,21.24,21.25,1666,2022-02-17 20:08:00,LESL
21.25,21.255,21.24,21.25,3009,2022-02-17 20:09:00,LESL
21.25,21.25,21.23,21.25,3811,2022-02-17 20:10:00,LESL
21.25,21.27,21.25,21.27,700,2022-02-17 20:11:00,LESL
21.265,21.265,21.26,21.26,400,2022-02-17 20:12:00,LESL
21.26,21.26,21.25,21.25,900,2022-02-17 20:13:00,LESL
21.24,21.24,21.2,21.21,7358,2022-02-17 20:14:00,LESL
21.2,21.215,21.2,21.215,1110,2022-02-17 20:15:00,LESL
21.21,21.21,21.17,21.17,3094,2022-02-17 20:16:00,LESL
21.18,21.215,21.15,21.215,8104,2022-02-17 20:17:00,LESL
21.22,21.22,21.19,21.195,10642,2022-02-17 20:18:00,LESL
21.21,21.24,21.21,21.24,850,2022-02-17 20:19:00,LESL
21.24,21.25,21.23,21.25,2077,2022-02-17 20:20:00,LESL
21.255,21.26,21.25,21.26,700,2022-02-17 20:21:00,LESL
21.26,21.28,21.26,21.27,4079,2022-02-17 20:22:00,LESL
21.27,21.27,21.26,21.27,1900,2022-02-17 20:23:00,LESL
21.2675,21.27,21.26,21.26,2124,2022-02-17 20:24:00,LESL
21.275,21.28,21.27,21.271,2080,2022-02-17 20:25:00,LESL
21.27,21.275,21.22,21.23,9097,2022-02-17 20:26:00,LESL
21.22,21.23,21.21,21.225,2932,2022-02-17 20:27:00,LESL
21.23,21.23,21.2,21.201,2005,2022-02-17 20:28:00,LESL
21.2,21.2,21.19,21.195,2089,2022-02-17 20:29:00,LESL
21.2,21.215,21.2,21.215,3444,2022-02-17 20:30:00,LESL
21.215,21.225,21.21,21.225,2129,2022-02-17 20:31:00,LESL
21.22,21.225,21.19,21.21,3960,2022-02-17 20:32:00,LESL
21.205,21.21,21.19,21.195,9658,2022-02-17 20:33:00,LESL
21.195,21.195,21.16,21.16,2000,2022-02-17 20:34:00,LESL
21.16,21.175,21.16,21.17,1200,2022-02-17 20:35:00,LESL
21.175,21.195,21.17,21.195,3021,2022-02-17 20:36:00,LESL
21.205,21.23,21.2,21.23,4239,2022-02-17 20:37:00,LESL
21.24,21.3,21.24,21.3,6698,2022-02-17 20:38:00,LESL
21.29,21.31,21.29,21.31,2000,2022-02-17 20:39:00,LESL
21.29,21.31,21.29,21.305,4278,2022-02-17 20:40:00,LESL
21.31,21.33,21.305,21.33,1400,2022-02-17 20:41:00,LESL
21.325,21.33,21.31,21.33,2646,2022-02-17 20:42:00,LESL
21.33,21.34,21.32,21.34,6932,2022-02-17 20:43:00,LESL
21.34,21.34,21.335,21.34,1000,2022-02-17 20:44:00,LESL
21.34,21.35,21.305,21.305,9343,2022-02-17 20:45:00,LESL
21.31,21.31,21.29,21.295,4795,2022-02-17 20:46:00,LESL
21.295,21.32,21.295,21.315,6326,2022-02-17 20:47:00,LESL
21.315,21.34,21.311,21.34,3100,2022-02-17 20:48:00,LESL
21.34,21.34,21.33,21.34,3869,2022-02-17 20:49:00,LESL
21.34,21.34,21.25,21.275,16188,2022-02-17 20:50:00,LESL
21.27,21.275,21.24,21.24,4389,2022-02-17 20:51:00,LESL
21.245,21.255,21.24,21.255,4027,2022-02-17 20:52:00,LESL
21.255,21.2599,21.22,21.225,14694,2022-02-17 20:53:00,LESL
21.23,21.265,21.22,21.265,12744,2022-02-17 20:54:00,LESL
21.27,21.3,21.27,21.285,9605,2022-02-17 20:55:00,LESL
21.29,21.295,21.28,21.2825,8428,2022-02-17 20:56:00,LESL
21.29,21.29,21.28,21.29,9411,2022-02-17 20:57:00,LESL
21.285,21.31,21.285,21.305,14433,2022-02-17 20:58:00,LESL
21.31,21.31,21.26,21.29,22966,2022-02-17 20:59:00,LESL
21.27,21.27,21.27,21.27,265080,2022-02-17 21:00:00,LESL
21.27,21.27,21.27,21.27,1101,2022-02-17 23:47:00,LESL
21.36,21.36,21.3099,21.3099,12937,2022-02-18 14:30:00,LESL
21.31,21.55,21.31,21.55,2541,2022-02-18 14:31:00,LESL
21.6,21.6,21.5471,21.5471,285,2022-02-18 14:32:00,LESL
21.6,21.6,21.6,21.6,200,2022-02-18 14:33:00,LESL
21.61,21.61,21.57,21.61,8159,2022-02-18 14:34:00,LESL
21.58,21.58,21.43,21.54,2510,2022-02-18 14:35:00,LESL
21.45,21.45,21.39,21.39,800,2022-02-18 14:36:00,LESL
21.41,21.46,21.41,21.46,500,2022-02-18 14:37:00,LESL
21.43,21.455,21.43,21.43,500,2022-02-18 14:38:00,LESL
21.42,21.43,21.4,21.42,623,2022-02-18 14:39:00,LESL
21.44,21.44,21.43,21.44,1200,2022-02-18 14:41:00,LESL
21.43,21.435,21.4,21.435,2274,2022-02-18 14:42:00,LESL
21.43,21.46,21.41,21.41,651,2022-02-18 14:43:00,LESL
21.46,21.48,21.42,21.48,900,2022-02-18 14:45:00,LESL
21.46,21.48,21.46,21.48,500,2022-02-18 14:46:00,LESL
21.5,21.55,21.48,21.515,25964,2022-02-18 14:47:00,LESL
21.53,21.56,21.52,21.55,3829,2022-02-18 14:48:00,LESL
21.51,21.52,21.5,21.515,3630,2022-02-18 14:49:00,LESL
21.55,21.58,21.55,21.58,1700,2022-02-18 14:50:00,LESL
21.61,21.61,21.61,21.61,214,2022-02-18 14:51:00,LESL
21.66,21.74,21.66,21.74,700,2022-02-18 14:52:00,LESL
21.73,21.779,21.73,21.779,403,2022-02-18 14:53:00,LESL
21.73,21.86,21.71,21.86,1600,2022-02-18 14:54:00,LESL
21.86,21.91,21.81,21.82,2900,2022-02-18 14:55:00,LESL
21.79,21.79,21.79,21.79,671,2022-02-18 14:56:00,LESL
21.8,21.807,21.78,21.79,1920,2022-02-18 14:57:00,LESL
21.77,21.77,21.76,21.76,200,2022-02-18 14:58:00,LESL
21.74,21.74,21.72,21.72,495,2022-02-18 14:59:00,LESL
21.75,21.75,21.67,21.68,2065,2022-02-18 15:00:00,LESL
21.64,21.64,21.61,21.61,800,2022-02-18 15:01:00,LESL
21.56,21.56,21.56,21.56,100,2022-02-18 15:02:00,LESL
21.54,21.54,21.54,21.54,100,2022-02-18 15:03:00,LESL
21.51,21.51,21.51,21.51,200,2022-02-18 15:04:00,LESL
21.52,21.52,21.5194,21.5194,330,2022-02-18 15:05:00,LESL
21.51,21.52,21.46,21.52,7058,2022-02-18 15:06:00,LESL
21.55,21.57,21.53,21.55,4517,2022-02-18 15:07:00,LESL
21.6,21.6,21.54,21.57,2134,2022-02-18 15:08:00,LESL
21.55,21.55,21.53,21.53,930,2022-02-18 15:09:00,LESL
21.53,21.545,21.49,21.54,1350,2022-02-18 15:10:00,LESL
21.515,21.515,21.48,21.48,900,2022-02-18 15:11:00,LESL
21.47,21.525,21.465,21.485,5491,2022-02-18 15:12:00,LESL
21.49,21.49,21.49,21.49,200,2022-02-18 15:13:00,LESL
21.46,21.5,21.46,21.46,29480,2022-02-18 15:14:00,LESL
21.45,21.45,21.36,21.36,2300,2022-02-18 15:16:00,LESL
21.3,21.3,21.25,21.25,600,2022-02-18 15:18:00,LESL
21.24,21.27,21.24,21.24,2332,2022-02-18 15:19:00,LESL
21.23,21.24,21.23,21.23,305,2022-02-18 15:20:00,LESL
21.235,21.25,21.22,21.22,488,2022-02-18 15:21:00,LESL
21.17,21.17,21.14,21.14,900,2022-02-18 15:22:00,LESL
21.14,21.14,21.14,21.14,300,2022-02-18 15:23:00,LESL
21.16,21.17,21.12,21.12,3044,2022-02-18 15:24:00,LESL
21.12,21.13,21.11,21.125,5151,2022-02-18 15:25:00,LESL
21.13,21.15,21.13,21.15,18531,2022-02-18 15:26:00,LESL
21.15,21.15,21.13,21.13,1434,2022-02-18 15:27:00,LESL
21.08,21.09,21.08,21.09,1236,2022-02-18 15:28:00,LESL
21.06,21.07,21.06,21.07,371,2022-02-18 15:29:00,LESL
21.05,21.05,21.019,21.02,2000,2022-02-18 15:30:00,LESL
21.01,21.03,20.995,20.995,5699,2022-02-18 15:31:00,LESL
21.01,21.02,20.995,21.02,11427,2022-02-18 15:32:00,LESL
21.03,21.03,20.98,20.98,2124,2022-02-18 15:33:00,LESL
20.97,20.98,20.955,20.975,3122,2022-02-18 15:34:00,LESL
20.94,20.96,20.94,20.96,200,2022-02-18 15:35:00,LESL
20.96,20.96,20.96,20.96,8400,2022-02-18 15:36:00,LESL
20.95,20.95,20.945,20.945,280,2022-02-18 15:37:00,LESL
20.96,20.97,20.957,20.96,2377,2022-02-18 15:38:00,LESL
20.95,20.95,20.92,20.92,450,2022-02-18 15:39:00,LESL
20.925,20.925,20.865,20.865,300,2022-02-18 15:40:00,LESL
20.85,20.86,20.85,20.86,400,2022-02-18 15:41:00,LESL
20.865,20.93,20.86,20.93,5282,2022-02-18 15:42:00,LESL
20.95,20.9561,20.94,20.94,608,2022-02-18 15:43:00,LESL
20.92,20.92,20.87,20.87,2500,2022-02-18 15:44:00,LESL
20.88,20.93,20.88,20.93,13914,2022-02-18 15:45:00,LESL
20.94,20.95,20.94,20.945,847,2022-02-18 15:46:00,LESL
20.96,21.01,20.945,21.01,3205,2022-02-18 15:47:00,LESL
21.02,21.06,21.0,21.0,1445,2022-02-18 15:48:00,LESL
20.96,20.97,20.945,20.945,3400,2022-02-18 15:49:00,LESL
20.96,20.97,20.95,20.95,1400,2022-02-18 15:50:00,LESL
20.9498,20.98,20.9498,20.98,3958,2022-02-18 15:52:00,LESL
20.9641,20.97,20.955,20.955,343,2022-02-18 15:53:00,LESL
20.95,20.97,20.94,20.95,1512,2022-02-18 15:55:00,LESL
20.9,20.919,20.9,20.917,2858,2022-02-18 15:56:00,LESL
20.92,20.92,20.9,20.9,605,2022-02-18 15:57:00,LESL
20.8903,20.8903,20.8668,20.8668,626,2022-02-18 15:58:00,LESL
20.86,20.86,20.86,20.86,200,2022-02-18 15:59:00,LESL
20.86,20.89,20.82,20.87,6685,2022-02-18 16:00:00,LESL
20.87,20.87,20.855,20.87,518,2022-02-18 16:01:00,LESL
20.835,20.835,20.835,20.835,100,2022-02-18 16:02:00,LESL
20.825,20.825,20.74,20.76,1375,2022-02-18 16:03:00,LESL
20.76,20.78,20.74,20.76,1759,2022-02-18 16:04:00,LESL
20.755,20.775,20.755,20.775,800,2022-02-18 16:05:00,LESL
20.765,20.78,20.765,20.78,12019,2022-02-18 16:06:00,LESL
20.77,20.77,20.77,20.77,100,2022-02-18 16:08:00,LESL
20.77,20.78,20.765,20.765,700,2022-02-18 16:09:00,LESL
20.77,20.77,20.755,20.755,200,2022-02-18 16:10:00,LESL
20.72,20.74,20.72,20.73,1819,2022-02-18 16:11:00,LESL
20.74,20.74,20.73,20.73,300,2022-02-18 16:12:00,LESL
20.73,20.73,20.73,20.73,200,2022-02-18 16:13:00,LESL
20.73,20.75,20.725,20.74,2885,2022-02-18 16:14:00,LESL
20.74,20.74,20.68,20.68,800,2022-02-18 16:15:00,LESL
20.68,20.68,20.68,20.68,100,2022-02-18 16:16:00,LESL
20.7,20.71,20.697,20.705,2180,2022-02-18 16:17:00,LESL
20.717,20.73,20.715,20.715,2584,2022-02-18 16:18:00,LESL
20.7,20.73,20.7,20.72,2500,2022-02-18 16:19:00,LESL
20.72,20.765,20.72,20.765,300,2022-02-18 16:20:00,LESL
20.78,20.78,20.765,20.765,700,2022-02-18 16:21:00,LESL
20.77,20.79,20.73,20.73,4201,2022-02-18 16:23:00,LESL
20.73,20.73,20.72,20.73,624,2022-02-18 16:24:00,LESL
20.72,20.74,20.72,20.73,889,2022-02-18 16:25:00,LESL
20.74,20.76,20.74,20.76,540,2022-02-18 16:26:00,LESL
20.75,20.75,20.725,20.725,1100,2022-02-18 16:27:00,LESL
20.7,20.7,20.68,20.69,900,2022-02-18 16:28:00,LESL
20.69,20.71,20.69,20.7,1946,2022-02-18 16:29:00,LESL
20.7,20.7,20.69,20.7,619,2022-02-18 16:30:00,LESL
20.71,20.73,20.705,20.73,1363,2022-02-18 16:31:00,LESL
20.76,20.77,20.75,20.75,639,2022-02-18 16:32:00,LESL
20.73,20.73,20.71,20.71,1200,2022-02-18 16:33:00,LESL
20.71,20.715,20.7,20.7,900,2022-02-18 16:34:00,LESL
20.7,20.7,20.69,20.69,2100,2022-02-18 16:35:00,LESL
20.7,20.7,20.67,20.68,500,2022-02-18 16:36:00,LESL
20.69,20.73,20.685,20.73,2893,2022-02-18 16:37:00,LESL
20.75,20.75,20.75,20.75,300,2022-02-18 16:38:00,LESL
20.73,20.73,20.73,20.73,100,2022-02-18 16:39:00,LESL
20.72,20.74,20.72,20.74,3423,2022-02-18 16:40:00,LESL
20.75,20.84,20.75,20.83,3521,2022-02-18 16:41:00,LESL
20.825,20.88,20.825,20.87,7183,2022-02-18 16:42:00,LESL
20.86,20.86,20.86,20.86,800,2022-02-18 16:43:00,LESL
20.86,20.86,20.81,20.81,1329,2022-02-18 16:44:00,LESL
20.81,20.84,20.81,20.825,1438,2022-02-18 16:45:00,LESL
20.81,20.81,20.79,20.795,1400,2022-02-18 16:46:00,LESL
20.8,20.84,20.8,20.83,2636,2022-02-18 16:47:00,LESL
20.85,20.85,20.815,20.815,1119,2022-02-18 16:48:00,LESL
20.82,20.82,20.8,20.8,2528,2022-02-18 16:49:00,LESL
20.8,20.8,20.78,20.78,2097,2022-02-18 16:50:00,LESL
20.76,20.76,20.76,20.76,100,2022-02-18 16:51:00,LESL
20.755,20.755,20.74,20.74,400,2022-02-18 16:52:00,LESL
20.74,20.74,20.72,20.72,300,2022-02-18 16:53:00,LESL
20.71,20.71,20.68,20.68,300,2022-02-18 16:54:00,LESL
20.68,20.72,20.68,20.72,1549,2022-02-18 16:55:00,LESL
20.715,20.715,20.715,20.715,100,2022-02-18 16:56:00,LESL
20.7,20.7,20.675,20.675,917,2022-02-18 16:57:00,LESL
20.675,20.71,20.675,20.69,1666,2022-02-18 16:58:00,LESL
20.675,20.7,20.675,20.69,1300,2022-02-18 16:59:00,LESL
20.7,20.71,20.7,20.7,666,2022-02-18 17:00:00,LESL
20.69,20.71,20.68,20.71,700,2022-02-18 17:01:00,LESL
20.6814,20.6814,20.6814,20.6814,193,2022-02-18 17:02:00,LESL
20.68,20.68,20.65,20.65,1300,2022-02-18 17:03:00,LESL
20.62,20.67,20.62,20.67,2959,2022-02-18 17:04:00,LESL
20.67,20.68,20.67,20.68,1600,2022-02-18 17:05:00,LESL
20.69,20.69,20.69,20.69,300,2022-02-18 17:06:00,LESL
20.7,20.73,20.7,20.73,1354,2022-02-18 17:07:00,LESL
20.73,20.76,20.73,20.76,1000,2022-02-18 17:08:00,LESL
20.77,20.79,20.77,20.79,1353,2022-02-18 17:09:00,LESL
20.79,20.81,20.79,20.79,1400,2022-02-18 17:10:00,LESL
20.79,20.8,20.79,20.79,834,2022-02-18 17:11:00,LESL
20.79,20.79,20.79,20.79,100,2022-02-18 17:12:00,LESL
20.77,20.77,20.77,20.77,594,2022-02-18 17:13:00,LESL
20.73,20.73,20.73,20.73,119,2022-02-18 17:14:00,LESL
20.725,20.75,20.72,20.73,4555,2022-02-18 17:15:00,LESL
20.75,20.78,20.75,20.77,2073,2022-02-18 17:16:00,LESL
20.76,20.8,20.76,20.8,1950,2022-02-18 17:17:00,LESL
20.81,20.819,20.8,20.81,1414,2022-02-18 17:18:00,LESL
20.79,20.79,20.79,20.79,400,2022-02-18 17:19:00,LESL
20.78,20.81,20.78,20.8,1100,2022-02-18 17:20:00,LESL
20.79,20.79,20.75,20.76,2743,2022-02-18 17:21:00,LESL
20.76,20.77,20.76,20.7609,585,2022-02-18 17:22:00,LESL
20.77,20.7714,20.76,20.7714,455,2022-02-18 17:23:00,LESL
20.765,20.79,20.765,20.77,976,2022-02-18 17:24:00,LESL
20.78,20.8,20.78,20.8,1400,2022-02-18 17:25:00,LESL
20.81,20.81,20.79,20.79,300,2022-02-18 17:26:00,LESL
20.79,20.79,20.79,20.79,100,2022-02-18 17:27:00,LESL
20.78,20.8,20.775,20.8,7840,2022-02-18 17:28:00,LESL
20.79,20.79,20.78,20.78,600,2022-02-18 17:29:00,LESL
20.76,20.76,20.71,20.75,1300,2022-02-18 17:30:00,LESL
20.77,20.8,20.76,20.775,1604,2022-02-18 17:31:00,LESL
20.775,20.79,20.77,20.78,700,2022-02-18 17:32:00,LESL
20.78,20.78,20.76,20.76,1644,2022-02-18 17:34:00,LESL
20.77,20.77,20.75,20.755,1579,2022-02-18 17:35:00,LESL
20.745,20.745,20.71,20.715,539,2022-02-18 17:36:00,LESL
20.7,20.7,20.61,20.64,3093,2022-02-18 17:37:00,LESL
20.64,20.66,20.64,20.64,2161,2022-02-18 17:38:00,LESL
20.63,20.63,20.62,20.62,500,2022-02-18 17:39:00,LESL
20.6,20.61,20.5892,20.6,2007,2022-02-18 17:40:00,LESL
20.59,20.617,20.59,20.617,1300,2022-02-18 17:41:00,LESL
20.62,20.64,20.62,20.64,1309,2022-02-18 17:42:00,LESL
20.63,20.63,20.62,20.62,1300,2022-02-18 17:43:00,LESL
20.61,20.61,20.59,20.59,310,2022-02-18 17:44:00,LESL
20.6,20.61,20.6,20.6,2363,2022-02-18 17:45:00,LESL
20.59,20.61,20.59,20.6,800,2022-02-18 17:46:00,LESL
20.59,20.59,20.59,20.59,100,2022-02-18 17:47:00,LESL
20.61,20.62,20.61,20.62,806,2022-02-18 17:48:00,LESL
20.62,20.62,20.605,20.61,1557,2022-02-18 17:49:00,LESL
20.6,20.61,20.6,20.61,1101,2022-02-18 17:50:00,LESL
20.61,20.61,20.59,20.59,400,2022-02-18 17:51:00,LESL
20.6,20.63,20.6,20.63,1202,2022-02-18 17:52:00,LESL
20.63,20.63,20.63,20.63,500,2022-02-18 17:53:00,LESL
20.61,20.61,20.579,20.585,3861,2022-02-18 17:54:00,LESL
20.58,20.58,20.56,20.56,900,2022-02-18 17:55:00,LESL
20.58,20.6,20.58,20.6,725,2022-02-18 17:56:00,LESL
20.609,20.61,20.59,20.59,921,2022-02-18 17:57:00,LESL
20.61,20.61,20.61,20.61,665,2022-02-18 17:58:00,LESL
20.6,20.6,20.6,20.6,600,2022-02-18 17:59:00,LESL
20.61,20.615,20.6,20.61,800,2022-02-18 18:00:00,LESL
20.61,20.639,20.61,20.63,1251,2022-02-18 18:01:00,LESL
20.62,20.62,20.62,20.62,145,2022-02-18 18:02:00,LESL
20.63,20.65,20.63,20.65,600,2022-02-18 18:03:00,LESL
20.64,20.64,20.64,20.64,100,2022-02-18 18:04:00,LESL
20.62,20.62,20.615,20.615,200,2022-02-18 18:06:00,LESL
20.63,20.635,20.62,20.635,2207,2022-02-18 18:07:00,LESL
20.63,20.63,20.63,20.63,500,2022-02-18 18:08:00,LESL
20.61,20.61,20.6,20.6,400,2022-02-18 18:09:00,LESL
20.61,20.62,20.605,20.61,600,2022-02-18 18:10:00,LESL
20.62,20.62,20.6,20.6,800,2022-02-18 18:11:00,LESL
20.59,20.595,20.59,20.595,1000,2022-02-18 18:13:00,LESL
20.585,20.585,20.57,20.57,1963,2022-02-18 18:14:00,LESL
20.56,20.57,20.56,20.56,570,2022-02-18 18:15:00,LESL
20.57,20.57,20.56,20.56,500,2022-02-18 18:16:00,LESL
20.57,20.57,20.55,20.56,1521,2022-02-18 18:17:00,LESL
20.55,20.575,20.55,20.575,1550,2022-02-18 18:18:00,LESL
20.58,20.58,20.57,20.57,8787,2022-02-18 18:19:00,LESL
20.58,20.59,20.58,20.59,1654,2022-02-18 18:20:00,LESL
20.59,20.61,20.59,20.61,882,2022-02-18 18:21:00,LESL
20.615,20.64,20.615,20.64,1334,2022-02-18 18:22:00,LESL
20.64,20.65,20.64,20.65,925,2022-02-18 18:23:00,LESL
20.66,20.69,20.66,20.685,1600,2022-02-18 18:24:00,LESL
20.68,20.68,20.68,20.68,900,2022-02-18 18:25:00,LESL
20.68,20.68,20.67,20.67,300,2022-02-18 18:26:00,LESL
20.64,20.64,20.64,20.64,100,2022-02-18 18:27:00,LESL
20.65,20.655,20.63,20.63,2026,2022-02-18 18:28:00,LESL
20.61,20.61,20.6,20.6,200,2022-02-18 18:29:00,LESL
20.6,20.6,20.6,20.6,100,2022-02-18 18:30:00,LESL
20.61,20.63,20.61,20.63,1385,2022-02-18 18:31:00,LESL
20.62,20.62,20.61,20.62,300,2022-02-18 18:32:00,LESL
20.62,20.62,20.62,20.62,400,2022-02-18 18:33:00,LESL
20.63,20.65,20.63,20.65,1124,2022-02-18 18:34:00,LESL
20.64,20.64,20.6039,20.61,1700,2022-02-18 18:35:00,LESL
20.63,20.65,20.63,20.65,1263,2022-02-18 18:36:00,LESL
20.65,20.65,20.65,20.65,500,2022-02-18 18:37:00,LESL
20.65,20.67,20.65,20.67,500,2022-02-18 18:38:00,LESL
20.66,20.705,20.66,20.7,1692,2022-02-18 18:39:00,LESL
20.7,20.7,20.68,20.68,500,2022-02-18 18:40:00,LESL
20.69,20.69,20.69,20.69,200,2022-02-18 18:41:00,LESL
20.68,20.69,20.6612,20.68,7049,2022-02-18 18:42:00,LESL
20.7,20.725,20.7,20.72,1100,2022-02-18 18:43:00,LESL
20.725,20.735,20.725,20.735,1234,2022-02-18 18:44:00,LESL
20.74,20.75,20.74,20.75,400,2022-02-18 18:45:00,LESL
20.75,20.79,20.75,20.79,1300,2022-02-18 18:46:00,LESL
20.79,20.82,20.79,20.805,2500,2022-02-18 18:47:00,LESL
20.8,20.8,20.79,20.8,1500,2022-02-18 18:48:00,LESL
20.8,20.8,20.79,20.8,1400,2022-02-18 18:49:00,LESL
20.8,20.825,20.795,20.825,966,2022-02-18 18:50:00,LESL
20.83,20.84,20.83,20.84,300,2022-02-18 18:51:00,LESL
20.82,20.82,20.82,20.82,900,2022-02-18 18:52:00,LESL
20.79,20.82,20.79,20.82,2900,2022-02-18 18:54:00,LESL
20.82,20.82,20.81,20.81,1500,2022-02-18 18:55:00,LESL
20.8,20.8,20.79,20.79,400,2022-02-18 18:57:00,LESL
20.795,20.81,20.79,20.81,1212,2022-02-18 18:58:00,LESL
20.81,20.81,20.81,20.81,1239,2022-02-18 18:59:00,LESL
20.8,20.8,20.8,20.8,400,2022-02-18 19:00:00,LESL
20.79,20.86,20.78,20.86,3561,2022-02-18 19:01:00,LESL
20.85,20.85,20.85,20.85,300,2022-02-18 19:02:00,LESL
20.84,20.85,20.84,20.85,1000,2022-02-18 19:03:00,LESL
20.84,20.84,20.825,20.825,600,2022-02-18 19:04:00,LESL
20.835,20.86,20.835,20.85,1656,2022-02-18 19:05:00,LESL
20.83,20.83,20.79,20.8,834,2022-02-18 19:06:00,LESL
20.8,20.82,20.8,20.81,1745,2022-02-18 19:07:00,LESL
20.82,20.82,20.82,20.82,200,2022-02-18 19:08:00,LESL
20.8,20.8,20.795,20.795,500,2022-02-18 19:09:00,LESL
20.78,20.795,20.78,20.79,2276,2022-02-18 19:10:00,LESL
20.79,20.79,20.79,20.79,300,2022-02-18 19:11:00,LESL
20.79,20.8,20.79,20.795,2412,2022-02-18 19:12:00,LESL
20.7954,20.805,20.7954,20.8,1002,2022-02-18 19:13:00,LESL
20.8,20.8,20.8,20.8,200,2022-02-18 19:14:00,LESL
20.795,20.81,20.795,20.81,1571,2022-02-18 19:15:00,LESL
20.82,20.85,20.82,20.85,1044,2022-02-18 19:16:00,LESL
20.835,20.835,20.835,20.835,200,2022-02-18 19:17:00,LESL
20.85,20.855,20.85,20.855,600,2022-02-18 19:18:00,LESL
20.85,20.86,20.8444,20.8444,1000,2022-02-18 19:19:00,LESL
20.86,20.87,20.86,20.87,1988,2022-02-18 19:20:00,LESL
20.88,20.89,20.88,20.89,200,2022-02-18 19:21:00,LESL
20.89,20.9,20.89,20.895,2419,2022-02-18 19:22:00,LESL
20.895,20.915,20.895,20.915,758,2022-02-18 19:23:00,LESL
20.93,20.9322,20.93,20.9322,700,2022-02-18 19:24:00,LESL
20.94,20.94,20.94,20.94,300,2022-02-18 19:25:00,LESL
20.94,20.94,20.94,20.94,1000,2022-02-18 19:26:00,LESL
20.94,20.94,20.94,20.94,3207,2022-02-18 19:27:00,LESL
20.95,20.965,20.95,20.965,1710,2022-02-18 19:28:00,LESL
20.96,20.96,20.96,20.96,100,2022-02-18 19:29:00,LESL
20.96,20.98,20.96,20.98,1595,2022-02-18 19:30:00,LESL
20.96,20.98,20.955,20.98,1832,2022-02-18 19:31:00,LESL
20.985,20.99,20.98,20.99,1532,2022-02-18 19:32:00,LESL
20.985,21.0,20.985,20.99,2283,2022-02-18 19:33:00,LESL
20.99,21.0,20.98,20.98,1487,2022-02-18 19:34:00,LESL
20.97,20.98,20.95,20.98,1300,2022-02-18 19:35:00,LESL
20.98,20.98,20.9636,20.9636,1022,2022-02-18 19:36:00,LESL
20.975,20.975,20.97,20.97,992,2022-02-18 19:37:00,LESL
20.97,20.97,20.94,20.95,1132,2022-02-18 19:38:00,LESL
20.945,20.945,20.92,20.925,2194,2022-02-18 19:39:00,LESL
20.94,20.94,20.925,20.925,6500,2022-02-18 19:40:00,LESL
20.92,20.945,20.91,20.945,3182,2022-02-18 19:41:00,LESL
20.94,20.95,20.94,20.94,3400,2022-02-18 19:42:00,LESL
20.95,20.95,20.95,20.95,100,2022-02-18 19:43:00,LESL
20.94,20.94,20.92,20.93,700,2022-02-18 19:44:00,LESL
20.92,20.935,20.92,20.93,825,2022-02-18 19:45:00,LESL
20.93,20.93,20.92,20.92,307,2022-02-18 19:46:00,LESL
20.92,20.92,20.91,20.91,1300,2022-02-18 19:47:00,LESL
20.905,20.915,20.905,20.91,1386,2022-02-18 19:48:00,LESL
20.905,20.91,20.885,20.885,1044,2022-02-18 19:49:00,LESL
20.87,20.88,20.85,20.87,3141,2022-02-18 19:50:00,LESL
20.87,20.875,20.87,20.875,400,2022-02-18 19:51:00,LESL
20.87,20.87,20.865,20.87,400,2022-02-18 19:53:00,LESL
20.87,20.92,20.87,20.91,3253,2022-02-18 19:54:00,LESL
20.93,20.96,20.93,20.95,1671,2022-02-18 19:55:00,LESL
20.95,20.95,20.95,20.95,100,2022-02-18 19:56:00,LESL
20.94,20.94,20.89,20.91,3163,2022-02-18 19:57:00,LESL
20.917,20.93,20.91,20.93,800,2022-02-18 19:58:00,LESL
20.94,20.94,20.94,20.94,100,2022-02-18 19:59:00,LESL
20.94,20.95,20.93,20.94,900,2022-02-18 20:00:00,LESL
20.94,20.94,20.94,20.94,100,2022-02-18 20:01:00,LESL
20.95,20.97,20.95,20.97,1404,2022-02-18 20:02:00,LESL
20.97,20.98,20.96,20.96,600,2022-02-18 20:03:00,LESL
20.94,20.95,20.93,20.93,1300,2022-02-18 20:04:00,LESL
20.93,20.945,20.93,20.94,1250,2022-02-18 20:05:00,LESL
20.935,20.935,20.89,20.89,1500,2022-02-18 20:06:00,LESL
20.89,20.89,20.86,20.86,400,2022-02-18 20:07:00,LESL
20.86,20.87,20.84,20.84,961,2022-02-18 20:08:00,LESL
20.855,20.88,20.855,20.88,1905,2022-02-18 20:09:00,LESL
20.875,20.9,20.875,20.9,2436,2022-02-18 20:10:00,LESL
20.89,20.89,20.88,20.89,600,2022-02-18 20:11:00,LESL
20.88,20.88,20.845,20.855,1442,2022-02-18 20:12:00,LESL
20.85,20.85,20.85,20.85,100,2022-02-18 20:13:00,LESL
20.85,20.855,20.845,20.855,1000,2022-02-18 20:14:00,LESL
20.85,20.88,20.85,20.88,3327,2022-02-18 20:15:00,LESL
20.869,20.88,20.8675,20.879,1034,2022-02-18 20:16:00,LESL
20.88,20.88,20.84,20.84,460,2022-02-18 20:17:00,LESL
20.845,20.845,20.835,20.84,1427,2022-02-18 20:18:00,LESL
20.83,20.83,20.79,20.8,3221,2022-02-18 20:19:00,LESL
20.79,20.815,20.79,20.81,1000,2022-02-18 20:20:00,LESL
20.82,20.82,20.79,20.79,1400,2022-02-18 20:21:00,LESL
20.78,20.78,20.77,20.775,900,2022-02-18 20:22:00,LESL
20.765,20.768,20.75,20.768,2448,2022-02-18 20:23:00,LESL
20.77,20.785,20.765,20.785,2955,2022-02-18 20:24:00,LESL
20.77,20.779,20.76,20.77,2200,2022-02-18 20:25:00,LESL
20.77,20.78,20.77,20.78,1539,2022-02-18 20:26:00,LESL
20.77,20.77,20.76,20.76,1974,2022-02-18 20:27:00,LESL
20.77,20.7983,20.77,20.7983,1576,2022-02-18 20:28:00,LESL
20.78,20.79,20.75,20.75,2286,2022-02-18 20:29:00,LESL
20.73,20.74,20.73,20.74,600,2022-02-18 20:30:00,LESL
20.74,20.74,20.72,20.7275,3638,2022-02-18 20:31:00,LESL
20.715,20.73,20.7,20.7,2353,2022-02-18 20:32:00,LESL
20.66,20.66,20.65,20.66,1928,2022-02-18 20:33:00,LESL
20.66,20.68,20.66,20.675,2637,2022-02-18 20:34:00,LESL
20.67,20.69,20.67,20.68,2575,2022-02-18 20:35:00,LESL
20.67,20.68,20.65,20.68,1992,2022-02-18 20:36:00,LESL
20.7,20.7,20.66,20.66,1358,2022-02-18 20:37:00,LESL
20.66,20.69,20.66,20.68,2000,2022-02-18 20:38:00,LESL
20.67,20.67,20.65,20.65,2200,2022-02-18 20:39:00,LESL
20.65,20.665,20.65,20.66,5078,2022-02-18 20:40:00,LESL
20.66,20.7,20.66,20.7,4514,2022-02-18 20:41:00,LESL
20.7,20.72,20.69,20.7099,4225,2022-02-18 20:42:00,LESL
20.69,20.7,20.68,20.7,6082,2022-02-18 20:43:00,LESL
20.7,20.71,20.7,20.708,2500,2022-02-18 20:44:00,LESL
20.72,20.742,20.72,20.72,3060,2022-02-18 20:45:00,LESL
20.71,20.71,20.68,20.69,4413,2022-02-18 20:46:00,LESL
20.68,20.72,20.68,20.71,1579,2022-02-18 20:47:00,LESL
20.71,20.72,20.69,20.7,2400,2022-02-18 20:48:00,LESL
20.7,20.7301,20.7,20.7266,1796,2022-02-18 20:49:00,LESL
20.72,20.72,20.7,20.71,7495,2022-02-18 20:50:00,LESL
20.7,20.71,20.675,20.675,6439,2022-02-18 20:51:00,LESL
20.675,20.675,20.66,20.67,6600,2022-02-18 20:52:00,LESL
20.67,20.68,20.665,20.67,2600,2022-02-18 20:53:00,LESL
20.67,20.69,20.66,20.69,7234,2022-02-18 20:54:00,LESL
20.695,20.71,20.68,20.68,6391,2022-02-18 20:55:00,LESL
20.68,20.71,20.67,20.71,12376,2022-02-18 20:56:00,LESL
20.7,20.7,20.69,20.7,5239,2022-02-18 20:57:00,LESL
20.69,20.71,20.69,20.7,14772,2022-02-18 20:58:00,LESL
20.705,20.71,20.69,20.7,12101,2022-02-18 20:59:00,LESL
20.7,20.7,20.7,20.7,90616,2022-02-18 21:00:00,LESL
20.7,20.7,20.7,20.7,2329,2022-02-18 21:01:00,LESL
20.51,20.51,20.51,20.51,100,2022-02-22 12:18:00,LESL
20.66,20.69,20.58,20.62,7433,2022-02-22 14:30:00,LESL
20.54,20.55,20.38,20.44,1400,2022-02-22 14:31:00,LESL
20.47,20.505,20.46,20.48,721,2022-02-22 14:32:00,LESL
20.49,20.49,20.49,20.49,100,2022-02-22 14:33:00,LESL
20.49,20.49,20.451,20.451,283,2022-02-22 14:34:00,LESL
20.45,20.45,20.36,20.4,400,2022-02-22 14:35:00,LESL
20.415,20.45,20.415,20.45,400,2022-02-22 14:36:00,LESL
20.46,20.46,20.46,20.46,100,2022-02-22 14:37:00,LESL
20.43,20.45,20.43,20.45,400,2022-02-22 14:38:00,LESL
20.46,20.53,20.46,20.53,400,2022-02-22 14:40:00,LESL
20.57,20.6,20.57,20.6,900,2022-02-22 14:41:00,LESL
20.56,20.61,20.52,20.55,1404,2022-02-22 14:42:00,LESL
20.559,20.56,20.559,20.56,200,2022-02-22 14:43:00,LESL
20.53,20.53,20.53,20.53,100,2022-02-22 14:44:00,LESL
20.5005,20.5005,20.48,20.48,578,2022-02-22 14:45:00,LESL
20.44,20.44,20.44,20.44,100,2022-02-22 14:46:00,LESL
20.49,20.52,20.47,20.5,2065,2022-02-22 14:47:00,LESL
20.55,20.55,20.53,20.53,1000,2022-02-22 14:49:00,LESL
20.545,20.545,20.46,20.48,1140,2022-02-22 14:50:00,LESL
20.53,20.61,20.525,20.61,5017,2022-02-22 14:53:00,LESL
20.61,20.63,20.6,20.63,1300,2022-02-22 14:54:00,LESL
20.64,20.7,20.64,20.67,1300,2022-02-22 14:55:00,LESL
20.65,20.65,20.62,20.62,500,2022-02-22 14:56:00,LESL
20.62,20.62,20.6,20.603,865,2022-02-22 14:57:00,LESL
20.61,20.62,20.591,20.62,1722,2022-02-22 14:58:00,LESL
20.615,20.615,20.56,20.58,1381,2022-02-22 14:59:00,LESL
20.57,20.57,20.55,20.55,400,2022-02-22 15:00:00,LESL
20.505,20.52,20.463,20.463,3160,2022-02-22 15:01:00,LESL
20.47,20.47,20.39,20.39,4800,2022-02-22 15:02:00,LESL
20.39,20.41,20.36,20.37,5338,2022-02-22 15:03:00,LESL
20.38,20.4,20.36,20.399,5301,2022-02-22 15:04:00,LESL
20.4,20.43,20.4,20.42,4316,2022-02-22 15:05:00,LESL
20.4,20.4,20.37,20.37,2184,2022-02-22 15:06:00,LESL
20.35,20.36,20.34,20.35,700,2022-02-22 15:07:00,LESL
20.37,20.4,20.365,20.4,2650,2022-02-22 15:08:00,LESL
20.39,20.399,20.37,20.37,3255,2022-02-22 15:09:00,LESL
20.36,20.36,20.35,20.355,400,2022-02-22 15:10:00,LESL
20.37,20.4897,20.37,20.4897,3492,2022-02-22 15:12:00,LESL
20.485,20.485,20.485,20.485,100,2022-02-22 15:13:00,LESL
20.485,20.485,20.465,20.465,1704,2022-02-22 15:14:00,LESL
20.465,20.58,20.465,20.55,21616,2022-02-22 15:15:00,LESL
20.58,20.59,20.57,20.59,400,2022-02-22 15:16:00,LESL
20.58,20.58,20.57,20.58,300,2022-02-22 15:17:00,LESL
20.58,20.599,20.58,20.599,200,2022-02-22 15:18:00,LESL
20.6,20.64,20.59,20.61,3733,2022-02-22 15:19:00,LESL
20.61,20.61,20.585,20.585,500,2022-02-22 15:20:00,LESL
20.6,20.61,20.6,20.61,1407,2022-02-22 15:21:00,LESL
20.62,20.68,20.62,20.68,700,2022-02-22 15:22:00,LESL
20.68,20.702,20.64,20.66,3505,2022-02-22 15:23:00,LESL
20.64,20.659,20.63,20.6543,3917,2022-02-22 15:24:00,LESL
20.65,20.65,20.63,20.63,600,2022-02-22 15:25:00,LESL
20.64,20.64,20.6,20.6,2163,2022-02-22 15:26:00,LESL
20.59,20.59,20.585,20.59,1600,2022-02-22 15:27:00,LESL
20.6,20.6,20.56,20.56,1834,2022-02-22 15:28:00,LESL
20.58,20.59,20.58,20.59,1431,2022-02-22 15:29:00,LESL
20.609,20.61,20.56,20.56,769,2022-02-22 15:30:00,LESL
20.55,20.57,20.55,20.57,5983,2022-02-22 15:31:00,LESL
20.58,20.58,20.57,20.57,400,2022-02-22 15:32:00,LESL
20.56,20.56,20.54,20.55,2420,2022-02-22 15:33:00,LESL
20.56,20.56,20.56,20.56,200,2022-02-22 15:34:00,LESL
20.565,20.565,20.5,20.515,1200,2022-02-22 15:35:00,LESL
20.53,20.53,20.49,20.49,3713,2022-02-22 15:36:00,LESL
20.49,20.5,20.46,20.5,2436,2022-02-22 15:37:00,LESL
20.53,20.54,20.51,20.54,1631,2022-02-22 15:38:00,LESL
20.51,20.51,20.43,20.43,1200,2022-02-22 15:39:00,LESL
20.41,20.42,20.41,20.41,1000,2022-02-22 15:40:00,LESL
20.41,20.41,20.34,20.35,6050,2022-02-22 15:41:00,LESL
20.349,20.39,20.34,20.34,4023,2022-02-22 15:42:00,LESL
20.335,20.4,20.335,20.38,2547,2022-02-22 15:43:00,LESL
20.385,20.39,20.34,20.34,1300,2022-02-22 15:44:00,LESL
20.36,20.37,20.357,20.37,3760,2022-02-22 15:45:00,LESL
20.345,20.345,20.29,20.29,800,2022-02-22 15:46:00,LESL
20.27,20.29,20.27,20.29,3307,2022-02-22 15:47:00,LESL
20.28,20.28,20.27,20.27,200,2022-02-22 15:48:00,LESL
20.27,20.29,20.25,20.2699,4700,2022-02-22 15:49:00,LESL
20.25,20.25,20.17,20.18,7900,2022-02-22 15:50:00,LESL
20.17,20.17,20.17,20.17,400,2022-02-22 15:51:00,LESL
20.18,20.18,20.15,20.177,3045,2022-02-22 15:52:00,LESL
20.16,20.18,20.16,20.175,3377,2022-02-22 15:53:00,LESL
20.16,20.17,20.14,20.16,5084,2022-02-22 15:54:00,LESL
20.14,20.15,20.115,20.15,2546,2022-02-22 15:56:00,LESL
20.15,20.2033,20.14,20.2,3587,2022-02-22 15:57:00,LESL
20.21,20.21,20.18,20.19,1520,2022-02-22 15:58:00,LESL
20.15,20.16,20.14,20.16,1958,2022-02-22 15:59:00,LESL
20.17,20.2,20.17,20.2,2204,2022-02-22 16:00:00,LESL
20.18,20.19,20.17,20.19,2792,2022-02-22 16:01:00,LESL
20.17,20.17,20.17,20.17,368,2022-02-22 16:02:00,LESL
20.16,20.17,20.15,20.17,2097,2022-02-22 16:03:00,LESL
20.17,20.17,20.15,20.17,2297,2022-02-22 16:04:00,LESL
20.16,20.19,20.16,20.17,1416,2022-02-22 16:05:00,LESL
20.16,20.16,20.13,20.14,2900,2022-02-22 16:06:00,LESL
20.14,20.14,20.14,20.14,200,2022-02-22 16:07:00,LESL
20.11,20.119,20.105,20.119,1000,2022-02-22 16:08:00,LESL
20.1,20.1,20.085,20.095,1900,2022-02-22 16:09:00,LESL
20.07,20.09,20.07,20.08,1300,2022-02-22 16:10:00,LESL
20.09,20.12,20.09,20.1,3348,2022-02-22 16:11:00,LESL
20.1,20.1,20.09,20.1,1302,2022-02-22 16:12:00,LESL
20.11,20.11,20.07,20.07,600,2022-02-22 16:13:00,LESL
20.05,20.09,20.05,20.09,6165,2022-02-22 16:14:00,LESL
20.06,20.06,20.01,20.01,3997,2022-02-22 16:15:00,LESL
20.01,20.01,19.96,19.96,2869,2022-02-22 16:16:00,LESL
19.96,19.99,19.96,19.99,2590,2022-02-22 16:17:00,LESL
19.999,20.04,19.999,20.04,2676,2022-02-22 16:18:00,LESL
20.02,20.02,20.01,20.02,1359,2022-02-22 16:19:00,LESL
20.02,20.02,19.99,19.99,1844,2022-02-22 16:20:00,LESL
19.98,20.0,19.98,19.99,2255,2022-02-22 16:21:00,LESL
20.01,20.05,20.0,20.05,6386,2022-02-22 16:22:00,LESL
20.04,20.04,20.04,20.04,200,2022-02-22 16:23:00,LESL
20.04,20.05,20.03,20.05,300,2022-02-22 16:24:00,LESL
20.04,20.04,20.04,20.04,100,2022-02-22 16:25:00,LESL
20.04,20.09,20.04,20.08,2935,2022-02-22 16:26:00,LESL
20.13,20.13,20.09,20.09,2259,2022-02-22 16:27:00,LESL
20.09,20.09,20.04,20.04,560,2022-02-22 16:28:00,LESL
20.04,20.068,20.03,20.04,5308,2022-02-22 16:29:00,LESL
20.04,20.09,20.04,20.09,1100,2022-02-22 16:30:00,LESL
20.07,20.07,20.07,20.07,200,2022-02-22 16:31:00,LESL
20.06,20.09,20.06,20.075,879,2022-02-22 16:32:00,LESL
20.07,20.11,20.07,20.1,1510,2022-02-22 16:33:00,LESL
20.09,20.09,20.07,20.09,2875,2022-02-22 16:34:00,LESL
20.09,20.09,20.06,20.06,730,2022-02-22 16:35:00,LESL
20.05,20.05,20.03,20.03,500,2022-02-22 16:36:00,LESL
20.04,20.07,20.04,20.07,5485,2022-02-22 16:37:00,LESL
20.07,20.08,20.0669,20.07,2182,2022-02-22 16:38:00,LESL
20.069,20.07,20.06,20.06,600,2022-02-22 16:39:00,LESL
20.06,20.06,20.03,20.03,1222,2022-02-22 16:40:00,LESL
20.04,20.05,20.035,20.05,1100,2022-02-22 16:41:00,LESL
20.05,20.07,20.035,20.045,5828,2022-02-22 16:42:00,LESL
20.04,20.07,20.04,20.07,2037,2022-02-22 16:43:00,LESL
20.05,20.05,20.02,20.02,2400,2022-02-22 16:44:00,LESL
20.01,20.01,19.98,19.98,500,2022-02-22 16:45:00,LESL
19.971,19.98,19.971,19.98,1504,2022-02-22 16:46:00,LESL
19.98,19.98,19.97,19.97,700,2022-02-22 16:47:00,LESL
19.97,20.015,19.97,20.01,2063,2022-02-22 16:48:00,LESL
20.01,20.01,19.99,19.99,1490,2022-02-22 16:49:00,LESL
19.98,20.01,19.98,19.99,3280,2022-02-22 16:50:00,LESL
19.97,19.97,19.97,19.97,300,2022-02-22 16:51:00,LESL
19.95,19.975,19.95,19.975,883,2022-02-22 16:52:00,LESL
19.94,19.94,19.915,19.915,1313,2022-02-22 16:53:00,LESL
19.915,19.9232,19.915,19.915,700,2022-02-22 16:54:00,LESL
19.91,19.95,19.91,19.95,4170,2022-02-22 16:55:00,LESL
19.96,19.96,19.96,19.96,253,2022-02-22 16:56:00,LESL
19.96,19.9625,19.955,19.955,1091,2022-02-22 16:57:00,LESL
19.95,19.97,19.945,19.965,2679,2022-02-22 16:58:00,LESL
19.96,19.98,19.95,19.975,3888,2022-02-22 16:59:00,LESL
19.97,19.97,19.91,19.92,2014,2022-02-22 17:00:00,LESL
19.92,19.92,19.92,19.92,200,2022-02-22 17:01:00,LESL
19.92,19.98,19.92,19.98,2381,2022-02-22 17:02:00,LESL
19.975,19.975,19.975,19.975,500,2022-02-22 17:03:00,LESL
19.98,19.98,19.965,19.965,900,2022-02-22 17:04:00,LESL
19.97,20.0,19.97,20.0,2404,2022-02-22 17:05:00,LESL
19.99,19.99,19.99,19.99,300,2022-02-22 17:06:00,LESL
19.999,20.0,19.979,19.98,1454,2022-02-22 17:07:00,LESL
20.0,20.0,19.98,19.98,2764,2022-02-22 17:08:00,LESL
19.99,19.99,19.95,19.985,3864,2022-02-22 17:09:00,LESL
19.99,19.99,19.96,19.96,1254,2022-02-22 17:10:00,LESL
19.945,19.945,19.93,19.93,400,2022-02-22 17:11:00,LESL
19.94,19.94,19.931,19.931,200,2022-02-22 17:12:00,LESL
19.92,19.92,19.91,19.915,1800,2022-02-22 17:13:00,LESL
19.9,19.9,19.83,19.84,4064,2022-02-22 17:14:00,LESL
19.85,19.87,19.85,19.85,2100,2022-02-22 17:15:00,LESL
19.86,19.87,19.86,19.86,2016,2022-02-22 17:16:00,LESL
19.867,19.867,19.86,19.865,945,2022-02-22 17:17:00,LESL
19.86,19.86,19.85,19.85,1700,2022-02-22 17:18:00,LESL
19.84,19.84,19.81,19.81,600,2022-02-22 17:19:00,LESL
19.83,19.865,19.82,19.865,2500,2022-02-22 17:20:00,LESL
19.87,19.88,19.86,19.86,2064,2022-02-22 17:21:00,LESL
19.86,19.86,19.86,19.86,730,2022-02-22 17:22:00,LESL
19.87,19.9,19.87,19.89,1609,2022-02-22 17:23:00,LESL
19.88,19.885,19.88,19.88,333,2022-02-22 17:25:00,LESL
19.885,19.917,19.885,19.915,1556,2022-02-22 17:26:00,LESL
19.915,19.93,19.91,19.92,1767,2022-02-22 17:27:00,LESL
19.92,19.9201,19.915,19.9201,2284,2022-02-22 17:28:00,LESL
19.91,19.91,19.87,19.87,1852,2022-02-22 17:29:00,LESL
19.8716,19.8716,19.83,19.845,1200,2022-02-22 17:30:00,LESL
19.858,19.86,19.84,19.84,1124,2022-02-22 17:31:00,LESL
19.84,19.85,19.83,19.84,1400,2022-02-22 17:32:00,LESL
19.82,19.82,19.81,19.81,401,2022-02-22 17:33:00,LESL
19.8,19.81,19.795,19.81,1612,2022-02-22 17:34:00,LESL
19.801,19.84,19.801,19.84,1376,2022-02-22 17:35:00,LESL
19.84,19.84,19.84,19.84,200,2022-02-22 17:36:00,LESL
19.84,19.86,19.84,19.86,3875,2022-02-22 17:37:00,LESL
19.855,19.86,19.85,19.86,2718,2022-02-22 17:38:00,LESL
19.87,19.88,19.87,19.87,400,2022-02-22 17:39:00,LESL
19.86,19.86,19.84,19.85,2600,2022-02-22 17:40:00,LESL
19.86,19.86,19.86,19.86,1100,2022-02-22 17:41:00,LESL
19.87,19.895,19.87,19.87,1600,2022-02-22 17:42:00,LESL
19.87,19.875,19.87,19.875,2199,2022-02-22 17:43:00,LESL
19.88,19.895,19.87,19.87,900,2022-02-22 17:44:00,LESL
19.88,19.89,19.88,19.89,3100,2022-02-22 17:45:00,LESL
19.87,19.87,19.79,19.81,7070,2022-02-22 17:46:00,LESL
19.81,19.84,19.81,19.8271,2879,2022-02-22 17:47:00,LESL
19.83,19.83,19.81,19.82,1000,2022-02-22 17:48:00,LESL
19.83,19.835,19.81,19.83,1583,2022-02-22 17:49:00,LESL
19.83,19.86,19.83,19.86,800,2022-02-22 17:50:00,LESL
19.86,19.88,19.86,19.88,1800,2022-02-22 17:51:00,LESL
19.885,19.885,19.87,19.87,1000,2022-02-22 17:52:00,LESL
19.88,19.88,19.88,19.88,464,2022-02-22 17:53:00,LESL
19.88,19.9,19.88,19.9,4608,2022-02-22 17:54:00,LESL
19.91,19.915,19.8718,19.8718,1997,2022-02-22 17:55:00,LESL
19.88,19.88,19.84,19.855,3804,2022-02-22 17:56:00,LESL
19.86,19.86,19.86,19.86,100,2022-02-22 17:57:00,LESL
19.86,19.899,19.86,19.899,4200,2022-02-22 17:59:00,LESL
19.9,19.91,19.9,19.91,536,2022-02-22 18:00:00,LESL
19.91,19.91,19.88,19.88,1800,2022-02-22 18:01:00,LESL
19.87,19.88,19.85,19.86,1400,2022-02-22 18:02:00,LESL
19.88,19.89,19.88,19.89,300,2022-02-22 18:03:00,LESL
19.89,19.9,19.89,19.9,400,2022-02-22 18:04:00,LESL
19.9,19.92,19.9,19.91,700,2022-02-22 18:05:00,LESL
19.92,19.93,19.91,19.93,1671,2022-02-22 18:06:00,LESL
19.91,19.91,19.91,19.91,534,2022-02-22 18:07:00,LESL
19.91,19.96,19.91,19.96,3469,2022-02-22 18:08:00,LESL
19.96,19.96,19.9442,19.959,400,2022-02-22 18:09:00,LESL
19.97,20.0,19.97,19.99,1010,2022-02-22 18:10:00,LESL
19.98,19.98,19.97,19.97,1000,2022-02-22 18:11:00,LESL
19.97,19.98,19.97,19.98,400,2022-02-22 18:12:00,LESL
19.989,19.989,19.955,19.955,500,2022-02-22 18:13:00,LESL
19.94,19.95,19.925,19.9285,2206,2022-02-22 18:14:00,LESL
19.93,19.94,19.91,19.93,3838,2022-02-22 18:15:00,LESL
19.9,19.91,19.875,19.875,3323,2022-02-22 18:16:00,LESL
19.88,19.89,19.87,19.89,1300,2022-02-22 18:17:00,LESL
19.89,19.91,19.89,19.9099,732,2022-02-22 18:18:00,LESL
19.91,19.919,19.9,19.9,1700,2022-02-22 18:19:00,LESL
19.9,19.9,19.9,19.9,100,2022-02-22 18:20:00,LESL
19.89,19.905,19.88,19.88,2036,2022-02-22 18:21:00,LESL
19.89,19.9,19.87,19.87,1945,2022-02-22 18:22:00,LESL
19.88,19.88,19.88,19.88,200,2022-02-22 18:23:00,LESL
19.87,19.895,19.865,19.895,1500,2022-02-22 18:24:00,LESL
19.89,19.89,19.87,19.88,400,2022-02-22 18:25:00,LESL
19.88,19.88,19.87,19.88,1498,2022-02-22 18:26:00,LESL
19.88,19.9,19.86,19.86,8141,2022-02-22 18:27:00,LESL
19.86,19.865,19.84,19.85,2660,2022-02-22 18:28:00,LESL
19.85,19.88,19.85,19.88,3996,2022-02-22 18:29:00,LESL
19.88,19.89,19.855,19.88,4300,2022-02-22 18:30:00,LESL
19.88,19.895,19.88,19.895,300,2022-02-22 18:31:00,LESL
19.89,19.9,19.89,19.9,400,2022-02-22 18:32:00,LESL
19.9,19.9,19.9,19.9,300,2022-02-22 18:33:00,LESL
19.91,19.92,19.9,19.9,1333,2022-02-22 18:34:00,LESL
19.89,19.9,19.88,19.89,3300,2022-02-22 18:35:00,LESL
19.89,19.91,19.89,19.91,1404,2022-02-22 18:36:00,LESL
19.91,19.93,19.91,19.93,1200,2022-02-22 18:37:00,LESL
19.925,19.935,19.91,19.93,2000,2022-02-22 18:38:00,LESL
19.93,19.93,19.88,19.88,1300,2022-02-22 18:39:00,LESL
19.885,19.89,19.885,19.89,300,2022-02-22 18:40:00,LESL
19.88,19.88,19.85,19.87,2702,2022-02-22 18:41:00,LESL
19.85,19.86,19.84,19.85,1400,2022-02-22 18:42:00,LESL
19.84,19.845,19.8382,19.84,780,2022-02-22 18:43:00,LESL
19.84,19.85,19.83,19.84,2144,2022-02-22 18:44:00,LESL
19.835,19.84,19.83,19.835,1822,2022-02-22 18:45:00,LESL
19.84,19.87,19.82,19.82,31975,2022-02-22 18:46:00,LESL
19.82,19.85,19.82,19.84,6148,2022-02-22 18:47:00,LESL
19.84,19.84,19.84,19.84,71152,2022-02-22 18:48:00,LESL
19.84,19.84,19.795,19.795,2188,2022-02-22 18:49:00,LESL
19.8,19.81,19.79,19.805,2284,2022-02-22 18:50:00,LESL
19.805,19.805,19.805,19.805,1288,2022-02-22 18:51:00,LESL
19.8,19.825,19.8,19.825,2416,2022-02-22 18:52:00,LESL
19.84,19.855,19.84,19.85,2160,2022-02-22 18:53:00,LESL
19.84,19.84,19.83,19.83,905,2022-02-22 18:54:00,LESL
19.84,19.85,19.8333,19.84,2423,2022-02-22 18:55:00,LESL
19.85,19.86,19.85,19.85,3612,2022-02-22 18:56:00,LESL
19.84,19.85,19.82,19.82,4302,2022-02-22 18:57:00,LESL
19.83,19.83,19.83,19.83,1000,2022-02-22 18:58:00,LESL
19.82,19.84,19.82,19.84,4656,2022-02-22 18:59:00,LESL
19.82,19.825,19.79,19.8,3091,2022-02-22 19:00:00,LESL
19.78,19.83,19.78,19.83,3634,2022-02-22 19:01:00,LESL
19.82,19.84,19.82,19.835,974,2022-02-22 19:02:00,LESL
19.83,19.84,19.83,19.84,800,2022-02-22 19:03:00,LESL
19.84,19.87,19.84,19.8694,1373,2022-02-22 19:04:00,LESL
19.88,19.89,19.825,19.825,5500,2022-02-22 19:05:00,LESL
19.8,19.83,19.8,19.83,2859,2022-02-22 19:06:00,LESL
19.83,19.85,19.8,19.82,3646,2022-02-22 19:07:00,LESL
19.82,19.82,19.79,19.79,2700,2022-02-22 19:08:00,LESL
19.79,19.805,19.79,19.79,1035,2022-02-22 19:09:00,LESL
19.79,19.79,19.79,19.79,300,2022-02-22 19:10:00,LESL
19.79,19.8,19.78,19.78,2018,2022-02-22 19:11:00,LESL
19.78,19.8,19.78,19.8,400,2022-02-22 19:12:00,LESL
19.805,19.85,19.805,19.845,8998,2022-02-22 19:13:00,LESL
19.84,19.84,19.8,19.8,1400,2022-02-22 19:14:00,LESL
19.8,19.8,19.73,19.78,7950,2022-02-22 19:15:00,LESL
19.78,19.78,19.66,19.66,5681,2022-02-22 19:16:00,LESL
19.66,19.71,19.66,19.7,6493,2022-02-22 19:17:00,LESL
19.69,19.7,19.68,19.69,900,2022-02-22 19:18:00,LESL
19.69,19.69,19.67,19.68,900,2022-02-22 19:19:00,LESL
19.69,19.705,19.67,19.67,6812,2022-02-22 19:20:00,LESL
19.67,19.67,19.63,19.63,822,2022-02-22 19:21:00,LESL
19.6436,19.6436,19.6,19.6,1706,2022-02-22 19:22:00,LESL
19.58,19.58,19.56,19.57,900,2022-02-22 19:23:00,LESL
19.57,19.59,19.55,19.55,4804,2022-02-22 19:24:00,LESL
19.56,19.76,19.56,19.68,35550,2022-02-22 19:25:00,LESL
19.69,19.69,19.66,19.69,1105,2022-02-22 19:26:00,LESL
19.7,19.7,19.67,19.677,2122,2022-02-22 19:27:00,LESL
19.68,19.68,19.62,19.62,800,2022-02-22 19:28:00,LESL
19.61,19.67,19.61,19.67,1819,2022-02-22 19:29:00,LESL
19.68,19.68,19.65,19.66,4804,2022-02-22 19:30:00,LESL
19.67,19.71,19.67,19.71,1340,2022-02-22 19:31:00,LESL
19.73,19.795,19.73,19.795,2200,2022-02-22 19:32:00,LESL
19.795,19.795,19.72,19.725,2278,2022-02-22 19:33:00,LESL
19.725,19.73,19.72,19.73,1200,2022-02-22 19:34:00,LESL
19.72,19.75,19.71,19.75,1070,2022-02-22 19:35:00,LESL
19.74,19.75,19.71,19.74,2753,2022-02-22 19:36:00,LESL
19.74,19.76,19.74,19.76,800,2022-02-22 19:37:00,LESL
19.75,19.76,19.74,19.743,2199,2022-02-22 19:38:00,LESL
19.72,19.72,19.7,19.7,1099,2022-02-22 19:39:00,LESL
19.71,19.715,19.71,19.715,1148,2022-02-22 19:40:00,LESL
19.72,19.735,19.71,19.73,6074,2022-02-22 19:41:00,LESL
19.71,19.71,19.7,19.7,400,2022-02-22 19:42:00,LESL
19.685,19.685,19.67,19.67,1524,2022-02-22 19:43:00,LESL
19.67,19.68,19.65,19.65,2309,2022-02-22 19:44:00,LESL
19.65,19.655,19.63,19.655,2793,2022-02-22 19:45:00,LESL
19.67,19.67,19.64,19.64,970,2022-02-22 19:46:00,LESL
19.6419,19.66,19.64,19.66,1503,2022-02-22 19:47:00,LESL
19.67,19.71,19.67,19.71,2334,2022-02-22 19:48:00,LESL
19.73,19.75,19.73,19.75,1799,2022-02-22 19:49:00,LESL
19.77,19.785,19.75,19.77,1700,2022-02-22 19:50:00,LESL
19.76,19.7799,19.76,19.7799,1000,2022-02-22 19:51:00,LESL
19.78,19.805,19.78,19.805,2104,2022-02-22 19:52:00,LESL
19.82,19.86,19.81,19.86,1800,2022-02-22 19:53:00,LESL
19.85,19.86,19.84,19.845,2450,2022-02-22 19:54:00,LESL
19.88,19.89,19.87,19.88,1899,2022-02-22 19:55:00,LESL
19.88,19.9,19.88,19.9,700,2022-02-22 19:56:00,LESL
19.9,19.92,19.9,19.92,800,2022-02-22 19:57:00,LESL
19.91,19.92,19.89,19.92,2597,2022-02-22 19:58:00,LESL
19.92,19.92,19.9,19.9,1299,2022-02-22 19:59:00,LESL
19.92,19.92,19.9,19.92,1128,2022-02-22 20:00:00,LESL
19.93,19.95,19.92,19.94,2690,2022-02-22 20:01:00,LESL
19.95,19.98,19.95,19.98,1957,2022-02-22 20:02:00,LESL
19.985,20.0,19.985,19.99,1600,2022-02-22 20:03:00,LESL
19.99,20.0,19.98,20.0,1141,2022-02-22 20:04:00,LESL
19.995,20.005,19.985,20.005,2806,2022-02-22 20:05:00,LESL
20.01,20.03,20.01,20.03,3658,2022-02-22 20:06:00,LESL
20.03,20.039,20.01,20.02,2396,2022-02-22 20:08:00,LESL
20.02,20.02,19.95,19.95,2120,2022-02-22 20:09:00,LESL
19.96,19.995,19.96,19.986,2622,2022-02-22 20:10:00,LESL
20.0,20.01,20.0,20.01,2232,2022-02-22 20:11:00,LESL
20.0,20.01,19.989,20.01,2437,2022-02-22 20:12:00,LESL
20.01,20.045,20.01,20.02,1859,2022-02-22 20:13:00,LESL
19.99,19.99,19.96,19.965,1454,2022-02-22 20:14:00,LESL
19.97,19.98,19.96,19.97,4099,2022-02-22 20:15:00,LESL
19.97,19.98,19.93,19.97,3233,2022-02-22 20:16:00,LESL
19.995,19.995,19.93,19.93,1100,2022-02-22 20:17:00,LESL
19.92,19.96,19.905,19.915,6540,2022-02-22 20:18:00,LESL
19.92,19.94,19.92,19.94,3331,2022-02-22 20:19:00,LESL
19.945,19.945,19.92,19.92,1912,2022-02-22 20:20:00,LESL
19.94,19.96,19.92,19.92,2200,2022-02-22 20:21:00,LESL
19.92,19.93,19.91,19.93,2211,2022-02-22 20:22:00,LESL
19.92,19.92,19.88,19.88,2500,2022-02-22 20:23:00,LESL
19.87,19.9,19.87,19.9,3296,2022-02-22 20:24:00,LESL
19.89,19.91,19.88,19.88,1600,2022-02-22 20:25:00,LESL
19.89,19.899,19.88,19.88,1709,2022-02-22 20:26:00,LESL
19.88,19.91,19.88,19.9,5180,2022-02-22 20:27:00,LESL
19.91,19.93,19.91,19.91,2690,2022-02-22 20:28:00,LESL
19.91,19.94,19.9,19.92,4687,2022-02-22 20:29:00,LESL
19.91,19.91,19.83,19.86,6539,2022-02-22 20:30:00,LESL
19.86,19.865,19.855,19.86,2930,2022-02-22 20:31:00,LESL
19.8549,19.88,19.85,19.875,4516,2022-02-22 20:32:00,LESL
19.88,19.89,19.84,19.84,4134,2022-02-22 20:33:00,LESL
19.85,19.86,19.825,19.825,4355,2022-02-22 20:34:00,LESL
19.83,19.86,19.83,19.85,4996,2022-02-22 20:35:00,LESL
19.85,19.85,19.78,19.82,13114,2022-02-22 20:36:00,LESL
19.82,19.83,19.82,19.825,800,2022-02-22 20:37:00,LESL
19.825,19.825,19.78,19.78,5875,2022-02-22 20:38:00,LESL
19.775,19.82,19.775,19.82,5809,2022-02-22 20:39:00,LESL
19.825,19.825,19.79,19.8,3335,2022-02-22 20:40:00,LESL
19.79,19.83,19.79,19.82,4495,2022-02-22 20:41:00,LESL
19.81,19.81,19.78,19.79,6073,2022-02-22 20:42:00,LESL
19.775,19.8,19.76,19.8,2100,2022-02-22 20:43:00,LESL
19.78,19.789,19.77,19.785,6472,2022-02-22 20:44:00,LESL
19.79,19.79,19.73,19.74,9014,2022-02-22 20:45:00,LESL
19.745,19.755,19.72,19.735,3592,2022-02-22 20:46:00,LESL
19.73,19.7499,19.71,19.73,9572,2022-02-22 20:47:00,LESL
19.725,19.73,19.705,19.72,4100,2022-02-22 20:48:00,LESL
19.71,19.72,19.681,19.681,7500,2022-02-22 20:49:00,LESL
19.68,19.7,19.64,19.66,16306,2022-02-22 20:50:00,LESL
19.66,19.66,19.62,19.625,6188,2022-02-22 20:51:00,LESL
19.62,19.635,19.61,19.625,10182,2022-02-22 20:52:00,LESL
19.625,19.63,19.61,19.63,8166,2022-02-22 20:53:00,LESL
19.64,19.65,19.62,19.65,7023,2022-02-22 20:54:00,LESL
19.64,19.66,19.62,19.65,17897,2022-02-22 20:55:00,LESL
19.65,19.65,19.63,19.645,9760,2022-02-22 20:56:00,LESL
19.65,19.68,19.635,19.675,15691,2022-02-22 20:57:00,LESL
19.68,19.69,19.67,19.68,10026,2022-02-22 20:58:00,LESL
19.68,19.71,19.67,19.69,18732,2022-02-22 20:59:00,LESL
19.7,19.7,19.7,19.7,67079,2022-02-22 21:00:00,LESL
19.7,19.7,19.7,19.7,3269,2022-02-22 21:01:00,LESL
19.9,19.9,19.9,19.9,103,2022-02-22 21:39:00,LESL
19.7,19.82,19.7,19.82,200,2022-02-22 22:13:00,LESL
19.76,19.76,19.76,19.76,800,2022-02-23 14:29:00,LESL
19.75,20.09,19.74,19.85,9907,2022-02-23 14:30:00,LESL
19.86,19.92,19.86,19.92,500,2022-02-23 14:31:00,LESL
19.8546,19.86,19.8546,19.86,1580,2022-02-23 14:32:00,LESL
19.89,19.89,19.89,19.89,200,2022-02-23 14:35:00,LESL
19.865,19.865,19.865,19.865,500,2022-02-23 14:37:00,LESL
19.89,20.0,19.89,20.0,1900,2022-02-23 14:38:00,LESL
19.99,19.99,19.99,19.99,200,2022-02-23 14:39:00,LESL
19.99,20.03,19.975,20.03,2300,2022-02-23 14:40:00,LESL
20.05,20.05,20.015,20.015,1400,2022-02-23 14:41:00,LESL
20.05,20.05,19.97,20.0,4497,2022-02-23 14:42:00,LESL
20.005,20.02,19.99,20.005,1305,2022-02-23 14:43:00,LESL
19.9975,19.9975,19.94,19.9407,3103,2022-02-23 14:44:00,LESL
19.99,20.03,19.99,20.03,1400,2022-02-23 14:45:00,LESL
20.005,20.005,20.005,20.005,200,2022-02-23 14:46:00,LESL
19.99,20.02,19.99,19.995,900,2022-02-23 14:47:00,LESL
20.02,20.03,20.01,20.025,1850,2022-02-23 14:48:00,LESL
20.025,20.025,20.025,20.025,300,2022-02-23 14:49:00,LESL
19.99,20.02,19.95,19.96,1200,2022-02-23 14:50:00,LESL
19.94,19.94,19.93,19.93,400,2022-02-23 14:51:00,LESL
19.94,19.94,19.94,19.94,100,2022-02-23 14:52:00,LESL
19.935,19.945,19.9,19.9,1800,2022-02-23 14:53:00,LESL
19.87,19.87,19.825,19.825,2063,2022-02-23 14:54:00,LESL
19.8,19.8,19.78,19.78,400,2022-02-23 14:56:00,LESL
19.795,19.832,19.795,19.83,953,2022-02-23 14:57:00,LESL
19.84,19.84,19.84,19.84,500,2022-02-23 14:58:00,LESL
19.86,19.86,19.855,19.855,200,2022-02-23 14:59:00,LESL
19.84,19.84,19.78,19.78,2500,2022-02-23 15:00:00,LESL
19.76,19.77,19.72,19.72,2990,2022-02-23 15:01:00,LESL
19.7,19.71,19.65,19.65,2353,2022-02-23 15:02:00,LESL
19.67,19.69,19.67,19.69,1800,2022-02-23 15:03:00,LESL
19.71,19.72,19.695,19.695,1200,2022-02-23 15:04:00,LESL
19.68,19.68,19.64,19.64,1400,2022-02-23 15:05:00,LESL
19.645,19.645,19.6,19.6,200,2022-02-23 15:06:00,LESL
19.59,19.59,19.59,19.59,100,2022-02-23 15:07:00,LESL
19.59,19.59,19.56,19.565,1496,2022-02-23 15:08:00,LESL
19.56,19.6,19.56,19.6,2534,2022-02-23 15:09:00,LESL
19.62,19.62,19.62,19.62,100,2022-02-23 15:10:00,LESL
19.6,19.6,19.58,19.58,638,2022-02-23 15:11:00,LESL
19.6,19.61,19.6,19.61,1100,2022-02-23 15:12:00,LESL
19.63,19.63,19.57,19.57,3013,2022-02-23 15:14:00,LESL
19.56,19.58,19.54,19.54,1700,2022-02-23 15:15:00,LESL
19.53,19.53,19.5,19.5,4025,2022-02-23 15:16:00,LESL
19.49,19.53,19.49,19.53,2502,2022-02-23 15:17:00,LESL
19.54,19.56,19.54,19.56,1200,2022-02-23 15:18:00,LESL
19.53,19.53,19.53,19.53,700,2022-02-23 15:19:00,LESL
19.53,19.54,19.51,19.535,1200,2022-02-23 15:20:00,LESL
19.54,19.55,19.54,19.55,2954,2022-02-23 15:21:00,LESL
19.55,19.61,19.55,19.605,8267,2022-02-23 15:22:00,LESL
19.59,19.65,19.59,19.64,4164,2022-02-23 15:23:00,LESL
19.64,19.65,19.57,19.6,9289,2022-02-23 15:24:00,LESL
19.6,19.6,19.56,19.57,676,2022-02-23 15:25:00,LESL
19.6,19.6,19.555,19.555,900,2022-02-23 15:26:00,LESL
19.555,19.555,19.53,19.53,415,2022-02-23 15:27:00,LESL
19.56,19.56,19.51,19.51,2252,2022-02-23 15:28:00,LESL
19.51,19.545,19.51,19.545,1829,2022-02-23 15:29:00,LESL
19.53,19.535,19.53,19.535,500,2022-02-23 15:30:00,LESL
19.535,19.56,19.535,19.55,2792,2022-02-23 15:31:00,LESL
19.56,19.62,19.56,19.62,7090,2022-02-23 15:32:00,LESL
19.625,19.64,19.61,19.625,4654,2022-02-23 15:33:00,LESL
19.6,19.61,19.58,19.61,1376,2022-02-23 15:34:00,LESL
19.61,19.71,19.61,19.71,2063,2022-02-23 15:35:00,LESL
19.68,19.68,19.68,19.68,100,2022-02-23 15:36:00,LESL
19.66,19.665,19.65,19.65,420,2022-02-23 15:37:00,LESL
19.65,19.65,19.61,19.62,3656,2022-02-23 15:39:00,LESL
19.62,19.62,19.6,19.6,800,2022-02-23 15:40:00,LESL
19.59,19.61,19.59,19.61,1371,2022-02-23 15:41:00,LESL
19.59,19.6,19.58,19.595,700,2022-02-23 15:42:00,LESL
19.57,19.5901,19.56,19.57,2082,2022-02-23 15:43:00,LESL
19.55,19.55,19.54,19.54,826,2022-02-23 15:44:00,LESL
19.53,19.545,19.53,19.545,600,2022-02-23 15:45:00,LESL
19.545,19.545,19.545,19.545,100,2022-02-23 15:46:00,LESL
19.545,19.545,19.52,19.53,7936,2022-02-23 15:48:00,LESL
19.51,19.51,19.47,19.48,1820,2022-02-23 15:49:00,LESL
19.47,19.47,19.46,19.46,800,2022-02-23 15:50:00,LESL
19.45,19.48,19.45,19.47,5336,2022-02-23 15:51:00,LESL
19.465,19.465,19.46,19.46,299,2022-02-23 15:52:00,LESL
19.47,19.47,19.4,19.41,7000,2022-02-23 15:53:00,LESL
19.39,19.4,19.38,19.4,700,2022-02-23 15:54:00,LESL
19.41,19.42,19.38,19.38,1918,2022-02-23 15:55:00,LESL
19.365,19.38,19.365,19.38,500,2022-02-23 15:56:00,LESL
19.43,19.46,19.43,19.46,500,2022-02-23 15:57:00,LESL
19.45,19.45,19.4,19.4,1700,2022-02-23 15:58:00,LESL
19.38,19.38,19.38,19.38,100,2022-02-23 15:59:00,LESL
19.38,19.38,19.33,19.345,4169,2022-02-23 16:00:00,LESL
19.3596,19.36,19.33,19.36,3012,2022-02-23 16:01:00,LESL
19.37,19.37,19.36,19.365,1300,2022-02-23 16:02:00,LESL
19.365,19.365,19.3551,19.3551,238,2022-02-23 16:03:00,LESL
19.35,19.365,19.315,19.315,2278,2022-02-23 16:04:00,LESL
19.32,19.335,19.32,19.32,1686,2022-02-23 16:05:00,LESL
19.33,19.33,19.33,19.33,602,2022-02-23 16:06:00,LESL
19.31,19.31,19.3,19.3,500,2022-02-23 16:07:00,LESL
19.29,19.3,19.28,19.285,2189,2022-02-23 16:08:00,LESL
19.28,19.28,19.27,19.27,600,2022-02-23 16:09:00,LESL
19.28,19.33,19.28,19.32,3134,2022-02-23 16:10:00,LESL
19.311,19.316,19.28,19.2802,2017,2022-02-23 16:11:00,LESL
19.285,19.3,19.285,19.3,1490,2022-02-23 16:12:00,LESL
19.3,19.32,19.29,19.32,1300,2022-02-23 16:13:00,LESL
19.31,19.31,19.28,19.28,1336,2022-02-23 16:14:00,LESL
19.28,19.28,19.26,19.27,734,2022-02-23 16:15:00,LESL
19.27,19.27,19.22,19.24,2216,2022-02-23 16:17:00,LESL
19.22,19.231,19.2,19.22,5503,2022-02-23 16:18:00,LESL
19.2299,19.26,19.2299,19.26,2410,2022-02-23 16:19:00,LESL
19.275,19.275,19.26,19.26,200,2022-02-23 16:20:00,LESL
19.27,19.27,19.27,19.27,700,2022-02-23 16:21:00,LESL
19.275,19.275,19.25,19.25,987,2022-02-23 16:22:00,LESL
19.24,19.265,19.24,19.265,1227,2022-02-23 16:23:00,LESL
19.265,19.28,19.239,19.239,1205,2022-02-23 16:24:00,LESL
19.23,19.25,19.23,19.25,1280,2022-02-23 16:25:00,LESL
19.255,19.255,19.255,19.255,100,2022-02-23 16:26:00,LESL
19.26,19.28,19.26,19.28,2105,2022-02-23 16:27:00,LESL
19.28,19.28,19.28,19.28,500,2022-02-23 16:28:00,LESL
19.27,19.27,19.24,19.24,1500,2022-02-23 16:29:00,LESL
19.25,19.25,19.2,19.2,5838,2022-02-23 16:30:00,LESL
19.19,19.28,19.19,19.28,3885,2022-02-23 16:31:00,LESL
19.28,19.31,19.28,19.31,1848,2022-02-23 16:32:00,LESL
19.31,19.32,19.25,19.25,6189,2022-02-23 16:33:00,LESL
19.265,19.265,19.24,19.24,2126,2022-02-23 16:34:00,LESL
19.23,19.245,19.21,19.245,6866,2022-02-23 16:35:00,LESL
19.245,19.27,19.245,19.25,5347,2022-02-23 16:36:00,LESL
19.25,19.26,19.23,19.23,3319,2022-02-23 16:37:00,LESL
19.23,19.255,19.22,19.22,15025,2022-02-23 16:38:00,LESL
19.22,19.26,19.21,19.24,8543,2022-02-23 16:39:00,LESL
19.235,19.25,19.21,19.22,6013,2022-02-23 16:40:00,LESL
19.225,19.23,19.19,19.23,12480,2022-02-23 16:41:00,LESL
19.23,19.24,19.19,19.195,18019,2022-02-23 16:42:00,LESL
19.19,19.19,19.17,19.18,3738,2022-02-23 16:43:00,LESL
19.17,19.17,19.16,19.17,2364,2022-02-23 16:44:00,LESL
19.18,19.19,19.14,19.14,3052,2022-02-23 16:45:00,LESL
19.16,19.19,19.15,19.15,9031,2022-02-23 16:46:00,LESL
19.16,19.17,19.1286,19.1286,9426,2022-02-23 16:47:00,LESL
19.14,19.19,19.14,19.18,19674,2022-02-23 16:48:00,LESL
19.19,19.19,19.14,19.1799,9410,2022-02-23 16:49:00,LESL
19.17,19.18,19.15,19.16,9210,2022-02-23 16:50:00,LESL
19.165,19.165,19.14,19.14,1579,2022-02-23 16:51:00,LESL
19.14,19.18,19.13,19.17,1562,2022-02-23 16:52:00,LESL
19.17,19.18,19.13,19.145,31079,2022-02-23 16:53:00,LESL
19.15,19.17,19.14,19.14,6235,2022-02-23 16:54:00,LESL
19.15,19.15,19.13,19.13,1420,2022-02-23 16:55:00,LESL
19.15,19.15,19.13,19.135,6800,2022-02-23 16:56:00,LESL
19.14,19.25,19.14,19.25,21074,2022-02-23 16:57:00,LESL
19.24,19.2515,19.22,19.22,4264,2022-02-23 16:58:00,LESL
19.22,19.225,19.205,19.21,6660,2022-02-23 16:59:00,LESL
19.215,19.27,19.21,19.25,14091,2022-02-23 17:00:00,LESL
19.25,19.26,19.24,19.24,4162,2022-02-23 17:01:00,LESL
19.24,19.255,19.235,19.255,6136,2022-02-23 17:02:00,LESL
19.25,19.26,19.24,19.24,900,2022-02-23 17:03:00,LESL
19.25,19.255,19.25,19.255,700,2022-02-23 17:04:00,LESL
19.25,19.26,19.24,19.24,2744,2022-02-23 17:05:00,LESL
19.24,19.24,19.22,19.23,828,2022-02-23 17:06:00,LESL
19.24,19.26,19.24,19.24,7000,2022-02-23 17:07:00,LESL
19.25,19.26,19.22,19.22,4613,2022-02-23 17:08:00,LESL
19.22,19.23,19.22,19.23,400,2022-02-23 17:09:00,LESL
19.24,19.25,19.24,19.25,3939,2022-02-23 17:10:00,LESL
19.25,19.25,19.235,19.235,1346,2022-02-23 17:11:00,LESL
19.26,19.26,19.25,19.255,737,2022-02-23 17:12:00,LESL
19.23,19.23,19.23,19.23,496,2022-02-23 17:13:00,LESL
19.24,19.25,19.231,19.235,1400,2022-02-23 17:14:00,LESL
19.25,19.26,19.245,19.255,1845,2022-02-23 17:15:00,LESL
19.25,19.25,19.25,19.25,334,2022-02-23 17:16:00,LESL
19.25,19.26,19.235,19.235,2098,2022-02-23 17:17:00,LESL
19.235,19.245,19.2,19.2,2872,2022-02-23 17:18:00,LESL
19.21,19.24,19.21,19.24,1500,2022-02-23 17:19:00,LESL
19.24,19.25,19.23,19.25,974,2022-02-23 17:21:00,LESL
19.25,19.25,19.25,19.25,100,2022-02-23 17:22:00,LESL
19.25,19.27,19.25,19.25,3251,2022-02-23 17:23:00,LESL
19.25,19.25,19.24,19.24,563,2022-02-23 17:24:00,LESL
19.23,19.23,19.2298,19.2298,610,2022-02-23 17:25:00,LESL
19.225,19.225,19.225,19.225,100,2022-02-23 17:26:00,LESL
19.23,19.23,19.22,19.22,200,2022-02-23 17:27:00,LESL
19.22,19.24,19.22,19.22,1270,2022-02-23 17:29:00,LESL
19.22,19.22,19.17,19.17,3209,2022-02-23 17:30:00,LESL
19.18,19.185,19.17,19.17,1401,2022-02-23 17:31:00,LESL
19.16,19.16,19.14,19.1478,4433,2022-02-23 17:32:00,LESL
19.14,19.165,19.14,19.16,2603,2022-02-23 17:33:00,LESL
19.165,19.17,19.14,19.14,2865,2022-02-23 17:34:00,LESL
19.135,19.14,19.12,19.13,1739,2022-02-23 17:35:00,LESL
19.12,19.13,19.12,19.13,400,2022-02-23 17:37:00,LESL
19.12,19.12,19.1,19.105,3183,2022-02-23 17:38:00,LESL
19.09,19.09,19.08,19.09,443,2022-02-23 17:39:00,LESL
19.08,19.08,19.08,19.08,1530,2022-02-23 17:40:00,LESL
19.07,19.08,19.07,19.075,900,2022-02-23 17:41:00,LESL
19.08,19.09,19.075,19.08,2300,2022-02-23 17:42:00,LESL
19.08,19.09,19.08,19.09,300,2022-02-23 17:43:00,LESL
19.08,19.08,19.08,19.08,100,2022-02-23 17:44:00,LESL
19.07,19.08,19.05,19.05,2009,2022-02-23 17:45:00,LESL
19.055,19.1,19.055,19.1,3670,2022-02-23 17:46:00,LESL
19.11,19.12,19.1054,19.1054,4030,2022-02-23 17:47:00,LESL
19.1155,19.1155,19.1,19.1,422,2022-02-23 17:48:00,LESL
19.11,19.11,19.105,19.105,800,2022-02-23 17:49:00,LESL
19.11,19.11,19.04,19.04,2431,2022-02-23 17:50:00,LESL
19.04,19.04,19.02,19.02,1832,2022-02-23 17:51:00,LESL
19.01,19.02,18.99,19.0,6639,2022-02-23 17:52:00,LESL
18.99,18.99,18.99,18.99,666,2022-02-23 17:53:00,LESL
18.985,19.01,18.985,19.01,4921,2022-02-23 17:54:00,LESL
19.005,19.01,19.005,19.005,400,2022-02-23 17:55:00,LESL
19.01,19.01,19.01,19.01,900,2022-02-23 17:56:00,LESL
19.01,19.01,18.97,18.97,5993,2022-02-23 17:57:00,LESL
18.99,18.99,18.965,18.97,4973,2022-02-23 17:58:00,LESL
18.97,18.99,18.97,18.99,2501,2022-02-23 17:59:00,LESL
18.99,18.99,18.945,18.96,1747,2022-02-23 18:00:00,LESL
18.94,18.94,18.94,18.94,300,2022-02-23 18:01:00,LESL
18.95,18.95,18.95,18.95,600,2022-02-23 18:02:00,LESL
18.95,18.95,18.925,18.925,3071,2022-02-23 18:03:00,LESL
18.92,18.92,18.91,18.91,1012,2022-02-23 18:04:00,LESL
18.9,18.91,18.89,18.89,1100,2022-02-23 18:05:00,LESL
18.89,18.89,18.875,18.875,1900,2022-02-23 18:06:00,LESL
18.88,18.92,18.88,18.91,2100,2022-02-23 18:07:00,LESL
18.91,18.91,18.9,18.9,400,2022-02-23 18:08:00,LESL
18.91,18.92,18.905,18.91,5559,2022-02-23 18:09:00,LESL
18.91,18.91,18.905,18.91,2407,2022-02-23 18:10:00,LESL
18.91,18.91,18.88,18.8825,1660,2022-02-23 18:11:00,LESL
18.88,18.885,18.87,18.88,2155,2022-02-23 18:12:00,LESL
18.88,18.88,18.85,18.85,400,2022-02-23 18:13:00,LESL
18.85,18.85,18.85,18.85,425,2022-02-23 18:14:00,LESL
18.85,18.87,18.84,18.86,3636,2022-02-23 18:15:00,LESL
18.87,18.89,18.87,18.89,1057,2022-02-23 18:16:00,LESL
18.89,18.91,18.89,18.91,1700,2022-02-23 18:17:00,LESL
18.91,18.92,18.886,18.886,5277,2022-02-23 18:18:00,LESL
18.9,18.93,18.895,18.91,3000,2022-02-23 18:19:00,LESL
18.9,18.9,18.89,18.89,1419,2022-02-23 18:20:00,LESL
18.9,18.9,18.9,18.9,100,2022-02-23 18:21:00,LESL
18.89,18.9,18.88,18.9,2339,2022-02-23 18:22:00,LESL
18.89,18.89,18.87,18.87,1431,2022-02-23 18:23:00,LESL
18.88,18.885,18.88,18.885,700,2022-02-23 18:24:00,LESL
18.87,18.9,18.87,18.9,1260,2022-02-23 18:25:00,LESL
18.895,18.895,18.87,18.87,2126,2022-02-23 18:26:00,LESL
18.875,18.88,18.87,18.88,900,2022-02-23 18:27:00,LESL
18.88,18.88,18.86,18.8757,600,2022-02-23 18:28:00,LESL
18.88,18.91,18.88,18.89,6039,2022-02-23 18:29:00,LESL
18.9,18.91,18.9,18.91,800,2022-02-23 18:30:00,LESL
18.89,18.89,18.88,18.88,300,2022-02-23 18:31:00,LESL
18.87,18.87,18.87,18.87,200,2022-02-23 18:32:00,LESL
18.88,18.89,18.87,18.88,2968,2022-02-23 18:33:00,LESL
18.875,18.9,18.875,18.9,1155,2022-02-23 18:34:00,LESL
18.89,18.9,18.89,18.89,500,2022-02-23 18:35:00,LESL
18.89,18.91,18.89,18.91,1325,2022-02-23 18:36:00,LESL
18.91,18.9166,18.91,18.9132,2400,2022-02-23 18:37:00,LESL
18.91,18.91,18.91,18.91,797,2022-02-23 18:38:00,LESL
18.92,18.93,18.92,18.93,1603,2022-02-23 18:39:00,LESL
18.93,18.93,18.92,18.92,4655,2022-02-23 18:40:00,LESL
18.93,18.935,18.93,18.935,934,2022-02-23 18:41:00,LESL
18.93,18.96,18.92,18.96,2359,2022-02-23 18:42:00,LESL
18.96,18.965,18.955,18.965,1078,2022-02-23 18:43:00,LESL
18.96,18.96,18.96,18.96,837,2022-02-23 18:44:00,LESL
18.96,18.9698,18.95,18.9698,671,2022-02-23 18:45:00,LESL
18.97,19.03,18.97,19.025,6655,2022-02-23 18:46:00,LESL
19.025,19.04,19.02,19.04,2566,2022-02-23 18:47:00,LESL
19.04,19.04,19.01,19.01,3662,2022-02-23 18:48:00,LESL
19.004,19.035,19.004,19.035,3211,2022-02-23 18:49:00,LESL
19.02,19.03,19.02,19.03,1912,2022-02-23 18:50:00,LESL
19.03,19.05,19.03,19.03,8381,2022-02-23 18:51:00,LESL
19.02,19.02,19.01,19.01,1734,2022-02-23 18:52:00,LESL
19.0,19.0,18.97,18.98,1769,2022-02-23 18:53:00,LESL
18.99,18.99,18.99,18.99,200,2022-02-23 18:54:00,LESL
18.98,18.98,18.975,18.975,1260,2022-02-23 18:55:00,LESL
18.975,19.01,18.975,19.01,1904,2022-02-23 18:56:00,LESL
19.01,19.0155,19.0,19.01,2207,2022-02-23 18:57:00,LESL
19.0,19.0,18.97,18.99,1651,2022-02-23 18:58:00,LESL
18.99,19.01,18.99,19.0,3303,2022-02-23 19:00:00,LESL
19.0,19.0,18.99,18.99,300,2022-02-23 19:01:00,LESL
18.98,18.99,18.95,18.97,3236,2022-02-23 19:02:00,LESL
18.96,18.96,18.94,18.94,1059,2022-02-23 19:03:00,LESL
18.935,18.935,18.93,18.93,300,2022-02-23 19:04:00,LESL
18.93,18.96,18.93,18.96,5746,2022-02-23 19:05:00,LESL
18.96,19.0,18.96,18.995,3406,2022-02-23 19:06:00,LESL
19.0,19.01,18.99,19.0,4750,2022-02-23 19:07:00,LESL
19.0,19.0,18.98,18.99,4000,2022-02-23 19:08:00,LESL
18.985,19.0,18.985,19.0,1154,2022-02-23 19:09:00,LESL
19.01,19.02,19.01,19.02,800,2022-02-23 19:10:00,LESL
19.03,19.04,19.011,19.011,2759,2022-02-23 19:11:00,LESL
19.02,19.02,18.99,18.99,1300,2022-02-23 19:12:00,LESL
18.99,18.997,18.975,18.997,1946,2022-02-23 19:13:00,LESL
18.99,19.0,18.98,18.985,1413,2022-02-23 19:14:00,LESL
18.98,19.01,18.98,19.0,3318,2022-02-23 19:15:00,LESL
18.98,18.98,18.97,18.97,1380,2022-02-23 19:16:00,LESL
18.965,18.98,18.96,18.98,2888,2022-02-23 19:17:00,LESL
18.98,19.0007,18.97,18.99,2067,2022-02-23 19:18:00,LESL
19.0,19.0,19.0,19.0,400,2022-02-23 19:19:00,LESL
18.98,18.99,18.95,18.95,2099,2022-02-23 19:20:00,LESL
18.95,18.965,18.925,18.965,5991,2022-02-23 19:21:00,LESL
18.94,18.94,18.92,18.92,1643,2022-02-23 19:22:00,LESL
18.91,18.91,18.895,18.9,6140,2022-02-23 19:23:00,LESL
18.905,18.905,18.89,18.89,1230,2022-02-23 19:24:00,LESL
18.89,18.9,18.89,18.9,600,2022-02-23 19:25:00,LESL
18.89,18.9,18.885,18.89,4399,2022-02-23 19:26:00,LESL
18.89,18.895,18.88,18.895,3242,2022-02-23 19:27:00,LESL
18.895,18.895,18.89,18.895,2410,2022-02-23 19:28:00,LESL
18.895,18.9,18.89,18.89,10306,2022-02-23 19:29:00,LESL
18.9,18.92,18.9,18.92,2178,2022-02-23 19:30:00,LESL
18.93,18.955,18.93,18.955,5841,2022-02-23 19:31:00,LESL
18.955,18.975,18.8842,18.975,14946,2022-02-23 19:32:00,LESL
18.89,18.91,18.89,18.91,1538,2022-02-23 19:33:00,LESL
18.91,18.91,18.9,18.905,2455,2022-02-23 19:34:00,LESL
18.92,18.955,18.92,18.94,7090,2022-02-23 19:35:00,LESL
18.945,18.955,18.945,18.955,1920,2022-02-23 19:36:00,LESL
18.96,18.985,18.96,18.9706,6554,2022-02-23 19:37:00,LESL
18.99,19.0,18.99,19.0,5247,2022-02-23 19:38:00,LESL
19.0,19.0,18.95,18.95,14243,2022-02-23 19:39:00,LESL
18.95,18.95,18.93,18.94,2155,2022-02-23 19:40:00,LESL
18.94,18.995,18.94,18.995,2100,2022-02-23 19:41:00,LESL
19.0,19.005,18.99,18.995,7587,2022-02-23 19:42:00,LESL
19.0,19.005,18.995,19.005,5536,2022-02-23 19:43:00,LESL
19.0,19.0,18.94,18.95,3116,2022-02-23 19:44:00,LESL
18.96,19.0,18.96,19.0,4911,2022-02-23 19:45:00,LESL
19.005,19.01,19.0,19.01,5268,2022-02-23 19:46:00,LESL
19.0,19.0,18.98,18.99,3455,2022-02-23 19:47:00,LESL
19.0,19.02,19.0,19.02,4545,2022-02-23 19:48:00,LESL
19.015,19.015,18.97,18.99,2751,2022-02-23 19:49:00,LESL
18.98,18.985,18.97,18.985,2672,2022-02-23 19:50:00,LESL
19.0,19.02,18.99,19.02,3600,2022-02-23 19:51:00,LESL
19.02,19.05,19.02,19.045,4818,2022-02-23 19:52:00,LESL
19.045,19.05,18.98,18.99,23544,2022-02-23 19:53:00,LESL
18.995,19.0,18.99,18.995,3247,2022-02-23 19:54:00,LESL
19.0,19.005,18.995,19.005,1375,2022-02-23 19:55:00,LESL
19.01,19.02,18.99,18.995,6135,2022-02-23 19:56:00,LESL
18.995,19.005,18.995,19.0,2759,2022-02-23 19:57:00,LESL
19.0,19.02,18.99,19.005,6544,2022-02-23 19:58:00,LESL
19.01,19.01,18.99,19.0,2882,2022-02-23 19:59:00,LESL
18.997,19.03,18.997,19.025,7619,2022-02-23 20:00:00,LESL
19.025,19.025,19.0,19.0,3929,2022-02-23 20:01:00,LESL
19.0,19.01,18.98,18.98,4307,2022-02-23 20:02:00,LESL
18.99,18.995,18.97,18.98,3611,2022-02-23 20:03:00,LESL
18.98,18.99,18.98,18.98,2000,2022-02-23 20:04:00,LESL
18.985,19.01,18.985,19.01,4409,2022-02-23 20:05:00,LESL
18.995,19.0,18.95,18.97,4927,2022-02-23 20:06:00,LESL
18.975,18.99,18.975,18.98,2338,2022-02-23 20:07:00,LESL
18.985,18.99,18.98,18.985,2100,2022-02-23 20:08:00,LESL
18.99,18.99,18.985,18.99,1700,2022-02-23 20:09:00,LESL
19.0,19.005,18.985,18.985,7805,2022-02-23 20:10:00,LESL
18.98,18.99,18.96,18.96,2300,2022-02-23 20:11:00,LESL
18.965,18.97,18.95,18.96,3405,2022-02-23 20:12:00,LESL
18.955,18.96,18.94,18.94,4050,2022-02-23 20:13:00,LESL
18.95,18.965,18.95,18.96,1734,2022-02-23 20:14:00,LESL
18.96,18.96,18.945,18.96,6607,2022-02-23 20:15:00,LESL
18.96,18.97,18.95,18.97,3857,2022-02-23 20:16:00,LESL
18.98,18.99,18.98,18.99,1200,2022-02-23 20:17:00,LESL
19.0,19.0,18.96,18.96,4801,2022-02-23 20:18:00,LESL
18.96,18.99,18.96,18.97,5351,2022-02-23 20:19:00,LESL
18.97,18.98,18.97,18.97,3152,2022-02-23 20:20:00,LESL
18.97,18.975,18.965,18.97,2174,2022-02-23 20:21:00,LESL
18.98,19.005,18.98,18.995,16326,2022-02-23 20:22:00,LESL
18.98,18.99,18.97,18.98,2250,2022-02-23 20:23:00,LESL
18.985,19.005,18.98,19.0,3232,2022-02-23 20:24:00,LESL
19.005,19.015,18.9975,19.015,9678,2022-02-23 20:25:00,LESL
19.015,19.02,19.005,19.019,7881,2022-02-23 20:26:00,LESL
19.02,19.02,19.0,19.01,4244,2022-02-23 20:27:00,LESL
19.01,19.025,19.0,19.02,3850,2022-02-23 20:28:00,LESL
19.015,19.04,19.0,19.0,16076,2022-02-23 20:29:00,LESL
19.0,19.04,18.98,19.04,14906,2022-02-23 20:30:00,LESL
19.03,19.03,19.01,19.015,3650,2022-02-23 20:31:00,LESL
19.01,19.02,18.9939,19.005,6013,2022-02-23 20:32:00,LESL
19.001,19.035,19.0,19.03,3400,2022-02-23 20:33:00,LESL
19.025,19.03,19.0,19.015,6714,2022-02-23 20:34:00,LESL
19.02,19.035,19.005,19.005,3550,2022-02-23 20:35:00,LESL
19.005,19.02,19.0,19.015,7671,2022-02-23 20:36:00,LESL
19.015,19.025,19.001,19.005,6893,2022-02-23 20:37:00,LESL
19.01,19.03,18.995,18.995,5130,2022-02-23 20:38:00,LESL
18.995,19.0,18.99,18.99,6068,2022-02-23 20:39:00,LESL
18.99,18.995,18.97,18.98,5845,2022-02-23 20:40:00,LESL
18.975,18.98,18.96,18.965,3812,2022-02-23 20:41:00,LESL
18.965,18.97,18.93,18.96,8994,2022-02-23 20:42:00,LESL
18.955,18.955,18.92,18.93,8548,2022-02-23 20:43:00,LESL
18.935,18.96,18.935,18.96,3253,2022-02-23 20:44:00,LESL
18.955,18.985,18.955,18.97,12171,2022-02-23 20:45:00,LESL
18.97,18.975,18.935,18.965,10854,2022-02-23 20:46:00,LESL
18.96,18.965,18.955,18.965,1950,2022-02-23 20:47:00,LESL
18.96,18.98,18.955,18.98,8927,2022-02-23 20:48:00,LESL
18.975,18.975,18.94,18.94,9809,2022-02-23 20:49:00,LESL
18.93,18.94,18.9,18.91,14863,2022-02-23 20:50:00,LESL
18.9,18.9,18.87,18.885,4677,2022-02-23 20:51:00,LESL
18.89,18.945,18.89,18.94,11957,2022-02-23 20:52:00,LESL
18.945,18.95,18.91,18.915,15465,2022-02-23 20:53:00,LESL
18.915,18.93,18.9,18.9,10933,2022-02-23 20:54:00,LESL
18.905,18.93,18.9,18.915,13006,2022-02-23 20:55:00,LESL
18.915,18.93,18.91,18.925,14378,2022-02-23 20:56:00,LESL
18.93,18.93,18.9,18.905,24740,2022-02-23 20:57:00,LESL
18.905,18.92,18.9,18.92,19999,2022-02-23 20:58:00,LESL
18.91,18.95,18.91,18.95,37001,2022-02-23 20:59:00,LESL
18.93,18.93,18.93,18.93,106535,2022-02-23 21:00:00,LESL
18.9,18.9,18.9,18.9,900,2022-02-23 21:25:00,LESL
18.39,18.65,18.14,18.45,6701,2022-02-24 14:30:00,LESL
18.47,18.67,18.31,18.67,2046,2022-02-24 14:31:00,LESL
18.66,18.67,18.52,18.53,2137,2022-02-24 14:32:00,LESL
18.53,18.64,18.51,18.55,3278,2022-02-24 14:33:00,LESL
18.65,18.69,18.55,18.69,1580,2022-02-24 14:34:00,LESL
18.69,18.86,18.69,18.795,2400,2022-02-24 14:35:00,LESL
18.795,18.89,18.795,18.89,1300,2022-02-24 14:36:00,LESL
18.89,19.0,18.79,18.84,9554,2022-02-24 14:37:00,LESL
18.79,18.87,18.79,18.87,1440,2022-02-24 14:39:00,LESL
18.88,18.88,18.67,18.67,2288,2022-02-24 14:40:00,LESL
18.65,18.67,18.55,18.55,3143,2022-02-24 14:41:00,LESL
18.63,18.63,18.55,18.55,809,2022-02-24 14:42:00,LESL
18.57,18.59,18.53,18.56,1984,2022-02-24 14:44:00,LESL
18.635,18.64,18.635,18.64,200,2022-02-24 14:46:00,LESL
18.64,18.66,18.64,18.66,200,2022-02-24 14:47:00,LESL
18.7,18.72,18.7,18.72,300,2022-02-24 14:48:00,LESL
18.75,18.75,18.75,18.75,200,2022-02-24 14:49:00,LESL
18.77,18.77,18.77,18.77,200,2022-02-24 14:50:00,LESL
18.77,18.77,18.7392,18.7392,500,2022-02-24 14:51:00,LESL
18.71,18.71,18.7,18.7,300,2022-02-24 14:52:00,LESL
18.71,18.73,18.71,18.73,1148,2022-02-24 14:53:00,LESL
18.73,18.73,18.73,18.73,200,2022-02-24 14:55:00,LESL
18.745,18.745,18.745,18.745,100,2022-02-24 14:57:00,LESL
18.77,18.77,18.76,18.76,440,2022-02-24 14:58:00,LESL
18.81,18.81,18.81,18.81,100,2022-02-24 14:59:00,LESL
18.8,18.8,18.77,18.77,800,2022-02-24 15:00:00,LESL
18.74,18.74,18.71,18.71,400,2022-02-24 15:01:00,LESL
18.71,18.71,18.69,18.69,700,2022-02-24 15:02:00,LESL
18.67,18.67,18.67,18.67,200,2022-02-24 15:03:00,LESL
18.66,18.66,18.66,18.66,300,2022-02-24 15:04:00,LESL
18.62,18.62,18.58,18.6,300,2022-02-24 15:05:00,LESL
18.61,18.69,18.61,18.68,1400,2022-02-24 15:06:00,LESL
18.68,18.68,18.63,18.63,1160,2022-02-24 15:07:00,LESL
18.66,18.69,18.65,18.69,600,2022-02-24 15:08:00,LESL
18.735,18.77,18.735,18.75,300,2022-02-24 15:09:00,LESL
18.765,18.77,18.765,18.77,200,2022-02-24 15:10:00,LESL
18.79,18.795,18.78,18.795,1000,2022-02-24 15:11:00,LESL
18.79,18.79,18.7801,18.785,790,2022-02-24 15:12:00,LESL
18.8,18.84,18.8,18.83,610,2022-02-24 15:13:00,LESL
18.85,18.85,18.83,18.85,2252,2022-02-24 15:14:00,LESL
18.915,19.0,18.915,19.0,530,2022-02-24 15:16:00,LESL
19.01,19.06,18.98,19.06,1200,2022-02-24 15:17:00,LESL
19.05,19.14,19.04,19.14,3391,2022-02-24 15:18:00,LESL
19.11,19.11,19.1,19.1,800,2022-02-24 15:19:00,LESL
19.11,19.15,19.07,19.15,3400,2022-02-24 15:20:00,LESL
19.13,19.145,19.11,19.125,1818,2022-02-24 15:21:00,LESL
19.11,19.12,19.06,19.06,1028,2022-02-24 15:22:00,LESL
19.09,19.09,19.07,19.09,792,2022-02-24 15:23:00,LESL
19.07,19.09,19.05,19.05,7208,2022-02-24 15:24:00,LESL
19.09,19.09,19.008,19.008,2745,2022-02-24 15:25:00,LESL
19.0,19.0,19.0,19.0,600,2022-02-24 15:26:00,LESL
18.98,18.98,18.96,18.98,5100,2022-02-24 15:27:00,LESL
18.98,18.99,18.975,18.98,2340,2022-02-24 15:28:00,LESL
18.98,19.01,18.96,19.01,3002,2022-02-24 15:29:00,LESL
19.0,19.0,18.97,18.97,1200,2022-02-24 15:30:00,LESL
18.96,18.99,18.96,18.99,400,2022-02-24 15:31:00,LESL
19.0,19.02,18.97,18.97,1500,2022-02-24 15:32:00,LESL
18.97,18.99,18.96,18.99,1537,2022-02-24 15:33:00,LESL
18.99,19.01,18.99,19.0079,850,2022-02-24 15:34:00,LESL
19.0,19.0,18.95,18.95,1200,2022-02-24 15:35:00,LESL
18.94,18.94,18.9,18.91,2182,2022-02-24 15:36:00,LESL
18.88,18.88,18.85,18.85,1778,2022-02-24 15:37:00,LESL
18.85,18.88,18.84,18.88,2536,2022-02-24 15:38:00,LESL
18.9,18.91,18.9,18.9,1600,2022-02-24 15:39:00,LESL
18.87,18.87,18.81,18.815,1775,2022-02-24 15:40:00,LESL
18.82,18.84,18.81,18.81,1300,2022-02-24 15:41:00,LESL
18.825,18.84,18.81,18.815,1600,2022-02-24 15:42:00,LESL
18.83,18.83,18.815,18.83,800,2022-02-24 15:43:00,LESL
18.81,18.82,18.79,18.8,3264,2022-02-24 15:44:00,LESL
18.8,18.81,18.8,18.81,599,2022-02-24 15:45:00,LESL
18.795,18.86,18.78,18.86,3516,2022-02-24 15:46:00,LESL
18.88,18.88,18.84,18.855,1800,2022-02-24 15:47:00,LESL
18.88,18.895,18.88,18.88,300,2022-02-24 15:48:00,LESL
18.885,18.92,18.885,18.91,6320,2022-02-24 15:49:00,LESL
18.9,18.91,18.85,18.86,900,2022-02-24 15:50:00,LESL
18.84,18.84,18.84,18.84,900,2022-02-24 15:51:00,LESL
18.85,18.85,18.829,18.84,2150,2022-02-24 15:52:00,LESL
18.84,18.89,18.84,18.89,1400,2022-02-24 15:53:00,LESL
18.9,18.9,18.9,18.9,406,2022-02-24 15:54:00,LESL
18.89,18.915,18.89,18.9,2000,2022-02-24 15:55:00,LESL
18.9,18.9,18.9,18.9,1100,2022-02-24 15:56:00,LESL
18.91,18.96,18.91,18.92,2251,2022-02-24 15:57:00,LESL
18.9,18.9,18.89,18.89,500,2022-02-24 15:58:00,LESL
18.89,18.89,18.89,18.89,900,2022-02-24 15:59:00,LESL
18.89,18.91,18.87,18.91,3099,2022-02-24 16:00:00,LESL
18.93,18.94,18.9,18.9,3400,2022-02-24 16:01:00,LESL
18.87,18.88,18.87,18.88,638,2022-02-24 16:02:00,LESL
18.88,18.88,18.87,18.87,300,2022-02-24 16:03:00,LESL
18.88,18.89,18.88,18.89,700,2022-02-24 16:04:00,LESL
18.91,18.91,18.9,18.9,1100,2022-02-24 16:05:00,LESL
18.905,18.91,18.89,18.91,1932,2022-02-24 16:06:00,LESL
18.92,18.96,18.92,18.96,1250,2022-02-24 16:07:00,LESL
18.95,18.95,18.95,18.95,700,2022-02-24 16:08:00,LESL
18.955,19.12,18.955,19.12,47143,2022-02-24 16:09:00,LESL
19.12,19.12,19.08,19.08,1790,2022-02-24 16:10:00,LESL
19.1,19.16,19.1,19.16,3333,2022-02-24 16:11:00,LESL
19.13,19.175,19.12,19.175,5105,2022-02-24 16:12:00,LESL
19.185,19.185,19.185,19.185,200,2022-02-24 16:13:00,LESL
19.16,19.16,19.15,19.16,970,2022-02-24 16:14:00,LESL
19.15,19.18,19.15,19.175,1900,2022-02-24 16:15:00,LESL
19.175,19.175,19.15,19.16,3908,2022-02-24 16:16:00,LESL
19.18,19.18,19.16,19.16,500,2022-02-24 16:17:00,LESL
19.18,19.18,19.16,19.16,3100,2022-02-24 16:18:00,LESL
19.16,19.169,19.15,19.169,1500,2022-02-24 16:19:00,LESL
19.15,19.15,19.15,19.15,900,2022-02-24 16:20:00,LESL
19.15,19.185,19.13,19.185,14362,2022-02-24 16:21:00,LESL
19.19,19.225,19.185,19.225,3429,2022-02-24 16:22:00,LESL
19.22,19.24,19.22,19.22,3300,2022-02-24 16:23:00,LESL
19.22,19.225,19.15,19.16,2537,2022-02-24 16:24:00,LESL
19.16,19.18,19.16,19.18,1400,2022-02-24 16:25:00,LESL
19.18,19.19,19.18,19.19,10653,2022-02-24 16:26:00,LESL
19.18,19.19,19.15,19.15,3713,2022-02-24 16:27:00,LESL
19.15,19.17,19.15,19.155,2200,2022-02-24 16:28:00,LESL
19.16,19.16,19.12,19.13,1759,2022-02-24 16:29:00,LESL
19.14,19.2,19.14,19.2,1300,2022-02-24 16:30:00,LESL
19.19,19.2,19.11,19.11,18689,2022-02-24 16:31:00,LESL
19.12,19.13,19.1,19.13,2077,2022-02-24 16:32:00,LESL
19.115,19.12,19.115,19.12,1626,2022-02-24 16:33:00,LESL
19.14,19.165,19.14,19.165,1088,2022-02-24 16:34:00,LESL
19.18,19.2,19.15,19.16,900,2022-02-24 16:35:00,LESL
19.16,19.16,19.09,19.12,4119,2022-02-24 16:36:00,LESL
19.115,19.13,19.11,19.13,2601,2022-02-24 16:37:00,LESL
19.12,19.17,19.11,19.169,5999,2022-02-24 16:38:00,LESL
19.17,19.18,19.17,19.18,200,2022-02-24 16:39:00,LESL
19.19,19.21,19.185,19.21,3600,2022-02-24 16:40:00,LESL
19.19,19.2,19.17,19.2,4700,2022-02-24 16:41:00,LESL
19.185,19.185,19.15,19.15,1700,2022-02-24 16:42:00,LESL
19.14,19.15,19.14,19.15,1700,2022-02-24 16:43:00,LESL
19.15,19.15,19.12,19.14,3809,2022-02-24 16:44:00,LESL
19.15,19.18,19.15,19.155,1000,2022-02-24 16:45:00,LESL
19.155,19.17,19.13,19.17,3162,2022-02-24 16:46:00,LESL
19.185,19.185,19.185,19.185,300,2022-02-24 16:47:00,LESL
19.17,19.215,19.17,19.215,1508,2022-02-24 16:48:00,LESL
19.215,19.22,19.2,19.21,1200,2022-02-24 16:49:00,LESL
19.2162,19.25,19.2162,19.25,4557,2022-02-24 16:50:00,LESL
19.265,19.29,19.265,19.29,921,2022-02-24 16:51:00,LESL
19.305,19.32,19.305,19.32,800,2022-02-24 16:52:00,LESL
19.3,19.35,19.3,19.35,1912,2022-02-24 16:53:00,LESL
19.36,19.38,19.36,19.36,1408,2022-02-24 16:54:00,LESL
19.37,19.37,19.33,19.36,2927,2022-02-24 16:55:00,LESL
19.36,19.37,19.36,19.37,616,2022-02-24 16:56:00,LESL
19.38,19.39,19.375,19.375,2759,2022-02-24 16:57:00,LESL
19.38,19.385,19.37,19.3825,1708,2022-02-24 16:58:00,LESL
19.385,19.4,19.375,19.375,1584,2022-02-24 16:59:00,LESL
19.375,19.395,19.375,19.38,1510,2022-02-24 17:00:00,LESL
19.4,19.4,19.36,19.36,1700,2022-02-24 17:01:00,LESL
19.36,19.37,19.35,19.35,600,2022-02-24 17:02:00,LESL
19.34,19.35,19.33,19.35,2119,2022-02-24 17:03:00,LESL
19.36,19.375,19.36,19.375,1200,2022-02-24 17:04:00,LESL
19.38,19.41,19.38,19.41,2517,2022-02-24 17:05:00,LESL
19.41,19.42,19.39,19.42,3803,2022-02-24 17:06:00,LESL
19.41,19.45,19.4,19.45,9718,2022-02-24 17:07:00,LESL
19.455,19.47,19.45,19.47,3667,2022-02-24 17:08:00,LESL
19.48,19.49,19.45,19.47,14780,2022-02-24 17:09:00,LESL
19.46,19.5,19.45,19.5,2900,2022-02-24 17:10:00,LESL
19.505,19.505,19.445,19.46,78257,2022-02-24 17:11:00,LESL
19.46,19.47,19.445,19.46,24083,2022-02-24 17:12:00,LESL
19.46,19.47,19.445,19.46,21907,2022-02-24 17:13:00,LESL
19.45,19.48,19.45,19.45,13733,2022-02-24 17:14:00,LESL
19.46,19.47,19.45,19.45,16540,2022-02-24 17:15:00,LESL
19.455,19.46,19.445,19.455,4742,2022-02-24 17:16:00,LESL
19.455,19.47,19.45,19.45,3412,2022-02-24 17:17:00,LESL
19.46,19.46,19.45,19.45,5121,2022-02-24 17:18:00,LESL
19.45,19.52,19.445,19.51,7298,2022-02-24 17:19:00,LESL
19.52,19.525,19.5019,19.51,9222,2022-02-24 17:20:00,LESL
19.51,19.52,19.5,19.52,6265,2022-02-24 17:21:00,LESL
19.52,19.545,19.5,19.53,5150,2022-02-24 17:22:00,LESL
19.535,19.535,19.51,19.515,3642,2022-02-24 17:23:00,LESL
19.5,19.51,19.45,19.4564,20251,2022-02-24 17:24:00,LESL
19.46,19.47,19.425,19.44,3219,2022-02-24 17:25:00,LESL
19.44,19.44,19.4,19.41,9119,2022-02-24 17:26:00,LESL
19.41,19.41,19.35,19.37,3603,2022-02-24 17:27:00,LESL
19.3633,19.37,19.34,19.34,1400,2022-02-24 17:28:00,LESL
19.34,19.35,19.31,19.31,1928,2022-02-24 17:29:00,LESL
19.3,19.34,19.3,19.33,2081,2022-02-24 17:30:00,LESL
19.33,19.34,19.275,19.275,1625,2022-02-24 17:31:00,LESL
19.26,19.27,19.22,19.235,2735,2022-02-24 17:32:00,LESL
19.25,19.3,19.25,19.3,3840,2022-02-24 17:33:00,LESL
19.31,19.33,19.31,19.33,600,2022-02-24 17:34:00,LESL
19.31,19.33,19.31,19.33,1023,2022-02-24 17:35:00,LESL
19.33,19.34,19.33,19.34,2200,2022-02-24 17:36:00,LESL
19.34,19.35,19.33,19.35,941,2022-02-24 17:37:00,LESL
19.38,19.395,19.38,19.39,1037,2022-02-24 17:38:00,LESL
19.4,19.4,19.4,19.4,100,2022-02-24 17:39:00,LESL
19.4,19.46,19.4,19.46,800,2022-02-24 17:40:00,LESL
19.47,19.49,19.44,19.45,4609,2022-02-24 17:41:00,LESL
19.41,19.44,19.41,19.42,2752,2022-02-24 17:42:00,LESL
19.41,19.42,19.4,19.4,1460,2022-02-24 17:43:00,LESL
19.365,19.38,19.34,19.38,4170,2022-02-24 17:44:00,LESL
19.39,19.41,19.39,19.41,997,2022-02-24 17:45:00,LESL
19.41,19.41,19.41,19.41,500,2022-02-24 17:46:00,LESL
19.4,19.41,19.4,19.4,4782,2022-02-24 17:47:00,LESL
19.39,19.4,19.36,19.36,1474,2022-02-24 17:48:00,LESL
19.36,19.36,19.34,19.34,1626,2022-02-24 17:49:00,LESL
19.33,19.34,19.33,19.34,697,2022-02-24 17:50:00,LESL
19.35,19.39,19.35,19.37,3753,2022-02-24 17:51:00,LESL
19.4,19.4,19.4,19.4,100,2022-02-24 17:52:00,LESL
19.38,19.39,19.37,19.385,4112,2022-02-24 17:53:00,LESL
19.385,19.41,19.385,19.41,400,2022-02-24 17:54:00,LESL
19.4,19.44,19.4,19.42,1481,2022-02-24 17:55:00,LESL
19.4141,19.45,19.4141,19.45,781,2022-02-24 17:56:00,LESL
19.48,19.48,19.45,19.46,2348,2022-02-24 17:57:00,LESL
19.45,19.46,19.45,19.45,600,2022-02-24 17:58:00,LESL
19.47,19.47,19.44,19.44,1430,2022-02-24 17:59:00,LESL
19.44,19.47,19.44,19.47,300,2022-02-24 18:01:00,LESL
19.46,19.49,19.44,19.49,1200,2022-02-24 18:02:00,LESL
19.48,19.48,19.475,19.475,800,2022-02-24 18:03:00,LESL
19.49,19.49,19.49,19.49,1295,2022-02-24 18:04:00,LESL
19.49,19.5,19.49,19.5,725,2022-02-24 18:05:00,LESL
19.52,19.545,19.51,19.545,2527,2022-02-24 18:06:00,LESL
19.54,19.54,19.53,19.53,400,2022-02-24 18:07:00,LESL
19.53,19.58,19.52,19.58,2675,2022-02-24 18:08:00,LESL
19.575,19.575,19.55,19.555,1902,2022-02-24 18:09:00,LESL
19.555,19.57,19.54,19.57,1122,2022-02-24 18:10:00,LESL
19.56,19.57,19.56,19.57,1018,2022-02-24 18:11:00,LESL
19.59,19.6,19.58,19.585,1700,2022-02-24 18:12:00,LESL
19.61,19.61,19.605,19.605,300,2022-02-24 18:13:00,LESL
19.605,19.61,19.58,19.61,3637,2022-02-24 18:14:00,LESL
19.61,19.615,19.59,19.59,2700,2022-02-24 18:15:00,LESL
19.57,19.59,19.54,19.55,2348,2022-02-24 18:16:00,LESL
19.56,19.56,19.535,19.56,1299,2022-02-24 18:17:00,LESL
19.56,19.575,19.56,19.575,600,2022-02-24 18:18:00,LESL
19.5717,19.58,19.57,19.58,1260,2022-02-24 18:19:00,LESL
19.57,19.57,19.56,19.57,1222,2022-02-24 18:20:00,LESL
19.565,19.565,19.52,19.52,2300,2022-02-24 18:21:00,LESL
19.52,19.52,19.52,19.52,1676,2022-02-24 18:22:00,LESL
19.52,19.52,19.51,19.51,600,2022-02-24 18:23:00,LESL
19.5,19.5,19.5,19.5,500,2022-02-24 18:24:00,LESL
19.51,19.52,19.51,19.52,600,2022-02-24 18:25:00,LESL
19.53,19.53,19.53,19.53,766,2022-02-24 18:26:00,LESL
19.54,19.56,19.54,19.55,1526,2022-02-24 18:27:00,LESL
19.55,19.56,19.545,19.545,1730,2022-02-24 18:28:00,LESL
19.545,19.545,19.52,19.54,2500,2022-02-24 18:29:00,LESL
19.56,19.63,19.55,19.63,1275,2022-02-24 18:30:00,LESL
19.625,19.64,19.61,19.63,1543,2022-02-24 18:31:00,LESL
19.62,19.62,19.58,19.6,2243,2022-02-24 18:32:00,LESL
19.61,19.65,19.61,19.64,2300,2022-02-24 18:33:00,LESL
19.64,19.64,19.615,19.615,998,2022-02-24 18:34:00,LESL
19.615,19.66,19.61,19.65,2809,2022-02-24 18:35:00,LESL
19.65,19.67,19.65,19.67,1423,2022-02-24 18:36:00,LESL
19.702,19.702,19.66,19.67,2220,2022-02-24 18:37:00,LESL
19.67,19.675,19.65,19.65,2798,2022-02-24 18:38:00,LESL
19.68,19.68,19.675,19.675,222,2022-02-24 18:39:00,LESL
19.675,19.685,19.675,19.68,1408,2022-02-24 18:40:00,LESL
19.69,19.69,19.655,19.66,2701,2022-02-24 18:41:00,LESL
19.67,19.71,19.67,19.71,1676,2022-02-24 18:42:00,LESL
19.72,19.72,19.705,19.705,500,2022-02-24 18:43:00,LESL
19.71,19.71,19.66,19.66,3105,2022-02-24 18:44:00,LESL
19.65,19.66,19.64,19.65,4184,2022-02-24 18:45:00,LESL
19.65,19.735,19.65,19.73,3994,2022-02-24 18:46:00,LESL
19.74,19.74,19.7,19.705,2085,2022-02-24 18:47:00,LESL
19.71,19.74,19.71,19.74,3835,2022-02-24 18:48:00,LESL
19.74,19.83,19.74,19.83,800,2022-02-24 18:49:00,LESL
19.825,19.825,19.76,19.76,3100,2022-02-24 18:50:00,LESL
19.75,19.78,19.75,19.78,1926,2022-02-24 18:51:00,LESL
19.785,19.785,19.74,19.745,3342,2022-02-24 18:52:00,LESL
19.76,19.785,19.76,19.78,1427,2022-02-24 18:53:00,LESL
19.78,19.79,19.77,19.77,1600,2022-02-24 18:54:00,LESL
19.76,19.775,19.76,19.775,1410,2022-02-24 18:55:00,LESL
19.775,19.8,19.76,19.765,15002,2022-02-24 18:56:00,LESL
19.775,19.78,19.73,19.73,2900,2022-02-24 18:57:00,LESL
19.73,19.73,19.635,19.635,3861,2022-02-24 18:58:00,LESL
19.65,19.66,19.62,19.62,3033,2022-02-24 18:59:00,LESL
19.615,19.65,19.61,19.63,2411,2022-02-24 19:00:00,LESL
19.62,19.63,19.58,19.6,1155,2022-02-24 19:01:00,LESL
19.6,19.6,19.59,19.6,1062,2022-02-24 19:02:00,LESL
19.61,19.64,19.61,19.61,1500,2022-02-24 19:03:00,LESL
19.6,19.63,19.6,19.63,770,2022-02-24 19:04:00,LESL
19.64,19.67,19.64,19.67,1600,2022-02-24 19:05:00,LESL
19.6701,19.6701,19.59,19.59,2310,2022-02-24 19:06:00,LESL
19.61,19.645,19.61,19.63,1526,2022-02-24 19:07:00,LESL
19.65,19.66,19.64,19.65,1400,2022-02-24 19:08:00,LESL
19.64,19.64,19.58,19.58,1617,2022-02-24 19:09:00,LESL
19.585,19.64,19.585,19.635,3262,2022-02-24 19:10:00,LESL
19.65,19.66,19.635,19.64,1710,2022-02-24 19:11:00,LESL
19.63,19.675,19.63,19.675,1273,2022-02-24 19:12:00,LESL
19.68,19.69,19.665,19.69,2000,2022-02-24 19:13:00,LESL
19.69,19.69,19.67,19.68,2300,2022-02-24 19:14:00,LESL
19.68,19.74,19.68,19.705,2821,2022-02-24 19:15:00,LESL
19.7,19.71,19.69,19.69,600,2022-02-24 19:16:00,LESL
19.69,19.72,19.69,19.715,1708,2022-02-24 19:17:00,LESL
19.715,19.715,19.69,19.695,5208,2022-02-24 19:18:00,LESL
19.695,19.74,19.69,19.73,7882,2022-02-24 19:19:00,LESL
19.73,19.73,19.7,19.7,2300,2022-02-24 19:20:00,LESL
19.71,19.74,19.71,19.71,3322,2022-02-24 19:21:00,LESL
19.71,19.71,19.64,19.7,9602,2022-02-24 19:22:00,LESL
19.71,19.71,19.7,19.71,9908,2022-02-24 19:23:00,LESL
19.72,19.73,19.71,19.71,1078,2022-02-24 19:24:00,LESL
19.75,19.76,19.74,19.75,2420,2022-02-24 19:25:00,LESL
19.74,19.745,19.715,19.73,2555,2022-02-24 19:26:00,LESL
19.73,19.77,19.73,19.77,600,2022-02-24 19:27:00,LESL
19.77,19.78,19.77,19.78,1300,2022-02-24 19:28:00,LESL
19.77,19.8,19.76,19.8,400,2022-02-24 19:29:00,LESL
19.805,19.85,19.805,19.845,700,2022-02-24 19:30:00,LESL
19.86,19.87,19.8333,19.84,3556,2022-02-24 19:31:00,LESL
19.85,19.89,19.84,19.88,4468,2022-02-24 19:32:00,LESL
19.89,19.89,19.87,19.89,2580,2022-02-24 19:33:00,LESL
19.91,19.93,19.9,19.9,1150,2022-02-24 19:34:00,LESL
19.91,19.92,19.9,19.92,900,2022-02-24 19:35:00,LESL
19.9,19.92,19.87,19.92,2536,2022-02-24 19:36:00,LESL
19.92,19.925,19.91,19.915,1200,2022-02-24 19:37:00,LESL
19.92,19.95,19.92,19.93,2165,2022-02-24 19:38:00,LESL
19.92,19.94,19.92,19.94,500,2022-02-24 19:39:00,LESL
19.93,19.95,19.89,19.9,2956,2022-02-24 19:40:00,LESL
19.9,19.91,19.89,19.91,2569,2022-02-24 19:41:00,LESL
19.91,19.925,19.9,19.91,1300,2022-02-24 19:42:00,LESL
19.92,19.92,19.9,19.9,900,2022-02-24 19:43:00,LESL
19.9,19.92,19.9,19.92,1400,2022-02-24 19:44:00,LESL
19.925,19.95,19.92,19.945,900,2022-02-24 19:45:00,LESL
19.95,19.98,19.93,19.9494,13035,2022-02-24 19:46:00,LESL
19.95,19.95,19.87,19.895,2800,2022-02-24 19:47:00,LESL
19.89,19.91,19.885,19.91,2432,2022-02-24 19:48:00,LESL
19.9,19.95,19.9,19.95,2566,2022-02-24 19:49:00,LESL
19.95,19.95,19.9,19.92,1100,2022-02-24 19:50:00,LESL
19.91,19.91,19.88,19.905,2793,2022-02-24 19:51:00,LESL
19.9,19.93,19.89,19.93,1276,2022-02-24 19:52:00,LESL
19.935,19.94,19.93,19.94,866,2022-02-24 19:53:00,LESL
19.96,19.964,19.92,19.95,2272,2022-02-24 19:54:00,LESL
19.95,19.96,19.91,19.9396,1200,2022-02-24 19:55:00,LESL
19.94,19.96,19.92,19.955,1734,2022-02-24 19:56:00,LESL
19.955,19.96,19.955,19.96,900,2022-02-24 19:57:00,LESL
19.94,19.94,19.91,19.91,900,2022-02-24 19:58:00,LESL
19.915,19.96,19.915,19.95,4706,2022-02-24 19:59:00,LESL
19.955,19.955,19.93,19.93,2020,2022-02-24 20:00:00,LESL
19.94,19.97,19.935,19.97,1000,2022-02-24 20:01:00,LESL
19.96,19.99,19.96,19.99,1477,2022-02-24 20:02:00,LESL
19.98,20.0,19.94,20.0,1116,2022-02-24 20:03:00,LESL
20.0,20.02,19.99,20.0,8730,2022-02-24 20:04:00,LESL
20.01,20.01,19.975,19.99,2928,2022-02-24 20:05:00,LESL
19.99,20.02,19.99,20.0,2455,2022-02-24 20:06:00,LESL
19.99,20.0,19.98,20.0,1759,2022-02-24 20:07:00,LESL
20.0,20.01,19.995,20.0,4300,2022-02-24 20:08:00,LESL
20.0,20.01,19.9503,20.0,7688,2022-02-24 20:09:00,LESL
19.99,20.005,19.975,19.9778,3976,2022-02-24 20:10:00,LESL
19.97,20.0,19.97,19.99,1800,2022-02-24 20:11:00,LESL
19.99,19.99,19.96,19.965,1727,2022-02-24 20:12:00,LESL
19.98,19.98,19.96,19.98,800,2022-02-24 20:13:00,LESL
19.98,19.99,19.98,19.98,800,2022-02-24 20:14:00,LESL
19.985,20.0,19.985,20.0,1400,2022-02-24 20:15:00,LESL
19.99,19.99,19.955,19.97,3472,2022-02-24 20:16:00,LESL
19.98,19.99,19.96,19.97,5750,2022-02-24 20:17:00,LESL
19.97,20.0,19.97,19.98,1500,2022-02-24 20:18:00,LESL
20.0,20.0155,19.99,19.99,3494,2022-02-24 20:19:00,LESL
20.0,20.0,19.95,19.97,2619,2022-02-24 20:20:00,LESL
19.97,20.01,19.97,19.99,2158,2022-02-24 20:21:00,LESL
19.98,20.0,19.98,20.0,1500,2022-02-24 20:22:00,LESL
20.0,20.02,19.985,20.0,7087,2022-02-24 20:23:00,LESL
20.01,20.01,19.985,19.985,6525,2022-02-24 20:24:00,LESL
19.985,19.99,19.95,19.975,9762,2022-02-24 20:25:00,LESL
19.975,19.98,19.95,19.97,4011,2022-02-24 20:26:00,LESL
19.97,19.97,19.94,19.95,3017,2022-02-24 20:27:00,LESL
19.9575,20.01,19.9575,19.97,11564,2022-02-24 20:28:00,LESL
19.96,19.9906,19.96,19.961,2947,2022-02-24 20:29:00,LESL
19.97,20.03,19.97,20.01,4733,2022-02-24 20:30:00,LESL
20.015,20.03,20.0,20.03,5963,2022-02-24 20:31:00,LESL
20.03,20.07,20.02,20.055,21330,2022-02-24 20:32:00,LESL
20.07,20.1,20.06,20.07,31700,2022-02-24 20:33:00,LESL
20.07,20.075,20.04,20.04,17383,2022-02-24 20:34:00,LESL
20.045,20.06,20.02,20.03,15191,2022-02-24 20:35:00,LESL
20.03,20.05,20.0,20.025,27242,2022-02-24 20:36:00,LESL
20.03,20.081,20.025,20.07,4869,2022-02-24 20:37:00,LESL
20.08,20.09,20.07,20.09,10191,2022-02-24 20:38:00,LESL
20.1,20.1,20.04,20.045,24627,2022-02-24 20:39:00,LESL
20.045,20.16,20.025,20.14,17150,2022-02-24 20:40:00,LESL
20.145,20.17,20.13,20.16,5136,2022-02-24 20:41:00,LESL
20.13,20.16,20.125,20.15,3406,2022-02-24 20:42:00,LESL
20.155,20.19,20.15,20.15,3258,2022-02-24 20:43:00,LESL
20.15,20.16,20.145,20.16,1801,2022-02-24 20:44:00,LESL
20.14,20.21,20.13,20.19,4642,2022-02-24 20:45:00,LESL
20.21,20.21,20.15,20.165,3146,2022-02-24 20:46:00,LESL
20.17,20.18,20.15,20.16,4435,2022-02-24 20:47:00,LESL
20.145,20.15,20.12,20.12,6358,2022-02-24 20:48:00,LESL
20.12,20.12,20.05,20.075,5215,2022-02-24 20:49:00,LESL
20.08,20.17,20.08,20.17,7151,2022-02-24 20:50:00,LESL
20.175,20.2,20.175,20.185,8337,2022-02-24 20:51:00,LESL
20.18,20.18,20.14,20.14,14191,2022-02-24 20:52:00,LESL
20.15,20.15,20.14,20.145,9064,2022-02-24 20:53:00,LESL
20.14,20.17,20.13,20.16,13446,2022-02-24 20:54:00,LESL
20.17,20.2,20.16,20.195,19587,2022-02-24 20:55:00,LESL
20.21,20.21,20.19,20.195,14593,2022-02-24 20:56:00,LESL
20.195,20.21,20.18,20.205,23102,2022-02-24 20:57:00,LESL
20.2,20.205,20.19,20.195,17105,2022-02-24 20:58:00,LESL
20.195,20.23,20.195,20.23,39108,2022-02-24 20:59:00,LESL
20.2,20.23,20.2,20.23,135138,2022-02-24 21:00:00,LESL
19.87,20.15,19.87,20.15,1800,2022-02-24 21:44:00,LESL
20.32,20.36,20.17,20.36,15595,2022-02-25 14:30:00,LESL
20.45,20.45,20.25,20.25,3645,2022-02-25 14:31:00,LESL
20.25,20.25,20.25,20.25,600,2022-02-25 14:32:00,LESL
20.18,20.29,20.18,20.29,2803,2022-02-25 14:33:00,LESL
20.29,20.29,20.23,20.23,2400,2022-02-25 14:34:00,LESL
20.14,20.24,20.14,20.17,2800,2022-02-25 14:35:00,LESL
20.17,20.2,20.17,20.18,800,2022-02-25 14:36:00,LESL
20.17,20.18,20.12,20.12,1200,2022-02-25 14:37:00,LESL
20.07,20.12,20.07,20.12,2629,2022-02-25 14:38:00,LESL
20.09,20.11,20.07,20.11,1947,2022-02-25 14:39:00,LESL
20.08,20.19,20.08,20.14,7539,2022-02-25 14:40:00,LESL
20.165,20.22,20.165,20.18,1700,2022-02-25 14:41:00,LESL
20.16,20.16,20.085,20.085,1100,2022-02-25 14:42:00,LESL
20.085,20.11,20.045,20.095,6661,2022-02-25 14:43:00,LESL
20.08,20.115,20.07,20.115,6138,2022-02-25 14:44:00,LESL
20.13,20.18,20.13,20.155,3904,2022-02-25 14:45:00,LESL
20.155,20.16,20.155,20.16,500,2022-02-25 14:46:00,LESL
20.15,20.16,20.12,20.12,1300,2022-02-25 14:47:00,LESL
20.13,20.15,20.09,20.15,1700,2022-02-25 14:49:00,LESL
20.15,20.15,20.11,20.11,1100,2022-02-25 14:50:00,LESL
20.13,20.15,20.11,20.12,1000,2022-02-25 14:51:00,LESL
20.105,20.105,20.09,20.09,400,2022-02-25 14:52:00,LESL
20.07,20.07,20.0,20.0,1464,2022-02-25 14:53:00,LESL
20.02,20.08,20.02,20.064,800,2022-02-25 14:54:00,LESL
20.09,20.1,20.02,20.02,2100,2022-02-25 14:55:00,LESL
20.0,20.04,19.98,20.04,19828,2022-02-25 14:56:00,LESL
20.01,20.01,19.99,20.0,1500,2022-02-25 14:57:00,LESL
20.01,20.01,19.98,20.0,1247,2022-02-25 14:58:00,LESL
19.985,19.985,19.9,19.95,3411,2022-02-25 14:59:00,LESL
19.925,19.95,19.9,19.94,2350,2022-02-25 15:00:00,LESL
19.93,19.93,19.88,19.88,2250,2022-02-25 15:01:00,LESL
19.88,19.88,19.82,19.82,7738,2022-02-25 15:02:00,LESL
19.83,19.83,19.82,19.82,1000,2022-02-25 15:03:00,LESL
19.82,19.82,19.8,19.8,1280,2022-02-25 15:04:00,LESL
19.8,19.82,19.78,19.8,2885,2022-02-25 15:05:00,LESL
19.8,19.83,19.8,19.8,2100,2022-02-25 15:06:00,LESL
19.78,19.78,19.76,19.76,6189,2022-02-25 15:07:00,LESL
19.76,19.785,19.76,19.78,1694,2022-02-25 15:08:00,LESL
19.77,19.77,19.76,19.76,200,2022-02-25 15:09:00,LESL
19.76,19.8,19.76,19.76,3721,2022-02-25 15:10:00,LESL
19.76,19.76,19.76,19.76,100,2022-02-25 15:11:00,LESL
19.7,19.74,19.68,19.725,3950,2022-02-25 15:13:00,LESL
19.725,19.725,19.71,19.71,875,2022-02-25 15:14:00,LESL
19.69,19.69,19.66,19.68,2700,2022-02-25 15:15:00,LESL
19.64,19.68,19.62,19.675,2727,2022-02-25 15:16:00,LESL
19.68,19.7,19.68,19.7,900,2022-02-25 15:17:00,LESL
19.72,19.79,19.72,19.75,1503,2022-02-25 15:18:00,LESL
19.72,19.74,19.68,19.74,5300,2022-02-25 15:20:00,LESL
19.73,19.76,19.73,19.75,2895,2022-02-25 15:21:00,LESL
19.72,19.72,19.72,19.72,302,2022-02-25 15:22:00,LESL
19.71,19.82,19.7,19.78,4935,2022-02-25 15:23:00,LESL
19.78,19.78,19.76,19.78,500,2022-02-25 15:24:00,LESL
19.78,19.825,19.78,19.825,2300,2022-02-25 15:25:00,LESL
19.84,19.84,19.8,19.8114,2658,2022-02-25 15:26:00,LESL
19.805,19.805,19.72,19.725,7476,2022-02-25 15:27:00,LESL
19.74,19.755,19.74,19.755,2865,2022-02-25 15:28:00,LESL
19.745,19.78,19.745,19.76,5581,2022-02-25 15:29:00,LESL
19.75,19.78,19.745,19.775,1958,2022-02-25 15:30:00,LESL
19.775,19.8,19.77,19.79,3099,2022-02-25 15:31:00,LESL
19.795,19.795,19.76,19.76,1618,2022-02-25 15:32:00,LESL
19.76,19.83,19.76,19.83,3432,2022-02-25 15:33:00,LESL
19.815,19.815,19.78,19.7909,1570,2022-02-25 15:35:00,LESL
19.779,19.78,19.74,19.75,5294,2022-02-25 15:36:00,LESL
19.73,19.78,19.73,19.78,4804,2022-02-25 15:37:00,LESL
19.77,19.78,19.77,19.78,1300,2022-02-25 15:38:00,LESL
19.79,19.81,19.79,19.81,1200,2022-02-25 15:39:00,LESL
19.835,19.865,19.835,19.865,1001,2022-02-25 15:40:00,LESL
19.89,19.9,19.89,19.9,200,2022-02-25 15:41:00,LESL
19.93,19.95,19.93,19.95,1301,2022-02-25 15:42:00,LESL
19.98,20.02,19.98,20.02,700,2022-02-25 15:44:00,LESL
20.01,20.03,20.01,20.03,3065,2022-02-25 15:45:00,LESL
20.05,20.12,20.05,20.1,1700,2022-02-25 15:47:00,LESL
20.11,20.11,20.11,20.11,100,2022-02-25 15:48:00,LESL
20.12,20.13,20.09,20.095,2250,2022-02-25 15:50:00,LESL
20.11,20.1205,20.09,20.09,1400,2022-02-25 15:51:00,LESL
20.11,20.15,20.11,20.15,1031,2022-02-25 15:52:00,LESL
20.14,20.14,20.14,20.14,663,2022-02-25 15:53:00,LESL
20.12,20.13,20.11,20.115,2029,2022-02-25 15:54:00,LESL
20.125,20.1506,20.125,20.1506,324,2022-02-25 15:55:00,LESL
20.16,20.16,20.14,20.15,400,2022-02-25 15:56:00,LESL
20.165,20.19,20.165,20.185,700,2022-02-25 15:57:00,LESL
20.19,20.19,20.17,20.17,1800,2022-02-25 15:58:00,LESL
20.16,20.2,20.16,20.175,2960,2022-02-25 15:59:00,LESL
20.175,20.175,20.14,20.16,4307,2022-02-25 16:00:00,LESL
20.18,20.2,20.18,20.18,1100,2022-02-25 16:01:00,LESL
20.185,20.185,20.16,20.18,1900,2022-02-25 16:02:00,LESL
20.2,20.2,20.2,20.2,300,2022-02-25 16:03:00,LESL
20.18,20.19,20.16,20.19,1700,2022-02-25 16:04:00,LESL
20.19,20.2,20.15,20.15,6927,2022-02-25 16:05:00,LESL
20.16,20.16,20.15,20.15,400,2022-02-25 16:06:00,LESL
20.145,20.145,20.11,20.11,600,2022-02-25 16:07:00,LESL
20.09,20.11,20.09,20.105,900,2022-02-25 16:08:00,LESL
20.105,20.13,20.09,20.13,1600,2022-02-25 16:09:00,LESL
20.13,20.15,20.13,20.14,1325,2022-02-25 16:10:00,LESL
20.14,20.17,20.14,20.17,1005,2022-02-25 16:11:00,LESL
20.18,20.21,20.18,20.21,1299,2022-02-25 16:12:00,LESL
20.2022,20.23,20.2022,20.23,2964,2022-02-25 16:13:00,LESL
20.24,20.25,20.23,20.23,2207,2022-02-25 16:14:00,LESL
20.24,20.245,20.23,20.245,2159,2022-02-25 16:15:00,LESL
20.24,20.24,20.22,20.22,2194,2022-02-25 16:16:00,LESL
20.23,20.23,20.21,20.22,2000,2022-02-25 16:17:00,LESL
20.23,20.2511,20.225,20.225,1490,2022-02-25 16:18:00,LESL
20.24,20.26,20.24,20.26,508,2022-02-25 16:19:00,LESL
20.28,20.28,20.25,20.25,1200,2022-02-25 16:20:00,LESL
20.25,20.25,20.245,20.245,400,2022-02-25 16:21:00,LESL
20.26,20.27,20.26,20.27,1200,2022-02-25 16:22:00,LESL
20.27,20.27,20.27,20.27,200,2022-02-25 16:23:00,LESL
20.27,20.28,20.26,20.27,618,2022-02-25 16:24:00,LESL
20.27,20.28,20.27,20.28,1300,2022-02-25 16:25:00,LESL
20.28,20.28,20.245,20.245,1711,2022-02-25 16:26:00,LESL
20.23,20.23,20.23,20.23,400,2022-02-25 16:27:00,LESL
20.24,20.28,20.24,20.27,1500,2022-02-25 16:28:00,LESL
20.28,20.28,20.27,20.28,803,2022-02-25 16:29:00,LESL
20.28,20.28,20.26,20.26,3637,2022-02-25 16:30:00,LESL
20.25,20.27,20.25,20.255,1180,2022-02-25 16:31:00,LESL
20.25,20.25,20.22,20.225,2700,2022-02-25 16:32:00,LESL
20.225,20.225,20.2231,20.2231,478,2022-02-25 16:33:00,LESL
20.24,20.28,20.24,20.27,1780,2022-02-25 16:34:00,LESL
20.285,20.285,20.285,20.285,100,2022-02-25 16:35:00,LESL
20.3,20.3,20.29,20.3,400,2022-02-25 16:36:00,LESL
20.29,20.29,20.27,20.27,1600,2022-02-25 16:37:00,LESL
20.26,20.28,20.245,20.28,2211,2022-02-25 16:38:00,LESL
20.275,20.29,20.275,20.29,4298,2022-02-25 16:39:00,LESL
20.28,20.29,20.245,20.245,1100,2022-02-25 16:40:00,LESL
20.25,20.3,20.25,20.3,1300,2022-02-25 16:41:00,LESL
20.3,20.32,20.3,20.31,765,2022-02-25 16:42:00,LESL
20.31,20.31,20.3,20.3,1100,2022-02-25 16:43:00,LESL
20.3,20.33,20.3,20.33,1400,2022-02-25 16:45:00,LESL
20.33,20.33,20.3079,20.31,1922,2022-02-25 16:46:00,LESL
20.305,20.32,20.305,20.31,778,2022-02-25 16:47:00,LESL
20.315,20.34,20.31,20.34,1682,2022-02-25 16:48:00,LESL
20.34,20.34,20.34,20.34,600,2022-02-25 16:49:00,LESL
20.33,20.33,20.32,20.33,3120,2022-02-25 16:50:00,LESL
20.35,20.35,20.33,20.33,600,2022-02-25 16:51:00,LESL
20.33,20.33,20.32,20.32,800,2022-02-25 16:52:00,LESL
20.33,20.37,20.33,20.37,797,2022-02-25 16:53:00,LESL
20.37,20.39,20.37,20.3899,730,2022-02-25 16:54:00,LESL
20.39,20.4,20.39,20.4,9400,2022-02-25 16:55:00,LESL
20.39,20.4,20.39,20.39,2721,2022-02-25 16:56:00,LESL
20.39,20.39,20.37,20.37,1300,2022-02-25 16:57:00,LESL
20.37,20.37,20.36,20.37,521,2022-02-25 16:58:00,LESL
20.37,20.4,20.37,20.38,2000,2022-02-25 16:59:00,LESL
20.39,20.39,20.39,20.39,300,2022-02-25 17:00:00,LESL
20.39,20.39,20.39,20.39,100,2022-02-25 17:01:00,LESL
20.4,20.405,20.395,20.405,2900,2022-02-25 17:02:00,LESL
20.4,20.4,20.38,20.38,1605,2022-02-25 17:03:00,LESL
20.36,20.36,20.36,20.36,300,2022-02-25 17:04:00,LESL
20.35,20.35,20.33,20.33,2201,2022-02-25 17:05:00,LESL
20.33,20.36,20.33,20.35,5716,2022-02-25 17:06:00,LESL
20.35,20.36,20.34,20.34,1000,2022-02-25 17:07:00,LESL
20.32,20.33,20.31,20.31,708,2022-02-25 17:08:00,LESL
20.31,20.32,20.305,20.32,4271,2022-02-25 17:09:00,LESL
20.33,20.34,20.33,20.34,1008,2022-02-25 17:10:00,LESL
20.32,20.33,20.32,20.33,300,2022-02-25 17:11:00,LESL
20.32,20.32,20.27,20.275,1100,2022-02-25 17:12:00,LESL
20.28,20.28,20.255,20.255,2440,2022-02-25 17:13:00,LESL
20.27,20.27,20.26,20.26,1100,2022-02-25 17:14:00,LESL
20.25,20.27,20.25,20.27,2036,2022-02-25 17:15:00,LESL
20.26,20.28,20.26,20.28,1400,2022-02-25 17:17:00,LESL
20.28,20.31,20.28,20.3,2800,2022-02-25 17:18:00,LESL
20.31,20.32,20.3,20.32,698,2022-02-25 17:19:00,LESL
20.3,20.3,20.26,20.26,2686,2022-02-25 17:20:00,LESL
20.26,20.261,20.26,20.261,600,2022-02-25 17:21:00,LESL
20.26,20.28,20.26,20.265,1400,2022-02-25 17:22:00,LESL
20.265,20.265,20.265,20.265,100,2022-02-25 17:23:00,LESL
20.26,20.26,20.26,20.26,500,2022-02-25 17:24:00,LESL
20.26,20.265,20.26,20.265,300,2022-02-25 17:25:00,LESL
20.27,20.29,20.27,20.29,1998,2022-02-25 17:26:00,LESL
20.29,20.29,20.29,20.29,200,2022-02-25 17:27:00,LESL
20.29,20.31,20.29,20.305,2586,2022-02-25 17:28:00,LESL
20.3,20.3,20.3,20.3,700,2022-02-25 17:29:00,LESL
20.3,20.32,20.3,20.32,2498,2022-02-25 17:30:00,LESL
20.315,20.315,20.279,20.28,2500,2022-02-25 17:31:00,LESL
20.28,20.29,20.26,20.26,2019,2022-02-25 17:33:00,LESL
20.25,20.25,20.25,20.25,400,2022-02-25 17:34:00,LESL
20.25,20.27,20.25,20.27,3111,2022-02-25 17:35:00,LESL
20.27,20.275,20.255,20.26,1000,2022-02-25 17:36:00,LESL
20.25,20.25,20.245,20.245,500,2022-02-25 17:37:00,LESL
20.25,20.265,20.25,20.265,2309,2022-02-25 17:38:00,LESL
20.27,20.28,20.27,20.28,2100,2022-02-25 17:39:00,LESL
20.2717,20.31,20.2717,20.3,1763,2022-02-25 17:40:00,LESL
20.305,20.32,20.305,20.315,1000,2022-02-25 17:41:00,LESL
20.31,20.31,20.275,20.275,1100,2022-02-25 17:42:00,LESL
20.26,20.265,20.26,20.26,300,2022-02-25 17:43:00,LESL
20.26,20.28,20.26,20.28,1666,2022-02-25 17:44:00,LESL
20.285,20.29,20.28,20.29,2000,2022-02-25 17:45:00,LESL
20.28,20.28,20.265,20.27,1510,2022-02-25 17:47:00,LESL
20.27,20.27,20.26,20.26,700,2022-02-25 17:49:00,LESL
20.23,20.23,20.21,20.21,801,2022-02-25 17:50:00,LESL
20.21,20.21,20.21,20.21,600,2022-02-25 17:51:00,LESL
20.19,20.19,20.19,20.19,200,2022-02-25 17:52:00,LESL
20.19,20.19,20.19,20.19,100,2022-02-25 17:53:00,LESL
20.18,20.18,20.18,20.18,500,2022-02-25 17:54:00,LESL
20.17,20.18,20.16,20.17,2690,2022-02-25 17:55:00,LESL
20.18,20.18,20.18,20.18,1918,2022-02-25 17:57:00,LESL
20.19,20.21,20.185,20.195,1790,2022-02-25 17:58:00,LESL
20.21,20.21,20.2018,20.2018,1248,2022-02-25 17:59:00,LESL
20.215,20.23,20.215,20.23,300,2022-02-25 18:00:00,LESL
20.26,20.28,20.25,20.25,2900,2022-02-25 18:01:00,LESL
20.25,20.25,20.24,20.24,200,2022-02-25 18:02:00,LESL
20.26,20.26,20.24,20.24,600,2022-02-25 18:03:00,LESL
20.23,20.24,20.23,20.24,350,2022-02-25 18:04:00,LESL
20.25,20.27,20.25,20.27,1200,2022-02-25 18:05:00,LESL
20.265,20.265,20.26,20.26,1312,2022-02-25 18:06:00,LESL
20.27,20.275,20.26,20.26,1995,2022-02-25 18:07:00,LESL
20.25,20.265,20.225,20.265,882,2022-02-25 18:08:00,LESL
20.265,20.265,20.265,20.265,200,2022-02-25 18:09:00,LESL
20.265,20.266,20.23,20.26,5110,2022-02-25 18:10:00,LESL
20.26,20.26,20.25,20.25,1098,2022-02-25 18:11:00,LESL
20.255,20.26,20.255,20.26,500,2022-02-25 18:12:00,LESL
20.265,20.28,20.265,20.28,600,2022-02-25 18:13:00,LESL
20.28,20.28,20.28,20.28,1300,2022-02-25 18:14:00,LESL
20.28,20.28,20.25,20.25,1211,2022-02-25 18:15:00,LESL
20.26,20.26,20.24,20.24,1590,2022-02-25 18:16:00,LESL
20.25,20.26,20.25,20.26,1400,2022-02-25 18:17:00,LESL
20.26,20.28,20.26,20.28,500,2022-02-25 18:18:00,LESL
20.29,20.29,20.285,20.29,900,2022-02-25 18:19:00,LESL
20.3,20.3,20.26,20.27,2500,2022-02-25 18:20:00,LESL
20.26,20.3,20.26,20.3,3213,2022-02-25 18:21:00,LESL
20.3,20.31,20.3,20.305,1100,2022-02-25 18:22:00,LESL
20.3,20.3,20.29,20.295,1300,2022-02-25 18:23:00,LESL
20.3,20.31,20.3,20.31,500,2022-02-25 18:24:00,LESL
20.31,20.33,20.31,20.33,1200,2022-02-25 18:25:00,LESL
20.33,20.34,20.31,20.33,5491,2022-02-25 18:26:00,LESL
20.33,20.33,20.31,20.33,3003,2022-02-25 18:27:00,LESL
20.33,20.33,20.33,20.33,100,2022-02-25 18:28:00,LESL
20.33,20.35,20.33,20.35,1100,2022-02-25 18:29:00,LESL
20.36,20.37,20.35,20.35,2158,2022-02-25 18:30:00,LESL
20.36,20.37,20.35,20.37,9926,2022-02-25 18:31:00,LESL
20.37,20.38,20.37,20.37,400,2022-02-25 18:32:00,LESL
20.38,20.39,20.38,20.385,2481,2022-02-25 18:33:00,LESL
20.385,20.4,20.385,20.4,400,2022-02-25 18:34:00,LESL
20.39,20.39,20.3652,20.375,1544,2022-02-25 18:35:00,LESL
20.37,20.37,20.32,20.32,1000,2022-02-25 18:36:00,LESL
20.33,20.33,20.3,20.32,9675,2022-02-25 18:37:00,LESL
20.33,20.34,20.33,20.34,900,2022-02-25 18:38:00,LESL
20.37,20.37,20.37,20.37,2000,2022-02-25 18:39:00,LESL
20.38,20.385,20.38,20.385,400,2022-02-25 18:40:00,LESL
20.385,20.385,20.38,20.38,1610,2022-02-25 18:41:00,LESL
20.39,20.395,20.38,20.395,1008,2022-02-25 18:42:00,LESL
20.39,20.395,20.39,20.395,500,2022-02-25 18:43:00,LESL
20.39,20.39,20.37,20.375,700,2022-02-25 18:44:00,LESL
20.375,20.38,20.37,20.37,1437,2022-02-25 18:46:00,LESL
20.37,20.37,20.35,20.35,1000,2022-02-25 18:47:00,LESL
20.35,20.36,20.35,20.355,350,2022-02-25 18:48:00,LESL
20.36,20.36,20.34,20.34,800,2022-02-25 18:49:00,LESL
20.34,20.36,20.335,20.36,4821,2022-02-25 18:51:00,LESL
20.36,20.365,20.36,20.36,350,2022-02-25 18:52:00,LESL
20.355,20.36,20.355,20.355,557,2022-02-25 18:53:00,LESL
20.35,20.35,20.33,20.33,700,2022-02-25 18:54:00,LESL
20.32,20.32,20.28,20.28,1501,2022-02-25 18:55:00,LESL
20.29,20.31,20.29,20.31,1500,2022-02-25 18:56:00,LESL
20.32,20.33,20.28,20.28,1200,2022-02-25 18:57:00,LESL
20.29,20.32,20.29,20.315,2088,2022-02-25 18:58:00,LESL
20.31,20.335,20.305,20.33,4200,2022-02-25 18:59:00,LESL
20.32,20.32,20.3,20.31,1400,2022-02-25 19:00:00,LESL
20.32,20.32,20.3,20.3,700,2022-02-25 19:01:00,LESL
20.3,20.315,20.3,20.315,1700,2022-02-25 19:02:00,LESL
20.315,20.3192,20.3,20.3,2221,2022-02-25 19:03:00,LESL
20.3,20.32,20.295,20.32,5118,2022-02-25 19:04:00,LESL
20.325,20.325,20.315,20.315,2572,2022-02-25 19:05:00,LESL
20.315,20.315,20.29,20.302,3110,2022-02-25 19:06:00,LESL
20.3,20.305,20.3,20.305,900,2022-02-25 19:07:00,LESL
20.305,20.305,20.29,20.29,1137,2022-02-25 19:08:00,LESL
20.26,20.27,20.23,20.255,2800,2022-02-25 19:10:00,LESL
20.24,20.26,20.24,20.26,2600,2022-02-25 19:11:00,LESL
20.27,20.28,20.27,20.275,1600,2022-02-25 19:12:00,LESL
20.275,20.29,20.27,20.275,2100,2022-02-25 19:13:00,LESL
20.27,20.28,20.265,20.27,1377,2022-02-25 19:14:00,LESL
20.27,20.29,20.27,20.28,1300,2022-02-25 19:15:00,LESL
20.29,20.29,20.285,20.285,500,2022-02-25 19:16:00,LESL
20.28,20.28,20.275,20.275,1007,2022-02-25 19:17:00,LESL
20.27,20.29,20.255,20.27,5566,2022-02-25 19:18:00,LESL
20.27,20.27,20.26,20.26,646,2022-02-25 19:19:00,LESL
20.26,20.29,20.26,20.29,700,2022-02-25 19:20:00,LESL
20.29,20.29,20.27,20.29,4808,2022-02-25 19:21:00,LESL
20.295,20.295,20.275,20.28,3921,2022-02-25 19:22:00,LESL
20.275,20.305,20.275,20.29,6986,2022-02-25 19:23:00,LESL
20.3,20.31,20.27,20.3,18721,2022-02-25 19:24:00,LESL
20.3,20.3,20.27,20.27,5537,2022-02-25 19:25:00,LESL
20.28,20.3,20.275,20.29,3347,2022-02-25 19:26:00,LESL
20.29,20.2939,20.29,20.2939,499,2022-02-25 19:27:00,LESL
20.3,20.34,20.3,20.325,3325,2022-02-25 19:28:00,LESL
20.32,20.32,20.29,20.3,6749,2022-02-25 19:29:00,LESL
20.3,20.34,20.28,20.34,20251,2022-02-25 19:30:00,LESL
20.35,20.38,20.34,20.34,4500,2022-02-25 19:31:00,LESL
20.33,20.34,20.33,20.33,1100,2022-02-25 19:32:00,LESL
20.33,20.33,20.32,20.32,800,2022-02-25 19:33:00,LESL
20.31,20.31,20.285,20.3,3173,2022-02-25 19:34:00,LESL
20.305,20.355,20.305,20.355,1306,2022-02-25 19:35:00,LESL
20.36,20.36,20.345,20.35,1571,2022-02-25 19:36:00,LESL
20.35,20.35,20.345,20.345,900,2022-02-25 19:37:00,LESL
20.34,20.345,20.33,20.335,1420,2022-02-25 19:38:00,LESL
20.34,20.3699,20.34,20.355,1298,2022-02-25 19:39:00,LESL
20.365,20.4,20.365,20.4,1600,2022-02-25 19:40:00,LESL
20.41,20.41,20.405,20.41,700,2022-02-25 19:41:00,LESL
20.41,20.43,20.39,20.39,3995,2022-02-25 19:42:00,LESL
20.395,20.41,20.38,20.41,7351,2022-02-25 19:43:00,LESL
20.44,20.44,20.44,20.44,100,2022-02-25 19:44:00,LESL
20.44,20.47,20.44,20.445,3458,2022-02-25 19:45:00,LESL
20.455,20.46,20.45,20.45,602,2022-02-25 19:46:00,LESL
20.45,20.46,20.45,20.46,653,2022-02-25 19:47:00,LESL
20.48,20.4899,20.46,20.48,2809,2022-02-25 19:48:00,LESL
20.4804,20.515,20.4804,20.515,1695,2022-02-25 19:49:00,LESL
20.51,20.515,20.5,20.505,2394,2022-02-25 19:50:00,LESL
20.505,20.505,20.47,20.48,2400,2022-02-25 19:51:00,LESL
20.49,20.5,20.46,20.46,1300,2022-02-25 19:52:00,LESL
20.43,20.44,20.43,20.44,200,2022-02-25 19:53:00,LESL
20.44,20.47,20.44,20.443,1666,2022-02-25 19:54:00,LESL
20.445,20.47,20.445,20.47,826,2022-02-25 19:55:00,LESL
20.47,20.47,20.45,20.465,2800,2022-02-25 19:56:00,LESL
20.47,20.5,20.47,20.5,600,2022-02-25 19:57:00,LESL
20.5,20.505,20.47,20.49,2400,2022-02-25 19:58:00,LESL
20.49,20.49,20.485,20.49,1033,2022-02-25 19:59:00,LESL
20.48,20.49,20.45,20.46,3821,2022-02-25 20:00:00,LESL
20.46,20.46,20.455,20.455,200,2022-02-25 20:01:00,LESL
20.46,20.47,20.46,20.47,200,2022-02-25 20:02:00,LESL
20.46,20.5,20.46,20.475,5334,2022-02-25 20:03:00,LESL
20.48,20.495,20.48,20.495,1400,2022-02-25 20:04:00,LESL
20.51,20.515,20.5,20.5,1100,2022-02-25 20:05:00,LESL
20.5,20.52,20.495,20.505,2837,2022-02-25 20:06:00,LESL
20.51,20.52,20.51,20.515,800,2022-02-25 20:07:00,LESL
20.51,20.515,20.475,20.515,5100,2022-02-25 20:08:00,LESL
20.515,20.52,20.49,20.51,4600,2022-02-25 20:09:00,LESL
20.51,20.515,20.48,20.49,1831,2022-02-25 20:10:00,LESL
20.49,20.51,20.49,20.49,2805,2022-02-25 20:11:00,LESL
20.485,20.49,20.485,20.49,300,2022-02-25 20:12:00,LESL
20.5,20.5,20.485,20.5,2723,2022-02-25 20:13:00,LESL
20.505,20.52,20.505,20.52,908,2022-02-25 20:14:00,LESL
20.52,20.55,20.52,20.55,2100,2022-02-25 20:15:00,LESL
20.55,20.56,20.54,20.54,1915,2022-02-25 20:16:00,LESL
20.54,20.54,20.54,20.54,100,2022-02-25 20:17:00,LESL
20.55,20.56,20.55,20.56,400,2022-02-25 20:18:00,LESL
20.56,20.56,20.56,20.56,100,2022-02-25 20:19:00,LESL
20.56,20.575,20.56,20.565,1300,2022-02-25 20:20:00,LESL
20.56,20.56,20.53,20.53,1608,2022-02-25 20:21:00,LESL
20.54,20.555,20.54,20.54,935,2022-02-25 20:22:00,LESL
20.55,20.575,20.55,20.56,920,2022-02-25 20:24:00,LESL
20.565,20.565,20.54,20.55,1700,2022-02-25 20:25:00,LESL
20.56,20.56,20.55,20.555,600,2022-02-25 20:26:00,LESL
20.555,20.565,20.5547,20.5547,954,2022-02-25 20:27:00,LESL
20.55,20.55,20.53,20.53,1900,2022-02-25 20:28:00,LESL
20.535,20.585,20.535,20.585,13847,2022-02-25 20:29:00,LESL
20.585,20.615,20.58,20.615,2931,2022-02-25 20:30:00,LESL
20.62,20.62,20.6,20.61,5140,2022-02-25 20:31:00,LESL
20.61,20.64,20.59,20.64,7437,2022-02-25 20:32:00,LESL
20.65,20.65,20.63,20.64,4435,2022-02-25 20:33:00,LESL
20.635,20.64,20.62,20.625,2400,2022-02-25 20:34:00,LESL
20.62,20.645,20.62,20.62,9422,2022-02-25 20:35:00,LESL
20.62,20.635,20.6,20.605,2400,2022-02-25 20:36:00,LESL
20.605,20.61,20.605,20.605,400,2022-02-25 20:37:00,LESL
20.605,20.645,20.595,20.645,11077,2022-02-25 20:38:00,LESL
20.64,20.65,20.625,20.625,2849,2022-02-25 20:39:00,LESL
20.63,20.635,20.625,20.625,1296,2022-02-25 20:40:00,LESL
20.63,20.65,20.63,20.635,3822,2022-02-25 20:41:00,LESL
20.64,20.64,20.605,20.625,4348,2022-02-25 20:42:00,LESL
20.615,20.645,20.615,20.645,1500,2022-02-25 20:43:00,LESL
20.65,20.655,20.64,20.64,2031,2022-02-25 20:44:00,LESL
20.645,20.65,20.62,20.635,9160,2022-02-25 20:45:00,LESL
20.64,20.65,20.63,20.6499,2126,2022-02-25 20:46:00,LESL
20.645,20.65,20.64,20.65,1372,2022-02-25 20:47:00,LESL
20.645,20.645,20.62,20.635,4944,2022-02-25 20:48:00,LESL
20.63,20.63,20.61,20.625,3164,2022-02-25 20:49:00,LESL
20.63,20.665,20.6,20.665,40393,2022-02-25 20:50:00,LESL
20.665,20.685,20.665,20.68,3322,2022-02-25 20:51:00,LESL
20.68,20.68,20.65,20.65,7687,2022-02-25 20:52:00,LESL
20.655,20.69,20.655,20.685,5701,2022-02-25 20:53:00,LESL
20.69,20.69,20.66,20.66,9890,2022-02-25 20:54:00,LESL
20.65,20.68,20.65,20.675,14616,2022-02-25 20:55:00,LESL
20.675,20.68,20.65,20.66,18465,2022-02-25 20:56:00,LESL
20.655,20.66,20.65,20.655,26680,2022-02-25 20:57:00,LESL
20.655,20.66,20.65,20.65,27929,2022-02-25 20:58:00,LESL
20.65,20.68,20.65,20.67,34904,2022-02-25 20:59:00,LESL
20.66,20.66,20.66,20.66,110723,2022-02-25 21:00:00,LESL
20.66,20.66,20.66,20.66,4325,2022-02-25 21:01:00,LESL
