open,high,low,close,volume,datetime,symbol
116.88,116.88,116.88,116.88,100,2022-06-01 12:09:00,IBB
117.3,117.3,117.3,117.3,100,2022-06-01 12:28:00,IBB
117.57,117.8,117.2,117.59,37890,2022-06-01 13:30:00,IBB
117.55,117.625,117.33,117.62,12099,2022-06-01 13:31:00,IBB
117.645,117.67,117.535,117.575,2332,2022-06-01 13:32:00,IBB
117.54,117.91,117.54,117.77,12759,2022-06-01 13:33:00,IBB
117.72,118.1579,117.72,118.1579,17132,2022-06-01 13:34:00,IBB
118.12,118.24,117.555,117.555,10804,2022-06-01 13:35:00,IBB
117.5,117.69,117.42,117.64,4525,2022-06-01 13:36:00,IBB
117.64,117.79,117.64,117.78,1701,2022-06-01 13:37:00,IBB
117.59,117.75,117.59,117.64,3278,2022-06-01 13:38:00,IBB
117.56,117.69,117.42,117.42,3852,2022-06-01 13:39:00,IBB
117.42,117.42,117.3,117.38,1395,2022-06-01 13:40:00,IBB
117.37,117.45,117.3,117.45,8190,2022-06-01 13:41:00,IBB
117.46,117.5,117.2,117.21,6457,2022-06-01 13:42:00,IBB
117.2,117.25,117.17,117.21,3485,2022-06-01 13:43:00,IBB
117.23,117.32,117.14,117.16,3078,2022-06-01 13:44:00,IBB
117.15,117.3,117.13,117.24,2931,2022-06-01 13:45:00,IBB
117.2499,117.2499,117.16,117.16,9600,2022-06-01 13:46:00,IBB
117.17,117.23,117.04,117.04,3195,2022-06-01 13:47:00,IBB
117.03,117.07,116.99,117.05,6695,2022-06-01 13:48:00,IBB
117.05,117.05,116.9,116.96,2202,2022-06-01 13:49:00,IBB
116.97,116.97,116.85,116.86,3810,2022-06-01 13:50:00,IBB
116.87,116.87,116.74,116.74,2704,2022-06-01 13:51:00,IBB
116.79,116.84,116.7632,116.7632,1620,2022-06-01 13:52:00,IBB
116.72,116.76,116.65,116.68,4916,2022-06-01 13:53:00,IBB
116.66,116.78,116.6,116.77,2517,2022-06-01 13:54:00,IBB
116.82,116.93,116.81,116.87,4238,2022-06-01 13:55:00,IBB
116.89,116.96,116.86,116.96,1088,2022-06-01 13:56:00,IBB
116.98,117.13,116.86,116.86,4050,2022-06-01 13:57:00,IBB
116.89,116.98,116.89,116.93,2243,2022-06-01 13:58:00,IBB
116.9557,117.0,116.89,116.89,3223,2022-06-01 13:59:00,IBB
116.98,117.0,116.355,116.46,15620,2022-06-01 14:00:00,IBB
116.38,116.5,116.3784,116.45,27014,2022-06-01 14:01:00,IBB
116.47,116.6,116.44,116.48,3048,2022-06-01 14:02:00,IBB
116.45,116.5,116.4,116.46,4311,2022-06-01 14:03:00,IBB
116.44,116.44,116.34,116.36,4378,2022-06-01 14:04:00,IBB
116.34,116.38,116.08,116.12,6000,2022-06-01 14:05:00,IBB
116.14,116.19,116.0,116.03,6523,2022-06-01 14:06:00,IBB
116.04,116.055,115.91,115.97,3250,2022-06-01 14:07:00,IBB
115.94,116.06,115.85,115.85,4306,2022-06-01 14:08:00,IBB
115.87,115.92,115.82,115.92,1129,2022-06-01 14:09:00,IBB
115.9,115.99,115.9,115.92,1120,2022-06-01 14:10:00,IBB
115.97,116.13,115.97,116.05,5519,2022-06-01 14:11:00,IBB
116.02,116.02,115.93,116.02,3937,2022-06-01 14:12:00,IBB
115.98,116.01,115.885,116.0,4083,2022-06-01 14:13:00,IBB
115.96,116.0,115.92,115.97,1400,2022-06-01 14:14:00,IBB
115.97,115.99,115.85,115.98,9286,2022-06-01 14:15:00,IBB
115.93,115.99,115.82,115.82,6622,2022-06-01 14:16:00,IBB
115.81,115.9206,115.78,115.9206,4195,2022-06-01 14:17:00,IBB
115.87,115.91,115.85,115.91,1400,2022-06-01 14:18:00,IBB
115.8861,115.8861,115.75,115.75,3548,2022-06-01 14:19:00,IBB
115.74,115.94,115.71,115.87,6905,2022-06-01 14:20:00,IBB
115.87,115.97,115.86,115.935,900,2022-06-01 14:21:00,IBB
115.95,115.95,115.835,115.835,1499,2022-06-01 14:22:00,IBB
115.86,115.8916,115.86,115.88,560,2022-06-01 14:23:00,IBB
115.87,115.88,115.72,115.72,4455,2022-06-01 14:24:00,IBB
115.71,115.8196,115.7,115.81,2600,2022-06-01 14:25:00,IBB
115.75,115.75,115.63,115.65,2951,2022-06-01 14:26:00,IBB
115.65,115.83,115.63,115.76,3595,2022-06-01 14:27:00,IBB
115.7686,115.78,115.72,115.7208,2556,2022-06-01 14:28:00,IBB
115.76,115.94,115.76,115.94,3117,2022-06-01 14:29:00,IBB
115.92,116.08,115.88,115.95,4484,2022-06-01 14:30:00,IBB
115.89,115.9,115.86,115.86,1927,2022-06-01 14:31:00,IBB
115.85,115.9,115.78,115.78,1600,2022-06-01 14:32:00,IBB
115.75,115.84,115.74,115.81,3978,2022-06-01 14:33:00,IBB
115.81,115.81,115.7,115.73,2528,2022-06-01 14:34:00,IBB
115.7,115.71,115.57,115.58,2000,2022-06-01 14:35:00,IBB
115.57,115.57,115.46,115.52,11631,2022-06-01 14:36:00,IBB
115.54,115.56,115.47,115.56,14352,2022-06-01 14:37:00,IBB
115.62,115.62,115.53,115.54,2300,2022-06-01 14:38:00,IBB
115.64,115.66,115.63,115.64,1200,2022-06-01 14:39:00,IBB
115.67,115.67,115.65,115.66,1482,2022-06-01 14:40:00,IBB
115.6,115.67,115.6,115.67,600,2022-06-01 14:41:00,IBB
115.67,115.67,115.61,115.62,3800,2022-06-01 14:42:00,IBB
115.61,115.71,115.59,115.71,1006,2022-06-01 14:43:00,IBB
115.76,115.76,115.65,115.68,2018,2022-06-01 14:44:00,IBB
115.64,115.67,115.62,115.6557,2081,2022-06-01 14:45:00,IBB
115.71,115.81,115.71,115.81,2284,2022-06-01 14:46:00,IBB
115.8112,115.86,115.765,115.8,2700,2022-06-01 14:47:00,IBB
115.76,115.78,115.71,115.71,1227,2022-06-01 14:48:00,IBB
115.71,115.735,115.66,115.67,2000,2022-06-01 14:49:00,IBB
115.66,115.74,115.66,115.72,978,2022-06-01 14:50:00,IBB
115.62,115.7,115.62,115.69,1300,2022-06-01 14:51:00,IBB
115.76,115.82,115.76,115.76,1300,2022-06-01 14:52:00,IBB
115.765,115.87,115.765,115.87,682,2022-06-01 14:53:00,IBB
115.87,115.99,115.87,115.95,2205,2022-06-01 14:54:00,IBB
115.92,115.92,115.88,115.91,500,2022-06-01 14:55:00,IBB
115.94,115.98,115.9,115.9,2282,2022-06-01 14:56:00,IBB
115.93,115.93,115.83,115.84,3032,2022-06-01 14:57:00,IBB
115.82,115.84,115.79,115.825,1612,2022-06-01 14:58:00,IBB
115.82,115.82,115.75,115.75,2208,2022-06-01 14:59:00,IBB
115.74,115.74,115.6801,115.6801,2348,2022-06-01 15:00:00,IBB
115.73,115.73,115.57,115.57,1435,2022-06-01 15:01:00,IBB
115.52,115.54,115.48,115.48,1307,2022-06-01 15:02:00,IBB
115.43,115.59,115.43,115.59,1500,2022-06-01 15:03:00,IBB
115.53,115.62,115.52,115.52,1874,2022-06-01 15:04:00,IBB
115.54,115.57,115.53,115.56,3498,2022-06-01 15:05:00,IBB
115.52,115.57,115.52,115.57,500,2022-06-01 15:06:00,IBB
115.59,115.59,115.52,115.52,400,2022-06-01 15:07:00,IBB
115.54,115.61,115.54,115.58,905,2022-06-01 15:08:00,IBB
115.56,115.56,115.47,115.47,1326,2022-06-01 15:09:00,IBB
115.49,115.54,115.47,115.5212,1160,2022-06-01 15:10:00,IBB
115.55,115.61,115.5,115.55,3000,2022-06-01 15:11:00,IBB
115.58,115.67,115.58,115.65,1200,2022-06-01 15:12:00,IBB
115.61,115.61,115.5281,115.55,544,2022-06-01 15:13:00,IBB
115.51,115.51,115.51,115.51,230,2022-06-01 15:14:00,IBB
115.501,115.54,115.46,115.46,3671,2022-06-01 15:15:00,IBB
115.45,115.475,115.26,115.26,7158,2022-06-01 15:16:00,IBB
115.24,115.36,115.19,115.31,5734,2022-06-01 15:17:00,IBB
115.3,115.3,115.2,115.3,6255,2022-06-01 15:18:00,IBB
115.32,115.39,115.32,115.36,3135,2022-06-01 15:19:00,IBB
115.29,115.29,115.24,115.24,1400,2022-06-01 15:20:00,IBB
115.21,115.28,115.21,115.215,1460,2022-06-01 15:21:00,IBB
115.185,115.185,115.15,115.15,1300,2022-06-01 15:22:00,IBB
115.11,115.1563,115.06,115.06,910,2022-06-01 15:23:00,IBB
115.06,115.07,114.981,115.01,8638,2022-06-01 15:24:00,IBB
115.03,115.04,114.95,114.99,2839,2022-06-01 15:25:00,IBB
114.99,115.01,114.91,114.91,2832,2022-06-01 15:26:00,IBB
114.9255,114.93,114.88,114.88,1100,2022-06-01 15:27:00,IBB
114.93,115.02,114.9243,115.01,2095,2022-06-01 15:28:00,IBB
114.99,115.0,114.92,115.0,2608,2022-06-01 15:29:00,IBB
114.98,114.98,114.91,114.94,3522,2022-06-01 15:30:00,IBB
114.9,114.97,114.9,114.93,800,2022-06-01 15:31:00,IBB
115.0,115.0,114.91,114.91,1300,2022-06-01 15:32:00,IBB
114.91,114.93,114.87,114.87,1300,2022-06-01 15:33:00,IBB
114.87,114.95,114.86,114.895,1011,2022-06-01 15:34:00,IBB
114.9,114.9,114.77,114.81,1997,2022-06-01 15:35:00,IBB
114.7913,114.8,114.7,114.7,2989,2022-06-01 15:36:00,IBB
114.7,114.8,114.7,114.75,1400,2022-06-01 15:37:00,IBB
114.73,114.8,114.72,114.8,1851,2022-06-01 15:38:00,IBB
114.79,114.79,114.67,114.71,2470,2022-06-01 15:39:00,IBB
114.68,114.68,114.66,114.68,600,2022-06-01 15:40:00,IBB
114.68,114.7,114.65,114.65,500,2022-06-01 15:41:00,IBB
114.6,114.64,114.57,114.6,1431,2022-06-01 15:42:00,IBB
114.57,114.68,114.57,114.61,5016,2022-06-01 15:43:00,IBB
114.6,114.6,114.52,114.53,2386,2022-06-01 15:44:00,IBB
114.51,114.58,114.49,114.57,2567,2022-06-01 15:45:00,IBB
114.61,114.61,114.54,114.56,1098,2022-06-01 15:46:00,IBB
114.6,114.63,114.59,114.63,625,2022-06-01 15:47:00,IBB
114.59,114.62,114.56,114.61,1520,2022-06-01 15:48:00,IBB
114.64,114.64,114.5,114.5,2104,2022-06-01 15:49:00,IBB
114.48,114.495,114.43,114.49,1221,2022-06-01 15:50:00,IBB
114.485,114.515,114.47,114.49,694,2022-06-01 15:51:00,IBB
114.53,114.55,114.48,114.49,1100,2022-06-01 15:52:00,IBB
114.46,114.51,114.43,114.51,3322,2022-06-01 15:53:00,IBB
114.53,114.605,114.53,114.57,2940,2022-06-01 15:54:00,IBB
114.58,114.65,114.58,114.63,7260,2022-06-01 15:55:00,IBB
114.63,114.63,114.58,114.59,1100,2022-06-01 15:56:00,IBB
114.5516,114.5516,114.46,114.47,1325,2022-06-01 15:57:00,IBB
114.49,114.49,114.42,114.42,900,2022-06-01 15:58:00,IBB
114.41,114.45,114.38,114.44,4121,2022-06-01 15:59:00,IBB
114.42,114.44,114.39,114.39,2400,2022-06-01 16:00:00,IBB
114.415,114.42,114.39,114.41,1499,2022-06-01 16:01:00,IBB
114.38,114.51,114.38,114.49,2801,2022-06-01 16:02:00,IBB
114.48,114.48,114.39,114.39,1095,2022-06-01 16:03:00,IBB
114.4,114.42,114.39,114.39,9618,2022-06-01 16:04:00,IBB
114.41,114.505,114.41,114.49,2277,2022-06-01 16:05:00,IBB
114.485,114.495,114.42,114.42,860,2022-06-01 16:06:00,IBB
114.44,114.5,114.44,114.49,1246,2022-06-01 16:07:00,IBB
114.55,114.55,114.44,114.44,700,2022-06-01 16:08:00,IBB
114.425,114.49,114.425,114.47,2200,2022-06-01 16:09:00,IBB
114.42,114.42,114.36,114.38,2140,2022-06-01 16:10:00,IBB
114.385,114.42,114.38,114.405,1700,2022-06-01 16:11:00,IBB
114.322,114.322,114.26,114.26,2710,2022-06-01 16:12:00,IBB
114.26,114.34,114.26,114.34,4040,2022-06-01 16:13:00,IBB
114.36,114.36,114.33,114.34,900,2022-06-01 16:14:00,IBB
114.4,114.47,114.4,114.47,2205,2022-06-01 16:15:00,IBB
114.51,114.58,114.51,114.57,1966,2022-06-01 16:16:00,IBB
114.62,114.62,114.5,114.5064,1400,2022-06-01 16:17:00,IBB
114.5,114.5,114.45,114.47,1492,2022-06-01 16:18:00,IBB
114.4667,114.57,114.4667,114.57,1424,2022-06-01 16:19:00,IBB
114.545,114.56,114.53,114.56,1314,2022-06-01 16:20:00,IBB
114.55,114.58,114.51,114.51,2730,2022-06-01 16:21:00,IBB
114.58,114.59,114.55,114.59,3497,2022-06-01 16:23:00,IBB
114.55,114.55,114.5,114.5,700,2022-06-01 16:24:00,IBB
114.491,114.491,114.42,114.45,1400,2022-06-01 16:25:00,IBB
114.42,114.42,114.4,114.42,600,2022-06-01 16:26:00,IBB
114.41,114.46,114.41,114.46,600,2022-06-01 16:27:00,IBB
114.4901,114.4901,114.42,114.42,674,2022-06-01 16:28:00,IBB
114.4,114.4,114.3147,114.3147,1423,2022-06-01 16:29:00,IBB
114.28,114.43,114.26,114.43,2684,2022-06-01 16:30:00,IBB
114.45,114.52,114.445,114.47,750,2022-06-01 16:31:00,IBB
114.5,114.55,114.46,114.55,1009,2022-06-01 16:32:00,IBB
114.58,114.61,114.46,114.46,2058,2022-06-01 16:33:00,IBB
114.43,114.49,114.38,114.48,2520,2022-06-01 16:34:00,IBB
114.47,114.54,114.47,114.52,932,2022-06-01 16:35:00,IBB
114.52,114.53,114.51,114.51,5882,2022-06-01 16:36:00,IBB
114.46,114.471,114.43,114.43,750,2022-06-01 16:37:00,IBB
114.39,114.4,114.34,114.3738,1236,2022-06-01 16:38:00,IBB
114.42,114.45,114.4,114.45,854,2022-06-01 16:39:00,IBB
114.48,114.49,114.48,114.49,316,2022-06-01 16:40:00,IBB
114.435,114.435,114.435,114.435,100,2022-06-01 16:41:00,IBB
114.43,114.43,114.35,114.35,1762,2022-06-01 16:42:00,IBB
114.36,114.36,114.31,114.35,1400,2022-06-01 16:43:00,IBB
114.34,114.34,114.31,114.31,544,2022-06-01 16:44:00,IBB
114.28,114.28,114.23,114.26,1100,2022-06-01 16:45:00,IBB
114.28,114.3,114.28,114.3,400,2022-06-01 16:46:00,IBB
114.22,114.25,114.22,114.25,1098,2022-06-01 16:47:00,IBB
114.24,114.24,114.05,114.05,1744,2022-06-01 16:48:00,IBB
114.09,114.14,114.09,114.11,1540,2022-06-01 16:49:00,IBB
114.12,114.14,114.07,114.07,825,2022-06-01 16:50:00,IBB
114.04,114.085,114.03,114.05,1412,2022-06-01 16:51:00,IBB
114.08,114.21,114.08,114.21,2260,2022-06-01 16:52:00,IBB
114.23,114.29,114.21,114.29,1091,2022-06-01 16:53:00,IBB
114.28,114.36,114.28,114.36,1638,2022-06-01 16:54:00,IBB
114.3,114.32,114.3,114.32,817,2022-06-01 16:55:00,IBB
114.31,114.38,114.31,114.36,1372,2022-06-01 16:56:00,IBB
114.425,114.44,114.39,114.39,1001,2022-06-01 16:57:00,IBB
114.305,114.31,114.29,114.3086,849,2022-06-01 16:58:00,IBB
114.32,114.34,114.261,114.34,571,2022-06-01 16:59:00,IBB
114.34,114.39,114.3,114.39,800,2022-06-01 17:00:00,IBB
114.54,114.54,114.48,114.52,900,2022-06-01 17:01:00,IBB
114.47,114.47,114.42,114.42,500,2022-06-01 17:02:00,IBB
114.43,114.44,114.39,114.44,718,2022-06-01 17:03:00,IBB
114.42,114.42,114.41,114.41,500,2022-06-01 17:04:00,IBB
114.41,114.5,114.41,114.49,1911,2022-06-01 17:05:00,IBB
114.525,114.598,114.52,114.59,3493,2022-06-01 17:06:00,IBB
114.56,114.68,114.56,114.68,750,2022-06-01 17:07:00,IBB
114.69,114.72,114.62,114.62,10338,2022-06-01 17:08:00,IBB
114.61,114.72,114.59,114.72,1207,2022-06-01 17:09:00,IBB
114.71,114.76,114.71,114.76,2448,2022-06-01 17:10:00,IBB
114.75,114.77,114.72,114.77,724,2022-06-01 17:11:00,IBB
114.74,114.74,114.59,114.62,1833,2022-06-01 17:12:00,IBB
114.64,114.64,114.55,114.57,5153,2022-06-01 17:13:00,IBB
114.59,114.59,114.52,114.53,588,2022-06-01 17:14:00,IBB
114.54,114.64,114.53,114.63,900,2022-06-01 17:15:00,IBB
114.64,114.67,114.61,114.63,885,2022-06-01 17:16:00,IBB
114.6,114.71,114.6,114.64,700,2022-06-01 17:17:00,IBB
114.66,114.67,114.55,114.55,1400,2022-06-01 17:18:00,IBB
114.605,114.61,114.6,114.6,600,2022-06-01 17:19:00,IBB
114.61,114.62,114.59,114.59,500,2022-06-01 17:20:00,IBB
114.59,114.66,114.59,114.61,1300,2022-06-01 17:21:00,IBB
114.61,114.61,114.51,114.52,3500,2022-06-01 17:22:00,IBB
114.51,114.52,114.46,114.46,1300,2022-06-01 17:23:00,IBB
114.435,114.4399,114.3933,114.4,1875,2022-06-01 17:24:00,IBB
114.47,114.53,114.47,114.53,2000,2022-06-01 17:25:00,IBB
114.57,114.57,114.49,114.53,900,2022-06-01 17:26:00,IBB
114.58,114.62,114.58,114.61,400,2022-06-01 17:27:00,IBB
114.6101,114.6101,114.6101,114.6101,120,2022-06-01 17:28:00,IBB
114.64,114.64,114.61,114.61,500,2022-06-01 17:29:00,IBB
114.57,114.61,114.56,114.56,892,2022-06-01 17:30:00,IBB
114.47,114.52,114.43,114.46,1150,2022-06-01 17:31:00,IBB
114.47,114.47,114.47,114.47,300,2022-06-01 17:32:00,IBB
114.53,114.53,114.45,114.45,500,2022-06-01 17:33:00,IBB
114.485,114.6,114.485,114.6,1068,2022-06-01 17:34:00,IBB
114.625,114.67,114.625,114.67,1278,2022-06-01 17:35:00,IBB
114.69,114.7108,114.6853,114.7108,1320,2022-06-01 17:36:00,IBB
114.67,114.73,114.67,114.73,1642,2022-06-01 17:37:00,IBB
114.75,114.96,114.74,114.901,5176,2022-06-01 17:38:00,IBB
114.93,114.93,114.88,114.9,1000,2022-06-01 17:39:00,IBB
114.87,114.97,114.86,114.97,1021,2022-06-01 17:40:00,IBB
114.98,114.98,114.875,114.91,2967,2022-06-01 17:41:00,IBB
114.77,114.91,114.77,114.91,1432,2022-06-01 17:42:00,IBB
114.86,114.86,114.82,114.86,579,2022-06-01 17:43:00,IBB
114.85,114.92,114.85,114.92,579,2022-06-01 17:44:00,IBB
114.98,115.02,114.97,115.0,1175,2022-06-01 17:45:00,IBB
114.95,115.01,114.95,115.01,400,2022-06-01 17:46:00,IBB
115.08,115.09,115.05,115.05,900,2022-06-01 17:47:00,IBB
115.01,115.01,114.91,114.96,1856,2022-06-01 17:48:00,IBB
114.95,115.04,114.94,115.02,1200,2022-06-01 17:49:00,IBB
115.03,115.05,115.01,115.05,400,2022-06-01 17:50:00,IBB
115.03,115.03,114.9,114.92,1550,2022-06-01 17:51:00,IBB
114.9239,114.9239,114.88,114.92,700,2022-06-01 17:52:00,IBB
114.875,114.89,114.86,114.89,530,2022-06-01 17:53:00,IBB
114.83,114.83,114.73,114.78,1273,2022-06-01 17:54:00,IBB
114.74,114.82,114.74,114.82,1683,2022-06-01 17:55:00,IBB
114.87,114.91,114.87,114.88,500,2022-06-01 17:56:00,IBB
114.81,114.91,114.81,114.9,401,2022-06-01 17:57:00,IBB
114.89,114.98,114.8829,114.89,1206,2022-06-01 17:58:00,IBB
114.92,114.92,114.79,114.79,700,2022-06-01 17:59:00,IBB
114.78,114.98,114.78,114.89,2183,2022-06-01 18:00:00,IBB
114.86,114.9011,114.85,114.87,6811,2022-06-01 18:01:00,IBB
114.83,114.86,114.76,114.86,2637,2022-06-01 18:02:00,IBB
114.83,114.9,114.77,114.9,1300,2022-06-01 18:03:00,IBB
114.86,114.96,114.84,114.93,1660,2022-06-01 18:04:00,IBB
114.89,115.05,114.89,115.05,1550,2022-06-01 18:05:00,IBB
115.01,115.01,114.8769,114.905,1430,2022-06-01 18:06:00,IBB
114.89,114.89,114.84,114.88,2200,2022-06-01 18:07:00,IBB
114.91,114.94,114.89,114.91,1200,2022-06-01 18:08:00,IBB
114.92,115.0217,114.92,115.01,2334,2022-06-01 18:09:00,IBB
115.02,115.02,114.94,114.94,1000,2022-06-01 18:10:00,IBB
114.93,114.93,114.85,114.89,3100,2022-06-01 18:11:00,IBB
114.96,114.96,114.91,114.94,5600,2022-06-01 18:12:00,IBB
114.93,114.96,114.91,114.95,1200,2022-06-01 18:13:00,IBB
114.96,115.01,114.96,114.99,760,2022-06-01 18:14:00,IBB
114.98,115.03,114.93,115.01,2200,2022-06-01 18:15:00,IBB
114.9699,114.98,114.95,114.98,1700,2022-06-01 18:16:00,IBB
114.96,114.96,114.92,114.92,1405,2022-06-01 18:17:00,IBB
114.92,114.92,114.83,114.84,1581,2022-06-01 18:18:00,IBB
114.82,114.85,114.78,114.85,1300,2022-06-01 18:19:00,IBB
114.8432,114.85,114.81,114.84,3810,2022-06-01 18:20:00,IBB
114.9,114.9,114.89,114.89,300,2022-06-01 18:21:00,IBB
114.92,115.02,114.92,115.02,1847,2022-06-01 18:22:00,IBB
115.05,115.26,115.049,115.2,7796,2022-06-01 18:23:00,IBB
115.24,115.26,115.205,115.26,1817,2022-06-01 18:24:00,IBB
115.285,115.36,115.285,115.36,972,2022-06-01 18:25:00,IBB
115.35,115.4696,115.35,115.4696,981,2022-06-01 18:26:00,IBB
115.41,115.45,115.4,115.45,600,2022-06-01 18:27:00,IBB
115.46,115.46,115.38,115.38,716,2022-06-01 18:28:00,IBB
115.38,115.44,115.36,115.38,1201,2022-06-01 18:29:00,IBB
115.42,115.5,115.42,115.461,600,2022-06-01 18:30:00,IBB
115.46,115.49,115.4301,115.46,2066,2022-06-01 18:31:00,IBB
115.43,115.48,115.4,115.44,2322,2022-06-01 18:32:00,IBB
115.4701,115.55,115.4701,115.51,2808,2022-06-01 18:33:00,IBB
115.49,115.53,115.49,115.52,1300,2022-06-01 18:34:00,IBB
115.52,115.56,115.49,115.49,1215,2022-06-01 18:35:00,IBB
115.49,115.55,115.49,115.55,2275,2022-06-01 18:36:00,IBB
115.58,115.65,115.55,115.6,600,2022-06-01 18:37:00,IBB
115.59,115.64,115.59,115.62,800,2022-06-01 18:38:00,IBB
115.61,115.61,115.5,115.51,1200,2022-06-01 18:39:00,IBB
115.491,115.61,115.48,115.61,7577,2022-06-01 18:40:00,IBB
115.61,115.61,115.56,115.59,1050,2022-06-01 18:41:00,IBB
115.6,115.72,115.6,115.72,2539,2022-06-01 18:42:00,IBB
115.78,115.83,115.76,115.82,1244,2022-06-01 18:43:00,IBB
115.84,115.85,115.78,115.82,1300,2022-06-01 18:44:00,IBB
115.845,115.865,115.76,115.76,4935,2022-06-01 18:45:00,IBB
115.74,115.79,115.73,115.79,3834,2022-06-01 18:46:00,IBB
115.79,115.84,115.77,115.77,2402,2022-06-01 18:47:00,IBB
115.76,115.76,115.63,115.665,1436,2022-06-01 18:48:00,IBB
115.7,115.72,115.69,115.69,941,2022-06-01 18:49:00,IBB
115.6829,115.6829,115.62,115.62,1830,2022-06-01 18:50:00,IBB
115.65,115.65,115.56,115.64,1500,2022-06-01 18:51:00,IBB
115.62,115.64,115.58,115.63,10781,2022-06-01 18:52:00,IBB
115.64,115.67,115.58,115.58,7240,2022-06-01 18:53:00,IBB
115.59,115.59,115.5,115.51,2600,2022-06-01 18:54:00,IBB
115.52,115.64,115.52,115.63,1300,2022-06-01 18:55:00,IBB
115.58,115.61,115.57,115.57,997,2022-06-01 18:56:00,IBB
115.56,115.56,115.505,115.52,4828,2022-06-01 18:57:00,IBB
115.51,115.6156,115.51,115.6,1734,2022-06-01 18:58:00,IBB
115.6,115.72,115.6,115.7127,1730,2022-06-01 18:59:00,IBB
115.71,115.73,115.66,115.7,1200,2022-06-01 19:00:00,IBB
115.69,115.765,115.69,115.76,2209,2022-06-01 19:01:00,IBB
115.79,115.82,115.69,115.69,10799,2022-06-01 19:02:00,IBB
115.69,115.7,115.53,115.5865,3513,2022-06-01 19:03:00,IBB
115.59,115.71,115.59,115.66,2445,2022-06-01 19:04:00,IBB
115.655,115.72,115.6437,115.71,852,2022-06-01 19:05:00,IBB
115.775,115.81,115.76,115.81,5899,2022-06-01 19:06:00,IBB
115.815,115.82,115.77,115.79,2693,2022-06-01 19:07:00,IBB
115.82,115.89,115.82,115.88,1300,2022-06-01 19:08:00,IBB
115.85,115.9,115.85,115.85,1679,2022-06-01 19:09:00,IBB
115.83,115.87,115.79,115.81,22572,2022-06-01 19:10:00,IBB
115.81,115.84,115.81,115.84,771,2022-06-01 19:11:00,IBB
115.86,115.93,115.86,115.9,1004,2022-06-01 19:12:00,IBB
115.92,115.9906,115.92,115.985,4707,2022-06-01 19:13:00,IBB
116.01,116.0301,115.98,115.98,1514,2022-06-01 19:14:00,IBB
115.97,115.97,115.88,115.94,1645,2022-06-01 19:15:00,IBB
115.98,116.04,115.96,115.99,1400,2022-06-01 19:16:00,IBB
116.0,116.08,116.0,116.0,3250,2022-06-01 19:17:00,IBB
116.0,116.0,115.84,115.87,4181,2022-06-01 19:18:00,IBB
115.895,115.95,115.895,115.95,1300,2022-06-01 19:19:00,IBB
115.93,115.98,115.93,115.98,1248,2022-06-01 19:20:00,IBB
115.99,115.99,115.93,115.98,11993,2022-06-01 19:21:00,IBB
116.0,116.03,115.955,116.03,6024,2022-06-01 19:22:00,IBB
116.055,116.08,115.99,115.99,2756,2022-06-01 19:23:00,IBB
115.94,116.04,115.93,116.04,2635,2022-06-01 19:24:00,IBB
116.01,116.01,115.88,115.91,3841,2022-06-01 19:25:00,IBB
115.9501,115.97,115.92,115.92,2097,2022-06-01 19:26:00,IBB
115.94,115.96,115.88,115.91,2488,2022-06-01 19:27:00,IBB
115.91,115.95,115.84,115.92,31565,2022-06-01 19:28:00,IBB
115.94,116.05,115.89,115.95,12464,2022-06-01 19:29:00,IBB
115.95,115.96,115.88,115.89,4749,2022-06-01 19:30:00,IBB
115.91,116.0,115.91,116.0,1000,2022-06-01 19:31:00,IBB
115.98,116.035,115.93,115.95,4919,2022-06-01 19:32:00,IBB
115.97,115.99,115.96,115.99,9879,2022-06-01 19:33:00,IBB
115.97,115.97,115.9,115.91,3393,2022-06-01 19:34:00,IBB
115.86,115.87,115.83,115.83,8241,2022-06-01 19:35:00,IBB
115.84,115.99,115.8,115.96,3129,2022-06-01 19:36:00,IBB
115.95,116.01,115.93,116.01,2100,2022-06-01 19:37:00,IBB
115.98,115.98,115.94,115.97,1975,2022-06-01 19:38:00,IBB
115.97,115.97,115.87,115.93,2250,2022-06-01 19:39:00,IBB
115.97,115.98,115.89,115.9,3567,2022-06-01 19:40:00,IBB
115.92,116.0,115.92,115.95,2557,2022-06-01 19:41:00,IBB
115.97,116.02,115.96,116.0,3354,2022-06-01 19:42:00,IBB
116.01,116.03,115.83,115.83,3059,2022-06-01 19:43:00,IBB
115.82,115.875,115.79,115.79,4609,2022-06-01 19:44:00,IBB
115.78,115.78,115.7,115.7101,4891,2022-06-01 19:45:00,IBB
115.76,115.79,115.72,115.785,1850,2022-06-01 19:46:00,IBB
115.79,115.85,115.77,115.77,3474,2022-06-01 19:47:00,IBB
115.78,115.78,115.71,115.71,2460,2022-06-01 19:48:00,IBB
115.725,115.77,115.69,115.725,4000,2022-06-01 19:49:00,IBB
115.74,115.84,115.62,115.74,12824,2022-06-01 19:50:00,IBB
115.76,115.76,115.66,115.7,5129,2022-06-01 19:51:00,IBB
115.7,115.84,115.7,115.78,3443,2022-06-01 19:52:00,IBB
115.78,115.78,115.601,115.601,5292,2022-06-01 19:53:00,IBB
115.61,115.63,115.57,115.59,3600,2022-06-01 19:54:00,IBB
115.59,115.61,115.45,115.46,29985,2022-06-01 19:55:00,IBB
115.47,115.51,115.44,115.46,10194,2022-06-01 19:56:00,IBB
115.46,115.47,115.425,115.45,5800,2022-06-01 19:57:00,IBB
115.46,115.49,115.4448,115.47,3497,2022-06-01 19:58:00,IBB
115.49,115.49,115.3,115.34,9975,2022-06-01 19:59:00,IBB
115.45,115.45,115.44,115.44,31486,2022-06-01 20:00:00,IBB
115.0,115.0,115.0,115.0,200,2022-06-01 20:06:00,IBB
115.0,115.0,115.0,115.0,463,2022-06-02 08:00:00,IBB
115.61,115.64,115.61,115.64,200,2022-06-02 11:59:00,IBB
115.66,115.66,115.66,115.66,100,2022-06-02 12:59:00,IBB
115.1,115.1,115.1,115.1,216,2022-06-02 13:13:00,IBB
115.14,115.2,114.52,114.65,16241,2022-06-02 13:30:00,IBB
114.75,114.75,114.22,114.29,3266,2022-06-02 13:31:00,IBB
114.41,114.57,114.34,114.46,4549,2022-06-02 13:32:00,IBB
114.46,114.63,114.44,114.58,6953,2022-06-02 13:33:00,IBB
114.6,114.65,114.47,114.55,5859,2022-06-02 13:34:00,IBB
114.63,114.64,114.17,114.4,9090,2022-06-02 13:35:00,IBB
114.4,114.46,113.94,114.0,8369,2022-06-02 13:36:00,IBB
114.07,114.245,114.03,114.21,6187,2022-06-02 13:37:00,IBB
114.27,114.32,113.8756,114.01,10010,2022-06-02 13:38:00,IBB
113.96,114.1,113.93,114.1,4113,2022-06-02 13:39:00,IBB
114.11,114.12,113.95,114.06,3650,2022-06-02 13:40:00,IBB
114.06,114.18,114.0,114.08,5400,2022-06-02 13:41:00,IBB
114.15,114.31,114.11,114.19,5265,2022-06-02 13:42:00,IBB
114.25,114.36,114.22,114.26,5696,2022-06-02 13:43:00,IBB
114.25,114.31,114.15,114.31,3474,2022-06-02 13:44:00,IBB
114.3241,114.44,114.3,114.43,6976,2022-06-02 13:45:00,IBB
114.41,114.41,114.21,114.25,3052,2022-06-02 13:46:00,IBB
114.31,114.36,114.14,114.14,12088,2022-06-02 13:47:00,IBB
114.09,114.09,113.84,113.91,8018,2022-06-02 13:48:00,IBB
113.8905,114.18,113.8905,114.18,2954,2022-06-02 13:49:00,IBB
114.16,114.23,114.07,114.15,7101,2022-06-02 13:50:00,IBB
114.09,114.09,113.8,113.8,4406,2022-06-02 13:51:00,IBB
113.77,113.84,113.68,113.68,5763,2022-06-02 13:52:00,IBB
113.63,113.66,113.61,113.65,1601,2022-06-02 13:53:00,IBB
113.61,113.66,113.39,113.51,11958,2022-06-02 13:54:00,IBB
113.47,113.47,113.23,113.23,2570,2022-06-02 13:55:00,IBB
113.19,113.3,113.13,113.3,6616,2022-06-02 13:56:00,IBB
113.23,113.29,113.19,113.24,2005,2022-06-02 13:57:00,IBB
113.2,113.35,113.16,113.22,4735,2022-06-02 13:58:00,IBB
113.25,113.44,113.24,113.44,4466,2022-06-02 13:59:00,IBB
113.42,113.74,113.42,113.74,8736,2022-06-02 14:00:00,IBB
113.7856,114.1,113.72,113.87,10021,2022-06-02 14:01:00,IBB
113.87,113.92,113.81,113.82,4184,2022-06-02 14:02:00,IBB
113.81,113.81,113.71,113.77,2100,2022-06-02 14:03:00,IBB
113.73,113.73,113.64,113.7,1900,2022-06-02 14:04:00,IBB
113.68,113.68,113.57,113.64,1575,2022-06-02 14:05:00,IBB
113.59,113.74,113.55,113.675,13688,2022-06-02 14:06:00,IBB
113.7,113.76,113.55,113.68,15010,2022-06-02 14:07:00,IBB
113.68,113.7,113.55,113.625,12800,2022-06-02 14:08:00,IBB
113.6,113.68,113.55,113.63,7206,2022-06-02 14:09:00,IBB
113.685,113.685,113.61,113.64,1800,2022-06-02 14:10:00,IBB
113.66,113.79,113.62,113.73,7529,2022-06-02 14:11:00,IBB
113.73,113.79,113.63,113.73,44894,2022-06-02 14:12:00,IBB
113.74,113.95,113.65,113.925,59486,2022-06-02 14:13:00,IBB
113.98,114.18,113.975,114.18,8239,2022-06-02 14:14:00,IBB
114.14,114.15,113.98,113.99,8004,2022-06-02 14:15:00,IBB
114.01,114.02,113.925,113.935,14963,2022-06-02 14:16:00,IBB
113.94,113.94,113.76,113.76,11911,2022-06-02 14:17:00,IBB
113.73,113.78,113.625,113.63,15000,2022-06-02 14:18:00,IBB
113.72,113.84,113.645,113.7,14348,2022-06-02 14:19:00,IBB
113.69,113.8,113.66,113.77,606,2022-06-02 14:20:00,IBB
113.68,113.68,113.34,113.41,1365,2022-06-02 14:21:00,IBB
113.34,113.5,113.34,113.47,1815,2022-06-02 14:22:00,IBB
113.5,113.54,113.3603,113.3603,3903,2022-06-02 14:23:00,IBB
113.35,113.48,113.32,113.4,1813,2022-06-02 14:24:00,IBB
113.41,113.5,113.41,113.5,1800,2022-06-02 14:25:00,IBB
113.48,113.51,113.46,113.48,1650,2022-06-02 14:26:00,IBB
113.46,113.46,113.34,113.43,1719,2022-06-02 14:27:00,IBB
113.515,113.53,113.5,113.51,1287,2022-06-02 14:28:00,IBB
113.51,113.57,113.5075,113.545,3679,2022-06-02 14:29:00,IBB
113.59,113.74,113.53,113.74,6677,2022-06-02 14:30:00,IBB
113.75,113.82,113.68,113.71,1588,2022-06-02 14:31:00,IBB
113.71,113.77,113.66,113.66,5305,2022-06-02 14:32:00,IBB
113.65,113.7139,113.63,113.65,1600,2022-06-02 14:33:00,IBB
113.66,113.79,113.66,113.77,5600,2022-06-02 14:34:00,IBB
113.7,113.77,113.67,113.7596,5217,2022-06-02 14:35:00,IBB
113.8,113.81,113.75,113.805,1272,2022-06-02 14:36:00,IBB
113.745,113.75,113.67,113.7449,1700,2022-06-02 14:37:00,IBB
113.82,113.855,113.8,113.81,4420,2022-06-02 14:38:00,IBB
113.78,113.78,113.78,113.78,500,2022-06-02 14:39:00,IBB
113.81,113.81,113.73,113.805,2662,2022-06-02 14:40:00,IBB
113.765,113.765,113.62,113.7,4395,2022-06-02 14:41:00,IBB
113.68,113.83,113.68,113.76,4105,2022-06-02 14:42:00,IBB
113.76,113.91,113.74,113.885,4176,2022-06-02 14:43:00,IBB
114.0,114.04,113.96,113.96,600,2022-06-02 14:44:00,IBB
113.92,113.93,113.83,113.87,2800,2022-06-02 14:45:00,IBB
113.83,113.83,113.72,113.75,3587,2022-06-02 14:46:00,IBB
113.92,113.92,113.81,113.83,3011,2022-06-02 14:47:00,IBB
113.88,113.9,113.81,113.9,3100,2022-06-02 14:48:00,IBB
113.95,113.95,113.87,113.915,1808,2022-06-02 14:49:00,IBB
113.92,113.93,113.85,113.85,1079,2022-06-02 14:50:00,IBB
113.885,114.06,113.885,114.06,3500,2022-06-02 14:51:00,IBB
114.07,114.11,114.01,114.01,500,2022-06-02 14:52:00,IBB
114.01,114.04,113.995,114.035,3083,2022-06-02 14:53:00,IBB
114.06,114.07,114.0,114.0,3079,2022-06-02 14:54:00,IBB
113.92,113.965,113.92,113.965,1916,2022-06-02 14:55:00,IBB
114.045,114.045,113.97,113.97,1553,2022-06-02 14:56:00,IBB
113.92,114.0,113.89,114.0,5112,2022-06-02 14:57:00,IBB
114.02,114.07,114.02,114.05,3606,2022-06-02 14:58:00,IBB
114.1,114.1601,114.09,114.1601,1608,2022-06-02 14:59:00,IBB
114.15,114.2421,114.12,114.2421,479,2022-06-02 15:00:00,IBB
114.24,114.24,114.15,114.17,1264,2022-06-02 15:01:00,IBB
114.22,114.29,114.22,114.259,1300,2022-06-02 15:02:00,IBB
114.249,114.35,114.2,114.33,5808,2022-06-02 15:03:00,IBB
114.32,114.33,114.26,114.27,4930,2022-06-02 15:04:00,IBB
114.29,114.3,114.11,114.11,11379,2022-06-02 15:05:00,IBB
114.17,114.17,114.13,114.145,800,2022-06-02 15:06:00,IBB
114.13,114.22,114.13,114.175,4695,2022-06-02 15:07:00,IBB
114.18,114.23,114.17,114.17,3625,2022-06-02 15:08:00,IBB
114.17,114.24,114.16,114.19,1500,2022-06-02 15:09:00,IBB
114.24,114.4,114.22,114.37,6970,2022-06-02 15:10:00,IBB
114.41,114.49,114.36,114.44,1200,2022-06-02 15:11:00,IBB
114.44,114.5,114.44,114.49,4111,2022-06-02 15:12:00,IBB
114.49,114.525,114.47,114.48,9279,2022-06-02 15:13:00,IBB
114.46,114.55,114.46,114.54,2630,2022-06-02 15:14:00,IBB
114.55,114.59,114.53,114.57,3387,2022-06-02 15:15:00,IBB
114.62,114.62,114.54,114.56,2498,2022-06-02 15:16:00,IBB
114.485,114.49,114.39,114.39,1000,2022-06-02 15:17:00,IBB
114.38,114.52,114.38,114.515,600,2022-06-02 15:18:00,IBB
114.49,114.53,114.47,114.47,2050,2022-06-02 15:19:00,IBB
114.46,114.48,114.39,114.48,1161,2022-06-02 15:20:00,IBB
114.49,114.5,114.46,114.46,2606,2022-06-02 15:21:00,IBB
114.44,114.48,114.415,114.435,3658,2022-06-02 15:22:00,IBB
114.45,114.48,114.41,114.46,3929,2022-06-02 15:23:00,IBB
114.4588,114.46,114.44,114.46,1794,2022-06-02 15:24:00,IBB
114.46,114.489,114.41,114.489,1020,2022-06-02 15:25:00,IBB
114.48,114.57,114.44,114.57,13279,2022-06-02 15:26:00,IBB
114.54,114.56,114.42,114.46,6857,2022-06-02 15:27:00,IBB
114.45,114.46,114.37,114.37,5872,2022-06-02 15:28:00,IBB
114.38,114.38,114.32,114.36,2625,2022-06-02 15:29:00,IBB
114.4,114.45,114.37,114.4,6206,2022-06-02 15:30:00,IBB
114.47,114.47,114.37,114.37,979,2022-06-02 15:31:00,IBB
114.39,114.44,114.375,114.44,6120,2022-06-02 15:32:00,IBB
114.425,114.49,114.415,114.485,6373,2022-06-02 15:33:00,IBB
114.5,114.52,114.48,114.52,1300,2022-06-02 15:34:00,IBB
114.44,114.44,114.35,114.35,2596,2022-06-02 15:35:00,IBB
114.35,114.35,114.31,114.33,1100,2022-06-02 15:36:00,IBB
114.35,114.37,114.35,114.3601,400,2022-06-02 15:37:00,IBB
114.36,114.43,114.36,114.43,700,2022-06-02 15:38:00,IBB
114.43,114.44,114.42,114.43,900,2022-06-02 15:39:00,IBB
114.47,114.58,114.44,114.58,1900,2022-06-02 15:40:00,IBB
114.58,114.67,114.58,114.66,2550,2022-06-02 15:41:00,IBB
114.66,114.71,114.61,114.71,2400,2022-06-02 15:42:00,IBB
114.73,114.78,114.69,114.69,3304,2022-06-02 15:43:00,IBB
114.71,114.71,114.67,114.71,1600,2022-06-02 15:44:00,IBB
114.69,114.72,114.63,114.715,1340,2022-06-02 15:45:00,IBB
114.72,114.76,114.7,114.745,2235,2022-06-02 15:46:00,IBB
114.8,114.81,114.7829,114.7829,11485,2022-06-02 15:47:00,IBB
114.76,114.76,114.735,114.745,2375,2022-06-02 15:48:00,IBB
114.765,114.83,114.765,114.83,2600,2022-06-02 15:49:00,IBB
114.85,114.8699,114.8,114.84,3271,2022-06-02 15:50:00,IBB
114.87,114.8985,114.87,114.895,2800,2022-06-02 15:51:00,IBB
114.88,114.88,114.845,114.845,1100,2022-06-02 15:52:00,IBB
114.95,115.05,114.95,115.01,6334,2022-06-02 15:53:00,IBB
114.99,115.02,114.85,114.85,7608,2022-06-02 15:54:00,IBB
114.87,114.87,114.84,114.84,5233,2022-06-02 15:55:00,IBB
114.83,114.83,114.83,114.83,100,2022-06-02 15:56:00,IBB
114.77,114.77,114.71,114.73,1400,2022-06-02 15:57:00,IBB
114.74,114.78,114.67,114.67,912,2022-06-02 15:58:00,IBB
114.71,114.77,114.71,114.77,1000,2022-06-02 15:59:00,IBB
114.72,114.77,114.7,114.77,1300,2022-06-02 16:00:00,IBB
114.74,114.74,114.61,114.62,927,2022-06-02 16:01:00,IBB
114.64,114.7,114.64,114.69,1500,2022-06-02 16:02:00,IBB
114.77,114.77,114.76,114.76,375,2022-06-02 16:03:00,IBB
114.76,114.81,114.76,114.8,600,2022-06-02 16:04:00,IBB
114.79,114.81,114.709,114.75,2714,2022-06-02 16:05:00,IBB
114.75,114.76,114.6902,114.7,2300,2022-06-02 16:06:00,IBB
114.72,114.755,114.71,114.755,416,2022-06-02 16:07:00,IBB
114.77,114.77,114.7,114.73,1742,2022-06-02 16:08:00,IBB
114.72,114.745,114.72,114.745,300,2022-06-02 16:09:00,IBB
114.75,114.8,114.75,114.8,500,2022-06-02 16:10:00,IBB
114.82,114.82,114.73,114.73,1226,2022-06-02 16:11:00,IBB
114.72,114.74,114.72,114.72,500,2022-06-02 16:12:00,IBB
114.72,114.74,114.69,114.7,2700,2022-06-02 16:13:00,IBB
114.7,114.72,114.66,114.71,1500,2022-06-02 16:14:00,IBB
114.71,114.79,114.71,114.77,700,2022-06-02 16:15:00,IBB
114.78,114.8,114.7601,114.7601,1300,2022-06-02 16:16:00,IBB
114.78,114.86,114.78,114.85,1400,2022-06-02 16:17:00,IBB
114.84,114.88,114.84,114.88,3120,2022-06-02 16:18:00,IBB
114.8867,114.8867,114.82,114.82,3045,2022-06-02 16:19:00,IBB
114.83,114.89,114.8,114.89,1808,2022-06-02 16:20:00,IBB
114.89,114.89,114.81,114.81,1600,2022-06-02 16:21:00,IBB
114.82,114.82,114.78,114.78,459,2022-06-02 16:22:00,IBB
114.849,114.8853,114.849,114.8853,814,2022-06-02 16:23:00,IBB
114.93,114.96,114.92,114.94,2964,2022-06-02 16:24:00,IBB
114.93,115.04,114.93,115.04,2012,2022-06-02 16:25:00,IBB
115.02,115.08,115.02,115.08,900,2022-06-02 16:26:00,IBB
115.09,115.11,115.09,115.11,371,2022-06-02 16:27:00,IBB
115.12,115.15,115.1,115.1,1700,2022-06-02 16:28:00,IBB
115.08,115.15,115.07,115.15,1200,2022-06-02 16:29:00,IBB
115.17,115.17,115.15,115.1628,1112,2022-06-02 16:30:00,IBB
115.15,115.16,115.105,115.105,2448,2022-06-02 16:31:00,IBB
115.1,115.11,115.06,115.06,1600,2022-06-02 16:32:00,IBB
115.04,115.09,115.0337,115.0869,1328,2022-06-02 16:33:00,IBB
115.11,115.11,115.05,115.05,1500,2022-06-02 16:34:00,IBB
115.11,115.14,115.07,115.14,2334,2022-06-02 16:35:00,IBB
115.16,115.22,115.11,115.11,9080,2022-06-02 16:36:00,IBB
115.058,115.15,115.03,115.15,1616,2022-06-02 16:37:00,IBB
115.15,115.23,115.14,115.23,1400,2022-06-02 16:38:00,IBB
115.2,115.2,115.17,115.19,1231,2022-06-02 16:39:00,IBB
115.2099,115.24,115.19,115.23,400,2022-06-02 16:40:00,IBB
115.21,115.21,115.15,115.15,1434,2022-06-02 16:41:00,IBB
115.15,115.175,115.02,115.02,12797,2022-06-02 16:42:00,IBB
115.045,115.045,114.94,114.96,6600,2022-06-02 16:43:00,IBB
114.99,115.0,114.98,115.0,1218,2022-06-02 16:44:00,IBB
115.03,115.06,115.02,115.06,1100,2022-06-02 16:45:00,IBB
115.04,115.04,114.99,115.02,894,2022-06-02 16:46:00,IBB
115.02,115.02,114.98,115.0,1680,2022-06-02 16:47:00,IBB
114.975,115.055,114.975,115.055,3716,2022-06-02 16:48:00,IBB
115.045,115.06,115.02,115.055,1400,2022-06-02 16:49:00,IBB
115.08,115.1,115.06,115.08,1660,2022-06-02 16:50:00,IBB
115.09,115.12,115.09,115.12,500,2022-06-02 16:51:00,IBB
115.189,115.26,115.189,115.23,2150,2022-06-02 16:52:00,IBB
115.25,115.28,115.25,115.27,1546,2022-06-02 16:53:00,IBB
115.26,115.31,115.26,115.275,2857,2022-06-02 16:54:00,IBB
115.26,115.26,115.1467,115.168,1867,2022-06-02 16:55:00,IBB
115.17,115.19,115.16,115.16,1143,2022-06-02 16:56:00,IBB
115.17,115.17,115.12,115.15,800,2022-06-02 16:57:00,IBB
115.1688,115.1688,115.08,115.08,2020,2022-06-02 16:58:00,IBB
115.09,115.13,115.05,115.13,979,2022-06-02 16:59:00,IBB
115.13,115.17,115.11,115.12,1450,2022-06-02 17:00:00,IBB
115.1,115.14,115.08,115.11,900,2022-06-02 17:01:00,IBB
115.15,115.18,115.15,115.1632,1296,2022-06-02 17:02:00,IBB
115.18,115.24,115.18,115.24,305,2022-06-02 17:03:00,IBB
115.24,115.29,115.24,115.2636,2304,2022-06-02 17:04:00,IBB
115.25,115.278,115.22,115.278,965,2022-06-02 17:05:00,IBB
115.24,115.26,115.23,115.26,3222,2022-06-02 17:06:00,IBB
115.305,115.305,115.24,115.24,845,2022-06-02 17:07:00,IBB
115.21,115.24,115.21,115.21,1758,2022-06-02 17:08:00,IBB
115.17,115.17,115.09,115.09,930,2022-06-02 17:09:00,IBB
115.07,115.15,115.07,115.15,1409,2022-06-02 17:10:00,IBB
115.1,115.13,115.1,115.1,500,2022-06-02 17:11:00,IBB
115.08,115.12,115.08,115.11,1200,2022-06-02 17:12:00,IBB
115.1,115.1,115.07,115.09,3109,2022-06-02 17:13:00,IBB
115.07,115.11,115.05,115.11,1607,2022-06-02 17:14:00,IBB
115.06,115.06,115.04,115.06,600,2022-06-02 17:15:00,IBB
115.06,115.09,115.02,115.07,39576,2022-06-02 17:16:00,IBB
115.0601,115.17,115.0601,115.159,1424,2022-06-02 17:17:00,IBB
115.17,115.19,115.17,115.17,924,2022-06-02 17:18:00,IBB
115.16,115.18,115.16,115.16,700,2022-06-02 17:19:00,IBB
115.13,115.13,115.09,115.13,704,2022-06-02 17:20:00,IBB
115.11,115.12,115.1,115.12,400,2022-06-02 17:21:00,IBB
115.11,115.11,115.09,115.09,500,2022-06-02 17:22:00,IBB
115.1,115.14,115.08,115.13,1296,2022-06-02 17:23:00,IBB
115.15,115.21,115.15,115.17,1323,2022-06-02 17:24:00,IBB
115.18,115.24,115.15,115.24,773,2022-06-02 17:25:00,IBB
115.23,115.23,115.16,115.16,600,2022-06-02 17:26:00,IBB
115.16,115.18,115.16,115.17,700,2022-06-02 17:27:00,IBB
115.11,115.13,115.09,115.13,2000,2022-06-02 17:28:00,IBB
115.15,115.23,115.15,115.23,1025,2022-06-02 17:29:00,IBB
115.1837,115.22,115.1837,115.22,1204,2022-06-02 17:30:00,IBB
115.21,115.27,115.17,115.27,11469,2022-06-02 17:31:00,IBB
115.28,115.34,115.27,115.34,997,2022-06-02 17:32:00,IBB
115.38,115.47,115.37,115.42,2251,2022-06-02 17:33:00,IBB
115.44,115.46,115.44,115.46,900,2022-06-02 17:34:00,IBB
115.5028,115.5028,115.46,115.4799,849,2022-06-02 17:35:00,IBB
115.47,115.47,115.4201,115.45,2047,2022-06-02 17:36:00,IBB
115.48,115.48,115.42,115.43,1841,2022-06-02 17:37:00,IBB
115.45,115.46,115.44,115.44,400,2022-06-02 17:38:00,IBB
115.45,115.51,115.45,115.49,1400,2022-06-02 17:39:00,IBB
115.49,115.5,115.41,115.45,1942,2022-06-02 17:40:00,IBB
115.4201,115.45,115.4201,115.45,2940,2022-06-02 17:41:00,IBB
115.52,115.53,115.52,115.52,1321,2022-06-02 17:42:00,IBB
115.49,115.53,115.49,115.51,600,2022-06-02 17:43:00,IBB
115.55,115.57,115.5344,115.55,1619,2022-06-02 17:44:00,IBB
115.58,115.58,115.5437,115.5437,400,2022-06-02 17:45:00,IBB
115.56,115.56,115.56,115.56,500,2022-06-02 17:46:00,IBB
115.56,115.61,115.56,115.605,6120,2022-06-02 17:47:00,IBB
115.6,115.6,115.59,115.595,440,2022-06-02 17:48:00,IBB
115.61,115.655,115.61,115.655,1625,2022-06-02 17:49:00,IBB
115.6928,115.71,115.67,115.7,1400,2022-06-02 17:50:00,IBB
115.72,115.72,115.68,115.7034,1800,2022-06-02 17:51:00,IBB
115.68,115.68,115.67,115.67,300,2022-06-02 17:52:00,IBB
115.651,115.67,115.64,115.64,2636,2022-06-02 17:53:00,IBB
115.63,115.675,115.63,115.67,2016,2022-06-02 17:54:00,IBB
115.64,115.64,115.53,115.53,600,2022-06-02 17:55:00,IBB
115.59,115.6001,115.56,115.6001,4335,2022-06-02 17:56:00,IBB
115.63,115.74,115.63,115.72,4401,2022-06-02 17:57:00,IBB
115.76,115.79,115.75,115.76,1600,2022-06-02 17:58:00,IBB
115.73,115.75,115.73,115.73,623,2022-06-02 17:59:00,IBB
115.72,115.74,115.68,115.71,5197,2022-06-02 18:00:00,IBB
115.7,115.83,115.7,115.82,3431,2022-06-02 18:01:00,IBB
115.84,115.84,115.79,115.82,1930,2022-06-02 18:02:00,IBB
115.83,115.83,115.81,115.83,3400,2022-06-02 18:03:00,IBB
115.85,115.8583,115.82,115.82,896,2022-06-02 18:04:00,IBB
115.84,115.84,115.8,115.8,420,2022-06-02 18:05:00,IBB
115.83,115.84,115.81,115.81,1484,2022-06-02 18:06:00,IBB
115.86,115.86,115.74,115.74,2500,2022-06-02 18:07:00,IBB
115.78,115.8,115.77,115.8,695,2022-06-02 18:08:00,IBB
115.85,115.86,115.84,115.84,917,2022-06-02 18:09:00,IBB
115.811,115.85,115.811,115.85,1000,2022-06-02 18:10:00,IBB
115.85,115.85,115.8,115.8,927,2022-06-02 18:11:00,IBB
115.8,115.86,115.77,115.86,925,2022-06-02 18:12:00,IBB
115.88,115.88,115.85,115.86,1118,2022-06-02 18:13:00,IBB
115.87,115.89,115.87,115.875,1534,2022-06-02 18:14:00,IBB
115.84,115.84,115.78,115.78,2191,2022-06-02 18:15:00,IBB
115.8,115.82,115.7801,115.82,1122,2022-06-02 18:16:00,IBB
115.82,115.87,115.79,115.87,1628,2022-06-02 18:17:00,IBB
115.84,115.84,115.84,115.84,200,2022-06-02 18:18:00,IBB
115.78,115.81,115.78,115.81,200,2022-06-02 18:19:00,IBB
115.82,115.82,115.77,115.77,700,2022-06-02 18:20:00,IBB
115.779,115.779,115.76,115.76,200,2022-06-02 18:21:00,IBB
115.815,115.85,115.8,115.84,700,2022-06-02 18:22:00,IBB
115.8352,115.86,115.8101,115.8101,6417,2022-06-02 18:23:00,IBB
115.82,115.8501,115.82,115.84,1265,2022-06-02 18:24:00,IBB
115.82,115.85,115.8,115.8,1088,2022-06-02 18:25:00,IBB
115.77,115.82,115.77,115.81,915,2022-06-02 18:26:00,IBB
115.81,115.81,115.78,115.78,814,2022-06-02 18:27:00,IBB
115.76,115.76,115.6803,115.6803,900,2022-06-02 18:28:00,IBB
115.66,115.66,115.66,115.66,100,2022-06-02 18:29:00,IBB
115.79,115.84,115.79,115.84,1009,2022-06-02 18:30:00,IBB
115.85,115.88,115.85,115.86,1400,2022-06-02 18:31:00,IBB
115.85,115.9,115.85,115.9,1020,2022-06-02 18:32:00,IBB
115.9299,115.9299,115.88,115.88,2895,2022-06-02 18:33:00,IBB
115.88,115.93,115.87,115.92,2366,2022-06-02 18:34:00,IBB
115.92,115.92,115.845,115.86,50897,2022-06-02 18:35:00,IBB
115.87,115.87,115.83,115.83,2024,2022-06-02 18:36:00,IBB
115.84,115.84,115.79,115.84,2582,2022-06-02 18:37:00,IBB
115.86,115.89,115.86,115.8769,1450,2022-06-02 18:38:00,IBB
115.88,115.9,115.88,115.88,1597,2022-06-02 18:39:00,IBB
115.91,115.93,115.91,115.93,1000,2022-06-02 18:40:00,IBB
115.9037,115.94,115.9037,115.91,2064,2022-06-02 18:41:00,IBB
115.9,115.91,115.86,115.87,3766,2022-06-02 18:42:00,IBB
115.85,115.85,115.79,115.79,1400,2022-06-02 18:43:00,IBB
115.81,115.82,115.81,115.82,400,2022-06-02 18:44:00,IBB
115.83,115.84,115.81,115.83,4700,2022-06-02 18:45:00,IBB
115.85,115.855,115.81,115.83,1118,2022-06-02 18:46:00,IBB
115.825,115.88,115.81,115.85,14343,2022-06-02 18:47:00,IBB
115.85,115.85,115.815,115.845,10900,2022-06-02 18:48:00,IBB
115.85,115.85,115.77,115.77,1247,2022-06-02 18:49:00,IBB
115.76,115.76,115.73,115.76,4549,2022-06-02 18:50:00,IBB
115.815,115.83,115.7734,115.7734,1811,2022-06-02 18:51:00,IBB
115.83,115.94,115.83,115.93,8796,2022-06-02 18:52:00,IBB
115.93,115.93,115.86,115.87,9647,2022-06-02 18:53:00,IBB
115.875,115.93,115.87,115.89,3020,2022-06-02 18:54:00,IBB
115.88,115.92,115.86,115.86,1000,2022-06-02 18:55:00,IBB
115.85,115.86,115.835,115.835,600,2022-06-02 18:56:00,IBB
115.82,115.82,115.7,115.7,1500,2022-06-02 18:57:00,IBB
115.718,115.75,115.718,115.72,1150,2022-06-02 18:58:00,IBB
115.67,115.7,115.66,115.68,1322,2022-06-02 18:59:00,IBB
115.68,115.69,115.67,115.68,3200,2022-06-02 19:00:00,IBB
115.67,115.68,115.57,115.5735,3962,2022-06-02 19:01:00,IBB
115.605,115.645,115.605,115.645,500,2022-06-02 19:02:00,IBB
115.6701,115.73,115.66,115.73,2336,2022-06-02 19:03:00,IBB
115.72,115.725,115.65,115.65,1675,2022-06-02 19:04:00,IBB
115.63,115.67,115.6,115.67,1373,2022-06-02 19:05:00,IBB
115.685,115.685,115.64,115.64,1481,2022-06-02 19:06:00,IBB
115.63,115.63,115.62,115.62,800,2022-06-02 19:07:00,IBB
115.66,115.67,115.62,115.62,1400,2022-06-02 19:08:00,IBB
115.6399,115.64,115.5601,115.5601,1642,2022-06-02 19:09:00,IBB
115.56,115.6,115.54,115.6,600,2022-06-02 19:10:00,IBB
115.71,115.73,115.7,115.73,1005,2022-06-02 19:11:00,IBB
115.7,115.7,115.65,115.65,1329,2022-06-02 19:12:00,IBB
115.62,115.66,115.61,115.6402,1016,2022-06-02 19:13:00,IBB
115.66,115.66,115.64,115.64,875,2022-06-02 19:14:00,IBB
115.64,115.64,115.62,115.62,400,2022-06-02 19:15:00,IBB
115.65,115.68,115.65,115.68,700,2022-06-02 19:16:00,IBB
115.69,115.72,115.69,115.69,1557,2022-06-02 19:17:00,IBB
115.69,115.7,115.66,115.7,900,2022-06-02 19:18:00,IBB
115.69,115.7,115.66,115.68,1850,2022-06-02 19:19:00,IBB
115.66,115.66,115.62,115.63,4209,2022-06-02 19:20:00,IBB
115.633,115.65,115.6,115.62,2130,2022-06-02 19:21:00,IBB
115.63,115.63,115.6,115.6,2125,2022-06-02 19:22:00,IBB
115.59,115.59,115.56,115.59,600,2022-06-02 19:23:00,IBB
115.6,115.64,115.6,115.61,1950,2022-06-02 19:24:00,IBB
115.61,115.6659,115.61,115.655,2671,2022-06-02 19:25:00,IBB
115.61,115.61,115.47,115.48,3563,2022-06-02 19:26:00,IBB
115.45,115.47,115.44,115.46,3117,2022-06-02 19:27:00,IBB
115.47,115.52,115.45,115.52,1900,2022-06-02 19:28:00,IBB
115.5,115.52,115.47,115.52,1650,2022-06-02 19:29:00,IBB
115.53,115.61,115.53,115.57,3109,2022-06-02 19:30:00,IBB
115.58,115.63,115.56,115.59,3292,2022-06-02 19:31:00,IBB
115.6,115.67,115.59,115.67,8895,2022-06-02 19:32:00,IBB
115.68,115.7,115.66,115.67,2882,2022-06-02 19:33:00,IBB
115.68,115.7299,115.68,115.71,2616,2022-06-02 19:34:00,IBB
115.72,115.8,115.7,115.8,1100,2022-06-02 19:35:00,IBB
115.82,115.85,115.81,115.83,2200,2022-06-02 19:36:00,IBB
115.81,115.84,115.79,115.83,1362,2022-06-02 19:37:00,IBB
115.83,115.83,115.8,115.8,7016,2022-06-02 19:38:00,IBB
115.76,115.81,115.76,115.81,2512,2022-06-02 19:39:00,IBB
115.82,115.9,115.81,115.9,14388,2022-06-02 19:40:00,IBB
115.91,115.91,115.83,115.84,7434,2022-06-02 19:41:00,IBB
115.84,115.87,115.8199,115.87,1950,2022-06-02 19:42:00,IBB
115.88,115.905,115.86,115.895,2893,2022-06-02 19:43:00,IBB
115.91,115.98,115.9,115.98,6699,2022-06-02 19:44:00,IBB
115.99,116.0,115.95,115.99,3066,2022-06-02 19:45:00,IBB
115.985,116.01,115.985,116.0,1462,2022-06-02 19:46:00,IBB
116.01,116.01,115.86,115.86,6031,2022-06-02 19:47:00,IBB
115.87,115.95,115.865,115.95,1643,2022-06-02 19:48:00,IBB
115.9701,116.04,115.96,116.0,6429,2022-06-02 19:49:00,IBB
116.0,116.22,115.995,116.11,10919,2022-06-02 19:50:00,IBB
116.14,116.2,116.1,116.1,3400,2022-06-02 19:51:00,IBB
116.11,116.11,116.02,116.11,2000,2022-06-02 19:52:00,IBB
116.11,116.19,116.11,116.15,4024,2022-06-02 19:53:00,IBB
116.18,116.26,116.15,116.22,8334,2022-06-02 19:54:00,IBB
116.23,116.23,116.13,116.16,8016,2022-06-02 19:55:00,IBB
116.165,116.25,116.165,116.24,6444,2022-06-02 19:56:00,IBB
116.23,116.25,116.21,116.23,6941,2022-06-02 19:57:00,IBB
116.24,116.27,116.23,116.24,12396,2022-06-02 19:58:00,IBB
116.26,116.27,116.21,116.22,10469,2022-06-02 19:59:00,IBB
116.13,116.36,116.13,116.36,16214,2022-06-02 20:00:00,IBB
116.1,116.1,116.1,116.1,3100,2022-06-02 20:03:00,IBB
116.1,116.1,116.1,116.1,2000,2022-06-02 20:08:00,IBB
116.1,116.1,116.1,116.1,400,2022-06-02 20:09:00,IBB
116.36,116.36,116.36,116.36,2515,2022-06-02 20:13:00,IBB
116.1,116.1,116.1,116.1,500,2022-06-02 20:34:00,IBB
116.1,116.1,116.1,116.1,3000,2022-06-02 20:41:00,IBB
116.1,116.1,116.1,116.1,600,2022-06-02 20:43:00,IBB
115.97,115.97,115.97,115.97,200,2022-06-02 20:45:00,IBB
116.2,116.2,116.2,116.2,200,2022-06-03 10:59:00,IBB
116.18,116.18,116.18,116.18,596,2022-06-03 11:02:00,IBB
116.18,116.2,116.18,116.18,5066,2022-06-03 11:03:00,IBB
116.18,116.18,116.18,116.18,1300,2022-06-03 11:06:00,IBB
116.18,116.18,116.18,116.18,3127,2022-06-03 11:07:00,IBB
116.18,116.18,116.18,116.18,196,2022-06-03 11:40:00,IBB
115.7,115.7,115.7,115.7,100,2022-06-03 12:34:00,IBB
116.2,116.2,116.19,116.2,1800,2022-06-03 12:38:00,IBB
115.86,115.86,115.86,115.86,124,2022-06-03 12:59:00,IBB
115.88,115.88,115.7,115.7,301,2022-06-03 13:28:00,IBB
115.79,115.79,115.23,115.6,55596,2022-06-03 13:30:00,IBB
115.63,115.7,115.43,115.59,19959,2022-06-03 13:31:00,IBB
115.6,115.89,115.6,115.7,17048,2022-06-03 13:32:00,IBB
115.67,115.93,115.67,115.8,3600,2022-06-03 13:33:00,IBB
115.82,115.86,115.5901,115.7292,3731,2022-06-03 13:34:00,IBB
115.67,115.94,115.67,115.7,4844,2022-06-03 13:35:00,IBB
115.75,115.8,115.7,115.8,2167,2022-06-03 13:36:00,IBB
115.66,115.95,115.66,115.93,7494,2022-06-03 13:37:00,IBB
115.95,116.16,115.91,116.16,19490,2022-06-03 13:38:00,IBB
116.24,116.44,116.24,116.44,3861,2022-06-03 13:39:00,IBB
116.44,116.522,116.34,116.34,3800,2022-06-03 13:40:00,IBB
116.3,116.56,116.27,116.51,1457,2022-06-03 13:41:00,IBB
116.51,116.61,116.17,116.3,7419,2022-06-03 13:42:00,IBB
116.3202,116.45,116.3202,116.45,5200,2022-06-03 13:43:00,IBB
116.4,116.53,116.33,116.34,2690,2022-06-03 13:44:00,IBB
116.29,116.35,116.1,116.2199,11833,2022-06-03 13:45:00,IBB
116.15,116.18,116.01,116.01,1700,2022-06-03 13:46:00,IBB
116.13,116.37,116.13,116.37,3632,2022-06-03 13:47:00,IBB
116.46,116.46,116.23,116.28,2396,2022-06-03 13:48:00,IBB
116.39,116.58,116.39,116.58,6318,2022-06-03 13:49:00,IBB
116.59,116.61,116.28,116.31,7035,2022-06-03 13:50:00,IBB
116.33,116.5,116.3,116.43,6660,2022-06-03 13:51:00,IBB
116.46,116.46,116.3,116.35,4077,2022-06-03 13:52:00,IBB
116.4,116.72,116.4,116.68,12855,2022-06-03 13:53:00,IBB
116.71,116.73,116.56,116.56,3010,2022-06-03 13:54:00,IBB
116.51,116.73,116.47,116.7299,2512,2022-06-03 13:55:00,IBB
116.73,116.82,116.7,116.82,2526,2022-06-03 13:56:00,IBB
116.85,116.89,116.73,116.81,13371,2022-06-03 13:57:00,IBB
116.79,116.85,116.76,116.77,4668,2022-06-03 13:58:00,IBB
116.8,117.01,116.8,116.93,8193,2022-06-03 13:59:00,IBB
116.98,117.13,116.85,117.1,9261,2022-06-03 14:00:00,IBB
117.16,117.48,117.16,117.43,27262,2022-06-03 14:01:00,IBB
117.39,117.52,117.31,117.31,18956,2022-06-03 14:02:00,IBB
117.3,117.34,117.17,117.24,4041,2022-06-03 14:03:00,IBB
117.23,117.28,117.12,117.19,3788,2022-06-03 14:04:00,IBB
117.09,117.11,116.91,117.02,5777,2022-06-03 14:05:00,IBB
117.05,117.31,117.05,117.31,2290,2022-06-03 14:06:00,IBB
117.3,117.57,117.3,117.52,8992,2022-06-03 14:07:00,IBB
117.52,117.52,117.38,117.42,2989,2022-06-03 14:08:00,IBB
117.45,117.48,117.43,117.43,1894,2022-06-03 14:09:00,IBB
117.33,117.53,117.3,117.33,2023,2022-06-03 14:10:00,IBB
117.3,117.3,117.18,117.2,5343,2022-06-03 14:11:00,IBB
117.2,117.35,117.17,117.35,7046,2022-06-03 14:12:00,IBB
117.36,117.44,117.36,117.44,5568,2022-06-03 14:13:00,IBB
117.33,117.41,117.32,117.4,6015,2022-06-03 14:14:00,IBB
117.39,117.56,117.37,117.52,7093,2022-06-03 14:15:00,IBB
117.52,117.52,117.16,117.23,13454,2022-06-03 14:16:00,IBB
117.23,117.365,117.18,117.33,13379,2022-06-03 14:17:00,IBB
117.29,117.38,117.23,117.26,24761,2022-06-03 14:18:00,IBB
117.25,117.26,117.15,117.15,4290,2022-06-03 14:19:00,IBB
117.1,117.1,116.85,116.85,7224,2022-06-03 14:20:00,IBB
116.85,116.9,116.62,116.63,81655,2022-06-03 14:21:00,IBB
116.65,116.84,116.65,116.84,2045,2022-06-03 14:22:00,IBB
116.94,117.0,116.94,117.0,1357,2022-06-03 14:23:00,IBB
117.0,117.05,117.0,117.03,719,2022-06-03 14:24:00,IBB
116.95,116.95,116.948,116.948,300,2022-06-03 14:25:00,IBB
116.95,117.02,116.92,117.0,1535,2022-06-03 14:26:00,IBB
117.0,117.05,116.96,117.02,2211,2022-06-03 14:27:00,IBB
116.95,117.03,116.95,117.0,861,2022-06-03 14:28:00,IBB
116.98,117.17,116.9799,117.17,2038,2022-06-03 14:29:00,IBB
117.15,117.155,116.91,116.97,6769,2022-06-03 14:30:00,IBB
116.98,117.2,116.93,117.16,2100,2022-06-03 14:31:00,IBB
117.11,117.13,117.03,117.13,1649,2022-06-03 14:32:00,IBB
117.1601,117.17,117.11,117.17,1407,2022-06-03 14:33:00,IBB
117.09,117.145,117.0725,117.145,328,2022-06-03 14:34:00,IBB
117.135,117.23,117.135,117.14,2084,2022-06-03 14:35:00,IBB
117.14,117.15,116.95,116.955,3087,2022-06-03 14:36:00,IBB
116.96,117.015,116.9,116.96,3109,2022-06-03 14:37:00,IBB
116.95,116.99,116.8,116.8,4200,2022-06-03 14:38:00,IBB
116.82,116.93,116.76,116.93,1800,2022-06-03 14:39:00,IBB
116.92,116.92,116.8,116.815,600,2022-06-03 14:40:00,IBB
116.79,116.88,116.78,116.86,700,2022-06-03 14:41:00,IBB
116.89,116.92,116.84,116.9,1600,2022-06-03 14:42:00,IBB
116.87,117.02,116.87,117.01,1191,2022-06-03 14:43:00,IBB
116.99,117.035,116.96,117.01,1313,2022-06-03 14:44:00,IBB
117.0,117.0,116.84,116.88,2400,2022-06-03 14:45:00,IBB
116.9,117.02,116.89,116.98,2411,2022-06-03 14:46:00,IBB
116.94,116.95,116.84,116.84,1900,2022-06-03 14:47:00,IBB
116.91,116.92,116.91,116.92,500,2022-06-03 14:48:00,IBB
117.01,117.01,116.92,116.92,700,2022-06-03 14:49:00,IBB
116.935,116.935,116.825,116.84,2465,2022-06-03 14:50:00,IBB
116.87,116.87,116.76,116.77,3500,2022-06-03 14:51:00,IBB
116.705,116.705,116.64,116.68,3000,2022-06-03 14:52:00,IBB
116.65,116.8,116.64,116.74,2428,2022-06-03 14:53:00,IBB
116.75,116.76,116.7,116.7,1919,2022-06-03 14:54:00,IBB
116.73,116.81,116.69,116.73,1923,2022-06-03 14:55:00,IBB
116.73,116.73,116.7,116.7,500,2022-06-03 14:56:00,IBB
116.73,116.84,116.73,116.84,1407,2022-06-03 14:57:00,IBB
116.81,116.82,116.74,116.74,1000,2022-06-03 14:58:00,IBB
116.73,116.73,116.62,116.65,700,2022-06-03 14:59:00,IBB
116.58,116.61,116.5,116.5,1520,2022-06-03 15:00:00,IBB
116.5,116.55,116.47,116.47,3150,2022-06-03 15:01:00,IBB
116.46,116.47,116.34,116.38,7562,2022-06-03 15:02:00,IBB
116.38,116.41,116.27,116.27,2294,2022-06-03 15:03:00,IBB
116.23,116.33,116.18,116.33,10224,2022-06-03 15:04:00,IBB
116.31,116.31,116.2399,116.2399,2528,2022-06-03 15:05:00,IBB
116.29,116.32,116.28,116.31,1700,2022-06-03 15:06:00,IBB
116.28,116.28,116.28,116.28,200,2022-06-03 15:07:00,IBB
116.2547,116.28,116.235,116.28,2036,2022-06-03 15:08:00,IBB
116.29,116.3,116.25,116.28,961,2022-06-03 15:09:00,IBB
116.285,116.295,116.155,116.1799,3550,2022-06-03 15:10:00,IBB
116.19,116.22,116.1601,116.22,1246,2022-06-03 15:11:00,IBB
116.23,116.23,116.17,116.19,2239,2022-06-03 15:12:00,IBB
116.21,116.26,116.19,116.19,900,2022-06-03 15:13:00,IBB
116.2,116.24,116.2,116.2199,766,2022-06-03 15:14:00,IBB
116.26,116.26,116.2404,116.26,400,2022-06-03 15:15:00,IBB
116.2,116.2,116.165,116.19,2400,2022-06-03 15:16:00,IBB
116.17,116.18,116.1,116.1,1829,2022-06-03 15:17:00,IBB
116.1,116.22,116.09,116.22,1600,2022-06-03 15:18:00,IBB
116.23,116.23,116.19,116.19,2300,2022-06-03 15:19:00,IBB
116.19,116.19,116.13,116.13,2609,2022-06-03 15:20:00,IBB
116.13,116.13,116.005,116.055,3743,2022-06-03 15:21:00,IBB
116.04,116.06,116.015,116.05,700,2022-06-03 15:22:00,IBB
116.07,116.14,116.07,116.14,1505,2022-06-03 15:23:00,IBB
116.12,116.12,116.0,116.02,3283,2022-06-03 15:24:00,IBB
116.01,116.026,116.01,116.026,379,2022-06-03 15:25:00,IBB
115.99,116.1,115.99,116.03,1943,2022-06-03 15:26:00,IBB
116.0,116.0,115.98,115.98,1000,2022-06-03 15:27:00,IBB
115.93,115.94,115.84,115.93,7543,2022-06-03 15:28:00,IBB
115.92,115.99,115.88,115.975,9391,2022-06-03 15:29:00,IBB
115.9567,116.03,115.94,115.94,2116,2022-06-03 15:30:00,IBB
115.94,116.03,115.9,116.03,1500,2022-06-03 15:31:00,IBB
116.06,116.13,116.06,116.13,829,2022-06-03 15:32:00,IBB
116.13,116.14,116.06,116.08,2140,2022-06-03 15:33:00,IBB
116.05,116.09,116.05,116.09,1400,2022-06-03 15:34:00,IBB
116.12,116.12,116.08,116.1,3769,2022-06-03 15:35:00,IBB
116.13,116.23,116.13,116.2,1000,2022-06-03 15:36:00,IBB
116.26,116.37,116.26,116.36,1500,2022-06-03 15:37:00,IBB
116.33,116.33,116.21,116.24,1361,2022-06-03 15:38:00,IBB
116.3,116.3,116.3,116.3,200,2022-06-03 15:39:00,IBB
116.34,116.34,116.28,116.3,1549,2022-06-03 15:40:00,IBB
116.22,116.22,116.2,116.2,1200,2022-06-03 15:41:00,IBB
116.21,116.21,116.21,116.21,100,2022-06-03 15:42:00,IBB
116.21,116.21,116.21,116.21,200,2022-06-03 15:43:00,IBB
116.3,116.3,116.3,116.3,100,2022-06-03 15:44:00,IBB
116.3302,116.3302,116.29,116.29,904,2022-06-03 15:45:00,IBB
116.31,116.31,116.22,116.22,599,2022-06-03 15:48:00,IBB
116.22,116.22,116.155,116.155,500,2022-06-03 15:49:00,IBB
116.11,116.11,116.04,116.07,1390,2022-06-03 15:50:00,IBB
116.11,116.17,116.11,116.17,1916,2022-06-03 15:51:00,IBB
116.17,116.22,116.17,116.2,1690,2022-06-03 15:52:00,IBB
116.16,116.16,116.08,116.1,415,2022-06-03 15:53:00,IBB
116.11,116.1701,116.11,116.17,1850,2022-06-03 15:54:00,IBB
116.16,116.22,116.16,116.21,3211,2022-06-03 15:55:00,IBB
116.22,116.22,116.16,116.18,7512,2022-06-03 15:56:00,IBB
116.17,116.21,116.17,116.19,900,2022-06-03 15:57:00,IBB
116.25,116.25,116.1,116.13,2310,2022-06-03 15:58:00,IBB
116.14,116.17,116.14,116.17,1278,2022-06-03 15:59:00,IBB
116.15,116.2,116.12,116.19,2300,2022-06-03 16:00:00,IBB
116.2,116.25,116.2,116.25,1291,2022-06-03 16:01:00,IBB
116.26,116.27,116.168,116.18,1882,2022-06-03 16:02:00,IBB
116.23,116.37,116.22,116.37,1173,2022-06-03 16:03:00,IBB
116.36,116.36,116.31,116.3222,1035,2022-06-03 16:04:00,IBB
116.38,116.395,116.37,116.37,715,2022-06-03 16:05:00,IBB
116.35,116.35,116.28,116.28,847,2022-06-03 16:06:00,IBB
116.26,116.27,116.16,116.16,1734,2022-06-03 16:07:00,IBB
116.09,116.1269,116.09,116.09,1365,2022-06-03 16:08:00,IBB
116.09,116.09,116.04,116.05,1477,2022-06-03 16:09:00,IBB
116.04,116.04,115.97,115.97,2138,2022-06-03 16:10:00,IBB
115.97,116.0,115.94,115.94,725,2022-06-03 16:11:00,IBB
115.98,116.015,115.98,115.995,1300,2022-06-03 16:12:00,IBB
115.96,115.97,115.93,115.93,500,2022-06-03 16:13:00,IBB
115.945,115.945,115.93,115.93,252,2022-06-03 16:14:00,IBB
115.99,116.04,115.99,116.0284,1458,2022-06-03 16:15:00,IBB
116.05,116.08,116.05,116.05,590,2022-06-03 16:16:00,IBB
116.07,116.07,116.07,116.07,100,2022-06-03 16:17:00,IBB
116.03,116.03,116.0,116.0,200,2022-06-03 16:18:00,IBB
115.93,115.93,115.89,115.91,950,2022-06-03 16:19:00,IBB
115.77,115.85,115.77,115.85,600,2022-06-03 16:20:00,IBB
115.83,115.89,115.8,115.87,1934,2022-06-03 16:21:00,IBB
115.89,115.94,115.88,115.94,400,2022-06-03 16:22:00,IBB
115.98,116.0,115.98,116.0,300,2022-06-03 16:23:00,IBB
116.23,116.31,116.2079,116.26,2068,2022-06-03 16:24:00,IBB
116.22,116.27,116.18,116.22,1600,2022-06-03 16:25:00,IBB
116.25,116.25,116.25,116.25,100,2022-06-03 16:26:00,IBB
116.19,116.19,116.11,116.16,1000,2022-06-03 16:27:00,IBB
116.16,116.2056,116.16,116.1833,670,2022-06-03 16:28:00,IBB
116.2,116.2,116.16,116.2,600,2022-06-03 16:29:00,IBB
116.2,116.27,116.19,116.24,810,2022-06-03 16:30:00,IBB
116.16,116.17,116.16,116.17,200,2022-06-03 16:31:00,IBB
116.1434,116.1434,116.1,116.14,700,2022-06-03 16:32:00,IBB
116.11,116.14,116.11,116.14,300,2022-06-03 16:33:00,IBB
116.09,116.11,116.0835,116.0835,425,2022-06-03 16:34:00,IBB
116.07,116.07,116.06,116.07,500,2022-06-03 16:35:00,IBB
116.04,116.19,116.03,116.19,1300,2022-06-03 16:36:00,IBB
116.19,116.22,116.19,116.22,400,2022-06-03 16:37:00,IBB
116.24,116.31,116.24,116.308,1429,2022-06-03 16:38:00,IBB
116.28,116.3,116.26,116.3,900,2022-06-03 16:39:00,IBB
116.28,116.31,116.28,116.29,1063,2022-06-03 16:40:00,IBB
116.28,116.286,116.21,116.21,1300,2022-06-03 16:41:00,IBB
116.21,116.26,116.21,116.25,1159,2022-06-03 16:42:00,IBB
116.24,116.24,116.16,116.18,613,2022-06-03 16:43:00,IBB
116.18,116.21,116.15,116.21,1193,2022-06-03 16:44:00,IBB
116.22,116.22,116.15,116.18,400,2022-06-03 16:45:00,IBB
116.17,116.1984,116.17,116.17,1002,2022-06-03 16:46:00,IBB
116.21,116.23,116.21,116.21,511,2022-06-03 16:47:00,IBB
116.3,116.31,116.3,116.3,600,2022-06-03 16:48:00,IBB
116.34,116.34,116.32,116.32,400,2022-06-03 16:49:00,IBB
116.26,116.26,116.2,116.23,600,2022-06-03 16:50:00,IBB
116.18,116.24,116.18,116.24,200,2022-06-03 16:51:00,IBB
116.29,116.35,116.27,116.35,701,2022-06-03 16:52:00,IBB
116.37,116.37,116.37,116.37,100,2022-06-03 16:53:00,IBB
116.3599,116.45,116.3475,116.45,1114,2022-06-03 16:54:00,IBB
116.46,116.49,116.46,116.49,900,2022-06-03 16:55:00,IBB
116.485,116.55,116.485,116.55,810,2022-06-03 16:56:00,IBB
116.53,116.53,116.49,116.49,400,2022-06-03 16:57:00,IBB
116.45,116.46,116.4369,116.46,515,2022-06-03 16:58:00,IBB
116.47,116.53,116.47,116.53,300,2022-06-03 16:59:00,IBB
116.53,116.6,116.53,116.6,500,2022-06-03 17:00:00,IBB
116.63,116.7301,116.62,116.7301,1955,2022-06-03 17:01:00,IBB
116.73,116.86,116.73,116.86,2106,2022-06-03 17:02:00,IBB
116.86,116.92,116.8033,116.9,950,2022-06-03 17:03:00,IBB
116.96,116.97,116.9501,116.96,700,2022-06-03 17:04:00,IBB
116.93,116.93,116.85,116.85,2313,2022-06-03 17:05:00,IBB
116.9,116.93,116.9,116.93,500,2022-06-03 17:06:00,IBB
116.97,116.97,116.9,116.9,800,2022-06-03 17:07:00,IBB
116.88,116.88,116.78,116.78,862,2022-06-03 17:08:00,IBB
116.8,116.85,116.8,116.84,660,2022-06-03 17:09:00,IBB
116.92,116.92,116.92,116.92,100,2022-06-03 17:10:00,IBB
116.86,116.8851,116.86,116.86,2544,2022-06-03 17:11:00,IBB
116.87,116.87,116.84,116.84,300,2022-06-03 17:12:00,IBB
116.85,116.85,116.85,116.85,200,2022-06-03 17:13:00,IBB
116.83,116.83,116.7599,116.76,326,2022-06-03 17:14:00,IBB
116.77,116.77,116.615,116.615,827,2022-06-03 17:15:00,IBB
116.66,116.6733,116.65,116.65,1893,2022-06-03 17:16:00,IBB
116.65,116.66,116.6,116.61,600,2022-06-03 17:17:00,IBB
116.55,116.55,116.48,116.48,1388,2022-06-03 17:18:00,IBB
116.4,116.46,116.39,116.43,900,2022-06-03 17:19:00,IBB
116.45,116.51,116.45,116.4863,1706,2022-06-03 17:20:00,IBB
116.52,116.63,116.52,116.63,1350,2022-06-03 17:21:00,IBB
116.7,116.7368,116.7,116.7368,800,2022-06-03 17:22:00,IBB
116.71,116.71,116.71,116.71,100,2022-06-03 17:23:00,IBB
116.71,116.73,116.66,116.73,400,2022-06-03 17:24:00,IBB
116.76,116.785,116.76,116.77,1000,2022-06-03 17:25:00,IBB
116.78,116.78,116.74,116.74,300,2022-06-03 17:26:00,IBB
116.7302,116.78,116.73,116.73,400,2022-06-03 17:27:00,IBB
116.7,116.72,116.66,116.68,600,2022-06-03 17:28:00,IBB
116.76,116.77,116.75,116.7587,832,2022-06-03 17:29:00,IBB
116.72,116.72,116.71,116.7173,760,2022-06-03 17:30:00,IBB
116.67,116.67,116.63,116.63,600,2022-06-03 17:31:00,IBB
116.67,116.69,116.67,116.69,200,2022-06-03 17:32:00,IBB
116.6899,116.71,116.6899,116.71,600,2022-06-03 17:33:00,IBB
116.7399,116.7399,116.67,116.71,500,2022-06-03 17:34:00,IBB
116.79,116.8166,116.73,116.73,961,2022-06-03 17:35:00,IBB
116.72,116.7962,116.72,116.7962,200,2022-06-03 17:36:00,IBB
116.78,116.83,116.78,116.79,400,2022-06-03 17:37:00,IBB
116.75,116.75,116.74,116.74,200,2022-06-03 17:38:00,IBB
116.73,116.73,116.62,116.62,1300,2022-06-03 17:40:00,IBB
116.62,116.62,116.52,116.52,590,2022-06-03 17:41:00,IBB
116.49,116.51,116.43,116.43,1000,2022-06-03 17:42:00,IBB
116.45,116.45,116.36,116.37,757,2022-06-03 17:43:00,IBB
116.3866,116.44,116.36,116.43,1550,2022-06-03 17:44:00,IBB
116.46,116.49,116.4,116.4,1210,2022-06-03 17:45:00,IBB
116.4063,116.49,116.4063,116.47,781,2022-06-03 17:46:00,IBB
116.47,116.49,116.46,116.49,743,2022-06-03 17:47:00,IBB
116.49,116.51,116.49,116.51,300,2022-06-03 17:48:00,IBB
116.48,116.53,116.44,116.53,700,2022-06-03 17:49:00,IBB
116.52,116.52,116.52,116.52,400,2022-06-03 17:50:00,IBB
116.46,116.5,116.4582,116.5,1040,2022-06-03 17:51:00,IBB
116.52,116.52,116.52,116.52,100,2022-06-03 17:52:00,IBB
116.56,116.629,116.55,116.56,1243,2022-06-03 17:53:00,IBB
116.54,116.58,116.52,116.53,1831,2022-06-03 17:54:00,IBB
116.52,116.539,116.49,116.539,615,2022-06-03 17:55:00,IBB
116.52,116.52,116.43,116.43,500,2022-06-03 17:56:00,IBB
116.42,116.5,116.42,116.5,900,2022-06-03 17:57:00,IBB
116.535,116.535,116.43,116.43,641,2022-06-03 17:58:00,IBB
116.43,116.43,116.395,116.395,438,2022-06-03 17:59:00,IBB
116.42,116.425,116.36,116.4,1200,2022-06-03 18:00:00,IBB
116.44,116.44,116.32,116.3247,1244,2022-06-03 18:01:00,IBB
116.33,116.34,116.3136,116.34,1446,2022-06-03 18:02:00,IBB
116.38,116.455,116.38,116.455,1405,2022-06-03 18:03:00,IBB
116.53,116.53,116.46,116.46,500,2022-06-03 18:04:00,IBB
116.46,116.46,116.4,116.42,1061,2022-06-03 18:05:00,IBB
116.52,116.56,116.52,116.56,200,2022-06-03 18:06:00,IBB
116.57,116.57,116.55,116.55,200,2022-06-03 18:07:00,IBB
116.51,116.54,116.48,116.54,1361,2022-06-03 18:08:00,IBB
116.56,116.56,116.46,116.48,3172,2022-06-03 18:09:00,IBB
116.5,116.55,116.47,116.53,800,2022-06-03 18:10:00,IBB
116.48,116.51,116.48,116.5,1000,2022-06-03 18:12:00,IBB
116.46,116.51,116.46,116.51,300,2022-06-03 18:13:00,IBB
116.51,116.55,116.51,116.53,1400,2022-06-03 18:14:00,IBB
116.56,116.56,116.49,116.49,4035,2022-06-03 18:15:00,IBB
116.5,116.51,116.48,116.51,3500,2022-06-03 18:16:00,IBB
116.52,116.55,116.51,116.55,2700,2022-06-03 18:17:00,IBB
116.55,116.61,116.55,116.61,700,2022-06-03 18:18:00,IBB
116.6,116.68,116.6,116.68,800,2022-06-03 18:19:00,IBB
116.65,116.65,116.57,116.59,500,2022-06-03 18:20:00,IBB
116.58,116.6,116.58,116.6,300,2022-06-03 18:21:00,IBB
116.62,116.67,116.62,116.67,1750,2022-06-03 18:22:00,IBB
116.7,116.71,116.63,116.65,4010,2022-06-03 18:23:00,IBB
116.66,116.69,116.63,116.69,1975,2022-06-03 18:24:00,IBB
116.67,116.7,116.64,116.7,5804,2022-06-03 18:25:00,IBB
116.66,116.69,116.65,116.68,2634,2022-06-03 18:26:00,IBB
116.67,116.715,116.67,116.71,2000,2022-06-03 18:27:00,IBB
116.71,116.77,116.71,116.77,1958,2022-06-03 18:28:00,IBB
116.76,116.84,116.75,116.84,1500,2022-06-03 18:29:00,IBB
116.83,116.83,116.73,116.74,3870,2022-06-03 18:30:00,IBB
116.73,116.795,116.73,116.795,1300,2022-06-03 18:31:00,IBB
116.79,116.795,116.7,116.72,1900,2022-06-03 18:32:00,IBB
116.77,116.77,116.77,116.77,100,2022-06-03 18:33:00,IBB
116.77,116.79,116.77,116.79,900,2022-06-03 18:34:00,IBB
116.78,116.81,116.72,116.74,3245,2022-06-03 18:35:00,IBB
116.74,116.75,116.74,116.75,200,2022-06-03 18:36:00,IBB
116.73,116.73,116.6,116.63,1978,2022-06-03 18:37:00,IBB
116.61,116.61,116.54,116.54,3300,2022-06-03 18:38:00,IBB
116.54,116.61,116.54,116.61,546,2022-06-03 18:39:00,IBB
116.63,116.64,116.5966,116.625,1743,2022-06-03 18:40:00,IBB
116.65,116.67,116.64,116.66,700,2022-06-03 18:41:00,IBB
116.68,116.71,116.68,116.6896,1540,2022-06-03 18:42:00,IBB
116.7,116.74,116.7,116.73,1184,2022-06-03 18:43:00,IBB
116.78,116.81,116.77,116.8,1400,2022-06-03 18:44:00,IBB
116.82,116.83,116.7436,116.7436,1250,2022-06-03 18:45:00,IBB
116.74,116.75,116.702,116.72,1206,2022-06-03 18:46:00,IBB
116.705,116.705,116.69,116.7,893,2022-06-03 18:47:00,IBB
116.71,116.75,116.71,116.75,719,2022-06-03 18:48:00,IBB
116.75,116.77,116.71,116.77,1200,2022-06-03 18:49:00,IBB
116.76,116.76,116.76,116.76,100,2022-06-03 18:50:00,IBB
116.72,116.72,116.67,116.7,2400,2022-06-03 18:51:00,IBB
116.69,116.74,116.69,116.72,817,2022-06-03 18:52:00,IBB
116.73,116.77,116.72,116.72,1588,2022-06-03 18:53:00,IBB
116.7,116.74,116.7,116.73,980,2022-06-03 18:54:00,IBB
116.72,116.75,116.69,116.75,1261,2022-06-03 18:55:00,IBB
116.76,116.81,116.74,116.81,1400,2022-06-03 18:56:00,IBB
116.8,116.8,116.73,116.73,1300,2022-06-03 18:57:00,IBB
116.74,116.8,116.74,116.8,500,2022-06-03 18:58:00,IBB
116.74,116.74,116.71,116.72,500,2022-06-03 18:59:00,IBB
116.75,116.7501,116.7,116.7,3290,2022-06-03 19:00:00,IBB
116.72,116.74,116.56,116.56,8739,2022-06-03 19:01:00,IBB
116.57,116.57,116.51,116.54,6805,2022-06-03 19:02:00,IBB
116.55,116.63,116.55,116.59,1954,2022-06-03 19:03:00,IBB
116.62,116.62,116.62,116.62,100,2022-06-03 19:04:00,IBB
116.61,116.61,116.57,116.57,3425,2022-06-03 19:05:00,IBB
116.57,116.57,116.56,116.565,514,2022-06-03 19:06:00,IBB
116.54,116.54,116.37,116.37,4053,2022-06-03 19:07:00,IBB
116.35,116.417,116.35,116.4,1069,2022-06-03 19:08:00,IBB
116.45,116.51,116.41,116.43,3765,2022-06-03 19:09:00,IBB
116.43,116.497,116.42,116.46,905,2022-06-03 19:10:00,IBB
116.45,116.455,116.34,116.34,2226,2022-06-03 19:11:00,IBB
116.28,116.29,116.24,116.24,814,2022-06-03 19:12:00,IBB
116.28,116.28,116.27,116.27,200,2022-06-03 19:13:00,IBB
116.27,116.27,116.24,116.24,300,2022-06-03 19:14:00,IBB
116.25,116.27,116.19,116.27,1645,2022-06-03 19:15:00,IBB
116.25,116.31,116.19,116.2,1340,2022-06-03 19:16:00,IBB
116.23,116.26,116.23,116.23,500,2022-06-03 19:17:00,IBB
116.23,116.32,116.23,116.31,500,2022-06-03 19:18:00,IBB
116.3,116.34,116.27,116.285,900,2022-06-03 19:19:00,IBB
116.32,116.36,116.32,116.34,807,2022-06-03 19:20:00,IBB
116.35,116.35,116.26,116.325,2002,2022-06-03 19:21:00,IBB
116.32,116.33,116.25,116.25,2600,2022-06-03 19:22:00,IBB
116.24,116.28,116.22,116.24,1300,2022-06-03 19:23:00,IBB
116.25,116.3,116.25,116.3,1011,2022-06-03 19:24:00,IBB
116.29,116.38,116.28,116.35,4721,2022-06-03 19:25:00,IBB
116.34,116.35,116.28,116.35,4209,2022-06-03 19:26:00,IBB
116.34,116.42,116.32,116.33,1414,2022-06-03 19:27:00,IBB
116.3,116.38,116.3,116.38,1860,2022-06-03 19:28:00,IBB
116.41,116.48,116.41,116.48,2100,2022-06-03 19:29:00,IBB
116.46,116.46,116.36,116.4,1908,2022-06-03 19:30:00,IBB
116.365,116.41,116.36,116.385,1200,2022-06-03 19:31:00,IBB
116.38,116.42,116.36,116.42,1925,2022-06-03 19:32:00,IBB
116.42,116.47,116.42,116.45,1400,2022-06-03 19:33:00,IBB
116.435,116.44,116.33,116.34,2265,2022-06-03 19:34:00,IBB
116.35,116.41,116.29,116.39,2500,2022-06-03 19:35:00,IBB
116.37,116.4,116.29,116.29,61266,2022-06-03 19:36:00,IBB
116.29,116.51,116.27,116.48,7433,2022-06-03 19:37:00,IBB
116.49,116.52,116.47,116.49,3299,2022-06-03 19:38:00,IBB
116.47,116.48,116.36,116.36,1700,2022-06-03 19:39:00,IBB
116.37,116.45,116.37,116.45,3775,2022-06-03 19:40:00,IBB
116.44,116.45,116.39,116.39,1809,2022-06-03 19:41:00,IBB
116.37,116.42,116.37,116.39,1706,2022-06-03 19:42:00,IBB
116.38,116.38,116.28,116.28,4400,2022-06-03 19:43:00,IBB
116.27,116.275,116.16,116.2,2990,2022-06-03 19:44:00,IBB
116.19,116.23,116.15,116.18,3099,2022-06-03 19:45:00,IBB
116.16,116.21,116.11,116.21,3979,2022-06-03 19:46:00,IBB
116.2,116.319,116.2,116.319,3100,2022-06-03 19:47:00,IBB
116.29,116.4,116.27,116.375,3408,2022-06-03 19:48:00,IBB
116.31,116.311,116.23,116.24,4099,2022-06-03 19:49:00,IBB
116.24,116.41,116.09,116.41,14660,2022-06-03 19:50:00,IBB
116.39,116.44,116.33,116.365,4603,2022-06-03 19:51:00,IBB
116.37,116.48,116.35,116.48,6656,2022-06-03 19:52:00,IBB
116.48,116.59,116.47,116.47,3919,2022-06-03 19:53:00,IBB
116.45,116.55,116.41,116.55,4314,2022-06-03 19:54:00,IBB
116.6,116.66,116.56,116.56,7190,2022-06-03 19:55:00,IBB
116.55,116.55,116.47,116.54,8442,2022-06-03 19:56:00,IBB
116.545,116.6,116.545,116.57,4703,2022-06-03 19:57:00,IBB
116.55,116.58,116.52,116.535,9452,2022-06-03 19:58:00,IBB
116.53,116.65,116.5137,116.59,14398,2022-06-03 19:59:00,IBB
116.5,116.5,116.5,116.5,37897,2022-06-03 20:00:00,IBB
117.37,117.37,117.37,117.37,100,2022-06-06 08:42:00,IBB
117.54,117.54,117.54,117.54,224,2022-06-06 12:54:00,IBB
117.63,117.63,117.63,117.63,1000,2022-06-06 13:02:00,IBB
117.72,117.72,117.72,117.72,990,2022-06-06 13:09:00,IBB
117.72,117.72,117.72,117.72,4000,2022-06-06 13:11:00,IBB
117.72,117.72,117.69,117.69,1999,2022-06-06 13:16:00,IBB
117.31,117.55,117.31,117.48,20114,2022-06-06 13:30:00,IBB
117.56,117.76,117.525,117.525,5799,2022-06-06 13:31:00,IBB
117.5,117.53,117.1,117.3,7261,2022-06-06 13:32:00,IBB
117.36,117.36,117.11,117.22,3973,2022-06-06 13:33:00,IBB
117.24,117.24,116.92,116.92,6231,2022-06-06 13:34:00,IBB
116.91,117.03,116.87,117.02,6662,2022-06-06 13:35:00,IBB
117.02,117.05,116.82,116.82,4261,2022-06-06 13:36:00,IBB
116.79,116.86,116.752,116.84,7231,2022-06-06 13:37:00,IBB
116.74,116.77,116.64,116.64,1800,2022-06-06 13:38:00,IBB
116.6819,116.73,116.58,116.73,2831,2022-06-06 13:39:00,IBB
116.7,116.7,116.58,116.59,6250,2022-06-06 13:40:00,IBB
116.59,116.83,116.56,116.81,7860,2022-06-06 13:41:00,IBB
116.91,117.04,116.9,116.935,20143,2022-06-06 13:42:00,IBB
116.93,116.93,116.65,116.75,41640,2022-06-06 13:43:00,IBB
116.68,116.7,116.52,116.6,5315,2022-06-06 13:44:00,IBB
116.57,116.62,116.45,116.48,9915,2022-06-06 13:45:00,IBB
116.49,116.51,116.3,116.34,8914,2022-06-06 13:46:00,IBB
116.29,116.37,116.26,116.27,3256,2022-06-06 13:47:00,IBB
116.29,116.44,116.29,116.32,5685,2022-06-06 13:48:00,IBB
116.27,116.43,116.23,116.43,7980,2022-06-06 13:49:00,IBB
116.44,116.46,116.2,116.37,10794,2022-06-06 13:50:00,IBB
116.31,116.49,116.31,116.47,3321,2022-06-06 13:51:00,IBB
116.59,116.65,116.47,116.53,6462,2022-06-06 13:52:00,IBB
116.55,116.55,116.44,116.48,4026,2022-06-06 13:53:00,IBB
116.51,116.51,116.35,116.39,2753,2022-06-06 13:54:00,IBB
116.35,116.37,116.245,116.36,5774,2022-06-06 13:55:00,IBB
116.39,116.4336,116.33,116.41,3970,2022-06-06 13:56:00,IBB
116.33,116.43,116.32,116.41,2308,2022-06-06 13:57:00,IBB
116.43,116.43,116.3,116.3,11891,2022-06-06 13:58:00,IBB
116.3038,116.55,116.29,116.53,3889,2022-06-06 13:59:00,IBB
116.56,116.72,116.46,116.64,9096,2022-06-06 14:00:00,IBB
116.705,116.74,116.62,116.63,5549,2022-06-06 14:01:00,IBB
116.71,116.78,116.68,116.7,4200,2022-06-06 14:02:00,IBB
116.76,116.7895,116.7,116.7499,5825,2022-06-06 14:03:00,IBB
116.69,116.69,116.53,116.6,6794,2022-06-06 14:04:00,IBB
116.63,116.65,116.47,116.54,4477,2022-06-06 14:05:00,IBB
116.52,116.61,116.51,116.55,4151,2022-06-06 14:06:00,IBB
116.5,116.5,116.4,116.4,5536,2022-06-06 14:07:00,IBB
116.37,116.48,116.37,116.465,2022,2022-06-06 14:08:00,IBB
116.52,116.56,116.51,116.51,1401,2022-06-06 14:09:00,IBB
116.5,116.53,116.42,116.47,6522,2022-06-06 14:10:00,IBB
116.47,116.59,116.445,116.59,2162,2022-06-06 14:11:00,IBB
116.6,116.63,116.57,116.57,2729,2022-06-06 14:12:00,IBB
116.57,116.64,116.52,116.52,3730,2022-06-06 14:13:00,IBB
116.53,116.54,116.46,116.46,2646,2022-06-06 14:14:00,IBB
116.54,116.58,116.53,116.53,1613,2022-06-06 14:15:00,IBB
116.5,116.58,116.41,116.58,6030,2022-06-06 14:16:00,IBB
116.59,116.61,116.5409,116.5409,2059,2022-06-06 14:17:00,IBB
116.5,116.5,116.44,116.44,400,2022-06-06 14:18:00,IBB
116.43,116.43,116.36,116.4,1189,2022-06-06 14:19:00,IBB
116.41,116.41,116.3689,116.39,611,2022-06-06 14:20:00,IBB
116.36,116.41,116.28,116.38,2077,2022-06-06 14:21:00,IBB
116.4,116.4,116.26,116.28,5574,2022-06-06 14:22:00,IBB
116.3,116.335,116.25,116.31,2913,2022-06-06 14:23:00,IBB
116.34,116.43,116.29,116.3,1800,2022-06-06 14:24:00,IBB
116.25,116.3,116.19,116.24,1151,2022-06-06 14:25:00,IBB
116.245,116.245,116.245,116.245,743,2022-06-06 14:26:00,IBB
116.24,116.46,116.24,116.46,3163,2022-06-06 14:27:00,IBB
116.47,116.5,116.395,116.395,2000,2022-06-06 14:28:00,IBB
116.44,116.48,116.38,116.38,1319,2022-06-06 14:29:00,IBB
116.5,116.5,116.43,116.47,1024,2022-06-06 14:30:00,IBB
116.46,116.46,116.42,116.42,421,2022-06-06 14:31:00,IBB
116.44,116.49,116.44,116.49,317,2022-06-06 14:32:00,IBB
116.57,116.67,116.57,116.67,700,2022-06-06 14:33:00,IBB
116.7,116.77,116.68,116.68,4325,2022-06-06 14:34:00,IBB
116.74,116.74,116.68,116.68,616,2022-06-06 14:35:00,IBB
116.65,116.66,116.54,116.57,793,2022-06-06 14:36:00,IBB
116.61,116.64,116.59,116.59,692,2022-06-06 14:37:00,IBB
116.58,116.61,116.56,116.61,972,2022-06-06 14:38:00,IBB
116.63,116.63,116.59,116.598,414,2022-06-06 14:39:00,IBB
116.59,116.67,116.59,116.6601,1761,2022-06-06 14:40:00,IBB
116.655,116.77,116.655,116.75,2500,2022-06-06 14:41:00,IBB
116.74,116.74,116.64,116.67,1022,2022-06-06 14:42:00,IBB
116.65,116.66,116.54,116.6,1657,2022-06-06 14:43:00,IBB
116.6,116.67,116.59,116.67,700,2022-06-06 14:44:00,IBB
116.65,116.65,116.6,116.6,573,2022-06-06 14:45:00,IBB
116.565,116.62,116.56,116.59,1762,2022-06-06 14:46:00,IBB
116.52,116.52,116.42,116.42,2200,2022-06-06 14:47:00,IBB
116.37,116.44,116.36,116.44,1400,2022-06-06 14:48:00,IBB
116.455,116.46,116.4449,116.46,358,2022-06-06 14:49:00,IBB
116.46,116.46,116.43,116.43,300,2022-06-06 14:50:00,IBB
116.36,116.39,116.35,116.39,2121,2022-06-06 14:51:00,IBB
116.41,116.41,116.33,116.34,3511,2022-06-06 14:52:00,IBB
116.32,116.33,116.2,116.2,3770,2022-06-06 14:53:00,IBB
116.2,116.21,116.16,116.1713,3984,2022-06-06 14:54:00,IBB
116.18,116.26,116.18,116.18,1600,2022-06-06 14:55:00,IBB
116.1501,116.1501,116.08,116.12,2545,2022-06-06 14:56:00,IBB
116.16,116.17,116.12,116.14,3203,2022-06-06 14:57:00,IBB
116.14,116.19,116.13,116.183,1000,2022-06-06 14:58:00,IBB
116.16,116.1864,116.12,116.16,2232,2022-06-06 14:59:00,IBB
116.19,116.19,116.13,116.1669,2358,2022-06-06 15:00:00,IBB
116.17,116.23,116.12,116.23,1950,2022-06-06 15:01:00,IBB
116.23,116.26,116.23,116.24,1000,2022-06-06 15:02:00,IBB
116.2433,116.29,116.21,116.26,1700,2022-06-06 15:03:00,IBB
116.25,116.264,116.18,116.19,3305,2022-06-06 15:04:00,IBB
116.18,116.2,116.16,116.2,2534,2022-06-06 15:05:00,IBB
116.23,116.23,116.16,116.1611,2391,2022-06-06 15:06:00,IBB
116.16,116.16,116.05,116.0637,3396,2022-06-06 15:07:00,IBB
116.1,116.1,116.041,116.05,1931,2022-06-06 15:08:00,IBB
116.05,116.05,115.91,115.91,3509,2022-06-06 15:09:00,IBB
115.91,115.91,115.81,115.8183,1531,2022-06-06 15:10:00,IBB
115.78,115.79,115.7535,115.78,1509,2022-06-06 15:11:00,IBB
115.69,115.69,115.65,115.67,1255,2022-06-06 15:12:00,IBB
115.6,115.64,115.6,115.6315,1435,2022-06-06 15:13:00,IBB
115.65,115.69,115.62,115.68,1691,2022-06-06 15:14:00,IBB
115.7,115.71,115.65,115.69,1700,2022-06-06 15:15:00,IBB
115.645,115.645,115.51,115.51,3074,2022-06-06 15:16:00,IBB
115.49,115.49,115.411,115.46,4200,2022-06-06 15:17:00,IBB
115.5,115.67,115.5,115.63,1500,2022-06-06 15:18:00,IBB
115.67,115.71,115.57,115.58,3113,2022-06-06 15:19:00,IBB
115.53,115.59,115.52,115.55,863,2022-06-06 15:20:00,IBB
115.605,115.605,115.54,115.54,600,2022-06-06 15:21:00,IBB
115.52,115.53,115.51,115.51,1179,2022-06-06 15:22:00,IBB
115.54,115.6,115.54,115.6,801,2022-06-06 15:23:00,IBB
115.61,115.61,115.53,115.57,1149,2022-06-06 15:24:00,IBB
115.55,115.58,115.54,115.54,1917,2022-06-06 15:25:00,IBB
115.56,115.6,115.56,115.6,1019,2022-06-06 15:26:00,IBB
115.625,115.69,115.625,115.64,554,2022-06-06 15:27:00,IBB
115.7,115.7,115.63,115.63,1675,2022-06-06 15:28:00,IBB
115.625,115.625,115.555,115.6009,1166,2022-06-06 15:29:00,IBB
115.62,115.62,115.47,115.47,1616,2022-06-06 15:30:00,IBB
115.44,115.59,115.44,115.49,4254,2022-06-06 15:31:00,IBB
115.55,115.55,115.51,115.5137,807,2022-06-06 15:32:00,IBB
115.53,115.53,115.47,115.47,838,2022-06-06 15:33:00,IBB
115.47,115.48,115.42,115.44,2594,2022-06-06 15:34:00,IBB
115.41,115.46,115.37,115.46,2031,2022-06-06 15:35:00,IBB
115.51,115.51,115.51,115.51,100,2022-06-06 15:36:00,IBB
115.43,115.45,115.43,115.45,215,2022-06-06 15:37:00,IBB
115.49,115.58,115.49,115.58,707,2022-06-06 15:38:00,IBB
115.6,115.6,115.48,115.48,900,2022-06-06 15:39:00,IBB
115.47,115.54,115.47,115.54,300,2022-06-06 15:40:00,IBB
115.555,115.57,115.54,115.57,492,2022-06-06 15:41:00,IBB
115.55,115.56,115.55,115.56,200,2022-06-06 15:42:00,IBB
115.57,115.58,115.55,115.58,700,2022-06-06 15:43:00,IBB
115.645,115.69,115.645,115.69,485,2022-06-06 15:44:00,IBB
115.72,115.79,115.69,115.79,870,2022-06-06 15:45:00,IBB
115.78,115.79,115.715,115.715,1962,2022-06-06 15:46:00,IBB
115.67,115.7,115.66,115.7,394,2022-06-06 15:47:00,IBB
115.66,115.66,115.61,115.62,1729,2022-06-06 15:48:00,IBB
115.65,115.65,115.57,115.57,3299,2022-06-06 15:49:00,IBB
115.53,115.6107,115.53,115.6107,1026,2022-06-06 15:50:00,IBB
115.61,115.67,115.61,115.63,1458,2022-06-06 15:51:00,IBB
115.63,115.67,115.6,115.6,618,2022-06-06 15:52:00,IBB
115.59,115.59,115.59,115.59,100,2022-06-06 15:53:00,IBB
115.67,115.67,115.635,115.635,500,2022-06-06 15:54:00,IBB
115.66,115.66,115.64,115.64,400,2022-06-06 15:55:00,IBB
115.62,115.62,115.57,115.57,1400,2022-06-06 15:56:00,IBB
115.6,115.63,115.6,115.63,400,2022-06-06 15:57:00,IBB
115.58,115.6,115.58,115.6,300,2022-06-06 15:58:00,IBB
115.56,115.59,115.56,115.58,602,2022-06-06 15:59:00,IBB
115.5832,115.61,115.58,115.6,1159,2022-06-06 16:00:00,IBB
115.59,115.61,115.5,115.5,8519,2022-06-06 16:01:00,IBB
115.49,115.5,115.38,115.38,4163,2022-06-06 16:02:00,IBB
115.37,115.37,115.15,115.15,5513,2022-06-06 16:03:00,IBB
115.1,115.1,114.97,115.05,2879,2022-06-06 16:04:00,IBB
115.05,115.12,115.03,115.12,500,2022-06-06 16:05:00,IBB
115.04,115.04,114.91,114.91,900,2022-06-06 16:06:00,IBB
114.96,115.01,114.94,115.01,801,2022-06-06 16:07:00,IBB
114.9,114.9,114.9,114.9,600,2022-06-06 16:08:00,IBB
114.89,114.89,114.79,114.79,732,2022-06-06 16:09:00,IBB
114.77,114.77,114.68,114.7116,1618,2022-06-06 16:10:00,IBB
114.71,114.81,114.71,114.81,851,2022-06-06 16:11:00,IBB
114.79,114.79,114.68,114.68,536,2022-06-06 16:12:00,IBB
114.68,114.76,114.68,114.75,502,2022-06-06 16:13:00,IBB
114.78,114.78,114.7,114.75,991,2022-06-06 16:14:00,IBB
114.7,114.74,114.66,114.715,1265,2022-06-06 16:15:00,IBB
114.72,114.72,114.72,114.72,101,2022-06-06 16:16:00,IBB
114.85,114.855,114.74,114.8,2016,2022-06-06 16:17:00,IBB
114.83,114.93,114.83,114.93,4104,2022-06-06 16:18:00,IBB
114.92,114.92,114.91,114.92,519,2022-06-06 16:19:00,IBB
114.8801,114.95,114.8801,114.95,717,2022-06-06 16:20:00,IBB
114.93,114.93,114.865,114.89,4116,2022-06-06 16:21:00,IBB
114.88,114.88,114.81,114.81,1027,2022-06-06 16:22:00,IBB
114.84,114.84,114.79,114.8,992,2022-06-06 16:23:00,IBB
114.86,114.86,114.78,114.7967,670,2022-06-06 16:24:00,IBB
114.7728,114.8,114.7728,114.78,1132,2022-06-06 16:25:00,IBB
114.84,114.87,114.83,114.83,514,2022-06-06 16:26:00,IBB
114.8,114.8,114.78,114.78,503,2022-06-06 16:27:00,IBB
114.74,114.74,114.69,114.71,1251,2022-06-06 16:28:00,IBB
114.73,114.76,114.69,114.69,800,2022-06-06 16:29:00,IBB
114.65,114.65,114.58,114.6,2878,2022-06-06 16:30:00,IBB
114.6,114.745,114.59,114.72,1616,2022-06-06 16:31:00,IBB
114.79,114.79,114.76,114.76,400,2022-06-06 16:32:00,IBB
114.86,114.87,114.8,114.8,2084,2022-06-06 16:33:00,IBB
114.81,114.87,114.81,114.845,942,2022-06-06 16:34:00,IBB
114.85,114.85,114.839,114.839,1102,2022-06-06 16:35:00,IBB
114.87,114.87,114.87,114.87,100,2022-06-06 16:36:00,IBB
114.88,114.9117,114.88,114.9117,433,2022-06-06 16:37:00,IBB
114.89,114.9205,114.89,114.9205,806,2022-06-06 16:38:00,IBB
115.005,115.0291,114.995,115.0,1600,2022-06-06 16:39:00,IBB
115.011,115.05,114.96,114.96,3165,2022-06-06 16:40:00,IBB
114.97,115.03,114.94,114.99,695,2022-06-06 16:41:00,IBB
114.97,115.0211,114.97,115.0211,1349,2022-06-06 16:42:00,IBB
115.07,115.07,115.0449,115.055,1008,2022-06-06 16:43:00,IBB
115.08,115.09,115.05,115.05,2414,2022-06-06 16:44:00,IBB
115.06,115.0638,115.05,115.05,1038,2022-06-06 16:45:00,IBB
115.05,115.09,115.05,115.07,1030,2022-06-06 16:46:00,IBB
115.05,115.05,114.96,114.96,1797,2022-06-06 16:47:00,IBB
114.98,114.98,114.94,114.95,1011,2022-06-06 16:48:00,IBB
114.91,114.94,114.9,114.9,513,2022-06-06 16:49:00,IBB
114.89,114.89,114.87,114.87,924,2022-06-06 16:50:00,IBB
114.8,114.81,114.77,114.77,750,2022-06-06 16:51:00,IBB
114.74,114.8,114.72,114.8,731,2022-06-06 16:52:00,IBB
114.84,114.86,114.83,114.85,1510,2022-06-06 16:53:00,IBB
114.8,114.85,114.8,114.85,715,2022-06-06 16:54:00,IBB
114.835,114.89,114.82,114.89,613,2022-06-06 16:55:00,IBB
114.965,114.965,114.86,114.87,1314,2022-06-06 16:56:00,IBB
114.88,114.88,114.84,114.86,686,2022-06-06 16:57:00,IBB
114.89,114.9035,114.875,114.875,641,2022-06-06 16:58:00,IBB
114.87,114.87,114.83,114.838,1375,2022-06-06 16:59:00,IBB
114.84,114.86,114.83,114.85,617,2022-06-06 17:00:00,IBB
114.87,114.9,114.79,114.79,2016,2022-06-06 17:01:00,IBB
114.8099,114.83,114.8099,114.81,1189,2022-06-06 17:02:00,IBB
114.865,114.865,114.73,114.73,2719,2022-06-06 17:03:00,IBB
114.72,114.73,114.7,114.71,1800,2022-06-06 17:04:00,IBB
114.71,114.82,114.71,114.8,1485,2022-06-06 17:05:00,IBB
114.845,114.87,114.845,114.87,1244,2022-06-06 17:06:00,IBB
114.85,114.9237,114.85,114.9237,1300,2022-06-06 17:07:00,IBB
114.94,114.95,114.91,114.92,2067,2022-06-06 17:08:00,IBB
114.9,114.97,114.89,114.97,1354,2022-06-06 17:09:00,IBB
114.96,114.96,114.93,114.93,1100,2022-06-06 17:10:00,IBB
114.92,114.94,114.87,114.88,1227,2022-06-06 17:11:00,IBB
114.905,114.92,114.82,114.83,1816,2022-06-06 17:12:00,IBB
114.81,114.97,114.81,114.97,1017,2022-06-06 17:13:00,IBB
115.0,115.01,114.95,114.95,2877,2022-06-06 17:14:00,IBB
114.94,114.94,114.94,114.94,200,2022-06-06 17:15:00,IBB
114.84,114.9,114.82,114.9,795,2022-06-06 17:16:00,IBB
114.86,114.86,114.8,114.8,1300,2022-06-06 17:17:00,IBB
114.83,114.86,114.83,114.86,318,2022-06-06 17:18:00,IBB
114.88,114.89,114.81,114.81,905,2022-06-06 17:19:00,IBB
114.7829,114.7829,114.73,114.74,1101,2022-06-06 17:20:00,IBB
114.72,114.74,114.68,114.74,1347,2022-06-06 17:21:00,IBB
114.73,114.74,114.7,114.74,700,2022-06-06 17:22:00,IBB
114.76,114.78,114.74,114.78,784,2022-06-06 17:23:00,IBB
114.86,114.86,114.81,114.81,1254,2022-06-06 17:24:00,IBB
114.78,114.817,114.78,114.8,2689,2022-06-06 17:25:00,IBB
114.84,114.85,114.84,114.84,610,2022-06-06 17:26:00,IBB
114.87,114.87,114.83,114.84,434,2022-06-06 17:27:00,IBB
114.87,114.87,114.86,114.86,350,2022-06-06 17:28:00,IBB
114.8748,114.9,114.8748,114.89,825,2022-06-06 17:29:00,IBB
114.81,114.95,114.81,114.95,790,2022-06-06 17:30:00,IBB
114.93,115.02,114.93,114.97,1799,2022-06-06 17:31:00,IBB
114.98,114.98,114.9,114.92,928,2022-06-06 17:32:00,IBB
114.92,114.95,114.905,114.95,2115,2022-06-06 17:33:00,IBB
114.94,114.96,114.92,114.95,1607,2022-06-06 17:34:00,IBB
114.94,114.9865,114.94,114.94,3128,2022-06-06 17:35:00,IBB
114.93,115.04,114.92,115.04,1104,2022-06-06 17:36:00,IBB
115.08,115.15,115.07,115.15,2582,2022-06-06 17:37:00,IBB
115.12,115.18,115.11,115.18,1207,2022-06-06 17:38:00,IBB
115.25,115.25,115.19,115.19,906,2022-06-06 17:39:00,IBB
115.2,115.23,115.19,115.23,517,2022-06-06 17:40:00,IBB
115.31,115.3452,115.31,115.3452,1400,2022-06-06 17:41:00,IBB
115.32,115.405,115.31,115.405,1013,2022-06-06 17:42:00,IBB
115.43,115.43,115.39,115.425,890,2022-06-06 17:43:00,IBB
115.455,115.48,115.44,115.46,1622,2022-06-06 17:44:00,IBB
115.51,115.54,115.48,115.48,1313,2022-06-06 17:45:00,IBB
115.48,115.5,115.48,115.49,1000,2022-06-06 17:46:00,IBB
115.52,115.54,115.39,115.39,2662,2022-06-06 17:47:00,IBB
115.4,115.4,115.36,115.37,1470,2022-06-06 17:48:00,IBB
115.435,115.52,115.435,115.49,750,2022-06-06 17:49:00,IBB
115.54,115.64,115.54,115.64,1902,2022-06-06 17:50:00,IBB
115.62,115.65,115.59,115.65,1115,2022-06-06 17:51:00,IBB
115.56,115.58,115.53,115.54,5900,2022-06-06 17:52:00,IBB
115.56,115.56,115.56,115.56,200,2022-06-06 17:53:00,IBB
115.555,115.575,115.55,115.555,1630,2022-06-06 17:54:00,IBB
115.58,115.59,115.58,115.59,200,2022-06-06 17:55:00,IBB
115.57,115.58,115.56,115.58,408,2022-06-06 17:56:00,IBB
115.59,115.59,115.54,115.54,944,2022-06-06 17:57:00,IBB
115.5683,115.61,115.5683,115.61,350,2022-06-06 17:58:00,IBB
115.58,115.65,115.58,115.65,300,2022-06-06 17:59:00,IBB
115.65,115.65,115.54,115.54,1362,2022-06-06 18:00:00,IBB
115.57,115.57,115.511,115.511,407,2022-06-06 18:01:00,IBB
115.545,115.62,115.545,115.59,853,2022-06-06 18:02:00,IBB
115.57,115.58,115.51,115.53,1309,2022-06-06 18:03:00,IBB
115.563,115.6,115.563,115.58,924,2022-06-06 18:04:00,IBB
115.53,115.53,115.5,115.5,805,2022-06-06 18:05:00,IBB
115.52,115.58,115.52,115.55,1276,2022-06-06 18:06:00,IBB
115.53,115.53,115.41,115.41,2254,2022-06-06 18:07:00,IBB
115.41,115.42,115.38,115.4,811,2022-06-06 18:08:00,IBB
115.361,115.51,115.361,115.49,805,2022-06-06 18:09:00,IBB
115.52,115.52,115.49,115.49,520,2022-06-06 18:10:00,IBB
115.49,115.51,115.48,115.51,508,2022-06-06 18:11:00,IBB
115.575,115.575,115.5503,115.5503,409,2022-06-06 18:12:00,IBB
115.54,115.54,115.51,115.51,615,2022-06-06 18:13:00,IBB
115.54,115.61,115.54,115.59,1122,2022-06-06 18:14:00,IBB
115.5,115.565,115.48,115.52,1009,2022-06-06 18:15:00,IBB
115.48,115.49,115.455,115.49,1773,2022-06-06 18:16:00,IBB
115.54,115.54,115.52,115.52,420,2022-06-06 18:17:00,IBB
115.49,115.49,115.49,115.49,193,2022-06-06 18:18:00,IBB
115.48,115.48,115.45,115.465,500,2022-06-06 18:19:00,IBB
115.485,115.485,115.43,115.46,1698,2022-06-06 18:20:00,IBB
115.47,115.47,115.35,115.39,1726,2022-06-06 18:21:00,IBB
115.37,115.37,115.27,115.3,1317,2022-06-06 18:22:00,IBB
115.27,115.28,115.22,115.26,1500,2022-06-06 18:23:00,IBB
115.265,115.265,115.21,115.23,1144,2022-06-06 18:24:00,IBB
115.315,115.315,115.29,115.29,252,2022-06-06 18:25:00,IBB
115.24,115.24,115.24,115.24,100,2022-06-06 18:26:00,IBB
115.22,115.28,115.2,115.26,1013,2022-06-06 18:27:00,IBB
115.29,115.29,115.24,115.24,691,2022-06-06 18:28:00,IBB
115.22,115.3,115.22,115.3,692,2022-06-06 18:29:00,IBB
115.275,115.275,115.24,115.24,481,2022-06-06 18:30:00,IBB
115.23,115.26,115.21,115.21,1419,2022-06-06 18:31:00,IBB
115.21,115.21,115.18,115.18,614,2022-06-06 18:32:00,IBB
115.17,115.27,115.17,115.27,937,2022-06-06 18:33:00,IBB
115.25,115.25,115.24,115.24,615,2022-06-06 18:34:00,IBB
115.24,115.255,115.22,115.255,1299,2022-06-06 18:35:00,IBB
115.26,115.27,115.24,115.24,696,2022-06-06 18:36:00,IBB
115.2,115.2,115.16,115.16,1219,2022-06-06 18:37:00,IBB
115.14,115.14,115.05,115.08,1857,2022-06-06 18:38:00,IBB
115.07,115.07,115.01,115.065,1954,2022-06-06 18:39:00,IBB
115.03,115.1,115.03,115.1,1364,2022-06-06 18:40:00,IBB
115.05,115.05,115.05,115.05,100,2022-06-06 18:41:00,IBB
115.03,115.07,115.03,115.05,672,2022-06-06 18:42:00,IBB
115.02,115.06,115.0,115.06,1200,2022-06-06 18:43:00,IBB
115.11,115.11,115.07,115.11,800,2022-06-06 18:44:00,IBB
115.14,115.14,115.08,115.1043,958,2022-06-06 18:45:00,IBB
115.1,115.18,115.1,115.18,1406,2022-06-06 18:46:00,IBB
115.17,115.2,115.16,115.2,1001,2022-06-06 18:47:00,IBB
115.21,115.215,115.11,115.11,2273,2022-06-06 18:48:00,IBB
115.1,115.1,115.04,115.04,3208,2022-06-06 18:49:00,IBB
115.02,115.02,114.861,114.88,3772,2022-06-06 18:50:00,IBB
114.89,114.89,114.84,114.89,1577,2022-06-06 18:51:00,IBB
114.89,114.96,114.88,114.96,2002,2022-06-06 18:52:00,IBB
115.005,115.06,115.005,115.06,725,2022-06-06 18:53:00,IBB
115.065,115.11,115.06,115.1,3756,2022-06-06 18:54:00,IBB
115.085,115.085,115.02,115.0402,2412,2022-06-06 18:55:00,IBB
115.05,115.16,115.05,115.1,2308,2022-06-06 18:56:00,IBB
115.1,115.13,115.1,115.12,1345,2022-06-06 18:57:00,IBB
115.1,115.15,115.1,115.13,1105,2022-06-06 18:58:00,IBB
115.1,115.1,115.011,115.04,881,2022-06-06 18:59:00,IBB
115.01,115.01,114.94,115.0,2100,2022-06-06 19:00:00,IBB
114.98,115.03,114.96,115.02,1510,2022-06-06 19:01:00,IBB
115.04,115.09,115.03,115.09,2088,2022-06-06 19:02:00,IBB
115.09,115.09,115.03,115.08,876,2022-06-06 19:03:00,IBB
115.03,115.03,115.0,115.01,1857,2022-06-06 19:04:00,IBB
114.97,115.0,114.96,115.0,2284,2022-06-06 19:05:00,IBB
115.0,115.0,114.93,114.9406,2811,2022-06-06 19:06:00,IBB
114.9,114.97,114.866,114.94,1924,2022-06-06 19:07:00,IBB
114.92,114.94,114.87,114.92,3122,2022-06-06 19:08:00,IBB
114.93,114.94,114.91,114.93,1010,2022-06-06 19:09:00,IBB
114.9284,114.975,114.9,114.955,1134,2022-06-06 19:10:00,IBB
115.01,115.01,114.97,115.01,600,2022-06-06 19:11:00,IBB
115.02,115.07,114.97,114.99,1200,2022-06-06 19:12:00,IBB
114.97,115.025,114.96,115.0,1321,2022-06-06 19:13:00,IBB
115.01,115.0465,114.96,114.96,1606,2022-06-06 19:14:00,IBB
114.93,114.96,114.92,114.96,1015,2022-06-06 19:15:00,IBB
114.97,114.985,114.93,114.97,1353,2022-06-06 19:16:00,IBB
114.95,114.95,114.94,114.9499,410,2022-06-06 19:17:00,IBB
114.94,114.94,114.92,114.92,607,2022-06-06 19:18:00,IBB
114.9,114.9,114.78,114.78,3177,2022-06-06 19:19:00,IBB
114.77,114.77,114.72,114.73,8200,2022-06-06 19:20:00,IBB
114.8,114.82,114.76,114.79,2226,2022-06-06 19:21:00,IBB
114.82,114.85,114.82,114.83,1300,2022-06-06 19:22:00,IBB
114.81,114.81,114.72,114.7533,3923,2022-06-06 19:23:00,IBB
114.76,114.76,114.68,114.71,3200,2022-06-06 19:24:00,IBB
114.71,114.72,114.68,114.7027,2722,2022-06-06 19:25:00,IBB
114.72,114.72,114.61,114.61,2935,2022-06-06 19:26:00,IBB
114.62,114.655,114.6,114.655,1618,2022-06-06 19:27:00,IBB
114.64,114.64,114.58,114.58,1620,2022-06-06 19:28:00,IBB
114.593,114.65,114.593,114.63,2444,2022-06-06 19:29:00,IBB
114.6,114.65,114.6,114.64,2658,2022-06-06 19:30:00,IBB
114.66,114.71,114.66,114.71,3009,2022-06-06 19:31:00,IBB
114.7,114.72,114.67,114.695,2902,2022-06-06 19:32:00,IBB
114.71,114.72,114.66,114.72,3373,2022-06-06 19:33:00,IBB
114.7,114.73,114.67,114.67,6010,2022-06-06 19:34:00,IBB
114.67,114.74,114.66,114.74,4036,2022-06-06 19:35:00,IBB
114.745,114.745,114.68,114.72,6313,2022-06-06 19:36:00,IBB
114.74,114.74,114.67,114.69,5292,2022-06-06 19:37:00,IBB
114.68,114.82,114.67,114.82,5309,2022-06-06 19:38:00,IBB
114.84,114.89,114.83,114.88,5915,2022-06-06 19:39:00,IBB
114.87,114.92,114.85,114.91,4476,2022-06-06 19:40:00,IBB
114.92,115.03,114.92,115.025,7649,2022-06-06 19:41:00,IBB
115.02,115.17,115.02,115.12,9232,2022-06-06 19:42:00,IBB
115.12,115.15,115.08,115.09,6443,2022-06-06 19:43:00,IBB
115.08,115.155,115.08,115.15,5018,2022-06-06 19:44:00,IBB
115.175,115.19,115.12,115.12,5650,2022-06-06 19:45:00,IBB
115.11,115.11,115.04,115.04,6819,2022-06-06 19:46:00,IBB
115.04,115.045,114.98,114.99,5822,2022-06-06 19:47:00,IBB
115.0,115.05,114.99,115.0,5975,2022-06-06 19:48:00,IBB
115.02,115.09,115.01,115.05,5934,2022-06-06 19:49:00,IBB
115.07,115.145,115.04,115.05,23538,2022-06-06 19:50:00,IBB
115.04,115.09,114.99,115.08,7051,2022-06-06 19:51:00,IBB
115.085,115.085,115.01,115.06,7260,2022-06-06 19:52:00,IBB
115.05,115.13,115.035,115.04,8015,2022-06-06 19:53:00,IBB
115.03,115.2,115.03,115.18,9724,2022-06-06 19:54:00,IBB
115.15,115.23,115.15,115.18,8824,2022-06-06 19:55:00,IBB
115.18,115.2,115.16,115.17,8488,2022-06-06 19:56:00,IBB
115.175,115.19,115.1,115.1,13493,2022-06-06 19:57:00,IBB
115.095,115.13,115.08,115.105,11702,2022-06-06 19:58:00,IBB
115.1,115.22,115.09,115.2,21031,2022-06-06 19:59:00,IBB
115.24,115.24,115.24,115.24,43638,2022-06-06 20:00:00,IBB
115.24,115.24,115.24,115.24,726,2022-06-06 20:01:00,IBB
115.24,115.24,115.24,115.24,253,2022-06-06 20:56:00,IBB
115.24,115.24,115.24,115.24,177,2022-06-06 21:08:00,IBB
115.2401,115.2401,115.2401,115.2401,100,2022-06-06 21:11:00,IBB
115.24,115.24,115.24,115.24,178,2022-06-06 21:16:00,IBB
114.44,114.86,114.34,114.66,22526,2022-06-07 13:30:00,IBB
114.59,114.95,114.54,114.8,2900,2022-06-07 13:31:00,IBB
114.78,115.01,114.78,114.8716,2275,2022-06-07 13:32:00,IBB
114.96,115.43,114.95,115.22,5180,2022-06-07 13:33:00,IBB
115.27,115.33,114.76,114.99,8655,2022-06-07 13:34:00,IBB
115.04,115.12,114.78,115.12,4402,2022-06-07 13:35:00,IBB
115.17,115.25,114.96,115.14,6090,2022-06-07 13:36:00,IBB
115.14,115.23,115.05,115.15,4249,2022-06-07 13:37:00,IBB
115.15,115.32,115.15,115.26,3927,2022-06-07 13:38:00,IBB
115.26,115.41,115.25,115.37,4567,2022-06-07 13:39:00,IBB
115.43,115.6,115.43,115.56,12082,2022-06-07 13:40:00,IBB
115.62,115.64,115.53,115.6,4895,2022-06-07 13:41:00,IBB
115.59,115.69,115.52,115.58,4425,2022-06-07 13:42:00,IBB
115.6,115.73,115.56,115.73,1821,2022-06-07 13:43:00,IBB
115.78,115.88,115.72,115.88,2200,2022-06-07 13:44:00,IBB
115.86,115.9,115.8179,115.88,4700,2022-06-07 13:45:00,IBB
115.96,115.98,115.71,115.81,5299,2022-06-07 13:46:00,IBB
115.78,115.84,115.78,115.81,1663,2022-06-07 13:47:00,IBB
115.77,115.82,115.74,115.82,2250,2022-06-07 13:48:00,IBB
115.86,115.91,115.8,115.84,1630,2022-06-07 13:49:00,IBB
115.78,115.81,115.69,115.81,3421,2022-06-07 13:50:00,IBB
115.81,115.93,115.805,115.83,4804,2022-06-07 13:51:00,IBB
115.92,115.92,115.74,115.88,3950,2022-06-07 13:52:00,IBB
115.9,116.0,115.67,115.67,2748,2022-06-07 13:53:00,IBB
115.735,115.81,115.71,115.71,2025,2022-06-07 13:54:00,IBB
115.77,115.83,115.75,115.76,1650,2022-06-07 13:55:00,IBB
115.75,115.75,115.7,115.7,1192,2022-06-07 13:56:00,IBB
115.68,115.76,115.58,115.62,3538,2022-06-07 13:57:00,IBB
115.71,115.76,115.7,115.7,1700,2022-06-07 13:58:00,IBB
115.65,115.76,115.63,115.75,1977,2022-06-07 13:59:00,IBB
115.73,115.73,115.6,115.72,9585,2022-06-07 14:00:00,IBB
115.64,115.75,115.64,115.73,2642,2022-06-07 14:01:00,IBB
115.74,115.74,115.69,115.69,900,2022-06-07 14:02:00,IBB
115.72,115.83,115.72,115.79,2038,2022-06-07 14:03:00,IBB
115.77,115.8,115.71,115.76,1562,2022-06-07 14:04:00,IBB
115.75,115.82,115.73,115.73,6050,2022-06-07 14:05:00,IBB
115.73,115.77,115.65,115.65,3962,2022-06-07 14:06:00,IBB
115.64,115.71,115.62,115.62,5137,2022-06-07 14:07:00,IBB
115.66,115.68,115.58,115.58,2750,2022-06-07 14:08:00,IBB
115.59,115.72,115.57,115.57,3202,2022-06-07 14:09:00,IBB
115.58,115.74,115.58,115.73,428,2022-06-07 14:10:00,IBB
115.72,115.73,115.61,115.67,3150,2022-06-07 14:11:00,IBB
115.72,115.8,115.72,115.76,1300,2022-06-07 14:12:00,IBB
115.78,115.78,115.78,115.78,400,2022-06-07 14:13:00,IBB
115.75,115.78,115.74,115.77,1095,2022-06-07 14:14:00,IBB
115.82,115.82,115.74,115.78,1000,2022-06-07 14:15:00,IBB
115.79,115.88,115.79,115.88,400,2022-06-07 14:16:00,IBB
115.83,116.02,115.83,116.02,2745,2022-06-07 14:17:00,IBB
116.03,116.06,115.98,115.98,2900,2022-06-07 14:18:00,IBB
115.97,115.99,115.86,115.86,3051,2022-06-07 14:19:00,IBB
115.87,115.87,115.83,115.86,1861,2022-06-07 14:20:00,IBB
115.81,115.83,115.81,115.83,390,2022-06-07 14:21:00,IBB
115.86,115.87,115.79,115.85,1300,2022-06-07 14:22:00,IBB
115.95,115.97,115.93,115.93,1100,2022-06-07 14:23:00,IBB
115.9464,115.9464,115.92,115.92,540,2022-06-07 14:24:00,IBB
115.85,115.85,115.83,115.85,794,2022-06-07 14:25:00,IBB
115.92,115.97,115.92,115.97,300,2022-06-07 14:26:00,IBB
116.01,116.04,116.01,116.04,452,2022-06-07 14:27:00,IBB
116.05,116.23,116.05,116.21,5140,2022-06-07 14:28:00,IBB
116.25,116.25,116.215,116.215,921,2022-06-07 14:29:00,IBB
116.14,116.16,116.14,116.14,800,2022-06-07 14:30:00,IBB
116.05,116.12,116.05,116.09,1202,2022-06-07 14:31:00,IBB
116.11,116.3,116.11,116.29,2300,2022-06-07 14:32:00,IBB
116.24,116.245,116.2,116.2,1817,2022-06-07 14:33:00,IBB
116.2199,116.26,116.2199,116.24,400,2022-06-07 14:34:00,IBB
116.27,116.47,116.267,116.45,1309,2022-06-07 14:36:00,IBB
116.5749,116.5749,116.5749,116.5749,172,2022-06-07 14:37:00,IBB
116.565,116.63,116.565,116.57,4015,2022-06-07 14:38:00,IBB
116.59,116.68,116.59,116.65,882,2022-06-07 14:39:00,IBB
116.67,116.67,116.55,116.58,4800,2022-06-07 14:40:00,IBB
116.63,116.75,116.63,116.75,410,2022-06-07 14:41:00,IBB
116.77,116.87,116.75,116.87,5227,2022-06-07 14:42:00,IBB
116.87,116.87,116.84,116.87,431,2022-06-07 14:43:00,IBB
116.89,116.9,116.87,116.87,1400,2022-06-07 14:44:00,IBB
116.9,116.91,116.87,116.88,700,2022-06-07 14:45:00,IBB
116.94,116.99,116.93,116.96,2000,2022-06-07 14:46:00,IBB
116.98,117.0,116.94,116.96,2567,2022-06-07 14:47:00,IBB
116.99,116.99,116.96,116.965,1062,2022-06-07 14:48:00,IBB
116.97,116.97,116.89,116.94,3393,2022-06-07 14:49:00,IBB
116.92,116.92,116.87,116.88,3240,2022-06-07 14:50:00,IBB
116.88,116.92,116.85,116.85,1600,2022-06-07 14:51:00,IBB
116.89,116.89,116.82,116.84,1555,2022-06-07 14:52:00,IBB
116.84,116.87,116.84,116.87,600,2022-06-07 14:53:00,IBB
116.91,116.98,116.91,116.98,300,2022-06-07 14:54:00,IBB
116.96,116.96,116.955,116.955,841,2022-06-07 14:55:00,IBB
116.96,116.96,116.87,116.9,2505,2022-06-07 14:56:00,IBB
116.885,116.885,116.84,116.86,765,2022-06-07 14:57:00,IBB
116.88,116.88,116.77,116.8,1200,2022-06-07 14:58:00,IBB
116.8,116.88,116.78,116.88,2099,2022-06-07 14:59:00,IBB
116.87,116.87,116.81,116.87,4126,2022-06-07 15:00:00,IBB
116.88,117.01,116.88,116.98,3511,2022-06-07 15:01:00,IBB
116.9796,117.04,116.9796,117.04,1350,2022-06-07 15:02:00,IBB
117.01,117.01,116.96,117.01,985,2022-06-07 15:03:00,IBB
117.0,117.0238,116.93,116.94,1748,2022-06-07 15:04:00,IBB
116.925,116.9343,116.81,116.81,5606,2022-06-07 15:05:00,IBB
116.78,116.79,116.72,116.72,19144,2022-06-07 15:06:00,IBB
116.78,116.8121,116.78,116.78,1137,2022-06-07 15:07:00,IBB
116.79,116.92,116.79,116.92,640,2022-06-07 15:08:00,IBB
116.86,116.86,116.82,116.825,700,2022-06-07 15:09:00,IBB
116.84,116.8859,116.8,116.8859,2420,2022-06-07 15:10:00,IBB
116.91,116.91,116.878,116.878,300,2022-06-07 15:11:00,IBB
116.8236,116.86,116.81,116.86,838,2022-06-07 15:12:00,IBB
116.9,116.93,116.88,116.93,835,2022-06-07 15:14:00,IBB
116.88,116.93,116.87,116.93,1826,2022-06-07 15:15:00,IBB
116.93,116.93,116.8976,116.92,400,2022-06-07 15:16:00,IBB
116.93,116.93,116.9,116.905,800,2022-06-07 15:17:00,IBB
116.92,116.92,116.83,116.83,400,2022-06-07 15:18:00,IBB
116.87,116.88,116.72,116.76,1640,2022-06-07 15:19:00,IBB
116.79,116.81,116.75,116.75,1424,2022-06-07 15:20:00,IBB
116.71,116.78,116.7,116.78,2723,2022-06-07 15:21:00,IBB
116.79,116.79,116.68,116.69,1295,2022-06-07 15:22:00,IBB
116.745,116.765,116.73,116.73,1000,2022-06-07 15:23:00,IBB
116.72,116.74,116.7,116.7,2550,2022-06-07 15:24:00,IBB
116.72,116.76,116.7,116.74,1200,2022-06-07 15:25:00,IBB
116.78,116.78,116.78,116.78,500,2022-06-07 15:26:00,IBB
116.79,116.8,116.79,116.8,900,2022-06-07 15:27:00,IBB
116.76,116.76,116.71,116.71,1200,2022-06-07 15:28:00,IBB
116.7,116.7,116.6,116.6,2700,2022-06-07 15:29:00,IBB
116.57,116.57,116.36,116.399,2400,2022-06-07 15:30:00,IBB
116.38,116.44,116.37,116.44,4948,2022-06-07 15:31:00,IBB
116.44,116.44,116.36,116.39,1700,2022-06-07 15:32:00,IBB
116.38,116.41,116.37,116.4,6313,2022-06-07 15:33:00,IBB
116.35,116.36,116.26,116.29,7163,2022-06-07 15:34:00,IBB
116.29,116.31,116.26,116.26,4339,2022-06-07 15:35:00,IBB
116.27,116.32,116.25,116.3,2953,2022-06-07 15:36:00,IBB
116.32,116.38,116.29,116.29,6100,2022-06-07 15:37:00,IBB
116.31,116.34,116.3,116.34,2548,2022-06-07 15:38:00,IBB
116.37,116.48,116.37,116.48,2300,2022-06-07 15:39:00,IBB
116.48,116.48,116.4,116.42,2600,2022-06-07 15:40:00,IBB
116.46,116.5667,116.46,116.55,1500,2022-06-07 15:41:00,IBB
116.56,116.65,116.56,116.61,1400,2022-06-07 15:42:00,IBB
116.59,116.61,116.58,116.6,800,2022-06-07 15:43:00,IBB
116.57,116.59,116.56,116.59,2460,2022-06-07 15:44:00,IBB
116.58,116.6,116.565,116.6,2159,2022-06-07 15:45:00,IBB
116.58,116.62,116.53,116.56,3600,2022-06-07 15:46:00,IBB
116.55,116.56,116.4,116.48,2795,2022-06-07 15:47:00,IBB
116.49,116.5,116.47,116.5,3389,2022-06-07 15:48:00,IBB
116.52,116.52,116.37,116.375,3020,2022-06-07 15:49:00,IBB
116.36,116.42,116.31,116.4,3501,2022-06-07 15:50:00,IBB
116.39,116.45,116.39,116.44,4617,2022-06-07 15:51:00,IBB
116.442,116.47,116.4282,116.4282,3827,2022-06-07 15:52:00,IBB
116.45,116.45,116.35,116.35,2145,2022-06-07 15:53:00,IBB
116.34,116.34,116.29,116.29,1378,2022-06-07 15:54:00,IBB
116.29,116.32,116.27,116.31,2000,2022-06-07 15:55:00,IBB
116.35,116.41,116.33,116.41,1900,2022-06-07 15:56:00,IBB
116.41,116.47,116.4,116.47,4500,2022-06-07 15:57:00,IBB
116.43,116.56,116.42,116.56,2633,2022-06-07 15:58:00,IBB
116.61,116.61,116.61,116.61,300,2022-06-07 15:59:00,IBB
116.62,116.66,116.62,116.64,800,2022-06-07 16:00:00,IBB
116.62,116.62,116.57,116.59,700,2022-06-07 16:01:00,IBB
116.53,116.53,116.48,116.52,3800,2022-06-07 16:02:00,IBB
116.53,116.53,116.49,116.5,1000,2022-06-07 16:03:00,IBB
116.49,116.49,116.39,116.39,771,2022-06-07 16:04:00,IBB
116.4067,116.42,116.28,116.32,5266,2022-06-07 16:05:00,IBB
116.25,116.37,116.23,116.34,3300,2022-06-07 16:06:00,IBB
116.35,116.37,116.32,116.34,1800,2022-06-07 16:07:00,IBB
116.34,116.37,116.34,116.37,1756,2022-06-07 16:08:00,IBB
116.35,116.37,116.31,116.34,3000,2022-06-07 16:09:00,IBB
116.35,116.41,116.32,116.32,3785,2022-06-07 16:10:00,IBB
116.3,116.35,116.25,116.32,10188,2022-06-07 16:11:00,IBB
116.33,116.38,116.31,116.36,1671,2022-06-07 16:12:00,IBB
116.4,116.41,116.35,116.35,756,2022-06-07 16:13:00,IBB
116.35,116.36,116.34,116.34,2200,2022-06-07 16:14:00,IBB
116.31,116.31,116.13,116.14,2221,2022-06-07 16:15:00,IBB
116.13,116.13,116.1,116.13,906,2022-06-07 16:16:00,IBB
116.18,116.23,116.18,116.19,3526,2022-06-07 16:17:00,IBB
116.21,116.27,116.21,116.2384,3528,2022-06-07 16:18:00,IBB
116.25,116.28,116.2384,116.27,2615,2022-06-07 16:19:00,IBB
116.27,116.315,116.2617,116.28,3070,2022-06-07 16:20:00,IBB
116.3,116.31,116.25,116.27,2000,2022-06-07 16:21:00,IBB
116.28,116.36,116.2636,116.35,3240,2022-06-07 16:22:00,IBB
116.4,116.41,116.39,116.41,800,2022-06-07 16:23:00,IBB
116.41,116.46,116.41,116.45,1700,2022-06-07 16:24:00,IBB
116.44,116.49,116.44,116.44,1500,2022-06-07 16:25:00,IBB
116.44,116.47,116.4199,116.45,2150,2022-06-07 16:26:00,IBB
116.46,116.54,116.46,116.54,2700,2022-06-07 16:27:00,IBB
116.59,116.59,116.52,116.52,1100,2022-06-07 16:28:00,IBB
116.51,116.51,116.47,116.49,500,2022-06-07 16:29:00,IBB
116.51,116.51,116.44,116.446,1900,2022-06-07 16:30:00,IBB
116.4387,116.49,116.42,116.48,2552,2022-06-07 16:31:00,IBB
116.5,116.54,116.5,116.54,2100,2022-06-07 16:32:00,IBB
116.5,116.64,116.47,116.64,3712,2022-06-07 16:33:00,IBB
116.63,116.64,116.61,116.61,1685,2022-06-07 16:34:00,IBB
116.6,116.62,116.6,116.62,1134,2022-06-07 16:35:00,IBB
116.63,116.64,116.6,116.6,1200,2022-06-07 16:36:00,IBB
116.5737,116.62,116.5737,116.595,1795,2022-06-07 16:37:00,IBB
116.61,116.61,116.53,116.56,800,2022-06-07 16:38:00,IBB
116.58,116.58,116.58,116.58,100,2022-06-07 16:39:00,IBB
116.59,116.64,116.59,116.62,4315,2022-06-07 16:40:00,IBB
116.62,116.69,116.6,116.6,5400,2022-06-07 16:41:00,IBB
116.64,116.67,116.64,116.66,1700,2022-06-07 16:42:00,IBB
116.68,116.69,116.67,116.69,2087,2022-06-07 16:43:00,IBB
116.67,116.68,116.64,116.67,1500,2022-06-07 16:44:00,IBB
116.67,116.7,116.61,116.61,3112,2022-06-07 16:45:00,IBB
116.6,116.675,116.6,116.65,1100,2022-06-07 16:46:00,IBB
116.6207,116.625,116.58,116.58,4041,2022-06-07 16:47:00,IBB
116.57,116.61,116.57,116.57,2849,2022-06-07 16:48:00,IBB
116.52,116.53,116.51,116.51,917,2022-06-07 16:49:00,IBB
116.4811,116.49,116.47,116.47,1217,2022-06-07 16:50:00,IBB
116.4567,116.49,116.4567,116.49,1877,2022-06-07 16:51:00,IBB
116.49,116.56,116.49,116.56,3100,2022-06-07 16:52:00,IBB
116.565,116.64,116.565,116.64,2507,2022-06-07 16:53:00,IBB
116.66,116.67,116.62,116.62,3700,2022-06-07 16:54:00,IBB
116.65,116.65,116.6,116.6,3538,2022-06-07 16:55:00,IBB
116.62,116.66,116.61,116.66,3000,2022-06-07 16:56:00,IBB
116.66,116.68,116.63,116.63,1900,2022-06-07 16:57:00,IBB
116.62,116.69,116.6,116.67,2500,2022-06-07 16:58:00,IBB
116.67,116.67,116.66,116.66,351,2022-06-07 16:59:00,IBB
116.68,116.69,116.63,116.66,2600,2022-06-07 17:00:00,IBB
116.655,116.7,116.65,116.65,2200,2022-06-07 17:01:00,IBB
116.65,116.7,116.645,116.69,1700,2022-06-07 17:02:00,IBB
116.65,116.67,116.65,116.65,2223,2022-06-07 17:03:00,IBB
116.68,116.75,116.66,116.73,4000,2022-06-07 17:04:00,IBB
116.73,116.76,116.7,116.73,3400,2022-06-07 17:05:00,IBB
116.71,116.71,116.62,116.64,1525,2022-06-07 17:06:00,IBB
116.69,116.7169,116.69,116.71,1534,2022-06-07 17:07:00,IBB
116.72,116.77,116.72,116.77,2600,2022-06-07 17:08:00,IBB
116.77,116.82,116.76,116.7879,3953,2022-06-07 17:09:00,IBB
116.8,116.8,116.75,116.76,1200,2022-06-07 17:10:00,IBB
116.77,116.77,116.69,116.69,300,2022-06-07 17:11:00,IBB
116.71,116.74,116.7,116.74,2100,2022-06-07 17:12:00,IBB
116.76,116.78,116.76,116.76,1800,2022-06-07 17:13:00,IBB
116.76,116.76,116.74,116.74,200,2022-06-07 17:14:00,IBB
116.76,116.79,116.75,116.79,2201,2022-06-07 17:15:00,IBB
116.8,116.82,116.8,116.81,2543,2022-06-07 17:16:00,IBB
116.79,116.81,116.77,116.81,1000,2022-06-07 17:17:00,IBB
116.83,116.83,116.8,116.82,400,2022-06-07 17:18:00,IBB
116.84,116.86,116.82,116.82,1050,2022-06-07 17:19:00,IBB
116.81,116.84,116.77,116.84,1400,2022-06-07 17:20:00,IBB
116.85,116.89,116.85,116.89,2600,2022-06-07 17:21:00,IBB
116.88,116.88,116.86,116.86,1200,2022-06-07 17:22:00,IBB
116.86,116.86,116.71,116.76,3250,2022-06-07 17:23:00,IBB
116.74,116.7483,116.74,116.74,1025,2022-06-07 17:24:00,IBB
116.74,116.76,116.71,116.76,2100,2022-06-07 17:25:00,IBB
116.73,116.73,116.68,116.68,600,2022-06-07 17:26:00,IBB
116.68,116.72,116.68,116.72,400,2022-06-07 17:27:00,IBB
116.67,116.7,116.67,116.7,800,2022-06-07 17:28:00,IBB
116.7,116.71,116.68,116.7,1402,2022-06-07 17:29:00,IBB
116.71,116.72,116.69,116.71,1300,2022-06-07 17:30:00,IBB
116.71,116.77,116.71,116.76,4300,2022-06-07 17:31:00,IBB
116.77,116.87,116.77,116.86,3800,2022-06-07 17:32:00,IBB
116.84,116.86,116.83,116.86,1100,2022-06-07 17:33:00,IBB
116.84,116.87,116.82,116.84,2714,2022-06-07 17:34:00,IBB
116.86,116.89,116.8499,116.88,1600,2022-06-07 17:35:00,IBB
116.86,116.87,116.76,116.82,7690,2022-06-07 17:36:00,IBB
116.83,116.84,116.82,116.84,1900,2022-06-07 17:37:00,IBB
116.845,116.85,116.83,116.83,1810,2022-06-07 17:38:00,IBB
116.84,116.93,116.84,116.93,3600,2022-06-07 17:39:00,IBB
116.95,116.95,116.88,116.88,1151,2022-06-07 17:40:00,IBB
116.89,116.9083,116.89,116.9083,1010,2022-06-07 17:41:00,IBB
116.91,116.92,116.87,116.87,700,2022-06-07 17:42:00,IBB
116.88,116.89,116.88,116.8899,1500,2022-06-07 17:43:00,IBB
116.9,116.95,116.9,116.93,2400,2022-06-07 17:44:00,IBB
116.93,116.93,116.92,116.92,500,2022-06-07 17:45:00,IBB
116.93,117.0,116.93,117.0,2573,2022-06-07 17:46:00,IBB
117.01,117.02,116.95,116.95,1000,2022-06-07 17:47:00,IBB
116.94,116.98,116.92,116.98,15872,2022-06-07 17:48:00,IBB
116.97,116.98,116.93,116.95,1400,2022-06-07 17:49:00,IBB
116.97,116.98,116.96,116.98,400,2022-06-07 17:50:00,IBB
116.97,117.04,116.97,117.022,2041,2022-06-07 17:51:00,IBB
117.0,117.03,117.0,117.03,500,2022-06-07 17:52:00,IBB
117.02,117.02,116.99,116.99,911,2022-06-07 17:53:00,IBB
116.94,116.98,116.91,116.96,1690,2022-06-07 17:54:00,IBB
116.94,116.96,116.92,116.92,500,2022-06-07 17:55:00,IBB
116.93,116.93,116.91,116.93,2100,2022-06-07 17:56:00,IBB
116.95,116.96,116.93,116.95,3600,2022-06-07 17:57:00,IBB
116.96,116.98,116.92,116.92,1285,2022-06-07 17:58:00,IBB
116.93,116.96,116.9,116.9,1200,2022-06-07 17:59:00,IBB
116.9,116.9044,116.84,116.88,1813,2022-06-07 18:00:00,IBB
116.88,117.0183,116.88,117.0183,3431,2022-06-07 18:01:00,IBB
117.02,117.03,116.99,116.99,1892,2022-06-07 18:02:00,IBB
116.98,116.98,116.95,116.98,3200,2022-06-07 18:03:00,IBB
116.99,117.02,116.99,117.01,1100,2022-06-07 18:04:00,IBB
117.02,117.08,117.02,117.05,3600,2022-06-07 18:05:00,IBB
117.06,117.1,117.06,117.09,1600,2022-06-07 18:06:00,IBB
117.09,117.09,117.035,117.08,2200,2022-06-07 18:07:00,IBB
117.1,117.1,117.06,117.07,1600,2022-06-07 18:08:00,IBB
117.07,117.16,117.07,117.16,3400,2022-06-07 18:09:00,IBB
117.17,117.235,117.16,117.19,2044,2022-06-07 18:10:00,IBB
117.18,117.18,117.18,117.18,100,2022-06-07 18:11:00,IBB
117.17,117.195,117.17,117.195,1794,2022-06-07 18:12:00,IBB
117.2,117.25,117.2,117.24,2500,2022-06-07 18:13:00,IBB
117.25,117.29,117.22,117.28,1700,2022-06-07 18:14:00,IBB
117.27,117.27,117.27,117.27,200,2022-06-07 18:15:00,IBB
117.27,117.27,117.21,117.21,1447,2022-06-07 18:16:00,IBB
117.19,117.21,117.19,117.2,800,2022-06-07 18:17:00,IBB
117.21,117.22,117.21,117.22,700,2022-06-07 18:18:00,IBB
117.21,117.21,117.2,117.2,663,2022-06-07 18:19:00,IBB
117.19,117.19,117.17,117.17,460,2022-06-07 18:20:00,IBB
117.19,117.19,117.19,117.19,700,2022-06-07 18:21:00,IBB
117.18,117.18,117.14,117.14,3268,2022-06-07 18:22:00,IBB
117.1499,117.15,117.14,117.14,571,2022-06-07 18:23:00,IBB
117.1599,117.16,117.1599,117.16,450,2022-06-07 18:24:00,IBB
117.16,117.16,117.11,117.13,2600,2022-06-07 18:25:00,IBB
117.14,117.14,117.12,117.14,700,2022-06-07 18:26:00,IBB
117.14,117.15,117.14,117.14,1400,2022-06-07 18:27:00,IBB
117.135,117.14,117.1,117.14,1500,2022-06-07 18:28:00,IBB
117.14,117.15,117.11,117.11,3300,2022-06-07 18:29:00,IBB
117.11,117.11,117.06,117.06,2400,2022-06-07 18:30:00,IBB
117.08,117.2,117.08,117.19,5015,2022-06-07 18:31:00,IBB
117.19,117.19,117.16,117.18,2000,2022-06-07 18:32:00,IBB
117.18,117.23,117.16,117.23,5356,2022-06-07 18:33:00,IBB
117.25,117.28,117.22,117.23,1700,2022-06-07 18:34:00,IBB
117.2301,117.26,117.2301,117.25,4225,2022-06-07 18:35:00,IBB
117.26,117.26,117.2373,117.24,2479,2022-06-07 18:36:00,IBB
117.25,117.25,117.18,117.18,2117,2022-06-07 18:37:00,IBB
117.18,117.24,117.18,117.24,3559,2022-06-07 18:38:00,IBB
117.24,117.26,117.23,117.23,2889,2022-06-07 18:39:00,IBB
117.23,117.26,117.23,117.24,2142,2022-06-07 18:40:00,IBB
117.24,117.25,117.23,117.23,1700,2022-06-07 18:41:00,IBB
117.22,117.24,117.13,117.13,2300,2022-06-07 18:42:00,IBB
117.14,117.15,117.09,117.09,1068,2022-06-07 18:43:00,IBB
117.07,117.07,117.0,117.02,4318,2022-06-07 18:44:00,IBB
117.01,117.08,117.01,117.07,2600,2022-06-07 18:45:00,IBB
117.08,117.12,117.08,117.09,2500,2022-06-07 18:46:00,IBB
117.07,117.07,116.95,117.01,3968,2022-06-07 18:47:00,IBB
116.98,117.07,116.98,117.06,2900,2022-06-07 18:48:00,IBB
117.06,117.08,117.05,117.05,2431,2022-06-07 18:49:00,IBB
117.07,117.07,117.01,117.05,3330,2022-06-07 18:50:00,IBB
117.04,117.05,117.02,117.02,1200,2022-06-07 18:51:00,IBB
117.0,117.07,117.0,117.04,2916,2022-06-07 18:52:00,IBB
117.04,117.13,117.04,117.13,3025,2022-06-07 18:53:00,IBB
117.13,117.13,117.1,117.1,1400,2022-06-07 18:54:00,IBB
117.09,117.1,117.03,117.04,2746,2022-06-07 18:55:00,IBB
117.04,117.09,117.04,117.08,1912,2022-06-07 18:56:00,IBB
117.09,117.18,117.09,117.18,2113,2022-06-07 18:57:00,IBB
117.17,117.2,117.17,117.2,400,2022-06-07 18:58:00,IBB
117.22,117.28,117.19,117.28,2315,2022-06-07 18:59:00,IBB
117.29,117.35,117.25,117.35,1900,2022-06-07 19:00:00,IBB
117.365,117.4,117.36,117.38,3297,2022-06-07 19:01:00,IBB
117.4,117.43,117.37,117.39,2200,2022-06-07 19:02:00,IBB
117.39,117.39,117.32,117.33,2270,2022-06-07 19:03:00,IBB
117.33,117.33,117.31,117.33,700,2022-06-07 19:04:00,IBB
117.32,117.34,117.27,117.32,4167,2022-06-07 19:05:00,IBB
117.33,117.36,117.33,117.36,1967,2022-06-07 19:06:00,IBB
117.37,117.3783,117.333,117.333,1533,2022-06-07 19:07:00,IBB
117.36,117.39,117.35,117.39,1400,2022-06-07 19:08:00,IBB
117.395,117.42,117.395,117.42,600,2022-06-07 19:09:00,IBB
117.42,117.45,117.42,117.43,948,2022-06-07 19:10:00,IBB
117.42,117.42,117.31,117.31,600,2022-06-07 19:11:00,IBB
117.3,117.37,117.3,117.37,1310,2022-06-07 19:12:00,IBB
117.4,117.43,117.4,117.4247,1000,2022-06-07 19:13:00,IBB
117.43,117.45,117.41,117.445,900,2022-06-07 19:14:00,IBB
117.4671,117.51,117.4671,117.485,900,2022-06-07 19:15:00,IBB
117.465,117.5,117.46,117.49,1200,2022-06-07 19:16:00,IBB
117.505,117.505,117.47,117.49,1000,2022-06-07 19:17:00,IBB
117.51,117.53,117.49,117.53,1100,2022-06-07 19:18:00,IBB
117.53,117.57,117.51,117.52,2300,2022-06-07 19:19:00,IBB
117.49,117.55,117.49,117.55,800,2022-06-07 19:20:00,IBB
117.57,117.62,117.56,117.5898,3665,2022-06-07 19:21:00,IBB
117.6,117.64,117.6,117.63,1450,2022-06-07 19:22:00,IBB
117.61,117.61,117.57,117.59,1179,2022-06-07 19:23:00,IBB
117.6,117.62,117.5427,117.62,3300,2022-06-07 19:24:00,IBB
117.6,117.61,117.54,117.59,3168,2022-06-07 19:25:00,IBB
117.58,117.6,117.54,117.56,2502,2022-06-07 19:26:00,IBB
117.565,117.62,117.56,117.6,6793,2022-06-07 19:27:00,IBB
117.61,117.64,117.6,117.62,4210,2022-06-07 19:28:00,IBB
117.62,117.66,117.61,117.61,1303,2022-06-07 19:29:00,IBB
117.59,117.6598,117.58,117.645,3837,2022-06-07 19:30:00,IBB
117.64,117.6966,117.63,117.63,4900,2022-06-07 19:31:00,IBB
117.63,117.65,117.61,117.64,2200,2022-06-07 19:32:00,IBB
117.65,117.7,117.63,117.66,7170,2022-06-07 19:33:00,IBB
117.65,117.74,117.65,117.73,2725,2022-06-07 19:34:00,IBB
117.72,117.74,117.67,117.74,4467,2022-06-07 19:35:00,IBB
117.73,117.81,117.72,117.77,11363,2022-06-07 19:36:00,IBB
117.75,117.82,117.75,117.82,4692,2022-06-07 19:37:00,IBB
117.81,117.81,117.755,117.78,3200,2022-06-07 19:38:00,IBB
117.77,117.8,117.74,117.79,2594,2022-06-07 19:39:00,IBB
117.79,117.81,117.73,117.76,7588,2022-06-07 19:40:00,IBB
117.76,117.77,117.7,117.7,4800,2022-06-07 19:41:00,IBB
117.7,117.71,117.68,117.7,3738,2022-06-07 19:42:00,IBB
117.69,117.7,117.62,117.62,2541,2022-06-07 19:43:00,IBB
117.61,117.68,117.59,117.66,2700,2022-06-07 19:44:00,IBB
117.65,117.77,117.64,117.77,3000,2022-06-07 19:45:00,IBB
117.77,117.81,117.76,117.81,8396,2022-06-07 19:46:00,IBB
117.81,117.81,117.72,117.75,4900,2022-06-07 19:47:00,IBB
117.73,117.76,117.68,117.68,5469,2022-06-07 19:48:00,IBB
117.68,117.74,117.66,117.73,6276,2022-06-07 19:49:00,IBB
117.72,117.91,117.62,117.84,11750,2022-06-07 19:50:00,IBB
117.8,117.85,117.8,117.85,4300,2022-06-07 19:51:00,IBB
117.865,117.93,117.85,117.9299,4131,2022-06-07 19:52:00,IBB
117.9,117.93,117.85,117.86,3296,2022-06-07 19:53:00,IBB
117.85,117.96,117.85,117.96,4622,2022-06-07 19:54:00,IBB
117.95,117.98,117.89,117.93,5779,2022-06-07 19:55:00,IBB
117.935,117.96,117.91,117.91,11368,2022-06-07 19:56:00,IBB
117.92,117.92,117.88,117.89,9483,2022-06-07 19:57:00,IBB
117.88,117.9,117.82,117.85,6442,2022-06-07 19:58:00,IBB
117.86,117.86,117.79,117.86,18134,2022-06-07 19:59:00,IBB
117.83,117.83,117.83,117.83,29775,2022-06-07 20:00:00,IBB
117.83,117.83,117.83,117.83,1119,2022-06-07 20:01:00,IBB
117.83,117.83,117.83,117.83,293,2022-06-07 20:26:00,IBB
117.37,117.37,117.37,117.37,400,2022-06-08 08:12:00,IBB
117.32,117.32,117.32,117.32,300,2022-06-08 08:15:00,IBB
117.6,117.64,117.6,117.64,1400,2022-06-08 11:13:00,IBB
117.63,117.64,117.63,117.64,261,2022-06-08 11:16:00,IBB
117.6,117.6,117.6,117.6,300,2022-06-08 11:59:00,IBB
117.68,117.79,117.57,117.57,7027,2022-06-08 13:30:00,IBB
117.6,117.66,117.41,117.65,2750,2022-06-08 13:31:00,IBB
117.62,117.67,117.35,117.44,6517,2022-06-08 13:32:00,IBB
117.41,117.73,117.41,117.73,2843,2022-06-08 13:33:00,IBB
117.73,117.98,117.73,117.98,1001,2022-06-08 13:34:00,IBB
117.96,118.0839,117.872,117.98,5631,2022-06-08 13:35:00,IBB
117.92,118.065,117.84,118.065,4746,2022-06-08 13:36:00,IBB
118.13,118.2501,118.13,118.2501,1100,2022-06-08 13:37:00,IBB
118.26,118.37,118.21,118.37,4117,2022-06-08 13:38:00,IBB
118.4058,118.42,118.35,118.42,2967,2022-06-08 13:39:00,IBB
118.45,118.45,118.16,118.25,6032,2022-06-08 13:40:00,IBB
118.29,118.5,118.29,118.5,1752,2022-06-08 13:41:00,IBB
118.5,118.5,118.38,118.38,1331,2022-06-08 13:42:00,IBB
118.34,118.38,118.29,118.32,2100,2022-06-08 13:43:00,IBB
118.32,118.35,118.24,118.28,2600,2022-06-08 13:44:00,IBB
118.26,118.37,118.26,118.3313,4311,2022-06-08 13:45:00,IBB
118.3303,118.47,118.32,118.47,1524,2022-06-08 13:46:00,IBB
118.52,118.82,118.51,118.75,4836,2022-06-08 13:47:00,IBB
118.74,118.79,118.66,118.79,1805,2022-06-08 13:48:00,IBB
118.84,118.959,118.78,118.78,2473,2022-06-08 13:49:00,IBB
118.865,118.91,118.8,118.8,3627,2022-06-08 13:50:00,IBB
118.83,118.89,118.81,118.89,1750,2022-06-08 13:51:00,IBB
118.91,118.91,118.73,118.78,2567,2022-06-08 13:52:00,IBB
118.72,118.77,118.64,118.77,2279,2022-06-08 13:53:00,IBB
118.86,119.04,118.86,119.04,4083,2022-06-08 13:54:00,IBB
119.06,119.14,119.0386,119.07,2056,2022-06-08 13:55:00,IBB
119.14,119.14,119.04,119.05,1829,2022-06-08 13:56:00,IBB
119.05,119.11,119.02,119.06,2500,2022-06-08 13:57:00,IBB
119.06,119.09,119.04,119.05,1400,2022-06-08 13:58:00,IBB
118.99,119.035,118.88,118.88,1336,2022-06-08 13:59:00,IBB
118.91,118.98,118.83,118.84,1112,2022-06-08 14:00:00,IBB
118.78,118.78,118.63,118.69,3289,2022-06-08 14:01:00,IBB
118.64,118.81,118.64,118.81,700,2022-06-08 14:02:00,IBB
118.79,118.8,118.75,118.8,925,2022-06-08 14:03:00,IBB
118.84,118.9,118.81,118.81,2023,2022-06-08 14:04:00,IBB
118.85,118.95,118.85,118.95,2050,2022-06-08 14:05:00,IBB
119.0,119.0,118.86,118.9,1261,2022-06-08 14:06:00,IBB
118.78,118.84,118.75,118.82,2639,2022-06-08 14:07:00,IBB
118.81,118.81,118.69,118.76,1479,2022-06-08 14:08:00,IBB
118.76,118.76,118.7,118.7,300,2022-06-08 14:09:00,IBB
118.63,118.64,118.56,118.62,1471,2022-06-08 14:10:00,IBB
118.56,118.58,118.52,118.54,1925,2022-06-08 14:11:00,IBB
118.63,118.7,118.63,118.7,1185,2022-06-08 14:12:00,IBB
118.71,118.79,118.69,118.69,1300,2022-06-08 14:13:00,IBB
118.64,118.64,118.4,118.4,2988,2022-06-08 14:14:00,IBB
118.35,118.49,118.34,118.49,800,2022-06-08 14:15:00,IBB
118.45,118.45,118.32,118.32,538,2022-06-08 14:16:00,IBB
118.39,118.39,118.19,118.3148,6366,2022-06-08 14:17:00,IBB
118.34,118.35,118.32,118.35,1083,2022-06-08 14:18:00,IBB
118.37,118.43,118.37,118.43,600,2022-06-08 14:19:00,IBB
118.51,118.5253,118.48,118.5,1030,2022-06-08 14:20:00,IBB
118.52,118.59,118.5,118.56,9892,2022-06-08 14:21:00,IBB
118.5587,118.56,118.48,118.49,4346,2022-06-08 14:22:00,IBB
118.48,118.48,118.39,118.4,800,2022-06-08 14:23:00,IBB
118.44,118.51,118.41,118.505,1143,2022-06-08 14:24:00,IBB
118.41,118.52,118.41,118.512,600,2022-06-08 14:25:00,IBB
118.555,118.58,118.51,118.51,400,2022-06-08 14:26:00,IBB
118.59,118.6,118.56,118.59,1900,2022-06-08 14:27:00,IBB
118.6,118.63,118.49,118.51,2456,2022-06-08 14:28:00,IBB
118.46,118.46,118.46,118.46,100,2022-06-08 14:29:00,IBB
118.32,118.66,118.3,118.63,2200,2022-06-08 14:30:00,IBB
118.61,118.7149,118.59,118.712,2617,2022-06-08 14:31:00,IBB
118.75,118.77,118.7,118.77,1357,2022-06-08 14:32:00,IBB
118.83,118.86,118.8,118.84,1000,2022-06-08 14:33:00,IBB
118.8,118.9,118.8,118.872,1350,2022-06-08 14:34:00,IBB
118.88,118.93,118.88,118.901,1400,2022-06-08 14:35:00,IBB
118.94,118.9844,118.94,118.96,1150,2022-06-08 14:36:00,IBB
118.95,118.95,118.772,118.8,1015,2022-06-08 14:37:00,IBB
118.801,118.92,118.8001,118.92,1041,2022-06-08 14:38:00,IBB
118.89,118.96,118.89,118.91,400,2022-06-08 14:39:00,IBB
118.93,118.99,118.91,118.99,4456,2022-06-08 14:40:00,IBB
119.0,119.03,118.99,119.03,1001,2022-06-08 14:41:00,IBB
119.0,119.0001,118.98,119.0,1545,2022-06-08 14:42:00,IBB
119.02,119.06,118.84,118.84,3841,2022-06-08 14:43:00,IBB
118.85,118.95,118.84,118.87,1816,2022-06-08 14:44:00,IBB
118.92,119.0,118.919,119.0,900,2022-06-08 14:45:00,IBB
119.07,119.07,119.05,119.05,300,2022-06-08 14:46:00,IBB
118.99,119.0,118.99,119.0,230,2022-06-08 14:47:00,IBB
119.1,119.1,118.99,118.99,400,2022-06-08 14:48:00,IBB
119.08,119.1,119.08,119.09,700,2022-06-08 14:49:00,IBB
119.12,119.1228,119.08,119.105,1000,2022-06-08 14:50:00,IBB
119.12,119.13,119.05,119.05,672,2022-06-08 14:51:00,IBB
119.12,119.14,119.11,119.12,717,2022-06-08 14:53:00,IBB
119.13,119.1701,119.13,119.1701,450,2022-06-08 14:54:00,IBB
119.13,119.13,119.08,119.1297,725,2022-06-08 14:55:00,IBB
119.09,119.0987,119.0,119.0,741,2022-06-08 14:56:00,IBB
119.0198,119.0198,119.0198,119.0198,600,2022-06-08 14:57:00,IBB
119.07,119.09,118.95,118.95,800,2022-06-08 14:58:00,IBB
118.9,118.94,118.89,118.94,1000,2022-06-08 14:59:00,IBB
118.89,118.93,118.89,118.93,700,2022-06-08 15:00:00,IBB
118.89,118.91,118.87,118.91,600,2022-06-08 15:01:00,IBB
118.93,118.93,118.9,118.9,960,2022-06-08 15:02:00,IBB
118.86,118.87,118.8,118.8,848,2022-06-08 15:03:00,IBB
118.82,118.98,118.82,118.94,800,2022-06-08 15:04:00,IBB
118.97,119.05,118.97,119.05,400,2022-06-08 15:05:00,IBB
119.08,119.08,119.07,119.07,504,2022-06-08 15:06:00,IBB
119.07,119.1399,119.07,119.1399,1800,2022-06-08 15:07:00,IBB
119.15,119.15,119.15,119.15,100,2022-06-08 15:08:00,IBB
119.12,119.16,119.12,119.15,700,2022-06-08 15:09:00,IBB
119.12,119.17,119.08,119.17,12054,2022-06-08 15:10:00,IBB
119.18,119.24,119.18,119.24,1909,2022-06-08 15:11:00,IBB
119.21,119.33,119.2099,119.33,5048,2022-06-08 15:12:00,IBB
119.31,119.335,119.28,119.29,2084,2022-06-08 15:13:00,IBB
119.31,119.3379,119.31,119.3318,2063,2022-06-08 15:14:00,IBB
119.37,119.39,119.37,119.39,2212,2022-06-08 15:15:00,IBB
119.32,119.4,119.32,119.37,1133,2022-06-08 15:16:00,IBB
119.35,119.37,119.35,119.37,1106,2022-06-08 15:17:00,IBB
119.405,119.405,119.31,119.31,845,2022-06-08 15:18:00,IBB
119.29,119.31,119.25,119.25,1859,2022-06-08 15:19:00,IBB
119.2,119.2,119.1352,119.2,1079,2022-06-08 15:20:00,IBB
119.27,119.31,119.27,119.2966,4043,2022-06-08 15:21:00,IBB
119.2917,119.2917,119.29,119.29,325,2022-06-08 15:22:00,IBB
119.31,119.31,119.26,119.26,727,2022-06-08 15:23:00,IBB
119.22,119.22,119.2197,119.22,800,2022-06-08 15:24:00,IBB
119.19,119.23,119.19,119.23,300,2022-06-08 15:25:00,IBB
119.26,119.31,119.26,119.31,300,2022-06-08 15:26:00,IBB
119.33,119.35,119.32,119.32,1049,2022-06-08 15:27:00,IBB
119.3,119.32,119.29,119.31,1996,2022-06-08 15:28:00,IBB
119.31,119.32,119.3,119.32,900,2022-06-08 15:29:00,IBB
119.34,119.36,119.275,119.31,2780,2022-06-08 15:30:00,IBB
119.31,119.36,119.28,119.36,634,2022-06-08 15:31:00,IBB
119.33,119.39,119.33,119.38,1121,2022-06-08 15:32:00,IBB
119.405,119.405,119.34,119.34,1060,2022-06-08 15:33:00,IBB
119.33,119.33,119.33,119.33,200,2022-06-08 15:34:00,IBB
119.34,119.39,119.34,119.37,1556,2022-06-08 15:35:00,IBB
119.39,119.42,119.39,119.42,1891,2022-06-08 15:36:00,IBB
119.43,119.45,119.414,119.414,660,2022-06-08 15:37:00,IBB
119.42,119.42,119.4,119.4,532,2022-06-08 15:38:00,IBB
119.42,119.42,119.35,119.37,3571,2022-06-08 15:39:00,IBB
119.39,119.46,119.39,119.46,1301,2022-06-08 15:40:00,IBB
119.42,119.43,119.33,119.42,3291,2022-06-08 15:41:00,IBB
119.45,119.49,119.43,119.49,2650,2022-06-08 15:42:00,IBB
119.46,119.46,119.38,119.4,2679,2022-06-08 15:43:00,IBB
119.37,119.39,119.27,119.27,1602,2022-06-08 15:44:00,IBB
119.33,119.44,119.33,119.41,1532,2022-06-08 15:45:00,IBB
119.41,119.605,119.41,119.605,1617,2022-06-08 15:46:00,IBB
119.55,119.6,119.52,119.57,1300,2022-06-08 15:47:00,IBB
119.65,119.67,119.59,119.5999,1818,2022-06-08 15:48:00,IBB
119.64,119.64,119.547,119.547,2133,2022-06-08 15:49:00,IBB
119.57,119.625,119.57,119.625,800,2022-06-08 15:50:00,IBB
119.64,119.64,119.6,119.61,3470,2022-06-08 15:51:00,IBB
119.58,119.61,119.54,119.555,1235,2022-06-08 15:52:00,IBB
119.52,119.56,119.5099,119.51,3230,2022-06-08 15:53:00,IBB
119.57,119.59,119.57,119.59,300,2022-06-08 15:54:00,IBB
119.55,119.55,119.52,119.55,828,2022-06-08 15:55:00,IBB
119.59,119.61,119.59,119.61,363,2022-06-08 15:56:00,IBB
119.61,119.61,119.56,119.5767,2660,2022-06-08 15:57:00,IBB
119.58,119.6,119.58,119.6,1600,2022-06-08 15:58:00,IBB
119.64,119.645,119.55,119.55,1250,2022-06-08 15:59:00,IBB
119.54,119.55,119.45,119.45,600,2022-06-08 16:00:00,IBB
119.53,119.56,119.525,119.55,1530,2022-06-08 16:01:00,IBB
119.57,119.58,119.5555,119.58,450,2022-06-08 16:02:00,IBB
119.64,119.65,119.6,119.6,300,2022-06-08 16:03:00,IBB
119.58,119.59,119.55,119.59,1598,2022-06-08 16:04:00,IBB
119.55,119.555,119.51,119.51,735,2022-06-08 16:05:00,IBB
119.41,119.5,119.41,119.5,1463,2022-06-08 16:06:00,IBB
119.55,119.55,119.5,119.54,1075,2022-06-08 16:07:00,IBB
119.52,119.52,119.52,119.52,335,2022-06-08 16:08:00,IBB
119.4989,119.54,119.4989,119.54,705,2022-06-08 16:09:00,IBB
119.539,119.539,119.47,119.51,999,2022-06-08 16:10:00,IBB
119.49,119.53,119.49,119.53,800,2022-06-08 16:11:00,IBB
119.51,119.51,119.47,119.47,500,2022-06-08 16:12:00,IBB
119.49,119.51,119.49,119.51,750,2022-06-08 16:13:00,IBB
119.52,119.53,119.5,119.5299,2391,2022-06-08 16:14:00,IBB
119.5,119.5,119.48,119.48,1100,2022-06-08 16:15:00,IBB
119.47,119.49,119.44,119.49,1494,2022-06-08 16:16:00,IBB
119.49,119.49,119.4018,119.41,2802,2022-06-08 16:17:00,IBB
119.42,119.45,119.38,119.42,3000,2022-06-08 16:18:00,IBB
119.46,119.5,119.46,119.5,1275,2022-06-08 16:19:00,IBB
119.52,119.52,119.45,119.47,1800,2022-06-08 16:20:00,IBB
119.44,119.44,119.37,119.39,3217,2022-06-08 16:21:00,IBB
119.35,119.35,119.29,119.34,2133,2022-06-08 16:22:00,IBB
119.33,119.33,119.26,119.27,2870,2022-06-08 16:23:00,IBB
119.25,119.26,119.18,119.23,3674,2022-06-08 16:24:00,IBB
119.21,119.22,119.15,119.18,5750,2022-06-08 16:25:00,IBB
119.17,119.17,119.09,119.09,5940,2022-06-08 16:26:00,IBB
119.09,119.09,118.99,119.01,2400,2022-06-08 16:27:00,IBB
119.0,119.13,118.9878,119.13,1700,2022-06-08 16:28:00,IBB
119.12,119.18,119.12,119.18,3400,2022-06-08 16:29:00,IBB
119.2,119.2,119.145,119.145,1719,2022-06-08 16:30:00,IBB
119.13,119.13,119.09,119.09,1731,2022-06-08 16:31:00,IBB
119.05,119.05,118.95,118.96,3822,2022-06-08 16:32:00,IBB
118.91,118.92,118.81,118.84,1700,2022-06-08 16:33:00,IBB
118.81,118.88,118.81,118.86,800,2022-06-08 16:34:00,IBB
118.87,118.88,118.85,118.85,600,2022-06-08 16:35:00,IBB
118.81,118.82,118.79,118.82,1600,2022-06-08 16:36:00,IBB
118.82,118.82,118.77,118.8,1510,2022-06-08 16:37:00,IBB
118.78,118.785,118.73,118.76,2134,2022-06-08 16:38:00,IBB
118.73,118.73,118.57,118.59,6063,2022-06-08 16:39:00,IBB
118.53,118.62,118.53,118.62,2000,2022-06-08 16:40:00,IBB
118.62,118.63,118.59,118.6,1200,2022-06-08 16:41:00,IBB
118.53,118.58,118.53,118.58,400,2022-06-08 16:42:00,IBB
118.54,118.58,118.49,118.54,2300,2022-06-08 16:43:00,IBB
118.5472,118.55,118.45,118.45,2911,2022-06-08 16:44:00,IBB
118.45,118.47,118.43,118.4534,3891,2022-06-08 16:45:00,IBB
118.44,118.48,118.41,118.48,1356,2022-06-08 16:46:00,IBB
118.4974,118.57,118.4974,118.57,1810,2022-06-08 16:47:00,IBB
118.595,118.595,118.56,118.59,942,2022-06-08 16:48:00,IBB
118.6,118.62,118.59,118.6,900,2022-06-08 16:49:00,IBB
118.57,118.57,118.49,118.49,2383,2022-06-08 16:50:00,IBB
118.53,118.6,118.53,118.56,1120,2022-06-08 16:51:00,IBB
118.56,118.58,118.5,118.5312,1726,2022-06-08 16:52:00,IBB
118.51,118.56,118.51,118.53,1034,2022-06-08 16:53:00,IBB
118.57,118.57,118.55,118.56,300,2022-06-08 16:54:00,IBB
118.52,118.54,118.48,118.54,4466,2022-06-08 16:55:00,IBB
118.55,118.61,118.55,118.61,200,2022-06-08 16:56:00,IBB
118.64,118.64,118.63,118.63,704,2022-06-08 16:57:00,IBB
118.66,118.7,118.66,118.7,500,2022-06-08 16:58:00,IBB
118.79,118.84,118.78,118.82,500,2022-06-08 16:59:00,IBB
118.79,118.8,118.74,118.74,1850,2022-06-08 17:00:00,IBB
118.76,118.76,118.66,118.67,1561,2022-06-08 17:01:00,IBB
118.59,118.59,118.48,118.48,898,2022-06-08 17:02:00,IBB
118.52,118.52,118.52,118.52,100,2022-06-08 17:03:00,IBB
118.57,118.57,118.53,118.53,300,2022-06-08 17:04:00,IBB
118.5,118.5,118.5,118.5,200,2022-06-08 17:05:00,IBB
118.49,118.52,118.49,118.52,1100,2022-06-08 17:06:00,IBB
118.57,118.61,118.55,118.55,1000,2022-06-08 17:07:00,IBB
118.55,118.63,118.55,118.6099,1090,2022-06-08 17:08:00,IBB
118.56,118.56,118.56,118.56,100,2022-06-08 17:09:00,IBB
118.53,118.53,118.44,118.51,4385,2022-06-08 17:10:00,IBB
118.48,118.48,118.43,118.44,1200,2022-06-08 17:11:00,IBB
118.45,118.46,118.4,118.43,1400,2022-06-08 17:12:00,IBB
118.36,118.4,118.33,118.4,1566,2022-06-08 17:13:00,IBB
118.49,118.51,118.49,118.51,200,2022-06-08 17:14:00,IBB
118.5,118.56,118.5,118.53,2000,2022-06-08 17:15:00,IBB
118.56,118.61,118.54,118.6,3297,2022-06-08 17:16:00,IBB
118.58,118.59,118.52,118.59,900,2022-06-08 17:17:00,IBB
118.61,118.64,118.61,118.64,400,2022-06-08 17:18:00,IBB
118.66,118.72,118.66,118.72,500,2022-06-08 17:19:00,IBB
118.67,118.71,118.67,118.71,302,2022-06-08 17:20:00,IBB
118.64,118.71,118.63,118.71,2706,2022-06-08 17:21:00,IBB
118.6921,118.71,118.68,118.68,775,2022-06-08 17:22:00,IBB
118.69,118.75,118.69,118.74,700,2022-06-08 17:23:00,IBB
118.7,118.7299,118.69,118.7299,951,2022-06-08 17:24:00,IBB
118.7,118.7,118.59,118.6,1941,2022-06-08 17:25:00,IBB
118.63,118.63,118.61,118.61,600,2022-06-08 17:26:00,IBB
118.65,118.65,118.56,118.5928,1698,2022-06-08 17:27:00,IBB
118.61,118.62,118.53,118.53,900,2022-06-08 17:28:00,IBB
118.54,118.57,118.54,118.57,400,2022-06-08 17:29:00,IBB
118.54,118.58,118.45,118.45,7716,2022-06-08 17:30:00,IBB
118.43,118.43,118.38,118.41,1911,2022-06-08 17:31:00,IBB
118.3902,118.405,118.35,118.35,900,2022-06-08 17:32:00,IBB
118.3,118.335,118.285,118.335,2700,2022-06-08 17:33:00,IBB
118.31,118.365,118.3,118.365,1435,2022-06-08 17:34:00,IBB
118.29,118.29,118.22,118.24,2274,2022-06-08 17:35:00,IBB
118.235,118.235,118.18,118.18,1376,2022-06-08 17:36:00,IBB
118.2,118.2,118.11,118.11,2342,2022-06-08 17:37:00,IBB
118.07,118.07,118.05,118.05,400,2022-06-08 17:38:00,IBB
118.06,118.06,118.0001,118.0001,2587,2022-06-08 17:39:00,IBB
117.9866,118.01,117.96,118.01,2138,2022-06-08 17:40:00,IBB
118.03,118.13,118.03,118.13,500,2022-06-08 17:41:00,IBB
118.16,118.16,118.12,118.12,300,2022-06-08 17:43:00,IBB
118.18,118.23,118.17,118.19,2156,2022-06-08 17:44:00,IBB
118.24,118.27,118.21,118.21,2108,2022-06-08 17:45:00,IBB
118.22,118.23,118.205,118.21,700,2022-06-08 17:46:00,IBB
118.27,118.29,118.26,118.29,600,2022-06-08 17:47:00,IBB
118.3,118.3,118.24,118.29,800,2022-06-08 17:48:00,IBB
118.3,118.3,118.1898,118.1898,670,2022-06-08 17:49:00,IBB
118.2,118.2329,118.16,118.16,1306,2022-06-08 17:50:00,IBB
118.17,118.18,118.11,118.11,2800,2022-06-08 17:51:00,IBB
118.05,118.09,118.05,118.09,1000,2022-06-08 17:52:00,IBB
118.09,118.16,118.09,118.16,300,2022-06-08 17:53:00,IBB
118.18,118.19,118.17,118.1863,600,2022-06-08 17:54:00,IBB
118.17,118.2186,118.15,118.2186,2900,2022-06-08 17:55:00,IBB
118.27,118.31,118.27,118.31,300,2022-06-08 17:56:00,IBB
118.3,118.3,118.24,118.25,1045,2022-06-08 17:57:00,IBB
118.26,118.26,118.2,118.2,469,2022-06-08 17:58:00,IBB
118.1656,118.2,118.1656,118.2,1000,2022-06-08 17:59:00,IBB
118.21,118.26,118.21,118.26,239,2022-06-08 18:00:00,IBB
118.28,118.29,118.26,118.26,2817,2022-06-08 18:01:00,IBB
118.29,118.3533,118.29,118.35,1152,2022-06-08 18:02:00,IBB
118.38,118.44,118.38,118.4209,5399,2022-06-08 18:03:00,IBB
118.41,118.41,118.35,118.35,1100,2022-06-08 18:04:00,IBB
118.36,118.3734,118.35,118.35,1190,2022-06-08 18:05:00,IBB
118.34,118.34,118.26,118.27,700,2022-06-08 18:06:00,IBB
118.29,118.31,118.29,118.31,400,2022-06-08 18:07:00,IBB
118.21,118.23,118.18,118.19,1700,2022-06-08 18:09:00,IBB
118.24,118.24,118.2,118.21,600,2022-06-08 18:10:00,IBB
118.29,118.29,118.24,118.26,1200,2022-06-08 18:11:00,IBB
118.29,118.3299,118.25,118.25,1194,2022-06-08 18:12:00,IBB
118.27,118.27,118.21,118.21,294,2022-06-08 18:13:00,IBB
118.22,118.31,118.22,118.31,400,2022-06-08 18:14:00,IBB
118.34,118.34,118.31,118.31,200,2022-06-08 18:15:00,IBB
118.28,118.3,118.25,118.25,754,2022-06-08 18:16:00,IBB
118.25,118.27,118.19,118.27,1315,2022-06-08 18:17:00,IBB
118.18,118.21,118.11,118.11,1176,2022-06-08 18:18:00,IBB
118.1,118.1559,118.1,118.1559,300,2022-06-08 18:19:00,IBB
118.13,118.19,118.13,118.1377,405,2022-06-08 18:20:00,IBB
118.11,118.11,118.09,118.1,500,2022-06-08 18:21:00,IBB
118.14,118.2,118.14,118.2,298,2022-06-08 18:22:00,IBB
118.16,118.16,118.1,118.13,1285,2022-06-08 18:23:00,IBB
118.13,118.16,118.12,118.13,1737,2022-06-08 18:24:00,IBB
118.13,118.14,118.07,118.07,1147,2022-06-08 18:25:00,IBB
118.0,118.005,117.98,117.99,600,2022-06-08 18:26:00,IBB
118.0,118.0,117.87,117.91,2099,2022-06-08 18:27:00,IBB
117.88,117.88,117.81,117.83,2210,2022-06-08 18:28:00,IBB
117.84,117.93,117.84,117.895,2341,2022-06-08 18:29:00,IBB
117.8943,117.98,117.88,117.98,1551,2022-06-08 18:30:00,IBB
118.02,118.06,118.0,118.04,1700,2022-06-08 18:31:00,IBB
118.0421,118.0421,117.9,117.91,1011,2022-06-08 18:32:00,IBB
117.94,117.94,117.94,117.94,100,2022-06-08 18:33:00,IBB
117.93,117.95,117.83,117.83,1500,2022-06-08 18:34:00,IBB
117.87,117.87,117.72,117.72,566,2022-06-08 18:35:00,IBB
117.73,117.759,117.73,117.7438,932,2022-06-08 18:36:00,IBB
117.77,117.81,117.759,117.81,1150,2022-06-08 18:37:00,IBB
117.89,117.89,117.89,117.89,100,2022-06-08 18:38:00,IBB
117.89,117.89,117.85,117.86,1798,2022-06-08 18:39:00,IBB
117.89,117.9,117.88,117.88,17695,2022-06-08 18:40:00,IBB
117.86,117.91,117.85,117.91,900,2022-06-08 18:41:00,IBB
117.92,117.93,117.87,117.9,1290,2022-06-08 18:42:00,IBB
117.92,117.98,117.92,117.97,2522,2022-06-08 18:43:00,IBB
117.96,117.97,117.92,117.94,800,2022-06-08 18:44:00,IBB
117.935,117.99,117.93,117.98,1400,2022-06-08 18:45:00,IBB
117.98,117.98,117.95,117.95,900,2022-06-08 18:46:00,IBB
117.9577,118.04,117.95,118.02,1656,2022-06-08 18:47:00,IBB
118.01,118.01,117.96,117.96,1410,2022-06-08 18:48:00,IBB
117.93,117.97,117.93,117.97,800,2022-06-08 18:49:00,IBB
117.95,117.98,117.9,117.91,2736,2022-06-08 18:50:00,IBB
117.9,117.95,117.9,117.92,1000,2022-06-08 18:51:00,IBB
117.906,117.97,117.9,117.95,1100,2022-06-08 18:52:00,IBB
117.96,118.0,117.96,117.97,2500,2022-06-08 18:53:00,IBB
117.97,117.98,117.89,117.89,1000,2022-06-08 18:54:00,IBB
117.89,117.92,117.86,117.87,1668,2022-06-08 18:55:00,IBB
117.87,117.88,117.86,117.86,1400,2022-06-08 18:56:00,IBB
117.86,117.88,117.85,117.88,900,2022-06-08 18:57:00,IBB
117.865,117.91,117.83,117.91,1500,2022-06-08 18:58:00,IBB
117.9,117.91,117.87,117.87,1300,2022-06-08 18:59:00,IBB
117.87,117.87,117.79,117.79,1405,2022-06-08 19:00:00,IBB
117.79,117.82,117.76,117.76,2528,2022-06-08 19:01:00,IBB
117.82,117.93,117.82,117.93,800,2022-06-08 19:02:00,IBB
117.94,117.94,117.85,117.88,1000,2022-06-08 19:03:00,IBB
117.86,117.86,117.83,117.84,300,2022-06-08 19:04:00,IBB
117.8384,117.84,117.82,117.84,500,2022-06-08 19:05:00,IBB
117.82,117.82,117.75,117.75,600,2022-06-08 19:06:00,IBB
117.73,117.73,117.67,117.73,1913,2022-06-08 19:07:00,IBB
117.75,117.8,117.75,117.78,950,2022-06-08 19:08:00,IBB
117.74,117.84,117.74,117.82,600,2022-06-08 19:09:00,IBB
117.83,117.86,117.83,117.86,600,2022-06-08 19:10:00,IBB
117.89,117.91,117.86,117.91,625,2022-06-08 19:11:00,IBB
117.93,118.0,117.93,117.98,1800,2022-06-08 19:12:00,IBB
117.97,118.0,117.97,117.98,666,2022-06-08 19:13:00,IBB
117.95,117.99,117.92,117.99,1200,2022-06-08 19:14:00,IBB
117.98,118.09,117.97,118.09,5006,2022-06-08 19:15:00,IBB
118.06,118.08,118.06,118.07,600,2022-06-08 19:16:00,IBB
118.06,118.06,118.0002,118.02,3562,2022-06-08 19:17:00,IBB
118.02,118.03,117.98,118.03,1200,2022-06-08 19:18:00,IBB
118.05,118.05,118.01,118.01,1300,2022-06-08 19:19:00,IBB
118.01,118.04,117.99,118.0399,1028,2022-06-08 19:20:00,IBB
118.05,118.09,118.05,118.06,1881,2022-06-08 19:21:00,IBB
118.07,118.12,118.06,118.12,1704,2022-06-08 19:22:00,IBB
118.11,118.19,118.1,118.16,2400,2022-06-08 19:23:00,IBB
118.14,118.17,118.14,118.15,1600,2022-06-08 19:24:00,IBB
118.17,118.18,118.14,118.171,3355,2022-06-08 19:25:00,IBB
118.18,118.199,118.14,118.14,2500,2022-06-08 19:26:00,IBB
118.14,118.15,118.1,118.13,4413,2022-06-08 19:27:00,IBB
118.14,118.19,118.14,118.16,3689,2022-06-08 19:28:00,IBB
118.18,118.23,118.18,118.21,2650,2022-06-08 19:29:00,IBB
118.24,118.35,118.24,118.32,4337,2022-06-08 19:30:00,IBB
118.3,118.3,118.2,118.22,2400,2022-06-08 19:31:00,IBB
118.18,118.3,118.13,118.3,5449,2022-06-08 19:32:00,IBB
118.31,118.38,118.27,118.37,7837,2022-06-08 19:33:00,IBB
118.37,118.4,118.34,118.4,4055,2022-06-08 19:34:00,IBB
118.38,118.39,118.34,118.34,3800,2022-06-08 19:35:00,IBB
118.34,118.37,118.31,118.36,4077,2022-06-08 19:36:00,IBB
118.36,118.36,118.28,118.32,4274,2022-06-08 19:37:00,IBB
118.34,118.34,118.27,118.27,5300,2022-06-08 19:38:00,IBB
118.26,118.27,118.24,118.26,5300,2022-06-08 19:39:00,IBB
118.26,118.26,118.19,118.25,7180,2022-06-08 19:40:00,IBB
118.25,118.25,118.19,118.2,5937,2022-06-08 19:41:00,IBB
118.19,118.26,118.19,118.2483,4254,2022-06-08 19:42:00,IBB
118.25,118.3,118.25,118.28,6885,2022-06-08 19:43:00,IBB
118.28,118.33,118.27,118.32,4693,2022-06-08 19:44:00,IBB
118.32,118.33,118.22,118.22,8084,2022-06-08 19:45:00,IBB
118.22,118.22,118.18,118.21,4450,2022-06-08 19:46:00,IBB
118.2,118.24,118.17,118.24,5203,2022-06-08 19:47:00,IBB
118.24,118.27,118.22,118.22,3116,2022-06-08 19:48:00,IBB
118.22,118.25,118.16,118.16,7650,2022-06-08 19:49:00,IBB
118.19,118.27,118.15,118.21,14392,2022-06-08 19:50:00,IBB
118.22,118.23,118.18,118.2,3798,2022-06-08 19:51:00,IBB
118.2,118.3,118.19,118.19,6413,2022-06-08 19:52:00,IBB
118.2,118.2,118.12,118.13,3968,2022-06-08 19:53:00,IBB
118.14,118.145,118.09,118.13,5049,2022-06-08 19:54:00,IBB
118.15,118.26,118.15,118.23,7812,2022-06-08 19:55:00,IBB
118.23,118.23,118.19,118.22,10567,2022-06-08 19:56:00,IBB
118.22,118.3,118.22,118.25,8142,2022-06-08 19:57:00,IBB
118.25,118.25,118.2,118.2,8795,2022-06-08 19:58:00,IBB
118.2,118.3,118.2,118.25,9311,2022-06-08 19:59:00,IBB
118.1,118.13,118.1,118.13,15779,2022-06-08 20:00:00,IBB
118.13,118.13,118.13,118.13,495,2022-06-08 20:02:00,IBB
118.13,118.13,118.13,118.13,200,2022-06-08 23:34:00,IBB
117.69,117.69,117.19,117.2,17110,2022-06-09 13:30:00,IBB
117.26,117.29,117.07,117.22,3276,2022-06-09 13:31:00,IBB
117.17,117.17,116.86,116.86,2512,2022-06-09 13:32:00,IBB
116.81,116.81,116.6,116.76,5832,2022-06-09 13:33:00,IBB
116.88,117.0,116.73,117.0,3506,2022-06-09 13:34:00,IBB
117.05,117.08,116.96,117.01,1915,2022-06-09 13:35:00,IBB
117.04,117.13,116.8,116.8,4175,2022-06-09 13:36:00,IBB
116.77,116.96,116.76,116.83,5600,2022-06-09 13:37:00,IBB
116.8,116.84,116.66,116.71,6806,2022-06-09 13:38:00,IBB
116.78,116.82,116.63,116.69,2200,2022-06-09 13:39:00,IBB
116.56,116.67,116.56,116.67,1154,2022-06-09 13:40:00,IBB
116.62,116.75,116.58,116.65,3216,2022-06-09 13:41:00,IBB
116.61,116.61,116.44,116.46,2191,2022-06-09 13:42:00,IBB
116.37,116.42,116.25,116.25,13090,2022-06-09 13:43:00,IBB
116.32,116.4099,116.31,116.37,4962,2022-06-09 13:44:00,IBB
116.36,116.47,116.32,116.32,2230,2022-06-09 13:45:00,IBB
116.26,116.26,116.19,116.22,1214,2022-06-09 13:46:00,IBB
116.24,116.63,116.24,116.6,10592,2022-06-09 13:47:00,IBB
116.65,116.94,116.65,116.83,8719,2022-06-09 13:48:00,IBB
116.81,116.86,116.72,116.76,4600,2022-06-09 13:49:00,IBB
116.75,117.05,116.75,117.01,15207,2022-06-09 13:50:00,IBB
117.02,117.31,117.02,117.31,10398,2022-06-09 13:51:00,IBB
117.34,117.44,117.3,117.32,6200,2022-06-09 13:52:00,IBB
117.33,117.36,117.17,117.36,10590,2022-06-09 13:53:00,IBB
117.42,117.42,117.23,117.23,4857,2022-06-09 13:54:00,IBB
117.14,117.25,117.13,117.13,6200,2022-06-09 13:55:00,IBB
117.16,117.27,117.04,117.05,3152,2022-06-09 13:56:00,IBB
116.92,116.97,116.9,116.9,1706,2022-06-09 13:57:00,IBB
116.88,117.03,116.87,116.9,3681,2022-06-09 13:58:00,IBB
116.89,116.93,116.8,116.835,3550,2022-06-09 13:59:00,IBB
116.9,116.9,116.81,116.81,1408,2022-06-09 14:00:00,IBB
116.8,116.92,116.75,116.91,5692,2022-06-09 14:01:00,IBB
116.9,116.9,116.78,116.79,1391,2022-06-09 14:02:00,IBB
116.83,116.9,116.72,116.73,2935,2022-06-09 14:03:00,IBB
116.73,116.82,116.73,116.76,1000,2022-06-09 14:04:00,IBB
116.69,116.8,116.69,116.73,1600,2022-06-09 14:05:00,IBB
116.66,116.7,116.62,116.65,3851,2022-06-09 14:06:00,IBB
116.65,116.8,116.65,116.67,2700,2022-06-09 14:07:00,IBB
116.66,116.675,116.62,116.62,893,2022-06-09 14:08:00,IBB
116.58,116.64,116.49,116.51,1453,2022-06-09 14:09:00,IBB
116.46,116.54,116.43,116.45,3816,2022-06-09 14:10:00,IBB
116.46,116.51,116.35,116.4,6143,2022-06-09 14:11:00,IBB
116.4,116.55,116.365,116.52,6273,2022-06-09 14:12:00,IBB
116.52,116.6,116.5,116.54,2202,2022-06-09 14:13:00,IBB
116.56,116.72,116.56,116.72,687,2022-06-09 14:14:00,IBB
116.71,116.88,116.69,116.83,1947,2022-06-09 14:15:00,IBB
116.8,116.9,116.8,116.84,3570,2022-06-09 14:16:00,IBB
116.86,116.96,116.82,116.82,3180,2022-06-09 14:17:00,IBB
116.79,116.8,116.74,116.74,3589,2022-06-09 14:18:00,IBB
116.75,116.7799,116.7067,116.74,1823,2022-06-09 14:19:00,IBB
116.75,116.82,116.74,116.76,4554,2022-06-09 14:20:00,IBB
116.77,116.79,116.71,116.73,2000,2022-06-09 14:21:00,IBB
116.75,116.78,116.67,116.67,500,2022-06-09 14:22:00,IBB
116.65,116.71,116.65,116.71,672,2022-06-09 14:23:00,IBB
116.65,116.7034,116.61,116.61,976,2022-06-09 14:24:00,IBB
116.6998,116.78,116.67,116.77,3914,2022-06-09 14:25:00,IBB
116.78,116.83,116.7,116.705,4509,2022-06-09 14:26:00,IBB
116.7433,116.76,116.69,116.76,1388,2022-06-09 14:27:00,IBB
116.71,116.75,116.71,116.74,800,2022-06-09 14:28:00,IBB
116.77,116.82,116.7,116.8101,1932,2022-06-09 14:29:00,IBB
116.9,116.99,116.89,116.95,3400,2022-06-09 14:30:00,IBB
116.92,117.04,116.92,117.04,3568,2022-06-09 14:31:00,IBB
117.02,117.05,116.84,116.84,800,2022-06-09 14:32:00,IBB
116.72,116.87,116.694,116.84,1000,2022-06-09 14:33:00,IBB
116.79,116.82,116.76,116.76,1792,2022-06-09 14:34:00,IBB
116.76,116.83,116.67,116.8,4245,2022-06-09 14:35:00,IBB
116.84,116.84,116.73,116.83,3233,2022-06-09 14:36:00,IBB
116.83,116.87,116.8,116.83,1889,2022-06-09 14:37:00,IBB
116.86,116.9,116.86,116.87,800,2022-06-09 14:38:00,IBB
116.91,116.93,116.86,116.91,1100,2022-06-09 14:39:00,IBB
116.89,116.89,116.56,116.57,1200,2022-06-09 14:40:00,IBB
116.62,116.65,116.61,116.62,6324,2022-06-09 14:41:00,IBB
116.61,116.61,116.46,116.46,1513,2022-06-09 14:42:00,IBB
116.47,116.5,116.44,116.44,2209,2022-06-09 14:43:00,IBB
116.42,116.44,116.4,116.4,500,2022-06-09 14:44:00,IBB
116.5,116.5,116.39,116.43,1176,2022-06-09 14:45:00,IBB
116.38,116.38,116.25,116.256,2624,2022-06-09 14:46:00,IBB
116.32,116.32,116.24,116.24,1349,2022-06-09 14:47:00,IBB
116.25,116.265,116.17,116.19,1600,2022-06-09 14:48:00,IBB
116.2,116.28,116.2,116.28,3149,2022-06-09 14:49:00,IBB
116.23,116.27,116.16,116.23,3361,2022-06-09 14:50:00,IBB
116.22,116.27,116.17,116.19,3393,2022-06-09 14:51:00,IBB
116.19,116.19,115.96,115.99,2969,2022-06-09 14:52:00,IBB
115.95,116.0,115.95,115.97,1800,2022-06-09 14:53:00,IBB
115.93,115.97,115.92,115.95,9696,2022-06-09 14:54:00,IBB
115.93,115.99,115.82,115.98,3561,2022-06-09 14:55:00,IBB
115.99,116.11,115.99,116.09,9538,2022-06-09 14:56:00,IBB
116.055,116.15,116.04,116.11,7149,2022-06-09 14:57:00,IBB
116.07,116.17,116.07,116.11,1400,2022-06-09 14:58:00,IBB
116.1,116.18,116.1,116.1,3088,2022-06-09 14:59:00,IBB
116.09,116.14,116.07,116.13,1107,2022-06-09 15:00:00,IBB
116.1,116.1,116.08,116.08,200,2022-06-09 15:01:00,IBB
115.94,115.97,115.91,115.96,1500,2022-06-09 15:02:00,IBB
115.99,115.99,115.91,115.91,4550,2022-06-09 15:03:00,IBB
115.9,115.9,115.77,115.79,1700,2022-06-09 15:04:00,IBB
115.74,115.7659,115.74,115.7659,368,2022-06-09 15:05:00,IBB
115.79,115.81,115.74,115.76,1800,2022-06-09 15:06:00,IBB
115.78,115.81,115.72,115.73,2700,2022-06-09 15:07:00,IBB
115.75,115.76,115.745,115.76,600,2022-06-09 15:08:00,IBB
115.77,115.86,115.77,115.83,2900,2022-06-09 15:09:00,IBB
115.795,115.875,115.79,115.865,2207,2022-06-09 15:10:00,IBB
115.88,115.95,115.79,115.79,7175,2022-06-09 15:11:00,IBB
115.8,115.825,115.74,115.74,1900,2022-06-09 15:12:00,IBB
115.71,115.79,115.7,115.79,3246,2022-06-09 15:13:00,IBB
115.8,115.8,115.8,115.8,100,2022-06-09 15:14:00,IBB
115.85,115.85,115.73,115.75,4400,2022-06-09 15:15:00,IBB
115.72,115.78,115.715,115.75,2413,2022-06-09 15:16:00,IBB
115.78,115.78,115.73,115.75,1500,2022-06-09 15:17:00,IBB
115.71,115.71,115.65,115.71,3731,2022-06-09 15:18:00,IBB
115.7,115.71,115.65,115.71,1100,2022-06-09 15:19:00,IBB
115.69,115.75,115.68,115.69,2110,2022-06-09 15:20:00,IBB
115.74,115.8,115.74,115.77,1100,2022-06-09 15:21:00,IBB
115.8,115.85,115.79,115.79,2839,2022-06-09 15:22:00,IBB
115.78,115.78,115.72,115.74,2100,2022-06-09 15:23:00,IBB
115.75,115.79,115.73,115.77,1000,2022-06-09 15:24:00,IBB
115.8,115.84,115.73,115.73,1184,2022-06-09 15:25:00,IBB
115.78,115.78,115.76,115.76,391,2022-06-09 15:26:00,IBB
115.81,115.81,115.74,115.75,1311,2022-06-09 15:27:00,IBB
115.74,115.78,115.68,115.78,1570,2022-06-09 15:28:00,IBB
115.79,115.8,115.63,115.67,1969,2022-06-09 15:29:00,IBB
115.73,115.77,115.72,115.73,700,2022-06-09 15:30:00,IBB
115.72,115.75,115.67,115.75,2920,2022-06-09 15:31:00,IBB
115.78,115.84,115.78,115.84,1128,2022-06-09 15:32:00,IBB
115.8905,115.94,115.86,115.86,6948,2022-06-09 15:33:00,IBB
115.85,115.89,115.83,115.83,300,2022-06-09 15:34:00,IBB
115.905,115.97,115.905,115.97,1614,2022-06-09 15:35:00,IBB
116.0,116.0,115.85,115.86,1300,2022-06-09 15:36:00,IBB
115.89,115.89,115.89,115.89,100,2022-06-09 15:37:00,IBB
115.915,116.03,115.91,116.03,1850,2022-06-09 15:38:00,IBB
116.04,116.06,115.97,115.97,2666,2022-06-09 15:39:00,IBB
116.0,116.015,115.96,115.965,1700,2022-06-09 15:40:00,IBB
115.94,116.0,115.93,115.97,1580,2022-06-09 15:41:00,IBB
115.96,116.1,115.96,116.1,3502,2022-06-09 15:42:00,IBB
116.08,116.2,116.08,116.14,4628,2022-06-09 15:43:00,IBB
116.14,116.14,116.07,116.095,1500,2022-06-09 15:44:00,IBB
116.06,116.08,116.01,116.07,2190,2022-06-09 15:45:00,IBB
116.06,116.06,115.98,115.98,4516,2022-06-09 15:46:00,IBB
115.98,115.98,115.98,115.98,100,2022-06-09 15:48:00,IBB
115.79,115.79,115.752,115.752,1773,2022-06-09 15:49:00,IBB
115.76,115.76,115.65,115.66,3389,2022-06-09 15:50:00,IBB
115.67,115.79,115.66,115.79,4199,2022-06-09 15:51:00,IBB
115.8,115.87,115.8,115.82,1600,2022-06-09 15:52:00,IBB
115.9,115.91,115.89,115.91,800,2022-06-09 15:53:00,IBB
115.9,115.95,115.865,115.92,500,2022-06-09 15:54:00,IBB
115.95,115.96,115.8733,115.91,3361,2022-06-09 15:55:00,IBB
115.9,115.945,115.88,115.945,800,2022-06-09 15:56:00,IBB
115.98,116.03,115.98,116.0,600,2022-06-09 15:57:00,IBB
116.03,116.04,116.03,116.04,200,2022-06-09 15:58:00,IBB
115.98,116.02,115.98,116.0,400,2022-06-09 15:59:00,IBB
115.99,115.99,115.99,115.99,100,2022-06-09 16:00:00,IBB
115.97,116.04,115.97,116.01,600,2022-06-09 16:01:00,IBB
115.96,115.96,115.95,115.95,400,2022-06-09 16:02:00,IBB
115.94,115.9664,115.94,115.9664,205,2022-06-09 16:03:00,IBB
115.905,115.91,115.905,115.91,200,2022-06-09 16:04:00,IBB
115.9,115.9,115.85,115.85,1500,2022-06-09 16:06:00,IBB
115.84,115.87,115.84,115.86,500,2022-06-09 16:07:00,IBB
115.87,115.88,115.87,115.88,200,2022-06-09 16:08:00,IBB
115.88,115.88,115.81,115.81,900,2022-06-09 16:09:00,IBB
115.81,115.8275,115.76,115.76,2200,2022-06-09 16:10:00,IBB
115.75,115.75,115.72,115.75,3500,2022-06-09 16:11:00,IBB
115.76,115.78,115.75,115.77,1400,2022-06-09 16:12:00,IBB
115.75,115.82,115.72,115.81,2350,2022-06-09 16:13:00,IBB
115.845,115.88,115.8344,115.85,3004,2022-06-09 16:14:00,IBB
115.825,115.825,115.79,115.79,599,2022-06-09 16:15:00,IBB
115.85,115.85,115.85,115.85,200,2022-06-09 16:16:00,IBB
115.83,115.83,115.78,115.7836,1016,2022-06-09 16:17:00,IBB
115.84,115.84,115.79,115.7918,400,2022-06-09 16:18:00,IBB
115.83,115.88,115.83,115.8517,1124,2022-06-09 16:19:00,IBB
115.88,115.98,115.88,115.95,1300,2022-06-09 16:20:00,IBB
115.94,115.95,115.94,115.94,300,2022-06-09 16:21:00,IBB
115.98,115.98,115.96,115.98,300,2022-06-09 16:22:00,IBB
116.01,116.05,116.01,116.0438,1600,2022-06-09 16:23:00,IBB
116.02,116.02,115.98,115.98,500,2022-06-09 16:24:00,IBB
115.93,115.95,115.91,115.95,3600,2022-06-09 16:25:00,IBB
115.97,116.0,115.97,116.0,1201,2022-06-09 16:26:00,IBB
116.0,116.0,115.92,115.92,300,2022-06-09 16:27:00,IBB
115.96,115.97,115.96,115.97,200,2022-06-09 16:28:00,IBB
116.01,116.01,116.0,116.0,400,2022-06-09 16:29:00,IBB
115.995,116.02,115.96,115.96,1400,2022-06-09 16:30:00,IBB
115.95,115.95,115.9,115.9,1400,2022-06-09 16:31:00,IBB
115.89,115.89,115.81,115.82,500,2022-06-09 16:32:00,IBB
115.81,115.9566,115.81,115.93,1688,2022-06-09 16:33:00,IBB
115.95,115.96,115.93,115.93,612,2022-06-09 16:34:00,IBB
115.93,115.98,115.93,115.98,600,2022-06-09 16:35:00,IBB
115.98,115.98,115.88,115.91,700,2022-06-09 16:36:00,IBB
115.92,115.92,115.8901,115.8901,425,2022-06-09 16:37:00,IBB
115.85,115.9,115.85,115.9,1000,2022-06-09 16:38:00,IBB
115.87,115.9,115.87,115.9,600,2022-06-09 16:39:00,IBB
115.93,115.97,115.9,115.92,1513,2022-06-09 16:40:00,IBB
115.89,115.96,115.86,115.96,1395,2022-06-09 16:41:00,IBB
115.95,116.0,115.95,115.9882,1660,2022-06-09 16:42:00,IBB
115.985,116.01,115.9,116.0099,8891,2022-06-09 16:43:00,IBB
116.01,116.08,116.01,116.0399,3644,2022-06-09 16:44:00,IBB
116.03,116.07,115.9801,115.995,6756,2022-06-09 16:45:00,IBB
115.99,116.02,115.96,116.01,5335,2022-06-09 16:46:00,IBB
116.01,116.02,115.98,115.99,3200,2022-06-09 16:47:00,IBB
115.9844,115.99,115.9686,115.98,600,2022-06-09 16:48:00,IBB
115.96,115.99,115.94,115.97,1450,2022-06-09 16:49:00,IBB
115.97,116.05,115.96,116.01,2254,2022-06-09 16:50:00,IBB
115.9901,116.06,115.9901,116.02,1600,2022-06-09 16:51:00,IBB
115.99,115.99,115.97,115.97,600,2022-06-09 16:52:00,IBB
115.97,116.0,115.95,115.95,1512,2022-06-09 16:53:00,IBB
115.96,115.96,115.81,115.81,2000,2022-06-09 16:54:00,IBB
115.83,115.85,115.735,115.735,627,2022-06-09 16:55:00,IBB
115.72,115.77,115.7,115.77,3600,2022-06-09 16:56:00,IBB
115.7801,115.8,115.78,115.8,745,2022-06-09 16:57:00,IBB
115.8333,115.93,115.8333,115.92,4468,2022-06-09 16:58:00,IBB
115.93,116.05,115.93,115.98,3744,2022-06-09 16:59:00,IBB
116.01,116.03,115.91,115.91,1966,2022-06-09 17:00:00,IBB
115.94,115.98,115.94,115.98,2140,2022-06-09 17:01:00,IBB
115.97,116.03,115.97,116.02,600,2022-06-09 17:02:00,IBB
115.99,115.99,115.91,115.93,1574,2022-06-09 17:03:00,IBB
115.9,115.9,115.9,115.9,600,2022-06-09 17:04:00,IBB
115.88,115.99,115.88,115.99,2600,2022-06-09 17:05:00,IBB
115.99,116.07,115.99,116.07,3240,2022-06-09 17:06:00,IBB
116.08,116.13,116.01,116.01,1410,2022-06-09 17:07:00,IBB
116.01,116.05,115.99,116.05,2073,2022-06-09 17:08:00,IBB
116.04,116.08,116.02,116.02,1655,2022-06-09 17:09:00,IBB
116.04,116.08,116.01,116.08,2300,2022-06-09 17:10:00,IBB
116.09,116.12,116.09,116.11,1175,2022-06-09 17:11:00,IBB
116.13,116.13,116.05,116.05,1546,2022-06-09 17:12:00,IBB
116.04,116.06,116.0,116.0,2400,2022-06-09 17:13:00,IBB
115.98,115.98,115.95,115.98,1925,2022-06-09 17:14:00,IBB
115.97,115.98,115.97,115.98,400,2022-06-09 17:15:00,IBB
115.97,115.97,115.87,115.87,2425,2022-06-09 17:16:00,IBB
115.92,115.92,115.9,115.9,600,2022-06-09 17:17:00,IBB
115.89,115.93,115.86,115.86,1000,2022-06-09 17:18:00,IBB
115.94,115.95,115.94,115.95,400,2022-06-09 17:19:00,IBB
115.93,115.99,115.93,115.94,2135,2022-06-09 17:20:00,IBB
115.94,115.94,115.89,115.89,1100,2022-06-09 17:21:00,IBB
115.8701,115.89,115.8701,115.89,300,2022-06-09 17:22:00,IBB
115.87,115.87,115.8233,115.8233,1220,2022-06-09 17:23:00,IBB
115.8145,115.82,115.81,115.82,548,2022-06-09 17:24:00,IBB
115.81,115.87,115.81,115.87,5302,2022-06-09 17:25:00,IBB
115.83,115.83,115.81,115.81,200,2022-06-09 17:26:00,IBB
115.79,115.79,115.77,115.77,600,2022-06-09 17:27:00,IBB
115.76,115.77,115.75,115.76,1700,2022-06-09 17:28:00,IBB
115.74,115.75,115.73,115.73,1200,2022-06-09 17:29:00,IBB
115.72,115.72,115.66,115.69,1001,2022-06-09 17:30:00,IBB
115.69,115.69,115.59,115.59,8719,2022-06-09 17:31:00,IBB
115.6,115.625,115.6,115.61,1025,2022-06-09 17:32:00,IBB
115.6,115.6,115.57,115.6,3550,2022-06-09 17:33:00,IBB
115.61,115.67,115.61,115.67,763,2022-06-09 17:34:00,IBB
115.66,115.66,115.6,115.6,2500,2022-06-09 17:35:00,IBB
115.6,115.63,115.57,115.61,1243,2022-06-09 17:36:00,IBB
115.6,115.6144,115.57,115.6102,2384,2022-06-09 17:37:00,IBB
115.59,115.59,115.59,115.59,100,2022-06-09 17:38:00,IBB
115.6,115.65,115.6,115.65,1200,2022-06-09 17:39:00,IBB
115.6,115.65,115.6,115.63,1100,2022-06-09 17:40:00,IBB
115.61,115.61,115.53,115.53,1100,2022-06-09 17:41:00,IBB
115.545,115.57,115.545,115.56,400,2022-06-09 17:42:00,IBB
115.55,115.55,115.51,115.53,1723,2022-06-09 17:43:00,IBB
115.52,115.5253,115.5111,115.5111,1000,2022-06-09 17:44:00,IBB
115.49,115.49,115.4733,115.4899,1415,2022-06-09 17:45:00,IBB
115.54,115.56,115.54,115.56,400,2022-06-09 17:46:00,IBB
115.56,115.58,115.54,115.58,840,2022-06-09 17:47:00,IBB
115.53,115.58,115.53,115.58,1116,2022-06-09 17:48:00,IBB
115.57,115.57,115.53,115.53,600,2022-06-09 17:49:00,IBB
115.57,115.59,115.56,115.56,633,2022-06-09 17:50:00,IBB
115.58,115.62,115.58,115.62,1200,2022-06-09 17:51:00,IBB
115.61,115.62,115.61,115.61,300,2022-06-09 17:52:00,IBB
115.6,115.61,115.59,115.59,600,2022-06-09 17:53:00,IBB
115.61,115.61,115.59,115.6,400,2022-06-09 17:54:00,IBB
115.59,115.6,115.58,115.59,400,2022-06-09 17:55:00,IBB
115.6,115.62,115.5821,115.62,2035,2022-06-09 17:56:00,IBB
115.66,115.69,115.61,115.61,2677,2022-06-09 17:57:00,IBB
115.62,115.64,115.62,115.63,1200,2022-06-09 17:58:00,IBB
115.59,115.7,115.59,115.7,1322,2022-06-09 17:59:00,IBB
115.65,115.65,115.58,115.58,600,2022-06-09 18:00:00,IBB
115.5129,115.56,115.5129,115.56,656,2022-06-09 18:01:00,IBB
115.6,115.6,115.6,115.6,100,2022-06-09 18:02:00,IBB
115.61,115.61,115.49,115.53,2175,2022-06-09 18:03:00,IBB
115.48,115.49,115.48,115.49,660,2022-06-09 18:04:00,IBB
115.5,115.5,115.45,115.45,1150,2022-06-09 18:05:00,IBB
115.58,115.586,115.57,115.58,469,2022-06-09 18:06:00,IBB
115.58,115.6,115.57,115.6,500,2022-06-09 18:07:00,IBB
115.62,115.62,115.5901,115.5901,413,2022-06-09 18:08:00,IBB
115.6,115.61,115.5818,115.5818,537,2022-06-09 18:09:00,IBB
115.64,115.64,115.57,115.57,997,2022-06-09 18:10:00,IBB
115.57,115.61,115.57,115.58,1320,2022-06-09 18:11:00,IBB
115.54,115.54,115.5,115.5,500,2022-06-09 18:12:00,IBB
115.54,115.59,115.54,115.59,600,2022-06-09 18:13:00,IBB
115.64,115.64,115.61,115.61,1337,2022-06-09 18:14:00,IBB
115.62,115.62,115.61,115.61,687,2022-06-09 18:15:00,IBB
115.61,115.63,115.61,115.63,300,2022-06-09 18:16:00,IBB
115.6,115.61,115.58,115.58,400,2022-06-09 18:17:00,IBB
115.63,115.64,115.63,115.64,400,2022-06-09 18:18:00,IBB
115.61,115.61,115.61,115.61,100,2022-06-09 18:19:00,IBB
115.64,115.7,115.64,115.69,924,2022-06-09 18:20:00,IBB
115.69,115.69,115.6501,115.6501,700,2022-06-09 18:21:00,IBB
115.63,115.63,115.54,115.54,445,2022-06-09 18:22:00,IBB
115.5,115.53,115.5,115.53,300,2022-06-09 18:23:00,IBB
115.48,115.48,115.43,115.43,1200,2022-06-09 18:24:00,IBB
115.44,115.46,115.39,115.44,1100,2022-06-09 18:25:00,IBB
115.4789,115.49,115.47,115.47,550,2022-06-09 18:26:00,IBB
115.46,115.54,115.46,115.53,738,2022-06-09 18:27:00,IBB
115.57,115.57,115.54,115.54,975,2022-06-09 18:28:00,IBB
115.55,115.55,115.5,115.5,400,2022-06-09 18:29:00,IBB
115.48,115.48,115.39,115.4,1600,2022-06-09 18:30:00,IBB
115.39,115.41,115.35,115.35,800,2022-06-09 18:31:00,IBB
115.35,115.35,115.26,115.28,1800,2022-06-09 18:32:00,IBB
115.27,115.28,115.25,115.25,600,2022-06-09 18:33:00,IBB
115.245,115.245,115.21,115.21,1500,2022-06-09 18:34:00,IBB
115.22,115.22,115.19,115.2,1300,2022-06-09 18:35:00,IBB
115.22,115.22,115.2,115.2,900,2022-06-09 18:36:00,IBB
115.22,115.24,115.19,115.19,400,2022-06-09 18:37:00,IBB
115.19,115.22,115.19,115.2001,1317,2022-06-09 18:38:00,IBB
115.23,115.26,115.23,115.23,1000,2022-06-09 18:39:00,IBB
115.23,115.26,115.22,115.26,700,2022-06-09 18:40:00,IBB
115.26,115.34,115.26,115.34,1895,2022-06-09 18:41:00,IBB
115.35,115.35,115.28,115.29,1400,2022-06-09 18:42:00,IBB
115.28,115.31,115.26,115.31,932,2022-06-09 18:43:00,IBB
115.36,115.37,115.32,115.32,1425,2022-06-09 18:44:00,IBB
115.32,115.37,115.32,115.36,800,2022-06-09 18:45:00,IBB
115.39,115.44,115.35,115.44,2729,2022-06-09 18:46:00,IBB
115.45,115.49,115.45,115.49,500,2022-06-09 18:47:00,IBB
115.49,115.49,115.45,115.48,1400,2022-06-09 18:48:00,IBB
115.46,115.48,115.44,115.47,4100,2022-06-09 18:49:00,IBB
115.46,115.48,115.445,115.465,995,2022-06-09 18:50:00,IBB
115.46,115.465,115.44,115.45,2100,2022-06-09 18:51:00,IBB
115.43,115.435,115.37,115.37,4360,2022-06-09 18:52:00,IBB
115.3625,115.4,115.34,115.34,4271,2022-06-09 18:53:00,IBB
115.325,115.355,115.315,115.34,1133,2022-06-09 18:54:00,IBB
115.34,115.34,115.25,115.255,6325,2022-06-09 18:55:00,IBB
115.24,115.31,115.22,115.31,8420,2022-06-09 18:56:00,IBB
115.32,115.32,115.26,115.29,2198,2022-06-09 18:57:00,IBB
115.29,115.295,115.25,115.25,3000,2022-06-09 18:58:00,IBB
115.25,115.25,115.1001,115.1001,8731,2022-06-09 18:59:00,IBB
115.08,115.16,115.08,115.11,6456,2022-06-09 19:00:00,IBB
115.07,115.07,115.0,115.0,905,2022-06-09 19:01:00,IBB
114.99,115.03,114.99,115.02,3000,2022-06-09 19:02:00,IBB
115.0,115.0,114.9668,114.9668,5665,2022-06-09 19:03:00,IBB
114.97,114.97,114.86,114.88,10601,2022-06-09 19:04:00,IBB
114.86,114.9,114.84,114.84,2500,2022-06-09 19:05:00,IBB
114.83,114.89,114.83,114.8499,2227,2022-06-09 19:06:00,IBB
114.86,114.86,114.8,114.82,1300,2022-06-09 19:07:00,IBB
114.77,114.87,114.77,114.87,1515,2022-06-09 19:08:00,IBB
114.85,114.87,114.85,114.87,2172,2022-06-09 19:09:00,IBB
114.89,114.89,114.83,114.84,1600,2022-06-09 19:10:00,IBB
114.83,114.87,114.8261,114.86,400,2022-06-09 19:11:00,IBB
114.87,114.88,114.85,114.87,400,2022-06-09 19:12:00,IBB
114.87,114.87,114.83,114.83,400,2022-06-09 19:13:00,IBB
114.82,114.855,114.82,114.85,600,2022-06-09 19:14:00,IBB
114.81,114.85,114.81,114.85,1029,2022-06-09 19:15:00,IBB
114.8595,114.93,114.8595,114.87,2443,2022-06-09 19:16:00,IBB
114.87,114.87,114.84,114.87,3535,2022-06-09 19:17:00,IBB
114.88,114.9373,114.88,114.92,1311,2022-06-09 19:18:00,IBB
114.9093,114.97,114.9093,114.93,2080,2022-06-09 19:19:00,IBB
114.9,114.98,114.9,114.98,1100,2022-06-09 19:20:00,IBB
114.93,114.93,114.88,114.9,774,2022-06-09 19:21:00,IBB
114.88,114.88,114.83,114.85,700,2022-06-09 19:22:00,IBB
114.8567,114.9,114.83,114.9,1050,2022-06-09 19:23:00,IBB
114.88,114.9,114.88,114.89,600,2022-06-09 19:24:00,IBB
114.89,114.9,114.84,114.84,1034,2022-06-09 19:25:00,IBB
114.85,114.86,114.82,114.83,1800,2022-06-09 19:26:00,IBB
114.8,114.85,114.79,114.81,1000,2022-06-09 19:27:00,IBB
114.78,114.82,114.74,114.74,1598,2022-06-09 19:28:00,IBB
114.7,114.7,114.62,114.62,3511,2022-06-09 19:29:00,IBB
114.63,114.64,114.6,114.62,1600,2022-06-09 19:30:00,IBB
114.61,114.67,114.6,114.67,2500,2022-06-09 19:31:00,IBB
114.7,114.745,114.6901,114.7,2467,2022-06-09 19:32:00,IBB
114.69,114.73,114.67,114.67,39013,2022-06-09 19:33:00,IBB
114.65,114.69,114.65,114.67,900,2022-06-09 19:34:00,IBB
114.65,114.73,114.6131,114.6131,2808,2022-06-09 19:35:00,IBB
114.64,114.72,114.64,114.72,1408,2022-06-09 19:36:00,IBB
114.74,114.74,114.655,114.68,700,2022-06-09 19:37:00,IBB
114.67,114.73,114.67,114.73,1348,2022-06-09 19:38:00,IBB
114.72,114.77,114.6862,114.7,2403,2022-06-09 19:39:00,IBB
114.68,114.68,114.57,114.59,4409,2022-06-09 19:40:00,IBB
114.57,114.58,114.48,114.5,12405,2022-06-09 19:41:00,IBB
114.5,114.61,114.5,114.5781,9948,2022-06-09 19:42:00,IBB
114.57,114.58,114.48,114.492,17886,2022-06-09 19:43:00,IBB
114.5,114.52,114.37,114.37,6859,2022-06-09 19:44:00,IBB
114.37,114.38,114.29,114.3,5930,2022-06-09 19:45:00,IBB
114.28,114.3,114.25,114.27,4091,2022-06-09 19:46:00,IBB
114.25,114.27,114.22,114.22,3936,2022-06-09 19:47:00,IBB
114.22,114.23,114.175,114.175,3038,2022-06-09 19:48:00,IBB
114.18,114.21,114.15,114.2,7041,2022-06-09 19:49:00,IBB
114.12,114.23,114.03,114.22,14212,2022-06-09 19:50:00,IBB
114.21,114.22,114.12,114.15,6400,2022-06-09 19:51:00,IBB
114.16,114.3,114.16,114.29,6268,2022-06-09 19:52:00,IBB
114.28,114.28,114.1,114.1,4681,2022-06-09 19:53:00,IBB
114.1,114.19,114.09,114.19,6370,2022-06-09 19:54:00,IBB
114.19,114.21,114.015,114.015,5732,2022-06-09 19:55:00,IBB
113.98,114.0,113.925,113.99,7654,2022-06-09 19:56:00,IBB
113.98,113.985,113.9,113.9218,4629,2022-06-09 19:57:00,IBB
113.94,113.98,113.92,113.92,16730,2022-06-09 19:58:00,IBB
113.92,113.98,113.9,113.9,16677,2022-06-09 19:59:00,IBB
113.98,113.98,113.98,113.98,32115,2022-06-09 20:00:00,IBB
113.98,113.98,113.98,113.98,1278,2022-06-09 20:02:00,IBB
113.98,113.98,113.98,113.98,376,2022-06-09 20:16:00,IBB
113.98,113.98,113.98,113.98,2016,2022-06-09 20:33:00,IBB
114.14,114.14,114.14,114.14,100,2022-06-09 21:00:00,IBB
114.11,114.11,114.11,114.11,699,2022-06-09 21:28:00,IBB
114.11,114.11,114.11,114.11,170,2022-06-09 21:57:00,IBB
113.89,113.89,113.89,113.89,100,2022-06-10 10:27:00,IBB
113.47,113.47,113.47,113.47,120,2022-06-10 11:20:00,IBB
113.63,113.63,113.63,113.63,198,2022-06-10 12:08:00,IBB
113.5,113.5,113.48,113.48,800,2022-06-10 12:30:00,IBB
112.07,112.27,111.65,111.91,92443,2022-06-10 13:30:00,IBB
111.9,112.145,111.87,112.145,1550,2022-06-10 13:31:00,IBB
112.155,112.24,111.85,111.93,7223,2022-06-10 13:32:00,IBB
112.0,112.0458,111.61,111.61,5280,2022-06-10 13:33:00,IBB
111.68,111.77,111.49,111.49,4206,2022-06-10 13:34:00,IBB
111.509,111.58,111.49,111.5,1720,2022-06-10 13:35:00,IBB
111.44,111.6074,111.4,111.6074,3126,2022-06-10 13:36:00,IBB
111.56,111.68,111.39,111.42,3520,2022-06-10 13:37:00,IBB
111.45,111.45,111.21,111.33,8884,2022-06-10 13:38:00,IBB
111.37,111.52,111.32,111.48,6539,2022-06-10 13:39:00,IBB
111.46,111.525,111.39,111.39,10655,2022-06-10 13:40:00,IBB
111.38,111.65,111.38,111.63,3762,2022-06-10 13:41:00,IBB
111.72,111.84,111.52,111.78,10435,2022-06-10 13:42:00,IBB
111.76,111.99,111.73,111.73,5418,2022-06-10 13:43:00,IBB
111.645,111.645,111.25,111.56,15461,2022-06-10 13:44:00,IBB
111.54,111.5663,111.51,111.54,4745,2022-06-10 13:45:00,IBB
111.51,111.51,111.34,111.47,8330,2022-06-10 13:46:00,IBB
111.36,111.59,111.36,111.5,2900,2022-06-10 13:47:00,IBB
111.39,111.45,111.37,111.38,14818,2022-06-10 13:48:00,IBB
111.485,111.7,111.485,111.56,4929,2022-06-10 13:49:00,IBB
111.56,111.63,111.4496,111.4496,2800,2022-06-10 13:50:00,IBB
111.435,111.51,111.39,111.46,7706,2022-06-10 13:51:00,IBB
111.48,111.5,111.25,111.37,3346,2022-06-10 13:52:00,IBB
111.34,111.41,111.32,111.37,1200,2022-06-10 13:53:00,IBB
111.33,111.33,111.27,111.31,1114,2022-06-10 13:54:00,IBB
111.35,111.46,111.34,111.38,1100,2022-06-10 13:55:00,IBB
111.34,111.34,111.23,111.275,3421,2022-06-10 13:56:00,IBB
111.29,111.54,111.27,111.52,13834,2022-06-10 13:57:00,IBB
111.51,111.57,111.32,111.325,3704,2022-06-10 13:58:00,IBB
111.35,111.48,111.34,111.39,6397,2022-06-10 13:59:00,IBB
111.38,111.38,111.03,111.06,3122,2022-06-10 14:00:00,IBB
111.0,111.01,110.84,110.89,9904,2022-06-10 14:01:00,IBB
110.89,110.89,110.78,110.78,1100,2022-06-10 14:02:00,IBB
110.79,110.8,110.68,110.68,2769,2022-06-10 14:03:00,IBB
110.65,110.89,110.65,110.81,6425,2022-06-10 14:04:00,IBB
110.81,110.96,110.75,110.86,7737,2022-06-10 14:05:00,IBB
110.9,111.01,110.87,110.995,8854,2022-06-10 14:06:00,IBB
111.01,111.02,110.82,110.86,5396,2022-06-10 14:07:00,IBB
110.82,110.89,110.76,110.8,5474,2022-06-10 14:08:00,IBB
110.83,110.88,110.82,110.82,2297,2022-06-10 14:09:00,IBB
110.77,110.89,110.74,110.83,17472,2022-06-10 14:10:00,IBB
110.84,110.84,110.58,110.58,3600,2022-06-10 14:11:00,IBB
110.59,110.59,110.39,110.39,7780,2022-06-10 14:12:00,IBB
110.4,110.55,110.38,110.42,25350,2022-06-10 14:13:00,IBB
110.37,110.58,110.34,110.55,12489,2022-06-10 14:14:00,IBB
110.49,110.59,110.45,110.59,6766,2022-06-10 14:15:00,IBB
110.64,110.66,110.565,110.59,3480,2022-06-10 14:16:00,IBB
110.655,110.66,110.58,110.6,780,2022-06-10 14:17:00,IBB
110.59,110.6299,110.5,110.555,8500,2022-06-10 14:18:00,IBB
110.56,110.68,110.55,110.68,3775,2022-06-10 14:19:00,IBB
110.71,110.75,110.58,110.615,5946,2022-06-10 14:20:00,IBB
110.58,110.58,110.5457,110.5457,3421,2022-06-10 14:21:00,IBB
110.57,110.575,110.51,110.55,19935,2022-06-10 14:22:00,IBB
110.52,110.53,110.49,110.53,5736,2022-06-10 14:23:00,IBB
110.52,110.54,110.49,110.52,2964,2022-06-10 14:24:00,IBB
110.55,110.685,110.55,110.65,800,2022-06-10 14:25:00,IBB
110.67,110.68,110.635,110.68,1791,2022-06-10 14:26:00,IBB
110.66,110.725,110.62,110.62,2900,2022-06-10 14:27:00,IBB
110.63,110.69,110.52,110.52,2413,2022-06-10 14:28:00,IBB
110.51,110.56,110.5,110.54,3950,2022-06-10 14:29:00,IBB
110.49,110.55,110.46,110.5,4200,2022-06-10 14:30:00,IBB
110.51,110.5956,110.48,110.55,5673,2022-06-10 14:31:00,IBB
110.53,110.65,110.5264,110.635,2250,2022-06-10 14:32:00,IBB
110.62,110.6501,110.52,110.52,2392,2022-06-10 14:33:00,IBB
110.55,110.67,110.51,110.63,2330,2022-06-10 14:34:00,IBB
110.69,110.72,110.69,110.7,830,2022-06-10 14:35:00,IBB
110.8,110.84,110.66,110.67,920,2022-06-10 14:36:00,IBB
110.5856,110.5856,110.56,110.56,432,2022-06-10 14:37:00,IBB
110.64,110.76,110.64,110.74,3590,2022-06-10 14:38:00,IBB
110.73,110.75,110.6599,110.73,3221,2022-06-10 14:39:00,IBB
110.62,110.645,110.61,110.61,1280,2022-06-10 14:40:00,IBB
110.59,110.64,110.59,110.64,400,2022-06-10 14:41:00,IBB
110.65,110.65,110.55,110.58,2810,2022-06-10 14:42:00,IBB
110.56,110.72,110.49,110.69,4237,2022-06-10 14:43:00,IBB
110.69,110.8,110.68,110.8,2995,2022-06-10 14:44:00,IBB
110.74,110.77,110.73,110.77,1020,2022-06-10 14:45:00,IBB
110.78,110.82,110.71,110.71,2700,2022-06-10 14:46:00,IBB
110.74,110.75,110.59,110.69,3005,2022-06-10 14:47:00,IBB
110.72,110.72,110.65,110.65,2267,2022-06-10 14:48:00,IBB
110.62,110.65,110.6,110.65,1600,2022-06-10 14:49:00,IBB
110.68,110.78,110.68,110.75,2483,2022-06-10 14:50:00,IBB
110.71,110.77,110.56,110.58,4723,2022-06-10 14:51:00,IBB
110.59,110.59,110.52,110.5484,4126,2022-06-10 14:52:00,IBB
110.53,110.63,110.53,110.62,9995,2022-06-10 14:53:00,IBB
110.6202,110.65,110.56,110.65,1684,2022-06-10 14:54:00,IBB
110.63,110.65,110.56,110.56,2100,2022-06-10 14:55:00,IBB
110.57,110.61,110.45,110.59,4110,2022-06-10 14:56:00,IBB
110.56,110.6,110.5,110.5,800,2022-06-10 14:57:00,IBB
110.51,110.55,110.5,110.55,3200,2022-06-10 14:58:00,IBB
110.53,110.59,110.48,110.54,28292,2022-06-10 14:59:00,IBB
110.56,110.64,110.55,110.58,5834,2022-06-10 15:00:00,IBB
110.57,110.57,110.49,110.49,1900,2022-06-10 15:01:00,IBB
110.45,110.57,110.45,110.56,2100,2022-06-10 15:02:00,IBB
110.6066,110.7,110.58,110.68,2764,2022-06-10 15:03:00,IBB
110.68,110.7,110.62,110.62,1800,2022-06-10 15:04:00,IBB
110.5399,110.5399,110.46,110.51,2090,2022-06-10 15:05:00,IBB
110.48,110.6,110.47,110.58,10806,2022-06-10 15:06:00,IBB
110.58,110.59,110.49,110.53,3225,2022-06-10 15:07:00,IBB
110.56,110.58,110.52,110.53,5971,2022-06-10 15:08:00,IBB
110.53,110.65,110.53,110.62,5593,2022-06-10 15:09:00,IBB
110.63,110.66,110.58,110.585,6058,2022-06-10 15:10:00,IBB
110.61,110.64,110.57,110.57,6637,2022-06-10 15:11:00,IBB
110.57,110.725,110.56,110.725,5478,2022-06-10 15:12:00,IBB
110.71,110.71,110.62,110.62,4553,2022-06-10 15:13:00,IBB
110.61,110.7,110.58,110.6627,4179,2022-06-10 15:14:00,IBB
110.66,110.69,110.65,110.68,2730,2022-06-10 15:15:00,IBB
110.68,110.68,110.58,110.58,3950,2022-06-10 15:16:00,IBB
110.58,110.62,110.58,110.61,1400,2022-06-10 15:17:00,IBB
110.61,110.71,110.61,110.71,2972,2022-06-10 15:18:00,IBB
110.71,110.83,110.71,110.78,6436,2022-06-10 15:19:00,IBB
110.8,110.82,110.74,110.76,2847,2022-06-10 15:20:00,IBB
110.72,110.76,110.71,110.75,2500,2022-06-10 15:21:00,IBB
110.72,110.72,110.62,110.62,1600,2022-06-10 15:22:00,IBB
110.66,110.68,110.66,110.67,1100,2022-06-10 15:23:00,IBB
110.67,110.67,110.59,110.59,1708,2022-06-10 15:24:00,IBB
110.58,110.58,110.44,110.44,2565,2022-06-10 15:25:00,IBB
110.42,110.46,110.39,110.46,1100,2022-06-10 15:26:00,IBB
110.53,110.53,110.46,110.49,1700,2022-06-10 15:27:00,IBB
110.47,110.475,110.44,110.44,900,2022-06-10 15:28:00,IBB
110.43,110.43,110.38,110.4,4016,2022-06-10 15:29:00,IBB
110.41,110.41,110.33,110.33,7127,2022-06-10 15:30:00,IBB
110.29,110.29,110.19,110.19,3097,2022-06-10 15:31:00,IBB
110.18,110.18,110.14,110.14,800,2022-06-10 15:32:00,IBB
110.09,110.11,110.06,110.08,3184,2022-06-10 15:33:00,IBB
110.07,110.19,110.07,110.135,2685,2022-06-10 15:34:00,IBB
110.1633,110.17,110.055,110.055,2962,2022-06-10 15:35:00,IBB
110.065,110.15,110.065,110.11,3362,2022-06-10 15:36:00,IBB
110.11,110.17,110.095,110.1,2851,2022-06-10 15:37:00,IBB
110.075,110.13,110.04,110.0936,2816,2022-06-10 15:38:00,IBB
110.08,110.1,110.06,110.06,3036,2022-06-10 15:39:00,IBB
110.07,110.14,110.04,110.14,4592,2022-06-10 15:40:00,IBB
110.145,110.21,110.13,110.195,3500,2022-06-10 15:41:00,IBB
110.18,110.2,110.17,110.19,1778,2022-06-10 15:42:00,IBB
110.18,110.24,110.18,110.19,3153,2022-06-10 15:43:00,IBB
110.17,110.31,110.17,110.27,2200,2022-06-10 15:44:00,IBB
110.26,110.32,110.24,110.25,2631,2022-06-10 15:45:00,IBB
110.32,110.4,110.32,110.4,1400,2022-06-10 15:46:00,IBB
110.39,110.415,110.3,110.3,3035,2022-06-10 15:47:00,IBB
110.31,110.4,110.31,110.38,2251,2022-06-10 15:48:00,IBB
110.37,110.37,110.24,110.24,1300,2022-06-10 15:49:00,IBB
110.26,110.3,110.19,110.3,1717,2022-06-10 15:50:00,IBB
110.28,110.3465,110.28,110.3465,2938,2022-06-10 15:51:00,IBB
110.36,110.375,110.26,110.27,1900,2022-06-10 15:52:00,IBB
110.27,110.27,110.1799,110.18,1627,2022-06-10 15:53:00,IBB
110.18,110.25,110.18,110.25,2912,2022-06-10 15:54:00,IBB
110.24,110.24,110.13,110.13,1500,2022-06-10 15:55:00,IBB
110.15,110.25,110.15,110.21,1173,2022-06-10 15:56:00,IBB
110.22,110.22,110.18,110.18,1100,2022-06-10 15:57:00,IBB
110.16,110.33,110.16,110.33,1407,2022-06-10 15:58:00,IBB
110.41,110.44,110.33,110.33,3632,2022-06-10 15:59:00,IBB
110.32,110.34,110.29,110.29,700,2022-06-10 16:00:00,IBB
110.25,110.25,110.16,110.16,400,2022-06-10 16:01:00,IBB
110.21,110.21,110.17,110.19,2300,2022-06-10 16:02:00,IBB
110.16,110.25,110.16,110.25,1420,2022-06-10 16:03:00,IBB
110.24,110.24,110.18,110.2,756,2022-06-10 16:04:00,IBB
110.22,110.25,110.22,110.24,500,2022-06-10 16:05:00,IBB
110.22,110.34,110.22,110.34,1500,2022-06-10 16:06:00,IBB
110.41,110.41,110.32,110.32,897,2022-06-10 16:07:00,IBB
110.3,110.3,110.27,110.27,950,2022-06-10 16:08:00,IBB
110.28,110.28,110.28,110.28,100,2022-06-10 16:09:00,IBB
110.21,110.21,110.17,110.17,1650,2022-06-10 16:10:00,IBB
110.16,110.165,110.085,110.09,3300,2022-06-10 16:11:00,IBB
110.08,110.08,110.03,110.0399,2614,2022-06-10 16:12:00,IBB
110.03,110.035,109.995,110.009,5709,2022-06-10 16:13:00,IBB
109.99,109.99,109.95,109.96,4720,2022-06-10 16:14:00,IBB
109.95,109.9561,109.9,109.9,3022,2022-06-10 16:15:00,IBB
109.86,109.92,109.86,109.883,2651,2022-06-10 16:16:00,IBB
109.86,109.88,109.83,109.85,2200,2022-06-10 16:17:00,IBB
109.83,109.83,109.8,109.81,1500,2022-06-10 16:18:00,IBB
109.805,109.805,109.805,109.805,200,2022-06-10 16:19:00,IBB
109.87,109.89,109.87,109.89,700,2022-06-10 16:20:00,IBB
109.9,109.955,109.88,109.88,1100,2022-06-10 16:21:00,IBB
109.85,109.93,109.85,109.93,511,2022-06-10 16:22:00,IBB
110.02,110.06,109.98,109.98,1400,2022-06-10 16:23:00,IBB
109.95,109.95,109.92,109.939,1002,2022-06-10 16:24:00,IBB
109.91,109.96,109.89,109.925,1257,2022-06-10 16:25:00,IBB
109.93,109.965,109.93,109.94,838,2022-06-10 16:26:00,IBB
109.93,109.93,109.89,109.89,910,2022-06-10 16:27:00,IBB
109.88,109.899,109.85,109.85,1700,2022-06-10 16:28:00,IBB
109.87,109.9401,109.87,109.9401,600,2022-06-10 16:29:00,IBB
110.0,110.1,110.0,110.07,3400,2022-06-10 16:30:00,IBB
110.07,110.1,110.04,110.1,2000,2022-06-10 16:31:00,IBB
110.1,110.15,110.04,110.04,1700,2022-06-10 16:32:00,IBB
110.05,110.06,110.01,110.01,2000,2022-06-10 16:33:00,IBB
110.015,110.0597,110.01,110.05,2738,2022-06-10 16:34:00,IBB
110.0281,110.115,110.0281,110.115,2178,2022-06-10 16:35:00,IBB
110.08,110.1017,110.04,110.1,1610,2022-06-10 16:36:00,IBB
110.12,110.12,110.08,110.08,700,2022-06-10 16:37:00,IBB
110.16,110.19,110.15,110.19,400,2022-06-10 16:38:00,IBB
110.16,110.21,110.15,110.2,4313,2022-06-10 16:39:00,IBB
110.1951,110.25,110.18,110.25,2754,2022-06-10 16:40:00,IBB
110.23,110.37,110.23,110.36,2100,2022-06-10 16:41:00,IBB
110.38,110.42,110.38,110.39,434,2022-06-10 16:42:00,IBB
110.35,110.38,110.35,110.38,400,2022-06-10 16:43:00,IBB
110.39,110.41,110.3163,110.32,1100,2022-06-10 16:44:00,IBB
110.34,110.37,110.31,110.31,1900,2022-06-10 16:45:00,IBB
110.26,110.27,110.18,110.18,900,2022-06-10 16:46:00,IBB
110.17,110.19,110.09,110.1,1200,2022-06-10 16:47:00,IBB
110.08,110.14,110.08,110.14,1000,2022-06-10 16:48:00,IBB
110.13,110.13,110.1,110.1099,1300,2022-06-10 16:49:00,IBB
110.11,110.11,110.04,110.06,600,2022-06-10 16:50:00,IBB
110.07,110.07,109.98,109.98,600,2022-06-10 16:51:00,IBB
109.9775,109.98,109.9,109.93,2619,2022-06-10 16:52:00,IBB
109.96,109.99,109.96,109.99,300,2022-06-10 16:53:00,IBB
109.98,109.98,109.97,109.97,202,2022-06-10 16:54:00,IBB
109.93,109.93,109.88,109.89,612,2022-06-10 16:55:00,IBB
110.0,110.03,110.0,110.001,1675,2022-06-10 16:57:00,IBB
110.02,110.02,110.0,110.0,1000,2022-06-10 16:58:00,IBB
110.01,110.01,110.01,110.01,100,2022-06-10 16:59:00,IBB
110.05,110.05,109.93,109.93,500,2022-06-10 17:00:00,IBB
109.92,109.92,109.84,109.84,659,2022-06-10 17:01:00,IBB
109.859,109.859,109.83,109.84,300,2022-06-10 17:02:00,IBB
109.82,109.82,109.78,109.78,800,2022-06-10 17:03:00,IBB
109.84,109.88,109.84,109.88,320,2022-06-10 17:04:00,IBB
109.82,109.84,109.8,109.84,500,2022-06-10 17:05:00,IBB
109.78,109.78,109.78,109.78,126,2022-06-10 17:06:00,IBB
109.7951,109.9,109.78,109.87,1226,2022-06-10 17:07:00,IBB
109.95,109.95,109.89,109.89,1102,2022-06-10 17:08:00,IBB
109.9001,109.9001,109.9,109.9,200,2022-06-10 17:09:00,IBB
109.94,109.95,109.87,109.9,1300,2022-06-10 17:10:00,IBB
109.86,109.87,109.86,109.86,300,2022-06-10 17:11:00,IBB
109.82,109.83,109.75,109.76,1807,2022-06-10 17:12:00,IBB
109.75,109.76,109.72,109.73,1957,2022-06-10 17:13:00,IBB
109.8,109.81,109.8,109.8,1200,2022-06-10 17:14:00,IBB
109.78,109.79,109.76,109.76,900,2022-06-10 17:15:00,IBB
109.76,109.82,109.76,109.79,1711,2022-06-10 17:16:00,IBB
109.8,109.87,109.8,109.87,1300,2022-06-10 17:17:00,IBB
109.87,109.958,109.87,109.9368,1650,2022-06-10 17:18:00,IBB
109.92,110.05,109.92,110.02,1700,2022-06-10 17:19:00,IBB
110.01,110.01,109.94,109.94,500,2022-06-10 17:20:00,IBB
109.9,109.91,109.88,109.9,800,2022-06-10 17:21:00,IBB
109.92,109.92,109.88,109.88,500,2022-06-10 17:22:00,IBB
109.89,109.929,109.89,109.91,600,2022-06-10 17:23:00,IBB
109.9,109.91,109.88,109.91,924,2022-06-10 17:24:00,IBB
109.92,109.97,109.92,109.96,1000,2022-06-10 17:25:00,IBB
110.0,110.01,109.99,109.99,596,2022-06-10 17:26:00,IBB
110.02,110.02,110.02,110.02,865,2022-06-10 17:27:00,IBB
110.04,110.06,110.02,110.02,1544,2022-06-10 17:28:00,IBB
110.03,110.07,110.0299,110.07,1400,2022-06-10 17:29:00,IBB
110.07,110.07,110.0,110.0,1000,2022-06-10 17:30:00,IBB
109.99,110.03,109.94,109.99,10754,2022-06-10 17:31:00,IBB
109.96,109.97,109.92,109.95,2501,2022-06-10 17:32:00,IBB
109.95,109.97,109.91,109.93,2045,2022-06-10 17:33:00,IBB
109.91,110.0,109.886,110.0,2670,2022-06-10 17:34:00,IBB
110.04,110.11,110.04,110.08,4175,2022-06-10 17:35:00,IBB
110.13,110.165,110.11,110.165,1141,2022-06-10 17:36:00,IBB
110.19,110.19,110.1,110.1,2500,2022-06-10 17:37:00,IBB
110.11,110.11,110.0433,110.0433,286,2022-06-10 17:38:00,IBB
110.0799,110.17,110.07,110.17,2469,2022-06-10 17:39:00,IBB
110.22,110.22,110.13,110.13,700,2022-06-10 17:40:00,IBB
110.14,110.14,110.1,110.12,1926,2022-06-10 17:41:00,IBB
110.14,110.2261,110.14,110.2261,912,2022-06-10 17:42:00,IBB
110.26,110.3002,110.24,110.24,7930,2022-06-10 17:43:00,IBB
110.21,110.21,110.18,110.2,1286,2022-06-10 17:44:00,IBB
110.2,110.2,110.13,110.2,1600,2022-06-10 17:45:00,IBB
110.29,110.42,110.25,110.42,1000,2022-06-10 17:46:00,IBB
110.39,110.39,110.25,110.26,1400,2022-06-10 17:47:00,IBB
110.27,110.315,110.26,110.315,1800,2022-06-10 17:48:00,IBB
110.43,110.5,110.38,110.5,2300,2022-06-10 17:49:00,IBB
110.52,110.58,110.52,110.52,400,2022-06-10 17:50:00,IBB
110.5699,110.57,110.4386,110.4386,1300,2022-06-10 17:51:00,IBB
110.4,110.41,110.38,110.41,900,2022-06-10 17:52:00,IBB
110.43,110.43,110.35,110.35,2095,2022-06-10 17:53:00,IBB
110.43,110.44,110.4,110.4,900,2022-06-10 17:54:00,IBB
110.39,110.39,110.3201,110.34,1500,2022-06-10 17:55:00,IBB
110.3,110.3,110.26,110.2799,1636,2022-06-10 17:56:00,IBB
110.28,110.28,110.2,110.2,400,2022-06-10 17:57:00,IBB
110.17,110.21,110.11,110.15,1300,2022-06-10 17:58:00,IBB
110.17,110.19,110.17,110.1899,300,2022-06-10 17:59:00,IBB
110.22,110.22,110.15,110.15,700,2022-06-10 18:00:00,IBB
110.07,110.08,110.07,110.08,600,2022-06-10 18:01:00,IBB
110.1,110.1,110.01,110.04,1000,2022-06-10 18:02:00,IBB
110.03,110.06,110.02,110.04,2699,2022-06-10 18:03:00,IBB
110.02,110.03,109.97,109.98,827,2022-06-10 18:04:00,IBB
109.98,110.03,109.98,110.03,1400,2022-06-10 18:05:00,IBB
110.11,110.11,110.08,110.09,900,2022-06-10 18:06:00,IBB
110.12,110.12,110.05,110.05,1400,2022-06-10 18:07:00,IBB
110.08,110.138,110.05,110.138,1500,2022-06-10 18:08:00,IBB
110.11,110.14,110.09,110.14,1400,2022-06-10 18:09:00,IBB
110.13,110.17,110.13,110.13,800,2022-06-10 18:10:00,IBB
110.1,110.17,110.07,110.17,1100,2022-06-10 18:11:00,IBB
110.17,110.21,110.14,110.14,1100,2022-06-10 18:12:00,IBB
110.13,110.14,110.0863,110.14,1451,2022-06-10 18:13:00,IBB
110.17,110.17,110.13,110.13,2395,2022-06-10 18:14:00,IBB
110.11,110.11,110.08,110.085,700,2022-06-10 18:15:00,IBB
110.06,110.14,110.06,110.14,1035,2022-06-10 18:16:00,IBB
110.23,110.23,110.2,110.21,1382,2022-06-10 18:17:00,IBB
110.27,110.27,110.22,110.25,1100,2022-06-10 18:18:00,IBB
110.3,110.37,110.3,110.35,1660,2022-06-10 18:19:00,IBB
110.35,110.42,110.33,110.39,1425,2022-06-10 18:20:00,IBB
110.39,110.44,110.39,110.43,900,2022-06-10 18:21:00,IBB
110.44,110.45,110.44,110.44,400,2022-06-10 18:22:00,IBB
110.45,110.53,110.44,110.53,800,2022-06-10 18:23:00,IBB
110.51,110.51,110.46,110.46,500,2022-06-10 18:24:00,IBB
110.5,110.52,110.48,110.48,500,2022-06-10 18:25:00,IBB
110.42,110.43,110.4,110.4,500,2022-06-10 18:26:00,IBB
110.43,110.43,110.35,110.35,900,2022-06-10 18:27:00,IBB
110.36,110.36,110.21,110.22,2664,2022-06-10 18:28:00,IBB
110.24,110.31,110.235,110.31,3805,2022-06-10 18:29:00,IBB
110.29,110.37,110.29,110.34,1996,2022-06-10 18:30:00,IBB
110.35,110.42,110.34,110.41,1100,2022-06-10 18:31:00,IBB
110.41,110.41,110.36,110.41,1600,2022-06-10 18:32:00,IBB
110.43,110.47,110.43,110.46,1200,2022-06-10 18:33:00,IBB
110.45,110.48,110.44,110.44,1289,2022-06-10 18:34:00,IBB
110.4,110.4,110.32,110.32,800,2022-06-10 18:35:00,IBB
110.32,110.405,110.32,110.38,1200,2022-06-10 18:36:00,IBB
110.37,110.37,110.2134,110.2134,49069,2022-06-10 18:37:00,IBB
110.23,110.265,110.21,110.265,2135,2022-06-10 18:38:00,IBB
110.31,110.31,110.22,110.22,7900,2022-06-10 18:39:00,IBB
110.21,110.21,110.15,110.2,1531,2022-06-10 18:40:00,IBB
110.2179,110.2179,110.11,110.11,919,2022-06-10 18:41:00,IBB
110.14,110.17,110.14,110.15,520,2022-06-10 18:42:00,IBB
110.17,110.19,110.17,110.18,700,2022-06-10 18:43:00,IBB
110.15,110.19,110.15,110.18,886,2022-06-10 18:44:00,IBB
110.2,110.29,110.2,110.22,1318,2022-06-10 18:45:00,IBB
110.21,110.23,110.17,110.21,1400,2022-06-10 18:46:00,IBB
110.25,110.29,110.25,110.29,1270,2022-06-10 18:47:00,IBB
110.29,110.36,110.29,110.36,1900,2022-06-10 18:48:00,IBB
110.35,110.44,110.29,110.44,1598,2022-06-10 18:49:00,IBB
110.44,110.44,110.35,110.35,1000,2022-06-10 18:50:00,IBB
110.38,110.41,110.3718,110.4081,1615,2022-06-10 18:51:00,IBB
110.3819,110.44,110.3819,110.43,1484,2022-06-10 18:52:00,IBB
110.37,110.37,110.35,110.35,1354,2022-06-10 18:53:00,IBB
110.36,110.49,110.36,110.49,1233,2022-06-10 18:54:00,IBB
110.48,110.54,110.45,110.46,9358,2022-06-10 18:55:00,IBB
110.46,110.57,110.46,110.55,1714,2022-06-10 18:56:00,IBB
110.54,110.6695,110.54,110.64,3743,2022-06-10 18:57:00,IBB
110.63,110.75,110.63,110.75,2500,2022-06-10 18:58:00,IBB
110.75,110.81,110.7093,110.7093,4585,2022-06-10 18:59:00,IBB
110.68,110.76,110.68,110.76,1178,2022-06-10 19:00:00,IBB
110.74,110.76,110.63,110.63,3585,2022-06-10 19:01:00,IBB
110.62,110.62,110.52,110.52,1762,2022-06-10 19:02:00,IBB
110.52,110.52,110.38,110.39,1336,2022-06-10 19:03:00,IBB
110.39,110.395,110.38,110.395,1646,2022-06-10 19:04:00,IBB
110.39,110.41,110.34,110.38,3400,2022-06-10 19:05:00,IBB
110.34,110.485,110.34,110.485,2200,2022-06-10 19:06:00,IBB
110.47,110.51,110.44,110.51,1300,2022-06-10 19:07:00,IBB
110.51,110.51,110.4,110.4,2947,2022-06-10 19:08:00,IBB
110.42,110.47,110.42,110.43,3000,2022-06-10 19:09:00,IBB
110.44,110.569,110.43,110.56,6162,2022-06-10 19:10:00,IBB
110.56,110.61,110.53,110.61,3172,2022-06-10 19:11:00,IBB
110.67,110.69,110.6,110.63,2184,2022-06-10 19:12:00,IBB
110.63,110.7,110.63,110.7,1400,2022-06-10 19:13:00,IBB
110.69,110.69,110.65,110.67,912,2022-06-10 19:14:00,IBB
110.64,110.75,110.62,110.72,1900,2022-06-10 19:15:00,IBB
110.74,110.76,110.68,110.69,3650,2022-06-10 19:16:00,IBB
110.725,110.83,110.725,110.745,7852,2022-06-10 19:17:00,IBB
110.76,110.85,110.76,110.83,2600,2022-06-10 19:18:00,IBB
110.81,110.87,110.81,110.851,800,2022-06-10 19:19:00,IBB
110.83,110.83,110.67,110.69,3393,2022-06-10 19:20:00,IBB
110.7,110.75,110.6,110.61,2701,2022-06-10 19:21:00,IBB
110.62,110.62,110.54,110.55,2772,2022-06-10 19:22:00,IBB
110.59,110.63,110.55,110.61,2778,2022-06-10 19:23:00,IBB
110.66,110.81,110.66,110.8099,2715,2022-06-10 19:24:00,IBB
110.84,111.0,110.84,110.93,14654,2022-06-10 19:25:00,IBB
111.02,111.08,110.98,111.08,3700,2022-06-10 19:26:00,IBB
111.09,111.28,111.09,111.28,6004,2022-06-10 19:27:00,IBB
111.27,111.27,110.99,110.99,10518,2022-06-10 19:28:00,IBB
110.98,110.99,110.93,110.93,3559,2022-06-10 19:29:00,IBB
110.92,110.93,110.82,110.84,3300,2022-06-10 19:30:00,IBB
110.84,110.99,110.84,110.89,15127,2022-06-10 19:31:00,IBB
110.92,110.99,110.88,110.89,8006,2022-06-10 19:32:00,IBB
110.88,110.88,110.8,110.82,4927,2022-06-10 19:33:00,IBB
110.82,110.9,110.78,110.82,4850,2022-06-10 19:34:00,IBB
110.85,110.87,110.77,110.79,6340,2022-06-10 19:35:00,IBB
110.8,110.99,110.8,110.97,6043,2022-06-10 19:36:00,IBB
110.99,111.11,110.98,111.07,5015,2022-06-10 19:37:00,IBB
111.0409,111.1,110.98,111.1,6587,2022-06-10 19:38:00,IBB
111.08,111.08,110.92,110.96,6072,2022-06-10 19:39:00,IBB
110.95,111.0,110.88,110.98,12221,2022-06-10 19:40:00,IBB
110.98,110.985,110.86,110.86,9269,2022-06-10 19:41:00,IBB
110.86,110.89,110.75,110.75,7726,2022-06-10 19:42:00,IBB
110.73,110.73,110.67,110.67,7764,2022-06-10 19:43:00,IBB
110.67,110.7951,110.65,110.75,12559,2022-06-10 19:44:00,IBB
110.745,110.77,110.64,110.66,9942,2022-06-10 19:45:00,IBB
110.65,110.65,110.55,110.595,20140,2022-06-10 19:46:00,IBB
110.59,110.64,110.52,110.6,16400,2022-06-10 19:47:00,IBB
110.6,110.61,110.51,110.57,9925,2022-06-10 19:48:00,IBB
110.58,110.62,110.54,110.54,4301,2022-06-10 19:49:00,IBB
110.5,110.73,110.43,110.56,13098,2022-06-10 19:50:00,IBB
110.55,110.66,110.49,110.52,13219,2022-06-10 19:51:00,IBB
110.57,110.63,110.53,110.55,9760,2022-06-10 19:52:00,IBB
110.54,110.61,110.53,110.58,11737,2022-06-10 19:53:00,IBB
110.56,110.57,110.43,110.5,9521,2022-06-10 19:54:00,IBB
110.52,110.55,110.46,110.49,9808,2022-06-10 19:55:00,IBB
110.48,110.48,110.43,110.44,9570,2022-06-10 19:56:00,IBB
110.44,110.48,110.43,110.47,17972,2022-06-10 19:57:00,IBB
110.47,110.52,110.465,110.52,19437,2022-06-10 19:58:00,IBB
110.5,110.5,110.36,110.36,24176,2022-06-10 19:59:00,IBB
110.48,110.48,110.48,110.48,26424,2022-06-10 20:00:00,IBB
110.48,110.48,110.48,110.48,608,2022-06-10 20:02:00,IBB
110.3,110.3,110.3,110.3,18600,2022-06-10 20:03:00,IBB
110.48,110.48,110.48,110.48,545,2022-06-10 20:24:00,IBB
110.4806,110.4806,110.4806,110.4806,100,2022-06-10 20:38:00,IBB
110.4806,110.4806,110.4806,110.4806,100,2022-06-10 20:39:00,IBB
110.48,110.48,110.48,110.48,7746,2022-06-10 20:46:00,IBB
110.48,110.49,110.48,110.48,2210,2022-06-10 21:12:00,IBB
110.5,110.5,110.48,110.48,1490,2022-06-10 21:21:00,IBB
110.5,110.5,110.5,110.5,100,2022-06-10 23:20:00,IBB
108.01,108.01,108.01,108.01,291,2022-06-13 08:17:00,IBB
107.75,107.75,107.75,107.75,100,2022-06-13 08:18:00,IBB
107.75,107.75,107.75,107.75,1100,2022-06-13 09:56:00,IBB
108.0,108.0,108.0,108.0,100,2022-06-13 10:08:00,IBB
108.0,108.0,108.0,108.0,300,2022-06-13 10:10:00,IBB
108.0,108.0,108.0,108.0,1388,2022-06-13 10:14:00,IBB
107.95,107.95,107.95,107.95,100,2022-06-13 11:04:00,IBB
107.81,107.81,107.8,107.8,2300,2022-06-13 11:25:00,IBB
107.92,107.92,107.92,107.92,100,2022-06-13 11:32:00,IBB
107.88,107.88,107.88,107.88,100,2022-06-13 11:39:00,IBB
108.04,108.04,108.04,108.04,200,2022-06-13 12:02:00,IBB
107.92,107.92,107.92,107.92,180,2022-06-13 12:55:00,IBB
107.92,107.92,107.92,107.92,188,2022-06-13 12:59:00,IBB
107.75,107.75,107.75,107.75,200,2022-06-13 13:27:00,IBB
107.75,107.75,107.75,107.75,100,2022-06-13 13:29:00,IBB
107.62,107.9,107.48,107.55,51287,2022-06-13 13:30:00,IBB
107.72,107.87,107.58,107.86,16599,2022-06-13 13:31:00,IBB
107.74,107.83,107.64,107.82,10532,2022-06-13 13:32:00,IBB
107.88,108.21,107.88,108.21,8960,2022-06-13 13:33:00,IBB
108.154,108.17,108.01,108.01,5724,2022-06-13 13:34:00,IBB
107.85,107.85,107.63,107.64,5370,2022-06-13 13:35:00,IBB
107.65,107.73,107.59,107.73,4584,2022-06-13 13:36:00,IBB
107.68,107.83,107.6225,107.7766,3788,2022-06-13 13:37:00,IBB
107.7,107.73,107.61,107.69,5076,2022-06-13 13:38:00,IBB
107.73,107.74,107.52,107.52,4128,2022-06-13 13:39:00,IBB
107.5,107.6,107.405,107.41,6056,2022-06-13 13:40:00,IBB
107.41,107.44,107.3,107.355,8750,2022-06-13 13:41:00,IBB
107.29,107.33,107.025,107.04,9261,2022-06-13 13:42:00,IBB
107.08,107.21,106.96,107.1619,6595,2022-06-13 13:43:00,IBB
107.157,107.16,107.07,107.09,6924,2022-06-13 13:44:00,IBB
107.05,107.18,106.95,107.151,6630,2022-06-13 13:45:00,IBB
107.12,107.24,107.06,107.06,8821,2022-06-13 13:46:00,IBB
107.07,107.09,106.95,106.99,6499,2022-06-13 13:47:00,IBB
106.97,107.0,106.87,106.87,5334,2022-06-13 13:48:00,IBB
106.89,106.94,106.82,106.82,5918,2022-06-13 13:49:00,IBB
106.82,106.87,106.69,106.75,15771,2022-06-13 13:50:00,IBB
106.725,106.79,106.67,106.72,8138,2022-06-13 13:51:00,IBB
106.73,106.75,106.61,106.61,17149,2022-06-13 13:52:00,IBB
106.62,106.75,106.53,106.69,30444,2022-06-13 13:53:00,IBB
106.71,106.73,106.62,106.62,4611,2022-06-13 13:54:00,IBB
106.61,106.67,106.555,106.555,9350,2022-06-13 13:55:00,IBB
106.6,106.68,106.59,106.65,4069,2022-06-13 13:56:00,IBB
106.64,106.64,106.51,106.525,10025,2022-06-13 13:57:00,IBB
106.51,106.62,106.51,106.62,2793,2022-06-13 13:58:00,IBB
106.66,106.69,106.5,106.53,6492,2022-06-13 13:59:00,IBB
106.49,106.64,106.47,106.53,4023,2022-06-13 14:00:00,IBB
106.5,106.51,106.42,106.49,4839,2022-06-13 14:01:00,IBB
106.48,106.5,106.43,106.44,3153,2022-06-13 14:02:00,IBB
106.44,106.53,106.37,106.37,4764,2022-06-13 14:03:00,IBB
106.36,106.36,106.25,106.27,10961,2022-06-13 14:04:00,IBB
106.27,106.61,106.23,106.61,30402,2022-06-13 14:05:00,IBB
106.59,106.59,106.44,106.45,13482,2022-06-13 14:06:00,IBB
106.43,106.6,106.43,106.5,4445,2022-06-13 14:07:00,IBB
106.49,106.51,106.4,106.4,2600,2022-06-13 14:08:00,IBB
106.4,106.43,106.35,106.36,3281,2022-06-13 14:09:00,IBB
106.35,106.41,106.25,106.25,6865,2022-06-13 14:10:00,IBB
106.25,106.26,106.16,106.23,10404,2022-06-13 14:11:00,IBB
106.25,106.5,106.24,106.465,12291,2022-06-13 14:12:00,IBB
106.4408,106.46,106.39,106.39,5750,2022-06-13 14:13:00,IBB
106.4,106.44,106.28,106.28,3800,2022-06-13 14:14:00,IBB
106.27,106.34,106.22,106.22,6030,2022-06-13 14:15:00,IBB
106.21,106.22,106.13,106.13,3200,2022-06-13 14:16:00,IBB
106.14,106.15,106.09,106.12,2100,2022-06-13 14:17:00,IBB
106.1,106.1,105.96,105.97,6210,2022-06-13 14:18:00,IBB
105.96,106.08,105.95,106.03,6545,2022-06-13 14:19:00,IBB
106.02,106.12,106.02,106.095,2612,2022-06-13 14:20:00,IBB
106.1,106.15,106.07,106.11,5003,2022-06-13 14:21:00,IBB
106.11,106.15,105.93,105.96,14386,2022-06-13 14:22:00,IBB
105.93,105.93,105.82,105.82,3374,2022-06-13 14:23:00,IBB
105.81,105.95,105.79,105.86,4054,2022-06-13 14:24:00,IBB
105.9,105.99,105.9,105.9,2000,2022-06-13 14:25:00,IBB
105.9,105.91,105.8,105.82,2553,2022-06-13 14:26:00,IBB
105.83,105.85,105.8,105.8,2921,2022-06-13 14:27:00,IBB
105.9,105.92,105.86,105.87,1905,2022-06-13 14:28:00,IBB
105.96,106.01,105.92,105.96,3957,2022-06-13 14:29:00,IBB
105.94,106.0,105.82,105.83,12388,2022-06-13 14:30:00,IBB
105.82,105.91,105.78,105.91,2100,2022-06-13 14:31:00,IBB
105.95,105.96,105.85,105.92,2577,2022-06-13 14:32:00,IBB
105.91,105.95,105.89,105.94,4152,2022-06-13 14:33:00,IBB
106.02,106.0301,105.94,105.96,17065,2022-06-13 14:34:00,IBB
105.95,105.95,105.89,105.925,1136,2022-06-13 14:35:00,IBB
105.96,106.03,105.88,105.88,2100,2022-06-13 14:36:00,IBB
105.88,105.88,105.832,105.85,1170,2022-06-13 14:37:00,IBB
105.77,105.86,105.77,105.86,1654,2022-06-13 14:38:00,IBB
105.84,105.89,105.84,105.85,2150,2022-06-13 14:39:00,IBB
105.83,105.83,105.76,105.77,1000,2022-06-13 14:40:00,IBB
105.72,105.72,105.62,105.64,2567,2022-06-13 14:41:00,IBB
105.63,105.7,105.6,105.6118,3695,2022-06-13 14:42:00,IBB
105.61,105.61,105.48,105.48,4169,2022-06-13 14:43:00,IBB
105.47,105.5053,105.46,105.46,1575,2022-06-13 14:44:00,IBB
105.45,105.46,105.41,105.43,2900,2022-06-13 14:45:00,IBB
105.43,105.45,105.41,105.43,3180,2022-06-13 14:46:00,IBB
105.42,105.43,105.38,105.42,4193,2022-06-13 14:47:00,IBB
105.41,105.49,105.4,105.48,1537,2022-06-13 14:48:00,IBB
105.48,105.54,105.48,105.53,1364,2022-06-13 14:49:00,IBB
105.53,105.54,105.48,105.5,9140,2022-06-13 14:50:00,IBB
105.5,105.53,105.49,105.51,4100,2022-06-13 14:51:00,IBB
105.51,105.69,105.51,105.62,3235,2022-06-13 14:52:00,IBB
105.61,105.695,105.6,105.68,8969,2022-06-13 14:53:00,IBB
105.7,105.7078,105.65,105.65,1700,2022-06-13 14:54:00,IBB
105.675,105.675,105.59,105.59,3300,2022-06-13 14:55:00,IBB
105.605,105.66,105.605,105.63,2088,2022-06-13 14:56:00,IBB
105.65,105.75,105.65,105.75,2200,2022-06-13 14:57:00,IBB
105.74,105.7766,105.71,105.74,1999,2022-06-13 14:58:00,IBB
105.74,105.76,105.64,105.64,1645,2022-06-13 14:59:00,IBB
105.63,105.68,105.6,105.65,5300,2022-06-13 15:00:00,IBB
105.64,105.7402,105.6,105.72,8900,2022-06-13 15:01:00,IBB
105.71,105.8,105.71,105.8,2775,2022-06-13 15:02:00,IBB
105.8,105.8,105.612,105.612,3803,2022-06-13 15:03:00,IBB
105.61,105.63,105.57,105.61,5488,2022-06-13 15:04:00,IBB
105.6,105.6,105.52,105.52,5194,2022-06-13 15:05:00,IBB
105.54,105.69,105.54,105.69,4330,2022-06-13 15:06:00,IBB
105.68,105.69,105.61,105.69,3325,2022-06-13 15:07:00,IBB
105.72,105.73,105.66,105.66,2398,2022-06-13 15:08:00,IBB
105.67,105.7001,105.66,105.66,3733,2022-06-13 15:09:00,IBB
105.61,105.61,105.51,105.54,2200,2022-06-13 15:10:00,IBB
105.57,105.61,105.544,105.58,3648,2022-06-13 15:11:00,IBB
105.61,105.68,105.558,105.56,2547,2022-06-13 15:12:00,IBB
105.57,105.62,105.543,105.59,4050,2022-06-13 15:13:00,IBB
105.6,105.71,105.6,105.69,3668,2022-06-13 15:14:00,IBB
105.7,105.92,105.7,105.91,4300,2022-06-13 15:15:00,IBB
105.92,106.01,105.92,105.95,4563,2022-06-13 15:16:00,IBB
105.94,105.9644,105.92,105.9644,1800,2022-06-13 15:17:00,IBB
105.96,106.04,105.96,106.01,3719,2022-06-13 15:18:00,IBB
106.06,106.1,106.03,106.09,15236,2022-06-13 15:19:00,IBB
106.07,106.19,106.05,106.17,3350,2022-06-13 15:20:00,IBB
106.2,106.2,106.11,106.18,1200,2022-06-13 15:21:00,IBB
106.16,106.21,106.16,106.2,743,2022-06-13 15:22:00,IBB
106.16,106.27,106.16,106.25,1693,2022-06-13 15:23:00,IBB
106.25,106.34,106.23,106.34,2864,2022-06-13 15:24:00,IBB
106.36,106.39,106.24,106.24,8345,2022-06-13 15:25:00,IBB
106.23,106.23,106.14,106.15,3678,2022-06-13 15:26:00,IBB
106.16,106.22,106.16,106.22,2400,2022-06-13 15:27:00,IBB
106.19,106.19,106.09,106.09,1287,2022-06-13 15:28:00,IBB
106.08,106.12,106.07,106.08,2771,2022-06-13 15:29:00,IBB
106.115,106.18,106.05,106.085,12325,2022-06-13 15:30:00,IBB
106.1,106.13,106.04,106.05,5300,2022-06-13 15:31:00,IBB
106.06,106.065,105.99,105.99,2400,2022-06-13 15:32:00,IBB
106.01,106.1,106.01,106.0918,7455,2022-06-13 15:33:00,IBB
106.1,106.11,106.05,106.09,17469,2022-06-13 15:34:00,IBB
106.08,106.21,106.06,106.2,3103,2022-06-13 15:35:00,IBB
106.17,106.17,106.05,106.15,3202,2022-06-13 15:36:00,IBB
106.14,106.15,106.09,106.15,3245,2022-06-13 15:37:00,IBB
106.16,106.27,106.16,106.24,2494,2022-06-13 15:38:00,IBB
106.36,106.39,106.35,106.39,11452,2022-06-13 15:39:00,IBB
106.41,106.47,106.4,106.44,2229,2022-06-13 15:40:00,IBB
106.44,106.44,106.2,106.2,8965,2022-06-13 15:41:00,IBB
106.25,106.3032,106.21,106.3032,1000,2022-06-13 15:42:00,IBB
106.38,106.4,106.33,106.39,2550,2022-06-13 15:43:00,IBB
106.36,106.36,106.31,106.31,1500,2022-06-13 15:44:00,IBB
106.29,106.29,106.23,106.24,2286,2022-06-13 15:45:00,IBB
106.23,106.23,106.19,106.21,3800,2022-06-13 15:46:00,IBB
106.16,106.17,106.06,106.06,3986,2022-06-13 15:47:00,IBB
106.07,106.12,106.06,106.11,2734,2022-06-13 15:48:00,IBB
106.125,106.16,106.11,106.125,6580,2022-06-13 15:49:00,IBB
106.11,106.24,106.06,106.07,33128,2022-06-13 15:50:00,IBB
106.05,106.06,105.98,105.99,4028,2022-06-13 15:51:00,IBB
105.96,106.06,105.93,105.94,13508,2022-06-13 15:52:00,IBB
105.92,105.97,105.9,105.97,1629,2022-06-13 15:53:00,IBB
105.97,106.0,105.9,105.92,6164,2022-06-13 15:54:00,IBB
105.93,105.98,105.91,105.94,1600,2022-06-13 15:55:00,IBB
105.9154,106.02,105.91,106.005,2546,2022-06-13 15:56:00,IBB
106.0,106.03,105.97,105.97,2487,2022-06-13 15:57:00,IBB
105.99,106.05,105.96,106.05,2059,2022-06-13 15:58:00,IBB
106.05,106.07,106.01,106.02,1940,2022-06-13 15:59:00,IBB
106.02,106.02,105.955,105.97,2050,2022-06-13 16:00:00,IBB
105.97,105.99,105.92,105.98,2184,2022-06-13 16:01:00,IBB
105.97,106.15,105.965,106.1,2712,2022-06-13 16:02:00,IBB
106.06,106.06,105.8,105.82,3422,2022-06-13 16:03:00,IBB
105.81,105.85,105.79,105.8,2225,2022-06-13 16:04:00,IBB
105.8,105.82,105.78,105.82,776,2022-06-13 16:05:00,IBB
105.84,105.86,105.79,105.83,3727,2022-06-13 16:06:00,IBB
105.8,105.83,105.72,105.83,4550,2022-06-13 16:07:00,IBB
105.81,106.04,105.81,106.04,2126,2022-06-13 16:08:00,IBB
106.09,106.15,106.02,106.02,1930,2022-06-13 16:09:00,IBB
105.98,106.07,105.96,106.07,2027,2022-06-13 16:10:00,IBB
106.05,106.1,106.04,106.065,3000,2022-06-13 16:11:00,IBB
106.05,106.16,106.04,106.16,15541,2022-06-13 16:12:00,IBB
106.14,106.2,106.06,106.06,3433,2022-06-13 16:13:00,IBB
106.09,106.14,106.09,106.14,5440,2022-06-13 16:14:00,IBB
106.16,106.22,106.16,106.21,3855,2022-06-13 16:15:00,IBB
106.23,106.28,106.13,106.13,22949,2022-06-13 16:16:00,IBB
106.11,106.11,106.03,106.04,4276,2022-06-13 16:17:00,IBB
106.02,106.05,106.0,106.03,15416,2022-06-13 16:18:00,IBB
106.05,106.06,106.01,106.04,7718,2022-06-13 16:19:00,IBB
106.05,106.11,106.05,106.11,1000,2022-06-13 16:20:00,IBB
106.14,106.17,106.12,106.14,2618,2022-06-13 16:21:00,IBB
106.17,106.21,106.11,106.19,1200,2022-06-13 16:22:00,IBB
106.18,106.19,105.99,105.99,13649,2022-06-13 16:23:00,IBB
105.99,106.09,105.98,106.07,1010,2022-06-13 16:24:00,IBB
106.13,106.29,106.13,106.26,3512,2022-06-13 16:25:00,IBB
106.3,106.35,106.22,106.26,1983,2022-06-13 16:26:00,IBB
106.28,106.31,106.25,106.3,1100,2022-06-13 16:27:00,IBB
106.28,106.3,106.24,106.25,2668,2022-06-13 16:28:00,IBB
106.28,106.31,106.22,106.3,4768,2022-06-13 16:29:00,IBB
106.29,106.29,106.22,106.28,5173,2022-06-13 16:30:00,IBB
106.28,106.44,106.28,106.44,2502,2022-06-13 16:31:00,IBB
106.44,106.48,106.43,106.46,4958,2022-06-13 16:32:00,IBB
106.49,106.7,106.46,106.69,6486,2022-06-13 16:33:00,IBB
106.77,106.8,106.73,106.79,2742,2022-06-13 16:34:00,IBB
106.79,106.91,106.79,106.91,3900,2022-06-13 16:35:00,IBB
106.92,106.95,106.84,106.95,2189,2022-06-13 16:36:00,IBB
106.93,106.99,106.92,106.98,2728,2022-06-13 16:37:00,IBB
106.97,107.14,106.95,107.13,2400,2022-06-13 16:38:00,IBB
107.15,107.15,107.01,107.01,4400,2022-06-13 16:39:00,IBB
107.07,107.07,106.98,106.98,3234,2022-06-13 16:40:00,IBB
107.0,107.0,106.86,106.86,6657,2022-06-13 16:41:00,IBB
106.81,106.81,106.72,106.77,6250,2022-06-13 16:42:00,IBB
106.725,106.725,106.68,106.69,1525,2022-06-13 16:43:00,IBB
106.66,106.66,106.52,106.55,8534,2022-06-13 16:44:00,IBB
106.55,106.6,106.55,106.58,2900,2022-06-13 16:45:00,IBB
106.6,106.61,106.54,106.56,4333,2022-06-13 16:46:00,IBB
106.58,106.5967,106.51,106.51,3684,2022-06-13 16:47:00,IBB
106.52,106.57,106.49,106.52,1200,2022-06-13 16:48:00,IBB
106.51,106.51,106.46,106.47,2262,2022-06-13 16:49:00,IBB
106.43,106.45,106.39,106.42,2548,2022-06-13 16:50:00,IBB
106.42,106.42,106.34,106.36,2884,2022-06-13 16:51:00,IBB
106.37,106.46,106.36,106.46,1946,2022-06-13 16:52:00,IBB
106.46,106.46,106.38,106.39,1860,2022-06-13 16:53:00,IBB
106.39,106.39,106.26,106.27,5498,2022-06-13 16:54:00,IBB
106.26,106.3,106.26,106.28,500,2022-06-13 16:55:00,IBB
106.28,106.28,106.22,106.22,1900,2022-06-13 16:56:00,IBB
106.3,106.3,106.21,106.21,1210,2022-06-13 16:57:00,IBB
106.13,106.17,106.1,106.16,2552,2022-06-13 16:58:00,IBB
106.13,106.13,106.11,106.11,1100,2022-06-13 16:59:00,IBB
106.12,106.12,106.06,106.08,2261,2022-06-13 17:00:00,IBB
106.06,106.09,106.03,106.03,1540,2022-06-13 17:01:00,IBB
106.05,106.05,106.01,106.01,1100,2022-06-13 17:02:00,IBB
106.01,106.01,105.96,105.96,1294,2022-06-13 17:03:00,IBB
105.93,105.97,105.92,105.97,1700,2022-06-13 17:04:00,IBB
105.95,105.96,105.94,105.95,1020,2022-06-13 17:05:00,IBB
105.93,106.03,105.93,106.02,1600,2022-06-13 17:06:00,IBB
106.01,106.01,105.94,105.94,1400,2022-06-13 17:07:00,IBB
105.94,106.01,105.94,106.0,2588,2022-06-13 17:08:00,IBB
105.99,106.0,105.98,106.0,790,2022-06-13 17:09:00,IBB
105.98,106.0,105.95,105.97,2476,2022-06-13 17:10:00,IBB
105.96,105.96,105.9,105.94,900,2022-06-13 17:11:00,IBB
105.97,105.99,105.95,105.99,900,2022-06-13 17:12:00,IBB
105.98,105.98,105.93,105.93,1200,2022-06-13 17:13:00,IBB
105.97,106.02,105.96,106.01,1739,2022-06-13 17:14:00,IBB
106.01,106.01,105.955,105.955,1941,2022-06-13 17:15:00,IBB
106.01,106.04,106.01,106.02,1300,2022-06-13 17:16:00,IBB
106.0,106.03,105.91,105.93,1881,2022-06-13 17:17:00,IBB
105.97,105.98,105.97,105.97,700,2022-06-13 17:18:00,IBB
105.95,106.0,105.94,105.99,1200,2022-06-13 17:19:00,IBB
105.99,106.01,105.97,105.97,795,2022-06-13 17:20:00,IBB
106.0,106.0,105.93,105.97,950,2022-06-13 17:21:00,IBB
105.98,105.98,105.98,105.98,100,2022-06-13 17:22:00,IBB
105.99,106.035,105.99,106.03,1002,2022-06-13 17:23:00,IBB
106.02,106.02,105.89,105.91,2059,2022-06-13 17:24:00,IBB
105.95,105.98,105.91,105.91,1374,2022-06-13 17:25:00,IBB
105.97,105.97,105.85,105.87,2700,2022-06-13 17:26:00,IBB
105.88,105.91,105.86,105.86,1662,2022-06-13 17:27:00,IBB
105.87,105.9101,105.85,105.9101,1600,2022-06-13 17:28:00,IBB
105.94,105.96,105.91,105.95,1800,2022-06-13 17:29:00,IBB
105.95,105.97,105.94,105.952,1415,2022-06-13 17:30:00,IBB
105.9501,106.04,105.95,106.01,3163,2022-06-13 17:31:00,IBB
105.97,105.97,105.94,105.94,2100,2022-06-13 17:32:00,IBB
105.93,105.93,105.8501,105.91,3115,2022-06-13 17:33:00,IBB
105.9,105.93,105.89,105.91,1169,2022-06-13 17:34:00,IBB
105.91,105.96,105.9,105.96,400,2022-06-13 17:35:00,IBB
106.0301,106.09,106.0301,106.06,3515,2022-06-13 17:36:00,IBB
106.09,106.12,106.07,106.07,1360,2022-06-13 17:37:00,IBB
106.11,106.15,106.11,106.14,1544,2022-06-13 17:38:00,IBB
106.15,106.23,106.15,106.23,3633,2022-06-13 17:39:00,IBB
106.27,106.29,106.26,106.28,1212,2022-06-13 17:40:00,IBB
106.29,106.38,106.28,106.38,4525,2022-06-13 17:41:00,IBB
106.38,106.51,106.38,106.51,2942,2022-06-13 17:42:00,IBB
106.51,106.59,106.51,106.56,2100,2022-06-13 17:43:00,IBB
106.56,106.63,106.53,106.63,2641,2022-06-13 17:44:00,IBB
106.64,106.64,106.57,106.59,1500,2022-06-13 17:45:00,IBB
106.61,106.69,106.61,106.69,1713,2022-06-13 17:46:00,IBB
106.7,106.74,106.7,106.73,3085,2022-06-13 17:47:00,IBB
106.74,106.74,106.71,106.71,1464,2022-06-13 17:48:00,IBB
106.76,106.76,106.71,106.73,1858,2022-06-13 17:49:00,IBB
106.72,106.76,106.67,106.67,2977,2022-06-13 17:50:00,IBB
106.72,106.72,106.69,106.69,600,2022-06-13 17:51:00,IBB
106.67,106.69,106.58,106.58,51625,2022-06-13 17:52:00,IBB
106.55,106.55,106.52,106.52,1585,2022-06-13 17:53:00,IBB
106.52,106.59,106.52,106.59,2000,2022-06-13 17:54:00,IBB
106.61,106.67,106.57,106.67,4088,2022-06-13 17:55:00,IBB
106.73,106.735,106.67,106.67,1000,2022-06-13 17:56:00,IBB
106.66,106.7,106.66,106.7,2535,2022-06-13 17:57:00,IBB
106.7,106.7,106.64,106.67,2023,2022-06-13 17:58:00,IBB
106.68,106.71,106.675,106.71,2244,2022-06-13 17:59:00,IBB
106.69,106.69,106.61,106.61,1250,2022-06-13 18:00:00,IBB
106.62,106.62,106.59,106.59,2770,2022-06-13 18:01:00,IBB
106.6,106.6001,106.59,106.59,1332,2022-06-13 18:02:00,IBB
106.6,106.63,106.54,106.62,3300,2022-06-13 18:03:00,IBB
106.63,106.67,106.58,106.58,3801,2022-06-13 18:04:00,IBB
106.58,106.58,106.52,106.53,500,2022-06-13 18:05:00,IBB
106.54,106.69,106.54,106.57,5030,2022-06-13 18:06:00,IBB
106.595,106.595,106.54,106.54,1096,2022-06-13 18:07:00,IBB
106.57,106.61,106.56,106.6,2100,2022-06-13 18:08:00,IBB
106.6,106.62,106.56,106.56,1984,2022-06-13 18:09:00,IBB
106.53,106.53,106.44,106.44,1240,2022-06-13 18:10:00,IBB
106.46,106.47,106.42,106.42,3735,2022-06-13 18:11:00,IBB
106.43,106.579,106.43,106.55,5431,2022-06-13 18:12:00,IBB
106.58,106.58,106.5,106.51,1600,2022-06-13 18:13:00,IBB
106.47,106.47,106.41,106.42,2750,2022-06-13 18:14:00,IBB
106.4,106.52,106.4,106.5,10127,2022-06-13 18:15:00,IBB
106.51,106.58,106.509,106.56,4581,2022-06-13 18:16:00,IBB
106.58,106.58,106.47,106.47,1607,2022-06-13 18:17:00,IBB
106.46,106.51,106.46,106.51,954,2022-06-13 18:18:00,IBB
106.52,106.54,106.5064,106.535,2496,2022-06-13 18:19:00,IBB
106.56,106.61,106.54,106.55,4517,2022-06-13 18:20:00,IBB
106.64,106.66,106.59,106.59,1460,2022-06-13 18:21:00,IBB
106.55,106.639,106.55,106.639,1936,2022-06-13 18:22:00,IBB
106.61,106.62,106.58,106.59,3583,2022-06-13 18:23:00,IBB
106.58,106.62,106.58,106.61,3367,2022-06-13 18:24:00,IBB
106.57,106.66,106.57,106.64,2412,2022-06-13 18:25:00,IBB
106.65,106.66,106.62,106.62,1500,2022-06-13 18:26:00,IBB
106.63,106.67,106.62,106.66,3041,2022-06-13 18:27:00,IBB
106.64,106.65,106.62,106.639,3079,2022-06-13 18:28:00,IBB
106.62,106.69,106.6,106.6,3025,2022-06-13 18:29:00,IBB
106.59,106.64,106.58,106.59,2527,2022-06-13 18:30:00,IBB
106.58,106.58,106.43,106.43,900,2022-06-13 18:31:00,IBB
106.4,106.4,106.3,106.31,2857,2022-06-13 18:32:00,IBB
106.32,106.41,106.3,106.41,5589,2022-06-13 18:33:00,IBB
106.41,106.5,106.41,106.49,4357,2022-06-13 18:34:00,IBB
106.49,106.57,106.48,106.56,30951,2022-06-13 18:35:00,IBB
106.58,106.74,106.56,106.7101,6125,2022-06-13 18:36:00,IBB
106.74,106.85,106.72,106.72,3967,2022-06-13 18:37:00,IBB
106.73,106.76,106.65,106.655,4678,2022-06-13 18:38:00,IBB
106.64,106.73,106.64,106.72,1100,2022-06-13 18:39:00,IBB
106.71,106.77,106.71,106.74,1300,2022-06-13 18:40:00,IBB
106.7,106.84,106.7,106.84,1609,2022-06-13 18:41:00,IBB
106.79,106.79,106.6801,106.71,3183,2022-06-13 18:42:00,IBB
106.7,106.7,106.63,106.63,1200,2022-06-13 18:43:00,IBB
106.62,106.7,106.62,106.69,1900,2022-06-13 18:44:00,IBB
106.7,106.73,106.68,106.73,1100,2022-06-13 18:45:00,IBB
106.76,106.79,106.7,106.72,2922,2022-06-13 18:46:00,IBB
106.69,106.71,106.6329,106.6329,3409,2022-06-13 18:47:00,IBB
106.65,106.71,106.65,106.71,900,2022-06-13 18:48:00,IBB
106.71,106.72,106.6333,106.72,6445,2022-06-13 18:49:00,IBB
106.71,106.71,106.65,106.65,1740,2022-06-13 18:50:00,IBB
106.65,106.71,106.65,106.66,3801,2022-06-13 18:51:00,IBB
106.66,106.66,106.55,106.55,2216,2022-06-13 18:52:00,IBB
106.54,106.6,106.54,106.6,1200,2022-06-13 18:53:00,IBB
106.59,106.68,106.57,106.65,5293,2022-06-13 18:54:00,IBB
106.64,106.64,106.56,106.57,1850,2022-06-13 18:55:00,IBB
106.57,106.58,106.525,106.53,3524,2022-06-13 18:56:00,IBB
106.52,106.52,106.39,106.415,1586,2022-06-13 18:57:00,IBB
106.415,106.49,106.39,106.47,3250,2022-06-13 18:58:00,IBB
106.48,106.49,106.33,106.34,2667,2022-06-13 18:59:00,IBB
106.36,106.39,106.34,106.35,1624,2022-06-13 19:00:00,IBB
106.35,106.35,106.28,106.28,2700,2022-06-13 19:01:00,IBB
106.28,106.3,106.255,106.255,1400,2022-06-13 19:02:00,IBB
106.24,106.54,106.24,106.54,3814,2022-06-13 19:03:00,IBB
106.5,106.56,106.5,106.53,1306,2022-06-13 19:04:00,IBB
106.51,106.55,106.49,106.49,2729,2022-06-13 19:05:00,IBB
106.47,106.48,106.39,106.39,2000,2022-06-13 19:06:00,IBB
106.36,106.45,106.35,106.45,2945,2022-06-13 19:07:00,IBB
106.43,106.49,106.41,106.41,3009,2022-06-13 19:08:00,IBB
106.4,106.41,106.3799,106.3799,2045,2022-06-13 19:09:00,IBB
106.375,106.375,106.31,106.31,705,2022-06-13 19:10:00,IBB
106.345,106.3701,106.32,106.35,14026,2022-06-13 19:11:00,IBB
106.38,106.4,106.38,106.4,3194,2022-06-13 19:12:00,IBB
106.38,106.39,106.28,106.305,26275,2022-06-13 19:13:00,IBB
106.31,106.35,106.27,106.3,3111,2022-06-13 19:14:00,IBB
106.29,106.29,106.1,106.11,9853,2022-06-13 19:15:00,IBB
106.15,106.48,106.14,106.46,13326,2022-06-13 19:16:00,IBB
106.46,106.79,106.41,106.42,16820,2022-06-13 19:17:00,IBB
106.48,106.55,106.34,106.4,6972,2022-06-13 19:18:00,IBB
106.39,106.56,106.32,106.48,6133,2022-06-13 19:19:00,IBB
106.45,106.5401,106.38,106.44,8040,2022-06-13 19:20:00,IBB
106.44,106.45,106.33,106.34,3804,2022-06-13 19:21:00,IBB
106.32,106.35,106.23,106.23,9296,2022-06-13 19:22:00,IBB
106.22,106.22,106.13,106.14,4199,2022-06-13 19:23:00,IBB
106.13,106.2,106.0899,106.0899,7804,2022-06-13 19:24:00,IBB
106.07,106.14,106.03,106.09,2988,2022-06-13 19:25:00,IBB
106.07,106.09,105.99,105.99,5911,2022-06-13 19:26:00,IBB
105.98,106.0,105.93,105.99,5613,2022-06-13 19:27:00,IBB
105.99,106.01,105.95,105.955,2606,2022-06-13 19:28:00,IBB
105.95,105.99,105.91,105.91,7595,2022-06-13 19:29:00,IBB
105.91,105.93,105.83,105.93,4872,2022-06-13 19:30:00,IBB
105.92,106.04,105.92,105.97,4933,2022-06-13 19:31:00,IBB
105.96,105.96,105.92,105.92,3793,2022-06-13 19:32:00,IBB
105.92,105.99,105.85,105.94,12706,2022-06-13 19:33:00,IBB
105.96,105.99,105.93,105.98,6619,2022-06-13 19:34:00,IBB
105.99,106.08,105.97,106.04,6433,2022-06-13 19:35:00,IBB
106.04,106.13,106.03,106.09,6719,2022-06-13 19:36:00,IBB
106.11,106.21,106.11,106.13,6739,2022-06-13 19:37:00,IBB
106.12,106.12,105.93,105.93,7058,2022-06-13 19:38:00,IBB
105.9272,105.9272,105.84,105.85,6026,2022-06-13 19:39:00,IBB
105.85,105.89,105.84,105.89,4531,2022-06-13 19:40:00,IBB
105.86,105.89,105.84,105.85,6439,2022-06-13 19:41:00,IBB
105.85,105.88,105.78,105.81,11287,2022-06-13 19:42:00,IBB
105.8,105.8,105.72,105.75,8900,2022-06-13 19:43:00,IBB
105.75,105.87,105.75,105.8,10626,2022-06-13 19:44:00,IBB
105.77,105.91,105.75,105.8901,7584,2022-06-13 19:45:00,IBB
105.895,105.91,105.79,105.83,14294,2022-06-13 19:46:00,IBB
105.82,105.88,105.77,105.88,9771,2022-06-13 19:47:00,IBB
105.88,105.96,105.86,105.86,8421,2022-06-13 19:48:00,IBB
105.89,105.91,105.74,105.81,12285,2022-06-13 19:49:00,IBB
105.82,105.85,105.51,105.53,27462,2022-06-13 19:50:00,IBB
105.5,105.64,105.5,105.57,10154,2022-06-13 19:51:00,IBB
105.58,105.74,105.58,105.67,11359,2022-06-13 19:52:00,IBB
105.67,105.83,105.67,105.75,14074,2022-06-13 19:53:00,IBB
105.74,105.88,105.74,105.88,12316,2022-06-13 19:54:00,IBB
105.86,106.0,105.84,106.0,15018,2022-06-13 19:55:00,IBB
106.02,106.06,105.96,105.96,12771,2022-06-13 19:56:00,IBB
105.9584,105.99,105.87,105.98,10823,2022-06-13 19:57:00,IBB
105.99,106.0064,105.92,105.94,15271,2022-06-13 19:58:00,IBB
105.96,106.06,105.93,105.98,32269,2022-06-13 19:59:00,IBB
105.97,105.97,105.97,105.97,13666,2022-06-13 20:00:00,IBB
105.97,105.97,105.97,105.97,16147,2022-06-13 20:18:00,IBB
105.97,105.97,105.97,105.97,485,2022-06-13 20:38:00,IBB
105.9533,105.9533,105.9533,105.9533,11739,2022-06-13 20:40:00,IBB
105.97,105.97,105.97,105.97,1271,2022-06-13 20:53:00,IBB
106.4,106.565,106.34,106.54,24218,2022-06-14 13:30:00,IBB
106.56,106.57,106.07,106.08,3245,2022-06-14 13:31:00,IBB
106.04,106.1,106.0,106.0,3730,2022-06-14 13:32:00,IBB
105.97,106.16,105.93,106.16,2782,2022-06-14 13:33:00,IBB
106.12,106.12,105.82,105.82,3468,2022-06-14 13:34:00,IBB
105.82,105.9,105.73,105.799,4100,2022-06-14 13:35:00,IBB
105.82,105.95,105.73,105.94,5154,2022-06-14 13:36:00,IBB
106.02,106.08,105.8,106.02,17165,2022-06-14 13:37:00,IBB
106.01,106.11,106.01,106.02,4314,2022-06-14 13:38:00,IBB
106.04,106.0809,105.91,105.98,7010,2022-06-14 13:39:00,IBB
105.96,106.0,105.84,105.94,2144,2022-06-14 13:40:00,IBB
105.93,106.09,105.93,106.02,1773,2022-06-14 13:41:00,IBB
106.02,106.02,105.77,105.82,4225,2022-06-14 13:42:00,IBB
105.7935,105.8,105.52,105.62,4268,2022-06-14 13:43:00,IBB
105.55,105.6,105.26,105.26,1785,2022-06-14 13:44:00,IBB
105.3,105.4,105.3,105.4,6271,2022-06-14 13:45:00,IBB
105.41,105.48,105.37,105.48,2930,2022-06-14 13:46:00,IBB
105.5099,105.51,105.33,105.43,4859,2022-06-14 13:47:00,IBB
105.44,105.45,105.2406,105.37,9780,2022-06-14 13:48:00,IBB
105.32,105.44,105.29,105.31,4111,2022-06-14 13:49:00,IBB
105.34,105.37,105.27,105.29,3600,2022-06-14 13:50:00,IBB
105.24,105.4471,105.24,105.39,2146,2022-06-14 13:51:00,IBB
105.35,105.49,105.34,105.48,1500,2022-06-14 13:52:00,IBB
105.47,105.47,105.32,105.368,2150,2022-06-14 13:53:00,IBB
105.34,105.715,105.32,105.715,1300,2022-06-14 13:54:00,IBB
105.725,105.83,105.725,105.8162,3409,2022-06-14 13:55:00,IBB
105.8,105.87,105.76,105.87,1400,2022-06-14 13:56:00,IBB
105.9,106.02,105.89,106.0,1700,2022-06-14 13:57:00,IBB
106.1,106.13,106.03,106.08,2800,2022-06-14 13:58:00,IBB
106.14,106.29,106.14,106.255,3157,2022-06-14 13:59:00,IBB
106.21,106.44,106.21,106.33,3600,2022-06-14 14:00:00,IBB
106.3,106.3,106.21,106.22,1606,2022-06-14 14:01:00,IBB
106.19,106.4,106.19,106.4,1500,2022-06-14 14:02:00,IBB
106.47,106.47,106.3474,106.3474,3400,2022-06-14 14:03:00,IBB
106.32,106.32,106.15,106.15,2043,2022-06-14 14:04:00,IBB
106.19,106.2,106.08,106.2,1791,2022-06-14 14:05:00,IBB
106.2,106.21,106.15,106.17,582,2022-06-14 14:06:00,IBB
106.1,106.26,106.1,106.23,2535,2022-06-14 14:07:00,IBB
106.05,106.06,105.82,105.82,1900,2022-06-14 14:08:00,IBB
105.84,105.87,105.75,105.76,4077,2022-06-14 14:09:00,IBB
105.76,105.76,105.5,105.5,4122,2022-06-14 14:10:00,IBB
105.5,105.545,105.39,105.42,46617,2022-06-14 14:11:00,IBB
105.455,105.49,105.4,105.47,4166,2022-06-14 14:12:00,IBB
105.5,105.5,105.29,105.36,6060,2022-06-14 14:13:00,IBB
105.34,105.41,105.3,105.34,3452,2022-06-14 14:14:00,IBB
105.32,105.35,105.12,105.14,4350,2022-06-14 14:15:00,IBB
105.17,105.35,105.16,105.31,2600,2022-06-14 14:16:00,IBB
105.29,105.4315,105.285,105.35,4817,2022-06-14 14:17:00,IBB
105.36,105.45,105.34,105.4,2400,2022-06-14 14:18:00,IBB
105.34,105.37,105.31,105.31,1423,2022-06-14 14:19:00,IBB
105.22,105.22,104.97,104.9714,4538,2022-06-14 14:20:00,IBB
104.96,105.12,104.96,105.12,3448,2022-06-14 14:21:00,IBB
105.1,105.22,105.09,105.22,2273,2022-06-14 14:22:00,IBB
105.2,105.21,105.03,105.09,3538,2022-06-14 14:23:00,IBB
105.07,105.1,105.01,105.03,2600,2022-06-14 14:24:00,IBB
104.96,104.96,104.9,104.93,7012,2022-06-14 14:25:00,IBB
104.95,105.04,104.91,105.04,2200,2022-06-14 14:26:00,IBB
105.06,105.06,104.96,104.98,800,2022-06-14 14:27:00,IBB
104.98,105.02,104.96,105.01,1420,2022-06-14 14:28:00,IBB
104.96,104.99,104.89,104.91,3329,2022-06-14 14:29:00,IBB
104.91,104.9299,104.73,104.74,3850,2022-06-14 14:30:00,IBB
104.83,105.06,104.83,105.04,3400,2022-06-14 14:31:00,IBB
105.07,105.08,105.01,105.04,1500,2022-06-14 14:32:00,IBB
104.92,104.92,104.8,104.82,1800,2022-06-14 14:33:00,IBB
104.8,104.89,104.77,104.88,1400,2022-06-14 14:34:00,IBB
104.91,105.02,104.9,104.95,4326,2022-06-14 14:35:00,IBB
104.94,105.06,104.91,105.06,1552,2022-06-14 14:36:00,IBB
105.13,105.16,104.95,105.0198,7752,2022-06-14 14:37:00,IBB
105.0,105.03,105.0,105.02,500,2022-06-14 14:38:00,IBB
105.04,105.07,104.94,104.99,900,2022-06-14 14:39:00,IBB
105.02,105.06,105.0,105.0,1675,2022-06-14 14:40:00,IBB
104.96,104.97,104.95,104.97,500,2022-06-14 14:41:00,IBB
104.95,104.95,104.76,104.76,2679,2022-06-14 14:42:00,IBB
104.75,104.77,104.67,104.67,5000,2022-06-14 14:43:00,IBB
104.67,104.85,104.67,104.85,1845,2022-06-14 14:44:00,IBB
104.86,105.0,104.86,104.9466,2481,2022-06-14 14:45:00,IBB
104.94,105.21,104.94,105.19,1700,2022-06-14 14:46:00,IBB
105.295,105.38,105.295,105.36,1998,2022-06-14 14:47:00,IBB
105.35,105.49,105.34,105.49,1123,2022-06-14 14:48:00,IBB
105.47,105.67,105.47,105.67,1335,2022-06-14 14:49:00,IBB
105.68,105.7,105.57,105.69,4890,2022-06-14 14:50:00,IBB
105.72,105.73,105.61,105.71,1201,2022-06-14 14:51:00,IBB
105.7,105.85,105.7,105.85,1392,2022-06-14 14:52:00,IBB
105.8,105.8,105.58,105.66,3100,2022-06-14 14:53:00,IBB
105.67,105.67,105.49,105.5,1200,2022-06-14 14:54:00,IBB
105.44,105.53,105.44,105.49,1100,2022-06-14 14:55:00,IBB
105.48,105.53,105.48,105.5,634,2022-06-14 14:56:00,IBB
105.51,105.6,105.51,105.5748,598,2022-06-14 14:57:00,IBB
105.585,105.62,105.51,105.51,28400,2022-06-14 14:58:00,IBB
105.51,105.535,105.45,105.52,19871,2022-06-14 14:59:00,IBB
105.48,105.5,105.46,105.47,2374,2022-06-14 15:00:00,IBB
105.5,105.61,105.5,105.5,4045,2022-06-14 15:01:00,IBB
105.58,105.65,105.58,105.59,770,2022-06-14 15:02:00,IBB
105.52,105.58,105.49,105.51,2300,2022-06-14 15:03:00,IBB
105.51,105.54,105.51,105.54,815,2022-06-14 15:04:00,IBB
105.52,105.52,105.36,105.44,2386,2022-06-14 15:05:00,IBB
105.46,105.46,105.33,105.3583,1915,2022-06-14 15:06:00,IBB
105.28,105.35,105.28,105.35,1239,2022-06-14 15:07:00,IBB
105.39,105.45,105.37,105.37,800,2022-06-14 15:08:00,IBB
105.35,105.41,105.35,105.36,2122,2022-06-14 15:09:00,IBB
105.37,105.41,105.37,105.37,1771,2022-06-14 15:10:00,IBB
105.4069,105.4069,105.32,105.32,1031,2022-06-14 15:11:00,IBB
105.36,105.37,105.29,105.29,900,2022-06-14 15:12:00,IBB
105.26,105.315,105.26,105.315,600,2022-06-14 15:13:00,IBB
105.35,105.4,105.35,105.4,1378,2022-06-14 15:14:00,IBB
105.39,105.39,105.37,105.37,700,2022-06-14 15:15:00,IBB
105.4,105.48,105.34,105.34,2666,2022-06-14 15:16:00,IBB
105.43,105.59,105.43,105.55,1708,2022-06-14 15:17:00,IBB
105.59,105.63,105.56,105.58,1601,2022-06-14 15:18:00,IBB
105.53,105.7,105.53,105.7,2278,2022-06-14 15:19:00,IBB
105.7,105.77,105.59,105.59,2800,2022-06-14 15:20:00,IBB
105.62,105.62,105.57,105.57,700,2022-06-14 15:21:00,IBB
105.54,105.68,105.54,105.63,3331,2022-06-14 15:22:00,IBB
105.64,105.81,105.64,105.78,3860,2022-06-14 15:23:00,IBB
105.7669,105.97,105.7669,105.97,1000,2022-06-14 15:24:00,IBB
106.02,106.13,106.02,106.12,2084,2022-06-14 15:25:00,IBB
106.09,106.2,106.09,106.2,3220,2022-06-14 15:26:00,IBB
106.13,106.13,106.03,106.04,1700,2022-06-14 15:27:00,IBB
106.04,106.06,106.03,106.05,1520,2022-06-14 15:28:00,IBB
106.14,106.15,106.1,106.12,2176,2022-06-14 15:29:00,IBB
106.14,106.14,106.0601,106.09,1550,2022-06-14 15:30:00,IBB
106.13,106.13,106.1,106.11,350,2022-06-14 15:31:00,IBB
106.08,106.08,105.95,105.96,1223,2022-06-14 15:32:00,IBB
106.0201,106.18,106.0201,106.14,1300,2022-06-14 15:33:00,IBB
106.18,106.32,106.18,106.32,802,2022-06-14 15:34:00,IBB
106.38,106.38,106.35,106.35,600,2022-06-14 15:35:00,IBB
106.36,106.44,106.34,106.4,900,2022-06-14 15:36:00,IBB
106.4321,106.4321,106.26,106.26,1600,2022-06-14 15:37:00,IBB
106.26,106.26,106.18,106.21,1250,2022-06-14 15:38:00,IBB
106.26,106.27,106.23,106.27,6000,2022-06-14 15:39:00,IBB
106.28,106.28,106.16,106.24,1372,2022-06-14 15:40:00,IBB
106.225,106.3333,106.225,106.3333,3560,2022-06-14 15:41:00,IBB
106.35,106.36,106.28,106.36,800,2022-06-14 15:42:00,IBB
106.353,106.43,106.353,106.43,500,2022-06-14 15:43:00,IBB
106.4,106.45,106.37,106.41,961,2022-06-14 15:44:00,IBB
106.31,106.3201,106.26,106.3201,1752,2022-06-14 15:45:00,IBB
106.34,106.46,106.3,106.3,5983,2022-06-14 15:46:00,IBB
106.29,106.34,106.26,106.3,2521,2022-06-14 15:47:00,IBB
106.26,106.26,106.19,106.19,800,2022-06-14 15:48:00,IBB
106.25,106.26,106.225,106.23,810,2022-06-14 15:49:00,IBB
106.23,106.25,106.17,106.25,900,2022-06-14 15:50:00,IBB
106.235,106.235,106.07,106.08,3217,2022-06-14 15:51:00,IBB
106.08,106.09,106.0,106.0,1100,2022-06-14 15:52:00,IBB
106.01,106.2,106.01,106.2,3825,2022-06-14 15:53:00,IBB
106.24,106.24,106.17,106.17,800,2022-06-14 15:54:00,IBB
106.21,106.28,106.21,106.24,1800,2022-06-14 15:55:00,IBB
106.25,106.26,106.215,106.215,500,2022-06-14 15:56:00,IBB
106.22,106.22,106.18,106.1983,307,2022-06-14 15:57:00,IBB
106.14,106.26,106.13,106.23,2589,2022-06-14 15:58:00,IBB
106.22,106.26,106.22,106.23,3145,2022-06-14 15:59:00,IBB
106.16,106.16,106.02,106.02,1500,2022-06-14 16:00:00,IBB
105.97,105.99,105.97,105.985,700,2022-06-14 16:01:00,IBB
105.93,105.98,105.9,105.9,1952,2022-06-14 16:02:00,IBB
105.88,105.88,105.85,105.85,400,2022-06-14 16:03:00,IBB
105.84,105.85,105.69,105.72,53356,2022-06-14 16:04:00,IBB
105.67,105.83,105.66,105.79,2600,2022-06-14 16:05:00,IBB
105.745,105.79,105.745,105.79,300,2022-06-14 16:06:00,IBB
105.785,105.79,105.74,105.79,500,2022-06-14 16:07:00,IBB
105.78,105.86,105.78,105.86,907,2022-06-14 16:08:00,IBB
105.86,105.86,105.73,105.75,900,2022-06-14 16:09:00,IBB
105.79,105.79,105.78,105.78,300,2022-06-14 16:10:00,IBB
105.84,105.93,105.82,105.89,5278,2022-06-14 16:11:00,IBB
105.87,105.87,105.84,105.85,17929,2022-06-14 16:12:00,IBB
105.85,105.91,105.84,105.87,13097,2022-06-14 16:13:00,IBB
105.88,105.88,105.79,105.81,1200,2022-06-14 16:14:00,IBB
105.8,105.83,105.73,105.76,49541,2022-06-14 16:15:00,IBB
105.77,105.86,105.73,105.86,4695,2022-06-14 16:16:00,IBB
105.86,105.88,105.8,105.8,3704,2022-06-14 16:17:00,IBB
105.84,105.93,105.83,105.92,1200,2022-06-14 16:18:00,IBB
105.91,106.07,105.91,106.0,3811,2022-06-14 16:19:00,IBB
106.04,106.119,106.04,106.08,2000,2022-06-14 16:20:00,IBB
106.1,106.1,105.98,105.99,4151,2022-06-14 16:21:00,IBB
105.97,105.97,105.86,105.88,4480,2022-06-14 16:22:00,IBB
105.84,105.885,105.82,105.84,2915,2022-06-14 16:23:00,IBB
105.8799,105.94,105.86,105.94,631,2022-06-14 16:24:00,IBB
105.92,105.92,105.82,105.82,1544,2022-06-14 16:25:00,IBB
105.82,105.83,105.81,105.82,600,2022-06-14 16:26:00,IBB
105.8,105.8,105.77,105.77,3900,2022-06-14 16:27:00,IBB
105.76,105.77,105.74,105.751,1762,2022-06-14 16:28:00,IBB
105.76,105.8,105.75,105.8,834,2022-06-14 16:29:00,IBB
105.79,105.79,105.73,105.73,500,2022-06-14 16:30:00,IBB
105.77,105.8175,105.75,105.8175,1582,2022-06-14 16:31:00,IBB
105.81,105.81,105.75,105.75,900,2022-06-14 16:32:00,IBB
105.82,105.83,105.82,105.82,600,2022-06-14 16:33:00,IBB
105.79,105.79,105.7,105.7,2374,2022-06-14 16:34:00,IBB
105.69,105.74,105.66,105.665,700,2022-06-14 16:35:00,IBB
105.67,105.77,105.66,105.77,1300,2022-06-14 16:36:00,IBB
105.7701,105.78,105.74,105.74,2372,2022-06-14 16:37:00,IBB
105.7,105.7,105.6,105.67,2707,2022-06-14 16:38:00,IBB
105.66,105.7,105.66,105.69,1370,2022-06-14 16:39:00,IBB
105.66,105.72,105.64,105.72,1431,2022-06-14 16:40:00,IBB
105.73,105.79,105.71,105.76,1557,2022-06-14 16:41:00,IBB
105.72,105.83,105.72,105.81,1500,2022-06-14 16:42:00,IBB
105.83,105.83,105.74,105.79,2306,2022-06-14 16:43:00,IBB
105.79,105.79,105.77,105.77,900,2022-06-14 16:44:00,IBB
105.76,105.76,105.71,105.71,3370,2022-06-14 16:45:00,IBB
105.72,105.75,105.7,105.74,3034,2022-06-14 16:46:00,IBB
105.74,105.75,105.7,105.71,2752,2022-06-14 16:47:00,IBB
105.72,105.75,105.72,105.73,6499,2022-06-14 16:48:00,IBB
105.75,105.78,105.74,105.74,6914,2022-06-14 16:49:00,IBB
105.73,105.74,105.64,105.67,15276,2022-06-14 16:50:00,IBB
105.63,105.67,105.6,105.65,8687,2022-06-14 16:51:00,IBB
105.68,105.71,105.68,105.68,3346,2022-06-14 16:52:00,IBB
105.68,105.7,105.661,105.7,893,2022-06-14 16:53:00,IBB
105.75,105.75,105.72,105.72,1002,2022-06-14 16:54:00,IBB
105.75,105.87,105.75,105.87,3233,2022-06-14 16:55:00,IBB
105.885,105.885,105.84,105.87,6259,2022-06-14 16:56:00,IBB
105.88,105.9,105.81,105.81,2600,2022-06-14 16:57:00,IBB
105.825,105.89,105.81,105.89,3020,2022-06-14 16:58:00,IBB
105.91,105.91,105.86,105.9,6630,2022-06-14 16:59:00,IBB
105.91,106.01,105.905,106.005,4152,2022-06-14 17:00:00,IBB
106.03,106.03,105.99,106.0,2002,2022-06-14 17:01:00,IBB
105.98,105.98,105.88,105.9,7915,2022-06-14 17:02:00,IBB
105.89,105.91,105.82,105.84,5180,2022-06-14 17:03:00,IBB
105.85,105.86,105.83,105.86,3395,2022-06-14 17:04:00,IBB
105.93,105.93,105.89,105.9,3296,2022-06-14 17:05:00,IBB
105.9,106.0,105.86,106.0,6413,2022-06-14 17:06:00,IBB
106.02,106.04,106.02,106.04,500,2022-06-14 17:07:00,IBB
106.09,106.12,106.04,106.07,4653,2022-06-14 17:08:00,IBB
106.07,106.15,106.06,106.15,4711,2022-06-14 17:09:00,IBB
106.16,106.22,106.155,106.21,4515,2022-06-14 17:10:00,IBB
106.21,106.21,106.13,106.13,2066,2022-06-14 17:11:00,IBB
106.13,106.22,106.1,106.22,32057,2022-06-14 17:12:00,IBB
106.23,106.23,106.19,106.2,3891,2022-06-14 17:13:00,IBB
106.2,106.2,106.14,106.16,9564,2022-06-14 17:14:00,IBB
106.17,106.24,106.17,106.24,1900,2022-06-14 17:15:00,IBB
106.27,106.29,106.26,106.285,2330,2022-06-14 17:16:00,IBB
106.295,106.52,106.295,106.52,4662,2022-06-14 17:17:00,IBB
106.56,106.59,106.52,106.52,3450,2022-06-14 17:18:00,IBB
106.53,106.585,106.52,106.56,3700,2022-06-14 17:19:00,IBB
106.57,106.6,106.53,106.53,1517,2022-06-14 17:20:00,IBB
106.51,106.58,106.51,106.54,4562,2022-06-14 17:21:00,IBB
106.52,106.68,106.52,106.68,4367,2022-06-14 17:22:00,IBB
106.675,106.74,106.67,106.71,2300,2022-06-14 17:23:00,IBB
106.67,106.67,106.55,106.57,11387,2022-06-14 17:24:00,IBB
106.55,106.55,106.45,106.45,5954,2022-06-14 17:25:00,IBB
106.47,106.47,106.3,106.3,2390,2022-06-14 17:26:00,IBB
106.3139,106.39,106.29,106.39,4484,2022-06-14 17:27:00,IBB
106.39,106.39,106.29,106.31,2000,2022-06-14 17:28:00,IBB
106.26,106.3,106.24,106.24,900,2022-06-14 17:29:00,IBB
106.23,106.25,106.18,106.19,2262,2022-06-14 17:30:00,IBB
106.18,106.19,106.16,106.18,2764,2022-06-14 17:31:00,IBB
106.19,106.34,106.17,106.29,2318,2022-06-14 17:32:00,IBB
106.2934,106.2934,106.17,106.18,5990,2022-06-14 17:33:00,IBB
106.17,106.18,106.07,106.09,3883,2022-06-14 17:34:00,IBB
106.08,106.17,106.08,106.11,2123,2022-06-14 17:35:00,IBB
106.12,106.12,106.05,106.05,3513,2022-06-14 17:36:00,IBB
106.05,106.08,106.03,106.04,2597,2022-06-14 17:37:00,IBB
106.04,106.12,106.04,106.1,3501,2022-06-14 17:38:00,IBB
106.08,106.08,106.0,106.0,2215,2022-06-14 17:39:00,IBB
105.98,105.99,105.95,105.97,1223,2022-06-14 17:40:00,IBB
105.97,105.97,105.91,105.96,2691,2022-06-14 17:41:00,IBB
105.94,105.96,105.87,105.88,2901,2022-06-14 17:42:00,IBB
105.85,105.88,105.76,105.78,3595,2022-06-14 17:43:00,IBB
105.75,105.76,105.71,105.73,3115,2022-06-14 17:44:00,IBB
105.82,105.88,105.78,105.88,5494,2022-06-14 17:45:00,IBB
105.86,105.88,105.84,105.87,3464,2022-06-14 17:46:00,IBB
105.875,105.925,105.83,105.83,4000,2022-06-14 17:47:00,IBB
105.8,105.83,105.78,105.83,1400,2022-06-14 17:48:00,IBB
105.85,105.86,105.84,105.85,2600,2022-06-14 17:49:00,IBB
105.86,105.86,105.83,105.86,1576,2022-06-14 17:50:00,IBB
105.85,105.85,105.84,105.84,500,2022-06-14 17:51:00,IBB
105.84,105.85,105.78,105.78,3400,2022-06-14 17:52:00,IBB
105.77,105.87,105.77,105.87,2100,2022-06-14 17:53:00,IBB
105.87,105.89,105.86,105.88,2221,2022-06-14 17:54:00,IBB
105.86,105.9,105.82,105.89,2265,2022-06-14 17:55:00,IBB
105.89,105.98,105.88,105.97,3764,2022-06-14 17:56:00,IBB
105.96,105.98,105.94,105.96,1376,2022-06-14 17:57:00,IBB
106.0,106.0,105.9,105.9,1695,2022-06-14 17:58:00,IBB
105.9,105.9,105.83,105.86,4795,2022-06-14 17:59:00,IBB
105.89,105.9,105.87,105.89,1400,2022-06-14 18:00:00,IBB
105.9,105.99,105.89,105.99,3261,2022-06-14 18:01:00,IBB
106.01,106.03,105.97,105.97,3150,2022-06-14 18:02:00,IBB
105.965,106.02,105.96,106.02,1826,2022-06-14 18:03:00,IBB
106.03,106.05,105.97,106.01,4602,2022-06-14 18:04:00,IBB
105.98,106.04,105.96,106.04,2191,2022-06-14 18:05:00,IBB
106.035,106.14,106.035,106.06,8600,2022-06-14 18:06:00,IBB
106.08,106.1267,106.02,106.02,3712,2022-06-14 18:07:00,IBB
106.0,106.105,105.99,106.06,5904,2022-06-14 18:08:00,IBB
106.05,106.0863,106.03,106.03,1582,2022-06-14 18:09:00,IBB
106.03,106.03,105.98,106.0,5000,2022-06-14 18:10:00,IBB
105.98,106.02,105.93,105.94,5941,2022-06-14 18:11:00,IBB
105.94,105.98,105.93,105.94,2625,2022-06-14 18:12:00,IBB
105.93,105.945,105.9,105.93,4100,2022-06-14 18:13:00,IBB
105.92,105.94,105.87,105.94,15646,2022-06-14 18:14:00,IBB
105.935,105.96,105.91,105.92,3016,2022-06-14 18:15:00,IBB
105.92,105.98,105.9,105.91,1800,2022-06-14 18:16:00,IBB
105.93,105.945,105.89,105.89,1700,2022-06-14 18:17:00,IBB
105.89,105.94,105.89,105.925,2231,2022-06-14 18:18:00,IBB
105.9,105.93,105.88,105.92,2029,2022-06-14 18:19:00,IBB
105.92,106.04,105.89,106.01,3390,2022-06-14 18:20:00,IBB
106.01,106.04,105.965,106.0,5225,2022-06-14 18:21:00,IBB
106.025,106.025,105.98,105.9899,2294,2022-06-14 18:22:00,IBB
105.99,105.99,105.86,105.89,4893,2022-06-14 18:23:00,IBB
105.885,105.92,105.76,105.78,4442,2022-06-14 18:24:00,IBB
105.76,105.78,105.69,105.705,9488,2022-06-14 18:25:00,IBB
105.71,105.78,105.68,105.77,7694,2022-06-14 18:26:00,IBB
105.78,105.8,105.75,105.77,2640,2022-06-14 18:27:00,IBB
105.77,105.8,105.76,105.8,400,2022-06-14 18:28:00,IBB
105.76,105.76,105.74,105.755,2831,2022-06-14 18:29:00,IBB
105.74,105.74,105.645,105.65,9260,2022-06-14 18:30:00,IBB
105.62,105.68,105.62,105.65,8024,2022-06-14 18:31:00,IBB
105.64,105.68,105.63,105.66,4054,2022-06-14 18:32:00,IBB
105.65,105.7687,105.65,105.76,3300,2022-06-14 18:33:00,IBB
105.77,105.77,105.73,105.74,2080,2022-06-14 18:34:00,IBB
105.74,105.755,105.72,105.755,2461,2022-06-14 18:35:00,IBB
105.74,105.76,105.72,105.76,4326,2022-06-14 18:36:00,IBB
105.74,105.75,105.71,105.74,6226,2022-06-14 18:37:00,IBB
105.74,105.81,105.72,105.81,3478,2022-06-14 18:38:00,IBB
105.81,105.87,105.8,105.8,11854,2022-06-14 18:39:00,IBB
105.79,105.79,105.66,105.71,6291,2022-06-14 18:40:00,IBB
105.69,105.69,105.62,105.635,4258,2022-06-14 18:41:00,IBB
105.62,105.62,105.49,105.495,4891,2022-06-14 18:42:00,IBB
105.51,105.55,105.49,105.51,11049,2022-06-14 18:43:00,IBB
105.51,105.52,105.45,105.47,5637,2022-06-14 18:44:00,IBB
105.5,105.58,105.5,105.55,6359,2022-06-14 18:45:00,IBB
105.54,105.54,105.5,105.5,6107,2022-06-14 18:46:00,IBB
105.5,105.55,105.49,105.53,3096,2022-06-14 18:47:00,IBB
105.531,105.531,105.46,105.47,13247,2022-06-14 18:48:00,IBB
105.48,105.55,105.48,105.505,4312,2022-06-14 18:49:00,IBB
105.5,105.5,105.46,105.49,5249,2022-06-14 18:50:00,IBB
105.48,105.6,105.48,105.6,2997,2022-06-14 18:51:00,IBB
105.59,105.61,105.57,105.57,5495,2022-06-14 18:52:00,IBB
105.58,105.6,105.555,105.56,5931,2022-06-14 18:53:00,IBB
105.55,105.57,105.46,105.46,6766,2022-06-14 18:54:00,IBB
105.4767,105.48,105.45,105.475,4122,2022-06-14 18:55:00,IBB
105.47,105.54,105.45,105.48,20666,2022-06-14 18:56:00,IBB
105.46,105.48,105.39,105.45,43096,2022-06-14 18:57:00,IBB
105.44,105.44,105.41,105.41,4505,2022-06-14 18:58:00,IBB
105.41,105.45,105.41,105.425,5748,2022-06-14 18:59:00,IBB
105.42,105.45,105.37,105.44,14503,2022-06-14 19:00:00,IBB
105.46,105.46,105.42,105.44,4566,2022-06-14 19:01:00,IBB
105.46,105.52,105.45,105.46,3150,2022-06-14 19:02:00,IBB
105.45,105.56,105.45,105.54,7672,2022-06-14 19:03:00,IBB
105.54,105.62,105.5,105.59,3450,2022-06-14 19:04:00,IBB
105.58,105.64,105.57,105.61,10378,2022-06-14 19:05:00,IBB
105.61,105.61,105.56,105.57,3193,2022-06-14 19:06:00,IBB
105.56,105.57,105.54,105.55,5577,2022-06-14 19:07:00,IBB
105.54,105.5455,105.505,105.51,7308,2022-06-14 19:08:00,IBB
105.51,105.54,105.49,105.52,5545,2022-06-14 19:09:00,IBB
105.52,105.58,105.51,105.51,6687,2022-06-14 19:10:00,IBB
105.515,105.57,105.5,105.5,3207,2022-06-14 19:11:00,IBB
105.5,105.5022,105.43,105.45,7109,2022-06-14 19:12:00,IBB
105.45,105.45,105.38,105.39,12017,2022-06-14 19:13:00,IBB
105.36,105.365,105.26,105.26,4598,2022-06-14 19:14:00,IBB
105.24,105.29,105.24,105.25,4584,2022-06-14 19:15:00,IBB
105.24,105.28,105.23,105.25,6952,2022-06-14 19:16:00,IBB
105.25,105.25,105.22,105.22,8303,2022-06-14 19:17:00,IBB
105.22,105.22,105.13,105.145,8918,2022-06-14 19:18:00,IBB
105.14,105.18,105.135,105.145,13213,2022-06-14 19:19:00,IBB
105.16,105.2,105.15,105.16,7287,2022-06-14 19:20:00,IBB
105.17,105.24,105.17,105.24,2850,2022-06-14 19:21:00,IBB
105.27,105.3,105.24,105.24,9124,2022-06-14 19:22:00,IBB
105.26,105.26,105.2,105.21,6997,2022-06-14 19:23:00,IBB
105.2,105.2,105.18,105.19,6774,2022-06-14 19:24:00,IBB
105.2,105.37,105.185,105.34,7833,2022-06-14 19:25:00,IBB
105.33,105.39,105.31,105.37,8221,2022-06-14 19:26:00,IBB
105.43,105.52,105.42,105.49,10517,2022-06-14 19:27:00,IBB
105.5,105.63,105.5,105.58,7752,2022-06-14 19:28:00,IBB
105.6,105.7,105.59,105.64,4725,2022-06-14 19:29:00,IBB
105.65,105.87,105.65,105.87,5515,2022-06-14 19:30:00,IBB
105.88,105.905,105.85,105.89,2700,2022-06-14 19:31:00,IBB
105.91,106.03,105.9,106.03,1600,2022-06-14 19:32:00,IBB
106.05,106.05,105.921,105.95,5033,2022-06-14 19:33:00,IBB
105.94,105.95,105.89,105.94,2912,2022-06-14 19:34:00,IBB
105.96,106.04,105.96,105.99,2543,2022-06-14 19:35:00,IBB
106.02,106.06,105.97,105.97,2160,2022-06-14 19:36:00,IBB
105.97,106.11,105.97,106.09,5020,2022-06-14 19:37:00,IBB
106.1,106.15,106.08,106.15,2140,2022-06-14 19:38:00,IBB
106.18,106.23,106.1334,106.1334,3293,2022-06-14 19:39:00,IBB
106.17,106.24,106.17,106.18,2615,2022-06-14 19:40:00,IBB
106.16,106.29,106.16,106.29,2330,2022-06-14 19:41:00,IBB
106.33,106.39,106.24,106.24,9500,2022-06-14 19:42:00,IBB
106.23,106.23,106.14,106.17,4213,2022-06-14 19:43:00,IBB
106.16,106.18,106.07,106.08,5902,2022-06-14 19:44:00,IBB
106.09,106.17,106.07,106.09,9824,2022-06-14 19:45:00,IBB
106.12,106.3,106.09,106.3,8486,2022-06-14 19:46:00,IBB
106.32,106.34,106.25,106.31,3600,2022-06-14 19:47:00,IBB
106.32,106.4,106.3,106.4,4619,2022-06-14 19:48:00,IBB
106.43,106.5,106.43,106.45,4118,2022-06-14 19:49:00,IBB
106.46,106.57,106.29,106.37,9261,2022-06-14 19:50:00,IBB
106.34,106.39,106.26,106.26,4881,2022-06-14 19:51:00,IBB
106.265,106.37,106.265,106.32,3264,2022-06-14 19:52:00,IBB
106.32,106.33,106.17,106.17,5947,2022-06-14 19:53:00,IBB
106.18,106.33,106.15,106.25,13434,2022-06-14 19:54:00,IBB
106.25,106.26,106.19,106.25,6050,2022-06-14 19:55:00,IBB
106.24,106.24,106.16,106.16,11913,2022-06-14 19:56:00,IBB
106.19,106.19,106.135,106.19,5194,2022-06-14 19:57:00,IBB
106.2,106.22,106.17,106.17,12954,2022-06-14 19:58:00,IBB
106.19,106.33,106.15,106.33,49367,2022-06-14 19:59:00,IBB
106.34,106.34,106.23,106.23,11212,2022-06-14 20:00:00,IBB
106.23,106.23,106.23,106.23,208,2022-06-14 20:01:00,IBB
106.23,106.23,106.23,106.23,440,2022-06-14 20:24:00,IBB
106.23,106.23,106.23,106.23,333,2022-06-14 20:27:00,IBB
106.2299,106.2299,106.2299,106.2299,500,2022-06-14 20:29:00,IBB
105.8703,105.8703,105.8703,105.8703,75000,2022-06-14 21:02:00,IBB
107.06,107.06,107.06,107.06,400,2022-06-15 11:47:00,IBB
106.8,106.8,106.8,106.8,250,2022-06-15 12:52:00,IBB
107.5,107.5,107.46,107.46,1400,2022-06-15 13:00:00,IBB
107.46,107.46,107.46,107.46,900,2022-06-15 13:01:00,IBB
107.17,107.57,107.08,107.29,19852,2022-06-15 13:30:00,IBB
107.28,107.48,107.23,107.42,3527,2022-06-15 13:31:00,IBB
107.47,107.64,107.46,107.62,2769,2022-06-15 13:32:00,IBB
107.57,107.71,107.53,107.69,1800,2022-06-15 13:33:00,IBB
107.74,107.89,107.71,107.845,1574,2022-06-15 13:34:00,IBB
107.84,107.96,107.77,107.78,4823,2022-06-15 13:35:00,IBB
107.73,107.96,107.6,107.96,6076,2022-06-15 13:36:00,IBB
107.95,107.95,107.83,107.91,2581,2022-06-15 13:37:00,IBB
107.93,107.94,107.81,107.85,1600,2022-06-15 13:38:00,IBB
107.9,107.91,107.67,107.75,1945,2022-06-15 13:39:00,IBB
107.71,107.79,107.56,107.78,4636,2022-06-15 13:40:00,IBB
107.75,107.75,107.6,107.69,6731,2022-06-15 13:41:00,IBB
107.72,107.75,107.5,107.67,5084,2022-06-15 13:42:00,IBB
107.64,107.69,107.47,107.56,2530,2022-06-15 13:43:00,IBB
107.44,107.44,107.27,107.34,5389,2022-06-15 13:44:00,IBB
107.36,107.38,107.27,107.29,2626,2022-06-15 13:45:00,IBB
107.26,107.37,107.21,107.36,6191,2022-06-15 13:46:00,IBB
107.31,107.47,107.29,107.42,2000,2022-06-15 13:47:00,IBB
107.45,107.54,107.37,107.53,4223,2022-06-15 13:48:00,IBB
107.53,107.53,107.29,107.4081,2774,2022-06-15 13:49:00,IBB
107.42,107.52,107.4,107.46,4880,2022-06-15 13:50:00,IBB
107.4,107.46,107.37,107.46,667,2022-06-15 13:51:00,IBB
107.472,107.52,107.42,107.49,819,2022-06-15 13:52:00,IBB
107.6,107.62,107.51,107.62,15477,2022-06-15 13:53:00,IBB
107.62,107.68,107.5414,107.5414,9160,2022-06-15 13:54:00,IBB
107.49,107.49,107.4,107.49,700,2022-06-15 13:55:00,IBB
107.5346,107.64,107.5303,107.6121,1729,2022-06-15 13:56:00,IBB
107.6499,107.6499,107.6,107.6104,13198,2022-06-15 13:57:00,IBB
107.6,107.61,107.49,107.57,1691,2022-06-15 13:58:00,IBB
107.52,107.57,107.5,107.57,1625,2022-06-15 13:59:00,IBB
107.63,107.73,107.58,107.73,1805,2022-06-15 14:00:00,IBB
107.7,107.81,107.7,107.81,1305,2022-06-15 14:01:00,IBB
107.82,107.82,107.63,107.63,9985,2022-06-15 14:02:00,IBB
107.65,107.8,107.65,107.78,4876,2022-06-15 14:03:00,IBB
107.77,107.8,107.72,107.72,6657,2022-06-15 14:04:00,IBB
107.66,107.78,107.65,107.77,1524,2022-06-15 14:05:00,IBB
107.77,107.85,107.76,107.79,2573,2022-06-15 14:06:00,IBB
107.79,107.84,107.73,107.78,3160,2022-06-15 14:07:00,IBB
107.79,107.79,107.79,107.79,364,2022-06-15 14:08:00,IBB
107.85,107.92,107.77,107.79,4390,2022-06-15 14:09:00,IBB
107.79,107.79,107.72,107.73,4613,2022-06-15 14:10:00,IBB
107.75,107.77,107.66,107.7,2169,2022-06-15 14:11:00,IBB
107.71,107.79,107.65,107.79,13420,2022-06-15 14:12:00,IBB
107.79,107.84,107.765,107.78,33115,2022-06-15 14:13:00,IBB
107.76,107.82,107.73,107.76,5639,2022-06-15 14:14:00,IBB
107.75,107.78,107.705,107.77,14488,2022-06-15 14:15:00,IBB
107.77,107.82,107.705,107.81,7063,2022-06-15 14:16:00,IBB
107.8,107.8,107.69,107.7,5042,2022-06-15 14:17:00,IBB
107.69,107.725,107.671,107.68,22299,2022-06-15 14:18:00,IBB
107.71,107.77,107.71,107.71,2509,2022-06-15 14:19:00,IBB
107.72,107.72,107.69,107.69,4193,2022-06-15 14:20:00,IBB
107.68,107.82,107.59,107.82,2767,2022-06-15 14:21:00,IBB
107.82,107.9,107.82,107.87,1762,2022-06-15 14:22:00,IBB
107.83,107.86,107.81,107.84,753,2022-06-15 14:23:00,IBB
107.85,107.96,107.835,107.9,4212,2022-06-15 14:24:00,IBB
107.89,107.93,107.86,107.92,3260,2022-06-15 14:25:00,IBB
107.92,108.04,107.92,107.99,3193,2022-06-15 14:26:00,IBB
108.0,108.06,108.0,108.06,1750,2022-06-15 14:27:00,IBB
108.14,108.14,108.1,108.1,1268,2022-06-15 14:28:00,IBB
108.09,108.14,108.04,108.14,4460,2022-06-15 14:29:00,IBB
108.149,108.23,108.11,108.13,26389,2022-06-15 14:30:00,IBB
108.12,108.12,107.85,107.88,6356,2022-06-15 14:31:00,IBB
107.92,107.93,107.86,107.93,2000,2022-06-15 14:32:00,IBB
107.95,107.96,107.9,107.9,1844,2022-06-15 14:33:00,IBB
107.88,108.01,107.88,108.01,2315,2022-06-15 14:34:00,IBB
108.04,108.05,107.99,107.99,2420,2022-06-15 14:35:00,IBB
107.99,108.08,107.96,108.08,700,2022-06-15 14:36:00,IBB
108.1,108.14,108.08,108.08,1000,2022-06-15 14:37:00,IBB
108.08,108.1,108.0452,108.07,1640,2022-06-15 14:38:00,IBB
108.04,108.04,107.99,108.0,2061,2022-06-15 14:39:00,IBB
107.99,107.99,107.97,107.98,1323,2022-06-15 14:40:00,IBB
107.99,108.06,107.97,108.02,2405,2022-06-15 14:41:00,IBB
108.01,108.04,108.01,108.04,1500,2022-06-15 14:42:00,IBB
107.98,108.01,107.95,107.96,1300,2022-06-15 14:43:00,IBB
107.95,107.95,107.91,107.91,317,2022-06-15 14:44:00,IBB
107.92,107.93,107.88,107.93,4604,2022-06-15 14:45:00,IBB
107.91,107.91,107.86,107.86,600,2022-06-15 14:46:00,IBB
107.85,107.94,107.85,107.94,1772,2022-06-15 14:47:00,IBB
107.99,107.99,107.91,107.99,3063,2022-06-15 14:48:00,IBB
107.97,107.97,107.93,107.9527,1403,2022-06-15 14:49:00,IBB
107.98,108.0,107.96,107.98,1400,2022-06-15 14:50:00,IBB
107.99,107.99,107.84,107.87,1700,2022-06-15 14:51:00,IBB
107.87,107.9,107.83,107.8701,17719,2022-06-15 14:52:00,IBB
107.83,107.83,107.72,107.76,2900,2022-06-15 14:53:00,IBB
107.72,107.76,107.7173,107.76,1045,2022-06-15 14:54:00,IBB
107.7549,107.8,107.7549,107.79,967,2022-06-15 14:55:00,IBB
107.76,107.81,107.74,107.78,2858,2022-06-15 14:56:00,IBB
107.79,107.85,107.79,107.85,911,2022-06-15 14:57:00,IBB
107.87,108.04,107.87,108.02,3802,2022-06-15 14:58:00,IBB
108.02,108.02,107.9253,107.93,3352,2022-06-15 14:59:00,IBB
107.92,107.98,107.92,107.965,4015,2022-06-15 15:00:00,IBB
107.96,108.03,107.93,108.02,2920,2022-06-15 15:01:00,IBB
108.01,108.05,108.01,108.03,1663,2022-06-15 15:02:00,IBB
108.08,108.11,108.08,108.11,2090,2022-06-15 15:03:00,IBB
108.13,108.1673,108.11,108.1673,2408,2022-06-15 15:04:00,IBB
108.1663,108.1663,108.04,108.08,1200,2022-06-15 15:05:00,IBB
108.06,108.1,108.06,108.1,700,2022-06-15 15:06:00,IBB
108.13,108.19,108.13,108.17,3641,2022-06-15 15:07:00,IBB
108.18,108.18,108.02,108.03,3140,2022-06-15 15:08:00,IBB
108.03,108.0673,108.02,108.06,1598,2022-06-15 15:09:00,IBB
108.03,108.09,108.03,108.09,600,2022-06-15 15:10:00,IBB
108.01,108.04,107.99,108.04,2960,2022-06-15 15:11:00,IBB
108.08,108.18,108.08,108.14,1300,2022-06-15 15:12:00,IBB
108.1302,108.1302,108.09,108.11,1360,2022-06-15 15:13:00,IBB
108.16,108.16,108.15,108.15,350,2022-06-15 15:14:00,IBB
108.13,108.13,108.1,108.13,766,2022-06-15 15:15:00,IBB
108.13,108.13,108.11,108.12,600,2022-06-15 15:16:00,IBB
108.14,108.16,108.06,108.09,4186,2022-06-15 15:17:00,IBB
108.09,108.21,108.09,108.21,4175,2022-06-15 15:18:00,IBB
108.2101,108.28,108.2101,108.22,2150,2022-06-15 15:19:00,IBB
108.24,108.24,108.19,108.19,1300,2022-06-15 15:20:00,IBB
108.19,108.19,108.06,108.06,2147,2022-06-15 15:21:00,IBB
108.1,108.24,108.1,108.24,900,2022-06-15 15:22:00,IBB
108.24,108.25,108.231,108.25,560,2022-06-15 15:23:00,IBB
108.34,108.36,108.3,108.3,1504,2022-06-15 15:24:00,IBB
108.33,108.37,108.3101,108.35,2796,2022-06-15 15:25:00,IBB
108.35,108.35,108.24,108.29,1800,2022-06-15 15:26:00,IBB
108.28,108.34,108.26,108.33,1794,2022-06-15 15:27:00,IBB
108.34,108.35,108.32,108.35,1200,2022-06-15 15:28:00,IBB
108.37,108.41,108.37,108.37,1450,2022-06-15 15:29:00,IBB
108.36,108.4,108.29,108.29,1600,2022-06-15 15:30:00,IBB
108.31,108.31,108.25,108.25,1325,2022-06-15 15:31:00,IBB
108.25,108.25,108.14,108.16,2508,2022-06-15 15:32:00,IBB
108.2,108.2,108.1638,108.1638,300,2022-06-15 15:33:00,IBB
108.15,108.19,108.1,108.1,1489,2022-06-15 15:34:00,IBB
108.09,108.2,108.09,108.2,1500,2022-06-15 15:35:00,IBB
108.15,108.15,108.14,108.15,1400,2022-06-15 15:36:00,IBB
108.17,108.21,108.15,108.2,1880,2022-06-15 15:37:00,IBB
108.18,108.24,108.18,108.21,1659,2022-06-15 15:38:00,IBB
108.26,108.27,108.2,108.22,1429,2022-06-15 15:39:00,IBB
108.25,108.322,108.25,108.322,601,2022-06-15 15:40:00,IBB
108.3,108.3,108.28,108.28,800,2022-06-15 15:41:00,IBB
108.28,108.29,108.141,108.141,2096,2022-06-15 15:42:00,IBB
108.15,108.15,108.06,108.14,1309,2022-06-15 15:43:00,IBB
108.15,108.15,108.08,108.08,2030,2022-06-15 15:44:00,IBB
108.07,108.11,108.03,108.1,905,2022-06-15 15:45:00,IBB
108.1215,108.1215,108.08,108.08,1319,2022-06-15 15:46:00,IBB
108.1,108.1,108.1,108.1,300,2022-06-15 15:47:00,IBB
108.15,108.15,108.05,108.05,1300,2022-06-15 15:48:00,IBB
108.04,108.07,108.035,108.06,900,2022-06-15 15:49:00,IBB
108.0,108.01,107.97,107.99,1100,2022-06-15 15:50:00,IBB
107.99,108.03,107.99,108.02,816,2022-06-15 15:51:00,IBB
108.03,108.03,108.03,108.03,200,2022-06-15 15:52:00,IBB
108.05,108.05,108.0,108.0,1394,2022-06-15 15:53:00,IBB
107.98,108.05,107.98,108.05,1300,2022-06-15 15:54:00,IBB
108.08,108.11,108.08,108.11,200,2022-06-15 15:55:00,IBB
108.14,108.19,108.09,108.19,2037,2022-06-15 15:56:00,IBB
108.2,108.25,108.15,108.22,1710,2022-06-15 15:57:00,IBB
108.22,108.22,108.18,108.18,700,2022-06-15 15:58:00,IBB
108.22,108.23,108.22,108.23,862,2022-06-15 15:59:00,IBB
108.25,108.28,108.24,108.25,1359,2022-06-15 16:00:00,IBB
108.26,108.26,108.2,108.22,900,2022-06-15 16:01:00,IBB
108.22,108.235,108.18,108.235,1266,2022-06-15 16:02:00,IBB
108.24,108.26,108.22,108.22,1525,2022-06-15 16:03:00,IBB
108.24,108.24,108.18,108.2,700,2022-06-15 16:04:00,IBB
108.14,108.14,108.11,108.12,400,2022-06-15 16:05:00,IBB
108.12,108.12,108.04,108.06,2190,2022-06-15 16:06:00,IBB
108.04,108.12,108.04,108.11,1000,2022-06-15 16:07:00,IBB
108.08,108.08,108.05,108.08,1177,2022-06-15 16:08:00,IBB
108.11,108.11,108.06,108.06,473,2022-06-15 16:09:00,IBB
108.05,108.09,108.05,108.07,605,2022-06-15 16:10:00,IBB
108.0988,108.1,108.05,108.05,1310,2022-06-15 16:11:00,IBB
108.03,108.09,108.0,108.08,1815,2022-06-15 16:12:00,IBB
108.09,108.09,108.09,108.09,100,2022-06-15 16:13:00,IBB
108.08,108.21,108.08,108.21,1112,2022-06-15 16:14:00,IBB
108.23,108.27,108.19,108.27,1642,2022-06-15 16:15:00,IBB
108.27,108.285,108.27,108.28,1704,2022-06-15 16:16:00,IBB
108.3,108.3,108.28,108.29,300,2022-06-15 16:17:00,IBB
108.31,108.34,108.25,108.25,2513,2022-06-15 16:18:00,IBB
108.23,108.25,108.22,108.25,700,2022-06-15 16:19:00,IBB
108.26,108.26,108.24,108.26,1590,2022-06-15 16:20:00,IBB
108.25,108.31,108.25,108.31,1400,2022-06-15 16:21:00,IBB
108.34,108.37,108.34,108.37,2549,2022-06-15 16:22:00,IBB
108.36,108.36,108.34,108.35,1500,2022-06-15 16:23:00,IBB
108.365,108.365,108.365,108.365,111,2022-06-15 16:24:00,IBB
108.35,108.35,108.29,108.29,803,2022-06-15 16:25:00,IBB
108.26,108.26,108.23,108.25,885,2022-06-15 16:26:00,IBB
108.26,108.29,108.26,108.29,700,2022-06-15 16:27:00,IBB
108.3,108.3,108.26,108.28,471,2022-06-15 16:28:00,IBB
108.27,108.27,108.27,108.27,100,2022-06-15 16:29:00,IBB
108.32,108.32,108.32,108.32,200,2022-06-15 16:30:00,IBB
108.35,108.45,108.35,108.431,6718,2022-06-15 16:31:00,IBB
108.45,108.52,108.43,108.52,1662,2022-06-15 16:32:00,IBB
108.53,108.53,108.41,108.41,1100,2022-06-15 16:33:00,IBB
108.39,108.42,108.39,108.39,2614,2022-06-15 16:34:00,IBB
108.37,108.41,108.37,108.4,700,2022-06-15 16:35:00,IBB
108.38,108.38,108.34,108.37,400,2022-06-15 16:36:00,IBB
108.39,108.4,108.37,108.38,693,2022-06-15 16:37:00,IBB
108.33,108.33,108.3,108.3,650,2022-06-15 16:38:00,IBB
108.29,108.32,108.28,108.29,1498,2022-06-15 16:39:00,IBB
108.28,108.31,108.18,108.18,1772,2022-06-15 16:40:00,IBB
108.17,108.2,108.16,108.17,1190,2022-06-15 16:41:00,IBB
108.14,108.14,108.1,108.1,900,2022-06-15 16:42:00,IBB
108.1,108.1,108.1,108.1,200,2022-06-15 16:43:00,IBB
108.13,108.13,108.07,108.08,661,2022-06-15 16:44:00,IBB
108.08,108.1001,108.07,108.1,924,2022-06-15 16:45:00,IBB
108.08,108.08,108.05,108.05,600,2022-06-15 16:46:00,IBB
108.0,108.03,108.0,108.03,400,2022-06-15 16:47:00,IBB
108.0,108.01,107.9837,108.0,866,2022-06-15 16:48:00,IBB
108.02,108.055,108.02,108.055,1400,2022-06-15 16:49:00,IBB
108.08,108.08,108.065,108.065,300,2022-06-15 16:50:00,IBB
108.08,108.08,108.05,108.05,300,2022-06-15 16:51:00,IBB
108.03,108.04,108.0,108.02,1000,2022-06-15 16:52:00,IBB
108.01,108.01,107.97,107.98,1539,2022-06-15 16:53:00,IBB
107.97,107.97,107.91,107.91,2100,2022-06-15 16:54:00,IBB
107.9,107.9,107.84,107.891,800,2022-06-15 16:55:00,IBB
107.97,107.97,107.94,107.94,400,2022-06-15 16:56:00,IBB
107.94,107.94,107.94,107.94,100,2022-06-15 16:57:00,IBB
107.87,107.9,107.83,107.88,1696,2022-06-15 16:59:00,IBB
107.87,107.9307,107.87,107.9307,1400,2022-06-15 17:00:00,IBB
107.94,107.94,107.92,107.94,1707,2022-06-15 17:01:00,IBB
107.97,107.97,107.9497,107.9497,400,2022-06-15 17:02:00,IBB
107.96,107.96,107.95,107.95,500,2022-06-15 17:03:00,IBB
107.99,108.0,107.97,107.97,400,2022-06-15 17:04:00,IBB
107.99,108.0,107.99,107.99,1000,2022-06-15 17:05:00,IBB
107.96,107.96,107.9,107.94,703,2022-06-15 17:06:00,IBB
107.95,107.95,107.86,107.86,1297,2022-06-15 17:07:00,IBB
107.84,107.87,107.81,107.87,602,2022-06-15 17:08:00,IBB
107.87,107.87,107.85,107.85,1300,2022-06-15 17:09:00,IBB
107.93,107.93,107.9,107.9,800,2022-06-15 17:10:00,IBB
108.0,108.0,107.99,108.0,500,2022-06-15 17:11:00,IBB
108.0,108.0,107.99,107.99,300,2022-06-15 17:12:00,IBB
107.965,108.0,107.965,108.0,200,2022-06-15 17:13:00,IBB
107.99,108.0,107.93,107.93,1419,2022-06-15 17:14:00,IBB
107.93,107.94,107.83,107.83,900,2022-06-15 17:15:00,IBB
107.84,107.84,107.81,107.82,600,2022-06-15 17:16:00,IBB
107.78,107.8,107.76,107.77,1400,2022-06-15 17:17:00,IBB
107.77,107.85,107.77,107.84,1045,2022-06-15 17:18:00,IBB
107.85,107.87,107.85,107.87,2193,2022-06-15 17:19:00,IBB
107.85,107.875,107.85,107.875,795,2022-06-15 17:20:00,IBB
107.87,107.87,107.8,107.8212,10261,2022-06-15 17:21:00,IBB
107.85,107.85,107.8,107.8,636,2022-06-15 17:22:00,IBB
107.79,107.79,107.76,107.77,10845,2022-06-15 17:23:00,IBB
107.75,107.79,107.75,107.76,1327,2022-06-15 17:24:00,IBB
107.75,107.83,107.75,107.82,1864,2022-06-15 17:25:00,IBB
107.85,107.87,107.83,107.87,3546,2022-06-15 17:26:00,IBB
107.88,107.91,107.87,107.91,2177,2022-06-15 17:27:00,IBB
107.93,108.0,107.93,108.0,4161,2022-06-15 17:28:00,IBB
108.03,108.03,107.97,107.97,700,2022-06-15 17:29:00,IBB
107.95,107.95,107.92,107.92,500,2022-06-15 17:30:00,IBB
107.91,107.91,107.86,107.86,1450,2022-06-15 17:31:00,IBB
107.87,107.89,107.85,107.87,741,2022-06-15 17:32:00,IBB
107.9,107.9,107.89,107.89,200,2022-06-15 17:33:00,IBB
107.93,107.93,107.84,107.84,1700,2022-06-15 17:34:00,IBB
107.84,107.8501,107.83,107.85,1782,2022-06-15 17:35:00,IBB
107.85,107.86,107.8,107.8,1400,2022-06-15 17:36:00,IBB
107.83,107.87,107.8294,107.84,1100,2022-06-15 17:37:00,IBB
107.85,107.89,107.85,107.89,904,2022-06-15 17:38:00,IBB
107.88,107.92,107.88,107.89,2319,2022-06-15 17:39:00,IBB
107.86,107.86,107.8,107.8,1460,2022-06-15 17:40:00,IBB
107.8,107.8,107.73,107.748,1524,2022-06-15 17:41:00,IBB
107.76,107.8,107.76,107.785,2225,2022-06-15 17:42:00,IBB
107.78,107.78,107.75,107.76,1107,2022-06-15 17:43:00,IBB
107.69,107.73,107.69,107.72,907,2022-06-15 17:44:00,IBB
107.72,107.72,107.67,107.69,2246,2022-06-15 17:45:00,IBB
107.68,107.69,107.67,107.69,2831,2022-06-15 17:46:00,IBB
107.67,107.67,107.64,107.64,500,2022-06-15 17:47:00,IBB
107.655,107.655,107.62,107.62,422,2022-06-15 17:48:00,IBB
107.62,107.62,107.58,107.58,900,2022-06-15 17:49:00,IBB
107.55,107.55,107.43,107.44,1600,2022-06-15 17:50:00,IBB
107.43,107.61,107.4,107.61,3550,2022-06-15 17:51:00,IBB
107.6,107.65,107.6,107.65,900,2022-06-15 17:52:00,IBB
107.71,107.79,107.71,107.79,1237,2022-06-15 17:54:00,IBB
107.78,107.89,107.74,107.89,11316,2022-06-15 17:55:00,IBB
107.89,107.95,107.8601,107.925,1006,2022-06-15 17:56:00,IBB
107.87,107.87,107.86,107.86,300,2022-06-15 17:57:00,IBB
107.8569,108.04,107.8569,107.9672,1560,2022-06-15 17:58:00,IBB
107.92,108.27,107.89,108.27,62357,2022-06-15 17:59:00,IBB
108.11,108.57,107.87,108.25,10965,2022-06-15 18:00:00,IBB
108.26,108.26,107.43,107.81,30178,2022-06-15 18:01:00,IBB
107.89,108.03,107.82,107.82,3448,2022-06-15 18:02:00,IBB
107.65,107.775,107.5,107.57,6496,2022-06-15 18:03:00,IBB
107.55,107.62,107.14,107.33,9757,2022-06-15 18:04:00,IBB
107.3,107.55,107.2,107.22,10733,2022-06-15 18:05:00,IBB
107.18,107.28,106.84,106.84,5056,2022-06-15 18:06:00,IBB
106.83,107.15,106.75,106.97,5000,2022-06-15 18:07:00,IBB
106.935,107.01,106.905,106.92,3749,2022-06-15 18:08:00,IBB
106.865,107.26,106.865,107.2001,2250,2022-06-15 18:09:00,IBB
107.3,107.3,106.96,107.01,3940,2022-06-15 18:10:00,IBB
106.99,107.37,106.99,107.31,2849,2022-06-15 18:11:00,IBB
107.23,107.31,107.19,107.205,1200,2022-06-15 18:12:00,IBB
107.32,107.41,107.29,107.41,2208,2022-06-15 18:13:00,IBB
107.38,107.39,107.24,107.34,11757,2022-06-15 18:14:00,IBB
107.38,107.46,107.15,107.37,2800,2022-06-15 18:15:00,IBB
107.41,107.47,107.32,107.46,2600,2022-06-15 18:16:00,IBB
107.49,107.6,107.48,107.56,15507,2022-06-15 18:17:00,IBB
107.59,107.59,107.45,107.52,3543,2022-06-15 18:18:00,IBB
107.57,107.58,107.39,107.4208,13904,2022-06-15 18:19:00,IBB
107.39,107.63,107.39,107.5,4440,2022-06-15 18:20:00,IBB
107.53,107.55,107.44,107.44,1311,2022-06-15 18:21:00,IBB
107.41,107.41,107.16,107.16,3765,2022-06-15 18:22:00,IBB
107.19,107.19,107.06,107.07,3104,2022-06-15 18:23:00,IBB
106.93,106.99,106.88,106.97,3920,2022-06-15 18:24:00,IBB
107.05,107.16,106.99,107.1177,2532,2022-06-15 18:25:00,IBB
107.03,107.15,106.96,107.15,2150,2022-06-15 18:26:00,IBB
107.19,107.23,107.03,107.03,1630,2022-06-15 18:27:00,IBB
107.09,107.135,107.0,107.07,1250,2022-06-15 18:28:00,IBB
106.97,107.05,106.92,106.94,2704,2022-06-15 18:29:00,IBB
106.98,107.07,106.9,106.91,2189,2022-06-15 18:30:00,IBB
106.8,106.83,106.58,106.72,4981,2022-06-15 18:31:00,IBB
106.58,106.6,106.38,106.38,4190,2022-06-15 18:32:00,IBB
106.2887,106.5,106.23,106.48,9283,2022-06-15 18:33:00,IBB
106.45,106.88,106.45,106.62,7424,2022-06-15 18:34:00,IBB
106.64,106.73,106.54,106.73,11333,2022-06-15 18:35:00,IBB
106.76,106.95,106.7,106.9,3359,2022-06-15 18:36:00,IBB
106.94,107.0,106.9,107.0,3758,2022-06-15 18:37:00,IBB
107.04,107.96,107.04,107.94,22065,2022-06-15 18:38:00,IBB
107.99,107.99,107.68,107.75,18679,2022-06-15 18:39:00,IBB
107.75,108.14,107.62,108.14,7227,2022-06-15 18:40:00,IBB
108.2321,108.54,108.22,108.54,3962,2022-06-15 18:41:00,IBB
108.57,108.89,108.57,108.78,11030,2022-06-15 18:42:00,IBB
108.8,109.02,108.741,108.93,4055,2022-06-15 18:43:00,IBB
108.99,109.33,108.94,109.31,77834,2022-06-15 18:44:00,IBB
109.33,109.44,109.25,109.39,23917,2022-06-15 18:45:00,IBB
109.43,109.55,109.13,109.26,27138,2022-06-15 18:46:00,IBB
109.32,109.35,108.92,108.95,22727,2022-06-15 18:47:00,IBB
108.97,109.04,108.83,108.83,18950,2022-06-15 18:48:00,IBB
108.82,108.97,108.745,108.78,4764,2022-06-15 18:49:00,IBB
108.86,108.92,108.71,108.83,5895,2022-06-15 18:50:00,IBB
108.85,108.94,108.57,108.69,10818,2022-06-15 18:51:00,IBB
108.61,108.61,108.13,108.27,11462,2022-06-15 18:52:00,IBB
108.34,108.4,108.1,108.18,9971,2022-06-15 18:53:00,IBB
108.18,108.2,107.88,108.12,5056,2022-06-15 18:54:00,IBB
108.15,108.32,108.15,108.32,5290,2022-06-15 18:55:00,IBB
108.28,108.28,108.06,108.1656,2109,2022-06-15 18:56:00,IBB
108.225,108.225,107.85,107.91,3014,2022-06-15 18:57:00,IBB
107.91,108.16,107.82,108.16,1200,2022-06-15 18:58:00,IBB
108.25,108.25,108.17,108.17,685,2022-06-15 18:59:00,IBB
108.23,108.67,108.23,108.64,3045,2022-06-15 19:00:00,IBB
108.55,108.55,108.43,108.52,2396,2022-06-15 19:01:00,IBB
108.41,108.41,108.17,108.26,1600,2022-06-15 19:02:00,IBB
108.36,108.36,108.21,108.25,711,2022-06-15 19:03:00,IBB
108.29,108.42,108.29,108.42,1800,2022-06-15 19:04:00,IBB
108.44,108.48,108.3,108.41,21196,2022-06-15 19:05:00,IBB
108.37,108.56,108.36,108.56,6095,2022-06-15 19:06:00,IBB
108.61,108.635,108.6,108.6,736,2022-06-15 19:07:00,IBB
108.63,108.63,108.47,108.47,1000,2022-06-15 19:08:00,IBB
108.46,108.54,108.46,108.52,1590,2022-06-15 19:09:00,IBB
108.53,108.65,108.46,108.46,9350,2022-06-15 19:10:00,IBB
108.4,108.55,108.4,108.51,4623,2022-06-15 19:11:00,IBB
108.52,108.52,108.14,108.14,4079,2022-06-15 19:12:00,IBB
108.07,108.25,108.03,108.25,4802,2022-06-15 19:13:00,IBB
108.29,108.32,108.23,108.23,2878,2022-06-15 19:14:00,IBB
108.23,108.25,108.03,108.25,5309,2022-06-15 19:15:00,IBB
108.3,108.34,108.21,108.26,5280,2022-06-15 19:16:00,IBB
108.27,108.29,108.2,108.22,1352,2022-06-15 19:17:00,IBB
108.19,108.29,108.1704,108.27,2375,2022-06-15 19:18:00,IBB
108.205,108.34,108.205,108.34,2685,2022-06-15 19:19:00,IBB
108.39,108.66,108.39,108.62,4149,2022-06-15 19:20:00,IBB
108.65,108.81,108.65,108.74,11291,2022-06-15 19:21:00,IBB
108.76,108.85,108.75,108.82,3683,2022-06-15 19:22:00,IBB
108.8,108.94,108.72,108.93,5710,2022-06-15 19:23:00,IBB
108.93,109.04,108.92,108.98,2394,2022-06-15 19:24:00,IBB
109.05,109.05,108.92,109.04,1788,2022-06-15 19:25:00,IBB
109.07,109.21,109.07,109.15,12478,2022-06-15 19:26:00,IBB
109.16,109.2,109.08,109.2,1195,2022-06-15 19:27:00,IBB
109.23,109.25,109.17,109.1895,3493,2022-06-15 19:28:00,IBB
109.27,109.42,109.27,109.39,27400,2022-06-15 19:29:00,IBB
109.37,109.401,109.24,109.26,11109,2022-06-15 19:30:00,IBB
109.31,109.45,109.2599,109.42,9968,2022-06-15 19:31:00,IBB
109.44,109.56,109.43,109.56,3202,2022-06-15 19:32:00,IBB
109.57,109.76,109.57,109.69,4455,2022-06-15 19:33:00,IBB
109.695,109.75,109.62,109.71,3031,2022-06-15 19:34:00,IBB
109.71,109.77,109.54,109.58,12022,2022-06-15 19:35:00,IBB
109.6,109.615,109.5,109.56,1874,2022-06-15 19:36:00,IBB
109.44,109.45,109.3,109.3,2946,2022-06-15 19:37:00,IBB
109.29,109.29,109.1,109.1,3255,2022-06-15 19:38:00,IBB
109.04,109.04,108.95,108.98,4281,2022-06-15 19:39:00,IBB
108.96,108.96,108.74,108.82,11086,2022-06-15 19:40:00,IBB
108.84,108.98,108.83,108.83,9884,2022-06-15 19:41:00,IBB
108.86,108.9,108.78,108.78,7127,2022-06-15 19:42:00,IBB
108.79,108.86,108.68,108.855,7239,2022-06-15 19:43:00,IBB
108.84,108.89,108.72,108.72,6375,2022-06-15 19:44:00,IBB
108.67,108.75,108.62,108.71,4783,2022-06-15 19:45:00,IBB
108.7299,108.8,108.67,108.73,4166,2022-06-15 19:46:00,IBB
108.73,108.73,108.61,108.65,4457,2022-06-15 19:47:00,IBB
108.6,108.73,108.6,108.69,4307,2022-06-15 19:48:00,IBB
108.69,108.86,108.68,108.86,6630,2022-06-15 19:49:00,IBB
108.81,108.81,108.54,108.66,24993,2022-06-15 19:50:00,IBB
108.64,108.64,108.43,108.44,4404,2022-06-15 19:51:00,IBB
108.42,108.55,108.41,108.52,4801,2022-06-15 19:52:00,IBB
108.52,108.53,108.45,108.4799,4383,2022-06-15 19:53:00,IBB
108.45,108.65,108.44,108.64,12579,2022-06-15 19:54:00,IBB
108.67,108.74,108.63,108.68,7203,2022-06-15 19:55:00,IBB
108.672,108.672,108.56,108.63,4582,2022-06-15 19:56:00,IBB
108.65,108.65,108.53,108.6,6232,2022-06-15 19:57:00,IBB
108.61,108.665,108.58,108.6,4210,2022-06-15 19:58:00,IBB
108.6,108.65,108.54,108.63,16782,2022-06-15 19:59:00,IBB
108.66,108.66,108.66,108.66,89248,2022-06-15 20:00:00,IBB
108.66,108.66,108.66,108.66,460,2022-06-15 20:01:00,IBB
108.66,108.66,108.66,108.66,2397,2022-06-15 20:05:00,IBB
108.66,108.66,108.66,108.66,368,2022-06-15 20:42:00,IBB
109.1099,109.1099,109.1099,109.1099,100,2022-06-15 20:50:00,IBB
108.36,108.36,108.36,108.36,100,2022-06-15 22:30:00,IBB
106.35,106.35,106.35,106.35,137,2022-06-16 12:07:00,IBB
106.31,106.31,106.31,106.31,900,2022-06-16 12:19:00,IBB
106.66,106.66,106.66,106.66,100,2022-06-16 12:27:00,IBB
106.66,106.66,106.66,106.66,300,2022-06-16 12:28:00,IBB
106.5,106.5,106.5,106.5,200,2022-06-16 13:05:00,IBB
106.5,106.5,106.5,106.5,100,2022-06-16 13:06:00,IBB
106.5,106.5,106.5,106.5,780,2022-06-16 13:24:00,IBB
106.5,106.5,106.5,106.5,1800,2022-06-16 13:25:00,IBB
106.16,106.44,106.035,106.44,23568,2022-06-16 13:30:00,IBB
106.47,106.59,106.42,106.42,7921,2022-06-16 13:31:00,IBB
106.39,106.51,106.3,106.4,1730,2022-06-16 13:32:00,IBB
106.46,106.47,106.18,106.3,5655,2022-06-16 13:33:00,IBB
106.18,106.29,106.1,106.29,2800,2022-06-16 13:34:00,IBB
106.28,106.28,106.08,106.08,7618,2022-06-16 13:35:00,IBB
106.08,106.15,105.96,105.96,7148,2022-06-16 13:36:00,IBB
105.98,106.0301,105.98,106.03,2260,2022-06-16 13:37:00,IBB
105.94,105.94,105.75,105.76,8539,2022-06-16 13:38:00,IBB
105.73,105.88,105.64,105.83,8462,2022-06-16 13:39:00,IBB
105.84,105.84,105.65,105.65,10555,2022-06-16 13:40:00,IBB
105.65,105.69,105.65,105.69,494,2022-06-16 13:41:00,IBB
105.66,105.81,105.66,105.66,2900,2022-06-16 13:42:00,IBB
105.7,105.72,105.49,105.524,1851,2022-06-16 13:43:00,IBB
105.53,105.56,105.44,105.5,5597,2022-06-16 13:44:00,IBB
105.545,105.8,105.545,105.61,3081,2022-06-16 13:45:00,IBB
105.6,105.68,105.42,105.68,30864,2022-06-16 13:46:00,IBB
105.69,105.69,105.46,105.472,6627,2022-06-16 13:47:00,IBB
105.48,105.49,105.35,105.4,7251,2022-06-16 13:48:00,IBB
105.36,105.46,105.33,105.36,4535,2022-06-16 13:49:00,IBB
105.36,105.37,105.2,105.24,7130,2022-06-16 13:50:00,IBB
105.22,105.2599,105.12,105.14,8915,2022-06-16 13:51:00,IBB
105.13,105.18,105.05,105.115,10568,2022-06-16 13:52:00,IBB
105.1,105.1463,105.02,105.02,6381,2022-06-16 13:53:00,IBB
105.0,105.08,104.96,104.99,4585,2022-06-16 13:54:00,IBB
104.98,105.03,104.94,104.94,2487,2022-06-16 13:55:00,IBB
104.92,104.95,104.9,104.91,1597,2022-06-16 13:56:00,IBB
104.96,104.96,104.83,104.89,6520,2022-06-16 13:57:00,IBB
104.89,104.89,104.8,104.88,31636,2022-06-16 13:58:00,IBB
104.94,105.06,104.9,104.9,6564,2022-06-16 13:59:00,IBB
104.86,104.86,104.68,104.68,77928,2022-06-16 14:00:00,IBB
104.67,105.06,104.65,105.05,12459,2022-06-16 14:01:00,IBB
105.04,105.07,104.89,104.91,3247,2022-06-16 14:02:00,IBB
104.91,105.04,104.85,104.95,3829,2022-06-16 14:03:00,IBB
104.94,105.05,104.94,104.98,4695,2022-06-16 14:04:00,IBB
104.95,104.95,104.87,104.8901,16108,2022-06-16 14:05:00,IBB
104.96,105.07,104.88,104.88,13104,2022-06-16 14:06:00,IBB
104.87,104.88,104.7,104.7,19429,2022-06-16 14:07:00,IBB
104.69,104.73,104.56,104.61,6761,2022-06-16 14:08:00,IBB
104.5801,104.68,104.57,104.68,3904,2022-06-16 14:09:00,IBB
104.68,104.73,104.65,104.68,1400,2022-06-16 14:10:00,IBB
104.64,104.64,104.58,104.61,4092,2022-06-16 14:11:00,IBB
104.6,104.71,104.59,104.71,3220,2022-06-16 14:12:00,IBB
104.7,104.84,104.7,104.8,1626,2022-06-16 14:13:00,IBB
104.83,104.95,104.83,104.87,4121,2022-06-16 14:14:00,IBB
104.86,104.94,104.845,104.91,4952,2022-06-16 14:15:00,IBB
104.94,105.07,104.91,105.06,4489,2022-06-16 14:16:00,IBB
105.05,105.18,105.05,105.105,3102,2022-06-16 14:17:00,IBB
105.11,105.12,104.88,104.88,6405,2022-06-16 14:18:00,IBB
104.86,104.86,104.68,104.68,4919,2022-06-16 14:19:00,IBB
104.69,104.815,104.69,104.74,6695,2022-06-16 14:20:00,IBB
104.77,104.9,104.77,104.86,6710,2022-06-16 14:21:00,IBB
104.86,104.9,104.77,104.8,3440,2022-06-16 14:22:00,IBB
104.9,104.95,104.86,104.95,2127,2022-06-16 14:23:00,IBB
104.95,105.02,104.95,105.0,3482,2022-06-16 14:24:00,IBB
104.97,105.02,104.92,104.97,1899,2022-06-16 14:25:00,IBB
104.92,104.94,104.68,104.69,7862,2022-06-16 14:26:00,IBB
104.72,104.78,104.68,104.78,3417,2022-06-16 14:27:00,IBB
104.76,104.97,104.74,104.94,6658,2022-06-16 14:28:00,IBB
104.91,104.92,104.84,104.84,5283,2022-06-16 14:29:00,IBB
104.82,104.82,104.68,104.68,1200,2022-06-16 14:30:00,IBB
104.72,104.83,104.72,104.73,3400,2022-06-16 14:31:00,IBB
104.73,104.73,104.6,104.62,2160,2022-06-16 14:32:00,IBB
104.66,104.76,104.66,104.73,3403,2022-06-16 14:33:00,IBB
104.65,104.66,104.5852,104.65,2410,2022-06-16 14:34:00,IBB
104.61,104.76,104.61,104.73,4352,2022-06-16 14:35:00,IBB
104.72,104.84,104.7,104.72,13011,2022-06-16 14:36:00,IBB
104.7,104.825,104.67,104.825,5002,2022-06-16 14:37:00,IBB
104.79,104.85,104.79,104.8,2560,2022-06-16 14:38:00,IBB
104.81,104.84,104.76,104.8,2700,2022-06-16 14:39:00,IBB
104.77,104.77,104.71,104.719,6484,2022-06-16 14:40:00,IBB
104.7,104.87,104.69,104.83,4300,2022-06-16 14:41:00,IBB
104.8,104.8,104.7,104.74,7227,2022-06-16 14:42:00,IBB
104.71,104.8,104.58,104.6,57544,2022-06-16 14:43:00,IBB
104.58,104.59,104.48,104.48,11261,2022-06-16 14:44:00,IBB
104.47,104.48,104.45,104.47,3524,2022-06-16 14:45:00,IBB
104.45,104.55,104.45,104.55,1850,2022-06-16 14:46:00,IBB
104.48,104.48,104.38,104.4,12810,2022-06-16 14:47:00,IBB
104.41,104.42,104.36,104.42,18389,2022-06-16 14:48:00,IBB
104.38,104.42,104.34,104.34,3713,2022-06-16 14:49:00,IBB
104.3301,104.38,104.29,104.31,4500,2022-06-16 14:50:00,IBB
104.3447,104.425,104.33,104.395,5416,2022-06-16 14:51:00,IBB
104.39,104.46,104.38,104.41,6963,2022-06-16 14:52:00,IBB
104.41,104.42,104.33,104.42,8217,2022-06-16 14:53:00,IBB
104.43,104.59,104.43,104.59,2271,2022-06-16 14:54:00,IBB
104.53,104.6,104.51,104.59,8322,2022-06-16 14:55:00,IBB
104.58,104.69,104.56,104.69,1979,2022-06-16 14:56:00,IBB
104.67,104.67,104.55,104.55,3143,2022-06-16 14:57:00,IBB
104.57,104.605,104.57,104.605,1768,2022-06-16 14:58:00,IBB
104.62,104.62,104.57,104.575,2674,2022-06-16 14:59:00,IBB
104.58,104.68,104.57,104.64,3287,2022-06-16 15:00:00,IBB
104.65,104.76,104.62,104.76,21601,2022-06-16 15:01:00,IBB
104.73,104.74,104.68,104.7073,1700,2022-06-16 15:02:00,IBB
104.7,104.73,104.69,104.73,900,2022-06-16 15:03:00,IBB
104.71,104.73,104.7,104.73,400,2022-06-16 15:04:00,IBB
104.71,104.71,104.63,104.63,2479,2022-06-16 15:05:00,IBB
104.65,104.7,104.62,104.66,17982,2022-06-16 15:06:00,IBB
104.68,104.68,104.62,104.65,1000,2022-06-16 15:07:00,IBB
104.64,104.81,104.6201,104.71,2900,2022-06-16 15:08:00,IBB
104.71,104.83,104.71,104.83,2044,2022-06-16 15:09:00,IBB
104.78,104.78,104.76,104.7617,915,2022-06-16 15:10:00,IBB
104.8,104.96,104.78,104.91,4050,2022-06-16 15:11:00,IBB
104.94,105.02,104.94,104.96,2100,2022-06-16 15:12:00,IBB
104.94,105.05,104.94,105.04,2450,2022-06-16 15:13:00,IBB
104.99,105.01,104.92,105.0,5516,2022-06-16 15:14:00,IBB
104.995,105.27,104.93,105.27,5775,2022-06-16 15:15:00,IBB
105.26,105.27,105.21,105.25,2365,2022-06-16 15:16:00,IBB
105.26,105.26,105.14,105.14,2283,2022-06-16 15:17:00,IBB
105.14,105.28,105.14,105.26,3426,2022-06-16 15:18:00,IBB
105.24,105.24,105.11,105.11,3212,2022-06-16 15:19:00,IBB
105.1431,105.1431,105.02,105.03,1179,2022-06-16 15:20:00,IBB
105.0,105.02,104.93,104.95,4073,2022-06-16 15:21:00,IBB
104.97,104.99,104.91,104.98,4580,2022-06-16 15:22:00,IBB
105.01,105.2,105.01,105.2,2048,2022-06-16 15:23:00,IBB
105.21,105.21,105.13,105.13,500,2022-06-16 15:24:00,IBB
105.15,105.26,105.1,105.23,2406,2022-06-16 15:25:00,IBB
105.23,105.29,105.23,105.29,692,2022-06-16 15:26:00,IBB
105.3,105.39,105.3,105.38,2315,2022-06-16 15:27:00,IBB
105.36,105.41,105.27,105.41,2101,2022-06-16 15:28:00,IBB
105.39,105.39,105.24,105.24,4146,2022-06-16 15:29:00,IBB
105.27,105.28,105.07,105.07,2908,2022-06-16 15:30:00,IBB
105.04,105.12,105.01,105.11,3046,2022-06-16 15:31:00,IBB
105.14,105.14,105.09,105.13,1300,2022-06-16 15:32:00,IBB
105.11,105.17,105.11,105.15,1214,2022-06-16 15:33:00,IBB
105.15,105.19,105.15,105.19,400,2022-06-16 15:34:00,IBB
105.16,105.16,105.12,105.15,400,2022-06-16 15:35:00,IBB
105.08,105.14,105.08,105.12,300,2022-06-16 15:36:00,IBB
105.07,105.15,105.07,105.15,1500,2022-06-16 15:37:00,IBB
105.1591,105.2,105.158,105.2,1819,2022-06-16 15:38:00,IBB
105.23,105.3,105.22,105.3,1046,2022-06-16 15:39:00,IBB
105.303,105.33,105.28,105.29,1544,2022-06-16 15:40:00,IBB
105.22,105.22,105.2,105.2,200,2022-06-16 15:41:00,IBB
105.04,105.05,104.89,104.89,1195,2022-06-16 15:42:00,IBB
104.87,104.95,104.87,104.95,670,2022-06-16 15:43:00,IBB
104.92,105.0,104.91,105.0,2217,2022-06-16 15:44:00,IBB
104.9153,104.97,104.9153,104.97,725,2022-06-16 15:45:00,IBB
104.93,104.98,104.88,104.88,1837,2022-06-16 15:46:00,IBB
104.86,104.88,104.8,104.84,7400,2022-06-16 15:47:00,IBB
104.87,104.88,104.85,104.86,2042,2022-06-16 15:48:00,IBB
104.85,104.89,104.83,104.89,1046,2022-06-16 15:49:00,IBB
104.93,104.97,104.79,104.79,9524,2022-06-16 15:50:00,IBB
104.77,104.775,104.67,104.74,8261,2022-06-16 15:51:00,IBB
104.75,104.82,104.7332,104.8,2589,2022-06-16 15:52:00,IBB
104.7844,104.8,104.7755,104.7755,513,2022-06-16 15:53:00,IBB
104.82,104.83,104.75,104.75,900,2022-06-16 15:54:00,IBB
104.73,104.76,104.73,104.76,713,2022-06-16 15:55:00,IBB
104.77,104.8671,104.77,104.82,5144,2022-06-16 15:56:00,IBB
104.815,104.87,104.8,104.85,19084,2022-06-16 15:57:00,IBB
104.83,104.9267,104.82,104.9267,15483,2022-06-16 15:58:00,IBB
104.92,105.09,104.92,105.09,4732,2022-06-16 15:59:00,IBB
105.08,105.1,105.01,105.01,600,2022-06-16 16:00:00,IBB
105.08,105.09,104.97,104.97,1005,2022-06-16 16:01:00,IBB
104.94,104.98,104.91,104.94,2295,2022-06-16 16:02:00,IBB
104.93,105.085,104.93,105.07,3461,2022-06-16 16:03:00,IBB
105.04,105.04,105.0,105.01,600,2022-06-16 16:04:00,IBB
104.98,105.07,104.94,105.05,1283,2022-06-16 16:05:00,IBB
105.05,105.13,105.0368,105.04,1130,2022-06-16 16:06:00,IBB
105.04,105.04,105.0239,105.0239,600,2022-06-16 16:07:00,IBB
105.01,105.01,105.01,105.01,100,2022-06-16 16:08:00,IBB
105.0736,105.08,105.05,105.05,945,2022-06-16 16:09:00,IBB
105.04,105.14,105.04,105.14,899,2022-06-16 16:10:00,IBB
105.12,105.12,105.06,105.06,918,2022-06-16 16:11:00,IBB
105.06,105.09,105.05,105.08,945,2022-06-16 16:12:00,IBB
105.11,105.1336,105.11,105.11,2175,2022-06-16 16:13:00,IBB
105.19,105.19,105.19,105.19,1100,2022-06-16 16:14:00,IBB
105.23,105.27,105.23,105.23,1401,2022-06-16 16:15:00,IBB
105.3,105.3,105.3,105.3,400,2022-06-16 16:16:00,IBB
105.32,105.39,105.32,105.39,300,2022-06-16 16:17:00,IBB
105.45,105.51,105.44,105.44,2898,2022-06-16 16:18:00,IBB
105.41,105.43,105.39,105.39,1200,2022-06-16 16:19:00,IBB
105.35,105.46,105.33,105.46,1029,2022-06-16 16:20:00,IBB
105.48,105.498,105.45,105.49,804,2022-06-16 16:21:00,IBB
105.42,105.465,105.42,105.44,3507,2022-06-16 16:22:00,IBB
105.41,105.41,105.36,105.39,2619,2022-06-16 16:23:00,IBB
105.37,105.41,105.37,105.41,400,2022-06-16 16:24:00,IBB
105.4,105.4,105.4,105.4,750,2022-06-16 16:25:00,IBB
105.44,105.46,105.4314,105.45,1582,2022-06-16 16:26:00,IBB
105.47,105.51,105.43,105.51,2223,2022-06-16 16:27:00,IBB
105.42,105.45,105.4,105.4,550,2022-06-16 16:28:00,IBB
105.45,105.66,105.45,105.64,2804,2022-06-16 16:29:00,IBB
105.68,105.68,105.57,105.62,1279,2022-06-16 16:30:00,IBB
105.56,105.56,105.49,105.49,2973,2022-06-16 16:31:00,IBB
105.53,105.59,105.52,105.59,2237,2022-06-16 16:32:00,IBB
105.63,105.78,105.63,105.78,22022,2022-06-16 16:33:00,IBB
105.77,105.81,105.71,105.71,2095,2022-06-16 16:34:00,IBB
105.7,105.7,105.55,105.55,5045,2022-06-16 16:35:00,IBB
105.55,105.55,105.45,105.47,3524,2022-06-16 16:36:00,IBB
105.5,105.54,105.5,105.53,5789,2022-06-16 16:37:00,IBB
105.52,105.63,105.52,105.63,5911,2022-06-16 16:38:00,IBB
105.64,105.64,105.561,105.561,3970,2022-06-16 16:39:00,IBB
105.58,105.71,105.58,105.71,5499,2022-06-16 16:40:00,IBB
105.73,105.73,105.62,105.62,2061,2022-06-16 16:41:00,IBB
105.58,105.63,105.57,105.62,3444,2022-06-16 16:42:00,IBB
105.62,105.69,105.6,105.69,2172,2022-06-16 16:43:00,IBB
105.69,105.88,105.69,105.82,6510,2022-06-16 16:44:00,IBB
105.81,105.85,105.76,105.82,5810,2022-06-16 16:45:00,IBB
105.85,105.9,105.84,105.859,1676,2022-06-16 16:46:00,IBB
105.88,105.89,105.82,105.89,1332,2022-06-16 16:47:00,IBB
105.88,105.93,105.88,105.93,700,2022-06-16 16:48:00,IBB
105.96,106.0465,105.92,105.9631,5079,2022-06-16 16:49:00,IBB
105.95,105.9533,105.92,105.9533,5255,2022-06-16 16:50:00,IBB
105.98,106.05,105.96,105.96,2326,2022-06-16 16:51:00,IBB
105.95,106.0,105.87,106.0,3673,2022-06-16 16:52:00,IBB
105.98,105.98,105.82,105.82,2187,2022-06-16 16:53:00,IBB
105.8,105.84,105.8,105.84,661,2022-06-16 16:54:00,IBB
105.78,105.78,105.74,105.74,2226,2022-06-16 16:55:00,IBB
105.745,105.77,105.72,105.73,2253,2022-06-16 16:56:00,IBB
105.75,105.76,105.68,105.69,1405,2022-06-16 16:57:00,IBB
105.67,105.67,105.62,105.62,900,2022-06-16 16:58:00,IBB
105.6,105.72,105.56,105.72,9606,2022-06-16 16:59:00,IBB
105.73,105.76,105.68,105.69,3880,2022-06-16 17:00:00,IBB
105.69,105.8,105.69,105.78,1400,2022-06-16 17:01:00,IBB
105.85,105.85,105.72,105.77,1130,2022-06-16 17:02:00,IBB
105.8,105.8,105.65,105.6799,3778,2022-06-16 17:03:00,IBB
105.6709,105.6709,105.57,105.58,3490,2022-06-16 17:04:00,IBB
105.6,105.64,105.59,105.64,600,2022-06-16 17:05:00,IBB
105.61,105.67,105.55,105.67,1550,2022-06-16 17:06:00,IBB
105.72,105.9,105.71,105.89,4217,2022-06-16 17:07:00,IBB
105.97,105.98,105.94,105.94,1648,2022-06-16 17:08:00,IBB
105.89,105.91,105.85,105.9,1300,2022-06-16 17:09:00,IBB
105.91,105.91,105.8,105.8301,1800,2022-06-16 17:10:00,IBB
105.8,105.96,105.8,105.93,55498,2022-06-16 17:11:00,IBB
105.92,106.02,105.92,106.0,30557,2022-06-16 17:12:00,IBB
106.0,106.02,105.94,106.01,67193,2022-06-16 17:13:00,IBB
105.986,105.986,105.95,105.96,1801,2022-06-16 17:14:00,IBB
105.96,105.99,105.9593,105.96,638,2022-06-16 17:15:00,IBB
105.88,105.88,105.83,105.83,630,2022-06-16 17:16:00,IBB
105.84,105.94,105.84,105.94,2960,2022-06-16 17:17:00,IBB
105.96,105.96,105.9304,105.9304,900,2022-06-16 17:18:00,IBB
105.87,105.87,105.82,105.83,6571,2022-06-16 17:19:00,IBB
105.81,105.83,105.79,105.81,800,2022-06-16 17:20:00,IBB
105.74,105.74,105.68,105.72,2132,2022-06-16 17:21:00,IBB
105.68,105.75,105.68,105.73,742,2022-06-16 17:22:00,IBB
105.72,105.73,105.68,105.7,1260,2022-06-16 17:23:00,IBB
105.67,105.71,105.67,105.7,1239,2022-06-16 17:24:00,IBB
105.68,105.72,105.65,105.69,2325,2022-06-16 17:25:00,IBB
105.69,105.755,105.69,105.755,4654,2022-06-16 17:26:00,IBB
105.76,105.93,105.73,105.87,9608,2022-06-16 17:27:00,IBB
105.92,106.12,105.92,106.0954,6194,2022-06-16 17:28:00,IBB
106.18,106.22,106.1,106.14,4454,2022-06-16 17:29:00,IBB
106.1,106.21,106.0,106.19,2068,2022-06-16 17:30:00,IBB
106.19,106.22,106.14,106.14,3214,2022-06-16 17:31:00,IBB
105.98,106.11,105.97,106.11,1000,2022-06-16 17:32:00,IBB
106.2,106.24,106.18,106.21,2992,2022-06-16 17:33:00,IBB
106.23,106.23,106.14,106.22,4065,2022-06-16 17:34:00,IBB
106.23,106.25,106.1,106.12,2123,2022-06-16 17:35:00,IBB
106.14,106.16,106.1,106.11,2600,2022-06-16 17:36:00,IBB
106.09,106.09,106.04,106.08,1116,2022-06-16 17:37:00,IBB
106.08,106.14,106.05,106.14,2556,2022-06-16 17:38:00,IBB
106.12,106.21,106.12,106.15,6350,2022-06-16 17:39:00,IBB
106.19,106.2,106.05,106.05,3243,2022-06-16 17:40:00,IBB
105.99,106.06,105.99,106.02,2297,2022-06-16 17:41:00,IBB
105.97,106.06,105.97,106.02,1453,2022-06-16 17:42:00,IBB
106.05,106.1,106.02,106.03,2396,2022-06-16 17:43:00,IBB
106.0163,106.0163,105.935,105.94,1937,2022-06-16 17:44:00,IBB
105.92,105.93,105.85,105.87,3073,2022-06-16 17:45:00,IBB
105.892,105.92,105.86,105.87,2850,2022-06-16 17:46:00,IBB
105.87,105.87,105.79,105.84,2700,2022-06-16 17:47:00,IBB
105.83,105.87,105.8,105.86,4310,2022-06-16 17:48:00,IBB
105.86,105.86,105.782,105.85,1598,2022-06-16 17:49:00,IBB
105.87,105.9,105.8,105.8,2243,2022-06-16 17:50:00,IBB
105.76,105.77,105.715,105.76,1320,2022-06-16 17:51:00,IBB
105.74,105.78,105.72,105.78,942,2022-06-16 17:52:00,IBB
105.74,105.87,105.74,105.83,800,2022-06-16 17:53:00,IBB
105.84,105.87,105.82,105.86,5297,2022-06-16 17:54:00,IBB
105.84,105.92,105.84,105.87,2987,2022-06-16 17:55:00,IBB
105.88,105.88,105.8,105.85,1758,2022-06-16 17:56:00,IBB
105.8502,105.89,105.8502,105.885,405,2022-06-16 17:57:00,IBB
105.79,105.8,105.72,105.73,2496,2022-06-16 17:58:00,IBB
105.72,105.75,105.63,105.64,4405,2022-06-16 17:59:00,IBB
105.59,105.64,105.58,105.6,3536,2022-06-16 18:00:00,IBB
105.595,105.74,105.5922,105.74,4493,2022-06-16 18:01:00,IBB
105.73,105.73,105.65,105.67,1600,2022-06-16 18:02:00,IBB
105.675,105.8,105.675,105.77,3178,2022-06-16 18:03:00,IBB
105.75,105.78,105.745,105.77,900,2022-06-16 18:04:00,IBB
105.76,105.77,105.73,105.73,800,2022-06-16 18:05:00,IBB
105.7,105.72,105.7,105.72,500,2022-06-16 18:06:00,IBB
105.642,105.67,105.6154,105.6154,927,2022-06-16 18:07:00,IBB
105.65,105.65,105.6,105.6,1612,2022-06-16 18:08:00,IBB
105.64,105.682,105.64,105.682,2501,2022-06-16 18:09:00,IBB
105.7105,105.7105,105.68,105.69,704,2022-06-16 18:10:00,IBB
105.68,105.74,105.67,105.67,6870,2022-06-16 18:11:00,IBB
105.68,105.69,105.64,105.64,2032,2022-06-16 18:12:00,IBB
105.62,105.67,105.61,105.65,26009,2022-06-16 18:13:00,IBB
105.67,105.71,105.67,105.68,2782,2022-06-16 18:14:00,IBB
105.64,105.64,105.54,105.54,1100,2022-06-16 18:15:00,IBB
105.52,105.58,105.52,105.56,500,2022-06-16 18:16:00,IBB
105.515,105.53,105.48,105.492,1384,2022-06-16 18:17:00,IBB
105.47,105.57,105.45,105.57,5815,2022-06-16 18:18:00,IBB
105.55,105.63,105.54,105.61,2524,2022-06-16 18:19:00,IBB
105.6,105.64,105.57,105.58,2555,2022-06-16 18:20:00,IBB
105.57,105.58,105.545,105.58,3212,2022-06-16 18:21:00,IBB
105.5737,105.5737,105.5,105.5,21724,2022-06-16 18:22:00,IBB
105.5,105.52,105.47,105.52,6718,2022-06-16 18:23:00,IBB
105.53,105.58,105.51,105.52,8088,2022-06-16 18:24:00,IBB
105.51,105.56,105.51,105.54,1575,2022-06-16 18:25:00,IBB
105.55,105.55,105.5,105.5,2503,2022-06-16 18:26:00,IBB
105.49,105.52,105.4636,105.47,1065,2022-06-16 18:27:00,IBB
105.39,105.39,105.38,105.38,833,2022-06-16 18:28:00,IBB
105.4,105.42,105.39,105.4,900,2022-06-16 18:29:00,IBB
105.38,105.46,105.38,105.46,1621,2022-06-16 18:30:00,IBB
105.5,105.57,105.5,105.55,1935,2022-06-16 18:31:00,IBB
105.52,105.52,105.461,105.5,11923,2022-06-16 18:32:00,IBB
105.46,105.485,105.42,105.42,4649,2022-06-16 18:33:00,IBB
105.43,105.44,105.37,105.4,46063,2022-06-16 18:34:00,IBB
105.395,105.44,105.36,105.39,14484,2022-06-16 18:35:00,IBB
105.39,105.46,105.36,105.44,5720,2022-06-16 18:36:00,IBB
105.42,105.42,105.36,105.42,3889,2022-06-16 18:37:00,IBB
105.4,105.47,105.38,105.442,7939,2022-06-16 18:38:00,IBB
105.46,105.48,105.37,105.41,3538,2022-06-16 18:39:00,IBB
105.42,105.61,105.42,105.545,5834,2022-06-16 18:40:00,IBB
105.57,105.64,105.57,105.57,2510,2022-06-16 18:41:00,IBB
105.555,105.555,105.52,105.52,2760,2022-06-16 18:42:00,IBB
105.51,105.54,105.5,105.52,1230,2022-06-16 18:43:00,IBB
105.52,105.52,105.48,105.52,2200,2022-06-16 18:44:00,IBB
105.5295,105.59,105.5,105.57,3501,2022-06-16 18:45:00,IBB
105.57,105.57,105.53,105.53,1515,2022-06-16 18:46:00,IBB
105.48,105.48,105.4,105.42,8598,2022-06-16 18:47:00,IBB
105.42,105.42,105.26,105.28,18326,2022-06-16 18:48:00,IBB
105.29,105.305,105.2,105.2,18761,2022-06-16 18:49:00,IBB
105.23,105.28,105.21,105.26,4291,2022-06-16 18:50:00,IBB
105.27,105.3,105.26,105.27,1016,2022-06-16 18:51:00,IBB
105.26,105.28,105.22,105.26,6763,2022-06-16 18:52:00,IBB
105.26,105.26,105.19,105.1901,2300,2022-06-16 18:53:00,IBB
105.19,105.24,105.19,105.24,2921,2022-06-16 18:54:00,IBB
105.2304,105.3,105.2237,105.3,1422,2022-06-16 18:55:00,IBB
105.32,105.43,105.32,105.43,1950,2022-06-16 18:56:00,IBB
105.385,105.39,105.33,105.33,4010,2022-06-16 18:57:00,IBB
105.34,105.38,105.33,105.35,3922,2022-06-16 18:58:00,IBB
105.37,105.45,105.37,105.44,15442,2022-06-16 18:59:00,IBB
105.42,105.63,105.405,105.62,9957,2022-06-16 19:00:00,IBB
105.64,105.76,105.605,105.76,3807,2022-06-16 19:01:00,IBB
105.79,105.79,105.69,105.75,1630,2022-06-16 19:02:00,IBB
105.74,105.82,105.69,105.81,3912,2022-06-16 19:03:00,IBB
105.87,105.93,105.85,105.91,1600,2022-06-16 19:04:00,IBB
105.85,105.87,105.77,105.77,1350,2022-06-16 19:05:00,IBB
105.791,105.82,105.7,105.8,12039,2022-06-16 19:06:00,IBB
105.81,105.87,105.77,105.87,5283,2022-06-16 19:07:00,IBB
105.88,105.95,105.83,105.95,3815,2022-06-16 19:08:00,IBB
105.96,106.08,105.86,106.07,7753,2022-06-16 19:09:00,IBB
106.08,106.22,106.08,106.14,5380,2022-06-16 19:10:00,IBB
106.115,106.13,106.091,106.12,2416,2022-06-16 19:11:00,IBB
106.13,106.14,105.9848,105.9848,2424,2022-06-16 19:12:00,IBB
105.96,105.96,105.92,105.92,10120,2022-06-16 19:13:00,IBB
105.88,105.98,105.86,105.92,27206,2022-06-16 19:14:00,IBB
105.87,105.87,105.76,105.76,3327,2022-06-16 19:15:00,IBB
105.77,105.83,105.76,105.7725,4267,2022-06-16 19:16:00,IBB
105.78,105.9,105.78,105.9,5978,2022-06-16 19:17:00,IBB
105.9,105.9,105.77,105.78,2717,2022-06-16 19:18:00,IBB
105.785,105.9,105.77,105.89,4196,2022-06-16 19:19:00,IBB
105.9,106.02,105.9,105.92,4700,2022-06-16 19:20:00,IBB
105.91,105.94,105.845,105.845,5011,2022-06-16 19:21:00,IBB
105.82,105.9,105.82,105.86,2300,2022-06-16 19:22:00,IBB
105.84,105.96,105.84,105.94,4827,2022-06-16 19:23:00,IBB
105.94,105.952,105.88,105.88,2274,2022-06-16 19:24:00,IBB
105.86,105.93,105.83,105.91,2139,2022-06-16 19:25:00,IBB
105.99,106.01,105.97,105.97,3634,2022-06-16 19:26:00,IBB
106.0,106.12,106.0,106.08,2479,2022-06-16 19:27:00,IBB
106.06,106.11,106.06,106.08,4336,2022-06-16 19:28:00,IBB
106.05,106.06,105.92,105.95,4386,2022-06-16 19:29:00,IBB
105.93,105.94,105.851,105.9167,3159,2022-06-16 19:30:00,IBB
105.92,105.93,105.805,105.805,3000,2022-06-16 19:31:00,IBB
105.78,105.79,105.665,105.7,5087,2022-06-16 19:32:00,IBB
105.7,105.7,105.62,105.67,3411,2022-06-16 19:33:00,IBB
105.65,105.65,105.45,105.45,4251,2022-06-16 19:34:00,IBB
105.46,105.5,105.45,105.49,5107,2022-06-16 19:35:00,IBB
105.5,105.64,105.5,105.64,6986,2022-06-16 19:36:00,IBB
105.63,105.74,105.62,105.72,10721,2022-06-16 19:37:00,IBB
105.68,105.76,105.62,105.76,4401,2022-06-16 19:38:00,IBB
105.76,105.87,105.76,105.82,5803,2022-06-16 19:39:00,IBB
105.84,105.98,105.84,105.91,8919,2022-06-16 19:40:00,IBB
105.91,105.97,105.77,105.78,19272,2022-06-16 19:41:00,IBB
105.78,105.84,105.72,105.82,7609,2022-06-16 19:42:00,IBB
105.79,105.84,105.78,105.78,6225,2022-06-16 19:43:00,IBB
105.77,105.77,105.69,105.71,6712,2022-06-16 19:44:00,IBB
105.7,105.76,105.67,105.74,3986,2022-06-16 19:45:00,IBB
105.75,105.75,105.64,105.64,8070,2022-06-16 19:46:00,IBB
105.63,105.71,105.62,105.65,10373,2022-06-16 19:47:00,IBB
105.65,105.73,105.62,105.63,6901,2022-06-16 19:48:00,IBB
105.63,105.63,105.55,105.6,14231,2022-06-16 19:49:00,IBB
105.62,105.66,105.48,105.6184,24203,2022-06-16 19:50:00,IBB
105.64,105.65,105.55,105.55,11606,2022-06-16 19:51:00,IBB
105.565,105.76,105.565,105.75,10512,2022-06-16 19:52:00,IBB
105.74,105.755,105.63,105.695,11060,2022-06-16 19:53:00,IBB
105.69,105.7401,105.62,105.7401,16822,2022-06-16 19:54:00,IBB
105.76,105.79,105.71,105.78,10300,2022-06-16 19:55:00,IBB
105.78,105.89,105.77,105.87,7730,2022-06-16 19:56:00,IBB
105.85,105.95,105.85,105.92,13144,2022-06-16 19:57:00,IBB
105.93,105.96,105.86,105.93,12518,2022-06-16 19:58:00,IBB
105.93,105.98,105.89,105.98,20145,2022-06-16 19:59:00,IBB
105.7,105.82,105.7,105.82,13076,2022-06-16 20:00:00,IBB
105.82,105.82,105.82,105.82,1221,2022-06-16 20:01:00,IBB
105.82,105.82,105.82,105.82,3900,2022-06-16 20:12:00,IBB
105.917051,105.917051,105.917051,105.917051,1092,2022-06-16 20:18:00,IBB
105.82,105.82,105.82,105.82,299,2022-06-16 20:47:00,IBB
106.58,106.66,106.58,106.66,600,2022-06-17 08:00:00,IBB
107.17,107.17,107.17,107.17,400,2022-06-17 09:12:00,IBB
107.17,107.18,107.17,107.18,600,2022-06-17 09:13:00,IBB
107.0,107.0,107.0,107.0,100,2022-06-17 11:43:00,IBB
107.0,107.0,107.0,107.0,300,2022-06-17 11:44:00,IBB
107.0,107.0,107.0,107.0,100,2022-06-17 12:20:00,IBB
106.32,106.99,106.32,106.88,21908,2022-06-17 13:30:00,IBB
106.85,107.26,106.77,107.22,2574,2022-06-17 13:31:00,IBB
107.38,107.47,107.26,107.26,1350,2022-06-17 13:32:00,IBB
107.44,107.59,107.4,107.55,4927,2022-06-17 13:33:00,IBB
107.67,107.83,107.62,107.83,1445,2022-06-17 13:34:00,IBB
107.92,108.16,107.92,108.12,11849,2022-06-17 13:35:00,IBB
108.14,108.25,107.99,108.25,8778,2022-06-17 13:36:00,IBB
108.23,108.25,108.19,108.25,3229,2022-06-17 13:37:00,IBB
108.26,108.53,108.26,108.53,3641,2022-06-17 13:38:00,IBB
108.54,108.54,108.28,108.44,2896,2022-06-17 13:39:00,IBB
108.47,108.61,108.43,108.59,5467,2022-06-17 13:40:00,IBB
108.65,108.87,108.64,108.84,6948,2022-06-17 13:41:00,IBB
108.87,108.99,108.76,108.76,3100,2022-06-17 13:42:00,IBB
108.75,108.8,108.56,108.57,7396,2022-06-17 13:43:00,IBB
108.55,108.66,108.4775,108.64,2100,2022-06-17 13:44:00,IBB
108.71,108.97,108.71,108.89,7201,2022-06-17 13:45:00,IBB
108.91,108.92,108.86,108.87,3605,2022-06-17 13:46:00,IBB
108.85,108.85,108.69,108.75,10466,2022-06-17 13:47:00,IBB
108.72,108.85,108.68,108.718,8654,2022-06-17 13:48:00,IBB
108.77,108.79,108.61,108.675,4848,2022-06-17 13:49:00,IBB
108.65,108.87,108.64,108.75,4690,2022-06-17 13:50:00,IBB
108.74,109.11,108.74,109.11,7443,2022-06-17 13:51:00,IBB
109.1,109.16,109.04,109.05,5800,2022-06-17 13:52:00,IBB
109.0365,109.11,109.0,109.07,1864,2022-06-17 13:53:00,IBB
109.15,109.15,108.97,108.98,4174,2022-06-17 13:54:00,IBB
108.99,109.09,108.94,108.97,4677,2022-06-17 13:55:00,IBB
108.96,109.02,108.9,109.01,1762,2022-06-17 13:56:00,IBB
109.0,109.03,108.9186,108.96,1498,2022-06-17 13:57:00,IBB
108.97,109.03,108.895,109.03,2376,2022-06-17 13:58:00,IBB
109.02,109.16,108.98,109.085,9100,2022-06-17 13:59:00,IBB
109.1,109.17,108.99,109.06,7743,2022-06-17 14:00:00,IBB
109.0,109.0,108.62,108.68,5230,2022-06-17 14:01:00,IBB
108.67,108.87,108.64,108.71,21683,2022-06-17 14:02:00,IBB
108.72,108.72,108.535,108.55,12596,2022-06-17 14:03:00,IBB
108.57,108.72,108.53,108.63,14675,2022-06-17 14:04:00,IBB
108.65,108.7,108.54,108.6,14967,2022-06-17 14:05:00,IBB
108.59,108.66,108.57,108.6,2776,2022-06-17 14:06:00,IBB
108.66,108.75,108.53,108.53,2631,2022-06-17 14:07:00,IBB
108.54,108.56,108.42,108.46,40245,2022-06-17 14:08:00,IBB
108.44,108.44,108.22,108.28,3930,2022-06-17 14:09:00,IBB
108.34,108.43,108.33,108.37,983,2022-06-17 14:10:00,IBB
108.34,108.37,108.28,108.28,800,2022-06-17 14:11:00,IBB
108.3,108.35,108.27,108.35,2615,2022-06-17 14:12:00,IBB
108.33,108.33,108.188,108.188,1020,2022-06-17 14:13:00,IBB
108.19,108.32,108.15,108.32,1000,2022-06-17 14:14:00,IBB
108.33,108.4,108.15,108.17,42659,2022-06-17 14:15:00,IBB
108.19,108.215,107.95,107.95,5163,2022-06-17 14:16:00,IBB
107.95,107.98,107.83,107.91,3023,2022-06-17 14:17:00,IBB
107.92,108.12,107.92,108.12,1422,2022-06-17 14:18:00,IBB
108.08,108.09,108.05,108.09,600,2022-06-17 14:19:00,IBB
108.03,108.04,107.87,107.87,1100,2022-06-17 14:20:00,IBB
107.87,107.88,107.75,107.78,21644,2022-06-17 14:21:00,IBB
107.8,107.83,107.59,107.63,45050,2022-06-17 14:22:00,IBB
107.63,107.88,107.62,107.88,2318,2022-06-17 14:23:00,IBB
107.9,107.91,107.8601,107.91,1525,2022-06-17 14:24:00,IBB
107.91,108.0,107.83,108.0,910,2022-06-17 14:25:00,IBB
107.93,108.04,107.93,107.94,1200,2022-06-17 14:26:00,IBB
107.95,107.99,107.91,107.91,3400,2022-06-17 14:27:00,IBB
107.87,108.0,107.81,108.0,2272,2022-06-17 14:28:00,IBB
107.98,108.06,107.98,108.05,2915,2022-06-17 14:29:00,IBB
108.01,108.62,108.01,108.6,17955,2022-06-17 14:30:00,IBB
108.58,108.94,108.58,108.59,83753,2022-06-17 14:31:00,IBB
108.54,109.11,108.54,109.1,23128,2022-06-17 14:32:00,IBB
109.1,109.25,109.1,109.2,51112,2022-06-17 14:33:00,IBB
109.21,109.23,108.71,108.74,57856,2022-06-17 14:34:00,IBB
108.66,108.72,108.27,108.27,51084,2022-06-17 14:35:00,IBB
108.28,108.55,108.2,108.53,36677,2022-06-17 14:36:00,IBB
108.52,108.95,108.52,108.94,16551,2022-06-17 14:37:00,IBB
108.91,109.15,108.91,109.11,19935,2022-06-17 14:38:00,IBB
109.09,109.17,109.0,109.17,16465,2022-06-17 14:39:00,IBB
109.13,109.345,109.095,109.24,16287,2022-06-17 14:40:00,IBB
109.18,109.18,108.94,108.95,5950,2022-06-17 14:41:00,IBB
108.86,109.16,108.86,109.14,9826,2022-06-17 14:42:00,IBB
109.15,109.18,109.07,109.18,9052,2022-06-17 14:43:00,IBB
109.21,109.35,109.21,109.32,3458,2022-06-17 14:44:00,IBB
109.3,109.35,109.16,109.2,5714,2022-06-17 14:45:00,IBB
109.21,109.28,109.18,109.24,5575,2022-06-17 14:46:00,IBB
109.18,109.23,109.07,109.08,5344,2022-06-17 14:47:00,IBB
109.07,109.19,109.07,109.1,6796,2022-06-17 14:48:00,IBB
109.06,109.17,109.03,109.13,6743,2022-06-17 14:49:00,IBB
109.07,109.17,109.01,109.13,16545,2022-06-17 14:50:00,IBB
109.15,109.15,108.95,109.04,3983,2022-06-17 14:51:00,IBB
109.04,109.1,109.0,109.05,6328,2022-06-17 14:52:00,IBB
109.07,109.17,109.04,109.17,25709,2022-06-17 14:53:00,IBB
109.19,109.25,109.19,109.25,2256,2022-06-17 14:54:00,IBB
109.23,109.28,109.12,109.25,6013,2022-06-17 14:55:00,IBB
109.26,109.46,109.22,109.42,11549,2022-06-17 14:56:00,IBB
109.43,109.44,109.31,109.34,8601,2022-06-17 14:57:00,IBB
109.4,109.66,109.35,109.44,138605,2022-06-17 14:58:00,IBB
109.435,109.445,109.29,109.29,43104,2022-06-17 14:59:00,IBB
109.31,109.31,109.12,109.13,17732,2022-06-17 15:00:00,IBB
109.11,109.36,109.02,109.34,14398,2022-06-17 15:01:00,IBB
109.34,109.66,109.32,109.62,15062,2022-06-17 15:02:00,IBB
109.59,109.67,109.55,109.64,12265,2022-06-17 15:03:00,IBB
109.64,109.68,109.52,109.52,11760,2022-06-17 15:04:00,IBB
109.53,109.66,109.5,109.64,4212,2022-06-17 15:05:00,IBB
109.68,109.7,109.62,109.64,6177,2022-06-17 15:06:00,IBB
109.65,109.84,109.64,109.83,24255,2022-06-17 15:07:00,IBB
109.86,109.89,109.79,109.82,8193,2022-06-17 15:08:00,IBB
109.85,110.07,109.85,110.07,26027,2022-06-17 15:09:00,IBB
110.08,110.09,109.81,109.81,12438,2022-06-17 15:10:00,IBB
109.79,109.81,109.67,109.73,2800,2022-06-17 15:11:00,IBB
109.73,109.73,109.61,109.6365,6641,2022-06-17 15:12:00,IBB
109.66,109.7,109.61,109.7,2441,2022-06-17 15:13:00,IBB
109.71,109.74,109.635,109.66,2367,2022-06-17 15:14:00,IBB
109.6463,109.85,109.6463,109.76,14619,2022-06-17 15:15:00,IBB
109.76,109.95,109.75,109.85,10507,2022-06-17 15:16:00,IBB
109.85,109.88,109.72,109.72,3295,2022-06-17 15:17:00,IBB
109.82,109.83,109.71,109.79,1869,2022-06-17 15:18:00,IBB
109.83,110.04,109.83,110.01,15170,2022-06-17 15:19:00,IBB
110.03,110.05,109.75,109.8,3546,2022-06-17 15:20:00,IBB
109.79,109.83,109.75,109.8199,4156,2022-06-17 15:21:00,IBB
109.79,109.79,109.67,109.72,4275,2022-06-17 15:22:00,IBB
109.69,109.83,109.67,109.73,6093,2022-06-17 15:23:00,IBB
109.7,109.7,109.57,109.64,7121,2022-06-17 15:24:00,IBB
109.64,109.66,109.54,109.6,8924,2022-06-17 15:25:00,IBB
109.61,109.695,109.53,109.695,3288,2022-06-17 15:26:00,IBB
109.69,109.82,109.69,109.82,4909,2022-06-17 15:27:00,IBB
109.82,109.86,109.73,109.83,9322,2022-06-17 15:28:00,IBB
109.82,109.88,109.74,109.88,3144,2022-06-17 15:29:00,IBB
109.89,110.12,109.89,110.12,5134,2022-06-17 15:30:00,IBB
110.15,110.29,110.15,110.22,33727,2022-06-17 15:31:00,IBB
110.21,110.28,110.2,110.23,5099,2022-06-17 15:32:00,IBB
110.2,110.27,110.08,110.08,6882,2022-06-17 15:33:00,IBB
110.09,110.09,109.94,109.95,2213,2022-06-17 15:34:00,IBB
109.93,110.01,109.83,109.87,4105,2022-06-17 15:35:00,IBB
109.85,109.93,109.81,109.82,2669,2022-06-17 15:36:00,IBB
109.78,109.92,109.76,109.88,3300,2022-06-17 15:37:00,IBB
109.83,109.87,109.78,109.81,5100,2022-06-17 15:38:00,IBB
109.78,109.92,109.76,109.92,5000,2022-06-17 15:39:00,IBB
109.96,110.03,109.9,109.99,7521,2022-06-17 15:40:00,IBB
109.975,110.02,109.96,110.02,2557,2022-06-17 15:41:00,IBB
109.98,109.98,109.86,109.9,2576,2022-06-17 15:42:00,IBB
109.89,109.9501,109.89,109.94,4876,2022-06-17 15:43:00,IBB
109.93,109.95,109.74,109.74,3477,2022-06-17 15:44:00,IBB
109.68,109.84,109.66,109.84,3538,2022-06-17 15:45:00,IBB
109.86,109.87,109.82,109.82,2433,2022-06-17 15:46:00,IBB
109.85,109.92,109.85,109.9,8915,2022-06-17 15:47:00,IBB
109.91,110.02,109.89,109.99,9725,2022-06-17 15:48:00,IBB
109.99,110.07,109.99,110.02,12148,2022-06-17 15:49:00,IBB
110.02,110.06,109.88,109.88,5433,2022-06-17 15:50:00,IBB
109.86,109.88,109.74,109.79,6723,2022-06-17 15:51:00,IBB
109.78,109.8,109.6931,109.8,7756,2022-06-17 15:52:00,IBB
109.81,109.98,109.8,109.9736,5730,2022-06-17 15:53:00,IBB
109.99,110.06,109.89,109.94,8876,2022-06-17 15:54:00,IBB
109.97,110.0,109.92,109.92,2237,2022-06-17 15:55:00,IBB
109.96,109.98,109.88,109.88,4490,2022-06-17 15:56:00,IBB
109.89,110.07,109.85,110.02,10481,2022-06-17 15:57:00,IBB
110.01,110.02,109.95,110.0,6899,2022-06-17 15:58:00,IBB
110.02,110.11,110.0,110.01,10140,2022-06-17 15:59:00,IBB
109.96,109.96,109.77,109.91,3758,2022-06-17 16:00:00,IBB
109.9,109.9,109.8,109.8,1684,2022-06-17 16:01:00,IBB
109.79,109.79,109.65,109.65,1300,2022-06-17 16:02:00,IBB
109.63,109.63,109.56,109.61,5981,2022-06-17 16:03:00,IBB
109.63,109.81,109.63,109.81,13661,2022-06-17 16:04:00,IBB
109.81,109.85,109.74,109.78,7835,2022-06-17 16:05:00,IBB
109.74,109.86,109.72,109.86,3836,2022-06-17 16:06:00,IBB
109.91,109.96,109.89,109.92,4493,2022-06-17 16:07:00,IBB
109.89,109.89,109.8,109.8,2573,2022-06-17 16:08:00,IBB
109.69,109.74,109.67,109.74,1110,2022-06-17 16:09:00,IBB
109.82,109.87,109.76,109.76,3450,2022-06-17 16:10:00,IBB
109.75,109.79,109.74,109.75,800,2022-06-17 16:11:00,IBB
109.78,109.85,109.78,109.85,900,2022-06-17 16:12:00,IBB
109.86,110.01,109.83,110.01,6251,2022-06-17 16:13:00,IBB
110.0,110.09,109.96,110.06,5822,2022-06-17 16:14:00,IBB
110.1,110.12,110.05,110.11,3494,2022-06-17 16:15:00,IBB
110.12,110.16,110.11,110.16,1862,2022-06-17 16:16:00,IBB
110.165,110.19,110.07,110.13,3705,2022-06-17 16:17:00,IBB
110.09,110.09,109.9,110.0,9720,2022-06-17 16:18:00,IBB
109.96,109.99,109.92,109.92,1800,2022-06-17 16:19:00,IBB
109.92,109.965,109.9,109.94,1308,2022-06-17 16:20:00,IBB
109.97,110.0001,109.91,110.0001,2321,2022-06-17 16:21:00,IBB
110.0,110.02,110.0,110.02,1000,2022-06-17 16:22:00,IBB
110.03,110.07,110.03,110.05,900,2022-06-17 16:23:00,IBB
110.09,110.17,110.03,110.14,3112,2022-06-17 16:24:00,IBB
110.11,110.16,110.09,110.16,1400,2022-06-17 16:25:00,IBB
110.2,110.29,110.19,110.23,2311,2022-06-17 16:26:00,IBB
110.25,110.26,110.17,110.26,1920,2022-06-17 16:27:00,IBB
110.25,110.29,110.2,110.2,949,2022-06-17 16:28:00,IBB
110.17,110.3,110.16,110.2469,3742,2022-06-17 16:29:00,IBB
110.26,110.3,110.23,110.23,1390,2022-06-17 16:30:00,IBB
110.22,110.22,110.06,110.1,2963,2022-06-17 16:31:00,IBB
110.13,110.13,110.11,110.12,350,2022-06-17 16:32:00,IBB
110.115,110.2,110.115,110.2,1781,2022-06-17 16:33:00,IBB
110.21,110.3,110.21,110.22,2990,2022-06-17 16:34:00,IBB
110.23,110.24,110.18,110.18,500,2022-06-17 16:35:00,IBB
110.13,110.27,110.13,110.27,2116,2022-06-17 16:36:00,IBB
110.29,110.34,110.26,110.32,3449,2022-06-17 16:37:00,IBB
110.34,110.4,110.27,110.39,3603,2022-06-17 16:38:00,IBB
110.38,110.49,110.35,110.49,5516,2022-06-17 16:39:00,IBB
110.53,110.63,110.45,110.59,15055,2022-06-17 16:40:00,IBB
110.59,110.77,110.59,110.77,15142,2022-06-17 16:41:00,IBB
110.75,110.76,110.68,110.76,25924,2022-06-17 16:42:00,IBB
110.76,110.8,110.68,110.8,16021,2022-06-17 16:43:00,IBB
110.84,110.87,110.78,110.85,9633,2022-06-17 16:44:00,IBB
110.88,110.88,110.7,110.71,8944,2022-06-17 16:45:00,IBB
110.69,110.765,110.67,110.765,8461,2022-06-17 16:46:00,IBB
110.75,110.77,110.59,110.68,10730,2022-06-17 16:47:00,IBB
110.7,110.77,110.66,110.76,7374,2022-06-17 16:48:00,IBB
110.76,110.7601,110.6316,110.6316,5744,2022-06-17 16:49:00,IBB
110.66,110.66,110.61,110.61,1300,2022-06-17 16:50:00,IBB
110.62,110.62,110.49,110.49,2500,2022-06-17 16:51:00,IBB
110.51,110.52,110.44,110.44,1100,2022-06-17 16:52:00,IBB
110.43,110.43,110.25,110.27,1400,2022-06-17 16:53:00,IBB
110.33,110.35,110.29,110.34,700,2022-06-17 16:54:00,IBB
110.39,110.46,110.37,110.3701,5989,2022-06-17 16:55:00,IBB
110.37,110.39,110.33,110.33,24102,2022-06-17 16:56:00,IBB
110.31,110.37,110.31,110.35,1200,2022-06-17 16:57:00,IBB
110.33,110.42,110.33,110.37,2000,2022-06-17 16:58:00,IBB
110.38,110.41,110.3601,110.41,1699,2022-06-17 16:59:00,IBB
110.4,110.49,110.385,110.48,4132,2022-06-17 17:00:00,IBB
110.51,110.54,110.47,110.5,2414,2022-06-17 17:01:00,IBB
110.53,110.62,110.53,110.61,2211,2022-06-17 17:02:00,IBB
110.64,110.64,110.55,110.56,1400,2022-06-17 17:03:00,IBB
110.63,110.74,110.63,110.73,1300,2022-06-17 17:04:00,IBB
110.69,110.76,110.63,110.69,6875,2022-06-17 17:05:00,IBB
110.72,110.73,110.64,110.73,2000,2022-06-17 17:06:00,IBB
110.72,110.76,110.65,110.76,5776,2022-06-17 17:07:00,IBB
110.77,110.85,110.77,110.82,1260,2022-06-17 17:08:00,IBB
110.81,110.94,110.81,110.88,2278,2022-06-17 17:09:00,IBB
110.86,110.86,110.78,110.84,2180,2022-06-17 17:10:00,IBB
110.85,110.89,110.83,110.83,2252,2022-06-17 17:11:00,IBB
110.84,110.98,110.84,110.91,3727,2022-06-17 17:12:00,IBB
110.94,110.97,110.92,110.93,2300,2022-06-17 17:13:00,IBB
110.9,110.97,110.85,110.93,2100,2022-06-17 17:14:00,IBB
110.86,110.86,110.74,110.75,700,2022-06-17 17:15:00,IBB
110.77,110.82,110.76,110.81,1300,2022-06-17 17:16:00,IBB
110.84,110.94,110.84,110.91,3359,2022-06-17 17:17:00,IBB
110.93,110.93,110.84,110.84,1150,2022-06-17 17:18:00,IBB
110.86,110.9,110.85,110.86,1369,2022-06-17 17:19:00,IBB
110.85,110.87,110.8,110.86,1100,2022-06-17 17:20:00,IBB
110.86,110.9,110.77,110.77,1600,2022-06-17 17:21:00,IBB
110.8,110.81,110.76,110.77,1760,2022-06-17 17:22:00,IBB
110.75,110.77,110.68,110.74,3166,2022-06-17 17:23:00,IBB
110.76,110.77,110.71,110.73,2000,2022-06-17 17:24:00,IBB
110.72,110.72,110.57,110.6,1701,2022-06-17 17:25:00,IBB
110.59,110.59,110.46,110.47,1300,2022-06-17 17:26:00,IBB
110.4,110.61,110.4,110.57,2501,2022-06-17 17:27:00,IBB
110.59,110.62,110.56,110.61,1000,2022-06-17 17:28:00,IBB
110.59,110.62,110.55,110.57,2308,2022-06-17 17:29:00,IBB
110.6,110.64,110.58,110.6,3893,2022-06-17 17:30:00,IBB
110.58,110.58,110.45,110.45,1400,2022-06-17 17:31:00,IBB
110.41,110.45,110.41,110.42,1300,2022-06-17 17:32:00,IBB
110.49,110.6,110.49,110.59,3536,2022-06-17 17:33:00,IBB
110.58,110.63,110.53,110.55,2365,2022-06-17 17:34:00,IBB
110.56,110.56,110.53,110.55,600,2022-06-17 17:35:00,IBB
110.56,110.6,110.49,110.59,2000,2022-06-17 17:36:00,IBB
110.56,110.56,110.411,110.45,2300,2022-06-17 17:37:00,IBB
110.41,110.41,110.33,110.375,2812,2022-06-17 17:38:00,IBB
110.36,110.38,110.25,110.36,3680,2022-06-17 17:39:00,IBB
110.36,110.36,110.31,110.32,2800,2022-06-17 17:40:00,IBB
110.36,110.44,110.31,110.31,36642,2022-06-17 17:41:00,IBB
110.31,110.43,110.29,110.41,5327,2022-06-17 17:42:00,IBB
110.405,110.41,110.29,110.33,4417,2022-06-17 17:43:00,IBB
110.34,110.4,110.34,110.37,5029,2022-06-17 17:44:00,IBB
110.36,110.375,110.32,110.34,10547,2022-06-17 17:45:00,IBB
110.32,110.33,110.145,110.16,7016,2022-06-17 17:46:00,IBB
110.15,110.15,109.99,110.03,4685,2022-06-17 17:47:00,IBB
110.04,110.12,110.035,110.08,6139,2022-06-17 17:48:00,IBB
110.06,110.16,110.025,110.11,6114,2022-06-17 17:49:00,IBB
110.1,110.23,110.1,110.11,10387,2022-06-17 17:50:00,IBB
110.12,110.13,109.985,110.01,11711,2022-06-17 17:51:00,IBB
110.015,110.015,109.895,109.94,13151,2022-06-17 17:52:00,IBB
109.97,109.97,109.89,109.89,2794,2022-06-17 17:53:00,IBB
109.88,109.92,109.86,109.9,3425,2022-06-17 17:54:00,IBB
109.88,109.94,109.82,109.92,6926,2022-06-17 17:55:00,IBB
109.94,109.95,109.85,109.95,3059,2022-06-17 17:56:00,IBB
109.95,110.09,109.95,110.01,8763,2022-06-17 17:57:00,IBB
109.99,109.99,109.8,109.86,39982,2022-06-17 17:58:00,IBB
109.84,109.92,109.8,109.91,3657,2022-06-17 17:59:00,IBB
109.94,109.95,109.86,109.95,4954,2022-06-17 18:00:00,IBB
109.95,110.0,109.9399,109.94,3267,2022-06-17 18:01:00,IBB
109.97,110.03,109.97,110.01,2992,2022-06-17 18:02:00,IBB
110.005,110.005,109.91,109.92,4474,2022-06-17 18:03:00,IBB
109.91,109.95,109.9,109.95,2889,2022-06-17 18:04:00,IBB
109.95,110.05,109.92,110.03,5155,2022-06-17 18:05:00,IBB
110.06,110.06,109.91,109.91,6169,2022-06-17 18:06:00,IBB
109.91,109.93,109.85,109.85,2850,2022-06-17 18:07:00,IBB
109.89,109.96,109.87,109.93,2542,2022-06-17 18:08:00,IBB
109.98,110.0,109.95,109.98,2865,2022-06-17 18:09:00,IBB
109.98,110.02,109.9,109.92,2925,2022-06-17 18:10:00,IBB
109.9,109.9,109.81,109.84,2850,2022-06-17 18:11:00,IBB
109.85,109.91,109.85,109.91,3663,2022-06-17 18:12:00,IBB
109.92,109.92,109.86,109.9,2908,2022-06-17 18:13:00,IBB
109.92,110.03,109.92,110.02,4868,2022-06-17 18:14:00,IBB
109.99,110.07,109.93,109.965,4227,2022-06-17 18:15:00,IBB
109.98,110.12,109.98,110.09,4117,2022-06-17 18:16:00,IBB
110.09,110.09,109.97,109.99,3162,2022-06-17 18:17:00,IBB
110.0,110.07,110.0,110.04,2632,2022-06-17 18:18:00,IBB
110.04,110.07,110.01,110.03,3011,2022-06-17 18:19:00,IBB
110.04,110.11,110.03,110.09,3085,2022-06-17 18:20:00,IBB
110.05,110.08,109.98,110.08,2050,2022-06-17 18:21:00,IBB
110.1,110.14,110.08,110.1015,1851,2022-06-17 18:22:00,IBB
110.12,110.18,110.08,110.09,4105,2022-06-17 18:23:00,IBB
110.12,110.15,110.06,110.1,1351,2022-06-17 18:24:00,IBB
110.08,110.08,110.03,110.08,2000,2022-06-17 18:25:00,IBB
110.05,110.11,110.05,110.09,2700,2022-06-17 18:26:00,IBB
110.05,110.08,110.02,110.05,1203,2022-06-17 18:27:00,IBB
110.025,110.025,109.97,109.97,1200,2022-06-17 18:28:00,IBB
109.88,109.91,109.87,109.91,1600,2022-06-17 18:29:00,IBB
109.91,109.92,109.83,109.85,13273,2022-06-17 18:30:00,IBB
109.86,109.9151,109.86,109.89,700,2022-06-17 18:31:00,IBB
109.88,109.88,109.83,109.86,1400,2022-06-17 18:32:00,IBB
109.83,109.84,109.8,109.83,1300,2022-06-17 18:33:00,IBB
109.8602,109.93,109.8602,109.93,1623,2022-06-17 18:34:00,IBB
109.96,110.02,109.92,110.02,4000,2022-06-17 18:35:00,IBB
110.0,110.12,110.0,110.09,1635,2022-06-17 18:36:00,IBB
110.09,110.23,110.08,110.1801,3294,2022-06-17 18:37:00,IBB
110.17,110.21,110.15,110.21,4502,2022-06-17 18:38:00,IBB
110.2,110.26,110.18,110.26,2300,2022-06-17 18:39:00,IBB
110.31,110.34,110.29,110.3,2150,2022-06-17 18:40:00,IBB
110.27,110.31,110.23,110.31,2596,2022-06-17 18:41:00,IBB
110.33,110.36,110.29,110.3,2600,2022-06-17 18:42:00,IBB
110.3,110.35,110.29,110.31,3539,2022-06-17 18:43:00,IBB
110.28,110.28,110.2,110.25,3868,2022-06-17 18:44:00,IBB
110.21,110.21,110.07,110.07,3949,2022-06-17 18:45:00,IBB
110.07,110.13,110.03,110.13,4100,2022-06-17 18:46:00,IBB
110.11,110.14,110.06,110.08,4180,2022-06-17 18:47:00,IBB
110.08,110.08,110.02,110.06,1853,2022-06-17 18:48:00,IBB
110.06,110.08,109.98,109.99,7664,2022-06-17 18:49:00,IBB
109.99,110.03,109.89,109.89,3015,2022-06-17 18:50:00,IBB
109.9,109.92,109.87,109.89,1955,2022-06-17 18:51:00,IBB
109.92,109.96,109.86,109.89,2573,2022-06-17 18:52:00,IBB
109.895,109.91,109.8884,109.9,520,2022-06-17 18:53:00,IBB
109.87,109.92,109.87,109.92,2650,2022-06-17 18:54:00,IBB
109.93,110.06,109.93,110.04,3613,2022-06-17 18:55:00,IBB
110.04,110.05,109.97,109.97,3212,2022-06-17 18:56:00,IBB
109.98,109.9899,109.89,109.91,3900,2022-06-17 18:57:00,IBB
109.95,109.97,109.89,109.97,3061,2022-06-17 18:58:00,IBB
109.94,110.0,109.93,110.0,1450,2022-06-17 18:59:00,IBB
110.0,110.15,109.99,110.115,8718,2022-06-17 19:00:00,IBB
110.1,110.1,110.02,110.05,5505,2022-06-17 19:01:00,IBB
110.04,110.24,110.04,110.21,8000,2022-06-17 19:02:00,IBB
110.22,110.23,110.11,110.11,4491,2022-06-17 19:03:00,IBB
110.08,110.08,109.96,110.02,6414,2022-06-17 19:04:00,IBB
110.04,110.09,110.01,110.06,2500,2022-06-17 19:05:00,IBB
110.06,110.12,110.0,110.1,4993,2022-06-17 19:06:00,IBB
110.12,110.12,110.08,110.08,2785,2022-06-17 19:07:00,IBB
110.08,110.08,110.04,110.08,3058,2022-06-17 19:08:00,IBB
110.09,110.1,110.04,110.04,3383,2022-06-17 19:09:00,IBB
110.031,110.07,109.92,109.93,6601,2022-06-17 19:10:00,IBB
109.9,109.92,109.81,109.81,5233,2022-06-17 19:11:00,IBB
109.8,109.8,109.61,109.63,7548,2022-06-17 19:12:00,IBB
109.63,109.63,109.53,109.54,5365,2022-06-17 19:13:00,IBB
109.56,109.7,109.56,109.64,5770,2022-06-17 19:14:00,IBB
109.63,109.63,109.58,109.58,5807,2022-06-17 19:15:00,IBB
109.59,109.71,109.58,109.66,15688,2022-06-17 19:16:00,IBB
109.67,109.82,109.67,109.82,6000,2022-06-17 19:17:00,IBB
109.86,109.92,109.855,109.86,3500,2022-06-17 19:18:00,IBB
109.86,109.96,109.82,109.92,9912,2022-06-17 19:19:00,IBB
109.93,110.04,109.92,109.95,6977,2022-06-17 19:20:00,IBB
110.02,110.13,110.01,110.055,6964,2022-06-17 19:21:00,IBB
110.055,110.17,110.055,110.15,5465,2022-06-17 19:22:00,IBB
110.15,110.16,110.08,110.12,8814,2022-06-17 19:23:00,IBB
110.13,110.2,110.08,110.17,15528,2022-06-17 19:24:00,IBB
110.17,110.24,110.15,110.205,10037,2022-06-17 19:25:00,IBB
110.21,110.27,110.2,110.27,10365,2022-06-17 19:26:00,IBB
110.26,110.3,110.23,110.275,8000,2022-06-17 19:27:00,IBB
110.27,110.29,110.2,110.23,8693,2022-06-17 19:28:00,IBB
110.23,110.23,110.14,110.14,5100,2022-06-17 19:29:00,IBB
110.15,110.2,110.095,110.095,4720,2022-06-17 19:30:00,IBB
110.08,110.1,110.02,110.02,14054,2022-06-17 19:31:00,IBB
110.025,110.11,109.94,110.09,12449,2022-06-17 19:32:00,IBB
110.07,110.09,109.99,110.01,14306,2022-06-17 19:33:00,IBB
109.99,110.0,109.92,109.94,13215,2022-06-17 19:34:00,IBB
109.94,109.985,109.9,109.96,11914,2022-06-17 19:35:00,IBB
109.94,109.95,109.89,109.89,6561,2022-06-17 19:36:00,IBB
109.88,109.94,109.85,109.875,8908,2022-06-17 19:37:00,IBB
109.88,109.9,109.8,109.83,10260,2022-06-17 19:38:00,IBB
109.84,109.88,109.8,109.86,13517,2022-06-17 19:39:00,IBB
109.87,109.87,109.72,109.72,13189,2022-06-17 19:40:00,IBB
109.72,109.73,109.65,109.65,13482,2022-06-17 19:41:00,IBB
109.66,109.68,109.65,109.67,11744,2022-06-17 19:42:00,IBB
109.67,109.67,109.52,109.53,18449,2022-06-17 19:43:00,IBB
109.53,109.55,109.49,109.5,8248,2022-06-17 19:44:00,IBB
109.49,109.49,109.31,109.31,10812,2022-06-17 19:45:00,IBB
109.3,109.38,109.29,109.38,7639,2022-06-17 19:46:00,IBB
109.38,109.43,109.37,109.37,11701,2022-06-17 19:47:00,IBB
109.38,109.4575,109.365,109.45,12628,2022-06-17 19:48:00,IBB
109.44,109.48,109.41,109.45,12445,2022-06-17 19:49:00,IBB
109.45,109.8,109.37,109.69,40622,2022-06-17 19:50:00,IBB
109.69,109.76,109.64,109.725,23446,2022-06-17 19:51:00,IBB
109.72,109.85,109.7,109.85,11001,2022-06-17 19:52:00,IBB
109.85,109.85,109.75,109.75,12543,2022-06-17 19:53:00,IBB
109.76,109.87,109.686,109.78,19207,2022-06-17 19:54:00,IBB
109.76,109.9,109.75,109.87,25620,2022-06-17 19:55:00,IBB
109.87,109.9,109.8,109.83,26129,2022-06-17 19:56:00,IBB
109.82,109.825,109.6401,109.6401,20246,2022-06-17 19:57:00,IBB
109.65,109.67,109.6,109.615,18728,2022-06-17 19:58:00,IBB
109.62,109.66,109.51,109.51,52552,2022-06-17 19:59:00,IBB
109.86,109.86,109.56,109.56,91653,2022-06-17 20:00:00,IBB
109.16,109.17,109.16,109.16,2500,2022-06-17 20:01:00,IBB
109.56,109.56,109.56,109.56,9944,2022-06-17 20:02:00,IBB
109.45,109.45,109.45,109.45,3100,2022-06-17 20:04:00,IBB
109.5,109.5,109.5,109.5,200,2022-06-17 20:05:00,IBB
109.5,109.5,109.5,109.5,600,2022-06-17 20:07:00,IBB
109.52,109.52,109.5,109.5,1218,2022-06-17 20:08:00,IBB
109.5,109.5,109.3,109.45,700,2022-06-17 20:09:00,IBB
109.5,109.5,109.5,109.5,4000,2022-06-17 20:10:00,IBB
109.5,109.5,109.5,109.5,1200,2022-06-17 20:12:00,IBB
109.5,109.5,109.5,109.5,1250,2022-06-17 20:13:00,IBB
109.57,109.57,109.57,109.57,790513,2022-06-17 20:14:00,IBB
109.5,109.5,109.5,109.5,5200,2022-06-17 20:27:00,IBB
109.53,109.53,109.5,109.5,755,2022-06-17 21:03:00,IBB
109.56,109.56,109.56,109.56,487,2022-06-17 21:42:00,IBB
109.56,109.56,109.56,109.56,700,2022-06-17 21:56:00,IBB
109.45,109.45,109.45,109.45,100,2022-06-17 23:42:00,IBB
111.0,111.0,111.0,111.0,100,2022-06-21 11:00:00,IBB
111.41,111.41,111.41,111.41,2000,2022-06-21 11:02:00,IBB
111.41,111.41,111.41,111.41,1000,2022-06-21 11:03:00,IBB
111.29,111.29,111.29,111.29,100,2022-06-21 11:24:00,IBB
111.06,111.29,111.0,111.29,8854,2022-06-21 11:27:00,IBB
111.29,111.3,111.29,111.3,1900,2022-06-21 11:43:00,IBB
111.7681,111.7681,111.7681,111.7681,260,2022-06-21 12:35:00,IBB
111.06,111.07,111.06,111.07,1400,2022-06-21 13:06:00,IBB
110.99,111.07,110.97,111.07,1990,2022-06-21 13:10:00,IBB
111.04,111.04,111.04,111.04,200,2022-06-21 13:13:00,IBB
110.96,110.96,110.96,110.96,100,2022-06-21 13:17:00,IBB
110.96,110.96,110.96,110.96,250,2022-06-21 13:20:00,IBB
111.19,111.78,111.19,111.52,45258,2022-06-21 13:30:00,IBB
111.45,111.725,111.3,111.725,6969,2022-06-21 13:31:00,IBB
111.76,112.01,111.76,111.915,9716,2022-06-21 13:32:00,IBB
111.91,111.97,111.73,111.73,9574,2022-06-21 13:33:00,IBB
111.74,111.83,111.47,111.83,3600,2022-06-21 13:34:00,IBB
111.79,111.9279,111.43,111.86,9273,2022-06-21 13:35:00,IBB
111.58,111.58,111.46,111.56,1400,2022-06-21 13:36:00,IBB
111.57,111.67,111.5,111.65,4625,2022-06-21 13:37:00,IBB
111.68,112.0,111.64,111.97,4550,2022-06-21 13:38:00,IBB
111.93,112.06,111.93,111.98,7500,2022-06-21 13:39:00,IBB
111.94,112.1751,111.94,112.12,4399,2022-06-21 13:40:00,IBB
112.14,112.27,112.13,112.21,5350,2022-06-21 13:41:00,IBB
112.19,112.2,111.96,112.015,3064,2022-06-21 13:42:00,IBB
112.01,112.2,112.01,112.2,2308,2022-06-21 13:43:00,IBB
112.12,112.26,111.93,112.26,5571,2022-06-21 13:44:00,IBB
112.25,112.28,112.09,112.09,3997,2022-06-21 13:45:00,IBB
112.05,112.1,111.93,111.945,3890,2022-06-21 13:46:00,IBB
111.9,112.03,111.745,111.96,6630,2022-06-21 13:47:00,IBB
112.0,112.09,111.86,111.89,13578,2022-06-21 13:48:00,IBB
111.85,111.94,111.82,111.94,3100,2022-06-21 13:49:00,IBB
111.87,111.99,111.83,111.9305,5722,2022-06-21 13:50:00,IBB
111.91,112.1328,111.91,112.065,2821,2022-06-21 13:51:00,IBB
112.12,112.28,112.09,112.23,2969,2022-06-21 13:52:00,IBB
112.28,112.3,112.01,112.02,4155,2022-06-21 13:53:00,IBB
112.14,112.2,112.09,112.14,7198,2022-06-21 13:54:00,IBB
112.13,112.16,111.95,112.01,3000,2022-06-21 13:55:00,IBB
112.07,112.18,112.07,112.12,2036,2022-06-21 13:56:00,IBB
112.105,112.21,112.105,112.14,1336,2022-06-21 13:57:00,IBB
112.07,112.08,111.962,112.0399,2180,2022-06-21 13:58:00,IBB
112.05,112.19,112.05,112.19,1742,2022-06-21 13:59:00,IBB
112.23,112.23,112.105,112.14,2180,2022-06-21 14:00:00,IBB
112.16,112.18,111.81,111.83,4070,2022-06-21 14:01:00,IBB
111.74,111.9,111.72,111.9,1498,2022-06-21 14:02:00,IBB
111.9099,111.95,111.75,111.75,4275,2022-06-21 14:03:00,IBB
111.7,111.84,111.68,111.68,5900,2022-06-21 14:04:00,IBB
111.66,111.71,111.62,111.71,4000,2022-06-21 14:05:00,IBB
111.69,111.69,111.51,111.51,2835,2022-06-21 14:06:00,IBB
111.54,111.76,111.38,111.74,16100,2022-06-21 14:07:00,IBB
111.76,111.76,111.59,111.64,11772,2022-06-21 14:08:00,IBB
111.62,111.72,111.59,111.64,6450,2022-06-21 14:09:00,IBB
111.6,111.66,111.58,111.64,4345,2022-06-21 14:10:00,IBB
111.69,111.69,111.59,111.61,4000,2022-06-21 14:11:00,IBB
111.62,111.74,111.62,111.63,6413,2022-06-21 14:12:00,IBB
111.65,111.69,111.6,111.6,1900,2022-06-21 14:13:00,IBB
111.58,111.7,111.53,111.694,11744,2022-06-21 14:14:00,IBB
111.71,111.71,111.64,111.64,1744,2022-06-21 14:15:00,IBB
111.61,111.61,111.45,111.46,9808,2022-06-21 14:16:00,IBB
111.53,111.82,111.52,111.82,2000,2022-06-21 14:17:00,IBB
111.82,111.87,111.81,111.85,1835,2022-06-21 14:18:00,IBB
111.84,111.84,111.78,111.79,2841,2022-06-21 14:19:00,IBB
111.8,111.9,111.75,111.84,3526,2022-06-21 14:20:00,IBB
111.83,111.9,111.83,111.89,1030,2022-06-21 14:21:00,IBB
111.94,112.01,111.85,111.85,5875,2022-06-21 14:22:00,IBB
111.92,111.96,111.8,111.8,5200,2022-06-21 14:23:00,IBB
111.81,111.83,111.79,111.79,3736,2022-06-21 14:24:00,IBB
111.77,111.87,111.77,111.81,2097,2022-06-21 14:25:00,IBB
111.84,111.84,111.75,111.76,1230,2022-06-21 14:26:00,IBB
111.74,111.74,111.68,111.7164,1197,2022-06-21 14:27:00,IBB
111.71,111.75,111.67,111.67,1751,2022-06-21 14:28:00,IBB
111.69,111.69,111.55,111.59,2555,2022-06-21 14:29:00,IBB
111.62,111.77,111.575,111.77,2455,2022-06-21 14:30:00,IBB
111.78,111.78,111.67,111.68,2100,2022-06-21 14:31:00,IBB
111.75,111.88,111.75,111.85,2611,2022-06-21 14:32:00,IBB
111.78,111.85,111.73,111.79,8598,2022-06-21 14:33:00,IBB
111.76,111.76,111.5705,111.61,2725,2022-06-21 14:34:00,IBB
111.62,111.76,111.54,111.76,2172,2022-06-21 14:35:00,IBB
111.74,111.74,111.66,111.69,2500,2022-06-21 14:36:00,IBB
111.7,111.87,111.7,111.87,1355,2022-06-21 14:37:00,IBB
111.9,111.9,111.84,111.89,2304,2022-06-21 14:38:00,IBB
111.91,112.03,111.91,112.0133,1961,2022-06-21 14:39:00,IBB
111.99,112.0,111.88,111.925,2377,2022-06-21 14:40:00,IBB
111.94,111.97,111.87,111.97,1400,2022-06-21 14:41:00,IBB
112.02,112.06,112.02,112.03,1457,2022-06-21 14:42:00,IBB
112.0,112.0,111.89,111.92,1800,2022-06-21 14:43:00,IBB
111.88,112.0,111.85,111.98,2056,2022-06-21 14:44:00,IBB
111.99,112.01,111.92,111.965,1654,2022-06-21 14:45:00,IBB
112.01,112.0852,112.01,112.05,2147,2022-06-21 14:46:00,IBB
112.02,112.1101,112.02,112.11,3192,2022-06-21 14:47:00,IBB
112.09,112.21,112.08,112.18,700,2022-06-21 14:48:00,IBB
112.16,112.25,112.16,112.19,2767,2022-06-21 14:49:00,IBB
112.23,112.32,112.2,112.28,3991,2022-06-21 14:50:00,IBB
112.29,112.35,112.29,112.35,600,2022-06-21 14:51:00,IBB
112.34,112.41,112.34,112.41,800,2022-06-21 14:52:00,IBB
112.41,112.5,112.41,112.47,1577,2022-06-21 14:53:00,IBB
112.445,112.5301,112.38,112.5301,980,2022-06-21 14:54:00,IBB
112.57,112.57,112.53,112.5301,3639,2022-06-21 14:55:00,IBB
112.55,112.58,112.43,112.43,11083,2022-06-21 14:56:00,IBB
112.44,112.44,112.42,112.44,700,2022-06-21 14:57:00,IBB
112.46,112.57,112.46,112.57,700,2022-06-21 14:58:00,IBB
112.57,112.61,112.54,112.57,5660,2022-06-21 14:59:00,IBB
112.58,112.6,112.54,112.54,3719,2022-06-21 15:00:00,IBB
112.56,112.56,112.48,112.559,2640,2022-06-21 15:01:00,IBB
112.56,112.62,112.51,112.59,3812,2022-06-21 15:02:00,IBB
112.6,112.65,112.6,112.6,4291,2022-06-21 15:03:00,IBB
112.61,112.63,112.6,112.6225,1913,2022-06-21 15:04:00,IBB
112.64,112.68,112.6,112.62,3951,2022-06-21 15:05:00,IBB
112.6,112.62,112.54,112.61,2708,2022-06-21 15:06:00,IBB
112.61,112.69,112.61,112.67,1600,2022-06-21 15:07:00,IBB
112.71,112.73,112.66,112.73,1340,2022-06-21 15:08:00,IBB
112.72,112.72,112.67,112.7,2236,2022-06-21 15:09:00,IBB
112.7,112.71,112.63,112.63,2319,2022-06-21 15:10:00,IBB
112.63,112.65,112.59,112.6,1100,2022-06-21 15:11:00,IBB
112.57,112.61,112.54,112.58,1300,2022-06-21 15:12:00,IBB
112.59,112.59,112.53,112.55,1400,2022-06-21 15:13:00,IBB
112.56,112.59,112.53,112.57,1500,2022-06-21 15:14:00,IBB
112.56,112.63,112.55,112.6,2200,2022-06-21 15:15:00,IBB
112.62,112.62,112.5517,112.56,2850,2022-06-21 15:16:00,IBB
112.61,112.67,112.6,112.64,3361,2022-06-21 15:17:00,IBB
112.66,112.71,112.66,112.7,2853,2022-06-21 15:18:00,IBB
112.74,112.76,112.72,112.72,1868,2022-06-21 15:19:00,IBB
112.74,112.78,112.66,112.66,1647,2022-06-21 15:20:00,IBB
112.65,112.65,112.5,112.52,1208,2022-06-21 15:21:00,IBB
112.5,112.5,112.435,112.435,772,2022-06-21 15:22:00,IBB
112.43,112.46,112.31,112.32,6750,2022-06-21 15:23:00,IBB
112.32,112.43,112.29,112.4,3800,2022-06-21 15:24:00,IBB
112.39,112.48,112.38,112.46,1200,2022-06-21 15:25:00,IBB
112.51,112.52,112.5,112.52,3100,2022-06-21 15:26:00,IBB
112.45,112.52,112.45,112.45,11772,2022-06-21 15:27:00,IBB
112.43,112.43,112.385,112.385,863,2022-06-21 15:28:00,IBB
112.39,112.47,112.39,112.47,3000,2022-06-21 15:29:00,IBB
112.47,112.53,112.47,112.51,5781,2022-06-21 15:30:00,IBB
112.49,112.51,112.39,112.41,2600,2022-06-21 15:31:00,IBB
112.43,112.43,112.36,112.38,1022,2022-06-21 15:32:00,IBB
112.41,112.46,112.4,112.4,2048,2022-06-21 15:33:00,IBB
112.39,112.41,112.36,112.41,2700,2022-06-21 15:34:00,IBB
112.45,112.55,112.45,112.5402,12743,2022-06-21 15:35:00,IBB
112.56,112.56,112.4,112.4,11220,2022-06-21 15:36:00,IBB
112.37,112.44,112.37,112.4,17379,2022-06-21 15:37:00,IBB
112.32,112.36,112.28,112.34,8615,2022-06-21 15:38:00,IBB
112.24,112.24,112.11,112.11,13388,2022-06-21 15:39:00,IBB
112.05,112.14,112.05,112.12,2560,2022-06-21 15:40:00,IBB
112.08,112.29,112.08,112.29,1100,2022-06-21 15:41:00,IBB
112.29,112.4,112.28,112.35,4923,2022-06-21 15:42:00,IBB
112.29,112.29,112.28,112.28,1000,2022-06-21 15:43:00,IBB
112.28,112.285,112.11,112.19,3354,2022-06-21 15:44:00,IBB
112.19,112.19,112.1263,112.1263,300,2022-06-21 15:45:00,IBB
112.12,112.2625,112.12,112.245,4943,2022-06-21 15:46:00,IBB
112.25,112.25,112.185,112.185,1300,2022-06-21 15:47:00,IBB
112.14,112.14,112.08,112.14,1100,2022-06-21 15:48:00,IBB
112.175,112.24,112.17,112.24,1300,2022-06-21 15:49:00,IBB
112.26,112.26,112.22,112.23,2871,2022-06-21 15:50:00,IBB
112.18,112.18,112.13,112.15,3665,2022-06-21 15:51:00,IBB
112.2131,112.25,112.18,112.18,2906,2022-06-21 15:52:00,IBB
112.12,112.15,112.08,112.08,800,2022-06-21 15:53:00,IBB
112.07,112.125,112.07,112.125,800,2022-06-21 15:54:00,IBB
112.07,112.09,111.98,111.99,1499,2022-06-21 15:55:00,IBB
112.01,112.05,111.99,112.05,3685,2022-06-21 15:56:00,IBB
112.05,112.09,112.03,112.08,1907,2022-06-21 15:57:00,IBB
112.05,112.05,111.95,112.03,3480,2022-06-21 15:58:00,IBB
112.07,112.1,112.04,112.04,1687,2022-06-21 15:59:00,IBB
112.01,112.07,112.01,112.05,1344,2022-06-21 16:00:00,IBB
112.13,112.19,112.13,112.155,2148,2022-06-21 16:01:00,IBB
112.16,112.19,112.1509,112.19,1860,2022-06-21 16:02:00,IBB
112.17,112.17,112.07,112.07,548,2022-06-21 16:03:00,IBB
112.06,112.12,112.06,112.12,1866,2022-06-21 16:04:00,IBB
112.09,112.12,112.069,112.08,1750,2022-06-21 16:05:00,IBB
112.08,112.12,112.0,112.0,2337,2022-06-21 16:06:00,IBB
112.05,112.12,112.05,112.12,2573,2022-06-21 16:07:00,IBB
112.1,112.1,112.05,112.05,1177,2022-06-21 16:08:00,IBB
111.99,112.03,111.99,111.9999,619,2022-06-21 16:09:00,IBB
112.0,112.09,112.0,112.03,3084,2022-06-21 16:10:00,IBB
111.98,112.11,111.97,112.04,2137,2022-06-21 16:11:00,IBB
112.05,112.17,112.05,112.16,3442,2022-06-21 16:12:00,IBB
112.14,112.2,112.125,112.19,2600,2022-06-21 16:13:00,IBB
112.18,112.19,112.15,112.17,800,2022-06-21 16:14:00,IBB
112.2,112.2,112.19,112.19,500,2022-06-21 16:15:00,IBB
112.16,112.2,112.16,112.18,1053,2022-06-21 16:16:00,IBB
112.23,112.3,112.23,112.3,500,2022-06-21 16:17:00,IBB
112.27,112.27,112.17,112.18,1073,2022-06-21 16:18:00,IBB
112.17,112.28,112.16,112.26,3287,2022-06-21 16:19:00,IBB
112.26,112.26,112.16,112.17,1364,2022-06-21 16:20:00,IBB
112.15,112.24,112.15,112.24,1050,2022-06-21 16:21:00,IBB
112.23,112.25,112.22,112.22,1200,2022-06-21 16:22:00,IBB
112.19,112.25,112.19,112.25,2072,2022-06-21 16:23:00,IBB
112.23,112.25,112.22,112.22,1600,2022-06-21 16:24:00,IBB
112.23,112.24,112.21,112.22,1279,2022-06-21 16:25:00,IBB
112.22,112.22,112.09,112.19,3689,2022-06-21 16:26:00,IBB
112.18,112.26,112.17,112.25,1639,2022-06-21 16:27:00,IBB
112.25,112.3,112.24,112.3,3270,2022-06-21 16:28:00,IBB
112.29,112.29,112.1958,112.1958,1779,2022-06-21 16:29:00,IBB
112.21,112.21,112.12,112.19,2425,2022-06-21 16:30:00,IBB
112.23,112.24,112.11,112.11,3003,2022-06-21 16:31:00,IBB
112.11,112.24,112.09,112.23,2261,2022-06-21 16:32:00,IBB
112.24,112.26,112.235,112.25,680,2022-06-21 16:33:00,IBB
112.27,112.3,112.24,112.25,2318,2022-06-21 16:34:00,IBB
112.25,112.28,112.24,112.27,2505,2022-06-21 16:35:00,IBB
112.24,112.27,112.21,112.27,750,2022-06-21 16:36:00,IBB
112.25,112.29,112.23,112.29,1420,2022-06-21 16:37:00,IBB
112.3,112.32,112.27,112.31,2000,2022-06-21 16:38:00,IBB
112.32,112.32,112.3,112.3,500,2022-06-21 16:39:00,IBB
112.3,112.36,112.24,112.24,1231,2022-06-21 16:40:00,IBB
112.25,112.3002,112.25,112.29,3646,2022-06-21 16:41:00,IBB
112.3101,112.3101,112.28,112.28,950,2022-06-21 16:42:00,IBB
112.3,112.33,112.29,112.33,1000,2022-06-21 16:43:00,IBB
112.33,112.34,112.3,112.33,1000,2022-06-21 16:44:00,IBB
112.34,112.36,112.33,112.35,1400,2022-06-21 16:45:00,IBB
112.38,112.43,112.37,112.4,1224,2022-06-21 16:46:00,IBB
112.41,112.41,112.35,112.38,1098,2022-06-21 16:47:00,IBB
112.36,112.45,112.36,112.45,500,2022-06-21 16:48:00,IBB
112.41,112.47,112.41,112.47,495,2022-06-21 16:49:00,IBB
112.5,112.53,112.49,112.5201,5317,2022-06-21 16:50:00,IBB
112.53,112.53,112.52,112.53,600,2022-06-21 16:51:00,IBB
112.52,112.52,112.4599,112.4599,2501,2022-06-21 16:52:00,IBB
112.47,112.49,112.455,112.455,873,2022-06-21 16:53:00,IBB
112.42,112.44,112.42,112.44,400,2022-06-21 16:54:00,IBB
112.41,112.5,112.41,112.48,1100,2022-06-21 16:55:00,IBB
112.49,112.51,112.45,112.47,800,2022-06-21 16:56:00,IBB
112.47,112.49,112.47,112.49,800,2022-06-21 16:57:00,IBB
112.48,112.48,112.46,112.47,1600,2022-06-21 16:58:00,IBB
112.49,112.56,112.49,112.55,460,2022-06-21 16:59:00,IBB
112.56,112.57,112.52,112.52,1400,2022-06-21 17:00:00,IBB
112.55,112.56,112.55,112.55,1200,2022-06-21 17:01:00,IBB
112.57,112.61,112.5517,112.61,1200,2022-06-21 17:02:00,IBB
112.56,112.56,112.52,112.54,833,2022-06-21 17:03:00,IBB
112.53,112.57,112.53,112.55,800,2022-06-21 17:04:00,IBB
112.57,112.605,112.57,112.6,1500,2022-06-21 17:05:00,IBB
112.55,112.59,112.53,112.57,1032,2022-06-21 17:06:00,IBB
112.58,112.61,112.57,112.57,2092,2022-06-21 17:07:00,IBB
112.54,112.54,112.43,112.49,900,2022-06-21 17:08:00,IBB
112.5,112.52,112.48,112.5075,1145,2022-06-21 17:09:00,IBB
112.52,112.55,112.51,112.54,1811,2022-06-21 17:10:00,IBB
112.54,112.61,112.54,112.6,3769,2022-06-21 17:11:00,IBB
112.58,112.62,112.57,112.62,1299,2022-06-21 17:12:00,IBB
112.62,112.67,112.62,112.67,2325,2022-06-21 17:13:00,IBB
112.66,112.71,112.64,112.68,1812,2022-06-21 17:14:00,IBB
112.68,112.68,112.67,112.67,773,2022-06-21 17:15:00,IBB
112.66,112.66,112.6,112.63,4500,2022-06-21 17:16:00,IBB
112.63,112.64,112.61,112.64,1302,2022-06-21 17:17:00,IBB
112.61,112.61,112.58,112.59,1163,2022-06-21 17:18:00,IBB
112.59,112.59,112.52,112.56,6186,2022-06-21 17:19:00,IBB
112.6,112.62,112.58,112.58,2498,2022-06-21 17:20:00,IBB
112.56,112.59,112.54,112.59,1300,2022-06-21 17:21:00,IBB
112.58,112.62,112.52,112.53,1900,2022-06-21 17:22:00,IBB
112.56,112.57,112.52,112.57,1000,2022-06-21 17:23:00,IBB
112.54,112.62,112.52,112.62,1500,2022-06-21 17:24:00,IBB
112.62,112.67,112.62,112.67,1735,2022-06-21 17:25:00,IBB
112.68,112.68,112.62,112.62,2449,2022-06-21 17:26:00,IBB
112.63,112.69,112.63,112.69,1000,2022-06-21 17:27:00,IBB
112.67,112.76,112.66,112.76,2600,2022-06-21 17:28:00,IBB
112.75,112.75,112.72,112.72,800,2022-06-21 17:29:00,IBB
112.75,112.78,112.75,112.77,700,2022-06-21 17:30:00,IBB
112.78,112.78,112.74,112.74,1850,2022-06-21 17:31:00,IBB
112.78,112.8037,112.78,112.79,1675,2022-06-21 17:32:00,IBB
112.75,112.7617,112.73,112.7617,1450,2022-06-21 17:33:00,IBB
112.71,112.74,112.71,112.71,1900,2022-06-21 17:34:00,IBB
112.72,112.75,112.72,112.72,2199,2022-06-21 17:35:00,IBB
112.72,112.75,112.71,112.75,1300,2022-06-21 17:36:00,IBB
112.74,112.74,112.7,112.71,1100,2022-06-21 17:37:00,IBB
112.71,112.71,112.6,112.64,2241,2022-06-21 17:38:00,IBB
112.62,112.63,112.56,112.56,1667,2022-06-21 17:39:00,IBB
112.55,112.61,112.49,112.61,4800,2022-06-21 17:40:00,IBB
112.63,112.63,112.58,112.63,1200,2022-06-21 17:41:00,IBB
112.65,112.66,112.61,112.61,934,2022-06-21 17:42:00,IBB
112.62,112.62,112.51,112.58,7044,2022-06-21 17:43:00,IBB
112.59,112.6543,112.59,112.65,1839,2022-06-21 17:44:00,IBB
112.62,112.6869,112.59,112.62,3310,2022-06-21 17:45:00,IBB
112.6,112.68,112.6,112.64,2500,2022-06-21 17:46:00,IBB
112.6869,112.71,112.65,112.65,1975,2022-06-21 17:47:00,IBB
112.7,112.73,112.7,112.71,871,2022-06-21 17:48:00,IBB
112.7,112.73,112.69,112.73,1284,2022-06-21 17:49:00,IBB
112.74,112.76,112.73,112.74,1204,2022-06-21 17:50:00,IBB
112.725,112.76,112.71,112.76,3040,2022-06-21 17:51:00,IBB
112.76,112.76,112.72,112.75,1167,2022-06-21 17:52:00,IBB
112.7033,112.7033,112.69,112.7,1313,2022-06-21 17:53:00,IBB
112.72,112.74,112.72,112.74,1600,2022-06-21 17:54:00,IBB
112.7,112.71,112.67,112.67,900,2022-06-21 17:55:00,IBB
112.68,112.69,112.58,112.6,1000,2022-06-21 17:56:00,IBB
112.62,112.68,112.61,112.68,1300,2022-06-21 17:57:00,IBB
112.7,112.7,112.6,112.61,1500,2022-06-21 17:58:00,IBB
112.61,112.64,112.57,112.635,3148,2022-06-21 17:59:00,IBB
112.64,112.64,112.58,112.62,1700,2022-06-21 18:00:00,IBB
112.61,112.61,112.51,112.53,1037,2022-06-21 18:01:00,IBB
112.49,112.52,112.47,112.47,2635,2022-06-21 18:02:00,IBB
112.38,112.38,112.3,112.3,1880,2022-06-21 18:03:00,IBB
112.28,112.39,112.27,112.35,1589,2022-06-21 18:04:00,IBB
112.34,112.38,112.34,112.37,1115,2022-06-21 18:05:00,IBB
112.37,112.37,112.26,112.26,4410,2022-06-21 18:06:00,IBB
112.25,112.37,112.25,112.36,1000,2022-06-21 18:07:00,IBB
112.35,112.39,112.35,112.36,651,2022-06-21 18:08:00,IBB
112.37,112.395,112.34,112.395,966,2022-06-21 18:09:00,IBB
112.39,112.42,112.38,112.42,1640,2022-06-21 18:10:00,IBB
112.38,112.4,112.32,112.39,1326,2022-06-21 18:11:00,IBB
112.38,112.42,112.36,112.38,1302,2022-06-21 18:12:00,IBB
112.36,112.36,112.24,112.24,1616,2022-06-21 18:13:00,IBB
112.26,112.29,112.26,112.27,750,2022-06-21 18:14:00,IBB
112.29,112.381,112.27,112.37,2646,2022-06-21 18:15:00,IBB
112.38,112.39,112.28,112.39,700,2022-06-21 18:16:00,IBB
112.36,112.39,112.36,112.3701,2209,2022-06-21 18:17:00,IBB
112.39,112.39,112.29,112.31,1075,2022-06-21 18:18:00,IBB
112.32,112.32,112.28,112.28,1000,2022-06-21 18:19:00,IBB
112.28,112.28,112.23,112.26,832,2022-06-21 18:20:00,IBB
112.29,112.34,112.25,112.34,926,2022-06-21 18:21:00,IBB
112.31,112.37,112.31,112.37,800,2022-06-21 18:22:00,IBB
112.39,112.41,112.37,112.37,1929,2022-06-21 18:23:00,IBB
112.34,112.3499,112.28,112.3499,1344,2022-06-21 18:24:00,IBB
112.3301,112.37,112.32,112.32,2506,2022-06-21 18:25:00,IBB
112.34,112.42,112.33,112.42,1377,2022-06-21 18:26:00,IBB
112.43,112.46,112.39,112.46,1800,2022-06-21 18:27:00,IBB
112.47,112.47,112.45,112.45,200,2022-06-21 18:28:00,IBB
112.46,112.48,112.425,112.425,4279,2022-06-21 18:29:00,IBB
112.43,112.5,112.42,112.44,4989,2022-06-21 18:30:00,IBB
112.4,112.42,112.34,112.41,1914,2022-06-21 18:31:00,IBB
112.45,112.47,112.41,112.41,1764,2022-06-21 18:32:00,IBB
112.4,112.4,112.35,112.38,600,2022-06-21 18:33:00,IBB
112.43,112.46,112.4,112.46,1170,2022-06-21 18:34:00,IBB
112.48,112.51,112.47,112.49,2327,2022-06-21 18:35:00,IBB
112.51,112.54,112.5,112.51,1368,2022-06-21 18:36:00,IBB
112.54,112.54,112.46,112.46,300,2022-06-21 18:37:00,IBB
112.46,112.46,112.4,112.41,600,2022-06-21 18:38:00,IBB
112.43,112.43,112.32,112.3838,2300,2022-06-21 18:39:00,IBB
112.33,112.44,112.28,112.42,5606,2022-06-21 18:40:00,IBB
112.42,112.42,112.39,112.4,1279,2022-06-21 18:41:00,IBB
112.45,112.47,112.435,112.465,2214,2022-06-21 18:42:00,IBB
112.45,112.47,112.45,112.47,800,2022-06-21 18:43:00,IBB
112.475,112.48,112.42,112.47,7204,2022-06-21 18:44:00,IBB
112.455,112.455,112.34,112.34,900,2022-06-21 18:45:00,IBB
112.34,112.35,112.3,112.3,1660,2022-06-21 18:46:00,IBB
112.27,112.4,112.22,112.38,2300,2022-06-21 18:47:00,IBB
112.41,112.42,112.24,112.24,2974,2022-06-21 18:48:00,IBB
112.27,112.29,112.17,112.17,1626,2022-06-21 18:49:00,IBB
112.17,112.3,112.16,112.21,4700,2022-06-21 18:50:00,IBB
112.19,112.22,112.12,112.16,14869,2022-06-21 18:51:00,IBB
112.16,112.24,112.16,112.18,800,2022-06-21 18:52:00,IBB
112.19,112.25,112.15,112.21,3697,2022-06-21 18:53:00,IBB
112.19,112.27,112.17,112.2171,1943,2022-06-21 18:54:00,IBB
112.25,112.37,112.23,112.37,1450,2022-06-21 18:55:00,IBB
112.44,112.45,112.37,112.38,4100,2022-06-21 18:56:00,IBB
112.38,112.38,112.24,112.24,1574,2022-06-21 18:57:00,IBB
112.24,112.2723,112.23,112.23,1238,2022-06-21 18:58:00,IBB
112.21,112.23,112.12,112.21,5636,2022-06-21 18:59:00,IBB
112.16,112.23,112.16,112.2,5564,2022-06-21 19:00:00,IBB
112.22,112.28,112.22,112.2595,1872,2022-06-21 19:01:00,IBB
112.29,112.29,112.22,112.22,1078,2022-06-21 19:02:00,IBB
112.2,112.2,112.14,112.14,1098,2022-06-21 19:03:00,IBB
112.17,112.22,112.1052,112.1183,2060,2022-06-21 19:04:00,IBB
112.09,112.17,112.085,112.09,2868,2022-06-21 19:05:00,IBB
112.16,112.21,112.16,112.21,600,2022-06-21 19:06:00,IBB
112.239,112.25,112.2,112.2,1822,2022-06-21 19:07:00,IBB
112.25,112.31,112.24,112.24,1650,2022-06-21 19:08:00,IBB
112.21,112.255,112.21,112.25,1400,2022-06-21 19:09:00,IBB
112.27,112.31,112.2691,112.31,560,2022-06-21 19:10:00,IBB
112.27,112.27,112.23,112.23,400,2022-06-21 19:11:00,IBB
112.2,112.31,112.19,112.31,1400,2022-06-21 19:12:00,IBB
112.31,112.39,112.31,112.39,1162,2022-06-21 19:13:00,IBB
112.38,112.38,112.28,112.31,900,2022-06-21 19:14:00,IBB
112.32,112.35,112.25,112.3,1600,2022-06-21 19:15:00,IBB
112.305,112.33,112.25,112.25,12944,2022-06-21 19:16:00,IBB
112.27,112.27,112.19,112.19,5419,2022-06-21 19:17:00,IBB
112.21,112.24,112.13,112.21,4024,2022-06-21 19:18:00,IBB
112.221,112.27,112.221,112.26,1165,2022-06-21 19:19:00,IBB
112.26,112.27,112.2,112.22,900,2022-06-21 19:20:00,IBB
112.205,112.265,112.2,112.26,979,2022-06-21 19:21:00,IBB
112.23,112.24,112.18,112.18,1000,2022-06-21 19:22:00,IBB
112.16,112.16,112.12,112.16,1400,2022-06-21 19:23:00,IBB
112.15,112.18,112.14,112.16,1550,2022-06-21 19:24:00,IBB
112.17,112.22,112.14,112.14,3679,2022-06-21 19:25:00,IBB
112.09,112.12,112.07,112.12,2682,2022-06-21 19:26:00,IBB
112.14,112.14,112.1,112.1,2694,2022-06-21 19:27:00,IBB
112.13,112.17,112.12,112.17,1000,2022-06-21 19:28:00,IBB
112.18,112.22,112.18,112.22,700,2022-06-21 19:29:00,IBB
112.23,112.23,112.12,112.12,1584,2022-06-21 19:30:00,IBB
112.12,112.13,112.1,112.11,2050,2022-06-21 19:31:00,IBB
112.13,112.21,112.13,112.1737,712,2022-06-21 19:32:00,IBB
112.2,112.2263,112.2,112.2,1600,2022-06-21 19:33:00,IBB
112.17,112.2,112.17,112.17,2200,2022-06-21 19:34:00,IBB
112.1,112.1,111.94,111.95,2307,2022-06-21 19:35:00,IBB
111.94,112.01,111.94,112.0,2008,2022-06-21 19:36:00,IBB
112.0172,112.0172,111.96,111.984,2520,2022-06-21 19:37:00,IBB
111.97,111.985,111.93,111.94,2135,2022-06-21 19:38:00,IBB
111.95,111.95,111.91,111.93,1906,2022-06-21 19:39:00,IBB
111.95,112.02,111.95,111.96,35911,2022-06-21 19:40:00,IBB
111.95,111.98,111.93,111.98,3998,2022-06-21 19:41:00,IBB
111.98,112.05,111.9668,112.05,3781,2022-06-21 19:42:00,IBB
112.07,112.08,112.04,112.05,2997,2022-06-21 19:43:00,IBB
112.03,112.03,111.97,112.02,1400,2022-06-21 19:44:00,IBB
112.0,112.04,111.99,112.0,3437,2022-06-21 19:45:00,IBB
112.03,112.03,112.0,112.03,1786,2022-06-21 19:46:00,IBB
112.03,112.07,112.02,112.02,2762,2022-06-21 19:47:00,IBB
112.01,112.02,111.9419,111.96,2338,2022-06-21 19:48:00,IBB
111.94,111.99,111.93,111.99,5025,2022-06-21 19:49:00,IBB
111.99,112.23,111.99,112.15,9081,2022-06-21 19:50:00,IBB
112.13,112.13,112.03,112.06,3652,2022-06-21 19:51:00,IBB
112.07,112.11,112.0,112.07,5760,2022-06-21 19:52:00,IBB
112.07,112.12,112.06,112.11,2200,2022-06-21 19:53:00,IBB
112.1,112.1,112.04,112.08,8330,2022-06-21 19:54:00,IBB
112.09,112.09,111.95,111.96,4014,2022-06-21 19:55:00,IBB
111.97,111.97,111.85,111.9,14605,2022-06-21 19:56:00,IBB
111.91,111.94,111.87,111.91,45305,2022-06-21 19:57:00,IBB
111.9,111.92,111.82,111.87,79055,2022-06-21 19:58:00,IBB
111.86,111.93,111.83,111.87,88988,2022-06-21 19:59:00,IBB
111.87,111.87,111.87,111.87,47708,2022-06-21 20:00:00,IBB
111.87,111.87,111.87,111.87,13124,2022-06-21 20:02:00,IBB
111.87,111.87,111.87,111.87,2077,2022-06-21 20:10:00,IBB
111.87,111.87,111.87,111.87,240,2022-06-21 20:18:00,IBB
111.87,111.87,111.87,111.87,392,2022-06-21 20:25:00,IBB
111.87,111.87,111.87,111.87,165,2022-06-21 21:02:00,IBB
111.62,111.62,111.62,111.62,199,2022-06-21 23:28:00,IBB
110.17,110.17,110.17,110.17,100,2022-06-22 10:47:00,IBB
110.56,110.56,110.5,110.52,1400,2022-06-22 11:00:00,IBB
110.43,110.43,110.43,110.43,100,2022-06-22 11:16:00,IBB
110.33,110.33,110.33,110.33,5000,2022-06-22 12:29:00,IBB
110.2677,110.2677,110.2677,110.2677,300,2022-06-22 12:33:00,IBB
109.91,109.91,109.91,109.91,200,2022-06-22 12:48:00,IBB
109.96,109.96,109.96,109.96,100,2022-06-22 12:58:00,IBB
109.98,109.98,109.98,109.98,100,2022-06-22 12:59:00,IBB
110.0,110.18,110.0,110.18,600,2022-06-22 13:01:00,IBB
110.2,110.2,110.2,110.2,190,2022-06-22 13:09:00,IBB
110.33,110.33,110.33,110.33,500,2022-06-22 13:12:00,IBB
110.4,110.4,110.4,110.4,200,2022-06-22 13:22:00,IBB
110.63,110.63,110.63,110.63,150,2022-06-22 13:23:00,IBB
110.3,110.84,110.3,110.52,19942,2022-06-22 13:30:00,IBB
110.66,111.27,110.63,111.2,11928,2022-06-22 13:31:00,IBB
111.34,111.585,111.34,111.56,4418,2022-06-22 13:32:00,IBB
111.57,111.73,111.39,111.41,4728,2022-06-22 13:33:00,IBB
111.385,111.39,111.12,111.38,3087,2022-06-22 13:34:00,IBB
111.39,111.46,111.1,111.34,5928,2022-06-22 13:35:00,IBB
111.33,111.45,111.26,111.4,7957,2022-06-22 13:36:00,IBB
111.43,111.43,111.29,111.4,1932,2022-06-22 13:37:00,IBB
111.43,111.575,111.43,111.57,3110,2022-06-22 13:38:00,IBB
111.61,111.62,111.33,111.57,7758,2022-06-22 13:39:00,IBB
111.57,111.57,111.34,111.34,1200,2022-06-22 13:40:00,IBB
111.33,111.41,111.1826,111.4,5131,2022-06-22 13:41:00,IBB
111.46,111.63,111.46,111.54,4000,2022-06-22 13:42:00,IBB
111.59,111.59,111.39,111.41,1900,2022-06-22 13:43:00,IBB
111.44,111.75,111.44,111.71,7451,2022-06-22 13:44:00,IBB
111.77,111.99,111.75,111.758,3591,2022-06-22 13:45:00,IBB
111.81,111.94,111.75,111.85,2050,2022-06-22 13:46:00,IBB
111.9,112.01,111.82,111.945,3426,2022-06-22 13:47:00,IBB
112.04,112.05,111.89,111.99,2300,2022-06-22 13:48:00,IBB
112.0,112.1,111.965,111.98,3478,2022-06-22 13:49:00,IBB
111.99,111.99,111.83,111.89,8732,2022-06-22 13:50:00,IBB
111.875,112.01,111.76,111.92,5078,2022-06-22 13:51:00,IBB
111.9405,112.08,111.93,112.08,4916,2022-06-22 13:52:00,IBB
112.04,112.25,111.98,112.25,9189,2022-06-22 13:53:00,IBB
112.29,112.47,112.24,112.44,2777,2022-06-22 13:54:00,IBB
112.43,112.49,112.41,112.43,4730,2022-06-22 13:55:00,IBB
112.41,112.46,112.32,112.34,7017,2022-06-22 13:56:00,IBB
112.4,112.55,112.4,112.53,3900,2022-06-22 13:57:00,IBB
112.52,112.55,112.43,112.45,5648,2022-06-22 13:58:00,IBB
112.46,112.54,112.43,112.45,6597,2022-06-22 13:59:00,IBB
112.43,112.46,112.34,112.42,3873,2022-06-22 14:00:00,IBB
112.34,112.34,112.13,112.1401,4553,2022-06-22 14:01:00,IBB
112.13,112.25,112.12,112.13,5500,2022-06-22 14:02:00,IBB
112.13,112.32,112.13,112.28,2055,2022-06-22 14:03:00,IBB
112.328,112.54,112.328,112.5,9576,2022-06-22 14:04:00,IBB
112.5,112.65,112.44,112.62,4198,2022-06-22 14:05:00,IBB
112.63,112.7,112.61,112.65,8584,2022-06-22 14:06:00,IBB
112.64,112.9,112.64,112.86,10228,2022-06-22 14:07:00,IBB
112.87,112.98,112.87,112.98,6470,2022-06-22 14:08:00,IBB
112.96,112.99,112.88,112.9527,6424,2022-06-22 14:09:00,IBB
112.99,113.06,112.95,113.02,3300,2022-06-22 14:10:00,IBB
112.94,112.99,112.92,112.96,2466,2022-06-22 14:11:00,IBB
112.97,113.07,112.92,113.05,2518,2022-06-22 14:12:00,IBB
113.04,113.1,113.04,113.06,3942,2022-06-22 14:13:00,IBB
113.16,113.2198,113.14,113.14,3657,2022-06-22 14:14:00,IBB
113.12,113.29,113.11,113.26,8388,2022-06-22 14:15:00,IBB
113.25,113.25,113.1,113.18,9275,2022-06-22 14:16:00,IBB
113.22,113.4,113.21,113.4,10818,2022-06-22 14:17:00,IBB
113.4,113.49,113.35,113.38,6032,2022-06-22 14:18:00,IBB
113.36,113.49,113.29,113.47,5583,2022-06-22 14:19:00,IBB
113.46,113.64,113.45,113.52,17310,2022-06-22 14:20:00,IBB
113.52,113.65,113.52,113.65,41862,2022-06-22 14:21:00,IBB
113.62,113.8,113.62,113.76,27232,2022-06-22 14:22:00,IBB
113.77,113.87,113.75,113.84,8824,2022-06-22 14:23:00,IBB
113.85,113.92,113.83,113.86,5679,2022-06-22 14:24:00,IBB
113.83,113.88,113.71,113.74,6314,2022-06-22 14:25:00,IBB
113.71,113.82,113.71,113.76,4062,2022-06-22 14:26:00,IBB
113.74,113.74,113.57,113.65,8145,2022-06-22 14:27:00,IBB
113.65,113.8,113.63,113.68,6222,2022-06-22 14:28:00,IBB
113.72,113.81,113.72,113.79,7310,2022-06-22 14:29:00,IBB
113.8,113.81,113.73,113.76,4386,2022-06-22 14:30:00,IBB
113.77,113.81,113.708,113.73,5064,2022-06-22 14:31:00,IBB
113.75,113.87,113.75,113.86,14482,2022-06-22 14:32:00,IBB
113.86,113.9,113.78,113.89,4897,2022-06-22 14:33:00,IBB
113.9,114.03,113.9,114.03,10147,2022-06-22 14:34:00,IBB
114.02,114.07,113.9,113.92,4952,2022-06-22 14:35:00,IBB
113.91,114.06,113.91,113.99,9725,2022-06-22 14:36:00,IBB
114.02,114.13,114.02,114.13,4841,2022-06-22 14:37:00,IBB
114.15,114.22,114.15,114.21,27429,2022-06-22 14:38:00,IBB
114.2,114.2,114.03,114.04,6750,2022-06-22 14:39:00,IBB
114.06,114.06,113.99,114.03,6382,2022-06-22 14:40:00,IBB
114.1,114.145,114.07,114.125,2678,2022-06-22 14:41:00,IBB
114.14,114.16,113.98,113.98,5798,2022-06-22 14:42:00,IBB
113.99,114.06,113.99,114.005,7063,2022-06-22 14:43:00,IBB
114.02,114.04,113.94,114.02,4544,2022-06-22 14:44:00,IBB
114.01,114.06,113.95,113.95,3794,2022-06-22 14:45:00,IBB
113.94,113.94,113.71,113.72,5631,2022-06-22 14:46:00,IBB
113.7,113.75,113.64,113.66,5418,2022-06-22 14:47:00,IBB
113.66,113.73,113.66,113.66,5486,2022-06-22 14:48:00,IBB
113.61,113.73,113.61,113.71,4049,2022-06-22 14:49:00,IBB
113.7,113.83,113.7,113.819,6040,2022-06-22 14:50:00,IBB
113.81,113.81,113.73,113.73,8513,2022-06-22 14:51:00,IBB
113.742,113.93,113.73,113.93,18310,2022-06-22 14:52:00,IBB
113.95,113.96,113.86,113.86,3885,2022-06-22 14:53:00,IBB
113.88,113.94,113.88,113.92,6191,2022-06-22 14:54:00,IBB
113.91,113.96,113.88,113.93,3404,2022-06-22 14:55:00,IBB
113.96,114.0,113.88,113.88,7651,2022-06-22 14:56:00,IBB
113.88,113.94,113.87,113.92,5374,2022-06-22 14:57:00,IBB
113.92,113.94,113.88,113.94,5155,2022-06-22 14:58:00,IBB
113.93,113.93,113.9,113.9233,2302,2022-06-22 14:59:00,IBB
113.95,114.01,113.875,113.91,5161,2022-06-22 15:00:00,IBB
113.9,113.9,113.66,113.68,6546,2022-06-22 15:01:00,IBB
113.65,113.731,113.62,113.65,4509,2022-06-22 15:02:00,IBB
113.64,113.75,113.59,113.72,7025,2022-06-22 15:03:00,IBB
113.77,113.9,113.75,113.9,4916,2022-06-22 15:04:00,IBB
113.91,113.9195,113.8,113.85,2255,2022-06-22 15:05:00,IBB
113.88,113.97,113.84,113.97,5216,2022-06-22 15:06:00,IBB
113.96,113.9645,113.89,113.89,3576,2022-06-22 15:07:00,IBB
113.88,113.92,113.86,113.86,2847,2022-06-22 15:08:00,IBB
113.86,114.0,113.83,114.0,3601,2022-06-22 15:09:00,IBB
113.98,114.04,113.94,114.02,4546,2022-06-22 15:10:00,IBB
114.01,114.04,113.86,113.86,1700,2022-06-22 15:11:00,IBB
113.85,113.91,113.84,113.87,2501,2022-06-22 15:12:00,IBB
113.86,113.94,113.85,113.94,1500,2022-06-22 15:13:00,IBB
113.89,113.98,113.89,113.98,1900,2022-06-22 15:14:00,IBB
113.97,114.21,113.97,114.21,6828,2022-06-22 15:15:00,IBB
114.2,114.2,114.1,114.1,2684,2022-06-22 15:16:00,IBB
114.09,114.17,114.08,114.14,3161,2022-06-22 15:17:00,IBB
114.15,114.16,114.1,114.15,5178,2022-06-22 15:18:00,IBB
114.2,114.31,114.2,114.27,20917,2022-06-22 15:19:00,IBB
114.26,114.29,114.2,114.2,3700,2022-06-22 15:20:00,IBB
114.13,114.16,114.1,114.1,2000,2022-06-22 15:21:00,IBB
114.08,114.23,114.0699,114.21,3528,2022-06-22 15:22:00,IBB
114.23,114.24,114.16,114.22,1800,2022-06-22 15:23:00,IBB
114.22,114.23,114.14,114.16,2100,2022-06-22 15:24:00,IBB
114.15,114.28,114.11,114.28,5113,2022-06-22 15:25:00,IBB
114.28,114.31,114.25,114.28,3941,2022-06-22 15:26:00,IBB
114.27,114.32,114.24,114.32,1400,2022-06-22 15:27:00,IBB
114.32,114.32,114.27,114.3,2724,2022-06-22 15:28:00,IBB
114.29,114.35,114.29,114.33,2328,2022-06-22 15:29:00,IBB
114.3,114.37,114.29,114.34,2862,2022-06-22 15:30:00,IBB
114.35,114.45,114.35,114.43,3424,2022-06-22 15:31:00,IBB
114.39,114.45,114.35,114.42,1400,2022-06-22 15:32:00,IBB
114.41,114.45,114.4,114.42,1519,2022-06-22 15:33:00,IBB
114.44,114.44,114.37,114.37,2000,2022-06-22 15:34:00,IBB
114.38,114.42,114.37,114.41,2954,2022-06-22 15:35:00,IBB
114.41,114.41,114.33,114.35,1467,2022-06-22 15:36:00,IBB
114.32,114.32,114.2633,114.31,2320,2022-06-22 15:37:00,IBB
114.32,114.32,114.26,114.26,1400,2022-06-22 15:38:00,IBB
114.29,114.29,114.23,114.23,2000,2022-06-22 15:39:00,IBB
114.25,114.25,114.09,114.11,2900,2022-06-22 15:40:00,IBB
114.09,114.1,114.03,114.03,1550,2022-06-22 15:41:00,IBB
114.05,114.05,113.95,113.97,3345,2022-06-22 15:42:00,IBB
113.98,114.04,113.92,113.93,3550,2022-06-22 15:43:00,IBB
114.01,114.01,113.88,113.89,4307,2022-06-22 15:44:00,IBB
113.88,113.88,113.79,113.79,1500,2022-06-22 15:45:00,IBB
113.74,113.74,113.6483,113.7,7024,2022-06-22 15:46:00,IBB
113.67,113.7,113.62,113.65,10668,2022-06-22 15:47:00,IBB
113.64,113.75,113.51,113.75,6591,2022-06-22 15:48:00,IBB
113.78,113.82,113.77,113.81,2500,2022-06-22 15:49:00,IBB
113.8,113.83,113.72,113.73,3937,2022-06-22 15:50:00,IBB
113.71,113.71,113.58,113.58,2000,2022-06-22 15:51:00,IBB
113.6,113.62,113.51,113.58,2100,2022-06-22 15:52:00,IBB
113.54,113.58,113.48,113.58,6600,2022-06-22 15:53:00,IBB
113.56,113.5601,113.5,113.56,2265,2022-06-22 15:54:00,IBB
113.58,113.61,113.56,113.56,2933,2022-06-22 15:55:00,IBB
113.59,113.6,113.43,113.43,4632,2022-06-22 15:56:00,IBB
113.39,113.46,113.39,113.42,1200,2022-06-22 15:57:00,IBB
113.41,113.41,113.35,113.36,3204,2022-06-22 15:58:00,IBB
113.36,113.38,113.29,113.31,2988,2022-06-22 15:59:00,IBB
113.32,113.51,113.32,113.51,1371,2022-06-22 16:00:00,IBB
113.54,113.75,113.54,113.66,6978,2022-06-22 16:01:00,IBB
113.67,113.67,113.591,113.62,2000,2022-06-22 16:02:00,IBB
113.6,113.64,113.43,113.43,3063,2022-06-22 16:03:00,IBB
113.42,113.48,113.34,113.43,2300,2022-06-22 16:04:00,IBB
113.42,113.49,113.37,113.49,2100,2022-06-22 16:05:00,IBB
113.47,113.47,113.35,113.38,1818,2022-06-22 16:06:00,IBB
113.35,113.38,113.34,113.36,1499,2022-06-22 16:07:00,IBB
113.35,113.38,113.29,113.34,5647,2022-06-22 16:08:00,IBB
113.34,113.37,113.34,113.36,1000,2022-06-22 16:09:00,IBB
113.38,113.43,113.35,113.35,2600,2022-06-22 16:10:00,IBB
113.3,113.32,113.26,113.27,3696,2022-06-22 16:11:00,IBB
113.32,113.34,113.32,113.32,1600,2022-06-22 16:12:00,IBB
113.35,113.4,113.35,113.4,1927,2022-06-22 16:13:00,IBB
113.38,113.39,113.34,113.34,2081,2022-06-22 16:14:00,IBB
113.34,113.38,113.31,113.36,1500,2022-06-22 16:15:00,IBB
113.35,113.38,113.28,113.294,3300,2022-06-22 16:16:00,IBB
113.4,113.48,113.38,113.48,2617,2022-06-22 16:17:00,IBB
113.46,113.54,113.44,113.5,3707,2022-06-22 16:18:00,IBB
113.46,113.54,113.45,113.54,700,2022-06-22 16:19:00,IBB
113.52,113.57,113.49,113.55,2000,2022-06-22 16:20:00,IBB
113.59,113.63,113.59,113.61,1937,2022-06-22 16:21:00,IBB
113.62,113.75,113.62,113.75,2552,2022-06-22 16:22:00,IBB
113.79,113.79,113.68,113.74,2700,2022-06-22 16:23:00,IBB
113.74,113.75,113.7,113.72,1285,2022-06-22 16:24:00,IBB
113.71,113.77,113.7,113.74,2174,2022-06-22 16:25:00,IBB
113.72,113.72,113.67,113.67,1800,2022-06-22 16:26:00,IBB
113.63,113.66,113.59,113.66,1881,2022-06-22 16:27:00,IBB
113.68,113.72,113.68,113.7,1549,2022-06-22 16:28:00,IBB
113.72,113.78,113.72,113.73,2345,2022-06-22 16:29:00,IBB
113.71,113.76,113.71,113.75,1100,2022-06-22 16:30:00,IBB
113.76,113.79,113.75,113.79,1860,2022-06-22 16:31:00,IBB
113.8,113.85,113.8,113.85,2200,2022-06-22 16:32:00,IBB
113.84,113.9,113.82,113.89,1348,2022-06-22 16:33:00,IBB
113.899,113.94,113.89,113.92,3052,2022-06-22 16:34:00,IBB
113.94,113.97,113.92,113.97,2709,2022-06-22 16:35:00,IBB
113.99,114.01,113.93,113.931,2100,2022-06-22 16:36:00,IBB
113.955,114.01,113.955,114.0,750,2022-06-22 16:37:00,IBB
114.03,114.03,113.92,113.92,3464,2022-06-22 16:38:00,IBB
113.91,113.91,113.83,113.88,2800,2022-06-22 16:39:00,IBB
113.91,113.95,113.91,113.95,502,2022-06-22 16:40:00,IBB
113.95,114.02,113.95,113.99,3431,2022-06-22 16:41:00,IBB
113.985,113.99,113.97,113.98,874,2022-06-22 16:42:00,IBB
114.0,114.04,114.0,114.02,1600,2022-06-22 16:43:00,IBB
114.01,114.07,114.0,114.04,7152,2022-06-22 16:44:00,IBB
114.03,114.05,114.0,114.03,3700,2022-06-22 16:45:00,IBB
114.01,114.04,113.99,114.04,500,2022-06-22 16:46:00,IBB
114.0236,114.1,114.0236,114.06,4818,2022-06-22 16:47:00,IBB
114.12,114.15,114.11,114.11,1963,2022-06-22 16:48:00,IBB
114.13,114.19,114.13,114.15,3032,2022-06-22 16:49:00,IBB
114.19,114.21,114.1,114.1,7812,2022-06-22 16:50:00,IBB
114.09,114.147,114.07,114.147,7793,2022-06-22 16:51:00,IBB
114.14,114.15,114.13,114.1401,1207,2022-06-22 16:52:00,IBB
114.1416,114.17,114.1416,114.15,1380,2022-06-22 16:53:00,IBB
114.18,114.21,114.17,114.2,1120,2022-06-22 16:54:00,IBB
114.22,114.24,114.12,114.17,3982,2022-06-22 16:55:00,IBB
114.19,114.19,114.15,114.17,2722,2022-06-22 16:56:00,IBB
114.19,114.19,114.14,114.15,2600,2022-06-22 16:57:00,IBB
114.14,114.18,114.13,114.18,1425,2022-06-22 16:58:00,IBB
114.19,114.27,114.17,114.26,3049,2022-06-22 16:59:00,IBB
114.28,114.28,114.16,114.16,3490,2022-06-22 17:00:00,IBB
114.09,114.14,114.08,114.09,1770,2022-06-22 17:01:00,IBB
114.08,114.08,113.91,113.91,5200,2022-06-22 17:02:00,IBB
113.83,114.02,113.81,113.99,3186,2022-06-22 17:03:00,IBB
113.94,114.0,113.94,114.0,1369,2022-06-22 17:04:00,IBB
113.98,114.03,113.98,114.03,3108,2022-06-22 17:05:00,IBB
114.05,114.1,114.03,114.1,1953,2022-06-22 17:06:00,IBB
114.12,114.16,114.11,114.11,1795,2022-06-22 17:07:00,IBB
114.13,114.13,114.06,114.06,787,2022-06-22 17:08:00,IBB
114.08,114.1001,114.08,114.09,1759,2022-06-22 17:09:00,IBB
114.08,114.2,114.08,114.17,1300,2022-06-22 17:10:00,IBB
114.17,114.18,114.16,114.16,1500,2022-06-22 17:11:00,IBB
114.18,114.19,114.16,114.16,839,2022-06-22 17:12:00,IBB
114.15,114.19,114.12,114.17,1480,2022-06-22 17:13:00,IBB
114.18,114.21,114.15,114.21,1505,2022-06-22 17:14:00,IBB
114.18,114.19,114.12,114.12,1100,2022-06-22 17:15:00,IBB
114.12,114.18,114.09,114.18,1668,2022-06-22 17:16:00,IBB
114.18,114.2,114.17,114.2,1600,2022-06-22 17:17:00,IBB
114.2,114.23,114.2,114.2,1500,2022-06-22 17:18:00,IBB
114.2,114.22,114.19,114.22,2350,2022-06-22 17:19:00,IBB
114.21,114.22,114.1,114.11,4030,2022-06-22 17:20:00,IBB
114.11,114.18,114.11,114.18,1182,2022-06-22 17:21:00,IBB
114.17,114.17,114.11,114.11,1920,2022-06-22 17:22:00,IBB
114.11,114.11,114.07,114.07,1550,2022-06-22 17:23:00,IBB
114.08,114.18,114.08,114.18,2099,2022-06-22 17:24:00,IBB
114.16,114.18,114.16,114.18,2200,2022-06-22 17:25:00,IBB
114.19,114.24,114.18,114.24,6026,2022-06-22 17:26:00,IBB
114.2,114.21,114.12,114.12,1400,2022-06-22 17:27:00,IBB
114.06,114.14,114.06,114.14,1300,2022-06-22 17:28:00,IBB
114.15,114.15,114.12,114.12,1300,2022-06-22 17:29:00,IBB
114.14,114.14,114.09,114.09,2100,2022-06-22 17:30:00,IBB
114.1,114.1,114.05,114.06,1425,2022-06-22 17:31:00,IBB
114.08,114.09,114.06,114.06,2900,2022-06-22 17:32:00,IBB
114.03,114.03,113.97,113.97,3214,2022-06-22 17:33:00,IBB
113.97,114.03,113.97,113.98,2562,2022-06-22 17:34:00,IBB
113.95,113.95,113.88,113.92,4950,2022-06-22 17:35:00,IBB
113.91,113.97,113.91,113.93,2090,2022-06-22 17:36:00,IBB
113.905,114.01,113.905,114.01,2292,2022-06-22 17:37:00,IBB
114.02,114.02,113.98,113.98,3590,2022-06-22 17:38:00,IBB
114.01,114.01,113.98,113.98,800,2022-06-22 17:39:00,IBB
113.95,113.99,113.94,113.99,1500,2022-06-22 17:40:00,IBB
114.02,114.02,113.96,113.96,2495,2022-06-22 17:41:00,IBB
113.96,114.0,113.94,114.0,1135,2022-06-22 17:42:00,IBB
114.0,114.02,114.0,114.02,2127,2022-06-22 17:43:00,IBB
114.03,114.05,113.97,114.05,5367,2022-06-22 17:44:00,IBB
114.06,114.08,114.04,114.065,1263,2022-06-22 17:45:00,IBB
114.07,114.15,114.07,114.14,1045,2022-06-22 17:46:00,IBB
114.16,114.17,114.131,114.15,3018,2022-06-22 17:47:00,IBB
114.14,114.17,114.14,114.16,1657,2022-06-22 17:48:00,IBB
114.163,114.18,114.12,114.12,2017,2022-06-22 17:49:00,IBB
114.12,114.2,114.12,114.18,4381,2022-06-22 17:50:00,IBB
114.165,114.165,114.14,114.15,1400,2022-06-22 17:51:00,IBB
114.14,114.2,114.14,114.15,3763,2022-06-22 17:52:00,IBB
114.15,114.15,114.03,114.03,4775,2022-06-22 17:53:00,IBB
114.01,114.08,113.99,114.06,4753,2022-06-22 17:54:00,IBB
114.08,114.1,114.08,114.0843,819,2022-06-22 17:55:00,IBB
114.11,114.12,114.06,114.06,4436,2022-06-22 17:56:00,IBB
114.05,114.1,114.02,114.1,2400,2022-06-22 17:57:00,IBB
114.09,114.17,114.09,114.17,2278,2022-06-22 17:58:00,IBB
114.19,114.22,114.18,114.22,3157,2022-06-22 17:59:00,IBB
114.23,114.26,114.22,114.22,2400,2022-06-22 18:00:00,IBB
114.23,114.27,114.215,114.27,1676,2022-06-22 18:01:00,IBB
114.26,114.32,114.24,114.3,3523,2022-06-22 18:02:00,IBB
114.32,114.36,114.32,114.34,3200,2022-06-22 18:03:00,IBB
114.38,114.395,114.315,114.315,1712,2022-06-22 18:04:00,IBB
114.34,114.38,114.33,114.38,2503,2022-06-22 18:05:00,IBB
114.41,114.54,114.41,114.515,11102,2022-06-22 18:06:00,IBB
114.58,114.62,114.541,114.56,3900,2022-06-22 18:07:00,IBB
114.5601,114.66,114.5601,114.66,2746,2022-06-22 18:08:00,IBB
114.68,114.69,114.66,114.68,1886,2022-06-22 18:09:00,IBB
114.67,114.68,114.6227,114.66,1515,2022-06-22 18:10:00,IBB
114.625,114.63,114.5,114.58,24392,2022-06-22 18:11:00,IBB
114.59,114.69,114.59,114.6481,33690,2022-06-22 18:12:00,IBB
114.65,114.68,114.6499,114.68,1290,2022-06-22 18:13:00,IBB
114.68,114.76,114.68,114.76,1610,2022-06-22 18:14:00,IBB
114.75,114.76,114.72,114.76,941,2022-06-22 18:15:00,IBB
114.78,114.79,114.775,114.78,1230,2022-06-22 18:16:00,IBB
114.76,114.78,114.74,114.75,1500,2022-06-22 18:17:00,IBB
114.76,114.78,114.75,114.78,1910,2022-06-22 18:18:00,IBB
114.77,114.8,114.67,114.71,6781,2022-06-22 18:19:00,IBB
114.72,114.75,114.72,114.75,1300,2022-06-22 18:20:00,IBB
114.76,114.76,114.52,114.55,3950,2022-06-22 18:21:00,IBB
114.54,114.58,114.49,114.58,3658,2022-06-22 18:22:00,IBB
114.59,114.64,114.53,114.56,5898,2022-06-22 18:23:00,IBB
114.57,114.57,114.53,114.57,1600,2022-06-22 18:24:00,IBB
114.56,114.56,114.4673,114.51,1500,2022-06-22 18:25:00,IBB
114.49,114.49,114.41,114.43,2700,2022-06-22 18:26:00,IBB
114.41,114.41,114.36,114.4,1900,2022-06-22 18:27:00,IBB
114.41,114.46,114.37,114.46,3460,2022-06-22 18:28:00,IBB
114.44,114.44,114.39,114.39,1642,2022-06-22 18:29:00,IBB
114.4,114.45,114.39,114.4301,3014,2022-06-22 18:30:00,IBB
114.43,114.43,114.38,114.38,600,2022-06-22 18:31:00,IBB
114.38,114.39,114.38,114.39,1200,2022-06-22 18:32:00,IBB
114.4,114.4,114.37,114.37,800,2022-06-22 18:33:00,IBB
114.38,114.41,114.37,114.41,600,2022-06-22 18:34:00,IBB
114.42,114.44,114.38,114.42,3300,2022-06-22 18:35:00,IBB
114.43,114.46,114.43,114.44,1000,2022-06-22 18:36:00,IBB
114.41,114.45,114.38,114.43,5903,2022-06-22 18:37:00,IBB
114.42,114.47,114.42,114.44,4348,2022-06-22 18:38:00,IBB
114.44,114.48,114.41,114.4133,2731,2022-06-22 18:39:00,IBB
114.4,114.465,114.4,114.465,1902,2022-06-22 18:40:00,IBB
114.455,114.455,114.39,114.4,2800,2022-06-22 18:41:00,IBB
114.4,114.41,114.355,114.36,2730,2022-06-22 18:42:00,IBB
114.38,114.43,114.38,114.41,1250,2022-06-22 18:43:00,IBB
114.39,114.41,114.39,114.4,1626,2022-06-22 18:44:00,IBB
114.38,114.38,114.3,114.37,3100,2022-06-22 18:45:00,IBB
114.41,114.41,114.36,114.36,1868,2022-06-22 18:46:00,IBB
114.35,114.3799,114.32,114.32,4592,2022-06-22 18:47:00,IBB
114.32,114.32,114.3,114.315,2550,2022-06-22 18:48:00,IBB
114.31,114.31,114.16,114.16,3832,2022-06-22 18:49:00,IBB
114.15,114.18,114.12,114.13,2689,2022-06-22 18:50:00,IBB
114.14,114.22,114.11,114.22,11539,2022-06-22 18:51:00,IBB
114.22,114.27,114.22,114.22,3835,2022-06-22 18:52:00,IBB
114.24,114.24,114.19,114.21,3302,2022-06-22 18:53:00,IBB
114.27,114.28,114.27,114.27,300,2022-06-22 18:54:00,IBB
114.28,114.3,114.27,114.29,1200,2022-06-22 18:55:00,IBB
114.3,114.344,114.24,114.24,3600,2022-06-22 18:56:00,IBB
114.27,114.27,114.27,114.27,200,2022-06-22 18:57:00,IBB
114.27,114.27,114.22,114.25,1665,2022-06-22 18:58:00,IBB
114.26,114.27,114.23,114.27,1800,2022-06-22 18:59:00,IBB
114.28,114.28,114.23,114.23,1364,2022-06-22 19:00:00,IBB
114.2,114.2,114.1,114.12,2862,2022-06-22 19:01:00,IBB
114.18,114.18,114.15,114.15,2587,2022-06-22 19:02:00,IBB
114.16,114.29,114.14,114.29,2600,2022-06-22 19:03:00,IBB
114.34,114.35,114.32,114.32,800,2022-06-22 19:04:00,IBB
114.34,114.34,114.3101,114.34,1679,2022-06-22 19:05:00,IBB
114.39,114.39,114.349,114.37,4769,2022-06-22 19:06:00,IBB
114.35,114.38,114.32,114.32,700,2022-06-22 19:07:00,IBB
114.32,114.32,114.28,114.28,2200,2022-06-22 19:08:00,IBB
114.31,114.33,114.28,114.3,2059,2022-06-22 19:09:00,IBB
114.29,114.29,114.14,114.15,1700,2022-06-22 19:10:00,IBB
114.17,114.294,114.17,114.26,4664,2022-06-22 19:11:00,IBB
114.32,114.33,114.16,114.16,1700,2022-06-22 19:12:00,IBB
114.16,114.21,114.16,114.21,1700,2022-06-22 19:13:00,IBB
114.21,114.265,114.2,114.265,9304,2022-06-22 19:14:00,IBB
114.22,114.26,114.22,114.25,3221,2022-06-22 19:15:00,IBB
114.25,114.29,114.19,114.19,12196,2022-06-22 19:16:00,IBB
114.22,114.25,114.16,114.16,5016,2022-06-22 19:17:00,IBB
114.12,114.12,114.03,114.04,2600,2022-06-22 19:18:00,IBB
114.03,114.03,113.98,114.0,4446,2022-06-22 19:19:00,IBB
113.98,114.02,113.98,114.0,3288,2022-06-22 19:20:00,IBB
113.99,114.02,113.93,113.93,2300,2022-06-22 19:21:00,IBB
113.94,113.96,113.83,113.83,5205,2022-06-22 19:22:00,IBB
113.77,113.84,113.75,113.8,4021,2022-06-22 19:23:00,IBB
113.79,113.81,113.77,113.81,2401,2022-06-22 19:24:00,IBB
113.78,113.7801,113.73,113.73,2896,2022-06-22 19:25:00,IBB
113.67,113.72,113.56,113.6,30162,2022-06-22 19:26:00,IBB
113.585,113.63,113.55,113.57,12151,2022-06-22 19:27:00,IBB
113.55,113.554,113.42,113.43,1700,2022-06-22 19:28:00,IBB
113.42,113.49,113.41,113.46,2881,2022-06-22 19:29:00,IBB
113.41,113.4436,113.37,113.4,25314,2022-06-22 19:30:00,IBB
113.38,113.46,113.38,113.46,17122,2022-06-22 19:31:00,IBB
113.52,113.53,113.45,113.45,1350,2022-06-22 19:32:00,IBB
113.45,113.48,113.38,113.38,2250,2022-06-22 19:33:00,IBB
113.38,113.38,113.31,113.31,5676,2022-06-22 19:34:00,IBB
113.32,113.32,113.23,113.26,11510,2022-06-22 19:35:00,IBB
113.25,113.27,113.22,113.22,1282,2022-06-22 19:36:00,IBB
113.15,113.2,113.13,113.2,1007,2022-06-22 19:37:00,IBB
113.15,113.17,113.12,113.16,8095,2022-06-22 19:38:00,IBB
113.17,113.295,113.17,113.26,5629,2022-06-22 19:39:00,IBB
113.24,113.24,113.15,113.18,7555,2022-06-22 19:40:00,IBB
113.18,113.19,113.11,113.14,2339,2022-06-22 19:41:00,IBB
113.14,113.21,113.115,113.2,4234,2022-06-22 19:42:00,IBB
113.21,113.3,113.18,113.3,2255,2022-06-22 19:43:00,IBB
113.31,113.31,113.22,113.22,4127,2022-06-22 19:44:00,IBB
113.22,113.23,113.16,113.19,3980,2022-06-22 19:45:00,IBB
113.19,113.21,113.14,113.161,3400,2022-06-22 19:46:00,IBB
113.17,113.17,113.0701,113.09,5529,2022-06-22 19:47:00,IBB
113.09,113.15,113.08,113.1083,6993,2022-06-22 19:48:00,IBB
113.1,113.1401,113.05,113.14,20454,2022-06-22 19:49:00,IBB
113.12,113.3432,113.03,113.301,19206,2022-06-22 19:50:00,IBB
113.32,113.32,113.27,113.28,2978,2022-06-22 19:51:00,IBB
113.29,113.4,113.2,113.37,8429,2022-06-22 19:52:00,IBB
113.39,113.46,113.39,113.41,5828,2022-06-22 19:53:00,IBB
113.44,113.54,113.44,113.49,8707,2022-06-22 19:54:00,IBB
113.55,113.6,113.53,113.57,2235,2022-06-22 19:55:00,IBB
113.56,113.57,113.47,113.54,20185,2022-06-22 19:56:00,IBB
113.55,113.58,113.52,113.54,4569,2022-06-22 19:57:00,IBB
113.56,113.56,113.44,113.45,4850,2022-06-22 19:58:00,IBB
113.46,113.47,113.41,113.43,13758,2022-06-22 19:59:00,IBB
113.09,113.25,113.09,113.25,19783,2022-06-22 20:00:00,IBB
113.25,113.25,113.25,113.25,1223,2022-06-22 20:01:00,IBB
113.42,113.42,113.42,113.42,4000,2022-06-22 20:02:00,IBB
113.31,113.31,113.31,113.31,1500,2022-06-22 20:08:00,IBB
113.25,113.25,113.25,113.25,165,2022-06-22 20:50:00,IBB
113.48,113.48,113.48,113.48,638,2022-06-22 21:28:00,IBB
113.25,113.25,113.25,113.25,100,2022-06-22 23:22:00,IBB
113.3,113.3,113.3,113.3,200,2022-06-23 08:41:00,IBB
113.96,113.96,113.96,113.96,370,2022-06-23 10:49:00,IBB
113.99,114.0,113.99,114.0,2185,2022-06-23 10:50:00,IBB
114.06,114.15,114.06,114.15,4087,2022-06-23 11:29:00,IBB
113.61,113.61,113.61,113.61,200,2022-06-23 12:47:00,IBB
113.9,114.06,113.9,114.06,1158,2022-06-23 13:09:00,IBB
114.15,114.29,113.851,114.29,17469,2022-06-23 13:30:00,IBB
114.27,114.5,114.25,114.3,4399,2022-06-23 13:31:00,IBB
114.39,114.39,114.39,114.39,200,2022-06-23 13:32:00,IBB
114.42,114.58,114.34,114.39,3600,2022-06-23 13:33:00,IBB
114.42,114.51,114.34,114.34,1861,2022-06-23 13:34:00,IBB
114.25,114.32,114.12,114.18,2550,2022-06-23 13:35:00,IBB
114.12,114.3,114.12,114.25,2041,2022-06-23 13:36:00,IBB
114.25,114.32,114.19,114.19,1183,2022-06-23 13:37:00,IBB
114.27,114.31,114.21,114.21,5432,2022-06-23 13:38:00,IBB
114.19,114.35,114.19,114.2489,4571,2022-06-23 13:39:00,IBB
114.2099,114.4111,114.07,114.4111,7134,2022-06-23 13:40:00,IBB
114.45,114.48,114.31,114.36,3778,2022-06-23 13:41:00,IBB
114.48,114.588,114.46,114.58,4599,2022-06-23 13:42:00,IBB
114.59,114.66,114.46,114.48,7741,2022-06-23 13:43:00,IBB
114.46,114.46,114.33,114.33,2857,2022-06-23 13:44:00,IBB
114.33,114.48,114.21,114.24,4268,2022-06-23 13:45:00,IBB
114.31,114.5,114.14,114.4443,8176,2022-06-23 13:46:00,IBB
114.49,114.62,114.46,114.51,2748,2022-06-23 13:47:00,IBB
114.56,114.63,114.37,114.42,3282,2022-06-23 13:48:00,IBB
114.45,114.67,114.45,114.49,8548,2022-06-23 13:49:00,IBB
114.41,114.4597,114.32,114.32,4949,2022-06-23 13:50:00,IBB
114.23,114.39,114.23,114.33,2832,2022-06-23 13:51:00,IBB
114.31,114.31,114.16,114.21,3549,2022-06-23 13:52:00,IBB
114.2096,114.39,114.2096,114.36,5500,2022-06-23 13:53:00,IBB
114.38,114.5,114.35,114.46,7179,2022-06-23 13:54:00,IBB
114.4851,114.67,114.45,114.59,5930,2022-06-23 13:55:00,IBB
114.55,114.83,114.55,114.83,7250,2022-06-23 13:56:00,IBB
114.82,114.88,114.77,114.8401,5181,2022-06-23 13:57:00,IBB
114.83,115.21,114.8,115.17,8275,2022-06-23 13:58:00,IBB
115.24,115.37,115.22,115.37,2908,2022-06-23 13:59:00,IBB
115.37,115.45,115.26,115.43,5019,2022-06-23 14:00:00,IBB
115.47,115.47,115.373,115.43,5321,2022-06-23 14:01:00,IBB
115.48,115.57,115.43,115.551,1947,2022-06-23 14:02:00,IBB
115.55,115.56,115.51,115.52,2614,2022-06-23 14:03:00,IBB
115.48,115.6,115.415,115.52,10284,2022-06-23 14:04:00,IBB
115.57,115.5749,115.42,115.45,4228,2022-06-23 14:05:00,IBB
115.48,115.57,115.48,115.53,4402,2022-06-23 14:06:00,IBB
115.53,115.53,115.38,115.38,2600,2022-06-23 14:07:00,IBB
115.48,115.48,115.28,115.28,1950,2022-06-23 14:08:00,IBB
115.23,115.27,115.12,115.12,2945,2022-06-23 14:09:00,IBB
115.14,115.24,115.11,115.24,6501,2022-06-23 14:10:00,IBB
115.23,115.29,115.14,115.14,3100,2022-06-23 14:11:00,IBB
115.13,115.14,114.94,115.04,3403,2022-06-23 14:12:00,IBB
115.06,115.33,115.06,115.33,2362,2022-06-23 14:13:00,IBB
115.42,115.48,115.412,115.43,2133,2022-06-23 14:14:00,IBB
115.42,115.46,115.319,115.4333,2947,2022-06-23 14:15:00,IBB
115.4,115.49,115.34,115.49,1000,2022-06-23 14:16:00,IBB
115.48,115.48,115.34,115.34,2942,2022-06-23 14:17:00,IBB
115.36,115.46,115.34,115.35,1859,2022-06-23 14:18:00,IBB
115.31,115.35,115.2799,115.2799,2500,2022-06-23 14:19:00,IBB
115.43,115.51,115.38,115.5,2655,2022-06-23 14:20:00,IBB
115.51,115.58,115.46,115.58,1330,2022-06-23 14:21:00,IBB
115.55,115.55,115.31,115.34,5558,2022-06-23 14:22:00,IBB
115.37,115.39,115.27,115.28,9432,2022-06-23 14:23:00,IBB
115.25,115.31,115.22,115.2997,4663,2022-06-23 14:24:00,IBB
115.245,115.3,115.14,115.28,7379,2022-06-23 14:25:00,IBB
115.28,115.2984,114.98,114.98,11114,2022-06-23 14:26:00,IBB
114.97,115.105,114.97,115.09,1100,2022-06-23 14:27:00,IBB
115.12,115.215,115.08,115.08,2200,2022-06-23 14:28:00,IBB
115.05,115.065,115.01,115.03,2932,2022-06-23 14:29:00,IBB
115.13,115.13,114.89,114.89,8132,2022-06-23 14:30:00,IBB
114.89,115.04,114.86,114.9918,6098,2022-06-23 14:31:00,IBB
114.9889,115.05,114.92,114.94,8293,2022-06-23 14:32:00,IBB
114.93,114.9733,114.86,114.89,2498,2022-06-23 14:33:00,IBB
114.9037,115.015,114.9037,114.94,3621,2022-06-23 14:34:00,IBB
114.96,115.08,114.89,115.08,3596,2022-06-23 14:35:00,IBB
115.14,115.14,115.03,115.11,4203,2022-06-23 14:36:00,IBB
115.11,115.3217,115.11,115.3217,1877,2022-06-23 14:37:00,IBB
115.25,115.3109,115.25,115.306,1197,2022-06-23 14:38:00,IBB
115.35,115.42,115.34,115.39,3959,2022-06-23 14:39:00,IBB
115.45,115.5409,115.39,115.4545,8037,2022-06-23 14:40:00,IBB
115.47,115.49,115.35,115.46,11521,2022-06-23 14:41:00,IBB
115.48,115.505,115.35,115.455,10112,2022-06-23 14:42:00,IBB
115.47,115.515,115.44,115.485,6189,2022-06-23 14:43:00,IBB
115.49,115.49,115.41,115.415,1174,2022-06-23 14:44:00,IBB
115.38,115.3863,115.34,115.3601,3877,2022-06-23 14:45:00,IBB
115.42,115.42,115.39,115.39,900,2022-06-23 14:46:00,IBB
115.45,115.455,115.28,115.28,4243,2022-06-23 14:47:00,IBB
115.32,115.42,115.32,115.42,1300,2022-06-23 14:48:00,IBB
115.49,115.5,115.27,115.34,6747,2022-06-23 14:49:00,IBB
115.39,115.435,115.35,115.42,5197,2022-06-23 14:50:00,IBB
115.4,115.45,115.37,115.45,2507,2022-06-23 14:51:00,IBB
115.45,115.5,115.45,115.5,7525,2022-06-23 14:52:00,IBB
115.52,115.58,115.52,115.5277,2200,2022-06-23 14:53:00,IBB
115.52,115.6,115.51,115.59,2993,2022-06-23 14:54:00,IBB
115.58,115.67,115.57,115.66,2192,2022-06-23 14:55:00,IBB
115.66,115.71,115.6569,115.685,1466,2022-06-23 14:56:00,IBB
115.67,115.71,115.59,115.6,3745,2022-06-23 14:57:00,IBB
115.62,115.665,115.605,115.6245,3661,2022-06-23 14:58:00,IBB
115.66,115.66,115.626,115.626,600,2022-06-23 14:59:00,IBB
115.61,115.63,115.565,115.585,3483,2022-06-23 15:00:00,IBB
115.58,115.58,115.39,115.42,2900,2022-06-23 15:01:00,IBB
115.41,115.43,115.39,115.43,600,2022-06-23 15:02:00,IBB
115.5,115.52,115.4801,115.5,1459,2022-06-23 15:03:00,IBB
115.48,115.485,115.36,115.37,3565,2022-06-23 15:04:00,IBB
115.35,115.35,115.3,115.33,4406,2022-06-23 15:05:00,IBB
115.36,115.4,115.36,115.38,1453,2022-06-23 15:06:00,IBB
115.43,115.5,115.43,115.47,1738,2022-06-23 15:07:00,IBB
115.5,115.51,115.48,115.48,1100,2022-06-23 15:08:00,IBB
115.5,115.57,115.5,115.57,2814,2022-06-23 15:09:00,IBB
115.56,115.6,115.51,115.6,700,2022-06-23 15:10:00,IBB
115.71,115.75,115.69,115.695,5073,2022-06-23 15:11:00,IBB
115.68,115.76,115.67,115.76,7887,2022-06-23 15:12:00,IBB
115.78,115.89,115.78,115.89,4142,2022-06-23 15:13:00,IBB
115.87,115.9193,115.85,115.85,2464,2022-06-23 15:14:00,IBB
115.81,115.86,115.8,115.84,1630,2022-06-23 15:15:00,IBB
115.83,115.83,115.79,115.81,2073,2022-06-23 15:16:00,IBB
115.84,115.84,115.82,115.82,300,2022-06-23 15:17:00,IBB
115.81,115.98,115.8,115.98,4866,2022-06-23 15:18:00,IBB
115.98,115.98,115.92,115.95,1125,2022-06-23 15:19:00,IBB
115.93,116.0,115.92,115.92,1600,2022-06-23 15:20:00,IBB
115.84,115.84,115.84,115.84,100,2022-06-23 15:21:00,IBB
115.885,115.93,115.85,115.92,2232,2022-06-23 15:22:00,IBB
115.9101,115.9101,115.75,115.76,9949,2022-06-23 15:23:00,IBB
115.69,115.7399,115.67,115.72,4116,2022-06-23 15:24:00,IBB
115.695,115.74,115.65,115.74,6845,2022-06-23 15:25:00,IBB
115.72,115.73,115.7,115.71,900,2022-06-23 15:26:00,IBB
115.71,115.74,115.69,115.71,1500,2022-06-23 15:27:00,IBB
115.72,115.73,115.69,115.73,2593,2022-06-23 15:28:00,IBB
115.73,115.81,115.73,115.81,1500,2022-06-23 15:29:00,IBB
115.91,115.92,115.84,115.84,1013,2022-06-23 15:30:00,IBB
115.78,115.785,115.62,115.67,5024,2022-06-23 15:31:00,IBB
115.66,115.675,115.63,115.635,1400,2022-06-23 15:32:00,IBB
115.69,115.85,115.69,115.8,2959,2022-06-23 15:33:00,IBB
115.75,115.8,115.72,115.7557,2006,2022-06-23 15:34:00,IBB
115.75,115.75,115.65,115.66,4061,2022-06-23 15:35:00,IBB
115.65,115.72,115.64,115.72,1320,2022-06-23 15:36:00,IBB
115.74,115.84,115.74,115.83,1684,2022-06-23 15:37:00,IBB
115.83,115.85,115.74,115.8037,5336,2022-06-23 15:38:00,IBB
115.87,115.87,115.7,115.73,3173,2022-06-23 15:39:00,IBB
115.705,115.72,115.7,115.72,800,2022-06-23 15:40:00,IBB
115.79,115.89,115.79,115.85,1348,2022-06-23 15:41:00,IBB
115.88,115.96,115.86,115.86,1442,2022-06-23 15:42:00,IBB
115.82,115.84,115.8,115.84,700,2022-06-23 15:43:00,IBB
115.86,115.87,115.86,115.87,543,2022-06-23 15:44:00,IBB
115.94,115.94,115.92,115.92,900,2022-06-23 15:45:00,IBB
115.91,115.96,115.9,115.92,801,2022-06-23 15:46:00,IBB
115.95,115.95,115.92,115.92,500,2022-06-23 15:47:00,IBB
115.911,115.97,115.88,115.96,4904,2022-06-23 15:48:00,IBB
115.98,116.02,115.955,115.97,3760,2022-06-23 15:49:00,IBB
115.98,116.03,115.97,116.0,2300,2022-06-23 15:50:00,IBB
116.03,116.05,115.98,116.015,2218,2022-06-23 15:51:00,IBB
116.015,116.07,116.01,116.05,2943,2022-06-23 15:52:00,IBB
116.05,116.05,115.97,115.99,1500,2022-06-23 15:53:00,IBB
115.97,115.97,115.9,115.925,2420,2022-06-23 15:54:00,IBB
115.905,115.91,115.87,115.9,5186,2022-06-23 15:55:00,IBB
115.88,116.01,115.86,116.01,6380,2022-06-23 15:56:00,IBB
116.02,116.03,115.95,115.95,2667,2022-06-23 15:57:00,IBB
115.94,115.96,115.9,115.96,3020,2022-06-23 15:58:00,IBB
115.95,115.95,115.91,115.91,600,2022-06-23 15:59:00,IBB
115.91,115.95,115.91,115.915,1800,2022-06-23 16:00:00,IBB
115.86,115.86,115.77,115.785,1712,2022-06-23 16:01:00,IBB
115.78,115.78,115.63,115.63,4979,2022-06-23 16:02:00,IBB
115.63,115.695,115.63,115.63,2500,2022-06-23 16:03:00,IBB
115.62,115.62,115.5,115.5,3205,2022-06-23 16:04:00,IBB
115.49,115.54,115.49,115.54,4811,2022-06-23 16:05:00,IBB
115.53,115.675,115.51,115.675,4045,2022-06-23 16:06:00,IBB
115.68,115.72,115.68,115.72,3647,2022-06-23 16:07:00,IBB
115.72,115.72,115.62,115.62,4332,2022-06-23 16:08:00,IBB
115.61,115.62,115.57,115.62,2452,2022-06-23 16:09:00,IBB
115.64,115.65,115.57,115.58,1162,2022-06-23 16:10:00,IBB
115.6,115.61,115.5,115.5,800,2022-06-23 16:11:00,IBB
115.53,115.63,115.53,115.58,1847,2022-06-23 16:12:00,IBB
115.64,115.65,115.57,115.59,4295,2022-06-23 16:13:00,IBB
115.6,115.695,115.6,115.68,3990,2022-06-23 16:14:00,IBB
115.67,115.67,115.58,115.62,1593,2022-06-23 16:15:00,IBB
115.62,115.67,115.6,115.61,1570,2022-06-23 16:16:00,IBB
115.64,115.67,115.64,115.66,1700,2022-06-23 16:17:00,IBB
115.645,115.81,115.64,115.81,3501,2022-06-23 16:18:00,IBB
115.8201,115.85,115.8,115.8,4531,2022-06-23 16:19:00,IBB
115.81,115.86,115.77,115.845,3054,2022-06-23 16:20:00,IBB
115.9,115.9,115.9,115.9,779,2022-06-23 16:21:00,IBB
115.94,115.98,115.93,115.9334,2400,2022-06-23 16:22:00,IBB
115.96,115.97,115.85,115.85,6524,2022-06-23 16:23:00,IBB
115.84,115.95,115.84,115.925,1938,2022-06-23 16:24:00,IBB
115.93,115.96,115.88,115.95,7991,2022-06-23 16:25:00,IBB
115.96,116.01,115.95,115.99,1500,2022-06-23 16:26:00,IBB
115.99,116.0499,115.98,116.0499,2217,2022-06-23 16:27:00,IBB
116.07,116.09,115.94,115.96,3742,2022-06-23 16:28:00,IBB
115.96,116.03,115.96,115.99,3900,2022-06-23 16:29:00,IBB
115.98,116.03,115.98,115.99,1475,2022-06-23 16:30:00,IBB
116.01,116.03,115.96,115.96,3170,2022-06-23 16:31:00,IBB
115.97,116.02,115.96,116.02,2200,2022-06-23 16:32:00,IBB
116.04,116.07,116.005,116.01,2000,2022-06-23 16:33:00,IBB
116.03,116.03,115.955,115.955,1400,2022-06-23 16:34:00,IBB
115.99,116.035,115.98,115.98,3223,2022-06-23 16:35:00,IBB
115.965,115.97,115.88,115.88,1599,2022-06-23 16:36:00,IBB
115.875,115.878,115.7601,115.7601,5558,2022-06-23 16:37:00,IBB
115.77,115.79,115.71,115.73,4400,2022-06-23 16:38:00,IBB
115.73,115.81,115.73,115.79,1679,2022-06-23 16:39:00,IBB
115.76,115.8,115.76,115.8,600,2022-06-23 16:40:00,IBB
115.85,115.93,115.85,115.9,1885,2022-06-23 16:41:00,IBB
115.8601,115.8601,115.77,115.77,815,2022-06-23 16:42:00,IBB
115.75,115.77,115.72,115.73,4480,2022-06-23 16:43:00,IBB
115.71,115.8,115.69,115.78,1693,2022-06-23 16:44:00,IBB
115.76,115.76,115.68,115.73,1850,2022-06-23 16:45:00,IBB
115.69,115.69,115.66,115.69,2228,2022-06-23 16:46:00,IBB
115.67,115.81,115.66,115.79,1554,2022-06-23 16:47:00,IBB
115.83,115.83,115.83,115.83,100,2022-06-23 16:48:00,IBB
115.95,115.968,115.86,115.86,2500,2022-06-23 16:49:00,IBB
115.84,115.84,115.78,115.78,2105,2022-06-23 16:50:00,IBB
115.77,115.77,115.67,115.7,3238,2022-06-23 16:51:00,IBB
115.67,115.71,115.67,115.69,900,2022-06-23 16:52:00,IBB
115.65,115.72,115.51,115.7,6669,2022-06-23 16:53:00,IBB
115.69,115.74,115.69,115.74,1200,2022-06-23 16:54:00,IBB
115.705,115.705,115.705,115.705,100,2022-06-23 16:55:00,IBB
115.73,115.8,115.72,115.72,18858,2022-06-23 16:56:00,IBB
115.7,115.7128,115.59,115.59,2028,2022-06-23 16:57:00,IBB
115.55,115.56,115.5,115.52,2182,2022-06-23 16:58:00,IBB
115.56,115.58,115.55,115.58,4866,2022-06-23 16:59:00,IBB
115.52,115.52,115.47,115.4876,947,2022-06-23 17:00:00,IBB
115.43,115.43,115.35,115.42,1766,2022-06-23 17:01:00,IBB
115.4,115.45,115.39,115.43,800,2022-06-23 17:02:00,IBB
115.38,115.41,115.35,115.36,3373,2022-06-23 17:03:00,IBB
115.36,115.51,115.36,115.51,2156,2022-06-23 17:04:00,IBB
115.51,115.59,115.5,115.59,1444,2022-06-23 17:05:00,IBB
115.62,115.76,115.62,115.725,2300,2022-06-23 17:06:00,IBB
115.68,115.79,115.62,115.77,6494,2022-06-23 17:07:00,IBB
115.76,115.76,115.73,115.76,900,2022-06-23 17:08:00,IBB
115.76,115.78,115.72,115.72,1300,2022-06-23 17:09:00,IBB
115.74,115.75,115.73,115.73,500,2022-06-23 17:10:00,IBB
115.74,115.86,115.74,115.83,2946,2022-06-23 17:11:00,IBB
115.81,115.81,115.7857,115.8,2116,2022-06-23 17:12:00,IBB
115.83,115.84,115.81,115.81,3867,2022-06-23 17:13:00,IBB
115.7306,115.76,115.72,115.76,300,2022-06-23 17:14:00,IBB
115.79,115.84,115.78,115.7955,1200,2022-06-23 17:15:00,IBB
115.84,115.88,115.84,115.88,300,2022-06-23 17:16:00,IBB
115.88,115.92,115.86,115.92,1298,2022-06-23 17:17:00,IBB
115.93,115.96,115.92,115.9201,1854,2022-06-23 17:18:00,IBB
115.85,115.95,115.85,115.92,1098,2022-06-23 17:19:00,IBB
115.9241,115.9241,115.885,115.885,272,2022-06-23 17:20:00,IBB
115.88,115.88,115.8,115.8,2950,2022-06-23 17:21:00,IBB
115.76,115.79,115.76,115.79,244,2022-06-23 17:22:00,IBB
115.8601,116.01,115.8601,115.925,3374,2022-06-23 17:23:00,IBB
115.93,115.93,115.91,115.91,400,2022-06-23 17:24:00,IBB
115.91,115.97,115.9,115.9657,1565,2022-06-23 17:25:00,IBB
115.97,116.0,115.94,115.95,600,2022-06-23 17:26:00,IBB
116.0,116.0,115.9,115.9,1949,2022-06-23 17:27:00,IBB
115.95,115.963,115.87,115.8864,1649,2022-06-23 17:28:00,IBB
115.9,115.94,115.9,115.94,200,2022-06-23 17:29:00,IBB
115.92,116.05,115.92,116.02,1646,2022-06-23 17:30:00,IBB
116.01,116.04,116.0,116.0,1058,2022-06-23 17:31:00,IBB
116.01,116.07,116.01,116.07,1092,2022-06-23 17:32:00,IBB
116.1,116.11,116.06,116.06,1200,2022-06-23 17:33:00,IBB
116.07,116.1,116.07,116.1,986,2022-06-23 17:34:00,IBB
116.12,116.13,116.1,116.11,1100,2022-06-23 17:35:00,IBB
116.15,116.169,116.129,116.129,1773,2022-06-23 17:36:00,IBB
116.11,116.15,116.09,116.15,1147,2022-06-23 17:37:00,IBB
116.13,116.13,116.04,116.06,900,2022-06-23 17:38:00,IBB
116.05,116.18,116.01,116.17,12793,2022-06-23 17:39:00,IBB
116.19,116.19,116.15,116.16,2336,2022-06-23 17:40:00,IBB
116.1001,116.12,116.1001,116.12,233,2022-06-23 17:41:00,IBB
116.11,116.11,116.05,116.0883,2296,2022-06-23 17:42:00,IBB
116.08,116.19,116.07,116.19,1500,2022-06-23 17:43:00,IBB
116.21,116.24,116.19,116.22,2498,2022-06-23 17:44:00,IBB
116.21,116.22,116.195,116.2,1098,2022-06-23 17:45:00,IBB
116.23,116.28,116.23,116.2601,3458,2022-06-23 17:46:00,IBB
116.31,116.37,116.31,116.34,3498,2022-06-23 17:47:00,IBB
116.36,116.36,116.33,116.34,500,2022-06-23 17:48:00,IBB
116.36,116.36,116.29,116.29,2394,2022-06-23 17:49:00,IBB
116.32,116.38,116.32,116.38,598,2022-06-23 17:50:00,IBB
116.38,116.51,116.38,116.49,1352,2022-06-23 17:51:00,IBB
116.51,116.52,116.46,116.46,1123,2022-06-23 17:52:00,IBB
116.46,116.5,116.46,116.4889,1118,2022-06-23 17:53:00,IBB
116.51,116.52,116.5,116.51,1122,2022-06-23 17:54:00,IBB
116.53,116.57,116.53,116.56,698,2022-06-23 17:55:00,IBB
116.55,116.58,116.5,116.52,1500,2022-06-23 17:56:00,IBB
116.53,116.57,116.51,116.54,900,2022-06-23 17:57:00,IBB
116.53,116.5499,116.5,116.53,1000,2022-06-23 17:58:00,IBB
116.56,116.58,116.55,116.58,1198,2022-06-23 17:59:00,IBB
116.59,116.61,116.5533,116.61,1692,2022-06-23 18:00:00,IBB
116.62,116.63,116.61,116.63,900,2022-06-23 18:01:00,IBB
116.63,116.66,116.63,116.65,1810,2022-06-23 18:02:00,IBB
116.61,116.61,116.53,116.57,7480,2022-06-23 18:03:00,IBB
116.55,116.62,116.55,116.59,1000,2022-06-23 18:04:00,IBB
116.62,116.69,116.62,116.69,1000,2022-06-23 18:05:00,IBB
116.69,116.75,116.68,116.75,2500,2022-06-23 18:06:00,IBB
116.74,116.755,116.72,116.74,1200,2022-06-23 18:07:00,IBB
116.71,116.73,116.69,116.73,500,2022-06-23 18:08:00,IBB
116.69,116.73,116.685,116.72,2182,2022-06-23 18:09:00,IBB
116.75,116.75,116.72,116.72,500,2022-06-23 18:10:00,IBB
116.69,116.7,116.65,116.7,500,2022-06-23 18:11:00,IBB
116.72,116.73,116.72,116.72,886,2022-06-23 18:12:00,IBB
116.73,116.79,116.73,116.79,830,2022-06-23 18:13:00,IBB
116.7401,116.7564,116.72,116.72,602,2022-06-23 18:14:00,IBB
116.74,116.79,116.74,116.79,8153,2022-06-23 18:15:00,IBB
116.81,116.84,116.81,116.84,638,2022-06-23 18:16:00,IBB
116.83,116.83,116.785,116.785,500,2022-06-23 18:17:00,IBB
116.74,116.74,116.695,116.72,1250,2022-06-23 18:18:00,IBB
116.66,116.7001,116.65,116.7001,5000,2022-06-23 18:19:00,IBB
116.77,116.781,116.7,116.71,1225,2022-06-23 18:20:00,IBB
116.68,116.68,116.68,116.68,100,2022-06-23 18:21:00,IBB
116.73,116.77,116.71,116.74,1300,2022-06-23 18:22:00,IBB
116.78,116.8,116.78,116.8,300,2022-06-23 18:23:00,IBB
116.7745,116.7975,116.75,116.7975,2737,2022-06-23 18:24:00,IBB
116.81,116.83,116.76,116.76,1889,2022-06-23 18:25:00,IBB
116.77,116.7901,116.77,116.7901,219,2022-06-23 18:26:00,IBB
116.81,116.81,116.81,116.81,100,2022-06-23 18:27:00,IBB
116.85,116.91,116.85,116.9,4899,2022-06-23 18:28:00,IBB
116.89,116.91,116.87,116.88,4325,2022-06-23 18:29:00,IBB
116.87,116.92,116.87,116.88,8710,2022-06-23 18:30:00,IBB
116.92,116.985,116.92,116.985,1086,2022-06-23 18:31:00,IBB
117.0,117.04,117.0,117.02,1795,2022-06-23 18:32:00,IBB
117.04,117.06,117.02,117.06,2830,2022-06-23 18:33:00,IBB
117.08,117.15,117.08,117.15,1221,2022-06-23 18:34:00,IBB
117.14,117.1699,117.131,117.1699,1200,2022-06-23 18:35:00,IBB
117.19,117.2,117.18,117.2,3637,2022-06-23 18:36:00,IBB
117.18,117.25,117.18,117.24,2830,2022-06-23 18:37:00,IBB
117.28,117.3,117.25,117.3,2056,2022-06-23 18:38:00,IBB
117.33,117.33,117.16,117.3,6104,2022-06-23 18:39:00,IBB
117.31,117.33,117.27,117.27,3448,2022-06-23 18:40:00,IBB
117.26,117.28,117.23,117.23,600,2022-06-23 18:41:00,IBB
117.24,117.24,117.22,117.22,1104,2022-06-23 18:42:00,IBB
117.22,117.25,117.22,117.24,2000,2022-06-23 18:43:00,IBB
117.2599,117.28,117.24,117.28,1200,2022-06-23 18:44:00,IBB
117.3,117.32,117.27,117.27,2822,2022-06-23 18:45:00,IBB
117.23,117.23,117.2,117.22,3000,2022-06-23 18:46:00,IBB
117.22,117.225,117.22,117.222,800,2022-06-23 18:47:00,IBB
117.23,117.2882,117.23,117.28,855,2022-06-23 18:48:00,IBB
117.32,117.325,117.28,117.3,894,2022-06-23 18:49:00,IBB
117.32,117.37,117.31,117.37,6925,2022-06-23 18:50:00,IBB
117.39,117.39,117.34,117.3501,2120,2022-06-23 18:51:00,IBB
117.34,117.42,117.32,117.4,1944,2022-06-23 18:52:00,IBB
117.4,117.42,117.37,117.415,1459,2022-06-23 18:53:00,IBB
117.41,117.4294,117.39,117.39,1700,2022-06-23 18:54:00,IBB
117.35,117.35,117.25,117.31,4610,2022-06-23 18:55:00,IBB
117.34,117.34,117.3,117.3,3350,2022-06-23 18:56:00,IBB
117.27,117.275,117.2199,117.24,2100,2022-06-23 18:57:00,IBB
117.26,117.3,117.26,117.29,1158,2022-06-23 18:58:00,IBB
117.28,117.31,117.27,117.31,1100,2022-06-23 18:59:00,IBB
117.31,117.34,117.29,117.34,1443,2022-06-23 19:00:00,IBB
117.3,117.4399,117.26,117.43,9200,2022-06-23 19:01:00,IBB
117.43,117.51,117.415,117.48,2465,2022-06-23 19:02:00,IBB
117.48,117.5,117.46,117.46,1299,2022-06-23 19:03:00,IBB
117.44,117.45,117.43,117.43,598,2022-06-23 19:04:00,IBB
117.42,117.42,117.36,117.4,14998,2022-06-23 19:05:00,IBB
117.39,117.48,117.34,117.48,9241,2022-06-23 19:06:00,IBB
117.5,117.51,117.45,117.4667,2159,2022-06-23 19:07:00,IBB
117.45,117.5,117.43,117.4653,1800,2022-06-23 19:08:00,IBB
117.43,117.49,117.43,117.49,1300,2022-06-23 19:09:00,IBB
117.5,117.51,117.48,117.5,600,2022-06-23 19:10:00,IBB
117.5,117.5,117.385,117.41,1200,2022-06-23 19:11:00,IBB
117.45,117.46,117.445,117.46,714,2022-06-23 19:12:00,IBB
117.44,117.4485,117.41,117.4485,700,2022-06-23 19:13:00,IBB
117.46,117.48,117.42,117.44,1000,2022-06-23 19:14:00,IBB
117.44,117.46,117.41,117.42,1552,2022-06-23 19:15:00,IBB
117.41,117.41,117.29,117.35,1325,2022-06-23 19:16:00,IBB
117.3501,117.37,117.29,117.29,16963,2022-06-23 19:17:00,IBB
117.3,117.3,117.18,117.21,3972,2022-06-23 19:18:00,IBB
117.28,117.33,117.28,117.33,1300,2022-06-23 19:19:00,IBB
117.32,117.32,117.27,117.32,1500,2022-06-23 19:20:00,IBB
117.315,117.345,117.3,117.3,700,2022-06-23 19:21:00,IBB
117.32,117.32,117.24,117.24,1396,2022-06-23 19:22:00,IBB
117.215,117.24,117.19,117.23,3005,2022-06-23 19:23:00,IBB
117.2557,117.28,117.2,117.2,5054,2022-06-23 19:24:00,IBB
117.2,117.3,117.2,117.3,3000,2022-06-23 19:25:00,IBB
117.32,117.4,117.32,117.34,2316,2022-06-23 19:26:00,IBB
117.33,117.42,117.33,117.41,1045,2022-06-23 19:27:00,IBB
117.42,117.43,117.4,117.42,800,2022-06-23 19:28:00,IBB
117.42,117.42,117.38,117.4,2100,2022-06-23 19:29:00,IBB
117.42,117.49,117.42,117.48,3258,2022-06-23 19:30:00,IBB
117.5,117.61,117.5,117.61,2000,2022-06-23 19:31:00,IBB
117.63,117.64,117.6,117.64,1700,2022-06-23 19:32:00,IBB
117.69,117.71,117.67,117.71,3861,2022-06-23 19:33:00,IBB
117.71,117.82,117.71,117.82,2148,2022-06-23 19:34:00,IBB
117.8,117.83,117.77,117.79,3261,2022-06-23 19:35:00,IBB
117.81,117.81,117.7,117.7,5064,2022-06-23 19:36:00,IBB
117.69,117.71,117.64,117.69,2964,2022-06-23 19:37:00,IBB
117.68,117.68,117.57,117.59,13632,2022-06-23 19:38:00,IBB
117.57,117.64,117.57,117.62,3196,2022-06-23 19:39:00,IBB
117.62,117.76,117.61,117.76,8214,2022-06-23 19:40:00,IBB
117.78,117.8,117.76,117.79,4026,2022-06-23 19:41:00,IBB
117.795,117.88,117.795,117.83,5590,2022-06-23 19:42:00,IBB
117.83,117.85,117.77,117.83,4798,2022-06-23 19:43:00,IBB
117.84,117.85,117.795,117.8,8481,2022-06-23 19:44:00,IBB
117.795,117.88,117.76,117.845,6165,2022-06-23 19:45:00,IBB
117.85,117.91,117.85,117.9,5099,2022-06-23 19:46:00,IBB
117.91,118.01,117.89,117.97,12466,2022-06-23 19:47:00,IBB
117.96,118.0,117.92,117.96,3980,2022-06-23 19:48:00,IBB
117.99,118.07,117.985,118.065,6912,2022-06-23 19:49:00,IBB
118.08,118.26,117.99,118.18,16108,2022-06-23 19:50:00,IBB
118.19,118.31,118.19,118.3,4084,2022-06-23 19:51:00,IBB
118.3,118.31,118.14,118.14,7175,2022-06-23 19:52:00,IBB
118.15,118.15,118.0401,118.05,9507,2022-06-23 19:53:00,IBB
118.06,118.085,117.95,118.08,8293,2022-06-23 19:54:00,IBB
118.08,118.125,118.05,118.125,6680,2022-06-23 19:55:00,IBB
118.13,118.16,118.11,118.14,7450,2022-06-23 19:56:00,IBB
118.12,118.19,118.1,118.18,10907,2022-06-23 19:57:00,IBB
118.18,118.19,118.14,118.16,13361,2022-06-23 19:58:00,IBB
118.15,118.2,118.1,118.1,14785,2022-06-23 19:59:00,IBB
118.26,118.26,118.01,118.01,17465,2022-06-23 20:00:00,IBB
118.01,118.01,118.01,118.01,2189,2022-06-23 20:02:00,IBB
118.01,118.01,118.01,118.01,3872,2022-06-23 20:06:00,IBB
117.99,117.99,117.99,117.99,500,2022-06-23 20:23:00,IBB
118.01,118.01,118.01,118.01,1668,2022-06-23 20:46:00,IBB
118.01,118.01,118.01,118.01,2020,2022-06-23 20:50:00,IBB
117.99,117.99,117.99,117.99,100,2022-06-23 23:28:00,IBB
118.96,118.99,118.96,118.99,200,2022-06-24 11:00:00,IBB
119.1,119.1,119.1,119.1,188,2022-06-24 11:16:00,IBB
119.18,119.18,119.18,119.18,100,2022-06-24 11:26:00,IBB
119.1,119.1,119.1,119.1,200,2022-06-24 13:09:00,IBB
119.1,119.1,119.1,119.1,200,2022-06-24 13:10:00,IBB
119.0,119.0,119.0,119.0,100,2022-06-24 13:13:00,IBB
119.05,119.05,119.05,119.05,400,2022-06-24 13:18:00,IBB
119.23,119.44,119.18,119.19,72214,2022-06-24 13:30:00,IBB
119.15,119.51,118.98,119.2,28928,2022-06-24 13:31:00,IBB
119.24,119.44,119.24,119.32,9219,2022-06-24 13:32:00,IBB
119.28,119.33,118.91,118.96,10717,2022-06-24 13:33:00,IBB
118.98,119.01,118.71,118.71,5443,2022-06-24 13:34:00,IBB
118.83,118.88,118.65,118.72,5371,2022-06-24 13:35:00,IBB
118.77,118.935,118.59,118.59,39538,2022-06-24 13:36:00,IBB
118.57,118.59,118.42,118.5,6549,2022-06-24 13:37:00,IBB
118.49,118.49,118.29,118.41,5134,2022-06-24 13:38:00,IBB
118.43,118.625,118.43,118.5,7769,2022-06-24 13:39:00,IBB
118.51,118.63,118.2399,118.53,20599,2022-06-24 13:40:00,IBB
118.59,118.96,118.53,118.91,5467,2022-06-24 13:41:00,IBB
118.8923,118.8923,118.7,118.77,4224,2022-06-24 13:42:00,IBB
118.73,118.79,118.66,118.69,4070,2022-06-24 13:43:00,IBB
118.78,118.97,118.78,118.96,2595,2022-06-24 13:44:00,IBB
118.91,119.0,118.82,118.83,4828,2022-06-24 13:45:00,IBB
118.79,118.79,118.45,118.5,5291,2022-06-24 13:46:00,IBB
118.48,118.48,118.33,118.36,3490,2022-06-24 13:47:00,IBB
118.34,118.49,118.28,118.37,8298,2022-06-24 13:48:00,IBB
118.3889,118.55,118.351,118.4327,10995,2022-06-24 13:49:00,IBB
118.42,118.66,118.38,118.6461,1900,2022-06-24 13:50:00,IBB
118.69,118.8519,118.53,118.53,4000,2022-06-24 13:51:00,IBB
118.625,118.684,118.49,118.6158,15719,2022-06-24 13:52:00,IBB
118.66,118.8,118.6,118.748,4387,2022-06-24 13:53:00,IBB
118.7449,118.82,118.7288,118.82,3950,2022-06-24 13:54:00,IBB
118.75,118.75,118.69,118.72,1000,2022-06-24 13:55:00,IBB
118.67,118.67,118.42,118.6,5441,2022-06-24 13:56:00,IBB
118.5957,118.76,118.5957,118.65,4921,2022-06-24 13:57:00,IBB
118.63,118.63,118.46,118.61,5785,2022-06-24 13:58:00,IBB
118.51,118.55,118.45,118.49,4500,2022-06-24 13:59:00,IBB
118.56,118.85,118.55,118.85,27690,2022-06-24 14:00:00,IBB
118.86,118.91,118.68,118.75,6345,2022-06-24 14:01:00,IBB
118.83,119.24,118.83,119.09,13051,2022-06-24 14:02:00,IBB
119.07,119.11,118.98,119.03,5243,2022-06-24 14:03:00,IBB
119.0211,119.0211,118.88,119.0,5117,2022-06-24 14:04:00,IBB
119.0,119.17,119.0,119.06,2983,2022-06-24 14:05:00,IBB
119.02,119.05,118.93,119.05,5509,2022-06-24 14:06:00,IBB
119.03,119.13,118.98,119.11,1600,2022-06-24 14:07:00,IBB
119.11,119.3,119.08,119.26,2962,2022-06-24 14:08:00,IBB
119.3,119.35,119.22,119.27,3400,2022-06-24 14:09:00,IBB
119.25,119.25,119.08,119.09,4539,2022-06-24 14:10:00,IBB
119.09,119.1,118.95,119.02,8336,2022-06-24 14:11:00,IBB
119.04,119.11,119.04,119.06,3104,2022-06-24 14:12:00,IBB
119.1,119.19,119.04,119.04,2951,2022-06-24 14:13:00,IBB
118.935,119.02,118.9,118.98,3019,2022-06-24 14:14:00,IBB
118.98,119.16,118.95,119.16,3821,2022-06-24 14:15:00,IBB
119.18,119.29,119.1549,119.1549,3583,2022-06-24 14:16:00,IBB
119.13,119.13,119.045,119.045,1526,2022-06-24 14:17:00,IBB
119.08,119.08,118.95,118.97,5144,2022-06-24 14:18:00,IBB
118.98,119.23,118.98,119.22,19798,2022-06-24 14:19:00,IBB
119.22,119.26,119.15,119.15,4284,2022-06-24 14:20:00,IBB
119.13,119.21,119.12,119.2,4000,2022-06-24 14:21:00,IBB
119.22,119.298,119.22,119.298,2830,2022-06-24 14:22:00,IBB
119.32,119.37,119.26,119.26,5227,2022-06-24 14:23:00,IBB
119.28,119.28,119.08,119.08,1800,2022-06-24 14:24:00,IBB
119.06,119.06,118.97,119.04,2100,2022-06-24 14:25:00,IBB
119.05,119.09,118.96,118.96,2200,2022-06-24 14:26:00,IBB
118.97,119.01,118.92,119.01,4288,2022-06-24 14:27:00,IBB
119.01,119.08,119.01,119.08,2068,2022-06-24 14:28:00,IBB
119.1,119.13,119.0,119.01,1850,2022-06-24 14:29:00,IBB
119.1,119.13,119.06,119.1,1956,2022-06-24 14:30:00,IBB
119.09,119.1,119.05,119.05,2670,2022-06-24 14:31:00,IBB
119.02,119.09,118.97,119.02,5284,2022-06-24 14:32:00,IBB
118.97,119.03,118.94,119.03,1620,2022-06-24 14:33:00,IBB
119.02,119.04,118.94,118.94,2100,2022-06-24 14:34:00,IBB
118.92,118.97,118.85,118.85,2600,2022-06-24 14:35:00,IBB
118.84,118.84,118.68,118.68,5521,2022-06-24 14:36:00,IBB
118.67,118.67,118.62,118.64,5973,2022-06-24 14:37:00,IBB
118.64,118.64,118.52,118.54,5685,2022-06-24 14:38:00,IBB
118.49,118.6,118.46,118.6,8841,2022-06-24 14:39:00,IBB
118.6,118.61,118.48,118.481,5678,2022-06-24 14:40:00,IBB
118.47,118.49,118.41,118.49,6932,2022-06-24 14:41:00,IBB
118.44,118.53,118.435,118.5,2900,2022-06-24 14:42:00,IBB
118.52,118.54,118.35,118.45,6427,2022-06-24 14:43:00,IBB
118.38,118.4189,118.33,118.34,6041,2022-06-24 14:44:00,IBB
118.355,118.365,118.21,118.2199,4318,2022-06-24 14:45:00,IBB
118.22,118.33,118.21,118.33,25157,2022-06-24 14:46:00,IBB
118.37,118.4599,118.37,118.4,2232,2022-06-24 14:47:00,IBB
118.37,118.43,118.31,118.32,14137,2022-06-24 14:48:00,IBB
118.32,118.42,118.31,118.33,3275,2022-06-24 14:49:00,IBB
118.39,118.39,118.23,118.28,5291,2022-06-24 14:50:00,IBB
118.235,118.235,118.17,118.23,3295,2022-06-24 14:51:00,IBB
118.18,118.2269,118.11,118.2,6737,2022-06-24 14:52:00,IBB
118.17,118.24,118.17,118.21,5014,2022-06-24 14:53:00,IBB
118.21,118.21,118.12,118.12,4009,2022-06-24 14:54:00,IBB
118.12,118.15,118.07,118.1,4727,2022-06-24 14:55:00,IBB
118.1,118.29,118.1,118.23,2950,2022-06-24 14:56:00,IBB
118.21,118.25,118.15,118.25,4122,2022-06-24 14:57:00,IBB
118.26,118.28,118.13,118.13,5181,2022-06-24 14:58:00,IBB
118.12,118.2,118.1,118.13,3958,2022-06-24 14:59:00,IBB
118.14,118.25,118.1,118.11,7262,2022-06-24 15:00:00,IBB
118.11,118.14,118.07,118.07,5100,2022-06-24 15:01:00,IBB
118.05,118.17,118.02,118.17,4873,2022-06-24 15:02:00,IBB
118.16,118.22,118.13,118.22,2569,2022-06-24 15:03:00,IBB
118.245,118.32,118.24,118.3199,2342,2022-06-24 15:04:00,IBB
118.29,118.31,118.21,118.26,4908,2022-06-24 15:05:00,IBB
118.26,118.34,118.21,118.21,2600,2022-06-24 15:06:00,IBB
118.19,118.22,118.13,118.15,28915,2022-06-24 15:07:00,IBB
118.15,118.24,118.13,118.23,4151,2022-06-24 15:08:00,IBB
118.245,118.25,118.1,118.11,4905,2022-06-24 15:09:00,IBB
118.1599,118.16,117.975,117.98,5570,2022-06-24 15:10:00,IBB
117.99,118.085,117.96,118.01,5078,2022-06-24 15:11:00,IBB
118.04,118.04,117.95,118.0,3139,2022-06-24 15:12:00,IBB
117.985,117.985,117.86,117.88,2853,2022-06-24 15:13:00,IBB
117.87,117.87,117.75,117.75,5618,2022-06-24 15:14:00,IBB
117.73,117.73,117.608,117.63,3100,2022-06-24 15:15:00,IBB
117.609,117.609,117.48,117.48,1900,2022-06-24 15:16:00,IBB
117.5,117.5,117.4,117.415,4627,2022-06-24 15:17:00,IBB
117.41,117.67,117.41,117.6583,10972,2022-06-24 15:18:00,IBB
117.66,117.69,117.61,117.61,3979,2022-06-24 15:19:00,IBB
117.59,117.64,117.54,117.62,3234,2022-06-24 15:20:00,IBB
117.6,117.66,117.59,117.66,1475,2022-06-24 15:21:00,IBB
117.64,117.64,117.49,117.5,6984,2022-06-24 15:22:00,IBB
117.51,117.59,117.42,117.44,6022,2022-06-24 15:23:00,IBB
117.45,117.46,117.35,117.45,3600,2022-06-24 15:24:00,IBB
117.44,117.56,117.44,117.56,4549,2022-06-24 15:25:00,IBB
117.58,117.64,117.45,117.45,7092,2022-06-24 15:26:00,IBB
117.44,117.55,117.44,117.54,3265,2022-06-24 15:27:00,IBB
117.57,117.71,117.55,117.71,4272,2022-06-24 15:28:00,IBB
117.73,117.8,117.7,117.8,4261,2022-06-24 15:29:00,IBB
117.8,117.83,117.735,117.75,2831,2022-06-24 15:30:00,IBB
117.68,117.79,117.68,117.78,4400,2022-06-24 15:31:00,IBB
117.87,117.88,117.805,117.84,4930,2022-06-24 15:32:00,IBB
117.85,118.0,117.83,117.99,5740,2022-06-24 15:33:00,IBB
118.0,118.01,117.91,117.91,4401,2022-06-24 15:34:00,IBB
117.89,117.98,117.8,117.81,7126,2022-06-24 15:35:00,IBB
117.84,117.93,117.84,117.93,700,2022-06-24 15:36:00,IBB
117.9,117.91,117.798,117.8,5551,2022-06-24 15:37:00,IBB
117.8,117.8,117.75,117.76,2995,2022-06-24 15:38:00,IBB
117.77,117.808,117.75,117.77,2414,2022-06-24 15:39:00,IBB
117.75,117.78,117.74,117.75,2698,2022-06-24 15:40:00,IBB
117.75,117.75,117.67,117.71,1783,2022-06-24 15:41:00,IBB
117.71,117.71,117.62,117.62,3401,2022-06-24 15:42:00,IBB
117.66,117.73,117.66,117.7,1058,2022-06-24 15:43:00,IBB
117.68,117.71,117.65,117.65,2302,2022-06-24 15:44:00,IBB
117.58,117.58,117.45,117.55,3781,2022-06-24 15:45:00,IBB
117.65,117.65,117.54,117.58,1451,2022-06-24 15:46:00,IBB
117.62,117.74,117.61,117.73,26965,2022-06-24 15:47:00,IBB
117.72,117.78,117.71,117.76,3100,2022-06-24 15:48:00,IBB
117.77,117.8191,117.72,117.72,6700,2022-06-24 15:49:00,IBB
117.72,117.73,117.649,117.68,92528,2022-06-24 15:50:00,IBB
117.71,117.715,117.68,117.71,2216,2022-06-24 15:51:00,IBB
117.708,117.8,117.66,117.8,1588,2022-06-24 15:52:00,IBB
117.8,117.82,117.78,117.78,2200,2022-06-24 15:53:00,IBB
117.8394,117.85,117.7399,117.85,2177,2022-06-24 15:54:00,IBB
117.852,117.88,117.81,117.85,2200,2022-06-24 15:55:00,IBB
117.85,117.94,117.85,117.935,2372,2022-06-24 15:56:00,IBB
117.95,118.03,117.95,118.0,3512,2022-06-24 15:57:00,IBB
117.94,117.97,117.91,117.97,1200,2022-06-24 15:58:00,IBB
117.98,118.05,117.97,118.05,1648,2022-06-24 15:59:00,IBB
118.07,118.08,118.01,118.08,2669,2022-06-24 16:00:00,IBB
118.07,118.15,118.07,118.13,2151,2022-06-24 16:01:00,IBB
118.165,118.21,118.1,118.1,2871,2022-06-24 16:02:00,IBB
118.088,118.12,118.055,118.09,1533,2022-06-24 16:03:00,IBB
118.08,118.11,118.06,118.1,1100,2022-06-24 16:04:00,IBB
118.11,118.11,118.06,118.1,15898,2022-06-24 16:05:00,IBB
118.1,118.19,118.09,118.18,7008,2022-06-24 16:06:00,IBB
118.188,118.238,118.17,118.21,4111,2022-06-24 16:07:00,IBB
118.21,118.27,118.209,118.27,1002,2022-06-24 16:08:00,IBB
118.27,118.29,118.25,118.277,2100,2022-06-24 16:09:00,IBB
118.2701,118.39,118.2701,118.37,1700,2022-06-24 16:10:00,IBB
118.38,118.438,118.38,118.42,2650,2022-06-24 16:11:00,IBB
118.45,118.46,118.41,118.44,1750,2022-06-24 16:12:00,IBB
118.43,118.52,118.43,118.52,1921,2022-06-24 16:13:00,IBB
118.53,118.64,118.53,118.63,2097,2022-06-24 16:14:00,IBB
118.63,118.71,118.63,118.71,1879,2022-06-24 16:15:00,IBB
118.7,118.74,118.69,118.74,4436,2022-06-24 16:16:00,IBB
118.74,118.74,118.6,118.6,1290,2022-06-24 16:17:00,IBB
118.6,118.63,118.58,118.58,2058,2022-06-24 16:18:00,IBB
118.58,118.61,118.53,118.53,2073,2022-06-24 16:19:00,IBB
118.51,118.52,118.46,118.52,9000,2022-06-24 16:20:00,IBB
118.46,118.47,118.28,118.29,4742,2022-06-24 16:21:00,IBB
118.36,118.4,118.3,118.4,3824,2022-06-24 16:22:00,IBB
118.41,118.49,118.41,118.49,3126,2022-06-24 16:23:00,IBB
118.49,118.53,118.48,118.519,1800,2022-06-24 16:24:00,IBB
118.53,118.54,118.48,118.5,1300,2022-06-24 16:25:00,IBB
118.52,118.5545,118.51,118.5401,9336,2022-06-24 16:26:00,IBB
118.55,118.55,118.48,118.5,2000,2022-06-24 16:27:00,IBB
118.54,118.66,118.54,118.61,3512,2022-06-24 16:28:00,IBB
118.58,118.65,118.58,118.65,1355,2022-06-24 16:29:00,IBB
118.6562,118.665,118.64,118.64,3760,2022-06-24 16:30:00,IBB
118.65,118.65,118.5,118.5,2669,2022-06-24 16:31:00,IBB
118.5,118.56,118.48,118.56,1910,2022-06-24 16:32:00,IBB
118.57,118.585,118.53,118.53,1200,2022-06-24 16:33:00,IBB
118.48,118.5,118.415,118.415,3417,2022-06-24 16:34:00,IBB
118.39,118.45,118.38,118.45,3372,2022-06-24 16:35:00,IBB
118.44,118.47,118.44,118.46,1200,2022-06-24 16:36:00,IBB
118.47,118.485,118.465,118.485,1800,2022-06-24 16:37:00,IBB
118.49,118.51,118.43,118.51,3263,2022-06-24 16:38:00,IBB
118.52,118.58,118.49,118.58,900,2022-06-24 16:39:00,IBB
118.57,118.58,118.48,118.485,2100,2022-06-24 16:40:00,IBB
118.47,118.55,118.47,118.55,1374,2022-06-24 16:41:00,IBB
118.5404,118.56,118.535,118.55,1020,2022-06-24 16:42:00,IBB
118.55,118.655,118.55,118.64,1000,2022-06-24 16:43:00,IBB
118.64,118.65,118.635,118.64,800,2022-06-24 16:44:00,IBB
118.64,118.64,118.54,118.54,1000,2022-06-24 16:45:00,IBB
118.535,118.575,118.535,118.535,1000,2022-06-24 16:46:00,IBB
118.53,118.53,118.51,118.52,6391,2022-06-24 16:47:00,IBB
118.5,118.55,118.5,118.53,500,2022-06-24 16:48:00,IBB
118.5,118.58,118.5,118.58,1400,2022-06-24 16:49:00,IBB
118.62,118.66,118.6,118.66,1200,2022-06-24 16:50:00,IBB
118.68,118.71,118.64,118.64,1568,2022-06-24 16:51:00,IBB
118.645,118.68,118.64,118.64,1450,2022-06-24 16:52:00,IBB
118.67,118.72,118.66,118.71,1752,2022-06-24 16:53:00,IBB
118.72,118.73,118.66,118.73,2300,2022-06-24 16:54:00,IBB
118.75,118.75,118.7,118.73,1600,2022-06-24 16:55:00,IBB
118.74,118.77,118.74,118.76,11427,2022-06-24 16:56:00,IBB
118.77,118.77,118.75,118.76,800,2022-06-24 16:57:00,IBB
118.74,118.81,118.74,118.775,1900,2022-06-24 16:58:00,IBB
118.74,118.7799,118.73,118.7799,2746,2022-06-24 16:59:00,IBB
118.77,118.81,118.76,118.79,1447,2022-06-24 17:00:00,IBB
118.83,118.83,118.75,118.75,800,2022-06-24 17:01:00,IBB
118.73,118.8,118.71,118.8,800,2022-06-24 17:02:00,IBB
118.8,118.8,118.75,118.75,4351,2022-06-24 17:03:00,IBB
118.74,118.76,118.65,118.67,3500,2022-06-24 17:04:00,IBB
118.7,118.7,118.64,118.69,1400,2022-06-24 17:05:00,IBB
118.71,118.71,118.65,118.68,2265,2022-06-24 17:06:00,IBB
118.69,118.72,118.68,118.72,1120,2022-06-24 17:07:00,IBB
118.69,118.69,118.59,118.64,2900,2022-06-24 17:08:00,IBB
118.65,118.68,118.64,118.66,2479,2022-06-24 17:09:00,IBB
118.69,118.77,118.69,118.76,2400,2022-06-24 17:10:00,IBB
118.78,118.81,118.77,118.81,1400,2022-06-24 17:11:00,IBB
118.79,118.86,118.79,118.86,2599,2022-06-24 17:12:00,IBB
118.831,118.87,118.82,118.82,1500,2022-06-24 17:13:00,IBB
118.81,118.81,118.765,118.78,1400,2022-06-24 17:14:00,IBB
118.75,118.76,118.69,118.76,1800,2022-06-24 17:15:00,IBB
118.76,118.79,118.76,118.79,1502,2022-06-24 17:16:00,IBB
118.78,118.83,118.78,118.83,1604,2022-06-24 17:17:00,IBB
118.82,118.82,118.76,118.765,1200,2022-06-24 17:18:00,IBB
118.78,118.79,118.76,118.77,4900,2022-06-24 17:19:00,IBB
118.795,118.83,118.79,118.82,2092,2022-06-24 17:20:00,IBB
118.83,118.86,118.82,118.84,1832,2022-06-24 17:21:00,IBB
118.825,118.87,118.825,118.87,2400,2022-06-24 17:22:00,IBB
118.86,118.88,118.835,118.835,1500,2022-06-24 17:23:00,IBB
118.85,118.89,118.85,118.88,1500,2022-06-24 17:24:00,IBB
118.875,118.88,118.825,118.84,1100,2022-06-24 17:25:00,IBB
118.85,118.87,118.8471,118.86,1200,2022-06-24 17:26:00,IBB
118.87,118.95,118.87,118.93,1400,2022-06-24 17:27:00,IBB
118.95,118.99,118.94,118.975,1400,2022-06-24 17:28:00,IBB
118.97,118.98,118.94,118.94,2000,2022-06-24 17:29:00,IBB
118.93,118.96,118.89,118.96,1000,2022-06-24 17:30:00,IBB
118.97,118.98,118.91,118.93,2017,2022-06-24 17:31:00,IBB
118.915,118.92,118.86,118.86,1900,2022-06-24 17:32:00,IBB
118.88,118.88,118.84,118.84,1400,2022-06-24 17:33:00,IBB
118.85,118.9,118.85,118.85,2700,2022-06-24 17:34:00,IBB
118.85,118.85,118.73,118.74,2300,2022-06-24 17:35:00,IBB
118.779,118.82,118.779,118.81,2267,2022-06-24 17:36:00,IBB
118.805,118.805,118.75,118.78,2000,2022-06-24 17:37:00,IBB
118.78,118.86,118.78,118.86,2194,2022-06-24 17:38:00,IBB
118.885,118.94,118.885,118.89,1250,2022-06-24 17:39:00,IBB
118.89,118.89,118.8,118.805,2400,2022-06-24 17:40:00,IBB
118.81,118.86,118.81,118.85,1400,2022-06-24 17:41:00,IBB
118.85,118.93,118.85,118.91,1985,2022-06-24 17:42:00,IBB
118.93,118.94,118.87,118.88,1000,2022-06-24 17:43:00,IBB
118.9,118.91,118.88,118.88,1850,2022-06-24 17:44:00,IBB
118.875,118.875,118.84,118.84,800,2022-06-24 17:45:00,IBB
118.81,118.88,118.81,118.87,986,2022-06-24 17:46:00,IBB
118.84,118.84,118.78,118.78,1264,2022-06-24 17:47:00,IBB
118.78,118.79,118.76,118.76,1334,2022-06-24 17:48:00,IBB
118.73,118.75,118.73,118.75,1922,2022-06-24 17:49:00,IBB
118.74,118.76,118.71,118.74,1342,2022-06-24 17:50:00,IBB
118.75,118.78,118.71,118.71,1815,2022-06-24 17:51:00,IBB
118.73,118.76,118.73,118.74,1520,2022-06-24 17:52:00,IBB
118.74,118.77,118.705,118.72,1100,2022-06-24 17:53:00,IBB
118.7,118.7,118.67,118.69,1100,2022-06-24 17:54:00,IBB
118.68,118.68,118.63,118.67,900,2022-06-24 17:55:00,IBB
118.68,118.75,118.64,118.68,5782,2022-06-24 17:56:00,IBB
118.66,118.69,118.66,118.67,735,2022-06-24 17:57:00,IBB
118.66,118.68,118.655,118.67,1700,2022-06-24 17:58:00,IBB
118.67,118.67,118.59,118.655,1300,2022-06-24 17:59:00,IBB
118.7,118.73,118.69,118.73,1225,2022-06-24 18:00:00,IBB
118.735,118.79,118.71,118.79,2609,2022-06-24 18:01:00,IBB
118.75,118.79,118.75,118.79,6411,2022-06-24 18:02:00,IBB
118.785,118.79,118.77,118.78,2234,2022-06-24 18:03:00,IBB
118.8,118.8,118.72,118.75,2221,2022-06-24 18:04:00,IBB
118.75,118.77,118.73,118.73,1300,2022-06-24 18:05:00,IBB
118.72,118.76,118.72,118.76,1358,2022-06-24 18:06:00,IBB
118.73,118.75,118.68,118.685,1894,2022-06-24 18:07:00,IBB
118.69,118.69,118.61,118.62,1578,2022-06-24 18:08:00,IBB
118.64,118.65,118.6,118.61,1600,2022-06-24 18:09:00,IBB
118.62,118.67,118.62,118.67,1416,2022-06-24 18:10:00,IBB
118.69,118.8,118.69,118.8,1228,2022-06-24 18:11:00,IBB
118.76,118.76,118.67,118.67,900,2022-06-24 18:12:00,IBB
118.61,118.61,118.57,118.58,1100,2022-06-24 18:13:00,IBB
118.59,118.59,118.55,118.575,2400,2022-06-24 18:14:00,IBB
118.62,118.71,118.62,118.71,1726,2022-06-24 18:15:00,IBB
118.72,118.72,118.66,118.66,1639,2022-06-24 18:16:00,IBB
118.65,118.65,118.62,118.63,1791,2022-06-24 18:17:00,IBB
118.62,118.62,118.62,118.62,700,2022-06-24 18:18:00,IBB
118.61,118.67,118.61,118.67,1500,2022-06-24 18:19:00,IBB
118.68,118.7,118.67,118.68,1312,2022-06-24 18:20:00,IBB
118.68,118.69,118.65,118.67,1764,2022-06-24 18:21:00,IBB
118.67,118.71,118.65,118.65,1700,2022-06-24 18:22:00,IBB
118.64,118.7,118.64,118.7,983,2022-06-24 18:23:00,IBB
118.68,118.68,118.62,118.65,1524,2022-06-24 18:24:00,IBB
118.69,118.72,118.67,118.71,2088,2022-06-24 18:25:00,IBB
118.7,118.71,118.7,118.71,993,2022-06-24 18:26:00,IBB
118.72,118.72,118.61,118.64,3800,2022-06-24 18:27:00,IBB
118.65,118.69,118.64,118.69,6728,2022-06-24 18:28:00,IBB
118.69,118.73,118.66,118.69,3436,2022-06-24 18:29:00,IBB
118.7,118.73,118.7,118.73,1400,2022-06-24 18:30:00,IBB
118.73,118.73,118.68,118.68,2000,2022-06-24 18:31:00,IBB
118.67,118.72,118.67,118.72,1500,2022-06-24 18:32:00,IBB
118.73,118.76,118.73,118.76,1400,2022-06-24 18:33:00,IBB
118.78,118.83,118.775,118.81,3566,2022-06-24 18:34:00,IBB
118.83,118.83,118.79,118.8,1500,2022-06-24 18:35:00,IBB
118.78,118.8,118.76,118.79,1320,2022-06-24 18:36:00,IBB
118.81,118.82,118.81,118.81,1000,2022-06-24 18:37:00,IBB
118.82,118.84,118.81,118.81,1700,2022-06-24 18:38:00,IBB
118.79,118.895,118.79,118.875,2570,2022-06-24 18:39:00,IBB
118.88,118.96,118.85,118.96,2639,2022-06-24 18:40:00,IBB
118.975,119.0,118.95,119.0,1325,2022-06-24 18:41:00,IBB
119.0,119.0,118.95,118.97,2724,2022-06-24 18:42:00,IBB
118.98,119.03,118.98,119.03,1600,2022-06-24 18:43:00,IBB
119.02,119.04,119.02,119.04,2073,2022-06-24 18:44:00,IBB
119.04,119.04,119.01,119.04,1500,2022-06-24 18:45:00,IBB
119.08,119.08,119.04,119.04,985,2022-06-24 18:46:00,IBB
119.06,119.1,119.06,119.0901,1524,2022-06-24 18:47:00,IBB
119.1,119.12,119.0973,119.1004,2237,2022-06-24 18:48:00,IBB
119.105,119.13,119.095,119.13,2000,2022-06-24 18:49:00,IBB
119.12,119.12,119.05,119.065,3003,2022-06-24 18:50:00,IBB
119.06,119.09,119.03,119.04,6032,2022-06-24 18:51:00,IBB
119.06,119.09,119.045,119.09,2251,2022-06-24 18:52:00,IBB
119.08,119.11,119.08,119.09,1924,2022-06-24 18:53:00,IBB
119.07,119.1275,119.07,119.1275,2363,2022-06-24 18:54:00,IBB
119.12,119.16,119.115,119.14,3642,2022-06-24 18:55:00,IBB
119.14,119.15,119.1101,119.15,7903,2022-06-24 18:56:00,IBB
119.14,119.19,119.125,119.19,4055,2022-06-24 18:57:00,IBB
119.19,119.28,119.19,119.28,2570,2022-06-24 18:58:00,IBB
119.29,119.3,119.24,119.29,8316,2022-06-24 18:59:00,IBB
119.29,119.35,119.29,119.29,4219,2022-06-24 19:00:00,IBB
119.25,119.25,119.21,119.22,1800,2022-06-24 19:01:00,IBB
119.23,119.26,119.2,119.21,3474,2022-06-24 19:02:00,IBB
119.22,119.23,119.195,119.23,900,2022-06-24 19:03:00,IBB
119.225,119.23,119.2,119.22,1500,2022-06-24 19:04:00,IBB
119.19,119.19,119.08,119.13,3200,2022-06-24 19:05:00,IBB
119.14,119.15,119.065,119.15,7098,2022-06-24 19:06:00,IBB
119.13,119.19,119.13,119.19,600,2022-06-24 19:07:00,IBB
119.17,119.18,119.14,119.15,2200,2022-06-24 19:08:00,IBB
119.1504,119.19,119.1504,119.19,600,2022-06-24 19:09:00,IBB
119.18,119.205,119.16,119.16,2129,2022-06-24 19:10:00,IBB
119.18,119.2,119.17,119.18,1200,2022-06-24 19:11:00,IBB
119.2,119.23,119.2,119.23,500,2022-06-24 19:12:00,IBB
119.23,119.24,119.215,119.22,1595,2022-06-24 19:13:00,IBB
119.24,119.36,119.24,119.36,2417,2022-06-24 19:14:00,IBB
119.34,119.42,119.34,119.42,3066,2022-06-24 19:15:00,IBB
119.4201,119.45,119.42,119.42,3301,2022-06-24 19:16:00,IBB
119.42,119.42,119.35,119.355,1500,2022-06-24 19:17:00,IBB
119.33,119.41,119.33,119.41,2184,2022-06-24 19:18:00,IBB
119.4,119.4241,119.39,119.4241,1921,2022-06-24 19:19:00,IBB
119.42,119.43,119.4,119.41,2702,2022-06-24 19:20:00,IBB
119.43,119.445,119.32,119.32,1627,2022-06-24 19:21:00,IBB
119.34,119.41,119.34,119.39,10216,2022-06-24 19:22:00,IBB
119.4,119.4,119.36,119.3801,2196,2022-06-24 19:23:00,IBB
119.395,119.46,119.395,119.41,7533,2022-06-24 19:24:00,IBB
119.43,119.43,119.36,119.36,2335,2022-06-24 19:25:00,IBB
119.35,119.39,119.33,119.35,11803,2022-06-24 19:26:00,IBB
119.34,119.4,119.31,119.4,7197,2022-06-24 19:27:00,IBB
119.39,119.45,119.38,119.41,5432,2022-06-24 19:28:00,IBB
119.43,119.53,119.43,119.53,8112,2022-06-24 19:29:00,IBB
119.55,119.58,119.48,119.48,7459,2022-06-24 19:30:00,IBB
119.49,119.51,119.47,119.485,4881,2022-06-24 19:31:00,IBB
119.47,119.58,119.47,119.57,4972,2022-06-24 19:32:00,IBB
119.58,119.58,119.53,119.54,2537,2022-06-24 19:33:00,IBB
119.55,119.56,119.52,119.55,6241,2022-06-24 19:34:00,IBB
119.54,119.56,119.52,119.55,4630,2022-06-24 19:35:00,IBB
119.56,119.58,119.52,119.56,5257,2022-06-24 19:36:00,IBB
119.56,119.61,119.54,119.54,5196,2022-06-24 19:37:00,IBB
119.55,119.62,119.55,119.62,5550,2022-06-24 19:38:00,IBB
119.62,119.66,119.6,119.655,6667,2022-06-24 19:39:00,IBB
119.66,119.67,119.64,119.65,6594,2022-06-24 19:40:00,IBB
119.65,119.69,119.65,119.68,10842,2022-06-24 19:41:00,IBB
119.68,119.73,119.68,119.705,5659,2022-06-24 19:42:00,IBB
119.71,119.77,119.695,119.77,5752,2022-06-24 19:43:00,IBB
119.7601,119.8,119.75,119.75,4017,2022-06-24 19:44:00,IBB
119.76,119.77,119.73,119.7473,9231,2022-06-24 19:45:00,IBB
119.75,119.75,119.715,119.75,9030,2022-06-24 19:46:00,IBB
119.755,119.77,119.705,119.71,15723,2022-06-24 19:47:00,IBB
119.71,119.71,119.645,119.67,3860,2022-06-24 19:48:00,IBB
119.66,119.69,119.625,119.63,10647,2022-06-24 19:49:00,IBB
119.64,119.87,119.64,119.72,63532,2022-06-24 19:50:00,IBB
119.72,119.89,119.72,119.86,10774,2022-06-24 19:51:00,IBB
119.89,119.9,119.85,119.9,9370,2022-06-24 19:52:00,IBB
119.905,119.93,119.84,119.93,12460,2022-06-24 19:53:00,IBB
119.92,120.06,119.92,119.99,18196,2022-06-24 19:54:00,IBB
120.0,120.02,119.95,119.955,13373,2022-06-24 19:55:00,IBB
119.96,120.0,119.9,119.9,11391,2022-06-24 19:56:00,IBB
119.91,119.95,119.91,119.94,23138,2022-06-24 19:57:00,IBB
119.95,120.03,119.95,120.0,17187,2022-06-24 19:58:00,IBB
119.995,120.12,119.995,120.07,71506,2022-06-24 19:59:00,IBB
120.37,120.37,120.04,120.04,13668,2022-06-24 20:00:00,IBB
120.04,120.04,120.04,120.04,567,2022-06-24 20:02:00,IBB
120.04,120.04,120.04,120.04,1230,2022-06-24 20:03:00,IBB
120.04,120.04,120.04,120.04,100,2022-06-24 20:04:00,IBB
120.04,120.04,120.04,120.04,560,2022-06-24 20:10:00,IBB
120.0855,120.0855,120.0855,120.0855,1408964,2022-06-24 20:11:00,IBB
120.09,120.09,120.09,120.09,295,2022-06-24 20:19:00,IBB
120.0,120.06,120.0,120.04,23103,2022-06-24 20:21:00,IBB
120.04,120.06,120.04,120.04,13798,2022-06-24 20:22:00,IBB
120.04,120.04,120.04,120.04,300,2022-06-24 20:25:00,IBB
120.04,120.04,120.04,120.04,210,2022-06-24 20:26:00,IBB
120.04,120.04,120.04,120.04,800,2022-06-24 20:27:00,IBB
120.04,120.04,120.04,120.04,663,2022-06-24 20:29:00,IBB
120.04,120.04,120.04,120.04,12991,2022-06-24 20:30:00,IBB
119.8,119.8,119.8,119.8,200,2022-06-24 20:32:00,IBB
119.8,119.8,119.8,119.8,100,2022-06-24 20:33:00,IBB
119.8,119.8,119.8,119.8,200,2022-06-24 20:34:00,IBB
119.75,119.75,119.75,119.75,100,2022-06-24 20:46:00,IBB
119.77,119.77,119.77,119.77,195,2022-06-24 21:03:00,IBB
119.97,120.0,119.97,120.0,300,2022-06-24 21:09:00,IBB
120.5,120.5,120.5,120.5,120,2022-06-27 11:00:00,IBB
120.49,120.49,120.49,120.49,100,2022-06-27 12:29:00,IBB
120.34,120.34,120.3,120.31,2397,2022-06-27 12:33:00,IBB
120.41,120.41,120.41,120.41,100,2022-06-27 13:05:00,IBB
120.17,120.36,120.17,120.17,7050,2022-06-27 13:29:00,IBB
120.28,120.28,119.71,119.81,45237,2022-06-27 13:30:00,IBB
119.88,120.22,119.4806,119.81,15218,2022-06-27 13:31:00,IBB
119.84,119.99,119.75,119.76,17678,2022-06-27 13:32:00,IBB
119.68,119.73,119.43,119.43,7436,2022-06-27 13:33:00,IBB
119.4106,119.63,119.37,119.44,5929,2022-06-27 13:34:00,IBB
119.38,119.4,119.19,119.235,6891,2022-06-27 13:35:00,IBB
119.18,119.2,119.0,119.08,6350,2022-06-27 13:36:00,IBB
119.06,119.13,118.945,118.998,5597,2022-06-27 13:37:00,IBB
119.01,119.06,118.84,119.0,7378,2022-06-27 13:38:00,IBB
118.99,119.31,118.97,119.29,8066,2022-06-27 13:39:00,IBB
119.31,119.31,119.0,119.14,7262,2022-06-27 13:40:00,IBB
119.16,119.34,119.0617,119.34,7090,2022-06-27 13:41:00,IBB
119.32,119.39,119.11,119.11,17000,2022-06-27 13:42:00,IBB
119.16,119.16,118.79,118.84,4274,2022-06-27 13:43:00,IBB
118.84,118.88,118.75,118.82,4996,2022-06-27 13:44:00,IBB
118.84,119.02,118.75,119.02,3667,2022-06-27 13:45:00,IBB
118.93,118.96,118.81,118.81,2000,2022-06-27 13:46:00,IBB
118.79,118.85,118.75,118.8421,2845,2022-06-27 13:47:00,IBB
118.86,118.88,118.7,118.75,4071,2022-06-27 13:48:00,IBB
118.78,118.82,118.75,118.77,2883,2022-06-27 13:49:00,IBB
118.7,118.8101,118.58,118.76,4639,2022-06-27 13:50:00,IBB
118.74,118.89,118.734,118.83,3125,2022-06-27 13:51:00,IBB
118.89,118.93,118.78,118.85,4700,2022-06-27 13:52:00,IBB
118.805,118.9,118.77,118.9,8695,2022-06-27 13:53:00,IBB
119.0,119.055,118.92,118.98,2543,2022-06-27 13:54:00,IBB
118.95,119.05,118.88,118.88,13484,2022-06-27 13:55:00,IBB
118.93,119.1866,118.93,119.1866,2933,2022-06-27 13:56:00,IBB
119.31,119.31,119.18,119.235,1100,2022-06-27 13:57:00,IBB
119.19,119.2,119.14,119.14,2578,2022-06-27 13:58:00,IBB
119.08,119.08,118.99,119.02,2023,2022-06-27 13:59:00,IBB
119.18,119.25,119.12,119.25,1301,2022-06-27 14:00:00,IBB
119.3,119.36,119.24,119.36,800,2022-06-27 14:01:00,IBB
119.29,119.29,119.25,119.25,500,2022-06-27 14:02:00,IBB
119.28,119.34,119.22,119.29,1863,2022-06-27 14:03:00,IBB
119.34,119.44,119.34,119.44,1210,2022-06-27 14:04:00,IBB
119.47,119.53,119.32,119.32,3100,2022-06-27 14:05:00,IBB
119.39,119.48,119.365,119.46,4890,2022-06-27 14:06:00,IBB
119.43,119.56,119.4161,119.525,1923,2022-06-27 14:07:00,IBB
119.5296,119.54,119.47,119.51,1965,2022-06-27 14:08:00,IBB
119.47,119.52,119.47,119.52,1743,2022-06-27 14:09:00,IBB
119.54,119.59,119.5,119.5,3573,2022-06-27 14:10:00,IBB
119.52,119.52,119.38,119.39,3281,2022-06-27 14:11:00,IBB
119.42,119.57,119.42,119.52,9230,2022-06-27 14:12:00,IBB
119.5321,119.61,119.48,119.48,5703,2022-06-27 14:13:00,IBB
119.44,119.44,119.37,119.37,5182,2022-06-27 14:14:00,IBB
119.38,119.38,119.28,119.33,1900,2022-06-27 14:15:00,IBB
119.34,119.41,119.33,119.33,1292,2022-06-27 14:16:00,IBB
119.4,119.5,119.365,119.43,4575,2022-06-27 14:17:00,IBB
119.34,119.35,119.26,119.26,2009,2022-06-27 14:18:00,IBB
119.3,119.37,119.26,119.26,3465,2022-06-27 14:19:00,IBB
119.27,119.34,119.24,119.2801,1977,2022-06-27 14:20:00,IBB
119.39,119.39,119.31,119.31,1477,2022-06-27 14:21:00,IBB
119.3,119.3,119.21,119.21,2804,2022-06-27 14:22:00,IBB
119.23,119.23,118.98,119.01,10960,2022-06-27 14:23:00,IBB
118.99,119.01,118.93,118.93,3843,2022-06-27 14:24:00,IBB
118.9,118.9,118.83,118.85,3375,2022-06-27 14:25:00,IBB
118.84,118.93,118.84,118.92,8869,2022-06-27 14:26:00,IBB
118.94,118.945,118.81,118.84,5260,2022-06-27 14:27:00,IBB
118.83,118.99,118.83,118.98,5546,2022-06-27 14:28:00,IBB
118.96,119.0,118.89,118.93,1000,2022-06-27 14:29:00,IBB
118.85,118.99,118.85,118.99,400,2022-06-27 14:30:00,IBB
119.025,119.025,119.025,119.025,100,2022-06-27 14:31:00,IBB
119.03,119.12,119.03,119.08,600,2022-06-27 14:32:00,IBB
119.06,119.27,119.06,119.2301,1223,2022-06-27 14:33:00,IBB
119.28,119.33,119.22,119.33,324,2022-06-27 14:34:00,IBB
119.42,119.53,119.39,119.39,1864,2022-06-27 14:35:00,IBB
119.35,119.355,119.235,119.235,5061,2022-06-27 14:36:00,IBB
119.28,119.48,119.28,119.48,500,2022-06-27 14:37:00,IBB
119.48,119.485,119.32,119.32,2046,2022-06-27 14:38:00,IBB
119.33,119.33,119.33,119.33,191,2022-06-27 14:39:00,IBB
119.39,119.39,119.35,119.36,981,2022-06-27 14:40:00,IBB
119.32,119.32,119.25,119.25,1935,2022-06-27 14:41:00,IBB
119.2326,119.37,119.2326,119.37,510,2022-06-27 14:42:00,IBB
119.39,119.39,119.35,119.364,626,2022-06-27 14:43:00,IBB
119.4,119.445,119.4,119.42,654,2022-06-27 14:44:00,IBB
119.42,119.42,119.3,119.3,2065,2022-06-27 14:45:00,IBB
119.25,119.37,119.22,119.37,794,2022-06-27 14:46:00,IBB
119.41,119.54,119.41,119.54,2485,2022-06-27 14:47:00,IBB
119.54,119.54,119.47,119.47,18050,2022-06-27 14:48:00,IBB
119.43,119.46,119.39,119.46,1936,2022-06-27 14:49:00,IBB
119.49,119.71,119.46,119.68,6583,2022-06-27 14:50:00,IBB
119.72,119.83,119.69,119.83,8265,2022-06-27 14:51:00,IBB
119.82,119.87,119.82,119.85,5134,2022-06-27 14:52:00,IBB
119.85,119.87,119.8,119.8451,1932,2022-06-27 14:53:00,IBB
119.855,119.86,119.82,119.84,1835,2022-06-27 14:54:00,IBB
119.87,119.89,119.8427,119.8427,1000,2022-06-27 14:55:00,IBB
119.91,119.91,119.895,119.895,200,2022-06-27 14:56:00,IBB
119.91,119.92,119.91,119.92,300,2022-06-27 14:57:00,IBB
119.935,119.985,119.935,119.94,640,2022-06-27 14:58:00,IBB
119.92,120.04,119.89,119.95,1919,2022-06-27 14:59:00,IBB
119.97,119.97,119.92,119.92,685,2022-06-27 15:00:00,IBB
119.87,119.91,119.86,119.91,400,2022-06-27 15:01:00,IBB
119.88,119.88,119.88,119.88,100,2022-06-27 15:02:00,IBB
119.93,119.94,119.93,119.94,419,2022-06-27 15:03:00,IBB
119.93,119.95,119.88,119.88,714,2022-06-27 15:04:00,IBB
119.8421,119.86,119.8421,119.86,400,2022-06-27 15:05:00,IBB
119.8,119.895,119.8,119.895,1699,2022-06-27 15:06:00,IBB
119.94,119.95,119.91,119.95,3548,2022-06-27 15:07:00,IBB
119.9,119.91,119.9,119.9,500,2022-06-27 15:08:00,IBB
119.9,119.9,119.75,119.75,700,2022-06-27 15:09:00,IBB
119.74,119.7897,119.74,119.7897,1290,2022-06-27 15:10:00,IBB
119.81,119.89,119.81,119.89,1010,2022-06-27 15:11:00,IBB
119.78,119.81,119.76,119.81,500,2022-06-27 15:12:00,IBB
119.78,119.78,119.76,119.76,200,2022-06-27 15:13:00,IBB
119.8001,119.8001,119.79,119.8,400,2022-06-27 15:14:00,IBB
119.78,119.8121,119.73,119.8121,1683,2022-06-27 15:15:00,IBB
119.79,119.8,119.78,119.8,843,2022-06-27 15:16:00,IBB
119.74,119.7453,119.69,119.74,2201,2022-06-27 15:17:00,IBB
119.6857,119.735,119.66,119.66,1938,2022-06-27 15:18:00,IBB
119.67,119.71,119.67,119.71,669,2022-06-27 15:19:00,IBB
119.756,119.8,119.73,119.74,1400,2022-06-27 15:20:00,IBB
119.81,119.92,119.81,119.92,240,2022-06-27 15:21:00,IBB
119.92,119.99,119.92,119.98,1186,2022-06-27 15:22:00,IBB
120.0211,120.0499,120.0211,120.0499,605,2022-06-27 15:23:00,IBB
120.07,120.13,120.07,120.13,900,2022-06-27 15:24:00,IBB
120.17,120.2699,120.17,120.18,2300,2022-06-27 15:25:00,IBB
120.18,120.2,120.09,120.09,2400,2022-06-27 15:26:00,IBB
120.09,120.18,120.09,120.13,1175,2022-06-27 15:27:00,IBB
120.12,120.19,120.11,120.19,435,2022-06-27 15:28:00,IBB
120.21,120.23,120.17,120.19,3198,2022-06-27 15:29:00,IBB
120.21,120.24,120.14,120.14,1500,2022-06-27 15:30:00,IBB
120.13,120.13,120.08,120.09,2050,2022-06-27 15:31:00,IBB
120.11,120.11,120.07,120.07,1309,2022-06-27 15:32:00,IBB
120.1,120.22,120.1,120.22,4009,2022-06-27 15:33:00,IBB
120.14,120.15,120.091,120.11,2646,2022-06-27 15:34:00,IBB
120.1,120.105,120.1,120.105,763,2022-06-27 15:35:00,IBB
120.13,120.13,120.05,120.05,673,2022-06-27 15:36:00,IBB
120.0,120.09,120.0,120.09,640,2022-06-27 15:37:00,IBB
120.1,120.12,120.05,120.12,600,2022-06-27 15:38:00,IBB
120.15,120.16,120.15,120.16,952,2022-06-27 15:39:00,IBB
120.17,120.24,120.16,120.23,2817,2022-06-27 15:40:00,IBB
120.2,120.215,120.19,120.2,1586,2022-06-27 15:41:00,IBB
120.19,120.29,120.19,120.2,7804,2022-06-27 15:42:00,IBB
120.2234,120.2499,120.188,120.23,1704,2022-06-27 15:43:00,IBB
120.23,120.24,120.18,120.24,1097,2022-06-27 15:44:00,IBB
120.23,120.25,120.21,120.25,1700,2022-06-27 15:45:00,IBB
120.27,120.28,120.2,120.2,2729,2022-06-27 15:46:00,IBB
120.18,120.18,120.13,120.13,1865,2022-06-27 15:47:00,IBB
120.14,120.14,120.08,120.09,800,2022-06-27 15:48:00,IBB
120.122,120.16,120.12,120.12,876,2022-06-27 15:49:00,IBB
120.0691,120.08,120.01,120.05,2438,2022-06-27 15:50:00,IBB
120.05,120.05,119.9236,119.97,2890,2022-06-27 15:51:00,IBB
119.98,120.03,119.96,120.03,2100,2022-06-27 15:52:00,IBB
120.05,120.05,120.01,120.01,1100,2022-06-27 15:53:00,IBB
120.01,120.03,119.97,119.97,1900,2022-06-27 15:54:00,IBB
119.94,120.03,119.94,120.0,1385,2022-06-27 15:55:00,IBB
120.02,120.03,119.94,119.95,1200,2022-06-27 15:56:00,IBB
120.0303,120.04,119.95,119.95,1001,2022-06-27 15:57:00,IBB
119.99,120.04,119.98,119.98,1400,2022-06-27 15:58:00,IBB
120.01,120.01,119.99,119.99,700,2022-06-27 15:59:00,IBB
119.99,119.99,119.942,119.942,1500,2022-06-27 16:00:00,IBB
119.85,119.86,119.8,119.81,1335,2022-06-27 16:01:00,IBB
119.76,119.765,119.695,119.71,1300,2022-06-27 16:02:00,IBB
119.72,119.83,119.72,119.79,2056,2022-06-27 16:03:00,IBB
119.78,119.78,119.61,119.66,2529,2022-06-27 16:04:00,IBB
119.69,119.69,119.62,119.6303,2000,2022-06-27 16:05:00,IBB
119.64,119.67,119.56,119.56,1100,2022-06-27 16:06:00,IBB
119.62,119.72,119.62,119.7,1227,2022-06-27 16:07:00,IBB
119.69,119.69,119.69,119.69,100,2022-06-27 16:08:00,IBB
119.67,119.69,119.67,119.69,679,2022-06-27 16:09:00,IBB
119.7,119.7,119.61,119.67,900,2022-06-27 16:10:00,IBB
119.66,119.69,119.66,119.69,1400,2022-06-27 16:11:00,IBB
119.75,119.76,119.75,119.76,300,2022-06-27 16:12:00,IBB
119.82,119.84,119.82,119.84,633,2022-06-27 16:13:00,IBB
119.82,119.87,119.82,119.87,457,2022-06-27 16:14:00,IBB
119.8164,119.8164,119.795,119.795,400,2022-06-27 16:15:00,IBB
119.79,119.79,119.73,119.73,318,2022-06-27 16:16:00,IBB
119.71,119.72,119.71,119.72,318,2022-06-27 16:17:00,IBB
119.78,119.81,119.77,119.8,800,2022-06-27 16:18:00,IBB
119.77,119.83,119.77,119.83,940,2022-06-27 16:19:00,IBB
119.805,119.86,119.72,119.75,3029,2022-06-27 16:20:00,IBB
119.76,119.82,119.76,119.7789,963,2022-06-27 16:21:00,IBB
119.78,119.78,119.7517,119.7517,662,2022-06-27 16:23:00,IBB
119.75,119.75,119.65,119.65,300,2022-06-27 16:24:00,IBB
119.66,119.66,119.5,119.52,1540,2022-06-27 16:25:00,IBB
119.5147,119.532,119.48,119.49,24378,2022-06-27 16:26:00,IBB
119.49,119.5,119.4,119.41,15723,2022-06-27 16:27:00,IBB
119.43,119.44,119.43,119.44,769,2022-06-27 16:28:00,IBB
119.48,119.5,119.47,119.47,500,2022-06-27 16:29:00,IBB
119.45,119.45,119.42,119.44,879,2022-06-27 16:30:00,IBB
119.41,119.48,119.41,119.48,500,2022-06-27 16:31:00,IBB
119.51,119.51,119.47,119.4801,600,2022-06-27 16:32:00,IBB
119.59,119.61,119.58,119.6,1000,2022-06-27 16:33:00,IBB
119.595,119.6115,119.595,119.6115,300,2022-06-27 16:34:00,IBB
119.59,119.61,119.549,119.605,1478,2022-06-27 16:35:00,IBB
119.582,119.62,119.582,119.62,200,2022-06-27 16:36:00,IBB
119.62,119.63,119.59,119.63,700,2022-06-27 16:37:00,IBB
119.69,119.69,119.665,119.69,900,2022-06-27 16:38:00,IBB
119.6801,119.7,119.63,119.66,1475,2022-06-27 16:39:00,IBB
119.62,119.64,119.6,119.6,2100,2022-06-27 16:40:00,IBB
119.71,119.73,119.68,119.73,500,2022-06-27 16:41:00,IBB
119.72,119.77,119.72,119.7555,643,2022-06-27 16:42:00,IBB
119.78,119.78,119.74,119.74,925,2022-06-27 16:43:00,IBB
119.74,119.8,119.74,119.8,1200,2022-06-27 16:44:00,IBB
119.795,119.795,119.77,119.77,400,2022-06-27 16:45:00,IBB
119.78,119.81,119.76,119.81,800,2022-06-27 16:46:00,IBB
119.8611,119.93,119.8611,119.93,950,2022-06-27 16:47:00,IBB
119.94,119.94,119.94,119.94,100,2022-06-27 16:48:00,IBB
119.912,119.94,119.91,119.94,1175,2022-06-27 16:49:00,IBB
119.9,119.95,119.9,119.94,600,2022-06-27 16:50:00,IBB
119.95,120.02,119.95,120.02,1968,2022-06-27 16:51:00,IBB
120.03,120.07,120.03,120.04,1169,2022-06-27 16:52:00,IBB
120.05,120.12,120.05,120.12,600,2022-06-27 16:53:00,IBB
120.11,120.15,120.11,120.135,991,2022-06-27 16:54:00,IBB
120.16,120.19,120.09,120.09,1727,2022-06-27 16:55:00,IBB
120.08,120.1,120.07,120.07,620,2022-06-27 16:56:00,IBB
120.08,120.15,120.06,120.08,1000,2022-06-27 16:57:00,IBB
120.08,120.082,120.06,120.08,2300,2022-06-27 16:58:00,IBB
120.03,120.08,119.94,120.08,2103,2022-06-27 16:59:00,IBB
120.08,120.09,120.05,120.09,4259,2022-06-27 17:00:00,IBB
120.07,120.09,120.07,120.09,300,2022-06-27 17:01:00,IBB
120.12,120.12,119.94,120.05,3612,2022-06-27 17:02:00,IBB
120.02,120.06,120.02,120.06,650,2022-06-27 17:03:00,IBB
120.09,120.1,120.08,120.1,400,2022-06-27 17:04:00,IBB
120.09,120.1,120.03,120.06,1216,2022-06-27 17:05:00,IBB
120.02,120.02,119.93,119.95,1004,2022-06-27 17:06:00,IBB
119.97,119.98,119.882,119.882,600,2022-06-27 17:07:00,IBB
119.86,119.93,119.86,119.93,500,2022-06-27 17:08:00,IBB
119.94,120.06,119.94,120.03,1513,2022-06-27 17:09:00,IBB
120.07,120.1,120.07,120.1,2146,2022-06-27 17:10:00,IBB
120.0601,120.2799,120.0601,120.2788,3709,2022-06-27 17:11:00,IBB
120.27,120.27,120.23,120.26,1200,2022-06-27 17:12:00,IBB
120.25,120.25,120.25,120.25,100,2022-06-27 17:13:00,IBB
120.222,120.28,120.222,120.28,1500,2022-06-27 17:14:00,IBB
120.29,120.31,120.23,120.3,6042,2022-06-27 17:15:00,IBB
120.3,120.3,120.2,120.22,1000,2022-06-27 17:16:00,IBB
120.2,120.2,120.12,120.15,3043,2022-06-27 17:17:00,IBB
120.12,120.18,120.12,120.155,500,2022-06-27 17:18:00,IBB
120.19,120.21,120.19,120.21,400,2022-06-27 17:19:00,IBB
120.19,120.195,120.14,120.18,1269,2022-06-27 17:20:00,IBB
120.23,120.295,120.23,120.27,1091,2022-06-27 17:21:00,IBB
120.31,120.32,120.27,120.27,777,2022-06-27 17:22:00,IBB
120.24,120.2849,120.24,120.2849,600,2022-06-27 17:23:00,IBB
120.27,120.3,120.23,120.3,804,2022-06-27 17:24:00,IBB
120.29,120.3,120.27,120.29,700,2022-06-27 17:25:00,IBB
120.27,120.27,120.23,120.27,3227,2022-06-27 17:26:00,IBB
120.3,120.34,120.28,120.28,1869,2022-06-27 17:27:00,IBB
120.27,120.27,120.261,120.261,500,2022-06-27 17:28:00,IBB
120.35,120.4394,120.35,120.4394,1600,2022-06-27 17:29:00,IBB
120.418,120.43,120.37,120.37,2907,2022-06-27 17:30:00,IBB
120.33,120.35,120.33,120.35,300,2022-06-27 17:31:00,IBB
120.3266,120.3266,120.29,120.29,876,2022-06-27 17:32:00,IBB
120.31,120.36,120.31,120.36,400,2022-06-27 17:33:00,IBB
120.31,120.31,120.3,120.3,300,2022-06-27 17:34:00,IBB
120.29,120.33,120.29,120.33,500,2022-06-27 17:35:00,IBB
120.27,120.33,120.27,120.33,800,2022-06-27 17:36:00,IBB
120.33,120.35,120.33,120.34,400,2022-06-27 17:37:00,IBB
120.32,120.38,120.32,120.38,500,2022-06-27 17:38:00,IBB
120.4,120.45,120.4,120.44,1100,2022-06-27 17:39:00,IBB
120.42,120.43,120.39,120.39,600,2022-06-27 17:40:00,IBB
120.31,120.33,120.29,120.33,600,2022-06-27 17:41:00,IBB
120.292,120.3,120.27,120.27,800,2022-06-27 17:42:00,IBB
120.25,120.26,120.25,120.26,633,2022-06-27 17:43:00,IBB
120.3,120.31,120.3,120.31,400,2022-06-27 17:44:00,IBB
120.31,120.31,120.19,120.19,1093,2022-06-27 17:45:00,IBB
120.19,120.25,120.18,120.24,1400,2022-06-27 17:46:00,IBB
120.24,120.24,120.2,120.23,30306,2022-06-27 17:47:00,IBB
120.22,120.25,120.2,120.2,1300,2022-06-27 17:48:00,IBB
120.2,120.29,120.19,120.29,1300,2022-06-27 17:49:00,IBB
120.32,120.32,120.32,120.32,100,2022-06-27 17:50:00,IBB
120.33,120.34,120.31,120.31,1200,2022-06-27 17:51:00,IBB
120.32,120.32,120.29,120.29,200,2022-06-27 17:52:00,IBB
120.3,120.34,120.3,120.34,700,2022-06-27 17:53:00,IBB
120.32,120.34,120.27,120.27,1660,2022-06-27 17:54:00,IBB
120.29,120.3,120.18,120.18,2103,2022-06-27 17:55:00,IBB
120.18,120.28,120.18,120.2766,2700,2022-06-27 17:56:00,IBB
120.27,120.31,120.23,120.31,600,2022-06-27 17:57:00,IBB
120.27,120.271,120.23,120.26,1523,2022-06-27 17:58:00,IBB
120.23,120.23,120.115,120.12,2970,2022-06-27 18:00:00,IBB
120.08,120.26,120.072,120.2,4450,2022-06-27 18:01:00,IBB
120.16,120.21,120.16,120.21,400,2022-06-27 18:02:00,IBB
120.28,120.28,120.24,120.26,878,2022-06-27 18:03:00,IBB
120.25,120.28,120.23,120.28,2631,2022-06-27 18:04:00,IBB
120.26,120.28,120.24,120.24,1200,2022-06-27 18:05:00,IBB
120.22,120.24,120.2,120.22,2030,2022-06-27 18:06:00,IBB
120.25,120.27,120.24,120.24,500,2022-06-27 18:07:00,IBB
120.2,120.269,120.2,120.269,800,2022-06-27 18:08:00,IBB
120.24,120.25,120.24,120.242,300,2022-06-27 18:09:00,IBB
120.25,120.269,120.25,120.26,500,2022-06-27 18:10:00,IBB
120.27,120.36,120.2401,120.36,4240,2022-06-27 18:11:00,IBB
120.32,120.32,120.24,120.29,800,2022-06-27 18:12:00,IBB
120.34,120.39,120.33,120.39,1123,2022-06-27 18:13:00,IBB
120.35,120.37,120.32,120.32,800,2022-06-27 18:14:00,IBB
120.34,120.35,120.34,120.35,400,2022-06-27 18:15:00,IBB
120.31,120.33,120.31,120.33,500,2022-06-27 18:16:00,IBB
120.33,120.33,120.269,120.269,300,2022-06-27 18:17:00,IBB
120.29,120.32,120.29,120.32,200,2022-06-27 18:18:00,IBB
120.405,120.41,120.391,120.391,1000,2022-06-27 18:19:00,IBB
120.41,120.47,120.41,120.468,1000,2022-06-27 18:20:00,IBB
120.47,120.48,120.425,120.425,895,2022-06-27 18:21:00,IBB
120.49,120.49,120.48,120.489,500,2022-06-27 18:22:00,IBB
120.49,120.51,120.35,120.36,33416,2022-06-27 18:23:00,IBB
120.36,120.36,120.28,120.29,30665,2022-06-27 18:24:00,IBB
120.3,120.31,120.12,120.21,2500,2022-06-27 18:25:00,IBB
120.26,120.27,120.25,120.27,6139,2022-06-27 18:26:00,IBB
120.27,120.275,120.24,120.26,1381,2022-06-27 18:27:00,IBB
120.25,120.26,120.21,120.232,1987,2022-06-27 18:28:00,IBB
120.2,120.24,120.18,120.24,1400,2022-06-27 18:29:00,IBB
120.24,120.26,120.17,120.17,800,2022-06-27 18:30:00,IBB
120.2,120.23,120.2,120.23,900,2022-06-27 18:31:00,IBB
120.23,120.24,120.19,120.2,1300,2022-06-27 18:32:00,IBB
120.24,120.242,120.22,120.242,1900,2022-06-27 18:33:00,IBB
120.22,120.2801,120.22,120.26,4154,2022-06-27 18:34:00,IBB
120.24,120.28,120.21,120.26,2368,2022-06-27 18:35:00,IBB
120.27,120.27,120.23,120.27,1720,2022-06-27 18:36:00,IBB
120.25,120.25,120.18,120.2,1830,2022-06-27 18:37:00,IBB
120.21,120.279,120.21,120.24,1848,2022-06-27 18:38:00,IBB
120.25,120.26,120.24,120.24,1170,2022-06-27 18:39:00,IBB
120.24,120.24,120.14,120.15,3068,2022-06-27 18:40:00,IBB
120.122,120.1626,120.122,120.1626,928,2022-06-27 18:41:00,IBB
120.16,120.21,120.142,120.21,600,2022-06-27 18:42:00,IBB
120.16,120.2,120.16,120.2,400,2022-06-27 18:43:00,IBB
120.22,120.222,120.22,120.222,300,2022-06-27 18:44:00,IBB
120.18,120.24,120.18,120.23,1000,2022-06-27 18:45:00,IBB
120.242,120.25,120.2,120.246,1600,2022-06-27 18:46:00,IBB
120.22,120.295,120.22,120.295,938,2022-06-27 18:47:00,IBB
120.29,120.38,120.29,120.37,2809,2022-06-27 18:48:00,IBB
120.35,120.43,120.34,120.4101,3238,2022-06-27 18:49:00,IBB
120.395,120.435,120.385,120.385,9181,2022-06-27 18:50:00,IBB
120.37,120.37,120.31,120.37,6229,2022-06-27 18:51:00,IBB
120.35,120.395,120.35,120.36,752,2022-06-27 18:52:00,IBB
120.365,120.365,120.33,120.365,4734,2022-06-27 18:53:00,IBB
120.39,120.39,120.34,120.36,900,2022-06-27 18:54:00,IBB
120.35,120.35,120.26,120.26,3029,2022-06-27 18:55:00,IBB
120.28,120.29,120.28,120.29,300,2022-06-27 18:56:00,IBB
120.34,120.375,120.34,120.375,1078,2022-06-27 18:57:00,IBB
120.365,120.365,120.26,120.26,2727,2022-06-27 18:58:00,IBB
120.27,120.34,120.25,120.33,2361,2022-06-27 18:59:00,IBB
120.32,120.34,120.25,120.32,3368,2022-06-27 19:00:00,IBB
120.32,120.32,120.2,120.2,2494,2022-06-27 19:01:00,IBB
120.16,120.16,120.1,120.1,2847,2022-06-27 19:02:00,IBB
120.1,120.1,119.96,120.06,10847,2022-06-27 19:03:00,IBB
120.085,120.14,120.03,120.03,1050,2022-06-27 19:04:00,IBB
120.0,120.0,119.89,119.92,3559,2022-06-27 19:05:00,IBB
119.91,119.97,119.87,119.95,2453,2022-06-27 19:06:00,IBB
119.93,120.01,119.93,120.01,2172,2022-06-27 19:07:00,IBB
120.0,120.06,120.0,120.06,1402,2022-06-27 19:08:00,IBB
120.07,120.19,120.06,120.19,4200,2022-06-27 19:09:00,IBB
120.17,120.24,120.14,120.17,1569,2022-06-27 19:10:00,IBB
120.175,120.27,120.16,120.27,2933,2022-06-27 19:11:00,IBB
120.23,120.29,120.2,120.22,1378,2022-06-27 19:12:00,IBB
120.22,120.25,120.19,120.225,2073,2022-06-27 19:13:00,IBB
120.2,120.24,120.2,120.24,1241,2022-06-27 19:14:00,IBB
120.21,120.25,120.21,120.24,1000,2022-06-27 19:15:00,IBB
120.24,120.34,120.24,120.34,23713,2022-06-27 19:16:00,IBB
120.34,120.37,120.33,120.36,10940,2022-06-27 19:17:00,IBB
120.37,120.37,120.28,120.28,13540,2022-06-27 19:18:00,IBB
120.26,120.3431,120.25,120.31,2331,2022-06-27 19:19:00,IBB
120.29,120.29,120.27,120.27,600,2022-06-27 19:20:00,IBB
120.2,120.2,120.15,120.2,2238,2022-06-27 19:21:00,IBB
120.21,120.21,120.14,120.14,1786,2022-06-27 19:22:00,IBB
120.13,120.13,120.0768,120.0768,2929,2022-06-27 19:23:00,IBB
120.06,120.1,120.06,120.08,1800,2022-06-27 19:24:00,IBB
120.07,120.14,120.05,120.12,2276,2022-06-27 19:25:00,IBB
120.12,120.12,120.04,120.04,1710,2022-06-27 19:26:00,IBB
120.02,120.04,119.95,120.04,2882,2022-06-27 19:27:00,IBB
120.01,120.02,119.95,119.95,1118,2022-06-27 19:28:00,IBB
119.97,120.0519,119.97,120.0519,1676,2022-06-27 19:29:00,IBB
120.04,120.05,119.981,120.01,5689,2022-06-27 19:30:00,IBB
119.99,120.06,119.99,120.06,2092,2022-06-27 19:31:00,IBB
120.05,120.13,120.04,120.13,3204,2022-06-27 19:32:00,IBB
120.14,120.17,120.092,120.1299,5549,2022-06-27 19:33:00,IBB
120.1299,120.13,120.01,120.02,4999,2022-06-27 19:34:00,IBB
120.0,120.0,119.93,119.95,1700,2022-06-27 19:35:00,IBB
119.93,119.96,119.87,119.89,5369,2022-06-27 19:36:00,IBB
119.87,119.89,119.8,119.8,2920,2022-06-27 19:37:00,IBB
119.8,119.82,119.76,119.82,3043,2022-06-27 19:38:00,IBB
119.79,119.84,119.78,119.79,3375,2022-06-27 19:39:00,IBB
119.8,119.87,119.79,119.83,4528,2022-06-27 19:40:00,IBB
119.83,119.9,119.81,119.9,4551,2022-06-27 19:41:00,IBB
119.9,119.902,119.83,119.86,1300,2022-06-27 19:42:00,IBB
119.91,120.0,119.91,120.0,1898,2022-06-27 19:43:00,IBB
120.01,120.039,120.01,120.03,900,2022-06-27 19:44:00,IBB
120.029,120.1,119.99,120.07,3706,2022-06-27 19:45:00,IBB
120.04,120.09,120.04,120.06,1082,2022-06-27 19:46:00,IBB
120.05,120.06,119.97,119.99,3999,2022-06-27 19:47:00,IBB
119.98,120.05,119.98,119.99,1612,2022-06-27 19:48:00,IBB
119.99,120.03,119.92,120.03,4406,2022-06-27 19:49:00,IBB
120.02,120.02,119.76,119.82,10116,2022-06-27 19:50:00,IBB
119.83,119.83,119.7568,119.7568,1590,2022-06-27 19:51:00,IBB
119.74,119.7839,119.69,119.69,2371,2022-06-27 19:52:00,IBB
119.69,119.69,119.62,119.68,8420,2022-06-27 19:53:00,IBB
119.71,119.77,119.66,119.77,6997,2022-06-27 19:54:00,IBB
119.78,119.85,119.77,119.84,4790,2022-06-27 19:55:00,IBB
119.84,119.89,119.8,119.89,17988,2022-06-27 19:56:00,IBB
119.91,119.93,119.86,119.865,5781,2022-06-27 19:57:00,IBB
119.87,119.9,119.87,119.895,7200,2022-06-27 19:58:00,IBB
119.9,120.02,119.9,119.99,11434,2022-06-27 19:59:00,IBB
120.12,120.12,120.12,120.12,5293,2022-06-27 20:00:00,IBB
120.12,120.12,120.12,120.12,131,2022-06-27 20:01:00,IBB
119.88,119.88,119.88,119.88,495,2022-06-27 20:48:00,IBB
120.21,120.21,120.21,120.21,200,2022-06-28 13:13:00,IBB
120.25,120.25,120.24,120.24,1500,2022-06-28 13:29:00,IBB
119.98,119.98,119.55,119.82,11951,2022-06-28 13:30:00,IBB
119.9,119.91,119.68,119.86,2208,2022-06-28 13:31:00,IBB
120.12,120.33,120.12,120.23,2123,2022-06-28 13:32:00,IBB
120.42,120.42,120.13,120.13,2384,2022-06-28 13:33:00,IBB
120.08,120.08,119.81,119.95,2697,2022-06-28 13:34:00,IBB
119.74,119.9237,119.72,119.85,3375,2022-06-28 13:35:00,IBB
119.82,120.1,119.771,120.1,2701,2022-06-28 13:36:00,IBB
120.12,120.12,119.82,120.0,3325,2022-06-28 13:37:00,IBB
119.965,120.06,119.965,120.0,800,2022-06-28 13:38:00,IBB
120.1,120.21,120.03,120.2056,1329,2022-06-28 13:39:00,IBB
120.28,120.28,120.1,120.13,4026,2022-06-28 13:40:00,IBB
120.17,120.17,119.97,119.98,3163,2022-06-28 13:41:00,IBB
119.92,119.95,119.74,119.95,10503,2022-06-28 13:42:00,IBB
119.9,120.06,119.84,120.06,1974,2022-06-28 13:43:00,IBB
120.04,120.11,119.96,120.09,6823,2022-06-28 13:44:00,IBB
120.02,120.07,119.7199,119.93,12555,2022-06-28 13:45:00,IBB
119.97,119.98,119.72,119.72,2250,2022-06-28 13:46:00,IBB
119.71,119.94,119.67,119.94,1400,2022-06-28 13:47:00,IBB
119.86,120.04,119.85,119.98,1000,2022-06-28 13:48:00,IBB
119.96,120.11,119.88,120.11,778,2022-06-28 13:49:00,IBB
120.05,120.24,120.05,120.19,1000,2022-06-28 13:50:00,IBB
120.2098,120.24,120.13,120.17,2671,2022-06-28 13:51:00,IBB
120.22,120.25,120.12,120.12,879,2022-06-28 13:52:00,IBB
120.09,120.17,120.04,120.17,2976,2022-06-28 13:53:00,IBB
120.12,120.14,120.05,120.09,800,2022-06-28 13:54:00,IBB
120.02,120.12,119.9331,119.9331,2450,2022-06-28 13:55:00,IBB
119.98,119.99,119.86,119.96,2549,2022-06-28 13:56:00,IBB
119.92,120.02,119.9,120.0,1508,2022-06-28 13:57:00,IBB
119.97,119.97,119.75,119.79,1701,2022-06-28 13:58:00,IBB
119.77,119.78,119.68,119.74,2418,2022-06-28 13:59:00,IBB
119.79,120.03,119.78,119.93,3700,2022-06-28 14:00:00,IBB
119.99,120.1,119.99,120.06,1825,2022-06-28 14:01:00,IBB
119.96,119.97,119.93,119.93,1050,2022-06-28 14:02:00,IBB
119.91,119.91,119.68,119.68,2897,2022-06-28 14:03:00,IBB
119.68,119.71,119.54,119.54,3138,2022-06-28 14:04:00,IBB
119.5219,119.6,119.35,119.39,4534,2022-06-28 14:05:00,IBB
119.35,119.35,119.18,119.2299,5759,2022-06-28 14:06:00,IBB
119.18,119.18,119.12,119.13,9174,2022-06-28 14:07:00,IBB
119.19,119.37,119.19,119.34,2399,2022-06-28 14:08:00,IBB
119.38,119.46,119.38,119.46,400,2022-06-28 14:09:00,IBB
119.34,119.53,119.32,119.53,1050,2022-06-28 14:10:00,IBB
119.57,119.75,119.57,119.7,2699,2022-06-28 14:11:00,IBB
119.75,119.82,119.74,119.75,3100,2022-06-28 14:12:00,IBB
119.7699,119.7699,119.65,119.69,20680,2022-06-28 14:13:00,IBB
119.74,119.77,119.67,119.69,1304,2022-06-28 14:14:00,IBB
119.76,119.8401,119.76,119.8401,1530,2022-06-28 14:15:00,IBB
119.82,119.82,119.82,119.82,100,2022-06-28 14:16:00,IBB
119.82,119.92,119.82,119.92,954,2022-06-28 14:17:00,IBB
119.93,120.0,119.82,119.82,1819,2022-06-28 14:18:00,IBB
119.81,119.95,119.81,119.84,3162,2022-06-28 14:19:00,IBB
119.82,119.89,119.82,119.85,1667,2022-06-28 14:20:00,IBB
119.87,119.87,119.72,119.75,1635,2022-06-28 14:21:00,IBB
119.7417,119.83,119.74,119.7509,4205,2022-06-28 14:22:00,IBB
119.76,119.8,119.66,119.69,3461,2022-06-28 14:23:00,IBB
119.76,119.85,119.76,119.85,400,2022-06-28 14:24:00,IBB
119.77,119.86,119.7601,119.81,1042,2022-06-28 14:25:00,IBB
119.75,119.78,119.69,119.77,1763,2022-06-28 14:26:00,IBB
119.76,119.81,119.76,119.81,400,2022-06-28 14:27:00,IBB
119.74,119.74,119.65,119.69,3100,2022-06-28 14:28:00,IBB
119.7,119.7,119.61,119.61,386,2022-06-28 14:29:00,IBB
119.6,119.62,119.47,119.47,1284,2022-06-28 14:30:00,IBB
119.43,119.43,119.28,119.28,2856,2022-06-28 14:31:00,IBB
119.25,119.27,119.15,119.15,7792,2022-06-28 14:32:00,IBB
119.17,119.37,119.17,119.33,3117,2022-06-28 14:33:00,IBB
119.35,119.51,119.32,119.47,3267,2022-06-28 14:34:00,IBB
119.48,119.59,119.48,119.59,1636,2022-06-28 14:35:00,IBB
119.6,119.6,119.47,119.47,2464,2022-06-28 14:36:00,IBB
119.47,119.47,119.47,119.47,100,2022-06-28 14:37:00,IBB
119.46,119.52,119.43,119.49,1270,2022-06-28 14:38:00,IBB
119.4899,119.4899,119.37,119.38,1500,2022-06-28 14:39:00,IBB
119.36,119.36,119.25,119.25,1545,2022-06-28 14:40:00,IBB
119.26,119.3,119.25,119.28,1500,2022-06-28 14:41:00,IBB
119.28,119.2999,119.09,119.14,3749,2022-06-28 14:42:00,IBB
119.155,119.21,119.11,119.11,3723,2022-06-28 14:43:00,IBB
119.18,119.18,119.18,119.18,300,2022-06-28 14:44:00,IBB
119.19,119.19,119.09,119.09,2699,2022-06-28 14:45:00,IBB
119.09,119.09,118.89,118.9,4897,2022-06-28 14:46:00,IBB
118.8819,118.99,118.8819,118.92,1851,2022-06-28 14:47:00,IBB
118.95,119.04,118.9,118.9089,2195,2022-06-28 14:48:00,IBB
118.96,119.03,118.96,119.01,900,2022-06-28 14:49:00,IBB
118.96,119.05,118.95,119.03,1335,2022-06-28 14:50:00,IBB
119.05,119.08,119.0,119.02,1451,2022-06-28 14:51:00,IBB
118.96,119.01,118.87,118.99,2125,2022-06-28 14:52:00,IBB
118.97,118.97,118.95,118.95,300,2022-06-28 14:53:00,IBB
118.95,119.01,118.94,119.01,900,2022-06-28 14:54:00,IBB
119.02,119.11,119.02,119.11,2231,2022-06-28 14:55:00,IBB
119.13,119.29,119.13,119.21,2800,2022-06-28 14:56:00,IBB
119.21,119.24,119.18,119.2,543,2022-06-28 14:57:00,IBB
119.19,119.21,119.19,119.21,243,2022-06-28 14:58:00,IBB
119.2,119.27,119.2,119.27,2418,2022-06-28 14:59:00,IBB
119.27,119.32,119.22,119.32,2251,2022-06-28 15:00:00,IBB
119.37,119.42,119.31,119.31,800,2022-06-28 15:01:00,IBB
119.37,119.44,119.36,119.42,1726,2022-06-28 15:02:00,IBB
119.43,119.52,119.4,119.52,700,2022-06-28 15:03:00,IBB
119.54,119.63,119.54,119.58,5495,2022-06-28 15:04:00,IBB
119.55,119.6,119.55,119.5802,1000,2022-06-28 15:05:00,IBB
119.55,119.55,119.48,119.48,781,2022-06-28 15:06:00,IBB
119.43,119.45,119.41,119.45,900,2022-06-28 15:07:00,IBB
119.41,119.45,119.3899,119.45,400,2022-06-28 15:08:00,IBB
119.42,119.48,119.4,119.4298,600,2022-06-28 15:09:00,IBB
119.37,119.37,119.32,119.33,400,2022-06-28 15:10:00,IBB
119.38,119.45,119.37,119.45,900,2022-06-28 15:11:00,IBB
119.41,119.44,119.4,119.44,800,2022-06-28 15:12:00,IBB
119.49,119.57,119.49,119.56,430,2022-06-28 15:13:00,IBB
119.6,119.6,119.6,119.6,100,2022-06-28 15:14:00,IBB
119.56,119.56,119.46,119.51,984,2022-06-28 15:15:00,IBB
119.56,119.56,119.42,119.42,960,2022-06-28 15:17:00,IBB
119.4,119.46,119.4,119.46,1075,2022-06-28 15:18:00,IBB
119.44,119.44,119.385,119.385,800,2022-06-28 15:19:00,IBB
119.33,119.36,119.3,119.302,1230,2022-06-28 15:20:00,IBB
119.25,119.26,119.11,119.1101,3697,2022-06-28 15:21:00,IBB
119.11,119.11,119.04,119.04,19019,2022-06-28 15:22:00,IBB
119.04,119.04,118.95,118.95,11112,2022-06-28 15:23:00,IBB
119.02,119.07,118.99,118.99,1811,2022-06-28 15:24:00,IBB
119.0,119.0,118.9,118.93,2100,2022-06-28 15:25:00,IBB
118.88,118.88,118.645,118.69,23715,2022-06-28 15:26:00,IBB
118.6686,118.6686,118.595,118.595,1165,2022-06-28 15:27:00,IBB
118.6,118.62,118.505,118.51,18420,2022-06-28 15:28:00,IBB
118.51,118.53,118.46,118.49,3837,2022-06-28 15:29:00,IBB
118.49,118.56,118.4406,118.56,2770,2022-06-28 15:30:00,IBB
118.56,118.61,118.55,118.61,928,2022-06-28 15:31:00,IBB
118.59,118.61,118.5872,118.592,1300,2022-06-28 15:32:00,IBB
118.65,118.66,118.63,118.63,552,2022-06-28 15:33:00,IBB
118.68,118.68,118.68,118.68,100,2022-06-28 15:34:00,IBB
118.55,118.6021,118.55,118.5715,520,2022-06-28 15:35:00,IBB
118.59,118.61,118.552,118.552,770,2022-06-28 15:36:00,IBB
118.56,118.56,118.46,118.495,1500,2022-06-28 15:37:00,IBB
118.46,118.46,118.322,118.33,3475,2022-06-28 15:38:00,IBB
118.34,118.34,118.26,118.28,7816,2022-06-28 15:39:00,IBB
118.27,118.33,118.16,118.16,4099,2022-06-28 15:40:00,IBB
118.1703,118.23,118.14,118.1589,4340,2022-06-28 15:41:00,IBB
118.14,118.14,118.01,118.01,2917,2022-06-28 15:42:00,IBB
118.01,118.115,118.01,118.1,4541,2022-06-28 15:43:00,IBB
118.09,118.09,118.0,118.0,1786,2022-06-28 15:44:00,IBB
118.02,118.2,117.9828,118.1,6796,2022-06-28 15:45:00,IBB
118.11,118.11,117.99,118.05,3964,2022-06-28 15:46:00,IBB
118.08,118.11,118.05,118.11,2900,2022-06-28 15:47:00,IBB
118.06,118.06,117.95,117.95,2007,2022-06-28 15:48:00,IBB
117.995,118.07,117.95,118.07,1325,2022-06-28 15:49:00,IBB
118.09,118.09,118.0,118.01,3836,2022-06-28 15:50:00,IBB
117.99,118.13,117.98,118.1,4348,2022-06-28 15:51:00,IBB
118.11,118.23,118.02,118.22,6940,2022-06-28 15:52:00,IBB
118.24,118.24,118.1,118.106,2380,2022-06-28 15:53:00,IBB
118.13,118.13,118.02,118.02,7953,2022-06-28 15:54:00,IBB
118.01,118.045,117.96,118.0391,2797,2022-06-28 15:55:00,IBB
118.03,118.03,117.98,117.99,4069,2022-06-28 15:56:00,IBB
118.02,118.14,117.94,118.14,2300,2022-06-28 15:57:00,IBB
118.11,118.11,118.01,118.01,1500,2022-06-28 15:58:00,IBB
118.02,118.02,117.95,117.98,1300,2022-06-28 15:59:00,IBB
117.95,117.95,117.82,117.92,2744,2022-06-28 16:00:00,IBB
117.96,117.98,117.92,117.94,900,2022-06-28 16:01:00,IBB
117.96,117.97,117.86,117.87,1800,2022-06-28 16:02:00,IBB
117.92,117.94,117.8909,117.94,1400,2022-06-28 16:03:00,IBB
117.935,117.95,117.78,117.815,1681,2022-06-28 16:04:00,IBB
117.84,117.9,117.84,117.85,950,2022-06-28 16:05:00,IBB
117.86,117.87,117.86,117.86,423,2022-06-28 16:06:00,IBB
117.8713,118.01,117.8713,118.01,2489,2022-06-28 16:07:00,IBB
118.0,118.02,118.0,118.015,2393,2022-06-28 16:08:00,IBB
118.08,118.18,118.08,118.1,2877,2022-06-28 16:09:00,IBB
118.05,118.07,118.0467,118.07,575,2022-06-28 16:10:00,IBB
118.08,118.13,118.0701,118.13,1200,2022-06-28 16:11:00,IBB
118.11,118.15,118.11,118.12,900,2022-06-28 16:12:00,IBB
118.17,118.17,118.145,118.145,730,2022-06-28 16:13:00,IBB
118.105,118.105,118.02,118.02,1496,2022-06-28 16:14:00,IBB
117.98,117.98,117.94,117.94,1330,2022-06-28 16:15:00,IBB
117.91,117.98,117.9,117.9,1342,2022-06-28 16:16:00,IBB
117.91,117.91,117.74,117.745,2950,2022-06-28 16:17:00,IBB
117.74,117.77,117.7,117.77,2588,2022-06-28 16:18:00,IBB
117.8,117.95,117.8,117.95,1300,2022-06-28 16:19:00,IBB
117.92,117.98,117.92,117.98,521,2022-06-28 16:20:00,IBB
117.97,117.97,117.96,117.96,400,2022-06-28 16:21:00,IBB
117.9501,117.96,117.94,117.96,2008,2022-06-28 16:22:00,IBB
117.96,117.97,117.82,117.89,2618,2022-06-28 16:23:00,IBB
117.89,117.97,117.89,117.92,1700,2022-06-28 16:24:00,IBB
117.93,117.93,117.93,117.93,100,2022-06-28 16:25:00,IBB
117.915,117.92,117.91,117.91,609,2022-06-28 16:26:00,IBB
117.91,118.0,117.91,118.0,800,2022-06-28 16:27:00,IBB
118.07,118.09,118.07,118.08,400,2022-06-28 16:28:00,IBB
118.09,118.1,118.07,118.1,955,2022-06-28 16:29:00,IBB
118.13,118.13,118.0015,118.0015,1337,2022-06-28 16:30:00,IBB
118.0189,118.06,118.0,118.06,2004,2022-06-28 16:31:00,IBB
118.01,118.01,117.96,117.96,300,2022-06-28 16:32:00,IBB
118.02,118.06,118.01,118.01,3360,2022-06-28 16:33:00,IBB
117.99,117.99,117.93,117.95,1037,2022-06-28 16:34:00,IBB
117.9314,117.9314,117.9314,117.9314,102,2022-06-28 16:35:00,IBB
117.92,117.97,117.91,117.9601,3019,2022-06-28 16:36:00,IBB
117.99,118.0,117.98,117.98,749,2022-06-28 16:37:00,IBB
117.9341,118.05,117.9341,118.05,697,2022-06-28 16:38:00,IBB
118.1,118.16,118.1,118.15,5577,2022-06-28 16:39:00,IBB
118.17,118.2,118.17,118.18,300,2022-06-28 16:40:00,IBB
118.3,118.3486,118.24,118.32,1827,2022-06-28 16:41:00,IBB
118.3,118.3,118.26,118.26,600,2022-06-28 16:42:00,IBB
118.24,118.2711,118.22,118.225,1221,2022-06-28 16:43:00,IBB
118.3,118.345,118.3,118.345,1300,2022-06-28 16:44:00,IBB
118.36,118.39,118.34,118.39,1693,2022-06-28 16:45:00,IBB
118.4,118.4,118.36,118.36,519,2022-06-28 16:46:00,IBB
118.38,118.38,118.38,118.38,300,2022-06-28 16:47:00,IBB
118.39,118.39,118.29,118.29,1716,2022-06-28 16:48:00,IBB
118.3,118.325,118.3,118.325,200,2022-06-28 16:49:00,IBB
118.35,118.35,118.3,118.3,200,2022-06-28 16:50:00,IBB
118.34,118.34,118.34,118.34,100,2022-06-28 16:51:00,IBB
118.32,118.37,118.32,118.33,440,2022-06-28 16:52:00,IBB
118.31,118.31,118.29,118.29,300,2022-06-28 16:53:00,IBB
118.24,118.24,118.18,118.18,600,2022-06-28 16:54:00,IBB
118.11,118.18,118.11,118.18,400,2022-06-28 16:55:00,IBB
118.22,118.22,118.14,118.14,539,2022-06-28 16:56:00,IBB
118.12,118.12,118.085,118.1,570,2022-06-28 16:57:00,IBB
118.07,118.07,117.95,118.05,1761,2022-06-28 16:58:00,IBB
118.06,118.06,118.03,118.05,300,2022-06-28 16:59:00,IBB
118.02,118.02,118.01,118.01,206,2022-06-28 17:00:00,IBB
117.98,118.05,117.98,118.05,1103,2022-06-28 17:01:00,IBB
118.02,118.02,117.75,117.94,3533,2022-06-28 17:02:00,IBB
117.94,117.95,117.83,117.83,1105,2022-06-28 17:03:00,IBB
117.84,117.86,117.84,117.86,200,2022-06-28 17:04:00,IBB
117.89,117.89,117.7,117.7,915,2022-06-28 17:05:00,IBB
117.71,117.73,117.71,117.73,600,2022-06-28 17:06:00,IBB
117.65,117.65,117.63,117.63,1036,2022-06-28 17:07:00,IBB
117.65,117.68,117.56,117.57,1306,2022-06-28 17:08:00,IBB
117.58,117.58,117.52,117.52,817,2022-06-28 17:09:00,IBB
117.5,117.51,117.49,117.51,500,2022-06-28 17:10:00,IBB
117.46,117.4889,117.45,117.4889,1050,2022-06-28 17:11:00,IBB
117.425,117.45,117.4,117.4,814,2022-06-28 17:12:00,IBB
117.41,117.5211,117.4,117.45,1894,2022-06-28 17:13:00,IBB
117.5039,117.5039,117.42,117.435,850,2022-06-28 17:14:00,IBB
117.34,117.4158,117.34,117.4158,815,2022-06-28 17:15:00,IBB
117.39,117.42,117.37,117.39,1993,2022-06-28 17:16:00,IBB
117.39,117.42,117.3407,117.3407,2661,2022-06-28 17:17:00,IBB
117.38,117.41,117.3301,117.3301,2322,2022-06-28 17:18:00,IBB
117.31,117.31,117.24,117.2534,1620,2022-06-28 17:19:00,IBB
117.26,117.37,117.24,117.37,1593,2022-06-28 17:20:00,IBB
117.34,117.34,117.2314,117.25,2185,2022-06-28 17:21:00,IBB
117.22,117.27,117.22,117.27,1100,2022-06-28 17:22:00,IBB
117.3,117.325,117.285,117.315,4928,2022-06-28 17:23:00,IBB
117.29,117.35,117.29,117.35,1450,2022-06-28 17:24:00,IBB
117.31,117.32,117.22,117.22,705,2022-06-28 17:25:00,IBB
117.23,117.38,117.23,117.38,1000,2022-06-28 17:26:00,IBB
117.35,117.35,117.285,117.285,506,2022-06-28 17:27:00,IBB
117.24,117.28,117.24,117.28,300,2022-06-28 17:28:00,IBB
117.31,117.37,117.31,117.37,1019,2022-06-28 17:29:00,IBB
117.34,117.34,117.33,117.33,393,2022-06-28 17:30:00,IBB
117.42,117.42,117.38,117.38,400,2022-06-28 17:31:00,IBB
117.375,117.375,117.3701,117.3701,1178,2022-06-28 17:32:00,IBB
117.4,117.4,117.39,117.39,445,2022-06-28 17:33:00,IBB
117.34,117.34,117.34,117.34,100,2022-06-28 17:34:00,IBB
117.285,117.285,117.225,117.23,2500,2022-06-28 17:35:00,IBB
117.17,117.17,117.13,117.13,1499,2022-06-28 17:36:00,IBB
117.12,117.13,117.07,117.07,2080,2022-06-28 17:37:00,IBB
117.0,117.01,116.97,116.97,1493,2022-06-28 17:38:00,IBB
117.0,117.04,116.98,117.04,1100,2022-06-28 17:39:00,IBB
116.96,116.99,116.95,116.99,1344,2022-06-28 17:40:00,IBB
116.98,117.1201,116.98,117.1201,557,2022-06-28 17:41:00,IBB
117.15,117.1799,117.13,117.1799,2631,2022-06-28 17:42:00,IBB
117.11,117.2,117.11,117.2,500,2022-06-28 17:43:00,IBB
117.2199,117.2199,117.16,117.1733,957,2022-06-28 17:44:00,IBB
117.13,117.17,117.12,117.17,800,2022-06-28 17:45:00,IBB
117.21,117.22,117.19,117.22,600,2022-06-28 17:46:00,IBB
117.3272,117.3272,117.27,117.27,454,2022-06-28 17:47:00,IBB
117.23,117.31,117.23,117.31,450,2022-06-28 17:48:00,IBB
117.28,117.28,117.28,117.28,600,2022-06-28 17:49:00,IBB
117.27,117.3,117.27,117.3,400,2022-06-28 17:50:00,IBB
117.37,117.37,117.35,117.35,400,2022-06-28 17:51:00,IBB
117.33,117.33,117.31,117.31,533,2022-06-28 17:52:00,IBB
117.29,117.29,117.19,117.19,1093,2022-06-28 17:53:00,IBB
117.175,117.19,117.15,117.16,1300,2022-06-28 17:54:00,IBB
117.14,117.14,117.07,117.07,1253,2022-06-28 17:55:00,IBB
117.07,117.13,117.04,117.1299,1164,2022-06-28 17:56:00,IBB
117.1394,117.14,117.1394,117.14,2700,2022-06-28 17:57:00,IBB
117.1,117.1,117.04,117.07,2585,2022-06-28 17:58:00,IBB
117.05,117.11,117.01,117.11,1867,2022-06-28 17:59:00,IBB
117.12,117.24,117.05,117.21,1937,2022-06-28 18:00:00,IBB
117.24,117.32,117.23,117.32,800,2022-06-28 18:01:00,IBB
117.35,117.35,117.24,117.24,500,2022-06-28 18:02:00,IBB
117.17,117.17,117.105,117.12,1043,2022-06-28 18:03:00,IBB
117.13,117.14,117.11,117.11,1000,2022-06-28 18:04:00,IBB
117.12,117.12,117.095,117.095,471,2022-06-28 18:05:00,IBB
117.04,117.05,117.04,117.045,800,2022-06-28 18:06:00,IBB
117.05,117.05,116.97,116.99,600,2022-06-28 18:07:00,IBB
116.99,117.04,116.98,117.015,1446,2022-06-28 18:08:00,IBB
117.01,117.01,116.95,117.01,914,2022-06-28 18:09:00,IBB
116.98,117.01,116.88,116.88,11007,2022-06-28 18:10:00,IBB
116.94,117.0,116.91,116.91,1947,2022-06-28 18:11:00,IBB
116.94,116.94,116.94,116.94,200,2022-06-28 18:12:00,IBB
116.92,116.92,116.905,116.905,486,2022-06-28 18:13:00,IBB
116.92,116.96,116.89,116.96,957,2022-06-28 18:14:00,IBB
116.97,116.97,116.94,116.96,1128,2022-06-28 18:15:00,IBB
116.965,117.01,116.95,117.005,998,2022-06-28 18:16:00,IBB
117.04,117.07,116.99,116.99,1648,2022-06-28 18:17:00,IBB
117.0,117.0,116.94,116.96,12015,2022-06-28 18:18:00,IBB
116.9507,116.9507,116.89,116.89,11280,2022-06-28 18:19:00,IBB
116.87,116.9201,116.87,116.9019,2125,2022-06-28 18:20:00,IBB
116.92,116.955,116.92,116.955,700,2022-06-28 18:21:00,IBB
117.0312,117.11,117.0312,117.07,1700,2022-06-28 18:22:00,IBB
117.06,117.0668,117.05,117.06,767,2022-06-28 18:23:00,IBB
117.0713,117.08,117.04,117.04,1300,2022-06-28 18:24:00,IBB
117.0383,117.06,117.02,117.06,480,2022-06-28 18:25:00,IBB
117.13,117.15,117.11,117.11,300,2022-06-28 18:26:00,IBB
117.09,117.13,117.09,117.12,500,2022-06-28 18:27:00,IBB
117.16,117.19,117.13,117.18,2833,2022-06-28 18:28:00,IBB
117.21,117.21,117.17,117.21,1004,2022-06-28 18:29:00,IBB
117.17,117.17,117.13,117.17,800,2022-06-28 18:30:00,IBB
117.18,117.2245,117.17,117.2245,540,2022-06-28 18:31:00,IBB
117.2,117.2,117.14,117.15,973,2022-06-28 18:32:00,IBB
117.15,117.18,117.15,117.17,1195,2022-06-28 18:33:00,IBB
117.15,117.15,117.09,117.108,984,2022-06-28 18:34:00,IBB
117.08,117.08,116.955,116.955,682,2022-06-28 18:35:00,IBB
117.01,117.02,117.0,117.0,500,2022-06-28 18:36:00,IBB
117.015,117.0404,117.015,117.04,840,2022-06-28 18:37:00,IBB
117.0,117.03,116.9943,117.0176,1730,2022-06-28 18:38:00,IBB
116.99,116.99,116.9201,116.94,1521,2022-06-28 18:39:00,IBB
116.98,117.0,116.97,116.98,1600,2022-06-28 18:40:00,IBB
116.96,116.97,116.92,116.94,11884,2022-06-28 18:41:00,IBB
116.93,116.96,116.93,116.95,408,2022-06-28 18:42:00,IBB
116.92,117.02,116.92,117.02,1678,2022-06-28 18:43:00,IBB
117.05,117.06,117.02,117.02,1000,2022-06-28 18:44:00,IBB
117.06,117.08,117.03,117.08,550,2022-06-28 18:45:00,IBB
117.11,117.14,117.11,117.11,900,2022-06-28 18:46:00,IBB
117.14,117.23,117.14,117.23,2000,2022-06-28 18:47:00,IBB
117.18,117.27,117.18,117.27,1737,2022-06-28 18:48:00,IBB
117.29,117.31,117.28,117.31,600,2022-06-28 18:49:00,IBB
117.325,117.34,117.325,117.33,618,2022-06-28 18:50:00,IBB
117.305,117.345,117.28,117.3,1300,2022-06-28 18:51:00,IBB
117.29,117.38,117.29,117.38,1582,2022-06-28 18:52:00,IBB
117.37,117.4,117.35,117.4,500,2022-06-28 18:53:00,IBB
117.3511,117.3563,117.34,117.35,729,2022-06-28 18:54:00,IBB
117.36,117.37,117.28,117.28,1575,2022-06-28 18:55:00,IBB
117.25,117.26,117.21,117.21,5069,2022-06-28 18:56:00,IBB
117.27,117.41,117.27,117.38,64814,2022-06-28 18:57:00,IBB
117.3,117.35,117.3,117.325,1050,2022-06-28 18:58:00,IBB
117.35,117.35,117.299,117.31,3390,2022-06-28 18:59:00,IBB
117.29,117.39,117.29,117.382,1166,2022-06-28 19:00:00,IBB
117.37,117.37,117.28,117.34,1900,2022-06-28 19:01:00,IBB
117.36,117.38,117.3,117.3,1576,2022-06-28 19:02:00,IBB
117.29,117.29,117.13,117.13,1449,2022-06-28 19:03:00,IBB
117.14,117.17,117.1,117.105,721,2022-06-28 19:04:00,IBB
117.08,117.14,117.08,117.13,900,2022-06-28 19:05:00,IBB
117.025,117.1,117.025,117.09,1399,2022-06-28 19:06:00,IBB
117.055,117.07,116.99,116.99,623,2022-06-28 19:07:00,IBB
117.01,117.0275,117.01,117.0275,238,2022-06-28 19:08:00,IBB
117.05,117.07,117.05,117.07,500,2022-06-28 19:09:00,IBB
117.16,117.21,117.16,117.2,814,2022-06-28 19:10:00,IBB
117.24,117.24,117.15,117.15,1057,2022-06-28 19:11:00,IBB
117.21,117.21,117.15,117.17,1700,2022-06-28 19:12:00,IBB
117.14,117.16,117.14,117.16,437,2022-06-28 19:13:00,IBB
117.2,117.32,117.2,117.32,589,2022-06-28 19:14:00,IBB
117.31,117.41,117.3001,117.41,2480,2022-06-28 19:15:00,IBB
117.44,117.55,117.44,117.53,8149,2022-06-28 19:16:00,IBB
117.57,117.6,117.54,117.54,1118,2022-06-28 19:17:00,IBB
117.58,117.63,117.57,117.63,1900,2022-06-28 19:18:00,IBB
117.61,117.64,117.59,117.6,4835,2022-06-28 19:19:00,IBB
117.58,117.6,117.51,117.6,629,2022-06-28 19:20:00,IBB
117.58,117.69,117.57,117.69,794,2022-06-28 19:21:00,IBB
117.685,117.7,117.66,117.66,400,2022-06-28 19:22:00,IBB
117.675,117.725,117.675,117.725,700,2022-06-28 19:23:00,IBB
117.71,117.808,117.705,117.76,5498,2022-06-28 19:24:00,IBB
117.68,117.68,117.68,117.68,200,2022-06-28 19:25:00,IBB
117.8,117.8099,117.75,117.75,1609,2022-06-28 19:26:00,IBB
117.73,117.73,117.62,117.62,1450,2022-06-28 19:27:00,IBB
117.64,117.77,117.64,117.76,5214,2022-06-28 19:28:00,IBB
117.75,117.75,117.7,117.73,812,2022-06-28 19:29:00,IBB
117.69,117.79,117.62,117.64,6651,2022-06-28 19:30:00,IBB
117.62,117.69,117.59,117.69,8063,2022-06-28 19:31:00,IBB
117.7,117.71,117.66,117.71,5000,2022-06-28 19:32:00,IBB
117.71,117.71,117.47,117.47,6893,2022-06-28 19:33:00,IBB
117.48,117.54,117.48,117.49,6734,2022-06-28 19:34:00,IBB
117.52,117.58,117.51,117.58,5042,2022-06-28 19:35:00,IBB
117.57,117.65,117.56,117.58,6166,2022-06-28 19:36:00,IBB
117.56,117.65,117.56,117.65,5200,2022-06-28 19:37:00,IBB
117.63,117.69,117.62,117.67,6851,2022-06-28 19:38:00,IBB
117.64,117.8,117.64,117.8,6345,2022-06-28 19:39:00,IBB
117.79,117.805,117.71,117.71,30057,2022-06-28 19:40:00,IBB
117.69,117.71,117.6228,117.662,6900,2022-06-28 19:41:00,IBB
117.68,117.71,117.61,117.63,5400,2022-06-28 19:42:00,IBB
117.64,117.67,117.59,117.59,7401,2022-06-28 19:43:00,IBB
117.55,117.55,117.46,117.53,7819,2022-06-28 19:44:00,IBB
117.51,117.61,117.49,117.61,5727,2022-06-28 19:45:00,IBB
117.62,117.65,117.54,117.6,6401,2022-06-28 19:46:00,IBB
117.59,117.6,117.455,117.455,6221,2022-06-28 19:47:00,IBB
117.465,117.465,117.38,117.43,7781,2022-06-28 19:48:00,IBB
117.44,117.5,117.38,117.46,7515,2022-06-28 19:49:00,IBB
117.38,117.4,117.24,117.36,23476,2022-06-28 19:50:00,IBB
117.33,117.3599,117.28,117.35,8298,2022-06-28 19:51:00,IBB
117.34,117.4,117.28,117.3,7306,2022-06-28 19:52:00,IBB
117.34,117.37,117.3199,117.35,7116,2022-06-28 19:53:00,IBB
117.32,117.35,117.23,117.35,8856,2022-06-28 19:54:00,IBB
117.34,117.34,117.22,117.3,6483,2022-06-28 19:55:00,IBB
117.25,117.29,117.21,117.25,7600,2022-06-28 19:56:00,IBB
117.27,117.32,117.19,117.19,51520,2022-06-28 19:57:00,IBB
117.2,117.28,117.2,117.26,14798,2022-06-28 19:58:00,IBB
117.25,117.3,117.2,117.26,16612,2022-06-28 19:59:00,IBB
117.36,117.36,117.36,117.36,19498,2022-06-28 20:00:00,IBB
117.26,117.26,117.26,117.26,52339,2022-06-28 20:03:00,IBB
117.36,117.36,117.36,117.36,437,2022-06-28 20:04:00,IBB
117.0,117.0,117.0,117.0,100,2022-06-29 13:08:00,IBB
117.02,117.19,116.97,116.97,13844,2022-06-29 13:30:00,IBB
116.87,117.06,116.76,116.79,3068,2022-06-29 13:31:00,IBB
116.72,116.82,116.66,116.69,1954,2022-06-29 13:32:00,IBB
116.64,116.64,116.44,116.49,3394,2022-06-29 13:33:00,IBB
116.36,116.45,116.35,116.45,709,2022-06-29 13:34:00,IBB
116.45,116.57,116.33,116.57,2244,2022-06-29 13:35:00,IBB
116.52,116.66,116.43,116.53,2824,2022-06-29 13:36:00,IBB
116.53,116.53,116.3,116.34,1383,2022-06-29 13:37:00,IBB
116.4601,116.48,116.31,116.48,1300,2022-06-29 13:38:00,IBB
116.45,116.45,116.325,116.3271,1200,2022-06-29 13:39:00,IBB
116.38,116.38,116.16,116.16,4750,2022-06-29 13:40:00,IBB
116.275,116.45,116.17,116.45,3298,2022-06-29 13:41:00,IBB
116.4256,116.62,116.4256,116.44,2234,2022-06-29 13:42:00,IBB
116.4696,116.47,116.46,116.46,626,2022-06-29 13:43:00,IBB
116.44,116.48,116.36,116.36,300,2022-06-29 13:44:00,IBB
116.32,116.42,116.32,116.42,1383,2022-06-29 13:45:00,IBB
116.25,116.42,116.25,116.42,1500,2022-06-29 13:46:00,IBB
116.43,116.54,116.32,116.48,3125,2022-06-29 13:47:00,IBB
116.41,116.41,116.32,116.32,280,2022-06-29 13:48:00,IBB
116.4,116.422,116.3,116.39,1791,2022-06-29 13:49:00,IBB
116.43,116.6376,116.43,116.6376,1225,2022-06-29 13:50:00,IBB
116.8351,117.14,116.8351,117.14,2900,2022-06-29 13:51:00,IBB
117.25,117.45,117.1439,117.45,1722,2022-06-29 13:52:00,IBB
117.42,117.555,117.42,117.555,1167,2022-06-29 13:53:00,IBB
117.52,117.53,117.41,117.41,1300,2022-06-29 13:54:00,IBB
117.39,117.39,117.12,117.12,2525,2022-06-29 13:55:00,IBB
117.16,117.195,117.06,117.195,1200,2022-06-29 13:56:00,IBB
117.26,117.33,117.22,117.31,4448,2022-06-29 13:57:00,IBB
117.29,117.3,117.08,117.12,2738,2022-06-29 13:58:00,IBB
117.11,117.16,117.09,117.12,3126,2022-06-29 13:59:00,IBB
117.11,117.32,117.11,117.23,2714,2022-06-29 14:00:00,IBB
117.21,117.4,117.19,117.4,882,2022-06-29 14:01:00,IBB
117.46,117.7,117.46,117.6881,2300,2022-06-29 14:02:00,IBB
117.74,117.76,117.69,117.76,1368,2022-06-29 14:03:00,IBB
117.76,117.76,117.65,117.65,600,2022-06-29 14:04:00,IBB
117.6601,117.71,117.51,117.55,2517,2022-06-29 14:05:00,IBB
117.55,117.58,117.48,117.48,3810,2022-06-29 14:06:00,IBB
117.42,117.42,117.31,117.33,2053,2022-06-29 14:07:00,IBB
117.36,117.4,117.33,117.33,300,2022-06-29 14:08:00,IBB
117.26,117.55,117.26,117.51,4356,2022-06-29 14:09:00,IBB
117.49,117.6,117.44,117.59,42544,2022-06-29 14:10:00,IBB
117.62,117.8,117.62,117.76,2235,2022-06-29 14:11:00,IBB
117.77,117.81,117.68,117.81,1115,2022-06-29 14:12:00,IBB
117.75,117.77,117.68,117.68,800,2022-06-29 14:13:00,IBB
117.61,117.71,117.56,117.635,800,2022-06-29 14:14:00,IBB
117.561,117.67,117.561,117.66,7561,2022-06-29 14:15:00,IBB
117.65,117.68,117.44,117.44,13565,2022-06-29 14:16:00,IBB
117.315,117.33,117.3,117.3,1600,2022-06-29 14:17:00,IBB
117.26,117.26,117.2,117.22,825,2022-06-29 14:18:00,IBB
117.16,117.165,117.16,117.165,300,2022-06-29 14:19:00,IBB
117.33,117.36,117.19,117.19,1700,2022-06-29 14:20:00,IBB
117.18,117.2268,117.18,117.225,441,2022-06-29 14:21:00,IBB
117.215,117.215,117.1,117.12,700,2022-06-29 14:22:00,IBB
117.12,117.12,117.12,117.12,396,2022-06-29 14:23:00,IBB
117.13,117.18,117.13,117.18,597,2022-06-29 14:24:00,IBB
117.31,117.48,117.31,117.48,2541,2022-06-29 14:25:00,IBB
117.46,117.47,117.41,117.43,500,2022-06-29 14:26:00,IBB
117.33,117.45,117.33,117.4,5528,2022-06-29 14:27:00,IBB
117.44,117.47,117.3809,117.46,711,2022-06-29 14:28:00,IBB
117.45,117.45,117.45,117.45,100,2022-06-29 14:29:00,IBB
117.5,117.62,117.49,117.49,2039,2022-06-29 14:30:00,IBB
117.67,117.7201,117.67,117.7,975,2022-06-29 14:31:00,IBB
117.5635,117.57,117.44,117.57,830,2022-06-29 14:32:00,IBB
117.55,117.7,117.52,117.52,637,2022-06-29 14:33:00,IBB
117.49,117.49,117.4509,117.4574,1117,2022-06-29 14:34:00,IBB
117.43,117.44,117.39,117.39,700,2022-06-29 14:35:00,IBB
117.4,117.41,117.33,117.33,587,2022-06-29 14:36:00,IBB
117.24,117.24,117.17,117.17,400,2022-06-29 14:37:00,IBB
117.07,117.15,117.07,117.15,300,2022-06-29 14:38:00,IBB
117.16,117.2,117.16,117.2,700,2022-06-29 14:39:00,IBB
117.21,117.27,117.21,117.27,500,2022-06-29 14:40:00,IBB
117.4,117.41,117.4,117.41,778,2022-06-29 14:41:00,IBB
117.63,117.71,117.63,117.69,639,2022-06-29 14:42:00,IBB
117.73,117.73,117.71,117.72,767,2022-06-29 14:43:00,IBB
117.785,117.785,117.785,117.785,200,2022-06-29 14:44:00,IBB
117.815,118.03,117.815,117.98,2416,2022-06-29 14:45:00,IBB
118.0,118.0,117.82,117.82,2548,2022-06-29 14:46:00,IBB
117.98,118.0,117.965,117.965,1400,2022-06-29 14:47:00,IBB
117.91,117.94,117.83,117.83,635,2022-06-29 14:48:00,IBB
117.89,118.02,117.88,117.97,800,2022-06-29 14:49:00,IBB
118.09,118.185,118.0899,118.185,471,2022-06-29 14:50:00,IBB
118.17,118.17,118.06,118.15,1600,2022-06-29 14:51:00,IBB
118.13,118.131,118.11,118.11,1055,2022-06-29 14:52:00,IBB
117.95,117.95,117.88,117.88,800,2022-06-29 14:53:00,IBB
117.86,117.88,117.86,117.88,200,2022-06-29 14:54:00,IBB
117.92,117.92,117.86,117.88,1889,2022-06-29 14:55:00,IBB
117.87,117.94,117.8418,117.94,11050,2022-06-29 14:56:00,IBB
117.84,117.84,117.81,117.81,200,2022-06-29 14:57:00,IBB
117.76,117.76,117.56,117.56,4100,2022-06-29 14:58:00,IBB
117.61,117.69,117.61,117.69,1100,2022-06-29 14:59:00,IBB
117.67,117.69,117.66,117.69,400,2022-06-29 15:00:00,IBB
117.706,117.75,117.706,117.75,1100,2022-06-29 15:01:00,IBB
117.66,117.684,117.57,117.57,1475,2022-06-29 15:02:00,IBB
117.55,117.625,117.55,117.625,1337,2022-06-29 15:03:00,IBB
117.61,117.63,117.59,117.6201,824,2022-06-29 15:04:00,IBB
117.63,117.66,117.55,117.55,3361,2022-06-29 15:05:00,IBB
117.53,117.55,117.49,117.52,1926,2022-06-29 15:06:00,IBB
117.52,117.67,117.5,117.63,2935,2022-06-29 15:07:00,IBB
117.71,117.71,117.65,117.65,300,2022-06-29 15:09:00,IBB
117.55,117.59,117.55,117.5772,800,2022-06-29 15:11:00,IBB
117.5,117.5,117.43,117.43,4945,2022-06-29 15:12:00,IBB
117.43,117.43,117.4,117.4003,300,2022-06-29 15:13:00,IBB
117.38,117.3875,117.38,117.3875,200,2022-06-29 15:14:00,IBB
117.37,117.38,117.3351,117.3351,580,2022-06-29 15:15:00,IBB
117.39,117.46,117.39,117.46,500,2022-06-29 15:16:00,IBB
117.46,117.4827,117.46,117.4827,300,2022-06-29 15:17:00,IBB
117.41,117.41,117.32,117.34,900,2022-06-29 15:18:00,IBB
117.33,117.33,117.3,117.315,7848,2022-06-29 15:19:00,IBB
117.335,117.335,117.24,117.24,900,2022-06-29 15:20:00,IBB
117.22,117.25,117.22,117.25,600,2022-06-29 15:21:00,IBB
117.36,117.44,117.34,117.4,3569,2022-06-29 15:22:00,IBB
117.4,117.4,117.36,117.36,800,2022-06-29 15:23:00,IBB
117.33,117.4,117.3,117.4,800,2022-06-29 15:24:00,IBB
117.43,117.59,117.42,117.59,2300,2022-06-29 15:25:00,IBB
117.56,117.56,117.52,117.53,600,2022-06-29 15:26:00,IBB
117.67,117.73,117.66,117.73,500,2022-06-29 15:27:00,IBB
117.69,117.71,117.68,117.68,400,2022-06-29 15:28:00,IBB
117.66,117.68,117.66,117.68,300,2022-06-29 15:29:00,IBB
117.64,117.64,117.52,117.63,1024,2022-06-29 15:30:00,IBB
117.58,117.5825,117.58,117.5825,310,2022-06-29 15:31:00,IBB
117.58,117.7,117.58,117.686,1600,2022-06-29 15:32:00,IBB
117.7201,117.74,117.68,117.69,1171,2022-06-29 15:33:00,IBB
117.83,117.94,117.83,117.92,1526,2022-06-29 15:34:00,IBB
117.97,118.01,117.9,117.96,2396,2022-06-29 15:35:00,IBB
118.03,118.1,118.01,118.06,800,2022-06-29 15:36:00,IBB
118.06,118.16,118.06,118.16,477,2022-06-29 15:37:00,IBB
118.15,118.17,118.05,118.05,2500,2022-06-29 15:38:00,IBB
118.095,118.13,118.09,118.09,2786,2022-06-29 15:39:00,IBB
118.07,118.1,118.05,118.1,2582,2022-06-29 15:40:00,IBB
118.1,118.17,118.1,118.1,1993,2022-06-29 15:41:00,IBB
118.07,118.1,118.025,118.025,1029,2022-06-29 15:42:00,IBB
118.02,118.08,117.98,118.08,1279,2022-06-29 15:43:00,IBB
118.0621,118.08,118.05,118.055,848,2022-06-29 15:44:00,IBB
118.03,118.03,117.97,117.97,400,2022-06-29 15:45:00,IBB
118.06,118.11,118.0,118.09,896,2022-06-29 15:46:00,IBB
118.1,118.15,118.1,118.15,1597,2022-06-29 15:47:00,IBB
118.15,118.15,118.04,118.04,1061,2022-06-29 15:48:00,IBB
118.0,118.04,117.89,117.972,4661,2022-06-29 15:49:00,IBB
117.94,118.0447,117.94,118.042,423,2022-06-29 15:50:00,IBB
118.05,118.05,118.05,118.05,100,2022-06-29 15:51:00,IBB
118.04,118.08,118.03,118.08,472,2022-06-29 15:52:00,IBB
118.1,118.25,118.09,118.2,2964,2022-06-29 15:53:00,IBB
118.18,118.25,118.18,118.25,574,2022-06-29 15:54:00,IBB
118.16,118.2,118.16,118.2,200,2022-06-29 15:55:00,IBB
118.2,118.2,118.15,118.15,705,2022-06-29 15:56:00,IBB
118.09,118.09,118.09,118.09,100,2022-06-29 15:57:00,IBB
118.04,118.04,118.01,118.01,200,2022-06-29 15:58:00,IBB
118.0,118.01,117.98,117.98,400,2022-06-29 16:00:00,IBB
117.84,117.85,117.82,117.85,400,2022-06-29 16:01:00,IBB
117.95,117.95,117.92,117.92,1100,2022-06-29 16:04:00,IBB
117.9199,117.92,117.82,117.83,1898,2022-06-29 16:05:00,IBB
117.84,117.84,117.82,117.82,200,2022-06-29 16:06:00,IBB
117.85,117.85,117.85,117.85,100,2022-06-29 16:07:00,IBB
117.832,117.85,117.832,117.85,825,2022-06-29 16:08:00,IBB
117.9489,117.9489,117.85,117.85,1012,2022-06-29 16:09:00,IBB
117.86,117.86,117.86,117.86,100,2022-06-29 16:10:00,IBB
117.755,117.78,117.755,117.76,900,2022-06-29 16:11:00,IBB
117.73,117.74,117.61,117.6241,1199,2022-06-29 16:13:00,IBB
117.64,117.68,117.64,117.68,1400,2022-06-29 16:14:00,IBB
117.69,117.75,117.65,117.75,900,2022-06-29 16:15:00,IBB
117.71,117.72,117.574,117.574,1035,2022-06-29 16:16:00,IBB
117.66,117.6601,117.63,117.6601,600,2022-06-29 16:17:00,IBB
117.6533,117.7,117.64,117.7,3488,2022-06-29 16:18:00,IBB
117.71,117.71,117.69,117.69,500,2022-06-29 16:19:00,IBB
117.82,117.82,117.82,117.82,400,2022-06-29 16:20:00,IBB
117.821,117.821,117.821,117.821,200,2022-06-29 16:21:00,IBB
117.8,117.8,117.7,117.7,1500,2022-06-29 16:22:00,IBB
117.68,117.68,117.53,117.55,1910,2022-06-29 16:23:00,IBB
117.55,117.55,117.43,117.45,4822,2022-06-29 16:24:00,IBB
117.43,117.43,117.365,117.4,1589,2022-06-29 16:25:00,IBB
117.39,117.39,117.36,117.36,400,2022-06-29 16:26:00,IBB
117.33,117.3401,117.3,117.3,426,2022-06-29 16:27:00,IBB
117.3,117.42,117.28,117.42,1092,2022-06-29 16:28:00,IBB
117.41,117.41,117.41,117.41,100,2022-06-29 16:29:00,IBB
117.34,117.35,117.34,117.35,400,2022-06-29 16:30:00,IBB
117.4,117.4,117.37,117.39,500,2022-06-29 16:31:00,IBB
117.45,117.49,117.45,117.49,730,2022-06-29 16:32:00,IBB
117.44,117.47,117.39,117.39,707,2022-06-29 16:33:00,IBB
117.47,117.49,117.47,117.49,200,2022-06-29 16:34:00,IBB
117.47,117.55,117.47,117.55,1483,2022-06-29 16:35:00,IBB
117.56,117.68,117.54,117.63,3424,2022-06-29 16:36:00,IBB
117.61,117.61,117.59,117.59,300,2022-06-29 16:37:00,IBB
117.64,117.92,117.63,117.81,5030,2022-06-29 16:38:00,IBB
117.76,117.7714,117.76,117.7714,200,2022-06-29 16:39:00,IBB
117.72,117.74,117.72,117.74,377,2022-06-29 16:40:00,IBB
117.77,117.77,117.77,117.77,100,2022-06-29 16:41:00,IBB
117.7499,117.75,117.72,117.72,300,2022-06-29 16:42:00,IBB
117.78,117.81,117.78,117.81,200,2022-06-29 16:43:00,IBB
117.88,117.885,117.88,117.885,300,2022-06-29 16:46:00,IBB
117.84,117.87,117.84,117.87,200,2022-06-29 16:47:00,IBB
117.88,117.88,117.77,117.77,678,2022-06-29 16:48:00,IBB
117.8,117.83,117.79,117.8,1035,2022-06-29 16:49:00,IBB
117.81,117.84,117.81,117.84,400,2022-06-29 16:50:00,IBB
117.815,117.815,117.7962,117.7962,636,2022-06-29 16:51:00,IBB
117.77,117.79,117.77,117.78,327,2022-06-29 16:52:00,IBB
117.73,117.86,117.73,117.77,2839,2022-06-29 16:53:00,IBB
117.7931,117.7931,117.69,117.7,1300,2022-06-29 16:54:00,IBB
117.71,117.72,117.66,117.66,510,2022-06-29 16:55:00,IBB
117.67,117.755,117.67,117.755,615,2022-06-29 16:56:00,IBB
117.8,117.82,117.79,117.79,448,2022-06-29 16:57:00,IBB
117.79,117.88,117.79,117.88,450,2022-06-29 16:58:00,IBB
117.94,117.97,117.9103,117.93,981,2022-06-29 16:59:00,IBB
117.92,117.96,117.92,117.96,500,2022-06-29 17:00:00,IBB
118.03,118.035,118.03,118.03,600,2022-06-29 17:01:00,IBB
118.04,118.04,118.0268,118.0268,300,2022-06-29 17:02:00,IBB
118.04,118.12,118.02,118.12,1765,2022-06-29 17:03:00,IBB
118.09,118.09,118.04,118.08,514,2022-06-29 17:04:00,IBB
118.1,118.1,118.04,118.04,310,2022-06-29 17:05:00,IBB
118.0,118.07,117.9553,117.97,2308,2022-06-29 17:06:00,IBB
117.97,118.02,117.94,118.02,533,2022-06-29 17:07:00,IBB
118.04,118.04,118.01,118.01,200,2022-06-29 17:08:00,IBB
118.06,118.21,118.06,118.21,4444,2022-06-29 17:09:00,IBB
118.21,118.21,118.21,118.21,140,2022-06-29 17:10:00,IBB
118.16,118.16,118.11,118.11,1678,2022-06-29 17:11:00,IBB
118.05,118.05,117.93,117.93,400,2022-06-29 17:12:00,IBB
117.88,117.89,117.83,117.83,1679,2022-06-29 17:13:00,IBB
117.77,117.85,117.76,117.8,950,2022-06-29 17:14:00,IBB
117.79,117.82,117.74,117.74,5850,2022-06-29 17:15:00,IBB
117.73,117.735,117.69,117.7,11119,2022-06-29 17:16:00,IBB
117.69,117.7458,117.69,117.7458,3149,2022-06-29 17:17:00,IBB
117.71,117.74,117.69,117.72,21806,2022-06-29 17:18:00,IBB
117.71,117.75,117.71,117.71,4037,2022-06-29 17:19:00,IBB
117.72,117.75,117.69,117.69,3200,2022-06-29 17:20:00,IBB
117.69,117.7,117.67,117.7,4443,2022-06-29 17:21:00,IBB
117.7,117.775,117.7,117.775,1100,2022-06-29 17:22:00,IBB
117.8,117.8,117.73,117.735,2983,2022-06-29 17:23:00,IBB
117.73,117.74,117.71,117.71,985,2022-06-29 17:24:00,IBB
117.71,117.71,117.69,117.7,1130,2022-06-29 17:25:00,IBB
117.785,117.785,117.7799,117.7799,400,2022-06-29 17:26:00,IBB
117.79,117.79,117.78,117.785,726,2022-06-29 17:27:00,IBB
117.82,117.88,117.82,117.83,7825,2022-06-29 17:28:00,IBB
117.85,118.02,117.85,117.97,2319,2022-06-29 17:29:00,IBB
117.95,117.96,117.87,117.96,900,2022-06-29 17:30:00,IBB
117.94,117.94,117.88,117.89,500,2022-06-29 17:31:00,IBB
117.88,117.9,117.88,117.9,200,2022-06-29 17:32:00,IBB
117.89,117.89,117.83,117.83,623,2022-06-29 17:33:00,IBB
117.85,117.93,117.85,117.93,400,2022-06-29 17:34:00,IBB
117.92,117.95,117.92,117.95,515,2022-06-29 17:35:00,IBB
117.96,118.01,117.96,118.01,400,2022-06-29 17:36:00,IBB
118.02,118.02,117.98,118.0,1123,2022-06-29 17:37:00,IBB
117.98,117.98,117.9509,117.97,781,2022-06-29 17:38:00,IBB
117.98,118.01,117.97,117.98,1156,2022-06-29 17:39:00,IBB
118.01,118.06,118.01,118.06,700,2022-06-29 17:40:00,IBB
118.12,118.12,118.07,118.08,1603,2022-06-29 17:41:00,IBB
118.07,118.14,118.06,118.14,3272,2022-06-29 17:42:00,IBB
118.17,118.175,118.13,118.14,2167,2022-06-29 17:43:00,IBB
118.11,118.11,118.11,118.11,231,2022-06-29 17:44:00,IBB
118.13,118.13,118.1,118.13,1008,2022-06-29 17:45:00,IBB
118.09,118.09,118.09,118.09,100,2022-06-29 17:46:00,IBB
118.08,118.08,118.0701,118.0701,480,2022-06-29 17:47:00,IBB
118.09,118.09,118.06,118.06,200,2022-06-29 17:48:00,IBB
118.06,118.06,118.04,118.04,742,2022-06-29 17:49:00,IBB
118.01,118.1,118.01,118.1,1964,2022-06-29 17:50:00,IBB
118.11,118.11,118.07,118.07,400,2022-06-29 17:51:00,IBB
118.07,118.07,118.07,118.07,100,2022-06-29 17:52:00,IBB
118.05,118.07,118.05,118.07,200,2022-06-29 17:53:00,IBB
118.08,118.08,118.05,118.05,270,2022-06-29 17:54:00,IBB
118.08,118.19,118.08,118.17,1200,2022-06-29 17:55:00,IBB
118.18,118.24,118.18,118.24,525,2022-06-29 17:56:00,IBB
118.29,118.31,118.26,118.31,1240,2022-06-29 17:57:00,IBB
118.31,118.36,118.31,118.3298,1268,2022-06-29 17:58:00,IBB
118.31,118.31,118.25,118.27,700,2022-06-29 17:59:00,IBB
118.24,118.29,118.24,118.29,1610,2022-06-29 18:00:00,IBB
118.31,118.41,118.28,118.41,1318,2022-06-29 18:01:00,IBB
118.41,118.44,118.37,118.38,946,2022-06-29 18:02:00,IBB
118.41,118.48,118.41,118.48,824,2022-06-29 18:03:00,IBB
118.47,118.51,118.44,118.502,784,2022-06-29 18:04:00,IBB
118.52,118.54,118.51,118.52,1100,2022-06-29 18:05:00,IBB
118.51,118.56,118.51,118.56,1413,2022-06-29 18:06:00,IBB
118.57,118.57,118.44,118.44,2205,2022-06-29 18:07:00,IBB
118.4137,118.49,118.4137,118.49,1276,2022-06-29 18:08:00,IBB
118.48,118.5,118.46,118.5,582,2022-06-29 18:09:00,IBB
118.41,118.41,118.38,118.41,1370,2022-06-29 18:10:00,IBB
118.46,118.46,118.46,118.46,500,2022-06-29 18:11:00,IBB
118.49,118.53,118.49,118.52,800,2022-06-29 18:12:00,IBB
118.54,118.61,118.54,118.61,1800,2022-06-29 18:13:00,IBB
118.567,118.578,118.55,118.55,1222,2022-06-29 18:14:00,IBB
118.54,118.64,118.54,118.61,1913,2022-06-29 18:15:00,IBB
118.61,118.7,118.61,118.69,3410,2022-06-29 18:16:00,IBB
118.67,118.67,118.62,118.62,750,2022-06-29 18:17:00,IBB
118.62,118.62,118.62,118.62,700,2022-06-29 18:18:00,IBB
118.6,118.61,118.55,118.55,1200,2022-06-29 18:19:00,IBB
118.55,118.55,118.53,118.53,1300,2022-06-29 18:20:00,IBB
118.48,118.48,118.432,118.432,370,2022-06-29 18:21:00,IBB
118.41,118.46,118.41,118.46,1297,2022-06-29 18:22:00,IBB
118.41,118.41,118.4,118.4,600,2022-06-29 18:23:00,IBB
118.37,118.37,118.325,118.36,903,2022-06-29 18:24:00,IBB
118.32,118.36,118.31,118.32,1627,2022-06-29 18:25:00,IBB
118.31,118.34,118.31,118.34,2297,2022-06-29 18:26:00,IBB
118.31,118.36,118.28,118.36,2103,2022-06-29 18:27:00,IBB
118.4,118.4,118.36,118.37,940,2022-06-29 18:28:00,IBB
118.42,118.42,118.37,118.38,1162,2022-06-29 18:29:00,IBB
118.36,118.36,118.23,118.23,1000,2022-06-29 18:30:00,IBB
118.19,118.19,118.18,118.18,894,2022-06-29 18:31:00,IBB
118.15,118.15,118.12,118.12,594,2022-06-29 18:32:00,IBB
118.13,118.2,118.13,118.19,600,2022-06-29 18:33:00,IBB
118.17,118.17,118.15,118.16,1310,2022-06-29 18:34:00,IBB
118.15,118.15,118.14,118.145,799,2022-06-29 18:35:00,IBB
118.19,118.19,118.16,118.171,1075,2022-06-29 18:36:00,IBB
118.181,118.181,118.16,118.1668,653,2022-06-29 18:37:00,IBB
118.15,118.21,118.15,118.21,800,2022-06-29 18:38:00,IBB
118.17,118.17,118.145,118.16,1300,2022-06-29 18:39:00,IBB
118.18,118.2001,118.18,118.2,1429,2022-06-29 18:40:00,IBB
118.17,118.17,118.09,118.09,3154,2022-06-29 18:41:00,IBB
118.1008,118.13,118.1,118.13,1336,2022-06-29 18:42:00,IBB
118.18,118.18,118.16,118.16,479,2022-06-29 18:43:00,IBB
118.17,118.1813,118.15,118.15,1080,2022-06-29 18:44:00,IBB
118.17,118.19,118.16,118.17,687,2022-06-29 18:45:00,IBB
118.14,118.16,118.14,118.14,2027,2022-06-29 18:46:00,IBB
118.14,118.14,118.08,118.08,1937,2022-06-29 18:47:00,IBB
118.09,118.1322,118.09,118.11,1017,2022-06-29 18:48:00,IBB
118.115,118.15,118.09,118.09,3014,2022-06-29 18:49:00,IBB
118.08,118.1,118.07,118.1,2685,2022-06-29 18:50:00,IBB
118.13,118.17,118.13,118.17,984,2022-06-29 18:51:00,IBB
118.14,118.15,118.11,118.11,3100,2022-06-29 18:52:00,IBB
118.07,118.07,118.05,118.06,300,2022-06-29 18:53:00,IBB
118.0883,118.12,118.0883,118.12,16305,2022-06-29 18:54:00,IBB
118.13,118.14,118.09,118.09,8352,2022-06-29 18:55:00,IBB
118.08,118.09,118.02,118.07,1705,2022-06-29 18:56:00,IBB
118.07,118.115,118.07,118.1,1045,2022-06-29 18:57:00,IBB
118.09,118.13,118.04,118.05,1900,2022-06-29 18:58:00,IBB
118.0601,118.0601,118.02,118.06,900,2022-06-29 18:59:00,IBB
118.04,118.09,118.03,118.04,1300,2022-06-29 19:00:00,IBB
118.0,118.0,117.9,117.93,1828,2022-06-29 19:01:00,IBB
117.91,117.91,117.86,117.88,1000,2022-06-29 19:02:00,IBB
117.85,117.85,117.82,117.84,1000,2022-06-29 19:03:00,IBB
117.86,117.92,117.86,117.92,638,2022-06-29 19:04:00,IBB
117.93,117.935,117.89,117.89,1568,2022-06-29 19:05:00,IBB
117.96,117.97,117.93,117.94,3183,2022-06-29 19:06:00,IBB
117.92,117.95,117.9,117.9,1473,2022-06-29 19:07:00,IBB
117.92,117.93,117.92,117.93,300,2022-06-29 19:08:00,IBB
117.95,117.97,117.94,117.97,1692,2022-06-29 19:09:00,IBB
117.96,117.96,117.84,117.85,5716,2022-06-29 19:10:00,IBB
117.86,117.866,117.82,117.82,1100,2022-06-29 19:11:00,IBB
117.79,117.912,117.79,117.88,1477,2022-06-29 19:12:00,IBB
117.88,117.93,117.87,117.89,1100,2022-06-29 19:13:00,IBB
117.9,117.9288,117.87,117.87,1517,2022-06-29 19:14:00,IBB
117.85,117.85,117.83,117.84,1472,2022-06-29 19:15:00,IBB
117.87,117.97,117.87,117.93,1707,2022-06-29 19:16:00,IBB
117.9602,118.02,117.9602,118.02,2146,2022-06-29 19:17:00,IBB
118.03,118.04,117.96,117.96,1501,2022-06-29 19:18:00,IBB
117.98,117.98,117.84,117.84,5071,2022-06-29 19:19:00,IBB
117.84,117.92,117.84,117.87,4655,2022-06-29 19:20:00,IBB
117.93,118.01,117.92,118.0,2100,2022-06-29 19:21:00,IBB
118.01,118.01,117.94,117.95,2537,2022-06-29 19:22:00,IBB
117.94,117.95,117.92,117.92,1427,2022-06-29 19:23:00,IBB
117.93,117.95,117.93,117.95,1414,2022-06-29 19:24:00,IBB
117.94,117.96,117.92,117.95,1395,2022-06-29 19:25:00,IBB
117.98,118.06,117.98,118.05,1517,2022-06-29 19:26:00,IBB
118.06,118.09,118.06,118.07,1213,2022-06-29 19:27:00,IBB
118.09,118.12,118.09,118.12,1277,2022-06-29 19:28:00,IBB
118.12,118.2,118.1,118.2,3720,2022-06-29 19:29:00,IBB
118.19,118.19,118.12,118.12,4104,2022-06-29 19:30:00,IBB
118.12,118.12,118.04,118.05,3974,2022-06-29 19:31:00,IBB
118.04,118.04,117.97,117.98,3287,2022-06-29 19:32:00,IBB
117.98,117.98,117.9,117.93,3483,2022-06-29 19:33:00,IBB
117.91,117.91,117.83,117.83,2281,2022-06-29 19:34:00,IBB
117.82,117.82,117.69,117.74,51778,2022-06-29 19:35:00,IBB
117.75,117.77,117.65,117.65,4400,2022-06-29 19:36:00,IBB
117.67,117.67,117.61,117.655,1610,2022-06-29 19:37:00,IBB
117.68,117.68,117.61,117.61,2935,2022-06-29 19:38:00,IBB
117.62,117.65,117.59,117.62,3484,2022-06-29 19:39:00,IBB
117.655,117.67,117.6,117.64,3100,2022-06-29 19:40:00,IBB
117.65,117.7117,117.633,117.7101,2850,2022-06-29 19:41:00,IBB
117.73,117.85,117.72,117.84,2320,2022-06-29 19:42:00,IBB
117.85,117.93,117.8441,117.865,3972,2022-06-29 19:43:00,IBB
117.9,117.91,117.85,117.85,6524,2022-06-29 19:44:00,IBB
117.85,117.9,117.8,117.85,6401,2022-06-29 19:45:00,IBB
117.86,117.87,117.82,117.82,3800,2022-06-29 19:46:00,IBB
117.81,117.81,117.77,117.77,2071,2022-06-29 19:47:00,IBB
117.77,117.85,117.75,117.85,4209,2022-06-29 19:48:00,IBB
117.83,117.9,117.78,117.898,6122,2022-06-29 19:49:00,IBB
117.91,118.06,117.91,117.95,19278,2022-06-29 19:50:00,IBB
117.93,118.0,117.915,117.98,2507,2022-06-29 19:51:00,IBB
117.95,117.96,117.84,117.84,3009,2022-06-29 19:52:00,IBB
117.83,117.89,117.7668,117.7668,6303,2022-06-29 19:53:00,IBB
117.76,117.9,117.76,117.9,9660,2022-06-29 19:54:00,IBB
117.91,118.02,117.91,118.0,7199,2022-06-29 19:55:00,IBB
118.02,118.06,118.0,118.02,7392,2022-06-29 19:56:00,IBB
118.05,118.15,118.05,118.14,7096,2022-06-29 19:57:00,IBB
118.14,118.2,118.14,118.17,8056,2022-06-29 19:58:00,IBB
118.18,118.21,118.09,118.09,12191,2022-06-29 19:59:00,IBB
117.99,117.99,117.99,117.99,9240,2022-06-29 20:00:00,IBB
117.99,117.99,117.99,117.99,2521,2022-06-29 20:08:00,IBB
117.99,117.99,117.99,117.99,179,2022-06-29 20:39:00,IBB
