open,high,low,close,volume,datetime,symbol
8.99,8.99,8.99,8.99,100,2022-06-01 12:49:00,PTGX
8.82,8.865,8.81,8.865,3516,2022-06-01 13:30:00,PTGX
8.83,8.91,8.83,8.91,200,2022-06-01 13:31:00,PTGX
8.905,8.905,8.78,8.78,2957,2022-06-01 13:32:00,PTGX
8.8,8.87,8.77,8.855,2200,2022-06-01 13:33:00,PTGX
8.8,8.93,8.8,8.93,5089,2022-06-01 13:34:00,PTGX
8.91,8.91,8.87,8.91,2549,2022-06-01 13:35:00,PTGX
8.88,8.88,8.86,8.86,200,2022-06-01 13:36:00,PTGX
8.87,8.9,8.87,8.88,400,2022-06-01 13:38:00,PTGX
8.92,8.92,8.92,8.92,100,2022-06-01 13:39:00,PTGX
8.89,8.93,8.89,8.93,500,2022-06-01 13:41:00,PTGX
8.94,8.95,8.88,8.88,1556,2022-06-01 13:42:00,PTGX
8.87,8.87,8.87,8.87,100,2022-06-01 13:43:00,PTGX
8.84,8.84,8.84,8.84,700,2022-06-01 13:44:00,PTGX
8.82,8.82,8.82,8.82,100,2022-06-01 13:46:00,PTGX
8.83,8.83,8.83,8.83,658,2022-06-01 13:47:00,PTGX
8.81,8.81,8.8,8.8,400,2022-06-01 13:49:00,PTGX
8.78,8.78,8.78,8.78,100,2022-06-01 13:50:00,PTGX
8.735,8.735,8.73,8.73,900,2022-06-01 13:52:00,PTGX
8.72,8.72,8.7,8.7,600,2022-06-01 13:53:00,PTGX
8.69,8.69,8.69,8.69,341,2022-06-01 13:54:00,PTGX
8.71,8.72,8.71,8.72,1272,2022-06-01 13:55:00,PTGX
8.73,8.74,8.73,8.74,392,2022-06-01 13:56:00,PTGX
8.755,8.755,8.74,8.74,200,2022-06-01 13:57:00,PTGX
8.74,8.74,8.74,8.74,300,2022-06-01 13:58:00,PTGX
8.72,8.74,8.72,8.73,1000,2022-06-01 14:00:00,PTGX
8.72,8.74,8.72,8.74,1000,2022-06-01 14:01:00,PTGX
8.71,8.72,8.695,8.695,7083,2022-06-01 14:02:00,PTGX
8.68,8.68,8.68,8.68,200,2022-06-01 14:03:00,PTGX
8.675,8.675,8.6475,8.655,500,2022-06-01 14:04:00,PTGX
8.64,8.64,8.62,8.63,400,2022-06-01 14:05:00,PTGX
8.61,8.64,8.61,8.62,1500,2022-06-01 14:06:00,PTGX
8.62,8.62,8.61,8.61,400,2022-06-01 14:08:00,PTGX
8.62,8.62,8.62,8.62,527,2022-06-01 14:09:00,PTGX
8.6,8.605,8.6,8.605,300,2022-06-01 14:10:00,PTGX
8.605,8.65,8.59,8.65,2290,2022-06-01 14:11:00,PTGX
8.62,8.62,8.62,8.62,400,2022-06-01 14:12:00,PTGX
8.62,8.645,8.61,8.645,11200,2022-06-01 14:13:00,PTGX
8.64,8.64,8.64,8.64,218,2022-06-01 14:14:00,PTGX
8.635,8.65,8.62,8.63,5117,2022-06-01 14:15:00,PTGX
8.62,8.63,8.62,8.63,901,2022-06-01 14:16:00,PTGX
8.62,8.62,8.6,8.62,2587,2022-06-01 14:17:00,PTGX
8.625,8.625,8.625,8.625,100,2022-06-01 14:18:00,PTGX
8.62,8.62,8.6,8.605,1100,2022-06-01 14:19:00,PTGX
8.6,8.63,8.6,8.62,1469,2022-06-01 14:20:00,PTGX
8.62,8.62,8.62,8.62,100,2022-06-01 14:21:00,PTGX
8.63,8.6593,8.63,8.6593,1431,2022-06-01 14:22:00,PTGX
8.65,8.65,8.65,8.65,318,2022-06-01 14:23:00,PTGX
8.64,8.64,8.64,8.64,500,2022-06-01 14:24:00,PTGX
8.65,8.65,8.65,8.65,800,2022-06-01 14:25:00,PTGX
8.66,8.67,8.66,8.67,1034,2022-06-01 14:27:00,PTGX
8.68,8.6964,8.68,8.68,1947,2022-06-01 14:28:00,PTGX
8.69,8.73,8.69,8.72,2616,2022-06-01 14:29:00,PTGX
8.75,8.77,8.75,8.77,1158,2022-06-01 14:30:00,PTGX
8.76,8.76,8.74,8.745,5123,2022-06-01 14:31:00,PTGX
8.74,8.74,8.71,8.72,1199,2022-06-01 14:33:00,PTGX
8.71,8.71,8.7,8.71,459,2022-06-01 14:34:00,PTGX
8.705,8.705,8.68,8.68,906,2022-06-01 14:35:00,PTGX
8.68,8.68,8.68,8.68,600,2022-06-01 14:36:00,PTGX
8.69,8.7,8.69,8.7,1401,2022-06-01 14:37:00,PTGX
8.7,8.7,8.69,8.69,2000,2022-06-01 14:38:00,PTGX
8.7,8.7,8.7,8.7,300,2022-06-01 14:39:00,PTGX
8.71,8.73,8.71,8.73,2164,2022-06-01 14:40:00,PTGX
8.74,8.75,8.74,8.75,2946,2022-06-01 14:41:00,PTGX
8.75,8.75,8.75,8.75,1000,2022-06-01 14:42:00,PTGX
8.75,8.75,8.71,8.72,4371,2022-06-01 14:43:00,PTGX
8.72,8.735,8.72,8.735,600,2022-06-01 14:44:00,PTGX
8.71,8.72,8.71,8.72,400,2022-06-01 14:45:00,PTGX
8.73,8.75,8.73,8.74,2971,2022-06-01 14:46:00,PTGX
8.7453,8.7453,8.7453,8.7453,2250,2022-06-01 14:47:00,PTGX
8.75,8.75,8.73,8.73,1125,2022-06-01 14:48:00,PTGX
8.73,8.73,8.73,8.73,100,2022-06-01 14:49:00,PTGX
8.73,8.73,8.705,8.71,1411,2022-06-01 14:50:00,PTGX
8.69,8.72,8.68,8.72,2986,2022-06-01 14:51:00,PTGX
8.73,8.73,8.73,8.73,1130,2022-06-01 14:52:00,PTGX
8.72,8.73,8.72,8.73,500,2022-06-01 14:53:00,PTGX
8.74,8.75,8.74,8.75,2233,2022-06-01 14:54:00,PTGX
8.74,8.74,8.73,8.74,1400,2022-06-01 14:55:00,PTGX
8.74,8.74,8.74,8.74,100,2022-06-01 14:56:00,PTGX
8.73,8.74,8.72,8.72,785,2022-06-01 14:57:00,PTGX
8.71,8.71,8.69,8.69,1079,2022-06-01 14:58:00,PTGX
8.67,8.67,8.66,8.66,1606,2022-06-01 14:59:00,PTGX
8.66,8.66,8.64,8.64,310,2022-06-01 15:00:00,PTGX
8.63,8.63,8.63,8.63,400,2022-06-01 15:01:00,PTGX
8.62,8.62,8.62,8.62,200,2022-06-01 15:02:00,PTGX
8.62,8.64,8.61,8.62,6918,2022-06-01 15:03:00,PTGX
8.62,8.63,8.62,8.625,1006,2022-06-01 15:04:00,PTGX
8.625,8.65,8.625,8.635,1436,2022-06-01 15:05:00,PTGX
8.64,8.64,8.64,8.64,200,2022-06-01 15:06:00,PTGX
8.63,8.63,8.62,8.62,600,2022-06-01 15:07:00,PTGX
8.625,8.625,8.625,8.625,100,2022-06-01 15:08:00,PTGX
8.62,8.62,8.61,8.61,700,2022-06-01 15:09:00,PTGX
8.62,8.63,8.62,8.63,900,2022-06-01 15:10:00,PTGX
8.63,8.63,8.62,8.62,1002,2022-06-01 15:11:00,PTGX
8.615,8.615,8.6,8.6,400,2022-06-01 15:12:00,PTGX
8.6,8.6,8.6,8.6,503,2022-06-01 15:13:00,PTGX
8.6,8.6099,8.6,8.6099,756,2022-06-01 15:14:00,PTGX
8.6,8.6,8.57,8.57,1628,2022-06-01 15:15:00,PTGX
8.55,8.56,8.55,8.56,200,2022-06-01 15:16:00,PTGX
8.56,8.58,8.55,8.575,6493,2022-06-01 15:17:00,PTGX
8.57,8.57,8.57,8.57,135,2022-06-01 15:18:00,PTGX
8.57,8.59,8.57,8.58,1612,2022-06-01 15:19:00,PTGX
8.56,8.57,8.51,8.51,4128,2022-06-01 15:20:00,PTGX
8.53,8.53,8.53,8.53,1500,2022-06-01 15:21:00,PTGX
8.54,8.54,8.53,8.53,200,2022-06-01 15:22:00,PTGX
8.52,8.53,8.5,8.5,1228,2022-06-01 15:23:00,PTGX
8.49,8.51,8.49,8.51,3330,2022-06-01 15:24:00,PTGX
8.48,8.49,8.48,8.49,300,2022-06-01 15:26:00,PTGX
8.48,8.48,8.48,8.48,100,2022-06-01 15:27:00,PTGX
8.48,8.5,8.48,8.5,1078,2022-06-01 15:28:00,PTGX
8.495,8.5,8.495,8.5,200,2022-06-01 15:29:00,PTGX
8.51,8.52,8.49,8.49,2825,2022-06-01 15:30:00,PTGX
8.49,8.5,8.49,8.5,400,2022-06-01 15:31:00,PTGX
8.5,8.5,8.49,8.5,300,2022-06-01 15:32:00,PTGX
8.49,8.49,8.48,8.48,1475,2022-06-01 15:33:00,PTGX
8.49,8.5,8.49,8.49,700,2022-06-01 15:34:00,PTGX
8.47,8.47,8.46,8.47,3580,2022-06-01 15:35:00,PTGX
8.45,8.46,8.42,8.42,1800,2022-06-01 15:37:00,PTGX
8.44,8.44,8.44,8.44,600,2022-06-01 15:38:00,PTGX
8.44,8.44,8.43,8.43,1521,2022-06-01 15:39:00,PTGX
8.43,8.43,8.43,8.43,200,2022-06-01 15:40:00,PTGX
8.44,8.45,8.44,8.44,730,2022-06-01 15:41:00,PTGX
8.43,8.43,8.43,8.43,100,2022-06-01 15:42:00,PTGX
8.42,8.45,8.42,8.45,1201,2022-06-01 15:43:00,PTGX
8.43,8.44,8.43,8.43,1000,2022-06-01 15:44:00,PTGX
8.42,8.44,8.42,8.44,800,2022-06-01 15:45:00,PTGX
8.45,8.45,8.45,8.45,400,2022-06-01 15:46:00,PTGX
8.45,8.45,8.445,8.445,494,2022-06-01 15:47:00,PTGX
8.45,8.45,8.45,8.45,300,2022-06-01 15:48:00,PTGX
8.45,8.45,8.44,8.44,1051,2022-06-01 15:49:00,PTGX
8.43,8.43,8.43,8.43,1054,2022-06-01 15:50:00,PTGX
8.41,8.41,8.41,8.41,100,2022-06-01 15:51:00,PTGX
8.42,8.42,8.42,8.42,510,2022-06-01 15:52:00,PTGX
8.415,8.415,8.415,8.415,100,2022-06-01 15:53:00,PTGX
8.41,8.41,8.36,8.405,14906,2022-06-01 15:54:00,PTGX
8.405,8.41,8.405,8.41,1300,2022-06-01 15:55:00,PTGX
8.41,8.42,8.41,8.42,869,2022-06-01 15:56:00,PTGX
8.41,8.41,8.4,8.4,1600,2022-06-01 15:57:00,PTGX
8.38,8.38,8.37,8.37,1616,2022-06-01 15:58:00,PTGX
8.35,8.35,8.35,8.35,200,2022-06-01 15:59:00,PTGX
8.36,8.36,8.35,8.36,400,2022-06-01 16:00:00,PTGX
8.36,8.36,8.36,8.36,510,2022-06-01 16:01:00,PTGX
8.36,8.38,8.36,8.38,2666,2022-06-01 16:02:00,PTGX
8.38,8.38,8.38,8.38,800,2022-06-01 16:04:00,PTGX
8.39,8.405,8.39,8.405,758,2022-06-01 16:05:00,PTGX
8.4,8.4,8.4,8.4,300,2022-06-01 16:06:00,PTGX
8.41,8.41,8.41,8.41,1381,2022-06-01 16:08:00,PTGX
8.41,8.42,8.41,8.42,500,2022-06-01 16:09:00,PTGX
8.42,8.42,8.41,8.42,800,2022-06-01 16:10:00,PTGX
8.42,8.42,8.42,8.42,100,2022-06-01 16:11:00,PTGX
8.4,8.41,8.4,8.405,1504,2022-06-01 16:12:00,PTGX
8.39,8.39,8.39,8.39,360,2022-06-01 16:13:00,PTGX
8.385,8.39,8.385,8.39,400,2022-06-01 16:14:00,PTGX
8.4,8.4,8.385,8.39,1714,2022-06-01 16:15:00,PTGX
8.39,8.415,8.39,8.41,2966,2022-06-01 16:16:00,PTGX
8.41,8.41,8.4,8.4,200,2022-06-01 16:17:00,PTGX
8.4,8.4,8.4,8.4,100,2022-06-01 16:18:00,PTGX
8.4,8.41,8.395,8.41,1000,2022-06-01 16:19:00,PTGX
8.4,8.41,8.4,8.41,200,2022-06-01 16:20:00,PTGX
8.4,8.43,8.39,8.43,8306,2022-06-01 16:21:00,PTGX
8.42,8.435,8.42,8.435,729,2022-06-01 16:22:00,PTGX
8.43,8.44,8.43,8.4394,620,2022-06-01 16:23:00,PTGX
8.43,8.435,8.43,8.435,200,2022-06-01 16:24:00,PTGX
8.43,8.43,8.42,8.43,990,2022-06-01 16:25:00,PTGX
8.425,8.425,8.41,8.41,300,2022-06-01 16:26:00,PTGX
8.415,8.42,8.41,8.415,900,2022-06-01 16:27:00,PTGX
8.41,8.42,8.405,8.42,900,2022-06-01 16:28:00,PTGX
8.42,8.42,8.4,8.4,2939,2022-06-01 16:29:00,PTGX
8.38,8.38,8.38,8.38,300,2022-06-01 16:30:00,PTGX
8.39,8.4,8.39,8.4,703,2022-06-01 16:31:00,PTGX
8.41,8.42,8.4,8.415,1811,2022-06-01 16:33:00,PTGX
8.4,8.4,8.4,8.4,100,2022-06-01 16:34:00,PTGX
8.395,8.395,8.395,8.395,100,2022-06-01 16:35:00,PTGX
8.41,8.41,8.39,8.39,1605,2022-06-01 16:36:00,PTGX
8.38,8.4,8.37,8.37,800,2022-06-01 16:38:00,PTGX
8.38,8.39,8.38,8.38,1085,2022-06-01 16:39:00,PTGX
8.39,8.39,8.39,8.39,100,2022-06-01 16:40:00,PTGX
8.39,8.39,8.39,8.39,300,2022-06-01 16:41:00,PTGX
8.38,8.38,8.36,8.37,2474,2022-06-01 16:42:00,PTGX
8.36,8.36,8.35,8.355,823,2022-06-01 16:43:00,PTGX
8.34,8.35,8.34,8.35,800,2022-06-01 16:44:00,PTGX
8.335,8.34,8.335,8.34,399,2022-06-01 16:45:00,PTGX
8.345,8.355,8.345,8.355,2199,2022-06-01 16:46:00,PTGX
8.35,8.355,8.35,8.355,1022,2022-06-01 16:47:00,PTGX
8.35,8.35,8.315,8.315,2658,2022-06-01 16:48:00,PTGX
8.32,8.33,8.32,8.32,1042,2022-06-01 16:49:00,PTGX
8.33,8.33,8.33,8.33,100,2022-06-01 16:50:00,PTGX
8.32,8.32,8.32,8.32,100,2022-06-01 16:51:00,PTGX
8.33,8.35,8.33,8.35,900,2022-06-01 16:52:00,PTGX
8.36,8.37,8.36,8.37,700,2022-06-01 16:53:00,PTGX
8.38,8.38,8.37,8.37,300,2022-06-01 16:54:00,PTGX
8.375,8.38,8.375,8.38,200,2022-06-01 16:56:00,PTGX
8.385,8.385,8.38,8.38,900,2022-06-01 16:57:00,PTGX
8.37,8.39,8.37,8.38,1615,2022-06-01 16:58:00,PTGX
8.38,8.385,8.38,8.385,400,2022-06-01 16:59:00,PTGX
8.385,8.39,8.375,8.39,2201,2022-06-01 17:00:00,PTGX
8.38,8.39,8.38,8.38,300,2022-06-01 17:01:00,PTGX
8.38,8.3806,8.37,8.38,4875,2022-06-01 17:02:00,PTGX
8.37,8.38,8.37,8.375,1006,2022-06-01 17:03:00,PTGX
8.37,8.37,8.35,8.35,1380,2022-06-01 17:04:00,PTGX
8.34,8.34,8.34,8.34,219,2022-06-01 17:05:00,PTGX
8.35,8.35,8.33,8.34,6603,2022-06-01 17:06:00,PTGX
8.34,8.35,8.34,8.35,2937,2022-06-01 17:07:00,PTGX
8.35,8.351,8.34,8.34,1674,2022-06-01 17:08:00,PTGX
8.34,8.34,8.32,8.32,1571,2022-06-01 17:09:00,PTGX
8.32,8.33,8.32,8.33,828,2022-06-01 17:10:00,PTGX
8.33,8.339,8.33,8.339,875,2022-06-01 17:11:00,PTGX
8.33,8.33,8.33,8.33,200,2022-06-01 17:12:00,PTGX
8.32,8.325,8.32,8.325,300,2022-06-01 17:13:00,PTGX
8.3288,8.3288,8.315,8.315,2126,2022-06-01 17:14:00,PTGX
8.32,8.33,8.32,8.33,3339,2022-06-01 17:16:00,PTGX
8.34,8.35,8.34,8.35,1000,2022-06-01 17:17:00,PTGX
8.355,8.355,8.35,8.35,1000,2022-06-01 17:18:00,PTGX
8.35,8.36,8.35,8.36,942,2022-06-01 17:19:00,PTGX
8.37,8.38,8.37,8.38,1555,2022-06-01 17:20:00,PTGX
8.39,8.4,8.39,8.4,400,2022-06-01 17:21:00,PTGX
8.39,8.395,8.39,8.391,1990,2022-06-01 17:22:00,PTGX
8.39,8.39,8.38,8.38,2013,2022-06-01 17:23:00,PTGX
8.38,8.39,8.38,8.39,612,2022-06-01 17:25:00,PTGX
8.39,8.42,8.39,8.42,1100,2022-06-01 17:26:00,PTGX
8.42,8.42,8.42,8.42,500,2022-06-01 17:27:00,PTGX
8.42,8.42,8.4,8.415,1686,2022-06-01 17:28:00,PTGX
8.415,8.415,8.41,8.41,754,2022-06-01 17:29:00,PTGX
8.4,8.4,8.39,8.39,2367,2022-06-01 17:30:00,PTGX
8.39,8.39,8.39,8.39,727,2022-06-01 17:31:00,PTGX
8.39,8.395,8.39,8.39,1800,2022-06-01 17:32:00,PTGX
8.4,8.4,8.4,8.4,1818,2022-06-01 17:33:00,PTGX
8.4,8.4,8.4,8.4,100,2022-06-01 17:34:00,PTGX
8.41,8.41,8.41,8.41,916,2022-06-01 17:35:00,PTGX
8.42,8.42,8.42,8.42,445,2022-06-01 17:36:00,PTGX
8.425,8.425,8.42,8.42,1179,2022-06-01 17:37:00,PTGX
8.43,8.47,8.43,8.47,1700,2022-06-01 17:38:00,PTGX
8.47,8.48,8.47,8.48,200,2022-06-01 17:39:00,PTGX
8.48,8.48,8.48,8.48,800,2022-06-01 17:40:00,PTGX
8.49,8.49,8.48,8.48,726,2022-06-01 17:41:00,PTGX
8.47,8.48,8.47,8.48,1484,2022-06-01 17:42:00,PTGX
8.48,8.48,8.475,8.475,1100,2022-06-01 17:43:00,PTGX
8.475,8.475,8.475,8.475,1990,2022-06-01 17:44:00,PTGX
8.48,8.485,8.48,8.485,700,2022-06-01 17:45:00,PTGX
8.485,8.495,8.485,8.495,1559,2022-06-01 17:46:00,PTGX
8.495,8.495,8.48,8.48,2071,2022-06-01 17:47:00,PTGX
8.48,8.48,8.47,8.48,1101,2022-06-01 17:48:00,PTGX
8.48,8.49,8.48,8.49,1185,2022-06-01 17:49:00,PTGX
8.495,8.495,8.495,8.495,100,2022-06-01 17:50:00,PTGX
8.49,8.49,8.48,8.48,1797,2022-06-01 17:51:00,PTGX
8.48,8.48,8.46,8.46,1966,2022-06-01 17:54:00,PTGX
8.459,8.46,8.459,8.46,1578,2022-06-01 17:55:00,PTGX
8.46,8.47,8.46,8.47,1012,2022-06-01 17:57:00,PTGX
8.47,8.47,8.47,8.47,100,2022-06-01 17:58:00,PTGX
8.46,8.465,8.445,8.445,1906,2022-06-01 17:59:00,PTGX
8.44,8.48,8.44,8.48,1440,2022-06-01 18:00:00,PTGX
8.47,8.47,8.47,8.47,200,2022-06-01 18:01:00,PTGX
8.46,8.46,8.45,8.45,1365,2022-06-01 18:02:00,PTGX
8.45,8.45,8.45,8.45,100,2022-06-01 18:03:00,PTGX
8.46,8.46,8.45,8.45,2621,2022-06-01 18:04:00,PTGX
8.45,8.45,8.44,8.44,3442,2022-06-01 18:05:00,PTGX
8.44,8.44,8.43,8.43,1127,2022-06-01 18:06:00,PTGX
8.425,8.43,8.425,8.43,500,2022-06-01 18:07:00,PTGX
8.44,8.44,8.4389,8.4389,1329,2022-06-01 18:08:00,PTGX
8.45,8.45,8.445,8.445,529,2022-06-01 18:09:00,PTGX
8.44,8.4425,8.44,8.4425,200,2022-06-01 18:10:00,PTGX
8.44,8.44,8.435,8.435,955,2022-06-01 18:11:00,PTGX
8.45,8.45,8.445,8.445,400,2022-06-01 18:12:00,PTGX
8.45,8.46,8.445,8.445,1400,2022-06-01 18:13:00,PTGX
8.45,8.45,8.45,8.45,300,2022-06-01 18:14:00,PTGX
8.44,8.4425,8.435,8.44,1479,2022-06-01 18:15:00,PTGX
8.44,8.4425,8.43,8.43,3622,2022-06-01 18:17:00,PTGX
8.43,8.43,8.43,8.43,983,2022-06-01 18:18:00,PTGX
8.42,8.42,8.42,8.42,400,2022-06-01 18:19:00,PTGX
8.4,8.4,8.4,8.4,100,2022-06-01 18:20:00,PTGX
8.41,8.415,8.41,8.41,913,2022-06-01 18:21:00,PTGX
8.42,8.42,8.41,8.42,4319,2022-06-01 18:22:00,PTGX
8.425,8.435,8.425,8.435,1201,2022-06-01 18:23:00,PTGX
8.435,8.45,8.435,8.45,1200,2022-06-01 18:25:00,PTGX
8.45,8.45,8.45,8.45,2474,2022-06-01 18:26:00,PTGX
8.445,8.45,8.44,8.45,1656,2022-06-01 18:27:00,PTGX
8.448,8.448,8.448,8.448,152,2022-06-01 18:28:00,PTGX
8.445,8.445,8.445,8.445,100,2022-06-01 18:29:00,PTGX
8.45,8.45,8.45,8.45,3161,2022-06-01 18:30:00,PTGX
8.445,8.445,8.445,8.445,400,2022-06-01 18:31:00,PTGX
8.44,8.44,8.43,8.44,4188,2022-06-01 18:32:00,PTGX
8.45,8.45,8.45,8.45,2127,2022-06-01 18:33:00,PTGX
8.45,8.45,8.445,8.445,2770,2022-06-01 18:35:00,PTGX
8.45,8.455,8.45,8.455,2324,2022-06-01 18:36:00,PTGX
8.46,8.5,8.46,8.5,1559,2022-06-01 18:37:00,PTGX
8.491,8.495,8.49,8.49,1874,2022-06-01 18:39:00,PTGX
8.499,8.5,8.499,8.5,310,2022-06-01 18:40:00,PTGX
8.5,8.51,8.5,8.51,501,2022-06-01 18:41:00,PTGX
8.52,8.53,8.52,8.52,400,2022-06-01 18:42:00,PTGX
8.54,8.55,8.54,8.55,200,2022-06-01 18:43:00,PTGX
8.55,8.5578,8.55,8.5578,727,2022-06-01 18:44:00,PTGX
8.55,8.55,8.54,8.54,996,2022-06-01 18:45:00,PTGX
8.54,8.55,8.54,8.55,400,2022-06-01 18:46:00,PTGX
8.55,8.57,8.55,8.56,2199,2022-06-01 18:47:00,PTGX
8.56,8.56,8.54,8.54,2740,2022-06-01 18:48:00,PTGX
8.55,8.55,8.55,8.55,300,2022-06-01 18:49:00,PTGX
8.54,8.5425,8.535,8.535,1500,2022-06-01 18:50:00,PTGX
8.53,8.53,8.52,8.52,2008,2022-06-01 18:51:00,PTGX
8.52,8.535,8.52,8.535,1046,2022-06-01 18:52:00,PTGX
8.54,8.54,8.52,8.52,1873,2022-06-01 18:53:00,PTGX
8.51,8.52,8.51,8.52,480,2022-06-01 18:54:00,PTGX
8.52,8.535,8.52,8.535,824,2022-06-01 18:55:00,PTGX
8.53,8.53,8.525,8.525,873,2022-06-01 18:56:00,PTGX
8.52,8.525,8.52,8.52,1900,2022-06-01 18:57:00,PTGX
8.515,8.52,8.515,8.52,449,2022-06-01 18:58:00,PTGX
8.53,8.54,8.53,8.54,2798,2022-06-01 18:59:00,PTGX
8.54,8.54,8.54,8.54,100,2022-06-01 19:00:00,PTGX
8.545,8.545,8.545,8.545,100,2022-06-01 19:01:00,PTGX
8.545,8.545,8.52,8.52,3165,2022-06-01 19:02:00,PTGX
8.52,8.52,8.51,8.51,4611,2022-06-01 19:03:00,PTGX
8.52,8.52,8.52,8.52,700,2022-06-01 19:04:00,PTGX
8.53,8.53,8.525,8.525,900,2022-06-01 19:05:00,PTGX
8.53,8.53,8.53,8.53,908,2022-06-01 19:06:00,PTGX
8.53,8.53,8.53,8.53,100,2022-06-01 19:07:00,PTGX
8.53,8.55,8.53,8.55,1200,2022-06-01 19:08:00,PTGX
8.55,8.55,8.55,8.55,500,2022-06-01 19:09:00,PTGX
8.55,8.56,8.55,8.56,200,2022-06-01 19:10:00,PTGX
8.56,8.57,8.55,8.56,3867,2022-06-01 19:11:00,PTGX
8.56,8.58,8.56,8.575,1017,2022-06-01 19:12:00,PTGX
8.58,8.58,8.58,8.58,300,2022-06-01 19:13:00,PTGX
8.58,8.58,8.58,8.58,100,2022-06-01 19:14:00,PTGX
8.58,8.58,8.565,8.565,3012,2022-06-01 19:15:00,PTGX
8.57,8.58,8.57,8.58,900,2022-06-01 19:16:00,PTGX
8.575,8.585,8.575,8.58,627,2022-06-01 19:17:00,PTGX
8.57,8.57,8.56,8.56,1300,2022-06-01 19:18:00,PTGX
8.565,8.575,8.565,8.575,900,2022-06-01 19:19:00,PTGX
8.58,8.585,8.575,8.58,1400,2022-06-01 19:20:00,PTGX
8.575,8.575,8.57,8.575,400,2022-06-01 19:21:00,PTGX
8.58,8.585,8.58,8.585,815,2022-06-01 19:22:00,PTGX
8.585,8.585,8.575,8.575,700,2022-06-01 19:23:00,PTGX
8.57,8.59,8.565,8.59,3113,2022-06-01 19:24:00,PTGX
8.58,8.58,8.571,8.58,1400,2022-06-01 19:25:00,PTGX
8.575,8.59,8.575,8.585,800,2022-06-01 19:26:00,PTGX
8.58,8.58,8.56,8.57,3361,2022-06-01 19:27:00,PTGX
8.57,8.58,8.565,8.575,886,2022-06-01 19:28:00,PTGX
8.575,8.61,8.575,8.605,1500,2022-06-01 19:29:00,PTGX
8.6,8.6,8.58,8.58,4020,2022-06-01 19:30:00,PTGX
8.571,8.571,8.571,8.571,100,2022-06-01 19:31:00,PTGX
8.575,8.58,8.56,8.56,3985,2022-06-01 19:32:00,PTGX
8.555,8.555,8.54,8.54,707,2022-06-01 19:33:00,PTGX
8.54,8.54,8.54,8.54,1081,2022-06-01 19:34:00,PTGX
8.535,8.54,8.53,8.53,1697,2022-06-01 19:35:00,PTGX
8.52,8.52,8.51,8.52,2434,2022-06-01 19:36:00,PTGX
8.52,8.525,8.515,8.52,900,2022-06-01 19:37:00,PTGX
8.515,8.52,8.515,8.515,1045,2022-06-01 19:38:00,PTGX
8.51,8.515,8.51,8.515,1987,2022-06-01 19:39:00,PTGX
8.515,8.525,8.505,8.51,3888,2022-06-01 19:40:00,PTGX
8.51,8.53,8.51,8.525,2471,2022-06-01 19:41:00,PTGX
8.525,8.525,8.525,8.525,1000,2022-06-01 19:42:00,PTGX
8.525,8.535,8.52,8.525,3033,2022-06-01 19:43:00,PTGX
8.525,8.53,8.52,8.52,940,2022-06-01 19:44:00,PTGX
8.52,8.53,8.51,8.53,6739,2022-06-01 19:45:00,PTGX
8.53,8.55,8.53,8.545,2150,2022-06-01 19:46:00,PTGX
8.545,8.56,8.545,8.56,4858,2022-06-01 19:47:00,PTGX
8.555,8.56,8.555,8.56,1700,2022-06-01 19:48:00,PTGX
8.56,8.58,8.56,8.575,1878,2022-06-01 19:49:00,PTGX
8.58,8.58,8.55,8.555,10590,2022-06-01 19:50:00,PTGX
8.555,8.56,8.555,8.56,700,2022-06-01 19:51:00,PTGX
8.56,8.57,8.56,8.565,3154,2022-06-01 19:52:00,PTGX
8.57,8.57,8.541,8.541,5781,2022-06-01 19:53:00,PTGX
8.545,8.55,8.54,8.545,2801,2022-06-01 19:54:00,PTGX
8.545,8.55,8.531,8.55,6392,2022-06-01 19:55:00,PTGX
8.545,8.565,8.54,8.56,12224,2022-06-01 19:56:00,PTGX
8.555,8.57,8.55,8.57,13099,2022-06-01 19:57:00,PTGX
8.57,8.58,8.56,8.58,20233,2022-06-01 19:58:00,PTGX
8.57,8.58,8.54,8.55,26217,2022-06-01 19:59:00,PTGX
8.53,8.53,8.53,8.53,91296,2022-06-01 20:00:00,PTGX
8.53,8.53,8.53,8.53,137,2022-06-01 20:01:00,PTGX
8.11,8.11,8.11,8.11,100,2022-06-01 20:50:00,PTGX
8.54,8.54,8.41,8.41,6196,2022-06-02 13:30:00,PTGX
8.54,8.54,8.48,8.54,711,2022-06-02 13:31:00,PTGX
8.535,8.535,8.46,8.465,1444,2022-06-02 13:32:00,PTGX
8.47,8.475,8.47,8.475,500,2022-06-02 13:34:00,PTGX
8.45,8.475,8.44,8.46,1100,2022-06-02 13:36:00,PTGX
8.49,8.51,8.49,8.51,400,2022-06-02 13:39:00,PTGX
8.54,8.54,8.48,8.49,1400,2022-06-02 13:40:00,PTGX
8.49,8.5,8.47,8.47,1332,2022-06-02 13:41:00,PTGX
8.51,8.53,8.51,8.53,658,2022-06-02 13:42:00,PTGX
8.545,8.56,8.545,8.56,675,2022-06-02 13:43:00,PTGX
8.59,8.59,8.59,8.59,100,2022-06-02 13:44:00,PTGX
8.61,8.61,8.605,8.605,200,2022-06-02 13:45:00,PTGX
8.62,8.62,8.6,8.6,400,2022-06-02 13:46:00,PTGX
8.61,8.61,8.57,8.58,1400,2022-06-02 13:47:00,PTGX
8.56,8.56,8.55,8.55,417,2022-06-02 13:48:00,PTGX
8.57,8.6,8.57,8.6,500,2022-06-02 13:49:00,PTGX
8.64,8.65,8.63,8.65,300,2022-06-02 13:50:00,PTGX
8.62,8.63,8.6,8.6,1790,2022-06-02 13:51:00,PTGX
8.605,8.62,8.605,8.615,725,2022-06-02 13:52:00,PTGX
8.63,8.64,8.63,8.64,200,2022-06-02 13:53:00,PTGX
8.64,8.64,8.62,8.62,1600,2022-06-02 13:54:00,PTGX
8.61,8.615,8.58,8.58,2472,2022-06-02 13:55:00,PTGX
8.57,8.57,8.57,8.57,1014,2022-06-02 13:56:00,PTGX
8.56,8.56,8.56,8.56,100,2022-06-02 13:57:00,PTGX
8.54,8.58,8.54,8.57,1240,2022-06-02 13:58:00,PTGX
8.58,8.6,8.58,8.6,879,2022-06-02 13:59:00,PTGX
8.619,8.645,8.619,8.645,925,2022-06-02 14:00:00,PTGX
8.66,8.7,8.66,8.67,1939,2022-06-02 14:01:00,PTGX
8.65,8.679,8.65,8.679,500,2022-06-02 14:02:00,PTGX
8.67,8.67,8.64,8.64,700,2022-06-02 14:03:00,PTGX
8.645,8.65,8.63,8.65,800,2022-06-02 14:06:00,PTGX
8.65,8.66,8.65,8.65,1235,2022-06-02 14:07:00,PTGX
8.63,8.64,8.625,8.64,550,2022-06-02 14:08:00,PTGX
8.64,8.64,8.635,8.635,400,2022-06-02 14:09:00,PTGX
8.64,8.64,8.63,8.63,1400,2022-06-02 14:10:00,PTGX
8.65,8.66,8.64,8.649,1734,2022-06-02 14:11:00,PTGX
8.64,8.645,8.635,8.635,602,2022-06-02 14:12:00,PTGX
8.63,8.65,8.63,8.65,1393,2022-06-02 14:13:00,PTGX
8.655,8.67,8.655,8.665,1300,2022-06-02 14:14:00,PTGX
8.66,8.69,8.66,8.69,300,2022-06-02 14:15:00,PTGX
8.68,8.695,8.68,8.695,500,2022-06-02 14:16:00,PTGX
8.7,8.7,8.7,8.7,400,2022-06-02 14:17:00,PTGX
8.7,8.715,8.7,8.715,300,2022-06-02 14:18:00,PTGX
8.7,8.7,8.67,8.68,1500,2022-06-02 14:19:00,PTGX
8.67,8.68,8.67,8.67,598,2022-06-02 14:20:00,PTGX
8.66,8.66,8.64,8.64,300,2022-06-02 14:21:00,PTGX
8.63,8.64,8.61,8.61,700,2022-06-02 14:23:00,PTGX
8.62,8.62,8.61,8.61,1868,2022-06-02 14:24:00,PTGX
8.61,8.61,8.61,8.61,100,2022-06-02 14:27:00,PTGX
8.625,8.625,8.625,8.625,100,2022-06-02 14:28:00,PTGX
8.625,8.64,8.625,8.63,900,2022-06-02 14:29:00,PTGX
8.65,8.6546,8.65,8.6546,550,2022-06-02 14:30:00,PTGX
8.655,8.67,8.65,8.67,800,2022-06-02 14:31:00,PTGX
8.69,8.69,8.69,8.69,300,2022-06-02 14:32:00,PTGX
8.68,8.68,8.66,8.67,2190,2022-06-02 14:33:00,PTGX
8.68,8.695,8.68,8.695,300,2022-06-02 14:34:00,PTGX
8.7,8.7,8.7,8.7,746,2022-06-02 14:35:00,PTGX
8.7,8.71,8.69,8.71,1334,2022-06-02 14:36:00,PTGX
8.71,8.71,8.69,8.695,1200,2022-06-02 14:37:00,PTGX
8.71,8.73,8.71,8.73,1065,2022-06-02 14:38:00,PTGX
8.72,8.72,8.72,8.72,100,2022-06-02 14:39:00,PTGX
8.73,8.73,8.71,8.71,998,2022-06-02 14:40:00,PTGX
8.72,8.73,8.72,8.73,200,2022-06-02 14:41:00,PTGX
8.74,8.75,8.74,8.75,2601,2022-06-02 14:42:00,PTGX
8.76,8.76,8.76,8.76,100,2022-06-02 14:43:00,PTGX
8.76,8.79,8.76,8.77,2002,2022-06-02 14:44:00,PTGX
8.76,8.76,8.75,8.76,1550,2022-06-02 14:45:00,PTGX
8.76,8.76,8.76,8.76,600,2022-06-02 14:46:00,PTGX
8.75,8.75,8.75,8.75,1200,2022-06-02 14:47:00,PTGX
8.77,8.775,8.77,8.775,1100,2022-06-02 14:48:00,PTGX
8.775,8.775,8.77,8.77,500,2022-06-02 14:49:00,PTGX
8.76,8.76,8.74,8.75,2470,2022-06-02 14:50:00,PTGX
8.75,8.768,8.75,8.768,1000,2022-06-02 14:51:00,PTGX
8.76,8.76,8.76,8.76,100,2022-06-02 14:52:00,PTGX
8.75,8.76,8.75,8.76,500,2022-06-02 14:53:00,PTGX
8.76,8.78,8.75,8.78,1462,2022-06-02 14:55:00,PTGX
8.78,8.78,8.78,8.78,7600,2022-06-02 14:56:00,PTGX
8.775,8.82,8.775,8.82,1935,2022-06-02 14:57:00,PTGX
8.81,8.81,8.8,8.805,3392,2022-06-02 14:58:00,PTGX
8.82,8.8328,8.82,8.8328,717,2022-06-02 14:59:00,PTGX
8.82,8.83,8.82,8.83,806,2022-06-02 15:00:00,PTGX
8.83,8.83,8.83,8.83,100,2022-06-02 15:02:00,PTGX
8.83,8.83,8.82,8.82,1024,2022-06-02 15:03:00,PTGX
8.82,8.825,8.8,8.81,5837,2022-06-02 15:04:00,PTGX
8.8,8.8,8.76,8.76,1947,2022-06-02 15:05:00,PTGX
8.77,8.77,8.77,8.77,100,2022-06-02 15:06:00,PTGX
8.76,8.76,8.76,8.76,200,2022-06-02 15:07:00,PTGX
8.76,8.77,8.75,8.77,1294,2022-06-02 15:08:00,PTGX
8.77,8.79,8.77,8.78,3039,2022-06-02 15:10:00,PTGX
8.7976,8.7976,8.7976,8.7976,227,2022-06-02 15:11:00,PTGX
8.78,8.78,8.78,8.78,100,2022-06-02 15:13:00,PTGX
8.8,8.805,8.8,8.8,3507,2022-06-02 15:15:00,PTGX
8.8,8.8,8.8,8.8,400,2022-06-02 15:16:00,PTGX
8.79,8.79,8.76,8.76,2827,2022-06-02 15:17:00,PTGX
8.76,8.76,8.76,8.76,500,2022-06-02 15:18:00,PTGX
8.75,8.75,8.75,8.75,100,2022-06-02 15:19:00,PTGX
8.76,8.77,8.75,8.77,2057,2022-06-02 15:20:00,PTGX
8.79,8.79,8.79,8.79,100,2022-06-02 15:23:00,PTGX
8.79,8.79,8.79,8.79,100,2022-06-02 15:25:00,PTGX
8.78,8.81,8.78,8.81,2556,2022-06-02 15:26:00,PTGX
8.81,8.81,8.79,8.7922,2000,2022-06-02 15:27:00,PTGX
8.79,8.79,8.78,8.79,1573,2022-06-02 15:28:00,PTGX
8.8,8.8,8.8,8.8,1100,2022-06-02 15:29:00,PTGX
8.8,8.8,8.8,8.8,400,2022-06-02 15:31:00,PTGX
8.8,8.81,8.8,8.81,500,2022-06-02 15:33:00,PTGX
8.82,8.82,8.82,8.82,913,2022-06-02 15:34:00,PTGX
8.81,8.81,8.8,8.8,782,2022-06-02 15:35:00,PTGX
8.79,8.79,8.79,8.79,685,2022-06-02 15:36:00,PTGX
8.799,8.81,8.799,8.81,720,2022-06-02 15:38:00,PTGX
8.8,8.8,8.8,8.8,500,2022-06-02 15:39:00,PTGX
8.81,8.82,8.81,8.82,500,2022-06-02 15:41:00,PTGX
8.82,8.83,8.82,8.83,400,2022-06-02 15:42:00,PTGX
8.84,8.84,8.84,8.84,200,2022-06-02 15:43:00,PTGX
8.855,8.855,8.855,8.855,320,2022-06-02 15:45:00,PTGX
8.85,8.86,8.85,8.86,500,2022-06-02 15:46:00,PTGX
8.855,8.855,8.85,8.85,1114,2022-06-02 15:48:00,PTGX
8.86,8.86,8.85,8.85,500,2022-06-02 15:49:00,PTGX
8.84,8.84,8.83,8.83,300,2022-06-02 15:50:00,PTGX
8.84,8.84,8.84,8.84,500,2022-06-02 15:51:00,PTGX
8.84,8.85,8.84,8.85,414,2022-06-02 15:52:00,PTGX
8.86,8.86,8.86,8.86,100,2022-06-02 15:53:00,PTGX
8.85,8.87,8.85,8.86,1423,2022-06-02 15:54:00,PTGX
8.865,8.865,8.865,8.865,100,2022-06-02 15:55:00,PTGX
8.865,8.87,8.86,8.87,300,2022-06-02 15:56:00,PTGX
8.85,8.85,8.84,8.84,2936,2022-06-02 15:57:00,PTGX
8.855,8.855,8.855,8.855,220,2022-06-02 16:00:00,PTGX
8.84,8.84,8.83,8.84,1000,2022-06-02 16:01:00,PTGX
8.86,8.86,8.86,8.86,416,2022-06-02 16:03:00,PTGX
8.86,8.86,8.86,8.86,100,2022-06-02 16:04:00,PTGX
8.869,8.869,8.855,8.855,500,2022-06-02 16:05:00,PTGX
8.855,8.87,8.85,8.87,400,2022-06-02 16:07:00,PTGX
8.865,8.865,8.865,8.865,500,2022-06-02 16:09:00,PTGX
8.87,8.88,8.87,8.88,1501,2022-06-02 16:10:00,PTGX
8.88,8.88,8.88,8.88,200,2022-06-02 16:12:00,PTGX
8.87,8.87,8.87,8.87,1157,2022-06-02 16:13:00,PTGX
8.88,8.88,8.88,8.88,100,2022-06-02 16:14:00,PTGX
8.885,8.885,8.885,8.885,200,2022-06-02 16:15:00,PTGX
8.89,8.9,8.89,8.9,1000,2022-06-02 16:16:00,PTGX
8.9,8.9,8.9,8.9,200,2022-06-02 16:17:00,PTGX
8.91,8.91,8.9,8.91,300,2022-06-02 16:18:00,PTGX
8.905,8.905,8.9,8.9,600,2022-06-02 16:19:00,PTGX
8.89,8.89,8.88,8.89,800,2022-06-02 16:20:00,PTGX
8.9,8.9,8.9,8.9,100,2022-06-02 16:22:00,PTGX
8.9,8.9,8.9,8.9,400,2022-06-02 16:23:00,PTGX
8.91,8.91,8.91,8.91,200,2022-06-02 16:24:00,PTGX
8.915,8.915,8.915,8.915,200,2022-06-02 16:25:00,PTGX
8.93,8.93,8.92,8.92,954,2022-06-02 16:27:00,PTGX
8.93,8.94,8.93,8.94,888,2022-06-02 16:28:00,PTGX
8.935,8.95,8.93,8.93,4477,2022-06-02 16:30:00,PTGX
8.935,8.935,8.935,8.935,200,2022-06-02 16:31:00,PTGX
8.93,8.935,8.925,8.935,1208,2022-06-02 16:33:00,PTGX
8.94,8.945,8.94,8.945,395,2022-06-02 16:35:00,PTGX
8.9509,8.9509,8.95,8.95,1278,2022-06-02 16:36:00,PTGX
8.95,8.95,8.95,8.95,300,2022-06-02 16:37:00,PTGX
8.95,8.97,8.95,8.97,1864,2022-06-02 16:38:00,PTGX
8.98,8.98,8.96,8.96,724,2022-06-02 16:41:00,PTGX
8.96,8.96,8.95,8.95,300,2022-06-02 16:42:00,PTGX
8.94,8.94,8.94,8.94,200,2022-06-02 16:43:00,PTGX
8.94,8.94,8.93,8.939,700,2022-06-02 16:46:00,PTGX
8.935,8.935,8.935,8.935,100,2022-06-02 16:48:00,PTGX
8.94,8.95,8.94,8.95,600,2022-06-02 16:50:00,PTGX
8.96,8.97,8.96,8.97,700,2022-06-02 16:52:00,PTGX
8.97,8.97,8.97,8.97,200,2022-06-02 16:54:00,PTGX
8.975,8.975,8.94,8.94,1201,2022-06-02 16:55:00,PTGX
8.945,8.945,8.945,8.945,100,2022-06-02 16:56:00,PTGX
8.94,8.94,8.94,8.94,100,2022-06-02 16:57:00,PTGX
8.93,8.94,8.93,8.93,1079,2022-06-02 16:58:00,PTGX
8.93,8.935,8.925,8.935,802,2022-06-02 16:59:00,PTGX
8.949,8.949,8.949,8.949,100,2022-06-02 17:01:00,PTGX
8.93,8.93,8.93,8.93,600,2022-06-02 17:02:00,PTGX
8.94,8.95,8.94,8.95,600,2022-06-02 17:03:00,PTGX
8.9414,8.9414,8.94,8.94,500,2022-06-02 17:04:00,PTGX
8.949,8.95,8.949,8.95,200,2022-06-02 17:06:00,PTGX
8.95,8.955,8.95,8.95,1000,2022-06-02 17:07:00,PTGX
8.93,8.94,8.92,8.93,2726,2022-06-02 17:09:00,PTGX
8.92,8.92,8.92,8.92,100,2022-06-02 17:10:00,PTGX
8.91,8.91,8.91,8.91,400,2022-06-02 17:11:00,PTGX
8.91,8.91,8.91,8.91,300,2022-06-02 17:12:00,PTGX
8.91,8.91,8.89,8.891,2282,2022-06-02 17:13:00,PTGX
8.89,8.9,8.89,8.9,1394,2022-06-02 17:14:00,PTGX
8.9,8.9,8.9,8.9,100,2022-06-02 17:15:00,PTGX
8.9,8.9,8.9,8.9,100,2022-06-02 17:16:00,PTGX
8.91,8.92,8.91,8.915,1000,2022-06-02 17:17:00,PTGX
8.92,8.93,8.92,8.93,400,2022-06-02 17:18:00,PTGX
8.92,8.92,8.91,8.915,1793,2022-06-02 17:20:00,PTGX
8.92,8.92,8.92,8.92,100,2022-06-02 17:21:00,PTGX
8.93,8.93,8.93,8.93,100,2022-06-02 17:23:00,PTGX
8.93,8.93,8.93,8.93,100,2022-06-02 17:24:00,PTGX
8.93,8.93,8.93,8.93,200,2022-06-02 17:25:00,PTGX
8.93,8.93,8.93,8.93,200,2022-06-02 17:27:00,PTGX
8.92,8.92,8.92,8.92,100,2022-06-02 17:28:00,PTGX
8.93,8.94,8.93,8.94,1666,2022-06-02 17:29:00,PTGX
8.945,8.95,8.945,8.95,400,2022-06-02 17:31:00,PTGX
8.95,8.95,8.95,8.95,650,2022-06-02 17:32:00,PTGX
8.969,8.97,8.965,8.97,400,2022-06-02 17:33:00,PTGX
8.98,8.98,8.98,8.98,200,2022-06-02 17:34:00,PTGX
8.98,8.98,8.9701,8.9701,638,2022-06-02 17:35:00,PTGX
8.98,8.98,8.98,8.98,100,2022-06-02 17:36:00,PTGX
8.98,8.98,8.97,8.97,2000,2022-06-02 17:37:00,PTGX
8.965,8.965,8.965,8.965,100,2022-06-02 17:38:00,PTGX
8.97,8.97,8.97,8.97,200,2022-06-02 17:39:00,PTGX
8.97,8.97,8.97,8.97,100,2022-06-02 17:40:00,PTGX
8.965,8.965,8.965,8.965,200,2022-06-02 17:42:00,PTGX
8.96,8.96,8.95,8.95,1490,2022-06-02 17:43:00,PTGX
8.96,8.965,8.96,8.965,837,2022-06-02 17:44:00,PTGX
8.97,8.97,8.97,8.97,100,2022-06-02 17:47:00,PTGX
8.97,8.97,8.97,8.97,100,2022-06-02 17:48:00,PTGX
8.97,8.97,8.97,8.97,100,2022-06-02 17:49:00,PTGX
8.98,8.98,8.98,8.98,1351,2022-06-02 17:50:00,PTGX
8.99,8.99,8.99,8.99,300,2022-06-02 17:51:00,PTGX
8.98,8.98,8.98,8.98,400,2022-06-02 17:52:00,PTGX
8.975,8.98,8.975,8.98,300,2022-06-02 17:53:00,PTGX
8.98,8.98,8.98,8.98,200,2022-06-02 17:54:00,PTGX
8.98,8.98,8.96,8.97,1797,2022-06-02 17:55:00,PTGX
8.965,8.965,8.965,8.965,100,2022-06-02 17:56:00,PTGX
8.97,8.975,8.97,8.975,400,2022-06-02 17:57:00,PTGX
8.98,8.985,8.975,8.98,2359,2022-06-02 17:58:00,PTGX
8.98,8.98,8.98,8.98,100,2022-06-02 17:59:00,PTGX
8.99,8.995,8.99,8.995,800,2022-06-02 18:01:00,PTGX
8.995,8.995,8.995,8.995,100,2022-06-02 18:02:00,PTGX
8.995,9.005,8.995,9.0,2800,2022-06-02 18:04:00,PTGX
9.0,9.0,8.99,8.99,1154,2022-06-02 18:05:00,PTGX
9.0,9.0,9.0,9.0,100,2022-06-02 18:06:00,PTGX
8.99,8.999,8.99,8.999,292,2022-06-02 18:08:00,PTGX
9.0,9.0,9.0,9.0,1000,2022-06-02 18:09:00,PTGX
9.0,9.0,9.0,9.0,100,2022-06-02 18:10:00,PTGX
9.0,9.005,9.0,9.0,1453,2022-06-02 18:11:00,PTGX
8.99,8.99,8.99,8.99,1236,2022-06-02 18:12:00,PTGX
9.0,9.005,9.0,9.005,1300,2022-06-02 18:13:00,PTGX
9.005,9.005,9.005,9.005,190,2022-06-02 18:14:00,PTGX
9.0,9.0,8.975,8.975,1500,2022-06-02 18:15:00,PTGX
8.975,8.975,8.9608,8.9608,1160,2022-06-02 18:16:00,PTGX
8.96,8.96,8.96,8.96,100,2022-06-02 18:17:00,PTGX
8.96,8.96,8.96,8.96,300,2022-06-02 18:18:00,PTGX
8.95,8.965,8.95,8.965,1100,2022-06-02 18:19:00,PTGX
8.965,8.965,8.965,8.965,100,2022-06-02 18:21:00,PTGX
8.97,8.988,8.97,8.98,1650,2022-06-02 18:23:00,PTGX
8.98,8.985,8.98,8.985,400,2022-06-02 18:24:00,PTGX
8.98,8.98,8.971,8.971,700,2022-06-02 18:25:00,PTGX
8.98,8.98,8.98,8.98,901,2022-06-02 18:27:00,PTGX
8.97,8.97,8.96,8.96,900,2022-06-02 18:28:00,PTGX
8.96,8.96,8.96,8.96,100,2022-06-02 18:29:00,PTGX
8.97,8.97,8.97,8.97,400,2022-06-02 18:30:00,PTGX
8.97,8.97,8.97,8.97,400,2022-06-02 18:31:00,PTGX
8.97,8.97,8.97,8.97,100,2022-06-02 18:32:00,PTGX
8.965,8.965,8.96,8.965,300,2022-06-02 18:33:00,PTGX
8.965,8.98,8.965,8.98,300,2022-06-02 18:34:00,PTGX
8.98,8.98,8.98,8.98,200,2022-06-02 18:35:00,PTGX
8.98,8.98,8.975,8.975,1100,2022-06-02 18:37:00,PTGX
8.98,8.985,8.97,8.97,2613,2022-06-02 18:38:00,PTGX
8.97,8.97,8.96,8.96,200,2022-06-02 18:41:00,PTGX
8.97,8.97,8.958,8.96,1000,2022-06-02 18:42:00,PTGX
8.955,8.955,8.95,8.95,500,2022-06-02 18:43:00,PTGX
8.945,8.945,8.945,8.945,300,2022-06-02 18:44:00,PTGX
8.945,8.945,8.945,8.945,100,2022-06-02 18:45:00,PTGX
8.945,8.945,8.945,8.945,100,2022-06-02 18:46:00,PTGX
8.945,8.945,8.945,8.945,100,2022-06-02 18:47:00,PTGX
8.945,8.945,8.945,8.945,100,2022-06-02 18:48:00,PTGX
8.94,8.94,8.93,8.93,1021,2022-06-02 18:49:00,PTGX
8.93,8.94,8.92,8.92,800,2022-06-02 18:50:00,PTGX
8.9225,8.9225,8.9225,8.9225,206,2022-06-02 18:51:00,PTGX
8.92,8.94,8.92,8.94,2196,2022-06-02 18:52:00,PTGX
8.945,8.945,8.945,8.945,100,2022-06-02 18:54:00,PTGX
8.94,8.94,8.93,8.935,1200,2022-06-02 18:56:00,PTGX
8.93,8.93,8.91,8.92,1905,2022-06-02 18:57:00,PTGX
8.91,8.91,8.91,8.91,400,2022-06-02 18:58:00,PTGX
8.92,8.92,8.91,8.91,200,2022-06-02 18:59:00,PTGX
8.91,8.92,8.9,8.91,500,2022-06-02 19:00:00,PTGX
8.91,8.91,8.89,8.89,1492,2022-06-02 19:01:00,PTGX
8.88,8.89,8.88,8.89,1203,2022-06-02 19:02:00,PTGX
8.9,8.92,8.9,8.92,2628,2022-06-02 19:03:00,PTGX
8.9,8.91,8.9,8.9,1000,2022-06-02 19:04:00,PTGX
8.9,8.9,8.9,8.9,500,2022-06-02 19:06:00,PTGX
8.89,8.89,8.89,8.89,1200,2022-06-02 19:07:00,PTGX
8.89,8.895,8.89,8.895,734,2022-06-02 19:08:00,PTGX
8.895,8.91,8.895,8.91,907,2022-06-02 19:09:00,PTGX
8.91,8.91,8.91,8.91,200,2022-06-02 19:11:00,PTGX
8.91,8.91,8.9,8.9,1275,2022-06-02 19:13:00,PTGX
8.9,8.9,8.9,8.9,100,2022-06-02 19:14:00,PTGX
8.91,8.91,8.91,8.91,3476,2022-06-02 19:15:00,PTGX
8.91,8.91,8.9,8.9,600,2022-06-02 19:16:00,PTGX
8.91,8.91,8.905,8.905,300,2022-06-02 19:17:00,PTGX
8.91,8.92,8.91,8.91,747,2022-06-02 19:18:00,PTGX
8.92,8.92,8.91,8.91,1200,2022-06-02 19:20:00,PTGX
8.905,8.905,8.905,8.905,100,2022-06-02 19:21:00,PTGX
8.9,8.9,8.89,8.89,1800,2022-06-02 19:22:00,PTGX
8.899,8.899,8.899,8.899,100,2022-06-02 19:23:00,PTGX
8.895,8.895,8.895,8.895,100,2022-06-02 19:24:00,PTGX
8.9,8.909,8.9,8.905,2455,2022-06-02 19:25:00,PTGX
8.9,8.9,8.885,8.885,2554,2022-06-02 19:26:00,PTGX
8.88,8.88,8.865,8.865,1709,2022-06-02 19:27:00,PTGX
8.865,8.865,8.865,8.865,100,2022-06-02 19:28:00,PTGX
8.865,8.875,8.861,8.875,1804,2022-06-02 19:29:00,PTGX
8.87,8.875,8.87,8.87,1200,2022-06-02 19:30:00,PTGX
8.87,8.875,8.87,8.875,900,2022-06-02 19:31:00,PTGX
8.875,8.875,8.87,8.87,1200,2022-06-02 19:32:00,PTGX
8.87,8.87,8.87,8.87,400,2022-06-02 19:33:00,PTGX
8.865,8.875,8.86,8.86,1100,2022-06-02 19:34:00,PTGX
8.87,8.87,8.86,8.87,2500,2022-06-02 19:35:00,PTGX
8.88,8.895,8.88,8.895,1300,2022-06-02 19:36:00,PTGX
8.89,8.895,8.89,8.895,400,2022-06-02 19:37:00,PTGX
8.89,8.89,8.89,8.89,787,2022-06-02 19:39:00,PTGX
8.9,8.905,8.9,8.9,1000,2022-06-02 19:40:00,PTGX
8.9,8.905,8.9,8.905,410,2022-06-02 19:41:00,PTGX
8.905,8.905,8.905,8.905,100,2022-06-02 19:42:00,PTGX
8.91,8.92,8.91,8.92,2495,2022-06-02 19:43:00,PTGX
8.92,8.935,8.92,8.93,3317,2022-06-02 19:44:00,PTGX
8.931,8.935,8.93,8.935,900,2022-06-02 19:45:00,PTGX
8.935,8.935,8.93,8.93,1828,2022-06-02 19:46:00,PTGX
8.925,8.925,8.911,8.911,2185,2022-06-02 19:47:00,PTGX
8.92,8.92,8.915,8.92,1900,2022-06-02 19:48:00,PTGX
8.92,8.94,8.92,8.94,2486,2022-06-02 19:49:00,PTGX
8.94,8.96,8.94,8.96,2092,2022-06-02 19:50:00,PTGX
8.96,9.0,8.96,8.97,11703,2022-06-02 19:51:00,PTGX
8.97,8.99,8.965,8.985,7540,2022-06-02 19:52:00,PTGX
8.99,9.005,8.99,8.99,8685,2022-06-02 19:53:00,PTGX
8.985,9.0,8.985,8.995,6941,2022-06-02 19:54:00,PTGX
9.0,9.0,8.99,8.995,8346,2022-06-02 19:55:00,PTGX
8.995,9.005,8.99,9.005,15645,2022-06-02 19:56:00,PTGX
9.005,9.01,8.995,8.995,18379,2022-06-02 19:57:00,PTGX
9.0,9.01,8.995,9.005,10031,2022-06-02 19:58:00,PTGX
9.0,9.005,8.98,8.99,19950,2022-06-02 19:59:00,PTGX
8.99,8.99,8.99,8.99,68039,2022-06-02 20:00:00,PTGX
8.99,8.99,8.99,8.99,131,2022-06-02 20:01:00,PTGX
9.43,9.43,9.43,9.43,149,2022-06-02 20:02:00,PTGX
8.82,8.82,8.67,8.67,6832,2022-06-03 13:30:00,PTGX
8.9,9.0,8.71,8.91,700,2022-06-03 13:31:00,PTGX
8.75,8.84,8.75,8.76,4270,2022-06-03 13:32:00,PTGX
8.85,8.86,8.85,8.86,200,2022-06-03 13:34:00,PTGX
8.84,8.9,8.84,8.9,1200,2022-06-03 13:35:00,PTGX
8.87,8.91,8.87,8.91,500,2022-06-03 13:36:00,PTGX
8.91,8.91,8.91,8.91,100,2022-06-03 13:37:00,PTGX
8.95,8.95,8.925,8.925,200,2022-06-03 13:38:00,PTGX
8.98,8.98,8.98,8.98,100,2022-06-03 13:39:00,PTGX
9.06,9.06,9.06,9.06,200,2022-06-03 13:40:00,PTGX
9.05,9.05,9.045,9.045,435,2022-06-03 13:41:00,PTGX
9.05,9.12,9.0,9.045,5418,2022-06-03 13:42:00,PTGX
9.07,9.08,9.07,9.08,500,2022-06-03 13:43:00,PTGX
9.05,9.06,9.02,9.03,2208,2022-06-03 13:44:00,PTGX
9.035,9.05,9.01,9.02,1600,2022-06-03 13:45:00,PTGX
9.03,9.04,9.02,9.02,2500,2022-06-03 13:46:00,PTGX
9.02,9.04,8.99,9.03,1807,2022-06-03 13:47:00,PTGX
9.035,9.035,9.015,9.015,1356,2022-06-03 13:48:00,PTGX
9.0,9.055,9.0,9.055,1354,2022-06-03 13:49:00,PTGX
9.055,9.055,9.04,9.04,3061,2022-06-03 13:50:00,PTGX
9.04,9.04,9.02,9.02,1225,2022-06-03 13:51:00,PTGX
9.0,9.0,8.975,8.975,1042,2022-06-03 13:52:00,PTGX
8.995,9.035,8.995,9.035,600,2022-06-03 13:53:00,PTGX
9.045,9.045,9.02,9.02,1260,2022-06-03 13:54:00,PTGX
9.01,9.05,9.01,9.05,752,2022-06-03 13:55:00,PTGX
9.05,9.07,9.05,9.06,637,2022-06-03 13:56:00,PTGX
9.065,9.08,9.04,9.05,1522,2022-06-03 13:57:00,PTGX
9.07,9.07,9.07,9.07,100,2022-06-03 13:58:00,PTGX
9.075,9.08,9.075,9.08,735,2022-06-03 13:59:00,PTGX
9.08,9.09,9.065,9.09,482,2022-06-03 14:00:00,PTGX
9.1,9.1,9.1,9.1,390,2022-06-03 14:01:00,PTGX
9.13,9.13,9.1,9.1,1211,2022-06-03 14:02:00,PTGX
9.1,9.1,9.075,9.095,458,2022-06-03 14:03:00,PTGX
9.06,9.085,9.06,9.085,200,2022-06-03 14:04:00,PTGX
9.09,9.1,9.005,9.02,4283,2022-06-03 14:05:00,PTGX
9.02,9.06,9.02,9.06,1626,2022-06-03 14:06:00,PTGX
9.08,9.1,9.08,9.09,700,2022-06-03 14:07:00,PTGX
9.08,9.1,9.06,9.1,700,2022-06-03 14:08:00,PTGX
9.11,9.12,9.1,9.1,1759,2022-06-03 14:09:00,PTGX
9.1,9.13,9.09,9.1,2248,2022-06-03 14:10:00,PTGX
9.09,9.1,9.07,9.1,826,2022-06-03 14:11:00,PTGX
9.12,9.12,9.09,9.12,803,2022-06-03 14:12:00,PTGX
9.13,9.13,9.13,9.13,200,2022-06-03 14:13:00,PTGX
9.09,9.11,9.09,9.11,200,2022-06-03 14:14:00,PTGX
9.11,9.12,9.11,9.12,600,2022-06-03 14:15:00,PTGX
9.14,9.14,9.08,9.08,3017,2022-06-03 14:16:00,PTGX
9.09,9.09,9.085,9.085,200,2022-06-03 14:17:00,PTGX
9.085,9.09,9.071,9.071,400,2022-06-03 14:18:00,PTGX
9.06,9.06,9.05,9.05,700,2022-06-03 14:19:00,PTGX
9.045,9.045,9.01,9.01,500,2022-06-03 14:20:00,PTGX
9.01,9.01,8.97,8.97,1826,2022-06-03 14:21:00,PTGX
9.0,9.04,8.99,9.04,1900,2022-06-03 14:22:00,PTGX
9.06,9.06,9.05,9.05,450,2022-06-03 14:24:00,PTGX
9.06,9.06,9.03,9.03,700,2022-06-03 14:25:00,PTGX
9.05,9.06,9.05,9.06,300,2022-06-03 14:26:00,PTGX
9.051,9.051,9.05,9.05,218,2022-06-03 14:28:00,PTGX
9.07,9.1,9.07,9.1,600,2022-06-03 14:29:00,PTGX
9.07,9.07,9.03,9.03,2840,2022-06-03 14:30:00,PTGX
9.03,9.06,9.03,9.06,1388,2022-06-03 14:31:00,PTGX
9.06,9.06,9.06,9.06,200,2022-06-03 14:33:00,PTGX
9.05,9.06,9.04,9.06,400,2022-06-03 14:34:00,PTGX
9.07,9.08,9.06,9.08,1175,2022-06-03 14:35:00,PTGX
9.08,9.08,9.06,9.062,1400,2022-06-03 14:36:00,PTGX
9.05,9.05,9.05,9.05,100,2022-06-03 14:37:00,PTGX
9.06,9.08,9.04,9.04,1750,2022-06-03 14:38:00,PTGX
9.03,9.03,9.02,9.03,2289,2022-06-03 14:39:00,PTGX
9.06,9.06,9.05,9.05,300,2022-06-03 14:40:00,PTGX
9.05,9.05,9.05,9.05,200,2022-06-03 14:43:00,PTGX
9.04,9.045,9.04,9.045,300,2022-06-03 14:44:00,PTGX
9.04,9.04,9.04,9.04,503,2022-06-03 14:45:00,PTGX
9.06,9.07,9.06,9.07,1300,2022-06-03 14:46:00,PTGX
9.07,9.07,9.065,9.065,300,2022-06-03 14:47:00,PTGX
9.07,9.07,9.07,9.07,200,2022-06-03 14:48:00,PTGX
9.08,9.08,9.062,9.062,520,2022-06-03 14:49:00,PTGX
9.07,9.07,9.06,9.07,600,2022-06-03 14:50:00,PTGX
9.05,9.06,9.05,9.06,1000,2022-06-03 14:51:00,PTGX
9.05,9.05,9.05,9.05,100,2022-06-03 14:54:00,PTGX
9.05,9.05,9.05,9.05,100,2022-06-03 14:55:00,PTGX
9.05,9.05,9.04,9.04,500,2022-06-03 14:56:00,PTGX
9.04,9.07,9.04,9.07,1400,2022-06-03 14:57:00,PTGX
9.06,9.06,9.04,9.05,12210,2022-06-03 14:58:00,PTGX
9.04,9.04,9.02,9.02,867,2022-06-03 14:59:00,PTGX
9.0,9.02,9.0,9.01,2300,2022-06-03 15:00:00,PTGX
9.0,9.0,9.0,9.0,200,2022-06-03 15:01:00,PTGX
8.98,9.0,8.97,9.0,4462,2022-06-03 15:02:00,PTGX
8.98,8.98,8.96,8.97,1000,2022-06-03 15:03:00,PTGX
8.96,8.98,8.955,8.98,5970,2022-06-03 15:04:00,PTGX
8.97,8.97,8.96,8.96,1587,2022-06-03 15:05:00,PTGX
8.96,8.98,8.96,8.98,1510,2022-06-03 15:06:00,PTGX
8.97,8.99,8.97,8.99,400,2022-06-03 15:07:00,PTGX
8.99,9.0,8.99,9.0,1100,2022-06-03 15:09:00,PTGX
8.99,8.99,8.99,8.99,400,2022-06-03 15:11:00,PTGX
8.98,8.98,8.98,8.98,1400,2022-06-03 15:12:00,PTGX
8.985,8.995,8.96,8.97,4703,2022-06-03 15:13:00,PTGX
8.97,8.97,8.96,8.96,200,2022-06-03 15:14:00,PTGX
8.97,8.98,8.97,8.98,2942,2022-06-03 15:15:00,PTGX
8.97,8.97,8.97,8.97,590,2022-06-03 15:16:00,PTGX
8.98,8.98,8.98,8.98,100,2022-06-03 15:17:00,PTGX
8.97,8.97,8.97,8.97,100,2022-06-03 15:18:00,PTGX
8.98,8.98,8.97,8.97,900,2022-06-03 15:19:00,PTGX
8.97,8.97,8.96,8.96,700,2022-06-03 15:20:00,PTGX
8.95,8.95,8.92,8.92,500,2022-06-03 15:21:00,PTGX
8.92,8.94,8.92,8.93,1900,2022-06-03 15:22:00,PTGX
8.925,8.94,8.925,8.94,599,2022-06-03 15:23:00,PTGX
8.91,8.94,8.91,8.93,2065,2022-06-03 15:26:00,PTGX
8.93,8.93,8.93,8.93,200,2022-06-03 15:27:00,PTGX
8.93,8.93,8.91,8.92,2200,2022-06-03 15:28:00,PTGX
8.93,8.93,8.93,8.93,1600,2022-06-03 15:29:00,PTGX
8.93,8.93,8.92,8.93,400,2022-06-03 15:30:00,PTGX
8.92,8.93,8.92,8.93,1100,2022-06-03 15:31:00,PTGX
8.93,8.93,8.93,8.93,200,2022-06-03 15:32:00,PTGX
8.93,8.93,8.92,8.92,400,2022-06-03 15:33:00,PTGX
8.92,8.92,8.92,8.92,100,2022-06-03 15:34:00,PTGX
8.92,8.92,8.92,8.92,903,2022-06-03 15:36:00,PTGX
8.93,8.94,8.93,8.935,2755,2022-06-03 15:37:00,PTGX
8.93,8.93,8.92,8.925,2116,2022-06-03 15:38:00,PTGX
8.91,8.91,8.91,8.91,100,2022-06-03 15:39:00,PTGX
8.93,8.93,8.92,8.92,300,2022-06-03 15:40:00,PTGX
8.92,8.93,8.89,8.89,800,2022-06-03 15:41:00,PTGX
8.91,8.91,8.91,8.91,100,2022-06-03 15:42:00,PTGX
8.905,8.92,8.905,8.92,600,2022-06-03 15:43:00,PTGX
8.91,8.92,8.91,8.92,500,2022-06-03 15:44:00,PTGX
8.93,8.93,8.93,8.93,300,2022-06-03 15:45:00,PTGX
8.91,8.92,8.91,8.92,400,2022-06-03 15:46:00,PTGX
8.93,8.94,8.93,8.94,2347,2022-06-03 15:47:00,PTGX
8.94,8.94,8.92,8.92,1200,2022-06-03 15:48:00,PTGX
8.93,8.93,8.91,8.91,400,2022-06-03 15:49:00,PTGX
8.91,8.91,8.91,8.91,100,2022-06-03 15:50:00,PTGX
8.91,8.94,8.91,8.94,1952,2022-06-03 15:51:00,PTGX
8.92,8.92,8.92,8.92,300,2022-06-03 15:53:00,PTGX
8.93,8.94,8.93,8.94,534,2022-06-03 15:54:00,PTGX
8.95,8.95,8.95,8.95,100,2022-06-03 15:55:00,PTGX
8.94,8.94,8.93,8.9325,700,2022-06-03 15:56:00,PTGX
8.94,8.94,8.92,8.92,2203,2022-06-03 15:58:00,PTGX
8.92,8.92,8.92,8.92,399,2022-06-03 15:59:00,PTGX
8.93,8.93,8.91,8.91,200,2022-06-03 16:00:00,PTGX
8.93,8.95,8.93,8.94,1677,2022-06-03 16:01:00,PTGX
8.94,8.95,8.93,8.93,600,2022-06-03 16:02:00,PTGX
8.94,8.96,8.94,8.96,885,2022-06-03 16:03:00,PTGX
8.96,8.97,8.96,8.97,242,2022-06-03 16:04:00,PTGX
8.97,8.97,8.97,8.97,100,2022-06-03 16:05:00,PTGX
8.94,8.95,8.94,8.95,903,2022-06-03 16:06:00,PTGX
8.94,8.94,8.93,8.93,500,2022-06-03 16:07:00,PTGX
8.93,8.93,8.91,8.92,1900,2022-06-03 16:09:00,PTGX
8.92,8.92,8.9,8.9,400,2022-06-03 16:10:00,PTGX
8.89,8.9,8.89,8.9,922,2022-06-03 16:11:00,PTGX
8.89,8.89,8.89,8.89,100,2022-06-03 16:12:00,PTGX
8.89,8.89,8.87,8.87,300,2022-06-03 16:14:00,PTGX
8.89,8.91,8.89,8.91,948,2022-06-03 16:15:00,PTGX
8.9,8.91,8.9,8.91,300,2022-06-03 16:16:00,PTGX
8.89,8.9,8.88,8.88,730,2022-06-03 16:18:00,PTGX
8.89,8.9,8.89,8.9,300,2022-06-03 16:19:00,PTGX
8.88,8.89,8.88,8.88,3712,2022-06-03 16:20:00,PTGX
8.89,8.895,8.89,8.895,787,2022-06-03 16:22:00,PTGX
8.89,8.92,8.89,8.92,2176,2022-06-03 16:23:00,PTGX
8.93,8.94,8.93,8.94,200,2022-06-03 16:24:00,PTGX
8.92,8.93,8.92,8.92,900,2022-06-03 16:25:00,PTGX
8.94,8.94,8.94,8.94,300,2022-06-03 16:26:00,PTGX
8.93,8.93,8.93,8.93,200,2022-06-03 16:27:00,PTGX
8.94,8.94,8.94,8.94,100,2022-06-03 16:28:00,PTGX
8.94,8.94,8.94,8.94,200,2022-06-03 16:29:00,PTGX
8.93,8.93,8.93,8.93,300,2022-06-03 16:30:00,PTGX
8.92,8.92,8.92,8.92,587,2022-06-03 16:31:00,PTGX
8.91,8.92,8.91,8.92,300,2022-06-03 16:33:00,PTGX
8.93,8.95,8.93,8.95,700,2022-06-03 16:36:00,PTGX
8.94,8.94,8.93,8.93,1200,2022-06-03 16:37:00,PTGX
8.94,8.94,8.94,8.94,100,2022-06-03 16:38:00,PTGX
8.94,8.94,8.94,8.94,770,2022-06-03 16:39:00,PTGX
8.95,8.95,8.9302,8.95,829,2022-06-03 16:40:00,PTGX
8.93,8.93,8.93,8.93,100,2022-06-03 16:41:00,PTGX
8.93,8.93,8.93,8.93,400,2022-06-03 16:42:00,PTGX
8.94,8.94,8.93,8.93,200,2022-06-03 16:43:00,PTGX
8.93,8.93,8.92,8.92,300,2022-06-03 16:45:00,PTGX
8.93,8.93,8.93,8.93,100,2022-06-03 16:46:00,PTGX
8.92,8.93,8.92,8.93,300,2022-06-03 16:47:00,PTGX
8.93,8.93,8.93,8.93,1388,2022-06-03 16:48:00,PTGX
8.95,8.95,8.95,8.95,100,2022-06-03 16:49:00,PTGX
8.93,8.93,8.93,8.93,300,2022-06-03 16:50:00,PTGX
8.915,8.93,8.915,8.92,812,2022-06-03 16:51:00,PTGX
8.935,8.94,8.935,8.94,400,2022-06-03 16:53:00,PTGX
8.95,8.95,8.95,8.95,374,2022-06-03 16:54:00,PTGX
8.958,8.96,8.958,8.96,200,2022-06-03 16:55:00,PTGX
8.96,8.98,8.96,8.98,1500,2022-06-03 16:56:00,PTGX
8.98,8.98,8.98,8.98,200,2022-06-03 16:57:00,PTGX
8.97,8.98,8.97,8.98,1100,2022-06-03 16:58:00,PTGX
8.98,8.98,8.98,8.98,400,2022-06-03 16:59:00,PTGX
8.99,9.0,8.99,9.0,616,2022-06-03 17:00:00,PTGX
9.02,9.03,9.02,9.02,500,2022-06-03 17:02:00,PTGX
9.02,9.02,9.02,9.02,300,2022-06-03 17:03:00,PTGX
9.03,9.04,9.03,9.04,300,2022-06-03 17:05:00,PTGX
9.04,9.04,9.04,9.04,300,2022-06-03 17:07:00,PTGX
9.03,9.03,9.03,9.03,100,2022-06-03 17:08:00,PTGX
9.05,9.05,9.04,9.04,799,2022-06-03 17:11:00,PTGX
9.045,9.05,9.03,9.03,1800,2022-06-03 17:12:00,PTGX
9.0234,9.0234,9.0234,9.0234,100,2022-06-03 17:13:00,PTGX
9.03,9.03,9.02,9.02,1600,2022-06-03 17:14:00,PTGX
9.01,9.01,8.97,8.97,4405,2022-06-03 17:15:00,PTGX
8.96,8.97,8.96,8.97,1197,2022-06-03 17:16:00,PTGX
8.96,8.96,8.96,8.96,200,2022-06-03 17:17:00,PTGX
8.96,8.96,8.95,8.95,600,2022-06-03 17:18:00,PTGX
8.95,8.96,8.94,8.96,1575,2022-06-03 17:19:00,PTGX
8.97,8.99,8.97,8.99,1567,2022-06-03 17:20:00,PTGX
8.99,9.005,8.99,9.0,3843,2022-06-03 17:21:00,PTGX
9.0,9.01,9.0,9.01,1055,2022-06-03 17:22:00,PTGX
9.005,9.005,9.0,9.0,1510,2022-06-03 17:23:00,PTGX
8.99,9.0,8.99,9.0,600,2022-06-03 17:24:00,PTGX
9.0,9.0,9.0,9.0,100,2022-06-03 17:25:00,PTGX
9.0,9.01,8.99,9.0,1384,2022-06-03 17:26:00,PTGX
9.01,9.01,9.0,9.0,400,2022-06-03 17:27:00,PTGX
9.0,9.02,8.98,9.02,4697,2022-06-03 17:28:00,PTGX
9.02,9.02,9.02,9.02,400,2022-06-03 17:30:00,PTGX
9.02,9.02,9.0,9.0,900,2022-06-03 17:31:00,PTGX
9.005,9.015,9.005,9.01,1739,2022-06-03 17:32:00,PTGX
9.01,9.01,9.01,9.01,855,2022-06-03 17:33:00,PTGX
9.01,9.02,9.0,9.02,2776,2022-06-03 17:34:00,PTGX
9.02,9.02,9.02,9.02,500,2022-06-03 17:36:00,PTGX
9.03,9.04,9.03,9.04,500,2022-06-03 17:37:00,PTGX
9.03,9.03,9.03,9.03,200,2022-06-03 17:38:00,PTGX
9.03,9.04,9.03,9.03,506,2022-06-03 17:39:00,PTGX
9.04,9.04,9.03,9.03,600,2022-06-03 17:40:00,PTGX
9.03,9.03,9.03,9.03,300,2022-06-03 17:41:00,PTGX
9.02,9.03,9.01,9.03,2969,2022-06-03 17:42:00,PTGX
9.02,9.02,9.02,9.02,200,2022-06-03 17:43:00,PTGX
9.02,9.02,9.02,9.02,500,2022-06-03 17:45:00,PTGX
9.03,9.03,9.03,9.03,1163,2022-06-03 17:47:00,PTGX
9.02,9.02,9.02,9.02,100,2022-06-03 17:48:00,PTGX
9.02,9.02,9.02,9.02,200,2022-06-03 17:49:00,PTGX
9.02,9.03,9.02,9.03,700,2022-06-03 17:50:00,PTGX
9.02,9.02,9.02,9.02,200,2022-06-03 17:51:00,PTGX
9.03,9.03,9.02,9.02,1195,2022-06-03 17:52:00,PTGX
9.02,9.02,9.01,9.02,486,2022-06-03 17:54:00,PTGX
9.02,9.02,9.0,9.01,1270,2022-06-03 17:55:00,PTGX
9.02,9.025,9.0199,9.02,2500,2022-06-03 17:56:00,PTGX
9.03,9.03,9.02,9.02,200,2022-06-03 17:57:00,PTGX
9.02,9.02,9.02,9.02,100,2022-06-03 17:59:00,PTGX
9.01,9.02,9.01,9.02,800,2022-06-03 18:00:00,PTGX
9.02,9.02,9.02,9.02,300,2022-06-03 18:01:00,PTGX
9.01,9.02,9.01,9.02,200,2022-06-03 18:02:00,PTGX
9.03,9.04,9.03,9.04,1200,2022-06-03 18:03:00,PTGX
9.03,9.03,9.03,9.03,500,2022-06-03 18:04:00,PTGX
9.04,9.04,9.04,9.04,100,2022-06-03 18:05:00,PTGX
9.04,9.05,9.04,9.045,600,2022-06-03 18:06:00,PTGX
9.06,9.06,9.055,9.055,411,2022-06-03 18:08:00,PTGX
9.04,9.05,9.04,9.04,1300,2022-06-03 18:09:00,PTGX
9.05,9.05,9.05,9.05,400,2022-06-03 18:10:00,PTGX
9.05,9.05,9.05,9.05,600,2022-06-03 18:13:00,PTGX
9.05,9.06,9.05,9.06,1150,2022-06-03 18:14:00,PTGX
9.07,9.08,9.07,9.08,426,2022-06-03 18:15:00,PTGX
9.08,9.08,9.08,9.08,200,2022-06-03 18:17:00,PTGX
9.08,9.09,9.08,9.09,2035,2022-06-03 18:18:00,PTGX
9.095,9.095,9.095,9.095,200,2022-06-03 18:19:00,PTGX
9.09,9.09,9.09,9.09,300,2022-06-03 18:20:00,PTGX
9.085,9.095,9.085,9.095,767,2022-06-03 18:21:00,PTGX
9.095,9.095,9.08,9.08,6273,2022-06-03 18:22:00,PTGX
9.08,9.08,9.08,9.08,415,2022-06-03 18:23:00,PTGX
9.08,9.08,9.08,9.08,100,2022-06-03 18:24:00,PTGX
9.075,9.08,9.075,9.075,845,2022-06-03 18:25:00,PTGX
9.07,9.07,9.06,9.06,300,2022-06-03 18:26:00,PTGX
9.07,9.08,9.07,9.08,877,2022-06-03 18:28:00,PTGX
9.08,9.09,9.08,9.09,850,2022-06-03 18:29:00,PTGX
9.1,9.11,9.1,9.11,2380,2022-06-03 18:30:00,PTGX
9.11,9.12,9.11,9.12,605,2022-06-03 18:31:00,PTGX
9.11,9.11,9.09,9.095,1600,2022-06-03 18:32:00,PTGX
9.1,9.1,9.1,9.1,400,2022-06-03 18:33:00,PTGX
9.11,9.115,9.11,9.115,500,2022-06-03 18:34:00,PTGX
9.11,9.11,9.105,9.105,400,2022-06-03 18:35:00,PTGX
9.105,9.105,9.105,9.105,100,2022-06-03 18:36:00,PTGX
9.1,9.1,9.095,9.095,996,2022-06-03 18:37:00,PTGX
9.09,9.09,9.0701,9.0701,581,2022-06-03 18:38:00,PTGX
9.08,9.1,9.08,9.1,1451,2022-06-03 18:39:00,PTGX
9.09,9.09,9.085,9.085,892,2022-06-03 18:40:00,PTGX
9.09,9.105,9.09,9.105,1115,2022-06-03 18:41:00,PTGX
9.1091,9.1091,9.1091,9.1091,1000,2022-06-03 18:42:00,PTGX
9.105,9.12,9.105,9.12,1119,2022-06-03 18:43:00,PTGX
9.115,9.12,9.115,9.115,500,2022-06-03 18:44:00,PTGX
9.12,9.125,9.12,9.125,950,2022-06-03 18:45:00,PTGX
9.12,9.12,9.12,9.12,700,2022-06-03 18:46:00,PTGX
9.12,9.12,9.12,9.12,100,2022-06-03 18:48:00,PTGX
9.115,9.125,9.115,9.125,400,2022-06-03 18:49:00,PTGX
9.12,9.12,9.12,9.12,300,2022-06-03 18:50:00,PTGX
9.115,9.115,9.115,9.115,100,2022-06-03 18:51:00,PTGX
9.12,9.12,9.12,9.12,800,2022-06-03 18:52:00,PTGX
9.13,9.13,9.12,9.12,700,2022-06-03 18:53:00,PTGX
9.12,9.12,9.12,9.12,100,2022-06-03 18:54:00,PTGX
9.125,9.125,9.125,9.125,220,2022-06-03 18:55:00,PTGX
9.125,9.125,9.125,9.125,600,2022-06-03 18:56:00,PTGX
9.13,9.14,9.125,9.13,1800,2022-06-03 18:57:00,PTGX
9.135,9.135,9.135,9.135,200,2022-06-03 18:58:00,PTGX
9.14,9.14,9.13,9.13,900,2022-06-03 18:59:00,PTGX
9.135,9.135,9.13,9.13,2206,2022-06-03 19:00:00,PTGX
9.135,9.135,9.08,9.08,2865,2022-06-03 19:01:00,PTGX
9.08,9.09,9.07,9.09,720,2022-06-03 19:02:00,PTGX
9.09,9.11,9.09,9.11,2074,2022-06-03 19:03:00,PTGX
9.105,9.108,9.105,9.105,500,2022-06-03 19:04:00,PTGX
9.1,9.1,9.1,9.1,800,2022-06-03 19:05:00,PTGX
9.0915,9.0915,9.0915,9.0915,900,2022-06-03 19:06:00,PTGX
9.095,9.1,9.07,9.07,1700,2022-06-03 19:07:00,PTGX
9.05,9.06,9.05,9.06,300,2022-06-03 19:08:00,PTGX
9.06,9.08,9.06,9.08,1929,2022-06-03 19:09:00,PTGX
9.08,9.08,9.08,9.08,100,2022-06-03 19:10:00,PTGX
9.07,9.07,9.07,9.07,398,2022-06-03 19:11:00,PTGX
9.06,9.06,9.06,9.06,100,2022-06-03 19:12:00,PTGX
9.065,9.065,9.065,9.065,100,2022-06-03 19:13:00,PTGX
9.06,9.06,9.06,9.06,100,2022-06-03 19:14:00,PTGX
9.05,9.07,9.05,9.07,1222,2022-06-03 19:15:00,PTGX
9.07,9.075,9.065,9.065,1000,2022-06-03 19:16:00,PTGX
9.07,9.07,9.065,9.065,300,2022-06-03 19:17:00,PTGX
9.07,9.07,9.065,9.07,768,2022-06-03 19:18:00,PTGX
9.07,9.07,9.07,9.07,400,2022-06-03 19:19:00,PTGX
9.07,9.075,9.07,9.075,200,2022-06-03 19:20:00,PTGX
9.07,9.07,9.065,9.07,901,2022-06-03 19:21:00,PTGX
9.07,9.07,9.065,9.065,600,2022-06-03 19:22:00,PTGX
9.06,9.085,9.06,9.085,4647,2022-06-03 19:23:00,PTGX
9.09,9.095,9.081,9.081,4655,2022-06-03 19:24:00,PTGX
9.085,9.095,9.085,9.09,2727,2022-06-03 19:25:00,PTGX
9.09,9.09,9.08,9.08,1100,2022-06-03 19:26:00,PTGX
9.09,9.1,9.09,9.09,1300,2022-06-03 19:27:00,PTGX
9.08,9.09,9.08,9.09,700,2022-06-03 19:28:00,PTGX
9.09,9.095,9.09,9.09,1340,2022-06-03 19:29:00,PTGX
9.09,9.09,9.085,9.085,200,2022-06-03 19:30:00,PTGX
9.09,9.09,9.085,9.085,477,2022-06-03 19:31:00,PTGX
9.085,9.09,9.08,9.08,1292,2022-06-03 19:32:00,PTGX
9.081,9.09,9.081,9.085,2082,2022-06-03 19:33:00,PTGX
9.085,9.09,9.08,9.085,700,2022-06-03 19:34:00,PTGX
9.08,9.08,9.061,9.075,1900,2022-06-03 19:35:00,PTGX
9.075,9.08,9.075,9.08,300,2022-06-03 19:36:00,PTGX
9.08,9.095,9.08,9.095,2239,2022-06-03 19:37:00,PTGX
9.095,9.1,9.095,9.1,1300,2022-06-03 19:38:00,PTGX
9.1,9.1,9.081,9.081,1940,2022-06-03 19:39:00,PTGX
9.085,9.1,9.08,9.1,3160,2022-06-03 19:40:00,PTGX
9.11,9.11,9.1,9.11,2500,2022-06-03 19:41:00,PTGX
9.1,9.11,9.1,9.1,1300,2022-06-03 19:42:00,PTGX
9.09,9.1,9.081,9.085,1398,2022-06-03 19:43:00,PTGX
9.085,9.09,9.07,9.08,2690,2022-06-03 19:44:00,PTGX
9.08,9.09,9.075,9.08,830,2022-06-03 19:45:00,PTGX
9.08,9.085,9.071,9.085,3300,2022-06-03 19:46:00,PTGX
9.09,9.09,9.085,9.089,2100,2022-06-03 19:47:00,PTGX
9.085,9.09,9.085,9.09,908,2022-06-03 19:48:00,PTGX
9.085,9.09,9.08,9.08,5354,2022-06-03 19:49:00,PTGX
9.09,9.135,9.09,9.135,7687,2022-06-03 19:50:00,PTGX
9.14,9.145,9.13,9.135,4780,2022-06-03 19:51:00,PTGX
9.135,9.17,9.135,9.17,15608,2022-06-03 19:52:00,PTGX
9.17,9.19,9.17,9.19,8146,2022-06-03 19:53:00,PTGX
9.18,9.185,9.18,9.185,3300,2022-06-03 19:54:00,PTGX
9.19,9.19,9.165,9.165,6782,2022-06-03 19:55:00,PTGX
9.165,9.18,9.16,9.18,7358,2022-06-03 19:56:00,PTGX
9.175,9.19,9.175,9.185,6726,2022-06-03 19:57:00,PTGX
9.18,9.19,9.17,9.19,10615,2022-06-03 19:58:00,PTGX
9.19,9.21,9.175,9.2,26356,2022-06-03 19:59:00,PTGX
9.2,9.2,9.2,9.2,102513,2022-06-03 20:00:00,PTGX
9.2,9.2,8.99,8.99,605,2022-06-03 20:01:00,PTGX
8.74,9.0,8.74,9.0,600,2022-06-03 20:21:00,PTGX
9.45,9.45,9.45,9.45,1000,2022-06-06 12:55:00,PTGX
9.15,9.255,9.15,9.24,15583,2022-06-06 13:30:00,PTGX
9.36,9.5,9.36,9.5,2648,2022-06-06 13:31:00,PTGX
9.5,9.51,9.462,9.47,20038,2022-06-06 13:32:00,PTGX
9.47,9.47,9.43,9.47,1305,2022-06-06 13:33:00,PTGX
9.45,9.45,9.38,9.38,2317,2022-06-06 13:34:00,PTGX
9.34,9.34,9.34,9.34,200,2022-06-06 13:35:00,PTGX
9.34,9.37,9.29,9.29,1331,2022-06-06 13:36:00,PTGX
9.28,9.29,9.26,9.29,2217,2022-06-06 13:37:00,PTGX
9.26,9.265,9.24,9.24,854,2022-06-06 13:38:00,PTGX
9.22,9.28,9.22,9.26,1700,2022-06-06 13:39:00,PTGX
9.25,9.27,9.25,9.26,1759,2022-06-06 13:40:00,PTGX
9.265,9.31,9.265,9.3,1609,2022-06-06 13:41:00,PTGX
9.305,9.34,9.305,9.34,1000,2022-06-06 13:42:00,PTGX
9.32,9.32,9.32,9.32,100,2022-06-06 13:43:00,PTGX
9.29,9.29,9.29,9.29,300,2022-06-06 13:44:00,PTGX
9.27,9.27,9.25,9.25,761,2022-06-06 13:46:00,PTGX
9.28,9.28,9.25,9.26,600,2022-06-06 13:47:00,PTGX
9.27,9.27,9.27,9.27,200,2022-06-06 13:48:00,PTGX
9.31,9.33,9.29,9.29,1676,2022-06-06 13:50:00,PTGX
9.31,9.34,9.29,9.34,800,2022-06-06 13:51:00,PTGX
9.34,9.37,9.34,9.37,500,2022-06-06 13:52:00,PTGX
9.3554,9.3554,9.3554,9.3554,100,2022-06-06 13:53:00,PTGX
9.35,9.35,9.33,9.33,900,2022-06-06 13:54:00,PTGX
9.33,9.35,9.325,9.33,3160,2022-06-06 13:55:00,PTGX
9.32,9.32,9.3,9.31,1300,2022-06-06 13:56:00,PTGX
9.305,9.305,9.3,9.3,200,2022-06-06 13:57:00,PTGX
9.29,9.29,9.24,9.25,2476,2022-06-06 13:58:00,PTGX
9.24,9.26,9.24,9.26,3230,2022-06-06 13:59:00,PTGX
9.24,9.24,9.23,9.23,400,2022-06-06 14:00:00,PTGX
9.24,9.26,9.22,9.22,1717,2022-06-06 14:03:00,PTGX
9.21,9.21,9.21,9.21,1143,2022-06-06 14:04:00,PTGX
9.23,9.27,9.23,9.25,8000,2022-06-06 14:06:00,PTGX
9.24,9.24,9.23,9.23,500,2022-06-06 14:07:00,PTGX
9.2,9.21,9.19,9.21,300,2022-06-06 14:08:00,PTGX
9.22,9.22,9.205,9.205,200,2022-06-06 14:09:00,PTGX
9.18,9.18,9.18,9.18,500,2022-06-06 14:10:00,PTGX
9.18,9.205,9.18,9.2,1105,2022-06-06 14:11:00,PTGX
9.205,9.2075,9.18,9.185,2393,2022-06-06 14:12:00,PTGX
9.17,9.17,9.14,9.14,603,2022-06-06 14:13:00,PTGX
9.12,9.12,9.12,9.12,200,2022-06-06 14:14:00,PTGX
9.1,9.12,9.1,9.12,375,2022-06-06 14:15:00,PTGX
9.1,9.11,9.08,9.11,1000,2022-06-06 14:16:00,PTGX
9.1,9.1,9.09,9.09,425,2022-06-06 14:17:00,PTGX
9.08,9.08,9.08,9.08,100,2022-06-06 14:18:00,PTGX
9.085,9.085,9.085,9.085,100,2022-06-06 14:19:00,PTGX
9.085,9.085,9.085,9.085,200,2022-06-06 14:20:00,PTGX
9.07,9.07,9.05,9.055,3543,2022-06-06 14:21:00,PTGX
9.04,9.04,9.035,9.035,600,2022-06-06 14:22:00,PTGX
9.035,9.035,9.035,9.035,100,2022-06-06 14:23:00,PTGX
9.04,9.06,9.02,9.04,5802,2022-06-06 14:24:00,PTGX
9.01,9.01,8.99,8.99,656,2022-06-06 14:25:00,PTGX
8.99,9.01,8.9614,8.9614,5302,2022-06-06 14:26:00,PTGX
8.99,9.05,8.99,9.05,3000,2022-06-06 14:27:00,PTGX
9.055,9.055,9.055,9.055,100,2022-06-06 14:28:00,PTGX
9.05,9.0625,9.03,9.04,1100,2022-06-06 14:29:00,PTGX
9.045,9.05,9.03,9.03,647,2022-06-06 14:30:00,PTGX
9.035,9.035,9.035,9.035,100,2022-06-06 14:31:00,PTGX
9.045,9.045,9.03,9.03,1490,2022-06-06 14:32:00,PTGX
9.045,9.06,9.04,9.06,1777,2022-06-06 14:33:00,PTGX
9.05,9.05,9.04,9.04,780,2022-06-06 14:34:00,PTGX
9.045,9.045,9.045,9.045,142,2022-06-06 14:35:00,PTGX
9.04,9.04,9.02,9.02,800,2022-06-06 14:36:00,PTGX
9.025,9.03,9.02,9.02,323,2022-06-06 14:37:00,PTGX
9.0,9.02,9.0,9.0,5409,2022-06-06 14:38:00,PTGX
9.0,9.0,9.0,9.0,100,2022-06-06 14:39:00,PTGX
9.0,9.05,9.0,9.05,5450,2022-06-06 14:40:00,PTGX
9.05,9.05,9.05,9.05,1393,2022-06-06 14:41:00,PTGX
9.05,9.05,9.05,9.05,1114,2022-06-06 14:42:00,PTGX
9.04,9.04,9.0,9.0,3159,2022-06-06 14:43:00,PTGX
9.005,9.04,9.0,9.04,2100,2022-06-06 14:44:00,PTGX
9.04,9.04,9.04,9.04,100,2022-06-06 14:45:00,PTGX
9.04,9.04,9.04,9.04,700,2022-06-06 14:46:00,PTGX
9.03,9.03,9.02,9.02,1299,2022-06-06 14:47:00,PTGX
9.0,9.01,9.0,9.005,2653,2022-06-06 14:49:00,PTGX
9.005,9.005,8.98,8.98,2000,2022-06-06 14:50:00,PTGX
8.975,8.99,8.975,8.98,1951,2022-06-06 14:51:00,PTGX
8.98,8.99,8.97,8.97,1383,2022-06-06 14:52:00,PTGX
8.97,8.97,8.96,8.9679,1100,2022-06-06 14:53:00,PTGX
8.95,8.96,8.945,8.96,1679,2022-06-06 14:54:00,PTGX
8.97,8.98,8.96,8.98,800,2022-06-06 14:55:00,PTGX
8.985,8.985,8.98,8.98,399,2022-06-06 14:56:00,PTGX
9.0,9.01,9.0,9.01,2256,2022-06-06 14:57:00,PTGX
9.0,9.0,8.97,8.97,3448,2022-06-06 14:58:00,PTGX
8.97,8.98,8.95,8.95,400,2022-06-06 14:59:00,PTGX
8.95,8.95,8.95,8.95,300,2022-06-06 15:00:00,PTGX
8.95,8.97,8.95,8.96,1400,2022-06-06 15:01:00,PTGX
8.965,8.98,8.965,8.98,260,2022-06-06 15:03:00,PTGX
8.95,8.95,8.94,8.94,1857,2022-06-06 15:05:00,PTGX
8.94,8.96,8.94,8.94,2882,2022-06-06 15:07:00,PTGX
8.94,8.94,8.94,8.94,100,2022-06-06 15:08:00,PTGX
8.93,8.93,8.93,8.93,508,2022-06-06 15:09:00,PTGX
8.9,8.9,8.9,8.9,200,2022-06-06 15:10:00,PTGX
8.91,8.92,8.91,8.92,1000,2022-06-06 15:11:00,PTGX
8.9,8.9,8.89,8.895,700,2022-06-06 15:12:00,PTGX
8.91,8.94,8.91,8.94,3281,2022-06-06 15:14:00,PTGX
8.93,8.93,8.92,8.92,1500,2022-06-06 15:15:00,PTGX
8.92,8.93,8.91,8.91,300,2022-06-06 15:16:00,PTGX
8.91,8.95,8.91,8.95,1092,2022-06-06 15:18:00,PTGX
8.94,8.94,8.94,8.94,100,2022-06-06 15:19:00,PTGX
8.95,8.96,8.95,8.95,1000,2022-06-06 15:20:00,PTGX
8.94,8.94,8.94,8.94,200,2022-06-06 15:21:00,PTGX
8.96,8.96,8.95,8.95,200,2022-06-06 15:22:00,PTGX
8.95,8.95,8.95,8.95,300,2022-06-06 15:23:00,PTGX
8.95,8.95,8.95,8.95,100,2022-06-06 15:24:00,PTGX
8.95,8.95,8.94,8.94,2555,2022-06-06 15:25:00,PTGX
8.95,8.98,8.95,8.98,2962,2022-06-06 15:27:00,PTGX
8.9801,8.995,8.9801,8.995,200,2022-06-06 15:28:00,PTGX
9.01,9.01,8.99,8.99,500,2022-06-06 15:29:00,PTGX
8.99,9.0,8.95,8.95,6224,2022-06-06 15:30:00,PTGX
8.955,8.955,8.95,8.95,300,2022-06-06 15:31:00,PTGX
8.95,8.95,8.94,8.945,1336,2022-06-06 15:32:00,PTGX
8.94,8.94,8.94,8.94,757,2022-06-06 15:34:00,PTGX
8.92,8.94,8.92,8.93,1375,2022-06-06 15:35:00,PTGX
8.95,8.96,8.95,8.96,200,2022-06-06 15:37:00,PTGX
8.95,8.959,8.95,8.95,1100,2022-06-06 15:38:00,PTGX
8.95,8.96,8.94,8.94,916,2022-06-06 15:39:00,PTGX
8.96,8.96,8.95,8.96,300,2022-06-06 15:40:00,PTGX
8.95,8.95,8.95,8.95,528,2022-06-06 15:41:00,PTGX
8.95,8.955,8.94,8.95,2274,2022-06-06 15:42:00,PTGX
8.95,8.95,8.95,8.95,500,2022-06-06 15:44:00,PTGX
8.95,8.98,8.95,8.98,2250,2022-06-06 15:45:00,PTGX
8.985,9.0,8.985,8.985,500,2022-06-06 15:46:00,PTGX
8.97,8.98,8.95,8.95,4106,2022-06-06 15:48:00,PTGX
8.95,8.95,8.95,8.95,100,2022-06-06 15:49:00,PTGX
8.94,8.94,8.94,8.94,763,2022-06-06 15:50:00,PTGX
8.95,8.96,8.95,8.95,1060,2022-06-06 15:51:00,PTGX
8.95,8.95,8.95,8.95,500,2022-06-06 15:52:00,PTGX
8.95,8.95,8.95,8.95,600,2022-06-06 15:53:00,PTGX
8.95,8.95,8.95,8.95,100,2022-06-06 15:55:00,PTGX
8.94,8.94,8.94,8.94,500,2022-06-06 15:56:00,PTGX
8.94,8.95,8.94,8.94,855,2022-06-06 15:57:00,PTGX
8.94,8.94,8.93,8.935,1400,2022-06-06 15:58:00,PTGX
8.92,8.92,8.89,8.89,1150,2022-06-06 16:01:00,PTGX
8.8928,8.8928,8.88,8.88,2080,2022-06-06 16:02:00,PTGX
8.89,8.89,8.865,8.865,2204,2022-06-06 16:03:00,PTGX
8.84,8.84,8.83,8.83,509,2022-06-06 16:04:00,PTGX
8.85,8.86,8.84,8.84,1716,2022-06-06 16:05:00,PTGX
8.83,8.84,8.83,8.83,696,2022-06-06 16:06:00,PTGX
8.8212,8.8212,8.8212,8.8212,105,2022-06-06 16:07:00,PTGX
8.82,8.82,8.82,8.82,400,2022-06-06 16:08:00,PTGX
8.82,8.82,8.82,8.82,400,2022-06-06 16:09:00,PTGX
8.8,8.8,8.8,8.8,200,2022-06-06 16:10:00,PTGX
8.81,8.815,8.805,8.81,970,2022-06-06 16:11:00,PTGX
8.81,8.81,8.8,8.81,1076,2022-06-06 16:12:00,PTGX
8.79,8.8,8.79,8.8,400,2022-06-06 16:13:00,PTGX
8.81,8.81,8.81,8.81,100,2022-06-06 16:15:00,PTGX
8.82,8.83,8.82,8.82,1951,2022-06-06 16:17:00,PTGX
8.83,8.84,8.83,8.835,1220,2022-06-06 16:18:00,PTGX
8.839,8.839,8.838,8.838,200,2022-06-06 16:20:00,PTGX
8.84,8.85,8.84,8.85,900,2022-06-06 16:21:00,PTGX
8.83,8.83,8.83,8.83,653,2022-06-06 16:22:00,PTGX
8.84,8.84,8.83,8.83,300,2022-06-06 16:23:00,PTGX
8.84,8.85,8.84,8.84,300,2022-06-06 16:24:00,PTGX
8.848,8.848,8.84,8.84,600,2022-06-06 16:25:00,PTGX
8.84,8.84,8.83,8.84,1000,2022-06-06 16:27:00,PTGX
8.84,8.84,8.83,8.84,800,2022-06-06 16:28:00,PTGX
8.84,8.845,8.84,8.845,200,2022-06-06 16:29:00,PTGX
8.84,8.84,8.84,8.84,310,2022-06-06 16:30:00,PTGX
8.835,8.86,8.835,8.86,936,2022-06-06 16:31:00,PTGX
8.86,8.87,8.86,8.87,300,2022-06-06 16:32:00,PTGX
8.885,8.885,8.87,8.87,1200,2022-06-06 16:33:00,PTGX
8.87,8.88,8.87,8.88,300,2022-06-06 16:34:00,PTGX
8.87,8.87,8.87,8.87,100,2022-06-06 16:36:00,PTGX
8.88,8.88,8.88,8.88,200,2022-06-06 16:38:00,PTGX
8.89,8.89,8.88,8.89,1389,2022-06-06 16:39:00,PTGX
8.89,8.89,8.89,8.89,200,2022-06-06 16:40:00,PTGX
8.9,8.9,8.9,8.9,300,2022-06-06 16:41:00,PTGX
8.9,8.91,8.9,8.9,3333,2022-06-06 16:43:00,PTGX
8.91,8.91,8.9,8.9,300,2022-06-06 16:45:00,PTGX
8.9,8.9,8.9,8.9,300,2022-06-06 16:46:00,PTGX
8.9,8.9,8.89,8.9,1700,2022-06-06 16:47:00,PTGX
8.88,8.88,8.87,8.87,2001,2022-06-06 16:48:00,PTGX
8.87,8.879,8.87,8.879,200,2022-06-06 16:49:00,PTGX
8.86,8.86,8.86,8.86,200,2022-06-06 16:50:00,PTGX
8.85,8.85,8.85,8.85,400,2022-06-06 16:51:00,PTGX
8.84,8.85,8.84,8.85,400,2022-06-06 16:52:00,PTGX
8.865,8.865,8.86,8.86,590,2022-06-06 16:53:00,PTGX
8.87,8.89,8.87,8.88,900,2022-06-06 16:56:00,PTGX
8.89,8.89,8.889,8.89,300,2022-06-06 16:58:00,PTGX
8.889,8.89,8.8889,8.89,1055,2022-06-06 16:59:00,PTGX
8.89,8.89,8.87,8.87,1000,2022-06-06 17:00:00,PTGX
8.88,8.88,8.88,8.88,300,2022-06-06 17:01:00,PTGX
8.8878,8.8878,8.87,8.87,1332,2022-06-06 17:03:00,PTGX
8.86,8.86,8.86,8.86,400,2022-06-06 17:04:00,PTGX
8.86,8.87,8.86,8.87,982,2022-06-06 17:05:00,PTGX
8.88,8.88,8.88,8.88,104,2022-06-06 17:06:00,PTGX
8.89,8.9,8.89,8.9,300,2022-06-06 17:07:00,PTGX
8.91,8.91,8.91,8.91,100,2022-06-06 17:08:00,PTGX
8.9,8.91,8.9,8.9,1711,2022-06-06 17:09:00,PTGX
8.9,8.91,8.89,8.89,2400,2022-06-06 17:10:00,PTGX
8.89,8.89,8.89,8.89,900,2022-06-06 17:11:00,PTGX
8.88,8.89,8.88,8.885,700,2022-06-06 17:12:00,PTGX
8.89,8.925,8.89,8.92,6152,2022-06-06 17:13:00,PTGX
8.925,8.93,8.925,8.93,593,2022-06-06 17:14:00,PTGX
8.94,8.94,8.93,8.94,500,2022-06-06 17:15:00,PTGX
8.93,8.93,8.91,8.91,2000,2022-06-06 17:16:00,PTGX
8.91,8.91,8.91,8.91,100,2022-06-06 17:17:00,PTGX
8.92,8.94,8.92,8.94,600,2022-06-06 17:18:00,PTGX
8.93,8.93,8.92,8.92,900,2022-06-06 17:19:00,PTGX
8.92,8.92,8.92,8.92,700,2022-06-06 17:20:00,PTGX
8.92,8.92,8.92,8.92,200,2022-06-06 17:21:00,PTGX
8.91,8.91,8.89,8.9,1154,2022-06-06 17:22:00,PTGX
8.9,8.9,8.9,8.9,1278,2022-06-06 17:23:00,PTGX
8.92,8.92,8.915,8.92,400,2022-06-06 17:24:00,PTGX
8.91,8.91,8.91,8.91,593,2022-06-06 17:25:00,PTGX
8.915,8.92,8.91,8.92,400,2022-06-06 17:26:00,PTGX
8.92,8.92,8.92,8.92,100,2022-06-06 17:27:00,PTGX
8.93,8.9396,8.93,8.9396,300,2022-06-06 17:29:00,PTGX
8.93,8.93,8.93,8.93,400,2022-06-06 17:30:00,PTGX
8.94,8.95,8.94,8.95,1295,2022-06-06 17:31:00,PTGX
8.95,8.95,8.94,8.94,1283,2022-06-06 17:32:00,PTGX
8.93,8.93,8.93,8.93,400,2022-06-06 17:33:00,PTGX
8.95,8.95,8.94,8.95,1038,2022-06-06 17:36:00,PTGX
8.95,8.96,8.94,8.95,900,2022-06-06 17:37:00,PTGX
8.95,8.95,8.95,8.95,700,2022-06-06 17:38:00,PTGX
8.95,8.95,8.95,8.95,100,2022-06-06 17:39:00,PTGX
8.95,8.95,8.95,8.95,100,2022-06-06 17:40:00,PTGX
8.95,8.955,8.95,8.955,709,2022-06-06 17:41:00,PTGX
8.9598,8.96,8.95,8.95,899,2022-06-06 17:42:00,PTGX
8.95,8.965,8.95,8.965,888,2022-06-06 17:43:00,PTGX
8.98,8.99,8.98,8.98,4240,2022-06-06 17:44:00,PTGX
8.98,8.98,8.97,8.97,1700,2022-06-06 17:45:00,PTGX
8.96,8.96,8.96,8.96,988,2022-06-06 17:46:00,PTGX
8.97,8.97,8.97,8.97,700,2022-06-06 17:47:00,PTGX
8.96,8.96,8.955,8.955,751,2022-06-06 17:48:00,PTGX
8.96,8.99,8.96,8.99,2597,2022-06-06 17:49:00,PTGX
9.0,9.0,9.0,9.0,200,2022-06-06 17:50:00,PTGX
9.0,9.0,8.99,9.0,679,2022-06-06 17:51:00,PTGX
9.01,9.01,9.01,9.01,100,2022-06-06 17:52:00,PTGX
9.0,9.0,9.0,9.0,300,2022-06-06 17:53:00,PTGX
9.0,9.0,9.0,9.0,1208,2022-06-06 17:54:00,PTGX
9.0,9.01,9.0,9.0,825,2022-06-06 17:55:00,PTGX
9.0,9.0,9.0,9.0,200,2022-06-06 17:56:00,PTGX
9.0,9.0,8.99,8.99,558,2022-06-06 17:57:00,PTGX
9.0,9.01,9.0,9.01,800,2022-06-06 17:58:00,PTGX
9.0,9.0,9.0,9.0,300,2022-06-06 17:59:00,PTGX
9.0,9.0,9.0,9.0,600,2022-06-06 18:00:00,PTGX
9.0,9.0,9.0,9.0,1603,2022-06-06 18:01:00,PTGX
9.0,9.0,9.0,9.0,100,2022-06-06 18:02:00,PTGX
9.0,9.0,9.0,9.0,100,2022-06-06 18:03:00,PTGX
8.99,9.01,8.99,9.0,2225,2022-06-06 18:04:00,PTGX
9.0,9.0,8.99,8.99,1000,2022-06-06 18:05:00,PTGX
9.0,9.0,8.99,8.995,961,2022-06-06 18:06:00,PTGX
8.98,8.98,8.98,8.98,200,2022-06-06 18:07:00,PTGX
8.97,8.97,8.97,8.97,503,2022-06-06 18:08:00,PTGX
8.979,8.99,8.979,8.99,900,2022-06-06 18:09:00,PTGX
8.989,8.989,8.97,8.97,600,2022-06-06 18:10:00,PTGX
8.97,8.98,8.97,8.98,1251,2022-06-06 18:11:00,PTGX
8.98,8.9871,8.98,8.9871,212,2022-06-06 18:12:00,PTGX
8.97,8.98,8.97,8.98,200,2022-06-06 18:13:00,PTGX
8.99,8.99,8.98,8.98,490,2022-06-06 18:14:00,PTGX
8.96,8.96,8.96,8.96,100,2022-06-06 18:16:00,PTGX
8.965,8.97,8.965,8.97,600,2022-06-06 18:17:00,PTGX
8.97,8.98,8.97,8.98,300,2022-06-06 18:18:00,PTGX
8.96,8.96,8.96,8.96,200,2022-06-06 18:19:00,PTGX
8.96,8.96,8.95,8.95,600,2022-06-06 18:20:00,PTGX
8.96,8.96,8.94,8.94,1138,2022-06-06 18:21:00,PTGX
8.92,8.92,8.91,8.91,1200,2022-06-06 18:23:00,PTGX
8.91,8.92,8.91,8.92,200,2022-06-06 18:24:00,PTGX
8.93,8.94,8.93,8.94,1382,2022-06-06 18:25:00,PTGX
8.93,8.94,8.92,8.938,900,2022-06-06 18:26:00,PTGX
8.93,8.93,8.92,8.92,200,2022-06-06 18:27:00,PTGX
8.94,8.94,8.938,8.938,200,2022-06-06 18:28:00,PTGX
8.92,8.93,8.915,8.93,958,2022-06-06 18:30:00,PTGX
8.925,8.925,8.925,8.925,100,2022-06-06 18:32:00,PTGX
8.94,8.95,8.94,8.94,2220,2022-06-06 18:33:00,PTGX
8.94,8.94,8.94,8.94,2100,2022-06-06 18:34:00,PTGX
8.93,8.93,8.93,8.93,100,2022-06-06 18:35:00,PTGX
8.93,8.93,8.93,8.93,713,2022-06-06 18:36:00,PTGX
8.93,8.93,8.92,8.92,853,2022-06-06 18:37:00,PTGX
8.92,8.92,8.91,8.91,557,2022-06-06 18:38:00,PTGX
8.91,8.91,8.9,8.9,300,2022-06-06 18:39:00,PTGX
8.89,8.9,8.89,8.89,697,2022-06-06 18:40:00,PTGX
8.88,8.89,8.88,8.89,300,2022-06-06 18:42:00,PTGX
8.88,8.88,8.875,8.88,400,2022-06-06 18:43:00,PTGX
8.88,8.9,8.88,8.9,1906,2022-06-06 18:44:00,PTGX
8.9,8.92,8.9,8.92,972,2022-06-06 18:46:00,PTGX
8.92,8.92,8.91,8.91,1000,2022-06-06 18:47:00,PTGX
8.91,8.91,8.905,8.905,1100,2022-06-06 18:48:00,PTGX
8.9,8.9,8.9,8.9,498,2022-06-06 18:49:00,PTGX
8.9,8.9,8.88,8.88,500,2022-06-06 18:50:00,PTGX
8.88,8.88,8.87,8.87,1101,2022-06-06 18:51:00,PTGX
8.88,8.89,8.88,8.89,1400,2022-06-06 18:52:00,PTGX
8.91,8.92,8.91,8.92,900,2022-06-06 18:53:00,PTGX
8.9201,8.9201,8.92,8.92,1140,2022-06-06 18:54:00,PTGX
8.93,8.93,8.93,8.93,500,2022-06-06 18:56:00,PTGX
8.92,8.92,8.92,8.92,200,2022-06-06 18:57:00,PTGX
8.92,8.92,8.92,8.92,100,2022-06-06 18:58:00,PTGX
8.93,8.93,8.92,8.92,500,2022-06-06 18:59:00,PTGX
8.92,8.92,8.92,8.92,100,2022-06-06 19:00:00,PTGX
8.91,8.91,8.91,8.91,100,2022-06-06 19:01:00,PTGX
8.929,8.929,8.929,8.929,400,2022-06-06 19:02:00,PTGX
8.92,8.92,8.91,8.91,200,2022-06-06 19:03:00,PTGX
8.91,8.91,8.91,8.91,100,2022-06-06 19:06:00,PTGX
8.91,8.91,8.9,8.91,1236,2022-06-06 19:07:00,PTGX
8.91,8.92,8.91,8.92,1000,2022-06-06 19:10:00,PTGX
8.925,8.925,8.925,8.925,100,2022-06-06 19:11:00,PTGX
8.93,8.94,8.93,8.94,1900,2022-06-06 19:12:00,PTGX
8.95,8.95,8.94,8.945,865,2022-06-06 19:13:00,PTGX
8.94,8.94,8.94,8.94,500,2022-06-06 19:14:00,PTGX
8.94,8.95,8.94,8.95,200,2022-06-06 19:16:00,PTGX
8.94,8.94,8.94,8.94,1800,2022-06-06 19:18:00,PTGX
8.93,8.93,8.93,8.93,801,2022-06-06 19:19:00,PTGX
8.92,8.92,8.92,8.92,200,2022-06-06 19:20:00,PTGX
8.92,8.92,8.89,8.89,2200,2022-06-06 19:21:00,PTGX
8.9,8.9,8.9,8.9,800,2022-06-06 19:22:00,PTGX
8.88,8.88,8.88,8.88,1387,2022-06-06 19:23:00,PTGX
8.86,8.87,8.852,8.852,2549,2022-06-06 19:24:00,PTGX
8.85,8.85,8.84,8.84,2700,2022-06-06 19:25:00,PTGX
8.85,8.85,8.822,8.822,3494,2022-06-06 19:26:00,PTGX
8.82,8.82,8.81,8.81,400,2022-06-06 19:27:00,PTGX
8.82,8.82,8.82,8.82,300,2022-06-06 19:29:00,PTGX
8.82,8.85,8.82,8.85,3562,2022-06-06 19:31:00,PTGX
8.86,8.86,8.86,8.86,100,2022-06-06 19:32:00,PTGX
8.85,8.85,8.83,8.835,2882,2022-06-06 19:33:00,PTGX
8.83,8.83,8.825,8.825,500,2022-06-06 19:34:00,PTGX
8.83,8.83,8.83,8.83,500,2022-06-06 19:35:00,PTGX
8.84,8.85,8.84,8.85,972,2022-06-06 19:36:00,PTGX
8.85,8.85,8.85,8.85,2616,2022-06-06 19:37:00,PTGX
8.86,8.86,8.86,8.86,492,2022-06-06 19:38:00,PTGX
8.86,8.87,8.86,8.87,1747,2022-06-06 19:39:00,PTGX
8.87,8.87,8.861,8.87,2500,2022-06-06 19:40:00,PTGX
8.875,8.889,8.875,8.885,1748,2022-06-06 19:41:00,PTGX
8.885,8.9,8.885,8.9,1000,2022-06-06 19:42:00,PTGX
8.91,8.91,8.895,8.895,1259,2022-06-06 19:43:00,PTGX
8.895,8.895,8.895,8.895,500,2022-06-06 19:44:00,PTGX
8.9,8.9,8.895,8.9,600,2022-06-06 19:45:00,PTGX
8.9,8.9,8.89,8.89,1000,2022-06-06 19:46:00,PTGX
8.89,8.895,8.871,8.871,1459,2022-06-06 19:47:00,PTGX
8.8799,8.88,8.875,8.875,1686,2022-06-06 19:48:00,PTGX
8.88,8.88,8.88,8.88,1394,2022-06-06 19:49:00,PTGX
8.88,8.88,8.84,8.84,5579,2022-06-06 19:50:00,PTGX
8.84,8.84,8.835,8.835,1000,2022-06-06 19:51:00,PTGX
8.835,8.84,8.82,8.835,2775,2022-06-06 19:52:00,PTGX
8.84,8.855,8.84,8.845,4002,2022-06-06 19:53:00,PTGX
8.84,8.86,8.84,8.855,2434,2022-06-06 19:54:00,PTGX
8.85,8.86,8.85,8.855,3410,2022-06-06 19:55:00,PTGX
8.86,8.86,8.85,8.85,700,2022-06-06 19:56:00,PTGX
8.855,8.86,8.85,8.855,1667,2022-06-06 19:57:00,PTGX
8.85,8.89,8.85,8.89,16472,2022-06-06 19:58:00,PTGX
8.89,8.91,8.885,8.9,18860,2022-06-06 19:59:00,PTGX
8.88,8.88,8.88,8.88,126270,2022-06-06 20:00:00,PTGX
8.63,8.63,8.44,8.44,1400,2022-06-07 12:39:00,PTGX
8.81,8.8604,8.69,8.8604,4360,2022-06-07 13:30:00,PTGX
8.84,8.85,8.82,8.84,1700,2022-06-07 13:31:00,PTGX
8.85,8.89,8.85,8.89,300,2022-06-07 13:32:00,PTGX
8.93,9.0,8.93,9.0,400,2022-06-07 13:33:00,PTGX
8.95,8.95,8.85,8.85,1122,2022-06-07 13:34:00,PTGX
8.94,8.94,8.94,8.94,177,2022-06-07 13:36:00,PTGX
8.9021,8.94,8.9021,8.94,400,2022-06-07 13:37:00,PTGX
8.92,8.92,8.89,8.89,300,2022-06-07 13:38:00,PTGX
8.98,8.98,8.98,8.98,100,2022-06-07 13:41:00,PTGX
8.95,8.95,8.95,8.95,200,2022-06-07 13:42:00,PTGX
8.95,9.0,8.95,9.0,600,2022-06-07 13:43:00,PTGX
8.9755,8.98,8.97,8.98,800,2022-06-07 13:44:00,PTGX
8.95,8.95,8.95,8.95,100,2022-06-07 13:45:00,PTGX
8.97,8.97,8.94,8.94,929,2022-06-07 13:46:00,PTGX
8.98,8.98,8.98,8.98,200,2022-06-07 13:49:00,PTGX
9.0,9.0,8.98,8.98,2183,2022-06-07 13:51:00,PTGX
8.97,8.97,8.96,8.96,1150,2022-06-07 13:52:00,PTGX
8.98,8.98,8.97,8.97,600,2022-06-07 13:53:00,PTGX
8.97,8.97,8.96,8.96,200,2022-06-07 13:55:00,PTGX
9.0,9.0,8.98,8.98,1212,2022-06-07 13:58:00,PTGX
8.98,8.98,8.96,8.96,300,2022-06-07 13:59:00,PTGX
8.96,8.965,8.9511,8.965,931,2022-06-07 14:00:00,PTGX
8.955,8.955,8.955,8.955,100,2022-06-07 14:01:00,PTGX
8.97,8.97,8.97,8.97,100,2022-06-07 14:02:00,PTGX
8.96,8.98,8.96,8.98,400,2022-06-07 14:03:00,PTGX
8.97,8.97,8.96,8.96,500,2022-06-07 14:04:00,PTGX
8.95,8.95,8.95,8.95,1900,2022-06-07 14:05:00,PTGX
8.95,8.95,8.95,8.95,263,2022-06-07 14:06:00,PTGX
8.94,8.965,8.94,8.965,2060,2022-06-07 14:07:00,PTGX
8.98,8.98,8.98,8.98,100,2022-06-07 14:09:00,PTGX
8.97,8.98,8.955,8.98,951,2022-06-07 14:10:00,PTGX
8.98,8.98,8.955,8.955,830,2022-06-07 14:11:00,PTGX
8.97,9.0,8.97,9.0,500,2022-06-07 14:12:00,PTGX
9.0,9.015,8.99,9.0,7788,2022-06-07 14:13:00,PTGX
9.0,9.015,9.0,9.01,3483,2022-06-07 14:14:00,PTGX
9.01,9.02,9.0,9.02,2800,2022-06-07 14:15:00,PTGX
9.02,9.02,9.01,9.01,1814,2022-06-07 14:16:00,PTGX
9.02,9.04,9.01,9.0375,8641,2022-06-07 14:17:00,PTGX
9.035,9.0375,9.03,9.03,978,2022-06-07 14:18:00,PTGX
9.02,9.02,9.01,9.01,3727,2022-06-07 14:19:00,PTGX
9.01,9.01,9.0,9.0,3002,2022-06-07 14:20:00,PTGX
9.0,9.0,9.0,9.0,300,2022-06-07 14:21:00,PTGX
9.0,9.0,8.99,9.0,1400,2022-06-07 14:22:00,PTGX
9.0,9.0,8.99,8.99,600,2022-06-07 14:23:00,PTGX
9.0,9.01,9.0,9.01,1367,2022-06-07 14:24:00,PTGX
9.01,9.01,9.0,9.005,1000,2022-06-07 14:25:00,PTGX
9.005,9.005,9.005,9.005,200,2022-06-07 14:27:00,PTGX
9.01,9.01,9.01,9.01,1829,2022-06-07 14:28:00,PTGX
9.01,9.01,9.01,9.01,814,2022-06-07 14:29:00,PTGX
9.01,9.01,9.0,9.0,2298,2022-06-07 14:30:00,PTGX
9.0,9.0,8.99,8.99,1315,2022-06-07 14:31:00,PTGX
8.99,9.0,8.99,9.0,1400,2022-06-07 14:32:00,PTGX
9.0,9.0,9.0,9.0,400,2022-06-07 14:33:00,PTGX
9.0,9.0,9.0,9.0,100,2022-06-07 14:34:00,PTGX
9.0,9.0,8.995,9.0,1100,2022-06-07 14:35:00,PTGX
9.0,9.01,9.0,9.005,4838,2022-06-07 14:36:00,PTGX
9.0,9.02,9.0,9.02,2365,2022-06-07 14:37:00,PTGX
9.01,9.01,9.01,9.01,400,2022-06-07 14:38:00,PTGX
9.01,9.01,9.01,9.01,1115,2022-06-07 14:39:00,PTGX
9.01,9.01,9.0,9.01,21075,2022-06-07 14:40:00,PTGX
9.01,9.04,9.0,9.03,11127,2022-06-07 14:41:00,PTGX
9.03,9.05,9.03,9.04,8716,2022-06-07 14:42:00,PTGX
9.04,9.08,9.04,9.06,16074,2022-06-07 14:43:00,PTGX
9.055,9.09,9.0,9.07,59343,2022-06-07 14:44:00,PTGX
9.07,9.09,9.07,9.08,4750,2022-06-07 14:45:00,PTGX
9.08,9.09,9.08,9.08,4334,2022-06-07 14:46:00,PTGX
9.09,9.1,9.09,9.095,5352,2022-06-07 14:47:00,PTGX
9.095,9.1,9.095,9.1,2648,2022-06-07 14:48:00,PTGX
9.095,9.11,9.095,9.11,1458,2022-06-07 14:49:00,PTGX
9.1,9.1,9.07,9.07,1991,2022-06-07 14:50:00,PTGX
9.075,9.075,9.065,9.065,1127,2022-06-07 14:51:00,PTGX
9.06,9.06,9.06,9.06,1029,2022-06-07 14:52:00,PTGX
9.06,9.06,9.05,9.05,300,2022-06-07 14:53:00,PTGX
9.05,9.06,9.05,9.05,949,2022-06-07 14:54:00,PTGX
9.04,9.04,9.04,9.04,100,2022-06-07 14:55:00,PTGX
9.03,9.03,9.03,9.03,100,2022-06-07 14:56:00,PTGX
9.02,9.02,8.99,9.0,5076,2022-06-07 14:58:00,PTGX
9.0,9.0,8.99,8.995,1215,2022-06-07 14:59:00,PTGX
9.0,9.0,8.995,9.0,1748,2022-06-07 15:00:00,PTGX
9.0,9.02,9.0,9.02,2874,2022-06-07 15:01:00,PTGX
9.02,9.04,9.02,9.04,600,2022-06-07 15:02:00,PTGX
9.02,9.02,9.02,9.02,800,2022-06-07 15:03:00,PTGX
9.02,9.02,9.0,9.0,700,2022-06-07 15:04:00,PTGX
8.98,8.98,8.98,8.98,1145,2022-06-07 15:05:00,PTGX
8.97,8.97,8.95,8.95,1465,2022-06-07 15:06:00,PTGX
8.96,8.97,8.96,8.97,600,2022-06-07 15:07:00,PTGX
8.97,8.97,8.97,8.97,131,2022-06-07 15:08:00,PTGX
8.98,9.0,8.98,9.0,2083,2022-06-07 15:10:00,PTGX
9.0,9.0,8.99,8.99,5304,2022-06-07 15:11:00,PTGX
8.98,8.985,8.98,8.985,400,2022-06-07 15:12:00,PTGX
8.99,8.99,8.98,8.99,1471,2022-06-07 15:13:00,PTGX
8.995,9.005,8.995,9.0,2136,2022-06-07 15:16:00,PTGX
9.0,9.0,8.99,8.995,400,2022-06-07 15:17:00,PTGX
9.0,9.0,9.0,9.0,100,2022-06-07 15:18:00,PTGX
8.99,8.99,8.98,8.98,1200,2022-06-07 15:19:00,PTGX
8.98,8.98,8.98,8.98,300,2022-06-07 15:20:00,PTGX
8.98,8.98,8.98,8.98,2200,2022-06-07 15:21:00,PTGX
8.99,8.99,8.98,8.98,1340,2022-06-07 15:22:00,PTGX
8.99,9.0,8.99,9.0,300,2022-06-07 15:23:00,PTGX
8.99,8.99,8.99,8.99,200,2022-06-07 15:25:00,PTGX
8.99,8.99,8.99,8.99,800,2022-06-07 15:27:00,PTGX
8.99,8.99,8.985,8.985,600,2022-06-07 15:28:00,PTGX
8.98,8.99,8.98,8.99,1000,2022-06-07 15:29:00,PTGX
8.98,8.98,8.93,8.94,1789,2022-06-07 15:30:00,PTGX
8.95,8.96,8.95,8.95,2467,2022-06-07 15:31:00,PTGX
8.95,8.95,8.945,8.945,908,2022-06-07 15:32:00,PTGX
8.94,8.94,8.925,8.935,500,2022-06-07 15:33:00,PTGX
8.93,8.93,8.925,8.925,400,2022-06-07 15:34:00,PTGX
8.925,8.95,8.925,8.95,1942,2022-06-07 15:35:00,PTGX
8.95,8.9609,8.95,8.96,2431,2022-06-07 15:36:00,PTGX
8.96,8.97,8.96,8.97,316,2022-06-07 15:37:00,PTGX
8.96,8.96,8.96,8.96,400,2022-06-07 15:38:00,PTGX
8.97,8.99,8.97,8.99,3791,2022-06-07 15:39:00,PTGX
8.99,8.99,8.98,8.98,744,2022-06-07 15:40:00,PTGX
8.98,9.0,8.98,9.0,400,2022-06-07 15:41:00,PTGX
9.0,9.0,8.99,9.0,1800,2022-06-07 15:42:00,PTGX
8.99,9.0,8.99,8.99,300,2022-06-07 15:43:00,PTGX
8.99,8.99,8.99,8.99,100,2022-06-07 15:44:00,PTGX
9.0,9.0,9.0,9.0,100,2022-06-07 15:45:00,PTGX
8.99,8.99,8.99,8.99,200,2022-06-07 15:46:00,PTGX
8.98,8.98,8.97,8.97,1849,2022-06-07 15:47:00,PTGX
8.98,8.99,8.98,8.99,2393,2022-06-07 15:48:00,PTGX
8.995,8.995,8.99,8.99,400,2022-06-07 15:49:00,PTGX
8.99,9.0,8.99,9.0,732,2022-06-07 15:50:00,PTGX
9.0,9.0,9.0,9.0,1300,2022-06-07 15:51:00,PTGX
9.0075,9.01,9.0,9.01,610,2022-06-07 15:52:00,PTGX
9.01,9.01,9.0,9.0,2068,2022-06-07 15:53:00,PTGX
8.99,8.99,8.99,8.99,100,2022-06-07 15:54:00,PTGX
8.99,8.99,8.99,8.99,500,2022-06-07 15:55:00,PTGX
9.0,9.0,9.0,9.0,100,2022-06-07 15:56:00,PTGX
8.99,8.99,8.99,8.99,100,2022-06-07 15:57:00,PTGX
9.0,9.0,9.0,9.0,1724,2022-06-07 15:58:00,PTGX
9.01,9.02,9.01,9.01,2018,2022-06-07 15:59:00,PTGX
9.01,9.01,9.01,9.01,100,2022-06-07 16:00:00,PTGX
9.0,9.0,8.98,8.98,1700,2022-06-07 16:02:00,PTGX
8.97,8.98,8.97,8.98,200,2022-06-07 16:04:00,PTGX
8.98,8.98,8.96,8.96,1426,2022-06-07 16:05:00,PTGX
8.965,8.97,8.965,8.965,500,2022-06-07 16:06:00,PTGX
8.99,8.99,8.99,8.99,701,2022-06-07 16:07:00,PTGX
8.99,8.99,8.99,8.99,100,2022-06-07 16:08:00,PTGX
8.99,8.99,8.99,8.99,100,2022-06-07 16:09:00,PTGX
8.98,8.985,8.96,8.98,2100,2022-06-07 16:11:00,PTGX
8.99,8.995,8.99,8.99,600,2022-06-07 16:12:00,PTGX
9.0,9.0,8.98,8.98,700,2022-06-07 16:14:00,PTGX
8.98,8.98,8.97,8.97,1100,2022-06-07 16:15:00,PTGX
8.965,8.97,8.96,8.97,1108,2022-06-07 16:16:00,PTGX
8.98,8.98,8.98,8.98,100,2022-06-07 16:18:00,PTGX
8.99,8.998,8.99,8.995,900,2022-06-07 16:20:00,PTGX
8.99,8.99,8.99,8.99,873,2022-06-07 16:21:00,PTGX
9.0,9.0,9.0,9.0,100,2022-06-07 16:22:00,PTGX
9.0,9.0,8.99,8.998,3173,2022-06-07 16:23:00,PTGX
8.995,8.995,8.995,8.995,100,2022-06-07 16:24:00,PTGX
8.995,8.995,8.995,8.995,100,2022-06-07 16:26:00,PTGX
9.0,9.0,9.0,9.0,2712,2022-06-07 16:27:00,PTGX
9.0082,9.0082,9.0,9.0,934,2022-06-07 16:28:00,PTGX
8.99,8.99,8.98,8.99,1623,2022-06-07 16:29:00,PTGX
8.985,8.985,8.98,8.98,909,2022-06-07 16:30:00,PTGX
8.99,8.99,8.99,8.99,100,2022-06-07 16:31:00,PTGX
8.99,8.99,8.99,8.99,300,2022-06-07 16:32:00,PTGX
8.99,9.008,8.99,9.008,1070,2022-06-07 16:33:00,PTGX
9.01,9.01,9.0,9.0,1424,2022-06-07 16:34:00,PTGX
9.0,9.0,9.0,9.0,400,2022-06-07 16:35:00,PTGX
8.9901,9.0,8.9901,9.0,771,2022-06-07 16:36:00,PTGX
9.0,9.0,9.0,9.0,300,2022-06-07 16:37:00,PTGX
8.99,8.995,8.99,8.99,1542,2022-06-07 16:38:00,PTGX
8.99,9.0,8.99,9.0,200,2022-06-07 16:39:00,PTGX
9.0,9.0,9.0,9.0,600,2022-06-07 16:40:00,PTGX
9.0,9.0,9.0,9.0,400,2022-06-07 16:41:00,PTGX
9.0,9.0,9.0,9.0,200,2022-06-07 16:42:00,PTGX
9.005,9.005,9.005,9.005,100,2022-06-07 16:43:00,PTGX
9.0,9.005,9.0,9.005,431,2022-06-07 16:44:00,PTGX
9.0,9.0,9.0,9.0,300,2022-06-07 16:45:00,PTGX
9.0,9.0,9.0,9.0,1631,2022-06-07 16:46:00,PTGX
9.0,9.0,9.0,9.0,100,2022-06-07 16:47:00,PTGX
9.01,9.01,9.01,9.01,100,2022-06-07 16:48:00,PTGX
9.0,9.0,9.0,9.0,400,2022-06-07 16:49:00,PTGX
8.99,8.99,8.99,8.99,741,2022-06-07 16:50:00,PTGX
8.985,8.99,8.985,8.99,980,2022-06-07 16:52:00,PTGX
8.99,8.99,8.99,8.99,548,2022-06-07 16:53:00,PTGX
9.0,9.0,8.99,8.99,600,2022-06-07 16:54:00,PTGX
8.995,8.995,8.995,8.995,100,2022-06-07 16:55:00,PTGX
8.995,8.995,8.99,8.99,373,2022-06-07 16:56:00,PTGX
8.99,8.99,8.99,8.99,100,2022-06-07 16:57:00,PTGX
8.99,8.99,8.99,8.99,600,2022-06-07 16:58:00,PTGX
8.985,8.99,8.98,8.99,400,2022-06-07 16:59:00,PTGX
9.0,9.0,8.99,8.99,1314,2022-06-07 17:01:00,PTGX
8.995,8.995,8.995,8.995,100,2022-06-07 17:02:00,PTGX
8.995,8.995,8.995,8.995,100,2022-06-07 17:03:00,PTGX
9.0,9.0,8.999,9.0,1949,2022-06-07 17:04:00,PTGX
9.0,9.0,8.99,8.99,700,2022-06-07 17:06:00,PTGX
8.99,8.99,8.99,8.99,700,2022-06-07 17:07:00,PTGX
9.0,9.0,9.0,9.0,200,2022-06-07 17:08:00,PTGX
9.0,9.0,9.0,9.0,100,2022-06-07 17:10:00,PTGX
8.995,8.995,8.99,8.99,800,2022-06-07 17:11:00,PTGX
8.99,8.99,8.99,8.99,200,2022-06-07 17:12:00,PTGX
8.985,8.995,8.985,8.995,200,2022-06-07 17:16:00,PTGX
8.99,8.99,8.99,8.99,100,2022-06-07 17:17:00,PTGX
8.99,8.99,8.99,8.99,100,2022-06-07 17:20:00,PTGX
9.0,9.0,9.0,9.0,100,2022-06-07 17:22:00,PTGX
8.995,8.995,8.98,8.98,1500,2022-06-07 17:23:00,PTGX
8.975,8.975,8.975,8.975,200,2022-06-07 17:24:00,PTGX
8.98,8.98,8.98,8.98,100,2022-06-07 17:25:00,PTGX
8.97,8.97,8.97,8.97,100,2022-06-07 17:26:00,PTGX
8.965,8.965,8.96,8.96,600,2022-06-07 17:30:00,PTGX
8.96,8.97,8.96,8.97,200,2022-06-07 17:31:00,PTGX
8.97,8.97,8.97,8.97,1312,2022-06-07 17:32:00,PTGX
8.99,8.99,8.98,8.98,300,2022-06-07 17:34:00,PTGX
8.99,8.99,8.98,8.98,300,2022-06-07 17:35:00,PTGX
8.98,8.99,8.98,8.98,400,2022-06-07 17:36:00,PTGX
8.98,8.98,8.98,8.98,100,2022-06-07 17:37:00,PTGX
8.98,8.98,8.98,8.98,500,2022-06-07 17:38:00,PTGX
8.98,8.98,8.98,8.98,200,2022-06-07 17:39:00,PTGX
8.98,8.99,8.98,8.99,400,2022-06-07 17:40:00,PTGX
8.99,8.99,8.98,8.98,200,2022-06-07 17:41:00,PTGX
8.98,8.99,8.98,8.98,501,2022-06-07 17:42:00,PTGX
8.99,8.99,8.96,8.96,2082,2022-06-07 17:43:00,PTGX
8.97,8.97,8.97,8.97,800,2022-06-07 17:44:00,PTGX
8.97,8.98,8.97,8.98,445,2022-06-07 17:45:00,PTGX
8.98,9.01,8.98,9.01,5602,2022-06-07 17:46:00,PTGX
9.01,9.01,9.01,9.01,100,2022-06-07 17:47:00,PTGX
9.0,9.01,8.99,9.0,2391,2022-06-07 17:48:00,PTGX
9.02,9.02,9.02,9.02,131,2022-06-07 17:49:00,PTGX
9.03,9.03,9.03,9.03,100,2022-06-07 17:50:00,PTGX
9.03,9.04,9.03,9.04,3077,2022-06-07 17:51:00,PTGX
9.04,9.04,9.04,9.04,300,2022-06-07 17:52:00,PTGX
9.04,9.04,9.04,9.04,100,2022-06-07 17:53:00,PTGX
9.04,9.04,9.04,9.04,100,2022-06-07 17:54:00,PTGX
9.03,9.03,9.03,9.03,300,2022-06-07 17:55:00,PTGX
9.03,9.03,9.03,9.03,691,2022-06-07 17:56:00,PTGX
9.04,9.05,9.04,9.05,600,2022-06-07 17:58:00,PTGX
9.05,9.05,9.05,9.05,100,2022-06-07 17:59:00,PTGX
9.04,9.04,9.03,9.03,1000,2022-06-07 18:00:00,PTGX
9.05,9.06,9.05,9.06,1110,2022-06-07 18:01:00,PTGX
9.06,9.06,9.06,9.06,100,2022-06-07 18:02:00,PTGX
9.07,9.07,9.07,9.07,300,2022-06-07 18:03:00,PTGX
9.07,9.07,9.07,9.07,410,2022-06-07 18:04:00,PTGX
9.07,9.08,9.07,9.08,912,2022-06-07 18:07:00,PTGX
9.08,9.08,9.08,9.08,301,2022-06-07 18:08:00,PTGX
9.08,9.08,9.08,9.08,200,2022-06-07 18:09:00,PTGX
9.08,9.08,9.08,9.08,1081,2022-06-07 18:10:00,PTGX
9.07,9.07,9.07,9.07,500,2022-06-07 18:11:00,PTGX
9.06,9.06,9.06,9.06,200,2022-06-07 18:12:00,PTGX
9.065,9.07,9.065,9.07,900,2022-06-07 18:13:00,PTGX
9.07,9.07,9.07,9.07,100,2022-06-07 18:16:00,PTGX
9.075,9.075,9.07,9.07,464,2022-06-07 18:20:00,PTGX
9.075,9.075,9.075,9.075,100,2022-06-07 18:23:00,PTGX
9.08,9.08,9.08,9.08,100,2022-06-07 18:24:00,PTGX
9.07,9.07,9.06,9.07,2099,2022-06-07 18:25:00,PTGX
9.07,9.07,9.07,9.07,100,2022-06-07 18:27:00,PTGX
9.08,9.08,9.07,9.07,200,2022-06-07 18:30:00,PTGX
9.08,9.08,9.08,9.08,500,2022-06-07 18:33:00,PTGX
9.08,9.08,9.08,9.08,100,2022-06-07 18:34:00,PTGX
9.08,9.09,9.08,9.09,600,2022-06-07 18:35:00,PTGX
9.1,9.1,9.1,9.1,100,2022-06-07 18:36:00,PTGX
9.1,9.1,9.095,9.1,700,2022-06-07 18:37:00,PTGX
9.1,9.1,9.1,9.1,500,2022-06-07 18:38:00,PTGX
9.1,9.1,9.095,9.095,200,2022-06-07 18:41:00,PTGX
9.09,9.09,9.09,9.09,600,2022-06-07 18:42:00,PTGX
9.08,9.08,9.08,9.08,1231,2022-06-07 18:43:00,PTGX
9.08,9.08,9.07,9.07,1596,2022-06-07 18:44:00,PTGX
9.07,9.07,9.07,9.07,100,2022-06-07 18:45:00,PTGX
9.07,9.07,9.07,9.07,200,2022-06-07 18:46:00,PTGX
9.06,9.06,9.05,9.06,700,2022-06-07 18:47:00,PTGX
9.07,9.07,9.07,9.07,100,2022-06-07 18:48:00,PTGX
9.08,9.08,9.07,9.07,597,2022-06-07 18:50:00,PTGX
9.08,9.08,9.08,9.08,200,2022-06-07 18:51:00,PTGX
9.085,9.088,9.085,9.088,200,2022-06-07 18:52:00,PTGX
9.1,9.1,9.1,9.1,100,2022-06-07 18:53:00,PTGX
9.11,9.11,9.11,9.11,100,2022-06-07 18:54:00,PTGX
9.1,9.1,9.08,9.08,600,2022-06-07 18:55:00,PTGX
9.085,9.09,9.085,9.085,300,2022-06-07 18:56:00,PTGX
9.085,9.09,9.085,9.09,1176,2022-06-07 18:57:00,PTGX
9.11,9.11,9.11,9.11,200,2022-06-07 18:59:00,PTGX
9.11,9.12,9.11,9.12,331,2022-06-07 19:00:00,PTGX
9.125,9.13,9.125,9.13,200,2022-06-07 19:01:00,PTGX
9.14,9.14,9.12,9.12,723,2022-06-07 19:02:00,PTGX
9.12,9.12,9.12,9.12,100,2022-06-07 19:04:00,PTGX
9.12,9.13,9.12,9.13,700,2022-06-07 19:06:00,PTGX
9.13,9.13,9.13,9.13,300,2022-06-07 19:08:00,PTGX
9.135,9.135,9.135,9.135,100,2022-06-07 19:09:00,PTGX
9.135,9.14,9.135,9.14,600,2022-06-07 19:10:00,PTGX
9.14,9.14,9.135,9.14,992,2022-06-07 19:11:00,PTGX
9.15,9.15,9.15,9.15,450,2022-06-07 19:13:00,PTGX
9.15,9.15,9.15,9.15,1110,2022-06-07 19:14:00,PTGX
9.15,9.15,9.15,9.15,201,2022-06-07 19:15:00,PTGX
9.15,9.16,9.15,9.15,1411,2022-06-07 19:17:00,PTGX
9.155,9.155,9.155,9.155,100,2022-06-07 19:18:00,PTGX
9.165,9.165,9.165,9.165,300,2022-06-07 19:20:00,PTGX
9.17,9.18,9.17,9.18,300,2022-06-07 19:21:00,PTGX
9.18,9.19,9.18,9.18,900,2022-06-07 19:22:00,PTGX
9.185,9.19,9.18,9.18,400,2022-06-07 19:23:00,PTGX
9.18,9.18,9.175,9.18,1300,2022-06-07 19:24:00,PTGX
9.18,9.18,9.1701,9.1701,796,2022-06-07 19:25:00,PTGX
9.1798,9.18,9.175,9.18,592,2022-06-07 19:26:00,PTGX
9.19,9.19,9.19,9.19,300,2022-06-07 19:27:00,PTGX
9.19,9.19,9.19,9.19,600,2022-06-07 19:28:00,PTGX
9.185,9.21,9.185,9.21,2001,2022-06-07 19:30:00,PTGX
9.21,9.21,9.21,9.21,865,2022-06-07 19:31:00,PTGX
9.205,9.21,9.205,9.21,790,2022-06-07 19:32:00,PTGX
9.21,9.21,9.21,9.21,306,2022-06-07 19:33:00,PTGX
9.22,9.22,9.22,9.22,2613,2022-06-07 19:34:00,PTGX
9.22,9.23,9.22,9.23,2789,2022-06-07 19:35:00,PTGX
9.235,9.235,9.23,9.23,4013,2022-06-07 19:36:00,PTGX
9.231,9.231,9.231,9.231,175,2022-06-07 19:37:00,PTGX
9.235,9.25,9.235,9.25,1500,2022-06-07 19:38:00,PTGX
9.255,9.26,9.255,9.26,500,2022-06-07 19:39:00,PTGX
9.26,9.26,9.23,9.23,47267,2022-06-07 19:40:00,PTGX
9.235,9.24,9.221,9.221,1990,2022-06-07 19:41:00,PTGX
9.22,9.225,9.22,9.225,355,2022-06-07 19:42:00,PTGX
9.221,9.221,9.195,9.2,2910,2022-06-07 19:43:00,PTGX
9.195,9.2,9.191,9.191,1000,2022-06-07 19:44:00,PTGX
9.2,9.2,9.195,9.2,5607,2022-06-07 19:45:00,PTGX
9.2,9.2,9.2,9.2,100,2022-06-07 19:46:00,PTGX
9.19,9.19,9.18,9.185,1172,2022-06-07 19:47:00,PTGX
9.19,9.19,9.175,9.175,1562,2022-06-07 19:48:00,PTGX
9.1791,9.185,9.17,9.185,1604,2022-06-07 19:49:00,PTGX
9.19,9.23,9.19,9.225,5405,2022-06-07 19:50:00,PTGX
9.22,9.22,9.21,9.22,2357,2022-06-07 19:51:00,PTGX
9.22,9.22,9.21,9.22,1444,2022-06-07 19:52:00,PTGX
9.215,9.215,9.21,9.21,600,2022-06-07 19:53:00,PTGX
9.21,9.215,9.205,9.215,2568,2022-06-07 19:54:00,PTGX
9.215,9.22,9.205,9.205,2088,2022-06-07 19:55:00,PTGX
9.21,9.21,9.205,9.205,1585,2022-06-07 19:56:00,PTGX
9.205,9.21,9.2,9.205,2360,2022-06-07 19:57:00,PTGX
9.21,9.21,9.2,9.21,7762,2022-06-07 19:58:00,PTGX
9.205,9.22,9.19,9.2,12728,2022-06-07 19:59:00,PTGX
9.21,9.21,9.21,9.21,149651,2022-06-07 20:00:00,PTGX
9.21,9.21,9.21,9.21,5585,2022-06-07 20:02:00,PTGX
9.5,9.5,9.5,9.5,250,2022-06-07 21:16:00,PTGX
9.03,9.03,9.03,9.03,169,2022-06-07 21:48:00,PTGX
9.11,9.185,9.1,9.185,3919,2022-06-08 13:30:00,PTGX
9.18,9.18,9.12,9.12,400,2022-06-08 13:31:00,PTGX
9.19,9.19,9.19,9.19,400,2022-06-08 13:33:00,PTGX
9.25,9.25,9.24,9.24,500,2022-06-08 13:34:00,PTGX
9.25,9.29,9.25,9.29,600,2022-06-08 13:35:00,PTGX
9.32,9.33,9.3,9.33,1116,2022-06-08 13:36:00,PTGX
9.32,9.35,9.31,9.31,1600,2022-06-08 13:38:00,PTGX
9.31,9.31,9.24,9.27,4435,2022-06-08 13:39:00,PTGX
9.24,9.24,9.15,9.16,5138,2022-06-08 13:40:00,PTGX
9.185,9.23,9.185,9.22,1764,2022-06-08 13:41:00,PTGX
9.21,9.22,9.2,9.2,1855,2022-06-08 13:42:00,PTGX
9.2,9.23,9.2,9.22,1696,2022-06-08 13:43:00,PTGX
9.21,9.25,9.21,9.25,1088,2022-06-08 13:44:00,PTGX
9.21,9.215,9.18,9.19,2093,2022-06-08 13:45:00,PTGX
9.23,9.265,9.23,9.25,2190,2022-06-08 13:46:00,PTGX
9.26,9.31,9.26,9.29,1473,2022-06-08 13:47:00,PTGX
9.295,9.3,9.295,9.3,300,2022-06-08 13:48:00,PTGX
9.3,9.3,9.28,9.3,2325,2022-06-08 13:49:00,PTGX
9.29,9.29,9.29,9.29,600,2022-06-08 13:50:00,PTGX
9.3,9.305,9.3,9.3,1243,2022-06-08 13:51:00,PTGX
9.3,9.3,9.275,9.275,800,2022-06-08 13:52:00,PTGX
9.26,9.26,9.24,9.24,400,2022-06-08 13:53:00,PTGX
9.27,9.31,9.27,9.3,3630,2022-06-08 13:54:00,PTGX
9.3,9.33,9.3,9.33,1876,2022-06-08 13:55:00,PTGX
9.335,9.335,9.335,9.335,200,2022-06-08 13:56:00,PTGX
9.34,9.34,9.34,9.34,100,2022-06-08 13:57:00,PTGX
9.34,9.34,9.34,9.34,300,2022-06-08 13:58:00,PTGX
9.35,9.35,9.335,9.34,600,2022-06-08 13:59:00,PTGX
9.35,9.35,9.33,9.33,500,2022-06-08 14:00:00,PTGX
9.32,9.3425,9.31,9.3425,400,2022-06-08 14:01:00,PTGX
9.32,9.32,9.31,9.315,1100,2022-06-08 14:02:00,PTGX
9.35,9.35,9.35,9.35,594,2022-06-08 14:03:00,PTGX
9.35,9.35,9.32,9.32,3327,2022-06-08 14:04:00,PTGX
9.32,9.35,9.31,9.35,300,2022-06-08 14:05:00,PTGX
9.34,9.36,9.34,9.34,831,2022-06-08 14:06:00,PTGX
9.33,9.34,9.33,9.34,200,2022-06-08 14:07:00,PTGX
9.32,9.35,9.31,9.35,1495,2022-06-08 14:08:00,PTGX
9.35,9.35,9.335,9.34,1418,2022-06-08 14:09:00,PTGX
9.32,9.32,9.32,9.32,200,2022-06-08 14:10:00,PTGX
9.31,9.33,9.31,9.33,200,2022-06-08 14:11:00,PTGX
9.34,9.35,9.34,9.35,300,2022-06-08 14:12:00,PTGX
9.35,9.36,9.34,9.35,2639,2022-06-08 14:13:00,PTGX
9.34,9.34,9.29,9.29,2798,2022-06-08 14:14:00,PTGX
9.31,9.33,9.31,9.33,918,2022-06-08 14:15:00,PTGX
9.33,9.33,9.31,9.32,500,2022-06-08 14:16:00,PTGX
9.305,9.305,9.28,9.28,500,2022-06-08 14:17:00,PTGX
9.285,9.285,9.27,9.28,900,2022-06-08 14:18:00,PTGX
9.285,9.285,9.285,9.285,100,2022-06-08 14:19:00,PTGX
9.29,9.29,9.26,9.275,900,2022-06-08 14:20:00,PTGX
9.27,9.28,9.27,9.28,500,2022-06-08 14:21:00,PTGX
9.29,9.29,9.265,9.265,1750,2022-06-08 14:22:00,PTGX
9.26,9.26,9.25,9.255,300,2022-06-08 14:23:00,PTGX
9.25,9.265,9.25,9.265,300,2022-06-08 14:24:00,PTGX
9.26,9.26,9.22,9.24,700,2022-06-08 14:25:00,PTGX
9.23,9.23,9.23,9.23,400,2022-06-08 14:26:00,PTGX
9.23,9.25,9.23,9.25,1010,2022-06-08 14:27:00,PTGX
9.23,9.23,9.22,9.23,1200,2022-06-08 14:28:00,PTGX
9.23,9.23,9.23,9.23,200,2022-06-08 14:29:00,PTGX
9.23,9.26,9.22,9.25,3926,2022-06-08 14:30:00,PTGX
9.265,9.31,9.265,9.31,1608,2022-06-08 14:31:00,PTGX
9.33,9.33,9.33,9.33,100,2022-06-08 14:32:00,PTGX
9.375,9.375,9.375,9.375,300,2022-06-08 14:34:00,PTGX
9.36,9.36,9.35,9.35,800,2022-06-08 14:35:00,PTGX
9.365,9.39,9.365,9.39,501,2022-06-08 14:36:00,PTGX
9.37,9.375,9.36,9.37,2492,2022-06-08 14:37:00,PTGX
9.385,9.39,9.38,9.38,677,2022-06-08 14:39:00,PTGX
9.398,9.4,9.39,9.39,1040,2022-06-08 14:40:00,PTGX
9.4,9.4,9.4,9.4,325,2022-06-08 14:41:00,PTGX
9.39,9.395,9.38,9.38,2209,2022-06-08 14:42:00,PTGX
9.38,9.38,9.38,9.38,700,2022-06-08 14:43:00,PTGX
9.37,9.37,9.35,9.355,3568,2022-06-08 14:44:00,PTGX
9.36,9.38,9.36,9.38,661,2022-06-08 14:45:00,PTGX
9.38,9.38,9.38,9.38,100,2022-06-08 14:46:00,PTGX
9.3755,9.3755,9.37,9.37,501,2022-06-08 14:47:00,PTGX
9.38,9.38,9.37,9.38,881,2022-06-08 14:48:00,PTGX
9.37,9.37,9.37,9.37,210,2022-06-08 14:49:00,PTGX
9.4,9.41,9.4,9.41,2321,2022-06-08 14:50:00,PTGX
9.42,9.43,9.42,9.43,908,2022-06-08 14:51:00,PTGX
9.44,9.44,9.43,9.43,1433,2022-06-08 14:52:00,PTGX
9.44,9.44,9.44,9.44,371,2022-06-08 14:53:00,PTGX
9.45,9.46,9.45,9.46,786,2022-06-08 14:54:00,PTGX
9.44,9.44,9.42,9.42,1878,2022-06-08 14:55:00,PTGX
9.42,9.42,9.4,9.4,2310,2022-06-08 14:56:00,PTGX
9.39,9.39,9.39,9.39,100,2022-06-08 14:57:00,PTGX
9.38,9.41,9.38,9.41,1347,2022-06-08 14:58:00,PTGX
9.38,9.39,9.3675,9.38,2424,2022-06-08 14:59:00,PTGX
9.37,9.37,9.36,9.36,1161,2022-06-08 15:00:00,PTGX
9.35,9.35,9.35,9.35,200,2022-06-08 15:01:00,PTGX
9.36,9.36,9.36,9.36,100,2022-06-08 15:02:00,PTGX
9.36,9.36,9.35,9.35,900,2022-06-08 15:03:00,PTGX
9.36,9.37,9.36,9.36,700,2022-06-08 15:04:00,PTGX
9.37,9.39,9.37,9.38,1156,2022-06-08 15:05:00,PTGX
9.39,9.39,9.38,9.385,800,2022-06-08 15:06:00,PTGX
9.38,9.38,9.365,9.365,1649,2022-06-08 15:08:00,PTGX
9.37,9.37,9.37,9.37,500,2022-06-08 15:09:00,PTGX
9.35,9.36,9.35,9.355,600,2022-06-08 15:10:00,PTGX
9.38,9.39,9.38,9.38,3639,2022-06-08 15:11:00,PTGX
9.39,9.42,9.375,9.4,1800,2022-06-08 15:12:00,PTGX
9.39,9.4,9.39,9.4,600,2022-06-08 15:13:00,PTGX
9.39,9.39,9.37,9.37,1610,2022-06-08 15:14:00,PTGX
9.4,9.4,9.4,9.4,300,2022-06-08 15:16:00,PTGX
9.39,9.4,9.39,9.4,300,2022-06-08 15:17:00,PTGX
9.395,9.395,9.36,9.36,1200,2022-06-08 15:18:00,PTGX
9.35,9.355,9.35,9.355,400,2022-06-08 15:19:00,PTGX
9.34,9.34,9.34,9.34,317,2022-06-08 15:20:00,PTGX
9.36,9.38,9.36,9.38,671,2022-06-08 15:21:00,PTGX
9.37,9.37,9.37,9.37,483,2022-06-08 15:22:00,PTGX
9.36,9.36,9.36,9.36,100,2022-06-08 15:23:00,PTGX
9.36,9.36,9.36,9.36,300,2022-06-08 15:24:00,PTGX
9.35,9.36,9.35,9.35,339,2022-06-08 15:25:00,PTGX
9.37,9.38,9.37,9.38,400,2022-06-08 15:26:00,PTGX
9.37,9.37,9.36,9.36,2300,2022-06-08 15:27:00,PTGX
9.37,9.37,9.37,9.37,100,2022-06-08 15:28:00,PTGX
9.37,9.37,9.37,9.37,100,2022-06-08 15:29:00,PTGX
9.36,9.36,9.34,9.345,995,2022-06-08 15:30:00,PTGX
9.37,9.37,9.37,9.37,491,2022-06-08 15:31:00,PTGX
9.36,9.37,9.35,9.37,900,2022-06-08 15:32:00,PTGX
9.36,9.36,9.36,9.36,200,2022-06-08 15:34:00,PTGX
9.36,9.38,9.35,9.35,3033,2022-06-08 15:35:00,PTGX
9.36,9.36,9.36,9.36,200,2022-06-08 15:36:00,PTGX
9.36,9.38,9.36,9.38,608,2022-06-08 15:37:00,PTGX
9.36,9.36,9.35,9.36,1389,2022-06-08 15:38:00,PTGX
9.36,9.36,9.36,9.36,100,2022-06-08 15:39:00,PTGX
9.37,9.38,9.3502,9.38,1720,2022-06-08 15:40:00,PTGX
9.35,9.35,9.33,9.34,2000,2022-06-08 15:41:00,PTGX
9.33,9.345,9.33,9.33,400,2022-06-08 15:42:00,PTGX
9.33,9.33,9.325,9.33,461,2022-06-08 15:43:00,PTGX
9.32,9.32,9.31,9.31,700,2022-06-08 15:44:00,PTGX
9.32,9.34,9.32,9.32,900,2022-06-08 15:45:00,PTGX
9.33,9.34,9.32,9.335,1124,2022-06-08 15:46:00,PTGX
9.33,9.33,9.33,9.33,100,2022-06-08 15:47:00,PTGX
9.33,9.33,9.33,9.33,100,2022-06-08 15:48:00,PTGX
9.32,9.33,9.32,9.33,244,2022-06-08 15:49:00,PTGX
9.325,9.325,9.325,9.325,200,2022-06-08 15:50:00,PTGX
9.32,9.32,9.31,9.31,697,2022-06-08 15:51:00,PTGX
9.32,9.32,9.31,9.31,300,2022-06-08 15:52:00,PTGX
9.32,9.32,9.32,9.32,100,2022-06-08 15:53:00,PTGX
9.31,9.31,9.31,9.31,300,2022-06-08 15:55:00,PTGX
9.3,9.33,9.3,9.33,1645,2022-06-08 15:56:00,PTGX
9.33,9.33,9.31,9.315,1533,2022-06-08 15:57:00,PTGX
9.31,9.31,9.31,9.31,200,2022-06-08 15:58:00,PTGX
9.31,9.31,9.29,9.3,1100,2022-06-08 15:59:00,PTGX
9.3,9.3,9.29,9.29,532,2022-06-08 16:00:00,PTGX
9.305,9.31,9.305,9.31,300,2022-06-08 16:02:00,PTGX
9.31,9.31,9.3,9.3,400,2022-06-08 16:03:00,PTGX
9.29,9.29,9.29,9.29,301,2022-06-08 16:04:00,PTGX
9.28,9.28,9.28,9.28,821,2022-06-08 16:05:00,PTGX
9.27,9.29,9.27,9.29,704,2022-06-08 16:06:00,PTGX
9.29,9.29,9.28,9.28,200,2022-06-08 16:07:00,PTGX
9.28,9.28,9.27,9.27,500,2022-06-08 16:08:00,PTGX
9.27,9.27,9.27,9.27,200,2022-06-08 16:09:00,PTGX
9.26,9.27,9.26,9.27,720,2022-06-08 16:10:00,PTGX
9.27,9.27,9.27,9.27,100,2022-06-08 16:11:00,PTGX
9.27,9.27,9.255,9.255,1198,2022-06-08 16:12:00,PTGX
9.265,9.28,9.265,9.28,1800,2022-06-08 16:13:00,PTGX
9.285,9.285,9.285,9.285,100,2022-06-08 16:15:00,PTGX
9.28,9.28,9.26,9.2671,1303,2022-06-08 16:16:00,PTGX
9.265,9.265,9.25,9.255,2722,2022-06-08 16:17:00,PTGX
9.26,9.26,9.26,9.26,300,2022-06-08 16:18:00,PTGX
9.27,9.28,9.26,9.27,2877,2022-06-08 16:19:00,PTGX
9.26,9.26,9.25,9.25,1324,2022-06-08 16:21:00,PTGX
9.24,9.24,9.23,9.235,910,2022-06-08 16:22:00,PTGX
9.23,9.23,9.23,9.23,100,2022-06-08 16:23:00,PTGX
9.22,9.22,9.21,9.21,895,2022-06-08 16:24:00,PTGX
9.22,9.22,9.21,9.21,200,2022-06-08 16:25:00,PTGX
9.21,9.21,9.21,9.21,100,2022-06-08 16:26:00,PTGX
9.2,9.2,9.195,9.195,307,2022-06-08 16:27:00,PTGX
9.19,9.2,9.19,9.2,390,2022-06-08 16:28:00,PTGX
9.205,9.21,9.205,9.21,475,2022-06-08 16:29:00,PTGX
9.2,9.2,9.19,9.19,1578,2022-06-08 16:30:00,PTGX
9.18,9.18,9.16,9.17,800,2022-06-08 16:31:00,PTGX
9.16,9.185,9.15,9.185,2791,2022-06-08 16:32:00,PTGX
9.17,9.17,9.16,9.16,713,2022-06-08 16:33:00,PTGX
9.15,9.15,9.15,9.15,200,2022-06-08 16:35:00,PTGX
9.13,9.13,9.11,9.11,500,2022-06-08 16:37:00,PTGX
9.12,9.12,9.11,9.11,200,2022-06-08 16:38:00,PTGX
9.1,9.1,9.09,9.09,400,2022-06-08 16:39:00,PTGX
9.11,9.12,9.11,9.12,768,2022-06-08 16:40:00,PTGX
9.1,9.1,9.09,9.09,596,2022-06-08 16:41:00,PTGX
9.09,9.1,9.09,9.1,462,2022-06-08 16:42:00,PTGX
9.1,9.1,9.1,9.1,200,2022-06-08 16:43:00,PTGX
9.1,9.1,9.1,9.1,700,2022-06-08 16:44:00,PTGX
9.09,9.09,9.08,9.09,711,2022-06-08 16:46:00,PTGX
9.1,9.105,9.1,9.105,900,2022-06-08 16:47:00,PTGX
9.11,9.11,9.1,9.1,2443,2022-06-08 16:48:00,PTGX
9.1,9.1,9.09,9.09,499,2022-06-08 16:49:00,PTGX
9.1,9.1,9.1,9.1,300,2022-06-08 16:51:00,PTGX
9.09,9.09,9.07,9.085,1437,2022-06-08 16:52:00,PTGX
9.08,9.08,9.08,9.08,100,2022-06-08 16:53:00,PTGX
9.08,9.08,9.08,9.08,100,2022-06-08 16:54:00,PTGX
9.09,9.11,9.08,9.08,4635,2022-06-08 16:56:00,PTGX
9.09,9.1,9.085,9.1,600,2022-06-08 16:57:00,PTGX
9.1,9.13,9.1,9.13,1683,2022-06-08 16:58:00,PTGX
9.135,9.135,9.12,9.12,880,2022-06-08 16:59:00,PTGX
9.12,9.12,9.11,9.11,500,2022-06-08 17:00:00,PTGX
9.1,9.1,9.07,9.07,2240,2022-06-08 17:02:00,PTGX
9.08,9.08,9.08,9.08,100,2022-06-08 17:03:00,PTGX
9.08,9.08,9.065,9.065,300,2022-06-08 17:04:00,PTGX
9.0501,9.06,9.04,9.04,2400,2022-06-08 17:05:00,PTGX
9.05,9.05,9.05,9.05,100,2022-06-08 17:06:00,PTGX
9.06,9.06,9.06,9.06,200,2022-06-08 17:07:00,PTGX
9.06,9.06,9.04,9.04,1297,2022-06-08 17:09:00,PTGX
9.04,9.06,9.03,9.06,2324,2022-06-08 17:10:00,PTGX
9.05,9.05,9.05,9.05,200,2022-06-08 17:11:00,PTGX
9.03,9.045,9.03,9.045,1300,2022-06-08 17:12:00,PTGX
9.04,9.05,9.035,9.05,835,2022-06-08 17:13:00,PTGX
9.06,9.06,9.05,9.05,400,2022-06-08 17:14:00,PTGX
9.06,9.06,9.06,9.06,400,2022-06-08 17:16:00,PTGX
9.06,9.06,9.06,9.06,100,2022-06-08 17:17:00,PTGX
9.06,9.06,9.06,9.06,200,2022-06-08 17:18:00,PTGX
9.06,9.065,9.06,9.065,559,2022-06-08 17:19:00,PTGX
9.06,9.06,9.06,9.06,300,2022-06-08 17:20:00,PTGX
9.06,9.06,9.06,9.06,200,2022-06-08 17:21:00,PTGX
9.06,9.06,9.06,9.06,100,2022-06-08 17:22:00,PTGX
9.068,9.07,9.068,9.07,646,2022-06-08 17:23:00,PTGX
9.06,9.07,9.04,9.045,1763,2022-06-08 17:24:00,PTGX
9.04,9.04,9.04,9.04,300,2022-06-08 17:25:00,PTGX
9.04,9.04,9.04,9.04,200,2022-06-08 17:26:00,PTGX
9.045,9.045,9.04,9.04,300,2022-06-08 17:28:00,PTGX
9.03,9.03,9.03,9.03,181,2022-06-08 17:29:00,PTGX
9.04,9.05,9.04,9.05,300,2022-06-08 17:30:00,PTGX
9.04,9.05,9.02,9.05,5025,2022-06-08 17:31:00,PTGX
9.05,9.05,9.03,9.03,1307,2022-06-08 17:32:00,PTGX
9.03,9.03,9.02,9.02,400,2022-06-08 17:33:00,PTGX
9.02,9.02,9.02,9.02,427,2022-06-08 17:34:00,PTGX
9.02,9.02,9.015,9.015,560,2022-06-08 17:36:00,PTGX
9.015,9.015,9.01,9.01,400,2022-06-08 17:37:00,PTGX
9.0,9.0,8.985,8.985,500,2022-06-08 17:38:00,PTGX
8.98,8.98,8.98,8.98,200,2022-06-08 17:39:00,PTGX
8.99,8.99,8.99,8.99,1286,2022-06-08 17:40:00,PTGX
8.99,9.0,8.99,9.0,1300,2022-06-08 17:41:00,PTGX
8.99,8.99,8.99,8.99,400,2022-06-08 17:43:00,PTGX
9.0,9.01,9.0,9.01,2850,2022-06-08 17:44:00,PTGX
9.018,9.018,9.018,9.018,100,2022-06-08 17:45:00,PTGX
9.01,9.01,8.99,8.99,900,2022-06-08 17:46:00,PTGX
8.99,9.0,8.98,9.0,604,2022-06-08 17:47:00,PTGX
9.0,9.0,8.99,8.99,1069,2022-06-08 17:50:00,PTGX
8.9922,8.9922,8.9922,8.9922,118,2022-06-08 17:51:00,PTGX
8.98,8.98,8.96,8.96,494,2022-06-08 17:52:00,PTGX
8.978,8.98,8.978,8.98,500,2022-06-08 17:53:00,PTGX
8.99,8.99,8.99,8.99,800,2022-06-08 17:54:00,PTGX
9.0,9.02,9.0,9.01,900,2022-06-08 17:56:00,PTGX
9.01,9.01,9.005,9.005,300,2022-06-08 17:57:00,PTGX
9.02,9.02,9.02,9.02,194,2022-06-08 18:00:00,PTGX
9.01,9.01,9.01,9.01,100,2022-06-08 18:01:00,PTGX
9.025,9.04,9.015,9.02,3900,2022-06-08 18:02:00,PTGX
9.025,9.03,9.025,9.03,300,2022-06-08 18:04:00,PTGX
9.025,9.025,9.02,9.02,300,2022-06-08 18:05:00,PTGX
9.02,9.02,9.0,9.0,918,2022-06-08 18:06:00,PTGX
9.0,9.01,9.0,9.01,600,2022-06-08 18:07:00,PTGX
9.0,9.0,8.99,8.99,590,2022-06-08 18:08:00,PTGX
8.98,8.98,8.97,8.98,754,2022-06-08 18:09:00,PTGX
8.99,8.99,8.99,8.99,600,2022-06-08 18:10:00,PTGX
9.0,9.0,8.995,8.995,500,2022-06-08 18:11:00,PTGX
8.995,8.995,8.985,8.985,400,2022-06-08 18:12:00,PTGX
8.99,8.99,8.989,8.99,801,2022-06-08 18:14:00,PTGX
8.99,8.99,8.99,8.99,500,2022-06-08 18:16:00,PTGX
8.98,8.98,8.97,8.98,800,2022-06-08 18:17:00,PTGX
8.98,8.98,8.9797,8.9797,200,2022-06-08 18:18:00,PTGX
8.96,8.96,8.96,8.96,365,2022-06-08 18:19:00,PTGX
8.97,8.97,8.97,8.97,416,2022-06-08 18:20:00,PTGX
8.97,8.97,8.97,8.97,200,2022-06-08 18:21:00,PTGX
8.96,8.98,8.96,8.98,697,2022-06-08 18:22:00,PTGX
8.99,8.99,8.98,8.98,882,2022-06-08 18:24:00,PTGX
8.97,8.97,8.97,8.97,200,2022-06-08 18:25:00,PTGX
8.96,8.96,8.93,8.94,6083,2022-06-08 18:26:00,PTGX
8.949,8.949,8.949,8.949,100,2022-06-08 18:27:00,PTGX
8.94,8.94,8.94,8.94,400,2022-06-08 18:28:00,PTGX
8.94,8.95,8.94,8.95,599,2022-06-08 18:29:00,PTGX
8.945,8.95,8.94,8.95,1575,2022-06-08 18:30:00,PTGX
8.96,8.96,8.95,8.96,819,2022-06-08 18:32:00,PTGX
8.95,8.95,8.95,8.95,451,2022-06-08 18:34:00,PTGX
8.94,8.94,8.93,8.93,200,2022-06-08 18:35:00,PTGX
8.93,8.93,8.93,8.93,300,2022-06-08 18:36:00,PTGX
8.935,8.94,8.935,8.94,321,2022-06-08 18:37:00,PTGX
8.94,8.95,8.94,8.95,900,2022-06-08 18:38:00,PTGX
8.95,8.95,8.95,8.95,400,2022-06-08 18:39:00,PTGX
8.95,8.95,8.95,8.95,100,2022-06-08 18:40:00,PTGX
8.96,8.96,8.95,8.95,300,2022-06-08 18:41:00,PTGX
8.96,8.97,8.96,8.97,900,2022-06-08 18:43:00,PTGX
8.97,8.98,8.96,8.97,1322,2022-06-08 18:44:00,PTGX
8.97,8.99,8.97,8.99,1174,2022-06-08 18:47:00,PTGX
8.99,8.99,8.98,8.98,565,2022-06-08 18:48:00,PTGX
8.985,8.985,8.985,8.985,100,2022-06-08 18:49:00,PTGX
8.99,8.99,8.97,8.97,2152,2022-06-08 18:50:00,PTGX
8.97,8.97,8.97,8.97,300,2022-06-08 18:51:00,PTGX
8.98,8.985,8.98,8.985,1000,2022-06-08 18:52:00,PTGX
8.98,8.98,8.97,8.97,950,2022-06-08 18:54:00,PTGX
8.96,8.96,8.96,8.96,554,2022-06-08 18:57:00,PTGX
8.96,8.96,8.95,8.96,1625,2022-06-08 18:58:00,PTGX
8.96,8.96,8.95,8.95,328,2022-06-08 19:00:00,PTGX
8.95,8.95,8.95,8.95,500,2022-06-08 19:01:00,PTGX
8.96,8.97,8.96,8.97,417,2022-06-08 19:02:00,PTGX
8.97,8.97,8.97,8.97,100,2022-06-08 19:03:00,PTGX
8.97,8.97,8.97,8.97,500,2022-06-08 19:05:00,PTGX
8.97,8.97,8.96,8.96,411,2022-06-08 19:07:00,PTGX
8.965,8.98,8.965,8.98,800,2022-06-08 19:08:00,PTGX
8.98,8.99,8.98,8.99,857,2022-06-08 19:09:00,PTGX
8.995,8.995,8.995,8.995,100,2022-06-08 19:10:00,PTGX
9.0,9.0,9.0,9.0,1100,2022-06-08 19:11:00,PTGX
9.0,9.01,8.98,8.98,3810,2022-06-08 19:12:00,PTGX
8.99,8.99,8.98,8.99,1300,2022-06-08 19:13:00,PTGX
8.985,8.985,8.985,8.985,100,2022-06-08 19:14:00,PTGX
8.985,8.985,8.98,8.98,300,2022-06-08 19:15:00,PTGX
8.99,8.99,8.99,8.99,502,2022-06-08 19:16:00,PTGX
8.985,8.985,8.985,8.985,600,2022-06-08 19:17:00,PTGX
8.98,8.98,8.98,8.98,1000,2022-06-08 19:18:00,PTGX
8.97,8.97,8.97,8.97,100,2022-06-08 19:19:00,PTGX
8.975,8.98,8.975,8.98,400,2022-06-08 19:20:00,PTGX
8.99,8.99,8.99,8.99,200,2022-06-08 19:21:00,PTGX
9.0,9.0,8.99,8.99,500,2022-06-08 19:22:00,PTGX
9.0,9.01,9.0,9.01,1046,2022-06-08 19:23:00,PTGX
9.01,9.01,9.005,9.01,1000,2022-06-08 19:24:00,PTGX
9.01,9.01,9.0,9.0,1400,2022-06-08 19:25:00,PTGX
9.005,9.01,9.005,9.01,896,2022-06-08 19:26:00,PTGX
9.0,9.01,9.0,9.01,1149,2022-06-08 19:27:00,PTGX
9.015,9.015,9.015,9.015,100,2022-06-08 19:28:00,PTGX
9.015,9.03,9.015,9.03,1600,2022-06-08 19:29:00,PTGX
9.04,9.05,9.04,9.05,500,2022-06-08 19:30:00,PTGX
9.05,9.05,9.02,9.02,2497,2022-06-08 19:31:00,PTGX
9.011,9.03,9.01,9.03,600,2022-06-08 19:32:00,PTGX
9.03,9.04,9.02,9.03,1410,2022-06-08 19:33:00,PTGX
9.03,9.03,9.025,9.03,1336,2022-06-08 19:34:00,PTGX
9.02,9.02,9.02,9.02,400,2022-06-08 19:35:00,PTGX
9.02,9.025,9.015,9.025,1000,2022-06-08 19:36:00,PTGX
9.02,9.02,9.02,9.02,100,2022-06-08 19:37:00,PTGX
9.02,9.02,9.01,9.0125,1240,2022-06-08 19:39:00,PTGX
9.001,9.005,9.001,9.005,1000,2022-06-08 19:40:00,PTGX
9.005,9.005,9.0,9.005,600,2022-06-08 19:41:00,PTGX
9.01,9.01,9.0,9.005,2824,2022-06-08 19:42:00,PTGX
9.001,9.001,9.001,9.001,100,2022-06-08 19:43:00,PTGX
9.005,9.005,9.0,9.0,500,2022-06-08 19:44:00,PTGX
9.0,9.005,9.0,9.0,2199,2022-06-08 19:45:00,PTGX
9.005,9.01,9.005,9.005,1702,2022-06-08 19:46:00,PTGX
9.001,9.01,9.001,9.005,1300,2022-06-08 19:47:00,PTGX
9.0,9.005,9.0,9.005,400,2022-06-08 19:48:00,PTGX
9.005,9.005,9.0,9.005,2098,2022-06-08 19:49:00,PTGX
9.0,9.02,9.0,9.015,2466,2022-06-08 19:50:00,PTGX
9.015,9.015,9.01,9.015,900,2022-06-08 19:51:00,PTGX
9.015,9.015,9.01,9.015,2329,2022-06-08 19:52:00,PTGX
9.01,9.015,8.991,8.995,12114,2022-06-08 19:53:00,PTGX
8.99,8.995,8.99,8.995,3282,2022-06-08 19:54:00,PTGX
9.0,9.0,8.98,8.985,2560,2022-06-08 19:55:00,PTGX
8.985,8.99,8.98,8.985,2026,2022-06-08 19:56:00,PTGX
8.985,9.0,8.985,8.99,9357,2022-06-08 19:57:00,PTGX
8.985,8.99,8.98,8.99,3422,2022-06-08 19:58:00,PTGX
8.99,9.0,8.97,8.97,20413,2022-06-08 19:59:00,PTGX
8.98,8.98,8.98,8.98,108821,2022-06-08 20:00:00,PTGX
8.98,8.98,8.98,8.98,2277,2022-06-08 20:02:00,PTGX
8.94,8.94,8.94,8.94,100,2022-06-09 13:29:00,PTGX
8.86,9.13,8.86,9.119,6209,2022-06-09 13:30:00,PTGX
8.85,8.85,8.85,8.85,100,2022-06-09 13:31:00,PTGX
8.83,8.84,8.71,8.71,1944,2022-06-09 13:32:00,PTGX
8.71,8.71,8.71,8.71,696,2022-06-09 13:33:00,PTGX
8.75,8.78,8.73,8.78,876,2022-06-09 13:34:00,PTGX
8.75,8.75,8.73,8.745,1610,2022-06-09 13:35:00,PTGX
8.73,8.76,8.67,8.67,4339,2022-06-09 13:36:00,PTGX
8.69,8.72,8.69,8.7,1406,2022-06-09 13:37:00,PTGX
8.68,8.68,8.66,8.66,1066,2022-06-09 13:38:00,PTGX
8.69,8.695,8.67,8.695,3201,2022-06-09 13:39:00,PTGX
8.67,8.67,8.66,8.66,300,2022-06-09 13:40:00,PTGX
8.69,8.7,8.69,8.69,2050,2022-06-09 13:41:00,PTGX
8.68,8.68,8.66,8.66,1214,2022-06-09 13:42:00,PTGX
8.64,8.64,8.64,8.64,100,2022-06-09 13:43:00,PTGX
8.66,8.66,8.66,8.66,300,2022-06-09 13:44:00,PTGX
8.665,8.69,8.665,8.69,800,2022-06-09 13:45:00,PTGX
8.66,8.66,8.66,8.66,100,2022-06-09 13:46:00,PTGX
8.66,8.7,8.66,8.7,500,2022-06-09 13:47:00,PTGX
8.69,8.71,8.68,8.7,9957,2022-06-09 13:48:00,PTGX
8.69,8.69,8.69,8.69,100,2022-06-09 13:49:00,PTGX
8.7,8.73,8.695,8.73,6904,2022-06-09 13:50:00,PTGX
8.73,8.73,8.72,8.72,12887,2022-06-09 13:51:00,PTGX
8.73,8.82,8.725,8.81,46528,2022-06-09 13:52:00,PTGX
8.8,8.8,8.75,8.75,3400,2022-06-09 13:53:00,PTGX
8.76,8.78,8.73,8.73,8688,2022-06-09 13:54:00,PTGX
8.735,8.75,8.69,8.69,3068,2022-06-09 13:56:00,PTGX
8.68,8.6855,8.66,8.6855,2574,2022-06-09 13:57:00,PTGX
8.69,8.71,8.69,8.7,2500,2022-06-09 13:58:00,PTGX
8.67,8.67,8.66,8.66,228,2022-06-09 13:59:00,PTGX
8.65,8.65,8.64,8.64,2187,2022-06-09 14:00:00,PTGX
8.63,8.67,8.63,8.658,2016,2022-06-09 14:01:00,PTGX
8.64,8.64,8.62,8.62,3326,2022-06-09 14:02:00,PTGX
8.62,8.65,8.61,8.61,3302,2022-06-09 14:03:00,PTGX
8.6,8.61,8.6,8.61,300,2022-06-09 14:04:00,PTGX
8.595,8.61,8.59,8.6,4597,2022-06-09 14:05:00,PTGX
8.58,8.58,8.57,8.57,381,2022-06-09 14:06:00,PTGX
8.55,8.59,8.55,8.55,1793,2022-06-09 14:07:00,PTGX
8.53,8.53,8.53,8.53,200,2022-06-09 14:08:00,PTGX
8.535,8.535,8.52,8.52,800,2022-06-09 14:09:00,PTGX
8.52,8.545,8.52,8.53,27576,2022-06-09 14:10:00,PTGX
8.55,8.58,8.55,8.57,4613,2022-06-09 14:11:00,PTGX
8.57,8.62,8.57,8.6,4615,2022-06-09 14:12:00,PTGX
8.61,8.61,8.59,8.59,1294,2022-06-09 14:13:00,PTGX
8.58,8.58,8.57,8.57,1900,2022-06-09 14:14:00,PTGX
8.5883,8.605,8.5883,8.605,1132,2022-06-09 14:15:00,PTGX
8.6,8.6,8.59,8.6,600,2022-06-09 14:16:00,PTGX
8.62,8.62,8.58,8.58,1869,2022-06-09 14:17:00,PTGX
8.5643,8.58,8.55,8.58,3403,2022-06-09 14:18:00,PTGX
8.57,8.59,8.57,8.57,926,2022-06-09 14:19:00,PTGX
8.59,8.59,8.59,8.59,300,2022-06-09 14:20:00,PTGX
8.585,8.6,8.585,8.59,400,2022-06-09 14:21:00,PTGX
8.6,8.6,8.59,8.6,1635,2022-06-09 14:22:00,PTGX
8.59,8.6,8.59,8.6,200,2022-06-09 14:23:00,PTGX
8.597,8.597,8.57,8.58,1437,2022-06-09 14:24:00,PTGX
8.59,8.61,8.59,8.61,882,2022-06-09 14:25:00,PTGX
8.62,8.62,8.6,8.6,3048,2022-06-09 14:26:00,PTGX
8.6,8.6,8.59,8.6,3100,2022-06-09 14:27:00,PTGX
8.59,8.59,8.59,8.59,409,2022-06-09 14:28:00,PTGX
8.59,8.61,8.59,8.61,700,2022-06-09 14:29:00,PTGX
8.61,8.62,8.61,8.62,500,2022-06-09 14:30:00,PTGX
8.615,8.62,8.6079,8.61,1842,2022-06-09 14:31:00,PTGX
8.61,8.62,8.59,8.6,4056,2022-06-09 14:32:00,PTGX
8.6,8.62,8.6,8.62,2159,2022-06-09 14:33:00,PTGX
8.61,8.62,8.61,8.61,1800,2022-06-09 14:34:00,PTGX
8.61,8.61,8.6,8.605,3167,2022-06-09 14:35:00,PTGX
8.61,8.61,8.59,8.59,1000,2022-06-09 14:36:00,PTGX
8.6,8.61,8.6,8.6,1458,2022-06-09 14:37:00,PTGX
8.61,8.61,8.61,8.61,100,2022-06-09 14:38:00,PTGX
8.605,8.605,8.6,8.6,250,2022-06-09 14:39:00,PTGX
8.6,8.6,8.58,8.58,1104,2022-06-09 14:40:00,PTGX
8.58,8.6,8.58,8.6,600,2022-06-09 14:41:00,PTGX
8.59,8.59,8.555,8.56,2327,2022-06-09 14:42:00,PTGX
8.569,8.58,8.56,8.58,1495,2022-06-09 14:43:00,PTGX
8.56,8.56,8.51,8.54,32631,2022-06-09 14:44:00,PTGX
8.54,8.54,8.54,8.54,100,2022-06-09 14:45:00,PTGX
8.53,8.54,8.505,8.505,3127,2022-06-09 14:46:00,PTGX
8.51,8.51,8.5,8.5,500,2022-06-09 14:47:00,PTGX
8.49,8.495,8.49,8.495,1492,2022-06-09 14:48:00,PTGX
8.5,8.51,8.5,8.51,1589,2022-06-09 14:49:00,PTGX
8.5,8.5,8.5,8.5,375,2022-06-09 14:50:00,PTGX
8.5,8.5,8.485,8.485,1175,2022-06-09 14:51:00,PTGX
8.48,8.48,8.45,8.45,2011,2022-06-09 14:52:00,PTGX
8.45,8.45,8.45,8.45,100,2022-06-09 14:53:00,PTGX
8.445,8.445,8.44,8.44,1100,2022-06-09 14:54:00,PTGX
8.43,8.43,8.4,8.4,5620,2022-06-09 14:55:00,PTGX
8.405,8.415,8.405,8.415,446,2022-06-09 14:56:00,PTGX
8.41,8.41,8.4,8.4,600,2022-06-09 14:57:00,PTGX
8.41,8.41,8.4,8.4,1370,2022-06-09 14:58:00,PTGX
8.405,8.405,8.39,8.39,200,2022-06-09 14:59:00,PTGX
8.41,8.41,8.38,8.38,1261,2022-06-09 15:00:00,PTGX
8.37,8.37,8.34,8.34,1807,2022-06-09 15:01:00,PTGX
8.34,8.34,8.29,8.29,11197,2022-06-09 15:02:00,PTGX
8.28,8.28,8.26,8.26,1884,2022-06-09 15:03:00,PTGX
8.26,8.26,8.25,8.25,2613,2022-06-09 15:04:00,PTGX
8.26,8.26,8.25,8.26,2720,2022-06-09 15:05:00,PTGX
8.25,8.25,8.25,8.25,200,2022-06-09 15:06:00,PTGX
8.26,8.27,8.21,8.21,7268,2022-06-09 15:07:00,PTGX
8.215,8.22,8.21,8.22,2935,2022-06-09 15:08:00,PTGX
8.23,8.23,8.22,8.22,300,2022-06-09 15:09:00,PTGX
8.22,8.27,8.22,8.27,5988,2022-06-09 15:10:00,PTGX
8.27,8.28,8.25,8.25,2312,2022-06-09 15:11:00,PTGX
8.24,8.2485,8.22,8.22,2829,2022-06-09 15:12:00,PTGX
8.22,8.24,8.22,8.24,2328,2022-06-09 15:13:00,PTGX
8.24,8.24,8.23,8.24,1458,2022-06-09 15:14:00,PTGX
8.24,8.24,8.22,8.23,1173,2022-06-09 15:15:00,PTGX
8.23,8.23,8.23,8.23,900,2022-06-09 15:16:00,PTGX
8.24,8.26,8.24,8.26,14693,2022-06-09 15:17:00,PTGX
8.255,8.255,8.245,8.2493,2426,2022-06-09 15:18:00,PTGX
8.24,8.24,8.22,8.22,1332,2022-06-09 15:19:00,PTGX
8.22,8.23,8.22,8.23,750,2022-06-09 15:20:00,PTGX
8.23,8.245,8.23,8.245,1200,2022-06-09 15:21:00,PTGX
8.25,8.27,8.25,8.27,434,2022-06-09 15:22:00,PTGX
8.26,8.26,8.25,8.25,1590,2022-06-09 15:23:00,PTGX
8.26,8.27,8.26,8.26,2670,2022-06-09 15:24:00,PTGX
8.26,8.26,8.25,8.25,1921,2022-06-09 15:25:00,PTGX
8.24,8.24,8.24,8.24,668,2022-06-09 15:27:00,PTGX
8.235,8.24,8.23,8.235,1457,2022-06-09 15:28:00,PTGX
8.235,8.235,8.225,8.225,1652,2022-06-09 15:29:00,PTGX
8.23,8.24,8.23,8.24,1300,2022-06-09 15:30:00,PTGX
8.24,8.24,8.24,8.24,100,2022-06-09 15:31:00,PTGX
8.24,8.26,8.24,8.255,1872,2022-06-09 15:32:00,PTGX
8.26,8.28,8.26,8.28,2419,2022-06-09 15:33:00,PTGX
8.28,8.28,8.28,8.28,200,2022-06-09 15:34:00,PTGX
8.28,8.3,8.28,8.3,1026,2022-06-09 15:35:00,PTGX
8.29,8.3,8.26,8.26,3800,2022-06-09 15:36:00,PTGX
8.26,8.26,8.25,8.25,800,2022-06-09 15:37:00,PTGX
8.25,8.27,8.24,8.26,3587,2022-06-09 15:38:00,PTGX
8.27,8.29,8.27,8.29,600,2022-06-09 15:39:00,PTGX
8.2999,8.2999,8.29,8.29,850,2022-06-09 15:40:00,PTGX
8.28,8.3,8.28,8.285,4758,2022-06-09 15:41:00,PTGX
8.28,8.289,8.275,8.28,2756,2022-06-09 15:42:00,PTGX
8.29,8.3,8.29,8.295,2798,2022-06-09 15:43:00,PTGX
8.295,8.295,8.29,8.295,700,2022-06-09 15:44:00,PTGX
8.275,8.275,8.26,8.27,1551,2022-06-09 15:45:00,PTGX
8.27,8.27,8.245,8.245,1600,2022-06-09 15:46:00,PTGX
8.24,8.25,8.24,8.25,695,2022-06-09 15:47:00,PTGX
8.24,8.24,8.23,8.24,4167,2022-06-09 15:48:00,PTGX
8.24,8.24,8.24,8.24,100,2022-06-09 15:49:00,PTGX
8.24,8.24,8.24,8.24,1512,2022-06-09 15:50:00,PTGX
8.25,8.25,8.25,8.25,781,2022-06-09 15:51:00,PTGX
8.26,8.26,8.255,8.255,500,2022-06-09 15:52:00,PTGX
8.26,8.26,8.26,8.26,253,2022-06-09 15:53:00,PTGX
8.265,8.27,8.265,8.27,743,2022-06-09 15:54:00,PTGX
8.27,8.27,8.26,8.26,500,2022-06-09 15:55:00,PTGX
8.27,8.29,8.27,8.29,1189,2022-06-09 15:56:00,PTGX
8.3,8.3075,8.3,8.305,1541,2022-06-09 15:57:00,PTGX
8.305,8.309,8.29,8.3,1933,2022-06-09 15:58:00,PTGX
8.29,8.3,8.29,8.295,400,2022-06-09 15:59:00,PTGX
8.29,8.2982,8.29,8.2982,903,2022-06-09 16:00:00,PTGX
8.29,8.29,8.29,8.29,900,2022-06-09 16:01:00,PTGX
8.28,8.28,8.275,8.275,590,2022-06-09 16:02:00,PTGX
8.28,8.3,8.28,8.3,2348,2022-06-09 16:03:00,PTGX
8.3,8.3,8.3,8.3,1476,2022-06-09 16:04:00,PTGX
8.3,8.31,8.3,8.305,500,2022-06-09 16:05:00,PTGX
8.3,8.305,8.3,8.305,400,2022-06-09 16:06:00,PTGX
8.31,8.31,8.305,8.305,300,2022-06-09 16:07:00,PTGX
8.305,8.31,8.285,8.285,2479,2022-06-09 16:08:00,PTGX
8.285,8.285,8.28,8.28,500,2022-06-09 16:09:00,PTGX
8.275,8.275,8.26,8.26,1686,2022-06-09 16:10:00,PTGX
8.25,8.26,8.25,8.25,1100,2022-06-09 16:11:00,PTGX
8.26,8.27,8.26,8.27,200,2022-06-09 16:12:00,PTGX
8.28,8.28,8.28,8.28,300,2022-06-09 16:13:00,PTGX
8.3,8.3,8.3,8.3,100,2022-06-09 16:15:00,PTGX
8.29,8.3,8.29,8.3,500,2022-06-09 16:16:00,PTGX
8.3,8.3,8.29,8.3,1804,2022-06-09 16:17:00,PTGX
8.3,8.3,8.2896,8.29,2449,2022-06-09 16:18:00,PTGX
8.29,8.3,8.28,8.29,4389,2022-06-09 16:20:00,PTGX
8.29,8.29,8.29,8.29,201,2022-06-09 16:22:00,PTGX
8.295,8.295,8.29,8.295,1161,2022-06-09 16:23:00,PTGX
8.295,8.295,8.29,8.29,300,2022-06-09 16:24:00,PTGX
8.285,8.285,8.28,8.28,704,2022-06-09 16:25:00,PTGX
8.29,8.295,8.285,8.29,2900,2022-06-09 16:27:00,PTGX
8.3,8.3,8.295,8.295,5418,2022-06-09 16:29:00,PTGX
8.3,8.3,8.3,8.3,300,2022-06-09 16:30:00,PTGX
8.295,8.295,8.285,8.285,904,2022-06-09 16:31:00,PTGX
8.28,8.285,8.28,8.28,2869,2022-06-09 16:32:00,PTGX
8.28,8.3,8.28,8.3,5867,2022-06-09 16:33:00,PTGX
8.295,8.295,8.295,8.295,400,2022-06-09 16:34:00,PTGX
8.295,8.295,8.295,8.295,100,2022-06-09 16:35:00,PTGX
8.295,8.295,8.285,8.285,900,2022-06-09 16:36:00,PTGX
8.28,8.285,8.275,8.275,300,2022-06-09 16:37:00,PTGX
8.27,8.27,8.265,8.27,900,2022-06-09 16:38:00,PTGX
8.27,8.27,8.27,8.27,200,2022-06-09 16:39:00,PTGX
8.28,8.28,8.28,8.28,400,2022-06-09 16:40:00,PTGX
8.275,8.28,8.275,8.28,200,2022-06-09 16:41:00,PTGX
8.285,8.285,8.28,8.285,1325,2022-06-09 16:42:00,PTGX
8.28,8.285,8.28,8.285,232,2022-06-09 16:43:00,PTGX
8.29,8.29,8.28,8.29,1500,2022-06-09 16:44:00,PTGX
8.29,8.29,8.28,8.28,400,2022-06-09 16:45:00,PTGX
8.28,8.28,8.28,8.28,200,2022-06-09 16:47:00,PTGX
8.285,8.285,8.28,8.28,1000,2022-06-09 16:49:00,PTGX
8.29,8.3,8.29,8.3,771,2022-06-09 16:51:00,PTGX
8.29,8.29,8.29,8.29,300,2022-06-09 16:52:00,PTGX
8.2843,8.2843,8.2843,8.2843,345,2022-06-09 16:53:00,PTGX
8.285,8.2891,8.28,8.285,1997,2022-06-09 16:54:00,PTGX
8.28,8.28,8.28,8.28,400,2022-06-09 16:55:00,PTGX
8.275,8.275,8.27,8.27,958,2022-06-09 16:56:00,PTGX
8.28,8.29,8.27,8.28,2788,2022-06-09 16:57:00,PTGX
8.29,8.29,8.27,8.29,3100,2022-06-09 16:58:00,PTGX
8.29,8.3,8.29,8.29,4230,2022-06-09 16:59:00,PTGX
8.28,8.28,8.275,8.275,343,2022-06-09 17:00:00,PTGX
8.28,8.29,8.28,8.29,2716,2022-06-09 17:01:00,PTGX
8.285,8.29,8.285,8.29,300,2022-06-09 17:02:00,PTGX
8.28,8.28,8.275,8.28,777,2022-06-09 17:03:00,PTGX
8.285,8.285,8.285,8.285,100,2022-06-09 17:04:00,PTGX
8.29,8.3,8.29,8.29,3415,2022-06-09 17:05:00,PTGX
8.3,8.315,8.3,8.3,5637,2022-06-09 17:06:00,PTGX
8.3,8.3,8.3,8.3,200,2022-06-09 17:07:00,PTGX
8.29,8.29,8.28,8.28,1253,2022-06-09 17:08:00,PTGX
8.29,8.29,8.29,8.29,200,2022-06-09 17:09:00,PTGX
8.3,8.3,8.3,8.3,3866,2022-06-09 17:10:00,PTGX
8.3,8.3,8.3,8.3,1683,2022-06-09 17:11:00,PTGX
8.3,8.3,8.295,8.3,704,2022-06-09 17:12:00,PTGX
8.3,8.3,8.3,8.3,400,2022-06-09 17:13:00,PTGX
8.3,8.3,8.3,8.3,429,2022-06-09 17:14:00,PTGX
8.3,8.3,8.29,8.295,1574,2022-06-09 17:15:00,PTGX
8.3,8.3,8.285,8.285,9387,2022-06-09 17:16:00,PTGX
8.285,8.285,8.285,8.285,400,2022-06-09 17:17:00,PTGX
8.285,8.305,8.285,8.305,7050,2022-06-09 17:18:00,PTGX
8.305,8.305,8.295,8.305,3409,2022-06-09 17:19:00,PTGX
8.305,8.31,8.305,8.305,2604,2022-06-09 17:20:00,PTGX
8.305,8.305,8.3,8.305,400,2022-06-09 17:21:00,PTGX
8.305,8.305,8.3,8.305,2059,2022-06-09 17:22:00,PTGX
8.305,8.305,8.305,8.305,358,2022-06-09 17:23:00,PTGX
8.305,8.305,8.295,8.3,1400,2022-06-09 17:24:00,PTGX
8.3,8.305,8.3,8.305,200,2022-06-09 17:25:00,PTGX
8.305,8.305,8.3,8.305,500,2022-06-09 17:26:00,PTGX
8.3,8.305,8.29,8.295,1300,2022-06-09 17:27:00,PTGX
8.295,8.3,8.295,8.295,2293,2022-06-09 17:28:00,PTGX
8.29,8.295,8.285,8.285,1100,2022-06-09 17:29:00,PTGX
8.28,8.28,8.27,8.275,800,2022-06-09 17:30:00,PTGX
8.27,8.27,8.26,8.26,1781,2022-06-09 17:31:00,PTGX
8.255,8.255,8.245,8.245,2816,2022-06-09 17:32:00,PTGX
8.245,8.25,8.235,8.235,1814,2022-06-09 17:33:00,PTGX
8.235,8.235,8.22,8.22,2185,2022-06-09 17:35:00,PTGX
8.22,8.22,8.205,8.205,3671,2022-06-09 17:36:00,PTGX
8.2,8.205,8.195,8.2,1827,2022-06-09 17:37:00,PTGX
8.195,8.2,8.15,8.16,13490,2022-06-09 17:38:00,PTGX
8.165,8.19,8.165,8.185,4432,2022-06-09 17:39:00,PTGX
8.19,8.195,8.185,8.195,1081,2022-06-09 17:40:00,PTGX
8.195,8.195,8.17,8.17,1100,2022-06-09 17:41:00,PTGX
8.17,8.17,8.17,8.17,200,2022-06-09 17:42:00,PTGX
8.165,8.17,8.16,8.16,900,2022-06-09 17:43:00,PTGX
8.165,8.165,8.16,8.16,922,2022-06-09 17:44:00,PTGX
8.155,8.16,8.155,8.16,828,2022-06-09 17:45:00,PTGX
8.165,8.19,8.165,8.19,2200,2022-06-09 17:46:00,PTGX
8.18,8.19,8.18,8.19,1267,2022-06-09 17:47:00,PTGX
8.19,8.19,8.19,8.19,100,2022-06-09 17:49:00,PTGX
8.19,8.19,8.19,8.19,100,2022-06-09 17:50:00,PTGX
8.2,8.22,8.2,8.22,2927,2022-06-09 17:51:00,PTGX
8.22,8.23,8.22,8.225,600,2022-06-09 17:52:00,PTGX
8.22,8.24,8.22,8.23,1771,2022-06-09 17:53:00,PTGX
8.23,8.23,8.23,8.23,300,2022-06-09 17:54:00,PTGX
8.23,8.235,8.23,8.23,500,2022-06-09 17:55:00,PTGX
8.23,8.25,8.23,8.25,1788,2022-06-09 17:56:00,PTGX
8.25,8.25,8.235,8.24,5647,2022-06-09 17:57:00,PTGX
8.24,8.24,8.24,8.24,364,2022-06-09 17:58:00,PTGX
8.23,8.235,8.22,8.23,1551,2022-06-09 17:59:00,PTGX
8.23,8.23,8.21,8.21,1304,2022-06-09 18:00:00,PTGX
8.21,8.22,8.2,8.21,3267,2022-06-09 18:01:00,PTGX
8.21,8.21,8.195,8.195,911,2022-06-09 18:02:00,PTGX
8.1985,8.1985,8.19,8.19,885,2022-06-09 18:03:00,PTGX
8.19,8.2,8.19,8.19,1200,2022-06-09 18:04:00,PTGX
8.19,8.19,8.185,8.185,200,2022-06-09 18:05:00,PTGX
8.195,8.195,8.195,8.195,200,2022-06-09 18:06:00,PTGX
8.195,8.195,8.195,8.195,100,2022-06-09 18:07:00,PTGX
8.2,8.2,8.195,8.195,300,2022-06-09 18:09:00,PTGX
8.195,8.205,8.195,8.2,1516,2022-06-09 18:10:00,PTGX
8.195,8.195,8.195,8.195,500,2022-06-09 18:11:00,PTGX
8.2,8.2,8.19,8.195,2800,2022-06-09 18:12:00,PTGX
8.19,8.21,8.19,8.21,6673,2022-06-09 18:13:00,PTGX
8.205,8.205,8.195,8.195,1786,2022-06-09 18:14:00,PTGX
8.2,8.2,8.185,8.185,2516,2022-06-09 18:15:00,PTGX
8.19,8.2,8.14,8.165,15666,2022-06-09 18:16:00,PTGX
8.17,8.175,8.165,8.175,2500,2022-06-09 18:17:00,PTGX
8.175,8.185,8.175,8.185,3268,2022-06-09 18:18:00,PTGX
8.185,8.185,8.185,8.185,200,2022-06-09 18:19:00,PTGX
8.19,8.199,8.19,8.199,464,2022-06-09 18:20:00,PTGX
8.19,8.195,8.17,8.175,3100,2022-06-09 18:22:00,PTGX
8.17,8.175,8.165,8.17,2321,2022-06-09 18:23:00,PTGX
8.17,8.17,8.16,8.16,3200,2022-06-09 18:24:00,PTGX
8.17,8.17,8.17,8.17,2000,2022-06-09 18:26:00,PTGX
8.17,8.17,8.16,8.16,1200,2022-06-09 18:27:00,PTGX
8.165,8.165,8.15,8.15,1400,2022-06-09 18:29:00,PTGX
8.15,8.155,8.145,8.15,2424,2022-06-09 18:30:00,PTGX
8.15,8.15,8.145,8.145,500,2022-06-09 18:31:00,PTGX
8.14,8.145,8.14,8.14,900,2022-06-09 18:32:00,PTGX
8.145,8.145,8.14,8.14,300,2022-06-09 18:33:00,PTGX
8.145,8.145,8.145,8.145,200,2022-06-09 18:34:00,PTGX
8.145,8.145,8.14,8.145,699,2022-06-09 18:35:00,PTGX
8.15,8.15,8.13,8.13,2185,2022-06-09 18:36:00,PTGX
8.135,8.135,8.13,8.135,1200,2022-06-09 18:37:00,PTGX
8.135,8.135,8.135,8.135,400,2022-06-09 18:38:00,PTGX
8.135,8.135,8.11,8.11,4222,2022-06-09 18:39:00,PTGX
8.115,8.12,8.11,8.115,700,2022-06-09 18:40:00,PTGX
8.115,8.12,8.1,8.1,3533,2022-06-09 18:41:00,PTGX
8.105,8.105,8.1,8.105,500,2022-06-09 18:43:00,PTGX
8.105,8.105,8.1,8.105,976,2022-06-09 18:44:00,PTGX
8.1,8.1,8.08,8.08,4693,2022-06-09 18:45:00,PTGX
8.08,8.08,8.07,8.08,3150,2022-06-09 18:46:00,PTGX
8.08,8.085,8.08,8.085,3000,2022-06-09 18:47:00,PTGX
8.085,8.09,8.08,8.085,6300,2022-06-09 18:48:00,PTGX
8.085,8.085,8.08,8.085,400,2022-06-09 18:49:00,PTGX
8.085,8.085,8.08,8.085,1300,2022-06-09 18:50:00,PTGX
8.085,8.085,8.085,8.085,300,2022-06-09 18:51:00,PTGX
8.08,8.08,8.07,8.07,3600,2022-06-09 18:52:00,PTGX
8.07,8.07,8.055,8.055,3100,2022-06-09 18:53:00,PTGX
8.055,8.059,8.05,8.055,2912,2022-06-09 18:54:00,PTGX
8.055,8.055,8.05,8.055,400,2022-06-09 18:55:00,PTGX
8.05,8.06,8.05,8.05,8315,2022-06-09 18:56:00,PTGX
8.055,8.055,8.045,8.045,800,2022-06-09 18:57:00,PTGX
8.045,8.045,8.04,8.045,700,2022-06-09 18:58:00,PTGX
8.045,8.045,8.015,8.015,2494,2022-06-09 18:59:00,PTGX
8.01,8.04,8.01,8.04,10566,2022-06-09 19:00:00,PTGX
8.045,8.05,8.045,8.045,4982,2022-06-09 19:01:00,PTGX
8.045,8.045,8.045,8.045,2115,2022-06-09 19:02:00,PTGX
8.04,8.04,8.02,8.02,3625,2022-06-09 19:03:00,PTGX
8.02,8.025,8.005,8.005,2297,2022-06-09 19:04:00,PTGX
8.005,8.005,8.0,8.0,5489,2022-06-09 19:05:00,PTGX
7.99,8.0,7.99,8.0,2799,2022-06-09 19:06:00,PTGX
7.995,8.0,7.99,7.99,899,2022-06-09 19:07:00,PTGX
7.99,8.0,7.985,8.0,5484,2022-06-09 19:08:00,PTGX
8.0,8.0,7.995,7.995,200,2022-06-09 19:09:00,PTGX
8.0,8.0,8.0,8.0,1400,2022-06-09 19:10:00,PTGX
7.995,8.0,7.995,8.0,7909,2022-06-09 19:11:00,PTGX
8.0,8.0,7.995,7.995,1366,2022-06-09 19:12:00,PTGX
7.995,8.0,7.99,8.0,1100,2022-06-09 19:13:00,PTGX
7.995,7.995,7.995,7.995,600,2022-06-09 19:15:00,PTGX
7.995,8.0,7.995,8.0,600,2022-06-09 19:16:00,PTGX
7.995,8.0,7.995,8.0,9411,2022-06-09 19:17:00,PTGX
8.0,8.06,8.0,8.06,12853,2022-06-09 19:18:00,PTGX
8.07,8.075,8.06,8.07,4720,2022-06-09 19:19:00,PTGX
8.07,8.08,8.07,8.08,1741,2022-06-09 19:20:00,PTGX
8.085,8.09,8.08,8.08,2600,2022-06-09 19:21:00,PTGX
8.075,8.08,8.07,8.08,1100,2022-06-09 19:22:00,PTGX
8.08,8.08,8.08,8.08,221,2022-06-09 19:23:00,PTGX
8.075,8.075,8.05,8.065,22190,2022-06-09 19:24:00,PTGX
8.07,8.07,8.06,8.065,1708,2022-06-09 19:25:00,PTGX
8.065,8.065,8.06,8.065,3809,2022-06-09 19:26:00,PTGX
8.065,8.07,8.065,8.065,6400,2022-06-09 19:27:00,PTGX
8.065,8.065,8.06,8.065,4609,2022-06-09 19:28:00,PTGX
8.065,8.065,8.06,8.06,8902,2022-06-09 19:29:00,PTGX
8.05,8.055,8.05,8.05,3085,2022-06-09 19:30:00,PTGX
8.05,8.055,8.05,8.055,1200,2022-06-09 19:31:00,PTGX
8.055,8.06,8.055,8.055,16810,2022-06-09 19:32:00,PTGX
8.06,8.06,8.05,8.055,5476,2022-06-09 19:33:00,PTGX
8.05,8.055,8.0401,8.0485,5350,2022-06-09 19:34:00,PTGX
8.045,8.05,8.04,8.05,1800,2022-06-09 19:35:00,PTGX
8.045,8.05,8.045,8.045,2300,2022-06-09 19:36:00,PTGX
8.045,8.045,8.04,8.045,1800,2022-06-09 19:37:00,PTGX
8.045,8.045,8.045,8.045,3402,2022-06-09 19:38:00,PTGX
8.045,8.05,8.04,8.045,5800,2022-06-09 19:39:00,PTGX
8.045,8.05,8.04,8.045,4300,2022-06-09 19:40:00,PTGX
8.045,8.045,8.035,8.035,9094,2022-06-09 19:41:00,PTGX
8.04,8.05,8.035,8.05,12279,2022-06-09 19:42:00,PTGX
8.05,8.05,8.045,8.05,900,2022-06-09 19:43:00,PTGX
8.05,8.05,8.0301,8.035,7474,2022-06-09 19:44:00,PTGX
8.035,8.035,8.03,8.035,4325,2022-06-09 19:45:00,PTGX
8.035,8.035,8.03,8.03,2400,2022-06-09 19:46:00,PTGX
8.035,8.035,8.005,8.005,19794,2022-06-09 19:47:00,PTGX
8.005,8.0076,8.0,8.005,3000,2022-06-09 19:48:00,PTGX
8.005,8.005,8.0,8.005,3727,2022-06-09 19:49:00,PTGX
8.005,8.0095,7.97,7.975,13456,2022-06-09 19:50:00,PTGX
7.975,7.975,7.96,7.965,7600,2022-06-09 19:51:00,PTGX
7.97,7.97,7.96,7.965,9106,2022-06-09 19:52:00,PTGX
7.965,7.965,7.96,7.965,2500,2022-06-09 19:53:00,PTGX
7.965,7.965,7.95,7.955,25795,2022-06-09 19:54:00,PTGX
7.955,7.9575,7.94,7.94,6891,2022-06-09 19:55:00,PTGX
7.945,7.95,7.94,7.945,8170,2022-06-09 19:56:00,PTGX
7.94,7.945,7.9,7.905,33279,2022-06-09 19:57:00,PTGX
7.905,7.905,7.89,7.89,13808,2022-06-09 19:58:00,PTGX
7.89,7.9,7.88,7.8801,41221,2022-06-09 19:59:00,PTGX
7.89,7.89,7.89,7.89,137694,2022-06-09 20:00:00,PTGX
7.87,7.87,7.87,7.87,2000,2022-06-09 20:14:00,PTGX
7.87,7.87,7.83,7.83,2100,2022-06-09 20:15:00,PTGX
7.87,7.87,7.87,7.87,1000,2022-06-09 20:16:00,PTGX
7.87,7.87,7.87,7.87,900,2022-06-09 20:17:00,PTGX
7.87,7.87,7.87,7.87,400,2022-06-09 20:58:00,PTGX
7.89,7.89,7.89,7.89,400,2022-06-10 11:27:00,PTGX
7.71,7.71,7.71,7.71,100,2022-06-10 13:29:00,PTGX
7.69,7.69,7.6101,7.6443,8517,2022-06-10 13:30:00,PTGX
7.66,7.72,7.6502,7.72,3017,2022-06-10 13:31:00,PTGX
7.68,7.68,7.6691,7.6691,221,2022-06-10 13:32:00,PTGX
7.685,7.685,7.6,7.6,1940,2022-06-10 13:33:00,PTGX
7.6,7.62,7.59,7.62,1489,2022-06-10 13:34:00,PTGX
7.62,7.62,7.62,7.62,200,2022-06-10 13:35:00,PTGX
7.63,7.67,7.63,7.67,400,2022-06-10 13:36:00,PTGX
7.65,7.65,7.65,7.65,100,2022-06-10 13:37:00,PTGX
7.67,7.7,7.67,7.7,846,2022-06-10 13:39:00,PTGX
7.71,7.72,7.71,7.72,920,2022-06-10 13:40:00,PTGX
7.73,7.74,7.73,7.74,613,2022-06-10 13:41:00,PTGX
7.75,7.76,7.7316,7.7316,4939,2022-06-10 13:42:00,PTGX
7.74,7.76,7.74,7.7401,1817,2022-06-10 13:43:00,PTGX
7.74,7.74,7.66,7.66,1764,2022-06-10 13:44:00,PTGX
7.66,7.68,7.65,7.67,1400,2022-06-10 13:45:00,PTGX
7.6799,7.6799,7.655,7.67,1696,2022-06-10 13:46:00,PTGX
7.66,7.66,7.63,7.63,1272,2022-06-10 13:47:00,PTGX
7.61,7.6143,7.61,7.6143,654,2022-06-10 13:48:00,PTGX
7.63,7.66,7.63,7.64,2363,2022-06-10 13:49:00,PTGX
7.64,7.64,7.62,7.62,1131,2022-06-10 13:50:00,PTGX
7.61,7.61,7.61,7.61,200,2022-06-10 13:51:00,PTGX
7.59,7.59,7.585,7.585,200,2022-06-10 13:52:00,PTGX
7.59,7.59,7.58,7.59,978,2022-06-10 13:54:00,PTGX
7.59,7.59,7.57,7.57,2321,2022-06-10 13:55:00,PTGX
7.56,7.57,7.56,7.56,1003,2022-06-10 13:56:00,PTGX
7.58,7.59,7.58,7.59,1005,2022-06-10 13:57:00,PTGX
7.59,7.59,7.58,7.58,696,2022-06-10 13:58:00,PTGX
7.58,7.6,7.58,7.59,975,2022-06-10 13:59:00,PTGX
7.58,7.58,7.57,7.57,200,2022-06-10 14:00:00,PTGX
7.54,7.54,7.54,7.54,1414,2022-06-10 14:01:00,PTGX
7.54,7.54,7.53,7.54,857,2022-06-10 14:02:00,PTGX
7.54,7.54,7.54,7.54,100,2022-06-10 14:03:00,PTGX
7.53,7.57,7.53,7.57,4001,2022-06-10 14:04:00,PTGX
7.59,7.6,7.58,7.58,1900,2022-06-10 14:05:00,PTGX
7.575,7.59,7.575,7.58,1321,2022-06-10 14:06:00,PTGX
7.57,7.57,7.56,7.56,1200,2022-06-10 14:07:00,PTGX
7.56,7.56,7.55,7.55,894,2022-06-10 14:08:00,PTGX
7.54,7.54,7.54,7.54,100,2022-06-10 14:09:00,PTGX
7.55,7.56,7.55,7.5575,1285,2022-06-10 14:10:00,PTGX
7.55,7.55,7.53,7.53,1694,2022-06-10 14:11:00,PTGX
7.5,7.5,7.48,7.49,2300,2022-06-10 14:12:00,PTGX
7.48,7.48,7.465,7.465,600,2022-06-10 14:13:00,PTGX
7.46,7.48,7.46,7.47,3682,2022-06-10 14:14:00,PTGX
7.455,7.455,7.44,7.44,2000,2022-06-10 14:15:00,PTGX
7.45,7.46,7.42,7.42,4767,2022-06-10 14:16:00,PTGX
7.43,7.48,7.43,7.48,3198,2022-06-10 14:17:00,PTGX
7.46,7.47,7.46,7.47,876,2022-06-10 14:18:00,PTGX
7.47,7.48,7.47,7.47,300,2022-06-10 14:19:00,PTGX
7.48,7.48,7.46,7.46,2713,2022-06-10 14:20:00,PTGX
7.46,7.48,7.46,7.48,924,2022-06-10 14:21:00,PTGX
7.48,7.51,7.48,7.5,1798,2022-06-10 14:22:00,PTGX
7.5,7.5,7.49,7.49,500,2022-06-10 14:23:00,PTGX
7.509,7.509,7.509,7.509,100,2022-06-10 14:24:00,PTGX
7.51,7.53,7.51,7.53,2960,2022-06-10 14:25:00,PTGX
7.525,7.53,7.525,7.53,689,2022-06-10 14:26:00,PTGX
7.52,7.53,7.52,7.52,1680,2022-06-10 14:27:00,PTGX
7.51,7.51,7.51,7.51,200,2022-06-10 14:28:00,PTGX
7.51,7.51,7.48,7.51,6347,2022-06-10 14:29:00,PTGX
7.5,7.5,7.5,7.5,200,2022-06-10 14:30:00,PTGX
7.5,7.5,7.5,7.5,200,2022-06-10 14:31:00,PTGX
7.5,7.53,7.5,7.53,1092,2022-06-10 14:32:00,PTGX
7.525,7.525,7.52,7.52,1516,2022-06-10 14:33:00,PTGX
7.5299,7.54,7.52,7.54,2424,2022-06-10 14:34:00,PTGX
7.535,7.539,7.535,7.539,300,2022-06-10 14:35:00,PTGX
7.54,7.545,7.51,7.51,2802,2022-06-10 14:36:00,PTGX
7.49,7.505,7.49,7.5,2153,2022-06-10 14:37:00,PTGX
7.51,7.51,7.5,7.5,600,2022-06-10 14:38:00,PTGX
7.5,7.52,7.5,7.51,1400,2022-06-10 14:39:00,PTGX
7.5,7.5,7.49,7.49,1576,2022-06-10 14:40:00,PTGX
7.49,7.5,7.48,7.48,1454,2022-06-10 14:41:00,PTGX
7.49,7.49,7.475,7.475,1052,2022-06-10 14:42:00,PTGX
7.475,7.5,7.465,7.5,5217,2022-06-10 14:43:00,PTGX
7.51,7.525,7.51,7.52,1802,2022-06-10 14:44:00,PTGX
7.53,7.54,7.53,7.54,400,2022-06-10 14:45:00,PTGX
7.55,7.55,7.535,7.535,1400,2022-06-10 14:46:00,PTGX
7.535,7.535,7.525,7.525,1573,2022-06-10 14:47:00,PTGX
7.525,7.525,7.515,7.515,600,2022-06-10 14:48:00,PTGX
7.51,7.51,7.49,7.49,1600,2022-06-10 14:49:00,PTGX
7.49,7.515,7.49,7.51,2836,2022-06-10 14:50:00,PTGX
7.519,7.52,7.51,7.51,1576,2022-06-10 14:51:00,PTGX
7.495,7.495,7.495,7.495,300,2022-06-10 14:52:00,PTGX
7.49,7.505,7.48,7.505,1800,2022-06-10 14:53:00,PTGX
7.5,7.5,7.5,7.5,400,2022-06-10 14:54:00,PTGX
7.5,7.5,7.5,7.5,800,2022-06-10 14:55:00,PTGX
7.5,7.5,7.48,7.49,4703,2022-06-10 14:56:00,PTGX
7.49,7.49,7.48,7.48,767,2022-06-10 14:57:00,PTGX
7.48,7.48,7.4749,7.48,2800,2022-06-10 14:58:00,PTGX
7.48,7.48,7.47,7.475,600,2022-06-10 14:59:00,PTGX
7.475,7.48,7.47,7.47,3843,2022-06-10 15:00:00,PTGX
7.46,7.465,7.445,7.445,900,2022-06-10 15:01:00,PTGX
7.44,7.44,7.435,7.435,3291,2022-06-10 15:02:00,PTGX
7.435,7.445,7.435,7.44,4211,2022-06-10 15:03:00,PTGX
7.44,7.44,7.425,7.425,1703,2022-06-10 15:04:00,PTGX
7.42,7.42,7.38,7.39,9968,2022-06-10 15:05:00,PTGX
7.4,7.41,7.4,7.41,2390,2022-06-10 15:06:00,PTGX
7.41,7.41,7.39,7.39,1505,2022-06-10 15:07:00,PTGX
7.4,7.4,7.385,7.385,3118,2022-06-10 15:08:00,PTGX
7.385,7.415,7.385,7.415,2710,2022-06-10 15:09:00,PTGX
7.415,7.415,7.4,7.4,1277,2022-06-10 15:10:00,PTGX
7.39,7.395,7.385,7.395,1749,2022-06-10 15:11:00,PTGX
7.395,7.42,7.395,7.415,2817,2022-06-10 15:12:00,PTGX
7.415,7.415,7.4,7.4,1239,2022-06-10 15:13:00,PTGX
7.395,7.4,7.395,7.4,1987,2022-06-10 15:14:00,PTGX
7.4,7.4,7.4,7.4,100,2022-06-10 15:15:00,PTGX
7.4,7.409,7.4,7.409,400,2022-06-10 15:16:00,PTGX
7.4,7.405,7.4,7.405,400,2022-06-10 15:17:00,PTGX
7.405,7.43,7.405,7.43,1574,2022-06-10 15:18:00,PTGX
7.44,7.46,7.44,7.46,2023,2022-06-10 15:19:00,PTGX
7.46,7.485,7.46,7.48,800,2022-06-10 15:20:00,PTGX
7.485,7.485,7.48,7.485,1000,2022-06-10 15:21:00,PTGX
7.485,7.485,7.48,7.48,1184,2022-06-10 15:22:00,PTGX
7.48,7.485,7.48,7.48,845,2022-06-10 15:23:00,PTGX
7.485,7.49,7.485,7.485,400,2022-06-10 15:24:00,PTGX
7.485,7.485,7.47,7.47,2211,2022-06-10 15:25:00,PTGX
7.475,7.475,7.475,7.475,100,2022-06-10 15:26:00,PTGX
7.479,7.51,7.479,7.51,942,2022-06-10 15:27:00,PTGX
7.51,7.51,7.495,7.495,2400,2022-06-10 15:28:00,PTGX
7.495,7.5,7.48,7.5,2762,2022-06-10 15:29:00,PTGX
7.5,7.5,7.47,7.47,2100,2022-06-10 15:31:00,PTGX
7.47,7.47,7.47,7.47,300,2022-06-10 15:32:00,PTGX
7.48,7.48,7.46,7.47,2492,2022-06-10 15:33:00,PTGX
7.465,7.47,7.4608,7.47,2359,2022-06-10 15:34:00,PTGX
7.465,7.465,7.455,7.455,1284,2022-06-10 15:35:00,PTGX
7.46,7.465,7.455,7.46,3155,2022-06-10 15:36:00,PTGX
7.465,7.465,7.465,7.465,500,2022-06-10 15:37:00,PTGX
7.46,7.47,7.445,7.465,2289,2022-06-10 15:38:00,PTGX
7.47,7.47,7.465,7.465,300,2022-06-10 15:39:00,PTGX
7.465,7.465,7.46,7.46,273,2022-06-10 15:40:00,PTGX
7.47,7.475,7.47,7.475,1000,2022-06-10 15:41:00,PTGX
7.475,7.475,7.46,7.465,1300,2022-06-10 15:42:00,PTGX
7.465,7.47,7.45,7.45,2656,2022-06-10 15:43:00,PTGX
7.4508,7.47,7.4508,7.465,1697,2022-06-10 15:44:00,PTGX
7.465,7.475,7.465,7.475,818,2022-06-10 15:45:00,PTGX
7.475,7.475,7.45,7.45,2507,2022-06-10 15:46:00,PTGX
7.45,7.45,7.44,7.44,1000,2022-06-10 15:47:00,PTGX
7.44,7.44,7.44,7.44,100,2022-06-10 15:48:00,PTGX
7.435,7.435,7.42,7.42,800,2022-06-10 15:49:00,PTGX
7.425,7.425,7.41,7.42,4103,2022-06-10 15:50:00,PTGX
7.415,7.42,7.415,7.415,300,2022-06-10 15:51:00,PTGX
7.415,7.415,7.41,7.41,1300,2022-06-10 15:52:00,PTGX
7.415,7.415,7.39,7.395,400,2022-06-10 15:53:00,PTGX
7.395,7.4,7.395,7.395,3309,2022-06-10 15:54:00,PTGX
7.395,7.395,7.395,7.395,428,2022-06-10 15:55:00,PTGX
7.395,7.405,7.395,7.405,1419,2022-06-10 15:56:00,PTGX
7.405,7.41,7.405,7.41,600,2022-06-10 15:57:00,PTGX
7.405,7.41,7.405,7.405,3983,2022-06-10 15:58:00,PTGX
7.41,7.41,7.4,7.4,2793,2022-06-10 15:59:00,PTGX
7.39,7.39,7.385,7.385,2888,2022-06-10 16:00:00,PTGX
7.38,7.38,7.36,7.36,502,2022-06-10 16:01:00,PTGX
7.36,7.36,7.355,7.355,8745,2022-06-10 16:02:00,PTGX
7.355,7.365,7.355,7.365,1627,2022-06-10 16:03:00,PTGX
7.365,7.365,7.365,7.365,200,2022-06-10 16:04:00,PTGX
7.365,7.385,7.365,7.385,2791,2022-06-10 16:05:00,PTGX
7.38,7.38,7.375,7.375,2900,2022-06-10 16:06:00,PTGX
7.375,7.375,7.375,7.375,400,2022-06-10 16:07:00,PTGX
7.37,7.37,7.36,7.365,1880,2022-06-10 16:08:00,PTGX
7.36,7.36,7.355,7.36,3238,2022-06-10 16:09:00,PTGX
7.35,7.355,7.345,7.345,1055,2022-06-10 16:10:00,PTGX
7.345,7.3499,7.34,7.34,1100,2022-06-10 16:11:00,PTGX
7.335,7.34,7.33,7.335,2180,2022-06-10 16:12:00,PTGX
7.34,7.34,7.335,7.335,418,2022-06-10 16:13:00,PTGX
7.335,7.335,7.33,7.33,1100,2022-06-10 16:14:00,PTGX
7.325,7.325,7.325,7.325,300,2022-06-10 16:15:00,PTGX
7.325,7.33,7.325,7.325,1000,2022-06-10 16:16:00,PTGX
7.325,7.325,7.32,7.32,1797,2022-06-10 16:17:00,PTGX
7.31,7.315,7.31,7.315,400,2022-06-10 16:18:00,PTGX
7.31,7.315,7.31,7.315,400,2022-06-10 16:19:00,PTGX
7.315,7.33,7.315,7.325,2416,2022-06-10 16:20:00,PTGX
7.325,7.325,7.32,7.32,547,2022-06-10 16:21:00,PTGX
7.329,7.3378,7.325,7.335,1158,2022-06-10 16:22:00,PTGX
7.335,7.345,7.335,7.34,1562,2022-06-10 16:23:00,PTGX
7.34,7.34,7.335,7.335,916,2022-06-10 16:24:00,PTGX
7.33,7.33,7.33,7.33,300,2022-06-10 16:25:00,PTGX
7.325,7.325,7.325,7.325,200,2022-06-10 16:26:00,PTGX
7.33,7.33,7.325,7.325,200,2022-06-10 16:27:00,PTGX
7.325,7.325,7.315,7.315,2124,2022-06-10 16:28:00,PTGX
7.315,7.325,7.315,7.325,1185,2022-06-10 16:29:00,PTGX
7.33,7.345,7.33,7.345,1078,2022-06-10 16:30:00,PTGX
7.345,7.345,7.345,7.345,200,2022-06-10 16:31:00,PTGX
7.345,7.35,7.34,7.345,1352,2022-06-10 16:32:00,PTGX
7.34,7.34,7.335,7.335,500,2022-06-10 16:33:00,PTGX
7.335,7.3399,7.335,7.3399,1662,2022-06-10 16:34:00,PTGX
7.34,7.34,7.34,7.34,200,2022-06-10 16:35:00,PTGX
7.335,7.335,7.335,7.335,302,2022-06-10 16:36:00,PTGX
7.335,7.3471,7.335,7.3471,798,2022-06-10 16:37:00,PTGX
7.35,7.359,7.35,7.355,1164,2022-06-10 16:38:00,PTGX
7.355,7.355,7.355,7.355,300,2022-06-10 16:39:00,PTGX
7.355,7.36,7.355,7.36,1100,2022-06-10 16:40:00,PTGX
7.355,7.375,7.355,7.375,348,2022-06-10 16:41:00,PTGX
7.375,7.385,7.375,7.385,845,2022-06-10 16:42:00,PTGX
7.389,7.389,7.389,7.389,100,2022-06-10 16:43:00,PTGX
7.385,7.3863,7.375,7.375,1975,2022-06-10 16:44:00,PTGX
7.375,7.375,7.375,7.375,100,2022-06-10 16:45:00,PTGX
7.375,7.375,7.365,7.365,1400,2022-06-10 16:46:00,PTGX
7.365,7.365,7.35,7.355,1111,2022-06-10 16:47:00,PTGX
7.355,7.36,7.355,7.355,1002,2022-06-10 16:48:00,PTGX
7.35,7.35,7.34,7.34,2173,2022-06-10 16:49:00,PTGX
7.34,7.34,7.335,7.335,687,2022-06-10 16:50:00,PTGX
7.335,7.335,7.33,7.33,400,2022-06-10 16:51:00,PTGX
7.325,7.325,7.325,7.325,184,2022-06-10 16:52:00,PTGX
7.325,7.33,7.32,7.32,2861,2022-06-10 16:53:00,PTGX
7.325,7.325,7.32,7.325,500,2022-06-10 16:54:00,PTGX
7.325,7.325,7.32,7.32,300,2022-06-10 16:55:00,PTGX
7.31,7.32,7.31,7.319,2327,2022-06-10 16:56:00,PTGX
7.315,7.315,7.315,7.315,100,2022-06-10 16:57:00,PTGX
7.315,7.32,7.31,7.31,800,2022-06-10 16:58:00,PTGX
7.305,7.31,7.305,7.305,2172,2022-06-10 16:59:00,PTGX
7.3,7.3,7.285,7.285,1705,2022-06-10 17:00:00,PTGX
7.28,7.28,7.265,7.27,2034,2022-06-10 17:01:00,PTGX
7.27,7.28,7.27,7.27,790,2022-06-10 17:02:00,PTGX
7.275,7.28,7.2676,7.2676,4877,2022-06-10 17:03:00,PTGX
7.26,7.29,7.26,7.29,4963,2022-06-10 17:04:00,PTGX
7.29,7.29,7.27,7.27,2640,2022-06-10 17:05:00,PTGX
7.275,7.3,7.265,7.265,54638,2022-06-10 17:06:00,PTGX
7.27,7.29,7.27,7.289,1347,2022-06-10 17:07:00,PTGX
7.285,7.285,7.28,7.28,906,2022-06-10 17:08:00,PTGX
7.27,7.27,7.26,7.265,751,2022-06-10 17:09:00,PTGX
7.2698,7.2698,7.245,7.245,4183,2022-06-10 17:10:00,PTGX
7.245,7.2499,7.235,7.24,3158,2022-06-10 17:11:00,PTGX
7.24,7.24,7.225,7.225,600,2022-06-10 17:12:00,PTGX
7.225,7.225,7.2,7.2,1037,2022-06-10 17:13:00,PTGX
7.21,7.21,7.2,7.2,2100,2022-06-10 17:14:00,PTGX
7.2,7.205,7.2,7.2,400,2022-06-10 17:15:00,PTGX
7.2,7.21,7.2,7.205,1591,2022-06-10 17:16:00,PTGX
7.21,7.22,7.205,7.215,3355,2022-06-10 17:17:00,PTGX
7.215,7.22,7.215,7.215,2426,2022-06-10 17:18:00,PTGX
7.215,7.23,7.215,7.229,1713,2022-06-10 17:19:00,PTGX
7.225,7.235,7.225,7.23,1390,2022-06-10 17:20:00,PTGX
7.22,7.22,7.2,7.2,700,2022-06-10 17:21:00,PTGX
7.205,7.205,7.205,7.205,183,2022-06-10 17:22:00,PTGX
7.205,7.205,7.205,7.205,313,2022-06-10 17:23:00,PTGX
7.205,7.21,7.205,7.21,200,2022-06-10 17:24:00,PTGX
7.205,7.22,7.205,7.215,3640,2022-06-10 17:25:00,PTGX
7.215,7.215,7.215,7.215,551,2022-06-10 17:26:00,PTGX
7.215,7.218,7.215,7.218,239,2022-06-10 17:27:00,PTGX
7.215,7.22,7.215,7.22,300,2022-06-10 17:28:00,PTGX
7.215,7.22,7.215,7.215,1899,2022-06-10 17:29:00,PTGX
7.22,7.225,7.22,7.225,436,2022-06-10 17:30:00,PTGX
7.22,7.22,7.22,7.22,1333,2022-06-10 17:31:00,PTGX
7.21,7.215,7.21,7.215,300,2022-06-10 17:32:00,PTGX
7.21,7.21,7.2,7.2,1293,2022-06-10 17:33:00,PTGX
7.205,7.21,7.2,7.2,602,2022-06-10 17:34:00,PTGX
7.21,7.22,7.21,7.215,941,2022-06-10 17:35:00,PTGX
7.22,7.23,7.22,7.22,5285,2022-06-10 17:36:00,PTGX
7.2274,7.2274,7.22,7.22,1300,2022-06-10 17:37:00,PTGX
7.21,7.21,7.205,7.205,300,2022-06-10 17:38:00,PTGX
7.205,7.22,7.205,7.22,3290,2022-06-10 17:39:00,PTGX
7.21,7.21,7.21,7.21,200,2022-06-10 17:40:00,PTGX
7.21,7.21,7.21,7.21,500,2022-06-10 17:41:00,PTGX
7.205,7.22,7.205,7.215,4005,2022-06-10 17:42:00,PTGX
7.21,7.215,7.21,7.21,400,2022-06-10 17:43:00,PTGX
7.21,7.215,7.2,7.21,2812,2022-06-10 17:44:00,PTGX
7.205,7.209,7.205,7.209,200,2022-06-10 17:45:00,PTGX
7.205,7.22,7.205,7.22,13510,2022-06-10 17:46:00,PTGX
7.225,7.225,7.225,7.225,100,2022-06-10 17:47:00,PTGX
7.21,7.215,7.21,7.215,200,2022-06-10 17:48:00,PTGX
7.215,7.23,7.21,7.23,3759,2022-06-10 17:49:00,PTGX
7.24,7.255,7.24,7.24,1837,2022-06-10 17:50:00,PTGX
7.24,7.24,7.22,7.22,1216,2022-06-10 17:51:00,PTGX
7.215,7.215,7.215,7.215,184,2022-06-10 17:52:00,PTGX
7.215,7.215,7.21,7.21,700,2022-06-10 17:53:00,PTGX
7.21,7.22,7.21,7.22,10200,2022-06-10 17:54:00,PTGX
7.2,7.2,7.2,7.2,870,2022-06-10 17:55:00,PTGX
7.19,7.195,7.19,7.19,400,2022-06-10 17:56:00,PTGX
7.19,7.19,7.185,7.185,900,2022-06-10 17:57:00,PTGX
7.185,7.185,7.18,7.18,244,2022-06-10 17:58:00,PTGX
7.185,7.19,7.185,7.19,1021,2022-06-10 17:59:00,PTGX
7.1801,7.185,7.15,7.15,4152,2022-06-10 18:00:00,PTGX
7.15,7.15,7.145,7.145,300,2022-06-10 18:01:00,PTGX
7.15,7.15,7.15,7.15,2447,2022-06-10 18:02:00,PTGX
7.15,7.16,7.15,7.16,200,2022-06-10 18:03:00,PTGX
7.155,7.16,7.155,7.155,1170,2022-06-10 18:04:00,PTGX
7.155,7.16,7.155,7.155,1500,2022-06-10 18:05:00,PTGX
7.155,7.155,7.155,7.155,1811,2022-06-10 18:06:00,PTGX
7.155,7.155,7.155,7.155,100,2022-06-10 18:07:00,PTGX
7.16,7.16,7.15,7.155,2056,2022-06-10 18:08:00,PTGX
7.155,7.155,7.155,7.155,300,2022-06-10 18:09:00,PTGX
7.155,7.17,7.145,7.16,13788,2022-06-10 18:10:00,PTGX
7.165,7.18,7.165,7.17,4198,2022-06-10 18:11:00,PTGX
7.17,7.175,7.17,7.17,1610,2022-06-10 18:12:00,PTGX
7.17,7.17,7.1628,7.17,10732,2022-06-10 18:13:00,PTGX
7.165,7.165,7.16,7.165,2100,2022-06-10 18:14:00,PTGX
7.165,7.17,7.165,7.165,1731,2022-06-10 18:15:00,PTGX
7.165,7.21,7.165,7.21,6079,2022-06-10 18:16:00,PTGX
7.215,7.23,7.215,7.23,1636,2022-06-10 18:17:00,PTGX
7.23,7.26,7.23,7.255,3818,2022-06-10 18:18:00,PTGX
7.255,7.275,7.255,7.27,2487,2022-06-10 18:19:00,PTGX
7.265,7.265,7.255,7.255,3300,2022-06-10 18:20:00,PTGX
7.255,7.255,7.255,7.255,310,2022-06-10 18:21:00,PTGX
7.265,7.265,7.255,7.255,1129,2022-06-10 18:22:00,PTGX
7.255,7.255,7.25,7.25,896,2022-06-10 18:23:00,PTGX
7.25,7.25,7.245,7.245,1400,2022-06-10 18:24:00,PTGX
7.25,7.26,7.25,7.25,1250,2022-06-10 18:25:00,PTGX
7.25,7.265,7.25,7.265,619,2022-06-10 18:26:00,PTGX
7.27,7.275,7.27,7.275,500,2022-06-10 18:27:00,PTGX
7.27,7.27,7.255,7.255,2642,2022-06-10 18:28:00,PTGX
7.26,7.26,7.255,7.26,1500,2022-06-10 18:29:00,PTGX
7.255,7.255,7.25,7.25,1616,2022-06-10 18:30:00,PTGX
7.255,7.255,7.255,7.255,700,2022-06-10 18:31:00,PTGX
7.255,7.255,7.255,7.255,100,2022-06-10 18:32:00,PTGX
7.255,7.26,7.255,7.255,1543,2022-06-10 18:33:00,PTGX
7.255,7.26,7.245,7.255,6037,2022-06-10 18:34:00,PTGX
7.255,7.255,7.255,7.255,250,2022-06-10 18:35:00,PTGX
7.255,7.255,7.255,7.255,200,2022-06-10 18:36:00,PTGX
7.255,7.255,7.255,7.255,100,2022-06-10 18:37:00,PTGX
7.255,7.255,7.255,7.255,200,2022-06-10 18:38:00,PTGX
7.255,7.255,7.225,7.225,3611,2022-06-10 18:39:00,PTGX
7.225,7.25,7.225,7.245,82638,2022-06-10 18:40:00,PTGX
7.2499,7.2499,7.245,7.245,800,2022-06-10 18:41:00,PTGX
7.245,7.245,7.245,7.245,1000,2022-06-10 18:42:00,PTGX
7.245,7.245,7.245,7.245,300,2022-06-10 18:43:00,PTGX
7.25,7.25,7.245,7.245,1718,2022-06-10 18:44:00,PTGX
7.245,7.245,7.2404,7.245,2628,2022-06-10 18:45:00,PTGX
7.24,7.24,7.235,7.235,1600,2022-06-10 18:46:00,PTGX
7.24,7.24,7.235,7.235,5128,2022-06-10 18:47:00,PTGX
7.235,7.235,7.235,7.235,225,2022-06-10 18:48:00,PTGX
7.235,7.245,7.235,7.24,3674,2022-06-10 18:49:00,PTGX
7.235,7.24,7.235,7.235,1015,2022-06-10 18:50:00,PTGX
7.235,7.235,7.235,7.235,400,2022-06-10 18:51:00,PTGX
7.235,7.235,7.235,7.235,583,2022-06-10 18:52:00,PTGX
7.235,7.235,7.15,7.18,73378,2022-06-10 18:53:00,PTGX
7.19,7.205,7.19,7.2,3272,2022-06-10 18:54:00,PTGX
7.2,7.21,7.2,7.205,1719,2022-06-10 18:55:00,PTGX
7.205,7.21,7.2,7.2,4899,2022-06-10 18:56:00,PTGX
7.205,7.215,7.205,7.21,3019,2022-06-10 18:57:00,PTGX
7.225,7.23,7.225,7.225,1208,2022-06-10 18:58:00,PTGX
7.225,7.23,7.22,7.22,2500,2022-06-10 18:59:00,PTGX
7.215,7.225,7.215,7.225,1594,2022-06-10 19:00:00,PTGX
7.225,7.23,7.215,7.215,2875,2022-06-10 19:01:00,PTGX
7.21,7.21,7.2,7.2,5830,2022-06-10 19:02:00,PTGX
7.2,7.215,7.2,7.21,5622,2022-06-10 19:03:00,PTGX
7.22,7.26,7.22,7.26,10293,2022-06-10 19:04:00,PTGX
7.27,7.28,7.265,7.27,3846,2022-06-10 19:05:00,PTGX
7.27,7.3065,7.27,7.3065,2407,2022-06-10 19:06:00,PTGX
7.31,7.32,7.305,7.315,1150,2022-06-10 19:07:00,PTGX
7.31,7.31,7.31,7.31,1500,2022-06-10 19:08:00,PTGX
7.315,7.32,7.3,7.3,6668,2022-06-10 19:09:00,PTGX
7.3,7.32,7.3,7.32,1950,2022-06-10 19:10:00,PTGX
7.32,7.34,7.32,7.34,800,2022-06-10 19:11:00,PTGX
7.35,7.365,7.35,7.36,1600,2022-06-10 19:12:00,PTGX
7.36,7.36,7.355,7.355,1696,2022-06-10 19:13:00,PTGX
7.35,7.36,7.35,7.36,2831,2022-06-10 19:15:00,PTGX
7.355,7.365,7.355,7.36,718,2022-06-10 19:16:00,PTGX
7.37,7.4,7.37,7.4,2556,2022-06-10 19:17:00,PTGX
7.4,7.4,7.39,7.39,1200,2022-06-10 19:18:00,PTGX
7.4,7.405,7.4,7.405,356,2022-06-10 19:19:00,PTGX
7.405,7.405,7.391,7.395,2900,2022-06-10 19:20:00,PTGX
7.395,7.415,7.395,7.41,2868,2022-06-10 19:21:00,PTGX
7.42,7.42,7.405,7.405,600,2022-06-10 19:22:00,PTGX
7.41,7.425,7.41,7.425,1100,2022-06-10 19:23:00,PTGX
7.43,7.43,7.425,7.43,2273,2022-06-10 19:24:00,PTGX
7.425,7.44,7.425,7.44,3849,2022-06-10 19:25:00,PTGX
7.435,7.44,7.4301,7.4301,956,2022-06-10 19:26:00,PTGX
7.44,7.48,7.44,7.48,2536,2022-06-10 19:27:00,PTGX
7.47,7.475,7.45,7.45,3224,2022-06-10 19:28:00,PTGX
7.44,7.44,7.435,7.44,800,2022-06-10 19:29:00,PTGX
7.435,7.435,7.425,7.425,2500,2022-06-10 19:30:00,PTGX
7.425,7.435,7.425,7.43,3379,2022-06-10 19:31:00,PTGX
7.42,7.42,7.405,7.405,3999,2022-06-10 19:32:00,PTGX
7.405,7.405,7.39,7.395,1750,2022-06-10 19:33:00,PTGX
7.395,7.4,7.37,7.37,4843,2022-06-10 19:34:00,PTGX
7.3601,7.3601,7.32,7.33,9665,2022-06-10 19:35:00,PTGX
7.34,7.34,7.33,7.34,3890,2022-06-10 19:36:00,PTGX
7.34,7.34,7.33,7.33,4648,2022-06-10 19:37:00,PTGX
7.335,7.34,7.29,7.31,14802,2022-06-10 19:38:00,PTGX
7.3,7.3,7.29,7.29,2000,2022-06-10 19:39:00,PTGX
7.29,7.3,7.29,7.295,8439,2022-06-10 19:40:00,PTGX
7.295,7.295,7.29,7.295,1200,2022-06-10 19:41:00,PTGX
7.295,7.295,7.28,7.285,4582,2022-06-10 19:42:00,PTGX
7.285,7.285,7.27,7.27,3454,2022-06-10 19:43:00,PTGX
7.26,7.28,7.255,7.275,12255,2022-06-10 19:44:00,PTGX
7.275,7.285,7.275,7.285,3200,2022-06-10 19:45:00,PTGX
7.285,7.29,7.28,7.285,2749,2022-06-10 19:46:00,PTGX
7.285,7.33,7.285,7.32,7286,2022-06-10 19:47:00,PTGX
7.32,7.325,7.305,7.305,4502,2022-06-10 19:48:00,PTGX
7.305,7.305,7.305,7.305,668,2022-06-10 19:49:00,PTGX
7.31,7.32,7.305,7.315,7409,2022-06-10 19:50:00,PTGX
7.31,7.315,7.295,7.295,7372,2022-06-10 19:51:00,PTGX
7.3,7.31,7.295,7.305,3050,2022-06-10 19:52:00,PTGX
7.305,7.35,7.305,7.34,19245,2022-06-10 19:53:00,PTGX
7.335,7.34,7.325,7.34,9566,2022-06-10 19:54:00,PTGX
7.335,7.34,7.33,7.34,5011,2022-06-10 19:55:00,PTGX
7.3399,7.34,7.33,7.3311,8924,2022-06-10 19:56:00,PTGX
7.335,7.34,7.33,7.335,6792,2022-06-10 19:57:00,PTGX
7.34,7.34,7.33,7.33,8458,2022-06-10 19:58:00,PTGX
7.335,7.34,7.32,7.32,14729,2022-06-10 19:59:00,PTGX
7.33,7.33,7.33,7.33,138243,2022-06-10 20:00:00,PTGX
7.13,7.13,7.13,7.13,103,2022-06-13 12:06:00,PTGX
7.21,7.21,7.13,7.14,11787,2022-06-13 13:30:00,PTGX
7.14,7.17,7.14,7.17,600,2022-06-13 13:31:00,PTGX
7.13,7.13,7.09,7.09,1500,2022-06-13 13:32:00,PTGX
7.13,7.18,7.105,7.18,6165,2022-06-13 13:33:00,PTGX
7.18,7.18,7.18,7.18,300,2022-06-13 13:34:00,PTGX
7.16,7.17,7.14,7.14,3419,2022-06-13 13:35:00,PTGX
7.14,7.19,7.14,7.175,1967,2022-06-13 13:36:00,PTGX
7.18,7.18,7.17,7.17,1068,2022-06-13 13:37:00,PTGX
7.16,7.16,7.16,7.16,1491,2022-06-13 13:39:00,PTGX
7.185,7.19,7.16,7.175,4810,2022-06-13 13:40:00,PTGX
7.16,7.16,7.14,7.14,5251,2022-06-13 13:41:00,PTGX
7.14,7.14,7.1241,7.1241,1362,2022-06-13 13:42:00,PTGX
7.1,7.1,7.09,7.0973,4616,2022-06-13 13:43:00,PTGX
7.09,7.09,7.08,7.09,1520,2022-06-13 13:44:00,PTGX
7.0821,7.11,7.08,7.11,5807,2022-06-13 13:45:00,PTGX
7.09,7.11,7.07,7.08,2400,2022-06-13 13:46:00,PTGX
7.065,7.065,7.06,7.065,500,2022-06-13 13:47:00,PTGX
7.06,7.06,7.06,7.06,600,2022-06-13 13:48:00,PTGX
7.04,7.05,7.04,7.04,1900,2022-06-13 13:49:00,PTGX
7.045,7.06,7.045,7.05,3547,2022-06-13 13:50:00,PTGX
7.04,7.05,7.04,7.05,200,2022-06-13 13:51:00,PTGX
7.04,7.04,7.02,7.02,2419,2022-06-13 13:52:00,PTGX
7.0252,7.06,7.02,7.045,5450,2022-06-13 13:53:00,PTGX
7.05,7.07,7.05,7.07,2732,2022-06-13 13:54:00,PTGX
7.07,7.07,7.06,7.06,1732,2022-06-13 13:55:00,PTGX
7.07,7.08,7.065,7.07,2312,2022-06-13 13:56:00,PTGX
7.06,7.06,7.02,7.02,4646,2022-06-13 13:57:00,PTGX
7.02,7.04,7.02,7.03,1562,2022-06-13 13:58:00,PTGX
7.045,7.05,7.04,7.04,1916,2022-06-13 13:59:00,PTGX
7.03,7.04,7.03,7.04,400,2022-06-13 14:00:00,PTGX
7.03,7.03,6.97,7.0,4535,2022-06-13 14:01:00,PTGX
7.0,7.0,7.0,7.0,913,2022-06-13 14:02:00,PTGX
6.99,7.0,6.99,7.0,459,2022-06-13 14:03:00,PTGX
7.0,7.0,6.985,7.0,2621,2022-06-13 14:04:00,PTGX
6.98,7.04,6.98,7.04,11387,2022-06-13 14:05:00,PTGX
7.035,7.035,7.02,7.02,1290,2022-06-13 14:06:00,PTGX
7.0138,7.0138,6.98,6.98,2690,2022-06-13 14:07:00,PTGX
6.98,6.98,6.975,6.975,460,2022-06-13 14:08:00,PTGX
6.967,6.967,6.96,6.96,2200,2022-06-13 14:09:00,PTGX
6.96,6.962,6.95,6.95,2832,2022-06-13 14:10:00,PTGX
6.95,6.95,6.941,6.95,1000,2022-06-13 14:11:00,PTGX
6.96,6.99,6.96,6.98,2481,2022-06-13 14:12:00,PTGX
7.0,7.01,7.0,7.005,1435,2022-06-13 14:14:00,PTGX
7.0,7.0,6.99,7.0,3545,2022-06-13 14:15:00,PTGX
6.9819,6.99,6.9819,6.99,800,2022-06-13 14:17:00,PTGX
6.99,6.99,6.965,6.965,8182,2022-06-13 14:18:00,PTGX
6.97,6.97,6.965,6.965,300,2022-06-13 14:19:00,PTGX
6.97,7.01,6.97,7.0,6169,2022-06-13 14:20:00,PTGX
7.0,7.015,7.0,7.0,3277,2022-06-13 14:21:00,PTGX
6.99,7.0,6.99,7.0,3497,2022-06-13 14:22:00,PTGX
6.99,6.99,6.99,6.99,753,2022-06-13 14:23:00,PTGX
6.99,7.02,6.99,7.02,2261,2022-06-13 14:24:00,PTGX
7.02,7.02,7.02,7.02,969,2022-06-13 14:25:00,PTGX
7.02,7.02,6.9997,6.9997,4027,2022-06-13 14:26:00,PTGX
6.9999,6.9999,6.9999,6.9999,1000,2022-06-13 14:27:00,PTGX
6.995,7.02,6.995,7.01,2001,2022-06-13 14:28:00,PTGX
7.02,7.04,7.02,7.035,4412,2022-06-13 14:29:00,PTGX
7.04,7.04,7.03,7.035,3231,2022-06-13 14:30:00,PTGX
7.0359,7.04,7.0359,7.04,668,2022-06-13 14:31:00,PTGX
7.05,7.0596,7.05,7.055,1548,2022-06-13 14:32:00,PTGX
7.06,7.0693,7.055,7.06,1939,2022-06-13 14:33:00,PTGX
7.06,7.06,7.0191,7.02,10643,2022-06-13 14:34:00,PTGX
7.02,7.02,7.02,7.02,100,2022-06-13 14:36:00,PTGX
7.01,7.01,7.0,7.0,1751,2022-06-13 14:37:00,PTGX
7.0,7.05,7.0,7.05,10515,2022-06-13 14:38:00,PTGX
7.04,7.0442,7.03,7.03,3552,2022-06-13 14:39:00,PTGX
7.03,7.03,7.02,7.02,1196,2022-06-13 14:40:00,PTGX
7.03,7.03,7.03,7.03,300,2022-06-13 14:41:00,PTGX
7.04,7.04,7.04,7.04,1439,2022-06-13 14:42:00,PTGX
7.03,7.035,7.01,7.01,8068,2022-06-13 14:43:00,PTGX
7.0049,7.01,6.99,6.99,5349,2022-06-13 14:44:00,PTGX
6.99,6.99,6.9816,6.985,2486,2022-06-13 14:45:00,PTGX
6.985,6.985,6.98,6.98,1300,2022-06-13 14:46:00,PTGX
6.975,6.975,6.9709,6.975,700,2022-06-13 14:47:00,PTGX
6.97,6.97,6.945,6.95,3774,2022-06-13 14:48:00,PTGX
6.95,6.95,6.95,6.95,397,2022-06-13 14:49:00,PTGX
6.94,6.95,6.935,6.95,2382,2022-06-13 14:50:00,PTGX
6.945,6.945,6.935,6.945,544,2022-06-13 14:51:00,PTGX
6.94,6.97,6.94,6.97,2167,2022-06-13 14:52:00,PTGX
6.97,6.975,6.97,6.97,2175,2022-06-13 14:53:00,PTGX
6.97,6.975,6.97,6.975,300,2022-06-13 14:54:00,PTGX
6.98,6.98,6.98,6.98,410,2022-06-13 14:55:00,PTGX
6.97,6.98,6.965,6.97,1822,2022-06-13 14:56:00,PTGX
6.97,6.97,6.97,6.97,400,2022-06-13 14:57:00,PTGX
6.97,6.97,6.965,6.97,716,2022-06-13 14:58:00,PTGX
6.965,6.97,6.95,6.95,3824,2022-06-13 14:59:00,PTGX
6.945,6.945,6.945,6.945,100,2022-06-13 15:00:00,PTGX
6.945,6.96,6.94,6.96,2604,2022-06-13 15:01:00,PTGX
6.955,6.96,6.955,6.96,1251,2022-06-13 15:02:00,PTGX
6.96,6.96,6.95,6.95,1060,2022-06-13 15:03:00,PTGX
6.94,6.94,6.93,6.94,700,2022-06-13 15:04:00,PTGX
6.94,6.94,6.935,6.935,300,2022-06-13 15:05:00,PTGX
6.945,6.98,6.945,6.98,3273,2022-06-13 15:06:00,PTGX
6.975,6.99,6.97,6.99,4450,2022-06-13 15:07:00,PTGX
6.99,7.01,6.99,7.005,5191,2022-06-13 15:08:00,PTGX
7.005,7.005,7.0,7.0,1200,2022-06-13 15:09:00,PTGX
7.0,7.0,6.995,6.995,300,2022-06-13 15:10:00,PTGX
7.0,7.0,6.995,6.995,500,2022-06-13 15:11:00,PTGX
6.995,7.0,6.995,7.0,500,2022-06-13 15:12:00,PTGX
6.995,6.995,6.995,6.995,400,2022-06-13 15:13:00,PTGX
7.0,7.035,7.0,7.035,2323,2022-06-13 15:14:00,PTGX
7.045,7.06,7.045,7.045,5276,2022-06-13 15:15:00,PTGX
7.06,7.08,7.06,7.07,7118,2022-06-13 15:16:00,PTGX
7.07,7.0777,7.07,7.0777,600,2022-06-13 15:17:00,PTGX
7.08,7.08,7.08,7.08,761,2022-06-13 15:18:00,PTGX
7.08,7.08,7.08,7.08,200,2022-06-13 15:19:00,PTGX
7.09,7.11,7.09,7.11,1200,2022-06-13 15:20:00,PTGX
7.1,7.1,7.09,7.09,2634,2022-06-13 15:21:00,PTGX
7.1,7.1,7.1,7.1,200,2022-06-13 15:23:00,PTGX
7.1,7.1,7.1,7.1,100,2022-06-13 15:24:00,PTGX
7.11,7.115,7.1,7.1,5799,2022-06-13 15:25:00,PTGX
7.11,7.115,7.1,7.1,1319,2022-06-13 15:26:00,PTGX
7.1,7.1,7.095,7.095,1766,2022-06-13 15:27:00,PTGX
7.095,7.095,7.09,7.09,800,2022-06-13 15:28:00,PTGX
7.09,7.11,7.09,7.11,2606,2022-06-13 15:29:00,PTGX
7.11,7.17,7.11,7.15,11454,2022-06-13 15:30:00,PTGX
7.15,7.15,7.15,7.15,834,2022-06-13 15:31:00,PTGX
7.14,7.14,7.12,7.12,2444,2022-06-13 15:32:00,PTGX
7.13,7.135,7.13,7.135,400,2022-06-13 15:33:00,PTGX
7.13,7.13,7.125,7.125,300,2022-06-13 15:34:00,PTGX
7.13,7.145,7.13,7.14,1724,2022-06-13 15:35:00,PTGX
7.13,7.13,7.12,7.12,2576,2022-06-13 15:36:00,PTGX
7.12,7.125,7.12,7.125,500,2022-06-13 15:37:00,PTGX
7.13,7.145,7.13,7.145,1100,2022-06-13 15:38:00,PTGX
7.15,7.16,7.15,7.16,1000,2022-06-13 15:39:00,PTGX
7.165,7.17,7.16,7.16,3582,2022-06-13 15:40:00,PTGX
7.165,7.165,7.13,7.13,3801,2022-06-13 15:41:00,PTGX
7.13,7.14,7.07,7.1,27696,2022-06-13 15:42:00,PTGX
7.11,7.12,7.11,7.12,860,2022-06-13 15:43:00,PTGX
7.12,7.12,7.1,7.1,2886,2022-06-13 15:44:00,PTGX
7.09,7.095,7.09,7.095,500,2022-06-13 15:45:00,PTGX
7.09,7.09,7.06,7.06,7466,2022-06-13 15:46:00,PTGX
7.06,7.075,7.06,7.06,2928,2022-06-13 15:47:00,PTGX
7.05,7.05,7.04,7.04,1000,2022-06-13 15:48:00,PTGX
7.035,7.035,7.0342,7.0342,1127,2022-06-13 15:49:00,PTGX
7.04,7.045,7.03,7.03,1517,2022-06-13 15:50:00,PTGX
7.03,7.032,7.03,7.03,1273,2022-06-13 15:51:00,PTGX
7.025,7.025,7.005,7.01,4562,2022-06-13 15:52:00,PTGX
7.005,7.01,7.005,7.01,400,2022-06-13 15:53:00,PTGX
7.005,7.005,7.005,7.005,100,2022-06-13 15:55:00,PTGX
7.01,7.01,7.005,7.005,200,2022-06-13 15:56:00,PTGX
7.0,7.011,6.995,7.01,2821,2022-06-13 15:57:00,PTGX
7.01,7.01,7.01,7.01,200,2022-06-13 15:58:00,PTGX
7.015,7.025,7.015,7.025,1501,2022-06-13 15:59:00,PTGX
7.02,7.03,7.02,7.03,2475,2022-06-13 16:00:00,PTGX
7.025,7.025,7.02,7.02,1300,2022-06-13 16:01:00,PTGX
7.01,7.025,7.01,7.025,2071,2022-06-13 16:02:00,PTGX
7.02,7.02,6.975,6.975,3803,2022-06-13 16:03:00,PTGX
6.98,6.98,6.98,6.98,300,2022-06-13 16:04:00,PTGX
6.98,6.9842,6.97,6.9842,1050,2022-06-13 16:05:00,PTGX
6.985,6.99,6.98,6.99,3206,2022-06-13 16:07:00,PTGX
7.0,7.03,7.0,7.02,1226,2022-06-13 16:08:00,PTGX
7.02,7.0285,7.02,7.02,2576,2022-06-13 16:09:00,PTGX
7.01,7.035,7.01,7.035,900,2022-06-13 16:10:00,PTGX
7.035,7.035,7.035,7.035,100,2022-06-13 16:11:00,PTGX
7.035,7.04,7.035,7.04,1491,2022-06-13 16:12:00,PTGX
7.04,7.05,7.04,7.04,796,2022-06-13 16:13:00,PTGX
7.045,7.06,7.045,7.06,1912,2022-06-13 16:14:00,PTGX
7.06,7.09,7.06,7.09,600,2022-06-13 16:15:00,PTGX
7.08,7.1,7.07,7.07,5938,2022-06-13 16:16:00,PTGX
7.06,7.06,7.055,7.055,2487,2022-06-13 16:17:00,PTGX
7.055,7.055,7.055,7.055,100,2022-06-13 16:18:00,PTGX
7.06,7.065,7.06,7.065,2100,2022-06-13 16:20:00,PTGX
7.07,7.09,7.07,7.075,4167,2022-06-13 16:21:00,PTGX
7.08,7.085,7.08,7.085,1100,2022-06-13 16:22:00,PTGX
7.09,7.09,7.07,7.07,2676,2022-06-13 16:23:00,PTGX
7.075,7.075,7.075,7.075,100,2022-06-13 16:24:00,PTGX
7.08,7.095,7.08,7.09,2607,2022-06-13 16:25:00,PTGX
7.1,7.115,7.1,7.11,1072,2022-06-13 16:26:00,PTGX
7.115,7.12,7.115,7.12,200,2022-06-13 16:27:00,PTGX
7.13,7.135,7.13,7.135,200,2022-06-13 16:29:00,PTGX
7.145,7.15,7.145,7.15,900,2022-06-13 16:30:00,PTGX
7.16,7.17,7.155,7.17,1108,2022-06-13 16:31:00,PTGX
7.18,7.18,7.16,7.18,4306,2022-06-13 16:32:00,PTGX
7.18,7.19,7.18,7.19,1398,2022-06-13 16:33:00,PTGX
7.21,7.23,7.21,7.23,2023,2022-06-13 16:34:00,PTGX
7.24,7.24,7.23,7.2395,3126,2022-06-13 16:35:00,PTGX
7.24,7.26,7.24,7.25,2298,2022-06-13 16:36:00,PTGX
7.255,7.27,7.25,7.27,1611,2022-06-13 16:37:00,PTGX
7.265,7.27,7.26,7.27,4193,2022-06-13 16:38:00,PTGX
7.28,7.28,7.28,7.28,581,2022-06-13 16:39:00,PTGX
7.27,7.27,7.27,7.27,3077,2022-06-13 16:40:00,PTGX
7.27,7.27,7.23,7.23,2128,2022-06-13 16:41:00,PTGX
7.22,7.22,7.22,7.22,400,2022-06-13 16:42:00,PTGX
7.22,7.22,7.22,7.22,200,2022-06-13 16:43:00,PTGX
7.22,7.22,7.21,7.22,1165,2022-06-13 16:44:00,PTGX
7.22,7.22,7.22,7.22,1337,2022-06-13 16:46:00,PTGX
7.215,7.215,7.205,7.205,2266,2022-06-13 16:47:00,PTGX
7.205,7.21,7.205,7.21,741,2022-06-13 16:48:00,PTGX
7.215,7.215,7.205,7.205,600,2022-06-13 16:49:00,PTGX
7.205,7.205,7.19,7.19,3100,2022-06-13 16:50:00,PTGX
7.19,7.19,7.185,7.185,1200,2022-06-13 16:51:00,PTGX
7.18,7.18,7.18,7.18,1484,2022-06-13 16:52:00,PTGX
7.17,7.17,7.16,7.16,600,2022-06-13 16:53:00,PTGX
7.15,7.15,7.14,7.14,2367,2022-06-13 16:54:00,PTGX
7.145,7.145,7.145,7.145,100,2022-06-13 16:55:00,PTGX
7.145,7.15,7.14,7.14,900,2022-06-13 16:56:00,PTGX
7.135,7.135,7.13,7.13,500,2022-06-13 16:57:00,PTGX
7.125,7.125,7.11,7.11,1998,2022-06-13 16:59:00,PTGX
7.115,7.115,7.105,7.105,877,2022-06-13 17:00:00,PTGX
7.1,7.1,7.1,7.1,300,2022-06-13 17:01:00,PTGX
7.1,7.1,7.09,7.09,600,2022-06-13 17:02:00,PTGX
7.08,7.085,7.075,7.075,406,2022-06-13 17:03:00,PTGX
7.0792,7.08,7.0792,7.0799,6840,2022-06-13 17:04:00,PTGX
7.08,7.08,7.075,7.075,1254,2022-06-13 17:05:00,PTGX
7.07,7.08,7.07,7.075,3653,2022-06-13 17:06:00,PTGX
7.07,7.07,7.03,7.03,5355,2022-06-13 17:07:00,PTGX
7.035,7.045,7.035,7.04,2700,2022-06-13 17:08:00,PTGX
7.034,7.034,7.034,7.034,200,2022-06-13 17:09:00,PTGX
7.04,7.04,7.04,7.04,1166,2022-06-13 17:10:00,PTGX
7.045,7.085,7.04,7.085,5101,2022-06-13 17:11:00,PTGX
7.075,7.08,7.075,7.075,1509,2022-06-13 17:12:00,PTGX
7.075,7.075,7.055,7.055,1265,2022-06-13 17:13:00,PTGX
7.055,7.06,7.055,7.06,1253,2022-06-13 17:14:00,PTGX
7.06,7.06,7.06,7.06,100,2022-06-13 17:15:00,PTGX
7.06,7.06,7.06,7.06,1121,2022-06-13 17:16:00,PTGX
7.06,7.06,7.06,7.06,867,2022-06-13 17:17:00,PTGX
7.055,7.055,7.05,7.05,1607,2022-06-13 17:18:00,PTGX
7.05,7.05,7.04,7.045,1249,2022-06-13 17:20:00,PTGX
7.045,7.05,7.04,7.05,2611,2022-06-13 17:21:00,PTGX
7.05,7.05,7.05,7.05,663,2022-06-13 17:22:00,PTGX
7.06,7.06,7.06,7.06,1202,2022-06-13 17:23:00,PTGX
7.05,7.06,7.05,7.06,946,2022-06-13 17:24:00,PTGX
7.05,7.05,7.045,7.045,200,2022-06-13 17:25:00,PTGX
7.04,7.045,7.035,7.035,1551,2022-06-13 17:26:00,PTGX
7.035,7.035,7.035,7.035,100,2022-06-13 17:28:00,PTGX
7.04,7.05,7.04,7.05,758,2022-06-13 17:29:00,PTGX
7.06,7.065,7.06,7.065,700,2022-06-13 17:31:00,PTGX
7.06,7.06,7.06,7.06,2432,2022-06-13 17:32:00,PTGX
7.055,7.055,7.055,7.055,200,2022-06-13 17:33:00,PTGX
7.06,7.06,7.06,7.06,1556,2022-06-13 17:34:00,PTGX
7.07,7.085,7.07,7.085,2167,2022-06-13 17:35:00,PTGX
7.09,7.105,7.09,7.105,1414,2022-06-13 17:36:00,PTGX
7.12,7.12,7.12,7.12,1252,2022-06-13 17:37:00,PTGX
7.12,7.125,7.1042,7.1042,12193,2022-06-13 17:38:00,PTGX
7.1,7.1008,7.1,7.1008,2600,2022-06-13 17:39:00,PTGX
7.105,7.105,7.095,7.095,1600,2022-06-13 17:40:00,PTGX
7.1,7.12,7.1,7.12,3490,2022-06-13 17:41:00,PTGX
7.13,7.16,7.13,7.16,499,2022-06-13 17:42:00,PTGX
7.16,7.16,7.155,7.16,1171,2022-06-13 17:43:00,PTGX
7.155,7.16,7.155,7.16,200,2022-06-13 17:44:00,PTGX
7.16,7.17,7.16,7.17,800,2022-06-13 17:45:00,PTGX
7.17,7.19,7.17,7.19,600,2022-06-13 17:46:00,PTGX
7.18,7.19,7.18,7.185,881,2022-06-13 17:47:00,PTGX
7.18,7.18,7.175,7.175,1086,2022-06-13 17:48:00,PTGX
7.175,7.175,7.16,7.16,4970,2022-06-13 17:50:00,PTGX
7.161,7.165,7.16,7.16,1100,2022-06-13 17:51:00,PTGX
7.16,7.17,7.1545,7.17,3046,2022-06-13 17:52:00,PTGX
7.165,7.165,7.16,7.16,1710,2022-06-13 17:53:00,PTGX
7.17,7.175,7.17,7.175,631,2022-06-13 17:55:00,PTGX
7.18,7.19,7.18,7.185,400,2022-06-13 17:57:00,PTGX
7.2,7.215,7.2,7.215,1425,2022-06-13 17:59:00,PTGX
7.21,7.21,7.195,7.195,4164,2022-06-13 18:00:00,PTGX
7.19,7.195,7.19,7.195,500,2022-06-13 18:01:00,PTGX
7.2,7.2,7.2,7.2,400,2022-06-13 18:02:00,PTGX
7.19,7.19,7.18,7.18,1788,2022-06-13 18:03:00,PTGX
7.18,7.18,7.18,7.18,100,2022-06-13 18:04:00,PTGX
7.175,7.18,7.175,7.175,300,2022-06-13 18:05:00,PTGX
7.18,7.21,7.18,7.2,4686,2022-06-13 18:06:00,PTGX
7.205,7.205,7.205,7.205,300,2022-06-13 18:07:00,PTGX
7.205,7.205,7.205,7.205,100,2022-06-13 18:08:00,PTGX
7.21,7.21,7.21,7.21,3185,2022-06-13 18:09:00,PTGX
7.21,7.21,7.2,7.2,1247,2022-06-13 18:10:00,PTGX
7.205,7.205,7.195,7.2,2580,2022-06-13 18:11:00,PTGX
7.2,7.205,7.2,7.205,553,2022-06-13 18:12:00,PTGX
7.205,7.205,7.205,7.205,300,2022-06-13 18:13:00,PTGX
7.2,7.2,7.191,7.191,1765,2022-06-13 18:14:00,PTGX
7.19,7.195,7.185,7.185,1696,2022-06-13 18:15:00,PTGX
7.19,7.19,7.175,7.18,1301,2022-06-13 18:16:00,PTGX
7.18,7.18,7.18,7.18,200,2022-06-13 18:17:00,PTGX
7.179,7.179,7.175,7.175,300,2022-06-13 18:18:00,PTGX
7.175,7.175,7.175,7.175,100,2022-06-13 18:19:00,PTGX
7.18,7.2,7.18,7.195,1857,2022-06-13 18:20:00,PTGX
7.195,7.205,7.195,7.2,2522,2022-06-13 18:21:00,PTGX
7.2,7.2,7.187,7.187,1640,2022-06-13 18:22:00,PTGX
7.19,7.19,7.185,7.185,200,2022-06-13 18:23:00,PTGX
7.19,7.19,7.185,7.185,600,2022-06-13 18:24:00,PTGX
7.181,7.185,7.181,7.185,400,2022-06-13 18:25:00,PTGX
7.18,7.185,7.18,7.18,1483,2022-06-13 18:26:00,PTGX
7.185,7.185,7.18,7.18,200,2022-06-13 18:27:00,PTGX
7.185,7.19,7.185,7.19,200,2022-06-13 18:28:00,PTGX
7.185,7.185,7.185,7.185,200,2022-06-13 18:29:00,PTGX
7.181,7.181,7.18,7.18,2312,2022-06-13 18:30:00,PTGX
7.18,7.18,7.16,7.16,5771,2022-06-13 18:31:00,PTGX
7.15,7.15,7.14,7.14,700,2022-06-13 18:32:00,PTGX
7.135,7.14,7.135,7.14,372,2022-06-13 18:33:00,PTGX
7.15,7.16,7.15,7.16,1229,2022-06-13 18:34:00,PTGX
7.16,7.16,7.16,7.16,1498,2022-06-13 18:35:00,PTGX
7.16,7.165,7.16,7.16,900,2022-06-13 18:36:00,PTGX
7.17,7.18,7.17,7.17,2585,2022-06-13 18:37:00,PTGX
7.165,7.165,7.16,7.16,500,2022-06-13 18:38:00,PTGX
7.17,7.17,7.17,7.17,200,2022-06-13 18:39:00,PTGX
7.175,7.18,7.175,7.18,800,2022-06-13 18:40:00,PTGX
7.175,7.185,7.17,7.185,3135,2022-06-13 18:41:00,PTGX
7.185,7.185,7.175,7.18,1750,2022-06-13 18:42:00,PTGX
7.18,7.185,7.18,7.18,2064,2022-06-13 18:43:00,PTGX
7.18,7.185,7.18,7.18,1053,2022-06-13 18:44:00,PTGX
7.185,7.185,7.185,7.185,200,2022-06-13 18:45:00,PTGX
7.1875,7.1875,7.185,7.185,300,2022-06-13 18:46:00,PTGX
7.18,7.18,7.17,7.175,1100,2022-06-13 18:47:00,PTGX
7.175,7.175,7.175,7.175,100,2022-06-13 18:48:00,PTGX
7.175,7.175,7.17,7.172,1370,2022-06-13 18:50:00,PTGX
7.175,7.175,7.175,7.175,100,2022-06-13 18:51:00,PTGX
7.17,7.175,7.17,7.172,3139,2022-06-13 18:52:00,PTGX
7.18,7.18,7.18,7.18,1194,2022-06-13 18:54:00,PTGX
7.18,7.185,7.18,7.185,300,2022-06-13 18:55:00,PTGX
7.185,7.185,7.18,7.185,3090,2022-06-13 18:56:00,PTGX
7.185,7.185,7.165,7.165,2677,2022-06-13 18:57:00,PTGX
7.155,7.155,7.145,7.145,1342,2022-06-13 18:59:00,PTGX
7.145,7.145,7.145,7.145,800,2022-06-13 19:00:00,PTGX
7.145,7.145,7.145,7.145,200,2022-06-13 19:01:00,PTGX
7.14,7.14,7.12,7.12,2308,2022-06-13 19:02:00,PTGX
7.11,7.14,7.11,7.14,2420,2022-06-13 19:03:00,PTGX
7.13,7.13,7.13,7.13,200,2022-06-13 19:04:00,PTGX
7.12,7.12,7.11,7.115,800,2022-06-13 19:06:00,PTGX
7.11,7.115,7.105,7.105,1135,2022-06-13 19:07:00,PTGX
7.11,7.125,7.11,7.125,1271,2022-06-13 19:08:00,PTGX
7.13,7.135,7.12,7.12,2547,2022-06-13 19:09:00,PTGX
7.105,7.105,7.105,7.105,200,2022-06-13 19:10:00,PTGX
7.105,7.105,7.105,7.105,100,2022-06-13 19:12:00,PTGX
7.105,7.11,7.1,7.1,2503,2022-06-13 19:13:00,PTGX
7.105,7.105,7.08,7.08,2060,2022-06-13 19:14:00,PTGX
7.0899,7.09,7.08,7.08,3930,2022-06-13 19:15:00,PTGX
7.09,7.1,7.0895,7.095,2332,2022-06-13 19:16:00,PTGX
7.1,7.1321,7.0996,7.0996,6258,2022-06-13 19:17:00,PTGX
7.09,7.1,7.08,7.08,2346,2022-06-13 19:18:00,PTGX
7.08,7.09,7.08,7.09,1224,2022-06-13 19:19:00,PTGX
7.1,7.1,7.09,7.09,1500,2022-06-13 19:20:00,PTGX
7.09,7.09,7.06,7.065,3120,2022-06-13 19:21:00,PTGX
7.062,7.0684,7.062,7.065,2900,2022-06-13 19:22:00,PTGX
7.06,7.06,7.05,7.055,1356,2022-06-13 19:23:00,PTGX
7.055,7.055,7.05,7.055,600,2022-06-13 19:24:00,PTGX
7.05,7.05,7.02,7.0251,3441,2022-06-13 19:25:00,PTGX
7.025,7.025,7.02,7.025,600,2022-06-13 19:26:00,PTGX
7.025,7.025,7.01,7.02,2287,2022-06-13 19:27:00,PTGX
7.02,7.02,7.02,7.02,600,2022-06-13 19:28:00,PTGX
7.02,7.025,7.02,7.02,300,2022-06-13 19:29:00,PTGX
7.02,7.035,7.01,7.035,2259,2022-06-13 19:30:00,PTGX
7.03,7.045,7.03,7.04,2500,2022-06-13 19:31:00,PTGX
7.045,7.05,7.04,7.05,2459,2022-06-13 19:32:00,PTGX
7.0401,7.05,7.04,7.04,1791,2022-06-13 19:33:00,PTGX
7.05,7.05,7.045,7.045,3283,2022-06-13 19:34:00,PTGX
7.045,7.06,7.045,7.055,1600,2022-06-13 19:35:00,PTGX
7.055,7.055,7.045,7.05,2073,2022-06-13 19:36:00,PTGX
7.05,7.07,7.05,7.07,1900,2022-06-13 19:37:00,PTGX
7.065,7.065,7.05,7.05,3760,2022-06-13 19:38:00,PTGX
7.045,7.045,7.035,7.035,1644,2022-06-13 19:39:00,PTGX
7.035,7.035,7.035,7.035,600,2022-06-13 19:40:00,PTGX
7.035,7.04,7.03,7.03,1200,2022-06-13 19:41:00,PTGX
7.035,7.04,7.02,7.02,3691,2022-06-13 19:42:00,PTGX
7.02,7.025,7.012,7.021,4621,2022-06-13 19:43:00,PTGX
7.025,7.035,7.025,7.025,4095,2022-06-13 19:44:00,PTGX
7.025,7.05,7.025,7.05,3358,2022-06-13 19:45:00,PTGX
7.045,7.045,7.031,7.04,3441,2022-06-13 19:46:00,PTGX
7.04,7.05,7.04,7.04,3141,2022-06-13 19:47:00,PTGX
7.045,7.05,7.01,7.035,11770,2022-06-13 19:48:00,PTGX
7.03,7.035,7.01,7.01,2550,2022-06-13 19:49:00,PTGX
7.02,7.02,6.99,7.0,9010,2022-06-13 19:50:00,PTGX
7.0,7.02,7.0,7.015,5170,2022-06-13 19:51:00,PTGX
7.01,7.02,7.0,7.02,5238,2022-06-13 19:52:00,PTGX
7.015,7.03,7.015,7.03,2524,2022-06-13 19:53:00,PTGX
7.03,7.05,7.025,7.0401,7305,2022-06-13 19:54:00,PTGX
7.05,7.07,7.05,7.055,9052,2022-06-13 19:55:00,PTGX
7.06,7.07,7.055,7.07,7011,2022-06-13 19:56:00,PTGX
7.07,7.07,7.05,7.05,8722,2022-06-13 19:57:00,PTGX
7.06,7.08,7.055,7.08,9428,2022-06-13 19:58:00,PTGX
7.08,7.09,7.06,7.06,28647,2022-06-13 19:59:00,PTGX
7.06,7.06,7.06,7.06,163963,2022-06-13 20:00:00,PTGX
7.06,7.06,7.06,7.06,702,2022-06-13 20:02:00,PTGX
7.06,7.06,7.06,7.06,300,2022-06-13 20:07:00,PTGX
7.06,7.06,6.98,7.06,6655,2022-06-14 13:30:00,PTGX
7.09,7.09,7.05,7.06,850,2022-06-14 13:31:00,PTGX
7.08,7.15,7.08,7.08,16417,2022-06-14 13:32:00,PTGX
7.045,7.045,7.045,7.045,200,2022-06-14 13:33:00,PTGX
7.04,7.04,7.04,7.04,100,2022-06-14 13:34:00,PTGX
7.01,7.01,6.98,6.98,548,2022-06-14 13:35:00,PTGX
6.97,7.03,6.97,7.03,4240,2022-06-14 13:36:00,PTGX
7.025,7.025,7.025,7.025,100,2022-06-14 13:37:00,PTGX
7.02,7.045,7.02,7.045,300,2022-06-14 13:38:00,PTGX
7.045,7.045,7.045,7.045,100,2022-06-14 13:39:00,PTGX
7.01,7.02,7.01,7.02,300,2022-06-14 13:40:00,PTGX
7.0,7.0,6.97,6.97,1349,2022-06-14 13:41:00,PTGX
6.95,6.95,6.95,6.95,600,2022-06-14 13:42:00,PTGX
6.96,6.98,6.96,6.98,7074,2022-06-14 13:44:00,PTGX
6.955,6.955,6.95,6.95,715,2022-06-14 13:45:00,PTGX
6.95,6.96,6.95,6.96,900,2022-06-14 13:46:00,PTGX
6.98,6.98,6.93,6.93,1300,2022-06-14 13:47:00,PTGX
6.93,6.93,6.91,6.91,1309,2022-06-14 13:48:00,PTGX
6.93,6.95,6.92,6.95,4900,2022-06-14 13:49:00,PTGX
6.945,6.96,6.945,6.96,552,2022-06-14 13:50:00,PTGX
6.9657,6.97,6.9657,6.97,269,2022-06-14 13:51:00,PTGX
6.955,6.97,6.955,6.97,400,2022-06-14 13:52:00,PTGX
6.95,6.95,6.95,6.95,169,2022-06-14 13:53:00,PTGX
6.93,6.965,6.93,6.965,600,2022-06-14 13:54:00,PTGX
7.0,7.0,6.98,6.98,1400,2022-06-14 13:55:00,PTGX
6.97,6.99,6.97,6.98,3270,2022-06-14 13:56:00,PTGX
6.99,6.99,6.96,6.96,4298,2022-06-14 13:57:00,PTGX
6.97,7.03,6.96,7.03,506900,2022-06-14 13:59:00,PTGX
7.02,7.07,7.02,7.07,3216,2022-06-14 14:00:00,PTGX
7.065,7.065,7.05,7.05,1000,2022-06-14 14:01:00,PTGX
7.069,7.09,7.069,7.09,698,2022-06-14 14:02:00,PTGX
7.1,7.1,7.08,7.08,1562,2022-06-14 14:03:00,PTGX
7.08,7.08,7.08,7.08,600,2022-06-14 14:04:00,PTGX
7.08,7.08,7.07,7.08,2695,2022-06-14 14:05:00,PTGX
7.07,7.08,7.07,7.08,1500,2022-06-14 14:06:00,PTGX
7.08,7.08,7.08,7.08,300,2022-06-14 14:07:00,PTGX
7.06,7.06,7.02,7.04,4185,2022-06-14 14:08:00,PTGX
7.04,7.07,7.04,7.07,8412,2022-06-14 14:09:00,PTGX
7.06,7.06,7.06,7.06,400,2022-06-14 14:10:00,PTGX
7.05,7.06,7.05,7.06,1211,2022-06-14 14:11:00,PTGX
7.06,7.06,7.06,7.06,500,2022-06-14 14:12:00,PTGX
7.06,7.06,7.055,7.06,1127,2022-06-14 14:13:00,PTGX
7.07,7.1,7.07,7.1,2071,2022-06-14 14:14:00,PTGX
7.09,7.12,7.09,7.12,3019,2022-06-14 14:16:00,PTGX
7.13,7.13,7.13,7.13,100,2022-06-14 14:17:00,PTGX
7.13,7.13,7.13,7.13,434,2022-06-14 14:18:00,PTGX
7.13,7.13,7.12,7.12,3444,2022-06-14 14:19:00,PTGX
7.11,7.11,7.09,7.09,1200,2022-06-14 14:20:00,PTGX
7.05,7.05,7.05,7.05,100,2022-06-14 14:21:00,PTGX
7.0643,7.0643,7.055,7.055,240,2022-06-14 14:22:00,PTGX
7.07,7.07,7.07,7.07,100,2022-06-14 14:23:00,PTGX
7.04,7.05,7.04,7.04,2208,2022-06-14 14:24:00,PTGX
7.04,7.04,7.04,7.04,200,2022-06-14 14:25:00,PTGX
7.05,7.08,7.05,7.07,1495,2022-06-14 14:26:00,PTGX
7.06,7.08,7.06,7.08,300,2022-06-14 14:27:00,PTGX
7.07,7.08,7.07,7.08,301,2022-06-14 14:28:00,PTGX
7.08,7.08,7.08,7.08,600,2022-06-14 14:29:00,PTGX
7.08,7.08,7.06,7.07,2600,2022-06-14 14:30:00,PTGX
7.07,7.09,7.07,7.09,747,2022-06-14 14:31:00,PTGX
7.09,7.098,7.09,7.09,400,2022-06-14 14:32:00,PTGX
7.08,7.08,7.06,7.06,2736,2022-06-14 14:33:00,PTGX
7.07,7.07,7.07,7.07,1281,2022-06-14 14:34:00,PTGX
7.08,7.08,7.08,7.08,200,2022-06-14 14:35:00,PTGX
7.09,7.11,7.09,7.11,300,2022-06-14 14:36:00,PTGX
7.11,7.11,7.11,7.11,300,2022-06-14 14:37:00,PTGX
7.12,7.13,7.12,7.13,500,2022-06-14 14:39:00,PTGX
7.115,7.15,7.115,7.15,1916,2022-06-14 14:40:00,PTGX
7.15,7.16,7.15,7.16,647,2022-06-14 14:41:00,PTGX
7.16,7.16,7.13,7.13,4066,2022-06-14 14:42:00,PTGX
7.13,7.13,7.1219,7.1219,300,2022-06-14 14:43:00,PTGX
7.12,7.13,7.11,7.13,1039,2022-06-14 14:44:00,PTGX
7.14,7.15,7.14,7.15,2413,2022-06-14 14:45:00,PTGX
7.16,7.165,7.16,7.165,399,2022-06-14 14:46:00,PTGX
7.21,7.21,7.21,7.21,300,2022-06-14 14:47:00,PTGX
7.19,7.2,7.19,7.2,200,2022-06-14 14:48:00,PTGX
7.22,7.25,7.22,7.25,1740,2022-06-14 14:49:00,PTGX
7.27,7.29,7.27,7.27,3777,2022-06-14 14:50:00,PTGX
7.28,7.28,7.27,7.27,500,2022-06-14 14:51:00,PTGX
7.28,7.29,7.28,7.29,300,2022-06-14 14:52:00,PTGX
7.27,7.27,7.25,7.25,3085,2022-06-14 14:53:00,PTGX
7.26,7.26,7.23,7.23,300,2022-06-14 14:54:00,PTGX
7.24,7.24,7.24,7.24,100,2022-06-14 14:56:00,PTGX
7.22,7.22,7.21,7.22,1291,2022-06-14 14:58:00,PTGX
7.21,7.21,7.21,7.21,300,2022-06-14 14:59:00,PTGX
7.22,7.22,7.215,7.215,300,2022-06-14 15:00:00,PTGX
7.23,7.23,7.21,7.23,2300,2022-06-14 15:01:00,PTGX
7.23,7.23,7.22,7.22,500,2022-06-14 15:02:00,PTGX
7.21,7.22,7.21,7.2101,700,2022-06-14 15:03:00,PTGX
7.2166,7.222,7.2166,7.2196,500,2022-06-14 15:04:00,PTGX
7.22,7.23,7.22,7.23,200,2022-06-14 15:05:00,PTGX
7.23,7.23,7.22,7.23,500,2022-06-14 15:06:00,PTGX
7.22,7.22,7.205,7.205,3586,2022-06-14 15:07:00,PTGX
7.21,7.21,7.21,7.21,100,2022-06-14 15:11:00,PTGX
7.21,7.21,7.2,7.2,500,2022-06-14 15:12:00,PTGX
7.19,7.2,7.19,7.2,820,2022-06-14 15:13:00,PTGX
7.2,7.2,7.2,7.2,150,2022-06-14 15:14:00,PTGX
7.2,7.21,7.19,7.19,2180,2022-06-14 15:16:00,PTGX
7.2,7.21,7.2,7.21,1090,2022-06-14 15:17:00,PTGX
7.22,7.22,7.215,7.215,1019,2022-06-14 15:18:00,PTGX
7.22,7.23,7.22,7.23,200,2022-06-14 15:19:00,PTGX
7.24,7.24,7.24,7.24,900,2022-06-14 15:20:00,PTGX
7.24,7.24,7.22,7.23,1993,2022-06-14 15:21:00,PTGX
7.23,7.23,7.23,7.23,200,2022-06-14 15:22:00,PTGX
7.24,7.25,7.24,7.25,1446,2022-06-14 15:23:00,PTGX
7.27,7.3,7.27,7.3,400,2022-06-14 15:24:00,PTGX
7.32,7.35,7.3,7.35,500,2022-06-14 15:25:00,PTGX
7.32,7.36,7.32,7.36,900,2022-06-14 15:26:00,PTGX
7.34,7.35,7.33,7.35,5372,2022-06-14 15:27:00,PTGX
7.33,7.34,7.325,7.34,1105,2022-06-14 15:30:00,PTGX
7.32,7.32,7.31,7.32,1034,2022-06-14 15:32:00,PTGX
7.32,7.32,7.32,7.32,100,2022-06-14 15:33:00,PTGX
7.36,7.37,7.36,7.37,630,2022-06-14 15:34:00,PTGX
7.37,7.38,7.36,7.36,1332,2022-06-14 15:35:00,PTGX
7.37,7.38,7.37,7.38,200,2022-06-14 15:36:00,PTGX
7.375,7.375,7.35,7.35,1500,2022-06-14 15:37:00,PTGX
7.33,7.33,7.33,7.33,100,2022-06-14 15:38:00,PTGX
7.34,7.34,7.33,7.33,300,2022-06-14 15:39:00,PTGX
7.34,7.34,7.33,7.34,400,2022-06-14 15:41:00,PTGX
7.33,7.34,7.33,7.34,300,2022-06-14 15:42:00,PTGX
7.35,7.35,7.35,7.35,300,2022-06-14 15:43:00,PTGX
7.34,7.34,7.33,7.33,200,2022-06-14 15:44:00,PTGX
7.34,7.34,7.34,7.34,441,2022-06-14 15:45:00,PTGX
7.36,7.37,7.36,7.37,700,2022-06-14 15:46:00,PTGX
7.36,7.37,7.35,7.37,1809,2022-06-14 15:47:00,PTGX
7.365,7.365,7.365,7.365,100,2022-06-14 15:48:00,PTGX
7.38,7.38,7.38,7.38,890,2022-06-14 15:49:00,PTGX
7.39,7.39,7.3879,7.39,400,2022-06-14 15:50:00,PTGX
7.39,7.39,7.36,7.36,3839,2022-06-14 15:51:00,PTGX
7.35,7.35,7.35,7.35,100,2022-06-14 15:52:00,PTGX
7.35,7.36,7.35,7.36,951,2022-06-14 15:53:00,PTGX
7.37,7.37,7.37,7.37,943,2022-06-14 15:54:00,PTGX
7.37,7.38,7.37,7.38,200,2022-06-14 15:55:00,PTGX
7.38,7.38,7.38,7.38,100,2022-06-14 15:56:00,PTGX
7.375,7.375,7.36,7.37,3857,2022-06-14 15:57:00,PTGX
7.37,7.37,7.37,7.37,200,2022-06-14 15:58:00,PTGX
7.38,7.38,7.38,7.38,200,2022-06-14 15:59:00,PTGX
7.38,7.38,7.35,7.35,1500,2022-06-14 16:00:00,PTGX
7.35,7.35,7.34,7.3421,1300,2022-06-14 16:01:00,PTGX
7.34,7.34,7.32,7.32,1527,2022-06-14 16:02:00,PTGX
7.32,7.33,7.32,7.33,1000,2022-06-14 16:03:00,PTGX
7.32,7.32,7.32,7.32,300,2022-06-14 16:04:00,PTGX
7.31,7.33,7.31,7.33,1847,2022-06-14 16:05:00,PTGX
7.325,7.34,7.325,7.34,400,2022-06-14 16:07:00,PTGX
7.34,7.35,7.34,7.35,400,2022-06-14 16:08:00,PTGX
7.34,7.34,7.34,7.34,1000,2022-06-14 16:09:00,PTGX
7.35,7.35,7.35,7.35,196,2022-06-14 16:10:00,PTGX
7.35,7.35,7.35,7.35,100,2022-06-14 16:11:00,PTGX
7.36,7.36,7.35,7.35,1002,2022-06-14 16:12:00,PTGX
7.36,7.36,7.36,7.36,300,2022-06-14 16:13:00,PTGX
7.35,7.35,7.35,7.35,1351,2022-06-14 16:14:00,PTGX
7.36,7.36,7.36,7.36,300,2022-06-14 16:16:00,PTGX
7.36,7.36,7.36,7.36,100,2022-06-14 16:18:00,PTGX
7.37,7.39,7.37,7.38,2400,2022-06-14 16:19:00,PTGX
7.385,7.4,7.385,7.4,400,2022-06-14 16:20:00,PTGX
7.39,7.39,7.39,7.39,1442,2022-06-14 16:21:00,PTGX
7.38,7.38,7.37,7.37,1900,2022-06-14 16:22:00,PTGX
7.38,7.38,7.35,7.35,800,2022-06-14 16:23:00,PTGX
7.3605,7.3605,7.3605,7.3605,208,2022-06-14 16:24:00,PTGX
7.37,7.37,7.36,7.36,200,2022-06-14 16:25:00,PTGX
7.36,7.36,7.35,7.35,1351,2022-06-14 16:27:00,PTGX
7.35,7.35,7.35,7.35,100,2022-06-14 16:28:00,PTGX
7.35,7.35,7.35,7.35,300,2022-06-14 16:29:00,PTGX
7.36,7.36,7.36,7.36,200,2022-06-14 16:30:00,PTGX
7.3547,7.3547,7.3547,7.3547,500,2022-06-14 16:33:00,PTGX
7.35,7.35,7.35,7.35,1800,2022-06-14 16:34:00,PTGX
7.34,7.355,7.335,7.355,761,2022-06-14 16:35:00,PTGX
7.35,7.35,7.34,7.34,400,2022-06-14 16:36:00,PTGX
7.35,7.35,7.345,7.345,200,2022-06-14 16:37:00,PTGX
7.34,7.34,7.34,7.34,1008,2022-06-14 16:38:00,PTGX
7.34,7.34,7.33,7.33,1419,2022-06-14 16:40:00,PTGX
7.34,7.34,7.32,7.32,1227,2022-06-14 16:43:00,PTGX
7.315,7.315,7.31,7.31,900,2022-06-14 16:44:00,PTGX
7.3,7.3,7.29,7.29,1820,2022-06-14 16:45:00,PTGX
7.3,7.3,7.3,7.3,100,2022-06-14 16:46:00,PTGX
7.3,7.3,7.3,7.3,100,2022-06-14 16:47:00,PTGX
7.3,7.3,7.29,7.29,300,2022-06-14 16:48:00,PTGX
7.29,7.29,7.29,7.29,100,2022-06-14 16:49:00,PTGX
7.29,7.29,7.28,7.285,1000,2022-06-14 16:50:00,PTGX
7.285,7.285,7.27,7.28,1400,2022-06-14 16:51:00,PTGX
7.28,7.295,7.28,7.29,1802,2022-06-14 16:52:00,PTGX
7.285,7.285,7.285,7.285,100,2022-06-14 16:53:00,PTGX
7.29,7.3,7.29,7.3,2500,2022-06-14 16:55:00,PTGX
7.305,7.305,7.305,7.305,100,2022-06-14 16:56:00,PTGX
7.3,7.3,7.295,7.295,1500,2022-06-14 16:57:00,PTGX
7.3,7.3,7.3,7.3,1100,2022-06-14 16:58:00,PTGX
7.305,7.305,7.305,7.305,200,2022-06-14 16:59:00,PTGX
7.31,7.32,7.31,7.32,1049,2022-06-14 17:00:00,PTGX
7.325,7.325,7.325,7.325,200,2022-06-14 17:01:00,PTGX
7.325,7.325,7.315,7.315,1602,2022-06-14 17:02:00,PTGX
7.31,7.31,7.3,7.3,500,2022-06-14 17:03:00,PTGX
7.31,7.32,7.31,7.32,544,2022-06-14 17:06:00,PTGX
7.325,7.34,7.325,7.34,1400,2022-06-14 17:07:00,PTGX
7.34,7.34,7.325,7.34,2500,2022-06-14 17:08:00,PTGX
7.34,7.36,7.34,7.35,1645,2022-06-14 17:09:00,PTGX
7.36,7.36,7.36,7.36,300,2022-06-14 17:10:00,PTGX
7.36,7.36,7.36,7.36,100,2022-06-14 17:11:00,PTGX
7.37,7.38,7.37,7.38,964,2022-06-14 17:12:00,PTGX
7.385,7.39,7.36,7.36,1837,2022-06-14 17:13:00,PTGX
7.36,7.36,7.34,7.35,713,2022-06-14 17:14:00,PTGX
7.35,7.36,7.35,7.36,300,2022-06-14 17:15:00,PTGX
7.36,7.38,7.36,7.38,400,2022-06-14 17:17:00,PTGX
7.38,7.385,7.38,7.385,400,2022-06-14 17:18:00,PTGX
7.39,7.3908,7.38,7.38,1400,2022-06-14 17:19:00,PTGX
7.385,7.39,7.385,7.3875,900,2022-06-14 17:20:00,PTGX
7.39,7.4,7.39,7.4,1314,2022-06-14 17:22:00,PTGX
7.4,7.41,7.4,7.41,600,2022-06-14 17:23:00,PTGX
7.41,7.41,7.4,7.4,1500,2022-06-14 17:24:00,PTGX
7.41,7.41,7.39,7.39,1838,2022-06-14 17:25:00,PTGX
7.38,7.38,7.35,7.35,1000,2022-06-14 17:26:00,PTGX
7.36,7.36,7.36,7.36,929,2022-06-14 17:27:00,PTGX
7.36,7.36,7.36,7.36,100,2022-06-14 17:28:00,PTGX
7.36,7.36,7.36,7.36,200,2022-06-14 17:29:00,PTGX
7.36,7.365,7.36,7.365,237,2022-06-14 17:30:00,PTGX
7.36,7.36,7.36,7.36,100,2022-06-14 17:31:00,PTGX
7.37,7.375,7.365,7.375,300,2022-06-14 17:32:00,PTGX
7.375,7.375,7.36,7.36,3397,2022-06-14 17:33:00,PTGX
7.355,7.36,7.355,7.36,400,2022-06-14 17:34:00,PTGX
7.36,7.36,7.355,7.355,700,2022-06-14 17:35:00,PTGX
7.355,7.355,7.355,7.355,100,2022-06-14 17:37:00,PTGX
7.36,7.3691,7.36,7.3636,1906,2022-06-14 17:38:00,PTGX
7.365,7.37,7.36,7.37,1050,2022-06-14 17:39:00,PTGX
7.35,7.35,7.34,7.34,2211,2022-06-14 17:40:00,PTGX
7.34,7.34,7.34,7.34,200,2022-06-14 17:41:00,PTGX
7.335,7.335,7.33,7.33,608,2022-06-14 17:43:00,PTGX
7.325,7.325,7.325,7.325,100,2022-06-14 17:44:00,PTGX
7.33,7.34,7.33,7.34,1300,2022-06-14 17:45:00,PTGX
7.34,7.34,7.34,7.34,999,2022-06-14 17:47:00,PTGX
7.34,7.345,7.34,7.345,300,2022-06-14 17:48:00,PTGX
7.345,7.345,7.34,7.345,600,2022-06-14 17:49:00,PTGX
7.345,7.345,7.345,7.345,100,2022-06-14 17:50:00,PTGX
7.345,7.35,7.345,7.35,300,2022-06-14 17:51:00,PTGX
7.35,7.35,7.34,7.34,2502,2022-06-14 17:52:00,PTGX
7.33,7.33,7.33,7.33,700,2022-06-14 17:53:00,PTGX
7.33,7.33,7.33,7.33,100,2022-06-14 17:54:00,PTGX
7.32,7.3299,7.31,7.32,2220,2022-06-14 17:55:00,PTGX
7.311,7.311,7.3091,7.3091,2260,2022-06-14 17:56:00,PTGX
7.315,7.315,7.315,7.315,200,2022-06-14 17:57:00,PTGX
7.31,7.31,7.305,7.305,891,2022-06-14 17:58:00,PTGX
7.29,7.2948,7.29,7.2948,1400,2022-06-14 17:59:00,PTGX
7.3,7.31,7.3,7.31,1457,2022-06-14 18:01:00,PTGX
7.31,7.31,7.31,7.31,100,2022-06-14 18:02:00,PTGX
7.31,7.315,7.31,7.315,1000,2022-06-14 18:03:00,PTGX
7.31,7.31,7.3,7.3,1480,2022-06-14 18:04:00,PTGX
7.31,7.31,7.31,7.31,100,2022-06-14 18:05:00,PTGX
7.32,7.32,7.31,7.32,1235,2022-06-14 18:06:00,PTGX
7.32,7.32,7.3,7.3,2214,2022-06-14 18:07:00,PTGX
7.3,7.31,7.3,7.31,600,2022-06-14 18:08:00,PTGX
7.31,7.31,7.3,7.3,1529,2022-06-14 18:10:00,PTGX
7.31,7.31,7.31,7.31,586,2022-06-14 18:11:00,PTGX
7.31,7.315,7.31,7.315,1800,2022-06-14 18:13:00,PTGX
7.315,7.315,7.315,7.315,100,2022-06-14 18:14:00,PTGX
7.32,7.325,7.32,7.325,1500,2022-06-14 18:15:00,PTGX
7.33,7.33,7.33,7.33,200,2022-06-14 18:16:00,PTGX
7.33,7.33,7.33,7.33,100,2022-06-14 18:17:00,PTGX
7.33,7.34,7.33,7.34,1295,2022-06-14 18:18:00,PTGX
7.34,7.34,7.335,7.34,607,2022-06-14 18:19:00,PTGX
7.345,7.37,7.345,7.36,1264,2022-06-14 18:20:00,PTGX
7.365,7.37,7.36,7.37,2610,2022-06-14 18:21:00,PTGX
7.37,7.375,7.37,7.375,299,2022-06-14 18:22:00,PTGX
7.37,7.375,7.365,7.365,1017,2022-06-14 18:23:00,PTGX
7.37,7.37,7.365,7.365,600,2022-06-14 18:24:00,PTGX
7.36,7.36,7.36,7.36,200,2022-06-14 18:25:00,PTGX
7.36,7.365,7.355,7.365,900,2022-06-14 18:26:00,PTGX
7.365,7.365,7.36,7.36,400,2022-06-14 18:27:00,PTGX
7.36,7.365,7.36,7.36,787,2022-06-14 18:28:00,PTGX
7.355,7.355,7.355,7.355,100,2022-06-14 18:29:00,PTGX
7.355,7.355,7.35,7.35,400,2022-06-14 18:30:00,PTGX
7.35,7.35,7.345,7.35,1500,2022-06-14 18:31:00,PTGX
7.355,7.355,7.355,7.355,100,2022-06-14 18:32:00,PTGX
7.36,7.36,7.36,7.36,400,2022-06-14 18:33:00,PTGX
7.365,7.365,7.365,7.365,200,2022-06-14 18:34:00,PTGX
7.37,7.375,7.37,7.375,1000,2022-06-14 18:36:00,PTGX
7.37,7.37,7.36,7.365,1423,2022-06-14 18:37:00,PTGX
7.38,7.38,7.38,7.38,200,2022-06-14 18:39:00,PTGX
7.3801,7.3801,7.365,7.365,1241,2022-06-14 18:40:00,PTGX
7.36,7.36,7.35,7.35,399,2022-06-14 18:41:00,PTGX
7.34,7.34,7.33,7.33,1390,2022-06-14 18:42:00,PTGX
7.33,7.33,7.33,7.33,100,2022-06-14 18:44:00,PTGX
7.32,7.33,7.32,7.33,200,2022-06-14 18:46:00,PTGX
7.335,7.335,7.335,7.335,100,2022-06-14 18:47:00,PTGX
7.335,7.335,7.32,7.32,2100,2022-06-14 18:48:00,PTGX
7.32,7.32,7.31,7.31,367,2022-06-14 18:49:00,PTGX
7.32,7.32,7.32,7.32,100,2022-06-14 18:50:00,PTGX
7.325,7.325,7.32,7.32,200,2022-06-14 18:52:00,PTGX
7.32,7.32,7.32,7.32,700,2022-06-14 18:54:00,PTGX
7.31,7.315,7.31,7.315,600,2022-06-14 18:55:00,PTGX
7.315,7.32,7.31,7.32,600,2022-06-14 18:56:00,PTGX
7.3,7.31,7.3,7.305,700,2022-06-14 18:57:00,PTGX
7.31,7.31,7.3,7.31,500,2022-06-14 18:58:00,PTGX
7.31,7.31,7.31,7.31,200,2022-06-14 18:59:00,PTGX
7.31,7.31,7.305,7.305,200,2022-06-14 19:00:00,PTGX
7.31,7.31,7.31,7.31,100,2022-06-14 19:01:00,PTGX
7.31,7.31,7.305,7.305,500,2022-06-14 19:02:00,PTGX
7.31,7.31,7.31,7.31,700,2022-06-14 19:03:00,PTGX
7.305,7.31,7.29,7.29,4804,2022-06-14 19:04:00,PTGX
7.29,7.295,7.29,7.295,600,2022-06-14 19:05:00,PTGX
7.295,7.295,7.295,7.295,300,2022-06-14 19:06:00,PTGX
7.295,7.295,7.295,7.295,700,2022-06-14 19:07:00,PTGX
7.295,7.295,7.295,7.295,100,2022-06-14 19:08:00,PTGX
7.295,7.295,7.28,7.285,4194,2022-06-14 19:09:00,PTGX
7.285,7.29,7.285,7.29,300,2022-06-14 19:10:00,PTGX
7.285,7.29,7.285,7.29,200,2022-06-14 19:11:00,PTGX
7.29,7.295,7.28,7.29,3043,2022-06-14 19:12:00,PTGX
7.285,7.29,7.27,7.27,2033,2022-06-14 19:13:00,PTGX
7.27,7.27,7.26,7.26,1400,2022-06-14 19:14:00,PTGX
7.26,7.28,7.26,7.27,1609,2022-06-14 19:15:00,PTGX
7.27,7.27,7.261,7.27,1166,2022-06-14 19:17:00,PTGX
7.275,7.28,7.27,7.27,2338,2022-06-14 19:18:00,PTGX
7.27,7.275,7.26,7.265,2653,2022-06-14 19:19:00,PTGX
7.265,7.27,7.26,7.27,2794,2022-06-14 19:20:00,PTGX
7.26,7.27,7.26,7.26,500,2022-06-14 19:21:00,PTGX
7.26,7.27,7.26,7.27,1100,2022-06-14 19:22:00,PTGX
7.27,7.27,7.25,7.26,2500,2022-06-14 19:23:00,PTGX
7.26,7.27,7.25,7.265,1700,2022-06-14 19:24:00,PTGX
7.265,7.28,7.26,7.28,2051,2022-06-14 19:25:00,PTGX
7.275,7.28,7.275,7.28,934,2022-06-14 19:26:00,PTGX
7.28,7.3,7.28,7.3,1816,2022-06-14 19:27:00,PTGX
7.295,7.31,7.295,7.3,2684,2022-06-14 19:28:00,PTGX
7.3,7.32,7.3,7.32,2700,2022-06-14 19:29:00,PTGX
7.32,7.35,7.32,7.35,4352,2022-06-14 19:30:00,PTGX
7.36,7.36,7.33,7.335,3834,2022-06-14 19:31:00,PTGX
7.335,7.37,7.335,7.37,1757,2022-06-14 19:32:00,PTGX
7.37,7.37,7.35,7.35,2778,2022-06-14 19:33:00,PTGX
7.345,7.35,7.345,7.35,1400,2022-06-14 19:34:00,PTGX
7.35,7.36,7.35,7.355,720,2022-06-14 19:35:00,PTGX
7.355,7.37,7.35,7.351,2593,2022-06-14 19:36:00,PTGX
7.355,7.37,7.355,7.37,1619,2022-06-14 19:37:00,PTGX
7.37,7.38,7.365,7.375,2163,2022-06-14 19:38:00,PTGX
7.375,7.38,7.375,7.375,1100,2022-06-14 19:39:00,PTGX
7.375,7.38,7.365,7.365,3079,2022-06-14 19:40:00,PTGX
7.365,7.38,7.365,7.375,1900,2022-06-14 19:41:00,PTGX
7.38,7.39,7.36,7.36,4387,2022-06-14 19:42:00,PTGX
7.365,7.365,7.355,7.355,2485,2022-06-14 19:43:00,PTGX
7.355,7.355,7.335,7.34,3690,2022-06-14 19:44:00,PTGX
7.335,7.34,7.33,7.335,2000,2022-06-14 19:45:00,PTGX
7.335,7.35,7.33,7.345,3398,2022-06-14 19:46:00,PTGX
7.35,7.35,7.345,7.345,631,2022-06-14 19:47:00,PTGX
7.345,7.355,7.34,7.355,2489,2022-06-14 19:48:00,PTGX
7.355,7.36,7.35,7.36,1300,2022-06-14 19:49:00,PTGX
7.36,7.37,7.35,7.355,5925,2022-06-14 19:50:00,PTGX
7.36,7.36,7.34,7.35,4944,2022-06-14 19:51:00,PTGX
7.35,7.36,7.35,7.35,3246,2022-06-14 19:52:00,PTGX
7.355,7.36,7.32,7.325,7573,2022-06-14 19:53:00,PTGX
7.325,7.34,7.325,7.335,6483,2022-06-14 19:54:00,PTGX
7.335,7.34,7.32,7.325,4067,2022-06-14 19:55:00,PTGX
7.32,7.325,7.3,7.305,9258,2022-06-14 19:56:00,PTGX
7.305,7.31,7.3,7.3025,6356,2022-06-14 19:57:00,PTGX
7.305,7.3075,7.3,7.305,5004,2022-06-14 19:58:00,PTGX
7.305,7.35,7.29,7.34,31616,2022-06-14 19:59:00,PTGX
7.34,7.34,7.34,7.34,108843,2022-06-14 20:00:00,PTGX
7.34,7.34,7.34,7.34,627,2022-06-14 20:02:00,PTGX
7.39,7.41,7.35,7.3993,6065,2022-06-15 13:30:00,PTGX
7.4,7.46,7.4,7.46,800,2022-06-15 13:31:00,PTGX
7.4419,7.47,7.4419,7.46,3000,2022-06-15 13:32:00,PTGX
7.46,7.46,7.44,7.44,200,2022-06-15 13:33:00,PTGX
7.48,7.5,7.48,7.5,800,2022-06-15 13:34:00,PTGX
7.53,7.54,7.52,7.52,1276,2022-06-15 13:35:00,PTGX
7.5,7.52,7.48,7.52,1093,2022-06-15 13:36:00,PTGX
7.525,7.525,7.505,7.52,835,2022-06-15 13:38:00,PTGX
7.52,7.52,7.49,7.49,2221,2022-06-15 13:39:00,PTGX
7.49,7.49,7.485,7.485,200,2022-06-15 13:40:00,PTGX
7.47,7.47,7.47,7.47,200,2022-06-15 13:41:00,PTGX
7.465,7.48,7.42,7.42,900,2022-06-15 13:42:00,PTGX
7.45,7.45,7.43,7.44,1487,2022-06-15 13:43:00,PTGX
7.43,7.44,7.4283,7.43,1507,2022-06-15 13:44:00,PTGX
7.445,7.445,7.405,7.405,3337,2022-06-15 13:45:00,PTGX
7.41,7.44,7.41,7.42,2319,2022-06-15 13:46:00,PTGX
7.4,7.4,7.4,7.4,600,2022-06-15 13:47:00,PTGX
7.395,7.395,7.36,7.38,1599,2022-06-15 13:49:00,PTGX
7.39,7.4163,7.39,7.4,1959,2022-06-15 13:50:00,PTGX
7.42,7.4267,7.42,7.4267,1208,2022-06-15 13:51:00,PTGX
7.43,7.455,7.42,7.455,1200,2022-06-15 13:52:00,PTGX
7.445,7.48,7.445,7.47,1837,2022-06-15 13:53:00,PTGX
7.47,7.52,7.47,7.495,1365,2022-06-15 13:54:00,PTGX
7.51,7.51,7.49,7.49,1399,2022-06-15 13:55:00,PTGX
7.5,7.52,7.5,7.52,300,2022-06-15 13:56:00,PTGX
7.52,7.54,7.5,7.5,2305,2022-06-15 13:57:00,PTGX
7.5,7.5,7.48,7.48,1300,2022-06-15 13:58:00,PTGX
7.495,7.51,7.495,7.51,230,2022-06-15 13:59:00,PTGX
7.51,7.535,7.51,7.535,300,2022-06-15 14:00:00,PTGX
7.55,7.56,7.55,7.55,400,2022-06-15 14:01:00,PTGX
7.555,7.555,7.48,7.48,4707,2022-06-15 14:02:00,PTGX
7.5,7.505,7.5,7.5,990,2022-06-15 14:03:00,PTGX
7.49,7.51,7.48,7.5,2395,2022-06-15 14:04:00,PTGX
7.495,7.5,7.495,7.5,200,2022-06-15 14:05:00,PTGX
7.51,7.52,7.51,7.52,996,2022-06-15 14:06:00,PTGX
7.53,7.55,7.53,7.55,200,2022-06-15 14:07:00,PTGX
7.54,7.54,7.53,7.535,2082,2022-06-15 14:08:00,PTGX
7.55,7.55,7.53,7.54,1300,2022-06-15 14:09:00,PTGX
7.54,7.55,7.54,7.55,200,2022-06-15 14:11:00,PTGX
7.53,7.56,7.53,7.56,600,2022-06-15 14:12:00,PTGX
7.57,7.61,7.57,7.61,400,2022-06-15 14:13:00,PTGX
7.61,7.63,7.6,7.63,900,2022-06-15 14:14:00,PTGX
7.63,7.64,7.625,7.63,400,2022-06-15 14:15:00,PTGX
7.64,7.64,7.6,7.6,800,2022-06-15 14:16:00,PTGX
7.62,7.62,7.6,7.6,2500,2022-06-15 14:18:00,PTGX
7.6,7.61,7.6,7.61,200,2022-06-15 14:19:00,PTGX
7.59,7.59,7.58,7.59,2000,2022-06-15 14:20:00,PTGX
7.59,7.6,7.56,7.595,2970,2022-06-15 14:21:00,PTGX
7.6,7.6,7.59,7.59,500,2022-06-15 14:23:00,PTGX
7.585,7.61,7.585,7.605,667,2022-06-15 14:24:00,PTGX
7.605,7.625,7.605,7.625,300,2022-06-15 14:26:00,PTGX
7.625,7.63,7.625,7.63,200,2022-06-15 14:27:00,PTGX
7.63,7.65,7.63,7.645,2951,2022-06-15 14:28:00,PTGX
7.64,7.64,7.62,7.62,1964,2022-06-15 14:29:00,PTGX
7.64,7.64,7.635,7.635,200,2022-06-15 14:30:00,PTGX
7.62,7.63,7.6,7.6,4255,2022-06-15 14:31:00,PTGX
7.595,7.6,7.595,7.6,200,2022-06-15 14:32:00,PTGX
7.6,7.6,7.6,7.6,222,2022-06-15 14:33:00,PTGX
7.6,7.62,7.59,7.62,1190,2022-06-15 14:34:00,PTGX
7.62,7.62,7.62,7.62,100,2022-06-15 14:35:00,PTGX
7.61,7.62,7.6,7.62,2150,2022-06-15 14:36:00,PTGX
7.625,7.635,7.62,7.62,2005,2022-06-15 14:37:00,PTGX
7.62,7.63,7.62,7.63,600,2022-06-15 14:38:00,PTGX
7.62,7.62,7.61,7.61,900,2022-06-15 14:39:00,PTGX
7.61,7.61,7.61,7.61,100,2022-06-15 14:40:00,PTGX
7.6,7.61,7.6,7.61,434,2022-06-15 14:41:00,PTGX
7.6179,7.62,7.6179,7.62,576,2022-06-15 14:42:00,PTGX
7.61,7.61,7.6,7.605,567,2022-06-15 14:43:00,PTGX
7.6,7.605,7.6,7.6,1008,2022-06-15 14:44:00,PTGX
7.61,7.61,7.61,7.61,200,2022-06-15 14:46:00,PTGX
7.61,7.61,7.59,7.59,4908,2022-06-15 14:47:00,PTGX
7.6,7.6,7.5991,7.5991,320,2022-06-15 14:48:00,PTGX
7.605,7.605,7.605,7.605,100,2022-06-15 14:49:00,PTGX
7.61,7.62,7.61,7.62,664,2022-06-15 14:50:00,PTGX
7.61,7.61,7.59,7.6,1400,2022-06-15 14:51:00,PTGX
7.595,7.595,7.59,7.59,200,2022-06-15 14:52:00,PTGX
7.59,7.59,7.58,7.585,1063,2022-06-15 14:53:00,PTGX
7.58,7.59,7.58,7.59,778,2022-06-15 14:54:00,PTGX
7.6,7.6,7.59,7.6,2759,2022-06-15 14:56:00,PTGX
7.59,7.6,7.59,7.6,949,2022-06-15 14:57:00,PTGX
7.61,7.62,7.61,7.62,517,2022-06-15 14:58:00,PTGX
7.62,7.63,7.62,7.63,883,2022-06-15 14:59:00,PTGX
7.63,7.64,7.63,7.64,500,2022-06-15 15:00:00,PTGX
7.64,7.64,7.64,7.64,300,2022-06-15 15:01:00,PTGX
7.65,7.66,7.65,7.66,500,2022-06-15 15:02:00,PTGX
7.66,7.66,7.66,7.66,400,2022-06-15 15:03:00,PTGX
7.68,7.69,7.68,7.69,606,2022-06-15 15:04:00,PTGX
7.69,7.695,7.671,7.68,3457,2022-06-15 15:05:00,PTGX
7.68,7.68,7.671,7.671,200,2022-06-15 15:06:00,PTGX
7.69,7.7,7.69,7.695,1289,2022-06-15 15:07:00,PTGX
7.69,7.69,7.67,7.67,2200,2022-06-15 15:08:00,PTGX
7.66,7.66,7.66,7.66,100,2022-06-15 15:09:00,PTGX
7.66,7.66,7.65,7.65,1362,2022-06-15 15:10:00,PTGX
7.64,7.65,7.64,7.64,600,2022-06-15 15:11:00,PTGX
7.66,7.66,7.66,7.66,355,2022-06-15 15:12:00,PTGX
7.66,7.67,7.66,7.67,200,2022-06-15 15:13:00,PTGX
7.68,7.68,7.68,7.68,100,2022-06-15 15:14:00,PTGX
7.67,7.68,7.67,7.675,300,2022-06-15 15:15:00,PTGX
7.69,7.69,7.69,7.69,400,2022-06-15 15:16:00,PTGX
7.68,7.68,7.68,7.68,1300,2022-06-15 15:17:00,PTGX
7.69,7.7,7.69,7.692,1350,2022-06-15 15:18:00,PTGX
7.7,7.7,7.7,7.7,100,2022-06-15 15:19:00,PTGX
7.71,7.72,7.7,7.705,3041,2022-06-15 15:20:00,PTGX
7.68,7.68,7.66,7.67,2363,2022-06-15 15:21:00,PTGX
7.68,7.69,7.68,7.69,600,2022-06-15 15:22:00,PTGX
7.7,7.7,7.685,7.69,803,2022-06-15 15:23:00,PTGX
7.69,7.69,7.69,7.69,100,2022-06-15 15:24:00,PTGX
7.695,7.695,7.69,7.69,774,2022-06-15 15:26:00,PTGX
7.69,7.69,7.68,7.68,1214,2022-06-15 15:28:00,PTGX
7.68,7.69,7.68,7.69,300,2022-06-15 15:29:00,PTGX
7.685,7.685,7.685,7.685,100,2022-06-15 15:30:00,PTGX
7.68,7.68,7.68,7.68,695,2022-06-15 15:31:00,PTGX
7.68,7.68,7.64,7.64,1100,2022-06-15 15:32:00,PTGX
7.65,7.65,7.65,7.65,100,2022-06-15 15:33:00,PTGX
7.64,7.64,7.62,7.62,1300,2022-06-15 15:34:00,PTGX
7.63,7.63,7.63,7.63,100,2022-06-15 15:35:00,PTGX
7.64,7.64,7.64,7.64,797,2022-06-15 15:36:00,PTGX
7.63,7.64,7.625,7.625,1457,2022-06-15 15:37:00,PTGX
7.63,7.63,7.63,7.63,200,2022-06-15 15:38:00,PTGX
7.64,7.645,7.64,7.64,900,2022-06-15 15:39:00,PTGX
7.63,7.63,7.63,7.63,400,2022-06-15 15:40:00,PTGX
7.64,7.64,7.64,7.64,745,2022-06-15 15:41:00,PTGX
7.63,7.63,7.62,7.62,1000,2022-06-15 15:42:00,PTGX
7.61,7.61,7.61,7.61,400,2022-06-15 15:43:00,PTGX
7.61,7.62,7.61,7.62,505,2022-06-15 15:45:00,PTGX
7.615,7.615,7.6,7.6,600,2022-06-15 15:46:00,PTGX
7.61,7.61,7.61,7.61,100,2022-06-15 15:47:00,PTGX
7.6,7.6,7.59,7.595,1096,2022-06-15 15:48:00,PTGX
7.59,7.59,7.59,7.59,100,2022-06-15 15:49:00,PTGX
7.6,7.6,7.6,7.6,400,2022-06-15 15:50:00,PTGX
7.595,7.595,7.595,7.595,100,2022-06-15 15:51:00,PTGX
7.595,7.595,7.595,7.595,300,2022-06-15 15:52:00,PTGX
7.601,7.605,7.595,7.595,517,2022-06-15 15:53:00,PTGX
7.605,7.61,7.605,7.61,500,2022-06-15 15:55:00,PTGX
7.62,7.62,7.61,7.62,3688,2022-06-15 15:56:00,PTGX
7.625,7.625,7.625,7.625,200,2022-06-15 15:58:00,PTGX
7.63,7.64,7.63,7.64,500,2022-06-15 15:59:00,PTGX
7.64,7.64,7.64,7.64,410,2022-06-15 16:00:00,PTGX
7.645,7.645,7.64,7.645,608,2022-06-15 16:01:00,PTGX
7.65,7.65,7.65,7.65,2823,2022-06-15 16:02:00,PTGX
7.65,7.65,7.65,7.65,648,2022-06-15 16:03:00,PTGX
7.64,7.64,7.62,7.62,1681,2022-06-15 16:04:00,PTGX
7.63,7.63,7.63,7.63,100,2022-06-15 16:05:00,PTGX
7.62,7.62,7.59,7.595,1100,2022-06-15 16:06:00,PTGX
7.59,7.59,7.59,7.59,528,2022-06-15 16:07:00,PTGX
7.59,7.59,7.59,7.59,100,2022-06-15 16:09:00,PTGX
7.58,7.59,7.57,7.58,1939,2022-06-15 16:10:00,PTGX
7.58,7.58,7.57,7.57,933,2022-06-15 16:11:00,PTGX
7.58,7.58,7.58,7.58,200,2022-06-15 16:12:00,PTGX
7.58,7.58,7.58,7.58,100,2022-06-15 16:13:00,PTGX
7.58,7.59,7.58,7.59,701,2022-06-15 16:14:00,PTGX
7.59,7.59,7.59,7.59,100,2022-06-15 16:15:00,PTGX
7.6,7.605,7.6,7.605,729,2022-06-15 16:16:00,PTGX
7.605,7.605,7.605,7.605,366,2022-06-15 16:17:00,PTGX
7.61,7.61,7.6,7.6,600,2022-06-15 16:18:00,PTGX
7.59,7.595,7.59,7.595,300,2022-06-15 16:19:00,PTGX
7.59,7.59,7.59,7.59,300,2022-06-15 16:20:00,PTGX
7.59,7.605,7.59,7.6,906,2022-06-15 16:22:00,PTGX
7.6,7.6,7.6,7.6,100,2022-06-15 16:24:00,PTGX
7.59,7.59,7.59,7.59,1100,2022-06-15 16:25:00,PTGX
7.58,7.58,7.57,7.57,700,2022-06-15 16:26:00,PTGX
7.58,7.58,7.58,7.58,200,2022-06-15 16:27:00,PTGX
7.58,7.58,7.58,7.58,100,2022-06-15 16:28:00,PTGX
7.585,7.585,7.585,7.585,200,2022-06-15 16:30:00,PTGX
7.59,7.595,7.59,7.59,1019,2022-06-15 16:31:00,PTGX
7.59,7.59,7.59,7.59,100,2022-06-15 16:32:00,PTGX
7.59,7.59,7.57,7.57,701,2022-06-15 16:33:00,PTGX
7.56,7.56,7.55,7.56,400,2022-06-15 16:34:00,PTGX
7.56,7.56,7.56,7.56,100,2022-06-15 16:35:00,PTGX
7.55,7.55,7.54,7.54,1000,2022-06-15 16:38:00,PTGX
7.54,7.54,7.54,7.54,100,2022-06-15 16:39:00,PTGX
7.54,7.54,7.54,7.54,400,2022-06-15 16:40:00,PTGX
7.53,7.532,7.53,7.53,1660,2022-06-15 16:41:00,PTGX
7.53,7.53,7.52,7.53,600,2022-06-15 16:42:00,PTGX
7.53,7.53,7.53,7.53,300,2022-06-15 16:44:00,PTGX
7.535,7.535,7.535,7.535,200,2022-06-15 16:45:00,PTGX
7.535,7.535,7.535,7.535,117,2022-06-15 16:46:00,PTGX
7.53,7.53,7.53,7.53,300,2022-06-15 16:47:00,PTGX
7.53,7.53,7.53,7.53,200,2022-06-15 16:49:00,PTGX
7.52,7.52,7.515,7.52,1912,2022-06-15 16:51:00,PTGX
7.51,7.51,7.51,7.51,400,2022-06-15 16:54:00,PTGX
7.5,7.5,7.5,7.5,700,2022-06-15 16:55:00,PTGX
7.51,7.52,7.51,7.51,1709,2022-06-15 16:57:00,PTGX
7.51,7.51,7.5,7.5,400,2022-06-15 16:58:00,PTGX
7.5,7.5,7.5,7.5,200,2022-06-15 17:00:00,PTGX
7.49,7.49,7.49,7.49,100,2022-06-15 17:01:00,PTGX
7.5,7.5,7.495,7.495,308,2022-06-15 17:02:00,PTGX
7.495,7.5,7.495,7.5,952,2022-06-15 17:04:00,PTGX
7.49,7.49,7.49,7.49,100,2022-06-15 17:05:00,PTGX
7.49,7.49,7.48,7.48,500,2022-06-15 17:06:00,PTGX
7.47,7.47,7.46,7.46,600,2022-06-15 17:07:00,PTGX
7.46,7.46,7.46,7.46,100,2022-06-15 17:08:00,PTGX
7.46,7.47,7.46,7.47,1500,2022-06-15 17:10:00,PTGX
7.47,7.47,7.465,7.465,300,2022-06-15 17:11:00,PTGX
7.46,7.47,7.46,7.47,200,2022-06-15 17:12:00,PTGX
7.46,7.46,7.46,7.46,200,2022-06-15 17:13:00,PTGX
7.45,7.45,7.44,7.44,1500,2022-06-15 17:15:00,PTGX
7.44,7.44,7.44,7.44,100,2022-06-15 17:16:00,PTGX
7.45,7.45,7.45,7.45,400,2022-06-15 17:17:00,PTGX
7.46,7.46,7.45,7.45,1000,2022-06-15 17:19:00,PTGX
7.44,7.44,7.44,7.44,300,2022-06-15 17:20:00,PTGX
7.45,7.45,7.44,7.44,12100,2022-06-15 17:21:00,PTGX
7.43,7.43,7.43,7.43,800,2022-06-15 17:22:00,PTGX
7.43,7.43,7.43,7.43,100,2022-06-15 17:23:00,PTGX
7.43,7.435,7.43,7.43,2148,2022-06-15 17:24:00,PTGX
7.43,7.435,7.42,7.42,3973,2022-06-15 17:25:00,PTGX
7.43,7.435,7.43,7.435,1100,2022-06-15 17:26:00,PTGX
7.44,7.445,7.44,7.445,2199,2022-06-15 17:27:00,PTGX
7.45,7.46,7.45,7.46,1898,2022-06-15 17:28:00,PTGX
7.47,7.47,7.47,7.47,590,2022-06-15 17:29:00,PTGX
7.47,7.47,7.47,7.47,694,2022-06-15 17:30:00,PTGX
7.47,7.47,7.465,7.465,300,2022-06-15 17:31:00,PTGX
7.465,7.47,7.465,7.465,400,2022-06-15 17:32:00,PTGX
7.465,7.465,7.465,7.465,100,2022-06-15 17:33:00,PTGX
7.475,7.475,7.475,7.475,100,2022-06-15 17:34:00,PTGX
7.465,7.465,7.465,7.465,200,2022-06-15 17:35:00,PTGX
7.465,7.47,7.465,7.47,200,2022-06-15 17:36:00,PTGX
7.465,7.465,7.465,7.465,300,2022-06-15 17:37:00,PTGX
7.48,7.485,7.48,7.485,600,2022-06-15 17:38:00,PTGX
7.49,7.5,7.49,7.5,1909,2022-06-15 17:39:00,PTGX
7.5,7.51,7.485,7.49,1400,2022-06-15 17:40:00,PTGX
7.49,7.49,7.48,7.48,300,2022-06-15 17:41:00,PTGX
7.48,7.48,7.48,7.48,100,2022-06-15 17:42:00,PTGX
7.48,7.49,7.48,7.49,300,2022-06-15 17:43:00,PTGX
7.48,7.485,7.47,7.485,700,2022-06-15 17:44:00,PTGX
7.48,7.48,7.46,7.46,800,2022-06-15 17:45:00,PTGX
7.46,7.46,7.46,7.46,400,2022-06-15 17:46:00,PTGX
7.45,7.45,7.45,7.45,200,2022-06-15 17:49:00,PTGX
7.44,7.455,7.43,7.45,4568,2022-06-15 17:50:00,PTGX
7.43,7.44,7.42,7.44,1300,2022-06-15 17:51:00,PTGX
7.44,7.44,7.44,7.44,200,2022-06-15 17:52:00,PTGX
7.44,7.44,7.44,7.44,210,2022-06-15 17:53:00,PTGX
7.445,7.445,7.445,7.445,200,2022-06-15 17:54:00,PTGX
7.45,7.45,7.45,7.45,491,2022-06-15 17:55:00,PTGX
7.45,7.45,7.45,7.45,911,2022-06-15 17:56:00,PTGX
7.45,7.45,7.445,7.45,329,2022-06-15 17:57:00,PTGX
7.46,7.47,7.46,7.47,597,2022-06-15 17:58:00,PTGX
7.47,7.55,7.47,7.53,2608,2022-06-15 17:59:00,PTGX
7.51,7.58,7.485,7.56,6422,2022-06-15 18:00:00,PTGX
7.545,7.545,7.515,7.52,400,2022-06-15 18:01:00,PTGX
7.485,7.5,7.485,7.485,600,2022-06-15 18:02:00,PTGX
7.485,7.5,7.48,7.5,300,2022-06-15 18:03:00,PTGX
7.45,7.45,7.4,7.41,1835,2022-06-15 18:04:00,PTGX
7.435,7.435,7.4266,7.4266,300,2022-06-15 18:05:00,PTGX
7.435,7.435,7.4,7.4,1200,2022-06-15 18:06:00,PTGX
7.39,7.42,7.39,7.41,700,2022-06-15 18:07:00,PTGX
7.4,7.4,7.38,7.4,1200,2022-06-15 18:08:00,PTGX
7.42,7.42,7.41,7.41,1621,2022-06-15 18:09:00,PTGX
7.4,7.4,7.37,7.39,2403,2022-06-15 18:10:00,PTGX
7.395,7.42,7.395,7.41,1049,2022-06-15 18:11:00,PTGX
7.41,7.41,7.405,7.405,400,2022-06-15 18:12:00,PTGX
7.42,7.45,7.42,7.45,1499,2022-06-15 18:13:00,PTGX
7.445,7.445,7.41,7.42,1700,2022-06-15 18:14:00,PTGX
7.41,7.44,7.41,7.44,1100,2022-06-15 18:15:00,PTGX
7.43,7.43,7.42,7.42,300,2022-06-15 18:16:00,PTGX
7.44,7.445,7.44,7.44,997,2022-06-15 18:17:00,PTGX
7.44,7.45,7.44,7.45,400,2022-06-15 18:18:00,PTGX
7.45,7.45,7.43,7.43,1400,2022-06-15 18:19:00,PTGX
7.435,7.47,7.435,7.45,2155,2022-06-15 18:20:00,PTGX
7.445,7.445,7.445,7.445,100,2022-06-15 18:21:00,PTGX
7.41,7.42,7.4,7.4,1200,2022-06-15 18:22:00,PTGX
7.39,7.39,7.37,7.37,405,2022-06-15 18:23:00,PTGX
7.37,7.37,7.37,7.37,201,2022-06-15 18:24:00,PTGX
7.37,7.39,7.37,7.37,1900,2022-06-15 18:25:00,PTGX
7.38,7.38,7.38,7.38,600,2022-06-15 18:26:00,PTGX
7.39,7.395,7.371,7.371,700,2022-06-15 18:27:00,PTGX
7.38,7.38,7.36,7.36,1292,2022-06-15 18:28:00,PTGX
7.37,7.37,7.36,7.36,209,2022-06-15 18:29:00,PTGX
7.35,7.355,7.34,7.345,1300,2022-06-15 18:30:00,PTGX
7.32,7.32,7.32,7.32,600,2022-06-15 18:31:00,PTGX
7.3,7.3,7.29,7.29,400,2022-06-15 18:32:00,PTGX
7.27,7.28,7.27,7.28,500,2022-06-15 18:33:00,PTGX
7.29,7.32,7.29,7.3,1781,2022-06-15 18:34:00,PTGX
7.3,7.3,7.29,7.3,800,2022-06-15 18:35:00,PTGX
7.325,7.325,7.315,7.315,1000,2022-06-15 18:36:00,PTGX
7.33,7.34,7.33,7.33,900,2022-06-15 18:37:00,PTGX
7.35,7.44,7.35,7.44,2800,2022-06-15 18:38:00,PTGX
7.45,7.475,7.44,7.475,3871,2022-06-15 18:39:00,PTGX
7.47,7.5,7.46,7.5,1900,2022-06-15 18:40:00,PTGX
7.5,7.545,7.5,7.545,700,2022-06-15 18:41:00,PTGX
7.555,7.57,7.555,7.57,900,2022-06-15 18:42:00,PTGX
7.57,7.59,7.57,7.59,1900,2022-06-15 18:43:00,PTGX
7.61,7.64,7.6,7.64,1650,2022-06-15 18:44:00,PTGX
7.66,7.66,7.62,7.65,2968,2022-06-15 18:45:00,PTGX
7.655,7.67,7.64,7.64,1300,2022-06-15 18:46:00,PTGX
7.65,7.65,7.61,7.61,4088,2022-06-15 18:47:00,PTGX
7.6,7.64,7.6,7.61,1853,2022-06-15 18:48:00,PTGX
7.62,7.63,7.61,7.61,1526,2022-06-15 18:49:00,PTGX
7.62,7.63,7.6,7.63,1759,2022-06-15 18:50:00,PTGX
7.63,7.63,7.59,7.6,1600,2022-06-15 18:51:00,PTGX
7.58,7.58,7.54,7.54,2117,2022-06-15 18:52:00,PTGX
7.55,7.55,7.525,7.54,1800,2022-06-15 18:53:00,PTGX
7.54,7.54,7.5,7.52,500,2022-06-15 18:54:00,PTGX
7.535,7.55,7.525,7.55,1100,2022-06-15 18:55:00,PTGX
7.53,7.53,7.505,7.51,800,2022-06-15 18:56:00,PTGX
7.52,7.53,7.49,7.495,1400,2022-06-15 18:57:00,PTGX
7.48,7.51,7.48,7.51,1398,2022-06-15 18:58:00,PTGX
7.52,7.53,7.51,7.52,1000,2022-06-15 18:59:00,PTGX
7.53,7.58,7.52,7.57,2355,2022-06-15 19:00:00,PTGX
7.565,7.58,7.54,7.55,1100,2022-06-15 19:01:00,PTGX
7.53,7.53,7.52,7.52,600,2022-06-15 19:02:00,PTGX
7.53,7.53,7.53,7.53,400,2022-06-15 19:03:00,PTGX
7.53,7.55,7.53,7.535,2037,2022-06-15 19:04:00,PTGX
7.55,7.56,7.53,7.54,2292,2022-06-15 19:05:00,PTGX
7.54,7.56,7.53,7.56,800,2022-06-15 19:06:00,PTGX
7.56,7.58,7.56,7.58,2810,2022-06-15 19:07:00,PTGX
7.58,7.58,7.53,7.53,3336,2022-06-15 19:08:00,PTGX
7.54,7.54,7.53,7.53,1100,2022-06-15 19:09:00,PTGX
7.53,7.53,7.5,7.5,8180,2022-06-15 19:10:00,PTGX
7.505,7.52,7.48,7.48,2592,2022-06-15 19:11:00,PTGX
7.49,7.49,7.46,7.46,1763,2022-06-15 19:12:00,PTGX
7.44,7.46,7.44,7.445,2300,2022-06-15 19:13:00,PTGX
7.445,7.46,7.445,7.45,1101,2022-06-15 19:14:00,PTGX
7.44,7.445,7.39,7.44,16612,2022-06-15 19:15:00,PTGX
7.44,7.45,7.44,7.445,1430,2022-06-15 19:16:00,PTGX
7.445,7.45,7.445,7.45,800,2022-06-15 19:17:00,PTGX
7.455,7.455,7.44,7.44,1958,2022-06-15 19:18:00,PTGX
7.44,7.46,7.44,7.45,744,2022-06-15 19:19:00,PTGX
7.45,7.475,7.45,7.475,3972,2022-06-15 19:20:00,PTGX
7.48,7.48,7.475,7.48,1044,2022-06-15 19:21:00,PTGX
7.485,7.5,7.48,7.5,1720,2022-06-15 19:22:00,PTGX
7.5,7.5,7.465,7.47,5001,2022-06-15 19:23:00,PTGX
7.48,7.5,7.48,7.5,1455,2022-06-15 19:24:00,PTGX
7.5,7.51,7.5,7.51,600,2022-06-15 19:25:00,PTGX
7.53,7.53,7.46,7.48,21623,2022-06-15 19:26:00,PTGX
7.475,7.51,7.46,7.46,63284,2022-06-15 19:27:00,PTGX
7.46,7.47,7.46,7.46,1800,2022-06-15 19:28:00,PTGX
7.465,7.48,7.46,7.48,3400,2022-06-15 19:29:00,PTGX
7.48,7.48,7.46,7.46,1897,2022-06-15 19:30:00,PTGX
7.48,7.505,7.47,7.5,6250,2022-06-15 19:31:00,PTGX
7.4959,7.53,7.4959,7.525,3500,2022-06-15 19:32:00,PTGX
7.53,7.56,7.53,7.545,1500,2022-06-15 19:33:00,PTGX
7.55,7.55,7.53,7.55,3623,2022-06-15 19:34:00,PTGX
7.55,7.55,7.53,7.53,3300,2022-06-15 19:35:00,PTGX
7.53,7.538,7.53,7.53,1900,2022-06-15 19:36:00,PTGX
7.52,7.52,7.51,7.51,3132,2022-06-15 19:37:00,PTGX
7.5,7.5,7.48,7.48,2200,2022-06-15 19:38:00,PTGX
7.48,7.485,7.47,7.47,1255,2022-06-15 19:39:00,PTGX
7.46,7.465,7.44,7.45,2129,2022-06-15 19:40:00,PTGX
7.45,7.475,7.45,7.455,3100,2022-06-15 19:41:00,PTGX
7.46,7.46,7.445,7.45,1400,2022-06-15 19:42:00,PTGX
7.44,7.44,7.43,7.435,1100,2022-06-15 19:43:00,PTGX
7.44,7.45,7.435,7.44,2982,2022-06-15 19:44:00,PTGX
7.43,7.44,7.425,7.435,1600,2022-06-15 19:45:00,PTGX
7.43,7.445,7.43,7.445,2200,2022-06-15 19:46:00,PTGX
7.445,7.445,7.435,7.44,1604,2022-06-15 19:47:00,PTGX
7.44,7.455,7.44,7.455,3531,2022-06-15 19:48:00,PTGX
7.46,7.48,7.4533,7.465,3650,2022-06-15 19:49:00,PTGX
7.46,7.47,7.45,7.465,5654,2022-06-15 19:50:00,PTGX
7.46,7.465,7.445,7.445,4791,2022-06-15 19:51:00,PTGX
7.445,7.46,7.445,7.46,1698,2022-06-15 19:52:00,PTGX
7.46,7.46,7.445,7.445,5651,2022-06-15 19:53:00,PTGX
7.455,7.475,7.45,7.475,4781,2022-06-15 19:54:00,PTGX
7.48,7.5,7.48,7.49,7650,2022-06-15 19:55:00,PTGX
7.485,7.49,7.48,7.49,5322,2022-06-15 19:56:00,PTGX
7.485,7.49,7.48,7.48,4913,2022-06-15 19:57:00,PTGX
7.485,7.5,7.48,7.485,15088,2022-06-15 19:58:00,PTGX
7.49,7.49,7.46,7.46,31979,2022-06-15 19:59:00,PTGX
7.48,7.48,7.48,7.48,150813,2022-06-15 20:00:00,PTGX
7.48,7.48,7.48,7.48,562,2022-06-15 20:01:00,PTGX
7.12,7.12,7.12,7.12,698,2022-06-15 23:14:00,PTGX
7.15,7.17,7.12,7.17,6371,2022-06-16 13:30:00,PTGX
7.23,7.25,7.22,7.22,1900,2022-06-16 13:31:00,PTGX
7.265,7.265,7.22,7.22,1694,2022-06-16 13:35:00,PTGX
7.23,7.25,7.23,7.24,1768,2022-06-16 13:36:00,PTGX
7.24,7.24,7.22,7.22,2926,2022-06-16 13:38:00,PTGX
7.24,7.25,7.24,7.25,750,2022-06-16 13:39:00,PTGX
7.25,7.25,7.23,7.23,2023,2022-06-16 13:40:00,PTGX
7.2,7.2,7.2,7.2,194,2022-06-16 13:41:00,PTGX
7.23,7.23,7.22,7.22,1520,2022-06-16 13:42:00,PTGX
7.22,7.24,7.22,7.24,2075,2022-06-16 13:43:00,PTGX
7.235,7.235,7.235,7.235,200,2022-06-16 13:45:00,PTGX
7.22,7.26,7.21,7.26,1189,2022-06-16 13:46:00,PTGX
7.26,7.265,7.25,7.25,1869,2022-06-16 13:47:00,PTGX
7.24,7.24,7.21,7.21,3973,2022-06-16 13:48:00,PTGX
7.19,7.19,7.18,7.18,1000,2022-06-16 13:49:00,PTGX
7.19,7.2,7.19,7.19,300,2022-06-16 13:50:00,PTGX
7.17,7.17,7.15,7.17,1581,2022-06-16 13:51:00,PTGX
7.17,7.17,7.15,7.15,1788,2022-06-16 13:52:00,PTGX
7.14,7.14,7.1,7.1,1200,2022-06-16 13:53:00,PTGX
7.11,7.11,7.11,7.11,318,2022-06-16 13:54:00,PTGX
7.13,7.145,7.12,7.13,1672,2022-06-16 13:55:00,PTGX
7.13,7.13,7.125,7.125,6541,2022-06-16 13:56:00,PTGX
7.13,7.13,7.13,7.13,368,2022-06-16 13:57:00,PTGX
7.14,7.17,7.14,7.17,3639,2022-06-16 13:58:00,PTGX
7.16,7.16,7.14,7.14,2124,2022-06-16 13:59:00,PTGX
7.11,7.12,7.11,7.11,1100,2022-06-16 14:00:00,PTGX
7.1,7.115,7.1,7.115,1816,2022-06-16 14:01:00,PTGX
7.1,7.1,7.1,7.1,300,2022-06-16 14:02:00,PTGX
7.1,7.14,7.1,7.135,3651,2022-06-16 14:03:00,PTGX
7.1244,7.14,7.1244,7.135,1150,2022-06-16 14:05:00,PTGX
7.15,7.15,7.14,7.14,400,2022-06-16 14:06:00,PTGX
7.15,7.17,7.14,7.17,5411,2022-06-16 14:07:00,PTGX
7.16,7.17,7.16,7.169,1282,2022-06-16 14:08:00,PTGX
7.16,7.165,7.16,7.16,1616,2022-06-16 14:09:00,PTGX
7.17,7.18,7.165,7.18,2012,2022-06-16 14:10:00,PTGX
7.17,7.18,7.17,7.18,554,2022-06-16 14:11:00,PTGX
7.175,7.175,7.17,7.17,900,2022-06-16 14:12:00,PTGX
7.18,7.19,7.18,7.19,465,2022-06-16 14:13:00,PTGX
7.2,7.22,7.2,7.21,1400,2022-06-16 14:14:00,PTGX
7.21,7.23,7.195,7.195,3500,2022-06-16 14:15:00,PTGX
7.2,7.21,7.2,7.21,1460,2022-06-16 14:17:00,PTGX
7.21,7.22,7.2,7.21,3774,2022-06-16 14:18:00,PTGX
7.19,7.2,7.19,7.2,200,2022-06-16 14:19:00,PTGX
7.18,7.18,7.175,7.175,500,2022-06-16 14:20:00,PTGX
7.18,7.18,7.17,7.17,1200,2022-06-16 14:21:00,PTGX
7.17,7.18,7.17,7.17,1480,2022-06-16 14:22:00,PTGX
7.17,7.17,7.17,7.17,100,2022-06-16 14:23:00,PTGX
7.17,7.21,7.17,7.2,6724,2022-06-16 14:24:00,PTGX
7.2069,7.2069,7.2,7.2,255,2022-06-16 14:25:00,PTGX
7.19,7.22,7.19,7.2169,11111,2022-06-16 14:26:00,PTGX
7.2101,7.2101,7.17,7.1722,5086,2022-06-16 14:27:00,PTGX
7.17,7.18,7.16,7.17,3574,2022-06-16 14:28:00,PTGX
7.17,7.18,7.16,7.18,2565,2022-06-16 14:29:00,PTGX
7.17,7.17,7.16,7.16,600,2022-06-16 14:30:00,PTGX
7.15,7.16,7.14,7.16,2464,2022-06-16 14:31:00,PTGX
7.16,7.16,7.14,7.16,3247,2022-06-16 14:32:00,PTGX
7.17,7.17,7.17,7.17,160,2022-06-16 14:33:00,PTGX
7.16,7.1617,7.16,7.16,2751,2022-06-16 14:34:00,PTGX
7.16,7.185,7.16,7.18,3269,2022-06-16 14:35:00,PTGX
7.19,7.2,7.19,7.19,3874,2022-06-16 14:36:00,PTGX
7.18,7.195,7.17,7.195,2091,2022-06-16 14:37:00,PTGX
7.195,7.205,7.195,7.205,223,2022-06-16 14:38:00,PTGX
7.19,7.19,7.19,7.19,504,2022-06-16 14:39:00,PTGX
7.19,7.19,7.185,7.185,275,2022-06-16 14:40:00,PTGX
7.18,7.18,7.17,7.18,1698,2022-06-16 14:41:00,PTGX
7.19,7.19,7.19,7.19,100,2022-06-16 14:42:00,PTGX
7.19,7.19,7.17,7.17,3549,2022-06-16 14:43:00,PTGX
7.14,7.16,7.13,7.14,1400,2022-06-16 14:44:00,PTGX
7.12,7.13,7.12,7.13,2239,2022-06-16 14:45:00,PTGX
7.13,7.15,7.13,7.15,1873,2022-06-16 14:46:00,PTGX
7.14,7.145,7.14,7.14,500,2022-06-16 14:47:00,PTGX
7.14,7.145,7.14,7.14,800,2022-06-16 14:48:00,PTGX
7.14,7.145,7.13,7.145,1509,2022-06-16 14:49:00,PTGX
7.145,7.15,7.14,7.15,2123,2022-06-16 14:50:00,PTGX
7.14,7.14,7.13,7.135,700,2022-06-16 14:51:00,PTGX
7.135,7.135,7.13,7.13,741,2022-06-16 14:52:00,PTGX
7.13,7.13,7.13,7.13,1898,2022-06-16 14:53:00,PTGX
7.13,7.1596,7.13,7.155,6825,2022-06-16 14:54:00,PTGX
7.155,7.155,7.155,7.155,300,2022-06-16 14:55:00,PTGX
7.15,7.185,7.15,7.185,2143,2022-06-16 14:56:00,PTGX
7.185,7.185,7.18,7.18,2602,2022-06-16 14:57:00,PTGX
7.18,7.18,7.15,7.16,6764,2022-06-16 14:59:00,PTGX
7.145,7.145,7.14,7.14,1000,2022-06-16 15:00:00,PTGX
7.14,7.14,7.14,7.14,492,2022-06-16 15:01:00,PTGX
7.14,7.14,7.14,7.14,600,2022-06-16 15:02:00,PTGX
7.14,7.14,7.14,7.14,100,2022-06-16 15:03:00,PTGX
7.14,7.14,7.14,7.14,520,2022-06-16 15:04:00,PTGX
7.13,7.13,7.12,7.13,2381,2022-06-16 15:05:00,PTGX
7.14,7.15,7.14,7.15,1674,2022-06-16 15:07:00,PTGX
7.145,7.18,7.145,7.17,2283,2022-06-16 15:08:00,PTGX
7.17,7.17,7.16,7.17,3430,2022-06-16 15:09:00,PTGX
7.165,7.2,7.165,7.19,4037,2022-06-16 15:10:00,PTGX
7.2,7.2,7.18,7.2,3111,2022-06-16 15:11:00,PTGX
7.2,7.2,7.2,7.2,382,2022-06-16 15:12:00,PTGX
7.205,7.22,7.205,7.2193,1700,2022-06-16 15:13:00,PTGX
7.2166,7.2184,7.19,7.19,2682,2022-06-16 15:14:00,PTGX
7.18,7.22,7.17,7.22,6793,2022-06-16 15:15:00,PTGX
7.21,7.21,7.19,7.2,1162,2022-06-16 15:16:00,PTGX
7.18,7.19,7.18,7.19,700,2022-06-16 15:17:00,PTGX
7.171,7.171,7.17,7.17,200,2022-06-16 15:18:00,PTGX
7.16,7.17,7.15,7.15,1300,2022-06-16 15:19:00,PTGX
7.16,7.16,7.15,7.15,873,2022-06-16 15:20:00,PTGX
7.141,7.141,7.131,7.14,1883,2022-06-16 15:21:00,PTGX
7.15,7.17,7.15,7.17,1632,2022-06-16 15:22:00,PTGX
7.17,7.19,7.17,7.19,2916,2022-06-16 15:23:00,PTGX
7.18,7.19,7.18,7.19,533,2022-06-16 15:24:00,PTGX
7.19,7.21,7.19,7.21,1479,2022-06-16 15:25:00,PTGX
7.22,7.22,7.22,7.22,459,2022-06-16 15:26:00,PTGX
7.24,7.24,7.24,7.24,442,2022-06-16 15:27:00,PTGX
7.25,7.25,7.23,7.25,4315,2022-06-16 15:28:00,PTGX
7.24,7.245,7.23,7.23,1200,2022-06-16 15:29:00,PTGX
7.23,7.23,7.21,7.21,1288,2022-06-16 15:30:00,PTGX
7.215,7.22,7.21,7.22,900,2022-06-16 15:31:00,PTGX
7.23,7.235,7.225,7.225,2073,2022-06-16 15:32:00,PTGX
7.23,7.235,7.23,7.235,1225,2022-06-16 15:33:00,PTGX
7.24,7.24,7.235,7.2389,400,2022-06-16 15:34:00,PTGX
7.23,7.23,7.22,7.225,1361,2022-06-16 15:35:00,PTGX
7.225,7.235,7.22,7.235,1061,2022-06-16 15:36:00,PTGX
7.235,7.235,7.235,7.235,100,2022-06-16 15:37:00,PTGX
7.24,7.27,7.24,7.27,1804,2022-06-16 15:38:00,PTGX
7.27,7.29,7.25,7.29,3501,2022-06-16 15:39:00,PTGX
7.29,7.3,7.29,7.29,743,2022-06-16 15:40:00,PTGX
7.28,7.29,7.265,7.27,4557,2022-06-16 15:41:00,PTGX
7.25,7.25,7.24,7.24,1000,2022-06-16 15:42:00,PTGX
7.23,7.23,7.22,7.22,1400,2022-06-16 15:43:00,PTGX
7.24,7.24,7.24,7.24,300,2022-06-16 15:44:00,PTGX
7.24,7.24,7.24,7.24,100,2022-06-16 15:45:00,PTGX
7.24,7.24,7.24,7.24,500,2022-06-16 15:46:00,PTGX
7.23,7.23,7.19,7.21,3308,2022-06-16 15:47:00,PTGX
7.21,7.22,7.2,7.22,3146,2022-06-16 15:49:00,PTGX
7.22,7.22,7.18,7.19,2412,2022-06-16 15:50:00,PTGX
7.18,7.18,7.17,7.18,900,2022-06-16 15:51:00,PTGX
7.17,7.19,7.17,7.185,400,2022-06-16 15:52:00,PTGX
7.18,7.19,7.18,7.19,1500,2022-06-16 15:53:00,PTGX
7.2,7.2,7.2,7.2,300,2022-06-16 15:54:00,PTGX
7.2,7.2,7.19,7.19,1399,2022-06-16 15:55:00,PTGX
7.19,7.21,7.19,7.21,3313,2022-06-16 15:56:00,PTGX
7.205,7.21,7.205,7.21,500,2022-06-16 15:57:00,PTGX
7.22,7.23,7.215,7.22,2556,2022-06-16 15:58:00,PTGX
7.23,7.24,7.23,7.24,596,2022-06-16 15:59:00,PTGX
7.24,7.24,7.215,7.22,2170,2022-06-16 16:00:00,PTGX
7.22,7.22,7.22,7.22,200,2022-06-16 16:01:00,PTGX
7.21,7.21,7.2,7.21,2339,2022-06-16 16:02:00,PTGX
7.21,7.23,7.21,7.22,2053,2022-06-16 16:03:00,PTGX
7.22,7.22,7.22,7.22,100,2022-06-16 16:04:00,PTGX
7.215,7.23,7.21,7.23,3455,2022-06-16 16:05:00,PTGX
7.225,7.23,7.221,7.221,3094,2022-06-16 16:06:00,PTGX
7.22,7.22,7.21,7.21,569,2022-06-16 16:07:00,PTGX
7.22,7.22,7.21,7.21,300,2022-06-16 16:08:00,PTGX
7.215,7.215,7.215,7.215,200,2022-06-16 16:09:00,PTGX
7.22,7.22,7.215,7.215,500,2022-06-16 16:10:00,PTGX
7.21,7.215,7.21,7.215,1358,2022-06-16 16:11:00,PTGX
7.21,7.21,7.19,7.195,3200,2022-06-16 16:12:00,PTGX
7.2,7.21,7.195,7.205,1220,2022-06-16 16:14:00,PTGX
7.205,7.205,7.205,7.205,300,2022-06-16 16:16:00,PTGX
7.205,7.205,7.205,7.205,200,2022-06-16 16:17:00,PTGX
7.21,7.25,7.21,7.235,3524,2022-06-16 16:18:00,PTGX
7.23,7.235,7.22,7.23,4275,2022-06-16 16:19:00,PTGX
7.23,7.23,7.23,7.23,400,2022-06-16 16:20:00,PTGX
7.23,7.23,7.23,7.23,100,2022-06-16 16:21:00,PTGX
7.23,7.23,7.225,7.23,400,2022-06-16 16:22:00,PTGX
7.22,7.22,7.22,7.22,900,2022-06-16 16:23:00,PTGX
7.22,7.22,7.22,7.22,100,2022-06-16 16:24:00,PTGX
7.22,7.22,7.22,7.22,200,2022-06-16 16:25:00,PTGX
7.23,7.23,7.23,7.23,100,2022-06-16 16:26:00,PTGX
7.23,7.24,7.22,7.235,5503,2022-06-16 16:27:00,PTGX
7.24,7.24,7.235,7.24,500,2022-06-16 16:28:00,PTGX
7.2375,7.26,7.2375,7.255,7246,2022-06-16 16:29:00,PTGX
7.255,7.255,7.24,7.24,900,2022-06-16 16:30:00,PTGX
7.245,7.245,7.23,7.23,800,2022-06-16 16:31:00,PTGX
7.23,7.24,7.23,7.24,600,2022-06-16 16:32:00,PTGX
7.24,7.25,7.24,7.25,678,2022-06-16 16:33:00,PTGX
7.25,7.255,7.25,7.25,3748,2022-06-16 16:34:00,PTGX
7.24,7.24,7.235,7.24,500,2022-06-16 16:35:00,PTGX
7.23,7.23,7.215,7.22,900,2022-06-16 16:36:00,PTGX
7.22,7.23,7.22,7.23,1079,2022-06-16 16:37:00,PTGX
7.23,7.23,7.225,7.225,589,2022-06-16 16:38:00,PTGX
7.24,7.25,7.24,7.25,1828,2022-06-16 16:40:00,PTGX
7.255,7.26,7.25,7.255,894,2022-06-16 16:41:00,PTGX
7.25,7.25,7.25,7.25,1000,2022-06-16 16:42:00,PTGX
7.25,7.255,7.25,7.255,400,2022-06-16 16:43:00,PTGX
7.26,7.26,7.25,7.25,4500,2022-06-16 16:44:00,PTGX
7.25,7.255,7.245,7.255,600,2022-06-16 16:45:00,PTGX
7.255,7.265,7.255,7.265,400,2022-06-16 16:46:00,PTGX
7.265,7.27,7.265,7.27,600,2022-06-16 16:47:00,PTGX
7.27,7.275,7.27,7.275,900,2022-06-16 16:48:00,PTGX
7.28,7.28,7.27,7.275,1660,2022-06-16 16:49:00,PTGX
7.275,7.275,7.275,7.275,300,2022-06-16 16:50:00,PTGX
7.275,7.285,7.275,7.28,2591,2022-06-16 16:51:00,PTGX
7.28,7.28,7.27,7.275,1158,2022-06-16 16:52:00,PTGX
7.275,7.275,7.26,7.26,1469,2022-06-16 16:53:00,PTGX
7.25,7.25,7.25,7.25,100,2022-06-16 16:54:00,PTGX
7.255,7.255,7.24,7.24,1721,2022-06-16 16:55:00,PTGX
7.24,7.25,7.24,7.25,2106,2022-06-16 16:56:00,PTGX
7.25,7.25,7.24,7.24,600,2022-06-16 16:57:00,PTGX
7.24,7.245,7.24,7.245,2000,2022-06-16 16:58:00,PTGX
7.24,7.255,7.24,7.25,1895,2022-06-16 16:59:00,PTGX
7.25,7.25,7.25,7.25,500,2022-06-16 17:00:00,PTGX
7.25,7.26,7.25,7.255,1300,2022-06-16 17:01:00,PTGX
7.265,7.265,7.255,7.26,2900,2022-06-16 17:02:00,PTGX
7.26,7.26,7.255,7.255,309,2022-06-16 17:03:00,PTGX
7.25,7.25,7.245,7.245,810,2022-06-16 17:04:00,PTGX
7.24,7.24,7.24,7.24,100,2022-06-16 17:05:00,PTGX
7.235,7.235,7.22,7.23,4200,2022-06-16 17:06:00,PTGX
7.24,7.255,7.24,7.255,1600,2022-06-16 17:07:00,PTGX
7.26,7.265,7.255,7.255,1686,2022-06-16 17:08:00,PTGX
7.255,7.255,7.255,7.255,200,2022-06-16 17:09:00,PTGX
7.255,7.255,7.24,7.25,3577,2022-06-16 17:10:00,PTGX
7.25,7.25,7.245,7.25,692,2022-06-16 17:11:00,PTGX
7.255,7.265,7.255,7.265,400,2022-06-16 17:12:00,PTGX
7.265,7.265,7.26,7.265,2137,2022-06-16 17:13:00,PTGX
7.265,7.265,7.255,7.255,1263,2022-06-16 17:14:00,PTGX
7.26,7.27,7.26,7.265,1574,2022-06-16 17:15:00,PTGX
7.265,7.265,7.265,7.265,300,2022-06-16 17:16:00,PTGX
7.265,7.27,7.26,7.26,1100,2022-06-16 17:17:00,PTGX
7.265,7.2975,7.265,7.295,2280,2022-06-16 17:18:00,PTGX
7.29,7.295,7.28,7.28,2122,2022-06-16 17:19:00,PTGX
7.28,7.28,7.28,7.28,600,2022-06-16 17:20:00,PTGX
7.28,7.28,7.27,7.28,2557,2022-06-16 17:21:00,PTGX
7.275,7.275,7.275,7.275,400,2022-06-16 17:22:00,PTGX
7.275,7.275,7.275,7.275,200,2022-06-16 17:23:00,PTGX
7.275,7.275,7.275,7.275,368,2022-06-16 17:24:00,PTGX
7.275,7.275,7.26,7.27,1645,2022-06-16 17:25:00,PTGX
7.265,7.265,7.265,7.265,300,2022-06-16 17:26:00,PTGX
7.27,7.28,7.27,7.28,2087,2022-06-16 17:27:00,PTGX
7.285,7.32,7.285,7.32,2567,2022-06-16 17:28:00,PTGX
7.33,7.34,7.33,7.34,900,2022-06-16 17:29:00,PTGX
7.33,7.35,7.32,7.35,3726,2022-06-16 17:30:00,PTGX
7.37,7.39,7.351,7.355,2346,2022-06-16 17:31:00,PTGX
7.35,7.35,7.35,7.35,1110,2022-06-16 17:32:00,PTGX
7.37,7.39,7.36,7.39,1300,2022-06-16 17:34:00,PTGX
7.39,7.39,7.37,7.37,2707,2022-06-16 17:35:00,PTGX
7.355,7.355,7.355,7.355,160,2022-06-16 17:36:00,PTGX
7.35,7.35,7.34,7.34,3600,2022-06-16 17:37:00,PTGX
7.34,7.35,7.335,7.35,2267,2022-06-16 17:38:00,PTGX
7.35,7.35,7.35,7.35,1000,2022-06-16 17:39:00,PTGX
7.34,7.34,7.32,7.32,3688,2022-06-16 17:40:00,PTGX
7.311,7.311,7.3,7.31,1111,2022-06-16 17:41:00,PTGX
7.315,7.315,7.3,7.3,3437,2022-06-16 17:42:00,PTGX
7.31,7.32,7.27,7.295,14934,2022-06-16 17:43:00,PTGX
7.29,7.29,7.29,7.29,400,2022-06-16 17:44:00,PTGX
7.29,7.29,7.27,7.275,1900,2022-06-16 17:45:00,PTGX
7.27,7.27,7.27,7.27,500,2022-06-16 17:46:00,PTGX
7.265,7.265,7.255,7.255,1979,2022-06-16 17:47:00,PTGX
7.255,7.26,7.255,7.26,2305,2022-06-16 17:48:00,PTGX
7.255,7.255,7.255,7.255,100,2022-06-16 17:49:00,PTGX
7.26,7.26,7.24,7.25,4547,2022-06-16 17:50:00,PTGX
7.255,7.255,7.25,7.25,1500,2022-06-16 17:51:00,PTGX
7.25,7.25,7.25,7.25,100,2022-06-16 17:52:00,PTGX
7.26,7.27,7.255,7.265,1811,2022-06-16 17:53:00,PTGX
7.275,7.275,7.27,7.275,1400,2022-06-16 17:54:00,PTGX
7.28,7.285,7.28,7.285,594,2022-06-16 17:55:00,PTGX
7.285,7.285,7.271,7.275,2800,2022-06-16 17:56:00,PTGX
7.275,7.275,7.275,7.275,400,2022-06-16 17:57:00,PTGX
7.275,7.275,7.255,7.262,3900,2022-06-16 17:58:00,PTGX
7.26,7.26,7.255,7.26,1600,2022-06-16 17:59:00,PTGX
7.26,7.26,7.26,7.26,200,2022-06-16 18:00:00,PTGX
7.26,7.265,7.26,7.265,200,2022-06-16 18:01:00,PTGX
7.265,7.2675,7.265,7.265,300,2022-06-16 18:02:00,PTGX
7.265,7.275,7.265,7.275,3345,2022-06-16 18:03:00,PTGX
7.275,7.28,7.275,7.28,400,2022-06-16 18:04:00,PTGX
7.28,7.29,7.28,7.29,900,2022-06-16 18:05:00,PTGX
7.28,7.285,7.275,7.275,2181,2022-06-16 18:06:00,PTGX
7.275,7.275,7.265,7.265,2186,2022-06-16 18:08:00,PTGX
7.265,7.27,7.265,7.27,400,2022-06-16 18:09:00,PTGX
7.27,7.28,7.265,7.275,2246,2022-06-16 18:10:00,PTGX
7.28,7.28,7.28,7.28,400,2022-06-16 18:11:00,PTGX
7.285,7.285,7.275,7.28,1646,2022-06-16 18:12:00,PTGX
7.275,7.285,7.275,7.285,200,2022-06-16 18:13:00,PTGX
7.285,7.29,7.285,7.29,200,2022-06-16 18:14:00,PTGX
7.28,7.28,7.26,7.27,4064,2022-06-16 18:15:00,PTGX
7.27,7.27,7.27,7.27,373,2022-06-16 18:16:00,PTGX
7.27,7.27,7.265,7.265,700,2022-06-16 18:17:00,PTGX
7.265,7.27,7.26,7.26,500,2022-06-16 18:18:00,PTGX
7.265,7.27,7.265,7.265,2233,2022-06-16 18:19:00,PTGX
7.265,7.265,7.265,7.265,400,2022-06-16 18:20:00,PTGX
7.265,7.27,7.265,7.27,400,2022-06-16 18:21:00,PTGX
7.26,7.26,7.255,7.255,1491,2022-06-16 18:22:00,PTGX
7.255,7.27,7.255,7.265,2950,2022-06-16 18:23:00,PTGX
7.27,7.275,7.265,7.272,1300,2022-06-16 18:24:00,PTGX
7.27,7.27,7.27,7.27,500,2022-06-16 18:25:00,PTGX
7.27,7.28,7.265,7.28,600,2022-06-16 18:26:00,PTGX
7.275,7.29,7.275,7.29,800,2022-06-16 18:27:00,PTGX
7.28,7.28,7.26,7.26,3628,2022-06-16 18:28:00,PTGX
7.27,7.275,7.265,7.275,1200,2022-06-16 18:29:00,PTGX
7.28,7.295,7.28,7.295,1100,2022-06-16 18:30:00,PTGX
7.295,7.295,7.295,7.295,200,2022-06-16 18:31:00,PTGX
7.295,7.295,7.291,7.295,1000,2022-06-16 18:32:00,PTGX
7.295,7.315,7.29,7.3075,7723,2022-06-16 18:33:00,PTGX
7.315,7.315,7.31,7.31,2706,2022-06-16 18:35:00,PTGX
7.3075,7.3075,7.305,7.305,200,2022-06-16 18:36:00,PTGX
7.305,7.31,7.305,7.31,608,2022-06-16 18:37:00,PTGX
7.31,7.31,7.305,7.305,1706,2022-06-16 18:38:00,PTGX
7.305,7.305,7.29,7.3,2370,2022-06-16 18:39:00,PTGX
7.295,7.3,7.295,7.295,4081,2022-06-16 18:40:00,PTGX
7.295,7.295,7.295,7.295,516,2022-06-16 18:41:00,PTGX
7.295,7.295,7.295,7.295,400,2022-06-16 18:42:00,PTGX
7.295,7.295,7.295,7.295,400,2022-06-16 18:43:00,PTGX
7.295,7.295,7.295,7.295,377,2022-06-16 18:44:00,PTGX
7.295,7.305,7.295,7.295,4302,2022-06-16 18:45:00,PTGX
7.295,7.295,7.281,7.285,2403,2022-06-16 18:46:00,PTGX
7.28,7.285,7.265,7.265,1246,2022-06-16 18:47:00,PTGX
7.26,7.26,7.23,7.245,4971,2022-06-16 18:48:00,PTGX
7.255,7.255,7.255,7.255,100,2022-06-16 18:49:00,PTGX
7.255,7.27,7.25,7.27,1059,2022-06-16 18:50:00,PTGX
7.27,7.275,7.27,7.275,1300,2022-06-16 18:51:00,PTGX
7.275,7.28,7.275,7.275,1100,2022-06-16 18:52:00,PTGX
7.275,7.275,7.261,7.27,3544,2022-06-16 18:53:00,PTGX
7.27,7.275,7.27,7.27,1163,2022-06-16 18:54:00,PTGX
7.27,7.275,7.27,7.275,399,2022-06-16 18:55:00,PTGX
7.275,7.285,7.275,7.285,2100,2022-06-16 18:56:00,PTGX
7.285,7.285,7.27,7.27,1863,2022-06-16 18:57:00,PTGX
7.275,7.275,7.275,7.275,700,2022-06-16 18:58:00,PTGX
7.275,7.28,7.275,7.275,1859,2022-06-16 18:59:00,PTGX
7.275,7.29,7.275,7.29,2000,2022-06-16 19:00:00,PTGX
7.29,7.315,7.29,7.315,683,2022-06-16 19:01:00,PTGX
7.32,7.32,7.31,7.31,1500,2022-06-16 19:02:00,PTGX
7.31,7.32,7.31,7.315,500,2022-06-16 19:03:00,PTGX
7.32,7.33,7.31,7.315,3700,2022-06-16 19:04:00,PTGX
7.32,7.32,7.32,7.32,806,2022-06-16 19:05:00,PTGX
7.32,7.325,7.32,7.32,1777,2022-06-16 19:06:00,PTGX
7.325,7.33,7.325,7.33,300,2022-06-16 19:07:00,PTGX
7.33,7.355,7.33,7.35,4199,2022-06-16 19:08:00,PTGX
7.36,7.38,7.36,7.375,6200,2022-06-16 19:09:00,PTGX
7.38,7.4,7.37,7.37,7102,2022-06-16 19:10:00,PTGX
7.37,7.375,7.37,7.37,300,2022-06-16 19:11:00,PTGX
7.38,7.38,7.37,7.37,900,2022-06-16 19:12:00,PTGX
7.37,7.37,7.365,7.37,2066,2022-06-16 19:13:00,PTGX
7.365,7.37,7.35,7.365,2415,2022-06-16 19:14:00,PTGX
7.36,7.36,7.35,7.35,1778,2022-06-16 19:15:00,PTGX
7.35,7.37,7.35,7.37,1723,2022-06-16 19:16:00,PTGX
7.36,7.37,7.36,7.37,1300,2022-06-16 19:17:00,PTGX
7.37,7.37,7.35,7.36,4057,2022-06-16 19:18:00,PTGX
7.37,7.37,7.37,7.37,100,2022-06-16 19:19:00,PTGX
7.38,7.39,7.38,7.38,4065,2022-06-16 19:20:00,PTGX
7.39,7.395,7.39,7.39,1400,2022-06-16 19:21:00,PTGX
7.39,7.405,7.39,7.39,3556,2022-06-16 19:22:00,PTGX
7.381,7.41,7.381,7.41,1263,2022-06-16 19:23:00,PTGX
7.4,7.4,7.38,7.4,3100,2022-06-16 19:24:00,PTGX
7.4,7.41,7.4,7.41,2158,2022-06-16 19:25:00,PTGX
7.42,7.43,7.42,7.425,1770,2022-06-16 19:26:00,PTGX
7.44,7.45,7.42,7.42,2994,2022-06-16 19:27:00,PTGX
7.44,7.44,7.41,7.415,3428,2022-06-16 19:28:00,PTGX
7.4,7.405,7.4,7.405,500,2022-06-16 19:29:00,PTGX
7.405,7.405,7.395,7.4,3584,2022-06-16 19:30:00,PTGX
7.4,7.4,7.385,7.385,1677,2022-06-16 19:31:00,PTGX
7.38,7.385,7.37,7.375,2500,2022-06-16 19:32:00,PTGX
7.375,7.375,7.365,7.37,5795,2022-06-16 19:33:00,PTGX
7.365,7.365,7.34,7.34,1872,2022-06-16 19:34:00,PTGX
7.345,7.35,7.345,7.345,1226,2022-06-16 19:35:00,PTGX
7.35,7.37,7.35,7.365,3653,2022-06-16 19:36:00,PTGX
7.365,7.385,7.365,7.38,8881,2022-06-16 19:37:00,PTGX
7.37,7.37,7.36,7.36,1478,2022-06-16 19:38:00,PTGX
7.37,7.39,7.37,7.39,3072,2022-06-16 19:39:00,PTGX
7.39,7.395,7.37,7.37,6179,2022-06-16 19:40:00,PTGX
7.38,7.38,7.375,7.375,1908,2022-06-16 19:41:00,PTGX
7.375,7.375,7.365,7.375,2839,2022-06-16 19:42:00,PTGX
7.37,7.38,7.37,7.375,1262,2022-06-16 19:43:00,PTGX
7.37,7.38,7.37,7.375,3353,2022-06-16 19:44:00,PTGX
7.37,7.375,7.355,7.36,5207,2022-06-16 19:45:00,PTGX
7.36,7.36,7.35,7.355,2390,2022-06-16 19:46:00,PTGX
7.35,7.36,7.345,7.345,4636,2022-06-16 19:47:00,PTGX
7.345,7.36,7.345,7.355,2949,2022-06-16 19:48:00,PTGX
7.36,7.36,7.34,7.35,4690,2022-06-16 19:49:00,PTGX
7.35,7.375,7.345,7.375,4916,2022-06-16 19:50:00,PTGX
7.37,7.37,7.355,7.36,6430,2022-06-16 19:51:00,PTGX
7.36,7.37,7.36,7.37,4596,2022-06-16 19:52:00,PTGX
7.37,7.385,7.36,7.365,8336,2022-06-16 19:53:00,PTGX
7.365,7.37,7.355,7.365,14178,2022-06-16 19:54:00,PTGX
7.365,7.37,7.36,7.365,6233,2022-06-16 19:55:00,PTGX
7.365,7.37,7.36,7.365,11434,2022-06-16 19:56:00,PTGX
7.365,7.37,7.35,7.355,17641,2022-06-16 19:57:00,PTGX
7.355,7.39,7.345,7.39,38120,2022-06-16 19:58:00,PTGX
7.39,7.42,7.39,7.41,27393,2022-06-16 19:59:00,PTGX
7.4,7.4,7.4,7.4,150580,2022-06-16 20:00:00,PTGX
7.4,7.4,7.4,7.4,5287,2022-06-16 20:02:00,PTGX
7.45,7.45,7.45,7.45,53941,2022-06-17 13:30:00,PTGX
7.662,7.662,7.662,7.662,100,2022-06-17 13:34:00,PTGX
7.7267,7.7267,7.7267,7.7267,150,2022-06-17 13:36:00,PTGX
7.73,7.78,7.71,7.72,2860,2022-06-17 13:40:00,PTGX
7.72,7.72,7.695,7.72,900,2022-06-17 13:41:00,PTGX
7.72,7.77,7.6901,7.725,1998,2022-06-17 13:42:00,PTGX
7.6853,7.74,7.68,7.72,2815,2022-06-17 13:43:00,PTGX
7.705,7.705,7.705,7.705,100,2022-06-17 13:44:00,PTGX
7.72,7.76,7.71,7.75,3837,2022-06-17 13:45:00,PTGX
7.75,7.77,7.75,7.76,917,2022-06-17 13:46:00,PTGX
7.73,7.73,7.7,7.71,3097,2022-06-17 13:47:00,PTGX
7.7,7.7,7.69,7.7,3886,2022-06-17 13:48:00,PTGX
7.69,7.7,7.685,7.685,4859,2022-06-17 13:49:00,PTGX
7.7,7.72,7.68,7.68,11916,2022-06-17 13:50:00,PTGX
7.69,7.7,7.69,7.7,6133,2022-06-17 13:51:00,PTGX
7.7,7.75,7.7,7.72,4835,2022-06-17 13:52:00,PTGX
7.745,7.77,7.745,7.755,665,2022-06-17 13:53:00,PTGX
7.74,7.74,7.74,7.74,300,2022-06-17 13:54:00,PTGX
7.7,7.72,7.69,7.72,900,2022-06-17 13:55:00,PTGX
7.715,7.715,7.71,7.71,502,2022-06-17 13:56:00,PTGX
7.72,7.73,7.705,7.705,800,2022-06-17 13:57:00,PTGX
7.72,7.72,7.72,7.72,300,2022-06-17 13:58:00,PTGX
7.73,7.77,7.72,7.77,3275,2022-06-17 13:59:00,PTGX
7.765,7.765,7.75,7.75,520,2022-06-17 14:00:00,PTGX
7.73,7.73,7.67,7.67,1549,2022-06-17 14:01:00,PTGX
7.63,7.675,7.63,7.675,300,2022-06-17 14:02:00,PTGX
7.675,7.675,7.65,7.65,500,2022-06-17 14:03:00,PTGX
7.67,7.67,7.665,7.665,400,2022-06-17 14:04:00,PTGX
7.67,7.69,7.67,7.68,958,2022-06-17 14:05:00,PTGX
7.66,7.67,7.66,7.67,1000,2022-06-17 14:06:00,PTGX
7.68,7.68,7.67,7.67,402,2022-06-17 14:07:00,PTGX
7.67,7.67,7.67,7.67,300,2022-06-17 14:08:00,PTGX
7.65,7.67,7.63,7.63,2000,2022-06-17 14:09:00,PTGX
7.64,7.655,7.64,7.655,1210,2022-06-17 14:10:00,PTGX
7.655,7.67,7.635,7.635,1000,2022-06-17 14:11:00,PTGX
7.66,7.66,7.645,7.645,200,2022-06-17 14:12:00,PTGX
7.62,7.63,7.62,7.62,956,2022-06-17 14:13:00,PTGX
7.61,7.61,7.61,7.61,100,2022-06-17 14:14:00,PTGX
7.62,7.64,7.62,7.62,1300,2022-06-17 14:15:00,PTGX
7.61,7.61,7.61,7.61,200,2022-06-17 14:16:00,PTGX
7.585,7.585,7.572,7.572,400,2022-06-17 14:17:00,PTGX
7.59,7.605,7.58,7.59,1300,2022-06-17 14:18:00,PTGX
7.6,7.6,7.6,7.6,100,2022-06-17 14:19:00,PTGX
7.6,7.6,7.58,7.58,1280,2022-06-17 14:20:00,PTGX
7.58,7.58,7.58,7.58,100,2022-06-17 14:21:00,PTGX
7.58,7.58,7.56,7.57,500,2022-06-17 14:22:00,PTGX
7.58,7.58,7.555,7.58,1051,2022-06-17 14:23:00,PTGX
7.6,7.61,7.6,7.61,700,2022-06-17 14:24:00,PTGX
7.61,7.64,7.61,7.64,900,2022-06-17 14:25:00,PTGX
7.63,7.67,7.63,7.67,459,2022-06-17 14:26:00,PTGX
7.64,7.66,7.64,7.66,2294,2022-06-17 14:27:00,PTGX
7.64,7.66,7.64,7.66,300,2022-06-17 14:28:00,PTGX
7.67,7.69,7.67,7.69,999,2022-06-17 14:29:00,PTGX
7.69,7.75,7.69,7.75,800,2022-06-17 14:30:00,PTGX
7.76,7.79,7.725,7.725,1600,2022-06-17 14:31:00,PTGX
7.74,7.78,7.74,7.78,781,2022-06-17 14:32:00,PTGX
7.78,7.78,7.75,7.75,935,2022-06-17 14:33:00,PTGX
7.73,7.73,7.71,7.71,1867,2022-06-17 14:34:00,PTGX
7.7,7.72,7.7,7.7,4609,2022-06-17 14:35:00,PTGX
7.68,7.7,7.675,7.7,2737,2022-06-17 14:36:00,PTGX
7.695,7.72,7.695,7.7,5601,2022-06-17 14:37:00,PTGX
7.7,7.71,7.69,7.7,1717,2022-06-17 14:38:00,PTGX
7.7,7.72,7.7,7.71,4919,2022-06-17 14:39:00,PTGX
7.72,7.72,7.71,7.72,7519,2022-06-17 14:40:00,PTGX
7.72,7.72,7.68,7.69,5367,2022-06-17 14:41:00,PTGX
7.68,7.7,7.68,7.7,2598,2022-06-17 14:42:00,PTGX
7.6983,7.7,7.68,7.7,3985,2022-06-17 14:43:00,PTGX
7.7,7.73,7.7,7.725,4329,2022-06-17 14:44:00,PTGX
7.72,7.725,7.7,7.7,1941,2022-06-17 14:45:00,PTGX
7.7,7.715,7.7,7.7,600,2022-06-17 14:46:00,PTGX
7.72,7.73,7.72,7.73,1790,2022-06-17 14:47:00,PTGX
7.73,7.74,7.73,7.74,600,2022-06-17 14:48:00,PTGX
7.75,7.76,7.75,7.7583,2287,2022-06-17 14:49:00,PTGX
7.74,7.77,7.74,7.77,1575,2022-06-17 14:50:00,PTGX
7.75,7.76,7.745,7.745,800,2022-06-17 14:51:00,PTGX
7.76,7.76,7.76,7.76,100,2022-06-17 14:52:00,PTGX
7.78,7.82,7.78,7.8,1000,2022-06-17 14:53:00,PTGX
7.82,7.84,7.82,7.84,700,2022-06-17 14:54:00,PTGX
7.84,7.84,7.82,7.84,2215,2022-06-17 14:55:00,PTGX
7.83,7.83,7.83,7.83,1200,2022-06-17 14:56:00,PTGX
7.82,7.82,7.81,7.81,2000,2022-06-17 14:57:00,PTGX
7.8,7.805,7.8,7.8,1000,2022-06-17 14:58:00,PTGX
7.8,7.8,7.79,7.8,500,2022-06-17 14:59:00,PTGX
7.77,7.77,7.76,7.76,300,2022-06-17 15:00:00,PTGX
7.75,7.79,7.74,7.79,2700,2022-06-17 15:01:00,PTGX
7.78,7.8,7.78,7.8,1465,2022-06-17 15:02:00,PTGX
7.81,7.83,7.81,7.815,1435,2022-06-17 15:03:00,PTGX
7.815,7.815,7.8,7.8,1576,2022-06-17 15:04:00,PTGX
7.795,7.805,7.795,7.805,1919,2022-06-17 15:05:00,PTGX
7.805,7.81,7.8,7.8,2600,2022-06-17 15:06:00,PTGX
7.8,7.82,7.8,7.8109,4592,2022-06-17 15:07:00,PTGX
7.815,7.82,7.81,7.81,5385,2022-06-17 15:08:00,PTGX
7.82,7.83,7.81,7.81,6387,2022-06-17 15:09:00,PTGX
7.82,7.82,7.78,7.78,3072,2022-06-17 15:10:00,PTGX
7.77,7.77,7.75,7.76,1693,2022-06-17 15:11:00,PTGX
7.76,7.76,7.75,7.75,400,2022-06-17 15:12:00,PTGX
7.72,7.73,7.72,7.73,400,2022-06-17 15:13:00,PTGX
7.735,7.735,7.735,7.735,100,2022-06-17 15:14:00,PTGX
7.75,7.76,7.74,7.76,1167,2022-06-17 15:15:00,PTGX
7.77,7.77,7.77,7.77,600,2022-06-17 15:16:00,PTGX
7.76,7.77,7.76,7.76,700,2022-06-17 15:17:00,PTGX
7.77,7.78,7.77,7.77,1128,2022-06-17 15:18:00,PTGX
7.78,7.78,7.78,7.78,200,2022-06-17 15:19:00,PTGX
7.78,7.79,7.75,7.75,1500,2022-06-17 15:20:00,PTGX
7.74,7.75,7.732,7.745,1300,2022-06-17 15:22:00,PTGX
7.74,7.76,7.74,7.76,500,2022-06-17 15:23:00,PTGX
7.73,7.75,7.73,7.75,791,2022-06-17 15:24:00,PTGX
7.74,7.75,7.74,7.75,400,2022-06-17 15:25:00,PTGX
7.745,7.75,7.74,7.75,600,2022-06-17 15:26:00,PTGX
7.76,7.765,7.75,7.76,871,2022-06-17 15:27:00,PTGX
7.75,7.75,7.73,7.75,1300,2022-06-17 15:28:00,PTGX
7.75,7.75,7.75,7.75,200,2022-06-17 15:29:00,PTGX
7.76,7.79,7.76,7.79,400,2022-06-17 15:30:00,PTGX
7.79,7.8,7.79,7.8,800,2022-06-17 15:31:00,PTGX
7.8,7.8013,7.79,7.79,1852,2022-06-17 15:32:00,PTGX
7.7803,7.785,7.78,7.78,1000,2022-06-17 15:33:00,PTGX
7.77,7.78,7.77,7.77,614,2022-06-17 15:34:00,PTGX
7.77,7.77,7.76,7.76,400,2022-06-17 15:35:00,PTGX
7.762,7.7639,7.76,7.76,500,2022-06-17 15:36:00,PTGX
7.76,7.77,7.76,7.77,900,2022-06-17 15:38:00,PTGX
7.76,7.785,7.76,7.785,1300,2022-06-17 15:39:00,PTGX
7.8,7.81,7.8,7.81,1300,2022-06-17 15:40:00,PTGX
7.8,7.8,7.79,7.8,4870,2022-06-17 15:41:00,PTGX
7.7879,7.7879,7.78,7.78,200,2022-06-17 15:42:00,PTGX
7.775,7.775,7.765,7.765,875,2022-06-17 15:43:00,PTGX
7.765,7.765,7.76,7.76,800,2022-06-17 15:44:00,PTGX
7.75,7.76,7.745,7.76,1585,2022-06-17 15:45:00,PTGX
7.77,7.78,7.76,7.76,1400,2022-06-17 15:46:00,PTGX
7.77,7.78,7.77,7.78,2118,2022-06-17 15:47:00,PTGX
7.79,7.79,7.78,7.79,1052,2022-06-17 15:48:00,PTGX
7.8,7.81,7.78,7.81,3400,2022-06-17 15:49:00,PTGX
7.8,7.81,7.78,7.79,2593,2022-06-17 15:50:00,PTGX
7.78,7.78,7.76,7.77,1100,2022-06-17 15:51:00,PTGX
7.77,7.79,7.77,7.79,8677,2022-06-17 15:52:00,PTGX
7.8,7.82,7.8,7.82,1600,2022-06-17 15:53:00,PTGX
7.82,7.8309,7.82,7.8309,1797,2022-06-17 15:54:00,PTGX
7.83,7.85,7.8201,7.8387,1300,2022-06-17 15:55:00,PTGX
7.84,7.85,7.81,7.81,4787,2022-06-17 15:56:00,PTGX
7.805,7.805,7.79,7.795,1800,2022-06-17 15:57:00,PTGX
7.8,7.8,7.8,7.8,699,2022-06-17 15:58:00,PTGX
7.8,7.81,7.79,7.79,2541,2022-06-17 15:59:00,PTGX
7.78,7.78,7.76,7.77,1000,2022-06-17 16:00:00,PTGX
7.77,7.77,7.76,7.76,966,2022-06-17 16:01:00,PTGX
7.75,7.75,7.74,7.74,900,2022-06-17 16:02:00,PTGX
7.74,7.74,7.74,7.74,528,2022-06-17 16:03:00,PTGX
7.75,7.76,7.75,7.76,1754,2022-06-17 16:04:00,PTGX
7.78,7.785,7.765,7.7675,2400,2022-06-17 16:05:00,PTGX
7.76,7.775,7.76,7.77,1300,2022-06-17 16:06:00,PTGX
7.7704,7.78,7.7704,7.78,1500,2022-06-17 16:07:00,PTGX
7.77,7.77,7.73,7.73,1581,2022-06-17 16:08:00,PTGX
7.72,7.72,7.71,7.71,1000,2022-06-17 16:09:00,PTGX
7.72,7.7321,7.72,7.72,2100,2022-06-17 16:10:00,PTGX
7.73,7.74,7.72,7.725,1900,2022-06-17 16:11:00,PTGX
7.73,7.74,7.73,7.74,1000,2022-06-17 16:12:00,PTGX
7.75,7.75,7.75,7.75,684,2022-06-17 16:13:00,PTGX
7.76,7.78,7.76,7.78,600,2022-06-17 16:14:00,PTGX
7.77,7.78,7.77,7.7701,400,2022-06-17 16:15:00,PTGX
7.79,7.7903,7.79,7.7903,200,2022-06-17 16:16:00,PTGX
7.78,7.8,7.78,7.8,3907,2022-06-17 16:17:00,PTGX
7.79,7.79,7.77,7.78,1600,2022-06-17 16:18:00,PTGX
7.7804,7.7809,7.78,7.78,600,2022-06-17 16:20:00,PTGX
7.78,7.785,7.78,7.785,400,2022-06-17 16:21:00,PTGX
7.79,7.7909,7.7895,7.79,1700,2022-06-17 16:22:00,PTGX
7.79,7.79,7.79,7.79,200,2022-06-17 16:23:00,PTGX
7.79,7.8,7.79,7.8,3098,2022-06-17 16:24:00,PTGX
7.8,7.8015,7.8,7.8015,869,2022-06-17 16:25:00,PTGX
7.8,7.81,7.8,7.805,1695,2022-06-17 16:26:00,PTGX
7.81,7.81,7.8,7.8,1000,2022-06-17 16:27:00,PTGX
7.805,7.81,7.8,7.81,1200,2022-06-17 16:28:00,PTGX
7.805,7.805,7.8,7.8,200,2022-06-17 16:29:00,PTGX
7.81,7.81,7.8,7.805,2100,2022-06-17 16:30:00,PTGX
7.8,7.8,7.785,7.785,1600,2022-06-17 16:31:00,PTGX
7.785,7.785,7.785,7.785,100,2022-06-17 16:32:00,PTGX
7.79,7.791,7.79,7.791,400,2022-06-17 16:33:00,PTGX
7.79,7.8,7.78,7.78,3567,2022-06-17 16:34:00,PTGX
7.79,7.79,7.79,7.79,100,2022-06-17 16:35:00,PTGX
7.78,7.78,7.78,7.78,1100,2022-06-17 16:36:00,PTGX
7.79,7.79,7.79,7.79,200,2022-06-17 16:37:00,PTGX
7.79,7.8,7.79,7.8,300,2022-06-17 16:38:00,PTGX
7.795,7.8,7.785,7.79,2000,2022-06-17 16:39:00,PTGX
7.79,7.815,7.79,7.81,9519,2022-06-17 16:40:00,PTGX
7.815,7.835,7.815,7.835,1200,2022-06-17 16:41:00,PTGX
7.835,7.835,7.83,7.83,1352,2022-06-17 16:42:00,PTGX
7.83,7.855,7.83,7.855,1500,2022-06-17 16:43:00,PTGX
7.85,7.87,7.85,7.87,2302,2022-06-17 16:44:00,PTGX
7.87,7.87,7.86,7.87,900,2022-06-17 16:45:00,PTGX
7.87,7.87,7.8696,7.87,600,2022-06-17 16:46:00,PTGX
7.8704,7.8704,7.85,7.855,1000,2022-06-17 16:47:00,PTGX
7.86,7.87,7.86,7.87,706,2022-06-17 16:48:00,PTGX
7.87,7.88,7.87,7.87,700,2022-06-17 16:49:00,PTGX
7.87,7.87,7.86,7.86,400,2022-06-17 16:50:00,PTGX
7.87,7.87,7.86,7.86,1610,2022-06-17 16:51:00,PTGX
7.855,7.855,7.855,7.855,100,2022-06-17 16:52:00,PTGX
7.85,7.86,7.84,7.84,4002,2022-06-17 16:53:00,PTGX
7.84,7.85,7.84,7.85,500,2022-06-17 16:54:00,PTGX
7.86,7.88,7.86,7.88,1095,2022-06-17 16:55:00,PTGX
7.87,7.87,7.87,7.87,532,2022-06-17 16:56:00,PTGX
7.88,7.88,7.8794,7.8794,400,2022-06-17 16:57:00,PTGX
7.88,7.89,7.88,7.88,744,2022-06-17 16:58:00,PTGX
7.885,7.89,7.885,7.89,200,2022-06-17 16:59:00,PTGX
7.89,7.92,7.89,7.92,1324,2022-06-17 17:00:00,PTGX
7.92,7.94,7.92,7.94,1100,2022-06-17 17:01:00,PTGX
7.94,7.9578,7.94,7.9578,1200,2022-06-17 17:02:00,PTGX
7.96,7.96,7.94,7.95,4970,2022-06-17 17:03:00,PTGX
7.95,7.97,7.95,7.97,400,2022-06-17 17:04:00,PTGX
7.97,7.97,7.95,7.96,2200,2022-06-17 17:05:00,PTGX
7.95,7.95,7.94,7.94,1417,2022-06-17 17:06:00,PTGX
7.93,7.95,7.93,7.95,900,2022-06-17 17:07:00,PTGX
7.96,7.96,7.95,7.95,900,2022-06-17 17:08:00,PTGX
7.96,7.97,7.958,7.97,1577,2022-06-17 17:09:00,PTGX
7.97,7.97,7.97,7.97,937,2022-06-17 17:10:00,PTGX
7.9785,7.9785,7.96,7.97,2421,2022-06-17 17:11:00,PTGX
7.97,7.99,7.97,7.99,1321,2022-06-17 17:12:00,PTGX
7.98,7.995,7.98,7.99,1341,2022-06-17 17:13:00,PTGX
7.991,8.0,7.99,8.0,1300,2022-06-17 17:14:00,PTGX
8.0,8.0,7.98,7.99,1381,2022-06-17 17:15:00,PTGX
7.99,8.0,7.99,7.99,1522,2022-06-17 17:16:00,PTGX
8.0,8.01,8.0,8.01,2368,2022-06-17 17:17:00,PTGX
8.0,8.0,8.0,8.0,1100,2022-06-17 17:18:00,PTGX
8.0,8.0,8.0,8.0,1700,2022-06-17 17:19:00,PTGX
7.99,7.99,7.975,7.975,1463,2022-06-17 17:20:00,PTGX
7.98,7.98,7.97,7.97,810,2022-06-17 17:21:00,PTGX
7.97,7.97,7.97,7.97,100,2022-06-17 17:22:00,PTGX
7.96,7.98,7.96,7.98,700,2022-06-17 17:23:00,PTGX
7.99,7.99,7.98,7.99,500,2022-06-17 17:24:00,PTGX
7.99,7.99,7.97,7.98,1893,2022-06-17 17:25:00,PTGX
7.97,7.97,7.97,7.97,600,2022-06-17 17:26:00,PTGX
7.96,7.975,7.95,7.975,2428,2022-06-17 17:27:00,PTGX
7.97,7.97,7.97,7.97,100,2022-06-17 17:28:00,PTGX
7.975,7.98,7.97,7.98,300,2022-06-17 17:29:00,PTGX
7.98,7.985,7.98,7.985,1018,2022-06-17 17:30:00,PTGX
7.98,7.98,7.97,7.97,1280,2022-06-17 17:31:00,PTGX
7.965,7.97,7.96,7.97,1100,2022-06-17 17:32:00,PTGX
7.97,8.0,7.97,8.0,801,2022-06-17 17:33:00,PTGX
8.0,8.0,7.98,7.985,1330,2022-06-17 17:34:00,PTGX
7.985,7.985,7.985,7.985,100,2022-06-17 17:35:00,PTGX
7.99,7.995,7.99,7.995,700,2022-06-17 17:36:00,PTGX
7.995,7.999,7.98,7.98,1000,2022-06-17 17:37:00,PTGX
7.98,7.98,7.9522,7.96,818,2022-06-17 17:38:00,PTGX
7.96,7.96,7.94,7.94,1006,2022-06-17 17:39:00,PTGX
7.95,7.95,7.94,7.94,200,2022-06-17 17:40:00,PTGX
7.94,7.94,7.94,7.94,1032,2022-06-17 17:41:00,PTGX
7.94,7.94,7.94,7.94,224,2022-06-17 17:42:00,PTGX
7.94,7.945,7.94,7.945,200,2022-06-17 17:43:00,PTGX
7.95,7.95,7.945,7.945,400,2022-06-17 17:44:00,PTGX
7.941,7.941,7.925,7.925,600,2022-06-17 17:46:00,PTGX
7.92,7.92,7.9,7.9085,2000,2022-06-17 17:47:00,PTGX
7.91,7.92,7.91,7.92,600,2022-06-17 17:48:00,PTGX
7.92,7.95,7.92,7.95,800,2022-06-17 17:49:00,PTGX
7.95,7.955,7.94,7.94,2592,2022-06-17 17:50:00,PTGX
7.9446,7.95,7.94,7.94,700,2022-06-17 17:51:00,PTGX
7.94,7.94,7.92,7.92,1517,2022-06-17 17:52:00,PTGX
7.93,7.93,7.925,7.93,400,2022-06-17 17:53:00,PTGX
7.93,7.93,7.93,7.93,100,2022-06-17 17:54:00,PTGX
7.94,7.94,7.93,7.94,600,2022-06-17 17:55:00,PTGX
7.94,7.94,7.94,7.94,500,2022-06-17 17:56:00,PTGX
7.94,7.96,7.94,7.96,2553,2022-06-17 17:57:00,PTGX
7.96,7.96,7.9443,7.945,1000,2022-06-17 17:58:00,PTGX
7.94,7.95,7.93,7.94,3010,2022-06-17 17:59:00,PTGX
7.95,7.95,7.95,7.95,100,2022-06-17 18:01:00,PTGX
7.95,7.96,7.95,7.96,900,2022-06-17 18:02:00,PTGX
7.96,7.96,7.96,7.96,642,2022-06-17 18:03:00,PTGX
7.96,7.98,7.96,7.98,1425,2022-06-17 18:05:00,PTGX
7.98,7.98,7.95,7.95,2601,2022-06-17 18:06:00,PTGX
7.94,7.94,7.935,7.935,556,2022-06-17 18:07:00,PTGX
7.94,7.94,7.94,7.94,316,2022-06-17 18:08:00,PTGX
7.94,7.945,7.94,7.94,983,2022-06-17 18:09:00,PTGX
7.94,7.945,7.94,7.945,300,2022-06-17 18:10:00,PTGX
7.93,7.935,7.925,7.93,1300,2022-06-17 18:11:00,PTGX
7.93,7.945,7.93,7.945,1100,2022-06-17 18:12:00,PTGX
7.945,7.945,7.945,7.945,300,2022-06-17 18:13:00,PTGX
7.95,7.96,7.95,7.96,600,2022-06-17 18:14:00,PTGX
7.96,7.96,7.945,7.95,1982,2022-06-17 18:15:00,PTGX
7.95,7.97,7.95,7.97,1020,2022-06-17 18:16:00,PTGX
7.97,7.97,7.97,7.97,200,2022-06-17 18:17:00,PTGX
7.98,7.99,7.98,7.98,1600,2022-06-17 18:18:00,PTGX
7.985,7.985,7.985,7.985,200,2022-06-17 18:20:00,PTGX
7.985,7.995,7.985,7.995,1399,2022-06-17 18:21:00,PTGX
7.99,8.005,7.99,8.0,3707,2022-06-17 18:22:00,PTGX
7.99,7.99,7.985,7.985,992,2022-06-17 18:23:00,PTGX
7.98,7.98,7.98,7.98,100,2022-06-17 18:24:00,PTGX
7.96,7.98,7.96,7.98,1118,2022-06-17 18:25:00,PTGX
7.975,7.98,7.97,7.975,524,2022-06-17 18:26:00,PTGX
7.975,7.975,7.975,7.975,800,2022-06-17 18:27:00,PTGX
7.975,7.975,7.94,7.94,3129,2022-06-17 18:28:00,PTGX
7.935,7.935,7.91,7.92,1072,2022-06-17 18:29:00,PTGX
7.92,7.94,7.92,7.9398,3900,2022-06-17 18:30:00,PTGX
7.94,7.95,7.9301,7.94,3195,2022-06-17 18:31:00,PTGX
7.94,7.9501,7.94,7.95,2547,2022-06-17 18:32:00,PTGX
7.96,7.96,7.96,7.96,408,2022-06-17 18:33:00,PTGX
7.97,7.98,7.96,7.98,1813,2022-06-17 18:34:00,PTGX
7.985,7.99,7.985,7.99,1646,2022-06-17 18:35:00,PTGX
8.0,8.008,8.0,8.008,3577,2022-06-17 18:36:00,PTGX
8.0,8.0,7.99,8.0,3377,2022-06-17 18:37:00,PTGX
8.0,8.0,7.97,7.97,2118,2022-06-17 18:38:00,PTGX
7.98,7.995,7.98,7.995,900,2022-06-17 18:39:00,PTGX
8.0,8.01,8.0,8.0,2026,2022-06-17 18:40:00,PTGX
7.98,7.98,7.98,7.98,1154,2022-06-17 18:41:00,PTGX
7.98,7.98,7.98,7.98,100,2022-06-17 18:42:00,PTGX
7.985,7.985,7.985,7.985,300,2022-06-17 18:43:00,PTGX
7.98,7.98,7.975,7.98,969,2022-06-17 18:44:00,PTGX
7.98,7.98,7.97,7.97,1893,2022-06-17 18:45:00,PTGX
7.97,7.97,7.96,7.96,2000,2022-06-17 18:46:00,PTGX
7.96,7.965,7.96,7.96,500,2022-06-17 18:47:00,PTGX
7.96,7.965,7.96,7.965,1200,2022-06-17 18:48:00,PTGX
7.96,7.96,7.955,7.96,1602,2022-06-17 18:49:00,PTGX
7.96,7.96,7.95,7.95,1310,2022-06-17 18:50:00,PTGX
7.95,7.95,7.95,7.95,200,2022-06-17 18:51:00,PTGX
7.95,7.965,7.95,7.955,2736,2022-06-17 18:52:00,PTGX
7.96,7.96,7.955,7.955,900,2022-06-17 18:53:00,PTGX
7.96,7.968,7.96,7.968,400,2022-06-17 18:54:00,PTGX
7.97,8.0,7.97,8.0,2100,2022-06-17 18:55:00,PTGX
8.0,8.0,7.995,8.0,400,2022-06-17 18:56:00,PTGX
8.0,8.005,7.99,7.99,5830,2022-06-17 18:57:00,PTGX
7.99,7.995,7.99,7.995,1300,2022-06-17 18:58:00,PTGX
8.0,8.0,8.0,8.0,1500,2022-06-17 18:59:00,PTGX
8.0,8.0,8.0,8.0,1021,2022-06-17 19:00:00,PTGX
8.0,8.0,7.99,8.0,2732,2022-06-17 19:01:00,PTGX
8.0,8.01,8.0,8.0,1800,2022-06-17 19:02:00,PTGX
7.995,7.995,7.98,7.98,1300,2022-06-17 19:03:00,PTGX
7.97,7.97,7.94,7.94,865,2022-06-17 19:04:00,PTGX
7.95,7.95,7.94,7.95,800,2022-06-17 19:05:00,PTGX
7.96,7.96,7.96,7.96,1275,2022-06-17 19:06:00,PTGX
7.96,7.96,7.95,7.955,300,2022-06-17 19:07:00,PTGX
7.95,7.96,7.95,7.96,600,2022-06-17 19:08:00,PTGX
7.955,7.955,7.945,7.95,1376,2022-06-17 19:09:00,PTGX
7.95,7.95,7.92,7.925,2300,2022-06-17 19:10:00,PTGX
7.93,7.93,7.93,7.93,200,2022-06-17 19:11:00,PTGX
7.925,7.925,7.92,7.92,1921,2022-06-17 19:12:00,PTGX
7.91,7.915,7.9,7.91,3911,2022-06-17 19:13:00,PTGX
7.91,7.92,7.91,7.92,900,2022-06-17 19:14:00,PTGX
7.92,7.925,7.92,7.92,2200,2022-06-17 19:15:00,PTGX
7.92,7.94,7.92,7.94,1500,2022-06-17 19:16:00,PTGX
7.95,7.96,7.95,7.96,2173,2022-06-17 19:17:00,PTGX
7.96,7.968,7.96,7.96,700,2022-06-17 19:18:00,PTGX
7.96,7.98,7.96,7.98,1766,2022-06-17 19:19:00,PTGX
7.98,7.99,7.975,7.98,2404,2022-06-17 19:20:00,PTGX
7.98,7.99,7.98,7.98,3815,2022-06-17 19:21:00,PTGX
7.99,8.0,7.99,8.0,1100,2022-06-17 19:22:00,PTGX
8.0,8.0,7.99,7.99,1290,2022-06-17 19:23:00,PTGX
7.99,7.99,7.975,7.98,2600,2022-06-17 19:24:00,PTGX
7.975,7.99,7.975,7.985,2600,2022-06-17 19:25:00,PTGX
7.985,7.99,7.985,7.985,700,2022-06-17 19:26:00,PTGX
7.985,8.0,7.985,8.0,6453,2022-06-17 19:27:00,PTGX
8.0,8.0061,7.95,7.97,14240,2022-06-17 19:28:00,PTGX
7.98,7.98,7.97,7.97,1099,2022-06-17 19:29:00,PTGX
7.97,7.98,7.96,7.965,2500,2022-06-17 19:30:00,PTGX
7.96,7.965,7.94,7.95,2614,2022-06-17 19:31:00,PTGX
7.94,7.96,7.94,7.96,5105,2022-06-17 19:32:00,PTGX
7.95,7.95,7.945,7.95,1690,2022-06-17 19:33:00,PTGX
7.95,7.95,7.92,7.935,2987,2022-06-17 19:34:00,PTGX
7.935,7.935,7.92,7.93,2700,2022-06-17 19:35:00,PTGX
7.93,7.93,7.92,7.93,1584,2022-06-17 19:36:00,PTGX
7.93,7.93,7.93,7.93,2400,2022-06-17 19:37:00,PTGX
7.92,7.92,7.88,7.9,5100,2022-06-17 19:38:00,PTGX
7.909,7.909,7.9,7.905,1700,2022-06-17 19:39:00,PTGX
7.9,7.9,7.881,7.89,3000,2022-06-17 19:40:00,PTGX
7.89,7.89,7.87,7.88,3093,2022-06-17 19:41:00,PTGX
7.875,7.879,7.87,7.879,3400,2022-06-17 19:42:00,PTGX
7.875,7.875,7.84,7.845,4600,2022-06-17 19:43:00,PTGX
7.845,7.86,7.84,7.845,4720,2022-06-17 19:44:00,PTGX
7.84,7.845,7.83,7.835,4035,2022-06-17 19:45:00,PTGX
7.83,7.845,7.825,7.845,5268,2022-06-17 19:46:00,PTGX
7.8433,7.85,7.84,7.84,3400,2022-06-17 19:47:00,PTGX
7.84,7.86,7.84,7.86,4609,2022-06-17 19:48:00,PTGX
7.86,7.86,7.84,7.845,5430,2022-06-17 19:49:00,PTGX
7.84,7.95,7.84,7.95,26208,2022-06-17 19:50:00,PTGX
7.95,7.95,7.92,7.95,8819,2022-06-17 19:51:00,PTGX
7.94,7.98,7.94,7.94,12168,2022-06-17 19:52:00,PTGX
7.96,7.98,7.95,7.96,13680,2022-06-17 19:53:00,PTGX
7.97,7.97,7.9,7.91,25531,2022-06-17 19:54:00,PTGX
7.91,7.925,7.9,7.905,7058,2022-06-17 19:55:00,PTGX
7.905,7.905,7.875,7.875,9856,2022-06-17 19:56:00,PTGX
7.875,7.875,7.84,7.845,13572,2022-06-17 19:57:00,PTGX
7.845,7.88,7.84,7.875,28309,2022-06-17 19:58:00,PTGX
7.88,7.92,7.87,7.87,104411,2022-06-17 19:59:00,PTGX
7.86,7.86,7.86,7.86,2932099,2022-06-17 20:00:00,PTGX
7.86,7.86,7.86,7.86,63172,2022-06-17 20:01:00,PTGX
7.99,8.19,7.99,8.19,9873,2022-06-21 13:30:00,PTGX
8.1,8.13,8.06,8.13,700,2022-06-21 13:32:00,PTGX
8.19,8.25,8.18,8.25,1196,2022-06-21 13:33:00,PTGX
8.21,8.23,8.2,8.23,2437,2022-06-21 13:34:00,PTGX
8.2,8.22,8.2,8.22,7339,2022-06-21 13:35:00,PTGX
8.2,8.2,8.19,8.19,3460,2022-06-21 13:36:00,PTGX
8.14,8.14,8.12,8.12,200,2022-06-21 13:37:00,PTGX
8.14,8.22,8.14,8.19,4785,2022-06-21 13:38:00,PTGX
8.16,8.16,8.15,8.15,800,2022-06-21 13:39:00,PTGX
8.15,8.24,8.15,8.225,1405,2022-06-21 13:40:00,PTGX
8.24,8.24,8.2,8.2,4830,2022-06-21 13:41:00,PTGX
8.2,8.23,8.2,8.23,1900,2022-06-21 13:42:00,PTGX
8.24,8.291,8.24,8.29,1900,2022-06-21 13:43:00,PTGX
8.2801,8.2912,8.22,8.28,5419,2022-06-21 13:44:00,PTGX
8.265,8.3,8.24,8.25,11809,2022-06-21 13:45:00,PTGX
8.25,8.26,8.22,8.22,2877,2022-06-21 13:46:00,PTGX
8.21,8.26,8.175,8.245,5800,2022-06-21 13:47:00,PTGX
8.2431,8.275,8.23,8.24,3902,2022-06-21 13:48:00,PTGX
8.23,8.24,8.2,8.24,929,2022-06-21 13:49:00,PTGX
8.25,8.27,8.25,8.27,500,2022-06-21 13:50:00,PTGX
8.27,8.3,8.25,8.255,2892,2022-06-21 13:51:00,PTGX
8.26,8.315,8.26,8.3001,4303,2022-06-21 13:52:00,PTGX
8.32,8.32,8.285,8.285,620,2022-06-21 13:53:00,PTGX
8.315,8.315,8.3,8.31,4987,2022-06-21 13:55:00,PTGX
8.31,8.33,8.31,8.32,1323,2022-06-21 13:56:00,PTGX
8.31,8.32,8.31,8.32,300,2022-06-21 13:57:00,PTGX
8.3,8.31,8.3,8.3,2233,2022-06-21 13:58:00,PTGX
8.31,8.31,8.305,8.31,400,2022-06-21 13:59:00,PTGX
8.3,8.34,8.3,8.34,984,2022-06-21 14:00:00,PTGX
8.325,8.325,8.29,8.3,4554,2022-06-21 14:01:00,PTGX
8.28,8.2899,8.26,8.2899,900,2022-06-21 14:02:00,PTGX
8.29,8.31,8.28,8.28,1369,2022-06-21 14:03:00,PTGX
8.27,8.28,8.25,8.27,10227,2022-06-21 14:04:00,PTGX
8.2599,8.265,8.25,8.25,4187,2022-06-21 14:05:00,PTGX
8.255,8.255,8.21,8.22,1706,2022-06-21 14:06:00,PTGX
8.21,8.3,8.19,8.3,6182,2022-06-21 14:07:00,PTGX
8.2999,8.2999,8.25,8.27,5520,2022-06-21 14:08:00,PTGX
8.26,8.26,8.25,8.255,580,2022-06-21 14:10:00,PTGX
8.27,8.27,8.27,8.27,100,2022-06-21 14:11:00,PTGX
8.275,8.29,8.275,8.29,1300,2022-06-21 14:12:00,PTGX
8.28,8.28,8.28,8.28,669,2022-06-21 14:13:00,PTGX
8.28,8.29,8.28,8.285,1702,2022-06-21 14:14:00,PTGX
8.27,8.27,8.27,8.27,1801,2022-06-21 14:16:00,PTGX
8.27,8.3214,8.27,8.3117,1727,2022-06-21 14:17:00,PTGX
8.33,8.33,8.32,8.33,883,2022-06-21 14:19:00,PTGX
8.3205,8.33,8.315,8.315,2210,2022-06-21 14:20:00,PTGX
8.315,8.315,8.315,8.315,100,2022-06-21 14:21:00,PTGX
8.31,8.325,8.31,8.31,1792,2022-06-21 14:23:00,PTGX
8.32,8.32,8.315,8.315,200,2022-06-21 14:24:00,PTGX
8.315,8.315,8.315,8.315,299,2022-06-21 14:25:00,PTGX
8.33,8.33,8.31,8.31,709,2022-06-21 14:26:00,PTGX
8.3,8.3,8.3,8.3,670,2022-06-21 14:27:00,PTGX
8.3,8.3,8.3,8.3,169,2022-06-21 14:28:00,PTGX
8.3,8.31,8.29,8.3,3545,2022-06-21 14:29:00,PTGX
8.31,8.32,8.31,8.32,1384,2022-06-21 14:30:00,PTGX
8.32,8.33,8.315,8.315,1994,2022-06-21 14:31:00,PTGX
8.32,8.33,8.32,8.33,600,2022-06-21 14:32:00,PTGX
8.33,8.33,8.33,8.33,200,2022-06-21 14:33:00,PTGX
8.32,8.32,8.29,8.295,1935,2022-06-21 14:34:00,PTGX
8.3,8.3,8.3,8.3,100,2022-06-21 14:35:00,PTGX
8.31,8.33,8.31,8.32,1670,2022-06-21 14:36:00,PTGX
8.32,8.335,8.32,8.335,400,2022-06-21 14:37:00,PTGX
8.375,8.375,8.375,8.375,100,2022-06-21 14:38:00,PTGX
8.38,8.4,8.38,8.395,600,2022-06-21 14:39:00,PTGX
8.395,8.395,8.37,8.38,2652,2022-06-21 14:40:00,PTGX
8.36,8.38,8.35,8.38,1627,2022-06-21 14:41:00,PTGX
8.36,8.36,8.36,8.36,300,2022-06-21 14:43:00,PTGX
8.35,8.36,8.35,8.36,200,2022-06-21 14:44:00,PTGX
8.37,8.38,8.37,8.37,900,2022-06-21 14:46:00,PTGX
8.38,8.389,8.38,8.389,200,2022-06-21 14:47:00,PTGX
8.39,8.4,8.3849,8.4,500,2022-06-21 14:48:00,PTGX
8.395,8.395,8.395,8.395,100,2022-06-21 14:49:00,PTGX
8.395,8.41,8.355,8.355,6130,2022-06-21 14:50:00,PTGX
8.3641,8.3641,8.34,8.34,300,2022-06-21 14:51:00,PTGX
8.355,8.37,8.34,8.355,502,2022-06-21 14:52:00,PTGX
8.355,8.364,8.355,8.355,547,2022-06-21 14:53:00,PTGX
8.34,8.35,8.335,8.34,3151,2022-06-21 14:54:00,PTGX
8.34,8.34,8.34,8.34,100,2022-06-21 14:55:00,PTGX
8.34,8.34,8.31,8.31,2562,2022-06-21 14:56:00,PTGX
8.31,8.3132,8.3,8.3,300,2022-06-21 14:57:00,PTGX
8.29,8.31,8.29,8.31,726,2022-06-21 14:58:00,PTGX
8.32,8.34,8.32,8.34,900,2022-06-21 14:59:00,PTGX
8.34,8.35,8.33,8.33,1483,2022-06-21 15:00:00,PTGX
8.35,8.36,8.35,8.35,1251,2022-06-21 15:02:00,PTGX
8.36,8.36,8.34,8.34,963,2022-06-21 15:03:00,PTGX
8.3471,8.3471,8.3471,8.3471,700,2022-06-21 15:04:00,PTGX
8.34,8.3613,8.34,8.3404,1400,2022-06-21 15:05:00,PTGX
8.355,8.355,8.355,8.355,298,2022-06-21 15:08:00,PTGX
8.35,8.35,8.35,8.35,300,2022-06-21 15:09:00,PTGX
8.34,8.34,8.34,8.34,100,2022-06-21 15:10:00,PTGX
8.33,8.35,8.33,8.35,2079,2022-06-21 15:15:00,PTGX
8.36,8.36,8.355,8.355,900,2022-06-21 15:16:00,PTGX
8.37,8.37,8.36,8.36,598,2022-06-21 15:17:00,PTGX
8.36,8.38,8.36,8.37,2888,2022-06-21 15:18:00,PTGX
8.37,8.375,8.36,8.37,7863,2022-06-21 15:19:00,PTGX
8.35,8.37,8.35,8.35,2200,2022-06-21 15:20:00,PTGX
8.33,8.33,8.33,8.33,100,2022-06-21 15:22:00,PTGX
8.325,8.325,8.31,8.31,700,2022-06-21 15:23:00,PTGX
8.3103,8.32,8.31,8.31,2417,2022-06-21 15:24:00,PTGX
8.32,8.33,8.32,8.3213,943,2022-06-21 15:25:00,PTGX
8.33,8.33,8.33,8.33,300,2022-06-21 15:26:00,PTGX
8.33,8.33,8.33,8.33,864,2022-06-21 15:27:00,PTGX
8.33,8.33,8.33,8.33,293,2022-06-21 15:28:00,PTGX
8.33,8.33,8.33,8.33,461,2022-06-21 15:29:00,PTGX
8.34,8.34,8.33,8.34,2508,2022-06-21 15:31:00,PTGX
8.34,8.34,8.32,8.32,500,2022-06-21 15:32:00,PTGX
8.34,8.34,8.335,8.335,1400,2022-06-21 15:33:00,PTGX
8.33,8.34,8.33,8.34,1404,2022-06-21 15:34:00,PTGX
8.345,8.345,8.345,8.345,100,2022-06-21 15:35:00,PTGX
8.345,8.345,8.345,8.345,100,2022-06-21 15:36:00,PTGX
8.33,8.35,8.33,8.35,1000,2022-06-21 15:37:00,PTGX
8.35,8.35,8.35,8.35,737,2022-06-21 15:38:00,PTGX
8.34,8.34,8.34,8.34,400,2022-06-21 15:39:00,PTGX
8.34,8.35,8.34,8.35,2493,2022-06-21 15:40:00,PTGX
8.348,8.365,8.348,8.365,1064,2022-06-21 15:41:00,PTGX
8.3501,8.43,8.3501,8.415,3680,2022-06-21 15:42:00,PTGX
8.42,8.42,8.39,8.4,1508,2022-06-21 15:44:00,PTGX
8.415,8.45,8.4,8.45,3207,2022-06-21 15:46:00,PTGX
8.45,8.45,8.41,8.415,1000,2022-06-21 15:48:00,PTGX
8.415,8.415,8.415,8.415,100,2022-06-21 15:49:00,PTGX
8.415,8.415,8.415,8.415,100,2022-06-21 15:50:00,PTGX
8.4,8.405,8.4,8.405,900,2022-06-21 15:51:00,PTGX
8.39,8.405,8.39,8.4041,428,2022-06-21 15:52:00,PTGX
8.405,8.405,8.37,8.385,1390,2022-06-21 15:53:00,PTGX
8.37,8.4,8.37,8.4,200,2022-06-21 15:54:00,PTGX
8.4,8.41,8.39,8.39,2191,2022-06-21 15:56:00,PTGX
8.41,8.41,8.39,8.39,1500,2022-06-21 15:57:00,PTGX
8.37,8.39,8.37,8.39,700,2022-06-21 15:58:00,PTGX
8.4,8.4,8.398,8.398,200,2022-06-21 15:59:00,PTGX
8.38,8.38,8.36,8.37,3579,2022-06-21 16:00:00,PTGX
8.39,8.39,8.39,8.39,400,2022-06-21 16:01:00,PTGX
8.4,8.4,8.4,8.4,400,2022-06-21 16:02:00,PTGX
8.38,8.38,8.38,8.38,493,2022-06-21 16:03:00,PTGX
8.4,8.4,8.4,8.4,100,2022-06-21 16:04:00,PTGX
8.37,8.37,8.37,8.37,200,2022-06-21 16:05:00,PTGX
8.4,8.41,8.38,8.385,3553,2022-06-21 16:06:00,PTGX
8.38,8.38,8.38,8.38,100,2022-06-21 16:07:00,PTGX
8.36,8.37,8.35,8.37,2500,2022-06-21 16:09:00,PTGX
8.37,8.38,8.37,8.38,300,2022-06-21 16:10:00,PTGX
8.36,8.39,8.36,8.37,1489,2022-06-21 16:11:00,PTGX
8.37,8.4,8.36,8.39,1161,2022-06-21 16:12:00,PTGX
8.38,8.38,8.38,8.38,400,2022-06-21 16:13:00,PTGX
8.41,8.41,8.41,8.41,934,2022-06-21 16:14:00,PTGX
8.41,8.41,8.41,8.41,200,2022-06-21 16:15:00,PTGX
8.41,8.41,8.41,8.41,100,2022-06-21 16:16:00,PTGX
8.4,8.41,8.39,8.4,1789,2022-06-21 16:17:00,PTGX
8.39,8.42,8.39,8.42,1300,2022-06-21 16:19:00,PTGX
8.4,8.41,8.4,8.4,465,2022-06-21 16:20:00,PTGX
8.42,8.42,8.42,8.42,100,2022-06-21 16:21:00,PTGX
8.4,8.43,8.4,8.41,3915,2022-06-21 16:24:00,PTGX
8.42,8.42,8.42,8.42,100,2022-06-21 16:25:00,PTGX
8.4,8.41,8.39,8.41,1500,2022-06-21 16:26:00,PTGX
8.42,8.45,8.41,8.45,2687,2022-06-21 16:27:00,PTGX
8.43,8.43,8.43,8.43,712,2022-06-21 16:29:00,PTGX
8.43,8.43,8.43,8.43,304,2022-06-21 16:30:00,PTGX
8.43,8.435,8.41,8.41,1308,2022-06-21 16:31:00,PTGX
8.41,8.43,8.41,8.415,964,2022-06-21 16:32:00,PTGX
8.42,8.42,8.42,8.42,200,2022-06-21 16:33:00,PTGX
8.43,8.44,8.42,8.42,1200,2022-06-21 16:35:00,PTGX
8.41,8.41,8.39,8.39,2158,2022-06-21 16:36:00,PTGX
8.39,8.4,8.39,8.39,1212,2022-06-21 16:37:00,PTGX
8.39,8.39,8.38,8.38,2832,2022-06-21 16:40:00,PTGX
8.38,8.38,8.38,8.38,300,2022-06-21 16:41:00,PTGX
8.385,8.385,8.385,8.385,100,2022-06-21 16:42:00,PTGX
8.385,8.385,8.38,8.38,200,2022-06-21 16:43:00,PTGX
8.385,8.385,8.385,8.385,100,2022-06-21 16:44:00,PTGX
8.38,8.38,8.38,8.38,400,2022-06-21 16:45:00,PTGX
8.385,8.385,8.37,8.37,2039,2022-06-21 16:46:00,PTGX
8.37,8.37,8.36,8.36,300,2022-06-21 16:47:00,PTGX
8.37,8.38,8.37,8.38,1051,2022-06-21 16:49:00,PTGX
8.38,8.38,8.375,8.375,200,2022-06-21 16:50:00,PTGX
8.385,8.385,8.385,8.385,200,2022-06-21 16:51:00,PTGX
8.385,8.385,8.385,8.385,395,2022-06-21 16:52:00,PTGX
8.38,8.38,8.38,8.38,300,2022-06-21 16:53:00,PTGX
8.3702,8.3702,8.365,8.37,1049,2022-06-21 16:54:00,PTGX
8.38,8.41,8.38,8.4,1500,2022-06-21 16:55:00,PTGX
8.4,8.41,8.4,8.41,300,2022-06-21 16:56:00,PTGX
8.41,8.41,8.41,8.41,200,2022-06-21 16:58:00,PTGX
8.42,8.42,8.4,8.41,1515,2022-06-21 16:59:00,PTGX
8.405,8.405,8.405,8.405,100,2022-06-21 17:00:00,PTGX
8.42,8.42,8.42,8.42,896,2022-06-21 17:01:00,PTGX
8.415,8.43,8.415,8.43,500,2022-06-21 17:02:00,PTGX
8.43,8.44,8.42,8.42,1268,2022-06-21 17:03:00,PTGX
8.43,8.43,8.43,8.43,200,2022-06-21 17:04:00,PTGX
8.42,8.42,8.42,8.42,600,2022-06-21 17:05:00,PTGX
8.415,8.42,8.415,8.42,600,2022-06-21 17:06:00,PTGX
8.42,8.42,8.42,8.42,100,2022-06-21 17:07:00,PTGX
8.41,8.41,8.39,8.4,3593,2022-06-21 17:08:00,PTGX
8.395,8.4,8.395,8.4,900,2022-06-21 17:09:00,PTGX
8.4,8.43,8.4,8.43,1629,2022-06-21 17:10:00,PTGX
8.42,8.42,8.42,8.42,100,2022-06-21 17:12:00,PTGX
8.42,8.46,8.42,8.455,2128,2022-06-21 17:13:00,PTGX
8.46,8.46,8.455,8.46,963,2022-06-21 17:14:00,PTGX
8.45,8.46,8.44,8.44,1200,2022-06-21 17:15:00,PTGX
8.44,8.44,8.44,8.44,1353,2022-06-21 17:16:00,PTGX
8.44,8.45,8.44,8.445,1078,2022-06-21 17:17:00,PTGX
8.44,8.44,8.44,8.44,287,2022-06-21 17:18:00,PTGX
8.43,8.44,8.43,8.44,1180,2022-06-21 17:19:00,PTGX
8.44,8.44,8.43,8.43,3200,2022-06-21 17:22:00,PTGX
8.44,8.45,8.43,8.44,1200,2022-06-21 17:23:00,PTGX
8.45,8.46,8.45,8.45,2610,2022-06-21 17:24:00,PTGX
8.455,8.46,8.455,8.46,200,2022-06-21 17:25:00,PTGX
8.4682,8.4682,8.4682,8.4682,306,2022-06-21 17:26:00,PTGX
8.47,8.47,8.468,8.47,300,2022-06-21 17:27:00,PTGX
8.47,8.51,8.47,8.51,2300,2022-06-21 17:28:00,PTGX
8.495,8.495,8.495,8.495,100,2022-06-21 17:29:00,PTGX
8.51,8.51,8.51,8.51,200,2022-06-21 17:30:00,PTGX
8.51,8.52,8.51,8.52,956,2022-06-21 17:32:00,PTGX
8.51,8.51,8.48,8.5,2054,2022-06-21 17:33:00,PTGX
8.5,8.5,8.5,8.5,1800,2022-06-21 17:34:00,PTGX
8.5,8.51,8.5,8.51,900,2022-06-21 17:35:00,PTGX
8.51,8.52,8.51,8.52,300,2022-06-21 17:36:00,PTGX
8.5106,8.52,8.51,8.51,336,2022-06-21 17:37:00,PTGX
8.5,8.51,8.49,8.51,2589,2022-06-21 17:38:00,PTGX
8.5,8.5,8.5,8.5,100,2022-06-21 17:39:00,PTGX
8.48,8.5,8.48,8.5,3032,2022-06-21 17:40:00,PTGX
8.51,8.51,8.49,8.51,1307,2022-06-21 17:41:00,PTGX
8.49,8.5,8.48,8.5,1367,2022-06-21 17:43:00,PTGX
8.49,8.49,8.49,8.49,435,2022-06-21 17:44:00,PTGX
8.5,8.5,8.49,8.49,1303,2022-06-21 17:45:00,PTGX
8.5,8.5,8.49,8.49,1800,2022-06-21 17:46:00,PTGX
8.5,8.5,8.5,8.5,100,2022-06-21 17:47:00,PTGX
8.5,8.51,8.5,8.51,1991,2022-06-21 17:48:00,PTGX
8.5,8.51,8.49,8.51,2651,2022-06-21 17:49:00,PTGX
8.52,8.52,8.52,8.52,614,2022-06-21 17:50:00,PTGX
8.5,8.51,8.5,8.51,300,2022-06-21 17:51:00,PTGX
8.51,8.52,8.5,8.51,1300,2022-06-21 17:52:00,PTGX
8.52,8.52,8.51,8.51,1300,2022-06-21 17:53:00,PTGX
8.53,8.53,8.53,8.53,100,2022-06-21 17:54:00,PTGX
8.52,8.52,8.51,8.51,400,2022-06-21 17:55:00,PTGX
8.51,8.51,8.51,8.51,100,2022-06-21 17:56:00,PTGX
8.51,8.51,8.5,8.5,2578,2022-06-21 17:57:00,PTGX
8.51,8.51,8.51,8.51,100,2022-06-21 17:58:00,PTGX
8.49,8.49,8.48,8.48,2119,2022-06-21 17:59:00,PTGX
8.47,8.47,8.465,8.47,364,2022-06-21 18:00:00,PTGX
8.45,8.45,8.43,8.43,1252,2022-06-21 18:01:00,PTGX
8.44,8.44,8.43,8.43,3821,2022-06-21 18:02:00,PTGX
8.4196,8.43,8.41,8.41,5271,2022-06-21 18:03:00,PTGX
8.4,8.4,8.39,8.39,400,2022-06-21 18:04:00,PTGX
8.38,8.4,8.38,8.4,4295,2022-06-21 18:06:00,PTGX
8.38,8.39,8.38,8.39,200,2022-06-21 18:07:00,PTGX
8.39,8.39,8.39,8.39,100,2022-06-21 18:10:00,PTGX
8.38,8.38,8.38,8.38,1084,2022-06-21 18:11:00,PTGX
8.37,8.37,8.37,8.37,200,2022-06-21 18:12:00,PTGX
8.36,8.37,8.36,8.37,300,2022-06-21 18:13:00,PTGX
8.37,8.37,8.36,8.37,2749,2022-06-21 18:15:00,PTGX
8.37,8.38,8.37,8.38,1766,2022-06-21 18:16:00,PTGX
8.37,8.37,8.37,8.37,987,2022-06-21 18:18:00,PTGX
8.38,8.39,8.38,8.38,3400,2022-06-21 18:21:00,PTGX
8.39,8.39,8.39,8.39,100,2022-06-21 18:22:00,PTGX
8.39,8.42,8.39,8.4,2085,2022-06-21 18:23:00,PTGX
8.4,8.4,8.39,8.39,200,2022-06-21 18:24:00,PTGX
8.39,8.41,8.39,8.4,800,2022-06-21 18:26:00,PTGX
8.41,8.41,8.405,8.405,400,2022-06-21 18:27:00,PTGX
8.41,8.41,8.4,8.4,363,2022-06-21 18:28:00,PTGX
8.41,8.42,8.39,8.39,1000,2022-06-21 18:29:00,PTGX
8.42,8.42,8.4,8.42,700,2022-06-21 18:30:00,PTGX
8.4,8.4,8.3913,8.3913,408,2022-06-21 18:31:00,PTGX
8.4,8.41,8.4,8.41,800,2022-06-21 18:33:00,PTGX
8.41,8.42,8.41,8.42,1357,2022-06-21 18:34:00,PTGX
8.42,8.45,8.42,8.43,1616,2022-06-21 18:35:00,PTGX
8.45,8.45,8.43,8.43,1101,2022-06-21 18:36:00,PTGX
8.44,8.44,8.44,8.44,100,2022-06-21 18:37:00,PTGX
8.44,8.44,8.42,8.42,600,2022-06-21 18:38:00,PTGX
8.41,8.42,8.41,8.42,356,2022-06-21 18:39:00,PTGX
8.4,8.4,8.38,8.38,800,2022-06-21 18:41:00,PTGX
8.39,8.41,8.39,8.4,1876,2022-06-21 18:42:00,PTGX
8.4,8.41,8.39,8.39,500,2022-06-21 18:44:00,PTGX
8.4,8.4,8.38,8.38,800,2022-06-21 18:45:00,PTGX
8.36,8.3781,8.36,8.37,1142,2022-06-21 18:46:00,PTGX
8.36,8.38,8.349,8.38,5875,2022-06-21 18:47:00,PTGX
8.37,8.37,8.36,8.36,422,2022-06-21 18:49:00,PTGX
8.37,8.37,8.35,8.35,1019,2022-06-21 18:50:00,PTGX
8.35,8.36,8.35,8.36,723,2022-06-21 18:51:00,PTGX
8.355,8.355,8.355,8.355,100,2022-06-21 18:52:00,PTGX
8.35,8.35,8.35,8.35,100,2022-06-21 18:53:00,PTGX
8.355,8.355,8.355,8.355,100,2022-06-21 18:54:00,PTGX
8.355,8.38,8.355,8.38,2893,2022-06-21 18:55:00,PTGX
8.37,8.37,8.37,8.37,1000,2022-06-21 18:57:00,PTGX
8.37,8.37,8.36,8.36,666,2022-06-21 18:58:00,PTGX
8.35,8.36,8.34,8.36,2071,2022-06-21 18:59:00,PTGX
8.36,8.36,8.36,8.36,100,2022-06-21 19:00:00,PTGX
8.35,8.37,8.35,8.365,1400,2022-06-21 19:01:00,PTGX
8.36,8.36,8.34,8.34,1594,2022-06-21 19:02:00,PTGX
8.35,8.35,8.34,8.35,1400,2022-06-21 19:03:00,PTGX
8.35,8.35,8.35,8.35,200,2022-06-21 19:04:00,PTGX
8.35,8.35,8.35,8.35,200,2022-06-21 19:05:00,PTGX
8.35,8.36,8.35,8.36,1599,2022-06-21 19:06:00,PTGX
8.37,8.39,8.36,8.37,2893,2022-06-21 19:07:00,PTGX
8.37,8.38,8.37,8.37,1033,2022-06-21 19:08:00,PTGX
8.365,8.365,8.365,8.365,100,2022-06-21 19:09:00,PTGX
8.365,8.365,8.365,8.365,200,2022-06-21 19:10:00,PTGX
8.365,8.365,8.35,8.355,1009,2022-06-21 19:11:00,PTGX
8.35,8.36,8.35,8.36,1579,2022-06-21 19:12:00,PTGX
8.37,8.39,8.37,8.38,1110,2022-06-21 19:13:00,PTGX
8.37,8.38,8.36,8.36,2137,2022-06-21 19:14:00,PTGX
8.37,8.37,8.34,8.34,1103,2022-06-21 19:15:00,PTGX
8.34,8.355,8.34,8.355,720,2022-06-21 19:16:00,PTGX
8.34,8.34,8.33,8.33,700,2022-06-21 19:17:00,PTGX
8.34,8.35,8.34,8.35,1836,2022-06-21 19:18:00,PTGX
8.35,8.35,8.35,8.35,1152,2022-06-21 19:19:00,PTGX
8.36,8.36,8.35,8.3575,319,2022-06-21 19:20:00,PTGX
8.35,8.35,8.35,8.35,300,2022-06-21 19:21:00,PTGX
8.34,8.34,8.32,8.33,1608,2022-06-21 19:23:00,PTGX
8.32,8.32,8.32,8.32,500,2022-06-21 19:24:00,PTGX
8.315,8.33,8.315,8.33,2173,2022-06-21 19:25:00,PTGX
8.32,8.33,8.32,8.33,1250,2022-06-21 19:26:00,PTGX
8.34,8.34,8.32,8.32,1476,2022-06-21 19:27:00,PTGX
8.33,8.33,8.33,8.33,100,2022-06-21 19:28:00,PTGX
8.33,8.34,8.32,8.33,1294,2022-06-21 19:29:00,PTGX
8.34,8.34,8.31,8.31,864,2022-06-21 19:30:00,PTGX
8.32,8.32,8.3,8.31,2400,2022-06-21 19:31:00,PTGX
8.3,8.32,8.3,8.31,2655,2022-06-21 19:32:00,PTGX
8.31,8.31,8.31,8.31,505,2022-06-21 19:33:00,PTGX
8.31,8.31,8.3,8.3,1245,2022-06-21 19:34:00,PTGX
8.29,8.29,8.26,8.26,1284,2022-06-21 19:35:00,PTGX
8.265,8.28,8.2617,8.2617,3135,2022-06-21 19:36:00,PTGX
8.27,8.27,8.24,8.24,1700,2022-06-21 19:37:00,PTGX
8.25,8.25,8.24,8.24,600,2022-06-21 19:38:00,PTGX
8.23,8.24,8.22,8.235,4302,2022-06-21 19:39:00,PTGX
8.24,8.24,8.24,8.24,2175,2022-06-21 19:40:00,PTGX
8.23,8.24,8.23,8.24,400,2022-06-21 19:41:00,PTGX
8.23,8.255,8.23,8.24,2276,2022-06-21 19:42:00,PTGX
8.24,8.25,8.23,8.24,2000,2022-06-21 19:43:00,PTGX
8.23,8.24,8.22,8.23,1116,2022-06-21 19:44:00,PTGX
8.24,8.24,8.23,8.235,1469,2022-06-21 19:45:00,PTGX
8.24,8.24,8.225,8.23,1663,2022-06-21 19:46:00,PTGX
8.24,8.24,8.23,8.23,2187,2022-06-21 19:47:00,PTGX
8.22,8.22,8.22,8.22,1700,2022-06-21 19:48:00,PTGX
8.22,8.23,8.21,8.225,5095,2022-06-21 19:49:00,PTGX
8.23,8.3,8.23,8.27,2570,2022-06-21 19:50:00,PTGX
8.27,8.27,8.25,8.27,4036,2022-06-21 19:51:00,PTGX
8.25,8.25,8.23,8.235,4019,2022-06-21 19:52:00,PTGX
8.24,8.25,8.23,8.235,5755,2022-06-21 19:53:00,PTGX
8.235,8.235,8.22,8.225,3187,2022-06-21 19:54:00,PTGX
8.22,8.235,8.21,8.22,5970,2022-06-21 19:55:00,PTGX
8.22,8.22,8.185,8.185,10293,2022-06-21 19:56:00,PTGX
8.18,8.19,8.17,8.18,13706,2022-06-21 19:57:00,PTGX
8.18,8.18,8.15,8.16,26588,2022-06-21 19:58:00,PTGX
8.165,8.19,8.15,8.18,38487,2022-06-21 19:59:00,PTGX
8.19,8.19,8.19,8.19,359035,2022-06-21 20:00:00,PTGX
8.19,8.19,8.19,8.19,3339,2022-06-21 20:01:00,PTGX
8.02,8.0799,8.02,8.0799,3461,2022-06-22 13:30:00,PTGX
8.0,8.235,7.92,8.235,2000,2022-06-22 13:31:00,PTGX
8.17,8.48,8.17,8.48,2668,2022-06-22 13:32:00,PTGX
8.4386,8.48,8.36,8.41,3395,2022-06-22 13:33:00,PTGX
8.37,8.37,8.2999,8.2999,1342,2022-06-22 13:34:00,PTGX
8.26,8.3,8.26,8.26,1052,2022-06-22 13:35:00,PTGX
8.22,8.22,8.19,8.21,1500,2022-06-22 13:37:00,PTGX
8.215,8.28,8.215,8.275,5500,2022-06-22 13:38:00,PTGX
8.275,8.275,8.21,8.22,3279,2022-06-22 13:39:00,PTGX
8.19,8.2,8.17,8.18,3705,2022-06-22 13:41:00,PTGX
8.19,8.22,8.19,8.22,2000,2022-06-22 13:42:00,PTGX
8.22,8.24,8.21,8.22,2509,2022-06-22 13:43:00,PTGX
8.23,8.27,8.22,8.24,3832,2022-06-22 13:44:00,PTGX
8.28,8.285,8.265,8.265,600,2022-06-22 13:45:00,PTGX
8.2887,8.2887,8.22,8.22,400,2022-06-22 13:46:00,PTGX
8.2353,8.24,8.2,8.23,1539,2022-06-22 13:47:00,PTGX
8.24,8.25,8.24,8.25,400,2022-06-22 13:48:00,PTGX
8.23,8.23,8.21,8.21,300,2022-06-22 13:49:00,PTGX
8.2,8.21,8.2,8.21,400,2022-06-22 13:50:00,PTGX
8.22,8.23,8.2,8.21,1236,2022-06-22 13:51:00,PTGX
8.205,8.22,8.205,8.21,1300,2022-06-22 13:53:00,PTGX
8.23,8.25,8.23,8.24,1000,2022-06-22 13:54:00,PTGX
8.24,8.27,8.24,8.25,2472,2022-06-22 13:55:00,PTGX
8.23,8.25,8.22,8.23,1287,2022-06-22 13:56:00,PTGX
8.238,8.28,8.2301,8.28,1700,2022-06-22 13:57:00,PTGX
8.3,8.31,8.29,8.31,900,2022-06-22 13:58:00,PTGX
8.29,8.3,8.28,8.295,2400,2022-06-22 13:59:00,PTGX
8.2849,8.2849,8.27,8.28,300,2022-06-22 14:00:00,PTGX
8.26,8.26,8.22,8.22,1263,2022-06-22 14:01:00,PTGX
8.24,8.25,8.24,8.25,1700,2022-06-22 14:02:00,PTGX
8.25,8.27,8.25,8.27,3058,2022-06-22 14:04:00,PTGX
8.285,8.3,8.285,8.3,513,2022-06-22 14:05:00,PTGX
8.34,8.34,8.32,8.32,2600,2022-06-22 14:07:00,PTGX
8.33,8.34,8.33,8.34,1083,2022-06-22 14:08:00,PTGX
8.345,8.36,8.345,8.36,500,2022-06-22 14:09:00,PTGX
8.37,8.37,8.37,8.37,300,2022-06-22 14:10:00,PTGX
8.37,8.39,8.37,8.37,1800,2022-06-22 14:11:00,PTGX
8.38,8.39,8.37,8.39,2108,2022-06-22 14:12:00,PTGX
8.38,8.38,8.37,8.37,981,2022-06-22 14:13:00,PTGX
8.37,8.39,8.37,8.39,737,2022-06-22 14:14:00,PTGX
8.395,8.4,8.38,8.4,1585,2022-06-22 14:16:00,PTGX
8.41,8.41,8.41,8.41,400,2022-06-22 14:17:00,PTGX
8.43,8.43,8.4,8.4,1300,2022-06-22 14:18:00,PTGX
8.39,8.39,8.38,8.39,310,2022-06-22 14:19:00,PTGX
8.38,8.4,8.38,8.4,2800,2022-06-22 14:20:00,PTGX
8.41,8.44,8.408,8.44,621,2022-06-22 14:21:00,PTGX
8.46,8.46,8.45,8.46,1732,2022-06-22 14:22:00,PTGX
8.47,8.49,8.47,8.49,400,2022-06-22 14:23:00,PTGX
8.49,8.49,8.49,8.49,100,2022-06-22 14:24:00,PTGX
8.5,8.5028,8.49,8.495,1783,2022-06-22 14:25:00,PTGX
8.51,8.51,8.51,8.51,275,2022-06-22 14:26:00,PTGX
8.5,8.5,8.48,8.49,1312,2022-06-22 14:27:00,PTGX
8.48,8.5,8.48,8.5,600,2022-06-22 14:28:00,PTGX
8.5,8.5,8.48,8.48,1659,2022-06-22 14:30:00,PTGX
8.49,8.49,8.47,8.47,3726,2022-06-22 14:31:00,PTGX
8.47,8.48,8.47,8.48,1100,2022-06-22 14:32:00,PTGX
8.48,8.48,8.48,8.48,300,2022-06-22 14:33:00,PTGX
8.48,8.51,8.48,8.51,1803,2022-06-22 14:34:00,PTGX
8.51,8.51,8.5,8.5,1220,2022-06-22 14:35:00,PTGX
8.51,8.54,8.51,8.54,1642,2022-06-22 14:36:00,PTGX
8.55,8.57,8.55,8.57,790,2022-06-22 14:37:00,PTGX
8.58,8.6,8.58,8.6,600,2022-06-22 14:38:00,PTGX
8.6,8.6,8.56,8.56,3500,2022-06-22 14:39:00,PTGX
8.55,8.58,8.55,8.57,2879,2022-06-22 14:40:00,PTGX
8.58,8.6,8.58,8.59,2100,2022-06-22 14:41:00,PTGX
8.59,8.59,8.56,8.56,2419,2022-06-22 14:42:00,PTGX
8.56,8.56,8.56,8.56,500,2022-06-22 14:43:00,PTGX
8.54,8.55,8.52,8.55,900,2022-06-22 14:44:00,PTGX
8.54,8.54,8.53,8.53,673,2022-06-22 14:45:00,PTGX
8.54,8.54,8.51,8.52,1524,2022-06-22 14:46:00,PTGX
8.51,8.51,8.5,8.5,1946,2022-06-22 14:47:00,PTGX
8.48,8.48,8.48,8.48,100,2022-06-22 14:48:00,PTGX
8.48,8.49,8.48,8.48,723,2022-06-22 14:49:00,PTGX
8.49,8.49,8.49,8.49,500,2022-06-22 14:50:00,PTGX
8.48,8.48,8.48,8.48,700,2022-06-22 14:51:00,PTGX
8.49,8.49,8.49,8.49,701,2022-06-22 14:52:00,PTGX
8.49,8.49,8.49,8.49,558,2022-06-22 14:53:00,PTGX
8.48,8.48,8.475,8.475,300,2022-06-22 14:54:00,PTGX
8.46,8.47,8.46,8.465,1430,2022-06-22 14:55:00,PTGX
8.47,8.48,8.45,8.45,1406,2022-06-22 14:56:00,PTGX
8.44,8.45,8.44,8.45,1597,2022-06-22 14:57:00,PTGX
8.45,8.46,8.45,8.46,1900,2022-06-22 14:58:00,PTGX
8.46,8.46,8.44,8.44,200,2022-06-22 14:59:00,PTGX
8.46,8.46,8.45,8.45,2400,2022-06-22 15:00:00,PTGX
8.44,8.44,8.43,8.43,300,2022-06-22 15:01:00,PTGX
8.4,8.4,8.38,8.38,1000,2022-06-22 15:02:00,PTGX
8.4,8.4,8.4,8.4,692,2022-06-22 15:03:00,PTGX
8.41,8.45,8.41,8.45,1701,2022-06-22 15:04:00,PTGX
8.46,8.46,8.45,8.45,1200,2022-06-22 15:05:00,PTGX
8.44,8.46,8.44,8.46,600,2022-06-22 15:06:00,PTGX
8.45,8.45,8.45,8.45,1100,2022-06-22 15:07:00,PTGX
8.46,8.46,8.45,8.45,1000,2022-06-22 15:08:00,PTGX
8.44,8.45,8.44,8.45,1336,2022-06-22 15:09:00,PTGX
8.46,8.47,8.46,8.47,500,2022-06-22 15:10:00,PTGX
8.47,8.47,8.46,8.46,1694,2022-06-22 15:11:00,PTGX
8.455,8.48,8.45,8.475,2142,2022-06-22 15:13:00,PTGX
8.475,8.48,8.475,8.48,300,2022-06-22 15:14:00,PTGX
8.48,8.49,8.48,8.49,600,2022-06-22 15:15:00,PTGX
8.5,8.5,8.49,8.49,953,2022-06-22 15:16:00,PTGX
8.49,8.5,8.49,8.5,500,2022-06-22 15:17:00,PTGX
8.51,8.52,8.51,8.52,837,2022-06-22 15:18:00,PTGX
8.53,8.56,8.53,8.55,1011,2022-06-22 15:19:00,PTGX
8.55,8.55,8.53,8.53,1265,2022-06-22 15:20:00,PTGX
8.52,8.52,8.51,8.51,1000,2022-06-22 15:21:00,PTGX
8.52,8.54,8.52,8.54,500,2022-06-22 15:22:00,PTGX
8.53,8.55,8.53,8.54,3398,2022-06-22 15:26:00,PTGX
8.54,8.54,8.54,8.54,200,2022-06-22 15:27:00,PTGX
8.53,8.53,8.53,8.53,425,2022-06-22 15:28:00,PTGX
8.53,8.53,8.53,8.53,700,2022-06-22 15:29:00,PTGX
8.52,8.52,8.52,8.52,200,2022-06-22 15:30:00,PTGX
8.53,8.54,8.53,8.54,1300,2022-06-22 15:31:00,PTGX
8.53,8.53,8.53,8.53,200,2022-06-22 15:32:00,PTGX
8.54,8.55,8.54,8.55,542,2022-06-22 15:33:00,PTGX
8.56,8.56,8.56,8.56,100,2022-06-22 15:34:00,PTGX
8.565,8.58,8.56,8.58,1354,2022-06-22 15:35:00,PTGX
8.58,8.58,8.57,8.57,1300,2022-06-22 15:36:00,PTGX
8.56,8.56,8.55,8.55,300,2022-06-22 15:37:00,PTGX
8.54,8.55,8.53,8.55,2457,2022-06-22 15:38:00,PTGX
8.55,8.55,8.54,8.54,500,2022-06-22 15:40:00,PTGX
8.5,8.5,8.49,8.49,640,2022-06-22 15:41:00,PTGX
8.46,8.47,8.45,8.47,2300,2022-06-22 15:43:00,PTGX
8.48,8.485,8.48,8.48,459,2022-06-22 15:44:00,PTGX
8.475,8.475,8.45,8.45,400,2022-06-22 15:45:00,PTGX
8.45,8.45,8.43,8.45,1290,2022-06-22 15:46:00,PTGX
8.45,8.45,8.45,8.45,100,2022-06-22 15:47:00,PTGX
8.44,8.46,8.44,8.46,2685,2022-06-22 15:48:00,PTGX
8.47,8.47,8.47,8.47,416,2022-06-22 15:49:00,PTGX
8.47,8.473,8.46,8.46,640,2022-06-22 15:50:00,PTGX
8.44,8.44,8.44,8.44,100,2022-06-22 15:51:00,PTGX
8.43,8.43,8.42,8.43,400,2022-06-22 15:52:00,PTGX
8.44,8.44,8.44,8.44,861,2022-06-22 15:55:00,PTGX
8.43,8.43,8.43,8.43,400,2022-06-22 15:56:00,PTGX
8.41,8.41,8.41,8.41,100,2022-06-22 15:57:00,PTGX
8.39,8.39,8.39,8.39,100,2022-06-22 15:58:00,PTGX
8.39,8.39,8.39,8.39,114,2022-06-22 15:59:00,PTGX
8.4,8.41,8.4,8.4,2204,2022-06-22 16:00:00,PTGX
8.4,8.42,8.4,8.42,1600,2022-06-22 16:01:00,PTGX
8.41,8.41,8.41,8.41,1000,2022-06-22 16:02:00,PTGX
8.41,8.41,8.4,8.405,1216,2022-06-22 16:03:00,PTGX
8.38,8.38,8.38,8.38,1097,2022-06-22 16:04:00,PTGX
8.38,8.38,8.38,8.38,400,2022-06-22 16:05:00,PTGX
8.38,8.38,8.37,8.37,900,2022-06-22 16:06:00,PTGX
8.375,8.375,8.375,8.375,100,2022-06-22 16:07:00,PTGX
8.38,8.38,8.38,8.38,1000,2022-06-22 16:10:00,PTGX
8.37,8.37,8.36,8.36,1003,2022-06-22 16:11:00,PTGX
8.33,8.33,8.32,8.32,700,2022-06-22 16:12:00,PTGX
8.32,8.32,8.32,8.32,1000,2022-06-22 16:13:00,PTGX
8.33,8.33,8.33,8.33,1195,2022-06-22 16:14:00,PTGX
8.34,8.34,8.34,8.34,100,2022-06-22 16:15:00,PTGX
8.34,8.35,8.34,8.34,3602,2022-06-22 16:17:00,PTGX
8.33,8.33,8.325,8.33,1009,2022-06-22 16:19:00,PTGX
8.34,8.345,8.34,8.345,465,2022-06-22 16:21:00,PTGX
8.35,8.36,8.35,8.36,474,2022-06-22 16:22:00,PTGX
8.38,8.38,8.37,8.37,616,2022-06-22 16:23:00,PTGX
8.36,8.38,8.36,8.36,2409,2022-06-22 16:25:00,PTGX
8.36,8.36,8.36,8.36,200,2022-06-22 16:26:00,PTGX
8.35,8.35,8.35,8.35,1204,2022-06-22 16:27:00,PTGX
8.36,8.37,8.36,8.37,700,2022-06-22 16:28:00,PTGX
8.37,8.39,8.37,8.39,1401,2022-06-22 16:29:00,PTGX
8.395,8.395,8.395,8.395,214,2022-06-22 16:30:00,PTGX
8.4,8.4,8.4,8.4,516,2022-06-22 16:32:00,PTGX
8.39,8.415,8.39,8.415,2518,2022-06-22 16:33:00,PTGX
8.42,8.42,8.42,8.42,1018,2022-06-22 16:34:00,PTGX
8.42,8.44,8.42,8.43,1915,2022-06-22 16:36:00,PTGX
8.44,8.44,8.43,8.43,700,2022-06-22 16:38:00,PTGX
8.42,8.42,8.41,8.41,701,2022-06-22 16:39:00,PTGX
8.41,8.41,8.41,8.41,500,2022-06-22 16:40:00,PTGX
8.42,8.42,8.42,8.42,100,2022-06-22 16:41:00,PTGX
8.42,8.42,8.42,8.42,400,2022-06-22 16:43:00,PTGX
8.42,8.43,8.42,8.43,900,2022-06-22 16:44:00,PTGX
8.42,8.425,8.42,8.42,600,2022-06-22 16:45:00,PTGX
8.42,8.42,8.42,8.42,500,2022-06-22 16:46:00,PTGX
8.43,8.45,8.43,8.45,1329,2022-06-22 16:47:00,PTGX
8.46,8.46,8.45,8.45,400,2022-06-22 16:48:00,PTGX
8.46,8.465,8.46,8.46,2168,2022-06-22 16:50:00,PTGX
8.46,8.475,8.46,8.475,1300,2022-06-22 16:51:00,PTGX
8.48,8.48,8.48,8.48,300,2022-06-22 16:52:00,PTGX
8.48,8.48,8.48,8.48,100,2022-06-22 16:54:00,PTGX
8.47,8.47,8.47,8.47,910,2022-06-22 16:55:00,PTGX
8.47,8.47,8.47,8.47,300,2022-06-22 16:56:00,PTGX
8.47,8.47,8.47,8.47,786,2022-06-22 16:59:00,PTGX
8.46,8.47,8.46,8.47,5534,2022-06-22 17:00:00,PTGX
8.47,8.48,8.47,8.48,1844,2022-06-22 17:01:00,PTGX
8.485,8.485,8.44,8.44,1033,2022-06-22 17:02:00,PTGX
8.45,8.45,8.45,8.45,563,2022-06-22 17:05:00,PTGX
8.46,8.46,8.46,8.46,300,2022-06-22 17:06:00,PTGX
8.46,8.46,8.45,8.45,661,2022-06-22 17:07:00,PTGX
8.45,8.46,8.45,8.46,1859,2022-06-22 17:10:00,PTGX
8.45,8.45,8.44,8.44,700,2022-06-22 17:13:00,PTGX
8.45,8.455,8.45,8.455,1147,2022-06-22 17:14:00,PTGX
8.46,8.46,8.45,8.455,500,2022-06-22 17:15:00,PTGX
8.46,8.47,8.46,8.47,1001,2022-06-22 17:16:00,PTGX
8.48,8.48,8.48,8.48,525,2022-06-22 17:17:00,PTGX
8.485,8.49,8.485,8.49,200,2022-06-22 17:18:00,PTGX
8.485,8.485,8.47,8.47,4132,2022-06-22 17:19:00,PTGX
8.465,8.465,8.465,8.465,100,2022-06-22 17:20:00,PTGX
8.46,8.46,8.45,8.46,2900,2022-06-22 17:21:00,PTGX
8.45,8.45,8.44,8.44,600,2022-06-22 17:22:00,PTGX
8.435,8.45,8.435,8.45,1543,2022-06-22 17:24:00,PTGX
8.44,8.44,8.44,8.44,200,2022-06-22 17:25:00,PTGX
8.45,8.45,8.45,8.45,300,2022-06-22 17:26:00,PTGX
8.44,8.44,8.44,8.44,700,2022-06-22 17:27:00,PTGX
8.44,8.44,8.42,8.43,2106,2022-06-22 17:28:00,PTGX
8.43,8.43,8.43,8.43,100,2022-06-22 17:29:00,PTGX
8.43,8.435,8.425,8.425,1356,2022-06-22 17:31:00,PTGX
8.425,8.425,8.425,8.425,300,2022-06-22 17:33:00,PTGX
8.425,8.43,8.425,8.43,500,2022-06-22 17:34:00,PTGX
8.41,8.41,8.405,8.405,200,2022-06-22 17:35:00,PTGX
8.41,8.41,8.41,8.41,1346,2022-06-22 17:36:00,PTGX
8.42,8.425,8.42,8.425,965,2022-06-22 17:37:00,PTGX
8.43,8.43,8.42,8.42,800,2022-06-22 17:38:00,PTGX
8.42,8.42,8.4,8.4,2962,2022-06-22 17:41:00,PTGX
8.39,8.39,8.39,8.39,200,2022-06-22 17:44:00,PTGX
8.385,8.395,8.385,8.39,1600,2022-06-22 17:45:00,PTGX
8.4,8.4,8.4,8.4,739,2022-06-22 17:46:00,PTGX
8.4,8.4,8.4,8.4,986,2022-06-22 17:47:00,PTGX
8.4,8.41,8.4,8.41,1300,2022-06-22 17:48:00,PTGX
8.41,8.415,8.405,8.405,898,2022-06-22 17:49:00,PTGX
8.41,8.41,8.41,8.41,582,2022-06-22 17:50:00,PTGX
8.4,8.4,8.4,8.4,581,2022-06-22 17:51:00,PTGX
8.4,8.415,8.4,8.41,2343,2022-06-22 17:52:00,PTGX
8.405,8.405,8.39,8.39,400,2022-06-22 17:53:00,PTGX
8.38,8.385,8.38,8.385,694,2022-06-22 17:54:00,PTGX
8.39,8.39,8.39,8.39,600,2022-06-22 17:55:00,PTGX
8.385,8.385,8.385,8.385,1201,2022-06-22 17:56:00,PTGX
8.38,8.38,8.38,8.38,882,2022-06-22 17:57:00,PTGX
8.38,8.385,8.38,8.385,2284,2022-06-22 17:58:00,PTGX
8.39,8.39,8.385,8.385,1000,2022-06-22 18:00:00,PTGX
8.385,8.39,8.385,8.385,800,2022-06-22 18:01:00,PTGX
8.385,8.4,8.385,8.4,1000,2022-06-22 18:02:00,PTGX
8.395,8.395,8.395,8.395,798,2022-06-22 18:03:00,PTGX
8.395,8.4,8.39,8.39,2880,2022-06-22 18:04:00,PTGX
8.38,8.39,8.38,8.385,2176,2022-06-22 18:05:00,PTGX
8.39,8.41,8.39,8.405,2200,2022-06-22 18:06:00,PTGX
8.41,8.41,8.41,8.41,1038,2022-06-22 18:07:00,PTGX
8.42,8.425,8.42,8.425,700,2022-06-22 18:08:00,PTGX
8.425,8.425,8.425,8.425,100,2022-06-22 18:09:00,PTGX
8.42,8.42,8.405,8.405,1200,2022-06-22 18:10:00,PTGX
8.4,8.4,8.385,8.385,1401,2022-06-22 18:11:00,PTGX
8.39,8.395,8.385,8.395,6364,2022-06-22 18:12:00,PTGX
8.395,8.395,8.395,8.395,999,2022-06-22 18:13:00,PTGX
8.4,8.415,8.4,8.415,3057,2022-06-22 18:14:00,PTGX
8.415,8.42,8.415,8.42,1400,2022-06-22 18:15:00,PTGX
8.415,8.415,8.415,8.415,398,2022-06-22 18:16:00,PTGX
8.41,8.415,8.405,8.405,1883,2022-06-22 18:17:00,PTGX
8.41,8.415,8.405,8.415,2800,2022-06-22 18:19:00,PTGX
8.42,8.42,8.42,8.42,100,2022-06-22 18:20:00,PTGX
8.42,8.42,8.39,8.39,2035,2022-06-22 18:21:00,PTGX
8.39,8.39,8.39,8.39,100,2022-06-22 18:22:00,PTGX
8.39,8.39,8.38,8.39,2270,2022-06-22 18:23:00,PTGX
8.38,8.38,8.37,8.37,200,2022-06-22 18:24:00,PTGX
8.375,8.39,8.37,8.38,2363,2022-06-22 18:25:00,PTGX
8.38,8.38,8.36,8.36,841,2022-06-22 18:26:00,PTGX
8.36,8.36,8.36,8.36,1596,2022-06-22 18:27:00,PTGX
8.355,8.36,8.355,8.36,1100,2022-06-22 18:28:00,PTGX
8.355,8.355,8.355,8.355,300,2022-06-22 18:30:00,PTGX
8.355,8.355,8.35,8.35,500,2022-06-22 18:31:00,PTGX
8.345,8.355,8.345,8.355,1260,2022-06-22 18:32:00,PTGX
8.35,8.35,8.35,8.35,778,2022-06-22 18:33:00,PTGX
8.35,8.37,8.35,8.37,2410,2022-06-22 18:35:00,PTGX
8.375,8.38,8.375,8.375,600,2022-06-22 18:36:00,PTGX
8.37,8.37,8.365,8.37,1105,2022-06-22 18:37:00,PTGX
8.37,8.37,8.37,8.37,100,2022-06-22 18:38:00,PTGX
8.37,8.37,8.355,8.355,913,2022-06-22 18:39:00,PTGX
8.35,8.35,8.35,8.35,100,2022-06-22 18:41:00,PTGX
8.355,8.355,8.345,8.345,1265,2022-06-22 18:42:00,PTGX
8.345,8.35,8.345,8.35,200,2022-06-22 18:43:00,PTGX
8.34,8.345,8.33,8.335,1700,2022-06-22 18:45:00,PTGX
8.34,8.34,8.34,8.34,800,2022-06-22 18:46:00,PTGX
8.33,8.33,8.32,8.32,300,2022-06-22 18:47:00,PTGX
8.32,8.32,8.32,8.32,100,2022-06-22 18:48:00,PTGX
8.28,8.28,8.28,8.28,200,2022-06-22 18:50:00,PTGX
8.285,8.29,8.28,8.29,2520,2022-06-22 18:51:00,PTGX
8.29,8.3,8.28,8.29,2210,2022-06-22 18:52:00,PTGX
8.285,8.285,8.285,8.285,100,2022-06-22 18:53:00,PTGX
8.285,8.3,8.285,8.295,1500,2022-06-22 18:54:00,PTGX
8.3,8.315,8.3,8.315,2488,2022-06-22 18:55:00,PTGX
8.315,8.33,8.315,8.325,2516,2022-06-22 18:56:00,PTGX
8.33,8.33,8.33,8.33,100,2022-06-22 18:57:00,PTGX
8.335,8.335,8.335,8.335,100,2022-06-22 18:59:00,PTGX
8.33,8.33,8.32,8.32,1254,2022-06-22 19:00:00,PTGX
8.31,8.31,8.3,8.3,739,2022-06-22 19:01:00,PTGX
8.3,8.3,8.3,8.3,100,2022-06-22 19:02:00,PTGX
8.295,8.31,8.295,8.305,1800,2022-06-22 19:03:00,PTGX
8.31,8.31,8.31,8.31,1234,2022-06-22 19:04:00,PTGX
8.315,8.32,8.315,8.32,600,2022-06-22 19:05:00,PTGX
8.32,8.32,8.32,8.32,400,2022-06-22 19:06:00,PTGX
8.32,8.32,8.32,8.32,100,2022-06-22 19:07:00,PTGX
8.31,8.31,8.3,8.305,300,2022-06-22 19:08:00,PTGX
8.31,8.31,8.31,8.31,300,2022-06-22 19:09:00,PTGX
8.3,8.31,8.29,8.29,2200,2022-06-22 19:10:00,PTGX
8.3,8.31,8.3,8.31,1100,2022-06-22 19:11:00,PTGX
8.32,8.325,8.32,8.32,1402,2022-06-22 19:12:00,PTGX
8.32,8.32,8.32,8.32,200,2022-06-22 19:14:00,PTGX
8.315,8.315,8.31,8.31,943,2022-06-22 19:15:00,PTGX
8.31,8.31,8.31,8.31,1400,2022-06-22 19:16:00,PTGX
8.31,8.31,8.29,8.29,603,2022-06-22 19:17:00,PTGX
8.28,8.28,8.265,8.27,1400,2022-06-22 19:19:00,PTGX
8.27,8.27,8.27,8.27,100,2022-06-22 19:20:00,PTGX
8.27,8.27,8.265,8.265,586,2022-06-22 19:21:00,PTGX
8.25,8.25,8.25,8.25,816,2022-06-22 19:22:00,PTGX
8.25,8.25,8.25,8.25,1200,2022-06-22 19:23:00,PTGX
8.25,8.25,8.249,8.249,400,2022-06-22 19:24:00,PTGX
8.25,8.25,8.24,8.24,1009,2022-06-22 19:25:00,PTGX
8.23,8.23,8.23,8.23,200,2022-06-22 19:26:00,PTGX
8.22,8.22,8.22,8.22,300,2022-06-22 19:27:00,PTGX
8.21,8.21,8.21,8.21,400,2022-06-22 19:28:00,PTGX
8.2,8.21,8.2,8.2,700,2022-06-22 19:29:00,PTGX
8.2,8.2,8.19,8.195,2910,2022-06-22 19:30:00,PTGX
8.2,8.21,8.19,8.21,4279,2022-06-22 19:31:00,PTGX
8.21,8.21,8.2,8.2,1500,2022-06-22 19:32:00,PTGX
8.205,8.205,8.195,8.195,850,2022-06-22 19:33:00,PTGX
8.19,8.19,8.17,8.18,1837,2022-06-22 19:35:00,PTGX
8.18,8.18,8.17,8.17,2000,2022-06-22 19:36:00,PTGX
8.16,8.165,8.16,8.16,1000,2022-06-22 19:37:00,PTGX
8.15,8.15,8.145,8.15,1875,2022-06-22 19:38:00,PTGX
8.16,8.18,8.159,8.18,2759,2022-06-22 19:39:00,PTGX
8.17,8.17,8.16,8.16,3011,2022-06-22 19:40:00,PTGX
8.16,8.16,8.16,8.16,100,2022-06-22 19:41:00,PTGX
8.16,8.17,8.16,8.17,300,2022-06-22 19:42:00,PTGX
8.16,8.179,8.16,8.179,2294,2022-06-22 19:43:00,PTGX
8.18,8.18,8.17,8.17,3172,2022-06-22 19:44:00,PTGX
8.168,8.168,8.16,8.165,621,2022-06-22 19:45:00,PTGX
8.165,8.175,8.16,8.175,2600,2022-06-22 19:46:00,PTGX
8.17,8.17,8.165,8.17,1199,2022-06-22 19:47:00,PTGX
8.17,8.17,8.165,8.165,800,2022-06-22 19:48:00,PTGX
8.165,8.17,8.165,8.17,2100,2022-06-22 19:49:00,PTGX
8.17,8.22,8.17,8.22,6207,2022-06-22 19:50:00,PTGX
8.22,8.225,8.2,8.2,8027,2022-06-22 19:51:00,PTGX
8.19,8.2,8.19,8.19,4763,2022-06-22 19:52:00,PTGX
8.2,8.215,8.195,8.21,5588,2022-06-22 19:53:00,PTGX
8.21,8.24,8.2,8.24,7439,2022-06-22 19:54:00,PTGX
8.24,8.27,8.239,8.26,11189,2022-06-22 19:55:00,PTGX
8.255,8.265,8.25,8.255,9688,2022-06-22 19:56:00,PTGX
8.265,8.27,8.26,8.26,7799,2022-06-22 19:57:00,PTGX
8.27,8.27,8.255,8.265,20089,2022-06-22 19:58:00,PTGX
8.27,8.28,8.26,8.27,35922,2022-06-22 19:59:00,PTGX
8.26,8.28,8.25,8.28,217570,2022-06-22 20:00:00,PTGX
8.28,8.28,8.28,8.28,9832,2022-06-22 20:01:00,PTGX
7.87,7.87,7.87,7.87,185,2022-06-23 13:17:00,PTGX
8.3,8.39,8.24,8.38,7798,2022-06-23 13:30:00,PTGX
8.43,8.43,8.39,8.42,500,2022-06-23 13:31:00,PTGX
8.45,8.45,8.4,8.45,300,2022-06-23 13:32:00,PTGX
8.44,8.455,8.38,8.38,1000,2022-06-23 13:33:00,PTGX
8.32,8.3695,8.32,8.35,300,2022-06-23 13:34:00,PTGX
8.34,8.34,8.29,8.3,3500,2022-06-23 13:35:00,PTGX
8.33,8.345,8.33,8.345,400,2022-06-23 13:36:00,PTGX
8.31,8.34,8.31,8.34,1200,2022-06-23 13:37:00,PTGX
8.34,8.36,8.34,8.345,400,2022-06-23 13:38:00,PTGX
8.33,8.335,8.32,8.335,973,2022-06-23 13:39:00,PTGX
8.31,8.385,8.31,8.37,900,2022-06-23 13:40:00,PTGX
8.38,8.38,8.35,8.36,1000,2022-06-23 13:41:00,PTGX
8.37,8.38,8.37,8.38,300,2022-06-23 13:42:00,PTGX
8.39,8.39,8.35,8.35,574,2022-06-23 13:43:00,PTGX
8.34,8.34,8.34,8.34,300,2022-06-23 13:44:00,PTGX
8.33,8.33,8.32,8.32,500,2022-06-23 13:45:00,PTGX
8.35,8.35,8.35,8.35,628,2022-06-23 13:46:00,PTGX
8.35,8.35,8.35,8.35,100,2022-06-23 13:47:00,PTGX
8.38,8.38,8.36,8.36,400,2022-06-23 13:48:00,PTGX
8.36,8.39,8.36,8.3785,2238,2022-06-23 13:49:00,PTGX
8.36,8.36,8.34,8.345,700,2022-06-23 13:50:00,PTGX
8.31,8.325,8.3004,8.31,600,2022-06-23 13:51:00,PTGX
8.3,8.3,8.3,8.3,100,2022-06-23 13:53:00,PTGX
8.35,8.365,8.35,8.35,1132,2022-06-23 13:56:00,PTGX
8.35,8.35,8.34,8.348,700,2022-06-23 13:57:00,PTGX
8.34,8.35,8.33,8.35,759,2022-06-23 13:58:00,PTGX
8.38,8.39,8.38,8.385,980,2022-06-23 13:59:00,PTGX
8.37,8.37,8.37,8.37,400,2022-06-23 14:00:00,PTGX
8.39,8.42,8.39,8.42,1681,2022-06-23 14:02:00,PTGX
8.44,8.44,8.44,8.44,100,2022-06-23 14:03:00,PTGX
8.43,8.44,8.42,8.42,2346,2022-06-23 14:04:00,PTGX
8.43,8.43,8.42,8.42,500,2022-06-23 14:05:00,PTGX
8.43,8.45,8.43,8.45,1170,2022-06-23 14:06:00,PTGX
8.47,8.47,8.45,8.4595,4687,2022-06-23 14:07:00,PTGX
8.455,8.46,8.44,8.44,1966,2022-06-23 14:08:00,PTGX
8.42,8.42,8.41,8.42,500,2022-06-23 14:09:00,PTGX
8.42,8.42,8.42,8.42,200,2022-06-23 14:10:00,PTGX
8.41,8.41,8.4,8.4,1079,2022-06-23 14:11:00,PTGX
8.4,8.4,8.38,8.39,300,2022-06-23 14:12:00,PTGX
8.39,8.43,8.39,8.43,800,2022-06-23 14:13:00,PTGX
8.475,8.49,8.47,8.48,1200,2022-06-23 14:14:00,PTGX
8.47,8.47,8.46,8.46,300,2022-06-23 14:15:00,PTGX
8.46,8.48,8.45,8.48,700,2022-06-23 14:16:00,PTGX
8.485,8.485,8.47,8.47,584,2022-06-23 14:17:00,PTGX
8.46,8.46,8.46,8.46,100,2022-06-23 14:18:00,PTGX
8.46,8.4675,8.46,8.4675,300,2022-06-23 14:19:00,PTGX
8.47,8.47,8.46,8.46,600,2022-06-23 14:20:00,PTGX
8.479,8.479,8.45,8.45,2549,2022-06-23 14:21:00,PTGX
8.455,8.455,8.43,8.43,900,2022-06-23 14:22:00,PTGX
8.41,8.41,8.4,8.4,1055,2022-06-23 14:23:00,PTGX
8.39,8.4,8.39,8.4,1700,2022-06-23 14:24:00,PTGX
8.4,8.4,8.38,8.39,1700,2022-06-23 14:25:00,PTGX
8.39,8.39,8.36,8.37,2900,2022-06-23 14:26:00,PTGX
8.34,8.34,8.34,8.34,100,2022-06-23 14:27:00,PTGX
8.37,8.38,8.34,8.34,2000,2022-06-23 14:28:00,PTGX
8.34,8.35,8.32,8.32,2780,2022-06-23 14:30:00,PTGX
8.31,8.34,8.31,8.335,700,2022-06-23 14:31:00,PTGX
8.335,8.335,8.335,8.335,280,2022-06-23 14:32:00,PTGX
8.33,8.33,8.3,8.3,1550,2022-06-23 14:33:00,PTGX
8.32,8.34,8.32,8.34,1600,2022-06-23 14:34:00,PTGX
8.33,8.34,8.33,8.34,200,2022-06-23 14:35:00,PTGX
8.35,8.35,8.33,8.33,300,2022-06-23 14:36:00,PTGX
8.33,8.35,8.33,8.34,3985,2022-06-23 14:37:00,PTGX
8.35,8.355,8.35,8.35,600,2022-06-23 14:38:00,PTGX
8.37,8.37,8.37,8.37,343,2022-06-23 14:39:00,PTGX
8.37,8.38,8.37,8.37,700,2022-06-23 14:40:00,PTGX
8.37,8.37,8.37,8.37,200,2022-06-23 14:41:00,PTGX
8.37,8.37,8.34,8.36,1662,2022-06-23 14:42:00,PTGX
8.37,8.37,8.37,8.37,344,2022-06-23 14:43:00,PTGX
8.36,8.365,8.36,8.365,839,2022-06-23 14:44:00,PTGX
8.36,8.365,8.36,8.36,503,2022-06-23 14:45:00,PTGX
8.365,8.37,8.36,8.36,1300,2022-06-23 14:46:00,PTGX
8.36,8.36,8.35,8.35,400,2022-06-23 14:47:00,PTGX
8.35,8.36,8.35,8.36,1627,2022-06-23 14:48:00,PTGX
8.37,8.39,8.37,8.37,4140,2022-06-23 14:49:00,PTGX
8.38,8.38,8.375,8.375,794,2022-06-23 14:50:00,PTGX
8.4,8.4,8.4,8.4,832,2022-06-23 14:51:00,PTGX
8.41,8.43,8.41,8.42,2150,2022-06-23 14:52:00,PTGX
8.43,8.43,8.43,8.43,394,2022-06-23 14:53:00,PTGX
8.44,8.44,8.44,8.44,1233,2022-06-23 14:54:00,PTGX
8.46,8.46,8.455,8.455,400,2022-06-23 14:55:00,PTGX
8.45,8.45,8.44,8.44,659,2022-06-23 14:56:00,PTGX
8.44,8.44,8.43,8.44,700,2022-06-23 14:57:00,PTGX
8.425,8.425,8.425,8.425,100,2022-06-23 14:58:00,PTGX
8.425,8.425,8.42,8.42,900,2022-06-23 14:59:00,PTGX
8.42,8.43,8.42,8.43,750,2022-06-23 15:00:00,PTGX
8.42,8.42,8.41,8.41,2631,2022-06-23 15:01:00,PTGX
8.41,8.41,8.41,8.41,100,2022-06-23 15:02:00,PTGX
8.42,8.42,8.415,8.415,1300,2022-06-23 15:03:00,PTGX
8.42,8.42,8.41,8.41,1025,2022-06-23 15:04:00,PTGX
8.4,8.4,8.39,8.4,2517,2022-06-23 15:05:00,PTGX
8.4,8.41,8.4,8.4,932,2022-06-23 15:06:00,PTGX
8.43,8.4323,8.43,8.4323,300,2022-06-23 15:07:00,PTGX
8.44,8.44,8.44,8.44,300,2022-06-23 15:08:00,PTGX
8.45,8.45,8.435,8.435,1513,2022-06-23 15:09:00,PTGX
8.435,8.44,8.435,8.44,1488,2022-06-23 15:10:00,PTGX
8.44,8.44,8.44,8.44,100,2022-06-23 15:11:00,PTGX
8.44,8.44,8.42,8.43,1422,2022-06-23 15:12:00,PTGX
8.4375,8.44,8.435,8.44,850,2022-06-23 15:13:00,PTGX
8.445,8.445,8.44,8.445,1068,2022-06-23 15:14:00,PTGX
8.43,8.44,8.43,8.44,1665,2022-06-23 15:15:00,PTGX
8.44,8.44,8.44,8.44,100,2022-06-23 15:16:00,PTGX
8.44,8.45,8.44,8.45,300,2022-06-23 15:17:00,PTGX
8.44,8.49,8.44,8.49,1723,2022-06-23 15:18:00,PTGX
8.48,8.48,8.46,8.46,1601,2022-06-23 15:19:00,PTGX
8.46,8.46,8.46,8.46,772,2022-06-23 15:21:00,PTGX
8.47,8.47,8.47,8.47,558,2022-06-23 15:22:00,PTGX
8.47,8.47,8.45,8.45,1350,2022-06-23 15:23:00,PTGX
8.44,8.44,8.44,8.44,325,2022-06-23 15:24:00,PTGX
8.44,8.44,8.43,8.44,662,2022-06-23 15:25:00,PTGX
8.44,8.44,8.44,8.44,416,2022-06-23 15:26:00,PTGX
8.44,8.44,8.44,8.44,200,2022-06-23 15:27:00,PTGX
8.435,8.435,8.435,8.435,300,2022-06-23 15:28:00,PTGX
8.44,8.44,8.44,8.44,300,2022-06-23 15:29:00,PTGX
8.45,8.45,8.44,8.44,700,2022-06-23 15:30:00,PTGX
8.43,8.43,8.39,8.39,1200,2022-06-23 15:31:00,PTGX
8.4,8.425,8.4,8.425,1279,2022-06-23 15:33:00,PTGX
8.42,8.43,8.42,8.43,800,2022-06-23 15:34:00,PTGX
8.41,8.42,8.41,8.42,1961,2022-06-23 15:36:00,PTGX
8.43,8.44,8.42,8.44,2113,2022-06-23 15:37:00,PTGX
8.44,8.44,8.43,8.43,1566,2022-06-23 15:38:00,PTGX
8.42,8.42,8.38,8.4,2482,2022-06-23 15:40:00,PTGX
8.42,8.42,8.4,8.41,700,2022-06-23 15:41:00,PTGX
8.41,8.43,8.41,8.41,700,2022-06-23 15:42:00,PTGX
8.4,8.4,8.4,8.4,1200,2022-06-23 15:43:00,PTGX
8.405,8.415,8.405,8.415,759,2022-06-23 15:44:00,PTGX
8.42,8.42,8.415,8.415,403,2022-06-23 15:45:00,PTGX
8.41,8.41,8.41,8.41,100,2022-06-23 15:46:00,PTGX
8.415,8.42,8.415,8.42,300,2022-06-23 15:47:00,PTGX
8.42,8.435,8.42,8.435,762,2022-06-23 15:48:00,PTGX
8.44,8.44,8.43,8.43,300,2022-06-23 15:49:00,PTGX
8.44,8.44,8.44,8.44,200,2022-06-23 15:50:00,PTGX
8.44,8.46,8.43,8.43,2200,2022-06-23 15:51:00,PTGX
8.44,8.45,8.44,8.45,800,2022-06-23 15:52:00,PTGX
8.44,8.44,8.44,8.44,400,2022-06-23 15:53:00,PTGX
8.43,8.43,8.43,8.43,100,2022-06-23 15:54:00,PTGX
8.43,8.43,8.43,8.43,300,2022-06-23 15:55:00,PTGX
8.435,8.45,8.435,8.45,700,2022-06-23 15:56:00,PTGX
8.44,8.44,8.44,8.44,100,2022-06-23 15:57:00,PTGX
8.44,8.44,8.44,8.44,1110,2022-06-23 15:58:00,PTGX
8.44,8.4473,8.44,8.4473,204,2022-06-23 15:59:00,PTGX
8.43,8.43,8.43,8.43,2202,2022-06-23 16:00:00,PTGX
8.43,8.43,8.42,8.42,770,2022-06-23 16:01:00,PTGX
8.405,8.405,8.4,8.4,200,2022-06-23 16:02:00,PTGX
8.39,8.395,8.39,8.395,200,2022-06-23 16:03:00,PTGX
8.39,8.39,8.38,8.38,1000,2022-06-23 16:04:00,PTGX
8.38,8.38,8.38,8.38,300,2022-06-23 16:05:00,PTGX
8.39,8.39,8.38,8.38,958,2022-06-23 16:06:00,PTGX
8.39,8.405,8.39,8.4,900,2022-06-23 16:07:00,PTGX
8.39,8.4,8.39,8.4,600,2022-06-23 16:08:00,PTGX
8.39,8.39,8.39,8.39,200,2022-06-23 16:09:00,PTGX
8.38,8.38,8.38,8.38,700,2022-06-23 16:10:00,PTGX
8.385,8.385,8.38,8.38,1000,2022-06-23 16:11:00,PTGX
8.38,8.39,8.38,8.38,400,2022-06-23 16:12:00,PTGX
8.38,8.385,8.38,8.38,547,2022-06-23 16:13:00,PTGX
8.38,8.41,8.38,8.41,934,2022-06-23 16:14:00,PTGX
8.4,8.41,8.4,8.41,600,2022-06-23 16:15:00,PTGX
8.4,8.405,8.4,8.405,879,2022-06-23 16:16:00,PTGX
8.405,8.405,8.39,8.39,1280,2022-06-23 16:17:00,PTGX
8.41,8.43,8.41,8.43,1243,2022-06-23 16:18:00,PTGX
8.43,8.44,8.43,8.435,1700,2022-06-23 16:19:00,PTGX
8.435,8.435,8.43,8.43,1685,2022-06-23 16:20:00,PTGX
8.43,8.445,8.43,8.445,893,2022-06-23 16:21:00,PTGX
8.455,8.465,8.455,8.465,640,2022-06-23 16:22:00,PTGX
8.47,8.47,8.46,8.46,1634,2022-06-23 16:23:00,PTGX
8.46,8.47,8.46,8.47,636,2022-06-23 16:24:00,PTGX
8.475,8.48,8.47,8.48,900,2022-06-23 16:25:00,PTGX
8.49,8.49,8.49,8.49,100,2022-06-23 16:26:00,PTGX
8.49,8.49,8.48,8.48,1260,2022-06-23 16:28:00,PTGX
8.485,8.485,8.485,8.485,100,2022-06-23 16:31:00,PTGX
8.485,8.485,8.485,8.485,100,2022-06-23 16:32:00,PTGX
8.49,8.49,8.49,8.49,365,2022-06-23 16:33:00,PTGX
8.49,8.49,8.49,8.49,3114,2022-06-23 16:34:00,PTGX
8.495,8.495,8.491,8.491,200,2022-06-23 16:35:00,PTGX
8.49,8.49,8.47,8.47,1604,2022-06-23 16:36:00,PTGX
8.46,8.46,8.45,8.45,300,2022-06-23 16:37:00,PTGX
8.44,8.44,8.44,8.44,200,2022-06-23 16:38:00,PTGX
8.44,8.44,8.44,8.44,500,2022-06-23 16:39:00,PTGX
8.445,8.445,8.43,8.435,1049,2022-06-23 16:40:00,PTGX
8.44,8.44,8.44,8.44,600,2022-06-23 16:41:00,PTGX
8.43,8.43,8.42,8.42,1090,2022-06-23 16:42:00,PTGX
8.42,8.42,8.42,8.42,100,2022-06-23 16:44:00,PTGX
8.43,8.43,8.43,8.43,600,2022-06-23 16:45:00,PTGX
8.439,8.445,8.439,8.445,1419,2022-06-23 16:47:00,PTGX
8.45,8.47,8.45,8.47,1000,2022-06-23 16:48:00,PTGX
8.48,8.485,8.47,8.47,1606,2022-06-23 16:49:00,PTGX
8.47,8.47,8.47,8.47,604,2022-06-23 16:51:00,PTGX
8.47,8.475,8.47,8.475,200,2022-06-23 16:52:00,PTGX
8.47,8.47,8.45,8.47,3295,2022-06-23 16:53:00,PTGX
8.46,8.46,8.46,8.46,100,2022-06-23 16:54:00,PTGX
8.46,8.46,8.46,8.46,100,2022-06-23 16:55:00,PTGX
8.46,8.46,8.46,8.46,593,2022-06-23 16:56:00,PTGX
8.45,8.45,8.43,8.43,400,2022-06-23 16:57:00,PTGX
8.42,8.42,8.42,8.42,100,2022-06-23 16:58:00,PTGX
8.43,8.44,8.43,8.44,700,2022-06-23 16:59:00,PTGX
8.435,8.435,8.42,8.421,2497,2022-06-23 17:01:00,PTGX
8.42,8.43,8.42,8.43,600,2022-06-23 17:02:00,PTGX
8.42,8.42,8.42,8.42,498,2022-06-23 17:03:00,PTGX
8.42,8.435,8.42,8.435,1000,2022-06-23 17:04:00,PTGX
8.44,8.45,8.44,8.45,300,2022-06-23 17:05:00,PTGX
8.45,8.47,8.45,8.47,1434,2022-06-23 17:06:00,PTGX
8.46,8.46,8.45,8.46,2112,2022-06-23 17:07:00,PTGX
8.46,8.46,8.46,8.46,100,2022-06-23 17:09:00,PTGX
8.469,8.469,8.469,8.469,100,2022-06-23 17:10:00,PTGX
8.47,8.47,8.47,8.47,500,2022-06-23 17:11:00,PTGX
8.47,8.48,8.47,8.48,1100,2022-06-23 17:12:00,PTGX
8.47,8.47,8.47,8.47,1144,2022-06-23 17:14:00,PTGX
8.48,8.49,8.48,8.49,1669,2022-06-23 17:15:00,PTGX
8.49,8.49,8.49,8.49,100,2022-06-23 17:16:00,PTGX
8.5,8.51,8.5,8.51,999,2022-06-23 17:17:00,PTGX
8.52,8.52,8.52,8.52,810,2022-06-23 17:18:00,PTGX
8.525,8.525,8.525,8.525,406,2022-06-23 17:20:00,PTGX
8.52,8.52,8.52,8.52,401,2022-06-23 17:21:00,PTGX
8.515,8.515,8.5,8.515,3695,2022-06-23 17:22:00,PTGX
8.52,8.5399,8.52,8.5399,1550,2022-06-23 17:23:00,PTGX
8.53,8.53,8.525,8.525,300,2022-06-23 17:24:00,PTGX
8.5398,8.5398,8.5398,8.5398,100,2022-06-23 17:25:00,PTGX
8.5398,8.54,8.5398,8.54,500,2022-06-23 17:26:00,PTGX
8.54,8.54,8.54,8.54,708,2022-06-23 17:27:00,PTGX
8.53,8.53,8.53,8.53,1392,2022-06-23 17:28:00,PTGX
8.525,8.525,8.525,8.525,100,2022-06-23 17:29:00,PTGX
8.53,8.535,8.53,8.535,700,2022-06-23 17:30:00,PTGX
8.54,8.54,8.535,8.535,1312,2022-06-23 17:31:00,PTGX
8.54,8.54,8.54,8.54,200,2022-06-23 17:32:00,PTGX
8.55,8.5598,8.55,8.55,1669,2022-06-23 17:33:00,PTGX
8.55,8.55,8.55,8.55,300,2022-06-23 17:34:00,PTGX
8.56,8.565,8.56,8.565,400,2022-06-23 17:35:00,PTGX
8.57,8.57,8.57,8.57,200,2022-06-23 17:36:00,PTGX
8.575,8.575,8.56,8.56,682,2022-06-23 17:37:00,PTGX
8.57,8.57,8.57,8.57,100,2022-06-23 17:38:00,PTGX
8.57,8.59,8.57,8.59,2000,2022-06-23 17:39:00,PTGX
8.59,8.59,8.575,8.58,1795,2022-06-23 17:40:00,PTGX
8.57,8.57,8.57,8.57,221,2022-06-23 17:41:00,PTGX
8.575,8.59,8.57,8.585,1555,2022-06-23 17:42:00,PTGX
8.58,8.58,8.58,8.58,900,2022-06-23 17:43:00,PTGX
8.6,8.61,8.6,8.602,2013,2022-06-23 17:46:00,PTGX
8.61,8.63,8.61,8.63,913,2022-06-23 17:47:00,PTGX
8.62,8.62,8.6,8.6,1700,2022-06-23 17:48:00,PTGX
8.59,8.59,8.59,8.59,728,2022-06-23 17:49:00,PTGX
8.6096,8.62,8.605,8.62,1100,2022-06-23 17:50:00,PTGX
8.6296,8.6398,8.6296,8.6398,600,2022-06-23 17:51:00,PTGX
8.64,8.64,8.63,8.63,1568,2022-06-23 17:52:00,PTGX
8.635,8.635,8.63,8.63,200,2022-06-23 17:53:00,PTGX
8.64,8.645,8.64,8.645,500,2022-06-23 17:55:00,PTGX
8.65,8.65,8.65,8.65,700,2022-06-23 17:56:00,PTGX
8.65,8.66,8.65,8.65,1288,2022-06-23 17:57:00,PTGX
8.645,8.645,8.64,8.64,1394,2022-06-23 17:58:00,PTGX
8.65,8.65,8.65,8.65,300,2022-06-23 18:01:00,PTGX
8.655,8.655,8.655,8.655,100,2022-06-23 18:02:00,PTGX
8.65,8.66,8.635,8.635,2701,2022-06-23 18:03:00,PTGX
8.64,8.64,8.64,8.64,700,2022-06-23 18:04:00,PTGX
8.645,8.66,8.645,8.66,803,2022-06-23 18:05:00,PTGX
8.68,8.69,8.68,8.69,1200,2022-06-23 18:06:00,PTGX
8.69,8.69,8.6698,8.6698,2016,2022-06-23 18:07:00,PTGX
8.68,8.68,8.67,8.67,300,2022-06-23 18:08:00,PTGX
8.675,8.69,8.675,8.69,638,2022-06-23 18:09:00,PTGX
8.6977,8.6977,8.675,8.675,1318,2022-06-23 18:10:00,PTGX
8.67,8.67,8.655,8.67,1071,2022-06-23 18:11:00,PTGX
8.685,8.69,8.68,8.68,400,2022-06-23 18:13:00,PTGX
8.69,8.69,8.69,8.69,100,2022-06-23 18:14:00,PTGX
8.695,8.7,8.69,8.7,2081,2022-06-23 18:15:00,PTGX
8.71,8.72,8.71,8.72,739,2022-06-23 18:16:00,PTGX
8.72,8.725,8.71,8.72,1087,2022-06-23 18:17:00,PTGX
8.71,8.71,8.71,8.71,823,2022-06-23 18:18:00,PTGX
8.7,8.7,8.7,8.7,300,2022-06-23 18:19:00,PTGX
8.71,8.7399,8.71,8.72,1699,2022-06-23 18:20:00,PTGX
8.72,8.72,8.72,8.72,200,2022-06-23 18:21:00,PTGX
8.725,8.725,8.71,8.71,2135,2022-06-23 18:22:00,PTGX
8.72,8.72,8.72,8.72,200,2022-06-23 18:23:00,PTGX
8.72,8.72,8.72,8.72,200,2022-06-23 18:24:00,PTGX
8.73,8.73,8.72,8.725,1123,2022-06-23 18:25:00,PTGX
8.728,8.728,8.72,8.72,203,2022-06-23 18:26:00,PTGX
8.73,8.73,8.73,8.73,300,2022-06-23 18:27:00,PTGX
8.74,8.74,8.74,8.74,400,2022-06-23 18:28:00,PTGX
8.73,8.73,8.73,8.73,1793,2022-06-23 18:29:00,PTGX
8.735,8.735,8.735,8.735,100,2022-06-23 18:30:00,PTGX
8.74,8.76,8.74,8.76,4276,2022-06-23 18:31:00,PTGX
8.77,8.78,8.77,8.78,300,2022-06-23 18:32:00,PTGX
8.772,8.8,8.772,8.7998,1300,2022-06-23 18:33:00,PTGX
8.7998,8.81,8.795,8.8098,1060,2022-06-23 18:34:00,PTGX
8.805,8.805,8.79,8.8,5073,2022-06-23 18:35:00,PTGX
8.8,8.81,8.8,8.81,600,2022-06-23 18:36:00,PTGX
8.8,8.82,8.8,8.82,500,2022-06-23 18:37:00,PTGX
8.82,8.82,8.82,8.82,400,2022-06-23 18:38:00,PTGX
8.83,8.83,8.81,8.81,2936,2022-06-23 18:39:00,PTGX
8.82,8.82,8.82,8.82,200,2022-06-23 18:40:00,PTGX
8.82,8.83,8.82,8.83,200,2022-06-23 18:41:00,PTGX
8.83,8.84,8.83,8.84,1900,2022-06-23 18:42:00,PTGX
8.83,8.841,8.83,8.841,600,2022-06-23 18:43:00,PTGX
8.85,8.85,8.85,8.85,300,2022-06-23 18:44:00,PTGX
8.85,8.85,8.83,8.83,4523,2022-06-23 18:45:00,PTGX
8.83,8.83,8.82,8.82,3351,2022-06-23 18:46:00,PTGX
8.825,8.825,8.825,8.825,205,2022-06-23 18:47:00,PTGX
8.83,8.845,8.83,8.84,1200,2022-06-23 18:48:00,PTGX
8.85,8.855,8.85,8.85,1923,2022-06-23 18:49:00,PTGX
8.86,8.87,8.86,8.87,842,2022-06-23 18:50:00,PTGX
8.865,8.865,8.865,8.865,100,2022-06-23 18:51:00,PTGX
8.87,8.88,8.865,8.88,1325,2022-06-23 18:52:00,PTGX
8.88,8.885,8.87,8.885,1465,2022-06-23 18:53:00,PTGX
8.88,8.88,8.85,8.86,3933,2022-06-23 18:55:00,PTGX
8.86,8.86,8.84,8.84,1538,2022-06-23 18:57:00,PTGX
8.85,8.85,8.85,8.85,100,2022-06-23 18:58:00,PTGX
8.86,8.86,8.86,8.86,300,2022-06-23 18:59:00,PTGX
8.87,8.88,8.87,8.88,600,2022-06-23 19:00:00,PTGX
8.88,8.9,8.875,8.9,1551,2022-06-23 19:01:00,PTGX
8.92,8.92,8.91,8.91,1700,2022-06-23 19:02:00,PTGX
8.91,8.91,8.9,8.9,1319,2022-06-23 19:03:00,PTGX
8.9,8.9,8.9,8.9,536,2022-06-23 19:04:00,PTGX
8.9,8.9,8.9,8.9,200,2022-06-23 19:05:00,PTGX
8.9,8.92,8.9,8.92,1100,2022-06-23 19:06:00,PTGX
8.93,8.93,8.92,8.92,1720,2022-06-23 19:07:00,PTGX
8.92,8.92,8.9,8.91,2210,2022-06-23 19:08:00,PTGX
8.92,8.92,8.92,8.92,100,2022-06-23 19:09:00,PTGX
8.92,8.925,8.92,8.925,300,2022-06-23 19:10:00,PTGX
8.92,8.92,8.9,8.9,2100,2022-06-23 19:11:00,PTGX
8.91,8.915,8.91,8.915,300,2022-06-23 19:12:00,PTGX
8.91,8.92,8.91,8.92,771,2022-06-23 19:13:00,PTGX
8.92,8.92,8.92,8.92,1200,2022-06-23 19:14:00,PTGX
8.92,8.925,8.92,8.92,2100,2022-06-23 19:15:00,PTGX
8.91,8.91,8.91,8.91,550,2022-06-23 19:16:00,PTGX
8.905,8.905,8.905,8.905,200,2022-06-23 19:17:00,PTGX
8.9,8.9,8.8918,8.8918,1870,2022-06-23 19:18:00,PTGX
8.9,8.915,8.9,8.915,1208,2022-06-23 19:19:00,PTGX
8.92,8.92,8.92,8.92,100,2022-06-23 19:20:00,PTGX
8.915,8.925,8.915,8.92,1300,2022-06-23 19:21:00,PTGX
8.915,8.92,8.91,8.91,2610,2022-06-23 19:22:00,PTGX
8.91,8.919,8.91,8.919,300,2022-06-23 19:23:00,PTGX
8.915,8.915,8.91,8.91,838,2022-06-23 19:24:00,PTGX
8.905,8.91,8.905,8.91,400,2022-06-23 19:25:00,PTGX
8.92,8.92,8.92,8.92,423,2022-06-23 19:26:00,PTGX
8.92,8.93,8.92,8.925,2302,2022-06-23 19:27:00,PTGX
8.93,8.93,8.93,8.93,500,2022-06-23 19:28:00,PTGX
8.935,8.935,8.93,8.93,700,2022-06-23 19:29:00,PTGX
8.94,8.95,8.935,8.94,4620,2022-06-23 19:30:00,PTGX
8.95,8.97,8.95,8.97,300,2022-06-23 19:31:00,PTGX
8.975,8.975,8.96,8.969,3260,2022-06-23 19:32:00,PTGX
8.9618,8.98,8.96,8.98,1400,2022-06-23 19:33:00,PTGX
8.98,8.99,8.98,8.99,850,2022-06-23 19:34:00,PTGX
8.99,9.0,8.99,9.0,2342,2022-06-23 19:35:00,PTGX
9.005,9.02,9.0,9.0,4799,2022-06-23 19:36:00,PTGX
9.01,9.02,9.01,9.02,2723,2022-06-23 19:37:00,PTGX
9.02,9.02,9.02,9.02,200,2022-06-23 19:38:00,PTGX
9.02,9.03,9.02,9.03,930,2022-06-23 19:39:00,PTGX
9.025,9.049,9.01,9.049,6711,2022-06-23 19:40:00,PTGX
9.05,9.08,9.05,9.075,800,2022-06-23 19:41:00,PTGX
9.08,9.095,9.08,9.09,3944,2022-06-23 19:42:00,PTGX
9.08,9.08,9.06,9.07,4876,2022-06-23 19:43:00,PTGX
9.08,9.08,9.07,9.07,1300,2022-06-23 19:44:00,PTGX
9.06,9.1,9.06,9.09,6246,2022-06-23 19:45:00,PTGX
9.085,9.1,9.085,9.1,906,2022-06-23 19:46:00,PTGX
9.095,9.125,9.095,9.12,3798,2022-06-23 19:47:00,PTGX
9.12,9.13,9.1,9.12,6029,2022-06-23 19:48:00,PTGX
9.115,9.15,9.115,9.15,2270,2022-06-23 19:49:00,PTGX
9.16,9.2,9.16,9.19,8711,2022-06-23 19:50:00,PTGX
9.195,9.2,9.18,9.2,3753,2022-06-23 19:51:00,PTGX
9.2,9.22,9.2,9.21,9889,2022-06-23 19:52:00,PTGX
9.21,9.21,9.2,9.21,3346,2022-06-23 19:53:00,PTGX
9.21,9.22,9.18,9.22,9977,2022-06-23 19:54:00,PTGX
9.23,9.3,9.23,9.28,40115,2022-06-23 19:55:00,PTGX
9.3,9.32,9.27,9.3,25508,2022-06-23 19:56:00,PTGX
9.31,9.315,9.29,9.31,17384,2022-06-23 19:57:00,PTGX
9.3,9.31,9.29,9.305,27727,2022-06-23 19:58:00,PTGX
9.31,9.32,9.27,9.27,63041,2022-06-23 19:59:00,PTGX
9.29,9.3,9.29,9.3,313392,2022-06-23 20:00:00,PTGX
9.3,9.3,9.3,9.3,1372,2022-06-23 20:02:00,PTGX
9.04,9.04,9.04,9.04,200,2022-06-24 13:17:00,PTGX
9.05,9.05,9.05,9.05,100,2022-06-24 13:19:00,PTGX
9.35,9.37,9.19,9.28,11891,2022-06-24 13:30:00,PTGX
9.27,9.43,9.22,9.365,6897,2022-06-24 13:31:00,PTGX
9.39,9.425,9.29,9.35,6850,2022-06-24 13:32:00,PTGX
9.345,9.345,9.295,9.32,800,2022-06-24 13:33:00,PTGX
9.31,9.31,9.27,9.27,1300,2022-06-24 13:34:00,PTGX
9.23,9.31,9.2,9.29,3344,2022-06-24 13:35:00,PTGX
9.26,9.3,9.26,9.285,2933,2022-06-24 13:36:00,PTGX
9.27,9.28,9.27,9.28,200,2022-06-24 13:37:00,PTGX
9.29,9.29,9.29,9.29,200,2022-06-24 13:39:00,PTGX
9.25,9.28,9.25,9.28,400,2022-06-24 13:40:00,PTGX
9.28,9.29,9.28,9.29,402,2022-06-24 13:41:00,PTGX
9.35,9.35,9.34,9.34,737,2022-06-24 13:42:00,PTGX
9.35,9.35,9.35,9.35,120,2022-06-24 13:43:00,PTGX
9.33,9.33,9.32,9.32,1058,2022-06-24 13:45:00,PTGX
9.3,9.3,9.28,9.28,700,2022-06-24 13:46:00,PTGX
9.21,9.21,9.21,9.21,100,2022-06-24 13:47:00,PTGX
9.23,9.27,9.23,9.27,3313,2022-06-24 13:48:00,PTGX
9.29,9.31,9.29,9.3,1174,2022-06-24 13:49:00,PTGX
9.28,9.34,9.28,9.34,4352,2022-06-24 13:50:00,PTGX
9.36,9.36,9.35,9.35,200,2022-06-24 13:51:00,PTGX
9.36,9.36,9.35,9.35,500,2022-06-24 13:52:00,PTGX
9.375,9.42,9.375,9.42,908,2022-06-24 13:53:00,PTGX
9.43,9.43,9.4,9.4,1300,2022-06-24 13:54:00,PTGX
9.39,9.39,9.37,9.37,600,2022-06-24 13:55:00,PTGX
9.365,9.365,9.355,9.355,400,2022-06-24 13:56:00,PTGX
9.34,9.34,9.3162,9.32,4278,2022-06-24 13:57:00,PTGX
9.31,9.31,9.28,9.3,4536,2022-06-24 13:58:00,PTGX
9.28,9.28,9.28,9.28,500,2022-06-24 13:59:00,PTGX
9.2293,9.26,9.2293,9.26,1000,2022-06-24 14:00:00,PTGX
9.24,9.26,9.22,9.22,934,2022-06-24 14:01:00,PTGX
9.24,9.3,9.24,9.27,3502,2022-06-24 14:02:00,PTGX
9.24,9.25,9.23,9.25,936,2022-06-24 14:03:00,PTGX
9.25,9.25,9.25,9.25,100,2022-06-24 14:04:00,PTGX
9.27,9.3,9.27,9.28,2552,2022-06-24 14:05:00,PTGX
9.29,9.29,9.29,9.29,322,2022-06-24 14:07:00,PTGX
9.29,9.29,9.29,9.29,900,2022-06-24 14:08:00,PTGX
9.34,9.34,9.34,9.34,100,2022-06-24 14:09:00,PTGX
9.31,9.33,9.31,9.3108,1211,2022-06-24 14:10:00,PTGX
9.31,9.31,9.3,9.3,200,2022-06-24 14:11:00,PTGX
9.29,9.3,9.29,9.3,702,2022-06-24 14:12:00,PTGX
9.3,9.3,9.25,9.25,814,2022-06-24 14:13:00,PTGX
9.22,9.25,9.22,9.25,500,2022-06-24 14:14:00,PTGX
9.24,9.25,9.24,9.25,200,2022-06-24 14:15:00,PTGX
9.26,9.26,9.24,9.24,759,2022-06-24 14:16:00,PTGX
9.23,9.23,9.22,9.22,500,2022-06-24 14:17:00,PTGX
9.2,9.2,9.2,9.2,1000,2022-06-24 14:18:00,PTGX
9.21,9.28,9.21,9.28,4686,2022-06-24 14:19:00,PTGX
9.27,9.28,9.26,9.26,1500,2022-06-24 14:20:00,PTGX
9.27,9.27,9.26,9.27,800,2022-06-24 14:22:00,PTGX
9.26,9.27,9.26,9.26,300,2022-06-24 14:23:00,PTGX
9.25,9.25,9.24,9.24,422,2022-06-24 14:24:00,PTGX
9.23,9.23,9.2,9.2,810,2022-06-24 14:26:00,PTGX
9.19,9.19,9.162,9.17,615,2022-06-24 14:27:00,PTGX
9.155,9.155,9.15,9.15,200,2022-06-24 14:29:00,PTGX
9.165,9.18,9.15,9.18,2475,2022-06-24 14:30:00,PTGX
9.19,9.2,9.19,9.19,1183,2022-06-24 14:31:00,PTGX
9.17,9.17,9.16,9.16,1200,2022-06-24 14:32:00,PTGX
9.14,9.14,9.14,9.14,200,2022-06-24 14:33:00,PTGX
9.15,9.16,9.13,9.14,1546,2022-06-24 14:34:00,PTGX
9.13,9.135,9.13,9.135,374,2022-06-24 14:35:00,PTGX
9.12,9.12,9.11,9.11,792,2022-06-24 14:36:00,PTGX
9.11,9.12,9.11,9.12,2876,2022-06-24 14:37:00,PTGX
9.11,9.11,9.09,9.09,1046,2022-06-24 14:38:00,PTGX
9.1,9.11,9.08,9.08,1400,2022-06-24 14:40:00,PTGX
9.07,9.07,9.07,9.07,200,2022-06-24 14:41:00,PTGX
9.06,9.06,9.06,9.06,677,2022-06-24 14:42:00,PTGX
9.05,9.05,9.05,9.05,304,2022-06-24 14:43:00,PTGX
9.045,9.045,9.0358,9.0358,400,2022-06-24 14:44:00,PTGX
9.04,9.055,9.039,9.04,2079,2022-06-24 14:45:00,PTGX
9.0492,9.055,9.0492,9.05,2107,2022-06-24 14:46:00,PTGX
9.04,9.06,9.04,9.06,500,2022-06-24 14:47:00,PTGX
9.04,9.04,9.03,9.03,500,2022-06-24 14:48:00,PTGX
9.04,9.04,9.03,9.03,534,2022-06-24 14:49:00,PTGX
9.04,9.05,9.02,9.02,710,2022-06-24 14:50:00,PTGX
9.01,9.0282,9.01,9.0282,1400,2022-06-24 14:51:00,PTGX
9.01,9.03,9.0,9.02,800,2022-06-24 14:52:00,PTGX
9.0124,9.0124,9.0124,9.0124,141,2022-06-24 14:53:00,PTGX
9.03,9.03,9.01,9.01,926,2022-06-24 14:54:00,PTGX
9.0,9.0,9.0,9.0,401,2022-06-24 14:55:00,PTGX
9.0,9.02,8.99,9.01,1524,2022-06-24 14:56:00,PTGX
9.01,9.01,9.0,9.0,400,2022-06-24 14:57:00,PTGX
8.99,8.99,8.98,8.98,1636,2022-06-24 14:58:00,PTGX
8.975,8.975,8.96,8.96,648,2022-06-24 14:59:00,PTGX
8.97,8.98,8.96,8.97,3452,2022-06-24 15:00:00,PTGX
8.95,8.95,8.91,8.91,3039,2022-06-24 15:01:00,PTGX
8.9,8.93,8.9,8.93,2095,2022-06-24 15:02:00,PTGX
8.93,8.93,8.93,8.93,305,2022-06-24 15:03:00,PTGX
8.94,8.95,8.91,8.91,1566,2022-06-24 15:04:00,PTGX
8.89,8.89,8.87,8.88,2638,2022-06-24 15:05:00,PTGX
8.88,8.88,8.83,8.83,8934,2022-06-24 15:06:00,PTGX
8.83,8.84,8.81,8.81,2061,2022-06-24 15:07:00,PTGX
8.805,8.805,8.805,8.805,100,2022-06-24 15:08:00,PTGX
8.79,8.79,8.77,8.77,1180,2022-06-24 15:09:00,PTGX
8.78,8.79,8.74,8.75,2402,2022-06-24 15:10:00,PTGX
8.75,8.8032,8.75,8.8032,2415,2022-06-24 15:11:00,PTGX
8.78,8.7882,8.78,8.7882,918,2022-06-24 15:12:00,PTGX
8.76,8.77,8.76,8.76,500,2022-06-24 15:13:00,PTGX
8.76,8.76,8.7,8.71,3726,2022-06-24 15:14:00,PTGX
8.72,8.72,8.71,8.72,1966,2022-06-24 15:15:00,PTGX
8.71,8.71,8.68,8.68,2431,2022-06-24 15:16:00,PTGX
8.69,8.69,8.69,8.69,100,2022-06-24 15:17:00,PTGX
8.68,8.71,8.68,8.71,1500,2022-06-24 15:18:00,PTGX
8.71,8.71,8.71,8.71,100,2022-06-24 15:19:00,PTGX
8.71,8.72,8.69,8.7,2287,2022-06-24 15:20:00,PTGX
8.69,8.69,8.64,8.65,4969,2022-06-24 15:22:00,PTGX
8.65,8.65,8.62,8.62,1400,2022-06-24 15:23:00,PTGX
8.61,8.64,8.57,8.64,5984,2022-06-24 15:24:00,PTGX
8.64,8.655,8.63,8.65,1700,2022-06-24 15:25:00,PTGX
8.655,8.66,8.62,8.62,5233,2022-06-24 15:26:00,PTGX
8.62,8.63,8.62,8.63,549,2022-06-24 15:27:00,PTGX
8.64,8.66,8.64,8.66,1572,2022-06-24 15:28:00,PTGX
8.675,8.69,8.67,8.67,1790,2022-06-24 15:29:00,PTGX
8.68,8.68,8.68,8.68,100,2022-06-24 15:30:00,PTGX
8.675,8.675,8.665,8.67,400,2022-06-24 15:31:00,PTGX
8.69,8.69,8.68,8.68,495,2022-06-24 15:32:00,PTGX
8.7,8.71,8.695,8.695,1037,2022-06-24 15:33:00,PTGX
8.71,8.72,8.69,8.705,2233,2022-06-24 15:34:00,PTGX
8.7,8.7,8.66,8.67,5066,2022-06-24 15:35:00,PTGX
8.67,8.715,8.67,8.715,6711,2022-06-24 15:36:00,PTGX
8.715,8.72,8.71,8.71,1300,2022-06-24 15:37:00,PTGX
8.705,8.705,8.7,8.7,400,2022-06-24 15:38:00,PTGX
8.7,8.7,8.69,8.69,1059,2022-06-24 15:39:00,PTGX
8.69,8.69,8.68,8.69,1300,2022-06-24 15:40:00,PTGX
8.69,8.69,8.64,8.66,2000,2022-06-24 15:41:00,PTGX
8.655,8.665,8.63,8.65,5634,2022-06-24 15:42:00,PTGX
8.65,8.67,8.65,8.67,2949,2022-06-24 15:43:00,PTGX
8.675,8.69,8.65,8.69,2909,2022-06-24 15:44:00,PTGX
8.67,8.67,8.64,8.665,5515,2022-06-24 15:45:00,PTGX
8.67,8.695,8.67,8.68,2000,2022-06-24 15:46:00,PTGX
8.69,8.7,8.69,8.695,800,2022-06-24 15:47:00,PTGX
8.695,8.71,8.695,8.71,1362,2022-06-24 15:48:00,PTGX
8.71,8.715,8.7,8.7,2200,2022-06-24 15:49:00,PTGX
8.695,8.695,8.68,8.68,800,2022-06-24 15:50:00,PTGX
8.7,8.7,8.7,8.7,100,2022-06-24 15:51:00,PTGX
8.69,8.755,8.69,8.755,2775,2022-06-24 15:52:00,PTGX
8.76,8.76,8.75,8.75,500,2022-06-24 15:53:00,PTGX
8.755,8.755,8.73,8.74,900,2022-06-24 15:54:00,PTGX
8.75,8.77,8.75,8.77,926,2022-06-24 15:56:00,PTGX
8.7993,8.8,8.7993,8.8,1756,2022-06-24 15:57:00,PTGX
8.795,8.8,8.79,8.79,912,2022-06-24 15:58:00,PTGX
8.79,8.805,8.79,8.805,300,2022-06-24 15:59:00,PTGX
8.81,8.81,8.81,8.81,100,2022-06-24 16:00:00,PTGX
8.82,8.82,8.82,8.82,223,2022-06-24 16:01:00,PTGX
8.83,8.83,8.81,8.81,2559,2022-06-24 16:02:00,PTGX
8.795,8.81,8.795,8.81,500,2022-06-24 16:03:00,PTGX
8.805,8.815,8.8001,8.815,1000,2022-06-24 16:04:00,PTGX
8.81,8.82,8.8,8.82,2391,2022-06-24 16:05:00,PTGX
8.83,8.83,8.83,8.83,100,2022-06-24 16:06:00,PTGX
8.83,8.845,8.83,8.84,3494,2022-06-24 16:07:00,PTGX
8.84,8.84,8.84,8.84,100,2022-06-24 16:08:00,PTGX
8.855,8.855,8.855,8.855,100,2022-06-24 16:09:00,PTGX
8.86,8.865,8.86,8.865,400,2022-06-24 16:10:00,PTGX
8.87,8.875,8.87,8.875,337,2022-06-24 16:11:00,PTGX
8.875,8.89,8.87,8.89,600,2022-06-24 16:13:00,PTGX
8.89,8.895,8.89,8.895,627,2022-06-24 16:14:00,PTGX
8.9,8.91,8.9,8.91,1000,2022-06-24 16:15:00,PTGX
8.92,8.92,8.91,8.91,800,2022-06-24 16:16:00,PTGX
8.92,8.93,8.91,8.92,2400,2022-06-24 16:17:00,PTGX
8.92,8.92,8.92,8.92,600,2022-06-24 16:18:00,PTGX
8.92,8.92,8.9,8.9,2018,2022-06-24 16:19:00,PTGX
8.89,8.89,8.87,8.87,1400,2022-06-24 16:20:00,PTGX
8.87,8.87,8.83,8.83,800,2022-06-24 16:21:00,PTGX
8.82,8.84,8.82,8.84,1515,2022-06-24 16:22:00,PTGX
8.85,8.85,8.85,8.85,900,2022-06-24 16:23:00,PTGX
8.85,8.85,8.845,8.845,762,2022-06-24 16:25:00,PTGX
8.85,8.85,8.84,8.84,1100,2022-06-24 16:26:00,PTGX
8.82,8.82,8.82,8.82,100,2022-06-24 16:27:00,PTGX
8.83,8.835,8.83,8.835,600,2022-06-24 16:28:00,PTGX
8.835,8.835,8.81,8.81,1909,2022-06-24 16:31:00,PTGX
8.83,8.85,8.83,8.85,2403,2022-06-24 16:33:00,PTGX
8.84,8.84,8.84,8.84,900,2022-06-24 16:34:00,PTGX
8.83,8.835,8.825,8.835,303,2022-06-24 16:35:00,PTGX
8.835,8.835,8.83,8.83,400,2022-06-24 16:36:00,PTGX
8.84,8.84,8.84,8.84,1887,2022-06-24 16:37:00,PTGX
8.84,8.84,8.83,8.83,1600,2022-06-24 16:38:00,PTGX
8.83,8.83,8.83,8.83,134,2022-06-24 16:39:00,PTGX
8.83,8.83,8.82,8.82,600,2022-06-24 16:40:00,PTGX
8.83,8.84,8.83,8.835,1335,2022-06-24 16:41:00,PTGX
8.84,8.855,8.84,8.855,788,2022-06-24 16:42:00,PTGX
8.85,8.87,8.85,8.85,1100,2022-06-24 16:43:00,PTGX
8.8536,8.8536,8.8536,8.8536,200,2022-06-24 16:44:00,PTGX
8.855,8.855,8.85,8.85,977,2022-06-24 16:45:00,PTGX
8.85,8.85,8.84,8.84,957,2022-06-24 16:46:00,PTGX
8.84,8.845,8.84,8.845,720,2022-06-24 16:47:00,PTGX
8.85,8.85,8.85,8.85,100,2022-06-24 16:48:00,PTGX
8.845,8.845,8.845,8.845,100,2022-06-24 16:49:00,PTGX
8.85,8.86,8.85,8.855,1300,2022-06-24 16:50:00,PTGX
8.86,8.86,8.86,8.86,300,2022-06-24 16:51:00,PTGX
8.86,8.86,8.855,8.855,200,2022-06-24 16:52:00,PTGX
8.86,8.87,8.86,8.87,1700,2022-06-24 16:53:00,PTGX
8.87,8.88,8.87,8.88,1386,2022-06-24 16:54:00,PTGX
8.89,8.89,8.89,8.89,200,2022-06-24 16:57:00,PTGX
8.89,8.89,8.89,8.89,500,2022-06-24 16:58:00,PTGX
8.89,8.89,8.89,8.89,1200,2022-06-24 16:59:00,PTGX
8.89,8.89,8.89,8.89,200,2022-06-24 17:00:00,PTGX
8.88,8.88,8.87,8.88,1153,2022-06-24 17:01:00,PTGX
8.875,8.88,8.875,8.88,215,2022-06-24 17:02:00,PTGX
8.88,8.88,8.88,8.88,200,2022-06-24 17:03:00,PTGX
8.88,8.88,8.86,8.86,1508,2022-06-24 17:04:00,PTGX
8.85,8.85,8.85,8.85,100,2022-06-24 17:07:00,PTGX
8.85,8.85,8.85,8.85,800,2022-06-24 17:08:00,PTGX
8.85,8.865,8.85,8.865,626,2022-06-24 17:09:00,PTGX
8.87,8.88,8.87,8.88,1270,2022-06-24 17:10:00,PTGX
8.89,8.89,8.89,8.89,100,2022-06-24 17:12:00,PTGX
8.88,8.885,8.88,8.885,900,2022-06-24 17:13:00,PTGX
8.885,8.885,8.885,8.885,100,2022-06-24 17:14:00,PTGX
8.8869,8.8869,8.88,8.88,2764,2022-06-24 17:15:00,PTGX
8.89,8.9,8.89,8.9,2783,2022-06-24 17:16:00,PTGX
8.91,8.92,8.91,8.92,400,2022-06-24 17:17:00,PTGX
8.91,8.93,8.91,8.92,1600,2022-06-24 17:18:00,PTGX
8.93,8.945,8.93,8.945,607,2022-06-24 17:20:00,PTGX
8.95,8.955,8.95,8.955,201,2022-06-24 17:21:00,PTGX
8.96,8.96,8.96,8.96,200,2022-06-24 17:22:00,PTGX
8.96,8.96,8.96,8.96,626,2022-06-24 17:23:00,PTGX
8.96,8.96,8.96,8.96,200,2022-06-24 17:24:00,PTGX
8.95,8.95,8.95,8.95,1095,2022-06-24 17:25:00,PTGX
8.95,8.95,8.95,8.95,500,2022-06-24 17:26:00,PTGX
8.95,8.96,8.95,8.96,400,2022-06-24 17:27:00,PTGX
8.965,8.965,8.96,8.96,1246,2022-06-24 17:28:00,PTGX
8.96,8.96,8.96,8.96,100,2022-06-24 17:29:00,PTGX
8.95,8.95,8.945,8.95,1069,2022-06-24 17:30:00,PTGX
8.95,8.95,8.95,8.95,500,2022-06-24 17:31:00,PTGX
8.95,8.95,8.95,8.95,888,2022-06-24 17:32:00,PTGX
8.95,8.95,8.94,8.94,718,2022-06-24 17:33:00,PTGX
8.95,8.95,8.95,8.95,100,2022-06-24 17:34:00,PTGX
8.945,8.945,8.92,8.92,1392,2022-06-24 17:35:00,PTGX
8.92,8.92,8.92,8.92,554,2022-06-24 17:36:00,PTGX
8.93,8.9315,8.93,8.93,993,2022-06-24 17:37:00,PTGX
8.93,8.93,8.93,8.93,200,2022-06-24 17:38:00,PTGX
8.94,8.94,8.94,8.94,1100,2022-06-24 17:39:00,PTGX
8.94,8.94,8.935,8.935,300,2022-06-24 17:41:00,PTGX
8.93,8.94,8.93,8.94,1200,2022-06-24 17:42:00,PTGX
8.93,8.93,8.92,8.92,1394,2022-06-24 17:43:00,PTGX
8.92,8.92,8.91,8.91,1027,2022-06-24 17:45:00,PTGX
8.91,8.91,8.91,8.91,300,2022-06-24 17:47:00,PTGX
8.91,8.915,8.91,8.91,400,2022-06-24 17:49:00,PTGX
8.91,8.91,8.91,8.91,600,2022-06-24 17:50:00,PTGX
8.92,8.925,8.915,8.92,2772,2022-06-24 17:52:00,PTGX
8.92,8.92,8.92,8.92,100,2022-06-24 17:53:00,PTGX
8.91,8.915,8.9,8.915,2405,2022-06-24 17:54:00,PTGX
8.91,8.91,8.9,8.9,800,2022-06-24 17:55:00,PTGX
8.9,8.91,8.9,8.9,1766,2022-06-24 17:56:00,PTGX
8.905,8.905,8.9,8.9,400,2022-06-24 17:57:00,PTGX
8.9,8.9,8.9,8.9,100,2022-06-24 17:59:00,PTGX
8.9,8.92,8.9,8.92,2783,2022-06-24 18:00:00,PTGX
8.93,8.93,8.93,8.93,800,2022-06-24 18:01:00,PTGX
8.935,8.935,8.935,8.935,300,2022-06-24 18:02:00,PTGX
8.93,8.94,8.92,8.94,1000,2022-06-24 18:03:00,PTGX
8.94,8.94,8.935,8.94,1067,2022-06-24 18:05:00,PTGX
8.935,8.935,8.935,8.935,100,2022-06-24 18:06:00,PTGX
8.93,8.935,8.93,8.93,2000,2022-06-24 18:07:00,PTGX
8.93,8.94,8.93,8.94,1359,2022-06-24 18:08:00,PTGX
8.94,8.945,8.94,8.945,500,2022-06-24 18:09:00,PTGX
8.945,8.945,8.945,8.945,100,2022-06-24 18:10:00,PTGX
8.95,8.97,8.95,8.97,3836,2022-06-24 18:11:00,PTGX
8.97,8.975,8.97,8.97,1528,2022-06-24 18:12:00,PTGX
8.96,8.96,8.95,8.95,1247,2022-06-24 18:13:00,PTGX
8.95,8.95,8.95,8.95,600,2022-06-24 18:14:00,PTGX
8.96,8.965,8.96,8.965,2100,2022-06-24 18:15:00,PTGX
8.965,8.965,8.95,8.95,545,2022-06-24 18:16:00,PTGX
8.92,8.92,8.92,8.92,100,2022-06-24 18:17:00,PTGX
8.93,8.93,8.93,8.93,200,2022-06-24 18:18:00,PTGX
8.935,8.935,8.935,8.935,100,2022-06-24 18:19:00,PTGX
8.94,8.94,8.93,8.93,1919,2022-06-24 18:20:00,PTGX
8.93,8.93,8.93,8.93,100,2022-06-24 18:22:00,PTGX
8.93,8.93,8.92,8.93,543,2022-06-24 18:23:00,PTGX
8.93,8.93,8.925,8.93,803,2022-06-24 18:24:00,PTGX
8.93,8.94,8.93,8.94,2739,2022-06-24 18:25:00,PTGX
8.94,8.94,8.94,8.94,500,2022-06-24 18:26:00,PTGX
8.945,8.945,8.94,8.94,1050,2022-06-24 18:27:00,PTGX
8.945,8.945,8.94,8.94,530,2022-06-24 18:28:00,PTGX
8.95,8.95,8.95,8.95,200,2022-06-24 18:30:00,PTGX
8.945,8.945,8.945,8.945,200,2022-06-24 18:31:00,PTGX
8.945,8.945,8.94,8.94,2541,2022-06-24 18:32:00,PTGX
8.945,8.95,8.945,8.95,1109,2022-06-24 18:33:00,PTGX
8.955,8.965,8.955,8.96,2350,2022-06-24 18:34:00,PTGX
8.96,8.97,8.96,8.97,475,2022-06-24 18:35:00,PTGX
8.95,8.95,8.94,8.95,978,2022-06-24 18:36:00,PTGX
8.945,8.945,8.94,8.94,1003,2022-06-24 18:37:00,PTGX
8.945,8.955,8.945,8.95,1700,2022-06-24 18:39:00,PTGX
8.96,8.97,8.96,8.96,582,2022-06-24 18:41:00,PTGX
8.965,8.965,8.955,8.96,836,2022-06-24 18:42:00,PTGX
8.97,8.97,8.97,8.97,101,2022-06-24 18:43:00,PTGX
8.96,8.97,8.96,8.97,300,2022-06-24 18:44:00,PTGX
8.97,8.98,8.97,8.98,1200,2022-06-24 18:45:00,PTGX
8.98,8.98,8.97,8.97,1000,2022-06-24 18:46:00,PTGX
8.975,8.985,8.975,8.98,1856,2022-06-24 18:48:00,PTGX
8.99,8.99,8.99,8.99,200,2022-06-24 18:49:00,PTGX
8.985,8.99,8.985,8.99,300,2022-06-24 18:50:00,PTGX
8.985,8.99,8.98,8.99,1399,2022-06-24 18:51:00,PTGX
8.985,8.99,8.98,8.98,606,2022-06-24 18:52:00,PTGX
8.98,8.99,8.98,8.99,700,2022-06-24 18:53:00,PTGX
8.99,9.0,8.985,9.0,900,2022-06-24 18:54:00,PTGX
9.0,9.005,9.0,9.005,700,2022-06-24 18:55:00,PTGX
9.005,9.005,8.985,8.985,1402,2022-06-24 18:56:00,PTGX
8.98,9.0,8.98,8.99,2504,2022-06-24 18:57:00,PTGX
9.0,9.02,9.0,9.02,900,2022-06-24 18:58:00,PTGX
9.02,9.02,9.01,9.01,1789,2022-06-24 18:59:00,PTGX
9.025,9.03,9.025,9.03,400,2022-06-24 19:00:00,PTGX
9.02,9.02,9.0,9.01,1321,2022-06-24 19:01:00,PTGX
9.02,9.03,9.02,9.02,300,2022-06-24 19:02:00,PTGX
9.02,9.02,9.015,9.02,700,2022-06-24 19:03:00,PTGX
9.02,9.02,9.015,9.015,500,2022-06-24 19:04:00,PTGX
9.01,9.01,8.99,8.99,1998,2022-06-24 19:05:00,PTGX
9.0,9.0,8.99,9.0,400,2022-06-24 19:06:00,PTGX
9.0,9.0,9.0,9.0,500,2022-06-24 19:07:00,PTGX
9.005,9.005,9.005,9.005,200,2022-06-24 19:08:00,PTGX
9.0,9.005,9.0,9.0,600,2022-06-24 19:09:00,PTGX
9.0,9.01,9.0,9.0,700,2022-06-24 19:10:00,PTGX
9.01,9.025,9.01,9.02,2511,2022-06-24 19:11:00,PTGX
9.03,9.03,9.03,9.03,1388,2022-06-24 19:12:00,PTGX
9.04,9.05,9.04,9.045,1454,2022-06-24 19:13:00,PTGX
9.04,9.05,9.04,9.05,900,2022-06-24 19:14:00,PTGX
9.05,9.05,9.045,9.045,2649,2022-06-24 19:15:00,PTGX
9.05,9.06,9.05,9.06,556,2022-06-24 19:16:00,PTGX
9.05,9.05,9.03,9.03,1094,2022-06-24 19:17:00,PTGX
9.03,9.03,9.03,9.03,400,2022-06-24 19:18:00,PTGX
9.025,9.03,9.02,9.03,700,2022-06-24 19:19:00,PTGX
9.03,9.03,9.025,9.03,2009,2022-06-24 19:20:00,PTGX
9.03,9.04,9.03,9.04,2261,2022-06-24 19:21:00,PTGX
9.04,9.04,9.04,9.04,300,2022-06-24 19:22:00,PTGX
9.04,9.05,9.04,9.05,1059,2022-06-24 19:23:00,PTGX
9.045,9.07,9.045,9.058,5175,2022-06-24 19:24:00,PTGX
9.06,9.06,9.06,9.06,300,2022-06-24 19:25:00,PTGX
9.055,9.055,9.04,9.05,3393,2022-06-24 19:26:00,PTGX
9.05,9.065,9.05,9.06,1500,2022-06-24 19:27:00,PTGX
9.07,9.08,9.07,9.08,600,2022-06-24 19:28:00,PTGX
9.08,9.115,9.08,9.115,3296,2022-06-24 19:29:00,PTGX
9.115,9.13,9.11,9.12,5101,2022-06-24 19:30:00,PTGX
9.11,9.11,9.1,9.1,2895,2022-06-24 19:31:00,PTGX
9.11,9.119,9.11,9.11,400,2022-06-24 19:32:00,PTGX
9.115,9.12,9.115,9.12,3679,2022-06-24 19:33:00,PTGX
9.12,9.12,9.095,9.095,1164,2022-06-24 19:34:00,PTGX
9.1,9.1,9.095,9.095,4655,2022-06-24 19:35:00,PTGX
9.098,9.098,9.09,9.09,2250,2022-06-24 19:36:00,PTGX
9.09,9.09,9.09,9.09,1577,2022-06-24 19:37:00,PTGX
9.085,9.11,9.085,9.11,10292,2022-06-24 19:38:00,PTGX
9.11,9.12,9.11,9.12,300,2022-06-24 19:39:00,PTGX
9.12,9.13,9.115,9.12,6480,2022-06-24 19:40:00,PTGX
9.125,9.125,9.125,9.125,300,2022-06-24 19:41:00,PTGX
9.125,9.13,9.12,9.13,4060,2022-06-24 19:42:00,PTGX
9.12,9.125,9.115,9.12,947,2022-06-24 19:43:00,PTGX
9.125,9.125,9.12,9.12,4004,2022-06-24 19:44:00,PTGX
9.12,9.13,9.12,9.12,2737,2022-06-24 19:45:00,PTGX
9.125,9.13,9.12,9.125,1173,2022-06-24 19:46:00,PTGX
9.12,9.125,9.11,9.11,4150,2022-06-24 19:47:00,PTGX
9.11,9.11,9.09,9.09,5749,2022-06-24 19:48:00,PTGX
9.09,9.095,9.09,9.09,2325,2022-06-24 19:49:00,PTGX
9.09,9.1,9.07,9.095,7681,2022-06-24 19:50:00,PTGX
9.095,9.12,9.095,9.12,6357,2022-06-24 19:51:00,PTGX
9.11,9.12,9.1,9.11,3400,2022-06-24 19:52:00,PTGX
9.11,9.12,9.11,9.115,3000,2022-06-24 19:53:00,PTGX
9.12,9.14,9.095,9.14,15133,2022-06-24 19:54:00,PTGX
9.13,9.14,9.115,9.115,7242,2022-06-24 19:55:00,PTGX
9.11,9.12,9.1,9.1,12957,2022-06-24 19:56:00,PTGX
9.105,9.105,9.09,9.095,8199,2022-06-24 19:57:00,PTGX
9.095,9.11,9.09,9.1,11201,2022-06-24 19:58:00,PTGX
9.105,9.12,9.08,9.09,26794,2022-06-24 19:59:00,PTGX
9.08,9.08,9.08,9.08,754630,2022-06-24 20:00:00,PTGX
8.83,8.83,8.83,8.83,200,2022-06-27 13:23:00,PTGX
9.07,9.07,8.94,9.02,8981,2022-06-27 13:30:00,PTGX
9.04,9.1,9.04,9.08,3748,2022-06-27 13:31:00,PTGX
9.13,9.23,9.13,9.23,538,2022-06-27 13:32:00,PTGX
9.22,9.24,9.18,9.2,2935,2022-06-27 13:33:00,PTGX
9.19,9.29,9.16,9.29,1400,2022-06-27 13:34:00,PTGX
9.25,9.25,9.21,9.21,1535,2022-06-27 13:35:00,PTGX
9.18,9.18,9.16,9.17,1300,2022-06-27 13:36:00,PTGX
9.18,9.18,9.12,9.12,900,2022-06-27 13:37:00,PTGX
9.11,9.11,9.11,9.11,200,2022-06-27 13:38:00,PTGX
9.14,9.175,9.14,9.175,200,2022-06-27 13:39:00,PTGX
9.16,9.16,9.13,9.13,300,2022-06-27 13:40:00,PTGX
9.13,9.135,9.09,9.09,4411,2022-06-27 13:41:00,PTGX
9.09,9.09,9.07,9.07,200,2022-06-27 13:42:00,PTGX
9.07,9.07,9.02,9.02,200,2022-06-27 13:43:00,PTGX
9.015,9.015,9.015,9.015,200,2022-06-27 13:44:00,PTGX
9.02,9.04,8.99,9.04,1116,2022-06-27 13:45:00,PTGX
9.05,9.05,9.0,9.01,1402,2022-06-27 13:46:00,PTGX
9.01,9.01,9.01,9.01,100,2022-06-27 13:47:00,PTGX
8.98,8.98,8.98,8.98,100,2022-06-27 13:48:00,PTGX
8.96,8.96,8.96,8.96,210,2022-06-27 13:49:00,PTGX
8.98,8.98,8.98,8.98,645,2022-06-27 13:50:00,PTGX
8.98,8.98,8.98,8.98,100,2022-06-27 13:51:00,PTGX
9.0,9.0,8.95,8.95,1741,2022-06-27 13:52:00,PTGX
8.97,8.97,8.97,8.97,113,2022-06-27 13:53:00,PTGX
8.975,8.975,8.96,8.96,200,2022-06-27 13:54:00,PTGX
8.95,8.975,8.95,8.975,200,2022-06-27 13:55:00,PTGX
8.975,9.01,8.975,9.01,500,2022-06-27 13:56:00,PTGX
9.02,9.02,9.02,9.02,100,2022-06-27 13:57:00,PTGX
9.01,9.02,8.98,9.01,7465,2022-06-27 13:59:00,PTGX
9.02,9.075,9.02,9.075,1500,2022-06-27 14:00:00,PTGX
9.08,9.09,9.08,9.09,200,2022-06-27 14:01:00,PTGX
9.105,9.105,9.105,9.105,100,2022-06-27 14:02:00,PTGX
9.1,9.1,9.1,9.1,300,2022-06-27 14:03:00,PTGX
9.105,9.105,9.105,9.105,200,2022-06-27 14:04:00,PTGX
9.125,9.125,9.11,9.11,756,2022-06-27 14:05:00,PTGX
9.11,9.145,9.11,9.145,2100,2022-06-27 14:06:00,PTGX
9.16,9.16,9.16,9.16,100,2022-06-27 14:07:00,PTGX
9.16,9.16,9.16,9.16,548,2022-06-27 14:08:00,PTGX
9.18,9.18,9.16,9.16,200,2022-06-27 14:09:00,PTGX
9.16,9.16,9.1301,9.1301,4800,2022-06-27 14:10:00,PTGX
9.13,9.13,9.12,9.12,1350,2022-06-27 14:11:00,PTGX
9.14,9.15,9.14,9.14,548,2022-06-27 14:12:00,PTGX
9.15,9.15,9.13,9.13,853,2022-06-27 14:13:00,PTGX
9.11,9.11,9.09,9.09,200,2022-06-27 14:14:00,PTGX
9.08,9.08,9.07,9.07,418,2022-06-27 14:15:00,PTGX
9.05,9.075,9.05,9.075,1700,2022-06-27 14:16:00,PTGX
9.075,9.075,9.075,9.075,100,2022-06-27 14:17:00,PTGX
9.08,9.085,9.07,9.07,1384,2022-06-27 14:19:00,PTGX
9.07,9.08,9.06,9.06,600,2022-06-27 14:20:00,PTGX
9.065,9.07,9.05,9.06,1200,2022-06-27 14:21:00,PTGX
9.04,9.04,9.01,9.015,706,2022-06-27 14:22:00,PTGX
9.0,9.0,8.99,8.99,708,2022-06-27 14:23:00,PTGX
8.97,8.97,8.97,8.97,319,2022-06-27 14:24:00,PTGX
8.96,8.96,8.94,8.94,562,2022-06-27 14:25:00,PTGX
8.935,8.95,8.935,8.94,600,2022-06-27 14:26:00,PTGX
8.93,8.93,8.93,8.93,300,2022-06-27 14:27:00,PTGX
8.91,8.94,8.91,8.94,1128,2022-06-27 14:28:00,PTGX
8.945,8.95,8.92,8.92,444,2022-06-27 14:29:00,PTGX
8.94,8.94,8.94,8.94,200,2022-06-27 14:30:00,PTGX
8.94,8.94,8.94,8.94,100,2022-06-27 14:31:00,PTGX
8.94,8.95,8.94,8.95,200,2022-06-27 14:32:00,PTGX
8.95,9.01,8.945,9.01,2128,2022-06-27 14:33:00,PTGX
9.01,9.01,9.01,9.01,200,2022-06-27 14:34:00,PTGX
9.04,9.06,9.04,9.06,490,2022-06-27 14:35:00,PTGX
9.06,9.06,9.05,9.05,941,2022-06-27 14:36:00,PTGX
9.06,9.11,9.06,9.1,1640,2022-06-27 14:37:00,PTGX
9.1,9.11,9.09,9.11,1665,2022-06-27 14:38:00,PTGX
9.14,9.155,9.135,9.15,800,2022-06-27 14:40:00,PTGX
9.13,9.13,9.13,9.13,200,2022-06-27 14:41:00,PTGX
9.12,9.16,9.12,9.15,400,2022-06-27 14:42:00,PTGX
9.155,9.155,9.155,9.155,100,2022-06-27 14:43:00,PTGX
9.16,9.18,9.16,9.18,2473,2022-06-27 14:44:00,PTGX
9.18,9.18,9.17,9.17,1000,2022-06-27 14:45:00,PTGX
9.16,9.17,9.16,9.17,334,2022-06-27 14:46:00,PTGX
9.18,9.2,9.18,9.2,400,2022-06-27 14:47:00,PTGX
9.21,9.21,9.19,9.19,1100,2022-06-27 14:48:00,PTGX
9.18,9.185,9.17,9.17,2100,2022-06-27 14:49:00,PTGX
9.175,9.22,9.175,9.2,500,2022-06-27 14:50:00,PTGX
9.225,9.225,9.225,9.225,200,2022-06-27 14:52:00,PTGX
9.21,9.22,9.21,9.22,741,2022-06-27 14:53:00,PTGX
9.22,9.22,9.22,9.22,100,2022-06-27 14:54:00,PTGX
9.22,9.22,9.21,9.21,200,2022-06-27 14:55:00,PTGX
9.215,9.22,9.215,9.22,400,2022-06-27 14:57:00,PTGX
9.225,9.225,9.22,9.22,300,2022-06-27 14:58:00,PTGX
9.21,9.21,9.21,9.21,600,2022-06-27 14:59:00,PTGX
9.21,9.22,9.21,9.21,500,2022-06-27 15:00:00,PTGX
9.2,9.2,9.19,9.19,1100,2022-06-27 15:01:00,PTGX
9.195,9.21,9.195,9.21,1263,2022-06-27 15:02:00,PTGX
9.21,9.21,9.21,9.21,341,2022-06-27 15:03:00,PTGX
9.2,9.2,9.2,9.2,200,2022-06-27 15:04:00,PTGX
9.19,9.19,9.18,9.18,700,2022-06-27 15:05:00,PTGX
9.17,9.185,9.17,9.185,1287,2022-06-27 15:06:00,PTGX
9.18,9.18,9.16,9.16,300,2022-06-27 15:08:00,PTGX
9.16,9.16,9.15,9.15,400,2022-06-27 15:09:00,PTGX
9.155,9.16,9.155,9.16,1000,2022-06-27 15:11:00,PTGX
9.16,9.16,9.15,9.15,400,2022-06-27 15:12:00,PTGX
9.13,9.14,9.13,9.14,500,2022-06-27 15:14:00,PTGX
9.13,9.13,9.13,9.13,100,2022-06-27 15:15:00,PTGX
9.14,9.145,9.14,9.145,316,2022-06-27 15:16:00,PTGX
9.13,9.13,9.12,9.12,698,2022-06-27 15:18:00,PTGX
9.13,9.14,9.13,9.14,1120,2022-06-27 15:19:00,PTGX
9.15,9.17,9.15,9.17,1763,2022-06-27 15:20:00,PTGX
9.17,9.17,9.17,9.17,300,2022-06-27 15:21:00,PTGX
9.2,9.2,9.2,9.2,356,2022-06-27 15:22:00,PTGX
9.21,9.21,9.18,9.18,5610,2022-06-27 15:23:00,PTGX
9.1899,9.215,9.1899,9.215,4700,2022-06-27 15:24:00,PTGX
9.23,9.23,9.22,9.22,2200,2022-06-27 15:25:00,PTGX
9.22,9.22,9.21,9.21,1000,2022-06-27 15:26:00,PTGX
9.21,9.22,9.21,9.215,650,2022-06-27 15:27:00,PTGX
9.215,9.215,9.215,9.215,287,2022-06-27 15:28:00,PTGX
9.215,9.225,9.21,9.225,1017,2022-06-27 15:29:00,PTGX
9.23,9.23,9.22,9.22,900,2022-06-27 15:30:00,PTGX
9.21,9.21,9.2,9.2,1121,2022-06-27 15:31:00,PTGX
9.21,9.22,9.2,9.2,898,2022-06-27 15:33:00,PTGX
9.21,9.21,9.21,9.21,200,2022-06-27 15:35:00,PTGX
9.22,9.22,9.215,9.215,1000,2022-06-27 15:36:00,PTGX
9.215,9.22,9.215,9.22,300,2022-06-27 15:37:00,PTGX
9.225,9.225,9.22,9.22,714,2022-06-27 15:39:00,PTGX
9.225,9.225,9.225,9.225,614,2022-06-27 15:40:00,PTGX
9.225,9.225,9.225,9.225,200,2022-06-27 15:41:00,PTGX
9.225,9.25,9.225,9.23,2585,2022-06-27 15:42:00,PTGX
9.23,9.24,9.23,9.24,400,2022-06-27 15:43:00,PTGX
9.24,9.25,9.24,9.24,900,2022-06-27 15:44:00,PTGX
9.255,9.255,9.25,9.25,500,2022-06-27 15:46:00,PTGX
9.24,9.24,9.23,9.23,873,2022-06-27 15:47:00,PTGX
9.23,9.23,9.23,9.23,200,2022-06-27 15:48:00,PTGX
9.24,9.24,9.235,9.235,300,2022-06-27 15:49:00,PTGX
9.22,9.22,9.215,9.215,878,2022-06-27 15:51:00,PTGX
9.22,9.235,9.22,9.235,757,2022-06-27 15:52:00,PTGX
9.24,9.24,9.23,9.23,800,2022-06-27 15:53:00,PTGX
9.21,9.21,9.19,9.19,1309,2022-06-27 15:55:00,PTGX
9.19,9.19,9.19,9.19,100,2022-06-27 15:56:00,PTGX
9.2,9.2,9.18,9.18,1003,2022-06-27 15:57:00,PTGX
9.16,9.16,9.16,9.16,200,2022-06-27 15:58:00,PTGX
9.16,9.16,9.14,9.14,1943,2022-06-27 15:59:00,PTGX
9.13,9.13,9.13,9.13,725,2022-06-27 16:00:00,PTGX
9.11,9.11,9.11,9.11,1000,2022-06-27 16:01:00,PTGX
9.1,9.1,9.08,9.09,900,2022-06-27 16:02:00,PTGX
9.095,9.095,9.095,9.095,100,2022-06-27 16:03:00,PTGX
9.07,9.07,9.07,9.07,100,2022-06-27 16:04:00,PTGX
9.07,9.07,9.07,9.07,200,2022-06-27 16:05:00,PTGX
9.08,9.08,9.055,9.065,800,2022-06-27 16:06:00,PTGX
9.065,9.08,9.065,9.08,400,2022-06-27 16:07:00,PTGX
9.08,9.08,9.08,9.08,100,2022-06-27 16:08:00,PTGX
9.08,9.08,9.07,9.07,400,2022-06-27 16:09:00,PTGX
9.07,9.07,9.07,9.07,100,2022-06-27 16:10:00,PTGX
9.07,9.07,9.07,9.07,100,2022-06-27 16:11:00,PTGX
9.07,9.09,9.07,9.09,1066,2022-06-27 16:12:00,PTGX
9.09,9.11,9.09,9.11,2750,2022-06-27 16:13:00,PTGX
9.12,9.12,9.115,9.12,300,2022-06-27 16:14:00,PTGX
9.11,9.11,9.09,9.09,1183,2022-06-27 16:15:00,PTGX
9.09,9.09,9.09,9.09,100,2022-06-27 16:16:00,PTGX
9.08,9.08,9.08,9.08,100,2022-06-27 16:17:00,PTGX
9.08,9.09,9.08,9.08,300,2022-06-27 16:18:00,PTGX
9.085,9.085,9.085,9.085,100,2022-06-27 16:19:00,PTGX
9.08,9.08,9.06,9.08,1601,2022-06-27 16:20:00,PTGX
9.09,9.11,9.09,9.11,500,2022-06-27 16:21:00,PTGX
9.12,9.13,9.11,9.11,950,2022-06-27 16:22:00,PTGX
9.11,9.11,9.105,9.105,1016,2022-06-27 16:24:00,PTGX
9.105,9.105,9.085,9.085,994,2022-06-27 16:25:00,PTGX
9.08,9.08,9.04,9.08,10967,2022-06-27 16:26:00,PTGX
9.08,9.08,9.07,9.07,1446,2022-06-27 16:27:00,PTGX
9.07,9.08,9.07,9.08,700,2022-06-27 16:28:00,PTGX
9.075,9.08,9.07,9.07,400,2022-06-27 16:30:00,PTGX
9.08,9.08,9.075,9.08,700,2022-06-27 16:31:00,PTGX
9.075,9.075,9.075,9.075,351,2022-06-27 16:32:00,PTGX
9.09,9.1,9.09,9.1,600,2022-06-27 16:33:00,PTGX
9.11,9.11,9.11,9.11,300,2022-06-27 16:34:00,PTGX
9.11,9.11,9.105,9.11,411,2022-06-27 16:35:00,PTGX
9.11,9.11,9.11,9.11,100,2022-06-27 16:36:00,PTGX
9.11,9.11,9.105,9.11,1600,2022-06-27 16:37:00,PTGX
9.11,9.11,9.11,9.11,1057,2022-06-27 16:38:00,PTGX
9.105,9.105,9.105,9.105,100,2022-06-27 16:40:00,PTGX
9.11,9.11,9.11,9.11,800,2022-06-27 16:41:00,PTGX
9.11,9.11,9.11,9.11,400,2022-06-27 16:42:00,PTGX
9.11,9.12,9.11,9.12,600,2022-06-27 16:43:00,PTGX
9.12,9.13,9.12,9.125,1056,2022-06-27 16:44:00,PTGX
9.13,9.13,9.13,9.13,377,2022-06-27 16:46:00,PTGX
9.14,9.145,9.14,9.145,400,2022-06-27 16:47:00,PTGX
9.18,9.18,9.18,9.18,200,2022-06-27 16:48:00,PTGX
9.17,9.17,9.17,9.17,758,2022-06-27 16:50:00,PTGX
9.18,9.18,9.18,9.18,564,2022-06-27 16:51:00,PTGX
9.19,9.2,9.19,9.2,500,2022-06-27 16:52:00,PTGX
9.215,9.22,9.21,9.21,1303,2022-06-27 16:54:00,PTGX
9.21,9.21,9.2,9.2,300,2022-06-27 16:55:00,PTGX
9.19,9.2,9.19,9.2,300,2022-06-27 16:56:00,PTGX
9.195,9.195,9.18,9.18,1190,2022-06-27 16:57:00,PTGX
9.18,9.18,9.17,9.17,300,2022-06-27 16:58:00,PTGX
9.17,9.175,9.15,9.175,2010,2022-06-27 16:59:00,PTGX
9.18,9.18,9.18,9.18,200,2022-06-27 17:01:00,PTGX
9.17,9.19,9.17,9.19,796,2022-06-27 17:02:00,PTGX
9.1801,9.1801,9.1801,9.1801,100,2022-06-27 17:03:00,PTGX
9.21,9.21,9.21,9.21,100,2022-06-27 17:04:00,PTGX
9.2,9.2,9.2,9.2,200,2022-06-27 17:05:00,PTGX
9.2,9.2,9.19,9.19,653,2022-06-27 17:06:00,PTGX
9.18,9.18,9.18,9.18,400,2022-06-27 17:08:00,PTGX
9.19,9.2,9.19,9.2,591,2022-06-27 17:09:00,PTGX
9.19,9.21,9.19,9.21,1100,2022-06-27 17:10:00,PTGX
9.21,9.23,9.21,9.22,1200,2022-06-27 17:11:00,PTGX
9.23,9.23,9.23,9.23,100,2022-06-27 17:12:00,PTGX
9.24,9.24,9.24,9.24,200,2022-06-27 17:14:00,PTGX
9.25,9.25,9.25,9.25,1000,2022-06-27 17:16:00,PTGX
9.24,9.24,9.24,9.24,200,2022-06-27 17:17:00,PTGX
9.235,9.25,9.235,9.24,601,2022-06-27 17:18:00,PTGX
9.24,9.26,9.24,9.26,882,2022-06-27 17:19:00,PTGX
9.24,9.24,9.24,9.24,300,2022-06-27 17:20:00,PTGX
9.25,9.25,9.25,9.25,100,2022-06-27 17:21:00,PTGX
9.25,9.25,9.25,9.25,101,2022-06-27 17:22:00,PTGX
9.24,9.24,9.24,9.24,315,2022-06-27 17:23:00,PTGX
9.26,9.26,9.25,9.2575,1834,2022-06-27 17:24:00,PTGX
9.25,9.25,9.25,9.25,300,2022-06-27 17:26:00,PTGX
9.255,9.255,9.25,9.25,300,2022-06-27 17:27:00,PTGX
9.24,9.24,9.24,9.24,100,2022-06-27 17:28:00,PTGX
9.25,9.25,9.25,9.25,100,2022-06-27 17:29:00,PTGX
9.25,9.25,9.24,9.24,500,2022-06-27 17:30:00,PTGX
9.23,9.235,9.225,9.235,1146,2022-06-27 17:33:00,PTGX
9.235,9.235,9.21,9.21,500,2022-06-27 17:35:00,PTGX
9.2,9.2,9.2,9.2,100,2022-06-27 17:36:00,PTGX
9.2,9.21,9.2,9.21,2012,2022-06-27 17:38:00,PTGX
9.22,9.23,9.22,9.225,1000,2022-06-27 17:39:00,PTGX
9.225,9.225,9.22,9.22,600,2022-06-27 17:40:00,PTGX
9.21,9.21,9.205,9.205,300,2022-06-27 17:41:00,PTGX
9.2,9.2,9.2,9.2,100,2022-06-27 17:42:00,PTGX
9.185,9.185,9.18,9.18,300,2022-06-27 17:43:00,PTGX
9.18,9.18,9.18,9.18,100,2022-06-27 17:45:00,PTGX
9.17,9.18,9.17,9.18,500,2022-06-27 17:46:00,PTGX
9.18,9.18,9.18,9.18,100,2022-06-27 17:47:00,PTGX
9.18,9.18,9.17,9.17,600,2022-06-27 17:48:00,PTGX
9.18,9.18,9.18,9.18,100,2022-06-27 17:49:00,PTGX
9.19,9.19,9.19,9.19,100,2022-06-27 17:51:00,PTGX
9.2,9.2,9.19,9.19,200,2022-06-27 17:52:00,PTGX
9.2,9.2,9.2,9.2,100,2022-06-27 17:53:00,PTGX
9.2,9.2,9.2,9.2,100,2022-06-27 17:54:00,PTGX
9.195,9.195,9.18,9.18,400,2022-06-27 17:55:00,PTGX
9.17,9.18,9.17,9.18,2389,2022-06-27 17:56:00,PTGX
9.17,9.18,9.17,9.18,800,2022-06-27 17:57:00,PTGX
9.17,9.17,9.17,9.17,100,2022-06-27 17:59:00,PTGX
9.17,9.18,9.16,9.17,2270,2022-06-27 18:00:00,PTGX
9.18,9.18,9.18,9.18,300,2022-06-27 18:01:00,PTGX
9.19,9.19,9.19,9.19,209,2022-06-27 18:03:00,PTGX
9.17,9.17,9.17,9.17,200,2022-06-27 18:06:00,PTGX
9.175,9.175,9.175,9.175,200,2022-06-27 18:07:00,PTGX
9.18,9.18,9.18,9.18,200,2022-06-27 18:08:00,PTGX
9.175,9.175,9.175,9.175,100,2022-06-27 18:09:00,PTGX
9.18,9.19,9.18,9.19,300,2022-06-27 18:10:00,PTGX
9.19,9.19,9.19,9.19,100,2022-06-27 18:11:00,PTGX
9.2,9.22,9.19,9.22,1544,2022-06-27 18:12:00,PTGX
9.225,9.225,9.22,9.22,200,2022-06-27 18:13:00,PTGX
9.23,9.23,9.21,9.21,500,2022-06-27 18:14:00,PTGX
9.21,9.21,9.21,9.21,100,2022-06-27 18:15:00,PTGX
9.2,9.2,9.2,9.2,916,2022-06-27 18:16:00,PTGX
9.21,9.21,9.2,9.2,391,2022-06-27 18:17:00,PTGX
9.23,9.23,9.23,9.23,100,2022-06-27 18:18:00,PTGX
9.235,9.24,9.225,9.23,1300,2022-06-27 18:20:00,PTGX
9.23,9.23,9.225,9.225,1100,2022-06-27 18:21:00,PTGX
9.23,9.23,9.23,9.23,200,2022-06-27 18:22:00,PTGX
9.24,9.25,9.24,9.25,270,2022-06-27 18:23:00,PTGX
9.24,9.24,9.24,9.24,810,2022-06-27 18:24:00,PTGX
9.23,9.23,9.21,9.21,1500,2022-06-27 18:25:00,PTGX
9.22,9.23,9.22,9.23,641,2022-06-27 18:26:00,PTGX
9.24,9.25,9.24,9.25,600,2022-06-27 18:29:00,PTGX
9.26,9.26,9.26,9.26,100,2022-06-27 18:30:00,PTGX
9.265,9.265,9.265,9.265,100,2022-06-27 18:31:00,PTGX
9.265,9.28,9.26,9.27,1231,2022-06-27 18:32:00,PTGX
9.27,9.27,9.25,9.25,600,2022-06-27 18:33:00,PTGX
9.25,9.255,9.235,9.24,1400,2022-06-27 18:34:00,PTGX
9.24,9.24,9.24,9.24,100,2022-06-27 18:35:00,PTGX
9.245,9.245,9.24,9.24,284,2022-06-27 18:36:00,PTGX
9.235,9.235,9.22,9.22,721,2022-06-27 18:37:00,PTGX
9.23,9.23,9.23,9.23,467,2022-06-27 18:38:00,PTGX
9.23,9.23,9.23,9.23,100,2022-06-27 18:39:00,PTGX
9.22,9.22,9.22,9.22,300,2022-06-27 18:40:00,PTGX
9.22,9.22,9.22,9.22,100,2022-06-27 18:41:00,PTGX
9.22,9.22,9.22,9.22,100,2022-06-27 18:42:00,PTGX
9.22,9.23,9.22,9.23,500,2022-06-27 18:43:00,PTGX
9.23,9.23,9.23,9.23,100,2022-06-27 18:44:00,PTGX
9.23,9.23,9.21,9.21,5268,2022-06-27 18:46:00,PTGX
9.21,9.21,9.21,9.21,1209,2022-06-27 18:47:00,PTGX
9.205,9.205,9.2,9.2,1731,2022-06-27 18:48:00,PTGX
9.2,9.2,9.2,9.2,1600,2022-06-27 18:49:00,PTGX
9.19,9.19,9.19,9.19,219,2022-06-27 18:50:00,PTGX
9.19,9.2,9.17,9.2,2507,2022-06-27 18:51:00,PTGX
9.19,9.19,9.19,9.19,100,2022-06-27 18:52:00,PTGX
9.19,9.19,9.185,9.185,200,2022-06-27 18:54:00,PTGX
9.18,9.18,9.18,9.18,300,2022-06-27 18:55:00,PTGX
9.18,9.19,9.18,9.185,770,2022-06-27 18:56:00,PTGX
9.19,9.19,9.19,9.19,100,2022-06-27 18:57:00,PTGX
9.19,9.19,9.18,9.18,500,2022-06-27 18:58:00,PTGX
9.18,9.19,9.18,9.19,3500,2022-06-27 18:59:00,PTGX
9.19,9.19,9.185,9.19,300,2022-06-27 19:00:00,PTGX
9.19,9.19,9.18,9.18,955,2022-06-27 19:01:00,PTGX
9.18,9.18,9.175,9.175,500,2022-06-27 19:02:00,PTGX
9.17,9.19,9.165,9.19,6693,2022-06-27 19:03:00,PTGX
9.2,9.2,9.19,9.19,2847,2022-06-27 19:04:00,PTGX
9.19,9.19,9.16,9.16,1600,2022-06-27 19:05:00,PTGX
9.14,9.14,9.14,9.14,100,2022-06-27 19:06:00,PTGX
9.15,9.15,9.15,9.15,542,2022-06-27 19:07:00,PTGX
9.16,9.16,9.15,9.15,11584,2022-06-27 19:08:00,PTGX
9.15,9.16,9.15,9.16,900,2022-06-27 19:09:00,PTGX
9.16,9.165,9.16,9.16,1000,2022-06-27 19:10:00,PTGX
9.155,9.16,9.155,9.16,500,2022-06-27 19:11:00,PTGX
9.16,9.16,9.15,9.15,673,2022-06-27 19:12:00,PTGX
9.155,9.155,9.145,9.145,500,2022-06-27 19:13:00,PTGX
9.15,9.15,9.15,9.15,300,2022-06-27 19:14:00,PTGX
9.15,9.15,9.15,9.15,100,2022-06-27 19:15:00,PTGX
9.155,9.16,9.155,9.16,601,2022-06-27 19:16:00,PTGX
9.17,9.17,9.16,9.17,2083,2022-06-27 19:17:00,PTGX
9.17,9.17,9.16,9.16,5433,2022-06-27 19:18:00,PTGX
9.155,9.155,9.155,9.155,269,2022-06-27 19:19:00,PTGX
9.155,9.155,9.135,9.135,800,2022-06-27 19:20:00,PTGX
9.13,9.13,9.12,9.12,400,2022-06-27 19:21:00,PTGX
9.115,9.12,9.105,9.12,1329,2022-06-27 19:22:00,PTGX
9.11,9.11,9.105,9.105,643,2022-06-27 19:23:00,PTGX
9.11,9.12,9.11,9.1101,1100,2022-06-27 19:24:00,PTGX
9.115,9.12,9.115,9.115,1200,2022-06-27 19:25:00,PTGX
9.11,9.11,9.09,9.1,1400,2022-06-27 19:27:00,PTGX
9.095,9.1,9.09,9.09,2325,2022-06-27 19:29:00,PTGX
9.08,9.08,9.07,9.08,700,2022-06-27 19:30:00,PTGX
9.079,9.09,9.075,9.09,600,2022-06-27 19:31:00,PTGX
9.1,9.1,9.08,9.085,10946,2022-06-27 19:32:00,PTGX
9.085,9.085,9.08,9.08,600,2022-06-27 19:33:00,PTGX
9.075,9.075,9.055,9.06,1262,2022-06-27 19:34:00,PTGX
9.045,9.045,9.04,9.04,617,2022-06-27 19:35:00,PTGX
9.04,9.05,9.02,9.025,2555,2022-06-27 19:36:00,PTGX
9.015,9.025,9.01,9.015,1000,2022-06-27 19:37:00,PTGX
9.01,9.015,9.01,9.01,800,2022-06-27 19:38:00,PTGX
9.0182,9.0182,9.01,9.01,971,2022-06-27 19:39:00,PTGX
9.01,9.02,9.01,9.015,700,2022-06-27 19:40:00,PTGX
9.01,9.03,9.01,9.03,2800,2022-06-27 19:41:00,PTGX
9.03,9.04,9.015,9.029,2000,2022-06-27 19:42:00,PTGX
9.035,9.05,9.035,9.05,600,2022-06-27 19:43:00,PTGX
9.055,9.055,9.055,9.055,200,2022-06-27 19:44:00,PTGX
9.06,9.07,9.055,9.065,1253,2022-06-27 19:45:00,PTGX
9.06,9.06,9.055,9.055,700,2022-06-27 19:46:00,PTGX
9.055,9.055,9.045,9.05,500,2022-06-27 19:47:00,PTGX
9.05,9.06,9.05,9.055,2516,2022-06-27 19:48:00,PTGX
9.06,9.08,9.06,9.075,9586,2022-06-27 19:49:00,PTGX
9.075,9.12,9.07,9.12,14795,2022-06-27 19:50:00,PTGX
9.12,9.12,9.1,9.119,11307,2022-06-27 19:51:00,PTGX
9.11,9.11,9.07,9.07,4117,2022-06-27 19:52:00,PTGX
9.065,9.065,9.05,9.055,2863,2022-06-27 19:53:00,PTGX
9.055,9.06,9.05,9.05,1908,2022-06-27 19:54:00,PTGX
9.068,9.068,9.06,9.06,703,2022-06-27 19:55:00,PTGX
9.065,9.09,9.06,9.09,6050,2022-06-27 19:56:00,PTGX
9.09,9.11,9.09,9.11,4805,2022-06-27 19:57:00,PTGX
9.115,9.135,9.11,9.13,19685,2022-06-27 19:58:00,PTGX
9.125,9.14,9.12,9.14,24798,2022-06-27 19:59:00,PTGX
9.12,9.12,9.12,9.12,143865,2022-06-27 20:00:00,PTGX
9.12,9.12,9.12,9.12,4450,2022-06-27 20:02:00,PTGX
9.18,9.28,9.18,9.27,11921,2022-06-28 13:30:00,PTGX
9.25,9.26,9.17,9.21,1500,2022-06-28 13:31:00,PTGX
9.25,9.27,9.25,9.25,1200,2022-06-28 13:32:00,PTGX
9.25,9.25,9.18,9.19,2193,2022-06-28 13:33:00,PTGX
9.17,9.19,9.17,9.18,1100,2022-06-28 13:34:00,PTGX
9.19,9.2,9.19,9.2,200,2022-06-28 13:35:00,PTGX
9.2,9.25,9.2,9.23,1100,2022-06-28 13:36:00,PTGX
9.23,9.25,9.22,9.25,3785,2022-06-28 13:37:00,PTGX
9.25,9.25,9.25,9.25,700,2022-06-28 13:38:00,PTGX
9.23,9.26,9.23,9.26,3756,2022-06-28 13:39:00,PTGX
9.27,9.27,9.27,9.27,105,2022-06-28 13:41:00,PTGX
9.24,9.24,9.23,9.23,300,2022-06-28 13:42:00,PTGX
9.24,9.27,9.24,9.27,300,2022-06-28 13:43:00,PTGX
9.26,9.27,9.23,9.27,1152,2022-06-28 13:45:00,PTGX
9.3,9.3,9.24,9.24,3500,2022-06-28 13:46:00,PTGX
9.24,9.25,9.235,9.25,2251,2022-06-28 13:47:00,PTGX
9.22,9.25,9.22,9.24,600,2022-06-28 13:49:00,PTGX
9.23,9.24,9.23,9.24,300,2022-06-28 13:50:00,PTGX
9.2301,9.25,9.22,9.22,9031,2022-06-28 13:51:00,PTGX
9.2,9.22,9.19,9.22,1803,2022-06-28 13:53:00,PTGX
9.2,9.2,9.18,9.18,975,2022-06-28 13:55:00,PTGX
9.17,9.17,9.17,9.17,100,2022-06-28 13:56:00,PTGX
9.155,9.16,9.14,9.16,500,2022-06-28 13:57:00,PTGX
9.1,9.1,9.1,9.1,100,2022-06-28 13:59:00,PTGX
9.11,9.12,9.11,9.11,994,2022-06-28 14:01:00,PTGX
9.08,9.08,9.08,9.08,100,2022-06-28 14:02:00,PTGX
9.05,9.06,9.04,9.04,3734,2022-06-28 14:04:00,PTGX
9.0307,9.0307,9.03,9.03,3834,2022-06-28 14:05:00,PTGX
9.0001,9.0001,9.0,9.0,295,2022-06-28 14:07:00,PTGX
9.02,9.02,9.02,9.02,600,2022-06-28 14:08:00,PTGX
9.04,9.04,9.03,9.04,700,2022-06-28 14:09:00,PTGX
9.0213,9.0213,9.0213,9.0213,800,2022-06-28 14:10:00,PTGX
9.04,9.05,9.0301,9.04,7229,2022-06-28 14:11:00,PTGX
9.05,9.05,9.04,9.04,1176,2022-06-28 14:12:00,PTGX
9.03,9.03,9.02,9.02,1184,2022-06-28 14:13:00,PTGX
9.03,9.04,9.03,9.04,200,2022-06-28 14:15:00,PTGX
9.04,9.04,9.04,9.04,100,2022-06-28 14:16:00,PTGX
9.03,9.03,9.01,9.03,11905,2022-06-28 14:18:00,PTGX
9.04,9.05,9.0,9.0,2500,2022-06-28 14:19:00,PTGX
9.0,9.0,8.98,8.98,1274,2022-06-28 14:21:00,PTGX
8.97,8.97,8.94,8.94,2916,2022-06-28 14:22:00,PTGX
8.93,8.93,8.9,8.92,1845,2022-06-28 14:23:00,PTGX
8.9,8.93,8.9,8.93,1556,2022-06-28 14:24:00,PTGX
8.92,8.94,8.91,8.91,2164,2022-06-28 14:25:00,PTGX
8.9,8.9,8.9,8.9,561,2022-06-28 14:26:00,PTGX
8.89,8.89,8.87,8.87,400,2022-06-28 14:27:00,PTGX
8.86,8.87,8.85,8.87,3101,2022-06-28 14:28:00,PTGX
8.86,8.87,8.85,8.85,1200,2022-06-28 14:29:00,PTGX
8.84,8.84,8.83,8.83,200,2022-06-28 14:30:00,PTGX
8.82,8.82,8.81,8.81,300,2022-06-28 14:31:00,PTGX
8.8,8.8,8.8,8.8,100,2022-06-28 14:32:00,PTGX
8.79,8.8,8.79,8.8,1510,2022-06-28 14:33:00,PTGX
8.8,8.84,8.8,8.84,2924,2022-06-28 14:34:00,PTGX
8.84,8.84,8.83,8.835,400,2022-06-28 14:35:00,PTGX
8.84,8.84,8.8,8.8,1911,2022-06-28 14:36:00,PTGX
8.79,8.79,8.79,8.79,116,2022-06-28 14:37:00,PTGX
8.79,8.79,8.79,8.79,142,2022-06-28 14:38:00,PTGX
8.78,8.78,8.74,8.76,2599,2022-06-28 14:39:00,PTGX
8.76,8.76,8.75,8.75,706,2022-06-28 14:40:00,PTGX
8.75,8.75,8.7459,8.7459,991,2022-06-28 14:41:00,PTGX
8.73,8.73,8.73,8.73,300,2022-06-28 14:42:00,PTGX
8.725,8.725,8.7,8.7,1150,2022-06-28 14:43:00,PTGX
8.71,8.71,8.71,8.71,700,2022-06-28 14:44:00,PTGX
8.71,8.71,8.69,8.69,1135,2022-06-28 14:45:00,PTGX
8.68,8.68,8.66,8.68,4894,2022-06-28 14:46:00,PTGX
8.68,8.7,8.68,8.69,1300,2022-06-28 14:48:00,PTGX
8.67,8.68,8.67,8.68,500,2022-06-28 14:49:00,PTGX
8.69,8.69,8.69,8.69,500,2022-06-28 14:50:00,PTGX
8.7,8.7,8.695,8.695,400,2022-06-28 14:51:00,PTGX
8.68,8.68,8.67,8.67,500,2022-06-28 14:52:00,PTGX
8.66,8.67,8.66,8.66,300,2022-06-28 14:53:00,PTGX
8.665,8.665,8.665,8.665,100,2022-06-28 14:54:00,PTGX
8.68,8.7,8.68,8.7,3362,2022-06-28 14:56:00,PTGX
8.69,8.69,8.67,8.67,1313,2022-06-28 14:57:00,PTGX
8.68,8.685,8.68,8.685,1022,2022-06-28 14:58:00,PTGX
8.69,8.69,8.68,8.69,566,2022-06-28 14:59:00,PTGX
8.68,8.68,8.66,8.66,1300,2022-06-28 15:00:00,PTGX
8.66,8.67,8.66,8.66,1100,2022-06-28 15:01:00,PTGX
8.68,8.69,8.68,8.68,1284,2022-06-28 15:02:00,PTGX
8.71,8.74,8.7,8.72,1300,2022-06-28 15:04:00,PTGX
8.71,8.71,8.695,8.71,1400,2022-06-28 15:06:00,PTGX
8.7,8.72,8.69,8.72,6200,2022-06-28 15:07:00,PTGX
8.7,8.71,8.7,8.71,1300,2022-06-28 15:08:00,PTGX
8.71,8.71,8.7,8.7,300,2022-06-28 15:09:00,PTGX
8.7,8.7,8.7,8.7,160,2022-06-28 15:12:00,PTGX
8.7185,8.74,8.7185,8.73,1800,2022-06-28 15:13:00,PTGX
8.745,8.745,8.74,8.74,546,2022-06-28 15:14:00,PTGX
8.735,8.74,8.71,8.71,990,2022-06-28 15:15:00,PTGX
8.7,8.7,8.7,8.7,100,2022-06-28 15:16:00,PTGX
8.7,8.71,8.69,8.7,3100,2022-06-28 15:17:00,PTGX
8.7,8.746,8.7,8.746,2256,2022-06-28 15:18:00,PTGX
8.75,8.75,8.73,8.73,3418,2022-06-28 15:19:00,PTGX
8.72,8.72,8.72,8.72,400,2022-06-28 15:20:00,PTGX
8.7,8.7,8.7,8.7,1100,2022-06-28 15:21:00,PTGX
8.7,8.7,8.68,8.68,1200,2022-06-28 15:23:00,PTGX
8.685,8.7,8.685,8.7,600,2022-06-28 15:24:00,PTGX
8.67,8.67,8.67,8.67,100,2022-06-28 15:25:00,PTGX
8.65,8.65,8.63,8.63,708,2022-06-28 15:26:00,PTGX
8.64,8.64,8.64,8.64,100,2022-06-28 15:27:00,PTGX
8.62,8.63,8.62,8.62,401,2022-06-28 15:28:00,PTGX
8.63,8.63,8.62,8.62,200,2022-06-28 15:29:00,PTGX
8.62,8.62,8.62,8.62,100,2022-06-28 15:30:00,PTGX
8.64,8.66,8.64,8.65,1893,2022-06-28 15:31:00,PTGX
8.6707,8.6707,8.65,8.65,1546,2022-06-28 15:34:00,PTGX
8.66,8.66,8.65,8.66,1667,2022-06-28 15:36:00,PTGX
8.65,8.655,8.63,8.63,900,2022-06-28 15:37:00,PTGX
8.61,8.61,8.605,8.61,1400,2022-06-28 15:38:00,PTGX
8.61,8.61,8.59,8.6,3823,2022-06-28 15:39:00,PTGX
8.59,8.6,8.59,8.59,1100,2022-06-28 15:40:00,PTGX
8.58,8.6,8.57,8.6,3700,2022-06-28 15:41:00,PTGX
8.58,8.58,8.57,8.57,800,2022-06-28 15:42:00,PTGX
8.5701,8.5701,8.5701,8.5701,100,2022-06-28 15:43:00,PTGX
8.58,8.59,8.57,8.57,1005,2022-06-28 15:44:00,PTGX
8.56,8.56,8.55,8.55,301,2022-06-28 15:45:00,PTGX
8.57,8.57,8.55,8.56,621,2022-06-28 15:46:00,PTGX
8.56,8.57,8.56,8.56,300,2022-06-28 15:47:00,PTGX
8.56,8.57,8.55,8.55,4475,2022-06-28 15:48:00,PTGX
8.56,8.57,8.56,8.57,800,2022-06-28 15:49:00,PTGX
8.575,8.58,8.56,8.57,9900,2022-06-28 15:50:00,PTGX
8.57,8.58,8.57,8.58,700,2022-06-28 15:51:00,PTGX
8.59,8.6,8.59,8.59,500,2022-06-28 15:52:00,PTGX
8.61,8.61,8.61,8.61,400,2022-06-28 15:53:00,PTGX
8.59,8.59,8.57,8.5701,4717,2022-06-28 15:54:00,PTGX
8.57,8.585,8.56,8.585,1312,2022-06-28 15:55:00,PTGX
8.59,8.59,8.59,8.59,500,2022-06-28 15:56:00,PTGX
8.59,8.6,8.59,8.6,500,2022-06-28 15:57:00,PTGX
8.61,8.61,8.61,8.61,200,2022-06-28 15:59:00,PTGX
8.59,8.59,8.57,8.59,1722,2022-06-28 16:00:00,PTGX
8.59,8.59,8.57,8.57,1166,2022-06-28 16:01:00,PTGX
8.58,8.58,8.58,8.58,300,2022-06-28 16:03:00,PTGX
8.57,8.58,8.57,8.58,1561,2022-06-28 16:07:00,PTGX
8.59,8.59,8.59,8.59,2279,2022-06-28 16:09:00,PTGX
8.6,8.6,8.6,8.6,700,2022-06-28 16:10:00,PTGX
8.6,8.61,8.6,8.61,300,2022-06-28 16:11:00,PTGX
8.61,8.61,8.61,8.61,100,2022-06-28 16:12:00,PTGX
8.62,8.62,8.61,8.61,600,2022-06-28 16:14:00,PTGX
8.58,8.58,8.58,8.58,100,2022-06-28 16:16:00,PTGX
8.56,8.56,8.55,8.55,200,2022-06-28 16:17:00,PTGX
8.54,8.54,8.53,8.53,300,2022-06-28 16:19:00,PTGX
8.54,8.55,8.54,8.55,1817,2022-06-28 16:20:00,PTGX
8.54,8.54,8.54,8.54,100,2022-06-28 16:21:00,PTGX
8.54,8.54,8.54,8.54,178,2022-06-28 16:22:00,PTGX
8.53,8.53,8.53,8.53,200,2022-06-28 16:23:00,PTGX
8.53,8.54,8.53,8.53,300,2022-06-28 16:24:00,PTGX
8.51,8.51,8.51,8.51,200,2022-06-28 16:27:00,PTGX
8.53,8.53,8.51,8.51,1340,2022-06-28 16:30:00,PTGX
8.52,8.52,8.51,8.51,400,2022-06-28 16:31:00,PTGX
8.51,8.51,8.51,8.51,100,2022-06-28 16:32:00,PTGX
8.51,8.52,8.51,8.51,300,2022-06-28 16:33:00,PTGX
8.5,8.5,8.49,8.49,200,2022-06-28 16:35:00,PTGX
8.51,8.52,8.51,8.52,507,2022-06-28 16:37:00,PTGX
8.5199,8.54,8.5199,8.54,1233,2022-06-28 16:38:00,PTGX
8.54,8.56,8.54,8.56,300,2022-06-28 16:39:00,PTGX
8.57,8.58,8.57,8.57,600,2022-06-28 16:40:00,PTGX
8.58,8.58,8.57,8.57,334,2022-06-28 16:41:00,PTGX
8.59,8.59,8.59,8.59,200,2022-06-28 16:42:00,PTGX
8.6,8.6,8.58,8.58,500,2022-06-28 16:44:00,PTGX
8.59,8.6,8.59,8.6,300,2022-06-28 16:45:00,PTGX
8.62,8.62,8.6,8.6,1400,2022-06-28 16:46:00,PTGX
8.5984,8.5984,8.5984,8.5984,198,2022-06-28 16:47:00,PTGX
8.6,8.6,8.59,8.59,1500,2022-06-28 16:48:00,PTGX
8.58,8.58,8.58,8.58,100,2022-06-28 16:49:00,PTGX
8.59,8.6,8.59,8.6,500,2022-06-28 16:50:00,PTGX
8.6,8.6,8.6,8.6,292,2022-06-28 16:54:00,PTGX
8.59,8.59,8.59,8.59,100,2022-06-28 16:55:00,PTGX
8.59,8.6,8.59,8.59,700,2022-06-28 16:56:00,PTGX
8.57,8.57,8.56,8.57,940,2022-06-28 16:58:00,PTGX
8.57,8.57,8.57,8.57,200,2022-06-28 16:59:00,PTGX
8.57,8.57,8.57,8.57,100,2022-06-28 17:01:00,PTGX
8.56,8.56,8.52,8.52,1895,2022-06-28 17:02:00,PTGX
8.54,8.54,8.54,8.54,800,2022-06-28 17:03:00,PTGX
8.52,8.52,8.51,8.51,500,2022-06-28 17:05:00,PTGX
8.48,8.48,8.46,8.46,400,2022-06-28 17:08:00,PTGX
8.45,8.47,8.44,8.46,3407,2022-06-28 17:09:00,PTGX
8.465,8.465,8.465,8.465,100,2022-06-28 17:10:00,PTGX
8.46,8.46,8.46,8.46,100,2022-06-28 17:11:00,PTGX
8.46,8.46,8.46,8.46,347,2022-06-28 17:13:00,PTGX
8.44,8.44,8.44,8.44,100,2022-06-28 17:15:00,PTGX
8.43,8.43,8.43,8.43,100,2022-06-28 17:16:00,PTGX
8.45,8.45,8.44,8.45,300,2022-06-28 17:17:00,PTGX
8.44,8.44,8.425,8.425,226,2022-06-28 17:19:00,PTGX
8.42,8.45,8.42,8.45,900,2022-06-28 17:20:00,PTGX
8.44,8.44,8.42,8.42,1060,2022-06-28 17:21:00,PTGX
8.44,8.44,8.44,8.44,100,2022-06-28 17:22:00,PTGX
8.45,8.45,8.45,8.45,200,2022-06-28 17:24:00,PTGX
8.44,8.44,8.42,8.42,600,2022-06-28 17:25:00,PTGX
8.43,8.43,8.43,8.43,100,2022-06-28 17:26:00,PTGX
8.43,8.43,8.42,8.43,600,2022-06-28 17:27:00,PTGX
8.43,8.49,8.43,8.49,6132,2022-06-28 17:28:00,PTGX
8.47,8.48,8.47,8.475,700,2022-06-28 17:29:00,PTGX
8.47,8.47,8.47,8.47,100,2022-06-28 17:30:00,PTGX
8.46,8.46,8.46,8.46,100,2022-06-28 17:33:00,PTGX
8.46,8.46,8.46,8.46,100,2022-06-28 17:34:00,PTGX
8.44,8.44,8.43,8.44,500,2022-06-28 17:35:00,PTGX
8.42,8.42,8.42,8.42,104,2022-06-28 17:36:00,PTGX
8.4,8.41,8.4,8.4,500,2022-06-28 17:37:00,PTGX
8.38,8.38,8.38,8.38,200,2022-06-28 17:38:00,PTGX
8.38,8.39,8.37,8.39,1300,2022-06-28 17:39:00,PTGX
8.39,8.39,8.39,8.39,400,2022-06-28 17:41:00,PTGX
8.4,8.4,8.4,8.4,400,2022-06-28 17:42:00,PTGX
8.39,8.39,8.39,8.39,300,2022-06-28 17:43:00,PTGX
8.41,8.41,8.41,8.41,100,2022-06-28 17:44:00,PTGX
8.4063,8.4063,8.4063,8.4063,120,2022-06-28 17:46:00,PTGX
8.41,8.43,8.41,8.43,1432,2022-06-28 17:47:00,PTGX
8.43,8.43,8.43,8.43,100,2022-06-28 17:48:00,PTGX
8.46,8.46,8.46,8.46,100,2022-06-28 17:51:00,PTGX
8.4517,8.4517,8.41,8.41,1168,2022-06-28 17:52:00,PTGX
8.41,8.41,8.38,8.38,3004,2022-06-28 17:53:00,PTGX
8.38,8.38,8.38,8.38,463,2022-06-28 17:54:00,PTGX
8.37,8.375,8.35,8.35,1713,2022-06-28 17:55:00,PTGX
8.36,8.36,8.35,8.36,1000,2022-06-28 17:56:00,PTGX
8.35,8.35,8.34,8.34,782,2022-06-28 17:58:00,PTGX
8.34,8.34,8.32,8.33,1200,2022-06-28 17:59:00,PTGX
8.335,8.38,8.33,8.38,4679,2022-06-28 18:00:00,PTGX
8.37,8.37,8.36,8.37,598,2022-06-28 18:01:00,PTGX
8.38,8.38,8.36,8.36,800,2022-06-28 18:02:00,PTGX
8.35,8.35,8.33,8.33,939,2022-06-28 18:03:00,PTGX
8.33,8.34,8.33,8.34,400,2022-06-28 18:04:00,PTGX
8.32,8.32,8.31,8.31,300,2022-06-28 18:05:00,PTGX
8.3,8.32,8.3,8.32,598,2022-06-28 18:06:00,PTGX
8.3,8.31,8.3,8.31,900,2022-06-28 18:07:00,PTGX
8.31,8.31,8.31,8.31,100,2022-06-28 18:08:00,PTGX
8.31,8.32,8.3,8.32,1900,2022-06-28 18:09:00,PTGX
8.3,8.3,8.3,8.3,100,2022-06-28 18:10:00,PTGX
8.32,8.32,8.31,8.31,900,2022-06-28 18:11:00,PTGX
8.305,8.305,8.3,8.3,200,2022-06-28 18:14:00,PTGX
8.3,8.3,8.3,8.3,344,2022-06-28 18:15:00,PTGX
8.3,8.31,8.3,8.31,1300,2022-06-28 18:16:00,PTGX
8.32,8.33,8.31,8.31,400,2022-06-28 18:17:00,PTGX
8.31,8.31,8.31,8.31,221,2022-06-28 18:18:00,PTGX
8.31,8.31,8.31,8.31,100,2022-06-28 18:19:00,PTGX
8.32,8.33,8.32,8.33,300,2022-06-28 18:21:00,PTGX
8.33,8.34,8.33,8.34,500,2022-06-28 18:22:00,PTGX
8.33,8.33,8.33,8.33,200,2022-06-28 18:23:00,PTGX
8.33,8.33,8.33,8.33,300,2022-06-28 18:24:00,PTGX
8.33,8.33,8.33,8.33,100,2022-06-28 18:26:00,PTGX
8.32,8.34,8.32,8.34,300,2022-06-28 18:27:00,PTGX
8.34,8.35,8.34,8.35,600,2022-06-28 18:28:00,PTGX
8.36,8.36,8.36,8.36,543,2022-06-28 18:29:00,PTGX
8.35,8.35,8.34,8.34,800,2022-06-28 18:30:00,PTGX
8.36,8.36,8.36,8.36,788,2022-06-28 18:31:00,PTGX
8.36,8.36,8.35,8.35,600,2022-06-28 18:32:00,PTGX
8.36,8.36,8.355,8.355,400,2022-06-28 18:33:00,PTGX
8.35,8.35,8.32,8.32,900,2022-06-28 18:35:00,PTGX
8.315,8.315,8.31,8.31,700,2022-06-28 18:37:00,PTGX
8.31,8.32,8.305,8.32,1500,2022-06-28 18:38:00,PTGX
8.33,8.33,8.305,8.31,1000,2022-06-28 18:39:00,PTGX
8.315,8.38,8.31,8.38,33774,2022-06-28 18:40:00,PTGX
8.375,8.375,8.375,8.375,100,2022-06-28 18:41:00,PTGX
8.39,8.39,8.375,8.39,1500,2022-06-28 18:42:00,PTGX
8.39,8.4,8.38,8.4,900,2022-06-28 18:43:00,PTGX
8.39,8.4,8.39,8.4,300,2022-06-28 18:44:00,PTGX
8.39,8.39,8.385,8.39,900,2022-06-28 18:45:00,PTGX
8.4,8.4,8.4,8.4,100,2022-06-28 18:46:00,PTGX
8.4,8.4,8.4,8.4,100,2022-06-28 18:47:00,PTGX
8.41,8.41,8.395,8.4,1100,2022-06-28 18:48:00,PTGX
8.41,8.41,8.41,8.41,200,2022-06-28 18:50:00,PTGX
8.41,8.42,8.41,8.42,1101,2022-06-28 18:51:00,PTGX
8.45,8.45,8.45,8.45,303,2022-06-28 18:52:00,PTGX
8.47,8.47,8.47,8.47,800,2022-06-28 18:53:00,PTGX
8.46,8.46,8.46,8.46,700,2022-06-28 18:55:00,PTGX
8.46,8.46,8.46,8.46,200,2022-06-28 18:57:00,PTGX
8.46,8.46,8.46,8.46,100,2022-06-28 19:02:00,PTGX
8.45,8.45,8.43,8.43,508,2022-06-28 19:03:00,PTGX
8.44,8.44,8.44,8.44,700,2022-06-28 19:05:00,PTGX
8.42,8.42,8.41,8.41,1051,2022-06-28 19:06:00,PTGX
8.42,8.42,8.42,8.42,500,2022-06-28 19:07:00,PTGX
8.41,8.41,8.41,8.41,100,2022-06-28 19:08:00,PTGX
8.42,8.43,8.42,8.43,600,2022-06-28 19:09:00,PTGX
8.43,8.43,8.43,8.43,100,2022-06-28 19:10:00,PTGX
8.43,8.43,8.43,8.43,100,2022-06-28 19:11:00,PTGX
8.425,8.43,8.425,8.43,300,2022-06-28 19:12:00,PTGX
8.44,8.44,8.44,8.44,200,2022-06-28 19:14:00,PTGX
8.47,8.5,8.47,8.5,4002,2022-06-28 19:15:00,PTGX
8.5,8.5,8.5,8.5,100,2022-06-28 19:16:00,PTGX
8.53,8.54,8.53,8.54,290,2022-06-28 19:17:00,PTGX
8.55,8.56,8.54,8.56,400,2022-06-28 19:18:00,PTGX
8.55,8.55,8.54,8.55,2297,2022-06-28 19:20:00,PTGX
8.56,8.56,8.55,8.55,1200,2022-06-28 19:21:00,PTGX
8.565,8.565,8.565,8.565,100,2022-06-28 19:22:00,PTGX
8.58,8.585,8.58,8.585,2149,2022-06-28 19:23:00,PTGX
8.58,8.59,8.58,8.59,300,2022-06-28 19:24:00,PTGX
8.585,8.6,8.585,8.59,3108,2022-06-28 19:25:00,PTGX
8.59,8.6,8.59,8.6,200,2022-06-28 19:26:00,PTGX
8.59,8.59,8.58,8.58,1100,2022-06-28 19:27:00,PTGX
8.57,8.57,8.55,8.56,600,2022-06-28 19:29:00,PTGX
8.54,8.55,8.54,8.55,472,2022-06-28 19:30:00,PTGX
8.56,8.56,8.56,8.56,100,2022-06-28 19:31:00,PTGX
8.58,8.58,8.58,8.58,200,2022-06-28 19:32:00,PTGX
8.56,8.56,8.53,8.55,2400,2022-06-28 19:33:00,PTGX
8.55,8.56,8.55,8.56,700,2022-06-28 19:35:00,PTGX
8.56,8.56,8.56,8.56,200,2022-06-28 19:36:00,PTGX
8.551,8.568,8.551,8.568,301,2022-06-28 19:37:00,PTGX
8.565,8.57,8.55,8.57,1200,2022-06-28 19:38:00,PTGX
8.58,8.58,8.57,8.58,1369,2022-06-28 19:39:00,PTGX
8.57,8.57,8.55,8.55,700,2022-06-28 19:40:00,PTGX
8.55,8.56,8.5401,8.55,1449,2022-06-28 19:41:00,PTGX
8.56,8.56,8.555,8.56,300,2022-06-28 19:42:00,PTGX
8.55,8.55,8.53,8.54,1651,2022-06-28 19:43:00,PTGX
8.535,8.54,8.53,8.53,2093,2022-06-28 19:44:00,PTGX
8.54,8.54,8.53,8.53,600,2022-06-28 19:45:00,PTGX
8.53,8.54,8.53,8.54,570,2022-06-28 19:46:00,PTGX
8.53,8.53,8.52,8.52,1265,2022-06-28 19:47:00,PTGX
8.52,8.52,8.51,8.51,1373,2022-06-28 19:48:00,PTGX
8.518,8.52,8.5,8.5,1300,2022-06-28 19:49:00,PTGX
8.49,8.49,8.48,8.48,1923,2022-06-28 19:50:00,PTGX
8.4875,8.4875,8.48,8.48,513,2022-06-28 19:51:00,PTGX
8.48,8.48,8.46,8.465,2476,2022-06-28 19:52:00,PTGX
8.47,8.47,8.47,8.47,406,2022-06-28 19:53:00,PTGX
8.47,8.48,8.46,8.46,2516,2022-06-28 19:54:00,PTGX
8.45,8.45,8.42,8.45,13524,2022-06-28 19:55:00,PTGX
8.44,8.441,8.425,8.43,1200,2022-06-28 19:56:00,PTGX
8.425,8.44,8.41,8.42,13824,2022-06-28 19:57:00,PTGX
8.425,8.43,8.41,8.425,11615,2022-06-28 19:58:00,PTGX
8.425,8.48,8.42,8.47,32331,2022-06-28 19:59:00,PTGX
8.45,8.45,8.45,8.45,260885,2022-06-28 20:00:00,PTGX
8.45,8.45,8.45,8.45,283,2022-06-28 20:03:00,PTGX
8.45,8.45,8.45,8.45,1690,2022-06-28 20:04:00,PTGX
8.36,8.48,8.36,8.48,4631,2022-06-29 13:30:00,PTGX
8.41,8.41,8.41,8.41,100,2022-06-29 13:31:00,PTGX
8.4,8.42,8.38,8.38,300,2022-06-29 13:32:00,PTGX
8.36,8.36,8.36,8.36,200,2022-06-29 13:33:00,PTGX
8.345,8.345,8.31,8.31,200,2022-06-29 13:34:00,PTGX
8.34,8.34,8.34,8.34,128,2022-06-29 13:37:00,PTGX
8.34,8.34,8.3,8.3,600,2022-06-29 13:38:00,PTGX
8.28,8.28,8.28,8.28,200,2022-06-29 13:39:00,PTGX
8.27,8.27,8.26,8.26,668,2022-06-29 13:40:00,PTGX
8.255,8.28,8.255,8.28,200,2022-06-29 13:41:00,PTGX
8.325,8.325,8.27,8.27,200,2022-06-29 13:42:00,PTGX
8.27,8.29,8.27,8.29,200,2022-06-29 13:44:00,PTGX
8.28,8.29,8.28,8.28,987,2022-06-29 13:45:00,PTGX
8.32,8.32,8.32,8.32,200,2022-06-29 13:46:00,PTGX
8.31,8.32,8.31,8.31,433,2022-06-29 13:48:00,PTGX
8.325,8.325,8.28,8.28,7379,2022-06-29 13:49:00,PTGX
8.34,8.34,8.34,8.34,100,2022-06-29 13:50:00,PTGX
8.41,8.41,8.41,8.41,100,2022-06-29 13:51:00,PTGX
8.5,8.5,8.485,8.49,400,2022-06-29 13:53:00,PTGX
8.48,8.48,8.46,8.46,1499,2022-06-29 13:54:00,PTGX
8.45,8.45,8.44,8.45,900,2022-06-29 13:55:00,PTGX
8.4318,8.4318,8.4318,8.4318,800,2022-06-29 13:56:00,PTGX
8.45,8.45,8.43,8.44,300,2022-06-29 13:58:00,PTGX
8.45,8.47,8.45,8.47,838,2022-06-29 14:00:00,PTGX
8.47,8.49,8.47,8.49,467,2022-06-29 14:01:00,PTGX
8.495,8.51,8.495,8.51,467,2022-06-29 14:02:00,PTGX
8.51,8.54,8.51,8.54,1718,2022-06-29 14:03:00,PTGX
8.54,8.55,8.54,8.55,200,2022-06-29 14:04:00,PTGX
8.54,8.54,8.53,8.53,800,2022-06-29 14:05:00,PTGX
8.54,8.54,8.51,8.51,500,2022-06-29 14:06:00,PTGX
8.46,8.46,8.46,8.46,100,2022-06-29 14:07:00,PTGX
8.49,8.49,8.49,8.49,100,2022-06-29 14:08:00,PTGX
8.48,8.5,8.48,8.5,700,2022-06-29 14:09:00,PTGX
8.49,8.49,8.49,8.49,190,2022-06-29 14:10:00,PTGX
8.51,8.51,8.51,8.51,100,2022-06-29 14:11:00,PTGX
8.48,8.48,8.48,8.48,300,2022-06-29 14:13:00,PTGX
8.47,8.48,8.47,8.48,672,2022-06-29 14:14:00,PTGX
8.46,8.46,8.46,8.46,300,2022-06-29 14:15:00,PTGX
8.44,8.44,8.44,8.44,400,2022-06-29 14:16:00,PTGX
8.3938,8.3938,8.3938,8.3938,396,2022-06-29 14:17:00,PTGX
8.39,8.4,8.39,8.39,1094,2022-06-29 14:18:00,PTGX
8.385,8.4,8.385,8.4,700,2022-06-29 14:19:00,PTGX
8.4,8.41,8.4,8.41,600,2022-06-29 14:20:00,PTGX
8.42,8.42,8.42,8.42,600,2022-06-29 14:21:00,PTGX
8.43,8.43,8.43,8.43,300,2022-06-29 14:24:00,PTGX
8.44,8.44,8.44,8.44,206,2022-06-29 14:25:00,PTGX
8.46,8.46,8.43,8.43,800,2022-06-29 14:26:00,PTGX
8.44,8.45,8.44,8.45,600,2022-06-29 14:27:00,PTGX
8.44,8.44,8.44,8.44,301,2022-06-29 14:28:00,PTGX
8.45,8.45,8.45,8.45,213,2022-06-29 14:30:00,PTGX
8.46,8.46,8.46,8.46,1171,2022-06-29 14:31:00,PTGX
8.45,8.45,8.435,8.44,800,2022-06-29 14:32:00,PTGX
8.47,8.47,8.47,8.47,300,2022-06-29 14:33:00,PTGX
8.4,8.4,8.4,8.4,100,2022-06-29 14:35:00,PTGX
8.36,8.36,8.36,8.36,100,2022-06-29 14:37:00,PTGX
8.31,8.33,8.31,8.33,900,2022-06-29 14:38:00,PTGX
8.32,8.32,8.32,8.32,100,2022-06-29 14:39:00,PTGX
8.33,8.35,8.33,8.35,400,2022-06-29 14:40:00,PTGX
8.35,8.35,8.35,8.35,100,2022-06-29 14:41:00,PTGX
8.39,8.41,8.39,8.41,200,2022-06-29 14:44:00,PTGX
8.42,8.43,8.42,8.43,900,2022-06-29 14:45:00,PTGX
8.44,8.44,8.42,8.44,2598,2022-06-29 14:46:00,PTGX
8.44,8.47,8.44,8.47,408,2022-06-29 14:47:00,PTGX
8.44,8.46,8.44,8.46,3024,2022-06-29 14:48:00,PTGX
8.45,8.45,8.45,8.45,100,2022-06-29 14:49:00,PTGX
8.48,8.49,8.48,8.48,1197,2022-06-29 14:50:00,PTGX
8.485,8.485,8.47,8.48,600,2022-06-29 14:51:00,PTGX
8.46,8.46,8.44,8.44,600,2022-06-29 14:53:00,PTGX
8.42,8.43,8.42,8.43,597,2022-06-29 14:54:00,PTGX
8.41,8.41,8.41,8.41,100,2022-06-29 14:55:00,PTGX
8.4,8.41,8.4,8.408,2778,2022-06-29 14:57:00,PTGX
8.41,8.42,8.4,8.4,600,2022-06-29 14:58:00,PTGX
8.4,8.4,8.4,8.4,200,2022-06-29 14:59:00,PTGX
8.39,8.41,8.39,8.41,700,2022-06-29 15:00:00,PTGX
8.39,8.39,8.39,8.39,100,2022-06-29 15:02:00,PTGX
8.39,8.39,8.39,8.39,200,2022-06-29 15:03:00,PTGX
8.4,8.4,8.4,8.4,100,2022-06-29 15:04:00,PTGX
8.38,8.4,8.375,8.4,2600,2022-06-29 15:06:00,PTGX
8.392,8.4,8.392,8.4,421,2022-06-29 15:07:00,PTGX
8.41,8.43,8.41,8.43,700,2022-06-29 15:08:00,PTGX
8.41,8.41,8.41,8.41,200,2022-06-29 15:09:00,PTGX
8.39,8.39,8.385,8.385,200,2022-06-29 15:10:00,PTGX
8.37,8.37,8.37,8.37,100,2022-06-29 15:11:00,PTGX
8.37,8.37,8.36,8.37,1591,2022-06-29 15:12:00,PTGX
8.35,8.35,8.3499,8.35,3600,2022-06-29 15:13:00,PTGX
8.36,8.37,8.36,8.37,1000,2022-06-29 15:14:00,PTGX
8.36,8.36,8.36,8.36,682,2022-06-29 15:15:00,PTGX
8.39,8.4,8.39,8.4,200,2022-06-29 15:16:00,PTGX
8.4,8.4,8.39,8.39,300,2022-06-29 15:17:00,PTGX
8.38,8.38,8.38,8.38,100,2022-06-29 15:18:00,PTGX
8.375,8.4,8.375,8.4,800,2022-06-29 15:19:00,PTGX
8.43,8.43,8.43,8.43,400,2022-06-29 15:22:00,PTGX
8.44,8.46,8.44,8.46,400,2022-06-29 15:25:00,PTGX
8.47,8.47,8.46,8.465,500,2022-06-29 15:26:00,PTGX
8.48,8.48,8.48,8.48,100,2022-06-29 15:27:00,PTGX
8.49,8.49,8.48,8.48,1900,2022-06-29 15:28:00,PTGX
8.49,8.49,8.49,8.49,100,2022-06-29 15:29:00,PTGX
8.47,8.47,8.47,8.47,1273,2022-06-29 15:30:00,PTGX
8.49,8.49,8.49,8.49,483,2022-06-29 15:32:00,PTGX
8.55,8.55,8.55,8.55,100,2022-06-29 15:34:00,PTGX
8.53,8.54,8.53,8.54,1086,2022-06-29 15:35:00,PTGX
8.54,8.55,8.54,8.54,500,2022-06-29 15:36:00,PTGX
8.55,8.55,8.55,8.55,600,2022-06-29 15:37:00,PTGX
8.56,8.56,8.54,8.54,800,2022-06-29 15:38:00,PTGX
8.55,8.55,8.54,8.54,200,2022-06-29 15:41:00,PTGX
8.55,8.56,8.54,8.54,700,2022-06-29 15:42:00,PTGX
8.53,8.55,8.53,8.55,600,2022-06-29 15:43:00,PTGX
8.55,8.55,8.54,8.54,500,2022-06-29 15:44:00,PTGX
8.52,8.52,8.52,8.52,300,2022-06-29 15:46:00,PTGX
8.52,8.52,8.52,8.52,300,2022-06-29 15:48:00,PTGX
8.51,8.52,8.51,8.52,907,2022-06-29 15:49:00,PTGX
8.53,8.53,8.53,8.53,600,2022-06-29 15:50:00,PTGX
8.55,8.55,8.55,8.55,100,2022-06-29 15:51:00,PTGX
8.55,8.56,8.55,8.56,500,2022-06-29 15:52:00,PTGX
8.56,8.56,8.56,8.56,1302,2022-06-29 15:53:00,PTGX
8.57,8.57,8.57,8.57,100,2022-06-29 15:54:00,PTGX
8.59,8.6,8.59,8.6,400,2022-06-29 15:55:00,PTGX
8.58,8.58,8.58,8.58,100,2022-06-29 15:56:00,PTGX
8.58,8.58,8.58,8.58,1600,2022-06-29 15:57:00,PTGX
8.59,8.59,8.59,8.59,247,2022-06-29 15:58:00,PTGX
8.58,8.59,8.57,8.57,1809,2022-06-29 15:59:00,PTGX
8.57,8.57,8.57,8.57,100,2022-06-29 16:00:00,PTGX
8.57,8.575,8.56,8.56,1200,2022-06-29 16:01:00,PTGX
8.56,8.565,8.56,8.565,200,2022-06-29 16:02:00,PTGX
8.56,8.56,8.56,8.56,1100,2022-06-29 16:04:00,PTGX
8.56,8.56,8.53,8.53,600,2022-06-29 16:05:00,PTGX
8.53,8.53,8.53,8.53,300,2022-06-29 16:06:00,PTGX
8.53,8.53,8.52,8.52,748,2022-06-29 16:07:00,PTGX
8.52,8.52,8.52,8.52,400,2022-06-29 16:08:00,PTGX
8.53,8.53,8.53,8.53,200,2022-06-29 16:09:00,PTGX
8.54,8.54,8.54,8.54,400,2022-06-29 16:10:00,PTGX
8.53,8.53,8.53,8.53,900,2022-06-29 16:11:00,PTGX
8.52,8.52,8.52,8.52,400,2022-06-29 16:12:00,PTGX
8.51,8.51,8.51,8.51,300,2022-06-29 16:13:00,PTGX
8.51,8.51,8.51,8.51,200,2022-06-29 16:14:00,PTGX
8.54,8.55,8.54,8.54,1300,2022-06-29 16:16:00,PTGX
8.57,8.57,8.57,8.57,100,2022-06-29 16:20:00,PTGX
8.57,8.57,8.57,8.57,300,2022-06-29 16:21:00,PTGX
8.57,8.57,8.545,8.545,1487,2022-06-29 16:22:00,PTGX
8.54,8.54,8.53,8.53,700,2022-06-29 16:23:00,PTGX
8.52,8.52,8.52,8.52,300,2022-06-29 16:25:00,PTGX
8.51,8.51,8.51,8.51,300,2022-06-29 16:26:00,PTGX
8.5,8.5,8.49,8.49,1000,2022-06-29 16:27:00,PTGX
8.48,8.5,8.48,8.5,1400,2022-06-29 16:28:00,PTGX
8.51,8.51,8.51,8.51,100,2022-06-29 16:29:00,PTGX
8.52,8.53,8.52,8.53,200,2022-06-29 16:31:00,PTGX
8.54,8.54,8.54,8.54,200,2022-06-29 16:32:00,PTGX
8.52,8.52,8.52,8.52,800,2022-06-29 16:33:00,PTGX
8.52,8.53,8.52,8.53,200,2022-06-29 16:34:00,PTGX
8.53,8.53,8.53,8.53,200,2022-06-29 16:35:00,PTGX
8.53,8.53,8.53,8.53,700,2022-06-29 16:36:00,PTGX
8.54,8.54,8.53,8.53,500,2022-06-29 16:37:00,PTGX
8.53,8.57,8.53,8.55,1309,2022-06-29 16:38:00,PTGX
8.555,8.555,8.55,8.55,500,2022-06-29 16:43:00,PTGX
8.59,8.59,8.58,8.58,1600,2022-06-29 16:45:00,PTGX
8.58,8.58,8.58,8.58,878,2022-06-29 16:47:00,PTGX
8.57,8.57,8.57,8.57,399,2022-06-29 16:48:00,PTGX
8.57,8.57,8.57,8.57,400,2022-06-29 16:49:00,PTGX
8.57,8.57,8.57,8.57,100,2022-06-29 16:50:00,PTGX
8.57,8.575,8.57,8.57,601,2022-06-29 16:53:00,PTGX
8.56,8.56,8.55,8.55,400,2022-06-29 16:54:00,PTGX
8.55,8.55,8.55,8.55,900,2022-06-29 16:55:00,PTGX
8.54,8.54,8.54,8.54,300,2022-06-29 16:56:00,PTGX
8.57,8.59,8.57,8.58,900,2022-06-29 16:59:00,PTGX
8.59,8.59,8.59,8.59,100,2022-06-29 17:01:00,PTGX
8.59,8.6,8.59,8.6,1300,2022-06-29 17:03:00,PTGX
8.6,8.6,8.59,8.59,700,2022-06-29 17:06:00,PTGX
8.58,8.585,8.58,8.585,200,2022-06-29 17:07:00,PTGX
8.59,8.62,8.59,8.6,10040,2022-06-29 17:09:00,PTGX
8.6,8.6,8.59,8.59,400,2022-06-29 17:11:00,PTGX
8.58,8.58,8.57,8.57,300,2022-06-29 17:12:00,PTGX
8.56,8.56,8.555,8.555,400,2022-06-29 17:13:00,PTGX
8.55,8.55,8.55,8.55,200,2022-06-29 17:14:00,PTGX
8.55,8.56,8.55,8.56,300,2022-06-29 17:15:00,PTGX
8.55,8.55,8.54,8.54,700,2022-06-29 17:16:00,PTGX
8.56,8.56,8.56,8.56,200,2022-06-29 17:18:00,PTGX
8.55,8.55,8.55,8.55,199,2022-06-29 17:19:00,PTGX
8.55,8.55,8.55,8.55,100,2022-06-29 17:20:00,PTGX
8.55,8.55,8.54,8.54,500,2022-06-29 17:22:00,PTGX
8.54,8.54,8.535,8.54,798,2022-06-29 17:23:00,PTGX
8.535,8.535,8.535,8.535,100,2022-06-29 17:24:00,PTGX
8.535,8.535,8.535,8.535,100,2022-06-29 17:25:00,PTGX
8.54,8.55,8.54,8.55,604,2022-06-29 17:26:00,PTGX
8.54,8.55,8.54,8.55,500,2022-06-29 17:27:00,PTGX
8.55,8.55,8.55,8.55,400,2022-06-29 17:28:00,PTGX
8.56,8.56,8.56,8.56,100,2022-06-29 17:29:00,PTGX
8.57,8.57,8.56,8.56,200,2022-06-29 17:30:00,PTGX
8.56,8.56,8.56,8.56,900,2022-06-29 17:31:00,PTGX
8.56,8.56,8.56,8.56,300,2022-06-29 17:32:00,PTGX
8.56,8.56,8.56,8.56,260,2022-06-29 17:33:00,PTGX
8.57,8.57,8.57,8.57,200,2022-06-29 17:34:00,PTGX
8.58,8.58,8.58,8.58,800,2022-06-29 17:35:00,PTGX
8.58,8.58,8.58,8.58,100,2022-06-29 17:36:00,PTGX
8.59,8.59,8.59,8.59,100,2022-06-29 17:40:00,PTGX
8.61,8.62,8.61,8.62,1184,2022-06-29 17:42:00,PTGX
8.62,8.625,8.62,8.625,1000,2022-06-29 17:44:00,PTGX
8.62,8.62,8.59,8.595,4200,2022-06-29 17:46:00,PTGX
8.6,8.6,8.58,8.58,2204,2022-06-29 17:47:00,PTGX
8.585,8.585,8.58,8.585,500,2022-06-29 17:48:00,PTGX
8.58,8.58,8.56,8.56,1366,2022-06-29 17:49:00,PTGX
8.55,8.56,8.545,8.545,4503,2022-06-29 17:50:00,PTGX
8.545,8.56,8.545,8.555,1000,2022-06-29 17:51:00,PTGX
8.56,8.56,8.55,8.55,2320,2022-06-29 17:52:00,PTGX
8.55,8.565,8.55,8.56,10177,2022-06-29 17:53:00,PTGX
8.55,8.55,8.52,8.53,8152,2022-06-29 17:54:00,PTGX
8.525,8.57,8.525,8.57,9196,2022-06-29 17:55:00,PTGX
8.56,8.58,8.56,8.58,1904,2022-06-29 17:56:00,PTGX
8.58,8.61,8.58,8.61,3188,2022-06-29 17:57:00,PTGX
8.61,8.62,8.61,8.62,800,2022-06-29 17:58:00,PTGX
8.61,8.62,8.61,8.61,2778,2022-06-29 17:59:00,PTGX
8.62,8.62,8.59,8.59,5286,2022-06-29 18:00:00,PTGX
8.58,8.61,8.58,8.59,10406,2022-06-29 18:01:00,PTGX
8.6,8.6,8.59,8.598,1300,2022-06-29 18:02:00,PTGX
8.585,8.6,8.585,8.585,5843,2022-06-29 18:03:00,PTGX
8.58,8.59,8.575,8.58,6359,2022-06-29 18:04:00,PTGX
8.59,8.59,8.57,8.58,14408,2022-06-29 18:05:00,PTGX
8.58,8.61,8.58,8.6,5808,2022-06-29 18:06:00,PTGX
8.595,8.595,8.58,8.58,4450,2022-06-29 18:07:00,PTGX
8.575,8.605,8.575,8.605,1985,2022-06-29 18:08:00,PTGX
8.61,8.62,8.61,8.62,300,2022-06-29 18:10:00,PTGX
8.63,8.65,8.625,8.65,300,2022-06-29 18:12:00,PTGX
8.68,8.69,8.67,8.69,2962,2022-06-29 18:13:00,PTGX
8.69,8.69,8.67,8.67,1759,2022-06-29 18:14:00,PTGX
8.68,8.69,8.67,8.69,1000,2022-06-29 18:15:00,PTGX
8.69,8.7,8.68,8.69,7133,2022-06-29 18:16:00,PTGX
8.68,8.68,8.66,8.66,729,2022-06-29 18:17:00,PTGX
8.65,8.65,8.65,8.65,1100,2022-06-29 18:19:00,PTGX
8.64,8.64,8.62,8.62,3997,2022-06-29 18:20:00,PTGX
8.62,8.62,8.62,8.62,687,2022-06-29 18:22:00,PTGX
8.62,8.62,8.61,8.61,1334,2022-06-29 18:24:00,PTGX
8.6,8.6,8.6,8.6,1200,2022-06-29 18:26:00,PTGX
8.61,8.61,8.61,8.61,100,2022-06-29 18:27:00,PTGX
8.61,8.62,8.61,8.61,2007,2022-06-29 18:28:00,PTGX
8.61,8.61,8.595,8.595,500,2022-06-29 18:29:00,PTGX
8.595,8.595,8.57,8.57,1200,2022-06-29 18:30:00,PTGX
8.545,8.545,8.53,8.53,3461,2022-06-29 18:31:00,PTGX
8.53,8.53,8.48,8.49,12305,2022-06-29 18:32:00,PTGX
8.48,8.5,8.48,8.5,2755,2022-06-29 18:33:00,PTGX
8.5,8.5,8.5,8.5,659,2022-06-29 18:34:00,PTGX
8.49,8.51,8.49,8.51,1173,2022-06-29 18:35:00,PTGX
8.51,8.54,8.51,8.53,1825,2022-06-29 18:36:00,PTGX
8.53,8.53,8.53,8.53,500,2022-06-29 18:38:00,PTGX
8.54,8.54,8.54,8.54,200,2022-06-29 18:40:00,PTGX
8.53,8.55,8.53,8.55,4211,2022-06-29 18:41:00,PTGX
8.56,8.58,8.56,8.58,900,2022-06-29 18:42:00,PTGX
8.585,8.6,8.585,8.59,3361,2022-06-29 18:44:00,PTGX
8.6,8.6,8.595,8.595,213,2022-06-29 18:45:00,PTGX
8.59,8.59,8.59,8.59,1458,2022-06-29 18:47:00,PTGX
8.59,8.59,8.58,8.59,2432,2022-06-29 18:48:00,PTGX
8.59,8.59,8.56,8.56,7519,2022-06-29 18:49:00,PTGX
8.54,8.54,8.5,8.5,14769,2022-06-29 18:50:00,PTGX
8.5,8.52,8.5,8.51,762,2022-06-29 18:51:00,PTGX
8.53,8.53,8.5,8.5,7732,2022-06-29 18:53:00,PTGX
8.49,8.49,8.49,8.49,2647,2022-06-29 18:55:00,PTGX
8.49,8.49,8.49,8.49,4436,2022-06-29 18:56:00,PTGX
8.5,8.51,8.5,8.5,3119,2022-06-29 18:57:00,PTGX
8.49,8.49,8.49,8.49,482,2022-06-29 18:58:00,PTGX
8.49,8.495,8.49,8.495,600,2022-06-29 19:00:00,PTGX
8.49,8.49,8.48,8.48,936,2022-06-29 19:01:00,PTGX
8.45,8.459,8.45,8.459,480,2022-06-29 19:02:00,PTGX
8.455,8.455,8.45,8.45,1962,2022-06-29 19:03:00,PTGX
8.44,8.445,8.44,8.445,200,2022-06-29 19:05:00,PTGX
8.45,8.45,8.445,8.45,1194,2022-06-29 19:06:00,PTGX
8.45,8.45,8.4463,8.45,1237,2022-06-29 19:07:00,PTGX
8.45,8.45,8.45,8.45,100,2022-06-29 19:08:00,PTGX
8.45,8.45,8.45,8.45,100,2022-06-29 19:09:00,PTGX
8.44,8.44,8.44,8.44,100,2022-06-29 19:10:00,PTGX
8.44,8.44,8.44,8.44,1443,2022-06-29 19:11:00,PTGX
8.44,8.45,8.44,8.445,1636,2022-06-29 19:12:00,PTGX
8.445,8.445,8.445,8.445,200,2022-06-29 19:13:00,PTGX
8.445,8.445,8.44,8.44,600,2022-06-29 19:14:00,PTGX
8.44,8.44,8.44,8.44,300,2022-06-29 19:15:00,PTGX
8.44,8.45,8.44,8.445,1000,2022-06-29 19:16:00,PTGX
8.445,8.45,8.445,8.45,800,2022-06-29 19:17:00,PTGX
8.445,8.45,8.44,8.44,1100,2022-06-29 19:18:00,PTGX
8.44,8.45,8.44,8.44,2818,2022-06-29 19:19:00,PTGX
8.44,8.45,8.44,8.445,700,2022-06-29 19:20:00,PTGX
8.445,8.45,8.44,8.445,3828,2022-06-29 19:21:00,PTGX
8.445,8.445,8.435,8.435,402,2022-06-29 19:22:00,PTGX
8.445,8.445,8.44,8.44,319,2022-06-29 19:23:00,PTGX
8.44,8.45,8.44,8.45,1450,2022-06-29 19:24:00,PTGX
8.445,8.445,8.445,8.445,100,2022-06-29 19:25:00,PTGX
8.445,8.47,8.445,8.47,2619,2022-06-29 19:26:00,PTGX
8.47,8.475,8.47,8.47,4062,2022-06-29 19:27:00,PTGX
8.49,8.49,8.48,8.49,400,2022-06-29 19:28:00,PTGX
8.48,8.49,8.475,8.49,2774,2022-06-29 19:29:00,PTGX
8.49,8.49,8.48,8.48,1500,2022-06-29 19:30:00,PTGX
8.48,8.48,8.48,8.48,1399,2022-06-29 19:31:00,PTGX
8.47,8.47,8.47,8.47,1500,2022-06-29 19:32:00,PTGX
8.47,8.47,8.45,8.46,1299,2022-06-29 19:33:00,PTGX
8.44,8.44,8.44,8.44,600,2022-06-29 19:34:00,PTGX
8.44,8.44,8.44,8.44,1034,2022-06-29 19:35:00,PTGX
8.44,8.44,8.0,8.4,1057842,2022-06-29 19:36:00,PTGX
8.4,8.4,8.34,8.35,18278,2022-06-29 19:37:00,PTGX
8.35,8.35,8.23,8.25,52886,2022-06-29 19:38:00,PTGX
8.245,8.25,8.18,8.18,21764,2022-06-29 19:39:00,PTGX
8.18,8.2,8.14,8.145,13228,2022-06-29 19:40:00,PTGX
8.15,8.16,8.11,8.12,9434,2022-06-29 19:41:00,PTGX
8.12,8.12,8.095,8.1,10741,2022-06-29 19:42:00,PTGX
8.105,8.11,8.095,8.105,17305,2022-06-29 19:43:00,PTGX
8.11,8.115,8.07,8.07,11345,2022-06-29 19:44:00,PTGX
8.07,8.07,8.06,8.06,8328,2022-06-29 19:45:00,PTGX
8.05,8.065,8.045,8.05,9155,2022-06-29 19:46:00,PTGX
8.055,8.06,8.05,8.055,6799,2022-06-29 19:47:00,PTGX
8.06,8.06,8.045,8.06,10299,2022-06-29 19:48:00,PTGX
8.065,8.07,8.06,8.06,8771,2022-06-29 19:49:00,PTGX
8.07,8.08,8.06,8.07,12311,2022-06-29 19:50:00,PTGX
8.08,8.08,8.07,8.075,8314,2022-06-29 19:51:00,PTGX
8.075,8.08,8.06,8.065,3423,2022-06-29 19:52:00,PTGX
8.06,8.07,8.05,8.055,7290,2022-06-29 19:53:00,PTGX
8.055,8.06,8.04,8.05,25122,2022-06-29 19:54:00,PTGX
8.06,8.07,8.05,8.07,28764,2022-06-29 19:55:00,PTGX
8.06,8.07,8.06,8.065,22642,2022-06-29 19:56:00,PTGX
8.06,8.07,8.06,8.065,12385,2022-06-29 19:57:00,PTGX
8.07,8.07,8.06,8.06,31628,2022-06-29 19:58:00,PTGX
8.07,8.07,8.06,8.06,54146,2022-06-29 19:59:00,PTGX
8.07,8.07,8.07,8.07,167926,2022-06-29 20:00:00,PTGX
8.07,8.07,8.07,8.07,228,2022-06-29 20:06:00,PTGX
8.07,8.07,8.07,8.07,3357,2022-06-29 20:07:00,PTGX
8.07,8.07,8.07,8.07,4086,2022-06-29 20:08:00,PTGX
