open,high,low,close,volume,datetime,symbol
18.7999,18.7999,18.7999,18.7999,200,2020-09-14 14:30:00,MPB
18.52,18.52,18.52,18.52,100,2020-09-14 16:10:00,MPB
18.56,18.6248,18.56,18.6248,200,2020-09-14 16:55:00,MPB
18.74,18.75,18.74,18.75,300,2020-09-14 18:20:00,MPB
18.76,18.76,18.65,18.65,200,2020-09-14 18:25:00,MPB
18.39,18.57,18.05,18.09,4070,2020-09-14 19:35:00,MPB
18.65,18.65,18.65,18.65,1562,2020-09-14 20:00:00,MPB
18.89,18.89,18.89,18.89,311,2020-09-15 13:30:00,MPB
18.9761,18.9761,18.9761,18.9761,500,2020-09-15 15:00:00,MPB
18.65,18.65,18.65,18.65,100,2020-09-15 15:05:00,MPB
18.66,18.66,18.66,18.66,100,2020-09-15 15:25:00,MPB
18.65,18.65,18.65,18.65,874,2020-09-15 16:20:00,MPB
18.61,18.63,18.61,18.63,569,2020-09-15 16:55:00,MPB
18.63,18.64,18.63,18.64,798,2020-09-15 17:00:00,MPB
18.64,18.64,18.64,18.64,100,2020-09-15 18:55:00,MPB
18.46,18.46,18.46,18.46,100,2020-09-15 19:50:00,MPB
18.33,18.33,18.33,18.33,638,2020-09-15 20:00:00,MPB
18.57,18.57,18.5485,18.5485,316,2020-09-16 13:30:00,MPB
18.1,18.503,18.1,18.42,1100,2020-09-16 13:45:00,MPB
18.605,18.605,18.605,18.605,100,2020-09-16 15:00:00,MPB
18.6023,18.6023,18.6023,18.6023,130,2020-09-16 15:30:00,MPB
18.5,18.5,18.5,18.5,100,2020-09-16 17:05:00,MPB
18.62,18.62,18.62,18.62,100,2020-09-16 17:50:00,MPB
18.61,18.61,18.61,18.61,100,2020-09-16 18:25:00,MPB
18.735,18.735,18.735,18.735,100,2020-09-16 19:05:00,MPB
18.62,18.62,18.595,18.595,400,2020-09-16 19:55:00,MPB
18.47,18.47,18.47,18.47,2740,2020-09-16 20:00:00,MPB
18.62,18.62,18.05,18.05,1200,2020-09-17 13:30:00,MPB
18.19,18.19,18.19,18.19,100,2020-09-17 14:05:00,MPB
18.335,18.335,18.335,18.335,100,2020-09-17 14:35:00,MPB
18.36,18.36,18.36,18.36,100,2020-09-17 14:45:00,MPB
18.45,18.6899,18.445,18.6899,1738,2020-09-17 15:20:00,MPB
18.7,18.7,18.7,18.7,300,2020-09-17 15:45:00,MPB
18.75,18.75,18.69,18.69,200,2020-09-17 15:55:00,MPB
18.69,18.69,18.69,18.69,100,2020-09-17 17:15:00,MPB
18.65,18.65,18.65,18.65,100,2020-09-17 17:40:00,MPB
18.66,18.89,18.3717,18.89,446,2020-09-17 17:50:00,MPB
18.53,18.53,18.53,18.53,100,2020-09-17 18:05:00,MPB
18.84,18.94,18.83,18.94,5046,2020-09-17 18:10:00,MPB
18.95,19.03,18.95,19.03,400,2020-09-17 18:15:00,MPB
19.84,19.84,19.84,19.84,100,2020-09-17 19:45:00,MPB
19.75,19.75,19.75,19.75,100,2020-09-17 19:50:00,MPB
19.65,19.65,19.65,19.65,990,2020-09-17 20:00:00,MPB
19.45,19.45,19.45,19.45,10144,2020-09-18 13:30:00,MPB
18.5277,18.5277,18.5277,18.5277,500,2020-09-18 13:45:00,MPB
19.46,19.54,19.46,19.54,300,2020-09-18 14:10:00,MPB
19.45,19.4699,19.45,19.4699,250,2020-09-18 14:45:00,MPB
19.5027,19.5027,19.5027,19.5027,200,2020-09-18 14:50:00,MPB
19.74,19.74,19.74,19.74,100,2020-09-18 16:20:00,MPB
19.16,19.16,19.16,19.16,100,2020-09-18 16:35:00,MPB
19.05,19.05,19.05,19.05,533,2020-09-18 18:00:00,MPB
18.75,18.75,18.75,18.75,100,2020-09-18 19:40:00,MPB
18.77,18.77,18.6655,18.6655,200,2020-09-18 19:45:00,MPB
19.05,19.05,19.05,19.05,414,2020-09-18 19:50:00,MPB
19.05,19.05,19.05,19.05,100,2020-09-18 19:55:00,MPB
19.06,19.06,19.06,19.06,5664,2020-09-18 20:00:00,MPB
18.57,19.34,18.57,19.34,280,2020-09-21 13:30:00,MPB
18.75,18.75,18.75,18.75,100,2020-09-21 13:45:00,MPB
18.765,18.765,18.765,18.765,100,2020-09-21 14:15:00,MPB
18.44,18.44,18.44,18.44,100,2020-09-21 15:50:00,MPB
18.58,18.58,18.58,18.58,100,2020-09-21 16:45:00,MPB
18.57,18.57,18.57,18.57,100,2020-09-21 17:05:00,MPB
18.9296,18.9296,18.9296,18.9296,400,2020-09-21 17:30:00,MPB
18.455,18.455,18.455,18.455,305,2020-09-21 18:15:00,MPB
18.55,18.55,18.55,18.55,100,2020-09-21 18:20:00,MPB
18.3,18.3,18.3,18.3,100,2020-09-21 18:30:00,MPB
18.24,18.24,18.24,18.24,100,2020-09-21 19:05:00,MPB
18.08,18.08,18.08,18.08,100,2020-09-21 19:55:00,MPB
18.1,18.1,18.1,18.1,3107,2020-09-21 20:00:00,MPB
18.3667,18.3667,18.3667,18.3667,100,2020-09-22 14:10:00,MPB
18.29,18.29,18.2601,18.2601,200,2020-09-22 14:45:00,MPB
18.065,18.065,17.81,17.81,3728,2020-09-22 15:30:00,MPB
17.75,17.75,17.75,17.75,100,2020-09-22 15:45:00,MPB
17.6,17.6,17.6,17.6,100,2020-09-22 18:50:00,MPB
18.25,18.25,18.25,18.25,111,2020-09-22 19:55:00,MPB
18.15,18.15,18.15,18.15,828,2020-09-22 20:00:00,MPB
18.04,18.04,18.04,18.04,266,2020-09-23 13:30:00,MPB
17.95,17.95,17.95,17.95,500,2020-09-23 13:40:00,MPB
18.2,18.2,18.2,18.2,100,2020-09-23 16:40:00,MPB
18.23,18.25,18.2,18.25,425,2020-09-23 16:55:00,MPB
18.2,18.2,18.2,18.2,300,2020-09-23 17:05:00,MPB
18.21,18.21,18.21,18.21,100,2020-09-23 17:15:00,MPB
18.04,18.04,18.04,18.04,100,2020-09-23 17:25:00,MPB
17.95,17.95,17.95,17.95,200,2020-09-23 17:50:00,MPB
17.675,17.675,17.675,17.675,100,2020-09-23 19:20:00,MPB
17.66,17.74,17.66,17.74,300,2020-09-23 19:40:00,MPB
17.8,17.8,17.64,17.64,709,2020-09-23 19:55:00,MPB
17.55,17.55,17.55,17.55,2303,2020-09-23 20:00:00,MPB
17.9,17.9,17.86,17.86,300,2020-09-24 16:15:00,MPB
17.86,17.86,17.86,17.86,100,2020-09-24 16:40:00,MPB
17.9683,17.9683,17.883,17.883,888,2020-09-24 17:50:00,MPB
18.35,18.35,18.35,18.35,110,2020-09-24 19:05:00,MPB
18.662,18.662,17.7998,17.7998,1000,2020-09-24 19:15:00,MPB
17.95,17.95,17.95,17.95,100,2020-09-24 19:30:00,MPB
17.56,17.56,17.56,17.56,303,2020-09-24 20:00:00,MPB
18.445,18.445,18.445,18.445,154,2020-09-25 13:30:00,MPB
17.7858,17.7858,17.7858,17.7858,270,2020-09-25 15:15:00,MPB
17.7325,17.7325,17.7325,17.7325,200,2020-09-25 16:15:00,MPB
17.56,17.56,17.52,17.52,1500,2020-09-25 16:50:00,MPB
17.61,17.6299,17.61,17.61,300,2020-09-25 17:50:00,MPB
17.55,17.605,17.55,17.605,335,2020-09-25 18:05:00,MPB
17.6009,17.6009,17.6009,17.6009,334,2020-09-25 18:10:00,MPB
17.61,17.66,17.61,17.66,1103,2020-09-25 18:20:00,MPB
17.625,17.625,17.625,17.625,108,2020-09-25 19:10:00,MPB
17.55,17.55,17.55,17.55,100,2020-09-25 19:15:00,MPB
17.45,17.45,17.45,17.45,798,2020-09-25 19:30:00,MPB
17.275,17.275,17.275,17.275,300,2020-09-25 19:45:00,MPB
17.19,17.19,17.19,17.19,1440,2020-09-25 20:00:00,MPB
17.64,17.64,17.64,17.64,192,2020-09-28 13:30:00,MPB
17.61,17.61,17.61,17.61,100,2020-09-28 14:35:00,MPB
17.41,17.41,17.41,17.41,100,2020-09-28 15:15:00,MPB
17.69,17.7,17.69,17.7,275,2020-09-28 17:15:00,MPB
17.65,17.65,17.65,17.65,100,2020-09-28 17:35:00,MPB
17.99,17.99,17.99,17.99,100,2020-09-28 19:10:00,MPB
17.7609,17.7609,17.7609,17.7609,500,2020-09-28 19:15:00,MPB
17.83,17.83,17.83,17.83,100,2020-09-28 19:25:00,MPB
17.91,17.91,17.83,17.83,200,2020-09-28 19:30:00,MPB
17.91,17.91,17.83,17.83,200,2020-09-28 19:40:00,MPB
17.47,17.47,17.47,17.47,1853,2020-09-28 20:00:00,MPB
17.47,17.47,17.47,17.47,100,2020-09-29 13:25:00,MPB
17.45,17.45,17.45,17.45,107,2020-09-29 14:20:00,MPB
17.35,17.45,17.35,17.45,1200,2020-09-29 17:45:00,MPB
17.43,17.45,17.43,17.45,4334,2020-09-29 18:25:00,MPB
17.45,17.45,17.45,17.45,308,2020-09-29 20:00:00,MPB
17.45,17.45,17.45,17.45,200,2020-09-30 13:45:00,MPB
17.46,17.8065,17.2,17.39,6167,2020-09-30 14:00:00,MPB
17.3,17.3,17.3,17.3,100,2020-09-30 14:35:00,MPB
17.3,17.3,17.3,17.3,100,2020-09-30 15:35:00,MPB
17.3426,17.3426,17.3426,17.3426,490,2020-09-30 16:25:00,MPB
17.25,17.25,17.25,17.25,376,2020-09-30 16:30:00,MPB
17.275,17.275,17.275,17.275,200,2020-09-30 16:55:00,MPB
17.3,17.3,17.26,17.26,1000,2020-09-30 17:20:00,MPB
17.34,17.39,17.34,17.35,600,2020-09-30 17:35:00,MPB
17.26,17.26,17.24,17.24,592,2020-09-30 18:25:00,MPB
17.2,17.34,17.2,17.3,300,2020-09-30 19:10:00,MPB
17.2,17.2,17.2,17.2,799,2020-09-30 19:50:00,MPB
17.26,17.26,17.26,17.26,506,2020-09-30 20:00:00,MPB
17.43,17.43,17.43,17.43,150,2020-10-01 13:30:00,MPB
17.41,17.41,17.41,17.41,282,2020-10-01 13:35:00,MPB
17.2,17.29,17.2,17.29,300,2020-10-01 15:05:00,MPB
17.2,17.2,17.2,17.2,200,2020-10-01 15:10:00,MPB
17.2,17.2,17.2,17.2,100,2020-10-01 15:15:00,MPB
17.2,17.2,17.2,17.2,500,2020-10-01 15:20:00,MPB
17.29,17.29,17.29,17.29,100,2020-10-01 17:15:00,MPB
17.29,17.29,17.29,17.29,100,2020-10-01 17:45:00,MPB
17.2086,17.2086,17.2086,17.2086,125,2020-10-01 18:25:00,MPB
17.31,17.31,17.31,17.31,100,2020-10-01 18:35:00,MPB
17.39,17.39,17.39,17.39,100,2020-10-01 18:50:00,MPB
17.48,17.52,17.48,17.52,238,2020-10-01 19:55:00,MPB
17.25,17.25,17.25,17.25,1369,2020-10-01 20:00:00,MPB
17.46,17.46,17.46,17.46,120,2020-10-02 13:45:00,MPB
17.15,17.15,17.15,17.15,152,2020-10-02 13:55:00,MPB
17.5799,17.71,17.5799,17.71,1174,2020-10-02 16:35:00,MPB
17.89,17.89,17.89,17.89,100,2020-10-02 17:20:00,MPB
17.89,17.89,17.81,17.81,300,2020-10-02 18:00:00,MPB
17.75,17.75,17.74,17.74,454,2020-10-02 18:40:00,MPB
17.75,17.87,17.75,17.87,300,2020-10-02 19:20:00,MPB
17.87,17.87,17.7,17.7,43593,2020-10-02 19:45:00,MPB
17.75,17.75,17.75,17.75,100,2020-10-02 19:55:00,MPB
17.47,17.47,17.47,17.47,1803,2020-10-02 20:00:00,MPB
17.56,17.8396,17.56,17.8396,675,2020-10-05 13:30:00,MPB
17.975,17.975,17.975,17.975,154,2020-10-05 13:40:00,MPB
17.76,17.76,17.76,17.76,300,2020-10-05 14:20:00,MPB
17.9,17.9,17.9,17.9,100,2020-10-05 18:20:00,MPB
17.94,17.94,17.94,17.94,100,2020-10-05 18:30:00,MPB
17.92,17.92,17.92,17.92,100,2020-10-05 18:35:00,MPB
17.96,18.12,17.96,18.12,1158,2020-10-05 18:40:00,MPB
18.17,18.17,18.16,18.16,200,2020-10-05 18:45:00,MPB
18.07,18.07,18.07,18.07,1956,2020-10-05 20:00:00,MPB
17.97,17.97,17.97,17.97,100,2020-10-06 13:35:00,MPB
18.0494,18.41,17.985,18.0468,561,2020-10-06 14:10:00,MPB
18.35,18.35,18.35,18.35,100,2020-10-06 14:25:00,MPB
18.39,18.39,18.39,18.39,100,2020-10-06 15:25:00,MPB
18.24,18.24,18.24,18.24,100,2020-10-06 15:35:00,MPB
18.45,18.45,18.45,18.45,100,2020-10-06 16:00:00,MPB
18.27,18.27,18.22,18.22,200,2020-10-06 16:15:00,MPB
18.47,18.47,18.47,18.47,100,2020-10-06 17:15:00,MPB
18.31,18.31,18.31,18.31,100,2020-10-06 17:30:00,MPB
18.97,18.97,18.97,18.97,100,2020-10-06 18:35:00,MPB
19.26,19.26,19.09,19.09,500,2020-10-06 18:45:00,MPB
18.51,18.51,18.51,18.51,100,2020-10-06 19:40:00,MPB
18.48,18.48,18.48,18.48,102,2020-10-06 19:55:00,MPB
18.45,18.45,18.45,18.45,1429,2020-10-06 20:00:00,MPB
18.615,18.615,18.615,18.615,100,2020-10-07 13:30:00,MPB
18.15,18.15,18.15,18.15,100,2020-10-07 13:35:00,MPB
18.68,18.68,18.68,18.68,100,2020-10-07 14:00:00,MPB
18.65,18.65,18.65,18.65,200,2020-10-07 14:50:00,MPB
18.83,18.83,18.8101,18.8101,442,2020-10-07 14:55:00,MPB
18.5931,18.5931,18.5931,18.5931,1000,2020-10-07 18:00:00,MPB
18.925,18.925,18.925,18.925,100,2020-10-07 18:30:00,MPB
18.575,18.575,18.55,18.55,800,2020-10-07 19:35:00,MPB
18.45,18.45,18.45,18.45,1145,2020-10-07 19:50:00,MPB
18.95,18.95,18.95,18.95,2274,2020-10-07 20:00:00,MPB
18.99,18.99,18.99,18.99,181,2020-10-08 13:30:00,MPB
18.7,18.7,18.7,18.7,100,2020-10-08 16:05:00,MPB
18.71,18.71,18.71,18.71,100,2020-10-08 18:35:00,MPB
19.19,19.19,19.19,19.19,100,2020-10-08 19:50:00,MPB
18.81,18.81,18.81,18.81,1419,2020-10-08 20:00:00,MPB
18.96,18.96,18.96,18.96,100,2020-10-09 13:35:00,MPB
18.95,18.95,18.95,18.95,130,2020-10-09 14:05:00,MPB
18.53,18.5526,18.53,18.5526,500,2020-10-09 17:55:00,MPB
18.64,18.64,18.64,18.64,781,2020-10-09 20:00:00,MPB
18.49,19.205,18.47,19.205,467,2020-10-12 13:40:00,MPB
18.95,18.95,18.95,18.95,500,2020-10-12 16:05:00,MPB
18.92,18.95,18.92,18.95,200,2020-10-12 16:20:00,MPB
18.92,18.92,18.92,18.92,100,2020-10-12 17:15:00,MPB
18.95,18.95,18.95,18.95,484,2020-10-12 18:55:00,MPB
19.43,19.43,19.43,19.43,100,2020-10-12 19:55:00,MPB
19.45,19.45,19.45,19.45,1170,2020-10-12 20:00:00,MPB
19.2528,19.2528,19.2528,19.2528,140,2020-10-13 14:35:00,MPB
19.34,19.34,19.34,19.34,100,2020-10-13 15:25:00,MPB
19.31,19.31,19.31,19.31,100,2020-10-13 18:50:00,MPB
19.7,19.76,19.7,19.76,1790,2020-10-13 19:20:00,MPB
19.6087,19.6087,19.6087,19.6087,270,2020-10-13 19:40:00,MPB
19.51,19.51,19.51,19.51,354,2020-10-13 20:00:00,MPB
19.45,19.51,19.35,19.35,508,2020-10-14 13:30:00,MPB
19.35,19.45,19.3,19.3,643,2020-10-14 13:35:00,MPB
19.445,19.55,19.445,19.55,3294,2020-10-14 13:55:00,MPB
19.51,19.51,19.45,19.45,1095,2020-10-14 14:25:00,MPB
19.47,19.47,19.45,19.45,800,2020-10-14 14:30:00,MPB
19.62,19.62,19.62,19.62,100,2020-10-14 16:00:00,MPB
19.605,19.605,19.605,19.605,100,2020-10-14 16:50:00,MPB
19.51,19.51,19.51,19.51,160,2020-10-14 17:30:00,MPB
19.51,19.51,19.51,19.51,100,2020-10-14 19:55:00,MPB
19.52,19.52,19.52,19.52,476,2020-10-14 20:00:00,MPB
19.45,19.45,19.45,19.45,576,2020-10-15 13:30:00,MPB
19.46,19.46,19.46,19.46,100,2020-10-15 14:00:00,MPB
19.695,19.695,19.695,19.695,600,2020-10-15 14:25:00,MPB
19.49,19.49,19.49,19.49,100,2020-10-15 14:30:00,MPB
19.49,19.49,19.49,19.49,100,2020-10-15 14:35:00,MPB
19.595,19.595,19.595,19.595,400,2020-10-15 16:10:00,MPB
19.58,19.58,19.58,19.58,200,2020-10-15 16:55:00,MPB
19.65,19.65,19.65,19.65,400,2020-10-15 17:20:00,MPB
19.91,19.91,19.91,19.91,101,2020-10-15 17:40:00,MPB
19.85,19.96,19.85,19.96,498,2020-10-15 19:35:00,MPB
20.84,20.84,20.84,20.84,100,2020-10-15 19:55:00,MPB
20.93,20.93,20.93,20.93,1638,2020-10-15 20:00:00,MPB
20.64,20.64,19.95,19.95,1224,2020-10-16 13:30:00,MPB
20.33,20.33,20.33,20.33,100,2020-10-16 13:35:00,MPB
20.6,20.6,20.6,20.6,100,2020-10-16 15:25:00,MPB
20.71,20.71,20.71,20.71,100,2020-10-16 17:25:00,MPB
20.66,20.66,20.66,20.66,148,2020-10-16 17:50:00,MPB
20.05,20.05,20.05,20.05,100,2020-10-16 18:00:00,MPB
20.5,20.79,20.07,20.79,500,2020-10-16 19:50:00,MPB
20.13,20.88,20.05,20.05,300,2020-10-16 19:55:00,MPB
20.04,20.04,20.04,20.04,1680,2020-10-16 20:00:00,MPB
20.35,20.35,20.35,20.35,100,2020-10-19 13:25:00,MPB
19.98,19.98,19.97,19.97,215,2020-10-19 14:05:00,MPB
19.5559,19.5559,19.5559,19.5559,174,2020-10-19 17:55:00,MPB
19.59,19.59,19.59,19.59,697,2020-10-19 20:00:00,MPB
19.79,19.79,19.79,19.79,146,2020-10-20 13:30:00,MPB
19.96,19.96,19.84,19.84,300,2020-10-20 16:30:00,MPB
19.7625,19.7625,19.7625,19.7625,280,2020-10-20 16:55:00,MPB
19.569,19.569,19.569,19.569,105,2020-10-20 18:10:00,MPB
19.91,19.91,19.91,19.91,988,2020-10-20 20:00:00,MPB
19.95,19.95,19.95,19.95,200,2020-10-21 14:45:00,MPB
20.2426,20.2426,20.2426,20.2426,300,2020-10-21 14:50:00,MPB
20.29,20.29,20.29,20.29,200,2020-10-21 15:50:00,MPB
20.25,20.25,20.2,20.2,2028,2020-10-21 15:55:00,MPB
19.99,19.99,19.99,19.99,200,2020-10-21 16:00:00,MPB
20.0,20.0,19.96,19.96,992,2020-10-21 16:35:00,MPB
20.02,20.02,20.02,20.02,200,2020-10-21 16:55:00,MPB
20.07,20.07,20.07,20.07,200,2020-10-21 18:15:00,MPB
20.07,20.07,20.07,20.07,936,2020-10-21 18:25:00,MPB
19.94,19.94,19.94,19.94,200,2020-10-21 19:45:00,MPB
19.92,19.92,19.92,19.92,200,2020-10-21 19:55:00,MPB
20.15,20.15,20.15,20.15,1904,2020-10-21 20:00:00,MPB
20.15,20.15,20.15,20.15,300,2020-10-22 17:35:00,MPB
20.15,20.15,20.11,20.11,200,2020-10-22 17:45:00,MPB
19.95,19.95,19.95,19.95,200,2020-10-22 17:55:00,MPB
19.95,19.95,19.94,19.95,900,2020-10-22 18:00:00,MPB
19.91,19.95,19.9,19.95,400,2020-10-22 18:20:00,MPB
19.89,19.89,19.89,19.89,400,2020-10-22 18:25:00,MPB
19.95,19.95,19.95,19.95,1180,2020-10-22 18:30:00,MPB
19.95,19.95,19.95,19.95,400,2020-10-22 18:35:00,MPB
19.95,19.95,19.89,19.95,1196,2020-10-22 18:50:00,MPB
19.9488,19.9488,19.9488,19.9488,300,2020-10-22 18:55:00,MPB
19.95,19.95,19.95,19.95,100,2020-10-22 19:20:00,MPB
19.95,19.95,19.94,19.94,300,2020-10-22 19:35:00,MPB
19.95,19.95,19.95,19.95,100,2020-10-22 19:45:00,MPB
19.93,19.93,19.93,19.93,100,2020-10-22 19:55:00,MPB
19.78,19.78,19.78,19.78,2813,2020-10-22 20:00:00,MPB
19.91,19.91,19.91,19.91,177,2020-10-23 13:30:00,MPB
20.21,20.21,20.21,20.21,300,2020-10-23 16:25:00,MPB
20.13,20.13,20.05,20.13,400,2020-10-23 16:35:00,MPB
20.1,20.1,19.96,19.96,200,2020-10-23 16:40:00,MPB
20.13,20.13,20.13,20.13,100,2020-10-23 19:55:00,MPB
20.0,20.0,20.0,20.0,1186,2020-10-23 20:00:00,MPB
20.1,20.1,20.1,20.1,150,2020-10-26 13:50:00,MPB
19.7,19.7,19.7,19.7,100,2020-10-26 16:00:00,MPB
19.8,19.95,19.8,19.95,200,2020-10-26 16:10:00,MPB
19.95,19.95,19.95,19.95,100,2020-10-26 17:45:00,MPB
19.8115,19.8115,19.8115,19.8115,500,2020-10-26 17:50:00,MPB
19.95,20.09,19.95,20.09,700,2020-10-26 19:55:00,MPB
20.1,20.1,20.1,20.1,1154,2020-10-26 20:00:00,MPB
20.6648,20.6648,20.6648,20.6648,940,2020-10-27 14:50:00,MPB
19.95,19.95,19.95,19.95,100,2020-10-27 16:05:00,MPB
19.66,19.66,19.66,19.66,1130,2020-10-27 20:00:00,MPB
19.46,19.46,19.46,19.46,241,2020-10-28 13:30:00,MPB
19.935,19.935,19.935,19.935,100,2020-10-28 13:40:00,MPB
19.9399,19.9399,19.9399,19.9399,136,2020-10-28 13:45:00,MPB
19.73,19.73,19.73,19.73,100,2020-10-28 13:55:00,MPB
19.72,19.72,19.7001,19.7001,200,2020-10-28 14:15:00,MPB
19.455,19.455,19.45,19.45,1680,2020-10-28 14:35:00,MPB
19.46,19.46,19.46,19.46,100,2020-10-28 14:40:00,MPB
19.46,19.46,19.45,19.45,250,2020-10-28 14:45:00,MPB
19.51,19.51,19.51,19.51,200,2020-10-28 14:50:00,MPB
19.46,19.46,19.46,19.46,100,2020-10-28 14:55:00,MPB
19.6116,19.6116,19.46,19.46,600,2020-10-28 15:15:00,MPB
19.55,19.5999,19.55,19.5999,300,2020-10-28 17:00:00,MPB
19.72,19.72,19.61,19.65,400,2020-10-28 17:30:00,MPB
19.85,19.85,19.85,19.85,100,2020-10-28 18:35:00,MPB
19.93,19.93,19.93,19.93,100,2020-10-28 19:30:00,MPB
19.89,19.89,19.89,19.89,100,2020-10-28 19:45:00,MPB
19.87,19.93,19.64,19.64,800,2020-10-28 19:55:00,MPB
19.9,19.9,19.9,19.9,1379,2020-10-28 20:00:00,MPB
19.7,19.7,19.7,19.7,135,2020-10-29 13:30:00,MPB
19.49,19.49,19.49,19.49,100,2020-10-29 13:35:00,MPB
19.46,19.46,19.45,19.45,200,2020-10-29 13:40:00,MPB
19.64,19.64,19.6,19.6,1250,2020-10-29 14:35:00,MPB
19.79,19.79,19.79,19.79,117,2020-10-29 14:55:00,MPB
19.73,19.73,19.73,19.73,100,2020-10-29 15:30:00,MPB
19.7717,19.7717,19.69,19.69,500,2020-10-29 16:10:00,MPB
19.65,19.65,19.65,19.65,242,2020-10-29 16:15:00,MPB
19.56,19.56,19.56,19.56,100,2020-10-29 16:25:00,MPB
19.45,19.45,19.45,19.45,100,2020-10-29 16:35:00,MPB
19.57,19.57,19.57,19.57,102,2020-10-29 16:40:00,MPB
19.59,19.59,19.59,19.59,100,2020-10-29 16:45:00,MPB
19.49,19.49,19.49,19.49,104,2020-10-29 17:00:00,MPB
19.48,19.48,19.48,19.48,120,2020-10-29 17:15:00,MPB
19.48,19.48,19.48,19.48,117,2020-10-29 17:25:00,MPB
19.5,19.5,19.5,19.5,100,2020-10-29 17:40:00,MPB
19.49,19.49,19.49,19.49,120,2020-10-29 17:45:00,MPB
19.46,19.46,19.46,19.46,100,2020-10-29 17:55:00,MPB
19.47,19.47,19.47,19.47,100,2020-10-29 18:05:00,MPB
19.47,19.47,19.47,19.47,100,2020-10-29 18:15:00,MPB
19.65,19.65,19.48,19.48,300,2020-10-29 18:20:00,MPB
19.49,19.49,19.49,19.49,100,2020-10-29 18:30:00,MPB
19.58,19.58,19.48,19.48,398,2020-10-29 18:35:00,MPB
19.48,19.48,19.48,19.48,100,2020-10-29 18:45:00,MPB
19.56,19.56,19.56,19.56,299,2020-10-29 18:55:00,MPB
19.46,19.46,19.46,19.46,100,2020-10-29 19:05:00,MPB
19.46,19.46,19.46,19.46,100,2020-10-29 19:15:00,MPB
19.49,19.55,19.49,19.55,207,2020-10-29 19:35:00,MPB
19.48,19.48,19.48,19.48,100,2020-10-29 19:45:00,MPB
19.46,19.46,19.46,19.46,100,2020-10-29 19:50:00,MPB
19.45,19.45,19.45,19.45,200,2020-10-29 19:55:00,MPB
19.58,19.58,19.58,19.58,1278,2020-10-29 20:00:00,MPB
19.55,19.55,19.55,19.55,100,2020-10-30 15:20:00,MPB
19.45,19.51,19.45,19.51,200,2020-10-30 15:40:00,MPB
19.6141,19.6141,19.6141,19.6141,114,2020-10-30 17:20:00,MPB
19.68,19.68,19.68,19.68,106,2020-10-30 19:55:00,MPB
19.5,19.5,19.5,19.5,4463,2020-10-30 20:00:00,MPB
19.46,19.46,19.46,19.46,346,2020-11-02 14:30:00,MPB
19.68,19.68,19.68,19.68,322,2020-11-02 15:15:00,MPB
19.905,19.905,19.905,19.905,100,2020-11-02 18:15:00,MPB
19.7,19.7,19.65,19.65,1043,2020-11-02 18:20:00,MPB
19.925,19.925,19.925,19.925,100,2020-11-02 20:35:00,MPB
19.91,19.91,19.91,19.91,2128,2020-11-02 21:00:00,MPB
19.91,19.91,19.91,19.91,200,2020-11-03 14:30:00,MPB
19.95,19.95,19.9,19.94,900,2020-11-03 14:50:00,MPB
20.21,20.21,20.21,20.21,100,2020-11-03 14:55:00,MPB
20.17,20.17,20.0437,20.0437,200,2020-11-03 15:35:00,MPB
19.98,19.98,19.98,19.98,100,2020-11-03 16:05:00,MPB
19.98,19.98,19.98,19.98,100,2020-11-03 16:10:00,MPB
20.055,20.055,20.055,20.055,175,2020-11-03 16:20:00,MPB
20.075,20.3864,20.075,20.3864,225,2020-11-03 16:30:00,MPB
20.29,20.29,20.29,20.29,100,2020-11-03 16:35:00,MPB
20.11,20.11,20.11,20.11,159,2020-11-03 16:40:00,MPB
20.33,20.33,20.33,20.33,100,2020-11-03 16:45:00,MPB
20.26,20.26,20.26,20.26,100,2020-11-03 16:50:00,MPB
20.3,20.5619,20.3,20.5619,200,2020-11-03 16:55:00,MPB
20.1499,20.15,19.885,20.15,600,2020-11-03 17:00:00,MPB
19.9899,19.9899,19.9896,19.9896,200,2020-11-03 17:05:00,MPB
20.05,20.05,20.05,20.05,100,2020-11-03 18:50:00,MPB
20.32,20.32,20.32,20.32,100,2020-11-03 19:50:00,MPB
20.25,20.25,20.25,20.25,200,2020-11-03 20:20:00,MPB
20.35,20.39,20.35,20.39,215,2020-11-03 20:25:00,MPB
20.5025,20.5025,20.5025,20.5025,300,2020-11-03 20:50:00,MPB
20.59,20.59,20.51,20.51,300,2020-11-03 20:55:00,MPB
20.34,20.34,20.34,20.34,3175,2020-11-03 21:00:00,MPB
20.14,20.2,20.14,20.2,962,2020-11-04 14:30:00,MPB
20.25,20.25,20.25,20.25,100,2020-11-04 15:35:00,MPB
20.34,20.34,20.34,20.34,199,2020-11-04 15:40:00,MPB
20.54,20.54,20.54,20.54,100,2020-11-04 16:00:00,MPB
20.25,20.25,20.25,20.25,200,2020-11-04 17:10:00,MPB
20.45,20.45,20.45,20.45,100,2020-11-04 18:30:00,MPB
20.165,20.2399,20.08,20.08,300,2020-11-04 19:10:00,MPB
20.005,20.0499,20.005,20.0499,200,2020-11-04 19:25:00,MPB
19.97,19.97,19.97,19.97,100,2020-11-04 20:05:00,MPB
19.96,19.96,19.96,19.96,100,2020-11-04 20:35:00,MPB
19.71,19.71,19.71,19.71,100,2020-11-04 20:45:00,MPB
20.27,20.27,20.27,20.27,100,2020-11-04 20:55:00,MPB
19.8,19.8,19.8,19.8,567,2020-11-04 21:00:00,MPB
19.99,19.99,19.99,19.99,147,2020-11-05 14:30:00,MPB
20.1,20.1,20.1,20.1,425,2020-11-05 14:50:00,MPB
20.065,20.065,20.065,20.065,200,2020-11-05 15:35:00,MPB
20.31,20.45,20.31,20.45,852,2020-11-05 20:00:00,MPB
20.48,20.5,20.46,20.5,400,2020-11-05 20:05:00,MPB
19.72,19.72,19.72,19.72,132,2020-11-05 20:30:00,MPB
20.2,20.2,20.2,20.2,148,2020-11-05 20:50:00,MPB
20.53,20.5499,20.22,20.22,412,2020-11-05 20:55:00,MPB
20.21,20.21,20.21,20.21,1685,2020-11-05 21:00:00,MPB
20.4,20.4,20.4,20.4,100,2020-11-06 15:00:00,MPB
20.01,20.01,19.6407,19.697,2954,2020-11-06 15:10:00,MPB
19.77,19.85,19.77,19.85,400,2020-11-06 15:15:00,MPB
19.95,19.95,19.91,19.91,300,2020-11-06 15:40:00,MPB
20.05,20.05,20.05,20.05,825,2020-11-06 15:50:00,MPB
20.14,20.14,20.14,20.14,500,2020-11-06 16:10:00,MPB
20.01,20.01,20.0,20.0,200,2020-11-06 16:15:00,MPB
19.97,19.97,19.97,19.97,100,2020-11-06 16:45:00,MPB
20.0,20.0,20.0,20.0,100,2020-11-06 17:45:00,MPB
20.04,20.04,20.04,20.04,100,2020-11-06 18:45:00,MPB
20.23,20.26,20.11,20.22,500,2020-11-06 18:50:00,MPB
20.024,20.1,20.024,20.1,350,2020-11-06 19:50:00,MPB
20.15,20.15,20.15,20.15,400,2020-11-06 20:15:00,MPB
20.215,20.215,20.215,20.215,150,2020-11-06 20:50:00,MPB
20.22,20.22,20.22,20.22,100,2020-11-06 20:55:00,MPB
20.22,20.22,20.22,20.22,1993,2020-11-06 21:00:00,MPB
20.94,20.95,20.94,20.95,2426,2020-11-09 14:30:00,MPB
20.81,20.81,20.81,20.81,100,2020-11-09 14:50:00,MPB
20.8,20.8,20.8,20.8,100,2020-11-09 14:55:00,MPB
20.85,20.9,20.85,20.9,388,2020-11-09 15:20:00,MPB
20.9499,20.95,20.9499,20.95,400,2020-11-09 15:25:00,MPB
20.94,20.95,20.94,20.95,400,2020-11-09 15:35:00,MPB
20.77,20.77,20.7053,20.7053,469,2020-11-09 15:40:00,MPB
20.95,20.95,20.95,20.95,1600,2020-11-09 15:50:00,MPB
20.905,20.95,20.905,20.95,1937,2020-11-09 15:55:00,MPB
21.06,21.06,21.06,21.06,200,2020-11-09 16:00:00,MPB
21.16,21.17,21.14,21.17,300,2020-11-09 16:10:00,MPB
21.76,21.905,21.76,21.905,200,2020-11-09 16:30:00,MPB
21.6601,21.69,21.6601,21.69,200,2020-11-09 16:35:00,MPB
21.65,21.65,21.5701,21.6,300,2020-11-09 16:40:00,MPB
21.35,21.35,21.35,21.35,100,2020-11-09 17:45:00,MPB
21.35,21.35,21.35,21.35,193,2020-11-09 17:55:00,MPB
21.4,21.56,21.4,21.56,2486,2020-11-09 18:25:00,MPB
21.76,21.76,21.76,21.76,192,2020-11-09 20:05:00,MPB
21.29,21.29,21.29,21.29,2281,2020-11-09 21:00:00,MPB
21.72,21.72,21.72,21.72,302,2020-11-10 14:30:00,MPB
22.55,22.55,22.41,22.41,400,2020-11-10 15:50:00,MPB
22.53,22.53,22.53,22.53,200,2020-11-10 16:10:00,MPB
22.55,22.55,22.55,22.55,100,2020-11-10 16:15:00,MPB
22.55,22.55,22.55,22.55,400,2020-11-10 16:25:00,MPB
22.74,22.75,22.74,22.75,200,2020-11-10 16:30:00,MPB
22.82,22.82,22.81,22.81,300,2020-11-10 16:35:00,MPB
22.95,23.15,22.94,23.15,4548,2020-11-10 17:20:00,MPB
23.26,23.26,23.26,23.26,300,2020-11-10 17:40:00,MPB
23.43,23.43,23.43,23.43,100,2020-11-10 17:45:00,MPB
23.43,23.54,23.42,23.54,2487,2020-11-10 17:55:00,MPB
23.51,23.51,23.51,23.51,100,2020-11-10 18:00:00,MPB
23.35,23.35,23.35,23.35,100,2020-11-10 18:15:00,MPB
23.17,23.35,22.98,23.34,1374,2020-11-10 19:15:00,MPB
23.25,23.25,23.25,23.25,157,2020-11-10 19:25:00,MPB
23.14,23.14,23.14,23.14,300,2020-11-10 19:50:00,MPB
23.35,23.35,23.13,23.13,203,2020-11-10 20:25:00,MPB
22.48,22.48,21.8901,21.8901,1939,2020-11-10 20:45:00,MPB
23.35,23.35,23.35,23.35,111,2020-11-10 20:55:00,MPB
22.86,22.86,22.86,22.86,2761,2020-11-10 21:00:00,MPB
22.9,23.17,22.9,23.17,445,2020-11-11 14:35:00,MPB
22.46,22.46,22.46,22.46,142,2020-11-11 17:20:00,MPB
22.4,22.4,22.4,22.4,100,2020-11-11 17:25:00,MPB
22.4,22.4,22.4,22.4,3127,2020-11-11 21:00:00,MPB
22.615,22.615,22.615,22.615,100,2020-11-12 16:00:00,MPB
22.6,22.6,22.6,22.6,100,2020-11-12 16:30:00,MPB
22.205,22.205,22.205,22.205,105,2020-11-12 16:55:00,MPB
22.78,22.78,22.78,22.78,100,2020-11-12 17:20:00,MPB
21.93,21.95,21.93,21.95,200,2020-11-12 18:25:00,MPB
21.97,21.97,21.97,21.97,100,2020-11-12 18:50:00,MPB
21.99,21.99,21.99,21.99,226,2020-11-12 19:05:00,MPB
22.81,22.81,22.81,22.81,100,2020-11-12 20:05:00,MPB
22.01,22.01,22.01,22.01,100,2020-11-12 20:10:00,MPB
21.32,21.32,21.32,21.32,100,2020-11-12 20:20:00,MPB
21.355,22.025,21.355,22.025,200,2020-11-12 20:50:00,MPB
22.47,22.47,22.47,22.47,1629,2020-11-12 21:00:00,MPB
22.75,22.75,22.75,22.75,117,2020-11-13 14:30:00,MPB
22.8,22.84,22.8,22.84,300,2020-11-13 19:30:00,MPB
22.75,22.75,22.75,22.75,300,2020-11-13 19:35:00,MPB
22.46,22.46,22.46,22.46,147,2020-11-13 20:55:00,MPB
22.46,22.46,22.46,22.46,1107,2020-11-13 21:00:00,MPB
22.94,22.94,22.94,22.94,104,2020-11-16 14:30:00,MPB
22.95,22.95,22.94,22.94,200,2020-11-16 14:55:00,MPB
22.94,22.95,22.94,22.95,300,2020-11-16 15:00:00,MPB
23.87,23.87,23.81,23.81,300,2020-11-16 15:25:00,MPB
22.87,23.21,22.87,23.21,1900,2020-11-16 15:30:00,MPB
23.48,23.48,23.48,23.48,200,2020-11-16 16:15:00,MPB
22.72,22.72,22.72,22.72,100,2020-11-16 16:50:00,MPB
23.54,23.54,22.93,22.9499,300,2020-11-16 16:55:00,MPB
23.34,23.34,22.75,22.75,300,2020-11-16 17:00:00,MPB
22.85,22.85,22.85,22.85,100,2020-11-16 17:05:00,MPB
22.72,22.72,22.72,22.72,100,2020-11-16 20:50:00,MPB
22.89,22.9,22.665,22.67,1000,2020-11-16 20:55:00,MPB
22.87,22.87,22.87,22.87,3830,2020-11-16 21:00:00,MPB
22.49,22.49,22.49,22.49,137,2020-11-17 14:30:00,MPB
23.15,23.15,23.15,23.15,100,2020-11-17 17:00:00,MPB
22.98,22.98,22.98,22.98,100,2020-11-17 17:40:00,MPB
23.08,23.08,23.08,23.08,100,2020-11-17 17:45:00,MPB
23.1,23.1,23.1,23.1,100,2020-11-17 18:40:00,MPB
23.03,23.03,22.81,22.81,200,2020-11-17 19:35:00,MPB
22.89,22.89,22.89,22.89,100,2020-11-17 19:50:00,MPB
23.0048,23.0048,22.825,22.825,569,2020-11-17 19:55:00,MPB
22.94,22.94,22.94,22.94,100,2020-11-17 20:00:00,MPB
23.16,23.16,22.82,22.82,236,2020-11-17 20:15:00,MPB
22.36,22.36,22.36,22.36,100,2020-11-17 20:55:00,MPB
22.5,22.5,22.5,22.5,1772,2020-11-17 21:00:00,MPB
22.91,22.9499,22.89,22.9499,526,2020-11-18 14:40:00,MPB
23.01,23.01,22.96,22.96,360,2020-11-18 15:05:00,MPB
22.98,22.98,22.96,22.96,300,2020-11-18 15:10:00,MPB
23.2,23.2,23.2,23.2,999,2020-11-18 15:55:00,MPB
23.05,23.05,23.05,23.05,725,2020-11-18 16:05:00,MPB
22.7299,22.79,22.7,22.79,900,2020-11-18 16:10:00,MPB
22.7,22.7499,22.7,22.7499,200,2020-11-18 16:15:00,MPB
22.75,22.75,22.75,22.75,200,2020-11-18 16:30:00,MPB
23.06,23.08,23.05,23.08,700,2020-11-18 16:35:00,MPB
22.65,22.65,22.65,22.65,100,2020-11-18 17:40:00,MPB
22.85,22.85,22.85,22.85,100,2020-11-18 17:50:00,MPB
22.6,22.6,22.6,22.6,400,2020-11-18 18:45:00,MPB
22.775,22.775,22.775,22.775,100,2020-11-18 20:20:00,MPB
22.0,22.0,22.0,22.0,2288,2020-11-18 21:00:00,MPB
22.3,22.3,22.3,22.3,323,2020-11-19 14:30:00,MPB
21.9,21.9,21.53,21.53,600,2020-11-19 15:05:00,MPB
22.12,22.12,21.94,21.94,200,2020-11-19 15:10:00,MPB
21.92,21.92,21.92,21.92,100,2020-11-19 15:15:00,MPB
22.16,22.16,22.16,22.16,100,2020-11-19 15:50:00,MPB
22.16,22.16,21.9601,21.9601,300,2020-11-19 15:55:00,MPB
21.86,21.86,21.86,21.86,100,2020-11-19 16:40:00,MPB
21.74,21.74,21.65,21.65,200,2020-11-19 17:05:00,MPB
21.86,21.86,21.86,21.86,100,2020-11-19 18:40:00,MPB
21.725,22.0,21.725,22.0,500,2020-11-19 20:55:00,MPB
21.85,21.85,21.85,21.85,1013,2020-11-19 21:00:00,MPB
21.9,21.9,21.9,21.9,1901,2020-11-20 14:30:00,MPB
21.9,21.95,21.9,21.95,800,2020-11-20 16:50:00,MPB
21.95,21.95,21.95,21.95,760,2020-11-20 17:55:00,MPB
21.9,21.9,21.9,21.9,200,2020-11-20 18:00:00,MPB
22.07,22.07,22.07,22.07,125,2020-11-20 18:05:00,MPB
21.31,21.31,21.31,21.31,1038,2020-11-20 21:00:00,MPB
21.83,21.83,21.83,21.83,608,2020-11-23 14:30:00,MPB
23.5199,23.5199,23.5199,23.5199,141,2020-11-23 15:15:00,MPB
22.11,22.79,22.11,22.79,200,2020-11-23 17:45:00,MPB
22.1037,22.79,22.1037,22.79,1300,2020-11-23 17:55:00,MPB
22.78,22.78,22.78,22.78,100,2020-11-23 18:05:00,MPB
22.36,22.77,22.19,22.2899,800,2020-11-23 19:25:00,MPB
22.28,22.28,22.28,22.28,100,2020-11-23 19:30:00,MPB
21.94,22.32,21.94,22.32,400,2020-11-23 19:40:00,MPB
22.07,22.07,22.07,22.07,100,2020-11-23 20:20:00,MPB
22.09,22.44,22.09,22.44,500,2020-11-23 20:25:00,MPB
22.15,22.29,22.15,22.2,417,2020-11-23 20:55:00,MPB
22.11,22.11,22.11,22.11,956,2020-11-23 21:00:00,MPB
22.33,22.33,22.33,22.33,124,2020-11-24 14:30:00,MPB
23.5396,23.5396,23.5396,23.5396,133,2020-11-24 15:00:00,MPB
23.7694,23.7694,23.7694,23.7694,1000,2020-11-24 15:20:00,MPB
22.9488,23.095,22.925,23.05,400,2020-11-24 15:25:00,MPB
23.11,23.19,23.0501,23.19,300,2020-11-24 15:55:00,MPB
23.09,23.09,23.09,23.09,100,2020-11-24 16:00:00,MPB
22.9542,22.9542,22.9542,22.9542,110,2020-11-24 16:05:00,MPB
23.49,23.49,23.33,23.33,200,2020-11-24 16:30:00,MPB
23.21,23.54,23.17,23.54,300,2020-11-24 16:35:00,MPB
23.59,23.59,23.3303,23.55,1146,2020-11-24 16:40:00,MPB
23.72,23.72,23.72,23.72,100,2020-11-24 18:00:00,MPB
23.65,23.65,23.65,23.65,100,2020-11-24 18:10:00,MPB
23.5436,23.5436,23.5436,23.5436,100,2020-11-24 18:20:00,MPB
23.95,23.95,23.95,23.95,200,2020-11-24 18:30:00,MPB
23.95,23.95,23.95,23.95,100,2020-11-24 20:50:00,MPB
23.9,23.95,23.9,23.95,512,2020-11-24 20:55:00,MPB
23.8,23.8,23.8,23.8,3916,2020-11-24 21:00:00,MPB
23.82,23.82,23.82,23.82,117,2020-11-25 14:30:00,MPB
22.49,23.75,22.49,23.75,977,2020-11-25 15:05:00,MPB
23.7,23.75,23.7,23.75,500,2020-11-25 15:45:00,MPB
23.76,23.95,23.76,23.95,1119,2020-11-25 16:00:00,MPB
23.95,24.0,23.95,24.0,900,2020-11-25 16:20:00,MPB
23.9,23.95,23.9,23.95,788,2020-11-25 16:55:00,MPB
23.95,24.0,23.95,23.95,1600,2020-11-25 17:00:00,MPB
24.15,24.37,24.15,24.26,400,2020-11-25 17:05:00,MPB
24.57,24.8693,24.57,24.8693,300,2020-11-25 17:10:00,MPB
24.73,24.73,24.66,24.66,500,2020-11-25 17:15:00,MPB
24.72,24.95,24.55,24.65,500,2020-11-25 17:20:00,MPB
24.92,24.92,24.7299,24.7299,220,2020-11-25 17:45:00,MPB
24.51,24.51,24.51,24.51,100,2020-11-25 17:50:00,MPB
24.67,24.67,24.67,24.67,100,2020-11-25 18:35:00,MPB
24.1,24.1,24.1,24.1,100,2020-11-25 19:55:00,MPB
24.11,24.11,24.11,24.11,1363,2020-11-25 21:00:00,MPB
23.95,23.95,23.95,23.95,100,2020-11-27 15:15:00,MPB
24.07,24.07,23.99,23.99,200,2020-11-27 15:20:00,MPB
23.56,23.56,23.56,23.56,118,2020-11-27 16:05:00,MPB
23.56,23.56,23.56,23.56,210,2020-11-27 17:45:00,MPB
23.47,23.47,23.47,23.47,1167,2020-11-27 18:00:00,MPB
23.16,23.16,23.16,23.16,172,2020-11-30 14:30:00,MPB
22.575,22.575,22.575,22.575,100,2020-11-30 20:15:00,MPB
23.05,23.05,22.66,22.66,400,2020-11-30 20:55:00,MPB
23.19,23.19,23.19,23.19,2668,2020-11-30 21:00:00,MPB
23.45,23.45,23.45,23.45,100,2020-12-01 13:00:00,MPB
23.425,23.425,23.425,23.425,100,2020-12-01 17:00:00,MPB
23.34,23.34,23.34,23.34,100,2020-12-01 17:10:00,MPB
22.96,22.96,22.96,22.96,100,2020-12-01 17:35:00,MPB
23.02,23.09,23.02,23.09,300,2020-12-01 17:45:00,MPB
23.14,23.14,23.14,23.14,219,2020-12-01 17:50:00,MPB
23.133,23.133,23.133,23.133,100,2020-12-01 18:40:00,MPB
23.01,23.01,22.98,22.98,400,2020-12-01 18:45:00,MPB
22.83,22.83,22.83,22.83,100,2020-12-01 19:05:00,MPB
22.92,22.92,22.66,22.7905,640,2020-12-01 19:10:00,MPB
22.72,22.72,22.72,22.72,100,2020-12-01 20:10:00,MPB
22.73,22.73,22.73,22.73,400,2020-12-01 20:50:00,MPB
22.3,22.3,22.3,22.3,2331,2020-12-01 21:00:00,MPB
22.45,22.45,22.45,22.45,100,2020-12-02 16:15:00,MPB
22.35,22.43,22.0,22.4001,400,2020-12-02 17:00:00,MPB
22.25,22.25,22.25,22.25,100,2020-12-02 17:30:00,MPB
22.35,22.35,22.35,22.35,359,2020-12-02 17:35:00,MPB
22.77,22.77,22.77,22.77,100,2020-12-02 20:55:00,MPB
22.11,22.11,22.11,22.11,2111,2020-12-02 21:00:00,MPB
22.35,22.35,22.35,22.35,239,2020-12-03 14:30:00,MPB
22.9546,22.9546,22.9546,22.9546,104,2020-12-03 16:15:00,MPB
22.25,22.25,22.25,22.25,100,2020-12-03 16:40:00,MPB
22.31,22.31,22.31,22.31,100,2020-12-03 16:45:00,MPB
22.62,22.7399,22.482,22.7399,1094,2020-12-03 18:40:00,MPB
22.74,22.75,22.74,22.75,200,2020-12-03 20:55:00,MPB
22.21,22.21,22.21,22.21,773,2020-12-03 21:00:00,MPB
22.3946,22.3946,22.3946,22.3946,123,2020-12-04 16:50:00,MPB
22.5,22.5,22.5,22.5,100,2020-12-04 17:35:00,MPB
22.61,22.61,22.61,22.61,100,2020-12-04 17:40:00,MPB
22.55,22.55,22.55,22.55,100,2020-12-04 18:45:00,MPB
22.4,22.4,22.28,22.28,300,2020-12-04 19:15:00,MPB
22.55,22.55,22.55,22.55,100,2020-12-04 19:45:00,MPB
23.31,23.31,23.31,23.31,100,2020-12-04 20:50:00,MPB
23.09,23.09,23.09,23.09,100,2020-12-04 20:55:00,MPB
23.31,23.31,23.31,23.31,811,2020-12-04 21:00:00,MPB
22.9,22.9,22.9,22.9,100,2020-12-07 14:30:00,MPB
22.5534,22.5534,22.5534,22.5534,230,2020-12-07 16:45:00,MPB
22.74,22.74,22.74,22.74,100,2020-12-07 17:50:00,MPB
23.5088,23.5088,22.45,22.45,2200,2020-12-07 20:05:00,MPB
23.17,23.17,22.55,22.55,1100,2020-12-07 20:20:00,MPB
22.935,22.935,22.935,22.935,212,2020-12-07 20:30:00,MPB
22.8276,22.8276,22.8276,22.8276,105,2020-12-07 20:50:00,MPB
22.77,22.92,22.77,22.92,300,2020-12-07 20:55:00,MPB
22.7,22.7,22.7,22.7,1611,2020-12-07 21:00:00,MPB
22.87,22.87,22.87,22.87,150,2020-12-08 14:30:00,MPB
22.5343,22.5343,22.5343,22.5343,300,2020-12-08 15:10:00,MPB
22.7,22.7,22.7,22.7,200,2020-12-08 15:20:00,MPB
22.7,22.7,22.7,22.7,100,2020-12-08 15:25:00,MPB
22.68,22.68,22.68,22.68,100,2020-12-08 15:30:00,MPB
22.87,22.87,22.87,22.87,100,2020-12-08 15:40:00,MPB
23.1,23.1,23.02,23.02,372,2020-12-08 16:00:00,MPB
23.13,23.13,23.04,23.04,560,2020-12-08 19:15:00,MPB
23.225,23.225,23.2066,23.2066,870,2020-12-08 19:20:00,MPB
23.22,23.22,23.22,23.22,100,2020-12-08 20:40:00,MPB
23.42,23.44,23.42,23.44,200,2020-12-08 20:55:00,MPB
23.44,23.44,23.44,23.44,1633,2020-12-08 21:00:00,MPB
23.33,23.33,23.33,23.33,300,2020-12-09 14:30:00,MPB
23.795,23.795,23.795,23.795,100,2020-12-09 16:30:00,MPB
23.79,23.79,23.79,23.79,100,2020-12-09 18:30:00,MPB
23.54,23.54,23.54,23.54,100,2020-12-09 18:35:00,MPB
23.9,23.9,23.9,23.9,100,2020-12-09 20:35:00,MPB
24.27,24.27,24.27,24.27,100,2020-12-09 20:40:00,MPB
24.26,24.26,23.4501,23.485,400,2020-12-09 20:55:00,MPB
23.45,23.45,23.45,23.45,2766,2020-12-09 21:00:00,MPB
23.65,23.65,23.65,23.65,142,2020-12-10 14:30:00,MPB
23.72,23.72,23.72,23.72,100,2020-12-10 16:00:00,MPB
23.82,23.82,23.82,23.82,100,2020-12-10 17:20:00,MPB
23.705,23.705,23.68,23.68,200,2020-12-10 17:40:00,MPB
24.14,24.22,24.085,24.21,700,2020-12-10 18:15:00,MPB
24.14,24.14,24.14,24.14,100,2020-12-10 18:25:00,MPB
24.14,24.14,24.14,24.14,100,2020-12-10 19:10:00,MPB
23.79,24.14,23.79,24.14,300,2020-12-10 19:15:00,MPB
23.9,23.9,23.9,23.9,100,2020-12-10 19:20:00,MPB
24.1,24.14,24.1,24.14,300,2020-12-10 19:25:00,MPB
24.12,24.15,24.12,24.15,200,2020-12-10 19:30:00,MPB
24.22,24.22,24.14,24.14,450,2020-12-10 19:40:00,MPB
24.22,24.22,23.48,23.48,200,2020-12-10 19:55:00,MPB
24.22,24.22,23.76,24.045,1317,2020-12-10 20:10:00,MPB
24.23,24.23,24.23,24.23,1161,2020-12-10 21:00:00,MPB
23.87,23.87,23.87,23.87,500,2020-12-11 20:25:00,MPB
24.44,24.44,24.44,24.44,888,2020-12-11 21:00:00,MPB
24.62,24.62,24.62,24.62,100,2020-12-14 13:20:00,MPB
24.36,24.36,24.36,24.36,100,2020-12-14 14:30:00,MPB
24.45,24.45,24.45,24.45,1800,2020-12-14 14:45:00,MPB
24.56,24.58,24.55,24.5505,1106,2020-12-14 15:05:00,MPB
24.47,24.66,24.47,24.66,500,2020-12-14 15:25:00,MPB
24.65,24.65,24.65,24.65,100,2020-12-14 15:30:00,MPB
24.53,24.53,24.49,24.49,340,2020-12-14 15:40:00,MPB
24.2513,24.345,24.2513,24.345,1944,2020-12-14 16:30:00,MPB
24.18,24.25,24.1538,24.25,400,2020-12-14 16:55:00,MPB
24.05,24.05,24.05,24.05,100,2020-12-14 18:45:00,MPB
23.96,23.96,23.96,23.96,100,2020-12-14 20:40:00,MPB
23.95,23.95,23.95,23.95,100,2020-12-14 20:45:00,MPB
23.97,23.97,23.97,23.97,2974,2020-12-14 21:00:00,MPB
24.25,24.25,24.25,24.25,100,2020-12-15 15:35:00,MPB
23.76,23.76,23.71,23.71,200,2020-12-15 16:00:00,MPB
23.95,23.95,23.95,23.95,295,2020-12-15 17:25:00,MPB
24.64,24.64,24.64,24.64,300,2020-12-15 20:35:00,MPB
24.75,24.75,24.75,24.75,100,2020-12-15 20:40:00,MPB
24.75,24.75,24.75,24.75,100,2020-12-15 20:45:00,MPB
24.79,24.83,24.79,24.83,250,2020-12-15 20:55:00,MPB
24.72,24.72,24.72,24.72,2041,2020-12-15 21:00:00,MPB
24.83,24.83,24.83,24.83,100,2020-12-16 14:45:00,MPB
24.8,24.8,24.78,24.8,300,2020-12-16 16:55:00,MPB
24.71,25.05,24.71,25.05,1079,2020-12-16 17:30:00,MPB
25.65,25.65,25.24,25.33,600,2020-12-16 17:35:00,MPB
25.33,25.33,25.21,25.21,200,2020-12-16 17:40:00,MPB
24.38,24.55,24.38,24.47,602,2020-12-16 20:55:00,MPB
24.25,24.25,24.25,24.25,2270,2020-12-16 21:00:00,MPB
24.69,24.69,24.69,24.69,301,2020-12-17 14:30:00,MPB
24.915,24.915,24.915,24.915,100,2020-12-17 15:50:00,MPB
24.24,24.95,24.24,24.91,1000,2020-12-17 17:45:00,MPB
24.53,24.93,24.5,24.93,545,2020-12-17 19:55:00,MPB
24.89,24.89,24.8601,24.8601,400,2020-12-17 20:05:00,MPB
24.95,24.95,24.95,24.95,206,2020-12-17 20:10:00,MPB
24.92,24.94,24.92,24.94,200,2020-12-17 20:55:00,MPB
24.95,24.95,24.95,24.95,1883,2020-12-17 21:00:00,MPB
25.15,25.15,25.15,25.15,15905,2020-12-18 14:30:00,MPB
24.7,24.7499,24.7,24.7499,200,2020-12-18 17:30:00,MPB
24.7,24.8399,24.7,24.8399,400,2020-12-18 17:35:00,MPB
25.355,25.5,25.355,25.5,417,2020-12-18 17:50:00,MPB
25.009,25.009,25.009,25.009,100,2020-12-18 19:00:00,MPB
25.4,25.4,25.4,25.4,100,2020-12-18 19:10:00,MPB
25.25,25.25,25.25,25.25,192,2020-12-18 19:35:00,MPB
25.35,25.35,25.35,25.35,150,2020-12-18 20:40:00,MPB
24.56,24.56,24.56,24.56,100,2020-12-18 20:55:00,MPB
24.6,24.6,24.6,24.6,6929,2020-12-18 21:00:00,MPB
23.75,23.84,23.75,23.84,200,2020-12-21 15:05:00,MPB
24.43,24.47,24.43,24.47,398,2020-12-21 15:35:00,MPB
24.02,24.07,24.02,24.07,500,2020-12-21 17:00:00,MPB
24.44,24.44,24.36,24.4,650,2020-12-21 17:15:00,MPB
24.01,24.01,24.01,24.01,171,2020-12-21 17:20:00,MPB
23.84,24.2891,23.84,24.2891,871,2020-12-21 18:00:00,MPB
24.17,24.17,24.15,24.15,418,2020-12-21 18:05:00,MPB
24.1,24.1,23.84,23.94,300,2020-12-21 18:10:00,MPB
23.9501,23.9501,23.9501,23.9501,247,2020-12-21 18:20:00,MPB
24.25,24.25,24.25,24.25,206,2020-12-21 18:45:00,MPB
23.95,23.95,23.95,23.95,140,2020-12-21 19:45:00,MPB
24.45,24.45,24.45,24.45,1407,2020-12-21 21:00:00,MPB
23.94,23.94,23.94,23.94,300,2020-12-22 15:45:00,MPB
24.27,24.27,24.23,24.24,616,2020-12-22 16:05:00,MPB
23.87,23.94,23.87,23.89,600,2020-12-22 18:05:00,MPB
24.28,24.28,23.75,23.75,1422,2020-12-22 18:15:00,MPB
23.9,23.93,23.9,23.91,300,2020-12-22 18:35:00,MPB
24.28,24.29,24.25,24.25,500,2020-12-22 18:40:00,MPB
24.27,24.27,24.1601,24.1601,600,2020-12-22 19:00:00,MPB
23.91,24.26,23.91,24.26,697,2020-12-22 19:30:00,MPB
24.16,24.24,24.16,24.24,200,2020-12-22 19:35:00,MPB
23.8265,23.83,23.8,23.8,300,2020-12-22 19:40:00,MPB
23.75,23.75,23.75,23.75,100,2020-12-22 19:50:00,MPB
24.06,24.11,24.06,24.11,300,2020-12-22 19:55:00,MPB
24.04,24.04,24.04,24.04,100,2020-12-22 20:15:00,MPB
24.11,24.11,24.01,24.01,200,2020-12-22 20:30:00,MPB
23.95,23.95,23.95,23.95,100,2020-12-22 20:40:00,MPB
24.15,24.15,24.15,24.15,1028,2020-12-22 21:00:00,MPB
25.15,25.15,25.15,25.15,1193,2020-12-23 21:00:00,MPB
24.78,24.78,24.65,24.65,300,2020-12-24 14:50:00,MPB
24.34,24.5,24.34,24.5,600,2020-12-24 14:55:00,MPB
24.96,24.96,24.86,24.86,400,2020-12-24 16:30:00,MPB
24.44,24.66,24.44,24.54,300,2020-12-24 16:35:00,MPB
24.94,24.94,24.94,24.94,200,2020-12-24 17:50:00,MPB
24.94,24.94,24.94,24.94,208,2020-12-24 17:55:00,MPB
24.8,24.8,24.8,24.8,641,2020-12-24 18:00:00,MPB
25.1,25.1,25.1,25.1,130,2020-12-28 14:30:00,MPB
25.24,25.24,25.24,25.24,100,2020-12-28 14:45:00,MPB
25.44,25.44,25.44,25.44,100,2020-12-28 15:15:00,MPB
25.2,25.45,25.2,25.45,1000,2020-12-28 15:40:00,MPB
25.35,25.35,25.29,25.29,300,2020-12-28 15:55:00,MPB
25.45,25.45,25.45,25.45,126,2020-12-28 16:10:00,MPB
25.39,25.39,25.39,25.39,100,2020-12-28 16:15:00,MPB
25.43,25.43,25.4001,25.4001,400,2020-12-28 17:05:00,MPB
25.41,25.41,25.3601,25.3601,800,2020-12-28 17:30:00,MPB
25.11,25.11,25.11,25.11,100,2020-12-28 17:35:00,MPB
25.23,25.2499,25.23,25.2499,200,2020-12-28 19:20:00,MPB
25.25,25.25,25.25,25.25,100,2020-12-28 19:45:00,MPB
25.21,25.21,25.21,25.21,100,2020-12-28 19:55:00,MPB
25.09,25.09,24.83,24.95,506,2020-12-28 20:00:00,MPB
24.69,24.69,24.69,24.69,833,2020-12-28 21:00:00,MPB
24.69,24.69,24.69,24.69,2085,2020-12-28 22:10:00,MPB
24.45,24.45,24.45,24.45,553,2020-12-29 14:35:00,MPB
24.9,24.94,24.9,24.92,300,2020-12-29 15:10:00,MPB
24.7026,24.7026,24.7026,24.7026,500,2020-12-29 15:45:00,MPB
24.47,24.6076,24.47,24.5926,800,2020-12-29 15:50:00,MPB
24.45,24.45,24.25,24.25,2359,2020-12-29 16:15:00,MPB
24.24,24.24,24.2,24.2,258,2020-12-29 16:25:00,MPB
24.095,24.24,24.095,24.24,401,2020-12-29 16:30:00,MPB
24.25,24.25,23.83,23.83,1598,2020-12-29 16:35:00,MPB
23.8217,23.8217,23.8217,23.8217,100,2020-12-29 16:40:00,MPB
23.45,23.55,23.45,23.55,319,2020-12-29 16:45:00,MPB
23.375,23.65,23.375,23.65,852,2020-12-29 16:55:00,MPB
23.45,23.45,23.45,23.45,100,2020-12-29 17:00:00,MPB
23.56,23.56,23.56,23.56,100,2020-12-29 17:10:00,MPB
23.92,23.92,23.85,23.85,400,2020-12-29 17:45:00,MPB
23.53,23.53,22.95,22.95,7184,2020-12-29 18:05:00,MPB
22.67,22.67,22.67,22.67,200,2020-12-29 18:10:00,MPB
22.91,22.91,22.91,22.91,100,2020-12-29 18:20:00,MPB
22.88,22.95,22.88,22.95,5303,2020-12-29 18:25:00,MPB
22.95,22.95,22.95,22.95,1806,2020-12-29 18:30:00,MPB
23.13,23.25,23.13,23.25,300,2020-12-29 18:35:00,MPB
22.6135,22.6135,22.6135,22.6135,2328,2020-12-29 18:45:00,MPB
23.26,23.26,23.26,23.26,100,2020-12-29 19:20:00,MPB
23.7157,23.7157,23.311,23.311,300,2020-12-29 20:20:00,MPB
23.5,23.5,23.5,23.5,100,2020-12-29 20:55:00,MPB
23.15,23.15,23.15,23.15,1794,2020-12-29 21:00:00,MPB
23.22,23.22,23.14,23.14,200,2020-12-30 17:05:00,MPB
22.8599,22.95,22.835,22.95,300,2020-12-30 17:10:00,MPB
23.17,23.17,23.07,23.07,500,2020-12-30 18:00:00,MPB
22.7,22.7,22.7,22.7,100,2020-12-30 18:45:00,MPB
22.61,22.61,22.5,22.53,1550,2020-12-30 19:05:00,MPB
22.522,22.55,22.522,22.55,416,2020-12-30 19:15:00,MPB
22.62,22.69,22.62,22.69,500,2020-12-30 19:25:00,MPB
22.7475,22.7475,22.7475,22.7475,100,2020-12-30 19:50:00,MPB
22.56,22.56,22.56,22.56,100,2020-12-30 19:55:00,MPB
22.59,22.59,22.44,22.45,6609,2020-12-30 20:00:00,MPB
22.355,22.355,22.355,22.355,256,2020-12-30 20:15:00,MPB
22.42,22.42,22.42,22.42,100,2020-12-30 20:50:00,MPB
22.44,22.44,22.44,22.44,100,2020-12-30 20:55:00,MPB
22.4,22.4,22.4,22.4,1136,2020-12-30 21:00:00,MPB
22.2,22.24,22.2,22.24,1269,2020-12-31 14:30:00,MPB
21.95,21.95,21.7,21.7,700,2020-12-31 14:35:00,MPB
21.685,21.7,21.685,21.7,600,2020-12-31 14:40:00,MPB
21.53,21.6377,21.5,21.5,712,2020-12-31 14:45:00,MPB
21.3832,21.3832,21.3832,21.3832,100,2020-12-31 15:00:00,MPB
21.41,21.41,21.41,21.41,100,2020-12-31 15:05:00,MPB
21.66,21.66,21.66,21.66,300,2020-12-31 15:15:00,MPB
21.8,21.8,21.8,21.8,242,2020-12-31 15:20:00,MPB
21.8,21.8,21.8,21.8,500,2020-12-31 15:40:00,MPB
21.79,21.81,21.79,21.81,300,2020-12-31 15:45:00,MPB
21.95,21.95,21.81,21.81,300,2020-12-31 15:55:00,MPB
21.81,21.81,21.81,21.81,100,2020-12-31 16:00:00,MPB
22.02,22.02,22.02,22.02,100,2020-12-31 16:20:00,MPB
21.96,21.96,21.96,21.96,100,2020-12-31 16:25:00,MPB
21.81,21.81,21.81,21.81,100,2020-12-31 16:40:00,MPB
21.88,21.88,21.88,21.88,100,2020-12-31 16:45:00,MPB
21.92,21.9399,21.92,21.9399,380,2020-12-31 17:10:00,MPB
22.02,22.02,22.02,22.02,100,2020-12-31 18:55:00,MPB
21.9,21.9,21.9,21.9,100,2020-12-31 20:50:00,MPB
21.9,22.15,21.9,22.15,300,2020-12-31 20:55:00,MPB
21.85,21.85,21.85,21.85,3321,2020-12-31 21:00:00,MPB
21.8574,21.8574,21.8574,21.8574,105,2021-01-04 14:35:00,MPB
21.85,21.85,21.85,21.85,100,2021-01-04 14:40:00,MPB
22.23,22.34,22.23,22.34,400,2021-01-04 14:55:00,MPB
22.2501,22.3,22.2501,22.3,349,2021-01-04 16:20:00,MPB
22.2501,22.3,22.2501,22.3,600,2021-01-04 16:40:00,MPB
21.8,21.95,21.8,21.94,800,2021-01-04 16:45:00,MPB
21.98,22.0499,21.98,22.0499,898,2021-01-04 16:50:00,MPB
21.95,21.95,21.95,21.95,100,2021-01-04 18:20:00,MPB
22.2101,22.255,22.2101,22.255,300,2021-01-04 18:25:00,MPB
22.255,22.255,22.255,22.255,400,2021-01-04 18:30:00,MPB
22.255,22.255,22.2525,22.255,600,2021-01-04 18:35:00,MPB
22.07,22.07,22.07,22.07,245,2021-01-04 18:45:00,MPB
21.95,22.05,21.95,22.05,868,2021-01-04 18:50:00,MPB
22.04,22.12,22.04,22.12,400,2021-01-04 18:55:00,MPB
22.2501,22.355,22.2501,22.355,1600,2021-01-04 19:15:00,MPB
22.04,22.0999,22.04,22.0999,600,2021-01-04 19:25:00,MPB
22.1,22.1499,22.1,22.1499,400,2021-01-04 19:30:00,MPB
22.15,22.25,22.15,22.25,880,2021-01-04 19:35:00,MPB
22.15,22.15,22.15,22.15,300,2021-01-04 19:45:00,MPB
22.25,22.25,22.2425,22.2425,863,2021-01-04 19:50:00,MPB
22.28,22.28,22.2501,22.2501,200,2021-01-04 19:55:00,MPB
22.35,22.35,22.35,22.35,300,2021-01-04 20:05:00,MPB
21.95,21.955,21.95,21.955,200,2021-01-04 20:55:00,MPB
21.68,21.68,21.68,21.68,4271,2021-01-04 21:00:00,MPB
21.86,21.86,21.68,21.68,694,2021-01-05 14:30:00,MPB
21.765,21.765,21.765,21.765,100,2021-01-05 14:55:00,MPB
22.2136,22.2136,22.2136,22.2136,250,2021-01-05 16:00:00,MPB
21.99,22.11,21.99,22.11,200,2021-01-05 16:10:00,MPB
22.11,22.11,22.11,22.11,100,2021-01-05 16:15:00,MPB
22.21,22.21,22.21,22.21,300,2021-01-05 16:20:00,MPB
22.34,22.76,22.34,22.76,600,2021-01-05 16:25:00,MPB
22.76,22.76,22.4049,22.4049,600,2021-01-05 16:30:00,MPB
22.5,22.9499,22.5,22.65,1425,2021-01-05 17:00:00,MPB
22.565,22.565,22.565,22.565,549,2021-01-05 17:05:00,MPB
22.55,22.55,22.55,22.55,100,2021-01-05 17:20:00,MPB
22.58,22.58,22.35,22.58,1300,2021-01-05 17:25:00,MPB
22.55,22.55,22.55,22.55,224,2021-01-05 18:00:00,MPB
22.56,22.56,22.56,22.56,100,2021-01-05 18:10:00,MPB
22.37,22.37,22.37,22.37,300,2021-01-05 18:15:00,MPB
22.46,22.7314,22.46,22.7314,582,2021-01-05 18:45:00,MPB
22.51,22.7463,22.46,22.46,956,2021-01-05 18:55:00,MPB
22.5,22.5,22.5,22.5,300,2021-01-05 19:00:00,MPB
22.9,22.9,22.9,22.9,100,2021-01-05 19:10:00,MPB
22.55,22.55,22.55,22.55,300,2021-01-05 19:20:00,MPB
22.56,22.56,22.56,22.56,200,2021-01-05 19:25:00,MPB
22.8639,22.8639,22.8639,22.8639,250,2021-01-05 19:30:00,MPB
22.58,22.695,22.58,22.695,200,2021-01-05 19:35:00,MPB
22.59,22.59,22.59,22.59,100,2021-01-05 19:50:00,MPB
22.6,22.6,22.6,22.6,100,2021-01-05 20:00:00,MPB
22.69,22.785,22.69,22.785,300,2021-01-05 20:35:00,MPB
22.71,22.71,22.71,22.71,100,2021-01-05 20:55:00,MPB
22.66,22.66,22.66,22.66,1463,2021-01-05 21:00:00,MPB
22.66,22.66,22.66,22.66,2032,2021-01-05 22:10:00,MPB
22.89,22.89,22.89,22.89,305,2021-01-06 14:30:00,MPB
23.44,23.7,23.44,23.7,628,2021-01-06 14:40:00,MPB
23.92,23.92,23.92,23.92,200,2021-01-06 14:50:00,MPB
23.95,23.95,23.95,23.95,482,2021-01-06 15:00:00,MPB
23.78,23.78,23.78,23.78,100,2021-01-06 15:05:00,MPB
23.1933,23.45,23.1933,23.45,400,2021-01-06 15:15:00,MPB
23.66,23.66,23.56,23.56,200,2021-01-06 15:30:00,MPB
23.535,23.535,23.535,23.535,100,2021-01-06 16:05:00,MPB
23.8936,23.8936,23.8936,23.8936,121,2021-01-06 16:55:00,MPB
23.8,23.8,23.8,23.8,100,2021-01-06 17:00:00,MPB
23.8301,24.0499,23.8301,24.015,700,2021-01-06 17:05:00,MPB
24.03,24.03,23.86,23.99,541,2021-01-06 17:30:00,MPB
23.95,23.95,23.91,23.91,1100,2021-01-06 17:35:00,MPB
23.95,23.95,23.95,23.95,100,2021-01-06 17:40:00,MPB
23.95,23.95,23.95,23.95,100,2021-01-06 17:55:00,MPB
23.87,23.87,23.87,23.87,100,2021-01-06 18:10:00,MPB
23.95,23.95,23.95,23.95,100,2021-01-06 18:40:00,MPB
23.85,23.85,23.78,23.83,1000,2021-01-06 19:15:00,MPB
23.625,23.625,23.625,23.625,100,2021-01-06 19:20:00,MPB
23.795,23.94,23.795,23.94,946,2021-01-06 20:35:00,MPB
23.88,23.88,23.88,23.88,232,2021-01-06 20:40:00,MPB
23.89,23.89,23.89,23.89,100,2021-01-06 20:50:00,MPB
23.89,23.94,23.78,23.78,946,2021-01-06 20:55:00,MPB
23.77,23.77,23.77,23.77,3013,2021-01-06 21:00:00,MPB
23.81,23.81,23.81,23.81,241,2021-01-07 14:30:00,MPB
23.43,23.43,23.43,23.43,100,2021-01-07 16:00:00,MPB
23.625,23.625,23.625,23.625,100,2021-01-07 17:20:00,MPB
23.55,23.57,23.45,23.57,1300,2021-01-07 17:50:00,MPB
23.3,23.3,23.3,23.3,100,2021-01-07 17:55:00,MPB
23.75,23.75,23.75,23.75,100,2021-01-07 18:30:00,MPB
23.615,23.77,23.615,23.77,203,2021-01-07 18:40:00,MPB
23.95,24.31,23.95,24.31,500,2021-01-07 18:50:00,MPB
24.255,24.255,24.255,24.255,100,2021-01-07 18:55:00,MPB
24.24,24.31,24.23,24.25,600,2021-01-07 19:00:00,MPB
24.435,24.435,24.435,24.435,100,2021-01-07 19:25:00,MPB
24.04,24.04,24.04,24.04,250,2021-01-07 20:00:00,MPB
24.1,24.1,24.07,24.07,200,2021-01-07 20:40:00,MPB
24.11,24.11,24.11,24.11,100,2021-01-07 20:55:00,MPB
24.05,24.05,24.05,24.05,3310,2021-01-07 21:00:00,MPB
24.57,24.57,24.57,24.57,872,2021-01-08 14:30:00,MPB
24.5553,24.5553,24.5553,24.5553,100,2021-01-08 14:40:00,MPB
24.1911,24.1911,24.1911,24.1911,500,2021-01-08 15:15:00,MPB
23.7,23.71,23.61,23.61,400,2021-01-08 15:25:00,MPB
23.38,23.38,23.38,23.38,100,2021-01-08 15:30:00,MPB
23.1287,23.1287,23.1287,23.1287,350,2021-01-08 16:00:00,MPB
23.38,23.38,23.27,23.2932,900,2021-01-08 16:10:00,MPB
23.5915,23.7802,23.5641,23.5834,899,2021-01-08 16:55:00,MPB
23.785,23.785,23.6,23.6,700,2021-01-08 17:00:00,MPB
23.6,23.697,23.5,23.5001,1605,2021-01-08 17:05:00,MPB
23.6528,23.6528,23.45,23.6168,1500,2021-01-08 17:10:00,MPB
23.46,23.62,23.45,23.62,1000,2021-01-08 17:15:00,MPB
23.62,23.62,23.47,23.62,400,2021-01-08 17:20:00,MPB
23.48,23.625,23.45,23.45,400,2021-01-08 17:25:00,MPB
23.18,23.18,23.18,23.18,144,2021-01-08 18:50:00,MPB
23.03,23.03,23.03,23.03,100,2021-01-08 19:40:00,MPB
23.39,23.39,23.39,23.39,300,2021-01-08 19:50:00,MPB
23.77,23.77,23.77,23.77,100,2021-01-08 20:10:00,MPB
23.605,23.61,23.605,23.61,200,2021-01-08 20:45:00,MPB
24.13,24.17,24.13,24.17,200,2021-01-08 20:55:00,MPB
24.0,24.0,24.0,24.0,1336,2021-01-08 21:00:00,MPB
23.64,23.64,23.64,23.64,131,2021-01-11 14:30:00,MPB
24.0309,24.0309,24.0309,24.0309,197,2021-01-11 15:40:00,MPB
23.81,23.81,23.71,23.71,300,2021-01-11 16:05:00,MPB
23.35,23.35,23.35,23.35,100,2021-01-11 16:10:00,MPB
23.48,23.71,23.48,23.71,1200,2021-01-11 17:50:00,MPB
23.71,23.71,23.71,23.71,2057,2021-01-11 18:35:00,MPB
23.0701,23.0701,23.0701,23.0701,1428,2021-01-11 20:00:00,MPB
23.37,23.805,23.3578,23.805,1100,2021-01-11 20:10:00,MPB
23.7728,23.8607,23.7728,23.85,700,2021-01-11 20:15:00,MPB
23.9,23.91,23.9,23.91,200,2021-01-11 20:20:00,MPB
23.757,23.757,23.757,23.757,100,2021-01-11 20:30:00,MPB
23.8,23.96,23.8,23.96,601,2021-01-11 20:55:00,MPB
23.92,23.92,23.92,23.92,1201,2021-01-11 21:00:00,MPB
24.0,24.0,24.0,24.0,1496,2021-01-12 16:10:00,MPB
24.17,24.17,24.17,24.17,100,2021-01-12 16:50:00,MPB
24.0,24.0,24.0,24.0,241,2021-01-12 17:05:00,MPB
23.94,23.94,23.94,23.94,100,2021-01-12 18:55:00,MPB
24.0,24.15,24.0,24.15,1111,2021-01-12 20:00:00,MPB
23.81,23.81,23.81,23.81,100,2021-01-12 20:05:00,MPB
24.02,24.02,24.02,24.02,100,2021-01-12 20:15:00,MPB
23.58,23.58,23.58,23.58,107,2021-01-12 20:30:00,MPB
23.93,23.93,23.93,23.93,100,2021-01-12 20:40:00,MPB
24.1,24.25,24.1,24.25,2133,2021-01-12 20:50:00,MPB
24.22,24.22,24.22,24.22,1447,2021-01-12 21:00:00,MPB
24.23,24.23,23.906,23.98,2269,2021-01-13 14:30:00,MPB
23.92,23.92,23.92,23.92,100,2021-01-13 14:50:00,MPB
23.93,23.94,23.93,23.93,1200,2021-01-13 15:10:00,MPB
24.19,24.5,24.19,24.5,3557,2021-01-13 15:40:00,MPB
24.5,24.51,24.4901,24.4901,350,2021-01-13 15:55:00,MPB
24.5,24.505,24.5,24.5,700,2021-01-13 16:05:00,MPB
24.5,24.5,24.5,24.5,100,2021-01-13 16:20:00,MPB
24.31,24.31,24.31,24.31,100,2021-01-13 16:30:00,MPB
24.34,24.416,24.34,24.416,200,2021-01-13 17:10:00,MPB
24.22,24.22,24.2001,24.2001,200,2021-01-13 17:20:00,MPB
24.19,24.19,24.1,24.1,473,2021-01-13 17:25:00,MPB
23.925,24.08,23.925,24.03,995,2021-01-13 17:30:00,MPB
24.25,24.25,24.1659,24.23,400,2021-01-13 17:45:00,MPB
24.06,24.06,24.06,24.06,100,2021-01-13 19:55:00,MPB
23.94,23.94,23.94,23.94,100,2021-01-13 20:35:00,MPB
23.72,23.72,23.72,23.72,100,2021-01-13 20:55:00,MPB
23.74,23.74,23.74,23.74,1905,2021-01-13 21:00:00,MPB
24.06,24.06,24.06,24.06,214,2021-01-14 14:30:00,MPB
24.05,24.05,24.05,24.05,200,2021-01-14 15:05:00,MPB
24.2,24.2,23.9,24.11,1793,2021-01-14 15:10:00,MPB
23.9,23.9,23.9,23.9,100,2021-01-14 15:35:00,MPB
23.97,24.0,23.86,23.86,600,2021-01-14 15:45:00,MPB
24.08,24.08,24.0727,24.0727,400,2021-01-14 16:20:00,MPB
24.13,24.13,24.13,24.13,100,2021-01-14 17:45:00,MPB
24.135,24.15,24.13,24.15,600,2021-01-14 17:55:00,MPB
24.13,24.13,24.12,24.13,300,2021-01-14 19:35:00,MPB
24.11,24.11,24.1,24.1,577,2021-01-14 20:20:00,MPB
24.3,24.3,24.3,24.3,100,2021-01-14 20:50:00,MPB
24.3,24.3,24.3,24.3,2273,2021-01-14 21:00:00,MPB
23.99,23.99,23.99,23.99,100,2021-01-15 14:25:00,MPB
23.99,23.99,23.99,23.99,1910,2021-01-15 14:30:00,MPB
23.85,23.85,23.46,23.49,957,2021-01-15 15:25:00,MPB
23.49,23.49,23.49,23.49,100,2021-01-15 15:50:00,MPB
23.5201,23.55,23.5201,23.55,200,2021-01-15 15:55:00,MPB
23.76,23.76,23.76,23.76,500,2021-01-15 17:45:00,MPB
23.54,23.66,23.54,23.66,255,2021-01-15 18:10:00,MPB
23.31,23.31,23.31,23.31,100,2021-01-15 19:20:00,MPB
23.6,23.6,23.6,23.6,112,2021-01-15 19:50:00,MPB
23.61,23.61,23.61,23.61,101,2021-01-15 19:55:00,MPB
23.41,23.41,23.41,23.41,100,2021-01-15 20:00:00,MPB
23.6,23.6,23.6,23.6,100,2021-01-15 20:05:00,MPB
23.6828,23.6828,23.33,23.555,1000,2021-01-15 20:35:00,MPB
23.64,23.71,23.6,23.68,980,2021-01-15 20:40:00,MPB
23.6648,23.82,23.55,23.55,2867,2021-01-15 20:45:00,MPB
23.46,23.46,23.46,23.46,125,2021-01-15 20:50:00,MPB
23.49,23.49,23.49,23.49,100,2021-01-15 20:55:00,MPB
23.4,23.4,23.4,23.4,1088,2021-01-15 21:00:00,MPB
23.75,23.75,23.75,23.75,301,2021-01-19 14:30:00,MPB
23.375,23.5,23.375,23.5,300,2021-01-19 14:50:00,MPB
23.46,23.46,23.46,23.46,500,2021-01-19 15:00:00,MPB
23.7,23.7,23.51,23.51,400,2021-01-19 15:05:00,MPB
23.49,23.49,23.49,23.49,200,2021-01-19 15:25:00,MPB
23.21,23.21,23.21,23.21,100,2021-01-19 15:40:00,MPB
23.255,23.255,23.19,23.19,500,2021-01-19 16:05:00,MPB
23.19,23.19,23.19,23.19,600,2021-01-19 16:10:00,MPB
23.06,23.17,23.0,23.0,400,2021-01-19 16:25:00,MPB
23.0,23.0,22.9,22.99,400,2021-01-19 16:30:00,MPB
23.135,23.1499,23.135,23.1499,200,2021-01-19 20:15:00,MPB
23.44,23.44,23.44,23.44,1997,2021-01-19 21:00:00,MPB
23.27,23.27,23.27,23.27,100,2021-01-20 15:55:00,MPB
23.2,23.2,23.2,23.2,300,2021-01-20 16:10:00,MPB
23.11,23.11,22.79,22.8,1654,2021-01-20 17:35:00,MPB
22.91,22.92,22.91,22.92,300,2021-01-20 17:55:00,MPB
22.85,22.85,22.85,22.85,100,2021-01-20 18:25:00,MPB
22.85,22.85,22.85,22.85,503,2021-01-20 21:00:00,MPB
22.73,22.73,22.73,22.73,125,2021-01-21 14:30:00,MPB
22.73,22.73,22.73,22.73,400,2021-01-21 14:55:00,MPB
22.72,22.72,22.72,22.72,100,2021-01-21 15:20:00,MPB
22.74,22.78,22.74,22.78,600,2021-01-21 15:30:00,MPB
23.12,23.12,23.12,23.12,100,2021-01-21 15:35:00,MPB
22.72,22.72,22.72,22.72,100,2021-01-21 15:50:00,MPB
22.75,22.75,22.6,22.6,459,2021-01-21 16:30:00,MPB
22.57,22.57,22.57,22.57,100,2021-01-21 16:45:00,MPB
22.5,22.51,22.17,22.31,3966,2021-01-21 16:55:00,MPB
22.39,22.44,22.39,22.44,1000,2021-01-21 17:05:00,MPB
22.61,22.61,22.61,22.61,100,2021-01-21 18:00:00,MPB
22.61,22.61,22.53,22.6,430,2021-01-21 18:10:00,MPB
22.55,22.55,22.55,22.55,100,2021-01-21 18:40:00,MPB
22.55,22.55,22.55,22.55,200,2021-01-21 19:10:00,MPB
22.62,22.62,22.62,22.62,100,2021-01-21 19:50:00,MPB
22.61,22.61,22.61,22.61,188,2021-01-21 19:55:00,MPB
22.56,22.56,22.56,22.56,100,2021-01-21 20:15:00,MPB
22.68,22.68,22.68,22.68,200,2021-01-21 20:20:00,MPB
22.53,22.54,22.53,22.54,200,2021-01-21 20:50:00,MPB
22.54,22.54,22.52,22.52,300,2021-01-21 20:55:00,MPB
22.5,22.5,22.5,22.5,2290,2021-01-21 21:00:00,MPB
22.47,22.47,22.47,22.47,148,2021-01-22 14:30:00,MPB
22.1102,22.1102,21.9,21.9,1400,2021-01-22 14:40:00,MPB
21.9,21.9,21.52,21.52,1810,2021-01-22 14:45:00,MPB
21.695,21.695,21.695,21.695,200,2021-01-22 14:50:00,MPB
21.615,21.615,21.615,21.615,100,2021-01-22 15:05:00,MPB
21.99,22.015,21.99,22.015,1726,2021-01-22 15:15:00,MPB
22.2,22.2,22.2,22.2,100,2021-01-22 15:20:00,MPB
21.77,21.77,21.77,21.77,100,2021-01-22 15:45:00,MPB
22.0826,22.29,22.015,22.2898,700,2021-01-22 16:10:00,MPB
22.315,22.315,22.3111,22.3111,200,2021-01-22 16:15:00,MPB
22.34,22.37,22.34,22.37,200,2021-01-22 16:35:00,MPB
22.17,22.17,22.17,22.17,100,2021-01-22 17:15:00,MPB
22.17,22.17,22.17,22.17,100,2021-01-22 17:50:00,MPB
22.1601,22.37,22.16,22.37,1204,2021-01-22 18:20:00,MPB
22.88,22.88,22.88,22.88,200,2021-01-22 18:35:00,MPB
22.7,22.7,22.7,22.7,100,2021-01-22 18:45:00,MPB
22.675,22.675,22.675,22.675,100,2021-01-22 18:50:00,MPB
22.9,22.9,22.9,22.9,100,2021-01-22 18:55:00,MPB
22.7,22.7,22.7,22.7,200,2021-01-22 19:00:00,MPB
22.625,22.855,22.625,22.855,200,2021-01-22 19:15:00,MPB
23.01,23.01,22.85,22.85,200,2021-01-22 19:30:00,MPB
22.8,22.8,22.8,22.8,100,2021-01-22 19:35:00,MPB
22.39,22.74,22.39,22.6901,900,2021-01-22 19:50:00,MPB
22.88,22.88,22.7,22.73,700,2021-01-22 19:55:00,MPB
22.495,22.495,22.495,22.495,100,2021-01-22 20:00:00,MPB
22.55,22.67,22.55,22.67,300,2021-01-22 20:20:00,MPB
22.69,22.69,22.69,22.69,250,2021-01-22 20:25:00,MPB
22.96,22.96,22.96,22.96,100,2021-01-22 20:45:00,MPB
22.66,22.66,22.6,22.6,1247,2021-01-22 20:50:00,MPB
22.6,23.35,22.51,22.51,300,2021-01-22 20:55:00,MPB
22.93,22.93,22.93,22.93,5039,2021-01-22 21:00:00,MPB
22.68,22.68,22.5,22.5,992,2021-01-25 14:30:00,MPB
22.36,22.37,22.34,22.37,717,2021-01-25 14:55:00,MPB
22.93,22.93,22.61,22.61,200,2021-01-25 15:25:00,MPB
22.65,22.65,22.65,22.65,100,2021-01-25 15:35:00,MPB
22.65,22.97,22.65,22.97,609,2021-01-25 15:55:00,MPB
22.29,22.55,22.29,22.55,300,2021-01-25 16:30:00,MPB
22.4,22.43,22.4,22.43,400,2021-01-25 16:35:00,MPB
22.5,22.88,22.5,22.88,385,2021-01-25 17:35:00,MPB
22.79,22.79,22.78,22.78,200,2021-01-25 18:55:00,MPB
22.69,22.69,22.69,22.69,100,2021-01-25 19:40:00,MPB
22.66,22.66,22.66,22.66,100,2021-01-25 20:15:00,MPB
22.395,22.95,22.395,22.95,341,2021-01-25 20:45:00,MPB
22.375,22.375,22.375,22.375,115,2021-01-25 20:55:00,MPB
22.41,22.41,22.41,22.41,1129,2021-01-25 21:00:00,MPB
22.68,22.68,22.68,22.68,142,2021-01-26 14:30:00,MPB
22.68,22.68,22.68,22.68,500,2021-01-26 14:55:00,MPB
22.38,22.49,22.38,22.49,600,2021-01-26 15:00:00,MPB
22.5,22.5,22.5,22.5,230,2021-01-26 15:45:00,MPB
22.5,22.5,22.5,22.5,106,2021-01-26 15:55:00,MPB
22.5,22.5,22.5,22.5,100,2021-01-26 16:05:00,MPB
22.5,22.5,22.5,22.5,138,2021-01-26 16:10:00,MPB
22.5,22.5,22.415,22.4499,1307,2021-01-26 16:15:00,MPB
22.25,22.25,22.25,22.25,959,2021-01-26 16:50:00,MPB
22.255,22.255,22.255,22.255,100,2021-01-26 17:20:00,MPB
22.225,22.24,22.225,22.24,200,2021-01-26 18:15:00,MPB
22.22,22.22,22.22,22.22,100,2021-01-26 18:25:00,MPB
22.39,22.39,22.39,22.39,158,2021-01-26 18:40:00,MPB
22.18,22.18,22.155,22.155,200,2021-01-26 19:40:00,MPB
22.15,22.2,22.15,22.175,1096,2021-01-26 20:00:00,MPB
22.0,22.1499,22.0,22.1499,219,2021-01-26 20:45:00,MPB
22.15,22.2,22.15,22.2,200,2021-01-26 20:50:00,MPB
22.23,22.23,22.23,22.23,100,2021-01-26 20:55:00,MPB
22.12,22.12,22.12,22.12,1210,2021-01-26 21:00:00,MPB
21.9,21.9,21.9,21.9,998,2021-01-27 14:30:00,MPB
21.79,22.2,21.79,22.2,600,2021-01-27 15:10:00,MPB
22.2,22.2,22.2,22.2,423,2021-01-27 15:15:00,MPB
22.1,22.1,21.86,21.9999,700,2021-01-27 15:20:00,MPB
21.86,21.86,21.8201,21.8201,200,2021-01-27 15:25:00,MPB
21.79,22.23,21.79,22.23,622,2021-01-27 15:30:00,MPB
21.6,21.6,21.54,21.55,400,2021-01-27 15:55:00,MPB
21.54,21.75,21.54,21.75,200,2021-01-27 16:00:00,MPB
21.45,21.6,21.25,21.6,1392,2021-01-27 16:10:00,MPB
21.06,21.06,21.0,21.005,300,2021-01-27 16:50:00,MPB
20.95,20.95,20.95,20.95,1607,2021-01-27 16:55:00,MPB
21.29,21.29,21.29,21.29,100,2021-01-27 17:10:00,MPB
21.19,21.19,21.19,21.19,100,2021-01-27 17:15:00,MPB
21.18,21.18,21.18,21.18,100,2021-01-27 17:25:00,MPB
21.47,21.47,21.47,21.47,200,2021-01-27 18:00:00,MPB
21.6,21.6,21.6,21.6,300,2021-01-27 18:05:00,MPB
21.1999,21.1999,21.16,21.17,740,2021-01-27 18:20:00,MPB
21.2,21.6,21.2,21.6,999,2021-01-27 18:25:00,MPB
21.59,21.59,21.59,21.59,1158,2021-01-27 18:50:00,MPB
21.3,21.3,21.3,21.3,225,2021-01-27 18:55:00,MPB
21.27,21.27,21.27,21.27,102,2021-01-27 19:10:00,MPB
21.415,21.415,21.415,21.415,100,2021-01-27 19:15:00,MPB
21.11,21.11,21.1,21.1,458,2021-01-27 19:45:00,MPB
21.1,21.1,21.1,21.1,100,2021-01-27 19:55:00,MPB
21.46,21.46,21.46,21.46,1363,2021-01-27 20:05:00,MPB
21.1,21.1,21.0,21.0,1656,2021-01-27 20:35:00,MPB
20.925,21.34,20.925,21.34,400,2021-01-27 20:40:00,MPB
21.1,21.1,21.1,21.1,100,2021-01-27 20:55:00,MPB
21.0,21.0,21.0,21.0,3517,2021-01-27 21:00:00,MPB
21.27,21.27,21.27,21.27,461,2021-01-28 14:30:00,MPB
21.065,21.065,21.065,21.065,500,2021-01-28 14:40:00,MPB
21.06,21.06,21.0,21.0,232,2021-01-28 14:45:00,MPB
20.88,20.88,20.88,20.88,110,2021-01-28 14:50:00,MPB
20.95,21.0,20.95,21.0,1254,2021-01-28 14:55:00,MPB
21.5,21.5,21.5,21.5,1000,2021-01-28 15:00:00,MPB
21.5,21.5,21.25,21.3,1806,2021-01-28 15:35:00,MPB
21.0001,21.325,21.0,21.0,5150,2021-01-28 15:40:00,MPB
21.01,21.195,20.74,21.195,2401,2021-01-28 15:45:00,MPB
21.375,21.375,21.375,21.375,100,2021-01-28 16:10:00,MPB
21.375,21.375,21.37,21.37,300,2021-01-28 16:55:00,MPB
21.375,21.375,21.375,21.375,100,2021-01-28 17:20:00,MPB
21.215,21.2299,21.215,21.2299,200,2021-01-28 17:25:00,MPB
21.13,21.13,21.13,21.13,100,2021-01-28 18:15:00,MPB
21.325,21.5,21.2,21.3,2211,2021-01-28 18:25:00,MPB
21.2,21.48,21.2,21.48,2193,2021-01-28 18:30:00,MPB
21.6,21.65,21.6,21.65,2286,2021-01-28 18:35:00,MPB
21.9101,21.94,21.8001,21.83,400,2021-01-28 18:40:00,MPB
21.83,21.83,21.8001,21.8001,1064,2021-01-28 18:45:00,MPB
21.6,21.6,21.6,21.6,100,2021-01-28 19:00:00,MPB
21.6454,21.6454,21.6454,21.6454,200,2021-01-28 19:15:00,MPB
21.43,21.5,21.43,21.5,200,2021-01-28 19:20:00,MPB
21.61,21.61,21.61,21.61,100,2021-01-28 19:25:00,MPB
21.69,21.69,21.69,21.69,100,2021-01-28 19:30:00,MPB
21.695,21.695,21.695,21.695,100,2021-01-28 19:40:00,MPB
21.695,21.695,21.52,21.52,600,2021-01-28 20:00:00,MPB
21.35,21.35,21.34,21.34,200,2021-01-28 20:10:00,MPB
21.35,21.35,21.35,21.35,100,2021-01-28 20:15:00,MPB
21.365,21.365,21.365,21.365,255,2021-01-28 20:50:00,MPB
21.41,21.64,21.41,21.63,500,2021-01-28 20:55:00,MPB
21.88,21.88,21.88,21.88,1751,2021-01-28 21:00:00,MPB
21.75,21.75,21.75,21.75,153,2021-01-29 14:30:00,MPB
21.74,21.74,21.74,21.74,100,2021-01-29 15:00:00,MPB
21.73,21.73,21.73,21.73,100,2021-01-29 15:05:00,MPB
21.94,21.94,21.8001,21.8001,400,2021-01-29 15:10:00,MPB
21.81,21.81,21.81,21.81,200,2021-01-29 15:55:00,MPB
21.5,21.5,21.29,21.29,1719,2021-01-29 16:30:00,MPB
21.54,21.54,21.54,21.54,100,2021-01-29 17:15:00,MPB
21.975,21.975,21.96,21.96,600,2021-01-29 17:50:00,MPB
21.97,21.97,21.97,21.97,100,2021-01-29 18:15:00,MPB
22.025,22.025,22.025,22.025,100,2021-01-29 18:55:00,MPB
22.02,22.03,22.02,22.03,200,2021-01-29 19:35:00,MPB
21.61,21.61,21.61,21.61,100,2021-01-29 20:50:00,MPB
21.55,21.68,21.55,21.68,354,2021-01-29 20:55:00,MPB
21.76,21.76,21.76,21.76,2364,2021-01-29 21:00:00,MPB
21.75,21.75,21.7,21.7,1131,2021-02-01 14:30:00,MPB
22.0001,22.045,22.0001,22.045,1200,2021-02-01 14:35:00,MPB
21.775,21.775,21.775,21.775,227,2021-02-01 14:55:00,MPB
21.64,21.64,21.64,21.64,200,2021-02-01 15:05:00,MPB
21.75,21.75,21.75,21.75,100,2021-02-01 15:35:00,MPB
21.62,21.64,21.5901,21.5901,500,2021-02-01 15:40:00,MPB
21.5,21.5,21.5,21.5,215,2021-02-01 16:15:00,MPB
21.52,21.63,21.5,21.62,1930,2021-02-01 16:35:00,MPB
21.62,21.63,21.62,21.63,400,2021-02-01 16:45:00,MPB
21.63,21.69,21.62,21.62,630,2021-02-01 16:55:00,MPB
21.62,21.6881,21.62,21.6881,200,2021-02-01 17:05:00,MPB
21.66,21.66,21.66,21.66,100,2021-02-01 17:15:00,MPB
21.68,21.68,21.68,21.68,100,2021-02-01 17:20:00,MPB
21.68,21.68,21.68,21.68,100,2021-02-01 17:25:00,MPB
21.68,21.68,21.68,21.68,100,2021-02-01 17:35:00,MPB
21.68,21.68,21.68,21.68,100,2021-02-01 17:45:00,MPB
21.66,21.66,21.65,21.65,600,2021-02-01 17:50:00,MPB
21.96,21.96,21.96,21.96,100,2021-02-01 19:50:00,MPB
21.96,21.96,21.9,21.9,200,2021-02-01 20:00:00,MPB
21.93,22.05,21.93,22.05,846,2021-02-01 20:15:00,MPB
22.05,22.05,22.05,22.05,400,2021-02-01 20:20:00,MPB
22.2,22.2,22.2,22.2,400,2021-02-01 20:35:00,MPB
22.22,22.22,22.22,22.22,100,2021-02-01 20:50:00,MPB
22.1,22.1,22.1,22.1,1807,2021-02-01 21:00:00,MPB
22.31,22.31,22.31,22.31,131,2021-02-02 14:30:00,MPB
22.39,22.39,22.39,22.39,158,2021-02-02 14:35:00,MPB
22.0,22.0,22.0,22.0,100,2021-02-02 14:40:00,MPB
22.18,22.18,22.18,22.18,100,2021-02-02 14:50:00,MPB
22.051,22.06,22.051,22.06,200,2021-02-02 14:55:00,MPB
22.12,22.12,22.05,22.05,699,2021-02-02 15:00:00,MPB
22.0501,22.0533,22.05,22.0533,1140,2021-02-02 15:05:00,MPB
22.05,22.215,22.05,22.05,1930,2021-02-02 15:10:00,MPB
22.05,22.21,22.05,22.21,200,2021-02-02 16:00:00,MPB
22.05,22.05,22.05,22.05,100,2021-02-02 16:35:00,MPB
22.245,22.245,22.245,22.245,100,2021-02-02 17:10:00,MPB
22.275,22.275,22.275,22.275,100,2021-02-02 18:40:00,MPB
22.27,22.27,22.27,22.27,200,2021-02-02 19:00:00,MPB
22.36,22.38,22.36,22.38,700,2021-02-02 19:10:00,MPB
22.3,22.3,22.3,22.3,288,2021-02-02 19:30:00,MPB
22.34,22.34,22.34,22.34,100,2021-02-02 20:05:00,MPB
22.355,22.355,22.355,22.355,136,2021-02-02 20:45:00,MPB
22.22,22.48,22.22,22.48,500,2021-02-02 20:55:00,MPB
22.46,22.46,22.46,22.46,1716,2021-02-02 21:00:00,MPB
22.24,22.24,22.24,22.24,198,2021-02-03 14:30:00,MPB
22.25,22.25,22.25,22.25,100,2021-02-03 14:40:00,MPB
22.27,22.27,22.27,22.27,100,2021-02-03 14:45:00,MPB
22.34,22.34,22.24,22.24,430,2021-02-03 14:50:00,MPB
22.24,22.3492,22.24,22.2608,823,2021-02-03 14:55:00,MPB
22.16,22.16,22.16,22.16,100,2021-02-03 15:20:00,MPB
22.29,22.29,21.95,21.96,1000,2021-02-03 15:25:00,MPB
21.875,21.8999,21.875,21.8999,200,2021-02-03 15:50:00,MPB
21.9,21.9,21.9,21.9,400,2021-02-03 15:55:00,MPB
22.21,22.21,22.21,22.21,100,2021-02-03 16:00:00,MPB
22.2,22.2,22.16,22.16,619,2021-02-03 16:05:00,MPB
22.28,22.28,22.28,22.28,200,2021-02-03 17:20:00,MPB
22.28,22.28,22.25,22.25,200,2021-02-03 17:40:00,MPB
22.25,22.3,22.25,22.25,900,2021-02-03 17:50:00,MPB
22.375,22.375,22.375,22.375,300,2021-02-03 19:15:00,MPB
22.18,22.37,22.18,22.37,200,2021-02-03 19:20:00,MPB
22.37,22.37,22.37,22.37,200,2021-02-03 19:40:00,MPB
22.325,22.325,22.32,22.32,200,2021-02-03 19:45:00,MPB
22.27,22.27,22.27,22.27,100,2021-02-03 20:05:00,MPB
22.26,22.26,22.26,22.26,100,2021-02-03 20:45:00,MPB
22.04,22.04,22.04,22.04,100,2021-02-03 20:55:00,MPB
22.45,22.45,22.45,22.45,2556,2021-02-03 21:00:00,MPB
23.63,23.63,23.63,23.63,241,2021-02-04 14:05:00,MPB
22.82,22.82,22.485,22.49,891,2021-02-04 16:00:00,MPB
22.405,22.4399,22.405,22.405,338,2021-02-04 16:05:00,MPB
22.71,22.73,22.71,22.71,500,2021-02-04 16:10:00,MPB
22.855,22.855,22.855,22.855,200,2021-02-04 16:15:00,MPB
22.71,22.71,22.61,22.61,300,2021-02-04 16:20:00,MPB
22.65,22.65,22.65,22.65,100,2021-02-04 16:25:00,MPB
22.7837,22.7837,22.7837,22.7837,500,2021-02-04 16:50:00,MPB
22.78,22.78,22.78,22.78,100,2021-02-04 16:55:00,MPB
22.78,22.79,22.78,22.79,300,2021-02-04 17:30:00,MPB
23.0,23.0,22.99,22.99,200,2021-02-04 18:20:00,MPB
23.0,23.25,23.0,23.25,2456,2021-02-04 18:30:00,MPB
23.49,23.49,23.49,23.49,100,2021-02-04 18:35:00,MPB
23.49,23.49,23.3001,23.3001,566,2021-02-04 18:40:00,MPB
23.2,23.2,23.2,23.2,263,2021-02-04 18:45:00,MPB
23.22,23.22,23.22,23.22,100,2021-02-04 19:55:00,MPB
23.23,23.25,23.07,23.07,964,2021-02-04 20:35:00,MPB
22.93,23.25,22.93,23.25,1052,2021-02-04 20:55:00,MPB
23.39,23.39,23.39,23.39,1456,2021-02-04 21:00:00,MPB
23.27,23.27,23.27,23.27,200,2021-02-05 15:40:00,MPB
23.04,23.04,23.04,23.04,100,2021-02-05 16:05:00,MPB
23.4,23.4,23.4,23.4,100,2021-02-05 16:15:00,MPB
23.11,23.11,23.11,23.11,100,2021-02-05 16:25:00,MPB
23.14,23.14,23.14,23.14,100,2021-02-05 16:45:00,MPB
23.35,23.4,23.35,23.3999,1018,2021-02-05 18:30:00,MPB
23.18,23.18,23.18,23.18,100,2021-02-05 18:40:00,MPB
23.15,23.15,23.15,23.15,100,2021-02-05 19:35:00,MPB
23.19,23.19,23.19,23.19,100,2021-02-05 20:50:00,MPB
23.3,23.4,23.3,23.34,541,2021-02-05 20:55:00,MPB
23.4,23.4,23.4,23.4,1221,2021-02-05 21:00:00,MPB
23.82,23.82,23.82,23.82,100,2021-02-08 14:10:00,MPB
23.82,23.82,23.82,23.82,400,2021-02-08 14:15:00,MPB
23.84,23.84,23.81,23.81,1054,2021-02-08 14:30:00,MPB
24.15,24.15,24.15,24.15,500,2021-02-08 14:35:00,MPB
24.0,24.0,24.0,24.0,117,2021-02-08 15:45:00,MPB
23.9,24.0,23.9,24.0,200,2021-02-08 16:20:00,MPB
24.0,24.01,24.0,24.01,300,2021-02-08 16:30:00,MPB
23.88,23.88,23.88,23.88,100,2021-02-08 17:05:00,MPB
24.0,24.0,24.0,24.0,500,2021-02-08 18:00:00,MPB
24.0,24.0,24.0,24.0,100,2021-02-08 18:05:00,MPB
23.85,23.85,23.85,23.85,327,2021-02-08 18:20:00,MPB
23.52,23.52,23.5,23.5,1220,2021-02-08 18:45:00,MPB
23.52,23.52,23.52,23.52,123,2021-02-08 18:50:00,MPB
23.43,23.43,23.43,23.43,100,2021-02-08 19:15:00,MPB
23.58,23.58,23.58,23.58,100,2021-02-08 19:25:00,MPB
23.68,23.75,23.68,23.75,340,2021-02-08 20:40:00,MPB
23.93,24.0,23.93,23.99,685,2021-02-08 20:55:00,MPB
24.25,24.25,24.25,24.25,2463,2021-02-08 21:00:00,MPB
23.87,23.87,23.87,23.87,184,2021-02-09 14:30:00,MPB
23.5429,24.08,23.5429,24.08,1099,2021-02-09 14:55:00,MPB
23.72,23.72,23.72,23.72,100,2021-02-09 15:15:00,MPB
23.51,23.51,23.51,23.51,300,2021-02-09 16:05:00,MPB
23.8306,23.8306,23.75,23.75,493,2021-02-09 16:10:00,MPB
23.6,23.9413,23.56,23.9413,800,2021-02-09 16:50:00,MPB
23.775,23.9857,23.775,23.92,800,2021-02-09 16:55:00,MPB
23.9386,23.9386,23.7778,23.8001,2100,2021-02-09 17:00:00,MPB
23.7778,23.87,23.7778,23.7778,300,2021-02-09 17:05:00,MPB
23.79,23.79,23.79,23.79,210,2021-02-09 17:55:00,MPB
23.79,23.79,23.79,23.79,200,2021-02-09 18:10:00,MPB
23.805,23.805,23.805,23.805,104,2021-02-09 18:55:00,MPB
23.62,23.62,23.62,23.62,100,2021-02-09 19:55:00,MPB
23.65,23.65,23.65,23.65,100,2021-02-09 20:50:00,MPB
23.64,23.64,23.64,23.64,100,2021-02-09 20:55:00,MPB
23.97,23.97,23.97,23.97,806,2021-02-09 21:00:00,MPB
24.06,24.06,24.06,24.06,263,2021-02-10 14:30:00,MPB
23.8,23.8,23.8,23.8,667,2021-02-10 14:55:00,MPB
23.77,23.77,23.77,23.77,200,2021-02-10 15:05:00,MPB
23.765,23.765,23.7011,23.7011,504,2021-02-10 15:35:00,MPB
23.7,23.7,23.7,23.7,100,2021-02-10 16:00:00,MPB
23.7,23.7,23.69,23.69,200,2021-02-10 16:05:00,MPB
23.625,23.625,23.4,23.4,1861,2021-02-10 17:35:00,MPB
23.31,23.4,23.29,23.355,700,2021-02-10 17:40:00,MPB
23.47,23.5,23.47,23.5,793,2021-02-10 18:00:00,MPB
23.55,23.655,23.55,23.655,300,2021-02-10 18:15:00,MPB
23.6,23.61,23.6,23.61,200,2021-02-10 18:20:00,MPB
23.75,23.75,23.75,23.75,1783,2021-02-10 18:40:00,MPB
23.75,23.9,23.75,23.9,700,2021-02-10 18:50:00,MPB
23.875,23.875,23.875,23.875,189,2021-02-10 19:05:00,MPB
23.85,23.85,23.85,23.85,200,2021-02-10 19:25:00,MPB
23.69,23.69,23.69,23.69,200,2021-02-10 20:10:00,MPB
23.71,23.71,23.71,23.71,100,2021-02-10 20:15:00,MPB
23.79,23.79,23.79,23.79,112,2021-02-10 20:55:00,MPB
23.81,23.81,23.81,23.81,1251,2021-02-10 21:00:00,MPB
23.85,23.855,23.72,23.72,800,2021-02-11 15:05:00,MPB
23.86,23.86,23.7201,23.7201,1962,2021-02-11 15:20:00,MPB
24.0,24.0,23.97,23.985,4196,2021-02-11 15:25:00,MPB
24.08,24.08,24.0,24.005,1230,2021-02-11 15:30:00,MPB
24.0,24.02,24.0,24.0,400,2021-02-11 15:40:00,MPB
24.17,24.17,24.17,24.17,100,2021-02-11 15:45:00,MPB
24.36,24.425,24.36,24.425,420,2021-02-11 15:50:00,MPB
24.25,24.25,24.25,24.25,100,2021-02-11 16:15:00,MPB
24.12,24.12,24.12,24.12,100,2021-02-11 16:35:00,MPB
24.005,24.005,24.0,24.0,200,2021-02-11 17:15:00,MPB
23.75,23.77,23.75,23.77,222,2021-02-11 17:25:00,MPB
23.815,23.815,23.815,23.815,100,2021-02-11 18:20:00,MPB
24.08,24.08,24.08,24.08,100,2021-02-11 19:45:00,MPB
23.55,23.67,23.55,23.67,400,2021-02-11 19:50:00,MPB
23.825,23.825,23.825,23.825,100,2021-02-11 20:35:00,MPB
23.69,23.69,23.69,23.69,100,2021-02-11 20:55:00,MPB
23.93,23.93,23.93,23.93,1124,2021-02-11 21:00:00,MPB
23.7,23.89,23.7,23.7,412,2021-02-12 15:05:00,MPB
23.8252,23.8252,23.8252,23.8252,150,2021-02-12 15:25:00,MPB
23.985,24.04,23.9825,24.04,300,2021-02-12 15:30:00,MPB
24.03,24.035,23.9801,24.035,600,2021-02-12 15:35:00,MPB
23.99,23.99,23.99,23.99,200,2021-02-12 15:40:00,MPB
24.0,24.0,24.0,24.0,210,2021-02-12 16:00:00,MPB
24.0,24.04,24.0,24.04,200,2021-02-12 16:05:00,MPB
23.945,23.945,23.945,23.945,100,2021-02-12 16:10:00,MPB
24.0,24.0,24.0,24.0,400,2021-02-12 16:45:00,MPB
23.9899,23.9899,23.96,23.96,200,2021-02-12 16:50:00,MPB
23.98,23.98,23.98,23.98,135,2021-02-12 17:10:00,MPB
23.895,23.895,23.895,23.895,100,2021-02-12 17:25:00,MPB
24.0,24.0,24.0,24.0,300,2021-02-12 17:40:00,MPB
23.95,23.95,23.95,23.95,100,2021-02-12 18:05:00,MPB
23.93,23.93,23.86,23.86,300,2021-02-12 18:10:00,MPB
23.79,23.79,23.79,23.79,100,2021-02-12 18:15:00,MPB
23.8,23.8,23.65,23.65,339,2021-02-12 18:40:00,MPB
23.88,23.88,23.88,23.88,100,2021-02-12 18:50:00,MPB
24.0,24.0,23.89,23.89,500,2021-02-12 19:15:00,MPB
23.965,23.965,23.965,23.965,100,2021-02-12 19:30:00,MPB
23.8438,23.8438,23.8438,23.8438,463,2021-02-12 19:50:00,MPB
23.665,23.79,23.665,23.79,200,2021-02-12 20:20:00,MPB
23.62,23.62,23.62,23.62,146,2021-02-12 20:25:00,MPB
23.56,23.59,23.56,23.59,200,2021-02-12 20:55:00,MPB
23.9,23.9,23.9,23.9,1413,2021-02-12 21:00:00,MPB
23.9,23.9,23.9,23.9,320,2021-02-16 14:30:00,MPB
23.785,23.785,23.78,23.78,200,2021-02-16 14:50:00,MPB
23.78,23.78,23.78,23.78,100,2021-02-16 15:35:00,MPB
23.87,23.87,23.5,23.7951,1224,2021-02-16 15:45:00,MPB
23.75,23.75,23.75,23.75,100,2021-02-16 15:55:00,MPB
23.8,23.8,23.8,23.8,122,2021-02-16 16:00:00,MPB
23.75,23.75,23.75,23.75,200,2021-02-16 16:05:00,MPB
23.56,23.58,23.56,23.58,200,2021-02-16 16:15:00,MPB
23.84,23.84,23.8201,23.8201,200,2021-02-16 16:25:00,MPB
23.85,23.85,23.85,23.85,200,2021-02-16 17:00:00,MPB
23.8,23.8,23.8,23.8,100,2021-02-16 17:05:00,MPB
23.8001,23.85,23.8,23.8,400,2021-02-16 17:10:00,MPB
23.8,23.8,23.8,23.8,100,2021-02-16 17:35:00,MPB
23.77,23.77,23.77,23.77,260,2021-02-16 17:50:00,MPB
23.7,23.7,23.7,23.7,100,2021-02-16 18:00:00,MPB
23.7,23.7,23.7,23.7,100,2021-02-16 18:05:00,MPB
23.7,23.7,23.7,23.7,100,2021-02-16 18:15:00,MPB
23.65,23.76,23.65,23.7301,922,2021-02-16 18:35:00,MPB
23.6148,23.6148,23.6148,23.6148,100,2021-02-16 19:15:00,MPB
23.46,23.46,23.46,23.46,100,2021-02-16 19:50:00,MPB
23.75,23.875,23.7,23.875,1902,2021-02-16 20:05:00,MPB
24.0,24.01,24.0,24.01,300,2021-02-16 20:15:00,MPB
24.0,24.0,24.0,24.0,200,2021-02-16 20:35:00,MPB
24.0,24.15,24.0,24.15,1700,2021-02-16 20:40:00,MPB
24.15,24.15,24.05,24.07,700,2021-02-16 20:45:00,MPB
24.03,24.03,23.8,23.8,300,2021-02-16 20:55:00,MPB
23.81,23.81,23.81,23.81,1572,2021-02-16 21:00:00,MPB
23.81,23.81,23.81,23.81,130,2021-02-17 14:30:00,MPB
24.1,24.1,23.91,23.91,300,2021-02-17 16:00:00,MPB
23.855,23.855,23.855,23.855,100,2021-02-17 16:10:00,MPB
23.855,23.855,23.855,23.855,100,2021-02-17 16:15:00,MPB
23.97,24.0,23.575,23.575,1179,2021-02-17 16:25:00,MPB
23.56,23.56,23.56,23.56,100,2021-02-17 17:00:00,MPB
23.575,23.575,23.575,23.575,100,2021-02-17 17:35:00,MPB
23.78,23.78,23.78,23.78,100,2021-02-17 18:10:00,MPB
23.78,23.78,23.78,23.78,100,2021-02-17 18:15:00,MPB
23.575,23.575,23.575,23.575,100,2021-02-17 18:55:00,MPB
23.89,24.0096,23.89,24.0096,621,2021-02-17 19:45:00,MPB
23.97,24.01,23.97,24.01,460,2021-02-17 20:05:00,MPB
23.58,23.58,23.58,23.58,100,2021-02-17 20:20:00,MPB
23.82,23.82,23.82,23.82,100,2021-02-17 20:30:00,MPB
23.82,23.82,23.82,23.82,1161,2021-02-17 21:00:00,MPB
23.66,23.66,23.66,23.66,194,2021-02-18 14:30:00,MPB
23.75,23.75,23.75,23.75,100,2021-02-18 14:50:00,MPB
23.695,23.695,23.51,23.51,200,2021-02-18 15:30:00,MPB
23.63,23.63,23.63,23.63,200,2021-02-18 16:15:00,MPB
23.53,23.53,23.53,23.53,348,2021-02-18 16:50:00,MPB
23.66,23.66,23.6,23.6,200,2021-02-18 17:00:00,MPB
23.65,23.65,23.65,23.65,300,2021-02-18 17:05:00,MPB
23.545,23.545,23.545,23.545,100,2021-02-18 17:40:00,MPB
23.53,23.53,23.53,23.53,100,2021-02-18 18:30:00,MPB
23.555,23.555,23.555,23.555,100,2021-02-18 19:15:00,MPB
23.555,23.555,23.53,23.53,200,2021-02-18 19:55:00,MPB
23.53,23.53,23.53,23.53,200,2021-02-18 20:25:00,MPB
23.53,23.53,23.53,23.53,100,2021-02-18 20:45:00,MPB
23.53,23.53,23.53,23.53,100,2021-02-18 20:50:00,MPB
23.54,23.625,23.53,23.53,850,2021-02-18 20:55:00,MPB
23.53,23.53,23.53,23.53,1304,2021-02-18 21:00:00,MPB
23.6,23.6,23.6,23.6,591,2021-02-19 14:30:00,MPB
23.94,24.3,23.94,24.29,1539,2021-02-19 15:45:00,MPB
23.91,23.91,23.91,23.91,500,2021-02-19 16:20:00,MPB
23.88,23.89,23.88,23.89,200,2021-02-19 16:35:00,MPB
23.9001,23.92,23.9001,23.92,276,2021-02-19 16:45:00,MPB
23.54,23.54,23.54,23.54,145,2021-02-19 17:40:00,MPB
23.53,23.75,23.53,23.75,435,2021-02-19 19:35:00,MPB
23.69,23.69,23.69,23.69,200,2021-02-19 20:05:00,MPB
23.85,23.85,23.85,23.85,199,2021-02-19 20:10:00,MPB
23.665,23.665,23.665,23.665,100,2021-02-19 20:15:00,MPB
23.58,23.58,23.58,23.58,100,2021-02-19 20:30:00,MPB
23.54,23.54,23.54,23.54,175,2021-02-19 20:50:00,MPB
24.03,24.03,24.03,24.03,2484,2021-02-19 21:00:00,MPB
24.01,24.18,24.01,24.18,607,2021-02-22 14:30:00,MPB
23.945,23.945,23.64,23.64,1100,2021-02-22 14:40:00,MPB
23.715,23.715,23.715,23.715,100,2021-02-22 14:50:00,MPB
23.79,23.79,23.79,23.79,200,2021-02-22 15:05:00,MPB
23.865,23.865,23.865,23.865,100,2021-02-22 15:10:00,MPB
24.1319,24.25,24.1319,24.25,265,2021-02-22 15:15:00,MPB
23.925,23.925,23.925,23.925,100,2021-02-22 15:35:00,MPB
24.25,24.25,24.25,24.25,200,2021-02-22 15:45:00,MPB
23.97,23.97,23.97,23.97,100,2021-02-22 16:00:00,MPB
24.25,24.25,24.25,24.25,100,2021-02-22 16:05:00,MPB
24.25,24.29,23.97,24.29,463,2021-02-22 16:15:00,MPB
24.125,24.29,23.99,23.99,821,2021-02-22 16:20:00,MPB
23.985,23.985,23.985,23.985,100,2021-02-22 16:30:00,MPB
24.25,24.25,24.25,24.25,100,2021-02-22 16:55:00,MPB
24.065,24.065,23.995,23.995,200,2021-02-22 17:05:00,MPB
24.055,24.055,24.055,24.055,100,2021-02-22 17:40:00,MPB
24.24,24.3,24.185,24.3,600,2021-02-22 17:45:00,MPB
24.36,24.36,24.36,24.36,100,2021-02-22 17:50:00,MPB
24.37,24.37,24.37,24.37,100,2021-02-22 17:55:00,MPB
24.3716,24.3716,24.3716,24.3716,100,2021-02-22 18:05:00,MPB
24.45,25.49,24.45,25.4,2500,2021-02-22 18:25:00,MPB
24.665,24.665,24.665,24.665,100,2021-02-22 19:05:00,MPB
24.685,24.685,24.685,24.685,100,2021-02-22 19:45:00,MPB
25.0,25.4,25.0,25.035,600,2021-02-22 19:55:00,MPB
25.03,25.4,25.03,25.4,300,2021-02-22 20:05:00,MPB
24.89,25.02,24.89,25.02,200,2021-02-22 20:10:00,MPB
24.475,24.98,24.475,24.98,410,2021-02-22 20:15:00,MPB
25.115,25.17,25.115,25.17,600,2021-02-22 20:30:00,MPB
25.15,25.33,25.01,25.15,600,2021-02-22 20:35:00,MPB
25.1,25.1,25.1,25.1,100,2021-02-22 20:40:00,MPB
25.5,25.5,24.7531,25.5,516,2021-02-22 20:55:00,MPB
25.1,25.1,25.1,25.1,1853,2021-02-22 21:00:00,MPB
24.91,24.91,24.91,24.91,182,2021-02-23 14:30:00,MPB
25.37,25.95,25.25,25.25,400,2021-02-23 14:45:00,MPB
26.0,26.0,26.0,26.0,100,2021-02-23 14:55:00,MPB
25.5687,26.0,25.5687,25.95,1392,2021-02-23 15:10:00,MPB
25.95,25.95,25.95,25.95,100,2021-02-23 15:30:00,MPB
25.745,25.95,25.52,25.52,371,2021-02-23 15:45:00,MPB
25.51,25.91,25.5,25.5,300,2021-02-23 16:15:00,MPB
25.51,25.9,25.51,25.9,300,2021-02-23 17:10:00,MPB
25.87,25.88,25.7,25.7,500,2021-02-23 17:35:00,MPB
25.3,25.85,25.3,25.85,200,2021-02-23 17:40:00,MPB
25.01,25.01,25.01,25.01,100,2021-02-23 18:00:00,MPB
25.16,25.19,24.61,25.19,1500,2021-02-23 18:15:00,MPB
25.0,25.0,25.0,25.0,100,2021-02-23 18:20:00,MPB
24.99,24.99,24.99,24.99,100,2021-02-23 18:25:00,MPB
25.39,25.39,25.11,25.11,309,2021-02-23 18:35:00,MPB
24.71,24.71,24.71,24.71,100,2021-02-23 19:10:00,MPB
24.8341,24.8341,24.7,24.7,1300,2021-02-23 19:20:00,MPB
24.76,24.76,24.75,24.75,300,2021-02-23 19:50:00,MPB
25.33,25.33,25.33,25.33,100,2021-02-23 20:15:00,MPB
25.11,25.11,25.11,25.11,200,2021-02-23 20:20:00,MPB
24.98,24.98,24.98,24.98,100,2021-02-23 20:45:00,MPB
24.98,24.98,24.97,24.97,200,2021-02-23 20:55:00,MPB
24.97,24.97,24.97,24.97,1101,2021-02-23 21:00:00,MPB
24.8217,24.8217,24.8217,24.8217,180,2021-02-24 14:45:00,MPB
24.99,24.99,24.99,24.99,100,2021-02-24 14:50:00,MPB
24.87,24.87,24.82,24.87,443,2021-02-24 15:00:00,MPB
24.9,25.0,24.9,24.91,600,2021-02-24 15:05:00,MPB
24.915,24.915,24.915,24.915,100,2021-02-24 15:25:00,MPB
24.92,24.92,24.92,24.92,100,2021-02-24 15:45:00,MPB
25.0,25.05,25.0,25.05,1000,2021-02-24 16:10:00,MPB
25.01,25.1,25.0,25.07,700,2021-02-24 16:25:00,MPB
25.075,25.09,25.05,25.05,600,2021-02-24 16:30:00,MPB
25.1,25.1,25.1,25.1,200,2021-02-24 16:35:00,MPB
25.05,25.0699,25.05,25.06,500,2021-02-24 16:45:00,MPB
25.1,25.1,25.0725,25.0725,300,2021-02-24 16:55:00,MPB
24.99,24.99,24.98,24.98,200,2021-02-24 17:30:00,MPB
24.87,24.87,24.87,24.87,100,2021-02-24 17:40:00,MPB
24.99,24.99,24.99,24.99,100,2021-02-24 18:20:00,MPB
24.95,24.95,24.95,24.95,199,2021-02-24 18:30:00,MPB
25.05,25.06,25.05,25.06,200,2021-02-24 18:45:00,MPB
25.1,25.1,25.05,25.1,300,2021-02-24 19:10:00,MPB
25.02,25.02,24.98,24.98,200,2021-02-24 19:20:00,MPB
24.855,24.855,24.855,24.855,850,2021-02-24 19:25:00,MPB
24.84,25.05,24.84,25.05,200,2021-02-24 20:45:00,MPB
25.0,25.0,25.0,25.0,100,2021-02-24 20:50:00,MPB
24.85,25.0,24.85,25.0,400,2021-02-24 20:55:00,MPB
25.0,25.0,25.0,25.0,1176,2021-02-24 21:00:00,MPB
24.9,24.9,24.9,24.9,100,2021-02-25 15:15:00,MPB
24.86,24.86,24.86,24.86,200,2021-02-25 15:20:00,MPB
24.92,24.92,24.92,24.92,148,2021-02-25 15:30:00,MPB
24.74,24.74,24.74,24.74,200,2021-02-25 16:15:00,MPB
24.89,24.89,24.89,24.89,100,2021-02-25 17:15:00,MPB
24.89,24.89,24.89,24.89,100,2021-02-25 17:45:00,MPB
24.7964,24.7964,24.7964,24.7964,500,2021-02-25 18:20:00,MPB
24.79,24.79,24.79,24.79,100,2021-02-25 19:20:00,MPB
24.81,24.81,24.71,24.71,913,2021-02-25 20:30:00,MPB
24.3221,24.3221,24.285,24.285,300,2021-02-25 20:50:00,MPB
24.02,24.38,24.02,24.1407,1029,2021-02-25 20:55:00,MPB
24.04,24.04,24.04,24.04,2326,2021-02-25 21:00:00,MPB
24.29,24.29,24.0,24.0,681,2021-02-26 14:30:00,MPB
23.9608,23.9608,23.9608,23.9608,500,2021-02-26 17:40:00,MPB
23.81,23.81,23.81,23.81,100,2021-02-26 17:50:00,MPB
23.56,23.56,23.56,23.56,100,2021-02-26 19:30:00,MPB
23.57,23.57,23.57,23.57,100,2021-02-26 20:10:00,MPB
23.53,23.53,23.53,23.53,100,2021-02-26 20:55:00,MPB
23.52,23.52,23.52,23.52,2684,2021-02-26 21:00:00,MPB
24.16,24.16,23.855,23.855,200,2021-03-01 14:40:00,MPB
23.9,23.9,23.565,23.565,400,2021-03-01 15:05:00,MPB
23.55,23.55,23.55,23.55,100,2021-03-01 15:15:00,MPB
23.73,23.73,23.73,23.73,100,2021-03-01 16:00:00,MPB
23.805,23.805,23.805,23.805,201,2021-03-01 17:35:00,MPB
23.89,23.9,23.745,23.9,2887,2021-03-01 19:15:00,MPB
23.89,23.9,23.875,23.875,4200,2021-03-01 19:20:00,MPB
23.9,23.9,23.875,23.875,200,2021-03-01 19:35:00,MPB
23.86,23.86,23.86,23.86,200,2021-03-01 19:45:00,MPB
23.9,23.9,23.9,23.9,207,2021-03-01 19:55:00,MPB
23.9,23.9,23.9,23.9,408,2021-03-01 20:00:00,MPB
23.805,23.805,23.805,23.805,100,2021-03-01 20:05:00,MPB
23.81,23.81,23.81,23.81,200,2021-03-01 20:30:00,MPB
23.815,23.815,23.815,23.815,200,2021-03-01 20:45:00,MPB
23.78,23.78,23.78,23.78,200,2021-03-01 20:50:00,MPB
23.805,23.805,23.805,23.805,100,2021-03-01 20:55:00,MPB
23.88,23.88,23.88,23.88,2512,2021-03-01 21:00:00,MPB
23.69,23.69,23.69,23.69,101,2021-03-02 14:45:00,MPB
23.72,23.72,23.72,23.72,199,2021-03-02 15:00:00,MPB
23.7,23.7,23.7,23.7,318,2021-03-02 15:10:00,MPB
24.65,24.65,24.65,24.65,900,2021-03-02 15:20:00,MPB
23.62,23.62,23.62,23.62,200,2021-03-02 16:00:00,MPB
23.855,23.855,23.855,23.855,200,2021-03-02 16:15:00,MPB
23.715,23.715,23.715,23.715,119,2021-03-02 17:15:00,MPB
23.735,23.745,23.735,23.745,300,2021-03-02 17:25:00,MPB
23.58,23.7999,23.58,23.7999,500,2021-03-02 17:55:00,MPB
23.79,23.8,23.79,23.8,862,2021-03-02 18:30:00,MPB
23.705,23.705,23.705,23.705,100,2021-03-02 18:35:00,MPB
23.71,23.71,23.71,23.71,100,2021-03-02 18:40:00,MPB
23.7,23.7,23.7,23.7,100,2021-03-02 18:55:00,MPB
23.705,23.705,23.705,23.705,100,2021-03-02 19:00:00,MPB
23.71,23.71,23.71,23.71,200,2021-03-02 19:35:00,MPB
23.715,23.715,23.715,23.715,150,2021-03-02 20:30:00,MPB
23.945,23.945,23.945,23.945,100,2021-03-02 20:45:00,MPB
24.04,24.04,24.04,24.04,100,2021-03-02 20:50:00,MPB
24.04,24.29,23.79,23.79,300,2021-03-02 20:55:00,MPB
23.64,23.64,23.64,23.64,1427,2021-03-02 21:00:00,MPB
24.4164,24.4164,23.61,23.61,311,2021-03-03 14:50:00,MPB
23.61,23.61,23.61,23.61,100,2021-03-03 14:55:00,MPB
23.67,23.67,23.67,23.67,100,2021-03-03 15:45:00,MPB
23.97,24.0,23.695,24.0,2300,2021-03-03 15:50:00,MPB
24.0,24.0,24.0,24.0,800,2021-03-03 15:55:00,MPB
24.0,24.125,24.0,24.1,5600,2021-03-03 16:00:00,MPB
24.1,24.1,24.1,24.1,1200,2021-03-03 16:05:00,MPB
24.2408,24.37,24.24,24.24,1400,2021-03-03 16:10:00,MPB
24.26,24.26,24.26,24.26,100,2021-03-03 16:20:00,MPB
24.25,24.25,24.25,24.25,900,2021-03-03 16:25:00,MPB
24.26,24.26,24.26,24.26,100,2021-03-03 16:30:00,MPB
24.265,24.6,24.25,24.35,2160,2021-03-03 16:35:00,MPB
24.39,24.55,24.39,24.53,500,2021-03-03 16:40:00,MPB
24.33,24.33,24.33,24.33,200,2021-03-03 16:55:00,MPB
24.35,24.67,24.35,24.67,300,2021-03-03 17:00:00,MPB
24.29,24.29,24.29,24.29,100,2021-03-03 17:15:00,MPB
24.57,24.57,24.25,24.525,1100,2021-03-03 17:30:00,MPB
24.4,24.54,24.35,24.54,400,2021-03-03 18:00:00,MPB
24.2,24.2,24.2,24.2,100,2021-03-03 18:05:00,MPB
24.69,24.69,24.69,24.69,200,2021-03-03 18:15:00,MPB
24.6,24.6,24.6,24.6,100,2021-03-03 18:50:00,MPB
24.875,24.875,24.8001,24.8001,200,2021-03-03 18:55:00,MPB
24.32,24.32,24.32,24.32,100,2021-03-03 19:10:00,MPB
24.32,24.79,24.32,24.79,200,2021-03-03 19:15:00,MPB
24.115,24.115,24.115,24.115,100,2021-03-03 19:40:00,MPB
24.03,24.03,24.03,24.03,100,2021-03-03 20:05:00,MPB
24.025,24.025,24.025,24.025,100,2021-03-03 20:15:00,MPB
24.05,24.05,24.05,24.05,100,2021-03-03 20:30:00,MPB
24.03,24.03,24.0,24.0,200,2021-03-03 20:40:00,MPB
24.3,24.3,24.3,24.3,1033,2021-03-03 21:00:00,MPB
24.22,24.22,24.22,24.22,163,2021-03-04 14:30:00,MPB
24.97,25.39,24.97,25.39,340,2021-03-04 15:15:00,MPB
25.41,25.41,25.4,25.4,835,2021-03-04 15:20:00,MPB
25.65,25.65,25.65,25.65,230,2021-03-04 15:30:00,MPB
26.0,26.0,26.0,26.0,100,2021-03-04 15:45:00,MPB
25.91,25.91,25.9,25.91,400,2021-03-04 15:55:00,MPB
25.79,25.79,25.54,25.54,877,2021-03-04 16:20:00,MPB
25.8,25.8,25.8,25.8,100,2021-03-04 16:35:00,MPB
25.59,25.59,25.59,25.59,100,2021-03-04 16:50:00,MPB
25.575,25.575,25.575,25.575,100,2021-03-04 17:00:00,MPB
25.4023,25.4023,25.4023,25.4023,200,2021-03-04 17:25:00,MPB
25.7,25.7,25.7,25.7,200,2021-03-04 17:40:00,MPB
25.69,25.69,25.575,25.575,300,2021-03-04 18:00:00,MPB
25.49,25.49,25.49,25.49,100,2021-03-04 18:05:00,MPB
25.665,25.665,25.665,25.665,200,2021-03-04 18:10:00,MPB
25.66,25.66,25.66,25.66,100,2021-03-04 18:15:00,MPB
25.8657,25.8657,25.8657,25.8657,110,2021-03-04 18:25:00,MPB
25.655,25.655,25.655,25.655,100,2021-03-04 18:30:00,MPB
25.66,25.66,25.66,25.66,100,2021-03-04 18:45:00,MPB
25.655,25.655,25.655,25.655,100,2021-03-04 18:50:00,MPB
25.48,25.48,25.48,25.48,100,2021-03-04 19:00:00,MPB
25.4,25.49,25.37,25.49,772,2021-03-04 19:05:00,MPB
25.5,25.5,25.5,25.5,531,2021-03-04 19:10:00,MPB
25.95,25.95,25.95,25.95,200,2021-03-04 19:55:00,MPB
24.93,24.93,24.93,24.93,100,2021-03-04 20:00:00,MPB
25.72,25.72,25.72,25.72,100,2021-03-04 20:50:00,MPB
25.71,25.74,25.57,25.74,517,2021-03-04 20:55:00,MPB
25.75,25.75,25.75,25.75,3212,2021-03-04 21:00:00,MPB
25.99,26.63,25.99,26.63,9637,2021-03-05 14:30:00,MPB
25.84,25.84,25.84,25.84,376,2021-03-05 14:45:00,MPB
25.8601,26.73,25.8601,26.1601,3015,2021-03-05 15:10:00,MPB
26.3001,26.46,26.2,26.2,900,2021-03-05 15:15:00,MPB
26.475,26.51,26.475,26.51,400,2021-03-05 15:40:00,MPB
26.74,26.74,26.74,26.74,100,2021-03-05 15:45:00,MPB
26.74,26.74,26.74,26.74,250,2021-03-05 15:50:00,MPB
26.74,26.74,26.69,26.69,200,2021-03-05 15:55:00,MPB
26.43,26.43,26.43,26.43,124,2021-03-05 16:00:00,MPB
26.6,26.6,26.6,26.6,100,2021-03-05 16:20:00,MPB
26.7,26.7,26.55,26.6,400,2021-03-05 16:30:00,MPB
26.6,26.6,26.6,26.6,200,2021-03-05 16:35:00,MPB
26.29,26.6,26.29,26.6,200,2021-03-05 16:45:00,MPB
26.3,26.3,26.3,26.3,100,2021-03-05 16:55:00,MPB
26.205,26.6,26.1248,26.205,2750,2021-03-05 17:05:00,MPB
26.205,26.205,26.205,26.205,100,2021-03-05 17:10:00,MPB
25.875,25.875,25.875,25.875,100,2021-03-05 17:20:00,MPB
26.47,26.47,26.47,26.47,100,2021-03-05 18:05:00,MPB
26.52,26.52,26.52,26.52,100,2021-03-05 18:10:00,MPB
26.59,26.59,26.59,26.59,100,2021-03-05 18:15:00,MPB
26.12,26.12,26.12,26.12,100,2021-03-05 18:20:00,MPB
26.46,26.5824,26.43,26.43,1350,2021-03-05 18:35:00,MPB
26.3508,26.3508,26.3508,26.3508,175,2021-03-05 18:40:00,MPB
26.54,26.54,26.54,26.54,100,2021-03-05 18:50:00,MPB
26.38,26.38,26.38,26.38,100,2021-03-05 18:55:00,MPB
26.38,26.38,26.38,26.38,100,2021-03-05 19:00:00,MPB
26.55,26.55,26.54,26.55,1300,2021-03-05 19:15:00,MPB
26.5,26.6499,26.5,26.6499,700,2021-03-05 19:20:00,MPB
26.7,26.7,26.7,26.7,200,2021-03-05 19:25:00,MPB
26.8,26.8,26.8,26.8,100,2021-03-05 20:00:00,MPB
26.93,26.93,26.93,26.93,336,2021-03-05 20:10:00,MPB
26.8444,26.8444,26.8444,26.8444,180,2021-03-05 20:15:00,MPB
26.99,27.0,26.98,26.99,1600,2021-03-05 20:20:00,MPB
26.99,26.99,26.99,26.99,100,2021-03-05 20:35:00,MPB
26.99,26.99,26.99,26.99,227,2021-03-05 20:45:00,MPB
26.99,26.99,26.97,26.97,400,2021-03-05 20:55:00,MPB
27.14,27.14,27.14,27.14,3295,2021-03-05 21:00:00,MPB
27.31,27.3546,27.31,27.3546,532,2021-03-08 14:30:00,MPB
27.575,27.575,27.575,27.575,600,2021-03-08 15:15:00,MPB
27.74,27.74,27.74,27.74,200,2021-03-08 15:20:00,MPB
28.73,28.73,28.03,28.04,1460,2021-03-08 15:25:00,MPB
28.8845,28.8845,28.8845,28.8845,172,2021-03-08 15:40:00,MPB
28.51,28.51,28.51,28.51,100,2021-03-08 15:45:00,MPB
28.04,28.04,28.04,28.04,100,2021-03-08 16:00:00,MPB
28.0401,28.0401,28.0401,28.0401,172,2021-03-08 16:10:00,MPB
28.0401,28.0401,28.0401,28.0401,700,2021-03-08 16:15:00,MPB
28.49,28.49,28.49,28.49,140,2021-03-08 16:20:00,MPB
28.275,28.275,28.275,28.275,500,2021-03-08 16:35:00,MPB
28.4211,28.4211,28.4211,28.4211,175,2021-03-08 16:45:00,MPB
28.6,28.6,28.6,28.6,521,2021-03-08 17:30:00,MPB
28.68,28.68,28.68,28.68,100,2021-03-08 18:05:00,MPB
28.35,28.35,28.35,28.35,100,2021-03-08 19:40:00,MPB
28.3105,28.3105,27.9023,27.9023,478,2021-03-08 19:50:00,MPB
27.6901,27.6901,27.6901,27.6901,175,2021-03-08 20:05:00,MPB
28.02,28.13,28.02,28.13,480,2021-03-08 20:25:00,MPB
28.21,28.25,28.21,28.25,700,2021-03-08 20:45:00,MPB
28.07,28.24,28.06,28.2,812,2021-03-08 20:55:00,MPB
28.2,28.2,28.2,28.2,2244,2021-03-08 21:00:00,MPB
28.25,28.25,28.25,28.25,100,2021-03-09 14:25:00,MPB
28.2,28.2,27.92,27.92,1511,2021-03-09 14:30:00,MPB
27.95,27.95,27.95,27.95,100,2021-03-09 14:50:00,MPB
28.0,28.0,27.905,27.905,200,2021-03-09 15:05:00,MPB
27.855,27.855,27.855,27.855,100,2021-03-09 15:20:00,MPB
28.03,28.03,28.03,28.03,100,2021-03-09 15:30:00,MPB
28.01,28.2,28.01,28.2,2110,2021-03-09 15:35:00,MPB
28.3856,28.515,28.3856,28.515,820,2021-03-09 15:45:00,MPB
28.755,28.755,28.755,28.755,533,2021-03-09 15:50:00,MPB
28.55,28.55,28.55,28.55,300,2021-03-09 16:00:00,MPB
28.55,28.55,28.55,28.55,140,2021-03-09 16:05:00,MPB
28.53,28.53,28.53,28.53,100,2021-03-09 17:05:00,MPB
28.6,28.6,28.6,28.6,100,2021-03-09 18:40:00,MPB
28.7399,28.7399,28.7399,28.7399,173,2021-03-09 18:50:00,MPB
28.75,28.96,28.75,28.96,900,2021-03-09 18:55:00,MPB
29.09,29.2,29.09,29.2,500,2021-03-09 19:00:00,MPB
29.202,29.26,29.2,29.26,1758,2021-03-09 19:05:00,MPB
29.21,29.21,29.2,29.2,500,2021-03-09 19:15:00,MPB
28.32,28.69,28.32,28.595,1227,2021-03-09 19:50:00,MPB
29.14,29.14,29.1,29.1,400,2021-03-09 19:55:00,MPB
28.72,28.7999,28.55,28.599,2200,2021-03-09 20:00:00,MPB
28.68,28.68,28.44,28.44,200,2021-03-09 20:05:00,MPB
28.655,28.74,28.655,28.74,200,2021-03-09 20:10:00,MPB
29.05,29.05,29.05,29.05,100,2021-03-09 20:25:00,MPB
28.71,29.6294,28.71,29.6294,419,2021-03-09 20:35:00,MPB
29.31,29.31,29.26,29.26,400,2021-03-09 20:50:00,MPB
29.01,29.22,28.68,28.68,1372,2021-03-09 20:55:00,MPB
29.17,29.17,29.17,29.17,2446,2021-03-09 21:00:00,MPB
28.99,28.99,28.99,28.99,260,2021-03-10 14:30:00,MPB
27.8745,27.8745,27.8745,27.8745,1000,2021-03-10 14:35:00,MPB
28.625,28.625,28.625,28.625,1000,2021-03-10 14:40:00,MPB
28.8,28.84,28.8,28.84,218,2021-03-10 15:00:00,MPB
29.2,29.26,29.11,29.13,1058,2021-03-10 15:10:00,MPB
29.19,29.19,28.8301,28.866,1638,2021-03-10 15:35:00,MPB
29.55,29.55,29.55,29.55,500,2021-03-10 17:05:00,MPB
29.32,29.32,29.32,29.32,100,2021-03-10 17:10:00,MPB
29.22,29.22,29.22,29.22,100,2021-03-10 17:15:00,MPB
29.87,29.87,29.87,29.87,212,2021-03-10 18:20:00,MPB
29.48,29.48,29.48,29.48,100,2021-03-10 18:40:00,MPB
29.52,29.52,29.52,29.52,125,2021-03-10 19:10:00,MPB
29.185,29.31,29.185,29.31,344,2021-03-10 19:35:00,MPB
29.3175,29.3175,29.3175,29.3175,100,2021-03-10 19:55:00,MPB
29.29,29.29,29.29,29.29,122,2021-03-10 20:30:00,MPB
29.4,29.4,29.4,29.4,100,2021-03-10 20:40:00,MPB
29.1,29.1,29.1,29.1,100,2021-03-10 20:50:00,MPB
29.25,29.25,29.25,29.25,100,2021-03-10 20:55:00,MPB
29.18,29.18,29.18,29.18,2455,2021-03-10 21:00:00,MPB
29.09,29.09,29.09,29.09,133,2021-03-11 14:30:00,MPB
28.1937,28.78,28.07,28.709,1000,2021-03-11 14:55:00,MPB
28.92,28.92,28.92,28.92,100,2021-03-11 15:20:00,MPB
28.96,28.96,28.96,28.96,100,2021-03-11 15:45:00,MPB
29.1999,29.2,29.1,29.2,1000,2021-03-11 16:05:00,MPB
29.27,29.46,29.21,29.21,842,2021-03-11 16:20:00,MPB
29.67,29.67,29.67,29.67,225,2021-03-11 16:45:00,MPB
29.24,29.24,29.24,29.24,100,2021-03-11 17:00:00,MPB
29.26,29.26,29.26,29.26,100,2021-03-11 17:45:00,MPB
29.24,29.24,29.23,29.23,300,2021-03-11 17:55:00,MPB
29.045,29.045,29.045,29.045,100,2021-03-11 18:00:00,MPB
29.03,29.03,29.03,29.03,100,2021-03-11 19:00:00,MPB
29.03,29.03,29.0,29.01,300,2021-03-11 19:05:00,MPB
29.0,29.0,29.0,29.0,100,2021-03-11 19:25:00,MPB
29.0,29.1218,29.0,29.1218,606,2021-03-11 19:40:00,MPB
29.0,29.0,29.0,29.0,100,2021-03-11 19:55:00,MPB
29.24,29.24,29.24,29.24,200,2021-03-11 20:50:00,MPB
29.38,29.39,29.38,29.39,400,2021-03-11 20:55:00,MPB
29.41,29.41,29.41,29.41,3148,2021-03-11 21:00:00,MPB
29.41,29.4101,29.2395,29.2395,371,2021-03-12 15:05:00,MPB
29.15,29.15,29.15,29.15,200,2021-03-12 15:20:00,MPB
28.86,28.86,28.86,28.86,100,2021-03-12 16:20:00,MPB
28.86,28.92,28.86,28.92,1604,2021-03-12 17:10:00,MPB
28.86,28.88,28.86,28.88,385,2021-03-12 17:25:00,MPB
28.99,28.99,28.99,28.99,100,2021-03-12 18:55:00,MPB
29.11,29.11,29.11,29.11,100,2021-03-12 19:25:00,MPB
28.92,29.0094,28.9,29.0094,1862,2021-03-12 19:50:00,MPB
29.06,29.06,29.06,29.06,100,2021-03-12 20:55:00,MPB
29.09,29.09,29.09,29.09,2683,2021-03-12 21:00:00,MPB
29.03,29.03,29.03,29.03,161,2021-03-15 13:30:00,MPB
28.85,28.85,28.12,28.12,300,2021-03-15 13:45:00,MPB
29.15,29.15,29.15,29.15,163,2021-03-15 13:55:00,MPB
29.09,29.09,29.09,29.09,100,2021-03-15 14:00:00,MPB
28.545,28.545,28.545,28.545,300,2021-03-15 16:05:00,MPB
28.3499,28.3499,28.28,28.28,200,2021-03-15 16:55:00,MPB
28.35,28.35,28.35,28.35,100,2021-03-15 17:00:00,MPB
28.045,28.045,28.045,28.045,100,2021-03-15 18:00:00,MPB
28.05,28.05,28.03,28.03,200,2021-03-15 18:50:00,MPB
28.005,28.005,28.005,28.005,100,2021-03-15 19:35:00,MPB
27.995,28.11,27.995,28.11,1753,2021-03-15 19:40:00,MPB
28.0,28.0,28.0,28.0,100,2021-03-15 19:50:00,MPB
27.93,27.93,27.9,27.9,300,2021-03-15 19:55:00,MPB
28.22,28.22,28.22,28.22,3804,2021-03-15 20:00:00,MPB
28.0,28.0,28.0,28.0,108,2021-03-16 13:30:00,MPB
28.055,28.055,28.055,28.055,100,2021-03-16 13:40:00,MPB
28.99,28.99,28.99,28.99,750,2021-03-16 13:55:00,MPB
28.105,28.105,28.105,28.105,172,2021-03-16 14:05:00,MPB
28.185,28.185,28.185,28.185,200,2021-03-16 14:10:00,MPB
27.82,27.83,27.82,27.83,200,2021-03-16 15:05:00,MPB
27.84,27.84,27.84,27.84,100,2021-03-16 15:10:00,MPB
27.765,27.765,27.765,27.765,100,2021-03-16 15:25:00,MPB
27.78,27.78,27.78,27.78,100,2021-03-16 15:30:00,MPB
27.8963,27.8963,27.73,27.73,200,2021-03-16 16:10:00,MPB
28.1,28.15,28.1,28.15,382,2021-03-16 16:20:00,MPB
27.73,27.73,27.73,27.73,200,2021-03-16 17:30:00,MPB
27.565,27.565,27.54,27.54,200,2021-03-16 18:00:00,MPB
27.545,27.545,27.545,27.545,100,2021-03-16 18:05:00,MPB
27.3,27.3,27.3,27.3,100,2021-03-16 18:35:00,MPB
27.22,27.22,27.201,27.201,206,2021-03-16 18:40:00,MPB
27.2455,27.2455,27.2455,27.2455,172,2021-03-16 18:55:00,MPB
27.5,27.5,27.5,27.5,100,2021-03-16 19:00:00,MPB
27.55,27.55,27.55,27.55,100,2021-03-16 19:45:00,MPB
27.31,27.47,27.31,27.47,200,2021-03-16 19:50:00,MPB
27.12,27.34,27.12,27.34,200,2021-03-16 19:55:00,MPB
27.49,27.49,27.49,27.49,1620,2021-03-16 20:00:00,MPB
28.0,28.0,27.02,27.579,3966,2021-03-17 16:45:00,MPB
27.47,27.52,27.47,27.52,1170,2021-03-17 16:50:00,MPB
28.05,28.05,27.8125,28.04,1400,2021-03-17 16:55:00,MPB
28.05,28.05,28.04,28.05,1300,2021-03-17 17:00:00,MPB
28.045,28.045,28.04,28.04,450,2021-03-17 17:05:00,MPB
27.92,27.92,27.901,27.901,1000,2021-03-17 17:15:00,MPB
27.58,27.58,27.48,27.48,200,2021-03-17 17:20:00,MPB
27.44,27.44,27.44,27.44,100,2021-03-17 17:30:00,MPB
27.48,27.48,27.48,27.48,100,2021-03-17 17:40:00,MPB
27.105,27.105,27.105,27.105,100,2021-03-17 17:45:00,MPB
27.125,27.125,27.125,27.125,100,2021-03-17 18:20:00,MPB
27.6399,27.6399,27.61,27.639,930,2021-03-17 18:40:00,MPB
27.07,27.07,27.07,27.07,100,2021-03-17 19:05:00,MPB
27.64,27.64,27.64,27.64,762,2021-03-17 19:35:00,MPB
27.09,27.09,27.09,27.09,100,2021-03-17 19:45:00,MPB
27.32,27.32,27.31,27.31,200,2021-03-17 19:55:00,MPB
27.3,27.3,27.3,27.3,1704,2021-03-17 20:00:00,MPB
26.37,27.85,26.37,27.85,1050,2021-03-18 13:45:00,MPB
27.61,27.61,27.61,27.61,264,2021-03-18 13:50:00,MPB
27.92,27.92,27.92,27.92,200,2021-03-18 14:35:00,MPB
27.44,27.44,27.44,27.44,100,2021-03-18 15:05:00,MPB
27.58,27.6,27.57,27.6,845,2021-03-18 15:20:00,MPB
27.61,28.35,27.4947,28.35,3075,2021-03-18 15:50:00,MPB
27.76,27.76,27.76,27.76,100,2021-03-18 17:10:00,MPB
27.9,27.9,27.9,27.9,100,2021-03-18 17:25:00,MPB
27.6,27.6,27.6,27.6,100,2021-03-18 17:40:00,MPB
27.535,27.535,27.535,27.535,100,2021-03-18 17:45:00,MPB
27.95,27.96,27.9301,27.9301,500,2021-03-18 18:05:00,MPB
27.93,28.1,27.93,28.0001,300,2021-03-18 18:10:00,MPB
27.91,27.91,27.91,27.91,100,2021-03-18 18:15:00,MPB
27.54,27.58,27.54,27.58,200,2021-03-18 19:05:00,MPB
27.49,27.49,27.49,27.49,100,2021-03-18 19:10:00,MPB
27.42,27.42,27.42,27.42,135,2021-03-18 19:35:00,MPB
26.8,26.8,26.8,26.8,245,2021-03-18 19:50:00,MPB
27.28,27.28,27.28,27.28,100,2021-03-18 19:55:00,MPB
27.31,27.31,27.31,27.31,2640,2021-03-18 20:00:00,MPB
27.01,27.01,27.01,27.01,22437,2021-03-19 13:30:00,MPB
27.14,27.14,27.14,27.14,100,2021-03-19 14:00:00,MPB
27.15,27.32,27.14,27.301,400,2021-03-19 14:15:00,MPB
27.17,27.17,27.17,27.17,100,2021-03-19 14:45:00,MPB
27.1,27.1,27.1,27.1,290,2021-03-19 15:25:00,MPB
27.1,27.1,27.1,27.1,104,2021-03-19 15:30:00,MPB
26.8,26.8,26.8,26.8,100,2021-03-19 15:45:00,MPB
26.79,26.79,26.79,26.79,180,2021-03-19 16:35:00,MPB
26.79,26.8,26.79,26.8,300,2021-03-19 16:45:00,MPB
26.8,26.8,26.8,26.8,100,2021-03-19 17:05:00,MPB
26.97,27.16,26.84,26.84,600,2021-03-19 17:35:00,MPB
27.06,27.06,27.06,27.06,100,2021-03-19 18:10:00,MPB
26.88,27.47,26.88,27.47,879,2021-03-19 19:10:00,MPB
26.85,26.85,26.8,26.8,300,2021-03-19 19:15:00,MPB
26.92,26.92,26.92,26.92,100,2021-03-19 19:20:00,MPB
26.81,26.85,26.81,26.81,500,2021-03-19 19:30:00,MPB
26.79,26.79,26.79,26.79,295,2021-03-19 19:45:00,MPB
27.0,27.0,26.95,26.95,200,2021-03-19 19:50:00,MPB
26.86,27.28,26.82,27.28,648,2021-03-19 19:55:00,MPB
27.88,27.88,27.88,27.88,14389,2021-03-19 20:00:00,MPB
27.5,27.5,27.5,27.5,549,2021-03-22 13:30:00,MPB
28.98,28.98,28.98,28.98,100,2021-03-22 13:35:00,MPB
26.9,26.9,26.9,26.9,300,2021-03-22 14:40:00,MPB
26.85,26.85,26.595,26.595,300,2021-03-22 15:30:00,MPB
26.69,26.69,26.69,26.69,100,2021-03-22 15:55:00,MPB
26.6825,26.6825,26.66,26.66,200,2021-03-22 16:00:00,MPB
26.69,26.69,26.69,26.69,100,2021-03-22 16:20:00,MPB
26.6675,26.6675,26.6675,26.6675,100,2021-03-22 16:45:00,MPB
26.69,26.69,26.69,26.69,100,2021-03-22 16:55:00,MPB
26.68,26.68,26.645,26.68,300,2021-03-22 17:10:00,MPB
26.695,26.7,26.47,26.605,1390,2021-03-22 17:20:00,MPB
26.5,26.5,26.5,26.5,100,2021-03-22 17:40:00,MPB
26.72,26.72,26.7,26.7,200,2021-03-22 17:50:00,MPB
26.5,26.5,26.47,26.47,507,2021-03-22 18:10:00,MPB
25.76,25.76,25.76,25.76,100,2021-03-22 18:30:00,MPB
25.81,25.81,25.81,25.81,100,2021-03-22 19:10:00,MPB
25.83,25.83,25.81,25.81,200,2021-03-22 19:20:00,MPB
25.99,25.99,25.97,25.99,410,2021-03-22 19:45:00,MPB
25.81,25.81,25.81,25.81,100,2021-03-22 19:50:00,MPB
25.85,25.86,25.85,25.85,807,2021-03-22 19:55:00,MPB
25.75,25.75,25.75,25.75,1047,2021-03-22 20:00:00,MPB
25.58,25.58,25.58,25.58,170,2021-03-23 13:30:00,MPB
25.4622,25.4622,25.4622,25.4622,1000,2021-03-23 14:20:00,MPB
25.68,25.68,25.3904,25.4027,800,2021-03-23 14:30:00,MPB
25.58,25.58,25.58,25.58,100,2021-03-23 14:35:00,MPB
25.422,25.422,25.422,25.422,100,2021-03-23 14:40:00,MPB
25.58,25.58,25.25,25.25,405,2021-03-23 15:05:00,MPB
25.58,25.58,25.58,25.58,100,2021-03-23 15:10:00,MPB
25.58,25.58,25.58,25.58,200,2021-03-23 15:15:00,MPB
25.58,25.58,25.58,25.58,100,2021-03-23 15:20:00,MPB
25.43,25.43,25.401,25.42,900,2021-03-23 15:35:00,MPB
25.4,25.4,25.4,25.4,100,2021-03-23 16:15:00,MPB
25.4,25.4,25.22,25.22,500,2021-03-23 16:20:00,MPB
25.215,25.215,25.215,25.215,100,2021-03-23 16:25:00,MPB
25.22,25.22,25.22,25.22,100,2021-03-23 16:30:00,MPB
25.5498,25.5498,25.5498,25.5498,100,2021-03-23 16:55:00,MPB
25.27,25.28,25.25,25.25,588,2021-03-23 17:10:00,MPB
25.59,25.59,25.59,25.59,100,2021-03-23 17:30:00,MPB
25.25,25.25,25.25,25.25,100,2021-03-23 18:30:00,MPB
25.4,25.4,25.4,25.4,100,2021-03-23 18:45:00,MPB
25.54,25.54,25.54,25.54,199,2021-03-23 18:55:00,MPB
25.53,25.53,25.53,25.53,200,2021-03-23 19:05:00,MPB
25.39,25.39,25.39,25.39,100,2021-03-23 19:15:00,MPB
25.385,25.385,25.2,25.21,2048,2021-03-23 19:20:00,MPB
25.3,25.3,25.27,25.27,200,2021-03-23 19:25:00,MPB
25.11,25.11,24.67,24.67,736,2021-03-23 19:30:00,MPB
24.75,24.75,24.53,24.57,886,2021-03-23 19:35:00,MPB
24.91,24.91,24.85,24.85,200,2021-03-23 19:40:00,MPB
25.0,25.0,25.0,25.0,300,2021-03-23 19:45:00,MPB
25.21,25.21,25.21,25.21,100,2021-03-23 19:50:00,MPB
25.21,25.35,25.21,25.35,765,2021-03-23 19:55:00,MPB
25.5,25.5,25.5,25.5,2560,2021-03-23 20:00:00,MPB
25.62,25.62,25.62,25.62,113,2021-03-24 13:30:00,MPB
26.615,26.615,26.615,26.615,100,2021-03-24 14:10:00,MPB
26.34,26.34,26.34,26.34,100,2021-03-24 14:45:00,MPB
26.05,26.05,26.05,26.05,100,2021-03-24 16:20:00,MPB
26.55,26.55,26.55,26.55,100,2021-03-24 16:30:00,MPB
26.13,26.55,26.13,26.445,300,2021-03-24 17:00:00,MPB
26.17,26.17,26.0001,26.0999,700,2021-03-24 17:05:00,MPB
25.715,25.715,25.715,25.715,100,2021-03-24 17:10:00,MPB
25.85,25.94,25.85,25.94,500,2021-03-24 17:20:00,MPB
25.585,25.585,25.585,25.585,100,2021-03-24 17:45:00,MPB
25.91,25.91,25.91,25.91,100,2021-03-24 17:55:00,MPB
25.955,25.955,25.955,25.955,100,2021-03-24 18:10:00,MPB
25.75,25.75,25.75,25.75,100,2021-03-24 18:20:00,MPB
25.62,25.62,25.62,25.62,100,2021-03-24 18:30:00,MPB
25.97,25.97,25.97,25.97,200,2021-03-24 19:00:00,MPB
25.97,25.97,25.97,25.97,100,2021-03-24 19:05:00,MPB
25.95,25.95,25.95,25.95,100,2021-03-24 19:35:00,MPB
25.6,25.71,25.22,25.48,564,2021-03-24 19:55:00,MPB
25.48,25.48,25.48,25.48,1153,2021-03-24 20:00:00,MPB
25.225,25.225,25.225,25.225,100,2021-03-25 14:25:00,MPB
25.7131,25.7131,25.37,25.37,1700,2021-03-25 14:30:00,MPB
26.7,26.7,26.7,26.7,100,2021-03-25 15:05:00,MPB
26.33,26.33,26.33,26.33,188,2021-03-25 15:15:00,MPB
25.775,25.775,25.475,25.475,200,2021-03-25 15:30:00,MPB
26.09,26.09,26.09,26.09,100,2021-03-25 15:40:00,MPB
25.35,25.35,25.35,25.35,100,2021-03-25 16:15:00,MPB
25.17,25.17,25.17,25.17,100,2021-03-25 16:55:00,MPB
25.31,25.31,25.31,25.31,100,2021-03-25 17:35:00,MPB
25.2,25.2,25.2,25.2,100,2021-03-25 18:20:00,MPB
25.185,25.185,25.15,25.16,600,2021-03-25 18:25:00,MPB
25.275,25.275,25.275,25.275,100,2021-03-25 19:30:00,MPB
25.26,25.26,25.26,25.26,100,2021-03-25 19:35:00,MPB
25.46,25.675,25.46,25.675,300,2021-03-25 19:55:00,MPB
25.64,25.64,25.64,25.64,1455,2021-03-25 20:00:00,MPB
25.6,25.6,25.6,25.6,400,2021-03-26 16:35:00,MPB
25.775,25.775,25.7037,25.7037,200,2021-03-26 16:45:00,MPB
26.1299,26.1299,26.1299,26.1299,100,2021-03-26 16:50:00,MPB
25.71,25.71,25.71,25.71,100,2021-03-26 17:20:00,MPB
25.52,25.52,25.52,25.52,200,2021-03-26 19:10:00,MPB
25.52,25.52,25.52,25.52,214,2021-03-26 19:25:00,MPB
26.05,26.06,26.05,26.06,200,2021-03-26 19:45:00,MPB
25.3,26.04,25.3,25.54,695,2021-03-26 19:55:00,MPB
25.9,25.9,25.9,25.9,1339,2021-03-26 20:00:00,MPB
26.25,26.25,26.25,26.25,100,2021-03-29 13:50:00,MPB
26.05,26.05,26.05,26.05,280,2021-03-29 14:25:00,MPB
25.93,25.93,25.93,25.93,200,2021-03-29 14:30:00,MPB
25.85,25.97,25.76,25.95,900,2021-03-29 14:55:00,MPB
25.89,25.945,25.88,25.88,400,2021-03-29 15:15:00,MPB
26.0,26.02,26.0,26.01,600,2021-03-29 15:35:00,MPB
26.29,26.29,26.29,26.29,200,2021-03-29 15:40:00,MPB
26.051,26.051,26.051,26.051,100,2021-03-29 17:05:00,MPB
26.35,26.35,26.33,26.33,200,2021-03-29 17:15:00,MPB
26.21,26.21,26.21,26.21,100,2021-03-29 17:30:00,MPB
26.23,26.23,26.23,26.23,100,2021-03-29 18:15:00,MPB
26.3,26.3,26.3,26.3,100,2021-03-29 18:30:00,MPB
26.3,26.3,26.3,26.3,100,2021-03-29 18:35:00,MPB
26.305,26.305,26.305,26.305,100,2021-03-29 18:45:00,MPB
26.4,26.64,26.4,26.64,653,2021-03-29 18:55:00,MPB
26.66,26.66,26.66,26.66,100,2021-03-29 19:00:00,MPB
26.65,26.66,26.65,26.66,243,2021-03-29 19:05:00,MPB
26.94,26.98,26.94,26.98,300,2021-03-29 19:50:00,MPB
26.98,26.98,26.85,26.92,400,2021-03-29 19:55:00,MPB
26.74,26.74,26.74,26.74,3046,2021-03-29 20:00:00,MPB
26.5656,26.5656,26.525,26.525,355,2021-03-30 14:15:00,MPB
26.535,26.535,26.535,26.535,100,2021-03-30 14:35:00,MPB
26.645,26.645,26.645,26.645,100,2021-03-30 14:45:00,MPB
26.68,26.68,26.68,26.68,100,2021-03-30 15:15:00,MPB
26.65,26.86,26.51,26.51,300,2021-03-30 15:20:00,MPB
27.16,27.16,27.16,27.16,100,2021-03-30 15:25:00,MPB
26.5,26.5,26.415,26.415,230,2021-03-30 15:50:00,MPB
26.29,26.34,26.29,26.34,209,2021-03-30 15:55:00,MPB
26.675,27.2473,26.6401,27.2473,300,2021-03-30 16:00:00,MPB
26.83,26.83,26.83,26.83,100,2021-03-30 16:25:00,MPB
26.84,26.84,26.84,26.84,100,2021-03-30 16:30:00,MPB
27.16,27.16,26.835,26.835,300,2021-03-30 16:55:00,MPB
27.15,27.15,27.15,27.15,200,2021-03-30 17:00:00,MPB
27.14,27.14,27.14,27.14,100,2021-03-30 17:05:00,MPB
26.76,26.76,26.76,26.76,100,2021-03-30 17:15:00,MPB
26.76,26.76,26.76,26.76,100,2021-03-30 17:20:00,MPB
26.815,26.8958,26.815,26.8958,200,2021-03-30 17:35:00,MPB
27.06,27.06,27.06,27.06,100,2021-03-30 17:40:00,MPB
27.06,27.06,27.06,27.06,100,2021-03-30 17:45:00,MPB
27.0,27.0,26.7,26.7,200,2021-03-30 17:50:00,MPB
26.99,26.99,26.99,26.99,100,2021-03-30 17:55:00,MPB
26.95,27.22,26.93,27.22,400,2021-03-30 18:00:00,MPB
27.08,27.22,26.96,26.96,600,2021-03-30 18:15:00,MPB
27.17,27.17,27.17,27.17,100,2021-03-30 18:20:00,MPB
27.0499,27.0499,27.015,27.015,200,2021-03-30 18:35:00,MPB
27.11,27.61,27.11,27.61,1300,2021-03-30 18:45:00,MPB
27.845,27.845,27.7901,27.8001,400,2021-03-30 18:50:00,MPB
28.4,28.4,28.4,28.4,100,2021-03-30 18:55:00,MPB
27.8,27.8,27.8,27.8,100,2021-03-30 19:00:00,MPB
27.745,27.99,27.7022,27.84,400,2021-03-30 19:05:00,MPB
27.5,27.5,27.5,27.5,100,2021-03-30 19:25:00,MPB
27.89,27.92,27.89,27.92,200,2021-03-30 19:30:00,MPB
27.91,27.92,27.65,27.92,400,2021-03-30 19:35:00,MPB
27.795,27.795,27.795,27.795,100,2021-03-30 19:45:00,MPB
27.71,27.97,27.71,27.97,640,2021-03-30 19:50:00,MPB
28.18,28.23,27.92,28.22,1800,2021-03-30 19:55:00,MPB
28.1,28.1,28.1,28.1,1562,2021-03-30 20:00:00,MPB
27.98,27.98,27.98,27.98,221,2021-03-31 13:30:00,MPB
28.96,28.96,28.96,28.96,100,2021-03-31 13:35:00,MPB
28.95,28.95,28.95,28.95,100,2021-03-31 14:00:00,MPB
28.43,28.43,28.43,28.43,100,2021-03-31 14:15:00,MPB
28.335,28.335,28.335,28.335,100,2021-03-31 14:35:00,MPB
28.17,28.17,28.17,28.17,100,2021-03-31 14:55:00,MPB
28.135,28.135,28.135,28.135,100,2021-03-31 15:35:00,MPB
28.16,28.16,28.16,28.16,150,2021-03-31 15:40:00,MPB
28.15,28.15,28.15,28.15,100,2021-03-31 15:55:00,MPB
28.12,28.12,28.12,28.12,100,2021-03-31 16:15:00,MPB
28.0,28.18,28.0,28.18,1500,2021-03-31 16:20:00,MPB
28.475,28.475,28.475,28.475,100,2021-03-31 16:55:00,MPB
28.43,28.43,28.43,28.43,100,2021-03-31 17:10:00,MPB
27.86,27.99,27.86,27.99,200,2021-03-31 17:30:00,MPB
27.855,27.99,27.855,27.99,600,2021-03-31 17:50:00,MPB
28.065,28.065,28.065,28.065,100,2021-03-31 18:10:00,MPB
27.585,27.585,27.585,27.585,100,2021-03-31 19:10:00,MPB
27.9,27.98,27.775,27.98,2810,2021-03-31 19:15:00,MPB
27.42,27.42,27.42,27.42,100,2021-03-31 19:30:00,MPB
27.59,27.59,27.59,27.59,100,2021-03-31 19:40:00,MPB
27.4,27.51,27.4,27.51,200,2021-03-31 19:45:00,MPB
27.15,27.15,27.15,27.15,100,2021-03-31 19:50:00,MPB
26.85,27.25,26.66,26.82,6523,2021-03-31 19:55:00,MPB
26.81,26.81,26.81,26.81,9743,2021-03-31 20:00:00,MPB
27.2,27.2,27.2,27.2,214,2021-04-01 13:30:00,MPB
26.71,26.71,26.455,26.455,200,2021-04-01 14:25:00,MPB
27.185,27.185,27.185,27.185,100,2021-04-01 14:45:00,MPB
27.185,27.185,27.03,27.03,200,2021-04-01 14:50:00,MPB
27.27,27.27,27.27,27.27,100,2021-04-01 15:10:00,MPB
26.66,26.66,26.55,26.55,200,2021-04-01 15:30:00,MPB
27.2,27.2,26.77,26.77,200,2021-04-01 15:40:00,MPB
26.47,26.47,26.47,26.47,100,2021-04-01 16:00:00,MPB
26.56,26.56,26.56,26.56,100,2021-04-01 16:40:00,MPB
26.56,26.56,26.505,26.505,200,2021-04-01 18:00:00,MPB
26.67,26.67,26.6605,26.6605,200,2021-04-01 18:15:00,MPB
26.56,26.56,26.5,26.5,2289,2021-04-01 18:35:00,MPB
26.2093,26.2093,26.195,26.195,200,2021-04-01 18:40:00,MPB
26.2,26.29,26.2,26.29,400,2021-04-01 18:45:00,MPB
26.1575,26.21,26.15,26.15,485,2021-04-01 18:50:00,MPB
26.5,26.5,26.5,26.5,500,2021-04-01 19:20:00,MPB
26.59,26.59,26.59,26.59,300,2021-04-01 19:30:00,MPB
26.41,26.48,26.41,26.48,200,2021-04-01 19:55:00,MPB
26.7,26.7,26.7,26.7,1612,2021-04-01 20:00:00,MPB
27.2,27.2,27.2,27.2,500,2021-04-05 14:05:00,MPB
27.0,27.0,27.0,27.0,129,2021-04-05 14:15:00,MPB
26.59,26.59,26.47,26.47,200,2021-04-05 14:20:00,MPB
26.605,26.69,26.605,26.65,300,2021-04-05 14:30:00,MPB
26.66,26.66,26.6,26.6,200,2021-04-05 14:35:00,MPB
26.55,26.6,26.55,26.6,400,2021-04-05 14:55:00,MPB
26.5,26.5,26.5,26.5,302,2021-04-05 15:20:00,MPB
26.26,26.26,26.23,26.23,200,2021-04-05 15:25:00,MPB
26.35,26.35,26.21,26.21,397,2021-04-05 15:50:00,MPB
26.15,26.15,26.0027,26.0027,400,2021-04-05 16:15:00,MPB
26.025,26.1,26.0027,26.0027,300,2021-04-05 16:20:00,MPB
26.06,26.06,26.0,26.0,300,2021-04-05 16:50:00,MPB
26.03,26.07,25.96,25.96,1937,2021-04-05 17:15:00,MPB
25.94,25.98,25.8327,25.8327,900,2021-04-05 17:20:00,MPB
25.89,25.89,25.87,25.88,302,2021-04-05 17:25:00,MPB
25.8,25.89,25.8,25.89,1016,2021-04-05 17:50:00,MPB
25.71,25.71,25.45,25.45,200,2021-04-05 18:00:00,MPB
26.22,26.22,25.53,25.53,612,2021-04-05 18:10:00,MPB
26.0227,26.0227,25.56,25.56,200,2021-04-05 18:25:00,MPB
25.84,26.0,25.7,25.7,731,2021-04-05 18:35:00,MPB
25.63,25.63,25.63,25.63,100,2021-04-05 18:40:00,MPB
25.61,25.61,25.61,25.61,100,2021-04-05 18:45:00,MPB
25.53,25.53,25.3,25.3,600,2021-04-05 18:50:00,MPB
25.52,25.52,25.3,25.3,200,2021-04-05 19:10:00,MPB
25.55,25.61,25.531,25.61,400,2021-04-05 19:15:00,MPB
25.8,25.8,25.505,25.505,1300,2021-04-05 19:20:00,MPB
25.3,25.3,25.26,25.26,300,2021-04-05 19:25:00,MPB
25.33,25.33,25.33,25.33,100,2021-04-05 19:30:00,MPB
25.35,25.35,25.35,25.35,100,2021-04-05 19:40:00,MPB
25.48,25.48,25.48,25.48,100,2021-04-05 19:50:00,MPB
25.55,25.55,25.41,25.5,1233,2021-04-05 19:55:00,MPB
25.59,25.59,25.59,25.59,875,2021-04-05 20:00:00,MPB
25.54,25.54,25.54,25.54,125,2021-04-06 12:30:00,MPB
25.6,25.6,25.6,25.6,100,2021-04-06 12:50:00,MPB
25.6,26.0146,25.6,26.0146,859,2021-04-06 13:30:00,MPB
26.0628,26.0628,26.0628,26.0628,230,2021-04-06 13:35:00,MPB
26.1473,26.1986,26.1473,26.1986,400,2021-04-06 13:45:00,MPB
26.4496,26.4496,26.4496,26.4496,267,2021-04-06 13:55:00,MPB
26.205,26.205,26.205,26.205,177,2021-04-06 14:05:00,MPB
26.4328,26.55,26.4328,26.55,808,2021-04-06 14:35:00,MPB
27.23,27.37,27.23,27.3,500,2021-04-06 14:40:00,MPB
26.5,26.5785,26.09,26.09,504,2021-04-06 15:15:00,MPB
26.445,26.445,26.445,26.445,100,2021-04-06 16:30:00,MPB
26.45,26.45,26.45,26.45,107,2021-04-06 16:35:00,MPB
26.6,26.6,26.6,26.6,396,2021-04-06 17:35:00,MPB
26.8899,26.8899,26.8899,26.8899,100,2021-04-06 18:50:00,MPB
26.856,26.856,26.856,26.856,130,2021-04-06 18:55:00,MPB
26.7445,26.8772,26.7445,26.8772,300,2021-04-06 19:05:00,MPB
26.7447,26.7447,26.7447,26.7447,108,2021-04-06 19:10:00,MPB
26.63,26.63,26.5,26.6,1000,2021-04-06 19:15:00,MPB
26.3,26.3,26.085,26.2099,1221,2021-04-06 19:25:00,MPB
26.1,26.1,26.1,26.1,100,2021-04-06 19:55:00,MPB
26.41,26.41,26.41,26.41,1735,2021-04-06 20:00:00,MPB
26.4,26.4,26.4,26.4,140,2021-04-07 13:30:00,MPB
26.4106,26.4106,26.4106,26.4106,100,2021-04-07 13:55:00,MPB
26.0,26.0,26.0,26.0,200,2021-04-07 14:00:00,MPB
26.095,26.095,25.95,25.97,808,2021-04-07 14:20:00,MPB
25.96,25.96,25.96,25.96,100,2021-04-07 14:25:00,MPB
26.0,26.0,25.95,25.95,900,2021-04-07 14:35:00,MPB
25.5425,25.75,25.48,25.75,1971,2021-04-07 14:40:00,MPB
25.75,25.75,25.51,25.51,1142,2021-04-07 14:50:00,MPB
25.88,25.88,25.88,25.88,100,2021-04-07 15:15:00,MPB
25.91,25.91,25.91,25.91,100,2021-04-07 15:20:00,MPB
25.9699,25.9699,25.81,25.81,384,2021-04-07 15:25:00,MPB
25.75,25.75,25.75,25.75,100,2021-04-07 15:30:00,MPB
25.72,25.9098,25.72,25.9098,200,2021-04-07 15:45:00,MPB
25.75,25.75,25.59,25.59,200,2021-04-07 15:50:00,MPB
25.72,25.72,25.72,25.72,200,2021-04-07 16:10:00,MPB
25.65,25.69,25.65,25.69,200,2021-04-07 16:15:00,MPB
25.62,25.62,25.62,25.62,100,2021-04-07 16:25:00,MPB
25.85,25.85,25.85,25.85,100,2021-04-07 16:30:00,MPB
25.82,25.82,25.82,25.82,100,2021-04-07 16:35:00,MPB
25.85,25.85,25.85,25.85,100,2021-04-07 16:45:00,MPB
25.74,25.74,25.74,25.74,100,2021-04-07 16:50:00,MPB
26.18,26.18,26.18,26.18,100,2021-04-07 17:10:00,MPB
26.06,26.06,26.06,26.06,100,2021-04-07 17:15:00,MPB
26.42,26.42,26.42,26.42,100,2021-04-07 17:25:00,MPB
26.35,26.35,26.35,26.35,100,2021-04-07 17:35:00,MPB
26.29,26.29,25.9,25.9,200,2021-04-07 17:40:00,MPB
26.22,26.22,26.22,26.22,100,2021-04-07 17:45:00,MPB
26.21,26.21,26.21,26.21,100,2021-04-07 17:50:00,MPB
26.31,26.4,26.22,26.4,300,2021-04-07 17:55:00,MPB
26.31,26.31,26.19,26.19,300,2021-04-07 18:00:00,MPB
26.2,26.2,26.2,26.2,100,2021-04-07 18:10:00,MPB
26.2,26.2,26.2,26.2,100,2021-04-07 18:15:00,MPB
26.34,26.34,26.34,26.34,100,2021-04-07 18:30:00,MPB
26.34,26.34,26.34,26.34,100,2021-04-07 18:40:00,MPB
26.3,26.3,26.1304,26.1304,620,2021-04-07 18:45:00,MPB
26.25,26.25,26.25,26.25,100,2021-04-07 18:55:00,MPB
26.09,26.09,26.09,26.09,100,2021-04-07 19:20:00,MPB
25.975,25.975,25.975,25.975,100,2021-04-07 19:30:00,MPB
25.855,26.33,25.74,26.33,863,2021-04-07 19:35:00,MPB
26.05,26.05,25.87,25.87,300,2021-04-07 19:45:00,MPB
25.81,25.81,25.77,25.77,200,2021-04-07 19:50:00,MPB
25.82,25.82,25.75,25.75,500,2021-04-07 19:55:00,MPB
25.63,25.63,25.63,25.63,2602,2021-04-07 20:00:00,MPB
25.87,25.87,25.87,25.87,105,2021-04-08 13:30:00,MPB
25.89,25.99,25.89,25.99,200,2021-04-08 14:50:00,MPB
25.855,26.13,25.855,25.9072,3580,2021-04-08 15:05:00,MPB
26.09,26.09,26.09,26.09,300,2021-04-08 15:25:00,MPB
26.22,26.27,26.14,26.14,500,2021-04-08 15:50:00,MPB
26.27,26.27,26.19,26.19,200,2021-04-08 15:55:00,MPB
26.24,26.255,26.24,26.255,200,2021-04-08 16:40:00,MPB
26.25,26.275,26.16,26.16,4079,2021-04-08 16:45:00,MPB
26.005,26.0193,26.005,26.0193,400,2021-04-08 16:50:00,MPB
25.9,25.9,25.9,25.9,100,2021-04-08 17:00:00,MPB
25.805,25.8953,25.805,25.8953,200,2021-04-08 17:05:00,MPB
25.95,25.98,25.95,25.95,782,2021-04-08 17:10:00,MPB
26.3,26.3,26.3,26.3,100,2021-04-08 18:00:00,MPB
26.23,26.23,26.23,26.23,100,2021-04-08 18:55:00,MPB
26.23,26.23,26.23,26.23,100,2021-04-08 19:00:00,MPB
26.31,26.31,26.3005,26.3005,200,2021-04-08 19:15:00,MPB
25.84,25.8685,25.84,25.84,472,2021-04-08 19:30:00,MPB
25.71,25.71,25.71,25.71,100,2021-04-08 19:35:00,MPB
25.73,25.73,25.715,25.715,200,2021-04-08 19:40:00,MPB
25.73,25.73,25.73,25.73,100,2021-04-08 19:50:00,MPB
25.75,26.045,25.7,25.81,700,2021-04-08 19:55:00,MPB
25.87,25.87,25.87,25.87,1115,2021-04-08 20:00:00,MPB
25.87,25.87,25.87,25.87,600,2021-04-08 20:05:00,MPB
26.18,26.18,26.18,26.18,408,2021-04-09 13:30:00,MPB
25.9,25.9,25.87,25.87,1084,2021-04-09 13:35:00,MPB
26.26,26.26,26.26,26.26,100,2021-04-09 13:40:00,MPB
25.76,25.76,25.76,25.76,200,2021-04-09 14:00:00,MPB
25.7,26.15,25.7,26.15,300,2021-04-09 14:10:00,MPB
26.1499,26.1499,26.1499,26.1499,764,2021-04-09 14:25:00,MPB
25.7,25.7,25.7,25.7,100,2021-04-09 14:30:00,MPB
25.84,25.84,25.84,25.84,100,2021-04-09 15:10:00,MPB
25.9,25.9,25.87,25.87,200,2021-04-09 15:20:00,MPB
25.84,25.84,25.84,25.84,100,2021-04-09 15:25:00,MPB
25.9,25.9,25.9,25.9,100,2021-04-09 15:50:00,MPB
25.88,25.88,25.88,25.88,100,2021-04-09 15:55:00,MPB
25.85,25.85,25.85,25.85,100,2021-04-09 16:25:00,MPB
25.86,25.86,25.85,25.85,200,2021-04-09 17:00:00,MPB
26.0048,26.0048,25.86,25.86,708,2021-04-09 17:10:00,MPB
26.01,26.01,26.01,26.01,200,2021-04-09 17:20:00,MPB
25.85,25.85,25.85,25.85,100,2021-04-09 17:40:00,MPB
25.9,25.9,25.9,25.9,100,2021-04-09 18:15:00,MPB
25.89,25.89,25.87,25.87,488,2021-04-09 18:45:00,MPB
25.85,25.85,25.85,25.85,762,2021-04-09 18:50:00,MPB
25.85,25.85,25.85,25.85,400,2021-04-09 18:55:00,MPB
25.86,25.86,25.86,25.86,100,2021-04-09 19:15:00,MPB
25.88,25.88,25.88,25.88,200,2021-04-09 19:30:00,MPB
25.85,25.85,25.85,25.85,100,2021-04-09 19:40:00,MPB
25.97,25.97,25.87,25.87,322,2021-04-09 19:50:00,MPB
25.92,25.92,25.85,25.85,668,2021-04-09 19:55:00,MPB
25.85,25.85,25.85,25.85,2282,2021-04-09 20:00:00,MPB
25.83,25.83,25.83,25.83,157,2021-04-12 13:30:00,MPB
25.68,25.68,25.68,25.68,100,2021-04-12 13:55:00,MPB
25.8673,25.8673,25.8673,25.8673,500,2021-04-12 14:00:00,MPB
25.66,25.66,25.61,25.61,1351,2021-04-12 14:05:00,MPB
25.6508,25.6508,25.62,25.62,480,2021-04-12 14:10:00,MPB
25.7,25.7,25.7,25.7,100,2021-04-12 14:25:00,MPB
26.2099,26.2099,26.2099,26.2099,100,2021-04-12 14:30:00,MPB
26.14,26.14,26.14,26.14,200,2021-04-12 14:40:00,MPB
25.91,25.91,25.91,25.91,100,2021-04-12 15:15:00,MPB
26.183,26.183,26.183,26.183,500,2021-04-12 15:55:00,MPB
26.1134,26.1134,25.89,25.89,700,2021-04-12 16:05:00,MPB
25.89,25.89,25.85,25.86,300,2021-04-12 16:25:00,MPB
25.85,25.88,25.85,25.88,200,2021-04-12 16:40:00,MPB
25.93,25.93,25.84,25.84,478,2021-04-12 17:00:00,MPB
25.73,25.73,25.73,25.73,100,2021-04-12 17:05:00,MPB
25.68,25.68,25.68,25.68,100,2021-04-12 17:25:00,MPB
25.6501,25.6501,25.6501,25.6501,154,2021-04-12 18:05:00,MPB
25.65,25.65,25.65,25.65,100,2021-04-12 18:15:00,MPB
25.6,25.6,25.6,25.6,100,2021-04-12 18:35:00,MPB
25.52,25.52,25.52,25.52,100,2021-04-12 18:45:00,MPB
25.53,25.53,25.53,25.53,100,2021-04-12 18:55:00,MPB
25.61,25.61,25.61,25.61,100,2021-04-12 19:10:00,MPB
25.58,25.58,25.58,25.58,100,2021-04-12 19:30:00,MPB
25.67,25.67,25.67,25.67,100,2021-04-12 19:40:00,MPB
25.75,25.75,25.57,25.57,1400,2021-04-12 19:45:00,MPB
25.57,25.79,25.52,25.54,1100,2021-04-12 19:50:00,MPB
25.55,25.62,25.5,25.5,2322,2021-04-12 19:55:00,MPB
25.54,25.54,25.54,25.54,1086,2021-04-12 20:00:00,MPB
25.54,25.54,25.54,25.54,107,2021-04-13 13:30:00,MPB
25.54,25.54,25.54,25.54,262,2021-04-13 13:40:00,MPB
26.19,26.19,26.19,26.19,220,2021-04-13 14:00:00,MPB
25.5,25.5,25.5,25.5,185,2021-04-13 14:05:00,MPB
25.55,25.55,25.55,25.55,346,2021-04-13 14:45:00,MPB
25.515,25.53,25.515,25.515,776,2021-04-13 15:05:00,MPB
26.13,26.13,26.13,26.13,250,2021-04-13 15:20:00,MPB
25.52,25.52,25.52,25.52,100,2021-04-13 15:45:00,MPB
25.6,25.6,25.51,25.51,200,2021-04-13 16:25:00,MPB
25.575,25.575,25.57,25.57,1577,2021-04-13 16:35:00,MPB
25.45,25.45,25.26,25.36,3490,2021-04-13 16:50:00,MPB
25.34,25.39,25.34,25.39,600,2021-04-13 16:55:00,MPB
25.26,25.26,25.26,25.26,100,2021-04-13 17:10:00,MPB
25.19,25.19,25.19,25.19,400,2021-04-13 17:15:00,MPB
25.12,25.29,25.12,25.29,200,2021-04-13 17:55:00,MPB
25.27,25.27,25.27,25.27,200,2021-04-13 18:10:00,MPB
25.27,25.27,25.27,25.27,100,2021-04-13 18:15:00,MPB
25.28,25.28,25.28,25.28,100,2021-04-13 18:35:00,MPB
25.31,25.31,25.31,25.31,200,2021-04-13 18:50:00,MPB
25.24,25.24,25.24,25.24,300,2021-04-13 19:50:00,MPB
25.24,25.24,25.16,25.16,1100,2021-04-13 19:55:00,MPB
25.0,25.0,25.0,25.0,1619,2021-04-13 20:00:00,MPB
25.0,25.0001,25.0,25.0001,216,2021-04-14 13:30:00,MPB
25.1,25.15,25.07,25.15,600,2021-04-14 14:05:00,MPB
25.1,25.1,25.1,25.1,100,2021-04-14 14:15:00,MPB
25.41,25.41,25.41,25.41,137,2021-04-14 15:45:00,MPB
25.125,25.125,25.125,25.125,100,2021-04-14 16:00:00,MPB
25.4822,25.4822,25.4822,25.4822,200,2021-04-14 16:05:00,MPB
25.125,25.125,25.125,25.125,100,2021-04-14 16:15:00,MPB
25.14,25.14,25.14,25.14,100,2021-04-14 17:05:00,MPB
25.16,25.16,25.16,25.16,100,2021-04-14 17:40:00,MPB
25.15,25.15,25.15,25.15,100,2021-04-14 18:00:00,MPB
25.21,25.21,25.21,25.21,100,2021-04-14 18:05:00,MPB
25.14,25.14,25.11,25.11,432,2021-04-14 18:15:00,MPB
25.13,25.13,25.12,25.12,200,2021-04-14 18:40:00,MPB
25.28,25.28,25.28,25.28,100,2021-04-14 19:10:00,MPB
25.195,25.195,25.195,25.195,100,2021-04-14 19:15:00,MPB
25.16,25.16,25.16,25.16,100,2021-04-14 19:35:00,MPB
25.205,25.205,25.205,25.205,100,2021-04-14 19:40:00,MPB
25.13,25.13,25.13,25.13,100,2021-04-14 19:45:00,MPB
25.28,25.28,25.28,25.28,200,2021-04-14 19:50:00,MPB
25.25,25.37,25.15,25.28,700,2021-04-14 19:55:00,MPB
25.12,25.12,25.12,25.12,1965,2021-04-14 20:00:00,MPB
25.17,25.17,25.17,25.17,118,2021-04-15 13:30:00,MPB
25.3759,25.3759,25.3759,25.3759,500,2021-04-15 13:45:00,MPB
25.15,25.36,25.15,25.36,1200,2021-04-15 14:10:00,MPB
25.24,25.24,25.24,25.24,127,2021-04-15 14:20:00,MPB
25.245,25.245,25.245,25.245,100,2021-04-15 14:25:00,MPB
25.24,25.24,25.24,25.24,200,2021-04-15 14:35:00,MPB
25.32,25.33,25.235,25.33,400,2021-04-15 14:55:00,MPB
25.22,25.22,25.22,25.22,100,2021-04-15 15:40:00,MPB
25.3,25.4,25.28,25.28,4755,2021-04-15 15:45:00,MPB
25.83,25.83,25.67,25.82,400,2021-04-15 16:15:00,MPB
25.9,25.99,25.9,25.99,400,2021-04-15 16:40:00,MPB
25.9901,26.11,25.9901,26.11,200,2021-04-15 16:45:00,MPB
25.95,25.95,25.84,25.84,300,2021-04-15 16:50:00,MPB
25.395,25.395,25.395,25.395,200,2021-04-15 17:05:00,MPB
25.41,25.41,25.4,25.4,200,2021-04-15 17:10:00,MPB
25.4,25.4,25.4,25.4,100,2021-04-15 17:25:00,MPB
25.42,25.42,25.42,25.42,100,2021-04-15 18:00:00,MPB
25.42,25.42,25.42,25.42,100,2021-04-15 19:05:00,MPB
25.49,25.49,25.49,25.49,100,2021-04-15 19:30:00,MPB
25.49,25.49,25.49,25.49,100,2021-04-15 19:45:00,MPB
25.54,25.54,25.49,25.49,200,2021-04-15 19:50:00,MPB
25.38,25.5,25.38,25.5,300,2021-04-15 19:55:00,MPB
25.32,25.32,25.32,25.32,1297,2021-04-15 20:00:00,MPB
25.5,25.5,25.5,25.5,886,2021-04-16 13:30:00,MPB
25.63,25.63,25.63,25.63,200,2021-04-16 15:15:00,MPB
25.585,25.585,25.585,25.585,100,2021-04-16 15:20:00,MPB
25.585,25.585,25.585,25.585,300,2021-04-16 15:25:00,MPB
25.56,25.56,25.56,25.56,100,2021-04-16 15:40:00,MPB
25.59,25.59,25.58,25.58,498,2021-04-16 16:00:00,MPB
25.57,25.57,25.57,25.57,100,2021-04-16 16:05:00,MPB
25.575,25.575,25.575,25.575,100,2021-04-16 16:20:00,MPB
25.565,25.565,25.5507,25.5507,200,2021-04-16 16:40:00,MPB
25.475,25.475,25.4,25.405,600,2021-04-16 16:50:00,MPB
25.4039,25.4039,25.32,25.32,2237,2021-04-16 17:05:00,MPB
25.4,25.4,25.4,25.4,100,2021-04-16 17:10:00,MPB
25.45,25.45,25.45,25.45,400,2021-04-16 17:15:00,MPB
25.36,25.36,25.36,25.36,100,2021-04-16 18:40:00,MPB
25.428,25.428,25.428,25.428,100,2021-04-16 18:45:00,MPB
25.38,25.38,25.38,25.38,100,2021-04-16 19:05:00,MPB
25.38,25.38,25.38,25.38,100,2021-04-16 19:35:00,MPB
25.4,25.4,25.36,25.36,300,2021-04-16 19:40:00,MPB
25.52,25.52,25.35,25.35,500,2021-04-16 19:50:00,MPB
25.36,25.4,25.26,25.27,1400,2021-04-16 19:55:00,MPB
25.2,25.2,25.2,25.2,2233,2021-04-16 20:00:00,MPB
25.2,25.2,25.2,25.2,208,2021-04-16 20:55:00,MPB
25.47,25.47,25.47,25.47,793,2021-04-19 13:30:00,MPB
25.48,25.48,25.48,25.48,300,2021-04-19 13:50:00,MPB
25.365,25.365,25.365,25.365,100,2021-04-19 13:55:00,MPB
25.31,25.31,25.17,25.235,1202,2021-04-19 14:00:00,MPB
25.225,25.225,25.225,25.225,301,2021-04-19 14:05:00,MPB
25.185,25.23,25.185,25.23,200,2021-04-19 14:20:00,MPB
25.28,25.335,25.28,25.335,500,2021-04-19 14:25:00,MPB
25.245,25.245,25.245,25.245,100,2021-04-19 14:30:00,MPB
25.25,25.25,25.16,25.16,700,2021-04-19 14:40:00,MPB
25.13,25.13,25.13,25.13,200,2021-04-19 14:45:00,MPB
25.2,25.2,25.2,25.2,100,2021-04-19 14:55:00,MPB
25.155,25.155,25.155,25.155,100,2021-04-19 15:05:00,MPB
25.195,25.195,25.195,25.195,100,2021-04-19 15:20:00,MPB
25.365,25.365,25.35,25.35,320,2021-04-19 15:40:00,MPB
25.39,25.39,25.335,25.335,200,2021-04-19 15:50:00,MPB
25.255,25.255,25.255,25.255,100,2021-04-19 16:15:00,MPB
25.315,25.315,25.315,25.315,100,2021-04-19 16:25:00,MPB
25.28,25.28,25.28,25.28,100,2021-04-19 16:55:00,MPB
25.28,25.28,25.28,25.28,100,2021-04-19 17:25:00,MPB
25.285,25.285,25.285,25.285,100,2021-04-19 18:00:00,MPB
25.27,25.27,25.27,25.27,300,2021-04-19 18:30:00,MPB
25.24,25.24,25.24,25.24,100,2021-04-19 18:35:00,MPB
25.285,25.285,25.285,25.285,100,2021-04-19 19:05:00,MPB
25.14,25.14,25.14,25.14,972,2021-04-19 19:10:00,MPB
25.322,25.322,25.322,25.322,200,2021-04-19 19:20:00,MPB
25.295,25.295,25.295,25.295,100,2021-04-19 19:30:00,MPB
25.315,25.315,25.315,25.315,100,2021-04-19 19:50:00,MPB
25.335,25.48,25.335,25.48,200,2021-04-19 19:55:00,MPB
25.31,25.31,25.31,25.31,2232,2021-04-19 20:00:00,MPB
25.3811,25.41,25.3811,25.41,225,2021-04-20 14:25:00,MPB
25.31,25.3375,25.21,25.3375,1500,2021-04-20 14:45:00,MPB
25.3,25.3,25.3,25.3,100,2021-04-20 15:10:00,MPB
25.425,25.425,25.33,25.33,600,2021-04-20 15:20:00,MPB
25.29,25.29,25.29,25.29,100,2021-04-20 15:35:00,MPB
25.29,25.29,25.275,25.275,300,2021-04-20 15:40:00,MPB
25.275,25.275,25.21,25.21,511,2021-04-20 15:45:00,MPB
25.135,25.135,25.135,25.135,100,2021-04-20 16:35:00,MPB
25.15,25.15,25.15,25.15,600,2021-04-20 17:00:00,MPB
25.1106,25.1106,25.06,25.06,450,2021-04-20 17:05:00,MPB
25.05,25.05,24.875,24.875,2193,2021-04-20 17:15:00,MPB
24.93,24.96,24.93,24.96,300,2021-04-20 17:20:00,MPB
24.87,24.87,24.87,24.87,100,2021-04-20 17:45:00,MPB
24.87,24.87,24.87,24.87,100,2021-04-20 18:10:00,MPB
24.96,24.99,24.96,24.99,700,2021-04-20 18:15:00,MPB
25.0,25.0,25.0,25.0,400,2021-04-20 18:20:00,MPB
25.0,25.0,25.0,25.0,100,2021-04-20 18:30:00,MPB
25.11,25.11,25.11,25.11,267,2021-04-20 18:35:00,MPB
25.12,25.12,25.12,25.12,100,2021-04-20 18:50:00,MPB
25.085,25.085,25.085,25.085,100,2021-04-20 19:00:00,MPB
25.08,25.08,25.08,25.08,100,2021-04-20 19:20:00,MPB
25.08,25.08,25.08,25.08,203,2021-04-20 19:35:00,MPB
24.965,24.965,24.9,24.94,800,2021-04-20 19:45:00,MPB
24.94,24.94,24.9,24.935,916,2021-04-20 19:50:00,MPB
24.89,24.93,24.89,24.9,1956,2021-04-20 19:55:00,MPB
24.79,24.79,24.79,24.79,1605,2021-04-20 20:00:00,MPB
24.82,24.82,24.82,24.82,300,2021-04-21 13:55:00,MPB
24.85,24.85,24.85,24.85,100,2021-04-21 14:05:00,MPB
24.85,24.85,24.85,24.85,100,2021-04-21 14:25:00,MPB
24.85,24.85,24.85,24.85,100,2021-04-21 14:55:00,MPB
25.49,25.49,25.49,25.49,100,2021-04-21 15:10:00,MPB
25.25,25.25,25.25,25.25,200,2021-04-21 16:50:00,MPB
25.0,25.0,24.79,24.845,896,2021-04-21 17:45:00,MPB
24.8,24.8,24.52,24.52,2128,2021-04-21 17:50:00,MPB
24.51,24.81,24.51,24.81,750,2021-04-21 17:55:00,MPB
24.84,24.84,24.84,24.84,100,2021-04-21 19:05:00,MPB
25.07,25.07,25.07,25.07,100,2021-04-21 19:15:00,MPB
24.9587,24.98,24.76,24.76,1500,2021-04-21 19:25:00,MPB
24.99,24.99,24.99,24.99,100,2021-04-21 19:30:00,MPB
24.97,24.98,24.78,24.78,300,2021-04-21 19:35:00,MPB
24.78,24.78,24.78,24.78,100,2021-04-21 19:40:00,MPB
24.9,25.01,24.77,24.77,1282,2021-04-21 19:45:00,MPB
25.28,25.28,25.15,25.15,376,2021-04-21 19:50:00,MPB
24.94,24.94,24.94,24.94,100,2021-04-21 19:55:00,MPB
25.05,25.05,25.05,25.05,1385,2021-04-21 20:00:00,MPB
24.92,25.48,24.92,25.04,310,2021-04-22 13:30:00,MPB
25.12,25.12,24.95,24.95,200,2021-04-22 13:55:00,MPB
24.91,24.91,24.91,24.91,100,2021-04-22 14:00:00,MPB
24.915,24.915,24.915,24.915,100,2021-04-22 14:25:00,MPB
24.72,24.72,24.72,24.72,267,2021-04-22 14:30:00,MPB
25.015,25.015,25.015,25.015,100,2021-04-22 14:50:00,MPB
24.865,24.865,24.865,24.865,100,2021-04-22 15:20:00,MPB
24.85,24.85,24.85,24.85,100,2021-04-22 15:50:00,MPB
24.81,25.07,24.81,25.04,900,2021-04-22 16:00:00,MPB
25.0,25.0,25.0,25.0,100,2021-04-22 16:35:00,MPB
25.01,25.015,25.01,25.015,200,2021-04-22 16:40:00,MPB
25.0,25.0,24.98,24.98,300,2021-04-22 17:05:00,MPB
24.85,24.85,24.85,24.85,100,2021-04-22 17:40:00,MPB
24.85,24.85,24.85,24.85,100,2021-04-22 18:15:00,MPB
24.95,24.95,24.95,24.95,100,2021-04-22 18:25:00,MPB
24.85,24.85,24.85,24.85,100,2021-04-22 18:35:00,MPB
25.07,25.07,24.85,24.85,200,2021-04-22 18:45:00,MPB
24.85,24.85,24.85,24.85,100,2021-04-22 19:10:00,MPB
24.85,24.85,24.85,24.85,100,2021-04-22 19:15:00,MPB
24.925,24.925,24.925,24.925,200,2021-04-22 19:20:00,MPB
24.85,24.85,24.85,24.85,100,2021-04-22 19:30:00,MPB
24.87,24.87,24.87,24.87,100,2021-04-22 19:35:00,MPB
24.85,24.85,24.85,24.85,100,2021-04-22 19:40:00,MPB
24.85,24.85,24.85,24.85,100,2021-04-22 19:50:00,MPB
24.8,24.8,24.6,24.6,906,2021-04-22 19:55:00,MPB
24.78,24.78,24.78,24.78,792,2021-04-22 20:00:00,MPB
25.25,25.26,25.25,25.26,303,2021-04-23 13:30:00,MPB
25.5,25.55,25.5,25.55,200,2021-04-23 14:55:00,MPB
25.6899,25.6899,25.6899,25.6899,200,2021-04-23 15:00:00,MPB
25.36,25.36,25.36,25.36,195,2021-04-23 15:30:00,MPB
25.525,25.525,25.525,25.525,100,2021-04-23 15:35:00,MPB
25.525,25.525,25.525,25.525,100,2021-04-23 15:40:00,MPB
25.6899,25.6899,25.6899,25.6899,101,2021-04-23 15:45:00,MPB
25.69,25.69,25.69,25.69,100,2021-04-23 16:05:00,MPB
25.57,25.57,25.57,25.57,172,2021-04-23 16:40:00,MPB
25.52,25.52,25.52,25.52,130,2021-04-23 16:45:00,MPB
25.57,25.57,25.57,25.57,100,2021-04-23 17:00:00,MPB
25.645,25.645,25.645,25.645,100,2021-04-23 17:25:00,MPB
25.56,25.56,25.56,25.56,100,2021-04-23 17:35:00,MPB
25.69,25.69,25.69,25.69,100,2021-04-23 18:05:00,MPB
25.68,25.68,25.68,25.68,125,2021-04-23 18:40:00,MPB
25.55,25.55,25.55,25.55,100,2021-04-23 19:05:00,MPB
25.71,25.71,25.71,25.71,300,2021-04-23 19:25:00,MPB
25.65,25.71,25.65,25.71,200,2021-04-23 19:35:00,MPB
25.71,25.71,25.71,25.71,100,2021-04-23 19:40:00,MPB
25.59,25.59,25.58,25.58,567,2021-04-23 19:50:00,MPB
25.56,25.56,25.55,25.55,964,2021-04-23 19:55:00,MPB
25.51,25.51,25.51,25.51,1140,2021-04-23 20:00:00,MPB
25.49,25.49,25.49,25.49,2077,2021-04-26 13:30:00,MPB
25.5334,25.5334,25.5334,25.5334,141,2021-04-26 13:35:00,MPB
25.76,25.76,25.49,25.5554,3233,2021-04-26 14:10:00,MPB
25.59,25.59,25.59,25.59,100,2021-04-26 14:15:00,MPB
25.88,25.88,25.88,25.88,100,2021-04-26 14:45:00,MPB
25.75,25.75,25.75,25.75,200,2021-04-26 14:50:00,MPB
25.76,25.76,25.76,25.76,100,2021-04-26 15:20:00,MPB
25.76,25.76,25.75,25.75,1090,2021-04-26 15:40:00,MPB
25.56,25.57,25.56,25.56,2650,2021-04-26 15:45:00,MPB
25.6,25.65,25.6,25.65,918,2021-04-26 15:50:00,MPB
25.52,25.53,25.38,25.38,790,2021-04-26 15:55:00,MPB
25.4,25.4,25.4,25.4,300,2021-04-26 16:00:00,MPB
25.4,25.4,25.31,25.31,1997,2021-04-26 16:10:00,MPB
25.4999,25.75,25.45,25.645,5179,2021-04-26 16:15:00,MPB
25.53,25.53,25.5001,25.53,600,2021-04-26 16:40:00,MPB
25.41,25.41,25.41,25.41,165,2021-04-26 17:25:00,MPB
25.5,25.5,25.5,25.5,185,2021-04-26 17:40:00,MPB
25.45,25.45,25.45,25.45,100,2021-04-26 17:55:00,MPB
25.45,25.45,25.45,25.45,100,2021-04-26 18:15:00,MPB
25.45,25.45,25.45,25.45,800,2021-04-26 18:20:00,MPB
25.41,25.51,25.4078,25.51,864,2021-04-26 18:35:00,MPB
25.74,25.95,25.7,25.75,5500,2021-04-26 18:40:00,MPB
25.85,25.8508,25.84,25.84,300,2021-04-26 18:45:00,MPB
25.8,25.848,25.7,25.7,1300,2021-04-26 18:50:00,MPB
25.6,25.7904,25.6,25.7904,400,2021-04-26 18:55:00,MPB
25.7,25.95,25.7,25.95,2224,2021-04-26 19:00:00,MPB
25.69,26.09,25.69,26.0001,1700,2021-04-26 19:05:00,MPB
26.04,26.04,26.0101,26.0101,400,2021-04-26 19:10:00,MPB
26.03,26.03,26.011,26.011,400,2021-04-26 19:15:00,MPB
26.0001,26.0595,25.81,25.811,3714,2021-04-26 19:20:00,MPB
25.37,25.37,25.37,25.37,100,2021-04-26 19:40:00,MPB
25.73,25.78,25.71,25.71,482,2021-04-26 19:50:00,MPB
25.71,25.71,25.71,25.71,100,2021-04-26 19:55:00,MPB
25.51,25.51,25.51,25.51,1205,2021-04-26 20:00:00,MPB
25.5,25.5,25.5,25.5,100,2021-04-27 14:00:00,MPB
25.39,25.39,25.39,25.39,100,2021-04-27 14:20:00,MPB
25.4,25.4,25.4,25.4,100,2021-04-27 14:35:00,MPB
25.49,25.49,25.49,25.49,125,2021-04-27 15:00:00,MPB
25.44,25.44,25.44,25.44,100,2021-04-27 15:05:00,MPB
25.44,25.44,25.44,25.44,100,2021-04-27 15:10:00,MPB
25.5165,25.57,25.42,25.42,451,2021-04-27 15:20:00,MPB
25.5799,25.5799,25.5799,25.5799,100,2021-04-27 15:25:00,MPB
25.44,25.44,25.43,25.43,200,2021-04-27 15:30:00,MPB
25.58,25.58,25.58,25.58,100,2021-04-27 15:40:00,MPB
25.58,25.63,25.5614,25.63,660,2021-04-27 15:45:00,MPB
25.72,25.72,25.72,25.72,100,2021-04-27 15:50:00,MPB
25.67,25.79,25.66,25.79,608,2021-04-27 16:10:00,MPB
25.72,25.7525,25.72,25.7525,300,2021-04-27 17:30:00,MPB
25.55,25.55,25.55,25.55,273,2021-04-27 17:55:00,MPB
25.57,25.57,25.57,25.57,100,2021-04-27 18:15:00,MPB
25.55,25.55,25.55,25.55,100,2021-04-27 18:45:00,MPB
25.55,25.622,25.55,25.56,1000,2021-04-27 19:05:00,MPB
25.77,25.77,25.77,25.77,100,2021-04-27 19:10:00,MPB
25.79,25.79,25.79,25.79,195,2021-04-27 19:15:00,MPB
25.78,25.78,25.76,25.78,664,2021-04-27 19:35:00,MPB
25.78,25.78,25.65,25.65,200,2021-04-27 19:40:00,MPB
25.84,25.92,25.69,25.92,888,2021-04-27 19:45:00,MPB
25.98,25.98,25.98,25.98,100,2021-04-27 19:50:00,MPB
26.03,26.18,26.03,26.18,500,2021-04-27 19:55:00,MPB
26.2,26.2,26.2,26.2,1576,2021-04-27 20:00:00,MPB
25.98,25.98,25.98,25.98,255,2021-04-28 13:30:00,MPB
25.86,25.86,25.86,25.86,100,2021-04-28 15:05:00,MPB
25.81,26.42,25.81,26.0,1700,2021-04-28 15:10:00,MPB
26.155,26.155,25.87,25.87,500,2021-04-28 15:20:00,MPB
26.01,26.01,25.82,25.82,600,2021-04-28 15:25:00,MPB
26.05,26.05,26.05,26.05,100,2021-04-28 15:35:00,MPB
25.83,25.83,25.83,25.83,100,2021-04-28 15:40:00,MPB
25.84,25.84,25.84,25.84,100,2021-04-28 15:55:00,MPB
25.8,25.8,25.527,25.6193,1050,2021-04-28 16:10:00,MPB
25.55,25.56,25.55,25.55,600,2021-04-28 16:15:00,MPB
25.55,25.55,25.55,25.55,100,2021-04-28 16:35:00,MPB
25.61,25.61,25.6,25.6,552,2021-04-28 16:50:00,MPB
25.53,25.59,25.52,25.59,845,2021-04-28 16:55:00,MPB
25.55,25.55,25.475,25.475,500,2021-04-28 17:00:00,MPB
25.45,25.65,25.45,25.58,1100,2021-04-28 17:05:00,MPB
25.91,25.92,25.91,25.91,770,2021-04-28 17:10:00,MPB
25.74,25.8,25.74,25.75,500,2021-04-28 17:15:00,MPB
25.49,25.49,25.49,25.49,100,2021-04-28 17:20:00,MPB
25.48,25.48,25.48,25.48,100,2021-04-28 17:35:00,MPB
25.63,25.63,25.63,25.63,100,2021-04-28 17:45:00,MPB
25.6,25.6,25.6,25.6,100,2021-04-28 18:00:00,MPB
25.63,25.63,25.63,25.63,100,2021-04-28 18:05:00,MPB
25.6,25.61,25.5,25.61,1061,2021-04-28 18:25:00,MPB
25.8199,25.8199,25.45,25.45,200,2021-04-28 18:30:00,MPB
25.7075,25.7075,25.7075,25.7075,100,2021-04-28 18:35:00,MPB
25.5,25.5,25.48,25.48,200,2021-04-28 18:50:00,MPB
25.5,25.525,25.5,25.525,200,2021-04-28 19:00:00,MPB
25.568,25.58,25.52,25.577,1800,2021-04-28 19:10:00,MPB
25.68,25.68,25.54,25.58,300,2021-04-28 19:15:00,MPB
25.54,25.54,25.54,25.54,100,2021-04-28 19:20:00,MPB
25.87,25.87,25.87,25.87,100,2021-04-28 19:25:00,MPB
25.57,25.57,25.57,25.57,100,2021-04-28 19:30:00,MPB
25.57,25.57,25.55,25.55,200,2021-04-28 19:35:00,MPB
25.55,25.55,25.53,25.53,400,2021-04-28 19:40:00,MPB
25.615,25.615,25.52,25.52,300,2021-04-28 19:45:00,MPB
25.65,25.69,25.54,25.54,800,2021-04-28 19:50:00,MPB
25.55,25.67,25.52,25.535,1000,2021-04-28 19:55:00,MPB
25.61,25.61,25.61,25.61,1126,2021-04-28 20:00:00,MPB
25.0,25.0,25.0,25.0,100,2021-04-29 11:00:00,MPB
25.01,25.01,25.0,25.0,300,2021-04-29 12:25:00,MPB
25.0,25.0,25.0,25.0,800,2021-04-29 12:30:00,MPB
24.5,24.5,24.5,24.5,325,2021-04-29 12:40:00,MPB
24.26,24.26,24.25,24.25,1000,2021-04-29 12:55:00,MPB
24.09,24.75,24.09,24.68,5850,2021-04-29 13:30:00,MPB
24.75,24.75,24.63,24.75,2200,2021-04-29 13:35:00,MPB
24.9356,25.35,24.9356,25.33,4061,2021-04-29 13:45:00,MPB
25.35,25.395,25.25,25.25,2738,2021-04-29 13:50:00,MPB
25.255,25.255,25.255,25.255,100,2021-04-29 13:55:00,MPB
25.24,25.24,25.24,25.24,200,2021-04-29 14:00:00,MPB
25.4982,25.4982,25.32,25.32,300,2021-04-29 14:10:00,MPB
25.4529,25.4529,25.327,25.327,561,2021-04-29 14:15:00,MPB
25.38,25.5,25.36,25.36,1000,2021-04-29 14:20:00,MPB
25.4346,25.4346,25.42,25.42,400,2021-04-29 14:40:00,MPB
25.51,25.51,25.51,25.51,100,2021-04-29 15:15:00,MPB
25.51,25.51,25.51,25.51,300,2021-04-29 15:20:00,MPB
25.52,25.52,25.52,25.52,100,2021-04-29 15:25:00,MPB
25.54,25.54,25.51,25.51,300,2021-04-29 15:55:00,MPB
25.41,25.41,25.41,25.41,100,2021-04-29 16:05:00,MPB
25.4323,25.4323,25.41,25.41,567,2021-04-29 16:10:00,MPB
25.435,25.51,25.435,25.51,607,2021-04-29 16:15:00,MPB
25.42,25.42,25.42,25.42,300,2021-04-29 16:50:00,MPB
25.41,25.42,25.41,25.41,414,2021-04-29 16:55:00,MPB
25.4,25.4,25.19,25.19,320,2021-04-29 17:15:00,MPB
25.2,25.2,25.2,25.2,185,2021-04-29 17:20:00,MPB
25.215,25.25,25.18,25.25,700,2021-04-29 17:35:00,MPB
25.18,25.25,25.18,25.25,891,2021-04-29 17:40:00,MPB
25.35,25.35,25.35,25.35,100,2021-04-29 17:45:00,MPB
25.23,25.39,25.23,25.39,923,2021-04-29 18:35:00,MPB
25.36,25.4,25.25,25.25,1777,2021-04-29 18:40:00,MPB
25.43,25.56,25.38,25.56,800,2021-04-29 18:55:00,MPB
25.56,25.66,25.56,25.61,1568,2021-04-29 19:00:00,MPB
25.66,25.66,25.61,25.61,400,2021-04-29 19:05:00,MPB
25.53,25.53,25.5001,25.5001,400,2021-04-29 19:10:00,MPB
25.83,25.87,25.79,25.87,944,2021-04-29 19:15:00,MPB
25.57,25.57,25.57,25.57,200,2021-04-29 19:20:00,MPB
25.57,25.7,25.53,25.7,600,2021-04-29 19:25:00,MPB
25.54,25.54,25.54,25.54,100,2021-04-29 19:30:00,MPB
25.54,25.54,25.54,25.54,300,2021-04-29 19:35:00,MPB
25.54,25.54,25.54,25.54,100,2021-04-29 19:40:00,MPB
25.6,25.6,25.54,25.59,950,2021-04-29 19:45:00,MPB
25.54,25.55,25.54,25.55,500,2021-04-29 19:50:00,MPB
25.585,25.62,25.55,25.62,705,2021-04-29 19:55:00,MPB
25.5,25.5,25.5,25.5,2852,2021-04-29 20:00:00,MPB
25.37,25.37,25.35,25.35,2010,2021-04-30 12:10:00,MPB
25.23,25.23,25.23,25.23,200,2021-04-30 12:15:00,MPB
25.35,25.35,25.35,25.35,900,2021-04-30 12:25:00,MPB
25.3,25.51,25.3,25.51,300,2021-04-30 12:35:00,MPB
25.4,25.4,25.4,25.4,100,2021-04-30 12:55:00,MPB
25.5,25.51,25.5,25.5,310,2021-04-30 13:00:00,MPB
25.51,25.51,25.5,25.5,600,2021-04-30 13:05:00,MPB
25.51,25.51,25.51,25.51,100,2021-04-30 13:10:00,MPB
25.5,25.66,25.5,25.66,700,2021-04-30 13:15:00,MPB
25.5,25.5,25.5,25.5,2900,2021-04-30 13:25:00,MPB
25.5,26.5,25.5,26.5,13094,2021-04-30 13:30:00,MPB
26.89,27.49,26.5,26.855,76141,2021-04-30 13:35:00,MPB
27.0,27.03,26.905,26.9525,21000,2021-04-30 13:40:00,MPB
26.925,27.0,26.76,26.76,10055,2021-04-30 13:45:00,MPB
26.93,27.0,26.75,26.8,28821,2021-04-30 13:50:00,MPB
26.96,27.25,26.75,26.79,34743,2021-04-30 13:55:00,MPB
26.895,27.0,26.79,26.9,21700,2021-04-30 14:00:00,MPB
26.925,27.0,26.88,26.88,1800,2021-04-30 14:05:00,MPB
26.94,27.0,26.885,26.925,26031,2021-04-30 14:10:00,MPB
26.85,27.0,26.85,26.945,3600,2021-04-30 14:15:00,MPB
26.91,27.0,26.82,26.82,19072,2021-04-30 14:20:00,MPB
26.67,26.8,26.67,26.8,300,2021-04-30 14:25:00,MPB
26.84,26.899,26.82,26.85,2468,2021-04-30 14:30:00,MPB
26.845,26.9,26.79,26.9,1568,2021-04-30 14:35:00,MPB
26.78,26.9,26.75,26.825,1028,2021-04-30 14:40:00,MPB
26.8,26.825,26.7875,26.795,500,2021-04-30 14:45:00,MPB
26.8,26.85,26.76,26.825,500,2021-04-30 14:50:00,MPB
26.815,26.84,26.81,26.825,1766,2021-04-30 14:55:00,MPB
26.825,26.825,26.685,26.745,843,2021-04-30 15:00:00,MPB
26.7,26.8,26.67,26.73,1000,2021-04-30 15:05:00,MPB
26.735,26.735,26.51,26.51,1489,2021-04-30 15:10:00,MPB
26.51,26.63,26.51,26.63,300,2021-04-30 15:20:00,MPB
26.605,26.675,26.605,26.675,400,2021-04-30 15:25:00,MPB
26.75,26.75,26.51,26.63,565,2021-04-30 15:30:00,MPB
26.63,26.63,26.57,26.62,400,2021-04-30 15:35:00,MPB
26.7,26.7,26.655,26.67,539,2021-04-30 15:40:00,MPB
26.7,26.78,26.55,26.55,3364,2021-04-30 15:45:00,MPB
26.62,26.62,26.62,26.62,100,2021-04-30 15:50:00,MPB
26.67,26.73,26.64,26.64,600,2021-04-30 15:55:00,MPB
26.705,26.705,26.6,26.6,1478,2021-04-30 16:00:00,MPB
26.595,26.595,26.595,26.595,100,2021-04-30 16:05:00,MPB
26.6,26.6,26.6,26.6,200,2021-04-30 16:10:00,MPB
26.605,26.7,26.605,26.7,800,2021-04-30 16:15:00,MPB
26.705,26.705,26.685,26.685,600,2021-04-30 16:20:00,MPB
26.705,26.74,26.685,26.705,1100,2021-04-30 16:25:00,MPB
26.685,26.7,26.685,26.69,400,2021-04-30 16:30:00,MPB
26.64,26.69,26.63,26.66,1153,2021-04-30 16:35:00,MPB
26.7,26.7,26.65,26.65,998,2021-04-30 16:40:00,MPB
26.69,26.7,26.6,26.6,1378,2021-04-30 16:45:00,MPB
26.6,26.68,26.6,26.615,900,2021-04-30 16:50:00,MPB
26.65,26.65,26.6,26.615,1700,2021-04-30 16:55:00,MPB
26.7,26.7,26.615,26.615,1156,2021-04-30 17:00:00,MPB
26.635,26.74,26.635,26.69,1163,2021-04-30 17:05:00,MPB
26.66,26.69,26.5,26.69,9400,2021-04-30 17:10:00,MPB
26.68,26.75,26.68,26.75,300,2021-04-30 17:15:00,MPB
26.68,26.705,26.65,26.68,1900,2021-04-30 17:20:00,MPB
26.665,26.7025,26.665,26.7025,500,2021-04-30 17:25:00,MPB
26.7,26.7,26.575,26.575,300,2021-04-30 17:35:00,MPB
26.64,26.65,26.5,26.63,10330,2021-04-30 17:40:00,MPB
26.63,26.63,26.63,26.63,100,2021-04-30 17:45:00,MPB
26.7,26.7,26.68,26.7,1376,2021-04-30 17:50:00,MPB
26.655,26.655,26.655,26.655,100,2021-04-30 17:55:00,MPB
26.61,26.61,26.6,26.6,800,2021-04-30 18:00:00,MPB
26.62,26.63,26.62,26.63,600,2021-04-30 18:05:00,MPB
26.63,26.63,26.63,26.63,400,2021-04-30 18:10:00,MPB
26.63,26.7,26.63,26.7,394,2021-04-30 18:15:00,MPB
26.7,26.7,26.655,26.655,1660,2021-04-30 18:20:00,MPB
26.7,26.7,26.7,26.7,100,2021-04-30 18:25:00,MPB
26.645,26.7,26.645,26.685,2347,2021-04-30 18:30:00,MPB
26.8,26.95,26.8,26.92,5214,2021-04-30 18:35:00,MPB
26.92,26.98,26.92,26.92,700,2021-04-30 18:40:00,MPB
27.0,27.0,26.92,26.98,1209,2021-04-30 18:45:00,MPB
27.0,27.0,26.96,26.96,600,2021-04-30 18:50:00,MPB
27.0,27.0,26.94,26.945,2712,2021-04-30 18:55:00,MPB
26.99,27.0,26.945,26.945,400,2021-04-30 19:00:00,MPB
27.0,27.0,26.945,26.945,200,2021-04-30 19:05:00,MPB
27.0,27.5,27.0,27.25,3951,2021-04-30 19:10:00,MPB
27.18,27.18,27.1,27.11,2500,2021-04-30 19:15:00,MPB
27.2,27.2,27.125,27.2,300,2021-04-30 19:20:00,MPB
27.2,27.2,27.135,27.2,400,2021-04-30 19:25:00,MPB
27.23,27.25,27.15,27.15,3302,2021-04-30 19:30:00,MPB
27.11,27.11,27.0,27.0,7735,2021-04-30 19:35:00,MPB
27.04,27.04,26.805,26.85,6329,2021-04-30 19:40:00,MPB
26.815,27.1,26.815,27.025,11365,2021-04-30 19:45:00,MPB
27.0,27.05,26.985,27.0,10711,2021-04-30 19:50:00,MPB
27.025,27.105,26.78,26.93,27177,2021-04-30 19:55:00,MPB
26.99,26.99,26.99,26.99,41052,2021-04-30 20:00:00,MPB
27.3,27.525,27.3,27.525,2340,2021-05-03 13:30:00,MPB
27.57,27.57,27.45,27.45,200,2021-05-03 13:35:00,MPB
27.4999,27.4999,27.42,27.42,500,2021-05-03 13:40:00,MPB
27.47,27.47,27.47,27.47,100,2021-05-03 13:50:00,MPB
27.47,27.47,27.35,27.35,723,2021-05-03 13:55:00,MPB
27.35,27.3993,27.3,27.3,1064,2021-05-03 14:00:00,MPB
27.3,27.39,27.3,27.325,700,2021-05-03 14:05:00,MPB
27.325,27.325,27.0925,27.155,2816,2021-05-03 14:10:00,MPB
27.04,27.04,27.04,27.04,167,2021-05-03 14:15:00,MPB
27.04,27.05,27.0,27.05,4855,2021-05-03 14:20:00,MPB
27.05,27.05,27.05,27.05,199,2021-05-03 14:35:00,MPB
27.015,27.015,27.015,27.015,100,2021-05-03 14:40:00,MPB
27.03,27.03,26.91,26.91,2567,2021-05-03 14:45:00,MPB
26.8772,26.95,26.78,26.95,2900,2021-05-03 14:50:00,MPB
26.92,27.3879,26.92,27.3879,6216,2021-05-03 14:55:00,MPB
27.14,27.14,27.14,27.14,100,2021-05-03 15:00:00,MPB
27.3882,27.3882,27.3882,27.3882,500,2021-05-03 15:05:00,MPB
27.21,27.21,27.191,27.191,200,2021-05-03 15:20:00,MPB
27.13,27.13,27.13,27.13,200,2021-05-03 15:35:00,MPB
27.08,27.08,27.08,27.08,100,2021-05-03 15:50:00,MPB
27.06,27.06,27.06,27.06,100,2021-05-03 15:55:00,MPB
27.1,27.21,27.1,27.21,212,2021-05-03 16:00:00,MPB
27.3172,27.3172,27.22,27.22,450,2021-05-03 16:05:00,MPB
27.17,27.17,27.17,27.17,100,2021-05-03 16:10:00,MPB
27.115,27.115,27.115,27.115,100,2021-05-03 16:40:00,MPB
27.1375,27.1375,27.125,27.125,250,2021-05-03 16:45:00,MPB
27.1787,27.1787,27.1787,27.1787,125,2021-05-03 16:55:00,MPB
27.11,27.11,27.11,27.11,100,2021-05-03 17:05:00,MPB
27.11,27.18,27.11,27.18,200,2021-05-03 17:20:00,MPB
27.16,27.18,27.16,27.18,300,2021-05-03 17:30:00,MPB
27.2,27.2,27.2,27.2,116,2021-05-03 17:35:00,MPB
27.19,27.2,27.18,27.2,999,2021-05-03 17:40:00,MPB
27.25,27.25,27.25,27.25,100,2021-05-03 17:45:00,MPB
27.155,27.155,27.155,27.155,100,2021-05-03 18:05:00,MPB
27.13,27.16,27.13,27.15,417,2021-05-03 18:10:00,MPB
27.125,27.125,27.125,27.125,100,2021-05-03 18:15:00,MPB
27.15,27.15,27.15,27.15,100,2021-05-03 18:45:00,MPB
27.25,27.25,27.25,27.25,222,2021-05-03 18:50:00,MPB
27.25,27.3,27.25,27.3,381,2021-05-03 18:55:00,MPB
27.285,27.37,27.285,27.37,660,2021-05-03 19:00:00,MPB
27.265,27.35,27.265,27.35,1189,2021-05-03 19:05:00,MPB
27.35,27.35,27.35,27.35,100,2021-05-03 19:10:00,MPB
27.17,27.17,27.17,27.17,200,2021-05-03 19:15:00,MPB
27.2114,27.2114,27.21,27.21,1000,2021-05-03 19:25:00,MPB
27.14,27.14,27.13,27.13,300,2021-05-03 19:35:00,MPB
27.27,27.27,27.26,27.26,600,2021-05-03 19:40:00,MPB
27.12,27.26,27.12,27.26,515,2021-05-03 19:45:00,MPB
27.13,27.49,27.13,27.41,2702,2021-05-03 19:50:00,MPB
27.32,27.42,27.32,27.37,717,2021-05-03 19:55:00,MPB
27.36,27.36,27.36,27.36,4173,2021-05-03 20:00:00,MPB
27.25,27.3573,27.2,27.2235,4944,2021-05-04 13:30:00,MPB
27.175,27.175,27.175,27.175,100,2021-05-04 13:35:00,MPB
27.25,27.25,27.1,27.15,600,2021-05-04 13:50:00,MPB
27.0754,27.0754,27.06,27.06,291,2021-05-04 13:55:00,MPB
27.135,27.135,27.135,27.135,100,2021-05-04 14:00:00,MPB
27.06,27.13,27.02,27.02,1444,2021-05-04 14:05:00,MPB
27.15,27.15,27.15,27.15,100,2021-05-04 14:10:00,MPB
27.2329,27.25,27.23,27.25,4640,2021-05-04 14:15:00,MPB
27.25,27.25,27.2458,27.25,2760,2021-05-04 14:20:00,MPB
27.25,27.25,27.201,27.201,1792,2021-05-04 14:25:00,MPB
27.2,27.2,27.2,27.2,1000,2021-05-04 14:30:00,MPB
27.14,27.14,27.09,27.09,416,2021-05-04 14:40:00,MPB
27.14,27.14,27.14,27.14,100,2021-05-04 14:45:00,MPB
27.175,27.175,27.1,27.1,1488,2021-05-04 15:00:00,MPB
27.24,27.24,27.24,27.24,100,2021-05-04 15:05:00,MPB
27.05,27.05,27.05,27.05,200,2021-05-04 15:15:00,MPB
27.1,27.1,27.1,27.1,100,2021-05-04 15:20:00,MPB
27.1,27.1,27.1,27.1,100,2021-05-04 15:25:00,MPB
27.18,27.18,27.18,27.18,100,2021-05-04 15:35:00,MPB
27.19,27.24,27.18,27.235,500,2021-05-04 15:40:00,MPB
27.195,27.195,27.195,27.195,100,2021-05-04 15:55:00,MPB
27.2,27.2,27.2,27.2,100,2021-05-04 16:10:00,MPB
27.24,27.24,27.24,27.24,2700,2021-05-04 16:30:00,MPB
27.11,27.18,27.11,27.18,200,2021-05-04 17:00:00,MPB
27.18,27.18,27.18,27.18,100,2021-05-04 17:05:00,MPB
27.175,27.2387,27.11,27.11,1300,2021-05-04 17:10:00,MPB
27.11,27.12,27.11,27.12,700,2021-05-04 17:15:00,MPB
27.12,27.12,27.12,27.12,100,2021-05-04 17:20:00,MPB
27.12,27.12,27.12,27.12,100,2021-05-04 17:25:00,MPB
27.02,27.16,27.02,27.16,366,2021-05-04 17:40:00,MPB
27.12,27.12,27.12,27.12,100,2021-05-04 17:45:00,MPB
27.1553,27.1553,27.1553,27.1553,140,2021-05-04 17:50:00,MPB
27.16,27.25,27.16,27.22,601,2021-05-04 17:55:00,MPB
27.1375,27.18,27.12,27.12,330,2021-05-04 18:00:00,MPB
27.13,27.13,27.12,27.12,245,2021-05-04 18:05:00,MPB
27.175,27.175,27.1725,27.1725,200,2021-05-04 18:20:00,MPB
27.17,27.2,27.11,27.11,3269,2021-05-04 18:25:00,MPB
27.14,27.14,27.14,27.14,377,2021-05-04 18:35:00,MPB
27.02,27.1,27.02,27.1,968,2021-05-04 18:45:00,MPB
27.0,27.0,27.0,27.0,900,2021-05-04 18:55:00,MPB
27.0,27.0,27.0,27.0,200,2021-05-04 19:00:00,MPB
27.0,27.01,27.0,27.01,1001,2021-05-04 19:05:00,MPB
27.0,27.0,27.0,27.0,100,2021-05-04 19:10:00,MPB
27.0,27.0,27.0,27.0,200,2021-05-04 19:15:00,MPB
27.04,27.04,27.04,27.04,300,2021-05-04 19:20:00,MPB
26.98,27.045,26.91,27.045,600,2021-05-04 19:35:00,MPB
27.0279,27.0279,26.9,27.0,504,2021-05-04 19:45:00,MPB
27.05,27.05,27.0,27.04,5911,2021-05-04 19:50:00,MPB
27.007,27.04,27.0,27.0,1977,2021-05-04 19:55:00,MPB
27.03,27.03,27.03,27.03,2735,2021-05-04 20:00:00,MPB
27.51,27.51,27.51,27.51,100,2021-05-05 11:00:00,MPB
27.34,27.34,27.0,27.0,1102,2021-05-05 13:30:00,MPB
26.9,26.9912,26.9,26.9912,203,2021-05-05 13:35:00,MPB
26.9,26.95,26.9,26.9,4036,2021-05-05 13:40:00,MPB
26.6,26.6,26.58,26.58,380,2021-05-05 13:45:00,MPB
26.9963,26.9963,26.9963,26.9963,125,2021-05-05 13:50:00,MPB
26.845,26.98,26.845,26.98,200,2021-05-05 14:05:00,MPB
27.03,27.25,27.03,27.25,300,2021-05-05 14:15:00,MPB
27.25,27.25,27.25,27.25,300,2021-05-05 14:35:00,MPB
27.36,27.36,27.36,27.36,100,2021-05-05 14:50:00,MPB
27.45,27.45,27.45,27.45,2000,2021-05-05 14:55:00,MPB
27.45,27.47,27.45,27.47,1063,2021-05-05 15:00:00,MPB
27.5,27.5,27.5,27.5,108,2021-05-05 15:15:00,MPB
27.45,27.45,27.45,27.45,100,2021-05-05 15:20:00,MPB
27.42,27.42,27.42,27.42,100,2021-05-05 15:25:00,MPB
27.45,27.45,27.45,27.45,500,2021-05-05 15:40:00,MPB
27.495,27.495,27.495,27.495,307,2021-05-05 15:45:00,MPB
27.45,27.56,27.45,27.46,719,2021-05-05 15:50:00,MPB
27.43,27.45,27.25,27.45,899,2021-05-05 16:05:00,MPB
27.48,27.5,27.45,27.45,2653,2021-05-05 16:10:00,MPB
27.45,27.5,27.45,27.47,1456,2021-05-05 16:15:00,MPB
27.5,27.5,27.5,27.5,100,2021-05-05 16:20:00,MPB
27.485,27.485,27.485,27.485,100,2021-05-05 16:25:00,MPB
27.47,27.54,27.47,27.49,1200,2021-05-05 16:30:00,MPB
27.41,27.5,27.36,27.495,1700,2021-05-05 16:40:00,MPB
27.405,27.405,27.405,27.405,100,2021-05-05 16:45:00,MPB
27.35,27.35,27.35,27.35,400,2021-05-05 16:55:00,MPB
27.4,27.4,27.4,27.4,100,2021-05-05 17:00:00,MPB
27.4,27.4,27.35,27.35,440,2021-05-05 17:20:00,MPB
27.35,27.35,27.35,27.35,200,2021-05-05 17:25:00,MPB
27.44,27.44,27.44,27.44,100,2021-05-05 17:50:00,MPB
27.214,27.214,27.214,27.214,100,2021-05-05 17:55:00,MPB
27.245,27.245,27.245,27.245,100,2021-05-05 18:10:00,MPB
27.14,27.14,27.14,27.14,100,2021-05-05 18:15:00,MPB
27.29,27.29,27.29,27.29,100,2021-05-05 18:25:00,MPB
27.29,27.29,27.29,27.29,100,2021-05-05 18:30:00,MPB
27.19,27.193,27.18,27.18,1632,2021-05-05 18:40:00,MPB
27.185,27.185,27.18,27.18,242,2021-05-05 18:45:00,MPB
27.17,27.17,27.17,27.17,100,2021-05-05 18:50:00,MPB
27.04,27.04,27.04,27.04,100,2021-05-05 18:55:00,MPB
27.11,27.15,27.1,27.15,3657,2021-05-05 19:00:00,MPB
27.25,27.25,27.25,27.25,300,2021-05-05 19:15:00,MPB
27.25,27.25,27.25,27.25,3084,2021-05-05 19:20:00,MPB
27.26,27.35,27.26,27.305,900,2021-05-05 19:25:00,MPB
27.325,27.35,27.3,27.3,600,2021-05-05 19:30:00,MPB
27.3,27.3,27.245,27.25,400,2021-05-05 19:35:00,MPB
27.14,27.24,27.14,27.24,500,2021-05-05 19:45:00,MPB
27.22,27.28,27.14,27.25,11257,2021-05-05 19:55:00,MPB
27.25,27.25,27.25,27.25,2976,2021-05-05 20:00:00,MPB
27.44,27.44,27.0,27.14,2145,2021-05-06 13:30:00,MPB
27.12,27.12,27.12,27.12,100,2021-05-06 13:35:00,MPB
27.12,27.12,27.09,27.12,800,2021-05-06 13:40:00,MPB
27.14,27.15,27.01,27.12,1762,2021-05-06 13:45:00,MPB
27.1251,27.1251,27.12,27.12,200,2021-05-06 13:50:00,MPB
27.03,27.03,27.03,27.03,472,2021-05-06 14:00:00,MPB
27.075,27.075,27.02,27.02,333,2021-05-06 14:10:00,MPB
26.97,26.97,26.97,26.97,309,2021-05-06 14:15:00,MPB
27.08,27.08,26.95,26.95,200,2021-05-06 14:20:00,MPB
26.95,26.95,26.95,26.95,1000,2021-05-06 14:30:00,MPB
27.04,27.04,27.04,27.04,200,2021-05-06 14:35:00,MPB
27.1,27.23,27.0973,27.23,1709,2021-05-06 15:00:00,MPB
27.2,27.2,27.15,27.15,300,2021-05-06 15:10:00,MPB
27.2,27.2,27.2,27.2,1400,2021-05-06 15:20:00,MPB
27.22,27.22,27.2,27.2,3400,2021-05-06 15:25:00,MPB
27.2,27.2,27.2,27.2,1000,2021-05-06 15:30:00,MPB
27.42,27.42,27.42,27.42,100,2021-05-06 15:35:00,MPB
27.2876,27.2876,27.2876,27.2876,1000,2021-05-06 15:40:00,MPB
27.35,27.39,27.33,27.39,800,2021-05-06 15:45:00,MPB
27.34,27.34,27.29,27.3,1400,2021-05-06 16:05:00,MPB
27.29,27.29,27.22,27.22,400,2021-05-06 16:10:00,MPB
27.2315,27.2315,27.2315,27.2315,1000,2021-05-06 16:15:00,MPB
27.21,27.215,27.21,27.215,328,2021-05-06 16:20:00,MPB
27.2,27.22,27.13,27.13,1199,2021-05-06 16:35:00,MPB
27.2467,27.2467,27.2467,27.2467,100,2021-05-06 16:50:00,MPB
27.18,27.18,27.18,27.18,100,2021-05-06 17:00:00,MPB
27.2246,27.2246,27.2246,27.2246,300,2021-05-06 17:05:00,MPB
27.25,27.3,27.25,27.3,525,2021-05-06 17:10:00,MPB
27.3,27.3,27.3,27.3,100,2021-05-06 17:15:00,MPB
27.3,27.3,27.3,27.3,100,2021-05-06 17:20:00,MPB
27.25,27.25,27.25,27.25,300,2021-05-06 17:25:00,MPB
27.25,27.3,27.25,27.3,1000,2021-05-06 17:40:00,MPB
27.3,27.3,27.27,27.28,3500,2021-05-06 17:45:00,MPB
27.3,27.3,27.26,27.28,2700,2021-05-06 17:50:00,MPB
27.29,27.29,27.29,27.29,300,2021-05-06 17:55:00,MPB
27.26,27.26,27.26,27.26,400,2021-05-06 18:10:00,MPB
27.3,27.3,27.29,27.3,10300,2021-05-06 18:15:00,MPB
27.3,27.3,27.3,27.3,1300,2021-05-06 18:20:00,MPB
27.3,27.5,27.3,27.5,2431,2021-05-06 18:25:00,MPB
27.3564,27.44,27.3564,27.44,300,2021-05-06 18:30:00,MPB
27.37,27.37,27.32,27.35,2793,2021-05-06 18:35:00,MPB
27.32,27.32,27.32,27.32,200,2021-05-06 18:40:00,MPB
27.32,27.32,27.32,27.32,100,2021-05-06 18:45:00,MPB
27.35,27.35,27.35,27.35,594,2021-05-06 18:50:00,MPB
27.4,27.44,27.39,27.44,2500,2021-05-06 18:55:00,MPB
27.44,27.44,27.44,27.44,100,2021-05-06 19:00:00,MPB
27.45,27.45,27.45,27.45,100,2021-05-06 19:10:00,MPB
27.45,27.45,27.44,27.44,1100,2021-05-06 19:20:00,MPB
27.44,27.44,27.43,27.44,800,2021-05-06 19:30:00,MPB
27.45,27.5,27.45,27.5,1500,2021-05-06 19:40:00,MPB
27.46,27.46,27.46,27.46,200,2021-05-06 19:45:00,MPB
27.45,27.5,27.45,27.5,14897,2021-05-06 19:50:00,MPB
27.5,27.53,27.4,27.53,6581,2021-05-06 19:55:00,MPB
27.54,27.54,27.54,27.54,4609,2021-05-06 20:00:00,MPB
27.26,27.26,27.01,27.24,3285,2021-05-07 13:30:00,MPB
27.14,27.24,27.03,27.24,822,2021-05-07 14:10:00,MPB
27.03,27.03,27.02,27.02,900,2021-05-07 14:35:00,MPB
27.02,27.02,27.02,27.02,161,2021-05-07 14:40:00,MPB
27.23,27.25,27.23,27.25,900,2021-05-07 14:45:00,MPB
27.14,27.23,27.135,27.23,500,2021-05-07 14:55:00,MPB
27.235,27.235,27.2278,27.2278,210,2021-05-07 15:15:00,MPB
27.21,27.21,27.21,27.21,100,2021-05-07 15:20:00,MPB
27.25,27.25,27.25,27.25,100,2021-05-07 15:35:00,MPB
27.175,27.18,27.06,27.06,1894,2021-05-07 15:50:00,MPB
27.155,27.155,27.06,27.06,3181,2021-05-07 15:55:00,MPB
27.08,27.08,27.08,27.08,200,2021-05-07 16:00:00,MPB
27.155,27.16,27.155,27.16,300,2021-05-07 16:05:00,MPB
27.15,27.15,27.15,27.15,194,2021-05-07 16:25:00,MPB
27.2099,27.2099,27.14,27.15,697,2021-05-07 16:30:00,MPB
27.16,27.21,27.16,27.21,200,2021-05-07 16:35:00,MPB
27.15,27.15,27.15,27.15,300,2021-05-07 16:40:00,MPB
27.09,27.09,27.09,27.09,757,2021-05-07 16:45:00,MPB
27.065,27.065,27.065,27.065,100,2021-05-07 17:00:00,MPB
27.07,27.07,27.07,27.07,100,2021-05-07 17:05:00,MPB
27.07,27.07,27.07,27.07,100,2021-05-07 17:10:00,MPB
27.06,27.1586,27.06,27.1586,939,2021-05-07 17:15:00,MPB
27.18,27.18,27.17,27.17,203,2021-05-07 17:20:00,MPB
27.055,27.055,26.97,27.03,1369,2021-05-07 17:30:00,MPB
27.03,27.03,26.98,26.98,200,2021-05-07 17:35:00,MPB
26.97,26.97,26.97,26.97,399,2021-05-07 17:45:00,MPB
26.97,26.97,26.97,26.97,100,2021-05-07 17:50:00,MPB
26.97,27.1,26.97,27.1,200,2021-05-07 18:10:00,MPB
26.96,27.05,26.96,26.96,1776,2021-05-07 18:15:00,MPB
27.02,27.02,27.02,27.02,100,2021-05-07 18:25:00,MPB
27.0,27.03,27.0,27.01,400,2021-05-07 18:40:00,MPB
27.01,27.01,27.01,27.01,100,2021-05-07 18:50:00,MPB
27.0,27.0,27.0,27.0,102,2021-05-07 18:55:00,MPB
27.09,27.09,27.09,27.09,100,2021-05-07 19:05:00,MPB
27.09,27.09,27.01,27.01,300,2021-05-07 19:10:00,MPB
27.06,27.06,27.06,27.06,200,2021-05-07 19:15:00,MPB
27.11,27.11,27.02,27.02,202,2021-05-07 19:20:00,MPB
27.015,27.015,27.015,27.015,200,2021-05-07 19:25:00,MPB
27.14,27.14,27.08,27.13,947,2021-05-07 19:30:00,MPB
27.1248,27.1248,27.01,27.01,202,2021-05-07 19:40:00,MPB
27.08,27.08,27.08,27.08,300,2021-05-07 19:45:00,MPB
27.1325,27.1325,27.08,27.08,200,2021-05-07 19:50:00,MPB
27.08,27.18,27.042,27.11,1696,2021-05-07 19:55:00,MPB
27.15,27.15,27.15,27.15,2370,2021-05-07 20:00:00,MPB
27.44,27.65,27.23,27.365,5318,2021-05-10 13:30:00,MPB
27.5,27.5,27.5,27.5,100,2021-05-10 13:35:00,MPB
27.45,27.5,27.45,27.5,280,2021-05-10 13:40:00,MPB
27.482,27.5,27.482,27.5,500,2021-05-10 13:45:00,MPB
27.5,27.5,27.5,27.5,500,2021-05-10 13:50:00,MPB
27.48,27.585,27.48,27.585,1070,2021-05-10 13:55:00,MPB
27.59,27.629,27.58,27.629,1910,2021-05-10 14:00:00,MPB
27.65,27.65,27.65,27.65,300,2021-05-10 14:05:00,MPB
27.705,27.705,27.705,27.705,150,2021-05-10 14:10:00,MPB
27.775,28.0,27.75,27.78,1552,2021-05-10 14:15:00,MPB
27.81,27.815,27.81,27.815,1200,2021-05-10 14:20:00,MPB
27.87,27.87,27.8,27.835,900,2021-05-10 14:25:00,MPB
27.835,27.835,27.8,27.8201,500,2021-05-10 14:30:00,MPB
27.87,27.87,27.87,27.87,100,2021-05-10 14:35:00,MPB
28.04,28.04,28.04,28.04,350,2021-05-10 14:45:00,MPB
28.34,28.34,28.34,28.34,100,2021-05-10 14:55:00,MPB
28.35,28.35,28.35,28.35,304,2021-05-10 15:00:00,MPB
28.5,28.81,28.29,28.29,4529,2021-05-10 15:10:00,MPB
28.25,28.46,28.1,28.46,1800,2021-05-10 15:15:00,MPB
28.43,28.43,28.18,28.18,400,2021-05-10 15:20:00,MPB
28.385,28.45,28.0,28.0,999,2021-05-10 15:25:00,MPB
28.0065,28.195,28.0,28.0,1800,2021-05-10 15:30:00,MPB
28.195,28.215,28.08,28.215,800,2021-05-10 15:35:00,MPB
28.31,28.31,28.21,28.22,476,2021-05-10 15:40:00,MPB
28.3199,28.3199,28.15,28.2,300,2021-05-10 15:45:00,MPB
28.25,28.25,28.2,28.2,400,2021-05-10 15:50:00,MPB
28.12,28.23,28.12,28.165,827,2021-05-10 15:55:00,MPB
28.2,28.24,28.17,28.191,3880,2021-05-10 16:00:00,MPB
28.31,28.31,28.18,28.23,1100,2021-05-10 16:05:00,MPB
28.24,28.24,28.24,28.24,100,2021-05-10 16:10:00,MPB
28.375,28.39,28.375,28.39,200,2021-05-10 16:15:00,MPB
28.25,28.425,28.25,28.425,2500,2021-05-10 16:20:00,MPB
28.26,28.425,28.04,28.2,4100,2021-05-10 16:25:00,MPB
28.2,28.2,28.2,28.2,200,2021-05-10 16:35:00,MPB
28.2,28.2,28.2,28.2,1000,2021-05-10 16:40:00,MPB
28.25,28.27,28.21,28.27,344,2021-05-10 16:45:00,MPB
28.255,28.365,28.255,28.365,200,2021-05-10 16:50:00,MPB
28.2,28.38,28.2,28.3075,580,2021-05-10 16:55:00,MPB
28.2,28.545,28.2,28.255,1100,2021-05-10 17:00:00,MPB
28.26,28.37,28.25,28.26,2100,2021-05-10 17:05:00,MPB
28.365,28.365,28.25,28.25,1400,2021-05-10 17:10:00,MPB
28.2,28.46,28.2,28.22,3250,2021-05-10 17:15:00,MPB
28.25,28.25,28.2,28.2,720,2021-05-10 17:20:00,MPB
28.36,28.36,28.36,28.36,100,2021-05-10 17:25:00,MPB
28.26,28.4,28.26,28.4,200,2021-05-10 17:30:00,MPB
28.33,28.33,28.25,28.25,200,2021-05-10 17:35:00,MPB
28.23,28.23,28.23,28.23,100,2021-05-10 17:40:00,MPB
28.32,28.32,28.1,28.11,940,2021-05-10 17:45:00,MPB
28.1,28.1,28.0,28.1,500,2021-05-10 17:50:00,MPB
28.1,28.33,28.1,28.33,3125,2021-05-10 17:55:00,MPB
28.35,28.35,28.34,28.35,500,2021-05-10 18:00:00,MPB
28.37,28.37,28.37,28.37,200,2021-05-10 18:10:00,MPB
28.37,28.47,28.37,28.37,300,2021-05-10 18:15:00,MPB
28.37,28.37,28.145,28.15,1700,2021-05-10 18:20:00,MPB
28.2,28.32,28.2,28.2,400,2021-05-10 18:35:00,MPB
28.305,28.4,28.305,28.4,200,2021-05-10 18:40:00,MPB
28.4,28.4,28.4,28.4,100,2021-05-10 18:45:00,MPB
28.29,28.29,27.98,27.98,200,2021-05-10 18:55:00,MPB
28.16,28.16,28.16,28.16,100,2021-05-10 19:00:00,MPB
28.1999,28.1999,28.1999,28.1999,100,2021-05-10 19:05:00,MPB
27.995,28.3,27.995,28.3,200,2021-05-10 19:10:00,MPB
28.28,28.28,28.07,28.22,400,2021-05-10 19:15:00,MPB
28.12,28.12,28.02,28.02,200,2021-05-10 19:20:00,MPB
28.08,28.08,28.08,28.08,100,2021-05-10 19:25:00,MPB
27.87,27.99,27.87,27.99,600,2021-05-10 19:30:00,MPB
27.9714,27.9714,27.905,27.905,200,2021-05-10 19:35:00,MPB
27.9804,27.9804,27.9804,27.9804,150,2021-05-10 19:45:00,MPB
27.99,27.99,27.98,27.99,300,2021-05-10 19:50:00,MPB
27.99,28.0,27.85,27.85,3485,2021-05-10 19:55:00,MPB
27.9,27.9,27.9,27.9,3982,2021-05-10 20:00:00,MPB
27.85,27.85,27.85,27.85,278,2021-05-11 13:30:00,MPB
27.89,27.9,27.88,27.88,1000,2021-05-11 13:35:00,MPB
27.89,27.9,27.89,27.89,910,2021-05-11 13:40:00,MPB
27.9,27.9,27.9,27.9,324,2021-05-11 13:45:00,MPB
27.86,28.015,27.86,28.015,995,2021-05-11 14:00:00,MPB
28.06,28.06,28.06,28.06,100,2021-05-11 14:05:00,MPB
27.89,27.89,27.89,27.89,112,2021-05-11 14:10:00,MPB
27.85,27.85,27.85,27.85,189,2021-05-11 14:30:00,MPB
27.77,27.84,27.77,27.77,4246,2021-05-11 14:35:00,MPB
27.84,27.875,27.77,27.77,600,2021-05-11 14:40:00,MPB
27.885,27.885,27.885,27.885,100,2021-05-11 15:00:00,MPB
27.97,27.97,27.97,27.97,100,2021-05-11 15:05:00,MPB
27.97,27.97,27.97,27.97,100,2021-05-11 15:10:00,MPB
27.97,27.97,27.9691,27.9691,200,2021-05-11 15:25:00,MPB
27.99,27.99,27.99,27.99,300,2021-05-11 15:35:00,MPB
27.97,27.98,27.97,27.98,300,2021-05-11 15:40:00,MPB
27.98,27.98,27.98,27.98,100,2021-05-11 15:45:00,MPB
28.0,28.06,28.0,28.02,7920,2021-05-11 15:50:00,MPB
28.06,28.1,27.93,28.036,9082,2021-05-11 15:55:00,MPB
28.05,28.1,28.05,28.1,1500,2021-05-11 16:05:00,MPB
28.1,28.1,28.1,28.1,100,2021-05-11 16:10:00,MPB
28.08,28.08,28.08,28.08,400,2021-05-11 16:15:00,MPB
28.1,28.1,28.1,28.1,100,2021-05-11 16:25:00,MPB
28.1,28.1,28.1,28.1,200,2021-05-11 16:30:00,MPB
28.1,28.1,28.04,28.08,500,2021-05-11 16:40:00,MPB
28.0075,28.02,28.005,28.005,300,2021-05-11 16:55:00,MPB
28.02,28.02,28.02,28.02,100,2021-05-11 17:00:00,MPB
28.045,28.045,28.045,28.045,100,2021-05-11 17:15:00,MPB
28.09,28.1,28.09,28.09,800,2021-05-11 17:20:00,MPB
28.04,28.04,28.04,28.04,200,2021-05-11 17:25:00,MPB
28.04,28.04,28.04,28.04,100,2021-05-11 17:30:00,MPB
28.03,28.1,28.03,28.1,200,2021-05-11 17:35:00,MPB
28.1,28.1,28.0847,28.0847,300,2021-05-11 17:40:00,MPB
28.1,28.1,28.1,28.1,300,2021-05-11 17:45:00,MPB
28.07,28.07,28.07,28.07,100,2021-05-11 17:50:00,MPB
28.07,28.1,28.07,28.07,600,2021-05-11 18:00:00,MPB
28.05,28.07,28.05,28.07,414,2021-05-11 18:05:00,MPB
28.045,28.045,28.045,28.045,100,2021-05-11 18:10:00,MPB
28.1,28.1,28.1,28.1,300,2021-05-11 18:15:00,MPB
28.1,28.1,28.1,28.1,100,2021-05-11 18:20:00,MPB
28.055,28.055,28.055,28.055,100,2021-05-11 18:30:00,MPB
28.07,28.07,28.07,28.07,100,2021-05-11 18:35:00,MPB
28.037,28.037,28.037,28.037,100,2021-05-11 18:40:00,MPB
28.02,28.05,28.01,28.01,400,2021-05-11 18:45:00,MPB
28.05,28.24,28.05,28.24,4854,2021-05-11 18:50:00,MPB
28.24,28.24,28.2,28.2,1200,2021-05-11 18:55:00,MPB
28.2,28.2,28.06,28.06,488,2021-05-11 19:00:00,MPB
28.02,28.02,28.02,28.02,100,2021-05-11 19:05:00,MPB
27.89,28.02,27.89,28.02,400,2021-05-11 19:10:00,MPB
28.03,28.05,28.03,28.05,200,2021-05-11 19:15:00,MPB
28.04,28.05,28.03,28.05,400,2021-05-11 19:20:00,MPB
28.05,28.05,28.05,28.05,200,2021-05-11 19:25:00,MPB
28.0,28.03,28.0,28.03,300,2021-05-11 19:30:00,MPB
27.98,27.98,27.98,27.98,100,2021-05-11 19:35:00,MPB
28.05,28.05,28.03,28.05,400,2021-05-11 19:45:00,MPB
28.04,28.04,27.97,28.03,500,2021-05-11 19:50:00,MPB
28.0,28.0,28.0,28.0,237,2021-05-11 19:55:00,MPB
28.0,28.0,28.0,28.0,3605,2021-05-11 20:00:00,MPB
28.03,28.03,28.03,28.03,229,2021-05-12 13:30:00,MPB
28.0,28.0,28.0,28.0,151,2021-05-12 13:40:00,MPB
27.8,27.8,27.8,27.8,100,2021-05-12 14:10:00,MPB
27.89,27.89,27.89,27.89,400,2021-05-12 14:25:00,MPB
27.98,27.9898,27.82,27.905,4993,2021-05-12 14:55:00,MPB
27.83,27.83,27.83,27.83,100,2021-05-12 15:00:00,MPB
27.98,27.98,27.83,27.83,200,2021-05-12 15:05:00,MPB
27.98,27.98,27.98,27.98,100,2021-05-12 15:10:00,MPB
27.99,27.99,27.99,27.99,100,2021-05-12 15:25:00,MPB
27.98,28.0,27.96,27.96,1126,2021-05-12 15:30:00,MPB
27.82,27.82,27.82,27.82,569,2021-05-12 15:45:00,MPB
27.82,27.82,27.82,27.82,200,2021-05-12 15:50:00,MPB
27.83,27.9,27.82,27.9,1000,2021-05-12 16:00:00,MPB
27.82,27.84,27.82,27.82,1218,2021-05-12 16:05:00,MPB
27.82,27.82,27.82,27.82,308,2021-05-12 16:10:00,MPB
27.88,27.91,27.88,27.905,400,2021-05-12 16:15:00,MPB
27.975,27.975,27.975,27.975,100,2021-05-12 16:30:00,MPB
27.83,27.83,27.83,27.83,100,2021-05-12 16:35:00,MPB
27.98,27.98,27.98,27.98,200,2021-05-12 16:40:00,MPB
27.98,27.98,27.98,27.98,100,2021-05-12 16:45:00,MPB
27.895,27.96,27.82,27.83,2560,2021-05-12 16:55:00,MPB
27.825,27.96,27.825,27.83,400,2021-05-12 17:00:00,MPB
27.82,27.83,27.82,27.82,893,2021-05-12 17:10:00,MPB
27.91,27.91,27.91,27.91,245,2021-05-12 17:20:00,MPB
27.83,27.89,27.82,27.89,400,2021-05-12 17:25:00,MPB
27.82,27.845,27.82,27.845,892,2021-05-12 17:30:00,MPB
27.82,27.82,27.82,27.82,925,2021-05-12 17:40:00,MPB
27.82,27.84,27.82,27.82,1601,2021-05-12 17:45:00,MPB
27.82,27.82,27.82,27.82,100,2021-05-12 17:50:00,MPB
27.83,27.83,27.83,27.83,400,2021-05-12 17:55:00,MPB
27.82,27.82,27.82,27.82,100,2021-05-12 18:00:00,MPB
27.82,27.88,27.77,27.88,1524,2021-05-12 18:10:00,MPB
27.5,27.73,27.5,27.73,330,2021-05-12 18:25:00,MPB
27.53,27.53,27.53,27.53,100,2021-05-12 18:35:00,MPB
27.54,27.56,27.53,27.56,500,2021-05-12 18:40:00,MPB
27.56,27.56,27.56,27.56,100,2021-05-12 18:45:00,MPB
27.71,27.72,27.635,27.72,3080,2021-05-12 18:55:00,MPB
27.69,27.81,27.64,27.78,7177,2021-05-12 19:05:00,MPB
27.79,27.87,27.78,27.78,11500,2021-05-12 19:10:00,MPB
27.7914,27.7914,27.78,27.78,1078,2021-05-12 19:15:00,MPB
27.63,27.63,27.63,27.63,101,2021-05-12 19:20:00,MPB
27.61,27.61,27.61,27.61,104,2021-05-12 19:30:00,MPB
27.61,27.645,27.61,27.645,1300,2021-05-12 19:35:00,MPB
27.645,27.68,27.645,27.68,1100,2021-05-12 19:40:00,MPB
27.53,27.58,27.53,27.58,2024,2021-05-12 19:50:00,MPB
27.53,27.6,27.53,27.55,1658,2021-05-12 19:55:00,MPB
27.57,27.57,27.57,27.57,3312,2021-05-12 20:00:00,MPB
27.48,27.48,27.01,27.01,1234,2021-05-13 13:30:00,MPB
27.9358,27.9358,27.9358,27.9358,100,2021-05-13 13:45:00,MPB
27.99,27.99,27.99,27.99,100,2021-05-13 13:55:00,MPB
27.95,27.95,27.87,27.87,200,2021-05-13 14:00:00,MPB
27.99,28.0,27.95,28.0,2200,2021-05-13 14:20:00,MPB
28.0,28.0,27.9994,28.0,3261,2021-05-13 14:25:00,MPB
28.2,28.21,28.17,28.21,900,2021-05-13 14:35:00,MPB
28.14,28.14,28.14,28.14,200,2021-05-13 14:40:00,MPB
28.15,28.15,28.15,28.15,100,2021-05-13 14:45:00,MPB
28.15,28.15,28.15,28.15,100,2021-05-13 15:00:00,MPB
28.15,28.15,28.15,28.15,400,2021-05-13 15:05:00,MPB
28.12,28.12,28.12,28.12,200,2021-05-13 15:10:00,MPB
28.12,28.12,28.12,28.12,100,2021-05-13 15:20:00,MPB
28.0,28.0,28.0,28.0,100,2021-05-13 15:30:00,MPB
28.12,28.12,28.11,28.11,200,2021-05-13 16:30:00,MPB
28.08,28.08,28.08,28.08,125,2021-05-13 16:35:00,MPB
28.12,28.12,28.12,28.12,100,2021-05-13 16:45:00,MPB
28.12,28.12,28.12,28.12,100,2021-05-13 16:50:00,MPB
28.14,28.14,28.14,28.14,200,2021-05-13 17:00:00,MPB
28.13,28.14,28.12,28.13,926,2021-05-13 17:10:00,MPB
28.09,28.1,28.09,28.1,200,2021-05-13 17:25:00,MPB
28.1,28.1,28.1,28.1,100,2021-05-13 17:30:00,MPB
28.07,28.07,28.07,28.07,100,2021-05-13 17:35:00,MPB
27.97,27.97,27.97,27.97,398,2021-05-13 17:55:00,MPB
28.06,28.07,28.06,28.07,309,2021-05-13 18:05:00,MPB
28.07,28.1,28.06,28.1,2935,2021-05-13 18:15:00,MPB
28.1,28.1,28.1,28.1,400,2021-05-13 18:20:00,MPB
28.0,28.0,28.0,28.0,491,2021-05-13 18:35:00,MPB
28.1,28.1,28.1,28.1,200,2021-05-13 18:40:00,MPB
28.0,28.0,28.0,28.0,100,2021-05-13 18:50:00,MPB
28.1,28.1,28.1,28.1,100,2021-05-13 19:10:00,MPB
28.1,28.2,28.07,28.09,18300,2021-05-13 19:20:00,MPB
28.11,28.11,28.11,28.11,100,2021-05-13 19:30:00,MPB
28.1,28.1,28.09,28.1,600,2021-05-13 19:35:00,MPB
28.07,28.07,28.06,28.06,200,2021-05-13 19:40:00,MPB
28.02,28.07,28.02,28.07,200,2021-05-13 19:45:00,MPB
28.07,28.07,28.0,28.0,2220,2021-05-13 19:55:00,MPB
28.0,28.0,28.0,28.0,2224,2021-05-13 20:00:00,MPB
28.17,28.17,28.14,28.14,1008,2021-05-14 13:30:00,MPB
28.03,28.03,28.03,28.03,200,2021-05-14 13:45:00,MPB
27.73,27.73,27.73,27.73,500,2021-05-14 13:50:00,MPB
28.1226,28.1226,28.0,28.0,450,2021-05-14 14:00:00,MPB
28.0,28.15,28.0,28.01,26500,2021-05-14 14:05:00,MPB
28.0,28.01,28.0,28.01,200,2021-05-14 14:10:00,MPB
28.01,28.045,28.01,28.045,200,2021-05-14 14:15:00,MPB
28.13,28.13,28.13,28.13,100,2021-05-14 14:20:00,MPB
28.045,28.05,28.045,28.05,331,2021-05-14 14:25:00,MPB
28.005,28.005,28.005,28.005,400,2021-05-14 14:30:00,MPB
28.0,28.0,28.0,28.0,100,2021-05-14 14:35:00,MPB
28.005,28.005,28.005,28.005,100,2021-05-14 14:55:00,MPB
27.8831,28.1,27.8831,28.1,1100,2021-05-14 15:00:00,MPB
28.02,28.02,28.02,28.02,100,2021-05-14 15:25:00,MPB
27.84,27.87,27.84,27.87,319,2021-05-14 15:35:00,MPB
27.71,27.8,27.71,27.8,1700,2021-05-14 15:40:00,MPB
27.8,27.8,27.8,27.8,1100,2021-05-14 15:45:00,MPB
28.0,28.0,28.0,28.0,100,2021-05-14 15:50:00,MPB
28.0183,28.0183,28.0183,28.0183,100,2021-05-14 15:55:00,MPB
27.925,27.925,27.87,27.925,600,2021-05-14 16:10:00,MPB
27.89,27.89,27.89,27.89,100,2021-05-14 16:20:00,MPB
27.935,27.935,27.935,27.935,100,2021-05-14 16:35:00,MPB
27.85,27.95,27.85,27.95,1000,2021-05-14 16:40:00,MPB
27.85,27.94,27.85,27.895,2250,2021-05-14 16:45:00,MPB
27.88,27.88,27.875,27.875,350,2021-05-14 17:00:00,MPB
27.875,27.875,27.875,27.875,100,2021-05-14 17:05:00,MPB
27.865,27.865,27.865,27.865,100,2021-05-14 17:10:00,MPB
27.8675,27.95,27.8675,27.95,200,2021-05-14 17:15:00,MPB
27.87,27.875,27.87,27.875,200,2021-05-14 17:50:00,MPB
27.88,27.88,27.85,27.865,400,2021-05-14 17:55:00,MPB
27.8625,27.8625,27.8625,27.8625,100,2021-05-14 18:00:00,MPB
27.85,27.85,27.85,27.85,208,2021-05-14 18:25:00,MPB
27.895,27.895,27.895,27.895,100,2021-05-14 18:30:00,MPB
27.83,27.83,27.83,27.83,100,2021-05-14 18:35:00,MPB
27.75,27.87,27.75,27.87,200,2021-05-14 18:45:00,MPB
27.95,27.95,27.875,27.875,200,2021-05-14 18:50:00,MPB
28.04,28.04,27.85,27.85,200,2021-05-14 18:55:00,MPB
27.915,27.92,27.85,27.9,600,2021-05-14 19:00:00,MPB
27.9275,27.955,27.9,27.9,500,2021-05-14 19:05:00,MPB
27.91,27.935,27.91,27.935,200,2021-05-14 19:10:00,MPB
27.8875,27.925,27.85,27.85,3270,2021-05-14 19:20:00,MPB
28.03,28.05,28.0,28.05,1600,2021-05-14 19:25:00,MPB
28.04,28.04,28.0,28.0,600,2021-05-14 19:30:00,MPB
28.05,28.145,28.0,28.09,12020,2021-05-14 19:35:00,MPB
28.07,28.07,28.01,28.01,300,2021-05-14 19:40:00,MPB
28.105,28.2025,28.06,28.2025,1500,2021-05-14 19:45:00,MPB
28.2,28.2,28.1109,28.19,1600,2021-05-14 19:50:00,MPB
28.13,28.2,28.06,28.19,1958,2021-05-14 19:55:00,MPB
28.16,28.16,28.16,28.16,2973,2021-05-14 20:00:00,MPB
28.16,28.16,28.07,28.07,868,2021-05-17 13:30:00,MPB
27.93,27.93,27.93,27.93,100,2021-05-17 13:50:00,MPB
27.99,28.0,27.99,28.0,200,2021-05-17 14:05:00,MPB
28.0,28.0,28.0,28.0,200,2021-05-17 14:35:00,MPB
28.0,28.0,27.966,28.0,500,2021-05-17 14:40:00,MPB
27.98,27.99,27.98,27.99,200,2021-05-17 14:45:00,MPB
27.99,27.99,27.99,27.99,100,2021-05-17 14:50:00,MPB
27.99,27.99,27.9,27.9,670,2021-05-17 15:00:00,MPB
27.88,28.0,27.8799,28.0,800,2021-05-17 15:10:00,MPB
27.89,27.89,27.88,27.88,880,2021-05-17 15:15:00,MPB
27.97,27.97,27.97,27.97,100,2021-05-17 15:20:00,MPB
27.68,27.68,27.68,27.68,100,2021-05-17 15:25:00,MPB
28.0,28.0,28.0,28.0,160,2021-05-17 15:40:00,MPB
27.97,27.97,27.97,27.97,100,2021-05-17 15:50:00,MPB
28.0,28.0,28.0,28.0,200,2021-05-17 16:05:00,MPB
28.065,28.2,28.0,28.105,909,2021-05-17 16:35:00,MPB
28.01,28.01,28.01,28.01,400,2021-05-17 16:40:00,MPB
28.2,28.2,28.2,28.2,100,2021-05-17 16:45:00,MPB
28.12,28.2,28.12,28.2,300,2021-05-17 16:50:00,MPB
28.16,28.16,28.16,28.16,100,2021-05-17 16:55:00,MPB
28.16,28.16,28.12,28.12,600,2021-05-17 17:00:00,MPB
28.06,28.105,28.06,28.09,600,2021-05-17 17:05:00,MPB
28.0675,28.15,28.0675,28.15,300,2021-05-17 17:10:00,MPB
28.15,28.15,28.085,28.085,305,2021-05-17 17:35:00,MPB
28.03,28.03,28.03,28.03,100,2021-05-17 17:40:00,MPB
28.02,28.02,28.02,28.02,119,2021-05-17 17:45:00,MPB
28.04,28.04,28.04,28.04,100,2021-05-17 17:50:00,MPB
28.15,28.15,28.15,28.15,100,2021-05-17 17:55:00,MPB
28.15,28.2,28.11,28.2,308,2021-05-17 18:05:00,MPB
28.16,28.16,28.14,28.14,200,2021-05-17 18:25:00,MPB
28.14,28.145,28.14,28.145,200,2021-05-17 18:30:00,MPB
28.14,28.14,28.14,28.14,100,2021-05-17 18:35:00,MPB
28.16,28.16,28.16,28.16,100,2021-05-17 18:45:00,MPB
28.14,28.14,28.14,28.14,100,2021-05-17 18:50:00,MPB
28.15,28.15,28.02,28.02,200,2021-05-17 18:55:00,MPB
28.2,28.2,28.07,28.07,500,2021-05-17 19:25:00,MPB
28.2,28.2,28.1,28.175,1200,2021-05-17 19:30:00,MPB
28.185,28.2,28.13,28.13,469,2021-05-17 19:35:00,MPB
28.2,28.2,28.13,28.2,400,2021-05-17 19:40:00,MPB
28.2,28.2,28.155,28.2,828,2021-05-17 19:45:00,MPB
28.2,28.2,28.145,28.185,1200,2021-05-17 19:50:00,MPB
28.155,28.2,28.14,28.14,1208,2021-05-17 19:55:00,MPB
28.2,28.2,28.2,28.2,2028,2021-05-17 20:00:00,MPB
28.0,28.0,28.0,28.0,601,2021-05-18 13:30:00,MPB
28.09,28.09,28.09,28.09,100,2021-05-18 13:40:00,MPB
28.19,28.19,28.19,28.19,104,2021-05-18 13:45:00,MPB
27.84,27.84,27.84,27.84,100,2021-05-18 13:50:00,MPB
28.005,28.005,28.005,28.005,100,2021-05-18 14:15:00,MPB
28.02,28.02,28.02,28.02,300,2021-05-18 14:20:00,MPB
28.025,28.025,28.025,28.025,200,2021-05-18 14:30:00,MPB
28.16,28.16,28.16,28.16,100,2021-05-18 14:35:00,MPB
27.9471,27.95,27.9471,27.95,285,2021-05-18 15:00:00,MPB
28.06,28.06,28.06,28.06,100,2021-05-18 15:05:00,MPB
28.07,28.07,28.07,28.07,100,2021-05-18 15:20:00,MPB
28.07,28.07,28.07,28.07,100,2021-05-18 15:25:00,MPB
28.2,28.2,28.2,28.2,200,2021-05-18 15:30:00,MPB
28.2,28.2,28.04,28.04,2110,2021-05-18 15:40:00,MPB
28.09,28.09,28.09,28.09,100,2021-05-18 15:50:00,MPB
28.105,28.105,28.105,28.105,100,2021-05-18 16:05:00,MPB
28.145,28.145,28.145,28.145,200,2021-05-18 16:20:00,MPB
28.145,28.145,28.145,28.145,100,2021-05-18 16:25:00,MPB
28.14,28.14,28.03,28.03,300,2021-05-18 16:35:00,MPB
27.94,27.99,27.94,27.99,300,2021-05-18 16:45:00,MPB
28.12,28.12,28.04,28.12,400,2021-05-18 16:50:00,MPB
28.12,28.12,28.12,28.12,200,2021-05-18 17:00:00,MPB
28.115,28.115,28.115,28.115,200,2021-05-18 17:05:00,MPB
27.995,27.995,27.995,27.995,100,2021-05-18 17:20:00,MPB
28.0,28.0,28.0,28.0,200,2021-05-18 17:25:00,MPB
27.925,27.925,27.925,27.925,100,2021-05-18 17:45:00,MPB
28.03,28.03,28.03,28.03,100,2021-05-18 17:55:00,MPB
28.095,28.095,28.03,28.07,600,2021-05-18 18:00:00,MPB
28.095,28.095,28.095,28.095,300,2021-05-18 18:05:00,MPB
28.095,28.095,28.095,28.095,100,2021-05-18 18:10:00,MPB
28.02,28.02,28.02,28.02,100,2021-05-18 18:15:00,MPB
28.095,28.095,28.095,28.095,400,2021-05-18 18:20:00,MPB
28.12,28.12,28.12,28.12,100,2021-05-18 18:35:00,MPB
28.075,28.075,28.075,28.075,100,2021-05-18 18:40:00,MPB
28.12,28.13,28.12,28.13,200,2021-05-18 18:50:00,MPB
28.08,28.12,28.03,28.1,1283,2021-05-18 18:55:00,MPB
28.12,28.12,28.03,28.06,400,2021-05-18 19:00:00,MPB
28.09,28.115,28.03,28.115,500,2021-05-18 19:05:00,MPB
28.115,28.115,28.03,28.03,200,2021-05-18 19:15:00,MPB
28.16,28.16,28.16,28.16,100,2021-05-18 19:25:00,MPB
28.145,28.145,28.145,28.145,100,2021-05-18 19:30:00,MPB
28.12,28.12,28.12,28.12,200,2021-05-18 19:40:00,MPB
28.19,28.19,28.19,28.19,100,2021-05-18 19:45:00,MPB
28.155,28.19,28.08,28.12,839,2021-05-18 19:50:00,MPB
28.11,28.11,27.87,27.87,1952,2021-05-18 19:55:00,MPB
27.87,27.87,27.87,27.87,1236,2021-05-18 20:00:00,MPB
27.8,27.8,27.8,27.8,200,2021-05-19 12:30:00,MPB
27.8,27.8,27.8,27.8,250,2021-05-19 12:40:00,MPB
27.79,27.79,27.79,27.79,443,2021-05-19 13:30:00,MPB
27.9399,27.9399,27.9399,27.9399,300,2021-05-19 13:50:00,MPB
27.51,27.84,27.3,27.38,2865,2021-05-19 14:05:00,MPB
27.54,28.19,27.54,28.02,8141,2021-05-19 14:20:00,MPB
27.95,27.95,27.95,27.95,100,2021-05-19 14:25:00,MPB
27.97,27.97,27.97,27.97,100,2021-05-19 14:40:00,MPB
27.75,27.75,27.75,27.75,100,2021-05-19 14:50:00,MPB
27.87,27.87,27.87,27.87,100,2021-05-19 14:55:00,MPB
27.99,27.99,27.81,27.81,400,2021-05-19 15:00:00,MPB
27.81,27.81,27.81,27.81,100,2021-05-19 15:10:00,MPB
27.94,27.94,27.94,27.94,200,2021-05-19 15:15:00,MPB
27.945,27.945,27.9,27.9,400,2021-05-19 15:20:00,MPB
27.63,27.85,27.63,27.65,1000,2021-05-19 15:35:00,MPB
27.695,27.695,27.695,27.695,1300,2021-05-19 16:00:00,MPB
27.735,27.735,27.735,27.735,100,2021-05-19 16:15:00,MPB
27.82,27.82,27.82,27.82,100,2021-05-19 16:35:00,MPB
27.83,27.83,27.83,27.83,200,2021-05-19 16:40:00,MPB
27.87,27.87,27.87,27.87,100,2021-05-19 16:55:00,MPB
27.815,27.815,27.815,27.815,100,2021-05-19 17:05:00,MPB
27.88,27.88,27.88,27.88,100,2021-05-19 17:10:00,MPB
27.82,27.82,27.82,27.82,100,2021-05-19 17:30:00,MPB
27.82,27.82,27.82,27.82,200,2021-05-19 18:00:00,MPB
27.87,27.87,27.87,27.87,100,2021-05-19 18:15:00,MPB
27.68,27.91,27.68,27.91,200,2021-05-19 18:20:00,MPB
27.64,27.64,27.64,27.64,100,2021-05-19 18:30:00,MPB
27.91,27.91,27.91,27.91,100,2021-05-19 18:40:00,MPB
27.92,27.92,27.85,27.89,402,2021-05-19 19:20:00,MPB
27.89,27.89,27.89,27.89,100,2021-05-19 19:25:00,MPB
27.91,27.91,27.91,27.91,100,2021-05-19 19:30:00,MPB
27.995,27.995,27.88,27.89,600,2021-05-19 19:50:00,MPB
28.0,28.0,27.85,27.851,1861,2021-05-19 19:55:00,MPB
27.87,27.87,27.87,27.87,1214,2021-05-19 20:00:00,MPB
27.86,27.86,27.86,27.86,255,2021-05-20 13:30:00,MPB
27.8,27.8,27.8,27.8,100,2021-05-20 13:45:00,MPB
27.7,27.71,27.7,27.71,580,2021-05-20 13:50:00,MPB
27.56,27.655,27.28,27.655,4302,2021-05-20 14:00:00,MPB
27.67,27.67,27.57,27.57,400,2021-05-20 14:05:00,MPB
27.695,27.695,27.62,27.62,200,2021-05-20 14:15:00,MPB
27.695,27.695,27.695,27.695,100,2021-05-20 14:20:00,MPB
27.69,27.69,27.69,27.69,100,2021-05-20 14:40:00,MPB
27.655,27.655,27.655,27.655,200,2021-05-20 14:50:00,MPB
27.645,27.645,27.645,27.645,100,2021-05-20 14:55:00,MPB
27.65,27.65,27.65,27.65,488,2021-05-20 15:00:00,MPB
27.63,27.63,27.6,27.6,200,2021-05-20 15:20:00,MPB
27.63,27.63,27.63,27.63,100,2021-05-20 15:25:00,MPB
27.62,27.62,27.62,27.62,100,2021-05-20 15:30:00,MPB
27.535,27.535,27.535,27.535,176,2021-05-20 15:35:00,MPB
27.56,27.56,27.56,27.56,100,2021-05-20 15:45:00,MPB
27.555,27.555,27.555,27.555,100,2021-05-20 15:55:00,MPB
27.59,27.59,27.59,27.59,100,2021-05-20 16:10:00,MPB
27.605,27.605,27.605,27.605,100,2021-05-20 16:15:00,MPB
27.57,27.57,27.57,27.57,300,2021-05-20 16:20:00,MPB
27.57,27.57,27.57,27.57,100,2021-05-20 16:30:00,MPB
27.55,27.55,27.55,27.55,100,2021-05-20 16:35:00,MPB
27.47,27.47,27.46,27.46,200,2021-05-20 17:00:00,MPB
27.52,27.55,27.52,27.55,300,2021-05-20 17:15:00,MPB
27.42,27.42,27.42,27.42,100,2021-05-20 17:20:00,MPB
27.6,27.67,27.6,27.67,900,2021-05-20 17:25:00,MPB
27.67,27.67,27.67,27.67,100,2021-05-20 17:30:00,MPB
27.77,27.77,27.62,27.62,400,2021-05-20 17:35:00,MPB
27.6,27.6,27.6,27.6,100,2021-05-20 17:45:00,MPB
27.62,27.62,27.62,27.62,100,2021-05-20 17:50:00,MPB
27.59,27.59,27.59,27.59,100,2021-05-20 18:00:00,MPB
27.59,27.59,27.59,27.59,100,2021-05-20 18:05:00,MPB
27.49,27.49,27.49,27.49,100,2021-05-20 18:20:00,MPB
27.62,27.62,27.62,27.62,100,2021-05-20 18:30:00,MPB
27.6,27.61,27.6,27.6,800,2021-05-20 18:35:00,MPB
27.6,27.6,27.6,27.6,100,2021-05-20 18:45:00,MPB
27.6,27.6,27.6,27.6,100,2021-05-20 18:55:00,MPB
27.6,27.6,27.6,27.6,100,2021-05-20 19:10:00,MPB
27.725,27.725,27.625,27.68,600,2021-05-20 19:15:00,MPB
27.7075,27.7075,27.6,27.6,300,2021-05-20 19:25:00,MPB
27.789,27.789,27.789,27.789,100,2021-05-20 19:30:00,MPB
27.735,27.8,27.69,27.71,1400,2021-05-20 19:35:00,MPB
27.75,27.77,27.71,27.77,1719,2021-05-20 19:40:00,MPB
27.77,27.8,27.74,27.77,800,2021-05-20 19:45:00,MPB
27.8,28.0,27.8,27.83,5246,2021-05-20 19:50:00,MPB
27.76,27.83,27.64,27.78,4792,2021-05-20 19:55:00,MPB
27.76,27.76,27.76,27.76,16288,2021-05-20 20:00:00,MPB
27.7,27.7,27.7,27.7,1626,2021-05-21 13:30:00,MPB
27.72,27.72,27.72,27.72,200,2021-05-21 13:35:00,MPB
27.82,27.82,27.82,27.82,100,2021-05-21 14:15:00,MPB
27.885,27.95,27.88,27.95,1431,2021-05-21 14:45:00,MPB
28.065,28.065,27.99,27.99,2036,2021-05-21 14:50:00,MPB
28.0,28.0,27.92,27.92,500,2021-05-21 14:55:00,MPB
27.96,28.0,27.93,27.95,1177,2021-05-21 15:00:00,MPB
28.0,28.0,27.985,27.985,302,2021-05-21 15:10:00,MPB
27.99,27.99,27.99,27.99,300,2021-05-21 15:15:00,MPB
27.94,27.94,27.94,27.94,200,2021-05-21 15:30:00,MPB
27.96,27.96,27.96,27.96,100,2021-05-21 15:45:00,MPB
27.92,27.92,27.92,27.92,400,2021-05-21 15:55:00,MPB
27.84,27.88,27.83,27.88,586,2021-05-21 16:00:00,MPB
27.93,27.95,27.93,27.95,300,2021-05-21 16:25:00,MPB
27.88,27.88,27.88,27.88,100,2021-05-21 16:30:00,MPB
27.88,27.88,27.88,27.88,300,2021-05-21 16:35:00,MPB
27.75,27.75,27.75,27.75,100,2021-05-21 16:45:00,MPB
27.9,27.9,27.76,27.76,200,2021-05-21 16:55:00,MPB
27.73,27.73,27.73,27.73,200,2021-05-21 17:15:00,MPB
27.755,27.845,27.755,27.845,200,2021-05-21 17:30:00,MPB
27.9482,27.9482,27.9482,27.9482,100,2021-05-21 17:35:00,MPB
27.855,27.95,27.855,27.87,300,2021-05-21 17:55:00,MPB
27.85,27.85,27.85,27.85,100,2021-05-21 18:00:00,MPB
27.95,27.95,27.915,27.915,200,2021-05-21 18:10:00,MPB
27.95,27.95,27.95,27.95,100,2021-05-21 18:15:00,MPB
27.92,27.92,27.92,27.92,100,2021-05-21 18:20:00,MPB
27.925,27.925,27.925,27.925,100,2021-05-21 18:30:00,MPB
27.955,27.955,27.955,27.955,100,2021-05-21 18:35:00,MPB
27.93,28.0,27.93,27.98,1200,2021-05-21 18:45:00,MPB
27.98,27.98,27.96,27.96,300,2021-05-21 18:50:00,MPB
27.96,27.96,27.96,27.96,100,2021-05-21 18:55:00,MPB
27.925,27.925,27.92,27.92,200,2021-05-21 19:00:00,MPB
27.94,27.94,27.94,27.94,100,2021-05-21 19:05:00,MPB
28.0,28.0,27.955,28.0,516,2021-05-21 19:10:00,MPB
27.97,27.97,27.97,27.97,200,2021-05-21 19:15:00,MPB
28.0,28.0,28.0,28.0,100,2021-05-21 19:20:00,MPB
28.0,28.0,27.95,27.975,500,2021-05-21 19:25:00,MPB
28.0,28.0,27.98,28.0,400,2021-05-21 19:30:00,MPB
28.0,28.0,27.99,27.99,839,2021-05-21 19:35:00,MPB
27.995,28.0,27.99,27.99,1300,2021-05-21 19:40:00,MPB
27.97,27.97,27.965,27.965,200,2021-05-21 19:45:00,MPB
27.99,28.01,27.83,27.95,7259,2021-05-21 19:50:00,MPB
27.89,27.955,27.68,27.68,2744,2021-05-21 19:55:00,MPB
27.89,27.89,27.89,27.89,8104,2021-05-21 20:00:00,MPB
28.0,28.0,27.65,27.65,1219,2021-05-24 13:30:00,MPB
27.6075,27.95,27.6075,27.95,1000,2021-05-24 13:55:00,MPB
27.95,27.95,27.73,27.88,1700,2021-05-24 14:00:00,MPB
27.81,27.94,27.81,27.94,2400,2021-05-24 14:05:00,MPB
27.92,27.94,27.87,27.94,1100,2021-05-24 14:10:00,MPB
27.939,27.94,27.92,27.92,349,2021-05-24 14:15:00,MPB
27.94,27.94,27.94,27.94,100,2021-05-24 14:20:00,MPB
27.93,27.95,27.93,27.95,1500,2021-05-24 14:25:00,MPB
27.95,27.95,27.95,27.95,400,2021-05-24 14:30:00,MPB
27.97,28.0,27.97,28.0,5740,2021-05-24 14:35:00,MPB
28.0,28.0,28.0,28.0,1621,2021-05-24 14:40:00,MPB
27.99,28.0,27.99,28.0,1900,2021-05-24 14:45:00,MPB
28.0,28.0,28.0,28.0,300,2021-05-24 14:50:00,MPB
27.99,27.99,27.98,27.98,500,2021-05-24 14:55:00,MPB
27.93,27.93,27.82,27.82,500,2021-05-24 15:10:00,MPB
27.9,27.9,27.9,27.9,100,2021-05-24 15:35:00,MPB
27.98,28.0,27.98,28.0,500,2021-05-24 15:40:00,MPB
28.0,28.0,28.0,28.0,400,2021-05-24 15:45:00,MPB
28.0,28.0,28.0,28.0,200,2021-05-24 15:50:00,MPB
28.0,28.0,28.0,28.0,100,2021-05-24 15:55:00,MPB
27.99,27.99,27.98,27.98,300,2021-05-24 16:05:00,MPB
27.94,27.965,27.9369,27.9369,1300,2021-05-24 16:15:00,MPB
27.9355,27.9549,27.91,27.95,1542,2021-05-24 16:20:00,MPB
27.82,27.82,27.82,27.82,100,2021-05-24 16:40:00,MPB
27.96,27.96,27.9,27.9,200,2021-05-24 16:45:00,MPB
27.93,28.0,27.93,28.0,1700,2021-05-24 16:50:00,MPB
28.0,28.0,27.99,27.99,900,2021-05-24 16:55:00,MPB
28.0,28.0,28.0,28.0,200,2021-05-24 17:00:00,MPB
28.0,28.0,27.995,28.0,400,2021-05-24 17:05:00,MPB
28.0,28.0,28.0,28.0,600,2021-05-24 17:10:00,MPB
28.0,28.0,28.0,28.0,200,2021-05-24 17:15:00,MPB
28.0,28.0,28.0,28.0,400,2021-05-24 17:20:00,MPB
28.0,28.0,28.0,28.0,290,2021-05-24 17:25:00,MPB
28.0,28.0,28.0,28.0,200,2021-05-24 17:30:00,MPB
28.0,28.0,28.0,28.0,100,2021-05-24 17:35:00,MPB
28.0,28.0,28.0,28.0,100,2021-05-24 17:40:00,MPB
28.0,28.0,28.0,28.0,300,2021-05-24 17:45:00,MPB
28.0,28.0,27.99,27.99,400,2021-05-24 17:50:00,MPB
28.0,28.03,27.99,28.03,1700,2021-05-24 17:55:00,MPB
28.07,28.07,28.07,28.07,200,2021-05-24 18:00:00,MPB
28.11,28.11,28.11,28.11,100,2021-05-24 18:05:00,MPB
28.165,28.41,28.15,28.25,800,2021-05-24 18:15:00,MPB
28.38,28.67,28.38,28.67,200,2021-05-24 18:20:00,MPB
28.49,28.68,28.46,28.555,1105,2021-05-24 18:25:00,MPB
28.575,28.575,28.575,28.575,200,2021-05-24 18:30:00,MPB
28.51,28.65,28.51,28.65,200,2021-05-24 18:35:00,MPB
28.52,28.52,28.51,28.51,1100,2021-05-24 18:40:00,MPB
28.46,28.46,28.46,28.46,100,2021-05-24 18:45:00,MPB
28.54,28.59,28.49,28.49,1100,2021-05-24 18:50:00,MPB
28.49,28.49,28.47,28.47,700,2021-05-24 18:55:00,MPB
28.47,28.47,28.47,28.47,100,2021-05-24 19:00:00,MPB
28.47,28.47,28.47,28.47,400,2021-05-24 19:05:00,MPB
28.47,28.52,28.47,28.52,300,2021-05-24 19:10:00,MPB
28.51,28.51,28.5,28.5,200,2021-05-24 19:15:00,MPB
28.52,28.56,28.42,28.42,2300,2021-05-24 19:20:00,MPB
28.455,28.48,28.455,28.46,700,2021-05-24 19:25:00,MPB
28.45,28.45,28.44,28.45,1265,2021-05-24 19:30:00,MPB
28.45,28.48,28.45,28.45,1500,2021-05-24 19:35:00,MPB
28.44,28.44,28.44,28.44,200,2021-05-24 19:40:00,MPB
28.44,28.53,28.43,28.53,2208,2021-05-24 19:45:00,MPB
28.46,28.51,28.46,28.5,700,2021-05-24 19:50:00,MPB
28.47,28.47,28.27,28.28,7497,2021-05-24 19:55:00,MPB
28.34,28.34,28.34,28.34,5035,2021-05-24 20:00:00,MPB
28.4,28.4,28.4,28.4,679,2021-05-25 13:30:00,MPB
28.23,28.39,28.211,28.39,476,2021-05-25 13:40:00,MPB
28.29,28.29,28.29,28.29,600,2021-05-25 13:45:00,MPB
28.29,28.29,28.29,28.29,1100,2021-05-25 13:50:00,MPB
28.23,28.23,28.23,28.23,100,2021-05-25 13:55:00,MPB
28.33,28.4,28.29,28.29,1470,2021-05-25 14:00:00,MPB
28.32,28.32,28.32,28.32,100,2021-05-25 14:05:00,MPB
28.28,28.3292,28.28,28.3292,277,2021-05-25 14:15:00,MPB
28.35,28.35,28.35,28.35,100,2021-05-25 14:25:00,MPB
28.38,28.38,28.38,28.38,100,2021-05-25 14:30:00,MPB
28.35,28.35,28.27,28.27,500,2021-05-25 14:40:00,MPB
28.25,28.25,28.2,28.2,634,2021-05-25 14:45:00,MPB
28.16,28.2705,28.16,28.2705,2000,2021-05-25 14:50:00,MPB
28.34,28.34,28.34,28.34,100,2021-05-25 14:55:00,MPB
28.305,28.305,28.305,28.305,100,2021-05-25 15:05:00,MPB
28.35,28.35,28.35,28.35,100,2021-05-25 15:10:00,MPB
28.281,28.281,28.281,28.281,300,2021-05-25 15:20:00,MPB
28.26,28.26,28.145,28.145,600,2021-05-25 15:35:00,MPB
28.04,28.04,28.04,28.04,2000,2021-05-25 15:40:00,MPB
28.34,28.34,28.34,28.34,100,2021-05-25 15:55:00,MPB
28.28,28.28,28.28,28.28,100,2021-05-25 16:10:00,MPB
28.25,28.25,28.25,28.25,100,2021-05-25 16:15:00,MPB
28.34,28.34,28.34,28.34,100,2021-05-25 16:20:00,MPB
28.25,28.33,28.25,28.25,900,2021-05-25 16:25:00,MPB
28.25,28.29,28.25,28.25,300,2021-05-25 16:30:00,MPB
28.25,28.34,28.25,28.25,800,2021-05-25 16:35:00,MPB
28.275,28.3,28.24,28.24,4000,2021-05-25 16:40:00,MPB
28.135,28.135,28.135,28.135,100,2021-05-25 16:50:00,MPB
28.23,28.24,28.23,28.24,200,2021-05-25 17:00:00,MPB
28.29,28.29,28.25,28.29,300,2021-05-25 17:10:00,MPB
28.195,28.23,28.195,28.22,400,2021-05-25 17:25:00,MPB
28.2,28.2,28.2,28.2,100,2021-05-25 17:35:00,MPB
28.25,28.29,28.25,28.26,600,2021-05-25 17:45:00,MPB
28.24,28.24,28.22,28.22,200,2021-05-25 17:50:00,MPB
28.21,28.22,28.21,28.22,400,2021-05-25 17:55:00,MPB
28.24,28.24,28.24,28.24,200,2021-05-25 18:05:00,MPB
28.24,28.24,28.24,28.24,100,2021-05-25 18:10:00,MPB
28.24,28.24,28.24,28.24,300,2021-05-25 18:15:00,MPB
28.23,28.24,28.23,28.24,200,2021-05-25 18:25:00,MPB
28.23,28.23,28.23,28.23,100,2021-05-25 18:30:00,MPB
28.23,28.23,28.23,28.23,100,2021-05-25 18:35:00,MPB
28.24,28.25,28.24,28.24,500,2021-05-25 18:40:00,MPB
28.19,28.22,28.16,28.16,697,2021-05-25 18:50:00,MPB
28.19,28.2,28.19,28.2,200,2021-05-25 19:05:00,MPB
28.22,28.23,28.22,28.23,200,2021-05-25 19:15:00,MPB
28.2,28.2,28.2,28.2,400,2021-05-25 19:20:00,MPB
28.2,28.2,28.2,28.2,200,2021-05-25 19:25:00,MPB
28.16,28.16,28.16,28.16,417,2021-05-25 19:30:00,MPB
28.12,28.12,28.12,28.12,100,2021-05-25 19:35:00,MPB
28.1,28.1,28.1,28.1,500,2021-05-25 19:40:00,MPB
28.11,28.11,28.11,28.11,100,2021-05-25 19:45:00,MPB
28.08,28.1,28.08,28.08,300,2021-05-25 19:50:00,MPB
28.02,28.02,27.82,27.82,3828,2021-05-25 19:55:00,MPB
27.82,27.83,27.82,27.83,3128,2021-05-25 20:00:00,MPB
27.89,27.9,27.89,27.9,431,2021-05-26 13:30:00,MPB
27.9,28.08,27.9,28.08,747,2021-05-26 14:20:00,MPB
28.15,28.15,28.14,28.15,1200,2021-05-26 14:35:00,MPB
28.15,28.15,28.15,28.15,600,2021-05-26 14:40:00,MPB
28.13,28.13,28.13,28.13,300,2021-05-26 14:50:00,MPB
28.15,28.15,28.15,28.15,300,2021-05-26 14:55:00,MPB
28.15,28.15,28.09,28.09,1064,2021-05-26 15:00:00,MPB
28.15,28.15,28.15,28.15,100,2021-05-26 15:10:00,MPB
28.1651,28.1651,28.1651,28.1651,200,2021-05-26 15:15:00,MPB
28.1553,28.1553,28.1553,28.1553,600,2021-05-26 15:30:00,MPB
28.2,28.2,28.2,28.2,100,2021-05-26 15:40:00,MPB
28.06,28.06,28.06,28.06,100,2021-05-26 15:50:00,MPB
28.06,28.06,28.06,28.06,499,2021-05-26 15:55:00,MPB
28.15,28.15,28.15,28.15,225,2021-05-26 16:05:00,MPB
28.2,28.2,28.2,28.2,100,2021-05-26 16:10:00,MPB
28.16,28.16,28.1,28.13,1000,2021-05-26 16:15:00,MPB
28.045,28.045,28.045,28.045,100,2021-05-26 16:30:00,MPB
28.04,28.04,28.04,28.04,100,2021-05-26 16:45:00,MPB
28.05,28.05,28.03,28.03,500,2021-05-26 16:55:00,MPB
28.03,28.05,28.03,28.05,1300,2021-05-26 17:00:00,MPB
28.14,28.14,28.14,28.14,100,2021-05-26 17:05:00,MPB
28.07,28.07,28.06,28.06,400,2021-05-26 17:10:00,MPB
28.14,28.14,28.09,28.09,400,2021-05-26 17:20:00,MPB
28.165,28.165,28.165,28.165,100,2021-05-26 17:30:00,MPB
28.185,28.185,28.185,28.185,100,2021-05-26 17:40:00,MPB
28.15,28.15,28.15,28.15,200,2021-05-26 17:50:00,MPB
28.155,28.155,28.07,28.07,1558,2021-05-26 17:55:00,MPB
28.0,28.01,28.0,28.01,400,2021-05-26 18:00:00,MPB
27.89,27.91,27.89,27.91,300,2021-05-26 18:10:00,MPB
27.955,27.955,27.95,27.95,200,2021-05-26 18:40:00,MPB
27.95,27.95,27.94,27.94,200,2021-05-26 18:50:00,MPB
27.95,27.97,27.91,27.93,770,2021-05-26 19:15:00,MPB
27.89,27.89,27.89,27.89,300,2021-05-26 19:20:00,MPB
27.93,27.93,27.93,27.93,100,2021-05-26 19:30:00,MPB
27.93,27.93,27.9,27.9,300,2021-05-26 19:35:00,MPB
27.89,27.89,27.845,27.845,200,2021-05-26 19:45:00,MPB
27.67,27.79,27.63,27.79,1500,2021-05-26 19:50:00,MPB
27.86,28.02,27.86,28.01,3630,2021-05-26 19:55:00,MPB
28.01,28.01,28.01,28.01,7728,2021-05-26 20:00:00,MPB
28.2,28.2,28.2,28.2,1496,2021-05-27 13:30:00,MPB
27.9304,27.9304,27.9304,27.9304,300,2021-05-27 13:40:00,MPB
28.04,28.04,28.04,28.04,100,2021-05-27 13:50:00,MPB
28.15,28.15,28.125,28.125,1619,2021-05-27 13:55:00,MPB
28.1,28.1,28.1,28.1,630,2021-05-27 14:00:00,MPB
28.135,28.135,28.135,28.135,100,2021-05-27 14:10:00,MPB
28.09,28.09,28.09,28.09,100,2021-05-27 14:15:00,MPB
28.195,28.195,28.195,28.195,100,2021-05-27 14:45:00,MPB
28.085,28.085,28.085,28.085,100,2021-05-27 14:50:00,MPB
28.12,28.15,28.12,28.15,200,2021-05-27 15:05:00,MPB
28.15,28.15,28.15,28.15,100,2021-05-27 16:25:00,MPB
28.13,28.13,28.13,28.13,100,2021-05-27 16:35:00,MPB
28.15,28.15,28.15,28.15,100,2021-05-27 17:05:00,MPB
28.15,28.15,28.115,28.115,200,2021-05-27 18:00:00,MPB
28.19,28.19,28.19,28.19,100,2021-05-27 18:15:00,MPB
28.23,28.23,28.2,28.2,200,2021-05-27 18:30:00,MPB
28.2,28.23,28.2,28.2,400,2021-05-27 18:40:00,MPB
28.2,28.22,28.18,28.18,1100,2021-05-27 18:45:00,MPB
28.225,28.225,28.14,28.14,200,2021-05-27 18:50:00,MPB
28.13,28.13,28.13,28.13,100,2021-05-27 19:05:00,MPB
28.16,28.16,28.16,28.16,100,2021-05-27 19:10:00,MPB
28.23,28.23,28.11,28.11,1400,2021-05-27 19:20:00,MPB
28.18,28.18,28.18,28.18,100,2021-05-27 19:40:00,MPB
28.17,28.17,28.1,28.1,200,2021-05-27 19:45:00,MPB
28.13,28.21,28.11,28.165,903,2021-05-27 19:50:00,MPB
28.09,28.11,27.98,27.99,3563,2021-05-27 19:55:00,MPB
28.12,28.12,28.12,28.12,4803,2021-05-27 20:00:00,MPB
28.18,28.18,28.18,28.18,142,2021-05-28 13:30:00,MPB
27.98,27.98,27.98,27.98,200,2021-05-28 13:35:00,MPB
28.1899,28.1899,28.1899,28.1899,100,2021-05-28 13:55:00,MPB
28.02,28.02,28.02,28.02,200,2021-05-28 14:10:00,MPB
28.08,28.1,28.05,28.05,900,2021-05-28 14:25:00,MPB
28.055,28.055,28.03,28.03,200,2021-05-28 15:05:00,MPB
28.18,28.18,28.18,28.18,100,2021-05-28 15:40:00,MPB
28.15,28.19,28.13,28.15,1100,2021-05-28 16:25:00,MPB
28.15,28.2,28.15,28.17,1677,2021-05-28 16:30:00,MPB
28.2,28.2,28.06,28.1,1900,2021-05-28 16:35:00,MPB
28.02,28.02,28.0,28.0,200,2021-05-28 16:40:00,MPB
28.2,28.2,28.2,28.2,100,2021-05-28 17:45:00,MPB
28.15,28.19,28.15,28.19,300,2021-05-28 18:15:00,MPB
28.175,28.19,28.175,28.19,450,2021-05-28 18:40:00,MPB
28.14,28.14,28.14,28.14,200,2021-05-28 18:45:00,MPB
28.14,28.16,28.14,28.16,200,2021-05-28 19:20:00,MPB
28.16,28.16,28.16,28.16,100,2021-05-28 19:25:00,MPB
28.18,28.18,28.18,28.18,100,2021-05-28 19:35:00,MPB
28.19,28.19,28.19,28.19,200,2021-05-28 19:45:00,MPB
28.19,28.19,28.19,28.19,100,2021-05-28 19:50:00,MPB
28.2,28.2,28.18,28.18,2086,2021-05-28 19:55:00,MPB
28.2,28.2,28.2,28.2,3885,2021-05-28 20:00:00,MPB
