open,high,low,close,volume,datetime,symbol
10.83,10.83,10.83,10.83,154,2021-06-01 13:30:00,DCTH
10.79,10.79,10.76,10.76,1070,2021-06-01 13:32:00,DCTH
10.76,10.76,10.76,10.76,100,2021-06-01 13:39:00,DCTH
10.86,10.86,10.86,10.86,100,2021-06-01 13:40:00,DCTH
11.0,11.0,11.0,11.0,105,2021-06-01 13:41:00,DCTH
10.88,10.88,10.88,10.88,200,2021-06-01 13:43:00,DCTH
10.97,11.0,10.97,10.99,500,2021-06-01 13:47:00,DCTH
10.9986,11.0,10.9986,11.0,750,2021-06-01 13:48:00,DCTH
10.93,10.93,10.93,10.93,108,2021-06-01 13:52:00,DCTH
10.92,10.92,10.92,10.92,100,2021-06-01 14:03:00,DCTH
11.0,11.0,10.99,10.99,2244,2021-06-01 14:09:00,DCTH
11.1,11.1,11.0,11.0,200,2021-06-01 14:19:00,DCTH
11.1,11.1,11.1,11.1,100,2021-06-01 14:29:00,DCTH
11.06,11.06,11.06,11.06,100,2021-06-01 14:50:00,DCTH
11.059,11.059,10.95,11.01,1500,2021-06-01 14:51:00,DCTH
11.02,11.02,11.01,11.01,300,2021-06-01 14:55:00,DCTH
11.02,11.02,11.01,11.01,300,2021-06-01 14:56:00,DCTH
11.0963,11.0963,11.01,11.0905,2500,2021-06-01 14:58:00,DCTH
11.01,11.01,11.01,11.01,100,2021-06-01 14:59:00,DCTH
11.0999,11.0999,11.0999,11.0999,100,2021-06-01 15:00:00,DCTH
11.01,11.01,11.01,11.01,100,2021-06-01 15:03:00,DCTH
11.07,11.07,11.07,11.07,150,2021-06-01 15:05:00,DCTH
11.0965,11.1,11.0965,11.1,2090,2021-06-01 15:06:00,DCTH
11.1,11.15,11.1,11.15,1369,2021-06-01 15:07:00,DCTH
11.15,11.15,11.15,11.15,132,2021-06-01 15:09:00,DCTH
11.16,11.16,11.16,11.16,100,2021-06-01 15:10:00,DCTH
11.23,11.23,11.23,11.23,100,2021-06-01 15:13:00,DCTH
11.29,11.29,11.29,11.29,100,2021-06-01 15:15:00,DCTH
11.17,11.18,11.17,11.18,1100,2021-06-01 15:16:00,DCTH
11.23,11.23,11.23,11.23,100,2021-06-01 15:17:00,DCTH
11.28,11.28,11.28,11.28,100,2021-06-01 15:18:00,DCTH
11.3,11.3,11.3,11.3,300,2021-06-01 15:20:00,DCTH
11.3,11.3,11.3,11.3,100,2021-06-01 15:21:00,DCTH
11.22,11.22,11.22,11.22,100,2021-06-01 15:22:00,DCTH
11.21,11.22,11.21,11.22,400,2021-06-01 15:23:00,DCTH
11.12,11.2,11.12,11.2,200,2021-06-01 15:36:00,DCTH
11.1798,11.1798,11.1798,11.1798,268,2021-06-01 15:40:00,DCTH
11.21,11.21,11.21,11.21,100,2021-06-01 15:43:00,DCTH
11.21,11.21,11.21,11.21,100,2021-06-01 15:52:00,DCTH
11.14,11.14,10.985,10.985,1200,2021-06-01 16:03:00,DCTH
11.17,11.17,11.17,11.17,100,2021-06-01 16:11:00,DCTH
11.14,11.23,11.14,11.18,2041,2021-06-01 16:12:00,DCTH
11.22,11.22,11.22,11.22,1200,2021-06-01 16:13:00,DCTH
11.28,11.3,11.28,11.3,1000,2021-06-01 16:15:00,DCTH
11.24,11.29,11.24,11.26,500,2021-06-01 16:16:00,DCTH
11.29,11.29,11.29,11.29,300,2021-06-01 16:17:00,DCTH
11.3,11.3,11.295,11.295,1890,2021-06-01 16:20:00,DCTH
11.33,11.47,11.32,11.47,3275,2021-06-01 16:24:00,DCTH
11.5534,11.5534,11.5534,11.5534,1000,2021-06-01 16:29:00,DCTH
11.47,11.475,11.47,11.475,200,2021-06-01 16:38:00,DCTH
11.47,11.47,11.47,11.47,100,2021-06-01 16:39:00,DCTH
11.46,11.46,11.45,11.4501,500,2021-06-01 16:43:00,DCTH
11.45,11.45,11.45,11.45,800,2021-06-01 16:44:00,DCTH
11.2,11.2,11.2,11.2,100,2021-06-01 16:46:00,DCTH
11.38,11.38,11.38,11.38,200,2021-06-01 16:47:00,DCTH
11.23,11.23,11.23,11.23,200,2021-06-01 16:56:00,DCTH
11.2214,11.2214,11.2214,11.2214,150,2021-06-01 17:02:00,DCTH
11.24,11.24,11.24,11.24,2200,2021-06-01 17:10:00,DCTH
11.24,11.24,11.24,11.24,117,2021-06-01 17:11:00,DCTH
11.22,11.22,11.22,11.22,140,2021-06-01 17:15:00,DCTH
11.35,11.37,11.33,11.37,2689,2021-06-01 17:33:00,DCTH
11.28,11.28,11.28,11.28,100,2021-06-01 17:43:00,DCTH
11.24,11.24,11.24,11.24,100,2021-06-01 17:45:00,DCTH
11.37,11.37,11.31,11.31,7573,2021-06-01 17:46:00,DCTH
11.31,11.31,11.31,11.31,121,2021-06-01 17:51:00,DCTH
11.31,11.31,11.31,11.31,110,2021-06-01 17:52:00,DCTH
11.24,11.24,11.24,11.24,100,2021-06-01 17:56:00,DCTH
11.24,11.24,11.23,11.23,200,2021-06-01 18:04:00,DCTH
11.24,11.24,11.24,11.24,100,2021-06-01 18:11:00,DCTH
11.25,11.25,11.25,11.25,200,2021-06-01 18:13:00,DCTH
11.25,11.25,11.24,11.2469,1200,2021-06-01 18:23:00,DCTH
11.23,11.23,11.23,11.23,100,2021-06-01 18:27:00,DCTH
11.24,11.24,11.23,11.23,200,2021-06-01 18:32:00,DCTH
11.31,11.31,11.31,11.31,132,2021-06-01 18:34:00,DCTH
11.22,11.22,11.22,11.22,292,2021-06-01 18:41:00,DCTH
11.25,11.25,11.25,11.25,200,2021-06-01 18:48:00,DCTH
11.21,11.21,11.21,11.21,100,2021-06-01 18:49:00,DCTH
11.3244,11.3244,11.3244,11.3244,500,2021-06-01 18:54:00,DCTH
11.22,11.22,11.21,11.21,200,2021-06-01 18:57:00,DCTH
11.19,11.19,11.19,11.19,200,2021-06-01 18:59:00,DCTH
11.19,11.19,11.18,11.18,200,2021-06-01 19:04:00,DCTH
11.19,11.19,11.19,11.19,100,2021-06-01 19:06:00,DCTH
11.2,11.2,11.19,11.19,200,2021-06-01 19:11:00,DCTH
11.19,11.19,11.18,11.18,200,2021-06-01 19:17:00,DCTH
11.19,11.19,11.18,11.18,5105,2021-06-01 19:22:00,DCTH
11.18,11.18,11.18,11.18,800,2021-06-01 19:26:00,DCTH
11.18,11.18,11.18,11.18,6234,2021-06-01 19:30:00,DCTH
11.18,11.18,11.18,11.18,200,2021-06-01 19:31:00,DCTH
11.21,11.24,11.21,11.24,700,2021-06-01 19:36:00,DCTH
11.21,11.21,11.19,11.19,200,2021-06-01 19:39:00,DCTH
11.1801,11.19,11.18,11.18,500,2021-06-01 19:42:00,DCTH
11.18,11.21,11.18,11.21,200,2021-06-01 19:43:00,DCTH
11.19,11.19,11.18,11.18,200,2021-06-01 19:44:00,DCTH
11.19,11.19,11.19,11.19,200,2021-06-01 19:48:00,DCTH
11.18,11.21,11.18,11.21,300,2021-06-01 19:52:00,DCTH
11.21,11.22,11.11,11.11,500,2021-06-01 19:55:00,DCTH
11.08,11.08,11.02,11.02,200,2021-06-01 19:56:00,DCTH
10.99,11.11,10.98,11.0,700,2021-06-01 19:58:00,DCTH
11.0,11.11,10.98,11.0,2600,2021-06-01 19:59:00,DCTH
11.27,11.27,11.27,11.27,355,2021-06-01 20:00:00,DCTH
11.3,11.3,11.3,11.3,158,2021-06-02 13:30:00,DCTH
11.3843,11.3843,11.3,11.3,330,2021-06-02 13:33:00,DCTH
11.3,11.3,11.3,11.3,2000,2021-06-02 13:34:00,DCTH
11.34,11.34,11.34,11.34,100,2021-06-02 13:35:00,DCTH
11.3,11.3028,11.3,11.3,3850,2021-06-02 13:39:00,DCTH
11.36,11.36,11.36,11.36,100,2021-06-02 13:43:00,DCTH
11.365,11.365,11.365,11.365,300,2021-06-02 13:56:00,DCTH
11.3,11.38,11.3,11.3,6427,2021-06-02 13:57:00,DCTH
11.2165,11.2165,11.2165,11.2165,190,2021-06-02 14:08:00,DCTH
11.2899,11.2899,11.2899,11.2899,150,2021-06-02 14:12:00,DCTH
11.0291,11.0291,11.0291,11.0291,500,2021-06-02 14:23:00,DCTH
11.21,11.21,11.2,11.2,400,2021-06-02 14:41:00,DCTH
11.1,11.1,11.1,11.1,200,2021-06-02 14:49:00,DCTH
11.2,11.2,11.2,11.2,100,2021-06-02 14:53:00,DCTH
11.0608,11.0608,11.0608,11.0608,100,2021-06-02 14:54:00,DCTH
10.95,10.95,10.95,10.95,200,2021-06-02 15:17:00,DCTH
11.02,11.03,10.965,10.965,1238,2021-06-02 15:30:00,DCTH
10.98,10.985,10.98,10.985,200,2021-06-02 15:45:00,DCTH
11.1,11.1,11.1,11.1,100,2021-06-02 15:56:00,DCTH
11.09,11.09,11.09,11.09,100,2021-06-02 15:59:00,DCTH
10.86,10.86,10.86,10.86,100,2021-06-02 16:19:00,DCTH
11.0072,11.08,11.0072,11.08,800,2021-06-02 16:28:00,DCTH
10.89,10.89,10.89,10.89,100,2021-06-02 16:51:00,DCTH
11.108,11.108,11.108,11.108,300,2021-06-02 17:40:00,DCTH
11.01,11.01,11.01,11.01,100,2021-06-02 17:46:00,DCTH
11.1097,11.1097,11.1097,11.1097,500,2021-06-02 17:49:00,DCTH
11.075,11.075,11.075,11.075,316,2021-06-02 18:02:00,DCTH
11.1499,11.1499,11.1499,11.1499,100,2021-06-02 18:05:00,DCTH
11.06,11.06,11.05,11.05,200,2021-06-02 18:06:00,DCTH
11.02,11.02,11.02,11.02,100,2021-06-02 18:19:00,DCTH
11.075,11.22,11.075,11.22,1631,2021-06-02 18:23:00,DCTH
11.2,11.2,11.2,11.2,329,2021-06-02 18:24:00,DCTH
11.145,11.145,11.145,11.145,100,2021-06-02 18:42:00,DCTH
11.2,11.2,11.2,11.2,100,2021-06-02 18:43:00,DCTH
11.26,11.26,11.26,11.26,300,2021-06-02 18:48:00,DCTH
11.01,11.01,11.01,11.01,100,2021-06-02 18:49:00,DCTH
11.135,11.135,11.135,11.135,200,2021-06-02 19:01:00,DCTH
11.0101,11.0101,11.0101,11.0101,100,2021-06-02 19:03:00,DCTH
11.13,11.13,11.13,11.13,100,2021-06-02 19:20:00,DCTH
11.115,11.115,11.115,11.115,123,2021-06-02 19:40:00,DCTH
11.12,11.12,11.11,11.11,200,2021-06-02 19:55:00,DCTH
11.11,11.1114,11.095,11.095,805,2021-06-02 19:56:00,DCTH
11.0001,11.0001,11.0001,11.0001,100,2021-06-02 19:57:00,DCTH
11.0,11.12,10.93,10.93,600,2021-06-02 19:59:00,DCTH
11.11,11.11,11.11,11.11,291,2021-06-02 20:00:00,DCTH
11.0,11.0,11.0,11.0,115,2021-06-03 13:12:00,DCTH
10.95,10.95,10.95,10.95,130,2021-06-03 13:30:00,DCTH
11.0,11.0,11.0,11.0,105,2021-06-03 13:44:00,DCTH
11.0,11.0,11.0,11.0,100,2021-06-03 14:07:00,DCTH
11.0493,11.0493,11.0493,11.0493,390,2021-06-03 14:29:00,DCTH
11.0703,11.0703,11.0703,11.0703,300,2021-06-03 14:38:00,DCTH
11.115,11.12,11.11,11.12,500,2021-06-03 14:41:00,DCTH
11.1101,11.1101,11.1101,11.1101,100,2021-06-03 15:39:00,DCTH
11.27,11.27,11.125,11.125,439,2021-06-03 15:40:00,DCTH
11.21,11.22,11.21,11.22,200,2021-06-03 15:45:00,DCTH
11.25,11.25,11.21,11.21,541,2021-06-03 15:46:00,DCTH
11.21,11.21,11.2,11.2,761,2021-06-03 15:49:00,DCTH
11.15,11.15,11.15,11.15,100,2021-06-03 15:55:00,DCTH
11.2417,11.2417,11.2417,11.2417,2000,2021-06-03 16:07:00,DCTH
11.11,11.11,11.11,11.11,100,2021-06-03 16:11:00,DCTH
11.2,11.2,11.0796,11.0796,831,2021-06-03 16:25:00,DCTH
11.27,11.27,11.27,11.27,100,2021-06-03 17:23:00,DCTH
11.2,11.2,11.2,11.2,100,2021-06-03 17:42:00,DCTH
11.265,11.265,11.265,11.265,320,2021-06-03 17:49:00,DCTH
11.265,11.265,11.265,11.265,400,2021-06-03 17:52:00,DCTH
11.2,11.2,11.2,11.2,800,2021-06-03 17:56:00,DCTH
11.1844,11.1844,11.1844,11.1844,239,2021-06-03 18:04:00,DCTH
11.01,11.01,11.0,11.0,1700,2021-06-03 18:05:00,DCTH
11.06,11.115,11.06,11.115,200,2021-06-03 18:17:00,DCTH
11.07,11.07,10.98,10.99,1261,2021-06-03 18:18:00,DCTH
11.0,11.0,11.0,11.0,3802,2021-06-03 18:19:00,DCTH
11.135,11.15,11.135,11.15,400,2021-06-03 18:20:00,DCTH
11.14,11.15,11.14,11.15,500,2021-06-03 18:25:00,DCTH
11.13,11.13,11.13,11.13,200,2021-06-03 18:26:00,DCTH
11.02,11.02,11.0,11.01,1300,2021-06-03 18:30:00,DCTH
11.08,11.09,11.08,11.09,800,2021-06-03 18:31:00,DCTH
11.11,11.13,11.11,11.13,300,2021-06-03 18:32:00,DCTH
11.2,11.2,11.19,11.19,200,2021-06-03 18:40:00,DCTH
11.18,11.18,11.18,11.18,200,2021-06-03 18:42:00,DCTH
11.19,11.19,11.19,11.19,100,2021-06-03 18:43:00,DCTH
11.15,11.15,11.15,11.15,600,2021-06-03 18:50:00,DCTH
11.09,11.09,11.09,11.09,200,2021-06-03 18:51:00,DCTH
11.08,11.18,11.08,11.18,300,2021-06-03 18:52:00,DCTH
11.19,11.19,11.19,11.19,100,2021-06-03 18:53:00,DCTH
11.18,11.18,11.18,11.18,200,2021-06-03 18:54:00,DCTH
11.11,11.11,11.11,11.11,100,2021-06-03 18:59:00,DCTH
11.06,11.06,11.06,11.06,200,2021-06-03 19:07:00,DCTH
11.16,11.16,11.16,11.16,100,2021-06-03 19:17:00,DCTH
11.11,11.11,11.11,11.11,100,2021-06-03 19:18:00,DCTH
11.07,11.07,11.07,11.07,100,2021-06-03 19:43:00,DCTH
11.01,11.01,11.0,11.0,300,2021-06-03 19:45:00,DCTH
11.09,11.1,11.01,11.1,1400,2021-06-03 19:59:00,DCTH
11.11,11.11,11.11,11.11,257,2021-06-03 20:00:00,DCTH
11.11,11.11,11.11,11.11,408,2021-06-04 13:30:00,DCTH
11.18,11.18,11.18,11.18,100,2021-06-04 13:40:00,DCTH
11.2101,11.2101,11.2101,11.2101,100,2021-06-04 14:03:00,DCTH
11.24,11.24,11.24,11.24,1300,2021-06-04 14:17:00,DCTH
11.2,11.2,11.2,11.2,241,2021-06-04 14:19:00,DCTH
11.2,11.21,11.13,11.13,700,2021-06-04 15:24:00,DCTH
11.19,11.19,11.19,11.19,100,2021-06-04 15:39:00,DCTH
11.12,11.12,11.12,11.12,100,2021-06-04 15:41:00,DCTH
11.1301,11.1301,11.1301,11.1301,100,2021-06-04 15:53:00,DCTH
11.13,11.1306,11.11,11.11,1122,2021-06-04 16:07:00,DCTH
11.1,11.1,11.1,11.1,200,2021-06-04 16:12:00,DCTH
11.1,11.1,11.1,11.1,200,2021-06-04 16:27:00,DCTH
11.1,11.11,11.095,11.095,4044,2021-06-04 16:40:00,DCTH
11.05,11.05,11.05,11.05,700,2021-06-04 16:49:00,DCTH
11.05,11.05,11.04,11.04,300,2021-06-04 16:50:00,DCTH
11.08,11.08,11.08,11.08,100,2021-06-04 17:35:00,DCTH
11.08,11.08,11.08,11.08,160,2021-06-04 17:42:00,DCTH
11.0,11.0,11.0,11.0,100,2021-06-04 17:44:00,DCTH
11.0,11.0,11.0,11.0,600,2021-06-04 17:47:00,DCTH
11.0,11.0,11.0,11.0,358,2021-06-04 17:51:00,DCTH
10.88,10.88,10.8001,10.8001,240,2021-06-04 18:07:00,DCTH
10.88,10.915,10.88,10.915,400,2021-06-04 18:08:00,DCTH
10.9156,10.9156,10.9156,10.9156,1000,2021-06-04 18:10:00,DCTH
10.8335,10.9,10.8335,10.9,1200,2021-06-04 18:20:00,DCTH
10.9623,10.9623,10.9623,10.9623,198,2021-06-04 18:23:00,DCTH
10.895,10.895,10.895,10.895,750,2021-06-04 18:55:00,DCTH
10.895,10.895,10.895,10.895,1000,2021-06-04 18:58:00,DCTH
10.84,10.88,10.83,10.86,574,2021-06-04 18:59:00,DCTH
10.96,10.99,10.95,10.99,1479,2021-06-04 19:05:00,DCTH
11.0,11.0,11.0,11.0,100,2021-06-04 19:06:00,DCTH
11.18,11.18,11.17,11.17,200,2021-06-04 19:14:00,DCTH
11.18,11.18,11.08,11.09,1600,2021-06-04 19:15:00,DCTH
11.0,11.0,10.99,10.9997,1175,2021-06-04 19:21:00,DCTH
11.01,11.02,11.01,11.02,700,2021-06-04 19:23:00,DCTH
11.0,11.0,11.0,11.0,100,2021-06-04 19:25:00,DCTH
11.03,11.04,11.03,11.04,300,2021-06-04 19:26:00,DCTH
11.1,11.11,11.1,11.1003,400,2021-06-04 19:28:00,DCTH
11.01,11.01,11.01,11.01,200,2021-06-04 19:29:00,DCTH
11.01,11.02,11.01,11.02,300,2021-06-04 19:30:00,DCTH
11.15,11.15,11.15,11.15,500,2021-06-04 19:31:00,DCTH
11.14,11.14,11.14,11.14,100,2021-06-04 19:36:00,DCTH
10.97,10.97,10.9,10.9,600,2021-06-04 19:37:00,DCTH
10.97,10.97,10.97,10.97,500,2021-06-04 19:38:00,DCTH
10.97,11.12,10.97,11.12,887,2021-06-04 19:43:00,DCTH
11.14,11.14,11.14,11.14,400,2021-06-04 19:44:00,DCTH
11.08,11.09,11.08,11.09,600,2021-06-04 19:45:00,DCTH
10.96,10.97,10.9406,10.9406,1700,2021-06-04 19:46:00,DCTH
11.15,11.15,11.15,11.15,1500,2021-06-04 19:47:00,DCTH
11.14,11.14,10.9,10.9,800,2021-06-04 19:49:00,DCTH
10.84,10.9,10.83,10.9,500,2021-06-04 19:50:00,DCTH
10.95,10.97,10.95,10.97,1100,2021-06-04 19:51:00,DCTH
10.94,11.0,10.94,11.0,600,2021-06-04 19:52:00,DCTH
10.96,10.96,10.96,10.96,457,2021-06-04 19:55:00,DCTH
10.9,10.9,10.81,10.81,1923,2021-06-04 19:59:00,DCTH
10.76,10.76,10.76,10.76,189,2021-06-04 20:00:00,DCTH
10.68,10.68,10.68,10.68,100,2021-06-04 20:10:00,DCTH
10.66,10.66,10.66,10.66,100,2021-06-04 20:17:00,DCTH
11.25,11.25,11.25,11.25,760,2021-06-04 21:40:00,DCTH
11.71,11.71,11.71,11.71,200,2021-06-07 12:01:00,DCTH
11.88,11.88,11.88,11.88,100,2021-06-07 12:22:00,DCTH
11.88,11.88,11.88,11.88,200,2021-06-07 12:23:00,DCTH
11.88,11.88,11.88,11.88,100,2021-06-07 12:24:00,DCTH
11.93,11.93,11.93,11.93,300,2021-06-07 12:25:00,DCTH
11.93,11.96,11.93,11.93,807,2021-06-07 12:26:00,DCTH
11.9,11.93,11.9,11.93,800,2021-06-07 12:29:00,DCTH
11.8,11.8,11.8,11.8,100,2021-06-07 12:40:00,DCTH
11.8,11.8,11.8,11.8,100,2021-06-07 12:41:00,DCTH
11.8,11.93,11.8,11.93,1532,2021-06-07 12:46:00,DCTH
11.8,11.8,11.8,11.8,100,2021-06-07 12:47:00,DCTH
11.8,11.8,11.8,11.8,250,2021-06-07 12:57:00,DCTH
11.79,11.79,11.79,11.79,200,2021-06-07 12:59:00,DCTH
11.78,11.78,11.78,11.78,700,2021-06-07 13:03:00,DCTH
11.78,11.78,11.78,11.78,100,2021-06-07 13:18:00,DCTH
11.6,11.6,11.6,11.6,150,2021-06-07 13:19:00,DCTH
11.78,11.8,11.78,11.8,1000,2021-06-07 13:20:00,DCTH
11.62,11.76,11.58,11.66,3666,2021-06-07 13:30:00,DCTH
11.6,11.6,11.4579,11.5523,2891,2021-06-07 13:31:00,DCTH
11.525,11.525,11.525,11.525,200,2021-06-07 13:32:00,DCTH
11.4501,11.6,11.45,11.6,1150,2021-06-07 13:33:00,DCTH
11.45,11.45,11.45,11.45,200,2021-06-07 13:34:00,DCTH
11.55,11.55,11.55,11.55,141,2021-06-07 13:35:00,DCTH
11.59,11.59,11.55,11.55,200,2021-06-07 13:36:00,DCTH
11.51,11.51,11.5,11.5,350,2021-06-07 13:40:00,DCTH
11.45,11.4791,11.44,11.4791,1150,2021-06-07 13:41:00,DCTH
11.44,11.44,11.44,11.44,1248,2021-06-07 13:43:00,DCTH
11.2321,11.24,11.2321,11.24,1100,2021-06-07 13:51:00,DCTH
11.1583,11.1583,11.1583,11.1583,2000,2021-06-07 13:54:00,DCTH
11.4129,11.4129,11.4129,11.4129,300,2021-06-07 13:55:00,DCTH
11.22,11.22,11.22,11.22,100,2021-06-07 14:02:00,DCTH
11.29,11.29,11.29,11.29,400,2021-06-07 14:09:00,DCTH
11.3598,11.3598,11.3598,11.3598,3000,2021-06-07 14:10:00,DCTH
11.28,11.28,11.28,11.28,100,2021-06-07 14:12:00,DCTH
11.2999,11.2999,11.2999,11.2999,600,2021-06-07 14:14:00,DCTH
11.2999,11.2999,11.2999,11.2999,400,2021-06-07 14:15:00,DCTH
11.18,11.18,11.18,11.18,100,2021-06-07 14:16:00,DCTH
11.2,11.2,11.2,11.2,100,2021-06-07 14:17:00,DCTH
11.25,11.25,11.25,11.25,3000,2021-06-07 14:18:00,DCTH
11.24,11.25,11.24,11.25,800,2021-06-07 14:19:00,DCTH
11.19,11.19,11.18,11.18,200,2021-06-07 14:21:00,DCTH
11.1,11.1,11.1,11.1,100,2021-06-07 14:22:00,DCTH
11.19,11.19,11.01,11.01,2498,2021-06-07 14:27:00,DCTH
11.1,11.1,11.05,11.05,1300,2021-06-07 14:28:00,DCTH
11.05,11.05,11.05,11.05,100,2021-06-07 14:29:00,DCTH
11.0499,11.05,11.0499,11.05,200,2021-06-07 14:31:00,DCTH
11.05,11.05,11.05,11.05,600,2021-06-07 14:36:00,DCTH
11.05,11.05,11.05,11.05,289,2021-06-07 14:37:00,DCTH
11.21,11.22,11.21,11.22,200,2021-06-07 14:40:00,DCTH
11.23,11.23,11.23,11.23,100,2021-06-07 14:44:00,DCTH
11.2143,11.2143,11.1691,11.1691,700,2021-06-07 14:46:00,DCTH
11.23,11.23,11.23,11.23,250,2021-06-07 14:48:00,DCTH
11.0621,11.0621,11.0621,11.0621,500,2021-06-07 14:53:00,DCTH
11.11,11.11,11.11,11.11,450,2021-06-07 14:55:00,DCTH
11.11,11.11,11.11,11.11,100,2021-06-07 14:56:00,DCTH
11.11,11.11,11.11,11.11,500,2021-06-07 15:01:00,DCTH
11.17,11.17,11.17,11.17,500,2021-06-07 15:09:00,DCTH
11.16,11.17,11.14,11.17,3455,2021-06-07 15:10:00,DCTH
11.16,11.19,11.16,11.17,400,2021-06-07 15:12:00,DCTH
11.2,11.2,11.2,11.2,100,2021-06-07 15:41:00,DCTH
11.18,11.2,11.18,11.2,3344,2021-06-07 15:50:00,DCTH
11.18,11.2,11.18,11.2,400,2021-06-07 15:51:00,DCTH
11.02,11.02,11.02,11.02,100,2021-06-07 15:54:00,DCTH
11.18,11.2,11.18,11.2,400,2021-06-07 16:02:00,DCTH
11.2,11.2,11.2,11.2,800,2021-06-07 16:03:00,DCTH
11.1,11.1,11.1,11.1,1200,2021-06-07 16:04:00,DCTH
11.105,11.105,11.105,11.105,1000,2021-06-07 16:13:00,DCTH
11.2,11.2,11.2,11.2,2830,2021-06-07 16:32:00,DCTH
11.03,11.03,11.03,11.03,100,2021-06-07 16:35:00,DCTH
11.1999,11.1999,11.1999,11.1999,500,2021-06-07 16:52:00,DCTH
11.08,11.08,11.08,11.08,100,2021-06-07 16:54:00,DCTH
11.14,11.14,11.14,11.14,1000,2021-06-07 17:19:00,DCTH
11.1463,11.1463,11.1463,11.1463,500,2021-06-07 17:27:00,DCTH
11.15,11.15,11.15,11.15,396,2021-06-07 17:34:00,DCTH
11.2,11.27,11.2,11.27,6444,2021-06-07 17:37:00,DCTH
11.24,11.24,11.24,11.24,100,2021-06-07 18:01:00,DCTH
11.33,11.33,11.25,11.25,1800,2021-06-07 18:07:00,DCTH
11.2602,11.3,11.2602,11.3,3732,2021-06-07 18:20:00,DCTH
11.3,11.3,11.3,11.3,130,2021-06-07 18:26:00,DCTH
11.3,11.3,11.3,11.3,500,2021-06-07 18:36:00,DCTH
11.25,11.27,11.09,11.09,1779,2021-06-07 18:40:00,DCTH
11.2306,11.2306,11.2306,11.2306,100,2021-06-07 18:43:00,DCTH
11.17,11.1908,11.08,11.08,5784,2021-06-07 18:46:00,DCTH
11.06,11.06,11.06,11.06,100,2021-06-07 19:03:00,DCTH
11.14,11.14,11.14,11.14,100,2021-06-07 19:07:00,DCTH
11.14,11.15,11.14,11.15,215,2021-06-07 19:11:00,DCTH
11.11,11.12,11.07,11.1,726,2021-06-07 19:18:00,DCTH
11.1,11.1,11.1,11.1,1650,2021-06-07 19:20:00,DCTH
11.1,11.1,11.1,11.1,200,2021-06-07 19:21:00,DCTH
11.1,11.1,11.1,11.1,1100,2021-06-07 19:22:00,DCTH
11.0999,11.0999,11.0999,11.0999,125,2021-06-07 19:23:00,DCTH
11.04,11.04,11.04,11.04,100,2021-06-07 19:39:00,DCTH
11.01,11.01,11.0,11.0,3415,2021-06-07 19:40:00,DCTH
10.9699,10.9699,10.94,10.94,500,2021-06-07 19:41:00,DCTH
10.91,10.91,10.9099,10.91,900,2021-06-07 19:42:00,DCTH
11.0,11.0,11.0,11.0,100,2021-06-07 19:44:00,DCTH
10.9964,10.9964,10.9964,10.9964,100,2021-06-07 19:45:00,DCTH
10.965,10.965,10.965,10.965,500,2021-06-07 19:46:00,DCTH
11.0199,11.0199,11.0199,11.0199,130,2021-06-07 19:53:00,DCTH
10.91,10.9878,10.91,10.91,1200,2021-06-07 19:55:00,DCTH
10.93,11.0,10.93,11.0,400,2021-06-07 19:56:00,DCTH
10.98,10.98,10.91,10.98,1124,2021-06-07 19:58:00,DCTH
10.93,10.93,10.81,10.81,1397,2021-06-07 19:59:00,DCTH
10.97,10.97,10.97,10.97,419,2021-06-07 20:00:00,DCTH
11.7999,11.7999,11.7999,11.7999,100,2021-06-08 13:15:00,DCTH
11.02,11.02,11.02,11.02,579,2021-06-08 13:30:00,DCTH
11.0301,11.0301,11.0301,11.0301,400,2021-06-08 13:35:00,DCTH
11.0301,11.0301,11.0301,11.0301,100,2021-06-08 13:40:00,DCTH
11.1819,11.1819,11.1819,11.1819,200,2021-06-08 13:41:00,DCTH
11.18,11.18,11.18,11.18,300,2021-06-08 13:50:00,DCTH
11.2,11.2,11.2,11.2,100,2021-06-08 13:58:00,DCTH
11.2,11.2,11.2,11.2,1159,2021-06-08 13:59:00,DCTH
11.06,11.06,11.06,11.06,2080,2021-06-08 14:04:00,DCTH
11.0677,11.0677,11.0677,11.0677,2000,2021-06-08 14:07:00,DCTH
11.4,11.45,11.0695,11.0695,2600,2021-06-08 14:08:00,DCTH
11.42,11.45,11.42,11.45,1100,2021-06-08 14:10:00,DCTH
11.2816,11.2816,11.2816,11.2816,1000,2021-06-08 14:11:00,DCTH
11.44,11.4499,11.44,11.4499,1100,2021-06-08 14:13:00,DCTH
11.45,11.45,11.45,11.45,100,2021-06-08 14:14:00,DCTH
11.44,11.44,11.44,11.44,100,2021-06-08 14:16:00,DCTH
11.45,11.45,11.45,11.45,100,2021-06-08 14:18:00,DCTH
11.45,11.45,11.45,11.45,100,2021-06-08 14:19:00,DCTH
11.45,11.45,11.45,11.45,1600,2021-06-08 14:21:00,DCTH
11.45,11.5,11.45,11.5,1859,2021-06-08 14:22:00,DCTH
11.49,11.73,11.49,11.73,2034,2021-06-08 14:23:00,DCTH
11.54,11.54,11.54,11.54,2069,2021-06-08 14:24:00,DCTH
11.52,11.8,11.52,11.8,5000,2021-06-08 14:25:00,DCTH
11.7125,11.7125,11.7125,11.7125,400,2021-06-08 14:26:00,DCTH
11.69,11.96,11.69,11.92,5082,2021-06-08 14:27:00,DCTH
11.98,11.98,11.98,11.98,100,2021-06-08 14:28:00,DCTH
11.67,11.88,11.67,11.88,300,2021-06-08 14:29:00,DCTH
11.78,11.78,11.78,11.78,400,2021-06-08 14:30:00,DCTH
11.85,11.88,11.85,11.85,549,2021-06-08 14:31:00,DCTH
11.88,12.34,11.765,12.33,3790,2021-06-08 14:32:00,DCTH
12.33,12.5,12.33,12.44,4547,2021-06-08 14:33:00,DCTH
12.33,12.62,12.1601,12.62,5050,2021-06-08 14:34:00,DCTH
12.5697,12.62,12.39,12.39,1049,2021-06-08 14:35:00,DCTH
12.5697,12.6199,12.38,12.5545,1450,2021-06-08 14:37:00,DCTH
12.38,12.5545,12.38,12.5095,600,2021-06-08 14:38:00,DCTH
12.5141,12.5141,12.355,12.38,879,2021-06-08 14:39:00,DCTH
12.5,12.5,12.5,12.5,120,2021-06-08 14:40:00,DCTH
12.25,12.25,12.17,12.17,800,2021-06-08 14:41:00,DCTH
12.25,12.25,12.25,12.25,100,2021-06-08 14:42:00,DCTH
12.24,12.24,12.24,12.24,200,2021-06-08 14:43:00,DCTH
12.23,12.23,12.16,12.16,2585,2021-06-08 14:44:00,DCTH
12.04,12.04,12.0,12.0,2711,2021-06-08 14:48:00,DCTH
12.05,12.1,12.05,12.1,1700,2021-06-08 14:49:00,DCTH
12.0856,12.0856,12.0147,12.0147,200,2021-06-08 14:50:00,DCTH
12.0664,12.0664,12.0664,12.0664,624,2021-06-08 14:51:00,DCTH
12.09,12.09,12.09,12.09,500,2021-06-08 14:53:00,DCTH
12.05,12.05,12.0,12.0,767,2021-06-08 14:55:00,DCTH
12.0,12.0,12.0,12.0,100,2021-06-08 14:56:00,DCTH
11.87,11.87,11.87,11.87,600,2021-06-08 14:58:00,DCTH
11.845,11.845,11.8,11.8,1907,2021-06-08 14:59:00,DCTH
11.7001,11.71,11.7001,11.71,1000,2021-06-08 15:01:00,DCTH
11.75,11.75,11.75,11.75,300,2021-06-08 15:06:00,DCTH
11.84,11.84,11.84,11.84,100,2021-06-08 15:08:00,DCTH
11.75,11.84,11.75,11.84,300,2021-06-08 15:09:00,DCTH
11.84,11.84,11.84,11.84,100,2021-06-08 15:11:00,DCTH
11.75,11.75,11.75,11.75,1100,2021-06-08 15:13:00,DCTH
11.82,11.82,11.82,11.82,400,2021-06-08 15:17:00,DCTH
11.7999,11.7999,11.7999,11.7999,600,2021-06-08 15:20:00,DCTH
11.58,11.685,11.56,11.685,1600,2021-06-08 15:22:00,DCTH
11.56,11.56,11.56,11.56,200,2021-06-08 15:23:00,DCTH
11.53,11.53,11.53,11.53,400,2021-06-08 15:24:00,DCTH
11.645,11.645,11.645,11.645,160,2021-06-08 15:28:00,DCTH
11.5551,11.5551,11.5551,11.5551,500,2021-06-08 15:29:00,DCTH
11.55,11.55,11.55,11.55,500,2021-06-08 15:32:00,DCTH
11.57,11.57,11.2,11.365,11947,2021-06-08 15:33:00,DCTH
11.4,11.4,11.4,11.4,160,2021-06-08 15:37:00,DCTH
11.49,11.49,11.49,11.49,500,2021-06-08 15:39:00,DCTH
11.49,11.49,11.49,11.49,211,2021-06-08 15:42:00,DCTH
11.56,11.56,11.56,11.56,100,2021-06-08 15:45:00,DCTH
11.529,11.58,11.529,11.58,200,2021-06-08 15:47:00,DCTH
11.546,11.546,11.546,11.546,100,2021-06-08 15:48:00,DCTH
11.56,11.56,11.56,11.56,100,2021-06-08 15:49:00,DCTH
11.57,11.57,11.57,11.57,100,2021-06-08 15:50:00,DCTH
11.55,11.55,11.55,11.55,100,2021-06-08 15:52:00,DCTH
11.55,11.55,11.55,11.55,100,2021-06-08 15:54:00,DCTH
11.55,11.55,11.55,11.55,200,2021-06-08 15:55:00,DCTH
11.53,11.53,11.53,11.53,100,2021-06-08 15:56:00,DCTH
11.53,11.53,11.53,11.53,100,2021-06-08 15:58:00,DCTH
11.53,11.53,11.53,11.53,100,2021-06-08 15:59:00,DCTH
11.55,11.55,11.55,11.55,100,2021-06-08 16:00:00,DCTH
11.54,11.54,11.54,11.54,100,2021-06-08 16:01:00,DCTH
11.55,11.55,11.55,11.55,630,2021-06-08 16:03:00,DCTH
11.57,11.57,11.5524,11.5524,250,2021-06-08 16:05:00,DCTH
11.57,11.57,11.57,11.57,100,2021-06-08 16:07:00,DCTH
11.57,11.57,11.57,11.57,100,2021-06-08 16:09:00,DCTH
11.56,11.56,11.56,11.56,100,2021-06-08 16:12:00,DCTH
11.57,11.6,11.57,11.6,300,2021-06-08 16:13:00,DCTH
11.8,11.8,11.8,11.8,100,2021-06-08 16:14:00,DCTH
11.7746,11.7746,11.7746,11.7746,100,2021-06-08 16:15:00,DCTH
11.84,11.84,11.84,11.84,100,2021-06-08 16:16:00,DCTH
11.8,11.8,11.8,11.8,323,2021-06-08 16:17:00,DCTH
11.9,11.9,11.8678,11.8678,950,2021-06-08 16:18:00,DCTH
11.8637,11.8637,11.8637,11.8637,500,2021-06-08 16:19:00,DCTH
11.9,11.9,11.9,11.9,100,2021-06-08 16:20:00,DCTH
11.8,11.8,11.8,11.8,100,2021-06-08 16:22:00,DCTH
11.77,11.77,11.77,11.77,100,2021-06-08 16:23:00,DCTH
11.79,11.79,11.79,11.79,100,2021-06-08 16:24:00,DCTH
11.77,11.77,11.65,11.65,200,2021-06-08 16:26:00,DCTH
11.79,11.79,11.79,11.79,100,2021-06-08 16:27:00,DCTH
11.72,11.72,11.68,11.68,900,2021-06-08 16:29:00,DCTH
11.76,11.8,11.76,11.8,2770,2021-06-08 16:40:00,DCTH
11.89,11.89,11.89,11.89,100,2021-06-08 16:41:00,DCTH
11.9,11.9,11.9,11.9,100,2021-06-08 16:43:00,DCTH
11.9,11.9,11.8129,11.8129,273,2021-06-08 16:46:00,DCTH
11.9,11.9,11.9,11.9,100,2021-06-08 16:48:00,DCTH
11.9,11.9,11.9,11.9,100,2021-06-08 16:49:00,DCTH
11.9,11.9,11.9,11.9,100,2021-06-08 16:50:00,DCTH
11.89,11.89,11.89,11.89,100,2021-06-08 16:52:00,DCTH
11.9,11.9,11.9,11.9,2000,2021-06-08 16:53:00,DCTH
11.9,11.9,11.9,11.9,306,2021-06-08 16:55:00,DCTH
11.98,11.99,11.98,11.99,200,2021-06-08 16:59:00,DCTH
11.92,11.9999,11.92,11.9999,2100,2021-06-08 17:01:00,DCTH
12.2,12.2,12.2,12.2,100,2021-06-08 17:04:00,DCTH
12.08,12.08,11.9579,11.9579,350,2021-06-08 17:06:00,DCTH
12.22,12.22,12.22,12.22,100,2021-06-08 17:08:00,DCTH
11.89,11.89,11.89,11.89,200,2021-06-08 17:09:00,DCTH
12.0,12.0,12.0,12.0,100,2021-06-08 17:10:00,DCTH
12.0,12.0,12.0,12.0,100,2021-06-08 17:12:00,DCTH
12.0,12.0,12.0,12.0,400,2021-06-08 17:13:00,DCTH
12.0,12.0,12.0,12.0,100,2021-06-08 17:14:00,DCTH
12.0,12.0,12.0,12.0,100,2021-06-08 17:15:00,DCTH
11.89,12.0,11.89,12.0,200,2021-06-08 17:16:00,DCTH
12.0,12.0,12.0,12.0,100,2021-06-08 17:18:00,DCTH
12.0,12.0,12.0,12.0,100,2021-06-08 17:20:00,DCTH
12.0,12.0,12.0,12.0,100,2021-06-08 17:22:00,DCTH
12.0,12.0,12.0,12.0,600,2021-06-08 17:24:00,DCTH
12.0,12.0,12.0,12.0,100,2021-06-08 17:26:00,DCTH
12.0,12.0,12.0,12.0,100,2021-06-08 17:28:00,DCTH
12.0,12.0,12.0,12.0,100,2021-06-08 17:30:00,DCTH
12.0,12.0,12.0,12.0,100,2021-06-08 17:32:00,DCTH
12.0,12.07,12.0,12.07,300,2021-06-08 17:33:00,DCTH
12.22,12.22,12.22,12.22,100,2021-06-08 17:35:00,DCTH
12.23,12.23,12.23,12.23,100,2021-06-08 17:37:00,DCTH
12.22,12.2299,12.22,12.2299,500,2021-06-08 17:39:00,DCTH
12.2,12.2,12.2,12.2,100,2021-06-08 17:41:00,DCTH
12.2,12.2,12.2,12.2,100,2021-06-08 17:43:00,DCTH
12.2,12.2,12.16,12.16,200,2021-06-08 17:45:00,DCTH
12.185,12.185,12.14,12.14,394,2021-06-08 17:46:00,DCTH
12.25,12.25,12.25,12.25,100,2021-06-08 17:47:00,DCTH
12.25,12.25,12.25,12.25,100,2021-06-08 17:49:00,DCTH
12.25,12.25,12.25,12.25,100,2021-06-08 17:51:00,DCTH
12.25,12.25,12.25,12.25,2075,2021-06-08 17:52:00,DCTH
12.298,12.298,12.298,12.298,2000,2021-06-08 17:53:00,DCTH
12.31,12.31,12.31,12.31,100,2021-06-08 17:55:00,DCTH
12.32,12.32,12.32,12.32,100,2021-06-08 17:57:00,DCTH
12.33,12.33,12.33,12.33,100,2021-06-08 17:59:00,DCTH
12.32,12.32,12.32,12.32,100,2021-06-08 18:01:00,DCTH
12.3,12.3,12.3,12.3,100,2021-06-08 18:03:00,DCTH
12.22,12.22,12.1542,12.22,3500,2021-06-08 18:07:00,DCTH
12.22,12.22,12.22,12.22,200,2021-06-08 18:08:00,DCTH
12.27,12.27,12.27,12.27,151,2021-06-08 18:09:00,DCTH
12.25,12.25,12.24,12.24,500,2021-06-08 18:10:00,DCTH
12.2,12.2,12.2,12.2,100,2021-06-08 18:11:00,DCTH
12.24,12.24,12.2122,12.2122,385,2021-06-08 18:18:00,DCTH
12.21,12.21,12.0,12.0,2925,2021-06-08 18:20:00,DCTH
12.01,12.01,12.0,12.01,500,2021-06-08 18:26:00,DCTH
12.2,12.2,12.2,12.2,100,2021-06-08 18:35:00,DCTH
12.21,12.21,12.21,12.21,100,2021-06-08 18:37:00,DCTH
12.22,12.22,12.22,12.22,100,2021-06-08 18:38:00,DCTH
12.23,12.23,12.23,12.23,100,2021-06-08 18:40:00,DCTH
12.04,12.23,12.04,12.23,200,2021-06-08 18:42:00,DCTH
12.23,12.23,12.23,12.23,100,2021-06-08 18:44:00,DCTH
12.23,12.23,12.23,12.23,100,2021-06-08 18:46:00,DCTH
12.24,12.24,12.24,12.24,100,2021-06-08 18:48:00,DCTH
12.22,12.22,12.22,12.22,100,2021-06-08 18:49:00,DCTH
12.24,12.24,12.24,12.24,100,2021-06-08 18:51:00,DCTH
12.2163,12.2163,12.2163,12.2163,123,2021-06-08 18:52:00,DCTH
12.22,12.22,12.22,12.22,100,2021-06-08 18:55:00,DCTH
12.22,12.22,12.22,12.22,100,2021-06-08 18:59:00,DCTH
12.2183,12.22,12.2183,12.22,2000,2021-06-08 19:03:00,DCTH
12.22,12.28,12.19,12.2176,2960,2021-06-08 19:05:00,DCTH
12.2799,12.2799,12.2799,12.2799,100,2021-06-08 19:06:00,DCTH
12.27,12.27,12.27,12.27,100,2021-06-08 19:08:00,DCTH
12.2799,12.2799,12.2799,12.2799,100,2021-06-08 19:09:00,DCTH
12.28,12.28,12.28,12.28,100,2021-06-08 19:10:00,DCTH
12.1562,12.1562,12.1562,12.1562,300,2021-06-08 19:11:00,DCTH
12.2999,12.3,12.2999,12.3,200,2021-06-08 19:12:00,DCTH
12.3,12.3,12.3,12.3,100,2021-06-08 19:13:00,DCTH
12.3,12.3,12.3,12.3,100,2021-06-08 19:14:00,DCTH
12.3,12.3,12.3,12.3,100,2021-06-08 19:15:00,DCTH
12.29,12.29,12.29,12.29,100,2021-06-08 19:16:00,DCTH
12.29,12.29,12.29,12.29,100,2021-06-08 19:19:00,DCTH
12.1641,12.27,12.1641,12.27,300,2021-06-08 19:21:00,DCTH
12.27,12.27,12.27,12.27,100,2021-06-08 19:22:00,DCTH
12.2,12.28,12.2,12.28,400,2021-06-08 19:27:00,DCTH
12.15,12.15,12.15,12.15,100,2021-06-08 19:30:00,DCTH
12.175,12.175,12.15,12.15,1050,2021-06-08 19:33:00,DCTH
12.15,12.15,12.15,12.15,200,2021-06-08 19:39:00,DCTH
12.15,12.15,12.15,12.15,100,2021-06-08 19:40:00,DCTH
12.15,12.15,12.15,12.15,100,2021-06-08 19:46:00,DCTH
12.12,12.12,12.12,12.12,100,2021-06-08 19:48:00,DCTH
12.1,12.1,12.1,12.1,642,2021-06-08 19:49:00,DCTH
12.1699,12.1699,12.1699,12.1699,500,2021-06-08 19:50:00,DCTH
12.1,12.1,12.09,12.09,900,2021-06-08 19:51:00,DCTH
12.0999,12.0999,12.0999,12.0999,100,2021-06-08 19:52:00,DCTH
12.05,12.05,12.01,12.01,300,2021-06-08 19:53:00,DCTH
12.01,12.07,12.0,12.07,400,2021-06-08 19:55:00,DCTH
12.0699,12.0699,12.0699,12.0699,100,2021-06-08 19:56:00,DCTH
12.0,12.0,12.0,12.0,920,2021-06-08 19:58:00,DCTH
12.0,12.0199,11.77,11.78,1700,2021-06-08 19:59:00,DCTH
11.96,11.96,11.96,11.96,557,2021-06-08 20:00:00,DCTH
11.82,11.82,11.82,11.82,200,2021-06-08 20:49:00,DCTH
11.89,11.89,11.89,11.89,100,2021-06-08 22:30:00,DCTH
12.0,12.0,12.0,12.0,500,2021-06-09 13:30:00,DCTH
12.1548,12.1548,12.1548,12.1548,1000,2021-06-09 13:36:00,DCTH
12.0211,12.0211,12.0211,12.0211,1500,2021-06-09 13:37:00,DCTH
12.25,12.36,12.25,12.25,400,2021-06-09 13:38:00,DCTH
12.05,12.05,12.05,12.05,100,2021-06-09 13:39:00,DCTH
12.34,12.34,12.34,12.34,100,2021-06-09 13:42:00,DCTH
12.0,12.0,12.0,12.0,100,2021-06-09 13:43:00,DCTH
12.45,12.45,12.45,12.45,400,2021-06-09 13:45:00,DCTH
12.35,12.39,12.35,12.39,900,2021-06-09 13:46:00,DCTH
12.39,12.4,12.13,12.4,900,2021-06-09 13:47:00,DCTH
12.205,12.205,12.06,12.06,200,2021-06-09 13:51:00,DCTH
12.29,12.29,12.29,12.29,100,2021-06-09 13:54:00,DCTH
12.29,12.3,12.29,12.29,700,2021-06-09 13:56:00,DCTH
12.09,12.09,12.09,12.09,100,2021-06-09 13:57:00,DCTH
12.29,12.3,12.29,12.3,1200,2021-06-09 14:01:00,DCTH
12.3,12.3,12.3,12.3,740,2021-06-09 14:02:00,DCTH
12.3,12.35,12.26,12.26,5100,2021-06-09 14:06:00,DCTH
12.34,12.34,12.34,12.34,100,2021-06-09 14:08:00,DCTH
12.23,12.23,12.2,12.2,515,2021-06-09 14:10:00,DCTH
12.04,12.04,12.04,12.04,100,2021-06-09 14:15:00,DCTH
12.02,12.02,12.02,12.02,100,2021-06-09 14:24:00,DCTH
12.02,12.02,12.0,12.0,1126,2021-06-09 14:27:00,DCTH
12.055,12.055,12.055,12.055,500,2021-06-09 14:29:00,DCTH
12.02,12.02,12.02,12.02,100,2021-06-09 14:30:00,DCTH
11.98,11.98,11.91,11.91,500,2021-06-09 14:31:00,DCTH
11.9599,11.9599,11.9599,11.9599,500,2021-06-09 14:34:00,DCTH
12.0,12.0,12.0,12.0,500,2021-06-09 14:35:00,DCTH
11.94,11.94,11.91,11.91,300,2021-06-09 14:36:00,DCTH
11.91,11.91,11.91,11.91,100,2021-06-09 14:39:00,DCTH
11.9101,12.0284,11.91,12.0284,1100,2021-06-09 14:40:00,DCTH
11.975,11.975,11.91,11.91,1400,2021-06-09 14:49:00,DCTH
11.71,11.71,11.71,11.71,100,2021-06-09 14:50:00,DCTH
11.7801,11.7801,11.7801,11.7801,200,2021-06-09 14:54:00,DCTH
11.8682,11.8682,11.8682,11.8682,200,2021-06-09 14:59:00,DCTH
11.855,11.855,11.855,11.855,100,2021-06-09 15:00:00,DCTH
11.8,11.8,11.8,11.8,100,2021-06-09 15:01:00,DCTH
11.855,11.855,11.855,11.855,100,2021-06-09 15:09:00,DCTH
11.83,11.83,11.83,11.83,500,2021-06-09 15:17:00,DCTH
11.85,11.85,11.85,11.85,1000,2021-06-09 15:19:00,DCTH
11.83,11.86,11.83,11.86,1101,2021-06-09 15:22:00,DCTH
11.79,11.79,11.79,11.79,100,2021-06-09 15:25:00,DCTH
11.79,11.79,11.79,11.79,100,2021-06-09 15:27:00,DCTH
11.88,11.88,11.88,11.88,100,2021-06-09 15:34:00,DCTH
11.88,11.89,11.88,11.88,700,2021-06-09 15:35:00,DCTH
11.96,11.96,11.95,11.95,400,2021-06-09 15:46:00,DCTH
12.24,12.24,12.24,12.24,100,2021-06-09 15:49:00,DCTH
12.24,12.24,12.24,12.24,1800,2021-06-09 15:50:00,DCTH
12.24,12.24,12.08,12.08,200,2021-06-09 15:51:00,DCTH
12.23,12.23,12.23,12.23,100,2021-06-09 15:52:00,DCTH
11.951,12.35,11.951,12.35,1800,2021-06-09 15:53:00,DCTH
12.34,12.34,12.34,12.34,100,2021-06-09 15:55:00,DCTH
12.3,12.3,12.3,12.3,100,2021-06-09 16:05:00,DCTH
11.94,11.94,11.94,11.94,100,2021-06-09 16:10:00,DCTH
12.115,12.115,12.115,12.115,2000,2021-06-09 16:12:00,DCTH
12.28,12.28,12.28,12.28,1001,2021-06-09 16:16:00,DCTH
12.2,12.2,12.02,12.02,200,2021-06-09 16:20:00,DCTH
12.1691,12.1691,12.1691,12.1691,400,2021-06-09 16:24:00,DCTH
12.25,12.25,12.25,12.25,100,2021-06-09 16:25:00,DCTH
12.03,12.03,12.03,12.03,100,2021-06-09 16:27:00,DCTH
12.07,12.0823,12.034,12.034,2300,2021-06-09 16:29:00,DCTH
12.03,12.03,12.03,12.03,100,2021-06-09 16:31:00,DCTH
12.22,12.22,12.22,12.22,100,2021-06-09 16:35:00,DCTH
12.07,12.07,12.07,12.07,100,2021-06-09 16:40:00,DCTH
12.21,12.21,12.21,12.21,100,2021-06-09 16:45:00,DCTH
12.2,12.2,12.1,12.1,300,2021-06-09 16:49:00,DCTH
12.1,12.1,12.1,12.1,100,2021-06-09 16:50:00,DCTH
12.1,12.11,12.1,12.1002,1000,2021-06-09 16:55:00,DCTH
12.15,12.15,12.15,12.15,100,2021-06-09 17:18:00,DCTH
12.05,12.05,12.03,12.03,1000,2021-06-09 17:23:00,DCTH
11.83,11.83,11.83,11.83,100,2021-06-09 17:26:00,DCTH
11.9226,11.9226,11.9226,11.9226,193,2021-06-09 17:27:00,DCTH
11.82,11.82,11.82,11.82,100,2021-06-09 17:29:00,DCTH
11.855,11.855,11.855,11.855,100,2021-06-09 17:40:00,DCTH
11.87,11.889,11.8,11.8,1100,2021-06-09 17:41:00,DCTH
11.7901,11.8,11.7901,11.8,384,2021-06-09 17:47:00,DCTH
11.84,11.85,11.84,11.85,1000,2021-06-09 17:50:00,DCTH
11.94,11.94,11.94,11.94,100,2021-06-09 17:53:00,DCTH
11.82,11.82,11.82,11.82,100,2021-06-09 17:57:00,DCTH
11.91,11.91,11.81,11.81,800,2021-06-09 17:59:00,DCTH
11.81,11.81,11.81,11.81,100,2021-06-09 18:01:00,DCTH
11.872,11.89,11.87,11.89,3966,2021-06-09 18:04:00,DCTH
11.86,11.86,11.86,11.86,100,2021-06-09 18:11:00,DCTH
11.85,11.86,11.85,11.86,300,2021-06-09 18:12:00,DCTH
11.81,11.81,11.81,11.81,100,2021-06-09 18:13:00,DCTH
11.82,11.82,11.81,11.81,200,2021-06-09 18:18:00,DCTH
11.81,11.81,11.81,11.81,100,2021-06-09 18:23:00,DCTH
11.79,11.79,11.79,11.79,100,2021-06-09 18:28:00,DCTH
11.91,11.91,11.91,11.91,300,2021-06-09 18:30:00,DCTH
11.79,11.79,11.79,11.79,100,2021-06-09 18:35:00,DCTH
11.79,11.79,11.79,11.79,866,2021-06-09 18:37:00,DCTH
11.75,11.75,11.75,11.75,100,2021-06-09 18:48:00,DCTH
11.74,11.74,11.74,11.74,677,2021-06-09 18:49:00,DCTH
11.7956,11.7956,11.7956,11.7956,100,2021-06-09 18:52:00,DCTH
11.76,11.76,11.76,11.76,100,2021-06-09 18:53:00,DCTH
11.76,11.76,11.76,11.76,100,2021-06-09 18:59:00,DCTH
11.72,11.72,11.72,11.72,100,2021-06-09 19:00:00,DCTH
11.73,11.73,11.73,11.73,100,2021-06-09 19:04:00,DCTH
11.8,11.8,11.8,11.8,100,2021-06-09 19:05:00,DCTH
11.74,11.74,11.74,11.74,100,2021-06-09 19:06:00,DCTH
11.74,11.74,11.74,11.74,100,2021-06-09 19:10:00,DCTH
11.81,11.81,11.74,11.74,400,2021-06-09 19:14:00,DCTH
11.81,11.97,11.8099,11.97,2400,2021-06-09 19:19:00,DCTH
11.9599,11.9599,11.9599,11.9599,1350,2021-06-09 19:20:00,DCTH
11.96,11.96,11.96,11.96,100,2021-06-09 19:21:00,DCTH
11.855,11.855,11.855,11.855,100,2021-06-09 19:22:00,DCTH
11.855,11.855,11.855,11.855,200,2021-06-09 19:23:00,DCTH
11.77,11.77,11.77,11.77,100,2021-06-09 19:26:00,DCTH
11.77,11.77,11.77,11.77,100,2021-06-09 19:27:00,DCTH
11.96,11.96,11.77,11.77,200,2021-06-09 19:29:00,DCTH
11.75,11.75,11.75,11.75,401,2021-06-09 19:30:00,DCTH
11.85,11.87,11.85,11.87,1900,2021-06-09 19:31:00,DCTH
11.7891,11.7891,11.7891,11.7891,500,2021-06-09 19:38:00,DCTH
11.698,11.7887,11.6812,11.7887,4500,2021-06-09 19:39:00,DCTH
11.8,11.8,11.8,11.8,3000,2021-06-09 19:40:00,DCTH
11.74,11.74,11.69,11.69,200,2021-06-09 19:42:00,DCTH
11.7,11.7958,11.7,11.7958,1100,2021-06-09 19:44:00,DCTH
11.6801,11.7,11.6801,11.69,300,2021-06-09 19:45:00,DCTH
11.69,11.69,11.68,11.68,300,2021-06-09 19:46:00,DCTH
11.69,11.69,11.68,11.68,300,2021-06-09 19:47:00,DCTH
11.69,11.69,11.67,11.67,900,2021-06-09 19:48:00,DCTH
11.7711,11.7711,11.67,11.685,1300,2021-06-09 19:49:00,DCTH
11.58,11.58,11.58,11.58,400,2021-06-09 19:51:00,DCTH
11.57,11.57,11.57,11.57,100,2021-06-09 19:52:00,DCTH
11.7079,11.7079,11.7079,11.7079,1000,2021-06-09 19:53:00,DCTH
11.58,11.58,11.58,11.58,200,2021-06-09 19:54:00,DCTH
11.709,11.709,11.57,11.57,800,2021-06-09 19:55:00,DCTH
11.57,11.62,11.57,11.61,500,2021-06-09 19:57:00,DCTH
11.69,11.7138,11.625,11.67,2543,2021-06-09 19:58:00,DCTH
11.63,11.64,11.51,11.51,1704,2021-06-09 19:59:00,DCTH
11.57,11.57,11.57,11.57,524,2021-06-09 20:00:00,DCTH
11.63,11.63,11.63,11.63,422,2021-06-10 13:30:00,DCTH
11.685,11.685,11.685,11.685,800,2021-06-10 13:31:00,DCTH
11.71,11.71,11.69,11.69,801,2021-06-10 13:38:00,DCTH
11.79,11.79,11.745,11.745,200,2021-06-10 13:39:00,DCTH
11.8,11.8,11.79,11.79,549,2021-06-10 13:40:00,DCTH
11.86,11.86,11.85,11.85,600,2021-06-10 13:46:00,DCTH
11.787,11.787,11.787,11.787,100,2021-06-10 13:49:00,DCTH
11.845,11.845,11.845,11.845,150,2021-06-10 13:56:00,DCTH
11.9773,11.9773,11.9773,11.9773,300,2021-06-10 14:02:00,DCTH
11.74,11.74,11.58,11.581,5900,2021-06-10 14:03:00,DCTH
11.47,11.47,11.47,11.47,100,2021-06-10 14:41:00,DCTH
11.4758,11.4758,11.27,11.27,850,2021-06-10 15:01:00,DCTH
11.4358,11.4358,11.363,11.363,510,2021-06-10 15:02:00,DCTH
11.27,11.27,11.13,11.13,800,2021-06-10 15:03:00,DCTH
11.4488,11.4488,11.4488,11.4488,100,2021-06-10 15:04:00,DCTH
11.1,11.1,11.1,11.1,100,2021-06-10 15:08:00,DCTH
11.53,11.53,11.23,11.23,700,2021-06-10 15:22:00,DCTH
11.205,11.266,11.2,11.24,2580,2021-06-10 15:30:00,DCTH
11.11,11.11,11.11,11.11,100,2021-06-10 15:31:00,DCTH
11.47,11.47,11.47,11.47,140,2021-06-10 15:33:00,DCTH
11.02,11.06,11.02,11.02,550,2021-06-10 15:35:00,DCTH
11.2873,11.2873,11.176,11.176,600,2021-06-10 15:40:00,DCTH
11.2846,11.2846,11.2846,11.2846,300,2021-06-10 15:57:00,DCTH
11.0921,11.0921,11.0921,11.0921,100,2021-06-10 16:02:00,DCTH
11.255,11.255,11.125,11.125,1111,2021-06-10 16:12:00,DCTH
11.12,11.12,11.12,11.12,100,2021-06-10 16:18:00,DCTH
11.11,11.11,11.11,11.11,100,2021-06-10 16:19:00,DCTH
11.255,11.255,11.255,11.255,1000,2021-06-10 16:25:00,DCTH
11.27,11.315,11.27,11.27,1200,2021-06-10 16:50:00,DCTH
11.27,11.27,11.27,11.27,300,2021-06-10 16:51:00,DCTH
11.31,11.31,11.31,11.31,600,2021-06-10 16:53:00,DCTH
11.27,11.27,11.27,11.27,100,2021-06-10 16:57:00,DCTH
11.27,11.27,11.27,11.27,100,2021-06-10 17:02:00,DCTH
11.28,11.28,11.28,11.28,100,2021-06-10 17:07:00,DCTH
11.34,11.345,11.34,11.345,200,2021-06-10 17:09:00,DCTH
11.3456,11.35,11.3456,11.35,1300,2021-06-10 17:12:00,DCTH
11.295,11.295,11.295,11.295,100,2021-06-10 17:19:00,DCTH
11.395,11.395,11.395,11.395,100,2021-06-10 17:21:00,DCTH
11.48,11.6,11.48,11.6,2300,2021-06-10 17:22:00,DCTH
11.615,11.615,11.615,11.615,125,2021-06-10 17:25:00,DCTH
11.52,11.52,11.52,11.52,600,2021-06-10 17:28:00,DCTH
11.535,11.535,11.535,11.535,100,2021-06-10 17:36:00,DCTH
11.535,11.535,11.52,11.52,700,2021-06-10 17:48:00,DCTH
11.32,11.32,11.32,11.32,100,2021-06-10 17:58:00,DCTH
11.29,11.29,11.29,11.29,100,2021-06-10 18:07:00,DCTH
11.3,11.3,11.3,11.3,100,2021-06-10 18:16:00,DCTH
11.5605,11.5605,11.5605,11.5605,100,2021-06-10 18:19:00,DCTH
11.29,11.29,11.29,11.29,100,2021-06-10 18:25:00,DCTH
11.28,11.28,11.28,11.28,100,2021-06-10 18:44:00,DCTH
11.3008,11.3008,11.3008,11.3008,342,2021-06-10 18:58:00,DCTH
11.28,11.28,11.28,11.28,100,2021-06-10 19:02:00,DCTH
11.29,11.29,11.29,11.29,100,2021-06-10 19:09:00,DCTH
11.29,11.29,11.29,11.29,100,2021-06-10 19:11:00,DCTH
11.29,11.29,11.29,11.29,100,2021-06-10 19:17:00,DCTH
11.32,11.32,11.32,11.32,100,2021-06-10 19:23:00,DCTH
11.4,11.4,11.4,11.4,100,2021-06-10 19:30:00,DCTH
11.42,11.49,11.42,11.43,1100,2021-06-10 19:51:00,DCTH
11.49,11.5,11.465,11.465,400,2021-06-10 19:52:00,DCTH
11.49,11.49,11.42,11.42,500,2021-06-10 19:56:00,DCTH
11.42,11.42,11.42,11.42,100,2021-06-10 19:57:00,DCTH
11.455,11.455,11.27,11.27,700,2021-06-10 19:59:00,DCTH
11.35,11.95,11.35,11.95,307,2021-06-11 13:30:00,DCTH
11.43,11.43,11.25,11.25,200,2021-06-11 13:33:00,DCTH
11.1949,11.1949,11.1949,11.1949,500,2021-06-11 13:42:00,DCTH
11.66,11.66,11.495,11.66,500,2021-06-11 13:51:00,DCTH
11.65,11.67,11.65,11.67,500,2021-06-11 13:53:00,DCTH
11.79,11.79,11.79,11.79,100,2021-06-11 13:59:00,DCTH
11.82,11.82,11.82,11.82,100,2021-06-11 14:01:00,DCTH
11.82,11.82,11.82,11.82,100,2021-06-11 14:02:00,DCTH
11.79,11.79,11.79,11.79,100,2021-06-11 14:03:00,DCTH
11.73,11.91,11.71,11.91,5036,2021-06-11 14:04:00,DCTH
11.95,11.95,11.95,11.95,100,2021-06-11 14:05:00,DCTH
11.93,11.93,11.93,11.93,400,2021-06-11 14:06:00,DCTH
11.69,11.8285,11.69,11.8285,1200,2021-06-11 14:07:00,DCTH
11.96,11.96,11.96,11.96,100,2021-06-11 14:13:00,DCTH
11.88,12.05,11.88,12.05,501,2021-06-11 14:14:00,DCTH
12.1,12.1,12.1,12.1,100,2021-06-11 14:17:00,DCTH
12.11,12.11,11.69,12.11,1253,2021-06-11 14:19:00,DCTH
12.02,12.02,11.9,11.9,1103,2021-06-11 14:20:00,DCTH
12.11,12.11,12.11,12.11,100,2021-06-11 14:22:00,DCTH
12.06,12.06,11.72,11.72,200,2021-06-11 14:23:00,DCTH
11.86,11.86,11.86,11.86,1200,2021-06-11 14:25:00,DCTH
12.0,12.06,11.92,12.03,1200,2021-06-11 14:37:00,DCTH
12.05,12.05,12.05,12.05,481,2021-06-11 14:39:00,DCTH
11.9,11.9,11.8,11.8,1600,2021-06-11 14:41:00,DCTH
11.81,11.81,11.81,11.81,300,2021-06-11 14:45:00,DCTH
11.81,11.81,11.81,11.81,500,2021-06-11 14:49:00,DCTH
12.02,12.02,12.02,12.02,100,2021-06-11 15:03:00,DCTH
12.03,12.03,12.03,12.03,100,2021-06-11 15:05:00,DCTH
12.02,12.02,12.02,12.02,100,2021-06-11 15:08:00,DCTH
12.02,12.02,12.02,12.02,100,2021-06-11 15:10:00,DCTH
12.01,12.01,12.01,12.01,100,2021-06-11 15:13:00,DCTH
11.82,11.82,11.82,11.82,100,2021-06-11 15:16:00,DCTH
12.01,12.01,11.75,11.75,200,2021-06-11 15:18:00,DCTH
11.98,11.98,11.98,11.98,100,2021-06-11 15:21:00,DCTH
12.01,12.01,12.01,12.01,100,2021-06-11 15:24:00,DCTH
11.78,11.78,11.78,11.78,100,2021-06-11 15:25:00,DCTH
11.98,12.01,11.74,11.74,600,2021-06-11 15:26:00,DCTH
11.99,12.0,11.99,11.99,500,2021-06-11 15:40:00,DCTH
11.6414,11.99,11.6414,11.99,300,2021-06-11 15:42:00,DCTH
11.99,11.99,11.99,11.99,300,2021-06-11 15:45:00,DCTH
11.99,11.99,11.99,11.99,100,2021-06-11 15:47:00,DCTH
11.99,11.99,11.84,11.84,200,2021-06-11 15:48:00,DCTH
11.75,11.75,11.75,11.75,500,2021-06-11 16:00:00,DCTH
12.0,12.0,11.81,11.81,200,2021-06-11 16:07:00,DCTH
11.89,11.94,11.89,11.94,400,2021-06-11 16:16:00,DCTH
11.865,11.865,11.865,11.865,334,2021-06-11 16:20:00,DCTH
11.7514,11.7514,11.7514,11.7514,120,2021-06-11 16:22:00,DCTH
11.75,11.75,11.75,11.75,100,2021-06-11 16:28:00,DCTH
11.98,11.98,11.98,11.98,100,2021-06-11 16:30:00,DCTH
12.0,12.0,12.0,12.0,100,2021-06-11 16:32:00,DCTH
12.0,12.03,12.0,12.02,1008,2021-06-11 16:35:00,DCTH
12.03,12.03,12.03,12.03,100,2021-06-11 16:36:00,DCTH
12.04,12.07,12.04,12.07,460,2021-06-11 16:37:00,DCTH
11.99,11.99,11.99,11.99,100,2021-06-11 16:45:00,DCTH
12.0,12.0,11.99,11.99,200,2021-06-11 16:57:00,DCTH
12.02,12.02,12.01,12.02,847,2021-06-11 17:04:00,DCTH
11.9845,11.9845,11.9845,11.9845,1000,2021-06-11 17:05:00,DCTH
12.06,12.06,11.97,11.97,1647,2021-06-11 17:07:00,DCTH
11.925,11.925,11.925,11.925,100,2021-06-11 17:14:00,DCTH
11.86,11.86,11.86,11.86,100,2021-06-11 17:44:00,DCTH
11.84,11.84,11.84,11.84,261,2021-06-11 17:51:00,DCTH
11.97,11.97,11.9,11.9,200,2021-06-11 17:55:00,DCTH
11.96,11.96,11.96,11.96,100,2021-06-11 17:56:00,DCTH
11.96,11.96,11.96,11.96,100,2021-06-11 17:59:00,DCTH
11.9,11.9,11.9,11.9,100,2021-06-11 18:00:00,DCTH
11.96,11.96,11.96,11.96,100,2021-06-11 18:02:00,DCTH
11.96,11.96,11.96,11.96,100,2021-06-11 18:05:00,DCTH
11.8741,11.8741,11.8741,11.8741,200,2021-06-11 18:06:00,DCTH
11.96,11.96,11.96,11.96,100,2021-06-11 18:07:00,DCTH
11.96,11.96,11.96,11.96,100,2021-06-11 18:09:00,DCTH
11.97,11.97,11.97,11.97,100,2021-06-11 18:10:00,DCTH
11.84,11.84,11.84,11.84,100,2021-06-11 18:12:00,DCTH
11.97,11.97,11.97,11.97,100,2021-06-11 18:18:00,DCTH
11.97,11.97,11.915,11.915,200,2021-06-11 18:20:00,DCTH
11.8643,11.8643,11.8643,11.8643,133,2021-06-11 18:24:00,DCTH
11.96,11.96,11.96,11.96,100,2021-06-11 18:26:00,DCTH
11.97,11.97,11.97,11.97,100,2021-06-11 18:28:00,DCTH
11.97,11.97,11.97,11.97,800,2021-06-11 18:31:00,DCTH
11.925,11.925,11.925,11.925,100,2021-06-11 18:32:00,DCTH
11.97,11.97,11.89,11.89,200,2021-06-11 18:34:00,DCTH
11.89,11.89,11.89,11.89,750,2021-06-11 18:38:00,DCTH
11.95,11.95,11.95,11.95,100,2021-06-11 18:45:00,DCTH
11.97,11.97,11.96,11.96,500,2021-06-11 18:50:00,DCTH
11.97,11.97,11.97,11.97,100,2021-06-11 18:53:00,DCTH
11.97,11.97,11.97,11.97,200,2021-06-11 18:58:00,DCTH
11.935,11.935,11.935,11.935,100,2021-06-11 19:06:00,DCTH
11.97,11.97,11.97,11.97,500,2021-06-11 19:09:00,DCTH
11.96,11.96,11.96,11.96,100,2021-06-11 19:10:00,DCTH
11.97,11.97,11.97,11.97,300,2021-06-11 19:12:00,DCTH
11.97,11.97,11.97,11.97,100,2021-06-11 19:14:00,DCTH
11.97,11.97,11.97,11.97,100,2021-06-11 19:15:00,DCTH
11.97,11.97,11.97,11.97,100,2021-06-11 19:17:00,DCTH
11.97,11.97,11.97,11.97,1714,2021-06-11 19:18:00,DCTH
11.97,11.97,11.93,11.93,600,2021-06-11 19:20:00,DCTH
11.92,11.92,11.92,11.92,100,2021-06-11 19:22:00,DCTH
11.96,11.96,11.96,11.96,100,2021-06-11 19:28:00,DCTH
11.96,11.96,11.96,11.96,100,2021-06-11 19:32:00,DCTH
11.88,11.88,11.84,11.84,200,2021-06-11 19:35:00,DCTH
11.9,11.9,11.9,11.9,100,2021-06-11 19:36:00,DCTH
11.96,11.96,11.95,11.96,900,2021-06-11 19:37:00,DCTH
11.96,11.96,11.96,11.96,218,2021-06-11 19:41:00,DCTH
11.96,11.96,11.935,11.935,300,2021-06-11 19:44:00,DCTH
11.92,11.94,11.87,11.91,1600,2021-06-11 19:45:00,DCTH
11.92,11.92,11.92,11.92,100,2021-06-11 19:46:00,DCTH
11.89,11.92,11.88,11.9,685,2021-06-11 19:51:00,DCTH
11.88,11.88,11.88,11.88,100,2021-06-11 19:54:00,DCTH
11.9,11.915,11.9,11.915,500,2021-06-11 19:55:00,DCTH
11.86,11.91,11.86,11.91,400,2021-06-11 19:56:00,DCTH
11.92,11.92,11.92,11.92,279,2021-06-11 19:57:00,DCTH
11.9,11.9,11.9,11.9,200,2021-06-11 19:58:00,DCTH
11.92,11.95,11.87,11.95,1186,2021-06-11 19:59:00,DCTH
11.87,11.87,11.87,11.87,465,2021-06-11 20:00:00,DCTH
