open,high,low,close,volume,datetime,symbol
1.31,1.31,1.31,1.31,100,2021-06-01 09:26:00,GRIL
1.29,1.29,1.29,1.29,1409,2021-06-01 11:59:00,GRIL
1.29,1.29,1.29,1.29,1494,2021-06-01 12:01:00,GRIL
1.29,1.29,1.29,1.29,103,2021-06-01 12:22:00,GRIL
1.32,1.34,1.32,1.34,1125,2021-06-01 12:27:00,GRIL
1.33,1.33,1.33,1.33,350,2021-06-01 12:28:00,GRIL
1.34,1.34,1.34,1.34,373,2021-06-01 12:30:00,GRIL
1.3399,1.34,1.3399,1.34,400,2021-06-01 12:33:00,GRIL
1.34,1.34,1.34,1.34,173,2021-06-01 12:34:00,GRIL
1.3,1.3,1.3,1.3,10225,2021-06-01 12:58:00,GRIL
1.3,1.3,1.3,1.3,705,2021-06-01 12:59:00,GRIL
1.28,1.28,1.28,1.28,373,2021-06-01 13:02:00,GRIL
1.3,1.3,1.3,1.3,195,2021-06-01 13:04:00,GRIL
1.3,1.3,1.29,1.29,525,2021-06-01 13:24:00,GRIL
1.28,1.28,1.28,1.28,3388,2021-06-01 13:29:00,GRIL
1.28,1.29,1.28,1.2853,7015,2021-06-01 13:30:00,GRIL
1.2741,1.3,1.27,1.29,1460,2021-06-01 13:31:00,GRIL
1.3,1.31,1.2999,1.31,12825,2021-06-01 13:32:00,GRIL
1.32,1.32,1.28,1.32,4137,2021-06-01 13:33:00,GRIL
1.3199,1.3199,1.3199,1.3199,100,2021-06-01 13:34:00,GRIL
1.2801,1.2801,1.2801,1.2801,225,2021-06-01 13:39:00,GRIL
1.3099,1.3099,1.3099,1.3099,500,2021-06-01 13:40:00,GRIL
1.3053,1.3053,1.3053,1.3053,100,2021-06-01 13:41:00,GRIL
1.295,1.295,1.2911,1.2911,1200,2021-06-01 13:42:00,GRIL
1.2946,1.3,1.2946,1.3,1144,2021-06-01 13:43:00,GRIL
1.3012,1.3012,1.3012,1.3012,380,2021-06-01 13:45:00,GRIL
1.303,1.3093,1.3,1.3,2285,2021-06-01 13:46:00,GRIL
1.29,1.29,1.27,1.27,8373,2021-06-01 13:51:00,GRIL
1.291,1.291,1.291,1.291,192,2021-06-01 13:52:00,GRIL
1.27,1.29,1.27,1.28,1799,2021-06-01 13:55:00,GRIL
1.2887,1.2887,1.2887,1.2887,500,2021-06-01 13:56:00,GRIL
1.2816,1.285,1.2816,1.285,700,2021-06-01 13:58:00,GRIL
1.28,1.29,1.28,1.29,2696,2021-06-01 13:59:00,GRIL
1.29,1.29,1.29,1.29,798,2021-06-01 14:00:00,GRIL
1.29,1.3,1.29,1.3,3000,2021-06-01 14:03:00,GRIL
1.295,1.295,1.295,1.295,1000,2021-06-01 14:05:00,GRIL
1.3,1.3,1.3,1.3,1300,2021-06-01 14:06:00,GRIL
1.31,1.31,1.31,1.31,13801,2021-06-01 14:07:00,GRIL
1.29,1.29,1.27,1.27,14988,2021-06-01 14:08:00,GRIL
1.2878,1.2878,1.28,1.28,1402,2021-06-01 14:09:00,GRIL
1.284,1.284,1.2809,1.2809,380,2021-06-01 14:11:00,GRIL
1.28,1.28,1.28,1.28,200,2021-06-01 14:12:00,GRIL
1.29,1.31,1.29,1.3,10181,2021-06-01 14:13:00,GRIL
1.2808,1.2808,1.2808,1.2808,2500,2021-06-01 14:15:00,GRIL
1.2999,1.2999,1.2999,1.2999,250,2021-06-01 14:16:00,GRIL
1.29,1.29,1.29,1.29,192,2021-06-01 14:17:00,GRIL
1.28,1.28,1.2799,1.2799,3081,2021-06-01 14:18:00,GRIL
1.2768,1.2768,1.275,1.275,1100,2021-06-01 14:20:00,GRIL
1.2714,1.2714,1.2714,1.2714,500,2021-06-01 14:21:00,GRIL
1.2799,1.28,1.2798,1.2798,4656,2021-06-01 14:22:00,GRIL
1.2801,1.2801,1.2801,1.2801,500,2021-06-01 14:24:00,GRIL
1.2885,1.2885,1.2885,1.2885,100,2021-06-01 14:27:00,GRIL
1.2801,1.2801,1.2801,1.2801,150,2021-06-01 14:28:00,GRIL
1.285,1.29,1.285,1.29,1671,2021-06-01 14:29:00,GRIL
1.28,1.285,1.28,1.285,1300,2021-06-01 14:32:00,GRIL
1.29,1.29,1.29,1.29,300,2021-06-01 14:33:00,GRIL
1.29,1.29,1.29,1.29,1000,2021-06-01 14:34:00,GRIL
1.29,1.29,1.2888,1.2888,2300,2021-06-01 14:36:00,GRIL
1.2888,1.2888,1.2885,1.2885,400,2021-06-01 14:37:00,GRIL
1.281,1.281,1.281,1.281,204,2021-06-01 14:38:00,GRIL
1.29,1.29,1.29,1.29,600,2021-06-01 14:40:00,GRIL
1.2845,1.2845,1.2845,1.2845,100,2021-06-01 14:41:00,GRIL
1.29,1.29,1.29,1.29,1000,2021-06-01 14:42:00,GRIL
1.2895,1.2895,1.2895,1.2895,100,2021-06-01 14:44:00,GRIL
1.28,1.285,1.28,1.285,2888,2021-06-01 14:45:00,GRIL
1.2883,1.2883,1.27,1.27,10162,2021-06-01 14:48:00,GRIL
1.27,1.27,1.27,1.27,1803,2021-06-01 14:49:00,GRIL
1.29,1.29,1.28,1.2899,2535,2021-06-01 14:52:00,GRIL
1.28,1.28,1.28,1.28,500,2021-06-01 14:54:00,GRIL
1.28,1.28,1.28,1.28,5100,2021-06-01 15:01:00,GRIL
1.285,1.285,1.285,1.285,1000,2021-06-01 15:03:00,GRIL
1.2888,1.2888,1.2888,1.2888,245,2021-06-01 15:06:00,GRIL
1.285,1.285,1.285,1.285,170,2021-06-01 15:07:00,GRIL
1.285,1.29,1.285,1.29,7247,2021-06-01 15:09:00,GRIL
1.2982,1.2982,1.2982,1.2982,367,2021-06-01 15:12:00,GRIL
1.29,1.295,1.29,1.29,7560,2021-06-01 15:15:00,GRIL
1.29,1.29,1.29,1.29,1592,2021-06-01 15:17:00,GRIL
1.3,1.3,1.3,1.3,1000,2021-06-01 15:21:00,GRIL
1.3,1.3,1.3,1.3,200,2021-06-01 15:27:00,GRIL
1.2999,1.2999,1.2981,1.2981,200,2021-06-01 15:31:00,GRIL
1.2988,1.3,1.2988,1.3,6751,2021-06-01 15:32:00,GRIL
1.295,1.2963,1.27,1.2963,15124,2021-06-01 15:33:00,GRIL
1.2999,1.2999,1.2999,1.2999,2000,2021-06-01 15:34:00,GRIL
1.29,1.29,1.29,1.29,100,2021-06-01 15:44:00,GRIL
1.2999,1.2999,1.29,1.29,5100,2021-06-01 15:52:00,GRIL
1.3,1.3,1.2991,1.2991,4100,2021-06-01 15:53:00,GRIL
1.29,1.29,1.29,1.29,100,2021-06-01 15:55:00,GRIL
1.294,1.3,1.294,1.3,21874,2021-06-01 15:58:00,GRIL
1.3,1.3,1.3,1.3,500,2021-06-01 16:00:00,GRIL
1.305,1.31,1.304,1.31,4372,2021-06-01 16:04:00,GRIL
1.31,1.31,1.31,1.31,5900,2021-06-01 16:06:00,GRIL
1.3012,1.3012,1.3012,1.3012,300,2021-06-01 16:12:00,GRIL
1.3001,1.301,1.3001,1.301,700,2021-06-01 16:13:00,GRIL
1.31,1.31,1.31,1.31,100,2021-06-01 16:16:00,GRIL
1.3015,1.3015,1.3015,1.3015,200,2021-06-01 16:19:00,GRIL
1.301,1.301,1.28,1.29,9900,2021-06-01 16:20:00,GRIL
1.3,1.3,1.3,1.3,1850,2021-06-01 16:25:00,GRIL
1.2915,1.2915,1.2915,1.2915,144,2021-06-01 16:27:00,GRIL
1.296,1.296,1.296,1.296,1000,2021-06-01 16:28:00,GRIL
1.295,1.3,1.295,1.3,1300,2021-06-01 16:30:00,GRIL
1.295,1.3,1.295,1.3,5000,2021-06-01 16:33:00,GRIL
1.2982,1.2982,1.2982,1.2982,100,2021-06-01 16:34:00,GRIL
1.295,1.31,1.29,1.31,9983,2021-06-01 16:37:00,GRIL
1.31,1.33,1.31,1.32,24283,2021-06-01 16:38:00,GRIL
1.33,1.33,1.3101,1.3101,1400,2021-06-01 16:43:00,GRIL
1.3127,1.3127,1.3127,1.3127,900,2021-06-01 16:44:00,GRIL
1.3294,1.3294,1.31,1.31,11738,2021-06-01 16:45:00,GRIL
1.3,1.31,1.3,1.31,1253,2021-06-01 16:46:00,GRIL
1.305,1.305,1.305,1.305,400,2021-06-01 16:47:00,GRIL
1.31,1.31,1.3,1.3,4047,2021-06-01 16:48:00,GRIL
1.3,1.305,1.3,1.3,1300,2021-06-01 16:49:00,GRIL
1.3,1.3,1.3,1.3,100,2021-06-01 16:50:00,GRIL
1.3,1.3,1.3,1.3,300,2021-06-01 16:51:00,GRIL
1.3,1.3,1.29,1.299,1732,2021-06-01 16:52:00,GRIL
1.29,1.29,1.29,1.29,200,2021-06-01 16:53:00,GRIL
1.29,1.29,1.29,1.29,300,2021-06-01 16:54:00,GRIL
1.29,1.3,1.29,1.29,6179,2021-06-01 16:55:00,GRIL
1.3,1.3,1.29,1.29,378,2021-06-01 16:56:00,GRIL
1.29,1.3,1.29,1.3,6614,2021-06-01 16:57:00,GRIL
1.2999,1.2999,1.29,1.29,300,2021-06-01 16:58:00,GRIL
1.29,1.29,1.29,1.29,803,2021-06-01 16:59:00,GRIL
1.3,1.3,1.3,1.3,200,2021-06-01 17:00:00,GRIL
1.3,1.3,1.3,1.3,100,2021-06-01 17:01:00,GRIL
1.3,1.31,1.3,1.31,300,2021-06-01 17:03:00,GRIL
1.31,1.31,1.31,1.31,300,2021-06-01 17:04:00,GRIL
1.31,1.31,1.31,1.31,200,2021-06-01 17:05:00,GRIL
1.32,1.32,1.32,1.32,100,2021-06-01 17:06:00,GRIL
1.32,1.32,1.31,1.32,300,2021-06-01 17:07:00,GRIL
1.32,1.32,1.32,1.32,200,2021-06-01 17:08:00,GRIL
1.32,1.32,1.32,1.32,200,2021-06-01 17:09:00,GRIL
1.32,1.32,1.32,1.32,200,2021-06-01 17:10:00,GRIL
1.32,1.32,1.32,1.32,6668,2021-06-01 17:11:00,GRIL
1.32,1.32,1.32,1.32,4646,2021-06-01 17:12:00,GRIL
1.33,1.33,1.33,1.33,600,2021-06-01 17:13:00,GRIL
1.33,1.33,1.32,1.32,600,2021-06-01 17:14:00,GRIL
1.32,1.32,1.32,1.32,200,2021-06-01 17:18:00,GRIL
1.33,1.33,1.33,1.33,450,2021-06-01 17:19:00,GRIL
1.3299,1.3299,1.32,1.32,4900,2021-06-01 17:20:00,GRIL
1.32,1.32,1.32,1.32,300,2021-06-01 17:21:00,GRIL
1.3101,1.3101,1.3101,1.3101,1000,2021-06-01 17:22:00,GRIL
1.312,1.312,1.312,1.312,900,2021-06-01 17:23:00,GRIL
1.32,1.3202,1.315,1.315,2700,2021-06-01 17:24:00,GRIL
1.3114,1.3114,1.3114,1.3114,170,2021-06-01 17:25:00,GRIL
1.32,1.32,1.3186,1.32,300,2021-06-01 17:29:00,GRIL
1.3106,1.3106,1.3106,1.3106,1000,2021-06-01 17:30:00,GRIL
1.3118,1.3118,1.3101,1.3101,700,2021-06-01 17:32:00,GRIL
1.3101,1.3101,1.3101,1.3101,600,2021-06-01 17:33:00,GRIL
1.3114,1.3114,1.3114,1.3114,300,2021-06-01 17:35:00,GRIL
1.3101,1.3118,1.3101,1.3118,300,2021-06-01 17:36:00,GRIL
1.31,1.31,1.31,1.31,500,2021-06-01 17:37:00,GRIL
1.3101,1.3101,1.3101,1.3101,500,2021-06-01 17:39:00,GRIL
1.3199,1.3199,1.3199,1.3199,1000,2021-06-01 17:47:00,GRIL
1.32,1.32,1.32,1.32,379,2021-06-01 17:48:00,GRIL
1.3104,1.3104,1.3104,1.3104,1000,2021-06-01 17:49:00,GRIL
1.311,1.311,1.31,1.31,1100,2021-06-01 17:53:00,GRIL
1.315,1.315,1.315,1.315,150,2021-06-01 17:54:00,GRIL
1.31,1.3107,1.31,1.3107,200,2021-06-01 17:56:00,GRIL
1.31,1.3105,1.3,1.31,2139,2021-06-01 17:57:00,GRIL
1.3001,1.3001,1.3001,1.3001,1000,2021-06-01 17:59:00,GRIL
1.31,1.31,1.31,1.31,2000,2021-06-01 18:00:00,GRIL
1.3001,1.3001,1.3001,1.3001,500,2021-06-01 18:10:00,GRIL
1.32,1.32,1.3173,1.3184,300,2021-06-01 18:20:00,GRIL
1.32,1.32,1.315,1.3175,10700,2021-06-01 18:25:00,GRIL
1.3127,1.32,1.3127,1.32,1300,2021-06-01 18:26:00,GRIL
1.32,1.32,1.32,1.32,300,2021-06-01 18:27:00,GRIL
1.32,1.32,1.32,1.32,300,2021-06-01 18:28:00,GRIL
1.31,1.32,1.31,1.3115,8300,2021-06-01 18:29:00,GRIL
1.3101,1.32,1.3101,1.32,900,2021-06-01 18:30:00,GRIL
1.315,1.32,1.29,1.3,16209,2021-06-01 18:31:00,GRIL
1.3023,1.3023,1.3023,1.3023,120,2021-06-01 18:39:00,GRIL
1.3,1.3,1.3,1.3,1700,2021-06-01 18:45:00,GRIL
1.318,1.318,1.318,1.318,431,2021-06-01 18:47:00,GRIL
1.32,1.32,1.32,1.32,297,2021-06-01 18:48:00,GRIL
1.3,1.3,1.3,1.3,100,2021-06-01 18:49:00,GRIL
1.32,1.32,1.3101,1.3101,9457,2021-06-01 19:00:00,GRIL
1.32,1.33,1.32,1.33,4963,2021-06-01 19:01:00,GRIL
1.33,1.33,1.33,1.33,300,2021-06-01 19:02:00,GRIL
1.33,1.33,1.33,1.33,850,2021-06-01 19:03:00,GRIL
1.33,1.33,1.33,1.33,100,2021-06-01 19:04:00,GRIL
1.3299,1.3299,1.32,1.32,20199,2021-06-01 19:05:00,GRIL
1.32,1.33,1.32,1.33,3800,2021-06-01 19:06:00,GRIL
1.33,1.33,1.33,1.33,100,2021-06-01 19:08:00,GRIL
1.33,1.33,1.3201,1.3201,19989,2021-06-01 19:09:00,GRIL
1.325,1.34,1.31,1.34,22191,2021-06-01 19:10:00,GRIL
1.34,1.345,1.34,1.345,5000,2021-06-01 19:11:00,GRIL
1.34,1.345,1.34,1.3418,2800,2021-06-01 19:12:00,GRIL
1.34,1.3484,1.34,1.3484,6000,2021-06-01 19:13:00,GRIL
1.35,1.35,1.35,1.35,300,2021-06-01 19:14:00,GRIL
1.34,1.3427,1.34,1.34,830,2021-06-01 19:15:00,GRIL
1.34,1.34,1.34,1.34,600,2021-06-01 19:16:00,GRIL
1.3418,1.35,1.3418,1.35,800,2021-06-01 19:17:00,GRIL
1.345,1.345,1.345,1.345,117,2021-06-01 19:18:00,GRIL
1.3499,1.3499,1.3454,1.3454,500,2021-06-01 19:19:00,GRIL
1.35,1.35,1.35,1.35,200,2021-06-01 19:20:00,GRIL
1.3479,1.3479,1.3479,1.3479,150,2021-06-01 19:23:00,GRIL
1.35,1.35,1.35,1.35,1200,2021-06-01 19:24:00,GRIL
1.34,1.3402,1.34,1.3402,700,2021-06-01 19:25:00,GRIL
1.35,1.35,1.34,1.34,3734,2021-06-01 19:26:00,GRIL
1.345,1.345,1.34,1.3401,2300,2021-06-01 19:27:00,GRIL
1.34,1.3402,1.34,1.3402,4487,2021-06-01 19:28:00,GRIL
1.341,1.341,1.341,1.341,1900,2021-06-01 19:29:00,GRIL
1.345,1.345,1.34,1.34,3150,2021-06-01 19:30:00,GRIL
1.3488,1.3488,1.34,1.341,2259,2021-06-01 19:31:00,GRIL
1.34,1.3499,1.34,1.3499,1638,2021-06-01 19:32:00,GRIL
1.3408,1.3408,1.34,1.34,1800,2021-06-01 19:33:00,GRIL
1.34,1.3402,1.34,1.3401,2994,2021-06-01 19:34:00,GRIL
1.3408,1.3408,1.34,1.3401,3267,2021-06-01 19:35:00,GRIL
1.335,1.335,1.32,1.32,5400,2021-06-01 19:38:00,GRIL
1.33,1.33,1.33,1.33,527,2021-06-01 19:43:00,GRIL
1.34,1.34,1.34,1.34,100,2021-06-01 19:46:00,GRIL
1.3399,1.3399,1.3399,1.3399,150,2021-06-01 19:47:00,GRIL
1.3201,1.3201,1.3201,1.3201,500,2021-06-01 19:48:00,GRIL
1.3238,1.3238,1.3238,1.3238,697,2021-06-01 19:51:00,GRIL
1.321,1.321,1.32,1.32,590,2021-06-01 19:54:00,GRIL
1.321,1.321,1.321,1.321,3000,2021-06-01 19:56:00,GRIL
1.33,1.33,1.31,1.31,2773,2021-06-01 19:59:00,GRIL
1.32,1.32,1.32,1.32,108,2021-06-01 20:00:00,GRIL
1.32,1.32,1.32,1.32,840,2021-06-01 21:10:00,GRIL
1.3,1.3,1.3,1.3,241,2021-06-01 21:15:00,GRIL
1.32,1.32,1.32,1.32,1000,2021-06-01 21:21:00,GRIL
1.33,1.33,1.33,1.33,300,2021-06-01 22:01:00,GRIL
1.33,1.33,1.33,1.33,325,2021-06-01 22:20:00,GRIL
1.33,1.33,1.33,1.33,2332,2021-06-01 22:22:00,GRIL
1.32,1.32,1.32,1.32,100,2021-06-01 22:23:00,GRIL
1.31,1.31,1.31,1.31,100,2021-06-01 22:39:00,GRIL
1.31,1.31,1.31,1.31,200,2021-06-01 22:40:00,GRIL
1.32,1.32,1.32,1.32,1000,2021-06-01 22:42:00,GRIL
1.32,1.32,1.32,1.32,1000,2021-06-01 22:45:00,GRIL
1.34,1.34,1.34,1.34,1000,2021-06-01 23:47:00,GRIL
1.33,1.33,1.33,1.33,160,2021-06-01 23:55:00,GRIL
1.3201,1.3201,1.32,1.32,252,2021-06-01 23:56:00,GRIL
1.31,1.31,1.31,1.31,110,2021-06-02 08:00:00,GRIL
1.37,1.37,1.37,1.37,350,2021-06-02 09:20:00,GRIL
1.34,1.36,1.34,1.36,3500,2021-06-02 11:14:00,GRIL
1.32,1.32,1.32,1.32,2000,2021-06-02 12:16:00,GRIL
1.32,1.32,1.32,1.32,600,2021-06-02 12:17:00,GRIL
1.3301,1.3301,1.3301,1.3301,1900,2021-06-02 12:47:00,GRIL
1.3301,1.3301,1.3301,1.3301,100,2021-06-02 12:48:00,GRIL
1.33,1.33,1.33,1.33,200,2021-06-02 12:53:00,GRIL
1.3301,1.3301,1.3301,1.3301,840,2021-06-02 12:59:00,GRIL
1.34,1.34,1.34,1.34,180,2021-06-02 13:04:00,GRIL
1.35,1.35,1.35,1.35,1000,2021-06-02 13:09:00,GRIL
1.34,1.34,1.34,1.34,100,2021-06-02 13:21:00,GRIL
1.32,1.32,1.32,1.32,1987,2021-06-02 13:30:00,GRIL
1.338,1.338,1.33,1.33,1721,2021-06-02 13:32:00,GRIL
1.322,1.322,1.322,1.322,250,2021-06-02 13:34:00,GRIL
1.34,1.34,1.34,1.34,2000,2021-06-02 13:35:00,GRIL
1.32,1.3351,1.3,1.3351,50251,2021-06-02 13:36:00,GRIL
1.31,1.33,1.31,1.33,1100,2021-06-02 13:38:00,GRIL
1.33,1.33,1.33,1.33,100,2021-06-02 13:40:00,GRIL
1.325,1.34,1.325,1.34,5895,2021-06-02 13:41:00,GRIL
1.34,1.34,1.33,1.34,2900,2021-06-02 13:42:00,GRIL
1.34,1.34,1.34,1.34,600,2021-06-02 13:43:00,GRIL
1.34,1.34,1.34,1.34,1400,2021-06-02 13:44:00,GRIL
1.3145,1.34,1.3145,1.34,4500,2021-06-02 13:46:00,GRIL
1.34,1.34,1.3,1.3,17850,2021-06-02 13:47:00,GRIL
1.3399,1.3399,1.3399,1.3399,2000,2021-06-02 13:48:00,GRIL
1.34,1.34,1.339,1.339,1200,2021-06-02 13:49:00,GRIL
1.31,1.32,1.31,1.32,500,2021-06-02 13:50:00,GRIL
1.3371,1.3371,1.3371,1.3371,100,2021-06-02 13:51:00,GRIL
1.3357,1.3357,1.3357,1.3357,150,2021-06-02 13:52:00,GRIL
1.3346,1.3346,1.3211,1.3211,1400,2021-06-02 13:54:00,GRIL
1.32,1.32,1.32,1.32,780,2021-06-02 13:56:00,GRIL
1.31,1.31,1.31,1.31,100,2021-06-02 13:59:00,GRIL
1.32,1.32,1.32,1.32,2500,2021-06-02 14:00:00,GRIL
1.31,1.3299,1.31,1.3299,4600,2021-06-02 14:01:00,GRIL
1.31,1.31,1.31,1.31,100,2021-06-02 14:02:00,GRIL
1.3111,1.3111,1.3111,1.3111,1000,2021-06-02 14:04:00,GRIL
1.33,1.33,1.32,1.32,988,2021-06-02 14:05:00,GRIL
1.31,1.3102,1.2885,1.29,43885,2021-06-02 14:07:00,GRIL
1.29,1.2951,1.2786,1.2951,47597,2021-06-02 14:08:00,GRIL
1.2964,1.2964,1.2964,1.2964,100,2021-06-02 14:10:00,GRIL
1.295,1.3,1.2901,1.295,5373,2021-06-02 14:11:00,GRIL
1.2908,1.2908,1.2908,1.2908,1000,2021-06-02 14:12:00,GRIL
1.2912,1.295,1.29,1.29,4900,2021-06-02 14:13:00,GRIL
1.29,1.29,1.29,1.29,101,2021-06-02 14:14:00,GRIL
1.3,1.3,1.2909,1.3,2000,2021-06-02 14:17:00,GRIL
1.3,1.3,1.2901,1.2999,29920,2021-06-02 14:18:00,GRIL
1.291,1.33,1.2901,1.33,15760,2021-06-02 14:19:00,GRIL
1.3,1.33,1.2943,1.3007,18900,2021-06-02 14:20:00,GRIL
1.3002,1.31,1.3001,1.3001,4100,2021-06-02 14:21:00,GRIL
1.31,1.31,1.3,1.3006,2930,2021-06-02 14:22:00,GRIL
1.31,1.31,1.2901,1.3,6979,2021-06-02 14:23:00,GRIL
1.2901,1.2901,1.2901,1.2901,1000,2021-06-02 14:24:00,GRIL
1.3099,1.3099,1.2901,1.2901,7660,2021-06-02 14:25:00,GRIL
1.31,1.31,1.31,1.31,100,2021-06-02 14:26:00,GRIL
1.3079,1.3079,1.3079,1.3079,100,2021-06-02 14:35:00,GRIL
1.3,1.3,1.3,1.3,150,2021-06-02 14:40:00,GRIL
1.309,1.309,1.309,1.309,100,2021-06-02 14:43:00,GRIL
1.3,1.3002,1.3,1.3,2800,2021-06-02 14:44:00,GRIL
1.31,1.31,1.3072,1.3072,200,2021-06-02 14:49:00,GRIL
1.31,1.31,1.31,1.31,230,2021-06-02 14:51:00,GRIL
1.31,1.31,1.3062,1.3062,844,2021-06-02 14:52:00,GRIL
1.3,1.3,1.3,1.3,5040,2021-06-02 14:56:00,GRIL
1.308,1.308,1.3,1.3006,724,2021-06-02 14:57:00,GRIL
1.3001,1.3001,1.3001,1.3001,200,2021-06-02 14:58:00,GRIL
1.3,1.3,1.3,1.3,400,2021-06-02 15:01:00,GRIL
1.3001,1.3001,1.3001,1.3001,500,2021-06-02 15:02:00,GRIL
1.31,1.31,1.3,1.3,8500,2021-06-02 15:03:00,GRIL
1.2988,1.2988,1.2988,1.2988,100,2021-06-02 15:06:00,GRIL
1.3,1.31,1.3,1.31,3400,2021-06-02 15:07:00,GRIL
1.31,1.31,1.31,1.31,1000,2021-06-02 15:08:00,GRIL
1.31,1.31,1.31,1.31,800,2021-06-02 15:09:00,GRIL
1.31,1.33,1.31,1.33,10370,2021-06-02 15:10:00,GRIL
1.325,1.34,1.325,1.34,1100,2021-06-02 15:11:00,GRIL
1.34,1.34,1.34,1.34,900,2021-06-02 15:12:00,GRIL
1.34,1.34,1.34,1.34,1404,2021-06-02 15:13:00,GRIL
1.34,1.34,1.34,1.34,3400,2021-06-02 15:14:00,GRIL
1.3322,1.3322,1.3322,1.3322,100,2021-06-02 15:16:00,GRIL
1.31,1.31,1.31,1.31,100,2021-06-02 15:17:00,GRIL
1.33,1.33,1.33,1.33,2800,2021-06-02 15:19:00,GRIL
1.32,1.32,1.32,1.32,2500,2021-06-02 15:20:00,GRIL
1.3115,1.3115,1.3115,1.3115,600,2021-06-02 15:22:00,GRIL
1.32,1.32,1.32,1.32,100,2021-06-02 15:24:00,GRIL
1.3292,1.33,1.3292,1.33,2138,2021-06-02 15:25:00,GRIL
1.31,1.33,1.31,1.33,4444,2021-06-02 15:26:00,GRIL
1.33,1.33,1.3,1.3,19519,2021-06-02 15:27:00,GRIL
1.3,1.31,1.3,1.31,214,2021-06-02 15:30:00,GRIL
1.31,1.31,1.31,1.31,250,2021-06-02 15:31:00,GRIL
1.3025,1.3025,1.3025,1.3025,300,2021-06-02 15:33:00,GRIL
1.3199,1.3199,1.3199,1.3199,100,2021-06-02 15:36:00,GRIL
1.3,1.3,1.3,1.3,200,2021-06-02 15:38:00,GRIL
1.3,1.3,1.3,1.3,200,2021-06-02 15:39:00,GRIL
1.31,1.31,1.31,1.31,100,2021-06-02 15:40:00,GRIL
1.31,1.31,1.31,1.31,100,2021-06-02 15:41:00,GRIL
1.31,1.31,1.31,1.31,2381,2021-06-02 15:42:00,GRIL
1.31,1.31,1.3,1.3,600,2021-06-02 15:49:00,GRIL
1.301,1.301,1.301,1.301,300,2021-06-02 15:52:00,GRIL
1.3,1.3,1.3,1.3,100,2021-06-02 15:53:00,GRIL
1.3093,1.31,1.3093,1.31,7708,2021-06-02 15:54:00,GRIL
1.305,1.305,1.305,1.305,2000,2021-06-02 15:55:00,GRIL
1.301,1.302,1.3,1.3,9412,2021-06-02 15:56:00,GRIL
1.3017,1.3017,1.3017,1.3017,200,2021-06-02 15:57:00,GRIL
1.305,1.31,1.305,1.31,400,2021-06-02 15:58:00,GRIL
1.31,1.31,1.31,1.31,150,2021-06-02 16:02:00,GRIL
1.31,1.31,1.31,1.31,958,2021-06-02 16:03:00,GRIL
1.31,1.31,1.3089,1.3089,600,2021-06-02 16:04:00,GRIL
1.3,1.3087,1.3,1.3087,1300,2021-06-02 16:09:00,GRIL
1.3,1.3,1.3,1.3,100,2021-06-02 16:11:00,GRIL
1.3099,1.3099,1.3099,1.3099,100,2021-06-02 16:12:00,GRIL
1.3009,1.3009,1.3009,1.3009,300,2021-06-02 16:14:00,GRIL
1.3001,1.3001,1.3001,1.3001,3000,2021-06-02 16:19:00,GRIL
1.3099,1.3099,1.305,1.305,723,2021-06-02 16:20:00,GRIL
1.305,1.3092,1.305,1.305,2500,2021-06-02 16:24:00,GRIL
1.308,1.31,1.308,1.31,729,2021-06-02 16:25:00,GRIL
1.3021,1.3021,1.3021,1.3021,175,2021-06-02 16:26:00,GRIL
1.3012,1.3018,1.3,1.3,7000,2021-06-02 16:27:00,GRIL
1.305,1.305,1.305,1.305,100,2021-06-02 16:28:00,GRIL
1.31,1.31,1.305,1.31,3715,2021-06-02 16:29:00,GRIL
1.3093,1.3093,1.3,1.305,3600,2021-06-02 16:33:00,GRIL
1.3,1.3,1.3,1.3,100,2021-06-02 16:34:00,GRIL
1.305,1.305,1.3,1.3,700,2021-06-02 16:37:00,GRIL
1.3,1.3,1.3,1.3,450,2021-06-02 16:39:00,GRIL
1.31,1.31,1.3,1.3,300,2021-06-02 16:40:00,GRIL
1.306,1.306,1.306,1.306,2353,2021-06-02 16:42:00,GRIL
1.3078,1.309,1.3,1.3,300,2021-06-02 16:43:00,GRIL
1.3063,1.3063,1.3063,1.3063,5000,2021-06-02 16:45:00,GRIL
1.3099,1.31,1.305,1.31,6100,2021-06-02 16:46:00,GRIL
1.31,1.32,1.31,1.32,6067,2021-06-02 16:47:00,GRIL
1.32,1.32,1.315,1.3167,12472,2021-06-02 16:48:00,GRIL
1.316,1.32,1.3102,1.3151,5437,2021-06-02 16:49:00,GRIL
1.33,1.33,1.33,1.33,1000,2021-06-02 16:50:00,GRIL
1.33,1.33,1.32,1.32,2700,2021-06-02 16:54:00,GRIL
1.32,1.33,1.32,1.33,6300,2021-06-02 16:56:00,GRIL
1.3275,1.3275,1.325,1.325,1000,2021-06-02 16:57:00,GRIL
1.33,1.33,1.3,1.32,23375,2021-06-02 16:58:00,GRIL
1.3262,1.3262,1.3262,1.3262,2009,2021-06-02 17:00:00,GRIL
1.325,1.325,1.325,1.325,265,2021-06-02 17:03:00,GRIL
1.32,1.33,1.32,1.33,1331,2021-06-02 17:06:00,GRIL
1.32,1.33,1.32,1.33,25000,2021-06-02 17:07:00,GRIL
1.3101,1.3101,1.3101,1.3101,500,2021-06-02 17:09:00,GRIL
1.3101,1.33,1.3101,1.32,7100,2021-06-02 17:12:00,GRIL
1.3291,1.3291,1.3291,1.3291,3800,2021-06-02 17:17:00,GRIL
1.3135,1.3135,1.3135,1.3135,150,2021-06-02 17:18:00,GRIL
1.31,1.31,1.31,1.31,100,2021-06-02 17:19:00,GRIL
1.31,1.31,1.31,1.31,100,2021-06-02 17:22:00,GRIL
1.31,1.31,1.31,1.31,10200,2021-06-02 17:23:00,GRIL
1.31,1.31,1.31,1.31,1000,2021-06-02 17:24:00,GRIL
1.31,1.31,1.31,1.31,100,2021-06-02 17:28:00,GRIL
1.32,1.32,1.32,1.32,500,2021-06-02 17:32:00,GRIL
1.3201,1.3202,1.31,1.31,8000,2021-06-02 17:33:00,GRIL
1.31,1.31,1.31,1.31,100,2021-06-02 17:41:00,GRIL
1.315,1.32,1.315,1.32,900,2021-06-02 17:43:00,GRIL
1.32,1.32,1.32,1.32,100,2021-06-02 17:45:00,GRIL
1.32,1.325,1.32,1.325,1200,2021-06-02 17:50:00,GRIL
1.3204,1.3204,1.3204,1.3204,6000,2021-06-02 17:51:00,GRIL
1.32,1.32,1.32,1.32,100,2021-06-02 17:53:00,GRIL
1.325,1.325,1.325,1.325,200,2021-06-02 17:54:00,GRIL
1.33,1.33,1.33,1.33,700,2021-06-02 17:56:00,GRIL
1.32,1.32,1.32,1.32,100,2021-06-02 17:57:00,GRIL
1.32,1.3208,1.32,1.32,4128,2021-06-02 17:59:00,GRIL
1.325,1.325,1.32,1.32,8275,2021-06-02 18:03:00,GRIL
1.328,1.3299,1.32,1.32,45637,2021-06-02 18:04:00,GRIL
1.32,1.32,1.32,1.32,100,2021-06-02 18:09:00,GRIL
1.33,1.33,1.32,1.3222,1500,2021-06-02 18:12:00,GRIL
1.32,1.3205,1.32,1.3205,1598,2021-06-02 18:13:00,GRIL
1.31,1.31,1.31,1.31,100,2021-06-02 18:15:00,GRIL
1.32,1.32,1.32,1.32,259,2021-06-02 18:16:00,GRIL
1.31,1.31,1.31,1.31,900,2021-06-02 18:22:00,GRIL
1.3101,1.3101,1.3101,1.3101,200,2021-06-02 18:24:00,GRIL
1.33,1.33,1.33,1.33,218,2021-06-02 18:28:00,GRIL
1.31,1.31,1.31,1.31,100,2021-06-02 18:29:00,GRIL
1.31,1.32,1.31,1.32,200,2021-06-02 18:30:00,GRIL
1.32,1.32,1.315,1.315,200,2021-06-02 18:31:00,GRIL
1.31,1.31,1.31,1.31,800,2021-06-02 18:34:00,GRIL
1.315,1.32,1.315,1.32,1622,2021-06-02 18:37:00,GRIL
1.33,1.33,1.33,1.33,100,2021-06-02 18:42:00,GRIL
1.3299,1.3299,1.3207,1.3207,500,2021-06-02 18:46:00,GRIL
1.325,1.325,1.325,1.325,530,2021-06-02 18:47:00,GRIL
1.3252,1.3252,1.3252,1.3252,380,2021-06-02 18:49:00,GRIL
1.33,1.33,1.33,1.33,264,2021-06-02 18:51:00,GRIL
1.325,1.325,1.325,1.325,200,2021-06-02 18:54:00,GRIL
1.32,1.32,1.32,1.32,189,2021-06-02 18:57:00,GRIL
1.3201,1.3201,1.3201,1.3201,1000,2021-06-02 18:58:00,GRIL
1.3209,1.325,1.3209,1.321,1200,2021-06-02 18:59:00,GRIL
1.3201,1.3201,1.3201,1.3201,2000,2021-06-02 19:00:00,GRIL
1.3201,1.3201,1.32,1.32,1100,2021-06-02 19:01:00,GRIL
1.32,1.32,1.32,1.32,100,2021-06-02 19:05:00,GRIL
1.32,1.32,1.32,1.32,100,2021-06-02 19:09:00,GRIL
1.32,1.32,1.32,1.32,100,2021-06-02 19:13:00,GRIL
1.32,1.32,1.32,1.32,100,2021-06-02 19:17:00,GRIL
1.325,1.33,1.325,1.33,5800,2021-06-02 19:19:00,GRIL
1.325,1.33,1.325,1.33,5492,2021-06-02 19:20:00,GRIL
1.3301,1.3315,1.33,1.3315,1900,2021-06-02 19:21:00,GRIL
1.335,1.335,1.33,1.3316,2200,2021-06-02 19:22:00,GRIL
1.3301,1.34,1.32,1.33,31127,2021-06-02 19:23:00,GRIL
1.3349,1.3349,1.3349,1.3349,209,2021-06-02 19:24:00,GRIL
1.34,1.34,1.34,1.34,180,2021-06-02 19:25:00,GRIL
1.3315,1.35,1.3315,1.3484,4248,2021-06-02 19:26:00,GRIL
1.34,1.34,1.34,1.34,870,2021-06-02 19:27:00,GRIL
1.345,1.3479,1.34,1.3402,2600,2021-06-02 19:28:00,GRIL
1.34,1.3402,1.34,1.3402,1000,2021-06-02 19:29:00,GRIL
1.345,1.35,1.345,1.348,1276,2021-06-02 19:30:00,GRIL
1.3479,1.3499,1.3479,1.3499,440,2021-06-02 19:31:00,GRIL
1.345,1.345,1.34,1.3401,2336,2021-06-02 19:34:00,GRIL
1.345,1.35,1.32,1.33,28207,2021-06-02 19:35:00,GRIL
1.335,1.34,1.3314,1.34,850,2021-06-02 19:36:00,GRIL
1.34,1.34,1.34,1.34,600,2021-06-02 19:38:00,GRIL
1.335,1.3399,1.335,1.3399,1326,2021-06-02 19:39:00,GRIL
1.3399,1.34,1.33,1.34,6594,2021-06-02 19:40:00,GRIL
1.345,1.35,1.345,1.3498,2800,2021-06-02 19:41:00,GRIL
1.345,1.3499,1.345,1.3499,3000,2021-06-02 19:42:00,GRIL
1.345,1.345,1.34,1.34,1388,2021-06-02 19:44:00,GRIL
1.3401,1.3401,1.3401,1.3401,1000,2021-06-02 19:45:00,GRIL
1.341,1.341,1.34,1.34,420,2021-06-02 19:46:00,GRIL
1.3401,1.3401,1.3401,1.3401,2000,2021-06-02 19:47:00,GRIL
1.34,1.34,1.34,1.34,300,2021-06-02 19:48:00,GRIL
1.34,1.34,1.34,1.34,100,2021-06-02 19:50:00,GRIL
1.34,1.34,1.34,1.34,100,2021-06-02 19:52:00,GRIL
1.345,1.345,1.34,1.34,5600,2021-06-02 19:53:00,GRIL
1.3459,1.348,1.34,1.34,8350,2021-06-02 19:54:00,GRIL
1.34,1.34,1.34,1.34,1100,2021-06-02 19:55:00,GRIL
1.3405,1.3405,1.34,1.34,1600,2021-06-02 19:57:00,GRIL
1.34,1.34,1.32,1.3399,20221,2021-06-02 19:58:00,GRIL
1.33,1.33,1.33,1.33,14645,2021-06-02 19:59:00,GRIL
1.34,1.34,1.34,1.34,432,2021-06-02 20:00:00,GRIL
1.34,1.34,1.34,1.34,1000,2021-06-02 20:13:00,GRIL
1.34,1.34,1.34,1.34,782,2021-06-02 20:37:00,GRIL
1.3492,1.3492,1.3492,1.3492,120,2021-06-02 20:45:00,GRIL
1.35,1.35,1.35,1.35,370,2021-06-02 20:54:00,GRIL
1.3497,1.3497,1.3497,1.3497,300,2021-06-02 20:55:00,GRIL
1.3498,1.3498,1.3498,1.3498,500,2021-06-02 21:03:00,GRIL
1.3495,1.3495,1.3495,1.3495,200,2021-06-02 21:14:00,GRIL
1.34,1.34,1.34,1.34,500,2021-06-02 21:20:00,GRIL
1.35,1.35,1.35,1.35,2000,2021-06-02 21:36:00,GRIL
1.34,1.34,1.34,1.34,1790,2021-06-02 21:51:00,GRIL
1.3399,1.34,1.3399,1.34,518,2021-06-02 21:52:00,GRIL
1.34,1.34,1.34,1.34,300,2021-06-02 21:56:00,GRIL
1.34,1.34,1.34,1.34,500,2021-06-02 22:15:00,GRIL
1.34,1.34,1.34,1.34,100,2021-06-02 22:58:00,GRIL
1.3499,1.3499,1.3499,1.3499,400,2021-06-02 23:18:00,GRIL
1.35,1.35,1.35,1.35,400,2021-06-02 23:59:00,GRIL
1.39,1.39,1.39,1.39,200,2021-06-03 09:35:00,GRIL
1.36,1.36,1.36,1.36,200,2021-06-03 11:07:00,GRIL
1.36,1.36,1.36,1.36,600,2021-06-03 11:16:00,GRIL
1.36,1.36,1.36,1.36,250,2021-06-03 12:02:00,GRIL
1.3401,1.3401,1.3401,1.3401,2272,2021-06-03 12:14:00,GRIL
1.34,1.34,1.34,1.34,1259,2021-06-03 12:18:00,GRIL
1.34,1.34,1.34,1.34,1414,2021-06-03 12:19:00,GRIL
1.33,1.33,1.33,1.33,1350,2021-06-03 12:25:00,GRIL
1.33,1.33,1.33,1.33,1000,2021-06-03 12:28:00,GRIL
1.32,1.32,1.32,1.32,100,2021-06-03 12:36:00,GRIL
1.33,1.34,1.33,1.34,3220,2021-06-03 12:58:00,GRIL
1.3299,1.3299,1.3299,1.3299,100,2021-06-03 13:08:00,GRIL
1.33,1.33,1.33,1.33,100,2021-06-03 13:14:00,GRIL
1.32,1.32,1.32,1.32,7260,2021-06-03 13:30:00,GRIL
1.325,1.325,1.32,1.32,1505,2021-06-03 13:31:00,GRIL
1.32,1.32,1.32,1.32,1700,2021-06-03 13:32:00,GRIL
1.3253,1.3253,1.3253,1.3253,500,2021-06-03 13:35:00,GRIL
1.32,1.32,1.32,1.32,5000,2021-06-03 13:38:00,GRIL
1.31,1.31,1.3,1.3001,2857,2021-06-03 13:40:00,GRIL
1.3109,1.32,1.3,1.3,1824,2021-06-03 13:44:00,GRIL
1.3,1.3,1.3,1.3,100,2021-06-03 13:45:00,GRIL
1.3,1.3,1.3,1.3,700,2021-06-03 13:47:00,GRIL
1.3,1.3,1.3,1.3,400,2021-06-03 13:48:00,GRIL
1.3,1.3,1.3,1.3,300,2021-06-03 13:49:00,GRIL
1.3,1.3,1.3,1.3,400,2021-06-03 13:50:00,GRIL
1.3,1.3,1.3,1.3,300,2021-06-03 13:51:00,GRIL
1.3,1.3,1.3,1.3,500,2021-06-03 13:52:00,GRIL
1.3,1.3,1.3,1.3,400,2021-06-03 13:53:00,GRIL
1.3,1.3145,1.3,1.3145,700,2021-06-03 13:54:00,GRIL
1.31,1.31,1.3,1.3,950,2021-06-03 13:55:00,GRIL
1.3,1.3,1.3,1.3,400,2021-06-03 13:56:00,GRIL
1.3,1.3,1.3,1.3,300,2021-06-03 13:57:00,GRIL
1.31,1.31,1.3,1.3,1326,2021-06-03 13:58:00,GRIL
1.3,1.3,1.3,1.3,1204,2021-06-03 13:59:00,GRIL
1.32,1.32,1.32,1.32,500,2021-06-03 14:02:00,GRIL
1.31,1.31,1.31,1.31,1001,2021-06-03 14:04:00,GRIL
1.31,1.32,1.31,1.32,6605,2021-06-03 14:06:00,GRIL
1.315,1.315,1.315,1.315,300,2021-06-03 14:07:00,GRIL
1.3188,1.3188,1.3188,1.3188,1000,2021-06-03 14:09:00,GRIL
1.3156,1.3156,1.3156,1.3156,1000,2021-06-03 14:15:00,GRIL
1.312,1.315,1.31,1.31,600,2021-06-03 14:17:00,GRIL
1.3183,1.3189,1.3183,1.3189,1289,2021-06-03 14:20:00,GRIL
1.3199,1.3199,1.3199,1.3199,5000,2021-06-03 14:23:00,GRIL
1.32,1.32,1.3197,1.3199,8694,2021-06-03 14:24:00,GRIL
1.3299,1.3299,1.3201,1.3299,2050,2021-06-03 14:25:00,GRIL
1.3214,1.3214,1.3214,1.3214,289,2021-06-03 14:26:00,GRIL
1.3206,1.3206,1.3206,1.3206,200,2021-06-03 14:27:00,GRIL
1.33,1.33,1.325,1.325,650,2021-06-03 14:29:00,GRIL
1.325,1.325,1.32,1.32,550,2021-06-03 14:31:00,GRIL
1.33,1.33,1.33,1.33,100,2021-06-03 14:33:00,GRIL
1.325,1.33,1.325,1.33,612,2021-06-03 14:34:00,GRIL
1.33,1.33,1.33,1.33,150,2021-06-03 14:35:00,GRIL
1.3282,1.3282,1.3282,1.3282,150,2021-06-03 14:36:00,GRIL
1.3201,1.3205,1.3201,1.3205,10500,2021-06-03 14:39:00,GRIL
1.3205,1.3205,1.3201,1.3201,9500,2021-06-03 14:40:00,GRIL
1.328,1.328,1.32,1.3201,6900,2021-06-03 14:41:00,GRIL
1.32,1.32,1.32,1.32,500,2021-06-03 14:44:00,GRIL
1.32,1.32,1.32,1.32,100,2021-06-03 14:47:00,GRIL
1.33,1.33,1.33,1.33,3000,2021-06-03 14:51:00,GRIL
1.32,1.32,1.32,1.32,100,2021-06-03 14:53:00,GRIL
1.32,1.325,1.32,1.325,371,2021-06-03 14:59:00,GRIL
1.325,1.325,1.325,1.325,200,2021-06-03 15:00:00,GRIL
1.33,1.33,1.3221,1.3221,200,2021-06-03 15:02:00,GRIL
1.33,1.33,1.33,1.33,500,2021-06-03 15:04:00,GRIL
1.325,1.325,1.325,1.325,100,2021-06-03 15:07:00,GRIL
1.33,1.34,1.325,1.34,1790,2021-06-03 15:08:00,GRIL
1.32,1.32,1.32,1.32,500,2021-06-03 15:09:00,GRIL
1.33,1.34,1.33,1.34,700,2021-06-03 15:13:00,GRIL
1.33,1.33,1.3299,1.3299,3866,2021-06-03 15:15:00,GRIL
1.33,1.33,1.325,1.33,950,2021-06-03 15:17:00,GRIL
1.32,1.33,1.32,1.32,4321,2021-06-03 15:18:00,GRIL
1.3259,1.3259,1.32,1.32,2100,2021-06-03 15:19:00,GRIL
1.32,1.32,1.32,1.32,100,2021-06-03 15:21:00,GRIL
1.3201,1.3201,1.32,1.32,2921,2021-06-03 15:22:00,GRIL
1.32,1.32,1.32,1.32,100,2021-06-03 15:23:00,GRIL
1.32,1.32,1.32,1.32,100,2021-06-03 15:24:00,GRIL
1.3203,1.325,1.32,1.32,2100,2021-06-03 15:25:00,GRIL
1.32,1.32,1.31,1.32,18685,2021-06-03 15:27:00,GRIL
1.321,1.321,1.321,1.321,500,2021-06-03 15:28:00,GRIL
1.32,1.32,1.32,1.32,200,2021-06-03 15:29:00,GRIL
1.33,1.33,1.33,1.33,1000,2021-06-03 15:33:00,GRIL
1.3299,1.3299,1.3299,1.3299,3000,2021-06-03 15:34:00,GRIL
1.32,1.32,1.32,1.32,500,2021-06-03 15:37:00,GRIL
1.3209,1.3209,1.3209,1.3209,150,2021-06-03 15:38:00,GRIL
1.32,1.32,1.32,1.32,100,2021-06-03 15:39:00,GRIL
1.3201,1.3201,1.3201,1.3201,5000,2021-06-03 15:43:00,GRIL
1.32,1.32,1.32,1.32,100,2021-06-03 15:45:00,GRIL
1.33,1.33,1.33,1.33,850,2021-06-03 15:48:00,GRIL
1.32,1.32,1.32,1.32,100,2021-06-03 15:52:00,GRIL
1.3201,1.3201,1.32,1.32,700,2021-06-03 15:58:00,GRIL
1.3215,1.325,1.3215,1.325,550,2021-06-03 16:03:00,GRIL
1.3227,1.3227,1.3227,1.3227,500,2021-06-03 16:04:00,GRIL
1.32,1.32,1.32,1.32,100,2021-06-03 16:05:00,GRIL
1.325,1.325,1.325,1.325,375,2021-06-03 16:08:00,GRIL
1.325,1.325,1.32,1.32,483,2021-06-03 16:12:00,GRIL
1.33,1.33,1.33,1.33,2000,2021-06-03 16:13:00,GRIL
1.3201,1.33,1.3201,1.33,3136,2021-06-03 16:14:00,GRIL
1.33,1.33,1.33,1.33,1000,2021-06-03 16:15:00,GRIL
1.3258,1.3258,1.3258,1.3258,500,2021-06-03 16:20:00,GRIL
1.327,1.327,1.327,1.327,1000,2021-06-03 16:21:00,GRIL
1.3257,1.3276,1.3257,1.3276,5000,2021-06-03 16:22:00,GRIL
1.32,1.32,1.32,1.32,100,2021-06-03 16:23:00,GRIL
1.325,1.33,1.32,1.322,5205,2021-06-03 16:25:00,GRIL
1.3292,1.3383,1.325,1.3383,4440,2021-06-03 16:26:00,GRIL
1.34,1.34,1.339,1.339,1000,2021-06-03 16:28:00,GRIL
1.33,1.33,1.33,1.33,1244,2021-06-03 16:29:00,GRIL
1.3394,1.3394,1.3394,1.3394,350,2021-06-03 16:30:00,GRIL
1.3499,1.3499,1.3499,1.3499,100,2021-06-03 16:34:00,GRIL
1.34,1.3499,1.34,1.3499,200,2021-06-03 16:35:00,GRIL
1.35,1.35,1.34,1.3499,3700,2021-06-03 16:36:00,GRIL
1.33,1.3383,1.31,1.3383,50448,2021-06-03 16:37:00,GRIL
1.3375,1.3375,1.3375,1.3375,500,2021-06-03 16:49:00,GRIL
1.3399,1.3399,1.3399,1.3399,500,2021-06-03 16:50:00,GRIL
1.3399,1.3399,1.3399,1.3399,500,2021-06-03 17:00:00,GRIL
1.33,1.33,1.33,1.33,100,2021-06-03 17:03:00,GRIL
1.32,1.32,1.32,1.32,100,2021-06-03 17:06:00,GRIL
1.3201,1.3201,1.3201,1.3201,1000,2021-06-03 17:10:00,GRIL
1.3245,1.3245,1.3245,1.3245,137,2021-06-03 17:11:00,GRIL
1.32,1.32,1.32,1.32,100,2021-06-03 17:15:00,GRIL
1.3221,1.3221,1.3221,1.3221,150,2021-06-03 17:18:00,GRIL
1.32,1.32,1.32,1.32,100,2021-06-03 17:23:00,GRIL
1.33,1.33,1.33,1.33,300,2021-06-03 17:30:00,GRIL
1.33,1.339,1.32,1.32,4331,2021-06-03 17:31:00,GRIL
1.32,1.32,1.32,1.32,500,2021-06-03 17:34:00,GRIL
1.3201,1.3201,1.3201,1.3201,1300,2021-06-03 17:35:00,GRIL
1.33,1.33,1.33,1.33,100,2021-06-03 17:37:00,GRIL
1.33,1.33,1.33,1.33,200,2021-06-03 17:39:00,GRIL
1.33,1.33,1.33,1.33,500,2021-06-03 17:42:00,GRIL
1.335,1.34,1.335,1.34,7703,2021-06-03 17:47:00,GRIL
1.34,1.34,1.33,1.33,11500,2021-06-03 17:48:00,GRIL
1.33,1.33,1.33,1.33,1355,2021-06-03 17:49:00,GRIL
1.339,1.339,1.339,1.339,112,2021-06-03 17:56:00,GRIL
1.331,1.331,1.331,1.331,410,2021-06-03 18:05:00,GRIL
1.33,1.3336,1.33,1.33,953,2021-06-03 18:13:00,GRIL
1.33,1.33,1.33,1.33,100,2021-06-03 18:20:00,GRIL
1.33,1.33,1.33,1.33,2880,2021-06-03 18:23:00,GRIL
1.335,1.335,1.335,1.335,100,2021-06-03 18:24:00,GRIL
1.33,1.33,1.33,1.33,100,2021-06-03 18:28:00,GRIL
1.34,1.34,1.34,1.34,100,2021-06-03 18:29:00,GRIL
1.33,1.33,1.33,1.33,100,2021-06-03 18:36:00,GRIL
1.3385,1.3385,1.3385,1.3385,500,2021-06-03 18:38:00,GRIL
1.34,1.34,1.3399,1.3399,15000,2021-06-03 18:43:00,GRIL
1.33,1.33,1.33,1.33,100,2021-06-03 18:44:00,GRIL
1.33,1.33,1.33,1.33,875,2021-06-03 18:45:00,GRIL
1.335,1.335,1.33,1.33,900,2021-06-03 18:51:00,GRIL
1.3339,1.3339,1.3339,1.3339,355,2021-06-03 18:54:00,GRIL
1.335,1.335,1.335,1.335,350,2021-06-03 18:56:00,GRIL
1.33,1.33,1.33,1.33,100,2021-06-03 18:57:00,GRIL
1.3301,1.34,1.3301,1.34,25640,2021-06-03 18:58:00,GRIL
1.3341,1.3341,1.3341,1.3341,500,2021-06-03 19:02:00,GRIL
1.33,1.33,1.33,1.33,200,2021-06-03 19:03:00,GRIL
1.33,1.33,1.33,1.33,140,2021-06-03 19:04:00,GRIL
1.33,1.33,1.33,1.33,1575,2021-06-03 19:05:00,GRIL
1.3395,1.3395,1.3395,1.3395,3700,2021-06-03 19:06:00,GRIL
1.3393,1.3399,1.33,1.335,10200,2021-06-03 19:08:00,GRIL
1.3388,1.3388,1.335,1.335,532,2021-06-03 19:09:00,GRIL
1.3385,1.3385,1.3385,1.3385,100,2021-06-03 19:10:00,GRIL
1.34,1.34,1.3308,1.3308,250,2021-06-03 19:11:00,GRIL
1.34,1.34,1.34,1.34,2250,2021-06-03 19:12:00,GRIL
1.335,1.34,1.335,1.34,1778,2021-06-03 19:13:00,GRIL
1.34,1.35,1.34,1.35,20223,2021-06-03 19:14:00,GRIL
1.3499,1.3499,1.345,1.345,3700,2021-06-03 19:15:00,GRIL
1.3476,1.3476,1.345,1.345,200,2021-06-03 19:16:00,GRIL
1.3454,1.3476,1.3454,1.3476,1200,2021-06-03 19:17:00,GRIL
1.35,1.35,1.35,1.35,150,2021-06-03 19:18:00,GRIL
1.345,1.345,1.34,1.34,2700,2021-06-03 19:19:00,GRIL
1.35,1.35,1.35,1.35,6500,2021-06-03 19:21:00,GRIL
1.343,1.343,1.343,1.343,250,2021-06-03 19:23:00,GRIL
1.345,1.345,1.345,1.345,100,2021-06-03 19:26:00,GRIL
1.35,1.35,1.345,1.345,4259,2021-06-03 19:30:00,GRIL
1.3499,1.3499,1.3499,1.3499,1000,2021-06-03 19:32:00,GRIL
1.349,1.349,1.3435,1.3435,2000,2021-06-03 19:33:00,GRIL
1.35,1.35,1.3499,1.3499,9187,2021-06-03 19:34:00,GRIL
1.345,1.35,1.345,1.35,7383,2021-06-03 19:35:00,GRIL
1.3599,1.36,1.3599,1.36,300,2021-06-03 19:36:00,GRIL
1.3582,1.3582,1.355,1.355,1140,2021-06-03 19:38:00,GRIL
1.36,1.36,1.36,1.36,1000,2021-06-03 19:39:00,GRIL
1.355,1.36,1.355,1.355,776,2021-06-03 19:40:00,GRIL
1.355,1.355,1.355,1.355,200,2021-06-03 19:41:00,GRIL
1.35,1.35,1.35,1.35,100,2021-06-03 19:44:00,GRIL
1.3599,1.3599,1.3593,1.3593,2305,2021-06-03 19:45:00,GRIL
1.35,1.3578,1.35,1.3578,205,2021-06-03 19:46:00,GRIL
1.3578,1.3578,1.3578,1.3578,100,2021-06-03 19:48:00,GRIL
1.35,1.355,1.35,1.355,478,2021-06-03 19:49:00,GRIL
1.35,1.3578,1.35,1.3578,6220,2021-06-03 19:51:00,GRIL
1.355,1.355,1.355,1.355,111,2021-06-03 19:52:00,GRIL
1.35,1.3599,1.35,1.3599,950,2021-06-03 19:53:00,GRIL
1.35,1.36,1.35,1.355,3697,2021-06-03 19:54:00,GRIL
1.355,1.3599,1.35,1.35,3050,2021-06-03 19:55:00,GRIL
1.36,1.36,1.3506,1.355,3345,2021-06-03 19:56:00,GRIL
1.35,1.35,1.35,1.35,100,2021-06-03 19:57:00,GRIL
1.35,1.36,1.35,1.36,2770,2021-06-03 19:58:00,GRIL
1.355,1.3599,1.35,1.3599,3782,2021-06-03 19:59:00,GRIL
1.36,1.36,1.33,1.33,1190,2021-06-03 20:00:00,GRIL
1.36,1.36,1.36,1.36,600,2021-06-03 20:02:00,GRIL
1.35,1.35,1.35,1.35,990,2021-06-03 21:19:00,GRIL
1.36,1.36,1.36,1.36,200,2021-06-03 21:27:00,GRIL
1.36,1.36,1.36,1.36,185,2021-06-03 21:49:00,GRIL
1.34,1.34,1.34,1.34,2000,2021-06-03 22:13:00,GRIL
1.36,1.36,1.36,1.36,100,2021-06-03 22:46:00,GRIL
1.3599,1.3599,1.3599,1.3599,500,2021-06-03 22:47:00,GRIL
1.36,1.36,1.36,1.36,735,2021-06-03 23:24:00,GRIL
1.35,1.35,1.35,1.35,350,2021-06-03 23:26:00,GRIL
1.36,1.36,1.36,1.36,500,2021-06-03 23:41:00,GRIL
1.36,1.36,1.36,1.36,340,2021-06-04 11:11:00,GRIL
1.36,1.36,1.36,1.36,570,2021-06-04 11:14:00,GRIL
1.35,1.35,1.35,1.35,1717,2021-06-04 12:15:00,GRIL
1.37,1.37,1.37,1.37,900,2021-06-04 12:26:00,GRIL
1.36,1.36,1.36,1.36,10000,2021-06-04 12:58:00,GRIL
1.36,1.36,1.36,1.36,100,2021-06-04 13:00:00,GRIL
1.36,1.37,1.36,1.37,2860,2021-06-04 13:23:00,GRIL
1.36,1.37,1.36,1.37,1300,2021-06-04 13:28:00,GRIL
1.35,1.35,1.35,1.35,2018,2021-06-04 13:30:00,GRIL
1.36,1.36,1.36,1.36,1932,2021-06-04 13:34:00,GRIL
1.35,1.35,1.35,1.35,1780,2021-06-04 13:35:00,GRIL
1.34,1.3499,1.3325,1.3325,2920,2021-06-04 13:36:00,GRIL
1.345,1.345,1.34,1.34,1500,2021-06-04 13:38:00,GRIL
1.3366,1.3366,1.3366,1.3366,100,2021-06-04 13:39:00,GRIL
1.335,1.335,1.33,1.33,1990,2021-06-04 13:42:00,GRIL
1.3565,1.3565,1.3565,1.3565,1000,2021-06-04 13:44:00,GRIL
1.3537,1.3537,1.3537,1.3537,200,2021-06-04 13:45:00,GRIL
1.345,1.345,1.345,1.345,1432,2021-06-04 13:48:00,GRIL
1.3409,1.3409,1.3409,1.3409,700,2021-06-04 13:49:00,GRIL
1.35,1.35,1.35,1.35,643,2021-06-04 13:51:00,GRIL
1.34,1.3488,1.34,1.3488,1785,2021-06-04 13:52:00,GRIL
1.33,1.33,1.33,1.33,2143,2021-06-04 13:57:00,GRIL
1.34,1.34,1.34,1.34,113,2021-06-04 13:58:00,GRIL
1.333,1.333,1.333,1.333,300,2021-06-04 13:59:00,GRIL
1.33,1.33,1.33,1.33,30322,2021-06-04 14:03:00,GRIL
1.3201,1.3201,1.3201,1.3201,268,2021-06-04 14:06:00,GRIL
1.33,1.33,1.32,1.321,1900,2021-06-04 14:09:00,GRIL
1.3201,1.3207,1.32,1.32,9056,2021-06-04 14:10:00,GRIL
1.32,1.3236,1.32,1.32,825,2021-06-04 14:12:00,GRIL
1.32,1.3266,1.32,1.3266,1150,2021-06-04 14:13:00,GRIL
1.32,1.3274,1.31,1.3274,2800,2021-06-04 14:18:00,GRIL
1.32,1.32,1.32,1.32,100,2021-06-04 14:19:00,GRIL
1.33,1.33,1.3287,1.3287,550,2021-06-04 14:20:00,GRIL
1.32,1.32,1.31,1.31,560,2021-06-04 14:23:00,GRIL
1.32,1.3201,1.31,1.31,27250,2021-06-04 14:25:00,GRIL
1.312,1.312,1.312,1.312,747,2021-06-04 14:26:00,GRIL
1.31,1.31,1.31,1.31,600,2021-06-04 14:28:00,GRIL
1.3121,1.33,1.31,1.33,10925,2021-06-04 14:29:00,GRIL
1.3112,1.3112,1.3112,1.3112,300,2021-06-04 14:30:00,GRIL
1.32,1.32,1.32,1.32,300,2021-06-04 14:31:00,GRIL
1.32,1.32,1.3163,1.3163,598,2021-06-04 14:32:00,GRIL
1.3192,1.3192,1.3192,1.3192,110,2021-06-04 14:33:00,GRIL
1.3195,1.3195,1.3195,1.3195,897,2021-06-04 14:34:00,GRIL
1.3182,1.33,1.3182,1.325,2800,2021-06-04 14:35:00,GRIL
1.33,1.33,1.33,1.33,12101,2021-06-04 14:37:00,GRIL
1.329,1.329,1.329,1.329,1000,2021-06-04 14:42:00,GRIL
1.325,1.325,1.31,1.31,9910,2021-06-04 14:43:00,GRIL
1.3125,1.3125,1.3125,1.3125,521,2021-06-04 14:48:00,GRIL
1.31,1.31,1.31,1.31,375,2021-06-04 14:50:00,GRIL
1.32,1.32,1.32,1.32,300,2021-06-04 14:57:00,GRIL
1.3125,1.3125,1.3125,1.3125,500,2021-06-04 14:59:00,GRIL
1.323,1.323,1.323,1.323,100,2021-06-04 15:00:00,GRIL
1.32,1.32,1.31,1.31,4910,2021-06-04 15:06:00,GRIL
1.32,1.32,1.32,1.32,200,2021-06-04 15:07:00,GRIL
1.329,1.329,1.329,1.329,4000,2021-06-04 15:09:00,GRIL
1.33,1.33,1.33,1.33,179,2021-06-04 15:11:00,GRIL
1.32,1.32,1.32,1.32,4100,2021-06-04 15:13:00,GRIL
1.3299,1.3299,1.3299,1.3299,200,2021-06-04 15:14:00,GRIL
1.327,1.327,1.327,1.327,100,2021-06-04 15:15:00,GRIL
1.33,1.34,1.33,1.34,4414,2021-06-04 15:24:00,GRIL
1.35,1.35,1.35,1.35,693,2021-06-04 15:25:00,GRIL
1.35,1.3583,1.34,1.3583,6905,2021-06-04 15:26:00,GRIL
1.35,1.36,1.35,1.36,2805,2021-06-04 15:27:00,GRIL
1.36,1.36,1.36,1.36,500,2021-06-04 15:28:00,GRIL
1.36,1.36,1.36,1.36,2205,2021-06-04 15:29:00,GRIL
1.36,1.36,1.355,1.355,4500,2021-06-04 15:30:00,GRIL
1.36,1.36,1.36,1.36,598,2021-06-04 15:31:00,GRIL
1.36,1.36,1.36,1.36,1000,2021-06-04 15:32:00,GRIL
1.36,1.36,1.3518,1.36,1212,2021-06-04 15:33:00,GRIL
1.36,1.36,1.36,1.36,600,2021-06-04 15:34:00,GRIL
1.3505,1.36,1.3505,1.36,3465,2021-06-04 15:35:00,GRIL
1.36,1.36,1.36,1.36,500,2021-06-04 15:36:00,GRIL
1.36,1.36,1.3599,1.3599,2266,2021-06-04 15:37:00,GRIL
1.36,1.37,1.36,1.36,10727,2021-06-04 15:38:00,GRIL
1.36,1.36,1.36,1.36,6491,2021-06-04 15:39:00,GRIL
1.3412,1.3412,1.3412,1.3412,500,2021-06-04 15:41:00,GRIL
1.35,1.35,1.34,1.34,600,2021-06-04 15:43:00,GRIL
1.3416,1.35,1.3416,1.35,3300,2021-06-04 15:44:00,GRIL
1.36,1.36,1.36,1.36,5905,2021-06-04 15:46:00,GRIL
1.36,1.36,1.36,1.36,620,2021-06-04 15:49:00,GRIL
1.3674,1.3674,1.3674,1.3674,178,2021-06-04 15:50:00,GRIL
1.3674,1.3674,1.3674,1.3674,200,2021-06-04 15:52:00,GRIL
1.369,1.369,1.369,1.369,1300,2021-06-04 15:56:00,GRIL
1.36,1.36,1.36,1.36,200,2021-06-04 15:57:00,GRIL
1.3674,1.3674,1.3674,1.3674,235,2021-06-04 15:58:00,GRIL
1.365,1.37,1.365,1.37,987,2021-06-04 15:59:00,GRIL
1.37,1.37,1.36,1.37,9389,2021-06-04 16:00:00,GRIL
1.34,1.34,1.34,1.34,2988,2021-06-04 16:01:00,GRIL
1.355,1.355,1.355,1.355,400,2021-06-04 16:05:00,GRIL
1.3415,1.3415,1.3415,1.3415,300,2021-06-04 16:13:00,GRIL
1.355,1.355,1.355,1.355,250,2021-06-04 16:20:00,GRIL
1.3558,1.3558,1.3558,1.3558,500,2021-06-04 16:22:00,GRIL
1.3641,1.3641,1.3634,1.3634,235,2021-06-04 16:24:00,GRIL
1.355,1.355,1.355,1.355,400,2021-06-04 16:25:00,GRIL
1.36,1.36,1.36,1.36,115,2021-06-04 16:39:00,GRIL
1.3513,1.3513,1.3513,1.3513,1000,2021-06-04 16:46:00,GRIL
1.3601,1.3601,1.3601,1.3601,300,2021-06-04 16:54:00,GRIL
1.37,1.37,1.3611,1.3611,1999,2021-06-04 16:59:00,GRIL
1.36,1.3682,1.36,1.3682,320,2021-06-04 17:03:00,GRIL
1.36,1.36,1.35,1.35,2902,2021-06-04 17:07:00,GRIL
1.35,1.3514,1.35,1.3514,618,2021-06-04 17:10:00,GRIL
1.37,1.37,1.37,1.37,300,2021-06-04 17:15:00,GRIL
1.351,1.351,1.351,1.351,100,2021-06-04 17:18:00,GRIL
1.35,1.35,1.35,1.35,200,2021-06-04 17:24:00,GRIL
1.3501,1.3501,1.3501,1.3501,1000,2021-06-04 17:27:00,GRIL
1.36,1.36,1.36,1.36,100,2021-06-04 17:29:00,GRIL
1.355,1.355,1.355,1.355,100,2021-06-04 17:32:00,GRIL
1.3573,1.3573,1.3573,1.3573,100,2021-06-04 17:52:00,GRIL
1.359,1.359,1.359,1.359,1000,2021-06-04 17:53:00,GRIL
1.36,1.36,1.36,1.36,1200,2021-06-04 17:56:00,GRIL
1.3662,1.37,1.3662,1.3662,828,2021-06-04 17:57:00,GRIL
1.3694,1.3694,1.3694,1.3694,2500,2021-06-04 18:01:00,GRIL
1.3695,1.3695,1.3695,1.3695,3600,2021-06-04 18:05:00,GRIL
1.37,1.37,1.37,1.37,1300,2021-06-04 18:14:00,GRIL
1.37,1.37,1.37,1.37,300,2021-06-04 18:20:00,GRIL
1.3691,1.3691,1.3691,1.3691,1500,2021-06-04 18:21:00,GRIL
1.3643,1.3643,1.3643,1.3643,100,2021-06-04 18:22:00,GRIL
1.3603,1.3603,1.3603,1.3603,1500,2021-06-04 18:26:00,GRIL
1.361,1.361,1.361,1.361,200,2021-06-04 18:29:00,GRIL
1.36,1.36,1.36,1.36,10000,2021-06-04 18:35:00,GRIL
1.365,1.365,1.36,1.36,6400,2021-06-04 18:37:00,GRIL
1.36,1.36,1.36,1.36,1500,2021-06-04 18:39:00,GRIL
1.36,1.36,1.36,1.36,500,2021-06-04 18:40:00,GRIL
1.3568,1.3568,1.3568,1.3568,400,2021-06-04 18:41:00,GRIL
1.35,1.35,1.35,1.35,679,2021-06-04 18:45:00,GRIL
1.36,1.36,1.3566,1.36,880,2021-06-04 18:50:00,GRIL
1.36,1.36,1.36,1.36,100,2021-06-04 18:51:00,GRIL
1.36,1.365,1.36,1.365,7498,2021-06-04 19:09:00,GRIL
1.365,1.365,1.365,1.365,2500,2021-06-04 19:10:00,GRIL
1.37,1.37,1.3689,1.3689,2000,2021-06-04 19:13:00,GRIL
1.37,1.37,1.37,1.37,250,2021-06-04 19:14:00,GRIL
1.3686,1.3686,1.3686,1.3686,500,2021-06-04 19:16:00,GRIL
1.37,1.37,1.36,1.36,20053,2021-06-04 19:21:00,GRIL
1.37,1.37,1.37,1.37,2800,2021-06-04 19:22:00,GRIL
1.36,1.36,1.35,1.35,9916,2021-06-04 19:23:00,GRIL
1.37,1.37,1.37,1.37,1100,2021-06-04 19:24:00,GRIL
1.37,1.3899,1.37,1.3899,14818,2021-06-04 19:25:00,GRIL
1.39,1.4,1.39,1.3922,49380,2021-06-04 19:26:00,GRIL
1.395,1.405,1.39,1.405,21413,2021-06-04 19:27:00,GRIL
1.4001,1.41,1.39,1.39,11800,2021-06-04 19:29:00,GRIL
1.3817,1.4,1.3817,1.39,4220,2021-06-04 19:30:00,GRIL
1.3999,1.4,1.3996,1.4,25797,2021-06-04 19:31:00,GRIL
1.4,1.41,1.3999,1.41,20883,2021-06-04 19:32:00,GRIL
1.42,1.425,1.4,1.4,21247,2021-06-04 19:33:00,GRIL
1.4199,1.4199,1.4,1.4027,9000,2021-06-04 19:34:00,GRIL
1.4199,1.4199,1.41,1.41,14007,2021-06-04 19:35:00,GRIL
1.4,1.4099,1.4,1.4099,14100,2021-06-04 19:36:00,GRIL
1.39,1.4099,1.38,1.4099,20662,2021-06-04 19:37:00,GRIL
1.405,1.405,1.4,1.4,6530,2021-06-04 19:38:00,GRIL
1.4101,1.4194,1.4101,1.4194,9800,2021-06-04 19:39:00,GRIL
1.4195,1.42,1.415,1.42,21650,2021-06-04 19:40:00,GRIL
1.415,1.415,1.415,1.415,1300,2021-06-04 19:41:00,GRIL
1.41,1.41,1.41,1.41,1200,2021-06-04 19:42:00,GRIL
1.4105,1.438,1.4101,1.4301,36771,2021-06-04 19:43:00,GRIL
1.435,1.44,1.43,1.4302,30763,2021-06-04 19:44:00,GRIL
1.44,1.445,1.42,1.42,15244,2021-06-04 19:45:00,GRIL
1.42,1.4204,1.4,1.4001,11201,2021-06-04 19:46:00,GRIL
1.41,1.43,1.41,1.43,5182,2021-06-04 19:47:00,GRIL
1.4212,1.4301,1.4212,1.4264,8500,2021-06-04 19:48:00,GRIL
1.4299,1.4299,1.4,1.41,20045,2021-06-04 19:49:00,GRIL
1.4101,1.4101,1.4101,1.4101,2000,2021-06-04 19:50:00,GRIL
1.42,1.43,1.42,1.43,10700,2021-06-04 19:51:00,GRIL
1.427,1.427,1.41,1.41,1200,2021-06-04 19:52:00,GRIL
1.4143,1.4143,1.4121,1.4121,249,2021-06-04 19:53:00,GRIL
1.412,1.412,1.412,1.412,200,2021-06-04 19:54:00,GRIL
1.415,1.415,1.415,1.415,1500,2021-06-04 19:55:00,GRIL
1.43,1.43,1.42,1.4297,9388,2021-06-04 19:56:00,GRIL
1.425,1.43,1.425,1.43,300,2021-06-04 19:57:00,GRIL
1.4208,1.43,1.42,1.4293,21488,2021-06-04 19:58:00,GRIL
1.425,1.425,1.41,1.41,9795,2021-06-04 19:59:00,GRIL
1.42,1.42,1.42,1.42,1575,2021-06-04 20:05:00,GRIL
1.43,1.43,1.43,1.43,100,2021-06-04 20:11:00,GRIL
1.42,1.42,1.42,1.42,800,2021-06-04 20:13:00,GRIL
1.4,1.4,1.4,1.4,900,2021-06-04 20:26:00,GRIL
1.4,1.4,1.4,1.4,100,2021-06-04 20:53:00,GRIL
1.42,1.42,1.42,1.42,101,2021-06-04 21:02:00,GRIL
1.41,1.41,1.41,1.41,100,2021-06-04 22:20:00,GRIL
1.41,1.41,1.41,1.41,500,2021-06-04 22:23:00,GRIL
1.41,1.43,1.41,1.43,999,2021-06-07 10:00:00,GRIL
1.4,1.4,1.4,1.4,858,2021-06-07 10:17:00,GRIL
1.43,1.43,1.43,1.43,150,2021-06-07 12:07:00,GRIL
1.43,1.43,1.43,1.43,350,2021-06-07 12:39:00,GRIL
1.43,1.43,1.43,1.43,132,2021-06-07 12:40:00,GRIL
1.43,1.43,1.43,1.43,349,2021-06-07 12:41:00,GRIL
1.42,1.42,1.42,1.42,5200,2021-06-07 12:42:00,GRIL
1.41,1.41,1.41,1.41,560,2021-06-07 13:11:00,GRIL
1.43,1.43,1.43,1.43,300,2021-06-07 13:25:00,GRIL
1.45,1.45,1.4101,1.4101,13764,2021-06-07 13:30:00,GRIL
1.42,1.42,1.42,1.42,1646,2021-06-07 13:31:00,GRIL
1.42,1.42,1.4128,1.42,1512,2021-06-07 13:32:00,GRIL
1.42,1.42,1.41,1.41,8700,2021-06-07 13:33:00,GRIL
1.42,1.43,1.41,1.42,10072,2021-06-07 13:34:00,GRIL
1.41,1.42,1.41,1.42,2700,2021-06-07 13:35:00,GRIL
1.4094,1.41,1.4001,1.4001,2984,2021-06-07 13:36:00,GRIL
1.4099,1.41,1.4099,1.4099,3200,2021-06-07 13:37:00,GRIL
1.4099,1.4099,1.405,1.4099,1411,2021-06-07 13:38:00,GRIL
1.4085,1.41,1.38,1.38,8204,2021-06-07 13:39:00,GRIL
1.39,1.39,1.39,1.39,102,2021-06-07 13:42:00,GRIL
1.3962,1.4,1.3962,1.4,1000,2021-06-07 13:43:00,GRIL
1.399,1.399,1.399,1.399,1000,2021-06-07 13:44:00,GRIL
1.3937,1.3937,1.3937,1.3937,102,2021-06-07 13:47:00,GRIL
1.3981,1.3981,1.3981,1.3981,4000,2021-06-07 13:49:00,GRIL
1.4,1.4,1.3966,1.3966,1500,2021-06-07 13:50:00,GRIL
1.406,1.406,1.406,1.406,1000,2021-06-07 13:51:00,GRIL
1.42,1.42,1.42,1.42,200,2021-06-07 13:52:00,GRIL
1.4,1.4,1.4,1.4,3000,2021-06-07 13:53:00,GRIL
1.401,1.405,1.4,1.4047,2638,2021-06-07 13:54:00,GRIL
1.41,1.41,1.41,1.41,100,2021-06-07 13:57:00,GRIL
1.411,1.411,1.41,1.41,4150,2021-06-07 13:59:00,GRIL
1.41,1.42,1.41,1.42,1900,2021-06-07 14:00:00,GRIL
1.41,1.41,1.4,1.4,3300,2021-06-07 14:01:00,GRIL
1.4027,1.4027,1.4027,1.4027,100,2021-06-07 14:02:00,GRIL
1.42,1.42,1.42,1.42,300,2021-06-07 14:05:00,GRIL
1.41,1.42,1.41,1.42,2600,2021-06-07 14:06:00,GRIL
1.41,1.41,1.4,1.4,1000,2021-06-07 14:07:00,GRIL
1.41,1.41,1.41,1.41,200,2021-06-07 14:08:00,GRIL
1.42,1.42,1.42,1.42,10565,2021-06-07 14:10:00,GRIL
1.42,1.42,1.4,1.42,28561,2021-06-07 14:11:00,GRIL
1.39,1.39,1.38,1.38,2100,2021-06-07 14:12:00,GRIL
1.41,1.42,1.41,1.42,6950,2021-06-07 14:13:00,GRIL
1.41,1.41,1.41,1.41,2000,2021-06-07 14:18:00,GRIL
1.41,1.41,1.41,1.41,200,2021-06-07 14:21:00,GRIL
1.4,1.4,1.4,1.4,965,2021-06-07 14:23:00,GRIL
1.39,1.39,1.39,1.39,265,2021-06-07 14:25:00,GRIL
1.4,1.4,1.4,1.4,5000,2021-06-07 14:26:00,GRIL
1.3991,1.3999,1.39,1.39,6400,2021-06-07 14:28:00,GRIL
1.3998,1.3998,1.3998,1.3998,600,2021-06-07 14:32:00,GRIL
1.3999,1.3999,1.399,1.399,1714,2021-06-07 14:34:00,GRIL
1.3907,1.3907,1.39,1.39,3999,2021-06-07 14:46:00,GRIL
1.3982,1.3982,1.39,1.39,200,2021-06-07 14:52:00,GRIL
1.3901,1.3944,1.3901,1.3944,492,2021-06-07 14:53:00,GRIL
1.3982,1.4,1.3982,1.4,1580,2021-06-07 14:54:00,GRIL
1.39,1.39,1.39,1.39,200,2021-06-07 14:56:00,GRIL
1.3917,1.3917,1.3917,1.3917,200,2021-06-07 14:59:00,GRIL
1.39,1.39,1.39,1.39,1300,2021-06-07 15:04:00,GRIL
1.39,1.39,1.39,1.39,200,2021-06-07 15:12:00,GRIL
1.3978,1.3978,1.3978,1.3978,300,2021-06-07 15:16:00,GRIL
1.4,1.4,1.4,1.4,6620,2021-06-07 15:17:00,GRIL
1.3986,1.4,1.395,1.4,4888,2021-06-07 15:22:00,GRIL
1.402,1.4027,1.4,1.4,1150,2021-06-07 15:25:00,GRIL
1.4,1.4005,1.4,1.4005,1000,2021-06-07 15:26:00,GRIL
1.4,1.4,1.4,1.4,1091,2021-06-07 15:27:00,GRIL
1.4,1.4,1.4,1.4,721,2021-06-07 15:29:00,GRIL
1.4075,1.4075,1.4075,1.4075,105,2021-06-07 15:30:00,GRIL
1.4,1.4,1.4,1.4,640,2021-06-07 15:32:00,GRIL
1.39,1.39,1.39,1.39,357,2021-06-07 15:38:00,GRIL
1.39,1.39,1.39,1.39,3967,2021-06-07 15:39:00,GRIL
1.3957,1.3957,1.3957,1.3957,100,2021-06-07 15:40:00,GRIL
1.3905,1.3905,1.3905,1.3905,658,2021-06-07 15:44:00,GRIL
1.4,1.4,1.4,1.4,100,2021-06-07 15:47:00,GRIL
1.39,1.4,1.39,1.4,300,2021-06-07 15:48:00,GRIL
1.395,1.395,1.3901,1.3901,550,2021-06-07 15:52:00,GRIL
1.4,1.4,1.4,1.4,200,2021-06-07 15:55:00,GRIL
1.4,1.4,1.4,1.4,300,2021-06-07 15:57:00,GRIL
1.3901,1.3901,1.3901,1.3901,200,2021-06-07 16:07:00,GRIL
1.3901,1.3901,1.3901,1.3901,290,2021-06-07 16:13:00,GRIL
1.39,1.39,1.39,1.39,200,2021-06-07 16:14:00,GRIL
1.39,1.39,1.39,1.39,1000,2021-06-07 16:22:00,GRIL
1.385,1.385,1.38,1.3828,700,2021-06-07 16:24:00,GRIL
1.4,1.4,1.4,1.4,975,2021-06-07 16:25:00,GRIL
1.3948,1.3948,1.3948,1.3948,200,2021-06-07 16:29:00,GRIL
1.4,1.4,1.4,1.4,700,2021-06-07 16:30:00,GRIL
1.39,1.39,1.38,1.38,4949,2021-06-07 16:37:00,GRIL
1.39,1.39,1.39,1.39,125,2021-06-07 16:38:00,GRIL
1.4,1.4,1.4,1.4,150,2021-06-07 16:42:00,GRIL
1.3821,1.4,1.3821,1.3993,2100,2021-06-07 16:48:00,GRIL
1.3989,1.3989,1.3989,1.3989,1000,2021-06-07 16:59:00,GRIL
1.39,1.39,1.39,1.39,241,2021-06-07 17:04:00,GRIL
1.395,1.395,1.395,1.395,300,2021-06-07 17:10:00,GRIL
1.4,1.4,1.4,1.4,275,2021-06-07 17:11:00,GRIL
1.4,1.4,1.4,1.4,600,2021-06-07 17:12:00,GRIL
1.3918,1.3918,1.3918,1.3918,170,2021-06-07 17:13:00,GRIL
1.39,1.4,1.39,1.4,3200,2021-06-07 17:14:00,GRIL
1.39,1.39,1.39,1.39,3500,2021-06-07 17:15:00,GRIL
1.3909,1.3909,1.3909,1.3909,200,2021-06-07 17:16:00,GRIL
1.4,1.4,1.4,1.4,274,2021-06-07 17:23:00,GRIL
1.3999,1.3999,1.39,1.39,360,2021-06-07 17:24:00,GRIL
1.4,1.4,1.4,1.4,1341,2021-06-07 17:28:00,GRIL
1.3999,1.3999,1.39,1.39,1965,2021-06-07 17:32:00,GRIL
1.4,1.4,1.4,1.4,100,2021-06-07 17:34:00,GRIL
1.39,1.39,1.39,1.39,142,2021-06-07 17:37:00,GRIL
1.39,1.39,1.39,1.39,500,2021-06-07 17:38:00,GRIL
1.3999,1.4,1.3999,1.4,5000,2021-06-07 17:41:00,GRIL
1.3958,1.3958,1.395,1.395,370,2021-06-07 17:43:00,GRIL
1.4,1.41,1.4,1.41,1079,2021-06-07 17:48:00,GRIL
1.41,1.42,1.41,1.419,5210,2021-06-07 17:49:00,GRIL
1.4,1.4,1.4,1.4,541,2021-06-07 17:50:00,GRIL
1.4053,1.4053,1.4053,1.4053,800,2021-06-07 17:53:00,GRIL
1.4199,1.4199,1.4199,1.4199,350,2021-06-07 17:54:00,GRIL
1.4027,1.4027,1.4027,1.4027,250,2021-06-07 17:58:00,GRIL
1.42,1.42,1.42,1.42,100,2021-06-07 18:02:00,GRIL
1.42,1.42,1.42,1.42,100,2021-06-07 18:04:00,GRIL
1.42,1.42,1.4186,1.4186,7300,2021-06-07 18:08:00,GRIL
1.4093,1.4093,1.4093,1.4093,100,2021-06-07 18:11:00,GRIL
1.41,1.43,1.4098,1.43,16157,2021-06-07 18:12:00,GRIL
1.42,1.42,1.42,1.42,1125,2021-06-07 18:14:00,GRIL
1.425,1.425,1.425,1.425,100,2021-06-07 18:15:00,GRIL
1.4299,1.4299,1.4299,1.4299,1000,2021-06-07 18:17:00,GRIL
1.4271,1.4271,1.4271,1.4271,5000,2021-06-07 18:19:00,GRIL
1.42,1.42,1.42,1.42,100,2021-06-07 18:21:00,GRIL
1.42,1.42,1.42,1.42,671,2021-06-07 18:22:00,GRIL
1.4021,1.4199,1.4021,1.4199,8352,2021-06-07 18:24:00,GRIL
1.4183,1.4183,1.4183,1.4183,335,2021-06-07 18:29:00,GRIL
1.4064,1.4064,1.4064,1.4064,100,2021-06-07 18:31:00,GRIL
1.42,1.42,1.42,1.42,1370,2021-06-07 18:32:00,GRIL
1.4219,1.4219,1.4219,1.4219,150,2021-06-07 18:35:00,GRIL
1.4212,1.4212,1.4212,1.4212,714,2021-06-07 18:38:00,GRIL
1.421,1.421,1.4201,1.4201,6000,2021-06-07 18:41:00,GRIL
1.425,1.425,1.42,1.42,20327,2021-06-07 18:42:00,GRIL
1.4207,1.4207,1.4207,1.4207,150,2021-06-07 18:46:00,GRIL
1.43,1.43,1.43,1.43,12000,2021-06-07 18:47:00,GRIL
1.4201,1.4201,1.4201,1.4201,1800,2021-06-07 18:48:00,GRIL
1.43,1.43,1.43,1.43,2287,2021-06-07 18:50:00,GRIL
1.4263,1.4263,1.4263,1.4263,1158,2021-06-07 18:51:00,GRIL
1.43,1.43,1.4282,1.4282,1000,2021-06-07 18:55:00,GRIL
1.4279,1.4279,1.4279,1.4279,200,2021-06-07 18:56:00,GRIL
1.42,1.42,1.42,1.42,3000,2021-06-07 18:58:00,GRIL
1.4201,1.4201,1.4201,1.4201,2350,2021-06-07 19:03:00,GRIL
1.4226,1.4226,1.4226,1.4226,100,2021-06-07 19:04:00,GRIL
1.43,1.43,1.425,1.425,1075,2021-06-07 19:05:00,GRIL
1.4218,1.4218,1.4218,1.4218,100,2021-06-07 19:06:00,GRIL
1.425,1.429,1.425,1.429,1200,2021-06-07 19:08:00,GRIL
1.425,1.425,1.425,1.425,2500,2021-06-07 19:10:00,GRIL
1.4299,1.4299,1.4299,1.4299,1000,2021-06-07 19:12:00,GRIL
1.43,1.43,1.43,1.43,251,2021-06-07 19:14:00,GRIL
1.42,1.42,1.42,1.42,100,2021-06-07 19:16:00,GRIL
1.425,1.425,1.425,1.425,200,2021-06-07 19:17:00,GRIL
1.43,1.43,1.43,1.43,4648,2021-06-07 19:18:00,GRIL
1.44,1.44,1.44,1.44,2000,2021-06-07 19:20:00,GRIL
1.44,1.44,1.42,1.43,8220,2021-06-07 19:23:00,GRIL
1.42,1.42,1.42,1.42,4300,2021-06-07 19:24:00,GRIL
1.43,1.43,1.42,1.42,565,2021-06-07 19:26:00,GRIL
1.43,1.435,1.43,1.435,358,2021-06-07 19:30:00,GRIL
1.4301,1.4301,1.4301,1.4301,350,2021-06-07 19:31:00,GRIL
1.4395,1.4395,1.4395,1.4395,2500,2021-06-07 19:34:00,GRIL
1.4301,1.4301,1.4301,1.4301,100,2021-06-07 19:37:00,GRIL
1.44,1.44,1.44,1.44,669,2021-06-07 19:40:00,GRIL
1.43,1.4316,1.43,1.4316,200,2021-06-07 19:44:00,GRIL
1.43,1.43,1.43,1.43,100,2021-06-07 19:46:00,GRIL
1.435,1.435,1.43,1.43,765,2021-06-07 19:49:00,GRIL
1.43,1.435,1.43,1.43,1286,2021-06-07 19:51:00,GRIL
1.435,1.44,1.435,1.44,1967,2021-06-07 19:52:00,GRIL
1.4308,1.44,1.4308,1.44,1350,2021-06-07 19:54:00,GRIL
1.43,1.43,1.43,1.43,1000,2021-06-07 19:56:00,GRIL
1.43,1.4336,1.43,1.4336,1700,2021-06-07 19:57:00,GRIL
1.4317,1.435,1.4317,1.435,435,2021-06-07 19:58:00,GRIL
1.4317,1.44,1.43,1.44,2622,2021-06-07 19:59:00,GRIL
1.44,1.44,1.44,1.44,2841,2021-06-07 20:00:00,GRIL
1.4299,1.4299,1.4299,1.4299,150,2021-06-07 22:23:00,GRIL
1.43,1.43,1.43,1.43,750,2021-06-07 22:27:00,GRIL
1.43,1.43,1.43,1.43,500,2021-06-07 22:28:00,GRIL
1.43,1.43,1.43,1.43,100,2021-06-07 22:37:00,GRIL
1.43,1.43,1.43,1.43,1000,2021-06-07 23:05:00,GRIL
1.44,1.44,1.44,1.44,300,2021-06-07 23:38:00,GRIL
1.45,1.45,1.45,1.45,598,2021-06-08 11:48:00,GRIL
1.45,1.45,1.45,1.45,1100,2021-06-08 11:49:00,GRIL
1.46,1.46,1.46,1.46,100,2021-06-08 12:12:00,GRIL
1.46,1.46,1.46,1.46,684,2021-06-08 12:20:00,GRIL
1.45,1.45,1.45,1.45,100,2021-06-08 12:27:00,GRIL
1.45,1.45,1.45,1.45,400,2021-06-08 12:49:00,GRIL
1.45,1.45,1.45,1.45,1910,2021-06-08 12:58:00,GRIL
1.45,1.45,1.45,1.45,100,2021-06-08 13:03:00,GRIL
1.46,1.46,1.46,1.46,906,2021-06-08 13:04:00,GRIL
1.47,1.48,1.47,1.48,5148,2021-06-08 13:05:00,GRIL
1.48,1.48,1.48,1.48,790,2021-06-08 13:06:00,GRIL
1.48,1.49,1.48,1.49,6955,2021-06-08 13:07:00,GRIL
1.46,1.46,1.46,1.46,110,2021-06-08 13:08:00,GRIL
1.46,1.46,1.46,1.46,242,2021-06-08 13:19:00,GRIL
1.48,1.49,1.48,1.49,2000,2021-06-08 13:22:00,GRIL
1.46,1.46,1.46,1.46,2770,2021-06-08 13:28:00,GRIL
1.45,1.47,1.45,1.4695,7703,2021-06-08 13:30:00,GRIL
1.47,1.47,1.4607,1.4607,3000,2021-06-08 13:31:00,GRIL
1.4699,1.4699,1.46,1.46,1900,2021-06-08 13:34:00,GRIL
1.465,1.465,1.465,1.465,100,2021-06-08 13:36:00,GRIL
1.47,1.47,1.47,1.47,300,2021-06-08 13:38:00,GRIL
1.4605,1.4684,1.4605,1.4684,4350,2021-06-08 13:39:00,GRIL
1.47,1.47,1.4695,1.4695,200,2021-06-08 13:40:00,GRIL
1.47,1.49,1.47,1.4897,30448,2021-06-08 13:41:00,GRIL
1.48,1.49,1.48,1.4891,60900,2021-06-08 13:42:00,GRIL
1.485,1.4888,1.4793,1.4793,29300,2021-06-08 13:43:00,GRIL
1.4885,1.4885,1.4885,1.4885,1000,2021-06-08 13:45:00,GRIL
1.4701,1.4835,1.4701,1.4835,18184,2021-06-08 13:46:00,GRIL
1.4899,1.4899,1.47,1.47,22300,2021-06-08 13:47:00,GRIL
1.49,1.49,1.49,1.49,10000,2021-06-08 13:48:00,GRIL
1.49,1.49,1.49,1.49,746,2021-06-08 13:49:00,GRIL
1.4883,1.4883,1.4883,1.4883,400,2021-06-08 13:51:00,GRIL
1.4636,1.4874,1.4636,1.4874,1364,2021-06-08 13:52:00,GRIL
1.4601,1.48,1.4601,1.48,600,2021-06-08 13:54:00,GRIL
1.48,1.48,1.47,1.47,5353,2021-06-08 13:56:00,GRIL
1.47,1.5,1.47,1.5,12754,2021-06-08 13:57:00,GRIL
1.5,1.5,1.49,1.49,406,2021-06-08 13:58:00,GRIL
1.49,1.49,1.49,1.49,1919,2021-06-08 13:59:00,GRIL
1.4837,1.4837,1.48,1.48,400,2021-06-08 14:00:00,GRIL
1.4884,1.4884,1.48,1.48,1500,2021-06-08 14:01:00,GRIL
1.4817,1.4817,1.48,1.48,200,2021-06-08 14:02:00,GRIL
1.485,1.485,1.485,1.485,102,2021-06-08 14:03:00,GRIL
1.485,1.4893,1.485,1.4893,607,2021-06-08 14:04:00,GRIL
1.48,1.48,1.48,1.48,100,2021-06-08 14:05:00,GRIL
1.49,1.49,1.49,1.49,6000,2021-06-08 14:06:00,GRIL
1.473,1.473,1.45,1.4585,6200,2021-06-08 14:07:00,GRIL
1.46,1.46,1.4596,1.46,23200,2021-06-08 14:08:00,GRIL
1.46,1.47,1.46,1.47,1179,2021-06-08 14:10:00,GRIL
1.4526,1.4526,1.4526,1.4526,430,2021-06-08 14:11:00,GRIL
1.48,1.48,1.48,1.48,1550,2021-06-08 14:12:00,GRIL
1.46,1.46,1.46,1.46,2300,2021-06-08 14:14:00,GRIL
1.45,1.45,1.45,1.45,5581,2021-06-08 14:16:00,GRIL
1.455,1.46,1.4515,1.46,4230,2021-06-08 14:17:00,GRIL
1.45,1.45,1.45,1.45,429,2021-06-08 14:20:00,GRIL
1.45,1.455,1.45,1.45,5097,2021-06-08 14:21:00,GRIL
1.4522,1.47,1.4522,1.47,7300,2021-06-08 14:22:00,GRIL
1.46,1.46,1.46,1.46,943,2021-06-08 14:23:00,GRIL
1.46,1.46,1.46,1.46,100,2021-06-08 14:24:00,GRIL
1.4522,1.4522,1.4501,1.4501,700,2021-06-08 14:25:00,GRIL
1.4592,1.4592,1.4509,1.4509,650,2021-06-08 14:29:00,GRIL
1.45,1.46,1.45,1.46,358,2021-06-08 14:30:00,GRIL
1.4692,1.4692,1.4692,1.4692,1000,2021-06-08 14:32:00,GRIL
1.47,1.4702,1.47,1.47,1687,2021-06-08 14:34:00,GRIL
1.4705,1.4706,1.47,1.4706,6180,2021-06-08 14:35:00,GRIL
1.4708,1.4757,1.4708,1.4757,2602,2021-06-08 14:39:00,GRIL
1.48,1.48,1.48,1.48,120,2021-06-08 14:40:00,GRIL
1.48,1.48,1.48,1.48,6300,2021-06-08 14:42:00,GRIL
1.48,1.48,1.48,1.48,200,2021-06-08 14:43:00,GRIL
1.47,1.48,1.47,1.48,10227,2021-06-08 14:44:00,GRIL
1.4792,1.48,1.4792,1.48,400,2021-06-08 14:47:00,GRIL
1.48,1.48,1.48,1.48,200,2021-06-08 14:48:00,GRIL
1.48,1.48,1.48,1.48,105,2021-06-08 14:49:00,GRIL
1.47,1.47,1.47,1.47,10000,2021-06-08 14:51:00,GRIL
1.47,1.47,1.47,1.47,700,2021-06-08 14:52:00,GRIL
1.48,1.49,1.48,1.4899,877,2021-06-08 14:53:00,GRIL
1.49,1.49,1.49,1.49,1000,2021-06-08 14:55:00,GRIL
1.4801,1.4801,1.4801,1.4801,200,2021-06-08 14:58:00,GRIL
1.4899,1.4899,1.48,1.48,2835,2021-06-08 15:01:00,GRIL
1.48,1.48,1.48,1.48,1000,2021-06-08 15:02:00,GRIL
1.48,1.48,1.48,1.48,500,2021-06-08 15:03:00,GRIL
1.4801,1.4801,1.48,1.48,700,2021-06-08 15:04:00,GRIL
1.4805,1.4806,1.4805,1.4806,1000,2021-06-08 15:05:00,GRIL
1.4805,1.4805,1.48,1.48,2300,2021-06-08 15:06:00,GRIL
1.4806,1.4806,1.4806,1.4806,300,2021-06-08 15:07:00,GRIL
1.48,1.48,1.48,1.48,2662,2021-06-08 15:08:00,GRIL
1.48,1.48,1.48,1.48,1800,2021-06-08 15:09:00,GRIL
1.48,1.48,1.48,1.48,500,2021-06-08 15:10:00,GRIL
1.485,1.485,1.48,1.48,7300,2021-06-08 15:12:00,GRIL
1.48,1.48,1.475,1.475,2199,2021-06-08 15:13:00,GRIL
1.4752,1.4796,1.465,1.465,37059,2021-06-08 15:14:00,GRIL
1.46,1.46,1.44,1.445,2600,2021-06-08 15:15:00,GRIL
1.4401,1.449,1.4401,1.449,2275,2021-06-08 15:16:00,GRIL
1.4404,1.4501,1.4404,1.4501,10200,2021-06-08 15:17:00,GRIL
1.4575,1.46,1.4575,1.46,300,2021-06-08 15:19:00,GRIL
1.45,1.45,1.43,1.43,13031,2021-06-08 15:21:00,GRIL
1.4301,1.445,1.43,1.4303,12272,2021-06-08 15:22:00,GRIL
1.46,1.46,1.44,1.44,400,2021-06-08 15:23:00,GRIL
1.45,1.46,1.45,1.46,984,2021-06-08 15:24:00,GRIL
1.46,1.46,1.46,1.46,342,2021-06-08 15:25:00,GRIL
1.45,1.45,1.45,1.45,100,2021-06-08 15:26:00,GRIL
1.44,1.44,1.44,1.44,7380,2021-06-08 15:27:00,GRIL
1.44,1.44,1.44,1.44,359,2021-06-08 15:28:00,GRIL
1.445,1.445,1.445,1.445,500,2021-06-08 15:30:00,GRIL
1.4499,1.4499,1.44,1.44,1102,2021-06-08 15:32:00,GRIL
1.44,1.44,1.43,1.43,27310,2021-06-08 15:33:00,GRIL
1.44,1.44,1.44,1.44,200,2021-06-08 15:38:00,GRIL
1.4413,1.4413,1.4413,1.4413,735,2021-06-08 15:40:00,GRIL
1.445,1.445,1.445,1.445,100,2021-06-08 15:41:00,GRIL
1.44,1.4492,1.44,1.4492,310,2021-06-08 15:43:00,GRIL
1.445,1.445,1.44,1.44,222,2021-06-08 15:45:00,GRIL
1.4499,1.4499,1.4499,1.4499,600,2021-06-08 15:46:00,GRIL
1.4499,1.4499,1.4499,1.4499,3400,2021-06-08 15:48:00,GRIL
1.443,1.443,1.443,1.443,150,2021-06-08 15:49:00,GRIL
1.4498,1.4498,1.4498,1.4498,187,2021-06-08 15:51:00,GRIL
1.445,1.445,1.445,1.445,200,2021-06-08 15:54:00,GRIL
1.45,1.45,1.45,1.45,2200,2021-06-08 15:57:00,GRIL
1.44,1.48,1.44,1.48,10919,2021-06-08 16:01:00,GRIL
1.46,1.46,1.46,1.46,10000,2021-06-08 16:02:00,GRIL
1.48,1.5,1.45,1.45,20927,2021-06-08 16:03:00,GRIL
1.49,1.49,1.49,1.49,100,2021-06-08 16:06:00,GRIL
1.49,1.49,1.44,1.45,19876,2021-06-08 16:07:00,GRIL
1.48,1.48,1.45,1.45,18550,2021-06-08 16:09:00,GRIL
1.45,1.45,1.45,1.45,1800,2021-06-08 16:10:00,GRIL
1.47,1.47,1.47,1.47,8700,2021-06-08 16:13:00,GRIL
1.48,1.48,1.48,1.48,1300,2021-06-08 16:14:00,GRIL
1.48,1.48,1.43,1.46,21923,2021-06-08 16:15:00,GRIL
1.47,1.48,1.42,1.44,45144,2021-06-08 16:16:00,GRIL
1.45,1.45,1.41,1.41,19987,2021-06-08 16:17:00,GRIL
1.43,1.43,1.43,1.43,10000,2021-06-08 16:19:00,GRIL
1.45,1.45,1.4499,1.4499,1200,2021-06-08 16:22:00,GRIL
1.4401,1.4401,1.4401,1.4401,1000,2021-06-08 16:27:00,GRIL
1.4479,1.4479,1.4479,1.4479,100,2021-06-08 16:31:00,GRIL
1.4499,1.4499,1.4499,1.4499,170,2021-06-08 16:48:00,GRIL
1.45,1.45,1.45,1.45,300,2021-06-08 16:51:00,GRIL
1.4485,1.4485,1.4485,1.4485,2000,2021-06-08 16:55:00,GRIL
1.44,1.45,1.44,1.45,3142,2021-06-08 16:56:00,GRIL
1.44,1.445,1.44,1.4403,1300,2021-06-08 16:57:00,GRIL
1.4428,1.4428,1.4428,1.4428,3500,2021-06-08 16:58:00,GRIL
1.4493,1.4493,1.4493,1.4493,2500,2021-06-08 17:00:00,GRIL
1.44,1.44,1.44,1.44,10000,2021-06-08 17:01:00,GRIL
1.4499,1.4499,1.445,1.445,2999,2021-06-08 17:05:00,GRIL
1.44,1.44,1.44,1.44,999,2021-06-08 17:06:00,GRIL
1.44,1.4499,1.44,1.44,4844,2021-06-08 17:07:00,GRIL
1.4401,1.4495,1.4401,1.4495,5500,2021-06-08 17:14:00,GRIL
1.45,1.45,1.445,1.445,2124,2021-06-08 17:21:00,GRIL
1.445,1.445,1.44,1.44,1999,2021-06-08 17:22:00,GRIL
1.4485,1.4485,1.4485,1.4485,440,2021-06-08 17:25:00,GRIL
1.45,1.45,1.45,1.45,4500,2021-06-08 17:27:00,GRIL
1.45,1.45,1.4473,1.45,19620,2021-06-08 17:30:00,GRIL
1.45,1.45,1.4473,1.4473,1300,2021-06-08 17:31:00,GRIL
1.44,1.4414,1.44,1.4414,1067,2021-06-08 17:33:00,GRIL
1.45,1.45,1.45,1.45,1452,2021-06-08 17:36:00,GRIL
1.44,1.44,1.44,1.44,100,2021-06-08 17:37:00,GRIL
1.4401,1.4493,1.4401,1.4493,8100,2021-06-08 17:38:00,GRIL
1.45,1.45,1.45,1.45,2215,2021-06-08 17:40:00,GRIL
1.45,1.45,1.45,1.45,630,2021-06-08 17:43:00,GRIL
1.45,1.45,1.45,1.45,600,2021-06-08 17:53:00,GRIL
1.445,1.445,1.445,1.445,100,2021-06-08 17:54:00,GRIL
1.445,1.445,1.445,1.445,131,2021-06-08 18:01:00,GRIL
1.44,1.44,1.43,1.44,20958,2021-06-08 18:02:00,GRIL
1.43,1.44,1.4277,1.43,9610,2021-06-08 18:03:00,GRIL
1.44,1.4482,1.44,1.44,9281,2021-06-08 18:04:00,GRIL
1.43,1.43,1.43,1.43,100,2021-06-08 18:05:00,GRIL
1.44,1.44,1.44,1.44,275,2021-06-08 18:06:00,GRIL
1.44,1.44,1.44,1.44,100,2021-06-08 18:10:00,GRIL
1.45,1.4588,1.45,1.4588,10099,2021-06-08 18:12:00,GRIL
1.46,1.46,1.46,1.46,200,2021-06-08 18:13:00,GRIL
1.45,1.45,1.41,1.421,12699,2021-06-08 18:14:00,GRIL
1.43,1.43,1.4201,1.4201,12199,2021-06-08 18:15:00,GRIL
1.44,1.45,1.44,1.45,9564,2021-06-08 18:17:00,GRIL
1.46,1.46,1.4,1.42,11989,2021-06-08 18:18:00,GRIL
1.45,1.47,1.43,1.47,12698,2021-06-08 18:19:00,GRIL
1.4599,1.46,1.39,1.43,12500,2021-06-08 18:20:00,GRIL
1.44,1.44,1.44,1.44,649,2021-06-08 18:21:00,GRIL
1.438,1.438,1.438,1.438,4999,2021-06-08 18:23:00,GRIL
1.44,1.44,1.44,1.44,4200,2021-06-08 18:24:00,GRIL
1.44,1.44,1.435,1.435,2400,2021-06-08 18:29:00,GRIL
1.45,1.45,1.45,1.45,120,2021-06-08 18:30:00,GRIL
1.435,1.435,1.435,1.435,100,2021-06-08 18:32:00,GRIL
1.435,1.435,1.435,1.435,100,2021-06-08 18:34:00,GRIL
1.45,1.45,1.45,1.45,500,2021-06-08 18:37:00,GRIL
1.435,1.435,1.435,1.435,100,2021-06-08 18:38:00,GRIL
1.44,1.44,1.44,1.44,760,2021-06-08 18:41:00,GRIL
1.435,1.435,1.435,1.435,350,2021-06-08 18:43:00,GRIL
1.435,1.435,1.435,1.435,100,2021-06-08 18:46:00,GRIL
1.44,1.44,1.44,1.44,100,2021-06-08 18:50:00,GRIL
1.45,1.45,1.45,1.45,450,2021-06-08 18:51:00,GRIL
1.44,1.45,1.44,1.45,5100,2021-06-08 18:53:00,GRIL
1.4496,1.45,1.4496,1.45,5000,2021-06-08 18:54:00,GRIL
1.4484,1.4484,1.41,1.42,39757,2021-06-08 18:56:00,GRIL
1.435,1.4499,1.435,1.4499,300,2021-06-08 18:59:00,GRIL
1.43,1.43,1.43,1.43,100,2021-06-08 19:01:00,GRIL
1.43,1.43,1.43,1.43,100,2021-06-08 19:02:00,GRIL
1.42,1.42,1.42,1.42,1500,2021-06-08 19:03:00,GRIL
1.44,1.44,1.43,1.43,700,2021-06-08 19:05:00,GRIL
1.43,1.43,1.41,1.41,9930,2021-06-08 19:06:00,GRIL
1.43,1.43,1.43,1.43,200,2021-06-08 19:07:00,GRIL
1.42,1.42,1.42,1.42,1337,2021-06-08 19:09:00,GRIL
1.4285,1.4285,1.425,1.425,600,2021-06-08 19:10:00,GRIL
1.4299,1.4299,1.4299,1.4299,1750,2021-06-08 19:12:00,GRIL
1.425,1.425,1.425,1.425,200,2021-06-08 19:13:00,GRIL
1.425,1.425,1.425,1.425,100,2021-06-08 19:15:00,GRIL
1.425,1.425,1.425,1.425,100,2021-06-08 19:18:00,GRIL
1.425,1.425,1.425,1.425,100,2021-06-08 19:20:00,GRIL
1.4287,1.4287,1.4287,1.4287,700,2021-06-08 19:21:00,GRIL
1.425,1.425,1.425,1.425,100,2021-06-08 19:24:00,GRIL
1.4299,1.4299,1.4299,1.4299,2500,2021-06-08 19:25:00,GRIL
1.4272,1.4394,1.425,1.4328,65700,2021-06-08 19:26:00,GRIL
1.44,1.44,1.43,1.43,37751,2021-06-08 19:27:00,GRIL
1.4301,1.4301,1.4301,1.4301,600,2021-06-08 19:30:00,GRIL
1.435,1.44,1.431,1.431,8100,2021-06-08 19:32:00,GRIL
1.435,1.4399,1.435,1.4399,379,2021-06-08 19:33:00,GRIL
1.435,1.435,1.435,1.435,1306,2021-06-08 19:34:00,GRIL
1.435,1.435,1.435,1.435,100,2021-06-08 19:35:00,GRIL
1.43,1.43,1.43,1.43,200,2021-06-08 19:36:00,GRIL
1.435,1.435,1.4301,1.4301,10394,2021-06-08 19:37:00,GRIL
1.435,1.435,1.435,1.435,100,2021-06-08 19:40:00,GRIL
1.435,1.4393,1.435,1.435,800,2021-06-08 19:42:00,GRIL
1.435,1.4358,1.435,1.4358,850,2021-06-08 19:44:00,GRIL
1.435,1.4376,1.435,1.4376,600,2021-06-08 19:45:00,GRIL
1.435,1.435,1.435,1.435,100,2021-06-08 19:46:00,GRIL
1.435,1.435,1.435,1.435,1376,2021-06-08 19:47:00,GRIL
1.43,1.43,1.43,1.43,5000,2021-06-08 19:48:00,GRIL
1.4319,1.44,1.4319,1.435,570,2021-06-08 19:49:00,GRIL
1.435,1.435,1.435,1.435,100,2021-06-08 19:50:00,GRIL
1.435,1.435,1.435,1.435,100,2021-06-08 19:52:00,GRIL
1.44,1.45,1.435,1.45,7648,2021-06-08 19:53:00,GRIL
1.445,1.445,1.445,1.445,4000,2021-06-08 19:54:00,GRIL
1.45,1.46,1.45,1.455,4700,2021-06-08 19:55:00,GRIL
1.46,1.46,1.453,1.453,2500,2021-06-08 19:56:00,GRIL
1.46,1.46,1.46,1.46,100,2021-06-08 19:57:00,GRIL
1.455,1.455,1.45,1.45,7071,2021-06-08 19:58:00,GRIL
1.4491,1.4499,1.44,1.44,4585,2021-06-08 19:59:00,GRIL
1.46,1.46,1.46,1.46,3502,2021-06-08 20:00:00,GRIL
1.45,1.45,1.45,1.45,2000,2021-06-08 21:08:00,GRIL
1.43,1.43,1.43,1.43,9150,2021-06-08 21:15:00,GRIL
1.41,1.41,1.41,1.41,499,2021-06-08 21:40:00,GRIL
1.42,1.42,1.42,1.42,400,2021-06-08 21:48:00,GRIL
1.4208,1.4208,1.4208,1.4208,500,2021-06-08 21:57:00,GRIL
1.4101,1.4101,1.4101,1.4101,900,2021-06-08 22:14:00,GRIL
1.45,1.45,1.45,1.45,273,2021-06-08 23:35:00,GRIL
1.46,1.46,1.46,1.46,370,2021-06-09 08:07:00,GRIL
1.41,1.41,1.41,1.41,1900,2021-06-09 09:03:00,GRIL
1.45,1.45,1.45,1.45,100,2021-06-09 09:55:00,GRIL
1.43,1.43,1.43,1.43,200,2021-06-09 11:22:00,GRIL
1.44,1.44,1.44,1.44,500,2021-06-09 12:15:00,GRIL
1.44,1.44,1.44,1.44,200,2021-06-09 12:39:00,GRIL
1.44,1.44,1.44,1.44,132,2021-06-09 13:04:00,GRIL
1.44,1.44,1.44,1.44,1000,2021-06-09 13:05:00,GRIL
1.44,1.4401,1.44,1.4401,1350,2021-06-09 13:08:00,GRIL
1.4599,1.4599,1.4599,1.4599,500,2021-06-09 13:10:00,GRIL
1.45,1.45,1.45,1.45,9117,2021-06-09 13:30:00,GRIL
1.45,1.45,1.45,1.45,3300,2021-06-09 13:31:00,GRIL
1.45,1.46,1.45,1.458,1850,2021-06-09 13:32:00,GRIL
1.44,1.46,1.44,1.46,7875,2021-06-09 13:33:00,GRIL
1.46,1.46,1.46,1.46,4100,2021-06-09 13:34:00,GRIL
1.4587,1.4587,1.4587,1.4587,250,2021-06-09 13:35:00,GRIL
1.45,1.45,1.45,1.45,3000,2021-06-09 13:39:00,GRIL
1.4562,1.46,1.455,1.455,1712,2021-06-09 13:41:00,GRIL
1.45,1.45,1.45,1.45,100,2021-06-09 13:44:00,GRIL
1.45,1.47,1.45,1.47,12950,2021-06-09 13:45:00,GRIL
1.47,1.47,1.47,1.47,200,2021-06-09 13:46:00,GRIL
1.47,1.47,1.45,1.4615,5200,2021-06-09 13:47:00,GRIL
1.4615,1.4615,1.4615,1.4615,130,2021-06-09 13:51:00,GRIL
1.46,1.4602,1.46,1.4602,500,2021-06-09 13:52:00,GRIL
1.468,1.468,1.4616,1.4616,1100,2021-06-09 13:53:00,GRIL
1.46,1.46,1.46,1.46,100,2021-06-09 13:56:00,GRIL
1.46,1.46,1.46,1.46,208,2021-06-09 13:58:00,GRIL
1.45,1.45,1.45,1.45,100,2021-06-09 14:01:00,GRIL
1.46,1.46,1.46,1.46,500,2021-06-09 14:02:00,GRIL
1.46,1.46,1.45,1.45,878,2021-06-09 14:06:00,GRIL
1.46,1.46,1.45,1.45,234,2021-06-09 14:10:00,GRIL
1.4501,1.4501,1.4501,1.4501,1000,2021-06-09 14:13:00,GRIL
1.45,1.45,1.45,1.45,584,2021-06-09 14:14:00,GRIL
1.45,1.45,1.45,1.45,192,2021-06-09 14:15:00,GRIL
1.45,1.46,1.43,1.43,13552,2021-06-09 14:17:00,GRIL
1.43,1.43,1.42,1.43,4993,2021-06-09 14:18:00,GRIL
1.44,1.44,1.435,1.435,2100,2021-06-09 14:19:00,GRIL
1.43,1.44,1.43,1.435,5500,2021-06-09 14:20:00,GRIL
1.43,1.43,1.43,1.43,100,2021-06-09 14:24:00,GRIL
1.435,1.45,1.435,1.45,5500,2021-06-09 14:26:00,GRIL
1.44,1.44,1.44,1.44,100,2021-06-09 14:29:00,GRIL
1.445,1.45,1.445,1.45,400,2021-06-09 14:30:00,GRIL
1.44,1.44,1.44,1.44,2000,2021-06-09 14:31:00,GRIL
1.45,1.45,1.45,1.45,2452,2021-06-09 14:35:00,GRIL
1.4407,1.445,1.4407,1.445,2900,2021-06-09 14:36:00,GRIL
1.4459,1.4459,1.44,1.44,4100,2021-06-09 14:38:00,GRIL
1.4481,1.45,1.4478,1.4478,726,2021-06-09 14:40:00,GRIL
1.4459,1.4459,1.4459,1.4459,100,2021-06-09 14:43:00,GRIL
1.44,1.44,1.44,1.44,100,2021-06-09 14:45:00,GRIL
1.4401,1.4401,1.4401,1.4401,600,2021-06-09 14:47:00,GRIL
1.4401,1.4405,1.44,1.44,1880,2021-06-09 14:48:00,GRIL
1.4367,1.4367,1.4367,1.4367,200,2021-06-09 14:52:00,GRIL
1.43,1.43,1.43,1.43,100,2021-06-09 14:54:00,GRIL
1.45,1.45,1.45,1.45,100,2021-06-09 14:58:00,GRIL
1.4464,1.4464,1.4464,1.4464,100,2021-06-09 15:02:00,GRIL
1.43,1.43,1.43,1.43,100,2021-06-09 15:03:00,GRIL
1.43,1.43,1.43,1.43,100,2021-06-09 15:12:00,GRIL
1.43,1.43,1.43,1.43,100,2021-06-09 15:19:00,GRIL
1.445,1.445,1.445,1.445,100,2021-06-09 15:20:00,GRIL
1.43,1.4327,1.43,1.43,3500,2021-06-09 15:23:00,GRIL
1.435,1.435,1.435,1.435,120,2021-06-09 15:25:00,GRIL
1.44,1.44,1.435,1.435,5221,2021-06-09 15:26:00,GRIL
1.4394,1.44,1.4301,1.44,7500,2021-06-09 15:27:00,GRIL
1.4475,1.4475,1.4475,1.4475,200,2021-06-09 15:31:00,GRIL
1.43,1.43,1.41,1.42,40978,2021-06-09 15:32:00,GRIL
1.44,1.44,1.44,1.44,1000,2021-06-09 15:33:00,GRIL
1.43,1.43,1.43,1.43,900,2021-06-09 15:34:00,GRIL
1.4177,1.42,1.41,1.41,606,2021-06-09 15:37:00,GRIL
1.43,1.43,1.43,1.43,100,2021-06-09 15:38:00,GRIL
1.43,1.43,1.43,1.43,700,2021-06-09 15:40:00,GRIL
1.415,1.415,1.415,1.415,999,2021-06-09 15:43:00,GRIL
1.42,1.42,1.42,1.42,9100,2021-06-09 15:44:00,GRIL
1.4125,1.4125,1.4125,1.4125,500,2021-06-09 15:46:00,GRIL
1.4133,1.4133,1.4133,1.4133,172,2021-06-09 15:48:00,GRIL
1.42,1.4241,1.42,1.42,1600,2021-06-09 15:51:00,GRIL
1.42,1.4201,1.411,1.42,5524,2021-06-09 15:52:00,GRIL
1.4256,1.4256,1.4256,1.4256,2000,2021-06-09 15:57:00,GRIL
1.4279,1.4279,1.4279,1.4279,100,2021-06-09 15:59:00,GRIL
1.425,1.425,1.4213,1.4213,460,2021-06-09 16:00:00,GRIL
1.42,1.43,1.4,1.42,47059,2021-06-09 16:02:00,GRIL
1.4199,1.425,1.4199,1.425,2200,2021-06-09 16:13:00,GRIL
1.4279,1.4279,1.4279,1.4279,100,2021-06-09 16:14:00,GRIL
1.42,1.42,1.42,1.42,200,2021-06-09 16:19:00,GRIL
1.43,1.43,1.43,1.43,11135,2021-06-09 16:20:00,GRIL
1.42,1.43,1.4,1.43,22832,2021-06-09 16:21:00,GRIL
1.4269,1.4272,1.4,1.4,10500,2021-06-09 16:22:00,GRIL
1.4236,1.4236,1.4236,1.4236,200,2021-06-09 16:23:00,GRIL
1.415,1.415,1.415,1.415,100,2021-06-09 16:24:00,GRIL
1.415,1.415,1.415,1.415,100,2021-06-09 16:27:00,GRIL
1.42,1.43,1.42,1.43,1399,2021-06-09 16:31:00,GRIL
1.415,1.415,1.415,1.415,354,2021-06-09 16:32:00,GRIL
1.42,1.42,1.42,1.42,700,2021-06-09 16:33:00,GRIL
1.4207,1.43,1.4207,1.43,4879,2021-06-09 16:35:00,GRIL
1.4271,1.43,1.41,1.41,1288,2021-06-09 16:41:00,GRIL
1.43,1.43,1.43,1.43,100,2021-06-09 16:43:00,GRIL
1.4135,1.4135,1.4135,1.4135,100,2021-06-09 16:46:00,GRIL
1.43,1.43,1.41,1.41,900,2021-06-09 16:48:00,GRIL
1.415,1.42,1.415,1.42,1100,2021-06-09 16:49:00,GRIL
1.42,1.42,1.42,1.42,3400,2021-06-09 16:54:00,GRIL
1.42,1.42,1.42,1.42,100,2021-06-09 16:55:00,GRIL
1.415,1.415,1.415,1.415,200,2021-06-09 16:59:00,GRIL
1.41,1.43,1.41,1.43,14630,2021-06-09 17:01:00,GRIL
1.4386,1.4386,1.4386,1.4386,100,2021-06-09 17:02:00,GRIL
1.44,1.45,1.425,1.43,7487,2021-06-09 17:03:00,GRIL
1.41,1.42,1.4,1.42,10485,2021-06-09 17:08:00,GRIL
1.41,1.43,1.4,1.43,17158,2021-06-09 17:09:00,GRIL
1.4,1.4003,1.4,1.4,9299,2021-06-09 17:18:00,GRIL
1.41,1.41,1.41,1.41,100,2021-06-09 17:19:00,GRIL
1.43,1.43,1.4033,1.4033,1433,2021-06-09 17:20:00,GRIL
1.4081,1.4081,1.4081,1.4081,200,2021-06-09 17:23:00,GRIL
1.43,1.44,1.42,1.44,20371,2021-06-09 17:24:00,GRIL
1.42,1.42,1.4,1.4001,10900,2021-06-09 17:25:00,GRIL
1.43,1.43,1.43,1.43,1000,2021-06-09 17:28:00,GRIL
1.4113,1.4113,1.4113,1.4113,900,2021-06-09 17:39:00,GRIL
1.4276,1.4276,1.4276,1.4276,500,2021-06-09 17:43:00,GRIL
1.43,1.43,1.43,1.43,475,2021-06-09 17:47:00,GRIL
1.4136,1.4136,1.4136,1.4136,100,2021-06-09 17:59:00,GRIL
1.42,1.42,1.42,1.42,1400,2021-06-09 18:04:00,GRIL
1.42,1.43,1.42,1.43,4101,2021-06-09 18:07:00,GRIL
1.4126,1.4126,1.4126,1.4126,179,2021-06-09 18:11:00,GRIL
1.4284,1.4284,1.4284,1.4284,1500,2021-06-09 18:17:00,GRIL
1.41,1.41,1.41,1.41,100,2021-06-09 18:27:00,GRIL
1.4299,1.4299,1.4299,1.4299,4000,2021-06-09 18:30:00,GRIL
1.42,1.42,1.42,1.42,100,2021-06-09 18:33:00,GRIL
1.42,1.43,1.42,1.43,1900,2021-06-09 18:34:00,GRIL
1.4299,1.4299,1.4299,1.4299,1748,2021-06-09 18:36:00,GRIL
1.41,1.41,1.41,1.41,100,2021-06-09 18:39:00,GRIL
1.41,1.41,1.41,1.41,1142,2021-06-09 18:42:00,GRIL
1.4108,1.4108,1.4108,1.4108,144,2021-06-09 18:44:00,GRIL
1.42,1.42,1.41,1.41,1400,2021-06-09 18:45:00,GRIL
1.415,1.415,1.4116,1.4116,300,2021-06-09 18:46:00,GRIL
1.415,1.415,1.415,1.415,100,2021-06-09 18:47:00,GRIL
1.41,1.41,1.41,1.41,100,2021-06-09 18:48:00,GRIL
1.42,1.42,1.415,1.42,600,2021-06-09 18:49:00,GRIL
1.41,1.41,1.41,1.41,100,2021-06-09 18:51:00,GRIL
1.415,1.43,1.415,1.43,300,2021-06-09 18:54:00,GRIL
1.4256,1.4256,1.4256,1.4256,1748,2021-06-09 19:03:00,GRIL
1.42,1.42,1.42,1.42,10000,2021-06-09 19:05:00,GRIL
1.42,1.42,1.42,1.42,100,2021-06-09 19:06:00,GRIL
1.42,1.425,1.42,1.42,2094,2021-06-09 19:08:00,GRIL
1.42,1.42,1.42,1.42,200,2021-06-09 19:10:00,GRIL
1.42,1.42,1.42,1.42,100,2021-06-09 19:15:00,GRIL
1.42,1.42,1.42,1.42,100,2021-06-09 19:20:00,GRIL
1.42,1.42,1.42,1.42,500,2021-06-09 19:23:00,GRIL
1.41,1.42,1.4,1.41,17303,2021-06-09 19:24:00,GRIL
1.4,1.41,1.4,1.41,10900,2021-06-09 19:30:00,GRIL
1.4007,1.41,1.4007,1.41,3050,2021-06-09 19:31:00,GRIL
1.405,1.405,1.405,1.405,450,2021-06-09 19:34:00,GRIL
1.4,1.42,1.4,1.42,5800,2021-06-09 19:36:00,GRIL
1.415,1.415,1.415,1.415,500,2021-06-09 19:37:00,GRIL
1.4119,1.4119,1.41,1.41,300,2021-06-09 19:38:00,GRIL
1.41,1.415,1.41,1.41,7600,2021-06-09 19:41:00,GRIL
1.415,1.43,1.4,1.4,20238,2021-06-09 19:42:00,GRIL
1.41,1.42,1.4,1.42,6777,2021-06-09 19:43:00,GRIL
1.41,1.41,1.41,1.41,100,2021-06-09 19:45:00,GRIL
1.4,1.4,1.4,1.4,17400,2021-06-09 19:46:00,GRIL
1.4,1.4,1.39,1.39,2000,2021-06-09 19:47:00,GRIL
1.3907,1.3907,1.39,1.39,2600,2021-06-09 19:48:00,GRIL
1.3921,1.3921,1.3921,1.3921,100,2021-06-09 19:49:00,GRIL
1.3901,1.3901,1.385,1.39,10258,2021-06-09 19:50:00,GRIL
1.38,1.4,1.38,1.4,504,2021-06-09 19:52:00,GRIL
1.4,1.4,1.4,1.4,869,2021-06-09 19:53:00,GRIL
1.38,1.3828,1.38,1.3828,4475,2021-06-09 19:55:00,GRIL
1.37,1.3851,1.37,1.38,1600,2021-06-09 19:56:00,GRIL
1.38,1.38,1.38,1.38,179,2021-06-09 19:58:00,GRIL
1.39,1.39,1.37,1.37,14900,2021-06-09 19:59:00,GRIL
1.39,1.39,1.39,1.39,300,2021-06-09 20:00:00,GRIL
1.39,1.39,1.39,1.39,500,2021-06-09 20:06:00,GRIL
1.36,1.36,1.36,1.36,260,2021-06-09 20:12:00,GRIL
1.36,1.36,1.36,1.36,1000,2021-06-09 20:15:00,GRIL
1.3601,1.3601,1.3601,1.3601,1000,2021-06-09 20:18:00,GRIL
1.38,1.38,1.38,1.38,500,2021-06-09 20:26:00,GRIL
1.4,1.4,1.4,1.4,400,2021-06-09 20:54:00,GRIL
1.4,1.4,1.36,1.36,400,2021-06-09 21:00:00,GRIL
1.38,1.38,1.38,1.38,6188,2021-06-09 21:52:00,GRIL
1.38,1.38,1.38,1.38,1000,2021-06-09 21:53:00,GRIL
1.38,1.38,1.38,1.38,500,2021-06-09 21:55:00,GRIL
1.38,1.38,1.38,1.38,150,2021-06-09 22:57:00,GRIL
1.38,1.38,1.38,1.38,100,2021-06-09 22:58:00,GRIL
1.38,1.38,1.36,1.36,2780,2021-06-09 23:17:00,GRIL
1.38,1.38,1.38,1.38,1100,2021-06-09 23:22:00,GRIL
1.3701,1.3701,1.3701,1.3701,1180,2021-06-09 23:23:00,GRIL
1.37,1.37,1.37,1.37,100,2021-06-09 23:24:00,GRIL
1.37,1.37,1.37,1.37,150,2021-06-09 23:33:00,GRIL
1.37,1.37,1.37,1.37,190,2021-06-09 23:37:00,GRIL
1.38,1.38,1.38,1.38,300,2021-06-09 23:38:00,GRIL
1.39,1.39,1.39,1.39,1060,2021-06-09 23:42:00,GRIL
1.37,1.37,1.37,1.37,300,2021-06-09 23:51:00,GRIL
1.41,1.41,1.41,1.41,100,2021-06-10 09:02:00,GRIL
1.37,1.37,1.37,1.37,1000,2021-06-10 12:30:00,GRIL
1.37,1.37,1.37,1.37,1000,2021-06-10 12:31:00,GRIL
1.37,1.37,1.37,1.37,100,2021-06-10 13:15:00,GRIL
1.3766,1.3766,1.3766,1.3766,100,2021-06-10 13:21:00,GRIL
1.37,1.37,1.37,1.37,2207,2021-06-10 13:30:00,GRIL
1.396,1.396,1.396,1.396,340,2021-06-10 13:31:00,GRIL
1.39,1.39,1.39,1.39,100,2021-06-10 13:34:00,GRIL
1.39,1.39,1.3817,1.3817,1000,2021-06-10 13:36:00,GRIL
1.39,1.39,1.389,1.39,1310,2021-06-10 13:37:00,GRIL
1.39,1.39,1.39,1.39,200,2021-06-10 13:39:00,GRIL
1.3801,1.4033,1.3801,1.4033,4000,2021-06-10 13:40:00,GRIL
1.389,1.389,1.389,1.389,770,2021-06-10 13:41:00,GRIL
1.4029,1.4029,1.4029,1.4029,1000,2021-06-10 13:42:00,GRIL
1.3965,1.3965,1.38,1.38,4629,2021-06-10 13:44:00,GRIL
1.39,1.39,1.3899,1.39,6700,2021-06-10 13:45:00,GRIL
1.3887,1.39,1.3887,1.39,5730,2021-06-10 13:46:00,GRIL
1.39,1.39,1.39,1.39,1000,2021-06-10 13:47:00,GRIL
1.3701,1.3701,1.3701,1.3701,410,2021-06-10 13:48:00,GRIL
1.3707,1.3707,1.3707,1.3707,1000,2021-06-10 13:49:00,GRIL
1.374,1.374,1.36,1.36,18499,2021-06-10 13:51:00,GRIL
1.36,1.36,1.3545,1.3595,13664,2021-06-10 13:52:00,GRIL
1.365,1.37,1.365,1.37,500,2021-06-10 13:53:00,GRIL
1.37,1.37,1.3677,1.3677,20100,2021-06-10 13:55:00,GRIL
1.37,1.37,1.36,1.37,4560,2021-06-10 13:56:00,GRIL
1.37,1.37,1.37,1.37,16205,2021-06-10 13:57:00,GRIL
1.39,1.39,1.39,1.39,200,2021-06-10 14:00:00,GRIL
1.38,1.39,1.38,1.39,7340,2021-06-10 14:03:00,GRIL
1.39,1.39,1.39,1.39,699,2021-06-10 14:07:00,GRIL
1.395,1.395,1.3901,1.3901,1729,2021-06-10 14:08:00,GRIL
1.4,1.4,1.4,1.4,1200,2021-06-10 14:12:00,GRIL
1.4,1.4,1.4,1.4,250,2021-06-10 14:13:00,GRIL
1.3983,1.3983,1.3983,1.3983,125,2021-06-10 14:16:00,GRIL
1.39,1.39,1.39,1.39,9946,2021-06-10 14:17:00,GRIL
1.4,1.4,1.4,1.4,3400,2021-06-10 14:18:00,GRIL
1.4,1.4,1.392,1.392,2201,2021-06-10 14:19:00,GRIL
1.395,1.3988,1.39,1.3988,1340,2021-06-10 14:20:00,GRIL
1.3955,1.3955,1.3955,1.3955,500,2021-06-10 14:21:00,GRIL
1.39,1.4,1.39,1.4,12500,2021-06-10 14:22:00,GRIL
1.3983,1.3999,1.39,1.3992,3400,2021-06-10 14:23:00,GRIL
1.395,1.395,1.395,1.395,4000,2021-06-10 14:26:00,GRIL
1.3921,1.42,1.3921,1.4015,10349,2021-06-10 14:34:00,GRIL
1.4,1.41,1.39,1.4098,17191,2021-06-10 14:35:00,GRIL
1.398,1.398,1.398,1.398,100,2021-06-10 14:36:00,GRIL
1.39,1.3901,1.371,1.371,10800,2021-06-10 14:37:00,GRIL
1.38,1.38,1.38,1.38,300,2021-06-10 14:38:00,GRIL
1.39,1.39,1.37,1.37,829,2021-06-10 14:39:00,GRIL
1.38,1.38,1.3777,1.38,700,2021-06-10 14:41:00,GRIL
1.37,1.38,1.37,1.3706,2256,2021-06-10 14:43:00,GRIL
1.39,1.39,1.39,1.39,1000,2021-06-10 14:44:00,GRIL
1.39,1.39,1.39,1.39,18000,2021-06-10 14:47:00,GRIL
1.38,1.38,1.38,1.38,200,2021-06-10 14:49:00,GRIL
1.37,1.37,1.365,1.37,11530,2021-06-10 14:50:00,GRIL
1.37,1.37,1.3609,1.37,7900,2021-06-10 14:51:00,GRIL
1.37,1.37,1.365,1.37,2100,2021-06-10 14:52:00,GRIL
1.36,1.37,1.36,1.37,4550,2021-06-10 14:53:00,GRIL
1.365,1.37,1.365,1.37,5130,2021-06-10 14:54:00,GRIL
1.367,1.367,1.36,1.36,2712,2021-06-10 14:55:00,GRIL
1.37,1.37,1.3612,1.37,10700,2021-06-10 14:56:00,GRIL
1.38,1.38,1.38,1.38,4000,2021-06-10 14:57:00,GRIL
1.37,1.37,1.37,1.37,710,2021-06-10 15:01:00,GRIL
1.37,1.37,1.37,1.37,1000,2021-06-10 15:03:00,GRIL
1.37,1.37,1.37,1.37,300,2021-06-10 15:04:00,GRIL
1.38,1.38,1.3799,1.3799,1500,2021-06-10 15:07:00,GRIL
1.375,1.38,1.375,1.38,1700,2021-06-10 15:08:00,GRIL
1.39,1.39,1.39,1.39,400,2021-06-10 15:12:00,GRIL
1.3899,1.3899,1.3899,1.3899,100,2021-06-10 15:19:00,GRIL
1.388,1.388,1.388,1.388,500,2021-06-10 15:20:00,GRIL
1.38,1.38,1.38,1.38,100,2021-06-10 15:29:00,GRIL
1.3701,1.38,1.3701,1.38,4500,2021-06-10 15:30:00,GRIL
1.38,1.38,1.3701,1.3701,2400,2021-06-10 15:31:00,GRIL
1.38,1.38,1.38,1.38,400,2021-06-10 15:32:00,GRIL
1.37,1.37,1.37,1.37,1800,2021-06-10 15:33:00,GRIL
1.3713,1.3713,1.3713,1.3713,310,2021-06-10 15:34:00,GRIL
1.38,1.38,1.38,1.38,500,2021-06-10 15:35:00,GRIL
1.37,1.3728,1.3501,1.3728,23372,2021-06-10 15:37:00,GRIL
1.3511,1.3511,1.3501,1.3501,20000,2021-06-10 15:38:00,GRIL
1.3601,1.3601,1.3601,1.3601,5000,2021-06-10 15:39:00,GRIL
1.3624,1.38,1.3624,1.37,11300,2021-06-10 15:44:00,GRIL
1.3775,1.38,1.3775,1.38,8500,2021-06-10 15:46:00,GRIL
1.377,1.377,1.3624,1.3624,945,2021-06-10 15:47:00,GRIL
1.38,1.38,1.35,1.35,13650,2021-06-10 15:53:00,GRIL
1.35,1.35,1.35,1.35,100,2021-06-10 15:55:00,GRIL
1.35,1.35,1.35,1.35,500,2021-06-10 15:57:00,GRIL
1.34,1.35,1.34,1.35,1800,2021-06-10 15:58:00,GRIL
1.35,1.35,1.345,1.35,2831,2021-06-10 16:00:00,GRIL
1.36,1.36,1.36,1.36,7924,2021-06-10 16:02:00,GRIL
1.36,1.36,1.36,1.36,200,2021-06-10 16:04:00,GRIL
1.3584,1.3584,1.3584,1.3584,1000,2021-06-10 16:05:00,GRIL
1.3574,1.3574,1.3574,1.3574,200,2021-06-10 16:10:00,GRIL
1.3599,1.3599,1.34,1.34,5150,2021-06-10 16:19:00,GRIL
1.34,1.3599,1.34,1.3599,5354,2021-06-10 16:22:00,GRIL
1.36,1.36,1.36,1.36,700,2021-06-10 16:23:00,GRIL
1.36,1.36,1.36,1.36,200,2021-06-10 16:24:00,GRIL
1.3401,1.3401,1.3401,1.3401,3600,2021-06-10 16:25:00,GRIL
1.3401,1.3401,1.3401,1.3401,200,2021-06-10 16:26:00,GRIL
1.3537,1.3537,1.3537,1.3537,100,2021-06-10 16:27:00,GRIL
1.3584,1.3584,1.3584,1.3584,200,2021-06-10 16:37:00,GRIL
1.3599,1.3599,1.3599,1.3599,1200,2021-06-10 16:38:00,GRIL
1.355,1.355,1.355,1.355,400,2021-06-10 16:40:00,GRIL
1.36,1.36,1.3592,1.3592,600,2021-06-10 16:41:00,GRIL
1.3594,1.3594,1.3594,1.3594,280,2021-06-10 16:44:00,GRIL
1.355,1.355,1.355,1.355,100,2021-06-10 16:46:00,GRIL
1.353,1.353,1.353,1.353,1000,2021-06-10 16:47:00,GRIL
1.36,1.36,1.36,1.36,437,2021-06-10 16:53:00,GRIL
1.355,1.355,1.355,1.355,133,2021-06-10 16:56:00,GRIL
1.3521,1.3521,1.3521,1.3521,110,2021-06-10 16:58:00,GRIL
1.3593,1.3599,1.3593,1.3599,3876,2021-06-10 17:00:00,GRIL
1.36,1.36,1.355,1.355,397,2021-06-10 17:01:00,GRIL
1.3508,1.3508,1.3508,1.3508,800,2021-06-10 17:02:00,GRIL
1.3592,1.3592,1.3592,1.3592,200,2021-06-10 17:03:00,GRIL
1.351,1.351,1.35,1.35,17000,2021-06-10 17:05:00,GRIL
1.36,1.36,1.36,1.36,100,2021-06-10 17:09:00,GRIL
1.36,1.36,1.36,1.36,5000,2021-06-10 17:13:00,GRIL
1.355,1.36,1.355,1.355,500,2021-06-10 17:14:00,GRIL
1.355,1.355,1.355,1.355,1310,2021-06-10 17:17:00,GRIL
1.36,1.36,1.36,1.36,1400,2021-06-10 17:25:00,GRIL
1.35,1.35,1.35,1.35,100,2021-06-10 17:28:00,GRIL
1.3527,1.3527,1.3527,1.3527,100,2021-06-10 17:32:00,GRIL
1.35,1.35,1.35,1.35,1967,2021-06-10 17:36:00,GRIL
1.3587,1.3587,1.3585,1.3585,250,2021-06-10 17:48:00,GRIL
1.359,1.36,1.355,1.355,568,2021-06-10 17:55:00,GRIL
1.35,1.35,1.35,1.35,15000,2021-06-10 17:57:00,GRIL
1.355,1.36,1.355,1.36,1200,2021-06-10 17:58:00,GRIL
1.36,1.36,1.36,1.36,800,2021-06-10 17:59:00,GRIL
1.36,1.36,1.3573,1.3573,400,2021-06-10 18:01:00,GRIL
1.3573,1.3573,1.355,1.355,200,2021-06-10 18:02:00,GRIL
1.3555,1.3557,1.3555,1.3557,1000,2021-06-10 18:03:00,GRIL
1.3559,1.3559,1.3559,1.3559,1000,2021-06-10 18:04:00,GRIL
1.355,1.355,1.355,1.355,100,2021-06-10 18:05:00,GRIL
1.36,1.36,1.3598,1.36,3980,2021-06-10 18:07:00,GRIL
1.36,1.36,1.36,1.36,100,2021-06-10 18:08:00,GRIL
1.365,1.365,1.365,1.365,100,2021-06-10 18:10:00,GRIL
1.3699,1.37,1.36,1.37,10385,2021-06-10 18:12:00,GRIL
1.37,1.37,1.37,1.37,200,2021-06-10 18:13:00,GRIL
1.3699,1.38,1.3699,1.37,7300,2021-06-10 18:14:00,GRIL
1.38,1.38,1.38,1.38,1200,2021-06-10 18:15:00,GRIL
1.36,1.37,1.36,1.37,29100,2021-06-10 18:18:00,GRIL
1.37,1.38,1.365,1.37,3700,2021-06-10 18:19:00,GRIL
1.37,1.37,1.37,1.37,100,2021-06-10 18:20:00,GRIL
1.37,1.37,1.3666,1.3666,2300,2021-06-10 18:21:00,GRIL
1.3683,1.3699,1.3683,1.3699,1100,2021-06-10 18:23:00,GRIL
1.3699,1.3699,1.36,1.36,2771,2021-06-10 18:24:00,GRIL
1.3699,1.3699,1.3699,1.3699,2000,2021-06-10 18:28:00,GRIL
1.365,1.37,1.36,1.365,925,2021-06-10 18:31:00,GRIL
1.3682,1.3682,1.3682,1.3682,209,2021-06-10 18:35:00,GRIL
1.36,1.36,1.36,1.36,4100,2021-06-10 18:40:00,GRIL
1.3673,1.3684,1.3673,1.3682,600,2021-06-10 18:42:00,GRIL
1.37,1.37,1.36,1.3699,2400,2021-06-10 18:43:00,GRIL
1.3692,1.3692,1.3688,1.3688,1400,2021-06-10 18:47:00,GRIL
1.3683,1.3683,1.3683,1.3683,200,2021-06-10 18:48:00,GRIL
1.365,1.37,1.365,1.37,2460,2021-06-10 18:52:00,GRIL
1.365,1.37,1.365,1.37,1900,2021-06-10 18:53:00,GRIL
1.3706,1.375,1.3706,1.375,680,2021-06-10 18:56:00,GRIL
1.3779,1.3779,1.3779,1.3779,125,2021-06-10 19:02:00,GRIL
1.375,1.375,1.375,1.375,305,2021-06-10 19:03:00,GRIL
1.38,1.38,1.38,1.38,900,2021-06-10 19:08:00,GRIL
1.38,1.38,1.38,1.38,181,2021-06-10 19:11:00,GRIL
1.3752,1.3752,1.3752,1.3752,180,2021-06-10 19:16:00,GRIL
1.375,1.375,1.37,1.37,8200,2021-06-10 19:19:00,GRIL
1.3701,1.3701,1.36,1.37,10396,2021-06-10 19:20:00,GRIL
1.36,1.36,1.36,1.36,100,2021-06-10 19:23:00,GRIL
1.365,1.365,1.365,1.365,250,2021-06-10 19:25:00,GRIL
1.365,1.365,1.365,1.365,366,2021-06-10 19:28:00,GRIL
1.365,1.365,1.365,1.365,100,2021-06-10 19:31:00,GRIL
1.37,1.37,1.36,1.37,5000,2021-06-10 19:42:00,GRIL
1.37,1.37,1.37,1.37,225,2021-06-10 19:44:00,GRIL
1.38,1.38,1.38,1.38,100,2021-06-10 19:46:00,GRIL
1.38,1.38,1.38,1.38,100,2021-06-10 19:49:00,GRIL
1.3751,1.39,1.375,1.375,67273,2021-06-10 19:50:00,GRIL
1.3891,1.39,1.385,1.3899,19074,2021-06-10 19:51:00,GRIL
1.3881,1.3881,1.3881,1.3881,522,2021-06-10 19:53:00,GRIL
1.38,1.3802,1.37,1.37,6529,2021-06-10 19:54:00,GRIL
1.37,1.37,1.37,1.37,375,2021-06-10 19:55:00,GRIL
1.37,1.37,1.35,1.37,7958,2021-06-10 19:57:00,GRIL
1.37,1.37,1.37,1.37,200,2021-06-10 19:58:00,GRIL
1.37,1.37,1.36,1.36,15500,2021-06-10 19:59:00,GRIL
1.36,1.36,1.36,1.36,424,2021-06-10 20:00:00,GRIL
1.3899,1.3899,1.3899,1.3899,1000,2021-06-10 20:10:00,GRIL
1.3825,1.3825,1.3825,1.3825,400,2021-06-10 20:51:00,GRIL
1.36,1.36,1.36,1.36,400,2021-06-10 21:11:00,GRIL
1.39,1.39,1.39,1.39,300,2021-06-10 22:50:00,GRIL
1.4,1.4,1.4,1.4,729,2021-06-10 22:59:00,GRIL
1.4,1.4,1.4,1.4,2100,2021-06-10 23:00:00,GRIL
1.41,1.41,1.41,1.41,100,2021-06-10 23:03:00,GRIL
1.38,1.38,1.38,1.38,300,2021-06-10 23:39:00,GRIL
1.38,1.38,1.38,1.38,200,2021-06-10 23:58:00,GRIL
1.36,1.36,1.35,1.35,985,2021-06-11 10:49:00,GRIL
1.36,1.36,1.36,1.36,1500,2021-06-11 11:05:00,GRIL
1.35,1.35,1.35,1.35,119,2021-06-11 11:35:00,GRIL
1.36,1.36,1.36,1.36,100,2021-06-11 13:16:00,GRIL
1.36,1.36,1.36,1.36,100,2021-06-11 13:19:00,GRIL
1.36,1.36,1.36,1.36,100,2021-06-11 13:20:00,GRIL
1.38,1.38,1.38,1.38,1932,2021-06-11 13:30:00,GRIL
1.3894,1.39,1.3894,1.39,3850,2021-06-11 13:31:00,GRIL
1.3701,1.3701,1.3701,1.3701,100,2021-06-11 13:32:00,GRIL
1.39,1.39,1.39,1.39,3500,2021-06-11 13:33:00,GRIL
1.3716,1.39,1.37,1.39,1000,2021-06-11 13:34:00,GRIL
1.3886,1.3886,1.3886,1.3886,500,2021-06-11 13:35:00,GRIL
1.38,1.38,1.38,1.38,429,2021-06-11 13:38:00,GRIL
1.39,1.39,1.39,1.39,600,2021-06-11 13:41:00,GRIL
1.39,1.4,1.39,1.4,1200,2021-06-11 13:42:00,GRIL
1.4,1.4,1.4,1.4,400,2021-06-11 13:43:00,GRIL
1.39,1.39,1.39,1.39,500,2021-06-11 13:44:00,GRIL
1.4,1.4,1.4,1.4,2000,2021-06-11 13:46:00,GRIL
1.3985,1.3985,1.3985,1.3985,200,2021-06-11 13:47:00,GRIL
1.4,1.4,1.4,1.4,800,2021-06-11 13:48:00,GRIL
1.391,1.391,1.391,1.391,500,2021-06-11 13:50:00,GRIL
1.39,1.3912,1.39,1.3912,400,2021-06-11 13:51:00,GRIL
1.4,1.4,1.39,1.39,1100,2021-06-11 13:55:00,GRIL
1.395,1.395,1.37,1.37,10460,2021-06-11 13:58:00,GRIL
1.3712,1.3712,1.3712,1.3712,1000,2021-06-11 14:06:00,GRIL
1.3789,1.38,1.3789,1.38,602,2021-06-11 14:07:00,GRIL
1.371,1.371,1.37,1.37,22230,2021-06-11 14:09:00,GRIL
1.38,1.38,1.38,1.38,600,2021-06-11 14:18:00,GRIL
1.38,1.38,1.38,1.38,200,2021-06-11 14:21:00,GRIL
1.3701,1.38,1.3701,1.38,3510,2021-06-11 14:24:00,GRIL
1.37,1.3718,1.37,1.3712,1107,2021-06-11 14:27:00,GRIL
1.3767,1.3767,1.3767,1.3767,1000,2021-06-11 14:33:00,GRIL
1.38,1.38,1.38,1.38,126,2021-06-11 14:37:00,GRIL
1.3793,1.3793,1.3793,1.3793,100,2021-06-11 14:38:00,GRIL
1.3765,1.3765,1.375,1.375,6300,2021-06-11 14:40:00,GRIL
1.375,1.375,1.375,1.375,500,2021-06-11 14:48:00,GRIL
1.3711,1.38,1.3711,1.38,500,2021-06-11 14:53:00,GRIL
1.38,1.38,1.38,1.38,1000,2021-06-11 15:01:00,GRIL
1.3794,1.3794,1.37,1.37,1149,2021-06-11 15:04:00,GRIL
1.3792,1.3792,1.3792,1.3792,150,2021-06-11 15:11:00,GRIL
1.38,1.38,1.38,1.38,100,2021-06-11 15:16:00,GRIL
1.3759,1.3759,1.3759,1.3759,1000,2021-06-11 15:18:00,GRIL
1.375,1.38,1.375,1.38,1100,2021-06-11 15:24:00,GRIL
1.3758,1.3758,1.3758,1.3758,150,2021-06-11 15:25:00,GRIL
1.3793,1.3793,1.3793,1.3793,100,2021-06-11 15:26:00,GRIL
1.3799,1.3799,1.3799,1.3799,500,2021-06-11 15:31:00,GRIL
1.3795,1.3795,1.3795,1.3795,500,2021-06-11 15:32:00,GRIL
1.38,1.38,1.3792,1.3792,1109,2021-06-11 15:41:00,GRIL
1.38,1.38,1.38,1.38,300,2021-06-11 15:42:00,GRIL
1.3799,1.3799,1.372,1.372,1200,2021-06-11 15:43:00,GRIL
1.38,1.38,1.38,1.38,300,2021-06-11 15:50:00,GRIL
1.3798,1.3798,1.3798,1.3798,100,2021-06-11 15:52:00,GRIL
1.3765,1.38,1.3765,1.38,725,2021-06-11 15:53:00,GRIL
1.371,1.371,1.36,1.36,6225,2021-06-11 15:54:00,GRIL
1.3666,1.37,1.3666,1.37,2460,2021-06-11 15:55:00,GRIL
1.3667,1.3667,1.3667,1.3667,1000,2021-06-11 15:57:00,GRIL
1.37,1.37,1.37,1.37,2100,2021-06-11 16:01:00,GRIL
1.3699,1.3699,1.3699,1.3699,2000,2021-06-11 16:06:00,GRIL
1.37,1.37,1.37,1.37,175,2021-06-11 16:07:00,GRIL
1.36,1.36,1.36,1.36,275,2021-06-11 16:09:00,GRIL
1.3693,1.3693,1.3693,1.3693,1000,2021-06-11 16:17:00,GRIL
1.37,1.37,1.37,1.37,800,2021-06-11 16:20:00,GRIL
1.36,1.36,1.36,1.36,250,2021-06-11 16:22:00,GRIL
1.3675,1.3675,1.3675,1.3675,100,2021-06-11 16:33:00,GRIL
1.36,1.36,1.36,1.36,318,2021-06-11 16:34:00,GRIL
1.39,1.39,1.39,1.39,220,2021-06-11 16:39:00,GRIL
1.39,1.4,1.39,1.4,13669,2021-06-11 16:44:00,GRIL
1.38,1.39,1.38,1.39,578,2021-06-11 16:47:00,GRIL
1.3748,1.3748,1.3748,1.3748,220,2021-06-11 16:48:00,GRIL
1.39,1.39,1.39,1.39,1200,2021-06-11 17:12:00,GRIL
1.385,1.385,1.385,1.385,100,2021-06-11 17:14:00,GRIL
1.385,1.385,1.385,1.385,200,2021-06-11 17:15:00,GRIL
1.39,1.39,1.39,1.39,1100,2021-06-11 17:16:00,GRIL
1.39,1.39,1.39,1.39,675,2021-06-11 17:17:00,GRIL
1.4,1.4,1.4,1.4,2000,2021-06-11 17:22:00,GRIL
1.395,1.395,1.395,1.395,200,2021-06-11 17:24:00,GRIL
1.3999,1.3999,1.3999,1.3999,150,2021-06-11 17:26:00,GRIL
1.395,1.4,1.395,1.4,22186,2021-06-11 17:32:00,GRIL
1.41,1.41,1.36,1.4,17764,2021-06-11 17:33:00,GRIL
1.41,1.43,1.405,1.41,7980,2021-06-11 17:34:00,GRIL
1.41,1.41,1.41,1.41,400,2021-06-11 17:35:00,GRIL
1.42,1.42,1.37,1.4,11416,2021-06-11 17:36:00,GRIL
1.4,1.4,1.395,1.4,1500,2021-06-11 17:37:00,GRIL
1.3994,1.3994,1.3994,1.3994,134,2021-06-11 17:38:00,GRIL
1.3982,1.3982,1.3912,1.3912,675,2021-06-11 17:46:00,GRIL
1.3907,1.4,1.3907,1.4,2400,2021-06-11 17:50:00,GRIL
1.41,1.41,1.41,1.41,189,2021-06-11 17:53:00,GRIL
1.4055,1.4055,1.4055,1.4055,1000,2021-06-11 18:00:00,GRIL
1.39,1.39,1.39,1.39,100,2021-06-11 18:07:00,GRIL
1.41,1.41,1.41,1.41,600,2021-06-11 18:09:00,GRIL
1.41,1.41,1.41,1.41,100,2021-06-11 18:11:00,GRIL
1.4169,1.42,1.415,1.42,3300,2021-06-11 18:13:00,GRIL
1.41,1.41,1.41,1.41,500,2021-06-11 18:17:00,GRIL
1.415,1.4199,1.415,1.4199,240,2021-06-11 18:20:00,GRIL
1.41,1.42,1.41,1.42,1300,2021-06-11 18:22:00,GRIL
1.41,1.4127,1.41,1.41,5400,2021-06-11 18:23:00,GRIL
1.4164,1.42,1.4164,1.42,4400,2021-06-11 18:24:00,GRIL
1.41,1.4148,1.41,1.4148,1068,2021-06-11 18:25:00,GRIL
1.42,1.42,1.42,1.42,1350,2021-06-11 18:30:00,GRIL
1.4101,1.4199,1.4101,1.4101,900,2021-06-11 18:31:00,GRIL
1.42,1.42,1.42,1.42,500,2021-06-11 18:35:00,GRIL
1.42,1.42,1.42,1.42,200,2021-06-11 18:36:00,GRIL
1.41,1.4127,1.41,1.41,1000,2021-06-11 18:39:00,GRIL
1.415,1.415,1.415,1.415,100,2021-06-11 18:44:00,GRIL
1.4199,1.4199,1.4199,1.4199,300,2021-06-11 18:50:00,GRIL
1.4184,1.4184,1.4101,1.4101,600,2021-06-11 18:52:00,GRIL
1.4111,1.4111,1.4111,1.4111,500,2021-06-11 18:58:00,GRIL
1.4153,1.42,1.4153,1.42,902,2021-06-11 19:02:00,GRIL
1.41,1.41,1.41,1.41,500,2021-06-11 19:08:00,GRIL
1.419,1.419,1.419,1.419,500,2021-06-11 19:17:00,GRIL
1.41,1.42,1.41,1.42,1446,2021-06-11 19:19:00,GRIL
1.415,1.415,1.415,1.415,6188,2021-06-11 19:25:00,GRIL
1.4164,1.4164,1.4164,1.4164,8000,2021-06-11 19:27:00,GRIL
1.4199,1.4199,1.415,1.415,3800,2021-06-11 19:29:00,GRIL
1.42,1.43,1.42,1.43,2359,2021-06-11 19:32:00,GRIL
1.42,1.4202,1.42,1.4201,2844,2021-06-11 19:36:00,GRIL
1.42,1.42,1.42,1.42,1000,2021-06-11 19:37:00,GRIL
1.42,1.42,1.42,1.42,200,2021-06-11 19:38:00,GRIL
1.41,1.41,1.41,1.41,8650,2021-06-11 19:39:00,GRIL
1.405,1.405,1.405,1.405,150,2021-06-11 19:40:00,GRIL
1.41,1.41,1.41,1.41,500,2021-06-11 19:42:00,GRIL
1.41,1.41,1.41,1.41,700,2021-06-11 19:43:00,GRIL
1.4,1.41,1.4,1.41,2260,2021-06-11 19:44:00,GRIL
1.41,1.41,1.41,1.41,100,2021-06-11 19:46:00,GRIL
1.42,1.42,1.42,1.42,3000,2021-06-11 19:50:00,GRIL
1.42,1.42,1.42,1.42,1500,2021-06-11 19:51:00,GRIL
1.42,1.42,1.42,1.42,254,2021-06-11 19:53:00,GRIL
1.42,1.43,1.4199,1.4199,2890,2021-06-11 19:54:00,GRIL
1.4199,1.4199,1.4199,1.4199,300,2021-06-11 19:55:00,GRIL
1.41,1.41,1.41,1.41,1225,2021-06-11 19:59:00,GRIL
1.42,1.42,1.42,1.42,235,2021-06-11 20:00:00,GRIL
1.42,1.42,1.42,1.42,100,2021-06-11 20:06:00,GRIL
1.42,1.42,1.42,1.42,300,2021-06-11 20:22:00,GRIL
1.4101,1.4101,1.41,1.41,400,2021-06-11 20:31:00,GRIL
1.42,1.42,1.42,1.42,3550,2021-06-11 20:48:00,GRIL
1.42,1.42,1.42,1.42,800,2021-06-11 20:52:00,GRIL
1.42,1.42,1.42,1.42,300,2021-06-11 20:58:00,GRIL
1.42,1.42,1.42,1.42,100,2021-06-11 21:54:00,GRIL
1.42,1.42,1.42,1.42,1000,2021-06-11 22:00:00,GRIL
1.42,1.42,1.42,1.42,950,2021-06-11 23:32:00,GRIL
1.42,1.42,1.42,1.42,100,2021-06-11 23:46:00,GRIL
1.42,1.42,1.42,1.42,100,2021-06-11 23:49:00,GRIL
1.42,1.42,1.42,1.42,146,2021-06-11 23:50:00,GRIL
