open,high,low,close,volume,datetime,symbol
32.98,32.98,32.98,32.98,100,2021-06-01 09:35:00,QQQJ
33.19,33.19,33.19,33.19,264,2021-06-01 11:24:00,QQQJ
32.0,32.0,32.0,32.0,100,2021-06-01 12:40:00,QQQJ
33.005,33.03,33.005,33.03,15380,2021-06-01 13:30:00,QQQJ
33.01,33.01,32.98,32.98,327,2021-06-01 13:31:00,QQQJ
32.95,32.95,32.95,32.95,200,2021-06-01 13:32:00,QQQJ
32.97,33.0037,32.97,33.0037,3579,2021-06-01 13:33:00,QQQJ
33.0,33.0,33.0,33.0,500,2021-06-01 13:35:00,QQQJ
33.0003,33.0003,32.99,32.9901,7936,2021-06-01 13:36:00,QQQJ
32.99,33.0,32.99,32.99,1336,2021-06-01 13:38:00,QQQJ
33.0,33.0,33.0,33.0,1900,2021-06-01 13:39:00,QQQJ
33.0388,33.0388,33.0388,33.0388,269,2021-06-01 13:40:00,QQQJ
33.04,33.0418,33.04,33.0418,249,2021-06-01 13:41:00,QQQJ
33.04,33.04,33.0324,33.0324,200,2021-06-01 13:42:00,QQQJ
33.05,33.05,33.03,33.03,400,2021-06-01 13:43:00,QQQJ
33.03,33.03,33.03,33.03,100,2021-06-01 13:44:00,QQQJ
33.01,33.02,33.01,33.01,3922,2021-06-01 13:45:00,QQQJ
33.0,33.0,32.98,32.98,1500,2021-06-01 13:46:00,QQQJ
32.9501,32.9501,32.9501,32.9501,100,2021-06-01 13:47:00,QQQJ
32.9597,32.9597,32.9201,32.9201,1200,2021-06-01 13:48:00,QQQJ
32.91,32.93,32.91,32.93,1480,2021-06-01 13:49:00,QQQJ
32.9499,32.9499,32.9499,32.9499,1262,2021-06-01 13:50:00,QQQJ
32.9101,32.9101,32.9048,32.9048,610,2021-06-01 13:52:00,QQQJ
32.8873,32.8873,32.8873,32.8873,200,2021-06-01 13:57:00,QQQJ
32.91,32.91,32.91,32.91,1000,2021-06-01 13:59:00,QQQJ
32.9299,32.93,32.91,32.93,1434,2021-06-01 14:00:00,QQQJ
32.91,32.91,32.9,32.9,1100,2021-06-01 14:01:00,QQQJ
32.88,32.89,32.8401,32.8535,3282,2021-06-01 14:02:00,QQQJ
32.845,32.85,32.84,32.84,2145,2021-06-01 14:05:00,QQQJ
32.8566,32.8566,32.8566,32.8566,153,2021-06-01 14:06:00,QQQJ
32.8533,32.8533,32.8533,32.8533,700,2021-06-01 14:07:00,QQQJ
32.84,32.84,32.84,32.84,100,2021-06-01 14:09:00,QQQJ
32.85,32.85,32.83,32.83,300,2021-06-01 14:10:00,QQQJ
32.815,32.815,32.78,32.78,3600,2021-06-01 14:12:00,QQQJ
32.75,32.76,32.75,32.76,1565,2021-06-01 14:13:00,QQQJ
32.74,32.74,32.71,32.7101,552,2021-06-01 14:14:00,QQQJ
32.64,32.64,32.63,32.63,6985,2021-06-01 14:15:00,QQQJ
32.66,32.66,32.66,32.66,100,2021-06-01 14:16:00,QQQJ
32.6506,32.6506,32.65,32.65,350,2021-06-01 14:17:00,QQQJ
32.672,32.68,32.6528,32.6528,454,2021-06-01 14:19:00,QQQJ
32.6404,32.6404,32.6373,32.64,475,2021-06-01 14:20:00,QQQJ
32.62,32.62,32.6,32.6,650,2021-06-01 14:21:00,QQQJ
32.61,32.63,32.61,32.63,200,2021-06-01 14:22:00,QQQJ
32.71,32.71,32.71,32.71,200,2021-06-01 14:26:00,QQQJ
32.6983,32.6983,32.6983,32.6983,161,2021-06-01 14:27:00,QQQJ
32.705,32.705,32.705,32.705,300,2021-06-01 14:28:00,QQQJ
32.7401,32.7467,32.7401,32.7467,1100,2021-06-01 14:32:00,QQQJ
32.725,32.725,32.7238,32.7238,350,2021-06-01 14:34:00,QQQJ
32.726,32.74,32.726,32.74,1550,2021-06-01 14:35:00,QQQJ
32.67,32.67,32.67,32.67,400,2021-06-01 14:41:00,QQQJ
32.71,32.71,32.7,32.7,300,2021-06-01 14:43:00,QQQJ
32.7099,32.7099,32.688,32.69,1528,2021-06-01 14:44:00,QQQJ
32.62,32.62,32.61,32.61,1000,2021-06-01 14:46:00,QQQJ
32.64,32.64,32.64,32.64,300,2021-06-01 14:48:00,QQQJ
32.6,32.6,32.6,32.6,650,2021-06-01 14:49:00,QQQJ
32.5967,32.5967,32.5967,32.5967,242,2021-06-01 14:50:00,QQQJ
32.61,32.61,32.61,32.61,356,2021-06-01 14:51:00,QQQJ
32.6191,32.6191,32.6191,32.6191,150,2021-06-01 14:52:00,QQQJ
32.61,32.61,32.595,32.595,278,2021-06-01 14:53:00,QQQJ
32.59,32.6001,32.59,32.6,752,2021-06-01 14:54:00,QQQJ
32.59,32.6,32.59,32.5901,594,2021-06-01 14:55:00,QQQJ
32.604,32.604,32.57,32.584,775,2021-06-01 14:56:00,QQQJ
32.58,32.58,32.58,32.58,115,2021-06-01 14:57:00,QQQJ
32.59,32.61,32.59,32.61,1650,2021-06-01 14:59:00,QQQJ
32.59,32.59,32.59,32.59,100,2021-06-01 15:00:00,QQQJ
32.5927,32.5927,32.5927,32.5927,1000,2021-06-01 15:01:00,QQQJ
32.6066,32.6066,32.5946,32.5946,462,2021-06-01 15:02:00,QQQJ
32.58,32.58,32.57,32.57,2689,2021-06-01 15:03:00,QQQJ
32.59,32.59,32.57,32.57,343,2021-06-01 15:04:00,QQQJ
32.56,32.56,32.56,32.56,673,2021-06-01 15:05:00,QQQJ
32.571,32.571,32.571,32.571,558,2021-06-01 15:06:00,QQQJ
32.599,32.599,32.599,32.599,110,2021-06-01 15:08:00,QQQJ
32.59,32.59,32.576,32.576,380,2021-06-01 15:09:00,QQQJ
32.5845,32.6,32.5845,32.6,1091,2021-06-01 15:10:00,QQQJ
32.6192,32.6192,32.6192,32.6192,240,2021-06-01 15:13:00,QQQJ
32.6,32.6,32.6,32.6,100,2021-06-01 15:14:00,QQQJ
32.6599,32.6599,32.659,32.659,1000,2021-06-01 15:19:00,QQQJ
32.65,32.655,32.65,32.655,1200,2021-06-01 15:20:00,QQQJ
32.68,32.68,32.6658,32.6658,1164,2021-06-01 15:23:00,QQQJ
32.67,32.67,32.67,32.67,100,2021-06-01 15:25:00,QQQJ
32.67,32.67,32.67,32.67,300,2021-06-01 15:29:00,QQQJ
32.67,32.67,32.65,32.65,300,2021-06-01 15:30:00,QQQJ
32.669,32.669,32.669,32.669,400,2021-06-01 15:34:00,QQQJ
32.66,32.68,32.66,32.68,500,2021-06-01 15:35:00,QQQJ
32.69,32.69,32.69,32.69,100,2021-06-01 15:36:00,QQQJ
32.7,32.7,32.7,32.7,100,2021-06-01 15:37:00,QQQJ
32.7,32.7,32.7,32.7,100,2021-06-01 15:38:00,QQQJ
32.719,32.719,32.71,32.71,1948,2021-06-01 15:39:00,QQQJ
32.7,32.7,32.699,32.699,1124,2021-06-01 15:40:00,QQQJ
32.69,32.69,32.69,32.69,100,2021-06-01 15:41:00,QQQJ
32.6901,32.6901,32.6901,32.6901,371,2021-06-01 15:43:00,QQQJ
32.67,32.67,32.67,32.67,379,2021-06-01 15:46:00,QQQJ
32.65,32.66,32.65,32.66,473,2021-06-01 15:47:00,QQQJ
32.67,32.67,32.67,32.67,100,2021-06-01 15:50:00,QQQJ
32.68,32.68,32.68,32.68,950,2021-06-01 15:53:00,QQQJ
32.685,32.685,32.68,32.68,201,2021-06-01 15:57:00,QQQJ
32.69,32.69,32.6859,32.6859,400,2021-06-01 15:58:00,QQQJ
32.699,32.699,32.699,32.699,152,2021-06-01 15:59:00,QQQJ
32.67,32.67,32.67,32.67,411,2021-06-01 16:00:00,QQQJ
32.67,32.67,32.67,32.67,500,2021-06-01 16:01:00,QQQJ
32.69,32.69,32.67,32.67,450,2021-06-01 16:04:00,QQQJ
32.699,32.699,32.699,32.699,100,2021-06-01 16:07:00,QQQJ
32.68,32.6889,32.6765,32.6765,967,2021-06-01 16:08:00,QQQJ
32.7,32.7,32.7,32.7,100,2021-06-01 16:10:00,QQQJ
32.6892,32.6892,32.6892,32.6892,299,2021-06-01 16:11:00,QQQJ
32.69,32.7,32.67,32.686,12246,2021-06-01 16:12:00,QQQJ
32.69,32.69,32.69,32.69,100,2021-06-01 16:13:00,QQQJ
32.7,32.7,32.7,32.7,100,2021-06-01 16:15:00,QQQJ
32.71,32.71,32.7,32.7024,451,2021-06-01 16:16:00,QQQJ
32.705,32.71,32.705,32.71,272,2021-06-01 16:18:00,QQQJ
32.71,32.71,32.71,32.71,100,2021-06-01 16:19:00,QQQJ
32.72,32.72,32.72,32.72,100,2021-06-01 16:21:00,QQQJ
32.73,32.73,32.7299,32.7299,764,2021-06-01 16:22:00,QQQJ
32.75,32.75,32.74,32.74,200,2021-06-01 16:28:00,QQQJ
32.75,32.75,32.7448,32.7496,1604,2021-06-01 16:29:00,QQQJ
32.75,32.75,32.745,32.745,500,2021-06-01 16:30:00,QQQJ
32.74,32.74,32.74,32.74,391,2021-06-01 16:31:00,QQQJ
32.74,32.74,32.74,32.74,100,2021-06-01 16:33:00,QQQJ
32.74,32.74,32.74,32.74,156,2021-06-01 16:34:00,QQQJ
32.75,32.76,32.74,32.74,592,2021-06-01 16:35:00,QQQJ
32.76,32.76,32.74,32.74,550,2021-06-01 16:38:00,QQQJ
32.75,32.75,32.75,32.75,100,2021-06-01 16:39:00,QQQJ
32.7531,32.7531,32.7531,32.7531,338,2021-06-01 16:40:00,QQQJ
32.75,32.75,32.75,32.75,100,2021-06-01 16:41:00,QQQJ
32.7513,32.7513,32.7513,32.7513,103,2021-06-01 16:42:00,QQQJ
32.765,32.77,32.765,32.77,320,2021-06-01 16:44:00,QQQJ
32.77,32.77,32.77,32.77,100,2021-06-01 16:45:00,QQQJ
32.77,32.78,32.77,32.78,10177,2021-06-01 16:47:00,QQQJ
32.7536,32.76,32.7536,32.76,1143,2021-06-01 16:48:00,QQQJ
32.74,32.75,32.74,32.75,913,2021-06-01 16:50:00,QQQJ
32.743,32.743,32.743,32.743,100,2021-06-01 16:52:00,QQQJ
32.7248,32.7263,32.71,32.7263,652,2021-06-01 16:56:00,QQQJ
32.72,32.73,32.72,32.72,500,2021-06-01 16:57:00,QQQJ
32.73,32.73,32.73,32.73,1010,2021-06-01 16:59:00,QQQJ
32.7258,32.7258,32.7258,32.7258,100,2021-06-01 17:01:00,QQQJ
32.73,32.73,32.73,32.73,102,2021-06-01 17:03:00,QQQJ
32.72,32.72,32.72,32.72,100,2021-06-01 17:04:00,QQQJ
32.7084,32.71,32.7084,32.71,787,2021-06-01 17:05:00,QQQJ
32.7,32.7,32.7,32.7,222,2021-06-01 17:06:00,QQQJ
32.74,32.74,32.73,32.73,200,2021-06-01 17:10:00,QQQJ
32.7201,32.7201,32.7201,32.7201,650,2021-06-01 17:11:00,QQQJ
32.7292,32.7292,32.7292,32.7292,168,2021-06-01 17:13:00,QQQJ
32.72,32.72,32.72,32.72,100,2021-06-01 17:14:00,QQQJ
32.7217,32.7399,32.7217,32.7399,1751,2021-06-01 17:16:00,QQQJ
32.7258,32.7258,32.7258,32.7258,363,2021-06-01 17:17:00,QQQJ
32.7101,32.7101,32.7101,32.7101,596,2021-06-01 17:18:00,QQQJ
32.72,32.72,32.72,32.72,163,2021-06-01 17:19:00,QQQJ
32.71,32.71,32.71,32.71,100,2021-06-01 17:20:00,QQQJ
32.71,32.71,32.71,32.71,300,2021-06-01 17:21:00,QQQJ
32.7,32.7,32.7,32.7,200,2021-06-01 17:22:00,QQQJ
32.74,32.74,32.73,32.73,700,2021-06-01 17:28:00,QQQJ
32.73,32.73,32.73,32.73,100,2021-06-01 17:31:00,QQQJ
32.74,32.74,32.74,32.74,100,2021-06-01 17:33:00,QQQJ
32.74,32.74,32.73,32.7305,575,2021-06-01 17:35:00,QQQJ
32.73,32.73,32.73,32.73,500,2021-06-01 17:37:00,QQQJ
32.73,32.73,32.73,32.73,100,2021-06-01 17:38:00,QQQJ
32.74,32.75,32.7264,32.73,1850,2021-06-01 17:39:00,QQQJ
32.7201,32.73,32.7201,32.73,452,2021-06-01 17:40:00,QQQJ
32.7451,32.7451,32.7451,32.7451,180,2021-06-01 17:42:00,QQQJ
32.73,32.73,32.73,32.73,106,2021-06-01 17:43:00,QQQJ
32.77,32.77,32.77,32.77,600,2021-06-01 17:49:00,QQQJ
32.77,32.77,32.77,32.77,500,2021-06-01 17:51:00,QQQJ
32.76,32.7687,32.755,32.7687,327,2021-06-01 17:52:00,QQQJ
32.7698,32.7698,32.7698,32.7698,300,2021-06-01 17:55:00,QQQJ
32.77,32.77,32.77,32.77,200,2021-06-01 17:59:00,QQQJ
32.75,32.75,32.75,32.75,252,2021-06-01 18:00:00,QQQJ
32.76,32.76,32.76,32.76,300,2021-06-01 18:01:00,QQQJ
32.75,32.75,32.75,32.75,610,2021-06-01 18:02:00,QQQJ
32.74,32.74,32.74,32.74,377,2021-06-01 18:04:00,QQQJ
32.73,32.73,32.73,32.73,799,2021-06-01 18:06:00,QQQJ
32.74,32.74,32.74,32.74,350,2021-06-01 18:09:00,QQQJ
32.74,32.74,32.74,32.74,200,2021-06-01 18:10:00,QQQJ
32.74,32.74,32.74,32.74,100,2021-06-01 18:11:00,QQQJ
32.74,32.74,32.73,32.73,267,2021-06-01 18:13:00,QQQJ
32.72,32.72,32.72,32.72,250,2021-06-01 18:15:00,QQQJ
32.7512,32.7512,32.7512,32.7512,305,2021-06-01 18:18:00,QQQJ
32.75,32.75,32.74,32.74,301,2021-06-01 18:19:00,QQQJ
32.7601,32.7635,32.7601,32.7635,831,2021-06-01 18:21:00,QQQJ
32.7538,32.76,32.7538,32.76,1300,2021-06-01 18:22:00,QQQJ
32.76,32.76,32.75,32.76,4751,2021-06-01 18:25:00,QQQJ
32.75,32.75,32.75,32.75,100,2021-06-01 18:26:00,QQQJ
32.76,32.76,32.76,32.76,100,2021-06-01 18:27:00,QQQJ
32.76,32.76,32.76,32.76,300,2021-06-01 18:29:00,QQQJ
32.7501,32.76,32.7501,32.76,1833,2021-06-01 18:30:00,QQQJ
32.765,32.765,32.765,32.765,763,2021-06-01 18:31:00,QQQJ
32.76,32.7712,32.76,32.7712,386,2021-06-01 18:32:00,QQQJ
32.761,32.761,32.76,32.76,400,2021-06-01 18:35:00,QQQJ
32.78,32.78,32.77,32.77,2245,2021-06-01 18:37:00,QQQJ
32.77,32.77,32.77,32.77,100,2021-06-01 18:39:00,QQQJ
32.776,32.8,32.776,32.8,21027,2021-06-01 18:40:00,QQQJ
32.78,32.79,32.78,32.79,200,2021-06-01 18:41:00,QQQJ
32.79,32.79,32.79,32.79,298,2021-06-01 18:42:00,QQQJ
32.8,32.8099,32.7956,32.8099,5228,2021-06-01 18:43:00,QQQJ
32.81,32.82,32.81,32.82,499,2021-06-01 18:44:00,QQQJ
32.81,32.81,32.81,32.81,1525,2021-06-01 18:48:00,QQQJ
32.8,32.8,32.7957,32.7957,423,2021-06-01 18:49:00,QQQJ
32.8,32.8,32.8,32.8,100,2021-06-01 18:50:00,QQQJ
32.79,32.79,32.79,32.79,100,2021-06-01 18:51:00,QQQJ
32.8,32.8,32.795,32.795,900,2021-06-01 18:52:00,QQQJ
32.79,32.79,32.79,32.79,100,2021-06-01 18:53:00,QQQJ
32.8,32.8008,32.8,32.8008,743,2021-06-01 18:54:00,QQQJ
32.8,32.8,32.79,32.79,352,2021-06-01 18:55:00,QQQJ
32.79,32.79,32.79,32.79,100,2021-06-01 18:56:00,QQQJ
32.79,32.795,32.79,32.79,1000,2021-06-01 18:57:00,QQQJ
32.79,32.8,32.79,32.8,200,2021-06-01 18:58:00,QQQJ
32.79,32.79,32.78,32.79,4000,2021-06-01 18:59:00,QQQJ
32.795,32.81,32.795,32.81,300,2021-06-01 19:01:00,QQQJ
32.8,32.809,32.8,32.809,200,2021-06-01 19:02:00,QQQJ
32.81,32.81,32.81,32.81,200,2021-06-01 19:05:00,QQQJ
32.795,32.8,32.7801,32.7801,685,2021-06-01 19:06:00,QQQJ
32.8,32.8,32.7901,32.8,1275,2021-06-01 19:07:00,QQQJ
32.79,32.8,32.79,32.7968,647,2021-06-01 19:08:00,QQQJ
32.7993,32.7993,32.785,32.785,832,2021-06-01 19:09:00,QQQJ
32.79,32.79,32.78,32.78,954,2021-06-01 19:10:00,QQQJ
32.77,32.77,32.77,32.77,100,2021-06-01 19:11:00,QQQJ
32.775,32.775,32.77,32.77,253,2021-06-01 19:12:00,QQQJ
32.78,32.78,32.78,32.78,100,2021-06-01 19:15:00,QQQJ
32.775,32.775,32.775,32.775,152,2021-06-01 19:17:00,QQQJ
32.78,32.78,32.78,32.78,122,2021-06-01 19:18:00,QQQJ
32.77,32.79,32.77,32.79,952,2021-06-01 19:20:00,QQQJ
32.78,32.789,32.78,32.789,710,2021-06-01 19:21:00,QQQJ
32.775,32.775,32.77,32.77,570,2021-06-01 19:25:00,QQQJ
32.766,32.77,32.766,32.77,499,2021-06-01 19:27:00,QQQJ
32.78,32.78,32.78,32.78,150,2021-06-01 19:28:00,QQQJ
32.77,32.77,32.765,32.765,316,2021-06-01 19:29:00,QQQJ
32.76,32.76,32.76,32.76,100,2021-06-01 19:30:00,QQQJ
32.76,32.765,32.76,32.765,600,2021-06-01 19:31:00,QQQJ
32.76,32.76,32.75,32.75,2263,2021-06-01 19:32:00,QQQJ
32.745,32.745,32.74,32.7441,1162,2021-06-01 19:33:00,QQQJ
32.75,32.75,32.7471,32.75,837,2021-06-01 19:35:00,QQQJ
32.74,32.74,32.74,32.74,101,2021-06-01 19:36:00,QQQJ
32.755,32.755,32.75,32.75,431,2021-06-01 19:37:00,QQQJ
32.76,32.76,32.76,32.76,100,2021-06-01 19:38:00,QQQJ
32.7699,32.7699,32.755,32.7575,849,2021-06-01 19:40:00,QQQJ
32.76,32.76,32.76,32.76,200,2021-06-01 19:41:00,QQQJ
32.755,32.7595,32.755,32.7595,10816,2021-06-01 19:42:00,QQQJ
32.755,32.76,32.755,32.76,726,2021-06-01 19:43:00,QQQJ
32.76,32.76,32.76,32.76,1212,2021-06-01 19:45:00,QQQJ
32.7571,32.77,32.7571,32.77,1306,2021-06-01 19:46:00,QQQJ
32.76,32.78,32.76,32.78,417,2021-06-01 19:47:00,QQQJ
32.77,32.78,32.77,32.78,380,2021-06-01 19:49:00,QQQJ
32.77,32.77,32.75,32.75,10849,2021-06-01 19:50:00,QQQJ
32.745,32.749,32.745,32.745,788,2021-06-01 19:51:00,QQQJ
32.745,32.745,32.745,32.745,200,2021-06-01 19:52:00,QQQJ
32.7449,32.75,32.7449,32.75,513,2021-06-01 19:53:00,QQQJ
32.76,32.77,32.76,32.77,1691,2021-06-01 19:54:00,QQQJ
32.75,32.76,32.75,32.755,5150,2021-06-01 19:56:00,QQQJ
32.75,32.755,32.75,32.75,2500,2021-06-01 19:57:00,QQQJ
32.745,32.75,32.74,32.74,40366,2021-06-01 19:58:00,QQQJ
32.74,32.75,32.735,32.74,9601,2021-06-01 19:59:00,QQQJ
32.75,32.75,32.75,32.75,383,2021-06-01 20:00:00,QQQJ
32.5,32.5,32.5,32.5,500,2021-06-02 13:22:00,QQQJ
32.78,32.8,32.691,32.691,23095,2021-06-02 13:30:00,QQQJ
32.7,32.7,32.68,32.68,300,2021-06-02 13:31:00,QQQJ
32.68,32.68,32.68,32.68,100,2021-06-02 13:32:00,QQQJ
32.7,32.7,32.7,32.7,300,2021-06-02 13:34:00,QQQJ
32.705,32.705,32.705,32.705,100,2021-06-02 13:35:00,QQQJ
32.6841,32.6841,32.6841,32.6841,100,2021-06-02 13:36:00,QQQJ
32.68,32.68,32.65,32.65,3955,2021-06-02 13:37:00,QQQJ
32.66,32.66,32.66,32.66,100,2021-06-02 13:38:00,QQQJ
32.669,32.67,32.65,32.67,800,2021-06-02 13:39:00,QQQJ
32.708,32.708,32.708,32.708,100,2021-06-02 13:40:00,QQQJ
32.725,32.73,32.7,32.7,3547,2021-06-02 13:42:00,QQQJ
32.71,32.71,32.71,32.71,100,2021-06-02 13:44:00,QQQJ
32.76,32.76,32.7358,32.7358,3345,2021-06-02 13:45:00,QQQJ
32.7417,32.75,32.7417,32.75,200,2021-06-02 13:46:00,QQQJ
32.744,32.78,32.744,32.78,400,2021-06-02 13:48:00,QQQJ
32.78,32.78,32.78,32.78,300,2021-06-02 13:49:00,QQQJ
32.78,32.79,32.78,32.79,400,2021-06-02 13:50:00,QQQJ
32.7825,32.79,32.7825,32.79,963,2021-06-02 13:51:00,QQQJ
32.8,32.8,32.7927,32.7927,744,2021-06-02 13:52:00,QQQJ
32.81,32.82,32.81,32.82,695,2021-06-02 13:54:00,QQQJ
32.82,32.82,32.79,32.79,900,2021-06-02 13:55:00,QQQJ
32.74,32.74,32.74,32.74,100,2021-06-02 13:56:00,QQQJ
32.7,32.7,32.69,32.69,515,2021-06-02 13:57:00,QQQJ
32.64,32.64,32.64,32.64,305,2021-06-02 14:03:00,QQQJ
32.6701,32.68,32.67,32.68,3900,2021-06-02 14:05:00,QQQJ
32.6477,32.67,32.6477,32.66,469,2021-06-02 14:06:00,QQQJ
32.69,32.69,32.67,32.67,877,2021-06-02 14:07:00,QQQJ
32.71,32.71,32.71,32.71,460,2021-06-02 14:08:00,QQQJ
32.6901,32.6901,32.6901,32.6901,148,2021-06-02 14:10:00,QQQJ
32.69,32.69,32.685,32.685,1217,2021-06-02 14:11:00,QQQJ
32.65,32.6501,32.65,32.65,700,2021-06-02 14:12:00,QQQJ
32.65,32.66,32.65,32.66,3042,2021-06-02 14:15:00,QQQJ
32.67,32.67,32.67,32.67,100,2021-06-02 14:18:00,QQQJ
32.67,32.67,32.67,32.67,150,2021-06-02 14:19:00,QQQJ
32.67,32.67,32.67,32.67,300,2021-06-02 14:20:00,QQQJ
32.66,32.66,32.65,32.65,800,2021-06-02 14:21:00,QQQJ
32.6501,32.6501,32.6501,32.6501,1000,2021-06-02 14:22:00,QQQJ
32.6701,32.682,32.6701,32.682,1000,2021-06-02 14:24:00,QQQJ
32.67,32.6702,32.67,32.6702,700,2021-06-02 14:26:00,QQQJ
32.6822,32.6822,32.6822,32.6822,100,2021-06-02 14:28:00,QQQJ
32.665,32.67,32.665,32.67,1600,2021-06-02 14:30:00,QQQJ
32.67,32.675,32.67,32.675,996,2021-06-02 14:31:00,QQQJ
32.68,32.68,32.68,32.68,100,2021-06-02 14:33:00,QQQJ
32.639,32.64,32.62,32.62,2025,2021-06-02 14:36:00,QQQJ
32.659,32.659,32.65,32.65,607,2021-06-02 14:38:00,QQQJ
32.6501,32.651,32.6501,32.651,570,2021-06-02 14:39:00,QQQJ
32.7,32.7,32.7,32.7,150,2021-06-02 14:41:00,QQQJ
32.7093,32.7093,32.7,32.7,1490,2021-06-02 14:42:00,QQQJ
32.7,32.7,32.7,32.7,250,2021-06-02 14:43:00,QQQJ
32.7,32.702,32.7,32.702,250,2021-06-02 14:45:00,QQQJ
32.7041,32.7041,32.7021,32.7021,751,2021-06-02 14:48:00,QQQJ
32.7,32.7,32.7,32.7,321,2021-06-02 14:50:00,QQQJ
32.7,32.7,32.68,32.68,1091,2021-06-02 14:52:00,QQQJ
32.67,32.67,32.67,32.67,150,2021-06-02 14:53:00,QQQJ
32.67,32.67,32.67,32.67,200,2021-06-02 14:54:00,QQQJ
32.675,32.675,32.67,32.67,460,2021-06-02 14:55:00,QQQJ
32.65,32.65,32.63,32.63,1123,2021-06-02 14:58:00,QQQJ
32.65,32.65,32.65,32.65,100,2021-06-02 14:59:00,QQQJ
32.67,32.69,32.67,32.68,2889,2021-06-02 15:00:00,QQQJ
32.68,32.68,32.68,32.68,200,2021-06-02 15:03:00,QQQJ
32.68,32.69,32.68,32.69,680,2021-06-02 15:04:00,QQQJ
32.69,32.69,32.69,32.69,787,2021-06-02 15:05:00,QQQJ
32.6701,32.6701,32.6701,32.6701,1000,2021-06-02 15:06:00,QQQJ
32.71,32.71,32.71,32.71,100,2021-06-02 15:09:00,QQQJ
32.69,32.69,32.68,32.68,626,2021-06-02 15:10:00,QQQJ
32.7,32.7,32.7,32.7,640,2021-06-02 15:11:00,QQQJ
32.6914,32.7042,32.6914,32.7042,1608,2021-06-02 15:12:00,QQQJ
32.7165,32.7165,32.7165,32.7165,100,2021-06-02 15:13:00,QQQJ
32.705,32.71,32.705,32.71,850,2021-06-02 15:15:00,QQQJ
32.72,32.72,32.71,32.71,2900,2021-06-02 15:16:00,QQQJ
32.6967,32.6967,32.695,32.695,723,2021-06-02 15:17:00,QQQJ
32.6844,32.69,32.6844,32.69,410,2021-06-02 15:21:00,QQQJ
32.6875,32.6875,32.6875,32.6875,300,2021-06-02 15:22:00,QQQJ
32.695,32.695,32.695,32.695,180,2021-06-02 15:23:00,QQQJ
32.7175,32.7175,32.7175,32.7175,200,2021-06-02 15:24:00,QQQJ
32.692,32.692,32.6901,32.6901,2072,2021-06-02 15:25:00,QQQJ
32.7,32.71,32.7,32.71,1235,2021-06-02 15:28:00,QQQJ
32.71,32.71,32.71,32.71,100,2021-06-02 15:30:00,QQQJ
32.7,32.7,32.69,32.69,600,2021-06-02 15:33:00,QQQJ
32.68,32.68,32.68,32.68,456,2021-06-02 15:34:00,QQQJ
32.71,32.71,32.7098,32.7098,300,2021-06-02 15:36:00,QQQJ
32.7175,32.7175,32.7175,32.7175,200,2021-06-02 15:37:00,QQQJ
32.701,32.73,32.701,32.73,443,2021-06-02 15:39:00,QQQJ
32.7375,32.7375,32.7375,32.7375,100,2021-06-02 15:41:00,QQQJ
32.74,32.74,32.73,32.73,200,2021-06-02 15:44:00,QQQJ
32.73,32.73,32.72,32.72,1852,2021-06-02 15:45:00,QQQJ
32.7399,32.7399,32.728,32.728,419,2021-06-02 15:47:00,QQQJ
32.715,32.715,32.715,32.715,100,2021-06-02 15:48:00,QQQJ
32.71,32.71,32.71,32.71,350,2021-06-02 15:49:00,QQQJ
32.71,32.71,32.71,32.71,100,2021-06-02 15:51:00,QQQJ
32.73,32.73,32.73,32.73,100,2021-06-02 15:54:00,QQQJ
32.725,32.725,32.725,32.725,293,2021-06-02 15:56:00,QQQJ
32.7239,32.7239,32.7239,32.7239,260,2021-06-02 15:58:00,QQQJ
32.715,32.715,32.715,32.715,200,2021-06-02 15:59:00,QQQJ
32.715,32.715,32.715,32.715,122,2021-06-02 16:00:00,QQQJ
32.7,32.7021,32.69,32.69,627,2021-06-02 16:01:00,QQQJ
32.7,32.7,32.7,32.7,100,2021-06-02 16:02:00,QQQJ
32.69,32.7,32.69,32.7,3140,2021-06-02 16:04:00,QQQJ
32.7,32.7,32.7,32.7,100,2021-06-02 16:06:00,QQQJ
32.715,32.72,32.7137,32.72,525,2021-06-02 16:09:00,QQQJ
32.72,32.722,32.7198,32.72,800,2021-06-02 16:10:00,QQQJ
32.7101,32.7101,32.7101,32.7101,525,2021-06-02 16:16:00,QQQJ
32.71,32.71,32.71,32.71,180,2021-06-02 16:17:00,QQQJ
32.71,32.7101,32.71,32.7101,456,2021-06-02 16:18:00,QQQJ
32.71,32.71,32.71,32.71,120,2021-06-02 16:19:00,QQQJ
32.6921,32.7,32.6921,32.7,300,2021-06-02 16:21:00,QQQJ
32.6999,32.6999,32.6999,32.6999,106,2021-06-02 16:22:00,QQQJ
32.67,32.67,32.67,32.67,100,2021-06-02 16:26:00,QQQJ
32.67,32.67,32.66,32.66,730,2021-06-02 16:27:00,QQQJ
32.6655,32.67,32.6655,32.67,284,2021-06-02 16:28:00,QQQJ
32.66,32.66,32.66,32.66,200,2021-06-02 16:29:00,QQQJ
32.69,32.69,32.68,32.68,200,2021-06-02 16:31:00,QQQJ
32.685,32.685,32.67,32.67,1051,2021-06-02 16:32:00,QQQJ
32.659,32.66,32.65,32.65,607,2021-06-02 16:34:00,QQQJ
32.64,32.645,32.63,32.63,342,2021-06-02 16:36:00,QQQJ
32.68,32.68,32.67,32.67,900,2021-06-02 16:38:00,QQQJ
32.7,32.7,32.7,32.7,100,2021-06-02 16:41:00,QQQJ
32.7,32.7,32.7,32.7,2000,2021-06-02 16:42:00,QQQJ
32.69,32.69,32.68,32.68,1305,2021-06-02 16:43:00,QQQJ
32.71,32.71,32.71,32.71,100,2021-06-02 16:44:00,QQQJ
32.71,32.71,32.7001,32.7001,200,2021-06-02 16:47:00,QQQJ
32.71,32.71,32.71,32.71,100,2021-06-02 16:48:00,QQQJ
32.72,32.72,32.72,32.72,100,2021-06-02 16:53:00,QQQJ
32.73,32.73,32.7297,32.7297,200,2021-06-02 16:56:00,QQQJ
32.73,32.73,32.73,32.73,100,2021-06-02 16:57:00,QQQJ
32.722,32.722,32.722,32.722,120,2021-06-02 16:59:00,QQQJ
32.734,32.734,32.734,32.734,100,2021-06-02 17:00:00,QQQJ
32.7241,32.7241,32.7241,32.7241,266,2021-06-02 17:01:00,QQQJ
32.734,32.734,32.734,32.734,200,2021-06-02 17:04:00,QQQJ
32.73,32.74,32.73,32.74,200,2021-06-02 17:06:00,QQQJ
32.74,32.75,32.74,32.7475,600,2021-06-02 17:08:00,QQQJ
32.74,32.74,32.73,32.73,506,2021-06-02 17:09:00,QQQJ
32.73,32.74,32.73,32.74,1350,2021-06-02 17:10:00,QQQJ
32.7301,32.7301,32.7301,32.7301,100,2021-06-02 17:11:00,QQQJ
32.74,32.74,32.74,32.74,200,2021-06-02 17:12:00,QQQJ
32.7366,32.739,32.7366,32.739,990,2021-06-02 17:13:00,QQQJ
32.71,32.71,32.71,32.71,300,2021-06-02 17:14:00,QQQJ
32.7148,32.7148,32.71,32.71,451,2021-06-02 17:15:00,QQQJ
32.705,32.705,32.705,32.705,100,2021-06-02 17:16:00,QQQJ
32.7,32.7002,32.7,32.7002,400,2021-06-02 17:19:00,QQQJ
32.705,32.709,32.7,32.7,469,2021-06-02 17:20:00,QQQJ
32.7,32.7,32.7,32.7,100,2021-06-02 17:21:00,QQQJ
32.67,32.67,32.67,32.67,304,2021-06-02 17:22:00,QQQJ
32.65,32.65,32.645,32.645,200,2021-06-02 17:23:00,QQQJ
32.64,32.65,32.6398,32.64,700,2021-06-02 17:24:00,QQQJ
32.63,32.63,32.63,32.63,165,2021-06-02 17:25:00,QQQJ
32.6434,32.6434,32.6434,32.6434,300,2021-06-02 17:26:00,QQQJ
32.66,32.66,32.6501,32.6501,2390,2021-06-02 17:29:00,QQQJ
32.65,32.67,32.65,32.6525,22735,2021-06-02 17:30:00,QQQJ
32.69,32.69,32.67,32.67,200,2021-06-02 17:31:00,QQQJ
32.69,32.69,32.6835,32.69,1700,2021-06-02 17:35:00,QQQJ
32.69,32.69,32.68,32.68,2000,2021-06-02 17:36:00,QQQJ
32.68,32.68,32.68,32.68,100,2021-06-02 17:37:00,QQQJ
32.68,32.68,32.67,32.67,7436,2021-06-02 17:38:00,QQQJ
32.665,32.665,32.665,32.665,366,2021-06-02 17:39:00,QQQJ
32.645,32.645,32.645,32.645,450,2021-06-02 17:41:00,QQQJ
32.6499,32.6499,32.64,32.64,700,2021-06-02 17:42:00,QQQJ
32.65,32.65,32.65,32.65,300,2021-06-02 17:46:00,QQQJ
32.62,32.62,32.62,32.62,100,2021-06-02 17:47:00,QQQJ
32.612,32.6199,32.6,32.6,1025,2021-06-02 17:48:00,QQQJ
32.6,32.6,32.6,32.6,345,2021-06-02 17:49:00,QQQJ
32.634,32.635,32.634,32.635,384,2021-06-02 17:51:00,QQQJ
32.64,32.64,32.64,32.64,198,2021-06-02 17:53:00,QQQJ
32.65,32.65,32.65,32.65,200,2021-06-02 17:54:00,QQQJ
32.6517,32.6517,32.6517,32.6517,766,2021-06-02 17:56:00,QQQJ
32.65,32.65,32.64,32.64,400,2021-06-02 17:57:00,QQQJ
32.63,32.6484,32.63,32.645,1119,2021-06-02 17:58:00,QQQJ
32.64,32.64,32.64,32.64,265,2021-06-02 17:59:00,QQQJ
32.655,32.655,32.655,32.655,100,2021-06-02 18:00:00,QQQJ
32.6599,32.6599,32.6599,32.6599,315,2021-06-02 18:02:00,QQQJ
32.66,32.66,32.66,32.66,100,2021-06-02 18:04:00,QQQJ
32.65,32.65,32.65,32.65,100,2021-06-02 18:06:00,QQQJ
32.6575,32.6575,32.6575,32.6575,100,2021-06-02 18:07:00,QQQJ
32.665,32.665,32.665,32.665,1100,2021-06-02 18:09:00,QQQJ
32.6359,32.6359,32.6359,32.6359,245,2021-06-02 18:10:00,QQQJ
32.615,32.615,32.615,32.615,732,2021-06-02 18:12:00,QQQJ
32.615,32.615,32.615,32.615,100,2021-06-02 18:13:00,QQQJ
32.6,32.6,32.6,32.6,1379,2021-06-02 18:14:00,QQQJ
32.59,32.59,32.59,32.59,500,2021-06-02 18:15:00,QQQJ
32.64,32.64,32.62,32.64,400,2021-06-02 18:16:00,QQQJ
32.64,32.64,32.64,32.64,335,2021-06-02 18:17:00,QQQJ
32.631,32.635,32.631,32.635,900,2021-06-02 18:18:00,QQQJ
32.63,32.63,32.63,32.63,100,2021-06-02 18:19:00,QQQJ
32.63,32.64,32.63,32.64,200,2021-06-02 18:20:00,QQQJ
32.63,32.63,32.63,32.63,100,2021-06-02 18:21:00,QQQJ
32.635,32.635,32.635,32.635,100,2021-06-02 18:22:00,QQQJ
32.64,32.66,32.64,32.66,2052,2021-06-02 18:23:00,QQQJ
32.66,32.66,32.66,32.66,100,2021-06-02 18:25:00,QQQJ
32.65,32.65,32.6401,32.6401,1100,2021-06-02 18:26:00,QQQJ
32.65,32.66,32.65,32.66,6134,2021-06-02 18:28:00,QQQJ
32.6598,32.6598,32.6598,32.6598,211,2021-06-02 18:29:00,QQQJ
32.67,32.67,32.67,32.67,211,2021-06-02 18:31:00,QQQJ
32.6621,32.6621,32.6621,32.6621,100,2021-06-02 18:33:00,QQQJ
32.6563,32.6563,32.6563,32.6563,650,2021-06-02 18:35:00,QQQJ
32.66,32.6675,32.66,32.665,1168,2021-06-02 18:39:00,QQQJ
32.67,32.67,32.6641,32.6641,2245,2021-06-02 18:40:00,QQQJ
32.6627,32.6627,32.6627,32.6627,103,2021-06-02 18:41:00,QQQJ
32.68,32.68,32.68,32.68,100,2021-06-02 18:43:00,QQQJ
32.68,32.68,32.68,32.68,100,2021-06-02 18:44:00,QQQJ
32.68,32.68,32.67,32.67,300,2021-06-02 18:45:00,QQQJ
32.6599,32.6599,32.65,32.65,2168,2021-06-02 18:50:00,QQQJ
32.665,32.665,32.665,32.665,100,2021-06-02 18:52:00,QQQJ
32.67,32.675,32.66,32.66,1401,2021-06-02 18:54:00,QQQJ
32.6621,32.6621,32.6621,32.6621,162,2021-06-02 18:55:00,QQQJ
32.675,32.675,32.67,32.67,200,2021-06-02 18:57:00,QQQJ
32.66,32.66,32.66,32.66,100,2021-06-02 18:58:00,QQQJ
32.665,32.665,32.665,32.665,130,2021-06-02 18:59:00,QQQJ
32.665,32.68,32.665,32.68,749,2021-06-02 19:00:00,QQQJ
32.67,32.67,32.67,32.67,200,2021-06-02 19:01:00,QQQJ
32.665,32.6712,32.66,32.6712,4936,2021-06-02 19:02:00,QQQJ
32.6774,32.6774,32.6774,32.6774,2000,2021-06-02 19:03:00,QQQJ
32.6701,32.68,32.6701,32.68,300,2021-06-02 19:06:00,QQQJ
32.69,32.69,32.68,32.6875,1025,2021-06-02 19:07:00,QQQJ
32.68,32.68,32.68,32.68,250,2021-06-02 19:08:00,QQQJ
32.695,32.695,32.695,32.695,200,2021-06-02 19:12:00,QQQJ
32.69,32.69,32.69,32.69,500,2021-06-02 19:14:00,QQQJ
32.685,32.69,32.676,32.68,9492,2021-06-02 19:15:00,QQQJ
32.68,32.685,32.68,32.685,1143,2021-06-02 19:16:00,QQQJ
32.6899,32.6899,32.6899,32.6899,795,2021-06-02 19:17:00,QQQJ
32.69,32.69,32.6886,32.6886,904,2021-06-02 19:18:00,QQQJ
32.69,32.69,32.6827,32.6827,514,2021-06-02 19:19:00,QQQJ
32.68,32.68,32.68,32.68,100,2021-06-02 19:23:00,QQQJ
32.675,32.689,32.675,32.675,530,2021-06-02 19:25:00,QQQJ
32.6778,32.6778,32.6778,32.6778,184,2021-06-02 19:26:00,QQQJ
32.68,32.68,32.675,32.675,700,2021-06-02 19:28:00,QQQJ
32.67,32.67,32.67,32.67,650,2021-06-02 19:29:00,QQQJ
32.6799,32.6799,32.67,32.675,900,2021-06-02 19:31:00,QQQJ
32.68,32.68,32.68,32.68,104,2021-06-02 19:33:00,QQQJ
32.68,32.68,32.67,32.67,300,2021-06-02 19:34:00,QQQJ
32.661,32.67,32.66,32.66,7861,2021-06-02 19:35:00,QQQJ
32.65,32.6601,32.65,32.6601,230,2021-06-02 19:36:00,QQQJ
32.675,32.675,32.675,32.675,100,2021-06-02 19:38:00,QQQJ
32.68,32.68,32.68,32.68,1076,2021-06-02 19:39:00,QQQJ
32.675,32.675,32.675,32.675,200,2021-06-02 19:40:00,QQQJ
32.68,32.68,32.68,32.68,550,2021-06-02 19:41:00,QQQJ
32.685,32.685,32.685,32.685,200,2021-06-02 19:42:00,QQQJ
32.689,32.69,32.6801,32.69,2351,2021-06-02 19:43:00,QQQJ
32.69,32.6901,32.69,32.6901,400,2021-06-02 19:44:00,QQQJ
32.69,32.7,32.69,32.6999,498,2021-06-02 19:45:00,QQQJ
32.69,32.6905,32.69,32.6905,5300,2021-06-02 19:46:00,QQQJ
32.6975,32.7,32.6942,32.6942,2650,2021-06-02 19:47:00,QQQJ
32.705,32.705,32.705,32.705,594,2021-06-02 19:48:00,QQQJ
32.71,32.71,32.7001,32.7001,3294,2021-06-02 19:49:00,QQQJ
32.72,32.72,32.7199,32.72,1094,2021-06-02 19:50:00,QQQJ
32.7275,32.7275,32.69,32.69,300,2021-06-02 19:51:00,QQQJ
32.68,32.6925,32.68,32.6925,670,2021-06-02 19:53:00,QQQJ
32.7,32.7,32.7,32.7,200,2021-06-02 19:54:00,QQQJ
32.69,32.69,32.69,32.69,132,2021-06-02 19:55:00,QQQJ
32.68,32.68,32.67,32.67,20988,2021-06-02 19:56:00,QQQJ
32.6804,32.6804,32.6804,32.6804,794,2021-06-02 19:58:00,QQQJ
32.685,32.6999,32.685,32.69,4306,2021-06-02 19:59:00,QQQJ
32.69,32.69,32.69,32.69,290,2021-06-02 20:00:00,QQQJ
32.3001,32.3001,32.3001,32.3001,100,2021-06-02 23:26:00,QQQJ
32.5,32.5,32.5,32.5,900,2021-06-03 11:31:00,QQQJ
32.5,32.5,32.41,32.43,17158,2021-06-03 13:30:00,QQQJ
32.45,32.45,32.45,32.45,800,2021-06-03 13:31:00,QQQJ
32.44,32.44,32.41,32.41,470,2021-06-03 13:32:00,QQQJ
32.4579,32.4579,32.4579,32.4579,478,2021-06-03 13:33:00,QQQJ
32.5,32.5,32.49,32.49,1807,2021-06-03 13:34:00,QQQJ
32.4772,32.4772,32.47,32.47,244,2021-06-03 13:35:00,QQQJ
32.4689,32.4689,32.45,32.45,973,2021-06-03 13:36:00,QQQJ
32.41,32.416,32.375,32.375,3365,2021-06-03 13:37:00,QQQJ
32.36,32.37,32.32,32.32,1120,2021-06-03 13:38:00,QQQJ
32.31,32.3115,32.3,32.3099,2054,2021-06-03 13:39:00,QQQJ
32.27,32.29,32.27,32.29,200,2021-06-03 13:40:00,QQQJ
32.28,32.28,32.24,32.24,300,2021-06-03 13:41:00,QQQJ
32.2,32.2,32.2,32.2,100,2021-06-03 13:42:00,QQQJ
32.19,32.19,32.1501,32.1501,3550,2021-06-03 13:43:00,QQQJ
32.1656,32.1656,32.15,32.15,1780,2021-06-03 13:44:00,QQQJ
32.13,32.16,32.13,32.16,2180,2021-06-03 13:45:00,QQQJ
32.19,32.19,32.19,32.19,200,2021-06-03 13:46:00,QQQJ
32.197,32.2,32.197,32.2,900,2021-06-03 13:47:00,QQQJ
32.16,32.16,32.11,32.11,1000,2021-06-03 13:49:00,QQQJ
32.1,32.115,32.1,32.115,400,2021-06-03 13:50:00,QQQJ
32.1,32.12,32.095,32.12,2070,2021-06-03 13:51:00,QQQJ
32.12,32.16,32.12,32.16,347,2021-06-03 13:52:00,QQQJ
32.1433,32.1433,32.1205,32.1205,3376,2021-06-03 13:53:00,QQQJ
32.13,32.19,32.13,32.175,4395,2021-06-03 13:54:00,QQQJ
32.18,32.18,32.18,32.18,140,2021-06-03 13:55:00,QQQJ
32.2153,32.2153,32.2153,32.2153,434,2021-06-03 13:56:00,QQQJ
32.21,32.21,32.21,32.21,350,2021-06-03 13:57:00,QQQJ
32.2,32.2,32.2,32.2,100,2021-06-03 13:58:00,QQQJ
32.22,32.22,32.22,32.22,270,2021-06-03 14:01:00,QQQJ
32.23,32.24,32.23,32.24,400,2021-06-03 14:02:00,QQQJ
32.238,32.238,32.2355,32.2355,200,2021-06-03 14:03:00,QQQJ
32.245,32.252,32.245,32.252,268,2021-06-03 14:04:00,QQQJ
32.2617,32.2617,32.25,32.25,223,2021-06-03 14:05:00,QQQJ
32.26,32.26,32.26,32.26,100,2021-06-03 14:06:00,QQQJ
32.23,32.23,32.21,32.21,350,2021-06-03 14:07:00,QQQJ
32.219,32.219,32.219,32.219,100,2021-06-03 14:08:00,QQQJ
32.2303,32.29,32.2303,32.27,618,2021-06-03 14:09:00,QQQJ
32.28,32.28,32.28,32.28,100,2021-06-03 14:10:00,QQQJ
32.27,32.27,32.27,32.27,559,2021-06-03 14:12:00,QQQJ
32.28,32.288,32.2799,32.288,1298,2021-06-03 14:13:00,QQQJ
32.29,32.29,32.2899,32.2899,800,2021-06-03 14:14:00,QQQJ
32.27,32.27,32.27,32.27,100,2021-06-03 14:15:00,QQQJ
32.238,32.238,32.238,32.238,375,2021-06-03 14:16:00,QQQJ
32.23,32.23,32.22,32.22,400,2021-06-03 14:17:00,QQQJ
32.25,32.25,32.25,32.25,1000,2021-06-03 14:20:00,QQQJ
32.2938,32.308,32.2938,32.308,1180,2021-06-03 14:22:00,QQQJ
32.3075,32.3075,32.3075,32.3075,1080,2021-06-03 14:24:00,QQQJ
32.29,32.302,32.29,32.302,1000,2021-06-03 14:25:00,QQQJ
32.29,32.29,32.29,32.29,120,2021-06-03 14:27:00,QQQJ
32.319,32.319,32.319,32.319,125,2021-06-03 14:31:00,QQQJ
32.35,32.35,32.34,32.3433,770,2021-06-03 14:34:00,QQQJ
32.35,32.35,32.35,32.35,150,2021-06-03 14:35:00,QQQJ
32.3479,32.35,32.34,32.35,586,2021-06-03 14:36:00,QQQJ
32.337,32.337,32.33,32.33,897,2021-06-03 14:37:00,QQQJ
32.32,32.32,32.32,32.32,300,2021-06-03 14:38:00,QQQJ
32.31,32.31,32.31,32.31,370,2021-06-03 14:39:00,QQQJ
32.292,32.3,32.292,32.3,1000,2021-06-03 14:41:00,QQQJ
32.33,32.38,32.33,32.37,608,2021-06-03 14:47:00,QQQJ
32.3799,32.38,32.374,32.374,1115,2021-06-03 14:48:00,QQQJ
32.42,32.42,32.42,32.42,2764,2021-06-03 14:49:00,QQQJ
32.43,32.43,32.43,32.43,100,2021-06-03 14:50:00,QQQJ
32.42,32.43,32.42,32.43,253,2021-06-03 14:51:00,QQQJ
32.4,32.42,32.4,32.42,2495,2021-06-03 14:52:00,QQQJ
32.41,32.42,32.41,32.42,400,2021-06-03 14:53:00,QQQJ
32.41,32.41,32.41,32.41,155,2021-06-03 14:55:00,QQQJ
32.43,32.45,32.4204,32.45,2065,2021-06-03 14:56:00,QQQJ
32.43,32.43,32.42,32.43,1173,2021-06-03 14:57:00,QQQJ
32.45,32.46,32.45,32.46,200,2021-06-03 14:59:00,QQQJ
32.45,32.45,32.45,32.45,100,2021-06-03 15:01:00,QQQJ
32.4499,32.45,32.4499,32.45,1304,2021-06-03 15:02:00,QQQJ
32.4533,32.4599,32.45,32.4599,1835,2021-06-03 15:03:00,QQQJ
32.44,32.45,32.44,32.45,517,2021-06-03 15:04:00,QQQJ
32.43,32.43,32.43,32.43,200,2021-06-03 15:05:00,QQQJ
32.44,32.45,32.44,32.45,417,2021-06-03 15:06:00,QQQJ
32.4465,32.46,32.4465,32.46,317,2021-06-03 15:07:00,QQQJ
32.445,32.445,32.435,32.435,600,2021-06-03 15:08:00,QQQJ
32.43,32.43,32.43,32.43,200,2021-06-03 15:09:00,QQQJ
32.41,32.41,32.41,32.41,200,2021-06-03 15:10:00,QQQJ
32.3999,32.3999,32.3999,32.3999,296,2021-06-03 15:11:00,QQQJ
32.39,32.39,32.39,32.39,800,2021-06-03 15:13:00,QQQJ
32.39,32.39,32.39,32.39,200,2021-06-03 15:15:00,QQQJ
32.348,32.348,32.3358,32.3358,200,2021-06-03 15:16:00,QQQJ
32.35,32.35,32.33,32.33,201,2021-06-03 15:17:00,QQQJ
32.34,32.34,32.34,32.34,500,2021-06-03 15:18:00,QQQJ
32.335,32.335,32.335,32.335,150,2021-06-03 15:19:00,QQQJ
32.335,32.3351,32.33,32.33,554,2021-06-03 15:20:00,QQQJ
32.34,32.347,32.34,32.34,1044,2021-06-03 15:22:00,QQQJ
32.34,32.35,32.34,32.3499,8656,2021-06-03 15:23:00,QQQJ
32.3552,32.3552,32.34,32.34,546,2021-06-03 15:24:00,QQQJ
32.34,32.34,32.34,32.34,100,2021-06-03 15:26:00,QQQJ
32.32,32.32,32.32,32.32,100,2021-06-03 15:27:00,QQQJ
32.3172,32.3172,32.3172,32.3172,462,2021-06-03 15:28:00,QQQJ
32.36,32.36,32.35,32.35,200,2021-06-03 15:29:00,QQQJ
32.3235,32.33,32.3163,32.3163,393,2021-06-03 15:30:00,QQQJ
32.32,32.32,32.32,32.32,200,2021-06-03 15:32:00,QQQJ
32.32,32.32,32.32,32.32,705,2021-06-03 15:33:00,QQQJ
32.315,32.3165,32.315,32.3165,850,2021-06-03 15:35:00,QQQJ
32.315,32.34,32.315,32.3399,768,2021-06-03 15:36:00,QQQJ
32.34,32.34,32.3201,32.3201,2520,2021-06-03 15:38:00,QQQJ
32.31,32.31,32.31,32.31,299,2021-06-03 15:41:00,QQQJ
32.31,32.31,32.31,32.31,100,2021-06-03 15:44:00,QQQJ
32.32,32.32,32.31,32.31,3499,2021-06-03 15:45:00,QQQJ
32.295,32.295,32.295,32.295,184,2021-06-03 15:47:00,QQQJ
32.28,32.28,32.28,32.28,200,2021-06-03 15:48:00,QQQJ
32.27,32.27,32.27,32.27,200,2021-06-03 15:49:00,QQQJ
32.27,32.27,32.27,32.27,175,2021-06-03 15:50:00,QQQJ
32.2641,32.2641,32.2641,32.2641,544,2021-06-03 15:51:00,QQQJ
32.25,32.25,32.2499,32.2499,591,2021-06-03 15:52:00,QQQJ
32.255,32.255,32.25,32.25,1100,2021-06-03 15:56:00,QQQJ
32.29,32.29,32.28,32.28,1116,2021-06-03 15:58:00,QQQJ
32.3,32.3,32.3,32.3,250,2021-06-03 15:59:00,QQQJ
32.32,32.32,32.31,32.31,1240,2021-06-03 16:00:00,QQQJ
32.32,32.32,32.32,32.32,150,2021-06-03 16:02:00,QQQJ
32.3255,32.3255,32.3255,32.3255,130,2021-06-03 16:03:00,QQQJ
32.3228,32.3228,32.32,32.32,300,2021-06-03 16:04:00,QQQJ
32.33,32.33,32.315,32.315,905,2021-06-03 16:05:00,QQQJ
32.315,32.315,32.315,32.315,150,2021-06-03 16:06:00,QQQJ
32.34,32.34,32.34,32.34,300,2021-06-03 16:09:00,QQQJ
32.32,32.3225,32.32,32.3225,463,2021-06-03 16:12:00,QQQJ
32.33,32.33,32.33,32.33,170,2021-06-03 16:13:00,QQQJ
32.32,32.32,32.32,32.32,100,2021-06-03 16:14:00,QQQJ
32.3,32.3,32.3,32.3,1053,2021-06-03 16:16:00,QQQJ
32.282,32.282,32.281,32.281,412,2021-06-03 16:18:00,QQQJ
32.285,32.285,32.28,32.28,2500,2021-06-03 16:20:00,QQQJ
32.2881,32.29,32.2881,32.29,910,2021-06-03 16:23:00,QQQJ
32.2899,32.2899,32.2899,32.2899,1000,2021-06-03 16:24:00,QQQJ
32.288,32.288,32.288,32.288,513,2021-06-03 16:25:00,QQQJ
32.3,32.3,32.3,32.3,100,2021-06-03 16:26:00,QQQJ
32.32,32.32,32.32,32.32,429,2021-06-03 16:28:00,QQQJ
32.33,32.33,32.3287,32.3287,500,2021-06-03 16:29:00,QQQJ
32.31,32.31,32.31,32.31,200,2021-06-03 16:30:00,QQQJ
32.31,32.31,32.3,32.3,300,2021-06-03 16:31:00,QQQJ
32.31,32.31,32.31,32.31,125,2021-06-03 16:32:00,QQQJ
32.3126,32.3126,32.3126,32.3126,133,2021-06-03 16:33:00,QQQJ
32.3142,32.3142,32.31,32.31,908,2021-06-03 16:35:00,QQQJ
32.3,32.3,32.3,32.3,310,2021-06-03 16:36:00,QQQJ
32.311,32.311,32.31,32.31,1579,2021-06-03 16:37:00,QQQJ
32.32,32.32,32.32,32.32,400,2021-06-03 16:38:00,QQQJ
32.33,32.33,32.33,32.33,100,2021-06-03 16:39:00,QQQJ
32.34,32.34,32.34,32.34,410,2021-06-03 16:41:00,QQQJ
32.345,32.345,32.3399,32.3399,5831,2021-06-03 16:42:00,QQQJ
32.334,32.3457,32.331,32.331,1630,2021-06-03 16:44:00,QQQJ
32.35,32.35,32.35,32.35,100,2021-06-03 16:45:00,QQQJ
32.3401,32.3401,32.3401,32.3401,200,2021-06-03 16:46:00,QQQJ
32.3348,32.34,32.3348,32.34,410,2021-06-03 16:47:00,QQQJ
32.324,32.327,32.324,32.327,487,2021-06-03 16:48:00,QQQJ
32.33,32.34,32.33,32.34,936,2021-06-03 16:49:00,QQQJ
32.32,32.33,32.32,32.32,754,2021-06-03 16:52:00,QQQJ
32.32,32.32,32.31,32.31,1354,2021-06-03 16:53:00,QQQJ
32.31,32.31,32.31,32.31,650,2021-06-03 16:54:00,QQQJ
32.335,32.335,32.335,32.335,250,2021-06-03 16:58:00,QQQJ
32.33,32.33,32.33,32.33,162,2021-06-03 17:01:00,QQQJ
32.35,32.35,32.35,32.35,1000,2021-06-03 17:02:00,QQQJ
32.36,32.36,32.354,32.359,1400,2021-06-03 17:03:00,QQQJ
32.34,32.34,32.34,32.34,500,2021-06-03 17:05:00,QQQJ
32.33,32.33,32.33,32.33,1200,2021-06-03 17:08:00,QQQJ
32.3,32.3,32.3,32.3,2100,2021-06-03 17:09:00,QQQJ
32.34,32.34,32.33,32.33,200,2021-06-03 17:10:00,QQQJ
32.3346,32.3346,32.3346,32.3346,777,2021-06-03 17:14:00,QQQJ
32.35,32.35,32.35,32.35,100,2021-06-03 17:17:00,QQQJ
32.345,32.345,32.345,32.345,200,2021-06-03 17:20:00,QQQJ
32.36,32.36,32.3563,32.3563,200,2021-06-03 17:21:00,QQQJ
32.35,32.35,32.35,32.35,800,2021-06-03 17:23:00,QQQJ
32.37,32.37,32.37,32.37,300,2021-06-03 17:25:00,QQQJ
32.36,32.36,32.35,32.35,200,2021-06-03 17:26:00,QQQJ
32.385,32.385,32.385,32.385,123,2021-06-03 17:29:00,QQQJ
32.389,32.3899,32.3875,32.3899,300,2021-06-03 17:30:00,QQQJ
32.39,32.39,32.39,32.39,126,2021-06-03 17:31:00,QQQJ
32.39,32.39,32.39,32.39,100,2021-06-03 17:32:00,QQQJ
32.3727,32.38,32.37,32.37,1200,2021-06-03 17:34:00,QQQJ
32.373,32.375,32.373,32.375,1418,2021-06-03 17:35:00,QQQJ
32.37,32.37,32.37,32.37,170,2021-06-03 17:36:00,QQQJ
32.37,32.37,32.37,32.37,100,2021-06-03 17:38:00,QQQJ
32.3699,32.3699,32.3699,32.3699,521,2021-06-03 17:40:00,QQQJ
32.38,32.38,32.38,32.38,440,2021-06-03 17:41:00,QQQJ
32.38,32.39,32.38,32.39,403,2021-06-03 17:42:00,QQQJ
32.37,32.37,32.37,32.37,100,2021-06-03 17:43:00,QQQJ
32.38,32.38,32.38,32.38,300,2021-06-03 17:46:00,QQQJ
32.3314,32.3314,32.3314,32.3314,133,2021-06-03 17:49:00,QQQJ
32.355,32.38,32.355,32.38,400,2021-06-03 17:52:00,QQQJ
32.364,32.37,32.36,32.36,603,2021-06-03 17:53:00,QQQJ
32.36,32.36,32.36,32.36,155,2021-06-03 17:55:00,QQQJ
32.35,32.35,32.35,32.35,200,2021-06-03 18:01:00,QQQJ
32.365,32.38,32.365,32.38,521,2021-06-03 18:03:00,QQQJ
32.38,32.38,32.38,32.38,400,2021-06-03 18:05:00,QQQJ
32.39,32.3941,32.385,32.3941,1127,2021-06-03 18:06:00,QQQJ
32.38,32.38,32.38,32.38,100,2021-06-03 18:07:00,QQQJ
32.39,32.39,32.39,32.39,100,2021-06-03 18:09:00,QQQJ
32.385,32.385,32.37,32.37,1250,2021-06-03 18:10:00,QQQJ
32.36,32.36,32.34,32.34,1228,2021-06-03 18:15:00,QQQJ
32.34,32.34,32.34,32.34,100,2021-06-03 18:16:00,QQQJ
32.33,32.3361,32.33,32.3361,472,2021-06-03 18:18:00,QQQJ
32.33,32.33,32.33,32.33,287,2021-06-03 18:19:00,QQQJ
32.3427,32.3427,32.3427,32.3427,326,2021-06-03 18:20:00,QQQJ
32.34,32.34,32.33,32.33,575,2021-06-03 18:21:00,QQQJ
32.33,32.33,32.33,32.33,1147,2021-06-03 18:22:00,QQQJ
32.3399,32.3399,32.32,32.32,1100,2021-06-03 18:23:00,QQQJ
32.33,32.33,32.33,32.33,100,2021-06-03 18:24:00,QQQJ
32.32,32.32,32.32,32.32,1013,2021-06-03 18:25:00,QQQJ
32.35,32.35,32.3497,32.3497,200,2021-06-03 18:28:00,QQQJ
32.34,32.34,32.335,32.335,500,2021-06-03 18:29:00,QQQJ
32.3413,32.3413,32.3413,32.3413,519,2021-06-03 18:30:00,QQQJ
32.3519,32.3519,32.3519,32.3519,400,2021-06-03 18:31:00,QQQJ
32.3518,32.36,32.3518,32.36,511,2021-06-03 18:32:00,QQQJ
32.3501,32.3501,32.35,32.35,300,2021-06-03 18:33:00,QQQJ
32.344,32.344,32.33,32.33,352,2021-06-03 18:34:00,QQQJ
32.35,32.35,32.35,32.35,421,2021-06-03 18:35:00,QQQJ
32.3299,32.3299,32.3299,32.3299,179,2021-06-03 18:36:00,QQQJ
32.32,32.32,32.32,32.32,1000,2021-06-03 18:37:00,QQQJ
32.33,32.3323,32.3258,32.3323,904,2021-06-03 18:38:00,QQQJ
32.3,32.31,32.3,32.31,904,2021-06-03 18:39:00,QQQJ
32.3098,32.3098,32.3098,32.3098,200,2021-06-03 18:40:00,QQQJ
32.3,32.3,32.3,32.3,100,2021-06-03 18:41:00,QQQJ
32.317,32.32,32.315,32.315,1257,2021-06-03 18:43:00,QQQJ
32.32,32.32,32.31,32.315,601,2021-06-03 18:44:00,QQQJ
32.315,32.32,32.315,32.32,429,2021-06-03 18:45:00,QQQJ
32.32,32.32,32.31,32.31,746,2021-06-03 18:46:00,QQQJ
32.3001,32.3001,32.3001,32.3001,400,2021-06-03 18:47:00,QQQJ
32.3036,32.305,32.3036,32.305,379,2021-06-03 18:52:00,QQQJ
32.295,32.295,32.285,32.285,353,2021-06-03 18:59:00,QQQJ
32.3,32.305,32.29,32.305,1711,2021-06-03 19:00:00,QQQJ
32.34,32.34,32.34,32.34,500,2021-06-03 19:01:00,QQQJ
32.33,32.34,32.33,32.34,255,2021-06-03 19:02:00,QQQJ
32.32,32.33,32.32,32.32,4261,2021-06-03 19:03:00,QQQJ
32.31,32.31,32.31,32.31,250,2021-06-03 19:04:00,QQQJ
32.32,32.32,32.32,32.32,1691,2021-06-03 19:09:00,QQQJ
32.3075,32.32,32.3075,32.32,1645,2021-06-03 19:11:00,QQQJ
32.335,32.335,32.335,32.335,465,2021-06-03 19:13:00,QQQJ
32.316,32.316,32.316,32.316,500,2021-06-03 19:16:00,QQQJ
32.31,32.31,32.31,32.31,100,2021-06-03 19:19:00,QQQJ
32.3,32.3041,32.3,32.3,1261,2021-06-03 19:22:00,QQQJ
32.305,32.305,32.305,32.305,100,2021-06-03 19:24:00,QQQJ
32.31,32.31,32.31,32.31,100,2021-06-03 19:25:00,QQQJ
32.3,32.3,32.295,32.3,1160,2021-06-03 19:28:00,QQQJ
32.33,32.33,32.33,32.33,115,2021-06-03 19:30:00,QQQJ
32.32,32.33,32.32,32.33,900,2021-06-03 19:31:00,QQQJ
32.34,32.35,32.331,32.331,1200,2021-06-03 19:32:00,QQQJ
32.34,32.3498,32.3373,32.34,850,2021-06-03 19:33:00,QQQJ
32.34,32.34,32.33,32.33,1000,2021-06-03 19:34:00,QQQJ
32.33,32.33,32.33,32.33,400,2021-06-03 19:35:00,QQQJ
32.32,32.32,32.315,32.315,350,2021-06-03 19:36:00,QQQJ
32.33,32.33,32.33,32.33,100,2021-06-03 19:37:00,QQQJ
32.3201,32.3398,32.3201,32.3398,1770,2021-06-03 19:38:00,QQQJ
32.33,32.33,32.33,32.33,100,2021-06-03 19:39:00,QQQJ
32.32,32.32,32.32,32.32,254,2021-06-03 19:41:00,QQQJ
32.29,32.29,32.29,32.29,100,2021-06-03 19:43:00,QQQJ
32.3,32.3,32.3,32.3,135,2021-06-03 19:44:00,QQQJ
32.29,32.29,32.28,32.29,800,2021-06-03 19:45:00,QQQJ
32.285,32.285,32.27,32.27,410,2021-06-03 19:46:00,QQQJ
32.27,32.275,32.263,32.27,2788,2021-06-03 19:47:00,QQQJ
32.29,32.29,32.29,32.29,150,2021-06-03 19:49:00,QQQJ
32.3,32.3,32.3,32.3,1008,2021-06-03 19:50:00,QQQJ
32.285,32.29,32.2801,32.29,379,2021-06-03 19:51:00,QQQJ
32.28,32.28,32.27,32.27,200,2021-06-03 19:55:00,QQQJ
32.2799,32.2799,32.2799,32.2799,500,2021-06-03 19:56:00,QQQJ
32.28,32.29,32.28,32.289,8426,2021-06-03 19:57:00,QQQJ
32.28,32.28,32.28,32.28,223,2021-06-03 19:58:00,QQQJ
32.275,32.28,32.26,32.26,4205,2021-06-03 19:59:00,QQQJ
32.31,32.31,32.31,32.31,633,2021-06-03 20:00:00,QQQJ
32.25,32.25,32.25,32.25,367,2021-06-04 12:13:00,QQQJ
32.1168,32.1168,32.1168,32.1168,220,2021-06-04 12:58:00,QQQJ
32.5,32.5,32.5,32.5,100,2021-06-04 13:17:00,QQQJ
32.45,32.49,32.45,32.49,8204,2021-06-04 13:30:00,QQQJ
32.52,32.53,32.52,32.53,417,2021-06-04 13:32:00,QQQJ
32.5,32.5,32.5,32.5,246,2021-06-04 13:33:00,QQQJ
32.515,32.515,32.515,32.515,316,2021-06-04 13:34:00,QQQJ
32.515,32.515,32.5,32.51,1524,2021-06-04 13:35:00,QQQJ
32.53,32.53,32.53,32.53,100,2021-06-04 13:36:00,QQQJ
32.52,32.52,32.51,32.5199,7590,2021-06-04 13:37:00,QQQJ
32.51,32.52,32.51,32.52,16110,2021-06-04 13:38:00,QQQJ
32.55,32.56,32.55,32.56,657,2021-06-04 13:39:00,QQQJ
32.57,32.57,32.57,32.57,137,2021-06-04 13:40:00,QQQJ
32.5916,32.595,32.5916,32.595,604,2021-06-04 13:41:00,QQQJ
32.6,32.6,32.58,32.58,808,2021-06-04 13:42:00,QQQJ
32.585,32.585,32.585,32.585,1700,2021-06-04 13:43:00,QQQJ
32.585,32.6,32.58,32.58,1430,2021-06-04 13:44:00,QQQJ
32.58,32.58,32.58,32.58,300,2021-06-04 13:45:00,QQQJ
32.6201,32.64,32.6201,32.64,2100,2021-06-04 13:46:00,QQQJ
32.61,32.61,32.59,32.59,255,2021-06-04 13:48:00,QQQJ
32.59,32.59,32.59,32.59,840,2021-06-04 13:49:00,QQQJ
32.605,32.605,32.605,32.605,101,2021-06-04 13:50:00,QQQJ
32.562,32.562,32.562,32.562,150,2021-06-04 13:52:00,QQQJ
32.58,32.58,32.58,32.58,598,2021-06-04 13:53:00,QQQJ
32.55,32.55,32.55,32.55,175,2021-06-04 13:54:00,QQQJ
32.5683,32.5683,32.5683,32.5683,200,2021-06-04 13:55:00,QQQJ
32.57,32.5796,32.57,32.5796,4150,2021-06-04 13:56:00,QQQJ
32.56,32.57,32.555,32.57,468,2021-06-04 13:57:00,QQQJ
32.571,32.571,32.571,32.571,227,2021-06-04 13:59:00,QQQJ
32.5735,32.5735,32.5735,32.5735,600,2021-06-04 14:00:00,QQQJ
32.63,32.63,32.63,32.63,400,2021-06-04 14:02:00,QQQJ
32.64,32.64,32.61,32.61,450,2021-06-04 14:03:00,QQQJ
32.6002,32.6002,32.6002,32.6002,250,2021-06-04 14:04:00,QQQJ
32.6039,32.6039,32.6039,32.6039,166,2021-06-04 14:06:00,QQQJ
32.6,32.6,32.6,32.6,100,2021-06-04 14:08:00,QQQJ
32.5862,32.5862,32.5862,32.5862,200,2021-06-04 14:09:00,QQQJ
32.6,32.6,32.6,32.6,100,2021-06-04 14:10:00,QQQJ
32.56,32.56,32.56,32.56,200,2021-06-04 14:15:00,QQQJ
32.58,32.58,32.58,32.58,182,2021-06-04 14:17:00,QQQJ
32.55,32.55,32.531,32.531,500,2021-06-04 14:19:00,QQQJ
32.53,32.53,32.53,32.53,100,2021-06-04 14:20:00,QQQJ
32.54,32.5487,32.54,32.5487,3136,2021-06-04 14:22:00,QQQJ
32.55,32.55,32.55,32.55,200,2021-06-04 14:23:00,QQQJ
32.56,32.56,32.56,32.56,200,2021-06-04 14:25:00,QQQJ
32.55,32.55,32.55,32.55,200,2021-06-04 14:26:00,QQQJ
32.54,32.54,32.54,32.54,150,2021-06-04 14:28:00,QQQJ
32.54,32.55,32.54,32.55,400,2021-06-04 14:29:00,QQQJ
32.56,32.56,32.56,32.56,250,2021-06-04 14:30:00,QQQJ
32.54,32.54,32.54,32.54,440,2021-06-04 14:33:00,QQQJ
32.55,32.55,32.55,32.55,100,2021-06-04 14:34:00,QQQJ
32.55,32.56,32.55,32.56,2330,2021-06-04 14:36:00,QQQJ
32.57,32.57,32.57,32.57,1177,2021-06-04 14:38:00,QQQJ
32.59,32.59,32.58,32.58,940,2021-06-04 14:39:00,QQQJ
32.5892,32.5892,32.5892,32.5892,150,2021-06-04 14:40:00,QQQJ
32.59,32.59,32.5882,32.5882,1372,2021-06-04 14:41:00,QQQJ
32.57,32.57,32.57,32.57,100,2021-06-04 14:42:00,QQQJ
32.56,32.56,32.55,32.56,1750,2021-06-04 14:45:00,QQQJ
32.59,32.59,32.585,32.59,582,2021-06-04 14:48:00,QQQJ
32.59,32.59,32.59,32.59,100,2021-06-04 14:49:00,QQQJ
32.59,32.59,32.59,32.59,306,2021-06-04 14:50:00,QQQJ
32.585,32.585,32.57,32.57,419,2021-06-04 14:51:00,QQQJ
32.58,32.58,32.58,32.58,995,2021-06-04 14:54:00,QQQJ
32.5542,32.568,32.5542,32.568,430,2021-06-04 14:57:00,QQQJ
32.55,32.55,32.55,32.55,100,2021-06-04 14:58:00,QQQJ
32.5699,32.57,32.5699,32.57,262,2021-06-04 14:59:00,QQQJ
32.56,32.56,32.56,32.56,132,2021-06-04 15:00:00,QQQJ
32.57,32.57,32.57,32.57,400,2021-06-04 15:06:00,QQQJ
32.57,32.57,32.57,32.57,127,2021-06-04 15:07:00,QQQJ
32.579,32.579,32.579,32.579,796,2021-06-04 15:08:00,QQQJ
32.5501,32.5501,32.5501,32.5501,500,2021-06-04 15:10:00,QQQJ
32.56,32.56,32.56,32.56,1000,2021-06-04 15:12:00,QQQJ
32.5593,32.5593,32.5593,32.5593,898,2021-06-04 15:14:00,QQQJ
32.57,32.57,32.5698,32.57,300,2021-06-04 15:16:00,QQQJ
32.5737,32.58,32.5737,32.5798,300,2021-06-04 15:18:00,QQQJ
32.5873,32.59,32.5873,32.59,275,2021-06-04 15:25:00,QQQJ
32.5801,32.5816,32.5801,32.5816,300,2021-06-04 15:26:00,QQQJ
32.57,32.5799,32.56,32.5799,589,2021-06-04 15:28:00,QQQJ
32.5836,32.5836,32.5836,32.5836,208,2021-06-04 15:30:00,QQQJ
32.5808,32.5808,32.5808,32.5808,383,2021-06-04 15:31:00,QQQJ
32.575,32.575,32.575,32.575,200,2021-06-04 15:32:00,QQQJ
32.575,32.575,32.57,32.57,2274,2021-06-04 15:33:00,QQQJ
32.56,32.56,32.56,32.56,100,2021-06-04 15:36:00,QQQJ
32.559,32.559,32.559,32.559,170,2021-06-04 15:37:00,QQQJ
32.5701,32.5701,32.5701,32.5701,1500,2021-06-04 15:39:00,QQQJ
32.5805,32.5805,32.5805,32.5805,155,2021-06-04 15:40:00,QQQJ
32.58,32.58,32.58,32.58,100,2021-06-04 15:41:00,QQQJ
32.57,32.57,32.57,32.57,153,2021-06-04 15:42:00,QQQJ
32.59,32.59,32.59,32.59,392,2021-06-04 15:43:00,QQQJ
32.6,32.6,32.6,32.6,100,2021-06-04 15:46:00,QQQJ
32.6,32.6,32.6,32.6,400,2021-06-04 15:47:00,QQQJ
32.5958,32.6,32.5958,32.5998,1363,2021-06-04 15:48:00,QQQJ
32.5872,32.5872,32.5872,32.5872,100,2021-06-04 15:50:00,QQQJ
32.6,32.6,32.58,32.58,807,2021-06-04 15:52:00,QQQJ
32.59,32.59,32.59,32.59,500,2021-06-04 15:53:00,QQQJ
32.5771,32.5771,32.5771,32.5771,564,2021-06-04 15:54:00,QQQJ
32.58,32.58,32.58,32.58,271,2021-06-04 15:56:00,QQQJ
32.563,32.563,32.563,32.563,195,2021-06-04 15:57:00,QQQJ
32.56,32.56,32.55,32.55,4649,2021-06-04 15:58:00,QQQJ
32.57,32.57,32.57,32.57,310,2021-06-04 16:01:00,QQQJ
32.57,32.57,32.57,32.57,620,2021-06-04 16:02:00,QQQJ
32.58,32.58,32.574,32.579,500,2021-06-04 16:03:00,QQQJ
32.561,32.561,32.561,32.561,100,2021-06-04 16:05:00,QQQJ
32.561,32.561,32.561,32.561,100,2021-06-04 16:06:00,QQQJ
32.575,32.575,32.575,32.575,210,2021-06-04 16:09:00,QQQJ
32.5758,32.5758,32.5758,32.5758,173,2021-06-04 16:10:00,QQQJ
32.582,32.59,32.582,32.59,1190,2021-06-04 16:11:00,QQQJ
32.59,32.59,32.59,32.59,300,2021-06-04 16:12:00,QQQJ
32.588,32.588,32.58,32.58,200,2021-06-04 16:13:00,QQQJ
32.585,32.585,32.585,32.585,725,2021-06-04 16:15:00,QQQJ
32.58,32.58,32.58,32.58,100,2021-06-04 16:19:00,QQQJ
32.58,32.58,32.58,32.58,260,2021-06-04 16:31:00,QQQJ
32.58,32.58,32.58,32.58,350,2021-06-04 16:32:00,QQQJ
32.584,32.584,32.584,32.584,150,2021-06-04 16:33:00,QQQJ
32.5725,32.5725,32.5725,32.5725,1758,2021-06-04 16:34:00,QQQJ
32.5792,32.5819,32.5792,32.5819,5109,2021-06-04 16:36:00,QQQJ
32.57,32.57,32.57,32.57,392,2021-06-04 16:42:00,QQQJ
32.56,32.56,32.5501,32.5501,650,2021-06-04 16:44:00,QQQJ
32.5587,32.5587,32.5587,32.5587,200,2021-06-04 16:49:00,QQQJ
32.57,32.57,32.5666,32.5666,996,2021-06-04 16:50:00,QQQJ
32.5601,32.5601,32.5601,32.5601,200,2021-06-04 16:51:00,QQQJ
32.57,32.57,32.57,32.57,125,2021-06-04 16:54:00,QQQJ
32.57,32.57,32.57,32.57,100,2021-06-04 16:56:00,QQQJ
32.57,32.5701,32.57,32.57,2962,2021-06-04 16:57:00,QQQJ
32.58,32.58,32.58,32.58,1199,2021-06-04 17:00:00,QQQJ
32.57,32.57,32.57,32.57,168,2021-06-04 17:02:00,QQQJ
32.58,32.58,32.58,32.58,165,2021-06-04 17:05:00,QQQJ
32.56,32.56,32.56,32.56,195,2021-06-04 17:07:00,QQQJ
32.57,32.5757,32.57,32.5757,1600,2021-06-04 17:11:00,QQQJ
32.553,32.56,32.551,32.56,1800,2021-06-04 17:18:00,QQQJ
32.56,32.56,32.56,32.56,155,2021-06-04 17:22:00,QQQJ
32.561,32.561,32.561,32.561,400,2021-06-04 17:26:00,QQQJ
32.57,32.57,32.56,32.56,956,2021-06-04 17:27:00,QQQJ
32.57,32.57,32.56,32.5642,300,2021-06-04 17:28:00,QQQJ
32.5605,32.5605,32.5605,32.5605,2003,2021-06-04 17:30:00,QQQJ
32.56,32.56,32.56,32.56,200,2021-06-04 17:31:00,QQQJ
32.56,32.56,32.56,32.56,100,2021-06-04 17:32:00,QQQJ
32.56,32.56,32.56,32.56,456,2021-06-04 17:34:00,QQQJ
32.57,32.57,32.567,32.567,520,2021-06-04 17:36:00,QQQJ
32.565,32.565,32.565,32.565,100,2021-06-04 17:37:00,QQQJ
32.56,32.56,32.56,32.56,200,2021-06-04 17:38:00,QQQJ
32.57,32.57,32.57,32.57,940,2021-06-04 17:40:00,QQQJ
32.58,32.58,32.58,32.58,1877,2021-06-04 17:41:00,QQQJ
32.58,32.58,32.58,32.58,100,2021-06-04 17:42:00,QQQJ
32.571,32.58,32.57,32.57,465,2021-06-04 17:43:00,QQQJ
32.58,32.58,32.58,32.58,10737,2021-06-04 17:45:00,QQQJ
32.5656,32.5656,32.56,32.56,1950,2021-06-04 17:50:00,QQQJ
32.58,32.58,32.58,32.58,125,2021-06-04 17:55:00,QQQJ
32.583,32.583,32.583,32.583,100,2021-06-04 17:57:00,QQQJ
32.5933,32.5998,32.581,32.581,1117,2021-06-04 17:58:00,QQQJ
32.59,32.59,32.59,32.59,500,2021-06-04 18:00:00,QQQJ
32.58,32.58,32.58,32.58,100,2021-06-04 18:01:00,QQQJ
32.5842,32.5851,32.5842,32.5851,1600,2021-06-04 18:02:00,QQQJ
32.5601,32.5601,32.56,32.56,400,2021-06-04 18:04:00,QQQJ
32.585,32.585,32.585,32.585,500,2021-06-04 18:07:00,QQQJ
32.58,32.58,32.56,32.56,300,2021-06-04 18:09:00,QQQJ
32.577,32.577,32.577,32.577,1000,2021-06-04 18:10:00,QQQJ
32.57,32.57,32.57,32.57,700,2021-06-04 18:13:00,QQQJ
32.5652,32.5652,32.5652,32.5652,692,2021-06-04 18:14:00,QQQJ
32.56,32.56,32.56,32.56,131,2021-06-04 18:16:00,QQQJ
32.5601,32.5601,32.5601,32.5601,250,2021-06-04 18:17:00,QQQJ
32.5592,32.56,32.5592,32.56,350,2021-06-04 18:20:00,QQQJ
32.57,32.575,32.57,32.575,1090,2021-06-04 18:22:00,QQQJ
32.57,32.57,32.57,32.57,1538,2021-06-04 18:23:00,QQQJ
32.57,32.57,32.57,32.57,200,2021-06-04 18:28:00,QQQJ
32.5597,32.57,32.5597,32.57,1099,2021-06-04 18:30:00,QQQJ
32.58,32.58,32.58,32.58,400,2021-06-04 18:31:00,QQQJ
32.57,32.57,32.57,32.57,100,2021-06-04 18:33:00,QQQJ
32.56,32.56,32.56,32.56,200,2021-06-04 18:34:00,QQQJ
32.56,32.56,32.56,32.56,100,2021-06-04 18:36:00,QQQJ
32.565,32.565,32.565,32.565,250,2021-06-04 18:38:00,QQQJ
32.5701,32.5701,32.57,32.57,1887,2021-06-04 18:39:00,QQQJ
32.57,32.57,32.57,32.57,100,2021-06-04 18:40:00,QQQJ
32.579,32.579,32.56,32.57,1306,2021-06-04 18:41:00,QQQJ
32.57,32.57,32.57,32.57,1599,2021-06-04 18:44:00,QQQJ
32.57,32.57,32.57,32.57,200,2021-06-04 18:45:00,QQQJ
32.5818,32.5818,32.575,32.575,570,2021-06-04 18:46:00,QQQJ
32.5726,32.5726,32.5726,32.5726,1560,2021-06-04 18:47:00,QQQJ
32.571,32.571,32.571,32.571,303,2021-06-04 18:49:00,QQQJ
32.57,32.5701,32.57,32.5701,5210,2021-06-04 18:54:00,QQQJ
32.575,32.575,32.575,32.575,100,2021-06-04 18:55:00,QQQJ
32.56,32.56,32.56,32.56,300,2021-06-04 18:59:00,QQQJ
32.57,32.57,32.565,32.565,300,2021-06-04 19:02:00,QQQJ
32.5698,32.5698,32.5698,32.5698,100,2021-06-04 19:04:00,QQQJ
32.56,32.56,32.56,32.56,528,2021-06-04 19:05:00,QQQJ
32.56,32.56,32.56,32.56,2150,2021-06-04 19:07:00,QQQJ
32.57,32.57,32.57,32.57,650,2021-06-04 19:10:00,QQQJ
32.58,32.58,32.58,32.58,100,2021-06-04 19:13:00,QQQJ
32.58,32.5819,32.58,32.5819,328,2021-06-04 19:14:00,QQQJ
32.57,32.575,32.57,32.575,1129,2021-06-04 19:16:00,QQQJ
32.5705,32.5705,32.5705,32.5705,550,2021-06-04 19:18:00,QQQJ
32.5836,32.5836,32.58,32.58,891,2021-06-04 19:19:00,QQQJ
32.5948,32.5948,32.5948,32.5948,250,2021-06-04 19:20:00,QQQJ
32.5927,32.595,32.5927,32.595,2023,2021-06-04 19:21:00,QQQJ
32.59,32.59,32.59,32.59,1600,2021-06-04 19:22:00,QQQJ
32.582,32.6,32.582,32.6,1000,2021-06-04 19:23:00,QQQJ
32.59,32.6,32.59,32.6,800,2021-06-04 19:24:00,QQQJ
32.6,32.61,32.5999,32.61,1642,2021-06-04 19:25:00,QQQJ
32.6,32.605,32.6,32.6,1000,2021-06-04 19:26:00,QQQJ
32.6,32.61,32.6,32.6099,953,2021-06-04 19:27:00,QQQJ
32.6,32.6,32.6,32.6,1000,2021-06-04 19:28:00,QQQJ
32.61,32.61,32.61,32.61,1200,2021-06-04 19:29:00,QQQJ
32.61,32.61,32.6,32.61,900,2021-06-04 19:30:00,QQQJ
32.61,32.62,32.61,32.62,1150,2021-06-04 19:31:00,QQQJ
32.61,32.61,32.61,32.61,1377,2021-06-04 19:32:00,QQQJ
32.62,32.62,32.6101,32.6101,1707,2021-06-04 19:33:00,QQQJ
32.6121,32.6121,32.6121,32.6121,100,2021-06-04 19:34:00,QQQJ
32.62,32.62,32.6199,32.6199,4700,2021-06-04 19:35:00,QQQJ
32.62,32.62,32.62,32.62,1200,2021-06-04 19:36:00,QQQJ
32.62,32.62,32.613,32.613,1206,2021-06-04 19:37:00,QQQJ
32.63,32.63,32.62,32.63,2500,2021-06-04 19:38:00,QQQJ
32.63,32.63,32.62,32.62,2100,2021-06-04 19:39:00,QQQJ
32.6124,32.62,32.6124,32.62,9315,2021-06-04 19:40:00,QQQJ
32.62,32.62,32.61,32.61,989,2021-06-04 19:41:00,QQQJ
32.61,32.61,32.61,32.61,1200,2021-06-04 19:42:00,QQQJ
32.6,32.61,32.6,32.605,760,2021-06-04 19:43:00,QQQJ
32.61,32.62,32.61,32.62,982,2021-06-04 19:44:00,QQQJ
32.62,32.63,32.62,32.62,2700,2021-06-04 19:45:00,QQQJ
32.625,32.63,32.625,32.625,700,2021-06-04 19:46:00,QQQJ
32.63,32.64,32.63,32.64,1100,2021-06-04 19:47:00,QQQJ
32.64,32.64,32.64,32.64,1000,2021-06-04 19:48:00,QQQJ
32.64,32.64,32.63,32.635,2600,2021-06-04 19:49:00,QQQJ
32.65,32.65,32.64,32.65,1600,2021-06-04 19:50:00,QQQJ
32.645,32.65,32.64,32.645,1200,2021-06-04 19:51:00,QQQJ
32.645,32.65,32.64,32.64,3200,2021-06-04 19:52:00,QQQJ
32.645,32.65,32.645,32.645,1728,2021-06-04 19:53:00,QQQJ
32.6401,32.66,32.6401,32.655,2100,2021-06-04 19:54:00,QQQJ
32.65,32.65,32.64,32.64,2734,2021-06-04 19:55:00,QQQJ
32.6273,32.64,32.6273,32.64,2100,2021-06-04 19:56:00,QQQJ
32.64,32.65,32.64,32.64,3686,2021-06-04 19:57:00,QQQJ
32.645,32.65,32.6398,32.65,2407,2021-06-04 19:58:00,QQQJ
32.645,32.66,32.64,32.65,6612,2021-06-04 19:59:00,QQQJ
32.65,32.65,32.65,32.65,1021,2021-06-04 20:00:00,QQQJ
32.66,32.66,32.614,32.614,5829,2021-06-07 13:30:00,QQQJ
32.635,32.635,32.635,32.635,300,2021-06-07 13:31:00,QQQJ
32.6097,32.6097,32.6097,32.6097,306,2021-06-07 13:33:00,QQQJ
32.56,32.58,32.56,32.58,500,2021-06-07 13:34:00,QQQJ
32.6141,32.6141,32.6,32.6,406,2021-06-07 13:35:00,QQQJ
32.57,32.576,32.57,32.576,1600,2021-06-07 13:36:00,QQQJ
32.59,32.6,32.57,32.57,790,2021-06-07 13:37:00,QQQJ
32.5321,32.5321,32.5321,32.5321,100,2021-06-07 13:39:00,QQQJ
32.53,32.53,32.52,32.52,352,2021-06-07 13:40:00,QQQJ
32.59,32.59,32.58,32.58,2282,2021-06-07 13:42:00,QQQJ
32.6065,32.6065,32.59,32.59,609,2021-06-07 13:44:00,QQQJ
32.62,32.62,32.62,32.62,250,2021-06-07 13:46:00,QQQJ
32.62,32.62,32.62,32.62,200,2021-06-07 13:47:00,QQQJ
32.602,32.602,32.602,32.602,200,2021-06-07 13:48:00,QQQJ
32.601,32.601,32.6,32.6001,5402,2021-06-07 13:49:00,QQQJ
32.6183,32.62,32.6183,32.62,257,2021-06-07 13:51:00,QQQJ
32.6,32.6001,32.6,32.6,1875,2021-06-07 13:55:00,QQQJ
32.63,32.63,32.63,32.63,500,2021-06-07 13:56:00,QQQJ
32.64,32.64,32.6399,32.6399,200,2021-06-07 13:57:00,QQQJ
32.6347,32.6347,32.6347,32.6347,300,2021-06-07 13:58:00,QQQJ
32.66,32.66,32.66,32.66,206,2021-06-07 13:59:00,QQQJ
32.66,32.66,32.66,32.66,100,2021-06-07 14:00:00,QQQJ
32.64,32.64,32.635,32.635,255,2021-06-07 14:01:00,QQQJ
32.6209,32.6209,32.6209,32.6209,161,2021-06-07 14:02:00,QQQJ
32.67,32.67,32.66,32.67,2058,2021-06-07 14:05:00,QQQJ
32.66,32.66,32.66,32.66,100,2021-06-07 14:07:00,QQQJ
32.6435,32.6435,32.6435,32.6435,150,2021-06-07 14:11:00,QQQJ
32.689,32.689,32.689,32.689,100,2021-06-07 14:14:00,QQQJ
32.66,32.66,32.66,32.66,100,2021-06-07 14:15:00,QQQJ
32.6301,32.6301,32.6301,32.6301,100,2021-06-07 14:17:00,QQQJ
32.62,32.62,32.62,32.62,200,2021-06-07 14:20:00,QQQJ
32.66,32.665,32.66,32.665,330,2021-06-07 14:22:00,QQQJ
32.6651,32.6651,32.6651,32.6651,154,2021-06-07 14:24:00,QQQJ
32.669,32.669,32.669,32.669,200,2021-06-07 14:26:00,QQQJ
32.6601,32.6601,32.6601,32.6601,529,2021-06-07 14:27:00,QQQJ
32.685,32.685,32.685,32.685,100,2021-06-07 14:28:00,QQQJ
32.69,32.7,32.69,32.7,1150,2021-06-07 14:31:00,QQQJ
32.7091,32.7091,32.7091,32.7091,200,2021-06-07 14:32:00,QQQJ
32.72,32.7293,32.72,32.7293,300,2021-06-07 14:33:00,QQQJ
32.73,32.73,32.73,32.73,256,2021-06-07 14:35:00,QQQJ
32.73,32.73,32.7291,32.7291,1100,2021-06-07 14:36:00,QQQJ
32.7342,32.7342,32.7342,32.7342,100,2021-06-07 14:39:00,QQQJ
32.73,32.73,32.73,32.73,600,2021-06-07 14:40:00,QQQJ
32.74,32.74,32.74,32.74,200,2021-06-07 14:41:00,QQQJ
32.7369,32.7369,32.7369,32.7369,734,2021-06-07 14:42:00,QQQJ
32.74,32.7472,32.731,32.731,1352,2021-06-07 14:43:00,QQQJ
32.749,32.749,32.749,32.749,200,2021-06-07 14:44:00,QQQJ
32.73,32.73,32.73,32.73,300,2021-06-07 14:46:00,QQQJ
32.7229,32.7229,32.718,32.718,475,2021-06-07 14:47:00,QQQJ
32.7344,32.7344,32.7344,32.7344,100,2021-06-07 14:48:00,QQQJ
32.7404,32.7458,32.7404,32.7458,1100,2021-06-07 14:49:00,QQQJ
32.75,32.75,32.74,32.75,904,2021-06-07 14:50:00,QQQJ
32.759,32.7599,32.759,32.7599,200,2021-06-07 14:52:00,QQQJ
32.768,32.768,32.768,32.768,100,2021-06-07 14:53:00,QQQJ
32.779,32.79,32.779,32.79,590,2021-06-07 14:57:00,QQQJ
32.8,32.818,32.8,32.818,702,2021-06-07 14:58:00,QQQJ
32.77,32.78,32.77,32.78,450,2021-06-07 14:59:00,QQQJ
32.79,32.81,32.79,32.805,62128,2021-06-07 15:00:00,QQQJ
32.78,32.78,32.78,32.78,300,2021-06-07 15:02:00,QQQJ
32.77,32.77,32.77,32.77,100,2021-06-07 15:04:00,QQQJ
32.76,32.76,32.76,32.76,115,2021-06-07 15:05:00,QQQJ
32.766,32.766,32.7628,32.7628,1100,2021-06-07 15:06:00,QQQJ
32.77,32.78,32.77,32.78,407,2021-06-07 15:07:00,QQQJ
32.78,32.78,32.78,32.78,1900,2021-06-07 15:08:00,QQQJ
32.78,32.78,32.77,32.78,600,2021-06-07 15:09:00,QQQJ
32.785,32.785,32.78,32.78,1400,2021-06-07 15:10:00,QQQJ
32.79,32.79,32.78,32.78,200,2021-06-07 15:11:00,QQQJ
32.8,32.8,32.79,32.8,907,2021-06-07 15:13:00,QQQJ
32.807,32.807,32.807,32.807,460,2021-06-07 15:15:00,QQQJ
32.8,32.8,32.795,32.795,366,2021-06-07 15:16:00,QQQJ
32.78,32.78,32.78,32.78,200,2021-06-07 15:17:00,QQQJ
32.7601,32.77,32.7601,32.77,3270,2021-06-07 15:19:00,QQQJ
32.78,32.79,32.78,32.79,766,2021-06-07 15:20:00,QQQJ
32.7899,32.7899,32.7899,32.7899,130,2021-06-07 15:21:00,QQQJ
32.78,32.78,32.78,32.78,200,2021-06-07 15:22:00,QQQJ
32.76,32.76,32.76,32.76,200,2021-06-07 15:24:00,QQQJ
32.7617,32.7617,32.76,32.76,395,2021-06-07 15:25:00,QQQJ
32.76,32.76,32.76,32.76,200,2021-06-07 15:26:00,QQQJ
32.75,32.75,32.75,32.75,619,2021-06-07 15:29:00,QQQJ
32.758,32.758,32.745,32.745,330,2021-06-07 15:30:00,QQQJ
32.75,32.75,32.75,32.75,312,2021-06-07 15:32:00,QQQJ
32.76,32.76,32.76,32.76,915,2021-06-07 15:33:00,QQQJ
32.76,32.76,32.75,32.75,700,2021-06-07 15:34:00,QQQJ
32.765,32.765,32.76,32.76,200,2021-06-07 15:35:00,QQQJ
32.76,32.76,32.76,32.76,175,2021-06-07 15:39:00,QQQJ
32.751,32.751,32.751,32.751,685,2021-06-07 15:40:00,QQQJ
32.77,32.77,32.77,32.77,200,2021-06-07 15:46:00,QQQJ
32.7744,32.7744,32.7744,32.7744,350,2021-06-07 15:50:00,QQQJ
32.81,32.81,32.8,32.8,315,2021-06-07 15:51:00,QQQJ
32.7911,32.7911,32.7911,32.7911,260,2021-06-07 15:52:00,QQQJ
32.8199,32.8199,32.8199,32.8199,250,2021-06-07 15:53:00,QQQJ
32.8,32.8,32.8,32.8,150,2021-06-07 15:55:00,QQQJ
32.82,32.82,32.8199,32.82,1200,2021-06-07 15:59:00,QQQJ
32.815,32.82,32.815,32.82,450,2021-06-07 16:00:00,QQQJ
32.815,32.815,32.815,32.815,760,2021-06-07 16:01:00,QQQJ
32.8101,32.8101,32.8101,32.8101,560,2021-06-07 16:03:00,QQQJ
32.815,32.82,32.815,32.82,414,2021-06-07 16:04:00,QQQJ
32.82,32.82,32.82,32.82,200,2021-06-07 16:05:00,QQQJ
32.811,32.828,32.811,32.828,2299,2021-06-07 16:06:00,QQQJ
32.8199,32.82,32.8199,32.82,3645,2021-06-07 16:15:00,QQQJ
32.821,32.821,32.821,32.821,1379,2021-06-07 16:19:00,QQQJ
32.828,32.828,32.828,32.828,750,2021-06-07 16:21:00,QQQJ
32.8375,32.8375,32.8372,32.8372,1100,2021-06-07 16:24:00,QQQJ
32.82,32.82,32.805,32.805,300,2021-06-07 16:26:00,QQQJ
32.8,32.8,32.8,32.8,116,2021-06-07 16:28:00,QQQJ
32.8,32.8,32.8,32.8,200,2021-06-07 16:29:00,QQQJ
32.79,32.79,32.79,32.79,101,2021-06-07 16:30:00,QQQJ
32.7979,32.7979,32.7979,32.7979,320,2021-06-07 16:31:00,QQQJ
32.7831,32.79,32.7831,32.79,577,2021-06-07 16:33:00,QQQJ
32.79,32.8,32.79,32.8,253,2021-06-07 16:34:00,QQQJ
32.8,32.8,32.8,32.8,100,2021-06-07 16:38:00,QQQJ
32.81,32.81,32.81,32.81,150,2021-06-07 16:40:00,QQQJ
32.817,32.82,32.817,32.82,546,2021-06-07 16:41:00,QQQJ
32.81,32.81,32.81,32.81,300,2021-06-07 16:44:00,QQQJ
32.82,32.82,32.811,32.811,200,2021-06-07 16:48:00,QQQJ
32.811,32.811,32.811,32.811,100,2021-06-07 16:51:00,QQQJ
32.806,32.81,32.805,32.81,1015,2021-06-07 16:54:00,QQQJ
32.81,32.81,32.81,32.81,478,2021-06-07 16:56:00,QQQJ
32.8099,32.8099,32.8099,32.8099,340,2021-06-07 16:58:00,QQQJ
32.8028,32.8028,32.8028,32.8028,400,2021-06-07 16:59:00,QQQJ
32.7959,32.7959,32.7959,32.7959,767,2021-06-07 17:00:00,QQQJ
32.7812,32.7812,32.7812,32.7812,300,2021-06-07 17:07:00,QQQJ
32.78,32.78,32.78,32.78,500,2021-06-07 17:08:00,QQQJ
32.78,32.78,32.78,32.78,300,2021-06-07 17:09:00,QQQJ
32.77,32.775,32.77,32.775,3100,2021-06-07 17:10:00,QQQJ
32.765,32.765,32.765,32.765,1000,2021-06-07 17:11:00,QQQJ
32.75,32.764,32.75,32.764,200,2021-06-07 17:16:00,QQQJ
32.7812,32.7812,32.7812,32.7812,288,2021-06-07 17:18:00,QQQJ
32.7756,32.784,32.7756,32.784,2334,2021-06-07 17:21:00,QQQJ
32.75,32.75,32.7477,32.7477,200,2021-06-07 17:25:00,QQQJ
32.76,32.7699,32.76,32.7699,614,2021-06-07 17:28:00,QQQJ
32.75,32.75,32.75,32.75,900,2021-06-07 17:31:00,QQQJ
32.7462,32.7462,32.7462,32.7462,100,2021-06-07 17:32:00,QQQJ
32.75,32.75,32.75,32.75,175,2021-06-07 17:33:00,QQQJ
32.7609,32.7609,32.7609,32.7609,161,2021-06-07 17:36:00,QQQJ
32.77,32.77,32.77,32.77,100,2021-06-07 17:37:00,QQQJ
32.77,32.77,32.77,32.77,100,2021-06-07 17:39:00,QQQJ
32.7789,32.7789,32.7789,32.7789,100,2021-06-07 17:42:00,QQQJ
32.79,32.791,32.79,32.79,500,2021-06-07 17:45:00,QQQJ
32.79,32.79,32.79,32.79,300,2021-06-07 17:46:00,QQQJ
32.784,32.784,32.784,32.784,183,2021-06-07 17:47:00,QQQJ
32.794,32.794,32.7889,32.7889,1014,2021-06-07 17:48:00,QQQJ
32.8,32.8,32.797,32.797,700,2021-06-07 17:50:00,QQQJ
32.81,32.81,32.8,32.8,610,2021-06-07 17:52:00,QQQJ
32.8,32.8,32.7886,32.7886,962,2021-06-07 17:55:00,QQQJ
32.76,32.76,32.76,32.76,200,2021-06-07 17:59:00,QQQJ
32.78,32.78,32.78,32.78,100,2021-06-07 18:01:00,QQQJ
32.78,32.78,32.78,32.78,100,2021-06-07 18:02:00,QQQJ
32.775,32.775,32.765,32.765,611,2021-06-07 18:04:00,QQQJ
32.7787,32.7787,32.7787,32.7787,1700,2021-06-07 18:06:00,QQQJ
32.76,32.76,32.76,32.76,161,2021-06-07 18:07:00,QQQJ
32.77,32.77,32.77,32.77,922,2021-06-07 18:08:00,QQQJ
32.78,32.78,32.78,32.78,200,2021-06-07 18:09:00,QQQJ
32.7889,32.7889,32.7889,32.7889,1550,2021-06-07 18:14:00,QQQJ
32.77,32.77,32.77,32.77,100,2021-06-07 18:20:00,QQQJ
32.78,32.78,32.78,32.78,100,2021-06-07 18:22:00,QQQJ
32.78,32.78,32.78,32.78,212,2021-06-07 18:23:00,QQQJ
32.77,32.77,32.77,32.77,100,2021-06-07 18:25:00,QQQJ
32.785,32.785,32.785,32.785,750,2021-06-07 18:32:00,QQQJ
32.7875,32.7875,32.7875,32.7875,336,2021-06-07 18:35:00,QQQJ
32.789,32.789,32.7877,32.7877,360,2021-06-07 18:36:00,QQQJ
32.8,32.8,32.8,32.8,385,2021-06-07 18:40:00,QQQJ
32.7999,32.7999,32.7999,32.7999,100,2021-06-07 18:41:00,QQQJ
32.795,32.795,32.795,32.795,183,2021-06-07 18:42:00,QQQJ
32.8,32.8,32.8,32.8,600,2021-06-07 18:44:00,QQQJ
32.8096,32.8096,32.8001,32.809,997,2021-06-07 18:45:00,QQQJ
32.77,32.77,32.77,32.77,172,2021-06-07 18:47:00,QQQJ
32.78,32.78,32.78,32.78,100,2021-06-07 18:49:00,QQQJ
32.78,32.78,32.78,32.78,254,2021-06-07 18:52:00,QQQJ
32.8,32.8,32.8,32.8,434,2021-06-07 18:55:00,QQQJ
32.81,32.81,32.793,32.793,747,2021-06-07 19:00:00,QQQJ
32.8,32.8,32.8,32.8,100,2021-06-07 19:02:00,QQQJ
32.798,32.798,32.798,32.798,460,2021-06-07 19:03:00,QQQJ
32.8,32.8,32.8,32.8,300,2021-06-07 19:05:00,QQQJ
32.805,32.805,32.805,32.805,250,2021-06-07 19:06:00,QQQJ
32.8028,32.81,32.8028,32.81,1100,2021-06-07 19:09:00,QQQJ
32.81,32.81,32.81,32.81,1000,2021-06-07 19:10:00,QQQJ
32.81,32.81,32.81,32.81,200,2021-06-07 19:11:00,QQQJ
32.8087,32.8087,32.8087,32.8087,300,2021-06-07 19:12:00,QQQJ
32.82,32.82,32.82,32.82,200,2021-06-07 19:13:00,QQQJ
32.84,32.84,32.84,32.84,100,2021-06-07 19:17:00,QQQJ
32.8399,32.85,32.8399,32.85,577,2021-06-07 19:18:00,QQQJ
32.84,32.84,32.82,32.84,704,2021-06-07 19:20:00,QQQJ
32.834,32.839,32.834,32.835,1694,2021-06-07 19:21:00,QQQJ
32.84,32.84,32.84,32.84,471,2021-06-07 19:22:00,QQQJ
32.83,32.83,32.83,32.83,100,2021-06-07 19:23:00,QQQJ
32.835,32.835,32.835,32.835,777,2021-06-07 19:25:00,QQQJ
32.83,32.83,32.83,32.83,106,2021-06-07 19:26:00,QQQJ
32.83,32.83,32.8299,32.8299,1651,2021-06-07 19:27:00,QQQJ
32.83,32.84,32.829,32.829,6699,2021-06-07 19:28:00,QQQJ
32.811,32.811,32.81,32.8101,1600,2021-06-07 19:32:00,QQQJ
32.819,32.819,32.815,32.815,340,2021-06-07 19:33:00,QQQJ
32.8,32.8,32.8,32.8,150,2021-06-07 19:35:00,QQQJ
32.765,32.7669,32.76,32.76,1100,2021-06-07 19:37:00,QQQJ
32.765,32.77,32.76,32.76,800,2021-06-07 19:38:00,QQQJ
32.77,32.77,32.76,32.7641,850,2021-06-07 19:39:00,QQQJ
32.775,32.775,32.77,32.77,1000,2021-06-07 19:40:00,QQQJ
32.78,32.785,32.78,32.78,900,2021-06-07 19:41:00,QQQJ
32.785,32.785,32.7771,32.78,1300,2021-06-07 19:42:00,QQQJ
32.78,32.78,32.78,32.78,100,2021-06-07 19:43:00,QQQJ
32.78,32.7855,32.77,32.77,3961,2021-06-07 19:44:00,QQQJ
32.77,32.7799,32.77,32.77,1180,2021-06-07 19:45:00,QQQJ
32.78,32.78,32.77,32.77,1059,2021-06-07 19:46:00,QQQJ
32.77,32.78,32.77,32.78,1200,2021-06-07 19:47:00,QQQJ
32.77,32.775,32.77,32.77,1040,2021-06-07 19:48:00,QQQJ
32.77,32.78,32.77,32.77,4357,2021-06-07 19:49:00,QQQJ
32.79,32.79,32.77,32.78,1280,2021-06-07 19:50:00,QQQJ
32.78,32.79,32.78,32.79,700,2021-06-07 19:51:00,QQQJ
32.785,32.785,32.78,32.78,1638,2021-06-07 19:52:00,QQQJ
32.78,32.78,32.78,32.78,600,2021-06-07 19:53:00,QQQJ
32.79,32.8,32.79,32.79,2936,2021-06-07 19:54:00,QQQJ
32.795,32.795,32.785,32.785,1279,2021-06-07 19:55:00,QQQJ
32.78,32.79,32.78,32.79,3980,2021-06-07 19:56:00,QQQJ
32.79,32.8,32.79,32.8,2719,2021-06-07 19:57:00,QQQJ
32.8,32.8,32.79,32.8,4181,2021-06-07 19:58:00,QQQJ
32.8,32.8,32.79,32.79,7372,2021-06-07 19:59:00,QQQJ
32.79,32.79,32.79,32.79,1397,2021-06-07 20:00:00,QQQJ
32.79,32.79,32.79,32.79,125,2021-06-07 22:35:00,QQQJ
33.0,33.0,33.0,33.0,200,2021-06-08 12:48:00,QQQJ
33.19,33.19,33.19,33.19,138,2021-06-08 12:50:00,QQQJ
32.75,32.75,32.75,32.75,213,2021-06-08 13:04:00,QQQJ
32.96,32.99,32.95,32.99,7219,2021-06-08 13:30:00,QQQJ
32.97,32.97,32.97,32.97,145,2021-06-08 13:31:00,QQQJ
32.98,32.98,32.93,32.9513,1479,2021-06-08 13:32:00,QQQJ
32.96,32.96,32.96,32.96,100,2021-06-08 13:33:00,QQQJ
32.9312,32.9312,32.92,32.92,418,2021-06-08 13:34:00,QQQJ
32.97,32.9784,32.9647,32.9647,900,2021-06-08 13:35:00,QQQJ
32.96,32.96,32.96,32.96,400,2021-06-08 13:36:00,QQQJ
32.99,32.999,32.99,32.9911,864,2021-06-08 13:38:00,QQQJ
33.0,33.0,33.0,33.0,2915,2021-06-08 13:39:00,QQQJ
33.02,33.02,33.02,33.02,350,2021-06-08 13:40:00,QQQJ
33.02,33.03,33.02,33.03,2500,2021-06-08 13:41:00,QQQJ
33.02,33.02,33.0,33.0,12024,2021-06-08 13:42:00,QQQJ
33.05,33.05,33.05,33.05,110,2021-06-08 13:43:00,QQQJ
33.02,33.02,33.02,33.02,4783,2021-06-08 13:44:00,QQQJ
33.01,33.01,33.01,33.01,300,2021-06-08 13:45:00,QQQJ
33.002,33.01,33.002,33.01,300,2021-06-08 13:46:00,QQQJ
32.931,32.931,32.931,32.931,900,2021-06-08 13:48:00,QQQJ
32.9652,32.97,32.941,32.941,700,2021-06-08 13:49:00,QQQJ
32.9581,32.9581,32.941,32.941,550,2021-06-08 13:50:00,QQQJ
32.93,32.93,32.92,32.92,546,2021-06-08 13:51:00,QQQJ
32.8868,32.8868,32.86,32.86,4050,2021-06-08 13:52:00,QQQJ
32.8603,32.8603,32.84,32.84,2050,2021-06-08 13:53:00,QQQJ
32.8571,32.89,32.8571,32.89,1100,2021-06-08 13:54:00,QQQJ
32.8923,32.8923,32.8923,32.8923,100,2021-06-08 13:55:00,QQQJ
32.895,32.91,32.895,32.91,825,2021-06-08 13:56:00,QQQJ
32.9137,32.9137,32.9,32.9,482,2021-06-08 13:57:00,QQQJ
32.91,32.92,32.91,32.92,1100,2021-06-08 13:58:00,QQQJ
32.92,32.92,32.91,32.91,566,2021-06-08 13:59:00,QQQJ
32.935,32.935,32.92,32.9228,500,2021-06-08 14:00:00,QQQJ
32.91,32.91,32.91,32.91,300,2021-06-08 14:01:00,QQQJ
32.91,32.91,32.89,32.89,800,2021-06-08 14:02:00,QQQJ
32.872,32.872,32.871,32.871,450,2021-06-08 14:03:00,QQQJ
32.91,32.91,32.91,32.91,100,2021-06-08 14:04:00,QQQJ
32.915,32.915,32.9087,32.9087,594,2021-06-08 14:05:00,QQQJ
32.92,32.92,32.92,32.92,2500,2021-06-08 14:08:00,QQQJ
32.92,32.92,32.92,32.92,100,2021-06-08 14:09:00,QQQJ
32.95,32.95,32.946,32.946,475,2021-06-08 14:10:00,QQQJ
32.9446,32.9446,32.9446,32.9446,212,2021-06-08 14:11:00,QQQJ
32.94,32.94,32.936,32.936,400,2021-06-08 14:14:00,QQQJ
32.95,32.95,32.95,32.95,100,2021-06-08 14:20:00,QQQJ
32.941,32.941,32.941,32.941,104,2021-06-08 14:21:00,QQQJ
32.9332,32.94,32.9332,32.94,350,2021-06-08 14:22:00,QQQJ
32.94,32.94,32.94,32.94,750,2021-06-08 14:23:00,QQQJ
32.905,32.92,32.905,32.92,292,2021-06-08 14:24:00,QQQJ
32.9186,32.9186,32.9186,32.9186,161,2021-06-08 14:25:00,QQQJ
32.91,32.9233,32.91,32.9233,300,2021-06-08 14:26:00,QQQJ
32.93,32.93,32.9205,32.9205,506,2021-06-08 14:27:00,QQQJ
32.911,32.911,32.911,32.911,700,2021-06-08 14:28:00,QQQJ
32.92,32.92,32.92,32.92,100,2021-06-08 14:30:00,QQQJ
32.89,32.89,32.89,32.89,2971,2021-06-08 14:32:00,QQQJ
32.87,32.8798,32.87,32.8775,762,2021-06-08 14:33:00,QQQJ
32.8601,32.8601,32.8601,32.8601,500,2021-06-08 14:35:00,QQQJ
32.86,32.8625,32.86,32.8625,300,2021-06-08 14:36:00,QQQJ
32.87,32.87,32.87,32.87,200,2021-06-08 14:37:00,QQQJ
32.87,32.87,32.85,32.85,419,2021-06-08 14:38:00,QQQJ
32.86,32.86,32.85,32.85,700,2021-06-08 14:39:00,QQQJ
32.87,32.87,32.87,32.87,100,2021-06-08 14:41:00,QQQJ
32.87,32.87,32.861,32.861,450,2021-06-08 14:42:00,QQQJ
32.89,32.89,32.89,32.89,350,2021-06-08 14:44:00,QQQJ
32.885,32.8899,32.885,32.8899,294,2021-06-08 14:46:00,QQQJ
32.892,32.9,32.892,32.9,900,2021-06-08 14:48:00,QQQJ
32.88,32.88,32.88,32.88,400,2021-06-08 14:50:00,QQQJ
32.86,32.86,32.86,32.86,300,2021-06-08 14:52:00,QQQJ
32.86,32.86,32.86,32.86,1676,2021-06-08 14:53:00,QQQJ
32.8036,32.8036,32.8036,32.8036,100,2021-06-08 14:56:00,QQQJ
32.8,32.8,32.7801,32.7801,407,2021-06-08 14:57:00,QQQJ
32.79,32.79,32.79,32.79,220,2021-06-08 14:59:00,QQQJ
32.78,32.78,32.78,32.78,1000,2021-06-08 15:00:00,QQQJ
32.76,32.76,32.76,32.76,1262,2021-06-08 15:04:00,QQQJ
32.77,32.77,32.77,32.77,217,2021-06-08 15:06:00,QQQJ
32.8199,32.82,32.8199,32.82,1700,2021-06-08 15:09:00,QQQJ
32.83,32.83,32.83,32.83,100,2021-06-08 15:10:00,QQQJ
32.81,32.81,32.78,32.78,500,2021-06-08 15:11:00,QQQJ
32.7999,32.7999,32.7952,32.7952,1937,2021-06-08 15:12:00,QQQJ
32.7639,32.7639,32.75,32.75,800,2021-06-08 15:14:00,QQQJ
32.74,32.74,32.71,32.7122,3600,2021-06-08 15:17:00,QQQJ
32.7,32.7,32.7,32.7,840,2021-06-08 15:19:00,QQQJ
32.5908,32.5908,32.59,32.59,439,2021-06-08 15:21:00,QQQJ
32.61,32.61,32.61,32.61,200,2021-06-08 15:22:00,QQQJ
32.655,32.655,32.64,32.64,4397,2021-06-08 15:26:00,QQQJ
32.6711,32.6711,32.6711,32.6711,100,2021-06-08 15:27:00,QQQJ
32.6893,32.7,32.6893,32.69,599,2021-06-08 15:28:00,QQQJ
32.7005,32.7005,32.7005,32.7005,2000,2021-06-08 15:29:00,QQQJ
32.7,32.7,32.69,32.69,300,2021-06-08 15:31:00,QQQJ
32.7,32.7,32.7,32.7,150,2021-06-08 15:32:00,QQQJ
32.7016,32.7016,32.7016,32.7016,200,2021-06-08 15:34:00,QQQJ
32.7,32.7,32.6899,32.6899,250,2021-06-08 15:40:00,QQQJ
32.74,32.74,32.74,32.74,100,2021-06-08 15:43:00,QQQJ
32.76,32.76,32.76,32.76,208,2021-06-08 15:46:00,QQQJ
32.78,32.78,32.7625,32.77,600,2021-06-08 15:48:00,QQQJ
32.78,32.78,32.78,32.78,100,2021-06-08 15:49:00,QQQJ
32.7579,32.7579,32.74,32.74,2200,2021-06-08 15:50:00,QQQJ
32.73,32.73,32.72,32.72,600,2021-06-08 15:51:00,QQQJ
32.75,32.75,32.74,32.74,1900,2021-06-08 15:53:00,QQQJ
32.7441,32.745,32.7441,32.745,850,2021-06-08 15:54:00,QQQJ
32.75,32.76,32.75,32.76,4753,2021-06-08 15:55:00,QQQJ
32.77,32.7775,32.77,32.7736,3502,2021-06-08 15:56:00,QQQJ
32.771,32.771,32.76,32.77,7078,2021-06-08 15:57:00,QQQJ
32.78,32.7855,32.78,32.7855,518,2021-06-08 15:58:00,QQQJ
32.785,32.798,32.785,32.798,200,2021-06-08 15:59:00,QQQJ
32.818,32.818,32.818,32.818,117,2021-06-08 16:05:00,QQQJ
32.81,32.81,32.81,32.81,231,2021-06-08 16:07:00,QQQJ
32.8,32.8,32.8,32.8,100,2021-06-08 16:08:00,QQQJ
32.818,32.82,32.818,32.82,499,2021-06-08 16:09:00,QQQJ
32.77,32.77,32.77,32.77,499,2021-06-08 16:11:00,QQQJ
32.79,32.79,32.776,32.776,2100,2021-06-08 16:12:00,QQQJ
32.7991,32.7991,32.7991,32.7991,100,2021-06-08 16:13:00,QQQJ
32.8182,32.8182,32.8182,32.8182,500,2021-06-08 16:14:00,QQQJ
32.81,32.81,32.81,32.81,100,2021-06-08 16:16:00,QQQJ
32.8293,32.8293,32.8293,32.8293,100,2021-06-08 16:20:00,QQQJ
32.8166,32.8166,32.8,32.8,962,2021-06-08 16:21:00,QQQJ
32.8099,32.8099,32.8099,32.8099,300,2021-06-08 16:22:00,QQQJ
32.7802,32.7802,32.7802,32.7802,400,2021-06-08 16:23:00,QQQJ
32.8,32.8,32.8,32.8,100,2021-06-08 16:26:00,QQQJ
32.8,32.8,32.8,32.8,550,2021-06-08 16:27:00,QQQJ
32.8052,32.8052,32.8052,32.8052,100,2021-06-08 16:28:00,QQQJ
32.83,32.84,32.83,32.84,342,2021-06-08 16:30:00,QQQJ
32.85,32.85,32.85,32.85,300,2021-06-08 16:33:00,QQQJ
32.85,32.85,32.85,32.85,500,2021-06-08 16:35:00,QQQJ
32.8599,32.86,32.8599,32.8599,4840,2021-06-08 16:38:00,QQQJ
32.8507,32.8507,32.8507,32.8507,502,2021-06-08 16:39:00,QQQJ
32.85,32.85,32.85,32.85,300,2021-06-08 16:40:00,QQQJ
32.86,32.87,32.86,32.87,1400,2021-06-08 16:44:00,QQQJ
32.86,32.87,32.85,32.86,6894,2021-06-08 16:45:00,QQQJ
32.8599,32.87,32.8532,32.87,1512,2021-06-08 16:47:00,QQQJ
32.875,32.88,32.875,32.88,1104,2021-06-08 16:50:00,QQQJ
32.87,32.8872,32.87,32.8872,200,2021-06-08 16:55:00,QQQJ
32.89,32.89,32.89,32.89,100,2021-06-08 16:56:00,QQQJ
32.8991,32.8998,32.8991,32.8998,1620,2021-06-08 16:59:00,QQQJ
32.88,32.88,32.88,32.88,100,2021-06-08 17:00:00,QQQJ
32.89,32.89,32.89,32.89,1500,2021-06-08 17:01:00,QQQJ
32.8759,32.8759,32.8759,32.8759,100,2021-06-08 17:03:00,QQQJ
32.88,32.88,32.88,32.88,200,2021-06-08 17:07:00,QQQJ
32.87,32.87,32.87,32.87,1000,2021-06-08 17:08:00,QQQJ
32.88,32.88,32.88,32.88,200,2021-06-08 17:10:00,QQQJ
32.8653,32.87,32.8653,32.87,457,2021-06-08 17:13:00,QQQJ
32.87,32.87,32.8624,32.8624,550,2021-06-08 17:14:00,QQQJ
32.8603,32.8603,32.8603,32.8603,448,2021-06-08 17:15:00,QQQJ
32.855,32.855,32.855,32.855,305,2021-06-08 17:16:00,QQQJ
32.85,32.85,32.85,32.85,200,2021-06-08 17:17:00,QQQJ
32.86,32.86,32.86,32.86,200,2021-06-08 17:19:00,QQQJ
32.8628,32.8628,32.8628,32.8628,650,2021-06-08 17:24:00,QQQJ
32.86,32.86,32.86,32.86,420,2021-06-08 17:26:00,QQQJ
32.85,32.85,32.85,32.85,152,2021-06-08 17:27:00,QQQJ
32.854,32.86,32.85,32.85,614,2021-06-08 17:28:00,QQQJ
32.85,32.85,32.85,32.85,125,2021-06-08 17:29:00,QQQJ
32.87,32.87,32.87,32.87,240,2021-06-08 17:32:00,QQQJ
32.8701,32.8701,32.8701,32.8701,255,2021-06-08 17:33:00,QQQJ
32.874,32.8785,32.874,32.8785,664,2021-06-08 17:34:00,QQQJ
32.8611,32.8611,32.8611,32.8611,300,2021-06-08 17:35:00,QQQJ
32.8711,32.8729,32.8711,32.8729,725,2021-06-08 17:38:00,QQQJ
32.8711,32.8711,32.8711,32.8711,200,2021-06-08 17:39:00,QQQJ
32.8686,32.8686,32.8686,32.8686,304,2021-06-08 17:40:00,QQQJ
32.895,32.9,32.895,32.895,320,2021-06-08 17:46:00,QQQJ
32.8899,32.8899,32.88,32.88,250,2021-06-08 17:49:00,QQQJ
32.88,32.88,32.88,32.88,100,2021-06-08 17:50:00,QQQJ
32.859,32.859,32.859,32.859,100,2021-06-08 17:54:00,QQQJ
32.86,32.86,32.86,32.86,300,2021-06-08 17:55:00,QQQJ
32.87,32.87,32.87,32.87,200,2021-06-08 17:56:00,QQQJ
32.86,32.86,32.85,32.85,251,2021-06-08 17:58:00,QQQJ
32.852,32.852,32.852,32.852,150,2021-06-08 18:00:00,QQQJ
32.868,32.87,32.868,32.87,400,2021-06-08 18:03:00,QQQJ
32.9,32.9,32.9,32.9,200,2021-06-08 18:06:00,QQQJ
32.89,32.89,32.89,32.89,100,2021-06-08 18:07:00,QQQJ
32.89,32.89,32.89,32.89,400,2021-06-08 18:08:00,QQQJ
32.8822,32.8878,32.8822,32.8878,379,2021-06-08 18:09:00,QQQJ
32.89,32.89,32.89,32.89,134,2021-06-08 18:12:00,QQQJ
32.8795,32.8795,32.8795,32.8795,200,2021-06-08 18:13:00,QQQJ
32.88,32.885,32.88,32.885,338,2021-06-08 18:15:00,QQQJ
32.8941,32.8941,32.89,32.89,600,2021-06-08 18:16:00,QQQJ
32.89,32.894,32.89,32.894,202,2021-06-08 18:17:00,QQQJ
32.8891,32.895,32.8891,32.895,550,2021-06-08 18:18:00,QQQJ
32.9,32.9,32.9,32.9,997,2021-06-08 18:19:00,QQQJ
32.8901,32.9,32.8901,32.9,1967,2021-06-08 18:20:00,QQQJ
32.89,32.89,32.89,32.89,200,2021-06-08 18:21:00,QQQJ
32.89,32.9,32.89,32.9,590,2021-06-08 18:22:00,QQQJ
32.9,32.9,32.9,32.9,168,2021-06-08 18:24:00,QQQJ
32.909,32.909,32.909,32.909,150,2021-06-08 18:26:00,QQQJ
32.895,32.895,32.895,32.895,110,2021-06-08 18:28:00,QQQJ
32.91,32.91,32.9056,32.9056,1100,2021-06-08 18:29:00,QQQJ
32.92,32.92,32.905,32.905,375,2021-06-08 18:30:00,QQQJ
32.9,32.9,32.9,32.9,200,2021-06-08 18:33:00,QQQJ
32.9189,32.9189,32.9111,32.9111,1141,2021-06-08 18:35:00,QQQJ
32.91,32.91,32.91,32.91,400,2021-06-08 18:36:00,QQQJ
32.9,32.9,32.9,32.9,300,2021-06-08 18:37:00,QQQJ
32.9,32.9,32.9,32.9,7083,2021-06-08 18:39:00,QQQJ
32.9,32.9,32.9,32.9,1100,2021-06-08 18:41:00,QQQJ
32.91,32.91,32.91,32.91,200,2021-06-08 18:43:00,QQQJ
32.9,32.9075,32.9,32.9075,900,2021-06-08 18:44:00,QQQJ
32.91,32.91,32.91,32.91,100,2021-06-08 18:47:00,QQQJ
32.9066,32.91,32.9066,32.91,601,2021-06-08 18:48:00,QQQJ
32.92,32.92,32.91,32.91,600,2021-06-08 18:49:00,QQQJ
32.93,32.93,32.93,32.93,1600,2021-06-08 18:50:00,QQQJ
32.92,32.92,32.91,32.91,23555,2021-06-08 18:51:00,QQQJ
32.91,32.91,32.91,32.91,2665,2021-06-08 18:52:00,QQQJ
32.92,32.92,32.92,32.92,225,2021-06-08 18:54:00,QQQJ
32.9377,32.9377,32.93,32.93,400,2021-06-08 18:56:00,QQQJ
32.94,32.95,32.94,32.95,1477,2021-06-08 18:57:00,QQQJ
32.94,32.94,32.94,32.94,100,2021-06-08 18:58:00,QQQJ
32.9348,32.9499,32.9348,32.9499,3040,2021-06-08 19:00:00,QQQJ
32.941,32.942,32.941,32.941,500,2021-06-08 19:01:00,QQQJ
32.95,32.96,32.95,32.96,1430,2021-06-08 19:02:00,QQQJ
32.9601,32.9601,32.9601,32.9601,2275,2021-06-08 19:04:00,QQQJ
32.96,32.9618,32.96,32.96,860,2021-06-08 19:06:00,QQQJ
32.9456,32.95,32.94,32.94,3000,2021-06-08 19:08:00,QQQJ
32.968,32.97,32.967,32.97,10583,2021-06-08 19:10:00,QQQJ
32.96,32.96,32.96,32.96,500,2021-06-08 19:11:00,QQQJ
32.968,32.969,32.9675,32.9675,1444,2021-06-08 19:12:00,QQQJ
32.96,32.96,32.96,32.96,400,2021-06-08 19:13:00,QQQJ
32.97,32.97,32.97,32.97,666,2021-06-08 19:14:00,QQQJ
32.965,32.965,32.95,32.96,15614,2021-06-08 19:15:00,QQQJ
32.96,32.96,32.96,32.96,800,2021-06-08 19:17:00,QQQJ
32.96,32.96,32.96,32.96,340,2021-06-08 19:18:00,QQQJ
32.96,32.96,32.96,32.96,150,2021-06-08 19:19:00,QQQJ
32.956,32.965,32.956,32.965,450,2021-06-08 19:20:00,QQQJ
32.965,32.97,32.965,32.965,800,2021-06-08 19:21:00,QQQJ
32.9577,32.9577,32.9577,32.9577,500,2021-06-08 19:22:00,QQQJ
32.941,32.95,32.94,32.95,17894,2021-06-08 19:23:00,QQQJ
32.95,32.9599,32.95,32.9599,1060,2021-06-08 19:24:00,QQQJ
32.95,32.96,32.95,32.96,586,2021-06-08 19:26:00,QQQJ
32.955,32.96,32.955,32.96,1450,2021-06-08 19:28:00,QQQJ
32.96,32.96,32.96,32.96,400,2021-06-08 19:29:00,QQQJ
32.96,32.96,32.96,32.96,379,2021-06-08 19:30:00,QQQJ
32.97,32.97,32.97,32.97,306,2021-06-08 19:31:00,QQQJ
32.985,32.99,32.985,32.985,2318,2021-06-08 19:32:00,QQQJ
32.9899,32.9899,32.9899,32.9899,200,2021-06-08 19:34:00,QQQJ
32.98,32.98,32.9601,32.9601,906,2021-06-08 19:35:00,QQQJ
32.9692,32.9692,32.9692,32.9692,500,2021-06-08 19:36:00,QQQJ
32.9692,32.9692,32.9692,32.9692,500,2021-06-08 19:38:00,QQQJ
32.98,32.98,32.98,32.98,400,2021-06-08 19:39:00,QQQJ
32.9727,32.9727,32.963,32.963,4300,2021-06-08 19:40:00,QQQJ
32.975,32.975,32.975,32.975,200,2021-06-08 19:41:00,QQQJ
32.97,32.97,32.97,32.97,305,2021-06-08 19:43:00,QQQJ
32.975,32.98,32.97,32.977,1640,2021-06-08 19:44:00,QQQJ
32.975,32.975,32.97,32.97,200,2021-06-08 19:45:00,QQQJ
32.9699,32.9699,32.9699,32.9699,10400,2021-06-08 19:46:00,QQQJ
32.965,32.965,32.965,32.965,252,2021-06-08 19:47:00,QQQJ
32.955,32.96,32.955,32.96,388,2021-06-08 19:48:00,QQQJ
32.96,32.96,32.95,32.95,689,2021-06-08 19:49:00,QQQJ
32.9714,32.98,32.97,32.975,2485,2021-06-08 19:50:00,QQQJ
32.965,32.975,32.965,32.975,624,2021-06-08 19:51:00,QQQJ
32.979,32.979,32.965,32.965,600,2021-06-08 19:52:00,QQQJ
32.97,32.97,32.96,32.96,321,2021-06-08 19:53:00,QQQJ
32.98,32.9899,32.98,32.9899,529,2021-06-08 19:54:00,QQQJ
32.96,32.96,32.96,32.96,135,2021-06-08 19:56:00,QQQJ
32.96,32.965,32.96,32.965,400,2021-06-08 19:57:00,QQQJ
32.964,32.964,32.96,32.96,220,2021-06-08 19:58:00,QQQJ
32.9558,32.96,32.93,32.93,2276,2021-06-08 19:59:00,QQQJ
32.94,32.94,32.94,32.94,162,2021-06-08 20:00:00,QQQJ
33.0,33.0,33.0,33.0,200,2021-06-09 11:00:00,QQQJ
33.0,33.0999,33.0,33.08,21864,2021-06-09 13:30:00,QQQJ
33.09,33.094,33.09,33.094,1242,2021-06-09 13:31:00,QQQJ
33.1,33.1,33.1,33.1,119,2021-06-09 13:32:00,QQQJ
33.11,33.11,33.1076,33.1076,259,2021-06-09 13:33:00,QQQJ
33.081,33.083,33.081,33.083,1400,2021-06-09 13:34:00,QQQJ
33.09,33.1,33.09,33.1,300,2021-06-09 13:35:00,QQQJ
33.11,33.119,33.11,33.119,401,2021-06-09 13:36:00,QQQJ
33.025,33.025,33.025,33.025,215,2021-06-09 13:42:00,QQQJ
33.09,33.11,33.09,33.11,480,2021-06-09 13:45:00,QQQJ
33.09,33.09,33.08,33.08,600,2021-06-09 13:46:00,QQQJ
33.1,33.11,33.08,33.11,1491,2021-06-09 13:47:00,QQQJ
33.1,33.1,33.09,33.09,320,2021-06-09 13:48:00,QQQJ
33.02,33.0397,33.02,33.037,3121,2021-06-09 13:49:00,QQQJ
33.0,33.0,32.98,32.98,702,2021-06-09 13:50:00,QQQJ
32.965,32.9799,32.965,32.9799,341,2021-06-09 13:51:00,QQQJ
32.97,32.97,32.96,32.96,200,2021-06-09 13:52:00,QQQJ
32.955,32.955,32.955,32.955,200,2021-06-09 13:53:00,QQQJ
32.97,32.97,32.94,32.94,639,2021-06-09 13:54:00,QQQJ
33.0,33.0,33.0,33.0,300,2021-06-09 13:55:00,QQQJ
33.04,33.04,33.0125,33.0125,600,2021-06-09 13:57:00,QQQJ
33.01,33.03,33.01,33.03,300,2021-06-09 13:58:00,QQQJ
32.9905,33.018,32.9905,33.018,803,2021-06-09 13:59:00,QQQJ
33.03,33.03,33.03,33.03,100,2021-06-09 14:00:00,QQQJ
33.0,33.0,33.0,33.0,505,2021-06-09 14:01:00,QQQJ
33.02,33.0253,33.02,33.0253,350,2021-06-09 14:02:00,QQQJ
33.0,33.0,33.0,33.0,200,2021-06-09 14:05:00,QQQJ
33.002,33.03,33.002,33.03,500,2021-06-09 14:08:00,QQQJ
33.024,33.029,33.024,33.029,300,2021-06-09 14:11:00,QQQJ
32.993,32.993,32.993,32.993,100,2021-06-09 14:13:00,QQQJ
32.99,32.99,32.99,32.99,100,2021-06-09 14:14:00,QQQJ
32.9892,32.9892,32.94,32.94,470,2021-06-09 14:15:00,QQQJ
32.97,32.97,32.9667,32.9667,1300,2021-06-09 14:17:00,QQQJ
32.95,32.95,32.95,32.95,1000,2021-06-09 14:19:00,QQQJ
32.955,32.98,32.955,32.98,705,2021-06-09 14:20:00,QQQJ
33.0,33.0299,33.0,33.02,640,2021-06-09 14:23:00,QQQJ
32.99,32.99,32.99,32.99,500,2021-06-09 14:24:00,QQQJ
33.0,33.0,33.0,33.0,100,2021-06-09 14:25:00,QQQJ
33.0,33.0,33.0,33.0,500,2021-06-09 14:27:00,QQQJ
33.03,33.03,33.03,33.03,100,2021-06-09 14:31:00,QQQJ
33.0161,33.0161,33.0161,33.0161,375,2021-06-09 14:32:00,QQQJ
33.005,33.005,33.005,33.005,1000,2021-06-09 14:33:00,QQQJ
33.0201,33.03,33.0201,33.03,202,2021-06-09 14:35:00,QQQJ
33.0275,33.0275,33.0275,33.0275,181,2021-06-09 14:36:00,QQQJ
33.0101,33.02,33.0101,33.02,300,2021-06-09 14:37:00,QQQJ
33.05,33.05,33.05,33.05,150,2021-06-09 14:39:00,QQQJ
33.0387,33.045,33.0387,33.045,300,2021-06-09 14:41:00,QQQJ
33.04,33.04,33.04,33.04,550,2021-06-09 14:44:00,QQQJ
33.05,33.05,33.05,33.05,200,2021-06-09 14:45:00,QQQJ
33.05,33.05,33.025,33.025,200,2021-06-09 14:46:00,QQQJ
33.03,33.03,33.01,33.01,1059,2021-06-09 14:47:00,QQQJ
33.0,33.0044,33.0,33.0,500,2021-06-09 14:48:00,QQQJ
32.99,32.99,32.99,32.99,200,2021-06-09 14:49:00,QQQJ
32.985,32.985,32.985,32.985,226,2021-06-09 14:50:00,QQQJ
33.005,33.0082,33.0,33.0,1304,2021-06-09 14:52:00,QQQJ
33.02,33.02,33.02,33.02,300,2021-06-09 14:54:00,QQQJ
33.01,33.01,33.01,33.01,905,2021-06-09 14:55:00,QQQJ
33.02,33.02,33.02,33.02,320,2021-06-09 14:56:00,QQQJ
33.0,33.0,32.99,33.0,7490,2021-06-09 14:58:00,QQQJ
33.01,33.01,33.0,33.0,300,2021-06-09 14:59:00,QQQJ
33.0,33.01,33.0,33.01,3200,2021-06-09 15:00:00,QQQJ
33.025,33.025,33.011,33.011,2097,2021-06-09 15:01:00,QQQJ
33.03,33.0323,33.03,33.0323,650,2021-06-09 15:02:00,QQQJ
33.0369,33.0369,33.0369,33.0369,300,2021-06-09 15:04:00,QQQJ
33.06,33.06,33.05,33.05,540,2021-06-09 15:05:00,QQQJ
33.05,33.05,33.0357,33.0357,606,2021-06-09 15:06:00,QQQJ
33.02,33.02,33.005,33.005,531,2021-06-09 15:10:00,QQQJ
33.0,33.019,33.0,33.01,700,2021-06-09 15:12:00,QQQJ
33.0018,33.0018,33.0018,33.0018,335,2021-06-09 15:13:00,QQQJ
33.0,33.0,33.0,33.0,300,2021-06-09 15:14:00,QQQJ
32.9822,32.9822,32.98,32.98,226,2021-06-09 15:15:00,QQQJ
32.98,32.98,32.98,32.98,100,2021-06-09 15:17:00,QQQJ
32.99,32.99,32.9827,32.9827,280,2021-06-09 15:18:00,QQQJ
32.98,32.98,32.98,32.98,100,2021-06-09 15:19:00,QQQJ
33.0,33.0,32.99,32.99,200,2021-06-09 15:21:00,QQQJ
32.98,32.98,32.98,32.98,100,2021-06-09 15:24:00,QQQJ
32.98,32.98,32.98,32.98,302,2021-06-09 15:25:00,QQQJ
32.98,32.98,32.98,32.98,100,2021-06-09 15:26:00,QQQJ
32.99,32.99,32.99,32.99,200,2021-06-09 15:27:00,QQQJ
33.0,33.0,33.0,33.0,100,2021-06-09 15:28:00,QQQJ
33.009,33.009,33.009,33.009,100,2021-06-09 15:29:00,QQQJ
32.99,32.99,32.99,32.99,100,2021-06-09 15:30:00,QQQJ
33.01,33.01,33.0067,33.0067,870,2021-06-09 15:32:00,QQQJ
32.99,32.99,32.99,32.99,100,2021-06-09 15:35:00,QQQJ
32.99,32.99,32.99,32.99,100,2021-06-09 15:36:00,QQQJ
32.99,33.0,32.99,33.0,400,2021-06-09 15:37:00,QQQJ
32.995,32.995,32.99,32.99,535,2021-06-09 15:39:00,QQQJ
32.99,32.994,32.99,32.994,351,2021-06-09 15:40:00,QQQJ
32.99,32.99,32.99,32.99,100,2021-06-09 15:41:00,QQQJ
33.0,33.0,33.0,33.0,100,2021-06-09 15:44:00,QQQJ
32.99,32.99,32.99,32.99,100,2021-06-09 15:45:00,QQQJ
32.99,32.99,32.99,32.99,315,2021-06-09 15:48:00,QQQJ
32.98,32.98,32.98,32.98,100,2021-06-09 15:50:00,QQQJ
32.99,32.99,32.98,32.98,200,2021-06-09 15:51:00,QQQJ
32.97,32.97,32.97,32.97,100,2021-06-09 15:52:00,QQQJ
32.9733,32.9733,32.9733,32.9733,122,2021-06-09 15:53:00,QQQJ
32.95,32.95,32.95,32.95,200,2021-06-09 15:55:00,QQQJ
32.94,32.94,32.94,32.94,117,2021-06-09 15:56:00,QQQJ
32.93,32.93,32.93,32.93,234,2021-06-09 15:57:00,QQQJ
32.93,32.93,32.93,32.93,100,2021-06-09 16:00:00,QQQJ
32.95,32.95,32.95,32.95,500,2021-06-09 16:02:00,QQQJ
32.95,32.95,32.95,32.95,147,2021-06-09 16:08:00,QQQJ
32.944,32.97,32.944,32.97,200,2021-06-09 16:09:00,QQQJ
32.97,32.98,32.97,32.98,200,2021-06-09 16:10:00,QQQJ
32.98,32.98,32.98,32.98,147,2021-06-09 16:11:00,QQQJ
32.98,32.99,32.98,32.99,200,2021-06-09 16:13:00,QQQJ
33.0044,33.0044,33.0044,33.0044,401,2021-06-09 16:14:00,QQQJ
32.99,32.99,32.99,32.99,100,2021-06-09 16:20:00,QQQJ
33.0137,33.0137,33.0137,33.0137,475,2021-06-09 16:22:00,QQQJ
33.01,33.01,33.01,33.01,100,2021-06-09 16:23:00,QQQJ
33.0032,33.0032,33.0032,33.0032,1500,2021-06-09 16:28:00,QQQJ
33.02,33.02,33.02,33.02,101,2021-06-09 16:29:00,QQQJ
33.0395,33.0395,33.0395,33.0395,191,2021-06-09 16:33:00,QQQJ
33.04,33.04,33.04,33.04,303,2021-06-09 16:35:00,QQQJ
33.04,33.06,33.04,33.06,307,2021-06-09 16:38:00,QQQJ
33.0401,33.041,33.0401,33.041,1177,2021-06-09 16:39:00,QQQJ
33.05,33.05,33.05,33.05,100,2021-06-09 16:41:00,QQQJ
33.05,33.05,33.05,33.05,100,2021-06-09 16:42:00,QQQJ
33.055,33.055,33.055,33.055,204,2021-06-09 16:43:00,QQQJ
33.06,33.06,33.055,33.06,1150,2021-06-09 16:44:00,QQQJ
33.06,33.06,33.06,33.06,150,2021-06-09 16:45:00,QQQJ
33.06,33.06,33.05,33.05,200,2021-06-09 16:46:00,QQQJ
33.0571,33.0571,33.05,33.055,1001,2021-06-09 16:47:00,QQQJ
33.06,33.06,33.06,33.06,350,2021-06-09 16:48:00,QQQJ
33.06,33.06,33.06,33.06,100,2021-06-09 16:50:00,QQQJ
33.07,33.07,33.07,33.07,100,2021-06-09 16:51:00,QQQJ
33.06,33.08,33.06,33.07,5605,2021-06-09 16:54:00,QQQJ
33.07,33.07,33.07,33.07,455,2021-06-09 16:55:00,QQQJ
33.07,33.07,33.07,33.07,3080,2021-06-09 16:56:00,QQQJ
33.07,33.07,33.0699,33.0699,587,2021-06-09 16:57:00,QQQJ
33.0875,33.0875,33.0875,33.0875,128,2021-06-09 17:02:00,QQQJ
33.08,33.08,33.08,33.08,100,2021-06-09 17:04:00,QQQJ
33.09,33.09,33.09,33.09,100,2021-06-09 17:05:00,QQQJ
33.09,33.09,33.09,33.09,100,2021-06-09 17:09:00,QQQJ
33.0716,33.0716,33.062,33.062,500,2021-06-09 17:12:00,QQQJ
33.0575,33.0575,33.0575,33.0575,405,2021-06-09 17:15:00,QQQJ
33.04,33.04,33.04,33.04,100,2021-06-09 17:16:00,QQQJ
33.06,33.0713,33.06,33.0713,409,2021-06-09 17:17:00,QQQJ
33.06,33.07,33.06,33.07,300,2021-06-09 17:19:00,QQQJ
33.07,33.07,33.07,33.07,500,2021-06-09 17:22:00,QQQJ
33.07,33.07,33.07,33.07,100,2021-06-09 17:24:00,QQQJ
33.07,33.07,33.07,33.07,100,2021-06-09 17:25:00,QQQJ
33.07,33.07,33.07,33.07,455,2021-06-09 17:28:00,QQQJ
33.0799,33.0799,33.05,33.06,626,2021-06-09 17:29:00,QQQJ
33.05,33.05,33.05,33.05,995,2021-06-09 17:30:00,QQQJ
33.0599,33.0599,33.0599,33.0599,100,2021-06-09 17:31:00,QQQJ
33.04,33.04,33.04,33.04,100,2021-06-09 17:32:00,QQQJ
33.0544,33.0544,33.0544,33.0544,101,2021-06-09 17:33:00,QQQJ
33.06,33.06,33.06,33.06,100,2021-06-09 17:34:00,QQQJ
33.0426,33.0426,33.0426,33.0426,300,2021-06-09 17:36:00,QQQJ
33.03,33.0328,33.03,33.0328,600,2021-06-09 17:38:00,QQQJ
33.0444,33.0444,33.0444,33.0444,1000,2021-06-09 17:39:00,QQQJ
33.03,33.03,33.03,33.03,1507,2021-06-09 17:40:00,QQQJ
33.01,33.015,33.01,33.015,300,2021-06-09 17:41:00,QQQJ
33.01,33.01,33.01,33.01,285,2021-06-09 17:42:00,QQQJ
33.02,33.02,33.02,33.02,100,2021-06-09 17:43:00,QQQJ
33.0234,33.03,33.02,33.02,3323,2021-06-09 17:44:00,QQQJ
33.02,33.024,33.02,33.024,450,2021-06-09 17:46:00,QQQJ
33.03,33.03,33.03,33.03,100,2021-06-09 17:47:00,QQQJ
33.0275,33.0275,33.0275,33.0275,300,2021-06-09 17:48:00,QQQJ
33.025,33.025,33.02,33.02,1000,2021-06-09 17:49:00,QQQJ
33.0359,33.0371,33.0351,33.0351,3874,2021-06-09 17:50:00,QQQJ
33.03,33.03,33.025,33.03,600,2021-06-09 17:51:00,QQQJ
33.025,33.025,33.025,33.025,240,2021-06-09 17:52:00,QQQJ
33.02,33.025,33.02,33.025,502,2021-06-09 17:53:00,QQQJ
33.024,33.024,33.024,33.024,250,2021-06-09 17:54:00,QQQJ
33.04,33.04,33.0398,33.04,669,2021-06-09 17:55:00,QQQJ
33.03,33.03,33.02,33.02,414,2021-06-09 17:56:00,QQQJ
33.0267,33.0267,33.0134,33.0134,1350,2021-06-09 17:57:00,QQQJ
33.01,33.01,33.01,33.01,320,2021-06-09 17:58:00,QQQJ
33.0,33.009,33.0,33.0054,1610,2021-06-09 17:59:00,QQQJ
33.02,33.02,33.02,33.02,250,2021-06-09 18:01:00,QQQJ
33.0225,33.0225,33.0225,33.0225,300,2021-06-09 18:02:00,QQQJ
33.04,33.04,33.04,33.04,300,2021-06-09 18:03:00,QQQJ
33.0284,33.0284,33.0284,33.0284,300,2021-06-09 18:05:00,QQQJ
33.03,33.03,33.03,33.03,100,2021-06-09 18:07:00,QQQJ
33.0,33.0,33.0,33.0,100,2021-06-09 18:09:00,QQQJ
33.01,33.01,33.01,33.01,100,2021-06-09 18:10:00,QQQJ
33.0,33.0,33.0,33.0,217,2021-06-09 18:11:00,QQQJ
32.99,33.0,32.99,33.0,350,2021-06-09 18:12:00,QQQJ
33.01,33.01,33.01,33.01,300,2021-06-09 18:15:00,QQQJ
33.02,33.02,33.02,33.02,100,2021-06-09 18:16:00,QQQJ
33.011,33.011,33.01,33.01,656,2021-06-09 18:17:00,QQQJ
33.01,33.01,33.01,33.01,300,2021-06-09 18:18:00,QQQJ
32.995,33.0034,32.995,33.0034,500,2021-06-09 18:19:00,QQQJ
33.005,33.005,33.005,33.005,400,2021-06-09 18:20:00,QQQJ
33.01,33.01,33.01,33.01,152,2021-06-09 18:21:00,QQQJ
33.0112,33.0112,33.0043,33.0043,843,2021-06-09 18:22:00,QQQJ
33.01,33.01,33.01,33.01,100,2021-06-09 18:23:00,QQQJ
33.01,33.0112,33.01,33.0112,200,2021-06-09 18:25:00,QQQJ
33.0284,33.03,33.025,33.025,550,2021-06-09 18:26:00,QQQJ
33.03,33.03,33.03,33.03,200,2021-06-09 18:27:00,QQQJ
33.025,33.025,33.025,33.025,150,2021-06-09 18:28:00,QQQJ
33.027,33.027,33.027,33.027,300,2021-06-09 18:29:00,QQQJ
33.0243,33.0243,33.0243,33.0243,350,2021-06-09 18:31:00,QQQJ
33.015,33.015,33.015,33.015,450,2021-06-09 18:32:00,QQQJ
33.02,33.02,33.02,33.02,600,2021-06-09 18:33:00,QQQJ
33.035,33.035,33.0253,33.03,550,2021-06-09 18:35:00,QQQJ
33.03,33.03,33.0204,33.0204,389,2021-06-09 18:36:00,QQQJ
33.01,33.01,33.01,33.01,550,2021-06-09 18:38:00,QQQJ
33.01,33.01,33.01,33.01,400,2021-06-09 18:39:00,QQQJ
33.015,33.015,33.015,33.015,200,2021-06-09 18:41:00,QQQJ
33.02,33.02,33.02,33.02,300,2021-06-09 18:42:00,QQQJ
33.02,33.025,33.02,33.025,580,2021-06-09 18:43:00,QQQJ
33.01,33.01,33.005,33.01,802,2021-06-09 18:44:00,QQQJ
33.01,33.01,33.01,33.01,300,2021-06-09 18:45:00,QQQJ
33.005,33.005,33.005,33.005,152,2021-06-09 18:47:00,QQQJ
33.005,33.01,33.005,33.0099,1065,2021-06-09 18:48:00,QQQJ
33.0,33.0,33.0,33.0,100,2021-06-09 18:49:00,QQQJ
33.0,33.0,33.0,33.0,100,2021-06-09 18:50:00,QQQJ
33.0,33.0,33.0,33.0,100,2021-06-09 18:51:00,QQQJ
33.005,33.009,33.0,33.0,1100,2021-06-09 18:52:00,QQQJ
33.005,33.005,33.005,33.005,300,2021-06-09 18:53:00,QQQJ
33.01,33.01,33.01,33.01,100,2021-06-09 18:56:00,QQQJ
33.01,33.01,33.01,33.01,300,2021-06-09 18:58:00,QQQJ
33.0,33.0,33.0,33.0,100,2021-06-09 18:59:00,QQQJ
32.99,32.99,32.99,32.99,100,2021-06-09 19:00:00,QQQJ
33.0,33.005,33.0,33.0,1415,2021-06-09 19:04:00,QQQJ
32.9956,33.0,32.995,33.0,1305,2021-06-09 19:05:00,QQQJ
33.0,33.0,33.0,33.0,100,2021-06-09 19:07:00,QQQJ
32.9801,32.9801,32.9801,32.9801,1527,2021-06-09 19:09:00,QQQJ
32.995,32.995,32.995,32.995,100,2021-06-09 19:10:00,QQQJ
33.008,33.008,33.008,33.008,200,2021-06-09 19:11:00,QQQJ
33.0,33.0,32.9998,33.0,300,2021-06-09 19:15:00,QQQJ
32.995,32.995,32.995,32.995,100,2021-06-09 19:18:00,QQQJ
32.995,32.995,32.99,32.995,600,2021-06-09 19:20:00,QQQJ
32.9701,32.9701,32.9701,32.9701,100,2021-06-09 19:21:00,QQQJ
32.96,32.98,32.96,32.98,300,2021-06-09 19:23:00,QQQJ
32.975,32.975,32.975,32.975,100,2021-06-09 19:24:00,QQQJ
32.9692,32.9692,32.9692,32.9692,152,2021-06-09 19:26:00,QQQJ
32.941,32.941,32.94,32.94,2984,2021-06-09 19:28:00,QQQJ
32.9391,32.9391,32.9391,32.9391,6071,2021-06-09 19:29:00,QQQJ
32.92,32.92,32.92,32.92,100,2021-06-09 19:31:00,QQQJ
32.945,32.955,32.945,32.955,2235,2021-06-09 19:33:00,QQQJ
32.95,32.95,32.95,32.95,238,2021-06-09 19:34:00,QQQJ
32.945,32.945,32.945,32.945,100,2021-06-09 19:35:00,QQQJ
32.945,32.945,32.935,32.935,634,2021-06-09 19:36:00,QQQJ
32.944,32.944,32.944,32.944,100,2021-06-09 19:37:00,QQQJ
32.935,32.935,32.935,32.935,200,2021-06-09 19:38:00,QQQJ
32.9387,32.945,32.9387,32.945,332,2021-06-09 19:39:00,QQQJ
32.9355,32.9355,32.9355,32.9355,100,2021-06-09 19:40:00,QQQJ
32.94,32.94,32.93,32.93,400,2021-06-09 19:41:00,QQQJ
32.92,32.92,32.92,32.92,1250,2021-06-09 19:42:00,QQQJ
32.9,32.9,32.9,32.9,100,2021-06-09 19:44:00,QQQJ
32.905,32.915,32.905,32.915,500,2021-06-09 19:45:00,QQQJ
32.915,32.929,32.915,32.925,916,2021-06-09 19:46:00,QQQJ
32.925,32.925,32.92,32.925,698,2021-06-09 19:47:00,QQQJ
32.925,32.925,32.925,32.925,188,2021-06-09 19:48:00,QQQJ
32.925,32.925,32.925,32.925,100,2021-06-09 19:49:00,QQQJ
32.92,32.92,32.91,32.91,551,2021-06-09 19:50:00,QQQJ
32.919,32.919,32.919,32.919,519,2021-06-09 19:51:00,QQQJ
32.93,32.93,32.93,32.93,100,2021-06-09 19:52:00,QQQJ
32.93,32.93,32.93,32.93,400,2021-06-09 19:53:00,QQQJ
32.9264,32.9264,32.9264,32.9264,738,2021-06-09 19:54:00,QQQJ
32.92,32.92,32.915,32.915,8802,2021-06-09 19:55:00,QQQJ
32.915,32.92,32.915,32.92,1529,2021-06-09 19:56:00,QQQJ
32.915,32.92,32.91,32.915,1536,2021-06-09 19:57:00,QQQJ
32.9111,32.9111,32.9111,32.9111,1355,2021-06-09 19:58:00,QQQJ
32.91,32.918,32.89,32.89,4576,2021-06-09 19:59:00,QQQJ
32.89,32.89,32.89,32.89,917,2021-06-09 20:00:00,QQQJ
32.97,32.97,32.92,32.96,6262,2021-06-10 13:30:00,QQQJ
32.92,32.92,32.9,32.9,300,2021-06-10 13:31:00,QQQJ
32.89,32.9,32.89,32.9,466,2021-06-10 13:32:00,QQQJ
33.0,33.0,33.0,33.0,100,2021-06-10 13:33:00,QQQJ
33.005,33.02,33.005,33.02,450,2021-06-10 13:34:00,QQQJ
33.078,33.08,33.078,33.08,500,2021-06-10 13:35:00,QQQJ
33.07,33.0884,33.07,33.0884,3378,2021-06-10 13:37:00,QQQJ
33.08,33.08,33.08,33.08,855,2021-06-10 13:38:00,QQQJ
33.09,33.1,33.09,33.0998,5150,2021-06-10 13:39:00,QQQJ
33.1,33.11,33.1,33.11,300,2021-06-10 13:40:00,QQQJ
33.1204,33.1204,33.114,33.114,2450,2021-06-10 13:42:00,QQQJ
33.11,33.11,33.0867,33.0867,949,2021-06-10 13:43:00,QQQJ
33.08,33.08,33.08,33.08,3642,2021-06-10 13:44:00,QQQJ
33.15,33.155,33.15,33.155,247,2021-06-10 13:46:00,QQQJ
33.16,33.17,33.16,33.17,200,2021-06-10 13:48:00,QQQJ
33.15,33.1559,33.15,33.1559,815,2021-06-10 13:53:00,QQQJ
33.14,33.14,33.1288,33.14,1895,2021-06-10 13:54:00,QQQJ
33.16,33.16,33.16,33.16,200,2021-06-10 13:55:00,QQQJ
33.18,33.18,33.18,33.18,806,2021-06-10 13:56:00,QQQJ
33.16,33.16,33.1499,33.1499,440,2021-06-10 13:59:00,QQQJ
33.1289,33.1289,33.1289,33.1289,287,2021-06-10 14:00:00,QQQJ
33.1142,33.1142,33.1142,33.1142,300,2021-06-10 14:01:00,QQQJ
33.15,33.19,33.15,33.19,481,2021-06-10 14:02:00,QQQJ
33.17,33.17,33.17,33.17,100,2021-06-10 14:04:00,QQQJ
33.16,33.16,33.15,33.15,2363,2021-06-10 14:05:00,QQQJ
33.18,33.18,33.15,33.15,350,2021-06-10 14:09:00,QQQJ
33.111,33.111,33.111,33.111,100,2021-06-10 14:11:00,QQQJ
33.12,33.12,33.12,33.12,100,2021-06-10 14:12:00,QQQJ
33.11,33.11,33.11,33.11,500,2021-06-10 14:13:00,QQQJ
33.08,33.0902,33.08,33.0902,651,2021-06-10 14:14:00,QQQJ
33.1397,33.16,33.1397,33.16,400,2021-06-10 14:16:00,QQQJ
33.15,33.15,33.1499,33.1499,260,2021-06-10 14:17:00,QQQJ
33.15,33.15,33.1417,33.1417,300,2021-06-10 14:18:00,QQQJ
33.15,33.15,33.1498,33.1498,896,2021-06-10 14:19:00,QQQJ
33.1784,33.1784,33.1784,33.1784,610,2021-06-10 14:20:00,QQQJ
33.13,33.13,33.12,33.12,1700,2021-06-10 14:21:00,QQQJ
33.105,33.1197,33.1,33.1,650,2021-06-10 14:22:00,QQQJ
33.12,33.12,33.12,33.12,200,2021-06-10 14:24:00,QQQJ
33.14,33.14,33.1243,33.1243,1245,2021-06-10 14:28:00,QQQJ
33.14,33.14,33.1399,33.1399,200,2021-06-10 14:29:00,QQQJ
33.14,33.14,33.14,33.14,297,2021-06-10 14:31:00,QQQJ
33.1344,33.14,33.1344,33.137,4500,2021-06-10 14:32:00,QQQJ
33.15,33.15,33.15,33.15,700,2021-06-10 14:34:00,QQQJ
33.15,33.15,33.15,33.15,847,2021-06-10 14:35:00,QQQJ
33.115,33.115,33.084,33.084,300,2021-06-10 14:36:00,QQQJ
33.0899,33.0899,33.0899,33.0899,252,2021-06-10 14:37:00,QQQJ
33.08,33.08,33.073,33.073,1910,2021-06-10 14:38:00,QQQJ
33.08,33.08,33.08,33.08,126,2021-06-10 14:39:00,QQQJ
33.05,33.05,33.0413,33.0413,1100,2021-06-10 14:42:00,QQQJ
33.03,33.035,33.015,33.015,705,2021-06-10 14:43:00,QQQJ
33.02,33.02,33.02,33.02,100,2021-06-10 14:44:00,QQQJ
33.0,33.0,32.97,32.97,2019,2021-06-10 14:45:00,QQQJ
32.96,32.96,32.96,32.96,139,2021-06-10 14:46:00,QQQJ
32.95,32.95,32.95,32.95,200,2021-06-10 14:48:00,QQQJ
32.94,32.94,32.92,32.93,500,2021-06-10 14:49:00,QQQJ
32.92,32.92,32.9,32.9,218,2021-06-10 14:50:00,QQQJ
32.94,32.94,32.935,32.935,200,2021-06-10 14:51:00,QQQJ
32.95,32.95,32.94,32.94,511,2021-06-10 14:52:00,QQQJ
32.95,32.95,32.92,32.92,468,2021-06-10 14:54:00,QQQJ
32.96,32.96,32.96,32.96,1403,2021-06-10 14:57:00,QQQJ
32.98,32.98,32.98,32.98,100,2021-06-10 14:58:00,QQQJ
32.97,32.97,32.97,32.97,100,2021-06-10 14:59:00,QQQJ
32.97,32.97,32.94,32.94,1700,2021-06-10 15:00:00,QQQJ
32.97,32.97,32.97,32.97,300,2021-06-10 15:03:00,QQQJ
32.97,32.97,32.97,32.97,100,2021-06-10 15:05:00,QQQJ
32.9799,32.9799,32.9799,32.9799,227,2021-06-10 15:07:00,QQQJ
33.014,33.014,33.014,33.014,208,2021-06-10 15:09:00,QQQJ
33.0,33.0,33.0,33.0,3176,2021-06-10 15:10:00,QQQJ
33.01,33.01,33.01,33.01,100,2021-06-10 15:12:00,QQQJ
33.01,33.01,33.01,33.01,100,2021-06-10 15:14:00,QQQJ
33.03,33.03,33.03,33.03,100,2021-06-10 15:17:00,QQQJ
33.0599,33.0599,33.0599,33.0599,585,2021-06-10 15:23:00,QQQJ
33.0575,33.0575,33.0575,33.0575,400,2021-06-10 15:24:00,QQQJ
33.0486,33.0486,33.0486,33.0486,756,2021-06-10 15:38:00,QQQJ
33.04,33.04,33.0301,33.0301,619,2021-06-10 15:41:00,QQQJ
33.03,33.03,33.0134,33.0134,200,2021-06-10 15:42:00,QQQJ
33.02,33.035,33.02,33.035,700,2021-06-10 15:45:00,QQQJ
33.0484,33.0484,33.0484,33.0484,3000,2021-06-10 15:46:00,QQQJ
33.049,33.049,33.049,33.049,200,2021-06-10 15:48:00,QQQJ
33.0434,33.0434,33.04,33.04,1295,2021-06-10 15:49:00,QQQJ
33.058,33.058,33.058,33.058,120,2021-06-10 15:50:00,QQQJ
33.02,33.02,33.02,33.02,150,2021-06-10 15:53:00,QQQJ
33.03,33.03,33.03,33.03,100,2021-06-10 15:54:00,QQQJ
33.0318,33.0318,33.0318,33.0318,100,2021-06-10 15:55:00,QQQJ
33.0412,33.0412,33.0412,33.0412,150,2021-06-10 15:58:00,QQQJ
33.04,33.05,33.04,33.05,2200,2021-06-10 16:00:00,QQQJ
33.03,33.03,33.03,33.03,300,2021-06-10 16:01:00,QQQJ
33.0332,33.0332,33.0332,33.0332,564,2021-06-10 16:02:00,QQQJ
33.04,33.04,33.04,33.04,119,2021-06-10 16:07:00,QQQJ
33.03,33.03,33.03,33.03,100,2021-06-10 16:10:00,QQQJ
33.04,33.04,33.04,33.04,100,2021-06-10 16:11:00,QQQJ
33.0401,33.0401,33.0401,33.0401,300,2021-06-10 16:13:00,QQQJ
33.039,33.039,33.039,33.039,100,2021-06-10 16:14:00,QQQJ
33.059,33.059,33.0517,33.0517,738,2021-06-10 16:16:00,QQQJ
33.06,33.06,33.06,33.06,266,2021-06-10 16:18:00,QQQJ
33.062,33.062,33.062,33.062,520,2021-06-10 16:20:00,QQQJ
33.08,33.08,33.08,33.08,200,2021-06-10 16:21:00,QQQJ
33.076,33.076,33.076,33.076,200,2021-06-10 16:25:00,QQQJ
33.06,33.06,33.06,33.06,100,2021-06-10 16:27:00,QQQJ
33.055,33.06,33.055,33.06,650,2021-06-10 16:28:00,QQQJ
33.05,33.05,33.05,33.05,100,2021-06-10 16:31:00,QQQJ
33.089,33.089,33.08,33.08,3800,2021-06-10 16:33:00,QQQJ
33.11,33.11,33.11,33.11,100,2021-06-10 16:38:00,QQQJ
33.12,33.12,33.12,33.12,200,2021-06-10 16:42:00,QQQJ
33.11,33.11,33.11,33.11,300,2021-06-10 16:43:00,QQQJ
33.1241,33.1241,33.1241,33.1241,100,2021-06-10 16:44:00,QQQJ
33.13,33.13,33.13,33.13,130,2021-06-10 16:45:00,QQQJ
33.12,33.1382,33.12,33.1382,818,2021-06-10 16:46:00,QQQJ
33.13,33.13,33.13,33.13,258,2021-06-10 16:48:00,QQQJ
33.15,33.15,33.15,33.15,300,2021-06-10 16:50:00,QQQJ
33.15,33.15,33.15,33.15,200,2021-06-10 16:51:00,QQQJ
33.147,33.15,33.147,33.15,629,2021-06-10 16:54:00,QQQJ
33.15,33.16,33.15,33.155,300,2021-06-10 16:55:00,QQQJ
33.1553,33.1553,33.15,33.15,661,2021-06-10 16:56:00,QQQJ
33.16,33.16,33.16,33.16,100,2021-06-10 16:58:00,QQQJ
33.17,33.17,33.17,33.17,100,2021-06-10 17:00:00,QQQJ
33.17,33.17,33.17,33.17,150,2021-06-10 17:01:00,QQQJ
33.15,33.15,33.15,33.15,100,2021-06-10 17:02:00,QQQJ
33.18,33.18,33.18,33.18,299,2021-06-10 17:05:00,QQQJ
33.19,33.2019,33.19,33.2019,1036,2021-06-10 17:10:00,QQQJ
33.2012,33.2012,33.2012,33.2012,181,2021-06-10 17:11:00,QQQJ
33.205,33.212,33.2033,33.2033,750,2021-06-10 17:12:00,QQQJ
33.2,33.21,33.2,33.21,290,2021-06-10 17:13:00,QQQJ
33.205,33.205,33.205,33.205,100,2021-06-10 17:14:00,QQQJ
33.22,33.22,33.21,33.21,300,2021-06-10 17:25:00,QQQJ
33.201,33.205,33.2,33.205,1277,2021-06-10 17:27:00,QQQJ
33.2,33.21,33.2,33.21,526,2021-06-10 17:28:00,QQQJ
33.1928,33.1928,33.1928,33.1928,139,2021-06-10 17:29:00,QQQJ
33.18,33.18,33.18,33.18,4419,2021-06-10 17:31:00,QQQJ
33.21,33.21,33.21,33.21,259,2021-06-10 17:35:00,QQQJ
33.1893,33.196,33.1893,33.196,1700,2021-06-10 17:38:00,QQQJ
33.21,33.21,33.204,33.204,300,2021-06-10 17:41:00,QQQJ
33.21,33.21,33.21,33.21,300,2021-06-10 17:42:00,QQQJ
33.2129,33.2129,33.2129,33.2129,350,2021-06-10 17:45:00,QQQJ
33.2,33.2167,33.2,33.2167,366,2021-06-10 17:48:00,QQQJ
33.2183,33.2183,33.2183,33.2183,150,2021-06-10 17:49:00,QQQJ
33.22,33.2221,33.22,33.2221,770,2021-06-10 17:50:00,QQQJ
33.2284,33.2284,33.2284,33.2284,4000,2021-06-10 17:51:00,QQQJ
33.225,33.225,33.225,33.225,100,2021-06-10 17:53:00,QQQJ
33.23,33.24,33.23,33.24,1224,2021-06-10 17:54:00,QQQJ
33.24,33.24,33.24,33.24,100,2021-06-10 17:55:00,QQQJ
33.232,33.232,33.23,33.23,404,2021-06-10 17:56:00,QQQJ
33.24,33.24,33.24,33.24,250,2021-06-10 17:57:00,QQQJ
33.2499,33.25,33.2499,33.25,2203,2021-06-10 18:04:00,QQQJ
33.27,33.27,33.2609,33.2609,650,2021-06-10 18:05:00,QQQJ
33.27,33.27,33.27,33.27,300,2021-06-10 18:06:00,QQQJ
33.2671,33.279,33.2671,33.2717,1482,2021-06-10 18:09:00,QQQJ
33.2584,33.2584,33.2584,33.2584,120,2021-06-10 18:10:00,QQQJ
33.2484,33.2484,33.2484,33.2484,100,2021-06-10 18:11:00,QQQJ
33.24,33.2545,33.24,33.2545,1200,2021-06-10 18:12:00,QQQJ
33.25,33.25,33.25,33.25,240,2021-06-10 18:16:00,QQQJ
33.24,33.24,33.24,33.24,300,2021-06-10 18:25:00,QQQJ
33.25,33.25,33.25,33.25,100,2021-06-10 18:26:00,QQQJ
33.25,33.26,33.25,33.26,600,2021-06-10 18:27:00,QQQJ
33.26,33.26,33.26,33.26,604,2021-06-10 18:28:00,QQQJ
33.26,33.26,33.26,33.26,600,2021-06-10 18:31:00,QQQJ
33.279,33.279,33.279,33.279,500,2021-06-10 18:32:00,QQQJ
33.26,33.26,33.26,33.26,300,2021-06-10 18:33:00,QQQJ
33.27,33.27,33.27,33.27,800,2021-06-10 18:34:00,QQQJ
33.28,33.28,33.28,33.28,100,2021-06-10 18:35:00,QQQJ
33.2682,33.2682,33.2682,33.2682,600,2021-06-10 18:37:00,QQQJ
33.26,33.28,33.26,33.2741,748,2021-06-10 18:38:00,QQQJ
33.27,33.2706,33.27,33.2706,650,2021-06-10 18:40:00,QQQJ
33.275,33.28,33.275,33.2782,600,2021-06-10 18:42:00,QQQJ
33.29,33.29,33.29,33.29,200,2021-06-10 18:43:00,QQQJ
33.29,33.29,33.29,33.29,250,2021-06-10 18:44:00,QQQJ
33.285,33.29,33.28,33.28,1317,2021-06-10 18:45:00,QQQJ
33.2867,33.29,33.2867,33.29,600,2021-06-10 18:47:00,QQQJ
33.28,33.28,33.28,33.28,200,2021-06-10 18:48:00,QQQJ
33.29,33.29,33.29,33.29,200,2021-06-10 18:51:00,QQQJ
33.3,33.31,33.3,33.31,1483,2021-06-10 18:52:00,QQQJ
33.3,33.3,33.3,33.3,500,2021-06-10 18:54:00,QQQJ
33.31,33.32,33.3,33.3,3103,2021-06-10 18:55:00,QQQJ
33.3,33.31,33.3,33.31,901,2021-06-10 18:56:00,QQQJ
33.309,33.309,33.3013,33.3013,1124,2021-06-10 18:57:00,QQQJ
33.31,33.31,33.31,33.31,100,2021-06-10 18:58:00,QQQJ
33.309,33.309,33.309,33.309,300,2021-06-10 18:59:00,QQQJ
33.295,33.295,33.295,33.295,250,2021-06-10 19:02:00,QQQJ
33.285,33.285,33.285,33.285,600,2021-06-10 19:03:00,QQQJ
33.256,33.256,33.256,33.256,500,2021-06-10 19:04:00,QQQJ
33.26,33.26,33.26,33.26,400,2021-06-10 19:05:00,QQQJ
33.27,33.27,33.27,33.27,196,2021-06-10 19:07:00,QQQJ
33.28,33.28,33.28,33.28,500,2021-06-10 19:08:00,QQQJ
33.28,33.28,33.28,33.28,135,2021-06-10 19:09:00,QQQJ
33.29,33.3,33.29,33.3,1200,2021-06-10 19:10:00,QQQJ
33.3,33.3,33.3,33.3,169,2021-06-10 19:11:00,QQQJ
33.295,33.295,33.295,33.295,291,2021-06-10 19:12:00,QQQJ
33.3,33.3,33.3,33.3,174,2021-06-10 19:13:00,QQQJ
33.2934,33.308,33.2901,33.308,600,2021-06-10 19:14:00,QQQJ
33.297,33.297,33.297,33.297,500,2021-06-10 19:15:00,QQQJ
33.2892,33.29,33.2892,33.29,265,2021-06-10 19:16:00,QQQJ
33.3,33.3,33.3,33.3,100,2021-06-10 19:17:00,QQQJ
33.3,33.3,33.2927,33.3,2001,2021-06-10 19:19:00,QQQJ
33.31,33.31,33.3,33.3,252,2021-06-10 19:21:00,QQQJ
33.3,33.3,33.3,33.3,560,2021-06-10 19:23:00,QQQJ
33.318,33.318,33.318,33.318,155,2021-06-10 19:25:00,QQQJ
33.308,33.308,33.3,33.3,600,2021-06-10 19:26:00,QQQJ
33.294,33.294,33.29,33.29,445,2021-06-10 19:27:00,QQQJ
33.28,33.29,33.28,33.29,1500,2021-06-10 19:29:00,QQQJ
33.28,33.3,33.28,33.3,1053,2021-06-10 19:30:00,QQQJ
33.3,33.3,33.3,33.3,1682,2021-06-10 19:31:00,QQQJ
33.28,33.28,33.27,33.27,1300,2021-06-10 19:33:00,QQQJ
33.2739,33.28,33.2739,33.275,400,2021-06-10 19:34:00,QQQJ
33.268,33.268,33.25,33.26,1400,2021-06-10 19:36:00,QQQJ
33.2615,33.29,33.2615,33.28,4050,2021-06-10 19:37:00,QQQJ
33.27,33.28,33.27,33.28,1600,2021-06-10 19:38:00,QQQJ
33.29,33.29,33.285,33.29,5785,2021-06-10 19:39:00,QQQJ
33.2827,33.2827,33.2827,33.2827,148,2021-06-10 19:40:00,QQQJ
33.28,33.2896,33.2749,33.2749,2175,2021-06-10 19:41:00,QQQJ
33.26,33.26,33.26,33.26,100,2021-06-10 19:42:00,QQQJ
33.28,33.28,33.28,33.28,700,2021-06-10 19:43:00,QQQJ
33.28,33.28,33.28,33.28,300,2021-06-10 19:44:00,QQQJ
33.275,33.275,33.27,33.275,551,2021-06-10 19:45:00,QQQJ
33.275,33.2799,33.275,33.275,629,2021-06-10 19:46:00,QQQJ
33.27,33.275,33.27,33.27,742,2021-06-10 19:47:00,QQQJ
33.27,33.27,33.265,33.265,516,2021-06-10 19:48:00,QQQJ
33.26,33.26,33.2555,33.2555,1500,2021-06-10 19:49:00,QQQJ
33.27,33.3,33.27,33.289,2037,2021-06-10 19:50:00,QQQJ
33.2975,33.31,33.2975,33.305,2808,2021-06-10 19:51:00,QQQJ
33.309,33.31,33.3,33.3019,2822,2021-06-10 19:52:00,QQQJ
33.2999,33.31,33.2999,33.31,4420,2021-06-10 19:53:00,QQQJ
33.305,33.305,33.29,33.29,9782,2021-06-10 19:54:00,QQQJ
33.28,33.29,33.2782,33.28,5017,2021-06-10 19:55:00,QQQJ
33.27,33.2899,33.27,33.2899,1627,2021-06-10 19:56:00,QQQJ
33.289,33.29,33.289,33.29,719,2021-06-10 19:57:00,QQQJ
33.29,33.295,33.29,33.295,600,2021-06-10 19:58:00,QQQJ
33.29,33.3,33.29,33.3,1043,2021-06-10 19:59:00,QQQJ
33.3,33.3,33.3,33.3,16564,2021-06-10 20:00:00,QQQJ
33.3483,33.3483,33.3483,33.3483,100,2021-06-10 21:47:00,QQQJ
33.34,33.34,33.3,33.3,12646,2021-06-11 13:30:00,QQQJ
33.3146,33.3146,33.3146,33.3146,160,2021-06-11 13:31:00,QQQJ
33.33,33.33,33.33,33.33,100,2021-06-11 13:32:00,QQQJ
33.305,33.305,33.27,33.27,300,2021-06-11 13:34:00,QQQJ
33.3,33.33,33.3,33.33,800,2021-06-11 13:35:00,QQQJ
33.348,33.348,33.348,33.348,180,2021-06-11 13:36:00,QQQJ
33.36,33.3675,33.339,33.34,620,2021-06-11 13:38:00,QQQJ
33.3415,33.3415,33.33,33.33,300,2021-06-11 13:39:00,QQQJ
33.36,33.36,33.348,33.36,621,2021-06-11 13:41:00,QQQJ
33.34,33.34,33.34,33.34,200,2021-06-11 13:42:00,QQQJ
33.33,33.33,33.33,33.33,22887,2021-06-11 13:43:00,QQQJ
33.33,33.33,33.3101,33.3292,557,2021-06-11 13:44:00,QQQJ
33.3261,33.3261,33.3261,33.3261,989,2021-06-11 13:45:00,QQQJ
33.32,33.3297,33.32,33.3297,1179,2021-06-11 13:46:00,QQQJ
33.314,33.32,33.314,33.32,201,2021-06-11 13:47:00,QQQJ
33.33,33.33,33.31,33.32,3212,2021-06-11 13:49:00,QQQJ
33.36,33.36,33.3426,33.3426,200,2021-06-11 13:50:00,QQQJ
33.38,33.38,33.38,33.38,285,2021-06-11 13:51:00,QQQJ
33.3875,33.408,33.3875,33.408,450,2021-06-11 13:52:00,QQQJ
33.42,33.425,33.42,33.42,1360,2021-06-11 13:54:00,QQQJ
33.41,33.41,33.3952,33.3952,1367,2021-06-11 13:55:00,QQQJ
33.39,33.39,33.36,33.36,3425,2021-06-11 13:56:00,QQQJ
33.38,33.38,33.3799,33.3799,483,2021-06-11 13:57:00,QQQJ
33.39,33.39,33.39,33.39,300,2021-06-11 13:58:00,QQQJ
33.395,33.395,33.395,33.395,500,2021-06-11 13:59:00,QQQJ
33.42,33.42,33.405,33.405,300,2021-06-11 14:00:00,QQQJ
33.41,33.41,33.41,33.41,400,2021-06-11 14:01:00,QQQJ
33.391,33.391,33.391,33.391,1000,2021-06-11 14:02:00,QQQJ
33.395,33.395,33.382,33.395,1100,2021-06-11 14:04:00,QQQJ
33.387,33.387,33.37,33.374,1594,2021-06-11 14:06:00,QQQJ
33.39,33.39,33.39,33.39,100,2021-06-11 14:07:00,QQQJ
33.3937,33.3937,33.3937,33.3937,1000,2021-06-11 14:08:00,QQQJ
33.42,33.42,33.42,33.42,100,2021-06-11 14:10:00,QQQJ
33.4,33.4,33.4,33.4,1000,2021-06-11 14:11:00,QQQJ
33.41,33.42,33.4078,33.41,4246,2021-06-11 14:12:00,QQQJ
33.4172,33.4172,33.4172,33.4172,1819,2021-06-11 14:14:00,QQQJ
33.4147,33.4147,33.4147,33.4147,100,2021-06-11 14:15:00,QQQJ
33.41,33.41,33.41,33.41,1200,2021-06-11 14:17:00,QQQJ
33.4,33.4,33.39,33.39,900,2021-06-11 14:18:00,QQQJ
33.409,33.409,33.4001,33.4001,1799,2021-06-11 14:19:00,QQQJ
33.41,33.41,33.3941,33.3941,2100,2021-06-11 14:20:00,QQQJ
33.395,33.395,33.3916,33.3916,2909,2021-06-11 14:21:00,QQQJ
33.39,33.4,33.39,33.3985,765,2021-06-11 14:22:00,QQQJ
33.37,33.37,33.3699,33.3699,200,2021-06-11 14:27:00,QQQJ
33.395,33.395,33.395,33.395,500,2021-06-11 14:29:00,QQQJ
33.381,33.381,33.381,33.381,350,2021-06-11 14:30:00,QQQJ
33.39,33.39,33.39,33.39,400,2021-06-11 14:31:00,QQQJ
33.3849,33.385,33.3849,33.385,368,2021-06-11 14:32:00,QQQJ
33.3959,33.3959,33.3959,33.3959,400,2021-06-11 14:33:00,QQQJ
33.3827,33.3827,33.3827,33.3827,150,2021-06-11 14:34:00,QQQJ
33.38,33.38,33.375,33.375,1110,2021-06-11 14:36:00,QQQJ
33.375,33.375,33.37,33.37,480,2021-06-11 14:37:00,QQQJ
33.365,33.38,33.365,33.3758,5435,2021-06-11 14:38:00,QQQJ
33.37,33.37,33.35,33.35,401,2021-06-11 14:39:00,QQQJ
33.35,33.35,33.35,33.35,400,2021-06-11 14:40:00,QQQJ
33.3577,33.3594,33.3577,33.3594,1012,2021-06-11 14:41:00,QQQJ
33.353,33.353,33.353,33.353,150,2021-06-11 14:42:00,QQQJ
33.345,33.345,33.3301,33.3301,657,2021-06-11 14:43:00,QQQJ
33.33,33.33,33.32,33.32,5794,2021-06-11 14:44:00,QQQJ
33.3001,33.3001,33.294,33.294,470,2021-06-11 14:46:00,QQQJ
33.2999,33.2999,33.2999,33.2999,250,2021-06-11 14:47:00,QQQJ
33.3,33.3,33.3,33.3,200,2021-06-11 14:48:00,QQQJ
33.28,33.28,33.28,33.28,300,2021-06-11 14:49:00,QQQJ
33.285,33.29,33.285,33.29,307,2021-06-11 14:50:00,QQQJ
33.31,33.31,33.31,33.31,185,2021-06-11 14:53:00,QQQJ
33.2941,33.2941,33.2941,33.2941,110,2021-06-11 14:54:00,QQQJ
33.3186,33.3186,33.3186,33.3186,200,2021-06-11 14:55:00,QQQJ
33.31,33.31,33.31,33.31,156,2021-06-11 14:56:00,QQQJ
33.32,33.32,33.311,33.311,1208,2021-06-11 14:58:00,QQQJ
33.319,33.32,33.31,33.31,2081,2021-06-11 15:01:00,QQQJ
33.31,33.3102,33.3002,33.3002,300,2021-06-11 15:02:00,QQQJ
33.3075,33.3075,33.3075,33.3075,300,2021-06-11 15:03:00,QQQJ
33.28,33.28,33.28,33.28,1252,2021-06-11 15:04:00,QQQJ
33.31,33.31,33.31,33.31,100,2021-06-11 15:08:00,QQQJ
33.31,33.31,33.31,33.31,102,2021-06-11 15:09:00,QQQJ
33.3207,33.33,33.3207,33.33,1306,2021-06-11 15:10:00,QQQJ
33.34,33.34,33.34,33.34,100,2021-06-11 15:12:00,QQQJ
33.33,33.33,33.33,33.33,500,2021-06-11 15:14:00,QQQJ
33.323,33.323,33.323,33.323,500,2021-06-11 15:15:00,QQQJ
33.34,33.34,33.34,33.34,195,2021-06-11 15:21:00,QQQJ
33.3421,33.3421,33.3421,33.3421,500,2021-06-11 15:22:00,QQQJ
33.3338,33.34,33.3338,33.34,1798,2021-06-11 15:24:00,QQQJ
33.33,33.34,33.33,33.34,500,2021-06-11 15:25:00,QQQJ
33.32,33.32,33.32,33.32,100,2021-06-11 15:26:00,QQQJ
33.33,33.33,33.33,33.33,100,2021-06-11 15:27:00,QQQJ
33.345,33.345,33.345,33.345,680,2021-06-11 15:28:00,QQQJ
33.335,33.34,33.334,33.334,1300,2021-06-11 15:30:00,QQQJ
33.335,33.335,33.3199,33.32,500,2021-06-11 15:32:00,QQQJ
33.329,33.329,33.32,33.32,1080,2021-06-11 15:33:00,QQQJ
33.325,33.325,33.31,33.31,1081,2021-06-11 15:34:00,QQQJ
33.31,33.31,33.31,33.31,187,2021-06-11 15:36:00,QQQJ
33.294,33.294,33.294,33.294,300,2021-06-11 15:37:00,QQQJ
33.3,33.3,33.29,33.29,200,2021-06-11 15:38:00,QQQJ
33.291,33.291,33.291,33.291,100,2021-06-11 15:40:00,QQQJ
33.3,33.3,33.29,33.29,300,2021-06-11 15:41:00,QQQJ
33.29,33.29,33.285,33.285,401,2021-06-11 15:42:00,QQQJ
33.265,33.27,33.265,33.265,900,2021-06-11 15:43:00,QQQJ
33.27,33.27,33.27,33.27,560,2021-06-11 15:44:00,QQQJ
33.27,33.275,33.27,33.275,450,2021-06-11 15:45:00,QQQJ
33.2894,33.309,33.2894,33.309,1071,2021-06-11 15:47:00,QQQJ
33.3032,33.3032,33.3032,33.3032,1500,2021-06-11 15:51:00,QQQJ
33.304,33.304,33.304,33.304,192,2021-06-11 15:52:00,QQQJ
33.31,33.31,33.305,33.305,400,2021-06-11 15:53:00,QQQJ
33.29,33.29,33.29,33.29,500,2021-06-11 15:54:00,QQQJ
33.2987,33.2987,33.2987,33.2987,168,2021-06-11 15:55:00,QQQJ
33.3,33.3,33.3,33.3,250,2021-06-11 15:56:00,QQQJ
33.3,33.3069,33.3,33.3069,2131,2021-06-11 16:01:00,QQQJ
33.2967,33.2967,33.2967,33.2967,622,2021-06-11 16:03:00,QQQJ
33.32,33.32,33.315,33.315,500,2021-06-11 16:04:00,QQQJ
33.3,33.3,33.3,33.3,200,2021-06-11 16:07:00,QQQJ
33.3,33.3,33.3,33.3,100,2021-06-11 16:09:00,QQQJ
33.32,33.32,33.32,33.32,100,2021-06-11 16:10:00,QQQJ
33.305,33.32,33.305,33.32,225,2021-06-11 16:12:00,QQQJ
33.32,33.33,33.3194,33.3194,1720,2021-06-11 16:13:00,QQQJ
33.3087,33.3087,33.3087,33.3087,780,2021-06-11 16:15:00,QQQJ
33.2964,33.3,33.295,33.295,1817,2021-06-11 16:16:00,QQQJ
33.3,33.3,33.3,33.3,300,2021-06-11 16:18:00,QQQJ
33.3,33.3,33.3,33.3,100,2021-06-11 16:19:00,QQQJ
33.3,33.3,33.3,33.3,100,2021-06-11 16:20:00,QQQJ
33.305,33.305,33.305,33.305,100,2021-06-11 16:21:00,QQQJ
33.295,33.295,33.295,33.295,1151,2021-06-11 16:24:00,QQQJ
33.29,33.29,33.29,33.29,100,2021-06-11 16:25:00,QQQJ
33.29,33.29,33.29,33.29,100,2021-06-11 16:27:00,QQQJ
33.28,33.28,33.28,33.28,100,2021-06-11 16:29:00,QQQJ
33.2757,33.29,33.2757,33.29,317,2021-06-11 16:30:00,QQQJ
33.28,33.29,33.28,33.29,300,2021-06-11 16:33:00,QQQJ
33.2897,33.29,33.285,33.29,465,2021-06-11 16:34:00,QQQJ
33.29,33.29,33.2833,33.2833,2553,2021-06-11 16:35:00,QQQJ
33.29,33.3,33.286,33.29,560,2021-06-11 16:36:00,QQQJ
33.3,33.3,33.29,33.29,250,2021-06-11 16:37:00,QQQJ
33.2825,33.2825,33.2825,33.2825,100,2021-06-11 16:40:00,QQQJ
33.275,33.275,33.275,33.275,1202,2021-06-11 16:42:00,QQQJ
33.28,33.28,33.275,33.275,1165,2021-06-11 16:43:00,QQQJ
33.29,33.29,33.29,33.29,400,2021-06-11 16:46:00,QQQJ
33.2755,33.2755,33.27,33.27,233,2021-06-11 16:47:00,QQQJ
33.28,33.28,33.28,33.28,300,2021-06-11 16:48:00,QQQJ
33.275,33.29,33.2719,33.29,790,2021-06-11 16:50:00,QQQJ
33.2867,33.304,33.2867,33.304,446,2021-06-11 16:52:00,QQQJ
33.3013,33.3013,33.3013,33.3013,417,2021-06-11 16:53:00,QQQJ
33.31,33.31,33.31,33.31,200,2021-06-11 16:54:00,QQQJ
33.305,33.305,33.305,33.305,5000,2021-06-11 16:55:00,QQQJ
33.31,33.31,33.31,33.31,200,2021-06-11 16:57:00,QQQJ
33.32,33.32,33.315,33.315,691,2021-06-11 16:59:00,QQQJ
33.33,33.33,33.32,33.32,19110,2021-06-11 17:00:00,QQQJ
33.3,33.3,33.3,33.3,100,2021-06-11 17:02:00,QQQJ
33.28,33.28,33.28,33.28,250,2021-06-11 17:03:00,QQQJ
33.281,33.285,33.281,33.285,200,2021-06-11 17:05:00,QQQJ
33.295,33.295,33.295,33.295,200,2021-06-11 17:06:00,QQQJ
33.29,33.29,33.29,33.29,100,2021-06-11 17:07:00,QQQJ
33.29,33.29,33.29,33.29,200,2021-06-11 17:08:00,QQQJ
33.29,33.29,33.29,33.29,100,2021-06-11 17:09:00,QQQJ
33.305,33.305,33.305,33.305,150,2021-06-11 17:10:00,QQQJ
33.3045,33.31,33.3045,33.31,3300,2021-06-11 17:11:00,QQQJ
33.3175,33.3175,33.3175,33.3175,100,2021-06-11 17:13:00,QQQJ
33.31,33.31,33.31,33.31,250,2021-06-11 17:14:00,QQQJ
33.3,33.3,33.3,33.3,100,2021-06-11 17:15:00,QQQJ
33.3075,33.3075,33.3075,33.3075,100,2021-06-11 17:17:00,QQQJ
33.295,33.3,33.295,33.3,400,2021-06-11 17:18:00,QQQJ
33.2946,33.2946,33.2946,33.2946,125,2021-06-11 17:19:00,QQQJ
33.3075,33.309,33.3058,33.3058,760,2021-06-11 17:20:00,QQQJ
33.305,33.305,33.305,33.305,100,2021-06-11 17:21:00,QQQJ
33.302,33.302,33.302,33.302,150,2021-06-11 17:22:00,QQQJ
33.31,33.31,33.31,33.31,200,2021-06-11 17:24:00,QQQJ
33.31,33.315,33.3063,33.315,580,2021-06-11 17:25:00,QQQJ
33.3087,33.3087,33.3087,33.3087,1000,2021-06-11 17:26:00,QQQJ
33.305,33.305,33.305,33.305,640,2021-06-11 17:29:00,QQQJ
33.31,33.31,33.31,33.31,100,2021-06-11 17:31:00,QQQJ
33.315,33.315,33.31,33.31,300,2021-06-11 17:33:00,QQQJ
33.293,33.293,33.293,33.293,144,2021-06-11 17:35:00,QQQJ
33.29,33.29,33.29,33.29,550,2021-06-11 17:36:00,QQQJ
33.29,33.29,33.29,33.29,165,2021-06-11 17:37:00,QQQJ
33.31,33.31,33.3075,33.31,700,2021-06-11 17:38:00,QQQJ
33.3062,33.31,33.305,33.3058,729,2021-06-11 17:39:00,QQQJ
33.31,33.31,33.308,33.308,1185,2021-06-11 17:40:00,QQQJ
33.305,33.305,33.305,33.305,757,2021-06-11 17:42:00,QQQJ
33.315,33.315,33.315,33.315,200,2021-06-11 17:43:00,QQQJ
33.315,33.315,33.315,33.315,100,2021-06-11 17:45:00,QQQJ
33.31,33.31,33.31,33.31,200,2021-06-11 17:46:00,QQQJ
33.32,33.33,33.32,33.33,304,2021-06-11 17:48:00,QQQJ
33.33,33.33,33.3297,33.3297,1300,2021-06-11 17:50:00,QQQJ
33.3275,33.33,33.3275,33.33,200,2021-06-11 17:52:00,QQQJ
33.32,33.32,33.32,33.32,400,2021-06-11 17:54:00,QQQJ
33.32,33.32,33.32,33.32,100,2021-06-11 17:55:00,QQQJ
33.32,33.32,33.32,33.32,220,2021-06-11 17:56:00,QQQJ
33.3,33.32,33.3,33.3174,1939,2021-06-11 17:57:00,QQQJ
33.3198,33.3198,33.3198,33.3198,200,2021-06-11 17:59:00,QQQJ
33.33,33.34,33.32,33.32,1778,2021-06-11 18:02:00,QQQJ
33.325,33.325,33.325,33.325,151,2021-06-11 18:03:00,QQQJ
33.33,33.33,33.33,33.33,118,2021-06-11 18:04:00,QQQJ
33.33,33.3335,33.33,33.3335,300,2021-06-11 18:05:00,QQQJ
33.3301,33.339,33.3301,33.339,600,2021-06-11 18:06:00,QQQJ
33.33,33.33,33.33,33.33,300,2021-06-11 18:08:00,QQQJ
33.3186,33.3284,33.3186,33.3284,1000,2021-06-11 18:09:00,QQQJ
33.3375,33.3375,33.3375,33.3375,100,2021-06-11 18:10:00,QQQJ
33.34,33.34,33.335,33.335,1070,2021-06-11 18:12:00,QQQJ
33.349,33.349,33.3319,33.3319,350,2021-06-11 18:13:00,QQQJ
33.34,33.34,33.34,33.34,200,2021-06-11 18:16:00,QQQJ
33.345,33.345,33.345,33.345,300,2021-06-11 18:17:00,QQQJ
33.35,33.35,33.35,33.35,200,2021-06-11 18:19:00,QQQJ
33.3401,33.35,33.34,33.34,1548,2021-06-11 18:20:00,QQQJ
33.34,33.34,33.34,33.34,131,2021-06-11 18:21:00,QQQJ
33.33,33.335,33.33,33.33,998,2021-06-11 18:22:00,QQQJ
33.3399,33.3399,33.3301,33.3301,454,2021-06-11 18:23:00,QQQJ
33.3475,33.3475,33.3475,33.3475,200,2021-06-11 18:24:00,QQQJ
33.355,33.355,33.355,33.355,500,2021-06-11 18:25:00,QQQJ
33.36,33.36,33.36,33.36,100,2021-06-11 18:26:00,QQQJ
33.36,33.369,33.36,33.36,786,2021-06-11 18:27:00,QQQJ
33.355,33.365,33.355,33.365,601,2021-06-11 18:28:00,QQQJ
33.365,33.365,33.3601,33.3601,1000,2021-06-11 18:29:00,QQQJ
33.3675,33.3675,33.365,33.365,200,2021-06-11 18:30:00,QQQJ
33.37,33.37,33.35,33.35,1157,2021-06-11 18:32:00,QQQJ
33.35,33.3598,33.35,33.3598,533,2021-06-11 18:33:00,QQQJ
33.3525,33.37,33.3525,33.37,405,2021-06-11 18:34:00,QQQJ
33.36,33.36,33.36,33.36,880,2021-06-11 18:35:00,QQQJ
33.369,33.3699,33.36,33.3699,1300,2021-06-11 18:36:00,QQQJ
33.36,33.36,33.36,33.36,100,2021-06-11 18:37:00,QQQJ
33.3694,33.3694,33.3694,33.3694,899,2021-06-11 18:39:00,QQQJ
33.365,33.365,33.365,33.365,200,2021-06-11 18:40:00,QQQJ
33.36,33.36,33.36,33.36,139,2021-06-11 18:41:00,QQQJ
33.3675,33.3675,33.3675,33.3675,100,2021-06-11 18:42:00,QQQJ
33.37,33.373,33.3628,33.373,2414,2021-06-11 18:44:00,QQQJ
33.36,33.36,33.36,33.36,200,2021-06-11 18:46:00,QQQJ
33.37,33.37,33.37,33.37,100,2021-06-11 18:48:00,QQQJ
33.37,33.38,33.37,33.38,1440,2021-06-11 18:49:00,QQQJ
33.375,33.375,33.375,33.375,200,2021-06-11 18:51:00,QQQJ
33.36,33.36,33.35,33.35,1161,2021-06-11 18:52:00,QQQJ
33.37,33.37,33.37,33.37,1108,2021-06-11 18:54:00,QQQJ
33.375,33.375,33.37,33.37,1500,2021-06-11 18:55:00,QQQJ
33.385,33.385,33.38,33.38,1600,2021-06-11 18:58:00,QQQJ
33.37,33.38,33.37,33.375,819,2021-06-11 18:59:00,QQQJ
33.38,33.38,33.375,33.38,844,2021-06-11 19:01:00,QQQJ
33.37,33.37,33.365,33.365,600,2021-06-11 19:04:00,QQQJ
33.365,33.365,33.36,33.36,300,2021-06-11 19:05:00,QQQJ
33.3581,33.3581,33.3581,33.3581,482,2021-06-11 19:07:00,QQQJ
33.36,33.36,33.36,33.36,100,2021-06-11 19:08:00,QQQJ
33.365,33.37,33.365,33.3691,2500,2021-06-11 19:09:00,QQQJ
33.37,33.37,33.37,33.37,376,2021-06-11 19:10:00,QQQJ
33.375,33.375,33.375,33.375,200,2021-06-11 19:11:00,QQQJ
33.37,33.37,33.3658,33.3658,400,2021-06-11 19:12:00,QQQJ
33.36,33.36,33.36,33.36,350,2021-06-11 19:13:00,QQQJ
33.3599,33.3599,33.35,33.35,552,2021-06-11 19:14:00,QQQJ
33.37,33.37,33.3699,33.37,3595,2021-06-11 19:16:00,QQQJ
33.37,33.37,33.37,33.37,400,2021-06-11 19:17:00,QQQJ
33.37,33.37,33.3658,33.37,1184,2021-06-11 19:18:00,QQQJ
33.37,33.38,33.37,33.38,18068,2021-06-11 19:19:00,QQQJ
33.375,33.39,33.375,33.39,2870,2021-06-11 19:20:00,QQQJ
33.38,33.3891,33.38,33.38,3016,2021-06-11 19:21:00,QQQJ
33.38,33.38,33.38,33.38,438,2021-06-11 19:22:00,QQQJ
33.38,33.38,33.377,33.3799,1918,2021-06-11 19:25:00,QQQJ
33.38,33.38,33.3758,33.3758,338,2021-06-11 19:26:00,QQQJ
33.38,33.385,33.38,33.385,634,2021-06-11 19:27:00,QQQJ
33.385,33.385,33.3825,33.3825,300,2021-06-11 19:29:00,QQQJ
33.3944,33.3944,33.3944,33.3944,200,2021-06-11 19:31:00,QQQJ
33.395,33.399,33.39,33.395,828,2021-06-11 19:32:00,QQQJ
33.395,33.395,33.395,33.395,100,2021-06-11 19:33:00,QQQJ
33.395,33.4,33.395,33.4,297,2021-06-11 19:36:00,QQQJ
33.3915,33.3915,33.3915,33.3915,500,2021-06-11 19:37:00,QQQJ
33.3951,33.3951,33.3951,33.3951,200,2021-06-11 19:38:00,QQQJ
33.39,33.39,33.38,33.39,1558,2021-06-11 19:40:00,QQQJ
33.385,33.385,33.37,33.37,500,2021-06-11 19:41:00,QQQJ
33.375,33.38,33.37,33.38,830,2021-06-11 19:42:00,QQQJ
33.385,33.385,33.385,33.385,300,2021-06-11 19:43:00,QQQJ
33.38,33.38,33.375,33.375,780,2021-06-11 19:45:00,QQQJ
33.3727,33.3727,33.3727,33.3727,150,2021-06-11 19:46:00,QQQJ
33.38,33.39,33.3799,33.385,3954,2021-06-11 19:47:00,QQQJ
33.38,33.39,33.38,33.386,30248,2021-06-11 19:48:00,QQQJ
33.38,33.38,33.38,33.38,8666,2021-06-11 19:49:00,QQQJ
33.4,33.4,33.39,33.39,1005,2021-06-11 19:50:00,QQQJ
33.39,33.39,33.3851,33.3851,529,2021-06-11 19:51:00,QQQJ
33.39,33.39,33.39,33.39,100,2021-06-11 19:53:00,QQQJ
33.4,33.41,33.4,33.405,2514,2021-06-11 19:54:00,QQQJ
33.415,33.415,33.415,33.415,200,2021-06-11 19:55:00,QQQJ
33.41,33.41,33.41,33.41,1061,2021-06-11 19:56:00,QQQJ
33.42,33.42,33.42,33.42,100,2021-06-11 19:57:00,QQQJ
33.42,33.425,33.42,33.425,400,2021-06-11 19:58:00,QQQJ
33.43,33.43,33.425,33.43,7797,2021-06-11 19:59:00,QQQJ
33.43,33.43,33.43,33.43,1100,2021-06-11 20:00:00,QQQJ
33.49,33.5,33.49,33.5,1976,2021-06-11 20:11:00,QQQJ
33.5,33.5,33.5,33.5,300,2021-06-11 20:19:00,QQQJ
33.4,33.4,33.4,33.4,230,2021-06-11 21:01:00,QQQJ
