open,high,low,close,volume,datetime,symbol
2.61,2.61,2.61,2.61,1000,2021-06-01 13:29:00,SND
2.64,2.65,2.58,2.58,14279,2021-06-01 13:30:00,SND
2.59,2.605,2.59,2.605,4140,2021-06-01 13:31:00,SND
2.63,2.63,2.62,2.62,300,2021-06-01 13:33:00,SND
2.6466,2.6466,2.6466,2.6466,189,2021-06-01 13:35:00,SND
2.6499,2.6499,2.6499,2.6499,380,2021-06-01 13:36:00,SND
2.641,2.641,2.641,2.641,300,2021-06-01 13:37:00,SND
2.6292,2.6292,2.6292,2.6292,100,2021-06-01 13:38:00,SND
2.64,2.64,2.62,2.62,1400,2021-06-01 13:40:00,SND
2.62,2.635,2.62,2.635,1200,2021-06-01 13:41:00,SND
2.65,2.65,2.65,2.65,500,2021-06-01 13:42:00,SND
2.65,2.65,2.65,2.65,1550,2021-06-01 13:43:00,SND
2.6311,2.6311,2.6311,2.6311,145,2021-06-01 13:44:00,SND
2.6499,2.6499,2.6499,2.6499,2500,2021-06-01 13:45:00,SND
2.6318,2.6318,2.6318,2.6318,1000,2021-06-01 13:46:00,SND
2.65,2.65,2.65,2.65,1792,2021-06-01 13:48:00,SND
2.65,2.65,2.65,2.65,2000,2021-06-01 13:51:00,SND
2.64,2.65,2.64,2.65,1250,2021-06-01 13:52:00,SND
2.63,2.63,2.63,2.63,250,2021-06-01 13:54:00,SND
2.65,2.65,2.6499,2.65,9444,2021-06-01 13:55:00,SND
2.63,2.63,2.63,2.63,1000,2021-06-01 13:58:00,SND
2.659,2.66,2.645,2.6597,4990,2021-06-01 13:59:00,SND
2.64,2.6531,2.6,2.6531,12590,2021-06-01 14:01:00,SND
2.61,2.625,2.61,2.625,1100,2021-06-01 14:02:00,SND
2.625,2.625,2.6103,2.6103,13750,2021-06-01 14:03:00,SND
2.61,2.61,2.61,2.61,2000,2021-06-01 14:04:00,SND
2.62,2.62,2.62,2.62,400,2021-06-01 14:14:00,SND
2.62,2.62,2.62,2.62,100,2021-06-01 14:15:00,SND
2.63,2.63,2.63,2.63,600,2021-06-01 14:20:00,SND
2.628,2.628,2.628,2.628,500,2021-06-01 14:21:00,SND
2.62,2.62,2.6,2.6,2400,2021-06-01 14:25:00,SND
2.6199,2.62,2.6199,2.62,300,2021-06-01 14:26:00,SND
2.615,2.615,2.615,2.615,100,2021-06-01 14:29:00,SND
2.61,2.61,2.61,2.61,750,2021-06-01 14:34:00,SND
2.6052,2.61,2.6052,2.61,1800,2021-06-01 14:36:00,SND
2.6,2.6,2.6,2.6,2200,2021-06-01 14:49:00,SND
2.5851,2.5851,2.5851,2.5851,1000,2021-06-01 14:52:00,SND
2.595,2.595,2.595,2.595,100,2021-06-01 15:02:00,SND
2.61,2.61,2.595,2.595,1000,2021-06-01 15:05:00,SND
2.61,2.61,2.61,2.61,500,2021-06-01 15:15:00,SND
2.61,2.61,2.61,2.61,200,2021-06-01 15:16:00,SND
2.61,2.61,2.61,2.61,100,2021-06-01 15:17:00,SND
2.61,2.61,2.61,2.61,1500,2021-06-01 15:19:00,SND
2.6017,2.61,2.6017,2.61,600,2021-06-01 15:20:00,SND
2.61,2.61,2.61,2.61,800,2021-06-01 15:34:00,SND
2.59,2.59,2.59,2.59,100,2021-06-01 15:39:00,SND
2.585,2.59,2.57,2.57,7489,2021-06-01 15:40:00,SND
2.57,2.5701,2.565,2.565,2562,2021-06-01 15:42:00,SND
2.565,2.5688,2.5619,2.5619,1818,2021-06-01 15:43:00,SND
2.58,2.58,2.57,2.57,10300,2021-06-01 15:44:00,SND
2.57,2.57,2.56,2.56,3591,2021-06-01 15:45:00,SND
2.565,2.57,2.5614,2.5646,4186,2021-06-01 15:46:00,SND
2.56,2.56,2.5571,2.56,1655,2021-06-01 15:47:00,SND
2.57,2.57,2.57,2.57,4223,2021-06-01 15:51:00,SND
2.57,2.57,2.57,2.57,1898,2021-06-01 15:53:00,SND
2.57,2.57,2.57,2.57,2800,2021-06-01 15:54:00,SND
2.575,2.575,2.575,2.575,100,2021-06-01 15:55:00,SND
2.58,2.58,2.58,2.58,900,2021-06-01 15:57:00,SND
2.57,2.57,2.57,2.57,10000,2021-06-01 15:59:00,SND
2.57,2.57,2.56,2.56,600,2021-06-01 16:00:00,SND
2.56,2.56,2.56,2.56,100,2021-06-01 16:02:00,SND
2.56,2.56,2.56,2.56,200,2021-06-01 16:03:00,SND
2.55,2.55,2.55,2.55,100,2021-06-01 16:07:00,SND
2.55,2.5601,2.55,2.55,22178,2021-06-01 16:10:00,SND
2.555,2.555,2.53,2.535,7417,2021-06-01 16:16:00,SND
2.53,2.54,2.53,2.54,500,2021-06-01 16:17:00,SND
2.53,2.53,2.53,2.53,100,2021-06-01 16:18:00,SND
2.5259,2.5259,2.5257,2.5257,754,2021-06-01 16:20:00,SND
2.53,2.53,2.53,2.53,175,2021-06-01 16:27:00,SND
2.53,2.5391,2.53,2.535,1100,2021-06-01 16:29:00,SND
2.54,2.54,2.5398,2.5398,1490,2021-06-01 16:34:00,SND
2.54,2.54,2.54,2.54,500,2021-06-01 16:35:00,SND
2.5466,2.5466,2.5466,2.5466,583,2021-06-01 16:42:00,SND
2.56,2.56,2.56,2.56,100,2021-06-01 16:43:00,SND
2.56,2.56,2.56,2.56,600,2021-06-01 16:53:00,SND
2.555,2.56,2.555,2.56,600,2021-06-01 16:54:00,SND
2.5577,2.5577,2.5577,2.5577,100,2021-06-01 17:02:00,SND
2.56,2.56,2.56,2.56,2300,2021-06-01 17:08:00,SND
2.57,2.57,2.57,2.57,300,2021-06-01 17:12:00,SND
2.56,2.56,2.54,2.54,7952,2021-06-01 17:13:00,SND
2.5329,2.5329,2.5329,2.5329,1600,2021-06-01 17:17:00,SND
2.553,2.553,2.553,2.553,108,2021-06-01 17:21:00,SND
2.545,2.545,2.545,2.545,200,2021-06-01 17:22:00,SND
2.56,2.56,2.56,2.56,400,2021-06-01 17:27:00,SND
2.56,2.56,2.56,2.56,4600,2021-06-01 17:39:00,SND
2.54,2.55,2.54,2.55,512,2021-06-01 17:40:00,SND
2.55,2.551,2.55,2.551,3678,2021-06-01 17:52:00,SND
2.55,2.56,2.54,2.54,2022,2021-06-01 17:54:00,SND
2.5575,2.5575,2.54,2.54,477,2021-06-01 18:13:00,SND
2.55,2.55,2.55,2.55,100,2021-06-01 18:25:00,SND
2.54,2.54,2.54,2.54,1500,2021-06-01 18:30:00,SND
2.55,2.55,2.55,2.55,400,2021-06-01 18:32:00,SND
2.5599,2.5599,2.5599,2.5599,1000,2021-06-01 18:33:00,SND
2.555,2.555,2.555,2.555,100,2021-06-01 18:34:00,SND
2.55,2.55,2.55,2.55,200,2021-06-01 18:42:00,SND
2.55,2.555,2.55,2.55,600,2021-06-01 18:50:00,SND
2.545,2.555,2.54,2.54,16166,2021-06-01 18:51:00,SND
2.545,2.545,2.54,2.5441,2300,2021-06-01 18:52:00,SND
2.53,2.54,2.5263,2.53,4340,2021-06-01 19:02:00,SND
2.53,2.53,2.53,2.53,200,2021-06-01 19:07:00,SND
2.53,2.53,2.53,2.53,400,2021-06-01 19:08:00,SND
2.53,2.53,2.53,2.53,790,2021-06-01 19:11:00,SND
2.54,2.54,2.535,2.535,2080,2021-06-01 19:14:00,SND
2.53,2.53,2.53,2.53,100,2021-06-01 19:16:00,SND
2.53,2.53,2.52,2.52,5485,2021-06-01 19:18:00,SND
2.51,2.51,2.51,2.51,300,2021-06-01 19:21:00,SND
2.51,2.51,2.51,2.51,1064,2021-06-01 19:31:00,SND
2.51,2.51,2.51,2.51,100,2021-06-01 19:32:00,SND
2.51,2.51,2.51,2.51,100,2021-06-01 19:34:00,SND
2.5126,2.5126,2.5126,2.5126,150,2021-06-01 19:37:00,SND
2.51,2.51,2.51,2.51,500,2021-06-01 19:39:00,SND
2.515,2.53,2.515,2.53,4000,2021-06-01 19:43:00,SND
2.54,2.54,2.535,2.535,400,2021-06-01 19:50:00,SND
2.54,2.54,2.54,2.54,100,2021-06-01 19:51:00,SND
2.55,2.56,2.55,2.56,5251,2021-06-01 19:55:00,SND
2.56,2.5681,2.56,2.5681,2247,2021-06-01 19:56:00,SND
2.5699,2.5699,2.5614,2.565,7800,2021-06-01 19:57:00,SND
2.565,2.565,2.5618,2.565,800,2021-06-01 19:58:00,SND
2.565,2.57,2.555,2.56,2489,2021-06-01 19:59:00,SND
2.55,2.55,2.55,2.55,1353,2021-06-01 20:00:00,SND
2.58,2.58,2.56,2.56,892,2021-06-02 13:30:00,SND
2.59,2.59,2.59,2.59,132,2021-06-02 13:32:00,SND
2.57,2.57,2.57,2.57,200,2021-06-02 13:35:00,SND
2.55,2.5504,2.53,2.5504,990,2021-06-02 13:37:00,SND
2.55,2.55,2.5436,2.5436,1100,2021-06-02 13:38:00,SND
2.54,2.54,2.54,2.54,1000,2021-06-02 13:39:00,SND
2.54,2.5488,2.54,2.5488,650,2021-06-02 13:40:00,SND
2.55,2.55,2.55,2.55,700,2021-06-02 13:41:00,SND
2.55,2.57,2.55,2.57,389,2021-06-02 13:45:00,SND
2.58,2.58,2.58,2.58,100,2021-06-02 13:46:00,SND
2.58,2.58,2.58,2.58,700,2021-06-02 13:49:00,SND
2.58,2.598,2.57,2.57,2100,2021-06-02 13:51:00,SND
2.58,2.58,2.58,2.58,100,2021-06-02 13:57:00,SND
2.55,2.55,2.55,2.55,10999,2021-06-02 14:02:00,SND
2.59,2.59,2.59,2.59,1000,2021-06-02 14:05:00,SND
2.571,2.571,2.571,2.571,250,2021-06-02 14:11:00,SND
2.585,2.6,2.585,2.5973,613,2021-06-02 14:13:00,SND
2.585,2.585,2.585,2.585,200,2021-06-02 14:16:00,SND
2.57,2.61,2.57,2.61,13648,2021-06-02 14:17:00,SND
2.61,2.6199,2.61,2.61,600,2021-06-02 14:18:00,SND
2.62,2.62,2.6198,2.62,5185,2021-06-02 14:19:00,SND
2.64,2.64,2.64,2.64,122,2021-06-02 14:20:00,SND
2.6346,2.64,2.6298,2.6298,581,2021-06-02 14:21:00,SND
2.61,2.6299,2.61,2.61,950,2021-06-02 14:22:00,SND
2.6298,2.6398,2.62,2.62,1850,2021-06-02 14:23:00,SND
2.62,2.62,2.62,2.62,500,2021-06-02 14:24:00,SND
2.6298,2.63,2.62,2.62,1600,2021-06-02 14:25:00,SND
2.63,2.6357,2.62,2.63,1600,2021-06-02 14:26:00,SND
2.6297,2.65,2.62,2.6411,2949,2021-06-02 14:27:00,SND
2.64,2.64,2.64,2.64,500,2021-06-02 14:31:00,SND
2.635,2.635,2.635,2.635,400,2021-06-02 14:32:00,SND
2.65,2.65,2.65,2.65,100,2021-06-02 14:34:00,SND
2.635,2.635,2.635,2.635,200,2021-06-02 14:45:00,SND
2.635,2.635,2.635,2.635,100,2021-06-02 14:46:00,SND
2.64,2.64,2.6255,2.6255,990,2021-06-02 14:48:00,SND
2.6277,2.6277,2.6277,2.6277,150,2021-06-02 14:49:00,SND
2.65,2.65,2.6391,2.6391,2500,2021-06-02 14:51:00,SND
2.62,2.62,2.62,2.62,750,2021-06-02 14:52:00,SND
2.636,2.6393,2.636,2.6362,2000,2021-06-02 14:53:00,SND
2.62,2.62,2.62,2.62,100,2021-06-02 14:56:00,SND
2.6399,2.65,2.6399,2.6399,5678,2021-06-02 14:58:00,SND
2.62,2.6399,2.62,2.6399,5800,2021-06-02 15:00:00,SND
2.6226,2.63,2.6226,2.63,395,2021-06-02 15:03:00,SND
2.62,2.64,2.62,2.64,2200,2021-06-02 15:04:00,SND
2.64,2.64,2.635,2.635,300,2021-06-02 15:06:00,SND
2.635,2.635,2.635,2.635,100,2021-06-02 15:07:00,SND
2.635,2.635,2.635,2.635,250,2021-06-02 15:10:00,SND
2.6301,2.6307,2.6301,2.6307,3050,2021-06-02 15:13:00,SND
2.63,2.6301,2.63,2.63,5400,2021-06-02 15:14:00,SND
2.6312,2.635,2.62,2.62,6524,2021-06-02 15:15:00,SND
2.64,2.64,2.63,2.63,7800,2021-06-02 15:18:00,SND
2.6324,2.64,2.6324,2.64,600,2021-06-02 15:19:00,SND
2.64,2.65,2.64,2.6477,8078,2021-06-02 15:20:00,SND
2.66,2.675,2.66,2.675,3245,2021-06-02 15:21:00,SND
2.675,2.675,2.675,2.675,100,2021-06-02 15:22:00,SND
2.6721,2.6721,2.6721,2.6721,100,2021-06-02 15:23:00,SND
2.6785,2.6785,2.6785,2.6785,200,2021-06-02 15:24:00,SND
2.6799,2.6799,2.6799,2.6799,400,2021-06-02 15:27:00,SND
2.675,2.675,2.675,2.675,4000,2021-06-02 15:29:00,SND
2.675,2.675,2.675,2.675,100,2021-06-02 15:31:00,SND
2.68,2.685,2.68,2.685,2647,2021-06-02 15:32:00,SND
2.69,2.69,2.69,2.69,1765,2021-06-02 15:33:00,SND
2.7,2.7,2.69,2.69,400,2021-06-02 15:36:00,SND
2.69,2.69,2.69,2.69,300,2021-06-02 15:41:00,SND
2.69,2.69,2.69,2.69,100,2021-06-02 15:44:00,SND
2.69,2.69,2.6818,2.6818,2100,2021-06-02 15:45:00,SND
2.6866,2.6866,2.6866,2.6866,1000,2021-06-02 15:50:00,SND
2.6855,2.6855,2.6855,2.6855,1000,2021-06-02 15:51:00,SND
2.69,2.69,2.68,2.6878,921,2021-06-02 15:52:00,SND
2.685,2.69,2.685,2.69,1400,2021-06-02 15:56:00,SND
2.685,2.685,2.685,2.685,100,2021-06-02 15:57:00,SND
2.685,2.6885,2.685,2.6885,1100,2021-06-02 16:00:00,SND
2.69,2.69,2.69,2.69,4199,2021-06-02 16:02:00,SND
2.6976,2.7,2.69,2.69,700,2021-06-02 16:04:00,SND
2.6885,2.69,2.6885,2.69,700,2021-06-02 16:06:00,SND
2.6972,2.7,2.6972,2.7,200,2021-06-02 16:08:00,SND
2.7,2.7013,2.7,2.7013,7246,2021-06-02 16:09:00,SND
2.705,2.71,2.705,2.71,2099,2021-06-02 16:10:00,SND
2.715,2.73,2.715,2.73,3900,2021-06-02 16:15:00,SND
2.725,2.73,2.725,2.73,972,2021-06-02 16:16:00,SND
2.73,2.73,2.73,2.73,200,2021-06-02 16:20:00,SND
2.74,2.74,2.74,2.74,1441,2021-06-02 16:23:00,SND
2.74,2.75,2.735,2.75,5100,2021-06-02 16:24:00,SND
2.74,2.74,2.74,2.74,100,2021-06-02 16:25:00,SND
2.731,2.731,2.73,2.73,2100,2021-06-02 16:27:00,SND
2.7301,2.7301,2.7301,2.7301,500,2021-06-02 16:29:00,SND
2.73,2.73,2.71,2.71,20944,2021-06-02 16:31:00,SND
2.7166,2.7166,2.7166,2.7166,200,2021-06-02 16:32:00,SND
2.7163,2.7163,2.7,2.7,1000,2021-06-02 16:35:00,SND
2.7,2.7,2.6999,2.6999,1025,2021-06-02 16:41:00,SND
2.6977,2.6977,2.6977,2.6977,100,2021-06-02 16:44:00,SND
2.695,2.695,2.695,2.695,100,2021-06-02 16:45:00,SND
2.692,2.692,2.692,2.692,100,2021-06-02 16:46:00,SND
2.7,2.7,2.7,2.7,2198,2021-06-02 16:47:00,SND
2.72,2.72,2.72,2.72,405,2021-06-02 16:52:00,SND
2.7077,2.7077,2.7077,2.7077,320,2021-06-02 16:54:00,SND
2.7,2.7,2.68,2.68,11027,2021-06-02 16:59:00,SND
2.68,2.68,2.68,2.68,100,2021-06-02 17:01:00,SND
2.6882,2.6882,2.6882,2.6882,200,2021-06-02 17:03:00,SND
2.68,2.68,2.68,2.68,300,2021-06-02 17:07:00,SND
2.7,2.7,2.6933,2.6933,1738,2021-06-02 17:08:00,SND
2.69,2.69,2.69,2.69,582,2021-06-02 17:12:00,SND
2.69,2.69,2.69,2.69,300,2021-06-02 17:14:00,SND
2.69,2.69,2.68,2.68,599,2021-06-02 17:15:00,SND
2.68,2.68,2.68,2.68,299,2021-06-02 17:20:00,SND
2.68,2.68,2.68,2.68,100,2021-06-02 17:22:00,SND
2.6881,2.6881,2.6812,2.6812,323,2021-06-02 17:23:00,SND
2.685,2.685,2.6751,2.6751,7659,2021-06-02 17:28:00,SND
2.68,2.68,2.67,2.67,200,2021-06-02 17:29:00,SND
2.69,2.69,2.69,2.69,1000,2021-06-02 17:31:00,SND
2.68,2.68,2.68,2.68,400,2021-06-02 17:33:00,SND
2.69,2.69,2.69,2.69,100,2021-06-02 17:34:00,SND
2.6899,2.69,2.6899,2.69,4900,2021-06-02 17:35:00,SND
2.685,2.685,2.685,2.685,100,2021-06-02 17:38:00,SND
2.6799,2.6799,2.6799,2.6799,100,2021-06-02 17:41:00,SND
2.685,2.685,2.685,2.685,100,2021-06-02 17:42:00,SND
2.68,2.68,2.67,2.67,470,2021-06-02 17:48:00,SND
2.6701,2.6701,2.6701,2.6701,300,2021-06-02 17:49:00,SND
2.6701,2.6701,2.67,2.67,10200,2021-06-02 17:56:00,SND
2.6907,2.6907,2.6907,2.6907,100,2021-06-02 17:57:00,SND
2.67,2.67,2.67,2.67,100,2021-06-02 18:00:00,SND
2.68,2.68,2.68,2.68,200,2021-06-02 18:01:00,SND
2.6729,2.6729,2.6729,2.6729,100,2021-06-02 18:03:00,SND
2.675,2.68,2.675,2.68,500,2021-06-02 18:04:00,SND
2.675,2.675,2.675,2.675,200,2021-06-02 18:06:00,SND
2.675,2.675,2.675,2.675,100,2021-06-02 18:07:00,SND
2.675,2.675,2.675,2.675,100,2021-06-02 18:08:00,SND
2.6723,2.6723,2.6723,2.6723,200,2021-06-02 18:09:00,SND
2.6723,2.6723,2.67,2.67,200,2021-06-02 18:10:00,SND
2.67,2.67,2.67,2.67,9807,2021-06-02 18:11:00,SND
2.66,2.6601,2.65,2.65,3954,2021-06-02 18:13:00,SND
2.65,2.655,2.65,2.655,1476,2021-06-02 18:14:00,SND
2.65,2.65,2.65,2.65,1544,2021-06-02 18:15:00,SND
2.66,2.66,2.66,2.66,400,2021-06-02 18:16:00,SND
2.66,2.66,2.66,2.66,100,2021-06-02 18:18:00,SND
2.66,2.66,2.66,2.66,100,2021-06-02 18:20:00,SND
2.66,2.66,2.66,2.66,1000,2021-06-02 18:21:00,SND
2.66,2.66,2.66,2.66,200,2021-06-02 18:28:00,SND
2.67,2.67,2.67,2.67,499,2021-06-02 18:29:00,SND
2.67,2.67,2.67,2.67,300,2021-06-02 18:30:00,SND
2.69,2.69,2.675,2.675,400,2021-06-02 18:36:00,SND
2.6965,2.6965,2.6965,2.6965,2000,2021-06-02 18:37:00,SND
2.66,2.66,2.66,2.66,299,2021-06-02 18:39:00,SND
2.66,2.665,2.66,2.665,499,2021-06-02 18:44:00,SND
2.67,2.672,2.67,2.672,400,2021-06-02 18:45:00,SND
2.675,2.675,2.675,2.675,400,2021-06-02 18:46:00,SND
2.675,2.675,2.675,2.675,100,2021-06-02 18:47:00,SND
2.6791,2.6791,2.6791,2.6791,500,2021-06-02 18:48:00,SND
2.6714,2.6714,2.6714,2.6714,100,2021-06-02 18:49:00,SND
2.67,2.67,2.67,2.67,100,2021-06-02 18:55:00,SND
2.67,2.67,2.67,2.67,300,2021-06-02 18:59:00,SND
2.67,2.67,2.67,2.67,100,2021-06-02 19:00:00,SND
2.67,2.67,2.66,2.66,200,2021-06-02 19:01:00,SND
2.68,2.68,2.68,2.68,199,2021-06-02 19:04:00,SND
2.68,2.68,2.68,2.68,650,2021-06-02 19:05:00,SND
2.7,2.7,2.7,2.7,1120,2021-06-02 19:17:00,SND
2.7084,2.7084,2.7084,2.7084,379,2021-06-02 19:18:00,SND
2.7001,2.71,2.675,2.675,2600,2021-06-02 19:21:00,SND
2.661,2.661,2.64,2.64,14189,2021-06-02 19:35:00,SND
2.64,2.64,2.64,2.64,300,2021-06-02 19:36:00,SND
2.67,2.67,2.64,2.64,700,2021-06-02 19:37:00,SND
2.6699,2.6699,2.64,2.64,1530,2021-06-02 19:38:00,SND
2.65,2.65,2.65,2.65,200,2021-06-02 19:39:00,SND
2.65,2.65,2.65,2.65,300,2021-06-02 19:40:00,SND
2.65,2.65,2.65,2.65,100,2021-06-02 19:41:00,SND
2.65,2.65,2.65,2.65,100,2021-06-02 19:42:00,SND
2.655,2.66,2.655,2.66,400,2021-06-02 19:43:00,SND
2.66,2.66,2.66,2.66,300,2021-06-02 19:45:00,SND
2.67,2.67,2.67,2.67,100,2021-06-02 19:46:00,SND
2.665,2.665,2.665,2.665,309,2021-06-02 19:47:00,SND
2.66,2.66,2.65,2.65,586,2021-06-02 19:49:00,SND
2.65,2.665,2.65,2.665,1223,2021-06-02 19:50:00,SND
2.67,2.67,2.67,2.67,500,2021-06-02 19:51:00,SND
2.68,2.69,2.68,2.69,1568,2021-06-02 19:53:00,SND
2.67,2.69,2.67,2.69,200,2021-06-02 19:54:00,SND
2.685,2.6879,2.685,2.685,350,2021-06-02 19:55:00,SND
2.6816,2.69,2.6816,2.69,200,2021-06-02 19:56:00,SND
2.685,2.69,2.685,2.6858,2154,2021-06-02 19:58:00,SND
2.68,2.7,2.68,2.7,1373,2021-06-02 19:59:00,SND
2.7,2.7,2.7,2.7,1062,2021-06-02 20:00:00,SND
2.72,2.72,2.72,2.72,400,2021-06-02 20:06:00,SND
2.74,2.74,2.74,2.74,100,2021-06-02 20:30:00,SND
2.74,2.74,2.7388,2.7388,5000,2021-06-02 20:31:00,SND
2.74,2.75,2.74,2.75,10000,2021-06-02 20:32:00,SND
2.7478,2.75,2.7478,2.75,15500,2021-06-02 20:33:00,SND
2.75,2.75,2.7471,2.75,15000,2021-06-02 20:34:00,SND
2.75,2.75,2.75,2.75,2500,2021-06-02 20:35:00,SND
2.75,2.75,2.75,2.75,7500,2021-06-02 20:36:00,SND
2.75,2.75,2.75,2.75,2050,2021-06-02 20:37:00,SND
2.75,2.75,2.75,2.75,2720,2021-06-02 21:44:00,SND
2.7,2.7,2.7,2.7,280,2021-06-02 21:48:00,SND
2.75,2.75,2.75,2.75,100,2021-06-02 23:01:00,SND
2.76,2.76,2.76,2.76,2500,2021-06-02 23:02:00,SND
2.76,2.76,2.76,2.76,150,2021-06-02 23:03:00,SND
2.77,2.77,2.77,2.77,2000,2021-06-02 23:12:00,SND
2.77,2.77,2.77,2.77,344,2021-06-02 23:18:00,SND
2.75,2.75,2.75,2.75,1490,2021-06-03 11:01:00,SND
2.75,2.75,2.75,2.75,100,2021-06-03 11:20:00,SND
2.78,2.78,2.78,2.78,100,2021-06-03 11:38:00,SND
2.76,2.77,2.76,2.77,4200,2021-06-03 12:05:00,SND
2.76,2.76,2.76,2.76,494,2021-06-03 12:18:00,SND
2.75,2.75,2.75,2.75,3404,2021-06-03 12:22:00,SND
2.74,2.74,2.725,2.725,4220,2021-06-03 13:30:00,SND
2.738,2.738,2.738,2.738,200,2021-06-03 13:34:00,SND
2.738,2.75,2.738,2.7459,3400,2021-06-03 13:37:00,SND
2.7504,2.7504,2.7504,2.7504,100,2021-06-03 13:38:00,SND
2.7599,2.7599,2.7599,2.7599,1000,2021-06-03 13:42:00,SND
2.75,2.76,2.75,2.76,1400,2021-06-03 13:44:00,SND
2.76,2.76,2.76,2.76,600,2021-06-03 13:45:00,SND
2.76,2.76,2.76,2.76,553,2021-06-03 13:46:00,SND
2.7523,2.76,2.7523,2.76,560,2021-06-03 13:47:00,SND
2.77,2.78,2.77,2.78,1375,2021-06-03 13:48:00,SND
2.77,2.78,2.77,2.77,1271,2021-06-03 13:49:00,SND
2.78,2.78,2.775,2.775,300,2021-06-03 13:50:00,SND
2.78,2.78,2.78,2.78,100,2021-06-03 13:51:00,SND
2.7718,2.7718,2.77,2.77,5139,2021-06-03 13:52:00,SND
2.77,2.78,2.77,2.78,2960,2021-06-03 13:54:00,SND
2.78,2.78,2.78,2.78,382,2021-06-03 13:55:00,SND
2.78,2.8084,2.78,2.8084,3879,2021-06-03 13:56:00,SND
2.8,2.8,2.796,2.8,480,2021-06-03 13:57:00,SND
2.79,2.79,2.78,2.78,2100,2021-06-03 14:00:00,SND
2.793,2.793,2.793,2.793,4000,2021-06-03 14:02:00,SND
2.8,2.8195,2.8,2.8195,2181,2021-06-03 14:05:00,SND
2.8,2.81,2.8,2.8,4062,2021-06-03 14:06:00,SND
2.79,2.79,2.79,2.79,1164,2021-06-03 14:08:00,SND
2.7985,2.7985,2.7906,2.7906,600,2021-06-03 14:12:00,SND
2.79,2.79,2.79,2.79,1100,2021-06-03 14:17:00,SND
2.7869,2.795,2.7869,2.795,1690,2021-06-03 14:19:00,SND
2.7911,2.795,2.79,2.795,1348,2021-06-03 14:20:00,SND
2.7999,2.8,2.7999,2.8,1523,2021-06-03 14:21:00,SND
2.795,2.802,2.795,2.8,8360,2021-06-03 14:22:00,SND
2.81,2.8183,2.81,2.8183,751,2021-06-03 14:23:00,SND
2.82,2.82,2.8199,2.82,3370,2021-06-03 14:24:00,SND
2.83,2.83,2.83,2.83,1380,2021-06-03 14:25:00,SND
2.83,2.83,2.83,2.83,400,2021-06-03 14:26:00,SND
2.84,2.84,2.83,2.83,497,2021-06-03 14:27:00,SND
2.83,2.83,2.83,2.83,100,2021-06-03 14:28:00,SND
2.83,2.83,2.83,2.83,200,2021-06-03 14:29:00,SND
2.83,2.83,2.83,2.83,700,2021-06-03 14:30:00,SND
2.83,2.83,2.825,2.825,2600,2021-06-03 14:31:00,SND
2.825,2.825,2.825,2.825,2000,2021-06-03 14:32:00,SND
2.825,2.825,2.825,2.825,500,2021-06-03 14:33:00,SND
2.83,2.83,2.8285,2.83,1276,2021-06-03 14:34:00,SND
2.83,2.84,2.83,2.84,1400,2021-06-03 14:35:00,SND
2.84,2.84,2.84,2.84,1400,2021-06-03 14:36:00,SND
2.84,2.85,2.84,2.85,300,2021-06-03 14:38:00,SND
2.85,2.85,2.84,2.84,1400,2021-06-03 14:39:00,SND
2.83,2.83,2.83,2.83,700,2021-06-03 14:40:00,SND
2.83,2.8301,2.83,2.8301,200,2021-06-03 14:41:00,SND
2.83,2.83,2.82,2.82,30134,2021-06-03 14:44:00,SND
2.83,2.83,2.83,2.83,500,2021-06-03 14:46:00,SND
2.82,2.83,2.82,2.8288,3085,2021-06-03 14:50:00,SND
2.83,2.84,2.83,2.835,850,2021-06-03 14:51:00,SND
2.84,2.84,2.84,2.84,4560,2021-06-03 14:53:00,SND
2.84,2.84,2.84,2.84,600,2021-06-03 14:54:00,SND
2.85,2.87,2.85,2.86,12343,2021-06-03 14:55:00,SND
2.85,2.8583,2.85,2.8583,2019,2021-06-03 14:56:00,SND
2.85,2.8594,2.85,2.8594,2100,2021-06-03 14:58:00,SND
2.86,2.86,2.86,2.86,3700,2021-06-03 14:59:00,SND
2.85,2.85,2.85,2.85,336,2021-06-03 15:00:00,SND
2.87,2.87,2.87,2.87,100,2021-06-03 15:01:00,SND
2.8608,2.8608,2.8608,2.8608,1650,2021-06-03 15:02:00,SND
2.87,2.87,2.87,2.87,3000,2021-06-03 15:04:00,SND
2.855,2.855,2.855,2.855,300,2021-06-03 15:08:00,SND
2.8523,2.8523,2.8523,2.8523,100,2021-06-03 15:10:00,SND
2.85,2.8541,2.83,2.83,6714,2021-06-03 15:13:00,SND
2.835,2.835,2.835,2.835,100,2021-06-03 15:18:00,SND
2.8343,2.8343,2.8343,2.8343,300,2021-06-03 15:19:00,SND
2.835,2.835,2.83,2.83,1400,2021-06-03 15:21:00,SND
2.825,2.8287,2.825,2.8287,677,2021-06-03 15:22:00,SND
2.82,2.82,2.82,2.82,100,2021-06-03 15:23:00,SND
2.82,2.82,2.81,2.81,2196,2021-06-03 15:25:00,SND
2.81,2.81,2.81,2.81,500,2021-06-03 15:28:00,SND
2.81,2.81,2.79,2.79,7304,2021-06-03 15:29:00,SND
2.79,2.79,2.79,2.79,400,2021-06-03 15:30:00,SND
2.785,2.785,2.78,2.78,200,2021-06-03 15:32:00,SND
2.785,2.785,2.7801,2.7801,1750,2021-06-03 15:35:00,SND
2.789,2.7896,2.78,2.78,700,2021-06-03 15:36:00,SND
2.785,2.785,2.785,2.785,415,2021-06-03 15:37:00,SND
2.78,2.78,2.78,2.78,100,2021-06-03 15:38:00,SND
2.78,2.785,2.78,2.78,2242,2021-06-03 15:39:00,SND
2.7706,2.7706,2.7706,2.7706,8657,2021-06-03 15:41:00,SND
2.77,2.775,2.75,2.75,12421,2021-06-03 15:42:00,SND
2.75,2.75,2.75,2.75,952,2021-06-03 15:43:00,SND
2.77,2.77,2.76,2.77,1084,2021-06-03 15:45:00,SND
2.765,2.765,2.765,2.765,700,2021-06-03 15:46:00,SND
2.76,2.76,2.76,2.76,100,2021-06-03 15:51:00,SND
2.76,2.76,2.76,2.76,100,2021-06-03 15:52:00,SND
2.76,2.76,2.76,2.76,200,2021-06-03 15:53:00,SND
2.76,2.76,2.76,2.76,200,2021-06-03 15:54:00,SND
2.77,2.77,2.77,2.77,809,2021-06-03 15:55:00,SND
2.777,2.777,2.777,2.777,126,2021-06-03 15:56:00,SND
2.78,2.78,2.78,2.78,1000,2021-06-03 16:06:00,SND
2.7813,2.7813,2.7813,2.7813,315,2021-06-03 16:07:00,SND
2.789,2.789,2.7869,2.7869,400,2021-06-03 16:08:00,SND
2.79,2.79,2.7885,2.7885,893,2021-06-03 16:09:00,SND
2.79,2.79,2.79,2.79,600,2021-06-03 16:10:00,SND
2.79,2.79,2.79,2.79,400,2021-06-03 16:12:00,SND
2.8,2.8,2.8,2.8,400,2021-06-03 16:16:00,SND
2.807,2.807,2.8,2.807,300,2021-06-03 16:17:00,SND
2.8,2.81,2.8,2.808,1000,2021-06-03 16:18:00,SND
2.8,2.8,2.8,2.8,100,2021-06-03 16:19:00,SND
2.7901,2.7901,2.7901,2.7901,3176,2021-06-03 16:26:00,SND
2.7937,2.7937,2.79,2.79,315,2021-06-03 16:31:00,SND
2.78,2.78,2.78,2.78,100,2021-06-03 16:35:00,SND
2.775,2.78,2.775,2.78,800,2021-06-03 16:36:00,SND
2.78,2.78,2.78,2.78,400,2021-06-03 16:41:00,SND
2.7819,2.8,2.7819,2.8,632,2021-06-03 16:47:00,SND
2.79,2.79,2.79,2.79,100,2021-06-03 16:48:00,SND
2.79,2.79,2.785,2.79,300,2021-06-03 16:49:00,SND
2.785,2.785,2.785,2.785,1000,2021-06-03 16:55:00,SND
2.7899,2.7899,2.7899,2.7899,107,2021-06-03 16:56:00,SND
2.79,2.79,2.79,2.79,600,2021-06-03 16:58:00,SND
2.79,2.7901,2.79,2.7901,1700,2021-06-03 17:09:00,SND
2.79,2.79,2.79,2.79,1100,2021-06-03 17:10:00,SND
2.7814,2.7814,2.7814,2.7814,1000,2021-06-03 17:13:00,SND
2.785,2.785,2.785,2.785,358,2021-06-03 17:16:00,SND
2.785,2.79,2.785,2.79,1000,2021-06-03 17:21:00,SND
2.79,2.79,2.79,2.79,1648,2021-06-03 17:29:00,SND
2.7814,2.7814,2.7814,2.7814,379,2021-06-03 17:33:00,SND
2.78,2.78,2.78,2.78,800,2021-06-03 17:36:00,SND
2.77,2.77,2.77,2.77,687,2021-06-03 17:42:00,SND
2.7647,2.7647,2.7647,2.7647,400,2021-06-03 17:43:00,SND
2.77,2.77,2.77,2.77,100,2021-06-03 17:46:00,SND
2.779,2.78,2.77,2.77,1000,2021-06-03 17:50:00,SND
2.76,2.76,2.76,2.76,100,2021-06-03 17:51:00,SND
2.78,2.78,2.78,2.78,700,2021-06-03 17:53:00,SND
2.77,2.77,2.77,2.77,100,2021-06-03 17:54:00,SND
2.7761,2.7761,2.77,2.77,200,2021-06-03 17:55:00,SND
2.78,2.78,2.77,2.77,382,2021-06-03 17:59:00,SND
2.77,2.77,2.77,2.77,100,2021-06-03 18:00:00,SND
2.77,2.77,2.77,2.77,400,2021-06-03 18:07:00,SND
2.769,2.769,2.769,2.769,360,2021-06-03 18:08:00,SND
2.7699,2.7699,2.7699,2.7699,1000,2021-06-03 18:09:00,SND
2.762,2.762,2.75,2.75,9981,2021-06-03 18:12:00,SND
2.76,2.76,2.76,2.76,250,2021-06-03 18:13:00,SND
2.75,2.75,2.75,2.75,100,2021-06-03 18:14:00,SND
2.75,2.76,2.75,2.75,800,2021-06-03 18:16:00,SND
2.74,2.75,2.74,2.75,200,2021-06-03 18:19:00,SND
2.74,2.74,2.74,2.74,100,2021-06-03 18:21:00,SND
2.74,2.74,2.74,2.74,100,2021-06-03 18:23:00,SND
2.74,2.74,2.74,2.74,100,2021-06-03 18:25:00,SND
2.74,2.74,2.74,2.74,100,2021-06-03 18:27:00,SND
2.74,2.76,2.74,2.76,200,2021-06-03 18:30:00,SND
2.758,2.758,2.758,2.758,100,2021-06-03 18:31:00,SND
2.7435,2.7435,2.7435,2.7435,100,2021-06-03 18:33:00,SND
2.74,2.74,2.74,2.74,100,2021-06-03 18:34:00,SND
2.74,2.74,2.74,2.74,100,2021-06-03 18:36:00,SND
2.7599,2.7599,2.757,2.757,499,2021-06-03 18:37:00,SND
2.74,2.74,2.74,2.74,100,2021-06-03 18:40:00,SND
2.76,2.77,2.75,2.75,3611,2021-06-03 18:42:00,SND
2.76,2.77,2.76,2.77,500,2021-06-03 18:44:00,SND
2.76,2.76,2.745,2.75,5300,2021-06-03 18:46:00,SND
2.76,2.77,2.76,2.77,500,2021-06-03 18:47:00,SND
2.77,2.77,2.77,2.77,600,2021-06-03 18:48:00,SND
2.78,2.78,2.78,2.78,800,2021-06-03 18:51:00,SND
2.7723,2.7723,2.7723,2.7723,1000,2021-06-03 18:55:00,SND
2.76,2.77,2.76,2.765,700,2021-06-03 19:04:00,SND
2.76,2.76,2.76,2.76,571,2021-06-03 19:08:00,SND
2.765,2.77,2.765,2.77,318,2021-06-03 19:09:00,SND
2.78,2.78,2.78,2.78,200,2021-06-03 19:17:00,SND
2.78,2.78,2.78,2.78,400,2021-06-03 19:20:00,SND
2.76,2.76,2.75,2.75,3800,2021-06-03 19:22:00,SND
2.7501,2.7501,2.7501,2.7501,1102,2021-06-03 19:23:00,SND
2.76,2.76,2.76,2.76,600,2021-06-03 19:25:00,SND
2.76,2.76,2.76,2.76,100,2021-06-03 19:26:00,SND
2.7588,2.76,2.75,2.76,2925,2021-06-03 19:28:00,SND
2.76,2.76,2.76,2.76,200,2021-06-03 19:29:00,SND
2.76,2.76,2.75,2.76,596,2021-06-03 19:31:00,SND
2.76,2.76,2.76,2.76,300,2021-06-03 19:32:00,SND
2.77,2.77,2.76,2.76,700,2021-06-03 19:33:00,SND
2.76,2.76,2.76,2.76,700,2021-06-03 19:35:00,SND
2.75,2.75,2.75,2.75,100,2021-06-03 19:36:00,SND
2.75,2.75,2.75,2.75,100,2021-06-03 19:37:00,SND
2.75,2.75,2.75,2.75,100,2021-06-03 19:38:00,SND
2.75,2.75,2.75,2.75,781,2021-06-03 19:39:00,SND
2.75,2.75,2.75,2.75,900,2021-06-03 19:41:00,SND
2.75,2.75,2.75,2.75,347,2021-06-03 19:42:00,SND
2.75,2.75,2.75,2.75,100,2021-06-03 19:43:00,SND
2.75,2.75,2.75,2.75,400,2021-06-03 19:44:00,SND
2.75,2.75,2.75,2.75,400,2021-06-03 19:45:00,SND
2.75,2.7501,2.75,2.7501,440,2021-06-03 19:46:00,SND
2.75,2.75,2.74,2.74,583,2021-06-03 19:47:00,SND
2.7491,2.7491,2.74,2.74,464,2021-06-03 19:48:00,SND
2.74,2.75,2.74,2.75,5789,2021-06-03 19:49:00,SND
2.745,2.745,2.74,2.7406,414,2021-06-03 19:50:00,SND
2.74,2.74,2.74,2.74,2198,2021-06-03 19:51:00,SND
2.7477,2.7477,2.74,2.74,2316,2021-06-03 19:52:00,SND
2.74,2.75,2.735,2.74,3100,2021-06-03 19:53:00,SND
2.75,2.75,2.74,2.74,1147,2021-06-03 19:55:00,SND
2.74,2.75,2.74,2.74,1445,2021-06-03 19:56:00,SND
2.74,2.74,2.74,2.74,300,2021-06-03 19:57:00,SND
2.75,2.75,2.74,2.7448,5300,2021-06-03 19:58:00,SND
2.7493,2.755,2.74,2.75,31306,2021-06-03 19:59:00,SND
2.75,2.75,2.75,2.75,2722,2021-06-03 20:00:00,SND
2.75,2.75,2.75,2.75,259,2021-06-03 21:36:00,SND
2.79,2.88,2.79,2.88,9116,2021-06-04 13:28:00,SND
2.84,2.85,2.79,2.79,600,2021-06-04 13:29:00,SND
2.76,2.7701,2.76,2.7701,17096,2021-06-04 13:30:00,SND
2.77,2.77,2.77,2.77,433,2021-06-04 13:32:00,SND
2.77,2.77,2.77,2.77,1277,2021-06-04 13:34:00,SND
2.77,2.77,2.77,2.77,200,2021-06-04 13:35:00,SND
2.76,2.76,2.76,2.76,578,2021-06-04 13:36:00,SND
2.75,2.75,2.7378,2.7397,2100,2021-06-04 13:37:00,SND
2.74,2.74,2.74,2.74,1800,2021-06-04 13:39:00,SND
2.745,2.75,2.74,2.75,600,2021-06-04 13:40:00,SND
2.76,2.76,2.76,2.76,100,2021-06-04 13:41:00,SND
2.7688,2.7688,2.7688,2.7688,351,2021-06-04 13:45:00,SND
2.77,2.77,2.76,2.76,200,2021-06-04 13:48:00,SND
2.765,2.765,2.75,2.75,525,2021-06-04 13:51:00,SND
2.76,2.78,2.75,2.75,1400,2021-06-04 13:54:00,SND
2.75,2.75,2.7401,2.7401,2000,2021-06-04 13:55:00,SND
2.75,2.75,2.74,2.74,200,2021-06-04 13:56:00,SND
2.75,2.75,2.75,2.75,200,2021-06-04 13:59:00,SND
2.75,2.765,2.75,2.765,2820,2021-06-04 14:00:00,SND
2.77,2.78,2.76,2.76,6861,2021-06-04 14:01:00,SND
2.7799,2.78,2.7799,2.78,6065,2021-06-04 14:03:00,SND
2.78,2.78,2.78,2.78,3900,2021-06-04 14:04:00,SND
2.7631,2.7631,2.7631,2.7631,480,2021-06-04 14:06:00,SND
2.78,2.78,2.78,2.78,1600,2021-06-04 14:07:00,SND
2.75,2.78,2.75,2.78,200,2021-06-04 14:12:00,SND
2.78,2.78,2.78,2.78,6500,2021-06-04 14:14:00,SND
2.78,2.78,2.75,2.765,2194,2021-06-04 14:15:00,SND
2.7753,2.7753,2.7753,2.7753,320,2021-06-04 14:16:00,SND
2.765,2.78,2.765,2.78,859,2021-06-04 14:18:00,SND
2.78,2.78,2.78,2.78,200,2021-06-04 14:19:00,SND
2.76,2.78,2.76,2.78,200,2021-06-04 14:20:00,SND
2.775,2.775,2.77,2.77,700,2021-06-04 14:21:00,SND
2.77,2.78,2.77,2.78,400,2021-06-04 14:22:00,SND
2.78,2.78,2.77,2.78,1029,2021-06-04 14:23:00,SND
2.785,2.785,2.785,2.785,405,2021-06-04 14:24:00,SND
2.8,2.8,2.8,2.8,300,2021-06-04 14:25:00,SND
2.8,2.8,2.8,2.8,100,2021-06-04 14:27:00,SND
2.79,2.79,2.79,2.79,476,2021-06-04 14:28:00,SND
2.795,2.7998,2.78,2.78,886,2021-06-04 14:30:00,SND
2.786,2.8,2.786,2.8,200,2021-06-04 14:32:00,SND
2.8,2.83,2.8,2.8263,6900,2021-06-04 14:33:00,SND
2.82,2.85,2.82,2.85,9513,2021-06-04 14:34:00,SND
2.85,2.85,2.8141,2.85,1200,2021-06-04 14:35:00,SND
2.8347,2.85,2.8347,2.85,400,2021-06-04 14:36:00,SND
2.85,2.85,2.85,2.85,2024,2021-06-04 14:37:00,SND
2.85,2.85,2.8358,2.85,5400,2021-06-04 14:38:00,SND
2.835,2.835,2.835,2.835,100,2021-06-04 14:39:00,SND
2.85,2.87,2.85,2.87,1600,2021-06-04 14:40:00,SND
2.82,2.82,2.82,2.82,100,2021-06-04 14:42:00,SND
2.8448,2.8448,2.8448,2.8448,354,2021-06-04 14:47:00,SND
2.81,2.85,2.81,2.85,2200,2021-06-04 14:50:00,SND
2.8499,2.8499,2.8499,2.8499,300,2021-06-04 14:51:00,SND
2.85,2.85,2.85,2.85,200,2021-06-04 14:54:00,SND
2.85,2.85,2.85,2.85,2900,2021-06-04 14:55:00,SND
2.825,2.85,2.825,2.85,600,2021-06-04 14:56:00,SND
2.8001,2.8001,2.8001,2.8001,1000,2021-06-04 14:59:00,SND
2.8067,2.8067,2.8067,2.8067,440,2021-06-04 15:01:00,SND
2.85,2.85,2.85,2.85,100,2021-06-04 15:02:00,SND
2.8243,2.8243,2.82,2.82,267,2021-06-04 15:07:00,SND
2.81,2.81,2.81,2.81,200,2021-06-04 15:08:00,SND
2.83,2.84,2.83,2.84,2600,2021-06-04 15:10:00,SND
2.85,2.91,2.845,2.91,37255,2021-06-04 15:11:00,SND
2.9,2.91,2.89,2.8933,11626,2021-06-04 15:12:00,SND
2.892,2.93,2.892,2.928,44725,2021-06-04 15:13:00,SND
2.9294,2.95,2.92,2.95,3287,2021-06-04 15:14:00,SND
2.92,2.94,2.91,2.925,19446,2021-06-04 15:15:00,SND
2.94,2.94,2.919,2.9399,6100,2021-06-04 15:16:00,SND
2.9257,2.97,2.91,2.97,12113,2021-06-04 15:17:00,SND
2.95,2.97,2.93,2.93,2600,2021-06-04 15:18:00,SND
2.9361,2.97,2.9182,2.95,4522,2021-06-04 15:19:00,SND
2.96,3.0,2.96,2.9945,62735,2021-06-04 15:20:00,SND
2.96,3.02,2.96,2.99,27800,2021-06-04 15:21:00,SND
3.01,3.025,2.94,3.0099,30788,2021-06-04 15:22:00,SND
3.01,3.01,2.952,2.952,12850,2021-06-04 15:23:00,SND
3.0,3.01,2.9701,3.0,2346,2021-06-04 15:24:00,SND
2.9925,3.12,2.9925,3.09,44486,2021-06-04 15:25:00,SND
3.05,3.1,3.05,3.08,3222,2021-06-04 15:26:00,SND
3.08,3.08,3.0552,3.06,10160,2021-06-04 15:27:00,SND
3.05,3.1,3.04,3.1,13487,2021-06-04 15:28:00,SND
3.08,3.08,3.05,3.05,1700,2021-06-04 15:29:00,SND
3.06,3.06,3.01,3.0172,6232,2021-06-04 15:30:00,SND
3.08,3.08,3.065,3.0773,7626,2021-06-04 15:31:00,SND
3.08,3.1,3.08,3.1,541,2021-06-04 15:32:00,SND
3.085,3.1121,3.08,3.1,9737,2021-06-04 15:33:00,SND
3.1154,3.1183,3.1001,3.1157,6375,2021-06-04 15:34:00,SND
3.1,3.1,3.06,3.08,13682,2021-06-04 15:35:00,SND
3.075,3.1155,3.075,3.1155,5167,2021-06-04 15:36:00,SND
3.1101,3.111,3.1101,3.1105,739,2021-06-04 15:37:00,SND
3.12,3.14,3.12,3.1399,15794,2021-06-04 15:38:00,SND
3.12,3.24,3.12,3.1812,64926,2021-06-04 15:39:00,SND
3.2,3.4,3.2,3.26,60284,2021-06-04 15:40:00,SND
3.295,3.44,3.29,3.42,73871,2021-06-04 15:41:00,SND
3.41,3.49,3.36,3.402,89302,2021-06-04 15:42:00,SND
3.41,3.44,3.36,3.4,40848,2021-06-04 15:43:00,SND
3.4,3.43,3.36,3.4,15806,2021-06-04 15:44:00,SND
3.38,3.4,3.3127,3.32,42685,2021-06-04 15:45:00,SND
3.33,3.39,3.33,3.37,18954,2021-06-04 15:46:00,SND
3.376,3.38,3.34,3.34,15362,2021-06-04 15:47:00,SND
3.34,3.367,3.34,3.367,2054,2021-06-04 15:48:00,SND
3.35,3.42,3.34,3.39,20439,2021-06-04 15:49:00,SND
3.4063,3.5,3.4,3.42,51201,2021-06-04 15:50:00,SND
3.4211,3.5,3.4211,3.4694,42281,2021-06-04 15:51:00,SND
3.46,3.54,3.46,3.4901,60830,2021-06-04 15:52:00,SND
3.5,3.6,3.49,3.55,90857,2021-06-04 15:53:00,SND
3.555,3.57,3.5,3.5506,61876,2021-06-04 15:54:00,SND
3.563,3.89,3.53,3.767,357872,2021-06-04 15:55:00,SND
3.765,4.0,3.76,3.9872,442273,2021-06-04 15:56:00,SND
3.95,4.16,3.74,3.8,577002,2021-06-04 15:57:00,SND
3.7801,3.88,3.66,3.68,390559,2021-06-04 15:58:00,SND
3.7,3.75,3.65,3.6527,175929,2021-06-04 15:59:00,SND
3.6549,3.76,3.64,3.73,203315,2021-06-04 16:00:00,SND
3.73,3.7482,3.63,3.655,154778,2021-06-04 16:01:00,SND
3.655,3.68,3.63,3.65,56803,2021-06-04 16:02:00,SND
3.6459,3.74,3.61,3.7109,117321,2021-06-04 16:03:00,SND
3.71,3.74,3.66,3.67,70638,2021-06-04 16:04:00,SND
3.69,3.71,3.6501,3.68,38980,2021-06-04 16:05:00,SND
3.6845,3.79,3.66,3.73,142365,2021-06-04 16:06:00,SND
3.74,3.75,3.66,3.69,67523,2021-06-04 16:07:00,SND
3.685,3.72,3.58,3.5998,90640,2021-06-04 16:08:00,SND
3.59,3.62,3.52,3.5499,137571,2021-06-04 16:09:00,SND
3.56,3.62,3.54,3.58,49529,2021-06-04 16:10:00,SND
3.57,3.59,3.51,3.52,38545,2021-06-04 16:11:00,SND
3.52,3.63,3.5198,3.6,93383,2021-06-04 16:12:00,SND
3.5973,3.6199,3.56,3.5701,33046,2021-06-04 16:13:00,SND
3.58,3.6,3.46,3.51,148876,2021-06-04 16:14:00,SND
3.4901,3.51,3.46,3.5,82339,2021-06-04 16:15:00,SND
3.5,3.549,3.5,3.5162,16156,2021-06-04 16:16:00,SND
3.5185,3.52,3.42,3.49,67000,2021-06-04 16:17:00,SND
3.465,3.48,3.45,3.46,16377,2021-06-04 16:18:00,SND
3.46,3.47,3.44,3.4517,22867,2021-06-04 16:19:00,SND
3.4584,3.4743,3.42,3.4349,29582,2021-06-04 16:20:00,SND
3.4395,3.54,3.43,3.5,69644,2021-06-04 16:21:00,SND
3.495,3.495,3.44,3.4597,19265,2021-06-04 16:22:00,SND
3.47,3.47,3.43,3.46,9158,2021-06-04 16:23:00,SND
3.4692,3.477,3.4499,3.45,10400,2021-06-04 16:24:00,SND
3.45,3.45,3.42,3.422,28145,2021-06-04 16:25:00,SND
3.45,3.45,3.43,3.4449,8303,2021-06-04 16:26:00,SND
3.42,3.48,3.42,3.4799,5240,2021-06-04 16:27:00,SND
3.48,3.48,3.43,3.47,13256,2021-06-04 16:28:00,SND
3.45,3.461,3.44,3.457,3578,2021-06-04 16:29:00,SND
3.47,3.47,3.4,3.4,31109,2021-06-04 16:30:00,SND
3.4,3.44,3.4,3.44,12252,2021-06-04 16:31:00,SND
3.42,3.47,3.42,3.45,10340,2021-06-04 16:32:00,SND
3.46,3.46,3.4301,3.4301,4761,2021-06-04 16:33:00,SND
3.47,3.47,3.43,3.4341,3636,2021-06-04 16:34:00,SND
3.43,3.45,3.4,3.41,29559,2021-06-04 16:35:00,SND
3.4499,3.4499,3.4101,3.4101,11441,2021-06-04 16:36:00,SND
3.4101,3.4101,3.4101,3.4101,500,2021-06-04 16:37:00,SND
3.42,3.44,3.42,3.44,3300,2021-06-04 16:38:00,SND
3.4215,3.44,3.41,3.43,9125,2021-06-04 16:39:00,SND
3.43,3.43,3.34,3.355,87434,2021-06-04 16:40:00,SND
3.36,3.38,3.34,3.3699,11126,2021-06-04 16:41:00,SND
3.35,3.38,3.33,3.35,16636,2021-06-04 16:42:00,SND
3.373,3.38,3.34,3.35,30535,2021-06-04 16:43:00,SND
3.3539,3.3599,3.32,3.3232,21568,2021-06-04 16:44:00,SND
3.32,3.3378,3.28,3.2858,34311,2021-06-04 16:45:00,SND
3.3,3.3837,3.3,3.3837,12759,2021-06-04 16:46:00,SND
3.3727,3.3799,3.34,3.36,1470,2021-06-04 16:47:00,SND
3.3401,3.3401,3.3401,3.3401,167,2021-06-04 16:48:00,SND
3.355,3.3655,3.355,3.355,1500,2021-06-04 16:49:00,SND
3.343,3.355,3.343,3.355,2413,2021-06-04 16:50:00,SND
3.37,3.37,3.34,3.3699,400,2021-06-04 16:51:00,SND
3.37,3.42,3.37,3.4,13485,2021-06-04 16:52:00,SND
3.42,3.42,3.39,3.41,8900,2021-06-04 16:53:00,SND
3.4099,3.41,3.4,3.41,8800,2021-06-04 16:54:00,SND
3.392,3.41,3.392,3.41,2539,2021-06-04 16:55:00,SND
3.39,3.39,3.3701,3.39,2500,2021-06-04 16:56:00,SND
3.39,3.39,3.3899,3.3899,1000,2021-06-04 16:57:00,SND
3.3873,3.39,3.3873,3.39,500,2021-06-04 16:58:00,SND
3.3744,3.3896,3.3744,3.3896,1100,2021-06-04 16:59:00,SND
3.38,3.38,3.3737,3.3737,430,2021-06-04 17:00:00,SND
3.38,3.38,3.36,3.37,9438,2021-06-04 17:01:00,SND
3.36,3.37,3.36,3.37,32436,2021-06-04 17:02:00,SND
3.3812,3.3812,3.38,3.38,1825,2021-06-04 17:04:00,SND
3.378,3.3955,3.37,3.3955,7136,2021-06-04 17:05:00,SND
3.385,3.4,3.37,3.4,3283,2021-06-04 17:06:00,SND
3.3813,3.3813,3.37,3.381,2025,2021-06-04 17:07:00,SND
3.3662,3.3662,3.3662,3.3662,200,2021-06-04 17:08:00,SND
3.362,3.362,3.31,3.3538,13105,2021-06-04 17:09:00,SND
3.3399,3.3399,3.31,3.3399,5058,2021-06-04 17:10:00,SND
3.3399,3.3399,3.3225,3.3399,1400,2021-06-04 17:11:00,SND
3.31,3.32,3.31,3.31,1527,2021-06-04 17:12:00,SND
3.32,3.33,3.3138,3.3138,4236,2021-06-04 17:13:00,SND
3.31,3.34,3.28,3.34,8666,2021-06-04 17:14:00,SND
3.28,3.29,3.28,3.28,1855,2021-06-04 17:15:00,SND
3.29,3.3,3.24,3.275,12224,2021-06-04 17:16:00,SND
3.3,3.3,3.29,3.3,1498,2021-06-04 17:17:00,SND
3.315,3.315,3.3,3.3,8102,2021-06-04 17:18:00,SND
3.28,3.28,3.28,3.28,100,2021-06-04 17:19:00,SND
3.31,3.31,3.31,3.31,1400,2021-06-04 17:20:00,SND
3.29,3.29,3.29,3.29,200,2021-06-04 17:21:00,SND
3.2852,3.2852,3.2852,3.2852,185,2021-06-04 17:22:00,SND
3.2884,3.2888,3.2884,3.2888,300,2021-06-04 17:23:00,SND
3.2819,3.29,3.2819,3.29,377,2021-06-04 17:24:00,SND
3.3,3.3,3.28,3.29,3891,2021-06-04 17:25:00,SND
3.297,3.3,3.29,3.3,2800,2021-06-04 17:26:00,SND
3.3,3.3,3.2973,3.2973,640,2021-06-04 17:27:00,SND
3.2999,3.2999,3.2999,3.2999,2500,2021-06-04 17:28:00,SND
3.3096,3.31,3.28,3.28,5690,2021-06-04 17:29:00,SND
3.3,3.38,3.3,3.35,25204,2021-06-04 17:30:00,SND
3.34,3.3473,3.335,3.335,864,2021-06-04 17:31:00,SND
3.3327,3.3327,3.3327,3.3327,100,2021-06-04 17:32:00,SND
3.35,3.35,3.3401,3.3497,2746,2021-06-04 17:33:00,SND
3.35,3.35,3.3477,3.35,1635,2021-06-04 17:34:00,SND
3.35,3.35,3.35,3.35,300,2021-06-04 17:35:00,SND
3.36,3.36,3.35,3.35,525,2021-06-04 17:36:00,SND
3.35,3.38,3.35,3.37,2348,2021-06-04 17:37:00,SND
3.37,3.37,3.37,3.37,900,2021-06-04 17:38:00,SND
3.36,3.37,3.34,3.34,7453,2021-06-04 17:39:00,SND
3.34,3.34,3.32,3.32,2705,2021-06-04 17:40:00,SND
3.3203,3.3203,3.32,3.32,416,2021-06-04 17:41:00,SND
3.3201,3.3201,3.3201,3.3201,4000,2021-06-04 17:42:00,SND
3.33,3.334,3.33,3.334,2067,2021-06-04 17:43:00,SND
3.3299,3.3299,3.3,3.31,10659,2021-06-04 17:44:00,SND
3.3001,3.32,3.3001,3.3102,6392,2021-06-04 17:45:00,SND
3.3105,3.318,3.31,3.318,1587,2021-06-04 17:46:00,SND
3.31,3.3102,3.31,3.3102,400,2021-06-04 17:48:00,SND
3.301,3.3081,3.3,3.3081,3000,2021-06-04 17:50:00,SND
3.3,3.32,3.3,3.31,2000,2021-06-04 17:51:00,SND
3.3184,3.339,3.3184,3.339,7378,2021-06-04 17:52:00,SND
3.32,3.32,3.32,3.32,300,2021-06-04 17:54:00,SND
3.32,3.32,3.31,3.31,400,2021-06-04 17:55:00,SND
3.34,3.34,3.3227,3.3227,650,2021-06-04 17:56:00,SND
3.3201,3.3362,3.3201,3.3362,1573,2021-06-04 17:57:00,SND
3.34,3.34,3.34,3.34,895,2021-06-04 17:58:00,SND
3.34,3.34,3.3318,3.3318,1500,2021-06-04 17:59:00,SND
3.33,3.33,3.295,3.295,11019,2021-06-04 18:00:00,SND
3.29,3.3,3.28,3.3,900,2021-06-04 18:01:00,SND
3.29,3.3,3.29,3.29,4033,2021-06-04 18:02:00,SND
3.28,3.29,3.28,3.29,4719,2021-06-04 18:04:00,SND
3.2819,3.29,3.2819,3.29,1800,2021-06-04 18:05:00,SND
3.295,3.295,3.26,3.2852,2651,2021-06-04 18:06:00,SND
3.2763,3.2763,3.2601,3.2601,1250,2021-06-04 18:07:00,SND
3.26,3.3,3.25,3.2515,10990,2021-06-04 18:08:00,SND
3.26,3.26,3.26,3.26,2700,2021-06-04 18:09:00,SND
3.265,3.27,3.26,3.26,1400,2021-06-04 18:10:00,SND
3.27,3.3,3.27,3.2844,3200,2021-06-04 18:11:00,SND
3.287,3.287,3.27,3.27,3550,2021-06-04 18:12:00,SND
3.28,3.28,3.27,3.27,1469,2021-06-04 18:13:00,SND
3.27,3.3,3.27,3.3,19219,2021-06-04 18:14:00,SND
3.29,3.3,3.29,3.3,1900,2021-06-04 18:15:00,SND
3.32,3.32,3.31,3.32,3250,2021-06-04 18:16:00,SND
3.315,3.315,3.315,3.315,127,2021-06-04 18:17:00,SND
3.31,3.31,3.28,3.28,3012,2021-06-04 18:18:00,SND
3.28,3.3,3.28,3.29,2800,2021-06-04 18:19:00,SND
3.28,3.28,3.28,3.28,200,2021-06-04 18:20:00,SND
3.3,3.3,3.28,3.29,5700,2021-06-04 18:21:00,SND
3.29,3.29,3.1,3.2,69879,2021-06-04 18:22:00,SND
3.205,3.24,3.17,3.24,5599,2021-06-04 18:23:00,SND
3.23,3.23,3.19,3.2,17459,2021-06-04 18:25:00,SND
3.2138,3.215,3.2138,3.215,875,2021-06-04 18:26:00,SND
3.215,3.215,3.215,3.215,400,2021-06-04 18:27:00,SND
3.23,3.24,3.23,3.24,400,2021-06-04 18:28:00,SND
3.245,3.245,3.245,3.245,975,2021-06-04 18:29:00,SND
3.2564,3.2773,3.2564,3.275,10632,2021-06-04 18:30:00,SND
3.275,3.2998,3.275,3.29,2563,2021-06-04 18:31:00,SND
3.29,3.291,3.2825,3.2825,6259,2021-06-04 18:32:00,SND
3.28,3.28,3.27,3.27,2300,2021-06-04 18:33:00,SND
3.2668,3.2668,3.2,3.2045,8701,2021-06-04 18:34:00,SND
3.22,3.22,3.15,3.16,5316,2021-06-04 18:35:00,SND
3.16,3.2,3.16,3.2,400,2021-06-04 18:36:00,SND
3.185,3.185,3.18,3.18,250,2021-06-04 18:37:00,SND
3.16,3.17,3.16,3.17,200,2021-06-04 18:39:00,SND
3.175,3.175,3.175,3.175,100,2021-06-04 18:40:00,SND
3.19,3.22,3.185,3.22,3300,2021-06-04 18:41:00,SND
3.2305,3.2305,3.22,3.22,1400,2021-06-04 18:42:00,SND
3.2199,3.22,3.2199,3.22,260,2021-06-04 18:43:00,SND
3.2145,3.2145,3.2145,3.2145,400,2021-06-04 18:44:00,SND
3.221,3.221,3.221,3.221,100,2021-06-04 18:45:00,SND
3.216,3.216,3.216,3.216,166,2021-06-04 18:47:00,SND
3.22,3.2362,3.22,3.2362,1042,2021-06-04 18:49:00,SND
3.229,3.23,3.229,3.23,1904,2021-06-04 18:50:00,SND
3.24,3.25,3.24,3.245,5473,2021-06-04 18:51:00,SND
3.245,3.245,3.23,3.24,2698,2021-06-04 18:52:00,SND
3.24,3.24,3.24,3.24,250,2021-06-04 18:53:00,SND
3.23,3.23,3.22,3.22,1000,2021-06-04 18:54:00,SND
3.23,3.23,3.23,3.23,350,2021-06-04 18:55:00,SND
3.24,3.24,3.24,3.24,1000,2021-06-04 18:56:00,SND
3.24,3.24,3.24,3.24,3940,2021-06-04 18:58:00,SND
3.24,3.24,3.24,3.24,3500,2021-06-04 18:59:00,SND
3.24,3.25,3.24,3.25,5440,2021-06-04 19:00:00,SND
3.2499,3.2499,3.248,3.248,815,2021-06-04 19:01:00,SND
3.25,3.26,3.246,3.26,966,2021-06-04 19:02:00,SND
3.2598,3.2598,3.2598,3.2598,100,2021-06-04 19:04:00,SND
3.2546,3.2546,3.23,3.23,3020,2021-06-04 19:05:00,SND
3.225,3.23,3.22,3.22,2700,2021-06-04 19:06:00,SND
3.22,3.22,3.22,3.22,700,2021-06-04 19:07:00,SND
3.24,3.24,3.22,3.22,1300,2021-06-04 19:08:00,SND
3.23,3.23,3.22,3.22,1900,2021-06-04 19:11:00,SND
3.2253,3.2253,3.2253,3.2253,100,2021-06-04 19:12:00,SND
3.2281,3.2281,3.2174,3.2174,1250,2021-06-04 19:13:00,SND
3.23,3.23,3.22,3.23,1244,2021-06-04 19:14:00,SND
3.2201,3.23,3.2201,3.23,800,2021-06-04 19:15:00,SND
3.225,3.225,3.21,3.21,1440,2021-06-04 19:16:00,SND
3.205,3.21,3.2,3.21,2201,2021-06-04 19:17:00,SND
3.21,3.229,3.21,3.229,3050,2021-06-04 19:18:00,SND
3.22,3.23,3.21,3.22,1896,2021-06-04 19:19:00,SND
3.21,3.21,3.2075,3.2075,200,2021-06-04 19:20:00,SND
3.205,3.22,3.205,3.22,2600,2021-06-04 19:21:00,SND
3.22,3.22,3.22,3.22,300,2021-06-04 19:22:00,SND
3.22,3.22,3.211,3.211,700,2021-06-04 19:24:00,SND
3.22,3.22,3.215,3.215,200,2021-06-04 19:25:00,SND
3.21,3.21,3.2,3.2,2588,2021-06-04 19:26:00,SND
3.1901,3.1901,3.1901,3.1901,8900,2021-06-04 19:27:00,SND
3.21,3.21,3.21,3.21,100,2021-06-04 19:28:00,SND
3.21,3.21,3.2,3.2,1400,2021-06-04 19:29:00,SND
3.2,3.22,3.2,3.22,1400,2021-06-04 19:31:00,SND
3.21,3.21,3.21,3.21,100,2021-06-04 19:32:00,SND
3.2089,3.2089,3.2089,3.2089,160,2021-06-04 19:33:00,SND
3.212,3.212,3.212,3.212,5000,2021-06-04 19:34:00,SND
3.2,3.23,3.2,3.23,1700,2021-06-04 19:35:00,SND
3.22,3.23,3.22,3.22,1844,2021-06-04 19:36:00,SND
3.23,3.23,3.23,3.23,500,2021-06-04 19:37:00,SND
3.2246,3.2293,3.2246,3.2293,4028,2021-06-04 19:38:00,SND
3.2276,3.2276,3.2276,3.2276,300,2021-06-04 19:40:00,SND
3.225,3.23,3.221,3.225,1000,2021-06-04 19:43:00,SND
3.23,3.23,3.225,3.225,250,2021-06-04 19:44:00,SND
3.225,3.24,3.22,3.24,11661,2021-06-04 19:45:00,SND
3.24,3.26,3.24,3.26,2712,2021-06-04 19:46:00,SND
3.2432,3.25,3.212,3.25,8235,2021-06-04 19:47:00,SND
3.26,3.27,3.23,3.27,7168,2021-06-04 19:48:00,SND
3.27,3.28,3.2565,3.26,6397,2021-06-04 19:49:00,SND
3.28,3.28,3.25,3.252,1300,2021-06-04 19:50:00,SND
3.28,3.28,3.27,3.28,3800,2021-06-04 19:51:00,SND
3.28,3.28,3.261,3.28,8174,2021-06-04 19:52:00,SND
3.28,3.29,3.27,3.29,3200,2021-06-04 19:53:00,SND
3.29,3.29,3.28,3.29,4012,2021-06-04 19:54:00,SND
3.29,3.29,3.28,3.29,2810,2021-06-04 19:55:00,SND
3.29,3.29,3.2602,3.29,11180,2021-06-04 19:56:00,SND
3.29,3.33,3.28,3.33,20801,2021-06-04 19:57:00,SND
3.3219,3.33,3.32,3.33,5229,2021-06-04 19:58:00,SND
3.33,3.33,3.28,3.31,14167,2021-06-04 19:59:00,SND
3.3,3.3,3.3,3.3,1766,2021-06-04 20:00:00,SND
3.34,3.34,3.34,3.34,475,2021-06-04 20:01:00,SND
3.3,3.3,3.3,3.3,1500,2021-06-04 20:10:00,SND
3.23,3.23,3.16,3.16,4970,2021-06-04 20:17:00,SND
3.3,3.3,3.3,3.3,100,2021-06-04 21:29:00,SND
3.3,3.3,3.3,3.3,200,2021-06-04 22:10:00,SND
3.3,3.3,3.3,3.3,20000,2021-06-04 23:44:00,SND
3.29,3.29,3.29,3.29,173,2021-06-07 08:01:00,SND
3.29,3.29,3.29,3.29,100,2021-06-07 08:08:00,SND
3.3,3.3,3.3,3.3,100,2021-06-07 08:44:00,SND
3.19,3.19,3.19,3.19,100,2021-06-07 11:01:00,SND
3.21,3.21,3.21,3.21,500,2021-06-07 12:12:00,SND
3.28,3.28,3.28,3.28,481,2021-06-07 12:13:00,SND
3.31,3.31,3.31,3.31,254,2021-06-07 12:27:00,SND
3.24,3.24,3.2,3.21,2625,2021-06-07 12:53:00,SND
3.22,3.22,3.21,3.21,872,2021-06-07 12:54:00,SND
3.21,3.21,3.21,3.21,100,2021-06-07 13:00:00,SND
3.27,3.27,3.27,3.27,243,2021-06-07 13:22:00,SND
3.27,3.27,3.27,3.27,250,2021-06-07 13:24:00,SND
3.23,3.23,3.21,3.21,1198,2021-06-07 13:25:00,SND
3.21,3.21,3.21,3.21,200,2021-06-07 13:27:00,SND
3.26,3.26,3.26,3.26,667,2021-06-07 13:28:00,SND
3.24,3.24,3.24,3.24,100,2021-06-07 13:29:00,SND
3.21,3.2591,3.19,3.195,62650,2021-06-07 13:30:00,SND
3.19,3.21,3.1,3.1,18456,2021-06-07 13:31:00,SND
3.11,3.14,3.11,3.14,900,2021-06-07 13:32:00,SND
3.14,3.14,3.1089,3.1399,3735,2021-06-07 13:33:00,SND
3.13,3.22,3.13,3.1609,27333,2021-06-07 13:34:00,SND
3.185,3.19,3.15,3.161,7045,2021-06-07 13:35:00,SND
3.16,3.165,3.1178,3.1238,20643,2021-06-07 13:36:00,SND
3.1245,3.15,3.1245,3.15,2586,2021-06-07 13:37:00,SND
3.14,3.1402,3.12,3.1301,6773,2021-06-07 13:38:00,SND
3.1613,3.1647,3.1613,3.1647,1200,2021-06-07 13:39:00,SND
3.1426,3.193,3.1426,3.18,4366,2021-06-07 13:40:00,SND
3.19,3.1902,3.16,3.17,4127,2021-06-07 13:41:00,SND
3.17,3.18,3.17,3.18,770,2021-06-07 13:42:00,SND
3.16,3.16,3.12,3.16,4469,2021-06-07 13:43:00,SND
3.1615,3.18,3.159,3.18,2808,2021-06-07 13:44:00,SND
3.17,3.17,3.17,3.17,1613,2021-06-07 13:45:00,SND
3.1598,3.17,3.1,3.1,20809,2021-06-07 13:46:00,SND
3.1799,3.1799,3.02,3.085,31984,2021-06-07 13:47:00,SND
3.065,3.1395,3.065,3.12,6791,2021-06-07 13:48:00,SND
3.0901,3.0906,3.0901,3.0906,3856,2021-06-07 13:49:00,SND
3.0935,3.125,3.09,3.09,7290,2021-06-07 13:50:00,SND
3.1,3.14,3.1,3.12,1300,2021-06-07 13:51:00,SND
3.1487,3.1587,3.1487,3.1587,5200,2021-06-07 13:52:00,SND
3.16,3.165,3.1178,3.14,4034,2021-06-07 13:53:00,SND
3.13,3.1345,3.13,3.1345,2500,2021-06-07 13:54:00,SND
3.14,3.14,3.131,3.14,2500,2021-06-07 13:55:00,SND
3.14,3.15,3.14,3.15,1372,2021-06-07 13:56:00,SND
3.16,3.17,3.15,3.17,8833,2021-06-07 13:57:00,SND
3.16,3.17,3.06,3.11,10817,2021-06-07 13:58:00,SND
3.11,3.11,3.06,3.07,3000,2021-06-07 13:59:00,SND
3.06,3.07,3.06,3.07,295,2021-06-07 14:00:00,SND
3.0873,3.0873,3.05,3.05,14848,2021-06-07 14:01:00,SND
3.0589,3.07,3.0589,3.0699,3224,2021-06-07 14:02:00,SND
3.0685,3.07,3.065,3.065,1150,2021-06-07 14:03:00,SND
3.06,3.07,3.05,3.05,1450,2021-06-07 14:04:00,SND
3.05,3.0758,3.05,3.0675,5482,2021-06-07 14:05:00,SND
3.07,3.08,3.07,3.0777,1900,2021-06-07 14:07:00,SND
3.08,3.08,3.075,3.08,1725,2021-06-07 14:08:00,SND
3.08,3.0805,3.075,3.075,3200,2021-06-07 14:09:00,SND
3.07,3.07,3.06,3.06,2401,2021-06-07 14:10:00,SND
3.0604,3.0674,3.0602,3.0602,1950,2021-06-07 14:11:00,SND
3.0602,3.0602,3.05,3.05,4015,2021-06-07 14:12:00,SND
3.05,3.05,3.05,3.05,560,2021-06-07 14:13:00,SND
3.06,3.0687,3.06,3.0687,1090,2021-06-07 14:14:00,SND
3.0614,3.0614,3.0614,3.0614,100,2021-06-07 14:15:00,SND
3.0504,3.06,3.0504,3.0504,500,2021-06-07 14:16:00,SND
3.06,3.06,3.06,3.06,100,2021-06-07 14:17:00,SND
3.06,3.09,3.06,3.0604,2500,2021-06-07 14:18:00,SND
3.0604,3.0604,3.05,3.05,700,2021-06-07 14:19:00,SND
3.0402,3.0402,3.0402,3.0402,200,2021-06-07 14:20:00,SND
3.0475,3.0475,3.04,3.04,2457,2021-06-07 14:21:00,SND
3.0324,3.0324,3.0209,3.03,7799,2021-06-07 14:23:00,SND
3.04,3.04,3.03,3.04,2008,2021-06-07 14:24:00,SND
3.0471,3.0471,3.0471,3.0471,200,2021-06-07 14:25:00,SND
3.04,3.05,3.04,3.05,900,2021-06-07 14:27:00,SND
3.055,3.0602,3.055,3.06,4100,2021-06-07 14:28:00,SND
3.0502,3.0502,3.05,3.05,200,2021-06-07 14:29:00,SND
3.045,3.05,3.03,3.03,857,2021-06-07 14:30:00,SND
3.0259,3.03,3.02,3.022,2956,2021-06-07 14:31:00,SND
3.025,3.0499,3.025,3.0499,2010,2021-06-07 14:32:00,SND
3.0474,3.0474,3.0474,3.0474,163,2021-06-07 14:33:00,SND
3.045,3.045,3.0356,3.0356,300,2021-06-07 14:34:00,SND
3.0381,3.0381,3.0381,3.0381,100,2021-06-07 14:36:00,SND
3.045,3.045,3.045,3.045,100,2021-06-07 14:37:00,SND
3.04,3.04,3.03,3.03,983,2021-06-07 14:38:00,SND
3.03,3.03,3.03,3.03,100,2021-06-07 14:39:00,SND
3.0399,3.04,3.0399,3.04,4464,2021-06-07 14:41:00,SND
3.03,3.03,3.03,3.03,200,2021-06-07 14:42:00,SND
3.05,3.05,3.05,3.05,4100,2021-06-07 14:43:00,SND
3.04,3.07,3.04,3.07,1000,2021-06-07 14:44:00,SND
3.04,3.04,3.04,3.04,250,2021-06-07 14:45:00,SND
3.0608,3.0608,3.0608,3.0608,100,2021-06-07 14:47:00,SND
3.04,3.04,3.04,3.04,100,2021-06-07 14:48:00,SND
3.05,3.05,3.05,3.05,100,2021-06-07 14:49:00,SND
3.05,3.05,3.05,3.05,400,2021-06-07 14:50:00,SND
3.05,3.05,3.05,3.05,225,2021-06-07 14:51:00,SND
3.05,3.05,3.05,3.05,264,2021-06-07 14:54:00,SND
3.04,3.05,3.04,3.05,300,2021-06-07 14:55:00,SND
3.0425,3.0425,3.04,3.04,1200,2021-06-07 14:56:00,SND
3.05,3.05,3.05,3.05,13844,2021-06-07 14:57:00,SND
3.05,3.05,3.05,3.05,164,2021-06-07 14:58:00,SND
3.03,3.03,3.03,3.03,1000,2021-06-07 14:59:00,SND
3.03,3.03,3.02,3.0201,7753,2021-06-07 15:01:00,SND
3.01,3.01,3.01,3.01,4559,2021-06-07 15:03:00,SND
3.005,3.005,2.97,2.975,9650,2021-06-07 15:04:00,SND
2.98,2.98,2.98,2.98,436,2021-06-07 15:05:00,SND
2.971,2.99,2.97,2.99,9825,2021-06-07 15:06:00,SND
2.9901,3.0,2.99,2.99,3776,2021-06-07 15:07:00,SND
3.0,3.0,3.0,3.0,3100,2021-06-07 15:08:00,SND
3.02,3.0439,3.02,3.0439,2191,2021-06-07 15:09:00,SND
3.05,3.07,3.03,3.07,12300,2021-06-07 15:10:00,SND
3.05,3.07,3.05,3.05,6516,2021-06-07 15:11:00,SND
3.05,3.07,3.05,3.06,4659,2021-06-07 15:12:00,SND
3.05,3.07,3.04,3.056,13097,2021-06-07 15:13:00,SND
3.04,3.07,3.04,3.05,800,2021-06-07 15:14:00,SND
3.07,3.09,3.05,3.09,13823,2021-06-07 15:15:00,SND
3.05,3.09,3.05,3.09,500,2021-06-07 15:16:00,SND
3.05,3.0791,3.05,3.05,1800,2021-06-07 15:17:00,SND
3.05,3.0764,3.05,3.05,751,2021-06-07 15:18:00,SND
3.05,3.05,3.05,3.05,2952,2021-06-07 15:19:00,SND
3.04,3.04,3.02,3.02,948,2021-06-07 15:20:00,SND
3.0199,3.02,3.0136,3.02,1045,2021-06-07 15:21:00,SND
3.02,3.02,3.02,3.02,100,2021-06-07 15:23:00,SND
3.0299,3.0299,3.0117,3.0117,3173,2021-06-07 15:24:00,SND
3.03,3.03,3.025,3.025,1054,2021-06-07 15:26:00,SND
3.01,3.01,3.01,3.01,200,2021-06-07 15:27:00,SND
3.038,3.0461,3.01,3.0461,969,2021-06-07 15:28:00,SND
3.05,3.05,3.01,3.01,600,2021-06-07 15:29:00,SND
3.0341,3.0341,3.01,3.01,1200,2021-06-07 15:30:00,SND
3.02,3.0272,3.02,3.02,1050,2021-06-07 15:32:00,SND
3.0146,3.0195,3.0146,3.0195,1100,2021-06-07 15:33:00,SND
3.02,3.02,3.02,3.02,165,2021-06-07 15:34:00,SND
3.01,3.01,3.01,3.01,2079,2021-06-07 15:35:00,SND
3.0,3.0,3.0,3.0,100,2021-06-07 15:36:00,SND
3.0231,3.0231,3.0231,3.0231,166,2021-06-07 15:39:00,SND
3.026,3.026,3.026,3.026,830,2021-06-07 15:40:00,SND
3.0299,3.0299,3.0254,3.0254,1440,2021-06-07 15:41:00,SND
3.0262,3.0295,3.0,3.0,899,2021-06-07 15:43:00,SND
3.01,3.01,3.0,3.0088,1431,2021-06-07 15:45:00,SND
3.005,3.03,3.005,3.03,1000,2021-06-07 15:46:00,SND
3.03,3.03,3.0101,3.0101,502,2021-06-07 15:49:00,SND
3.03,3.03,3.03,3.03,100,2021-06-07 15:50:00,SND
3.01,3.01,3.01,3.01,200,2021-06-07 15:51:00,SND
3.0,3.02,3.0,3.02,1110,2021-06-07 15:55:00,SND
3.02,3.02,3.02,3.02,700,2021-06-07 15:56:00,SND
3.03,3.03,3.0201,3.0201,700,2021-06-07 15:57:00,SND
3.05,3.05,3.05,3.05,1647,2021-06-07 15:59:00,SND
3.035,3.035,3.035,3.035,156,2021-06-07 16:00:00,SND
3.05,3.05,3.04,3.04,700,2021-06-07 16:04:00,SND
3.03,3.03,3.03,3.03,200,2021-06-07 16:05:00,SND
3.02,3.02,3.02,3.02,600,2021-06-07 16:06:00,SND
3.0142,3.0142,3.0142,3.0142,100,2021-06-07 16:07:00,SND
3.03,3.03,3.0295,3.0295,400,2021-06-07 16:09:00,SND
3.03,3.04,3.03,3.04,558,2021-06-07 16:10:00,SND
3.04,3.04,3.04,3.04,128,2021-06-07 16:11:00,SND
3.03,3.03,3.03,3.03,300,2021-06-07 16:14:00,SND
3.0372,3.0372,3.0372,3.0372,978,2021-06-07 16:17:00,SND
3.0238,3.0238,3.02,3.02,865,2021-06-07 16:18:00,SND
3.03,3.03,3.03,3.03,100,2021-06-07 16:23:00,SND
3.02,3.0201,3.02,3.0201,200,2021-06-07 16:25:00,SND
3.01,3.01,3.01,3.01,100,2021-06-07 16:26:00,SND
3.02,3.02,3.011,3.02,6025,2021-06-07 16:29:00,SND
3.01,3.0132,3.01,3.0126,8190,2021-06-07 16:30:00,SND
3.02,3.02,2.9973,3.0079,1866,2021-06-07 16:31:00,SND
2.9933,2.9933,2.9933,2.9933,4109,2021-06-07 16:33:00,SND
3.0,3.0,3.0,3.0,200,2021-06-07 16:34:00,SND
2.99,2.993,2.99,2.993,1400,2021-06-07 16:37:00,SND
3.0,3.0,3.0,3.0,300,2021-06-07 16:38:00,SND
2.99,2.9903,2.99,2.99,700,2021-06-07 16:39:00,SND
2.9997,2.9997,2.995,2.9978,1890,2021-06-07 16:40:00,SND
2.9901,2.9901,2.9901,2.9901,200,2021-06-07 16:41:00,SND
2.99,2.99,2.99,2.99,200,2021-06-07 16:43:00,SND
2.9999,2.9999,2.9999,2.9999,1000,2021-06-07 16:44:00,SND
2.995,3.0099,2.995,3.0099,6952,2021-06-07 16:46:00,SND
3.0083,3.0101,3.0083,3.01,3500,2021-06-07 16:48:00,SND
3.01,3.01,3.01,3.01,100,2021-06-07 16:50:00,SND
3.015,3.015,3.015,3.015,100,2021-06-07 16:54:00,SND
3.0101,3.0101,2.98,2.99,9654,2021-06-07 16:57:00,SND
3.02,3.02,3.02,3.02,619,2021-06-07 16:58:00,SND
3.01,3.01,2.9927,2.9927,2650,2021-06-07 17:00:00,SND
3.0093,3.0113,3.0093,3.0113,762,2021-06-07 17:02:00,SND
3.01,3.01,3.01,3.01,100,2021-06-07 17:03:00,SND
3.0,3.0058,2.99,2.99,430,2021-06-07 17:04:00,SND
3.0,3.0,3.0,3.0,200,2021-06-07 17:05:00,SND
2.99,2.99,2.99,2.99,7185,2021-06-07 17:06:00,SND
2.9901,2.9901,2.9901,2.9901,281,2021-06-07 17:07:00,SND
2.995,2.995,2.995,2.995,211,2021-06-07 17:09:00,SND
2.995,2.995,2.995,2.995,100,2021-06-07 17:12:00,SND
2.99,2.99,2.99,2.99,1687,2021-06-07 17:13:00,SND
2.99,2.99,2.98,2.98,4688,2021-06-07 17:14:00,SND
2.9751,2.9751,2.9751,2.9751,110,2021-06-07 17:15:00,SND
2.9826,2.9826,2.98,2.98,221,2021-06-07 17:16:00,SND
2.98,2.98,2.9701,2.9701,2000,2021-06-07 17:17:00,SND
2.9876,3.0,2.985,3.0,2547,2021-06-07 17:18:00,SND
3.0,3.0,3.0,3.0,100,2021-06-07 17:19:00,SND
2.99,2.99,2.99,2.99,100,2021-06-07 17:21:00,SND
2.99,2.99,2.99,2.99,6260,2021-06-07 17:22:00,SND
2.99,2.99,2.99,2.99,10000,2021-06-07 17:23:00,SND
2.9815,2.99,2.98,2.99,2000,2021-06-07 17:25:00,SND
2.985,2.985,2.985,2.985,897,2021-06-07 17:26:00,SND
2.9872,2.99,2.98,2.98,400,2021-06-07 17:27:00,SND
2.98,2.98,2.98,2.98,200,2021-06-07 17:28:00,SND
2.97,2.9899,2.97,2.9899,300,2021-06-07 17:29:00,SND
2.98,2.98,2.98,2.98,656,2021-06-07 17:34:00,SND
2.98,2.98,2.97,2.97,1550,2021-06-07 17:35:00,SND
2.975,2.98,2.97,2.98,5697,2021-06-07 17:36:00,SND
2.9799,2.9799,2.9799,2.9799,100,2021-06-07 17:43:00,SND
2.978,2.978,2.978,2.978,101,2021-06-07 17:45:00,SND
2.98,2.98,2.9799,2.9799,300,2021-06-07 17:47:00,SND
2.975,2.975,2.975,2.975,100,2021-06-07 17:48:00,SND
2.98,2.98,2.9786,2.9786,531,2021-06-07 17:49:00,SND
2.98,2.9801,2.98,2.9801,901,2021-06-07 17:51:00,SND
2.98,2.98,2.98,2.98,1068,2021-06-07 17:55:00,SND
2.98,2.98,2.98,2.98,100,2021-06-07 17:56:00,SND
2.98,2.98,2.98,2.98,300,2021-06-07 17:59:00,SND
2.97,2.97,2.97,2.97,100,2021-06-07 18:00:00,SND
2.9701,2.98,2.97,2.98,1100,2021-06-07 18:01:00,SND
2.975,2.975,2.975,2.975,200,2021-06-07 18:02:00,SND
2.98,2.98,2.98,2.98,267,2021-06-07 18:05:00,SND
2.9701,2.9727,2.9701,2.9727,246,2021-06-07 18:07:00,SND
2.97,2.97,2.97,2.97,100,2021-06-07 18:09:00,SND
2.9799,2.9799,2.9799,2.9799,378,2021-06-07 18:11:00,SND
2.979,2.979,2.9786,2.9786,500,2021-06-07 18:12:00,SND
2.975,2.975,2.97,2.97,1927,2021-06-07 18:13:00,SND
2.975,2.98,2.975,2.98,6470,2021-06-07 18:14:00,SND
2.98,2.9801,2.98,2.9801,2760,2021-06-07 18:15:00,SND
2.98,2.98,2.98,2.98,100,2021-06-07 18:18:00,SND
2.9857,2.9857,2.9857,2.9857,1000,2021-06-07 18:19:00,SND
2.98,2.98,2.98,2.98,1000,2021-06-07 18:20:00,SND
2.98,2.98,2.98,2.98,1240,2021-06-07 18:22:00,SND
2.9776,2.9776,2.9776,2.9776,200,2021-06-07 18:23:00,SND
2.975,2.98,2.97,2.97,3700,2021-06-07 18:25:00,SND
2.98,2.98,2.97,2.97,2100,2021-06-07 18:26:00,SND
2.97,2.9723,2.97,2.9723,200,2021-06-07 18:27:00,SND
2.9799,2.9799,2.9799,2.9799,1500,2021-06-07 18:28:00,SND
2.98,2.98,2.98,2.98,1000,2021-06-07 18:29:00,SND
2.97,2.97,2.97,2.97,100,2021-06-07 18:31:00,SND
2.975,2.975,2.975,2.975,952,2021-06-07 18:32:00,SND
2.97,2.97,2.97,2.97,100,2021-06-07 18:33:00,SND
2.975,2.975,2.975,2.975,1000,2021-06-07 18:34:00,SND
2.97,2.97,2.97,2.97,100,2021-06-07 18:37:00,SND
2.9723,2.9723,2.9723,2.9723,100,2021-06-07 18:39:00,SND
2.9784,2.9799,2.9779,2.9779,887,2021-06-07 18:40:00,SND
2.9701,2.9701,2.97,2.97,1800,2021-06-07 18:41:00,SND
2.9799,2.9799,2.9799,2.9799,200,2021-06-07 18:42:00,SND
2.98,2.98,2.9762,2.98,1883,2021-06-07 18:44:00,SND
2.9899,2.9899,2.9899,2.9899,500,2021-06-07 18:45:00,SND
2.9801,2.9801,2.9801,2.9801,3000,2021-06-07 18:47:00,SND
2.98,2.98,2.975,2.98,700,2021-06-07 18:48:00,SND
2.975,2.975,2.975,2.975,404,2021-06-07 18:49:00,SND
2.97,2.9799,2.97,2.9799,436,2021-06-07 18:50:00,SND
2.97,2.97,2.97,2.97,2165,2021-06-07 18:52:00,SND
2.97,2.97,2.95,2.955,3609,2021-06-07 18:53:00,SND
2.955,2.955,2.955,2.955,1000,2021-06-07 18:54:00,SND
2.9501,2.9501,2.95,2.95,2086,2021-06-07 18:55:00,SND
2.95,2.96,2.939,2.939,7714,2021-06-07 18:56:00,SND
2.9446,2.9446,2.9446,2.9446,125,2021-06-07 18:57:00,SND
2.95,2.95,2.945,2.95,2000,2021-06-07 18:59:00,SND
2.95,2.95,2.94,2.94,2421,2021-06-07 19:00:00,SND
2.945,2.95,2.945,2.945,2127,2021-06-07 19:03:00,SND
2.9401,2.9472,2.94,2.94,1100,2021-06-07 19:06:00,SND
2.9483,2.9483,2.9483,2.9483,257,2021-06-07 19:07:00,SND
2.94,2.95,2.94,2.9499,900,2021-06-07 19:11:00,SND
2.945,2.945,2.945,2.945,100,2021-06-07 19:13:00,SND
2.9401,2.9401,2.94,2.94,270,2021-06-07 19:14:00,SND
2.9418,2.9418,2.9418,2.9418,399,2021-06-07 19:16:00,SND
2.945,2.945,2.94,2.94,880,2021-06-07 19:17:00,SND
2.945,2.95,2.945,2.95,2700,2021-06-07 19:18:00,SND
2.95,2.95,2.95,2.95,300,2021-06-07 19:19:00,SND
2.9568,2.9599,2.9568,2.9568,4000,2021-06-07 19:21:00,SND
2.9401,2.9401,2.9401,2.9401,978,2021-06-07 19:23:00,SND
2.946,2.946,2.946,2.946,1000,2021-06-07 19:24:00,SND
2.9499,2.9499,2.9474,2.9474,4700,2021-06-07 19:27:00,SND
2.9499,2.95,2.9494,2.9495,2159,2021-06-07 19:28:00,SND
2.9599,2.96,2.955,2.96,2600,2021-06-07 19:29:00,SND
2.97,2.97,2.97,2.97,300,2021-06-07 19:30:00,SND
2.97,2.97,2.97,2.97,100,2021-06-07 19:31:00,SND
2.9799,2.9799,2.9799,2.9799,335,2021-06-07 19:32:00,SND
2.97,2.97,2.97,2.97,200,2021-06-07 19:33:00,SND
2.965,2.97,2.96,2.96,2729,2021-06-07 19:34:00,SND
2.96,2.96,2.955,2.96,700,2021-06-07 19:35:00,SND
2.955,2.9601,2.955,2.96,6552,2021-06-07 19:36:00,SND
2.969,2.969,2.969,2.969,100,2021-06-07 19:40:00,SND
2.97,2.97,2.9673,2.97,1300,2021-06-07 19:42:00,SND
2.96,2.96,2.96,2.96,194,2021-06-07 19:43:00,SND
2.96,2.9601,2.96,2.96,690,2021-06-07 19:44:00,SND
2.96,2.96,2.96,2.96,513,2021-06-07 19:45:00,SND
2.95,2.96,2.95,2.96,1000,2021-06-07 19:46:00,SND
2.97,2.97,2.9501,2.9501,300,2021-06-07 19:47:00,SND
2.9501,2.9501,2.945,2.95,2900,2021-06-07 19:48:00,SND
2.9401,2.945,2.94,2.94,3941,2021-06-07 19:49:00,SND
2.9472,2.948,2.94,2.948,2750,2021-06-07 19:50:00,SND
2.94,2.94,2.92,2.9362,25414,2021-06-07 19:51:00,SND
2.93,2.94,2.92,2.93,2124,2021-06-07 19:52:00,SND
2.94,2.96,2.94,2.96,2950,2021-06-07 19:53:00,SND
2.96,2.96,2.96,2.96,900,2021-06-07 19:54:00,SND
2.97,2.97,2.9599,2.9599,4900,2021-06-07 19:55:00,SND
2.9582,2.9582,2.95,2.955,2414,2021-06-07 19:56:00,SND
2.9527,2.96,2.95,2.95,4669,2021-06-07 19:58:00,SND
2.96,2.9666,2.9562,2.96,7015,2021-06-07 19:59:00,SND
2.96,2.96,2.96,2.96,9288,2021-06-07 20:00:00,SND
3.04,3.04,3.04,3.04,175,2021-06-07 20:37:00,SND
3.0,3.0,3.0,3.0,100,2021-06-08 08:57:00,SND
2.92,2.92,2.92,2.92,100,2021-06-08 12:22:00,SND
2.94,2.94,2.94,2.94,130,2021-06-08 12:58:00,SND
2.98,3.0,2.98,3.0,6409,2021-06-08 13:30:00,SND
3.0245,3.03,3.0245,3.03,1250,2021-06-08 13:31:00,SND
3.02,3.03,3.02,3.03,578,2021-06-08 13:32:00,SND
3.03,3.03,3.02,3.0283,1207,2021-06-08 13:33:00,SND
3.02,3.0214,3.02,3.0214,400,2021-06-08 13:34:00,SND
3.02,3.02,3.0,3.0,4021,2021-06-08 13:35:00,SND
3.02,3.02,3.02,3.02,100,2021-06-08 13:37:00,SND
2.99,2.99,2.99,2.99,4207,2021-06-08 13:38:00,SND
2.98,2.98,2.98,2.98,100,2021-06-08 13:39:00,SND
3.0,3.0,2.9826,2.9826,725,2021-06-08 13:40:00,SND
2.99,2.99,2.99,2.99,269,2021-06-08 13:41:00,SND
2.99,2.99,2.99,2.99,300,2021-06-08 13:42:00,SND
3.0,3.0,3.0,3.0,100,2021-06-08 13:43:00,SND
3.0,3.0,3.0,3.0,100,2021-06-08 13:44:00,SND
2.993,2.9975,2.993,2.9975,2108,2021-06-08 13:46:00,SND
3.01,3.01,3.0097,3.0097,1282,2021-06-08 13:47:00,SND
3.02,3.02,3.0157,3.0157,200,2021-06-08 13:49:00,SND
3.02,3.02,3.01,3.01,1800,2021-06-08 13:50:00,SND
3.0,3.0,2.98,2.98,12780,2021-06-08 13:51:00,SND
2.98,2.98,2.97,2.97,2030,2021-06-08 13:52:00,SND
2.97,2.9701,2.97,2.9701,1489,2021-06-08 13:53:00,SND
2.9785,2.9785,2.97,2.97,740,2021-06-08 13:55:00,SND
2.9701,2.9704,2.9701,2.9704,1200,2021-06-08 13:56:00,SND
2.97,2.9705,2.97,2.97,2079,2021-06-08 13:57:00,SND
2.97,2.97,2.96,2.962,950,2021-06-08 13:58:00,SND
2.9616,2.9616,2.96,2.96,2485,2021-06-08 13:59:00,SND
2.96,2.9601,2.96,2.9601,1200,2021-06-08 14:00:00,SND
2.97,2.9846,2.97,2.9846,200,2021-06-08 14:01:00,SND
2.9793,2.98,2.97,2.98,2153,2021-06-08 14:02:00,SND
3.0,3.0,2.9801,3.0,1591,2021-06-08 14:03:00,SND
3.01,3.02,3.01,3.02,2900,2021-06-08 14:04:00,SND
3.03,3.0337,3.03,3.0337,4351,2021-06-08 14:05:00,SND
3.0477,3.05,3.0477,3.05,3560,2021-06-08 14:06:00,SND
3.06,3.07,3.06,3.063,4300,2021-06-08 14:07:00,SND
3.065,3.09,3.065,3.0716,4720,2021-06-08 14:09:00,SND
3.0801,3.11,3.0801,3.11,1874,2021-06-08 14:10:00,SND
3.1,3.115,3.0801,3.0801,5980,2021-06-08 14:11:00,SND
3.1,3.1,3.1,3.1,1600,2021-06-08 14:12:00,SND
3.09,3.09,3.09,3.09,1000,2021-06-08 14:14:00,SND
3.0995,3.0995,3.0995,3.0995,2000,2021-06-08 14:15:00,SND
3.1054,3.12,3.1054,3.12,1708,2021-06-08 14:16:00,SND
3.11,3.11,3.11,3.11,200,2021-06-08 14:17:00,SND
3.117,3.12,3.1162,3.12,3833,2021-06-08 14:18:00,SND
3.13,3.13,3.13,3.13,200,2021-06-08 14:19:00,SND
3.123,3.125,3.12,3.12,367,2021-06-08 14:21:00,SND
3.1287,3.1287,3.12,3.12,1728,2021-06-08 14:22:00,SND
3.12,3.12,3.12,3.12,254,2021-06-08 14:23:00,SND
3.11,3.115,3.11,3.115,307,2021-06-08 14:24:00,SND
3.12,3.12,3.12,3.12,400,2021-06-08 14:25:00,SND
3.12,3.12,3.1101,3.112,783,2021-06-08 14:26:00,SND
3.12,3.13,3.1198,3.13,300,2021-06-08 14:27:00,SND
3.14,3.14,3.14,3.14,200,2021-06-08 14:28:00,SND
3.1465,3.16,3.13,3.16,16064,2021-06-08 14:29:00,SND
3.18,3.21,3.18,3.21,2399,2021-06-08 14:30:00,SND
3.205,3.21,3.1735,3.21,1042,2021-06-08 14:31:00,SND
3.2,3.21,3.1901,3.1901,5300,2021-06-08 14:32:00,SND
3.19,3.19,3.1648,3.1648,5222,2021-06-08 14:33:00,SND
3.1705,3.1705,3.1705,3.1705,1000,2021-06-08 14:34:00,SND
3.1732,3.185,3.17,3.17,5254,2021-06-08 14:37:00,SND
3.1762,3.2,3.1762,3.2,8762,2021-06-08 14:38:00,SND
3.19,3.22,3.19,3.22,1813,2021-06-08 14:39:00,SND
3.19,3.19,3.18,3.18,500,2021-06-08 14:41:00,SND
3.195,3.195,3.195,3.195,100,2021-06-08 14:43:00,SND
3.194,3.194,3.194,3.194,100,2021-06-08 14:46:00,SND
3.1901,3.1901,3.1901,3.1901,100,2021-06-08 14:47:00,SND
3.2038,3.21,3.2,3.21,1280,2021-06-08 14:48:00,SND
3.202,3.202,3.202,3.202,200,2021-06-08 14:49:00,SND
3.19,3.19,3.19,3.19,1523,2021-06-08 14:50:00,SND
3.19,3.2,3.19,3.2,300,2021-06-08 14:51:00,SND
3.1902,3.1902,3.1902,3.1902,300,2021-06-08 14:52:00,SND
3.2,3.2,3.2,3.2,300,2021-06-08 14:53:00,SND
3.19,3.19,3.18,3.18,1101,2021-06-08 14:54:00,SND
3.1688,3.17,3.1688,3.17,338,2021-06-08 14:55:00,SND
3.18,3.18,3.18,3.18,100,2021-06-08 14:56:00,SND
3.18,3.18,3.18,3.18,100,2021-06-08 14:57:00,SND
3.1899,3.1899,3.1899,3.1899,100,2021-06-08 14:59:00,SND
3.188,3.19,3.1785,3.19,4021,2021-06-08 15:00:00,SND
3.1835,3.1835,3.1733,3.1733,414,2021-06-08 15:01:00,SND
3.17,3.18,3.17,3.18,1100,2021-06-08 15:02:00,SND
3.1728,3.1728,3.1728,3.1728,100,2021-06-08 15:03:00,SND
3.1801,3.1801,3.1801,3.1801,500,2021-06-08 15:06:00,SND
3.18,3.21,3.18,3.2052,2395,2021-06-08 15:07:00,SND
3.2036,3.2036,3.2036,3.2036,200,2021-06-08 15:09:00,SND
3.1701,3.1701,3.1701,3.1701,350,2021-06-08 15:11:00,SND
3.17,3.18,3.15,3.15,6782,2021-06-08 15:12:00,SND
3.145,3.148,3.1428,3.1428,2300,2021-06-08 15:13:00,SND
3.14,3.14,3.14,3.14,567,2021-06-08 15:14:00,SND
3.1201,3.125,3.12,3.12,1500,2021-06-08 15:15:00,SND
3.12,3.12,3.12,3.12,2520,2021-06-08 15:16:00,SND
3.12,3.13,3.12,3.13,800,2021-06-08 15:18:00,SND
3.1276,3.1276,3.11,3.11,1000,2021-06-08 15:19:00,SND
3.1001,3.1036,3.08,3.0838,2900,2021-06-08 15:20:00,SND
3.094,3.094,3.094,3.094,1500,2021-06-08 15:25:00,SND
3.0901,3.0901,3.0901,3.0901,195,2021-06-08 15:27:00,SND
3.1,3.12,3.0985,3.12,1313,2021-06-08 15:28:00,SND
3.1085,3.1085,3.1085,3.1085,200,2021-06-08 15:30:00,SND
3.1307,3.1307,3.1307,3.1307,200,2021-06-08 15:31:00,SND
3.1307,3.1307,3.1307,3.1307,200,2021-06-08 15:32:00,SND
3.1299,3.1299,3.11,3.11,300,2021-06-08 15:33:00,SND
3.1231,3.1231,3.1231,3.1231,200,2021-06-08 15:34:00,SND
3.122,3.122,3.12,3.12,300,2021-06-08 15:37:00,SND
3.13,3.13,3.13,3.13,643,2021-06-08 15:39:00,SND
3.124,3.124,3.12,3.12,200,2021-06-08 15:40:00,SND
3.14,3.15,3.14,3.14,1819,2021-06-08 15:45:00,SND
3.15,3.18,3.15,3.18,1171,2021-06-08 15:46:00,SND
3.175,3.175,3.175,3.175,1152,2021-06-08 15:50:00,SND
3.1773,3.1773,3.1773,3.1773,200,2021-06-08 15:54:00,SND
3.16,3.1601,3.16,3.1601,1600,2021-06-08 15:55:00,SND
3.1629,3.1629,3.1629,3.1629,127,2021-06-08 15:58:00,SND
3.165,3.165,3.14,3.14,10679,2021-06-08 16:01:00,SND
3.1301,3.1301,3.1301,3.1301,200,2021-06-08 16:03:00,SND
3.1393,3.1393,3.1393,3.1393,747,2021-06-08 16:05:00,SND
3.15,3.15,3.15,3.15,100,2021-06-08 16:13:00,SND
3.15,3.15,3.15,3.15,350,2021-06-08 16:16:00,SND
3.15,3.15,3.14,3.14,1018,2021-06-08 16:20:00,SND
3.14,3.14,3.14,3.14,1274,2021-06-08 16:21:00,SND
3.14,3.14,3.135,3.135,2550,2021-06-08 16:24:00,SND
3.135,3.135,3.135,3.135,100,2021-06-08 16:25:00,SND
3.15,3.16,3.15,3.15,3199,2021-06-08 16:32:00,SND
3.1501,3.1501,3.1501,3.1501,3190,2021-06-08 16:41:00,SND
3.156,3.156,3.156,3.156,600,2021-06-08 16:43:00,SND
3.1585,3.16,3.1585,3.16,326,2021-06-08 16:48:00,SND
3.16,3.16,3.15,3.16,1860,2021-06-08 16:51:00,SND
3.16,3.16,3.16,3.16,400,2021-06-08 16:52:00,SND
3.1501,3.1501,3.1501,3.1501,2000,2021-06-08 16:53:00,SND
3.16,3.16,3.159,3.159,2000,2021-06-08 16:54:00,SND
3.164,3.164,3.164,3.164,200,2021-06-08 16:57:00,SND
3.17,3.17,3.1601,3.17,5582,2021-06-08 16:59:00,SND
3.1876,3.19,3.1876,3.19,3300,2021-06-08 17:01:00,SND
3.1964,3.1964,3.1964,3.1964,630,2021-06-08 17:02:00,SND
3.2,3.2,3.2,3.2,1437,2021-06-08 17:03:00,SND
3.2,3.2,3.2,3.2,400,2021-06-08 17:04:00,SND
3.2,3.2,3.1901,3.1901,1123,2021-06-08 17:05:00,SND
3.1987,3.1987,3.1987,3.1987,200,2021-06-08 17:06:00,SND
3.19,3.19,3.1801,3.1801,1600,2021-06-08 17:07:00,SND
3.18,3.18,3.1679,3.1679,3206,2021-06-08 17:09:00,SND
3.175,3.175,3.175,3.175,203,2021-06-08 17:11:00,SND
3.19,3.19,3.19,3.19,3200,2021-06-08 17:16:00,SND
3.17,3.17,3.17,3.17,100,2021-06-08 17:19:00,SND
3.19,3.19,3.19,3.19,300,2021-06-08 17:20:00,SND
3.1801,3.1801,3.18,3.18,1300,2021-06-08 17:21:00,SND
3.18,3.18,3.18,3.18,500,2021-06-08 17:24:00,SND
3.175,3.175,3.175,3.175,435,2021-06-08 17:25:00,SND
3.1799,3.1799,3.1799,3.1799,1000,2021-06-08 17:26:00,SND
3.17,3.17,3.17,3.17,300,2021-06-08 17:28:00,SND
3.1601,3.185,3.1601,3.185,18660,2021-06-08 17:31:00,SND
3.185,3.185,3.185,3.185,6540,2021-06-08 17:32:00,SND
3.1944,3.1944,3.1944,3.1944,100,2021-06-08 17:36:00,SND
3.19,3.19,3.19,3.19,567,2021-06-08 17:38:00,SND
3.18,3.181,3.18,3.18,578,2021-06-08 17:41:00,SND
3.17,3.17,3.17,3.17,300,2021-06-08 17:45:00,SND
3.17,3.17,3.17,3.17,100,2021-06-08 17:46:00,SND
3.18,3.2,3.18,3.18,3360,2021-06-08 17:47:00,SND
3.189,3.19,3.189,3.19,1987,2021-06-08 17:49:00,SND
3.2,3.2,3.2,3.2,200,2021-06-08 17:50:00,SND
3.1812,3.1812,3.1812,3.1812,200,2021-06-08 17:55:00,SND
3.19,3.19,3.19,3.19,1134,2021-06-08 17:56:00,SND
3.19,3.21,3.19,3.21,5239,2021-06-08 18:00:00,SND
3.2,3.2,3.2,3.2,600,2021-06-08 18:04:00,SND
3.2063,3.2063,3.2063,3.2063,300,2021-06-08 18:07:00,SND
3.2,3.2,3.193,3.193,699,2021-06-08 18:09:00,SND
3.2,3.2,3.19,3.19,2000,2021-06-08 18:10:00,SND
3.19,3.19,3.1899,3.1899,200,2021-06-08 18:11:00,SND
3.19,3.19,3.19,3.19,700,2021-06-08 18:13:00,SND
3.1828,3.1828,3.1828,3.1828,152,2021-06-08 18:14:00,SND
3.18,3.18,3.18,3.18,100,2021-06-08 18:15:00,SND
3.1877,3.1877,3.1877,3.1877,300,2021-06-08 18:16:00,SND
3.2,3.22,3.2,3.21,24446,2021-06-08 18:18:00,SND
3.2021,3.2021,3.2021,3.2021,200,2021-06-08 18:19:00,SND
3.21,3.21,3.21,3.21,1200,2021-06-08 18:21:00,SND
3.22,3.22,3.22,3.22,1335,2021-06-08 18:22:00,SND
3.21,3.215,3.21,3.215,400,2021-06-08 18:23:00,SND
3.2199,3.22,3.2199,3.22,1600,2021-06-08 18:24:00,SND
3.22,3.22,3.22,3.22,100,2021-06-08 18:26:00,SND
3.21,3.215,3.21,3.21,300,2021-06-08 18:27:00,SND
3.2111,3.2201,3.21,3.2201,6033,2021-06-08 18:32:00,SND
3.2215,3.2215,3.2215,3.2215,100,2021-06-08 18:34:00,SND
3.24,3.24,3.23,3.23,5100,2021-06-08 18:37:00,SND
3.23,3.23,3.23,3.23,800,2021-06-08 18:39:00,SND
3.2201,3.24,3.2201,3.24,1144,2021-06-08 18:41:00,SND
3.24,3.24,3.23,3.2301,1300,2021-06-08 18:42:00,SND
3.2317,3.29,3.2317,3.29,13556,2021-06-08 18:43:00,SND
3.2818,3.2818,3.2753,3.2753,233,2021-06-08 18:44:00,SND
3.27,3.27,3.27,3.27,400,2021-06-08 18:45:00,SND
3.2794,3.2794,3.26,3.26,1500,2021-06-08 18:46:00,SND
3.25,3.25,3.25,3.25,101,2021-06-08 18:47:00,SND
3.2613,3.2613,3.2613,3.2613,1000,2021-06-08 18:48:00,SND
3.2699,3.2699,3.2699,3.2699,150,2021-06-08 18:49:00,SND
3.2552,3.2552,3.25,3.25,200,2021-06-08 18:54:00,SND
3.27,3.27,3.27,3.27,100,2021-06-08 18:55:00,SND
3.27,3.27,3.27,3.27,100,2021-06-08 18:58:00,SND
3.26,3.26,3.26,3.26,100,2021-06-08 19:00:00,SND
3.27,3.27,3.26,3.26,200,2021-06-08 19:01:00,SND
3.2544,3.2544,3.2544,3.2544,125,2021-06-08 19:02:00,SND
3.2501,3.2501,3.2501,3.2501,400,2021-06-08 19:03:00,SND
3.25,3.26,3.24,3.2599,1809,2021-06-08 19:04:00,SND
3.2401,3.2401,3.2401,3.2401,481,2021-06-08 19:05:00,SND
3.2401,3.256,3.2401,3.256,1160,2021-06-08 19:07:00,SND
3.25,3.2574,3.24,3.24,3390,2021-06-08 19:08:00,SND
3.2445,3.2445,3.235,3.235,453,2021-06-08 19:09:00,SND
3.22,3.22,3.22,3.22,200,2021-06-08 19:10:00,SND
3.22,3.22,3.22,3.22,160,2021-06-08 19:11:00,SND
3.248,3.248,3.248,3.248,600,2021-06-08 19:13:00,SND
3.25,3.25,3.25,3.25,100,2021-06-08 19:14:00,SND
3.2261,3.2367,3.2261,3.2367,500,2021-06-08 19:16:00,SND
3.23,3.23,3.23,3.23,100,2021-06-08 19:17:00,SND
3.22,3.22,3.22,3.22,250,2021-06-08 19:18:00,SND
3.23,3.23,3.23,3.23,100,2021-06-08 19:20:00,SND
3.24,3.24,3.24,3.24,500,2021-06-08 19:21:00,SND
3.23,3.23,3.22,3.22,645,2021-06-08 19:22:00,SND
3.247,3.247,3.22,3.22,3702,2021-06-08 19:23:00,SND
3.22,3.23,3.22,3.22,300,2021-06-08 19:24:00,SND
3.21,3.215,3.21,3.215,412,2021-06-08 19:25:00,SND
3.21,3.21,3.21,3.21,400,2021-06-08 19:26:00,SND
3.205,3.205,3.205,3.205,100,2021-06-08 19:27:00,SND
3.2,3.21,3.2,3.21,1113,2021-06-08 19:28:00,SND
3.205,3.205,3.205,3.205,178,2021-06-08 19:29:00,SND
3.2001,3.2001,3.2,3.2001,988,2021-06-08 19:31:00,SND
3.205,3.205,3.2,3.2,766,2021-06-08 19:32:00,SND
3.19,3.19,3.19,3.19,400,2021-06-08 19:33:00,SND
3.2,3.2,3.195,3.195,200,2021-06-08 19:34:00,SND
3.1901,3.1901,3.19,3.19,3300,2021-06-08 19:35:00,SND
3.185,3.185,3.185,3.185,300,2021-06-08 19:37:00,SND
3.185,3.185,3.18,3.18,600,2021-06-08 19:38:00,SND
3.18,3.18,3.18,3.18,400,2021-06-08 19:39:00,SND
3.175,3.18,3.17,3.17,2800,2021-06-08 19:40:00,SND
3.17,3.175,3.17,3.175,551,2021-06-08 19:41:00,SND
3.17,3.18,3.17,3.18,387,2021-06-08 19:42:00,SND
3.17,3.17,3.1601,3.1601,1300,2021-06-08 19:43:00,SND
3.16,3.1631,3.16,3.1631,1655,2021-06-08 19:44:00,SND
3.165,3.17,3.165,3.165,1000,2021-06-08 19:45:00,SND
3.165,3.165,3.16,3.16,902,2021-06-08 19:46:00,SND
3.16,3.17,3.16,3.1699,651,2021-06-08 19:47:00,SND
3.17,3.18,3.16,3.18,921,2021-06-08 19:48:00,SND
3.1799,3.18,3.1799,3.18,200,2021-06-08 19:49:00,SND
3.2,3.2,3.1683,3.2,400,2021-06-08 19:50:00,SND
3.2,3.2,3.2,3.2,200,2021-06-08 19:51:00,SND
3.22,3.22,3.22,3.22,100,2021-06-08 19:52:00,SND
3.22,3.22,3.22,3.22,520,2021-06-08 19:53:00,SND
3.21,3.23,3.2,3.2,500,2021-06-08 19:54:00,SND
3.22,3.22,3.19,3.19,400,2021-06-08 19:55:00,SND
3.19,3.19,3.18,3.19,1050,2021-06-08 19:56:00,SND
3.1915,3.2,3.19,3.2,300,2021-06-08 19:57:00,SND
3.19,3.19,3.19,3.19,100,2021-06-08 19:58:00,SND
3.19,3.19,3.18,3.18,2243,2021-06-08 19:59:00,SND
3.18,3.18,3.18,3.18,1263,2021-06-08 20:00:00,SND
3.25,3.25,3.25,3.25,200,2021-06-08 20:25:00,SND
3.18,3.18,3.18,3.18,219,2021-06-08 20:28:00,SND
3.18,3.18,3.18,3.18,750,2021-06-08 20:40:00,SND
3.18,3.18,3.18,3.18,175,2021-06-08 22:32:00,SND
3.24,3.24,3.24,3.24,260,2021-06-08 22:54:00,SND
3.25,3.25,3.25,3.25,195,2021-06-08 23:50:00,SND
3.25,3.25,3.25,3.25,200,2021-06-08 23:52:00,SND
3.26,3.26,3.26,3.26,100,2021-06-09 11:20:00,SND
3.26,3.26,3.25,3.25,646,2021-06-09 11:24:00,SND
3.29,3.29,3.29,3.29,100,2021-06-09 12:14:00,SND
3.31,3.31,3.31,3.31,100,2021-06-09 12:15:00,SND
3.29,3.29,3.29,3.29,200,2021-06-09 12:46:00,SND
3.29,3.29,3.29,3.29,200,2021-06-09 13:14:00,SND
3.3,3.3,3.3,3.3,3369,2021-06-09 13:18:00,SND
3.29,3.29,3.29,3.29,400,2021-06-09 13:28:00,SND
3.26,3.26,3.25,3.25,300,2021-06-09 13:29:00,SND
3.19,3.22,3.19,3.22,16585,2021-06-09 13:30:00,SND
3.24,3.24,3.205,3.205,1203,2021-06-09 13:32:00,SND
3.19,3.2,3.19,3.198,1030,2021-06-09 13:33:00,SND
3.2,3.2,3.2,3.2,100,2021-06-09 13:37:00,SND
3.2,3.205,3.2,3.2,9183,2021-06-09 13:38:00,SND
3.2,3.2,3.2,3.2,1670,2021-06-09 13:39:00,SND
3.2,3.2,3.1987,3.199,1610,2021-06-09 13:41:00,SND
3.19,3.19,3.181,3.19,8749,2021-06-09 13:46:00,SND
3.19,3.19,3.1818,3.1818,5400,2021-06-09 13:48:00,SND
3.18,3.18,3.1404,3.1404,10548,2021-06-09 13:49:00,SND
3.14,3.15,3.14,3.15,200,2021-06-09 13:50:00,SND
3.14,3.14,3.1248,3.135,640,2021-06-09 13:51:00,SND
3.12,3.12,3.1,3.1,11316,2021-06-09 13:52:00,SND
3.0801,3.082,3.0801,3.082,2600,2021-06-09 13:53:00,SND
3.08,3.08,3.05,3.05,13500,2021-06-09 13:54:00,SND
3.0538,3.09,3.0538,3.09,1650,2021-06-09 13:55:00,SND
3.09,3.09,3.0597,3.09,649,2021-06-09 13:56:00,SND
3.0989,3.0989,3.0989,3.0989,1000,2021-06-09 13:58:00,SND
3.1,3.1,3.1,3.1,694,2021-06-09 13:59:00,SND
3.105,3.105,3.105,3.105,100,2021-06-09 14:00:00,SND
3.12,3.12,3.12,3.12,200,2021-06-09 14:01:00,SND
3.14,3.14,3.13,3.13,1559,2021-06-09 14:04:00,SND
3.1,3.1001,3.1,3.1001,1902,2021-06-09 14:08:00,SND
3.1162,3.1162,3.1162,3.1162,1100,2021-06-09 14:11:00,SND
3.115,3.12,3.115,3.115,300,2021-06-09 14:12:00,SND
3.11,3.12,3.11,3.12,800,2021-06-09 14:13:00,SND
3.13,3.13,3.11,3.11,2085,2021-06-09 14:15:00,SND
3.11,3.11,3.11,3.11,200,2021-06-09 14:16:00,SND
3.11,3.11,3.1,3.1,800,2021-06-09 14:17:00,SND
3.11,3.11,3.11,3.11,1000,2021-06-09 14:19:00,SND
3.09,3.09,3.09,3.09,567,2021-06-09 14:20:00,SND
3.0902,3.11,3.0902,3.11,1300,2021-06-09 14:22:00,SND
3.09,3.09,3.09,3.09,300,2021-06-09 14:24:00,SND
3.1,3.12,3.1,3.12,1300,2021-06-09 14:25:00,SND
3.11,3.11,3.11,3.11,200,2021-06-09 14:26:00,SND
3.11,3.11,3.11,3.11,500,2021-06-09 14:31:00,SND
3.11,3.1175,3.11,3.1175,300,2021-06-09 14:32:00,SND
3.11,3.11,3.11,3.11,300,2021-06-09 14:37:00,SND
3.13,3.15,3.11,3.1159,800,2021-06-09 14:41:00,SND
3.12,3.12,3.12,3.12,300,2021-06-09 14:42:00,SND
3.144,3.144,3.144,3.144,300,2021-06-09 14:47:00,SND
3.12,3.12,3.12,3.12,300,2021-06-09 14:48:00,SND
3.12,3.13,3.1,3.13,12550,2021-06-09 14:53:00,SND
3.1001,3.1001,3.1001,3.1001,400,2021-06-09 14:58:00,SND
3.1,3.115,3.1,3.1,11784,2021-06-09 14:59:00,SND
3.09,3.0981,3.06,3.08,3700,2021-06-09 15:00:00,SND
3.06,3.06,3.06,3.06,300,2021-06-09 15:04:00,SND
3.06,3.06,3.06,3.06,100,2021-06-09 15:05:00,SND
3.0609,3.0609,3.0609,3.0609,1223,2021-06-09 15:07:00,SND
3.0601,3.0601,3.0601,3.0601,1000,2021-06-09 15:08:00,SND
3.06,3.08,3.06,3.08,4725,2021-06-09 15:10:00,SND
3.11,3.11,3.1,3.11,800,2021-06-09 15:17:00,SND
3.1,3.1,3.1,3.1,100,2021-06-09 15:20:00,SND
3.1,3.1,3.1,3.1,100,2021-06-09 15:23:00,SND
3.11,3.11,3.11,3.11,122,2021-06-09 15:25:00,SND
3.11,3.11,3.1098,3.1098,500,2021-06-09 15:26:00,SND
3.11,3.11,3.11,3.11,1000,2021-06-09 15:27:00,SND
3.11,3.13,3.11,3.13,898,2021-06-09 15:28:00,SND
3.12,3.12,3.12,3.12,449,2021-06-09 15:30:00,SND
3.12,3.12,3.11,3.11,3200,2021-06-09 15:36:00,SND
3.11,3.11,3.1,3.102,9152,2021-06-09 15:47:00,SND
3.11,3.11,3.11,3.11,538,2021-06-09 15:48:00,SND
3.11,3.11,3.11,3.11,947,2021-06-09 15:52:00,SND
3.1,3.111,3.1,3.111,872,2021-06-09 15:53:00,SND
3.1,3.1,3.09,3.09,3485,2021-06-09 15:59:00,SND
3.08,3.08,3.08,3.08,100,2021-06-09 16:03:00,SND
3.0727,3.0727,3.0727,3.0727,527,2021-06-09 16:05:00,SND
3.074,3.074,3.07,3.07,400,2021-06-09 16:07:00,SND
3.07,3.07,3.07,3.07,100,2021-06-09 16:11:00,SND
3.07,3.07,3.07,3.07,100,2021-06-09 16:12:00,SND
3.0899,3.0899,3.08,3.08,200,2021-06-09 16:14:00,SND
3.07,3.07,3.07,3.07,100,2021-06-09 16:16:00,SND
3.09,3.09,3.09,3.09,100,2021-06-09 16:17:00,SND
3.08,3.08,3.07,3.07,3961,2021-06-09 16:18:00,SND
3.075,3.075,3.075,3.075,974,2021-06-09 16:19:00,SND
3.07,3.07,3.07,3.07,1451,2021-06-09 16:20:00,SND
3.06,3.06,3.05,3.055,1730,2021-06-09 16:21:00,SND
3.06,3.06,3.06,3.06,240,2021-06-09 16:22:00,SND
3.05,3.05,3.05,3.05,200,2021-06-09 16:27:00,SND
3.055,3.055,3.055,3.055,531,2021-06-09 16:29:00,SND
3.05,3.05,3.05,3.05,300,2021-06-09 16:30:00,SND
3.05,3.05,3.05,3.05,100,2021-06-09 16:31:00,SND
3.05,3.05,3.05,3.05,1000,2021-06-09 16:32:00,SND
3.055,3.06,3.05,3.06,400,2021-06-09 16:33:00,SND
3.05,3.05,3.05,3.05,1200,2021-06-09 16:34:00,SND
3.05,3.05,3.045,3.045,5984,2021-06-09 16:35:00,SND
3.04,3.04,3.03,3.03,1500,2021-06-09 16:36:00,SND
3.04,3.04,3.04,3.04,100,2021-06-09 16:38:00,SND
3.035,3.04,3.035,3.0399,2100,2021-06-09 16:39:00,SND
3.03,3.03,3.03,3.03,300,2021-06-09 16:40:00,SND
3.03,3.03,3.03,3.03,100,2021-06-09 16:41:00,SND
3.04,3.05,3.04,3.05,300,2021-06-09 16:42:00,SND
3.05,3.05,3.05,3.05,200,2021-06-09 16:44:00,SND
3.0467,3.0467,3.0467,3.0467,101,2021-06-09 16:47:00,SND
3.05,3.05,3.05,3.05,200,2021-06-09 16:48:00,SND
3.05,3.05,3.05,3.05,300,2021-06-09 16:52:00,SND
3.0578,3.0589,3.0578,3.0583,1053,2021-06-09 16:53:00,SND
3.05,3.05,3.05,3.05,100,2021-06-09 16:54:00,SND
3.05,3.05,3.05,3.05,100,2021-06-09 16:55:00,SND
3.05,3.05,3.05,3.05,260,2021-06-09 16:57:00,SND
3.049,3.05,3.049,3.05,700,2021-06-09 16:58:00,SND
3.05,3.07,3.05,3.07,2100,2021-06-09 17:01:00,SND
3.06,3.06,3.06,3.06,100,2021-06-09 17:09:00,SND
3.06,3.06,3.06,3.06,300,2021-06-09 17:12:00,SND
3.0874,3.0874,3.07,3.07,846,2021-06-09 17:15:00,SND
3.07,3.08,3.07,3.08,200,2021-06-09 17:16:00,SND
3.1,3.1,3.07,3.07,1400,2021-06-09 17:17:00,SND
3.07,3.07,3.07,3.07,200,2021-06-09 17:20:00,SND
3.07,3.07,3.07,3.07,100,2021-06-09 17:30:00,SND
3.0701,3.0701,3.07,3.07,250,2021-06-09 17:31:00,SND
3.07,3.07,3.07,3.07,300,2021-06-09 17:33:00,SND
3.08,3.08,3.06,3.06,1062,2021-06-09 17:39:00,SND
3.06,3.06,3.04,3.04,2052,2021-06-09 17:40:00,SND
3.03,3.05,3.03,3.03,5770,2021-06-09 17:41:00,SND
3.03,3.03,3.03,3.03,500,2021-06-09 17:42:00,SND
3.05,3.05,3.05,3.05,100,2021-06-09 17:44:00,SND
3.05,3.05,3.03,3.0464,531,2021-06-09 17:46:00,SND
3.05,3.05,3.05,3.05,200,2021-06-09 17:47:00,SND
3.03,3.0315,3.03,3.03,7799,2021-06-09 17:49:00,SND
3.02,3.02,3.02,3.02,200,2021-06-09 17:50:00,SND
3.0202,3.0202,3.02,3.02,500,2021-06-09 17:52:00,SND
3.025,3.025,3.025,3.025,446,2021-06-09 17:53:00,SND
3.02,3.03,3.02,3.03,2400,2021-06-09 17:56:00,SND
3.03,3.03,3.03,3.03,200,2021-06-09 17:57:00,SND
3.04,3.04,3.04,3.04,100,2021-06-09 17:59:00,SND
3.03,3.03,3.03,3.03,1100,2021-06-09 18:00:00,SND
3.04,3.04,3.04,3.04,100,2021-06-09 18:02:00,SND
3.035,3.035,3.035,3.035,100,2021-06-09 18:03:00,SND
3.03,3.03,3.03,3.03,300,2021-06-09 18:04:00,SND
3.04,3.04,3.02,3.03,550,2021-06-09 18:07:00,SND
3.04,3.04,3.03,3.03,1200,2021-06-09 18:08:00,SND
3.03,3.04,3.03,3.04,1800,2021-06-09 18:09:00,SND
3.02,3.02,3.02,3.02,200,2021-06-09 18:10:00,SND
3.03,3.03,3.03,3.03,100,2021-06-09 18:11:00,SND
3.03,3.0399,3.03,3.03,300,2021-06-09 18:12:00,SND
3.035,3.035,3.03,3.03,300,2021-06-09 18:13:00,SND
3.03,3.03,3.03,3.03,615,2021-06-09 18:14:00,SND
3.02,3.03,3.02,3.03,1550,2021-06-09 18:15:00,SND
3.03,3.035,3.03,3.035,300,2021-06-09 18:16:00,SND
3.035,3.04,3.03,3.03,6800,2021-06-09 18:17:00,SND
3.0379,3.0392,3.0379,3.0392,4500,2021-06-09 18:18:00,SND
3.035,3.04,3.035,3.035,7057,2021-06-09 18:19:00,SND
3.03,3.03,3.0288,3.0288,700,2021-06-09 18:20:00,SND
3.02,3.02,3.02,3.02,100,2021-06-09 18:22:00,SND
3.025,3.025,3.025,3.025,200,2021-06-09 18:23:00,SND
3.025,3.025,3.025,3.025,100,2021-06-09 18:24:00,SND
3.03,3.03,3.02,3.02,1300,2021-06-09 18:26:00,SND
3.03,3.03,3.03,3.03,100,2021-06-09 18:27:00,SND
3.03,3.03,3.02,3.02,200,2021-06-09 18:29:00,SND
3.02,3.02,3.02,3.02,10748,2021-06-09 18:30:00,SND
3.01,3.01,3.01,3.01,200,2021-06-09 18:31:00,SND
3.01,3.01,3.01,3.01,500,2021-06-09 18:32:00,SND
3.015,3.02,3.015,3.02,700,2021-06-09 18:34:00,SND
3.025,3.025,3.025,3.025,200,2021-06-09 18:35:00,SND
3.03,3.03,3.03,3.03,100,2021-06-09 18:36:00,SND
3.03,3.03,3.023,3.03,600,2021-06-09 18:37:00,SND
3.03,3.04,3.0299,3.03,4520,2021-06-09 18:38:00,SND
3.035,3.035,3.035,3.035,100,2021-06-09 18:39:00,SND
3.035,3.035,3.035,3.035,200,2021-06-09 18:40:00,SND
3.03,3.03,3.03,3.03,300,2021-06-09 18:41:00,SND
3.02,3.02,3.02,3.02,200,2021-06-09 18:43:00,SND
3.04,3.04,3.04,3.04,7569,2021-06-09 18:45:00,SND
3.05,3.05,3.05,3.05,300,2021-06-09 18:47:00,SND
3.05,3.05,3.05,3.05,100,2021-06-09 18:48:00,SND
3.04,3.04,3.03,3.03,645,2021-06-09 18:49:00,SND
3.03,3.03,3.03,3.03,100,2021-06-09 18:50:00,SND
3.05,3.05,3.05,3.05,100,2021-06-09 18:52:00,SND
3.03,3.04,3.03,3.04,300,2021-06-09 18:53:00,SND
3.04,3.04,3.015,3.015,600,2021-06-09 18:55:00,SND
3.01,3.025,3.01,3.025,300,2021-06-09 18:56:00,SND
3.04,3.04,3.04,3.04,100,2021-06-09 18:58:00,SND
3.0208,3.0208,3.01,3.01,1200,2021-06-09 18:59:00,SND
3.04,3.04,3.04,3.04,100,2021-06-09 19:00:00,SND
3.025,3.025,3.0181,3.0181,200,2021-06-09 19:01:00,SND
3.01,3.01,3.01,3.01,200,2021-06-09 19:02:00,SND
3.025,3.025,3.025,3.025,100,2021-06-09 19:03:00,SND
3.025,3.025,3.01,3.01,300,2021-06-09 19:04:00,SND
3.04,3.04,3.04,3.04,1000,2021-06-09 19:05:00,SND
3.04,3.04,3.04,3.04,200,2021-06-09 19:06:00,SND
3.01,3.04,3.01,3.04,300,2021-06-09 19:07:00,SND
3.04,3.04,3.04,3.04,1200,2021-06-09 19:08:00,SND
3.03,3.03,3.01,3.03,1600,2021-06-09 19:10:00,SND
3.04,3.04,3.04,3.04,200,2021-06-09 19:11:00,SND
3.04,3.04,3.04,3.04,200,2021-06-09 19:12:00,SND
3.04,3.04,3.04,3.04,100,2021-06-09 19:13:00,SND
3.04,3.04,3.04,3.04,100,2021-06-09 19:14:00,SND
3.04,3.04,3.02,3.04,2600,2021-06-09 19:15:00,SND
3.04,3.04,3.04,3.04,100,2021-06-09 19:16:00,SND
3.04,3.05,3.04,3.05,300,2021-06-09 19:17:00,SND
3.05,3.05,3.05,3.05,100,2021-06-09 19:18:00,SND
3.05,3.05,3.05,3.05,200,2021-06-09 19:19:00,SND
3.05,3.05,3.03,3.03,400,2021-06-09 19:20:00,SND
3.04,3.04,3.02,3.02,700,2021-06-09 19:22:00,SND
3.03,3.03,3.03,3.03,100,2021-06-09 19:24:00,SND
3.01,3.03,3.01,3.03,2200,2021-06-09 19:25:00,SND
3.03,3.03,3.03,3.03,200,2021-06-09 19:26:00,SND
3.01,3.03,3.01,3.03,200,2021-06-09 19:27:00,SND
3.03,3.03,3.01,3.03,6520,2021-06-09 19:28:00,SND
3.025,3.03,3.02,3.03,400,2021-06-09 19:29:00,SND
3.02,3.02,3.02,3.02,200,2021-06-09 19:30:00,SND
3.02,3.02,3.02,3.02,100,2021-06-09 19:31:00,SND
3.02,3.02,3.01,3.02,300,2021-06-09 19:32:00,SND
3.02,3.03,3.01,3.03,400,2021-06-09 19:33:00,SND
3.01,3.03,3.01,3.01,530,2021-06-09 19:34:00,SND
3.03,3.03,3.01,3.03,672,2021-06-09 19:35:00,SND
3.01,3.02,3.01,3.02,300,2021-06-09 19:36:00,SND
3.01,3.02,3.01,3.02,300,2021-06-09 19:37:00,SND
3.0109,3.015,3.01,3.01,2200,2021-06-09 19:38:00,SND
3.01,3.0199,3.01,3.0199,1025,2021-06-09 19:39:00,SND
3.015,3.015,3.015,3.015,300,2021-06-09 19:40:00,SND
3.015,3.0176,3.01,3.015,460,2021-06-09 19:41:00,SND
3.01,3.02,3.01,3.0128,700,2021-06-09 19:42:00,SND
3.015,3.015,3.01,3.01,2626,2021-06-09 19:43:00,SND
3.0,3.0,3.0,3.0,1257,2021-06-09 19:44:00,SND
3.0,3.005,3.0,3.0,800,2021-06-09 19:45:00,SND
3.005,3.005,3.0,3.0,2250,2021-06-09 19:46:00,SND
3.0,3.005,3.0,3.0,300,2021-06-09 19:47:00,SND
3.005,3.005,3.0,3.0,2111,2021-06-09 19:48:00,SND
3.0,3.005,3.0,3.0,700,2021-06-09 19:49:00,SND
3.0,3.0,3.0,3.0,772,2021-06-09 19:50:00,SND
3.0,3.005,3.0,3.0,300,2021-06-09 19:51:00,SND
3.0,3.0,3.0,3.0,1150,2021-06-09 19:52:00,SND
3.01,3.03,3.0,3.03,9428,2021-06-09 19:53:00,SND
3.025,3.03,3.02,3.03,2650,2021-06-09 19:54:00,SND
3.02,3.0395,3.01,3.01,6479,2021-06-09 19:55:00,SND
3.01,3.02,3.01,3.02,1120,2021-06-09 19:56:00,SND
3.01,3.05,3.01,3.02,12071,2021-06-09 19:57:00,SND
3.025,3.025,3.02,3.025,3684,2021-06-09 19:58:00,SND
3.02,3.03,3.01,3.02,6782,2021-06-09 19:59:00,SND
3.01,3.01,3.01,3.01,1557,2021-06-09 20:00:00,SND
2.9901,2.9901,2.99,2.99,400,2021-06-09 20:11:00,SND
2.99,2.99,2.99,2.99,4170,2021-06-09 21:46:00,SND
3.06,3.06,3.06,3.06,400,2021-06-10 08:14:00,SND
3.0101,3.0101,3.01,3.01,240,2021-06-10 12:24:00,SND
3.0599,3.06,3.0599,3.06,200,2021-06-10 12:41:00,SND
3.06,3.06,3.06,3.06,5000,2021-06-10 12:59:00,SND
3.06,3.06,3.06,3.06,3000,2021-06-10 13:05:00,SND
3.05,3.089,3.05,3.089,1553,2021-06-10 13:30:00,SND
3.055,3.055,3.055,3.055,100,2021-06-10 13:34:00,SND
3.0201,3.0564,3.0201,3.0564,800,2021-06-10 13:35:00,SND
3.0753,3.0753,3.0753,3.0753,200,2021-06-10 13:36:00,SND
3.08,3.08,3.08,3.08,300,2021-06-10 13:38:00,SND
3.05,3.05,3.05,3.05,100,2021-06-10 13:39:00,SND
3.0355,3.0355,3.0355,3.0355,500,2021-06-10 13:40:00,SND
3.0297,3.0297,3.0297,3.0297,250,2021-06-10 13:41:00,SND
3.03,3.03,3.03,3.03,300,2021-06-10 13:45:00,SND
3.03,3.03,3.03,3.03,600,2021-06-10 13:49:00,SND
3.03,3.03,3.03,3.03,1649,2021-06-10 13:50:00,SND
3.028,3.028,3.028,3.028,100,2021-06-10 13:51:00,SND
3.03,3.07,3.03,3.07,8359,2021-06-10 13:52:00,SND
3.06,3.09,3.06,3.09,9325,2021-06-10 13:53:00,SND
3.06,3.06,3.0315,3.0315,800,2021-06-10 13:54:00,SND
3.03,3.03,3.03,3.03,3800,2021-06-10 13:58:00,SND
3.0378,3.0378,3.0378,3.0378,300,2021-06-10 13:59:00,SND
3.0521,3.0521,3.0521,3.0521,100,2021-06-10 14:01:00,SND
3.02,3.02,3.02,3.02,100,2021-06-10 14:02:00,SND
3.02,3.02,3.02,3.02,100,2021-06-10 14:05:00,SND
3.03,3.03,3.03,3.03,384,2021-06-10 14:06:00,SND
3.045,3.045,3.045,3.045,5000,2021-06-10 14:07:00,SND
3.05,3.05,3.05,3.05,300,2021-06-10 14:09:00,SND
3.04,3.0486,3.04,3.0486,800,2021-06-10 14:10:00,SND
3.04,3.04,3.04,3.04,6732,2021-06-10 14:11:00,SND
3.05,3.05,3.05,3.05,100,2021-06-10 14:12:00,SND
3.04,3.05,3.03,3.03,1813,2021-06-10 14:15:00,SND
3.0327,3.0327,3.0327,3.0327,270,2021-06-10 14:20:00,SND
3.0301,3.0301,3.03,3.03,400,2021-06-10 14:21:00,SND
3.03,3.03,3.025,3.025,318,2021-06-10 14:23:00,SND
3.03,3.03,3.026,3.0287,1507,2021-06-10 14:24:00,SND
3.0201,3.0288,3.02,3.02,481,2021-06-10 14:25:00,SND
3.02,3.02,3.02,3.02,100,2021-06-10 14:30:00,SND
3.02,3.03,3.01,3.01,7777,2021-06-10 14:31:00,SND
3.0089,3.0089,3.0089,3.0089,300,2021-06-10 14:32:00,SND
3.005,3.005,3.005,3.005,300,2021-06-10 14:33:00,SND
3.01,3.01,3.0077,3.0099,610,2021-06-10 14:35:00,SND
3.01,3.01,3.01,3.01,100,2021-06-10 14:36:00,SND
3.01,3.01,3.01,3.01,100,2021-06-10 14:37:00,SND
3.01,3.01,3.01,3.01,100,2021-06-10 14:39:00,SND
3.01,3.01,3.01,3.01,100,2021-06-10 14:40:00,SND
3.01,3.015,3.01,3.015,830,2021-06-10 14:42:00,SND
3.01,3.01,3.01,3.01,100,2021-06-10 14:43:00,SND
3.005,3.005,3.005,3.005,548,2021-06-10 14:44:00,SND
3.01,3.01,3.01,3.01,100,2021-06-10 14:45:00,SND
3.02,3.02,3.01,3.01,610,2021-06-10 14:49:00,SND
3.02,3.02,3.02,3.02,300,2021-06-10 14:50:00,SND
3.03,3.03,3.03,3.03,700,2021-06-10 14:54:00,SND
3.039,3.04,3.0386,3.04,2350,2021-06-10 14:55:00,SND
3.03,3.03,3.0201,3.0201,1746,2021-06-10 15:02:00,SND
3.02,3.02,3.02,3.02,100,2021-06-10 15:03:00,SND
3.02,3.02,3.02,3.02,300,2021-06-10 15:05:00,SND
3.02,3.02,3.02,3.02,100,2021-06-10 15:08:00,SND
3.04,3.04,3.04,3.04,100,2021-06-10 15:09:00,SND
3.0311,3.0311,3.0311,3.0311,177,2021-06-10 15:14:00,SND
3.04,3.04,3.04,3.04,100,2021-06-10 15:16:00,SND
3.03,3.03,3.03,3.03,100,2021-06-10 15:17:00,SND
3.03,3.04,3.03,3.04,2508,2021-06-10 15:24:00,SND
3.03,3.03,3.03,3.03,300,2021-06-10 15:27:00,SND
3.02,3.02,3.02,3.02,200,2021-06-10 15:28:00,SND
3.02,3.02,3.02,3.02,1800,2021-06-10 15:32:00,SND
3.02,3.02,3.02,3.02,6400,2021-06-10 15:33:00,SND
3.02,3.04,3.02,3.04,9026,2021-06-10 15:34:00,SND
3.06,3.06,3.06,3.06,2095,2021-06-10 15:42:00,SND
3.048,3.05,3.048,3.05,425,2021-06-10 15:49:00,SND
3.05,3.05,3.05,3.05,100,2021-06-10 15:50:00,SND
3.05,3.05,3.05,3.05,100,2021-06-10 15:58:00,SND
3.05,3.05,3.05,3.05,300,2021-06-10 16:04:00,SND
3.05,3.05,3.05,3.05,100,2021-06-10 16:06:00,SND
3.0496,3.0496,3.04,3.04,650,2021-06-10 16:07:00,SND
3.04,3.04,3.04,3.04,300,2021-06-10 16:08:00,SND
3.02,3.02,3.01,3.01,300,2021-06-10 16:11:00,SND
3.0,3.005,3.0,3.005,240,2021-06-10 16:12:00,SND
3.0,3.0,3.0,3.0,8291,2021-06-10 16:13:00,SND
2.99,2.99,2.97,2.9701,7985,2021-06-10 16:14:00,SND
2.97,2.97,2.97,2.97,349,2021-06-10 16:16:00,SND
3.0,3.0,3.0,3.0,221,2021-06-10 16:18:00,SND
2.9879,2.9879,2.9879,2.9879,150,2021-06-10 16:21:00,SND
2.995,2.995,2.995,2.995,100,2021-06-10 16:30:00,SND
2.98,2.98,2.98,2.98,100,2021-06-10 16:35:00,SND
2.99,2.99,2.99,2.99,200,2021-06-10 16:39:00,SND
2.99,2.99,2.99,2.99,100,2021-06-10 16:46:00,SND
2.98,2.98,2.98,2.98,100,2021-06-10 16:47:00,SND
2.98,2.98,2.98,2.98,600,2021-06-10 16:52:00,SND
2.98,2.98,2.98,2.98,200,2021-06-10 16:54:00,SND
2.99,2.99,2.99,2.99,1500,2021-06-10 16:58:00,SND
2.9807,2.9807,2.9807,2.9807,1000,2021-06-10 17:00:00,SND
2.98,2.98,2.98,2.98,100,2021-06-10 17:02:00,SND
2.985,2.985,2.985,2.985,100,2021-06-10 17:08:00,SND
2.985,2.985,2.985,2.985,100,2021-06-10 17:09:00,SND
2.98,2.98,2.98,2.98,100,2021-06-10 17:10:00,SND
2.985,2.99,2.985,2.99,1300,2021-06-10 17:12:00,SND
2.992,2.9999,2.992,2.9999,5684,2021-06-10 17:17:00,SND
2.9956,2.9956,2.9956,2.9956,300,2021-06-10 17:18:00,SND
2.99,2.99,2.99,2.99,200,2021-06-10 17:20:00,SND
2.99,2.99,2.99,2.99,300,2021-06-10 17:21:00,SND
2.98,2.99,2.98,2.99,1100,2021-06-10 17:27:00,SND
2.98,2.9817,2.98,2.9817,600,2021-06-10 17:28:00,SND
2.98,2.98,2.98,2.98,2300,2021-06-10 17:30:00,SND
2.97,2.97,2.97,2.97,175,2021-06-10 17:31:00,SND
2.97,2.97,2.97,2.97,900,2021-06-10 17:34:00,SND
2.97,2.97,2.97,2.97,1891,2021-06-10 17:35:00,SND
2.96,2.96,2.95,2.955,2178,2021-06-10 17:36:00,SND
2.96,2.96,2.96,2.96,3000,2021-06-10 17:37:00,SND
2.94,2.94,2.94,2.94,100,2021-06-10 17:41:00,SND
2.945,2.95,2.945,2.95,811,2021-06-10 17:42:00,SND
2.95,2.95,2.95,2.95,100,2021-06-10 17:43:00,SND
2.95,2.95,2.95,2.95,100,2021-06-10 17:44:00,SND
2.95,2.95,2.95,2.95,100,2021-06-10 17:48:00,SND
2.955,2.955,2.955,2.955,237,2021-06-10 17:52:00,SND
2.96,2.96,2.96,2.96,200,2021-06-10 17:53:00,SND
2.95,2.95,2.95,2.95,776,2021-06-10 17:54:00,SND
2.97,2.97,2.96,2.97,2100,2021-06-10 17:57:00,SND
2.95,2.95,2.95,2.95,812,2021-06-10 18:01:00,SND
2.96,2.96,2.96,2.96,500,2021-06-10 18:02:00,SND
2.97,2.97,2.97,2.97,100,2021-06-10 18:07:00,SND
2.965,2.97,2.965,2.97,850,2021-06-10 18:12:00,SND
2.97,2.99,2.97,2.99,850,2021-06-10 18:13:00,SND
2.9925,2.9925,2.9925,2.9925,332,2021-06-10 18:17:00,SND
3.0,3.0,3.0,3.0,700,2021-06-10 18:18:00,SND
3.0,3.0,3.0,3.0,100,2021-06-10 18:21:00,SND
2.97,2.97,2.97,2.97,100,2021-06-10 18:24:00,SND
2.97,2.97,2.97,2.97,100,2021-06-10 18:28:00,SND
2.99,2.99,2.99,2.99,100,2021-06-10 18:30:00,SND
2.97,2.97,2.97,2.97,100,2021-06-10 18:34:00,SND
2.97,2.99,2.97,2.99,200,2021-06-10 18:38:00,SND
2.97,2.97,2.97,2.97,100,2021-06-10 18:40:00,SND
2.97,2.99,2.97,2.99,300,2021-06-10 18:45:00,SND
2.97,2.97,2.97,2.97,100,2021-06-10 18:46:00,SND
2.97,2.97,2.97,2.97,100,2021-06-10 18:51:00,SND
2.97,2.97,2.97,2.97,100,2021-06-10 18:52:00,SND
2.99,2.99,2.99,2.99,100,2021-06-10 18:53:00,SND
2.99,2.99,2.99,2.99,869,2021-06-10 18:54:00,SND
2.9818,2.9818,2.9818,2.9818,100,2021-06-10 18:56:00,SND
2.97,2.98,2.97,2.98,300,2021-06-10 18:57:00,SND
2.98,2.99,2.98,2.99,200,2021-06-10 19:00:00,SND
2.98,2.98,2.97,2.97,200,2021-06-10 19:02:00,SND
2.98,2.99,2.98,2.99,200,2021-06-10 19:07:00,SND
2.97,2.97,2.97,2.97,200,2021-06-10 19:10:00,SND
2.97,2.97,2.97,2.97,100,2021-06-10 19:13:00,SND
2.98,2.98,2.98,2.98,522,2021-06-10 19:14:00,SND
2.98,2.98,2.98,2.98,100,2021-06-10 19:20:00,SND
2.99,2.99,2.99,2.99,100,2021-06-10 19:21:00,SND
2.9806,2.9806,2.9806,2.9806,300,2021-06-10 19:22:00,SND
2.98,2.99,2.98,2.98,400,2021-06-10 19:25:00,SND
2.975,2.975,2.975,2.975,100,2021-06-10 19:29:00,SND
2.98,2.98,2.98,2.98,300,2021-06-10 19:30:00,SND
2.98,2.98,2.98,2.98,200,2021-06-10 19:32:00,SND
2.975,2.975,2.975,2.975,100,2021-06-10 19:34:00,SND
2.975,2.975,2.97,2.97,381,2021-06-10 19:36:00,SND
2.97,2.98,2.97,2.98,1000,2021-06-10 19:37:00,SND
2.975,2.98,2.9709,2.9709,641,2021-06-10 19:38:00,SND
2.9799,2.9799,2.9799,2.9799,1000,2021-06-10 19:40:00,SND
2.975,2.975,2.975,2.975,100,2021-06-10 19:41:00,SND
2.97,2.975,2.965,2.965,1675,2021-06-10 19:43:00,SND
2.965,2.965,2.965,2.965,100,2021-06-10 19:45:00,SND
2.96,2.96,2.9501,2.9501,1600,2021-06-10 19:47:00,SND
2.955,2.9599,2.95,2.95,1950,2021-06-10 19:48:00,SND
2.955,2.955,2.95,2.95,200,2021-06-10 19:50:00,SND
2.955,2.955,2.95,2.95,480,2021-06-10 19:51:00,SND
2.95,2.95,2.95,2.95,200,2021-06-10 19:52:00,SND
2.95,2.95,2.95,2.95,100,2021-06-10 19:53:00,SND
2.95,2.96,2.95,2.96,700,2021-06-10 19:54:00,SND
2.95,2.96,2.95,2.96,593,2021-06-10 19:55:00,SND
2.959,2.98,2.959,2.98,17187,2021-06-10 19:56:00,SND
2.98,2.98,2.975,2.975,200,2021-06-10 19:57:00,SND
2.96,2.96,2.96,2.96,100,2021-06-10 19:58:00,SND
2.96,2.96,2.96,2.96,680,2021-06-10 19:59:00,SND
2.98,2.98,2.98,2.98,1946,2021-06-10 20:00:00,SND
3.009,3.009,3.009,3.009,150,2021-06-10 20:59:00,SND
3.0,3.0,3.0,3.0,1000,2021-06-10 21:10:00,SND
2.95,3.0,2.95,2.95,10388,2021-06-11 13:30:00,SND
2.975,2.99,2.975,2.99,600,2021-06-11 13:34:00,SND
2.975,2.975,2.975,2.975,150,2021-06-11 13:35:00,SND
2.99,2.99,2.99,2.99,400,2021-06-11 13:37:00,SND
2.985,2.985,2.985,2.985,100,2021-06-11 13:38:00,SND
3.0,3.0,2.9756,2.9756,3700,2021-06-11 13:40:00,SND
3.0,3.0,3.0,3.0,1397,2021-06-11 13:41:00,SND
2.9991,2.9991,2.9991,2.9991,125,2021-06-11 13:44:00,SND
2.985,2.985,2.985,2.985,1900,2021-06-11 13:47:00,SND
3.0,3.0,3.0,3.0,1230,2021-06-11 13:50:00,SND
2.985,2.985,2.985,2.985,100,2021-06-11 13:51:00,SND
2.97,2.9911,2.97,2.9911,1015,2021-06-11 13:55:00,SND
2.985,2.985,2.985,2.985,400,2021-06-11 13:57:00,SND
2.99,2.99,2.99,2.99,250,2021-06-11 14:01:00,SND
3.0,3.0,2.99,2.99,448,2021-06-11 14:16:00,SND
2.98,2.98,2.97,2.98,8163,2021-06-11 14:19:00,SND
2.9616,2.98,2.9616,2.98,2796,2021-06-11 14:20:00,SND
2.9799,2.9799,2.97,2.97,1100,2021-06-11 14:21:00,SND
2.9699,2.9699,2.96,2.96,1666,2021-06-11 14:22:00,SND
2.97,2.975,2.97,2.97,300,2021-06-11 14:27:00,SND
2.96,2.96,2.96,2.96,1417,2021-06-11 14:28:00,SND
2.9501,2.9501,2.9501,2.9501,2000,2021-06-11 14:33:00,SND
2.96,2.96,2.96,2.96,800,2021-06-11 14:37:00,SND
2.96,2.96,2.96,2.96,500,2021-06-11 14:38:00,SND
2.95,2.9538,2.95,2.9538,900,2021-06-11 14:41:00,SND
2.96,2.96,2.96,2.96,400,2021-06-11 14:42:00,SND
2.9537,2.9537,2.9537,2.9537,500,2021-06-11 14:43:00,SND
2.965,2.965,2.965,2.965,100,2021-06-11 14:45:00,SND
2.9718,2.9718,2.9718,2.9718,100,2021-06-11 14:51:00,SND
2.996,2.996,2.996,2.996,300,2021-06-11 14:58:00,SND
2.98,2.98,2.98,2.98,1000,2021-06-11 14:59:00,SND
2.9957,2.9957,2.9957,2.9957,200,2021-06-11 15:00:00,SND
2.99,2.99,2.99,2.99,2000,2021-06-11 15:01:00,SND
2.99,2.9999,2.99,2.9999,1200,2021-06-11 15:16:00,SND
2.985,2.985,2.985,2.985,200,2021-06-11 15:21:00,SND
2.9801,2.9801,2.9801,2.9801,200,2021-06-11 15:23:00,SND
2.985,2.99,2.985,2.99,1800,2021-06-11 15:24:00,SND
2.985,2.9899,2.985,2.985,1875,2021-06-11 15:25:00,SND
2.99,2.99,2.99,2.99,100,2021-06-11 15:33:00,SND
3.0,3.0,3.0,3.0,100,2021-06-11 15:34:00,SND
2.98,2.98,2.98,2.98,100,2021-06-11 15:35:00,SND
2.998,2.998,2.98,2.98,2280,2021-06-11 15:36:00,SND
2.9801,2.9801,2.9801,2.9801,100,2021-06-11 15:38:00,SND
2.98,2.98,2.98,2.98,2574,2021-06-11 15:43:00,SND
2.99,2.99,2.99,2.99,600,2021-06-11 15:45:00,SND
2.9999,2.9999,2.9999,2.9999,400,2021-06-11 15:59:00,SND
2.97,2.97,2.97,2.97,6000,2021-06-11 16:04:00,SND
2.9824,2.9824,2.9824,2.9824,1000,2021-06-11 16:06:00,SND
3.0,3.0,3.0,3.0,1700,2021-06-11 16:14:00,SND
3.0,3.0,3.0,3.0,4700,2021-06-11 16:15:00,SND
2.995,2.995,2.995,2.995,300,2021-06-11 16:16:00,SND
2.9942,2.9942,2.99,2.99,3354,2021-06-11 16:19:00,SND
2.99,2.99,2.99,2.99,100,2021-06-11 16:21:00,SND
2.995,2.995,2.995,2.995,161,2021-06-11 16:22:00,SND
2.9984,2.9984,2.99,2.99,2300,2021-06-11 16:23:00,SND
2.995,2.995,2.99,2.99,4100,2021-06-11 16:36:00,SND
2.9838,2.9838,2.982,2.982,1000,2021-06-11 16:39:00,SND
2.98,2.98,2.98,2.98,100,2021-06-11 16:40:00,SND
3.0,3.0,3.0,3.0,200,2021-06-11 16:56:00,SND
2.98,2.98,2.98,2.98,640,2021-06-11 17:07:00,SND
3.0,3.0,2.99,2.99,1700,2021-06-11 17:15:00,SND
3.0,3.0,3.0,3.0,300,2021-06-11 17:24:00,SND
3.0,3.0,3.0,3.0,100,2021-06-11 17:28:00,SND
2.9962,3.0,2.9962,3.0,300,2021-06-11 17:32:00,SND
2.98,2.99,2.98,2.99,300,2021-06-11 17:34:00,SND
3.0,3.0,3.0,3.0,501,2021-06-11 17:46:00,SND
2.996,3.0,2.99,2.99,5388,2021-06-11 17:47:00,SND
2.99,2.99,2.99,2.99,100,2021-06-11 17:48:00,SND
2.99,2.99,2.99,2.99,200,2021-06-11 17:49:00,SND
3.0,3.03,2.9999,3.01,21996,2021-06-11 17:50:00,SND
3.0028,3.01,3.0028,3.01,288,2021-06-11 17:51:00,SND
3.0102,3.0103,3.0102,3.0103,1000,2021-06-11 17:55:00,SND
3.0248,3.0248,3.0248,3.0248,200,2021-06-11 17:57:00,SND
3.0299,3.03,3.02,3.03,3100,2021-06-11 18:00:00,SND
3.02,3.02,3.02,3.02,700,2021-06-11 18:01:00,SND
3.02,3.02,3.02,3.02,100,2021-06-11 18:03:00,SND
3.03,3.03,3.0275,3.0275,600,2021-06-11 18:07:00,SND
3.03,3.035,3.03,3.035,900,2021-06-11 18:08:00,SND
3.05,3.05,3.035,3.035,300,2021-06-11 18:09:00,SND
3.04,3.04,3.04,3.04,100,2021-06-11 18:11:00,SND
3.05,3.06,3.04,3.06,3600,2021-06-11 18:12:00,SND
3.0534,3.0534,3.04,3.04,1100,2021-06-11 18:13:00,SND
3.04,3.045,3.04,3.045,2180,2021-06-11 18:14:00,SND
3.05,3.05,3.05,3.05,200,2021-06-11 18:15:00,SND
3.05,3.05,3.045,3.045,400,2021-06-11 18:16:00,SND
3.06,3.06,3.045,3.045,2300,2021-06-11 18:18:00,SND
3.045,3.045,3.045,3.045,100,2021-06-11 18:19:00,SND
3.06,3.06,3.06,3.06,200,2021-06-11 18:20:00,SND
3.0546,3.0546,3.045,3.045,800,2021-06-11 18:21:00,SND
3.06,3.06,3.06,3.06,200,2021-06-11 18:23:00,SND
3.0527,3.0527,3.0527,3.0527,300,2021-06-11 18:24:00,SND
3.045,3.06,3.045,3.06,200,2021-06-11 18:25:00,SND
3.06,3.06,3.06,3.06,200,2021-06-11 18:28:00,SND
3.06,3.06,3.06,3.06,200,2021-06-11 18:30:00,SND
3.055,3.06,3.055,3.06,400,2021-06-11 18:32:00,SND
3.055,3.06,3.055,3.06,300,2021-06-11 18:34:00,SND
3.06,3.06,3.06,3.06,200,2021-06-11 18:37:00,SND
3.055,3.06,3.05,3.05,2500,2021-06-11 18:42:00,SND
3.05,3.05,3.045,3.045,400,2021-06-11 18:46:00,SND
3.04,3.04,3.04,3.04,200,2021-06-11 18:57:00,SND
3.045,3.045,3.045,3.045,100,2021-06-11 18:58:00,SND
3.045,3.0458,3.045,3.045,1599,2021-06-11 19:01:00,SND
3.045,3.05,3.0401,3.05,1216,2021-06-11 19:05:00,SND
3.045,3.045,3.045,3.045,100,2021-06-11 19:11:00,SND
3.0499,3.0499,3.0499,3.0499,750,2021-06-11 19:16:00,SND
3.0499,3.0499,3.045,3.045,628,2021-06-11 19:17:00,SND
3.048,3.048,3.045,3.045,600,2021-06-11 19:23:00,SND
3.04,3.05,3.03,3.03,9848,2021-06-11 19:25:00,SND
3.04,3.05,3.02,3.02,300,2021-06-11 19:26:00,SND
3.0201,3.05,3.02,3.02,4479,2021-06-11 19:28:00,SND
3.02,3.05,3.0,3.02,17840,2021-06-11 19:29:00,SND
3.05,3.06,3.045,3.045,4267,2021-06-11 19:31:00,SND
3.045,3.06,3.045,3.06,200,2021-06-11 19:32:00,SND
3.06,3.06,3.06,3.06,100,2021-06-11 19:33:00,SND
3.06,3.06,3.06,3.06,200,2021-06-11 19:34:00,SND
3.06,3.06,3.06,3.06,100,2021-06-11 19:35:00,SND
3.045,3.06,3.03,3.03,3624,2021-06-11 19:36:00,SND
3.06,3.06,3.06,3.06,100,2021-06-11 19:37:00,SND
3.06,3.06,3.06,3.06,200,2021-06-11 19:38:00,SND
3.06,3.06,3.03,3.03,200,2021-06-11 19:39:00,SND
3.06,3.06,3.03,3.06,1300,2021-06-11 19:40:00,SND
3.06,3.06,3.06,3.06,100,2021-06-11 19:41:00,SND
3.06,3.06,3.03,3.06,300,2021-06-11 19:42:00,SND
3.06,3.06,3.06,3.06,200,2021-06-11 19:43:00,SND
3.06,3.06,3.06,3.06,100,2021-06-11 19:44:00,SND
3.06,3.06,3.06,3.06,200,2021-06-11 19:45:00,SND
3.06,3.06,3.03,3.03,300,2021-06-11 19:46:00,SND
3.06,3.06,3.06,3.06,200,2021-06-11 19:47:00,SND
3.06,3.06,3.06,3.06,200,2021-06-11 19:48:00,SND
3.06,3.06,3.03,3.05,600,2021-06-11 19:49:00,SND
3.03,3.06,3.03,3.06,920,2021-06-11 19:50:00,SND
3.06,3.06,3.03,3.03,600,2021-06-11 19:51:00,SND
3.04,3.05,3.03,3.04,600,2021-06-11 19:52:00,SND
3.04,3.04,3.04,3.04,300,2021-06-11 19:53:00,SND
3.03,3.05,3.03,3.03,600,2021-06-11 19:54:00,SND
3.03,3.035,3.03,3.035,377,2021-06-11 19:55:00,SND
3.03,3.03,3.03,3.03,515,2021-06-11 19:56:00,SND
3.01,3.01,3.01,3.01,310,2021-06-11 19:57:00,SND
3.01,3.01,3.01,3.01,130,2021-06-11 19:58:00,SND
3.025,3.04,3.01,3.01,1657,2021-06-11 19:59:00,SND
3.01,3.01,3.01,3.01,2529,2021-06-11 20:00:00,SND
3.03,3.03,3.03,3.03,1000,2021-06-11 20:47:00,SND
3.0,3.0,3.0,3.0,100,2021-06-11 21:53:00,SND
3.0,3.0,3.0,3.0,900,2021-06-11 21:54:00,SND
