open,high,low,close,volume,datetime,symbol
2.85,2.85,2.85,2.85,200,2021-07-01 09:08:00,OGI
2.82,2.82,2.82,2.82,2700,2021-07-01 09:10:00,OGI
2.82,2.82,2.81,2.81,1862,2021-07-01 09:11:00,OGI
2.83,2.83,2.82,2.82,200,2021-07-01 10:04:00,OGI
2.84,2.84,2.83,2.83,1472,2021-07-01 11:00:00,OGI
2.86,2.86,2.86,2.86,100,2021-07-01 11:08:00,OGI
2.87,2.87,2.87,2.87,100,2021-07-01 11:09:00,OGI
2.86,2.86,2.86,2.86,200,2021-07-01 11:29:00,OGI
2.86,2.86,2.86,2.86,100,2021-07-01 11:41:00,OGI
2.85,2.85,2.85,2.85,500,2021-07-01 12:08:00,OGI
2.87,2.87,2.87,2.87,460,2021-07-01 12:13:00,OGI
2.88,2.88,2.88,2.88,100,2021-07-01 12:14:00,OGI
2.87,2.87,2.87,2.87,300,2021-07-01 12:15:00,OGI
2.8699,2.8699,2.8699,2.8699,1000,2021-07-01 12:18:00,OGI
2.87,2.88,2.8699,2.88,4800,2021-07-01 12:19:00,OGI
2.88,2.88,2.88,2.88,100,2021-07-01 12:21:00,OGI
2.88,2.88,2.88,2.88,200,2021-07-01 12:22:00,OGI
2.88,2.88,2.88,2.88,200,2021-07-01 12:23:00,OGI
2.8799,2.8799,2.8799,2.8799,220,2021-07-01 12:25:00,OGI
2.86,2.86,2.86,2.86,100,2021-07-01 12:27:00,OGI
2.8601,2.8601,2.8601,2.8601,100,2021-07-01 12:29:00,OGI
2.8601,2.8601,2.8601,2.8601,100,2021-07-01 12:31:00,OGI
2.86,2.86,2.86,2.86,255,2021-07-01 12:43:00,OGI
2.88,2.88,2.88,2.88,400,2021-07-01 12:58:00,OGI
2.86,2.86,2.86,2.86,100,2021-07-01 13:08:00,OGI
2.87,2.87,2.87,2.87,100,2021-07-01 13:09:00,OGI
2.86,2.86,2.86,2.86,500,2021-07-01 13:13:00,OGI
2.86,2.86,2.86,2.86,200,2021-07-01 13:14:00,OGI
2.87,2.87,2.87,2.87,200,2021-07-01 13:18:00,OGI
2.87,2.8763,2.87,2.8763,300,2021-07-01 13:19:00,OGI
2.86,2.86,2.86,2.86,3501,2021-07-01 13:21:00,OGI
2.87,2.87,2.87,2.87,3197,2021-07-01 13:25:00,OGI
2.88,2.88,2.88,2.88,348,2021-07-01 13:26:00,OGI
2.87,2.87,2.87,2.87,500,2021-07-01 13:27:00,OGI
2.8612,2.8779,2.85,2.851,39945,2021-07-01 13:30:00,OGI
2.85,2.85,2.8323,2.8323,6292,2021-07-01 13:31:00,OGI
2.8385,2.8599,2.8308,2.85,17556,2021-07-01 13:32:00,OGI
2.8501,2.86,2.84,2.844,24851,2021-07-01 13:33:00,OGI
2.85,2.86,2.833,2.8398,25714,2021-07-01 13:34:00,OGI
2.84,2.84,2.83,2.8323,23334,2021-07-01 13:35:00,OGI
2.84,2.85,2.84,2.8479,88561,2021-07-01 13:36:00,OGI
2.84,2.86,2.84,2.855,19842,2021-07-01 13:37:00,OGI
2.86,2.86,2.85,2.85,12593,2021-07-01 13:38:00,OGI
2.85,2.86,2.85,2.85,9157,2021-07-01 13:39:00,OGI
2.855,2.855,2.83,2.84,17046,2021-07-01 13:40:00,OGI
2.83,2.838,2.82,2.83,60093,2021-07-01 13:41:00,OGI
2.8319,2.84,2.83,2.8387,20620,2021-07-01 13:42:00,OGI
2.83,2.8386,2.83,2.83,3889,2021-07-01 13:43:00,OGI
2.83,2.83,2.82,2.82,16856,2021-07-01 13:44:00,OGI
2.82,2.8299,2.81,2.8176,15795,2021-07-01 13:45:00,OGI
2.815,2.83,2.81,2.83,20065,2021-07-01 13:46:00,OGI
2.82,2.8299,2.82,2.82,6647,2021-07-01 13:47:00,OGI
2.82,2.83,2.81,2.81,24844,2021-07-01 13:48:00,OGI
2.81,2.8118,2.8,2.805,30527,2021-07-01 13:49:00,OGI
2.8062,2.81,2.8,2.805,33635,2021-07-01 13:50:00,OGI
2.8,2.8099,2.8,2.805,6826,2021-07-01 13:51:00,OGI
2.8,2.8,2.77,2.79,228298,2021-07-01 13:52:00,OGI
2.7999,2.8,2.79,2.79,5412,2021-07-01 13:53:00,OGI
2.79,2.8,2.78,2.7818,164462,2021-07-01 13:54:00,OGI
2.7868,2.7899,2.78,2.78,17925,2021-07-01 13:55:00,OGI
2.78,2.79,2.77,2.78,52078,2021-07-01 13:56:00,OGI
2.7816,2.7836,2.771,2.771,9307,2021-07-01 13:57:00,OGI
2.7782,2.78,2.7717,2.7779,15078,2021-07-01 13:58:00,OGI
2.779,2.7899,2.7774,2.785,16940,2021-07-01 13:59:00,OGI
2.78,2.7899,2.78,2.78,8140,2021-07-01 14:00:00,OGI
2.78,2.7899,2.78,2.7826,8504,2021-07-01 14:01:00,OGI
2.78,2.79,2.78,2.78,6280,2021-07-01 14:02:00,OGI
2.7878,2.7878,2.77,2.7766,20590,2021-07-01 14:03:00,OGI
2.7727,2.7877,2.7727,2.78,28915,2021-07-01 14:04:00,OGI
2.7892,2.79,2.78,2.785,23146,2021-07-01 14:05:00,OGI
2.78,2.79,2.78,2.78,9174,2021-07-01 14:06:00,OGI
2.78,2.79,2.7717,2.78,23805,2021-07-01 14:07:00,OGI
2.78,2.7887,2.78,2.78,12440,2021-07-01 14:08:00,OGI
2.78,2.795,2.78,2.795,27406,2021-07-01 14:09:00,OGI
2.795,2.8,2.785,2.79,27934,2021-07-01 14:10:00,OGI
2.7901,2.8,2.78,2.785,16515,2021-07-01 14:11:00,OGI
2.785,2.7876,2.78,2.78,9917,2021-07-01 14:12:00,OGI
2.78,2.7855,2.773,2.78,20051,2021-07-01 14:13:00,OGI
2.78,2.79,2.78,2.78,13200,2021-07-01 14:14:00,OGI
2.78,2.7868,2.78,2.78,6985,2021-07-01 14:15:00,OGI
2.78,2.7877,2.775,2.775,6150,2021-07-01 14:16:00,OGI
2.775,2.78,2.7727,2.7782,17139,2021-07-01 14:17:00,OGI
2.7782,2.78,2.7722,2.7789,12724,2021-07-01 14:18:00,OGI
2.7784,2.78,2.7734,2.775,3065,2021-07-01 14:19:00,OGI
2.775,2.7793,2.773,2.7793,6500,2021-07-01 14:20:00,OGI
2.7782,2.7782,2.76,2.76,39904,2021-07-01 14:21:00,OGI
2.76,2.77,2.76,2.76,15371,2021-07-01 14:22:00,OGI
2.7666,2.7671,2.76,2.7667,4419,2021-07-01 14:23:00,OGI
2.76,2.78,2.76,2.7701,32940,2021-07-01 14:24:00,OGI
2.7777,2.78,2.775,2.7781,6520,2021-07-01 14:25:00,OGI
2.775,2.78,2.77,2.77,16371,2021-07-01 14:26:00,OGI
2.77,2.7736,2.76,2.765,9033,2021-07-01 14:27:00,OGI
2.765,2.79,2.763,2.7878,55355,2021-07-01 14:28:00,OGI
2.787,2.8,2.7833,2.7926,24997,2021-07-01 14:29:00,OGI
2.7934,2.7977,2.79,2.792,12970,2021-07-01 14:30:00,OGI
2.79,2.79,2.77,2.777,17698,2021-07-01 14:31:00,OGI
2.7754,2.78,2.77,2.77,16598,2021-07-01 14:32:00,OGI
2.77,2.7771,2.77,2.77,2791,2021-07-01 14:33:00,OGI
2.77,2.78,2.77,2.7756,9275,2021-07-01 14:34:00,OGI
2.7777,2.78,2.77,2.7781,11815,2021-07-01 14:35:00,OGI
2.77,2.7784,2.77,2.77,8621,2021-07-01 14:36:00,OGI
2.775,2.7772,2.77,2.77,3750,2021-07-01 14:37:00,OGI
2.77,2.7782,2.77,2.77,4800,2021-07-01 14:38:00,OGI
2.77,2.78,2.77,2.775,5915,2021-07-01 14:39:00,OGI
2.7799,2.8,2.77,2.79,71852,2021-07-01 14:40:00,OGI
2.8,2.81,2.8,2.805,35428,2021-07-01 14:41:00,OGI
2.8001,2.81,2.7924,2.795,39531,2021-07-01 14:42:00,OGI
2.79,2.8,2.77,2.775,48166,2021-07-01 14:43:00,OGI
2.7713,2.7783,2.77,2.77,23568,2021-07-01 14:44:00,OGI
2.77,2.77,2.76,2.76,17332,2021-07-01 14:45:00,OGI
2.76,2.769,2.76,2.76,12495,2021-07-01 14:46:00,OGI
2.76,2.77,2.76,2.76,5020,2021-07-01 14:47:00,OGI
2.76,2.765,2.76,2.76,2614,2021-07-01 14:48:00,OGI
2.765,2.77,2.76,2.765,28488,2021-07-01 14:49:00,OGI
2.77,2.7783,2.77,2.775,22566,2021-07-01 14:50:00,OGI
2.775,2.78,2.77,2.775,9164,2021-07-01 14:51:00,OGI
2.78,2.78,2.77,2.775,7527,2021-07-01 14:52:00,OGI
2.775,2.78,2.77,2.77,3863,2021-07-01 14:53:00,OGI
2.7728,2.78,2.77,2.775,13810,2021-07-01 14:54:00,OGI
2.77,2.79,2.77,2.7896,11433,2021-07-01 14:55:00,OGI
2.785,2.7875,2.76,2.76,69505,2021-07-01 14:56:00,OGI
2.76,2.7673,2.76,2.76,3801,2021-07-01 14:57:00,OGI
2.76,2.7675,2.76,2.76,2200,2021-07-01 14:58:00,OGI
2.7669,2.7692,2.76,2.76,17591,2021-07-01 14:59:00,OGI
2.76,2.7677,2.76,2.76,7528,2021-07-01 15:00:00,OGI
2.76,2.7699,2.75,2.75,85981,2021-07-01 15:01:00,OGI
2.75,2.76,2.75,2.755,13724,2021-07-01 15:02:00,OGI
2.75,2.76,2.75,2.75,8550,2021-07-01 15:03:00,OGI
2.75,2.76,2.75,2.75,19661,2021-07-01 15:04:00,OGI
2.7569,2.76,2.75,2.7588,51380,2021-07-01 15:05:00,OGI
2.7582,2.767,2.7582,2.76,11183,2021-07-01 15:06:00,OGI
2.76,2.7613,2.7521,2.755,9690,2021-07-01 15:07:00,OGI
2.755,2.7581,2.75,2.7572,3250,2021-07-01 15:08:00,OGI
2.755,2.76,2.75,2.75,35665,2021-07-01 15:09:00,OGI
2.75,2.7599,2.75,2.759,6605,2021-07-01 15:10:00,OGI
2.7528,2.7594,2.75,2.75,5194,2021-07-01 15:11:00,OGI
2.75,2.75,2.73,2.735,66055,2021-07-01 15:12:00,OGI
2.73,2.74,2.73,2.735,8924,2021-07-01 15:13:00,OGI
2.7301,2.7399,2.73,2.73,2785,2021-07-01 15:14:00,OGI
2.731,2.74,2.73,2.73,8359,2021-07-01 15:15:00,OGI
2.73,2.74,2.73,2.73,3607,2021-07-01 15:16:00,OGI
2.73,2.7393,2.73,2.7314,3565,2021-07-01 15:17:00,OGI
2.74,2.74,2.73,2.7301,32776,2021-07-01 15:18:00,OGI
2.735,2.7366,2.73,2.73,2618,2021-07-01 15:19:00,OGI
2.739,2.74,2.72,2.725,25326,2021-07-01 15:20:00,OGI
2.727,2.7299,2.72,2.72,29565,2021-07-01 15:21:00,OGI
2.72,2.7268,2.71,2.7182,18517,2021-07-01 15:22:00,OGI
2.71,2.72,2.71,2.71,7734,2021-07-01 15:23:00,OGI
2.715,2.72,2.71,2.7181,28099,2021-07-01 15:24:00,OGI
2.71,2.739,2.71,2.7352,35406,2021-07-01 15:25:00,OGI
2.735,2.7373,2.73,2.7312,15197,2021-07-01 15:26:00,OGI
2.73,2.735,2.73,2.735,12349,2021-07-01 15:27:00,OGI
2.73,2.7375,2.72,2.72,34281,2021-07-01 15:28:00,OGI
2.72,2.73,2.72,2.725,9912,2021-07-01 15:29:00,OGI
2.72,2.7275,2.72,2.72,11246,2021-07-01 15:30:00,OGI
2.725,2.7369,2.72,2.7301,9064,2021-07-01 15:31:00,OGI
2.7301,2.7394,2.73,2.73,4183,2021-07-01 15:32:00,OGI
2.73,2.74,2.73,2.73,1732,2021-07-01 15:33:00,OGI
2.7372,2.738,2.73,2.737,3048,2021-07-01 15:34:00,OGI
2.73,2.7372,2.73,2.73,6997,2021-07-01 15:35:00,OGI
2.73,2.7371,2.73,2.73,2051,2021-07-01 15:36:00,OGI
2.73,2.731,2.72,2.725,10384,2021-07-01 15:37:00,OGI
2.72,2.725,2.72,2.72,3191,2021-07-01 15:38:00,OGI
2.72,2.725,2.72,2.72,6658,2021-07-01 15:39:00,OGI
2.725,2.7299,2.72,2.7299,4592,2021-07-01 15:40:00,OGI
2.72,2.73,2.72,2.72,7384,2021-07-01 15:41:00,OGI
2.7239,2.7282,2.72,2.72,6363,2021-07-01 15:42:00,OGI
2.72,2.73,2.72,2.72,18181,2021-07-01 15:43:00,OGI
2.72,2.7299,2.72,2.72,7256,2021-07-01 15:44:00,OGI
2.7215,2.73,2.72,2.72,3798,2021-07-01 15:45:00,OGI
2.72,2.7218,2.72,2.72,7433,2021-07-01 15:46:00,OGI
2.72,2.7269,2.72,2.72,1700,2021-07-01 15:47:00,OGI
2.72,2.73,2.72,2.725,8970,2021-07-01 15:48:00,OGI
2.7299,2.73,2.72,2.725,7763,2021-07-01 15:49:00,OGI
2.725,2.75,2.72,2.7473,38623,2021-07-01 15:50:00,OGI
2.745,2.75,2.74,2.74,7300,2021-07-01 15:51:00,OGI
2.74,2.748,2.74,2.745,11947,2021-07-01 15:52:00,OGI
2.75,2.75,2.74,2.74,11015,2021-07-01 15:53:00,OGI
2.74,2.75,2.74,2.74,4644,2021-07-01 15:54:00,OGI
2.74,2.75,2.74,2.74,2404,2021-07-01 15:55:00,OGI
2.7416,2.745,2.74,2.74,1191,2021-07-01 15:56:00,OGI
2.745,2.745,2.74,2.74,5936,2021-07-01 15:57:00,OGI
2.7418,2.745,2.73,2.73,7233,2021-07-01 15:58:00,OGI
2.73,2.7374,2.73,2.7302,5900,2021-07-01 15:59:00,OGI
2.73,2.74,2.73,2.73,33630,2021-07-01 16:00:00,OGI
2.7376,2.74,2.73,2.735,2547,2021-07-01 16:01:00,OGI
2.74,2.74,2.73,2.73,102200,2021-07-01 16:02:00,OGI
2.73,2.735,2.73,2.73,3000,2021-07-01 16:03:00,OGI
2.73,2.73,2.72,2.72,3819,2021-07-01 16:04:00,OGI
2.72,2.7299,2.72,2.72,3894,2021-07-01 16:05:00,OGI
2.729,2.74,2.72,2.74,68166,2021-07-01 16:06:00,OGI
2.7378,2.74,2.7301,2.74,7100,2021-07-01 16:07:00,OGI
2.7375,2.74,2.7348,2.735,3680,2021-07-01 16:08:00,OGI
2.74,2.74,2.73,2.737,3964,2021-07-01 16:09:00,OGI
2.735,2.74,2.7301,2.735,6622,2021-07-01 16:10:00,OGI
2.735,2.7383,2.73,2.7373,9979,2021-07-01 16:11:00,OGI
2.735,2.74,2.73,2.735,6612,2021-07-01 16:12:00,OGI
2.73,2.7384,2.73,2.735,2710,2021-07-01 16:13:00,OGI
2.735,2.74,2.73,2.735,800,2021-07-01 16:14:00,OGI
2.735,2.74,2.73,2.735,5651,2021-07-01 16:15:00,OGI
2.735,2.75,2.73,2.75,17697,2021-07-01 16:16:00,OGI
2.743,2.745,2.74,2.745,2616,2021-07-01 16:17:00,OGI
2.745,2.75,2.74,2.745,3292,2021-07-01 16:18:00,OGI
2.7471,2.7475,2.74,2.745,7092,2021-07-01 16:19:00,OGI
2.74,2.745,2.74,2.745,700,2021-07-01 16:20:00,OGI
2.74,2.745,2.73,2.7373,54624,2021-07-01 16:21:00,OGI
2.739,2.74,2.73,2.7372,8600,2021-07-01 16:22:00,OGI
2.7384,2.74,2.73,2.74,17866,2021-07-01 16:23:00,OGI
2.7431,2.7481,2.74,2.743,4500,2021-07-01 16:24:00,OGI
2.745,2.75,2.74,2.74,5600,2021-07-01 16:25:00,OGI
2.74,2.76,2.74,2.7528,7000,2021-07-01 16:26:00,OGI
2.7501,2.76,2.75,2.75,12275,2021-07-01 16:27:00,OGI
2.76,2.78,2.7599,2.77,18195,2021-07-01 16:28:00,OGI
2.78,2.795,2.77,2.79,23684,2021-07-01 16:29:00,OGI
2.79,2.7905,2.78,2.7801,31569,2021-07-01 16:30:00,OGI
2.785,2.79,2.78,2.7812,22928,2021-07-01 16:31:00,OGI
2.78,2.79,2.77,2.7801,26361,2021-07-01 16:32:00,OGI
2.7821,2.785,2.78,2.7809,9218,2021-07-01 16:33:00,OGI
2.78,2.787,2.78,2.787,5399,2021-07-01 16:34:00,OGI
2.785,2.7871,2.78,2.785,7000,2021-07-01 16:35:00,OGI
2.785,2.79,2.78,2.785,10021,2021-07-01 16:36:00,OGI
2.7801,2.8,2.78,2.795,19169,2021-07-01 16:37:00,OGI
2.7932,2.7969,2.79,2.79,10730,2021-07-01 16:38:00,OGI
2.79,2.79,2.78,2.78,17860,2021-07-01 16:39:00,OGI
2.78,2.79,2.78,2.785,5600,2021-07-01 16:40:00,OGI
2.783,2.79,2.78,2.785,1200,2021-07-01 16:41:00,OGI
2.785,2.79,2.78,2.79,11295,2021-07-01 16:42:00,OGI
2.785,2.79,2.78,2.78,4200,2021-07-01 16:43:00,OGI
2.7899,2.79,2.78,2.79,1780,2021-07-01 16:44:00,OGI
2.79,2.79,2.78,2.7865,5561,2021-07-01 16:45:00,OGI
2.78,2.79,2.78,2.7868,1800,2021-07-01 16:46:00,OGI
2.78,2.78,2.77,2.77,16025,2021-07-01 16:47:00,OGI
2.775,2.78,2.77,2.77,2264,2021-07-01 16:48:00,OGI
2.7799,2.78,2.77,2.775,11593,2021-07-01 16:49:00,OGI
2.7726,2.7799,2.77,2.7799,2078,2021-07-01 16:50:00,OGI
2.77,2.78,2.77,2.78,17750,2021-07-01 16:51:00,OGI
2.775,2.78,2.775,2.775,1100,2021-07-01 16:52:00,OGI
2.7728,2.775,2.7728,2.775,703,2021-07-01 16:53:00,OGI
2.775,2.7799,2.77,2.7722,8600,2021-07-01 16:54:00,OGI
2.775,2.78,2.77,2.779,3878,2021-07-01 16:55:00,OGI
2.775,2.78,2.77,2.77,3499,2021-07-01 16:56:00,OGI
2.7701,2.775,2.76,2.7616,22254,2021-07-01 16:57:00,OGI
2.76,2.77,2.76,2.76,5832,2021-07-01 16:58:00,OGI
2.76,2.76,2.75,2.755,6333,2021-07-01 16:59:00,OGI
2.76,2.76,2.75,2.755,3100,2021-07-01 17:00:00,OGI
2.7545,2.755,2.75,2.7526,1835,2021-07-01 17:01:00,OGI
2.7582,2.7582,2.75,2.75,3508,2021-07-01 17:02:00,OGI
2.75,2.75,2.75,2.75,1899,2021-07-01 17:03:00,OGI
2.75,2.75,2.75,2.75,2878,2021-07-01 17:04:00,OGI
2.75,2.75,2.74,2.7432,3239,2021-07-01 17:05:00,OGI
2.74,2.7436,2.74,2.7425,6096,2021-07-01 17:06:00,OGI
2.74,2.745,2.74,2.74,1193,2021-07-01 17:07:00,OGI
2.74,2.75,2.74,2.74,3801,2021-07-01 17:08:00,OGI
2.74,2.7499,2.74,2.745,2000,2021-07-01 17:09:00,OGI
2.74,2.745,2.74,2.74,1600,2021-07-01 17:10:00,OGI
2.745,2.7485,2.74,2.74,20414,2021-07-01 17:11:00,OGI
2.73,2.74,2.73,2.7373,3069,2021-07-01 17:12:00,OGI
2.7364,2.7379,2.73,2.7317,3413,2021-07-01 17:13:00,OGI
2.73,2.735,2.73,2.73,600,2021-07-01 17:14:00,OGI
2.733,2.75,2.73,2.74,22429,2021-07-01 17:15:00,OGI
2.74,2.75,2.74,2.75,9600,2021-07-01 17:16:00,OGI
2.745,2.75,2.74,2.742,5756,2021-07-01 17:17:00,OGI
2.74,2.747,2.74,2.74,600,2021-07-01 17:18:00,OGI
2.74,2.7478,2.74,2.7401,5397,2021-07-01 17:19:00,OGI
2.74,2.75,2.74,2.75,3100,2021-07-01 17:20:00,OGI
2.7483,2.75,2.74,2.7459,9064,2021-07-01 17:21:00,OGI
2.745,2.75,2.74,2.7425,2290,2021-07-01 17:22:00,OGI
2.745,2.757,2.745,2.7526,8518,2021-07-01 17:23:00,OGI
2.76,2.76,2.75,2.755,2651,2021-07-01 17:24:00,OGI
2.753,2.765,2.75,2.765,10268,2021-07-01 17:25:00,OGI
2.761,2.7699,2.76,2.76,9307,2021-07-01 17:26:00,OGI
2.77,2.77,2.76,2.765,3570,2021-07-01 17:27:00,OGI
2.76,2.77,2.76,2.76,3500,2021-07-01 17:28:00,OGI
2.765,2.765,2.75,2.7572,9744,2021-07-01 17:29:00,OGI
2.75,2.76,2.75,2.7578,1206,2021-07-01 17:30:00,OGI
2.755,2.77,2.755,2.765,9350,2021-07-01 17:31:00,OGI
2.765,2.77,2.76,2.76,13004,2021-07-01 17:32:00,OGI
2.76,2.7674,2.76,2.76,1789,2021-07-01 17:33:00,OGI
2.76,2.77,2.76,2.765,18600,2021-07-01 17:34:00,OGI
2.765,2.768,2.765,2.765,1000,2021-07-01 17:35:00,OGI
2.765,2.77,2.76,2.77,3147,2021-07-01 17:36:00,OGI
2.7601,2.765,2.76,2.765,13500,2021-07-01 17:37:00,OGI
2.76,2.765,2.76,2.76,2200,2021-07-01 17:38:00,OGI
2.76,2.7625,2.76,2.76,700,2021-07-01 17:39:00,OGI
2.76,2.76,2.76,2.76,800,2021-07-01 17:40:00,OGI
2.7623,2.7623,2.755,2.755,11159,2021-07-01 17:41:00,OGI
2.75,2.76,2.75,2.7583,1400,2021-07-01 17:42:00,OGI
2.7566,2.76,2.75,2.76,8854,2021-07-01 17:43:00,OGI
2.753,2.7599,2.75,2.7537,1100,2021-07-01 17:44:00,OGI
2.755,2.76,2.75,2.76,12600,2021-07-01 17:45:00,OGI
2.7566,2.77,2.753,2.765,7200,2021-07-01 17:46:00,OGI
2.765,2.77,2.76,2.765,9053,2021-07-01 17:47:00,OGI
2.765,2.765,2.76,2.7629,752,2021-07-01 17:48:00,OGI
2.77,2.77,2.76,2.77,8713,2021-07-01 17:49:00,OGI
2.76,2.769,2.76,2.7671,2700,2021-07-01 17:50:00,OGI
2.765,2.77,2.76,2.765,2300,2021-07-01 17:51:00,OGI
2.765,2.7699,2.76,2.76,750,2021-07-01 17:52:00,OGI
2.765,2.77,2.76,2.765,3200,2021-07-01 17:53:00,OGI
2.765,2.77,2.76,2.7673,1300,2021-07-01 17:54:00,OGI
2.765,2.765,2.76,2.765,800,2021-07-01 17:55:00,OGI
2.765,2.77,2.76,2.77,8300,2021-07-01 17:56:00,OGI
2.765,2.77,2.76,2.765,1400,2021-07-01 17:57:00,OGI
2.765,2.765,2.76,2.765,1181,2021-07-01 17:58:00,OGI
2.765,2.7672,2.76,2.76,920,2021-07-01 17:59:00,OGI
2.7688,2.77,2.76,2.76,7700,2021-07-01 18:00:00,OGI
2.7627,2.77,2.76,2.765,10000,2021-07-01 18:01:00,OGI
2.765,2.77,2.76,2.7663,5000,2021-07-01 18:02:00,OGI
2.77,2.77,2.76,2.765,2790,2021-07-01 18:03:00,OGI
2.77,2.77,2.765,2.77,7755,2021-07-01 18:04:00,OGI
2.7671,2.79,2.76,2.79,31106,2021-07-01 18:05:00,OGI
2.79,2.79,2.78,2.785,1880,2021-07-01 18:06:00,OGI
2.785,2.79,2.7826,2.785,1617,2021-07-01 18:07:00,OGI
2.785,2.79,2.78,2.7825,4758,2021-07-01 18:08:00,OGI
2.785,2.79,2.78,2.785,5855,2021-07-01 18:09:00,OGI
2.785,2.79,2.78,2.79,5200,2021-07-01 18:10:00,OGI
2.785,2.79,2.78,2.78,5856,2021-07-01 18:11:00,OGI
2.78,2.79,2.78,2.79,3100,2021-07-01 18:12:00,OGI
2.78,2.785,2.78,2.785,800,2021-07-01 18:13:00,OGI
2.7801,2.79,2.78,2.785,1400,2021-07-01 18:14:00,OGI
2.78,2.785,2.78,2.78,500,2021-07-01 18:15:00,OGI
2.78,2.79,2.78,2.785,19211,2021-07-01 18:16:00,OGI
2.78,2.785,2.78,2.78,400,2021-07-01 18:17:00,OGI
2.785,2.7865,2.78,2.78,8966,2021-07-01 18:18:00,OGI
2.78,2.79,2.78,2.79,24120,2021-07-01 18:19:00,OGI
2.78,2.79,2.78,2.78,2715,2021-07-01 18:20:00,OGI
2.7826,2.79,2.7826,2.785,4983,2021-07-01 18:21:00,OGI
2.785,2.79,2.78,2.7882,8672,2021-07-01 18:22:00,OGI
2.785,2.79,2.78,2.785,37522,2021-07-01 18:23:00,OGI
2.785,2.79,2.785,2.788,2500,2021-07-01 18:24:00,OGI
2.79,2.79,2.7831,2.7869,1287,2021-07-01 18:25:00,OGI
2.785,2.79,2.785,2.785,815,2021-07-01 18:26:00,OGI
2.78,2.79,2.78,2.785,1450,2021-07-01 18:27:00,OGI
2.79,2.79,2.78,2.785,4259,2021-07-01 18:28:00,OGI
2.785,2.79,2.785,2.7897,1000,2021-07-01 18:29:00,OGI
2.79,2.79,2.78,2.785,3089,2021-07-01 18:30:00,OGI
2.785,2.79,2.785,2.785,2245,2021-07-01 18:31:00,OGI
2.785,2.79,2.78,2.7842,3375,2021-07-01 18:32:00,OGI
2.7867,2.79,2.78,2.785,1703,2021-07-01 18:33:00,OGI
2.785,2.79,2.78,2.7867,1283,2021-07-01 18:34:00,OGI
2.785,2.79,2.78,2.784,3999,2021-07-01 18:35:00,OGI
2.785,2.79,2.78,2.79,5400,2021-07-01 18:36:00,OGI
2.785,2.79,2.785,2.785,700,2021-07-01 18:37:00,OGI
2.785,2.79,2.78,2.79,20279,2021-07-01 18:38:00,OGI
2.7899,2.79,2.78,2.785,9588,2021-07-01 18:39:00,OGI
2.79,2.79,2.78,2.785,900,2021-07-01 18:40:00,OGI
2.785,2.79,2.785,2.785,700,2021-07-01 18:41:00,OGI
2.785,2.79,2.78,2.785,6450,2021-07-01 18:42:00,OGI
2.785,2.79,2.785,2.785,2200,2021-07-01 18:43:00,OGI
2.7867,2.79,2.78,2.78,1150,2021-07-01 18:44:00,OGI
2.79,2.79,2.785,2.785,1259,2021-07-01 18:45:00,OGI
2.785,2.79,2.7801,2.79,44596,2021-07-01 18:46:00,OGI
2.79,2.82,2.79,2.8128,80238,2021-07-01 18:47:00,OGI
2.813,2.82,2.8112,2.82,14700,2021-07-01 18:48:00,OGI
2.82,2.82,2.81,2.813,4400,2021-07-01 18:49:00,OGI
2.81,2.82,2.81,2.82,45470,2021-07-01 18:50:00,OGI
2.815,2.83,2.8101,2.83,40107,2021-07-01 18:51:00,OGI
2.83,2.83,2.82,2.8266,3865,2021-07-01 18:52:00,OGI
2.83,2.83,2.82,2.825,3200,2021-07-01 18:53:00,OGI
2.825,2.83,2.82,2.825,9519,2021-07-01 18:54:00,OGI
2.825,2.825,2.825,2.825,500,2021-07-01 18:55:00,OGI
2.825,2.83,2.82,2.825,37084,2021-07-01 18:56:00,OGI
2.825,2.83,2.81,2.82,31930,2021-07-01 18:57:00,OGI
2.815,2.82,2.81,2.82,7044,2021-07-01 18:58:00,OGI
2.815,2.82,2.8128,2.82,3420,2021-07-01 18:59:00,OGI
2.815,2.825,2.813,2.825,7734,2021-07-01 19:00:00,OGI
2.83,2.85,2.83,2.845,33509,2021-07-01 19:01:00,OGI
2.8401,2.85,2.84,2.845,1550,2021-07-01 19:02:00,OGI
2.84,2.8475,2.83,2.835,26188,2021-07-01 19:03:00,OGI
2.84,2.84,2.83,2.835,1800,2021-07-01 19:04:00,OGI
2.835,2.84,2.8334,2.84,1400,2021-07-01 19:05:00,OGI
2.835,2.84,2.835,2.84,2460,2021-07-01 19:06:00,OGI
2.8363,2.84,2.83,2.84,4375,2021-07-01 19:07:00,OGI
2.835,2.84,2.835,2.835,1000,2021-07-01 19:08:00,OGI
2.83,2.84,2.83,2.835,1971,2021-07-01 19:09:00,OGI
2.835,2.84,2.8343,2.835,1664,2021-07-01 19:10:00,OGI
2.835,2.84,2.83,2.835,3350,2021-07-01 19:11:00,OGI
2.835,2.84,2.83,2.83,8450,2021-07-01 19:12:00,OGI
2.8329,2.84,2.8301,2.84,3800,2021-07-01 19:13:00,OGI
2.835,2.835,2.83,2.835,2500,2021-07-01 19:14:00,OGI
2.835,2.835,2.82,2.83,47877,2021-07-01 19:15:00,OGI
2.83,2.83,2.82,2.82,8383,2021-07-01 19:16:00,OGI
2.8232,2.84,2.82,2.84,20468,2021-07-01 19:17:00,OGI
2.84,2.84,2.83,2.84,6312,2021-07-01 19:18:00,OGI
2.84,2.84,2.83,2.835,4495,2021-07-01 19:19:00,OGI
2.84,2.84,2.83,2.84,15704,2021-07-01 19:20:00,OGI
2.84,2.84,2.83,2.8375,4350,2021-07-01 19:21:00,OGI
2.84,2.85,2.83,2.85,11264,2021-07-01 19:22:00,OGI
2.8401,2.85,2.84,2.85,34988,2021-07-01 19:23:00,OGI
2.84,2.85,2.84,2.8434,2150,2021-07-01 19:24:00,OGI
2.85,2.85,2.84,2.845,600,2021-07-01 19:25:00,OGI
2.84,2.85,2.84,2.845,2006,2021-07-01 19:26:00,OGI
2.84,2.85,2.84,2.84,1215,2021-07-01 19:27:00,OGI
2.845,2.85,2.84,2.85,8385,2021-07-01 19:28:00,OGI
2.84,2.85,2.84,2.845,1200,2021-07-01 19:29:00,OGI
2.85,2.85,2.84,2.845,4528,2021-07-01 19:30:00,OGI
2.84,2.85,2.84,2.845,1272,2021-07-01 19:31:00,OGI
2.85,2.85,2.84,2.845,1680,2021-07-01 19:32:00,OGI
2.845,2.85,2.84,2.85,1929,2021-07-01 19:33:00,OGI
2.85,2.85,2.84,2.84,6100,2021-07-01 19:34:00,OGI
2.84,2.85,2.84,2.845,62475,2021-07-01 19:35:00,OGI
2.84,2.85,2.84,2.845,4698,2021-07-01 19:36:00,OGI
2.8429,2.845,2.84,2.845,1200,2021-07-01 19:37:00,OGI
2.84,2.85,2.84,2.845,3350,2021-07-01 19:38:00,OGI
2.845,2.85,2.84,2.85,13198,2021-07-01 19:39:00,OGI
2.845,2.85,2.8433,2.845,5510,2021-07-01 19:40:00,OGI
2.845,2.85,2.84,2.845,1200,2021-07-01 19:41:00,OGI
2.85,2.85,2.84,2.85,4850,2021-07-01 19:42:00,OGI
2.845,2.85,2.83,2.83,52523,2021-07-01 19:43:00,OGI
2.835,2.835,2.83,2.835,3264,2021-07-01 19:44:00,OGI
2.835,2.835,2.83,2.83,6337,2021-07-01 19:45:00,OGI
2.84,2.84,2.83,2.831,10490,2021-07-01 19:46:00,OGI
2.8317,2.84,2.82,2.825,37377,2021-07-01 19:47:00,OGI
2.825,2.825,2.82,2.82,3411,2021-07-01 19:48:00,OGI
2.82,2.825,2.82,2.82,2607,2021-07-01 19:49:00,OGI
2.82,2.83,2.82,2.82,20872,2021-07-01 19:50:00,OGI
2.825,2.825,2.82,2.82,2300,2021-07-01 19:51:00,OGI
2.825,2.8268,2.82,2.82,2350,2021-07-01 19:52:00,OGI
2.82,2.825,2.82,2.825,3700,2021-07-01 19:53:00,OGI
2.8217,2.825,2.81,2.815,27440,2021-07-01 19:54:00,OGI
2.815,2.84,2.81,2.84,77172,2021-07-01 19:55:00,OGI
2.84,2.84,2.833,2.84,26092,2021-07-01 19:56:00,OGI
2.835,2.84,2.83,2.84,7900,2021-07-01 19:57:00,OGI
2.84,2.85,2.83,2.85,39656,2021-07-01 19:58:00,OGI
2.845,2.85,2.84,2.85,25790,2021-07-01 19:59:00,OGI
2.83,2.83,2.83,2.83,33612,2021-07-01 20:00:00,OGI
2.83,2.83,2.83,2.83,118,2021-07-01 20:21:00,OGI
2.83,2.83,2.83,2.83,176,2021-07-01 20:25:00,OGI
2.82,2.82,2.82,2.82,115,2021-07-01 20:35:00,OGI
2.81,2.81,2.81,2.81,3230,2021-07-01 20:36:00,OGI
2.8,2.8,2.8,2.8,100,2021-07-01 20:43:00,OGI
2.8,2.8,2.8,2.8,281,2021-07-01 20:52:00,OGI
2.8,2.8,2.8,2.8,100,2021-07-01 20:59:00,OGI
2.78,2.78,2.78,2.78,1280,2021-07-01 21:01:00,OGI
2.81,2.81,2.81,2.81,200,2021-07-01 21:08:00,OGI
2.78,2.78,2.78,2.78,886,2021-07-01 21:10:00,OGI
2.83,2.83,2.83,2.83,29637,2021-07-01 21:11:00,OGI
2.8099,2.81,2.8099,2.81,1999,2021-07-01 21:56:00,OGI
2.78,2.78,2.78,2.78,399,2021-07-01 22:30:00,OGI
2.78,2.78,2.78,2.78,243,2021-07-01 22:36:00,OGI
2.78,2.78,2.78,2.78,100,2021-07-01 22:43:00,OGI
2.78,2.78,2.78,2.78,100,2021-07-01 22:44:00,OGI
2.82,2.82,2.82,2.82,1000,2021-07-02 11:00:00,OGI
2.82,2.82,2.82,2.82,100,2021-07-02 11:14:00,OGI
2.8,2.82,2.8,2.82,1014,2021-07-02 12:05:00,OGI
2.82,2.82,2.82,2.82,100,2021-07-02 12:07:00,OGI
2.79,2.79,2.79,2.79,1635,2021-07-02 12:09:00,OGI
2.7726,2.7726,2.7726,2.7726,150,2021-07-02 12:19:00,OGI
2.78,2.78,2.78,2.78,600,2021-07-02 12:25:00,OGI
2.78,2.78,2.78,2.78,500,2021-07-02 12:26:00,OGI
2.78,2.78,2.78,2.78,400,2021-07-02 12:32:00,OGI
2.7701,2.7701,2.7701,2.7701,1100,2021-07-02 12:38:00,OGI
2.78,2.78,2.78,2.78,5000,2021-07-02 12:42:00,OGI
2.78,2.78,2.78,2.78,4357,2021-07-02 12:44:00,OGI
2.79,2.79,2.79,2.79,1000,2021-07-02 12:49:00,OGI
2.79,2.79,2.79,2.79,300,2021-07-02 12:53:00,OGI
2.79,2.79,2.79,2.79,500,2021-07-02 12:55:00,OGI
2.79,2.79,2.79,2.79,4700,2021-07-02 13:02:00,OGI
2.79,2.79,2.79,2.79,1705,2021-07-02 13:06:00,OGI
2.81,2.81,2.81,2.81,186,2021-07-02 13:26:00,OGI
2.81,2.83,2.81,2.8299,35014,2021-07-02 13:30:00,OGI
2.825,2.85,2.82,2.8421,56106,2021-07-02 13:31:00,OGI
2.8412,2.85,2.8334,2.85,29279,2021-07-02 13:32:00,OGI
2.849,2.85,2.84,2.841,15118,2021-07-02 13:33:00,OGI
2.84,2.85,2.8227,2.8418,10249,2021-07-02 13:34:00,OGI
2.85,2.86,2.8338,2.86,67873,2021-07-02 13:35:00,OGI
2.853,2.867,2.85,2.8523,30671,2021-07-02 13:36:00,OGI
2.86,2.87,2.86,2.8693,9459,2021-07-02 13:37:00,OGI
2.8674,2.87,2.8524,2.87,13123,2021-07-02 13:38:00,OGI
2.8627,2.865,2.8431,2.8478,17142,2021-07-02 13:39:00,OGI
2.849,2.86,2.843,2.85,28800,2021-07-02 13:40:00,OGI
2.8485,2.8485,2.83,2.83,5401,2021-07-02 13:41:00,OGI
2.825,2.835,2.815,2.8182,16778,2021-07-02 13:42:00,OGI
2.82,2.827,2.813,2.8144,53838,2021-07-02 13:43:00,OGI
2.813,2.83,2.8101,2.824,21557,2021-07-02 13:44:00,OGI
2.83,2.83,2.81,2.8185,26866,2021-07-02 13:45:00,OGI
2.82,2.82,2.8,2.8046,25033,2021-07-02 13:46:00,OGI
2.805,2.825,2.803,2.82,22731,2021-07-02 13:47:00,OGI
2.815,2.825,2.8037,2.82,23495,2021-07-02 13:48:00,OGI
2.8214,2.83,2.81,2.8299,22038,2021-07-02 13:49:00,OGI
2.825,2.84,2.82,2.8362,17015,2021-07-02 13:50:00,OGI
2.835,2.84,2.83,2.84,3779,2021-07-02 13:51:00,OGI
2.8376,2.8424,2.825,2.8424,25608,2021-07-02 13:52:00,OGI
2.8425,2.8425,2.8337,2.8374,7478,2021-07-02 13:53:00,OGI
2.8326,2.8379,2.82,2.82,9266,2021-07-02 13:54:00,OGI
2.8234,2.8234,2.8221,2.8221,630,2021-07-02 13:55:00,OGI
2.8278,2.83,2.811,2.811,7300,2021-07-02 13:56:00,OGI
2.8136,2.82,2.81,2.82,6052,2021-07-02 13:57:00,OGI
2.8199,2.83,2.8173,2.8276,19577,2021-07-02 13:58:00,OGI
2.8201,2.83,2.8,2.8036,46743,2021-07-02 13:59:00,OGI
2.801,2.8071,2.79,2.8071,51443,2021-07-02 14:00:00,OGI
2.8,2.8065,2.7901,2.8,26644,2021-07-02 14:01:00,OGI
2.8,2.8,2.783,2.79,35650,2021-07-02 14:02:00,OGI
2.79,2.8,2.7809,2.8,36318,2021-07-02 14:03:00,OGI
2.7972,2.807,2.79,2.79,39144,2021-07-02 14:04:00,OGI
2.7918,2.797,2.785,2.79,17526,2021-07-02 14:05:00,OGI
2.79,2.8,2.78,2.8,34777,2021-07-02 14:06:00,OGI
2.7974,2.7974,2.7831,2.7831,12133,2021-07-02 14:07:00,OGI
2.7876,2.797,2.7834,2.7834,9083,2021-07-02 14:08:00,OGI
2.787,2.7882,2.78,2.7838,17550,2021-07-02 14:09:00,OGI
2.7841,2.79,2.7738,2.774,14186,2021-07-02 14:10:00,OGI
2.77,2.7787,2.77,2.775,3550,2021-07-02 14:11:00,OGI
2.775,2.775,2.7601,2.7601,14011,2021-07-02 14:12:00,OGI
2.765,2.78,2.765,2.7736,36118,2021-07-02 14:13:00,OGI
2.7735,2.78,2.77,2.78,9617,2021-07-02 14:14:00,OGI
2.78,2.7883,2.77,2.7709,43224,2021-07-02 14:15:00,OGI
2.775,2.78,2.77,2.778,8004,2021-07-02 14:16:00,OGI
2.78,2.79,2.7701,2.7882,10089,2021-07-02 14:17:00,OGI
2.79,2.79,2.78,2.7841,35300,2021-07-02 14:18:00,OGI
2.78,2.785,2.78,2.78,11012,2021-07-02 14:20:00,OGI
2.77,2.777,2.76,2.7678,51989,2021-07-02 14:21:00,OGI
2.765,2.77,2.7601,2.7629,8100,2021-07-02 14:22:00,OGI
2.77,2.77,2.76,2.7677,19775,2021-07-02 14:23:00,OGI
2.77,2.78,2.765,2.7773,14706,2021-07-02 14:24:00,OGI
2.7737,2.79,2.7737,2.785,37213,2021-07-02 14:25:00,OGI
2.7851,2.79,2.7801,2.79,6650,2021-07-02 14:26:00,OGI
2.785,2.79,2.77,2.77,103809,2021-07-02 14:27:00,OGI
2.7761,2.78,2.7761,2.78,509,2021-07-02 14:28:00,OGI
2.775,2.7761,2.77,2.775,3550,2021-07-02 14:29:00,OGI
2.77,2.77,2.76,2.76,4798,2021-07-02 14:30:00,OGI
2.761,2.765,2.755,2.755,13354,2021-07-02 14:31:00,OGI
2.76,2.76,2.75,2.75,8419,2021-07-02 14:32:00,OGI
2.751,2.76,2.7427,2.76,73573,2021-07-02 14:33:00,OGI
2.75,2.755,2.74,2.755,26216,2021-07-02 14:34:00,OGI
2.7521,2.755,2.745,2.7477,5137,2021-07-02 14:35:00,OGI
2.74,2.75,2.73,2.738,28667,2021-07-02 14:36:00,OGI
2.738,2.74,2.73,2.74,9414,2021-07-02 14:37:00,OGI
2.735,2.75,2.73,2.7416,21802,2021-07-02 14:38:00,OGI
2.741,2.75,2.74,2.745,20512,2021-07-02 14:39:00,OGI
2.745,2.7461,2.74,2.7461,6850,2021-07-02 14:40:00,OGI
2.7466,2.7499,2.74,2.7402,6489,2021-07-02 14:41:00,OGI
2.7478,2.75,2.74,2.747,11310,2021-07-02 14:42:00,OGI
2.745,2.75,2.741,2.747,3364,2021-07-02 14:43:00,OGI
2.743,2.75,2.743,2.7499,3600,2021-07-02 14:44:00,OGI
2.7432,2.75,2.74,2.745,31250,2021-07-02 14:45:00,OGI
2.74,2.75,2.74,2.74,23661,2021-07-02 14:46:00,OGI
2.7477,2.76,2.74,2.74,20065,2021-07-02 14:47:00,OGI
2.7402,2.75,2.74,2.75,12580,2021-07-02 14:48:00,OGI
2.745,2.7496,2.74,2.7401,18007,2021-07-02 14:49:00,OGI
2.7408,2.7464,2.73,2.735,2160,2021-07-02 14:50:00,OGI
2.735,2.7365,2.73,2.73,3700,2021-07-02 14:51:00,OGI
2.73,2.7366,2.73,2.7338,17647,2021-07-02 14:52:00,OGI
2.73,2.735,2.73,2.73,2501,2021-07-02 14:53:00,OGI
2.736,2.7399,2.73,2.735,1780,2021-07-02 14:54:00,OGI
2.73,2.74,2.72,2.74,68436,2021-07-02 14:55:00,OGI
2.735,2.74,2.73,2.74,12066,2021-07-02 14:56:00,OGI
2.7364,2.7364,2.73,2.735,419,2021-07-02 14:57:00,OGI
2.73,2.735,2.725,2.725,8246,2021-07-02 14:58:00,OGI
2.73,2.73,2.72,2.72,2506,2021-07-02 14:59:00,OGI
2.7201,2.73,2.72,2.725,8850,2021-07-02 15:00:00,OGI
2.725,2.735,2.72,2.735,14772,2021-07-02 15:01:00,OGI
2.73,2.74,2.73,2.74,11267,2021-07-02 15:02:00,OGI
2.73,2.74,2.73,2.735,16500,2021-07-02 15:03:00,OGI
2.7336,2.74,2.73,2.735,10210,2021-07-02 15:04:00,OGI
2.7399,2.74,2.7399,2.74,865,2021-07-02 15:05:00,OGI
2.7375,2.739,2.73,2.735,4523,2021-07-02 15:06:00,OGI
2.735,2.75,2.735,2.75,20153,2021-07-02 15:07:00,OGI
2.745,2.75,2.743,2.745,3800,2021-07-02 15:08:00,OGI
2.745,2.75,2.743,2.75,5806,2021-07-02 15:09:00,OGI
2.741,2.7471,2.7401,2.7401,2197,2021-07-02 15:10:00,OGI
2.745,2.745,2.745,2.745,1100,2021-07-02 15:11:00,OGI
2.7481,2.755,2.74,2.755,38715,2021-07-02 15:12:00,OGI
2.7526,2.7526,2.75,2.75,300,2021-07-02 15:13:00,OGI
2.75,2.75,2.74,2.745,6707,2021-07-02 15:14:00,OGI
2.74,2.7438,2.74,2.7438,364,2021-07-02 15:15:00,OGI
2.74,2.7463,2.74,2.7463,1710,2021-07-02 15:16:00,OGI
2.745,2.7464,2.745,2.745,725,2021-07-02 15:17:00,OGI
2.74,2.7499,2.74,2.74,2542,2021-07-02 15:18:00,OGI
2.7422,2.7422,2.74,2.74,294,2021-07-02 15:19:00,OGI
2.745,2.745,2.73,2.73,13158,2021-07-02 15:20:00,OGI
2.7326,2.735,2.73,2.735,4792,2021-07-02 15:21:00,OGI
2.73,2.7399,2.73,2.735,25575,2021-07-02 15:22:00,OGI
2.73,2.73,2.73,2.73,196,2021-07-02 15:23:00,OGI
2.735,2.7369,2.73,2.736,2216,2021-07-02 15:24:00,OGI
2.735,2.74,2.73,2.74,10414,2021-07-02 15:25:00,OGI
2.738,2.749,2.73,2.749,6205,2021-07-02 15:26:00,OGI
2.7468,2.75,2.74,2.75,4269,2021-07-02 15:27:00,OGI
2.75,2.75,2.74,2.74,2292,2021-07-02 15:28:00,OGI
2.7467,2.7467,2.73,2.735,18489,2021-07-02 15:29:00,OGI
2.7323,2.7399,2.73,2.7399,6100,2021-07-02 15:30:00,OGI
2.735,2.739,2.73,2.7302,3551,2021-07-02 15:31:00,OGI
2.73,2.7328,2.73,2.73,482,2021-07-02 15:32:00,OGI
2.7335,2.74,2.73,2.7323,7487,2021-07-02 15:33:00,OGI
2.735,2.74,2.73,2.73,9803,2021-07-02 15:34:00,OGI
2.7327,2.74,2.73,2.735,7491,2021-07-02 15:35:00,OGI
2.731,2.74,2.731,2.74,3234,2021-07-02 15:36:00,OGI
2.735,2.75,2.735,2.75,19320,2021-07-02 15:37:00,OGI
2.7477,2.75,2.74,2.7463,1700,2021-07-02 15:38:00,OGI
2.7477,2.75,2.7429,2.75,8796,2021-07-02 15:39:00,OGI
2.7499,2.75,2.7401,2.75,8050,2021-07-02 15:40:00,OGI
2.7471,2.75,2.7471,2.7499,541,2021-07-02 15:41:00,OGI
2.75,2.75,2.7482,2.75,3125,2021-07-02 15:42:00,OGI
2.75,2.75,2.74,2.7479,10300,2021-07-02 15:43:00,OGI
2.75,2.75,2.741,2.741,700,2021-07-02 15:44:00,OGI
2.75,2.75,2.7401,2.743,978,2021-07-02 15:45:00,OGI
2.745,2.75,2.74,2.74,5540,2021-07-02 15:46:00,OGI
2.7474,2.7474,2.745,2.745,1001,2021-07-02 15:47:00,OGI
2.7437,2.75,2.74,2.745,2405,2021-07-02 15:48:00,OGI
2.7437,2.75,2.7437,2.75,600,2021-07-02 15:49:00,OGI
2.7474,2.75,2.7401,2.745,1741,2021-07-02 15:50:00,OGI
2.745,2.76,2.745,2.76,15789,2021-07-02 15:51:00,OGI
2.7599,2.7599,2.7549,2.7549,2050,2021-07-02 15:52:00,OGI
2.755,2.76,2.755,2.757,2928,2021-07-02 15:53:00,OGI
2.7576,2.7576,2.75,2.75,2077,2021-07-02 15:54:00,OGI
2.7584,2.76,2.75,2.75,8850,2021-07-02 15:55:00,OGI
2.75,2.755,2.745,2.745,11280,2021-07-02 15:56:00,OGI
2.75,2.75,2.745,2.745,5650,2021-07-02 15:57:00,OGI
2.745,2.745,2.744,2.744,500,2021-07-02 15:58:00,OGI
2.74,2.745,2.7339,2.735,25456,2021-07-02 15:59:00,OGI
2.73,2.735,2.73,2.735,1100,2021-07-02 16:00:00,OGI
2.7332,2.737,2.73,2.73,1456,2021-07-02 16:01:00,OGI
2.73,2.735,2.73,2.735,1431,2021-07-02 16:02:00,OGI
2.735,2.74,2.73,2.7324,6217,2021-07-02 16:03:00,OGI
2.735,2.735,2.735,2.735,200,2021-07-02 16:04:00,OGI
2.735,2.735,2.73,2.7318,3940,2021-07-02 16:05:00,OGI
2.735,2.735,2.72,2.728,52354,2021-07-02 16:06:00,OGI
2.73,2.73,2.723,2.723,1541,2021-07-02 16:07:00,OGI
2.73,2.73,2.725,2.7272,1191,2021-07-02 16:08:00,OGI
2.73,2.73,2.723,2.723,1600,2021-07-02 16:09:00,OGI
2.7201,2.7299,2.7201,2.725,1050,2021-07-02 16:10:00,OGI
2.725,2.73,2.7201,2.7236,1904,2021-07-02 16:11:00,OGI
2.7201,2.73,2.72,2.73,1626,2021-07-02 16:12:00,OGI
2.73,2.73,2.72,2.725,4666,2021-07-02 16:13:00,OGI
2.73,2.7399,2.73,2.7399,23836,2021-07-02 16:14:00,OGI
2.7334,2.737,2.73,2.73,8451,2021-07-02 16:15:00,OGI
2.7336,2.735,2.72,2.73,48476,2021-07-02 16:16:00,OGI
2.72,2.74,2.72,2.7336,31237,2021-07-02 16:17:00,OGI
2.7333,2.735,2.73,2.7336,4492,2021-07-02 16:18:00,OGI
2.7334,2.74,2.731,2.7361,1046,2021-07-02 16:19:00,OGI
2.731,2.7338,2.731,2.7338,1400,2021-07-02 16:20:00,OGI
2.735,2.735,2.73,2.735,1250,2021-07-02 16:21:00,OGI
2.734,2.734,2.73,2.7317,880,2021-07-02 16:22:00,OGI
2.7332,2.735,2.7332,2.735,424,2021-07-02 16:23:00,OGI
2.7325,2.7325,2.7325,2.7325,1131,2021-07-02 16:24:00,OGI
2.735,2.735,2.735,2.735,100,2021-07-02 16:25:00,OGI
2.7312,2.735,2.73,2.735,4459,2021-07-02 16:26:00,OGI
2.735,2.735,2.735,2.735,300,2021-07-02 16:27:00,OGI
2.735,2.735,2.73,2.73,448,2021-07-02 16:28:00,OGI
2.7301,2.735,2.7301,2.735,544,2021-07-02 16:29:00,OGI
2.735,2.7373,2.73,2.73,9009,2021-07-02 16:30:00,OGI
2.736,2.736,2.73,2.73,2532,2021-07-02 16:31:00,OGI
2.735,2.735,2.735,2.735,100,2021-07-02 16:32:00,OGI
2.735,2.74,2.7331,2.74,4350,2021-07-02 16:33:00,OGI
2.735,2.735,2.7336,2.735,4635,2021-07-02 16:34:00,OGI
2.73,2.735,2.73,2.735,200,2021-07-02 16:35:00,OGI
2.73,2.7317,2.725,2.725,39141,2021-07-02 16:36:00,OGI
2.73,2.73,2.7235,2.725,2030,2021-07-02 16:37:00,OGI
2.7243,2.73,2.7243,2.7299,750,2021-07-02 16:38:00,OGI
2.72,2.725,2.72,2.725,520,2021-07-02 16:39:00,OGI
2.725,2.73,2.725,2.7299,1700,2021-07-02 16:40:00,OGI
2.72,2.73,2.72,2.72,1700,2021-07-02 16:41:00,OGI
2.721,2.7261,2.72,2.72,2900,2021-07-02 16:42:00,OGI
2.725,2.725,2.72,2.7234,926,2021-07-02 16:43:00,OGI
2.729,2.73,2.72,2.7217,1700,2021-07-02 16:44:00,OGI
2.729,2.73,2.723,2.725,12893,2021-07-02 16:45:00,OGI
2.73,2.73,2.725,2.73,910,2021-07-02 16:46:00,OGI
2.73,2.73,2.725,2.73,883,2021-07-02 16:47:00,OGI
2.73,2.73,2.7201,2.7201,3000,2021-07-02 16:48:00,OGI
2.7278,2.73,2.7216,2.727,2667,2021-07-02 16:49:00,OGI
2.73,2.73,2.7235,2.725,4075,2021-07-02 16:50:00,OGI
2.73,2.73,2.72,2.725,8040,2021-07-02 16:51:00,OGI
2.729,2.729,2.72,2.72,4414,2021-07-02 16:52:00,OGI
2.7237,2.7237,2.71,2.71,121108,2021-07-02 16:53:00,OGI
2.71,2.7162,2.71,2.715,7052,2021-07-02 16:54:00,OGI
2.71,2.71,2.7,2.7066,160015,2021-07-02 16:55:00,OGI
2.7,2.71,2.7,2.705,5140,2021-07-02 16:56:00,OGI
2.706,2.71,2.7,2.705,9097,2021-07-02 16:57:00,OGI
2.705,2.7099,2.704,2.7058,13838,2021-07-02 16:58:00,OGI
2.705,2.71,2.7049,2.705,1971,2021-07-02 16:59:00,OGI
2.705,2.71,2.7,2.708,5461,2021-07-02 17:00:00,OGI
2.705,2.715,2.7001,2.7101,19632,2021-07-02 17:01:00,OGI
2.715,2.72,2.7101,2.72,14242,2021-07-02 17:02:00,OGI
2.72,2.72,2.7129,2.7129,3714,2021-07-02 17:03:00,OGI
2.7136,2.72,2.7135,2.715,1850,2021-07-02 17:04:00,OGI
2.7127,2.72,2.711,2.717,3800,2021-07-02 17:05:00,OGI
2.714,2.72,2.711,2.72,4488,2021-07-02 17:06:00,OGI
2.715,2.7177,2.715,2.7177,300,2021-07-02 17:07:00,OGI
2.715,2.727,2.715,2.7237,19028,2021-07-02 17:08:00,OGI
2.7237,2.7239,2.72,2.7239,2500,2021-07-02 17:09:00,OGI
2.7261,2.7261,2.72,2.72,7650,2021-07-02 17:10:00,OGI
2.725,2.73,2.72,2.725,2900,2021-07-02 17:11:00,OGI
2.7283,2.73,2.72,2.73,15889,2021-07-02 17:13:00,OGI
2.73,2.73,2.72,2.72,2831,2021-07-02 17:14:00,OGI
2.726,2.726,2.725,2.725,700,2021-07-02 17:15:00,OGI
2.7223,2.725,2.72,2.725,1767,2021-07-02 17:16:00,OGI
2.725,2.73,2.7201,2.725,5000,2021-07-02 17:17:00,OGI
2.7252,2.7252,2.725,2.725,700,2021-07-02 17:18:00,OGI
2.725,2.7265,2.7229,2.7229,1200,2021-07-02 17:19:00,OGI
2.725,2.725,2.72,2.72,5450,2021-07-02 17:20:00,OGI
2.73,2.73,2.72,2.726,354,2021-07-02 17:21:00,OGI
2.7236,2.7236,2.72,2.72,408,2021-07-02 17:22:00,OGI
2.7232,2.7236,2.7232,2.7236,2000,2021-07-02 17:23:00,OGI
2.725,2.735,2.725,2.7336,14062,2021-07-02 17:24:00,OGI
2.73,2.74,2.73,2.74,666,2021-07-02 17:25:00,OGI
2.735,2.7364,2.732,2.736,5750,2021-07-02 17:26:00,OGI
2.74,2.74,2.735,2.735,312,2021-07-02 17:27:00,OGI
2.733,2.733,2.733,2.733,500,2021-07-02 17:28:00,OGI
2.74,2.74,2.735,2.735,200,2021-07-02 17:29:00,OGI
2.74,2.74,2.73,2.7332,1200,2021-07-02 17:30:00,OGI
2.735,2.74,2.7337,2.735,5442,2021-07-02 17:31:00,OGI
2.73,2.74,2.73,2.73,6600,2021-07-02 17:32:00,OGI
2.735,2.74,2.73,2.74,1121,2021-07-02 17:33:00,OGI
2.73,2.74,2.73,2.737,2050,2021-07-02 17:34:00,OGI
2.73,2.736,2.73,2.736,800,2021-07-02 17:35:00,OGI
2.735,2.735,2.73,2.73,280,2021-07-02 17:36:00,OGI
2.735,2.7399,2.735,2.735,600,2021-07-02 17:37:00,OGI
2.737,2.737,2.737,2.737,500,2021-07-02 17:38:00,OGI
2.735,2.74,2.735,2.74,400,2021-07-02 17:39:00,OGI
2.735,2.74,2.735,2.74,753,2021-07-02 17:40:00,OGI
2.73,2.735,2.73,2.73,1871,2021-07-02 17:41:00,OGI
2.74,2.74,2.74,2.74,1250,2021-07-02 17:42:00,OGI
2.73,2.7326,2.72,2.725,19686,2021-07-02 17:43:00,OGI
2.725,2.725,2.725,2.725,215,2021-07-02 17:44:00,OGI
2.72,2.72,2.72,2.72,100,2021-07-02 17:45:00,OGI
2.725,2.73,2.7201,2.7272,3287,2021-07-02 17:47:00,OGI
2.725,2.725,2.72,2.72,600,2021-07-02 17:48:00,OGI
2.7245,2.725,2.7233,2.7237,1500,2021-07-02 17:49:00,OGI
2.721,2.725,2.721,2.725,300,2021-07-02 17:50:00,OGI
2.721,2.725,2.72,2.725,1000,2021-07-02 17:51:00,OGI
2.727,2.727,2.727,2.727,1000,2021-07-02 17:52:00,OGI
2.725,2.7299,2.725,2.7299,1880,2021-07-02 17:53:00,OGI
2.7221,2.7221,2.7221,2.7221,500,2021-07-02 17:54:00,OGI
2.72,2.72,2.72,2.72,3997,2021-07-02 17:55:00,OGI
2.725,2.725,2.72,2.72,3230,2021-07-02 17:56:00,OGI
2.72,2.7225,2.72,2.7225,395,2021-07-02 17:57:00,OGI
2.7261,2.7263,2.7261,2.7263,283,2021-07-02 17:58:00,OGI
2.725,2.7267,2.72,2.72,1013,2021-07-02 17:59:00,OGI
2.722,2.725,2.72,2.72,1700,2021-07-02 18:00:00,OGI
2.72,2.725,2.72,2.72,4241,2021-07-02 18:01:00,OGI
2.7201,2.7201,2.72,2.72,747,2021-07-02 18:02:00,OGI
2.72,2.725,2.72,2.725,447,2021-07-02 18:03:00,OGI
2.72,2.72,2.715,2.715,25273,2021-07-02 18:04:00,OGI
2.71,2.71,2.71,2.71,400,2021-07-02 18:05:00,OGI
2.71,2.71,2.7,2.7097,10294,2021-07-02 18:06:00,OGI
2.7045,2.71,2.7,2.7075,3792,2021-07-02 18:07:00,OGI
2.71,2.71,2.7,2.7077,2504,2021-07-02 18:08:00,OGI
2.705,2.72,2.7001,2.71,13816,2021-07-02 18:09:00,OGI
2.715,2.7162,2.714,2.7162,647,2021-07-02 18:10:00,OGI
2.713,2.72,2.713,2.72,2437,2021-07-02 18:11:00,OGI
2.7128,2.73,2.7128,2.725,15653,2021-07-02 18:12:00,OGI
2.725,2.725,2.725,2.725,103,2021-07-02 18:14:00,OGI
2.72,2.725,2.72,2.725,1500,2021-07-02 18:16:00,OGI
2.7265,2.7265,2.7265,2.7265,700,2021-07-02 18:17:00,OGI
2.7262,2.7262,2.7262,2.7262,400,2021-07-02 18:18:00,OGI
2.7228,2.726,2.7228,2.726,320,2021-07-02 18:19:00,OGI
2.73,2.73,2.72,2.72,650,2021-07-02 18:20:00,OGI
2.73,2.73,2.725,2.7264,425,2021-07-02 18:21:00,OGI
2.73,2.73,2.725,2.7277,3600,2021-07-02 18:22:00,OGI
2.725,2.73,2.7201,2.725,1200,2021-07-02 18:23:00,OGI
2.73,2.74,2.7237,2.73,8296,2021-07-02 18:24:00,OGI
2.73,2.74,2.73,2.735,2490,2021-07-02 18:25:00,OGI
2.735,2.739,2.735,2.735,2600,2021-07-02 18:26:00,OGI
2.735,2.7363,2.735,2.7363,200,2021-07-02 18:27:00,OGI
2.735,2.735,2.73,2.73,704,2021-07-02 18:28:00,OGI
2.735,2.74,2.7335,2.7339,28723,2021-07-02 18:29:00,OGI
2.735,2.735,2.733,2.735,4065,2021-07-02 18:30:00,OGI
2.73,2.735,2.73,2.735,200,2021-07-02 18:31:00,OGI
2.735,2.735,2.735,2.735,1100,2021-07-02 18:33:00,OGI
2.74,2.74,2.73,2.7341,1551,2021-07-02 18:34:00,OGI
2.7399,2.74,2.7399,2.74,700,2021-07-02 18:35:00,OGI
2.7362,2.7362,2.7327,2.7332,450,2021-07-02 18:36:00,OGI
2.73,2.7317,2.73,2.7317,1000,2021-07-02 18:37:00,OGI
2.73,2.73,2.73,2.73,2280,2021-07-02 18:38:00,OGI
2.7363,2.7363,2.7326,2.7326,350,2021-07-02 18:39:00,OGI
2.74,2.74,2.735,2.735,1993,2021-07-02 18:40:00,OGI
2.7301,2.7301,2.7301,2.7301,1000,2021-07-02 18:41:00,OGI
2.735,2.735,2.735,2.735,1150,2021-07-02 18:43:00,OGI
2.7336,2.735,2.7336,2.735,1200,2021-07-02 18:44:00,OGI
2.7365,2.74,2.7365,2.74,400,2021-07-02 18:45:00,OGI
2.74,2.74,2.74,2.74,100,2021-07-02 18:46:00,OGI
2.74,2.74,2.735,2.74,4350,2021-07-02 18:47:00,OGI
2.735,2.735,2.735,2.735,115,2021-07-02 18:48:00,OGI
2.74,2.74,2.735,2.735,3500,2021-07-02 18:49:00,OGI
2.735,2.7371,2.735,2.7371,1170,2021-07-02 18:50:00,OGI
2.74,2.74,2.73,2.73,900,2021-07-02 18:51:00,OGI
2.74,2.74,2.735,2.735,749,2021-07-02 18:52:00,OGI
2.74,2.74,2.735,2.735,3800,2021-07-02 18:53:00,OGI
2.735,2.735,2.7301,2.7301,200,2021-07-02 18:54:00,OGI
2.735,2.735,2.7325,2.7325,2482,2021-07-02 18:55:00,OGI
2.735,2.735,2.73,2.73,2200,2021-07-02 18:56:00,OGI
2.735,2.735,2.735,2.735,162,2021-07-02 18:57:00,OGI
2.733,2.733,2.733,2.733,500,2021-07-02 18:58:00,OGI
2.731,2.731,2.73,2.73,651,2021-07-02 18:59:00,OGI
2.7399,2.7399,2.73,2.735,1800,2021-07-02 19:00:00,OGI
2.7329,2.7369,2.73,2.73,2644,2021-07-02 19:01:00,OGI
2.7395,2.7395,2.73,2.7326,701,2021-07-02 19:02:00,OGI
2.74,2.74,2.73,2.73,200,2021-07-02 19:03:00,OGI
2.731,2.735,2.731,2.735,500,2021-07-02 19:04:00,OGI
2.7399,2.7399,2.725,2.7269,15148,2021-07-02 19:05:00,OGI
2.725,2.725,2.72,2.725,8846,2021-07-02 19:06:00,OGI
2.725,2.7299,2.725,2.725,618,2021-07-02 19:07:00,OGI
2.725,2.725,2.724,2.724,560,2021-07-02 19:08:00,OGI
2.72,2.7271,2.72,2.7271,2600,2021-07-02 19:09:00,OGI
2.72,2.72,2.72,2.72,100,2021-07-02 19:10:00,OGI
2.725,2.73,2.72,2.72,4878,2021-07-02 19:11:00,OGI
2.7201,2.7299,2.72,2.72,3210,2021-07-02 19:12:00,OGI
2.7234,2.725,2.7234,2.7234,1220,2021-07-02 19:13:00,OGI
2.72,2.72,2.72,2.72,1600,2021-07-02 19:14:00,OGI
2.725,2.7265,2.72,2.7261,4010,2021-07-02 19:15:00,OGI
2.7231,2.73,2.72,2.73,1328,2021-07-02 19:16:00,OGI
2.7236,2.725,2.7236,2.725,210,2021-07-02 19:17:00,OGI
2.725,2.7261,2.72,2.725,900,2021-07-02 19:18:00,OGI
2.72,2.725,2.72,2.725,1300,2021-07-02 19:19:00,OGI
2.724,2.724,2.724,2.724,200,2021-07-02 19:20:00,OGI
2.7258,2.7258,2.7258,2.7258,100,2021-07-02 19:21:00,OGI
2.72,2.72,2.72,2.72,3005,2021-07-02 19:22:00,OGI
2.72,2.7263,2.72,2.7263,5100,2021-07-02 19:23:00,OGI
2.7263,2.7263,2.72,2.725,325,2021-07-02 19:24:00,OGI
2.7267,2.7268,2.72,2.7201,4805,2021-07-02 19:25:00,OGI
2.7201,2.726,2.72,2.726,1850,2021-07-02 19:26:00,OGI
2.721,2.7299,2.72,2.72,6000,2021-07-02 19:27:00,OGI
2.725,2.725,2.72,2.72,548,2021-07-02 19:28:00,OGI
2.72,2.73,2.72,2.72,3586,2021-07-02 19:29:00,OGI
2.72,2.72,2.72,2.72,454,2021-07-02 19:30:00,OGI
2.72,2.7273,2.72,2.72,2769,2021-07-02 19:31:00,OGI
2.72,2.7222,2.72,2.72,7791,2021-07-02 19:32:00,OGI
2.72,2.725,2.72,2.72,1028,2021-07-02 19:33:00,OGI
2.725,2.725,2.72,2.72,2725,2021-07-02 19:34:00,OGI
2.7231,2.7262,2.72,2.72,6931,2021-07-02 19:35:00,OGI
2.72,2.725,2.72,2.725,1539,2021-07-02 19:37:00,OGI
2.725,2.725,2.725,2.725,100,2021-07-02 19:38:00,OGI
2.72,2.72,2.72,2.72,400,2021-07-02 19:39:00,OGI
2.72,2.7296,2.72,2.7296,11355,2021-07-02 19:40:00,OGI
2.7237,2.7237,2.72,2.72,3634,2021-07-02 19:41:00,OGI
2.72,2.72,2.72,2.72,558,2021-07-02 19:42:00,OGI
2.7263,2.7263,2.72,2.72,3024,2021-07-02 19:43:00,OGI
2.72,2.73,2.72,2.72,1150,2021-07-02 19:44:00,OGI
2.725,2.7253,2.725,2.7253,600,2021-07-02 19:45:00,OGI
2.723,2.7288,2.723,2.725,43821,2021-07-02 19:46:00,OGI
2.7238,2.7291,2.7238,2.725,1301,2021-07-02 19:47:00,OGI
2.725,2.7299,2.72,2.725,8873,2021-07-02 19:48:00,OGI
2.73,2.73,2.725,2.725,1100,2021-07-02 19:49:00,OGI
2.73,2.73,2.72,2.72,4164,2021-07-02 19:50:00,OGI
2.72,2.73,2.72,2.73,3004,2021-07-02 19:51:00,OGI
2.725,2.73,2.72,2.725,62130,2021-07-02 19:52:00,OGI
2.725,2.73,2.7201,2.725,6500,2021-07-02 19:53:00,OGI
2.73,2.73,2.72,2.725,2566,2021-07-02 19:54:00,OGI
2.72,2.73,2.72,2.73,17900,2021-07-02 19:55:00,OGI
2.725,2.73,2.72,2.72,4776,2021-07-02 19:56:00,OGI
2.725,2.73,2.7233,2.725,3045,2021-07-02 19:57:00,OGI
2.725,2.73,2.72,2.725,9456,2021-07-02 19:58:00,OGI
2.725,2.73,2.72,2.73,28006,2021-07-02 19:59:00,OGI
2.73,2.73,2.73,2.73,38729,2021-07-02 20:00:00,OGI
2.72,2.72,2.71,2.71,437,2021-07-02 20:02:00,OGI
2.72,2.72,2.72,2.72,175,2021-07-02 20:06:00,OGI
2.72,2.72,2.72,2.72,500,2021-07-02 20:09:00,OGI
2.72,2.72,2.72,2.72,20000,2021-07-02 20:18:00,OGI
2.72,2.72,2.72,2.72,278,2021-07-02 20:35:00,OGI
2.7299,2.73,2.7299,2.73,700,2021-07-02 20:36:00,OGI
2.73,2.73,2.73,2.73,650,2021-07-02 20:42:00,OGI
2.73,2.73,2.73,2.73,100,2021-07-02 20:44:00,OGI
2.73,2.73,2.73,2.73,2000,2021-07-02 20:45:00,OGI
2.73,2.73,2.73,2.73,100,2021-07-02 21:00:00,OGI
2.73,2.73,2.73,2.73,1000,2021-07-02 21:01:00,OGI
2.72,2.72,2.72,2.72,575,2021-07-02 21:05:00,OGI
2.7299,2.73,2.7299,2.73,2000,2021-07-02 21:07:00,OGI
2.73,2.73,2.72,2.72,931,2021-07-02 21:32:00,OGI
2.72,2.72,2.72,2.72,200,2021-07-02 21:34:00,OGI
2.72,2.72,2.72,2.72,1904,2021-07-02 21:54:00,OGI
2.72,2.72,2.72,2.72,1000,2021-07-02 22:03:00,OGI
2.73,2.73,2.73,2.73,200,2021-07-02 23:39:00,OGI
2.72,2.72,2.72,2.72,1500,2021-07-02 23:43:00,OGI
2.73,2.73,2.73,2.73,110,2021-07-06 11:09:00,OGI
2.73,2.73,2.73,2.73,300,2021-07-06 11:22:00,OGI
2.73,2.73,2.73,2.73,200,2021-07-06 12:02:00,OGI
2.7499,2.7499,2.7499,2.7499,500,2021-07-06 12:24:00,OGI
2.75,2.75,2.75,2.75,100,2021-07-06 12:57:00,OGI
2.75,2.75,2.75,2.75,120,2021-07-06 13:00:00,OGI
2.75,2.75,2.75,2.75,363,2021-07-06 13:03:00,OGI
2.75,2.75,2.75,2.75,100,2021-07-06 13:04:00,OGI
2.75,2.75,2.75,2.75,182,2021-07-06 13:06:00,OGI
2.74,2.74,2.74,2.74,500,2021-07-06 13:08:00,OGI
2.75,2.75,2.75,2.75,5000,2021-07-06 13:10:00,OGI
2.75,2.75,2.75,2.75,100,2021-07-06 13:11:00,OGI
2.74,2.74,2.74,2.74,100,2021-07-06 13:12:00,OGI
2.7499,2.75,2.7499,2.75,2900,2021-07-06 13:17:00,OGI
2.74,2.74,2.74,2.74,500,2021-07-06 13:20:00,OGI
2.74,2.74,2.74,2.74,325,2021-07-06 13:21:00,OGI
2.74,2.74,2.74,2.74,1410,2021-07-06 13:25:00,OGI
2.7495,2.75,2.7495,2.75,866,2021-07-06 13:27:00,OGI
2.74,2.74,2.74,2.74,500,2021-07-06 13:28:00,OGI
2.75,2.75,2.73,2.73,473,2021-07-06 13:29:00,OGI
2.73,2.74,2.72,2.73,53181,2021-07-06 13:30:00,OGI
2.725,2.735,2.72,2.7299,32469,2021-07-06 13:31:00,OGI
2.73,2.7487,2.7264,2.745,52012,2021-07-06 13:32:00,OGI
2.74,2.74,2.715,2.715,19735,2021-07-06 13:33:00,OGI
2.71,2.71,2.7,2.7,5924,2021-07-06 13:34:00,OGI
2.7,2.71,2.68,2.6865,81754,2021-07-06 13:35:00,OGI
2.68,2.697,2.68,2.69,50323,2021-07-06 13:36:00,OGI
2.68,2.69,2.68,2.6879,11003,2021-07-06 13:37:00,OGI
2.68,2.687,2.6601,2.665,61591,2021-07-06 13:38:00,OGI
2.665,2.67,2.66,2.6618,31317,2021-07-06 13:39:00,OGI
2.66,2.67,2.66,2.6668,10067,2021-07-06 13:40:00,OGI
2.665,2.6699,2.64,2.645,124827,2021-07-06 13:41:00,OGI
2.65,2.66,2.64,2.645,32744,2021-07-06 13:42:00,OGI
2.65,2.65,2.64,2.645,13558,2021-07-06 13:43:00,OGI
2.647,2.65,2.63,2.63,87710,2021-07-06 13:44:00,OGI
2.63,2.64,2.63,2.639,37003,2021-07-06 13:45:00,OGI
2.64,2.6599,2.63,2.6517,64253,2021-07-06 13:46:00,OGI
2.6579,2.6579,2.65,2.655,13576,2021-07-06 13:47:00,OGI
2.66,2.66,2.6524,2.655,2605,2021-07-06 13:48:00,OGI
2.66,2.6661,2.65,2.655,40267,2021-07-06 13:49:00,OGI
2.6534,2.66,2.643,2.6471,10783,2021-07-06 13:50:00,OGI
2.6469,2.66,2.6401,2.645,48717,2021-07-06 13:51:00,OGI
2.643,2.65,2.635,2.645,41711,2021-07-06 13:52:00,OGI
2.642,2.65,2.635,2.64,13981,2021-07-06 13:53:00,OGI
2.6464,2.6561,2.64,2.65,13091,2021-07-06 13:54:00,OGI
2.655,2.6568,2.65,2.6568,7031,2021-07-06 13:55:00,OGI
2.65,2.66,2.64,2.655,12756,2021-07-06 13:56:00,OGI
2.6538,2.66,2.65,2.655,14573,2021-07-06 13:57:00,OGI
2.655,2.66,2.645,2.649,16732,2021-07-06 13:58:00,OGI
2.65,2.655,2.64,2.655,7829,2021-07-06 13:59:00,OGI
2.6525,2.667,2.65,2.665,12505,2021-07-06 14:00:00,OGI
2.66,2.6662,2.66,2.6601,4271,2021-07-06 14:01:00,OGI
2.665,2.67,2.644,2.653,63893,2021-07-06 14:02:00,OGI
2.655,2.68,2.655,2.68,68997,2021-07-06 14:03:00,OGI
2.68,2.687,2.6735,2.6862,20143,2021-07-06 14:04:00,OGI
2.68,2.69,2.68,2.685,55655,2021-07-06 14:05:00,OGI
2.69,2.7,2.69,2.69,55703,2021-07-06 14:06:00,OGI
2.695,2.7,2.692,2.6937,3700,2021-07-06 14:07:00,OGI
2.69,2.6965,2.68,2.685,48536,2021-07-06 14:08:00,OGI
2.68,2.695,2.68,2.695,34665,2021-07-06 14:09:00,OGI
2.69,2.705,2.69,2.705,25265,2021-07-06 14:10:00,OGI
2.705,2.71,2.7,2.7099,40347,2021-07-06 14:11:00,OGI
2.715,2.72,2.7,2.705,28292,2021-07-06 14:12:00,OGI
2.705,2.71,2.705,2.71,722,2021-07-06 14:13:00,OGI
2.71,2.72,2.7,2.715,55291,2021-07-06 14:14:00,OGI
2.7199,2.72,2.71,2.71,10850,2021-07-06 14:15:00,OGI
2.715,2.73,2.71,2.72,31752,2021-07-06 14:16:00,OGI
2.725,2.735,2.72,2.72,69275,2021-07-06 14:17:00,OGI
2.73,2.73,2.72,2.725,23953,2021-07-06 14:18:00,OGI
2.72,2.725,2.72,2.72,4591,2021-07-06 14:19:00,OGI
2.72,2.73,2.72,2.72,6643,2021-07-06 14:20:00,OGI
2.72,2.74,2.72,2.74,112004,2021-07-06 14:21:00,OGI
2.74,2.75,2.73,2.745,39908,2021-07-06 14:22:00,OGI
2.74,2.7482,2.73,2.735,45768,2021-07-06 14:23:00,OGI
2.74,2.745,2.733,2.745,27100,2021-07-06 14:24:00,OGI
2.7416,2.75,2.73,2.73,20264,2021-07-06 14:25:00,OGI
2.7393,2.74,2.73,2.73,8405,2021-07-06 14:26:00,OGI
2.74,2.74,2.73,2.73,13100,2021-07-06 14:27:00,OGI
2.735,2.738,2.73,2.73,3909,2021-07-06 14:28:00,OGI
2.734,2.734,2.73,2.73,1274,2021-07-06 14:29:00,OGI
2.73,2.735,2.72,2.72,59389,2021-07-06 14:30:00,OGI
2.7299,2.73,2.72,2.7261,2510,2021-07-06 14:31:00,OGI
2.7228,2.7298,2.72,2.72,784,2021-07-06 14:32:00,OGI
2.72,2.73,2.72,2.73,9755,2021-07-06 14:33:00,OGI
2.725,2.725,2.72,2.725,7417,2021-07-06 14:34:00,OGI
2.725,2.745,2.72,2.745,84273,2021-07-06 14:35:00,OGI
2.75,2.76,2.75,2.76,42189,2021-07-06 14:36:00,OGI
2.76,2.76,2.75,2.76,18774,2021-07-06 14:37:00,OGI
2.76,2.78,2.75,2.78,36397,2021-07-06 14:38:00,OGI
2.77,2.78,2.77,2.7701,45945,2021-07-06 14:39:00,OGI
2.77,2.78,2.77,2.77,6550,2021-07-06 14:40:00,OGI
2.775,2.78,2.77,2.775,16610,2021-07-06 14:41:00,OGI
2.7729,2.79,2.77,2.79,31366,2021-07-06 14:42:00,OGI
2.79,2.8,2.78,2.797,71678,2021-07-06 14:43:00,OGI
2.793,2.795,2.78,2.795,55447,2021-07-06 14:44:00,OGI
2.8,2.8,2.79,2.8,29831,2021-07-06 14:45:00,OGI
2.8,2.81,2.79,2.805,63712,2021-07-06 14:46:00,OGI
2.81,2.82,2.8,2.82,65609,2021-07-06 14:47:00,OGI
2.8124,2.82,2.81,2.82,55473,2021-07-06 14:48:00,OGI
2.81,2.82,2.81,2.82,114964,2021-07-06 14:49:00,OGI
2.815,2.82,2.81,2.815,45481,2021-07-06 14:50:00,OGI
2.82,2.83,2.813,2.8299,42733,2021-07-06 14:51:00,OGI
2.821,2.84,2.82,2.84,36292,2021-07-06 14:52:00,OGI
2.835,2.84,2.83,2.84,26299,2021-07-06 14:53:00,OGI
2.84,2.84,2.83,2.83,41458,2021-07-06 14:54:00,OGI
2.835,2.835,2.82,2.83,18101,2021-07-06 14:55:00,OGI
2.825,2.825,2.8,2.8,93790,2021-07-06 14:56:00,OGI
2.8,2.81,2.795,2.795,23062,2021-07-06 14:57:00,OGI
2.8,2.8,2.79,2.7901,42855,2021-07-06 14:58:00,OGI
2.795,2.797,2.781,2.781,28352,2021-07-06 14:59:00,OGI
2.785,2.79,2.78,2.785,17494,2021-07-06 15:00:00,OGI
2.785,2.785,2.78,2.78,24984,2021-07-06 15:01:00,OGI
2.78,2.78,2.77,2.775,31399,2021-07-06 15:02:00,OGI
2.78,2.78,2.77,2.77,28375,2021-07-06 15:03:00,OGI
2.765,2.77,2.76,2.76,4500,2021-07-06 15:04:00,OGI
2.761,2.77,2.76,2.765,79552,2021-07-06 15:05:00,OGI
2.76,2.7634,2.76,2.7634,1898,2021-07-06 15:06:00,OGI
2.76,2.767,2.75,2.75,29567,2021-07-06 15:07:00,OGI
2.75,2.757,2.75,2.757,1910,2021-07-06 15:08:00,OGI
2.75,2.7501,2.75,2.75,3602,2021-07-06 15:09:00,OGI
2.75,2.76,2.75,2.755,2011,2021-07-06 15:10:00,OGI
2.76,2.76,2.75,2.755,1721,2021-07-06 15:11:00,OGI
2.75,2.7506,2.75,2.75,32081,2021-07-06 15:12:00,OGI
2.75,2.7516,2.75,2.7516,2757,2021-07-06 15:13:00,OGI
2.75,2.75,2.74,2.74,16911,2021-07-06 15:14:00,OGI
2.745,2.75,2.7438,2.745,7825,2021-07-06 15:15:00,OGI
2.745,2.7499,2.74,2.7499,7550,2021-07-06 15:16:00,OGI
2.743,2.75,2.735,2.735,53796,2021-07-06 15:17:00,OGI
2.74,2.74,2.73,2.73,38662,2021-07-06 15:18:00,OGI
2.7308,2.7308,2.72,2.72,25837,2021-07-06 15:19:00,OGI
2.72,2.73,2.7108,2.7201,112384,2021-07-06 15:20:00,OGI
2.7222,2.73,2.72,2.725,24579,2021-07-06 15:21:00,OGI
2.7299,2.7299,2.72,2.7271,5600,2021-07-06 15:22:00,OGI
2.72,2.7299,2.72,2.7299,4150,2021-07-06 15:23:00,OGI
2.72,2.7261,2.72,2.72,4660,2021-07-06 15:24:00,OGI
2.727,2.73,2.726,2.726,7114,2021-07-06 15:25:00,OGI
2.72,2.7233,2.71,2.71,15600,2021-07-06 15:26:00,OGI
2.71,2.7118,2.7,2.705,14316,2021-07-06 15:27:00,OGI
2.7099,2.71,2.703,2.705,27085,2021-07-06 15:28:00,OGI
2.705,2.72,2.705,2.715,38097,2021-07-06 15:29:00,OGI
2.71,2.72,2.7,2.701,32773,2021-07-06 15:30:00,OGI
2.701,2.7061,2.7,2.705,4200,2021-07-06 15:31:00,OGI
2.7,2.7099,2.7,2.7042,1200,2021-07-06 15:32:00,OGI
2.71,2.72,2.7,2.72,32985,2021-07-06 15:33:00,OGI
2.7161,2.7164,2.7135,2.7135,3490,2021-07-06 15:34:00,OGI
2.72,2.72,2.71,2.71,2844,2021-07-06 15:35:00,OGI
2.71,2.715,2.7,2.7,23114,2021-07-06 15:36:00,OGI
2.7,2.7035,2.7,2.7,1260,2021-07-06 15:37:00,OGI
2.7033,2.71,2.7,2.706,2753,2021-07-06 15:38:00,OGI
2.704,2.704,2.7,2.7,2374,2021-07-06 15:39:00,OGI
2.7099,2.7099,2.703,2.703,750,2021-07-06 15:41:00,OGI
2.7069,2.7069,2.7036,2.7036,800,2021-07-06 15:42:00,OGI
2.7,2.705,2.7,2.7,2233,2021-07-06 15:43:00,OGI
2.7061,2.71,2.7,2.7062,1104,2021-07-06 15:44:00,OGI
2.705,2.705,2.695,2.695,19971,2021-07-06 15:45:00,OGI
2.696,2.696,2.695,2.695,248,2021-07-06 15:46:00,OGI
2.6936,2.6999,2.6931,2.6931,900,2021-07-06 15:47:00,OGI
2.6937,2.699,2.6937,2.699,700,2021-07-06 15:48:00,OGI
2.6999,2.6999,2.69,2.695,870,2021-07-06 15:49:00,OGI
2.6999,2.6999,2.695,2.695,700,2021-07-06 15:50:00,OGI
2.699,2.7,2.69,2.6901,4797,2021-07-06 15:51:00,OGI
2.69,2.69,2.6829,2.6829,16585,2021-07-06 15:52:00,OGI
2.689,2.69,2.68,2.6886,14073,2021-07-06 15:53:00,OGI
2.69,2.69,2.68,2.6876,14050,2021-07-06 15:54:00,OGI
2.69,2.69,2.6829,2.685,5900,2021-07-06 15:55:00,OGI
2.69,2.69,2.6801,2.69,3323,2021-07-06 15:56:00,OGI
2.69,2.69,2.683,2.6899,3747,2021-07-06 15:57:00,OGI
2.6828,2.6882,2.6828,2.6882,4200,2021-07-06 15:58:00,OGI
2.685,2.685,2.6729,2.685,82575,2021-07-06 15:59:00,OGI
2.685,2.69,2.6837,2.69,1494,2021-07-06 16:00:00,OGI
2.69,2.6921,2.6833,2.6921,46282,2021-07-06 16:01:00,OGI
2.6907,2.6933,2.68,2.69,27917,2021-07-06 16:02:00,OGI
2.6827,2.69,2.68,2.6832,5225,2021-07-06 16:03:00,OGI
2.6868,2.6868,2.68,2.68,11265,2021-07-06 16:04:00,OGI
2.69,2.69,2.68,2.68,3600,2021-07-06 16:05:00,OGI
2.68,2.68,2.67,2.675,5422,2021-07-06 16:07:00,OGI
2.67,2.6725,2.67,2.67,1500,2021-07-06 16:08:00,OGI
2.67,2.6762,2.67,2.6762,3885,2021-07-06 16:09:00,OGI
2.67,2.67,2.66,2.6685,24450,2021-07-06 16:10:00,OGI
2.6675,2.67,2.66,2.668,7103,2021-07-06 16:11:00,OGI
2.665,2.67,2.6647,2.6699,9337,2021-07-06 16:12:00,OGI
2.67,2.67,2.6638,2.6638,6850,2021-07-06 16:13:00,OGI
2.6699,2.676,2.665,2.675,59062,2021-07-06 16:14:00,OGI
2.6741,2.685,2.6741,2.685,17163,2021-07-06 16:15:00,OGI
2.6801,2.69,2.665,2.67,36173,2021-07-06 16:16:00,OGI
2.67,2.67,2.665,2.6699,21900,2021-07-06 16:17:00,OGI
2.67,2.6762,2.67,2.67,24666,2021-07-06 16:18:00,OGI
2.668,2.67,2.6627,2.6661,3553,2021-07-06 16:19:00,OGI
2.6668,2.6668,2.66,2.6613,3950,2021-07-06 16:20:00,OGI
2.665,2.67,2.663,2.663,12604,2021-07-06 16:21:00,OGI
2.6689,2.67,2.665,2.665,4900,2021-07-06 16:22:00,OGI
2.67,2.67,2.67,2.67,200,2021-07-06 16:23:00,OGI
2.664,2.67,2.655,2.6587,33332,2021-07-06 16:24:00,OGI
2.6584,2.66,2.652,2.652,1812,2021-07-06 16:25:00,OGI
2.66,2.66,2.6599,2.6599,800,2021-07-06 16:26:00,OGI
2.6579,2.66,2.6529,2.66,2989,2021-07-06 16:27:00,OGI
2.66,2.67,2.66,2.6688,17202,2021-07-06 16:28:00,OGI
2.67,2.67,2.66,2.6615,13075,2021-07-06 16:29:00,OGI
2.6601,2.6633,2.654,2.66,9154,2021-07-06 16:30:00,OGI
2.653,2.66,2.653,2.6582,6900,2021-07-06 16:31:00,OGI
2.66,2.66,2.655,2.6557,23330,2021-07-06 16:32:00,OGI
2.66,2.66,2.6501,2.6586,4742,2021-07-06 16:33:00,OGI
2.66,2.68,2.66,2.674,65354,2021-07-06 16:34:00,OGI
2.67,2.68,2.67,2.6712,12044,2021-07-06 16:35:00,OGI
2.6712,2.675,2.6712,2.675,1100,2021-07-06 16:36:00,OGI
2.675,2.68,2.675,2.68,3254,2021-07-06 16:37:00,OGI
2.6799,2.6799,2.67,2.67,1400,2021-07-06 16:38:00,OGI
2.67,2.675,2.67,2.6715,5919,2021-07-06 16:39:00,OGI
2.67,2.6763,2.67,2.675,625,2021-07-06 16:40:00,OGI
2.67,2.675,2.67,2.67,900,2021-07-06 16:41:00,OGI
2.6763,2.6763,2.665,2.665,2536,2021-07-06 16:42:00,OGI
2.66,2.6664,2.66,2.6664,400,2021-07-06 16:43:00,OGI
2.6635,2.6635,2.6635,2.6635,115,2021-07-06 16:44:00,OGI
2.66,2.6669,2.66,2.6669,3100,2021-07-06 16:45:00,OGI
2.665,2.6664,2.66,2.6664,1120,2021-07-06 16:46:00,OGI
2.6628,2.67,2.6628,2.6674,3003,2021-07-06 16:47:00,OGI
2.6663,2.67,2.66,2.665,1260,2021-07-06 16:48:00,OGI
2.6639,2.67,2.6639,2.665,582,2021-07-06 16:49:00,OGI
2.665,2.67,2.6639,2.665,15639,2021-07-06 16:50:00,OGI
2.6601,2.67,2.6601,2.67,2623,2021-07-06 16:51:00,OGI
2.67,2.67,2.6601,2.6633,3546,2021-07-06 16:52:00,OGI
2.665,2.67,2.665,2.67,300,2021-07-06 16:53:00,OGI
2.6692,2.6692,2.665,2.665,2600,2021-07-06 16:54:00,OGI
2.665,2.67,2.665,2.665,3183,2021-07-06 16:55:00,OGI
2.665,2.67,2.6601,2.665,2738,2021-07-06 16:56:00,OGI
2.67,2.67,2.6636,2.67,830,2021-07-06 16:57:00,OGI
2.6674,2.67,2.66,2.665,2245,2021-07-06 16:58:00,OGI
2.6663,2.67,2.6663,2.67,800,2021-07-06 16:59:00,OGI
2.665,2.665,2.665,2.665,388,2021-07-06 17:00:00,OGI
2.6676,2.67,2.6639,2.67,613,2021-07-06 17:02:00,OGI
2.67,2.67,2.665,2.665,800,2021-07-06 17:03:00,OGI
2.66,2.66,2.66,2.66,400,2021-07-06 17:04:00,OGI
2.665,2.67,2.665,2.67,8880,2021-07-06 17:05:00,OGI
2.6676,2.67,2.665,2.6686,43783,2021-07-06 17:06:00,OGI
2.6682,2.67,2.663,2.67,900,2021-07-06 17:07:00,OGI
2.6682,2.6682,2.6674,2.6674,200,2021-07-06 17:08:00,OGI
2.6663,2.6663,2.6663,2.6663,200,2021-07-06 17:09:00,OGI
2.665,2.6664,2.6601,2.6601,2400,2021-07-06 17:11:00,OGI
2.66,2.67,2.66,2.6662,3827,2021-07-06 17:12:00,OGI
2.665,2.67,2.665,2.67,1698,2021-07-06 17:13:00,OGI
2.6659,2.67,2.665,2.67,2849,2021-07-06 17:14:00,OGI
2.665,2.6661,2.665,2.6661,606,2021-07-06 17:15:00,OGI
2.67,2.675,2.665,2.67,9677,2021-07-06 17:16:00,OGI
2.675,2.675,2.675,2.675,100,2021-07-06 17:17:00,OGI
2.67,2.675,2.67,2.6724,1811,2021-07-06 17:18:00,OGI
2.675,2.6761,2.675,2.6761,611,2021-07-06 17:19:00,OGI
2.677,2.677,2.67,2.677,1150,2021-07-06 17:20:00,OGI
2.672,2.672,2.672,2.672,300,2021-07-06 17:21:00,OGI
2.68,2.68,2.68,2.68,1200,2021-07-06 17:22:00,OGI
2.6774,2.68,2.674,2.675,1704,2021-07-06 17:23:00,OGI
2.6761,2.6761,2.6761,2.6761,100,2021-07-06 17:24:00,OGI
2.6753,2.6753,2.675,2.675,1100,2021-07-06 17:25:00,OGI
2.6701,2.6761,2.6701,2.6721,654,2021-07-06 17:26:00,OGI
2.672,2.6799,2.672,2.6762,600,2021-07-06 17:27:00,OGI
2.6736,2.6762,2.6736,2.675,1152,2021-07-06 17:28:00,OGI
2.675,2.675,2.675,2.675,200,2021-07-06 17:29:00,OGI
2.675,2.675,2.675,2.675,100,2021-07-06 17:30:00,OGI
2.6762,2.6762,2.6762,2.6762,175,2021-07-06 17:32:00,OGI
2.67,2.68,2.67,2.675,1863,2021-07-06 17:33:00,OGI
2.6767,2.6767,2.6767,2.6767,500,2021-07-06 17:34:00,OGI
2.6791,2.6791,2.6718,2.6718,650,2021-07-06 17:35:00,OGI
2.6717,2.6717,2.6717,2.6717,260,2021-07-06 17:36:00,OGI
2.675,2.6762,2.675,2.6762,350,2021-07-06 17:37:00,OGI
2.6761,2.6765,2.675,2.6765,705,2021-07-06 17:39:00,OGI
2.675,2.6755,2.6733,2.6755,2400,2021-07-06 17:40:00,OGI
2.675,2.675,2.67,2.67,800,2021-07-06 17:41:00,OGI
2.675,2.68,2.67,2.675,1450,2021-07-06 17:42:00,OGI
2.68,2.68,2.675,2.675,300,2021-07-06 17:44:00,OGI
2.6778,2.68,2.6701,2.68,3036,2021-07-06 17:45:00,OGI
2.6799,2.68,2.675,2.68,16780,2021-07-06 17:46:00,OGI
2.675,2.68,2.6738,2.68,600,2021-07-06 17:47:00,OGI
2.67,2.67,2.67,2.67,277,2021-07-06 17:48:00,OGI
2.675,2.6761,2.675,2.6761,320,2021-07-06 17:49:00,OGI
2.676,2.68,2.676,2.68,1100,2021-07-06 17:50:00,OGI
2.6733,2.675,2.67,2.675,10198,2021-07-06 17:51:00,OGI
2.68,2.68,2.6729,2.6729,1146,2021-07-06 17:52:00,OGI
2.68,2.68,2.68,2.68,200,2021-07-06 17:53:00,OGI
2.6768,2.6768,2.67,2.67,1462,2021-07-06 17:54:00,OGI
2.67,2.68,2.67,2.68,200,2021-07-06 17:55:00,OGI
2.6799,2.6799,2.6799,2.6799,200,2021-07-06 17:56:00,OGI
2.675,2.68,2.6738,2.6761,1708,2021-07-06 17:57:00,OGI
2.6799,2.68,2.6762,2.6762,1199,2021-07-06 17:58:00,OGI
2.675,2.6799,2.675,2.6799,600,2021-07-06 17:59:00,OGI
2.68,2.68,2.675,2.676,524,2021-07-06 18:00:00,OGI
2.675,2.6799,2.6721,2.6721,800,2021-07-06 18:01:00,OGI
2.675,2.675,2.675,2.675,400,2021-07-06 18:02:00,OGI
2.6735,2.6735,2.6735,2.6735,300,2021-07-06 18:04:00,OGI
2.67,2.67,2.665,2.6661,54925,2021-07-06 18:05:00,OGI
2.6638,2.6661,2.6638,2.6661,371,2021-07-06 18:06:00,OGI
2.665,2.665,2.663,2.665,4031,2021-07-06 18:07:00,OGI
2.6696,2.6696,2.6696,2.6696,2000,2021-07-06 18:08:00,OGI
2.6639,2.67,2.6639,2.665,1595,2021-07-06 18:09:00,OGI
2.665,2.666,2.665,2.666,500,2021-07-06 18:10:00,OGI
2.665,2.665,2.6638,2.665,833,2021-07-06 18:11:00,OGI
2.6601,2.6601,2.6601,2.6601,200,2021-07-06 18:12:00,OGI
2.67,2.67,2.666,2.666,388,2021-07-06 18:13:00,OGI
2.665,2.669,2.6647,2.6647,1046,2021-07-06 18:15:00,OGI
2.6634,2.67,2.6634,2.67,14415,2021-07-06 18:16:00,OGI
2.67,2.67,2.6627,2.6627,1200,2021-07-06 18:17:00,OGI
2.668,2.67,2.665,2.665,1312,2021-07-06 18:18:00,OGI
2.66,2.665,2.66,2.665,1880,2021-07-06 18:19:00,OGI
2.665,2.665,2.665,2.665,464,2021-07-06 18:20:00,OGI
2.665,2.665,2.665,2.665,1335,2021-07-06 18:21:00,OGI
2.67,2.67,2.665,2.6699,5650,2021-07-06 18:23:00,OGI
2.665,2.665,2.665,2.665,3200,2021-07-06 18:24:00,OGI
2.665,2.665,2.665,2.665,100,2021-07-06 18:25:00,OGI
2.66,2.66,2.65,2.654,29881,2021-07-06 18:26:00,OGI
2.6596,2.6596,2.6596,2.6596,800,2021-07-06 18:27:00,OGI
2.6563,2.6563,2.6563,2.6563,250,2021-07-06 18:28:00,OGI
2.6515,2.655,2.65,2.655,1796,2021-07-06 18:29:00,OGI
2.6567,2.6567,2.655,2.655,1200,2021-07-06 18:30:00,OGI
2.65,2.655,2.65,2.655,2400,2021-07-06 18:31:00,OGI
2.6541,2.6541,2.6541,2.6541,400,2021-07-06 18:32:00,OGI
2.6534,2.655,2.6534,2.655,1150,2021-07-06 18:33:00,OGI
2.6562,2.6562,2.64,2.645,47455,2021-07-06 18:34:00,OGI
2.645,2.6499,2.645,2.6461,2754,2021-07-06 18:35:00,OGI
2.645,2.649,2.645,2.649,1200,2021-07-06 18:36:00,OGI
2.6462,2.65,2.64,2.65,20912,2021-07-06 18:37:00,OGI
2.6432,2.645,2.6432,2.645,2100,2021-07-06 18:38:00,OGI
2.65,2.65,2.6414,2.645,15608,2021-07-06 18:39:00,OGI
2.646,2.646,2.645,2.645,200,2021-07-06 18:40:00,OGI
2.6486,2.6486,2.64,2.64,5614,2021-07-06 18:41:00,OGI
2.65,2.65,2.645,2.65,5213,2021-07-06 18:42:00,OGI
2.645,2.65,2.6418,2.65,2000,2021-07-06 18:43:00,OGI
2.65,2.65,2.6401,2.6431,2200,2021-07-06 18:44:00,OGI
2.65,2.65,2.645,2.65,10980,2021-07-06 18:45:00,OGI
2.65,2.65,2.65,2.65,11400,2021-07-06 18:46:00,OGI
2.65,2.65,2.6436,2.645,1417,2021-07-06 18:47:00,OGI
2.6476,2.65,2.6437,2.645,1500,2021-07-06 18:48:00,OGI
2.6482,2.65,2.6437,2.6483,2325,2021-07-06 18:49:00,OGI
2.6469,2.65,2.645,2.645,3000,2021-07-06 18:51:00,OGI
2.6469,2.6469,2.6469,2.6469,500,2021-07-06 18:52:00,OGI
2.645,2.645,2.645,2.645,300,2021-07-06 18:53:00,OGI
2.641,2.6499,2.64,2.645,4279,2021-07-06 18:54:00,OGI
2.6499,2.6499,2.645,2.645,1200,2021-07-06 18:55:00,OGI
2.6499,2.6499,2.6441,2.6441,900,2021-07-06 18:56:00,OGI
2.64,2.6499,2.64,2.6499,4072,2021-07-06 18:57:00,OGI
2.646,2.646,2.645,2.645,427,2021-07-06 18:58:00,OGI
2.6499,2.6499,2.645,2.645,819,2021-07-06 18:59:00,OGI
2.645,2.65,2.645,2.645,1001,2021-07-06 19:01:00,OGI
2.6464,2.6464,2.6464,2.6464,378,2021-07-06 19:02:00,OGI
2.64,2.65,2.64,2.645,550,2021-07-06 19:03:00,OGI
2.6442,2.6464,2.64,2.6464,19455,2021-07-06 19:04:00,OGI
2.64,2.6463,2.64,2.64,875,2021-07-06 19:05:00,OGI
2.64,2.645,2.64,2.645,337,2021-07-06 19:06:00,OGI
2.645,2.65,2.645,2.645,3818,2021-07-06 19:08:00,OGI
2.64,2.65,2.64,2.645,782,2021-07-06 19:09:00,OGI
2.645,2.645,2.645,2.645,200,2021-07-06 19:10:00,OGI
2.645,2.645,2.645,2.645,300,2021-07-06 19:11:00,OGI
2.64,2.645,2.64,2.645,670,2021-07-06 19:12:00,OGI
2.645,2.645,2.64,2.64,200,2021-07-06 19:13:00,OGI
2.645,2.645,2.645,2.645,1200,2021-07-06 19:14:00,OGI
2.6431,2.65,2.6431,2.645,2088,2021-07-06 19:15:00,OGI
2.645,2.65,2.644,2.645,6330,2021-07-06 19:16:00,OGI
2.645,2.645,2.6336,2.6336,63339,2021-07-06 19:17:00,OGI
2.635,2.64,2.63,2.64,27261,2021-07-06 19:18:00,OGI
2.632,2.637,2.63,2.63,3900,2021-07-06 19:19:00,OGI
2.63,2.64,2.63,2.635,2980,2021-07-06 19:20:00,OGI
2.635,2.64,2.63,2.635,24417,2021-07-06 19:21:00,OGI
2.635,2.635,2.635,2.635,1300,2021-07-06 19:22:00,OGI
2.63,2.635,2.63,2.635,400,2021-07-06 19:23:00,OGI
2.635,2.635,2.63,2.63,13250,2021-07-06 19:24:00,OGI
2.63,2.63,2.62,2.6262,77207,2021-07-06 19:25:00,OGI
2.6231,2.63,2.6231,2.625,2615,2021-07-06 19:26:00,OGI
2.62,2.625,2.62,2.625,200,2021-07-06 19:27:00,OGI
2.623,2.63,2.62,2.625,43298,2021-07-06 19:28:00,OGI
2.6267,2.6267,2.621,2.621,2117,2021-07-06 19:29:00,OGI
2.625,2.63,2.6201,2.625,4200,2021-07-06 19:30:00,OGI
2.625,2.63,2.625,2.625,24288,2021-07-06 19:31:00,OGI
2.625,2.6265,2.62,2.625,3509,2021-07-06 19:32:00,OGI
2.6261,2.63,2.6238,2.63,1778,2021-07-06 19:33:00,OGI
2.63,2.63,2.62,2.625,1813,2021-07-06 19:34:00,OGI
2.625,2.63,2.6201,2.625,55353,2021-07-06 19:35:00,OGI
2.627,2.627,2.6235,2.625,2100,2021-07-06 19:36:00,OGI
2.625,2.625,2.6229,2.625,1700,2021-07-06 19:37:00,OGI
2.63,2.63,2.625,2.63,7800,2021-07-06 19:38:00,OGI
2.621,2.63,2.62,2.63,8535,2021-07-06 19:39:00,OGI
2.625,2.63,2.6201,2.63,13070,2021-07-06 19:40:00,OGI
2.63,2.63,2.6236,2.63,2300,2021-07-06 19:41:00,OGI
2.63,2.64,2.625,2.64,96975,2021-07-06 19:42:00,OGI
2.64,2.64,2.635,2.64,879,2021-07-06 19:43:00,OGI
2.6379,2.64,2.63,2.64,7400,2021-07-06 19:44:00,OGI
2.635,2.64,2.635,2.635,2642,2021-07-06 19:45:00,OGI
2.635,2.6379,2.63,2.6336,26765,2021-07-06 19:46:00,OGI
2.634,2.6363,2.63,2.635,3000,2021-07-06 19:47:00,OGI
2.6331,2.64,2.63,2.6325,5308,2021-07-06 19:48:00,OGI
2.64,2.64,2.635,2.64,68690,2021-07-06 19:49:00,OGI
2.64,2.64,2.6336,2.635,4264,2021-07-06 19:50:00,OGI
2.64,2.64,2.6336,2.635,1300,2021-07-06 19:51:00,OGI
2.64,2.64,2.64,2.64,900,2021-07-06 19:52:00,OGI
2.64,2.64,2.6309,2.64,26768,2021-07-06 19:53:00,OGI
2.64,2.64,2.6301,2.64,13511,2021-07-06 19:54:00,OGI
2.64,2.64,2.635,2.6371,8400,2021-07-06 19:55:00,OGI
2.64,2.64,2.635,2.636,6400,2021-07-06 19:56:00,OGI
2.636,2.64,2.635,2.64,3881,2021-07-06 19:57:00,OGI
2.635,2.64,2.635,2.635,4433,2021-07-06 19:58:00,OGI
2.635,2.65,2.635,2.65,54934,2021-07-06 19:59:00,OGI
2.63,2.63,2.63,2.63,23960,2021-07-06 20:00:00,OGI
2.63,2.63,2.63,2.63,100,2021-07-06 20:01:00,OGI
2.63,2.63,2.63,2.63,500,2021-07-06 20:02:00,OGI
2.6499,2.6499,2.6499,2.6499,210,2021-07-06 20:05:00,OGI
2.65,2.65,2.65,2.65,200,2021-07-06 20:07:00,OGI
2.65,2.65,2.65,2.65,650,2021-07-06 20:15:00,OGI
2.65,2.65,2.65,2.65,5450,2021-07-06 20:16:00,OGI
2.65,2.65,2.65,2.65,5000,2021-07-06 20:17:00,OGI
2.65,2.65,2.65,2.65,20000,2021-07-06 20:33:00,OGI
2.65,2.65,2.65,2.65,1500,2021-07-06 20:49:00,OGI
2.65,2.65,2.65,2.65,5000,2021-07-06 20:50:00,OGI
2.63,2.63,2.63,2.63,68828,2021-07-06 21:06:00,OGI
2.65,2.65,2.65,2.65,123,2021-07-06 21:11:00,OGI
2.66,2.66,2.66,2.66,100,2021-07-06 21:12:00,OGI
2.66,2.66,2.66,2.66,1000,2021-07-06 21:26:00,OGI
2.65,2.65,2.65,2.65,100,2021-07-06 21:32:00,OGI
2.66,2.66,2.66,2.66,500,2021-07-06 21:34:00,OGI
2.65,2.65,2.65,2.65,399,2021-07-06 21:46:00,OGI
2.65,2.65,2.65,2.65,500,2021-07-06 21:52:00,OGI
2.66,2.66,2.66,2.66,490,2021-07-06 21:59:00,OGI
2.65,2.65,2.65,2.65,900,2021-07-06 22:26:00,OGI
2.64,2.64,2.64,2.64,551,2021-07-06 23:02:00,OGI
2.65,2.65,2.65,2.65,500,2021-07-06 23:55:00,OGI
2.64,2.64,2.64,2.64,160,2021-07-07 11:18:00,OGI
2.65,2.65,2.65,2.65,100,2021-07-07 11:47:00,OGI
2.66,2.66,2.66,2.66,200,2021-07-07 11:49:00,OGI
2.67,2.67,2.67,2.67,684,2021-07-07 11:50:00,OGI
2.67,2.67,2.67,2.67,100,2021-07-07 12:10:00,OGI
2.66,2.67,2.66,2.66,450,2021-07-07 12:12:00,OGI
2.6501,2.6501,2.65,2.65,9509,2021-07-07 12:21:00,OGI
2.67,2.67,2.67,2.67,100,2021-07-07 12:34:00,OGI
2.65,2.65,2.65,2.65,400,2021-07-07 12:46:00,OGI
2.65,2.65,2.65,2.65,100,2021-07-07 12:56:00,OGI
2.67,2.67,2.6599,2.6599,737,2021-07-07 12:58:00,OGI
2.64,2.64,2.64,2.64,131,2021-07-07 13:00:00,OGI
2.64,2.64,2.64,2.64,200,2021-07-07 13:04:00,OGI
2.67,2.67,2.67,2.67,100,2021-07-07 13:21:00,OGI
2.64,2.64,2.63,2.63,4970,2021-07-07 13:25:00,OGI
2.64,2.64,2.63,2.63,2500,2021-07-07 13:27:00,OGI
2.63,2.63,2.62,2.63,2983,2021-07-07 13:29:00,OGI
2.6325,2.64,2.61,2.6386,55523,2021-07-07 13:30:00,OGI
2.64,2.65,2.63,2.64,22667,2021-07-07 13:31:00,OGI
2.6482,2.6698,2.645,2.6698,17100,2021-07-07 13:32:00,OGI
2.665,2.665,2.661,2.661,3300,2021-07-07 13:33:00,OGI
2.67,2.67,2.6515,2.657,22119,2021-07-07 13:34:00,OGI
2.6587,2.6587,2.645,2.6528,23148,2021-07-07 13:35:00,OGI
2.655,2.655,2.6416,2.6478,13073,2021-07-07 13:36:00,OGI
2.65,2.65,2.645,2.645,18468,2021-07-07 13:37:00,OGI
2.64,2.64,2.63,2.6301,11775,2021-07-07 13:38:00,OGI
2.63,2.64,2.63,2.635,9562,2021-07-07 13:39:00,OGI
2.637,2.64,2.63,2.63,12560,2021-07-07 13:40:00,OGI
2.63,2.6443,2.6238,2.641,43767,2021-07-07 13:41:00,OGI
2.64,2.64,2.61,2.611,56865,2021-07-07 13:42:00,OGI
2.615,2.62,2.61,2.6134,25791,2021-07-07 13:43:00,OGI
2.61,2.62,2.595,2.615,134061,2021-07-07 13:44:00,OGI
2.615,2.62,2.61,2.6176,29741,2021-07-07 13:45:00,OGI
2.615,2.62,2.61,2.6178,17829,2021-07-07 13:46:00,OGI
2.615,2.62,2.605,2.6139,33782,2021-07-07 13:47:00,OGI
2.6172,2.62,2.6,2.6116,36095,2021-07-07 13:48:00,OGI
2.61,2.6136,2.6,2.6,39316,2021-07-07 13:49:00,OGI
2.6,2.6099,2.58,2.5969,68595,2021-07-07 13:50:00,OGI
2.599,2.6,2.58,2.58,16790,2021-07-07 13:51:00,OGI
2.585,2.599,2.5819,2.599,18905,2021-07-07 13:52:00,OGI
2.59,2.5999,2.5844,2.59,26316,2021-07-07 13:53:00,OGI
2.5964,2.609,2.59,2.595,15620,2021-07-07 13:54:00,OGI
2.59,2.5985,2.585,2.59,18209,2021-07-07 13:55:00,OGI
2.585,2.5894,2.58,2.585,3059,2021-07-07 13:56:00,OGI
2.5879,2.59,2.585,2.585,13548,2021-07-07 13:57:00,OGI
2.5801,2.585,2.575,2.5797,29710,2021-07-07 13:58:00,OGI
2.58,2.595,2.58,2.59,40973,2021-07-07 13:59:00,OGI
2.5966,2.5999,2.59,2.59,16915,2021-07-07 14:00:00,OGI
2.59,2.59,2.56,2.57,26358,2021-07-07 14:01:00,OGI
2.565,2.57,2.5601,2.57,7695,2021-07-07 14:02:00,OGI
2.565,2.565,2.55,2.5574,33836,2021-07-07 14:03:00,OGI
2.555,2.56,2.55,2.56,14559,2021-07-07 14:04:00,OGI
2.557,2.59,2.55,2.581,60687,2021-07-07 14:05:00,OGI
2.5828,2.59,2.58,2.585,42964,2021-07-07 14:06:00,OGI
2.585,2.589,2.5801,2.5801,9347,2021-07-07 14:07:00,OGI
2.585,2.6,2.58,2.5931,17778,2021-07-07 14:08:00,OGI
2.595,2.6,2.59,2.5901,47706,2021-07-07 14:09:00,OGI
2.6,2.625,2.6,2.6201,104754,2021-07-07 14:10:00,OGI
2.625,2.63,2.62,2.625,48395,2021-07-07 14:11:00,OGI
2.62,2.635,2.62,2.63,7849,2021-07-07 14:12:00,OGI
2.635,2.64,2.63,2.64,24428,2021-07-07 14:13:00,OGI
2.6361,2.65,2.63,2.6427,34559,2021-07-07 14:14:00,OGI
2.6425,2.645,2.63,2.64,64583,2021-07-07 14:15:00,OGI
2.635,2.6465,2.6326,2.645,32233,2021-07-07 14:16:00,OGI
2.645,2.65,2.64,2.6416,19900,2021-07-07 14:17:00,OGI
2.6461,2.6461,2.6336,2.64,37479,2021-07-07 14:18:00,OGI
2.63,2.63,2.625,2.6265,2300,2021-07-07 14:19:00,OGI
2.62,2.6221,2.605,2.605,35623,2021-07-07 14:20:00,OGI
2.605,2.605,2.58,2.58,48253,2021-07-07 14:21:00,OGI
2.5864,2.5981,2.5837,2.5961,10943,2021-07-07 14:22:00,OGI
2.59,2.59,2.575,2.575,33059,2021-07-07 14:23:00,OGI
2.575,2.58,2.57,2.577,53722,2021-07-07 14:24:00,OGI
2.572,2.5799,2.57,2.5771,12401,2021-07-07 14:25:00,OGI
2.57,2.57,2.56,2.565,33970,2021-07-07 14:26:00,OGI
2.565,2.5668,2.55,2.554,16031,2021-07-07 14:27:00,OGI
2.555,2.56,2.5534,2.5566,8973,2021-07-07 14:28:00,OGI
2.5566,2.56,2.55,2.5539,22458,2021-07-07 14:29:00,OGI
2.56,2.56,2.55,2.555,54578,2021-07-07 14:30:00,OGI
2.555,2.56,2.55,2.55,33025,2021-07-07 14:31:00,OGI
2.55,2.5501,2.54,2.5437,76270,2021-07-07 14:32:00,OGI
2.5413,2.55,2.53,2.5366,42487,2021-07-07 14:33:00,OGI
2.5337,2.5571,2.5335,2.54,70173,2021-07-07 14:34:00,OGI
2.5334,2.5499,2.5334,2.54,26171,2021-07-07 14:35:00,OGI
2.54,2.547,2.53,2.54,17915,2021-07-07 14:36:00,OGI
2.5399,2.5399,2.53,2.5362,6700,2021-07-07 14:37:00,OGI
2.5399,2.5399,2.53,2.53,8305,2021-07-07 14:38:00,OGI
2.537,2.537,2.53,2.5369,2576,2021-07-07 14:39:00,OGI
2.535,2.535,2.53,2.53,5250,2021-07-07 14:40:00,OGI
2.535,2.54,2.525,2.525,44888,2021-07-07 14:41:00,OGI
2.5287,2.5287,2.52,2.525,3282,2021-07-07 14:42:00,OGI
2.525,2.5299,2.5219,2.525,3649,2021-07-07 14:43:00,OGI
2.52,2.53,2.52,2.53,9775,2021-07-07 14:44:00,OGI
2.5227,2.53,2.52,2.5263,17100,2021-07-07 14:45:00,OGI
2.5299,2.55,2.5299,2.55,18787,2021-07-07 14:46:00,OGI
2.5429,2.557,2.5429,2.555,22216,2021-07-07 14:47:00,OGI
2.555,2.56,2.55,2.555,6125,2021-07-07 14:48:00,OGI
2.5599,2.56,2.55,2.55,1500,2021-07-07 14:49:00,OGI
2.5599,2.56,2.55,2.55,9790,2021-07-07 14:50:00,OGI
2.56,2.57,2.55,2.57,16735,2021-07-07 14:51:00,OGI
2.565,2.57,2.56,2.565,10568,2021-07-07 14:52:00,OGI
2.565,2.565,2.56,2.565,2100,2021-07-07 14:53:00,OGI
2.56,2.56,2.55,2.55,6776,2021-07-07 14:54:00,OGI
2.5514,2.565,2.551,2.565,32824,2021-07-07 14:55:00,OGI
2.57,2.57,2.56,2.565,5107,2021-07-07 14:56:00,OGI
2.5601,2.565,2.56,2.5631,6685,2021-07-07 14:57:00,OGI
2.56,2.57,2.56,2.57,3298,2021-07-07 14:58:00,OGI
2.565,2.575,2.56,2.56,37442,2021-07-07 14:59:00,OGI
2.56,2.56,2.55,2.555,2341,2021-07-07 15:00:00,OGI
2.5599,2.5599,2.555,2.555,3600,2021-07-07 15:01:00,OGI
2.5518,2.555,2.5518,2.555,2100,2021-07-07 15:02:00,OGI
2.55,2.565,2.55,2.565,3392,2021-07-07 15:03:00,OGI
2.565,2.5657,2.56,2.565,3662,2021-07-07 15:04:00,OGI
2.565,2.565,2.5637,2.565,3952,2021-07-07 15:05:00,OGI
2.561,2.565,2.561,2.5649,2600,2021-07-07 15:06:00,OGI
2.56,2.565,2.55,2.555,9402,2021-07-07 15:07:00,OGI
2.5589,2.5599,2.5589,2.5599,360,2021-07-07 15:08:00,OGI
2.55,2.55,2.54,2.544,31116,2021-07-07 15:09:00,OGI
2.545,2.55,2.5417,2.5464,9575,2021-07-07 15:10:00,OGI
2.55,2.555,2.542,2.555,33110,2021-07-07 15:11:00,OGI
2.5554,2.56,2.5501,2.555,5700,2021-07-07 15:12:00,OGI
2.5554,2.5668,2.5538,2.565,16087,2021-07-07 15:13:00,OGI
2.565,2.5661,2.56,2.565,4474,2021-07-07 15:14:00,OGI
2.57,2.58,2.5699,2.58,16988,2021-07-07 15:15:00,OGI
2.575,2.58,2.572,2.58,4496,2021-07-07 15:16:00,OGI
2.58,2.59,2.5779,2.585,26012,2021-07-07 15:17:00,OGI
2.585,2.59,2.5832,2.585,4691,2021-07-07 15:18:00,OGI
2.585,2.585,2.58,2.585,5300,2021-07-07 15:19:00,OGI
2.5866,2.5866,2.575,2.575,23925,2021-07-07 15:20:00,OGI
2.572,2.577,2.57,2.5715,1100,2021-07-07 15:21:00,OGI
2.575,2.575,2.57,2.5736,3540,2021-07-07 15:22:00,OGI
2.5701,2.5725,2.5701,2.5723,750,2021-07-07 15:23:00,OGI
2.5702,2.59,2.5702,2.585,28649,2021-07-07 15:24:00,OGI
2.58,2.585,2.58,2.585,11900,2021-07-07 15:25:00,OGI
2.5801,2.59,2.5801,2.59,1355,2021-07-07 15:26:00,OGI
2.58,2.59,2.58,2.5888,23153,2021-07-07 15:27:00,OGI
2.5801,2.59,2.5801,2.59,2300,2021-07-07 15:28:00,OGI
2.5815,2.59,2.5815,2.59,26668,2021-07-07 15:29:00,OGI
2.585,2.59,2.58,2.5878,6610,2021-07-07 15:30:00,OGI
2.5831,2.585,2.58,2.58,24667,2021-07-07 15:31:00,OGI
2.58,2.5809,2.58,2.5802,3000,2021-07-07 15:32:00,OGI
2.58,2.5814,2.58,2.5806,1318,2021-07-07 15:33:00,OGI
2.585,2.5899,2.585,2.585,510,2021-07-07 15:34:00,OGI
2.589,2.6,2.585,2.5936,18004,2021-07-07 15:35:00,OGI
2.6,2.6,2.595,2.595,4461,2021-07-07 15:36:00,OGI
2.595,2.61,2.595,2.61,23255,2021-07-07 15:37:00,OGI
2.604,2.61,2.6,2.6033,6310,2021-07-07 15:38:00,OGI
2.601,2.605,2.6001,2.605,8100,2021-07-07 15:39:00,OGI
2.605,2.61,2.6,2.6,22675,2021-07-07 15:40:00,OGI
2.595,2.599,2.593,2.5968,1686,2021-07-07 15:41:00,OGI
2.6,2.607,2.59,2.6001,9327,2021-07-07 15:42:00,OGI
2.605,2.61,2.6001,2.601,1090,2021-07-07 15:43:00,OGI
2.6036,2.61,2.6001,2.6041,5600,2021-07-07 15:44:00,OGI
2.6067,2.61,2.6,2.6018,9500,2021-07-07 15:45:00,OGI
2.605,2.605,2.6,2.6025,3300,2021-07-07 15:46:00,OGI
2.6,2.609,2.6,2.605,1851,2021-07-07 15:47:00,OGI
2.609,2.609,2.6,2.605,2912,2021-07-07 15:48:00,OGI
2.6024,2.61,2.6,2.61,1696,2021-07-07 15:49:00,OGI
2.61,2.62,2.6082,2.61,9306,2021-07-07 15:50:00,OGI
2.62,2.62,2.6127,2.6127,1200,2021-07-07 15:51:00,OGI
2.62,2.63,2.6188,2.622,21172,2021-07-07 15:52:00,OGI
2.62,2.63,2.6,2.605,84118,2021-07-07 15:53:00,OGI
2.6001,2.605,2.59,2.595,10362,2021-07-07 15:54:00,OGI
2.6,2.6,2.5901,2.595,6989,2021-07-07 15:55:00,OGI
2.595,2.595,2.59,2.595,8700,2021-07-07 15:56:00,OGI
2.5962,2.5999,2.59,2.5999,1600,2021-07-07 15:57:00,OGI
2.595,2.5971,2.59,2.5971,2775,2021-07-07 15:59:00,OGI
2.59,2.59,2.5824,2.583,5835,2021-07-07 16:00:00,OGI
2.59,2.6,2.59,2.5936,3050,2021-07-07 16:01:00,OGI
2.59,2.595,2.59,2.595,304,2021-07-07 16:02:00,OGI
2.595,2.595,2.59,2.5942,1248,2021-07-07 16:03:00,OGI
2.595,2.595,2.59,2.595,1200,2021-07-07 16:04:00,OGI
2.59,2.5999,2.59,2.5999,2458,2021-07-07 16:05:00,OGI
2.59,2.595,2.59,2.595,1939,2021-07-07 16:07:00,OGI
2.595,2.595,2.5901,2.594,1600,2021-07-07 16:08:00,OGI
2.6,2.6,2.59,2.59,400,2021-07-07 16:09:00,OGI
2.5989,2.5989,2.59,2.59,4588,2021-07-07 16:10:00,OGI
2.599,2.599,2.595,2.595,293,2021-07-07 16:11:00,OGI
2.59,2.6,2.59,2.6,2200,2021-07-07 16:12:00,OGI
2.6,2.6,2.5963,2.5999,5604,2021-07-07 16:13:00,OGI
2.595,2.6,2.595,2.5984,3972,2021-07-07 16:14:00,OGI
2.5986,2.6,2.59,2.5928,3608,2021-07-07 16:15:00,OGI
2.595,2.595,2.59,2.59,16275,2021-07-07 16:16:00,OGI
2.59,2.6,2.59,2.6,1931,2021-07-07 16:17:00,OGI
2.59,2.6,2.59,2.595,819,2021-07-07 16:18:00,OGI
2.595,2.5999,2.5929,2.595,1825,2021-07-07 16:19:00,OGI
2.595,2.61,2.593,2.61,24697,2021-07-07 16:20:00,OGI
2.61,2.61,2.61,2.61,100,2021-07-07 16:21:00,OGI
2.61,2.61,2.6,2.605,3883,2021-07-07 16:22:00,OGI
2.6012,2.6063,2.6,2.6,5832,2021-07-07 16:23:00,OGI
2.599,2.6,2.593,2.5974,1200,2021-07-07 16:24:00,OGI
2.593,2.6,2.593,2.6,1600,2021-07-07 16:25:00,OGI
2.6,2.6,2.593,2.593,3100,2021-07-07 16:26:00,OGI
2.6,2.6,2.59,2.6,565,2021-07-07 16:27:00,OGI
2.5985,2.61,2.5966,2.604,12960,2021-07-07 16:28:00,OGI
2.607,2.607,2.6064,2.6064,315,2021-07-07 16:29:00,OGI
2.6039,2.605,2.59,2.59,14794,2021-07-07 16:30:00,OGI
2.6,2.6,2.5901,2.5985,4550,2021-07-07 16:31:00,OGI
2.6,2.6,2.5938,2.5938,3280,2021-07-07 16:32:00,OGI
2.5912,2.5912,2.5912,2.5912,1000,2021-07-07 16:33:00,OGI
2.599,2.605,2.5975,2.601,5083,2021-07-07 16:34:00,OGI
2.607,2.607,2.6,2.603,1700,2021-07-07 16:35:00,OGI
2.6022,2.61,2.6022,2.605,1738,2021-07-07 16:36:00,OGI
2.6014,2.61,2.601,2.603,22163,2021-07-07 16:37:00,OGI
2.6089,2.62,2.6063,2.6107,18567,2021-07-07 16:38:00,OGI
2.615,2.615,2.6114,2.615,2566,2021-07-07 16:39:00,OGI
2.6138,2.615,2.61,2.6115,11081,2021-07-07 16:40:00,OGI
2.615,2.615,2.6117,2.6117,600,2021-07-07 16:41:00,OGI
2.615,2.615,2.615,2.615,100,2021-07-07 16:42:00,OGI
2.615,2.615,2.615,2.615,100,2021-07-07 16:43:00,OGI
2.615,2.615,2.6101,2.6101,200,2021-07-07 16:44:00,OGI
2.62,2.62,2.615,2.62,1400,2021-07-07 16:45:00,OGI
2.6189,2.62,2.615,2.62,1581,2021-07-07 16:46:00,OGI
2.62,2.62,2.61,2.617,4341,2021-07-07 16:47:00,OGI
2.615,2.62,2.61,2.615,5636,2021-07-07 16:48:00,OGI
2.6166,2.6166,2.61,2.61,2000,2021-07-07 16:49:00,OGI
2.6101,2.62,2.61,2.62,464,2021-07-07 16:50:00,OGI
2.62,2.62,2.6119,2.6119,6899,2021-07-07 16:51:00,OGI
2.6181,2.6181,2.61,2.61,1514,2021-07-07 16:52:00,OGI
2.62,2.62,2.6126,2.62,1600,2021-07-07 16:53:00,OGI
2.62,2.62,2.62,2.62,214,2021-07-07 16:54:00,OGI
2.62,2.62,2.61,2.61,1263,2021-07-07 16:55:00,OGI
2.6121,2.615,2.6119,2.615,1100,2021-07-07 16:56:00,OGI
2.61,2.61,2.6001,2.6089,20953,2021-07-07 16:57:00,OGI
2.605,2.605,2.605,2.605,1200,2021-07-07 16:58:00,OGI
2.61,2.61,2.61,2.61,200,2021-07-07 16:59:00,OGI
2.6032,2.6032,2.6032,2.6032,495,2021-07-07 17:00:00,OGI
2.61,2.61,2.6,2.6,728,2021-07-07 17:01:00,OGI
2.605,2.605,2.595,2.6,4209,2021-07-07 17:02:00,OGI
2.595,2.595,2.595,2.595,1562,2021-07-07 17:03:00,OGI
2.598,2.5996,2.595,2.595,4921,2021-07-07 17:04:00,OGI
2.5987,2.6,2.595,2.6,10400,2021-07-07 17:05:00,OGI
2.595,2.6,2.595,2.6,334,2021-07-07 17:06:00,OGI
2.6,2.6,2.593,2.6,1200,2021-07-07 17:07:00,OGI
2.5966,2.6,2.59,2.59,950,2021-07-07 17:09:00,OGI
2.6,2.6,2.59,2.5919,7712,2021-07-07 17:10:00,OGI
2.595,2.6,2.58,2.5801,17297,2021-07-07 17:11:00,OGI
2.585,2.59,2.585,2.5864,1317,2021-07-07 17:12:00,OGI
2.58,2.59,2.58,2.5874,11343,2021-07-07 17:13:00,OGI
2.5896,2.59,2.5866,2.59,4700,2021-07-07 17:14:00,OGI
2.59,2.59,2.585,2.5882,29482,2021-07-07 17:15:00,OGI
2.59,2.6,2.5878,2.5901,23324,2021-07-07 17:16:00,OGI
2.5999,2.5999,2.5929,2.5929,1420,2021-07-07 17:17:00,OGI
2.595,2.595,2.595,2.595,200,2021-07-07 17:19:00,OGI
2.6,2.6,2.595,2.6,600,2021-07-07 17:20:00,OGI
2.595,2.6,2.59,2.6,7162,2021-07-07 17:21:00,OGI
2.59,2.6,2.59,2.5964,3655,2021-07-07 17:22:00,OGI
2.595,2.6,2.59,2.5901,5837,2021-07-07 17:23:00,OGI
2.6,2.6,2.59,2.59,1566,2021-07-07 17:24:00,OGI
2.595,2.6,2.59,2.5915,2011,2021-07-07 17:25:00,OGI
2.595,2.595,2.58,2.5838,5544,2021-07-07 17:26:00,OGI
2.59,2.59,2.5801,2.59,2553,2021-07-07 17:27:00,OGI
2.585,2.59,2.585,2.585,600,2021-07-07 17:28:00,OGI
2.59,2.59,2.59,2.59,300,2021-07-07 17:29:00,OGI
2.585,2.59,2.5801,2.5801,922,2021-07-07 17:30:00,OGI
2.59,2.59,2.581,2.59,3500,2021-07-07 17:31:00,OGI
2.585,2.59,2.5839,2.585,3205,2021-07-07 17:32:00,OGI
2.5899,2.5899,2.58,2.585,8250,2021-07-07 17:33:00,OGI
2.585,2.5899,2.583,2.583,2282,2021-07-07 17:34:00,OGI
2.5814,2.59,2.5814,2.59,7554,2021-07-07 17:35:00,OGI
2.58,2.58,2.575,2.575,10988,2021-07-07 17:36:00,OGI
2.5733,2.5794,2.5733,2.5738,1877,2021-07-07 17:37:00,OGI
2.5738,2.5738,2.5738,2.5738,100,2021-07-07 17:38:00,OGI
2.5751,2.58,2.57,2.575,9128,2021-07-07 17:39:00,OGI
2.575,2.575,2.5741,2.5741,550,2021-07-07 17:40:00,OGI
2.58,2.58,2.5747,2.5747,1250,2021-07-07 17:41:00,OGI
2.575,2.58,2.575,2.5799,3370,2021-07-07 17:42:00,OGI
2.5795,2.58,2.5701,2.5701,2306,2021-07-07 17:43:00,OGI
2.5769,2.58,2.5739,2.58,950,2021-07-07 17:44:00,OGI
2.58,2.58,2.5701,2.5766,2500,2021-07-07 17:45:00,OGI
2.58,2.58,2.5775,2.5775,720,2021-07-07 17:46:00,OGI
2.58,2.58,2.5797,2.58,1400,2021-07-07 17:47:00,OGI
2.5734,2.58,2.5734,2.575,1451,2021-07-07 17:48:00,OGI
2.58,2.58,2.5632,2.5632,23235,2021-07-07 17:49:00,OGI
2.56,2.5699,2.56,2.5672,6300,2021-07-07 17:50:00,OGI
2.5639,2.5671,2.5639,2.565,1310,2021-07-07 17:51:00,OGI
2.5663,2.5663,2.565,2.565,800,2021-07-07 17:52:00,OGI
2.5664,2.5701,2.565,2.5701,8500,2021-07-07 17:53:00,OGI
2.579,2.58,2.571,2.5738,516,2021-07-07 17:54:00,OGI
2.5739,2.577,2.57,2.57,2446,2021-07-07 17:55:00,OGI
2.57,2.57,2.57,2.57,200,2021-07-07 17:56:00,OGI
2.58,2.58,2.575,2.575,1100,2021-07-07 17:57:00,OGI
2.58,2.58,2.575,2.5755,3099,2021-07-07 17:58:00,OGI
2.5791,2.58,2.573,2.573,800,2021-07-07 17:59:00,OGI
2.58,2.58,2.5721,2.58,2300,2021-07-07 18:00:00,OGI
2.575,2.5861,2.575,2.5821,5798,2021-07-07 18:01:00,OGI
2.585,2.6,2.585,2.595,15223,2021-07-07 18:02:00,OGI
2.59,2.6,2.59,2.6,1200,2021-07-07 18:03:00,OGI
2.596,2.6,2.592,2.5997,6410,2021-07-07 18:04:00,OGI
2.598,2.598,2.58,2.585,20057,2021-07-07 18:05:00,OGI
2.5801,2.5868,2.58,2.5867,905,2021-07-07 18:06:00,OGI
2.589,2.59,2.5801,2.5882,6850,2021-07-07 18:07:00,OGI
2.585,2.585,2.585,2.585,1450,2021-07-07 18:08:00,OGI
2.58,2.59,2.58,2.58,15852,2021-07-07 18:09:00,OGI
2.585,2.5872,2.57,2.5768,6203,2021-07-07 18:10:00,OGI
2.5722,2.575,2.57,2.5725,2790,2021-07-07 18:11:00,OGI
2.575,2.58,2.5722,2.5782,4100,2021-07-07 18:12:00,OGI
2.58,2.58,2.575,2.575,3000,2021-07-07 18:13:00,OGI
2.5767,2.5767,2.5717,2.575,1121,2021-07-07 18:14:00,OGI
2.58,2.58,2.58,2.58,820,2021-07-07 18:15:00,OGI
2.575,2.577,2.57,2.57,4600,2021-07-07 18:16:00,OGI
2.575,2.5769,2.575,2.5769,589,2021-07-07 18:17:00,OGI
2.575,2.59,2.575,2.59,4800,2021-07-07 18:19:00,OGI
2.5879,2.59,2.58,2.5837,4750,2021-07-07 18:20:00,OGI
2.585,2.585,2.585,2.585,365,2021-07-07 18:21:00,OGI
2.585,2.59,2.585,2.5882,1686,2021-07-07 18:22:00,OGI
2.5893,2.59,2.5893,2.59,1100,2021-07-07 18:23:00,OGI
2.5896,2.59,2.5834,2.59,3700,2021-07-07 18:24:00,OGI
2.581,2.585,2.581,2.585,1100,2021-07-07 18:25:00,OGI
2.5868,2.59,2.584,2.59,1358,2021-07-07 18:26:00,OGI
2.585,2.5891,2.5801,2.5828,5500,2021-07-07 18:27:00,OGI
2.58,2.58,2.575,2.575,4579,2021-07-07 18:28:00,OGI
2.5775,2.5775,2.57,2.57,2300,2021-07-07 18:29:00,OGI
2.57,2.57,2.57,2.57,395,2021-07-07 18:30:00,OGI
2.57,2.5714,2.56,2.57,6421,2021-07-07 18:31:00,OGI
2.5678,2.57,2.5663,2.57,22596,2021-07-07 18:32:00,OGI
2.57,2.57,2.57,2.57,399,2021-07-07 18:33:00,OGI
2.575,2.58,2.575,2.58,200,2021-07-07 18:34:00,OGI
2.571,2.575,2.57,2.575,7500,2021-07-07 18:35:00,OGI
2.58,2.58,2.5763,2.5763,282,2021-07-07 18:36:00,OGI
2.575,2.575,2.56,2.569,13991,2021-07-07 18:37:00,OGI
2.57,2.57,2.5601,2.5601,1050,2021-07-07 18:38:00,OGI
2.56,2.57,2.56,2.5602,12220,2021-07-07 18:39:00,OGI
2.563,2.565,2.56,2.565,1032,2021-07-07 18:40:00,OGI
2.565,2.5661,2.56,2.565,2503,2021-07-07 18:41:00,OGI
2.565,2.57,2.563,2.57,895,2021-07-07 18:43:00,OGI
2.5667,2.5667,2.565,2.565,1000,2021-07-07 18:44:00,OGI
2.56,2.5642,2.56,2.56,595,2021-07-07 18:45:00,OGI
2.5622,2.5622,2.5618,2.5618,636,2021-07-07 18:46:00,OGI
2.56,2.57,2.56,2.5633,7319,2021-07-07 18:47:00,OGI
2.5673,2.57,2.563,2.5676,2712,2021-07-07 18:48:00,OGI
2.5673,2.5673,2.565,2.565,200,2021-07-07 18:49:00,OGI
2.57,2.57,2.57,2.57,200,2021-07-07 18:50:00,OGI
2.5682,2.57,2.565,2.565,1516,2021-07-07 18:51:00,OGI
2.57,2.57,2.57,2.57,100,2021-07-07 18:52:00,OGI
2.5638,2.5699,2.5638,2.5699,1208,2021-07-07 18:53:00,OGI
2.5699,2.57,2.5675,2.57,900,2021-07-07 18:54:00,OGI
2.565,2.57,2.565,2.57,1342,2021-07-07 18:55:00,OGI
2.5686,2.58,2.565,2.58,19301,2021-07-07 18:56:00,OGI
2.573,2.575,2.573,2.575,1100,2021-07-07 18:57:00,OGI
2.575,2.58,2.575,2.58,774,2021-07-07 18:58:00,OGI
2.5747,2.58,2.5734,2.58,920,2021-07-07 19:00:00,OGI
2.575,2.575,2.57,2.57,2300,2021-07-07 19:01:00,OGI
2.5702,2.58,2.57,2.575,6100,2021-07-07 19:02:00,OGI
2.575,2.5797,2.575,2.5797,300,2021-07-07 19:03:00,OGI
2.5797,2.5797,2.575,2.575,600,2021-07-07 19:04:00,OGI
2.58,2.58,2.5735,2.5735,3550,2021-07-07 19:06:00,OGI
2.58,2.58,2.5768,2.5768,1870,2021-07-07 19:07:00,OGI
2.58,2.58,2.5712,2.58,1360,2021-07-07 19:08:00,OGI
2.5792,2.5792,2.5768,2.5768,1168,2021-07-07 19:09:00,OGI
2.575,2.5799,2.575,2.575,4400,2021-07-07 19:10:00,OGI
2.5777,2.58,2.575,2.575,3500,2021-07-07 19:11:00,OGI
2.575,2.587,2.57,2.5826,17407,2021-07-07 19:12:00,OGI
2.587,2.587,2.58,2.58,1100,2021-07-07 19:13:00,OGI
2.59,2.59,2.585,2.59,20990,2021-07-07 19:15:00,OGI
2.5929,2.597,2.5901,2.595,6600,2021-07-07 19:16:00,OGI
2.595,2.5992,2.595,2.5992,610,2021-07-07 19:17:00,OGI
2.5901,2.595,2.59,2.5901,1689,2021-07-07 19:18:00,OGI
2.595,2.5969,2.58,2.585,13268,2021-07-07 19:19:00,OGI
2.5807,2.5807,2.57,2.57,10798,2021-07-07 19:20:00,OGI
2.5739,2.58,2.5739,2.58,323,2021-07-07 19:21:00,OGI
2.578,2.58,2.5771,2.578,1561,2021-07-07 19:23:00,OGI
2.58,2.585,2.58,2.5801,21686,2021-07-07 19:24:00,OGI
2.5892,2.5892,2.5801,2.585,5730,2021-07-07 19:25:00,OGI
2.585,2.585,2.58,2.58,900,2021-07-07 19:26:00,OGI
2.58,2.5819,2.57,2.575,13120,2021-07-07 19:27:00,OGI
2.575,2.58,2.5731,2.58,2264,2021-07-07 19:28:00,OGI
2.575,2.575,2.575,2.575,2200,2021-07-07 19:29:00,OGI
2.578,2.578,2.575,2.575,300,2021-07-07 19:30:00,OGI
2.5779,2.5779,2.576,2.576,1750,2021-07-07 19:31:00,OGI
2.575,2.58,2.573,2.573,6367,2021-07-07 19:32:00,OGI
2.5799,2.5861,2.5799,2.5861,10670,2021-07-07 19:33:00,OGI
2.585,2.59,2.585,2.59,1330,2021-07-07 19:34:00,OGI
2.59,2.59,2.585,2.585,900,2021-07-07 19:35:00,OGI
2.59,2.59,2.5835,2.59,404,2021-07-07 19:36:00,OGI
2.59,2.59,2.585,2.59,1900,2021-07-07 19:37:00,OGI
2.59,2.59,2.58,2.585,3450,2021-07-07 19:38:00,OGI
2.59,2.5971,2.585,2.5971,29271,2021-07-07 19:39:00,OGI
2.6,2.6,2.6,2.6,100,2021-07-07 19:40:00,OGI
2.6,2.6,2.5924,2.595,1495,2021-07-07 19:41:00,OGI
2.595,2.5962,2.59,2.595,3493,2021-07-07 19:42:00,OGI
2.595,2.595,2.59,2.5926,821,2021-07-07 19:43:00,OGI
2.595,2.5999,2.59,2.59,2856,2021-07-07 19:44:00,OGI
2.6,2.6,2.5934,2.595,10430,2021-07-07 19:45:00,OGI
2.5999,2.6,2.59,2.59,1170,2021-07-07 19:46:00,OGI
2.59,2.6,2.59,2.595,3466,2021-07-07 19:47:00,OGI
2.5908,2.6,2.5908,2.595,438,2021-07-07 19:48:00,OGI
2.6,2.6,2.5999,2.5999,2200,2021-07-07 19:49:00,OGI
2.6,2.6,2.59,2.59,4600,2021-07-07 19:50:00,OGI
2.595,2.595,2.595,2.595,300,2021-07-07 19:51:00,OGI
2.595,2.6,2.595,2.6,36700,2021-07-07 19:52:00,OGI
2.6,2.6,2.595,2.595,1500,2021-07-07 19:53:00,OGI
2.595,2.6,2.5901,2.6,13407,2021-07-07 19:54:00,OGI
2.599,2.6,2.5919,2.595,8221,2021-07-07 19:55:00,OGI
2.597,2.6,2.595,2.595,1648,2021-07-07 19:56:00,OGI
2.6,2.6,2.5901,2.595,4219,2021-07-07 19:57:00,OGI
2.595,2.6,2.595,2.6,12098,2021-07-07 19:58:00,OGI
2.597,2.6,2.59,2.6,25555,2021-07-07 19:59:00,OGI
2.6,2.6,2.6,2.6,10395,2021-07-07 20:00:00,OGI
2.5999,2.6,2.5999,2.6,700,2021-07-07 20:24:00,OGI
2.6,2.6,2.6,2.6,222,2021-07-07 20:30:00,OGI
2.6,2.6,2.6,2.6,161,2021-07-07 20:31:00,OGI
2.6,2.6,2.6,2.6,200,2021-07-07 20:46:00,OGI
2.6,2.6,2.6,2.6,100,2021-07-07 21:09:00,OGI
2.6,2.6,2.6,2.6,89833,2021-07-07 21:14:00,OGI
2.5801,2.5801,2.58,2.58,2600,2021-07-07 21:22:00,OGI
2.6,2.6,2.6,2.6,800,2021-07-07 21:24:00,OGI
2.58,2.58,2.58,2.58,200,2021-07-07 21:35:00,OGI
2.6195,2.6195,2.6195,2.6195,100,2021-07-07 21:51:00,OGI
2.6,2.6,2.6,2.6,300,2021-07-07 22:30:00,OGI
2.58,2.58,2.58,2.58,139,2021-07-07 23:54:00,OGI
2.58,2.58,2.58,2.58,500,2021-07-08 08:16:00,OGI
2.58,2.58,2.58,2.58,140,2021-07-08 09:11:00,OGI
2.58,2.58,2.58,2.58,200,2021-07-08 11:02:00,OGI
2.57,2.57,2.57,2.57,100,2021-07-08 11:17:00,OGI
2.56,2.57,2.56,2.57,1982,2021-07-08 11:56:00,OGI
2.55,2.55,2.55,2.55,400,2021-07-08 12:09:00,OGI
2.53,2.53,2.53,2.53,200,2021-07-08 12:13:00,OGI
2.52,2.52,2.52,2.52,125,2021-07-08 12:18:00,OGI
2.53,2.53,2.52,2.52,596,2021-07-08 12:19:00,OGI
2.52,2.52,2.52,2.52,8704,2021-07-08 12:20:00,OGI
2.52,2.52,2.52,2.52,897,2021-07-08 12:21:00,OGI
2.5201,2.5201,2.5201,2.5201,560,2021-07-08 12:23:00,OGI
2.54,2.54,2.54,2.54,1500,2021-07-08 12:29:00,OGI
2.54,2.54,2.54,2.54,4986,2021-07-08 12:30:00,OGI
2.54,2.54,2.54,2.54,200,2021-07-08 12:35:00,OGI
2.5201,2.5201,2.5201,2.5201,100,2021-07-08 12:36:00,OGI
2.54,2.54,2.54,2.54,100,2021-07-08 12:45:00,OGI
2.52,2.52,2.52,2.52,100,2021-07-08 12:53:00,OGI
2.52,2.52,2.52,2.52,1245,2021-07-08 12:57:00,OGI
2.52,2.53,2.52,2.53,400,2021-07-08 12:58:00,OGI
2.52,2.53,2.51,2.53,3200,2021-07-08 13:03:00,OGI
2.52,2.52,2.52,2.52,126,2021-07-08 13:07:00,OGI
2.53,2.53,2.53,2.53,824,2021-07-08 13:08:00,OGI
2.5299,2.5299,2.5299,2.5299,100,2021-07-08 13:09:00,OGI
2.52,2.52,2.52,2.52,275,2021-07-08 13:12:00,OGI
2.52,2.52,2.52,2.52,657,2021-07-08 13:19:00,OGI
2.52,2.52,2.52,2.52,173,2021-07-08 13:20:00,OGI
2.53,2.53,2.53,2.53,150,2021-07-08 13:22:00,OGI
2.54,2.54,2.54,2.54,500,2021-07-08 13:23:00,OGI
2.53,2.53,2.53,2.53,1480,2021-07-08 13:26:00,OGI
2.54,2.55,2.53,2.5379,35009,2021-07-08 13:30:00,OGI
2.545,2.555,2.5412,2.55,2729,2021-07-08 13:31:00,OGI
2.5484,2.565,2.5484,2.56,9429,2021-07-08 13:32:00,OGI
2.56,2.5601,2.55,2.5595,15525,2021-07-08 13:33:00,OGI
2.56,2.57,2.555,2.5599,47874,2021-07-08 13:34:00,OGI
2.555,2.57,2.555,2.555,20205,2021-07-08 13:35:00,OGI
2.56,2.575,2.56,2.575,18706,2021-07-08 13:36:00,OGI
2.58,2.5891,2.565,2.57,34776,2021-07-08 13:37:00,OGI
2.5774,2.584,2.563,2.563,10202,2021-07-08 13:38:00,OGI
2.57,2.575,2.56,2.57,41926,2021-07-08 13:39:00,OGI
2.5728,2.5794,2.56,2.5794,38743,2021-07-08 13:40:00,OGI
2.5772,2.59,2.57,2.5724,52030,2021-07-08 13:41:00,OGI
2.57,2.5869,2.57,2.58,42470,2021-07-08 13:42:00,OGI
2.5861,2.59,2.58,2.586,3900,2021-07-08 13:43:00,OGI
2.5833,2.5899,2.58,2.58,13970,2021-07-08 13:44:00,OGI
2.582,2.59,2.57,2.57,17800,2021-07-08 13:45:00,OGI
2.57,2.57,2.555,2.56,45760,2021-07-08 13:46:00,OGI
2.5553,2.5653,2.555,2.56,12966,2021-07-08 13:47:00,OGI
2.56,2.5622,2.555,2.555,17490,2021-07-08 13:48:00,OGI
2.555,2.555,2.54,2.5424,14768,2021-07-08 13:49:00,OGI
2.54,2.57,2.54,2.57,24122,2021-07-08 13:50:00,OGI
2.5601,2.58,2.5601,2.57,14000,2021-07-08 13:51:00,OGI
2.575,2.58,2.562,2.57,14744,2021-07-08 13:52:00,OGI
2.58,2.59,2.57,2.58,13210,2021-07-08 13:53:00,OGI
2.58,2.59,2.5782,2.581,19218,2021-07-08 13:54:00,OGI
2.585,2.6,2.585,2.595,53692,2021-07-08 13:55:00,OGI
2.595,2.5972,2.5882,2.592,26330,2021-07-08 13:56:00,OGI
2.5931,2.61,2.5901,2.6,12989,2021-07-08 13:57:00,OGI
2.6,2.6117,2.59,2.6117,32150,2021-07-08 13:58:00,OGI
2.62,2.6271,2.6172,2.625,7743,2021-07-08 13:59:00,OGI
2.622,2.63,2.62,2.625,12894,2021-07-08 14:00:00,OGI
2.6266,2.6266,2.6,2.6,20683,2021-07-08 14:01:00,OGI
2.6,2.61,2.6,2.61,26186,2021-07-08 14:02:00,OGI
2.61,2.62,2.6,2.6101,10428,2021-07-08 14:03:00,OGI
2.6129,2.629,2.61,2.629,55480,2021-07-08 14:04:00,OGI
2.6263,2.63,2.62,2.621,9475,2021-07-08 14:05:00,OGI
2.625,2.6275,2.615,2.625,41906,2021-07-08 14:06:00,OGI
2.6299,2.63,2.6212,2.6278,9781,2021-07-08 14:07:00,OGI
2.6202,2.647,2.6201,2.6399,36304,2021-07-08 14:08:00,OGI
2.633,2.635,2.62,2.625,26416,2021-07-08 14:09:00,OGI
2.6286,2.65,2.6201,2.64,18019,2021-07-08 14:10:00,OGI
2.645,2.66,2.64,2.65,38634,2021-07-08 14:11:00,OGI
2.64,2.645,2.63,2.638,12906,2021-07-08 14:12:00,OGI
2.639,2.64,2.63,2.6361,11645,2021-07-08 14:13:00,OGI
2.635,2.635,2.6235,2.625,4681,2021-07-08 14:14:00,OGI
2.6262,2.63,2.61,2.615,29222,2021-07-08 14:15:00,OGI
2.62,2.637,2.6179,2.6324,46887,2021-07-08 14:16:00,OGI
2.63,2.647,2.63,2.63,13425,2021-07-08 14:17:00,OGI
2.635,2.635,2.62,2.62,7418,2021-07-08 14:18:00,OGI
2.6226,2.626,2.61,2.61,4300,2021-07-08 14:19:00,OGI
2.62,2.62,2.6001,2.61,11800,2021-07-08 14:20:00,OGI
2.6081,2.61,2.6,2.6,9359,2021-07-08 14:21:00,OGI
2.605,2.6099,2.59,2.593,27921,2021-07-08 14:22:00,OGI
2.5958,2.5958,2.58,2.595,27865,2021-07-08 14:23:00,OGI
2.5901,2.605,2.59,2.605,31678,2021-07-08 14:24:00,OGI
2.61,2.62,2.6066,2.6175,33590,2021-07-08 14:25:00,OGI
2.6197,2.627,2.6197,2.6217,14900,2021-07-08 14:26:00,OGI
2.62,2.62,2.61,2.6165,14400,2021-07-08 14:27:00,OGI
2.615,2.636,2.61,2.63,36571,2021-07-08 14:28:00,OGI
2.625,2.635,2.6239,2.635,20799,2021-07-08 14:29:00,OGI
2.6365,2.6365,2.62,2.62,7580,2021-07-08 14:30:00,OGI
2.625,2.627,2.6199,2.62,12656,2021-07-08 14:31:00,OGI
2.625,2.625,2.61,2.619,19699,2021-07-08 14:32:00,OGI
2.615,2.615,2.61,2.61,4580,2021-07-08 14:33:00,OGI
2.615,2.62,2.61,2.6131,13483,2021-07-08 14:34:00,OGI
2.615,2.6188,2.6,2.6039,19747,2021-07-08 14:35:00,OGI
2.6,2.6029,2.6,2.6,914,2021-07-08 14:36:00,OGI
2.6085,2.615,2.6,2.6,20972,2021-07-08 14:37:00,OGI
2.6001,2.617,2.6001,2.617,8513,2021-07-08 14:38:00,OGI
2.617,2.617,2.6025,2.611,15505,2021-07-08 14:39:00,OGI
2.611,2.627,2.6101,2.617,18168,2021-07-08 14:40:00,OGI
2.62,2.6293,2.61,2.6108,13360,2021-07-08 14:41:00,OGI
2.61,2.63,2.61,2.625,8796,2021-07-08 14:42:00,OGI
2.625,2.63,2.622,2.6232,4000,2021-07-08 14:43:00,OGI
2.62,2.625,2.62,2.621,6670,2021-07-08 14:44:00,OGI
2.62,2.6251,2.61,2.625,16613,2021-07-08 14:45:00,OGI
2.62,2.62,2.61,2.61,11800,2021-07-08 14:46:00,OGI
2.605,2.6074,2.6,2.6,1600,2021-07-08 14:47:00,OGI
2.6061,2.6061,2.6,2.6,6434,2021-07-08 14:48:00,OGI
2.6,2.6,2.595,2.6,2832,2021-07-08 14:49:00,OGI
2.6,2.605,2.5982,2.605,5200,2021-07-08 14:50:00,OGI
2.61,2.615,2.603,2.61,11271,2021-07-08 14:51:00,OGI
2.615,2.62,2.61,2.6122,14298,2021-07-08 14:52:00,OGI
2.6101,2.62,2.6,2.61,9000,2021-07-08 14:53:00,OGI
2.615,2.6236,2.612,2.612,13146,2021-07-08 14:54:00,OGI
2.61,2.612,2.61,2.61,919,2021-07-08 14:55:00,OGI
2.61,2.61,2.6,2.605,19706,2021-07-08 14:56:00,OGI
2.6,2.605,2.593,2.595,16750,2021-07-08 14:57:00,OGI
2.5968,2.597,2.59,2.5924,4014,2021-07-08 14:58:00,OGI
2.591,2.595,2.59,2.59,1593,2021-07-08 14:59:00,OGI
2.595,2.5979,2.59,2.59,2180,2021-07-08 15:00:00,OGI
2.595,2.5968,2.59,2.595,1190,2021-07-08 15:01:00,OGI
2.595,2.595,2.59,2.59,1871,2021-07-08 15:02:00,OGI
2.595,2.6,2.59,2.5968,6100,2021-07-08 15:03:00,OGI
2.595,2.6,2.59,2.6,6484,2021-07-08 15:04:00,OGI
2.6085,2.617,2.605,2.6135,9280,2021-07-08 15:05:00,OGI
2.615,2.625,2.6138,2.6205,3890,2021-07-08 15:06:00,OGI
2.621,2.625,2.615,2.615,13823,2021-07-08 15:07:00,OGI
2.6168,2.62,2.615,2.62,900,2021-07-08 15:08:00,OGI
2.615,2.615,2.61,2.61,568,2021-07-08 15:09:00,OGI
2.615,2.6165,2.61,2.6165,1740,2021-07-08 15:10:00,OGI
2.61,2.6117,2.6,2.6,14389,2021-07-08 15:11:00,OGI
2.6,2.6,2.6,2.6,300,2021-07-08 15:12:00,OGI
2.6,2.605,2.6,2.605,871,2021-07-08 15:13:00,OGI
2.6077,2.6077,2.6,2.6,1067,2021-07-08 15:14:00,OGI
2.6,2.6,2.59,2.59,4813,2021-07-08 15:15:00,OGI
2.59,2.595,2.59,2.595,744,2021-07-08 15:16:00,OGI
2.59,2.5999,2.59,2.5999,2139,2021-07-08 15:17:00,OGI
2.595,2.5999,2.59,2.59,15860,2021-07-08 15:18:00,OGI
2.5975,2.5975,2.595,2.595,3100,2021-07-08 15:19:00,OGI
2.59,2.595,2.59,2.595,825,2021-07-08 15:20:00,OGI
2.593,2.6,2.5914,2.5924,5200,2021-07-08 15:21:00,OGI
2.595,2.597,2.59,2.5963,4200,2021-07-08 15:22:00,OGI
2.595,2.5999,2.59,2.5926,6238,2021-07-08 15:23:00,OGI
2.59,2.5987,2.59,2.5915,1445,2021-07-08 15:24:00,OGI
2.591,2.591,2.58,2.58,15203,2021-07-08 15:25:00,OGI
2.588,2.597,2.58,2.595,14200,2021-07-08 15:26:00,OGI
2.5928,2.5971,2.59,2.5971,2625,2021-07-08 15:27:00,OGI
2.6,2.6,2.6,2.6,500,2021-07-08 15:28:00,OGI
2.595,2.5961,2.59,2.5961,5851,2021-07-08 15:29:00,OGI
2.59,2.5917,2.5801,2.5874,18321,2021-07-08 15:30:00,OGI
2.5837,2.587,2.575,2.575,34582,2021-07-08 15:31:00,OGI
2.57,2.575,2.57,2.575,1300,2021-07-08 15:32:00,OGI
2.575,2.585,2.575,2.585,36671,2021-07-08 15:33:00,OGI
2.585,2.59,2.585,2.59,6542,2021-07-08 15:34:00,OGI
2.585,2.589,2.583,2.583,2900,2021-07-08 15:35:00,OGI
2.585,2.595,2.583,2.5877,34212,2021-07-08 15:36:00,OGI
2.5866,2.595,2.58,2.5921,4243,2021-07-08 15:37:00,OGI
2.6,2.6,2.59,2.5932,2183,2021-07-08 15:38:00,OGI
2.6,2.61,2.595,2.61,20478,2021-07-08 15:39:00,OGI
2.6043,2.6061,2.6,2.6061,12415,2021-07-08 15:40:00,OGI
2.6,2.6061,2.595,2.595,5092,2021-07-08 15:41:00,OGI
2.5986,2.61,2.595,2.61,6258,2021-07-08 15:42:00,OGI
2.6,2.6061,2.6,2.6,400,2021-07-08 15:43:00,OGI
2.605,2.605,2.601,2.601,223,2021-07-08 15:44:00,OGI
2.605,2.61,2.6,2.605,16900,2021-07-08 15:45:00,OGI
2.602,2.605,2.595,2.6027,27087,2021-07-08 15:46:00,OGI
2.605,2.605,2.605,2.605,100,2021-07-08 15:47:00,OGI
2.6,2.6062,2.6,2.605,888,2021-07-08 15:48:00,OGI
2.6067,2.61,2.6,2.605,2767,2021-07-08 15:49:00,OGI
2.6059,2.615,2.6027,2.61,20543,2021-07-08 15:50:00,OGI
2.615,2.62,2.61,2.615,2650,2021-07-08 15:51:00,OGI
2.615,2.6199,2.61,2.6199,5201,2021-07-08 15:52:00,OGI
2.6161,2.62,2.615,2.615,10400,2021-07-08 15:53:00,OGI
2.615,2.627,2.615,2.6238,5646,2021-07-08 15:54:00,OGI
2.6236,2.63,2.6201,2.627,2297,2021-07-08 15:55:00,OGI
2.625,2.625,2.62,2.62,400,2021-07-08 15:56:00,OGI
2.62,2.62,2.62,2.62,878,2021-07-08 15:57:00,OGI
2.6265,2.6265,2.62,2.6214,3200,2021-07-08 15:58:00,OGI
2.63,2.63,2.623,2.623,1575,2021-07-08 15:59:00,OGI
2.63,2.63,2.621,2.6234,5294,2021-07-08 16:00:00,OGI
2.625,2.625,2.6137,2.6137,4503,2021-07-08 16:01:00,OGI
2.615,2.62,2.6135,2.6178,3185,2021-07-08 16:02:00,OGI
2.6174,2.625,2.6139,2.6234,13380,2021-07-08 16:03:00,OGI
2.625,2.625,2.625,2.625,500,2021-07-08 16:04:00,OGI
2.6263,2.635,2.62,2.635,8513,2021-07-08 16:05:00,OGI
2.635,2.637,2.62,2.62,5549,2021-07-08 16:06:00,OGI
2.625,2.627,2.62,2.622,1300,2021-07-08 16:07:00,OGI
2.62,2.6218,2.62,2.62,1861,2021-07-08 16:08:00,OGI
2.62,2.6223,2.62,2.6223,626,2021-07-08 16:09:00,OGI
2.62,2.62,2.62,2.62,200,2021-07-08 16:10:00,OGI
2.6261,2.6261,2.613,2.613,10315,2021-07-08 16:11:00,OGI
2.62,2.625,2.6198,2.625,4900,2021-07-08 16:12:00,OGI
2.6206,2.6206,2.61,2.6101,4258,2021-07-08 16:14:00,OGI
2.62,2.62,2.6101,2.6101,4300,2021-07-08 16:15:00,OGI
2.61,2.6199,2.605,2.6066,15400,2021-07-08 16:16:00,OGI
2.6091,2.61,2.6091,2.61,6200,2021-07-08 16:17:00,OGI
2.605,2.605,2.6,2.6,8834,2021-07-08 16:18:00,OGI
2.5999,2.607,2.5999,2.607,3700,2021-07-08 16:19:00,OGI
2.605,2.6071,2.6037,2.605,865,2021-07-08 16:20:00,OGI
2.61,2.61,2.6001,2.6001,1500,2021-07-08 16:21:00,OGI
2.6,2.605,2.6,2.605,1400,2021-07-08 16:22:00,OGI
2.61,2.61,2.6037,2.6063,578,2021-07-08 16:23:00,OGI
2.605,2.61,2.6,2.605,7841,2021-07-08 16:24:00,OGI
2.61,2.6161,2.6066,2.6135,16040,2021-07-08 16:25:00,OGI
2.615,2.616,2.6134,2.6136,815,2021-07-08 16:26:00,OGI
2.617,2.62,2.61,2.615,6294,2021-07-08 16:27:00,OGI
2.62,2.62,2.61,2.615,3507,2021-07-08 16:28:00,OGI
2.62,2.627,2.62,2.625,9648,2021-07-08 16:29:00,OGI
2.625,2.6261,2.6201,2.6261,452,2021-07-08 16:30:00,OGI
2.6238,2.63,2.623,2.623,2500,2021-07-08 16:31:00,OGI
2.63,2.6362,2.63,2.6316,2400,2021-07-08 16:32:00,OGI
2.6368,2.6368,2.625,2.63,7659,2021-07-08 16:33:00,OGI
2.62,2.6264,2.62,2.6264,705,2021-07-08 16:34:00,OGI
2.63,2.6399,2.6282,2.631,12200,2021-07-08 16:35:00,OGI
2.6313,2.6362,2.6313,2.6362,2592,2021-07-08 16:36:00,OGI
2.63,2.6313,2.63,2.6313,1100,2021-07-08 16:37:00,OGI
2.6389,2.64,2.63,2.635,10100,2021-07-08 16:38:00,OGI
2.631,2.635,2.63,2.635,7810,2021-07-08 16:39:00,OGI
2.6301,2.637,2.63,2.6315,4310,2021-07-08 16:40:00,OGI
2.63,2.635,2.63,2.635,300,2021-07-08 16:41:00,OGI
2.6324,2.64,2.6324,2.64,1024,2021-07-08 16:42:00,OGI
2.64,2.64,2.6399,2.6399,6604,2021-07-08 16:43:00,OGI
2.64,2.6499,2.64,2.6472,1970,2021-07-08 16:44:00,OGI
2.645,2.645,2.6444,2.645,926,2021-07-08 16:45:00,OGI
2.6492,2.6492,2.6417,2.6417,45826,2021-07-08 16:46:00,OGI
2.64,2.6418,2.63,2.635,47051,2021-07-08 16:47:00,OGI
2.63,2.6354,2.63,2.6329,1594,2021-07-08 16:48:00,OGI
2.6367,2.6367,2.63,2.63,4479,2021-07-08 16:50:00,OGI
2.6322,2.6323,2.63,2.63,900,2021-07-08 16:51:00,OGI
2.63,2.63,2.62,2.6201,7148,2021-07-08 16:52:00,OGI
2.6298,2.63,2.6236,2.63,3886,2021-07-08 16:53:00,OGI
2.6285,2.63,2.62,2.6201,4450,2021-07-08 16:54:00,OGI
2.625,2.6261,2.62,2.6261,600,2021-07-08 16:55:00,OGI
2.625,2.64,2.625,2.64,58193,2021-07-08 16:58:00,OGI
2.6385,2.65,2.6385,2.6438,8526,2021-07-08 16:59:00,OGI
2.65,2.65,2.6401,2.644,1200,2021-07-08 17:00:00,OGI
2.644,2.6476,2.644,2.645,797,2021-07-08 17:01:00,OGI
2.6476,2.6476,2.6401,2.6401,400,2021-07-08 17:02:00,OGI
2.6483,2.6483,2.6483,2.6483,700,2021-07-08 17:03:00,OGI
2.649,2.649,2.64,2.6439,1500,2021-07-08 17:04:00,OGI
2.645,2.649,2.645,2.6482,500,2021-07-08 17:05:00,OGI
2.645,2.66,2.645,2.6525,20841,2021-07-08 17:06:00,OGI
2.651,2.655,2.65,2.6501,1865,2021-07-08 17:07:00,OGI
2.65,2.655,2.65,2.6522,4139,2021-07-08 17:08:00,OGI
2.65,2.65,2.647,2.6479,8987,2021-07-08 17:09:00,OGI
2.6487,2.6487,2.645,2.645,3370,2021-07-08 17:10:00,OGI
2.647,2.6499,2.64,2.64,1712,2021-07-08 17:11:00,OGI
2.64,2.6463,2.6337,2.6383,12451,2021-07-08 17:12:00,OGI
2.6376,2.6376,2.6301,2.6301,1100,2021-07-08 17:13:00,OGI
2.639,2.64,2.635,2.638,4000,2021-07-08 17:14:00,OGI
2.635,2.6399,2.63,2.635,2207,2021-07-08 17:15:00,OGI
2.6385,2.639,2.6385,2.639,1172,2021-07-08 17:16:00,OGI
2.6388,2.6388,2.6388,2.6388,1987,2021-07-08 17:17:00,OGI
2.635,2.6386,2.6301,2.6386,2688,2021-07-08 17:18:00,OGI
2.6382,2.6382,2.635,2.635,907,2021-07-08 17:19:00,OGI
2.6328,2.64,2.6328,2.64,4300,2021-07-08 17:20:00,OGI
2.635,2.64,2.6336,2.64,1185,2021-07-08 17:21:00,OGI
2.6363,2.64,2.63,2.64,1955,2021-07-08 17:22:00,OGI
2.6301,2.6361,2.6301,2.6329,1508,2021-07-08 17:23:00,OGI
2.635,2.635,2.635,2.635,200,2021-07-08 17:24:00,OGI
2.635,2.635,2.6337,2.6337,272,2021-07-08 17:27:00,OGI
2.6367,2.6367,2.6324,2.6324,4317,2021-07-08 17:28:00,OGI
2.64,2.645,2.6368,2.6429,15418,2021-07-08 17:29:00,OGI
2.6433,2.645,2.6405,2.645,10900,2021-07-08 17:30:00,OGI
2.65,2.66,2.645,2.66,57058,2021-07-08 17:31:00,OGI
2.6512,2.6569,2.6512,2.6569,3407,2021-07-08 17:32:00,OGI
2.65,2.66,2.65,2.66,16400,2021-07-08 17:33:00,OGI
2.655,2.6563,2.65,2.655,4500,2021-07-08 17:35:00,OGI
2.6526,2.655,2.6526,2.655,1200,2021-07-08 17:36:00,OGI
2.65,2.655,2.65,2.65,6782,2021-07-08 17:37:00,OGI
2.655,2.66,2.65,2.65,4295,2021-07-08 17:38:00,OGI
2.6516,2.6563,2.65,2.65,2708,2021-07-08 17:39:00,OGI
2.6528,2.6564,2.65,2.6529,713,2021-07-08 17:40:00,OGI
2.6524,2.655,2.65,2.655,21380,2021-07-08 17:41:00,OGI
2.651,2.6564,2.65,2.65,588,2021-07-08 17:42:00,OGI
2.651,2.6572,2.651,2.6524,1671,2021-07-08 17:43:00,OGI
2.6564,2.6564,2.65,2.6519,4000,2021-07-08 17:44:00,OGI
2.65,2.6563,2.65,2.65,4900,2021-07-08 17:45:00,OGI
2.651,2.6531,2.651,2.651,400,2021-07-08 17:46:00,OGI
2.6524,2.6526,2.6508,2.651,700,2021-07-08 17:47:00,OGI
2.66,2.66,2.645,2.645,21177,2021-07-08 17:48:00,OGI
2.64,2.647,2.64,2.64,1700,2021-07-08 17:49:00,OGI
2.65,2.65,2.64,2.6429,3079,2021-07-08 17:50:00,OGI
2.645,2.645,2.6428,2.6428,200,2021-07-08 17:51:00,OGI
2.6462,2.6462,2.6398,2.64,8000,2021-07-08 17:52:00,OGI
2.635,2.64,2.635,2.64,2250,2021-07-08 17:53:00,OGI
2.635,2.639,2.635,2.635,3200,2021-07-08 17:54:00,OGI
2.6342,2.6377,2.6336,2.6377,400,2021-07-08 17:55:00,OGI
2.6301,2.64,2.63,2.64,1600,2021-07-08 17:56:00,OGI
2.635,2.635,2.63,2.63,1100,2021-07-08 17:57:00,OGI
2.635,2.64,2.635,2.635,722,2021-07-08 17:58:00,OGI
2.64,2.64,2.64,2.64,275,2021-07-08 17:59:00,OGI
2.64,2.64,2.64,2.64,100,2021-07-08 18:00:00,OGI
2.6363,2.64,2.6363,2.64,1100,2021-07-08 18:01:00,OGI
2.64,2.64,2.6335,2.64,2550,2021-07-08 18:02:00,OGI
2.6384,2.6384,2.6336,2.6336,385,2021-07-08 18:03:00,OGI
2.63,2.6381,2.63,2.6381,400,2021-07-08 18:04:00,OGI
2.6336,2.6336,2.6336,2.6336,100,2021-07-08 18:05:00,OGI
2.6336,2.64,2.63,2.6337,3189,2021-07-08 18:06:00,OGI
2.635,2.64,2.635,2.64,1410,2021-07-08 18:07:00,OGI
2.635,2.635,2.62,2.6221,118513,2021-07-08 18:08:00,OGI
2.62,2.62,2.62,2.62,309,2021-07-08 18:09:00,OGI
2.6224,2.63,2.6224,2.6299,1909,2021-07-08 18:10:00,OGI
2.6266,2.6266,2.6211,2.625,2875,2021-07-08 18:11:00,OGI
2.629,2.63,2.6263,2.6276,1500,2021-07-08 18:12:00,OGI
2.6201,2.6201,2.6201,2.6201,100,2021-07-08 18:13:00,OGI
2.621,2.6233,2.621,2.6233,200,2021-07-08 18:14:00,OGI
2.6263,2.63,2.6263,2.6274,500,2021-07-08 18:15:00,OGI
2.6275,2.635,2.6275,2.6317,46289,2021-07-08 18:16:00,OGI
2.635,2.635,2.635,2.635,100,2021-07-08 18:17:00,OGI
2.63,2.6324,2.63,2.6324,364,2021-07-08 18:18:00,OGI
2.63,2.63,2.62,2.6276,10300,2021-07-08 18:19:00,OGI
2.62,2.62,2.62,2.62,4531,2021-07-08 18:20:00,OGI
2.62,2.62,2.62,2.62,8455,2021-07-08 18:21:00,OGI
2.618,2.62,2.61,2.6141,12369,2021-07-08 18:22:00,OGI
2.61,2.615,2.61,2.615,200,2021-07-08 18:24:00,OGI
2.615,2.615,2.613,2.613,1699,2021-07-08 18:25:00,OGI
2.617,2.63,2.615,2.6241,8147,2021-07-08 18:26:00,OGI
2.6227,2.6263,2.62,2.6223,2928,2021-07-08 18:27:00,OGI
2.625,2.625,2.62,2.62,900,2021-07-08 18:28:00,OGI
2.62,2.63,2.62,2.63,900,2021-07-08 18:29:00,OGI
2.6232,2.6232,2.62,2.62,600,2021-07-08 18:30:00,OGI
2.62,2.6263,2.62,2.62,602,2021-07-08 18:31:00,OGI
2.62,2.62,2.61,2.6167,1082,2021-07-08 18:32:00,OGI
2.6199,2.6199,2.6199,2.6199,2000,2021-07-08 18:33:00,OGI
2.6172,2.62,2.613,2.62,2285,2021-07-08 18:34:00,OGI
2.619,2.62,2.6163,2.62,500,2021-07-08 18:35:00,OGI
2.615,2.617,2.61,2.61,2300,2021-07-08 18:36:00,OGI
2.61,2.6199,2.61,2.6199,4129,2021-07-08 18:37:00,OGI
2.62,2.62,2.6105,2.6169,900,2021-07-08 18:38:00,OGI
2.615,2.6237,2.615,2.6237,20300,2021-07-08 18:39:00,OGI
2.625,2.625,2.62,2.62,3500,2021-07-08 18:40:00,OGI
2.625,2.635,2.62,2.632,27570,2021-07-08 18:41:00,OGI
2.6321,2.635,2.6321,2.635,650,2021-07-08 18:42:00,OGI
2.635,2.6373,2.63,2.63,5301,2021-07-08 18:43:00,OGI
2.6318,2.6367,2.63,2.63,1910,2021-07-08 18:44:00,OGI
2.63,2.636,2.63,2.636,1600,2021-07-08 18:45:00,OGI
2.63,2.63,2.62,2.625,7400,2021-07-08 18:46:00,OGI
2.625,2.625,2.625,2.625,300,2021-07-08 18:47:00,OGI
2.625,2.625,2.625,2.625,100,2021-07-08 18:48:00,OGI
2.625,2.64,2.625,2.635,42919,2021-07-08 18:49:00,OGI
2.635,2.635,2.6304,2.635,2500,2021-07-08 18:50:00,OGI
2.635,2.635,2.634,2.635,1850,2021-07-08 18:51:00,OGI
2.64,2.64,2.64,2.64,4600,2021-07-08 18:52:00,OGI
2.635,2.635,2.63,2.6325,670,2021-07-08 18:53:00,OGI
2.63,2.6349,2.63,2.6346,600,2021-07-08 18:54:00,OGI
2.63,2.635,2.63,2.635,340,2021-07-08 18:55:00,OGI
2.635,2.635,2.635,2.635,200,2021-07-08 18:56:00,OGI
2.6358,2.64,2.6335,2.6335,2400,2021-07-08 18:57:00,OGI
2.635,2.635,2.63,2.635,375,2021-07-08 18:58:00,OGI
2.63,2.6399,2.63,2.63,5656,2021-07-08 18:59:00,OGI
2.6298,2.63,2.6298,2.63,200,2021-07-08 19:00:00,OGI
2.6298,2.63,2.625,2.625,500,2021-07-08 19:01:00,OGI
2.62,2.6269,2.62,2.6269,518,2021-07-08 19:02:00,OGI
2.62,2.62,2.62,2.62,200,2021-07-08 19:03:00,OGI
2.6227,2.6246,2.6227,2.6246,301,2021-07-08 19:04:00,OGI
2.62,2.62,2.62,2.62,2200,2021-07-08 19:05:00,OGI
2.625,2.625,2.625,2.625,650,2021-07-08 19:06:00,OGI
2.6269,2.6269,2.6269,2.6269,106,2021-07-08 19:07:00,OGI
2.6273,2.6273,2.6234,2.6234,250,2021-07-08 19:08:00,OGI
2.6232,2.6232,2.6232,2.6232,300,2021-07-08 19:09:00,OGI
2.6234,2.625,2.62,2.62,2769,2021-07-08 19:10:00,OGI
2.625,2.625,2.625,2.625,200,2021-07-08 19:11:00,OGI
2.6263,2.6263,2.6263,2.6263,100,2021-07-08 19:12:00,OGI
2.62,2.625,2.62,2.62,851,2021-07-08 19:13:00,OGI
2.62,2.62,2.61,2.61,26915,2021-07-08 19:14:00,OGI
2.61,2.6105,2.6034,2.6036,5922,2021-07-08 19:15:00,OGI
2.6,2.6057,2.6,2.6057,5852,2021-07-08 19:17:00,OGI
2.6,2.6,2.6,2.6,273,2021-07-08 19:18:00,OGI
2.6,2.61,2.6,2.605,2506,2021-07-08 19:19:00,OGI
2.605,2.61,2.6037,2.6037,1664,2021-07-08 19:20:00,OGI
2.6066,2.6066,2.605,2.605,200,2021-07-08 19:21:00,OGI
2.61,2.61,2.605,2.6071,500,2021-07-08 19:22:00,OGI
2.609,2.6099,2.605,2.605,4176,2021-07-08 19:23:00,OGI
2.605,2.605,2.6,2.6036,540,2021-07-08 19:24:00,OGI
2.6,2.6036,2.6,2.6021,2081,2021-07-08 19:25:00,OGI
2.6,2.6002,2.59,2.5937,9224,2021-07-08 19:26:00,OGI
2.595,2.595,2.595,2.595,799,2021-07-08 19:27:00,OGI
2.595,2.595,2.5938,2.595,578,2021-07-08 19:28:00,OGI
2.595,2.6,2.5932,2.6,2651,2021-07-08 19:29:00,OGI
2.595,2.63,2.593,2.63,124296,2021-07-08 19:30:00,OGI
2.6238,2.625,2.62,2.6238,1590,2021-07-08 19:31:00,OGI
2.6201,2.625,2.6201,2.625,990,2021-07-08 19:32:00,OGI
2.625,2.63,2.625,2.629,3787,2021-07-08 19:33:00,OGI
2.625,2.625,2.6232,2.625,2181,2021-07-08 19:34:00,OGI
2.6273,2.6273,2.625,2.625,300,2021-07-08 19:35:00,OGI
2.625,2.63,2.62,2.629,7660,2021-07-08 19:36:00,OGI
2.6295,2.6298,2.625,2.625,11374,2021-07-08 19:37:00,OGI
2.6282,2.6282,2.625,2.625,200,2021-07-08 19:38:00,OGI
2.625,2.625,2.625,2.625,500,2021-07-08 19:39:00,OGI
2.625,2.625,2.62,2.62,4718,2021-07-08 19:40:00,OGI
2.6299,2.6299,2.62,2.625,4870,2021-07-08 19:41:00,OGI
2.62,2.625,2.62,2.6214,1726,2021-07-08 19:42:00,OGI
2.625,2.6299,2.615,2.62,7560,2021-07-08 19:43:00,OGI
2.615,2.62,2.615,2.62,2700,2021-07-08 19:44:00,OGI
2.62,2.62,2.615,2.615,3606,2021-07-08 19:45:00,OGI
2.615,2.615,2.615,2.615,100,2021-07-08 19:46:00,OGI
2.615,2.62,2.615,2.615,2884,2021-07-08 19:47:00,OGI
2.615,2.62,2.615,2.6176,568,2021-07-08 19:48:00,OGI
2.615,2.62,2.6101,2.62,42443,2021-07-08 19:49:00,OGI
2.62,2.62,2.61,2.615,2850,2021-07-08 19:50:00,OGI
2.6177,2.62,2.6101,2.6101,839,2021-07-08 19:51:00,OGI
2.615,2.63,2.615,2.625,12161,2021-07-08 19:52:00,OGI
2.625,2.63,2.623,2.63,1900,2021-07-08 19:53:00,OGI
2.63,2.63,2.62,2.62,9451,2021-07-08 19:54:00,OGI
2.625,2.63,2.62,2.63,3130,2021-07-08 19:55:00,OGI
2.63,2.63,2.625,2.63,4300,2021-07-08 19:56:00,OGI
2.625,2.63,2.625,2.63,7300,2021-07-08 19:57:00,OGI
2.63,2.63,2.62,2.62,4927,2021-07-08 19:58:00,OGI
2.625,2.63,2.62,2.63,14391,2021-07-08 19:59:00,OGI
2.63,2.63,2.63,2.63,8920,2021-07-08 20:00:00,OGI
2.6599,2.66,2.6599,2.66,3100,2021-07-08 20:02:00,OGI
2.6486,2.6496,2.6486,2.6496,460,2021-07-08 20:06:00,OGI
2.6499,2.6499,2.6499,2.6499,1200,2021-07-08 20:07:00,OGI
2.63,2.63,2.63,2.63,150,2021-07-08 20:39:00,OGI
2.63,2.63,2.63,2.63,111,2021-07-08 20:44:00,OGI
2.63,2.63,2.63,2.63,250,2021-07-08 20:51:00,OGI
2.63,2.63,2.63,2.63,650,2021-07-08 20:53:00,OGI
2.63,2.63,2.63,2.63,4850,2021-07-08 21:20:00,OGI
2.629,2.629,2.629,2.629,103,2021-07-08 21:49:00,OGI
2.59,2.59,2.59,2.59,100,2021-07-08 23:09:00,OGI
2.59,2.59,2.59,2.59,299,2021-07-08 23:16:00,OGI
2.63,2.63,2.63,2.63,3500,2021-07-08 23:53:00,OGI
2.63,2.63,2.63,2.63,1000,2021-07-08 23:55:00,OGI
2.63,2.63,2.63,2.63,100,2021-07-09 09:33:00,OGI
2.66,2.66,2.66,2.66,145,2021-07-09 10:04:00,OGI
2.65,2.65,2.65,2.65,2710,2021-07-09 10:48:00,OGI
2.66,2.66,2.66,2.66,100,2021-07-09 11:22:00,OGI
2.66,2.66,2.66,2.66,857,2021-07-09 11:29:00,OGI
2.66,2.66,2.66,2.66,300,2021-07-09 12:22:00,OGI
2.68,2.68,2.68,2.68,460,2021-07-09 12:34:00,OGI
2.67,2.67,2.67,2.67,200,2021-07-09 12:48:00,OGI
2.67,2.67,2.67,2.67,100,2021-07-09 12:55:00,OGI
2.67,2.67,2.67,2.67,100,2021-07-09 12:57:00,OGI
2.67,2.67,2.67,2.67,400,2021-07-09 12:58:00,OGI
2.68,2.68,2.68,2.68,2000,2021-07-09 13:05:00,OGI
2.66,2.66,2.66,2.66,1792,2021-07-09 13:17:00,OGI
2.65,2.65,2.65,2.65,10000,2021-07-09 13:18:00,OGI
2.6699,2.6699,2.6699,2.6699,500,2021-07-09 13:26:00,OGI
2.65,2.65,2.64,2.64,21680,2021-07-09 13:30:00,OGI
2.64,2.6578,2.62,2.655,37129,2021-07-09 13:31:00,OGI
2.6521,2.6699,2.65,2.665,16098,2021-07-09 13:32:00,OGI
2.665,2.67,2.66,2.665,10155,2021-07-09 13:33:00,OGI
2.6699,2.6699,2.66,2.66,11658,2021-07-09 13:34:00,OGI
2.66,2.66,2.64,2.645,8524,2021-07-09 13:35:00,OGI
2.6401,2.645,2.6216,2.6216,12043,2021-07-09 13:36:00,OGI
2.6212,2.6299,2.615,2.615,37663,2021-07-09 13:37:00,OGI
2.61,2.632,2.61,2.63,58560,2021-07-09 13:38:00,OGI
2.63,2.64,2.6282,2.63,25054,2021-07-09 13:39:00,OGI
2.6321,2.6321,2.6,2.615,18050,2021-07-09 13:40:00,OGI
2.62,2.63,2.6113,2.6113,20968,2021-07-09 13:41:00,OGI
2.619,2.6294,2.61,2.61,27213,2021-07-09 13:42:00,OGI
2.6179,2.6179,2.61,2.615,4950,2021-07-09 13:43:00,OGI
2.615,2.63,2.61,2.63,22552,2021-07-09 13:44:00,OGI
2.63,2.63,2.6,2.6,25677,2021-07-09 13:45:00,OGI
2.6016,2.605,2.59,2.5987,13129,2021-07-09 13:46:00,OGI
2.5999,2.6,2.58,2.595,51457,2021-07-09 13:47:00,OGI
2.59,2.6,2.5801,2.5899,28691,2021-07-09 13:48:00,OGI
2.5858,2.595,2.58,2.589,26886,2021-07-09 13:49:00,OGI
2.5882,2.595,2.58,2.58,21853,2021-07-09 13:50:00,OGI
2.5868,2.595,2.585,2.595,8042,2021-07-09 13:51:00,OGI
2.5913,2.5985,2.57,2.5777,83503,2021-07-09 13:52:00,OGI
2.575,2.6,2.575,2.6,27822,2021-07-09 13:53:00,OGI
2.5999,2.61,2.59,2.6,28551,2021-07-09 13:54:00,OGI
2.5986,2.6099,2.59,2.602,18812,2021-07-09 13:55:00,OGI
2.603,2.603,2.59,2.6,2800,2021-07-09 13:56:00,OGI
2.6,2.61,2.595,2.608,15752,2021-07-09 13:57:00,OGI
2.61,2.619,2.61,2.616,12315,2021-07-09 13:58:00,OGI
2.615,2.615,2.6,2.6099,24800,2021-07-09 13:59:00,OGI
2.6037,2.61,2.59,2.5963,20091,2021-07-09 14:00:00,OGI
2.5968,2.5999,2.58,2.58,9423,2021-07-09 14:01:00,OGI
2.58,2.59,2.58,2.5883,33791,2021-07-09 14:02:00,OGI
2.585,2.5899,2.5813,2.585,2523,2021-07-09 14:03:00,OGI
2.585,2.59,2.5822,2.5893,24360,2021-07-09 14:04:00,OGI
2.5879,2.59,2.581,2.59,14553,2021-07-09 14:05:00,OGI
2.5839,2.5899,2.57,2.5839,27944,2021-07-09 14:06:00,OGI
2.585,2.6,2.5809,2.6,31028,2021-07-09 14:07:00,OGI
2.59,2.5901,2.58,2.58,30222,2021-07-09 14:08:00,OGI
2.5897,2.5897,2.58,2.58,11250,2021-07-09 14:09:00,OGI
2.585,2.6,2.58,2.59,31187,2021-07-09 14:10:00,OGI
2.5997,2.6,2.59,2.59,18585,2021-07-09 14:11:00,OGI
2.5899,2.59,2.58,2.58,8658,2021-07-09 14:12:00,OGI
2.5899,2.5899,2.57,2.5777,76844,2021-07-09 14:13:00,OGI
2.5758,2.59,2.5758,2.585,20629,2021-07-09 14:14:00,OGI
2.582,2.59,2.58,2.585,6254,2021-07-09 14:15:00,OGI
2.585,2.585,2.5737,2.5737,16945,2021-07-09 14:16:00,OGI
2.5799,2.58,2.56,2.5616,33009,2021-07-09 14:17:00,OGI
2.5633,2.57,2.56,2.57,16216,2021-07-09 14:18:00,OGI
2.57,2.58,2.57,2.575,15869,2021-07-09 14:19:00,OGI
2.575,2.577,2.56,2.565,25064,2021-07-09 14:20:00,OGI
2.5685,2.5899,2.565,2.579,43731,2021-07-09 14:21:00,OGI
2.58,2.59,2.57,2.59,13957,2021-07-09 14:22:00,OGI
2.585,2.59,2.5835,2.585,2096,2021-07-09 14:23:00,OGI
2.588,2.588,2.5701,2.5774,54813,2021-07-09 14:24:00,OGI
2.5799,2.585,2.5716,2.585,14108,2021-07-09 14:25:00,OGI
2.585,2.5895,2.5801,2.582,12936,2021-07-09 14:26:00,OGI
2.585,2.5899,2.575,2.58,15683,2021-07-09 14:27:00,OGI
2.58,2.58,2.57,2.575,18735,2021-07-09 14:28:00,OGI
2.5799,2.58,2.57,2.573,8650,2021-07-09 14:29:00,OGI
2.5773,2.587,2.5765,2.584,12401,2021-07-09 14:30:00,OGI
2.58,2.585,2.5736,2.5765,11670,2021-07-09 14:31:00,OGI
2.575,2.58,2.57,2.58,3417,2021-07-09 14:32:00,OGI
2.5786,2.585,2.5701,2.585,21028,2021-07-09 14:33:00,OGI
2.5801,2.59,2.58,2.58,7887,2021-07-09 14:34:00,OGI
2.5778,2.58,2.57,2.5769,9942,2021-07-09 14:35:00,OGI
2.58,2.58,2.58,2.58,100,2021-07-09 14:36:00,OGI
2.58,2.585,2.58,2.585,11363,2021-07-09 14:37:00,OGI
2.585,2.5999,2.585,2.5901,25691,2021-07-09 14:38:00,OGI
2.6,2.6,2.59,2.595,19454,2021-07-09 14:39:00,OGI
2.6,2.6,2.59,2.5967,13697,2021-07-09 14:40:00,OGI
2.595,2.6,2.59,2.595,2950,2021-07-09 14:41:00,OGI
2.5917,2.61,2.59,2.61,35548,2021-07-09 14:42:00,OGI
2.6039,2.61,2.595,2.595,48109,2021-07-09 14:43:00,OGI
2.6,2.6,2.59,2.5961,4400,2021-07-09 14:44:00,OGI
2.5959,2.6,2.59,2.595,14200,2021-07-09 14:45:00,OGI
2.59,2.5925,2.57,2.5784,77140,2021-07-09 14:46:00,OGI
2.58,2.5842,2.576,2.58,19428,2021-07-09 14:47:00,OGI
2.585,2.585,2.58,2.58,350,2021-07-09 14:48:00,OGI
2.586,2.5881,2.585,2.5881,1304,2021-07-09 14:49:00,OGI
2.59,2.59,2.5882,2.5898,2476,2021-07-09 14:50:00,OGI
2.59,2.59,2.585,2.59,5100,2021-07-09 14:51:00,OGI
2.5801,2.59,2.5738,2.575,22174,2021-07-09 14:52:00,OGI
2.5799,2.5799,2.5735,2.5775,2467,2021-07-09 14:53:00,OGI
2.5763,2.58,2.575,2.575,4150,2021-07-09 14:54:00,OGI
2.58,2.58,2.575,2.575,4575,2021-07-09 14:55:00,OGI
2.575,2.58,2.57,2.5738,12350,2021-07-09 14:56:00,OGI
2.58,2.59,2.57,2.5836,14755,2021-07-09 14:57:00,OGI
2.587,2.587,2.572,2.575,11400,2021-07-09 14:58:00,OGI
2.58,2.58,2.575,2.5786,2895,2021-07-09 14:59:00,OGI
2.5784,2.59,2.5731,2.5836,27034,2021-07-09 15:00:00,OGI
2.5814,2.59,2.5814,2.585,6340,2021-07-09 15:01:00,OGI
2.5832,2.5899,2.58,2.581,11515,2021-07-09 15:02:00,OGI
2.581,2.5861,2.581,2.5861,3154,2021-07-09 15:03:00,OGI
2.5862,2.5862,2.57,2.57,2490,2021-07-09 15:04:00,OGI
2.58,2.5864,2.5766,2.5864,17519,2021-07-09 15:05:00,OGI
2.585,2.5865,2.572,2.572,17319,2021-07-09 15:06:00,OGI
2.575,2.58,2.57,2.5785,7364,2021-07-09 15:07:00,OGI
2.59,2.59,2.58,2.58,2119,2021-07-09 15:08:00,OGI
2.5873,2.5873,2.58,2.5826,3876,2021-07-09 15:09:00,OGI
2.585,2.5865,2.58,2.5865,459,2021-07-09 15:10:00,OGI
2.585,2.59,2.58,2.59,21519,2021-07-09 15:11:00,OGI
2.6,2.6,2.59,2.595,11150,2021-07-09 15:12:00,OGI
2.595,2.595,2.595,2.595,200,2021-07-09 15:13:00,OGI
2.5961,2.5961,2.595,2.595,1787,2021-07-09 15:14:00,OGI
2.59,2.5999,2.59,2.595,5699,2021-07-09 15:15:00,OGI
2.5901,2.5971,2.5901,2.595,3685,2021-07-09 15:16:00,OGI
2.6,2.6,2.595,2.595,900,2021-07-09 15:17:00,OGI
2.591,2.591,2.5882,2.5882,2695,2021-07-09 15:18:00,OGI
2.589,2.6,2.5863,2.591,7770,2021-07-09 15:19:00,OGI
2.591,2.6,2.591,2.5933,752,2021-07-09 15:20:00,OGI
2.5921,2.595,2.59,2.595,5000,2021-07-09 15:21:00,OGI
2.59,2.6,2.59,2.595,3112,2021-07-09 15:22:00,OGI
2.595,2.595,2.59,2.5928,566,2021-07-09 15:23:00,OGI
2.59,2.5963,2.59,2.595,755,2021-07-09 15:24:00,OGI
2.595,2.595,2.595,2.595,700,2021-07-09 15:25:00,OGI
2.595,2.6,2.59,2.595,921,2021-07-09 15:26:00,OGI
2.6,2.6,2.59,2.59,4445,2021-07-09 15:27:00,OGI
2.59,2.59,2.59,2.59,200,2021-07-09 15:28:00,OGI
2.595,2.595,2.5901,2.5901,1300,2021-07-09 15:29:00,OGI
2.5999,2.5999,2.593,2.595,1900,2021-07-09 15:30:00,OGI
2.595,2.595,2.59,2.59,700,2021-07-09 15:31:00,OGI
2.595,2.5963,2.59,2.595,500,2021-07-09 15:33:00,OGI
2.59,2.595,2.59,2.595,6800,2021-07-09 15:34:00,OGI
2.59,2.59,2.59,2.59,400,2021-07-09 15:35:00,OGI
2.5922,2.5999,2.59,2.595,3478,2021-07-09 15:36:00,OGI
2.59,2.5904,2.59,2.5904,1300,2021-07-09 15:37:00,OGI
2.5999,2.5999,2.59,2.59,3525,2021-07-09 15:38:00,OGI
2.59,2.595,2.59,2.59,1880,2021-07-09 15:39:00,OGI
2.59,2.5999,2.59,2.5939,3550,2021-07-09 15:40:00,OGI
2.5929,2.595,2.5929,2.595,225,2021-07-09 15:41:00,OGI
2.595,2.6,2.595,2.595,3055,2021-07-09 15:42:00,OGI
2.5934,2.5962,2.59,2.5923,1521,2021-07-09 15:43:00,OGI
2.5962,2.6,2.59,2.595,10476,2021-07-09 15:44:00,OGI
2.599,2.6,2.595,2.5999,4695,2021-07-09 15:45:00,OGI
2.593,2.5991,2.59,2.5933,7000,2021-07-09 15:46:00,OGI
2.6,2.605,2.5996,2.605,5748,2021-07-09 15:47:00,OGI
2.608,2.608,2.6021,2.605,10059,2021-07-09 15:48:00,OGI
2.607,2.61,2.6,2.61,2075,2021-07-09 15:49:00,OGI
2.61,2.617,2.6,2.61,27200,2021-07-09 15:50:00,OGI
2.6101,2.62,2.61,2.62,6825,2021-07-09 15:51:00,OGI
2.615,2.615,2.61,2.615,3055,2021-07-09 15:52:00,OGI
2.617,2.617,2.6121,2.615,2600,2021-07-09 15:53:00,OGI
2.6199,2.6199,2.6199,2.6199,100,2021-07-09 15:54:00,OGI
2.615,2.615,2.6101,2.6101,5200,2021-07-09 15:55:00,OGI
2.6128,2.6199,2.6101,2.6151,6355,2021-07-09 15:56:00,OGI
2.61,2.615,2.61,2.6117,9659,2021-07-09 15:57:00,OGI
2.615,2.615,2.615,2.615,327,2021-07-09 15:58:00,OGI
2.615,2.615,2.61,2.61,482,2021-07-09 15:59:00,OGI
2.615,2.615,2.615,2.615,600,2021-07-09 16:00:00,OGI
2.6127,2.6127,2.6127,2.6127,2900,2021-07-09 16:01:00,OGI
2.615,2.615,2.615,2.615,1000,2021-07-09 16:02:00,OGI
2.6136,2.6136,2.6136,2.6136,100,2021-07-09 16:03:00,OGI
2.61,2.613,2.61,2.613,1150,2021-07-09 16:04:00,OGI
2.611,2.6165,2.611,2.6143,8345,2021-07-09 16:05:00,OGI
2.6152,2.6199,2.6139,2.6164,3600,2021-07-09 16:06:00,OGI
2.6139,2.6139,2.6127,2.6127,3149,2021-07-09 16:08:00,OGI
2.615,2.615,2.6138,2.615,1000,2021-07-09 16:09:00,OGI
2.6171,2.62,2.6171,2.6173,717,2021-07-09 16:10:00,OGI
2.615,2.615,2.6101,2.6101,300,2021-07-09 16:11:00,OGI
2.615,2.615,2.6112,2.6112,2411,2021-07-09 16:12:00,OGI
2.61,2.6185,2.61,2.6185,659,2021-07-09 16:13:00,OGI
2.615,2.615,2.615,2.615,200,2021-07-09 16:14:00,OGI
2.61,2.615,2.61,2.6102,2702,2021-07-09 16:15:00,OGI
2.615,2.615,2.615,2.615,200,2021-07-09 16:17:00,OGI
2.62,2.62,2.615,2.6151,3595,2021-07-09 16:18:00,OGI
2.6165,2.625,2.6139,2.62,15512,2021-07-09 16:19:00,OGI
2.625,2.625,2.6201,2.625,2800,2021-07-09 16:20:00,OGI
2.62,2.62,2.62,2.62,115,2021-07-09 16:21:00,OGI
2.625,2.625,2.62,2.625,5700,2021-07-09 16:22:00,OGI
2.625,2.635,2.625,2.6333,74633,2021-07-09 16:24:00,OGI
2.6304,2.637,2.6304,2.635,4180,2021-07-09 16:25:00,OGI
2.635,2.639,2.635,2.639,3500,2021-07-09 16:26:00,OGI
2.635,2.64,2.63,2.64,12394,2021-07-09 16:27:00,OGI
2.63,2.6367,2.63,2.6367,1070,2021-07-09 16:28:00,OGI
2.63,2.63,2.63,2.63,254,2021-07-09 16:29:00,OGI
2.637,2.64,2.63,2.64,21600,2021-07-09 16:30:00,OGI
2.635,2.635,2.63,2.635,2100,2021-07-09 16:31:00,OGI
2.635,2.6384,2.635,2.6384,18100,2021-07-09 16:32:00,OGI
2.635,2.635,2.635,2.635,100,2021-07-09 16:33:00,OGI
2.64,2.645,2.6382,2.645,12641,2021-07-09 16:34:00,OGI
2.64,2.6498,2.64,2.6436,1020,2021-07-09 16:35:00,OGI
2.642,2.645,2.64,2.645,3921,2021-07-09 16:36:00,OGI
2.6463,2.6463,2.6463,2.6463,100,2021-07-09 16:37:00,OGI
2.64,2.64,2.62,2.625,98259,2021-07-09 16:38:00,OGI
2.625,2.625,2.62,2.62,1100,2021-07-09 16:40:00,OGI
2.62,2.6238,2.62,2.6238,5700,2021-07-09 16:41:00,OGI
2.625,2.625,2.625,2.625,544,2021-07-09 16:42:00,OGI
2.6239,2.625,2.6239,2.625,1514,2021-07-09 16:43:00,OGI
2.625,2.63,2.625,2.63,300,2021-07-09 16:44:00,OGI
2.63,2.63,2.6256,2.6256,2200,2021-07-09 16:45:00,OGI
2.62,2.625,2.62,2.62,1253,2021-07-09 16:46:00,OGI
2.6269,2.6269,2.6269,2.6269,500,2021-07-09 16:47:00,OGI
2.62,2.6273,2.62,2.6273,1699,2021-07-09 16:48:00,OGI
2.625,2.625,2.625,2.625,100,2021-07-09 16:49:00,OGI
2.62,2.6271,2.62,2.6271,600,2021-07-09 16:50:00,OGI
2.625,2.625,2.625,2.625,200,2021-07-09 16:51:00,OGI
2.625,2.625,2.625,2.625,200,2021-07-09 16:52:00,OGI
2.62,2.62,2.61,2.615,20956,2021-07-09 16:53:00,OGI
2.612,2.612,2.6113,2.6113,3500,2021-07-09 16:54:00,OGI
2.61,2.611,2.61,2.61,4909,2021-07-09 16:55:00,OGI
2.613,2.615,2.61,2.615,1415,2021-07-09 16:58:00,OGI
2.61,2.62,2.61,2.615,19500,2021-07-09 16:59:00,OGI
2.615,2.615,2.615,2.615,200,2021-07-09 17:00:00,OGI
2.6169,2.6169,2.6169,2.6169,100,2021-07-09 17:01:00,OGI
2.6165,2.6165,2.6165,2.6165,190,2021-07-09 17:02:00,OGI
2.615,2.615,2.61,2.61,5860,2021-07-09 17:03:00,OGI
2.6161,2.6199,2.61,2.6199,1543,2021-07-09 17:04:00,OGI
2.61,2.61,2.6,2.6001,6536,2021-07-09 17:05:00,OGI
2.605,2.605,2.605,2.605,154,2021-07-09 17:06:00,OGI
2.605,2.61,2.605,2.6076,11600,2021-07-09 17:07:00,OGI
2.6036,2.6036,2.6036,2.6036,300,2021-07-09 17:08:00,OGI
2.605,2.6069,2.605,2.6069,380,2021-07-09 17:09:00,OGI
2.605,2.61,2.605,2.605,800,2021-07-09 17:11:00,OGI
2.6092,2.61,2.6063,2.6063,2475,2021-07-09 17:12:00,OGI
2.6034,2.6079,2.6034,2.6079,1776,2021-07-09 17:13:00,OGI
2.605,2.605,2.6037,2.6037,254,2021-07-09 17:14:00,OGI
2.605,2.6078,2.603,2.603,1400,2021-07-09 17:15:00,OGI
2.605,2.61,2.6029,2.61,2545,2021-07-09 17:16:00,OGI
2.605,2.61,2.6,2.61,3200,2021-07-09 17:17:00,OGI
2.61,2.61,2.6,2.6033,3870,2021-07-09 17:18:00,OGI
2.605,2.61,2.605,2.61,684,2021-07-09 17:19:00,OGI
2.605,2.605,2.605,2.605,192,2021-07-09 17:20:00,OGI
2.6075,2.6075,2.6,2.6,803,2021-07-09 17:21:00,OGI
2.607,2.607,2.607,2.607,120,2021-07-09 17:22:00,OGI
2.605,2.61,2.605,2.61,850,2021-07-09 17:23:00,OGI
2.609,2.609,2.6001,2.605,2695,2021-07-09 17:24:00,OGI
2.605,2.61,2.6,2.6,13400,2021-07-09 17:26:00,OGI
2.61,2.61,2.6001,2.605,1750,2021-07-09 17:27:00,OGI
2.6,2.605,2.6,2.605,1667,2021-07-09 17:28:00,OGI
2.605,2.6099,2.605,2.6068,12800,2021-07-09 17:29:00,OGI
2.6075,2.609,2.6,2.6,2600,2021-07-09 17:30:00,OGI
2.6001,2.61,2.6001,2.6076,4200,2021-07-09 17:31:00,OGI
2.6073,2.6077,2.6001,2.6077,22522,2021-07-09 17:32:00,OGI
2.6001,2.61,2.6001,2.61,3359,2021-07-09 17:33:00,OGI
2.6067,2.6067,2.6067,2.6067,160,2021-07-09 17:34:00,OGI
2.605,2.61,2.59,2.595,30750,2021-07-09 17:35:00,OGI
2.595,2.6,2.59,2.59,4436,2021-07-09 17:36:00,OGI
2.593,2.6,2.59,2.5972,2779,2021-07-09 17:37:00,OGI
2.6,2.6,2.595,2.595,266,2021-07-09 17:38:00,OGI
2.6,2.6,2.59,2.59,1090,2021-07-09 17:40:00,OGI
2.5999,2.6,2.595,2.6,1650,2021-07-09 17:41:00,OGI
2.595,2.6,2.595,2.6,600,2021-07-09 17:42:00,OGI
2.6,2.6,2.595,2.6,10247,2021-07-09 17:43:00,OGI
2.6,2.6,2.59,2.591,6054,2021-07-09 17:44:00,OGI
2.595,2.595,2.59,2.59,700,2021-07-09 17:45:00,OGI
2.595,2.595,2.595,2.595,700,2021-07-09 17:46:00,OGI
2.5964,2.5999,2.59,2.5958,3100,2021-07-09 17:47:00,OGI
2.593,2.596,2.593,2.595,340,2021-07-09 17:48:00,OGI
2.5904,2.595,2.5904,2.5926,6350,2021-07-09 17:49:00,OGI
2.59,2.5977,2.58,2.5863,40389,2021-07-09 17:50:00,OGI
2.589,2.59,2.58,2.59,32478,2021-07-09 17:51:00,OGI
2.595,2.6,2.5901,2.5934,4809,2021-07-09 17:52:00,OGI
2.595,2.595,2.595,2.595,1200,2021-07-09 17:53:00,OGI
2.5945,2.595,2.593,2.595,750,2021-07-09 17:54:00,OGI
2.595,2.6,2.595,2.6,253,2021-07-09 17:55:00,OGI
2.595,2.595,2.595,2.595,100,2021-07-09 17:56:00,OGI
2.595,2.595,2.595,2.595,100,2021-07-09 17:58:00,OGI
2.5999,2.6,2.59,2.6,8888,2021-07-09 17:59:00,OGI
2.6,2.6,2.5901,2.5901,6700,2021-07-09 18:00:00,OGI
2.595,2.5982,2.595,2.5982,1100,2021-07-09 18:01:00,OGI
2.595,2.595,2.595,2.595,1000,2021-07-09 18:02:00,OGI
2.6,2.6,2.5929,2.5929,47673,2021-07-09 18:03:00,OGI
2.597,2.5999,2.59,2.59,2450,2021-07-09 18:04:00,OGI
2.595,2.6,2.5901,2.6,1456,2021-07-09 18:05:00,OGI
2.5927,2.5927,2.59,2.59,1250,2021-07-09 18:06:00,OGI
2.5901,2.595,2.5901,2.595,9700,2021-07-09 18:07:00,OGI
2.595,2.595,2.5901,2.5901,1100,2021-07-09 18:08:00,OGI
2.59,2.5983,2.59,2.595,8800,2021-07-09 18:09:00,OGI
2.6,2.6,2.595,2.595,2392,2021-07-09 18:10:00,OGI
2.5979,2.6099,2.5979,2.605,9271,2021-07-09 18:11:00,OGI
2.605,2.605,2.6,2.6022,942,2021-07-09 18:12:00,OGI
2.605,2.605,2.605,2.605,100,2021-07-09 18:13:00,OGI
2.6067,2.6067,2.6,2.6002,1900,2021-07-09 18:14:00,OGI
2.605,2.605,2.6,2.605,1490,2021-07-09 18:15:00,OGI
2.605,2.605,2.605,2.605,542,2021-07-09 18:16:00,OGI
2.6065,2.6065,2.605,2.605,712,2021-07-09 18:17:00,OGI
2.6034,2.61,2.6,2.605,2700,2021-07-09 18:18:00,OGI
2.605,2.61,2.6001,2.6001,1200,2021-07-09 18:19:00,OGI
2.6038,2.605,2.6,2.605,1600,2021-07-09 18:20:00,OGI
2.605,2.605,2.6026,2.605,2800,2021-07-09 18:22:00,OGI
2.605,2.605,2.6048,2.6048,6500,2021-07-09 18:23:00,OGI
2.605,2.605,2.6,2.605,7882,2021-07-09 18:24:00,OGI
2.6028,2.61,2.6028,2.6031,1120,2021-07-09 18:25:00,OGI
2.605,2.605,2.605,2.605,192,2021-07-09 18:26:00,OGI
2.61,2.61,2.61,2.61,100,2021-07-09 18:27:00,OGI
2.6,2.6,2.6,2.6,1883,2021-07-09 18:28:00,OGI
2.605,2.61,2.605,2.61,300,2021-07-09 18:29:00,OGI
2.6,2.6,2.6,2.6,300,2021-07-09 18:30:00,OGI
2.61,2.61,2.6,2.6,10092,2021-07-09 18:32:00,OGI
2.6024,2.6024,2.6024,2.6024,100,2021-07-09 18:33:00,OGI
2.6023,2.61,2.6023,2.605,3663,2021-07-09 18:34:00,OGI
2.6099,2.6099,2.605,2.605,600,2021-07-09 18:35:00,OGI
2.605,2.605,2.605,2.605,400,2021-07-09 18:36:00,OGI
2.6,2.62,2.6,2.618,17580,2021-07-09 18:37:00,OGI
2.6128,2.625,2.61,2.62,17500,2021-07-09 18:38:00,OGI
2.621,2.6269,2.62,2.6242,5810,2021-07-09 18:39:00,OGI
2.6264,2.627,2.62,2.621,3900,2021-07-09 18:40:00,OGI
2.6223,2.63,2.61,2.615,26455,2021-07-09 18:41:00,OGI
2.6139,2.617,2.6139,2.615,575,2021-07-09 18:42:00,OGI
2.6125,2.6173,2.6125,2.6173,1200,2021-07-09 18:43:00,OGI
2.61,2.62,2.61,2.6109,11280,2021-07-09 18:44:00,OGI
2.61,2.611,2.61,2.61,3450,2021-07-09 18:45:00,OGI
2.61,2.6199,2.61,2.6199,7700,2021-07-09 18:46:00,OGI
2.62,2.62,2.615,2.615,243,2021-07-09 18:47:00,OGI
2.615,2.615,2.615,2.615,100,2021-07-09 18:48:00,OGI
2.61,2.6101,2.61,2.6101,5120,2021-07-09 18:49:00,OGI
2.615,2.615,2.61,2.61,1356,2021-07-09 18:50:00,OGI
2.6162,2.6162,2.6162,2.6162,114,2021-07-09 18:51:00,OGI
2.615,2.615,2.61,2.61,2346,2021-07-09 18:52:00,OGI
2.6199,2.6199,2.61,2.61,300,2021-07-09 18:53:00,OGI
2.6168,2.6175,2.615,2.6175,1700,2021-07-09 18:54:00,OGI
2.61,2.6161,2.61,2.6125,1253,2021-07-09 18:55:00,OGI
2.61,2.62,2.6,2.605,9661,2021-07-09 18:56:00,OGI
2.603,2.605,2.6,2.605,1249,2021-07-09 18:57:00,OGI
2.605,2.605,2.605,2.605,637,2021-07-09 18:58:00,OGI
2.609,2.6099,2.6038,2.6038,3387,2021-07-09 18:59:00,OGI
2.6,2.609,2.6,2.6001,1650,2021-07-09 19:02:00,OGI
2.6062,2.6062,2.6062,2.6062,200,2021-07-09 19:04:00,OGI
2.6063,2.6063,2.6063,2.6063,800,2021-07-09 19:05:00,OGI
2.605,2.605,2.605,2.605,3647,2021-07-09 19:06:00,OGI
2.605,2.605,2.605,2.605,384,2021-07-09 19:07:00,OGI
2.605,2.605,2.6037,2.6037,411,2021-07-09 19:08:00,OGI
2.605,2.605,2.605,2.605,800,2021-07-09 19:09:00,OGI
2.6067,2.6067,2.6067,2.6067,500,2021-07-09 19:10:00,OGI
2.6047,2.61,2.6047,2.61,2500,2021-07-09 19:12:00,OGI
2.605,2.617,2.605,2.615,22315,2021-07-09 19:13:00,OGI
2.615,2.617,2.615,2.617,750,2021-07-09 19:14:00,OGI
2.62,2.62,2.61,2.615,2750,2021-07-09 19:15:00,OGI
2.6101,2.6101,2.6101,2.6101,200,2021-07-09 19:16:00,OGI
2.6133,2.6133,2.6133,2.6133,200,2021-07-09 19:17:00,OGI
2.615,2.615,2.61,2.615,4200,2021-07-09 19:18:00,OGI
2.62,2.62,2.6135,2.615,589,2021-07-09 19:20:00,OGI
2.615,2.62,2.6139,2.62,1000,2021-07-09 19:21:00,OGI
2.61,2.6129,2.61,2.6129,2500,2021-07-09 19:22:00,OGI
2.615,2.615,2.615,2.615,318,2021-07-09 19:24:00,OGI
2.615,2.615,2.61,2.61,784,2021-07-09 19:25:00,OGI
2.61,2.615,2.61,2.615,1132,2021-07-09 19:26:00,OGI
2.615,2.615,2.6101,2.6101,1550,2021-07-09 19:27:00,OGI
2.615,2.615,2.614,2.614,225,2021-07-09 19:28:00,OGI
2.61,2.6132,2.61,2.6132,400,2021-07-09 19:29:00,OGI
2.61,2.6101,2.61,2.6101,300,2021-07-09 19:30:00,OGI
2.615,2.615,2.615,2.615,2100,2021-07-09 19:31:00,OGI
2.62,2.62,2.61,2.61,7907,2021-07-09 19:32:00,OGI
2.6182,2.6182,2.6182,2.6182,383,2021-07-09 19:33:00,OGI
2.61,2.62,2.61,2.62,600,2021-07-09 19:34:00,OGI
2.6199,2.63,2.6163,2.6226,46457,2021-07-09 19:35:00,OGI
2.6225,2.6264,2.6225,2.6264,300,2021-07-09 19:36:00,OGI
2.62,2.62,2.62,2.62,100,2021-07-09 19:37:00,OGI
2.6266,2.6266,2.6266,2.6266,400,2021-07-09 19:38:00,OGI
2.62,2.629,2.62,2.629,8481,2021-07-09 19:39:00,OGI
2.62,2.63,2.62,2.6269,5281,2021-07-09 19:40:00,OGI
2.62,2.625,2.62,2.62,1428,2021-07-09 19:41:00,OGI
2.625,2.625,2.62,2.625,1275,2021-07-09 19:42:00,OGI
2.62,2.6294,2.62,2.625,1143,2021-07-09 19:43:00,OGI
2.6221,2.625,2.62,2.625,1930,2021-07-09 19:44:00,OGI
2.629,2.63,2.62,2.625,1518,2021-07-09 19:45:00,OGI
2.62,2.63,2.62,2.63,4533,2021-07-09 19:46:00,OGI
2.6271,2.63,2.62,2.63,54732,2021-07-09 19:47:00,OGI
2.635,2.64,2.63,2.636,11197,2021-07-09 19:48:00,OGI
2.6358,2.64,2.632,2.64,13947,2021-07-09 19:49:00,OGI
2.64,2.64,2.6301,2.6399,12096,2021-07-09 19:50:00,OGI
2.635,2.64,2.63,2.64,15162,2021-07-09 19:51:00,OGI
2.64,2.64,2.637,2.64,12300,2021-07-09 19:52:00,OGI
2.64,2.65,2.6327,2.64,70828,2021-07-09 19:53:00,OGI
2.64,2.64,2.6382,2.64,7400,2021-07-09 19:54:00,OGI
2.635,2.64,2.6336,2.638,10600,2021-07-09 19:55:00,OGI
2.64,2.645,2.64,2.64,54241,2021-07-09 19:56:00,OGI
2.64,2.64,2.63,2.64,10370,2021-07-09 19:57:00,OGI
2.635,2.64,2.6301,2.6336,9905,2021-07-09 19:58:00,OGI
2.64,2.64,2.63,2.63,56030,2021-07-09 19:59:00,OGI
2.64,2.64,2.64,2.64,12883,2021-07-09 20:00:00,OGI
2.62,2.62,2.62,2.62,100,2021-07-09 20:23:00,OGI
2.62,2.62,2.62,2.62,100,2021-07-09 20:51:00,OGI
2.63,2.63,2.63,2.63,100,2021-07-09 20:57:00,OGI
2.64,2.64,2.64,2.64,26745,2021-07-09 20:58:00,OGI
2.63,2.63,2.63,2.63,100,2021-07-09 21:10:00,OGI
2.63,2.63,2.63,2.63,250,2021-07-09 21:46:00,OGI
2.62,2.62,2.62,2.62,1000,2021-07-09 23:15:00,OGI
2.62,2.62,2.62,2.62,900,2021-07-09 23:16:00,OGI
2.62,2.62,2.62,2.62,1000,2021-07-09 23:23:00,OGI
2.61,2.61,2.61,2.61,100,2021-07-09 23:38:00,OGI
2.62,2.62,2.62,2.62,350,2021-07-09 23:48:00,OGI
2.63,2.63,2.63,2.63,150,2021-07-09 23:51:00,OGI
2.63,2.63,2.63,2.63,113,2021-07-12 08:02:00,OGI
2.56,2.56,2.56,2.56,100,2021-07-12 09:08:00,OGI
2.64,2.64,2.64,2.64,100,2021-07-12 11:54:00,OGI
2.63,2.63,2.63,2.63,300,2021-07-12 11:58:00,OGI
2.6499,2.65,2.6499,2.65,399,2021-07-12 12:00:00,OGI
2.65,2.65,2.65,2.65,5000,2021-07-12 12:04:00,OGI
2.6499,2.6499,2.6499,2.6499,100,2021-07-12 12:10:00,OGI
2.64,2.64,2.64,2.64,7700,2021-07-12 12:30:00,OGI
2.64,2.64,2.64,2.64,100,2021-07-12 12:45:00,OGI
2.64,2.64,2.64,2.64,100,2021-07-12 12:46:00,OGI
2.64,2.64,2.64,2.64,2000,2021-07-12 12:54:00,OGI
2.64,2.64,2.64,2.64,350,2021-07-12 12:58:00,OGI
2.64,2.64,2.64,2.64,2000,2021-07-12 13:02:00,OGI
2.64,2.64,2.64,2.64,191,2021-07-12 13:09:00,OGI
2.63,2.63,2.63,2.63,1100,2021-07-12 13:16:00,OGI
2.63,2.63,2.63,2.63,20000,2021-07-12 13:21:00,OGI
2.63,2.63,2.63,2.63,14102,2021-07-12 13:22:00,OGI
2.62,2.62,2.62,2.62,2000,2021-07-12 13:24:00,OGI
2.63,2.66,2.63,2.65,17896,2021-07-12 13:25:00,OGI
2.66,2.67,2.66,2.67,2474,2021-07-12 13:26:00,OGI
2.64,2.68,2.64,2.66,2708,2021-07-12 13:27:00,OGI
2.66,2.66,2.66,2.66,450,2021-07-12 13:28:00,OGI
2.67,2.68,2.67,2.68,2425,2021-07-12 13:29:00,OGI
2.66,2.67,2.64,2.65,153892,2021-07-12 13:30:00,OGI
2.64,2.665,2.64,2.6422,14709,2021-07-12 13:31:00,OGI
2.65,2.655,2.63,2.6336,16595,2021-07-12 13:32:00,OGI
2.6364,2.639,2.61,2.61,7371,2021-07-12 13:33:00,OGI
2.61,2.6177,2.6,2.605,20186,2021-07-12 13:34:00,OGI
2.605,2.62,2.59,2.62,27295,2021-07-12 13:35:00,OGI
2.6101,2.6136,2.59,2.601,17040,2021-07-12 13:36:00,OGI
2.6058,2.61,2.59,2.595,27662,2021-07-12 13:37:00,OGI
2.5901,2.6,2.5822,2.59,56609,2021-07-12 13:38:00,OGI
2.59,2.61,2.59,2.601,39798,2021-07-12 13:39:00,OGI
2.6069,2.6069,2.585,2.5875,21315,2021-07-12 13:40:00,OGI
2.59,2.59,2.58,2.589,17705,2021-07-12 13:41:00,OGI
2.5832,2.59,2.58,2.585,14100,2021-07-12 13:42:00,OGI
2.5879,2.6,2.5837,2.59,29452,2021-07-12 13:43:00,OGI
2.58,2.59,2.58,2.5831,33500,2021-07-12 13:44:00,OGI
2.5899,2.5899,2.58,2.58,10869,2021-07-12 13:45:00,OGI
2.575,2.589,2.57,2.5763,41443,2021-07-12 13:46:00,OGI
2.575,2.58,2.57,2.5717,21429,2021-07-12 13:47:00,OGI
2.5776,2.5799,2.5703,2.5716,4511,2021-07-12 13:48:00,OGI
2.575,2.5799,2.56,2.565,18183,2021-07-12 13:49:00,OGI
2.565,2.5799,2.56,2.573,21955,2021-07-12 13:50:00,OGI
2.575,2.58,2.57,2.5744,26590,2021-07-12 13:51:00,OGI
2.58,2.59,2.575,2.5833,18010,2021-07-12 13:52:00,OGI
2.58,2.585,2.57,2.58,17137,2021-07-12 13:53:00,OGI
2.5799,2.5991,2.57,2.5905,43084,2021-07-12 13:54:00,OGI
2.5999,2.61,2.59,2.6036,24800,2021-07-12 13:55:00,OGI
2.6099,2.6099,2.5925,2.605,29962,2021-07-12 13:56:00,OGI
2.61,2.61,2.6,2.6,17499,2021-07-12 13:57:00,OGI
2.605,2.61,2.6,2.6022,16965,2021-07-12 13:58:00,OGI
2.6,2.6,2.595,2.595,22845,2021-07-12 13:59:00,OGI
2.6,2.6,2.5831,2.5831,12283,2021-07-12 14:00:00,OGI
2.5831,2.5999,2.58,2.5943,16243,2021-07-12 14:01:00,OGI
2.59,2.6,2.585,2.5884,37664,2021-07-12 14:02:00,OGI
2.59,2.6,2.58,2.6,14630,2021-07-12 14:03:00,OGI
2.591,2.6,2.585,2.59,38456,2021-07-12 14:04:00,OGI
2.5928,2.597,2.59,2.595,4780,2021-07-12 14:05:00,OGI
2.59,2.595,2.59,2.595,1154,2021-07-12 14:06:00,OGI
2.6,2.61,2.59,2.605,37933,2021-07-12 14:07:00,OGI
2.61,2.62,2.61,2.611,35093,2021-07-12 14:08:00,OGI
2.615,2.62,2.6119,2.6119,1367,2021-07-12 14:09:00,OGI
2.6101,2.62,2.6,2.605,17790,2021-07-12 14:10:00,OGI
2.605,2.61,2.6,2.6,11462,2021-07-12 14:11:00,OGI
2.6,2.61,2.6,2.61,13200,2021-07-12 14:12:00,OGI
2.6,2.62,2.6,2.615,11414,2021-07-12 14:13:00,OGI
2.613,2.6299,2.61,2.625,19548,2021-07-12 14:14:00,OGI
2.625,2.627,2.62,2.6236,17629,2021-07-12 14:15:00,OGI
2.62,2.625,2.62,2.625,21091,2021-07-12 14:16:00,OGI
2.6201,2.63,2.62,2.62,1129,2021-07-12 14:17:00,OGI
2.63,2.63,2.6239,2.6275,1490,2021-07-12 14:18:00,OGI
2.625,2.6268,2.62,2.6268,303,2021-07-12 14:19:00,OGI
2.62,2.627,2.6178,2.6238,13210,2021-07-12 14:20:00,OGI
2.625,2.625,2.62,2.62,6176,2021-07-12 14:21:00,OGI
2.6208,2.625,2.62,2.62,6229,2021-07-12 14:22:00,OGI
2.63,2.63,2.62,2.62,7978,2021-07-12 14:23:00,OGI
2.625,2.629,2.625,2.629,2650,2021-07-12 14:24:00,OGI
2.63,2.63,2.62,2.625,2236,2021-07-12 14:25:00,OGI
2.6268,2.6268,2.62,2.62,521,2021-07-12 14:26:00,OGI
2.625,2.64,2.625,2.64,13049,2021-07-12 14:27:00,OGI
2.6388,2.6471,2.6388,2.641,18367,2021-07-12 14:28:00,OGI
2.6418,2.65,2.64,2.643,23600,2021-07-12 14:29:00,OGI
2.6415,2.645,2.6408,2.645,7510,2021-07-12 14:30:00,OGI
2.64,2.64,2.63,2.635,4714,2021-07-12 14:31:00,OGI
2.639,2.64,2.63,2.635,11138,2021-07-12 14:32:00,OGI
2.63,2.6337,2.63,2.6337,325,2021-07-12 14:33:00,OGI
2.635,2.645,2.63,2.645,26725,2021-07-12 14:34:00,OGI
2.65,2.65,2.64,2.6411,14113,2021-07-12 14:35:00,OGI
2.64,2.65,2.64,2.64,1260,2021-07-12 14:36:00,OGI
2.64,2.64,2.64,2.64,1115,2021-07-12 14:37:00,OGI
2.64,2.64,2.63,2.6363,10803,2021-07-12 14:38:00,OGI
2.6368,2.6368,2.63,2.635,1986,2021-07-12 14:39:00,OGI
2.6369,2.6374,2.63,2.6321,7974,2021-07-12 14:40:00,OGI
2.6305,2.631,2.63,2.631,9681,2021-07-12 14:41:00,OGI
2.6323,2.6323,2.63,2.63,3800,2021-07-12 14:42:00,OGI
2.6224,2.625,2.6224,2.625,850,2021-07-12 14:43:00,OGI
2.62,2.623,2.62,2.6202,10000,2021-07-12 14:44:00,OGI
2.62,2.64,2.62,2.63,14908,2021-07-12 14:46:00,OGI
2.6311,2.6311,2.6311,2.6311,3000,2021-07-12 14:47:00,OGI
2.63,2.63,2.6221,2.625,3234,2021-07-12 14:48:00,OGI
2.62,2.627,2.613,2.62,29175,2021-07-12 14:49:00,OGI
2.625,2.6269,2.6205,2.6205,1900,2021-07-12 14:50:00,OGI
2.625,2.63,2.62,2.63,18753,2021-07-12 14:51:00,OGI
2.63,2.64,2.63,2.6339,2214,2021-07-12 14:52:00,OGI
2.635,2.635,2.63,2.6301,28561,2021-07-12 14:53:00,OGI
2.6283,2.635,2.6261,2.63,36300,2021-07-12 14:54:00,OGI
2.6267,2.63,2.62,2.629,2800,2021-07-12 14:55:00,OGI
2.6282,2.63,2.62,2.63,10798,2021-07-12 14:56:00,OGI
2.6286,2.64,2.62,2.64,26388,2021-07-12 14:57:00,OGI
2.643,2.6599,2.643,2.6512,36996,2021-07-12 14:58:00,OGI
2.66,2.665,2.655,2.66,39504,2021-07-12 14:59:00,OGI
2.6536,2.655,2.65,2.655,13001,2021-07-12 15:00:00,OGI
2.65,2.6501,2.6463,2.6475,17390,2021-07-12 15:01:00,OGI
2.6477,2.66,2.6477,2.65,22000,2021-07-12 15:02:00,OGI
2.6525,2.659,2.6525,2.659,3404,2021-07-12 15:03:00,OGI
2.655,2.67,2.653,2.67,13310,2021-07-12 15:04:00,OGI
2.6682,2.67,2.66,2.66,35758,2021-07-12 15:05:00,OGI
2.6688,2.67,2.6638,2.6638,5932,2021-07-12 15:06:00,OGI
2.67,2.675,2.6699,2.671,27268,2021-07-12 15:07:00,OGI
2.675,2.68,2.675,2.68,30165,2021-07-12 15:08:00,OGI
2.68,2.68,2.67,2.6767,3272,2021-07-12 15:09:00,OGI
2.6735,2.685,2.67,2.6799,46580,2021-07-12 15:10:00,OGI
2.675,2.6764,2.67,2.67,4244,2021-07-12 15:11:00,OGI
2.67,2.6799,2.66,2.66,31314,2021-07-12 15:12:00,OGI
2.6634,2.67,2.66,2.66,849,2021-07-12 15:13:00,OGI
2.66,2.6623,2.66,2.6623,977,2021-07-12 15:14:00,OGI
2.66,2.67,2.66,2.67,16212,2021-07-12 15:15:00,OGI
2.68,2.68,2.67,2.679,7168,2021-07-12 15:16:00,OGI
2.6729,2.685,2.67,2.685,17046,2021-07-12 15:17:00,OGI
2.682,2.6899,2.6818,2.685,5000,2021-07-12 15:18:00,OGI
2.685,2.685,2.67,2.67,14979,2021-07-12 15:19:00,OGI
2.6764,2.6764,2.675,2.675,3250,2021-07-12 15:20:00,OGI
2.6763,2.6799,2.67,2.6741,6970,2021-07-12 15:21:00,OGI
2.672,2.6799,2.67,2.6799,9600,2021-07-12 15:22:00,OGI
2.67,2.6701,2.66,2.66,4963,2021-07-12 15:23:00,OGI
2.665,2.665,2.6601,2.663,3027,2021-07-12 15:24:00,OGI
2.665,2.6662,2.66,2.66,1161,2021-07-12 15:25:00,OGI
2.665,2.685,2.66,2.6801,55525,2021-07-12 15:26:00,OGI
2.685,2.6868,2.68,2.6813,10198,2021-07-12 15:27:00,OGI
2.685,2.69,2.6832,2.6899,6662,2021-07-12 15:28:00,OGI
2.685,2.7,2.685,2.695,46772,2021-07-12 15:29:00,OGI
2.69,2.6901,2.685,2.6861,8800,2021-07-12 15:30:00,OGI
2.69,2.69,2.681,2.6834,8513,2021-07-12 15:31:00,OGI
2.6849,2.6849,2.6849,2.6849,100,2021-07-12 15:32:00,OGI
2.68,2.686,2.68,2.6848,17085,2021-07-12 15:33:00,OGI
2.685,2.695,2.685,2.69,23203,2021-07-12 15:34:00,OGI
2.695,2.6963,2.6927,2.6927,4663,2021-07-12 15:35:00,OGI
2.695,2.695,2.69,2.69,3299,2021-07-12 15:36:00,OGI
2.6843,2.685,2.683,2.685,3639,2021-07-12 15:37:00,OGI
2.6899,2.6899,2.68,2.6864,9582,2021-07-12 15:38:00,OGI
2.6824,2.69,2.6801,2.6801,18480,2021-07-12 15:39:00,OGI
2.6865,2.69,2.683,2.69,6586,2021-07-12 15:40:00,OGI
2.684,2.7,2.684,2.6939,30221,2021-07-12 15:41:00,OGI
2.6936,2.6968,2.69,2.693,13143,2021-07-12 15:42:00,OGI
2.695,2.6966,2.695,2.6962,1081,2021-07-12 15:43:00,OGI
2.695,2.6966,2.6925,2.6925,1100,2021-07-12 15:44:00,OGI
2.695,2.6962,2.692,2.692,4600,2021-07-12 15:45:00,OGI
2.6963,2.6999,2.691,2.6929,9288,2021-07-12 15:46:00,OGI
2.6919,2.6968,2.69,2.6962,6300,2021-07-12 15:47:00,OGI
2.69,2.7,2.69,2.7,467,2021-07-12 15:48:00,OGI
2.6921,2.6999,2.6921,2.6999,862,2021-07-12 15:49:00,OGI
2.695,2.6966,2.695,2.6966,1372,2021-07-12 15:50:00,OGI
2.6988,2.7,2.6971,2.7,22648,2021-07-12 15:51:00,OGI
2.7,2.7,2.6947,2.6947,300,2021-07-12 15:52:00,OGI
2.7,2.71,2.69,2.6995,64619,2021-07-12 15:53:00,OGI
2.6941,2.71,2.69,2.7001,94229,2021-07-12 15:54:00,OGI
2.7,2.7061,2.7,2.705,4418,2021-07-12 15:55:00,OGI
2.705,2.706,2.69,2.69,31702,2021-07-12 15:56:00,OGI
2.695,2.695,2.69,2.69,500,2021-07-12 15:57:00,OGI
2.69,2.695,2.69,2.6901,13642,2021-07-12 15:58:00,OGI
2.6801,2.6801,2.68,2.68,1100,2021-07-12 15:59:00,OGI
2.6898,2.69,2.6801,2.6836,9530,2021-07-12 16:00:00,OGI
2.6838,2.685,2.68,2.684,6660,2021-07-12 16:01:00,OGI
2.6864,2.6864,2.68,2.68,32633,2021-07-12 16:02:00,OGI
2.68,2.68,2.674,2.6761,692,2021-07-12 16:03:00,OGI
2.675,2.675,2.67,2.67,3103,2021-07-12 16:04:00,OGI
2.675,2.68,2.675,2.6782,5300,2021-07-12 16:05:00,OGI
2.68,2.68,2.67,2.67,2300,2021-07-12 16:06:00,OGI
2.6767,2.68,2.67,2.6778,3731,2021-07-12 16:07:00,OGI
2.675,2.679,2.67,2.6769,12133,2021-07-12 16:08:00,OGI
2.675,2.6771,2.67,2.6762,10475,2021-07-12 16:09:00,OGI
2.68,2.68,2.675,2.675,1009,2021-07-12 16:10:00,OGI
2.68,2.69,2.6749,2.685,24655,2021-07-12 16:11:00,OGI
2.685,2.685,2.68,2.68,457,2021-07-12 16:13:00,OGI
2.68,2.69,2.68,2.685,4500,2021-07-12 16:14:00,OGI
2.6801,2.6801,2.6801,2.6801,235,2021-07-12 16:15:00,OGI
2.687,2.687,2.685,2.685,2252,2021-07-12 16:16:00,OGI
2.685,2.685,2.6838,2.685,427,2021-07-12 16:17:00,OGI
2.686,2.687,2.68,2.68,3050,2021-07-12 16:18:00,OGI
2.685,2.685,2.68,2.68,15537,2021-07-12 16:19:00,OGI
2.685,2.6876,2.6801,2.6876,4062,2021-07-12 16:20:00,OGI
2.68,2.69,2.68,2.685,2115,2021-07-12 16:21:00,OGI
2.6828,2.685,2.6828,2.685,2000,2021-07-12 16:22:00,OGI
2.6838,2.685,2.6801,2.6838,2000,2021-07-12 16:23:00,OGI
2.685,2.685,2.685,2.685,200,2021-07-12 16:24:00,OGI
2.685,2.685,2.685,2.685,230,2021-07-12 16:25:00,OGI
2.6896,2.6899,2.689,2.689,22160,2021-07-12 16:26:00,OGI
2.685,2.685,2.675,2.68,27580,2021-07-12 16:27:00,OGI
2.6701,2.675,2.67,2.675,2487,2021-07-12 16:28:00,OGI
2.6769,2.6769,2.6769,2.6769,553,2021-07-12 16:29:00,OGI
2.6739,2.675,2.6739,2.675,700,2021-07-12 16:30:00,OGI
2.675,2.677,2.6701,2.6701,2446,2021-07-12 16:32:00,OGI
2.676,2.676,2.676,2.676,142,2021-07-12 16:33:00,OGI
2.675,2.675,2.675,2.675,135,2021-07-12 16:34:00,OGI
2.67,2.675,2.67,2.675,302,2021-07-12 16:35:00,OGI
2.68,2.69,2.67,2.685,36209,2021-07-12 16:36:00,OGI
2.685,2.685,2.685,2.685,200,2021-07-12 16:37:00,OGI
2.685,2.69,2.67,2.6781,18360,2021-07-12 16:38:00,OGI
2.6734,2.6799,2.6726,2.6726,7066,2021-07-12 16:39:00,OGI
2.68,2.68,2.67,2.67,11900,2021-07-12 16:40:00,OGI
2.677,2.677,2.67,2.6763,2083,2021-07-12 16:41:00,OGI
2.671,2.675,2.67,2.67,1760,2021-07-12 16:42:00,OGI
2.675,2.675,2.66,2.67,52701,2021-07-12 16:43:00,OGI
2.6664,2.6664,2.6636,2.6636,1362,2021-07-12 16:44:00,OGI
2.6663,2.667,2.6639,2.667,850,2021-07-12 16:45:00,OGI
2.664,2.665,2.66,2.665,3800,2021-07-12 16:46:00,OGI
2.665,2.665,2.665,2.665,400,2021-07-12 16:47:00,OGI
2.67,2.67,2.67,2.67,100,2021-07-12 16:48:00,OGI
2.67,2.67,2.663,2.665,1730,2021-07-12 16:49:00,OGI
2.665,2.665,2.6638,2.6638,4002,2021-07-12 16:50:00,OGI
2.66,2.667,2.66,2.6632,2291,2021-07-12 16:51:00,OGI
2.66,2.667,2.65,2.65,47198,2021-07-12 16:52:00,OGI
2.66,2.66,2.6582,2.6582,2400,2021-07-12 16:53:00,OGI
2.655,2.655,2.655,2.655,200,2021-07-12 16:54:00,OGI
2.655,2.66,2.655,2.66,900,2021-07-12 16:55:00,OGI
2.6576,2.6576,2.6576,2.6576,500,2021-07-12 16:56:00,OGI
2.6597,2.6597,2.6545,2.6545,300,2021-07-12 16:57:00,OGI
2.654,2.657,2.65,2.6519,1875,2021-07-12 16:58:00,OGI
2.6541,2.6594,2.65,2.6594,755,2021-07-12 16:59:00,OGI
2.65,2.6501,2.65,2.6501,2200,2021-07-12 17:00:00,OGI
2.65,2.655,2.65,2.655,974,2021-07-12 17:01:00,OGI
2.6508,2.655,2.65,2.6548,9661,2021-07-12 17:02:00,OGI
2.655,2.655,2.6522,2.6522,2000,2021-07-12 17:04:00,OGI
2.65,2.65,2.65,2.65,21816,2021-07-12 17:06:00,OGI
2.6463,2.6499,2.645,2.645,600,2021-07-12 17:07:00,OGI
2.646,2.65,2.64,2.6401,910,2021-07-12 17:08:00,OGI
2.646,2.65,2.645,2.65,612,2021-07-12 17:09:00,OGI
2.64,2.64,2.64,2.64,200,2021-07-12 17:10:00,OGI
2.6418,2.6418,2.6401,2.6401,3628,2021-07-12 17:11:00,OGI
2.645,2.645,2.642,2.642,300,2021-07-12 17:12:00,OGI
2.6432,2.6499,2.64,2.64,821,2021-07-12 17:13:00,OGI
2.64,2.6417,2.64,2.64,3421,2021-07-12 17:15:00,OGI
2.6412,2.645,2.64,2.64,8314,2021-07-12 17:16:00,OGI
2.64,2.6417,2.64,2.6417,1490,2021-07-12 17:17:00,OGI
2.645,2.6499,2.64,2.6499,8200,2021-07-12 17:18:00,OGI
2.64,2.64,2.64,2.64,309,2021-07-12 17:19:00,OGI
2.641,2.641,2.641,2.641,100,2021-07-12 17:20:00,OGI
2.6431,2.6431,2.6431,2.6431,1000,2021-07-12 17:21:00,OGI
2.64,2.6402,2.633,2.6339,15238,2021-07-12 17:22:00,OGI
2.6399,2.6399,2.6399,2.6399,500,2021-07-12 17:23:00,OGI
2.6388,2.6388,2.6301,2.6301,1500,2021-07-12 17:24:00,OGI
2.6384,2.6384,2.6301,2.6369,2052,2021-07-12 17:25:00,OGI
2.6369,2.64,2.63,2.6366,23750,2021-07-12 17:26:00,OGI
2.63,2.635,2.63,2.635,357,2021-07-12 17:27:00,OGI
2.64,2.645,2.64,2.6401,33308,2021-07-12 17:28:00,OGI
2.6401,2.65,2.64,2.645,5500,2021-07-12 17:30:00,OGI
2.65,2.65,2.645,2.65,806,2021-07-12 17:31:00,OGI
2.6427,2.6475,2.6427,2.6475,1779,2021-07-12 17:32:00,OGI
2.65,2.65,2.64,2.64,8209,2021-07-12 17:33:00,OGI
2.6437,2.65,2.64,2.64,3335,2021-07-12 17:34:00,OGI
2.645,2.645,2.641,2.641,502,2021-07-12 17:35:00,OGI
2.643,2.6482,2.6401,2.6401,300,2021-07-12 17:36:00,OGI
2.6437,2.65,2.64,2.6499,21459,2021-07-12 17:37:00,OGI
2.65,2.66,2.65,2.655,20338,2021-07-12 17:38:00,OGI
2.66,2.66,2.66,2.66,100,2021-07-12 17:39:00,OGI
2.6537,2.6599,2.653,2.6599,775,2021-07-12 17:40:00,OGI
2.66,2.67,2.6537,2.67,12350,2021-07-12 17:41:00,OGI
2.6643,2.6645,2.6639,2.6639,2000,2021-07-12 17:42:00,OGI
2.665,2.67,2.6601,2.669,3520,2021-07-12 17:43:00,OGI
2.6673,2.67,2.6636,2.6636,1774,2021-07-12 17:44:00,OGI
2.6638,2.671,2.66,2.671,17517,2021-07-12 17:45:00,OGI
2.6739,2.68,2.6701,2.6736,3300,2021-07-12 17:46:00,OGI
2.6728,2.675,2.66,2.67,39967,2021-07-12 17:47:00,OGI
2.66,2.6601,2.66,2.6601,908,2021-07-12 17:48:00,OGI
2.67,2.67,2.67,2.67,500,2021-07-12 17:49:00,OGI
2.6674,2.68,2.6663,2.68,14727,2021-07-12 17:50:00,OGI
2.68,2.68,2.675,2.6779,11400,2021-07-12 17:51:00,OGI
2.6775,2.68,2.6709,2.6709,17202,2021-07-12 17:52:00,OGI
2.6701,2.68,2.6701,2.6774,822,2021-07-12 17:53:00,OGI
2.67,2.68,2.67,2.6738,8300,2021-07-12 17:54:00,OGI
2.6701,2.6799,2.67,2.674,1380,2021-07-12 17:56:00,OGI
2.674,2.677,2.674,2.677,500,2021-07-12 17:57:00,OGI
2.6799,2.6799,2.671,2.671,1500,2021-07-12 17:58:00,OGI
2.675,2.6767,2.675,2.6767,335,2021-07-12 17:59:00,OGI
2.6764,2.6764,2.6764,2.6764,750,2021-07-12 18:00:00,OGI
2.6736,2.6766,2.6736,2.6766,557,2021-07-12 18:01:00,OGI
2.6703,2.675,2.67,2.67,44309,2021-07-12 18:02:00,OGI
2.67,2.675,2.67,2.675,7100,2021-07-12 18:03:00,OGI
2.675,2.6766,2.6737,2.6766,1333,2021-07-12 18:04:00,OGI
2.676,2.68,2.676,2.6782,1825,2021-07-12 18:05:00,OGI
2.675,2.685,2.67,2.685,29790,2021-07-12 18:06:00,OGI
2.685,2.6899,2.6801,2.6832,2937,2021-07-12 18:07:00,OGI
2.685,2.685,2.685,2.685,100,2021-07-12 18:08:00,OGI
2.685,2.685,2.68,2.68,5686,2021-07-12 18:09:00,OGI
2.685,2.6862,2.685,2.6862,500,2021-07-12 18:10:00,OGI
2.68,2.6899,2.68,2.6866,2459,2021-07-12 18:11:00,OGI
2.6899,2.69,2.68,2.68,1000,2021-07-12 18:12:00,OGI
2.6825,2.6871,2.6825,2.6871,2083,2021-07-12 18:13:00,OGI
2.683,2.6865,2.683,2.685,580,2021-07-12 18:14:00,OGI
2.6862,2.69,2.684,2.6862,2481,2021-07-12 18:15:00,OGI
2.685,2.685,2.685,2.685,2134,2021-07-12 18:16:00,OGI
2.69,2.69,2.68,2.685,1998,2021-07-12 18:17:00,OGI
2.685,2.685,2.685,2.685,200,2021-07-12 18:19:00,OGI
2.6861,2.69,2.6861,2.69,535,2021-07-12 18:20:00,OGI
2.6868,2.6868,2.68,2.68,944,2021-07-12 18:21:00,OGI
2.6865,2.6865,2.685,2.685,540,2021-07-12 18:22:00,OGI
2.685,2.69,2.68,2.685,1750,2021-07-12 18:23:00,OGI
2.6899,2.6899,2.6899,2.6899,340,2021-07-12 18:24:00,OGI
2.685,2.69,2.6838,2.685,1450,2021-07-12 18:25:00,OGI
2.6838,2.6838,2.68,2.6801,5250,2021-07-12 18:26:00,OGI
2.685,2.685,2.6836,2.6836,640,2021-07-12 18:27:00,OGI
2.685,2.685,2.685,2.685,3300,2021-07-12 18:28:00,OGI
2.685,2.69,2.68,2.6835,3171,2021-07-12 18:29:00,OGI
2.69,2.69,2.6838,2.688,4592,2021-07-12 18:30:00,OGI
2.6837,2.69,2.6837,2.69,745,2021-07-12 18:31:00,OGI
2.69,2.69,2.68,2.685,11252,2021-07-12 18:32:00,OGI
2.684,2.6862,2.68,2.685,2488,2021-07-12 18:33:00,OGI
2.68,2.6862,2.68,2.6862,2063,2021-07-12 18:34:00,OGI
2.685,2.685,2.68,2.68,300,2021-07-12 18:35:00,OGI
2.685,2.685,2.6848,2.6848,5100,2021-07-12 18:36:00,OGI
2.69,2.69,2.68,2.68,6750,2021-07-12 18:37:00,OGI
2.6834,2.685,2.68,2.685,365,2021-07-12 18:38:00,OGI
2.6862,2.69,2.685,2.685,5211,2021-07-12 18:39:00,OGI
2.69,2.69,2.6845,2.6845,423,2021-07-12 18:40:00,OGI
2.6835,2.6862,2.6835,2.6862,200,2021-07-12 18:41:00,OGI
2.6839,2.6839,2.6839,2.6839,335,2021-07-12 18:42:00,OGI
2.69,2.69,2.685,2.685,1500,2021-07-12 18:43:00,OGI
2.6859,2.69,2.68,2.683,4726,2021-07-12 18:44:00,OGI
2.69,2.69,2.685,2.685,325,2021-07-12 18:45:00,OGI
2.685,2.6865,2.68,2.6839,2153,2021-07-12 18:47:00,OGI
2.6801,2.69,2.68,2.685,16029,2021-07-12 18:48:00,OGI
2.6899,2.6899,2.6899,2.6899,130,2021-07-12 18:49:00,OGI
2.6846,2.6899,2.6846,2.6883,12990,2021-07-12 18:50:00,OGI
2.69,2.69,2.6835,2.6835,406,2021-07-12 18:52:00,OGI
2.6863,2.6863,2.6863,2.6863,100,2021-07-12 18:53:00,OGI
2.685,2.685,2.6801,2.685,1950,2021-07-12 18:54:00,OGI
2.69,2.69,2.67,2.675,18250,2021-07-12 18:55:00,OGI
2.673,2.6799,2.673,2.675,790,2021-07-12 18:56:00,OGI
2.6734,2.6799,2.67,2.675,2242,2021-07-12 18:57:00,OGI
2.67,2.68,2.67,2.68,600,2021-07-12 18:59:00,OGI
2.675,2.675,2.6701,2.675,1662,2021-07-12 19:00:00,OGI
2.67,2.675,2.67,2.675,1100,2021-07-12 19:01:00,OGI
2.6739,2.6799,2.67,2.67,913,2021-07-12 19:02:00,OGI
2.67,2.67,2.668,2.6686,12403,2021-07-12 19:03:00,OGI
2.6662,2.67,2.6662,2.67,2528,2021-07-12 19:05:00,OGI
2.665,2.67,2.6638,2.6698,10991,2021-07-12 19:06:00,OGI
2.67,2.67,2.6632,2.6692,2006,2021-07-12 19:07:00,OGI
2.6666,2.67,2.6663,2.6663,1300,2021-07-12 19:08:00,OGI
2.67,2.67,2.665,2.67,3020,2021-07-12 19:09:00,OGI
2.6679,2.6679,2.6679,2.6679,1000,2021-07-12 19:10:00,OGI
2.665,2.67,2.663,2.67,1250,2021-07-12 19:11:00,OGI
2.6636,2.67,2.6601,2.6601,1930,2021-07-12 19:12:00,OGI
2.6663,2.6663,2.6663,2.6663,100,2021-07-12 19:13:00,OGI
2.665,2.665,2.66,2.66,4000,2021-07-12 19:14:00,OGI
2.67,2.67,2.6629,2.6629,2600,2021-07-12 19:15:00,OGI
2.665,2.67,2.655,2.67,54770,2021-07-12 19:16:00,OGI
2.655,2.655,2.655,2.655,500,2021-07-12 19:17:00,OGI
2.6599,2.6599,2.655,2.655,3100,2021-07-12 19:18:00,OGI
2.655,2.6599,2.655,2.6599,700,2021-07-12 19:19:00,OGI
2.6535,2.6599,2.6535,2.6599,5500,2021-07-12 19:20:00,OGI
2.655,2.655,2.655,2.655,100,2021-07-12 19:21:00,OGI
2.65,2.655,2.65,2.65,9691,2021-07-12 19:22:00,OGI
2.655,2.655,2.645,2.645,2527,2021-07-12 19:23:00,OGI
2.65,2.65,2.64,2.645,3916,2021-07-12 19:24:00,OGI
2.65,2.65,2.645,2.65,300,2021-07-12 19:25:00,OGI
2.645,2.65,2.641,2.65,7936,2021-07-12 19:26:00,OGI
2.65,2.655,2.65,2.65,60222,2021-07-12 19:27:00,OGI
2.655,2.66,2.655,2.66,1607,2021-07-12 19:28:00,OGI
2.655,2.655,2.65,2.65,200,2021-07-12 19:29:00,OGI
2.655,2.655,2.655,2.655,400,2021-07-12 19:30:00,OGI
2.655,2.655,2.65,2.655,774,2021-07-12 19:31:00,OGI
2.6524,2.655,2.65,2.655,464,2021-07-12 19:32:00,OGI
2.65,2.6599,2.65,2.655,7933,2021-07-12 19:33:00,OGI
2.65,2.655,2.65,2.655,3300,2021-07-12 19:34:00,OGI
2.655,2.66,2.6546,2.655,4375,2021-07-12 19:35:00,OGI
2.65,2.655,2.65,2.6512,11885,2021-07-12 19:36:00,OGI
2.65,2.655,2.65,2.655,7103,2021-07-12 19:37:00,OGI
2.65,2.6519,2.65,2.65,1632,2021-07-12 19:38:00,OGI
2.655,2.66,2.64,2.64,22898,2021-07-12 19:39:00,OGI
2.645,2.645,2.64,2.645,3150,2021-07-12 19:40:00,OGI
2.64,2.645,2.64,2.64,1000,2021-07-12 19:41:00,OGI
2.645,2.6471,2.64,2.6471,900,2021-07-12 19:42:00,OGI
2.64,2.649,2.64,2.644,1964,2021-07-12 19:43:00,OGI
2.64,2.645,2.64,2.645,3150,2021-07-12 19:44:00,OGI
2.64,2.6464,2.64,2.64,546,2021-07-12 19:45:00,OGI
2.645,2.6499,2.64,2.645,2814,2021-07-12 19:46:00,OGI
2.6434,2.645,2.64,2.64,592,2021-07-12 19:47:00,OGI
2.64,2.64,2.631,2.635,49971,2021-07-12 19:48:00,OGI
2.6346,2.6399,2.63,2.63,8500,2021-07-12 19:49:00,OGI
2.64,2.64,2.63,2.6339,14598,2021-07-12 19:50:00,OGI
2.635,2.64,2.63,2.635,3513,2021-07-12 19:51:00,OGI
2.63,2.64,2.63,2.64,1906,2021-07-12 19:52:00,OGI
2.635,2.635,2.63,2.635,600,2021-07-12 19:53:00,OGI
2.635,2.635,2.62,2.622,39383,2021-07-12 19:54:00,OGI
2.625,2.63,2.62,2.62,18635,2021-07-12 19:55:00,OGI
2.625,2.63,2.62,2.625,32019,2021-07-12 19:56:00,OGI
2.6201,2.6272,2.62,2.6263,9681,2021-07-12 19:57:00,OGI
2.625,2.625,2.62,2.625,7140,2021-07-12 19:58:00,OGI
2.63,2.63,2.62,2.625,63735,2021-07-12 19:59:00,OGI
2.65,2.65,2.65,2.65,24356,2021-07-12 20:00:00,OGI
2.65,2.65,2.65,2.65,971,2021-07-12 20:07:00,OGI
2.66,2.66,2.66,2.66,158,2021-07-12 20:14:00,OGI
2.65,2.65,2.65,2.65,337,2021-07-12 20:22:00,OGI
2.64,2.64,2.64,2.64,100,2021-07-12 20:52:00,OGI
2.65,2.65,2.65,2.65,56763,2021-07-12 20:53:00,OGI
2.64,2.64,2.64,2.64,100,2021-07-12 20:57:00,OGI
2.63,2.63,2.63,2.63,1197,2021-07-12 21:09:00,OGI
2.63,2.63,2.63,2.63,400,2021-07-12 21:19:00,OGI
2.65,2.65,2.65,2.65,200,2021-07-12 21:30:00,OGI
2.63,2.63,2.63,2.63,250,2021-07-12 21:32:00,OGI
2.63,2.63,2.63,2.63,6190,2021-07-12 21:36:00,OGI
2.63,2.63,2.63,2.63,100,2021-07-12 21:45:00,OGI
2.6,2.6,2.59,2.59,3376,2021-07-12 22:49:00,OGI
2.65,2.65,2.65,2.65,391,2021-07-12 23:10:00,OGI
2.72,2.73,2.72,2.72,576,2021-07-13 10:08:00,OGI
2.72,2.72,2.72,2.72,294,2021-07-13 10:09:00,OGI
2.82,2.87,2.82,2.87,1517,2021-07-13 10:16:00,OGI
2.87,2.87,2.86,2.86,298,2021-07-13 10:20:00,OGI
2.88,2.88,2.88,2.88,209,2021-07-13 10:25:00,OGI
2.88,2.88,2.88,2.88,122,2021-07-13 10:26:00,OGI
2.8,2.8,2.73,2.73,1271,2021-07-13 10:27:00,OGI
2.8,2.8,2.8,2.8,200,2021-07-13 10:30:00,OGI
2.8,2.8,2.8,2.8,371,2021-07-13 10:38:00,OGI
2.85,2.85,2.85,2.85,306,2021-07-13 10:45:00,OGI
2.85,2.85,2.85,2.85,200,2021-07-13 10:46:00,OGI
2.85,2.85,2.85,2.85,3368,2021-07-13 10:47:00,OGI
2.85,2.85,2.85,2.85,100,2021-07-13 10:48:00,OGI
2.85,2.86,2.85,2.86,3670,2021-07-13 11:00:00,OGI
2.85,2.85,2.85,2.85,4342,2021-07-13 11:01:00,OGI
2.83,2.83,2.8,2.8,3776,2021-07-13 11:04:00,OGI
2.84,2.85,2.84,2.85,500,2021-07-13 11:05:00,OGI
2.85,2.85,2.85,2.85,6398,2021-07-13 11:09:00,OGI
2.82,2.82,2.82,2.82,100,2021-07-13 11:11:00,OGI
2.83,2.85,2.83,2.85,4352,2021-07-13 11:13:00,OGI
2.86,2.86,2.86,2.86,100,2021-07-13 11:15:00,OGI
2.85,2.85,2.85,2.85,1000,2021-07-13 11:16:00,OGI
2.87,2.87,2.86,2.86,1500,2021-07-13 11:20:00,OGI
2.86,2.86,2.85,2.85,1741,2021-07-13 11:21:00,OGI
2.85,2.85,2.83,2.83,2412,2021-07-13 11:22:00,OGI
2.82,2.82,2.82,2.82,200,2021-07-13 11:23:00,OGI
2.8,2.8,2.8,2.8,936,2021-07-13 11:25:00,OGI
2.8,2.8,2.8,2.8,300,2021-07-13 11:29:00,OGI
2.8,2.8,2.8,2.8,8346,2021-07-13 11:30:00,OGI
2.82,2.82,2.82,2.82,1000,2021-07-13 11:32:00,OGI
2.83,2.83,2.83,2.83,993,2021-07-13 11:39:00,OGI
2.84,2.84,2.83,2.84,1900,2021-07-13 11:43:00,OGI
2.84,2.84,2.84,2.84,500,2021-07-13 11:45:00,OGI
2.83,2.83,2.83,2.83,500,2021-07-13 11:46:00,OGI
2.84,2.84,2.84,2.84,500,2021-07-13 11:47:00,OGI
2.84,2.84,2.84,2.84,594,2021-07-13 11:50:00,OGI
2.84,2.84,2.84,2.84,500,2021-07-13 11:52:00,OGI
2.83,2.83,2.83,2.83,948,2021-07-13 11:53:00,OGI
2.83,2.83,2.83,2.83,180,2021-07-13 11:56:00,OGI
2.83,2.83,2.83,2.83,907,2021-07-13 11:57:00,OGI
2.83,2.84,2.83,2.84,1200,2021-07-13 11:59:00,OGI
2.84,2.84,2.84,2.84,2000,2021-07-13 12:00:00,OGI
2.83,2.83,2.83,2.83,900,2021-07-13 12:01:00,OGI
2.83,2.84,2.83,2.84,5475,2021-07-13 12:02:00,OGI
2.84,2.84,2.84,2.84,123,2021-07-13 12:03:00,OGI
2.83,2.83,2.83,2.83,6400,2021-07-13 12:04:00,OGI
2.83,2.83,2.82,2.82,850,2021-07-13 12:05:00,OGI
2.82,2.82,2.82,2.82,2250,2021-07-13 12:08:00,OGI
2.82,2.82,2.82,2.82,1326,2021-07-13 12:10:00,OGI
2.82,2.83,2.82,2.83,6300,2021-07-13 12:11:00,OGI
2.83,2.83,2.83,2.83,8400,2021-07-13 12:12:00,OGI
2.83,2.83,2.83,2.83,5000,2021-07-13 12:13:00,OGI
2.83,2.83,2.83,2.83,100,2021-07-13 12:14:00,OGI
2.83,2.83,2.83,2.83,1200,2021-07-13 12:15:00,OGI
2.83,2.83,2.83,2.83,300,2021-07-13 12:16:00,OGI
2.83,2.83,2.83,2.83,500,2021-07-13 12:17:00,OGI
2.83,2.83,2.83,2.83,100,2021-07-13 12:18:00,OGI
2.83,2.83,2.83,2.83,1000,2021-07-13 12:19:00,OGI
2.83,2.83,2.82,2.82,244,2021-07-13 12:20:00,OGI
2.83,2.83,2.83,2.83,1300,2021-07-13 12:22:00,OGI
2.83,2.83,2.83,2.83,1000,2021-07-13 12:23:00,OGI
2.83,2.83,2.83,2.83,1689,2021-07-13 12:24:00,OGI
2.83,2.83,2.83,2.83,454,2021-07-13 12:25:00,OGI
2.82,2.8299,2.82,2.82,2600,2021-07-13 12:26:00,OGI
2.83,2.83,2.83,2.83,1382,2021-07-13 12:27:00,OGI
2.82,2.83,2.82,2.83,1000,2021-07-13 12:29:00,OGI
2.82,2.83,2.82,2.83,1900,2021-07-13 12:30:00,OGI
2.83,2.83,2.83,2.83,5000,2021-07-13 12:31:00,OGI
2.8201,2.8201,2.82,2.82,750,2021-07-13 12:32:00,OGI
2.83,2.83,2.83,2.83,1000,2021-07-13 12:33:00,OGI
2.83,2.84,2.83,2.84,12122,2021-07-13 12:34:00,OGI
2.84,2.84,2.8399,2.8399,1422,2021-07-13 12:35:00,OGI
2.84,2.84,2.8399,2.84,2511,2021-07-13 12:37:00,OGI
2.8399,2.84,2.83,2.84,1400,2021-07-13 12:38:00,OGI
2.83,2.83,2.83,2.83,10000,2021-07-13 12:39:00,OGI
2.84,2.84,2.84,2.84,500,2021-07-13 12:44:00,OGI
2.84,2.84,2.84,2.84,1500,2021-07-13 12:45:00,OGI
2.8399,2.84,2.83,2.83,1852,2021-07-13 12:46:00,OGI
2.83,2.83,2.82,2.82,4850,2021-07-13 12:47:00,OGI
2.83,2.83,2.83,2.83,100,2021-07-13 12:48:00,OGI
2.83,2.83,2.83,2.83,261,2021-07-13 12:49:00,OGI
2.83,2.83,2.83,2.83,200,2021-07-13 12:50:00,OGI
2.83,2.83,2.83,2.83,598,2021-07-13 12:51:00,OGI
2.83,2.83,2.83,2.83,100,2021-07-13 12:52:00,OGI
2.83,2.83,2.82,2.82,300,2021-07-13 12:53:00,OGI
2.82,2.82,2.82,2.82,450,2021-07-13 12:55:00,OGI
2.83,2.83,2.82,2.83,7327,2021-07-13 12:58:00,OGI
2.8299,2.83,2.82,2.83,955,2021-07-13 12:59:00,OGI
2.83,2.83,2.82,2.82,10600,2021-07-13 13:00:00,OGI
2.82,2.82,2.82,2.82,1390,2021-07-13 13:01:00,OGI
2.82,2.82,2.82,2.82,1000,2021-07-13 13:02:00,OGI
2.82,2.83,2.82,2.83,1290,2021-07-13 13:03:00,OGI
2.82,2.83,2.82,2.83,2172,2021-07-13 13:04:00,OGI
2.83,2.83,2.83,2.83,1500,2021-07-13 13:05:00,OGI
2.83,2.83,2.83,2.83,8006,2021-07-13 13:06:00,OGI
2.83,2.83,2.83,2.83,2000,2021-07-13 13:07:00,OGI
2.8299,2.83,2.82,2.83,1345,2021-07-13 13:08:00,OGI
2.8299,2.83,2.8299,2.83,2400,2021-07-13 13:09:00,OGI
2.8299,2.83,2.8299,2.83,2400,2021-07-13 13:10:00,OGI
2.82,2.83,2.82,2.83,200,2021-07-13 13:11:00,OGI
2.82,2.83,2.82,2.82,2800,2021-07-13 13:12:00,OGI
2.83,2.83,2.83,2.83,450,2021-07-13 13:13:00,OGI
2.83,2.83,2.83,2.83,200,2021-07-13 13:14:00,OGI
2.8299,2.83,2.8299,2.83,620,2021-07-13 13:15:00,OGI
2.8299,2.8299,2.8299,2.8299,4000,2021-07-13 13:16:00,OGI
2.83,2.83,2.83,2.83,11971,2021-07-13 13:17:00,OGI
2.83,2.83,2.81,2.81,3592,2021-07-13 13:18:00,OGI
2.82,2.82,2.82,2.82,100,2021-07-13 13:19:00,OGI
2.83,2.83,2.83,2.83,350,2021-07-13 13:20:00,OGI
2.83,2.83,2.83,2.83,2975,2021-07-13 13:21:00,OGI
2.8299,2.83,2.8299,2.83,1300,2021-07-13 13:22:00,OGI
2.83,2.83,2.83,2.83,1000,2021-07-13 13:23:00,OGI
2.8299,2.83,2.8299,2.83,1350,2021-07-13 13:24:00,OGI
2.83,2.88,2.83,2.88,37422,2021-07-13 13:25:00,OGI
2.85,2.88,2.85,2.86,2122,2021-07-13 13:26:00,OGI
2.86,2.86,2.85,2.85,11056,2021-07-13 13:27:00,OGI
2.87,2.88,2.87,2.88,7968,2021-07-13 13:28:00,OGI
2.89,2.89,2.88,2.89,1294,2021-07-13 13:29:00,OGI
2.89,2.9,2.86,2.8668,481250,2021-07-13 13:30:00,OGI
2.865,2.89,2.84,2.855,105968,2021-07-13 13:31:00,OGI
2.86,2.88,2.84,2.88,114309,2021-07-13 13:32:00,OGI
2.875,2.97,2.872,2.9568,249415,2021-07-13 13:33:00,OGI
2.955,2.9699,2.93,2.96,171604,2021-07-13 13:34:00,OGI
2.9677,2.99,2.95,2.985,175796,2021-07-13 13:35:00,OGI
2.9827,3.04,2.97,3.0395,499910,2021-07-13 13:36:00,OGI
3.035,3.05,2.98,2.98,429024,2021-07-13 13:37:00,OGI
2.99,3.0122,2.97,2.97,111210,2021-07-13 13:38:00,OGI
2.975,3.03,2.955,3.02,235754,2021-07-13 13:39:00,OGI
3.01,3.04,2.9914,3.03,281879,2021-07-13 13:40:00,OGI
3.03,3.06,3.02,3.035,276283,2021-07-13 13:41:00,OGI
3.03,3.06,3.02,3.0513,248001,2021-07-13 13:42:00,OGI
3.0561,3.07,3.04,3.06,254092,2021-07-13 13:43:00,OGI
3.06,3.07,3.03,3.0408,247059,2021-07-13 13:44:00,OGI
3.045,3.05,2.98,2.988,238061,2021-07-13 13:45:00,OGI
2.98,3.03,2.98,3.01,145694,2021-07-13 13:46:00,OGI
3.015,3.04,3.01,3.03,160323,2021-07-13 13:47:00,OGI
3.04,3.1,3.03,3.085,515089,2021-07-13 13:48:00,OGI
3.08,3.09,3.05,3.065,213234,2021-07-13 13:49:00,OGI
3.07,3.07,3.03,3.055,234707,2021-07-13 13:50:00,OGI
3.0593,3.12,3.05,3.077,578174,2021-07-13 13:51:00,OGI
3.075,3.13,3.0601,3.1224,229219,2021-07-13 13:52:00,OGI
3.1207,3.125,3.08,3.0899,224864,2021-07-13 13:53:00,OGI
3.0899,3.099,3.06,3.0799,184316,2021-07-13 13:54:00,OGI
3.02,3.045,3.01,3.0398,76717,2021-07-13 14:00:00,OGI
3.035,3.05,3.01,3.0123,76817,2021-07-13 14:01:00,OGI
3.02,3.02,2.99,2.995,132081,2021-07-13 14:02:00,OGI
2.995,3.0021,2.98,2.985,157929,2021-07-13 14:03:00,OGI
2.985,2.99,2.95,2.9775,126716,2021-07-13 14:04:00,OGI
2.9723,2.9799,2.96,2.9699,51205,2021-07-13 14:05:00,OGI
2.965,2.98,2.95,2.955,165530,2021-07-13 14:06:00,OGI
2.9579,2.985,2.93,2.985,296561,2021-07-13 14:07:00,OGI
2.9897,2.99,2.97,2.985,72185,2021-07-13 14:08:00,OGI
2.9897,3.0,2.98,2.99,75218,2021-07-13 14:09:00,OGI
2.985,2.995,2.96,2.9602,78670,2021-07-13 14:10:00,OGI
2.965,2.977,2.95,2.95,87600,2021-07-13 14:11:00,OGI
2.955,2.98,2.9528,2.968,69005,2021-07-13 14:12:00,OGI
2.9686,2.98,2.96,2.975,81079,2021-07-13 14:13:00,OGI
2.98,3.01,2.975,3.005,142217,2021-07-13 14:14:00,OGI
3.002,3.02,2.99,2.995,143193,2021-07-13 14:15:00,OGI
2.9977,3.005,2.9701,2.9827,66764,2021-07-13 14:16:00,OGI
2.9828,2.9893,2.97,2.975,19837,2021-07-13 14:17:00,OGI
2.98,2.99,2.97,2.9799,60730,2021-07-13 14:18:00,OGI
2.98,2.9899,2.96,2.965,51841,2021-07-13 14:19:00,OGI
2.965,2.965,2.92,2.9322,235107,2021-07-13 14:20:00,OGI
2.939,2.95,2.91,2.9219,146997,2021-07-13 14:21:00,OGI
2.93,2.94,2.91,2.93,112448,2021-07-13 14:22:00,OGI
2.929,2.95,2.92,2.9442,98659,2021-07-13 14:23:00,OGI
2.9413,2.9529,2.92,2.94,80518,2021-07-13 14:24:00,OGI
2.9401,2.95,2.93,2.9336,67379,2021-07-13 14:25:00,OGI
2.935,2.945,2.93,2.9399,68449,2021-07-13 14:26:00,OGI
2.933,2.957,2.933,2.9465,94641,2021-07-13 14:27:00,OGI
2.94,2.96,2.94,2.9572,48209,2021-07-13 14:28:00,OGI
2.9599,2.985,2.95,2.98,128101,2021-07-13 14:29:00,OGI
2.9823,2.99,2.98,2.983,32212,2021-07-13 14:30:00,OGI
2.9871,3.0,2.98,2.995,49765,2021-07-13 14:31:00,OGI
2.99,3.0,2.98,2.99,56427,2021-07-13 14:32:00,OGI
2.995,2.995,2.96,2.9635,68707,2021-07-13 14:33:00,OGI
2.965,2.99,2.96,2.9899,76065,2021-07-13 14:34:00,OGI
2.985,3.0,2.985,2.9918,54084,2021-07-13 14:35:00,OGI
2.995,3.0,2.99,2.995,59624,2021-07-13 14:36:00,OGI
2.9981,3.025,2.9981,3.0062,165278,2021-07-13 14:37:00,OGI
3.0,3.03,3.0,3.02,147016,2021-07-13 14:38:00,OGI
3.0264,3.04,3.02,3.035,85049,2021-07-13 14:39:00,OGI
3.0325,3.05,3.03,3.04,133340,2021-07-13 14:40:00,OGI
3.04,3.06,3.03,3.0499,117202,2021-07-13 14:41:00,OGI
3.04,3.06,3.04,3.0599,142836,2021-07-13 14:42:00,OGI
3.0586,3.06,3.05,3.0524,92286,2021-07-13 14:43:00,OGI
3.0565,3.06,3.04,3.047,85589,2021-07-13 14:44:00,OGI
3.0425,3.05,3.03,3.03,37062,2021-07-13 14:45:00,OGI
3.03,3.0302,3.01,3.017,78365,2021-07-13 14:46:00,OGI
3.0101,3.0499,3.0101,3.041,61483,2021-07-13 14:47:00,OGI
3.042,3.05,3.04,3.05,63101,2021-07-13 14:48:00,OGI
3.0497,3.06,3.04,3.055,62050,2021-07-13 14:49:00,OGI
3.0566,3.0566,3.0,3.02,199936,2021-07-13 14:50:00,OGI
3.01,3.02,3.0,3.0099,124598,2021-07-13 14:51:00,OGI
3.005,3.02,3.0,3.015,68841,2021-07-13 14:52:00,OGI
3.011,3.02,3.0,3.0079,40228,2021-07-13 14:53:00,OGI
3.01,3.01,2.96,2.966,130284,2021-07-13 14:54:00,OGI
2.9622,2.97,2.94,2.9488,125472,2021-07-13 14:55:00,OGI
2.945,2.955,2.94,2.94,72646,2021-07-13 14:56:00,OGI
2.9414,2.955,2.94,2.9424,63861,2021-07-13 14:57:00,OGI
2.945,2.9486,2.93,2.934,79737,2021-07-13 14:58:00,OGI
2.9399,2.94,2.9337,2.9375,10107,2021-07-13 14:59:00,OGI
2.935,2.935,2.92,2.9285,110114,2021-07-13 15:00:00,OGI
2.93,2.94,2.92,2.9317,92308,2021-07-13 15:01:00,OGI
2.9395,2.94,2.92,2.94,98086,2021-07-13 15:02:00,OGI
2.9307,2.9399,2.92,2.9279,62879,2021-07-13 15:03:00,OGI
2.925,2.9362,2.91,2.915,119111,2021-07-13 15:04:00,OGI
2.9101,2.92,2.9,2.9022,112091,2021-07-13 15:05:00,OGI
2.9067,2.9192,2.9,2.9,89681,2021-07-13 15:06:00,OGI
2.905,2.94,2.905,2.9387,101697,2021-07-13 15:07:00,OGI
2.935,2.94,2.92,2.9279,24042,2021-07-13 15:08:00,OGI
2.9227,2.94,2.92,2.9398,28030,2021-07-13 15:09:00,OGI
2.9385,2.94,2.93,2.9329,41486,2021-07-13 15:10:00,OGI
2.935,2.9399,2.92,2.9301,78473,2021-07-13 15:11:00,OGI
2.932,2.94,2.93,2.9394,9228,2021-07-13 15:12:00,OGI
2.94,2.95,2.9382,2.945,23524,2021-07-13 15:13:00,OGI
2.94,2.96,2.94,2.95,77949,2021-07-13 15:14:00,OGI
2.9501,2.96,2.95,2.9567,22512,2021-07-13 15:15:00,OGI
2.95,2.96,2.95,2.955,18579,2021-07-13 15:16:00,OGI
2.96,2.96,2.93,2.9379,40064,2021-07-13 15:17:00,OGI
2.9378,2.94,2.92,2.92,51316,2021-07-13 15:18:00,OGI
2.92,2.92,2.9,2.908,16529,2021-07-13 15:19:00,OGI
2.9099,2.92,2.9,2.9126,30776,2021-07-13 15:20:00,OGI
2.915,2.92,2.903,2.9081,24885,2021-07-13 15:21:00,OGI
2.9099,2.92,2.9,2.91,39184,2021-07-13 15:22:00,OGI
2.9121,2.9164,2.9,2.91,26529,2021-07-13 15:23:00,OGI
2.92,2.92,2.9,2.905,21908,2021-07-13 15:24:00,OGI
2.9081,2.9169,2.9081,2.91,18796,2021-07-13 15:25:00,OGI
2.91,2.9199,2.9,2.9001,66222,2021-07-13 15:26:00,OGI
2.9067,2.9082,2.9,2.902,14155,2021-07-13 15:27:00,OGI
2.9077,2.93,2.9,2.92,48212,2021-07-13 15:28:00,OGI
2.9299,2.93,2.92,2.925,11385,2021-07-13 15:29:00,OGI
2.9282,2.93,2.92,2.925,28909,2021-07-13 15:30:00,OGI
2.92,2.929,2.92,2.925,18886,2021-07-13 15:31:00,OGI
2.922,2.94,2.92,2.9201,29945,2021-07-13 15:32:00,OGI
2.9271,2.93,2.92,2.925,24714,2021-07-13 15:33:00,OGI
2.925,2.94,2.92,2.94,50640,2021-07-13 15:34:00,OGI
2.93,2.94,2.93,2.935,50046,2021-07-13 15:35:00,OGI
2.935,2.9399,2.92,2.9299,46567,2021-07-13 15:36:00,OGI
2.925,2.96,2.925,2.957,80196,2021-07-13 15:37:00,OGI
2.95,2.97,2.95,2.9677,89269,2021-07-13 15:38:00,OGI
2.9699,2.98,2.96,2.9782,38675,2021-07-13 15:39:00,OGI
2.975,2.9869,2.96,2.9793,114216,2021-07-13 15:40:00,OGI
2.9781,2.985,2.96,2.96,25388,2021-07-13 15:41:00,OGI
2.96,2.97,2.96,2.965,61630,2021-07-13 15:42:00,OGI
2.96,2.98,2.96,2.96,37097,2021-07-13 15:43:00,OGI
2.9669,2.97,2.955,2.9699,8930,2021-07-13 15:44:00,OGI
2.965,2.98,2.9617,2.9771,20451,2021-07-13 15:45:00,OGI
2.975,2.98,2.97,2.97,6655,2021-07-13 15:46:00,OGI
2.97,2.9797,2.96,2.97,8008,2021-07-13 15:47:00,OGI
2.97,2.97,2.95,2.95,19984,2021-07-13 15:48:00,OGI
2.94,2.95,2.94,2.94,18803,2021-07-13 15:49:00,OGI
2.95,2.959,2.94,2.95,80978,2021-07-13 15:50:00,OGI
2.955,2.9599,2.95,2.955,9746,2021-07-13 15:51:00,OGI
2.955,2.9699,2.955,2.965,10559,2021-07-13 15:52:00,OGI
2.9699,2.98,2.9676,2.977,7667,2021-07-13 15:53:00,OGI
2.975,2.99,2.975,2.9842,140438,2021-07-13 15:54:00,OGI
2.9878,2.99,2.98,2.985,22867,2021-07-13 15:55:00,OGI
2.98,3.01,2.97,3.01,285711,2021-07-13 15:56:00,OGI
3.0042,3.0095,2.99,2.9911,65561,2021-07-13 15:57:00,OGI
2.995,2.995,2.98,2.99,35513,2021-07-13 15:58:00,OGI
2.99,3.0,2.98,2.98,70385,2021-07-13 15:59:00,OGI
2.985,2.99,2.98,2.985,31383,2021-07-13 16:00:00,OGI
2.98,2.985,2.9601,2.965,78371,2021-07-13 16:01:00,OGI
2.9699,2.97,2.96,2.965,6229,2021-07-13 16:02:00,OGI
2.9629,2.97,2.96,2.9601,26985,2021-07-13 16:03:00,OGI
2.97,2.97,2.96,2.96,10819,2021-07-13 16:04:00,OGI
2.9685,2.98,2.9634,2.98,21608,2021-07-13 16:05:00,OGI
2.975,2.99,2.9701,2.985,57089,2021-07-13 16:06:00,OGI
2.98,2.99,2.98,2.985,11215,2021-07-13 16:07:00,OGI
2.985,2.989,2.98,2.985,9620,2021-07-13 16:08:00,OGI
2.9888,3.0,2.98,2.995,29586,2021-07-13 16:09:00,OGI
2.99,3.0,2.99,3.0,22274,2021-07-13 16:10:00,OGI
2.9971,3.02,2.9971,3.02,68352,2021-07-13 16:11:00,OGI
3.0114,3.02,3.01,3.0161,34621,2021-07-13 16:12:00,OGI
3.0179,3.02,3.01,3.0161,123988,2021-07-13 16:13:00,OGI
3.0101,3.0199,3.01,3.0101,7466,2021-07-13 16:14:00,OGI
3.0101,3.03,3.01,3.03,100721,2021-07-13 16:15:00,OGI
3.0273,3.0299,3.0021,3.0073,35125,2021-07-13 16:16:00,OGI
3.005,3.01,3.0,3.01,29765,2021-07-13 16:17:00,OGI
3.0,3.01,2.9925,2.9925,35483,2021-07-13 16:18:00,OGI
2.99,2.995,2.98,2.985,51527,2021-07-13 16:19:00,OGI
2.9882,3.0,2.985,2.9962,55642,2021-07-13 16:20:00,OGI
3.0,3.01,2.9947,3.0085,165701,2021-07-13 16:21:00,OGI
3.0001,3.01,3.0,3.007,21029,2021-07-13 16:22:00,OGI
3.0,3.0099,3.0,3.0065,8902,2021-07-13 16:23:00,OGI
3.0062,3.0099,3.0,3.005,14154,2021-07-13 16:24:00,OGI
3.005,3.02,3.0,3.02,45946,2021-07-13 16:25:00,OGI
3.02,3.04,3.02,3.025,46297,2021-07-13 16:26:00,OGI
3.03,3.05,3.0298,3.045,223125,2021-07-13 16:27:00,OGI
3.04,3.05,3.0325,3.0408,83721,2021-07-13 16:28:00,OGI
3.0407,3.05,3.0304,3.0485,41706,2021-07-13 16:29:00,OGI
3.04,3.05,3.04,3.0466,31560,2021-07-13 16:30:00,OGI
3.04,3.045,3.03,3.04,54609,2021-07-13 16:31:00,OGI
3.0393,3.04,3.02,3.02,45476,2021-07-13 16:32:00,OGI
3.0212,3.03,3.015,3.02,49112,2021-07-13 16:33:00,OGI
3.02,3.04,3.0127,3.0297,80320,2021-07-13 16:34:00,OGI
3.0281,3.05,3.025,3.045,160361,2021-07-13 16:35:00,OGI
3.0411,3.05,3.04,3.05,31991,2021-07-13 16:36:00,OGI
3.05,3.05,3.04,3.045,33103,2021-07-13 16:37:00,OGI
3.0412,3.07,3.04,3.059,328894,2021-07-13 16:38:00,OGI
3.06,3.07,3.05,3.0592,84401,2021-07-13 16:39:00,OGI
3.06,3.07,3.05,3.06,37074,2021-07-13 16:40:00,OGI
3.0583,3.07,3.05,3.065,56793,2021-07-13 16:41:00,OGI
3.0666,3.0666,3.04,3.045,44735,2021-07-13 16:42:00,OGI
3.045,3.05,3.03,3.0312,33346,2021-07-13 16:43:00,OGI
3.0304,3.035,3.02,3.03,31649,2021-07-13 16:44:00,OGI
3.029,3.029,3.01,3.02,65512,2021-07-13 16:45:00,OGI
3.0182,3.025,3.01,3.02,67977,2021-07-13 16:46:00,OGI
3.02,3.02,3.0,3.005,49585,2021-07-13 16:47:00,OGI
3.0093,3.02,3.0,3.0001,51740,2021-07-13 16:48:00,OGI
3.005,3.005,2.98,2.99,48760,2021-07-13 16:49:00,OGI
2.99,2.99,2.98,2.9878,21333,2021-07-13 16:50:00,OGI
2.989,2.99,2.98,2.9899,37923,2021-07-13 16:51:00,OGI
2.9899,2.99,2.98,2.985,7492,2021-07-13 16:52:00,OGI
2.983,2.99,2.983,2.985,10134,2021-07-13 16:53:00,OGI
2.99,2.99,2.98,2.99,35265,2021-07-13 16:54:00,OGI
2.985,2.99,2.98,2.985,10627,2021-07-13 16:55:00,OGI
2.99,2.99,2.9818,2.985,11409,2021-07-13 16:56:00,OGI
2.99,3.0,2.9838,2.985,28451,2021-07-13 16:57:00,OGI
2.9848,2.99,2.95,2.96,188327,2021-07-13 16:58:00,OGI
2.955,2.97,2.9533,2.965,36943,2021-07-13 16:59:00,OGI
2.965,2.97,2.9601,2.965,15517,2021-07-13 17:00:00,OGI
2.97,2.98,2.9632,2.9699,72550,2021-07-13 17:01:00,OGI
2.9678,2.97,2.9601,2.9665,17737,2021-07-13 17:02:00,OGI
2.965,2.97,2.9533,2.9599,49144,2021-07-13 17:03:00,OGI
2.955,2.96,2.94,2.9465,71812,2021-07-13 17:04:00,OGI
2.9429,2.95,2.94,2.945,14847,2021-07-13 17:05:00,OGI
2.94,2.95,2.9301,2.945,41193,2021-07-13 17:06:00,OGI
2.945,2.945,2.93,2.94,20220,2021-07-13 17:07:00,OGI
2.9386,2.94,2.935,2.94,8800,2021-07-13 17:08:00,OGI
2.9386,2.95,2.93,2.9399,50366,2021-07-13 17:09:00,OGI
2.9378,2.95,2.9366,2.9426,39512,2021-07-13 17:10:00,OGI
2.945,2.945,2.93,2.9383,53304,2021-07-13 17:11:00,OGI
2.93,2.94,2.93,2.9333,13738,2021-07-13 17:12:00,OGI
2.9387,2.94,2.93,2.9325,18833,2021-07-13 17:13:00,OGI
2.9301,2.9399,2.91,2.915,183478,2021-07-13 17:14:00,OGI
2.9131,2.93,2.913,2.9201,141676,2021-07-13 17:15:00,OGI
2.92,2.93,2.92,2.9278,7765,2021-07-13 17:16:00,OGI
2.925,2.93,2.92,2.925,37037,2021-07-13 17:17:00,OGI
2.92,2.93,2.92,2.9243,5861,2021-07-13 17:18:00,OGI
2.92,2.92,2.9,2.905,86300,2021-07-13 17:19:00,OGI
2.91,2.93,2.905,2.9201,85462,2021-07-13 17:20:00,OGI
2.92,2.93,2.92,2.9218,33647,2021-07-13 17:21:00,OGI
2.93,2.94,2.925,2.93,36691,2021-07-13 17:22:00,OGI
2.93,2.94,2.93,2.9368,31491,2021-07-13 17:23:00,OGI
2.9399,2.9399,2.93,2.93,18577,2021-07-13 17:24:00,OGI
2.94,2.94,2.93,2.93,6043,2021-07-13 17:25:00,OGI
2.9301,2.9386,2.93,2.935,11299,2021-07-13 17:26:00,OGI
2.9313,2.935,2.9132,2.9132,43839,2021-07-13 17:27:00,OGI
2.915,2.92,2.915,2.92,37814,2021-07-13 17:28:00,OGI
2.9132,2.93,2.91,2.92,60385,2021-07-13 17:29:00,OGI
2.9274,2.9274,2.91,2.92,34491,2021-07-13 17:30:00,OGI
2.9198,2.92,2.91,2.9138,11107,2021-07-13 17:31:00,OGI
2.9101,2.915,2.9,2.9082,109678,2021-07-13 17:32:00,OGI
2.9036,2.93,2.9001,2.92,58542,2021-07-13 17:33:00,OGI
2.9201,2.925,2.91,2.92,85577,2021-07-13 17:34:00,OGI
2.92,2.93,2.915,2.915,28985,2021-07-13 17:35:00,OGI
2.9124,2.92,2.9101,2.92,18434,2021-07-13 17:36:00,OGI
2.9182,2.92,2.9137,2.9188,7070,2021-07-13 17:37:00,OGI
2.92,2.9468,2.92,2.9468,97971,2021-07-13 17:38:00,OGI
2.9487,2.96,2.945,2.95,48480,2021-07-13 17:39:00,OGI
2.96,2.9684,2.9491,2.95,46018,2021-07-13 17:40:00,OGI
2.943,2.949,2.935,2.935,28409,2021-07-13 17:41:00,OGI
2.935,2.9389,2.93,2.935,37482,2021-07-13 17:42:00,OGI
2.9374,2.95,2.93,2.9389,91238,2021-07-13 17:43:00,OGI
2.935,2.9469,2.93,2.9377,35236,2021-07-13 17:44:00,OGI
2.9377,2.9377,2.92,2.925,14437,2021-07-13 17:45:00,OGI
2.93,2.94,2.9216,2.935,21081,2021-07-13 17:46:00,OGI
2.935,2.946,2.935,2.9413,31071,2021-07-13 17:47:00,OGI
2.9419,2.95,2.94,2.95,18279,2021-07-13 17:48:00,OGI
2.9412,2.95,2.94,2.9414,6409,2021-07-13 17:49:00,OGI
2.945,2.9499,2.94,2.9499,21236,2021-07-13 17:50:00,OGI
2.94,2.945,2.9336,2.9336,3390,2021-07-13 17:51:00,OGI
2.9391,2.945,2.9391,2.9439,4837,2021-07-13 17:52:00,OGI
2.948,2.96,2.948,2.9591,19201,2021-07-13 17:53:00,OGI
2.952,2.96,2.952,2.955,3849,2021-07-13 17:54:00,OGI
2.9585,2.97,2.95,2.97,16171,2021-07-13 17:55:00,OGI
2.965,2.965,2.95,2.95,15867,2021-07-13 17:56:00,OGI
2.955,2.96,2.95,2.955,18132,2021-07-13 17:57:00,OGI
2.955,2.9584,2.9501,2.9519,7525,2021-07-13 17:58:00,OGI
2.9577,2.96,2.954,2.96,5740,2021-07-13 17:59:00,OGI
2.959,2.96,2.95,2.9592,13228,2021-07-13 18:00:00,OGI
2.955,2.97,2.955,2.9682,21128,2021-07-13 18:01:00,OGI
2.965,2.9699,2.96,2.9661,9058,2021-07-13 18:02:00,OGI
2.965,2.969,2.94,2.9437,31620,2021-07-13 18:03:00,OGI
2.9499,2.95,2.93,2.931,17892,2021-07-13 18:04:00,OGI
2.935,2.95,2.93,2.95,64949,2021-07-13 18:05:00,OGI
2.9401,2.95,2.94,2.945,22554,2021-07-13 18:06:00,OGI
2.945,2.9499,2.94,2.9425,3412,2021-07-13 18:07:00,OGI
2.9462,2.95,2.94,2.9464,10085,2021-07-13 18:08:00,OGI
2.95,2.97,2.9415,2.97,15325,2021-07-13 18:09:00,OGI
2.9679,2.98,2.965,2.98,35239,2021-07-13 18:10:00,OGI
2.975,2.98,2.9714,2.9717,9111,2021-07-13 18:11:00,OGI
2.97,2.9799,2.97,2.9799,9300,2021-07-13 18:12:00,OGI
2.9716,2.9868,2.9716,2.98,15989,2021-07-13 18:13:00,OGI
2.9866,2.9899,2.9708,2.9708,19634,2021-07-13 18:14:00,OGI
2.9778,2.98,2.9701,2.9718,1954,2021-07-13 18:15:00,OGI
2.975,2.99,2.975,2.985,8601,2021-07-13 18:16:00,OGI
2.9801,2.9861,2.98,2.981,3198,2021-07-13 18:17:00,OGI
2.9899,2.99,2.98,2.98,6389,2021-07-13 18:18:00,OGI
2.98,2.99,2.98,2.985,17945,2021-07-13 18:19:00,OGI
2.982,2.9862,2.9801,2.982,2858,2021-07-13 18:20:00,OGI
2.9844,2.9862,2.98,2.9862,24375,2021-07-13 18:21:00,OGI
2.985,2.99,2.98,2.9867,25071,2021-07-13 18:22:00,OGI
2.986,3.0,2.986,2.9999,52276,2021-07-13 18:23:00,OGI
2.9912,2.9975,2.99,2.9971,7273,2021-07-13 18:24:00,OGI
2.99,2.9999,2.99,2.9938,6205,2021-07-13 18:25:00,OGI
2.9961,3.0,2.99,2.9901,74062,2021-07-13 18:26:00,OGI
2.995,2.995,2.99,2.99,3019,2021-07-13 18:27:00,OGI
2.9963,2.9999,2.995,2.995,8898,2021-07-13 18:28:00,OGI
2.995,2.9961,2.99,2.9913,7302,2021-07-13 18:29:00,OGI
2.99,2.99,2.9801,2.985,21847,2021-07-13 18:30:00,OGI
2.9881,2.99,2.98,2.9822,10953,2021-07-13 18:31:00,OGI
2.985,2.99,2.9833,2.99,5050,2021-07-13 18:32:00,OGI
2.985,2.985,2.98,2.9826,2247,2021-07-13 18:33:00,OGI
2.985,2.99,2.9801,2.9882,2300,2021-07-13 18:34:00,OGI
2.983,2.9884,2.983,2.985,3054,2021-07-13 18:35:00,OGI
2.985,2.99,2.975,2.98,17679,2021-07-13 18:36:00,OGI
2.975,2.98,2.97,2.975,17407,2021-07-13 18:37:00,OGI
2.97,2.9799,2.97,2.9763,2898,2021-07-13 18:38:00,OGI
2.9761,2.9761,2.96,2.965,10187,2021-07-13 18:39:00,OGI
2.97,2.97,2.962,2.965,16182,2021-07-13 18:40:00,OGI
2.9639,2.9699,2.9617,2.965,6300,2021-07-13 18:41:00,OGI
2.96,2.9677,2.96,2.96,4719,2021-07-13 18:42:00,OGI
2.9699,2.97,2.96,2.965,3118,2021-07-13 18:43:00,OGI
2.96,2.97,2.96,2.96,3437,2021-07-13 18:44:00,OGI
2.96,2.965,2.95,2.955,10729,2021-07-13 18:45:00,OGI
2.9518,2.9569,2.95,2.95,7371,2021-07-13 18:46:00,OGI
2.955,2.955,2.95,2.95,3415,2021-07-13 18:47:00,OGI
2.95,2.955,2.94,2.945,22289,2021-07-13 18:48:00,OGI
2.942,2.95,2.9401,2.9414,3503,2021-07-13 18:49:00,OGI
2.945,2.945,2.94,2.94,3892,2021-07-13 18:50:00,OGI
2.9461,2.95,2.94,2.95,13240,2021-07-13 18:51:00,OGI
2.945,2.945,2.9294,2.93,16746,2021-07-13 18:52:00,OGI
2.925,2.93,2.92,2.925,10534,2021-07-13 18:53:00,OGI
2.925,2.93,2.923,2.929,2133,2021-07-13 18:54:00,OGI
2.9286,2.935,2.92,2.925,28524,2021-07-13 18:55:00,OGI
2.924,2.9257,2.9201,2.925,4512,2021-07-13 18:56:00,OGI
2.93,2.93,2.92,2.9277,3940,2021-07-13 18:57:00,OGI
2.92,2.93,2.92,2.92,5282,2021-07-13 18:58:00,OGI
2.925,2.9366,2.92,2.9366,13059,2021-07-13 18:59:00,OGI
2.9332,2.9399,2.9325,2.935,18480,2021-07-13 19:00:00,OGI
2.9399,2.94,2.93,2.935,4873,2021-07-13 19:01:00,OGI
2.94,2.94,2.93,2.9399,27771,2021-07-13 19:02:00,OGI
2.94,2.94,2.93,2.935,4708,2021-07-13 19:03:00,OGI
2.94,2.94,2.9329,2.9329,2800,2021-07-13 19:04:00,OGI
2.9339,2.95,2.93,2.9467,16398,2021-07-13 19:05:00,OGI
2.945,2.95,2.94,2.945,13459,2021-07-13 19:06:00,OGI
2.94,2.95,2.94,2.945,10525,2021-07-13 19:07:00,OGI
2.9428,2.95,2.9419,2.9474,17194,2021-07-13 19:08:00,OGI
2.945,2.95,2.945,2.945,1950,2021-07-13 19:09:00,OGI
2.9463,2.95,2.9401,2.945,14395,2021-07-13 19:10:00,OGI
2.945,2.946,2.93,2.93,37185,2021-07-13 19:11:00,OGI
2.94,2.94,2.9344,2.935,15076,2021-07-13 19:12:00,OGI
2.934,2.94,2.9339,2.935,4542,2021-07-13 19:13:00,OGI
2.94,2.94,2.9301,2.94,7662,2021-07-13 19:14:00,OGI
2.939,2.94,2.9202,2.93,49504,2021-07-13 19:15:00,OGI
2.9281,2.93,2.92,2.925,52415,2021-07-13 19:16:00,OGI
2.925,2.93,2.91,2.915,80486,2021-07-13 19:17:00,OGI
2.915,2.92,2.91,2.91,15931,2021-07-13 19:18:00,OGI
2.9133,2.92,2.91,2.91,28065,2021-07-13 19:19:00,OGI
2.9128,2.92,2.91,2.91,23924,2021-07-13 19:20:00,OGI
2.9136,2.92,2.91,2.9199,21004,2021-07-13 19:21:00,OGI
2.92,2.92,2.91,2.9131,2949,2021-07-13 19:22:00,OGI
2.9134,2.92,2.91,2.92,6441,2021-07-13 19:23:00,OGI
2.91,2.92,2.91,2.91,11828,2021-07-13 19:24:00,OGI
2.915,2.93,2.915,2.93,11755,2021-07-13 19:25:00,OGI
2.9219,2.93,2.92,2.925,34498,2021-07-13 19:26:00,OGI
2.92,2.94,2.92,2.94,56677,2021-07-13 19:27:00,OGI
2.935,2.94,2.93,2.935,40951,2021-07-13 19:28:00,OGI
2.935,2.95,2.9334,2.95,77578,2021-07-13 19:29:00,OGI
2.945,2.95,2.9335,2.9357,88053,2021-07-13 19:30:00,OGI
2.934,2.94,2.93,2.935,27266,2021-07-13 19:31:00,OGI
2.93,2.94,2.93,2.9399,13286,2021-07-13 19:32:00,OGI
2.9385,2.94,2.93,2.936,35207,2021-07-13 19:33:00,OGI
2.9379,2.95,2.9379,2.94,35494,2021-07-13 19:34:00,OGI
2.9461,2.95,2.94,2.9414,4431,2021-07-13 19:35:00,OGI
2.94,2.95,2.94,2.945,7796,2021-07-13 19:36:00,OGI
2.945,2.9471,2.94,2.9462,4477,2021-07-13 19:37:00,OGI
2.94,2.95,2.94,2.945,18789,2021-07-13 19:38:00,OGI
2.95,2.95,2.94,2.9426,12222,2021-07-13 19:39:00,OGI
2.945,2.95,2.94,2.945,16511,2021-07-13 19:40:00,OGI
2.945,2.95,2.94,2.9428,27880,2021-07-13 19:41:00,OGI
2.945,2.95,2.94,2.943,29982,2021-07-13 19:42:00,OGI
2.945,2.95,2.933,2.935,44157,2021-07-13 19:43:00,OGI
2.935,2.94,2.93,2.935,14871,2021-07-13 19:44:00,OGI
2.935,2.94,2.93,2.9373,14988,2021-07-13 19:45:00,OGI
2.935,2.94,2.93,2.93,17687,2021-07-13 19:46:00,OGI
2.932,2.94,2.93,2.93,12236,2021-07-13 19:47:00,OGI
2.935,2.94,2.93,2.9366,12698,2021-07-13 19:48:00,OGI
2.93,2.94,2.93,2.93,17206,2021-07-13 19:49:00,OGI
2.94,2.94,2.93,2.932,41235,2021-07-13 19:50:00,OGI
2.935,2.94,2.93,2.93,17385,2021-07-13 19:51:00,OGI
2.9399,2.94,2.93,2.9304,14460,2021-07-13 19:52:00,OGI
2.935,2.94,2.93,2.9399,21135,2021-07-13 19:53:00,OGI
2.9304,2.9399,2.93,2.93,10836,2021-07-13 19:54:00,OGI
2.935,2.94,2.93,2.9301,65078,2021-07-13 19:55:00,OGI
2.93,2.94,2.93,2.93,19945,2021-07-13 19:56:00,OGI
2.935,2.94,2.93,2.94,26141,2021-07-13 19:57:00,OGI
2.93,2.94,2.93,2.932,26259,2021-07-13 19:58:00,OGI
2.935,2.94,2.93,2.93,83632,2021-07-13 19:59:00,OGI
2.94,2.9673,2.94,2.9673,37874,2021-07-13 20:00:00,OGI
2.96,2.96,2.9599,2.96,750,2021-07-13 20:01:00,OGI
2.9307,2.9307,2.93,2.93,737,2021-07-13 20:02:00,OGI
2.94,2.94,2.94,2.94,700,2021-07-13 20:03:00,OGI
2.9399,2.94,2.9399,2.94,900,2021-07-13 20:07:00,OGI
2.93,2.93,2.93,2.93,100,2021-07-13 20:08:00,OGI
2.94,2.95,2.94,2.95,1066,2021-07-13 20:09:00,OGI
2.95,2.95,2.95,2.95,1274,2021-07-13 20:10:00,OGI
2.9598,2.96,2.9598,2.96,700,2021-07-13 20:12:00,OGI
2.93,2.93,2.93,2.93,500,2021-07-13 20:13:00,OGI
2.93,2.93,2.93,2.93,215,2021-07-13 20:16:00,OGI
2.9301,2.9301,2.9301,2.9301,170,2021-07-13 20:17:00,OGI
2.96,2.96,2.96,2.96,125,2021-07-13 20:20:00,OGI
2.96,2.96,2.96,2.96,1500,2021-07-13 20:29:00,OGI
2.96,2.96,2.95,2.95,600,2021-07-13 20:31:00,OGI
2.96,2.96,2.96,2.96,400,2021-07-13 20:33:00,OGI
2.95,2.95,2.95,2.95,100,2021-07-13 20:36:00,OGI
2.96,2.96,2.9599,2.96,2200,2021-07-13 20:38:00,OGI
2.95,2.95,2.95,2.95,1116,2021-07-13 20:40:00,OGI
2.9599,2.9599,2.9599,2.9599,2000,2021-07-13 20:41:00,OGI
2.95,2.95,2.95,2.95,500,2021-07-13 20:42:00,OGI
2.96,2.96,2.96,2.96,3508,2021-07-13 20:43:00,OGI
2.96,2.96,2.96,2.96,100,2021-07-13 20:46:00,OGI
2.95,2.95,2.95,2.95,1419,2021-07-13 20:47:00,OGI
2.95,2.96,2.95,2.96,2991,2021-07-13 20:50:00,OGI
2.9599,2.96,2.9599,2.96,800,2021-07-13 20:53:00,OGI
2.97,2.97,2.97,2.97,2000,2021-07-13 20:57:00,OGI
2.97,2.97,2.97,2.97,401,2021-07-13 20:59:00,OGI
2.97,2.97,2.94,2.96,1500,2021-07-13 21:01:00,OGI
2.96,2.96,2.96,2.96,700,2021-07-13 21:02:00,OGI
2.9599,2.9599,2.9599,2.9599,1000,2021-07-13 21:05:00,OGI
2.9599,2.9599,2.9599,2.9599,100,2021-07-13 21:09:00,OGI
2.96,2.96,2.95,2.95,5800,2021-07-13 21:11:00,OGI
2.95,2.95,2.95,2.95,4000,2021-07-13 21:12:00,OGI
2.96,2.96,2.96,2.96,319,2021-07-13 21:13:00,OGI
2.96,2.96,2.95,2.95,3000,2021-07-13 21:14:00,OGI
2.9499,2.9499,2.9499,2.9499,1000,2021-07-13 21:15:00,OGI
2.945,2.95,2.94,2.95,1540,2021-07-13 21:16:00,OGI
2.95,2.95,2.95,2.95,100,2021-07-13 21:17:00,OGI
2.95,2.95,2.95,2.95,100,2021-07-13 21:27:00,OGI
2.94,2.94,2.94,2.94,200,2021-07-13 21:28:00,OGI
2.9401,2.9401,2.9401,2.9401,1000,2021-07-13 21:29:00,OGI
2.9401,2.9401,2.9401,2.9401,490,2021-07-13 21:30:00,OGI
2.94,2.94,2.94,2.94,100,2021-07-13 21:32:00,OGI
2.94,2.95,2.94,2.95,1100,2021-07-13 21:34:00,OGI
2.9499,2.9499,2.9499,2.9499,300,2021-07-13 21:36:00,OGI
2.95,2.95,2.95,2.95,100,2021-07-13 21:42:00,OGI
2.94,2.94,2.94,2.94,558,2021-07-13 21:45:00,OGI
2.9401,2.9401,2.9401,2.9401,200,2021-07-13 21:47:00,OGI
2.96,2.96,2.96,2.96,1100,2021-07-13 21:49:00,OGI
2.96,2.96,2.96,2.96,100,2021-07-13 21:50:00,OGI
2.95,2.95,2.94,2.94,300,2021-07-13 21:58:00,OGI
2.95,2.95,2.95,2.95,156,2021-07-13 21:59:00,OGI
2.95,2.95,2.95,2.95,451,2021-07-13 22:15:00,OGI
2.96,2.96,2.96,2.96,717,2021-07-13 22:16:00,OGI
2.94,2.94,2.94,2.94,473,2021-07-13 22:26:00,OGI
2.93,2.93,2.93,2.93,301,2021-07-13 22:30:00,OGI
2.93,2.93,2.92,2.92,4549,2021-07-13 22:31:00,OGI
2.96,2.96,2.96,2.96,1000,2021-07-13 22:48:00,OGI
2.95,2.95,2.95,2.95,200,2021-07-13 22:54:00,OGI
2.95,2.95,2.95,2.95,1016,2021-07-13 23:17:00,OGI
2.95,2.95,2.95,2.95,266,2021-07-13 23:19:00,OGI
2.95,2.95,2.95,2.95,300,2021-07-13 23:42:00,OGI
2.94,2.94,2.94,2.94,500,2021-07-13 23:43:00,OGI
2.95,2.95,2.95,2.95,500,2021-07-13 23:51:00,OGI
2.95,2.95,2.95,2.95,10867,2021-07-13 23:56:00,OGI
2.95,2.95,2.95,2.95,340,2021-07-13 23:58:00,OGI
2.95,2.95,2.95,2.95,375,2021-07-14 08:00:00,OGI
3.0,3.0,3.0,3.0,100,2021-07-14 08:23:00,OGI
2.96,2.96,2.96,2.96,1000,2021-07-14 09:14:00,OGI
2.97,2.97,2.97,2.97,242,2021-07-14 09:48:00,OGI
2.97,2.97,2.97,2.97,1000,2021-07-14 10:34:00,OGI
2.97,2.97,2.97,2.97,400,2021-07-14 10:35:00,OGI
2.97,2.97,2.97,2.97,100,2021-07-14 10:44:00,OGI
3.06,3.06,3.06,3.06,770,2021-07-14 10:46:00,OGI
2.99,3.0,2.99,3.0,2600,2021-07-14 11:00:00,OGI
3.0,3.0,3.0,3.0,851,2021-07-14 11:02:00,OGI
3.01,3.01,3.01,3.01,1200,2021-07-14 11:09:00,OGI
3.01,3.01,3.01,3.01,300,2021-07-14 11:20:00,OGI
3.01,3.01,3.01,3.01,582,2021-07-14 11:21:00,OGI
3.02,3.03,3.02,3.03,399,2021-07-14 11:30:00,OGI
3.04,3.04,3.04,3.04,1809,2021-07-14 11:57:00,OGI
3.04,3.04,3.04,3.04,100,2021-07-14 11:58:00,OGI
3.04,3.04,3.04,3.04,100,2021-07-14 12:00:00,OGI
3.05,3.05,3.04,3.04,600,2021-07-14 12:01:00,OGI
3.05,3.05,3.05,3.05,10000,2021-07-14 12:05:00,OGI
3.0399,3.04,3.0399,3.04,900,2021-07-14 12:08:00,OGI
3.03,3.03,3.03,3.03,150,2021-07-14 12:09:00,OGI
3.0399,3.0399,3.03,3.03,1900,2021-07-14 12:10:00,OGI
3.03,3.03,3.03,3.03,2889,2021-07-14 12:12:00,OGI
3.04,3.04,3.04,3.04,10000,2021-07-14 12:13:00,OGI
3.04,3.04,3.04,3.04,3000,2021-07-14 12:14:00,OGI
3.04,3.04,3.04,3.04,100,2021-07-14 12:19:00,OGI
3.0399,3.0399,3.0399,3.0399,100,2021-07-14 12:20:00,OGI
3.04,3.04,3.04,3.04,200,2021-07-14 12:21:00,OGI
3.04,3.05,3.04,3.05,4672,2021-07-14 12:22:00,OGI
3.03,3.03,3.03,3.03,100,2021-07-14 12:29:00,OGI
3.02,3.02,3.02,3.02,500,2021-07-14 12:30:00,OGI
3.03,3.03,3.03,3.03,100,2021-07-14 12:31:00,OGI
3.03,3.03,3.03,3.03,200,2021-07-14 12:36:00,OGI
3.03,3.03,3.03,3.03,300,2021-07-14 12:37:00,OGI
3.03,3.03,3.03,3.03,625,2021-07-14 12:40:00,OGI
3.03,3.04,3.03,3.04,400,2021-07-14 12:41:00,OGI
3.05,3.05,3.05,3.05,100,2021-07-14 12:42:00,OGI
3.03,3.03,3.03,3.03,200,2021-07-14 12:43:00,OGI
3.05,3.05,3.05,3.05,500,2021-07-14 12:45:00,OGI
3.04,3.04,3.04,3.04,100,2021-07-14 12:46:00,OGI
3.04,3.04,3.04,3.04,200,2021-07-14 12:47:00,OGI
3.03,3.03,3.03,3.03,1383,2021-07-14 12:51:00,OGI
3.02,3.02,3.02,3.02,100,2021-07-14 12:52:00,OGI
3.03,3.03,3.01,3.01,4990,2021-07-14 12:53:00,OGI
3.01,3.01,3.01,3.01,1900,2021-07-14 12:54:00,OGI
3.01,3.01,3.01,3.01,1100,2021-07-14 12:55:00,OGI
3.01,3.01,3.01,3.01,110,2021-07-14 12:56:00,OGI
3.0,3.02,3.0,3.0,1822,2021-07-14 12:57:00,OGI
3.01,3.02,3.0,3.01,817,2021-07-14 12:58:00,OGI
3.0,3.0,3.0,3.0,199,2021-07-14 12:59:00,OGI
3.01,3.01,3.01,3.01,100,2021-07-14 13:00:00,OGI
3.01,3.01,3.01,3.01,12000,2021-07-14 13:01:00,OGI
3.01,3.01,3.01,3.01,1106,2021-07-14 13:02:00,OGI
3.0099,3.01,3.0099,3.01,1160,2021-07-14 13:03:00,OGI
3.01,3.01,3.01,3.01,1133,2021-07-14 13:04:00,OGI
3.01,3.01,3.01,3.01,800,2021-07-14 13:05:00,OGI
3.0,3.0,3.0,3.0,300,2021-07-14 13:07:00,OGI
3.0,3.0,3.0,3.0,2382,2021-07-14 13:08:00,OGI
3.01,3.01,3.0,3.0,1254,2021-07-14 13:09:00,OGI
3.0,3.0,3.0,3.0,640,2021-07-14 13:10:00,OGI
3.0,3.0,3.0,3.0,200,2021-07-14 13:11:00,OGI
3.0,3.0,3.0,3.0,400,2021-07-14 13:13:00,OGI
3.01,3.01,3.01,3.01,100,2021-07-14 13:14:00,OGI
3.0001,3.0001,3.0001,3.0001,100,2021-07-14 13:15:00,OGI
3.0,3.0,3.0,3.0,400,2021-07-14 13:18:00,OGI
3.0,3.0,3.0,3.0,3761,2021-07-14 13:21:00,OGI
3.01,3.01,3.01,3.01,1000,2021-07-14 13:22:00,OGI
3.01,3.01,3.01,3.01,200,2021-07-14 13:23:00,OGI
3.01,3.01,3.01,3.01,100,2021-07-14 13:24:00,OGI
3.02,3.04,3.02,3.04,15176,2021-07-14 13:25:00,OGI
3.02,3.02,3.02,3.02,492,2021-07-14 13:26:00,OGI
3.03,3.03,3.02,3.02,390,2021-07-14 13:28:00,OGI
3.0,3.03,3.0,3.03,4199,2021-07-14 13:29:00,OGI
3.03,3.04,2.98,3.0,189772,2021-07-14 13:30:00,OGI
2.99,2.99,2.95,2.969,77426,2021-07-14 13:31:00,OGI
2.97,2.975,2.9396,2.9396,114387,2021-07-14 13:32:00,OGI
2.9386,2.95,2.915,2.9359,62049,2021-07-14 13:33:00,OGI
2.9321,2.9321,2.88,2.885,167849,2021-07-14 13:34:00,OGI
2.8893,2.915,2.8893,2.91,105167,2021-07-14 13:35:00,OGI
2.9,2.93,2.89,2.92,60367,2021-07-14 13:36:00,OGI
2.92,2.94,2.9199,2.925,46047,2021-07-14 13:37:00,OGI
2.9269,2.9277,2.89,2.89,44923,2021-07-14 13:38:00,OGI
2.9,2.9,2.89,2.8901,37588,2021-07-14 13:39:00,OGI
2.89,2.8981,2.86,2.8679,43551,2021-07-14 13:40:00,OGI
2.8685,2.89,2.86,2.885,42566,2021-07-14 13:41:00,OGI
2.8899,2.8899,2.87,2.8718,35071,2021-07-14 13:42:00,OGI
2.87,2.875,2.86,2.862,66019,2021-07-14 13:43:00,OGI
2.8618,2.87,2.85,2.8625,92224,2021-07-14 13:44:00,OGI
2.86,2.862,2.85,2.855,45730,2021-07-14 13:45:00,OGI
2.8501,2.86,2.85,2.855,21983,2021-07-14 13:46:00,OGI
2.86,2.87,2.855,2.86,62104,2021-07-14 13:47:00,OGI
2.85,2.855,2.82,2.835,265704,2021-07-14 13:48:00,OGI
2.8366,2.86,2.8345,2.84,49266,2021-07-14 13:49:00,OGI
2.845,2.86,2.84,2.85,62849,2021-07-14 13:50:00,OGI
2.85,2.88,2.85,2.86,99978,2021-07-14 13:51:00,OGI
2.8532,2.8836,2.8501,2.88,56876,2021-07-14 13:52:00,OGI
2.88,2.9,2.88,2.8899,37939,2021-07-14 13:53:00,OGI
2.885,2.8984,2.885,2.895,40063,2021-07-14 13:54:00,OGI
2.895,2.92,2.89,2.91,74378,2021-07-14 13:55:00,OGI
2.9101,2.92,2.89,2.897,50939,2021-07-14 13:56:00,OGI
2.895,2.91,2.895,2.91,53281,2021-07-14 13:57:00,OGI
2.91,2.92,2.8827,2.8833,67198,2021-07-14 13:58:00,OGI
2.88,2.887,2.87,2.885,43263,2021-07-14 13:59:00,OGI
2.8871,2.8999,2.8801,2.895,26783,2021-07-14 14:00:00,OGI
2.895,2.895,2.88,2.88,19216,2021-07-14 14:01:00,OGI
2.885,2.89,2.87,2.885,33151,2021-07-14 14:02:00,OGI
2.8801,2.905,2.8801,2.8901,74700,2021-07-14 14:03:00,OGI
2.89,2.92,2.89,2.915,65926,2021-07-14 14:04:00,OGI
2.9173,2.9173,2.9,2.9001,30714,2021-07-14 14:05:00,OGI
2.9027,2.91,2.8901,2.895,49087,2021-07-14 14:06:00,OGI
2.8992,2.9,2.885,2.895,39956,2021-07-14 14:07:00,OGI
2.8939,2.91,2.8901,2.902,28595,2021-07-14 14:08:00,OGI
2.9065,2.91,2.9,2.9099,22532,2021-07-14 14:09:00,OGI
2.9136,2.915,2.9,2.9027,16734,2021-07-14 14:10:00,OGI
2.91,2.91,2.89,2.89,7171,2021-07-14 14:11:00,OGI
2.895,2.8999,2.87,2.877,56120,2021-07-14 14:12:00,OGI
2.873,2.875,2.87,2.87,5491,2021-07-14 14:13:00,OGI
2.8684,2.879,2.86,2.87,25029,2021-07-14 14:14:00,OGI
2.8724,2.8762,2.87,2.875,2733,2021-07-14 14:15:00,OGI
2.8789,2.88,2.87,2.87,8005,2021-07-14 14:16:00,OGI
2.88,2.89,2.87,2.89,16049,2021-07-14 14:17:00,OGI
2.885,2.89,2.87,2.8745,23013,2021-07-14 14:18:00,OGI
2.8735,2.88,2.8735,2.8765,7318,2021-07-14 14:19:00,OGI
2.87,2.87,2.85,2.855,30015,2021-07-14 14:20:00,OGI
2.855,2.87,2.8534,2.86,28166,2021-07-14 14:21:00,OGI
2.869,2.87,2.85,2.85,10217,2021-07-14 14:22:00,OGI
2.8519,2.88,2.8519,2.8689,73212,2021-07-14 14:23:00,OGI
2.87,2.8762,2.865,2.87,28881,2021-07-14 14:24:00,OGI
2.86,2.8633,2.85,2.855,25732,2021-07-14 14:25:00,OGI
2.851,2.8599,2.85,2.8533,17650,2021-07-14 14:26:00,OGI
2.855,2.859,2.84,2.843,41297,2021-07-14 14:27:00,OGI
2.84,2.8468,2.83,2.84,32861,2021-07-14 14:28:00,OGI
2.839,2.85,2.839,2.8485,31009,2021-07-14 14:29:00,OGI
2.85,2.8599,2.8428,2.8428,46403,2021-07-14 14:30:00,OGI
2.845,2.845,2.8301,2.8301,23361,2021-07-14 14:31:00,OGI
2.84,2.84,2.8229,2.83,61924,2021-07-14 14:32:00,OGI
2.8229,2.83,2.8121,2.8121,114999,2021-07-14 14:33:00,OGI
2.815,2.83,2.8101,2.822,63697,2021-07-14 14:34:00,OGI
2.825,2.8299,2.813,2.8157,31375,2021-07-14 14:35:00,OGI
2.815,2.82,2.8,2.815,77635,2021-07-14 14:36:00,OGI
2.81,2.8182,2.8,2.8099,45414,2021-07-14 14:37:00,OGI
2.8037,2.8285,2.803,2.8285,86538,2021-07-14 14:38:00,OGI
2.827,2.827,2.81,2.81,59429,2021-07-14 14:39:00,OGI
2.81,2.82,2.81,2.815,44159,2021-07-14 14:40:00,OGI
2.815,2.82,2.81,2.82,10653,2021-07-14 14:41:00,OGI
2.82,2.82,2.81,2.8121,53517,2021-07-14 14:42:00,OGI
2.8199,2.82,2.8,2.8,50317,2021-07-14 14:43:00,OGI
2.8,2.81,2.79,2.795,77757,2021-07-14 14:44:00,OGI
2.795,2.8,2.7901,2.795,19214,2021-07-14 14:45:00,OGI
2.795,2.8,2.78,2.7915,91022,2021-07-14 14:46:00,OGI
2.7958,2.8,2.7825,2.785,43296,2021-07-14 14:47:00,OGI
2.783,2.79,2.78,2.7861,19510,2021-07-14 14:48:00,OGI
2.79,2.79,2.78,2.78,24229,2021-07-14 14:49:00,OGI
2.7828,2.787,2.76,2.787,127701,2021-07-14 14:50:00,OGI
2.7832,2.7862,2.77,2.7774,16256,2021-07-14 14:51:00,OGI
2.78,2.78,2.76,2.763,21701,2021-07-14 14:52:00,OGI
2.767,2.79,2.76,2.78,54305,2021-07-14 14:53:00,OGI
2.7816,2.79,2.78,2.786,16708,2021-07-14 14:54:00,OGI
2.7872,2.79,2.78,2.785,14401,2021-07-14 14:55:00,OGI
2.78,2.785,2.76,2.765,37600,2021-07-14 14:56:00,OGI
2.7638,2.77,2.7629,2.764,11200,2021-07-14 14:57:00,OGI
2.765,2.78,2.76,2.7721,26445,2021-07-14 14:58:00,OGI
2.77,2.78,2.77,2.775,17291,2021-07-14 14:59:00,OGI
2.7778,2.78,2.77,2.7777,9252,2021-07-14 15:00:00,OGI
2.775,2.78,2.77,2.77,27916,2021-07-14 15:01:00,OGI
2.77,2.78,2.77,2.7718,30896,2021-07-14 15:02:00,OGI
2.77,2.7722,2.75,2.753,74322,2021-07-14 15:03:00,OGI
2.7599,2.77,2.7528,2.7699,37813,2021-07-14 15:04:00,OGI
2.7601,2.77,2.76,2.7672,28575,2021-07-14 15:05:00,OGI
2.7699,2.77,2.76,2.77,13459,2021-07-14 15:06:00,OGI
2.765,2.78,2.763,2.77,43378,2021-07-14 15:07:00,OGI
2.76,2.77,2.76,2.768,23960,2021-07-14 15:08:00,OGI
2.7615,2.7673,2.76,2.76,10859,2021-07-14 15:09:00,OGI
2.7668,2.77,2.76,2.7698,28445,2021-07-14 15:10:00,OGI
2.765,2.7668,2.75,2.75,33651,2021-07-14 15:11:00,OGI
2.75,2.76,2.75,2.7519,21608,2021-07-14 15:12:00,OGI
2.7501,2.76,2.75,2.7524,25654,2021-07-14 15:13:00,OGI
2.7531,2.7532,2.75,2.75,1900,2021-07-14 15:14:00,OGI
2.7532,2.76,2.75,2.7599,14013,2021-07-14 15:15:00,OGI
2.7569,2.7572,2.75,2.755,6435,2021-07-14 15:16:00,OGI
2.75,2.7563,2.74,2.75,65499,2021-07-14 15:17:00,OGI
2.75,2.767,2.75,2.765,43596,2021-07-14 15:18:00,OGI
2.76,2.767,2.76,2.76,9910,2021-07-14 15:19:00,OGI
2.7601,2.7678,2.76,2.7657,14989,2021-07-14 15:20:00,OGI
2.7626,2.77,2.76,2.7623,31445,2021-07-14 15:21:00,OGI
2.761,2.7663,2.75,2.759,5000,2021-07-14 15:22:00,OGI
2.75,2.7599,2.75,2.75,9084,2021-07-14 15:23:00,OGI
2.76,2.76,2.75,2.756,31650,2021-07-14 15:24:00,OGI
2.755,2.755,2.74,2.74,13186,2021-07-14 15:25:00,OGI
2.74,2.7485,2.74,2.74,12390,2021-07-14 15:26:00,OGI
2.74,2.74,2.73,2.735,10059,2021-07-14 15:27:00,OGI
2.7313,2.732,2.73,2.7314,10726,2021-07-14 15:28:00,OGI
2.735,2.735,2.73,2.735,2412,2021-07-14 15:29:00,OGI
2.735,2.74,2.73,2.7302,19885,2021-07-14 15:30:00,OGI
2.7327,2.74,2.73,2.735,23257,2021-07-14 15:31:00,OGI
2.735,2.745,2.73,2.7372,53624,2021-07-14 15:32:00,OGI
2.74,2.74,2.73,2.73,7113,2021-07-14 15:33:00,OGI
2.735,2.7373,2.73,2.7365,8961,2021-07-14 15:34:00,OGI
2.7334,2.74,2.73,2.735,27567,2021-07-14 15:35:00,OGI
2.73,2.736,2.72,2.725,49610,2021-07-14 15:36:00,OGI
2.725,2.7299,2.72,2.7289,7086,2021-07-14 15:37:00,OGI
2.72,2.7299,2.72,2.72,11434,2021-07-14 15:38:00,OGI
2.72,2.725,2.72,2.72,7549,2021-07-14 15:39:00,OGI
2.72,2.725,2.71,2.715,30081,2021-07-14 15:40:00,OGI
2.71,2.7199,2.71,2.7164,3189,2021-07-14 15:41:00,OGI
2.7169,2.72,2.71,2.715,27789,2021-07-14 15:42:00,OGI
2.7115,2.715,2.71,2.71,5850,2021-07-14 15:43:00,OGI
2.71,2.73,2.71,2.7232,55646,2021-07-14 15:44:00,OGI
2.725,2.73,2.72,2.725,4500,2021-07-14 15:45:00,OGI
2.72,2.72,2.7,2.7096,42465,2021-07-14 15:46:00,OGI
2.71,2.717,2.7,2.7,27346,2021-07-14 15:47:00,OGI
2.7036,2.715,2.7,2.7126,23519,2021-07-14 15:48:00,OGI
2.715,2.7164,2.7001,2.7001,15111,2021-07-14 15:49:00,OGI
2.71,2.71,2.7,2.7,67726,2021-07-14 15:50:00,OGI
2.701,2.7099,2.695,2.6971,28871,2021-07-14 15:51:00,OGI
2.6914,2.6999,2.69,2.697,22223,2021-07-14 15:52:00,OGI
2.6961,2.707,2.693,2.7024,64394,2021-07-14 15:53:00,OGI
2.7013,2.7072,2.7,2.7,14373,2021-07-14 15:54:00,OGI
2.705,2.7099,2.69,2.695,3350,2021-07-14 15:55:00,OGI
2.6999,2.7,2.69,2.6902,6100,2021-07-14 15:56:00,OGI
2.6964,2.7,2.69,2.7,4841,2021-07-14 15:57:00,OGI
2.6999,2.6999,2.6923,2.6972,7420,2021-07-14 15:58:00,OGI
2.7,2.705,2.695,2.7017,37246,2021-07-14 15:59:00,OGI
2.705,2.71,2.7,2.705,33747,2021-07-14 16:00:00,OGI
2.705,2.72,2.705,2.7162,58529,2021-07-14 16:01:00,OGI
2.715,2.72,2.71,2.71,52382,2021-07-14 16:02:00,OGI
2.713,2.72,2.71,2.7174,18576,2021-07-14 16:03:00,OGI
2.72,2.727,2.72,2.72,17011,2021-07-14 16:04:00,OGI
2.7207,2.725,2.71,2.7137,18798,2021-07-14 16:05:00,OGI
2.71,2.72,2.71,2.7199,9987,2021-07-14 16:06:00,OGI
2.7157,2.73,2.7157,2.73,24650,2021-07-14 16:07:00,OGI
2.7233,2.7299,2.72,2.727,16527,2021-07-14 16:08:00,OGI
2.725,2.7276,2.72,2.7266,8303,2021-07-14 16:09:00,OGI
2.721,2.725,2.72,2.72,6452,2021-07-14 16:10:00,OGI
2.7299,2.7299,2.725,2.7299,2250,2021-07-14 16:11:00,OGI
2.72,2.73,2.72,2.7264,3593,2021-07-14 16:12:00,OGI
2.73,2.73,2.72,2.7201,11976,2021-07-14 16:13:00,OGI
2.72,2.73,2.72,2.7201,5893,2021-07-14 16:14:00,OGI
2.725,2.725,2.71,2.71,28192,2021-07-14 16:15:00,OGI
2.71,2.71,2.7,2.7062,11050,2021-07-14 16:16:00,OGI
2.7,2.705,2.69,2.7,76970,2021-07-14 16:17:00,OGI
2.705,2.7072,2.7,2.7067,11555,2021-07-14 16:18:00,OGI
2.7,2.705,2.7,2.705,600,2021-07-14 16:19:00,OGI
2.7,2.7099,2.7,2.7099,7425,2021-07-14 16:20:00,OGI
2.7061,2.72,2.7,2.71,33130,2021-07-14 16:21:00,OGI
2.7161,2.717,2.71,2.715,22838,2021-07-14 16:22:00,OGI
2.7199,2.72,2.71,2.71,10547,2021-07-14 16:23:00,OGI
2.71,2.71,2.71,2.71,5955,2021-07-14 16:24:00,OGI
2.715,2.7169,2.7,2.7001,3300,2021-07-14 16:25:00,OGI
2.705,2.705,2.69,2.69,45478,2021-07-14 16:26:00,OGI
2.7,2.7,2.69,2.69,3106,2021-07-14 16:27:00,OGI
2.6937,2.7,2.6921,2.6998,13006,2021-07-14 16:28:00,OGI
2.695,2.7,2.69,2.7,10865,2021-07-14 16:29:00,OGI
2.6974,2.7,2.695,2.695,9911,2021-07-14 16:30:00,OGI
2.695,2.7,2.6922,2.6962,7046,2021-07-14 16:31:00,OGI
2.6964,2.7,2.6936,2.6967,1650,2021-07-14 16:32:00,OGI
2.6927,2.6973,2.69,2.6973,4473,2021-07-14 16:33:00,OGI
2.69,2.7,2.69,2.695,14456,2021-07-14 16:34:00,OGI
2.6939,2.695,2.68,2.68,55016,2021-07-14 16:35:00,OGI
2.6867,2.6867,2.675,2.6798,11825,2021-07-14 16:36:00,OGI
2.68,2.68,2.67,2.675,6391,2021-07-14 16:37:00,OGI
2.6799,2.69,2.67,2.69,53057,2021-07-14 16:38:00,OGI
2.685,2.69,2.6827,2.685,17239,2021-07-14 16:39:00,OGI
2.685,2.69,2.68,2.6899,12495,2021-07-14 16:40:00,OGI
2.6867,2.69,2.6825,2.69,14116,2021-07-14 16:41:00,OGI
2.685,2.6899,2.6833,2.6866,2101,2021-07-14 16:42:00,OGI
2.6899,2.69,2.6827,2.6827,15960,2021-07-14 16:43:00,OGI
2.685,2.69,2.685,2.687,12373,2021-07-14 16:44:00,OGI
2.6865,2.6865,2.67,2.6763,10150,2021-07-14 16:45:00,OGI
2.675,2.6799,2.671,2.675,3800,2021-07-14 16:46:00,OGI
2.67,2.6785,2.67,2.6722,22682,2021-07-14 16:47:00,OGI
2.673,2.68,2.67,2.6721,1200,2021-07-14 16:48:00,OGI
2.6763,2.68,2.675,2.675,1300,2021-07-14 16:49:00,OGI
2.6722,2.69,2.67,2.69,55460,2021-07-14 16:50:00,OGI
2.686,2.69,2.68,2.6879,4119,2021-07-14 16:51:00,OGI
2.68,2.6966,2.68,2.681,32475,2021-07-14 16:52:00,OGI
2.6864,2.6961,2.68,2.695,22805,2021-07-14 16:53:00,OGI
2.693,2.697,2.6806,2.6872,32677,2021-07-14 16:54:00,OGI
2.6801,2.69,2.68,2.689,27558,2021-07-14 16:55:00,OGI
2.6899,2.6899,2.6837,2.6875,9051,2021-07-14 16:56:00,OGI
2.69,2.69,2.67,2.6723,30738,2021-07-14 16:57:00,OGI
2.6728,2.68,2.67,2.68,23569,2021-07-14 16:58:00,OGI
2.68,2.68,2.67,2.68,8497,2021-07-14 16:59:00,OGI
2.6783,2.69,2.673,2.6839,12194,2021-07-14 17:00:00,OGI
2.69,2.69,2.6801,2.685,15545,2021-07-14 17:01:00,OGI
2.6881,2.689,2.68,2.685,22890,2021-07-14 17:02:00,OGI
2.69,2.69,2.68,2.69,20714,2021-07-14 17:03:00,OGI
2.685,2.689,2.6837,2.6837,6544,2021-07-14 17:04:00,OGI
2.6899,2.69,2.68,2.69,33755,2021-07-14 17:05:00,OGI
2.7,2.71,2.69,2.707,15859,2021-07-14 17:06:00,OGI
2.7061,2.71,2.695,2.6973,34354,2021-07-14 17:07:00,OGI
2.6976,2.6999,2.69,2.69,22156,2021-07-14 17:08:00,OGI
2.6934,2.6963,2.69,2.6962,3380,2021-07-14 17:09:00,OGI
2.695,2.695,2.68,2.6899,29232,2021-07-14 17:10:00,OGI
2.685,2.69,2.68,2.69,15011,2021-07-14 17:11:00,OGI
2.69,2.7,2.6877,2.695,40033,2021-07-14 17:12:00,OGI
2.7,2.7,2.695,2.6998,8715,2021-07-14 17:13:00,OGI
2.7,2.7,2.6928,2.695,15259,2021-07-14 17:14:00,OGI
2.69,2.6999,2.69,2.6914,8356,2021-07-14 17:15:00,OGI
2.69,2.695,2.685,2.685,26518,2021-07-14 17:16:00,OGI
2.68,2.685,2.67,2.67,26164,2021-07-14 17:17:00,OGI
2.6799,2.68,2.67,2.68,28499,2021-07-14 17:18:00,OGI
2.68,2.688,2.67,2.675,24095,2021-07-14 17:19:00,OGI
2.6716,2.68,2.6701,2.68,13579,2021-07-14 17:20:00,OGI
2.674,2.6898,2.6739,2.6898,11167,2021-07-14 17:21:00,OGI
2.687,2.69,2.68,2.69,2871,2021-07-14 17:22:00,OGI
2.681,2.687,2.68,2.68,14300,2021-07-14 17:23:00,OGI
2.6829,2.69,2.68,2.68,3221,2021-07-14 17:24:00,OGI
2.685,2.685,2.68,2.68,340,2021-07-14 17:25:00,OGI
2.6801,2.6899,2.68,2.68,10567,2021-07-14 17:26:00,OGI
2.6899,2.69,2.6802,2.685,7986,2021-07-14 17:27:00,OGI
2.68,2.685,2.68,2.685,6546,2021-07-14 17:28:00,OGI
2.685,2.69,2.68,2.685,4178,2021-07-14 17:29:00,OGI
2.68,2.685,2.68,2.685,220,2021-07-14 17:30:00,OGI
2.69,2.69,2.68,2.69,13157,2021-07-14 17:31:00,OGI
2.6899,2.69,2.68,2.684,6848,2021-07-14 17:32:00,OGI
2.69,2.69,2.68,2.6817,13899,2021-07-14 17:33:00,OGI
2.6888,2.6899,2.685,2.6899,2600,2021-07-14 17:34:00,OGI
2.689,2.689,2.6829,2.685,969,2021-07-14 17:35:00,OGI
2.69,2.69,2.68,2.6861,31750,2021-07-14 17:36:00,OGI
2.6866,2.687,2.685,2.685,1600,2021-07-14 17:37:00,OGI
2.685,2.686,2.6823,2.685,5625,2021-07-14 17:38:00,OGI
2.685,2.6899,2.68,2.6864,2896,2021-07-14 17:39:00,OGI
2.68,2.685,2.67,2.67,21527,2021-07-14 17:40:00,OGI
2.67,2.6799,2.6601,2.665,8242,2021-07-14 17:41:00,OGI
2.66,2.67,2.66,2.67,8644,2021-07-14 17:42:00,OGI
2.66,2.6699,2.66,2.6699,4675,2021-07-14 17:43:00,OGI
2.66,2.67,2.66,2.6684,33075,2021-07-14 17:44:00,OGI
2.6699,2.67,2.665,2.665,1020,2021-07-14 17:45:00,OGI
2.66,2.67,2.66,2.6672,1344,2021-07-14 17:46:00,OGI
2.67,2.67,2.66,2.663,12775,2021-07-14 17:47:00,OGI
2.666,2.68,2.666,2.68,19317,2021-07-14 17:48:00,OGI
2.675,2.68,2.66,2.66,22885,2021-07-14 17:49:00,OGI
2.66,2.67,2.66,2.6689,25525,2021-07-14 17:50:00,OGI
2.665,2.67,2.6618,2.6636,8171,2021-07-14 17:51:00,OGI
2.67,2.67,2.66,2.67,3700,2021-07-14 17:52:00,OGI
2.6633,2.67,2.6633,2.6678,1050,2021-07-14 17:53:00,OGI
2.67,2.67,2.6636,2.6636,1447,2021-07-14 17:54:00,OGI
2.665,2.67,2.6633,2.6689,16947,2021-07-14 17:55:00,OGI
2.6681,2.67,2.6663,2.67,1735,2021-07-14 17:56:00,OGI
2.67,2.68,2.66,2.6681,50814,2021-07-14 17:57:00,OGI
2.665,2.6699,2.6601,2.6699,2930,2021-07-14 17:58:00,OGI
2.6601,2.67,2.6601,2.6664,2990,2021-07-14 17:59:00,OGI
2.665,2.67,2.66,2.6626,12400,2021-07-14 18:00:00,OGI
2.665,2.67,2.65,2.6537,136678,2021-07-14 18:01:00,OGI
2.655,2.66,2.65,2.66,10409,2021-07-14 18:02:00,OGI
2.6599,2.6599,2.655,2.6599,6200,2021-07-14 18:03:00,OGI
2.66,2.66,2.6501,2.655,9800,2021-07-14 18:04:00,OGI
2.6543,2.6572,2.64,2.645,111129,2021-07-14 18:05:00,OGI
2.64,2.65,2.64,2.645,23732,2021-07-14 18:06:00,OGI
2.65,2.66,2.64,2.655,63327,2021-07-14 18:07:00,OGI
2.6578,2.66,2.6523,2.655,42262,2021-07-14 18:08:00,OGI
2.655,2.66,2.6501,2.655,6895,2021-07-14 18:09:00,OGI
2.6583,2.67,2.6501,2.669,17344,2021-07-14 18:10:00,OGI
2.6677,2.67,2.6638,2.6643,6189,2021-07-14 18:11:00,OGI
2.665,2.68,2.6601,2.68,41349,2021-07-14 18:12:00,OGI
2.675,2.68,2.6701,2.6765,7361,2021-07-14 18:13:00,OGI
2.675,2.68,2.6701,2.68,8950,2021-07-14 18:14:00,OGI
2.68,2.68,2.6701,2.675,5200,2021-07-14 18:15:00,OGI
2.6771,2.69,2.6771,2.69,20842,2021-07-14 18:16:00,OGI
2.68,2.69,2.68,2.685,42177,2021-07-14 18:17:00,OGI
2.68,2.6873,2.68,2.6801,19410,2021-07-14 18:18:00,OGI
2.6879,2.69,2.68,2.685,6200,2021-07-14 18:19:00,OGI
2.6867,2.69,2.685,2.685,8700,2021-07-14 18:20:00,OGI
2.69,2.69,2.6801,2.69,9184,2021-07-14 18:21:00,OGI
2.6899,2.6899,2.685,2.685,2414,2021-07-14 18:22:00,OGI
2.69,2.69,2.6801,2.685,2345,2021-07-14 18:23:00,OGI
2.687,2.69,2.68,2.6897,13343,2021-07-14 18:24:00,OGI
2.685,2.7,2.6801,2.6999,67726,2021-07-14 18:25:00,OGI
2.6993,2.71,2.6993,2.7001,12886,2021-07-14 18:26:00,OGI
2.705,2.71,2.69,2.7,71175,2021-07-14 18:27:00,OGI
2.69,2.695,2.69,2.695,4232,2021-07-14 18:28:00,OGI
2.695,2.6965,2.693,2.695,4622,2021-07-14 18:29:00,OGI
2.6901,2.7,2.6901,2.695,4930,2021-07-14 18:30:00,OGI
2.695,2.7,2.69,2.6901,11261,2021-07-14 18:31:00,OGI
2.695,2.7,2.695,2.7,1533,2021-07-14 18:32:00,OGI
2.69,2.7,2.69,2.7,10750,2021-07-14 18:33:00,OGI
2.7,2.7,2.6901,2.695,10721,2021-07-14 18:34:00,OGI
2.695,2.7,2.6901,2.6901,14015,2021-07-14 18:35:00,OGI
2.6936,2.7,2.6901,2.7,2515,2021-07-14 18:36:00,OGI
2.694,2.7,2.6929,2.7,6223,2021-07-14 18:37:00,OGI
2.695,2.7,2.6901,2.7,3890,2021-07-14 18:38:00,OGI
2.6901,2.695,2.69,2.695,3014,2021-07-14 18:39:00,OGI
2.695,2.695,2.69,2.695,5300,2021-07-14 18:40:00,OGI
2.695,2.6989,2.69,2.695,5318,2021-07-14 18:41:00,OGI
2.695,2.6962,2.6901,2.6962,3649,2021-07-14 18:42:00,OGI
2.695,2.695,2.6801,2.685,58909,2021-07-14 18:43:00,OGI
2.6839,2.685,2.6801,2.6801,784,2021-07-14 18:44:00,OGI
2.6887,2.6887,2.68,2.68,4284,2021-07-14 18:45:00,OGI
2.685,2.69,2.685,2.69,1450,2021-07-14 18:46:00,OGI
2.685,2.6899,2.68,2.685,3276,2021-07-14 18:47:00,OGI
2.685,2.6869,2.6834,2.6836,2156,2021-07-14 18:48:00,OGI
2.685,2.685,2.685,2.685,1800,2021-07-14 18:49:00,OGI
2.685,2.69,2.6801,2.685,3600,2021-07-14 18:50:00,OGI
2.685,2.69,2.6838,2.685,24781,2021-07-14 18:51:00,OGI
2.685,2.6861,2.6839,2.685,817,2021-07-14 18:52:00,OGI
2.685,2.6877,2.683,2.685,8500,2021-07-14 18:53:00,OGI
2.685,2.6899,2.685,2.6899,500,2021-07-14 18:54:00,OGI
2.6836,2.685,2.6801,2.685,8757,2021-07-14 18:55:00,OGI
2.69,2.69,2.68,2.6869,8524,2021-07-14 18:56:00,OGI
2.68,2.685,2.68,2.685,2700,2021-07-14 18:57:00,OGI
2.685,2.69,2.68,2.689,5300,2021-07-14 18:58:00,OGI
2.685,2.6857,2.68,2.6857,3400,2021-07-14 18:59:00,OGI
2.685,2.6891,2.685,2.685,5092,2021-07-14 19:00:00,OGI
2.68,2.687,2.68,2.687,12600,2021-07-14 19:01:00,OGI
2.6899,2.69,2.68,2.685,6188,2021-07-14 19:02:00,OGI
2.683,2.69,2.683,2.69,5586,2021-07-14 19:03:00,OGI
2.685,2.6881,2.68,2.68,1900,2021-07-14 19:04:00,OGI
2.69,2.69,2.68,2.68,44832,2021-07-14 19:05:00,OGI
2.68,2.685,2.67,2.67,17521,2021-07-14 19:06:00,OGI
2.675,2.68,2.6701,2.675,11044,2021-07-14 19:07:00,OGI
2.675,2.68,2.67,2.6713,5293,2021-07-14 19:08:00,OGI
2.675,2.68,2.67,2.67,1700,2021-07-14 19:09:00,OGI
2.673,2.68,2.67,2.675,4887,2021-07-14 19:10:00,OGI
2.68,2.68,2.675,2.6771,12312,2021-07-14 19:11:00,OGI
2.6799,2.68,2.67,2.68,5436,2021-07-14 19:12:00,OGI
2.67,2.6799,2.67,2.67,4702,2021-07-14 19:13:00,OGI
2.68,2.68,2.67,2.6701,4820,2021-07-14 19:14:00,OGI
2.675,2.6791,2.67,2.67,3622,2021-07-14 19:15:00,OGI
2.6701,2.68,2.67,2.675,17886,2021-07-14 19:16:00,OGI
2.675,2.679,2.6701,2.675,4756,2021-07-14 19:17:00,OGI
2.6701,2.6799,2.67,2.67,5700,2021-07-14 19:18:00,OGI
2.6795,2.6795,2.67,2.67,600,2021-07-14 19:19:00,OGI
2.6735,2.68,2.67,2.675,4722,2021-07-14 19:20:00,OGI
2.6701,2.6797,2.67,2.6723,16385,2021-07-14 19:21:00,OGI
2.675,2.6764,2.67,2.67,1029,2021-07-14 19:22:00,OGI
2.675,2.68,2.67,2.67,14124,2021-07-14 19:23:00,OGI
2.6799,2.6799,2.67,2.675,21048,2021-07-14 19:24:00,OGI
2.67,2.6799,2.67,2.675,865,2021-07-14 19:25:00,OGI
2.671,2.6799,2.67,2.6799,6475,2021-07-14 19:26:00,OGI
2.675,2.675,2.66,2.6603,63034,2021-07-14 19:27:00,OGI
2.67,2.67,2.66,2.665,9326,2021-07-14 19:28:00,OGI
2.66,2.665,2.65,2.6501,42903,2021-07-14 19:29:00,OGI
2.6501,2.6501,2.64,2.64,42411,2021-07-14 19:30:00,OGI
2.6464,2.65,2.64,2.645,16978,2021-07-14 19:31:00,OGI
2.645,2.645,2.635,2.635,14434,2021-07-14 19:32:00,OGI
2.635,2.6399,2.62,2.635,74473,2021-07-14 19:33:00,OGI
2.6369,2.64,2.63,2.6346,11701,2021-07-14 19:34:00,OGI
2.637,2.64,2.63,2.638,22481,2021-07-14 19:35:00,OGI
2.635,2.64,2.63,2.64,158107,2021-07-14 19:36:00,OGI
2.635,2.64,2.63,2.6339,36628,2021-07-14 19:37:00,OGI
2.635,2.65,2.63,2.6431,73772,2021-07-14 19:38:00,OGI
2.645,2.65,2.64,2.65,19691,2021-07-14 19:39:00,OGI
2.64,2.65,2.64,2.645,19933,2021-07-14 19:40:00,OGI
2.6464,2.65,2.63,2.635,47981,2021-07-14 19:41:00,OGI
2.635,2.64,2.63,2.635,131634,2021-07-14 19:42:00,OGI
2.64,2.64,2.63,2.64,19576,2021-07-14 19:43:00,OGI
2.635,2.64,2.63,2.635,13915,2021-07-14 19:44:00,OGI
2.635,2.65,2.6301,2.65,40441,2021-07-14 19:45:00,OGI
2.645,2.65,2.645,2.645,8086,2021-07-14 19:46:00,OGI
2.65,2.65,2.64,2.645,23950,2021-07-14 19:47:00,OGI
2.6428,2.65,2.6428,2.65,23200,2021-07-14 19:48:00,OGI
2.6469,2.65,2.64,2.65,33964,2021-07-14 19:49:00,OGI
2.65,2.65,2.6401,2.645,35379,2021-07-14 19:50:00,OGI
2.645,2.65,2.62,2.62,175096,2021-07-14 19:51:00,OGI
2.63,2.63,2.62,2.625,60563,2021-07-14 19:52:00,OGI
2.63,2.63,2.62,2.625,43535,2021-07-14 19:53:00,OGI
2.625,2.63,2.6201,2.63,45433,2021-07-14 19:54:00,OGI
2.63,2.63,2.6201,2.6261,25722,2021-07-14 19:55:00,OGI
2.63,2.63,2.62,2.625,42012,2021-07-14 19:56:00,OGI
2.625,2.64,2.62,2.6301,95004,2021-07-14 19:57:00,OGI
2.64,2.64,2.62,2.63,125528,2021-07-14 19:58:00,OGI
2.62,2.64,2.62,2.64,107244,2021-07-14 19:59:00,OGI
2.62,2.65,2.62,2.65,42234,2021-07-14 20:00:00,OGI
2.68,2.68,2.68,2.68,1000,2021-07-14 20:07:00,OGI
2.67,2.68,2.67,2.68,1785,2021-07-14 20:08:00,OGI
2.68,2.69,2.68,2.69,1402,2021-07-14 20:10:00,OGI
2.68,2.68,2.68,2.68,200,2021-07-14 20:18:00,OGI
2.67,2.67,2.67,2.67,100,2021-07-14 20:39:00,OGI
2.67,2.67,2.67,2.67,119,2021-07-14 20:40:00,OGI
2.67,2.68,2.67,2.68,1786,2021-07-14 20:41:00,OGI
2.68,2.68,2.68,2.68,200,2021-07-14 20:42:00,OGI
2.66,2.66,2.66,2.66,491,2021-07-14 20:44:00,OGI
2.66,2.66,2.66,2.66,900,2021-07-14 20:53:00,OGI
2.66,2.67,2.66,2.67,4304,2021-07-14 20:54:00,OGI
2.67,2.67,2.67,2.67,2000,2021-07-14 20:57:00,OGI
2.67,2.67,2.67,2.67,2000,2021-07-14 20:58:00,OGI
2.67,2.67,2.67,2.67,126,2021-07-14 21:00:00,OGI
2.67,2.67,2.67,2.67,400,2021-07-14 21:04:00,OGI
2.67,2.67,2.67,2.67,186,2021-07-14 21:06:00,OGI
2.68,2.68,2.68,2.68,750,2021-07-14 21:17:00,OGI
2.68,2.68,2.68,2.68,400,2021-07-14 21:23:00,OGI
2.64,2.64,2.64,2.64,5554,2021-07-14 21:24:00,OGI
2.68,2.68,2.68,2.68,800,2021-07-14 21:31:00,OGI
2.68,2.68,2.68,2.68,1100,2021-07-14 21:38:00,OGI
2.67,2.67,2.67,2.67,100,2021-07-14 21:39:00,OGI
2.68,2.68,2.68,2.68,1000,2021-07-14 21:45:00,OGI
2.67,2.67,2.67,2.67,125,2021-07-14 21:50:00,OGI
2.68,2.68,2.68,2.68,6572,2021-07-14 21:51:00,OGI
2.67,2.67,2.67,2.67,100,2021-07-14 21:52:00,OGI
2.68,2.68,2.68,2.68,105,2021-07-14 21:56:00,OGI
2.67,2.67,2.67,2.67,100,2021-07-14 22:04:00,OGI
2.68,2.68,2.68,2.68,134,2021-07-14 22:07:00,OGI
2.7,2.7,2.7,2.7,146,2021-07-14 22:15:00,OGI
2.7,2.7,2.7,2.7,225,2021-07-14 22:16:00,OGI
2.7,2.7,2.7,2.7,150,2021-07-14 22:20:00,OGI
2.7,2.7,2.7,2.7,1565,2021-07-14 22:30:00,OGI
2.7,2.7,2.7,2.7,243,2021-07-14 22:41:00,OGI
2.7,2.7,2.7,2.7,200,2021-07-14 22:43:00,OGI
2.7,2.7,2.7,2.7,100,2021-07-14 22:47:00,OGI
2.7,2.7,2.69,2.69,466,2021-07-14 22:48:00,OGI
2.69,2.69,2.69,2.69,500,2021-07-14 22:49:00,OGI
2.71,2.71,2.71,2.71,399,2021-07-14 23:02:00,OGI
2.7,2.7,2.7,2.7,191,2021-07-14 23:10:00,OGI
2.71,2.71,2.71,2.71,5000,2021-07-14 23:16:00,OGI
2.7,2.7,2.7,2.7,100,2021-07-14 23:25:00,OGI
2.7,2.7,2.7,2.7,2000,2021-07-14 23:26:00,OGI
2.71,2.71,2.71,2.71,4000,2021-07-14 23:38:00,OGI
2.7,2.7,2.7,2.7,8900,2021-07-14 23:44:00,OGI
2.71,2.71,2.71,2.71,1000,2021-07-14 23:48:00,OGI
2.71,2.71,2.71,2.71,414,2021-07-14 23:49:00,OGI
2.7,2.7,2.7,2.7,1639,2021-07-14 23:50:00,OGI
2.69,2.69,2.69,2.69,994,2021-07-14 23:56:00,OGI
2.7,2.7,2.7,2.7,280,2021-07-14 23:59:00,OGI
2.66,2.66,2.66,2.66,100,2021-07-15 08:57:00,OGI
2.66,2.66,2.66,2.66,430,2021-07-15 09:17:00,OGI
2.66,2.66,2.66,2.66,300,2021-07-15 09:18:00,OGI
2.66,2.66,2.66,2.66,300,2021-07-15 09:39:00,OGI
2.64,2.65,2.64,2.65,300,2021-07-15 09:56:00,OGI
2.65,2.65,2.65,2.65,250,2021-07-15 10:47:00,OGI
2.64,2.65,2.64,2.65,1924,2021-07-15 11:00:00,OGI
2.69,2.69,2.69,2.69,100,2021-07-15 11:03:00,OGI
2.68,2.68,2.68,2.68,100,2021-07-15 11:04:00,OGI
2.67,2.67,2.67,2.67,2070,2021-07-15 11:07:00,OGI
2.66,2.66,2.66,2.66,100,2021-07-15 11:08:00,OGI
2.66,2.67,2.66,2.67,250,2021-07-15 11:19:00,OGI
2.65,2.65,2.65,2.65,294,2021-07-15 11:21:00,OGI
2.65,2.65,2.65,2.65,500,2021-07-15 11:39:00,OGI
2.64,2.64,2.64,2.64,800,2021-07-15 11:40:00,OGI
2.65,2.65,2.65,2.65,181,2021-07-15 11:51:00,OGI
2.64,2.64,2.64,2.64,200,2021-07-15 11:56:00,OGI
2.65,2.65,2.65,2.65,120,2021-07-15 11:58:00,OGI
2.64,2.64,2.64,2.64,100,2021-07-15 12:01:00,OGI
2.64,2.64,2.64,2.64,100,2021-07-15 12:03:00,OGI
2.64,2.64,2.64,2.64,1000,2021-07-15 12:07:00,OGI
2.64,2.64,2.64,2.64,266,2021-07-15 12:08:00,OGI
2.64,2.64,2.64,2.64,150,2021-07-15 12:09:00,OGI
2.64,2.64,2.64,2.64,395,2021-07-15 12:15:00,OGI
2.64,2.64,2.64,2.64,500,2021-07-15 12:19:00,OGI
2.64,2.64,2.64,2.64,500,2021-07-15 12:20:00,OGI
2.64,2.64,2.64,2.64,500,2021-07-15 12:27:00,OGI
2.65,2.65,2.64,2.64,5048,2021-07-15 12:29:00,OGI
2.67,2.68,2.67,2.68,1605,2021-07-15 12:35:00,OGI
2.68,2.69,2.68,2.68,500,2021-07-15 12:37:00,OGI
2.68,2.68,2.68,2.68,1000,2021-07-15 12:40:00,OGI
2.68,2.68,2.68,2.68,3000,2021-07-15 12:41:00,OGI
2.66,2.66,2.66,2.66,100,2021-07-15 12:48:00,OGI
2.65,2.65,2.65,2.65,100,2021-07-15 12:52:00,OGI
2.66,2.68,2.66,2.68,1389,2021-07-15 12:58:00,OGI
2.68,2.68,2.68,2.68,370,2021-07-15 13:01:00,OGI
2.68,2.68,2.68,2.68,250,2021-07-15 13:03:00,OGI
2.68,2.68,2.68,2.68,100,2021-07-15 13:07:00,OGI
2.65,2.65,2.65,2.65,100,2021-07-15 13:08:00,OGI
2.66,2.68,2.66,2.68,4200,2021-07-15 13:11:00,OGI
2.68,2.68,2.68,2.68,100,2021-07-15 13:14:00,OGI
2.67,2.68,2.67,2.68,3555,2021-07-15 13:15:00,OGI
2.66,2.66,2.66,2.66,150,2021-07-15 13:19:00,OGI
2.68,2.68,2.68,2.68,100,2021-07-15 13:20:00,OGI
2.66,2.66,2.66,2.66,888,2021-07-15 13:21:00,OGI
2.68,2.68,2.68,2.68,3904,2021-07-15 13:25:00,OGI
2.6751,2.6756,2.65,2.655,73012,2021-07-15 13:30:00,OGI
2.65,2.68,2.64,2.6779,80094,2021-07-15 13:31:00,OGI
2.6779,2.69,2.6601,2.6801,58371,2021-07-15 13:32:00,OGI
2.69,2.7123,2.685,2.7123,43157,2021-07-15 13:33:00,OGI
2.715,2.7176,2.7,2.7003,24497,2021-07-15 13:34:00,OGI
2.7,2.7,2.67,2.675,29212,2021-07-15 13:35:00,OGI
2.675,2.7,2.67,2.699,47139,2021-07-15 13:36:00,OGI
2.695,2.7199,2.695,2.71,48730,2021-07-15 13:37:00,OGI
2.715,2.73,2.71,2.73,89945,2021-07-15 13:38:00,OGI
2.725,2.7301,2.6829,2.685,51404,2021-07-15 13:39:00,OGI
2.685,2.6899,2.68,2.68,23900,2021-07-15 13:40:00,OGI
2.681,2.717,2.681,2.7136,23889,2021-07-15 13:41:00,OGI
2.7112,2.7112,2.69,2.695,30975,2021-07-15 13:42:00,OGI
2.695,2.695,2.68,2.68,8710,2021-07-15 13:43:00,OGI
2.6886,2.69,2.68,2.6878,6158,2021-07-15 13:44:00,OGI
2.69,2.709,2.69,2.7001,49086,2021-07-15 13:45:00,OGI
2.7075,2.71,2.69,2.7001,45490,2021-07-15 13:46:00,OGI
2.71,2.72,2.6966,2.7046,57443,2021-07-15 13:47:00,OGI
2.71,2.72,2.7,2.7122,37644,2021-07-15 13:48:00,OGI
2.717,2.73,2.7101,2.725,128011,2021-07-15 13:49:00,OGI
2.73,2.74,2.725,2.7301,70560,2021-07-15 13:50:00,OGI
2.7385,2.75,2.73,2.7414,59479,2021-07-15 13:51:00,OGI
2.7499,2.75,2.74,2.741,12025,2021-07-15 13:52:00,OGI
2.745,2.7499,2.73,2.73,22736,2021-07-15 13:53:00,OGI
2.73,2.74,2.72,2.7268,32492,2021-07-15 13:54:00,OGI
2.7229,2.745,2.7229,2.745,35300,2021-07-15 13:55:00,OGI
2.7425,2.75,2.7401,2.745,12785,2021-07-15 13:56:00,OGI
2.7462,2.7495,2.74,2.7465,12988,2021-07-15 13:57:00,OGI
2.75,2.75,2.7278,2.7278,19619,2021-07-15 13:58:00,OGI
2.7222,2.73,2.7217,2.7244,8940,2021-07-15 13:59:00,OGI
2.725,2.733,2.72,2.733,20727,2021-07-15 14:00:00,OGI
2.7301,2.737,2.72,2.7267,20932,2021-07-15 14:01:00,OGI
2.7223,2.73,2.72,2.721,10380,2021-07-15 14:02:00,OGI
2.7222,2.725,2.72,2.7201,1807,2021-07-15 14:03:00,OGI
2.72,2.7299,2.72,2.725,22502,2021-07-15 14:04:00,OGI
2.73,2.73,2.72,2.72,5120,2021-07-15 14:05:00,OGI
2.7238,2.7238,2.7226,2.7226,375,2021-07-15 14:06:00,OGI
2.73,2.73,2.721,2.7269,13150,2021-07-15 14:07:00,OGI
2.7299,2.7299,2.72,2.725,4792,2021-07-15 14:08:00,OGI
2.725,2.7367,2.7229,2.731,27863,2021-07-15 14:09:00,OGI
2.7331,2.735,2.72,2.72,33314,2021-07-15 14:10:00,OGI
2.7264,2.7299,2.72,2.721,1278,2021-07-15 14:11:00,OGI
2.7264,2.7264,2.7,2.7,10268,2021-07-15 14:12:00,OGI
2.705,2.71,2.7001,2.705,9117,2021-07-15 14:13:00,OGI
2.705,2.7064,2.7001,2.7064,5332,2021-07-15 14:14:00,OGI
2.7001,2.71,2.7,2.7,14025,2021-07-15 14:15:00,OGI
2.71,2.72,2.7004,2.715,46090,2021-07-15 14:16:00,OGI
2.71,2.715,2.705,2.705,11161,2021-07-15 14:17:00,OGI
2.7,2.7,2.69,2.69,14577,2021-07-15 14:18:00,OGI
2.69,2.7,2.69,2.69,1787,2021-07-15 14:19:00,OGI
2.69,2.69,2.68,2.6863,10452,2021-07-15 14:20:00,OGI
2.6801,2.69,2.68,2.69,607,2021-07-15 14:21:00,OGI
2.6825,2.69,2.6702,2.6702,6558,2021-07-15 14:22:00,OGI
2.678,2.68,2.673,2.673,19500,2021-07-15 14:23:00,OGI
2.6732,2.68,2.67,2.6739,15181,2021-07-15 14:24:00,OGI
2.68,2.68,2.67,2.675,6435,2021-07-15 14:25:00,OGI
2.67,2.6799,2.665,2.665,7682,2021-07-15 14:26:00,OGI
2.6623,2.665,2.65,2.65,15630,2021-07-15 14:27:00,OGI
2.6556,2.66,2.65,2.65,14763,2021-07-15 14:28:00,OGI
2.66,2.66,2.65,2.6587,13948,2021-07-15 14:29:00,OGI
2.653,2.66,2.653,2.6563,5036,2021-07-15 14:30:00,OGI
2.6563,2.6599,2.65,2.655,18042,2021-07-15 14:31:00,OGI
2.6542,2.66,2.65,2.655,8496,2021-07-15 14:32:00,OGI
2.6563,2.6563,2.65,2.6524,1005,2021-07-15 14:33:00,OGI
2.65,2.66,2.65,2.655,3098,2021-07-15 14:34:00,OGI
2.6599,2.6599,2.65,2.65,12060,2021-07-15 14:35:00,OGI
2.66,2.66,2.6522,2.6522,3981,2021-07-15 14:36:00,OGI
2.6563,2.6564,2.65,2.6564,2143,2021-07-15 14:37:00,OGI
2.66,2.66,2.6543,2.655,6773,2021-07-15 14:38:00,OGI
2.652,2.66,2.6516,2.6516,7200,2021-07-15 14:39:00,OGI
2.66,2.66,2.65,2.6511,30094,2021-07-15 14:40:00,OGI
2.65,2.66,2.645,2.645,20703,2021-07-15 14:41:00,OGI
2.64,2.6499,2.64,2.641,7227,2021-07-15 14:42:00,OGI
2.64,2.64,2.63,2.63,15464,2021-07-15 14:43:00,OGI
2.635,2.637,2.63,2.63,3360,2021-07-15 14:44:00,OGI
2.632,2.635,2.63,2.6321,12962,2021-07-15 14:45:00,OGI
2.63,2.64,2.63,2.635,15335,2021-07-15 14:46:00,OGI
2.6317,2.64,2.62,2.6264,38889,2021-07-15 14:47:00,OGI
2.6201,2.64,2.6201,2.631,46203,2021-07-15 14:48:00,OGI
2.635,2.64,2.63,2.6301,9926,2021-07-15 14:49:00,OGI
2.6301,2.6301,2.63,2.63,4900,2021-07-15 14:50:00,OGI
2.63,2.645,2.63,2.6338,105884,2021-07-15 14:51:00,OGI
2.635,2.635,2.6301,2.635,6100,2021-07-15 14:52:00,OGI
2.6361,2.6399,2.6328,2.6361,3530,2021-07-15 14:53:00,OGI
2.63,2.6334,2.63,2.63,5335,2021-07-15 14:54:00,OGI
2.635,2.64,2.631,2.635,15506,2021-07-15 14:55:00,OGI
2.6365,2.64,2.63,2.6322,11650,2021-07-15 14:56:00,OGI
2.63,2.64,2.63,2.635,4228,2021-07-15 14:57:00,OGI
2.63,2.6364,2.63,2.63,1966,2021-07-15 14:58:00,OGI
2.64,2.64,2.63,2.635,2850,2021-07-15 14:59:00,OGI
2.64,2.65,2.635,2.645,50347,2021-07-15 15:00:00,OGI
2.645,2.6482,2.64,2.6414,19470,2021-07-15 15:01:00,OGI
2.64,2.6409,2.63,2.63,27273,2021-07-15 15:02:00,OGI
2.63,2.6301,2.63,2.63,8187,2021-07-15 15:03:00,OGI
2.63,2.635,2.63,2.635,2363,2021-07-15 15:04:00,OGI
2.6373,2.6373,2.63,2.63,1770,2021-07-15 15:05:00,OGI
2.63,2.638,2.63,2.638,16700,2021-07-15 15:06:00,OGI
2.6346,2.645,2.6346,2.64,40277,2021-07-15 15:07:00,OGI
2.6438,2.645,2.64,2.6401,9639,2021-07-15 15:08:00,OGI
2.645,2.65,2.63,2.635,24764,2021-07-15 15:09:00,OGI
2.64,2.64,2.63,2.6367,11174,2021-07-15 15:10:00,OGI
2.64,2.64,2.6339,2.6339,917,2021-07-15 15:11:00,OGI
2.64,2.64,2.6309,2.6394,3000,2021-07-15 15:12:00,OGI
2.64,2.65,2.6382,2.6499,11550,2021-07-15 15:13:00,OGI
2.647,2.65,2.64,2.64,12772,2021-07-15 15:14:00,OGI
2.64,2.6464,2.64,2.6436,1322,2021-07-15 15:15:00,OGI
2.6449,2.647,2.6438,2.6438,1989,2021-07-15 15:16:00,OGI
2.645,2.647,2.64,2.64,2300,2021-07-15 15:17:00,OGI
2.641,2.6467,2.641,2.6467,819,2021-07-15 15:18:00,OGI
2.6437,2.65,2.6415,2.6415,11890,2021-07-15 15:19:00,OGI
2.649,2.655,2.6401,2.655,22919,2021-07-15 15:20:00,OGI
2.654,2.66,2.6501,2.66,3979,2021-07-15 15:21:00,OGI
2.66,2.67,2.66,2.665,46243,2021-07-15 15:22:00,OGI
2.6621,2.68,2.66,2.6601,58417,2021-07-15 15:23:00,OGI
2.6637,2.67,2.66,2.66,15420,2021-07-15 15:24:00,OGI
2.669,2.6699,2.669,2.6699,1150,2021-07-15 15:25:00,OGI
2.6633,2.665,2.6633,2.665,1091,2021-07-15 15:26:00,OGI
2.6615,2.665,2.66,2.665,12146,2021-07-15 15:27:00,OGI
2.67,2.67,2.6674,2.6674,2389,2021-07-15 15:28:00,OGI
2.6601,2.6601,2.66,2.6601,3047,2021-07-15 15:29:00,OGI
2.665,2.665,2.6633,2.6633,600,2021-07-15 15:30:00,OGI
2.665,2.6668,2.6626,2.6668,3124,2021-07-15 15:31:00,OGI
2.6666,2.67,2.662,2.6629,5620,2021-07-15 15:32:00,OGI
2.665,2.67,2.66,2.665,1634,2021-07-15 15:33:00,OGI
2.6624,2.6699,2.6624,2.6699,4692,2021-07-15 15:34:00,OGI
2.6699,2.6699,2.665,2.665,4750,2021-07-15 15:35:00,OGI
2.6699,2.6699,2.6597,2.6597,16197,2021-07-15 15:36:00,OGI
2.658,2.66,2.6533,2.656,8504,2021-07-15 15:37:00,OGI
2.653,2.68,2.653,2.675,24879,2021-07-15 15:38:00,OGI
2.6701,2.6799,2.67,2.6764,13058,2021-07-15 15:39:00,OGI
2.678,2.678,2.6701,2.6764,3900,2021-07-15 15:40:00,OGI
2.6724,2.6724,2.6724,2.6724,100,2021-07-15 15:41:00,OGI
2.68,2.68,2.665,2.665,4901,2021-07-15 15:42:00,OGI
2.665,2.665,2.66,2.66,1900,2021-07-15 15:43:00,OGI
2.665,2.665,2.665,2.665,171,2021-07-15 15:44:00,OGI
2.6664,2.6664,2.66,2.66,1330,2021-07-15 15:45:00,OGI
2.66,2.66,2.66,2.66,4136,2021-07-15 15:46:00,OGI
2.6601,2.6664,2.66,2.6664,1998,2021-07-15 15:47:00,OGI
2.66,2.66,2.65,2.655,10632,2021-07-15 15:48:00,OGI
2.65,2.6501,2.65,2.6501,350,2021-07-15 15:49:00,OGI
2.655,2.655,2.655,2.655,200,2021-07-15 15:50:00,OGI
2.655,2.669,2.653,2.6658,42464,2021-07-15 15:52:00,OGI
2.6675,2.6675,2.66,2.667,5954,2021-07-15 15:53:00,OGI
2.6669,2.6669,2.6613,2.6665,4338,2021-07-15 15:55:00,OGI
2.665,2.665,2.6609,2.6609,8714,2021-07-15 15:56:00,OGI
2.665,2.665,2.6608,2.6608,400,2021-07-15 15:57:00,OGI
2.665,2.665,2.665,2.665,700,2021-07-15 15:58:00,OGI
2.66,2.6601,2.66,2.6601,625,2021-07-15 15:59:00,OGI
2.66,2.667,2.653,2.655,28380,2021-07-15 16:00:00,OGI
2.6501,2.6516,2.65,2.65,5210,2021-07-15 16:01:00,OGI
2.65,2.655,2.65,2.655,209,2021-07-15 16:02:00,OGI
2.655,2.655,2.65,2.65,2376,2021-07-15 16:03:00,OGI
2.652,2.6599,2.65,2.65,8556,2021-07-15 16:04:00,OGI
2.6564,2.6599,2.65,2.6599,4000,2021-07-15 16:05:00,OGI
2.655,2.655,2.655,2.655,200,2021-07-15 16:06:00,OGI
2.6531,2.6531,2.65,2.65,2650,2021-07-15 16:07:00,OGI
2.6567,2.6567,2.65,2.6501,600,2021-07-15 16:08:00,OGI
2.6501,2.6599,2.65,2.65,15066,2021-07-15 16:09:00,OGI
2.64,2.6499,2.64,2.645,11743,2021-07-15 16:10:00,OGI
2.6464,2.6464,2.64,2.64,1021,2021-07-15 16:11:00,OGI
2.645,2.65,2.6439,2.6467,11000,2021-07-15 16:12:00,OGI
2.6433,2.647,2.6433,2.647,3000,2021-07-15 16:13:00,OGI
2.6446,2.6446,2.64,2.6429,3500,2021-07-15 16:14:00,OGI
2.6435,2.6492,2.64,2.641,4314,2021-07-15 16:15:00,OGI
2.64,2.65,2.64,2.64,4600,2021-07-15 16:16:00,OGI
2.64,2.6464,2.64,2.6464,6400,2021-07-15 16:17:00,OGI
2.64,2.64,2.63,2.635,36527,2021-07-15 16:18:00,OGI
2.635,2.64,2.63,2.6364,3444,2021-07-15 16:19:00,OGI
2.63,2.63,2.63,2.63,741,2021-07-15 16:20:00,OGI
2.63,2.63,2.63,2.63,100,2021-07-15 16:21:00,OGI
2.63,2.6399,2.63,2.6399,500,2021-07-15 16:22:00,OGI
2.63,2.63,2.63,2.63,300,2021-07-15 16:23:00,OGI
2.6369,2.6371,2.63,2.635,3656,2021-07-15 16:24:00,OGI
2.635,2.64,2.633,2.6399,11355,2021-07-15 16:25:00,OGI
2.635,2.64,2.635,2.64,980,2021-07-15 16:26:00,OGI
2.63,2.6371,2.63,2.6301,16587,2021-07-15 16:27:00,OGI
2.63,2.64,2.63,2.635,32071,2021-07-15 16:28:00,OGI
2.63,2.6301,2.63,2.63,920,2021-07-15 16:30:00,OGI
2.63,2.63,2.63,2.63,4109,2021-07-15 16:31:00,OGI
2.63,2.6364,2.63,2.63,700,2021-07-15 16:32:00,OGI
2.63,2.635,2.63,2.63,14442,2021-07-15 16:34:00,OGI
2.6367,2.6399,2.63,2.635,5697,2021-07-15 16:35:00,OGI
2.635,2.6365,2.633,2.6339,10225,2021-07-15 16:36:00,OGI
2.6365,2.6365,2.63,2.63,11116,2021-07-15 16:37:00,OGI
2.63,2.635,2.63,2.635,4510,2021-07-15 16:38:00,OGI
2.6399,2.6399,2.63,2.6334,3889,2021-07-15 16:39:00,OGI
2.631,2.6399,2.63,2.63,7689,2021-07-15 16:40:00,OGI
2.63,2.6368,2.63,2.63,1300,2021-07-15 16:41:00,OGI
2.64,2.64,2.63,2.63,39830,2021-07-15 16:42:00,OGI
2.6364,2.64,2.63,2.635,11438,2021-07-15 16:44:00,OGI
2.64,2.64,2.63,2.6364,7056,2021-07-15 16:45:00,OGI
2.635,2.64,2.63,2.63,4998,2021-07-15 16:46:00,OGI
2.6364,2.6373,2.63,2.6334,3425,2021-07-15 16:47:00,OGI
2.63,2.635,2.625,2.625,38863,2021-07-15 16:48:00,OGI
2.625,2.63,2.62,2.63,4900,2021-07-15 16:49:00,OGI
2.625,2.625,2.625,2.625,250,2021-07-15 16:50:00,OGI
2.6264,2.63,2.625,2.63,1814,2021-07-15 16:51:00,OGI
2.6233,2.6233,2.6233,2.6233,113,2021-07-15 16:52:00,OGI
2.6225,2.6225,2.62,2.62,2700,2021-07-15 16:53:00,OGI
2.6264,2.6264,2.625,2.625,510,2021-07-15 16:54:00,OGI
2.6269,2.6269,2.6269,2.6269,500,2021-07-15 16:55:00,OGI
2.6201,2.6284,2.6201,2.6284,10430,2021-07-15 16:56:00,OGI
2.62,2.625,2.62,2.62,2918,2021-07-15 16:57:00,OGI
2.6209,2.6219,2.62,2.6219,3811,2021-07-15 16:58:00,OGI
2.6233,2.6233,2.6233,2.6233,236,2021-07-15 16:59:00,OGI
2.6269,2.6269,2.61,2.6164,54413,2021-07-15 17:01:00,OGI
2.6101,2.6101,2.6101,2.6101,424,2021-07-15 17:02:00,OGI
2.61,2.6164,2.6,2.605,25079,2021-07-15 17:03:00,OGI
2.6027,2.6064,2.6027,2.6064,1700,2021-07-15 17:04:00,OGI
2.61,2.61,2.6,2.6099,7955,2021-07-15 17:05:00,OGI
2.605,2.6173,2.6,2.6164,55600,2021-07-15 17:06:00,OGI
2.617,2.617,2.615,2.6164,1500,2021-07-15 17:07:00,OGI
2.615,2.615,2.611,2.615,1630,2021-07-15 17:08:00,OGI
2.6137,2.6196,2.6137,2.615,2800,2021-07-15 17:09:00,OGI
2.6132,2.615,2.61,2.6137,1600,2021-07-15 17:10:00,OGI
2.6136,2.62,2.6136,2.6199,1190,2021-07-15 17:11:00,OGI
2.6169,2.6179,2.6138,2.615,4350,2021-07-15 17:12:00,OGI
2.615,2.615,2.6138,2.6138,500,2021-07-15 17:13:00,OGI
2.6138,2.615,2.61,2.61,5217,2021-07-15 17:14:00,OGI
2.613,2.613,2.6101,2.6101,550,2021-07-15 17:15:00,OGI
2.6174,2.6199,2.6174,2.6199,2000,2021-07-15 17:16:00,OGI
2.615,2.6179,2.6131,2.6162,5389,2021-07-15 17:17:00,OGI
2.6122,2.615,2.61,2.613,8000,2021-07-15 17:18:00,OGI
2.6129,2.62,2.61,2.61,6421,2021-07-15 17:19:00,OGI
2.615,2.6164,2.6143,2.6164,800,2021-07-15 17:20:00,OGI
2.615,2.6172,2.615,2.6172,1600,2021-07-15 17:21:00,OGI
2.615,2.615,2.6101,2.6101,1276,2021-07-15 17:22:00,OGI
2.62,2.62,2.613,2.615,13100,2021-07-15 17:23:00,OGI
2.615,2.62,2.6101,2.614,1691,2021-07-15 17:24:00,OGI
2.62,2.627,2.613,2.6201,16598,2021-07-15 17:25:00,OGI
2.6201,2.627,2.62,2.6205,7923,2021-07-15 17:26:00,OGI
2.6264,2.63,2.62,2.6225,1552,2021-07-15 17:27:00,OGI
2.63,2.63,2.621,2.625,3400,2021-07-15 17:28:00,OGI
2.625,2.6264,2.62,2.6238,851,2021-07-15 17:29:00,OGI
2.625,2.6264,2.6232,2.6232,1830,2021-07-15 17:30:00,OGI
2.62,2.625,2.62,2.625,1073,2021-07-15 17:31:00,OGI
2.62,2.63,2.62,2.63,9857,2021-07-15 17:32:00,OGI
2.625,2.63,2.625,2.63,700,2021-07-15 17:33:00,OGI
2.625,2.625,2.625,2.625,100,2021-07-15 17:34:00,OGI
2.625,2.63,2.62,2.625,6700,2021-07-15 17:35:00,OGI
2.62,2.625,2.62,2.62,10788,2021-07-15 17:36:00,OGI
2.62,2.625,2.62,2.62,1034,2021-07-15 17:37:00,OGI
2.6299,2.6299,2.615,2.615,18844,2021-07-15 17:38:00,OGI
2.615,2.62,2.613,2.62,1518,2021-07-15 17:39:00,OGI
2.6128,2.62,2.6128,2.62,3000,2021-07-15 17:40:00,OGI
2.6161,2.62,2.615,2.616,2550,2021-07-15 17:41:00,OGI
2.6161,2.6199,2.61,2.61,7850,2021-07-15 17:42:00,OGI
2.6131,2.617,2.61,2.615,8060,2021-07-15 17:43:00,OGI
2.615,2.615,2.605,2.605,12855,2021-07-15 17:44:00,OGI
2.605,2.605,2.6001,2.605,4925,2021-07-15 17:45:00,OGI
2.605,2.605,2.6,2.6,1950,2021-07-15 17:46:00,OGI
2.6068,2.6068,2.6033,2.6033,4240,2021-07-15 17:47:00,OGI
2.6069,2.6069,2.6,2.6,3000,2021-07-15 17:48:00,OGI
2.605,2.605,2.6036,2.6036,758,2021-07-15 17:49:00,OGI
2.605,2.605,2.6,2.6,5000,2021-07-15 17:50:00,OGI
2.605,2.61,2.6,2.61,3900,2021-07-15 17:51:00,OGI
2.61,2.61,2.605,2.605,11027,2021-07-15 17:52:00,OGI
2.605,2.605,2.605,2.605,1710,2021-07-15 17:53:00,OGI
2.6,2.6064,2.6,2.6,5534,2021-07-15 17:54:00,OGI
2.6,2.605,2.5905,2.597,64641,2021-07-15 17:55:00,OGI
2.595,2.6,2.593,2.596,8400,2021-07-15 17:56:00,OGI
2.5935,2.5969,2.59,2.595,41413,2021-07-15 17:57:00,OGI
2.5931,2.6,2.59,2.6,8086,2021-07-15 17:58:00,OGI
2.595,2.595,2.595,2.595,800,2021-07-15 17:59:00,OGI
2.595,2.6,2.5901,2.5962,6895,2021-07-15 18:00:00,OGI
2.5964,2.6,2.59,2.595,8585,2021-07-15 18:01:00,OGI
2.6,2.6,2.5901,2.595,5328,2021-07-15 18:02:00,OGI
2.5928,2.6,2.5901,2.5901,7559,2021-07-15 18:03:00,OGI
2.5963,2.5966,2.595,2.5966,2356,2021-07-15 18:04:00,OGI
2.595,2.6,2.595,2.6,680,2021-07-15 18:05:00,OGI
2.5962,2.5962,2.59,2.5962,1655,2021-07-15 18:06:00,OGI
2.5966,2.5966,2.5966,2.5966,386,2021-07-15 18:07:00,OGI
2.593,2.6,2.593,2.5978,12200,2021-07-15 18:08:00,OGI
2.5999,2.6,2.595,2.6,1431,2021-07-15 18:09:00,OGI
2.59,2.6,2.59,2.595,15275,2021-07-15 18:10:00,OGI
2.599,2.6,2.595,2.595,4084,2021-07-15 18:11:00,OGI
2.597,2.599,2.597,2.599,1275,2021-07-15 18:12:00,OGI
2.595,2.6,2.59,2.5961,1600,2021-07-15 18:13:00,OGI
2.5961,2.6,2.593,2.5965,6063,2021-07-15 18:14:00,OGI
2.59,2.6,2.59,2.5919,48600,2021-07-15 18:15:00,OGI
2.6,2.6,2.593,2.596,5019,2021-07-15 18:16:00,OGI
2.595,2.6,2.59,2.598,2360,2021-07-15 18:17:00,OGI
2.595,2.599,2.595,2.599,5200,2021-07-15 18:18:00,OGI
2.595,2.5999,2.59,2.5999,3200,2021-07-15 18:19:00,OGI
2.6,2.6,2.5934,2.5935,877,2021-07-15 18:20:00,OGI
2.5969,2.5969,2.5969,2.5969,800,2021-07-15 18:21:00,OGI
2.5901,2.6,2.5901,2.5999,10300,2021-07-15 18:22:00,OGI
2.5999,2.6,2.59,2.6,800,2021-07-15 18:23:00,OGI
2.595,2.6,2.595,2.595,9688,2021-07-15 18:24:00,OGI
2.5928,2.6,2.5928,2.6,1225,2021-07-15 18:25:00,OGI
2.595,2.61,2.595,2.6071,55946,2021-07-15 18:26:00,OGI
2.605,2.605,2.605,2.605,2836,2021-07-15 18:27:00,OGI
2.61,2.61,2.605,2.605,600,2021-07-15 18:28:00,OGI
2.605,2.61,2.6036,2.6069,9249,2021-07-15 18:29:00,OGI
2.61,2.61,2.6099,2.61,1000,2021-07-15 18:31:00,OGI
2.6033,2.61,2.6033,2.61,2168,2021-07-15 18:32:00,OGI
2.61,2.615,2.61,2.6134,14261,2021-07-15 18:33:00,OGI
2.615,2.615,2.61,2.615,20704,2021-07-15 18:34:00,OGI
2.615,2.615,2.615,2.615,100,2021-07-15 18:35:00,OGI
2.615,2.615,2.615,2.615,500,2021-07-15 18:36:00,OGI
2.62,2.62,2.615,2.615,4932,2021-07-15 18:37:00,OGI
2.616,2.616,2.6135,2.616,550,2021-07-15 18:38:00,OGI
2.616,2.616,2.615,2.615,432,2021-07-15 18:39:00,OGI
2.6132,2.6174,2.61,2.615,8277,2021-07-15 18:40:00,OGI
2.6166,2.6166,2.61,2.613,4217,2021-07-15 18:42:00,OGI
2.62,2.62,2.6165,2.6165,405,2021-07-15 18:43:00,OGI
2.6124,2.617,2.6124,2.617,4568,2021-07-15 18:44:00,OGI
2.61,2.615,2.61,2.615,2300,2021-07-15 18:45:00,OGI
2.615,2.625,2.615,2.62,22036,2021-07-15 18:46:00,OGI
2.62,2.63,2.62,2.624,8800,2021-07-15 18:47:00,OGI
2.6239,2.625,2.621,2.625,805,2021-07-15 18:48:00,OGI
2.63,2.63,2.6236,2.63,25185,2021-07-15 18:49:00,OGI
2.6268,2.63,2.6201,2.63,1080,2021-07-15 18:50:00,OGI
2.625,2.63,2.6203,2.625,1181,2021-07-15 18:51:00,OGI
2.625,2.63,2.625,2.63,204,2021-07-15 18:52:00,OGI
2.6268,2.63,2.62,2.625,11541,2021-07-15 18:53:00,OGI
2.625,2.625,2.62,2.6236,880,2021-07-15 18:54:00,OGI
2.625,2.6276,2.6233,2.625,1900,2021-07-15 18:55:00,OGI
2.625,2.625,2.625,2.625,300,2021-07-15 18:56:00,OGI
2.625,2.63,2.625,2.627,3700,2021-07-15 18:57:00,OGI
2.625,2.63,2.625,2.625,3000,2021-07-15 18:58:00,OGI
2.6234,2.6261,2.6234,2.625,2800,2021-07-15 18:59:00,OGI
2.63,2.64,2.623,2.6391,49265,2021-07-15 19:00:00,OGI
2.64,2.65,2.64,2.65,41523,2021-07-15 19:01:00,OGI
2.645,2.65,2.645,2.6467,2900,2021-07-15 19:02:00,OGI
2.645,2.65,2.645,2.65,2200,2021-07-15 19:03:00,OGI
2.645,2.65,2.64,2.65,4100,2021-07-15 19:04:00,OGI
2.65,2.66,2.6498,2.655,14638,2021-07-15 19:05:00,OGI
2.6535,2.655,2.65,2.655,11178,2021-07-15 19:06:00,OGI
2.65,2.6516,2.65,2.6516,700,2021-07-15 19:07:00,OGI
2.6564,2.6564,2.6564,2.6564,200,2021-07-15 19:08:00,OGI
2.655,2.66,2.655,2.655,1300,2021-07-15 19:09:00,OGI
2.66,2.66,2.6529,2.655,2300,2021-07-15 19:10:00,OGI
2.65,2.6592,2.65,2.65,1069,2021-07-15 19:12:00,OGI
2.65,2.65,2.65,2.65,8700,2021-07-15 19:13:00,OGI
2.6501,2.655,2.65,2.65,20500,2021-07-15 19:15:00,OGI
2.6501,2.6599,2.6501,2.6599,4500,2021-07-15 19:16:00,OGI
2.6565,2.6565,2.6501,2.6501,10347,2021-07-15 19:17:00,OGI
2.655,2.655,2.65,2.65,7990,2021-07-15 19:18:00,OGI
2.651,2.6599,2.65,2.655,2066,2021-07-15 19:19:00,OGI
2.655,2.66,2.655,2.655,5477,2021-07-15 19:20:00,OGI
2.655,2.655,2.65,2.65,2500,2021-07-15 19:21:00,OGI
2.6567,2.6567,2.6506,2.652,29477,2021-07-15 19:22:00,OGI
2.6501,2.6501,2.65,2.65,500,2021-07-15 19:23:00,OGI
2.65,2.655,2.65,2.655,1000,2021-07-15 19:24:00,OGI
2.655,2.66,2.65,2.655,1544,2021-07-15 19:25:00,OGI
2.655,2.66,2.6501,2.655,4116,2021-07-15 19:26:00,OGI
2.655,2.66,2.6539,2.655,5461,2021-07-15 19:27:00,OGI
2.655,2.655,2.655,2.655,1604,2021-07-15 19:29:00,OGI
2.65,2.665,2.65,2.665,9578,2021-07-15 19:30:00,OGI
2.6637,2.68,2.6637,2.68,32394,2021-07-15 19:31:00,OGI
2.6766,2.6769,2.675,2.6769,1549,2021-07-15 19:32:00,OGI
2.6769,2.6769,2.66,2.669,54370,2021-07-15 19:33:00,OGI
2.665,2.67,2.665,2.665,1000,2021-07-15 19:34:00,OGI
2.66,2.6664,2.66,2.6664,819,2021-07-15 19:35:00,OGI
2.665,2.6699,2.665,2.6699,2100,2021-07-15 19:36:00,OGI
2.66,2.6699,2.66,2.6631,40899,2021-07-15 19:37:00,OGI
2.665,2.665,2.665,2.665,442,2021-07-15 19:38:00,OGI
2.665,2.6682,2.66,2.665,4325,2021-07-15 19:39:00,OGI
2.66,2.6699,2.66,2.6699,6800,2021-07-15 19:40:00,OGI
2.665,2.665,2.66,2.6627,2624,2021-07-15 19:41:00,OGI
2.6669,2.6669,2.66,2.665,2525,2021-07-15 19:42:00,OGI
2.6626,2.67,2.66,2.66,5410,2021-07-15 19:43:00,OGI
2.665,2.665,2.6601,2.6601,3350,2021-07-15 19:44:00,OGI
2.67,2.67,2.66,2.67,12818,2021-07-15 19:45:00,OGI
2.6699,2.6699,2.66,2.665,5765,2021-07-15 19:46:00,OGI
2.6699,2.6699,2.665,2.665,1844,2021-07-15 19:47:00,OGI
2.665,2.67,2.664,2.665,5289,2021-07-15 19:48:00,OGI
2.6642,2.67,2.66,2.665,2611,2021-07-15 19:49:00,OGI
2.665,2.67,2.6629,2.6667,5517,2021-07-15 19:50:00,OGI
2.67,2.67,2.6639,2.665,19349,2021-07-15 19:51:00,OGI
2.665,2.67,2.66,2.67,2788,2021-07-15 19:52:00,OGI
2.6668,2.67,2.6601,2.665,1663,2021-07-15 19:53:00,OGI
2.6601,2.67,2.6601,2.665,3226,2021-07-15 19:54:00,OGI
2.665,2.6699,2.66,2.665,25605,2021-07-15 19:55:00,OGI
2.665,2.67,2.66,2.665,52238,2021-07-15 19:56:00,OGI
2.665,2.67,2.66,2.66,8196,2021-07-15 19:57:00,OGI
2.6667,2.67,2.66,2.665,6836,2021-07-15 19:58:00,OGI
2.6601,2.67,2.66,2.66,60155,2021-07-15 19:59:00,OGI
2.67,2.67,2.67,2.67,16758,2021-07-15 20:00:00,OGI
2.65,2.65,2.65,2.65,807,2021-07-15 20:11:00,OGI
2.66,2.66,2.66,2.66,100,2021-07-15 20:14:00,OGI
2.68,2.68,2.68,2.68,439,2021-07-15 20:17:00,OGI
2.68,2.68,2.68,2.68,100,2021-07-15 20:23:00,OGI
2.68,2.68,2.68,2.68,4178,2021-07-15 20:30:00,OGI
2.67,2.67,2.67,2.67,438,2021-07-15 20:57:00,OGI
2.65,2.65,2.65,2.65,400,2021-07-15 21:19:00,OGI
2.67,2.67,2.67,2.67,100,2021-07-15 21:30:00,OGI
2.67,2.67,2.67,2.67,3234,2021-07-15 21:37:00,OGI
2.68,2.68,2.68,2.68,607,2021-07-15 21:51:00,OGI
2.68,2.68,2.68,2.68,500,2021-07-15 22:09:00,OGI
2.68,2.68,2.68,2.68,7608,2021-07-15 22:17:00,OGI
2.7,2.7,2.7,2.7,150,2021-07-15 22:21:00,OGI
2.7,2.7,2.7,2.7,780,2021-07-15 22:24:00,OGI
2.7,2.7,2.7,2.7,500,2021-07-15 22:41:00,OGI
2.68,2.68,2.68,2.68,100,2021-07-15 23:45:00,OGI
2.68,2.68,2.68,2.68,899,2021-07-16 08:12:00,OGI
2.68,2.68,2.68,2.68,225,2021-07-16 11:00:00,OGI
2.69,2.69,2.69,2.69,100,2021-07-16 11:14:00,OGI
2.68,2.68,2.68,2.68,500,2021-07-16 12:13:00,OGI
2.69,2.69,2.69,2.69,500,2021-07-16 12:30:00,OGI
2.6898,2.6898,2.6898,2.6898,500,2021-07-16 12:32:00,OGI
2.6899,2.6899,2.6899,2.6899,1000,2021-07-16 12:45:00,OGI
2.69,2.69,2.69,2.69,11000,2021-07-16 12:55:00,OGI
2.7,2.7,2.7,2.7,100,2021-07-16 12:58:00,OGI
2.67,2.68,2.67,2.68,1366,2021-07-16 13:03:00,OGI
2.68,2.68,2.68,2.68,100,2021-07-16 13:14:00,OGI
2.68,2.68,2.68,2.68,171,2021-07-16 13:22:00,OGI
2.6801,2.6801,2.68,2.68,675,2021-07-16 13:23:00,OGI
2.67,2.67,2.67,2.67,100,2021-07-16 13:25:00,OGI
2.65,2.665,2.65,2.65,178782,2021-07-16 13:30:00,OGI
2.645,2.66,2.63,2.655,41513,2021-07-16 13:31:00,OGI
2.655,2.679,2.651,2.6601,47444,2021-07-16 13:32:00,OGI
2.66,2.66,2.6323,2.6323,22833,2021-07-16 13:33:00,OGI
2.6332,2.6595,2.6332,2.65,44607,2021-07-16 13:34:00,OGI
2.65,2.6564,2.6301,2.64,46841,2021-07-16 13:35:00,OGI
2.64,2.64,2.62,2.6271,40326,2021-07-16 13:36:00,OGI
2.6255,2.63,2.61,2.613,52783,2021-07-16 13:37:00,OGI
2.615,2.6297,2.61,2.615,32581,2021-07-16 13:38:00,OGI
2.6174,2.62,2.61,2.616,68531,2021-07-16 13:39:00,OGI
2.6197,2.6199,2.6,2.6044,38929,2021-07-16 13:40:00,OGI
2.6,2.61,2.6,2.6,63276,2021-07-16 13:41:00,OGI
2.6,2.6169,2.5919,2.6069,61020,2021-07-16 13:42:00,OGI
2.6075,2.62,2.6,2.605,36812,2021-07-16 13:43:00,OGI
2.61,2.6165,2.6,2.6068,30197,2021-07-16 13:44:00,OGI
2.61,2.61,2.58,2.5872,69211,2021-07-16 13:45:00,OGI
2.585,2.59,2.58,2.58,21233,2021-07-16 13:46:00,OGI
2.59,2.59,2.58,2.585,27467,2021-07-16 13:47:00,OGI
2.585,2.59,2.58,2.59,2700,2021-07-16 13:48:00,OGI
2.5853,2.59,2.57,2.5771,44515,2021-07-16 13:49:00,OGI
2.575,2.58,2.57,2.58,30400,2021-07-16 13:50:00,OGI
2.575,2.59,2.57,2.5786,31603,2021-07-16 13:51:00,OGI
2.58,2.585,2.573,2.5735,30509,2021-07-16 13:52:00,OGI
2.5764,2.59,2.57,2.5825,28435,2021-07-16 13:53:00,OGI
2.585,2.6,2.5812,2.5941,20083,2021-07-16 13:54:00,OGI
2.5999,2.6,2.59,2.59,21765,2021-07-16 13:55:00,OGI
2.595,2.597,2.58,2.5895,34938,2021-07-16 13:56:00,OGI
2.5884,2.5899,2.575,2.58,28154,2021-07-16 13:57:00,OGI
2.5817,2.5869,2.58,2.5863,5600,2021-07-16 13:58:00,OGI
2.585,2.585,2.58,2.585,1700,2021-07-16 13:59:00,OGI
2.585,2.59,2.58,2.5825,9270,2021-07-16 14:00:00,OGI
2.58,2.5833,2.56,2.5679,63344,2021-07-16 14:01:00,OGI
2.5636,2.58,2.56,2.5754,24556,2021-07-16 14:02:00,OGI
2.5701,2.5772,2.56,2.5675,44163,2021-07-16 14:03:00,OGI
2.566,2.57,2.553,2.565,73925,2021-07-16 14:04:00,OGI
2.5699,2.57,2.55,2.5569,21334,2021-07-16 14:05:00,OGI
2.5542,2.56,2.55,2.555,10777,2021-07-16 14:06:00,OGI
2.5578,2.56,2.5401,2.545,77101,2021-07-16 14:07:00,OGI
2.54,2.55,2.54,2.55,10120,2021-07-16 14:08:00,OGI
2.5499,2.55,2.54,2.542,20947,2021-07-16 14:09:00,OGI
2.54,2.5499,2.5301,2.5429,83555,2021-07-16 14:10:00,OGI
2.5401,2.55,2.54,2.5484,12189,2021-07-16 14:11:00,OGI
2.5479,2.565,2.5421,2.56,60159,2021-07-16 14:12:00,OGI
2.56,2.575,2.55,2.5627,66029,2021-07-16 14:13:00,OGI
2.565,2.57,2.5601,2.5629,14850,2021-07-16 14:14:00,OGI
2.5631,2.57,2.56,2.57,19689,2021-07-16 14:15:00,OGI
2.5636,2.57,2.56,2.5683,7333,2021-07-16 14:16:00,OGI
2.57,2.575,2.5636,2.57,39266,2021-07-16 14:17:00,OGI
2.5681,2.57,2.56,2.561,22066,2021-07-16 14:18:00,OGI
2.5699,2.5699,2.55,2.55,76989,2021-07-16 14:19:00,OGI
2.5537,2.56,2.5501,2.555,7453,2021-07-16 14:20:00,OGI
2.55,2.5579,2.55,2.5532,11452,2021-07-16 14:21:00,OGI
2.5562,2.5562,2.541,2.545,29794,2021-07-16 14:22:00,OGI
2.545,2.55,2.54,2.5482,18639,2021-07-16 14:23:00,OGI
2.5461,2.5461,2.5437,2.5437,2200,2021-07-16 14:24:00,OGI
2.545,2.545,2.5311,2.535,38371,2021-07-16 14:25:00,OGI
2.5301,2.55,2.53,2.545,49399,2021-07-16 14:26:00,OGI
2.545,2.5499,2.54,2.549,11209,2021-07-16 14:27:00,OGI
2.5453,2.55,2.5433,2.5479,10478,2021-07-16 14:28:00,OGI
2.55,2.55,2.54,2.545,6541,2021-07-16 14:29:00,OGI
2.542,2.565,2.533,2.563,75194,2021-07-16 14:30:00,OGI
2.565,2.577,2.562,2.565,29473,2021-07-16 14:31:00,OGI
2.5628,2.57,2.56,2.565,2680,2021-07-16 14:32:00,OGI
2.5667,2.58,2.56,2.58,26116,2021-07-16 14:33:00,OGI
2.58,2.58,2.57,2.5735,8870,2021-07-16 14:34:00,OGI
2.575,2.58,2.57,2.57,33080,2021-07-16 14:35:00,OGI
2.575,2.5761,2.5633,2.5671,17304,2021-07-16 14:36:00,OGI
2.5601,2.57,2.56,2.565,21265,2021-07-16 14:37:00,OGI
2.57,2.5799,2.5682,2.5738,25842,2021-07-16 14:38:00,OGI
2.5799,2.587,2.5701,2.575,58716,2021-07-16 14:39:00,OGI
2.5739,2.5766,2.5701,2.5766,3358,2021-07-16 14:40:00,OGI
2.5769,2.5983,2.5769,2.5939,51077,2021-07-16 14:41:00,OGI
2.591,2.597,2.59,2.59,18539,2021-07-16 14:42:00,OGI
2.5832,2.6,2.58,2.5926,10349,2021-07-16 14:43:00,OGI
2.595,2.6,2.59,2.5999,3164,2021-07-16 14:44:00,OGI
2.59,2.5997,2.59,2.5933,4490,2021-07-16 14:45:00,OGI
2.596,2.6,2.59,2.5939,4909,2021-07-16 14:46:00,OGI
2.59,2.59,2.585,2.586,30989,2021-07-16 14:47:00,OGI
2.58,2.585,2.58,2.58,5500,2021-07-16 14:48:00,OGI
2.58,2.5844,2.58,2.5822,2650,2021-07-16 14:49:00,OGI
2.585,2.5873,2.57,2.57,8646,2021-07-16 14:50:00,OGI
2.5764,2.5799,2.573,2.575,4066,2021-07-16 14:51:00,OGI
2.58,2.585,2.5724,2.5836,14723,2021-07-16 14:52:00,OGI
2.58,2.59,2.5731,2.5799,6651,2021-07-16 14:53:00,OGI
2.57,2.58,2.57,2.575,4419,2021-07-16 14:54:00,OGI
2.57,2.58,2.57,2.57,7510,2021-07-16 14:55:00,OGI
2.575,2.58,2.57,2.5781,2786,2021-07-16 14:56:00,OGI
2.5739,2.575,2.57,2.57,1635,2021-07-16 14:57:00,OGI
2.575,2.575,2.56,2.56,18919,2021-07-16 14:58:00,OGI
2.5699,2.5699,2.55,2.5598,19665,2021-07-16 14:59:00,OGI
2.5581,2.566,2.55,2.564,12562,2021-07-16 15:00:00,OGI
2.56,2.5636,2.555,2.56,11640,2021-07-16 15:01:00,OGI
2.56,2.56,2.5538,2.555,900,2021-07-16 15:02:00,OGI
2.551,2.56,2.54,2.5535,35250,2021-07-16 15:03:00,OGI
2.5529,2.56,2.55,2.557,9276,2021-07-16 15:04:00,OGI
2.5519,2.56,2.55,2.5534,13257,2021-07-16 15:05:00,OGI
2.558,2.565,2.55,2.5627,44990,2021-07-16 15:06:00,OGI
2.5635,2.565,2.552,2.56,11496,2021-07-16 15:07:00,OGI
2.56,2.565,2.55,2.5601,16732,2021-07-16 15:08:00,OGI
2.5637,2.57,2.5501,2.555,19983,2021-07-16 15:09:00,OGI
2.5536,2.57,2.5536,2.566,14985,2021-07-16 15:10:00,OGI
2.565,2.5699,2.56,2.5661,75739,2021-07-16 15:11:00,OGI
2.5601,2.577,2.56,2.577,11227,2021-07-16 15:12:00,OGI
2.575,2.577,2.57,2.575,13588,2021-07-16 15:13:00,OGI
2.574,2.58,2.57,2.57,5599,2021-07-16 15:14:00,OGI
2.5779,2.58,2.5701,2.5737,8838,2021-07-16 15:15:00,OGI
2.57,2.57,2.57,2.57,550,2021-07-16 15:16:00,OGI
2.575,2.5772,2.565,2.565,36133,2021-07-16 15:17:00,OGI
2.5693,2.57,2.56,2.57,31350,2021-07-16 15:18:00,OGI
2.58,2.58,2.57,2.5779,14031,2021-07-16 15:19:00,OGI
2.5784,2.5784,2.5701,2.5737,69700,2021-07-16 15:20:00,OGI
2.5747,2.5799,2.57,2.57,3010,2021-07-16 15:21:00,OGI
2.575,2.5784,2.575,2.5759,3500,2021-07-16 15:22:00,OGI
2.5736,2.58,2.57,2.575,872,2021-07-16 15:23:00,OGI
2.5737,2.5737,2.5737,2.5737,100,2021-07-16 15:24:00,OGI
2.57,2.5799,2.57,2.575,400,2021-07-16 15:25:00,OGI
2.5799,2.6,2.5799,2.595,70668,2021-07-16 15:26:00,OGI
2.592,2.6,2.592,2.595,7955,2021-07-16 15:27:00,OGI
2.595,2.6,2.59,2.5935,12715,2021-07-16 15:28:00,OGI
2.59,2.5999,2.59,2.5999,14199,2021-07-16 15:29:00,OGI
2.59,2.5963,2.59,2.595,3886,2021-07-16 15:30:00,OGI
2.59,2.6,2.59,2.6,12172,2021-07-16 15:31:00,OGI
2.595,2.6,2.591,2.591,1300,2021-07-16 15:32:00,OGI
2.595,2.5999,2.595,2.5999,5848,2021-07-16 15:33:00,OGI
2.6,2.6,2.5939,2.5971,1600,2021-07-16 15:34:00,OGI
2.5901,2.596,2.59,2.595,1156,2021-07-16 15:35:00,OGI
2.5939,2.6,2.5939,2.5982,6417,2021-07-16 15:36:00,OGI
2.5966,2.6,2.59,2.595,16560,2021-07-16 15:37:00,OGI
2.599,2.599,2.59,2.5937,3492,2021-07-16 15:38:00,OGI
2.5938,2.5965,2.59,2.5931,9415,2021-07-16 15:39:00,OGI
2.59,2.5962,2.59,2.595,5800,2021-07-16 15:40:00,OGI
2.595,2.61,2.59,2.601,20328,2021-07-16 15:41:00,OGI
2.605,2.607,2.6036,2.607,2800,2021-07-16 15:42:00,OGI
2.605,2.605,2.6,2.6,5400,2021-07-16 15:43:00,OGI
2.6021,2.6021,2.6021,2.6021,4500,2021-07-16 15:44:00,OGI
2.605,2.61,2.6,2.61,1324,2021-07-16 15:45:00,OGI
2.607,2.61,2.605,2.605,2674,2021-07-16 15:46:00,OGI
2.605,2.605,2.6,2.6,800,2021-07-16 15:47:00,OGI
2.605,2.605,2.6,2.604,2010,2021-07-16 15:48:00,OGI
2.609,2.6099,2.6,2.6001,4373,2021-07-16 15:49:00,OGI
2.6062,2.608,2.59,2.59,26356,2021-07-16 15:50:00,OGI
2.59,2.59,2.585,2.5875,25096,2021-07-16 15:51:00,OGI
2.58,2.585,2.58,2.58,1561,2021-07-16 15:52:00,OGI
2.585,2.585,2.58,2.58,300,2021-07-16 15:53:00,OGI
2.585,2.59,2.58,2.58,4900,2021-07-16 15:54:00,OGI
2.5869,2.59,2.5869,2.589,11685,2021-07-16 15:55:00,OGI
2.59,2.595,2.5899,2.59,20646,2021-07-16 15:56:00,OGI
2.59,2.59,2.585,2.585,6900,2021-07-16 15:57:00,OGI
2.585,2.585,2.585,2.585,301,2021-07-16 15:58:00,OGI
2.585,2.5866,2.5821,2.5821,5973,2021-07-16 15:59:00,OGI
2.588,2.595,2.58,2.58,23482,2021-07-16 16:00:00,OGI
2.5801,2.59,2.5801,2.5836,4446,2021-07-16 16:01:00,OGI
2.58,2.58,2.58,2.58,7339,2021-07-16 16:02:00,OGI
2.575,2.575,2.561,2.565,25931,2021-07-16 16:04:00,OGI
2.565,2.57,2.565,2.5699,5500,2021-07-16 16:05:00,OGI
2.569,2.569,2.56,2.56,12300,2021-07-16 16:06:00,OGI
2.561,2.5672,2.56,2.5672,2100,2021-07-16 16:07:00,OGI
2.5663,2.5663,2.5663,2.5663,200,2021-07-16 16:08:00,OGI
2.565,2.5668,2.56,2.56,3954,2021-07-16 16:09:00,OGI
2.5601,2.5669,2.5601,2.5617,2600,2021-07-16 16:10:00,OGI
2.565,2.565,2.565,2.565,1500,2021-07-16 16:11:00,OGI
2.5663,2.57,2.56,2.5641,4795,2021-07-16 16:12:00,OGI
2.5664,2.5664,2.565,2.565,200,2021-07-16 16:13:00,OGI
2.5666,2.5666,2.56,2.564,26900,2021-07-16 16:14:00,OGI
2.5699,2.5699,2.5667,2.5667,1100,2021-07-16 16:15:00,OGI
2.56,2.57,2.56,2.5681,4100,2021-07-16 16:16:00,OGI
2.57,2.57,2.56,2.565,1791,2021-07-16 16:17:00,OGI
2.5637,2.57,2.56,2.5634,13400,2021-07-16 16:18:00,OGI
2.56,2.57,2.56,2.566,2059,2021-07-16 16:19:00,OGI
2.563,2.5699,2.56,2.5699,3300,2021-07-16 16:20:00,OGI
2.565,2.5667,2.5625,2.5667,3389,2021-07-16 16:21:00,OGI
2.56,2.56,2.56,2.56,1800,2021-07-16 16:22:00,OGI
2.5629,2.57,2.562,2.5665,2228,2021-07-16 16:24:00,OGI
2.57,2.57,2.56,2.5658,3199,2021-07-16 16:25:00,OGI
2.57,2.57,2.57,2.57,14100,2021-07-16 16:26:00,OGI
2.566,2.5694,2.565,2.5694,2207,2021-07-16 16:27:00,OGI
2.565,2.57,2.56,2.5666,6713,2021-07-16 16:28:00,OGI
2.57,2.57,2.56,2.5687,14267,2021-07-16 16:29:00,OGI
2.56,2.57,2.56,2.57,500,2021-07-16 16:30:00,OGI
2.57,2.57,2.5632,2.57,8175,2021-07-16 16:31:00,OGI
2.5699,2.5699,2.5667,2.5667,489,2021-07-16 16:32:00,OGI
2.565,2.565,2.5601,2.5601,1700,2021-07-16 16:33:00,OGI
2.56,2.57,2.56,2.57,5200,2021-07-16 16:34:00,OGI
2.56,2.5699,2.56,2.56,3994,2021-07-16 16:35:00,OGI
2.56,2.565,2.55,2.56,28706,2021-07-16 16:36:00,OGI
2.5576,2.56,2.5576,2.56,600,2021-07-16 16:37:00,OGI
2.555,2.56,2.555,2.56,7864,2021-07-16 16:38:00,OGI
2.5563,2.5563,2.5563,2.5563,200,2021-07-16 16:39:00,OGI
2.5584,2.56,2.555,2.56,5391,2021-07-16 16:40:00,OGI
2.555,2.555,2.555,2.555,100,2021-07-16 16:41:00,OGI
2.56,2.56,2.55,2.555,2620,2021-07-16 16:42:00,OGI
2.555,2.5572,2.555,2.555,1200,2021-07-16 16:44:00,OGI
2.55,2.5599,2.55,2.555,2300,2021-07-16 16:45:00,OGI
2.55,2.555,2.55,2.55,19300,2021-07-16 16:46:00,OGI
2.55,2.551,2.54,2.54,24310,2021-07-16 16:47:00,OGI
2.545,2.55,2.54,2.54,12098,2021-07-16 16:48:00,OGI
2.545,2.55,2.5401,2.545,3345,2021-07-16 16:49:00,OGI
2.5464,2.5464,2.54,2.54,2534,2021-07-16 16:50:00,OGI
2.545,2.5471,2.545,2.5471,1300,2021-07-16 16:51:00,OGI
2.5499,2.55,2.5401,2.5465,3111,2021-07-16 16:52:00,OGI
2.545,2.545,2.54,2.5436,1826,2021-07-16 16:53:00,OGI
2.5436,2.5436,2.5436,2.5436,172,2021-07-16 16:54:00,OGI
2.54,2.545,2.54,2.545,1200,2021-07-16 16:55:00,OGI
2.5461,2.5499,2.54,2.545,800,2021-07-16 16:56:00,OGI
2.5487,2.5487,2.5487,2.5487,15000,2021-07-16 16:57:00,OGI
2.545,2.55,2.54,2.55,1370,2021-07-16 16:58:00,OGI
2.545,2.5491,2.545,2.5491,250,2021-07-16 16:59:00,OGI
2.55,2.56,2.55,2.559,42355,2021-07-16 17:00:00,OGI
2.5538,2.56,2.5538,2.56,5400,2021-07-16 17:01:00,OGI
2.5599,2.5599,2.555,2.5594,17686,2021-07-16 17:02:00,OGI
2.5565,2.5565,2.55,2.555,800,2021-07-16 17:03:00,OGI
2.5589,2.5589,2.555,2.5574,10479,2021-07-16 17:04:00,OGI
2.5536,2.57,2.5536,2.565,30381,2021-07-16 17:05:00,OGI
2.565,2.57,2.56,2.565,19202,2021-07-16 17:06:00,OGI
2.565,2.57,2.56,2.5699,10270,2021-07-16 17:07:00,OGI
2.5699,2.5699,2.56,2.56,4757,2021-07-16 17:08:00,OGI
2.56,2.5602,2.555,2.555,9855,2021-07-16 17:09:00,OGI
2.555,2.56,2.555,2.56,1299,2021-07-16 17:10:00,OGI
2.5571,2.5571,2.55,2.555,3305,2021-07-16 17:11:00,OGI
2.55,2.5563,2.55,2.555,2494,2021-07-16 17:12:00,OGI
2.55,2.555,2.55,2.555,300,2021-07-16 17:13:00,OGI
2.55,2.5563,2.55,2.5537,1450,2021-07-16 17:14:00,OGI
2.5538,2.5538,2.55,2.55,200,2021-07-16 17:15:00,OGI
2.55,2.5563,2.55,2.5502,500,2021-07-16 17:16:00,OGI
2.552,2.552,2.55,2.55,2800,2021-07-16 17:17:00,OGI
2.55,2.55,2.54,2.545,29875,2021-07-16 17:18:00,OGI
2.54,2.5499,2.54,2.542,7393,2021-07-16 17:19:00,OGI
2.545,2.545,2.53,2.5315,64584,2021-07-16 17:20:00,OGI
2.535,2.535,2.53,2.5304,21457,2021-07-16 17:21:00,OGI
2.53,2.54,2.53,2.533,5927,2021-07-16 17:22:00,OGI
2.535,2.537,2.53,2.53,2376,2021-07-16 17:23:00,OGI
2.53,2.5368,2.53,2.53,7335,2021-07-16 17:24:00,OGI
2.53,2.53,2.53,2.53,1051,2021-07-16 17:25:00,OGI
2.535,2.535,2.535,2.535,100,2021-07-16 17:26:00,OGI
2.535,2.535,2.53,2.53,2100,2021-07-16 17:27:00,OGI
2.53,2.53,2.52,2.5299,40368,2021-07-16 17:28:00,OGI
2.525,2.53,2.52,2.52,2700,2021-07-16 17:29:00,OGI
2.5269,2.53,2.525,2.525,1915,2021-07-16 17:30:00,OGI
2.5241,2.53,2.52,2.5229,5661,2021-07-16 17:31:00,OGI
2.5283,2.53,2.5236,2.525,4003,2021-07-16 17:32:00,OGI
2.525,2.53,2.523,2.525,6263,2021-07-16 17:33:00,OGI
2.53,2.53,2.525,2.525,1900,2021-07-16 17:34:00,OGI
2.5209,2.5261,2.52,2.52,5811,2021-07-16 17:35:00,OGI
2.5233,2.5299,2.52,2.527,11180,2021-07-16 17:36:00,OGI
2.526,2.528,2.525,2.528,4898,2021-07-16 17:37:00,OGI
2.525,2.53,2.52,2.5266,2900,2021-07-16 17:38:00,OGI
2.5299,2.5299,2.52,2.525,5462,2021-07-16 17:39:00,OGI
2.52,2.53,2.52,2.53,620,2021-07-16 17:40:00,OGI
2.5265,2.5265,2.525,2.525,1500,2021-07-16 17:41:00,OGI
2.528,2.5294,2.52,2.525,12000,2021-07-16 17:42:00,OGI
2.5229,2.535,2.52,2.535,49592,2021-07-16 17:43:00,OGI
2.5363,2.54,2.53,2.54,5208,2021-07-16 17:44:00,OGI
2.5364,2.5364,2.5364,2.5364,100,2021-07-16 17:45:00,OGI
2.53,2.5336,2.53,2.5336,10150,2021-07-16 17:46:00,OGI
2.5361,2.5364,2.5336,2.5364,605,2021-07-16 17:47:00,OGI
2.53,2.5365,2.525,2.525,35538,2021-07-16 17:48:00,OGI
2.525,2.53,2.5216,2.53,14586,2021-07-16 17:49:00,OGI
2.52,2.5299,2.52,2.52,2150,2021-07-16 17:50:00,OGI
2.53,2.53,2.52,2.52,6248,2021-07-16 17:51:00,OGI
2.5236,2.53,2.5201,2.5201,13098,2021-07-16 17:52:00,OGI
2.525,2.525,2.5201,2.5201,7400,2021-07-16 17:53:00,OGI
2.5299,2.53,2.523,2.53,4770,2021-07-16 17:54:00,OGI
2.525,2.5272,2.52,2.5269,1097,2021-07-16 17:55:00,OGI
2.5233,2.53,2.52,2.525,16163,2021-07-16 17:56:00,OGI
2.525,2.525,2.52,2.52,2100,2021-07-16 17:57:00,OGI
2.52,2.5299,2.52,2.5299,17345,2021-07-16 17:58:00,OGI
2.525,2.5299,2.52,2.525,2618,2021-07-16 17:59:00,OGI
2.5237,2.527,2.5201,2.5201,2000,2021-07-16 18:00:00,OGI
2.52,2.52,2.515,2.515,87843,2021-07-16 18:01:00,OGI
2.51,2.515,2.51,2.515,2464,2021-07-16 18:02:00,OGI
2.515,2.515,2.5136,2.515,1600,2021-07-16 18:03:00,OGI
2.515,2.515,2.515,2.515,1000,2021-07-16 18:04:00,OGI
2.515,2.518,2.51,2.5133,24646,2021-07-16 18:05:00,OGI
2.513,2.515,2.51,2.51,8107,2021-07-16 18:06:00,OGI
2.515,2.52,2.51,2.52,5575,2021-07-16 18:07:00,OGI
2.52,2.53,2.52,2.525,31796,2021-07-16 18:08:00,OGI
2.5238,2.5299,2.52,2.525,2655,2021-07-16 18:09:00,OGI
2.525,2.5299,2.525,2.525,1260,2021-07-16 18:10:00,OGI
2.5237,2.5367,2.5237,2.535,13721,2021-07-16 18:11:00,OGI
2.53,2.5383,2.52,2.5266,31102,2021-07-16 18:12:00,OGI
2.5234,2.525,2.5231,2.525,724,2021-07-16 18:13:00,OGI
2.52,2.5221,2.52,2.52,3405,2021-07-16 18:14:00,OGI
2.525,2.53,2.52,2.52,2513,2021-07-16 18:15:00,OGI
2.5273,2.5273,2.52,2.52,7980,2021-07-16 18:16:00,OGI
2.5209,2.53,2.52,2.5275,3394,2021-07-16 18:17:00,OGI
2.525,2.53,2.525,2.525,6570,2021-07-16 18:18:00,OGI
2.53,2.54,2.53,2.54,29378,2021-07-16 18:19:00,OGI
2.53,2.537,2.53,2.535,4000,2021-07-16 18:20:00,OGI
2.535,2.54,2.535,2.535,10400,2021-07-16 18:21:00,OGI
2.5357,2.5357,2.53,2.53,2196,2021-07-16 18:22:00,OGI
2.5352,2.537,2.5329,2.537,3200,2021-07-16 18:23:00,OGI
2.5336,2.54,2.5336,2.5385,4402,2021-07-16 18:24:00,OGI
2.54,2.54,2.53,2.5393,7800,2021-07-16 18:25:00,OGI
2.5327,2.535,2.5327,2.535,1100,2021-07-16 18:26:00,OGI
2.54,2.54,2.5301,2.5301,2800,2021-07-16 18:27:00,OGI
2.53,2.5348,2.53,2.5348,5100,2021-07-16 18:28:00,OGI
2.535,2.535,2.53,2.535,5595,2021-07-16 18:29:00,OGI
2.53,2.5399,2.53,2.53,300,2021-07-16 18:30:00,OGI
2.535,2.54,2.535,2.54,3804,2021-07-16 18:31:00,OGI
2.5399,2.5399,2.5338,2.5338,650,2021-07-16 18:32:00,OGI
2.53,2.5305,2.53,2.5305,202,2021-07-16 18:34:00,OGI
2.535,2.5368,2.5333,2.5366,2738,2021-07-16 18:35:00,OGI
2.535,2.54,2.533,2.5337,4200,2021-07-16 18:36:00,OGI
2.5337,2.5357,2.5336,2.5336,1450,2021-07-16 18:37:00,OGI
2.535,2.5399,2.53,2.53,5920,2021-07-16 18:38:00,OGI
2.5368,2.5368,2.5368,2.5368,395,2021-07-16 18:39:00,OGI
2.535,2.535,2.535,2.535,800,2021-07-16 18:40:00,OGI
2.535,2.535,2.53,2.53,2300,2021-07-16 18:41:00,OGI
2.535,2.535,2.53,2.535,3345,2021-07-16 18:42:00,OGI
2.5383,2.5383,2.5383,2.5383,7934,2021-07-16 18:43:00,OGI
2.535,2.535,2.535,2.535,500,2021-07-16 18:44:00,OGI
2.54,2.54,2.5301,2.5301,5027,2021-07-16 18:45:00,OGI
2.539,2.539,2.53,2.53,394,2021-07-16 18:46:00,OGI
2.53,2.5373,2.53,2.5309,3300,2021-07-16 18:47:00,OGI
2.53,2.535,2.53,2.535,2897,2021-07-16 18:48:00,OGI
2.53,2.5318,2.52,2.52,30932,2021-07-16 18:49:00,OGI
2.525,2.5264,2.52,2.52,800,2021-07-16 18:50:00,OGI
2.53,2.53,2.5216,2.525,11452,2021-07-16 18:51:00,OGI
2.52,2.5264,2.5101,2.515,49184,2021-07-16 18:52:00,OGI
2.515,2.515,2.5101,2.515,1925,2021-07-16 18:53:00,OGI
2.515,2.515,2.51,2.515,6212,2021-07-16 18:54:00,OGI
2.5136,2.5199,2.5136,2.5199,4104,2021-07-16 18:55:00,OGI
2.515,2.5176,2.5134,2.5134,1728,2021-07-16 18:56:00,OGI
2.52,2.52,2.51,2.5157,22701,2021-07-16 18:57:00,OGI
2.515,2.52,2.51,2.5131,3300,2021-07-16 18:58:00,OGI
2.52,2.52,2.51,2.515,2400,2021-07-16 18:59:00,OGI
2.515,2.52,2.51,2.51,6230,2021-07-16 19:00:00,OGI
2.51,2.515,2.51,2.5117,3000,2021-07-16 19:01:00,OGI
2.51,2.5164,2.51,2.5164,300,2021-07-16 19:02:00,OGI
2.51,2.5168,2.51,2.5134,1957,2021-07-16 19:03:00,OGI
2.515,2.515,2.5,2.5,144870,2021-07-16 19:04:00,OGI
2.505,2.51,2.5,2.5,4010,2021-07-16 19:05:00,OGI
2.5,2.5099,2.5,2.5033,3678,2021-07-16 19:06:00,OGI
2.5,2.5099,2.5,2.505,16350,2021-07-16 19:07:00,OGI
2.505,2.505,2.5,2.5027,2798,2021-07-16 19:08:00,OGI
2.505,2.51,2.5,2.5093,14917,2021-07-16 19:09:00,OGI
2.508,2.51,2.505,2.51,3166,2021-07-16 19:10:00,OGI
2.51,2.517,2.502,2.511,14796,2021-07-16 19:11:00,OGI
2.5101,2.5101,2.5,2.5,20030,2021-07-16 19:12:00,OGI
2.5,2.51,2.5,2.5035,5000,2021-07-16 19:13:00,OGI
2.51,2.51,2.505,2.505,13165,2021-07-16 19:14:00,OGI
2.5073,2.51,2.5036,2.505,1857,2021-07-16 19:15:00,OGI
2.51,2.51,2.503,2.5099,1420,2021-07-16 19:16:00,OGI
2.51,2.51,2.505,2.5067,1699,2021-07-16 19:17:00,OGI
2.505,2.5099,2.5036,2.505,650,2021-07-16 19:18:00,OGI
2.5036,2.51,2.5,2.51,1288,2021-07-16 19:19:00,OGI
2.5,2.51,2.5,2.505,7879,2021-07-16 19:20:00,OGI
2.51,2.51,2.5,2.51,4870,2021-07-16 19:21:00,OGI
2.505,2.51,2.505,2.505,400,2021-07-16 19:22:00,OGI
2.505,2.51,2.5,2.51,6035,2021-07-16 19:23:00,OGI
2.505,2.507,2.5,2.5,9848,2021-07-16 19:24:00,OGI
2.5,2.51,2.49,2.4948,261601,2021-07-16 19:25:00,OGI
2.495,2.5,2.49,2.49,10872,2021-07-16 19:26:00,OGI
2.49,2.5,2.48,2.48,45787,2021-07-16 19:27:00,OGI
2.485,2.4858,2.48,2.48,2982,2021-07-16 19:28:00,OGI
2.48,2.49,2.48,2.4826,17410,2021-07-16 19:29:00,OGI
2.485,2.4899,2.48,2.4844,6804,2021-07-16 19:30:00,OGI
2.4836,2.49,2.4801,2.485,9151,2021-07-16 19:31:00,OGI
2.49,2.49,2.485,2.485,18136,2021-07-16 19:32:00,OGI
2.4896,2.49,2.48,2.485,2750,2021-07-16 19:33:00,OGI
2.49,2.506,2.49,2.506,179164,2021-07-16 19:34:00,OGI
2.5057,2.51,2.5,2.5,10168,2021-07-16 19:35:00,OGI
2.5,2.5,2.4936,2.5,28952,2021-07-16 19:36:00,OGI
2.495,2.5,2.49,2.5,7875,2021-07-16 19:37:00,OGI
2.495,2.5,2.49,2.5,1685,2021-07-16 19:38:00,OGI
2.495,2.4999,2.49,2.4962,2950,2021-07-16 19:39:00,OGI
2.4965,2.5096,2.495,2.5001,51409,2021-07-16 19:40:00,OGI
2.51,2.51,2.5,2.5059,23377,2021-07-16 19:41:00,OGI
2.507,2.51,2.5,2.505,16554,2021-07-16 19:42:00,OGI
2.505,2.5068,2.5015,2.5062,15721,2021-07-16 19:43:00,OGI
2.505,2.509,2.505,2.505,29300,2021-07-16 19:44:00,OGI
2.51,2.51,2.505,2.51,3720,2021-07-16 19:45:00,OGI
2.5,2.51,2.5,2.505,13745,2021-07-16 19:46:00,OGI
2.5,2.51,2.5,2.505,3908,2021-07-16 19:47:00,OGI
2.5076,2.51,2.5033,2.505,7406,2021-07-16 19:48:00,OGI
2.51,2.52,2.505,2.515,52379,2021-07-16 19:49:00,OGI
2.52,2.52,2.5045,2.5045,45140,2021-07-16 19:50:00,OGI
2.5097,2.51,2.5001,2.51,19070,2021-07-16 19:51:00,OGI
2.51,2.51,2.5001,2.505,22504,2021-07-16 19:52:00,OGI
2.51,2.52,2.51,2.515,81978,2021-07-16 19:53:00,OGI
2.51,2.52,2.51,2.52,16905,2021-07-16 19:54:00,OGI
2.51,2.52,2.51,2.5134,13447,2021-07-16 19:55:00,OGI
2.52,2.52,2.51,2.52,22856,2021-07-16 19:56:00,OGI
2.52,2.53,2.51,2.525,38715,2021-07-16 19:57:00,OGI
2.52,2.53,2.52,2.525,53431,2021-07-16 19:58:00,OGI
2.53,2.53,2.52,2.53,40310,2021-07-16 19:59:00,OGI
2.52,2.52,2.52,2.52,32959,2021-07-16 20:00:00,OGI
2.51,2.53,2.51,2.53,450,2021-07-16 20:18:00,OGI
2.51,2.51,2.51,2.51,500,2021-07-16 20:20:00,OGI
2.51,2.51,2.51,2.51,1025,2021-07-16 20:22:00,OGI
2.51,2.51,2.51,2.51,800,2021-07-16 20:23:00,OGI
2.52,2.52,2.52,2.52,2500,2021-07-16 20:33:00,OGI
2.51,2.51,2.51,2.51,500,2021-07-16 20:35:00,OGI
2.51,2.51,2.51,2.51,5000,2021-07-16 20:36:00,OGI
2.51,2.51,2.51,2.51,5000,2021-07-16 20:37:00,OGI
2.51,2.51,2.51,2.51,2779,2021-07-16 20:38:00,OGI
2.51,2.51,2.51,2.51,100,2021-07-16 20:40:00,OGI
2.51,2.51,2.51,2.51,4000,2021-07-16 20:50:00,OGI
2.5199,2.52,2.5199,2.52,1000,2021-07-16 21:00:00,OGI
2.5199,2.5199,2.5199,2.5199,100,2021-07-16 21:05:00,OGI
2.5199,2.52,2.5199,2.52,400,2021-07-16 21:07:00,OGI
2.51,2.51,2.51,2.51,200,2021-07-16 21:10:00,OGI
2.52,2.52,2.52,2.52,200,2021-07-16 21:12:00,OGI
2.51,2.51,2.51,2.51,100,2021-07-16 21:28:00,OGI
2.51,2.51,2.51,2.51,306,2021-07-16 21:33:00,OGI
2.52,2.52,2.52,2.52,1000,2021-07-16 21:38:00,OGI
2.51,2.51,2.51,2.51,275,2021-07-16 21:41:00,OGI
2.51,2.51,2.51,2.51,134,2021-07-16 21:54:00,OGI
2.53,2.53,2.53,2.53,1000,2021-07-16 21:55:00,OGI
2.5299,2.5299,2.5299,2.5299,113,2021-07-16 21:56:00,OGI
2.53,2.53,2.53,2.53,200,2021-07-16 22:07:00,OGI
2.53,2.53,2.53,2.53,2245,2021-07-16 22:24:00,OGI
2.55,2.55,2.55,2.55,11000,2021-07-16 22:26:00,OGI
2.55,2.55,2.55,2.55,150,2021-07-16 22:38:00,OGI
2.5399,2.5399,2.5399,2.5399,100,2021-07-16 22:53:00,OGI
2.53,2.53,2.53,2.53,100,2021-07-16 23:04:00,OGI
2.52,2.52,2.52,2.52,115,2021-07-16 23:18:00,OGI
2.51,2.51,2.51,2.51,115,2021-07-16 23:21:00,OGI
2.51,2.51,2.51,2.51,751,2021-07-16 23:36:00,OGI
2.53,2.53,2.53,2.53,132,2021-07-16 23:37:00,OGI
2.53,2.53,2.53,2.53,1086,2021-07-16 23:44:00,OGI
2.53,2.65,2.53,2.54,9106,2021-07-16 23:46:00,OGI
2.65,2.65,2.65,2.65,3334,2021-07-16 23:47:00,OGI
2.51,2.51,2.51,2.51,250,2021-07-19 09:12:00,OGI
2.49,2.49,2.49,2.49,100,2021-07-19 10:08:00,OGI
2.49,2.49,2.49,2.49,165,2021-07-19 10:22:00,OGI
2.54,2.54,2.51,2.51,247,2021-07-19 11:00:00,OGI
2.52,2.53,2.52,2.53,400,2021-07-19 11:16:00,OGI
2.51,2.51,2.51,2.51,204,2021-07-19 11:19:00,OGI
2.5,2.5,2.5,2.5,100,2021-07-19 11:52:00,OGI
2.49,2.49,2.49,2.49,200,2021-07-19 11:58:00,OGI
2.48,2.48,2.48,2.48,3000,2021-07-19 12:00:00,OGI
2.47,2.47,2.47,2.47,9758,2021-07-19 12:02:00,OGI
2.47,2.47,2.47,2.47,100,2021-07-19 12:05:00,OGI
2.4653,2.4653,2.46,2.46,275,2021-07-19 12:07:00,OGI
2.46,2.46,2.46,2.46,14907,2021-07-19 12:09:00,OGI
2.46,2.46,2.46,2.46,700,2021-07-19 12:17:00,OGI
2.46,2.46,2.46,2.46,1000,2021-07-19 12:19:00,OGI
2.46,2.46,2.46,2.46,10000,2021-07-19 12:20:00,OGI
2.46,2.46,2.46,2.46,1900,2021-07-19 12:28:00,OGI
2.46,2.46,2.46,2.46,500,2021-07-19 12:31:00,OGI
2.46,2.46,2.46,2.46,795,2021-07-19 12:32:00,OGI
2.46,2.46,2.46,2.46,300,2021-07-19 12:38:00,OGI
2.47,2.48,2.47,2.48,475,2021-07-19 12:44:00,OGI
2.47,2.47,2.47,2.47,3998,2021-07-19 12:53:00,OGI
2.47,2.47,2.47,2.47,700,2021-07-19 12:58:00,OGI
2.47,2.47,2.47,2.47,300,2021-07-19 12:59:00,OGI
2.46,2.46,2.46,2.46,2690,2021-07-19 13:00:00,OGI
2.46,2.46,2.46,2.46,1362,2021-07-19 13:02:00,OGI
2.46,2.46,2.46,2.46,100,2021-07-19 13:06:00,OGI
2.45,2.45,2.45,2.45,100,2021-07-19 13:11:00,OGI
2.45,2.45,2.45,2.45,250,2021-07-19 13:12:00,OGI
2.45,2.45,2.45,2.45,1000,2021-07-19 13:17:00,OGI
2.45,2.45,2.45,2.45,1081,2021-07-19 13:19:00,OGI
2.4501,2.4501,2.45,2.45,600,2021-07-19 13:23:00,OGI
2.46,2.46,2.46,2.46,2750,2021-07-19 13:25:00,OGI
2.46,2.46,2.46,2.46,116,2021-07-19 13:26:00,OGI
2.47,2.47,2.45,2.45,422,2021-07-19 13:27:00,OGI
2.45,2.46,2.43,2.43,119525,2021-07-19 13:30:00,OGI
2.43,2.475,2.425,2.47,72679,2021-07-19 13:31:00,OGI
2.465,2.47,2.44,2.44,14101,2021-07-19 13:32:00,OGI
2.44,2.45,2.44,2.4426,10095,2021-07-19 13:33:00,OGI
2.45,2.46,2.43,2.45,77711,2021-07-19 13:34:00,OGI
2.45,2.48,2.45,2.46,110328,2021-07-19 13:35:00,OGI
2.4688,2.49,2.4619,2.485,18380,2021-07-19 13:36:00,OGI
2.49,2.49,2.46,2.48,46522,2021-07-19 13:37:00,OGI
2.47,2.48,2.46,2.4641,25866,2021-07-19 13:38:00,OGI
2.45,2.455,2.44,2.45,15020,2021-07-19 13:39:00,OGI
2.4581,2.4583,2.4234,2.43,57501,2021-07-19 13:40:00,OGI
2.43,2.435,2.4237,2.429,19651,2021-07-19 13:41:00,OGI
2.42,2.43,2.41,2.42,32232,2021-07-19 13:42:00,OGI
2.415,2.44,2.4136,2.425,59499,2021-07-19 13:43:00,OGI
2.4282,2.45,2.4282,2.4499,63452,2021-07-19 13:44:00,OGI
2.44,2.457,2.435,2.4531,17998,2021-07-19 13:45:00,OGI
2.455,2.47,2.45,2.47,23113,2021-07-19 13:46:00,OGI
2.47,2.485,2.4666,2.4836,34704,2021-07-19 13:47:00,OGI
2.4801,2.4868,2.48,2.4801,17727,2021-07-19 13:48:00,OGI
2.48,2.4813,2.47,2.47,7225,2021-07-19 13:49:00,OGI
2.47,2.48,2.47,2.4762,22580,2021-07-19 13:50:00,OGI
2.4702,2.4895,2.47,2.485,21779,2021-07-19 13:51:00,OGI
2.4895,2.4895,2.46,2.47,7290,2021-07-19 13:52:00,OGI
2.47,2.47,2.45,2.45,14450,2021-07-19 13:53:00,OGI
2.45,2.46,2.45,2.455,11950,2021-07-19 13:54:00,OGI
2.453,2.46,2.44,2.44,8236,2021-07-19 13:55:00,OGI
2.4411,2.45,2.43,2.43,33769,2021-07-19 13:56:00,OGI
2.44,2.44,2.42,2.4334,35118,2021-07-19 13:57:00,OGI
2.44,2.4433,2.433,2.44,20551,2021-07-19 13:58:00,OGI
2.44,2.45,2.44,2.4418,16101,2021-07-19 13:59:00,OGI
2.442,2.45,2.4401,2.4435,10500,2021-07-19 14:00:00,OGI
2.44,2.45,2.44,2.4402,41786,2021-07-19 14:01:00,OGI
2.4431,2.45,2.44,2.44,25038,2021-07-19 14:02:00,OGI
2.4453,2.45,2.4453,2.4499,3300,2021-07-19 14:03:00,OGI
2.4499,2.46,2.4473,2.46,13568,2021-07-19 14:04:00,OGI
2.47,2.47,2.46,2.47,12026,2021-07-19 14:05:00,OGI
2.4699,2.48,2.4666,2.48,20761,2021-07-19 14:06:00,OGI
2.4736,2.49,2.4736,2.49,47154,2021-07-19 14:07:00,OGI
2.4935,2.5,2.49,2.4924,12635,2021-07-19 14:08:00,OGI
2.4999,2.4999,2.48,2.4841,31409,2021-07-19 14:09:00,OGI
2.4815,2.495,2.4815,2.4943,16038,2021-07-19 14:10:00,OGI
2.49,2.49,2.475,2.48,66764,2021-07-19 14:11:00,OGI
2.4738,2.49,2.4738,2.4829,3227,2021-07-19 14:12:00,OGI
2.49,2.5,2.49,2.4965,5783,2021-07-19 14:13:00,OGI
2.49,2.49,2.48,2.4899,5687,2021-07-19 14:14:00,OGI
2.49,2.4936,2.4835,2.4936,3338,2021-07-19 14:15:00,OGI
2.49,2.4973,2.49,2.495,25298,2021-07-19 14:16:00,OGI
2.4953,2.5,2.49,2.49,18037,2021-07-19 14:17:00,OGI
2.49,2.49,2.4766,2.4766,14705,2021-07-19 14:18:00,OGI
2.475,2.485,2.47,2.485,22213,2021-07-19 14:19:00,OGI
2.48,2.51,2.48,2.5034,40542,2021-07-19 14:20:00,OGI
2.5023,2.51,2.5023,2.5098,24048,2021-07-19 14:21:00,OGI
2.51,2.5178,2.5039,2.5178,26260,2021-07-19 14:22:00,OGI
2.5166,2.5167,2.51,2.5134,2315,2021-07-19 14:23:00,OGI
2.52,2.5267,2.51,2.5267,26906,2021-07-19 14:24:00,OGI
2.5239,2.5239,2.51,2.515,9644,2021-07-19 14:25:00,OGI
2.51,2.51,2.502,2.51,35939,2021-07-19 14:26:00,OGI
2.51,2.51,2.5,2.51,9356,2021-07-19 14:27:00,OGI
2.5038,2.5243,2.5038,2.5243,43798,2021-07-19 14:28:00,OGI
2.5227,2.53,2.51,2.51,68178,2021-07-19 14:29:00,OGI
2.5066,2.5066,2.5,2.505,5082,2021-07-19 14:30:00,OGI
2.5084,2.5084,2.49,2.5,14690,2021-07-19 14:31:00,OGI
2.5,2.509,2.5,2.5039,13856,2021-07-19 14:32:00,OGI
2.5,2.51,2.5,2.5031,28274,2021-07-19 14:33:00,OGI
2.5056,2.51,2.5,2.505,22022,2021-07-19 14:34:00,OGI
2.5031,2.5071,2.5,2.5,6315,2021-07-19 14:35:00,OGI
2.5,2.5,2.49,2.4905,27178,2021-07-19 14:36:00,OGI
2.49,2.5,2.49,2.499,25718,2021-07-19 14:37:00,OGI
2.4957,2.505,2.495,2.4963,22629,2021-07-19 14:38:00,OGI
2.5,2.505,2.4982,2.505,14791,2021-07-19 14:39:00,OGI
2.51,2.51,2.5022,2.505,14428,2021-07-19 14:40:00,OGI
2.51,2.52,2.5062,2.5129,36004,2021-07-19 14:41:00,OGI
2.515,2.53,2.515,2.527,10006,2021-07-19 14:42:00,OGI
2.5251,2.53,2.52,2.52,5692,2021-07-19 14:43:00,OGI
2.527,2.53,2.52,2.5242,8218,2021-07-19 14:44:00,OGI
2.52,2.527,2.52,2.52,17341,2021-07-19 14:45:00,OGI
2.53,2.5365,2.525,2.5365,17562,2021-07-19 14:46:00,OGI
2.54,2.54,2.52,2.52,15279,2021-07-19 14:47:00,OGI
2.53,2.54,2.525,2.5331,13275,2021-07-19 14:48:00,OGI
2.53,2.5399,2.5299,2.53,16291,2021-07-19 14:49:00,OGI
2.53,2.535,2.53,2.53,3457,2021-07-19 14:50:00,OGI
2.5376,2.5494,2.5366,2.545,26990,2021-07-19 14:51:00,OGI
2.54,2.55,2.54,2.545,5803,2021-07-19 14:52:00,OGI
2.545,2.5464,2.53,2.54,14966,2021-07-19 14:53:00,OGI
2.53,2.5387,2.53,2.53,14664,2021-07-19 14:54:00,OGI
2.53,2.53,2.52,2.53,5536,2021-07-19 14:55:00,OGI
2.52,2.525,2.51,2.5101,37437,2021-07-19 14:56:00,OGI
2.52,2.52,2.5135,2.5135,4840,2021-07-19 14:57:00,OGI
2.51,2.515,2.51,2.515,3750,2021-07-19 14:58:00,OGI
2.5164,2.527,2.5136,2.525,13479,2021-07-19 14:59:00,OGI
2.525,2.53,2.52,2.527,7067,2021-07-19 15:00:00,OGI
2.527,2.527,2.52,2.5226,10263,2021-07-19 15:01:00,OGI
2.53,2.545,2.5299,2.545,18919,2021-07-19 15:02:00,OGI
2.54,2.5487,2.535,2.535,17874,2021-07-19 15:04:00,OGI
2.5367,2.5399,2.53,2.5399,30564,2021-07-19 15:05:00,OGI
2.5359,2.5359,2.52,2.52,14760,2021-07-19 15:06:00,OGI
2.52,2.53,2.52,2.526,4003,2021-07-19 15:07:00,OGI
2.5277,2.5336,2.5277,2.5336,6913,2021-07-19 15:08:00,OGI
2.54,2.549,2.5347,2.549,41050,2021-07-19 15:09:00,OGI
2.5477,2.5477,2.535,2.537,20940,2021-07-19 15:10:00,OGI
2.535,2.5463,2.5329,2.5463,18241,2021-07-19 15:11:00,OGI
2.5401,2.548,2.5401,2.5439,6301,2021-07-19 15:12:00,OGI
2.545,2.55,2.54,2.54,21617,2021-07-19 15:13:00,OGI
2.53,2.54,2.53,2.5382,5700,2021-07-19 15:14:00,OGI
2.535,2.54,2.53,2.535,7500,2021-07-19 15:15:00,OGI
2.535,2.535,2.525,2.525,15960,2021-07-19 15:16:00,OGI
2.525,2.53,2.52,2.525,8050,2021-07-19 15:17:00,OGI
2.53,2.53,2.523,2.524,6061,2021-07-19 15:18:00,OGI
2.52,2.535,2.52,2.5301,15621,2021-07-19 15:19:00,OGI
2.5301,2.5329,2.5301,2.5323,4200,2021-07-19 15:20:00,OGI
2.53,2.535,2.52,2.5208,16461,2021-07-19 15:21:00,OGI
2.525,2.525,2.525,2.525,200,2021-07-19 15:22:00,OGI
2.5201,2.54,2.5201,2.5382,7050,2021-07-19 15:23:00,OGI
2.54,2.545,2.54,2.5413,36906,2021-07-19 15:24:00,OGI
2.54,2.5462,2.54,2.5405,3728,2021-07-19 15:25:00,OGI
2.547,2.5482,2.5441,2.5441,4894,2021-07-19 15:26:00,OGI
2.55,2.557,2.545,2.5478,29525,2021-07-19 15:27:00,OGI
2.5401,2.55,2.54,2.5466,7500,2021-07-19 15:28:00,OGI
2.55,2.557,2.55,2.5531,11049,2021-07-19 15:29:00,OGI
2.5599,2.5599,2.5516,2.555,5800,2021-07-19 15:30:00,OGI
2.56,2.569,2.5599,2.569,22773,2021-07-19 15:31:00,OGI
2.57,2.575,2.56,2.5672,46797,2021-07-19 15:32:00,OGI
2.5637,2.567,2.5601,2.565,4400,2021-07-19 15:33:00,OGI
2.565,2.5671,2.56,2.5669,4179,2021-07-19 15:34:00,OGI
2.5699,2.5699,2.56,2.56,5500,2021-07-19 15:35:00,OGI
2.565,2.577,2.56,2.575,31716,2021-07-19 15:36:00,OGI
2.57,2.58,2.57,2.57,8816,2021-07-19 15:37:00,OGI
2.5799,2.5799,2.57,2.57,6700,2021-07-19 15:38:00,OGI
2.58,2.5864,2.575,2.585,16390,2021-07-19 15:39:00,OGI
2.58,2.5899,2.58,2.583,2585,2021-07-19 15:40:00,OGI
2.583,2.583,2.5761,2.5761,17672,2021-07-19 15:41:00,OGI
2.575,2.5764,2.575,2.5764,393,2021-07-19 15:42:00,OGI
2.5772,2.58,2.57,2.575,15452,2021-07-19 15:43:00,OGI
2.57,2.575,2.57,2.5716,3420,2021-07-19 15:44:00,OGI
2.575,2.58,2.574,2.574,18450,2021-07-19 15:45:00,OGI
2.5762,2.5762,2.57,2.57,31337,2021-07-19 15:46:00,OGI
2.5733,2.575,2.5637,2.5637,3333,2021-07-19 15:47:00,OGI
2.5678,2.5719,2.5678,2.5701,15980,2021-07-19 15:48:00,OGI
2.575,2.5764,2.57,2.57,2389,2021-07-19 15:49:00,OGI
2.5684,2.575,2.5684,2.575,6548,2021-07-19 15:50:00,OGI
2.58,2.587,2.57,2.575,16903,2021-07-19 15:51:00,OGI
2.57,2.575,2.57,2.57,1700,2021-07-19 15:52:00,OGI
2.5736,2.5763,2.57,2.57,23200,2021-07-19 15:53:00,OGI
2.5745,2.5799,2.574,2.574,2375,2021-07-19 15:54:00,OGI
2.57,2.5719,2.57,2.57,2719,2021-07-19 15:55:00,OGI
2.57,2.59,2.57,2.585,37129,2021-07-19 15:56:00,OGI
2.5839,2.6,2.5839,2.59,7449,2021-07-19 15:57:00,OGI
2.59,2.59,2.58,2.585,5850,2021-07-19 15:58:00,OGI
2.58,2.58,2.57,2.58,17600,2021-07-19 15:59:00,OGI
2.573,2.573,2.57,2.57,984,2021-07-19 16:00:00,OGI
2.575,2.575,2.56,2.561,30960,2021-07-19 16:01:00,OGI
2.56,2.565,2.55,2.5539,6099,2021-07-19 16:02:00,OGI
2.5537,2.555,2.553,2.5536,1963,2021-07-19 16:03:00,OGI
2.5538,2.557,2.5501,2.557,1150,2021-07-19 16:04:00,OGI
2.55,2.55,2.545,2.545,3374,2021-07-19 16:05:00,OGI
2.545,2.545,2.53,2.535,17130,2021-07-19 16:06:00,OGI
2.5338,2.54,2.5337,2.54,4405,2021-07-19 16:07:00,OGI
2.5432,2.55,2.5432,2.55,400,2021-07-19 16:08:00,OGI
2.5435,2.55,2.5401,2.545,3603,2021-07-19 16:09:00,OGI
2.54,2.54,2.53,2.5372,6573,2021-07-19 16:10:00,OGI
2.54,2.545,2.53,2.545,16350,2021-07-19 16:11:00,OGI
2.5439,2.545,2.53,2.5382,42944,2021-07-19 16:12:00,OGI
2.54,2.5499,2.54,2.549,2400,2021-07-19 16:13:00,OGI
2.5401,2.5483,2.54,2.5464,3479,2021-07-19 16:14:00,OGI
2.545,2.547,2.53,2.545,28853,2021-07-19 16:15:00,OGI
2.54,2.5436,2.53,2.53,16041,2021-07-19 16:16:00,OGI
2.53,2.53,2.52,2.525,11192,2021-07-19 16:17:00,OGI
2.52,2.525,2.52,2.525,300,2021-07-19 16:20:00,OGI
2.52,2.52,2.51,2.515,2926,2021-07-19 16:21:00,OGI
2.52,2.53,2.515,2.5265,7650,2021-07-19 16:22:00,OGI
2.525,2.5317,2.521,2.521,22783,2021-07-19 16:23:00,OGI
2.5219,2.53,2.5139,2.5139,34320,2021-07-19 16:24:00,OGI
2.5101,2.53,2.5101,2.521,17530,2021-07-19 16:25:00,OGI
2.52,2.52,2.51,2.51,8044,2021-07-19 16:26:00,OGI
2.51,2.51,2.51,2.51,701,2021-07-19 16:27:00,OGI
2.51,2.51,2.5,2.5075,3535,2021-07-19 16:28:00,OGI
2.505,2.505,2.5,2.5,6798,2021-07-19 16:29:00,OGI
2.5,2.5,2.5,2.5,900,2021-07-19 16:30:00,OGI
2.5,2.5061,2.5,2.5061,3604,2021-07-19 16:31:00,OGI
2.505,2.505,2.5,2.505,700,2021-07-19 16:32:00,OGI
2.505,2.507,2.5,2.507,700,2021-07-19 16:33:00,OGI
2.5053,2.51,2.5,2.5075,5700,2021-07-19 16:34:00,OGI
2.5,2.509,2.49,2.496,43441,2021-07-19 16:35:00,OGI
2.495,2.5,2.49,2.4924,3800,2021-07-19 16:36:00,OGI
2.4915,2.4999,2.49,2.4901,22352,2021-07-19 16:37:00,OGI
2.49,2.495,2.49,2.49,6936,2021-07-19 16:38:00,OGI
2.49,2.4963,2.49,2.4963,2546,2021-07-19 16:39:00,OGI
2.49,2.4902,2.48,2.4828,47311,2021-07-19 16:40:00,OGI
2.4829,2.4891,2.48,2.4823,7134,2021-07-19 16:41:00,OGI
2.485,2.4863,2.48,2.48,12665,2021-07-19 16:42:00,OGI
2.48,2.4826,2.48,2.4826,200,2021-07-19 16:43:00,OGI
2.485,2.49,2.48,2.4881,8698,2021-07-19 16:44:00,OGI
2.485,2.485,2.485,2.485,5200,2021-07-19 16:45:00,OGI
2.49,2.49,2.48,2.485,6003,2021-07-19 16:46:00,OGI
2.485,2.5,2.48,2.5,20728,2021-07-19 16:47:00,OGI
2.495,2.495,2.4901,2.4901,5700,2021-07-19 16:48:00,OGI
2.4963,2.4963,2.4833,2.4866,18257,2021-07-19 16:49:00,OGI
2.485,2.485,2.48,2.48,4000,2021-07-19 16:50:00,OGI
2.4825,2.49,2.48,2.49,2303,2021-07-19 16:51:00,OGI
2.48,2.495,2.48,2.495,33690,2021-07-19 16:52:00,OGI
2.49,2.495,2.4838,2.485,38046,2021-07-19 16:53:00,OGI
2.4801,2.485,2.4801,2.485,10700,2021-07-19 16:54:00,OGI
2.485,2.485,2.47,2.475,14335,2021-07-19 16:55:00,OGI
2.4728,2.4728,2.47,2.47,2400,2021-07-19 16:56:00,OGI
2.47,2.4824,2.47,2.48,20662,2021-07-19 16:57:00,OGI
2.4807,2.485,2.4807,2.485,900,2021-07-19 16:58:00,OGI
2.485,2.485,2.485,2.485,300,2021-07-19 16:59:00,OGI
2.485,2.495,2.485,2.4901,16322,2021-07-19 17:00:00,OGI
2.5,2.5,2.4934,2.4934,2472,2021-07-19 17:01:00,OGI
2.5,2.507,2.4999,2.505,26892,2021-07-19 17:02:00,OGI
2.5072,2.51,2.5039,2.5075,5500,2021-07-19 17:03:00,OGI
2.5058,2.5058,2.5039,2.5039,300,2021-07-19 17:04:00,OGI
2.505,2.505,2.5,2.5,14500,2021-07-19 17:05:00,OGI
2.5,2.51,2.5,2.5,400,2021-07-19 17:06:00,OGI
2.5093,2.51,2.505,2.505,5600,2021-07-19 17:07:00,OGI
2.502,2.515,2.502,2.5122,36736,2021-07-19 17:08:00,OGI
2.5129,2.5129,2.51,2.51,301,2021-07-19 17:09:00,OGI
2.51,2.52,2.51,2.51,13161,2021-07-19 17:10:00,OGI
2.51,2.5163,2.51,2.51,400,2021-07-19 17:11:00,OGI
2.5178,2.5178,2.5101,2.5127,830,2021-07-19 17:12:00,OGI
2.51,2.51,2.5006,2.5006,17291,2021-07-19 17:13:00,OGI
2.5,2.5042,2.4939,2.495,22500,2021-07-19 17:14:00,OGI
2.5,2.51,2.495,2.5017,12390,2021-07-19 17:15:00,OGI
2.51,2.51,2.5,2.5037,5943,2021-07-19 17:16:00,OGI
2.501,2.505,2.493,2.493,7410,2021-07-19 17:17:00,OGI
2.49,2.495,2.49,2.495,1200,2021-07-19 17:18:00,OGI
2.49,2.49,2.4839,2.4851,18169,2021-07-19 17:19:00,OGI
2.485,2.4863,2.485,2.4862,659,2021-07-19 17:20:00,OGI
2.48,2.483,2.48,2.48,24518,2021-07-19 17:21:00,OGI
2.48,2.48,2.48,2.48,200,2021-07-19 17:22:00,OGI
2.48,2.49,2.48,2.485,17247,2021-07-19 17:23:00,OGI
2.4869,2.49,2.48,2.4834,16100,2021-07-19 17:24:00,OGI
2.48,2.48,2.4733,2.4734,20465,2021-07-19 17:25:00,OGI
2.47,2.47,2.47,2.47,100,2021-07-19 17:27:00,OGI
2.47,2.4733,2.47,2.4733,2000,2021-07-19 17:28:00,OGI
2.48,2.49,2.47,2.49,21094,2021-07-19 17:29:00,OGI
2.485,2.4899,2.4736,2.4744,21640,2021-07-19 17:30:00,OGI
2.475,2.48,2.473,2.478,6100,2021-07-19 17:31:00,OGI
2.48,2.48,2.4701,2.4731,2272,2021-07-19 17:32:00,OGI
2.475,2.48,2.47,2.4786,6921,2021-07-19 17:33:00,OGI
2.4799,2.4799,2.47,2.4736,5288,2021-07-19 17:34:00,OGI
2.4701,2.49,2.47,2.4882,26445,2021-07-19 17:35:00,OGI
2.487,2.495,2.487,2.4901,14325,2021-07-19 17:36:00,OGI
2.491,2.5,2.49,2.5,4350,2021-07-19 17:37:00,OGI
2.49,2.495,2.49,2.495,1330,2021-07-19 17:38:00,OGI
2.493,2.493,2.493,2.493,3300,2021-07-19 17:39:00,OGI
2.49,2.49,2.4831,2.4831,17077,2021-07-19 17:40:00,OGI
2.49,2.49,2.48,2.4828,3121,2021-07-19 17:41:00,OGI
2.48,2.48,2.48,2.48,200,2021-07-19 17:42:00,OGI
2.48,2.48,2.48,2.48,2100,2021-07-19 17:43:00,OGI
2.48,2.485,2.48,2.485,1000,2021-07-19 17:44:00,OGI
2.485,2.4875,2.48,2.4875,4220,2021-07-19 17:45:00,OGI
2.486,2.4865,2.485,2.485,3600,2021-07-19 17:46:00,OGI
2.49,2.49,2.48,2.483,7700,2021-07-19 17:47:00,OGI
2.485,2.485,2.48,2.4829,9500,2021-07-19 17:48:00,OGI
2.48,2.4802,2.48,2.4802,1378,2021-07-19 17:49:00,OGI
2.49,2.49,2.49,2.49,400,2021-07-19 17:50:00,OGI
2.4899,2.4899,2.4817,2.4817,1880,2021-07-19 17:51:00,OGI
2.48,2.4801,2.475,2.475,11316,2021-07-19 17:52:00,OGI
2.48,2.48,2.4785,2.4785,2774,2021-07-19 17:53:00,OGI
2.475,2.4881,2.47,2.48,5305,2021-07-19 17:54:00,OGI
2.4836,2.5,2.481,2.497,12176,2021-07-19 17:55:00,OGI
2.491,2.4939,2.49,2.49,500,2021-07-19 17:56:00,OGI
2.492,2.4961,2.49,2.4902,2344,2021-07-19 17:57:00,OGI
2.4977,2.5,2.49,2.495,11640,2021-07-19 17:58:00,OGI
2.49,2.49,2.49,2.49,150,2021-07-19 17:59:00,OGI
2.5,2.5099,2.4963,2.5028,23027,2021-07-19 18:00:00,OGI
2.505,2.5067,2.5,2.5067,1700,2021-07-19 18:01:00,OGI
2.51,2.52,2.5,2.52,13800,2021-07-19 18:02:00,OGI
2.5127,2.515,2.51,2.5128,4000,2021-07-19 18:03:00,OGI
2.5199,2.5199,2.51,2.5101,1100,2021-07-19 18:04:00,OGI
2.5127,2.5127,2.5127,2.5127,100,2021-07-19 18:06:00,OGI
2.51,2.51,2.51,2.51,800,2021-07-19 18:07:00,OGI
2.51,2.51,2.5,2.5,3900,2021-07-19 18:08:00,OGI
2.51,2.51,2.5,2.5,5563,2021-07-19 18:09:00,OGI
2.5,2.5,2.493,2.4966,17748,2021-07-19 18:10:00,OGI
2.49,2.495,2.49,2.4925,1700,2021-07-19 18:11:00,OGI
2.5,2.51,2.495,2.505,25974,2021-07-19 18:12:00,OGI
2.51,2.51,2.505,2.505,25165,2021-07-19 18:13:00,OGI
2.51,2.51,2.5,2.507,8300,2021-07-19 18:14:00,OGI
2.51,2.51,2.5,2.507,5700,2021-07-19 18:15:00,OGI
2.506,2.52,2.5037,2.5126,31608,2021-07-19 18:16:00,OGI
2.5167,2.5167,2.51,2.51,1428,2021-07-19 18:17:00,OGI
2.52,2.52,2.5131,2.5131,3300,2021-07-19 18:18:00,OGI
2.52,2.53,2.52,2.525,26117,2021-07-19 18:19:00,OGI
2.52,2.53,2.52,2.53,757,2021-07-19 18:20:00,OGI
2.53,2.53,2.52,2.5281,9546,2021-07-19 18:21:00,OGI
2.53,2.53,2.53,2.53,100,2021-07-19 18:22:00,OGI
2.53,2.537,2.5289,2.537,6978,2021-07-19 18:23:00,OGI
2.5328,2.5328,2.52,2.525,15100,2021-07-19 18:24:00,OGI
2.53,2.53,2.52,2.52,13300,2021-07-19 18:25:00,OGI
2.52,2.5264,2.52,2.5264,506,2021-07-19 18:26:00,OGI
2.52,2.52,2.52,2.52,500,2021-07-19 18:27:00,OGI
2.52,2.53,2.52,2.5285,3678,2021-07-19 18:28:00,OGI
2.525,2.54,2.525,2.5395,11423,2021-07-19 18:29:00,OGI
2.54,2.54,2.54,2.54,100,2021-07-19 18:30:00,OGI
2.5331,2.5331,2.53,2.53,300,2021-07-19 18:31:00,OGI
2.53,2.53,2.51,2.51,25243,2021-07-19 18:32:00,OGI
2.5127,2.5131,2.51,2.51,525,2021-07-19 18:33:00,OGI
2.52,2.52,2.515,2.515,4280,2021-07-19 18:34:00,OGI
2.51,2.515,2.51,2.515,4600,2021-07-19 18:35:00,OGI
2.5134,2.5163,2.511,2.514,1200,2021-07-19 18:36:00,OGI
2.51,2.5199,2.51,2.5199,3168,2021-07-19 18:37:00,OGI
2.5101,2.5123,2.51,2.51,800,2021-07-19 18:38:00,OGI
2.515,2.515,2.5135,2.5135,500,2021-07-19 18:40:00,OGI
2.515,2.515,2.515,2.515,100,2021-07-19 18:41:00,OGI
2.515,2.515,2.51,2.51,1036,2021-07-19 18:42:00,OGI
2.51,2.51,2.51,2.51,3200,2021-07-19 18:43:00,OGI
2.51,2.515,2.51,2.51,12700,2021-07-19 18:44:00,OGI
2.51,2.52,2.51,2.51,5497,2021-07-19 18:45:00,OGI
2.51,2.52,2.51,2.5173,14380,2021-07-19 18:46:00,OGI
2.515,2.515,2.515,2.515,100,2021-07-19 18:48:00,OGI
2.5101,2.52,2.51,2.51,2245,2021-07-19 18:49:00,OGI
2.5171,2.53,2.51,2.525,13023,2021-07-19 18:50:00,OGI
2.5236,2.529,2.521,2.521,1895,2021-07-19 18:51:00,OGI
2.52,2.53,2.52,2.53,6300,2021-07-19 18:52:00,OGI
2.52,2.5201,2.51,2.515,10350,2021-07-19 18:53:00,OGI
2.514,2.515,2.514,2.515,3645,2021-07-19 18:54:00,OGI
2.515,2.52,2.515,2.515,2502,2021-07-19 18:55:00,OGI
2.52,2.53,2.515,2.53,40070,2021-07-19 18:56:00,OGI
2.52,2.525,2.52,2.52,4570,2021-07-19 18:57:00,OGI
2.5235,2.5235,2.52,2.52,990,2021-07-19 18:58:00,OGI
2.5245,2.5245,2.51,2.515,18182,2021-07-19 18:59:00,OGI
2.51,2.5171,2.51,2.51,3576,2021-07-19 19:01:00,OGI
2.51,2.51,2.51,2.51,433,2021-07-19 19:02:00,OGI
2.52,2.52,2.5174,2.52,2200,2021-07-19 19:03:00,OGI
2.514,2.5189,2.513,2.514,12373,2021-07-19 19:04:00,OGI
2.515,2.515,2.515,2.515,100,2021-07-19 19:05:00,OGI
2.51,2.515,2.51,2.515,3944,2021-07-19 19:06:00,OGI
2.515,2.52,2.51,2.51,1700,2021-07-19 19:07:00,OGI
2.52,2.52,2.51,2.517,1800,2021-07-19 19:08:00,OGI
2.5101,2.52,2.51,2.5138,1899,2021-07-19 19:09:00,OGI
2.515,2.52,2.5138,2.52,900,2021-07-19 19:10:00,OGI
2.52,2.525,2.52,2.525,18767,2021-07-19 19:11:00,OGI
2.5243,2.5243,2.52,2.52,450,2021-07-19 19:12:00,OGI
2.5267,2.53,2.52,2.525,1100,2021-07-19 19:13:00,OGI
2.528,2.528,2.52,2.52,926,2021-07-19 19:14:00,OGI
2.5299,2.5299,2.52,2.52,3600,2021-07-19 19:15:00,OGI
2.52,2.5264,2.5,2.505,62121,2021-07-19 19:16:00,OGI
2.5,2.505,2.5,2.5,10588,2021-07-19 19:17:00,OGI
2.5025,2.5027,2.5,2.5013,4429,2021-07-19 19:18:00,OGI
2.5,2.5005,2.5,2.5,1740,2021-07-19 19:19:00,OGI
2.5,2.5,2.49,2.4961,26241,2021-07-19 19:20:00,OGI
2.5,2.5,2.49,2.49,4600,2021-07-19 19:21:00,OGI
2.5,2.5,2.49,2.4963,3820,2021-07-19 19:22:00,OGI
2.4999,2.5,2.4931,2.495,4634,2021-07-19 19:23:00,OGI
2.4908,2.5,2.4908,2.5,14937,2021-07-19 19:24:00,OGI
2.495,2.495,2.4936,2.4936,700,2021-07-19 19:25:00,OGI
2.4941,2.507,2.4901,2.5025,34240,2021-07-19 19:26:00,OGI
2.5032,2.51,2.5,2.5043,10870,2021-07-19 19:27:00,OGI
2.5089,2.5089,2.5,2.5,20400,2021-07-19 19:28:00,OGI
2.505,2.505,2.505,2.505,200,2021-07-19 19:29:00,OGI
2.5,2.5,2.5,2.5,100,2021-07-19 19:30:00,OGI
2.5,2.505,2.5,2.505,800,2021-07-19 19:31:00,OGI
2.5026,2.5026,2.5026,2.5026,340,2021-07-19 19:32:00,OGI
2.505,2.505,2.505,2.505,300,2021-07-19 19:34:00,OGI
2.5,2.51,2.5,2.5036,22567,2021-07-19 19:35:00,OGI
2.505,2.505,2.5001,2.505,988,2021-07-19 19:36:00,OGI
2.5,2.505,2.5,2.5037,963,2021-07-19 19:37:00,OGI
2.505,2.51,2.505,2.508,3100,2021-07-19 19:38:00,OGI
2.5067,2.5067,2.503,2.505,2100,2021-07-19 19:39:00,OGI
2.51,2.51,2.5,2.5091,4645,2021-07-19 19:40:00,OGI
2.5064,2.5068,2.5036,2.5036,1488,2021-07-19 19:41:00,OGI
2.505,2.505,2.5038,2.5038,485,2021-07-19 19:42:00,OGI
2.51,2.51,2.5,2.505,25800,2021-07-19 19:43:00,OGI
2.505,2.505,2.5,2.5024,8918,2021-07-19 19:44:00,OGI
2.5,2.505,2.5,2.505,200,2021-07-19 19:45:00,OGI
2.5,2.505,2.5,2.5,4512,2021-07-19 19:46:00,OGI
2.505,2.505,2.5035,2.5035,2300,2021-07-19 19:47:00,OGI
2.5099,2.515,2.505,2.515,28846,2021-07-19 19:48:00,OGI
2.51,2.5176,2.51,2.51,8380,2021-07-19 19:49:00,OGI
2.51,2.5199,2.51,2.515,1828,2021-07-19 19:50:00,OGI
2.515,2.5199,2.51,2.5199,2789,2021-07-19 19:51:00,OGI
2.515,2.52,2.515,2.5166,24515,2021-07-19 19:52:00,OGI
2.52,2.5268,2.52,2.525,5852,2021-07-19 19:53:00,OGI
2.53,2.53,2.52,2.525,11574,2021-07-19 19:54:00,OGI
2.525,2.5273,2.52,2.52,46070,2021-07-19 19:55:00,OGI
2.525,2.5299,2.52,2.525,1553,2021-07-19 19:56:00,OGI
2.525,2.525,2.525,2.525,1800,2021-07-19 19:57:00,OGI
2.525,2.53,2.52,2.525,8531,2021-07-19 19:58:00,OGI
2.525,2.53,2.52,2.525,91156,2021-07-19 19:59:00,OGI
2.52,2.52,2.52,2.52,12276,2021-07-19 20:00:00,OGI
2.54,2.54,2.54,2.54,350,2021-07-19 20:05:00,OGI
2.52,2.52,2.52,2.52,104,2021-07-19 20:18:00,OGI
2.52,2.52,2.52,2.52,500,2021-07-19 20:19:00,OGI
2.52,2.52,2.52,2.52,500,2021-07-19 20:30:00,OGI
2.52,2.52,2.52,2.52,100,2021-07-19 20:45:00,OGI
2.52,2.52,2.52,2.52,1000,2021-07-19 21:04:00,OGI
2.51,2.51,2.51,2.51,150,2021-07-19 21:19:00,OGI
2.5,2.5,2.5,2.5,316,2021-07-19 21:33:00,OGI
2.5,2.5,2.5,2.5,7200,2021-07-19 22:06:00,OGI
2.51,2.51,2.51,2.51,302,2021-07-19 22:21:00,OGI
2.51,2.51,2.51,2.51,1023,2021-07-19 23:02:00,OGI
2.5,2.5,2.5,2.5,810,2021-07-19 23:22:00,OGI
2.53,2.53,2.53,2.53,259,2021-07-19 23:41:00,OGI
2.49,2.49,2.49,2.49,4000,2021-07-19 23:53:00,OGI
2.5,2.5,2.5,2.5,452,2021-07-19 23:54:00,OGI
2.46,2.46,2.46,2.46,597,2021-07-20 08:31:00,OGI
2.54,2.54,2.54,2.54,350,2021-07-20 12:16:00,OGI
2.55,2.55,2.55,2.55,200,2021-07-20 12:25:00,OGI
2.55,2.55,2.55,2.55,197,2021-07-20 12:31:00,OGI
2.55,2.55,2.55,2.55,4100,2021-07-20 12:34:00,OGI
2.55,2.55,2.55,2.55,5200,2021-07-20 12:36:00,OGI
2.5401,2.5401,2.54,2.54,5500,2021-07-20 12:37:00,OGI
2.54,2.54,2.54,2.54,291,2021-07-20 13:05:00,OGI
2.54,2.54,2.54,2.54,200,2021-07-20 13:11:00,OGI
2.54,2.54,2.54,2.54,200,2021-07-20 13:12:00,OGI
2.54,2.54,2.54,2.54,5500,2021-07-20 13:13:00,OGI
2.54,2.54,2.54,2.54,800,2021-07-20 13:27:00,OGI
2.54,2.5499,2.52,2.53,25880,2021-07-20 13:30:00,OGI
2.53,2.535,2.5,2.5001,27844,2021-07-20 13:31:00,OGI
2.505,2.5093,2.48,2.505,28831,2021-07-20 13:32:00,OGI
2.51,2.515,2.49,2.51,22152,2021-07-20 13:33:00,OGI
2.5116,2.5186,2.485,2.49,34278,2021-07-20 13:34:00,OGI
2.49,2.5,2.48,2.48,22781,2021-07-20 13:35:00,OGI
2.48,2.48,2.47,2.47,35018,2021-07-20 13:36:00,OGI
2.465,2.4774,2.4573,2.465,60698,2021-07-20 13:37:00,OGI
2.46,2.4628,2.45,2.45,25485,2021-07-20 13:38:00,OGI
2.457,2.46,2.45,2.45,22601,2021-07-20 13:39:00,OGI
2.45,2.47,2.45,2.465,33290,2021-07-20 13:40:00,OGI
2.46,2.47,2.45,2.4566,32909,2021-07-20 13:41:00,OGI
2.46,2.4742,2.46,2.4601,20181,2021-07-20 13:42:00,OGI
2.46,2.46,2.45,2.4578,23889,2021-07-20 13:43:00,OGI
2.4539,2.4699,2.45,2.4699,33528,2021-07-20 13:44:00,OGI
2.46,2.46,2.45,2.45,25326,2021-07-20 13:45:00,OGI
2.455,2.47,2.45,2.4517,18575,2021-07-20 13:46:00,OGI
2.45,2.4533,2.44,2.44,32742,2021-07-20 13:47:00,OGI
2.4499,2.46,2.44,2.4592,21161,2021-07-20 13:48:00,OGI
2.45,2.457,2.43,2.43,50341,2021-07-20 13:49:00,OGI
2.44,2.44,2.42,2.43,35538,2021-07-20 13:50:00,OGI
2.4399,2.4399,2.43,2.43,25689,2021-07-20 13:51:00,OGI
2.43,2.43,2.42,2.427,26231,2021-07-20 13:52:00,OGI
2.4228,2.43,2.42,2.4299,18224,2021-07-20 13:53:00,OGI
2.4227,2.435,2.4227,2.43,25092,2021-07-20 13:54:00,OGI
2.435,2.44,2.42,2.436,50385,2021-07-20 13:55:00,OGI
2.44,2.45,2.44,2.445,35505,2021-07-20 13:56:00,OGI
2.445,2.45,2.43,2.4401,41980,2021-07-20 13:57:00,OGI
2.44,2.44,2.43,2.43,20112,2021-07-20 13:58:00,OGI
2.4386,2.46,2.4386,2.455,56593,2021-07-20 13:59:00,OGI
2.4538,2.467,2.45,2.4586,35186,2021-07-20 14:00:00,OGI
2.46,2.465,2.455,2.4575,30883,2021-07-20 14:01:00,OGI
2.4577,2.4599,2.43,2.435,4475,2021-07-20 14:02:00,OGI
2.43,2.4399,2.43,2.43,4100,2021-07-20 14:03:00,OGI
2.4399,2.4399,2.42,2.4259,69539,2021-07-20 14:04:00,OGI
2.4228,2.43,2.42,2.425,24906,2021-07-20 14:05:00,OGI
2.425,2.43,2.41,2.4192,29506,2021-07-20 14:06:00,OGI
2.42,2.43,2.41,2.4201,32356,2021-07-20 14:07:00,OGI
2.421,2.433,2.42,2.43,23255,2021-07-20 14:08:00,OGI
2.42,2.43,2.42,2.424,16303,2021-07-20 14:09:00,OGI
2.4271,2.43,2.42,2.4219,9972,2021-07-20 14:10:00,OGI
2.4201,2.43,2.42,2.425,19437,2021-07-20 14:11:00,OGI
2.43,2.445,2.43,2.441,28304,2021-07-20 14:12:00,OGI
2.445,2.4473,2.44,2.44,12090,2021-07-20 14:13:00,OGI
2.4419,2.46,2.4401,2.46,34408,2021-07-20 14:14:00,OGI
2.4622,2.47,2.46,2.46,14503,2021-07-20 14:15:00,OGI
2.46,2.47,2.46,2.4656,9750,2021-07-20 14:16:00,OGI
2.465,2.465,2.46,2.4601,21523,2021-07-20 14:17:00,OGI
2.47,2.4767,2.46,2.46,22777,2021-07-20 14:18:00,OGI
2.465,2.47,2.4629,2.4629,7316,2021-07-20 14:19:00,OGI
2.4622,2.4883,2.46,2.47,54434,2021-07-20 14:20:00,OGI
2.4763,2.4885,2.47,2.485,37769,2021-07-20 14:21:00,OGI
2.4827,2.49,2.48,2.4882,6221,2021-07-20 14:22:00,OGI
2.48,2.485,2.47,2.475,30150,2021-07-20 14:23:00,OGI
2.48,2.485,2.47,2.475,16364,2021-07-20 14:24:00,OGI
2.475,2.48,2.475,2.48,1674,2021-07-20 14:25:00,OGI
2.4799,2.4799,2.455,2.455,58066,2021-07-20 14:26:00,OGI
2.4533,2.47,2.4533,2.46,29244,2021-07-20 14:27:00,OGI
2.465,2.465,2.4532,2.455,8831,2021-07-20 14:28:00,OGI
2.4599,2.46,2.45,2.45,30500,2021-07-20 14:29:00,OGI
2.45,2.45,2.45,2.45,3100,2021-07-20 14:30:00,OGI
2.454,2.4599,2.45,2.45,10775,2021-07-20 14:31:00,OGI
2.46,2.467,2.45,2.4531,20005,2021-07-20 14:32:00,OGI
2.45,2.4579,2.45,2.45,7510,2021-07-20 14:33:00,OGI
2.4523,2.4631,2.45,2.463,13784,2021-07-20 14:34:00,OGI
2.4629,2.47,2.455,2.455,33308,2021-07-20 14:35:00,OGI
2.455,2.4567,2.45,2.45,11536,2021-07-20 14:36:00,OGI
2.455,2.455,2.44,2.4492,22436,2021-07-20 14:37:00,OGI
2.44,2.46,2.44,2.4567,17008,2021-07-20 14:38:00,OGI
2.45,2.457,2.44,2.4523,21468,2021-07-20 14:39:00,OGI
2.4521,2.46,2.4501,2.46,3406,2021-07-20 14:40:00,OGI
2.46,2.465,2.4523,2.455,19774,2021-07-20 14:41:00,OGI
2.455,2.46,2.45,2.452,3625,2021-07-20 14:42:00,OGI
2.451,2.455,2.445,2.45,10875,2021-07-20 14:43:00,OGI
2.4436,2.455,2.4436,2.4533,15932,2021-07-20 14:44:00,OGI
2.4565,2.46,2.45,2.4523,29700,2021-07-20 14:45:00,OGI
2.4571,2.46,2.455,2.455,10856,2021-07-20 14:46:00,OGI
2.453,2.459,2.453,2.455,4800,2021-07-20 14:47:00,OGI
2.46,2.47,2.45,2.4627,50948,2021-07-20 14:48:00,OGI
2.46,2.4684,2.46,2.461,24550,2021-07-20 14:49:00,OGI
2.4699,2.48,2.46,2.471,27182,2021-07-20 14:50:00,OGI
2.475,2.475,2.471,2.475,800,2021-07-20 14:51:00,OGI
2.475,2.48,2.474,2.474,7100,2021-07-20 14:52:00,OGI
2.475,2.479,2.4701,2.4779,9671,2021-07-20 14:53:00,OGI
2.479,2.487,2.475,2.485,39210,2021-07-20 14:54:00,OGI
2.485,2.485,2.48,2.48,853,2021-07-20 14:55:00,OGI
2.487,2.4884,2.48,2.4819,14602,2021-07-20 14:56:00,OGI
2.48,2.48,2.47,2.475,26441,2021-07-20 14:57:00,OGI
2.48,2.4899,2.4782,2.4882,30064,2021-07-20 14:58:00,OGI
2.49,2.497,2.485,2.4917,31695,2021-07-20 14:59:00,OGI
2.495,2.495,2.495,2.495,700,2021-07-20 15:00:00,OGI
2.495,2.497,2.49,2.49,2150,2021-07-20 15:01:00,OGI
2.49,2.495,2.48,2.485,11779,2021-07-20 15:02:00,OGI
2.4864,2.49,2.485,2.486,3750,2021-07-20 15:03:00,OGI
2.485,2.49,2.48,2.485,4151,2021-07-20 15:04:00,OGI
2.485,2.485,2.485,2.485,12755,2021-07-20 15:05:00,OGI
2.49,2.4964,2.485,2.4901,36665,2021-07-20 15:06:00,OGI
2.495,2.495,2.48,2.485,19567,2021-07-20 15:07:00,OGI
2.49,2.5,2.483,2.495,16577,2021-07-20 15:08:00,OGI
2.5,2.5,2.49,2.4992,24686,2021-07-20 15:09:00,OGI
2.5,2.505,2.5,2.505,3508,2021-07-20 15:10:00,OGI
2.5001,2.51,2.5001,2.5038,1578,2021-07-20 15:11:00,OGI
2.51,2.515,2.5,2.508,43474,2021-07-20 15:12:00,OGI
2.505,2.51,2.504,2.505,6736,2021-07-20 15:13:00,OGI
2.5,2.52,2.5,2.515,37857,2021-07-20 15:14:00,OGI
2.52,2.52,2.51,2.515,16589,2021-07-20 15:15:00,OGI
2.52,2.53,2.51,2.52,15816,2021-07-20 15:16:00,OGI
2.52,2.53,2.52,2.525,23906,2021-07-20 15:17:00,OGI
2.527,2.54,2.52,2.535,10435,2021-07-20 15:18:00,OGI
2.533,2.535,2.53,2.535,20400,2021-07-20 15:19:00,OGI
2.53,2.539,2.53,2.539,2535,2021-07-20 15:20:00,OGI
2.53,2.535,2.5239,2.525,20130,2021-07-20 15:21:00,OGI
2.53,2.5373,2.52,2.53,28052,2021-07-20 15:22:00,OGI
2.5341,2.54,2.53,2.53,450,2021-07-20 15:23:00,OGI
2.53,2.54,2.53,2.535,14200,2021-07-20 15:24:00,OGI
2.5363,2.5363,2.5338,2.5338,4910,2021-07-20 15:25:00,OGI
2.5364,2.54,2.535,2.535,9600,2021-07-20 15:26:00,OGI
2.5375,2.54,2.53,2.5301,8900,2021-07-20 15:27:00,OGI
2.535,2.5361,2.535,2.5361,1611,2021-07-20 15:28:00,OGI
2.535,2.54,2.53,2.5382,14631,2021-07-20 15:29:00,OGI
2.535,2.535,2.53,2.53,8911,2021-07-20 15:30:00,OGI
2.53,2.53,2.52,2.52,32042,2021-07-20 15:31:00,OGI
2.52,2.5232,2.513,2.5232,12745,2021-07-20 15:32:00,OGI
2.525,2.5263,2.5229,2.5229,2752,2021-07-20 15:33:00,OGI
2.5281,2.545,2.525,2.54,41886,2021-07-20 15:34:00,OGI
2.545,2.545,2.54,2.5401,5300,2021-07-20 15:35:00,OGI
2.55,2.55,2.54,2.5401,11446,2021-07-20 15:36:00,OGI
2.55,2.5599,2.545,2.5599,17682,2021-07-20 15:37:00,OGI
2.5501,2.56,2.55,2.5501,16014,2021-07-20 15:38:00,OGI
2.55,2.555,2.54,2.54,9396,2021-07-20 15:39:00,OGI
2.545,2.55,2.54,2.55,1925,2021-07-20 15:40:00,OGI
2.5401,2.55,2.54,2.54,14999,2021-07-20 15:41:00,OGI
2.54,2.55,2.54,2.541,3492,2021-07-20 15:42:00,OGI
2.5437,2.5499,2.54,2.5431,10500,2021-07-20 15:43:00,OGI
2.55,2.55,2.54,2.55,1585,2021-07-20 15:44:00,OGI
2.54,2.56,2.54,2.5525,48472,2021-07-20 15:45:00,OGI
2.55,2.55,2.55,2.55,10200,2021-07-20 15:46:00,OGI
2.55,2.55,2.53,2.5382,30235,2021-07-20 15:47:00,OGI
2.535,2.54,2.53,2.53,3434,2021-07-20 15:49:00,OGI
2.54,2.55,2.5399,2.55,21989,2021-07-20 15:50:00,OGI
2.54,2.549,2.54,2.54,11661,2021-07-20 15:51:00,OGI
2.54,2.54,2.53,2.5363,16500,2021-07-20 15:52:00,OGI
2.535,2.54,2.53,2.53,41105,2021-07-20 15:53:00,OGI
2.5335,2.5335,2.5335,2.5335,250,2021-07-20 15:54:00,OGI
2.535,2.535,2.535,2.535,161,2021-07-20 15:55:00,OGI
2.53,2.53,2.52,2.5266,33868,2021-07-20 15:56:00,OGI
2.53,2.54,2.5282,2.532,18306,2021-07-20 15:57:00,OGI
2.533,2.533,2.533,2.533,500,2021-07-20 15:58:00,OGI
2.53,2.53,2.53,2.53,100,2021-07-20 15:59:00,OGI
2.53,2.53,2.53,2.53,200,2021-07-20 16:00:00,OGI
2.5323,2.5323,2.5322,2.5322,782,2021-07-20 16:01:00,OGI
2.535,2.5399,2.535,2.5399,600,2021-07-20 16:02:00,OGI
2.535,2.54,2.53,2.5345,27400,2021-07-20 16:03:00,OGI
2.535,2.54,2.522,2.525,12301,2021-07-20 16:04:00,OGI
2.52,2.52,2.52,2.52,3299,2021-07-20 16:05:00,OGI
2.52,2.52,2.52,2.52,3070,2021-07-20 16:06:00,OGI
2.515,2.515,2.5135,2.5135,625,2021-07-20 16:08:00,OGI
2.51,2.5173,2.5,2.5032,14454,2021-07-20 16:09:00,OGI
2.505,2.505,2.5029,2.5029,304,2021-07-20 16:10:00,OGI
2.502,2.502,2.502,2.502,1000,2021-07-20 16:11:00,OGI
2.505,2.505,2.5,2.5,1370,2021-07-20 16:12:00,OGI
2.5,2.51,2.5,2.5089,13000,2021-07-20 16:13:00,OGI
2.505,2.505,2.505,2.505,500,2021-07-20 16:14:00,OGI
2.5031,2.51,2.5031,2.5038,4671,2021-07-20 16:15:00,OGI
2.5074,2.5074,2.5001,2.5035,4100,2021-07-20 16:16:00,OGI
2.505,2.51,2.5,2.5001,26405,2021-07-20 16:17:00,OGI
2.5,2.505,2.5,2.505,5360,2021-07-20 16:18:00,OGI
2.5095,2.5095,2.5095,2.5095,100,2021-07-20 16:19:00,OGI
2.505,2.505,2.505,2.505,2200,2021-07-20 16:20:00,OGI
2.5,2.5001,2.5,2.5001,1200,2021-07-20 16:21:00,OGI
2.5001,2.5099,2.5001,2.5099,991,2021-07-20 16:23:00,OGI
2.5,2.5,2.5,2.5,2425,2021-07-20 16:24:00,OGI
2.5,2.505,2.5,2.505,4897,2021-07-20 16:25:00,OGI
2.5028,2.51,2.5028,2.505,2400,2021-07-20 16:26:00,OGI
2.51,2.51,2.5,2.5062,10348,2021-07-20 16:27:00,OGI
2.5,2.505,2.5,2.505,700,2021-07-20 16:28:00,OGI
2.5,2.5001,2.495,2.495,28947,2021-07-20 16:29:00,OGI
2.4963,2.5,2.495,2.4999,3540,2021-07-20 16:30:00,OGI
2.495,2.5,2.49,2.49,2593,2021-07-20 16:31:00,OGI
2.495,2.5,2.495,2.495,3000,2021-07-20 16:32:00,OGI
2.49,2.5,2.49,2.495,1300,2021-07-20 16:33:00,OGI
2.4936,2.5,2.4936,2.5,201,2021-07-20 16:34:00,OGI
2.5,2.5099,2.495,2.505,11282,2021-07-20 16:35:00,OGI
2.507,2.51,2.5001,2.505,6200,2021-07-20 16:36:00,OGI
2.51,2.51,2.5,2.505,5760,2021-07-20 16:37:00,OGI
2.5034,2.505,2.5,2.5,7100,2021-07-20 16:38:00,OGI
2.5,2.51,2.5,2.505,20035,2021-07-20 16:39:00,OGI
2.51,2.515,2.51,2.515,814,2021-07-20 16:40:00,OGI
2.515,2.515,2.515,2.515,1202,2021-07-20 16:41:00,OGI
2.515,2.5166,2.515,2.5166,1041,2021-07-20 16:42:00,OGI
2.515,2.515,2.514,2.514,436,2021-07-20 16:43:00,OGI
2.5101,2.52,2.5101,2.5175,3000,2021-07-20 16:44:00,OGI
2.5136,2.529,2.5133,2.529,87548,2021-07-20 16:45:00,OGI
2.52,2.525,2.52,2.525,7797,2021-07-20 16:46:00,OGI
2.525,2.525,2.5137,2.5137,4559,2021-07-20 16:47:00,OGI
2.51,2.51,2.51,2.51,4700,2021-07-20 16:48:00,OGI
2.515,2.515,2.515,2.515,100,2021-07-20 16:49:00,OGI
2.515,2.515,2.515,2.515,283,2021-07-20 16:50:00,OGI
2.515,2.52,2.515,2.5183,5200,2021-07-20 16:51:00,OGI
2.52,2.53,2.5137,2.527,24990,2021-07-20 16:52:00,OGI
2.52,2.527,2.52,2.52,5650,2021-07-20 16:53:00,OGI
2.51,2.51,2.51,2.51,200,2021-07-20 16:54:00,OGI
2.51,2.51,2.5,2.5,2938,2021-07-20 16:55:00,OGI
2.505,2.5063,2.505,2.5063,1438,2021-07-20 16:56:00,OGI
2.501,2.5038,2.501,2.5038,1370,2021-07-20 16:57:00,OGI
2.5061,2.5061,2.5061,2.5061,200,2021-07-20 16:58:00,OGI
2.5049,2.5071,2.5,2.5071,3900,2021-07-20 16:59:00,OGI
2.5064,2.5064,2.5064,2.5064,300,2021-07-20 17:00:00,OGI
2.5099,2.5099,2.5099,2.5099,1000,2021-07-20 17:02:00,OGI
2.5025,2.5025,2.495,2.495,16832,2021-07-20 17:03:00,OGI
2.4928,2.495,2.4928,2.495,1107,2021-07-20 17:04:00,OGI
2.495,2.495,2.4947,2.4947,744,2021-07-20 17:05:00,OGI
2.49,2.495,2.49,2.4901,1200,2021-07-20 17:07:00,OGI
2.4936,2.4936,2.49,2.49,10912,2021-07-20 17:08:00,OGI
2.49,2.495,2.48,2.48,60903,2021-07-20 17:09:00,OGI
2.4824,2.49,2.48,2.4864,5104,2021-07-20 17:10:00,OGI
2.4866,2.49,2.4833,2.485,4099,2021-07-20 17:11:00,OGI
2.49,2.5,2.49,2.496,23694,2021-07-20 17:12:00,OGI
2.4999,2.4999,2.4936,2.495,875,2021-07-20 17:14:00,OGI
2.49,2.5098,2.49,2.5031,16521,2021-07-20 17:15:00,OGI
2.51,2.51,2.5,2.5,2942,2021-07-20 17:16:00,OGI
2.5032,2.5032,2.5032,2.5032,500,2021-07-20 17:17:00,OGI
2.5046,2.51,2.5001,2.5036,1100,2021-07-20 17:18:00,OGI
2.505,2.505,2.5001,2.5001,1608,2021-07-20 17:19:00,OGI
2.505,2.51,2.502,2.505,8750,2021-07-20 17:20:00,OGI
2.505,2.51,2.5,2.5,2360,2021-07-20 17:21:00,OGI
2.5,2.5099,2.5,2.5099,1100,2021-07-20 17:22:00,OGI
2.5,2.51,2.5,2.51,1299,2021-07-20 17:23:00,OGI
2.5072,2.509,2.5072,2.509,1100,2021-07-20 17:24:00,OGI
2.5,2.5099,2.5,2.5099,300,2021-07-20 17:25:00,OGI
2.5001,2.5001,2.5,2.5,2690,2021-07-20 17:26:00,OGI
2.5,2.5,2.5,2.5,300,2021-07-20 17:27:00,OGI
2.5075,2.5075,2.5,2.5,3103,2021-07-20 17:28:00,OGI
2.505,2.505,2.5,2.505,900,2021-07-20 17:29:00,OGI
2.5,2.5,2.49,2.4962,4480,2021-07-20 17:30:00,OGI
2.4962,2.505,2.4932,2.505,22359,2021-07-20 17:31:00,OGI
2.501,2.5069,2.501,2.5069,915,2021-07-20 17:32:00,OGI
2.5039,2.505,2.5031,2.505,700,2021-07-20 17:33:00,OGI
2.51,2.51,2.5038,2.505,5619,2021-07-20 17:34:00,OGI
2.505,2.5061,2.505,2.5061,800,2021-07-20 17:35:00,OGI
2.505,2.505,2.505,2.505,558,2021-07-20 17:36:00,OGI
2.509,2.515,2.505,2.515,9216,2021-07-20 17:37:00,OGI
2.515,2.515,2.5132,2.515,1040,2021-07-20 17:38:00,OGI
2.5115,2.517,2.5115,2.5132,11100,2021-07-20 17:39:00,OGI
2.5132,2.5132,2.5132,2.5132,150,2021-07-20 17:40:00,OGI
2.52,2.5261,2.516,2.5261,16326,2021-07-20 17:41:00,OGI
2.53,2.53,2.5201,2.5201,2883,2021-07-20 17:42:00,OGI
2.5272,2.53,2.5263,2.53,7800,2021-07-20 17:43:00,OGI
2.5275,2.537,2.5275,2.537,24700,2021-07-20 17:44:00,OGI
2.53,2.537,2.53,2.5301,21800,2021-07-20 17:45:00,OGI
2.535,2.535,2.5331,2.5331,372,2021-07-20 17:46:00,OGI
2.53,2.5301,2.52,2.53,33463,2021-07-20 17:47:00,OGI
2.525,2.53,2.525,2.525,30634,2021-07-20 17:48:00,OGI
2.53,2.53,2.5201,2.5273,2870,2021-07-20 17:49:00,OGI
2.525,2.53,2.52,2.525,2285,2021-07-20 17:50:00,OGI
2.52,2.52,2.52,2.52,100,2021-07-20 17:51:00,OGI
2.5278,2.53,2.5236,2.5277,2700,2021-07-20 17:52:00,OGI
2.5234,2.525,2.5201,2.525,3000,2021-07-20 17:53:00,OGI
2.5232,2.53,2.5232,2.525,2038,2021-07-20 17:54:00,OGI
2.53,2.535,2.53,2.53,12810,2021-07-20 17:55:00,OGI
2.5399,2.5399,2.53,2.533,601,2021-07-20 17:57:00,OGI
2.5329,2.5329,2.53,2.53,5020,2021-07-20 17:59:00,OGI
2.5301,2.5362,2.5301,2.5362,375,2021-07-20 18:01:00,OGI
2.535,2.535,2.535,2.535,1300,2021-07-20 18:02:00,OGI
2.53,2.53,2.53,2.53,3225,2021-07-20 18:03:00,OGI
2.5323,2.535,2.53,2.535,760,2021-07-20 18:04:00,OGI
2.5306,2.5306,2.5306,2.5306,2800,2021-07-20 18:05:00,OGI
2.53,2.54,2.53,2.54,4550,2021-07-20 18:06:00,OGI
2.54,2.547,2.54,2.545,12958,2021-07-20 18:07:00,OGI
2.544,2.544,2.544,2.544,200,2021-07-20 18:08:00,OGI
2.55,2.55,2.545,2.545,2350,2021-07-20 18:09:00,OGI
2.548,2.548,2.54,2.5435,25381,2021-07-20 18:10:00,OGI
2.545,2.55,2.54,2.545,2400,2021-07-20 18:11:00,OGI
2.545,2.5473,2.5435,2.5473,3400,2021-07-20 18:13:00,OGI
2.54,2.5401,2.54,2.5401,9100,2021-07-20 18:14:00,OGI
2.5468,2.55,2.54,2.55,2600,2021-07-20 18:15:00,OGI
2.5491,2.55,2.54,2.5466,1600,2021-07-20 18:16:00,OGI
2.54,2.55,2.54,2.5436,9400,2021-07-20 18:17:00,OGI
2.55,2.55,2.541,2.5439,2425,2021-07-20 18:18:00,OGI
2.545,2.55,2.545,2.545,3000,2021-07-20 18:19:00,OGI
2.55,2.56,2.55,2.56,97106,2021-07-20 18:21:00,OGI
2.555,2.56,2.55,2.56,3291,2021-07-20 18:22:00,OGI
2.555,2.56,2.5501,2.555,3000,2021-07-20 18:23:00,OGI
2.5553,2.5553,2.5553,2.5553,4681,2021-07-20 18:24:00,OGI
2.56,2.56,2.55,2.5552,3200,2021-07-20 18:25:00,OGI
2.5563,2.56,2.5501,2.5563,1300,2021-07-20 18:26:00,OGI
2.5536,2.557,2.55,2.555,2200,2021-07-20 18:27:00,OGI
2.555,2.555,2.5538,2.5538,541,2021-07-20 18:28:00,OGI
2.5529,2.5563,2.5529,2.555,900,2021-07-20 18:29:00,OGI
2.5564,2.5564,2.5536,2.5536,500,2021-07-20 18:30:00,OGI
2.5563,2.5563,2.5563,2.5563,200,2021-07-20 18:31:00,OGI
2.559,2.56,2.5566,2.5566,3000,2021-07-20 18:32:00,OGI
2.5584,2.5584,2.55,2.55,16721,2021-07-20 18:33:00,OGI
2.555,2.555,2.55,2.5531,1300,2021-07-20 18:34:00,OGI
2.555,2.5599,2.54,2.5438,23185,2021-07-20 18:35:00,OGI
2.5429,2.5429,2.5429,2.5429,850,2021-07-20 18:36:00,OGI
2.5462,2.5462,2.54,2.54,300,2021-07-20 18:37:00,OGI
2.54,2.5482,2.54,2.5482,6293,2021-07-20 18:38:00,OGI
2.54,2.5401,2.53,2.5399,17008,2021-07-20 18:39:00,OGI
2.5397,2.55,2.53,2.55,1899,2021-07-20 18:40:00,OGI
2.55,2.55,2.5431,2.5436,3864,2021-07-20 18:41:00,OGI
2.545,2.545,2.542,2.5423,6860,2021-07-20 18:42:00,OGI
2.545,2.55,2.541,2.541,3500,2021-07-20 18:43:00,OGI
2.5495,2.5495,2.545,2.545,3258,2021-07-20 18:44:00,OGI
2.5436,2.5436,2.5436,2.5436,200,2021-07-20 18:45:00,OGI
2.5481,2.56,2.543,2.56,38271,2021-07-20 18:46:00,OGI
2.56,2.56,2.5538,2.555,300,2021-07-20 18:47:00,OGI
2.5593,2.5593,2.5537,2.554,6117,2021-07-20 18:48:00,OGI
2.555,2.555,2.555,2.555,1180,2021-07-20 18:49:00,OGI
2.5538,2.5598,2.5538,2.5598,500,2021-07-20 18:50:00,OGI
2.5598,2.56,2.5598,2.56,3649,2021-07-20 18:51:00,OGI
2.555,2.555,2.555,2.555,1000,2021-07-20 18:52:00,OGI
2.5584,2.56,2.5543,2.56,2697,2021-07-20 18:53:00,OGI
2.5534,2.5534,2.5534,2.5534,360,2021-07-20 18:54:00,OGI
2.55,2.56,2.55,2.555,700,2021-07-20 18:55:00,OGI
2.56,2.56,2.5501,2.556,4700,2021-07-20 18:56:00,OGI
2.55,2.555,2.55,2.555,650,2021-07-20 18:57:00,OGI
2.555,2.56,2.5537,2.555,6600,2021-07-20 18:58:00,OGI
2.555,2.56,2.55,2.555,7538,2021-07-20 18:59:00,OGI
2.5599,2.5599,2.55,2.55,400,2021-07-20 19:00:00,OGI
2.5539,2.56,2.5539,2.56,2033,2021-07-20 19:01:00,OGI
2.559,2.565,2.55,2.565,37385,2021-07-20 19:02:00,OGI
2.5601,2.565,2.5601,2.565,11799,2021-07-20 19:03:00,OGI
2.57,2.57,2.565,2.5675,800,2021-07-20 19:04:00,OGI
2.57,2.57,2.5619,2.565,15700,2021-07-20 19:05:00,OGI
2.56,2.57,2.56,2.57,6200,2021-07-20 19:06:00,OGI
2.565,2.565,2.565,2.565,600,2021-07-20 19:07:00,OGI
2.5622,2.5622,2.5622,2.5622,129,2021-07-20 19:08:00,OGI
2.5668,2.57,2.5668,2.57,2800,2021-07-20 19:09:00,OGI
2.57,2.57,2.5674,2.5674,3723,2021-07-20 19:10:00,OGI
2.565,2.565,2.5629,2.5636,3230,2021-07-20 19:12:00,OGI
2.5636,2.57,2.5636,2.565,1395,2021-07-20 19:13:00,OGI
2.5676,2.5676,2.565,2.565,4709,2021-07-20 19:15:00,OGI
2.5601,2.5601,2.5601,2.5601,100,2021-07-20 19:16:00,OGI
2.5649,2.57,2.56,2.56,610,2021-07-20 19:17:00,OGI
2.565,2.567,2.565,2.567,781,2021-07-20 19:18:00,OGI
2.56,2.565,2.555,2.555,24614,2021-07-20 19:20:00,OGI
2.555,2.56,2.555,2.555,1495,2021-07-20 19:21:00,OGI
2.5536,2.565,2.5536,2.565,19085,2021-07-20 19:22:00,OGI
2.5634,2.565,2.5601,2.5601,1782,2021-07-20 19:24:00,OGI
2.57,2.57,2.5631,2.5631,3784,2021-07-20 19:25:00,OGI
2.57,2.57,2.565,2.57,1100,2021-07-20 19:26:00,OGI
2.569,2.57,2.5601,2.5601,8010,2021-07-20 19:27:00,OGI
2.5699,2.58,2.56,2.575,75726,2021-07-20 19:28:00,OGI
2.5701,2.58,2.5701,2.58,2010,2021-07-20 19:29:00,OGI
2.5767,2.58,2.575,2.5762,4567,2021-07-20 19:30:00,OGI
2.58,2.58,2.58,2.58,300,2021-07-20 19:31:00,OGI
2.575,2.58,2.575,2.58,3200,2021-07-20 19:32:00,OGI
2.58,2.58,2.58,2.58,1087,2021-07-20 19:33:00,OGI
2.58,2.58,2.57,2.5745,15300,2021-07-20 19:34:00,OGI
2.575,2.58,2.575,2.58,400,2021-07-20 19:35:00,OGI
2.5785,2.58,2.5785,2.58,2000,2021-07-20 19:36:00,OGI
2.58,2.58,2.575,2.58,1000,2021-07-20 19:37:00,OGI
2.5741,2.58,2.57,2.58,3341,2021-07-20 19:38:00,OGI
2.575,2.58,2.571,2.58,1931,2021-07-20 19:39:00,OGI
2.575,2.58,2.5722,2.58,5641,2021-07-20 19:40:00,OGI
2.575,2.5784,2.57,2.575,16891,2021-07-20 19:41:00,OGI
2.57,2.577,2.57,2.5701,13099,2021-07-20 19:42:00,OGI
2.57,2.5701,2.57,2.57,20100,2021-07-20 19:43:00,OGI
2.57,2.58,2.57,2.57,6488,2021-07-20 19:44:00,OGI
2.5701,2.575,2.57,2.575,800,2021-07-20 19:45:00,OGI
2.57,2.575,2.57,2.575,506,2021-07-20 19:46:00,OGI
2.575,2.58,2.57,2.58,3686,2021-07-20 19:47:00,OGI
2.575,2.5764,2.5701,2.575,4800,2021-07-20 19:48:00,OGI
2.575,2.575,2.57,2.57,1190,2021-07-20 19:49:00,OGI
2.57,2.57,2.57,2.57,2400,2021-07-20 19:50:00,OGI
2.5772,2.5772,2.57,2.575,8163,2021-07-20 19:51:00,OGI
2.575,2.5767,2.57,2.575,9389,2021-07-20 19:52:00,OGI
2.57,2.58,2.57,2.57,6378,2021-07-20 19:53:00,OGI
2.5799,2.58,2.5732,2.575,1419,2021-07-20 19:54:00,OGI
2.575,2.5799,2.57,2.575,4057,2021-07-20 19:55:00,OGI
2.575,2.5764,2.57,2.5764,5680,2021-07-20 19:56:00,OGI
2.57,2.575,2.57,2.57,2155,2021-07-20 19:57:00,OGI
2.575,2.58,2.575,2.575,3389,2021-07-20 19:58:00,OGI
2.58,2.58,2.57,2.575,65378,2021-07-20 19:59:00,OGI
2.57,2.58,2.57,2.58,12617,2021-07-20 20:00:00,OGI
2.59,2.59,2.59,2.59,140,2021-07-20 20:07:00,OGI
2.58,2.58,2.58,2.58,250,2021-07-20 20:12:00,OGI
2.58,2.58,2.58,2.58,271,2021-07-20 20:14:00,OGI
2.57,2.57,2.57,2.57,213,2021-07-20 20:16:00,OGI
2.58,2.59,2.58,2.59,2500,2021-07-20 20:27:00,OGI
2.58,2.58,2.58,2.58,100,2021-07-20 20:30:00,OGI
2.58,2.58,2.58,2.58,100,2021-07-20 20:36:00,OGI
2.58,2.58,2.58,2.58,1305,2021-07-20 20:46:00,OGI
2.5853,2.5853,2.5853,2.5853,116,2021-07-20 21:04:00,OGI
2.56,2.56,2.56,2.56,1000,2021-07-20 21:09:00,OGI
2.56,2.56,2.56,2.56,100,2021-07-20 21:11:00,OGI
2.57,2.57,2.57,2.57,2000,2021-07-20 21:37:00,OGI
2.5601,2.5601,2.5601,2.5601,120,2021-07-20 21:42:00,OGI
2.56,2.56,2.56,2.56,1000,2021-07-20 21:56:00,OGI
2.56,2.56,2.56,2.56,100,2021-07-20 21:57:00,OGI
2.57,2.57,2.57,2.57,7000,2021-07-20 22:17:00,OGI
2.57,2.57,2.57,2.57,1000,2021-07-20 22:21:00,OGI
2.57,2.57,2.57,2.57,100,2021-07-20 22:35:00,OGI
2.57,2.57,2.57,2.57,3000,2021-07-20 23:20:00,OGI
2.57,2.59,2.57,2.59,2857,2021-07-20 23:29:00,OGI
2.56,2.56,2.56,2.56,740,2021-07-20 23:59:00,OGI
2.56,2.56,2.56,2.56,200,2021-07-21 08:50:00,OGI
2.56,2.56,2.56,2.56,725,2021-07-21 11:00:00,OGI
2.58,2.58,2.58,2.58,300,2021-07-21 12:30:00,OGI
2.56,2.56,2.54,2.54,1983,2021-07-21 12:31:00,OGI
2.55,2.55,2.55,2.55,2014,2021-07-21 12:54:00,OGI
2.57,2.57,2.57,2.57,100,2021-07-21 13:05:00,OGI
2.57,2.57,2.57,2.57,510,2021-07-21 13:11:00,OGI
2.57,2.57,2.57,2.57,401,2021-07-21 13:15:00,OGI
2.57,2.57,2.57,2.57,500,2021-07-21 13:21:00,OGI
2.57,2.57,2.57,2.57,1000,2021-07-21 13:25:00,OGI
2.59,2.59,2.59,2.59,1183,2021-07-21 13:26:00,OGI
2.58,2.58,2.58,2.58,600,2021-07-21 13:27:00,OGI
2.58,2.58,2.57,2.57,690,2021-07-21 13:28:00,OGI
2.58,2.58,2.58,2.58,800,2021-07-21 13:29:00,OGI
2.5527,2.59,2.5527,2.585,65852,2021-07-21 13:30:00,OGI
2.585,2.585,2.55,2.555,18488,2021-07-21 13:31:00,OGI
2.555,2.57,2.55,2.565,22735,2021-07-21 13:32:00,OGI
2.57,2.5785,2.57,2.575,8225,2021-07-21 13:33:00,OGI
2.5787,2.58,2.57,2.5763,12800,2021-07-21 13:34:00,OGI
2.575,2.58,2.5685,2.5701,36575,2021-07-21 13:35:00,OGI
2.575,2.5864,2.575,2.5864,6050,2021-07-21 13:36:00,OGI
2.585,2.6,2.58,2.59,33385,2021-07-21 13:37:00,OGI
2.581,2.6036,2.581,2.5933,34128,2021-07-21 13:38:00,OGI
2.595,2.5999,2.57,2.5702,20070,2021-07-21 13:39:00,OGI
2.57,2.57,2.545,2.5564,40087,2021-07-21 13:40:00,OGI
2.55,2.55,2.532,2.55,44824,2021-07-21 13:41:00,OGI
2.55,2.55,2.53,2.54,19847,2021-07-21 13:42:00,OGI
2.54,2.56,2.5316,2.5501,11800,2021-07-21 13:43:00,OGI
2.557,2.567,2.55,2.565,27676,2021-07-21 13:44:00,OGI
2.567,2.5784,2.56,2.5784,42511,2021-07-21 13:45:00,OGI
2.5718,2.575,2.56,2.56,19389,2021-07-21 13:46:00,OGI
2.565,2.5861,2.565,2.5821,16961,2021-07-21 13:47:00,OGI
2.59,2.6,2.58,2.595,41964,2021-07-21 13:48:00,OGI
2.5999,2.5999,2.5801,2.585,24250,2021-07-21 13:49:00,OGI
2.5847,2.61,2.58,2.6088,23274,2021-07-21 13:50:00,OGI
2.6096,2.61,2.6,2.6,29600,2021-07-21 13:51:00,OGI
2.605,2.62,2.605,2.615,34503,2021-07-21 13:52:00,OGI
2.6178,2.627,2.61,2.6197,38546,2021-07-21 13:53:00,OGI
2.62,2.63,2.6136,2.63,27632,2021-07-21 13:54:00,OGI
2.63,2.6399,2.6282,2.6301,23215,2021-07-21 13:55:00,OGI
2.6301,2.64,2.63,2.635,13633,2021-07-21 13:56:00,OGI
2.64,2.65,2.63,2.64,48296,2021-07-21 13:57:00,OGI
2.6417,2.65,2.6417,2.643,3440,2021-07-21 13:58:00,OGI
2.642,2.65,2.64,2.65,12305,2021-07-21 13:59:00,OGI
2.64,2.64,2.6237,2.625,16327,2021-07-21 14:00:00,OGI
2.625,2.645,2.625,2.6429,15408,2021-07-21 14:01:00,OGI
2.647,2.65,2.64,2.645,22687,2021-07-21 14:02:00,OGI
2.6417,2.6499,2.64,2.645,16250,2021-07-21 14:03:00,OGI
2.645,2.66,2.645,2.655,25216,2021-07-21 14:04:00,OGI
2.65,2.66,2.65,2.66,7561,2021-07-21 14:05:00,OGI
2.655,2.657,2.65,2.655,11888,2021-07-21 14:06:00,OGI
2.65,2.65,2.64,2.64,18946,2021-07-21 14:07:00,OGI
2.645,2.649,2.64,2.64,43903,2021-07-21 14:08:00,OGI
2.631,2.64,2.62,2.625,29823,2021-07-21 14:09:00,OGI
2.6299,2.63,2.615,2.62,21279,2021-07-21 14:10:00,OGI
2.619,2.62,2.6127,2.62,13699,2021-07-21 14:11:00,OGI
2.621,2.621,2.6,2.615,35522,2021-07-21 14:12:00,OGI
2.62,2.62,2.601,2.6078,32432,2021-07-21 14:13:00,OGI
2.605,2.61,2.6,2.61,12433,2021-07-21 14:14:00,OGI
2.6036,2.61,2.6,2.6099,13112,2021-07-21 14:15:00,OGI
2.6074,2.62,2.6074,2.6136,44205,2021-07-21 14:16:00,OGI
2.6118,2.629,2.611,2.625,39043,2021-07-21 14:17:00,OGI
2.62,2.6264,2.6139,2.6139,1300,2021-07-21 14:18:00,OGI
2.617,2.6194,2.617,2.6194,691,2021-07-21 14:19:00,OGI
2.61,2.61,2.61,2.61,1300,2021-07-21 14:20:00,OGI
2.605,2.605,2.6,2.6,3500,2021-07-21 14:21:00,OGI
2.6,2.6099,2.6,2.605,700,2021-07-21 14:22:00,OGI
2.6,2.6,2.6,2.6,685,2021-07-21 14:23:00,OGI
2.6,2.6017,2.5922,2.595,15008,2021-07-21 14:24:00,OGI
2.5977,2.5983,2.595,2.595,2312,2021-07-21 14:25:00,OGI
2.5981,2.5981,2.58,2.5882,57898,2021-07-21 14:26:00,OGI
2.5882,2.595,2.585,2.595,5788,2021-07-21 14:27:00,OGI
2.5937,2.5937,2.58,2.585,30921,2021-07-21 14:28:00,OGI
2.585,2.585,2.57,2.575,35576,2021-07-21 14:29:00,OGI
2.57,2.57,2.56,2.57,19600,2021-07-21 14:30:00,OGI
2.565,2.57,2.56,2.57,56300,2021-07-21 14:31:00,OGI
2.565,2.5699,2.55,2.56,75445,2021-07-21 14:32:00,OGI
2.565,2.577,2.565,2.577,18220,2021-07-21 14:33:00,OGI
2.57,2.577,2.565,2.565,18000,2021-07-21 14:34:00,OGI
2.5681,2.57,2.5625,2.565,13123,2021-07-21 14:35:00,OGI
2.5636,2.5879,2.56,2.5823,45736,2021-07-21 14:36:00,OGI
2.59,2.5961,2.583,2.595,10610,2021-07-21 14:37:00,OGI
2.5962,2.6,2.59,2.5951,15988,2021-07-21 14:38:00,OGI
2.595,2.6,2.5928,2.6,3818,2021-07-21 14:39:00,OGI
2.595,2.607,2.595,2.605,42363,2021-07-21 14:40:00,OGI
2.605,2.6099,2.6,2.605,3280,2021-07-21 14:41:00,OGI
2.6,2.605,2.6,2.605,2700,2021-07-21 14:42:00,OGI
2.605,2.605,2.6,2.6,3200,2021-07-21 14:43:00,OGI
2.605,2.605,2.6,2.605,949,2021-07-21 14:44:00,OGI
2.6,2.601,2.6,2.6,3452,2021-07-21 14:45:00,OGI
2.6,2.605,2.59,2.5932,21418,2021-07-21 14:46:00,OGI
2.59,2.59,2.58,2.58,36266,2021-07-21 14:47:00,OGI
2.575,2.5799,2.575,2.575,4145,2021-07-21 14:48:00,OGI
2.575,2.575,2.575,2.575,100,2021-07-21 14:49:00,OGI
2.5782,2.59,2.575,2.587,13993,2021-07-21 14:50:00,OGI
2.5835,2.585,2.5733,2.5799,28300,2021-07-21 14:51:00,OGI
2.575,2.5778,2.575,2.575,5500,2021-07-21 14:52:00,OGI
2.57,2.5701,2.56,2.5699,25482,2021-07-21 14:53:00,OGI
2.57,2.57,2.56,2.56,15900,2021-07-21 14:54:00,OGI
2.565,2.569,2.56,2.565,5875,2021-07-21 14:55:00,OGI
2.565,2.5678,2.563,2.5677,8317,2021-07-21 14:56:00,OGI
2.565,2.59,2.565,2.59,80744,2021-07-21 14:57:00,OGI
2.58,2.58,2.57,2.572,13327,2021-07-21 14:58:00,OGI
2.57,2.57,2.56,2.565,12047,2021-07-21 14:59:00,OGI
2.565,2.57,2.5601,2.57,12132,2021-07-21 15:00:00,OGI
2.58,2.58,2.575,2.58,15087,2021-07-21 15:01:00,OGI
2.5783,2.58,2.5729,2.58,1830,2021-07-21 15:02:00,OGI
2.578,2.58,2.5767,2.5797,3316,2021-07-21 15:03:00,OGI
2.5701,2.58,2.5701,2.5734,2100,2021-07-21 15:04:00,OGI
2.575,2.5839,2.575,2.5836,13121,2021-07-21 15:05:00,OGI
2.585,2.595,2.58,2.595,41486,2021-07-21 15:06:00,OGI
2.5985,2.5985,2.59,2.5929,21178,2021-07-21 15:07:00,OGI
2.59,2.6,2.59,2.6,5800,2021-07-21 15:08:00,OGI
2.6,2.6099,2.595,2.6099,19520,2021-07-21 15:09:00,OGI
2.6,2.605,2.6,2.605,5712,2021-07-21 15:10:00,OGI
2.61,2.61,2.6,2.605,33687,2021-07-21 15:11:00,OGI
2.6093,2.61,2.6001,2.6001,1424,2021-07-21 15:12:00,OGI
2.6062,2.6062,2.6017,2.605,11605,2021-07-21 15:13:00,OGI
2.601,2.607,2.6,2.607,11200,2021-07-21 15:14:00,OGI
2.6,2.6099,2.5919,2.6,9610,2021-07-21 15:15:00,OGI
2.6039,2.61,2.6,2.6,32192,2021-07-21 15:16:00,OGI
2.605,2.6082,2.6,2.6,542,2021-07-21 15:17:00,OGI
2.6,2.6,2.595,2.595,2500,2021-07-21 15:18:00,OGI
2.5938,2.595,2.59,2.595,1210,2021-07-21 15:19:00,OGI
2.5972,2.5972,2.595,2.595,1950,2021-07-21 15:20:00,OGI
2.595,2.5999,2.595,2.5999,1254,2021-07-21 15:21:00,OGI
2.595,2.595,2.59,2.5909,2083,2021-07-21 15:22:00,OGI
2.595,2.6,2.595,2.6,1000,2021-07-21 15:23:00,OGI
2.592,2.595,2.592,2.595,2100,2021-07-21 15:24:00,OGI
2.596,2.6,2.595,2.595,4300,2021-07-21 15:25:00,OGI
2.595,2.6,2.595,2.6,971,2021-07-21 15:26:00,OGI
2.6,2.6,2.595,2.6,19193,2021-07-21 15:27:00,OGI
2.603,2.605,2.5964,2.5964,14625,2021-07-21 15:28:00,OGI
2.595,2.595,2.595,2.595,111,2021-07-21 15:29:00,OGI
2.5938,2.5938,2.5927,2.5927,1400,2021-07-21 15:30:00,OGI
2.6,2.605,2.595,2.601,23921,2021-07-21 15:31:00,OGI
2.6076,2.6076,2.6031,2.605,3200,2021-07-21 15:32:00,OGI
2.6099,2.6099,2.605,2.605,990,2021-07-21 15:33:00,OGI
2.6024,2.61,2.6024,2.6081,38854,2021-07-21 15:34:00,OGI
2.605,2.62,2.6036,2.615,15835,2021-07-21 15:35:00,OGI
2.62,2.65,2.6199,2.6368,154814,2021-07-21 15:36:00,OGI
2.64,2.64,2.631,2.638,10778,2021-07-21 15:37:00,OGI
2.6336,2.65,2.6336,2.645,43688,2021-07-21 15:38:00,OGI
2.6495,2.65,2.64,2.645,36525,2021-07-21 15:39:00,OGI
2.647,2.647,2.6433,2.6433,1000,2021-07-21 15:40:00,OGI
2.645,2.6584,2.645,2.6527,27256,2021-07-21 15:41:00,OGI
2.655,2.6569,2.65,2.6569,13368,2021-07-21 15:42:00,OGI
2.655,2.655,2.64,2.641,10700,2021-07-21 15:43:00,OGI
2.64,2.64,2.64,2.64,22800,2021-07-21 15:44:00,OGI
2.6466,2.6466,2.645,2.645,800,2021-07-21 15:45:00,OGI
2.64,2.6499,2.64,2.6499,700,2021-07-21 15:46:00,OGI
2.65,2.65,2.6429,2.645,11393,2021-07-21 15:47:00,OGI
2.64,2.64,2.635,2.635,2000,2021-07-21 15:48:00,OGI
2.6394,2.645,2.635,2.6401,42759,2021-07-21 15:49:00,OGI
2.64,2.6454,2.64,2.645,5201,2021-07-21 15:50:00,OGI
2.645,2.645,2.635,2.635,4689,2021-07-21 15:51:00,OGI
2.635,2.637,2.63,2.63,6030,2021-07-21 15:52:00,OGI
2.6352,2.6352,2.6352,2.6352,100,2021-07-21 15:53:00,OGI
2.6333,2.635,2.6333,2.635,1139,2021-07-21 15:54:00,OGI
2.634,2.634,2.633,2.633,2001,2021-07-21 15:55:00,OGI
2.63,2.6305,2.63,2.63,18473,2021-07-21 15:56:00,OGI
2.6238,2.6371,2.6201,2.6333,35081,2021-07-21 15:57:00,OGI
2.6328,2.6341,2.63,2.6341,762,2021-07-21 15:58:00,OGI
2.635,2.64,2.635,2.64,4616,2021-07-21 15:59:00,OGI
2.645,2.6584,2.6426,2.65,29783,2021-07-21 16:00:00,OGI
2.655,2.66,2.65,2.65,11988,2021-07-21 16:01:00,OGI
2.6509,2.6509,2.6434,2.6461,15759,2021-07-21 16:02:00,OGI
2.645,2.645,2.64,2.64,3100,2021-07-21 16:03:00,OGI
2.6418,2.6499,2.64,2.6441,3350,2021-07-21 16:05:00,OGI
2.65,2.66,2.6466,2.654,13696,2021-07-21 16:06:00,OGI
2.654,2.66,2.653,2.655,2000,2021-07-21 16:07:00,OGI
2.6538,2.6538,2.6502,2.651,2500,2021-07-21 16:08:00,OGI
2.65,2.65,2.645,2.645,37001,2021-07-21 16:09:00,OGI
2.65,2.65,2.645,2.65,20840,2021-07-21 16:10:00,OGI
2.6439,2.645,2.6422,2.645,10369,2021-07-21 16:11:00,OGI
2.64,2.65,2.64,2.645,2315,2021-07-21 16:12:00,OGI
2.645,2.657,2.645,2.6501,5817,2021-07-21 16:13:00,OGI
2.6534,2.6534,2.6534,2.6534,1000,2021-07-21 16:14:00,OGI
2.66,2.66,2.653,2.655,9654,2021-07-21 16:15:00,OGI
2.655,2.66,2.655,2.66,3200,2021-07-21 16:16:00,OGI
2.651,2.655,2.65,2.65,34900,2021-07-21 16:17:00,OGI
2.65,2.65,2.64,2.645,53136,2021-07-21 16:18:00,OGI
2.64,2.66,2.64,2.6562,12295,2021-07-21 16:19:00,OGI
2.66,2.66,2.6501,2.6501,5744,2021-07-21 16:20:00,OGI
2.655,2.655,2.655,2.655,325,2021-07-21 16:21:00,OGI
2.655,2.665,2.655,2.661,71663,2021-07-21 16:22:00,OGI
2.66,2.665,2.66,2.665,5127,2021-07-21 16:23:00,OGI
2.6617,2.6664,2.66,2.6621,4365,2021-07-21 16:24:00,OGI
2.66,2.67,2.66,2.67,1356,2021-07-21 16:25:00,OGI
2.67,2.67,2.6501,2.6501,29426,2021-07-21 16:26:00,OGI
2.655,2.6579,2.65,2.65,10600,2021-07-21 16:27:00,OGI
2.6537,2.66,2.65,2.65,2935,2021-07-21 16:28:00,OGI
2.65,2.6507,2.64,2.645,7945,2021-07-21 16:29:00,OGI
2.647,2.6499,2.6434,2.6464,2587,2021-07-21 16:30:00,OGI
2.645,2.645,2.64,2.6413,2800,2021-07-21 16:31:00,OGI
2.6469,2.6469,2.64,2.645,1874,2021-07-21 16:32:00,OGI
2.64,2.645,2.64,2.645,400,2021-07-21 16:33:00,OGI
2.6484,2.65,2.64,2.645,14639,2021-07-21 16:34:00,OGI
2.65,2.65,2.644,2.644,1900,2021-07-21 16:35:00,OGI
2.645,2.655,2.645,2.655,5700,2021-07-21 16:36:00,OGI
2.65,2.6599,2.65,2.6528,5000,2021-07-21 16:37:00,OGI
2.655,2.655,2.655,2.655,100,2021-07-21 16:38:00,OGI
2.6526,2.6526,2.6526,2.6526,228,2021-07-21 16:39:00,OGI
2.6501,2.667,2.6501,2.6642,109314,2021-07-21 16:40:00,OGI
2.6636,2.665,2.66,2.665,3700,2021-07-21 16:41:00,OGI
2.66,2.6666,2.66,2.6666,400,2021-07-21 16:42:00,OGI
2.6601,2.67,2.66,2.67,10775,2021-07-21 16:43:00,OGI
2.66,2.675,2.66,2.675,62286,2021-07-21 16:44:00,OGI
2.6731,2.68,2.67,2.67,21036,2021-07-21 16:45:00,OGI
2.67,2.6764,2.67,2.67,2527,2021-07-21 16:46:00,OGI
2.67,2.67,2.65,2.65,85790,2021-07-21 16:47:00,OGI
2.6506,2.6506,2.65,2.65,8000,2021-07-21 16:48:00,OGI
2.6523,2.6523,2.6523,2.6523,200,2021-07-21 16:49:00,OGI
2.65,2.65,2.64,2.6431,17469,2021-07-21 16:50:00,OGI
2.64,2.645,2.64,2.645,5651,2021-07-21 16:51:00,OGI
2.645,2.645,2.64,2.641,9874,2021-07-21 16:52:00,OGI
2.64,2.645,2.64,2.645,2114,2021-07-21 16:53:00,OGI
2.6439,2.65,2.64,2.65,1266,2021-07-21 16:54:00,OGI
2.641,2.6442,2.635,2.635,30146,2021-07-21 16:55:00,OGI
2.6399,2.64,2.62,2.62,20752,2021-07-21 16:56:00,OGI
2.62,2.625,2.62,2.62,925,2021-07-21 16:57:00,OGI
2.6225,2.6225,2.615,2.615,10296,2021-07-21 16:58:00,OGI
2.6199,2.625,2.6199,2.62,20259,2021-07-21 16:59:00,OGI
2.63,2.63,2.62,2.625,2300,2021-07-21 17:00:00,OGI
2.63,2.63,2.625,2.6299,8900,2021-07-21 17:01:00,OGI
2.63,2.63,2.62,2.63,4400,2021-07-21 17:02:00,OGI
2.6224,2.625,2.62,2.6201,2986,2021-07-21 17:03:00,OGI
2.6262,2.6262,2.625,2.625,530,2021-07-21 17:04:00,OGI
2.63,2.63,2.625,2.625,788,2021-07-21 17:05:00,OGI
2.63,2.63,2.625,2.63,2500,2021-07-21 17:06:00,OGI
2.63,2.6361,2.6273,2.635,43580,2021-07-21 17:08:00,OGI
2.64,2.64,2.6301,2.6361,813,2021-07-21 17:09:00,OGI
2.635,2.635,2.635,2.635,125,2021-07-21 17:10:00,OGI
2.639,2.639,2.639,2.639,500,2021-07-21 17:11:00,OGI
2.635,2.635,2.63,2.63,300,2021-07-21 17:12:00,OGI
2.635,2.64,2.635,2.64,2447,2021-07-21 17:13:00,OGI
2.64,2.64,2.635,2.635,12100,2021-07-21 17:14:00,OGI
2.64,2.64,2.64,2.64,200,2021-07-21 17:15:00,OGI
2.6333,2.6367,2.63,2.63,4194,2021-07-21 17:16:00,OGI
2.63,2.63,2.63,2.63,300,2021-07-21 17:17:00,OGI
2.63,2.6399,2.63,2.6399,1148,2021-07-21 17:18:00,OGI
2.635,2.635,2.63,2.63,19700,2021-07-21 17:19:00,OGI
2.63,2.635,2.63,2.635,600,2021-07-21 17:20:00,OGI
2.635,2.6382,2.6344,2.6382,5250,2021-07-21 17:21:00,OGI
2.63,2.633,2.62,2.62,24431,2021-07-21 17:22:00,OGI
2.6264,2.6273,2.6264,2.6273,1150,2021-07-21 17:23:00,OGI
2.62,2.63,2.62,2.625,3700,2021-07-21 17:24:00,OGI
2.6223,2.6264,2.6223,2.6264,1114,2021-07-21 17:26:00,OGI
2.62,2.6263,2.61,2.615,35475,2021-07-21 17:27:00,OGI
2.61,2.615,2.61,2.615,3600,2021-07-21 17:28:00,OGI
2.62,2.62,2.615,2.615,400,2021-07-21 17:29:00,OGI
2.61,2.615,2.61,2.615,1000,2021-07-21 17:30:00,OGI
2.61,2.61,2.61,2.61,100,2021-07-21 17:31:00,OGI
2.61,2.6129,2.61,2.6129,1079,2021-07-21 17:32:00,OGI
2.6168,2.6168,2.6168,2.6168,564,2021-07-21 17:33:00,OGI
2.615,2.615,2.61,2.61,1300,2021-07-21 17:34:00,OGI
2.618,2.62,2.613,2.62,24457,2021-07-21 17:35:00,OGI
2.623,2.6278,2.62,2.6236,5489,2021-07-21 17:36:00,OGI
2.6261,2.63,2.62,2.62,9127,2021-07-21 17:37:00,OGI
2.62,2.6233,2.62,2.6233,219,2021-07-21 17:38:00,OGI
2.6264,2.6264,2.62,2.62,325,2021-07-21 17:39:00,OGI
2.62,2.625,2.62,2.6202,8110,2021-07-21 17:40:00,OGI
2.62,2.62,2.62,2.62,1007,2021-07-21 17:41:00,OGI
2.62,2.6215,2.62,2.6215,220,2021-07-21 17:42:00,OGI
2.6264,2.6264,2.61,2.615,2027,2021-07-21 17:43:00,OGI
2.61,2.6162,2.61,2.6162,1800,2021-07-21 17:44:00,OGI
2.61,2.61,2.61,2.61,100,2021-07-21 17:45:00,OGI
2.61,2.6171,2.61,2.615,7509,2021-07-21 17:47:00,OGI
2.6134,2.619,2.6134,2.619,1382,2021-07-21 17:48:00,OGI
2.61,2.615,2.61,2.6139,5934,2021-07-21 17:49:00,OGI
2.61,2.61,2.605,2.61,30400,2021-07-21 17:50:00,OGI
2.6,2.61,2.6,2.605,7354,2021-07-21 17:51:00,OGI
2.605,2.605,2.605,2.605,144,2021-07-21 17:52:00,OGI
2.603,2.603,2.603,2.603,191,2021-07-21 17:53:00,OGI
2.6,2.605,2.6,2.605,1767,2021-07-21 17:54:00,OGI
2.605,2.6099,2.605,2.6099,792,2021-07-21 17:55:00,OGI
2.6099,2.6099,2.605,2.605,1600,2021-07-21 17:56:00,OGI
2.6061,2.61,2.6039,2.6067,821,2021-07-21 17:57:00,OGI
2.61,2.61,2.605,2.605,2800,2021-07-21 17:58:00,OGI
2.6033,2.61,2.6,2.6,7469,2021-07-21 17:59:00,OGI
2.605,2.6069,2.6,2.6069,3900,2021-07-21 18:00:00,OGI
2.61,2.62,2.605,2.62,35700,2021-07-21 18:01:00,OGI
2.62,2.62,2.6133,2.615,1936,2021-07-21 18:02:00,OGI
2.615,2.615,2.615,2.615,300,2021-07-21 18:03:00,OGI
2.6134,2.62,2.6134,2.6199,6548,2021-07-21 18:04:00,OGI
2.615,2.62,2.613,2.6136,14463,2021-07-21 18:05:00,OGI
2.615,2.62,2.61,2.615,6726,2021-07-21 18:06:00,OGI
2.6135,2.6135,2.6135,2.6135,419,2021-07-21 18:07:00,OGI
2.61,2.6199,2.61,2.61,400,2021-07-21 18:09:00,OGI
2.62,2.62,2.61,2.62,1881,2021-07-21 18:10:00,OGI
2.6101,2.6166,2.61,2.61,6112,2021-07-21 18:12:00,OGI
2.615,2.6169,2.6101,2.6101,2400,2021-07-21 18:13:00,OGI
2.6137,2.6165,2.61,2.6162,883,2021-07-21 18:14:00,OGI
2.6141,2.6141,2.6,2.6035,13003,2021-07-21 18:15:00,OGI
2.6099,2.6099,2.601,2.6061,2200,2021-07-21 18:16:00,OGI
2.605,2.61,2.6,2.603,2303,2021-07-21 18:17:00,OGI
2.6,2.6002,2.59,2.59,18922,2021-07-21 18:19:00,OGI
2.59,2.5967,2.59,2.5967,550,2021-07-21 18:20:00,OGI
2.5999,2.5999,2.59,2.59,900,2021-07-21 18:23:00,OGI
2.59,2.5966,2.59,2.5966,500,2021-07-21 18:24:00,OGI
2.59,2.595,2.59,2.595,1100,2021-07-21 18:26:00,OGI
2.6,2.6,2.59,2.595,1385,2021-07-21 18:27:00,OGI
2.6,2.61,2.59,2.6001,29326,2021-07-21 18:28:00,OGI
2.609,2.61,2.6,2.61,2270,2021-07-21 18:29:00,OGI
2.6,2.6036,2.6,2.6022,4637,2021-07-21 18:30:00,OGI
2.6025,2.6025,2.6,2.6,600,2021-07-21 18:35:00,OGI
2.6,2.6,2.59,2.595,29051,2021-07-21 18:36:00,OGI
2.59,2.595,2.59,2.5908,7104,2021-07-21 18:37:00,OGI
2.5922,2.5922,2.5922,2.5922,5000,2021-07-21 18:39:00,OGI
2.5939,2.5961,2.5939,2.5961,600,2021-07-21 18:40:00,OGI
2.59,2.6,2.59,2.595,5086,2021-07-21 18:41:00,OGI
2.59,2.59,2.59,2.59,100,2021-07-21 18:42:00,OGI
2.595,2.595,2.59,2.59,8506,2021-07-21 18:43:00,OGI
2.59,2.595,2.59,2.59,500,2021-07-21 18:44:00,OGI
2.6,2.6,2.595,2.595,5100,2021-07-21 18:45:00,OGI
2.6,2.6,2.5936,2.5936,3308,2021-07-21 18:46:00,OGI
2.5984,2.5984,2.5963,2.5963,400,2021-07-21 18:48:00,OGI
2.59,2.6,2.59,2.6,24276,2021-07-21 18:49:00,OGI
2.6025,2.61,2.6,2.6,1990,2021-07-21 18:50:00,OGI
2.6,2.605,2.595,2.5999,30360,2021-07-21 18:51:00,OGI
2.5961,2.5999,2.59,2.595,11892,2021-07-21 18:52:00,OGI
2.5931,2.6,2.5931,2.595,4600,2021-07-21 18:53:00,OGI
2.5999,2.6,2.593,2.5966,2204,2021-07-21 18:54:00,OGI
2.6,2.6,2.5941,2.597,2650,2021-07-21 18:55:00,OGI
2.5936,2.595,2.5936,2.595,1155,2021-07-21 18:56:00,OGI
2.595,2.595,2.595,2.595,600,2021-07-21 18:57:00,OGI
2.5965,2.6,2.5932,2.5999,7999,2021-07-21 18:58:00,OGI
2.5983,2.5999,2.59,2.5962,9900,2021-07-21 18:59:00,OGI
2.6,2.6,2.593,2.6,14858,2021-07-21 19:00:00,OGI
2.6,2.6,2.5973,2.5973,1474,2021-07-21 19:01:00,OGI
2.5967,2.61,2.5967,2.61,58992,2021-07-21 19:02:00,OGI
2.605,2.61,2.6034,2.61,3600,2021-07-21 19:03:00,OGI
2.61,2.61,2.6,2.605,9900,2021-07-21 19:04:00,OGI
2.6047,2.6047,2.6,2.6,1700,2021-07-21 19:05:00,OGI
2.6,2.6,2.59,2.6,13871,2021-07-21 19:06:00,OGI
2.59,2.5999,2.59,2.591,24400,2021-07-21 19:07:00,OGI
2.6,2.6,2.595,2.6,600,2021-07-21 19:08:00,OGI
2.5999,2.6,2.5966,2.5996,1011,2021-07-21 19:09:00,OGI
2.5986,2.6,2.5919,2.5919,8800,2021-07-21 19:10:00,OGI
2.595,2.6,2.59,2.59,4550,2021-07-21 19:12:00,OGI
2.5966,2.5966,2.5966,2.5966,386,2021-07-21 19:13:00,OGI
2.595,2.595,2.5935,2.5935,601,2021-07-21 19:14:00,OGI
2.5961,2.5961,2.595,2.595,2100,2021-07-21 19:15:00,OGI
2.595,2.595,2.595,2.595,688,2021-07-21 19:16:00,OGI
2.5936,2.595,2.5936,2.595,300,2021-07-21 19:17:00,OGI
2.5936,2.5977,2.5936,2.5977,1325,2021-07-21 19:18:00,OGI
2.6,2.61,2.6,2.61,28062,2021-07-21 19:19:00,OGI
2.6064,2.61,2.6,2.6,11589,2021-07-21 19:21:00,OGI
2.6064,2.6064,2.6064,2.6064,200,2021-07-21 19:22:00,OGI
2.6,2.6,2.6,2.6,2940,2021-07-21 19:23:00,OGI
2.6,2.607,2.595,2.601,20640,2021-07-21 19:24:00,OGI
2.6001,2.6036,2.6001,2.6036,500,2021-07-21 19:25:00,OGI
2.6063,2.6063,2.6063,2.6063,200,2021-07-21 19:27:00,OGI
2.603,2.6035,2.6,2.6035,700,2021-07-21 19:28:00,OGI
2.6063,2.6063,2.6,2.6,7849,2021-07-21 19:29:00,OGI
2.6,2.6,2.6,2.6,100,2021-07-21 19:30:00,OGI
2.605,2.61,2.605,2.61,1900,2021-07-21 19:31:00,OGI
2.605,2.6062,2.605,2.6062,1900,2021-07-21 19:32:00,OGI
2.61,2.62,2.61,2.62,50779,2021-07-21 19:34:00,OGI
2.6134,2.62,2.6134,2.6169,2500,2021-07-21 19:35:00,OGI
2.615,2.62,2.61,2.62,840,2021-07-21 19:36:00,OGI
2.615,2.62,2.6101,2.6101,9323,2021-07-21 19:37:00,OGI
2.615,2.615,2.615,2.615,100,2021-07-21 19:38:00,OGI
2.615,2.615,2.615,2.615,700,2021-07-21 19:39:00,OGI
2.62,2.62,2.611,2.611,5345,2021-07-21 19:40:00,OGI
2.615,2.6163,2.615,2.615,1800,2021-07-21 19:41:00,OGI
2.62,2.62,2.61,2.61,2154,2021-07-21 19:42:00,OGI
2.615,2.6167,2.61,2.6167,6552,2021-07-21 19:43:00,OGI
2.61,2.6101,2.61,2.6101,1000,2021-07-21 19:44:00,OGI
2.615,2.6166,2.611,2.6166,2010,2021-07-21 19:45:00,OGI
2.614,2.62,2.614,2.62,320,2021-07-21 19:46:00,OGI
2.614,2.615,2.61,2.615,4715,2021-07-21 19:47:00,OGI
2.61,2.6199,2.61,2.61,2536,2021-07-21 19:48:00,OGI
2.6105,2.615,2.61,2.615,601,2021-07-21 19:49:00,OGI
2.61,2.6167,2.61,2.61,3158,2021-07-21 19:50:00,OGI
2.62,2.62,2.62,2.62,116,2021-07-21 19:51:00,OGI
2.62,2.62,2.61,2.6199,12828,2021-07-21 19:52:00,OGI
2.61,2.6153,2.61,2.61,9400,2021-07-21 19:53:00,OGI
2.61,2.6199,2.61,2.61,9547,2021-07-21 19:54:00,OGI
2.615,2.6199,2.61,2.6199,5921,2021-07-21 19:55:00,OGI
2.615,2.6199,2.61,2.6199,4436,2021-07-21 19:56:00,OGI
2.615,2.6191,2.61,2.615,28696,2021-07-21 19:57:00,OGI
2.6116,2.62,2.61,2.62,29501,2021-07-21 19:58:00,OGI
2.615,2.62,2.61,2.61,36641,2021-07-21 19:59:00,OGI
2.62,2.62,2.62,2.62,18468,2021-07-21 20:00:00,OGI
2.62,2.62,2.62,2.62,300,2021-07-21 20:03:00,OGI
2.62,2.62,2.62,2.62,150,2021-07-21 20:42:00,OGI
2.61,2.61,2.61,2.61,1500,2021-07-21 20:53:00,OGI
2.61,2.61,2.6,2.6,1835,2021-07-21 20:58:00,OGI
2.6,2.6,2.6,2.6,5000,2021-07-21 21:00:00,OGI
2.6199,2.6199,2.6199,2.6199,576,2021-07-21 21:03:00,OGI
2.62,2.62,2.62,2.62,100,2021-07-21 21:05:00,OGI
2.6,2.6,2.6,2.6,5000,2021-07-21 21:08:00,OGI
2.61,2.61,2.61,2.61,2000,2021-07-21 21:20:00,OGI
2.61,2.61,2.61,2.61,500,2021-07-21 21:28:00,OGI
2.62,2.62,2.62,2.62,100,2021-07-21 21:30:00,OGI
2.61,2.61,2.61,2.61,100,2021-07-21 21:42:00,OGI
2.61,2.61,2.61,2.61,1000,2021-07-21 21:43:00,OGI
2.61,2.61,2.61,2.61,3500,2021-07-21 22:11:00,OGI
2.62,2.62,2.62,2.62,1600,2021-07-21 22:40:00,OGI
2.64,2.64,2.64,2.64,200,2021-07-21 22:52:00,OGI
2.63,2.63,2.63,2.63,120,2021-07-21 22:54:00,OGI
2.63,2.63,2.63,2.63,300,2021-07-21 23:13:00,OGI
2.63,2.63,2.63,2.63,1000,2021-07-21 23:25:00,OGI
2.64,2.64,2.64,2.64,120,2021-07-21 23:39:00,OGI
2.64,2.64,2.64,2.64,1370,2021-07-21 23:57:00,OGI
2.65,2.65,2.65,2.65,250,2021-07-21 23:58:00,OGI
2.68,2.69,2.68,2.69,4167,2021-07-21 23:59:00,OGI
2.63,2.63,2.63,2.63,10000,2021-07-22 12:31:00,OGI
2.62,2.63,2.62,2.63,1500,2021-07-22 12:33:00,OGI
2.63,2.63,2.63,2.63,1900,2021-07-22 12:41:00,OGI
2.63,2.63,2.63,2.63,100,2021-07-22 12:52:00,OGI
2.62,2.62,2.62,2.62,300,2021-07-22 12:54:00,OGI
2.61,2.61,2.61,2.61,1188,2021-07-22 12:55:00,OGI
2.63,2.63,2.63,2.63,100,2021-07-22 12:58:00,OGI
2.6101,2.6101,2.61,2.61,940,2021-07-22 13:10:00,OGI
2.6,2.6,2.6,2.6,500,2021-07-22 13:11:00,OGI
2.6,2.6,2.6,2.6,6000,2021-07-22 13:14:00,OGI
2.61,2.61,2.61,2.61,5000,2021-07-22 13:15:00,OGI
2.6199,2.6199,2.6199,2.6199,100,2021-07-22 13:17:00,OGI
2.63,2.63,2.61,2.63,48708,2021-07-22 13:30:00,OGI
2.621,2.621,2.59,2.615,45975,2021-07-22 13:31:00,OGI
2.62,2.62,2.6,2.605,14400,2021-07-22 13:32:00,OGI
2.605,2.63,2.605,2.6209,16450,2021-07-22 13:33:00,OGI
2.62,2.63,2.61,2.62,66288,2021-07-22 13:34:00,OGI
2.6273,2.63,2.59,2.6,10866,2021-07-22 13:35:00,OGI
2.59,2.5933,2.58,2.59,17763,2021-07-22 13:36:00,OGI
2.585,2.585,2.5717,2.575,22776,2021-07-22 13:37:00,OGI
2.5723,2.5981,2.5723,2.5981,24657,2021-07-22 13:38:00,OGI
2.5981,2.6,2.575,2.5822,51300,2021-07-22 13:39:00,OGI
2.585,2.585,2.57,2.5719,22543,2021-07-22 13:40:00,OGI
2.5739,2.5858,2.5716,2.5858,14500,2021-07-22 13:41:00,OGI
2.58,2.5899,2.571,2.586,42929,2021-07-22 13:42:00,OGI
2.59,2.5901,2.5734,2.5779,22944,2021-07-22 13:43:00,OGI
2.58,2.5875,2.575,2.5763,22500,2021-07-22 13:44:00,OGI
2.5772,2.5772,2.57,2.5736,5905,2021-07-22 13:45:00,OGI
2.57,2.575,2.55,2.5645,50829,2021-07-22 13:46:00,OGI
2.565,2.5699,2.5599,2.5599,29022,2021-07-22 13:47:00,OGI
2.55,2.56,2.54,2.55,64369,2021-07-22 13:48:00,OGI
2.553,2.553,2.5421,2.5483,36704,2021-07-22 13:49:00,OGI
2.548,2.57,2.548,2.5573,28272,2021-07-22 13:50:00,OGI
2.55,2.5533,2.535,2.535,40137,2021-07-22 13:51:00,OGI
2.535,2.54,2.5316,2.535,15795,2021-07-22 13:52:00,OGI
2.5317,2.54,2.5317,2.539,16740,2021-07-22 13:53:00,OGI
2.54,2.55,2.54,2.5486,60082,2021-07-22 13:54:00,OGI
2.5482,2.5482,2.53,2.5466,22364,2021-07-22 13:55:00,OGI
2.55,2.56,2.545,2.545,23985,2021-07-22 13:56:00,OGI
2.5447,2.55,2.54,2.5439,29444,2021-07-22 13:57:00,OGI
2.54,2.5468,2.54,2.5468,3292,2021-07-22 13:58:00,OGI
2.5466,2.55,2.541,2.545,16201,2021-07-22 13:59:00,OGI
2.5437,2.5551,2.54,2.5433,22516,2021-07-22 14:00:00,OGI
2.54,2.5459,2.53,2.54,43364,2021-07-22 14:01:00,OGI
2.55,2.55,2.53,2.53,43831,2021-07-22 14:02:00,OGI
2.5399,2.54,2.5337,2.5378,16880,2021-07-22 14:03:00,OGI
2.535,2.537,2.53,2.537,16317,2021-07-22 14:04:00,OGI
2.54,2.5499,2.535,2.54,28224,2021-07-22 14:05:00,OGI
2.54,2.5433,2.53,2.5318,10346,2021-07-22 14:06:00,OGI
2.5316,2.535,2.521,2.525,28327,2021-07-22 14:07:00,OGI
2.53,2.54,2.53,2.53,47803,2021-07-22 14:08:00,OGI
2.54,2.54,2.5201,2.5201,33493,2021-07-22 14:09:00,OGI
2.5269,2.53,2.52,2.5223,45396,2021-07-22 14:10:00,OGI
2.52,2.5264,2.51,2.525,81666,2021-07-22 14:11:00,OGI
2.53,2.54,2.525,2.5301,31246,2021-07-22 14:12:00,OGI
2.5374,2.55,2.535,2.55,31129,2021-07-22 14:13:00,OGI
2.5464,2.55,2.53,2.53,40618,2021-07-22 14:14:00,OGI
2.533,2.5371,2.53,2.53,1800,2021-07-22 14:15:00,OGI
2.5329,2.5365,2.5329,2.5365,1390,2021-07-22 14:16:00,OGI
2.54,2.545,2.53,2.53,70899,2021-07-22 14:17:00,OGI
2.5324,2.535,2.52,2.5236,30675,2021-07-22 14:18:00,OGI
2.53,2.53,2.5235,2.5299,3800,2021-07-22 14:19:00,OGI
2.5285,2.529,2.51,2.51,36298,2021-07-22 14:20:00,OGI
2.515,2.52,2.51,2.51,3895,2021-07-22 14:21:00,OGI
2.52,2.52,2.51,2.5121,30616,2021-07-22 14:22:00,OGI
2.5176,2.5176,2.5012,2.505,42146,2021-07-22 14:23:00,OGI
2.505,2.52,2.505,2.51,20670,2021-07-22 14:24:00,OGI
2.52,2.52,2.5101,2.5101,19200,2021-07-22 14:25:00,OGI
2.52,2.52,2.51,2.5117,19985,2021-07-22 14:26:00,OGI
2.5128,2.5265,2.51,2.5265,41696,2021-07-22 14:27:00,OGI
2.53,2.53,2.51,2.51,18784,2021-07-22 14:28:00,OGI
2.5101,2.52,2.5101,2.5173,9349,2021-07-22 14:29:00,OGI
2.5136,2.52,2.51,2.52,17100,2021-07-22 14:30:00,OGI
2.5168,2.52,2.515,2.515,1130,2021-07-22 14:31:00,OGI
2.515,2.5165,2.51,2.515,10406,2021-07-22 14:32:00,OGI
2.52,2.52,2.5131,2.52,36211,2021-07-22 14:33:00,OGI
2.525,2.525,2.5125,2.515,42323,2021-07-22 14:34:00,OGI
2.5153,2.52,2.5101,2.515,8756,2021-07-22 14:35:00,OGI
2.52,2.525,2.513,2.525,27698,2021-07-22 14:36:00,OGI
2.525,2.53,2.5201,2.53,3219,2021-07-22 14:37:00,OGI
2.52,2.5201,2.5124,2.5124,14378,2021-07-22 14:38:00,OGI
2.5199,2.52,2.51,2.52,59299,2021-07-22 14:39:00,OGI
2.5178,2.52,2.5101,2.515,6971,2021-07-22 14:40:00,OGI
2.515,2.5284,2.515,2.5284,21603,2021-07-22 14:41:00,OGI
2.525,2.525,2.52,2.52,3100,2021-07-22 14:42:00,OGI
2.5295,2.5392,2.52,2.5218,40647,2021-07-22 14:43:00,OGI
2.52,2.5233,2.5101,2.5164,24097,2021-07-22 14:44:00,OGI
2.51,2.52,2.5,2.5061,29981,2021-07-22 14:45:00,OGI
2.5066,2.51,2.5018,2.5098,17400,2021-07-22 14:46:00,OGI
2.5099,2.51,2.505,2.51,6747,2021-07-22 14:47:00,OGI
2.51,2.52,2.505,2.505,14286,2021-07-22 14:48:00,OGI
2.51,2.51,2.505,2.505,2538,2021-07-22 14:49:00,OGI
2.505,2.51,2.5,2.5,16000,2021-07-22 14:50:00,OGI
2.5,2.5061,2.5,2.5,36038,2021-07-22 14:51:00,OGI
2.5049,2.51,2.5049,2.509,2850,2021-07-22 14:52:00,OGI
2.51,2.51,2.5,2.5,2500,2021-07-22 14:53:00,OGI
2.5035,2.509,2.5035,2.505,3075,2021-07-22 14:54:00,OGI
2.5037,2.5037,2.4932,2.4932,104097,2021-07-22 14:56:00,OGI
2.495,2.505,2.49,2.505,66683,2021-07-22 14:57:00,OGI
2.51,2.51,2.49,2.5,31426,2021-07-22 14:58:00,OGI
2.4935,2.5,2.4935,2.4964,2940,2021-07-22 14:59:00,OGI
2.5,2.5,2.493,2.4982,10700,2021-07-22 15:00:00,OGI
2.4966,2.509,2.4901,2.5033,47024,2021-07-22 15:01:00,OGI
2.5016,2.505,2.5,2.505,7175,2021-07-22 15:02:00,OGI
2.5039,2.51,2.5038,2.5074,3925,2021-07-22 15:03:00,OGI
2.5064,2.51,2.5,2.5,7900,2021-07-22 15:04:00,OGI
2.5045,2.5045,2.5045,2.5045,1000,2021-07-22 15:05:00,OGI
2.5032,2.507,2.495,2.495,32970,2021-07-22 15:06:00,OGI
2.5,2.5,2.4998,2.4998,1300,2021-07-22 15:07:00,OGI
2.5,2.5,2.5,2.5,2700,2021-07-22 15:08:00,OGI
2.5,2.5,2.49,2.4962,17566,2021-07-22 15:09:00,OGI
2.495,2.495,2.49,2.4917,22225,2021-07-22 15:10:00,OGI
2.5,2.5,2.49,2.497,5632,2021-07-22 15:11:00,OGI
2.49,2.5,2.49,2.497,7550,2021-07-22 15:12:00,OGI
2.5,2.5,2.49,2.49,15159,2021-07-22 15:13:00,OGI
2.495,2.4962,2.495,2.4962,900,2021-07-22 15:14:00,OGI
2.4942,2.4962,2.4901,2.4962,1154,2021-07-22 15:15:00,OGI
2.49,2.49,2.48,2.4866,62949,2021-07-22 15:16:00,OGI
2.49,2.49,2.483,2.49,17616,2021-07-22 15:17:00,OGI
2.49,2.5,2.485,2.497,14101,2021-07-22 15:18:00,OGI
2.4961,2.4967,2.49,2.4961,6590,2021-07-22 15:19:00,OGI
2.491,2.497,2.485,2.4868,15128,2021-07-22 15:20:00,OGI
2.4831,2.4831,2.48,2.48,10434,2021-07-22 15:21:00,OGI
2.48,2.49,2.48,2.485,4503,2021-07-22 15:22:00,OGI
2.487,2.4872,2.48,2.485,4589,2021-07-22 15:23:00,OGI
2.4884,2.49,2.48,2.4836,79417,2021-07-22 15:24:00,OGI
2.485,2.49,2.48,2.4868,13612,2021-07-22 15:25:00,OGI
2.49,2.49,2.48,2.49,16791,2021-07-22 15:26:00,OGI
2.4832,2.4872,2.48,2.4872,8614,2021-07-22 15:27:00,OGI
2.49,2.4962,2.48,2.495,42032,2021-07-22 15:28:00,OGI
2.49,2.5,2.49,2.4965,7224,2021-07-22 15:29:00,OGI
2.5,2.5,2.49,2.4939,8150,2021-07-22 15:30:00,OGI
2.495,2.5025,2.49,2.5025,30530,2021-07-22 15:31:00,OGI
2.505,2.51,2.5001,2.51,9164,2021-07-22 15:32:00,OGI
2.505,2.5073,2.505,2.5073,3199,2021-07-22 15:33:00,OGI
2.5031,2.505,2.5031,2.505,1042,2021-07-22 15:34:00,OGI
2.5062,2.52,2.5,2.5124,63162,2021-07-22 15:35:00,OGI
2.5198,2.527,2.51,2.52,77786,2021-07-22 15:36:00,OGI
2.52,2.5299,2.51,2.52,23245,2021-07-22 15:37:00,OGI
2.515,2.525,2.515,2.523,12975,2021-07-22 15:38:00,OGI
2.5202,2.525,2.52,2.5201,14313,2021-07-22 15:39:00,OGI
2.5267,2.53,2.52,2.53,22101,2021-07-22 15:40:00,OGI
2.53,2.53,2.52,2.525,10231,2021-07-22 15:41:00,OGI
2.5201,2.53,2.5201,2.525,9200,2021-07-22 15:42:00,OGI
2.5286,2.5379,2.52,2.5379,25736,2021-07-22 15:43:00,OGI
2.5383,2.5383,2.53,2.53,4000,2021-07-22 15:44:00,OGI
2.53,2.5399,2.53,2.5339,4664,2021-07-22 15:45:00,OGI
2.5378,2.5399,2.53,2.5362,10500,2021-07-22 15:46:00,OGI
2.537,2.537,2.53,2.535,4423,2021-07-22 15:47:00,OGI
2.53,2.5466,2.53,2.5466,20872,2021-07-22 15:48:00,OGI
2.545,2.545,2.54,2.54,3604,2021-07-22 15:49:00,OGI
2.5401,2.5439,2.535,2.535,29958,2021-07-22 15:50:00,OGI
2.5317,2.54,2.5317,2.5389,16092,2021-07-22 15:51:00,OGI
2.5331,2.535,2.53,2.535,2966,2021-07-22 15:52:00,OGI
2.54,2.54,2.535,2.535,2400,2021-07-22 15:53:00,OGI
2.535,2.54,2.535,2.5387,11700,2021-07-22 15:54:00,OGI
2.53,2.547,2.53,2.5417,11791,2021-07-22 15:55:00,OGI
2.54,2.5499,2.54,2.5499,2108,2021-07-22 15:56:00,OGI
2.54,2.545,2.54,2.541,11800,2021-07-22 15:57:00,OGI
2.545,2.545,2.54,2.54,5533,2021-07-22 15:58:00,OGI
2.54,2.5427,2.54,2.5427,1962,2021-07-22 15:59:00,OGI
2.54,2.545,2.54,2.545,596,2021-07-22 16:00:00,OGI
2.54,2.5499,2.54,2.54,1536,2021-07-22 16:01:00,OGI
2.54,2.54,2.53,2.535,27932,2021-07-22 16:02:00,OGI
2.535,2.535,2.535,2.535,200,2021-07-22 16:03:00,OGI
2.5337,2.5337,2.525,2.525,10102,2021-07-22 16:04:00,OGI
2.53,2.53,2.525,2.53,919,2021-07-22 16:05:00,OGI
2.52,2.52,2.52,2.52,100,2021-07-22 16:06:00,OGI
2.5263,2.5263,2.5263,2.5263,100,2021-07-22 16:07:00,OGI
2.5229,2.5299,2.52,2.52,8238,2021-07-22 16:08:00,OGI
2.52,2.5224,2.52,2.5224,1025,2021-07-22 16:09:00,OGI
2.5263,2.5271,2.51,2.515,29400,2021-07-22 16:10:00,OGI
2.52,2.52,2.51,2.5177,17984,2021-07-22 16:11:00,OGI
2.5236,2.53,2.51,2.51,21071,2021-07-22 16:12:00,OGI
2.5166,2.5166,2.5166,2.5166,500,2021-07-22 16:13:00,OGI
2.515,2.515,2.515,2.515,100,2021-07-22 16:15:00,OGI
2.5136,2.5136,2.5136,2.5136,300,2021-07-22 16:16:00,OGI
2.51,2.52,2.51,2.52,5600,2021-07-22 16:17:00,OGI
2.52,2.52,2.5176,2.5176,500,2021-07-22 16:18:00,OGI
2.51,2.5199,2.51,2.5199,2600,2021-07-22 16:19:00,OGI
2.5199,2.5199,2.505,2.5098,21657,2021-07-22 16:20:00,OGI
2.5,2.504,2.5,2.5037,5176,2021-07-22 16:21:00,OGI
2.5077,2.5099,2.505,2.505,1500,2021-07-22 16:22:00,OGI
2.505,2.51,2.5,2.51,28228,2021-07-22 16:23:00,OGI
2.5132,2.517,2.511,2.515,5745,2021-07-22 16:24:00,OGI
2.515,2.52,2.51,2.515,41761,2021-07-22 16:25:00,OGI
2.515,2.5171,2.51,2.5171,3000,2021-07-22 16:26:00,OGI
2.515,2.5169,2.51,2.51,5200,2021-07-22 16:27:00,OGI
2.5128,2.5172,2.51,2.5172,1900,2021-07-22 16:28:00,OGI
2.51,2.515,2.51,2.51,3900,2021-07-22 16:29:00,OGI
2.515,2.5166,2.515,2.515,1000,2021-07-22 16:30:00,OGI
2.5175,2.52,2.51,2.5167,2700,2021-07-22 16:31:00,OGI
2.52,2.53,2.52,2.525,29833,2021-07-22 16:32:00,OGI
2.53,2.53,2.52,2.53,13300,2021-07-22 16:33:00,OGI
2.5266,2.53,2.5236,2.5285,9250,2021-07-22 16:34:00,OGI
2.5258,2.5258,2.521,2.521,835,2021-07-22 16:35:00,OGI
2.5236,2.53,2.52,2.5263,4477,2021-07-22 16:36:00,OGI
2.525,2.54,2.52,2.535,11800,2021-07-22 16:37:00,OGI
2.5301,2.54,2.5301,2.54,1400,2021-07-22 16:38:00,OGI
2.531,2.54,2.531,2.5375,3924,2021-07-22 16:39:00,OGI
2.54,2.54,2.5301,2.5301,10995,2021-07-22 16:40:00,OGI
2.539,2.5399,2.53,2.5362,2300,2021-07-22 16:41:00,OGI
2.5301,2.54,2.53,2.535,15700,2021-07-22 16:42:00,OGI
2.535,2.535,2.5327,2.535,2300,2021-07-22 16:43:00,OGI
2.535,2.535,2.535,2.535,100,2021-07-22 16:44:00,OGI
2.5328,2.5328,2.5328,2.5328,651,2021-07-22 16:45:00,OGI
2.5301,2.5301,2.5301,2.5301,500,2021-07-22 16:47:00,OGI
2.53,2.53,2.53,2.53,3400,2021-07-22 16:48:00,OGI
2.5333,2.5333,2.5333,2.5333,166,2021-07-22 16:49:00,OGI
2.53,2.535,2.53,2.535,400,2021-07-22 16:50:00,OGI
2.5301,2.5301,2.53,2.53,300,2021-07-22 16:51:00,OGI
2.5331,2.5331,2.5331,2.5331,100,2021-07-22 16:52:00,OGI
2.53,2.53,2.53,2.53,4301,2021-07-22 16:53:00,OGI
2.5314,2.5314,2.5314,2.5314,2000,2021-07-22 16:55:00,OGI
2.53,2.53,2.53,2.53,130,2021-07-22 16:56:00,OGI
2.53,2.53,2.53,2.53,3500,2021-07-22 16:57:00,OGI
2.53,2.5368,2.53,2.5368,2700,2021-07-22 16:58:00,OGI
2.54,2.54,2.53,2.53,1976,2021-07-22 16:59:00,OGI
2.5365,2.5365,2.5339,2.5339,200,2021-07-22 17:00:00,OGI
2.535,2.535,2.535,2.535,816,2021-07-22 17:01:00,OGI
2.54,2.545,2.54,2.54,44032,2021-07-22 17:02:00,OGI
2.543,2.55,2.54,2.544,9200,2021-07-22 17:03:00,OGI
2.541,2.545,2.54,2.5428,2031,2021-07-22 17:04:00,OGI
2.55,2.55,2.5424,2.545,5700,2021-07-22 17:06:00,OGI
2.545,2.55,2.545,2.545,5000,2021-07-22 17:07:00,OGI
2.545,2.545,2.541,2.5434,1100,2021-07-22 17:08:00,OGI
2.5408,2.5499,2.54,2.54,42719,2021-07-22 17:09:00,OGI
2.55,2.55,2.545,2.548,5193,2021-07-22 17:10:00,OGI
2.5472,2.5472,2.5472,2.5472,1000,2021-07-22 17:11:00,OGI
2.5444,2.56,2.5436,2.5549,88595,2021-07-22 17:12:00,OGI
2.551,2.5562,2.551,2.5535,3325,2021-07-22 17:13:00,OGI
2.5536,2.56,2.551,2.551,1000,2021-07-22 17:14:00,OGI
2.555,2.555,2.5501,2.555,3571,2021-07-22 17:15:00,OGI
2.555,2.56,2.55,2.56,4951,2021-07-22 17:16:00,OGI
2.5584,2.5584,2.555,2.555,12000,2021-07-22 17:17:00,OGI
2.555,2.5571,2.55,2.55,4800,2021-07-22 17:18:00,OGI
2.5514,2.5567,2.55,2.55,10600,2021-07-22 17:19:00,OGI
2.555,2.5566,2.5538,2.5538,1097,2021-07-22 17:20:00,OGI
2.556,2.556,2.5532,2.5534,6200,2021-07-22 17:21:00,OGI
2.55,2.5501,2.55,2.5501,397,2021-07-22 17:22:00,OGI
2.5532,2.555,2.5532,2.555,1910,2021-07-22 17:23:00,OGI
2.55,2.55,2.54,2.54,12240,2021-07-22 17:24:00,OGI
2.5433,2.5433,2.5433,2.5433,395,2021-07-22 17:25:00,OGI
2.54,2.54,2.54,2.54,100,2021-07-22 17:26:00,OGI
2.545,2.5499,2.545,2.5499,1600,2021-07-22 17:27:00,OGI
2.54,2.54,2.54,2.54,4600,2021-07-22 17:28:00,OGI
2.545,2.545,2.5437,2.5437,300,2021-07-22 17:29:00,OGI
2.545,2.5471,2.545,2.5471,2915,2021-07-22 17:30:00,OGI
2.547,2.547,2.547,2.547,200,2021-07-22 17:31:00,OGI
2.5466,2.5474,2.5401,2.5474,1747,2021-07-22 17:32:00,OGI
2.5434,2.545,2.5434,2.545,596,2021-07-22 17:33:00,OGI
2.5452,2.5452,2.54,2.54,5217,2021-07-22 17:34:00,OGI
2.5401,2.5401,2.5401,2.5401,3000,2021-07-22 17:35:00,OGI
2.54,2.54,2.54,2.54,100,2021-07-22 17:36:00,OGI
2.5419,2.5419,2.5419,2.5419,1000,2021-07-22 17:37:00,OGI
2.54,2.54,2.53,2.53,12182,2021-07-22 17:38:00,OGI
2.5362,2.5362,2.5339,2.5339,200,2021-07-22 17:39:00,OGI
2.5399,2.5399,2.533,2.533,6000,2021-07-22 17:40:00,OGI
2.539,2.539,2.5301,2.5369,1250,2021-07-22 17:41:00,OGI
2.53,2.5399,2.52,2.5264,16596,2021-07-22 17:42:00,OGI
2.525,2.53,2.525,2.529,708,2021-07-22 17:43:00,OGI
2.525,2.525,2.5234,2.5234,2200,2021-07-22 17:44:00,OGI
2.52,2.52,2.52,2.52,600,2021-07-22 17:45:00,OGI
2.525,2.525,2.525,2.525,2000,2021-07-22 17:46:00,OGI
2.5271,2.5271,2.5271,2.5271,1000,2021-07-22 17:47:00,OGI
2.525,2.53,2.5201,2.5201,3077,2021-07-22 17:48:00,OGI
2.5269,2.53,2.52,2.52,4816,2021-07-22 17:49:00,OGI
2.525,2.53,2.52,2.5229,7450,2021-07-22 17:50:00,OGI
2.5262,2.5262,2.525,2.525,350,2021-07-22 17:52:00,OGI
2.5201,2.535,2.5201,2.535,38090,2021-07-22 17:54:00,OGI
2.53,2.5333,2.52,2.5201,18765,2021-07-22 17:55:00,OGI
2.525,2.525,2.5229,2.5229,1000,2021-07-22 17:56:00,OGI
2.5229,2.5229,2.5229,2.5229,903,2021-07-22 17:57:00,OGI
2.5299,2.5299,2.5299,2.5299,400,2021-07-22 17:58:00,OGI
2.5232,2.5271,2.5232,2.5271,5564,2021-07-22 18:00:00,OGI
2.5261,2.5261,2.525,2.525,547,2021-07-22 18:02:00,OGI
2.5236,2.5236,2.5236,2.5236,3101,2021-07-22 18:03:00,OGI
2.526,2.526,2.525,2.525,300,2021-07-22 18:05:00,OGI
2.53,2.53,2.52,2.525,2805,2021-07-22 18:07:00,OGI
2.52,2.52,2.52,2.52,10200,2021-07-22 18:08:00,OGI
2.52,2.5266,2.52,2.5266,590,2021-07-22 18:09:00,OGI
2.525,2.525,2.5237,2.5237,896,2021-07-22 18:10:00,OGI
2.525,2.53,2.523,2.53,25360,2021-07-22 18:13:00,OGI
2.54,2.54,2.53,2.5385,15800,2021-07-22 18:15:00,OGI
2.531,2.54,2.531,2.535,19000,2021-07-22 18:16:00,OGI
2.533,2.54,2.533,2.539,2692,2021-07-22 18:17:00,OGI
2.533,2.533,2.533,2.533,500,2021-07-22 18:18:00,OGI
2.5377,2.54,2.5321,2.54,11309,2021-07-22 18:19:00,OGI
2.535,2.535,2.5327,2.5327,1500,2021-07-22 18:21:00,OGI
2.54,2.54,2.54,2.54,609,2021-07-22 18:22:00,OGI
2.5331,2.5331,2.5331,2.5331,500,2021-07-22 18:23:00,OGI
2.54,2.54,2.5332,2.54,4675,2021-07-22 18:24:00,OGI
2.535,2.535,2.535,2.535,100,2021-07-22 18:25:00,OGI
2.53,2.53,2.53,2.53,3100,2021-07-22 18:27:00,OGI
2.534,2.5362,2.534,2.5362,301,2021-07-22 18:28:00,OGI
2.5362,2.5362,2.5362,2.5362,110,2021-07-22 18:30:00,OGI
2.535,2.535,2.535,2.535,3000,2021-07-22 18:31:00,OGI
2.5362,2.5362,2.5362,2.5362,100,2021-07-22 18:32:00,OGI
2.5337,2.5337,2.5337,2.5337,100,2021-07-22 18:33:00,OGI
2.535,2.535,2.535,2.535,600,2021-07-22 18:34:00,OGI
2.535,2.5362,2.535,2.5362,700,2021-07-22 18:35:00,OGI
2.535,2.535,2.535,2.535,369,2021-07-22 18:36:00,OGI
2.5336,2.5336,2.5333,2.5333,545,2021-07-22 18:37:00,OGI
2.53,2.53,2.525,2.53,30976,2021-07-22 18:39:00,OGI
2.5294,2.53,2.525,2.5299,11434,2021-07-22 18:40:00,OGI
2.5299,2.5299,2.5236,2.5236,309,2021-07-22 18:41:00,OGI
2.525,2.53,2.525,2.53,200,2021-07-22 18:42:00,OGI
2.5236,2.53,2.52,2.53,2281,2021-07-22 18:43:00,OGI
2.5224,2.5224,2.5224,2.5224,1263,2021-07-22 18:44:00,OGI
2.525,2.53,2.525,2.53,644,2021-07-22 18:45:00,OGI
2.53,2.53,2.5219,2.5237,3900,2021-07-22 18:47:00,OGI
2.5283,2.53,2.5221,2.53,2751,2021-07-22 18:48:00,OGI
2.5263,2.53,2.525,2.525,2100,2021-07-22 18:49:00,OGI
2.5299,2.53,2.5263,2.5263,1500,2021-07-22 18:50:00,OGI
2.5282,2.53,2.523,2.523,2500,2021-07-22 18:51:00,OGI
2.525,2.525,2.525,2.525,1700,2021-07-22 18:52:00,OGI
2.5238,2.5238,2.52,2.52,300,2021-07-22 18:53:00,OGI
2.53,2.53,2.5239,2.5239,1699,2021-07-22 18:54:00,OGI
2.53,2.535,2.5216,2.5336,24242,2021-07-22 18:55:00,OGI
2.5301,2.54,2.5301,2.5337,7500,2021-07-22 18:56:00,OGI
2.5339,2.54,2.53,2.535,3512,2021-07-22 18:57:00,OGI
2.535,2.535,2.535,2.535,106,2021-07-22 18:58:00,OGI
2.535,2.54,2.5313,2.535,16217,2021-07-22 18:59:00,OGI
2.54,2.545,2.535,2.545,54984,2021-07-22 19:00:00,OGI
2.55,2.55,2.545,2.545,2970,2021-07-22 19:01:00,OGI
2.547,2.547,2.54,2.54,2600,2021-07-22 19:02:00,OGI
2.55,2.55,2.5429,2.547,1614,2021-07-22 19:03:00,OGI
2.545,2.545,2.545,2.545,700,2021-07-22 19:04:00,OGI
2.54,2.54,2.535,2.535,12452,2021-07-22 19:06:00,OGI
2.5395,2.5395,2.5395,2.5395,258,2021-07-22 19:08:00,OGI
2.5372,2.5372,2.535,2.535,1100,2021-07-22 19:09:00,OGI
2.533,2.536,2.5301,2.536,1090,2021-07-22 19:10:00,OGI
2.53,2.535,2.53,2.535,760,2021-07-22 19:12:00,OGI
2.535,2.535,2.53,2.535,400,2021-07-22 19:13:00,OGI
2.5381,2.5381,2.5335,2.5335,400,2021-07-22 19:14:00,OGI
2.535,2.54,2.5335,2.535,1500,2021-07-22 19:15:00,OGI
2.54,2.54,2.54,2.54,2500,2021-07-22 19:16:00,OGI
2.5363,2.5363,2.53,2.53,3696,2021-07-22 19:17:00,OGI
2.535,2.535,2.532,2.535,800,2021-07-22 19:18:00,OGI
2.53,2.5358,2.53,2.5358,2290,2021-07-22 19:19:00,OGI
2.5361,2.5399,2.5361,2.5399,400,2021-07-22 19:20:00,OGI
2.5349,2.54,2.5349,2.54,270,2021-07-22 19:21:00,OGI
2.54,2.54,2.54,2.54,250,2021-07-22 19:22:00,OGI
2.535,2.535,2.535,2.535,1400,2021-07-22 19:23:00,OGI
2.535,2.54,2.535,2.54,400,2021-07-22 19:24:00,OGI
2.53,2.535,2.53,2.535,1150,2021-07-22 19:25:00,OGI
2.53,2.54,2.53,2.54,500,2021-07-22 19:26:00,OGI
2.54,2.547,2.535,2.547,42137,2021-07-22 19:27:00,OGI
2.54,2.5401,2.53,2.54,34300,2021-07-22 19:29:00,OGI
2.535,2.5399,2.53,2.5399,4378,2021-07-22 19:30:00,OGI
2.535,2.537,2.53,2.537,3346,2021-07-22 19:31:00,OGI
2.53,2.54,2.53,2.53,1743,2021-07-22 19:32:00,OGI
2.53,2.53,2.52,2.52,41235,2021-07-22 19:33:00,OGI
2.525,2.5299,2.52,2.52,25650,2021-07-22 19:34:00,OGI
2.52,2.52,2.52,2.52,200,2021-07-22 19:35:00,OGI
2.5207,2.5207,2.52,2.52,600,2021-07-22 19:36:00,OGI
2.52,2.5264,2.52,2.5264,618,2021-07-22 19:37:00,OGI
2.5268,2.5268,2.525,2.525,896,2021-07-22 19:38:00,OGI
2.52,2.52,2.5111,2.5111,66163,2021-07-22 19:40:00,OGI
2.5101,2.515,2.5101,2.515,700,2021-07-22 19:41:00,OGI
2.5174,2.52,2.515,2.515,2573,2021-07-22 19:42:00,OGI
2.515,2.5199,2.5128,2.5128,3500,2021-07-22 19:43:00,OGI
2.515,2.52,2.515,2.515,514,2021-07-22 19:44:00,OGI
2.515,2.52,2.515,2.52,305,2021-07-22 19:45:00,OGI
2.5199,2.52,2.5136,2.515,719,2021-07-22 19:46:00,OGI
2.515,2.515,2.5101,2.515,600,2021-07-22 19:47:00,OGI
2.515,2.5198,2.5136,2.515,4595,2021-07-22 19:48:00,OGI
2.5168,2.5199,2.515,2.5199,3238,2021-07-22 19:49:00,OGI
2.52,2.52,2.51,2.51,9262,2021-07-22 19:50:00,OGI
2.515,2.515,2.515,2.515,19200,2021-07-22 19:51:00,OGI
2.51,2.5199,2.51,2.51,90270,2021-07-22 19:52:00,OGI
2.51,2.517,2.51,2.51,3775,2021-07-22 19:53:00,OGI
2.5139,2.5139,2.51,2.51,1500,2021-07-22 19:54:00,OGI
2.511,2.52,2.5067,2.5067,34318,2021-07-22 19:55:00,OGI
2.5075,2.51,2.5,2.5,16675,2021-07-22 19:56:00,OGI
2.5084,2.51,2.5,2.505,45053,2021-07-22 19:57:00,OGI
2.505,2.51,2.5,2.505,20928,2021-07-22 19:58:00,OGI
2.51,2.51,2.5,2.5,100692,2021-07-22 19:59:00,OGI
2.5,2.5,2.5,2.5,25390,2021-07-22 20:00:00,OGI
2.51,2.52,2.51,2.52,3099,2021-07-22 20:07:00,OGI
2.5099,2.5099,2.5099,2.5099,2000,2021-07-22 20:18:00,OGI
2.51,2.51,2.51,2.51,1000,2021-07-22 20:20:00,OGI
2.5,2.5,2.5,2.5,400,2021-07-22 20:33:00,OGI
2.5099,2.5099,2.5099,2.5099,100,2021-07-22 20:47:00,OGI
2.5099,2.51,2.5099,2.51,7000,2021-07-22 20:57:00,OGI
2.51,2.51,2.51,2.51,100,2021-07-22 21:03:00,OGI
2.51,2.51,2.51,2.51,1000,2021-07-22 21:16:00,OGI
2.5001,2.5001,2.5001,2.5001,2278,2021-07-22 21:25:00,OGI
2.51,2.51,2.51,2.51,777,2021-07-22 21:52:00,OGI
2.51,2.51,2.51,2.51,198,2021-07-22 22:01:00,OGI
2.51,2.51,2.51,2.51,302,2021-07-22 22:02:00,OGI
2.52,2.52,2.52,2.52,10000,2021-07-22 22:08:00,OGI
2.52,2.52,2.52,2.52,150,2021-07-22 22:10:00,OGI
2.52,2.52,2.52,2.52,826,2021-07-22 22:17:00,OGI
2.51,2.51,2.51,2.51,298,2021-07-22 22:35:00,OGI
2.52,2.52,2.52,2.52,6250,2021-07-22 23:26:00,OGI
2.51,2.51,2.51,2.51,1000,2021-07-22 23:44:00,OGI
2.51,2.51,2.51,2.51,150,2021-07-22 23:50:00,OGI
2.5,2.5,2.5,2.5,400,2021-07-23 08:01:00,OGI
2.49,2.49,2.49,2.49,500,2021-07-23 11:00:00,OGI
2.5,2.5,2.5,2.5,320,2021-07-23 11:05:00,OGI
2.51,2.51,2.51,2.51,1995,2021-07-23 12:00:00,OGI
2.52,2.52,2.52,2.52,400,2021-07-23 12:08:00,OGI
2.52,2.52,2.52,2.52,100,2021-07-23 12:11:00,OGI
2.5,2.5,2.5,2.5,200,2021-07-23 12:35:00,OGI
2.5,2.5,2.5,2.5,200,2021-07-23 12:57:00,OGI
2.52,2.52,2.52,2.52,100,2021-07-23 12:58:00,OGI
2.5,2.5,2.5,2.5,274,2021-07-23 13:04:00,OGI
2.5,2.5,2.5,2.5,1100,2021-07-23 13:17:00,OGI
2.5,2.5,2.5,2.5,1000,2021-07-23 13:19:00,OGI
2.52,2.52,2.52,2.52,2000,2021-07-23 13:24:00,OGI
2.52,2.52,2.5022,2.5022,26859,2021-07-23 13:30:00,OGI
2.505,2.505,2.49,2.495,44417,2021-07-23 13:31:00,OGI
2.495,2.4988,2.4817,2.49,31022,2021-07-23 13:32:00,OGI
2.4918,2.515,2.49,2.4934,32730,2021-07-23 13:33:00,OGI
2.4918,2.4999,2.49,2.4959,17600,2021-07-23 13:34:00,OGI
2.49,2.4901,2.48,2.4816,23861,2021-07-23 13:35:00,OGI
2.485,2.49,2.4701,2.485,63505,2021-07-23 13:36:00,OGI
2.4834,2.4834,2.47,2.47,8179,2021-07-23 13:37:00,OGI
2.4726,2.48,2.47,2.4799,22940,2021-07-23 13:38:00,OGI
2.475,2.485,2.47,2.4792,24449,2021-07-23 13:39:00,OGI
2.475,2.4878,2.47,2.481,44379,2021-07-23 13:40:00,OGI
2.48,2.5,2.475,2.497,32828,2021-07-23 13:41:00,OGI
2.495,2.4994,2.475,2.4786,43422,2021-07-23 13:42:00,OGI
2.475,2.4824,2.47,2.4819,17102,2021-07-23 13:43:00,OGI
2.485,2.5,2.48,2.4976,34770,2021-07-23 13:44:00,OGI
2.4962,2.5088,2.49,2.5088,19500,2021-07-23 13:45:00,OGI
2.5021,2.505,2.483,2.4936,12055,2021-07-23 13:46:00,OGI
2.497,2.5,2.48,2.48,16700,2021-07-23 13:47:00,OGI
2.48,2.49,2.48,2.49,6500,2021-07-23 13:48:00,OGI
2.481,2.481,2.47,2.47,20021,2021-07-23 13:49:00,OGI
2.475,2.4799,2.47,2.4706,11212,2021-07-23 13:50:00,OGI
2.48,2.48,2.47,2.47,1215,2021-07-23 13:51:00,OGI
2.48,2.48,2.46,2.4693,9243,2021-07-23 13:52:00,OGI
2.4699,2.47,2.46,2.465,16216,2021-07-23 13:53:00,OGI
2.4662,2.47,2.46,2.4673,6450,2021-07-23 13:54:00,OGI
2.47,2.47,2.46,2.465,7400,2021-07-23 13:55:00,OGI
2.4625,2.47,2.46,2.465,19612,2021-07-23 13:56:00,OGI
2.4682,2.47,2.46,2.467,13519,2021-07-23 13:57:00,OGI
2.465,2.465,2.45,2.45,47393,2021-07-23 13:58:00,OGI
2.46,2.46,2.4524,2.46,17113,2021-07-23 13:59:00,OGI
2.455,2.46,2.45,2.4533,56476,2021-07-23 14:00:00,OGI
2.4539,2.4539,2.44,2.4464,77283,2021-07-23 14:01:00,OGI
2.4481,2.4481,2.44,2.44,7075,2021-07-23 14:02:00,OGI
2.445,2.46,2.445,2.455,30514,2021-07-23 14:03:00,OGI
2.46,2.4636,2.44,2.44,56015,2021-07-23 14:04:00,OGI
2.44,2.44,2.4308,2.4318,15699,2021-07-23 14:05:00,OGI
2.4369,2.44,2.43,2.43,8200,2021-07-23 14:06:00,OGI
2.435,2.4365,2.43,2.43,37600,2021-07-23 14:07:00,OGI
2.43,2.4373,2.43,2.435,24951,2021-07-23 14:08:00,OGI
2.4384,2.44,2.43,2.4319,15382,2021-07-23 14:09:00,OGI
2.43,2.44,2.43,2.435,40630,2021-07-23 14:10:00,OGI
2.435,2.4464,2.435,2.44,44550,2021-07-23 14:11:00,OGI
2.45,2.45,2.435,2.435,39519,2021-07-23 14:12:00,OGI
2.433,2.44,2.43,2.435,27337,2021-07-23 14:13:00,OGI
2.4375,2.44,2.4327,2.435,20718,2021-07-23 14:14:00,OGI
2.435,2.44,2.435,2.44,9748,2021-07-23 14:15:00,OGI
2.44,2.45,2.435,2.45,16811,2021-07-23 14:16:00,OGI
2.4485,2.46,2.4485,2.45,52096,2021-07-23 14:17:00,OGI
2.445,2.447,2.44,2.44,17852,2021-07-23 14:18:00,OGI
2.45,2.45,2.44,2.4469,7968,2021-07-23 14:19:00,OGI
2.4439,2.45,2.44,2.44,20294,2021-07-23 14:20:00,OGI
2.44,2.45,2.44,2.44,22110,2021-07-23 14:21:00,OGI
2.45,2.45,2.44,2.4487,5919,2021-07-23 14:22:00,OGI
2.4461,2.45,2.44,2.445,13816,2021-07-23 14:23:00,OGI
2.4423,2.45,2.44,2.45,6900,2021-07-23 14:24:00,OGI
2.448,2.45,2.443,2.4439,6734,2021-07-23 14:25:00,OGI
2.4499,2.4499,2.4437,2.4437,6424,2021-07-23 14:26:00,OGI
2.4463,2.46,2.443,2.4578,43136,2021-07-23 14:27:00,OGI
2.46,2.4681,2.455,2.467,33017,2021-07-23 14:28:00,OGI
2.465,2.47,2.46,2.465,17290,2021-07-23 14:29:00,OGI
2.4634,2.465,2.4531,2.4531,15517,2021-07-23 14:30:00,OGI
2.455,2.46,2.45,2.4566,14296,2021-07-23 14:31:00,OGI
2.4615,2.47,2.461,2.465,17500,2021-07-23 14:32:00,OGI
2.46,2.475,2.46,2.4724,34055,2021-07-23 14:33:00,OGI
2.475,2.4784,2.47,2.4761,14511,2021-07-23 14:34:00,OGI
2.48,2.48,2.47,2.47,4987,2021-07-23 14:35:00,OGI
2.471,2.48,2.47,2.47,5519,2021-07-23 14:36:00,OGI
2.475,2.4771,2.47,2.47,22926,2021-07-23 14:37:00,OGI
2.475,2.48,2.47,2.476,2929,2021-07-23 14:38:00,OGI
2.474,2.475,2.474,2.475,551,2021-07-23 14:39:00,OGI
2.47,2.475,2.47,2.475,4306,2021-07-23 14:40:00,OGI
2.4737,2.475,2.47,2.475,9991,2021-07-23 14:41:00,OGI
2.47,2.47,2.47,2.47,1620,2021-07-23 14:42:00,OGI
2.47,2.47,2.46,2.46,12113,2021-07-23 14:43:00,OGI
2.46,2.465,2.46,2.46,1590,2021-07-23 14:44:00,OGI
2.464,2.4664,2.46,2.46,1164,2021-07-23 14:45:00,OGI
2.46,2.465,2.46,2.465,3900,2021-07-23 14:46:00,OGI
2.462,2.4663,2.46,2.4627,4313,2021-07-23 14:47:00,OGI
2.465,2.465,2.461,2.4643,1400,2021-07-23 14:48:00,OGI
2.46,2.46,2.46,2.46,6817,2021-07-23 14:49:00,OGI
2.4557,2.4557,2.4549,2.4549,3300,2021-07-23 14:50:00,OGI
2.46,2.46,2.45,2.455,14764,2021-07-23 14:51:00,OGI
2.451,2.457,2.44,2.445,50473,2021-07-23 14:52:00,OGI
2.4471,2.45,2.4401,2.445,3330,2021-07-23 14:53:00,OGI
2.441,2.45,2.441,2.445,5884,2021-07-23 14:54:00,OGI
2.445,2.445,2.4401,2.4401,1200,2021-07-23 14:55:00,OGI
2.4401,2.4469,2.44,2.446,11300,2021-07-23 14:56:00,OGI
2.45,2.45,2.4434,2.4437,4790,2021-07-23 14:57:00,OGI
2.447,2.449,2.44,2.4437,1449,2021-07-23 14:58:00,OGI
2.45,2.45,2.4437,2.4437,1296,2021-07-23 14:59:00,OGI
2.4495,2.4499,2.44,2.4432,2573,2021-07-23 15:00:00,OGI
2.4465,2.45,2.44,2.45,41350,2021-07-23 15:01:00,OGI
2.445,2.45,2.445,2.4468,15592,2021-07-23 15:02:00,OGI
2.45,2.45,2.44,2.4461,20033,2021-07-23 15:03:00,OGI
2.448,2.448,2.448,2.448,6000,2021-07-23 15:04:00,OGI
2.4419,2.45,2.4419,2.45,6275,2021-07-23 15:05:00,OGI
2.445,2.445,2.4436,2.445,4153,2021-07-23 15:06:00,OGI
2.45,2.45,2.44,2.4469,6678,2021-07-23 15:07:00,OGI
2.447,2.45,2.44,2.449,8200,2021-07-23 15:08:00,OGI
2.4436,2.4499,2.4436,2.4499,6194,2021-07-23 15:09:00,OGI
2.4471,2.4471,2.44,2.44,304,2021-07-23 15:10:00,OGI
2.4422,2.4469,2.4422,2.4469,4600,2021-07-23 15:11:00,OGI
2.445,2.445,2.44,2.445,7920,2021-07-23 15:12:00,OGI
2.4472,2.45,2.447,2.45,27714,2021-07-23 15:13:00,OGI
2.45,2.45,2.45,2.45,3900,2021-07-23 15:14:00,OGI
2.45,2.45,2.4428,2.445,12564,2021-07-23 15:15:00,OGI
2.4471,2.4581,2.445,2.451,23620,2021-07-23 15:16:00,OGI
2.4527,2.4563,2.4515,2.4563,5500,2021-07-23 15:17:00,OGI
2.4527,2.4527,2.4504,2.4522,2500,2021-07-23 15:18:00,OGI
2.457,2.46,2.4532,2.455,20192,2021-07-23 15:19:00,OGI
2.4535,2.46,2.4526,2.4526,5481,2021-07-23 15:20:00,OGI
2.455,2.4599,2.45,2.455,4540,2021-07-23 15:21:00,OGI
2.4576,2.4576,2.451,2.455,4805,2021-07-23 15:22:00,OGI
2.457,2.4599,2.45,2.45,26954,2021-07-23 15:23:00,OGI
2.455,2.455,2.44,2.4428,51090,2021-07-23 15:24:00,OGI
2.445,2.445,2.445,2.445,246,2021-07-23 15:25:00,OGI
2.4482,2.4482,2.44,2.446,7866,2021-07-23 15:26:00,OGI
2.445,2.45,2.445,2.445,4680,2021-07-23 15:27:00,OGI
2.4468,2.45,2.4425,2.445,12413,2021-07-23 15:28:00,OGI
2.4437,2.445,2.4415,2.445,55100,2021-07-23 15:29:00,OGI
2.445,2.445,2.44,2.445,4000,2021-07-23 15:30:00,OGI
2.45,2.45,2.4422,2.4478,9975,2021-07-23 15:31:00,OGI
2.4401,2.4499,2.4401,2.446,8700,2021-07-23 15:32:00,OGI
2.445,2.445,2.44,2.4401,868,2021-07-23 15:33:00,OGI
2.4416,2.45,2.44,2.4401,26102,2021-07-23 15:34:00,OGI
2.445,2.4673,2.44,2.4632,82403,2021-07-23 15:35:00,OGI
2.46,2.47,2.46,2.465,9000,2021-07-23 15:36:00,OGI
2.47,2.47,2.46,2.465,3784,2021-07-23 15:37:00,OGI
2.465,2.4785,2.465,2.4737,23275,2021-07-23 15:38:00,OGI
2.4739,2.48,2.47,2.4793,15260,2021-07-23 15:39:00,OGI
2.4775,2.4799,2.4736,2.4736,1700,2021-07-23 15:40:00,OGI
2.475,2.4761,2.4701,2.4701,9500,2021-07-23 15:41:00,OGI
2.475,2.49,2.4701,2.485,129659,2021-07-23 15:42:00,OGI
2.481,2.49,2.47,2.47,33460,2021-07-23 15:43:00,OGI
2.475,2.48,2.4731,2.48,514,2021-07-23 15:44:00,OGI
2.475,2.475,2.46,2.46,39092,2021-07-23 15:45:00,OGI
2.46,2.4621,2.46,2.4621,826,2021-07-23 15:46:00,OGI
2.46,2.46,2.46,2.46,6495,2021-07-23 15:47:00,OGI
2.46,2.465,2.46,2.465,600,2021-07-23 15:48:00,OGI
2.46,2.4652,2.46,2.465,4900,2021-07-23 15:49:00,OGI
2.4666,2.4672,2.4601,2.4672,1600,2021-07-23 15:50:00,OGI
2.463,2.463,2.4601,2.4601,1200,2021-07-23 15:51:00,OGI
2.46,2.466,2.46,2.4624,3800,2021-07-23 15:52:00,OGI
2.4654,2.4654,2.4654,2.4654,300,2021-07-23 15:53:00,OGI
2.46,2.4622,2.46,2.4622,4500,2021-07-23 15:54:00,OGI
2.4631,2.465,2.46,2.465,1821,2021-07-23 15:56:00,OGI
2.4629,2.465,2.4629,2.465,200,2021-07-23 15:57:00,OGI
2.46,2.465,2.46,2.4636,1800,2021-07-23 15:58:00,OGI
2.46,2.4667,2.46,2.4667,6477,2021-07-23 15:59:00,OGI
2.46,2.4602,2.44,2.445,62824,2021-07-23 16:00:00,OGI
2.45,2.45,2.4434,2.4434,700,2021-07-23 16:01:00,OGI
2.4428,2.45,2.4428,2.445,1772,2021-07-23 16:02:00,OGI
2.45,2.45,2.4401,2.4401,3279,2021-07-23 16:04:00,OGI
2.4435,2.4437,2.44,2.4437,5015,2021-07-23 16:05:00,OGI
2.45,2.45,2.45,2.45,400,2021-07-23 16:06:00,OGI
2.4462,2.45,2.4462,2.45,1086,2021-07-23 16:08:00,OGI
2.45,2.45,2.445,2.4482,8687,2021-07-23 16:09:00,OGI
2.4476,2.46,2.4476,2.45,29470,2021-07-23 16:10:00,OGI
2.45,2.46,2.45,2.455,22501,2021-07-23 16:11:00,OGI
2.45,2.45,2.45,2.45,400,2021-07-23 16:12:00,OGI
2.455,2.46,2.455,2.455,7270,2021-07-23 16:13:00,OGI
2.4562,2.4562,2.4562,2.4562,100,2021-07-23 16:14:00,OGI
2.46,2.46,2.455,2.4572,1915,2021-07-23 16:15:00,OGI
2.459,2.465,2.45,2.46,20921,2021-07-23 16:16:00,OGI
2.4631,2.465,2.46,2.465,12100,2021-07-23 16:17:00,OGI
2.4601,2.47,2.46,2.46,7818,2021-07-23 16:18:00,OGI
2.467,2.467,2.465,2.465,300,2021-07-23 16:19:00,OGI
2.465,2.4666,2.465,2.465,806,2021-07-23 16:20:00,OGI
2.4628,2.4636,2.46,2.4636,600,2021-07-23 16:21:00,OGI
2.46,2.4636,2.46,2.4629,543,2021-07-23 16:22:00,OGI
2.4651,2.4651,2.4651,2.4651,200,2021-07-23 16:23:00,OGI
2.4601,2.4665,2.46,2.46,1170,2021-07-23 16:24:00,OGI
2.4626,2.4626,2.4626,2.4626,300,2021-07-23 16:26:00,OGI
2.465,2.4699,2.465,2.4699,1300,2021-07-23 16:27:00,OGI
2.461,2.4663,2.461,2.4663,200,2021-07-23 16:28:00,OGI
2.4622,2.4622,2.4622,2.4622,500,2021-07-23 16:29:00,OGI
2.46,2.4623,2.46,2.4623,2827,2021-07-23 16:30:00,OGI
2.4619,2.4672,2.46,2.4615,5528,2021-07-23 16:31:00,OGI
2.465,2.465,2.45,2.45,14333,2021-07-23 16:32:00,OGI
2.455,2.4568,2.455,2.4564,735,2021-07-23 16:33:00,OGI
2.45,2.455,2.45,2.455,3099,2021-07-23 16:34:00,OGI
2.46,2.46,2.45,2.4538,10528,2021-07-23 16:35:00,OGI
2.46,2.46,2.46,2.46,100,2021-07-23 16:37:00,OGI
2.46,2.4664,2.4501,2.4664,18109,2021-07-23 16:38:00,OGI
2.4666,2.4666,2.4627,2.4627,1654,2021-07-23 16:39:00,OGI
2.461,2.465,2.46,2.4601,17168,2021-07-23 16:40:00,OGI
2.4601,2.47,2.4601,2.47,7779,2021-07-23 16:41:00,OGI
2.4699,2.47,2.4624,2.47,2701,2021-07-23 16:42:00,OGI
2.465,2.47,2.46,2.463,2301,2021-07-23 16:43:00,OGI
2.4631,2.4699,2.46,2.465,958,2021-07-23 16:44:00,OGI
2.4601,2.4636,2.4601,2.4636,6350,2021-07-23 16:45:00,OGI
2.4668,2.4668,2.4601,2.4601,900,2021-07-23 16:46:00,OGI
2.47,2.4737,2.465,2.4701,18638,2021-07-23 16:47:00,OGI
2.48,2.48,2.4701,2.475,1707,2021-07-23 16:48:00,OGI
2.4765,2.48,2.4765,2.478,1200,2021-07-23 16:49:00,OGI
2.48,2.48,2.48,2.48,100,2021-07-23 16:50:00,OGI
2.475,2.48,2.475,2.48,700,2021-07-23 16:52:00,OGI
2.48,2.48,2.47,2.47,11500,2021-07-23 16:53:00,OGI
2.4701,2.48,2.47,2.47,18477,2021-07-23 16:54:00,OGI
2.4701,2.4746,2.46,2.47,39359,2021-07-23 16:55:00,OGI
2.47,2.47,2.47,2.47,502,2021-07-23 16:56:00,OGI
2.4663,2.47,2.465,2.465,600,2021-07-23 16:58:00,OGI
2.465,2.465,2.465,2.465,100,2021-07-23 16:59:00,OGI
2.4634,2.4634,2.46,2.4619,3365,2021-07-23 17:00:00,OGI
2.46,2.4622,2.46,2.46,600,2021-07-23 17:01:00,OGI
2.4664,2.4664,2.4664,2.4664,150,2021-07-23 17:02:00,OGI
2.46,2.4621,2.46,2.46,4200,2021-07-23 17:03:00,OGI
2.4601,2.47,2.46,2.4627,6497,2021-07-23 17:06:00,OGI
2.4655,2.4655,2.46,2.46,205,2021-07-23 17:07:00,OGI
2.4665,2.47,2.45,2.455,57786,2021-07-23 17:08:00,OGI
2.45,2.46,2.45,2.457,4896,2021-07-23 17:09:00,OGI
2.455,2.4562,2.45,2.4562,300,2021-07-23 17:10:00,OGI
2.451,2.4563,2.45,2.4563,1103,2021-07-23 17:11:00,OGI
2.46,2.46,2.46,2.46,3000,2021-07-23 17:12:00,OGI
2.4572,2.4572,2.45,2.455,2680,2021-07-23 17:13:00,OGI
2.455,2.455,2.45,2.45,442,2021-07-23 17:15:00,OGI
2.4513,2.4513,2.44,2.44,45872,2021-07-23 17:16:00,OGI
2.44,2.45,2.44,2.44,12000,2021-07-23 17:17:00,OGI
2.44,2.4476,2.44,2.4433,8172,2021-07-23 17:18:00,OGI
2.44,2.4477,2.44,2.445,3460,2021-07-23 17:19:00,OGI
2.445,2.45,2.445,2.445,24573,2021-07-23 17:20:00,OGI
2.445,2.445,2.445,2.445,100,2021-07-23 17:21:00,OGI
2.441,2.45,2.44,2.44,2519,2021-07-23 17:23:00,OGI
2.4491,2.4499,2.445,2.4471,4140,2021-07-23 17:24:00,OGI
2.445,2.45,2.445,2.4499,1340,2021-07-23 17:25:00,OGI
2.4472,2.45,2.44,2.447,8800,2021-07-23 17:26:00,OGI
2.441,2.45,2.441,2.45,1500,2021-07-23 17:27:00,OGI
2.45,2.45,2.45,2.45,2000,2021-07-23 17:28:00,OGI
2.4401,2.4465,2.4401,2.4465,602,2021-07-23 17:29:00,OGI
2.4499,2.45,2.44,2.45,1720,2021-07-23 17:30:00,OGI
2.4478,2.45,2.44,2.445,16350,2021-07-23 17:31:00,OGI
2.44,2.445,2.44,2.4401,1150,2021-07-23 17:32:00,OGI
2.4461,2.4461,2.4461,2.4461,150,2021-07-23 17:33:00,OGI
2.4467,2.4467,2.4467,2.4467,586,2021-07-23 17:34:00,OGI
2.45,2.45,2.45,2.45,961,2021-07-23 17:35:00,OGI
2.4499,2.45,2.44,2.4484,900,2021-07-23 17:36:00,OGI
2.45,2.4527,2.443,2.4527,27626,2021-07-23 17:37:00,OGI
2.457,2.46,2.4537,2.4537,6193,2021-07-23 17:38:00,OGI
2.46,2.46,2.46,2.46,100,2021-07-23 17:39:00,OGI
2.4567,2.4567,2.4567,2.4567,406,2021-07-23 17:40:00,OGI
2.451,2.46,2.451,2.455,5746,2021-07-23 17:41:00,OGI
2.45,2.46,2.45,2.46,9881,2021-07-23 17:42:00,OGI
2.46,2.46,2.453,2.455,1205,2021-07-23 17:44:00,OGI
2.4599,2.4599,2.4599,2.4599,500,2021-07-23 17:45:00,OGI
2.4527,2.4564,2.4527,2.4538,2485,2021-07-23 17:46:00,OGI
2.4564,2.4564,2.454,2.455,531,2021-07-23 17:47:00,OGI
2.4535,2.4535,2.4535,2.4535,500,2021-07-23 17:48:00,OGI
2.46,2.46,2.45,2.46,15821,2021-07-23 17:49:00,OGI
2.455,2.455,2.4542,2.4542,2800,2021-07-23 17:50:00,OGI
2.4545,2.46,2.4545,2.46,3100,2021-07-23 17:51:00,OGI
2.455,2.46,2.4501,2.46,27553,2021-07-23 17:52:00,OGI
2.455,2.455,2.45,2.455,1207,2021-07-23 17:53:00,OGI
2.455,2.46,2.4536,2.46,2686,2021-07-23 17:54:00,OGI
2.456,2.456,2.456,2.456,141,2021-07-23 17:55:00,OGI
2.46,2.46,2.451,2.455,5553,2021-07-23 17:56:00,OGI
2.455,2.4581,2.455,2.4581,2600,2021-07-23 17:57:00,OGI
2.455,2.455,2.455,2.455,900,2021-07-23 17:58:00,OGI
2.455,2.4699,2.455,2.465,22720,2021-07-23 17:59:00,OGI
2.4601,2.47,2.46,2.465,3600,2021-07-23 18:00:00,OGI
2.465,2.4668,2.465,2.4668,2150,2021-07-23 18:01:00,OGI
2.4672,2.4672,2.465,2.465,1100,2021-07-23 18:02:00,OGI
2.464,2.4699,2.46,2.46,1204,2021-07-23 18:03:00,OGI
2.47,2.47,2.46,2.461,7447,2021-07-23 18:06:00,OGI
2.4668,2.4668,2.4668,2.4668,406,2021-07-23 18:10:00,OGI
2.465,2.465,2.4601,2.4601,6129,2021-07-23 18:13:00,OGI
2.4644,2.47,2.46,2.46,11837,2021-07-23 18:14:00,OGI
2.47,2.47,2.46,2.4637,10000,2021-07-23 18:16:00,OGI
2.47,2.47,2.46,2.47,5200,2021-07-23 18:17:00,OGI
2.465,2.465,2.465,2.465,1700,2021-07-23 18:18:00,OGI
2.47,2.48,2.465,2.4731,27909,2021-07-23 18:19:00,OGI
2.471,2.48,2.471,2.4738,1900,2021-07-23 18:20:00,OGI
2.475,2.48,2.475,2.48,2200,2021-07-23 18:21:00,OGI
2.48,2.48,2.48,2.48,100,2021-07-23 18:22:00,OGI
2.475,2.475,2.475,2.475,4100,2021-07-23 18:23:00,OGI
2.475,2.475,2.475,2.475,2600,2021-07-23 18:24:00,OGI
2.475,2.475,2.475,2.475,100,2021-07-23 18:25:00,OGI
2.4701,2.4701,2.4701,2.4701,100,2021-07-23 18:26:00,OGI
2.475,2.475,2.475,2.475,100,2021-07-23 18:27:00,OGI
2.48,2.48,2.47,2.47,3500,2021-07-23 18:28:00,OGI
2.4737,2.475,2.4701,2.4701,750,2021-07-23 18:29:00,OGI
2.48,2.48,2.48,2.48,404,2021-07-23 18:35:00,OGI
2.47,2.475,2.47,2.475,800,2021-07-23 18:36:00,OGI
2.47,2.47,2.47,2.47,100,2021-07-23 18:38:00,OGI
2.475,2.4778,2.475,2.4778,6000,2021-07-23 18:39:00,OGI
2.475,2.475,2.475,2.475,200,2021-07-23 18:40:00,OGI
2.47,2.475,2.47,2.475,20200,2021-07-23 18:41:00,OGI
2.47,2.4737,2.47,2.4737,11097,2021-07-23 18:42:00,OGI
2.47,2.477,2.47,2.477,1094,2021-07-23 18:44:00,OGI
2.4768,2.4768,2.471,2.471,4500,2021-07-23 18:45:00,OGI
2.47,2.47,2.47,2.47,5898,2021-07-23 18:46:00,OGI
2.48,2.48,2.48,2.48,100,2021-07-23 18:50:00,OGI
2.4732,2.475,2.47,2.475,4340,2021-07-23 18:51:00,OGI
2.47,2.47,2.47,2.47,700,2021-07-23 18:52:00,OGI
2.475,2.475,2.475,2.475,200,2021-07-23 18:53:00,OGI
2.47,2.4737,2.47,2.47,15600,2021-07-23 18:54:00,OGI
2.4728,2.48,2.4701,2.475,6913,2021-07-23 18:56:00,OGI
2.4701,2.48,2.47,2.4701,8241,2021-07-23 18:57:00,OGI
2.475,2.475,2.475,2.475,2500,2021-07-23 18:59:00,OGI
2.48,2.48,2.475,2.475,3349,2021-07-23 19:00:00,OGI
2.477,2.477,2.475,2.475,2300,2021-07-23 19:01:00,OGI
2.4732,2.4768,2.46,2.46,74669,2021-07-23 19:02:00,OGI
2.465,2.4667,2.4601,2.4601,4005,2021-07-23 19:03:00,OGI
2.46,2.4601,2.46,2.46,1560,2021-07-23 19:04:00,OGI
2.46,2.47,2.46,2.4699,3200,2021-07-23 19:05:00,OGI
2.46,2.46,2.46,2.46,4983,2021-07-23 19:06:00,OGI
2.4615,2.4615,2.4615,2.4615,2000,2021-07-23 19:07:00,OGI
2.46,2.465,2.46,2.465,938,2021-07-23 19:08:00,OGI
2.4636,2.47,2.46,2.46,17750,2021-07-23 19:09:00,OGI
2.47,2.47,2.46,2.461,3178,2021-07-23 19:10:00,OGI
2.46,2.4663,2.46,2.4663,524,2021-07-23 19:11:00,OGI
2.4662,2.4662,2.4662,2.4662,122,2021-07-23 19:12:00,OGI
2.47,2.47,2.4601,2.465,9421,2021-07-23 19:13:00,OGI
2.47,2.47,2.461,2.4699,800,2021-07-23 19:14:00,OGI
2.4601,2.465,2.4601,2.465,604,2021-07-23 19:15:00,OGI
2.4638,2.4638,2.4601,2.4601,350,2021-07-23 19:18:00,OGI
2.46,2.47,2.46,2.464,1200,2021-07-23 19:19:00,OGI
2.4629,2.465,2.4629,2.465,200,2021-07-23 19:20:00,OGI
2.4667,2.4667,2.4667,2.4667,406,2021-07-23 19:21:00,OGI
2.465,2.4654,2.46,2.4629,1095,2021-07-23 19:22:00,OGI
2.464,2.47,2.46,2.46,1485,2021-07-23 19:23:00,OGI
2.4635,2.4635,2.4635,2.4635,500,2021-07-23 19:25:00,OGI
2.47,2.47,2.46,2.47,35201,2021-07-23 19:26:00,OGI
2.47,2.47,2.46,2.46,1933,2021-07-23 19:27:00,OGI
2.465,2.4668,2.46,2.4668,10100,2021-07-23 19:28:00,OGI
2.46,2.4601,2.46,2.46,1933,2021-07-23 19:29:00,OGI
2.465,2.47,2.465,2.47,1825,2021-07-23 19:30:00,OGI
2.46,2.46,2.46,2.46,404,2021-07-23 19:32:00,OGI
2.465,2.465,2.46,2.46,500,2021-07-23 19:33:00,OGI
2.46,2.4637,2.46,2.46,11179,2021-07-23 19:34:00,OGI
2.464,2.47,2.46,2.4601,6689,2021-07-23 19:35:00,OGI
2.46,2.47,2.46,2.4699,600,2021-07-23 19:36:00,OGI
2.465,2.465,2.46,2.4636,1585,2021-07-23 19:37:00,OGI
2.461,2.461,2.46,2.4601,10300,2021-07-23 19:38:00,OGI
2.4622,2.47,2.46,2.465,20081,2021-07-23 19:39:00,OGI
2.46,2.4671,2.46,2.46,12680,2021-07-23 19:40:00,OGI
2.465,2.465,2.46,2.465,4396,2021-07-23 19:41:00,OGI
2.46,2.47,2.46,2.46,13450,2021-07-23 19:42:00,OGI
2.46,2.4667,2.46,2.465,17190,2021-07-23 19:43:00,OGI
2.4601,2.4601,2.46,2.46,2900,2021-07-23 19:44:00,OGI
2.465,2.465,2.46,2.4634,1140,2021-07-23 19:45:00,OGI
2.46,2.47,2.46,2.47,500,2021-07-23 19:46:00,OGI
2.465,2.465,2.46,2.465,2705,2021-07-23 19:47:00,OGI
2.465,2.465,2.46,2.463,1200,2021-07-23 19:48:00,OGI
2.46,2.47,2.46,2.46,10020,2021-07-23 19:49:00,OGI
2.47,2.47,2.46,2.465,3833,2021-07-23 19:50:00,OGI
2.465,2.465,2.46,2.465,1384,2021-07-23 19:51:00,OGI
2.47,2.47,2.46,2.465,1843,2021-07-23 19:52:00,OGI
2.465,2.47,2.46,2.46,3180,2021-07-23 19:53:00,OGI
2.4602,2.47,2.46,2.46,5261,2021-07-23 19:54:00,OGI
2.465,2.47,2.46,2.46,12461,2021-07-23 19:55:00,OGI
2.46,2.47,2.46,2.46,2500,2021-07-23 19:56:00,OGI
2.4699,2.4699,2.46,2.465,11537,2021-07-23 19:57:00,OGI
2.46,2.4617,2.45,2.45,41421,2021-07-23 19:58:00,OGI
2.45,2.46,2.45,2.45,30533,2021-07-23 19:59:00,OGI
2.46,2.46,2.46,2.46,15687,2021-07-23 20:00:00,OGI
2.5,2.5,2.5,2.5,134,2021-07-23 20:23:00,OGI
2.48,2.48,2.48,2.48,500,2021-07-23 20:36:00,OGI
2.47,2.47,2.47,2.47,400,2021-07-23 20:37:00,OGI
2.47,2.47,2.47,2.47,1772,2021-07-23 20:39:00,OGI
2.47,2.47,2.47,2.47,150,2021-07-23 20:55:00,OGI
2.47,2.47,2.47,2.47,2000,2021-07-23 20:56:00,OGI
2.47,2.47,2.47,2.47,1000,2021-07-23 21:06:00,OGI
2.47,2.47,2.47,2.47,100,2021-07-23 21:29:00,OGI
2.48,2.48,2.48,2.48,100,2021-07-23 21:36:00,OGI
2.48,2.48,2.48,2.48,400,2021-07-23 21:55:00,OGI
2.48,2.48,2.48,2.48,1050,2021-07-23 21:59:00,OGI
2.46,2.46,2.46,2.46,358,2021-07-23 22:43:00,OGI
2.45,2.45,2.45,2.45,528,2021-07-23 22:48:00,OGI
2.46,2.46,2.45,2.45,400,2021-07-23 23:00:00,OGI
2.44,2.44,2.44,2.44,868,2021-07-23 23:23:00,OGI
2.44,2.44,2.44,2.44,200,2021-07-23 23:46:00,OGI
2.42,2.42,2.42,2.42,280,2021-07-26 10:38:00,OGI
2.43,2.43,2.43,2.43,3180,2021-07-26 11:00:00,OGI
2.43,2.43,2.43,2.43,187,2021-07-26 11:15:00,OGI
2.4401,2.4401,2.44,2.44,400,2021-07-26 12:08:00,OGI
2.4401,2.4401,2.44,2.44,1000,2021-07-26 12:30:00,OGI
2.44,2.44,2.44,2.44,799,2021-07-26 12:44:00,OGI
2.45,2.45,2.45,2.45,183,2021-07-26 12:49:00,OGI
2.44,2.44,2.44,2.44,200,2021-07-26 12:50:00,OGI
2.46,2.46,2.46,2.46,800,2021-07-26 12:57:00,OGI
2.46,2.46,2.46,2.46,1231,2021-07-26 13:05:00,OGI
2.46,2.46,2.46,2.46,300,2021-07-26 13:06:00,OGI
2.46,2.46,2.46,2.46,400,2021-07-26 13:07:00,OGI
2.46,2.46,2.46,2.46,654,2021-07-26 13:09:00,OGI
2.46,2.46,2.46,2.46,1000,2021-07-26 13:11:00,OGI
2.46,2.46,2.46,2.46,300,2021-07-26 13:12:00,OGI
2.4699,2.4699,2.4699,2.4699,150,2021-07-26 13:15:00,OGI
2.46,2.46,2.46,2.46,100,2021-07-26 13:19:00,OGI
2.4699,2.47,2.4699,2.47,650,2021-07-26 13:20:00,OGI
2.46,2.47,2.46,2.47,15100,2021-07-26 13:25:00,OGI
2.45,2.45,2.45,2.45,200,2021-07-26 13:26:00,OGI
2.47,2.47,2.44,2.46,74324,2021-07-26 13:30:00,OGI
2.4678,2.49,2.4678,2.4887,34901,2021-07-26 13:31:00,OGI
2.485,2.49,2.46,2.4699,39256,2021-07-26 13:32:00,OGI
2.4611,2.48,2.461,2.475,7755,2021-07-26 13:33:00,OGI
2.4792,2.5,2.4701,2.489,29357,2021-07-26 13:34:00,OGI
2.4811,2.5,2.475,2.4925,33580,2021-07-26 13:35:00,OGI
2.495,2.5048,2.4801,2.5048,24254,2021-07-26 13:36:00,OGI
2.51,2.52,2.51,2.515,10171,2021-07-26 13:37:00,OGI
2.515,2.525,2.51,2.515,30254,2021-07-26 13:38:00,OGI
2.52,2.5282,2.51,2.515,24157,2021-07-26 13:39:00,OGI
2.51,2.51,2.495,2.495,16976,2021-07-26 13:40:00,OGI
2.4995,2.505,2.48,2.49,10175,2021-07-26 13:41:00,OGI
2.4855,2.49,2.4833,2.485,7531,2021-07-26 13:42:00,OGI
2.49,2.49,2.47,2.475,26953,2021-07-26 13:43:00,OGI
2.475,2.48,2.4725,2.478,10292,2021-07-26 13:44:00,OGI
2.47,2.48,2.47,2.47,5400,2021-07-26 13:45:00,OGI
2.4728,2.49,2.47,2.485,20200,2021-07-26 13:46:00,OGI
2.49,2.49,2.4828,2.485,14611,2021-07-26 13:47:00,OGI
2.48,2.4877,2.475,2.4799,8900,2021-07-26 13:48:00,OGI
2.475,2.49,2.475,2.4818,20330,2021-07-26 13:49:00,OGI
2.485,2.51,2.4801,2.505,51256,2021-07-26 13:50:00,OGI
2.505,2.517,2.505,2.5127,33186,2021-07-26 13:51:00,OGI
2.52,2.527,2.51,2.52,42643,2021-07-26 13:52:00,OGI
2.52,2.53,2.52,2.525,7849,2021-07-26 13:53:00,OGI
2.5229,2.535,2.52,2.53,49532,2021-07-26 13:54:00,OGI
2.5221,2.54,2.52,2.5301,52399,2021-07-26 13:55:00,OGI
2.5301,2.54,2.52,2.52,11454,2021-07-26 13:56:00,OGI
2.53,2.53,2.52,2.52,3600,2021-07-26 13:57:00,OGI
2.51,2.53,2.5066,2.525,21871,2021-07-26 13:58:00,OGI
2.5238,2.54,2.523,2.53,31929,2021-07-26 13:59:00,OGI
2.53,2.55,2.53,2.541,39219,2021-07-26 14:00:00,OGI
2.5488,2.55,2.54,2.5428,13889,2021-07-26 14:01:00,OGI
2.54,2.567,2.54,2.567,83715,2021-07-26 14:02:00,OGI
2.56,2.57,2.55,2.55,17373,2021-07-26 14:03:00,OGI
2.5565,2.569,2.553,2.561,48669,2021-07-26 14:04:00,OGI
2.553,2.58,2.553,2.5737,20532,2021-07-26 14:05:00,OGI
2.57,2.58,2.57,2.5701,46981,2021-07-26 14:06:00,OGI
2.577,2.58,2.5736,2.58,5917,2021-07-26 14:07:00,OGI
2.58,2.58,2.57,2.57,19411,2021-07-26 14:08:00,OGI
2.5799,2.58,2.57,2.573,29676,2021-07-26 14:09:00,OGI
2.571,2.5967,2.571,2.5967,94727,2021-07-26 14:10:00,OGI
2.5935,2.6,2.59,2.5963,14640,2021-07-26 14:11:00,OGI
2.5911,2.6,2.58,2.5862,25987,2021-07-26 14:12:00,OGI
2.585,2.59,2.58,2.5801,46042,2021-07-26 14:13:00,OGI
2.58,2.59,2.58,2.5828,17299,2021-07-26 14:14:00,OGI
2.59,2.61,2.5863,2.6064,102550,2021-07-26 14:15:00,OGI
2.6018,2.61,2.59,2.6,9531,2021-07-26 14:16:00,OGI
2.599,2.61,2.595,2.595,42335,2021-07-26 14:17:00,OGI
2.5928,2.6,2.59,2.59,39335,2021-07-26 14:18:00,OGI
2.59,2.59,2.58,2.585,23408,2021-07-26 14:19:00,OGI
2.583,2.61,2.583,2.601,97070,2021-07-26 14:20:00,OGI
2.6068,2.6068,2.595,2.6034,15287,2021-07-26 14:21:00,OGI
2.607,2.62,2.6,2.6,24199,2021-07-26 14:22:00,OGI
2.6068,2.61,2.59,2.61,25731,2021-07-26 14:23:00,OGI
2.605,2.627,2.6001,2.627,54482,2021-07-26 14:24:00,OGI
2.6262,2.63,2.61,2.61,27315,2021-07-26 14:25:00,OGI
2.6199,2.62,2.61,2.613,17377,2021-07-26 14:26:00,OGI
2.61,2.63,2.61,2.625,40312,2021-07-26 14:27:00,OGI
2.63,2.63,2.6139,2.6139,12159,2021-07-26 14:28:00,OGI
2.62,2.62,2.6001,2.605,28932,2021-07-26 14:29:00,OGI
2.605,2.61,2.6,2.6,7308,2021-07-26 14:30:00,OGI
2.603,2.61,2.6001,2.603,1527,2021-07-26 14:31:00,OGI
2.6,2.6061,2.595,2.599,7360,2021-07-26 14:32:00,OGI
2.595,2.61,2.595,2.6008,11693,2021-07-26 14:33:00,OGI
2.6,2.6,2.59,2.5973,41123,2021-07-26 14:34:00,OGI
2.59,2.597,2.5832,2.5846,34179,2021-07-26 14:35:00,OGI
2.5801,2.587,2.58,2.587,9659,2021-07-26 14:36:00,OGI
2.58,2.59,2.57,2.5725,25311,2021-07-26 14:37:00,OGI
2.5725,2.58,2.5725,2.5765,6300,2021-07-26 14:38:00,OGI
2.58,2.58,2.57,2.5726,12150,2021-07-26 14:39:00,OGI
2.58,2.58,2.5701,2.58,12103,2021-07-26 14:40:00,OGI
2.579,2.59,2.57,2.59,83824,2021-07-26 14:41:00,OGI
2.59,2.59,2.58,2.588,63989,2021-07-26 14:42:00,OGI
2.585,2.6,2.585,2.59,5226,2021-07-26 14:43:00,OGI
2.58,2.587,2.575,2.575,19120,2021-07-26 14:44:00,OGI
2.571,2.5761,2.57,2.57,33982,2021-07-26 14:45:00,OGI
2.5685,2.59,2.565,2.585,24794,2021-07-26 14:46:00,OGI
2.58,2.59,2.58,2.58,1139,2021-07-26 14:47:00,OGI
2.58,2.5862,2.58,2.58,11941,2021-07-26 14:48:00,OGI
2.58,2.58,2.5722,2.5789,13540,2021-07-26 14:49:00,OGI
2.58,2.58,2.58,2.58,200,2021-07-26 14:50:00,OGI
2.579,2.5799,2.5701,2.575,6210,2021-07-26 14:51:00,OGI
2.5771,2.58,2.5729,2.573,7417,2021-07-26 14:52:00,OGI
2.5779,2.59,2.577,2.58,47862,2021-07-26 14:53:00,OGI
2.58,2.59,2.57,2.57,9186,2021-07-26 14:54:00,OGI
2.575,2.575,2.57,2.57,325,2021-07-26 14:55:00,OGI
2.57,2.57,2.57,2.57,600,2021-07-26 14:56:00,OGI
2.57,2.58,2.57,2.572,8805,2021-07-26 14:57:00,OGI
2.5718,2.575,2.5701,2.5701,7608,2021-07-26 14:58:00,OGI
2.5768,2.5768,2.55,2.5584,31068,2021-07-26 14:59:00,OGI
2.555,2.555,2.555,2.555,808,2021-07-26 15:00:00,OGI
2.5537,2.57,2.5501,2.56,119959,2021-07-26 15:01:00,OGI
2.555,2.56,2.5537,2.5537,2250,2021-07-26 15:02:00,OGI
2.56,2.56,2.54,2.5499,9200,2021-07-26 15:03:00,OGI
2.543,2.56,2.543,2.555,29694,2021-07-26 15:04:00,OGI
2.551,2.56,2.55,2.5534,11400,2021-07-26 15:05:00,OGI
2.55,2.56,2.55,2.55,5850,2021-07-26 15:06:00,OGI
2.5523,2.56,2.5523,2.558,5600,2021-07-26 15:07:00,OGI
2.5563,2.56,2.5538,2.555,6920,2021-07-26 15:08:00,OGI
2.5581,2.56,2.55,2.5574,2410,2021-07-26 15:09:00,OGI
2.5597,2.5597,2.5597,2.5597,100,2021-07-26 15:10:00,OGI
2.56,2.56,2.553,2.555,1822,2021-07-26 15:11:00,OGI
2.5574,2.559,2.555,2.555,2600,2021-07-26 15:12:00,OGI
2.555,2.56,2.5515,2.555,11750,2021-07-26 15:13:00,OGI
2.5537,2.56,2.551,2.555,4700,2021-07-26 15:14:00,OGI
2.56,2.56,2.5501,2.555,3100,2021-07-26 15:15:00,OGI
2.5509,2.56,2.5509,2.555,10599,2021-07-26 15:16:00,OGI
2.5538,2.56,2.553,2.5579,12262,2021-07-26 15:17:00,OGI
2.56,2.57,2.555,2.56,24296,2021-07-26 15:18:00,OGI
2.56,2.569,2.555,2.569,18431,2021-07-26 15:19:00,OGI
2.5616,2.57,2.55,2.5501,72379,2021-07-26 15:20:00,OGI
2.54,2.545,2.54,2.54,6846,2021-07-26 15:21:00,OGI
2.5499,2.5499,2.53,2.53,14740,2021-07-26 15:22:00,OGI
2.535,2.54,2.53,2.535,5800,2021-07-26 15:23:00,OGI
2.54,2.54,2.54,2.54,150,2021-07-26 15:24:00,OGI
2.535,2.535,2.525,2.5275,34893,2021-07-26 15:25:00,OGI
2.5279,2.535,2.525,2.5337,13857,2021-07-26 15:26:00,OGI
2.54,2.54,2.53,2.5301,7406,2021-07-26 15:27:00,OGI
2.5372,2.54,2.535,2.54,12250,2021-07-26 15:28:00,OGI
2.53,2.54,2.53,2.5337,11236,2021-07-26 15:29:00,OGI
2.5337,2.54,2.5337,2.5341,2700,2021-07-26 15:30:00,OGI
2.535,2.5374,2.52,2.525,23850,2021-07-26 15:31:00,OGI
2.52,2.53,2.52,2.53,900,2021-07-26 15:32:00,OGI
2.53,2.53,2.525,2.525,3600,2021-07-26 15:33:00,OGI
2.5285,2.53,2.525,2.53,5730,2021-07-26 15:34:00,OGI
2.5238,2.53,2.5238,2.525,4350,2021-07-26 15:35:00,OGI
2.5299,2.54,2.5299,2.54,8302,2021-07-26 15:36:00,OGI
2.535,2.535,2.535,2.535,300,2021-07-26 15:37:00,OGI
2.535,2.535,2.5346,2.535,1000,2021-07-26 15:38:00,OGI
2.535,2.54,2.52,2.5201,79058,2021-07-26 15:39:00,OGI
2.53,2.53,2.525,2.528,2700,2021-07-26 15:40:00,OGI
2.525,2.5299,2.521,2.521,16187,2021-07-26 15:41:00,OGI
2.525,2.53,2.5233,2.5233,1820,2021-07-26 15:42:00,OGI
2.52,2.52,2.52,2.52,162,2021-07-26 15:43:00,OGI
2.525,2.53,2.525,2.525,6200,2021-07-26 15:44:00,OGI
2.53,2.53,2.52,2.52,1839,2021-07-26 15:45:00,OGI
2.53,2.54,2.525,2.5349,14246,2021-07-26 15:46:00,OGI
2.54,2.54,2.535,2.535,1200,2021-07-26 15:47:00,OGI
2.54,2.56,2.535,2.56,43989,2021-07-26 15:48:00,OGI
2.55,2.55,2.54,2.544,6246,2021-07-26 15:49:00,OGI
2.55,2.55,2.545,2.545,3800,2021-07-26 15:50:00,OGI
2.5445,2.55,2.54,2.54,7338,2021-07-26 15:51:00,OGI
2.54,2.55,2.54,2.54,6919,2021-07-26 15:52:00,OGI
2.545,2.545,2.54,2.54,1156,2021-07-26 15:53:00,OGI
2.5438,2.5478,2.5438,2.5467,874,2021-07-26 15:54:00,OGI
2.545,2.5467,2.545,2.5466,865,2021-07-26 15:55:00,OGI
2.54,2.5466,2.54,2.54,300,2021-07-26 15:56:00,OGI
2.545,2.55,2.54,2.54,7542,2021-07-26 15:57:00,OGI
2.54,2.545,2.54,2.54,8588,2021-07-26 15:58:00,OGI
2.54,2.5441,2.535,2.535,5795,2021-07-26 15:59:00,OGI
2.5323,2.5362,2.53,2.5322,1318,2021-07-26 16:00:00,OGI
2.53,2.53,2.52,2.525,7180,2021-07-26 16:01:00,OGI
2.525,2.5267,2.525,2.5267,200,2021-07-26 16:02:00,OGI
2.525,2.525,2.5233,2.525,593,2021-07-26 16:03:00,OGI
2.525,2.525,2.5237,2.525,800,2021-07-26 16:04:00,OGI
2.525,2.53,2.52,2.5267,2317,2021-07-26 16:05:00,OGI
2.52,2.52,2.52,2.52,800,2021-07-26 16:06:00,OGI
2.52,2.525,2.52,2.525,4493,2021-07-26 16:07:00,OGI
2.5225,2.5225,2.5225,2.5225,553,2021-07-26 16:08:00,OGI
2.53,2.53,2.525,2.53,2450,2021-07-26 16:09:00,OGI
2.525,2.525,2.525,2.525,300,2021-07-26 16:10:00,OGI
2.525,2.53,2.52,2.525,4904,2021-07-26 16:12:00,OGI
2.5296,2.53,2.52,2.52,33470,2021-07-26 16:14:00,OGI
2.52,2.52,2.511,2.52,6200,2021-07-26 16:15:00,OGI
2.515,2.52,2.515,2.515,2000,2021-07-26 16:16:00,OGI
2.51,2.5137,2.51,2.5134,3100,2021-07-26 16:17:00,OGI
2.515,2.52,2.515,2.519,4950,2021-07-26 16:18:00,OGI
2.5194,2.53,2.515,2.525,7601,2021-07-26 16:19:00,OGI
2.525,2.53,2.5201,2.5238,1642,2021-07-26 16:20:00,OGI
2.525,2.5258,2.525,2.5258,1197,2021-07-26 16:21:00,OGI
2.52,2.525,2.52,2.525,1760,2021-07-26 16:22:00,OGI
2.53,2.53,2.523,2.5292,11333,2021-07-26 16:23:00,OGI
2.523,2.523,2.523,2.523,800,2021-07-26 16:24:00,OGI
2.525,2.535,2.525,2.535,11832,2021-07-26 16:25:00,OGI
2.535,2.54,2.5324,2.5324,5795,2021-07-26 16:26:00,OGI
2.535,2.5351,2.5301,2.535,1383,2021-07-26 16:27:00,OGI
2.535,2.54,2.531,2.5376,2368,2021-07-26 16:29:00,OGI
2.54,2.54,2.54,2.54,1200,2021-07-26 16:30:00,OGI
2.535,2.54,2.5301,2.5336,7900,2021-07-26 16:31:00,OGI
2.535,2.535,2.535,2.535,3500,2021-07-26 16:32:00,OGI
2.535,2.5396,2.532,2.5396,1874,2021-07-26 16:33:00,OGI
2.53,2.5366,2.53,2.5366,2650,2021-07-26 16:34:00,OGI
2.5334,2.5334,2.5334,2.5334,500,2021-07-26 16:35:00,OGI
2.535,2.54,2.535,2.535,4500,2021-07-26 16:36:00,OGI
2.5301,2.5399,2.5301,2.535,2700,2021-07-26 16:37:00,OGI
2.535,2.535,2.535,2.535,900,2021-07-26 16:38:00,OGI
2.5384,2.5438,2.535,2.54,24376,2021-07-26 16:39:00,OGI
2.5401,2.5401,2.54,2.54,6164,2021-07-26 16:40:00,OGI
2.534,2.534,2.53,2.53,303,2021-07-26 16:41:00,OGI
2.5328,2.5328,2.53,2.53,9073,2021-07-26 16:42:00,OGI
2.53,2.53,2.53,2.53,100,2021-07-26 16:43:00,OGI
2.54,2.54,2.54,2.54,100,2021-07-26 16:45:00,OGI
2.5328,2.5328,2.53,2.5327,3091,2021-07-26 16:46:00,OGI
2.5321,2.5329,2.5321,2.5329,1100,2021-07-26 16:47:00,OGI
2.535,2.535,2.5301,2.5301,600,2021-07-26 16:48:00,OGI
2.5301,2.54,2.5301,2.5338,7075,2021-07-26 16:49:00,OGI
2.5386,2.55,2.5362,2.55,8186,2021-07-26 16:50:00,OGI
2.5499,2.55,2.54,2.54,13250,2021-07-26 16:51:00,OGI
2.54,2.547,2.535,2.539,5698,2021-07-26 16:53:00,OGI
2.54,2.54,2.54,2.54,4800,2021-07-26 16:54:00,OGI
2.5301,2.5333,2.5301,2.5333,700,2021-07-26 16:55:00,OGI
2.54,2.54,2.53,2.53,450,2021-07-26 16:56:00,OGI
2.535,2.54,2.5301,2.5301,1750,2021-07-26 16:57:00,OGI
2.54,2.54,2.5333,2.5333,800,2021-07-26 16:58:00,OGI
2.5301,2.535,2.5301,2.535,1554,2021-07-26 16:59:00,OGI
2.5331,2.535,2.5331,2.535,1767,2021-07-26 17:00:00,OGI
2.535,2.535,2.535,2.535,200,2021-07-26 17:01:00,OGI
2.53,2.535,2.53,2.535,5329,2021-07-26 17:02:00,OGI
2.53,2.53,2.53,2.53,200,2021-07-26 17:03:00,OGI
2.535,2.535,2.53,2.53,1118,2021-07-26 17:04:00,OGI
2.535,2.535,2.53,2.535,12600,2021-07-26 17:05:00,OGI
2.53,2.53,2.53,2.53,1940,2021-07-26 17:06:00,OGI
2.53,2.53,2.53,2.53,600,2021-07-26 17:07:00,OGI
2.53,2.53,2.53,2.53,300,2021-07-26 17:08:00,OGI
2.5371,2.54,2.5331,2.5331,1760,2021-07-26 17:09:00,OGI
2.5368,2.5368,2.5368,2.5368,196,2021-07-26 17:11:00,OGI
2.534,2.54,2.534,2.54,950,2021-07-26 17:12:00,OGI
2.535,2.54,2.535,2.535,1000,2021-07-26 17:13:00,OGI
2.54,2.54,2.53,2.53,2950,2021-07-26 17:15:00,OGI
2.535,2.54,2.535,2.54,400,2021-07-26 17:16:00,OGI
2.535,2.535,2.535,2.535,900,2021-07-26 17:18:00,OGI
2.535,2.535,2.535,2.535,500,2021-07-26 17:19:00,OGI
2.531,2.535,2.53,2.535,2800,2021-07-26 17:20:00,OGI
2.5339,2.54,2.5317,2.54,16270,2021-07-26 17:21:00,OGI
2.5499,2.55,2.5416,2.55,9850,2021-07-26 17:22:00,OGI
2.5496,2.55,2.5496,2.55,900,2021-07-26 17:23:00,OGI
2.55,2.557,2.55,2.554,11500,2021-07-26 17:24:00,OGI
2.555,2.56,2.5538,2.56,2800,2021-07-26 17:25:00,OGI
2.5534,2.56,2.5534,2.555,1770,2021-07-26 17:26:00,OGI
2.555,2.555,2.5501,2.555,600,2021-07-26 17:27:00,OGI
2.5539,2.56,2.5507,2.556,43257,2021-07-26 17:28:00,OGI
2.56,2.57,2.553,2.5607,10204,2021-07-26 17:29:00,OGI
2.5669,2.568,2.5633,2.5638,4193,2021-07-26 17:30:00,OGI
2.565,2.5676,2.565,2.5676,1800,2021-07-26 17:31:00,OGI
2.565,2.58,2.565,2.57,25989,2021-07-26 17:32:00,OGI
2.5772,2.5772,2.575,2.575,3572,2021-07-26 17:33:00,OGI
2.57,2.58,2.57,2.58,707,2021-07-26 17:34:00,OGI
2.575,2.575,2.575,2.575,2500,2021-07-26 17:35:00,OGI
2.575,2.575,2.57,2.57,597,2021-07-26 17:37:00,OGI
2.58,2.58,2.57,2.57,2650,2021-07-26 17:38:00,OGI
2.5799,2.5799,2.575,2.575,3438,2021-07-26 17:39:00,OGI
2.575,2.575,2.57,2.5725,6477,2021-07-26 17:40:00,OGI
2.575,2.58,2.575,2.5761,1500,2021-07-26 17:41:00,OGI
2.575,2.58,2.575,2.578,5050,2021-07-26 17:43:00,OGI
2.575,2.58,2.575,2.58,4526,2021-07-26 17:44:00,OGI
2.575,2.575,2.57,2.57,2000,2021-07-26 17:45:00,OGI
2.5799,2.5799,2.575,2.575,2575,2021-07-26 17:46:00,OGI
2.57,2.57,2.57,2.57,630,2021-07-26 17:47:00,OGI
2.5723,2.5729,2.57,2.5729,2900,2021-07-26 17:48:00,OGI
2.58,2.58,2.57,2.57,1335,2021-07-26 17:49:00,OGI
2.57,2.58,2.57,2.57,5179,2021-07-26 17:50:00,OGI
2.58,2.58,2.57,2.5762,6899,2021-07-26 17:51:00,OGI
2.57,2.5733,2.56,2.56,8800,2021-07-26 17:52:00,OGI
2.57,2.57,2.56,2.5664,1234,2021-07-26 17:54:00,OGI
2.56,2.57,2.56,2.565,12050,2021-07-26 17:55:00,OGI
2.565,2.57,2.56,2.57,9400,2021-07-26 17:56:00,OGI
2.5609,2.5674,2.5609,2.565,957,2021-07-26 17:57:00,OGI
2.57,2.57,2.56,2.567,1700,2021-07-26 17:58:00,OGI
2.57,2.57,2.5601,2.57,4273,2021-07-26 17:59:00,OGI
2.57,2.57,2.56,2.56,6400,2021-07-26 18:00:00,OGI
2.565,2.57,2.55,2.5535,19662,2021-07-26 18:01:00,OGI
2.5561,2.56,2.55,2.55,1265,2021-07-26 18:02:00,OGI
2.55,2.5501,2.55,2.55,9433,2021-07-26 18:03:00,OGI
2.54,2.55,2.54,2.541,35857,2021-07-26 18:04:00,OGI
2.541,2.545,2.54,2.545,1634,2021-07-26 18:05:00,OGI
2.5428,2.55,2.54,2.5405,6589,2021-07-26 18:06:00,OGI
2.54,2.54,2.54,2.54,2325,2021-07-26 18:07:00,OGI
2.54,2.54,2.5301,2.531,8394,2021-07-26 18:08:00,OGI
2.536,2.54,2.53,2.53,2500,2021-07-26 18:09:00,OGI
2.5362,2.539,2.53,2.539,1000,2021-07-26 18:10:00,OGI
2.536,2.54,2.533,2.54,14543,2021-07-26 18:11:00,OGI
2.535,2.54,2.53,2.54,2219,2021-07-26 18:12:00,OGI
2.53,2.5382,2.53,2.5382,247,2021-07-26 18:13:00,OGI
2.535,2.54,2.53,2.5366,9400,2021-07-26 18:14:00,OGI
2.53,2.54,2.52,2.5201,17075,2021-07-26 18:15:00,OGI
2.52,2.53,2.52,2.5261,3820,2021-07-26 18:16:00,OGI
2.5269,2.53,2.52,2.52,8692,2021-07-26 18:17:00,OGI
2.53,2.54,2.53,2.5301,10012,2021-07-26 18:18:00,OGI
2.5336,2.54,2.5336,2.54,6571,2021-07-26 18:19:00,OGI
2.535,2.54,2.535,2.54,900,2021-07-26 18:20:00,OGI
2.54,2.54,2.535,2.5399,1630,2021-07-26 18:21:00,OGI
2.54,2.55,2.5362,2.545,9499,2021-07-26 18:22:00,OGI
2.55,2.55,2.541,2.545,1000,2021-07-26 18:23:00,OGI
2.541,2.55,2.5401,2.5401,4018,2021-07-26 18:24:00,OGI
2.5461,2.55,2.54,2.545,940,2021-07-26 18:25:00,OGI
2.55,2.55,2.545,2.545,4564,2021-07-26 18:26:00,OGI
2.545,2.55,2.54,2.545,5895,2021-07-26 18:27:00,OGI
2.55,2.55,2.545,2.548,7673,2021-07-26 18:28:00,OGI
2.545,2.56,2.545,2.5538,25925,2021-07-26 18:29:00,OGI
2.56,2.56,2.56,2.56,200,2021-07-26 18:30:00,OGI
2.56,2.56,2.5535,2.5535,1078,2021-07-26 18:31:00,OGI
2.56,2.56,2.5535,2.555,3100,2021-07-26 18:32:00,OGI
2.555,2.555,2.55,2.55,4150,2021-07-26 18:33:00,OGI
2.5536,2.5536,2.5536,2.5536,200,2021-07-26 18:34:00,OGI
2.55,2.56,2.55,2.5534,1624,2021-07-26 18:35:00,OGI
2.555,2.56,2.55,2.55,2522,2021-07-26 18:37:00,OGI
2.5562,2.56,2.5562,2.56,637,2021-07-26 18:38:00,OGI
2.56,2.56,2.555,2.555,7625,2021-07-26 18:39:00,OGI
2.56,2.56,2.5591,2.5591,4100,2021-07-26 18:40:00,OGI
2.555,2.555,2.555,2.555,2000,2021-07-26 18:41:00,OGI
2.5501,2.5501,2.5501,2.5501,800,2021-07-26 18:42:00,OGI
2.555,2.555,2.5536,2.5536,829,2021-07-26 18:43:00,OGI
2.5585,2.5585,2.55,2.55,3182,2021-07-26 18:44:00,OGI
2.56,2.565,2.555,2.565,17859,2021-07-26 18:45:00,OGI
2.57,2.57,2.5633,2.5638,12445,2021-07-26 18:46:00,OGI
2.57,2.58,2.57,2.575,14700,2021-07-26 18:47:00,OGI
2.57,2.5771,2.57,2.5771,4158,2021-07-26 18:48:00,OGI
2.5701,2.5701,2.5701,2.5701,250,2021-07-26 18:49:00,OGI
2.58,2.58,2.5701,2.575,4400,2021-07-26 18:50:00,OGI
2.58,2.58,2.575,2.5761,2423,2021-07-26 18:52:00,OGI
2.575,2.58,2.57,2.572,13344,2021-07-26 18:53:00,OGI
2.5724,2.575,2.5724,2.575,679,2021-07-26 18:55:00,OGI
2.58,2.58,2.5737,2.5737,408,2021-07-26 18:57:00,OGI
2.575,2.58,2.5739,2.5739,2615,2021-07-26 18:58:00,OGI
2.575,2.575,2.56,2.565,29668,2021-07-26 18:59:00,OGI
2.57,2.57,2.565,2.57,600,2021-07-26 19:00:00,OGI
2.57,2.58,2.5608,2.58,19159,2021-07-26 19:01:00,OGI
2.575,2.58,2.57,2.57,5602,2021-07-26 19:02:00,OGI
2.57,2.5758,2.57,2.5727,1511,2021-07-26 19:03:00,OGI
2.57,2.5763,2.57,2.5727,729,2021-07-26 19:04:00,OGI
2.58,2.58,2.58,2.58,500,2021-07-26 19:05:00,OGI
2.57,2.58,2.57,2.58,3800,2021-07-26 19:06:00,OGI
2.5736,2.5779,2.5736,2.5768,4730,2021-07-26 19:07:00,OGI
2.5703,2.5703,2.5703,2.5703,412,2021-07-26 19:08:00,OGI
2.575,2.58,2.575,2.58,1989,2021-07-26 19:09:00,OGI
2.5701,2.575,2.5701,2.575,6626,2021-07-26 19:10:00,OGI
2.5701,2.575,2.57,2.575,12820,2021-07-26 19:11:00,OGI
2.58,2.58,2.575,2.575,4900,2021-07-26 19:12:00,OGI
2.58,2.58,2.575,2.58,1680,2021-07-26 19:13:00,OGI
2.58,2.585,2.575,2.585,26351,2021-07-26 19:14:00,OGI
2.59,2.59,2.5823,2.5833,18197,2021-07-26 19:16:00,OGI
2.585,2.59,2.581,2.59,9700,2021-07-26 19:17:00,OGI
2.582,2.582,2.58,2.58,4400,2021-07-26 19:18:00,OGI
2.585,2.585,2.58,2.58,22539,2021-07-26 19:20:00,OGI
2.58,2.585,2.58,2.585,4100,2021-07-26 19:21:00,OGI
2.587,2.59,2.58,2.58,14712,2021-07-26 19:22:00,OGI
2.585,2.585,2.58,2.58,7700,2021-07-26 19:23:00,OGI
2.585,2.585,2.585,2.585,1900,2021-07-26 19:24:00,OGI
2.585,2.59,2.58,2.59,95399,2021-07-26 19:25:00,OGI
2.5873,2.59,2.585,2.59,4820,2021-07-26 19:26:00,OGI
2.585,2.587,2.5801,2.5801,2448,2021-07-26 19:27:00,OGI
2.585,2.585,2.581,2.585,16840,2021-07-26 19:28:00,OGI
2.59,2.59,2.59,2.59,1500,2021-07-26 19:29:00,OGI
2.585,2.5863,2.585,2.585,1900,2021-07-26 19:30:00,OGI
2.5862,2.59,2.5862,2.59,300,2021-07-26 19:31:00,OGI
2.58,2.59,2.58,2.58,13610,2021-07-26 19:32:00,OGI
2.5806,2.587,2.58,2.585,1600,2021-07-26 19:33:00,OGI
2.5824,2.59,2.58,2.585,22213,2021-07-26 19:34:00,OGI
2.585,2.585,2.5833,2.585,678,2021-07-26 19:35:00,OGI
2.585,2.59,2.58,2.585,16997,2021-07-26 19:36:00,OGI
2.585,2.59,2.58,2.5881,4350,2021-07-26 19:37:00,OGI
2.58,2.59,2.58,2.585,3140,2021-07-26 19:38:00,OGI
2.59,2.59,2.5817,2.5883,2500,2021-07-26 19:39:00,OGI
2.59,2.59,2.585,2.59,20406,2021-07-26 19:40:00,OGI
2.5836,2.6,2.5809,2.595,18774,2021-07-26 19:41:00,OGI
2.59,2.6,2.59,2.5964,11404,2021-07-26 19:42:00,OGI
2.5999,2.5999,2.59,2.595,9253,2021-07-26 19:43:00,OGI
2.59,2.59,2.59,2.59,25985,2021-07-26 19:44:00,OGI
2.59,2.6,2.59,2.59,18922,2021-07-26 19:45:00,OGI
2.59,2.59,2.59,2.59,5000,2021-07-26 19:46:00,OGI
2.59,2.595,2.59,2.59,2800,2021-07-26 19:47:00,OGI
2.5972,2.5972,2.59,2.59,2701,2021-07-26 19:48:00,OGI
2.595,2.6,2.59,2.595,2445,2021-07-26 19:49:00,OGI
2.59,2.59,2.58,2.5864,30347,2021-07-26 19:50:00,OGI
2.585,2.5899,2.58,2.5835,1066,2021-07-26 19:51:00,OGI
2.583,2.585,2.58,2.58,11284,2021-07-26 19:52:00,OGI
2.5899,2.59,2.58,2.59,3450,2021-07-26 19:53:00,OGI
2.58,2.59,2.58,2.582,18235,2021-07-26 19:54:00,OGI
2.585,2.59,2.58,2.5867,21046,2021-07-26 19:55:00,OGI
2.5835,2.59,2.58,2.58,12681,2021-07-26 19:56:00,OGI
2.58,2.59,2.58,2.5899,9394,2021-07-26 19:57:00,OGI
2.585,2.5899,2.58,2.5899,10150,2021-07-26 19:58:00,OGI
2.58,2.585,2.57,2.57,95728,2021-07-26 19:59:00,OGI
2.58,2.58,2.58,2.58,16254,2021-07-26 20:00:00,OGI
2.56,2.56,2.56,2.56,274,2021-07-26 20:03:00,OGI
2.6,2.6,2.6,2.6,6000,2021-07-26 20:20:00,OGI
2.6,2.6,2.6,2.6,100,2021-07-26 20:38:00,OGI
2.57,2.6,2.57,2.6,2376,2021-07-26 20:43:00,OGI
2.6,2.6,2.6,2.6,140,2021-07-26 20:58:00,OGI
2.58,2.58,2.58,2.58,100,2021-07-26 21:27:00,OGI
2.57,2.57,2.57,2.57,132,2021-07-26 21:31:00,OGI
2.58,2.59,2.58,2.59,570,2021-07-26 21:33:00,OGI
2.59,2.59,2.59,2.59,162,2021-07-26 22:29:00,OGI
2.59,2.59,2.59,2.59,1190,2021-07-26 22:30:00,OGI
2.6,2.6,2.6,2.6,123,2021-07-26 22:31:00,OGI
2.59,2.59,2.59,2.59,250,2021-07-26 22:38:00,OGI
2.57,2.57,2.57,2.57,122,2021-07-26 23:12:00,OGI
2.59,2.59,2.59,2.59,1999,2021-07-26 23:29:00,OGI
2.59,2.59,2.59,2.59,100,2021-07-26 23:43:00,OGI
2.59,2.59,2.59,2.59,4000,2021-07-26 23:58:00,OGI
2.59,2.59,2.54,2.54,5000,2021-07-26 23:59:00,OGI
2.575,2.575,2.57,2.57,200,2021-07-27 11:00:00,OGI
2.58,2.58,2.58,2.58,1900,2021-07-27 11:44:00,OGI
2.56,2.56,2.56,2.56,1000,2021-07-27 11:56:00,OGI
2.56,2.56,2.56,2.56,1000,2021-07-27 12:01:00,OGI
2.56,2.56,2.56,2.56,400,2021-07-27 12:04:00,OGI
2.56,2.56,2.56,2.56,306,2021-07-27 12:37:00,OGI
2.57,2.58,2.56,2.56,768,2021-07-27 12:58:00,OGI
2.5501,2.56,2.55,2.55,4900,2021-07-27 13:03:00,OGI
2.5501,2.5501,2.5501,2.5501,2000,2021-07-27 13:04:00,OGI
2.55,2.55,2.55,2.55,156,2021-07-27 13:07:00,OGI
2.5501,2.5501,2.5501,2.5501,4900,2021-07-27 13:14:00,OGI
2.56,2.56,2.54,2.55,22079,2021-07-27 13:30:00,OGI
2.5584,2.57,2.555,2.5617,26135,2021-07-27 13:31:00,OGI
2.565,2.565,2.55,2.55,6908,2021-07-27 13:32:00,OGI
2.54,2.56,2.54,2.56,18064,2021-07-27 13:33:00,OGI
2.551,2.57,2.55,2.55,13012,2021-07-27 13:34:00,OGI
2.56,2.57,2.5501,2.57,24517,2021-07-27 13:35:00,OGI
2.58,2.58,2.55,2.5572,9798,2021-07-27 13:36:00,OGI
2.55,2.55,2.531,2.531,17472,2021-07-27 13:37:00,OGI
2.53,2.54,2.52,2.52,10514,2021-07-27 13:38:00,OGI
2.525,2.53,2.51,2.52,17694,2021-07-27 13:39:00,OGI
2.515,2.53,2.5,2.515,37578,2021-07-27 13:40:00,OGI
2.51,2.52,2.5,2.51,34300,2021-07-27 13:41:00,OGI
2.51,2.52,2.51,2.515,17868,2021-07-27 13:42:00,OGI
2.52,2.5276,2.51,2.51,36404,2021-07-27 13:43:00,OGI
2.52,2.52,2.5,2.5017,6880,2021-07-27 13:44:00,OGI
2.501,2.509,2.49,2.5,129161,2021-07-27 13:45:00,OGI
2.5,2.5,2.485,2.49,60195,2021-07-27 13:46:00,OGI
2.49,2.49,2.48,2.485,37144,2021-07-27 13:47:00,OGI
2.49,2.4917,2.48,2.49,27791,2021-07-27 13:48:00,OGI
2.49,2.49,2.48,2.48,36302,2021-07-27 13:49:00,OGI
2.48,2.489,2.47,2.4799,54125,2021-07-27 13:50:00,OGI
2.4722,2.48,2.4722,2.48,39854,2021-07-27 13:51:00,OGI
2.47,2.48,2.46,2.4735,80921,2021-07-27 13:52:00,OGI
2.475,2.485,2.47,2.4799,41732,2021-07-27 13:53:00,OGI
2.48,2.49,2.475,2.485,28309,2021-07-27 13:54:00,OGI
2.485,2.485,2.4737,2.475,29020,2021-07-27 13:55:00,OGI
2.475,2.48,2.471,2.4737,19399,2021-07-27 13:56:00,OGI
2.4727,2.4766,2.45,2.4557,152511,2021-07-27 13:57:00,OGI
2.452,2.46,2.45,2.455,35394,2021-07-27 13:58:00,OGI
2.455,2.465,2.4501,2.465,34284,2021-07-27 13:59:00,OGI
2.46,2.47,2.453,2.465,45413,2021-07-27 14:00:00,OGI
2.465,2.4778,2.4624,2.4733,45816,2021-07-27 14:01:00,OGI
2.4701,2.4792,2.461,2.465,12653,2021-07-27 14:02:00,OGI
2.46,2.46,2.45,2.45,65915,2021-07-27 14:03:00,OGI
2.451,2.46,2.45,2.4501,37580,2021-07-27 14:04:00,OGI
2.455,2.47,2.45,2.46,40892,2021-07-27 14:05:00,OGI
2.4612,2.4667,2.46,2.46,11864,2021-07-27 14:06:00,OGI
2.4608,2.4669,2.453,2.455,44362,2021-07-27 14:07:00,OGI
2.4599,2.46,2.453,2.4578,11111,2021-07-27 14:08:00,OGI
2.455,2.455,2.45,2.4528,28308,2021-07-27 14:09:00,OGI
2.4563,2.4563,2.44,2.443,42937,2021-07-27 14:10:00,OGI
2.4499,2.45,2.44,2.445,41658,2021-07-27 14:11:00,OGI
2.44,2.45,2.44,2.4415,6963,2021-07-27 14:12:00,OGI
2.445,2.4461,2.4336,2.4401,27399,2021-07-27 14:13:00,OGI
2.4468,2.45,2.4301,2.4393,35493,2021-07-27 14:14:00,OGI
2.4386,2.45,2.43,2.435,42959,2021-07-27 14:15:00,OGI
2.435,2.45,2.4333,2.445,25653,2021-07-27 14:16:00,OGI
2.4477,2.45,2.4401,2.4481,4249,2021-07-27 14:17:00,OGI
2.4499,2.455,2.445,2.45,21905,2021-07-27 14:18:00,OGI
2.455,2.46,2.45,2.4505,16183,2021-07-27 14:19:00,OGI
2.455,2.456,2.45,2.45,1762,2021-07-27 14:20:00,OGI
2.44,2.46,2.44,2.46,55358,2021-07-27 14:21:00,OGI
2.46,2.46,2.45,2.45,25511,2021-07-27 14:22:00,OGI
2.455,2.4598,2.45,2.45,8350,2021-07-27 14:23:00,OGI
2.45,2.4522,2.44,2.44,46175,2021-07-27 14:24:00,OGI
2.4466,2.45,2.435,2.45,53699,2021-07-27 14:25:00,OGI
2.4483,2.45,2.4401,2.443,19500,2021-07-27 14:26:00,OGI
2.4482,2.4482,2.445,2.445,5700,2021-07-27 14:27:00,OGI
2.445,2.45,2.44,2.45,5250,2021-07-27 14:28:00,OGI
2.449,2.45,2.44,2.4407,45459,2021-07-27 14:29:00,OGI
2.4401,2.4401,2.43,2.4381,13280,2021-07-27 14:30:00,OGI
2.44,2.44,2.435,2.4365,3039,2021-07-27 14:31:00,OGI
2.44,2.44,2.43,2.435,9414,2021-07-27 14:32:00,OGI
2.435,2.44,2.4318,2.4318,31304,2021-07-27 14:33:00,OGI
2.4337,2.44,2.4337,2.435,4479,2021-07-27 14:34:00,OGI
2.435,2.44,2.4331,2.4336,8850,2021-07-27 14:35:00,OGI
2.4334,2.44,2.43,2.4338,6877,2021-07-27 14:36:00,OGI
2.435,2.4366,2.4217,2.4366,107483,2021-07-27 14:37:00,OGI
2.4332,2.44,2.4332,2.44,2193,2021-07-27 14:38:00,OGI
2.44,2.4499,2.435,2.4417,15384,2021-07-27 14:39:00,OGI
2.44,2.44,2.4333,2.435,13840,2021-07-27 14:40:00,OGI
2.432,2.4375,2.43,2.43,13200,2021-07-27 14:41:00,OGI
2.4302,2.44,2.4302,2.4399,32226,2021-07-27 14:42:00,OGI
2.445,2.445,2.44,2.445,4900,2021-07-27 14:43:00,OGI
2.4466,2.4499,2.435,2.4392,40303,2021-07-27 14:44:00,OGI
2.44,2.45,2.4395,2.443,43087,2021-07-27 14:45:00,OGI
2.445,2.448,2.44,2.44,5600,2021-07-27 14:46:00,OGI
2.44,2.447,2.44,2.445,14200,2021-07-27 14:47:00,OGI
2.45,2.45,2.43,2.4375,14928,2021-07-27 14:48:00,OGI
2.44,2.44,2.4332,2.435,17366,2021-07-27 14:49:00,OGI
2.439,2.4468,2.435,2.4468,6767,2021-07-27 14:50:00,OGI
2.4461,2.4498,2.44,2.4498,21940,2021-07-27 14:51:00,OGI
2.4463,2.4463,2.435,2.435,7622,2021-07-27 14:52:00,OGI
2.435,2.4378,2.43,2.43,22208,2021-07-27 14:53:00,OGI
2.4365,2.45,2.4325,2.445,43833,2021-07-27 14:54:00,OGI
2.4402,2.441,2.435,2.435,5027,2021-07-27 14:55:00,OGI
2.4301,2.44,2.4301,2.4381,9043,2021-07-27 14:56:00,OGI
2.44,2.44,2.43,2.44,4850,2021-07-27 14:57:00,OGI
2.435,2.445,2.4335,2.44,16225,2021-07-27 14:58:00,OGI
2.4465,2.447,2.44,2.4438,18236,2021-07-27 14:59:00,OGI
2.44,2.45,2.43,2.44,31711,2021-07-27 15:00:00,OGI
2.44,2.45,2.44,2.4401,7852,2021-07-27 15:01:00,OGI
2.43,2.44,2.43,2.4322,8700,2021-07-27 15:02:00,OGI
2.43,2.4366,2.43,2.4365,12730,2021-07-27 15:03:00,OGI
2.4343,2.4385,2.4321,2.4322,5846,2021-07-27 15:04:00,OGI
2.4364,2.438,2.4329,2.4362,2551,2021-07-27 15:05:00,OGI
2.435,2.435,2.4334,2.435,2700,2021-07-27 15:06:00,OGI
2.4374,2.44,2.4374,2.44,1215,2021-07-27 15:07:00,OGI
2.4388,2.4388,2.43,2.4323,17386,2021-07-27 15:08:00,OGI
2.43,2.44,2.43,2.4367,11737,2021-07-27 15:09:00,OGI
2.43,2.435,2.43,2.43,900,2021-07-27 15:10:00,OGI
2.4361,2.44,2.43,2.4363,17800,2021-07-27 15:11:00,OGI
2.433,2.437,2.43,2.437,10042,2021-07-27 15:12:00,OGI
2.435,2.44,2.43,2.4333,25600,2021-07-27 15:13:00,OGI
2.4311,2.44,2.4311,2.44,11825,2021-07-27 15:14:00,OGI
2.435,2.435,2.425,2.425,20707,2021-07-27 15:15:00,OGI
2.425,2.43,2.4225,2.4266,7182,2021-07-27 15:16:00,OGI
2.429,2.43,2.42,2.4277,8891,2021-07-27 15:17:00,OGI
2.4284,2.4285,2.4237,2.4285,8662,2021-07-27 15:18:00,OGI
2.42,2.427,2.42,2.4228,10355,2021-07-27 15:19:00,OGI
2.43,2.43,2.42,2.421,9678,2021-07-27 15:20:00,OGI
2.4278,2.429,2.42,2.423,6952,2021-07-27 15:21:00,OGI
2.4299,2.4299,2.4299,2.4299,20000,2021-07-27 15:22:00,OGI
2.428,2.428,2.423,2.423,1200,2021-07-27 15:23:00,OGI
2.4276,2.428,2.42,2.42,2647,2021-07-27 15:24:00,OGI
2.43,2.43,2.425,2.4274,5225,2021-07-27 15:25:00,OGI
2.43,2.43,2.422,2.4282,12100,2021-07-27 15:26:00,OGI
2.4272,2.4273,2.4201,2.4236,2362,2021-07-27 15:27:00,OGI
2.4233,2.43,2.4213,2.4279,7424,2021-07-27 15:28:00,OGI
2.42,2.429,2.42,2.425,8115,2021-07-27 15:29:00,OGI
2.4236,2.43,2.4236,2.428,5332,2021-07-27 15:30:00,OGI
2.4273,2.43,2.42,2.425,8900,2021-07-27 15:31:00,OGI
2.425,2.43,2.42,2.43,10777,2021-07-27 15:32:00,OGI
2.425,2.43,2.425,2.43,7906,2021-07-27 15:33:00,OGI
2.427,2.427,2.427,2.427,500,2021-07-27 15:34:00,OGI
2.4261,2.43,2.4261,2.4284,13950,2021-07-27 15:35:00,OGI
2.42,2.42,2.41,2.41,64591,2021-07-27 15:36:00,OGI
2.41,2.4164,2.41,2.415,11617,2021-07-27 15:37:00,OGI
2.42,2.42,2.41,2.415,15073,2021-07-27 15:38:00,OGI
2.41,2.415,2.41,2.41,2950,2021-07-27 15:39:00,OGI
2.415,2.42,2.41,2.41,1325,2021-07-27 15:40:00,OGI
2.418,2.418,2.41,2.415,7100,2021-07-27 15:41:00,OGI
2.415,2.4284,2.413,2.4225,42080,2021-07-27 15:42:00,OGI
2.42,2.425,2.41,2.41,5559,2021-07-27 15:43:00,OGI
2.4133,2.42,2.413,2.42,2039,2021-07-27 15:44:00,OGI
2.42,2.43,2.42,2.425,3110,2021-07-27 15:45:00,OGI
2.4299,2.43,2.42,2.425,5700,2021-07-27 15:46:00,OGI
2.4239,2.43,2.422,2.43,2400,2021-07-27 15:47:00,OGI
2.425,2.439,2.425,2.433,21489,2021-07-27 15:48:00,OGI
2.435,2.4367,2.43,2.4367,3100,2021-07-27 15:49:00,OGI
2.44,2.44,2.43,2.435,9325,2021-07-27 15:50:00,OGI
2.4327,2.44,2.43,2.435,3753,2021-07-27 15:51:00,OGI
2.44,2.45,2.435,2.4402,18061,2021-07-27 15:52:00,OGI
2.44,2.447,2.44,2.4414,2445,2021-07-27 15:53:00,OGI
2.44,2.44,2.44,2.44,400,2021-07-27 15:54:00,OGI
2.4462,2.4462,2.445,2.445,605,2021-07-27 15:55:00,OGI
2.445,2.45,2.445,2.445,2600,2021-07-27 15:56:00,OGI
2.4473,2.4473,2.4473,2.4473,3272,2021-07-27 15:57:00,OGI
2.445,2.445,2.445,2.445,500,2021-07-27 15:58:00,OGI
2.45,2.45,2.44,2.44,1232,2021-07-27 15:59:00,OGI
2.43,2.435,2.43,2.435,300,2021-07-27 16:00:00,OGI
2.4336,2.4336,2.43,2.43,2400,2021-07-27 16:01:00,OGI
2.43,2.4306,2.43,2.4306,10600,2021-07-27 16:02:00,OGI
2.43,2.43,2.43,2.43,700,2021-07-27 16:03:00,OGI
2.43,2.435,2.43,2.4316,9943,2021-07-27 16:04:00,OGI
2.4385,2.44,2.43,2.43,9972,2021-07-27 16:05:00,OGI
2.43,2.43,2.421,2.4294,29735,2021-07-27 16:06:00,OGI
2.43,2.45,2.43,2.445,8779,2021-07-27 16:07:00,OGI
2.45,2.4681,2.445,2.455,58614,2021-07-27 16:08:00,OGI
2.45,2.455,2.45,2.455,1235,2021-07-27 16:10:00,OGI
2.455,2.455,2.455,2.455,357,2021-07-27 16:11:00,OGI
2.46,2.46,2.45,2.45,2000,2021-07-27 16:12:00,OGI
2.455,2.455,2.455,2.455,350,2021-07-27 16:13:00,OGI
2.452,2.452,2.452,2.452,3000,2021-07-27 16:14:00,OGI
2.4569,2.46,2.45,2.4501,8902,2021-07-27 16:15:00,OGI
2.4528,2.455,2.451,2.451,3500,2021-07-27 16:16:00,OGI
2.45,2.45,2.445,2.445,8153,2021-07-27 16:17:00,OGI
2.44,2.44,2.44,2.44,2335,2021-07-27 16:18:00,OGI
2.45,2.45,2.44,2.4499,1519,2021-07-27 16:19:00,OGI
2.44,2.4426,2.44,2.4426,4390,2021-07-27 16:20:00,OGI
2.44,2.4436,2.44,2.44,6566,2021-07-27 16:21:00,OGI
2.4464,2.4499,2.44,2.44,2484,2021-07-27 16:22:00,OGI
2.44,2.44,2.44,2.44,303,2021-07-27 16:23:00,OGI
2.44,2.4464,2.44,2.4464,6002,2021-07-27 16:24:00,OGI
2.44,2.44,2.4301,2.4301,5371,2021-07-27 16:25:00,OGI
2.435,2.435,2.435,2.435,234,2021-07-27 16:26:00,OGI
2.4367,2.4367,2.4331,2.4331,2755,2021-07-27 16:27:00,OGI
2.435,2.435,2.435,2.435,1200,2021-07-27 16:28:00,OGI
2.44,2.44,2.4366,2.4378,9900,2021-07-27 16:29:00,OGI
2.435,2.4399,2.435,2.4361,2320,2021-07-27 16:30:00,OGI
2.435,2.435,2.43,2.43,1120,2021-07-27 16:31:00,OGI
2.433,2.435,2.43,2.43,13150,2021-07-27 16:32:00,OGI
2.43,2.43,2.43,2.43,100,2021-07-27 16:33:00,OGI
2.4399,2.4399,2.43,2.4341,1550,2021-07-27 16:34:00,OGI
2.44,2.44,2.43,2.435,4134,2021-07-27 16:36:00,OGI
2.43,2.435,2.43,2.431,5800,2021-07-27 16:37:00,OGI
2.431,2.435,2.43,2.4333,3800,2021-07-27 16:38:00,OGI
2.43,2.435,2.43,2.435,700,2021-07-27 16:39:00,OGI
2.4372,2.4372,2.4372,2.4372,475,2021-07-27 16:40:00,OGI
2.4399,2.4399,2.4399,2.4399,1000,2021-07-27 16:42:00,OGI
2.4375,2.44,2.4375,2.44,7600,2021-07-27 16:43:00,OGI
2.438,2.445,2.4366,2.445,46250,2021-07-27 16:44:00,OGI
2.44,2.4431,2.44,2.4423,4401,2021-07-27 16:45:00,OGI
2.4499,2.4499,2.4437,2.4438,2450,2021-07-27 16:46:00,OGI
2.4462,2.4462,2.44,2.4405,1582,2021-07-27 16:47:00,OGI
2.445,2.4471,2.443,2.443,1740,2021-07-27 16:48:00,OGI
2.4462,2.458,2.4462,2.458,9599,2021-07-27 16:50:00,OGI
2.45,2.4574,2.45,2.4503,7699,2021-07-27 16:51:00,OGI
2.45,2.452,2.45,2.45,4100,2021-07-27 16:52:00,OGI
2.455,2.455,2.455,2.455,1250,2021-07-27 16:53:00,OGI
2.45,2.45,2.4401,2.4462,6750,2021-07-27 16:54:00,OGI
2.445,2.4478,2.445,2.4478,2800,2021-07-27 16:55:00,OGI
2.44,2.4467,2.44,2.4401,4845,2021-07-27 16:56:00,OGI
2.445,2.445,2.445,2.445,476,2021-07-27 16:57:00,OGI
2.445,2.445,2.44,2.442,3350,2021-07-27 16:58:00,OGI
2.4462,2.4462,2.4462,2.4462,1000,2021-07-27 16:59:00,OGI
2.445,2.445,2.445,2.445,300,2021-07-27 17:00:00,OGI
2.4438,2.4468,2.4438,2.4468,3625,2021-07-27 17:01:00,OGI
2.4466,2.4466,2.44,2.445,1246,2021-07-27 17:02:00,OGI
2.45,2.45,2.44,2.44,4427,2021-07-27 17:03:00,OGI
2.4427,2.4427,2.44,2.44,2375,2021-07-27 17:04:00,OGI
2.44,2.44,2.44,2.44,23700,2021-07-27 17:05:00,OGI
2.44,2.45,2.43,2.45,22630,2021-07-27 17:06:00,OGI
2.4439,2.45,2.44,2.4431,3642,2021-07-27 17:07:00,OGI
2.44,2.447,2.44,2.4431,3600,2021-07-27 17:08:00,OGI
2.445,2.4499,2.445,2.4499,1100,2021-07-27 17:09:00,OGI
2.44,2.44,2.44,2.44,7856,2021-07-27 17:11:00,OGI
2.43,2.43,2.43,2.43,400,2021-07-27 17:12:00,OGI
2.435,2.435,2.43,2.4316,7611,2021-07-27 17:13:00,OGI
2.43,2.435,2.43,2.435,658,2021-07-27 17:14:00,OGI
2.43,2.434,2.43,2.434,1625,2021-07-27 17:15:00,OGI
2.43,2.435,2.43,2.43,1800,2021-07-27 17:16:00,OGI
2.435,2.435,2.434,2.434,325,2021-07-27 17:17:00,OGI
2.43,2.431,2.43,2.431,716,2021-07-27 17:18:00,OGI
2.434,2.434,2.434,2.434,150,2021-07-27 17:19:00,OGI
2.435,2.435,2.435,2.435,1000,2021-07-27 17:20:00,OGI
2.439,2.439,2.435,2.435,4700,2021-07-27 17:21:00,OGI
2.43,2.4399,2.43,2.435,4071,2021-07-27 17:22:00,OGI
2.435,2.435,2.43,2.4325,1192,2021-07-27 17:23:00,OGI
2.435,2.435,2.43,2.43,10416,2021-07-27 17:24:00,OGI
2.435,2.435,2.435,2.435,300,2021-07-27 17:25:00,OGI
2.435,2.435,2.435,2.435,100,2021-07-27 17:26:00,OGI
2.43,2.44,2.43,2.44,5366,2021-07-27 17:28:00,OGI
2.44,2.44,2.435,2.435,1000,2021-07-27 17:29:00,OGI
2.435,2.435,2.43,2.43,5809,2021-07-27 17:30:00,OGI
2.43,2.43,2.43,2.43,500,2021-07-27 17:31:00,OGI
2.435,2.435,2.435,2.435,515,2021-07-27 17:32:00,OGI
2.435,2.435,2.43,2.43,1876,2021-07-27 17:33:00,OGI
2.43,2.435,2.43,2.435,241,2021-07-27 17:34:00,OGI
2.435,2.44,2.4314,2.433,12602,2021-07-27 17:35:00,OGI
2.435,2.4369,2.435,2.4369,759,2021-07-27 17:36:00,OGI
2.435,2.4393,2.435,2.4393,3300,2021-07-27 17:37:00,OGI
2.44,2.44,2.4301,2.44,4221,2021-07-27 17:38:00,OGI
2.435,2.4395,2.43,2.43,4350,2021-07-27 17:39:00,OGI
2.435,2.435,2.43,2.43,2433,2021-07-27 17:40:00,OGI
2.4343,2.435,2.4343,2.435,1705,2021-07-27 17:41:00,OGI
2.4361,2.44,2.4361,2.44,200,2021-07-27 17:42:00,OGI
2.435,2.435,2.43,2.43,990,2021-07-27 17:43:00,OGI
2.4338,2.4367,2.4338,2.4367,766,2021-07-27 17:44:00,OGI
2.4363,2.4399,2.4363,2.4399,1700,2021-07-27 17:45:00,OGI
2.435,2.45,2.435,2.445,54315,2021-07-27 17:46:00,OGI
2.45,2.45,2.44,2.444,7487,2021-07-27 17:47:00,OGI
2.4401,2.4499,2.44,2.4436,10816,2021-07-27 17:48:00,OGI
2.4468,2.4468,2.44,2.44,4425,2021-07-27 17:49:00,OGI
2.44,2.45,2.44,2.4401,10602,2021-07-27 17:50:00,OGI
2.445,2.445,2.4401,2.4401,2100,2021-07-27 17:51:00,OGI
2.445,2.45,2.44,2.449,10092,2021-07-27 17:52:00,OGI
2.45,2.45,2.4463,2.4463,1000,2021-07-27 17:53:00,OGI
2.45,2.45,2.445,2.445,892,2021-07-27 17:54:00,OGI
2.4433,2.45,2.44,2.4462,9600,2021-07-27 17:55:00,OGI
2.45,2.45,2.443,2.4499,1900,2021-07-27 17:57:00,OGI
2.44,2.445,2.44,2.445,2200,2021-07-27 17:58:00,OGI
2.445,2.445,2.4401,2.4401,1400,2021-07-27 17:59:00,OGI
2.44,2.45,2.44,2.45,6402,2021-07-27 18:00:00,OGI
2.45,2.4531,2.445,2.45,49372,2021-07-27 18:01:00,OGI
2.451,2.46,2.45,2.4501,11400,2021-07-27 18:02:00,OGI
2.4563,2.4563,2.4563,2.4563,100,2021-07-27 18:03:00,OGI
2.4536,2.4536,2.4536,2.4536,150,2021-07-27 18:04:00,OGI
2.458,2.458,2.455,2.455,273,2021-07-27 18:05:00,OGI
2.4535,2.4576,2.4535,2.455,6910,2021-07-27 18:06:00,OGI
2.451,2.46,2.451,2.46,2485,2021-07-27 18:07:00,OGI
2.46,2.46,2.46,2.46,3000,2021-07-27 18:08:00,OGI
2.4563,2.46,2.455,2.455,4300,2021-07-27 18:09:00,OGI
2.46,2.46,2.458,2.458,3200,2021-07-27 18:10:00,OGI
2.455,2.46,2.455,2.455,2300,2021-07-27 18:11:00,OGI
2.46,2.46,2.45,2.455,1216,2021-07-27 18:12:00,OGI
2.46,2.46,2.45,2.455,28284,2021-07-27 18:14:00,OGI
2.46,2.47,2.456,2.4639,66836,2021-07-27 18:15:00,OGI
2.465,2.48,2.46,2.4701,19760,2021-07-27 18:16:00,OGI
2.4701,2.48,2.47,2.4755,8200,2021-07-27 18:17:00,OGI
2.4799,2.48,2.47,2.48,15040,2021-07-27 18:18:00,OGI
2.4738,2.4768,2.4737,2.4768,1500,2021-07-27 18:19:00,OGI
2.47,2.48,2.47,2.4715,26753,2021-07-27 18:20:00,OGI
2.47,2.47,2.47,2.47,11900,2021-07-27 18:21:00,OGI
2.4701,2.4763,2.47,2.47,40221,2021-07-27 18:22:00,OGI
2.469,2.47,2.4601,2.4601,1893,2021-07-27 18:23:00,OGI
2.46,2.47,2.46,2.4621,4749,2021-07-27 18:24:00,OGI
2.4601,2.4601,2.4601,2.4601,2000,2021-07-27 18:26:00,OGI
2.465,2.465,2.465,2.465,100,2021-07-27 18:27:00,OGI
2.465,2.465,2.45,2.4569,43809,2021-07-27 18:28:00,OGI
2.46,2.465,2.453,2.4638,19821,2021-07-27 18:29:00,OGI
2.4627,2.4699,2.46,2.4699,4324,2021-07-27 18:30:00,OGI
2.47,2.48,2.46,2.475,40309,2021-07-27 18:31:00,OGI
2.48,2.49,2.4716,2.4864,60469,2021-07-27 18:32:00,OGI
2.485,2.485,2.48,2.48,15400,2021-07-27 18:33:00,OGI
2.4701,2.475,2.4701,2.475,4100,2021-07-27 18:34:00,OGI
2.475,2.475,2.475,2.475,100,2021-07-27 18:35:00,OGI
2.475,2.475,2.47,2.47,2400,2021-07-27 18:36:00,OGI
2.471,2.4732,2.47,2.47,2500,2021-07-27 18:37:00,OGI
2.47,2.475,2.47,2.47,2400,2021-07-27 18:38:00,OGI
2.4701,2.475,2.47,2.475,3450,2021-07-27 18:39:00,OGI
2.4769,2.48,2.465,2.47,9822,2021-07-27 18:40:00,OGI
2.47,2.47,2.4601,2.47,2700,2021-07-27 18:41:00,OGI
2.4601,2.4666,2.4601,2.4666,2500,2021-07-27 18:42:00,OGI
2.4636,2.47,2.4636,2.4699,400,2021-07-27 18:44:00,OGI
2.47,2.47,2.46,2.46,11700,2021-07-27 18:45:00,OGI
2.4699,2.4784,2.4669,2.4784,31600,2021-07-27 18:46:00,OGI
2.4701,2.475,2.4701,2.4733,1100,2021-07-27 18:47:00,OGI
2.4731,2.4731,2.4731,2.4731,573,2021-07-27 18:48:00,OGI
2.4761,2.48,2.4733,2.48,2528,2021-07-27 18:50:00,OGI
2.4731,2.48,2.47,2.4716,26896,2021-07-27 18:51:00,OGI
2.47,2.47,2.47,2.47,150,2021-07-27 18:52:00,OGI
2.47,2.49,2.47,2.489,13602,2021-07-27 18:55:00,OGI
2.49,2.49,2.4836,2.4836,500,2021-07-27 18:56:00,OGI
2.4895,2.4895,2.4895,2.4895,2001,2021-07-27 18:57:00,OGI
2.49,2.49,2.4823,2.4862,12564,2021-07-27 18:58:00,OGI
2.4871,2.4876,2.48,2.485,712,2021-07-27 18:59:00,OGI
2.485,2.5,2.48,2.495,31900,2021-07-27 19:00:00,OGI
2.5,2.5,2.49,2.49,19915,2021-07-27 19:01:00,OGI
2.49,2.49,2.49,2.49,16900,2021-07-27 19:02:00,OGI
2.49,2.49,2.485,2.49,1000,2021-07-27 19:03:00,OGI
2.4884,2.49,2.4838,2.4861,11100,2021-07-27 19:04:00,OGI
2.485,2.49,2.485,2.485,5300,2021-07-27 19:05:00,OGI
2.4861,2.4861,2.4861,2.4861,200,2021-07-27 19:06:00,OGI
2.48,2.48,2.475,2.48,41551,2021-07-27 19:07:00,OGI
2.48,2.49,2.475,2.4887,33234,2021-07-27 19:08:00,OGI
2.48,2.49,2.48,2.49,6000,2021-07-27 19:09:00,OGI
2.488,2.49,2.48,2.485,10000,2021-07-27 19:10:00,OGI
2.49,2.49,2.4801,2.4836,2800,2021-07-27 19:11:00,OGI
2.4821,2.485,2.48,2.485,25250,2021-07-27 19:12:00,OGI
2.48,2.4801,2.47,2.475,14804,2021-07-27 19:13:00,OGI
2.4799,2.4799,2.47,2.47,2824,2021-07-27 19:14:00,OGI
2.48,2.48,2.475,2.475,2100,2021-07-27 19:15:00,OGI
2.475,2.475,2.475,2.475,2800,2021-07-27 19:16:00,OGI
2.47,2.475,2.47,2.475,3145,2021-07-27 19:17:00,OGI
2.4704,2.4764,2.47,2.47,14737,2021-07-27 19:18:00,OGI
2.475,2.475,2.47,2.475,11400,2021-07-27 19:19:00,OGI
2.47,2.475,2.47,2.47,400,2021-07-27 19:20:00,OGI
2.47,2.4769,2.47,2.47,828,2021-07-27 19:21:00,OGI
2.47,2.4725,2.47,2.4725,902,2021-07-27 19:22:00,OGI
2.47,2.4724,2.47,2.47,1187,2021-07-27 19:23:00,OGI
2.471,2.48,2.47,2.4766,17086,2021-07-27 19:24:00,OGI
2.475,2.475,2.475,2.475,3700,2021-07-27 19:25:00,OGI
2.4766,2.4766,2.475,2.475,701,2021-07-27 19:26:00,OGI
2.48,2.48,2.47,2.48,7200,2021-07-27 19:27:00,OGI
2.48,2.48,2.4733,2.4784,2791,2021-07-27 19:28:00,OGI
2.475,2.475,2.475,2.475,110,2021-07-27 19:29:00,OGI
2.48,2.49,2.48,2.49,22785,2021-07-27 19:30:00,OGI
2.485,2.49,2.48,2.48,3300,2021-07-27 19:31:00,OGI
2.485,2.485,2.481,2.481,4136,2021-07-27 19:32:00,OGI
2.485,2.4899,2.48,2.48,4901,2021-07-27 19:33:00,OGI
2.48,2.4867,2.48,2.4867,7900,2021-07-27 19:34:00,OGI
2.48,2.4867,2.48,2.48,16729,2021-07-27 19:35:00,OGI
2.48,2.48,2.47,2.47,10900,2021-07-27 19:36:00,OGI
2.47,2.4772,2.47,2.47,3454,2021-07-27 19:37:00,OGI
2.4767,2.4767,2.47,2.47,908,2021-07-27 19:38:00,OGI
2.47,2.47,2.47,2.47,1398,2021-07-27 19:39:00,OGI
2.47,2.4799,2.47,2.4799,2246,2021-07-27 19:40:00,OGI
2.47,2.4767,2.47,2.47,803,2021-07-27 19:41:00,OGI
2.475,2.4767,2.465,2.465,4973,2021-07-27 19:42:00,OGI
2.465,2.4663,2.46,2.46,2400,2021-07-27 19:43:00,OGI
2.4633,2.47,2.4601,2.47,4082,2021-07-27 19:44:00,OGI
2.47,2.47,2.4601,2.4601,14964,2021-07-27 19:45:00,OGI
2.465,2.4699,2.4638,2.4638,2011,2021-07-27 19:46:00,OGI
2.46,2.4662,2.46,2.46,7403,2021-07-27 19:47:00,OGI
2.4665,2.4665,2.465,2.465,732,2021-07-27 19:48:00,OGI
2.4634,2.4699,2.4601,2.465,6067,2021-07-27 19:49:00,OGI
2.47,2.47,2.46,2.465,23120,2021-07-27 19:50:00,OGI
2.465,2.47,2.465,2.465,4020,2021-07-27 19:51:00,OGI
2.465,2.465,2.4634,2.465,6260,2021-07-27 19:52:00,OGI
2.465,2.47,2.4632,2.4663,1990,2021-07-27 19:53:00,OGI
2.465,2.47,2.46,2.46,8912,2021-07-27 19:54:00,OGI
2.465,2.47,2.4601,2.465,9637,2021-07-27 19:55:00,OGI
2.465,2.47,2.46,2.46,30482,2021-07-27 19:56:00,OGI
2.4679,2.47,2.46,2.461,8425,2021-07-27 19:57:00,OGI
2.46,2.465,2.46,2.46,4000,2021-07-27 19:58:00,OGI
2.46,2.47,2.46,2.47,22425,2021-07-27 19:59:00,OGI
2.46,2.46,2.46,2.46,13975,2021-07-27 20:00:00,OGI
2.45,2.45,2.45,2.45,10990,2021-07-27 20:01:00,OGI
2.46,2.46,2.46,2.46,500,2021-07-27 20:11:00,OGI
2.45,2.45,2.45,2.45,2481,2021-07-27 20:41:00,OGI
2.45,2.45,2.45,2.45,143,2021-07-27 20:56:00,OGI
2.48,2.48,2.48,2.48,350,2021-07-27 21:23:00,OGI
2.48,2.48,2.48,2.48,200,2021-07-27 21:32:00,OGI
2.452,2.452,2.45,2.45,449,2021-07-27 21:46:00,OGI
2.45,2.45,2.45,2.45,100,2021-07-27 21:52:00,OGI
2.45,2.45,2.45,2.45,196,2021-07-27 22:10:00,OGI
2.47,2.47,2.47,2.47,100,2021-07-27 22:28:00,OGI
2.47,2.47,2.47,2.47,695,2021-07-27 22:30:00,OGI
2.42,2.42,2.42,2.42,400,2021-07-27 23:04:00,OGI
2.42,2.42,2.42,2.42,400,2021-07-27 23:08:00,OGI
2.47,2.47,2.47,2.47,100,2021-07-27 23:47:00,OGI
2.44,2.44,2.44,2.44,402,2021-07-27 23:54:00,OGI
2.43,2.43,2.3,2.3,29165,2021-07-28 09:10:00,OGI
2.41,2.41,2.4,2.4,996,2021-07-28 09:34:00,OGI
2.43,2.43,2.42,2.42,1362,2021-07-28 11:02:00,OGI
2.43,2.43,2.43,2.43,500,2021-07-28 11:08:00,OGI
2.43,2.45,2.43,2.45,5100,2021-07-28 11:18:00,OGI
2.48,2.48,2.47,2.47,300,2021-07-28 11:19:00,OGI
2.46,2.46,2.46,2.46,590,2021-07-28 11:21:00,OGI
2.46,2.46,2.46,2.46,110,2021-07-28 11:30:00,OGI
2.45,2.45,2.45,2.45,300,2021-07-28 12:09:00,OGI
2.45,2.45,2.45,2.45,675,2021-07-28 12:11:00,OGI
2.46,2.49,2.46,2.47,4170,2021-07-28 12:12:00,OGI
2.48,2.48,2.48,2.48,100,2021-07-28 12:14:00,OGI
2.48,2.48,2.48,2.48,100,2021-07-28 12:25:00,OGI
2.49,2.49,2.49,2.49,650,2021-07-28 12:38:00,OGI
2.4799,2.4799,2.4799,2.4799,5000,2021-07-28 12:40:00,OGI
2.4899,2.4899,2.4899,2.4899,400,2021-07-28 12:49:00,OGI
2.49,2.49,2.49,2.49,402,2021-07-28 12:50:00,OGI
2.49,2.52,2.47,2.47,11408,2021-07-28 12:51:00,OGI
2.4899,2.4899,2.4899,2.4899,5500,2021-07-28 12:52:00,OGI
2.49,2.5099,2.4899,2.5099,7400,2021-07-28 12:53:00,OGI
2.51,2.51,2.51,2.51,1400,2021-07-28 12:54:00,OGI
2.53,2.53,2.53,2.53,300,2021-07-28 12:55:00,OGI
2.52,2.52,2.51,2.51,600,2021-07-28 12:56:00,OGI
2.52,2.53,2.51,2.51,3400,2021-07-28 12:58:00,OGI
2.5299,2.5299,2.5299,2.5299,4500,2021-07-28 12:59:00,OGI
2.53,2.53,2.53,2.53,500,2021-07-28 13:00:00,OGI
2.51,2.51,2.51,2.51,100,2021-07-28 13:01:00,OGI
2.51,2.51,2.51,2.51,1313,2021-07-28 13:02:00,OGI
2.51,2.51,2.51,2.51,200,2021-07-28 13:04:00,OGI
2.51,2.51,2.48,2.5,10990,2021-07-28 13:08:00,OGI
2.52,2.52,2.5,2.5,1985,2021-07-28 13:14:00,OGI
2.5,2.5,2.5,2.5,100,2021-07-28 13:15:00,OGI
2.51,2.51,2.5,2.5,850,2021-07-28 13:16:00,OGI
2.5,2.5,2.5,2.5,115,2021-07-28 13:19:00,OGI
2.4999,2.4999,2.4999,2.4999,2000,2021-07-28 13:20:00,OGI
2.4999,2.5,2.4999,2.5,1200,2021-07-28 13:24:00,OGI
2.4999,2.4999,2.4999,2.4999,900,2021-07-28 13:25:00,OGI
2.51,2.52,2.51,2.51,300,2021-07-28 13:26:00,OGI
2.53,2.53,2.5,2.5,72045,2021-07-28 13:30:00,OGI
2.5016,2.56,2.5016,2.5443,113405,2021-07-28 13:31:00,OGI
2.5501,2.5799,2.55,2.57,84733,2021-07-28 13:32:00,OGI
2.56,2.57,2.55,2.5599,37643,2021-07-28 13:33:00,OGI
2.56,2.59,2.56,2.575,66979,2021-07-28 13:34:00,OGI
2.575,2.59,2.5601,2.585,82982,2021-07-28 13:35:00,OGI
2.59,2.6,2.58,2.595,57713,2021-07-28 13:36:00,OGI
2.595,2.62,2.595,2.6116,124127,2021-07-28 13:37:00,OGI
2.619,2.62,2.58,2.59,89162,2021-07-28 13:38:00,OGI
2.58,2.62,2.58,2.61,72416,2021-07-28 13:39:00,OGI
2.62,2.64,2.6138,2.6199,153669,2021-07-28 13:40:00,OGI
2.61,2.625,2.601,2.62,39937,2021-07-28 13:41:00,OGI
2.6231,2.64,2.62,2.635,36686,2021-07-28 13:42:00,OGI
2.6399,2.65,2.63,2.635,107377,2021-07-28 13:43:00,OGI
2.6378,2.6599,2.63,2.6323,68205,2021-07-28 13:44:00,OGI
2.64,2.66,2.639,2.6525,48542,2021-07-28 13:45:00,OGI
2.6531,2.7,2.651,2.6984,247586,2021-07-28 13:46:00,OGI
2.6931,2.71,2.69,2.7082,88901,2021-07-28 13:47:00,OGI
2.705,2.73,2.7,2.7123,132955,2021-07-28 13:48:00,OGI
2.7101,2.73,2.71,2.7223,50899,2021-07-28 13:49:00,OGI
2.73,2.7578,2.7238,2.7578,129400,2021-07-28 13:50:00,OGI
2.755,2.76,2.7134,2.7134,70885,2021-07-28 13:51:00,OGI
2.715,2.73,2.7,2.7299,98050,2021-07-28 13:52:00,OGI
2.7299,2.74,2.7,2.7,77120,2021-07-28 13:53:00,OGI
2.7,2.72,2.67,2.67,90081,2021-07-28 13:54:00,OGI
2.67,2.71,2.66,2.71,127407,2021-07-28 13:55:00,OGI
2.7031,2.725,2.7,2.719,126451,2021-07-28 13:56:00,OGI
2.71,2.73,2.71,2.72,39614,2021-07-28 13:57:00,OGI
2.7101,2.72,2.7,2.7,25719,2021-07-28 13:58:00,OGI
2.69,2.71,2.68,2.695,39950,2021-07-28 13:59:00,OGI
2.695,2.71,2.6899,2.69,37020,2021-07-28 14:00:00,OGI
2.68,2.69,2.6715,2.6715,95382,2021-07-28 14:01:00,OGI
2.68,2.69,2.67,2.6702,50378,2021-07-28 14:02:00,OGI
2.675,2.68,2.65,2.6708,77618,2021-07-28 14:03:00,OGI
2.6765,2.7114,2.6701,2.705,123076,2021-07-28 14:04:00,OGI
2.7046,2.72,2.7,2.7116,70105,2021-07-28 14:05:00,OGI
2.72,2.73,2.71,2.71,118305,2021-07-28 14:06:00,OGI
2.718,2.725,2.7,2.7003,78259,2021-07-28 14:07:00,OGI
2.7081,2.7099,2.69,2.699,28380,2021-07-28 14:08:00,OGI
2.7,2.7,2.685,2.685,45526,2021-07-28 14:09:00,OGI
2.6869,2.69,2.68,2.6885,39289,2021-07-28 14:10:00,OGI
2.68,2.68,2.665,2.665,45826,2021-07-28 14:11:00,OGI
2.6699,2.68,2.65,2.66,41238,2021-07-28 14:12:00,OGI
2.66,2.67,2.653,2.665,40070,2021-07-28 14:13:00,OGI
2.6619,2.667,2.65,2.655,30714,2021-07-28 14:14:00,OGI
2.655,2.67,2.655,2.665,27454,2021-07-28 14:15:00,OGI
2.67,2.6799,2.66,2.66,18620,2021-07-28 14:16:00,OGI
2.665,2.67,2.6438,2.6539,38062,2021-07-28 14:17:00,OGI
2.6599,2.66,2.6441,2.6534,65646,2021-07-28 14:18:00,OGI
2.655,2.67,2.653,2.6677,26720,2021-07-28 14:19:00,OGI
2.6637,2.6637,2.65,2.6522,86573,2021-07-28 14:20:00,OGI
2.6599,2.66,2.65,2.65,52972,2021-07-28 14:21:00,OGI
2.64,2.65,2.63,2.6369,55746,2021-07-28 14:22:00,OGI
2.64,2.64,2.63,2.6338,15005,2021-07-28 14:23:00,OGI
2.6334,2.64,2.62,2.62,51663,2021-07-28 14:24:00,OGI
2.6209,2.6209,2.6101,2.62,60174,2021-07-28 14:25:00,OGI
2.615,2.62,2.61,2.62,12767,2021-07-28 14:26:00,OGI
2.61,2.63,2.61,2.6222,48782,2021-07-28 14:27:00,OGI
2.62,2.63,2.61,2.62,61316,2021-07-28 14:28:00,OGI
2.6199,2.62,2.613,2.613,25035,2021-07-28 14:29:00,OGI
2.618,2.62,2.6031,2.6031,24556,2021-07-28 14:30:00,OGI
2.61,2.61,2.6,2.6004,30226,2021-07-28 14:31:00,OGI
2.6015,2.61,2.59,2.5901,54264,2021-07-28 14:32:00,OGI
2.6,2.6,2.59,2.595,46365,2021-07-28 14:33:00,OGI
2.6,2.61,2.595,2.6001,35956,2021-07-28 14:34:00,OGI
2.605,2.61,2.59,2.59,123592,2021-07-28 14:35:00,OGI
2.595,2.6,2.59,2.59,14077,2021-07-28 14:36:00,OGI
2.5899,2.6,2.5869,2.6,15956,2021-07-28 14:37:00,OGI
2.6,2.61,2.595,2.595,57613,2021-07-28 14:38:00,OGI
2.6,2.62,2.595,2.6101,25598,2021-07-28 14:39:00,OGI
2.61,2.63,2.61,2.621,25079,2021-07-28 14:40:00,OGI
2.63,2.63,2.627,2.63,23338,2021-07-28 14:41:00,OGI
2.625,2.64,2.62,2.64,28432,2021-07-28 14:42:00,OGI
2.6317,2.64,2.621,2.6229,23995,2021-07-28 14:43:00,OGI
2.625,2.626,2.61,2.6129,16466,2021-07-28 14:44:00,OGI
2.62,2.65,2.61,2.65,75406,2021-07-28 14:45:00,OGI
2.645,2.65,2.6431,2.65,25039,2021-07-28 14:46:00,OGI
2.65,2.66,2.6401,2.6562,39625,2021-07-28 14:47:00,OGI
2.66,2.67,2.6518,2.6518,35856,2021-07-28 14:48:00,OGI
2.65,2.6563,2.65,2.655,8500,2021-07-28 14:49:00,OGI
2.6524,2.665,2.6501,2.665,25839,2021-07-28 14:50:00,OGI
2.665,2.68,2.6636,2.664,26317,2021-07-28 14:51:00,OGI
2.67,2.68,2.66,2.68,13148,2021-07-28 14:52:00,OGI
2.67,2.67,2.66,2.66,18592,2021-07-28 14:53:00,OGI
2.67,2.67,2.66,2.6607,11643,2021-07-28 14:54:00,OGI
2.665,2.665,2.65,2.655,38222,2021-07-28 14:55:00,OGI
2.65,2.66,2.65,2.655,12305,2021-07-28 14:56:00,OGI
2.65,2.65,2.64,2.65,32560,2021-07-28 14:57:00,OGI
2.6509,2.655,2.641,2.6536,25565,2021-07-28 14:58:00,OGI
2.66,2.67,2.653,2.66,15791,2021-07-28 14:59:00,OGI
2.6699,2.67,2.66,2.66,11000,2021-07-28 15:00:00,OGI
2.6628,2.67,2.65,2.6561,74664,2021-07-28 15:01:00,OGI
2.66,2.66,2.64,2.64,6150,2021-07-28 15:02:00,OGI
2.64,2.64,2.63,2.635,28072,2021-07-28 15:03:00,OGI
2.64,2.64,2.63,2.637,18323,2021-07-28 15:04:00,OGI
2.635,2.64,2.63,2.63,16253,2021-07-28 15:05:00,OGI
2.64,2.65,2.63,2.6401,50584,2021-07-28 15:06:00,OGI
2.65,2.65,2.63,2.6372,22923,2021-07-28 15:07:00,OGI
2.63,2.64,2.63,2.635,10700,2021-07-28 15:08:00,OGI
2.64,2.64,2.62,2.62,23612,2021-07-28 15:09:00,OGI
2.625,2.63,2.625,2.6269,5950,2021-07-28 15:10:00,OGI
2.6279,2.64,2.625,2.64,17916,2021-07-28 15:11:00,OGI
2.64,2.64,2.625,2.63,50326,2021-07-28 15:12:00,OGI
2.623,2.64,2.623,2.635,11905,2021-07-28 15:13:00,OGI
2.64,2.65,2.6363,2.6439,9998,2021-07-28 15:14:00,OGI
2.65,2.66,2.6482,2.6538,16002,2021-07-28 15:15:00,OGI
2.66,2.67,2.6582,2.67,31300,2021-07-28 15:16:00,OGI
2.67,2.67,2.655,2.655,7897,2021-07-28 15:17:00,OGI
2.66,2.66,2.6501,2.6501,6250,2021-07-28 15:18:00,OGI
2.659,2.67,2.655,2.6607,9118,2021-07-28 15:19:00,OGI
2.6661,2.67,2.66,2.665,13247,2021-07-28 15:20:00,OGI
2.665,2.665,2.665,2.665,800,2021-07-28 15:21:00,OGI
2.665,2.67,2.663,2.67,8150,2021-07-28 15:22:00,OGI
2.665,2.69,2.665,2.6806,67220,2021-07-28 15:23:00,OGI
2.68,2.69,2.675,2.6801,26946,2021-07-28 15:24:00,OGI
2.6801,2.69,2.6801,2.69,11025,2021-07-28 15:25:00,OGI
2.685,2.69,2.68,2.69,5750,2021-07-28 15:26:00,OGI
2.68,2.685,2.68,2.685,4000,2021-07-28 15:27:00,OGI
2.6899,2.69,2.6801,2.69,3582,2021-07-28 15:28:00,OGI
2.6867,2.69,2.68,2.69,3803,2021-07-28 15:29:00,OGI
2.685,2.685,2.67,2.675,19164,2021-07-28 15:30:00,OGI
2.6799,2.69,2.6721,2.69,43326,2021-07-28 15:31:00,OGI
2.69,2.7,2.6885,2.69,19637,2021-07-28 15:32:00,OGI
2.69,2.7,2.681,2.681,11460,2021-07-28 15:33:00,OGI
2.69,2.69,2.685,2.6882,5930,2021-07-28 15:34:00,OGI
2.687,2.69,2.68,2.6888,9330,2021-07-28 15:35:00,OGI
2.6839,2.685,2.68,2.685,6044,2021-07-28 15:36:00,OGI
2.685,2.7,2.683,2.7,7950,2021-07-28 15:37:00,OGI
2.6923,2.6999,2.6923,2.6927,320,2021-07-28 15:38:00,OGI
2.6925,2.71,2.6925,2.705,41749,2021-07-28 15:39:00,OGI
2.7063,2.71,2.7,2.71,13705,2021-07-28 15:40:00,OGI
2.705,2.71,2.7,2.71,5911,2021-07-28 15:41:00,OGI
2.7,2.7064,2.69,2.69,33212,2021-07-28 15:42:00,OGI
2.6895,2.69,2.68,2.68,1700,2021-07-28 15:43:00,OGI
2.69,2.69,2.6801,2.6868,14450,2021-07-28 15:44:00,OGI
2.6873,2.69,2.683,2.69,14150,2021-07-28 15:45:00,OGI
2.685,2.6902,2.685,2.6902,6902,2021-07-28 15:46:00,OGI
2.6907,2.7,2.69,2.6901,9567,2021-07-28 15:47:00,OGI
2.7,2.7,2.69,2.695,7998,2021-07-28 15:48:00,OGI
2.695,2.7,2.69,2.7,2445,2021-07-28 15:49:00,OGI
2.7,2.7,2.6933,2.7,7399,2021-07-28 15:50:00,OGI
2.7,2.7,2.693,2.7,5935,2021-07-28 15:51:00,OGI
2.6939,2.7,2.69,2.6962,5200,2021-07-28 15:52:00,OGI
2.6932,2.7,2.693,2.697,5200,2021-07-28 15:53:00,OGI
2.695,2.705,2.695,2.705,51799,2021-07-28 15:54:00,OGI
2.7001,2.705,2.7001,2.705,11100,2021-07-28 15:55:00,OGI
2.7021,2.72,2.7021,2.711,47364,2021-07-28 15:56:00,OGI
2.72,2.72,2.7,2.7099,16903,2021-07-28 15:57:00,OGI
2.7072,2.71,2.7,2.7008,15209,2021-07-28 15:58:00,OGI
2.7,2.7,2.69,2.7,7946,2021-07-28 15:59:00,OGI
2.695,2.7,2.68,2.69,28751,2021-07-28 16:00:00,OGI
2.69,2.69,2.681,2.6899,4020,2021-07-28 16:01:00,OGI
2.68,2.69,2.68,2.681,4750,2021-07-28 16:02:00,OGI
2.6801,2.69,2.6801,2.683,19847,2021-07-28 16:03:00,OGI
2.68,2.69,2.68,2.68,7264,2021-07-28 16:04:00,OGI
2.69,2.69,2.675,2.675,116810,2021-07-28 16:05:00,OGI
2.6778,2.68,2.67,2.68,14800,2021-07-28 16:06:00,OGI
2.6769,2.69,2.673,2.675,50558,2021-07-28 16:07:00,OGI
2.68,2.68,2.665,2.67,33990,2021-07-28 16:08:00,OGI
2.67,2.67,2.6699,2.6699,650,2021-07-28 16:09:00,OGI
2.67,2.69,2.67,2.675,61052,2021-07-28 16:10:00,OGI
2.6761,2.68,2.67,2.6731,2000,2021-07-28 16:11:00,OGI
2.676,2.676,2.676,2.676,200,2021-07-28 16:12:00,OGI
2.67,2.6717,2.67,2.67,2250,2021-07-28 16:13:00,OGI
2.6699,2.67,2.66,2.665,2431,2021-07-28 16:14:00,OGI
2.6663,2.6664,2.665,2.6664,2378,2021-07-28 16:15:00,OGI
2.6626,2.6678,2.6626,2.6633,3121,2021-07-28 16:16:00,OGI
2.6643,2.68,2.6643,2.68,23050,2021-07-28 16:17:00,OGI
2.68,2.69,2.671,2.675,44116,2021-07-28 16:18:00,OGI
2.68,2.68,2.68,2.68,500,2021-07-28 16:19:00,OGI
2.68,2.68,2.673,2.6784,22650,2021-07-28 16:20:00,OGI
2.6782,2.68,2.67,2.6701,6317,2021-07-28 16:21:00,OGI
2.6738,2.68,2.6601,2.6601,46879,2021-07-28 16:22:00,OGI
2.665,2.677,2.6601,2.675,9808,2021-07-28 16:23:00,OGI
2.68,2.68,2.6734,2.6734,11810,2021-07-28 16:24:00,OGI
2.6799,2.68,2.675,2.68,4600,2021-07-28 16:25:00,OGI
2.675,2.69,2.675,2.6866,18607,2021-07-28 16:26:00,OGI
2.6878,2.6878,2.685,2.685,4100,2021-07-28 16:27:00,OGI
2.68,2.68,2.68,2.68,500,2021-07-28 16:28:00,OGI
2.68,2.69,2.68,2.689,8546,2021-07-28 16:29:00,OGI
2.685,2.7,2.685,2.697,38271,2021-07-28 16:30:00,OGI
2.7,2.7,2.69,2.7,9100,2021-07-28 16:31:00,OGI
2.7,2.7,2.685,2.685,23978,2021-07-28 16:32:00,OGI
2.6864,2.7,2.685,2.6934,17070,2021-07-28 16:33:00,OGI
2.6901,2.7,2.69,2.699,4900,2021-07-28 16:34:00,OGI
2.7,2.71,2.6985,2.7033,25451,2021-07-28 16:35:00,OGI
2.705,2.705,2.703,2.703,4600,2021-07-28 16:36:00,OGI
2.7047,2.71,2.7,2.71,16453,2021-07-28 16:37:00,OGI
2.71,2.71,2.71,2.71,100,2021-07-28 16:38:00,OGI
2.705,2.71,2.701,2.701,7987,2021-07-28 16:39:00,OGI
2.705,2.715,2.7022,2.715,26971,2021-07-28 16:40:00,OGI
2.7101,2.72,2.71,2.72,17000,2021-07-28 16:41:00,OGI
2.717,2.72,2.71,2.7131,10670,2021-07-28 16:42:00,OGI
2.715,2.7263,2.7101,2.7263,48168,2021-07-28 16:43:00,OGI
2.73,2.73,2.711,2.72,55673,2021-07-28 16:44:00,OGI
2.72,2.72,2.71,2.71,3688,2021-07-28 16:45:00,OGI
2.715,2.72,2.71,2.7128,5910,2021-07-28 16:46:00,OGI
2.7101,2.72,2.71,2.715,15176,2021-07-28 16:47:00,OGI
2.71,2.71,2.7,2.7,27262,2021-07-28 16:48:00,OGI
2.7,2.7,2.699,2.7,400,2021-07-28 16:49:00,OGI
2.69,2.695,2.68,2.6896,25983,2021-07-28 16:50:00,OGI
2.6862,2.69,2.6833,2.6833,2900,2021-07-28 16:51:00,OGI
2.69,2.7,2.69,2.695,11312,2021-07-28 16:52:00,OGI
2.69,2.6999,2.69,2.6922,4800,2021-07-28 16:53:00,OGI
2.69,2.695,2.6834,2.6834,3300,2021-07-28 16:54:00,OGI
2.69,2.6939,2.69,2.6939,3193,2021-07-28 16:55:00,OGI
2.69,2.7,2.69,2.6901,2250,2021-07-28 16:56:00,OGI
2.69,2.695,2.68,2.6835,14883,2021-07-28 16:57:00,OGI
2.685,2.685,2.685,2.685,600,2021-07-28 16:58:00,OGI
2.69,2.69,2.685,2.685,2000,2021-07-28 16:59:00,OGI
2.685,2.7,2.683,2.685,34438,2021-07-28 17:00:00,OGI
2.69,2.695,2.69,2.69,10247,2021-07-28 17:01:00,OGI
2.7,2.7,2.69,2.6999,1900,2021-07-28 17:02:00,OGI
2.69,2.7,2.69,2.69,1900,2021-07-28 17:03:00,OGI
2.694,2.7,2.694,2.7,540,2021-07-28 17:04:00,OGI
2.695,2.7,2.69,2.7,2400,2021-07-28 17:05:00,OGI
2.7,2.7,2.69,2.69,2002,2021-07-28 17:06:00,OGI
2.6922,2.6922,2.68,2.68,10200,2021-07-28 17:07:00,OGI
2.69,2.69,2.67,2.675,29526,2021-07-28 17:08:00,OGI
2.675,2.69,2.67,2.69,20661,2021-07-28 17:09:00,OGI
2.69,2.7,2.685,2.693,8160,2021-07-28 17:10:00,OGI
2.695,2.7,2.69,2.692,1638,2021-07-28 17:11:00,OGI
2.69,2.69,2.69,2.69,4700,2021-07-28 17:12:00,OGI
2.69,2.69,2.685,2.685,8848,2021-07-28 17:13:00,OGI
2.6863,2.6863,2.6832,2.6832,750,2021-07-28 17:14:00,OGI
2.68,2.6802,2.68,2.68,7800,2021-07-28 17:15:00,OGI
2.68,2.685,2.68,2.68,6400,2021-07-28 17:16:00,OGI
2.685,2.685,2.685,2.685,800,2021-07-28 17:17:00,OGI
2.68,2.68,2.67,2.675,4200,2021-07-28 17:18:00,OGI
2.6773,2.68,2.6773,2.6799,8900,2021-07-28 17:19:00,OGI
2.6741,2.68,2.67,2.6785,9740,2021-07-28 17:20:00,OGI
2.68,2.69,2.68,2.6829,5778,2021-07-28 17:21:00,OGI
2.6838,2.69,2.67,2.67,5100,2021-07-28 17:22:00,OGI
2.67,2.675,2.67,2.675,20600,2021-07-28 17:23:00,OGI
2.67,2.675,2.67,2.675,3325,2021-07-28 17:24:00,OGI
2.68,2.68,2.6739,2.6799,1526,2021-07-28 17:25:00,OGI
2.6799,2.68,2.6716,2.675,3600,2021-07-28 17:26:00,OGI
2.68,2.68,2.6771,2.6771,860,2021-07-28 17:27:00,OGI
2.67,2.68,2.67,2.675,4400,2021-07-28 17:28:00,OGI
2.67,2.675,2.67,2.675,280,2021-07-28 17:29:00,OGI
2.67,2.6702,2.66,2.665,14598,2021-07-28 17:31:00,OGI
2.66,2.665,2.66,2.665,2520,2021-07-28 17:32:00,OGI
2.6662,2.67,2.66,2.665,12289,2021-07-28 17:33:00,OGI
2.67,2.67,2.6601,2.67,3000,2021-07-28 17:34:00,OGI
2.6638,2.68,2.6637,2.68,22716,2021-07-28 17:35:00,OGI
2.675,2.68,2.675,2.68,5400,2021-07-28 17:36:00,OGI
2.67,2.6705,2.67,2.67,2494,2021-07-28 17:37:00,OGI
2.67,2.67,2.665,2.665,3649,2021-07-28 17:38:00,OGI
2.6698,2.6698,2.665,2.665,800,2021-07-28 17:39:00,OGI
2.665,2.665,2.66,2.66,26600,2021-07-28 17:40:00,OGI
2.6531,2.66,2.65,2.66,4584,2021-07-28 17:41:00,OGI
2.6599,2.6599,2.6599,2.6599,1000,2021-07-28 17:42:00,OGI
2.6534,2.659,2.6534,2.659,1842,2021-07-28 17:43:00,OGI
2.66,2.66,2.6506,2.66,5098,2021-07-28 17:44:00,OGI
2.6536,2.655,2.6536,2.655,600,2021-07-28 17:45:00,OGI
2.6584,2.6584,2.655,2.655,662,2021-07-28 17:46:00,OGI
2.6562,2.67,2.6503,2.6638,13147,2021-07-28 17:47:00,OGI
2.667,2.67,2.665,2.67,2880,2021-07-28 17:48:00,OGI
2.67,2.67,2.6638,2.6677,400,2021-07-28 17:49:00,OGI
2.67,2.68,2.67,2.675,12350,2021-07-28 17:50:00,OGI
2.675,2.68,2.671,2.68,7043,2021-07-28 17:51:00,OGI
2.67,2.6799,2.67,2.67,525,2021-07-28 17:52:00,OGI
2.68,2.68,2.68,2.68,373,2021-07-28 17:53:00,OGI
2.67,2.675,2.67,2.67,900,2021-07-28 17:54:00,OGI
2.674,2.675,2.67,2.67,1114,2021-07-28 17:55:00,OGI
2.67,2.675,2.67,2.675,700,2021-07-28 17:56:00,OGI
2.6701,2.6774,2.6701,2.6774,2487,2021-07-28 17:57:00,OGI
2.675,2.68,2.67,2.675,10076,2021-07-28 17:58:00,OGI
2.68,2.68,2.67,2.6799,5850,2021-07-28 17:59:00,OGI
2.675,2.675,2.66,2.665,9026,2021-07-28 18:00:00,OGI
2.66,2.6799,2.66,2.67,38486,2021-07-28 18:01:00,OGI
2.68,2.69,2.68,2.6899,8200,2021-07-28 18:02:00,OGI
2.7,2.7,2.6801,2.6801,27845,2021-07-28 18:03:00,OGI
2.6957,2.6957,2.69,2.69,797,2021-07-28 18:04:00,OGI
2.69,2.6971,2.68,2.685,19157,2021-07-28 18:05:00,OGI
2.69,2.69,2.69,2.69,200,2021-07-28 18:06:00,OGI
2.68,2.685,2.68,2.68,1225,2021-07-28 18:07:00,OGI
2.685,2.69,2.6801,2.685,9500,2021-07-28 18:08:00,OGI
2.6801,2.685,2.68,2.685,23891,2021-07-28 18:09:00,OGI
2.68,2.69,2.68,2.68,5353,2021-07-28 18:10:00,OGI
2.682,2.6838,2.675,2.68,36083,2021-07-28 18:11:00,OGI
2.6799,2.68,2.6718,2.675,12683,2021-07-28 18:12:00,OGI
2.68,2.68,2.67,2.67,12221,2021-07-28 18:13:00,OGI
2.6799,2.68,2.67,2.6736,21572,2021-07-28 18:14:00,OGI
2.6701,2.6778,2.67,2.677,4400,2021-07-28 18:15:00,OGI
2.67,2.68,2.67,2.679,2400,2021-07-28 18:16:00,OGI
2.67,2.67,2.67,2.67,800,2021-07-28 18:17:00,OGI
2.675,2.675,2.675,2.675,425,2021-07-28 18:18:00,OGI
2.6731,2.675,2.67,2.675,3700,2021-07-28 18:19:00,OGI
2.68,2.68,2.6783,2.68,7568,2021-07-28 18:20:00,OGI
2.6875,2.69,2.6801,2.685,8300,2021-07-28 18:21:00,OGI
2.6818,2.69,2.6811,2.685,6675,2021-07-28 18:22:00,OGI
2.69,2.69,2.6807,2.685,1100,2021-07-28 18:23:00,OGI
2.687,2.69,2.6801,2.6837,6649,2021-07-28 18:24:00,OGI
2.687,2.7,2.68,2.685,46427,2021-07-28 18:25:00,OGI
2.68,2.685,2.68,2.685,2200,2021-07-28 18:26:00,OGI
2.68,2.685,2.68,2.68,300,2021-07-28 18:27:00,OGI
2.69,2.69,2.68,2.6838,7200,2021-07-28 18:28:00,OGI
2.685,2.685,2.685,2.685,2900,2021-07-28 18:29:00,OGI
2.6837,2.695,2.68,2.69,15846,2021-07-28 18:30:00,OGI
2.69,2.7,2.69,2.691,5400,2021-07-28 18:31:00,OGI
2.695,2.7,2.6901,2.691,2650,2021-07-28 18:32:00,OGI
2.69,2.695,2.69,2.695,1355,2021-07-28 18:33:00,OGI
2.7,2.7,2.69,2.691,3850,2021-07-28 18:34:00,OGI
2.69,2.695,2.68,2.68,6280,2021-07-28 18:35:00,OGI
2.6814,2.685,2.6814,2.685,10100,2021-07-28 18:36:00,OGI
2.685,2.69,2.6821,2.6821,5666,2021-07-28 18:37:00,OGI
2.69,2.7,2.6866,2.6958,15450,2021-07-28 18:38:00,OGI
2.7,2.7,2.691,2.7,2250,2021-07-28 18:39:00,OGI
2.7,2.71,2.7,2.7099,46945,2021-07-28 18:40:00,OGI
2.7099,2.71,2.7,2.7,3800,2021-07-28 18:41:00,OGI
2.705,2.7099,2.7,2.7,26303,2021-07-28 18:42:00,OGI
2.7,2.705,2.7,2.705,2032,2021-07-28 18:43:00,OGI
2.705,2.71,2.705,2.71,20892,2021-07-28 18:44:00,OGI
2.704,2.72,2.704,2.715,23933,2021-07-28 18:45:00,OGI
2.71,2.72,2.71,2.72,42532,2021-07-28 18:46:00,OGI
2.715,2.7173,2.715,2.715,5800,2021-07-28 18:47:00,OGI
2.72,2.72,2.7138,2.72,4363,2021-07-28 18:48:00,OGI
2.72,2.72,2.7101,2.7138,2950,2021-07-28 18:49:00,OGI
2.711,2.73,2.71,2.7231,15636,2021-07-28 18:50:00,OGI
2.73,2.73,2.7205,2.7205,11548,2021-07-28 18:51:00,OGI
2.7275,2.73,2.72,2.725,4790,2021-07-28 18:52:00,OGI
2.72,2.73,2.71,2.71,40820,2021-07-28 18:53:00,OGI
2.72,2.72,2.71,2.715,7190,2021-07-28 18:54:00,OGI
2.72,2.73,2.719,2.7299,3400,2021-07-28 18:55:00,OGI
2.73,2.74,2.72,2.7368,33498,2021-07-28 18:56:00,OGI
2.735,2.737,2.73,2.735,1650,2021-07-28 18:57:00,OGI
2.7366,2.74,2.73,2.73,1430,2021-07-28 18:58:00,OGI
2.735,2.74,2.73,2.735,3300,2021-07-28 18:59:00,OGI
2.7376,2.7499,2.73,2.74,90691,2021-07-28 19:00:00,OGI
2.735,2.74,2.73,2.73,10414,2021-07-28 19:01:00,OGI
2.73,2.74,2.73,2.74,9900,2021-07-28 19:02:00,OGI
2.737,2.737,2.72,2.73,17445,2021-07-28 19:03:00,OGI
2.72,2.74,2.72,2.735,14197,2021-07-28 19:04:00,OGI
2.735,2.74,2.735,2.74,1687,2021-07-28 19:05:00,OGI
2.73,2.74,2.73,2.735,3200,2021-07-28 19:06:00,OGI
2.74,2.74,2.73,2.7362,12900,2021-07-28 19:07:00,OGI
2.735,2.74,2.73,2.735,17715,2021-07-28 19:08:00,OGI
2.73,2.73,2.72,2.72,25261,2021-07-28 19:09:00,OGI
2.73,2.73,2.72,2.7201,6635,2021-07-28 19:10:00,OGI
2.73,2.73,2.72,2.725,3647,2021-07-28 19:11:00,OGI
2.725,2.73,2.72,2.725,12726,2021-07-28 19:12:00,OGI
2.725,2.73,2.72,2.725,8450,2021-07-28 19:13:00,OGI
2.72,2.73,2.72,2.725,4160,2021-07-28 19:14:00,OGI
2.7261,2.73,2.72,2.7299,74332,2021-07-28 19:15:00,OGI
2.725,2.73,2.72,2.725,10418,2021-07-28 19:16:00,OGI
2.73,2.73,2.72,2.72,2080,2021-07-28 19:17:00,OGI
2.725,2.725,2.72,2.72,14027,2021-07-28 19:18:00,OGI
2.726,2.73,2.7238,2.7238,3375,2021-07-28 19:19:00,OGI
2.724,2.73,2.72,2.72,28600,2021-07-28 19:20:00,OGI
2.73,2.73,2.725,2.725,6393,2021-07-28 19:21:00,OGI
2.725,2.73,2.72,2.72,8964,2021-07-28 19:22:00,OGI
2.72,2.7268,2.72,2.7216,21200,2021-07-28 19:23:00,OGI
2.725,2.73,2.725,2.725,1831,2021-07-28 19:24:00,OGI
2.72,2.73,2.72,2.725,4700,2021-07-28 19:25:00,OGI
2.72,2.73,2.72,2.725,2900,2021-07-28 19:26:00,OGI
2.72,2.7263,2.72,2.725,3687,2021-07-28 19:27:00,OGI
2.7201,2.725,2.72,2.72,2440,2021-07-28 19:28:00,OGI
2.722,2.73,2.72,2.725,6927,2021-07-28 19:29:00,OGI
2.72,2.73,2.72,2.725,36431,2021-07-28 19:30:00,OGI
2.73,2.74,2.7237,2.735,42303,2021-07-28 19:31:00,OGI
2.74,2.74,2.7301,2.7301,300,2021-07-28 19:32:00,OGI
2.74,2.74,2.73,2.73,1150,2021-07-28 19:33:00,OGI
2.7364,2.7364,2.73,2.735,10300,2021-07-28 19:34:00,OGI
2.7362,2.737,2.73,2.73,4100,2021-07-28 19:35:00,OGI
2.735,2.74,2.7301,2.735,20075,2021-07-28 19:36:00,OGI
2.735,2.74,2.73,2.73,2800,2021-07-28 19:37:00,OGI
2.7301,2.7301,2.725,2.725,38423,2021-07-28 19:38:00,OGI
2.725,2.729,2.7201,2.725,5834,2021-07-28 19:39:00,OGI
2.73,2.73,2.72,2.72,10824,2021-07-28 19:40:00,OGI
2.72,2.73,2.72,2.72,7786,2021-07-28 19:41:00,OGI
2.725,2.73,2.72,2.73,7345,2021-07-28 19:42:00,OGI
2.73,2.73,2.72,2.7201,4448,2021-07-28 19:43:00,OGI
2.73,2.73,2.72,2.725,2478,2021-07-28 19:44:00,OGI
2.722,2.73,2.72,2.724,8615,2021-07-28 19:45:00,OGI
2.725,2.73,2.72,2.72,6550,2021-07-28 19:46:00,OGI
2.7201,2.73,2.72,2.73,9030,2021-07-28 19:47:00,OGI
2.7299,2.73,2.725,2.7261,1588,2021-07-28 19:48:00,OGI
2.73,2.73,2.72,2.73,6952,2021-07-28 19:49:00,OGI
2.7299,2.7299,2.72,2.7227,8450,2021-07-28 19:50:00,OGI
2.725,2.73,2.72,2.725,24480,2021-07-28 19:51:00,OGI
2.72,2.73,2.72,2.725,6657,2021-07-28 19:52:00,OGI
2.7272,2.73,2.72,2.727,16100,2021-07-28 19:53:00,OGI
2.725,2.73,2.725,2.725,13320,2021-07-28 19:54:00,OGI
2.725,2.73,2.72,2.72,14815,2021-07-28 19:55:00,OGI
2.72,2.73,2.72,2.7264,6471,2021-07-28 19:56:00,OGI
2.725,2.73,2.72,2.725,16075,2021-07-28 19:57:00,OGI
2.725,2.73,2.72,2.7236,16389,2021-07-28 19:58:00,OGI
2.7263,2.73,2.72,2.72,45315,2021-07-28 19:59:00,OGI
2.73,2.73,2.73,2.73,17941,2021-07-28 20:00:00,OGI
2.73,2.73,2.73,2.73,100,2021-07-28 20:03:00,OGI
2.73,2.73,2.73,2.73,5000,2021-07-28 20:04:00,OGI
2.66,2.66,2.65,2.65,427,2021-07-28 20:07:00,OGI
2.69,2.69,2.69,2.69,1000,2021-07-28 20:08:00,OGI
2.69,2.69,2.69,2.69,199,2021-07-28 20:12:00,OGI
2.67,2.67,2.67,2.67,420,2021-07-28 20:14:00,OGI
2.69,2.69,2.69,2.69,1434,2021-07-28 20:22:00,OGI
2.69,2.69,2.69,2.69,100,2021-07-28 20:26:00,OGI
2.6899,2.6899,2.6899,2.6899,2000,2021-07-28 20:36:00,OGI
2.68,2.68,2.68,2.68,130,2021-07-28 20:39:00,OGI
2.69,2.69,2.69,2.69,1850,2021-07-28 20:40:00,OGI
2.67,2.67,2.67,2.67,1500,2021-07-28 20:42:00,OGI
2.68,2.68,2.68,2.68,370,2021-07-28 20:43:00,OGI
2.67,2.67,2.67,2.67,300,2021-07-28 20:50:00,OGI
2.67,2.67,2.67,2.67,1000,2021-07-28 20:57:00,OGI
2.68,2.68,2.68,2.68,604,2021-07-28 21:24:00,OGI
2.67,2.67,2.67,2.67,375,2021-07-28 21:29:00,OGI
2.68,2.68,2.68,2.68,200,2021-07-28 21:33:00,OGI
2.68,2.68,2.68,2.68,692,2021-07-28 21:34:00,OGI
2.68,2.68,2.68,2.68,400,2021-07-28 21:39:00,OGI
2.69,2.69,2.69,2.69,296,2021-07-28 21:45:00,OGI
2.68,2.68,2.68,2.68,200,2021-07-28 21:51:00,OGI
2.68,2.68,2.68,2.68,100,2021-07-28 21:53:00,OGI
2.69,2.69,2.69,2.69,100,2021-07-28 21:58:00,OGI
2.68,2.69,2.68,2.69,823,2021-07-28 21:59:00,OGI
2.67,2.67,2.67,2.67,500,2021-07-28 22:00:00,OGI
2.7,2.7,2.7,2.7,100,2021-07-28 22:34:00,OGI
2.7,2.7,2.7,2.7,500,2021-07-28 22:41:00,OGI
2.69,2.69,2.69,2.69,100,2021-07-28 22:47:00,OGI
2.6899,2.6899,2.6899,2.6899,2000,2021-07-28 22:57:00,OGI
2.69,2.69,2.69,2.69,750,2021-07-28 23:09:00,OGI
2.68,2.68,2.68,2.68,500,2021-07-28 23:13:00,OGI
2.69,2.69,2.69,2.69,500,2021-07-28 23:17:00,OGI
2.6899,2.6899,2.6899,2.6899,1300,2021-07-28 23:39:00,OGI
2.69,2.69,2.69,2.69,355,2021-07-28 23:42:00,OGI
2.69,2.69,2.69,2.69,120,2021-07-28 23:43:00,OGI
2.68,2.68,2.68,2.68,100,2021-07-28 23:46:00,OGI
2.67,2.67,2.67,2.67,100,2021-07-28 23:52:00,OGI
2.67,2.67,2.67,2.67,100,2021-07-28 23:57:00,OGI
2.67,2.67,2.67,2.67,100,2021-07-28 23:58:00,OGI
2.67,2.67,2.67,2.67,1000,2021-07-28 23:59:00,OGI
2.73,2.74,2.73,2.74,603,2021-07-29 08:06:00,OGI
2.73,2.73,2.73,2.73,174,2021-07-29 08:36:00,OGI
2.76,2.76,2.76,2.76,200,2021-07-29 08:55:00,OGI
2.61,2.61,2.6,2.6,395,2021-07-29 11:00:00,OGI
2.71,2.73,2.71,2.73,700,2021-07-29 11:07:00,OGI
2.71,2.71,2.71,2.71,100,2021-07-29 11:11:00,OGI
2.71,2.74,2.71,2.74,2191,2021-07-29 11:15:00,OGI
2.73,2.73,2.73,2.73,100,2021-07-29 11:27:00,OGI
2.74,2.74,2.74,2.74,100,2021-07-29 12:05:00,OGI
2.73,2.73,2.73,2.73,100,2021-07-29 12:09:00,OGI
2.74,2.74,2.72,2.72,1200,2021-07-29 12:35:00,OGI
2.74,2.74,2.74,2.74,900,2021-07-29 12:36:00,OGI
2.75,2.75,2.7301,2.7301,2000,2021-07-29 12:40:00,OGI
2.73,2.73,2.73,2.73,196,2021-07-29 12:50:00,OGI
2.74,2.74,2.74,2.74,100,2021-07-29 12:51:00,OGI
2.75,2.75,2.75,2.75,2500,2021-07-29 12:55:00,OGI
2.74,2.74,2.74,2.74,150,2021-07-29 13:07:00,OGI
2.74,2.74,2.74,2.74,1000,2021-07-29 13:10:00,OGI
2.74,2.74,2.74,2.74,1000,2021-07-29 13:15:00,OGI
2.71,2.71,2.71,2.71,500,2021-07-29 13:25:00,OGI
2.7,2.7,2.7,2.7,200,2021-07-29 13:28:00,OGI
2.72,2.72,2.68,2.69,116668,2021-07-29 13:30:00,OGI
2.6991,2.7099,2.68,2.7006,13785,2021-07-29 13:31:00,OGI
2.71,2.72,2.6862,2.6999,25453,2021-07-29 13:32:00,OGI
2.695,2.695,2.67,2.6792,43332,2021-07-29 13:33:00,OGI
2.67,2.7,2.67,2.6917,36552,2021-07-29 13:34:00,OGI
2.697,2.7099,2.68,2.685,85002,2021-07-29 13:35:00,OGI
2.68,2.69,2.68,2.6833,14453,2021-07-29 13:36:00,OGI
2.68,2.7,2.675,2.7,84965,2021-07-29 13:37:00,OGI
2.695,2.7018,2.6836,2.6836,32417,2021-07-29 13:38:00,OGI
2.685,2.69,2.68,2.68,9100,2021-07-29 13:39:00,OGI
2.68,2.7,2.68,2.6875,32290,2021-07-29 13:40:00,OGI
2.69,2.6999,2.67,2.67,29188,2021-07-29 13:41:00,OGI
2.6721,2.6776,2.66,2.6736,30754,2021-07-29 13:42:00,OGI
2.6675,2.6799,2.665,2.6799,27900,2021-07-29 13:43:00,OGI
2.6769,2.6769,2.66,2.6611,36607,2021-07-29 13:44:00,OGI
2.6622,2.665,2.66,2.66,4800,2021-07-29 13:45:00,OGI
2.67,2.67,2.65,2.65,42495,2021-07-29 13:46:00,OGI
2.65,2.65,2.64,2.6417,22149,2021-07-29 13:47:00,OGI
2.65,2.65,2.64,2.645,17380,2021-07-29 13:48:00,OGI
2.65,2.66,2.64,2.66,71241,2021-07-29 13:49:00,OGI
2.6589,2.66,2.64,2.64,25300,2021-07-29 13:50:00,OGI
2.64,2.65,2.63,2.6398,49530,2021-07-29 13:51:00,OGI
2.6388,2.6477,2.62,2.64,64900,2021-07-29 13:52:00,OGI
2.6376,2.64,2.62,2.63,12200,2021-07-29 13:53:00,OGI
2.62,2.63,2.62,2.63,13595,2021-07-29 13:54:00,OGI
2.6392,2.64,2.63,2.6326,14800,2021-07-29 13:55:00,OGI
2.639,2.64,2.62,2.63,24706,2021-07-29 13:56:00,OGI
2.63,2.64,2.625,2.63,32962,2021-07-29 13:57:00,OGI
2.63,2.66,2.625,2.65,72879,2021-07-29 13:58:00,OGI
2.65,2.66,2.645,2.6598,26223,2021-07-29 13:59:00,OGI
2.66,2.66,2.6401,2.65,64466,2021-07-29 14:00:00,OGI
2.6467,2.65,2.63,2.6362,10338,2021-07-29 14:01:00,OGI
2.64,2.65,2.63,2.6321,15279,2021-07-29 14:02:00,OGI
2.63,2.645,2.62,2.63,39760,2021-07-29 14:03:00,OGI
2.64,2.64,2.62,2.64,40972,2021-07-29 14:04:00,OGI
2.64,2.64,2.62,2.629,47234,2021-07-29 14:05:00,OGI
2.63,2.638,2.6221,2.6225,19029,2021-07-29 14:06:00,OGI
2.63,2.63,2.62,2.621,20600,2021-07-29 14:07:00,OGI
2.625,2.63,2.61,2.62,87664,2021-07-29 14:08:00,OGI
2.62,2.62,2.605,2.605,89318,2021-07-29 14:09:00,OGI
2.6,2.6162,2.6,2.61,51108,2021-07-29 14:10:00,OGI
2.61,2.617,2.6001,2.6162,17151,2021-07-29 14:11:00,OGI
2.6101,2.63,2.6101,2.63,18257,2021-07-29 14:12:00,OGI
2.625,2.63,2.62,2.625,14000,2021-07-29 14:13:00,OGI
2.6201,2.63,2.6201,2.6201,6771,2021-07-29 14:14:00,OGI
2.6201,2.63,2.61,2.62,32983,2021-07-29 14:15:00,OGI
2.6238,2.6399,2.6238,2.6399,20152,2021-07-29 14:16:00,OGI
2.6363,2.64,2.635,2.635,850,2021-07-29 14:17:00,OGI
2.635,2.6387,2.62,2.62,35124,2021-07-29 14:18:00,OGI
2.62,2.6216,2.61,2.6181,13535,2021-07-29 14:19:00,OGI
2.61,2.62,2.61,2.62,14762,2021-07-29 14:20:00,OGI
2.6272,2.63,2.62,2.63,29718,2021-07-29 14:21:00,OGI
2.6234,2.6364,2.6234,2.6324,27222,2021-07-29 14:22:00,OGI
2.637,2.6483,2.635,2.6383,45094,2021-07-29 14:23:00,OGI
2.639,2.65,2.6331,2.635,18504,2021-07-29 14:24:00,OGI
2.64,2.643,2.6307,2.6418,39990,2021-07-29 14:25:00,OGI
2.65,2.65,2.64,2.6463,7506,2021-07-29 14:26:00,OGI
2.66,2.66,2.65,2.655,10242,2021-07-29 14:27:00,OGI
2.655,2.665,2.65,2.665,19887,2021-07-29 14:28:00,OGI
2.66,2.6667,2.655,2.6667,24847,2021-07-29 14:29:00,OGI
2.67,2.67,2.65,2.6522,25863,2021-07-29 14:30:00,OGI
2.6523,2.66,2.6523,2.6563,16453,2021-07-29 14:31:00,OGI
2.66,2.68,2.655,2.675,75520,2021-07-29 14:32:00,OGI
2.675,2.675,2.66,2.6638,27636,2021-07-29 14:33:00,OGI
2.6601,2.69,2.6601,2.675,36068,2021-07-29 14:34:00,OGI
2.6738,2.69,2.6738,2.6801,18759,2021-07-29 14:35:00,OGI
2.6801,2.69,2.675,2.69,12334,2021-07-29 14:36:00,OGI
2.69,2.69,2.68,2.6899,2286,2021-07-29 14:37:00,OGI
2.68,2.68,2.67,2.68,5189,2021-07-29 14:38:00,OGI
2.68,2.68,2.67,2.67,4902,2021-07-29 14:39:00,OGI
2.67,2.675,2.6689,2.675,17504,2021-07-29 14:40:00,OGI
2.6774,2.69,2.673,2.69,18099,2021-07-29 14:41:00,OGI
2.69,2.695,2.684,2.691,28130,2021-07-29 14:42:00,OGI
2.695,2.7,2.695,2.7,29304,2021-07-29 14:43:00,OGI
2.695,2.6982,2.6901,2.692,10015,2021-07-29 14:44:00,OGI
2.695,2.6969,2.69,2.695,2089,2021-07-29 14:45:00,OGI
2.7,2.7038,2.69,2.6968,41743,2021-07-29 14:46:00,OGI
2.695,2.6968,2.69,2.695,1652,2021-07-29 14:47:00,OGI
2.6907,2.71,2.69,2.7026,18652,2021-07-29 14:48:00,OGI
2.7038,2.71,2.7001,2.71,24866,2021-07-29 14:49:00,OGI
2.705,2.72,2.705,2.718,26561,2021-07-29 14:50:00,OGI
2.715,2.727,2.7119,2.7218,23025,2021-07-29 14:51:00,OGI
2.721,2.73,2.71,2.71,29561,2021-07-29 14:52:00,OGI
2.71,2.71,2.7099,2.71,7950,2021-07-29 14:53:00,OGI
2.705,2.71,2.701,2.701,17741,2021-07-29 14:54:00,OGI
2.705,2.71,2.703,2.71,4810,2021-07-29 14:55:00,OGI
2.705,2.7078,2.69,2.69,11146,2021-07-29 14:56:00,OGI
2.695,2.7,2.6901,2.695,3459,2021-07-29 14:57:00,OGI
2.69,2.7,2.68,2.695,35990,2021-07-29 14:58:00,OGI
2.7,2.7099,2.6937,2.7067,21566,2021-07-29 14:59:00,OGI
2.705,2.71,2.705,2.71,11248,2021-07-29 15:00:00,OGI
2.715,2.72,2.7101,2.7193,30671,2021-07-29 15:01:00,OGI
2.719,2.73,2.713,2.7134,46272,2021-07-29 15:02:00,OGI
2.715,2.72,2.715,2.715,4600,2021-07-29 15:03:00,OGI
2.72,2.725,2.7166,2.72,8925,2021-07-29 15:04:00,OGI
2.725,2.7393,2.7225,2.7301,35843,2021-07-29 15:05:00,OGI
2.73,2.7362,2.73,2.7362,2205,2021-07-29 15:06:00,OGI
2.73,2.7366,2.7235,2.7235,9559,2021-07-29 15:07:00,OGI
2.7235,2.7299,2.7235,2.7299,9360,2021-07-29 15:08:00,OGI
2.725,2.725,2.7214,2.7214,6050,2021-07-29 15:09:00,OGI
2.7233,2.74,2.7233,2.735,9686,2021-07-29 15:10:00,OGI
2.735,2.735,2.735,2.735,100,2021-07-29 15:11:00,OGI
2.73,2.73,2.72,2.725,22342,2021-07-29 15:12:00,OGI
2.72,2.7217,2.715,2.72,4896,2021-07-29 15:13:00,OGI
2.72,2.72,2.71,2.71,13283,2021-07-29 15:14:00,OGI
2.7071,2.7071,2.705,2.705,800,2021-07-29 15:15:00,OGI
2.7086,2.7086,2.705,2.705,1200,2021-07-29 15:16:00,OGI
2.71,2.71,2.7007,2.707,6200,2021-07-29 15:17:00,OGI
2.71,2.725,2.7063,2.7231,11908,2021-07-29 15:18:00,OGI
2.73,2.73,2.7131,2.715,18505,2021-07-29 15:19:00,OGI
2.7131,2.72,2.7101,2.72,4000,2021-07-29 15:20:00,OGI
2.72,2.72,2.7101,2.7166,17400,2021-07-29 15:21:00,OGI
2.7237,2.735,2.7237,2.7338,16877,2021-07-29 15:22:00,OGI
2.735,2.74,2.7301,2.74,37209,2021-07-29 15:23:00,OGI
2.7358,2.7399,2.735,2.7399,42500,2021-07-29 15:24:00,OGI
2.73,2.735,2.73,2.73,29261,2021-07-29 15:25:00,OGI
2.72,2.725,2.72,2.725,2700,2021-07-29 15:26:00,OGI
2.72,2.7262,2.72,2.7262,1044,2021-07-29 15:27:00,OGI
2.725,2.73,2.72,2.73,1800,2021-07-29 15:28:00,OGI
2.73,2.735,2.723,2.7301,22362,2021-07-29 15:29:00,OGI
2.735,2.737,2.7328,2.7328,1634,2021-07-29 15:30:00,OGI
2.7323,2.735,2.73,2.73,17593,2021-07-29 15:31:00,OGI
2.725,2.725,2.7189,2.7189,8100,2021-07-29 15:32:00,OGI
2.72,2.72,2.711,2.7117,18248,2021-07-29 15:33:00,OGI
2.72,2.725,2.715,2.721,10400,2021-07-29 15:34:00,OGI
2.7201,2.73,2.7201,2.73,1650,2021-07-29 15:35:00,OGI
2.73,2.74,2.7292,2.731,4297,2021-07-29 15:36:00,OGI
2.73,2.7336,2.723,2.73,13314,2021-07-29 15:37:00,OGI
2.7379,2.7379,2.733,2.733,1210,2021-07-29 15:38:00,OGI
2.7333,2.74,2.73,2.735,4300,2021-07-29 15:39:00,OGI
2.74,2.74,2.735,2.74,3300,2021-07-29 15:40:00,OGI
2.7373,2.7373,2.73,2.734,3950,2021-07-29 15:41:00,OGI
2.74,2.74,2.7334,2.7334,2260,2021-07-29 15:42:00,OGI
2.73,2.735,2.73,2.735,600,2021-07-29 15:43:00,OGI
2.7336,2.74,2.7301,2.74,1400,2021-07-29 15:44:00,OGI
2.735,2.7398,2.735,2.7398,1300,2021-07-29 15:45:00,OGI
2.73,2.735,2.73,2.735,1339,2021-07-29 15:46:00,OGI
2.731,2.731,2.731,2.731,400,2021-07-29 15:47:00,OGI
2.735,2.745,2.735,2.745,37061,2021-07-29 15:48:00,OGI
2.74,2.7426,2.74,2.7401,1300,2021-07-29 15:49:00,OGI
2.745,2.75,2.74,2.745,1700,2021-07-29 15:50:00,OGI
2.745,2.745,2.74,2.74,3320,2021-07-29 15:51:00,OGI
2.7428,2.75,2.74,2.75,21349,2021-07-29 15:52:00,OGI
2.74,2.74,2.73,2.7399,11143,2021-07-29 15:53:00,OGI
2.73,2.735,2.73,2.73,4700,2021-07-29 15:54:00,OGI
2.7399,2.7399,2.73,2.7362,1306,2021-07-29 15:55:00,OGI
2.732,2.74,2.73,2.73,7478,2021-07-29 15:56:00,OGI
2.74,2.74,2.73,2.73,11350,2021-07-29 15:57:00,OGI
2.735,2.735,2.73,2.735,600,2021-07-29 15:58:00,OGI
2.73,2.735,2.72,2.72,48310,2021-07-29 15:59:00,OGI
2.72,2.73,2.72,2.73,2522,2021-07-29 16:00:00,OGI
2.72,2.725,2.71,2.71,9947,2021-07-29 16:01:00,OGI
2.71,2.72,2.71,2.72,28426,2021-07-29 16:02:00,OGI
2.7217,2.7217,2.72,2.72,30123,2021-07-29 16:03:00,OGI
2.725,2.725,2.72,2.725,3483,2021-07-29 16:04:00,OGI
2.725,2.725,2.72,2.725,2570,2021-07-29 16:05:00,OGI
2.72,2.72,2.72,2.72,4000,2021-07-29 16:06:00,OGI
2.725,2.725,2.725,2.725,100,2021-07-29 16:07:00,OGI
2.723,2.73,2.72,2.725,3018,2021-07-29 16:08:00,OGI
2.725,2.7267,2.725,2.7267,2900,2021-07-29 16:09:00,OGI
2.725,2.725,2.725,2.725,200,2021-07-29 16:10:00,OGI
2.72,2.72,2.71,2.71,24925,2021-07-29 16:11:00,OGI
2.71,2.71,2.71,2.71,587,2021-07-29 16:12:00,OGI
2.715,2.715,2.7,2.7,26489,2021-07-29 16:13:00,OGI
2.7,2.71,2.7,2.71,2500,2021-07-29 16:14:00,OGI
2.7,2.705,2.7,2.705,900,2021-07-29 16:15:00,OGI
2.7,2.705,2.7,2.705,600,2021-07-29 16:16:00,OGI
2.71,2.71,2.7,2.705,2056,2021-07-29 16:17:00,OGI
2.71,2.71,2.705,2.705,15861,2021-07-29 16:18:00,OGI
2.7,2.71,2.7,2.705,16300,2021-07-29 16:19:00,OGI
2.705,2.705,2.705,2.705,100,2021-07-29 16:20:00,OGI
2.7,2.705,2.7,2.705,650,2021-07-29 16:21:00,OGI
2.7,2.7017,2.699,2.699,14507,2021-07-29 16:22:00,OGI
2.695,2.697,2.68,2.69,61475,2021-07-29 16:23:00,OGI
2.6868,2.689,2.685,2.689,1000,2021-07-29 16:24:00,OGI
2.685,2.69,2.685,2.685,1300,2021-07-29 16:25:00,OGI
2.68,2.69,2.68,2.685,6636,2021-07-29 16:26:00,OGI
2.68,2.6813,2.68,2.6813,6726,2021-07-29 16:27:00,OGI
2.68,2.685,2.68,2.68,3675,2021-07-29 16:28:00,OGI
2.6818,2.6871,2.6818,2.6871,5400,2021-07-29 16:29:00,OGI
2.685,2.69,2.68,2.68,6225,2021-07-29 16:30:00,OGI
2.68,2.69,2.68,2.685,3857,2021-07-29 16:31:00,OGI
2.685,2.685,2.68,2.68,1700,2021-07-29 16:32:00,OGI
2.685,2.685,2.68,2.685,693,2021-07-29 16:33:00,OGI
2.685,2.685,2.67,2.67,30385,2021-07-29 16:34:00,OGI
2.675,2.68,2.67,2.675,10500,2021-07-29 16:35:00,OGI
2.675,2.6799,2.67,2.675,4712,2021-07-29 16:36:00,OGI
2.6765,2.69,2.6765,2.685,38538,2021-07-29 16:37:00,OGI
2.685,2.69,2.68,2.6839,3600,2021-07-29 16:38:00,OGI
2.6831,2.6865,2.68,2.68,2800,2021-07-29 16:39:00,OGI
2.68,2.685,2.68,2.685,4125,2021-07-29 16:40:00,OGI
2.685,2.685,2.685,2.685,360,2021-07-29 16:41:00,OGI
2.6837,2.685,2.6828,2.6828,3302,2021-07-29 16:42:00,OGI
2.68,2.6801,2.68,2.6801,1186,2021-07-29 16:43:00,OGI
2.685,2.685,2.685,2.685,100,2021-07-29 16:44:00,OGI
2.6835,2.6835,2.6835,2.6835,100,2021-07-29 16:45:00,OGI
2.68,2.685,2.68,2.685,665,2021-07-29 16:46:00,OGI
2.6836,2.6837,2.6836,2.6837,350,2021-07-29 16:47:00,OGI
2.685,2.69,2.685,2.6862,10263,2021-07-29 16:48:00,OGI
2.6899,2.69,2.685,2.685,1800,2021-07-29 16:49:00,OGI
2.685,2.685,2.6838,2.685,1093,2021-07-29 16:50:00,OGI
2.69,2.69,2.68,2.685,40952,2021-07-29 16:51:00,OGI
2.685,2.69,2.685,2.688,850,2021-07-29 16:52:00,OGI
2.683,2.69,2.68,2.6833,2950,2021-07-29 16:53:00,OGI
2.6831,2.687,2.67,2.67,60178,2021-07-29 16:54:00,OGI
2.675,2.675,2.675,2.675,200,2021-07-29 16:55:00,OGI
2.675,2.69,2.6708,2.69,28294,2021-07-29 16:56:00,OGI
2.6801,2.69,2.6801,2.69,6200,2021-07-29 16:57:00,OGI
2.6871,2.69,2.6812,2.6882,13335,2021-07-29 16:58:00,OGI
2.6821,2.69,2.6821,2.6883,15322,2021-07-29 16:59:00,OGI
2.6837,2.69,2.68,2.69,2200,2021-07-29 17:00:00,OGI
2.685,2.69,2.685,2.69,200,2021-07-29 17:01:00,OGI
2.685,2.685,2.685,2.685,600,2021-07-29 17:02:00,OGI
2.6801,2.6888,2.6801,2.685,1131,2021-07-29 17:03:00,OGI
2.6899,2.6899,2.681,2.685,5450,2021-07-29 17:04:00,OGI
2.6836,2.6882,2.6833,2.6835,1325,2021-07-29 17:06:00,OGI
2.6829,2.6878,2.6829,2.6878,1600,2021-07-29 17:07:00,OGI
2.685,2.685,2.6835,2.6835,850,2021-07-29 17:09:00,OGI
2.685,2.685,2.685,2.685,300,2021-07-29 17:10:00,OGI
2.685,2.7,2.6801,2.7,10761,2021-07-29 17:11:00,OGI
2.695,2.7,2.6901,2.695,3100,2021-07-29 17:12:00,OGI
2.695,2.7,2.695,2.7,2078,2021-07-29 17:13:00,OGI
2.695,2.699,2.6833,2.6833,25466,2021-07-29 17:14:00,OGI
2.685,2.6862,2.685,2.6862,323,2021-07-29 17:15:00,OGI
2.685,2.685,2.681,2.6836,800,2021-07-29 17:16:00,OGI
2.6831,2.69,2.6831,2.685,1500,2021-07-29 17:17:00,OGI
2.6879,2.6879,2.6831,2.6869,9700,2021-07-29 17:18:00,OGI
2.685,2.6875,2.68,2.6875,5300,2021-07-29 17:19:00,OGI
2.68,2.6861,2.68,2.68,5813,2021-07-29 17:20:00,OGI
2.6736,2.68,2.67,2.67,4918,2021-07-29 17:21:00,OGI
2.67,2.6738,2.67,2.67,6300,2021-07-29 17:22:00,OGI
2.675,2.68,2.6736,2.68,1700,2021-07-29 17:23:00,OGI
2.68,2.68,2.675,2.6792,1600,2021-07-29 17:24:00,OGI
2.678,2.679,2.675,2.675,2700,2021-07-29 17:25:00,OGI
2.6799,2.6799,2.6701,2.675,5051,2021-07-29 17:26:00,OGI
2.68,2.68,2.68,2.68,300,2021-07-29 17:27:00,OGI
2.6775,2.685,2.675,2.6828,2797,2021-07-29 17:28:00,OGI
2.6831,2.6899,2.68,2.685,3792,2021-07-29 17:29:00,OGI
2.685,2.685,2.68,2.685,404,2021-07-29 17:31:00,OGI
2.6866,2.6866,2.6866,2.6866,500,2021-07-29 17:32:00,OGI
2.6867,2.6867,2.68,2.685,3687,2021-07-29 17:33:00,OGI
2.68,2.6821,2.675,2.675,9590,2021-07-29 17:34:00,OGI
2.6738,2.6738,2.67,2.67,812,2021-07-29 17:35:00,OGI
2.67,2.67,2.665,2.67,25746,2021-07-29 17:36:00,OGI
2.67,2.67,2.6638,2.665,1116,2021-07-29 17:37:00,OGI
2.665,2.67,2.665,2.665,1087,2021-07-29 17:38:00,OGI
2.67,2.67,2.6604,2.6604,1659,2021-07-29 17:39:00,OGI
2.665,2.665,2.66,2.665,1300,2021-07-29 17:40:00,OGI
2.667,2.667,2.66,2.66,1500,2021-07-29 17:41:00,OGI
2.66,2.665,2.66,2.665,500,2021-07-29 17:42:00,OGI
2.665,2.665,2.665,2.665,600,2021-07-29 17:43:00,OGI
2.6638,2.665,2.66,2.665,5200,2021-07-29 17:44:00,OGI
2.6665,2.6665,2.665,2.665,819,2021-07-29 17:45:00,OGI
2.6643,2.665,2.6607,2.665,1400,2021-07-29 17:46:00,OGI
2.665,2.665,2.66,2.661,1200,2021-07-29 17:47:00,OGI
2.665,2.665,2.66,2.66,700,2021-07-29 17:48:00,OGI
2.66,2.665,2.66,2.6626,1847,2021-07-29 17:50:00,OGI
2.6633,2.6633,2.6633,2.6633,200,2021-07-29 17:51:00,OGI
2.66,2.6641,2.66,2.66,500,2021-07-29 17:52:00,OGI
2.665,2.6668,2.66,2.6668,2487,2021-07-29 17:53:00,OGI
2.665,2.665,2.66,2.665,14900,2021-07-29 17:54:00,OGI
2.665,2.665,2.6606,2.6606,3800,2021-07-29 17:55:00,OGI
2.665,2.67,2.665,2.6681,7693,2021-07-29 17:56:00,OGI
2.663,2.67,2.663,2.6662,4400,2021-07-29 17:57:00,OGI
2.6636,2.67,2.6604,2.665,6380,2021-07-29 17:58:00,OGI
2.665,2.665,2.6636,2.6636,765,2021-07-29 17:59:00,OGI
2.663,2.67,2.66,2.67,1500,2021-07-29 18:00:00,OGI
2.6699,2.67,2.665,2.665,4034,2021-07-29 18:01:00,OGI
2.6672,2.67,2.66,2.665,2100,2021-07-29 18:02:00,OGI
2.67,2.67,2.665,2.665,1337,2021-07-29 18:03:00,OGI
2.6673,2.6695,2.665,2.665,2000,2021-07-29 18:05:00,OGI
2.6675,2.6675,2.6675,2.6675,375,2021-07-29 18:07:00,OGI
2.6631,2.67,2.66,2.66,3975,2021-07-29 18:08:00,OGI
2.66,2.661,2.66,2.661,1200,2021-07-29 18:09:00,OGI
2.6631,2.665,2.661,2.665,1400,2021-07-29 18:10:00,OGI
2.665,2.665,2.665,2.665,100,2021-07-29 18:11:00,OGI
2.66,2.6631,2.65,2.65,20100,2021-07-29 18:13:00,OGI
2.65,2.6565,2.65,2.653,12944,2021-07-29 18:14:00,OGI
2.655,2.66,2.6531,2.6562,4408,2021-07-29 18:15:00,OGI
2.655,2.66,2.65,2.65,12379,2021-07-29 18:16:00,OGI
2.653,2.653,2.65,2.65,4248,2021-07-29 18:17:00,OGI
2.6438,2.6438,2.64,2.64,500,2021-07-29 18:18:00,OGI
2.6436,2.6441,2.64,2.6441,2682,2021-07-29 18:19:00,OGI
2.64,2.647,2.64,2.64,2478,2021-07-29 18:20:00,OGI
2.64,2.6404,2.63,2.635,16400,2021-07-29 18:21:00,OGI
2.64,2.64,2.63,2.635,3657,2021-07-29 18:22:00,OGI
2.6337,2.635,2.63,2.635,2515,2021-07-29 18:23:00,OGI
2.63,2.65,2.63,2.64,40121,2021-07-29 18:24:00,OGI
2.645,2.645,2.6408,2.6408,5450,2021-07-29 18:25:00,OGI
2.645,2.645,2.64,2.6412,5390,2021-07-29 18:26:00,OGI
2.645,2.645,2.63,2.64,6064,2021-07-29 18:27:00,OGI
2.63,2.64,2.63,2.64,1300,2021-07-29 18:28:00,OGI
2.64,2.64,2.63,2.63,13325,2021-07-29 18:29:00,OGI
2.64,2.64,2.6383,2.64,1700,2021-07-29 18:30:00,OGI
2.638,2.638,2.638,2.638,500,2021-07-29 18:31:00,OGI
2.64,2.66,2.64,2.6517,58948,2021-07-29 18:32:00,OGI
2.65,2.6561,2.65,2.6561,351,2021-07-29 18:33:00,OGI
2.655,2.66,2.655,2.66,833,2021-07-29 18:34:00,OGI
2.6577,2.6592,2.655,2.655,700,2021-07-29 18:35:00,OGI
2.655,2.655,2.655,2.655,290,2021-07-29 18:36:00,OGI
2.655,2.6599,2.65,2.6599,33150,2021-07-29 18:37:00,OGI
2.655,2.655,2.6501,2.655,1979,2021-07-29 18:38:00,OGI
2.66,2.66,2.655,2.66,8316,2021-07-29 18:40:00,OGI
2.65,2.66,2.65,2.655,6300,2021-07-29 18:41:00,OGI
2.66,2.66,2.655,2.66,1431,2021-07-29 18:42:00,OGI
2.6578,2.66,2.6576,2.6576,2100,2021-07-29 18:43:00,OGI
2.655,2.6596,2.6538,2.6596,1500,2021-07-29 18:44:00,OGI
2.659,2.6639,2.6518,2.6626,10634,2021-07-29 18:45:00,OGI
2.67,2.67,2.661,2.665,1500,2021-07-29 18:46:00,OGI
2.665,2.665,2.6608,2.665,907,2021-07-29 18:47:00,OGI
2.67,2.67,2.67,2.67,271,2021-07-29 18:48:00,OGI
2.6699,2.6699,2.665,2.665,306,2021-07-29 18:49:00,OGI
2.665,2.67,2.665,2.6696,700,2021-07-29 18:51:00,OGI
2.67,2.67,2.6601,2.665,514,2021-07-29 18:52:00,OGI
2.665,2.67,2.6634,2.6634,1155,2021-07-29 18:53:00,OGI
2.665,2.669,2.665,2.665,2200,2021-07-29 18:54:00,OGI
2.6683,2.67,2.6683,2.67,600,2021-07-29 18:55:00,OGI
2.6625,2.68,2.6625,2.68,13296,2021-07-29 18:56:00,OGI
2.675,2.69,2.6736,2.685,10630,2021-07-29 18:57:00,OGI
2.685,2.685,2.685,2.685,1408,2021-07-29 18:58:00,OGI
2.685,2.685,2.68,2.685,4800,2021-07-29 18:59:00,OGI
2.69,2.69,2.685,2.685,4867,2021-07-29 19:00:00,OGI
2.6829,2.69,2.682,2.69,1700,2021-07-29 19:01:00,OGI
2.69,2.695,2.69,2.695,3878,2021-07-29 19:02:00,OGI
2.691,2.7,2.6901,2.7,1700,2021-07-29 19:03:00,OGI
2.7,2.7,2.6932,2.7,14376,2021-07-29 19:04:00,OGI
2.7,2.71,2.7,2.7097,31035,2021-07-29 19:05:00,OGI
2.71,2.71,2.7,2.7,42038,2021-07-29 19:06:00,OGI
2.7,2.7063,2.7,2.7,600,2021-07-29 19:07:00,OGI
2.7,2.7,2.7,2.7,200,2021-07-29 19:08:00,OGI
2.7019,2.705,2.7,2.701,3640,2021-07-29 19:09:00,OGI
2.7,2.7,2.695,2.695,1244,2021-07-29 19:10:00,OGI
2.7,2.7,2.69,2.69,23429,2021-07-29 19:11:00,OGI
2.695,2.695,2.69,2.695,300,2021-07-29 19:12:00,OGI
2.69,2.695,2.69,2.6924,3382,2021-07-29 19:13:00,OGI
2.695,2.695,2.6922,2.6922,398,2021-07-29 19:14:00,OGI
2.69,2.69,2.68,2.68,31014,2021-07-29 19:15:00,OGI
2.675,2.69,2.671,2.69,46498,2021-07-29 19:16:00,OGI
2.69,2.7,2.685,2.7,5191,2021-07-29 19:17:00,OGI
2.695,2.695,2.695,2.695,685,2021-07-29 19:18:00,OGI
2.6958,2.6958,2.6958,2.6958,300,2021-07-29 19:19:00,OGI
2.69,2.695,2.69,2.6921,800,2021-07-29 19:20:00,OGI
2.69,2.6984,2.69,2.69,1000,2021-07-29 19:21:00,OGI
2.69,2.69,2.68,2.68,7214,2021-07-29 19:22:00,OGI
2.6833,2.6833,2.6833,2.6833,500,2021-07-29 19:23:00,OGI
2.68,2.68,2.68,2.68,100,2021-07-29 19:24:00,OGI
2.685,2.685,2.685,2.685,1150,2021-07-29 19:25:00,OGI
2.685,2.685,2.685,2.685,200,2021-07-29 19:26:00,OGI
2.68,2.685,2.68,2.685,1650,2021-07-29 19:27:00,OGI
2.6801,2.6801,2.6801,2.6801,100,2021-07-29 19:28:00,OGI
2.6803,2.685,2.675,2.675,15956,2021-07-29 19:29:00,OGI
2.675,2.675,2.67,2.67,5850,2021-07-29 19:30:00,OGI
2.67,2.68,2.67,2.675,6900,2021-07-29 19:31:00,OGI
2.675,2.675,2.675,2.675,600,2021-07-29 19:32:00,OGI
2.6701,2.675,2.6701,2.675,1600,2021-07-29 19:33:00,OGI
2.68,2.68,2.675,2.675,300,2021-07-29 19:34:00,OGI
2.6799,2.68,2.6718,2.68,5842,2021-07-29 19:35:00,OGI
2.6733,2.675,2.6733,2.675,1600,2021-07-29 19:36:00,OGI
2.6775,2.6775,2.67,2.675,605,2021-07-29 19:37:00,OGI
2.677,2.677,2.6737,2.6737,243,2021-07-29 19:38:00,OGI
2.675,2.6762,2.675,2.675,3600,2021-07-29 19:39:00,OGI
2.6732,2.675,2.6732,2.675,700,2021-07-29 19:40:00,OGI
2.6757,2.68,2.67,2.675,4116,2021-07-29 19:41:00,OGI
2.68,2.68,2.67,2.67,2600,2021-07-29 19:42:00,OGI
2.675,2.675,2.675,2.675,417,2021-07-29 19:43:00,OGI
2.675,2.68,2.67,2.675,700,2021-07-29 19:44:00,OGI
2.675,2.675,2.675,2.675,300,2021-07-29 19:45:00,OGI
2.68,2.68,2.675,2.675,1041,2021-07-29 19:46:00,OGI
2.675,2.68,2.6736,2.675,1136,2021-07-29 19:47:00,OGI
2.675,2.675,2.67,2.67,56760,2021-07-29 19:48:00,OGI
2.67,2.6705,2.67,2.6705,5495,2021-07-29 19:49:00,OGI
2.68,2.68,2.675,2.675,500,2021-07-29 19:50:00,OGI
2.675,2.675,2.67,2.6725,1176,2021-07-29 19:51:00,OGI
2.675,2.675,2.67,2.67,1550,2021-07-29 19:52:00,OGI
2.675,2.68,2.6701,2.6701,4800,2021-07-29 19:53:00,OGI
2.675,2.675,2.67,2.675,733,2021-07-29 19:54:00,OGI
2.68,2.68,2.67,2.67,9359,2021-07-29 19:55:00,OGI
2.675,2.675,2.67,2.675,1042,2021-07-29 19:56:00,OGI
2.675,2.675,2.66,2.665,19886,2021-07-29 19:57:00,OGI
2.665,2.67,2.665,2.67,7090,2021-07-29 19:58:00,OGI
2.665,2.67,2.66,2.66,80503,2021-07-29 19:59:00,OGI
2.67,2.67,2.65,2.65,15416,2021-07-29 20:00:00,OGI
2.6318,2.6318,2.63,2.63,284,2021-07-29 20:01:00,OGI
2.64,2.64,2.64,2.64,250,2021-07-29 20:14:00,OGI
2.65,2.65,2.65,2.65,500,2021-07-29 20:16:00,OGI
2.65,2.65,2.65,2.65,100,2021-07-29 20:17:00,OGI
2.6693,2.6693,2.6693,2.6693,150,2021-07-29 20:22:00,OGI
2.65,2.65,2.65,2.65,100,2021-07-29 20:25:00,OGI
2.65,2.65,2.65,2.65,120,2021-07-29 20:34:00,OGI
2.66,2.66,2.66,2.66,300,2021-07-29 20:36:00,OGI
2.65,2.65,2.65,2.65,107,2021-07-29 20:48:00,OGI
2.6501,2.6501,2.65,2.65,1200,2021-07-29 21:06:00,OGI
2.63,2.63,2.63,2.63,479,2021-07-29 22:51:00,OGI
2.66,2.66,2.66,2.66,200,2021-07-29 23:14:00,OGI
2.63,2.63,2.63,2.63,200,2021-07-30 11:14:00,OGI
2.63,2.63,2.62,2.62,386,2021-07-30 11:48:00,OGI
2.64,2.64,2.64,2.64,1496,2021-07-30 11:59:00,OGI
2.63,2.63,2.6299,2.6299,250,2021-07-30 12:01:00,OGI
2.6299,2.6299,2.6299,2.6299,500,2021-07-30 12:02:00,OGI
2.63,2.63,2.63,2.63,100,2021-07-30 12:16:00,OGI
2.62,2.62,2.62,2.62,150,2021-07-30 12:31:00,OGI
2.62,2.62,2.62,2.62,1000,2021-07-30 12:34:00,OGI
2.62,2.62,2.62,2.62,1000,2021-07-30 12:42:00,OGI
2.6299,2.6299,2.6,2.6,8579,2021-07-30 12:50:00,OGI
2.62,2.62,2.62,2.62,200,2021-07-30 12:56:00,OGI
2.61,2.61,2.61,2.61,1008,2021-07-30 13:09:00,OGI
2.61,2.61,2.6,2.6,650,2021-07-30 13:10:00,OGI
2.62,2.62,2.62,2.62,1147,2021-07-30 13:12:00,OGI
2.6,2.6,2.6,2.6,8642,2021-07-30 13:13:00,OGI
2.6,2.6,2.6,2.6,100,2021-07-30 13:14:00,OGI
2.6,2.6,2.6,2.6,100,2021-07-30 13:16:00,OGI
2.59,2.59,2.59,2.59,1000,2021-07-30 13:19:00,OGI
2.5901,2.5901,2.5901,2.5901,500,2021-07-30 13:20:00,OGI
2.6,2.6,2.6,2.6,3500,2021-07-30 13:24:00,OGI
2.59,2.59,2.59,2.59,100,2021-07-30 13:25:00,OGI
2.59,2.59,2.59,2.59,300,2021-07-30 13:26:00,OGI
2.59,2.59,2.59,2.59,368,2021-07-30 13:28:00,OGI
2.6,2.636,2.59,2.6077,43216,2021-07-30 13:30:00,OGI
2.61,2.63,2.61,2.6288,11817,2021-07-30 13:31:00,OGI
2.63,2.64,2.62,2.64,25474,2021-07-30 13:32:00,OGI
2.64,2.67,2.64,2.64,39334,2021-07-30 13:33:00,OGI
2.6486,2.667,2.64,2.6624,17981,2021-07-30 13:34:00,OGI
2.66,2.677,2.65,2.677,30511,2021-07-30 13:35:00,OGI
2.68,2.68,2.6601,2.675,23160,2021-07-30 13:36:00,OGI
2.6724,2.68,2.66,2.67,41873,2021-07-30 13:37:00,OGI
2.68,2.69,2.67,2.6726,14244,2021-07-30 13:38:00,OGI
2.68,2.7,2.68,2.695,16213,2021-07-30 13:39:00,OGI
2.7,2.7,2.6901,2.695,15670,2021-07-30 13:40:00,OGI
2.69,2.7,2.6824,2.6928,11286,2021-07-30 13:41:00,OGI
2.69,2.697,2.68,2.697,11258,2021-07-30 13:42:00,OGI
2.6973,2.6973,2.67,2.67,35727,2021-07-30 13:43:00,OGI
2.6689,2.67,2.6612,2.667,4230,2021-07-30 13:44:00,OGI
2.67,2.69,2.67,2.6814,13730,2021-07-30 13:45:00,OGI
2.68,2.69,2.675,2.68,11552,2021-07-30 13:46:00,OGI
2.68,2.7,2.68,2.6875,18056,2021-07-30 13:47:00,OGI
2.685,2.7,2.68,2.68,23711,2021-07-30 13:48:00,OGI
2.6785,2.6813,2.67,2.6712,5750,2021-07-30 13:49:00,OGI
2.67,2.6799,2.67,2.67,10057,2021-07-30 13:50:00,OGI
2.67,2.69,2.6639,2.68,40109,2021-07-30 13:51:00,OGI
2.679,2.69,2.67,2.68,25825,2021-07-30 13:52:00,OGI
2.68,2.68,2.67,2.67,1500,2021-07-30 13:53:00,OGI
2.675,2.6899,2.67,2.685,20911,2021-07-30 13:54:00,OGI
2.69,2.71,2.6895,2.705,41261,2021-07-30 13:55:00,OGI
2.7001,2.715,2.7,2.71,15965,2021-07-30 13:56:00,OGI
2.7101,2.715,2.7,2.7,12934,2021-07-30 13:57:00,OGI
2.695,2.703,2.69,2.69,17380,2021-07-30 13:58:00,OGI
2.6915,2.6979,2.69,2.69,3645,2021-07-30 13:59:00,OGI
2.6982,2.699,2.69,2.69,2316,2021-07-30 14:00:00,OGI
2.6915,2.6924,2.69,2.6901,9166,2021-07-30 14:01:00,OGI
2.689,2.6976,2.6868,2.6976,22200,2021-07-30 14:02:00,OGI
2.69,2.69,2.6713,2.6713,28196,2021-07-30 14:03:00,OGI
2.6772,2.69,2.67,2.675,36027,2021-07-30 14:04:00,OGI
2.6736,2.6767,2.67,2.67,4745,2021-07-30 14:05:00,OGI
2.6631,2.67,2.6631,2.67,13618,2021-07-30 14:06:00,OGI
2.6731,2.6733,2.665,2.67,24221,2021-07-30 14:07:00,OGI
2.68,2.68,2.671,2.6731,7012,2021-07-30 14:08:00,OGI
2.68,2.687,2.6766,2.68,21295,2021-07-30 14:09:00,OGI
2.67,2.6764,2.67,2.67,2683,2021-07-30 14:11:00,OGI
2.6719,2.6719,2.655,2.655,10131,2021-07-30 14:12:00,OGI
2.6533,2.665,2.6533,2.665,9091,2021-07-30 14:13:00,OGI
2.6605,2.662,2.66,2.66,1176,2021-07-30 14:14:00,OGI
2.6622,2.67,2.6622,2.6699,8100,2021-07-30 14:15:00,OGI
2.6669,2.6669,2.66,2.66,2657,2021-07-30 14:16:00,OGI
2.66,2.66,2.65,2.66,3009,2021-07-30 14:17:00,OGI
2.65,2.65,2.6499,2.6499,1600,2021-07-30 14:19:00,OGI
2.645,2.65,2.6413,2.65,13600,2021-07-30 14:20:00,OGI
2.643,2.659,2.643,2.6526,20376,2021-07-30 14:21:00,OGI
2.65,2.66,2.65,2.655,9376,2021-07-30 14:22:00,OGI
2.6534,2.655,2.65,2.65,3900,2021-07-30 14:23:00,OGI
2.65,2.65,2.64,2.645,3004,2021-07-30 14:24:00,OGI
2.65,2.65,2.64,2.6473,15447,2021-07-30 14:25:00,OGI
2.645,2.6699,2.6416,2.6601,24725,2021-07-30 14:26:00,OGI
2.665,2.67,2.66,2.6669,13271,2021-07-30 14:27:00,OGI
2.6699,2.68,2.665,2.67,30438,2021-07-30 14:28:00,OGI
2.6793,2.68,2.67,2.67,12600,2021-07-30 14:29:00,OGI
2.67,2.675,2.67,2.675,4247,2021-07-30 14:30:00,OGI
2.6776,2.6776,2.67,2.67,5100,2021-07-30 14:31:00,OGI
2.67,2.68,2.67,2.6775,1414,2021-07-30 14:32:00,OGI
2.67,2.67,2.67,2.67,764,2021-07-30 14:33:00,OGI
2.665,2.67,2.665,2.67,1100,2021-07-30 14:34:00,OGI
2.67,2.67,2.6601,2.67,3519,2021-07-30 14:35:00,OGI
2.665,2.68,2.6638,2.68,8294,2021-07-30 14:36:00,OGI
2.6727,2.6771,2.66,2.66,1974,2021-07-30 14:37:00,OGI
2.66,2.66,2.66,2.66,1609,2021-07-30 14:38:00,OGI
2.67,2.67,2.6633,2.6633,313,2021-07-30 14:39:00,OGI
2.66,2.6699,2.66,2.665,4600,2021-07-30 14:40:00,OGI
2.6631,2.67,2.66,2.6669,16586,2021-07-30 14:41:00,OGI
2.665,2.67,2.655,2.66,27210,2021-07-30 14:42:00,OGI
2.655,2.66,2.655,2.66,400,2021-07-30 14:43:00,OGI
2.6567,2.6569,2.6526,2.6526,1801,2021-07-30 14:44:00,OGI
2.655,2.6599,2.65,2.65,1350,2021-07-30 14:45:00,OGI
2.655,2.655,2.655,2.655,150,2021-07-30 14:46:00,OGI
2.655,2.655,2.655,2.655,265,2021-07-30 14:47:00,OGI
2.656,2.656,2.656,2.656,100,2021-07-30 14:48:00,OGI
2.6527,2.6565,2.6527,2.655,1107,2021-07-30 14:49:00,OGI
2.66,2.66,2.653,2.6582,19400,2021-07-30 14:50:00,OGI
2.66,2.66,2.655,2.655,500,2021-07-30 14:51:00,OGI
2.655,2.66,2.655,2.655,2800,2021-07-30 14:52:00,OGI
2.6569,2.6569,2.6537,2.6537,1461,2021-07-30 14:53:00,OGI
2.66,2.66,2.6531,2.6531,7825,2021-07-30 14:54:00,OGI
2.66,2.66,2.65,2.65,11722,2021-07-30 14:55:00,OGI
2.6569,2.66,2.655,2.66,5310,2021-07-30 14:56:00,OGI
2.6599,2.67,2.6599,2.67,8200,2021-07-30 14:57:00,OGI
2.669,2.67,2.66,2.66,62002,2021-07-30 14:58:00,OGI
2.651,2.6533,2.64,2.65,16235,2021-07-30 14:59:00,OGI
2.6482,2.65,2.64,2.6403,5410,2021-07-30 15:00:00,OGI
2.64,2.64,2.63,2.6333,15148,2021-07-30 15:01:00,OGI
2.64,2.64,2.62,2.6201,75923,2021-07-30 15:02:00,OGI
2.627,2.635,2.6235,2.635,14527,2021-07-30 15:03:00,OGI
2.64,2.64,2.6331,2.6364,2300,2021-07-30 15:04:00,OGI
2.6399,2.64,2.633,2.633,12400,2021-07-30 15:05:00,OGI
2.6369,2.64,2.635,2.64,4900,2021-07-30 15:06:00,OGI
2.64,2.65,2.6382,2.645,45667,2021-07-30 15:07:00,OGI
2.65,2.65,2.645,2.6499,700,2021-07-30 15:08:00,OGI
2.6437,2.65,2.64,2.64,25295,2021-07-30 15:09:00,OGI
2.64,2.64,2.64,2.64,400,2021-07-30 15:10:00,OGI
2.6358,2.6358,2.63,2.6317,2350,2021-07-30 15:11:00,OGI
2.63,2.63,2.62,2.62,6950,2021-07-30 15:12:00,OGI
2.62,2.62,2.62,2.62,800,2021-07-30 15:13:00,OGI
2.62,2.62,2.62,2.62,394,2021-07-30 15:14:00,OGI
2.6266,2.6266,2.62,2.6263,1131,2021-07-30 15:16:00,OGI
2.6265,2.6265,2.6265,2.6265,2000,2021-07-30 15:17:00,OGI
2.6232,2.6237,2.6232,2.6237,450,2021-07-30 15:18:00,OGI
2.62,2.6264,2.62,2.6264,4937,2021-07-30 15:19:00,OGI
2.62,2.625,2.62,2.625,4200,2021-07-30 15:20:00,OGI
2.62,2.63,2.62,2.6299,11100,2021-07-30 15:21:00,OGI
2.625,2.63,2.62,2.6222,5600,2021-07-30 15:22:00,OGI
2.6236,2.63,2.623,2.623,2400,2021-07-30 15:23:00,OGI
2.6275,2.6299,2.6262,2.6299,2000,2021-07-30 15:24:00,OGI
2.625,2.625,2.61,2.615,33570,2021-07-30 15:25:00,OGI
2.62,2.62,2.613,2.6162,2600,2021-07-30 15:26:00,OGI
2.6199,2.62,2.615,2.62,12500,2021-07-30 15:28:00,OGI
2.619,2.62,2.6137,2.62,1858,2021-07-30 15:29:00,OGI
2.615,2.615,2.615,2.615,340,2021-07-30 15:30:00,OGI
2.6199,2.6199,2.6199,2.6199,206,2021-07-30 15:31:00,OGI
2.61,2.6137,2.61,2.6137,1600,2021-07-30 15:32:00,OGI
2.61,2.61,2.61,2.61,440,2021-07-30 15:33:00,OGI
2.62,2.62,2.61,2.615,4700,2021-07-30 15:34:00,OGI
2.61,2.625,2.61,2.625,24437,2021-07-30 15:35:00,OGI
2.62,2.63,2.62,2.6269,33661,2021-07-30 15:36:00,OGI
2.6299,2.63,2.625,2.625,700,2021-07-30 15:37:00,OGI
2.6238,2.625,2.62,2.6236,23122,2021-07-30 15:38:00,OGI
2.6238,2.63,2.62,2.6218,1800,2021-07-30 15:39:00,OGI
2.62,2.62,2.62,2.62,6633,2021-07-30 15:40:00,OGI
2.63,2.63,2.63,2.63,600,2021-07-30 15:41:00,OGI
2.622,2.63,2.622,2.625,5000,2021-07-30 15:42:00,OGI
2.625,2.65,2.623,2.65,56856,2021-07-30 15:43:00,OGI
2.6431,2.6431,2.64,2.64,4300,2021-07-30 15:44:00,OGI
2.65,2.65,2.645,2.645,900,2021-07-30 15:45:00,OGI
2.645,2.65,2.645,2.65,1942,2021-07-30 15:46:00,OGI
2.641,2.6499,2.641,2.6499,1000,2021-07-30 15:47:00,OGI
2.645,2.645,2.64,2.645,4765,2021-07-30 15:48:00,OGI
2.64,2.645,2.6338,2.6374,14461,2021-07-30 15:49:00,OGI
2.635,2.66,2.635,2.65,24526,2021-07-30 15:50:00,OGI
2.66,2.66,2.66,2.66,210,2021-07-30 15:52:00,OGI
2.66,2.66,2.65,2.65,6900,2021-07-30 15:53:00,OGI
2.649,2.6492,2.649,2.6492,2500,2021-07-30 15:54:00,OGI
2.6476,2.6476,2.6401,2.6401,400,2021-07-30 15:55:00,OGI
2.65,2.65,2.6431,2.6431,1100,2021-07-30 15:56:00,OGI
2.645,2.645,2.645,2.645,300,2021-07-30 15:57:00,OGI
2.6401,2.65,2.6401,2.65,915,2021-07-30 15:58:00,OGI
2.65,2.65,2.645,2.6466,5602,2021-07-30 15:59:00,OGI
2.6589,2.6589,2.6501,2.651,1200,2021-07-30 16:00:00,OGI
2.6518,2.66,2.6476,2.6476,13300,2021-07-30 16:02:00,OGI
2.645,2.645,2.645,2.645,270,2021-07-30 16:03:00,OGI
2.6443,2.6443,2.64,2.64,500,2021-07-30 16:04:00,OGI
2.64,2.64,2.64,2.64,2300,2021-07-30 16:05:00,OGI
2.635,2.635,2.6322,2.6322,5750,2021-07-30 16:06:00,OGI
2.64,2.64,2.6316,2.6316,3679,2021-07-30 16:07:00,OGI
2.64,2.65,2.64,2.65,11859,2021-07-30 16:09:00,OGI
2.6463,2.65,2.6463,2.65,467,2021-07-30 16:11:00,OGI
2.6461,2.6461,2.6461,2.6461,100,2021-07-30 16:12:00,OGI
2.64,2.64,2.64,2.64,4904,2021-07-30 16:15:00,OGI
2.6301,2.64,2.63,2.63,14145,2021-07-30 16:16:00,OGI
2.6369,2.64,2.635,2.635,1300,2021-07-30 16:17:00,OGI
2.6338,2.6338,2.6338,2.6338,250,2021-07-30 16:18:00,OGI
2.6362,2.6362,2.635,2.6362,500,2021-07-30 16:19:00,OGI
2.631,2.64,2.631,2.6362,3400,2021-07-30 16:20:00,OGI
2.6333,2.6333,2.6333,2.6333,600,2021-07-30 16:22:00,OGI
2.635,2.635,2.6315,2.6315,15169,2021-07-30 16:23:00,OGI
2.6338,2.64,2.6338,2.6363,600,2021-07-30 16:25:00,OGI
2.635,2.638,2.635,2.6369,1500,2021-07-30 16:26:00,OGI
2.64,2.64,2.635,2.635,1400,2021-07-30 16:27:00,OGI
2.635,2.635,2.635,2.635,200,2021-07-30 16:28:00,OGI
2.639,2.639,2.639,2.639,300,2021-07-30 16:29:00,OGI
2.639,2.65,2.6363,2.6457,4250,2021-07-30 16:30:00,OGI
2.6432,2.65,2.641,2.645,1400,2021-07-30 16:31:00,OGI
2.65,2.65,2.645,2.645,5296,2021-07-30 16:32:00,OGI
2.6401,2.6482,2.6401,2.6482,1116,2021-07-30 16:33:00,OGI
2.65,2.65,2.6492,2.65,14884,2021-07-30 16:34:00,OGI
2.6438,2.6438,2.6438,2.6438,300,2021-07-30 16:35:00,OGI
2.6401,2.65,2.64,2.6431,4600,2021-07-30 16:36:00,OGI
2.64,2.6417,2.6334,2.6339,21136,2021-07-30 16:37:00,OGI
2.64,2.64,2.635,2.635,2300,2021-07-30 16:38:00,OGI
2.64,2.64,2.6338,2.6362,900,2021-07-30 16:39:00,OGI
2.639,2.64,2.6362,2.64,1710,2021-07-30 16:40:00,OGI
2.633,2.635,2.6238,2.6238,35565,2021-07-30 16:41:00,OGI
2.63,2.63,2.6238,2.63,1500,2021-07-30 16:42:00,OGI
2.6237,2.6283,2.6237,2.6238,1281,2021-07-30 16:43:00,OGI
2.625,2.625,2.6238,2.625,650,2021-07-30 16:44:00,OGI
2.63,2.63,2.6262,2.629,1500,2021-07-30 16:46:00,OGI
2.6235,2.6235,2.6235,2.6235,300,2021-07-30 16:47:00,OGI
2.63,2.63,2.6272,2.6299,796,2021-07-30 16:48:00,OGI
2.62,2.629,2.62,2.6276,1423,2021-07-30 16:49:00,OGI
2.629,2.63,2.625,2.63,2400,2021-07-30 16:50:00,OGI
2.63,2.63,2.6236,2.6236,200,2021-07-30 16:51:00,OGI
2.625,2.625,2.625,2.625,500,2021-07-30 16:52:00,OGI
2.625,2.625,2.6206,2.6206,257,2021-07-30 16:53:00,OGI
2.62,2.6233,2.62,2.62,20989,2021-07-30 16:54:00,OGI
2.6257,2.63,2.62,2.62,4158,2021-07-30 16:55:00,OGI
2.615,2.62,2.615,2.62,400,2021-07-30 16:56:00,OGI
2.62,2.62,2.6137,2.6169,2000,2021-07-30 16:57:00,OGI
2.6168,2.6168,2.61,2.6129,2200,2021-07-30 16:58:00,OGI
2.61,2.61,2.61,2.61,500,2021-07-30 17:00:00,OGI
2.61,2.615,2.61,2.615,2356,2021-07-30 17:01:00,OGI
2.616,2.6174,2.61,2.6174,4589,2021-07-30 17:02:00,OGI
2.61,2.616,2.61,2.61,2400,2021-07-30 17:04:00,OGI
2.61,2.61,2.61,2.61,1500,2021-07-30 17:05:00,OGI
2.615,2.6163,2.615,2.6163,2100,2021-07-30 17:06:00,OGI
2.61,2.61,2.6031,2.605,54192,2021-07-30 17:08:00,OGI
2.605,2.62,2.605,2.6162,12323,2021-07-30 17:09:00,OGI
2.62,2.62,2.6101,2.6134,1495,2021-07-30 17:10:00,OGI
2.6138,2.62,2.61,2.6162,8815,2021-07-30 17:11:00,OGI
2.6162,2.6162,2.6159,2.6159,1150,2021-07-30 17:12:00,OGI
2.6199,2.6199,2.6199,2.6199,149,2021-07-30 17:13:00,OGI
2.6126,2.6126,2.6126,2.6126,666,2021-07-30 17:14:00,OGI
2.6165,2.6166,2.6,2.6,14403,2021-07-30 17:17:00,OGI
2.61,2.62,2.6037,2.6164,20597,2021-07-30 17:19:00,OGI
2.611,2.6162,2.611,2.615,1244,2021-07-30 17:20:00,OGI
2.6138,2.6138,2.6138,2.6138,100,2021-07-30 17:21:00,OGI
2.615,2.6199,2.615,2.6199,700,2021-07-30 17:24:00,OGI
2.615,2.62,2.615,2.62,2550,2021-07-30 17:25:00,OGI
2.6138,2.615,2.6138,2.615,384,2021-07-30 17:26:00,OGI
2.6164,2.6164,2.6162,2.6162,500,2021-07-30 17:27:00,OGI
2.615,2.6168,2.615,2.615,2000,2021-07-30 17:28:00,OGI
2.615,2.6198,2.615,2.6162,1300,2021-07-30 17:29:00,OGI
2.6135,2.62,2.6135,2.62,4971,2021-07-30 17:30:00,OGI
2.6174,2.6174,2.6174,2.6174,200,2021-07-30 17:31:00,OGI
2.619,2.62,2.6176,2.6176,1699,2021-07-30 17:32:00,OGI
2.615,2.615,2.615,2.615,200,2021-07-30 17:33:00,OGI
2.6138,2.6138,2.6138,2.6138,214,2021-07-30 17:34:00,OGI
2.6173,2.62,2.6163,2.62,2594,2021-07-30 17:35:00,OGI
2.6199,2.63,2.6199,2.625,38184,2021-07-30 17:36:00,OGI
2.63,2.64,2.63,2.6338,11348,2021-07-30 17:37:00,OGI
2.631,2.6382,2.63,2.635,9800,2021-07-30 17:38:00,OGI
2.635,2.635,2.635,2.635,240,2021-07-30 17:40:00,OGI
2.63,2.63,2.625,2.63,11700,2021-07-30 17:42:00,OGI
2.625,2.63,2.625,2.63,2858,2021-07-30 17:43:00,OGI
2.6272,2.63,2.6201,2.6262,1300,2021-07-30 17:44:00,OGI
2.625,2.63,2.6218,2.6243,3024,2021-07-30 17:45:00,OGI
2.6286,2.63,2.6237,2.6237,1102,2021-07-30 17:46:00,OGI
2.623,2.625,2.623,2.625,880,2021-07-30 17:47:00,OGI
2.625,2.6295,2.625,2.6274,500,2021-07-30 17:48:00,OGI
2.625,2.6275,2.625,2.625,300,2021-07-30 17:49:00,OGI
2.6273,2.6273,2.6234,2.6234,300,2021-07-30 17:50:00,OGI
2.6282,2.6299,2.6282,2.6288,26300,2021-07-30 17:51:00,OGI
2.62,2.6262,2.62,2.625,490,2021-07-30 17:52:00,OGI
2.625,2.629,2.625,2.629,200,2021-07-30 17:53:00,OGI
2.6234,2.6234,2.6201,2.6222,3217,2021-07-30 17:54:00,OGI
2.6269,2.6269,2.625,2.625,2600,2021-07-30 17:55:00,OGI
2.625,2.6283,2.611,2.611,11100,2021-07-30 17:56:00,OGI
2.6164,2.6199,2.61,2.6199,4950,2021-07-30 17:57:00,OGI
2.6164,2.62,2.61,2.6137,4400,2021-07-30 17:58:00,OGI
2.61,2.6162,2.61,2.6162,200,2021-07-30 17:59:00,OGI
2.613,2.6169,2.613,2.6169,2500,2021-07-30 18:01:00,OGI
2.62,2.62,2.61,2.617,21845,2021-07-30 18:02:00,OGI
2.61,2.617,2.61,2.61,5840,2021-07-30 18:03:00,OGI
2.61,2.61,2.6,2.605,7846,2021-07-30 18:04:00,OGI
2.61,2.61,2.61,2.61,306,2021-07-30 18:05:00,OGI
2.6,2.6064,2.6,2.6064,655,2021-07-30 18:06:00,OGI
2.605,2.61,2.6,2.6079,4100,2021-07-30 18:07:00,OGI
2.6075,2.6099,2.603,2.603,4500,2021-07-30 18:08:00,OGI
2.61,2.61,2.6062,2.609,2500,2021-07-30 18:09:00,OGI
2.61,2.61,2.6031,2.6031,1100,2021-07-30 18:10:00,OGI
2.605,2.61,2.6,2.6,11000,2021-07-30 18:11:00,OGI
2.6,2.6,2.6,2.6,193,2021-07-30 18:13:00,OGI
2.61,2.61,2.6,2.6084,600,2021-07-30 18:14:00,OGI
2.6069,2.6069,2.6069,2.6069,500,2021-07-30 18:15:00,OGI
2.605,2.61,2.605,2.605,1199,2021-07-30 18:17:00,OGI
2.605,2.6099,2.6,2.6079,2325,2021-07-30 18:18:00,OGI
2.608,2.62,2.608,2.6134,4768,2021-07-30 18:19:00,OGI
2.62,2.62,2.62,2.62,1200,2021-07-30 18:20:00,OGI
2.613,2.62,2.61,2.615,1900,2021-07-30 18:21:00,OGI
2.6188,2.6188,2.616,2.616,1191,2021-07-30 18:22:00,OGI
2.61,2.6187,2.61,2.615,8490,2021-07-30 18:23:00,OGI
2.6199,2.6199,2.61,2.61,4786,2021-07-30 18:24:00,OGI
2.605,2.6099,2.605,2.605,1650,2021-07-30 18:25:00,OGI
2.6001,2.6099,2.6001,2.605,793,2021-07-30 18:26:00,OGI
2.6066,2.6066,2.6065,2.6065,200,2021-07-30 18:27:00,OGI
2.6039,2.605,2.6,2.601,3860,2021-07-30 18:28:00,OGI
2.6038,2.607,2.6,2.6,2800,2021-07-30 18:29:00,OGI
2.605,2.61,2.6,2.61,4000,2021-07-30 18:30:00,OGI
2.6069,2.6099,2.6,2.601,6071,2021-07-30 18:31:00,OGI
2.6068,2.6099,2.6,2.6033,4600,2021-07-30 18:33:00,OGI
2.6073,2.6073,2.595,2.595,26346,2021-07-30 18:34:00,OGI
2.595,2.595,2.59,2.59,200,2021-07-30 18:35:00,OGI
2.5939,2.6,2.59,2.59,600,2021-07-30 18:36:00,OGI
2.5939,2.5939,2.5939,2.5939,188,2021-07-30 18:37:00,OGI
2.595,2.595,2.5933,2.5933,1120,2021-07-30 18:38:00,OGI
2.59,2.6,2.59,2.6,4085,2021-07-30 18:39:00,OGI
2.59,2.597,2.583,2.583,31373,2021-07-30 18:40:00,OGI
2.5869,2.59,2.5801,2.59,13314,2021-07-30 18:41:00,OGI
2.6,2.6,2.59,2.5964,1100,2021-07-30 18:42:00,OGI
2.592,2.595,2.5901,2.5901,5600,2021-07-30 18:43:00,OGI
2.595,2.595,2.5938,2.5938,400,2021-07-30 18:44:00,OGI
2.5938,2.5938,2.5938,2.5938,840,2021-07-30 18:45:00,OGI
2.5935,2.5935,2.5935,2.5935,1349,2021-07-30 18:47:00,OGI
2.5938,2.61,2.5938,2.6026,75151,2021-07-30 18:48:00,OGI
2.6083,2.6083,2.6083,2.6083,1600,2021-07-30 18:49:00,OGI
2.6027,2.6062,2.6027,2.6062,325,2021-07-30 18:50:00,OGI
2.6061,2.6061,2.6061,2.6061,192,2021-07-30 18:51:00,OGI
2.6,2.6021,2.6,2.6021,2790,2021-07-30 18:52:00,OGI
2.6,2.6005,2.6,2.6005,1000,2021-07-30 18:53:00,OGI
2.6,2.6,2.59,2.59,13200,2021-07-30 18:55:00,OGI
2.6,2.6,2.59,2.59,2600,2021-07-30 18:56:00,OGI
2.6,2.6,2.59,2.5936,4142,2021-07-30 18:57:00,OGI
2.5937,2.595,2.59,2.59,2300,2021-07-30 18:58:00,OGI
2.5965,2.5965,2.595,2.595,1385,2021-07-30 18:59:00,OGI
2.595,2.595,2.59,2.59,1100,2021-07-30 19:00:00,OGI
2.59,2.6,2.59,2.6,700,2021-07-30 19:01:00,OGI
2.599,2.6026,2.593,2.6026,18916,2021-07-30 19:02:00,OGI
2.6005,2.61,2.6005,2.61,22810,2021-07-30 19:03:00,OGI
2.6099,2.6099,2.6099,2.6099,1000,2021-07-30 19:04:00,OGI
2.6,2.6099,2.6,2.6099,1197,2021-07-30 19:05:00,OGI
2.605,2.61,2.6038,2.6038,1398,2021-07-30 19:06:00,OGI
2.601,2.6038,2.601,2.6038,300,2021-07-30 19:07:00,OGI
2.6085,2.61,2.6001,2.61,14186,2021-07-30 19:08:00,OGI
2.6126,2.617,2.6101,2.617,1700,2021-07-30 19:09:00,OGI
2.615,2.615,2.61,2.61,1500,2021-07-30 19:10:00,OGI
2.6136,2.6136,2.6136,2.6136,500,2021-07-30 19:11:00,OGI
2.62,2.62,2.62,2.62,203,2021-07-30 19:12:00,OGI
2.611,2.6128,2.611,2.6128,1364,2021-07-30 19:13:00,OGI
2.6139,2.6139,2.6139,2.6139,100,2021-07-30 19:14:00,OGI
2.6138,2.6138,2.6138,2.6138,381,2021-07-30 19:16:00,OGI
2.6134,2.615,2.6134,2.615,1650,2021-07-30 19:17:00,OGI
2.62,2.62,2.615,2.615,623,2021-07-30 19:18:00,OGI
2.6114,2.6199,2.61,2.61,2100,2021-07-30 19:19:00,OGI
2.6167,2.6175,2.615,2.615,1300,2021-07-30 19:20:00,OGI
2.617,2.6172,2.617,2.6172,200,2021-07-30 19:21:00,OGI
2.6134,2.6172,2.6134,2.615,738,2021-07-30 19:22:00,OGI
2.615,2.62,2.6135,2.6135,600,2021-07-30 19:23:00,OGI
2.611,2.617,2.6101,2.6101,4108,2021-07-30 19:24:00,OGI
2.615,2.615,2.615,2.615,100,2021-07-30 19:25:00,OGI
2.6179,2.62,2.615,2.615,3300,2021-07-30 19:26:00,OGI
2.61,2.6192,2.61,2.61,10800,2021-07-30 19:27:00,OGI
2.615,2.6174,2.615,2.6174,400,2021-07-30 19:28:00,OGI
2.615,2.615,2.615,2.615,381,2021-07-30 19:29:00,OGI
2.615,2.615,2.6138,2.615,500,2021-07-30 19:30:00,OGI
2.6101,2.6101,2.6101,2.6101,500,2021-07-30 19:31:00,OGI
2.615,2.615,2.615,2.615,200,2021-07-30 19:32:00,OGI
2.615,2.615,2.615,2.615,1449,2021-07-30 19:33:00,OGI
2.615,2.615,2.615,2.615,300,2021-07-30 19:34:00,OGI
2.62,2.62,2.61,2.615,500,2021-07-30 19:35:00,OGI
2.6138,2.615,2.6101,2.6138,1118,2021-07-30 19:36:00,OGI
2.61,2.61,2.61,2.61,100,2021-07-30 19:37:00,OGI
2.615,2.615,2.615,2.615,100,2021-07-30 19:38:00,OGI
2.615,2.62,2.61,2.62,12924,2021-07-30 19:39:00,OGI
2.615,2.615,2.61,2.61,4982,2021-07-30 19:40:00,OGI
2.62,2.62,2.61,2.615,8000,2021-07-30 19:41:00,OGI
2.615,2.615,2.6138,2.6138,340,2021-07-30 19:42:00,OGI
2.615,2.6169,2.61,2.6169,800,2021-07-30 19:43:00,OGI
2.615,2.6199,2.615,2.6199,1845,2021-07-30 19:44:00,OGI
2.61,2.6172,2.61,2.6172,3291,2021-07-30 19:45:00,OGI
2.61,2.62,2.61,2.61,5700,2021-07-30 19:46:00,OGI
2.62,2.62,2.6104,2.615,2302,2021-07-30 19:47:00,OGI
2.61,2.62,2.61,2.62,991,2021-07-30 19:48:00,OGI
2.62,2.62,2.61,2.615,10600,2021-07-30 19:49:00,OGI
2.62,2.62,2.61,2.62,22000,2021-07-30 19:50:00,OGI
2.6101,2.62,2.6101,2.6134,2040,2021-07-30 19:51:00,OGI
2.62,2.62,2.615,2.615,300,2021-07-30 19:52:00,OGI
2.6129,2.62,2.61,2.6138,9033,2021-07-30 19:53:00,OGI
2.615,2.62,2.6101,2.615,4275,2021-07-30 19:54:00,OGI
2.62,2.62,2.615,2.62,5892,2021-07-30 19:55:00,OGI
2.62,2.62,2.611,2.615,7100,2021-07-30 19:56:00,OGI
2.615,2.62,2.6131,2.62,4519,2021-07-30 19:57:00,OGI
2.62,2.62,2.6136,2.62,7495,2021-07-30 19:58:00,OGI
2.62,2.62,2.605,2.61,35944,2021-07-30 19:59:00,OGI
2.62,2.62,2.62,2.62,31617,2021-07-30 20:00:00,OGI
2.59,2.59,2.59,2.59,500,2021-07-30 20:12:00,OGI
2.5914,2.5914,2.5914,2.5914,710,2021-07-30 21:05:00,OGI
2.6196,2.62,2.6196,2.62,294,2021-07-30 21:15:00,OGI
2.6001,2.6001,2.6001,2.6001,600,2021-07-30 21:17:00,OGI
2.62,2.62,2.62,2.62,500,2021-07-30 21:22:00,OGI
2.6,2.6,2.6,2.6,1500,2021-07-30 23:15:00,OGI
2.6,2.6,2.6,2.6,100,2021-07-30 23:20:00,OGI
