open,high,low,close,volume,datetime,symbol
11.55,11.55,11.55,11.55,113,2021-07-01 08:25:00,PAA
11.55,11.55,11.55,11.55,500,2021-07-01 12:46:00,PAA
11.55,11.55,11.55,11.55,170,2021-07-01 12:58:00,PAA
11.49,11.49,11.49,11.49,150,2021-07-01 13:04:00,PAA
11.5,11.62,11.5,11.58,57921,2021-07-01 13:30:00,PAA
11.575,11.6,11.5601,11.6,8594,2021-07-01 13:31:00,PAA
11.6,11.62,11.58,11.58,10141,2021-07-01 13:32:00,PAA
11.58,11.6,11.565,11.58,10504,2021-07-01 13:33:00,PAA
11.58,11.63,11.57,11.6202,16730,2021-07-01 13:34:00,PAA
11.63,11.66,11.63,11.66,22298,2021-07-01 13:35:00,PAA
11.65,11.65,11.62,11.625,32937,2021-07-01 13:36:00,PAA
11.62,11.65,11.62,11.63,14597,2021-07-01 13:37:00,PAA
11.63,11.65,11.6213,11.635,9972,2021-07-01 13:38:00,PAA
11.64,11.675,11.635,11.66,41379,2021-07-01 13:39:00,PAA
11.645,11.68,11.645,11.67,7437,2021-07-01 13:40:00,PAA
11.66,11.67,11.65,11.65,9577,2021-07-01 13:41:00,PAA
11.66,11.66,11.63,11.63,6959,2021-07-01 13:42:00,PAA
11.62,11.62,11.61,11.61,3300,2021-07-01 13:43:00,PAA
11.6,11.6,11.59,11.595,7281,2021-07-01 13:44:00,PAA
11.6,11.62,11.58,11.58,3709,2021-07-01 13:45:00,PAA
11.58,11.61,11.571,11.61,6644,2021-07-01 13:46:00,PAA
11.595,11.6,11.58,11.58,4037,2021-07-01 13:47:00,PAA
11.59,11.6,11.58,11.5909,7015,2021-07-01 13:48:00,PAA
11.605,11.63,11.5937,11.63,7672,2021-07-01 13:49:00,PAA
11.63,11.63,11.6,11.6,12999,2021-07-01 13:50:00,PAA
11.6,11.61,11.58,11.58,4370,2021-07-01 13:51:00,PAA
11.575,11.58,11.57,11.57,3327,2021-07-01 13:52:00,PAA
11.57,11.59,11.57,11.59,15306,2021-07-01 13:53:00,PAA
11.595,11.61,11.595,11.61,2722,2021-07-01 13:54:00,PAA
11.605,11.615,11.6,11.6,5700,2021-07-01 13:55:00,PAA
11.6,11.61,11.5935,11.6,4009,2021-07-01 13:56:00,PAA
11.59,11.6,11.58,11.6,11694,2021-07-01 13:57:00,PAA
11.6,11.6001,11.58,11.6,4215,2021-07-01 13:58:00,PAA
11.6,11.63,11.6,11.6,13167,2021-07-01 13:59:00,PAA
11.59,11.59,11.57,11.58,1600,2021-07-01 14:00:00,PAA
11.59,11.6,11.59,11.6,6792,2021-07-01 14:01:00,PAA
11.6,11.6,11.585,11.59,2200,2021-07-01 14:02:00,PAA
11.58,11.58,11.55,11.555,9603,2021-07-01 14:03:00,PAA
11.56,11.56,11.56,11.56,100,2021-07-01 14:04:00,PAA
11.55,11.57,11.54,11.57,4394,2021-07-01 14:05:00,PAA
11.57,11.57,11.56,11.57,3443,2021-07-01 14:06:00,PAA
11.58,11.6,11.58,11.6,4413,2021-07-01 14:07:00,PAA
11.61,11.63,11.61,11.63,4925,2021-07-01 14:08:00,PAA
11.62,11.64,11.62,11.64,6527,2021-07-01 14:09:00,PAA
11.635,11.64,11.63,11.63,2431,2021-07-01 14:10:00,PAA
11.6312,11.635,11.61,11.62,8579,2021-07-01 14:11:00,PAA
11.61,11.62,11.61,11.615,2722,2021-07-01 14:12:00,PAA
11.613,11.6171,11.613,11.6171,200,2021-07-01 14:13:00,PAA
11.62,11.64,11.6185,11.62,11843,2021-07-01 14:14:00,PAA
11.62,11.63,11.615,11.615,2582,2021-07-01 14:15:00,PAA
11.62,11.62,11.615,11.62,5200,2021-07-01 14:16:00,PAA
11.615,11.62,11.615,11.615,8500,2021-07-01 14:17:00,PAA
11.615,11.62,11.605,11.61,6199,2021-07-01 14:18:00,PAA
11.6,11.62,11.6,11.62,20437,2021-07-01 14:19:00,PAA
11.615,11.62,11.61,11.615,2984,2021-07-01 14:20:00,PAA
11.61,11.61,11.605,11.61,8051,2021-07-01 14:21:00,PAA
11.605,11.61,11.6,11.61,2060,2021-07-01 14:22:00,PAA
11.605,11.615,11.6,11.61,57301,2021-07-01 14:23:00,PAA
11.6,11.615,11.6,11.61,13567,2021-07-01 14:24:00,PAA
11.61,11.62,11.6,11.61,52768,2021-07-01 14:25:00,PAA
11.605,11.61,11.59,11.6,7000,2021-07-01 14:26:00,PAA
11.595,11.6,11.59,11.6,10828,2021-07-01 14:27:00,PAA
11.6,11.6,11.595,11.595,7600,2021-07-01 14:28:00,PAA
11.6,11.6,11.58,11.59,9262,2021-07-01 14:29:00,PAA
11.58,11.585,11.54,11.54,6839,2021-07-01 14:30:00,PAA
11.55,11.58,11.55,11.57,11369,2021-07-01 14:31:00,PAA
11.565,11.59,11.56,11.59,35736,2021-07-01 14:32:00,PAA
11.58,11.59,11.5795,11.59,12152,2021-07-01 14:33:00,PAA
11.59,11.59,11.585,11.585,2900,2021-07-01 14:34:00,PAA
11.58,11.59,11.5641,11.57,64186,2021-07-01 14:35:00,PAA
11.565,11.57,11.56,11.565,31221,2021-07-01 14:36:00,PAA
11.56,11.565,11.55,11.56,20040,2021-07-01 14:37:00,PAA
11.565,11.57,11.56,11.57,4000,2021-07-01 14:38:00,PAA
11.57,11.575,11.57,11.57,1968,2021-07-01 14:39:00,PAA
11.57,11.57,11.56,11.56,12973,2021-07-01 14:40:00,PAA
11.565,11.57,11.565,11.57,5383,2021-07-01 14:41:00,PAA
11.565,11.58,11.565,11.575,19628,2021-07-01 14:42:00,PAA
11.575,11.58,11.571,11.571,7300,2021-07-01 14:43:00,PAA
11.57,11.58,11.57,11.575,4148,2021-07-01 14:44:00,PAA
11.58,11.59,11.57,11.575,18992,2021-07-01 14:45:00,PAA
11.57,11.5762,11.57,11.575,3214,2021-07-01 14:46:00,PAA
11.575,11.58,11.575,11.575,7110,2021-07-01 14:47:00,PAA
11.577,11.577,11.55,11.55,15428,2021-07-01 14:48:00,PAA
11.555,11.565,11.55,11.565,12702,2021-07-01 14:49:00,PAA
11.565,11.57,11.55,11.5506,25306,2021-07-01 14:50:00,PAA
11.555,11.555,11.555,11.555,200,2021-07-01 14:51:00,PAA
11.555,11.555,11.555,11.555,1327,2021-07-01 14:52:00,PAA
11.56,11.56,11.555,11.56,9888,2021-07-01 14:53:00,PAA
11.555,11.555,11.55,11.555,901,2021-07-01 14:54:00,PAA
11.5575,11.5575,11.55,11.555,2200,2021-07-01 14:55:00,PAA
11.555,11.565,11.555,11.565,17416,2021-07-01 14:56:00,PAA
11.565,11.565,11.555,11.555,5677,2021-07-01 14:57:00,PAA
11.55,11.555,11.55,11.555,23685,2021-07-01 14:58:00,PAA
11.555,11.555,11.545,11.545,18648,2021-07-01 14:59:00,PAA
11.55,11.55,11.54,11.54,10218,2021-07-01 15:00:00,PAA
11.545,11.55,11.54,11.54,6049,2021-07-01 15:01:00,PAA
11.545,11.56,11.54,11.55,9211,2021-07-01 15:02:00,PAA
11.55,11.55,11.53,11.53,6753,2021-07-01 15:03:00,PAA
11.54,11.54,11.54,11.54,200,2021-07-01 15:04:00,PAA
11.5317,11.535,11.5317,11.535,7517,2021-07-01 15:05:00,PAA
11.54,11.557,11.54,11.557,8591,2021-07-01 15:06:00,PAA
11.56,11.56,11.54,11.54,5291,2021-07-01 15:07:00,PAA
11.545,11.55,11.545,11.55,800,2021-07-01 15:08:00,PAA
11.55,11.55,11.545,11.55,600,2021-07-01 15:09:00,PAA
11.54,11.54,11.53,11.53,2500,2021-07-01 15:10:00,PAA
11.53,11.53,11.525,11.525,839,2021-07-01 15:11:00,PAA
11.52,11.52,11.51,11.51,1400,2021-07-01 15:12:00,PAA
11.51,11.51,11.5,11.5,1156,2021-07-01 15:13:00,PAA
11.5,11.5,11.475,11.48,5254,2021-07-01 15:14:00,PAA
11.48,11.49,11.475,11.48,4042,2021-07-01 15:15:00,PAA
11.48,11.48,11.47,11.47,1202,2021-07-01 15:16:00,PAA
11.47,11.47,11.47,11.47,100,2021-07-01 15:17:00,PAA
11.47,11.47,11.455,11.455,2400,2021-07-01 15:18:00,PAA
11.459,11.459,11.45,11.45,1099,2021-07-01 15:19:00,PAA
11.445,11.45,11.445,11.45,4379,2021-07-01 15:20:00,PAA
11.455,11.46,11.455,11.46,1200,2021-07-01 15:21:00,PAA
11.462,11.465,11.46,11.46,6500,2021-07-01 15:22:00,PAA
11.46,11.47,11.45,11.45,5900,2021-07-01 15:23:00,PAA
11.4473,11.4473,11.4422,11.4422,2650,2021-07-01 15:24:00,PAA
11.445,11.45,11.445,11.445,7000,2021-07-01 15:25:00,PAA
11.445,11.4501,11.445,11.445,19168,2021-07-01 15:26:00,PAA
11.445,11.46,11.445,11.455,8966,2021-07-01 15:27:00,PAA
11.455,11.4633,11.4501,11.4633,5166,2021-07-01 15:28:00,PAA
11.47,11.47,11.4601,11.47,4650,2021-07-01 15:29:00,PAA
11.48,11.48,11.47,11.475,5874,2021-07-01 15:30:00,PAA
11.485,11.4899,11.485,11.485,2300,2021-07-01 15:31:00,PAA
11.49,11.49,11.4834,11.485,1250,2021-07-01 15:32:00,PAA
11.485,11.485,11.485,11.485,700,2021-07-01 15:33:00,PAA
11.485,11.485,11.47,11.47,8585,2021-07-01 15:34:00,PAA
11.4775,11.4775,11.4775,11.4775,750,2021-07-01 15:35:00,PAA
11.475,11.475,11.475,11.475,600,2021-07-01 15:36:00,PAA
11.475,11.4782,11.475,11.475,2856,2021-07-01 15:37:00,PAA
11.48,11.48,11.47,11.47,2150,2021-07-01 15:38:00,PAA
11.475,11.48,11.4701,11.4793,4900,2021-07-01 15:39:00,PAA
11.47,11.475,11.47,11.475,1600,2021-07-01 15:40:00,PAA
11.47,11.48,11.47,11.47,1643,2021-07-01 15:41:00,PAA
11.475,11.48,11.47,11.48,4457,2021-07-01 15:42:00,PAA
11.48,11.49,11.48,11.49,11779,2021-07-01 15:43:00,PAA
11.49,11.4971,11.49,11.4971,5362,2021-07-01 15:44:00,PAA
11.49,11.5,11.49,11.5,7617,2021-07-01 15:45:00,PAA
11.495,11.495,11.485,11.485,2432,2021-07-01 15:46:00,PAA
11.485,11.5,11.485,11.5,3932,2021-07-01 15:47:00,PAA
11.495,11.5,11.4933,11.495,3035,2021-07-01 15:48:00,PAA
11.5,11.5,11.495,11.495,700,2021-07-01 15:49:00,PAA
11.5,11.51,11.5,11.51,3550,2021-07-01 15:50:00,PAA
11.505,11.505,11.4985,11.4985,8990,2021-07-01 15:51:00,PAA
11.495,11.5,11.495,11.5,1002,2021-07-01 15:52:00,PAA
11.5,11.515,11.5,11.515,4500,2021-07-01 15:53:00,PAA
11.515,11.515,11.515,11.515,100,2021-07-01 15:54:00,PAA
11.515,11.515,11.515,11.515,200,2021-07-01 15:55:00,PAA
11.51,11.51,11.5,11.5,2400,2021-07-01 15:56:00,PAA
11.51,11.51,11.51,11.51,300,2021-07-01 15:58:00,PAA
11.51,11.51,11.505,11.5099,300,2021-07-01 15:59:00,PAA
11.5,11.505,11.5,11.505,200,2021-07-01 16:00:00,PAA
11.51,11.51,11.51,11.51,400,2021-07-01 16:01:00,PAA
11.5,11.5,11.5,11.5,1800,2021-07-01 16:02:00,PAA
11.495,11.495,11.495,11.495,100,2021-07-01 16:03:00,PAA
11.5,11.505,11.5,11.505,1500,2021-07-01 16:04:00,PAA
11.5063,11.51,11.505,11.51,4780,2021-07-01 16:06:00,PAA
11.51,11.51,11.51,11.51,200,2021-07-01 16:07:00,PAA
11.51,11.5101,11.51,11.51,3049,2021-07-01 16:08:00,PAA
11.51,11.51,11.51,11.51,100,2021-07-01 16:09:00,PAA
11.505,11.505,11.505,11.505,100,2021-07-01 16:10:00,PAA
11.505,11.51,11.5,11.5,6782,2021-07-01 16:11:00,PAA
11.4997,11.4997,11.495,11.495,600,2021-07-01 16:12:00,PAA
11.495,11.495,11.495,11.495,100,2021-07-01 16:13:00,PAA
11.495,11.495,11.495,11.495,100,2021-07-01 16:16:00,PAA
11.495,11.495,11.495,11.495,200,2021-07-01 16:17:00,PAA
11.495,11.51,11.495,11.51,8541,2021-07-01 16:18:00,PAA
11.51,11.51,11.505,11.505,900,2021-07-01 16:19:00,PAA
11.505,11.515,11.505,11.515,3100,2021-07-01 16:20:00,PAA
11.515,11.515,11.5,11.5,12925,2021-07-01 16:21:00,PAA
11.5,11.5,11.495,11.495,900,2021-07-01 16:22:00,PAA
11.495,11.495,11.495,11.495,700,2021-07-01 16:23:00,PAA
11.495,11.495,11.495,11.495,200,2021-07-01 16:24:00,PAA
11.49,11.49,11.49,11.49,150,2021-07-01 16:25:00,PAA
11.495,11.5,11.495,11.5,3100,2021-07-01 16:27:00,PAA
11.5,11.5,11.5,11.5,214,2021-07-01 16:28:00,PAA
11.505,11.505,11.505,11.505,200,2021-07-01 16:29:00,PAA
11.505,11.505,11.505,11.505,273,2021-07-01 16:30:00,PAA
11.5092,11.52,11.505,11.52,17745,2021-07-01 16:31:00,PAA
11.52,11.525,11.52,11.525,400,2021-07-01 16:32:00,PAA
11.525,11.525,11.52,11.52,600,2021-07-01 16:33:00,PAA
11.53,11.53,11.525,11.525,5214,2021-07-01 16:34:00,PAA
11.53,11.53,11.53,11.53,726,2021-07-01 16:35:00,PAA
11.53,11.545,11.53,11.54,12430,2021-07-01 16:36:00,PAA
11.53,11.53,11.53,11.53,600,2021-07-01 16:37:00,PAA
11.53,11.54,11.53,11.54,1000,2021-07-01 16:38:00,PAA
11.535,11.54,11.535,11.536,1089,2021-07-01 16:39:00,PAA
11.5399,11.5399,11.533,11.533,345,2021-07-01 16:40:00,PAA
11.54,11.54,11.53,11.54,2000,2021-07-01 16:41:00,PAA
11.54,11.55,11.54,11.55,3400,2021-07-01 16:42:00,PAA
11.55,11.55,11.545,11.55,1100,2021-07-01 16:44:00,PAA
11.5427,11.55,11.5427,11.545,900,2021-07-01 16:46:00,PAA
11.545,11.545,11.545,11.545,2478,2021-07-01 16:47:00,PAA
11.54,11.54,11.54,11.54,200,2021-07-01 16:48:00,PAA
11.54,11.545,11.54,11.54,900,2021-07-01 16:49:00,PAA
11.5326,11.535,11.5312,11.5312,6224,2021-07-01 16:52:00,PAA
11.535,11.55,11.535,11.55,4521,2021-07-01 16:53:00,PAA
11.5464,11.5464,11.545,11.5462,300,2021-07-01 16:54:00,PAA
11.55,11.56,11.55,11.555,7958,2021-07-01 16:55:00,PAA
11.56,11.56,11.56,11.56,200,2021-07-01 16:56:00,PAA
11.555,11.56,11.555,11.56,500,2021-07-01 16:57:00,PAA
11.56,11.56,11.5523,11.56,2495,2021-07-01 16:58:00,PAA
11.56,11.56,11.55,11.56,600,2021-07-01 16:59:00,PAA
11.56,11.56,11.56,11.56,703,2021-07-01 17:00:00,PAA
11.56,11.56,11.56,11.56,300,2021-07-01 17:01:00,PAA
11.56,11.56,11.555,11.56,1300,2021-07-01 17:02:00,PAA
11.56,11.56,11.555,11.56,3050,2021-07-01 17:03:00,PAA
11.555,11.56,11.555,11.56,500,2021-07-01 17:04:00,PAA
11.555,11.57,11.555,11.565,4255,2021-07-01 17:05:00,PAA
11.57,11.57,11.57,11.57,500,2021-07-01 17:06:00,PAA
11.57,11.57,11.5634,11.57,1182,2021-07-01 17:07:00,PAA
11.57,11.57,11.57,11.57,300,2021-07-01 17:08:00,PAA
11.57,11.58,11.57,11.575,3464,2021-07-01 17:09:00,PAA
11.58,11.58,11.579,11.58,673,2021-07-01 17:10:00,PAA
11.58,11.58,11.58,11.58,500,2021-07-01 17:11:00,PAA
11.58,11.58,11.572,11.58,1406,2021-07-01 17:12:00,PAA
11.58,11.58,11.58,11.58,400,2021-07-01 17:13:00,PAA
11.57,11.57,11.57,11.57,9700,2021-07-01 17:14:00,PAA
11.57,11.59,11.565,11.585,12996,2021-07-01 17:17:00,PAA
11.59,11.59,11.57,11.58,56768,2021-07-01 17:18:00,PAA
11.5786,11.58,11.5782,11.5782,2600,2021-07-01 17:19:00,PAA
11.58,11.58,11.575,11.58,6000,2021-07-01 17:22:00,PAA
11.575,11.58,11.575,11.58,700,2021-07-01 17:23:00,PAA
11.575,11.575,11.575,11.575,500,2021-07-01 17:24:00,PAA
11.575,11.58,11.575,11.58,300,2021-07-01 17:25:00,PAA
11.575,11.579,11.57,11.57,3917,2021-07-01 17:26:00,PAA
11.575,11.58,11.57,11.575,700,2021-07-01 17:27:00,PAA
11.57,11.59,11.57,11.59,7935,2021-07-01 17:28:00,PAA
11.585,11.585,11.58,11.585,1000,2021-07-01 17:29:00,PAA
11.59,11.59,11.59,11.59,100,2021-07-01 17:30:00,PAA
11.59,11.59,11.585,11.585,300,2021-07-01 17:31:00,PAA
11.59,11.59,11.5873,11.5873,700,2021-07-01 17:32:00,PAA
11.59,11.59,11.58,11.5806,4800,2021-07-01 17:33:00,PAA
11.5831,11.59,11.5831,11.585,389,2021-07-01 17:35:00,PAA
11.59,11.59,11.59,11.59,600,2021-07-01 17:36:00,PAA
11.58,11.58,11.56,11.56,8053,2021-07-01 17:37:00,PAA
11.56,11.565,11.56,11.565,1000,2021-07-01 17:38:00,PAA
11.57,11.57,11.56,11.56,5500,2021-07-01 17:39:00,PAA
11.5683,11.5683,11.545,11.545,9100,2021-07-01 17:40:00,PAA
11.545,11.545,11.535,11.54,2794,2021-07-01 17:41:00,PAA
11.5399,11.55,11.5399,11.54,1233,2021-07-01 17:42:00,PAA
11.54,11.54,11.53,11.53,2500,2021-07-01 17:43:00,PAA
11.53,11.53,11.53,11.53,100,2021-07-01 17:44:00,PAA
11.53,11.53,11.525,11.53,2900,2021-07-01 17:45:00,PAA
11.53,11.53,11.53,11.53,2804,2021-07-01 17:46:00,PAA
11.53,11.53,11.53,11.53,5799,2021-07-01 17:48:00,PAA
11.52,11.525,11.52,11.525,200,2021-07-01 17:49:00,PAA
11.52,11.52,11.51,11.515,4300,2021-07-01 17:50:00,PAA
11.5163,11.525,11.5163,11.52,9818,2021-07-01 17:51:00,PAA
11.525,11.525,11.525,11.525,200,2021-07-01 17:52:00,PAA
11.525,11.525,11.52,11.52,250,2021-07-01 17:53:00,PAA
11.5225,11.5225,11.5225,11.5225,500,2021-07-01 17:54:00,PAA
11.53,11.535,11.525,11.53,8588,2021-07-01 17:55:00,PAA
11.5344,11.5344,11.53,11.53,6100,2021-07-01 17:56:00,PAA
11.53,11.53,11.53,11.53,400,2021-07-01 17:57:00,PAA
11.53,11.5337,11.53,11.53,4266,2021-07-01 17:58:00,PAA
11.53,11.53,11.53,11.53,2166,2021-07-01 17:59:00,PAA
11.53,11.53,11.511,11.511,2700,2021-07-01 18:00:00,PAA
11.52,11.52,11.52,11.52,400,2021-07-01 18:01:00,PAA
11.51,11.515,11.51,11.51,800,2021-07-01 18:02:00,PAA
11.51,11.51,11.51,11.51,100,2021-07-01 18:04:00,PAA
11.51,11.51,11.51,11.51,5578,2021-07-01 18:05:00,PAA
11.505,11.505,11.505,11.505,163,2021-07-01 18:06:00,PAA
11.505,11.505,11.505,11.505,200,2021-07-01 18:07:00,PAA
11.51,11.515,11.5073,11.51,5946,2021-07-01 18:08:00,PAA
11.51,11.51,11.51,11.51,4700,2021-07-01 18:09:00,PAA
11.5,11.51,11.49,11.51,9076,2021-07-01 18:10:00,PAA
11.5099,11.5099,11.5099,11.5099,100,2021-07-01 18:11:00,PAA
11.51,11.51,11.51,11.51,100,2021-07-01 18:12:00,PAA
11.51,11.52,11.51,11.5128,6845,2021-07-01 18:13:00,PAA
11.5101,11.515,11.5101,11.515,3216,2021-07-01 18:14:00,PAA
11.52,11.525,11.515,11.525,4500,2021-07-01 18:15:00,PAA
11.52,11.52,11.51,11.515,3801,2021-07-01 18:16:00,PAA
11.51,11.51,11.51,11.51,500,2021-07-01 18:17:00,PAA
11.51,11.51,11.51,11.51,100,2021-07-01 18:18:00,PAA
11.51,11.51,11.51,11.51,100,2021-07-01 18:19:00,PAA
11.5199,11.52,11.515,11.52,500,2021-07-01 18:20:00,PAA
11.52,11.54,11.52,11.54,5573,2021-07-01 18:21:00,PAA
11.53,11.54,11.525,11.54,9655,2021-07-01 18:22:00,PAA
11.54,11.5472,11.54,11.5472,7400,2021-07-01 18:23:00,PAA
11.5494,11.55,11.5494,11.55,2133,2021-07-01 18:24:00,PAA
11.55,11.5531,11.55,11.5531,2784,2021-07-01 18:25:00,PAA
11.555,11.56,11.555,11.56,1500,2021-07-01 18:26:00,PAA
11.56,11.5632,11.56,11.5602,4915,2021-07-01 18:27:00,PAA
11.5627,11.5627,11.562,11.562,423,2021-07-01 18:28:00,PAA
11.57,11.58,11.57,11.58,10013,2021-07-01 18:29:00,PAA
11.575,11.575,11.575,11.575,600,2021-07-01 18:30:00,PAA
11.5701,11.585,11.5701,11.575,12079,2021-07-01 18:31:00,PAA
11.58,11.58,11.575,11.58,3908,2021-07-01 18:32:00,PAA
11.58,11.58,11.58,11.58,300,2021-07-01 18:33:00,PAA
11.5723,11.59,11.5723,11.59,2551,2021-07-01 18:34:00,PAA
11.5811,11.5811,11.575,11.575,12100,2021-07-01 18:35:00,PAA
11.5713,11.58,11.57,11.58,3700,2021-07-01 18:36:00,PAA
11.58,11.58,11.58,11.58,300,2021-07-01 18:37:00,PAA
11.575,11.575,11.575,11.575,1100,2021-07-01 18:38:00,PAA
11.58,11.58,11.57,11.57,8991,2021-07-01 18:39:00,PAA
11.5734,11.58,11.5701,11.58,2100,2021-07-01 18:40:00,PAA
11.58,11.585,11.57,11.575,10210,2021-07-01 18:41:00,PAA
11.58,11.58,11.58,11.58,500,2021-07-01 18:42:00,PAA
11.58,11.5806,11.57,11.57,14399,2021-07-01 18:44:00,PAA
11.565,11.565,11.552,11.56,25178,2021-07-01 18:45:00,PAA
11.56,11.575,11.56,11.57,8102,2021-07-01 18:46:00,PAA
11.57,11.57,11.57,11.57,500,2021-07-01 18:47:00,PAA
11.57,11.575,11.565,11.565,11912,2021-07-01 18:48:00,PAA
11.57,11.57,11.57,11.57,400,2021-07-01 18:49:00,PAA
11.56,11.565,11.56,11.565,9506,2021-07-01 18:50:00,PAA
11.569,11.569,11.56,11.565,3404,2021-07-01 18:51:00,PAA
11.565,11.565,11.555,11.555,11650,2021-07-01 18:52:00,PAA
11.555,11.555,11.555,11.555,400,2021-07-01 18:53:00,PAA
11.555,11.555,11.5501,11.5501,1100,2021-07-01 18:54:00,PAA
11.55,11.55,11.55,11.55,100,2021-07-01 18:55:00,PAA
11.555,11.565,11.555,11.565,5526,2021-07-01 18:56:00,PAA
11.565,11.565,11.565,11.565,584,2021-07-01 18:57:00,PAA
11.56,11.5616,11.56,11.5616,2100,2021-07-01 18:58:00,PAA
11.57,11.58,11.57,11.58,4070,2021-07-01 18:59:00,PAA
11.58,11.585,11.575,11.5801,28795,2021-07-01 19:00:00,PAA
11.585,11.59,11.585,11.59,3400,2021-07-01 19:01:00,PAA
11.585,11.585,11.58,11.585,12252,2021-07-01 19:02:00,PAA
11.58,11.585,11.58,11.585,700,2021-07-01 19:03:00,PAA
11.58,11.58,11.57,11.575,6077,2021-07-01 19:04:00,PAA
11.575,11.575,11.56,11.56,7295,2021-07-01 19:05:00,PAA
11.565,11.565,11.56,11.565,1400,2021-07-01 19:06:00,PAA
11.565,11.57,11.565,11.57,900,2021-07-01 19:07:00,PAA
11.57,11.57,11.57,11.57,1270,2021-07-01 19:08:00,PAA
11.565,11.565,11.56,11.56,13509,2021-07-01 19:09:00,PAA
11.56,11.5622,11.56,11.5622,1148,2021-07-01 19:10:00,PAA
11.56,11.565,11.56,11.565,600,2021-07-01 19:11:00,PAA
11.56,11.565,11.56,11.56,1400,2021-07-01 19:12:00,PAA
11.565,11.57,11.56,11.57,900,2021-07-01 19:13:00,PAA
11.565,11.565,11.565,11.565,600,2021-07-01 19:14:00,PAA
11.56,11.565,11.56,11.565,2718,2021-07-01 19:15:00,PAA
11.565,11.57,11.56,11.57,3108,2021-07-01 19:16:00,PAA
11.57,11.575,11.565,11.575,10005,2021-07-01 19:17:00,PAA
11.575,11.585,11.575,11.585,6542,2021-07-01 19:18:00,PAA
11.59,11.59,11.5886,11.59,3500,2021-07-01 19:19:00,PAA
11.59,11.59,11.575,11.575,11375,2021-07-01 19:20:00,PAA
11.58,11.58,11.5794,11.58,3743,2021-07-01 19:21:00,PAA
11.58,11.59,11.58,11.59,7178,2021-07-01 19:22:00,PAA
11.5847,11.59,11.58,11.59,1831,2021-07-01 19:23:00,PAA
11.585,11.59,11.58,11.585,1747,2021-07-01 19:24:00,PAA
11.59,11.59,11.585,11.585,1500,2021-07-01 19:25:00,PAA
11.58,11.585,11.58,11.585,1580,2021-07-01 19:26:00,PAA
11.58,11.585,11.58,11.58,2530,2021-07-01 19:27:00,PAA
11.585,11.59,11.58,11.585,9423,2021-07-01 19:28:00,PAA
11.5899,11.595,11.585,11.595,19972,2021-07-01 19:29:00,PAA
11.59,11.595,11.59,11.5933,4948,2021-07-01 19:30:00,PAA
11.59,11.595,11.58,11.585,19098,2021-07-01 19:31:00,PAA
11.58,11.585,11.58,11.585,3010,2021-07-01 19:32:00,PAA
11.58,11.58,11.57,11.575,9625,2021-07-01 19:33:00,PAA
11.575,11.58,11.57,11.575,4714,2021-07-01 19:34:00,PAA
11.575,11.58,11.57,11.575,110089,2021-07-01 19:35:00,PAA
11.575,11.5771,11.57,11.575,9417,2021-07-01 19:36:00,PAA
11.58,11.58,11.57,11.57,3117,2021-07-01 19:37:00,PAA
11.57,11.5769,11.56,11.56,13783,2021-07-01 19:38:00,PAA
11.56,11.57,11.56,11.565,1200,2021-07-01 19:39:00,PAA
11.57,11.57,11.56,11.565,5689,2021-07-01 19:40:00,PAA
11.565,11.57,11.56,11.565,2327,2021-07-01 19:41:00,PAA
11.565,11.57,11.56,11.57,8502,2021-07-01 19:42:00,PAA
11.57,11.57,11.5625,11.57,5098,2021-07-01 19:43:00,PAA
11.565,11.58,11.565,11.575,13867,2021-07-01 19:44:00,PAA
11.58,11.58,11.57,11.58,30527,2021-07-01 19:45:00,PAA
11.58,11.59,11.575,11.59,36610,2021-07-01 19:46:00,PAA
11.59,11.61,11.59,11.605,45154,2021-07-01 19:47:00,PAA
11.605,11.61,11.595,11.6,67738,2021-07-01 19:48:00,PAA
11.6,11.61,11.595,11.61,32183,2021-07-01 19:49:00,PAA
11.605,11.62,11.605,11.616,27717,2021-07-01 19:50:00,PAA
11.61,11.62,11.61,11.62,31379,2021-07-01 19:51:00,PAA
11.62,11.625,11.6,11.61,68878,2021-07-01 19:52:00,PAA
11.61,11.62,11.608,11.62,25820,2021-07-01 19:53:00,PAA
11.62,11.65,11.61,11.65,184610,2021-07-01 19:54:00,PAA
11.65,11.65,11.6,11.605,141039,2021-07-01 19:55:00,PAA
11.605,11.66,11.6,11.655,498483,2021-07-01 19:56:00,PAA
11.655,11.67,11.64,11.67,174249,2021-07-01 19:57:00,PAA
11.6657,11.67,11.65,11.655,45819,2021-07-01 19:58:00,PAA
11.66,11.705,11.655,11.7,301820,2021-07-01 19:59:00,PAA
11.71,11.71,11.71,11.71,172497,2021-07-01 20:00:00,PAA
11.78,11.78,11.78,11.78,100,2021-07-01 23:53:00,PAA
11.8,11.8,11.8,11.8,200,2021-07-01 23:55:00,PAA
11.8,11.8,11.8,11.8,100,2021-07-01 23:58:00,PAA
11.71,11.71,11.71,11.71,100,2021-07-02 12:57:00,PAA
11.75,11.78,11.6,11.61,24019,2021-07-02 13:30:00,PAA
11.62,11.629,11.61,11.61,500,2021-07-02 13:31:00,PAA
11.6,11.62,11.57,11.62,5100,2021-07-02 13:32:00,PAA
11.59,11.59,11.55,11.55,2313,2021-07-02 13:33:00,PAA
11.55,11.58,11.54,11.57,18310,2021-07-02 13:34:00,PAA
11.59,11.64,11.59,11.6358,2184,2021-07-02 13:35:00,PAA
11.63,11.63,11.58,11.58,2747,2021-07-02 13:36:00,PAA
11.59,11.61,11.59,11.605,13669,2021-07-02 13:37:00,PAA
11.6,11.635,11.6,11.63,3649,2021-07-02 13:38:00,PAA
11.63,11.63,11.61,11.61,13700,2021-07-02 13:39:00,PAA
11.62,11.62,11.56,11.56,13225,2021-07-02 13:40:00,PAA
11.56,11.57,11.54,11.54,6015,2021-07-02 13:41:00,PAA
11.53,11.54,11.53,11.53,7850,2021-07-02 13:42:00,PAA
11.53,11.55,11.53,11.55,2900,2021-07-02 13:43:00,PAA
11.54,11.54,11.53,11.54,3000,2021-07-02 13:44:00,PAA
11.54,11.55,11.53,11.55,1550,2021-07-02 13:45:00,PAA
11.55,11.55,11.53,11.53,2500,2021-07-02 13:46:00,PAA
11.53,11.56,11.53,11.5588,5888,2021-07-02 13:47:00,PAA
11.555,11.57,11.55,11.56,2247,2021-07-02 13:48:00,PAA
11.56,11.56,11.55,11.55,1359,2021-07-02 13:49:00,PAA
11.5462,11.5462,11.5462,11.5462,850,2021-07-02 13:50:00,PAA
11.545,11.57,11.543,11.57,3850,2021-07-02 13:51:00,PAA
11.565,11.58,11.565,11.58,12557,2021-07-02 13:52:00,PAA
11.58,11.58,11.53,11.53,8411,2021-07-02 13:53:00,PAA
11.53,11.54,11.53,11.54,121135,2021-07-02 13:54:00,PAA
11.545,11.555,11.54,11.55,4120,2021-07-02 13:55:00,PAA
11.5594,11.5594,11.55,11.55,1200,2021-07-02 13:56:00,PAA
11.55,11.56,11.55,11.55,3264,2021-07-02 13:57:00,PAA
11.55,11.56,11.55,11.56,2169,2021-07-02 13:58:00,PAA
11.55,11.55,11.54,11.54,1100,2021-07-02 13:59:00,PAA
11.55,11.55,11.545,11.5489,2884,2021-07-02 14:00:00,PAA
11.55,11.555,11.55,11.555,600,2021-07-02 14:01:00,PAA
11.56,11.56,11.56,11.56,100,2021-07-02 14:02:00,PAA
11.55,11.55,11.55,11.55,1400,2021-07-02 14:03:00,PAA
11.55,11.56,11.55,11.56,18325,2021-07-02 14:04:00,PAA
11.56,11.56,11.545,11.545,1377,2021-07-02 14:05:00,PAA
11.5415,11.5415,11.54,11.54,1719,2021-07-02 14:06:00,PAA
11.545,11.545,11.535,11.535,3500,2021-07-02 14:07:00,PAA
11.54,11.54,11.53,11.53,11633,2021-07-02 14:08:00,PAA
11.525,11.525,11.52,11.52,10350,2021-07-02 14:09:00,PAA
11.515,11.52,11.51,11.51,1479,2021-07-02 14:10:00,PAA
11.51,11.5199,11.51,11.5199,500,2021-07-02 14:11:00,PAA
11.51,11.515,11.505,11.505,2967,2021-07-02 14:12:00,PAA
11.5,11.5,11.49,11.495,8219,2021-07-02 14:13:00,PAA
11.49,11.49,11.4801,11.4801,13845,2021-07-02 14:14:00,PAA
11.49,11.49,11.48,11.48,800,2021-07-02 14:15:00,PAA
11.49,11.5,11.49,11.5,4600,2021-07-02 14:16:00,PAA
11.5,11.51,11.5,11.505,2800,2021-07-02 14:17:00,PAA
11.51,11.52,11.505,11.505,4400,2021-07-02 14:18:00,PAA
11.51,11.51,11.505,11.505,1100,2021-07-02 14:19:00,PAA
11.51,11.51,11.485,11.49,2914,2021-07-02 14:20:00,PAA
11.48,11.485,11.48,11.48,3000,2021-07-02 14:21:00,PAA
11.485,11.485,11.48,11.48,1000,2021-07-02 14:22:00,PAA
11.478,11.478,11.4774,11.4774,1116,2021-07-02 14:23:00,PAA
11.48,11.5071,11.48,11.5071,4400,2021-07-02 14:24:00,PAA
11.51,11.53,11.51,11.53,2700,2021-07-02 14:25:00,PAA
11.53,11.53,11.5233,11.5233,5654,2021-07-02 14:26:00,PAA
11.5293,11.5293,11.5293,11.5293,1000,2021-07-02 14:27:00,PAA
11.53,11.535,11.53,11.535,2114,2021-07-02 14:28:00,PAA
11.53,11.53,11.53,11.53,200,2021-07-02 14:29:00,PAA
11.535,11.535,11.53,11.53,1200,2021-07-02 14:30:00,PAA
11.535,11.535,11.535,11.535,100,2021-07-02 14:31:00,PAA
11.535,11.54,11.52,11.52,4714,2021-07-02 14:32:00,PAA
11.52,11.53,11.52,11.525,1300,2021-07-02 14:33:00,PAA
11.52,11.525,11.505,11.51,4051,2021-07-02 14:34:00,PAA
11.5,11.5,11.49,11.49,9121,2021-07-02 14:35:00,PAA
11.49,11.49,11.48,11.49,3907,2021-07-02 14:36:00,PAA
11.49,11.495,11.48,11.48,7787,2021-07-02 14:37:00,PAA
11.48,11.48,11.475,11.48,3700,2021-07-02 14:38:00,PAA
11.475,11.49,11.475,11.49,3699,2021-07-02 14:39:00,PAA
11.49,11.5,11.49,11.495,2900,2021-07-02 14:40:00,PAA
11.49,11.49,11.49,11.49,200,2021-07-02 14:41:00,PAA
11.495,11.495,11.49,11.495,643,2021-07-02 14:42:00,PAA
11.495,11.495,11.49,11.49,900,2021-07-02 14:43:00,PAA
11.49,11.49,11.49,11.49,500,2021-07-02 14:44:00,PAA
11.495,11.5,11.49,11.49,800,2021-07-02 14:45:00,PAA
11.5,11.5,11.49,11.49,3000,2021-07-02 14:46:00,PAA
11.49,11.5,11.49,11.5,2278,2021-07-02 14:47:00,PAA
11.49,11.49,11.475,11.475,3919,2021-07-02 14:48:00,PAA
11.475,11.48,11.475,11.479,2326,2021-07-02 14:49:00,PAA
11.48,11.48,11.46,11.46,2530,2021-07-02 14:50:00,PAA
11.46,11.465,11.455,11.455,2550,2021-07-02 14:51:00,PAA
11.455,11.455,11.45,11.455,1999,2021-07-02 14:52:00,PAA
11.455,11.455,11.455,11.455,100,2021-07-02 14:53:00,PAA
11.46,11.475,11.458,11.475,18629,2021-07-02 14:54:00,PAA
11.475,11.475,11.475,11.475,110,2021-07-02 14:55:00,PAA
11.475,11.475,11.473,11.475,1761,2021-07-02 14:56:00,PAA
11.48,11.49,11.475,11.48,5483,2021-07-02 14:57:00,PAA
11.483,11.483,11.465,11.47,8150,2021-07-02 14:58:00,PAA
11.47,11.47,11.46,11.46,599,2021-07-02 14:59:00,PAA
11.47,11.47,11.4695,11.4695,1480,2021-07-02 15:00:00,PAA
11.47,11.48,11.47,11.475,5950,2021-07-02 15:01:00,PAA
11.47,11.47,11.47,11.47,400,2021-07-02 15:02:00,PAA
11.475,11.475,11.47,11.47,2043,2021-07-02 15:03:00,PAA
11.47,11.47,11.46,11.465,4276,2021-07-02 15:04:00,PAA
11.47,11.48,11.465,11.48,3771,2021-07-02 15:05:00,PAA
11.48,11.48,11.48,11.48,5694,2021-07-02 15:06:00,PAA
11.47,11.48,11.47,11.475,5480,2021-07-02 15:07:00,PAA
11.48,11.48,11.48,11.48,200,2021-07-02 15:08:00,PAA
11.48,11.485,11.48,11.485,2263,2021-07-02 15:09:00,PAA
11.484,11.484,11.484,11.484,150,2021-07-02 15:10:00,PAA
11.49,11.495,11.49,11.495,1900,2021-07-02 15:11:00,PAA
11.5,11.5,11.5,11.5,1000,2021-07-02 15:12:00,PAA
11.5,11.5,11.495,11.495,200,2021-07-02 15:13:00,PAA
11.49,11.49,11.49,11.49,400,2021-07-02 15:14:00,PAA
11.49,11.49,11.49,11.49,1693,2021-07-02 15:15:00,PAA
11.48,11.48,11.475,11.48,3430,2021-07-02 15:16:00,PAA
11.49,11.49,11.4837,11.4837,1971,2021-07-02 15:17:00,PAA
11.4892,11.4892,11.4892,11.4892,1000,2021-07-02 15:18:00,PAA
11.485,11.485,11.48,11.48,3075,2021-07-02 15:19:00,PAA
11.49,11.5,11.49,11.49,8105,2021-07-02 15:20:00,PAA
11.49,11.49,11.49,11.49,1910,2021-07-02 15:21:00,PAA
11.49,11.49,11.49,11.49,500,2021-07-02 15:22:00,PAA
11.49,11.4956,11.49,11.49,800,2021-07-02 15:23:00,PAA
11.49,11.495,11.49,11.495,200,2021-07-02 15:24:00,PAA
11.49,11.495,11.49,11.495,669,2021-07-02 15:25:00,PAA
11.5,11.5,11.4978,11.4978,200,2021-07-02 15:26:00,PAA
11.495,11.5,11.495,11.5,550,2021-07-02 15:27:00,PAA
11.495,11.5,11.49,11.49,1900,2021-07-02 15:28:00,PAA
11.5,11.5,11.49,11.495,800,2021-07-02 15:29:00,PAA
11.495,11.495,11.48,11.48,7156,2021-07-02 15:30:00,PAA
11.49,11.49,11.485,11.49,1893,2021-07-02 15:31:00,PAA
11.48,11.49,11.48,11.49,300,2021-07-02 15:32:00,PAA
11.48,11.485,11.48,11.48,2200,2021-07-02 15:33:00,PAA
11.485,11.49,11.48,11.485,600,2021-07-02 15:34:00,PAA
11.485,11.485,11.48,11.485,800,2021-07-02 15:35:00,PAA
11.48,11.49,11.48,11.485,5765,2021-07-02 15:36:00,PAA
11.48,11.485,11.475,11.475,3761,2021-07-02 15:37:00,PAA
11.47,11.475,11.47,11.475,1500,2021-07-02 15:38:00,PAA
11.475,11.485,11.475,11.485,3191,2021-07-02 15:39:00,PAA
11.485,11.485,11.485,11.485,400,2021-07-02 15:40:00,PAA
11.48,11.48,11.47,11.4721,3131,2021-07-02 15:41:00,PAA
11.48,11.48,11.48,11.48,300,2021-07-02 15:42:00,PAA
11.475,11.48,11.475,11.48,1171,2021-07-02 15:43:00,PAA
11.47,11.485,11.47,11.48,5158,2021-07-02 15:44:00,PAA
11.48,11.485,11.47,11.475,4751,2021-07-02 15:45:00,PAA
11.475,11.475,11.4724,11.4724,1000,2021-07-02 15:46:00,PAA
11.475,11.475,11.47,11.47,412,2021-07-02 15:47:00,PAA
11.475,11.48,11.475,11.475,1000,2021-07-02 15:48:00,PAA
11.4794,11.48,11.4794,11.48,2626,2021-07-02 15:49:00,PAA
11.48,11.48,11.48,11.48,900,2021-07-02 15:50:00,PAA
11.48,11.48,11.48,11.48,658,2021-07-02 15:51:00,PAA
11.4793,11.48,11.475,11.475,1160,2021-07-02 15:52:00,PAA
11.48,11.48,11.48,11.48,200,2021-07-02 15:53:00,PAA
11.48,11.48,11.47,11.475,1500,2021-07-02 15:54:00,PAA
11.4775,11.48,11.46,11.46,10204,2021-07-02 15:55:00,PAA
11.46,11.46,11.45,11.46,8079,2021-07-02 15:56:00,PAA
11.455,11.46,11.455,11.46,600,2021-07-02 15:57:00,PAA
11.46,11.46,11.46,11.46,1739,2021-07-02 15:58:00,PAA
11.46,11.47,11.46,11.47,9229,2021-07-02 15:59:00,PAA
11.46,11.47,11.46,11.47,1000,2021-07-02 16:00:00,PAA
11.46,11.465,11.46,11.465,1900,2021-07-02 16:01:00,PAA
11.47,11.4767,11.47,11.4767,4400,2021-07-02 16:02:00,PAA
11.48,11.48,11.475,11.48,9102,2021-07-02 16:03:00,PAA
11.48,11.48,11.473,11.473,700,2021-07-02 16:04:00,PAA
11.48,11.48,11.47,11.475,3500,2021-07-02 16:05:00,PAA
11.475,11.475,11.475,11.475,900,2021-07-02 16:06:00,PAA
11.475,11.48,11.475,11.48,1271,2021-07-02 16:07:00,PAA
11.48,11.48,11.475,11.475,2150,2021-07-02 16:08:00,PAA
11.48,11.48,11.475,11.475,3400,2021-07-02 16:09:00,PAA
11.475,11.48,11.475,11.48,765,2021-07-02 16:10:00,PAA
11.48,11.48,11.475,11.475,3475,2021-07-02 16:11:00,PAA
11.48,11.48,11.475,11.475,2400,2021-07-02 16:12:00,PAA
11.475,11.48,11.46,11.465,53689,2021-07-02 16:13:00,PAA
11.46,11.465,11.46,11.465,1239,2021-07-02 16:14:00,PAA
11.46,11.46,11.45,11.4537,12685,2021-07-02 16:15:00,PAA
11.45,11.455,11.44,11.445,7257,2021-07-02 16:16:00,PAA
11.45,11.45,11.445,11.45,3350,2021-07-02 16:17:00,PAA
11.45,11.45,11.4401,11.4401,1780,2021-07-02 16:18:00,PAA
11.45,11.455,11.45,11.45,6922,2021-07-02 16:19:00,PAA
11.455,11.455,11.45,11.45,600,2021-07-02 16:20:00,PAA
11.455,11.455,11.45,11.45,500,2021-07-02 16:21:00,PAA
11.46,11.46,11.46,11.46,100,2021-07-02 16:22:00,PAA
11.46,11.46,11.46,11.46,200,2021-07-02 16:23:00,PAA
11.455,11.455,11.44,11.44,15946,2021-07-02 16:24:00,PAA
11.45,11.45,11.445,11.45,1600,2021-07-02 16:25:00,PAA
11.445,11.45,11.445,11.45,500,2021-07-02 16:26:00,PAA
11.45,11.45,11.445,11.445,5000,2021-07-02 16:27:00,PAA
11.4499,11.45,11.445,11.45,1100,2021-07-02 16:28:00,PAA
11.445,11.45,11.445,11.45,900,2021-07-02 16:29:00,PAA
11.445,11.45,11.44,11.44,12268,2021-07-02 16:30:00,PAA
11.44,11.445,11.44,11.44,4350,2021-07-02 16:31:00,PAA
11.45,11.455,11.445,11.45,11531,2021-07-02 16:32:00,PAA
11.46,11.465,11.455,11.465,3100,2021-07-02 16:33:00,PAA
11.47,11.47,11.46,11.4657,1300,2021-07-02 16:34:00,PAA
11.465,11.465,11.465,11.465,100,2021-07-02 16:35:00,PAA
11.465,11.465,11.46,11.4618,670,2021-07-02 16:36:00,PAA
11.46,11.46,11.45,11.45,7668,2021-07-02 16:37:00,PAA
11.455,11.455,11.45,11.45,400,2021-07-02 16:38:00,PAA
11.45,11.455,11.45,11.45,1400,2021-07-02 16:39:00,PAA
11.455,11.46,11.455,11.455,2700,2021-07-02 16:40:00,PAA
11.455,11.46,11.455,11.455,700,2021-07-02 16:41:00,PAA
11.45,11.455,11.45,11.455,400,2021-07-02 16:42:00,PAA
11.4599,11.46,11.4599,11.46,500,2021-07-02 16:43:00,PAA
11.46,11.46,11.455,11.46,600,2021-07-02 16:44:00,PAA
11.455,11.46,11.45,11.455,2300,2021-07-02 16:45:00,PAA
11.455,11.459,11.45,11.455,3054,2021-07-02 16:46:00,PAA
11.4516,11.455,11.45,11.455,2600,2021-07-02 16:47:00,PAA
11.455,11.455,11.45,11.45,4691,2021-07-02 16:48:00,PAA
11.455,11.455,11.45,11.455,1793,2021-07-02 16:49:00,PAA
11.455,11.455,11.45,11.45,2200,2021-07-02 16:50:00,PAA
11.45,11.46,11.45,11.45,4981,2021-07-02 16:51:00,PAA
11.46,11.46,11.455,11.455,6650,2021-07-02 16:52:00,PAA
11.46,11.465,11.46,11.465,10075,2021-07-02 16:53:00,PAA
11.465,11.48,11.46,11.47,10086,2021-07-02 16:54:00,PAA
11.47,11.475,11.47,11.47,6900,2021-07-02 16:55:00,PAA
11.48,11.48,11.47,11.475,2023,2021-07-02 16:56:00,PAA
11.475,11.475,11.46,11.465,11828,2021-07-02 16:57:00,PAA
11.465,11.475,11.46,11.475,19350,2021-07-02 16:58:00,PAA
11.48,11.48,11.48,11.48,400,2021-07-02 16:59:00,PAA
11.475,11.48,11.475,11.48,814,2021-07-02 17:00:00,PAA
11.48,11.48,11.475,11.475,500,2021-07-02 17:01:00,PAA
11.48,11.48,11.48,11.48,100,2021-07-02 17:02:00,PAA
11.48,11.485,11.4701,11.48,12970,2021-07-02 17:03:00,PAA
11.485,11.485,11.485,11.485,700,2021-07-02 17:04:00,PAA
11.485,11.485,11.48,11.48,800,2021-07-02 17:05:00,PAA
11.49,11.49,11.49,11.49,200,2021-07-02 17:06:00,PAA
11.49,11.49,11.485,11.485,1900,2021-07-02 17:07:00,PAA
11.49,11.49,11.49,11.49,300,2021-07-02 17:08:00,PAA
11.49,11.49,11.48,11.485,1700,2021-07-02 17:09:00,PAA
11.49,11.49,11.49,11.49,400,2021-07-02 17:10:00,PAA
11.485,11.49,11.485,11.485,500,2021-07-02 17:11:00,PAA
11.485,11.489,11.48,11.48,600,2021-07-02 17:12:00,PAA
11.49,11.49,11.483,11.483,1470,2021-07-02 17:13:00,PAA
11.49,11.49,11.485,11.485,1400,2021-07-02 17:14:00,PAA
11.48,11.49,11.48,11.49,600,2021-07-02 17:15:00,PAA
11.49,11.49,11.485,11.49,4699,2021-07-02 17:16:00,PAA
11.485,11.49,11.485,11.485,600,2021-07-02 17:17:00,PAA
11.49,11.49,11.48,11.485,500,2021-07-02 17:18:00,PAA
11.49,11.49,11.48,11.49,1200,2021-07-02 17:19:00,PAA
11.485,11.49,11.48,11.49,1100,2021-07-02 17:20:00,PAA
11.48,11.49,11.48,11.48,1069,2021-07-02 17:21:00,PAA
11.485,11.485,11.48,11.48,300,2021-07-02 17:22:00,PAA
11.49,11.49,11.48,11.485,500,2021-07-02 17:23:00,PAA
11.49,11.49,11.485,11.485,600,2021-07-02 17:24:00,PAA
11.48,11.49,11.48,11.485,600,2021-07-02 17:25:00,PAA
11.485,11.485,11.48,11.48,400,2021-07-02 17:26:00,PAA
11.485,11.485,11.48,11.48,400,2021-07-02 17:27:00,PAA
11.48,11.485,11.48,11.485,800,2021-07-02 17:28:00,PAA
11.485,11.485,11.48,11.48,800,2021-07-02 17:29:00,PAA
11.49,11.49,11.48,11.48,900,2021-07-02 17:30:00,PAA
11.485,11.485,11.485,11.485,1200,2021-07-02 17:31:00,PAA
11.48,11.48,11.47,11.47,14303,2021-07-02 17:32:00,PAA
11.47,11.4721,11.47,11.4721,400,2021-07-02 17:33:00,PAA
11.47,11.47,11.45,11.46,30326,2021-07-02 17:34:00,PAA
11.455,11.46,11.455,11.455,1625,2021-07-02 17:35:00,PAA
11.46,11.46,11.45,11.455,1192,2021-07-02 17:36:00,PAA
11.45,11.455,11.45,11.455,200,2021-07-02 17:37:00,PAA
11.46,11.46,11.46,11.46,650,2021-07-02 17:38:00,PAA
11.455,11.46,11.455,11.46,1000,2021-07-02 17:39:00,PAA
11.4599,11.46,11.45,11.46,4279,2021-07-02 17:40:00,PAA
11.46,11.47,11.46,11.465,9899,2021-07-02 17:41:00,PAA
11.465,11.469,11.465,11.465,2000,2021-07-02 17:42:00,PAA
11.465,11.465,11.465,11.465,100,2021-07-02 17:43:00,PAA
11.465,11.465,11.46,11.465,400,2021-07-02 17:44:00,PAA
11.465,11.465,11.465,11.465,500,2021-07-02 17:45:00,PAA
11.465,11.4661,11.46,11.465,914,2021-07-02 17:46:00,PAA
11.465,11.47,11.465,11.465,2600,2021-07-02 17:47:00,PAA
11.46,11.465,11.46,11.465,2100,2021-07-02 17:48:00,PAA
11.465,11.465,11.46,11.465,2086,2021-07-02 17:49:00,PAA
11.465,11.465,11.46,11.46,3305,2021-07-02 17:50:00,PAA
11.465,11.465,11.45,11.4527,22543,2021-07-02 17:51:00,PAA
11.455,11.46,11.45,11.45,3080,2021-07-02 17:52:00,PAA
11.4528,11.455,11.45,11.45,2857,2021-07-02 17:53:00,PAA
11.455,11.4556,11.45,11.455,1400,2021-07-02 17:54:00,PAA
11.45,11.455,11.45,11.455,200,2021-07-02 17:55:00,PAA
11.45,11.46,11.45,11.455,800,2021-07-02 17:56:00,PAA
11.455,11.46,11.455,11.455,4220,2021-07-02 17:57:00,PAA
11.455,11.46,11.455,11.455,1100,2021-07-02 17:58:00,PAA
11.455,11.465,11.455,11.465,24952,2021-07-02 17:59:00,PAA
11.465,11.47,11.465,11.47,600,2021-07-02 18:00:00,PAA
11.465,11.465,11.46,11.465,9684,2021-07-02 18:01:00,PAA
11.465,11.465,11.455,11.455,17783,2021-07-02 18:02:00,PAA
11.4569,11.4569,11.45,11.455,1475,2021-07-02 18:03:00,PAA
11.46,11.46,11.45,11.455,1500,2021-07-02 18:04:00,PAA
11.46,11.465,11.45,11.455,49968,2021-07-02 18:05:00,PAA
11.45,11.455,11.45,11.455,3306,2021-07-02 18:06:00,PAA
11.455,11.46,11.455,11.46,1138,2021-07-02 18:07:00,PAA
11.45,11.46,11.45,11.455,600,2021-07-02 18:08:00,PAA
11.45,11.455,11.45,11.455,800,2021-07-02 18:09:00,PAA
11.46,11.46,11.45,11.45,601,2021-07-02 18:10:00,PAA
11.4599,11.46,11.45,11.455,1397,2021-07-02 18:11:00,PAA
11.45,11.46,11.45,11.45,2007,2021-07-02 18:12:00,PAA
11.45,11.46,11.45,11.46,2100,2021-07-02 18:13:00,PAA
11.455,11.46,11.45,11.45,4770,2021-07-02 18:14:00,PAA
11.46,11.46,11.45,11.46,2000,2021-07-02 18:15:00,PAA
11.455,11.46,11.45,11.46,900,2021-07-02 18:16:00,PAA
11.46,11.465,11.45,11.465,29203,2021-07-02 18:17:00,PAA
11.465,11.47,11.465,11.465,600,2021-07-02 18:18:00,PAA
11.465,11.465,11.4601,11.465,400,2021-07-02 18:19:00,PAA
11.465,11.47,11.46,11.46,3181,2021-07-02 18:20:00,PAA
11.465,11.465,11.46,11.46,3042,2021-07-02 18:21:00,PAA
11.46,11.48,11.46,11.48,24415,2021-07-02 18:22:00,PAA
11.47,11.475,11.47,11.475,1400,2021-07-02 18:23:00,PAA
11.48,11.48,11.475,11.475,1898,2021-07-02 18:24:00,PAA
11.48,11.48,11.48,11.48,700,2021-07-02 18:25:00,PAA
11.475,11.48,11.47,11.475,1500,2021-07-02 18:26:00,PAA
11.47,11.475,11.47,11.475,400,2021-07-02 18:27:00,PAA
11.475,11.48,11.47,11.475,6000,2021-07-02 18:28:00,PAA
11.48,11.48,11.47,11.475,1200,2021-07-02 18:29:00,PAA
11.475,11.48,11.47,11.48,2100,2021-07-02 18:30:00,PAA
11.475,11.48,11.47,11.475,1450,2021-07-02 18:31:00,PAA
11.47,11.475,11.47,11.47,2100,2021-07-02 18:32:00,PAA
11.475,11.48,11.47,11.475,1800,2021-07-02 18:33:00,PAA
11.475,11.49,11.475,11.48,13011,2021-07-02 18:34:00,PAA
11.49,11.49,11.485,11.485,1500,2021-07-02 18:35:00,PAA
11.485,11.49,11.47,11.475,8493,2021-07-02 18:36:00,PAA
11.475,11.475,11.475,11.475,700,2021-07-02 18:37:00,PAA
11.47,11.475,11.47,11.475,1900,2021-07-02 18:38:00,PAA
11.475,11.48,11.475,11.475,969,2021-07-02 18:39:00,PAA
11.475,11.48,11.475,11.475,930,2021-07-02 18:40:00,PAA
11.475,11.485,11.475,11.485,7918,2021-07-02 18:41:00,PAA
11.49,11.49,11.485,11.49,1000,2021-07-02 18:42:00,PAA
11.49,11.49,11.485,11.485,700,2021-07-02 18:43:00,PAA
11.49,11.49,11.4824,11.49,4000,2021-07-02 18:44:00,PAA
11.49,11.495,11.485,11.495,9786,2021-07-02 18:45:00,PAA
11.495,11.5,11.495,11.5,5886,2021-07-02 18:46:00,PAA
11.495,11.5,11.4938,11.495,2700,2021-07-02 18:47:00,PAA
11.495,11.5,11.495,11.5,1400,2021-07-02 18:48:00,PAA
11.495,11.51,11.495,11.5,17211,2021-07-02 18:49:00,PAA
11.505,11.505,11.5,11.5,500,2021-07-02 18:50:00,PAA
11.51,11.51,11.5,11.5,2972,2021-07-02 18:51:00,PAA
11.5,11.51,11.495,11.505,7600,2021-07-02 18:52:00,PAA
11.51,11.51,11.505,11.51,800,2021-07-02 18:53:00,PAA
11.51,11.51,11.505,11.505,200,2021-07-02 18:54:00,PAA
11.505,11.51,11.5,11.505,909,2021-07-02 18:55:00,PAA
11.505,11.51,11.5,11.51,940,2021-07-02 18:56:00,PAA
11.51,11.51,11.51,11.51,300,2021-07-02 18:57:00,PAA
11.51,11.51,11.505,11.51,900,2021-07-02 18:58:00,PAA
11.51,11.51,11.505,11.5063,1110,2021-07-02 18:59:00,PAA
11.505,11.52,11.5037,11.515,12825,2021-07-02 19:00:00,PAA
11.515,11.515,11.505,11.5078,9377,2021-07-02 19:01:00,PAA
11.5036,11.505,11.5036,11.5043,900,2021-07-02 19:02:00,PAA
11.505,11.53,11.505,11.525,44171,2021-07-02 19:03:00,PAA
11.525,11.53,11.525,11.53,900,2021-07-02 19:04:00,PAA
11.521,11.529,11.52,11.525,1150,2021-07-02 19:05:00,PAA
11.53,11.53,11.525,11.53,400,2021-07-02 19:06:00,PAA
11.53,11.53,11.525,11.525,2400,2021-07-02 19:07:00,PAA
11.53,11.53,11.525,11.525,1900,2021-07-02 19:08:00,PAA
11.52,11.53,11.52,11.52,2147,2021-07-02 19:09:00,PAA
11.525,11.525,11.51,11.515,8569,2021-07-02 19:10:00,PAA
11.52,11.52,11.515,11.52,1361,2021-07-02 19:11:00,PAA
11.515,11.52,11.515,11.515,15558,2021-07-02 19:12:00,PAA
11.52,11.52,11.52,11.52,500,2021-07-02 19:13:00,PAA
11.52,11.52,11.515,11.515,900,2021-07-02 19:14:00,PAA
11.52,11.52,11.515,11.515,1004,2021-07-02 19:15:00,PAA
11.52,11.52,11.51,11.519,20195,2021-07-02 19:16:00,PAA
11.52,11.529,11.5198,11.525,13665,2021-07-02 19:17:00,PAA
11.52,11.52,11.515,11.515,4747,2021-07-02 19:18:00,PAA
11.515,11.52,11.51,11.515,24700,2021-07-02 19:19:00,PAA
11.515,11.515,11.51,11.515,2700,2021-07-02 19:20:00,PAA
11.515,11.515,11.51,11.515,500,2021-07-02 19:21:00,PAA
11.515,11.515,11.51,11.515,1200,2021-07-02 19:22:00,PAA
11.51,11.515,11.5,11.5,17100,2021-07-02 19:23:00,PAA
11.5,11.5,11.49,11.49,25607,2021-07-02 19:24:00,PAA
11.49,11.495,11.49,11.49,1600,2021-07-02 19:25:00,PAA
11.49,11.5,11.49,11.5,2712,2021-07-02 19:26:00,PAA
11.49,11.495,11.481,11.485,5550,2021-07-02 19:27:00,PAA
11.48,11.5,11.48,11.5,18850,2021-07-02 19:28:00,PAA
11.5,11.5,11.5,11.5,600,2021-07-02 19:29:00,PAA
11.495,11.52,11.495,11.52,29432,2021-07-02 19:30:00,PAA
11.515,11.515,11.51,11.515,1450,2021-07-02 19:31:00,PAA
11.51,11.515,11.5,11.505,4853,2021-07-02 19:32:00,PAA
11.5,11.505,11.495,11.5,38789,2021-07-02 19:33:00,PAA
11.5,11.5,11.495,11.495,11048,2021-07-02 19:34:00,PAA
11.495,11.495,11.49,11.495,4300,2021-07-02 19:35:00,PAA
11.5,11.5,11.495,11.5,23160,2021-07-02 19:36:00,PAA
11.5,11.5,11.49,11.5,3572,2021-07-02 19:37:00,PAA
11.495,11.5,11.49,11.4975,9852,2021-07-02 19:38:00,PAA
11.495,11.5,11.495,11.495,3000,2021-07-02 19:39:00,PAA
11.495,11.5,11.49,11.495,1200,2021-07-02 19:40:00,PAA
11.49,11.5,11.49,11.495,24600,2021-07-02 19:41:00,PAA
11.495,11.5,11.49,11.495,10890,2021-07-02 19:42:00,PAA
11.5,11.5,11.49,11.495,16683,2021-07-02 19:43:00,PAA
11.491,11.5,11.49,11.5,13404,2021-07-02 19:44:00,PAA
11.49,11.5,11.49,11.49,5260,2021-07-02 19:45:00,PAA
11.49,11.5,11.49,11.49,6619,2021-07-02 19:46:00,PAA
11.495,11.51,11.495,11.51,45950,2021-07-02 19:47:00,PAA
11.51,11.51,11.5001,11.505,7397,2021-07-02 19:48:00,PAA
11.51,11.51,11.5,11.505,5879,2021-07-02 19:49:00,PAA
11.505,11.52,11.505,11.52,52301,2021-07-02 19:50:00,PAA
11.515,11.54,11.515,11.535,58253,2021-07-02 19:51:00,PAA
11.54,11.54,11.5344,11.54,19804,2021-07-02 19:52:00,PAA
11.535,11.54,11.53,11.54,53340,2021-07-02 19:53:00,PAA
11.535,11.54,11.53,11.54,33165,2021-07-02 19:54:00,PAA
11.535,11.54,11.52,11.525,68522,2021-07-02 19:55:00,PAA
11.525,11.53,11.51,11.525,54576,2021-07-02 19:56:00,PAA
11.525,11.53,11.52,11.525,44995,2021-07-02 19:57:00,PAA
11.52,11.53,11.52,11.53,24439,2021-07-02 19:58:00,PAA
11.525,11.545,11.525,11.54,51950,2021-07-02 19:59:00,PAA
11.54,11.54,11.54,11.54,135602,2021-07-02 20:00:00,PAA
11.54,11.54,11.54,11.54,88396,2021-07-02 21:09:00,PAA
11.56,11.56,11.56,11.56,200,2021-07-06 08:06:00,PAA
11.7,11.7,11.7,11.7,100,2021-07-06 12:13:00,PAA
11.69,11.69,11.69,11.69,200,2021-07-06 12:49:00,PAA
11.66,11.66,11.66,11.66,100,2021-07-06 12:50:00,PAA
11.65,11.65,11.65,11.65,200,2021-07-06 12:51:00,PAA
11.62,11.62,11.62,11.62,100,2021-07-06 13:02:00,PAA
11.59,11.59,11.59,11.59,200,2021-07-06 13:04:00,PAA
11.5899,11.5899,11.5899,11.5899,175,2021-07-06 13:08:00,PAA
11.66,11.66,11.66,11.66,120,2021-07-06 13:25:00,PAA
11.61,11.61,11.47,11.47,38346,2021-07-06 13:30:00,PAA
11.475,11.49,11.4698,11.48,15260,2021-07-06 13:31:00,PAA
11.48,11.49,11.48,11.48,7150,2021-07-06 13:32:00,PAA
11.47,11.47,11.455,11.465,10894,2021-07-06 13:33:00,PAA
11.46,11.46,11.435,11.435,8835,2021-07-06 13:34:00,PAA
11.43,11.43,11.4,11.415,10310,2021-07-06 13:35:00,PAA
11.42,11.42,11.405,11.41,10330,2021-07-06 13:36:00,PAA
11.42,11.42,11.37,11.375,6950,2021-07-06 13:37:00,PAA
11.37,11.37,11.36,11.365,8482,2021-07-06 13:38:00,PAA
11.37,11.37,11.335,11.335,11264,2021-07-06 13:39:00,PAA
11.335,11.335,11.305,11.309,17450,2021-07-06 13:40:00,PAA
11.31,11.31,11.29,11.29,7862,2021-07-06 13:41:00,PAA
11.29,11.29,11.27,11.28,28683,2021-07-06 13:42:00,PAA
11.28,11.28,11.265,11.2688,4244,2021-07-06 13:43:00,PAA
11.26,11.2601,11.2511,11.255,5563,2021-07-06 13:44:00,PAA
11.26,11.31,11.26,11.29,16577,2021-07-06 13:45:00,PAA
11.29,11.305,11.29,11.3,9790,2021-07-06 13:46:00,PAA
11.3,11.33,11.3,11.33,5480,2021-07-06 13:47:00,PAA
11.335,11.34,11.32,11.34,30424,2021-07-06 13:48:00,PAA
11.34,11.35,11.34,11.35,15320,2021-07-06 13:49:00,PAA
11.36,11.37,11.35,11.35,20253,2021-07-06 13:50:00,PAA
11.35,11.37,11.35,11.36,1297,2021-07-06 13:51:00,PAA
11.36,11.37,11.36,11.37,4205,2021-07-06 13:52:00,PAA
11.375,11.375,11.37,11.37,2000,2021-07-06 13:53:00,PAA
11.38,11.38,11.38,11.38,741,2021-07-06 13:54:00,PAA
11.38,11.39,11.37,11.38,4028,2021-07-06 13:55:00,PAA
11.39,11.4,11.39,11.4,3105,2021-07-06 13:56:00,PAA
11.4,11.412,11.4,11.412,2051,2021-07-06 13:57:00,PAA
11.41,11.42,11.41,11.42,2082,2021-07-06 13:58:00,PAA
11.38,11.38,11.36,11.37,2528,2021-07-06 13:59:00,PAA
11.3891,11.4,11.365,11.365,2745,2021-07-06 14:00:00,PAA
11.35,11.35,11.325,11.325,4000,2021-07-06 14:01:00,PAA
11.32,11.32,11.295,11.31,6247,2021-07-06 14:02:00,PAA
11.3142,11.325,11.3142,11.3231,6490,2021-07-06 14:03:00,PAA
11.325,11.325,11.3,11.3,4100,2021-07-06 14:04:00,PAA
11.31,11.31,11.28,11.3,10958,2021-07-06 14:05:00,PAA
11.305,11.31,11.295,11.295,9784,2021-07-06 14:06:00,PAA
11.3,11.31,11.3,11.3,17726,2021-07-06 14:07:00,PAA
11.29,11.29,11.28,11.28,3000,2021-07-06 14:08:00,PAA
11.29,11.29,11.2701,11.275,4800,2021-07-06 14:09:00,PAA
11.2764,11.29,11.2764,11.29,8737,2021-07-06 14:10:00,PAA
11.29,11.2966,11.29,11.2966,1199,2021-07-06 14:11:00,PAA
11.29,11.3,11.275,11.3,16427,2021-07-06 14:12:00,PAA
11.31,11.3186,11.31,11.3186,1340,2021-07-06 14:13:00,PAA
11.32,11.33,11.3,11.305,8024,2021-07-06 14:14:00,PAA
11.305,11.305,11.3,11.3,2917,2021-07-06 14:15:00,PAA
11.3022,11.32,11.3022,11.32,8588,2021-07-06 14:16:00,PAA
11.33,11.34,11.32,11.335,17838,2021-07-06 14:17:00,PAA
11.33,11.33,11.3212,11.3279,1718,2021-07-06 14:18:00,PAA
11.32,11.32,11.3,11.305,3068,2021-07-06 14:19:00,PAA
11.3,11.3,11.275,11.2894,6088,2021-07-06 14:20:00,PAA
11.28,11.29,11.28,11.29,1025,2021-07-06 14:21:00,PAA
11.29,11.3,11.29,11.29,9951,2021-07-06 14:22:00,PAA
11.29,11.3,11.2897,11.29,2033,2021-07-06 14:23:00,PAA
11.3,11.3,11.29,11.29,5229,2021-07-06 14:24:00,PAA
11.29,11.29,11.28,11.28,1600,2021-07-06 14:25:00,PAA
11.28,11.285,11.27,11.285,15675,2021-07-06 14:26:00,PAA
11.2839,11.29,11.2839,11.29,400,2021-07-06 14:27:00,PAA
11.29,11.3,11.2895,11.3,2718,2021-07-06 14:28:00,PAA
11.29,11.295,11.27,11.275,9976,2021-07-06 14:29:00,PAA
11.27,11.27,11.25,11.25,9250,2021-07-06 14:30:00,PAA
11.25,11.25,11.24,11.243,6220,2021-07-06 14:31:00,PAA
11.24,11.24,11.24,11.24,2300,2021-07-06 14:32:00,PAA
11.23,11.24,11.22,11.24,19761,2021-07-06 14:33:00,PAA
11.23,11.24,11.23,11.2338,5725,2021-07-06 14:34:00,PAA
11.235,11.24,11.22,11.22,2660,2021-07-06 14:35:00,PAA
11.22,11.23,11.22,11.225,8607,2021-07-06 14:36:00,PAA
11.23,11.245,11.22,11.23,210426,2021-07-06 14:37:00,PAA
11.2286,11.23,11.22,11.22,2679,2021-07-06 14:38:00,PAA
11.225,11.23,11.22,11.225,2804,2021-07-06 14:39:00,PAA
11.22,11.225,11.21,11.22,23027,2021-07-06 14:40:00,PAA
11.22,11.225,11.22,11.225,9079,2021-07-06 14:41:00,PAA
11.225,11.23,11.225,11.23,200,2021-07-06 14:42:00,PAA
11.23,11.235,11.225,11.235,8598,2021-07-06 14:43:00,PAA
11.235,11.24,11.2308,11.235,16942,2021-07-06 14:44:00,PAA
11.23,11.235,11.22,11.22,6790,2021-07-06 14:45:00,PAA
11.22,11.22,11.22,11.22,500,2021-07-06 14:46:00,PAA
11.225,11.23,11.22,11.22,5230,2021-07-06 14:47:00,PAA
11.225,11.23,11.21,11.21,9437,2021-07-06 14:48:00,PAA
11.21,11.215,11.21,11.21,600,2021-07-06 14:49:00,PAA
11.21,11.21,11.19,11.19,12320,2021-07-06 14:50:00,PAA
11.195,11.2,11.195,11.195,4550,2021-07-06 14:51:00,PAA
11.2,11.21,11.195,11.2001,25334,2021-07-06 14:52:00,PAA
11.205,11.205,11.2,11.2,2692,2021-07-06 14:53:00,PAA
11.1927,11.1927,11.1927,11.1927,162,2021-07-06 14:54:00,PAA
11.19,11.19,11.17,11.175,12651,2021-07-06 14:55:00,PAA
11.17,11.17,11.15,11.155,17957,2021-07-06 14:56:00,PAA
11.16,11.17,11.14,11.15,31653,2021-07-06 14:57:00,PAA
11.15,11.16,11.145,11.145,15854,2021-07-06 14:58:00,PAA
11.15,11.15,11.145,11.15,4655,2021-07-06 14:59:00,PAA
11.15,11.16,11.15,11.16,6203,2021-07-06 15:00:00,PAA
11.155,11.155,11.13,11.14,109440,2021-07-06 15:01:00,PAA
11.145,11.15,11.14,11.145,1400,2021-07-06 15:02:00,PAA
11.14,11.145,11.14,11.14,300,2021-07-06 15:03:00,PAA
11.14,11.145,11.13,11.13,17776,2021-07-06 15:04:00,PAA
11.135,11.15,11.13,11.1499,27205,2021-07-06 15:05:00,PAA
11.145,11.15,11.14,11.14,1200,2021-07-06 15:06:00,PAA
11.145,11.149,11.12,11.12,15350,2021-07-06 15:07:00,PAA
11.125,11.1263,11.12,11.12,2000,2021-07-06 15:08:00,PAA
11.125,11.125,11.105,11.11,20573,2021-07-06 15:09:00,PAA
11.11,11.12,11.07,11.07,34826,2021-07-06 15:10:00,PAA
11.07,11.09,11.05,11.0845,72960,2021-07-06 15:11:00,PAA
11.085,11.095,11.085,11.09,5171,2021-07-06 15:12:00,PAA
11.09,11.09,11.061,11.0875,80866,2021-07-06 15:13:00,PAA
11.09,11.1,11.09,11.1,13535,2021-07-06 15:14:00,PAA
11.109,11.11,11.09,11.09,10983,2021-07-06 15:15:00,PAA
11.09,11.11,11.09,11.1099,9215,2021-07-06 15:16:00,PAA
11.11,11.11,11.09,11.0999,5943,2021-07-06 15:17:00,PAA
11.09,11.11,11.09,11.1,8153,2021-07-06 15:18:00,PAA
11.1,11.105,11.1,11.1,600,2021-07-06 15:19:00,PAA
11.11,11.11,11.09,11.09,14324,2021-07-06 15:20:00,PAA
11.09,11.1,11.09,11.095,3211,2021-07-06 15:21:00,PAA
11.095,11.1,11.09,11.095,1153,2021-07-06 15:22:00,PAA
11.09,11.0999,11.09,11.09,2050,2021-07-06 15:23:00,PAA
11.1,11.1,11.1,11.1,100,2021-07-06 15:24:00,PAA
11.095,11.095,11.08,11.085,6900,2021-07-06 15:25:00,PAA
11.09,11.09,11.08,11.08,4081,2021-07-06 15:26:00,PAA
11.085,11.085,11.07,11.075,12803,2021-07-06 15:27:00,PAA
11.08,11.09,11.075,11.08,10195,2021-07-06 15:28:00,PAA
11.089,11.1078,11.085,11.105,13105,2021-07-06 15:29:00,PAA
11.105,11.105,11.095,11.1,16677,2021-07-06 15:30:00,PAA
11.095,11.1,11.095,11.0999,5382,2021-07-06 15:31:00,PAA
11.095,11.115,11.095,11.11,11141,2021-07-06 15:32:00,PAA
11.12,11.12,11.11,11.11,5602,2021-07-06 15:33:00,PAA
11.115,11.115,11.1,11.105,12606,2021-07-06 15:34:00,PAA
11.1097,11.11,11.1,11.105,5072,2021-07-06 15:35:00,PAA
11.1,11.11,11.1,11.105,9057,2021-07-06 15:36:00,PAA
11.11,11.11,11.1,11.1099,1946,2021-07-06 15:37:00,PAA
11.1,11.11,11.1,11.105,1200,2021-07-06 15:38:00,PAA
11.105,11.12,11.105,11.115,10905,2021-07-06 15:39:00,PAA
11.115,11.115,11.115,11.115,100,2021-07-06 15:40:00,PAA
11.12,11.12,11.11,11.11,626,2021-07-06 15:41:00,PAA
11.11,11.115,11.11,11.11,2315,2021-07-06 15:42:00,PAA
11.11,11.11,11.1,11.1,32264,2021-07-06 15:43:00,PAA
11.1,11.11,11.1,11.107,3945,2021-07-06 15:44:00,PAA
11.105,11.11,11.095,11.1,19608,2021-07-06 15:45:00,PAA
11.105,11.11,11.1,11.1,3468,2021-07-06 15:46:00,PAA
11.1,11.11,11.1,11.1,2400,2021-07-06 15:47:00,PAA
11.1,11.12,11.1,11.115,10275,2021-07-06 15:48:00,PAA
11.115,11.12,11.115,11.115,1900,2021-07-06 15:49:00,PAA
11.115,11.12,11.11,11.115,19762,2021-07-06 15:50:00,PAA
11.12,11.13,11.12,11.12,8609,2021-07-06 15:51:00,PAA
11.12,11.12,11.11,11.115,23372,2021-07-06 15:52:00,PAA
11.12,11.13,11.11,11.115,21106,2021-07-06 15:53:00,PAA
11.115,11.115,11.11,11.115,9450,2021-07-06 15:54:00,PAA
11.115,11.12,11.115,11.1196,5066,2021-07-06 15:55:00,PAA
11.11,11.12,11.11,11.115,6036,2021-07-06 15:56:00,PAA
11.12,11.12,11.11,11.115,900,2021-07-06 15:57:00,PAA
11.115,11.115,11.1,11.11,25428,2021-07-06 15:58:00,PAA
11.11,11.12,11.105,11.12,17239,2021-07-06 15:59:00,PAA
11.12,11.125,11.12,11.12,1909,2021-07-06 16:00:00,PAA
11.12,11.13,11.12,11.12,5100,2021-07-06 16:01:00,PAA
11.12,11.125,11.115,11.115,19329,2021-07-06 16:02:00,PAA
11.11,11.115,11.11,11.115,700,2021-07-06 16:03:00,PAA
11.11,11.12,11.11,11.115,6554,2021-07-06 16:04:00,PAA
11.12,11.13,11.12,11.12,11991,2021-07-06 16:05:00,PAA
11.12,11.125,11.12,11.125,4200,2021-07-06 16:06:00,PAA
11.125,11.125,11.11,11.115,27271,2021-07-06 16:07:00,PAA
11.115,11.12,11.1113,11.1113,11600,2021-07-06 16:08:00,PAA
11.11,11.11,11.095,11.1,12853,2021-07-06 16:09:00,PAA
11.0951,11.1,11.095,11.1,7500,2021-07-06 16:10:00,PAA
11.1,11.12,11.1,11.12,4269,2021-07-06 16:11:00,PAA
11.12,11.12,11.115,11.115,1600,2021-07-06 16:12:00,PAA
11.12,11.12,11.115,11.12,1300,2021-07-06 16:13:00,PAA
11.11,11.1158,11.11,11.115,1750,2021-07-06 16:14:00,PAA
11.115,11.12,11.115,11.12,1325,2021-07-06 16:15:00,PAA
11.12,11.1268,11.115,11.12,7442,2021-07-06 16:16:00,PAA
11.12,11.13,11.12,11.125,1200,2021-07-06 16:17:00,PAA
11.12,11.125,11.115,11.115,11493,2021-07-06 16:18:00,PAA
11.115,11.115,11.1,11.1,4350,2021-07-06 16:19:00,PAA
11.1,11.1,11.095,11.0999,8485,2021-07-06 16:20:00,PAA
11.09,11.095,11.09,11.095,1207,2021-07-06 16:21:00,PAA
11.095,11.095,11.09,11.095,2000,2021-07-06 16:22:00,PAA
11.09,11.09,11.085,11.085,8437,2021-07-06 16:23:00,PAA
11.0852,11.086,11.085,11.085,9900,2021-07-06 16:24:00,PAA
11.085,11.085,11.07,11.07,11545,2021-07-06 16:25:00,PAA
11.07,11.07,11.065,11.065,7693,2021-07-06 16:26:00,PAA
11.06,11.06,11.055,11.055,9065,2021-07-06 16:27:00,PAA
11.0571,11.07,11.055,11.065,12241,2021-07-06 16:28:00,PAA
11.06,11.06,11.05,11.055,5500,2021-07-06 16:30:00,PAA
11.05,11.0556,11.05,11.0501,900,2021-07-06 16:32:00,PAA
11.05,11.05,11.04,11.0499,16768,2021-07-06 16:33:00,PAA
11.045,11.0472,11.045,11.046,1900,2021-07-06 16:34:00,PAA
11.05,11.05,11.045,11.045,3916,2021-07-06 16:35:00,PAA
11.04,11.0473,11.02,11.02,17320,2021-07-06 16:37:00,PAA
11.03,11.03,11.024,11.03,1900,2021-07-06 16:38:00,PAA
11.03,11.04,11.025,11.035,8764,2021-07-06 16:39:00,PAA
11.038,11.038,11.038,11.038,1000,2021-07-06 16:40:00,PAA
11.035,11.035,11.035,11.035,100,2021-07-06 16:41:00,PAA
11.03,11.03,11.0101,11.02,8300,2021-07-06 16:42:00,PAA
11.02,11.02,11.015,11.02,3900,2021-07-06 16:43:00,PAA
11.01,11.01,11.01,11.01,500,2021-07-06 16:44:00,PAA
11.015,11.015,11.01,11.01,3134,2021-07-06 16:45:00,PAA
11.01,11.015,11.01,11.01,3700,2021-07-06 16:46:00,PAA
11.01,11.02,11.01,11.015,4615,2021-07-06 16:47:00,PAA
11.02,11.03,11.01,11.025,18082,2021-07-06 16:48:00,PAA
11.025,11.03,11.025,11.03,610,2021-07-06 16:49:00,PAA
11.025,11.0263,11.025,11.0263,500,2021-07-06 16:50:00,PAA
11.03,11.03,11.025,11.0299,4028,2021-07-06 16:51:00,PAA
11.02,11.025,11.02,11.025,2600,2021-07-06 16:52:00,PAA
11.02,11.0273,11.01,11.015,20799,2021-07-06 16:53:00,PAA
11.0159,11.02,11.0159,11.02,343,2021-07-06 16:54:00,PAA
11.015,11.015,11.015,11.015,100,2021-07-06 16:55:00,PAA
11.01,11.0199,11.01,11.01,3196,2021-07-06 16:56:00,PAA
11.01,11.01,11.005,11.01,10866,2021-07-06 16:57:00,PAA
11.0,11.0001,11.0,11.0,8622,2021-07-06 16:58:00,PAA
11.0,11.01,11.0,11.005,3323,2021-07-06 16:59:00,PAA
11.005,11.005,11.0,11.0,6000,2021-07-06 17:01:00,PAA
11.0,11.02,11.0,11.015,9575,2021-07-06 17:02:00,PAA
11.02,11.02,11.015,11.02,5027,2021-07-06 17:03:00,PAA
11.03,11.03,11.02,11.02,266,2021-07-06 17:04:00,PAA
11.025,11.025,11.025,11.025,1400,2021-07-06 17:05:00,PAA
11.03,11.03,11.025,11.025,300,2021-07-06 17:06:00,PAA
11.029,11.03,11.029,11.03,600,2021-07-06 17:07:00,PAA
11.02,11.025,11.02,11.02,4801,2021-07-06 17:08:00,PAA
11.025,11.025,11.015,11.015,4366,2021-07-06 17:09:00,PAA
11.0157,11.019,11.01,11.01,2703,2021-07-06 17:10:00,PAA
11.01,11.01,11.005,11.005,4302,2021-07-06 17:11:00,PAA
11.0057,11.0057,11.0045,11.0045,490,2021-07-06 17:12:00,PAA
11.005,11.01,11.0,11.0,7812,2021-07-06 17:13:00,PAA
11.0,11.0091,11.0,11.0,2150,2021-07-06 17:14:00,PAA
11.005,11.01,11.0,11.0,6663,2021-07-06 17:15:00,PAA
11.0,11.02,11.0,11.015,18571,2021-07-06 17:16:00,PAA
11.0176,11.0176,11.0176,11.0176,1000,2021-07-06 17:17:00,PAA
11.015,11.02,11.015,11.015,1600,2021-07-06 17:18:00,PAA
11.0101,11.015,11.01,11.015,920,2021-07-06 17:19:00,PAA
11.01,11.015,11.01,11.01,7900,2021-07-06 17:20:00,PAA
11.0199,11.02,11.01,11.015,3100,2021-07-06 17:21:00,PAA
11.015,11.02,11.01,11.015,3100,2021-07-06 17:22:00,PAA
11.01,11.02,11.01,11.01,12500,2021-07-06 17:23:00,PAA
11.01,11.02,11.01,11.01,4403,2021-07-06 17:24:00,PAA
11.01,11.02,11.01,11.01,2940,2021-07-06 17:25:00,PAA
11.01,11.0131,11.005,11.005,10801,2021-07-06 17:26:00,PAA
11.0099,11.0099,11.0,11.0,500,2021-07-06 17:27:00,PAA
11.0,11.025,11.0,11.025,28577,2021-07-06 17:28:00,PAA
11.025,11.025,11.02,11.02,2000,2021-07-06 17:29:00,PAA
11.02,11.035,11.02,11.035,5210,2021-07-06 17:30:00,PAA
11.035,11.035,11.035,11.035,400,2021-07-06 17:31:00,PAA
11.04,11.04,11.03,11.03,2200,2021-07-06 17:32:00,PAA
11.04,11.05,11.035,11.045,22299,2021-07-06 17:33:00,PAA
11.045,11.05,11.045,11.05,1200,2021-07-06 17:34:00,PAA
11.045,11.05,11.04,11.045,2500,2021-07-06 17:35:00,PAA
11.04,11.04,11.025,11.025,8587,2021-07-06 17:36:00,PAA
11.03,11.04,11.025,11.035,26548,2021-07-06 17:37:00,PAA
11.04,11.04,11.0337,11.035,5300,2021-07-06 17:38:00,PAA
11.04,11.05,11.035,11.045,10001,2021-07-06 17:39:00,PAA
11.0489,11.05,11.045,11.045,12900,2021-07-06 17:40:00,PAA
11.05,11.05,11.045,11.045,2741,2021-07-06 17:41:00,PAA
11.04,11.05,11.04,11.05,1200,2021-07-06 17:42:00,PAA
11.05,11.05,11.045,11.045,500,2021-07-06 17:43:00,PAA
11.05,11.05,11.045,11.05,4310,2021-07-06 17:44:00,PAA
11.045,11.05,11.045,11.045,1762,2021-07-06 17:45:00,PAA
11.0464,11.05,11.04,11.04,4850,2021-07-06 17:46:00,PAA
11.0427,11.0462,11.04,11.04,2475,2021-07-06 17:47:00,PAA
11.04,11.05,11.03,11.035,12925,2021-07-06 17:48:00,PAA
11.03,11.04,11.03,11.03,8000,2021-07-06 17:49:00,PAA
11.03,11.04,11.03,11.035,5261,2021-07-06 17:50:00,PAA
11.03,11.04,11.03,11.035,1000,2021-07-06 17:51:00,PAA
11.04,11.04,11.025,11.025,10180,2021-07-06 17:52:00,PAA
11.02,11.025,11.01,11.025,24877,2021-07-06 17:53:00,PAA
11.025,11.025,11.025,11.025,100,2021-07-06 17:54:00,PAA
11.025,11.04,11.025,11.035,11442,2021-07-06 17:55:00,PAA
11.035,11.04,11.035,11.0382,3869,2021-07-06 17:56:00,PAA
11.035,11.04,11.035,11.035,6080,2021-07-06 17:57:00,PAA
11.04,11.04,11.035,11.04,600,2021-07-06 17:58:00,PAA
11.03,11.035,11.03,11.035,800,2021-07-06 17:59:00,PAA
11.035,11.04,11.035,11.04,1600,2021-07-06 18:00:00,PAA
11.03,11.035,11.025,11.025,9013,2021-07-06 18:01:00,PAA
11.02,11.023,11.02,11.02,5809,2021-07-06 18:02:00,PAA
11.02,11.04,11.02,11.035,15964,2021-07-06 18:03:00,PAA
11.03,11.035,11.03,11.03,400,2021-07-06 18:04:00,PAA
11.035,11.035,11.03,11.03,801,2021-07-06 18:05:00,PAA
11.03,11.03,11.015,11.025,33024,2021-07-06 18:06:00,PAA
11.0265,11.04,11.025,11.0362,6369,2021-07-06 18:07:00,PAA
11.035,11.05,11.035,11.05,9199,2021-07-06 18:08:00,PAA
11.045,11.045,11.04,11.045,800,2021-07-06 18:09:00,PAA
11.04,11.04,11.03,11.03,4646,2021-07-06 18:10:00,PAA
11.04,11.04,11.03,11.037,10441,2021-07-06 18:11:00,PAA
11.035,11.05,11.035,11.05,30664,2021-07-06 18:12:00,PAA
11.045,11.05,11.04,11.0499,3250,2021-07-06 18:13:00,PAA
11.04,11.045,11.03,11.03,7145,2021-07-06 18:14:00,PAA
11.03,11.04,11.03,11.035,900,2021-07-06 18:15:00,PAA
11.035,11.04,11.035,11.035,8657,2021-07-06 18:16:00,PAA
11.04,11.04,11.04,11.04,100,2021-07-06 18:17:00,PAA
11.035,11.04,11.03,11.035,4604,2021-07-06 18:18:00,PAA
11.03,11.04,11.03,11.036,4600,2021-07-06 18:19:00,PAA
11.035,11.04,11.03,11.03,9721,2021-07-06 18:20:00,PAA
11.04,11.04,11.03,11.035,4000,2021-07-06 18:21:00,PAA
11.04,11.04,11.03,11.035,5101,2021-07-06 18:22:00,PAA
11.0383,11.05,11.03,11.05,38312,2021-07-06 18:23:00,PAA
11.0421,11.05,11.0421,11.05,7000,2021-07-06 18:24:00,PAA
11.05,11.06,11.04,11.06,32759,2021-07-06 18:25:00,PAA
11.06,11.06,11.055,11.06,500,2021-07-06 18:26:00,PAA
11.055,11.06,11.0526,11.06,1452,2021-07-06 18:27:00,PAA
11.06,11.07,11.06,11.065,16088,2021-07-06 18:28:00,PAA
11.07,11.075,11.065,11.07,8380,2021-07-06 18:29:00,PAA
11.075,11.1,11.075,11.0904,15011,2021-07-06 18:30:00,PAA
11.09,11.09,11.08,11.085,5440,2021-07-06 18:31:00,PAA
11.085,11.09,11.085,11.085,2400,2021-07-06 18:32:00,PAA
11.085,11.09,11.085,11.09,900,2021-07-06 18:33:00,PAA
11.09,11.09,11.07,11.07,6680,2021-07-06 18:34:00,PAA
11.07,11.075,11.065,11.065,2900,2021-07-06 18:35:00,PAA
11.065,11.065,11.0624,11.0624,1187,2021-07-06 18:36:00,PAA
11.06,11.06,11.055,11.055,13143,2021-07-06 18:37:00,PAA
11.05,11.06,11.05,11.055,8500,2021-07-06 18:38:00,PAA
11.055,11.06,11.05,11.05,9036,2021-07-06 18:39:00,PAA
11.05,11.05,11.035,11.035,11326,2021-07-06 18:40:00,PAA
11.04,11.04,11.03,11.03,7014,2021-07-06 18:41:00,PAA
11.03,11.035,11.03,11.03,2500,2021-07-06 18:42:00,PAA
11.03,11.03,11.02,11.02,6163,2021-07-06 18:43:00,PAA
11.02,11.03,11.02,11.02,1900,2021-07-06 18:44:00,PAA
11.02,11.0255,11.015,11.02,12829,2021-07-06 18:45:00,PAA
11.02,11.035,11.02,11.035,12900,2021-07-06 18:46:00,PAA
11.0363,11.0363,11.03,11.03,500,2021-07-06 18:47:00,PAA
11.03,11.05,11.03,11.045,19667,2021-07-06 18:48:00,PAA
11.045,11.0681,11.045,11.0601,28413,2021-07-06 18:49:00,PAA
11.055,11.07,11.055,11.065,24000,2021-07-06 18:50:00,PAA
11.07,11.07,11.055,11.055,4200,2021-07-06 18:51:00,PAA
11.05,11.0522,11.045,11.045,3700,2021-07-06 18:52:00,PAA
11.045,11.045,11.045,11.045,1836,2021-07-06 18:53:00,PAA
11.045,11.045,11.035,11.035,6749,2021-07-06 18:54:00,PAA
11.035,11.04,11.03,11.035,5912,2021-07-06 18:55:00,PAA
11.035,11.045,11.035,11.045,10963,2021-07-06 18:56:00,PAA
11.045,11.06,11.04,11.05,23164,2021-07-06 18:57:00,PAA
11.06,11.065,11.06,11.062,8082,2021-07-06 18:58:00,PAA
11.06,11.06,11.05,11.05,8936,2021-07-06 18:59:00,PAA
11.05,11.05,11.04,11.045,5308,2021-07-06 19:00:00,PAA
11.05,11.06,11.045,11.055,11223,2021-07-06 19:01:00,PAA
11.0501,11.055,11.05,11.055,1111,2021-07-06 19:02:00,PAA
11.05,11.06,11.05,11.055,18892,2021-07-06 19:03:00,PAA
11.055,11.06,11.055,11.06,1483,2021-07-06 19:04:00,PAA
11.0567,11.06,11.051,11.06,1800,2021-07-06 19:05:00,PAA
11.05,11.05,11.035,11.035,16772,2021-07-06 19:06:00,PAA
11.04,11.05,11.0346,11.05,14111,2021-07-06 19:07:00,PAA
11.05,11.05,11.05,11.05,1281,2021-07-06 19:08:00,PAA
11.06,11.06,11.05,11.06,500,2021-07-06 19:09:00,PAA
11.06,11.06,11.05,11.055,2957,2021-07-06 19:10:00,PAA
11.06,11.06,11.0517,11.06,6300,2021-07-06 19:11:00,PAA
11.055,11.06,11.055,11.055,2200,2021-07-06 19:12:00,PAA
11.055,11.055,11.04,11.04,10032,2021-07-06 19:13:00,PAA
11.04,11.04,11.03,11.035,10724,2021-07-06 19:14:00,PAA
11.03,11.05,11.03,11.045,17155,2021-07-06 19:15:00,PAA
11.05,11.05,11.045,11.045,2212,2021-07-06 19:16:00,PAA
11.05,11.05,11.045,11.05,5224,2021-07-06 19:17:00,PAA
11.05,11.05,11.045,11.05,4154,2021-07-06 19:18:00,PAA
11.045,11.05,11.04,11.045,3210,2021-07-06 19:19:00,PAA
11.045,11.05,11.03,11.03,10526,2021-07-06 19:20:00,PAA
11.03,11.035,11.02,11.02,15553,2021-07-06 19:21:00,PAA
11.02,11.03,11.01,11.025,37811,2021-07-06 19:22:00,PAA
11.025,11.03,11.02,11.02,3599,2021-07-06 19:23:00,PAA
11.03,11.03,11.02,11.02,4113,2021-07-06 19:24:00,PAA
11.03,11.035,11.02,11.035,19215,2021-07-06 19:25:00,PAA
11.035,11.04,11.03,11.03,5300,2021-07-06 19:26:00,PAA
11.035,11.035,11.03,11.03,3300,2021-07-06 19:27:00,PAA
11.03,11.04,11.02,11.02,12680,2021-07-06 19:28:00,PAA
11.02,11.03,11.02,11.025,20337,2021-07-06 19:29:00,PAA
11.025,11.025,11.02,11.025,3025,2021-07-06 19:30:00,PAA
11.025,11.025,11.0,11.005,25001,2021-07-06 19:31:00,PAA
11.005,11.01,11.005,11.005,7394,2021-07-06 19:32:00,PAA
11.005,11.0067,11.005,11.005,2250,2021-07-06 19:33:00,PAA
11.01,11.01,11.0,11.005,2368,2021-07-06 19:34:00,PAA
11.005,11.02,11.0,11.015,26382,2021-07-06 19:35:00,PAA
11.015,11.02,11.01,11.02,7786,2021-07-06 19:36:00,PAA
11.02,11.02,11.01,11.02,10155,2021-07-06 19:37:00,PAA
11.015,11.02,11.015,11.02,14931,2021-07-06 19:38:00,PAA
11.02,11.02,11.01,11.015,23705,2021-07-06 19:39:00,PAA
11.02,11.02,11.01,11.015,10868,2021-07-06 19:40:00,PAA
11.0156,11.02,11.01,11.01,9387,2021-07-06 19:41:00,PAA
11.01,11.02,11.01,11.02,14764,2021-07-06 19:42:00,PAA
11.01,11.02,11.01,11.015,8000,2021-07-06 19:43:00,PAA
11.02,11.04,11.015,11.04,45766,2021-07-06 19:44:00,PAA
11.035,11.04,11.035,11.035,11300,2021-07-06 19:45:00,PAA
11.035,11.05,11.03,11.045,25478,2021-07-06 19:46:00,PAA
11.045,11.05,11.035,11.035,31652,2021-07-06 19:47:00,PAA
11.035,11.04,11.03,11.03,11169,2021-07-06 19:48:00,PAA
11.035,11.06,11.0301,11.055,40546,2021-07-06 19:49:00,PAA
11.06,11.07,11.06,11.07,56223,2021-07-06 19:50:00,PAA
11.07,11.07,11.06,11.065,15401,2021-07-06 19:51:00,PAA
11.065,11.07,11.05,11.0501,70367,2021-07-06 19:52:00,PAA
11.055,11.06,11.05,11.05,49447,2021-07-06 19:53:00,PAA
11.055,11.06,11.05,11.06,33731,2021-07-06 19:54:00,PAA
11.055,11.06,11.05,11.055,34862,2021-07-06 19:55:00,PAA
11.055,11.06,11.05,11.055,56783,2021-07-06 19:56:00,PAA
11.055,11.06,11.05,11.055,45639,2021-07-06 19:57:00,PAA
11.055,11.06,11.05,11.055,67255,2021-07-06 19:58:00,PAA
11.055,11.06,11.05,11.05,93058,2021-07-06 19:59:00,PAA
11.07,11.07,11.07,11.07,289742,2021-07-06 20:00:00,PAA
11.02,11.02,11.02,11.02,5000,2021-07-06 20:01:00,PAA
11.05,11.05,11.05,11.05,100,2021-07-06 20:09:00,PAA
11.07,11.07,11.07,11.07,200,2021-07-06 21:12:00,PAA
11.07,11.07,11.07,11.07,16898,2021-07-07 12:37:00,PAA
11.037,11.037,11.037,11.037,100,2021-07-07 12:47:00,PAA
11.11,11.11,11.11,11.11,1500,2021-07-07 13:11:00,PAA
11.05,11.0611,11.04,11.06,29977,2021-07-07 13:30:00,PAA
11.0585,11.1,11.05,11.1,6420,2021-07-07 13:31:00,PAA
11.11,11.15,11.11,11.15,12859,2021-07-07 13:32:00,PAA
11.135,11.1438,11.135,11.135,1234,2021-07-07 13:33:00,PAA
11.14,11.19,11.14,11.185,9474,2021-07-07 13:34:00,PAA
11.1801,11.2,11.18,11.1815,13732,2021-07-07 13:35:00,PAA
11.19,11.21,11.165,11.17,10170,2021-07-07 13:36:00,PAA
11.17,11.18,11.16,11.1686,3114,2021-07-07 13:37:00,PAA
11.1501,11.1501,11.13,11.13,1800,2021-07-07 13:38:00,PAA
11.11,11.11,11.085,11.085,1600,2021-07-07 13:39:00,PAA
11.08,11.09,11.0575,11.0575,2800,2021-07-07 13:40:00,PAA
11.07,11.1,11.07,11.08,4975,2021-07-07 13:41:00,PAA
11.08,11.08,11.02,11.02,1400,2021-07-07 13:42:00,PAA
11.03,11.03,11.0,11.01,8573,2021-07-07 13:43:00,PAA
11.01,11.02,10.97,10.99,24125,2021-07-07 13:44:00,PAA
11.0,11.0421,11.0,11.04,33533,2021-07-07 13:45:00,PAA
11.05,11.075,11.05,11.06,7500,2021-07-07 13:46:00,PAA
11.06,11.0701,11.04,11.0701,5862,2021-07-07 13:47:00,PAA
11.07,11.0704,11.0539,11.0539,2600,2021-07-07 13:48:00,PAA
11.05,11.0502,11.035,11.035,1600,2021-07-07 13:49:00,PAA
11.02,11.02,10.99,11.01,11954,2021-07-07 13:50:00,PAA
11.01,11.01,10.99,11.0,6150,2021-07-07 13:51:00,PAA
11.0,11.02,11.0,11.02,21411,2021-07-07 13:52:00,PAA
11.01,11.01,11.0,11.0018,4000,2021-07-07 13:53:00,PAA
11.0,11.01,10.99,11.0,7200,2021-07-07 13:54:00,PAA
11.0,11.01,10.985,10.99,9136,2021-07-07 13:55:00,PAA
10.985,11.01,10.985,11.01,3550,2021-07-07 13:56:00,PAA
11.0078,11.01,11.0,11.0,3100,2021-07-07 13:57:00,PAA
11.01,11.025,11.01,11.01,6874,2021-07-07 13:58:00,PAA
11.0126,11.02,11.005,11.01,4900,2021-07-07 13:59:00,PAA
11.0,11.02,11.0,11.01,3292,2021-07-07 14:00:00,PAA
11.0104,11.0185,10.99,10.99,5246,2021-07-07 14:01:00,PAA
10.9901,11.0,10.99,10.9909,4400,2021-07-07 14:02:00,PAA
10.99,10.9901,10.965,10.97,24818,2021-07-07 14:03:00,PAA
10.97,10.97,10.915,10.915,28457,2021-07-07 14:04:00,PAA
10.91,10.96,10.91,10.96,20704,2021-07-07 14:05:00,PAA
10.96,10.9602,10.945,10.9514,17154,2021-07-07 14:06:00,PAA
10.95,10.95,10.9,10.9,12150,2021-07-07 14:07:00,PAA
10.91,10.91,10.885,10.89,14878,2021-07-07 14:08:00,PAA
10.89,10.9,10.89,10.9,7259,2021-07-07 14:09:00,PAA
10.92,10.94,10.91,10.92,6211,2021-07-07 14:10:00,PAA
10.93,10.93,10.92,10.92,8000,2021-07-07 14:11:00,PAA
10.92,10.9222,10.91,10.9222,7416,2021-07-07 14:12:00,PAA
10.9201,10.9201,10.905,10.915,9077,2021-07-07 14:13:00,PAA
10.91,10.92,10.9,10.92,7704,2021-07-07 14:14:00,PAA
10.91,10.915,10.9064,10.91,5256,2021-07-07 14:15:00,PAA
10.905,10.905,10.885,10.89,5746,2021-07-07 14:16:00,PAA
10.89,10.89,10.88,10.88,5189,2021-07-07 14:17:00,PAA
10.87,10.88,10.8595,10.88,21532,2021-07-07 14:18:00,PAA
10.88,10.887,10.88,10.88,1781,2021-07-07 14:19:00,PAA
10.885,10.885,10.835,10.835,6078,2021-07-07 14:20:00,PAA
10.84,10.855,10.83,10.84,8296,2021-07-07 14:21:00,PAA
10.84,10.84,10.83,10.83,2025,2021-07-07 14:22:00,PAA
10.83,10.83,10.8,10.83,6475,2021-07-07 14:23:00,PAA
10.825,10.84,10.82,10.83,3505,2021-07-07 14:24:00,PAA
10.8283,10.83,10.8151,10.8151,6300,2021-07-07 14:25:00,PAA
10.81,10.81,10.78,10.79,12524,2021-07-07 14:26:00,PAA
10.79,10.8,10.775,10.78,13445,2021-07-07 14:27:00,PAA
10.77,10.77,10.72,10.74,48317,2021-07-07 14:28:00,PAA
10.735,10.74,10.73,10.73,7420,2021-07-07 14:29:00,PAA
10.73,10.765,10.73,10.755,15852,2021-07-07 14:30:00,PAA
10.755,10.77,10.74,10.74,20153,2021-07-07 14:31:00,PAA
10.74,10.74,10.73,10.74,5700,2021-07-07 14:32:00,PAA
10.73,10.735,10.72,10.723,3692,2021-07-07 14:33:00,PAA
10.73,10.75,10.72,10.75,15169,2021-07-07 14:34:00,PAA
10.74,10.76,10.74,10.75,23790,2021-07-07 14:35:00,PAA
10.75,10.77,10.74,10.76,10850,2021-07-07 14:36:00,PAA
10.76,10.765,10.74,10.74,5835,2021-07-07 14:37:00,PAA
10.74,10.74,10.72,10.73,8633,2021-07-07 14:38:00,PAA
10.7325,10.74,10.73,10.74,6888,2021-07-07 14:39:00,PAA
10.735,10.75,10.73,10.7493,6538,2021-07-07 14:40:00,PAA
10.74,10.74,10.705,10.705,17955,2021-07-07 14:41:00,PAA
10.7,10.71,10.69,10.7,58290,2021-07-07 14:42:00,PAA
10.69,10.725,10.69,10.725,10017,2021-07-07 14:43:00,PAA
10.72,10.725,10.71,10.71,14900,2021-07-07 14:44:00,PAA
10.71,10.71,10.68,10.69,34067,2021-07-07 14:45:00,PAA
10.69,10.72,10.69,10.72,10334,2021-07-07 14:46:00,PAA
10.72,10.73,10.71,10.72,3934,2021-07-07 14:47:00,PAA
10.73,10.74,10.71,10.72,34873,2021-07-07 14:48:00,PAA
10.72,10.745,10.72,10.74,8691,2021-07-07 14:49:00,PAA
10.74,10.755,10.74,10.75,4710,2021-07-07 14:50:00,PAA
10.76,10.762,10.75,10.755,10360,2021-07-07 14:51:00,PAA
10.7501,10.755,10.74,10.745,17487,2021-07-07 14:52:00,PAA
10.74,10.745,10.73,10.73,37385,2021-07-07 14:53:00,PAA
10.73,10.73,10.7,10.7,38337,2021-07-07 14:54:00,PAA
10.7,10.705,10.69,10.7,20085,2021-07-07 14:55:00,PAA
10.7,10.73,10.68,10.73,56933,2021-07-07 14:56:00,PAA
10.72,10.7299,10.72,10.72,27593,2021-07-07 14:57:00,PAA
10.729,10.77,10.72,10.765,24799,2021-07-07 14:58:00,PAA
10.77,10.77,10.745,10.75,22073,2021-07-07 14:59:00,PAA
10.74,10.75,10.73,10.74,41190,2021-07-07 15:00:00,PAA
10.73,10.735,10.71,10.735,16546,2021-07-07 15:01:00,PAA
10.7375,10.74,10.735,10.74,6980,2021-07-07 15:02:00,PAA
10.7389,10.76,10.73,10.7511,40616,2021-07-07 15:03:00,PAA
10.76,10.78,10.75,10.765,23816,2021-07-07 15:04:00,PAA
10.76,10.77,10.76,10.77,5914,2021-07-07 15:05:00,PAA
10.775,10.78,10.765,10.765,21115,2021-07-07 15:06:00,PAA
10.7601,10.78,10.76,10.775,17242,2021-07-07 15:07:00,PAA
10.78,10.8,10.77,10.785,34251,2021-07-07 15:08:00,PAA
10.785,10.785,10.74,10.74,47912,2021-07-07 15:09:00,PAA
10.76,10.77,10.7565,10.77,1900,2021-07-07 15:10:00,PAA
10.77,10.78,10.76,10.78,7321,2021-07-07 15:11:00,PAA
10.78,10.78,10.76,10.77,10248,2021-07-07 15:12:00,PAA
10.77,10.77,10.76,10.76,6547,2021-07-07 15:13:00,PAA
10.76,10.76,10.755,10.755,3200,2021-07-07 15:14:00,PAA
10.7599,10.76,10.75,10.76,7550,2021-07-07 15:15:00,PAA
10.75,10.755,10.74,10.745,10508,2021-07-07 15:16:00,PAA
10.745,10.78,10.74,10.78,11447,2021-07-07 15:17:00,PAA
10.78,10.79,10.77,10.79,2436,2021-07-07 15:18:00,PAA
10.78,10.8,10.78,10.8,13719,2021-07-07 15:19:00,PAA
10.8,10.805,10.79,10.8,7873,2021-07-07 15:20:00,PAA
10.8,10.8,10.7917,10.8,3000,2021-07-07 15:21:00,PAA
10.795,10.8,10.79,10.79,8467,2021-07-07 15:22:00,PAA
10.7963,10.7963,10.77,10.77,7653,2021-07-07 15:23:00,PAA
10.77,10.77,10.76,10.76,5702,2021-07-07 15:24:00,PAA
10.77,10.78,10.76,10.77,9829,2021-07-07 15:25:00,PAA
10.77,10.775,10.77,10.77,4255,2021-07-07 15:26:00,PAA
10.76,10.76,10.75,10.76,2043,2021-07-07 15:27:00,PAA
10.76,10.77,10.75,10.76,4997,2021-07-07 15:28:00,PAA
10.77,10.77,10.76,10.76,3083,2021-07-07 15:29:00,PAA
10.77,10.77,10.76,10.76,7091,2021-07-07 15:30:00,PAA
10.77,10.78,10.77,10.775,5028,2021-07-07 15:31:00,PAA
10.775,10.79,10.77,10.79,6932,2021-07-07 15:32:00,PAA
10.8,10.81,10.79,10.795,10091,2021-07-07 15:33:00,PAA
10.7972,10.8,10.79,10.79,3298,2021-07-07 15:34:00,PAA
10.79,10.79,10.78,10.78,2400,2021-07-07 15:35:00,PAA
10.78,10.81,10.78,10.81,18431,2021-07-07 15:36:00,PAA
10.81,10.83,10.81,10.82,5528,2021-07-07 15:37:00,PAA
10.83,10.83,10.815,10.815,9015,2021-07-07 15:38:00,PAA
10.815,10.82,10.81,10.81,4517,2021-07-07 15:39:00,PAA
10.81,10.81,10.8,10.8099,5219,2021-07-07 15:40:00,PAA
10.8099,10.817,10.8,10.81,10586,2021-07-07 15:41:00,PAA
10.81,10.81,10.8,10.81,10170,2021-07-07 15:42:00,PAA
10.82,10.82,10.81,10.81,5078,2021-07-07 15:43:00,PAA
10.81,10.81,10.79,10.7999,16200,2021-07-07 15:44:00,PAA
10.7999,10.81,10.79,10.8,17366,2021-07-07 15:45:00,PAA
10.8,10.8,10.8,10.8,100,2021-07-07 15:46:00,PAA
10.8,10.8,10.77,10.77,14435,2021-07-07 15:47:00,PAA
10.77,10.77,10.75,10.75,15652,2021-07-07 15:48:00,PAA
10.76,10.775,10.76,10.77,14881,2021-07-07 15:49:00,PAA
10.775,10.8,10.77,10.7999,14117,2021-07-07 15:50:00,PAA
10.805,10.815,10.8,10.805,11620,2021-07-07 15:51:00,PAA
10.8,10.8,10.79,10.79,1300,2021-07-07 15:52:00,PAA
10.795,10.795,10.77,10.78,13311,2021-07-07 15:53:00,PAA
10.78,10.78,10.77,10.77,3971,2021-07-07 15:54:00,PAA
10.77,10.77,10.765,10.765,4200,2021-07-07 15:55:00,PAA
10.765,10.765,10.755,10.755,12548,2021-07-07 15:56:00,PAA
10.76,10.76,10.75,10.76,3976,2021-07-07 15:57:00,PAA
10.765,10.785,10.76,10.78,6963,2021-07-07 15:58:00,PAA
10.78,10.78,10.78,10.78,2200,2021-07-07 15:59:00,PAA
10.79,10.79,10.78,10.79,9790,2021-07-07 16:00:00,PAA
10.78,10.78,10.775,10.7799,2809,2021-07-07 16:01:00,PAA
10.77,10.77,10.77,10.77,1400,2021-07-07 16:02:00,PAA
10.765,10.78,10.76,10.78,11050,2021-07-07 16:03:00,PAA
10.78,10.78,10.78,10.78,2222,2021-07-07 16:04:00,PAA
10.78,10.7864,10.78,10.78,7544,2021-07-07 16:05:00,PAA
10.785,10.795,10.78,10.79,27468,2021-07-07 16:06:00,PAA
10.79,10.8,10.79,10.8,900,2021-07-07 16:07:00,PAA
10.8,10.81,10.79,10.8,9095,2021-07-07 16:08:00,PAA
10.795,10.7999,10.795,10.7999,8900,2021-07-07 16:09:00,PAA
10.8,10.81,10.79,10.81,5015,2021-07-07 16:10:00,PAA
10.81,10.83,10.8,10.825,7653,2021-07-07 16:11:00,PAA
10.83,10.85,10.8299,10.8467,5306,2021-07-07 16:12:00,PAA
10.845,10.847,10.845,10.847,750,2021-07-07 16:13:00,PAA
10.845,10.845,10.84,10.84,2100,2021-07-07 16:14:00,PAA
10.84,10.84,10.82,10.82,7262,2021-07-07 16:15:00,PAA
10.83,10.86,10.82,10.86,55252,2021-07-07 16:16:00,PAA
10.8699,10.8699,10.845,10.86,13522,2021-07-07 16:17:00,PAA
10.86,10.87,10.86,10.87,13741,2021-07-07 16:18:00,PAA
10.88,10.88,10.875,10.875,10300,2021-07-07 16:19:00,PAA
10.88,10.89,10.87,10.88,5089,2021-07-07 16:20:00,PAA
10.8801,10.8801,10.875,10.875,2200,2021-07-07 16:21:00,PAA
10.88,10.88,10.87,10.8708,5511,2021-07-07 16:22:00,PAA
10.87,10.87,10.86,10.86,5277,2021-07-07 16:23:00,PAA
10.8717,10.8717,10.8717,10.8717,2000,2021-07-07 16:24:00,PAA
10.88,10.8821,10.87,10.88,3232,2021-07-07 16:25:00,PAA
10.8801,10.885,10.88,10.885,3155,2021-07-07 16:26:00,PAA
10.88,10.8856,10.87,10.88,12998,2021-07-07 16:27:00,PAA
10.88,10.89,10.87,10.885,7133,2021-07-07 16:28:00,PAA
10.89,10.89,10.885,10.885,1000,2021-07-07 16:29:00,PAA
10.89,10.9,10.88,10.9,6504,2021-07-07 16:30:00,PAA
10.8988,10.9,10.89,10.9,2800,2021-07-07 16:31:00,PAA
10.89,10.9,10.89,10.89,6637,2021-07-07 16:32:00,PAA
10.89,10.89,10.87,10.875,7598,2021-07-07 16:33:00,PAA
10.87,10.89,10.87,10.8865,13720,2021-07-07 16:34:00,PAA
10.88,10.885,10.88,10.88,2400,2021-07-07 16:36:00,PAA
10.885,10.89,10.88,10.885,3800,2021-07-07 16:37:00,PAA
10.89,10.89,10.88,10.88,1900,2021-07-07 16:38:00,PAA
10.88,10.88,10.87,10.87,10516,2021-07-07 16:39:00,PAA
10.875,10.88,10.87,10.875,12509,2021-07-07 16:40:00,PAA
10.8799,10.8799,10.87,10.87,2100,2021-07-07 16:41:00,PAA
10.87,10.87,10.865,10.865,500,2021-07-07 16:42:00,PAA
10.86,10.86,10.85,10.85,3200,2021-07-07 16:43:00,PAA
10.85,10.85,10.85,10.85,2277,2021-07-07 16:44:00,PAA
10.85,10.85,10.85,10.85,3300,2021-07-07 16:45:00,PAA
10.85,10.865,10.845,10.865,11964,2021-07-07 16:46:00,PAA
10.86,10.8604,10.86,10.86,2260,2021-07-07 16:47:00,PAA
10.86,10.865,10.86,10.86,2014,2021-07-07 16:48:00,PAA
10.86,10.86,10.86,10.86,300,2021-07-07 16:49:00,PAA
10.86,10.86,10.835,10.835,7723,2021-07-07 16:50:00,PAA
10.8399,10.84,10.83,10.84,10660,2021-07-07 16:51:00,PAA
10.84,10.84,10.84,10.84,1600,2021-07-07 16:52:00,PAA
10.845,10.85,10.84,10.85,20638,2021-07-07 16:53:00,PAA
10.85,10.85,10.84,10.84,4485,2021-07-07 16:54:00,PAA
10.84,10.84,10.835,10.835,4104,2021-07-07 16:55:00,PAA
10.83,10.83,10.83,10.83,100,2021-07-07 16:56:00,PAA
10.83,10.83,10.81,10.815,9900,2021-07-07 16:57:00,PAA
10.815,10.815,10.81,10.81,2100,2021-07-07 16:58:00,PAA
10.81,10.81,10.805,10.805,6761,2021-07-07 16:59:00,PAA
10.81,10.83,10.8,10.83,13900,2021-07-07 17:00:00,PAA
10.83,10.84,10.82,10.84,2864,2021-07-07 17:01:00,PAA
10.84,10.84,10.83,10.84,750,2021-07-07 17:02:00,PAA
10.84,10.85,10.83,10.8458,4006,2021-07-07 17:03:00,PAA
10.85,10.85,10.85,10.85,100,2021-07-07 17:04:00,PAA
10.845,10.855,10.84,10.855,4659,2021-07-07 17:05:00,PAA
10.855,10.855,10.85,10.85,1200,2021-07-07 17:06:00,PAA
10.85,10.85,10.8401,10.8401,5700,2021-07-07 17:07:00,PAA
10.84,10.84,10.825,10.825,2200,2021-07-07 17:08:00,PAA
10.82,10.83,10.81,10.83,12211,2021-07-07 17:09:00,PAA
10.82,10.829,10.82,10.829,300,2021-07-07 17:10:00,PAA
10.83,10.83,10.83,10.83,400,2021-07-07 17:11:00,PAA
10.83,10.83,10.825,10.83,538,2021-07-07 17:12:00,PAA
10.83,10.83,10.82,10.82,827,2021-07-07 17:13:00,PAA
10.825,10.85,10.82,10.845,16014,2021-07-07 17:14:00,PAA
10.85,10.855,10.85,10.855,4311,2021-07-07 17:15:00,PAA
10.85,10.86,10.84,10.86,28263,2021-07-07 17:17:00,PAA
10.855,10.86,10.855,10.86,900,2021-07-07 17:18:00,PAA
10.86,10.86,10.86,10.86,300,2021-07-07 17:19:00,PAA
10.85,10.855,10.85,10.85,2800,2021-07-07 17:20:00,PAA
10.85,10.85,10.84,10.84,21271,2021-07-07 17:21:00,PAA
10.84,10.845,10.82,10.82,16485,2021-07-07 17:22:00,PAA
10.83,10.83,10.82,10.82,1000,2021-07-07 17:23:00,PAA
10.83,10.84,10.82,10.83,13079,2021-07-07 17:24:00,PAA
10.83,10.83,10.825,10.825,7600,2021-07-07 17:25:00,PAA
10.83,10.83,10.83,10.83,300,2021-07-07 17:26:00,PAA
10.83,10.83,10.82,10.8201,400,2021-07-07 17:27:00,PAA
10.82,10.83,10.81,10.825,21450,2021-07-07 17:28:00,PAA
10.83,10.83,10.83,10.83,2600,2021-07-07 17:29:00,PAA
10.83,10.84,10.82,10.84,5473,2021-07-07 17:30:00,PAA
10.84,10.84,10.84,10.84,200,2021-07-07 17:31:00,PAA
10.84,10.84,10.83,10.83,1100,2021-07-07 17:32:00,PAA
10.835,10.835,10.83,10.835,21393,2021-07-07 17:33:00,PAA
10.84,10.84,10.83,10.835,2833,2021-07-07 17:34:00,PAA
10.835,10.845,10.83,10.845,5490,2021-07-07 17:35:00,PAA
10.85,10.85,10.85,10.85,600,2021-07-07 17:36:00,PAA
10.85,10.85,10.845,10.85,3864,2021-07-07 17:37:00,PAA
10.85,10.85,10.84,10.8424,4675,2021-07-07 17:38:00,PAA
10.845,10.845,10.84,10.84,400,2021-07-07 17:39:00,PAA
10.85,10.85,10.84,10.84,7434,2021-07-07 17:40:00,PAA
10.85,10.85,10.85,10.85,700,2021-07-07 17:41:00,PAA
10.86,10.86,10.85,10.85,1500,2021-07-07 17:43:00,PAA
10.855,10.855,10.85,10.8521,1500,2021-07-07 17:44:00,PAA
10.85,10.855,10.84,10.84,12399,2021-07-07 17:45:00,PAA
10.84,10.84,10.84,10.84,100,2021-07-07 17:46:00,PAA
10.84,10.84,10.83,10.83,4559,2021-07-07 17:47:00,PAA
10.8328,10.84,10.83,10.835,5168,2021-07-07 17:48:00,PAA
10.84,10.85,10.83,10.85,13572,2021-07-07 17:49:00,PAA
10.85,10.86,10.85,10.86,7272,2021-07-07 17:50:00,PAA
10.86,10.86,10.8594,10.86,6258,2021-07-07 17:51:00,PAA
10.86,10.86,10.855,10.8552,1695,2021-07-07 17:52:00,PAA
10.86,10.86,10.84,10.84,13875,2021-07-07 17:53:00,PAA
10.86,10.86,10.8546,10.86,2400,2021-07-07 17:54:00,PAA
10.86,10.86,10.85,10.85,1000,2021-07-07 17:55:00,PAA
10.85,10.85,10.845,10.845,3700,2021-07-07 17:56:00,PAA
10.845,10.845,10.84,10.84,600,2021-07-07 17:57:00,PAA
10.8499,10.8499,10.84,10.84,2200,2021-07-07 17:58:00,PAA
10.84,10.85,10.835,10.84,23838,2021-07-07 17:59:00,PAA
10.835,10.84,10.83,10.84,1836,2021-07-07 18:00:00,PAA
10.84,10.87,10.84,10.87,13042,2021-07-07 18:01:00,PAA
10.87,10.875,10.86,10.86,3485,2021-07-07 18:02:00,PAA
10.87,10.88,10.86,10.88,4089,2021-07-07 18:03:00,PAA
10.875,10.877,10.875,10.875,3500,2021-07-07 18:04:00,PAA
10.875,10.875,10.86,10.86,1400,2021-07-07 18:05:00,PAA
10.87,10.87,10.86,10.87,2314,2021-07-07 18:06:00,PAA
10.86,10.86,10.86,10.86,100,2021-07-07 18:07:00,PAA
10.86,10.86,10.85,10.8599,6277,2021-07-07 18:08:00,PAA
10.86,10.86,10.85,10.855,7673,2021-07-07 18:09:00,PAA
10.85,10.855,10.84,10.84,4894,2021-07-07 18:10:00,PAA
10.84,10.84,10.84,10.84,2786,2021-07-07 18:11:00,PAA
10.84,10.84,10.835,10.835,22072,2021-07-07 18:12:00,PAA
10.835,10.84,10.8228,10.8228,9529,2021-07-07 18:13:00,PAA
10.825,10.825,10.81,10.81,8877,2021-07-07 18:14:00,PAA
10.82,10.82,10.81,10.82,8817,2021-07-07 18:15:00,PAA
10.815,10.815,10.8,10.8,9361,2021-07-07 18:16:00,PAA
10.8,10.82,10.8,10.815,18819,2021-07-07 18:17:00,PAA
10.815,10.83,10.815,10.825,8490,2021-07-07 18:18:00,PAA
10.83,10.83,10.82,10.825,3484,2021-07-07 18:19:00,PAA
10.825,10.8272,10.815,10.815,4700,2021-07-07 18:20:00,PAA
10.81,10.81,10.81,10.81,800,2021-07-07 18:21:00,PAA
10.82,10.82,10.81,10.81,1300,2021-07-07 18:22:00,PAA
10.81,10.81,10.8,10.805,3300,2021-07-07 18:23:00,PAA
10.805,10.8139,10.8,10.81,8905,2021-07-07 18:24:00,PAA
10.815,10.815,10.815,10.815,100,2021-07-07 18:25:00,PAA
10.815,10.82,10.815,10.815,1550,2021-07-07 18:26:00,PAA
10.82,10.82,10.81,10.815,1600,2021-07-07 18:27:00,PAA
10.81,10.81,10.81,10.81,1200,2021-07-07 18:28:00,PAA
10.81,10.81,10.8,10.8,3200,2021-07-07 18:29:00,PAA
10.8,10.8,10.79,10.79,6020,2021-07-07 18:30:00,PAA
10.78,10.785,10.78,10.785,200,2021-07-07 18:31:00,PAA
10.78,10.785,10.78,10.785,2199,2021-07-07 18:32:00,PAA
10.79,10.79,10.78,10.79,3736,2021-07-07 18:33:00,PAA
10.785,10.785,10.78,10.78,1500,2021-07-07 18:34:00,PAA
10.78,10.785,10.78,10.78,950,2021-07-07 18:35:00,PAA
10.78,10.785,10.77,10.775,12571,2021-07-07 18:36:00,PAA
10.775,10.79,10.77,10.78,10376,2021-07-07 18:37:00,PAA
10.785,10.789,10.785,10.789,200,2021-07-07 18:38:00,PAA
10.78,10.8,10.78,10.795,10087,2021-07-07 18:39:00,PAA
10.8,10.8,10.79,10.795,300,2021-07-07 18:40:00,PAA
10.8,10.815,10.79,10.81,19967,2021-07-07 18:41:00,PAA
10.8,10.805,10.79,10.8,5600,2021-07-07 18:42:00,PAA
10.7901,10.8,10.7901,10.795,1100,2021-07-07 18:43:00,PAA
10.7975,10.8,10.79,10.79,1000,2021-07-07 18:44:00,PAA
10.795,10.795,10.79,10.79,300,2021-07-07 18:45:00,PAA
10.795,10.8,10.79,10.797,1181,2021-07-07 18:46:00,PAA
10.8,10.8,10.79,10.8,1484,2021-07-07 18:47:00,PAA
10.795,10.8,10.79,10.79,700,2021-07-07 18:48:00,PAA
10.795,10.8,10.79,10.79,4100,2021-07-07 18:49:00,PAA
10.79,10.79,10.79,10.79,1300,2021-07-07 18:50:00,PAA
10.79,10.81,10.79,10.803,14246,2021-07-07 18:51:00,PAA
10.8084,10.81,10.8084,10.81,2200,2021-07-07 18:52:00,PAA
10.8,10.809,10.8,10.805,910,2021-07-07 18:53:00,PAA
10.8,10.805,10.8,10.8,1000,2021-07-07 18:54:00,PAA
10.8,10.805,10.8,10.805,200,2021-07-07 18:55:00,PAA
10.805,10.805,10.8,10.8,3320,2021-07-07 18:56:00,PAA
10.805,10.825,10.8,10.825,23521,2021-07-07 18:57:00,PAA
10.825,10.83,10.82,10.825,2282,2021-07-07 18:58:00,PAA
10.83,10.83,10.82,10.82,1966,2021-07-07 18:59:00,PAA
10.825,10.825,10.82,10.82,900,2021-07-07 19:01:00,PAA
10.82,10.83,10.82,10.825,3799,2021-07-07 19:02:00,PAA
10.825,10.83,10.82,10.82,1600,2021-07-07 19:03:00,PAA
10.825,10.825,10.82,10.82,783,2021-07-07 19:04:00,PAA
10.825,10.83,10.82,10.82,1299,2021-07-07 19:05:00,PAA
10.83,10.83,10.82,10.82,300,2021-07-07 19:06:00,PAA
10.825,10.825,10.82,10.82,1342,2021-07-07 19:07:00,PAA
10.825,10.825,10.82,10.82,800,2021-07-07 19:08:00,PAA
10.825,10.825,10.82,10.82,1834,2021-07-07 19:09:00,PAA
10.82,10.84,10.82,10.83,17804,2021-07-07 19:10:00,PAA
10.835,10.835,10.83,10.835,1200,2021-07-07 19:11:00,PAA
10.835,10.835,10.83,10.835,700,2021-07-07 19:12:00,PAA
10.835,10.84,10.83,10.83,5211,2021-07-07 19:13:00,PAA
10.835,10.845,10.83,10.83,25387,2021-07-07 19:14:00,PAA
10.83,10.85,10.83,10.845,13273,2021-07-07 19:16:00,PAA
10.85,10.85,10.845,10.85,2200,2021-07-07 19:17:00,PAA
10.845,10.85,10.84,10.84,9100,2021-07-07 19:18:00,PAA
10.84,10.84,10.84,10.84,2197,2021-07-07 19:19:00,PAA
10.84,10.85,10.84,10.845,7626,2021-07-07 19:20:00,PAA
10.85,10.855,10.84,10.85,36485,2021-07-07 19:21:00,PAA
10.85,10.855,10.85,10.855,1400,2021-07-07 19:22:00,PAA
10.855,10.855,10.855,10.855,1300,2021-07-07 19:23:00,PAA
10.85,10.86,10.85,10.855,2048,2021-07-07 19:24:00,PAA
10.855,10.8581,10.85,10.855,7600,2021-07-07 19:25:00,PAA
10.855,10.855,10.85,10.855,1800,2021-07-07 19:26:00,PAA
10.8501,10.855,10.85,10.85,1124,2021-07-07 19:27:00,PAA
10.855,10.86,10.85,10.855,5846,2021-07-07 19:28:00,PAA
10.8531,10.855,10.85,10.85,5101,2021-07-07 19:29:00,PAA
10.85,10.85,10.84,10.84,29588,2021-07-07 19:30:00,PAA
10.84,10.845,10.84,10.84,13358,2021-07-07 19:31:00,PAA
10.84,10.845,10.83,10.83,18215,2021-07-07 19:32:00,PAA
10.835,10.84,10.83,10.83,30639,2021-07-07 19:33:00,PAA
10.83,10.84,10.83,10.835,4200,2021-07-07 19:34:00,PAA
10.835,10.85,10.83,10.845,41994,2021-07-07 19:35:00,PAA
10.85,10.85,10.83,10.835,35230,2021-07-07 19:36:00,PAA
10.83,10.835,10.82,10.82,19165,2021-07-07 19:37:00,PAA
10.82,10.825,10.82,10.82,5198,2021-07-07 19:38:00,PAA
10.82,10.825,10.82,10.82,3600,2021-07-07 19:39:00,PAA
10.825,10.825,10.81,10.81,9261,2021-07-07 19:40:00,PAA
10.81,10.815,10.8,10.8,10382,2021-07-07 19:41:00,PAA
10.8,10.805,10.79,10.795,28617,2021-07-07 19:42:00,PAA
10.79,10.8,10.79,10.79,9975,2021-07-07 19:43:00,PAA
10.79,10.795,10.79,10.79,6037,2021-07-07 19:44:00,PAA
10.79,10.795,10.78,10.785,15951,2021-07-07 19:45:00,PAA
10.785,10.785,10.78,10.78,8053,2021-07-07 19:46:00,PAA
10.78,10.787,10.78,10.78,10111,2021-07-07 19:47:00,PAA
10.78,10.7899,10.78,10.78,11833,2021-07-07 19:48:00,PAA
10.78,10.79,10.78,10.7866,78790,2021-07-07 19:49:00,PAA
10.79,10.81,10.79,10.81,44664,2021-07-07 19:50:00,PAA
10.805,10.81,10.8,10.81,8793,2021-07-07 19:51:00,PAA
10.805,10.81,10.8,10.805,7034,2021-07-07 19:52:00,PAA
10.8099,10.81,10.8,10.8,12742,2021-07-07 19:53:00,PAA
10.81,10.81,10.8,10.805,35211,2021-07-07 19:54:00,PAA
10.81,10.81,10.8,10.805,18700,2021-07-07 19:55:00,PAA
10.8,10.8056,10.79,10.79,46977,2021-07-07 19:56:00,PAA
10.795,10.8,10.79,10.79,21919,2021-07-07 19:57:00,PAA
10.79,10.8,10.79,10.795,27576,2021-07-07 19:58:00,PAA
10.795,10.82,10.79,10.82,52917,2021-07-07 19:59:00,PAA
10.82,10.82,10.82,10.82,171666,2021-07-07 20:00:00,PAA
10.84,10.84,10.84,10.84,100,2021-07-07 20:07:00,PAA
10.84,10.84,10.84,10.84,200,2021-07-07 20:36:00,PAA
10.82,10.82,10.82,10.82,175000,2021-07-07 20:43:00,PAA
10.82,10.82,10.82,10.82,12987,2021-07-07 21:13:00,PAA
10.82,10.82,10.82,10.82,565,2021-07-07 22:19:00,PAA
10.8001,10.8001,10.8001,10.8001,715,2021-07-07 22:43:00,PAA
10.8,10.8,10.8,10.8,10000,2021-07-07 22:48:00,PAA
10.8,10.8,10.8,10.8,1600,2021-07-08 11:00:00,PAA
10.65,10.65,10.65,10.65,955,2021-07-08 11:52:00,PAA
10.65,10.65,10.65,10.65,1000,2021-07-08 12:12:00,PAA
10.65,10.65,10.65,10.65,10000,2021-07-08 12:32:00,PAA
10.6501,10.6501,10.6501,10.6501,993,2021-07-08 12:45:00,PAA
10.6502,10.6502,10.65,10.65,200,2021-07-08 12:49:00,PAA
10.68,10.68,10.68,10.68,240,2021-07-08 13:08:00,PAA
10.68,10.68,10.68,10.68,1000,2021-07-08 13:16:00,PAA
10.68,10.68,10.68,10.68,2000,2021-07-08 13:17:00,PAA
10.68,10.68,10.68,10.68,370,2021-07-08 13:18:00,PAA
10.68,10.68,10.68,10.68,980,2021-07-08 13:20:00,PAA
10.65,10.67,10.53,10.58,51846,2021-07-08 13:30:00,PAA
10.59,10.71,10.59,10.68,39135,2021-07-08 13:31:00,PAA
10.68,10.73,10.66,10.675,9875,2021-07-08 13:32:00,PAA
10.6601,10.67,10.6,10.6,8786,2021-07-08 13:33:00,PAA
10.61,10.625,10.57,10.59,69664,2021-07-08 13:34:00,PAA
10.5901,10.6,10.56,10.56,1592,2021-07-08 13:35:00,PAA
10.56,10.57,10.53,10.5401,32026,2021-07-08 13:36:00,PAA
10.53,10.53,10.45,10.46,65112,2021-07-08 13:37:00,PAA
10.46,10.465,10.445,10.45,5806,2021-07-08 13:38:00,PAA
10.45,10.47,10.44,10.445,11770,2021-07-08 13:39:00,PAA
10.45,10.47,10.425,10.425,5257,2021-07-08 13:40:00,PAA
10.425,10.425,10.38,10.38,9209,2021-07-08 13:41:00,PAA
10.39,10.4,10.39,10.4,2636,2021-07-08 13:42:00,PAA
10.4,10.4002,10.3899,10.39,17109,2021-07-08 13:43:00,PAA
10.39,10.45,10.385,10.4111,80558,2021-07-08 13:44:00,PAA
10.41,10.41,10.38,10.41,19808,2021-07-08 13:45:00,PAA
10.415,10.415,10.39,10.4,13643,2021-07-08 13:46:00,PAA
10.405,10.46,10.405,10.44,23493,2021-07-08 13:47:00,PAA
10.44,10.46,10.435,10.44,2570,2021-07-08 13:48:00,PAA
10.44,10.4742,10.43,10.4742,25877,2021-07-08 13:49:00,PAA
10.48,10.48,10.46,10.46,9829,2021-07-08 13:50:00,PAA
10.48,10.4972,10.48,10.49,9216,2021-07-08 13:51:00,PAA
10.49,10.49,10.465,10.49,7390,2021-07-08 13:52:00,PAA
10.51,10.51,10.49,10.4956,15314,2021-07-08 13:53:00,PAA
10.5,10.54,10.5,10.54,4841,2021-07-08 13:54:00,PAA
10.55,10.55,10.52,10.52,4100,2021-07-08 13:55:00,PAA
10.51,10.54,10.5,10.54,10428,2021-07-08 13:56:00,PAA
10.531,10.5366,10.53,10.53,1125,2021-07-08 13:57:00,PAA
10.53,10.56,10.53,10.56,1400,2021-07-08 13:58:00,PAA
10.555,10.585,10.555,10.58,12887,2021-07-08 13:59:00,PAA
10.59,10.59,10.56,10.58,50323,2021-07-08 14:00:00,PAA
10.58,10.58,10.565,10.58,52091,2021-07-08 14:01:00,PAA
10.58,10.585,10.57,10.58,3469,2021-07-08 14:02:00,PAA
10.59,10.61,10.59,10.61,1880,2021-07-08 14:03:00,PAA
10.61,10.62,10.61,10.62,1616,2021-07-08 14:04:00,PAA
10.62,10.625,10.605,10.62,5506,2021-07-08 14:05:00,PAA
10.615,10.63,10.61,10.63,1322,2021-07-08 14:06:00,PAA
10.64,10.67,10.64,10.67,4472,2021-07-08 14:07:00,PAA
10.66,10.72,10.66,10.72,7434,2021-07-08 14:08:00,PAA
10.711,10.73,10.71,10.73,41270,2021-07-08 14:09:00,PAA
10.73,10.76,10.72,10.76,14350,2021-07-08 14:10:00,PAA
10.76,10.76,10.73,10.74,11927,2021-07-08 14:11:00,PAA
10.74,10.7502,10.73,10.74,10021,2021-07-08 14:12:00,PAA
10.74,10.76,10.74,10.76,21237,2021-07-08 14:13:00,PAA
10.755,10.76,10.74,10.7531,20158,2021-07-08 14:14:00,PAA
10.75,10.77,10.75,10.76,25940,2021-07-08 14:15:00,PAA
10.76,10.77,10.75,10.75,18122,2021-07-08 14:16:00,PAA
10.75,10.7502,10.733,10.733,12046,2021-07-08 14:17:00,PAA
10.73,10.73,10.72,10.73,6986,2021-07-08 14:18:00,PAA
10.7313,10.735,10.73,10.73,13528,2021-07-08 14:19:00,PAA
10.72,10.74,10.71,10.735,9819,2021-07-08 14:20:00,PAA
10.74,10.74,10.72,10.72,18105,2021-07-08 14:21:00,PAA
10.72,10.73,10.72,10.72,11845,2021-07-08 14:22:00,PAA
10.72,10.74,10.71,10.7301,49763,2021-07-08 14:23:00,PAA
10.74,10.74,10.73,10.7304,6620,2021-07-08 14:24:00,PAA
10.74,10.7628,10.74,10.7628,8177,2021-07-08 14:25:00,PAA
10.77,10.78,10.76,10.76,5519,2021-07-08 14:26:00,PAA
10.75,10.76,10.74,10.76,5081,2021-07-08 14:27:00,PAA
10.7601,10.8202,10.7601,10.82,10485,2021-07-08 14:28:00,PAA
10.83,10.84,10.83,10.84,7282,2021-07-08 14:29:00,PAA
10.8401,10.8401,10.81,10.82,5572,2021-07-08 14:30:00,PAA
10.82,10.84,10.82,10.84,10100,2021-07-08 14:31:00,PAA
10.83,10.83,10.79,10.795,6064,2021-07-08 14:32:00,PAA
10.79,10.8,10.78,10.78,4900,2021-07-08 14:33:00,PAA
10.78,10.79,10.78,10.79,1300,2021-07-08 14:34:00,PAA
10.79,10.79,10.77,10.79,3300,2021-07-08 14:35:00,PAA
10.79,10.79,10.76,10.775,3473,2021-07-08 14:36:00,PAA
10.77,10.79,10.77,10.77,24286,2021-07-08 14:37:00,PAA
10.77,10.78,10.76,10.78,5365,2021-07-08 14:38:00,PAA
10.77,10.77,10.76,10.77,1304,2021-07-08 14:39:00,PAA
10.77,10.78,10.765,10.78,30100,2021-07-08 14:40:00,PAA
10.78,10.8,10.78,10.8,22161,2021-07-08 14:41:00,PAA
10.79,10.795,10.78,10.79,27794,2021-07-08 14:42:00,PAA
10.8,10.8,10.765,10.765,6515,2021-07-08 14:43:00,PAA
10.77,10.7741,10.77,10.77,2000,2021-07-08 14:44:00,PAA
10.77,10.77,10.76,10.76,30728,2021-07-08 14:45:00,PAA
10.76,10.76,10.75,10.76,4600,2021-07-08 14:46:00,PAA
10.76,10.765,10.755,10.76,14114,2021-07-08 14:47:00,PAA
10.75,10.76,10.74,10.75,4100,2021-07-08 14:48:00,PAA
10.75,10.75,10.74,10.745,2688,2021-07-08 14:49:00,PAA
10.75,10.77,10.75,10.76,2932,2021-07-08 14:50:00,PAA
10.77,10.78,10.765,10.78,1916,2021-07-08 14:51:00,PAA
10.79,10.8,10.79,10.8,7906,2021-07-08 14:52:00,PAA
10.8,10.8,10.79,10.79,10757,2021-07-08 14:54:00,PAA
10.79,10.79,10.78,10.78,1100,2021-07-08 14:55:00,PAA
10.78,10.78,10.78,10.78,300,2021-07-08 14:56:00,PAA
10.78,10.8,10.78,10.795,2394,2021-07-08 14:57:00,PAA
10.79,10.79,10.78,10.785,11600,2021-07-08 14:58:00,PAA
10.78,10.78,10.76,10.76,1065,2021-07-08 14:59:00,PAA
10.77,10.8,10.77,10.8,3632,2021-07-08 15:00:00,PAA
10.79,10.82,10.79,10.815,13963,2021-07-08 15:01:00,PAA
10.82,10.83,10.82,10.83,2600,2021-07-08 15:02:00,PAA
10.83,10.8664,10.83,10.86,22049,2021-07-08 15:03:00,PAA
10.85,10.86,10.85,10.8528,2000,2021-07-08 15:04:00,PAA
10.865,10.88,10.865,10.8799,27911,2021-07-08 15:05:00,PAA
10.87,10.8701,10.86,10.86,14008,2021-07-08 15:06:00,PAA
10.86,10.865,10.86,10.865,1191,2021-07-08 15:07:00,PAA
10.86,10.86,10.83,10.83,15072,2021-07-08 15:08:00,PAA
10.84,10.84,10.82,10.83,10980,2021-07-08 15:09:00,PAA
10.83,10.83,10.81,10.82,4907,2021-07-08 15:10:00,PAA
10.82,10.825,10.82,10.825,900,2021-07-08 15:11:00,PAA
10.83,10.83,10.83,10.83,462,2021-07-08 15:12:00,PAA
10.82,10.84,10.82,10.835,3700,2021-07-08 15:13:00,PAA
10.833,10.835,10.82,10.82,4954,2021-07-08 15:14:00,PAA
10.82,10.82,10.78,10.8,104306,2021-07-08 15:15:00,PAA
10.81,10.815,10.81,10.815,3100,2021-07-08 15:16:00,PAA
10.815,10.815,10.8,10.8,5900,2021-07-08 15:17:00,PAA
10.795,10.81,10.795,10.8,3253,2021-07-08 15:18:00,PAA
10.8001,10.805,10.75,10.75,38906,2021-07-08 15:19:00,PAA
10.755,10.77,10.745,10.765,11671,2021-07-08 15:20:00,PAA
10.77,10.78,10.77,10.77,4300,2021-07-08 15:21:00,PAA
10.775,10.775,10.765,10.77,2995,2021-07-08 15:22:00,PAA
10.78,10.789,10.78,10.789,3847,2021-07-08 15:23:00,PAA
10.78,10.78,10.78,10.78,1289,2021-07-08 15:24:00,PAA
10.77,10.77,10.76,10.7662,2005,2021-07-08 15:25:00,PAA
10.76,10.76,10.76,10.76,100,2021-07-08 15:26:00,PAA
10.77,10.78,10.77,10.775,500,2021-07-08 15:27:00,PAA
10.78,10.78,10.78,10.78,700,2021-07-08 15:28:00,PAA
10.79,10.795,10.785,10.795,5484,2021-07-08 15:29:00,PAA
10.795,10.81,10.79,10.81,3616,2021-07-08 15:30:00,PAA
10.8,10.8099,10.8,10.805,3447,2021-07-08 15:31:00,PAA
10.8,10.81,10.8,10.8,700,2021-07-08 15:32:00,PAA
10.8,10.815,10.795,10.815,19787,2021-07-08 15:33:00,PAA
10.82,10.82,10.815,10.82,900,2021-07-08 15:34:00,PAA
10.81,10.82,10.81,10.82,9449,2021-07-08 15:35:00,PAA
10.82,10.83,10.82,10.82,19763,2021-07-08 15:36:00,PAA
10.825,10.83,10.82,10.825,7544,2021-07-08 15:37:00,PAA
10.83,10.83,10.82,10.82,2912,2021-07-08 15:38:00,PAA
10.825,10.83,10.815,10.825,24762,2021-07-08 15:39:00,PAA
10.825,10.83,10.82,10.825,2017,2021-07-08 15:40:00,PAA
10.825,10.84,10.825,10.83,7229,2021-07-08 15:41:00,PAA
10.84,10.84,10.835,10.835,2000,2021-07-08 15:42:00,PAA
10.83,10.835,10.82,10.82,13316,2021-07-08 15:43:00,PAA
10.825,10.83,10.825,10.825,3401,2021-07-08 15:44:00,PAA
10.825,10.835,10.825,10.835,11260,2021-07-08 15:45:00,PAA
10.83,10.83,10.82,10.825,9080,2021-07-08 15:46:00,PAA
10.827,10.87,10.825,10.865,36420,2021-07-08 15:47:00,PAA
10.865,10.88,10.855,10.88,19537,2021-07-08 15:48:00,PAA
10.885,10.89,10.87,10.875,17846,2021-07-08 15:49:00,PAA
10.87,10.87,10.86,10.86,6008,2021-07-08 15:50:00,PAA
10.86,10.86,10.855,10.855,11221,2021-07-08 15:51:00,PAA
10.86,10.87,10.8585,10.865,5153,2021-07-08 15:52:00,PAA
10.87,10.87,10.8697,10.87,2400,2021-07-08 15:53:00,PAA
10.86,10.875,10.85,10.875,14326,2021-07-08 15:54:00,PAA
10.87,10.87,10.86,10.86,5214,2021-07-08 15:55:00,PAA
10.86,10.8699,10.86,10.8699,400,2021-07-08 15:56:00,PAA
10.87,10.87,10.86,10.865,5994,2021-07-08 15:57:00,PAA
10.86,10.86,10.83,10.83,7997,2021-07-08 15:58:00,PAA
10.83,10.835,10.825,10.835,3000,2021-07-08 15:59:00,PAA
10.835,10.84,10.83,10.84,6432,2021-07-08 16:00:00,PAA
10.83,10.83,10.815,10.82,20970,2021-07-08 16:01:00,PAA
10.815,10.825,10.81,10.825,11906,2021-07-08 16:02:00,PAA
10.82,10.825,10.82,10.825,1900,2021-07-08 16:03:00,PAA
10.825,10.825,10.81,10.82,5220,2021-07-08 16:04:00,PAA
10.82,10.83,10.82,10.82,2293,2021-07-08 16:05:00,PAA
10.82,10.82,10.82,10.82,299,2021-07-08 16:06:00,PAA
10.83,10.835,10.83,10.83,13200,2021-07-08 16:07:00,PAA
10.8363,10.84,10.835,10.835,3200,2021-07-08 16:08:00,PAA
10.83,10.83,10.82,10.82,7374,2021-07-08 16:09:00,PAA
10.82,10.82,10.81,10.82,6301,2021-07-08 16:10:00,PAA
10.82,10.82,10.81,10.815,2303,2021-07-08 16:11:00,PAA
10.82,10.825,10.82,10.82,4805,2021-07-08 16:12:00,PAA
10.8299,10.8299,10.82,10.825,1602,2021-07-08 16:14:00,PAA
10.825,10.83,10.82,10.8276,6539,2021-07-08 16:15:00,PAA
10.82,10.82,10.82,10.82,1200,2021-07-08 16:16:00,PAA
10.825,10.825,10.8,10.8,6875,2021-07-08 16:17:00,PAA
10.8,10.8066,10.79,10.8,5229,2021-07-08 16:18:00,PAA
10.8,10.82,10.8,10.82,4612,2021-07-08 16:19:00,PAA
10.82,10.82,10.82,10.82,3100,2021-07-08 16:20:00,PAA
10.825,10.825,10.815,10.82,3962,2021-07-08 16:21:00,PAA
10.8132,10.82,10.8132,10.82,1500,2021-07-08 16:22:00,PAA
10.815,10.815,10.8,10.8,3815,2021-07-08 16:24:00,PAA
10.81,10.82,10.81,10.82,2300,2021-07-08 16:25:00,PAA
10.8191,10.83,10.8189,10.83,2400,2021-07-08 16:26:00,PAA
10.825,10.83,10.82,10.825,1600,2021-07-08 16:27:00,PAA
10.825,10.825,10.82,10.82,700,2021-07-08 16:28:00,PAA
10.82,10.8228,10.82,10.8228,900,2021-07-08 16:29:00,PAA
10.82,10.82,10.81,10.81,6303,2021-07-08 16:30:00,PAA
10.805,10.81,10.805,10.81,20216,2021-07-08 16:31:00,PAA
10.81,10.82,10.81,10.81,13299,2021-07-08 16:32:00,PAA
10.8,10.8,10.79,10.795,2400,2021-07-08 16:33:00,PAA
10.79,10.79,10.775,10.78,5183,2021-07-08 16:34:00,PAA
10.78,10.785,10.78,10.78,5500,2021-07-08 16:35:00,PAA
10.79,10.79,10.79,10.79,100,2021-07-08 16:36:00,PAA
10.79,10.79,10.79,10.79,200,2021-07-08 16:37:00,PAA
10.79,10.79,10.7897,10.79,5866,2021-07-08 16:38:00,PAA
10.794,10.8,10.794,10.8,1700,2021-07-08 16:39:00,PAA
10.795,10.795,10.79,10.79,500,2021-07-08 16:40:00,PAA
10.79,10.795,10.79,10.795,2516,2021-07-08 16:41:00,PAA
10.8,10.8,10.7976,10.7976,215,2021-07-08 16:42:00,PAA
10.8,10.815,10.8,10.805,12719,2021-07-08 16:43:00,PAA
10.805,10.81,10.805,10.81,1800,2021-07-08 16:44:00,PAA
10.81,10.81,10.8,10.8,400,2021-07-08 16:45:00,PAA
10.8,10.805,10.8,10.805,467,2021-07-08 16:47:00,PAA
10.81,10.81,10.805,10.805,1500,2021-07-08 16:48:00,PAA
10.81,10.81,10.81,10.81,1256,2021-07-08 16:49:00,PAA
10.81,10.81,10.81,10.81,100,2021-07-08 16:50:00,PAA
10.805,10.805,10.78,10.78,9145,2021-07-08 16:51:00,PAA
10.781,10.79,10.781,10.79,1100,2021-07-08 16:52:00,PAA
10.79,10.79,10.785,10.785,1248,2021-07-08 16:53:00,PAA
10.79,10.79,10.79,10.79,200,2021-07-08 16:54:00,PAA
10.78,10.785,10.78,10.785,500,2021-07-08 16:55:00,PAA
10.785,10.785,10.785,10.785,1100,2021-07-08 16:56:00,PAA
10.79,10.795,10.785,10.795,5636,2021-07-08 16:57:00,PAA
10.79,10.795,10.785,10.785,9199,2021-07-08 16:58:00,PAA
10.78,10.78,10.78,10.78,690,2021-07-08 16:59:00,PAA
10.78,10.79,10.78,10.79,2100,2021-07-08 17:00:00,PAA
10.78,10.78,10.77,10.78,3700,2021-07-08 17:01:00,PAA
10.77,10.77,10.77,10.77,500,2021-07-08 17:02:00,PAA
10.77,10.77,10.76,10.76,12071,2021-07-08 17:03:00,PAA
10.7699,10.7699,10.75,10.75,17266,2021-07-08 17:04:00,PAA
10.75,10.755,10.74,10.745,21669,2021-07-08 17:05:00,PAA
10.74,10.74,10.74,10.74,800,2021-07-08 17:06:00,PAA
10.745,10.745,10.74,10.74,18001,2021-07-08 17:07:00,PAA
10.74,10.7499,10.74,10.745,5088,2021-07-08 17:08:00,PAA
10.74,10.74,10.74,10.74,1200,2021-07-08 17:09:00,PAA
10.74,10.74,10.73,10.73,5194,2021-07-08 17:10:00,PAA
10.73,10.73,10.715,10.715,5418,2021-07-08 17:11:00,PAA
10.71,10.725,10.71,10.715,59323,2021-07-08 17:12:00,PAA
10.7156,10.7156,10.7156,10.7156,100,2021-07-08 17:13:00,PAA
10.71,10.715,10.71,10.71,890,2021-07-08 17:15:00,PAA
10.71,10.715,10.7,10.7,15291,2021-07-08 17:16:00,PAA
10.7,10.705,10.69,10.705,28338,2021-07-08 17:17:00,PAA
10.7,10.7,10.69,10.695,16905,2021-07-08 17:18:00,PAA
10.69,10.69,10.69,10.69,400,2021-07-08 17:19:00,PAA
10.69,10.695,10.68,10.68,19083,2021-07-08 17:20:00,PAA
10.67,10.677,10.67,10.675,11695,2021-07-08 17:21:00,PAA
10.67,10.675,10.67,10.67,1600,2021-07-08 17:22:00,PAA
10.67,10.67,10.655,10.665,37397,2021-07-08 17:23:00,PAA
10.665,10.67,10.63,10.63,41845,2021-07-08 17:24:00,PAA
10.63,10.63,10.63,10.63,1000,2021-07-08 17:25:00,PAA
10.6329,10.635,10.63,10.63,4723,2021-07-08 17:26:00,PAA
10.63,10.66,10.63,10.66,62469,2021-07-08 17:27:00,PAA
10.67,10.69,10.67,10.69,15407,2021-07-08 17:28:00,PAA
10.685,10.71,10.685,10.71,11500,2021-07-08 17:29:00,PAA
10.7,10.71,10.695,10.71,19566,2021-07-08 17:30:00,PAA
10.705,10.71,10.69,10.695,7112,2021-07-08 17:31:00,PAA
10.7,10.7,10.7,10.7,400,2021-07-08 17:32:00,PAA
10.695,10.695,10.66,10.665,10186,2021-07-08 17:33:00,PAA
10.67,10.67,10.665,10.67,13939,2021-07-08 17:34:00,PAA
10.67,10.675,10.67,10.67,5800,2021-07-08 17:35:00,PAA
10.67,10.69,10.67,10.69,3540,2021-07-08 17:36:00,PAA
10.69,10.7,10.69,10.69,4859,2021-07-08 17:37:00,PAA
10.69,10.7,10.69,10.69,8021,2021-07-08 17:38:00,PAA
10.69,10.69,10.68,10.685,9200,2021-07-08 17:39:00,PAA
10.685,10.69,10.685,10.69,4985,2021-07-08 17:40:00,PAA
10.695,10.695,10.685,10.685,3887,2021-07-08 17:41:00,PAA
10.69,10.69,10.685,10.69,400,2021-07-08 17:42:00,PAA
10.685,10.69,10.685,10.685,3830,2021-07-08 17:43:00,PAA
10.68,10.69,10.68,10.69,2400,2021-07-08 17:44:00,PAA
10.685,10.69,10.68,10.68,2303,2021-07-08 17:45:00,PAA
10.68,10.69,10.675,10.68,11700,2021-07-08 17:46:00,PAA
10.68,10.69,10.675,10.675,7293,2021-07-08 17:47:00,PAA
10.675,10.675,10.665,10.665,4385,2021-07-08 17:48:00,PAA
10.665,10.665,10.66,10.66,5400,2021-07-08 17:49:00,PAA
10.66,10.66,10.655,10.655,809,2021-07-08 17:50:00,PAA
10.65,10.65,10.645,10.645,7336,2021-07-08 17:51:00,PAA
10.65,10.655,10.645,10.65,9431,2021-07-08 17:52:00,PAA
10.66,10.675,10.655,10.675,6898,2021-07-08 17:53:00,PAA
10.675,10.69,10.675,10.675,15127,2021-07-08 17:54:00,PAA
10.671,10.675,10.671,10.675,1129,2021-07-08 17:55:00,PAA
10.67,10.675,10.67,10.67,2877,2021-07-08 17:56:00,PAA
10.6701,10.6701,10.67,10.67,3067,2021-07-08 17:57:00,PAA
10.665,10.67,10.665,10.67,1275,2021-07-08 17:58:00,PAA
10.67,10.69,10.67,10.685,19826,2021-07-08 17:59:00,PAA
10.685,10.685,10.675,10.675,11596,2021-07-08 18:00:00,PAA
10.675,10.685,10.67,10.67,5771,2021-07-08 18:01:00,PAA
10.675,10.675,10.67,10.67,714,2021-07-08 18:02:00,PAA
10.675,10.675,10.67,10.675,1600,2021-07-08 18:03:00,PAA
10.675,10.68,10.675,10.68,18010,2021-07-08 18:04:00,PAA
10.6832,10.69,10.6832,10.69,8248,2021-07-08 18:05:00,PAA
10.69,10.695,10.675,10.675,21479,2021-07-08 18:06:00,PAA
10.675,10.675,10.675,10.675,365,2021-07-08 18:07:00,PAA
10.67,10.67,10.67,10.67,1600,2021-07-08 18:08:00,PAA
10.675,10.675,10.665,10.665,11412,2021-07-08 18:09:00,PAA
10.665,10.675,10.665,10.675,4796,2021-07-08 18:10:00,PAA
10.675,10.675,10.67,10.67,7456,2021-07-08 18:11:00,PAA
10.67,10.68,10.67,10.68,5821,2021-07-08 18:12:00,PAA
10.68,10.69,10.675,10.69,11833,2021-07-08 18:13:00,PAA
10.69,10.69,10.685,10.685,1200,2021-07-08 18:14:00,PAA
10.6881,10.705,10.6881,10.705,19946,2021-07-08 18:15:00,PAA
10.7,10.705,10.685,10.685,11394,2021-07-08 18:16:00,PAA
10.6818,10.6818,10.675,10.675,6900,2021-07-08 18:17:00,PAA
10.67,10.6701,10.665,10.67,5200,2021-07-08 18:18:00,PAA
10.67,10.67,10.665,10.67,1529,2021-07-08 18:19:00,PAA
10.67,10.67,10.665,10.67,4400,2021-07-08 18:20:00,PAA
10.665,10.67,10.66,10.66,2500,2021-07-08 18:21:00,PAA
10.665,10.67,10.66,10.665,15765,2021-07-08 18:22:00,PAA
10.663,10.665,10.663,10.665,704,2021-07-08 18:23:00,PAA
10.66,10.67,10.66,10.665,4945,2021-07-08 18:24:00,PAA
10.67,10.67,10.655,10.665,11961,2021-07-08 18:25:00,PAA
10.67,10.67,10.665,10.665,300,2021-07-08 18:26:00,PAA
10.665,10.665,10.6601,10.6601,1463,2021-07-08 18:27:00,PAA
10.66,10.665,10.65,10.655,4504,2021-07-08 18:28:00,PAA
10.655,10.655,10.655,10.655,1167,2021-07-08 18:29:00,PAA
10.65,10.6502,10.645,10.65,5600,2021-07-08 18:30:00,PAA
10.645,10.66,10.645,10.66,24438,2021-07-08 18:31:00,PAA
10.66,10.66,10.645,10.65,5828,2021-07-08 18:32:00,PAA
10.65,10.652,10.645,10.65,12200,2021-07-08 18:33:00,PAA
10.645,10.65,10.642,10.65,1791,2021-07-08 18:34:00,PAA
10.645,10.645,10.645,10.645,400,2021-07-08 18:35:00,PAA
10.64,10.645,10.64,10.645,2300,2021-07-08 18:36:00,PAA
10.64,10.645,10.64,10.645,2191,2021-07-08 18:37:00,PAA
10.6438,10.65,10.6438,10.645,1750,2021-07-08 18:38:00,PAA
10.65,10.66,10.65,10.66,8478,2021-07-08 18:39:00,PAA
10.665,10.665,10.6507,10.6507,7226,2021-07-08 18:40:00,PAA
10.655,10.67,10.655,10.67,3886,2021-07-08 18:41:00,PAA
10.66,10.665,10.655,10.66,4249,2021-07-08 18:42:00,PAA
10.655,10.66,10.65,10.65,1919,2021-07-08 18:43:00,PAA
10.64,10.645,10.635,10.635,5279,2021-07-08 18:44:00,PAA
10.64,10.64,10.63,10.6344,2152,2021-07-08 18:45:00,PAA
10.63,10.635,10.63,10.63,1817,2021-07-08 18:47:00,PAA
10.625,10.625,10.62,10.62,538,2021-07-08 18:48:00,PAA
10.63,10.63,10.63,10.63,500,2021-07-08 18:49:00,PAA
10.625,10.63,10.62,10.63,500,2021-07-08 18:50:00,PAA
10.625,10.63,10.625,10.625,2317,2021-07-08 18:51:00,PAA
10.625,10.63,10.625,10.63,1301,2021-07-08 18:52:00,PAA
10.625,10.625,10.625,10.625,2500,2021-07-08 18:53:00,PAA
10.625,10.63,10.62,10.625,1863,2021-07-08 18:54:00,PAA
10.62,10.6258,10.62,10.62,500,2021-07-08 18:55:00,PAA
10.62,10.63,10.62,10.6277,4100,2021-07-08 18:56:00,PAA
10.625,10.625,10.62,10.625,1400,2021-07-08 18:57:00,PAA
10.625,10.64,10.62,10.64,7550,2021-07-08 18:58:00,PAA
10.645,10.645,10.64,10.64,5496,2021-07-08 18:59:00,PAA
10.64,10.645,10.635,10.645,5661,2021-07-08 19:00:00,PAA
10.64,10.6427,10.635,10.635,7200,2021-07-08 19:01:00,PAA
10.635,10.64,10.635,10.64,3862,2021-07-08 19:02:00,PAA
10.65,10.65,10.645,10.645,700,2021-07-08 19:03:00,PAA
10.645,10.65,10.645,10.65,3866,2021-07-08 19:04:00,PAA
10.6599,10.66,10.655,10.66,4210,2021-07-08 19:05:00,PAA
10.66,10.66,10.655,10.6579,800,2021-07-08 19:06:00,PAA
10.655,10.655,10.655,10.655,331,2021-07-08 19:07:00,PAA
10.655,10.655,10.65,10.65,970,2021-07-08 19:08:00,PAA
10.655,10.66,10.65,10.66,3728,2021-07-08 19:09:00,PAA
10.65,10.66,10.65,10.66,6473,2021-07-08 19:10:00,PAA
10.655,10.67,10.655,10.67,7043,2021-07-08 19:11:00,PAA
10.66,10.665,10.655,10.655,2300,2021-07-08 19:12:00,PAA
10.66,10.66,10.65,10.65,300,2021-07-08 19:13:00,PAA
10.65,10.65,10.645,10.645,3400,2021-07-08 19:14:00,PAA
10.645,10.645,10.64,10.645,3377,2021-07-08 19:15:00,PAA
10.6465,10.6465,10.64,10.645,4203,2021-07-08 19:16:00,PAA
10.645,10.65,10.64,10.64,6004,2021-07-08 19:17:00,PAA
10.645,10.645,10.645,10.645,6700,2021-07-08 19:18:00,PAA
10.645,10.65,10.645,10.6465,1194,2021-07-08 19:19:00,PAA
10.65,10.67,10.645,10.665,16046,2021-07-08 19:20:00,PAA
10.67,10.675,10.665,10.675,5100,2021-07-08 19:21:00,PAA
10.675,10.68,10.67,10.675,1300,2021-07-08 19:22:00,PAA
10.68,10.68,10.67,10.675,1200,2021-07-08 19:23:00,PAA
10.68,10.68,10.675,10.675,700,2021-07-08 19:24:00,PAA
10.675,10.675,10.67,10.675,3371,2021-07-08 19:25:00,PAA
10.67,10.675,10.67,10.675,300,2021-07-08 19:26:00,PAA
10.675,10.675,10.675,10.675,1100,2021-07-08 19:27:00,PAA
10.675,10.675,10.67,10.675,1829,2021-07-08 19:28:00,PAA
10.675,10.69,10.67,10.69,26079,2021-07-08 19:29:00,PAA
10.69,10.7,10.685,10.695,10299,2021-07-08 19:30:00,PAA
10.7,10.705,10.7,10.7001,11785,2021-07-08 19:31:00,PAA
10.7,10.7,10.685,10.6868,19846,2021-07-08 19:32:00,PAA
10.685,10.6901,10.684,10.69,14703,2021-07-08 19:33:00,PAA
10.685,10.685,10.68,10.68,1300,2021-07-08 19:34:00,PAA
10.68,10.68,10.67,10.675,12671,2021-07-08 19:35:00,PAA
10.675,10.69,10.675,10.69,7344,2021-07-08 19:36:00,PAA
10.69,10.7,10.685,10.695,16233,2021-07-08 19:37:00,PAA
10.695,10.695,10.685,10.695,28656,2021-07-08 19:38:00,PAA
10.695,10.7,10.685,10.685,13729,2021-07-08 19:39:00,PAA
10.69,10.69,10.67,10.675,19550,2021-07-08 19:40:00,PAA
10.68,10.685,10.675,10.68,12216,2021-07-08 19:41:00,PAA
10.6823,10.685,10.68,10.68,6274,2021-07-08 19:42:00,PAA
10.6808,10.6808,10.675,10.675,6195,2021-07-08 19:43:00,PAA
10.675,10.675,10.675,10.675,1000,2021-07-08 19:44:00,PAA
10.675,10.6799,10.66,10.665,21828,2021-07-08 19:45:00,PAA
10.665,10.67,10.665,10.67,5476,2021-07-08 19:46:00,PAA
10.665,10.675,10.665,10.665,24065,2021-07-08 19:47:00,PAA
10.66,10.665,10.66,10.665,5180,2021-07-08 19:48:00,PAA
10.66,10.675,10.66,10.675,29232,2021-07-08 19:49:00,PAA
10.68,10.695,10.673,10.695,64389,2021-07-08 19:50:00,PAA
10.695,10.7,10.69,10.7,22970,2021-07-08 19:51:00,PAA
10.7,10.71,10.695,10.705,20115,2021-07-08 19:52:00,PAA
10.705,10.73,10.705,10.725,73437,2021-07-08 19:53:00,PAA
10.725,10.73,10.72,10.725,15961,2021-07-08 19:54:00,PAA
10.725,10.725,10.72,10.72,15547,2021-07-08 19:55:00,PAA
10.725,10.735,10.72,10.735,40211,2021-07-08 19:56:00,PAA
10.735,10.76,10.735,10.755,28142,2021-07-08 19:57:00,PAA
10.755,10.76,10.74,10.74,60368,2021-07-08 19:58:00,PAA
10.745,10.75,10.73,10.75,51764,2021-07-08 19:59:00,PAA
10.75,10.75,10.75,10.75,176519,2021-07-08 20:00:00,PAA
10.75,10.75,10.75,10.75,128,2021-07-08 21:21:00,PAA
10.81,10.81,10.8,10.8,499,2021-07-09 11:17:00,PAA
10.8,10.8,10.8,10.8,200,2021-07-09 11:19:00,PAA
10.75,10.75,10.75,10.75,254358,2021-07-09 12:28:00,PAA
10.88,10.88,10.88,10.88,100,2021-07-09 13:16:00,PAA
10.88,10.88,10.88,10.88,100,2021-07-09 13:19:00,PAA
10.84,10.91,10.84,10.85,41305,2021-07-09 13:30:00,PAA
10.83,10.85,10.8146,10.84,25088,2021-07-09 13:31:00,PAA
10.84,10.845,10.8069,10.8069,3983,2021-07-09 13:32:00,PAA
10.805,10.82,10.78,10.79,4969,2021-07-09 13:33:00,PAA
10.79,10.81,10.79,10.8025,4903,2021-07-09 13:34:00,PAA
10.805,10.8499,10.805,10.8499,5550,2021-07-09 13:35:00,PAA
10.855,10.86,10.82,10.82,23738,2021-07-09 13:36:00,PAA
10.83,10.855,10.83,10.845,16592,2021-07-09 13:37:00,PAA
10.843,10.86,10.843,10.845,4030,2021-07-09 13:38:00,PAA
10.85,10.85,10.8,10.8,3300,2021-07-09 13:39:00,PAA
10.805,10.83,10.805,10.825,5280,2021-07-09 13:40:00,PAA
10.825,10.84,10.81,10.815,8621,2021-07-09 13:41:00,PAA
10.815,10.84,10.815,10.84,7860,2021-07-09 13:42:00,PAA
10.835,10.85,10.825,10.85,9956,2021-07-09 13:43:00,PAA
10.845,10.89,10.845,10.885,59140,2021-07-09 13:44:00,PAA
10.89,10.89,10.87,10.875,5100,2021-07-09 13:45:00,PAA
10.87,10.88,10.86,10.88,2600,2021-07-09 13:46:00,PAA
10.875,10.88,10.87,10.87,5000,2021-07-09 13:47:00,PAA
10.865,10.865,10.835,10.85,3500,2021-07-09 13:48:00,PAA
10.841,10.87,10.83,10.87,26052,2021-07-09 13:49:00,PAA
10.88,10.93,10.88,10.92,20940,2021-07-09 13:50:00,PAA
10.925,10.94,10.925,10.94,1402,2021-07-09 13:51:00,PAA
10.94,10.965,10.94,10.959,48458,2021-07-09 13:52:00,PAA
10.96,10.97,10.96,10.96,4894,2021-07-09 13:53:00,PAA
10.96,10.9601,10.94,10.95,5247,2021-07-09 13:54:00,PAA
10.96,10.98,10.96,10.97,10701,2021-07-09 13:55:00,PAA
10.97,10.97,10.94,10.94,4569,2021-07-09 13:56:00,PAA
10.95,10.96,10.93,10.93,2194,2021-07-09 13:57:00,PAA
10.93,10.93,10.92,10.93,3019,2021-07-09 13:58:00,PAA
10.9238,10.93,10.92,10.92,700,2021-07-09 13:59:00,PAA
10.94,10.94,10.93,10.93,1804,2021-07-09 14:00:00,PAA
10.9354,10.94,10.93,10.93,2294,2021-07-09 14:01:00,PAA
10.94,10.94,10.94,10.94,200,2021-07-09 14:02:00,PAA
10.94,10.94,10.94,10.94,580,2021-07-09 14:03:00,PAA
10.93,10.93,10.92,10.92,3000,2021-07-09 14:04:00,PAA
10.92,10.935,10.905,10.935,11984,2021-07-09 14:05:00,PAA
10.93,10.94,10.9201,10.94,5700,2021-07-09 14:06:00,PAA
10.94,10.945,10.93,10.9303,1500,2021-07-09 14:07:00,PAA
10.94,10.94,10.93,10.94,1600,2021-07-09 14:09:00,PAA
10.94,10.95,10.94,10.95,2042,2021-07-09 14:10:00,PAA
10.95,10.95,10.9401,10.9401,200,2021-07-09 14:11:00,PAA
10.95,10.975,10.9401,10.955,9897,2021-07-09 14:12:00,PAA
10.96,10.97,10.96,10.96,3409,2021-07-09 14:13:00,PAA
10.97,10.97,10.9666,10.9666,700,2021-07-09 14:14:00,PAA
10.96,10.96,10.96,10.96,282,2021-07-09 14:15:00,PAA
10.955,10.955,10.95,10.955,2000,2021-07-09 14:16:00,PAA
10.96,10.96,10.955,10.955,200,2021-07-09 14:17:00,PAA
10.95,10.96,10.95,10.96,900,2021-07-09 14:18:00,PAA
10.97,10.97,10.955,10.965,3755,2021-07-09 14:19:00,PAA
10.97,10.97,10.97,10.97,100,2021-07-09 14:20:00,PAA
10.97,10.97,10.96,10.96,3253,2021-07-09 14:21:00,PAA
10.955,10.97,10.955,10.955,5484,2021-07-09 14:22:00,PAA
10.96,10.97,10.96,10.96,1644,2021-07-09 14:23:00,PAA
10.965,10.98,10.96,10.98,8095,2021-07-09 14:24:00,PAA
10.98,10.99,10.97,10.97,18485,2021-07-09 14:25:00,PAA
10.98,10.99,10.98,10.985,3203,2021-07-09 14:26:00,PAA
10.99,11.0,10.99,10.995,45716,2021-07-09 14:27:00,PAA
10.99,11.0,10.99,11.0,2734,2021-07-09 14:28:00,PAA
11.0,11.05,11.0,11.05,25833,2021-07-09 14:29:00,PAA
11.05,11.05,11.015,11.02,22857,2021-07-09 14:30:00,PAA
11.025,11.04,11.025,11.04,5929,2021-07-09 14:31:00,PAA
11.05,11.05,11.02,11.02,8410,2021-07-09 14:32:00,PAA
11.01,11.015,11.0,11.011,8974,2021-07-09 14:33:00,PAA
11.02,11.03,11.01,11.01,4468,2021-07-09 14:34:00,PAA
11.02,11.03,11.015,11.03,3900,2021-07-09 14:35:00,PAA
11.03,11.03,11.025,11.0288,2300,2021-07-09 14:36:00,PAA
11.03,11.0444,11.03,11.04,4902,2021-07-09 14:37:00,PAA
11.04,11.05,11.03,11.05,11591,2021-07-09 14:38:00,PAA
11.05,11.05,11.03,11.035,8885,2021-07-09 14:39:00,PAA
11.035,11.045,11.0333,11.035,28008,2021-07-09 14:40:00,PAA
11.0368,11.04,11.03,11.0338,8200,2021-07-09 14:41:00,PAA
11.04,11.04,11.03,11.035,1021,2021-07-09 14:42:00,PAA
11.035,11.04,11.03,11.035,28687,2021-07-09 14:43:00,PAA
11.04,11.045,11.035,11.035,16295,2021-07-09 14:44:00,PAA
11.035,11.04,11.035,11.04,3052,2021-07-09 14:45:00,PAA
11.03,11.035,11.02,11.025,16647,2021-07-09 14:46:00,PAA
11.03,11.04,11.03,11.035,6600,2021-07-09 14:47:00,PAA
11.03,11.04,11.03,11.03,2400,2021-07-09 14:48:00,PAA
11.03,11.045,11.03,11.045,7017,2021-07-09 14:49:00,PAA
11.05,11.05,11.04,11.045,24289,2021-07-09 14:50:00,PAA
11.05,11.05,11.04,11.04,5100,2021-07-09 14:51:00,PAA
11.04,11.04,11.01,11.02,64815,2021-07-09 14:52:00,PAA
11.02,11.025,11.001,11.0083,9583,2021-07-09 14:53:00,PAA
11.0,11.01,10.97,10.99,27235,2021-07-09 14:54:00,PAA
10.99,10.99,10.99,10.99,1400,2021-07-09 14:55:00,PAA
10.99,10.99,10.97,10.977,3815,2021-07-09 14:56:00,PAA
10.97,10.97,10.9618,10.97,4000,2021-07-09 14:57:00,PAA
10.98,10.99,10.98,10.99,3400,2021-07-09 14:58:00,PAA
10.99,10.99,10.99,10.99,1600,2021-07-09 14:59:00,PAA
10.99,11.0,10.99,10.99,2866,2021-07-09 15:00:00,PAA
10.99,10.99,10.98,10.98,3000,2021-07-09 15:01:00,PAA
10.97,10.9717,10.965,10.97,4402,2021-07-09 15:02:00,PAA
10.97,10.98,10.965,10.965,4625,2021-07-09 15:03:00,PAA
10.97,10.99,10.97,10.99,9200,2021-07-09 15:04:00,PAA
10.995,11.01,10.995,11.005,3560,2021-07-09 15:05:00,PAA
11.01,11.01,11.0,11.0,3750,2021-07-09 15:06:00,PAA
11.0,11.0,11.0,11.0,100,2021-07-09 15:07:00,PAA
11.01,11.01,11.01,11.01,28275,2021-07-09 15:08:00,PAA
11.015,11.025,11.015,11.025,4216,2021-07-09 15:09:00,PAA
11.0282,11.04,11.02,11.04,5069,2021-07-09 15:10:00,PAA
11.04,11.04,11.03,11.04,900,2021-07-09 15:11:00,PAA
11.04,11.04,11.03,11.03,10140,2021-07-09 15:12:00,PAA
11.025,11.04,11.02,11.04,4500,2021-07-09 15:13:00,PAA
11.05,11.05,11.04,11.04,3805,2021-07-09 15:14:00,PAA
11.0412,11.05,11.04,11.042,18338,2021-07-09 15:15:00,PAA
11.04,11.045,11.03,11.035,4813,2021-07-09 15:16:00,PAA
11.03,11.03,11.03,11.03,100,2021-07-09 15:17:00,PAA
11.0335,11.0335,11.03,11.0311,1268,2021-07-09 15:18:00,PAA
11.04,11.04,11.035,11.04,1941,2021-07-09 15:19:00,PAA
11.035,11.045,11.035,11.045,7681,2021-07-09 15:20:00,PAA
11.045,11.05,11.04,11.045,1300,2021-07-09 15:21:00,PAA
11.05,11.055,11.05,11.055,5018,2021-07-09 15:22:00,PAA
11.055,11.055,11.04,11.04,9318,2021-07-09 15:23:00,PAA
11.04,11.04,11.03,11.035,835,2021-07-09 15:24:00,PAA
11.03,11.04,11.03,11.04,4674,2021-07-09 15:25:00,PAA
11.04,11.04,11.03,11.035,4594,2021-07-09 15:26:00,PAA
11.04,11.045,11.035,11.0412,6444,2021-07-09 15:27:00,PAA
11.04,11.0414,11.035,11.0414,6333,2021-07-09 15:28:00,PAA
11.05,11.05,11.05,11.05,200,2021-07-09 15:29:00,PAA
11.045,11.05,11.0427,11.0427,540,2021-07-09 15:30:00,PAA
11.05,11.06,11.045,11.055,7137,2021-07-09 15:31:00,PAA
11.05,11.0556,11.05,11.05,1100,2021-07-09 15:32:00,PAA
11.05,11.07,11.05,11.06,13330,2021-07-09 15:33:00,PAA
11.07,11.075,11.06,11.07,1964,2021-07-09 15:34:00,PAA
11.075,11.075,11.075,11.075,425,2021-07-09 15:35:00,PAA
11.07,11.075,11.06,11.06,11972,2021-07-09 15:36:00,PAA
11.06,11.06,11.055,11.06,1700,2021-07-09 15:37:00,PAA
11.06,11.06,11.0501,11.06,2400,2021-07-09 15:38:00,PAA
11.06,11.06,11.05,11.055,6136,2021-07-09 15:39:00,PAA
11.055,11.06,11.05,11.05,5499,2021-07-09 15:40:00,PAA
11.04,11.0401,11.02,11.02,6582,2021-07-09 15:41:00,PAA
11.02,11.03,11.02,11.02,2761,2021-07-09 15:42:00,PAA
11.025,11.04,11.025,11.03,11500,2021-07-09 15:43:00,PAA
11.03,11.03,11.03,11.03,1100,2021-07-09 15:44:00,PAA
11.04,11.04,11.03,11.035,16246,2021-07-09 15:45:00,PAA
11.03,11.05,11.03,11.05,23130,2021-07-09 15:46:00,PAA
11.05,11.06,11.05,11.055,12958,2021-07-09 15:47:00,PAA
11.06,11.06,11.05,11.055,11308,2021-07-09 15:48:00,PAA
11.06,11.06,11.055,11.055,4000,2021-07-09 15:49:00,PAA
11.06,11.07,11.06,11.065,4180,2021-07-09 15:50:00,PAA
11.07,11.07,11.06,11.065,1600,2021-07-09 15:51:00,PAA
11.07,11.07,11.06,11.06,1000,2021-07-09 15:52:00,PAA
11.065,11.07,11.06,11.065,4000,2021-07-09 15:53:00,PAA
11.06,11.07,11.06,11.065,3540,2021-07-09 15:54:00,PAA
11.07,11.08,11.065,11.08,5428,2021-07-09 15:55:00,PAA
11.08,11.08,11.0728,11.075,2822,2021-07-09 15:56:00,PAA
11.08,11.08,11.06,11.0607,13272,2021-07-09 15:57:00,PAA
11.0616,11.07,11.06,11.06,5600,2021-07-09 15:58:00,PAA
11.06,11.065,11.06,11.065,1200,2021-07-09 15:59:00,PAA
11.06,11.065,11.06,11.065,550,2021-07-09 16:00:00,PAA
11.06,11.07,11.06,11.07,700,2021-07-09 16:01:00,PAA
11.07,11.07,11.06,11.06,2400,2021-07-09 16:02:00,PAA
11.065,11.065,11.06,11.06,1300,2021-07-09 16:03:00,PAA
11.065,11.065,11.06,11.06,1214,2021-07-09 16:04:00,PAA
11.06,11.06,11.05,11.06,17530,2021-07-09 16:05:00,PAA
11.06,11.07,11.06,11.065,5211,2021-07-09 16:06:00,PAA
11.065,11.065,11.065,11.065,300,2021-07-09 16:07:00,PAA
11.065,11.065,11.065,11.065,500,2021-07-09 16:08:00,PAA
11.07,11.07,11.065,11.07,900,2021-07-09 16:09:00,PAA
11.065,11.07,11.065,11.065,2900,2021-07-09 16:10:00,PAA
11.0676,11.075,11.065,11.075,14302,2021-07-09 16:11:00,PAA
11.075,11.075,11.06,11.065,8570,2021-07-09 16:12:00,PAA
11.065,11.07,11.061,11.07,800,2021-07-09 16:13:00,PAA
11.065,11.07,11.065,11.065,500,2021-07-09 16:14:00,PAA
11.07,11.07,11.065,11.065,800,2021-07-09 16:15:00,PAA
11.06,11.065,11.06,11.06,2796,2021-07-09 16:16:00,PAA
11.065,11.0699,11.06,11.06,3050,2021-07-09 16:17:00,PAA
11.06,11.065,11.06,11.065,700,2021-07-09 16:18:00,PAA
11.07,11.075,11.065,11.075,4621,2021-07-09 16:19:00,PAA
11.073,11.073,11.07,11.07,400,2021-07-09 16:20:00,PAA
11.07,11.075,11.07,11.07,1600,2021-07-09 16:21:00,PAA
11.07,11.08,11.07,11.08,1000,2021-07-09 16:22:00,PAA
11.08,11.08,11.07,11.075,1500,2021-07-09 16:23:00,PAA
11.08,11.09,11.07,11.085,9468,2021-07-09 16:24:00,PAA
11.0843,11.09,11.08,11.085,4600,2021-07-09 16:25:00,PAA
11.085,11.085,11.07,11.07,14903,2021-07-09 16:26:00,PAA
11.07,11.0714,11.06,11.065,11298,2021-07-09 16:27:00,PAA
11.065,11.07,11.0619,11.065,4400,2021-07-09 16:28:00,PAA
11.065,11.07,11.065,11.07,4865,2021-07-09 16:29:00,PAA
11.075,11.08,11.075,11.075,1500,2021-07-09 16:30:00,PAA
11.07,11.075,11.06,11.07,12595,2021-07-09 16:31:00,PAA
11.07,11.0799,11.065,11.0799,4243,2021-07-09 16:32:00,PAA
11.08,11.085,11.07,11.07,12107,2021-07-09 16:33:00,PAA
11.07,11.08,11.07,11.08,400,2021-07-09 16:34:00,PAA
11.08,11.085,11.08,11.085,2900,2021-07-09 16:35:00,PAA
11.085,11.09,11.085,11.09,1300,2021-07-09 16:36:00,PAA
11.08,11.085,11.08,11.085,400,2021-07-09 16:37:00,PAA
11.08,11.08,11.07,11.075,7309,2021-07-09 16:38:00,PAA
11.075,11.08,11.075,11.08,900,2021-07-09 16:39:00,PAA
11.08,11.09,11.08,11.0847,2385,2021-07-09 16:40:00,PAA
11.0896,11.1,11.0845,11.1,10831,2021-07-09 16:41:00,PAA
11.095,11.1,11.095,11.095,600,2021-07-09 16:42:00,PAA
11.1,11.1,11.095,11.095,700,2021-07-09 16:43:00,PAA
11.1,11.115,11.1,11.1119,13286,2021-07-09 16:44:00,PAA
11.115,11.12,11.115,11.12,3116,2021-07-09 16:45:00,PAA
11.12,11.12,11.12,11.12,813,2021-07-09 16:46:00,PAA
11.12,11.125,11.12,11.125,742,2021-07-09 16:48:00,PAA
11.125,11.13,11.12,11.13,420,2021-07-09 16:49:00,PAA
11.13,11.13,11.125,11.125,2391,2021-07-09 16:50:00,PAA
11.13,11.135,11.13,11.135,1449,2021-07-09 16:51:00,PAA
11.135,11.14,11.135,11.135,4636,2021-07-09 16:52:00,PAA
11.14,11.14,11.135,11.135,3045,2021-07-09 16:53:00,PAA
11.14,11.15,11.14,11.145,2100,2021-07-09 16:54:00,PAA
11.15,11.155,11.15,11.15,16300,2021-07-09 16:55:00,PAA
11.1566,11.16,11.155,11.16,1637,2021-07-09 16:56:00,PAA
11.16,11.17,11.16,11.165,3686,2021-07-09 16:57:00,PAA
11.165,11.17,11.165,11.17,1812,2021-07-09 16:58:00,PAA
11.18,11.19,11.1785,11.18,3010,2021-07-09 16:59:00,PAA
11.185,11.1875,11.17,11.175,11409,2021-07-09 17:00:00,PAA
11.175,11.175,11.175,11.175,1500,2021-07-09 17:01:00,PAA
11.175,11.175,11.17,11.175,1973,2021-07-09 17:02:00,PAA
11.176,11.176,11.175,11.175,700,2021-07-09 17:03:00,PAA
11.18,11.18,11.175,11.175,1377,2021-07-09 17:04:00,PAA
11.175,11.175,11.17,11.175,7900,2021-07-09 17:05:00,PAA
11.175,11.18,11.175,11.18,5610,2021-07-09 17:06:00,PAA
11.19,11.19,11.185,11.19,900,2021-07-09 17:07:00,PAA
11.19,11.2,11.19,11.195,10266,2021-07-09 17:08:00,PAA
11.195,11.2,11.19,11.195,4781,2021-07-09 17:09:00,PAA
11.195,11.2,11.1927,11.1933,10728,2021-07-09 17:10:00,PAA
11.2,11.2,11.195,11.2,5050,2021-07-09 17:11:00,PAA
11.2,11.21,11.2,11.2,9130,2021-07-09 17:12:00,PAA
11.205,11.21,11.2,11.21,29507,2021-07-09 17:13:00,PAA
11.21,11.21,11.2,11.205,52758,2021-07-09 17:14:00,PAA
11.205,11.205,11.155,11.18,21677,2021-07-09 17:15:00,PAA
11.18,11.185,11.18,11.185,5801,2021-07-09 17:16:00,PAA
11.185,11.19,11.185,11.186,2300,2021-07-09 17:17:00,PAA
11.19,11.2,11.185,11.2,3854,2021-07-09 17:18:00,PAA
11.2,11.21,11.2,11.2,8698,2021-07-09 17:19:00,PAA
11.2,11.2,11.2,11.2,600,2021-07-09 17:20:00,PAA
11.2,11.2,11.194,11.194,300,2021-07-09 17:21:00,PAA
11.1971,11.2,11.19,11.195,2150,2021-07-09 17:22:00,PAA
11.2,11.2,11.195,11.195,500,2021-07-09 17:23:00,PAA
11.195,11.1987,11.195,11.195,1500,2021-07-09 17:24:00,PAA
11.195,11.195,11.18,11.19,14681,2021-07-09 17:25:00,PAA
11.185,11.185,11.18,11.18,1975,2021-07-09 17:26:00,PAA
11.185,11.185,11.18,11.18,300,2021-07-09 17:27:00,PAA
11.185,11.185,11.18,11.18,2882,2021-07-09 17:28:00,PAA
11.18,11.18,11.18,11.18,400,2021-07-09 17:29:00,PAA
11.185,11.19,11.1835,11.1835,5900,2021-07-09 17:30:00,PAA
11.1801,11.185,11.18,11.18,300,2021-07-09 17:31:00,PAA
11.18,11.18,11.16,11.1656,9000,2021-07-09 17:32:00,PAA
11.165,11.175,11.165,11.17,6809,2021-07-09 17:33:00,PAA
11.17,11.177,11.17,11.177,1700,2021-07-09 17:34:00,PAA
11.17,11.1702,11.16,11.16,11045,2021-07-09 17:35:00,PAA
11.16,11.16,11.155,11.155,6128,2021-07-09 17:36:00,PAA
11.15,11.16,11.15,11.15,11313,2021-07-09 17:37:00,PAA
11.155,11.155,11.155,11.155,1000,2021-07-09 17:38:00,PAA
11.15,11.155,11.15,11.15,5056,2021-07-09 17:39:00,PAA
11.155,11.155,11.15,11.15,300,2021-07-09 17:40:00,PAA
11.155,11.155,11.15,11.15,200,2021-07-09 17:41:00,PAA
11.15,11.155,11.15,11.15,2047,2021-07-09 17:42:00,PAA
11.15,11.155,11.15,11.15,700,2021-07-09 17:43:00,PAA
11.15,11.16,11.15,11.155,6122,2021-07-09 17:44:00,PAA
11.15,11.15,11.13,11.13,15919,2021-07-09 17:45:00,PAA
11.125,11.135,11.1083,11.125,94792,2021-07-09 17:46:00,PAA
11.12,11.1242,11.12,11.1242,644,2021-07-09 17:47:00,PAA
11.12,11.125,11.12,11.125,700,2021-07-09 17:48:00,PAA
11.125,11.13,11.12,11.12,6793,2021-07-09 17:49:00,PAA
11.125,11.125,11.12,11.12,1663,2021-07-09 17:50:00,PAA
11.125,11.125,11.12,11.12,1228,2021-07-09 17:51:00,PAA
11.125,11.125,11.12,11.125,4200,2021-07-09 17:52:00,PAA
11.125,11.14,11.125,11.135,25480,2021-07-09 17:53:00,PAA
11.13,11.135,11.13,11.135,1822,2021-07-09 17:54:00,PAA
11.13,11.135,11.13,11.13,20174,2021-07-09 17:55:00,PAA
11.12,11.12,11.11,11.11,2784,2021-07-09 17:56:00,PAA
11.12,11.12,11.115,11.12,4300,2021-07-09 17:57:00,PAA
11.115,11.115,11.11,11.11,700,2021-07-09 17:58:00,PAA
11.11,11.1101,11.105,11.105,5380,2021-07-09 17:59:00,PAA
11.105,11.11,11.105,11.11,700,2021-07-09 18:00:00,PAA
11.105,11.12,11.105,11.115,8629,2021-07-09 18:01:00,PAA
11.115,11.115,11.11,11.115,2303,2021-07-09 18:02:00,PAA
11.115,11.115,11.115,11.115,100,2021-07-09 18:03:00,PAA
11.1183,11.1183,11.11,11.11,7666,2021-07-09 18:04:00,PAA
11.115,11.12,11.11,11.115,6380,2021-07-09 18:05:00,PAA
11.115,11.12,11.11,11.11,3100,2021-07-09 18:06:00,PAA
11.11,11.1199,11.08,11.08,15510,2021-07-09 18:07:00,PAA
11.09,11.09,11.08,11.08,200,2021-07-09 18:08:00,PAA
11.0867,11.1,11.085,11.095,18321,2021-07-09 18:09:00,PAA
11.0967,11.0967,11.095,11.095,350,2021-07-09 18:10:00,PAA
11.095,11.095,11.095,11.095,500,2021-07-09 18:11:00,PAA
11.095,11.1,11.095,11.095,1911,2021-07-09 18:12:00,PAA
11.1,11.11,11.095,11.11,8625,2021-07-09 18:13:00,PAA
11.1,11.105,11.1,11.1,1000,2021-07-09 18:14:00,PAA
11.1,11.1,11.09,11.09,11780,2021-07-09 18:15:00,PAA
11.095,11.095,11.09,11.09,2512,2021-07-09 18:16:00,PAA
11.095,11.095,11.095,11.095,300,2021-07-09 18:17:00,PAA
11.095,11.095,11.0944,11.095,1400,2021-07-09 18:18:00,PAA
11.095,11.095,11.095,11.095,3271,2021-07-09 18:19:00,PAA
11.095,11.099,11.095,11.099,1715,2021-07-09 18:20:00,PAA
11.1,11.1,11.095,11.1,9848,2021-07-09 18:21:00,PAA
11.1,11.1,11.1,11.1,200,2021-07-09 18:22:00,PAA
11.1,11.105,11.1,11.1,400,2021-07-09 18:23:00,PAA
11.1,11.1,11.1,11.1,3852,2021-07-09 18:24:00,PAA
11.105,11.105,11.09,11.09,67201,2021-07-09 18:25:00,PAA
11.09,11.095,11.09,11.09,4274,2021-07-09 18:26:00,PAA
11.09,11.09,11.09,11.09,1400,2021-07-09 18:27:00,PAA
11.09,11.1,11.09,11.095,14332,2021-07-09 18:28:00,PAA
11.1,11.1,11.095,11.095,652,2021-07-09 18:29:00,PAA
11.095,11.0969,11.095,11.0969,1400,2021-07-09 18:30:00,PAA
11.09,11.095,11.09,11.095,706,2021-07-09 18:31:00,PAA
11.095,11.095,11.09,11.09,2049,2021-07-09 18:32:00,PAA
11.095,11.095,11.09,11.09,3551,2021-07-09 18:33:00,PAA
11.09,11.1,11.09,11.09,1600,2021-07-09 18:34:00,PAA
11.095,11.0963,11.09,11.095,2082,2021-07-09 18:35:00,PAA
11.09,11.095,11.06,11.06,17042,2021-07-09 18:36:00,PAA
11.065,11.0699,11.06,11.065,4800,2021-07-09 18:37:00,PAA
11.06,11.06,11.05,11.055,12462,2021-07-09 18:38:00,PAA
11.055,11.08,11.05,11.07,131755,2021-07-09 18:39:00,PAA
11.075,11.075,11.07,11.075,2150,2021-07-09 18:40:00,PAA
11.07,11.075,11.07,11.07,300,2021-07-09 18:41:00,PAA
11.075,11.075,11.075,11.075,226,2021-07-09 18:42:00,PAA
11.07,11.075,11.07,11.075,885,2021-07-09 18:43:00,PAA
11.075,11.075,11.075,11.075,700,2021-07-09 18:44:00,PAA
11.075,11.075,11.075,11.075,1500,2021-07-09 18:45:00,PAA
11.075,11.075,11.075,11.075,2100,2021-07-09 18:46:00,PAA
11.075,11.085,11.075,11.085,19239,2021-07-09 18:47:00,PAA
11.085,11.1,11.085,11.095,10959,2021-07-09 18:48:00,PAA
11.1,11.1,11.09,11.095,61682,2021-07-09 18:49:00,PAA
11.09,11.09,11.065,11.065,13421,2021-07-09 18:50:00,PAA
11.065,11.065,11.06,11.06,1500,2021-07-09 18:51:00,PAA
11.06,11.06,11.05,11.055,6517,2021-07-09 18:52:00,PAA
11.055,11.06,11.055,11.055,4400,2021-07-09 18:53:00,PAA
11.055,11.055,11.05,11.055,700,2021-07-09 18:54:00,PAA
11.055,11.055,11.05,11.05,1485,2021-07-09 18:55:00,PAA
11.055,11.06,11.055,11.055,1504,2021-07-09 18:56:00,PAA
11.055,11.06,11.05,11.055,10788,2021-07-09 18:57:00,PAA
11.055,11.055,11.05,11.055,4433,2021-07-09 18:58:00,PAA
11.055,11.055,11.05,11.055,2131,2021-07-09 18:59:00,PAA
11.05,11.055,11.05,11.055,3587,2021-07-09 19:00:00,PAA
11.055,11.055,11.05,11.055,8831,2021-07-09 19:01:00,PAA
11.055,11.055,11.04,11.04,18293,2021-07-09 19:02:00,PAA
11.04,11.04,11.025,11.025,21266,2021-07-09 19:03:00,PAA
11.03,11.03,11.025,11.025,1800,2021-07-09 19:04:00,PAA
11.025,11.04,11.023,11.04,17242,2021-07-09 19:06:00,PAA
11.045,11.05,11.045,11.05,3190,2021-07-09 19:07:00,PAA
11.055,11.055,11.055,11.055,4950,2021-07-09 19:08:00,PAA
11.05,11.05,11.04,11.04,5653,2021-07-09 19:09:00,PAA
11.0461,11.0461,11.04,11.04,958,2021-07-09 19:10:00,PAA
11.04,11.045,11.04,11.045,7535,2021-07-09 19:11:00,PAA
11.045,11.045,11.04,11.045,9709,2021-07-09 19:12:00,PAA
11.045,11.045,11.045,11.045,2200,2021-07-09 19:13:00,PAA
11.045,11.045,11.042,11.045,3564,2021-07-09 19:14:00,PAA
11.045,11.06,11.04,11.06,17938,2021-07-09 19:15:00,PAA
11.06,11.07,11.0599,11.07,17260,2021-07-09 19:16:00,PAA
11.07,11.07,11.06,11.06,17001,2021-07-09 19:17:00,PAA
11.065,11.07,11.06,11.0648,11700,2021-07-09 19:18:00,PAA
11.065,11.065,11.065,11.065,1400,2021-07-09 19:19:00,PAA
11.065,11.065,11.065,11.065,100,2021-07-09 19:20:00,PAA
11.07,11.08,11.07,11.075,20909,2021-07-09 19:21:00,PAA
11.07,11.07,11.04,11.045,31654,2021-07-09 19:22:00,PAA
11.045,11.045,11.04,11.04,5655,2021-07-09 19:23:00,PAA
11.0386,11.05,11.0386,11.05,10739,2021-07-09 19:24:00,PAA
11.05,11.06,11.05,11.06,7687,2021-07-09 19:25:00,PAA
11.06,11.07,11.06,11.07,2363,2021-07-09 19:26:00,PAA
11.0637,11.065,11.06,11.065,2699,2021-07-09 19:27:00,PAA
11.07,11.07,11.065,11.07,900,2021-07-09 19:28:00,PAA
11.07,11.07,11.065,11.065,3200,2021-07-09 19:29:00,PAA
11.065,11.07,11.06,11.07,7448,2021-07-09 19:30:00,PAA
11.07,11.08,11.062,11.075,7729,2021-07-09 19:31:00,PAA
11.075,11.075,11.075,11.075,100,2021-07-09 19:32:00,PAA
11.08,11.08,11.08,11.08,1600,2021-07-09 19:33:00,PAA
11.075,11.08,11.0701,11.08,1053,2021-07-09 19:34:00,PAA
11.08,11.08,11.075,11.075,2100,2021-07-09 19:35:00,PAA
11.075,11.08,11.0701,11.08,6673,2021-07-09 19:36:00,PAA
11.08,11.08,11.075,11.075,6450,2021-07-09 19:37:00,PAA
11.075,11.08,11.075,11.08,11983,2021-07-09 19:38:00,PAA
11.08,11.085,11.08,11.08,15224,2021-07-09 19:39:00,PAA
11.08,11.09,11.08,11.08,3895,2021-07-09 19:40:00,PAA
11.08,11.085,11.08,11.08,7483,2021-07-09 19:41:00,PAA
11.08,11.085,11.08,11.08,1509,2021-07-09 19:42:00,PAA
11.09,11.09,11.065,11.07,34924,2021-07-09 19:43:00,PAA
11.07,11.07,11.0644,11.0644,4761,2021-07-09 19:44:00,PAA
11.065,11.08,11.065,11.07,60109,2021-07-09 19:45:00,PAA
11.075,11.0757,11.075,11.075,1718,2021-07-09 19:46:00,PAA
11.075,11.09,11.075,11.0886,9858,2021-07-09 19:47:00,PAA
11.085,11.085,11.08,11.08,18495,2021-07-09 19:48:00,PAA
11.085,11.09,11.085,11.085,5559,2021-07-09 19:49:00,PAA
11.09,11.1,11.085,11.095,17339,2021-07-09 19:50:00,PAA
11.095,11.1,11.09,11.095,11111,2021-07-09 19:51:00,PAA
11.095,11.1,11.09,11.095,8687,2021-07-09 19:52:00,PAA
11.1,11.1,11.095,11.095,8517,2021-07-09 19:53:00,PAA
11.09,11.105,11.09,11.095,69841,2021-07-09 19:54:00,PAA
11.1,11.1099,11.095,11.105,43144,2021-07-09 19:55:00,PAA
11.1,11.11,11.1,11.105,22807,2021-07-09 19:56:00,PAA
11.105,11.11,11.1,11.1,20218,2021-07-09 19:57:00,PAA
11.1,11.11,11.08,11.105,120345,2021-07-09 19:58:00,PAA
11.105,11.12,11.095,11.12,55025,2021-07-09 19:59:00,PAA
11.12,11.12,11.12,11.12,454935,2021-07-09 20:00:00,PAA
11.12,11.12,11.12,11.12,3911,2021-07-09 20:58:00,PAA
11.12,11.12,11.12,11.12,100,2021-07-12 12:20:00,PAA
11.12,11.12,11.12,11.12,119843,2021-07-12 12:28:00,PAA
11.0001,11.0001,11.0001,11.0001,8000,2021-07-12 12:41:00,PAA
11.11,11.11,11.11,11.11,400,2021-07-12 13:05:00,PAA
11.25,11.25,11.25,11.25,750,2021-07-12 13:06:00,PAA
11.01,11.01,11.0,11.0,900,2021-07-12 13:29:00,PAA
11.0,11.01,10.91,10.93,28605,2021-07-12 13:30:00,PAA
10.95,10.95,10.92,10.93,3750,2021-07-12 13:31:00,PAA
10.9399,10.9399,10.86,10.91,105023,2021-07-12 13:32:00,PAA
10.919,10.919,10.865,10.865,12001,2021-07-12 13:33:00,PAA
10.865,10.87,10.84,10.87,15781,2021-07-12 13:34:00,PAA
10.865,10.92,10.865,10.92,9225,2021-07-12 13:35:00,PAA
10.93,10.93,10.915,10.93,2300,2021-07-12 13:36:00,PAA
10.93,10.94,10.9292,10.93,26856,2021-07-12 13:37:00,PAA
10.9399,10.97,10.9399,10.965,14950,2021-07-12 13:38:00,PAA
10.965,10.99,10.965,10.98,10481,2021-07-12 13:39:00,PAA
10.98,10.98,10.96,10.96,2600,2021-07-12 13:40:00,PAA
10.96,10.96,10.92,10.92,19908,2021-07-12 13:41:00,PAA
10.92,10.92,10.9,10.9,4473,2021-07-12 13:42:00,PAA
10.8995,10.92,10.8995,10.92,3962,2021-07-12 13:43:00,PAA
10.9192,10.95,10.9192,10.95,4200,2021-07-12 13:44:00,PAA
10.96,10.96,10.95,10.95,6624,2021-07-12 13:45:00,PAA
10.96,10.98,10.96,10.97,12176,2021-07-12 13:46:00,PAA
10.98,10.98,10.98,10.98,3276,2021-07-12 13:47:00,PAA
10.97,10.98,10.97,10.98,1300,2021-07-12 13:48:00,PAA
10.98,10.98,10.975,10.975,3000,2021-07-12 13:49:00,PAA
10.98,10.98,10.97,10.97,500,2021-07-12 13:50:00,PAA
10.971,10.975,10.97,10.97,5700,2021-07-12 13:51:00,PAA
10.96,10.96,10.955,10.955,3270,2021-07-12 13:52:00,PAA
10.95,10.9599,10.95,10.9599,2500,2021-07-12 13:53:00,PAA
10.95,10.95,10.95,10.95,2900,2021-07-12 13:54:00,PAA
10.945,10.95,10.94,10.94,12995,2021-07-12 13:55:00,PAA
10.94,10.94,10.935,10.94,5822,2021-07-12 13:56:00,PAA
10.935,10.935,10.925,10.925,19829,2021-07-12 13:57:00,PAA
10.925,10.93,10.92,10.925,30391,2021-07-12 13:58:00,PAA
10.92,10.925,10.9085,10.91,6956,2021-07-12 13:59:00,PAA
10.9,10.905,10.9,10.9,4650,2021-07-12 14:00:00,PAA
10.9,10.915,10.895,10.91,47249,2021-07-12 14:01:00,PAA
10.92,10.925,10.915,10.915,23387,2021-07-12 14:02:00,PAA
10.915,10.915,10.915,10.915,2100,2021-07-12 14:03:00,PAA
10.9186,10.975,10.9186,10.975,15403,2021-07-12 14:04:00,PAA
10.975,10.995,10.975,10.995,2000,2021-07-12 14:05:00,PAA
10.995,11.01,10.995,11.01,4512,2021-07-12 14:06:00,PAA
11.005,11.005,10.99,10.99,2100,2021-07-12 14:07:00,PAA
10.995,11.0,10.97,10.975,6195,2021-07-12 14:08:00,PAA
10.97,10.98,10.97,10.98,500,2021-07-12 14:09:00,PAA
10.97,10.97,10.96,10.96,6355,2021-07-12 14:10:00,PAA
10.96,10.9668,10.96,10.9668,3200,2021-07-12 14:11:00,PAA
10.97,10.975,10.97,10.97,700,2021-07-12 14:12:00,PAA
10.97,10.97,10.96,10.96,2600,2021-07-12 14:13:00,PAA
10.96,10.96,10.92,10.92,48479,2021-07-12 14:14:00,PAA
10.915,10.93,10.9142,10.93,6826,2021-07-12 14:15:00,PAA
10.9316,10.9406,10.93,10.93,6252,2021-07-12 14:16:00,PAA
10.93,10.94,10.93,10.93,3000,2021-07-12 14:17:00,PAA
10.93,10.94,10.93,10.94,544,2021-07-12 14:18:00,PAA
10.93,10.93,10.92,10.9201,16000,2021-07-12 14:19:00,PAA
10.92,10.92,10.905,10.905,1105,2021-07-12 14:20:00,PAA
10.91,10.91,10.905,10.905,700,2021-07-12 14:21:00,PAA
10.9,10.9099,10.9,10.9,6676,2021-07-12 14:22:00,PAA
10.9,10.93,10.9,10.93,11459,2021-07-12 14:23:00,PAA
10.93,10.94,10.92,10.92,7354,2021-07-12 14:24:00,PAA
10.92,10.93,10.92,10.93,700,2021-07-12 14:25:00,PAA
10.93,10.95,10.9299,10.9499,46512,2021-07-12 14:26:00,PAA
10.95,10.96,10.93,10.95,32470,2021-07-12 14:27:00,PAA
10.94,10.945,10.94,10.945,3448,2021-07-12 14:28:00,PAA
10.95,10.95,10.94,10.94,7236,2021-07-12 14:29:00,PAA
10.94,10.95,10.94,10.95,7230,2021-07-12 14:30:00,PAA
10.95,10.955,10.95,10.955,600,2021-07-12 14:31:00,PAA
10.96,10.98,10.96,10.98,3827,2021-07-12 14:32:00,PAA
10.9806,10.9847,10.96,10.96,6662,2021-07-12 14:33:00,PAA
10.96,10.97,10.95,10.95,5700,2021-07-12 14:34:00,PAA
10.96,10.96,10.95,10.96,4325,2021-07-12 14:35:00,PAA
10.95,10.95,10.94,10.94,2376,2021-07-12 14:36:00,PAA
10.94,10.96,10.94,10.96,7800,2021-07-12 14:37:00,PAA
10.955,10.96,10.955,10.955,4100,2021-07-12 14:38:00,PAA
10.96,10.965,10.96,10.965,4411,2021-07-12 14:39:00,PAA
10.97,10.9719,10.97,10.9719,833,2021-07-12 14:40:00,PAA
10.97,10.98,10.97,10.98,3500,2021-07-12 14:41:00,PAA
10.975,10.975,10.96,10.97,32379,2021-07-12 14:42:00,PAA
10.97,10.97,10.96,10.965,2665,2021-07-12 14:43:00,PAA
10.97,10.97,10.9635,10.97,1545,2021-07-12 14:44:00,PAA
10.965,10.965,10.965,10.965,500,2021-07-12 14:45:00,PAA
10.96,10.965,10.96,10.96,6953,2021-07-12 14:46:00,PAA
10.95,10.9508,10.94,10.94,9017,2021-07-12 14:47:00,PAA
10.935,10.935,10.93,10.935,1000,2021-07-12 14:48:00,PAA
10.93,10.93,10.895,10.9,4700,2021-07-12 14:49:00,PAA
10.895,10.8999,10.89,10.895,2600,2021-07-12 14:50:00,PAA
10.8987,10.91,10.89,10.9,20217,2021-07-12 14:51:00,PAA
10.9,10.92,10.9,10.92,3381,2021-07-12 14:52:00,PAA
10.9274,10.93,10.9274,10.93,861,2021-07-12 14:54:00,PAA
10.9248,10.93,10.9248,10.93,7584,2021-07-12 14:55:00,PAA
10.9263,10.93,10.925,10.93,1497,2021-07-12 14:56:00,PAA
10.925,10.93,10.92,10.925,4548,2021-07-12 14:57:00,PAA
10.93,10.94,10.93,10.935,4158,2021-07-12 14:58:00,PAA
10.94,10.95,10.94,10.945,2715,2021-07-12 14:59:00,PAA
10.95,10.95,10.94,10.94,6303,2021-07-12 15:00:00,PAA
10.9405,10.9405,10.91,10.91,7492,2021-07-12 15:01:00,PAA
10.915,10.917,10.91,10.915,6429,2021-07-12 15:02:00,PAA
10.91,10.915,10.91,10.915,6498,2021-07-12 15:03:00,PAA
10.92,10.92,10.915,10.9177,2700,2021-07-12 15:04:00,PAA
10.92,10.945,10.92,10.94,10957,2021-07-12 15:05:00,PAA
10.94,10.94,10.94,10.94,961,2021-07-12 15:06:00,PAA
10.94,10.94,10.92,10.92,19549,2021-07-12 15:07:00,PAA
10.9271,10.9271,10.9271,10.9271,500,2021-07-12 15:08:00,PAA
10.92,10.9291,10.92,10.92,7997,2021-07-12 15:09:00,PAA
10.92,10.92,10.91,10.915,5460,2021-07-12 15:10:00,PAA
10.92,10.92,10.915,10.92,2000,2021-07-12 15:11:00,PAA
10.92,10.92,10.9,10.91,6115,2021-07-12 15:12:00,PAA
10.91,10.92,10.91,10.91,12740,2021-07-12 15:13:00,PAA
10.91,10.915,10.91,10.915,400,2021-07-12 15:14:00,PAA
10.91,10.93,10.91,10.93,7750,2021-07-12 15:15:00,PAA
10.92,10.92,10.92,10.92,2100,2021-07-12 15:16:00,PAA
10.92,10.92,10.92,10.92,1800,2021-07-12 15:17:00,PAA
10.92,10.93,10.92,10.93,4900,2021-07-12 15:18:00,PAA
10.9274,10.9274,10.925,10.925,2500,2021-07-12 15:19:00,PAA
10.925,10.93,10.9201,10.93,1065,2021-07-12 15:20:00,PAA
10.9299,10.93,10.925,10.9299,10900,2021-07-12 15:21:00,PAA
10.925,10.925,10.92,10.925,2200,2021-07-12 15:22:00,PAA
10.9277,10.93,10.925,10.925,900,2021-07-12 15:23:00,PAA
10.92,10.94,10.92,10.9374,14090,2021-07-12 15:24:00,PAA
10.931,10.931,10.9,10.9,35163,2021-07-12 15:25:00,PAA
10.91,10.92,10.905,10.915,22073,2021-07-12 15:26:00,PAA
10.91,10.92,10.91,10.915,4800,2021-07-12 15:27:00,PAA
10.915,10.92,10.9125,10.9125,2600,2021-07-12 15:28:00,PAA
10.91,10.92,10.91,10.915,4200,2021-07-12 15:29:00,PAA
10.91,10.915,10.91,10.91,14400,2021-07-12 15:30:00,PAA
10.91,10.91,10.89,10.9,53885,2021-07-12 15:31:00,PAA
10.9,10.91,10.9,10.91,9900,2021-07-12 15:32:00,PAA
10.9,10.92,10.9,10.91,19596,2021-07-12 15:33:00,PAA
10.915,10.915,10.905,10.905,4800,2021-07-12 15:34:00,PAA
10.9,10.91,10.9,10.905,5200,2021-07-12 15:35:00,PAA
10.9,10.9093,10.9,10.9,9670,2021-07-12 15:36:00,PAA
10.9091,10.9091,10.9,10.905,21080,2021-07-12 15:37:00,PAA
10.9,10.91,10.9,10.905,7600,2021-07-12 15:38:00,PAA
10.905,10.91,10.9,10.9,11150,2021-07-12 15:39:00,PAA
10.9,10.905,10.9,10.905,3600,2021-07-12 15:40:00,PAA
10.9,10.93,10.9,10.92,30084,2021-07-12 15:41:00,PAA
10.92,10.9259,10.91,10.9163,10299,2021-07-12 15:42:00,PAA
10.91,10.91,10.91,10.91,10100,2021-07-12 15:43:00,PAA
10.91,10.91,10.91,10.91,6994,2021-07-12 15:44:00,PAA
10.91,10.91,10.9,10.9,27805,2021-07-12 15:45:00,PAA
10.905,10.905,10.9,10.9,7200,2021-07-12 15:46:00,PAA
10.9,10.9,10.885,10.885,24856,2021-07-12 15:47:00,PAA
10.885,10.91,10.885,10.9,25146,2021-07-12 15:48:00,PAA
10.91,10.915,10.9001,10.915,2431,2021-07-12 15:49:00,PAA
10.915,10.915,10.91,10.91,6968,2021-07-12 15:50:00,PAA
10.91,10.915,10.91,10.915,2900,2021-07-12 15:51:00,PAA
10.9169,10.9169,10.91,10.915,1500,2021-07-12 15:52:00,PAA
10.915,10.915,10.91,10.915,4180,2021-07-12 15:53:00,PAA
10.915,10.92,10.91,10.92,7520,2021-07-12 15:54:00,PAA
10.915,10.92,10.91,10.915,5390,2021-07-12 15:55:00,PAA
10.92,10.92,10.91,10.91,2890,2021-07-12 15:56:00,PAA
10.915,10.92,10.91,10.91,6737,2021-07-12 15:57:00,PAA
10.915,10.92,10.91,10.915,10830,2021-07-12 15:58:00,PAA
10.91,10.9192,10.91,10.915,8500,2021-07-12 15:59:00,PAA
10.91,10.92,10.91,10.915,2800,2021-07-12 16:00:00,PAA
10.91,10.915,10.9,10.9,14246,2021-07-12 16:01:00,PAA
10.9,10.905,10.89,10.89,22350,2021-07-12 16:02:00,PAA
10.89,10.895,10.87,10.87,18667,2021-07-12 16:03:00,PAA
10.87,10.87,10.855,10.855,4121,2021-07-12 16:04:00,PAA
10.855,10.855,10.84,10.84,7273,2021-07-12 16:05:00,PAA
10.84,10.845,10.84,10.84,5450,2021-07-12 16:06:00,PAA
10.8401,10.8499,10.84,10.84,2725,2021-07-12 16:07:00,PAA
10.8401,10.843,10.84,10.84,1780,2021-07-12 16:08:00,PAA
10.8499,10.8499,10.83,10.83,10394,2021-07-12 16:09:00,PAA
10.83,10.83,10.82,10.82,5200,2021-07-12 16:10:00,PAA
10.82,10.84,10.82,10.8337,30993,2021-07-12 16:11:00,PAA
10.84,10.85,10.8341,10.845,9674,2021-07-12 16:12:00,PAA
10.84,10.85,10.835,10.84,37582,2021-07-12 16:13:00,PAA
10.835,10.84,10.835,10.835,600,2021-07-12 16:14:00,PAA
10.835,10.835,10.83,10.8325,2819,2021-07-12 16:15:00,PAA
10.835,10.85,10.8325,10.845,18385,2021-07-12 16:16:00,PAA
10.845,10.8462,10.84,10.8462,4170,2021-07-12 16:17:00,PAA
10.84,10.845,10.84,10.845,1200,2021-07-12 16:18:00,PAA
10.845,10.85,10.84,10.84,23585,2021-07-12 16:19:00,PAA
10.845,10.845,10.84,10.84,2300,2021-07-12 16:20:00,PAA
10.84,10.845,10.84,10.845,3300,2021-07-12 16:21:00,PAA
10.84,10.845,10.83,10.83,24395,2021-07-12 16:22:00,PAA
10.83,10.84,10.83,10.8325,18776,2021-07-12 16:23:00,PAA
10.83,10.835,10.83,10.83,17352,2021-07-12 16:24:00,PAA
10.835,10.8364,10.83,10.8325,10798,2021-07-12 16:25:00,PAA
10.83,10.835,10.82,10.82,21733,2021-07-12 16:26:00,PAA
10.825,10.825,10.82,10.825,10410,2021-07-12 16:27:00,PAA
10.83,10.85,10.825,10.845,24122,2021-07-12 16:28:00,PAA
10.845,10.845,10.84,10.84,5384,2021-07-12 16:29:00,PAA
10.84,10.8453,10.84,10.8453,2600,2021-07-12 16:30:00,PAA
10.84,10.85,10.84,10.8436,5000,2021-07-12 16:31:00,PAA
10.845,10.8458,10.84,10.845,2800,2021-07-12 16:32:00,PAA
10.845,10.85,10.84,10.845,650,2021-07-12 16:33:00,PAA
10.85,10.86,10.8425,10.86,17126,2021-07-12 16:34:00,PAA
10.855,10.87,10.855,10.865,5633,2021-07-12 16:35:00,PAA
10.865,10.87,10.86,10.86,5000,2021-07-12 16:36:00,PAA
10.86,10.865,10.86,10.865,900,2021-07-12 16:37:00,PAA
10.865,10.865,10.865,10.865,300,2021-07-12 16:38:00,PAA
10.865,10.865,10.855,10.855,8562,2021-07-12 16:39:00,PAA
10.855,10.855,10.84,10.845,15675,2021-07-12 16:40:00,PAA
10.84,10.85,10.84,10.845,3708,2021-07-12 16:41:00,PAA
10.845,10.845,10.84,10.845,2700,2021-07-12 16:42:00,PAA
10.84,10.845,10.84,10.845,900,2021-07-12 16:43:00,PAA
10.845,10.85,10.84,10.845,6700,2021-07-12 16:44:00,PAA
10.84,10.8456,10.84,10.845,5984,2021-07-12 16:45:00,PAA
10.84,10.845,10.84,10.84,3050,2021-07-12 16:46:00,PAA
10.84,10.85,10.84,10.84,4250,2021-07-12 16:47:00,PAA
10.84,10.85,10.84,10.845,2800,2021-07-12 16:48:00,PAA
10.845,10.845,10.84,10.845,4700,2021-07-12 16:49:00,PAA
10.84,10.848,10.84,10.84,11450,2021-07-12 16:50:00,PAA
10.84,10.845,10.84,10.845,4800,2021-07-12 16:51:00,PAA
10.84,10.8464,10.83,10.83,12813,2021-07-12 16:52:00,PAA
10.83,10.84,10.83,10.835,4900,2021-07-12 16:53:00,PAA
10.83,10.835,10.83,10.83,5076,2021-07-12 16:54:00,PAA
10.83,10.84,10.83,10.83,3700,2021-07-12 16:55:00,PAA
10.83,10.83,10.82,10.82,11554,2021-07-12 16:56:00,PAA
10.82,10.82,10.81,10.81,7054,2021-07-12 16:57:00,PAA
10.81,10.82,10.81,10.82,8476,2021-07-12 16:58:00,PAA
10.815,10.82,10.81,10.81,2090,2021-07-12 16:59:00,PAA
10.81,10.83,10.81,10.825,12131,2021-07-12 17:00:00,PAA
10.825,10.825,10.825,10.825,1400,2021-07-12 17:01:00,PAA
10.825,10.825,10.825,10.825,300,2021-07-12 17:02:00,PAA
10.83,10.835,10.825,10.835,12300,2021-07-12 17:03:00,PAA
10.835,10.84,10.82,10.82,39400,2021-07-12 17:04:00,PAA
10.82,10.82,10.81,10.81,3000,2021-07-12 17:05:00,PAA
10.815,10.815,10.815,10.815,100,2021-07-12 17:06:00,PAA
10.82,10.82,10.81,10.815,2800,2021-07-12 17:07:00,PAA
10.82,10.82,10.81,10.82,3562,2021-07-12 17:08:00,PAA
10.82,10.82,10.81,10.81,5600,2021-07-12 17:09:00,PAA
10.8199,10.8199,10.81,10.815,3600,2021-07-12 17:10:00,PAA
10.82,10.825,10.8125,10.82,20888,2021-07-12 17:11:00,PAA
10.825,10.825,10.8125,10.82,14835,2021-07-12 17:12:00,PAA
10.815,10.8195,10.8125,10.815,13200,2021-07-12 17:13:00,PAA
10.815,10.82,10.815,10.82,1100,2021-07-12 17:14:00,PAA
10.815,10.82,10.81,10.81,4500,2021-07-12 17:15:00,PAA
10.81,10.815,10.8,10.8,15598,2021-07-12 17:16:00,PAA
10.805,10.805,10.8,10.8,2400,2021-07-12 17:17:00,PAA
10.8,10.8,10.77,10.77,19147,2021-07-12 17:18:00,PAA
10.77,10.78,10.77,10.78,6932,2021-07-12 17:19:00,PAA
10.78,10.79,10.78,10.7866,14500,2021-07-12 17:20:00,PAA
10.79,10.79,10.78,10.78,9461,2021-07-12 17:21:00,PAA
10.782,10.785,10.78,10.78,11558,2021-07-12 17:22:00,PAA
10.785,10.79,10.78,10.79,5412,2021-07-12 17:23:00,PAA
10.78,10.79,10.78,10.79,800,2021-07-12 17:24:00,PAA
10.785,10.79,10.785,10.785,4320,2021-07-12 17:25:00,PAA
10.785,10.786,10.78,10.786,5079,2021-07-12 17:26:00,PAA
10.785,10.785,10.78,10.785,1700,2021-07-12 17:27:00,PAA
10.7825,10.79,10.7825,10.785,3100,2021-07-12 17:28:00,PAA
10.785,10.805,10.785,10.8,27426,2021-07-12 17:29:00,PAA
10.8,10.8,10.79,10.79,6700,2021-07-12 17:30:00,PAA
10.79,10.7927,10.79,10.79,1650,2021-07-12 17:31:00,PAA
10.79,10.79,10.79,10.79,1570,2021-07-12 17:32:00,PAA
10.7916,10.8,10.79,10.79,14691,2021-07-12 17:33:00,PAA
10.795,10.8,10.79,10.795,5987,2021-07-12 17:34:00,PAA
10.79,10.8,10.79,10.8,16743,2021-07-12 17:35:00,PAA
10.795,10.795,10.79,10.79,8634,2021-07-12 17:36:00,PAA
10.79,10.8,10.79,10.79,2475,2021-07-12 17:37:00,PAA
10.795,10.795,10.795,10.795,1300,2021-07-12 17:38:00,PAA
10.79,10.795,10.79,10.795,7020,2021-07-12 17:39:00,PAA
10.795,10.795,10.79,10.79,2761,2021-07-12 17:40:00,PAA
10.79,10.8,10.78,10.78,10390,2021-07-12 17:41:00,PAA
10.79,10.795,10.785,10.795,7727,2021-07-12 17:42:00,PAA
10.8,10.8,10.78,10.78,21707,2021-07-12 17:43:00,PAA
10.78,10.78,10.78,10.78,100,2021-07-12 17:44:00,PAA
10.78,10.785,10.78,10.785,700,2021-07-12 17:45:00,PAA
10.78,10.7864,10.78,10.7864,1366,2021-07-12 17:46:00,PAA
10.785,10.785,10.78,10.78,8698,2021-07-12 17:47:00,PAA
10.785,10.785,10.77,10.77,26486,2021-07-12 17:48:00,PAA
10.775,10.775,10.77,10.77,13804,2021-07-12 17:49:00,PAA
10.77,10.775,10.77,10.775,9400,2021-07-12 17:50:00,PAA
10.77,10.776,10.77,10.77,3450,2021-07-12 17:51:00,PAA
10.77,10.78,10.77,10.775,29489,2021-07-12 17:52:00,PAA
10.775,10.78,10.775,10.775,1700,2021-07-12 17:53:00,PAA
10.7766,10.7766,10.77,10.77,3550,2021-07-12 17:54:00,PAA
10.775,10.7793,10.77,10.77,18543,2021-07-12 17:55:00,PAA
10.775,10.775,10.77,10.77,9600,2021-07-12 17:56:00,PAA
10.77,10.77,10.76,10.765,19743,2021-07-12 17:57:00,PAA
10.765,10.767,10.76,10.76,12532,2021-07-12 17:58:00,PAA
10.76,10.77,10.76,10.765,4800,2021-07-12 17:59:00,PAA
10.765,10.77,10.76,10.76,66131,2021-07-12 18:00:00,PAA
10.76,10.7699,10.76,10.765,4200,2021-07-12 18:01:00,PAA
10.765,10.77,10.76,10.7625,8900,2021-07-12 18:02:00,PAA
10.7625,10.79,10.7625,10.79,15914,2021-07-12 18:03:00,PAA
10.795,10.8,10.795,10.8,4700,2021-07-12 18:04:00,PAA
10.7986,10.815,10.795,10.815,10137,2021-07-12 18:05:00,PAA
10.815,10.82,10.81,10.8195,7850,2021-07-12 18:06:00,PAA
10.8101,10.815,10.8,10.8,15723,2021-07-12 18:07:00,PAA
10.8,10.8,10.7925,10.7925,2430,2021-07-12 18:08:00,PAA
10.8,10.8,10.7925,10.795,6592,2021-07-12 18:09:00,PAA
10.8,10.8,10.77,10.775,61107,2021-07-12 18:10:00,PAA
10.775,10.7799,10.77,10.77,3825,2021-07-12 18:11:00,PAA
10.77,10.775,10.76,10.76,15848,2021-07-12 18:12:00,PAA
10.76,10.7655,10.75,10.75,71446,2021-07-12 18:13:00,PAA
10.75,10.755,10.75,10.755,3800,2021-07-12 18:14:00,PAA
10.755,10.76,10.7525,10.755,3594,2021-07-12 18:15:00,PAA
10.755,10.755,10.75,10.755,1000,2021-07-12 18:16:00,PAA
10.75,10.77,10.75,10.7663,12022,2021-07-12 18:17:00,PAA
10.765,10.77,10.76,10.77,7400,2021-07-12 18:18:00,PAA
10.76,10.775,10.76,10.775,9252,2021-07-12 18:19:00,PAA
10.78,10.79,10.775,10.785,6787,2021-07-12 18:20:00,PAA
10.785,10.785,10.785,10.785,100,2021-07-12 18:21:00,PAA
10.785,10.785,10.785,10.785,200,2021-07-12 18:22:00,PAA
10.785,10.785,10.765,10.77,49988,2021-07-12 18:23:00,PAA
10.765,10.77,10.76,10.77,3724,2021-07-12 18:24:00,PAA
10.77,10.775,10.76,10.76,13901,2021-07-12 18:25:00,PAA
10.76,10.77,10.76,10.77,3003,2021-07-12 18:26:00,PAA
10.77,10.785,10.7625,10.78,8874,2021-07-12 18:27:00,PAA
10.7801,10.7801,10.77,10.78,6230,2021-07-12 18:28:00,PAA
10.79,10.79,10.785,10.785,999,2021-07-12 18:29:00,PAA
10.785,10.785,10.785,10.785,100,2021-07-12 18:30:00,PAA
10.785,10.8,10.785,10.795,13690,2021-07-12 18:31:00,PAA
10.79,10.7968,10.79,10.795,5538,2021-07-12 18:32:00,PAA
10.795,10.8,10.79,10.8,6285,2021-07-12 18:33:00,PAA
10.795,10.8,10.795,10.795,2769,2021-07-12 18:34:00,PAA
10.7973,10.8082,10.795,10.8,5456,2021-07-12 18:35:00,PAA
10.805,10.805,10.805,10.805,700,2021-07-12 18:36:00,PAA
10.805,10.81,10.8035,10.805,3654,2021-07-12 18:37:00,PAA
10.81,10.81,10.805,10.805,1962,2021-07-12 18:38:00,PAA
10.805,10.8056,10.8,10.8056,2000,2021-07-12 18:39:00,PAA
10.805,10.81,10.8,10.805,2604,2021-07-12 18:40:00,PAA
10.805,10.805,10.8,10.8,8652,2021-07-12 18:41:00,PAA
10.8,10.81,10.795,10.8025,29756,2021-07-12 18:42:00,PAA
10.805,10.81,10.8,10.8001,4379,2021-07-12 18:43:00,PAA
10.805,10.805,10.805,10.805,200,2021-07-12 18:44:00,PAA
10.8025,10.805,10.8,10.805,1650,2021-07-12 18:45:00,PAA
10.805,10.805,10.805,10.805,900,2021-07-12 18:46:00,PAA
10.805,10.81,10.8,10.805,1700,2021-07-12 18:47:00,PAA
10.81,10.81,10.8,10.8,3125,2021-07-12 18:48:00,PAA
10.805,10.807,10.8,10.8,3400,2021-07-12 18:49:00,PAA
10.8,10.805,10.8,10.805,6900,2021-07-12 18:50:00,PAA
10.8,10.805,10.8,10.8,42522,2021-07-12 18:51:00,PAA
10.8,10.81,10.8,10.8,2200,2021-07-12 18:52:00,PAA
10.8,10.805,10.8,10.8,5922,2021-07-12 18:53:00,PAA
10.805,10.805,10.8,10.8,600,2021-07-12 18:54:00,PAA
10.805,10.805,10.8,10.805,2550,2021-07-12 18:55:00,PAA
10.8,10.805,10.8,10.8,800,2021-07-12 18:56:00,PAA
10.805,10.81,10.8,10.805,3419,2021-07-12 18:57:00,PAA
10.805,10.825,10.805,10.825,13726,2021-07-12 18:58:00,PAA
10.825,10.825,10.82,10.825,1000,2021-07-12 18:59:00,PAA
10.82,10.825,10.82,10.82,740,2021-07-12 19:00:00,PAA
10.825,10.83,10.82,10.82,6110,2021-07-12 19:01:00,PAA
10.82,10.82,10.82,10.82,100,2021-07-12 19:02:00,PAA
10.825,10.825,10.82,10.82,1400,2021-07-12 19:03:00,PAA
10.825,10.825,10.82,10.82,1000,2021-07-12 19:04:00,PAA
10.82,10.825,10.82,10.82,4400,2021-07-12 19:05:00,PAA
10.8265,10.8265,10.81,10.81,5969,2021-07-12 19:06:00,PAA
10.8199,10.82,10.81,10.815,8200,2021-07-12 19:07:00,PAA
10.82,10.82,10.81,10.815,6800,2021-07-12 19:08:00,PAA
10.8199,10.8199,10.8,10.8,8635,2021-07-12 19:09:00,PAA
10.8,10.8065,10.8,10.8,8305,2021-07-12 19:10:00,PAA
10.8055,10.8055,10.8,10.8,600,2021-07-12 19:11:00,PAA
10.8,10.8,10.795,10.795,12212,2021-07-12 19:12:00,PAA
10.79,10.795,10.79,10.795,300,2021-07-12 19:13:00,PAA
10.795,10.795,10.79,10.79,4325,2021-07-12 19:14:00,PAA
10.79,10.8,10.785,10.8,25716,2021-07-12 19:15:00,PAA
10.796,10.796,10.79,10.795,4021,2021-07-12 19:16:00,PAA
10.7973,10.7973,10.79,10.79,31400,2021-07-12 19:17:00,PAA
10.79,10.797,10.79,10.797,19539,2021-07-12 19:18:00,PAA
10.795,10.795,10.79,10.79,3300,2021-07-12 19:19:00,PAA
10.795,10.8,10.79,10.795,24174,2021-07-12 19:20:00,PAA
10.795,10.81,10.795,10.81,17059,2021-07-12 19:21:00,PAA
10.805,10.805,10.79,10.79,25031,2021-07-12 19:22:00,PAA
10.795,10.795,10.79,10.79,9000,2021-07-12 19:23:00,PAA
10.795,10.795,10.79,10.795,2421,2021-07-12 19:24:00,PAA
10.795,10.8,10.795,10.795,3600,2021-07-12 19:25:00,PAA
10.7957,10.815,10.795,10.815,14587,2021-07-12 19:26:00,PAA
10.81,10.815,10.81,10.815,950,2021-07-12 19:27:00,PAA
10.815,10.815,10.81,10.815,10200,2021-07-12 19:28:00,PAA
10.815,10.82,10.81,10.815,6400,2021-07-12 19:29:00,PAA
10.815,10.815,10.8,10.805,8694,2021-07-12 19:30:00,PAA
10.805,10.805,10.805,10.805,1500,2021-07-12 19:31:00,PAA
10.805,10.805,10.795,10.795,18674,2021-07-12 19:32:00,PAA
10.795,10.795,10.79,10.795,8170,2021-07-12 19:33:00,PAA
10.795,10.795,10.79,10.795,1900,2021-07-12 19:34:00,PAA
10.79,10.795,10.7846,10.785,15746,2021-07-12 19:35:00,PAA
10.785,10.785,10.78,10.78,12200,2021-07-12 19:36:00,PAA
10.785,10.785,10.77,10.77,24986,2021-07-12 19:37:00,PAA
10.7725,10.7725,10.76,10.76,18951,2021-07-12 19:38:00,PAA
10.76,10.76,10.73,10.735,24929,2021-07-12 19:39:00,PAA
10.735,10.745,10.735,10.74,12995,2021-07-12 19:40:00,PAA
10.74,10.7402,10.73,10.73,13234,2021-07-12 19:41:00,PAA
10.74,10.75,10.735,10.74,22100,2021-07-12 19:42:00,PAA
10.74,10.747,10.73,10.73,17081,2021-07-12 19:43:00,PAA
10.73,10.73,10.72,10.72,13928,2021-07-12 19:44:00,PAA
10.725,10.74,10.72,10.735,24730,2021-07-12 19:45:00,PAA
10.735,10.7355,10.72,10.72,29015,2021-07-12 19:46:00,PAA
10.72,10.73,10.72,10.725,5122,2021-07-12 19:47:00,PAA
10.72,10.735,10.72,10.735,14295,2021-07-12 19:48:00,PAA
10.735,10.75,10.735,10.745,14843,2021-07-12 19:49:00,PAA
10.75,10.77,10.74,10.765,92908,2021-07-12 19:50:00,PAA
10.765,10.765,10.75,10.75,23113,2021-07-12 19:51:00,PAA
10.75,10.7556,10.74,10.745,21502,2021-07-12 19:52:00,PAA
10.745,10.75,10.74,10.74,10677,2021-07-12 19:53:00,PAA
10.74,10.7456,10.74,10.74,11718,2021-07-12 19:54:00,PAA
10.74,10.745,10.72,10.72,29956,2021-07-12 19:55:00,PAA
10.72,10.725,10.71,10.71,33640,2021-07-12 19:56:00,PAA
10.715,10.72,10.71,10.715,52536,2021-07-12 19:57:00,PAA
10.715,10.75,10.71,10.7443,101875,2021-07-12 19:58:00,PAA
10.74,10.745,10.72,10.72,94836,2021-07-12 19:59:00,PAA
10.74,10.74,10.74,10.74,104599,2021-07-12 20:00:00,PAA
10.79,10.79,10.79,10.79,830,2021-07-12 20:44:00,PAA
10.74,10.74,10.74,10.74,46520,2021-07-12 20:52:00,PAA
10.8,10.8,10.8,10.8,100,2021-07-12 21:04:00,PAA
10.8,10.8,10.8,10.8,100,2021-07-12 21:06:00,PAA
10.76,10.76,10.76,10.76,800,2021-07-12 21:10:00,PAA
10.75,10.75,10.75,10.75,17322,2021-07-12 21:12:00,PAA
10.75,10.75,10.75,10.75,2000,2021-07-12 21:26:00,PAA
10.8,10.8,10.8,10.8,100,2021-07-12 21:46:00,PAA
10.8,10.8,10.8,10.8,376,2021-07-12 22:28:00,PAA
10.8,10.8,10.8,10.8,1764,2021-07-12 23:12:00,PAA
10.8,10.8,10.8,10.8,7000,2021-07-12 23:28:00,PAA
10.8,10.8,10.8,10.8,300,2021-07-13 12:46:00,PAA
10.72,10.72,10.72,10.72,584,2021-07-13 12:59:00,PAA
10.85,10.85,10.85,10.85,5000,2021-07-13 13:13:00,PAA
10.86,10.87,10.86,10.86,6453,2021-07-13 13:25:00,PAA
10.88,10.88,10.88,10.88,300,2021-07-13 13:29:00,PAA
10.88,10.88,10.81,10.86,90556,2021-07-13 13:30:00,PAA
10.86,10.88,10.85,10.86,28054,2021-07-13 13:31:00,PAA
10.86,10.88,10.85,10.87,39163,2021-07-13 13:32:00,PAA
10.8699,10.88,10.8,10.8,84736,2021-07-13 13:33:00,PAA
10.805,10.86,10.77,10.86,82633,2021-07-13 13:34:00,PAA
10.855,10.87,10.8,10.86,43435,2021-07-13 13:35:00,PAA
10.85,10.91,10.85,10.91,23007,2021-07-13 13:36:00,PAA
10.915,10.92,10.9,10.905,26784,2021-07-13 13:37:00,PAA
10.91,10.938,10.895,10.93,17619,2021-07-13 13:38:00,PAA
10.94,10.94,10.93,10.93,5600,2021-07-13 13:39:00,PAA
10.9308,10.9399,10.9,10.93,30007,2021-07-13 13:40:00,PAA
10.92,10.92,10.875,10.88,32502,2021-07-13 13:41:00,PAA
10.89,10.89,10.865,10.865,10849,2021-07-13 13:42:00,PAA
10.87,10.87,10.865,10.869,4250,2021-07-13 13:43:00,PAA
10.865,10.87,10.86,10.865,14536,2021-07-13 13:44:00,PAA
10.87,10.885,10.85,10.885,41804,2021-07-13 13:45:00,PAA
10.89,10.91,10.88,10.885,14144,2021-07-13 13:46:00,PAA
10.885,10.89,10.87,10.88,8461,2021-07-13 13:47:00,PAA
10.87,10.88,10.86,10.87,44679,2021-07-13 13:48:00,PAA
10.87,10.87,10.83,10.83,7200,2021-07-13 13:49:00,PAA
10.83,10.83,10.8,10.805,61705,2021-07-13 13:50:00,PAA
10.81,10.815,10.8,10.8,16009,2021-07-13 13:51:00,PAA
10.805,10.82,10.805,10.81,10963,2021-07-13 13:52:00,PAA
10.82,10.83,10.81,10.825,39847,2021-07-13 13:53:00,PAA
10.82,10.845,10.82,10.84,10020,2021-07-13 13:54:00,PAA
10.84,10.84,10.82,10.82,13802,2021-07-13 13:55:00,PAA
10.82,10.825,10.81,10.81,41451,2021-07-13 13:56:00,PAA
10.81,10.83,10.81,10.815,16209,2021-07-13 13:57:00,PAA
10.815,10.82,10.8124,10.8124,750,2021-07-13 13:58:00,PAA
10.81,10.83,10.805,10.83,50754,2021-07-13 13:59:00,PAA
10.82,10.82,10.7894,10.8,352390,2021-07-13 14:00:00,PAA
10.8,10.8,10.78,10.78,33940,2021-07-13 14:01:00,PAA
10.785,10.785,10.755,10.755,35825,2021-07-13 14:02:00,PAA
10.75,10.76,10.75,10.7599,11114,2021-07-13 14:03:00,PAA
10.76,10.76,10.72,10.7233,31341,2021-07-13 14:04:00,PAA
10.73,10.75,10.73,10.735,138022,2021-07-13 14:05:00,PAA
10.735,10.74,10.72,10.73,20720,2021-07-13 14:06:00,PAA
10.73,10.745,10.73,10.745,66256,2021-07-13 14:07:00,PAA
10.745,10.7599,10.74,10.755,17843,2021-07-13 14:08:00,PAA
10.75,10.8,10.75,10.8,44148,2021-07-13 14:09:00,PAA
10.797,10.8099,10.79,10.8,14238,2021-07-13 14:10:00,PAA
10.8,10.8,10.78,10.79,6263,2021-07-13 14:11:00,PAA
10.78,10.79,10.77,10.77,11938,2021-07-13 14:12:00,PAA
10.78,10.79,10.78,10.79,6962,2021-07-13 14:13:00,PAA
10.79,10.79,10.761,10.77,10900,2021-07-13 14:14:00,PAA
10.77,10.79,10.77,10.79,5668,2021-07-13 14:15:00,PAA
10.78,10.79,10.78,10.79,2200,2021-07-13 14:16:00,PAA
10.79,10.81,10.79,10.795,35093,2021-07-13 14:17:00,PAA
10.8,10.8111,10.795,10.8111,3503,2021-07-13 14:18:00,PAA
10.818,10.818,10.81,10.815,1311,2021-07-13 14:19:00,PAA
10.815,10.8191,10.79,10.795,14332,2021-07-13 14:20:00,PAA
10.79,10.795,10.79,10.79,500,2021-07-13 14:21:00,PAA
10.79,10.79,10.785,10.785,6296,2021-07-13 14:22:00,PAA
10.79,10.81,10.79,10.81,6311,2021-07-13 14:23:00,PAA
10.81,10.82,10.8,10.81,7521,2021-07-13 14:24:00,PAA
10.805,10.805,10.7944,10.7985,12599,2021-07-13 14:25:00,PAA
10.795,10.8,10.79,10.8,800,2021-07-13 14:26:00,PAA
10.7951,10.81,10.7951,10.805,12320,2021-07-13 14:27:00,PAA
10.8,10.8,10.79,10.795,39381,2021-07-13 14:28:00,PAA
10.8,10.82,10.7942,10.82,16061,2021-07-13 14:29:00,PAA
10.82,10.83,10.82,10.83,11939,2021-07-13 14:30:00,PAA
10.83,10.84,10.83,10.835,53227,2021-07-13 14:31:00,PAA
10.835,10.835,10.81,10.815,70829,2021-07-13 14:32:00,PAA
10.82,10.82,10.8,10.81,166324,2021-07-13 14:33:00,PAA
10.81,10.81,10.8,10.8,9192,2021-07-13 14:34:00,PAA
10.8,10.805,10.78,10.785,42226,2021-07-13 14:35:00,PAA
10.79,10.8,10.78,10.795,15309,2021-07-13 14:36:00,PAA
10.8,10.83,10.795,10.795,69896,2021-07-13 14:37:00,PAA
10.79,10.8,10.79,10.8,2200,2021-07-13 14:38:00,PAA
10.795,10.82,10.795,10.805,40030,2021-07-13 14:39:00,PAA
10.815,10.815,10.78,10.78,13599,2021-07-13 14:40:00,PAA
10.78,10.785,10.775,10.785,18672,2021-07-13 14:41:00,PAA
10.79,10.79,10.78,10.78,18217,2021-07-13 14:42:00,PAA
10.78,10.79,10.78,10.79,4000,2021-07-13 14:43:00,PAA
10.78,10.78,10.77,10.775,36320,2021-07-13 14:44:00,PAA
10.78,10.78,10.755,10.76,15509,2021-07-13 14:45:00,PAA
10.755,10.77,10.755,10.765,10713,2021-07-13 14:46:00,PAA
10.77,10.77,10.765,10.765,1346,2021-07-13 14:47:00,PAA
10.77,10.79,10.755,10.785,61705,2021-07-13 14:48:00,PAA
10.785,10.79,10.78,10.78,11377,2021-07-13 14:49:00,PAA
10.784,10.79,10.784,10.79,5534,2021-07-13 14:50:00,PAA
10.79,10.79,10.78,10.785,4775,2021-07-13 14:51:00,PAA
10.79,10.805,10.785,10.805,8428,2021-07-13 14:52:00,PAA
10.81,10.83,10.81,10.815,22410,2021-07-13 14:53:00,PAA
10.81,10.82,10.8,10.8,19102,2021-07-13 14:54:00,PAA
10.805,10.82,10.79,10.82,24714,2021-07-13 14:55:00,PAA
10.81,10.83,10.81,10.83,5889,2021-07-13 14:56:00,PAA
10.83,10.845,10.83,10.835,8317,2021-07-13 14:57:00,PAA
10.835,10.84,10.83,10.84,6200,2021-07-13 14:58:00,PAA
10.84,10.84,10.83,10.835,1441,2021-07-13 14:59:00,PAA
10.835,10.84,10.835,10.835,2000,2021-07-13 15:00:00,PAA
10.83,10.85,10.82,10.85,36372,2021-07-13 15:01:00,PAA
10.845,10.85,10.83,10.835,6961,2021-07-13 15:02:00,PAA
10.83,10.835,10.83,10.835,3500,2021-07-13 15:03:00,PAA
10.835,10.8367,10.835,10.8367,858,2021-07-13 15:04:00,PAA
10.83,10.835,10.82,10.82,5764,2021-07-13 15:05:00,PAA
10.82,10.85,10.82,10.85,32863,2021-07-13 15:06:00,PAA
10.85,10.85,10.84,10.85,3601,2021-07-13 15:07:00,PAA
10.85,10.85,10.8421,10.8421,4100,2021-07-13 15:08:00,PAA
10.85,10.85,10.84,10.84,4800,2021-07-13 15:09:00,PAA
10.84,10.85,10.84,10.85,2100,2021-07-13 15:10:00,PAA
10.85,10.86,10.85,10.855,17242,2021-07-13 15:11:00,PAA
10.85,10.86,10.84,10.84,6085,2021-07-13 15:12:00,PAA
10.845,10.845,10.84,10.845,4609,2021-07-13 15:13:00,PAA
10.845,10.845,10.845,10.845,300,2021-07-13 15:14:00,PAA
10.84,10.85,10.835,10.85,8099,2021-07-13 15:15:00,PAA
10.85,10.85,10.85,10.85,500,2021-07-13 15:16:00,PAA
10.85,10.86,10.85,10.855,21828,2021-07-13 15:17:00,PAA
10.86,10.86,10.855,10.855,2300,2021-07-13 15:18:00,PAA
10.855,10.855,10.84,10.8497,14342,2021-07-13 15:19:00,PAA
10.845,10.85,10.84,10.85,3429,2021-07-13 15:20:00,PAA
10.845,10.845,10.84,10.845,1000,2021-07-13 15:21:00,PAA
10.845,10.86,10.845,10.85,22744,2021-07-13 15:22:00,PAA
10.855,10.86,10.85,10.855,4600,2021-07-13 15:23:00,PAA
10.86,10.87,10.86,10.865,12979,2021-07-13 15:24:00,PAA
10.865,10.87,10.85,10.855,8999,2021-07-13 15:25:00,PAA
10.8501,10.87,10.8501,10.865,8200,2021-07-13 15:26:00,PAA
10.87,10.87,10.865,10.87,1800,2021-07-13 15:27:00,PAA
10.87,10.88,10.865,10.87,5300,2021-07-13 15:28:00,PAA
10.88,10.88,10.87,10.88,5100,2021-07-13 15:29:00,PAA
10.87,10.88,10.87,10.88,1300,2021-07-13 15:30:00,PAA
10.875,10.89,10.875,10.89,3871,2021-07-13 15:31:00,PAA
10.89,10.89,10.885,10.89,2300,2021-07-13 15:32:00,PAA
10.885,10.89,10.881,10.89,4800,2021-07-13 15:33:00,PAA
10.89,10.9,10.89,10.9,17198,2021-07-13 15:34:00,PAA
10.9,10.9,10.89,10.9,18746,2021-07-13 15:35:00,PAA
10.895,10.9,10.895,10.9,1800,2021-07-13 15:36:00,PAA
10.9,10.93,10.9,10.93,118958,2021-07-13 15:37:00,PAA
10.93,10.95,10.93,10.9412,7515,2021-07-13 15:38:00,PAA
10.95,10.95,10.91,10.915,33378,2021-07-13 15:39:00,PAA
10.915,10.915,10.91,10.915,2400,2021-07-13 15:40:00,PAA
10.91,10.925,10.905,10.925,41485,2021-07-13 15:41:00,PAA
10.925,10.925,10.91,10.91,6600,2021-07-13 15:42:00,PAA
10.91,10.91,10.9,10.9,4600,2021-07-13 15:43:00,PAA
10.9,10.904,10.9,10.9,2800,2021-07-13 15:44:00,PAA
10.905,10.905,10.9,10.9,2200,2021-07-13 15:45:00,PAA
10.905,10.905,10.9,10.905,5100,2021-07-13 15:46:00,PAA
10.9,10.9,10.89,10.89,3550,2021-07-13 15:47:00,PAA
10.89,10.895,10.89,10.89,3300,2021-07-13 15:48:00,PAA
10.89,10.8963,10.89,10.89,3100,2021-07-13 15:49:00,PAA
10.895,10.91,10.895,10.9048,15518,2021-07-13 15:50:00,PAA
10.91,10.91,10.9,10.905,2888,2021-07-13 15:51:00,PAA
10.905,10.91,10.9,10.9,800,2021-07-13 15:52:00,PAA
10.91,10.92,10.905,10.92,14324,2021-07-13 15:53:00,PAA
10.92,10.92,10.91,10.92,9569,2021-07-13 15:54:00,PAA
10.913,10.913,10.89,10.895,13530,2021-07-13 15:55:00,PAA
10.9,10.9,10.895,10.9,650,2021-07-13 15:56:00,PAA
10.895,10.9,10.89,10.895,3210,2021-07-13 15:57:00,PAA
10.9,10.92,10.895,10.92,6881,2021-07-13 15:58:00,PAA
10.91,10.92,10.91,10.915,3591,2021-07-13 15:59:00,PAA
10.91,10.93,10.91,10.93,2300,2021-07-13 16:00:00,PAA
10.93,10.935,10.9101,10.92,7893,2021-07-13 16:01:00,PAA
10.9138,10.9138,10.9101,10.9101,2100,2021-07-13 16:02:00,PAA
10.91,10.9141,10.91,10.91,1200,2021-07-13 16:03:00,PAA
10.916,10.916,10.91,10.915,500,2021-07-13 16:04:00,PAA
10.9174,10.92,10.91,10.91,2167,2021-07-13 16:05:00,PAA
10.915,10.925,10.915,10.92,8675,2021-07-13 16:06:00,PAA
10.92,10.925,10.92,10.925,2529,2021-07-13 16:07:00,PAA
10.925,10.925,10.925,10.925,500,2021-07-13 16:08:00,PAA
10.925,10.925,10.925,10.925,1100,2021-07-13 16:09:00,PAA
10.93,10.94,10.93,10.935,5278,2021-07-13 16:10:00,PAA
10.935,10.95,10.925,10.93,37981,2021-07-13 16:11:00,PAA
10.925,10.925,10.925,10.925,3400,2021-07-13 16:12:00,PAA
10.925,10.925,10.91,10.91,16150,2021-07-13 16:13:00,PAA
10.915,10.92,10.91,10.91,1696,2021-07-13 16:14:00,PAA
10.91,10.9199,10.91,10.91,1400,2021-07-13 16:15:00,PAA
10.9163,10.9163,10.9,10.9,8241,2021-07-13 16:16:00,PAA
10.9001,10.9099,10.9,10.905,2615,2021-07-13 16:17:00,PAA
10.905,10.905,10.89,10.89,4580,2021-07-13 16:18:00,PAA
10.89,10.89,10.88,10.88,2300,2021-07-13 16:19:00,PAA
10.885,10.9,10.885,10.89,12169,2021-07-13 16:20:00,PAA
10.9,10.905,10.9,10.905,1944,2021-07-13 16:21:00,PAA
10.905,10.905,10.89,10.895,7127,2021-07-13 16:22:00,PAA
10.9,10.91,10.9,10.9,3032,2021-07-13 16:23:00,PAA
10.9,10.9,10.89,10.89,2998,2021-07-13 16:24:00,PAA
10.89,10.89,10.89,10.89,400,2021-07-13 16:26:00,PAA
10.89,10.8914,10.89,10.89,1600,2021-07-13 16:27:00,PAA
10.9,10.9,10.89,10.89,2500,2021-07-13 16:28:00,PAA
10.89,10.895,10.89,10.89,500,2021-07-13 16:29:00,PAA
10.895,10.895,10.885,10.885,4900,2021-07-13 16:30:00,PAA
10.88,10.885,10.88,10.88,400,2021-07-13 16:31:00,PAA
10.88,10.88,10.88,10.88,200,2021-07-13 16:32:00,PAA
10.88,10.88,10.86,10.87,15194,2021-07-13 16:33:00,PAA
10.87,10.87,10.86,10.865,2862,2021-07-13 16:34:00,PAA
10.86,10.86,10.86,10.86,100,2021-07-13 16:35:00,PAA
10.86,10.86,10.86,10.86,100,2021-07-13 16:36:00,PAA
10.86,10.865,10.86,10.86,1321,2021-07-13 16:37:00,PAA
10.87,10.87,10.86,10.87,4100,2021-07-13 16:38:00,PAA
10.86,10.86,10.85,10.855,6222,2021-07-13 16:39:00,PAA
10.86,10.86,10.85,10.85,1300,2021-07-13 16:40:00,PAA
10.85,10.85,10.85,10.85,300,2021-07-13 16:41:00,PAA
10.855,10.86,10.85,10.85,19579,2021-07-13 16:42:00,PAA
10.85,10.86,10.83,10.83,63941,2021-07-13 16:43:00,PAA
10.83,10.83,10.82,10.825,39156,2021-07-13 16:44:00,PAA
10.83,10.84,10.83,10.84,10428,2021-07-13 16:45:00,PAA
10.84,10.845,10.84,10.845,700,2021-07-13 16:46:00,PAA
10.845,10.86,10.845,10.86,5305,2021-07-13 16:47:00,PAA
10.85,10.855,10.85,10.855,1500,2021-07-13 16:48:00,PAA
10.855,10.86,10.85,10.86,3500,2021-07-13 16:49:00,PAA
10.85,10.85,10.85,10.85,500,2021-07-13 16:50:00,PAA
10.855,10.86,10.835,10.835,10712,2021-07-13 16:51:00,PAA
10.835,10.835,10.835,10.835,200,2021-07-13 16:52:00,PAA
10.835,10.84,10.83,10.835,1852,2021-07-13 16:53:00,PAA
10.835,10.836,10.83,10.835,3400,2021-07-13 16:54:00,PAA
10.84,10.84,10.83,10.83,3100,2021-07-13 16:55:00,PAA
10.835,10.835,10.82,10.825,4173,2021-07-13 16:56:00,PAA
10.82,10.8299,10.82,10.825,2566,2021-07-13 16:57:00,PAA
10.82,10.82,10.82,10.82,600,2021-07-13 16:58:00,PAA
10.8299,10.8299,10.81,10.81,9940,2021-07-13 16:59:00,PAA
10.82,10.82,10.81,10.815,10300,2021-07-13 17:00:00,PAA
10.81,10.8117,10.81,10.81,300,2021-07-13 17:01:00,PAA
10.82,10.82,10.795,10.795,18665,2021-07-13 17:02:00,PAA
10.8,10.8,10.79,10.79,3500,2021-07-13 17:03:00,PAA
10.79,10.79,10.78,10.78,2229,2021-07-13 17:04:00,PAA
10.78,10.79,10.78,10.78,5700,2021-07-13 17:05:00,PAA
10.78,10.78,10.78,10.78,1400,2021-07-13 17:06:00,PAA
10.78,10.78,10.78,10.78,800,2021-07-13 17:07:00,PAA
10.78,10.78,10.77,10.77,7822,2021-07-13 17:08:00,PAA
10.77,10.77,10.77,10.77,701,2021-07-13 17:09:00,PAA
10.775,10.775,10.77,10.77,1500,2021-07-13 17:10:00,PAA
10.77,10.77,10.76,10.77,3550,2021-07-13 17:11:00,PAA
10.7682,10.7682,10.75,10.75,10570,2021-07-13 17:12:00,PAA
10.7571,10.77,10.75,10.7601,19082,2021-07-13 17:13:00,PAA
10.76,10.765,10.75,10.75,16486,2021-07-13 17:14:00,PAA
10.75,10.76,10.75,10.755,4061,2021-07-13 17:15:00,PAA
10.755,10.7699,10.755,10.76,11914,2021-07-13 17:16:00,PAA
10.76,10.767,10.76,10.76,6380,2021-07-13 17:17:00,PAA
10.765,10.7659,10.76,10.7659,784,2021-07-13 17:18:00,PAA
10.76,10.76,10.75,10.75,13115,2021-07-13 17:19:00,PAA
10.755,10.77,10.75,10.765,18278,2021-07-13 17:20:00,PAA
10.765,10.78,10.76,10.78,4141,2021-07-13 17:21:00,PAA
10.78,10.787,10.78,10.78,6721,2021-07-13 17:22:00,PAA
10.7865,10.79,10.7865,10.79,1450,2021-07-13 17:23:00,PAA
10.785,10.7874,10.78,10.7874,2450,2021-07-13 17:24:00,PAA
10.785,10.7872,10.785,10.785,1500,2021-07-13 17:26:00,PAA
10.78,10.78,10.78,10.78,300,2021-07-13 17:27:00,PAA
10.78,10.785,10.78,10.785,600,2021-07-13 17:28:00,PAA
10.78,10.79,10.78,10.785,1400,2021-07-13 17:30:00,PAA
10.785,10.79,10.78,10.785,996,2021-07-13 17:31:00,PAA
10.78,10.78,10.77,10.775,9354,2021-07-13 17:32:00,PAA
10.775,10.775,10.775,10.775,3603,2021-07-13 17:33:00,PAA
10.775,10.775,10.775,10.775,900,2021-07-13 17:34:00,PAA
10.775,10.78,10.775,10.775,1400,2021-07-13 17:35:00,PAA
10.775,10.775,10.775,10.775,400,2021-07-13 17:36:00,PAA
10.775,10.7783,10.77,10.77,2700,2021-07-13 17:37:00,PAA
10.77,10.7736,10.74,10.745,119627,2021-07-13 17:38:00,PAA
10.745,10.76,10.74,10.745,58035,2021-07-13 17:39:00,PAA
10.745,10.755,10.74,10.745,77706,2021-07-13 17:40:00,PAA
10.745,10.75,10.735,10.7443,24802,2021-07-13 17:41:00,PAA
10.745,10.755,10.745,10.75,3104,2021-07-13 17:42:00,PAA
10.755,10.755,10.74,10.745,9957,2021-07-13 17:43:00,PAA
10.745,10.7599,10.745,10.7556,6143,2021-07-13 17:44:00,PAA
10.755,10.7558,10.755,10.7558,714,2021-07-13 17:45:00,PAA
10.755,10.755,10.755,10.755,600,2021-07-13 17:46:00,PAA
10.755,10.7599,10.755,10.755,2600,2021-07-13 17:47:00,PAA
10.755,10.76,10.755,10.755,800,2021-07-13 17:48:00,PAA
10.755,10.76,10.755,10.76,1300,2021-07-13 17:49:00,PAA
10.755,10.79,10.755,10.785,10413,2021-07-13 17:50:00,PAA
10.79,10.795,10.79,10.795,5953,2021-07-13 17:51:00,PAA
10.795,10.8,10.795,10.795,1001,2021-07-13 17:52:00,PAA
10.795,10.795,10.79,10.795,1600,2021-07-13 17:53:00,PAA
10.8,10.8,10.8,10.8,900,2021-07-13 17:54:00,PAA
10.795,10.81,10.795,10.81,1191,2021-07-13 17:55:00,PAA
10.82,10.82,10.815,10.82,500,2021-07-13 17:56:00,PAA
10.82,10.82,10.82,10.82,600,2021-07-13 17:57:00,PAA
10.82,10.83,10.82,10.825,10054,2021-07-13 17:58:00,PAA
10.825,10.825,10.82,10.825,2200,2021-07-13 17:59:00,PAA
10.825,10.83,10.82,10.83,13349,2021-07-13 18:00:00,PAA
10.83,10.83,10.825,10.825,4761,2021-07-13 18:01:00,PAA
10.825,10.825,10.815,10.815,15333,2021-07-13 18:02:00,PAA
10.815,10.815,10.79,10.81,23130,2021-07-13 18:03:00,PAA
10.81,10.815,10.8,10.8,3788,2021-07-13 18:04:00,PAA
10.8,10.8062,10.8,10.805,1699,2021-07-13 18:05:00,PAA
10.8,10.8,10.8,10.8,100,2021-07-13 18:07:00,PAA
10.805,10.806,10.805,10.806,1800,2021-07-13 18:08:00,PAA
10.805,10.81,10.805,10.805,1200,2021-07-13 18:09:00,PAA
10.805,10.81,10.805,10.81,5800,2021-07-13 18:10:00,PAA
10.805,10.815,10.805,10.815,3590,2021-07-13 18:11:00,PAA
10.815,10.8199,10.815,10.815,610,2021-07-13 18:12:00,PAA
10.815,10.82,10.815,10.82,2300,2021-07-13 18:13:00,PAA
10.82,10.83,10.82,10.825,3859,2021-07-13 18:14:00,PAA
10.825,10.825,10.82,10.825,3400,2021-07-13 18:15:00,PAA
10.825,10.825,10.81,10.815,6150,2021-07-13 18:16:00,PAA
10.81,10.81,10.805,10.805,4950,2021-07-13 18:17:00,PAA
10.805,10.81,10.805,10.805,1900,2021-07-13 18:18:00,PAA
10.805,10.81,10.805,10.805,1700,2021-07-13 18:19:00,PAA
10.8,10.81,10.8,10.805,2078,2021-07-13 18:20:00,PAA
10.81,10.815,10.81,10.815,4025,2021-07-13 18:21:00,PAA
10.81,10.815,10.8,10.8,4432,2021-07-13 18:22:00,PAA
10.8,10.8001,10.795,10.795,3926,2021-07-13 18:23:00,PAA
10.795,10.81,10.795,10.8,12699,2021-07-13 18:24:00,PAA
10.8,10.8,10.78,10.785,11694,2021-07-13 18:25:00,PAA
10.785,10.79,10.78,10.78,4456,2021-07-13 18:26:00,PAA
10.785,10.785,10.78,10.785,2100,2021-07-13 18:27:00,PAA
10.785,10.785,10.785,10.785,800,2021-07-13 18:28:00,PAA
10.785,10.79,10.785,10.785,5428,2021-07-13 18:29:00,PAA
10.78,10.785,10.775,10.775,5477,2021-07-13 18:30:00,PAA
10.775,10.775,10.775,10.775,500,2021-07-13 18:31:00,PAA
10.775,10.775,10.775,10.775,500,2021-07-13 18:32:00,PAA
10.775,10.775,10.775,10.775,700,2021-07-13 18:33:00,PAA
10.775,10.78,10.77,10.775,2798,2021-07-13 18:34:00,PAA
10.775,10.775,10.775,10.775,400,2021-07-13 18:35:00,PAA
10.77,10.77,10.76,10.7618,8885,2021-07-13 18:36:00,PAA
10.765,10.765,10.76,10.765,600,2021-07-13 18:37:00,PAA
10.765,10.765,10.76,10.76,1900,2021-07-13 18:38:00,PAA
10.765,10.765,10.76,10.765,3940,2021-07-13 18:39:00,PAA
10.765,10.765,10.75,10.75,3365,2021-07-13 18:40:00,PAA
10.755,10.765,10.755,10.76,9508,2021-07-13 18:41:00,PAA
10.76,10.765,10.75,10.75,3550,2021-07-13 18:42:00,PAA
10.75,10.75,10.75,10.75,100,2021-07-13 18:43:00,PAA
10.75,10.75,10.74,10.7424,6145,2021-07-13 18:44:00,PAA
10.745,10.745,10.74,10.74,300,2021-07-13 18:45:00,PAA
10.75,10.75,10.74,10.745,3402,2021-07-13 18:46:00,PAA
10.745,10.745,10.745,10.745,113,2021-07-13 18:47:00,PAA
10.745,10.755,10.745,10.755,8155,2021-07-13 18:48:00,PAA
10.755,10.76,10.755,10.76,1713,2021-07-13 18:49:00,PAA
10.7693,10.7693,10.76,10.76,12962,2021-07-13 18:50:00,PAA
10.765,10.77,10.765,10.765,13080,2021-07-13 18:51:00,PAA
10.765,10.765,10.765,10.765,1400,2021-07-13 18:53:00,PAA
10.7601,10.765,10.7601,10.765,400,2021-07-13 18:54:00,PAA
10.76,10.77,10.76,10.7625,600,2021-07-13 18:55:00,PAA
10.765,10.775,10.765,10.77,7777,2021-07-13 18:56:00,PAA
10.775,10.776,10.77,10.77,1517,2021-07-13 18:57:00,PAA
10.775,10.78,10.775,10.775,400,2021-07-13 18:58:00,PAA
10.77,10.775,10.76,10.76,5243,2021-07-13 18:59:00,PAA
10.77,10.77,10.76,10.76,1000,2021-07-13 19:00:00,PAA
10.765,10.765,10.76,10.765,1300,2021-07-13 19:01:00,PAA
10.76,10.7656,10.76,10.7656,400,2021-07-13 19:02:00,PAA
10.76,10.7601,10.76,10.76,3320,2021-07-13 19:03:00,PAA
10.76,10.77,10.76,10.765,3191,2021-07-13 19:04:00,PAA
10.765,10.775,10.7624,10.77,7804,2021-07-13 19:05:00,PAA
10.77,10.775,10.77,10.775,600,2021-07-13 19:07:00,PAA
10.775,10.775,10.77,10.775,1400,2021-07-13 19:08:00,PAA
10.7704,10.7704,10.76,10.76,6973,2021-07-13 19:09:00,PAA
10.76,10.76,10.76,10.76,700,2021-07-13 19:10:00,PAA
10.76,10.76,10.74,10.74,7528,2021-07-13 19:11:00,PAA
10.75,10.75,10.745,10.745,3133,2021-07-13 19:12:00,PAA
10.7475,10.7499,10.74,10.74,4819,2021-07-13 19:13:00,PAA
10.74,10.74,10.73,10.7339,13264,2021-07-13 19:14:00,PAA
10.73,10.7317,10.71,10.7241,20667,2021-07-13 19:15:00,PAA
10.7256,10.7256,10.725,10.725,900,2021-07-13 19:16:00,PAA
10.72,10.72,10.72,10.72,900,2021-07-13 19:17:00,PAA
10.72,10.74,10.72,10.73,15228,2021-07-13 19:18:00,PAA
10.73,10.73,10.72,10.7255,3840,2021-07-13 19:19:00,PAA
10.72,10.7217,10.72,10.72,3823,2021-07-13 19:20:00,PAA
10.72,10.72,10.71,10.71,3452,2021-07-13 19:21:00,PAA
10.7102,10.7102,10.7,10.7,9891,2021-07-13 19:22:00,PAA
10.7,10.7,10.7,10.7,3059,2021-07-13 19:23:00,PAA
10.7,10.7072,10.7,10.7,2800,2021-07-13 19:25:00,PAA
10.705,10.7071,10.7,10.7,9461,2021-07-13 19:26:00,PAA
10.7,10.7,10.69,10.69,8153,2021-07-13 19:27:00,PAA
10.69,10.6904,10.69,10.69,1407,2021-07-13 19:28:00,PAA
10.69,10.7,10.68,10.69,20854,2021-07-13 19:29:00,PAA
10.695,10.6999,10.69,10.69,1921,2021-07-13 19:30:00,PAA
10.69,10.695,10.67,10.67,6338,2021-07-13 19:31:00,PAA
10.68,10.685,10.675,10.685,11863,2021-07-13 19:32:00,PAA
10.685,10.685,10.68,10.68,1076,2021-07-13 19:33:00,PAA
10.6855,10.7,10.68,10.7,11154,2021-07-13 19:34:00,PAA
10.6977,10.7,10.69,10.69,12972,2021-07-13 19:35:00,PAA
10.69,10.69,10.68,10.68,5902,2021-07-13 19:36:00,PAA
10.685,10.69,10.685,10.685,1100,2021-07-13 19:37:00,PAA
10.68,10.68,10.66,10.665,25405,2021-07-13 19:38:00,PAA
10.665,10.665,10.66,10.665,4400,2021-07-13 19:39:00,PAA
10.665,10.67,10.66,10.67,2400,2021-07-13 19:40:00,PAA
10.665,10.67,10.66,10.66,3052,2021-07-13 19:41:00,PAA
10.665,10.68,10.66,10.665,29445,2021-07-13 19:42:00,PAA
10.6699,10.6699,10.6699,10.6699,200,2021-07-13 19:43:00,PAA
10.6656,10.6656,10.66,10.66,1803,2021-07-13 19:44:00,PAA
10.665,10.665,10.655,10.655,5428,2021-07-13 19:45:00,PAA
10.65,10.6562,10.645,10.655,31305,2021-07-13 19:46:00,PAA
10.655,10.67,10.655,10.665,17291,2021-07-13 19:47:00,PAA
10.665,10.67,10.66,10.665,4582,2021-07-13 19:48:00,PAA
10.66,10.6656,10.66,10.66,10184,2021-07-13 19:49:00,PAA
10.66,10.66,10.65,10.6559,79295,2021-07-13 19:50:00,PAA
10.655,10.66,10.655,10.655,12209,2021-07-13 19:51:00,PAA
10.655,10.67,10.655,10.6664,34613,2021-07-13 19:52:00,PAA
10.6699,10.6699,10.66,10.665,32318,2021-07-13 19:53:00,PAA
10.665,10.6699,10.65,10.65,56220,2021-07-13 19:54:00,PAA
10.65,10.67,10.64,10.67,66459,2021-07-13 19:55:00,PAA
10.67,10.67,10.665,10.67,11571,2021-07-13 19:56:00,PAA
10.665,10.67,10.66,10.66,25583,2021-07-13 19:57:00,PAA
10.66,10.6668,10.65,10.655,29963,2021-07-13 19:58:00,PAA
10.655,10.67,10.65,10.66,42137,2021-07-13 19:59:00,PAA
10.66,10.66,10.66,10.66,159914,2021-07-13 20:00:00,PAA
10.67,10.7,10.67,10.7,500,2021-07-13 20:04:00,PAA
10.71,10.71,10.71,10.71,500,2021-07-13 20:07:00,PAA
10.7,10.7,10.7,10.7,1000,2021-07-13 20:12:00,PAA
10.73,10.73,10.73,10.73,500,2021-07-13 20:17:00,PAA
10.75,10.75,10.75,10.75,100,2021-07-13 20:18:00,PAA
10.75,10.75,10.75,10.75,250,2021-07-13 21:02:00,PAA
10.76,10.76,10.76,10.76,500,2021-07-13 21:16:00,PAA
10.75,10.75,10.75,10.75,1000,2021-07-13 21:26:00,PAA
10.75,10.75,10.75,10.75,1150,2021-07-13 21:27:00,PAA
10.73,10.73,10.73,10.73,1000,2021-07-13 22:37:00,PAA
10.73,10.73,10.73,10.73,200,2021-07-13 22:40:00,PAA
10.73,10.73,10.73,10.73,700,2021-07-13 22:46:00,PAA
10.73,10.73,10.73,10.73,300,2021-07-13 22:58:00,PAA
10.73,10.73,10.73,10.73,400,2021-07-13 23:00:00,PAA
10.73,10.73,10.73,10.73,400,2021-07-13 23:01:00,PAA
10.73,10.73,10.73,10.73,800,2021-07-13 23:02:00,PAA
10.73,10.73,10.73,10.73,400,2021-07-13 23:03:00,PAA
10.73,10.73,10.73,10.73,2000,2021-07-13 23:39:00,PAA
10.73,10.73,10.73,10.73,3000,2021-07-13 23:40:00,PAA
10.66,10.66,10.66,10.66,35718,2021-07-14 12:27:00,PAA
10.75,10.75,10.75,10.75,100,2021-07-14 13:12:00,PAA
10.75,10.75,10.75,10.75,100,2021-07-14 13:16:00,PAA
10.7499,10.7499,10.66,10.66,546,2021-07-14 13:17:00,PAA
10.7,10.749,10.7,10.74,33091,2021-07-14 13:30:00,PAA
10.74,10.76,10.73,10.76,8901,2021-07-14 13:31:00,PAA
10.765,10.775,10.76,10.7608,18400,2021-07-14 13:32:00,PAA
10.77,10.775,10.72,10.72,5262,2021-07-14 13:33:00,PAA
10.74,10.78,10.74,10.78,6400,2021-07-14 13:34:00,PAA
10.79,10.81,10.7805,10.81,6800,2021-07-14 13:35:00,PAA
10.81,10.82,10.79,10.81,14790,2021-07-14 13:36:00,PAA
10.81,10.85,10.81,10.84,11931,2021-07-14 13:37:00,PAA
10.86,10.87,10.855,10.86,15451,2021-07-14 13:38:00,PAA
10.865,10.92,10.865,10.915,57060,2021-07-14 13:39:00,PAA
10.915,10.915,10.905,10.915,9067,2021-07-14 13:40:00,PAA
10.92,10.94,10.92,10.93,15420,2021-07-14 13:41:00,PAA
10.93,10.947,10.89,10.93,12599,2021-07-14 13:42:00,PAA
10.94,10.9405,10.91,10.91,9049,2021-07-14 13:43:00,PAA
10.9,10.905,10.895,10.895,1972,2021-07-14 13:44:00,PAA
10.89,10.9,10.84,10.85,8603,2021-07-14 13:45:00,PAA
10.85,10.865,10.84,10.86,1050,2021-07-14 13:46:00,PAA
10.855,10.855,10.85,10.855,700,2021-07-14 13:47:00,PAA
10.86,10.87,10.855,10.87,5407,2021-07-14 13:48:00,PAA
10.86,10.865,10.845,10.845,4500,2021-07-14 13:49:00,PAA
10.86,10.87,10.855,10.855,12184,2021-07-14 13:50:00,PAA
10.855,10.855,10.85,10.85,13740,2021-07-14 13:51:00,PAA
10.841,10.86,10.84,10.845,10971,2021-07-14 13:52:00,PAA
10.84,10.845,10.82,10.82,19030,2021-07-14 13:53:00,PAA
10.81,10.81,10.785,10.79,6400,2021-07-14 13:54:00,PAA
10.8,10.8,10.78,10.79,5300,2021-07-14 13:55:00,PAA
10.8,10.8,10.78,10.79,2700,2021-07-14 13:56:00,PAA
10.795,10.795,10.795,10.795,200,2021-07-14 13:57:00,PAA
10.8,10.815,10.79,10.8,8899,2021-07-14 13:58:00,PAA
10.795,10.795,10.77,10.775,4300,2021-07-14 13:59:00,PAA
10.78,10.78,10.75,10.75,11323,2021-07-14 14:00:00,PAA
10.745,10.765,10.745,10.765,6700,2021-07-14 14:01:00,PAA
10.7609,10.7609,10.75,10.75,3361,2021-07-14 14:02:00,PAA
10.7477,10.76,10.7393,10.75,17692,2021-07-14 14:03:00,PAA
10.755,10.76,10.75,10.76,7493,2021-07-14 14:04:00,PAA
10.76,10.785,10.76,10.78,13724,2021-07-14 14:05:00,PAA
10.79,10.805,10.78,10.785,15252,2021-07-14 14:06:00,PAA
10.78,10.79,10.78,10.79,7100,2021-07-14 14:07:00,PAA
10.79,10.795,10.78,10.78,5733,2021-07-14 14:08:00,PAA
10.785,10.79,10.78,10.79,1200,2021-07-14 14:09:00,PAA
10.785,10.795,10.785,10.795,3939,2021-07-14 14:10:00,PAA
10.8,10.815,10.8,10.805,7966,2021-07-14 14:11:00,PAA
10.8001,10.815,10.8,10.815,9542,2021-07-14 14:12:00,PAA
10.81,10.81,10.79,10.79,14100,2021-07-14 14:13:00,PAA
10.8,10.8,10.79,10.79,3499,2021-07-14 14:14:00,PAA
10.785,10.82,10.785,10.82,6834,2021-07-14 14:15:00,PAA
10.81,10.82,10.805,10.815,3000,2021-07-14 14:16:00,PAA
10.815,10.83,10.81,10.8201,4916,2021-07-14 14:17:00,PAA
10.825,10.83,10.82,10.825,4200,2021-07-14 14:18:00,PAA
10.82,10.82,10.81,10.81,3650,2021-07-14 14:19:00,PAA
10.81,10.8158,10.795,10.8,6858,2021-07-14 14:20:00,PAA
10.81,10.83,10.805,10.83,6819,2021-07-14 14:21:00,PAA
10.83,10.85,10.83,10.845,7619,2021-07-14 14:23:00,PAA
10.845,10.86,10.84,10.855,43203,2021-07-14 14:24:00,PAA
10.86,10.86,10.85,10.86,9698,2021-07-14 14:25:00,PAA
10.86,10.86,10.845,10.845,23126,2021-07-14 14:26:00,PAA
10.84,10.845,10.81,10.81,32989,2021-07-14 14:27:00,PAA
10.815,10.815,10.79,10.8,10848,2021-07-14 14:28:00,PAA
10.8088,10.815,10.8,10.81,25682,2021-07-14 14:29:00,PAA
10.81,10.82,10.81,10.82,6000,2021-07-14 14:30:00,PAA
10.82,10.82,10.78,10.78,15953,2021-07-14 14:31:00,PAA
10.77,10.7799,10.76,10.77,12025,2021-07-14 14:32:00,PAA
10.77,10.77,10.765,10.765,700,2021-07-14 14:33:00,PAA
10.765,10.77,10.75,10.755,13550,2021-07-14 14:34:00,PAA
10.75,10.765,10.74,10.76,12702,2021-07-14 14:35:00,PAA
10.775,10.775,10.76,10.76,19752,2021-07-14 14:36:00,PAA
10.76,10.76,10.74,10.745,5645,2021-07-14 14:37:00,PAA
10.745,10.76,10.73,10.76,9008,2021-07-14 14:38:00,PAA
10.755,10.76,10.75,10.76,1600,2021-07-14 14:39:00,PAA
10.75,10.76,10.75,10.76,5145,2021-07-14 14:40:00,PAA
10.77,10.77,10.7684,10.7684,1600,2021-07-14 14:41:00,PAA
10.76,10.77,10.76,10.765,6999,2021-07-14 14:42:00,PAA
10.77,10.78,10.76,10.765,8424,2021-07-14 14:43:00,PAA
10.77,10.77,10.76,10.765,600,2021-07-14 14:44:00,PAA
10.765,10.765,10.755,10.76,3200,2021-07-14 14:45:00,PAA
10.76,10.77,10.76,10.77,1900,2021-07-14 14:46:00,PAA
10.76,10.765,10.755,10.755,11800,2021-07-14 14:47:00,PAA
10.76,10.77,10.76,10.77,4200,2021-07-14 14:48:00,PAA
10.78,10.785,10.775,10.78,6266,2021-07-14 14:50:00,PAA
10.78,10.78,10.77,10.775,5804,2021-07-14 14:51:00,PAA
10.775,10.775,10.77,10.77,6113,2021-07-14 14:52:00,PAA
10.77,10.775,10.765,10.775,3592,2021-07-14 14:53:00,PAA
10.78,10.78,10.765,10.765,5238,2021-07-14 14:54:00,PAA
10.76,10.765,10.743,10.745,9265,2021-07-14 14:55:00,PAA
10.745,10.76,10.745,10.76,3400,2021-07-14 14:56:00,PAA
10.76,10.76,10.75,10.75,1100,2021-07-14 14:57:00,PAA
10.745,10.76,10.74,10.75,4200,2021-07-14 14:58:00,PAA
10.75,10.75,10.73,10.735,2600,2021-07-14 14:59:00,PAA
10.73,10.7309,10.725,10.73,3006,2021-07-14 15:00:00,PAA
10.7317,10.7317,10.715,10.72,6955,2021-07-14 15:01:00,PAA
10.72,10.73,10.72,10.73,700,2021-07-14 15:02:00,PAA
10.72,10.73,10.72,10.73,9592,2021-07-14 15:03:00,PAA
10.73,10.7399,10.7282,10.735,4400,2021-07-14 15:04:00,PAA
10.73,10.73,10.71,10.715,7102,2021-07-14 15:05:00,PAA
10.7177,10.72,10.67,10.685,117303,2021-07-14 15:06:00,PAA
10.69,10.7,10.69,10.695,17000,2021-07-14 15:07:00,PAA
10.695,10.695,10.6899,10.6899,8105,2021-07-14 15:08:00,PAA
10.68,10.68,10.67,10.67,7624,2021-07-14 15:09:00,PAA
10.675,10.68,10.67,10.675,3276,2021-07-14 15:10:00,PAA
10.675,10.69,10.675,10.685,5400,2021-07-14 15:11:00,PAA
10.685,10.685,10.675,10.675,3000,2021-07-14 15:12:00,PAA
10.68,10.68,10.67,10.67,1500,2021-07-14 15:13:00,PAA
10.675,10.68,10.67,10.67,800,2021-07-14 15:14:00,PAA
10.67,10.67,10.66,10.67,9075,2021-07-14 15:16:00,PAA
10.665,10.665,10.665,10.665,1000,2021-07-14 15:17:00,PAA
10.67,10.6775,10.665,10.675,4668,2021-07-14 15:18:00,PAA
10.67,10.68,10.67,10.68,5700,2021-07-14 15:19:00,PAA
10.68,10.685,10.68,10.68,300,2021-07-14 15:20:00,PAA
10.68,10.68,10.67,10.68,6022,2021-07-14 15:21:00,PAA
10.68,10.68,10.67,10.67,2100,2021-07-14 15:22:00,PAA
10.68,10.69,10.68,10.685,8600,2021-07-14 15:23:00,PAA
10.68,10.68,10.68,10.68,1300,2021-07-14 15:24:00,PAA
10.675,10.675,10.66,10.66,11872,2021-07-14 15:25:00,PAA
10.655,10.66,10.655,10.655,2800,2021-07-14 15:26:00,PAA
10.6564,10.6564,10.64,10.645,6893,2021-07-14 15:27:00,PAA
10.645,10.65,10.64,10.64,21800,2021-07-14 15:28:00,PAA
10.645,10.66,10.6438,10.66,24151,2021-07-14 15:29:00,PAA
10.655,10.68,10.655,10.68,3699,2021-07-14 15:30:00,PAA
10.6731,10.68,10.66,10.665,6483,2021-07-14 15:31:00,PAA
10.665,10.665,10.64,10.64,11434,2021-07-14 15:32:00,PAA
10.65,10.655,10.64,10.64,10005,2021-07-14 15:33:00,PAA
10.645,10.65,10.635,10.635,11565,2021-07-14 15:34:00,PAA
10.64,10.64,10.62,10.625,6200,2021-07-14 15:35:00,PAA
10.625,10.6277,10.6,10.6,8203,2021-07-14 15:36:00,PAA
10.6,10.615,10.6,10.61,20808,2021-07-14 15:37:00,PAA
10.61,10.61,10.6,10.605,4200,2021-07-14 15:38:00,PAA
10.605,10.605,10.59,10.595,4904,2021-07-14 15:39:00,PAA
10.59,10.59,10.57,10.575,10005,2021-07-14 15:40:00,PAA
10.57,10.575,10.57,10.57,1800,2021-07-14 15:41:00,PAA
10.57,10.57,10.55,10.55,12564,2021-07-14 15:42:00,PAA
10.55,10.565,10.55,10.56,27771,2021-07-14 15:43:00,PAA
10.5523,10.585,10.55,10.575,11668,2021-07-14 15:44:00,PAA
10.575,10.58,10.565,10.565,25134,2021-07-14 15:45:00,PAA
10.56,10.57,10.56,10.565,4842,2021-07-14 15:46:00,PAA
10.565,10.57,10.56,10.565,7000,2021-07-14 15:47:00,PAA
10.56,10.57,10.56,10.565,3112,2021-07-14 15:48:00,PAA
10.57,10.57,10.565,10.565,400,2021-07-14 15:49:00,PAA
10.56,10.565,10.53,10.55,163760,2021-07-14 15:50:00,PAA
10.5599,10.5599,10.55,10.55,2148,2021-07-14 15:51:00,PAA
10.54,10.5405,10.535,10.54,5810,2021-07-14 15:52:00,PAA
10.5473,10.56,10.5473,10.555,6405,2021-07-14 15:53:00,PAA
10.555,10.555,10.54,10.55,8572,2021-07-14 15:54:00,PAA
10.545,10.5457,10.52,10.52,10227,2021-07-14 15:55:00,PAA
10.515,10.52,10.51,10.515,21351,2021-07-14 15:56:00,PAA
10.515,10.515,10.5001,10.505,9840,2021-07-14 15:57:00,PAA
10.51,10.525,10.505,10.51,11437,2021-07-14 15:58:00,PAA
10.52,10.52,10.515,10.52,16490,2021-07-14 15:59:00,PAA
10.52,10.58,10.52,10.57,15659,2021-07-14 16:00:00,PAA
10.5728,10.62,10.5728,10.62,10214,2021-07-14 16:01:00,PAA
10.625,10.635,10.62,10.63,8925,2021-07-14 16:02:00,PAA
10.62,10.625,10.62,10.62,4383,2021-07-14 16:03:00,PAA
10.63,10.64,10.63,10.6399,2950,2021-07-14 16:04:00,PAA
10.63,10.64,10.61,10.61,12868,2021-07-14 16:05:00,PAA
10.618,10.618,10.61,10.615,5400,2021-07-14 16:06:00,PAA
10.615,10.615,10.605,10.605,5614,2021-07-14 16:07:00,PAA
10.605,10.61,10.6,10.6,2404,2021-07-14 16:08:00,PAA
10.6,10.6,10.59,10.59,9219,2021-07-14 16:09:00,PAA
10.585,10.585,10.58,10.58,2111,2021-07-14 16:10:00,PAA
10.59,10.605,10.585,10.59,10561,2021-07-14 16:11:00,PAA
10.6,10.6,10.58,10.58,10220,2021-07-14 16:12:00,PAA
10.575,10.575,10.575,10.575,1000,2021-07-14 16:13:00,PAA
10.575,10.5781,10.56,10.565,9846,2021-07-14 16:14:00,PAA
10.56,10.57,10.55,10.555,18079,2021-07-14 16:15:00,PAA
10.555,10.56,10.55,10.56,4343,2021-07-14 16:16:00,PAA
10.5591,10.57,10.555,10.56,9587,2021-07-14 16:17:00,PAA
10.56,10.5601,10.55,10.55,6145,2021-07-14 16:18:00,PAA
10.55,10.55,10.54,10.55,5250,2021-07-14 16:19:00,PAA
10.545,10.55,10.54,10.55,6800,2021-07-14 16:20:00,PAA
10.545,10.58,10.545,10.57,5144,2021-07-14 16:21:00,PAA
10.5793,10.6,10.5793,10.595,29089,2021-07-14 16:22:00,PAA
10.595,10.6,10.59,10.6,4100,2021-07-14 16:23:00,PAA
10.6,10.6,10.595,10.595,1508,2021-07-14 16:24:00,PAA
10.595,10.595,10.59,10.595,1500,2021-07-14 16:25:00,PAA
10.595,10.595,10.57,10.57,21811,2021-07-14 16:26:00,PAA
10.58,10.59,10.575,10.58,8902,2021-07-14 16:27:00,PAA
10.59,10.605,10.59,10.605,4100,2021-07-14 16:28:00,PAA
10.61,10.6101,10.61,10.6101,1100,2021-07-14 16:29:00,PAA
10.61,10.61,10.59,10.605,18958,2021-07-14 16:30:00,PAA
10.61,10.61,10.605,10.605,300,2021-07-14 16:31:00,PAA
10.61,10.635,10.61,10.635,16025,2021-07-14 16:32:00,PAA
10.63,10.635,10.625,10.63,6349,2021-07-14 16:33:00,PAA
10.63,10.64,10.6208,10.635,6328,2021-07-14 16:34:00,PAA
10.6374,10.6374,10.6301,10.6301,667,2021-07-14 16:35:00,PAA
10.63,10.63,10.62,10.62,5011,2021-07-14 16:36:00,PAA
10.62,10.62,10.61,10.615,12785,2021-07-14 16:37:00,PAA
10.615,10.63,10.615,10.625,8800,2021-07-14 16:38:00,PAA
10.625,10.645,10.625,10.64,2200,2021-07-14 16:39:00,PAA
10.64,10.64,10.63,10.635,11801,2021-07-14 16:40:00,PAA
10.6399,10.6399,10.62,10.63,5112,2021-07-14 16:41:00,PAA
10.625,10.625,10.62,10.62,1100,2021-07-14 16:42:00,PAA
10.62,10.62,10.605,10.605,12900,2021-07-14 16:43:00,PAA
10.6,10.6,10.6,10.6,300,2021-07-14 16:44:00,PAA
10.6,10.6,10.59,10.59,8340,2021-07-14 16:45:00,PAA
10.58,10.595,10.57,10.595,23669,2021-07-14 16:46:00,PAA
10.59,10.5957,10.59,10.5957,500,2021-07-14 16:47:00,PAA
10.595,10.61,10.58,10.6095,20926,2021-07-14 16:48:00,PAA
10.6034,10.615,10.6,10.6038,19082,2021-07-14 16:49:00,PAA
10.6,10.607,10.6,10.607,1700,2021-07-14 16:50:00,PAA
10.6,10.6,10.59,10.595,16534,2021-07-14 16:51:00,PAA
10.6,10.6,10.59,10.59,2779,2021-07-14 16:52:00,PAA
10.595,10.6163,10.595,10.61,27892,2021-07-14 16:53:00,PAA
10.61,10.61,10.605,10.605,500,2021-07-14 16:54:00,PAA
10.61,10.61,10.6,10.6,1977,2021-07-14 16:55:00,PAA
10.605,10.605,10.595,10.595,11610,2021-07-14 16:56:00,PAA
10.595,10.595,10.595,10.595,2400,2021-07-14 16:57:00,PAA
10.59,10.59,10.58,10.585,8800,2021-07-14 16:58:00,PAA
10.585,10.59,10.58,10.585,7700,2021-07-14 16:59:00,PAA
10.585,10.59,10.57,10.59,18500,2021-07-14 17:00:00,PAA
10.6,10.61,10.595,10.61,1200,2021-07-14 17:01:00,PAA
10.605,10.605,10.6,10.605,2739,2021-07-14 17:02:00,PAA
10.6,10.61,10.6,10.605,13916,2021-07-14 17:03:00,PAA
10.605,10.62,10.6001,10.615,14108,2021-07-14 17:04:00,PAA
10.61,10.61,10.6,10.6,4731,2021-07-14 17:05:00,PAA
10.6,10.6,10.59,10.59,2400,2021-07-14 17:06:00,PAA
10.59,10.59,10.58,10.58,7700,2021-07-14 17:07:00,PAA
10.58,10.58,10.58,10.58,1000,2021-07-14 17:08:00,PAA
10.58,10.58,10.56,10.56,5047,2021-07-14 17:09:00,PAA
10.565,10.57,10.56,10.56,6889,2021-07-14 17:10:00,PAA
10.56,10.575,10.555,10.57,19905,2021-07-14 17:11:00,PAA
10.575,10.5767,10.57,10.5767,2094,2021-07-14 17:12:00,PAA
10.58,10.58,10.56,10.56,47682,2021-07-14 17:13:00,PAA
10.565,10.565,10.56,10.565,34500,2021-07-14 17:14:00,PAA
10.56,10.56,10.555,10.555,27003,2021-07-14 17:15:00,PAA
10.55,10.555,10.53,10.53,10200,2021-07-14 17:16:00,PAA
10.53,10.53,10.52,10.52,2929,2021-07-14 17:17:00,PAA
10.52,10.52,10.5,10.505,5005,2021-07-14 17:18:00,PAA
10.51,10.51,10.5,10.5,3006,2021-07-14 17:19:00,PAA
10.5,10.5,10.49,10.49,24001,2021-07-14 17:20:00,PAA
10.485,10.5,10.48,10.495,24347,2021-07-14 17:21:00,PAA
10.5,10.53,10.5,10.525,31371,2021-07-14 17:22:00,PAA
10.525,10.525,10.52,10.52,1800,2021-07-14 17:23:00,PAA
10.52,10.54,10.52,10.54,39133,2021-07-14 17:24:00,PAA
10.53,10.535,10.525,10.5263,6436,2021-07-14 17:25:00,PAA
10.52,10.525,10.52,10.52,22579,2021-07-14 17:26:00,PAA
10.52,10.52,10.52,10.52,500,2021-07-14 17:27:00,PAA
10.52,10.525,10.52,10.525,1300,2021-07-14 17:28:00,PAA
10.53,10.54,10.525,10.535,13351,2021-07-14 17:29:00,PAA
10.54,10.55,10.54,10.545,4350,2021-07-14 17:30:00,PAA
10.55,10.55,10.55,10.55,100,2021-07-14 17:31:00,PAA
10.55,10.55,10.53,10.535,5087,2021-07-14 17:32:00,PAA
10.53,10.53,10.52,10.52,1935,2021-07-14 17:33:00,PAA
10.526,10.53,10.52,10.525,28151,2021-07-14 17:34:00,PAA
10.53,10.53,10.524,10.524,2993,2021-07-14 17:35:00,PAA
10.525,10.53,10.52,10.53,5718,2021-07-14 17:36:00,PAA
10.525,10.53,10.525,10.5258,1512,2021-07-14 17:37:00,PAA
10.53,10.54,10.53,10.53,7275,2021-07-14 17:38:00,PAA
10.532,10.532,10.53,10.53,7561,2021-07-14 17:39:00,PAA
10.525,10.525,10.5202,10.5202,5700,2021-07-14 17:40:00,PAA
10.52,10.525,10.515,10.515,2813,2021-07-14 17:41:00,PAA
10.51,10.51,10.5,10.5019,6875,2021-07-14 17:42:00,PAA
10.5,10.51,10.5,10.51,4550,2021-07-14 17:43:00,PAA
10.509,10.509,10.505,10.505,4250,2021-07-14 17:44:00,PAA
10.5,10.5,10.495,10.4992,9683,2021-07-14 17:45:00,PAA
10.5,10.51,10.4998,10.505,5070,2021-07-14 17:46:00,PAA
10.5,10.5,10.5,10.5,600,2021-07-14 17:47:00,PAA
10.5,10.52,10.5,10.515,12701,2021-07-14 17:48:00,PAA
10.515,10.515,10.51,10.51,1100,2021-07-14 17:49:00,PAA
10.515,10.52,10.515,10.52,1998,2021-07-14 17:50:00,PAA
10.515,10.52,10.515,10.515,3393,2021-07-14 17:51:00,PAA
10.52,10.52,10.52,10.52,500,2021-07-14 17:52:00,PAA
10.52,10.52,10.515,10.515,4200,2021-07-14 17:53:00,PAA
10.515,10.53,10.515,10.525,6564,2021-07-14 17:54:00,PAA
10.52,10.52,10.52,10.52,100,2021-07-14 17:55:00,PAA
10.523,10.523,10.523,10.523,800,2021-07-14 17:56:00,PAA
10.525,10.535,10.52,10.525,12452,2021-07-14 17:57:00,PAA
10.5294,10.53,10.525,10.53,5971,2021-07-14 17:58:00,PAA
10.53,10.5321,10.53,10.5321,2105,2021-07-14 17:59:00,PAA
10.54,10.54,10.535,10.5388,4000,2021-07-14 18:00:00,PAA
10.535,10.535,10.535,10.535,5054,2021-07-14 18:01:00,PAA
10.535,10.535,10.535,10.535,1064,2021-07-14 18:02:00,PAA
10.535,10.54,10.52,10.52,6930,2021-07-14 18:03:00,PAA
10.52,10.52,10.52,10.52,5400,2021-07-14 18:04:00,PAA
10.5156,10.5156,10.505,10.505,8179,2021-07-14 18:05:00,PAA
10.5,10.505,10.5,10.5,3100,2021-07-14 18:06:00,PAA
10.5024,10.5024,10.495,10.495,3450,2021-07-14 18:07:00,PAA
10.49,10.4974,10.49,10.4905,3415,2021-07-14 18:08:00,PAA
10.495,10.5,10.495,10.495,14692,2021-07-14 18:09:00,PAA
10.5,10.5161,10.5,10.5161,6678,2021-07-14 18:10:00,PAA
10.52,10.5256,10.515,10.515,11247,2021-07-14 18:11:00,PAA
10.52,10.52,10.515,10.515,2931,2021-07-14 18:12:00,PAA
10.52,10.53,10.52,10.5287,4905,2021-07-14 18:13:00,PAA
10.52,10.53,10.52,10.525,1782,2021-07-14 18:14:00,PAA
10.53,10.53,10.525,10.525,1141,2021-07-14 18:15:00,PAA
10.525,10.54,10.525,10.535,8299,2021-07-14 18:16:00,PAA
10.535,10.535,10.53,10.535,6816,2021-07-14 18:17:00,PAA
10.53,10.53,10.52,10.525,8800,2021-07-14 18:18:00,PAA
10.52,10.52,10.52,10.52,1500,2021-07-14 18:19:00,PAA
10.52,10.52,10.51,10.51,4800,2021-07-14 18:20:00,PAA
10.51,10.515,10.51,10.51,2010,2021-07-14 18:21:00,PAA
10.5118,10.52,10.51,10.515,7776,2021-07-14 18:22:00,PAA
10.5199,10.5199,10.515,10.515,2200,2021-07-14 18:23:00,PAA
10.515,10.515,10.51,10.51,2700,2021-07-14 18:24:00,PAA
10.515,10.5167,10.51,10.5167,2700,2021-07-14 18:25:00,PAA
10.51,10.515,10.5,10.505,12168,2021-07-14 18:26:00,PAA
10.505,10.52,10.5,10.515,5200,2021-07-14 18:27:00,PAA
10.515,10.52,10.515,10.515,4509,2021-07-14 18:28:00,PAA
10.52,10.52,10.51,10.51,9906,2021-07-14 18:29:00,PAA
10.515,10.515,10.51,10.51,2000,2021-07-14 18:30:00,PAA
10.51,10.52,10.5,10.52,13358,2021-07-14 18:31:00,PAA
10.515,10.515,10.51,10.51,1286,2021-07-14 18:32:00,PAA
10.51,10.51,10.51,10.51,1700,2021-07-14 18:33:00,PAA
10.51,10.5109,10.51,10.51,2500,2021-07-14 18:34:00,PAA
10.51,10.51,10.5,10.505,7220,2021-07-14 18:35:00,PAA
10.505,10.505,10.5,10.5,1387,2021-07-14 18:36:00,PAA
10.51,10.515,10.51,10.515,2833,2021-07-14 18:37:00,PAA
10.52,10.53,10.52,10.53,5000,2021-07-14 18:38:00,PAA
10.53,10.535,10.53,10.53,1300,2021-07-14 18:39:00,PAA
10.53,10.53,10.52,10.52,2377,2021-07-14 18:40:00,PAA
10.52,10.53,10.52,10.525,2600,2021-07-14 18:41:00,PAA
10.53,10.535,10.53,10.53,22580,2021-07-14 18:42:00,PAA
10.5301,10.545,10.5301,10.54,15935,2021-07-14 18:43:00,PAA
10.5401,10.5401,10.54,10.54,9887,2021-07-14 18:44:00,PAA
10.545,10.545,10.545,10.545,4700,2021-07-14 18:45:00,PAA
10.54,10.555,10.54,10.555,3121,2021-07-14 18:46:00,PAA
10.55,10.55,10.55,10.55,299,2021-07-14 18:47:00,PAA
10.56,10.565,10.56,10.565,2300,2021-07-14 18:48:00,PAA
10.57,10.57,10.568,10.568,3600,2021-07-14 18:49:00,PAA
10.57,10.575,10.57,10.57,4332,2021-07-14 18:50:00,PAA
10.575,10.59,10.57,10.57,28617,2021-07-14 18:51:00,PAA
10.57,10.57,10.57,10.57,454,2021-07-14 18:52:00,PAA
10.57,10.58,10.56,10.58,10018,2021-07-14 18:53:00,PAA
10.57,10.57,10.56,10.565,6625,2021-07-14 18:54:00,PAA
10.56,10.56,10.56,10.56,100,2021-07-14 18:55:00,PAA
10.565,10.5662,10.56,10.56,1452,2021-07-14 18:56:00,PAA
10.565,10.565,10.56,10.56,900,2021-07-14 18:57:00,PAA
10.56,10.56,10.55,10.55,22379,2021-07-14 18:58:00,PAA
10.555,10.56,10.55,10.55,1813,2021-07-14 18:59:00,PAA
10.56,10.56,10.56,10.56,1400,2021-07-14 19:00:00,PAA
10.56,10.56,10.5599,10.5599,1100,2021-07-14 19:01:00,PAA
10.5595,10.56,10.555,10.5582,21712,2021-07-14 19:02:00,PAA
10.555,10.56,10.5532,10.56,1725,2021-07-14 19:03:00,PAA
10.55,10.55,10.55,10.55,100,2021-07-14 19:04:00,PAA
10.555,10.555,10.555,10.555,1400,2021-07-14 19:05:00,PAA
10.555,10.57,10.555,10.57,4471,2021-07-14 19:06:00,PAA
10.57,10.58,10.57,10.58,1999,2021-07-14 19:07:00,PAA
10.575,10.575,10.57,10.575,6850,2021-07-14 19:08:00,PAA
10.57,10.575,10.57,10.575,600,2021-07-14 19:09:00,PAA
10.575,10.575,10.575,10.575,200,2021-07-14 19:10:00,PAA
10.57,10.575,10.57,10.575,1473,2021-07-14 19:11:00,PAA
10.575,10.575,10.57,10.57,2650,2021-07-14 19:12:00,PAA
10.57,10.57,10.56,10.57,8645,2021-07-14 19:13:00,PAA
10.56,10.5601,10.555,10.555,8900,2021-07-14 19:14:00,PAA
10.55,10.55,10.55,10.55,930,2021-07-14 19:15:00,PAA
10.55,10.55,10.55,10.55,500,2021-07-14 19:16:00,PAA
10.555,10.57,10.555,10.56,15671,2021-07-14 19:17:00,PAA
10.56,10.565,10.56,10.56,691,2021-07-14 19:18:00,PAA
10.5699,10.5699,10.56,10.565,15192,2021-07-14 19:19:00,PAA
10.56,10.565,10.56,10.565,1133,2021-07-14 19:20:00,PAA
10.562,10.565,10.55,10.555,10451,2021-07-14 19:21:00,PAA
10.555,10.555,10.555,10.555,500,2021-07-14 19:22:00,PAA
10.555,10.56,10.55,10.5509,5257,2021-07-14 19:23:00,PAA
10.555,10.555,10.55,10.55,5282,2021-07-14 19:24:00,PAA
10.55,10.55,10.55,10.55,990,2021-07-14 19:25:00,PAA
10.54,10.545,10.54,10.545,4600,2021-07-14 19:26:00,PAA
10.55,10.55,10.54,10.545,5000,2021-07-14 19:27:00,PAA
10.54,10.545,10.54,10.54,6209,2021-07-14 19:28:00,PAA
10.545,10.545,10.54,10.54,2203,2021-07-14 19:29:00,PAA
10.545,10.545,10.54,10.54,9281,2021-07-14 19:30:00,PAA
10.545,10.545,10.53,10.545,23309,2021-07-14 19:31:00,PAA
10.545,10.545,10.53,10.53,14412,2021-07-14 19:32:00,PAA
10.53,10.53,10.51,10.52,21936,2021-07-14 19:33:00,PAA
10.515,10.52,10.51,10.515,3810,2021-07-14 19:34:00,PAA
10.515,10.52,10.51,10.52,9755,2021-07-14 19:35:00,PAA
10.51,10.517,10.51,10.517,3100,2021-07-14 19:36:00,PAA
10.515,10.52,10.51,10.52,5180,2021-07-14 19:37:00,PAA
10.52,10.52,10.515,10.5197,2294,2021-07-14 19:38:00,PAA
10.51,10.515,10.49,10.4939,22241,2021-07-14 19:39:00,PAA
10.49,10.49,10.48,10.48,4992,2021-07-14 19:40:00,PAA
10.48,10.49,10.48,10.485,7950,2021-07-14 19:41:00,PAA
10.485,10.485,10.48,10.485,3200,2021-07-14 19:42:00,PAA
10.49,10.49,10.4831,10.49,3800,2021-07-14 19:43:00,PAA
10.485,10.49,10.48,10.485,9300,2021-07-14 19:44:00,PAA
10.485,10.49,10.48,10.49,5533,2021-07-14 19:45:00,PAA
10.485,10.51,10.485,10.51,46343,2021-07-14 19:46:00,PAA
10.505,10.515,10.505,10.51,27156,2021-07-14 19:47:00,PAA
10.5,10.505,10.5,10.5,5024,2021-07-14 19:48:00,PAA
10.5,10.5099,10.495,10.4953,17167,2021-07-14 19:49:00,PAA
10.49,10.5,10.49,10.4901,4564,2021-07-14 19:50:00,PAA
10.495,10.5,10.495,10.495,11035,2021-07-14 19:51:00,PAA
10.495,10.505,10.49,10.505,37608,2021-07-14 19:52:00,PAA
10.505,10.53,10.505,10.53,20863,2021-07-14 19:53:00,PAA
10.525,10.53,10.5147,10.52,28160,2021-07-14 19:54:00,PAA
10.52,10.52,10.501,10.515,36208,2021-07-14 19:55:00,PAA
10.52,10.52,10.5,10.5,47755,2021-07-14 19:56:00,PAA
10.5,10.5,10.49,10.49,38461,2021-07-14 19:57:00,PAA
10.49,10.52,10.49,10.515,119474,2021-07-14 19:58:00,PAA
10.515,10.54,10.515,10.54,35372,2021-07-14 19:59:00,PAA
10.53,10.53,10.53,10.53,65559,2021-07-14 20:00:00,PAA
10.53,10.53,10.53,10.53,128,2021-07-14 21:24:00,PAA
10.49,10.49,10.48,10.48,470,2021-07-14 22:11:00,PAA
10.48,10.48,10.48,10.48,250,2021-07-14 22:31:00,PAA
10.5,10.5,10.5,10.5,200,2021-07-15 11:00:00,PAA
10.44,10.44,10.44,10.44,500,2021-07-15 13:05:00,PAA
10.4,10.42,10.31,10.35,51035,2021-07-15 13:30:00,PAA
10.35,10.4488,10.35,10.4199,8689,2021-07-15 13:31:00,PAA
10.42,10.429,10.33,10.33,24635,2021-07-15 13:32:00,PAA
10.33,10.38,10.33,10.37,30297,2021-07-15 13:33:00,PAA
10.37,10.37,10.34,10.35,7772,2021-07-15 13:34:00,PAA
10.36,10.39,10.36,10.36,35234,2021-07-15 13:35:00,PAA
10.3599,10.365,10.345,10.365,4100,2021-07-15 13:36:00,PAA
10.37,10.37,10.34,10.35,8291,2021-07-15 13:37:00,PAA
10.36,10.37,10.35,10.36,7325,2021-07-15 13:38:00,PAA
10.36,10.36,10.3321,10.3321,9035,2021-07-15 13:39:00,PAA
10.33,10.34,10.27,10.28,21507,2021-07-15 13:40:00,PAA
10.28,10.32,10.28,10.32,12917,2021-07-15 13:41:00,PAA
10.3177,10.3177,10.3006,10.3098,6863,2021-07-15 13:42:00,PAA
10.308,10.33,10.29,10.2978,9788,2021-07-15 13:43:00,PAA
10.32,10.36,10.32,10.36,29560,2021-07-15 13:44:00,PAA
10.3592,10.39,10.3592,10.3874,10599,2021-07-15 13:45:00,PAA
10.39,10.41,10.38,10.4003,49562,2021-07-15 13:46:00,PAA
10.3901,10.4,10.38,10.38,51624,2021-07-15 13:47:00,PAA
10.38,10.385,10.3649,10.37,19933,2021-07-15 13:48:00,PAA
10.37,10.37,10.355,10.365,7555,2021-07-15 13:49:00,PAA
10.3675,10.409,10.3675,10.4,4200,2021-07-15 13:50:00,PAA
10.4,10.4,10.34,10.35,7696,2021-07-15 13:51:00,PAA
10.35,10.35,10.34,10.34,2000,2021-07-15 13:52:00,PAA
10.34,10.34,10.3393,10.3393,4100,2021-07-15 13:53:00,PAA
10.3308,10.341,10.3308,10.34,2321,2021-07-15 13:54:00,PAA
10.34,10.36,10.335,10.36,2724,2021-07-15 13:55:00,PAA
10.37,10.38,10.37,10.3729,700,2021-07-15 13:56:00,PAA
10.39,10.39,10.3775,10.38,7098,2021-07-15 13:57:00,PAA
10.38,10.38,10.37,10.37,700,2021-07-15 13:58:00,PAA
10.36,10.38,10.36,10.38,11054,2021-07-15 13:59:00,PAA
10.38,10.42,10.37,10.42,11500,2021-07-15 14:00:00,PAA
10.43,10.43,10.415,10.415,2532,2021-07-15 14:01:00,PAA
10.42,10.44,10.42,10.44,1800,2021-07-15 14:02:00,PAA
10.44,10.45,10.41,10.415,14867,2021-07-15 14:03:00,PAA
10.42,10.45,10.42,10.445,5800,2021-07-15 14:04:00,PAA
10.45,10.45,10.44,10.4402,545,2021-07-15 14:05:00,PAA
10.446,10.46,10.445,10.455,4900,2021-07-15 14:06:00,PAA
10.46,10.48,10.46,10.48,11779,2021-07-15 14:07:00,PAA
10.4731,10.4731,10.455,10.455,14708,2021-07-15 14:08:00,PAA
10.455,10.47,10.4501,10.47,4318,2021-07-15 14:09:00,PAA
10.465,10.48,10.455,10.455,16624,2021-07-15 14:10:00,PAA
10.46,10.48,10.4501,10.48,9100,2021-07-15 14:11:00,PAA
10.475,10.48,10.47,10.47,6322,2021-07-15 14:12:00,PAA
10.4787,10.4787,10.473,10.473,2000,2021-07-15 14:13:00,PAA
10.475,10.4778,10.475,10.475,4306,2021-07-15 14:14:00,PAA
10.48,10.48,10.46,10.46,3650,2021-07-15 14:15:00,PAA
10.46,10.46,10.46,10.46,900,2021-07-15 14:16:00,PAA
10.463,10.465,10.435,10.435,16452,2021-07-15 14:17:00,PAA
10.44,10.44,10.42,10.42,2800,2021-07-15 14:18:00,PAA
10.43,10.43,10.405,10.41,15297,2021-07-15 14:19:00,PAA
10.41,10.41,10.365,10.365,4189,2021-07-15 14:20:00,PAA
10.37,10.37,10.36,10.36,1000,2021-07-15 14:21:00,PAA
10.37,10.38,10.37,10.38,1400,2021-07-15 14:22:00,PAA
10.39,10.4,10.39,10.395,1921,2021-07-15 14:23:00,PAA
10.4,10.415,10.4,10.41,4600,2021-07-15 14:24:00,PAA
10.41,10.41,10.41,10.41,1733,2021-07-15 14:25:00,PAA
10.41,10.41,10.41,10.41,1200,2021-07-15 14:26:00,PAA
10.4,10.405,10.395,10.395,2336,2021-07-15 14:27:00,PAA
10.41,10.42,10.41,10.42,709,2021-07-15 14:28:00,PAA
10.43,10.4368,10.41,10.42,2132,2021-07-15 14:29:00,PAA
10.41,10.41,10.39,10.3941,2296,2021-07-15 14:30:00,PAA
10.4,10.4,10.373,10.373,4217,2021-07-15 14:31:00,PAA
10.3733,10.38,10.3733,10.38,400,2021-07-15 14:32:00,PAA
10.38,10.38,10.36,10.36,2016,2021-07-15 14:33:00,PAA
10.37,10.37,10.36,10.365,2718,2021-07-15 14:34:00,PAA
10.37,10.385,10.37,10.37,2087,2021-07-15 14:35:00,PAA
10.3712,10.3799,10.36,10.36,1516,2021-07-15 14:36:00,PAA
10.36,10.36,10.34,10.34,1200,2021-07-15 14:37:00,PAA
10.34,10.35,10.34,10.35,5700,2021-07-15 14:38:00,PAA
10.35,10.35,10.335,10.34,2026,2021-07-15 14:39:00,PAA
10.33,10.35,10.325,10.34,9400,2021-07-15 14:40:00,PAA
10.345,10.35,10.33,10.33,2836,2021-07-15 14:41:00,PAA
10.34,10.34,10.32,10.33,17960,2021-07-15 14:42:00,PAA
10.32,10.325,10.32,10.325,1800,2021-07-15 14:43:00,PAA
10.3288,10.33,10.32,10.321,4250,2021-07-15 14:44:00,PAA
10.325,10.355,10.325,10.35,4226,2021-07-15 14:45:00,PAA
10.36,10.36,10.355,10.355,1300,2021-07-15 14:46:00,PAA
10.35,10.37,10.35,10.365,3600,2021-07-15 14:47:00,PAA
10.36,10.36,10.35,10.35,7626,2021-07-15 14:48:00,PAA
10.35,10.37,10.34,10.365,6750,2021-07-15 14:49:00,PAA
10.365,10.37,10.36,10.37,6143,2021-07-15 14:50:00,PAA
10.375,10.38,10.37,10.379,4600,2021-07-15 14:51:00,PAA
10.375,10.4,10.37,10.385,30236,2021-07-15 14:52:00,PAA
10.38,10.385,10.37,10.37,13384,2021-07-15 14:53:00,PAA
10.37,10.37,10.37,10.37,800,2021-07-15 14:54:00,PAA
10.37,10.39,10.37,10.385,3905,2021-07-15 14:55:00,PAA
10.38,10.41,10.38,10.405,9755,2021-07-15 14:56:00,PAA
10.405,10.41,10.4,10.405,3391,2021-07-15 14:57:00,PAA
10.4,10.4,10.4,10.4,100,2021-07-15 14:58:00,PAA
10.405,10.425,10.405,10.425,12176,2021-07-15 14:59:00,PAA
10.42,10.42,10.41,10.415,5713,2021-07-15 15:00:00,PAA
10.42,10.435,10.42,10.435,7433,2021-07-15 15:01:00,PAA
10.43,10.43,10.4,10.4,2569,2021-07-15 15:02:00,PAA
10.39,10.39,10.38,10.3878,3977,2021-07-15 15:03:00,PAA
10.38,10.38,10.365,10.37,4849,2021-07-15 15:04:00,PAA
10.38,10.4,10.38,10.39,2400,2021-07-15 15:05:00,PAA
10.39,10.395,10.39,10.395,462,2021-07-15 15:06:00,PAA
10.3999,10.3999,10.39,10.39,1511,2021-07-15 15:07:00,PAA
10.38,10.38,10.375,10.375,1626,2021-07-15 15:08:00,PAA
10.38,10.39,10.38,10.385,1994,2021-07-15 15:09:00,PAA
10.385,10.385,10.375,10.38,900,2021-07-15 15:10:00,PAA
10.38,10.38,10.375,10.38,1500,2021-07-15 15:11:00,PAA
10.375,10.375,10.36,10.36,12039,2021-07-15 15:12:00,PAA
10.37,10.37,10.365,10.365,700,2021-07-15 15:13:00,PAA
10.36,10.36,10.36,10.36,1000,2021-07-15 15:14:00,PAA
10.36,10.36,10.355,10.355,1100,2021-07-15 15:15:00,PAA
10.35,10.3573,10.35,10.355,980,2021-07-15 15:16:00,PAA
10.355,10.355,10.35,10.35,500,2021-07-15 15:17:00,PAA
10.3501,10.3501,10.35,10.35,230,2021-07-15 15:18:00,PAA
10.35,10.35,10.345,10.345,3460,2021-07-15 15:19:00,PAA
10.345,10.36,10.345,10.35,2970,2021-07-15 15:20:00,PAA
10.355,10.3574,10.355,10.3574,600,2021-07-15 15:21:00,PAA
10.355,10.355,10.34,10.345,6870,2021-07-15 15:22:00,PAA
10.345,10.36,10.345,10.36,8541,2021-07-15 15:23:00,PAA
10.36,10.365,10.36,10.365,550,2021-07-15 15:24:00,PAA
10.36,10.36,10.34,10.34,6447,2021-07-15 15:25:00,PAA
10.345,10.355,10.345,10.355,3060,2021-07-15 15:26:00,PAA
10.355,10.36,10.34,10.355,22741,2021-07-15 15:27:00,PAA
10.36,10.36,10.355,10.355,652,2021-07-15 15:28:00,PAA
10.355,10.36,10.355,10.36,1711,2021-07-15 15:29:00,PAA
10.36,10.36,10.35,10.355,6720,2021-07-15 15:30:00,PAA
10.355,10.37,10.35,10.37,5025,2021-07-15 15:31:00,PAA
10.365,10.37,10.365,10.37,600,2021-07-15 15:32:00,PAA
10.37,10.37,10.365,10.365,1600,2021-07-15 15:33:00,PAA
10.37,10.37,10.365,10.37,2200,2021-07-15 15:34:00,PAA
10.365,10.375,10.365,10.365,10073,2021-07-15 15:35:00,PAA
10.37,10.385,10.37,10.385,22797,2021-07-15 15:36:00,PAA
10.385,10.41,10.38,10.4,4863,2021-07-15 15:37:00,PAA
10.41,10.41,10.4,10.4041,6635,2021-07-15 15:38:00,PAA
10.4,10.4033,10.4,10.4,2300,2021-07-15 15:39:00,PAA
10.405,10.41,10.405,10.405,1700,2021-07-15 15:40:00,PAA
10.4,10.4,10.4,10.4,2535,2021-07-15 15:41:00,PAA
10.39,10.3999,10.39,10.395,2700,2021-07-15 15:42:00,PAA
10.39,10.4,10.39,10.395,7289,2021-07-15 15:43:00,PAA
10.4,10.4,10.39,10.395,2645,2021-07-15 15:44:00,PAA
10.39,10.39,10.38,10.38,6375,2021-07-15 15:45:00,PAA
10.385,10.39,10.365,10.37,7746,2021-07-15 15:46:00,PAA
10.365,10.365,10.36,10.36,3400,2021-07-15 15:47:00,PAA
10.365,10.37,10.365,10.365,1200,2021-07-15 15:48:00,PAA
10.365,10.37,10.36,10.365,28919,2021-07-15 15:49:00,PAA
10.365,10.3663,10.3612,10.365,2514,2021-07-15 15:50:00,PAA
10.36,10.36,10.345,10.35,12338,2021-07-15 15:51:00,PAA
10.36,10.36,10.35,10.35,3650,2021-07-15 15:52:00,PAA
10.35,10.35,10.35,10.35,500,2021-07-15 15:53:00,PAA
10.355,10.36,10.355,10.36,4500,2021-07-15 15:54:00,PAA
10.3648,10.37,10.36,10.365,11100,2021-07-15 15:55:00,PAA
10.36,10.36,10.36,10.36,1614,2021-07-15 15:56:00,PAA
10.36,10.36,10.35,10.355,6736,2021-07-15 15:57:00,PAA
10.3511,10.355,10.35,10.355,5225,2021-07-15 15:58:00,PAA
10.35,10.35,10.34,10.34,2593,2021-07-15 15:59:00,PAA
10.34,10.345,10.34,10.345,1000,2021-07-15 16:00:00,PAA
10.34,10.34,10.325,10.325,7811,2021-07-15 16:01:00,PAA
10.3287,10.3287,10.32,10.32,10100,2021-07-15 16:02:00,PAA
10.32,10.3299,10.32,10.325,13100,2021-07-15 16:03:00,PAA
10.32,10.32,10.31,10.31,3950,2021-07-15 16:04:00,PAA
10.305,10.305,10.295,10.295,41255,2021-07-15 16:05:00,PAA
10.29,10.2902,10.29,10.2901,6400,2021-07-15 16:06:00,PAA
10.29,10.29,10.28,10.28,3430,2021-07-15 16:07:00,PAA
10.29,10.295,10.285,10.295,9269,2021-07-15 16:08:00,PAA
10.28,10.28,10.28,10.28,500,2021-07-15 16:09:00,PAA
10.2865,10.29,10.285,10.29,6000,2021-07-15 16:10:00,PAA
10.295,10.3,10.295,10.295,14717,2021-07-15 16:11:00,PAA
10.29,10.31,10.29,10.31,21136,2021-07-15 16:12:00,PAA
10.31,10.315,10.31,10.315,1300,2021-07-15 16:13:00,PAA
10.315,10.32,10.31,10.3197,1800,2021-07-15 16:14:00,PAA
10.3199,10.3199,10.31,10.315,2924,2021-07-15 16:15:00,PAA
10.3099,10.31,10.305,10.305,3200,2021-07-15 16:16:00,PAA
10.3,10.305,10.295,10.295,4606,2021-07-15 16:19:00,PAA
10.2968,10.3,10.295,10.295,1200,2021-07-15 16:20:00,PAA
10.294,10.3,10.294,10.3,9862,2021-07-15 16:21:00,PAA
10.2963,10.319,10.29,10.3131,16394,2021-07-15 16:22:00,PAA
10.32,10.32,10.31,10.32,2530,2021-07-15 16:23:00,PAA
10.32,10.335,10.32,10.33,14667,2021-07-15 16:24:00,PAA
10.34,10.35,10.34,10.34,4097,2021-07-15 16:25:00,PAA
10.3452,10.3452,10.3452,10.3452,100,2021-07-15 16:26:00,PAA
10.3447,10.3447,10.34,10.34,898,2021-07-15 16:27:00,PAA
10.34,10.34,10.33,10.335,3556,2021-07-15 16:28:00,PAA
10.335,10.345,10.33,10.33,8380,2021-07-15 16:29:00,PAA
10.33,10.33,10.315,10.32,12161,2021-07-15 16:30:00,PAA
10.315,10.3199,10.31,10.31,5975,2021-07-15 16:31:00,PAA
10.31,10.31,10.31,10.31,400,2021-07-15 16:32:00,PAA
10.303,10.31,10.303,10.31,600,2021-07-15 16:33:00,PAA
10.3086,10.31,10.3033,10.3033,1875,2021-07-15 16:34:00,PAA
10.3,10.305,10.3,10.305,2100,2021-07-15 16:35:00,PAA
10.3,10.3002,10.29,10.2978,12883,2021-07-15 16:36:00,PAA
10.295,10.2967,10.295,10.295,1000,2021-07-15 16:37:00,PAA
10.295,10.295,10.295,10.295,200,2021-07-15 16:38:00,PAA
10.295,10.295,10.29,10.295,505,2021-07-15 16:40:00,PAA
10.3,10.3,10.29,10.29,1400,2021-07-15 16:41:00,PAA
10.295,10.295,10.29,10.293,1571,2021-07-15 16:42:00,PAA
10.3,10.305,10.3,10.3002,6237,2021-07-15 16:43:00,PAA
10.3,10.301,10.295,10.295,4994,2021-07-15 16:45:00,PAA
10.295,10.295,10.295,10.295,400,2021-07-15 16:46:00,PAA
10.29,10.29,10.2701,10.275,12343,2021-07-15 16:47:00,PAA
10.2773,10.2773,10.27,10.271,6300,2021-07-15 16:48:00,PAA
10.27,10.28,10.265,10.28,7733,2021-07-15 16:49:00,PAA
10.279,10.28,10.275,10.275,3319,2021-07-15 16:51:00,PAA
10.27,10.27,10.2696,10.2696,2899,2021-07-15 16:53:00,PAA
10.265,10.27,10.26,10.265,1187,2021-07-15 16:56:00,PAA
10.265,10.265,10.2588,10.2588,2349,2021-07-15 16:57:00,PAA
10.259,10.27,10.259,10.27,9982,2021-07-15 16:58:00,PAA
10.27,10.27,10.26,10.26,1046,2021-07-15 16:59:00,PAA
10.27,10.27,10.26,10.26,200,2021-07-15 17:00:00,PAA
10.265,10.27,10.26,10.26,8685,2021-07-15 17:01:00,PAA
10.25,10.26,10.25,10.25,11758,2021-07-15 17:02:00,PAA
10.255,10.255,10.25,10.2501,2125,2021-07-15 17:03:00,PAA
10.251,10.2517,10.24,10.245,13200,2021-07-15 17:05:00,PAA
10.25,10.25,10.24,10.245,2556,2021-07-15 17:06:00,PAA
10.25,10.26,10.245,10.26,17956,2021-07-15 17:07:00,PAA
10.25,10.255,10.25,10.25,1500,2021-07-15 17:08:00,PAA
10.255,10.26,10.25,10.2541,26985,2021-07-15 17:10:00,PAA
10.2484,10.2484,10.2471,10.2471,1050,2021-07-15 17:11:00,PAA
10.25,10.258,10.25,10.258,6600,2021-07-15 17:12:00,PAA
10.26,10.26,10.25,10.25,4650,2021-07-15 17:13:00,PAA
10.255,10.26,10.25,10.25,11246,2021-07-15 17:14:00,PAA
10.25,10.25,10.25,10.25,200,2021-07-15 17:15:00,PAA
10.2554,10.26,10.25,10.26,750,2021-07-15 17:16:00,PAA
10.26,10.26,10.25,10.26,1825,2021-07-15 17:17:00,PAA
10.255,10.255,10.225,10.225,11003,2021-07-15 17:18:00,PAA
10.23,10.23,10.225,10.23,2268,2021-07-15 17:19:00,PAA
10.225,10.23,10.225,10.23,300,2021-07-15 17:20:00,PAA
10.23,10.24,10.23,10.24,2600,2021-07-15 17:21:00,PAA
10.25,10.25,10.25,10.25,2000,2021-07-15 17:23:00,PAA
10.2479,10.2479,10.23,10.2384,9087,2021-07-15 17:24:00,PAA
10.24,10.245,10.24,10.245,3200,2021-07-15 17:25:00,PAA
10.25,10.26,10.2482,10.26,3400,2021-07-15 17:26:00,PAA
10.255,10.26,10.2539,10.2539,1700,2021-07-15 17:27:00,PAA
10.255,10.255,10.25,10.25,1300,2021-07-15 17:28:00,PAA
10.25,10.2559,10.25,10.2559,406,2021-07-15 17:29:00,PAA
10.25,10.25,10.245,10.25,5158,2021-07-15 17:30:00,PAA
10.2518,10.26,10.2408,10.25,27452,2021-07-15 17:31:00,PAA
10.2475,10.25,10.2475,10.25,10161,2021-07-15 17:32:00,PAA
10.25,10.26,10.25,10.26,1500,2021-07-15 17:33:00,PAA
10.255,10.26,10.255,10.255,14447,2021-07-15 17:34:00,PAA
10.255,10.26,10.25,10.26,3475,2021-07-15 17:35:00,PAA
10.27,10.27,10.27,10.27,9745,2021-07-15 17:36:00,PAA
10.265,10.265,10.25,10.255,9427,2021-07-15 17:37:00,PAA
10.255,10.27,10.255,10.265,16137,2021-07-15 17:38:00,PAA
10.27,10.27,10.27,10.27,200,2021-07-15 17:39:00,PAA
10.27,10.27,10.25,10.25,6727,2021-07-15 17:40:00,PAA
10.25,10.2563,10.25,10.2542,860,2021-07-15 17:41:00,PAA
10.255,10.256,10.245,10.245,3843,2021-07-15 17:42:00,PAA
10.245,10.26,10.245,10.255,11738,2021-07-15 17:43:00,PAA
10.25,10.25,10.22,10.23,22493,2021-07-15 17:44:00,PAA
10.23,10.24,10.23,10.24,10499,2021-07-15 17:46:00,PAA
10.235,10.245,10.235,10.24,16498,2021-07-15 17:47:00,PAA
10.24,10.245,10.23,10.245,15867,2021-07-15 17:48:00,PAA
10.244,10.244,10.24,10.2429,949,2021-07-15 17:49:00,PAA
10.24,10.24,10.235,10.24,16358,2021-07-15 17:50:00,PAA
10.235,10.27,10.235,10.27,17073,2021-07-15 17:51:00,PAA
10.265,10.27,10.26,10.26,7275,2021-07-15 17:52:00,PAA
10.26,10.2662,10.25,10.26,6568,2021-07-15 17:53:00,PAA
10.255,10.26,10.25,10.255,7386,2021-07-15 17:54:00,PAA
10.26,10.27,10.2542,10.265,8802,2021-07-15 17:55:00,PAA
10.265,10.27,10.26,10.27,3400,2021-07-15 17:56:00,PAA
10.26,10.26,10.255,10.255,4230,2021-07-15 17:57:00,PAA
10.255,10.26,10.24,10.26,25609,2021-07-15 17:58:00,PAA
10.26,10.26,10.25,10.253,1478,2021-07-15 17:59:00,PAA
10.25,10.26,10.24,10.26,6845,2021-07-15 18:00:00,PAA
10.26,10.27,10.26,10.27,500,2021-07-15 18:01:00,PAA
10.265,10.265,10.25,10.26,50879,2021-07-15 18:02:00,PAA
10.26,10.26,10.25,10.25,700,2021-07-15 18:03:00,PAA
10.255,10.26,10.25,10.25,13923,2021-07-15 18:04:00,PAA
10.24,10.241,10.23,10.2315,11303,2021-07-15 18:05:00,PAA
10.23,10.23,10.21,10.22,6578,2021-07-15 18:06:00,PAA
10.215,10.23,10.215,10.225,3067,2021-07-15 18:07:00,PAA
10.225,10.23,10.22,10.23,6200,2021-07-15 18:08:00,PAA
10.24,10.24,10.23,10.235,500,2021-07-15 18:09:00,PAA
10.23,10.235,10.23,10.235,3500,2021-07-15 18:10:00,PAA
10.23,10.24,10.23,10.24,2934,2021-07-15 18:11:00,PAA
10.23,10.24,10.23,10.2325,6025,2021-07-15 18:12:00,PAA
10.2373,10.24,10.23,10.235,1542,2021-07-15 18:13:00,PAA
10.235,10.2399,10.23,10.23,8300,2021-07-15 18:14:00,PAA
10.23,10.25,10.22,10.25,13938,2021-07-15 18:15:00,PAA
10.245,10.245,10.24,10.24,44200,2021-07-15 18:16:00,PAA
10.24,10.245,10.23,10.23,17077,2021-07-15 18:17:00,PAA
10.23,10.235,10.23,10.233,3342,2021-07-15 18:18:00,PAA
10.2361,10.25,10.23,10.25,11383,2021-07-15 18:19:00,PAA
10.24,10.245,10.24,10.24,3516,2021-07-15 18:20:00,PAA
10.245,10.245,10.245,10.245,300,2021-07-15 18:21:00,PAA
10.24,10.24,10.235,10.24,10233,2021-07-15 18:22:00,PAA
10.24,10.24,10.23,10.24,873,2021-07-15 18:23:00,PAA
10.23,10.25,10.23,10.25,10506,2021-07-15 18:24:00,PAA
10.245,10.25,10.245,10.25,480,2021-07-15 18:25:00,PAA
10.24,10.25,10.23,10.24,13211,2021-07-15 18:26:00,PAA
10.235,10.24,10.23,10.24,4500,2021-07-15 18:27:00,PAA
10.235,10.24,10.23,10.24,3200,2021-07-15 18:28:00,PAA
10.235,10.24,10.23,10.24,5678,2021-07-15 18:29:00,PAA
10.24,10.24,10.23,10.235,1700,2021-07-15 18:30:00,PAA
10.235,10.235,10.2301,10.235,750,2021-07-15 18:31:00,PAA
10.235,10.235,10.235,10.235,1100,2021-07-15 18:32:00,PAA
10.23,10.235,10.23,10.235,2500,2021-07-15 18:33:00,PAA
10.235,10.24,10.23,10.23,900,2021-07-15 18:34:00,PAA
10.23,10.2397,10.23,10.2397,450,2021-07-15 18:35:00,PAA
10.235,10.24,10.2339,10.235,1728,2021-07-15 18:36:00,PAA
10.235,10.235,10.235,10.235,300,2021-07-15 18:37:00,PAA
10.235,10.235,10.23,10.235,1281,2021-07-15 18:38:00,PAA
10.235,10.235,10.23,10.235,1100,2021-07-15 18:39:00,PAA
10.235,10.235,10.2332,10.2332,1735,2021-07-15 18:40:00,PAA
10.23,10.235,10.23,10.235,400,2021-07-15 18:41:00,PAA
10.235,10.2364,10.235,10.2364,1400,2021-07-15 18:42:00,PAA
10.235,10.24,10.23,10.232,1320,2021-07-15 18:43:00,PAA
10.235,10.235,10.235,10.235,200,2021-07-15 18:44:00,PAA
10.235,10.239,10.21,10.21,16646,2021-07-15 18:45:00,PAA
10.215,10.215,10.215,10.215,200,2021-07-15 18:46:00,PAA
10.215,10.22,10.215,10.215,8412,2021-07-15 18:47:00,PAA
10.215,10.215,10.21,10.215,5600,2021-07-15 18:48:00,PAA
10.215,10.215,10.215,10.215,2604,2021-07-15 18:49:00,PAA
10.215,10.215,10.213,10.215,600,2021-07-15 18:50:00,PAA
10.215,10.215,10.21,10.215,2900,2021-07-15 18:51:00,PAA
10.21,10.2199,10.205,10.205,3607,2021-07-15 18:52:00,PAA
10.21,10.21,10.2,10.2099,6006,2021-07-15 18:53:00,PAA
10.2,10.21,10.2,10.205,3500,2021-07-15 18:54:00,PAA
10.2,10.21,10.2,10.205,6600,2021-07-15 18:55:00,PAA
10.215,10.215,10.215,10.215,200,2021-07-15 18:56:00,PAA
10.21,10.21,10.2,10.205,11000,2021-07-15 18:57:00,PAA
10.2,10.205,10.2,10.205,700,2021-07-15 18:58:00,PAA
10.205,10.205,10.2,10.2,800,2021-07-15 18:59:00,PAA
10.2,10.205,10.2,10.2,1300,2021-07-15 19:00:00,PAA
10.21,10.21,10.2,10.205,2700,2021-07-15 19:01:00,PAA
10.205,10.205,10.205,10.205,300,2021-07-15 19:02:00,PAA
10.205,10.215,10.205,10.215,8900,2021-07-15 19:03:00,PAA
10.21,10.2167,10.21,10.21,3925,2021-07-15 19:04:00,PAA
10.215,10.215,10.215,10.215,800,2021-07-15 19:05:00,PAA
10.21,10.215,10.2,10.215,6760,2021-07-15 19:06:00,PAA
10.205,10.205,10.2,10.205,600,2021-07-15 19:07:00,PAA
10.2002,10.2002,10.2002,10.2002,200,2021-07-15 19:08:00,PAA
10.2057,10.2099,10.2,10.2,2721,2021-07-15 19:09:00,PAA
10.2058,10.2058,10.19,10.19,24547,2021-07-15 19:10:00,PAA
10.19,10.195,10.1801,10.1801,2400,2021-07-15 19:11:00,PAA
10.18,10.1899,10.18,10.185,8200,2021-07-15 19:12:00,PAA
10.185,10.2,10.185,10.195,12249,2021-07-15 19:13:00,PAA
10.19,10.195,10.19,10.19,600,2021-07-15 19:14:00,PAA
10.195,10.195,10.19,10.19,2300,2021-07-15 19:15:00,PAA
10.19,10.195,10.19,10.19,2500,2021-07-15 19:16:00,PAA
10.1999,10.2,10.19,10.2,3105,2021-07-15 19:17:00,PAA
10.195,10.2,10.19,10.195,3900,2021-07-15 19:18:00,PAA
10.2,10.22,10.2,10.22,12704,2021-07-15 19:19:00,PAA
10.215,10.215,10.21,10.211,5519,2021-07-15 19:20:00,PAA
10.215,10.2165,10.21,10.215,3325,2021-07-15 19:21:00,PAA
10.21,10.215,10.21,10.21,4702,2021-07-15 19:22:00,PAA
10.21,10.215,10.21,10.215,3979,2021-07-15 19:23:00,PAA
10.22,10.235,10.215,10.225,21980,2021-07-15 19:24:00,PAA
10.225,10.235,10.22,10.22,7206,2021-07-15 19:25:00,PAA
10.225,10.225,10.21,10.225,7872,2021-07-15 19:26:00,PAA
10.22,10.2206,10.215,10.22,5749,2021-07-15 19:27:00,PAA
10.22,10.22,10.215,10.215,2900,2021-07-15 19:28:00,PAA
10.215,10.2167,10.215,10.2167,1200,2021-07-15 19:29:00,PAA
10.215,10.215,10.21,10.2127,4613,2021-07-15 19:30:00,PAA
10.22,10.22,10.21,10.21,8569,2021-07-15 19:31:00,PAA
10.215,10.215,10.2,10.2,8859,2021-07-15 19:32:00,PAA
10.205,10.21,10.205,10.205,2668,2021-07-15 19:33:00,PAA
10.205,10.21,10.2001,10.21,5760,2021-07-15 19:34:00,PAA
10.21,10.23,10.21,10.23,89785,2021-07-15 19:35:00,PAA
10.225,10.225,10.215,10.215,17146,2021-07-15 19:36:00,PAA
10.21,10.215,10.2,10.205,14509,2021-07-15 19:37:00,PAA
10.2,10.2001,10.2,10.2,7107,2021-07-15 19:38:00,PAA
10.2,10.2055,10.2,10.205,2700,2021-07-15 19:39:00,PAA
10.2,10.2,10.2,10.2,3123,2021-07-15 19:40:00,PAA
10.2,10.205,10.2,10.2,800,2021-07-15 19:41:00,PAA
10.2,10.2055,10.19,10.2,71098,2021-07-15 19:42:00,PAA
10.2,10.2099,10.2,10.2,5246,2021-07-15 19:43:00,PAA
10.2,10.2066,10.2,10.2,4900,2021-07-15 19:44:00,PAA
10.2016,10.205,10.2,10.2,2430,2021-07-15 19:45:00,PAA
10.2,10.24,10.2,10.22,72540,2021-07-15 19:46:00,PAA
10.225,10.225,10.21,10.21,5306,2021-07-15 19:47:00,PAA
10.21,10.2195,10.21,10.2195,6128,2021-07-15 19:48:00,PAA
10.21,10.215,10.21,10.215,2891,2021-07-15 19:49:00,PAA
10.21,10.22,10.2,10.22,28681,2021-07-15 19:50:00,PAA
10.215,10.22,10.2101,10.2142,5330,2021-07-15 19:51:00,PAA
10.21,10.2166,10.21,10.215,8522,2021-07-15 19:52:00,PAA
10.21,10.215,10.2,10.2144,38648,2021-07-15 19:53:00,PAA
10.215,10.225,10.215,10.22,41877,2021-07-15 19:54:00,PAA
10.225,10.225,10.21,10.2131,27141,2021-07-15 19:55:00,PAA
10.21,10.215,10.21,10.215,15412,2021-07-15 19:56:00,PAA
10.215,10.22,10.21,10.215,11001,2021-07-15 19:57:00,PAA
10.215,10.22,10.21,10.215,18461,2021-07-15 19:58:00,PAA
10.215,10.22,10.21,10.22,78691,2021-07-15 19:59:00,PAA
10.21,10.21,10.21,10.21,110861,2021-07-15 20:00:00,PAA
10.21,10.21,10.21,10.21,4000,2021-07-15 23:59:00,PAA
10.33,10.33,10.33,10.33,300,2021-07-16 09:21:00,PAA
10.34,10.34,10.34,10.34,100,2021-07-16 09:22:00,PAA
10.28,10.28,10.28,10.28,298,2021-07-16 11:00:00,PAA
10.34,10.34,10.34,10.34,6998,2021-07-16 11:02:00,PAA
10.41,10.41,10.41,10.41,100,2021-07-16 11:20:00,PAA
10.41,10.41,10.41,10.41,100,2021-07-16 11:21:00,PAA
10.41,10.41,10.41,10.41,1500,2021-07-16 11:55:00,PAA
10.41,10.41,10.41,10.41,300,2021-07-16 12:02:00,PAA
10.44,10.44,10.44,10.44,1500,2021-07-16 12:09:00,PAA
10.46,10.47,10.46,10.47,2180,2021-07-16 12:13:00,PAA
10.47,10.47,10.47,10.47,1000,2021-07-16 12:16:00,PAA
10.21,10.21,10.21,10.21,39984,2021-07-16 12:36:00,PAA
10.46,10.47,10.46,10.47,1085,2021-07-16 12:42:00,PAA
10.52,10.52,10.52,10.52,1963,2021-07-16 13:10:00,PAA
10.53,10.53,10.53,10.53,104,2021-07-16 13:14:00,PAA
10.65,10.65,10.6,10.6,700,2021-07-16 13:17:00,PAA
10.6,10.63,10.6,10.61,2023,2021-07-16 13:18:00,PAA
10.61,10.61,10.6,10.6,497,2021-07-16 13:19:00,PAA
10.61,10.61,10.61,10.61,3750,2021-07-16 13:24:00,PAA
10.6,10.6,10.53,10.56,972,2021-07-16 13:25:00,PAA
10.5503,10.552,10.46,10.48,54683,2021-07-16 13:30:00,PAA
10.47,10.4884,10.46,10.48,9150,2021-07-16 13:31:00,PAA
10.475,10.475,10.44,10.46,10300,2021-07-16 13:32:00,PAA
10.45,10.455,10.41,10.4301,20400,2021-07-16 13:33:00,PAA
10.435,10.44,10.41,10.43,7828,2021-07-16 13:34:00,PAA
10.435,10.435,10.3898,10.39,22838,2021-07-16 13:35:00,PAA
10.4,10.42,10.38,10.38,9100,2021-07-16 13:36:00,PAA
10.4,10.4001,10.38,10.38,1300,2021-07-16 13:37:00,PAA
10.3701,10.385,10.36,10.36,11160,2021-07-16 13:38:00,PAA
10.35,10.36,10.33,10.36,18591,2021-07-16 13:39:00,PAA
10.3597,10.36,10.3392,10.355,14705,2021-07-16 13:40:00,PAA
10.35,10.37,10.35,10.37,35460,2021-07-16 13:41:00,PAA
10.37,10.37,10.31,10.325,92500,2021-07-16 13:42:00,PAA
10.32,10.345,10.32,10.33,5100,2021-07-16 13:43:00,PAA
10.34,10.34,10.3199,10.3399,21297,2021-07-16 13:44:00,PAA
10.34,10.35,10.33,10.35,4822,2021-07-16 13:45:00,PAA
10.345,10.35,10.34,10.34,1500,2021-07-16 13:46:00,PAA
10.33,10.33,10.29,10.304,17985,2021-07-16 13:47:00,PAA
10.3,10.3,10.265,10.265,4800,2021-07-16 13:48:00,PAA
10.26,10.26,10.2312,10.2312,2200,2021-07-16 13:49:00,PAA
10.2393,10.25,10.2393,10.25,5970,2021-07-16 13:50:00,PAA
10.2489,10.275,10.2489,10.275,5950,2021-07-16 13:51:00,PAA
10.27,10.275,10.25,10.257,1007,2021-07-16 13:52:00,PAA
10.259,10.27,10.2482,10.27,8940,2021-07-16 13:53:00,PAA
10.26,10.2657,10.26,10.265,800,2021-07-16 13:54:00,PAA
10.28,10.28,10.27,10.271,501,2021-07-16 13:55:00,PAA
10.27,10.27,10.25,10.255,31800,2021-07-16 13:56:00,PAA
10.255,10.255,10.25,10.255,12342,2021-07-16 13:57:00,PAA
10.255,10.2575,10.25,10.2575,1100,2021-07-16 13:58:00,PAA
10.255,10.275,10.255,10.2697,5811,2021-07-16 13:59:00,PAA
10.27,10.27,10.255,10.26,2200,2021-07-16 14:00:00,PAA
10.2599,10.26,10.2499,10.25,4700,2021-07-16 14:01:00,PAA
10.24,10.2422,10.24,10.24,4404,2021-07-16 14:02:00,PAA
10.2399,10.25,10.235,10.24,16350,2021-07-16 14:03:00,PAA
10.24,10.27,10.24,10.27,5177,2021-07-16 14:04:00,PAA
10.265,10.265,10.25,10.25,1600,2021-07-16 14:05:00,PAA
10.26,10.275,10.255,10.27,16058,2021-07-16 14:06:00,PAA
10.27,10.27,10.26,10.26,3750,2021-07-16 14:07:00,PAA
10.255,10.255,10.245,10.25,19887,2021-07-16 14:08:00,PAA
10.25,10.255,10.24,10.24,9706,2021-07-16 14:09:00,PAA
10.24,10.25,10.235,10.24,9055,2021-07-16 14:10:00,PAA
10.24,10.255,10.24,10.255,4606,2021-07-16 14:11:00,PAA
10.25,10.26,10.245,10.25,2900,2021-07-16 14:12:00,PAA
10.25,10.25,10.245,10.25,2497,2021-07-16 14:13:00,PAA
10.245,10.245,10.23,10.24,66571,2021-07-16 14:14:00,PAA
10.24,10.25,10.23,10.25,6975,2021-07-16 14:15:00,PAA
10.245,10.25,10.24,10.25,3064,2021-07-16 14:16:00,PAA
10.25,10.26,10.2498,10.26,17601,2021-07-16 14:17:00,PAA
10.26,10.27,10.255,10.255,5180,2021-07-16 14:18:00,PAA
10.255,10.275,10.25,10.265,15316,2021-07-16 14:19:00,PAA
10.27,10.28,10.25,10.255,34710,2021-07-16 14:20:00,PAA
10.25,10.26,10.25,10.26,3722,2021-07-16 14:21:00,PAA
10.27,10.27,10.235,10.25,51017,2021-07-16 14:22:00,PAA
10.24,10.25,10.24,10.25,2525,2021-07-16 14:23:00,PAA
10.245,10.245,10.239,10.239,6300,2021-07-16 14:24:00,PAA
10.24,10.24,10.2,10.205,18895,2021-07-16 14:25:00,PAA
10.2,10.21,10.2,10.205,18063,2021-07-16 14:26:00,PAA
10.215,10.225,10.215,10.225,5110,2021-07-16 14:27:00,PAA
10.21,10.22,10.21,10.22,3004,2021-07-16 14:28:00,PAA
10.22,10.25,10.22,10.24,12283,2021-07-16 14:29:00,PAA
10.24,10.28,10.24,10.28,23886,2021-07-16 14:30:00,PAA
10.27,10.28,10.26,10.27,25224,2021-07-16 14:31:00,PAA
10.27,10.27,10.25,10.255,7198,2021-07-16 14:32:00,PAA
10.25,10.25,10.24,10.245,13932,2021-07-16 14:33:00,PAA
10.24,10.245,10.23,10.235,2833,2021-07-16 14:34:00,PAA
10.23,10.235,10.2,10.2,19963,2021-07-16 14:35:00,PAA
10.2,10.2,10.17,10.17,30940,2021-07-16 14:36:00,PAA
10.17,10.2,10.17,10.2,14361,2021-07-16 14:37:00,PAA
10.2,10.225,10.2,10.225,5177,2021-07-16 14:38:00,PAA
10.225,10.23,10.215,10.23,5740,2021-07-16 14:39:00,PAA
10.225,10.225,10.21,10.215,3130,2021-07-16 14:40:00,PAA
10.22,10.22,10.2,10.21,3300,2021-07-16 14:41:00,PAA
10.21,10.21,10.195,10.2,5492,2021-07-16 14:42:00,PAA
10.19,10.19,10.17,10.19,26159,2021-07-16 14:43:00,PAA
10.185,10.185,10.18,10.185,600,2021-07-16 14:44:00,PAA
10.19,10.2,10.1801,10.2,4899,2021-07-16 14:45:00,PAA
10.2,10.205,10.19,10.19,4299,2021-07-16 14:46:00,PAA
10.2,10.2,10.185,10.185,800,2021-07-16 14:47:00,PAA
10.185,10.185,10.17,10.175,2600,2021-07-16 14:48:00,PAA
10.17,10.18,10.165,10.175,8170,2021-07-16 14:49:00,PAA
10.18,10.2,10.18,10.2,2400,2021-07-16 14:50:00,PAA
10.2,10.225,10.2,10.22,1900,2021-07-16 14:51:00,PAA
10.22,10.2278,10.22,10.22,1700,2021-07-16 14:52:00,PAA
10.225,10.2401,10.225,10.2401,6200,2021-07-16 14:53:00,PAA
10.235,10.24,10.235,10.24,600,2021-07-16 14:54:00,PAA
10.24,10.245,10.233,10.24,7300,2021-07-16 14:55:00,PAA
10.24,10.245,10.24,10.245,3000,2021-07-16 14:56:00,PAA
10.25,10.255,10.235,10.245,13890,2021-07-16 14:57:00,PAA
10.245,10.25,10.24,10.245,7596,2021-07-16 14:58:00,PAA
10.24,10.25,10.24,10.25,2000,2021-07-16 14:59:00,PAA
10.245,10.25,10.24,10.24,4823,2021-07-16 15:00:00,PAA
10.245,10.245,10.24,10.24,800,2021-07-16 15:01:00,PAA
10.235,10.235,10.23,10.23,2000,2021-07-16 15:02:00,PAA
10.225,10.24,10.225,10.235,4900,2021-07-16 15:03:00,PAA
10.23,10.235,10.23,10.23,1399,2021-07-16 15:04:00,PAA
10.23,10.23,10.2225,10.2225,2600,2021-07-16 15:05:00,PAA
10.2299,10.23,10.225,10.225,2700,2021-07-16 15:06:00,PAA
10.23,10.245,10.225,10.24,2400,2021-07-16 15:07:00,PAA
10.24,10.25,10.24,10.25,8400,2021-07-16 15:08:00,PAA
10.25,10.26,10.25,10.255,2500,2021-07-16 15:09:00,PAA
10.25,10.255,10.24,10.245,6100,2021-07-16 15:10:00,PAA
10.24,10.26,10.24,10.25,2900,2021-07-16 15:11:00,PAA
10.25,10.25,10.25,10.25,300,2021-07-16 15:12:00,PAA
10.255,10.255,10.255,10.255,400,2021-07-16 15:13:00,PAA
10.255,10.2599,10.25,10.25,1200,2021-07-16 15:14:00,PAA
10.2501,10.255,10.24,10.24,11248,2021-07-16 15:15:00,PAA
10.24,10.24,10.225,10.23,13817,2021-07-16 15:16:00,PAA
10.24,10.24,10.235,10.24,3100,2021-07-16 15:17:00,PAA
10.24,10.24,10.2328,10.2328,1300,2021-07-16 15:18:00,PAA
10.24,10.25,10.235,10.25,6500,2021-07-16 15:19:00,PAA
10.245,10.25,10.245,10.25,700,2021-07-16 15:20:00,PAA
10.25,10.26,10.25,10.255,6414,2021-07-16 15:21:00,PAA
10.255,10.26,10.245,10.245,12072,2021-07-16 15:22:00,PAA
10.245,10.25,10.24,10.24,5236,2021-07-16 15:23:00,PAA
10.24,10.25,10.24,10.24,9918,2021-07-16 15:24:00,PAA
10.2452,10.25,10.24,10.24,6969,2021-07-16 15:25:00,PAA
10.245,10.25,10.24,10.24,2700,2021-07-16 15:26:00,PAA
10.2421,10.245,10.23,10.23,8115,2021-07-16 15:27:00,PAA
10.23,10.23,10.22,10.22,2800,2021-07-16 15:28:00,PAA
10.22,10.23,10.21,10.23,11808,2021-07-16 15:29:00,PAA
10.23,10.24,10.225,10.235,7919,2021-07-16 15:30:00,PAA
10.235,10.24,10.23,10.235,5099,2021-07-16 15:31:00,PAA
10.235,10.235,10.225,10.23,6947,2021-07-16 15:32:00,PAA
10.23,10.235,10.22,10.223,10137,2021-07-16 15:33:00,PAA
10.23,10.25,10.225,10.25,6597,2021-07-16 15:34:00,PAA
10.245,10.245,10.24,10.245,9399,2021-07-16 15:35:00,PAA
10.245,10.245,10.24,10.245,2150,2021-07-16 15:36:00,PAA
10.245,10.25,10.24,10.245,5744,2021-07-16 15:37:00,PAA
10.25,10.25,10.24,10.245,5480,2021-07-16 15:38:00,PAA
10.24,10.245,10.23,10.23,2399,2021-07-16 15:39:00,PAA
10.235,10.235,10.23,10.23,4925,2021-07-16 15:40:00,PAA
10.2399,10.2399,10.23,10.23,9100,2021-07-16 15:41:00,PAA
10.23,10.235,10.23,10.23,3700,2021-07-16 15:42:00,PAA
10.23,10.235,10.23,10.23,6343,2021-07-16 15:43:00,PAA
10.23,10.235,10.22,10.22,6243,2021-07-16 15:44:00,PAA
10.225,10.23,10.225,10.225,1800,2021-07-16 15:45:00,PAA
10.2296,10.2296,10.22,10.22,4200,2021-07-16 15:46:00,PAA
10.21,10.215,10.21,10.21,3800,2021-07-16 15:47:00,PAA
10.205,10.2099,10.205,10.205,900,2021-07-16 15:48:00,PAA
10.205,10.205,10.2,10.2,300,2021-07-16 15:49:00,PAA
10.2,10.205,10.19,10.19,5506,2021-07-16 15:50:00,PAA
10.195,10.22,10.195,10.215,10940,2021-07-16 15:51:00,PAA
10.215,10.215,10.21,10.21,600,2021-07-16 15:52:00,PAA
10.215,10.22,10.2,10.2,7400,2021-07-16 15:53:00,PAA
10.2068,10.2068,10.2,10.2,1300,2021-07-16 15:54:00,PAA
10.205,10.205,10.19,10.19,3995,2021-07-16 15:55:00,PAA
10.195,10.195,10.19,10.19,200,2021-07-16 15:56:00,PAA
10.195,10.1958,10.19,10.1958,900,2021-07-16 15:57:00,PAA
10.195,10.2,10.1922,10.1922,2800,2021-07-16 15:58:00,PAA
10.195,10.2,10.19,10.195,2200,2021-07-16 15:59:00,PAA
10.198,10.2,10.185,10.185,5806,2021-07-16 16:00:00,PAA
10.185,10.19,10.1831,10.185,4300,2021-07-16 16:01:00,PAA
10.19,10.2,10.19,10.195,6466,2021-07-16 16:02:00,PAA
10.195,10.195,10.185,10.185,3900,2021-07-16 16:03:00,PAA
10.185,10.185,10.185,10.185,100,2021-07-16 16:04:00,PAA
10.185,10.2,10.185,10.1985,19949,2021-07-16 16:05:00,PAA
10.2,10.2,10.2,10.2,404,2021-07-16 16:06:00,PAA
10.2,10.2,10.195,10.2,800,2021-07-16 16:07:00,PAA
10.195,10.2,10.195,10.2,600,2021-07-16 16:08:00,PAA
10.195,10.2,10.195,10.2,1100,2021-07-16 16:09:00,PAA
10.19,10.21,10.19,10.21,5983,2021-07-16 16:10:00,PAA
10.21,10.22,10.2,10.215,6235,2021-07-16 16:11:00,PAA
10.215,10.22,10.205,10.205,7506,2021-07-16 16:12:00,PAA
10.2,10.205,10.2,10.205,300,2021-07-16 16:13:00,PAA
10.2,10.2066,10.2,10.205,1350,2021-07-16 16:14:00,PAA
10.205,10.205,10.19,10.195,2400,2021-07-16 16:15:00,PAA
10.19,10.19,10.19,10.19,500,2021-07-16 16:16:00,PAA
10.2,10.205,10.195,10.205,13997,2021-07-16 16:17:00,PAA
10.2011,10.205,10.2,10.205,650,2021-07-16 16:18:00,PAA
10.205,10.22,10.205,10.215,5499,2021-07-16 16:19:00,PAA
10.22,10.22,10.2,10.205,4300,2021-07-16 16:20:00,PAA
10.21,10.21,10.2099,10.21,4200,2021-07-16 16:21:00,PAA
10.21,10.22,10.21,10.22,4700,2021-07-16 16:22:00,PAA
10.225,10.225,10.22,10.225,4400,2021-07-16 16:23:00,PAA
10.22,10.22,10.21,10.21,2320,2021-07-16 16:24:00,PAA
10.21,10.21,10.19,10.2,41552,2021-07-16 16:25:00,PAA
10.195,10.195,10.195,10.195,400,2021-07-16 16:26:00,PAA
10.195,10.2,10.195,10.195,2400,2021-07-16 16:27:00,PAA
10.2,10.205,10.2,10.205,4000,2021-07-16 16:28:00,PAA
10.2099,10.21,10.2099,10.21,285,2021-07-16 16:29:00,PAA
10.205,10.205,10.2024,10.205,700,2021-07-16 16:30:00,PAA
10.21,10.21,10.205,10.205,500,2021-07-16 16:31:00,PAA
10.21,10.21,10.1902,10.1902,7397,2021-07-16 16:32:00,PAA
10.195,10.195,10.195,10.195,300,2021-07-16 16:33:00,PAA
10.2,10.2,10.2,10.2,200,2021-07-16 16:34:00,PAA
10.195,10.2,10.195,10.195,700,2021-07-16 16:35:00,PAA
10.19,10.2,10.19,10.2,1500,2021-07-16 16:36:00,PAA
10.2,10.2,10.195,10.195,300,2021-07-16 16:37:00,PAA
10.2,10.2,10.19,10.1941,2100,2021-07-16 16:38:00,PAA
10.195,10.2,10.195,10.195,500,2021-07-16 16:39:00,PAA
10.2,10.2,10.19,10.19,700,2021-07-16 16:40:00,PAA
10.195,10.195,10.19,10.195,700,2021-07-16 16:41:00,PAA
10.19,10.195,10.18,10.195,13543,2021-07-16 16:42:00,PAA
10.195,10.2,10.19,10.2,1500,2021-07-16 16:43:00,PAA
10.19,10.2,10.19,10.2,400,2021-07-16 16:44:00,PAA
10.195,10.2,10.195,10.2,900,2021-07-16 16:45:00,PAA
10.2,10.2,10.19,10.1964,6000,2021-07-16 16:46:00,PAA
10.19,10.19,10.185,10.185,4708,2021-07-16 16:47:00,PAA
10.18,10.18,10.18,10.18,1000,2021-07-16 16:48:00,PAA
10.17,10.18,10.17,10.179,7083,2021-07-16 16:49:00,PAA
10.18,10.18,10.17,10.18,10200,2021-07-16 16:50:00,PAA
10.18,10.18,10.175,10.175,900,2021-07-16 16:51:00,PAA
10.18,10.18,10.175,10.18,1981,2021-07-16 16:52:00,PAA
10.18,10.19,10.18,10.19,4853,2021-07-16 16:53:00,PAA
10.19,10.2,10.19,10.195,10938,2021-07-16 16:54:00,PAA
10.2,10.2,10.2,10.2,1100,2021-07-16 16:55:00,PAA
10.2,10.2,10.2,10.2,500,2021-07-16 16:56:00,PAA
10.2,10.2,10.195,10.2,1759,2021-07-16 16:57:00,PAA
10.2,10.2,10.2,10.2,600,2021-07-16 16:58:00,PAA
10.2,10.205,10.2,10.205,2100,2021-07-16 16:59:00,PAA
10.21,10.21,10.205,10.21,500,2021-07-16 17:00:00,PAA
10.205,10.21,10.195,10.2,8163,2021-07-16 17:01:00,PAA
10.195,10.198,10.195,10.198,750,2021-07-16 17:02:00,PAA
10.2,10.2,10.19,10.2,700,2021-07-16 17:03:00,PAA
10.2,10.2,10.195,10.195,1300,2021-07-16 17:04:00,PAA
10.195,10.2,10.195,10.199,1800,2021-07-16 17:05:00,PAA
10.2,10.2,10.19,10.19,2000,2021-07-16 17:06:00,PAA
10.195,10.195,10.19,10.195,400,2021-07-16 17:07:00,PAA
10.2,10.2,10.19,10.2,400,2021-07-16 17:08:00,PAA
10.1909,10.2,10.19,10.2,2100,2021-07-16 17:09:00,PAA
10.195,10.195,10.18,10.18,2377,2021-07-16 17:10:00,PAA
10.185,10.186,10.175,10.175,1340,2021-07-16 17:11:00,PAA
10.17,10.18,10.17,10.175,15016,2021-07-16 17:12:00,PAA
10.18,10.18,10.18,10.18,300,2021-07-16 17:13:00,PAA
10.18,10.19,10.18,10.19,3489,2021-07-16 17:14:00,PAA
10.185,10.19,10.185,10.19,700,2021-07-16 17:15:00,PAA
10.18,10.19,10.18,10.19,500,2021-07-16 17:16:00,PAA
10.19,10.19,10.183,10.19,2365,2021-07-16 17:17:00,PAA
10.19,10.19,10.185,10.19,1500,2021-07-16 17:18:00,PAA
10.19,10.19,10.18,10.18,400,2021-07-16 17:19:00,PAA
10.19,10.19,10.185,10.1899,2200,2021-07-16 17:20:00,PAA
10.19,10.19,10.185,10.185,400,2021-07-16 17:21:00,PAA
10.19,10.19,10.18,10.19,700,2021-07-16 17:22:00,PAA
10.19,10.19,10.175,10.175,6433,2021-07-16 17:23:00,PAA
10.175,10.175,10.17,10.175,700,2021-07-16 17:24:00,PAA
10.17,10.18,10.17,10.175,1000,2021-07-16 17:25:00,PAA
10.18,10.18,10.1709,10.1709,3000,2021-07-16 17:26:00,PAA
10.18,10.18,10.175,10.175,1858,2021-07-16 17:27:00,PAA
10.18,10.18,10.17,10.175,909,2021-07-16 17:28:00,PAA
10.18,10.18,10.17,10.17,1600,2021-07-16 17:29:00,PAA
10.175,10.18,10.175,10.1756,300,2021-07-16 17:30:00,PAA
10.17,10.18,10.17,10.17,6500,2021-07-16 17:31:00,PAA
10.17,10.17,10.15,10.1559,8810,2021-07-16 17:32:00,PAA
10.15,10.15,10.15,10.15,395,2021-07-16 17:33:00,PAA
10.155,10.155,10.15,10.15,3612,2021-07-16 17:34:00,PAA
10.1479,10.15,10.145,10.1483,10287,2021-07-16 17:35:00,PAA
10.15,10.16,10.145,10.16,9600,2021-07-16 17:36:00,PAA
10.16,10.17,10.16,10.16,12375,2021-07-16 17:37:00,PAA
10.1669,10.1699,10.165,10.165,897,2021-07-16 17:38:00,PAA
10.165,10.1655,10.16,10.16,1961,2021-07-16 17:39:00,PAA
10.165,10.165,10.165,10.165,1350,2021-07-16 17:40:00,PAA
10.16,10.16,10.16,10.16,3968,2021-07-16 17:41:00,PAA
10.16,10.16,10.13,10.14,18144,2021-07-16 17:42:00,PAA
10.135,10.14,10.135,10.135,2302,2021-07-16 17:43:00,PAA
10.135,10.14,10.135,10.14,600,2021-07-16 17:44:00,PAA
10.135,10.14,10.132,10.14,3800,2021-07-16 17:45:00,PAA
10.135,10.135,10.13,10.135,1000,2021-07-16 17:46:00,PAA
10.135,10.14,10.135,10.14,2134,2021-07-16 17:47:00,PAA
10.14,10.14,10.12,10.12,4100,2021-07-16 17:48:00,PAA
10.12,10.13,10.11,10.1263,4383,2021-07-16 17:49:00,PAA
10.1267,10.1299,10.1249,10.1249,2000,2021-07-16 17:50:00,PAA
10.125,10.13,10.12,10.125,4700,2021-07-16 17:51:00,PAA
10.13,10.14,10.13,10.14,6300,2021-07-16 17:52:00,PAA
10.14,10.14,10.13,10.135,4200,2021-07-16 17:53:00,PAA
10.13,10.14,10.13,10.14,1000,2021-07-16 17:54:00,PAA
10.14,10.14,10.13,10.14,610,2021-07-16 17:55:00,PAA
10.14,10.14,10.14,10.14,600,2021-07-16 17:56:00,PAA
10.135,10.14,10.135,10.14,5800,2021-07-16 17:57:00,PAA
10.135,10.14,10.13,10.13,7487,2021-07-16 17:58:00,PAA
10.14,10.14,10.1351,10.1351,1100,2021-07-16 17:59:00,PAA
10.14,10.14,10.13,10.135,500,2021-07-16 18:00:00,PAA
10.135,10.135,10.13,10.13,3400,2021-07-16 18:01:00,PAA
10.125,10.14,10.125,10.14,5700,2021-07-16 18:02:00,PAA
10.135,10.14,10.135,10.14,9615,2021-07-16 18:03:00,PAA
10.14,10.14,10.13,10.14,6300,2021-07-16 18:04:00,PAA
10.14,10.14,10.1301,10.135,8300,2021-07-16 18:05:00,PAA
10.14,10.14,10.125,10.1283,6148,2021-07-16 18:06:00,PAA
10.125,10.15,10.125,10.15,22874,2021-07-16 18:07:00,PAA
10.15,10.15,10.14,10.145,2100,2021-07-16 18:08:00,PAA
10.15,10.15,10.15,10.15,800,2021-07-16 18:09:00,PAA
10.145,10.15,10.145,10.15,1800,2021-07-16 18:10:00,PAA
10.15,10.15,10.15,10.15,600,2021-07-16 18:11:00,PAA
10.15,10.15,10.14,10.15,2300,2021-07-16 18:12:00,PAA
10.145,10.15,10.145,10.15,800,2021-07-16 18:13:00,PAA
10.147,10.15,10.145,10.15,1458,2021-07-16 18:14:00,PAA
10.15,10.15,10.1482,10.15,3100,2021-07-16 18:15:00,PAA
10.15,10.15,10.15,10.15,600,2021-07-16 18:16:00,PAA
10.15,10.15,10.145,10.15,2041,2021-07-16 18:17:00,PAA
10.15,10.16,10.15,10.16,4500,2021-07-16 18:18:00,PAA
10.16,10.16,10.145,10.145,20439,2021-07-16 18:19:00,PAA
10.14,10.145,10.13,10.138,3705,2021-07-16 18:20:00,PAA
10.13,10.13,10.13,10.13,1800,2021-07-16 18:21:00,PAA
10.1358,10.1358,10.13,10.13,600,2021-07-16 18:22:00,PAA
10.13,10.135,10.125,10.125,6917,2021-07-16 18:23:00,PAA
10.125,10.14,10.125,10.14,4688,2021-07-16 18:24:00,PAA
10.145,10.145,10.145,10.145,200,2021-07-16 18:25:00,PAA
10.14,10.14,10.125,10.13,8953,2021-07-16 18:26:00,PAA
10.13,10.135,10.13,10.13,3100,2021-07-16 18:27:00,PAA
10.125,10.125,10.115,10.115,7270,2021-07-16 18:28:00,PAA
10.11,10.115,10.105,10.105,12408,2021-07-16 18:29:00,PAA
10.105,10.11,10.105,10.105,400,2021-07-16 18:30:00,PAA
10.1001,10.11,10.1,10.105,42962,2021-07-16 18:31:00,PAA
10.11,10.12,10.1099,10.115,9228,2021-07-16 18:32:00,PAA
10.115,10.1155,10.11,10.115,700,2021-07-16 18:33:00,PAA
10.12,10.12,10.115,10.12,800,2021-07-16 18:34:00,PAA
10.12,10.13,10.12,10.13,5100,2021-07-16 18:35:00,PAA
10.13,10.14,10.13,10.14,3447,2021-07-16 18:36:00,PAA
10.1343,10.14,10.1343,10.135,600,2021-07-16 18:37:00,PAA
10.13,10.135,10.12,10.1259,3859,2021-07-16 18:38:00,PAA
10.12,10.1265,10.12,10.1265,2350,2021-07-16 18:39:00,PAA
10.125,10.135,10.125,10.135,3800,2021-07-16 18:40:00,PAA
10.135,10.15,10.135,10.145,5800,2021-07-16 18:41:00,PAA
10.14,10.145,10.13,10.13,2700,2021-07-16 18:42:00,PAA
10.13,10.14,10.13,10.14,500,2021-07-16 18:43:00,PAA
10.14,10.14,10.1221,10.125,8208,2021-07-16 18:44:00,PAA
10.125,10.135,10.11,10.115,26700,2021-07-16 18:45:00,PAA
10.11,10.115,10.1,10.105,34720,2021-07-16 18:46:00,PAA
10.1,10.1,10.09,10.1,11805,2021-07-16 18:47:00,PAA
10.095,10.1,10.095,10.095,3600,2021-07-16 18:48:00,PAA
10.09,10.09,10.082,10.085,4961,2021-07-16 18:49:00,PAA
10.0875,10.0875,10.085,10.0862,2000,2021-07-16 18:50:00,PAA
10.085,10.1,10.085,10.1,9883,2021-07-16 18:51:00,PAA
10.0935,10.095,10.09,10.095,1700,2021-07-16 18:52:00,PAA
10.1,10.1,10.09,10.095,500,2021-07-16 18:53:00,PAA
10.095,10.1,10.09,10.095,1500,2021-07-16 18:54:00,PAA
10.09,10.1,10.08,10.08,31006,2021-07-16 18:55:00,PAA
10.0801,10.0865,10.07,10.075,32100,2021-07-16 18:56:00,PAA
10.0701,10.08,10.07,10.075,17649,2021-07-16 18:57:00,PAA
10.0799,10.08,10.075,10.075,16000,2021-07-16 18:58:00,PAA
10.08,10.09,10.08,10.08,38396,2021-07-16 18:59:00,PAA
10.085,10.085,10.0724,10.075,60191,2021-07-16 19:00:00,PAA
10.08,10.08,10.075,10.075,3901,2021-07-16 19:01:00,PAA
10.075,10.08,10.07,10.075,9300,2021-07-16 19:02:00,PAA
10.08,10.09,10.07,10.075,26840,2021-07-16 19:03:00,PAA
10.0711,10.0711,10.07,10.07,3791,2021-07-16 19:04:00,PAA
10.06,10.06,10.045,10.045,45972,2021-07-16 19:05:00,PAA
10.045,10.045,10.04,10.04,7300,2021-07-16 19:06:00,PAA
10.04,10.04,10.03,10.035,9080,2021-07-16 19:07:00,PAA
10.0399,10.0399,10.02,10.02,6500,2021-07-16 19:08:00,PAA
10.03,10.035,10.025,10.03,24773,2021-07-16 19:09:00,PAA
10.03,10.03,10.0242,10.025,13680,2021-07-16 19:10:00,PAA
10.0265,10.03,10.025,10.025,9870,2021-07-16 19:11:00,PAA
10.02,10.025,10.015,10.015,6598,2021-07-16 19:12:00,PAA
10.015,10.02,10.01,10.01,9200,2021-07-16 19:13:00,PAA
10.015,10.015,10.005,10.01,19350,2021-07-16 19:14:00,PAA
10.005,10.01,10.0,10.01,55277,2021-07-16 19:15:00,PAA
10.005,10.0057,10.0001,10.0001,1100,2021-07-16 19:16:00,PAA
10.005,10.02,10.0,10.0,47091,2021-07-16 19:17:00,PAA
10.0099,10.01,10.0,10.01,3800,2021-07-16 19:18:00,PAA
10.01,10.015,10.0039,10.0099,48198,2021-07-16 19:19:00,PAA
10.005,10.02,10.005,10.02,18786,2021-07-16 19:20:00,PAA
10.02,10.02,10.01,10.01,23224,2021-07-16 19:21:00,PAA
10.0099,10.0156,10.005,10.01,259942,2021-07-16 19:22:00,PAA
10.015,10.02,10.0101,10.015,11500,2021-07-16 19:23:00,PAA
10.015,10.02,10.0101,10.015,15000,2021-07-16 19:24:00,PAA
10.015,10.015,10.01,10.01,4645,2021-07-16 19:25:00,PAA
10.015,10.02,10.0142,10.0142,11879,2021-07-16 19:26:00,PAA
10.015,10.015,10.01,10.015,5200,2021-07-16 19:27:00,PAA
10.015,10.0199,10.01,10.01,4600,2021-07-16 19:28:00,PAA
10.015,10.015,10.01,10.01,4400,2021-07-16 19:29:00,PAA
10.015,10.015,10.005,10.005,15000,2021-07-16 19:30:00,PAA
10.005,10.01,10.0,10.005,2125,2021-07-16 19:31:00,PAA
10.0043,10.005,10.0,10.005,2502,2021-07-16 19:32:00,PAA
10.0,10.01,10.0,10.005,8086,2021-07-16 19:33:00,PAA
10.0,10.005,10.0,10.0,1703,2021-07-16 19:34:00,PAA
10.0,10.0001,9.98,9.98,19860,2021-07-16 19:35:00,PAA
9.98,9.99,9.98,9.98,5298,2021-07-16 19:36:00,PAA
9.98,9.985,9.98,9.9801,2388,2021-07-16 19:37:00,PAA
9.98,9.99,9.97,9.9763,12154,2021-07-16 19:38:00,PAA
9.97,9.98,9.97,9.9762,12353,2021-07-16 19:39:00,PAA
9.9799,10.01,9.97,9.9937,44271,2021-07-16 19:40:00,PAA
9.9943,9.995,9.99,9.99,4034,2021-07-16 19:41:00,PAA
9.99,10.0,9.98,9.98,27091,2021-07-16 19:42:00,PAA
9.99,9.99,9.98,9.98,2971,2021-07-16 19:43:00,PAA
9.98,9.9877,9.97,9.985,20109,2021-07-16 19:44:00,PAA
9.98,9.9862,9.98,9.98,7959,2021-07-16 19:45:00,PAA
9.9835,9.99,9.98,9.985,3589,2021-07-16 19:46:00,PAA
9.985,9.985,9.97,9.975,14495,2021-07-16 19:47:00,PAA
9.9701,9.985,9.96,9.985,60310,2021-07-16 19:48:00,PAA
9.985,9.9899,9.98,9.98,9734,2021-07-16 19:49:00,PAA
9.98,9.9856,9.97,9.975,11808,2021-07-16 19:50:00,PAA
9.97,10.01,9.97,10.0,68979,2021-07-16 19:51:00,PAA
9.995,10.0,9.99,9.99,25341,2021-07-16 19:52:00,PAA
9.9901,9.9999,9.99,9.995,4248,2021-07-16 19:53:00,PAA
9.99,10.005,9.99,10.005,23535,2021-07-16 19:54:00,PAA
10.005,10.015,10.0,10.015,19713,2021-07-16 19:55:00,PAA
10.015,10.03,10.0101,10.025,48867,2021-07-16 19:56:00,PAA
10.02,10.03,10.02,10.025,11425,2021-07-16 19:57:00,PAA
10.03,10.04,10.03,10.04,50286,2021-07-16 19:58:00,PAA
10.035,10.04,10.02,10.03,58533,2021-07-16 19:59:00,PAA
10.02,10.02,10.02,10.02,64268,2021-07-16 20:00:00,PAA
10.02,10.02,10.02,10.02,500,2021-07-16 20:11:00,PAA
10.02,10.02,10.02,10.02,250,2021-07-16 20:13:00,PAA
10.02,10.02,10.02,10.02,152,2021-07-16 20:37:00,PAA
10.08,10.08,10.08,10.08,750,2021-07-16 21:08:00,PAA
10.08,10.08,10.08,10.08,1100,2021-07-16 21:39:00,PAA
10.07,10.07,10.07,10.07,100,2021-07-16 21:49:00,PAA
10.01,10.01,10.01,10.01,100,2021-07-19 11:00:00,PAA
9.75,9.75,9.75,9.75,200,2021-07-19 12:09:00,PAA
9.75,9.75,9.75,9.75,200,2021-07-19 12:16:00,PAA
9.752,9.752,9.752,9.752,100,2021-07-19 12:20:00,PAA
9.7502,9.7502,9.7502,9.7502,1000,2021-07-19 12:22:00,PAA
9.75,9.75,9.75,9.75,100,2021-07-19 12:24:00,PAA
9.68,9.68,9.68,9.68,742,2021-07-19 12:28:00,PAA
10.02,10.02,10.02,10.02,67958,2021-07-19 12:33:00,PAA
9.775,9.775,9.775,9.775,500,2021-07-19 12:39:00,PAA
9.78,9.78,9.78,9.78,1000,2021-07-19 12:43:00,PAA
9.78,9.78,9.78,9.78,700,2021-07-19 12:54:00,PAA
9.77,9.77,9.71,9.71,700,2021-07-19 12:56:00,PAA
9.5635,9.5635,9.5635,9.5635,400,2021-07-19 13:12:00,PAA
9.65,9.65,9.65,9.65,250,2021-07-19 13:18:00,PAA
9.7799,9.7799,9.7799,9.7799,200,2021-07-19 13:25:00,PAA
9.65,9.7,9.6,9.63,60263,2021-07-19 13:30:00,PAA
9.61,9.71,9.61,9.68,25493,2021-07-19 13:31:00,PAA
9.7,9.73,9.61,9.62,52277,2021-07-19 13:32:00,PAA
9.63,9.694,9.63,9.6637,19472,2021-07-19 13:33:00,PAA
9.66,9.66,9.62,9.62,17084,2021-07-19 13:34:00,PAA
9.64,9.73,9.6395,9.72,27830,2021-07-19 13:35:00,PAA
9.72,9.74,9.71,9.72,28510,2021-07-19 13:36:00,PAA
9.72,9.72,9.665,9.665,4338,2021-07-19 13:37:00,PAA
9.67,9.67,9.59,9.6,11437,2021-07-19 13:38:00,PAA
9.6,9.62,9.5772,9.6,14339,2021-07-19 13:39:00,PAA
9.589,9.6,9.56,9.6,46628,2021-07-19 13:40:00,PAA
9.59,9.59,9.54,9.545,8803,2021-07-19 13:41:00,PAA
9.55,9.565,9.52,9.525,46692,2021-07-19 13:42:00,PAA
9.53,9.55,9.52,9.525,11210,2021-07-19 13:43:00,PAA
9.53,9.5504,9.51,9.53,24734,2021-07-19 13:44:00,PAA
9.53,9.54,9.515,9.5281,16268,2021-07-19 13:45:00,PAA
9.5293,9.55,9.52,9.55,7887,2021-07-19 13:46:00,PAA
9.55,9.57,9.55,9.565,6612,2021-07-19 13:47:00,PAA
9.5687,9.57,9.56,9.57,8217,2021-07-19 13:48:00,PAA
9.5729,9.575,9.51,9.525,61588,2021-07-19 13:49:00,PAA
9.525,9.525,9.485,9.485,74125,2021-07-19 13:50:00,PAA
9.4801,9.4841,9.43,9.4405,36323,2021-07-19 13:51:00,PAA
9.44,9.47,9.43,9.465,6281,2021-07-19 13:52:00,PAA
9.47,9.52,9.46,9.465,13952,2021-07-19 13:53:00,PAA
9.47,9.47,9.43,9.435,37714,2021-07-19 13:54:00,PAA
9.435,9.435,9.3914,9.4114,10040,2021-07-19 13:55:00,PAA
9.415,9.435,9.39,9.41,5269,2021-07-19 13:56:00,PAA
9.42,9.43,9.4,9.43,8889,2021-07-19 13:57:00,PAA
9.44,9.46,9.42,9.44,40816,2021-07-19 13:58:00,PAA
9.4401,9.45,9.41,9.41,16582,2021-07-19 13:59:00,PAA
9.41,9.41,9.38,9.39,18765,2021-07-19 14:00:00,PAA
9.39,9.395,9.375,9.3758,11606,2021-07-19 14:01:00,PAA
9.375,9.39,9.335,9.335,12748,2021-07-19 14:02:00,PAA
9.335,9.38,9.335,9.375,38240,2021-07-19 14:03:00,PAA
9.3722,9.415,9.365,9.415,69400,2021-07-19 14:04:00,PAA
9.415,9.43,9.41,9.425,59702,2021-07-19 14:05:00,PAA
9.425,9.4266,9.41,9.42,15607,2021-07-19 14:06:00,PAA
9.42,9.4601,9.42,9.46,23148,2021-07-19 14:07:00,PAA
9.45,9.46,9.43,9.455,60426,2021-07-19 14:08:00,PAA
9.4574,9.47,9.455,9.47,15936,2021-07-19 14:09:00,PAA
9.48,9.505,9.48,9.505,40348,2021-07-19 14:10:00,PAA
9.5001,9.51,9.48,9.485,33153,2021-07-19 14:11:00,PAA
9.485,9.5,9.45,9.45,58946,2021-07-19 14:12:00,PAA
9.44,9.44,9.4101,9.42,13909,2021-07-19 14:13:00,PAA
9.41,9.4195,9.405,9.41,5650,2021-07-19 14:14:00,PAA
9.41,9.42,9.4,9.41,6644,2021-07-19 14:15:00,PAA
9.405,9.42,9.4,9.42,3715,2021-07-19 14:16:00,PAA
9.415,9.45,9.41,9.445,23622,2021-07-19 14:17:00,PAA
9.445,9.445,9.435,9.44,54070,2021-07-19 14:18:00,PAA
9.4399,9.44,9.433,9.4357,4000,2021-07-19 14:19:00,PAA
9.435,9.55,9.43,9.55,50244,2021-07-19 14:20:00,PAA
9.54,9.5501,9.525,9.54,11948,2021-07-19 14:21:00,PAA
9.54,9.55,9.519,9.55,3080,2021-07-19 14:22:00,PAA
9.54,9.54,9.5195,9.53,3475,2021-07-19 14:23:00,PAA
9.525,9.53,9.51,9.52,2200,2021-07-19 14:24:00,PAA
9.51,9.52,9.5,9.5,8914,2021-07-19 14:25:00,PAA
9.5,9.53,9.5,9.53,7851,2021-07-19 14:26:00,PAA
9.53,9.53,9.52,9.52,12828,2021-07-19 14:27:00,PAA
9.53,9.53,9.5033,9.53,3141,2021-07-19 14:28:00,PAA
9.535,9.54,9.53,9.54,19835,2021-07-19 14:29:00,PAA
9.53,9.53,9.515,9.5169,11100,2021-07-19 14:30:00,PAA
9.5101,9.53,9.51,9.52,6804,2021-07-19 14:31:00,PAA
9.53,9.56,9.53,9.555,13971,2021-07-19 14:32:00,PAA
9.55,9.57,9.55,9.56,2450,2021-07-19 14:33:00,PAA
9.56,9.57,9.56,9.57,2691,2021-07-19 14:34:00,PAA
9.56,9.5682,9.535,9.535,5225,2021-07-19 14:35:00,PAA
9.5393,9.54,9.52,9.52,11125,2021-07-19 14:36:00,PAA
9.53,9.5578,9.53,9.55,11118,2021-07-19 14:37:00,PAA
9.555,9.555,9.54,9.55,6085,2021-07-19 14:38:00,PAA
9.55,9.58,9.55,9.58,20038,2021-07-19 14:39:00,PAA
9.57,9.6,9.57,9.58,38083,2021-07-19 14:40:00,PAA
9.58,9.625,9.58,9.625,23851,2021-07-19 14:41:00,PAA
9.625,9.63,9.6,9.63,6844,2021-07-19 14:42:00,PAA
9.63,9.65,9.6,9.65,68600,2021-07-19 14:43:00,PAA
9.64,9.68,9.635,9.635,69195,2021-07-19 14:44:00,PAA
9.63,9.66,9.625,9.645,15266,2021-07-19 14:45:00,PAA
9.64,9.655,9.64,9.645,20020,2021-07-19 14:46:00,PAA
9.645,9.645,9.6,9.625,15214,2021-07-19 14:47:00,PAA
9.63,9.635,9.6,9.6,7153,2021-07-19 14:48:00,PAA
9.5999,9.62,9.595,9.61,3955,2021-07-19 14:49:00,PAA
9.61,9.61,9.585,9.6,23562,2021-07-19 14:50:00,PAA
9.595,9.6,9.58,9.59,13300,2021-07-19 14:51:00,PAA
9.59,9.59,9.575,9.59,22462,2021-07-19 14:52:00,PAA
9.58,9.58,9.565,9.565,10407,2021-07-19 14:53:00,PAA
9.57,9.57,9.54,9.54,25466,2021-07-19 14:54:00,PAA
9.54,9.55,9.5239,9.53,7900,2021-07-19 14:55:00,PAA
9.53,9.53,9.51,9.52,7300,2021-07-19 14:56:00,PAA
9.52,9.54,9.52,9.535,26657,2021-07-19 14:57:00,PAA
9.53,9.55,9.515,9.55,25918,2021-07-19 14:58:00,PAA
9.55,9.55,9.535,9.545,10778,2021-07-19 14:59:00,PAA
9.545,9.5699,9.54,9.56,18899,2021-07-19 15:00:00,PAA
9.56,9.56,9.52,9.525,14400,2021-07-19 15:01:00,PAA
9.52,9.57,9.52,9.57,23210,2021-07-19 15:02:00,PAA
9.57,9.61,9.57,9.61,21054,2021-07-19 15:03:00,PAA
9.605,9.61,9.59,9.595,24258,2021-07-19 15:04:00,PAA
9.6,9.6,9.56,9.58,41440,2021-07-19 15:05:00,PAA
9.57,9.585,9.56,9.56,45992,2021-07-19 15:06:00,PAA
9.56,9.57,9.55,9.567,36539,2021-07-19 15:07:00,PAA
9.57,9.58,9.57,9.575,4854,2021-07-19 15:08:00,PAA
9.575,9.59,9.575,9.5843,2764,2021-07-19 15:09:00,PAA
9.585,9.585,9.58,9.58,700,2021-07-19 15:10:00,PAA
9.57,9.5743,9.555,9.565,23007,2021-07-19 15:11:00,PAA
9.565,9.5885,9.565,9.58,27319,2021-07-19 15:12:00,PAA
9.585,9.6,9.58,9.59,7417,2021-07-19 15:13:00,PAA
9.595,9.61,9.59,9.61,107371,2021-07-19 15:14:00,PAA
9.61,9.635,9.61,9.635,10075,2021-07-19 15:15:00,PAA
9.63,9.64,9.62,9.62,21645,2021-07-19 15:16:00,PAA
9.62,9.6257,9.62,9.62,550,2021-07-19 15:17:00,PAA
9.63,9.64,9.625,9.635,13190,2021-07-19 15:18:00,PAA
9.63,9.65,9.62,9.65,14661,2021-07-19 15:19:00,PAA
9.64,9.65,9.635,9.64,37356,2021-07-19 15:20:00,PAA
9.635,9.64,9.615,9.615,47793,2021-07-19 15:21:00,PAA
9.61,9.62,9.61,9.615,37291,2021-07-19 15:22:00,PAA
9.61,9.64,9.61,9.63,81890,2021-07-19 15:23:00,PAA
9.635,9.675,9.635,9.66,103534,2021-07-19 15:24:00,PAA
9.66,9.6975,9.66,9.6975,210746,2021-07-19 15:25:00,PAA
9.69,9.71,9.68,9.69,14121,2021-07-19 15:26:00,PAA
9.69,9.73,9.69,9.73,50758,2021-07-19 15:27:00,PAA
9.725,9.755,9.72,9.75,26862,2021-07-19 15:28:00,PAA
9.745,9.745,9.72,9.74,38966,2021-07-19 15:29:00,PAA
9.735,9.74,9.73,9.74,12261,2021-07-19 15:30:00,PAA
9.7443,9.785,9.7443,9.78,31367,2021-07-19 15:31:00,PAA
9.7706,9.8,9.77,9.795,46900,2021-07-19 15:32:00,PAA
9.795,9.82,9.795,9.82,7400,2021-07-19 15:33:00,PAA
9.83,9.83,9.8,9.825,34131,2021-07-19 15:34:00,PAA
9.83,9.85,9.8199,9.845,58154,2021-07-19 15:35:00,PAA
9.84,9.87,9.84,9.84,47698,2021-07-19 15:36:00,PAA
9.84,9.845,9.8001,9.805,29964,2021-07-19 15:37:00,PAA
9.805,9.825,9.8,9.825,32265,2021-07-19 15:38:00,PAA
9.825,9.86,9.82,9.85,16952,2021-07-19 15:39:00,PAA
9.845,9.87,9.84,9.85,26674,2021-07-19 15:40:00,PAA
9.845,9.85,9.835,9.85,22340,2021-07-19 15:41:00,PAA
9.85,9.87,9.85,9.86,43380,2021-07-19 15:42:00,PAA
9.865,9.8699,9.845,9.85,23577,2021-07-19 15:43:00,PAA
9.84,9.85,9.83,9.835,37119,2021-07-19 15:44:00,PAA
9.83,9.835,9.825,9.825,6232,2021-07-19 15:45:00,PAA
9.825,9.84,9.81,9.81,8600,2021-07-19 15:46:00,PAA
9.81,9.81,9.805,9.81,3115,2021-07-19 15:47:00,PAA
9.8094,9.8094,9.78,9.78,9700,2021-07-19 15:48:00,PAA
9.785,9.785,9.75,9.76,12550,2021-07-19 15:49:00,PAA
9.77,9.77,9.76,9.76,4023,2021-07-19 15:50:00,PAA
9.76,9.76,9.74,9.75,3335,2021-07-19 15:51:00,PAA
9.75,9.75,9.745,9.745,2500,2021-07-19 15:52:00,PAA
9.745,9.78,9.745,9.7782,10036,2021-07-19 15:53:00,PAA
9.775,9.7999,9.775,9.7999,2950,2021-07-19 15:54:00,PAA
9.79,9.8,9.79,9.8,900,2021-07-19 15:55:00,PAA
9.8,9.83,9.8,9.82,9611,2021-07-19 15:56:00,PAA
9.825,9.83,9.82,9.82,27375,2021-07-19 15:57:00,PAA
9.82,9.83,9.82,9.825,2525,2021-07-19 15:58:00,PAA
9.82,9.82,9.81,9.815,2754,2021-07-19 15:59:00,PAA
9.81,9.81,9.78,9.78,4111,2021-07-19 16:00:00,PAA
9.78,9.7807,9.765,9.77,8516,2021-07-19 16:01:00,PAA
9.77,9.77,9.75,9.75,2800,2021-07-19 16:02:00,PAA
9.755,9.788,9.75,9.77,20477,2021-07-19 16:03:00,PAA
9.77,9.79,9.77,9.775,19636,2021-07-19 16:04:00,PAA
9.77,9.77,9.765,9.765,700,2021-07-19 16:05:00,PAA
9.765,9.765,9.76,9.76,6600,2021-07-19 16:06:00,PAA
9.76,9.78,9.75,9.77,5975,2021-07-19 16:07:00,PAA
9.77,9.77,9.76,9.76,2200,2021-07-19 16:08:00,PAA
9.755,9.76,9.75,9.75,8866,2021-07-19 16:09:00,PAA
9.75,9.75,9.74,9.745,2700,2021-07-19 16:10:00,PAA
9.74,9.74,9.73,9.735,2600,2021-07-19 16:11:00,PAA
9.73,9.75,9.72,9.75,13800,2021-07-19 16:12:00,PAA
9.755,9.76,9.74,9.74,5900,2021-07-19 16:13:00,PAA
9.745,9.75,9.735,9.735,2215,2021-07-19 16:14:00,PAA
9.73,9.74,9.73,9.74,5703,2021-07-19 16:15:00,PAA
9.74,9.75,9.73,9.74,13593,2021-07-19 16:16:00,PAA
9.74,9.74,9.735,9.735,2000,2021-07-19 16:17:00,PAA
9.73,9.73,9.71,9.715,3100,2021-07-19 16:18:00,PAA
9.71,9.71,9.7,9.7,4041,2021-07-19 16:19:00,PAA
9.7,9.7,9.69,9.695,1400,2021-07-19 16:20:00,PAA
9.69,9.7,9.69,9.695,3600,2021-07-19 16:21:00,PAA
9.7,9.71,9.69,9.69,10469,2021-07-19 16:22:00,PAA
9.7,9.71,9.69,9.695,14392,2021-07-19 16:23:00,PAA
9.699,9.699,9.68,9.685,1395,2021-07-19 16:24:00,PAA
9.68,9.68,9.67,9.68,2200,2021-07-19 16:25:00,PAA
9.68,9.68,9.65,9.66,9884,2021-07-19 16:26:00,PAA
9.655,9.66,9.645,9.655,5659,2021-07-19 16:27:00,PAA
9.65,9.65,9.65,9.65,400,2021-07-19 16:28:00,PAA
9.66,9.66,9.65,9.655,800,2021-07-19 16:29:00,PAA
9.65,9.65,9.63,9.63,5500,2021-07-19 16:30:00,PAA
9.63,9.6301,9.615,9.62,21197,2021-07-19 16:31:00,PAA
9.6201,9.63,9.62,9.625,3536,2021-07-19 16:32:00,PAA
9.63,9.65,9.63,9.64,10803,2021-07-19 16:33:00,PAA
9.645,9.65,9.635,9.645,2325,2021-07-19 16:34:00,PAA
9.645,9.65,9.64,9.645,10500,2021-07-19 16:35:00,PAA
9.645,9.645,9.63,9.63,1470,2021-07-19 16:36:00,PAA
9.63,9.63,9.61,9.61,1700,2021-07-19 16:37:00,PAA
9.61,9.61,9.6,9.6,2000,2021-07-19 16:38:00,PAA
9.61,9.61,9.595,9.5984,4623,2021-07-19 16:39:00,PAA
9.5999,9.6,9.585,9.595,7676,2021-07-19 16:40:00,PAA
9.59,9.59,9.58,9.58,1800,2021-07-19 16:41:00,PAA
9.58,9.58,9.56,9.575,8291,2021-07-19 16:42:00,PAA
9.58,9.6,9.58,9.6,15684,2021-07-19 16:43:00,PAA
9.6,9.6,9.59,9.6,3695,2021-07-19 16:44:00,PAA
9.595,9.6,9.585,9.585,1800,2021-07-19 16:45:00,PAA
9.59,9.6,9.585,9.595,4300,2021-07-19 16:46:00,PAA
9.6,9.6,9.585,9.6,3445,2021-07-19 16:47:00,PAA
9.6,9.61,9.5931,9.6,6280,2021-07-19 16:48:00,PAA
9.5986,9.5986,9.58,9.58,3200,2021-07-19 16:49:00,PAA
9.585,9.585,9.575,9.575,3650,2021-07-19 16:50:00,PAA
9.57,9.5761,9.565,9.5761,6158,2021-07-19 16:51:00,PAA
9.58,9.59,9.57,9.585,5150,2021-07-19 16:52:00,PAA
9.585,9.62,9.585,9.61,21020,2021-07-19 16:53:00,PAA
9.6088,9.61,9.6,9.605,4400,2021-07-19 16:54:00,PAA
9.6,9.6,9.59,9.5969,9359,2021-07-19 16:55:00,PAA
9.59,9.59,9.59,9.59,2366,2021-07-19 16:56:00,PAA
9.59,9.6,9.59,9.6,10509,2021-07-19 16:57:00,PAA
9.605,9.61,9.605,9.61,600,2021-07-19 16:58:00,PAA
9.605,9.61,9.605,9.61,1300,2021-07-19 16:59:00,PAA
9.61,9.63,9.605,9.63,7044,2021-07-19 17:00:00,PAA
9.625,9.63,9.62,9.63,1000,2021-07-19 17:01:00,PAA
9.625,9.625,9.625,9.625,100,2021-07-19 17:02:00,PAA
9.625,9.64,9.61,9.63,12345,2021-07-19 17:03:00,PAA
9.63,9.645,9.625,9.635,27197,2021-07-19 17:04:00,PAA
9.63,9.64,9.63,9.63,2200,2021-07-19 17:05:00,PAA
9.622,9.622,9.61,9.62,4151,2021-07-19 17:06:00,PAA
9.61,9.6199,9.605,9.61,5062,2021-07-19 17:07:00,PAA
9.61,9.62,9.6,9.61,12841,2021-07-19 17:08:00,PAA
9.615,9.615,9.6112,9.6112,600,2021-07-19 17:09:00,PAA
9.61,9.615,9.6,9.6,5500,2021-07-19 17:10:00,PAA
9.6,9.61,9.59,9.6,16186,2021-07-19 17:11:00,PAA
9.61,9.61,9.605,9.6081,2200,2021-07-19 17:12:00,PAA
9.6099,9.61,9.59,9.605,12586,2021-07-19 17:13:00,PAA
9.6099,9.62,9.6,9.62,11758,2021-07-19 17:14:00,PAA
9.62,9.64,9.61,9.61,8620,2021-07-19 17:15:00,PAA
9.615,9.63,9.615,9.63,2775,2021-07-19 17:16:00,PAA
9.63,9.65,9.63,9.645,32438,2021-07-19 17:17:00,PAA
9.65,9.655,9.642,9.65,14900,2021-07-19 17:18:00,PAA
9.64,9.64,9.625,9.625,2930,2021-07-19 17:19:00,PAA
9.625,9.625,9.62,9.62,2950,2021-07-19 17:20:00,PAA
9.62,9.62,9.6,9.6,3400,2021-07-19 17:21:00,PAA
9.6,9.6,9.59,9.595,3605,2021-07-19 17:22:00,PAA
9.595,9.62,9.59,9.62,7064,2021-07-19 17:23:00,PAA
9.62,9.62,9.605,9.605,2126,2021-07-19 17:24:00,PAA
9.6,9.6,9.585,9.59,22287,2021-07-19 17:25:00,PAA
9.59,9.6,9.59,9.5976,6150,2021-07-19 17:26:00,PAA
9.6,9.61,9.595,9.61,8239,2021-07-19 17:27:00,PAA
9.61,9.63,9.61,9.62,6951,2021-07-19 17:28:00,PAA
9.62,9.66,9.62,9.6482,13355,2021-07-19 17:29:00,PAA
9.64,9.64,9.63,9.63,5889,2021-07-19 17:30:00,PAA
9.64,9.64,9.63,9.635,3300,2021-07-19 17:31:00,PAA
9.635,9.65,9.625,9.625,19613,2021-07-19 17:32:00,PAA
9.62,9.63,9.615,9.63,6048,2021-07-19 17:33:00,PAA
9.63,9.63,9.63,9.63,1400,2021-07-19 17:34:00,PAA
9.63,9.6415,9.625,9.6415,8393,2021-07-19 17:35:00,PAA
9.645,9.6471,9.645,9.6471,1600,2021-07-19 17:36:00,PAA
9.64,9.64,9.63,9.635,7861,2021-07-19 17:37:00,PAA
9.635,9.64,9.63,9.638,12766,2021-07-19 17:38:00,PAA
9.63,9.635,9.62,9.625,21935,2021-07-19 17:39:00,PAA
9.62,9.625,9.62,9.62,2643,2021-07-19 17:40:00,PAA
9.61,9.615,9.605,9.61,9834,2021-07-19 17:41:00,PAA
9.605,9.62,9.59,9.59,9844,2021-07-19 17:42:00,PAA
9.59,9.59,9.57,9.57,14443,2021-07-19 17:43:00,PAA
9.575,9.58,9.55,9.5684,41637,2021-07-19 17:44:00,PAA
9.565,9.565,9.5513,9.565,9886,2021-07-19 17:45:00,PAA
9.56,9.575,9.56,9.57,24175,2021-07-19 17:46:00,PAA
9.57,9.575,9.565,9.565,11643,2021-07-19 17:47:00,PAA
9.56,9.56,9.54,9.54,8125,2021-07-19 17:48:00,PAA
9.54,9.5488,9.535,9.535,2700,2021-07-19 17:49:00,PAA
9.53,9.53,9.51,9.5107,19870,2021-07-19 17:50:00,PAA
9.51,9.5199,9.51,9.51,3300,2021-07-19 17:51:00,PAA
9.51,9.52,9.5,9.515,23200,2021-07-19 17:52:00,PAA
9.51,9.51,9.5,9.51,3829,2021-07-19 17:53:00,PAA
9.52,9.535,9.52,9.535,1512,2021-07-19 17:54:00,PAA
9.5369,9.56,9.535,9.55,11782,2021-07-19 17:55:00,PAA
9.555,9.565,9.555,9.56,7006,2021-07-19 17:56:00,PAA
9.56,9.57,9.56,9.565,2724,2021-07-19 17:57:00,PAA
9.56,9.56,9.55,9.55,1656,2021-07-19 17:58:00,PAA
9.55,9.55,9.53,9.535,3601,2021-07-19 17:59:00,PAA
9.54,9.56,9.535,9.555,6260,2021-07-19 18:00:00,PAA
9.555,9.57,9.555,9.565,2900,2021-07-19 18:01:00,PAA
9.57,9.61,9.57,9.61,19786,2021-07-19 18:02:00,PAA
9.61,9.61,9.59,9.59,2967,2021-07-19 18:03:00,PAA
9.59,9.59,9.575,9.575,2187,2021-07-19 18:04:00,PAA
9.57,9.58,9.57,9.57,2274,2021-07-19 18:05:00,PAA
9.57,9.57,9.555,9.565,13401,2021-07-19 18:06:00,PAA
9.56,9.58,9.56,9.57,13946,2021-07-19 18:07:00,PAA
9.57,9.58,9.5694,9.58,5647,2021-07-19 18:08:00,PAA
9.57,9.575,9.563,9.565,4007,2021-07-19 18:09:00,PAA
9.565,9.58,9.56,9.575,6102,2021-07-19 18:10:00,PAA
9.57,9.575,9.561,9.565,14148,2021-07-19 18:11:00,PAA
9.57,9.595,9.565,9.59,13794,2021-07-19 18:12:00,PAA
9.6,9.61,9.6,9.6,1900,2021-07-19 18:13:00,PAA
9.6,9.61,9.585,9.61,13970,2021-07-19 18:14:00,PAA
9.6085,9.61,9.6,9.61,4200,2021-07-19 18:15:00,PAA
9.605,9.62,9.605,9.605,10600,2021-07-19 18:16:00,PAA
9.6,9.6,9.595,9.595,1500,2021-07-19 18:17:00,PAA
9.595,9.6,9.58,9.58,4500,2021-07-19 18:18:00,PAA
9.58,9.59,9.57,9.59,7504,2021-07-19 18:19:00,PAA
9.585,9.59,9.585,9.585,3400,2021-07-19 18:20:00,PAA
9.59,9.6,9.585,9.6,63891,2021-07-19 18:21:00,PAA
9.6,9.6,9.585,9.59,67490,2021-07-19 18:22:00,PAA
9.59,9.59,9.58,9.58,8000,2021-07-19 18:23:00,PAA
9.585,9.585,9.575,9.575,9000,2021-07-19 18:24:00,PAA
9.57,9.5768,9.57,9.57,2100,2021-07-19 18:25:00,PAA
9.57,9.57,9.56,9.5675,2324,2021-07-19 18:26:00,PAA
9.57,9.575,9.56,9.57,16386,2021-07-19 18:27:00,PAA
9.575,9.605,9.575,9.6,182588,2021-07-19 18:28:00,PAA
9.605,9.61,9.58,9.6016,26407,2021-07-19 18:29:00,PAA
9.605,9.605,9.585,9.6,10988,2021-07-19 18:30:00,PAA
9.5977,9.6,9.59,9.59,3650,2021-07-19 18:31:00,PAA
9.595,9.595,9.57,9.59,28109,2021-07-19 18:32:00,PAA
9.59,9.59,9.58,9.59,4800,2021-07-19 18:33:00,PAA
9.59,9.59,9.58,9.59,22895,2021-07-19 18:34:00,PAA
9.585,9.59,9.58,9.589,12189,2021-07-19 18:35:00,PAA
9.58,9.59,9.57,9.57,7425,2021-07-19 18:36:00,PAA
9.57,9.575,9.56,9.565,4831,2021-07-19 18:37:00,PAA
9.57,9.57,9.56,9.56,1300,2021-07-19 18:38:00,PAA
9.56,9.57,9.555,9.57,17823,2021-07-19 18:39:00,PAA
9.565,9.57,9.56,9.563,1150,2021-07-19 18:40:00,PAA
9.565,9.57,9.56,9.56,5196,2021-07-19 18:41:00,PAA
9.56,9.5671,9.56,9.56,1200,2021-07-19 18:42:00,PAA
9.56,9.56,9.54,9.55,16581,2021-07-19 18:43:00,PAA
9.56,9.56,9.555,9.555,500,2021-07-19 18:44:00,PAA
9.56,9.57,9.56,9.56,7913,2021-07-19 18:45:00,PAA
9.5667,9.57,9.565,9.57,1660,2021-07-19 18:46:00,PAA
9.56,9.565,9.56,9.565,400,2021-07-19 18:47:00,PAA
9.5639,9.58,9.56,9.575,14330,2021-07-19 18:48:00,PAA
9.57,9.57,9.57,9.57,200,2021-07-19 18:49:00,PAA
9.58,9.59,9.575,9.5899,9451,2021-07-19 18:50:00,PAA
9.59,9.595,9.58,9.5873,15700,2021-07-19 18:51:00,PAA
9.585,9.585,9.57,9.57,4043,2021-07-19 18:52:00,PAA
9.56,9.565,9.555,9.555,5679,2021-07-19 18:53:00,PAA
9.555,9.56,9.55,9.555,1700,2021-07-19 18:54:00,PAA
9.56,9.5889,9.56,9.585,13150,2021-07-19 18:55:00,PAA
9.585,9.585,9.5799,9.585,11104,2021-07-19 18:56:00,PAA
9.585,9.585,9.57,9.575,9400,2021-07-19 18:57:00,PAA
9.57,9.57,9.56,9.565,4200,2021-07-19 18:58:00,PAA
9.56,9.565,9.56,9.56,1250,2021-07-19 18:59:00,PAA
9.56,9.57,9.56,9.56,4965,2021-07-19 19:00:00,PAA
9.565,9.565,9.54,9.54,5071,2021-07-19 19:01:00,PAA
9.545,9.56,9.54,9.5531,23534,2021-07-19 19:02:00,PAA
9.555,9.56,9.55,9.55,19261,2021-07-19 19:03:00,PAA
9.55,9.58,9.55,9.57,21827,2021-07-19 19:04:00,PAA
9.57,9.5799,9.565,9.565,5128,2021-07-19 19:05:00,PAA
9.56,9.5663,9.56,9.5663,3720,2021-07-19 19:06:00,PAA
9.5661,9.58,9.565,9.57,13883,2021-07-19 19:07:00,PAA
9.58,9.58,9.57,9.575,7868,2021-07-19 19:08:00,PAA
9.58,9.58,9.57,9.57,6146,2021-07-19 19:09:00,PAA
9.575,9.575,9.57,9.575,1500,2021-07-19 19:10:00,PAA
9.58,9.585,9.57,9.578,22204,2021-07-19 19:11:00,PAA
9.58,9.58,9.57,9.57,6540,2021-07-19 19:12:00,PAA
9.575,9.59,9.57,9.585,12947,2021-07-19 19:13:00,PAA
9.585,9.585,9.57,9.57,6192,2021-07-19 19:14:00,PAA
9.57,9.57,9.55,9.55,5410,2021-07-19 19:15:00,PAA
9.55,9.555,9.54,9.55,10284,2021-07-19 19:16:00,PAA
9.5439,9.55,9.54,9.5499,5950,2021-07-19 19:17:00,PAA
9.5401,9.545,9.54,9.54,1900,2021-07-19 19:18:00,PAA
9.54,9.549,9.54,9.54,9800,2021-07-19 19:19:00,PAA
9.545,9.55,9.54,9.545,8991,2021-07-19 19:20:00,PAA
9.55,9.56,9.545,9.55,12497,2021-07-19 19:21:00,PAA
9.555,9.5565,9.54,9.54,10482,2021-07-19 19:22:00,PAA
9.54,9.55,9.54,9.54,14005,2021-07-19 19:23:00,PAA
9.54,9.545,9.54,9.545,3688,2021-07-19 19:24:00,PAA
9.54,9.56,9.54,9.55,19119,2021-07-19 19:25:00,PAA
9.55,9.57,9.55,9.56,32430,2021-07-19 19:26:00,PAA
9.56,9.57,9.555,9.565,28777,2021-07-19 19:27:00,PAA
9.565,9.58,9.565,9.575,9025,2021-07-19 19:28:00,PAA
9.575,9.58,9.57,9.573,2700,2021-07-19 19:29:00,PAA
9.575,9.59,9.57,9.58,10918,2021-07-19 19:30:00,PAA
9.59,9.59,9.58,9.59,3330,2021-07-19 19:31:00,PAA
9.585,9.5869,9.58,9.58,4550,2021-07-19 19:32:00,PAA
9.58,9.5817,9.56,9.56,13966,2021-07-19 19:33:00,PAA
9.56,9.565,9.56,9.565,2226,2021-07-19 19:34:00,PAA
9.56,9.56,9.55,9.555,8553,2021-07-19 19:35:00,PAA
9.555,9.5777,9.555,9.5777,15950,2021-07-19 19:36:00,PAA
9.575,9.579,9.57,9.575,8596,2021-07-19 19:37:00,PAA
9.575,9.58,9.57,9.58,10373,2021-07-19 19:38:00,PAA
9.58,9.58,9.575,9.575,3205,2021-07-19 19:39:00,PAA
9.575,9.58,9.57,9.57,6100,2021-07-19 19:40:00,PAA
9.57,9.58,9.57,9.57,8105,2021-07-19 19:41:00,PAA
9.57,9.58,9.57,9.57,4300,2021-07-19 19:42:00,PAA
9.57,9.575,9.57,9.57,3164,2021-07-19 19:43:00,PAA
9.5799,9.59,9.57,9.59,61372,2021-07-19 19:44:00,PAA
9.595,9.6,9.595,9.595,2376,2021-07-19 19:45:00,PAA
9.59,9.6,9.58,9.585,20409,2021-07-19 19:46:00,PAA
9.585,9.59,9.58,9.585,11348,2021-07-19 19:47:00,PAA
9.585,9.6056,9.58,9.595,56769,2021-07-19 19:48:00,PAA
9.595,9.5981,9.58,9.595,65049,2021-07-19 19:49:00,PAA
9.595,9.595,9.57,9.57,70087,2021-07-19 19:50:00,PAA
9.57,9.58,9.565,9.5799,56452,2021-07-19 19:51:00,PAA
9.575,9.58,9.57,9.57,10933,2021-07-19 19:52:00,PAA
9.5757,9.58,9.57,9.575,30529,2021-07-19 19:53:00,PAA
9.575,9.58,9.55,9.555,125307,2021-07-19 19:54:00,PAA
9.55,9.585,9.55,9.585,115376,2021-07-19 19:55:00,PAA
9.585,9.585,9.56,9.56,98142,2021-07-19 19:56:00,PAA
9.56,9.577,9.55,9.575,91100,2021-07-19 19:57:00,PAA
9.57,9.61,9.57,9.605,122606,2021-07-19 19:58:00,PAA
9.595,9.595,9.565,9.57,67174,2021-07-19 19:59:00,PAA
9.56,9.56,9.56,9.56,264846,2021-07-19 20:00:00,PAA
9.57,9.57,9.57,9.57,250,2021-07-19 20:01:00,PAA
9.59,9.59,9.59,9.59,120,2021-07-19 20:04:00,PAA
9.58,9.58,9.58,9.58,100,2021-07-19 20:22:00,PAA
9.56,9.56,9.56,9.56,147686,2021-07-19 20:48:00,PAA
9.6799,9.6799,9.6799,9.6799,402,2021-07-19 23:17:00,PAA
9.65,9.65,9.65,9.65,500,2021-07-19 23:21:00,PAA
9.74,9.74,9.74,9.74,265,2021-07-20 08:51:00,PAA
9.71,9.71,9.71,9.71,1611,2021-07-20 10:07:00,PAA
9.75,9.75,9.75,9.75,200,2021-07-20 12:00:00,PAA
9.75,9.75,9.75,9.75,100,2021-07-20 12:26:00,PAA
9.75,9.75,9.75,9.75,1020,2021-07-20 12:31:00,PAA
9.74,9.75,9.74,9.75,1947,2021-07-20 12:50:00,PAA
9.69,9.69,9.69,9.69,500,2021-07-20 12:51:00,PAA
9.66,9.66,9.59,9.59,1409,2021-07-20 12:54:00,PAA
9.65,9.65,9.65,9.65,850,2021-07-20 13:02:00,PAA
9.56,9.56,9.56,9.56,16898,2021-07-20 13:14:00,PAA
9.64,9.65,9.64,9.64,600,2021-07-20 13:25:00,PAA
9.64,9.643,9.55,9.56,50116,2021-07-20 13:30:00,PAA
9.55,9.56,9.54,9.54,3000,2021-07-20 13:31:00,PAA
9.53,9.59,9.5216,9.5862,7927,2021-07-20 13:32:00,PAA
9.5899,9.6,9.57,9.585,20418,2021-07-20 13:33:00,PAA
9.59,9.63,9.58,9.63,9455,2021-07-20 13:34:00,PAA
9.625,9.63,9.605,9.605,4681,2021-07-20 13:35:00,PAA
9.6,9.612,9.5988,9.5988,3920,2021-07-20 13:36:00,PAA
9.58,9.59,9.55,9.57,5042,2021-07-20 13:37:00,PAA
9.58,9.625,9.58,9.61,19000,2021-07-20 13:38:00,PAA
9.61,9.62,9.595,9.615,7100,2021-07-20 13:39:00,PAA
9.61,9.61,9.59,9.6,14379,2021-07-20 13:40:00,PAA
9.6,9.64,9.6,9.6372,8475,2021-07-20 13:41:00,PAA
9.64,9.72,9.64,9.7,28650,2021-07-20 13:42:00,PAA
9.705,9.7101,9.6907,9.705,23649,2021-07-20 13:43:00,PAA
9.705,9.705,9.675,9.69,5800,2021-07-20 13:44:00,PAA
9.695,9.695,9.65,9.66,21600,2021-07-20 13:45:00,PAA
9.6566,9.7,9.6566,9.68,4728,2021-07-20 13:46:00,PAA
9.68,9.69,9.67,9.69,16517,2021-07-20 13:47:00,PAA
9.68,9.69,9.68,9.69,12419,2021-07-20 13:48:00,PAA
9.7,9.7,9.69,9.69,4392,2021-07-20 13:49:00,PAA
9.69,9.69,9.68,9.69,800,2021-07-20 13:50:00,PAA
9.7,9.71,9.681,9.69,8482,2021-07-20 13:51:00,PAA
9.685,9.685,9.65,9.67,18450,2021-07-20 13:52:00,PAA
9.67,9.69,9.67,9.69,1100,2021-07-20 13:53:00,PAA
9.7,9.745,9.7,9.745,16400,2021-07-20 13:54:00,PAA
9.74,9.765,9.74,9.755,16945,2021-07-20 13:55:00,PAA
9.7582,9.79,9.7582,9.76,10600,2021-07-20 13:56:00,PAA
9.76,9.77,9.76,9.77,629,2021-07-20 13:57:00,PAA
9.7701,9.7701,9.765,9.765,5410,2021-07-20 13:58:00,PAA
9.76,9.77,9.75,9.77,18253,2021-07-20 13:59:00,PAA
9.765,9.78,9.76,9.78,2600,2021-07-20 14:00:00,PAA
9.78,9.79,9.7701,9.785,7921,2021-07-20 14:01:00,PAA
9.78,9.785,9.76,9.765,5200,2021-07-20 14:02:00,PAA
9.76,9.785,9.76,9.785,14653,2021-07-20 14:03:00,PAA
9.79,9.7971,9.774,9.795,5521,2021-07-20 14:04:00,PAA
9.79,9.79,9.78,9.78,4779,2021-07-20 14:05:00,PAA
9.78,9.79,9.76,9.76,3920,2021-07-20 14:06:00,PAA
9.7676,9.78,9.755,9.78,23475,2021-07-20 14:07:00,PAA
9.78,9.81,9.78,9.7922,7633,2021-07-20 14:08:00,PAA
9.791,9.791,9.77,9.7784,9500,2021-07-20 14:09:00,PAA
9.775,9.78,9.75,9.75,18257,2021-07-20 14:10:00,PAA
9.75,9.78,9.743,9.78,41979,2021-07-20 14:11:00,PAA
9.79,9.8,9.7854,9.8,6500,2021-07-20 14:12:00,PAA
9.79,9.8,9.79,9.795,3670,2021-07-20 14:13:00,PAA
9.798,9.798,9.79,9.795,3590,2021-07-20 14:14:00,PAA
9.8,9.81,9.78,9.78,9204,2021-07-20 14:15:00,PAA
9.78,9.8,9.78,9.795,4350,2021-07-20 14:16:00,PAA
9.79,9.81,9.79,9.81,2511,2021-07-20 14:17:00,PAA
9.82,9.83,9.81,9.82,2500,2021-07-20 14:18:00,PAA
9.82,9.825,9.81,9.82,9304,2021-07-20 14:19:00,PAA
9.81,9.84,9.81,9.82,20994,2021-07-20 14:20:00,PAA
9.82,9.82,9.8,9.81,26981,2021-07-20 14:21:00,PAA
9.81,9.83,9.8,9.83,13145,2021-07-20 14:22:00,PAA
9.83,9.83,9.8,9.8,3970,2021-07-20 14:23:00,PAA
9.81,9.83,9.81,9.83,10808,2021-07-20 14:24:00,PAA
9.83,9.86,9.83,9.86,7094,2021-07-20 14:25:00,PAA
9.855,9.8553,9.83,9.8334,36110,2021-07-20 14:26:00,PAA
9.83,9.84,9.83,9.83,4666,2021-07-20 14:27:00,PAA
9.835,9.84,9.82,9.82,9300,2021-07-20 14:28:00,PAA
9.82,9.83,9.82,9.82,6900,2021-07-20 14:29:00,PAA
9.82,9.83,9.82,9.825,17344,2021-07-20 14:30:00,PAA
9.825,9.825,9.79,9.8,13229,2021-07-20 14:31:00,PAA
9.8,9.82,9.795,9.8,20400,2021-07-20 14:32:00,PAA
9.81,9.82,9.8,9.805,52885,2021-07-20 14:33:00,PAA
9.8,9.81,9.79,9.8,4117,2021-07-20 14:34:00,PAA
9.8,9.81,9.8,9.805,2303,2021-07-20 14:35:00,PAA
9.8,9.81,9.7906,9.7906,3200,2021-07-20 14:36:00,PAA
9.79,9.79,9.77,9.77,23241,2021-07-20 14:37:00,PAA
9.78,9.795,9.78,9.795,14485,2021-07-20 14:38:00,PAA
9.79,9.795,9.78,9.79,5000,2021-07-20 14:39:00,PAA
9.8,9.8,9.78,9.79,17627,2021-07-20 14:40:00,PAA
9.79,9.79,9.78,9.79,4126,2021-07-20 14:41:00,PAA
9.7895,9.81,9.7895,9.795,21510,2021-07-20 14:42:00,PAA
9.795,9.795,9.78,9.79,4300,2021-07-20 14:43:00,PAA
9.79,9.81,9.79,9.8094,4600,2021-07-20 14:44:00,PAA
9.8018,9.805,9.79,9.8,10996,2021-07-20 14:45:00,PAA
9.79,9.8,9.785,9.785,23566,2021-07-20 14:46:00,PAA
9.79,9.795,9.78,9.78,10422,2021-07-20 14:47:00,PAA
9.78,9.815,9.78,9.815,14101,2021-07-20 14:48:00,PAA
9.815,9.8229,9.8,9.8229,6793,2021-07-20 14:49:00,PAA
9.82,9.825,9.81,9.82,19969,2021-07-20 14:50:00,PAA
9.81,9.815,9.8,9.8,3106,2021-07-20 14:51:00,PAA
9.81,9.81,9.8,9.81,10122,2021-07-20 14:52:00,PAA
9.8,9.81,9.8,9.81,1300,2021-07-20 14:53:00,PAA
9.81,9.82,9.8,9.8,14700,2021-07-20 14:54:00,PAA
9.8,9.8,9.785,9.795,3700,2021-07-20 14:55:00,PAA
9.795,9.795,9.79,9.795,3100,2021-07-20 14:56:00,PAA
9.8,9.81,9.8,9.805,13679,2021-07-20 14:57:00,PAA
9.81,9.82,9.81,9.81,14028,2021-07-20 14:58:00,PAA
9.81,9.82,9.8025,9.82,29727,2021-07-20 14:59:00,PAA
9.82,9.82,9.81,9.815,6643,2021-07-20 15:00:00,PAA
9.815,9.815,9.8,9.815,4998,2021-07-20 15:01:00,PAA
9.81,9.815,9.8,9.8,7950,2021-07-20 15:02:00,PAA
9.8,9.815,9.8,9.81,7425,2021-07-20 15:03:00,PAA
9.81,9.815,9.795,9.8,20330,2021-07-20 15:04:00,PAA
9.8,9.8091,9.8,9.805,13400,2021-07-20 15:05:00,PAA
9.81,9.81,9.78,9.79,11357,2021-07-20 15:06:00,PAA
9.79,9.79,9.77,9.77,4484,2021-07-20 15:07:00,PAA
9.7751,9.78,9.77,9.78,8380,2021-07-20 15:08:00,PAA
9.775,9.775,9.77,9.77,1700,2021-07-20 15:09:00,PAA
9.7789,9.7789,9.76,9.77,16400,2021-07-20 15:10:00,PAA
9.78,9.78,9.765,9.77,10643,2021-07-20 15:11:00,PAA
9.7719,9.775,9.75,9.76,27973,2021-07-20 15:12:00,PAA
9.77,9.77,9.76,9.77,800,2021-07-20 15:13:00,PAA
9.765,9.7696,9.75,9.75,7782,2021-07-20 15:14:00,PAA
9.75,9.755,9.725,9.73,4806,2021-07-20 15:15:00,PAA
9.72,9.74,9.72,9.735,5434,2021-07-20 15:16:00,PAA
9.74,9.76,9.74,9.76,6436,2021-07-20 15:17:00,PAA
9.76,9.76,9.75,9.75,7505,2021-07-20 15:18:00,PAA
9.755,9.76,9.75,9.76,5925,2021-07-20 15:19:00,PAA
9.76,9.775,9.7599,9.765,20513,2021-07-20 15:20:00,PAA
9.755,9.78,9.75,9.775,21500,2021-07-20 15:21:00,PAA
9.7799,9.7799,9.77,9.77,4900,2021-07-20 15:22:00,PAA
9.77,9.78,9.77,9.78,2100,2021-07-20 15:23:00,PAA
9.775,9.78,9.77,9.77,7800,2021-07-20 15:24:00,PAA
9.7775,9.7775,9.77,9.77,1800,2021-07-20 15:25:00,PAA
9.775,9.7769,9.77,9.77,6417,2021-07-20 15:26:00,PAA
9.77,9.79,9.77,9.775,12970,2021-07-20 15:27:00,PAA
9.77,9.775,9.76,9.765,23577,2021-07-20 15:28:00,PAA
9.76,9.78,9.76,9.78,6135,2021-07-20 15:29:00,PAA
9.77,9.775,9.76,9.76,6589,2021-07-20 15:30:00,PAA
9.76,9.7668,9.76,9.7668,877,2021-07-20 15:31:00,PAA
9.765,9.7678,9.76,9.76,4200,2021-07-20 15:32:00,PAA
9.7656,9.78,9.76,9.78,3553,2021-07-20 15:33:00,PAA
9.78,9.79,9.77,9.785,6700,2021-07-20 15:34:00,PAA
9.78,9.785,9.77,9.77,7471,2021-07-20 15:35:00,PAA
9.78,9.8,9.78,9.8,5200,2021-07-20 15:36:00,PAA
9.7989,9.7989,9.79,9.7957,2800,2021-07-20 15:37:00,PAA
9.79,9.81,9.79,9.81,10000,2021-07-20 15:38:00,PAA
9.805,9.81,9.8,9.805,1850,2021-07-20 15:39:00,PAA
9.805,9.81,9.805,9.81,1396,2021-07-20 15:40:00,PAA
9.81,9.82,9.81,9.82,3608,2021-07-20 15:41:00,PAA
9.82,9.835,9.82,9.835,7195,2021-07-20 15:42:00,PAA
9.835,9.835,9.83,9.835,1300,2021-07-20 15:43:00,PAA
9.83,9.83,9.82,9.83,4809,2021-07-20 15:44:00,PAA
9.83,9.84,9.83,9.835,6596,2021-07-20 15:45:00,PAA
9.8399,9.845,9.83,9.83,21387,2021-07-20 15:46:00,PAA
9.8299,9.8299,9.82,9.82,1400,2021-07-20 15:47:00,PAA
9.82,9.84,9.82,9.83,7950,2021-07-20 15:48:00,PAA
9.84,9.84,9.83,9.835,24752,2021-07-20 15:49:00,PAA
9.83,9.83,9.83,9.83,700,2021-07-20 15:50:00,PAA
9.83,9.83,9.82,9.82,4788,2021-07-20 15:51:00,PAA
9.82,9.82,9.81,9.815,3500,2021-07-20 15:52:00,PAA
9.8168,9.82,9.81,9.815,2505,2021-07-20 15:53:00,PAA
9.81,9.83,9.81,9.825,4200,2021-07-20 15:54:00,PAA
9.82,9.82,9.82,9.82,600,2021-07-20 15:55:00,PAA
9.825,9.8293,9.82,9.82,5140,2021-07-20 15:56:00,PAA
9.825,9.84,9.825,9.83,9677,2021-07-20 15:57:00,PAA
9.84,9.84,9.835,9.84,2300,2021-07-20 15:58:00,PAA
9.835,9.84,9.83,9.84,3100,2021-07-20 15:59:00,PAA
9.84,9.8457,9.84,9.84,4751,2021-07-20 16:00:00,PAA
9.84,9.84,9.82,9.82,2677,2021-07-20 16:01:00,PAA
9.82,9.825,9.82,9.82,2688,2021-07-20 16:02:00,PAA
9.829,9.83,9.81,9.815,15800,2021-07-20 16:03:00,PAA
9.82,9.82,9.79,9.795,8522,2021-07-20 16:04:00,PAA
9.795,9.7999,9.78,9.785,1528,2021-07-20 16:05:00,PAA
9.79,9.79,9.78,9.785,10580,2021-07-20 16:06:00,PAA
9.79,9.8,9.7899,9.8,23101,2021-07-20 16:07:00,PAA
9.81,9.815,9.81,9.81,6850,2021-07-20 16:08:00,PAA
9.8,9.809,9.8,9.805,3292,2021-07-20 16:09:00,PAA
9.8,9.805,9.8,9.8,600,2021-07-20 16:10:00,PAA
9.8,9.805,9.8,9.805,1800,2021-07-20 16:11:00,PAA
9.805,9.805,9.802,9.805,2600,2021-07-20 16:12:00,PAA
9.81,9.81,9.805,9.81,4169,2021-07-20 16:13:00,PAA
9.81,9.81,9.79,9.795,22371,2021-07-20 16:14:00,PAA
9.795,9.795,9.79,9.79,1414,2021-07-20 16:15:00,PAA
9.8,9.8,9.79,9.79,2930,2021-07-20 16:16:00,PAA
9.79,9.7999,9.785,9.785,5275,2021-07-20 16:17:00,PAA
9.785,9.795,9.785,9.785,4549,2021-07-20 16:18:00,PAA
9.7901,9.795,9.78,9.785,1589,2021-07-20 16:19:00,PAA
9.78,9.785,9.78,9.785,1997,2021-07-20 16:20:00,PAA
9.7801,9.7863,9.78,9.78,1411,2021-07-20 16:21:00,PAA
9.78,9.78,9.775,9.775,13900,2021-07-20 16:22:00,PAA
9.775,9.79,9.775,9.79,3119,2021-07-20 16:23:00,PAA
9.785,9.79,9.78,9.785,3400,2021-07-20 16:24:00,PAA
9.78,9.785,9.78,9.7816,7759,2021-07-20 16:25:00,PAA
9.78,9.785,9.78,9.78,500,2021-07-20 16:26:00,PAA
9.78,9.7869,9.775,9.775,8000,2021-07-20 16:27:00,PAA
9.77,9.775,9.77,9.77,900,2021-07-20 16:28:00,PAA
9.775,9.775,9.77,9.775,2330,2021-07-20 16:29:00,PAA
9.77,9.77,9.76,9.765,5600,2021-07-20 16:30:00,PAA
9.77,9.78,9.77,9.78,3613,2021-07-20 16:31:00,PAA
9.7787,9.785,9.7785,9.78,5055,2021-07-20 16:32:00,PAA
9.79,9.7986,9.79,9.7986,2496,2021-07-20 16:33:00,PAA
9.795,9.805,9.7944,9.805,12377,2021-07-20 16:34:00,PAA
9.805,9.81,9.8,9.805,107004,2021-07-20 16:35:00,PAA
9.8,9.8,9.795,9.795,20800,2021-07-20 16:36:00,PAA
9.795,9.8,9.795,9.795,1000,2021-07-20 16:37:00,PAA
9.795,9.8,9.78,9.785,18114,2021-07-20 16:38:00,PAA
9.785,9.79,9.785,9.79,14852,2021-07-20 16:39:00,PAA
9.79,9.79,9.77,9.7799,68875,2021-07-20 16:40:00,PAA
9.77,9.77,9.75,9.75,25157,2021-07-20 16:41:00,PAA
9.75,9.755,9.75,9.755,400,2021-07-20 16:42:00,PAA
9.75,9.77,9.75,9.76,209373,2021-07-20 16:43:00,PAA
9.765,9.7699,9.76,9.76,3749,2021-07-20 16:44:00,PAA
9.76,9.765,9.76,9.765,1250,2021-07-20 16:45:00,PAA
9.76,9.765,9.74,9.7468,40781,2021-07-20 16:46:00,PAA
9.74,9.7469,9.74,9.745,1740,2021-07-20 16:47:00,PAA
9.745,9.75,9.74,9.75,9200,2021-07-20 16:48:00,PAA
9.745,9.75,9.74,9.745,7372,2021-07-20 16:49:00,PAA
9.75,9.756,9.75,9.75,6091,2021-07-20 16:50:00,PAA
9.755,9.765,9.75,9.765,23097,2021-07-20 16:51:00,PAA
9.76,9.7699,9.76,9.765,3500,2021-07-20 16:52:00,PAA
9.76,9.76,9.75,9.75,3577,2021-07-20 16:53:00,PAA
9.75,9.75,9.74,9.745,4482,2021-07-20 16:54:00,PAA
9.7457,9.7457,9.73,9.735,9914,2021-07-20 16:55:00,PAA
9.74,9.75,9.73,9.735,13446,2021-07-20 16:56:00,PAA
9.7381,9.7381,9.73,9.73,13300,2021-07-20 16:57:00,PAA
9.72,9.7299,9.72,9.72,3500,2021-07-20 16:58:00,PAA
9.72,9.72,9.71,9.71,6893,2021-07-20 16:59:00,PAA
9.72,9.7282,9.71,9.715,10984,2021-07-20 17:00:00,PAA
9.71,9.715,9.69,9.695,31763,2021-07-20 17:01:00,PAA
9.698,9.698,9.675,9.675,10585,2021-07-20 17:02:00,PAA
9.675,9.675,9.66,9.665,6345,2021-07-20 17:03:00,PAA
9.67,9.67,9.65,9.65,11300,2021-07-20 17:04:00,PAA
9.655,9.66,9.65,9.65,5638,2021-07-20 17:05:00,PAA
9.6585,9.66,9.65,9.66,16300,2021-07-20 17:06:00,PAA
9.67,9.68,9.665,9.675,6187,2021-07-20 17:07:00,PAA
9.675,9.675,9.66,9.665,8100,2021-07-20 17:08:00,PAA
9.665,9.665,9.65,9.655,20200,2021-07-20 17:09:00,PAA
9.65,9.6513,9.65,9.65,4800,2021-07-20 17:10:00,PAA
9.66,9.67,9.655,9.66,4300,2021-07-20 17:11:00,PAA
9.665,9.67,9.66,9.67,9061,2021-07-20 17:12:00,PAA
9.67,9.6763,9.67,9.67,1600,2021-07-20 17:13:00,PAA
9.6799,9.68,9.67,9.68,1400,2021-07-20 17:14:00,PAA
9.68,9.68,9.67,9.67,1225,2021-07-20 17:15:00,PAA
9.675,9.675,9.66,9.66,16296,2021-07-20 17:16:00,PAA
9.65,9.65,9.65,9.65,200,2021-07-20 17:17:00,PAA
9.65,9.655,9.65,9.655,800,2021-07-20 17:18:00,PAA
9.66,9.67,9.655,9.665,22523,2021-07-20 17:19:00,PAA
9.665,9.67,9.665,9.665,9795,2021-07-20 17:20:00,PAA
9.66,9.665,9.66,9.66,1100,2021-07-20 17:21:00,PAA
9.6685,9.6685,9.65,9.65,18699,2021-07-20 17:22:00,PAA
9.65,9.6558,9.65,9.65,2450,2021-07-20 17:23:00,PAA
9.65,9.65,9.635,9.64,26264,2021-07-20 17:24:00,PAA
9.64,9.64,9.63,9.64,5400,2021-07-20 17:25:00,PAA
9.64,9.64,9.63,9.64,11174,2021-07-20 17:26:00,PAA
9.64,9.64,9.63,9.64,5800,2021-07-20 17:27:00,PAA
9.64,9.645,9.64,9.64,11299,2021-07-20 17:28:00,PAA
9.64,9.645,9.6385,9.645,7300,2021-07-20 17:29:00,PAA
9.648,9.6499,9.64,9.6466,5740,2021-07-20 17:30:00,PAA
9.645,9.66,9.64,9.66,9657,2021-07-20 17:31:00,PAA
9.67,9.67,9.66,9.66,10950,2021-07-20 17:32:00,PAA
9.665,9.665,9.665,9.665,210,2021-07-20 17:33:00,PAA
9.665,9.67,9.66,9.665,999,2021-07-20 17:34:00,PAA
9.67,9.68,9.6698,9.67,25310,2021-07-20 17:35:00,PAA
9.67,9.68,9.67,9.675,4500,2021-07-20 17:36:00,PAA
9.68,9.69,9.6778,9.68,7853,2021-07-20 17:37:00,PAA
9.685,9.685,9.66,9.665,13683,2021-07-20 17:38:00,PAA
9.663,9.663,9.66,9.66,1100,2021-07-20 17:39:00,PAA
9.665,9.665,9.665,9.665,100,2021-07-20 17:40:00,PAA
9.665,9.675,9.66,9.675,19939,2021-07-20 17:41:00,PAA
9.675,9.6758,9.675,9.6758,422,2021-07-20 17:42:00,PAA
9.67,9.67,9.64,9.64,55553,2021-07-20 17:43:00,PAA
9.645,9.65,9.64,9.64,6850,2021-07-20 17:44:00,PAA
9.6455,9.65,9.645,9.6467,10121,2021-07-20 17:45:00,PAA
9.65,9.66,9.64,9.645,35174,2021-07-20 17:46:00,PAA
9.64,9.64,9.63,9.635,14273,2021-07-20 17:47:00,PAA
9.64,9.64,9.63,9.63,1166,2021-07-20 17:48:00,PAA
9.63,9.645,9.63,9.64,9400,2021-07-20 17:49:00,PAA
9.645,9.65,9.645,9.645,1649,2021-07-20 17:50:00,PAA
9.645,9.645,9.63,9.63,10846,2021-07-20 17:51:00,PAA
9.63,9.63,9.63,9.63,500,2021-07-20 17:52:00,PAA
9.635,9.64,9.63,9.63,8644,2021-07-20 17:53:00,PAA
9.63,9.635,9.63,9.63,2400,2021-07-20 17:54:00,PAA
9.64,9.65,9.6399,9.64,17534,2021-07-20 17:55:00,PAA
9.6499,9.65,9.64,9.645,6363,2021-07-20 17:56:00,PAA
9.64,9.68,9.64,9.675,28762,2021-07-20 17:57:00,PAA
9.68,9.6899,9.67,9.68,11600,2021-07-20 17:58:00,PAA
9.685,9.685,9.675,9.675,4520,2021-07-20 17:59:00,PAA
9.68,9.685,9.67,9.67,30910,2021-07-20 18:00:00,PAA
9.675,9.68,9.6735,9.675,11048,2021-07-20 18:02:00,PAA
9.68,9.68,9.67,9.675,1504,2021-07-20 18:03:00,PAA
9.6799,9.6799,9.67,9.67,1454,2021-07-20 18:04:00,PAA
9.67,9.68,9.67,9.675,5413,2021-07-20 18:05:00,PAA
9.67,9.69,9.67,9.67,49106,2021-07-20 18:06:00,PAA
9.67,9.68,9.67,9.675,5600,2021-07-20 18:07:00,PAA
9.675,9.68,9.67,9.67,2448,2021-07-20 18:08:00,PAA
9.67,9.69,9.67,9.69,19446,2021-07-20 18:09:00,PAA
9.69,9.69,9.683,9.69,6800,2021-07-20 18:10:00,PAA
9.69,9.7,9.69,9.7,5200,2021-07-20 18:11:00,PAA
9.7,9.705,9.69,9.7,10962,2021-07-20 18:12:00,PAA
9.7,9.7,9.695,9.7,3900,2021-07-20 18:13:00,PAA
9.7,9.705,9.7,9.705,5100,2021-07-20 18:14:00,PAA
9.705,9.71,9.705,9.71,600,2021-07-20 18:15:00,PAA
9.71,9.71,9.685,9.685,16796,2021-07-20 18:16:00,PAA
9.685,9.69,9.685,9.685,3412,2021-07-20 18:17:00,PAA
9.69,9.69,9.67,9.67,8200,2021-07-20 18:18:00,PAA
9.67,9.68,9.67,9.675,6882,2021-07-20 18:19:00,PAA
9.675,9.68,9.66,9.6738,30318,2021-07-20 18:20:00,PAA
9.6723,9.68,9.665,9.675,14073,2021-07-20 18:21:00,PAA
9.675,9.68,9.67,9.6799,1800,2021-07-20 18:22:00,PAA
9.6757,9.68,9.67,9.675,900,2021-07-20 18:23:00,PAA
9.68,9.68,9.66,9.665,7400,2021-07-20 18:24:00,PAA
9.66,9.675,9.66,9.675,12658,2021-07-20 18:25:00,PAA
9.67,9.68,9.67,9.68,1900,2021-07-20 18:26:00,PAA
9.672,9.68,9.67,9.675,4260,2021-07-20 18:27:00,PAA
9.675,9.6799,9.665,9.67,8477,2021-07-20 18:28:00,PAA
9.665,9.67,9.661,9.67,1109,2021-07-20 18:29:00,PAA
9.67,9.685,9.67,9.6782,33223,2021-07-20 18:30:00,PAA
9.67,9.69,9.67,9.69,9457,2021-07-20 18:31:00,PAA
9.68,9.69,9.68,9.685,2200,2021-07-20 18:32:00,PAA
9.69,9.69,9.6801,9.685,1287,2021-07-20 18:33:00,PAA
9.69,9.69,9.67,9.67,8119,2021-07-20 18:34:00,PAA
9.665,9.67,9.665,9.665,1350,2021-07-20 18:35:00,PAA
9.665,9.665,9.665,9.665,400,2021-07-20 18:36:00,PAA
9.67,9.67,9.665,9.665,3851,2021-07-20 18:37:00,PAA
9.67,9.67,9.65,9.65,58132,2021-07-20 18:38:00,PAA
9.65,9.66,9.65,9.655,12525,2021-07-20 18:39:00,PAA
9.66,9.67,9.65,9.67,22440,2021-07-20 18:40:00,PAA
9.67,9.67,9.665,9.67,1815,2021-07-20 18:41:00,PAA
9.67,9.68,9.661,9.68,8097,2021-07-20 18:42:00,PAA
9.675,9.68,9.67,9.68,3326,2021-07-20 18:43:00,PAA
9.67,9.67,9.665,9.665,9679,2021-07-20 18:44:00,PAA
9.67,9.68,9.665,9.67,12579,2021-07-20 18:45:00,PAA
9.675,9.675,9.67,9.67,1339,2021-07-20 18:46:00,PAA
9.67,9.69,9.67,9.69,13402,2021-07-20 18:47:00,PAA
9.69,9.69,9.69,9.69,300,2021-07-20 18:48:00,PAA
9.69,9.705,9.69,9.705,10548,2021-07-20 18:49:00,PAA
9.7017,9.7017,9.695,9.7,6284,2021-07-20 18:50:00,PAA
9.71,9.71,9.705,9.7082,2150,2021-07-20 18:51:00,PAA
9.71,9.71,9.71,9.71,700,2021-07-20 18:52:00,PAA
9.71,9.73,9.71,9.73,17184,2021-07-20 18:53:00,PAA
9.73,9.73,9.73,9.73,1100,2021-07-20 18:54:00,PAA
9.728,9.73,9.71,9.71,11188,2021-07-20 18:55:00,PAA
9.71,9.715,9.7,9.705,7468,2021-07-20 18:56:00,PAA
9.71,9.71,9.7,9.7,1905,2021-07-20 18:57:00,PAA
9.7,9.705,9.69,9.69,6700,2021-07-20 18:58:00,PAA
9.69,9.69,9.69,9.69,1200,2021-07-20 18:59:00,PAA
9.69,9.6963,9.68,9.685,15160,2021-07-20 19:00:00,PAA
9.68,9.7,9.68,9.695,16483,2021-07-20 19:01:00,PAA
9.69,9.7,9.69,9.7,3033,2021-07-20 19:02:00,PAA
9.7,9.7,9.695,9.7,700,2021-07-20 19:03:00,PAA
9.7,9.7,9.695,9.695,700,2021-07-20 19:04:00,PAA
9.695,9.7,9.69,9.7,1600,2021-07-20 19:05:00,PAA
9.69,9.7,9.69,9.695,3861,2021-07-20 19:06:00,PAA
9.7,9.7,9.69,9.695,1500,2021-07-20 19:07:00,PAA
9.695,9.7,9.69,9.695,5606,2021-07-20 19:08:00,PAA
9.69,9.7,9.68,9.69,8286,2021-07-20 19:09:00,PAA
9.69,9.69,9.68,9.68,4600,2021-07-20 19:10:00,PAA
9.685,9.69,9.68,9.69,75416,2021-07-20 19:11:00,PAA
9.6965,9.7,9.6965,9.7,400,2021-07-20 19:12:00,PAA
9.7,9.7,9.69,9.7,2525,2021-07-20 19:13:00,PAA
9.695,9.71,9.695,9.705,12395,2021-07-20 19:14:00,PAA
9.705,9.705,9.69,9.695,5770,2021-07-20 19:15:00,PAA
9.7,9.7,9.69,9.7,4700,2021-07-20 19:16:00,PAA
9.6999,9.7,9.695,9.695,3250,2021-07-20 19:17:00,PAA
9.6909,9.695,9.69,9.695,12862,2021-07-20 19:18:00,PAA
9.69,9.7,9.69,9.695,1900,2021-07-20 19:19:00,PAA
9.7,9.7,9.695,9.7,5077,2021-07-20 19:20:00,PAA
9.695,9.72,9.695,9.715,37153,2021-07-20 19:21:00,PAA
9.715,9.73,9.715,9.72,49834,2021-07-20 19:22:00,PAA
9.725,9.73,9.72,9.725,2400,2021-07-20 19:23:00,PAA
9.725,9.725,9.725,9.725,100,2021-07-20 19:24:00,PAA
9.73,9.73,9.725,9.725,10782,2021-07-20 19:25:00,PAA
9.73,9.73,9.72,9.73,6680,2021-07-20 19:26:00,PAA
9.73,9.73,9.73,9.73,500,2021-07-20 19:27:00,PAA
9.73,9.73,9.73,9.73,300,2021-07-20 19:28:00,PAA
9.73,9.73,9.725,9.725,1300,2021-07-20 19:29:00,PAA
9.73,9.73,9.72,9.725,2800,2021-07-20 19:30:00,PAA
9.73,9.73,9.72,9.725,7450,2021-07-20 19:31:00,PAA
9.725,9.73,9.72,9.72,7800,2021-07-20 19:32:00,PAA
9.72,9.73,9.71,9.71,15798,2021-07-20 19:33:00,PAA
9.71,9.715,9.71,9.71,7255,2021-07-20 19:34:00,PAA
9.71,9.715,9.71,9.71,11625,2021-07-20 19:35:00,PAA
9.71,9.72,9.71,9.715,14003,2021-07-20 19:36:00,PAA
9.715,9.73,9.715,9.73,68221,2021-07-20 19:37:00,PAA
9.725,9.73,9.72,9.725,20800,2021-07-20 19:38:00,PAA
9.73,9.73,9.73,9.73,700,2021-07-20 19:39:00,PAA
9.73,9.77,9.725,9.77,52629,2021-07-20 19:40:00,PAA
9.77,9.78,9.7601,9.775,17327,2021-07-20 19:41:00,PAA
9.775,9.78,9.775,9.78,14891,2021-07-20 19:42:00,PAA
9.775,9.795,9.775,9.79,59124,2021-07-20 19:43:00,PAA
9.78,9.79,9.77,9.77,81807,2021-07-20 19:44:00,PAA
9.775,9.79,9.77,9.79,11949,2021-07-20 19:45:00,PAA
9.79,9.79,9.785,9.7899,16218,2021-07-20 19:46:00,PAA
9.785,9.81,9.785,9.81,49485,2021-07-20 19:47:00,PAA
9.81,9.81,9.8,9.81,28789,2021-07-20 19:48:00,PAA
9.805,9.81,9.7931,9.81,42823,2021-07-20 19:49:00,PAA
9.805,9.82,9.795,9.795,78841,2021-07-20 19:50:00,PAA
9.795,9.8,9.7943,9.8,22668,2021-07-20 19:51:00,PAA
9.795,9.8,9.7844,9.8,44413,2021-07-20 19:52:00,PAA
9.8,9.8,9.7901,9.8,20138,2021-07-20 19:53:00,PAA
9.8,9.81,9.7701,9.7701,99075,2021-07-20 19:54:00,PAA
9.7738,9.78,9.765,9.765,59964,2021-07-20 19:55:00,PAA
9.77,9.77,9.76,9.7601,21706,2021-07-20 19:56:00,PAA
9.77,9.78,9.765,9.775,106014,2021-07-20 19:57:00,PAA
9.775,9.78,9.77,9.78,32856,2021-07-20 19:58:00,PAA
9.775,9.8,9.775,9.795,122402,2021-07-20 19:59:00,PAA
9.79,9.85,9.79,9.85,271092,2021-07-20 20:00:00,PAA
9.8001,9.8001,9.8001,9.8001,250,2021-07-20 20:02:00,PAA
9.7999,9.7999,9.7999,9.7999,300,2021-07-20 21:06:00,PAA
9.78,9.78,9.78,9.78,700,2021-07-20 21:07:00,PAA
9.75,9.75,9.75,9.75,1061,2021-07-20 21:09:00,PAA
9.75,9.75,9.75,9.75,246,2021-07-20 21:15:00,PAA
9.7,9.7,9.7,9.7,1000,2021-07-20 22:17:00,PAA
9.8,9.8,9.8,9.8,630,2021-07-21 10:39:00,PAA
9.97,9.97,9.95,9.95,300,2021-07-21 11:36:00,PAA
9.93,9.93,9.93,9.93,200,2021-07-21 11:45:00,PAA
9.9499,9.9499,9.9499,9.9499,100,2021-07-21 12:02:00,PAA
9.93,9.93,9.93,9.93,100,2021-07-21 12:13:00,PAA
9.9799,9.9799,9.9799,9.9799,1250,2021-07-21 12:40:00,PAA
9.98,9.98,9.98,9.98,500,2021-07-21 12:42:00,PAA
9.92,9.92,9.92,9.92,100,2021-07-21 13:07:00,PAA
9.95,10.07,9.95,10.07,72619,2021-07-21 13:30:00,PAA
10.07,10.1,10.03,10.1,37412,2021-07-21 13:31:00,PAA
10.1,10.17,10.085,10.131,28614,2021-07-21 13:32:00,PAA
10.13,10.18,10.13,10.165,3200,2021-07-21 13:33:00,PAA
10.165,10.22,10.16,10.215,18763,2021-07-21 13:34:00,PAA
10.21,10.21,10.16,10.19,13987,2021-07-21 13:35:00,PAA
10.188,10.205,10.185,10.19,5601,2021-07-21 13:36:00,PAA
10.195,10.24,10.191,10.21,32793,2021-07-21 13:37:00,PAA
10.2191,10.225,10.1909,10.2,7249,2021-07-21 13:38:00,PAA
10.1879,10.1879,10.13,10.13,10714,2021-07-21 13:39:00,PAA
10.125,10.13,10.11,10.1282,6128,2021-07-21 13:40:00,PAA
10.12,10.13,10.11,10.11,3036,2021-07-21 13:41:00,PAA
10.11,10.1193,10.0946,10.1,4635,2021-07-21 13:42:00,PAA
10.12,10.13,10.11,10.125,5000,2021-07-21 13:43:00,PAA
10.1229,10.15,10.12,10.12,5871,2021-07-21 13:44:00,PAA
10.13,10.18,10.125,10.17,17578,2021-07-21 13:45:00,PAA
10.17,10.18,10.15,10.15,5071,2021-07-21 13:46:00,PAA
10.16,10.16,10.155,10.1557,4200,2021-07-21 13:47:00,PAA
10.16,10.17,10.16,10.165,5000,2021-07-21 13:48:00,PAA
10.1601,10.1601,10.14,10.14,6953,2021-07-21 13:49:00,PAA
10.1418,10.18,10.1418,10.17,8504,2021-07-21 13:50:00,PAA
10.17,10.17,10.153,10.153,8433,2021-07-21 13:51:00,PAA
10.16,10.16,10.1506,10.1506,1300,2021-07-21 13:52:00,PAA
10.16,10.1615,10.15,10.15,22221,2021-07-21 13:53:00,PAA
10.1573,10.16,10.1537,10.16,7600,2021-07-21 13:54:00,PAA
10.165,10.17,10.163,10.17,7200,2021-07-21 13:55:00,PAA
10.17,10.185,10.17,10.185,17853,2021-07-21 13:56:00,PAA
10.19,10.2,10.19,10.193,39892,2021-07-21 13:57:00,PAA
10.1964,10.21,10.19,10.1999,31150,2021-07-21 13:58:00,PAA
10.19,10.2,10.19,10.195,2267,2021-07-21 13:59:00,PAA
10.195,10.205,10.19,10.205,89794,2021-07-21 14:00:00,PAA
10.205,10.215,10.205,10.21,47916,2021-07-21 14:01:00,PAA
10.22,10.24,10.22,10.24,15471,2021-07-21 14:02:00,PAA
10.2339,10.24,10.2301,10.24,13600,2021-07-21 14:03:00,PAA
10.24,10.25,10.24,10.25,6250,2021-07-21 14:04:00,PAA
10.2474,10.255,10.245,10.255,6552,2021-07-21 14:05:00,PAA
10.26,10.27,10.25,10.2599,28026,2021-07-21 14:06:00,PAA
10.26,10.26,10.255,10.255,7364,2021-07-21 14:07:00,PAA
10.2541,10.26,10.251,10.251,7164,2021-07-21 14:08:00,PAA
10.26,10.2762,10.26,10.265,5993,2021-07-21 14:09:00,PAA
10.2691,10.2691,10.265,10.265,9963,2021-07-21 14:10:00,PAA
10.26,10.26,10.23,10.24,12491,2021-07-21 14:11:00,PAA
10.2301,10.25,10.23,10.25,6370,2021-07-21 14:12:00,PAA
10.245,10.26,10.2401,10.2401,6319,2021-07-21 14:13:00,PAA
10.25,10.25,10.25,10.25,1500,2021-07-21 14:14:00,PAA
10.24,10.245,10.23,10.23,2491,2021-07-21 14:15:00,PAA
10.235,10.26,10.235,10.245,9590,2021-07-21 14:16:00,PAA
10.2498,10.26,10.23,10.23,9405,2021-07-21 14:17:00,PAA
10.23,10.245,10.2298,10.24,10207,2021-07-21 14:18:00,PAA
10.249,10.25,10.2387,10.25,11669,2021-07-21 14:19:00,PAA
10.245,10.28,10.245,10.28,11087,2021-07-21 14:20:00,PAA
10.28,10.28,10.26,10.265,8160,2021-07-21 14:21:00,PAA
10.26,10.27,10.255,10.2699,17901,2021-07-21 14:22:00,PAA
10.26,10.28,10.26,10.28,1600,2021-07-21 14:23:00,PAA
10.28,10.28,10.26,10.26,4700,2021-07-21 14:24:00,PAA
10.26,10.26,10.2526,10.2526,11286,2021-07-21 14:25:00,PAA
10.255,10.255,10.225,10.23,12787,2021-07-21 14:26:00,PAA
10.225,10.225,10.205,10.205,19915,2021-07-21 14:27:00,PAA
10.2,10.2,10.15,10.15,16188,2021-07-21 14:28:00,PAA
10.15,10.15,10.11,10.115,13338,2021-07-21 14:29:00,PAA
10.11,10.14,10.053,10.14,33093,2021-07-21 14:30:00,PAA
10.14,10.14,10.1099,10.13,15115,2021-07-21 14:31:00,PAA
10.12,10.135,10.11,10.13,11422,2021-07-21 14:32:00,PAA
10.13,10.13,10.11,10.12,25900,2021-07-21 14:33:00,PAA
10.12,10.125,10.1,10.1,11100,2021-07-21 14:34:00,PAA
10.1,10.15,10.1,10.15,3000,2021-07-21 14:35:00,PAA
10.1453,10.15,10.14,10.15,20747,2021-07-21 14:36:00,PAA
10.16,10.19,10.14,10.19,44778,2021-07-21 14:37:00,PAA
10.18,10.2051,10.18,10.2051,7085,2021-07-21 14:38:00,PAA
10.2,10.2,10.17,10.1766,14401,2021-07-21 14:39:00,PAA
10.17,10.2,10.14,10.14,29532,2021-07-21 14:40:00,PAA
10.145,10.145,10.125,10.135,16278,2021-07-21 14:41:00,PAA
10.135,10.155,10.13,10.155,27548,2021-07-21 14:42:00,PAA
10.15,10.18,10.14,10.18,16144,2021-07-21 14:43:00,PAA
10.18,10.19,10.17,10.19,7900,2021-07-21 14:44:00,PAA
10.19,10.22,10.19,10.22,3077,2021-07-21 14:45:00,PAA
10.21,10.215,10.195,10.2,4452,2021-07-21 14:46:00,PAA
10.2,10.2101,10.175,10.18,23321,2021-07-21 14:47:00,PAA
10.17,10.1759,10.14,10.14,5720,2021-07-21 14:48:00,PAA
10.14,10.15,10.13,10.15,7837,2021-07-21 14:49:00,PAA
10.16,10.185,10.16,10.17,16545,2021-07-21 14:50:00,PAA
10.16,10.175,10.15,10.175,9912,2021-07-21 14:51:00,PAA
10.17,10.175,10.15,10.15,6347,2021-07-21 14:52:00,PAA
10.15,10.15,10.14,10.145,5062,2021-07-21 14:53:00,PAA
10.15,10.17,10.1372,10.1372,10478,2021-07-21 14:54:00,PAA
10.13,10.15,10.13,10.15,2906,2021-07-21 14:55:00,PAA
10.15,10.16,10.14,10.15,10489,2021-07-21 14:56:00,PAA
10.15,10.16,10.1499,10.155,6500,2021-07-21 14:57:00,PAA
10.16,10.16,10.14,10.1464,2945,2021-07-21 14:58:00,PAA
10.14,10.14,10.13,10.13,3000,2021-07-21 14:59:00,PAA
10.13,10.14,10.13,10.14,1900,2021-07-21 15:00:00,PAA
10.14,10.15,10.14,10.15,6411,2021-07-21 15:01:00,PAA
10.15,10.16,10.15,10.15,5255,2021-07-21 15:02:00,PAA
10.14,10.14,10.12,10.14,10364,2021-07-21 15:03:00,PAA
10.135,10.14,10.135,10.135,1947,2021-07-21 15:04:00,PAA
10.14,10.18,10.14,10.16,18122,2021-07-21 15:05:00,PAA
10.17,10.18,10.17,10.18,800,2021-07-21 15:06:00,PAA
10.18,10.185,10.17,10.18,5947,2021-07-21 15:07:00,PAA
10.19,10.195,10.19,10.195,24812,2021-07-21 15:08:00,PAA
10.2,10.2057,10.19,10.19,38470,2021-07-21 15:09:00,PAA
10.19,10.2,10.19,10.2,5700,2021-07-21 15:10:00,PAA
10.2059,10.2059,10.2,10.2,1600,2021-07-21 15:11:00,PAA
10.2,10.2,10.19,10.2,13838,2021-07-21 15:12:00,PAA
10.195,10.2,10.19,10.19,2500,2021-07-21 15:13:00,PAA
10.19,10.2,10.18,10.195,4200,2021-07-21 15:14:00,PAA
10.1989,10.2,10.19,10.1999,5500,2021-07-21 15:15:00,PAA
10.205,10.205,10.2,10.2,1300,2021-07-21 15:16:00,PAA
10.19,10.19,10.19,10.19,3906,2021-07-21 15:18:00,PAA
10.185,10.2,10.185,10.2,3400,2021-07-21 15:19:00,PAA
10.2,10.2,10.2,10.2,400,2021-07-21 15:20:00,PAA
10.2,10.2,10.1786,10.18,11661,2021-07-21 15:21:00,PAA
10.175,10.18,10.1729,10.18,3849,2021-07-21 15:22:00,PAA
10.1701,10.175,10.17,10.17,14299,2021-07-21 15:23:00,PAA
10.18,10.19,10.18,10.19,6149,2021-07-21 15:24:00,PAA
10.2,10.21,10.1971,10.205,8087,2021-07-21 15:25:00,PAA
10.21,10.21,10.205,10.21,5000,2021-07-21 15:26:00,PAA
10.21,10.21,10.19,10.205,8248,2021-07-21 15:27:00,PAA
10.2,10.205,10.2,10.2,2846,2021-07-21 15:28:00,PAA
10.2,10.21,10.19,10.1999,3232,2021-07-21 15:29:00,PAA
10.19,10.21,10.19,10.21,6641,2021-07-21 15:30:00,PAA
10.21,10.215,10.205,10.21,2042,2021-07-21 15:31:00,PAA
10.215,10.22,10.215,10.22,5736,2021-07-21 15:32:00,PAA
10.22,10.225,10.22,10.22,2621,2021-07-21 15:33:00,PAA
10.22,10.225,10.22,10.225,800,2021-07-21 15:34:00,PAA
10.229,10.23,10.225,10.225,7488,2021-07-21 15:35:00,PAA
10.23,10.23,10.2,10.21,22021,2021-07-21 15:36:00,PAA
10.21,10.23,10.21,10.23,5888,2021-07-21 15:37:00,PAA
10.23,10.235,10.225,10.235,8136,2021-07-21 15:38:00,PAA
10.23,10.24,10.23,10.23,7228,2021-07-21 15:39:00,PAA
10.23,10.23,10.225,10.23,2628,2021-07-21 15:40:00,PAA
10.23,10.235,10.23,10.23,21770,2021-07-21 15:41:00,PAA
10.23,10.23,10.22,10.22,3383,2021-07-21 15:42:00,PAA
10.22,10.22,10.2,10.205,6388,2021-07-21 15:43:00,PAA
10.21,10.215,10.2,10.21,16110,2021-07-21 15:44:00,PAA
10.205,10.22,10.2,10.21,15722,2021-07-21 15:45:00,PAA
10.215,10.215,10.2098,10.21,2032,2021-07-21 15:46:00,PAA
10.21,10.225,10.21,10.225,4478,2021-07-21 15:47:00,PAA
10.225,10.2268,10.22,10.2268,2200,2021-07-21 15:48:00,PAA
10.23,10.23,10.23,10.23,3800,2021-07-21 15:49:00,PAA
10.2332,10.26,10.2332,10.25,12499,2021-07-21 15:50:00,PAA
10.25,10.26,10.25,10.26,2300,2021-07-21 15:51:00,PAA
10.26,10.27,10.26,10.265,3800,2021-07-21 15:52:00,PAA
10.26,10.3,10.26,10.3,13872,2021-07-21 15:53:00,PAA
10.31,10.32,10.29,10.305,85169,2021-07-21 15:54:00,PAA
10.31,10.31,10.301,10.305,14100,2021-07-21 15:55:00,PAA
10.3,10.305,10.29,10.295,15956,2021-07-21 15:56:00,PAA
10.3,10.32,10.3,10.32,5945,2021-07-21 15:57:00,PAA
10.32,10.3432,10.32,10.3432,9039,2021-07-21 15:58:00,PAA
10.3489,10.35,10.345,10.345,5000,2021-07-21 15:59:00,PAA
10.35,10.375,10.35,10.37,8650,2021-07-21 16:00:00,PAA
10.38,10.395,10.36,10.36,45199,2021-07-21 16:01:00,PAA
10.35,10.37,10.34,10.37,11014,2021-07-21 16:02:00,PAA
10.365,10.3791,10.365,10.3791,36382,2021-07-21 16:03:00,PAA
10.38,10.38,10.36,10.3688,28833,2021-07-21 16:04:00,PAA
10.365,10.38,10.36,10.38,8512,2021-07-21 16:05:00,PAA
10.38,10.385,10.375,10.38,30087,2021-07-21 16:06:00,PAA
10.375,10.39,10.37,10.39,5600,2021-07-21 16:07:00,PAA
10.38,10.4033,10.38,10.38,35624,2021-07-21 16:08:00,PAA
10.3888,10.3902,10.385,10.39,19870,2021-07-21 16:09:00,PAA
10.395,10.41,10.395,10.4,6042,2021-07-21 16:10:00,PAA
10.4,10.41,10.4,10.405,29400,2021-07-21 16:11:00,PAA
10.405,10.407,10.405,10.405,2776,2021-07-21 16:12:00,PAA
10.405,10.41,10.405,10.41,4400,2021-07-21 16:13:00,PAA
10.405,10.41,10.405,10.405,5349,2021-07-21 16:14:00,PAA
10.4085,10.415,10.4,10.4,32920,2021-07-21 16:15:00,PAA
10.4,10.4,10.39,10.39,7000,2021-07-21 16:16:00,PAA
10.395,10.395,10.39,10.39,1300,2021-07-21 16:17:00,PAA
10.39,10.39,10.39,10.39,400,2021-07-21 16:18:00,PAA
10.39,10.4,10.39,10.39,4650,2021-07-21 16:19:00,PAA
10.39,10.42,10.39,10.42,24543,2021-07-21 16:20:00,PAA
10.42,10.42,10.41,10.42,2400,2021-07-21 16:21:00,PAA
10.415,10.42,10.41,10.42,2100,2021-07-21 16:22:00,PAA
10.42,10.42,10.4,10.42,26009,2021-07-21 16:23:00,PAA
10.42,10.42,10.415,10.42,800,2021-07-21 16:24:00,PAA
10.415,10.42,10.405,10.41,22124,2021-07-21 16:25:00,PAA
10.405,10.41,10.405,10.405,1300,2021-07-21 16:26:00,PAA
10.405,10.4099,10.4,10.4036,5251,2021-07-21 16:27:00,PAA
10.4,10.405,10.3901,10.392,15490,2021-07-21 16:28:00,PAA
10.395,10.395,10.39,10.39,2000,2021-07-21 16:29:00,PAA
10.3965,10.3965,10.39,10.39,800,2021-07-21 16:30:00,PAA
10.39,10.39,10.38,10.38,9526,2021-07-21 16:31:00,PAA
10.375,10.38,10.375,10.375,3800,2021-07-21 16:32:00,PAA
10.375,10.38,10.375,10.375,1400,2021-07-21 16:33:00,PAA
10.375,10.375,10.36,10.37,4886,2021-07-21 16:34:00,PAA
10.365,10.37,10.365,10.37,1100,2021-07-21 16:35:00,PAA
10.365,10.385,10.365,10.38,9430,2021-07-21 16:36:00,PAA
10.38,10.3802,10.37,10.37,13820,2021-07-21 16:37:00,PAA
10.37,10.37,10.36,10.3639,5210,2021-07-21 16:38:00,PAA
10.37,10.39,10.37,10.38,4800,2021-07-21 16:39:00,PAA
10.385,10.385,10.38,10.38,400,2021-07-21 16:40:00,PAA
10.38,10.38,10.38,10.38,400,2021-07-21 16:41:00,PAA
10.38,10.39,10.38,10.39,500,2021-07-21 16:42:00,PAA
10.38,10.39,10.38,10.385,1500,2021-07-21 16:43:00,PAA
10.385,10.39,10.383,10.383,1300,2021-07-21 16:44:00,PAA
10.388,10.39,10.385,10.385,2400,2021-07-21 16:45:00,PAA
10.39,10.39,10.385,10.39,1200,2021-07-21 16:46:00,PAA
10.39,10.39,10.385,10.39,1500,2021-07-21 16:47:00,PAA
10.385,10.39,10.38,10.385,10355,2021-07-21 16:48:00,PAA
10.385,10.41,10.385,10.405,17175,2021-07-21 16:49:00,PAA
10.4,10.41,10.4,10.41,3100,2021-07-21 16:50:00,PAA
10.405,10.41,10.4,10.41,6050,2021-07-21 16:51:00,PAA
10.42,10.42,10.42,10.42,2000,2021-07-21 16:52:00,PAA
10.42,10.42,10.415,10.415,2700,2021-07-21 16:53:00,PAA
10.42,10.42,10.4,10.41,10900,2021-07-21 16:54:00,PAA
10.405,10.405,10.405,10.405,900,2021-07-21 16:55:00,PAA
10.4,10.42,10.4,10.415,5645,2021-07-21 16:56:00,PAA
10.42,10.4299,10.42,10.4299,5926,2021-07-21 16:57:00,PAA
10.43,10.43,10.43,10.43,2500,2021-07-21 16:58:00,PAA
10.435,10.435,10.43,10.435,5400,2021-07-21 16:59:00,PAA
10.44,10.455,10.435,10.45,16597,2021-07-21 17:00:00,PAA
10.45,10.455,10.45,10.455,2687,2021-07-21 17:01:00,PAA
10.46,10.47,10.46,10.465,8695,2021-07-21 17:02:00,PAA
10.46,10.4688,10.46,10.4688,4500,2021-07-21 17:03:00,PAA
10.465,10.47,10.46,10.465,2200,2021-07-21 17:04:00,PAA
10.465,10.47,10.4633,10.47,2200,2021-07-21 17:05:00,PAA
10.47,10.485,10.47,10.48,15238,2021-07-21 17:06:00,PAA
10.48,10.48,10.47,10.48,2300,2021-07-21 17:07:00,PAA
10.48,10.48,10.47,10.475,2694,2021-07-21 17:08:00,PAA
10.48,10.48,10.4701,10.48,3050,2021-07-21 17:09:00,PAA
10.48,10.48,10.47,10.475,2600,2021-07-21 17:10:00,PAA
10.47,10.47,10.46,10.465,13030,2021-07-21 17:11:00,PAA
10.465,10.49,10.465,10.49,7302,2021-07-21 17:12:00,PAA
10.4836,10.5,10.4836,10.5,6000,2021-07-21 17:13:00,PAA
10.495,10.505,10.49,10.5,30892,2021-07-21 17:14:00,PAA
10.51,10.51,10.5001,10.51,7000,2021-07-21 17:15:00,PAA
10.5186,10.52,10.515,10.52,1700,2021-07-21 17:16:00,PAA
10.52,10.52,10.515,10.52,900,2021-07-21 17:17:00,PAA
10.51,10.515,10.5,10.5,13090,2021-07-21 17:18:00,PAA
10.5,10.5,10.5,10.5,400,2021-07-21 17:19:00,PAA
10.5,10.5,10.49,10.49,15730,2021-07-21 17:20:00,PAA
10.49,10.4916,10.49,10.49,800,2021-07-21 17:21:00,PAA
10.49,10.495,10.48,10.485,10550,2021-07-21 17:22:00,PAA
10.48,10.49,10.48,10.49,1900,2021-07-21 17:23:00,PAA
10.49,10.51,10.49,10.51,18994,2021-07-21 17:24:00,PAA
10.5,10.53,10.5,10.52,10650,2021-07-21 17:25:00,PAA
10.52,10.53,10.52,10.53,800,2021-07-21 17:26:00,PAA
10.525,10.53,10.525,10.53,4520,2021-07-21 17:27:00,PAA
10.54,10.54,10.5338,10.54,16100,2021-07-21 17:28:00,PAA
10.54,10.55,10.54,10.545,2244,2021-07-21 17:29:00,PAA
10.5434,10.55,10.52,10.52,38637,2021-07-21 17:30:00,PAA
10.5255,10.5255,10.52,10.52,1490,2021-07-21 17:31:00,PAA
10.52,10.52,10.52,10.52,400,2021-07-21 17:32:00,PAA
10.52,10.525,10.52,10.52,1000,2021-07-21 17:33:00,PAA
10.5206,10.55,10.5206,10.55,47891,2021-07-21 17:34:00,PAA
10.56,10.565,10.54,10.54,44029,2021-07-21 17:35:00,PAA
10.54,10.545,10.535,10.5416,15715,2021-07-21 17:36:00,PAA
10.54,10.54,10.52,10.527,19203,2021-07-21 17:37:00,PAA
10.52,10.52,10.52,10.52,1100,2021-07-21 17:38:00,PAA
10.52,10.5209,10.52,10.52,6100,2021-07-21 17:39:00,PAA
10.52,10.52,10.52,10.52,1900,2021-07-21 17:40:00,PAA
10.525,10.525,10.51,10.51,11817,2021-07-21 17:41:00,PAA
10.51,10.51,10.49,10.495,15110,2021-07-21 17:42:00,PAA
10.49,10.49,10.49,10.49,800,2021-07-21 17:43:00,PAA
10.4968,10.5,10.49,10.49,7400,2021-07-21 17:44:00,PAA
10.491,10.495,10.49,10.49,1200,2021-07-21 17:45:00,PAA
10.49,10.49,10.475,10.4786,14572,2021-07-21 17:46:00,PAA
10.475,10.475,10.47,10.47,4352,2021-07-21 17:47:00,PAA
10.47,10.47,10.45,10.45,7339,2021-07-21 17:48:00,PAA
10.45,10.45,10.44,10.44,8276,2021-07-21 17:49:00,PAA
10.43,10.43,10.43,10.43,200,2021-07-21 17:50:00,PAA
10.435,10.455,10.43,10.44,19637,2021-07-21 17:51:00,PAA
10.44,10.44,10.44,10.44,2925,2021-07-21 17:52:00,PAA
10.44,10.4499,10.43,10.435,14267,2021-07-21 17:53:00,PAA
10.435,10.46,10.435,10.4591,12350,2021-07-21 17:54:00,PAA
10.455,10.4672,10.455,10.4672,5648,2021-07-21 17:55:00,PAA
10.46,10.46,10.45,10.45,6900,2021-07-21 17:56:00,PAA
10.455,10.455,10.44,10.44,4200,2021-07-21 17:57:00,PAA
10.44,10.44,10.44,10.44,2200,2021-07-21 17:58:00,PAA
10.44,10.44,10.43,10.435,7004,2021-07-21 17:59:00,PAA
10.435,10.46,10.435,10.45,11300,2021-07-21 18:00:00,PAA
10.45,10.455,10.45,10.45,2438,2021-07-21 18:01:00,PAA
10.455,10.457,10.45,10.45,4654,2021-07-21 18:02:00,PAA
10.45,10.455,10.45,10.45,2900,2021-07-21 18:03:00,PAA
10.45,10.45,10.45,10.45,2700,2021-07-21 18:04:00,PAA
10.455,10.46,10.45,10.455,7958,2021-07-21 18:05:00,PAA
10.45,10.46,10.45,10.45,2688,2021-07-21 18:06:00,PAA
10.4522,10.4522,10.44,10.44,10115,2021-07-21 18:07:00,PAA
10.44,10.45,10.44,10.44,2500,2021-07-21 18:08:00,PAA
10.44,10.44,10.43,10.43,5305,2021-07-21 18:09:00,PAA
10.43,10.43,10.42,10.42,12697,2021-07-21 18:10:00,PAA
10.42,10.42,10.41,10.41,13398,2021-07-21 18:11:00,PAA
10.41,10.42,10.405,10.41,15425,2021-07-21 18:12:00,PAA
10.41,10.4155,10.41,10.41,1000,2021-07-21 18:13:00,PAA
10.41,10.41,10.4,10.4019,5564,2021-07-21 18:14:00,PAA
10.4,10.405,10.4,10.4,2225,2021-07-21 18:15:00,PAA
10.405,10.425,10.4,10.425,19800,2021-07-21 18:16:00,PAA
10.43,10.47,10.42,10.45,55200,2021-07-21 18:17:00,PAA
10.45,10.45,10.44,10.44,11277,2021-07-21 18:18:00,PAA
10.44,10.44,10.44,10.44,1575,2021-07-21 18:19:00,PAA
10.44,10.44,10.425,10.43,10682,2021-07-21 18:20:00,PAA
10.43,10.44,10.43,10.435,3100,2021-07-21 18:21:00,PAA
10.43,10.435,10.43,10.43,1200,2021-07-21 18:22:00,PAA
10.43,10.435,10.43,10.43,2000,2021-07-21 18:23:00,PAA
10.435,10.435,10.43,10.43,2500,2021-07-21 18:24:00,PAA
10.43,10.44,10.43,10.43,2548,2021-07-21 18:25:00,PAA
10.43,10.435,10.43,10.43,2398,2021-07-21 18:26:00,PAA
10.43,10.44,10.43,10.44,3798,2021-07-21 18:27:00,PAA
10.43,10.45,10.43,10.45,11565,2021-07-21 18:28:00,PAA
10.445,10.45,10.44,10.445,3800,2021-07-21 18:29:00,PAA
10.45,10.45,10.44,10.4499,4798,2021-07-21 18:30:00,PAA
10.44,10.45,10.44,10.45,6252,2021-07-21 18:31:00,PAA
10.445,10.45,10.44,10.45,4700,2021-07-21 18:32:00,PAA
10.45,10.45,10.445,10.45,7400,2021-07-21 18:33:00,PAA
10.44,10.45,10.44,10.45,3592,2021-07-21 18:34:00,PAA
10.45,10.45,10.44,10.445,4500,2021-07-21 18:35:00,PAA
10.44,10.45,10.44,10.45,5800,2021-07-21 18:36:00,PAA
10.45,10.46,10.44,10.445,19800,2021-07-21 18:37:00,PAA
10.45,10.46,10.45,10.45,3000,2021-07-21 18:38:00,PAA
10.45,10.45,10.45,10.45,1969,2021-07-21 18:39:00,PAA
10.45,10.45,10.445,10.45,7568,2021-07-21 18:40:00,PAA
10.44,10.44,10.43,10.435,8030,2021-07-21 18:41:00,PAA
10.435,10.435,10.43,10.43,2800,2021-07-21 18:42:00,PAA
10.43,10.43,10.42,10.42,4700,2021-07-21 18:43:00,PAA
10.42,10.44,10.42,10.43,12019,2021-07-21 18:44:00,PAA
10.435,10.44,10.43,10.435,1827,2021-07-21 18:45:00,PAA
10.43,10.435,10.42,10.42,11083,2021-07-21 18:46:00,PAA
10.42,10.425,10.42,10.42,2400,2021-07-21 18:47:00,PAA
10.42,10.42,10.42,10.42,1700,2021-07-21 18:48:00,PAA
10.42,10.43,10.42,10.4236,4173,2021-07-21 18:49:00,PAA
10.42,10.425,10.42,10.42,3906,2021-07-21 18:50:00,PAA
10.425,10.425,10.42,10.425,3330,2021-07-21 18:51:00,PAA
10.425,10.425,10.42,10.42,6488,2021-07-21 18:52:00,PAA
10.42,10.42,10.4,10.4009,17293,2021-07-21 18:53:00,PAA
10.4,10.4001,10.39,10.39,4790,2021-07-21 18:54:00,PAA
10.39,10.3987,10.39,10.39,14543,2021-07-21 18:55:00,PAA
10.395,10.395,10.39,10.39,5500,2021-07-21 18:56:00,PAA
10.393,10.3941,10.37,10.3768,21432,2021-07-21 18:57:00,PAA
10.37,10.375,10.35,10.35,15024,2021-07-21 18:58:00,PAA
10.35,10.355,10.35,10.355,2610,2021-07-21 18:59:00,PAA
10.35,10.355,10.35,10.35,7031,2021-07-21 19:00:00,PAA
10.35,10.355,10.35,10.35,3124,2021-07-21 19:01:00,PAA
10.35,10.358,10.35,10.35,8206,2021-07-21 19:02:00,PAA
10.35,10.39,10.35,10.37,51966,2021-07-21 19:03:00,PAA
10.365,10.37,10.36,10.365,4508,2021-07-21 19:04:00,PAA
10.365,10.37,10.34,10.34,26537,2021-07-21 19:05:00,PAA
10.34,10.345,10.34,10.345,6748,2021-07-21 19:06:00,PAA
10.34,10.34,10.34,10.34,1000,2021-07-21 19:07:00,PAA
10.34,10.35,10.34,10.345,6343,2021-07-21 19:08:00,PAA
10.345,10.35,10.34,10.34,7222,2021-07-21 19:09:00,PAA
10.345,10.365,10.345,10.365,25609,2021-07-21 19:10:00,PAA
10.36,10.36,10.32,10.325,21638,2021-07-21 19:11:00,PAA
10.325,10.325,10.31,10.3141,3800,2021-07-21 19:12:00,PAA
10.31,10.3101,10.31,10.31,1800,2021-07-21 19:13:00,PAA
10.31,10.32,10.31,10.32,2400,2021-07-21 19:14:00,PAA
10.31,10.34,10.31,10.335,18550,2021-07-21 19:15:00,PAA
10.335,10.34,10.333,10.335,2200,2021-07-21 19:16:00,PAA
10.335,10.335,10.32,10.32,12267,2021-07-21 19:17:00,PAA
10.32,10.33,10.31,10.325,19363,2021-07-21 19:18:00,PAA
10.325,10.325,10.325,10.325,1500,2021-07-21 19:19:00,PAA
10.32,10.32,10.31,10.31,5835,2021-07-21 19:20:00,PAA
10.31,10.32,10.31,10.31,3749,2021-07-21 19:21:00,PAA
10.31,10.3157,10.31,10.31,1549,2021-07-21 19:22:00,PAA
10.31,10.315,10.31,10.315,2797,2021-07-21 19:23:00,PAA
10.315,10.3158,10.31,10.315,4237,2021-07-21 19:24:00,PAA
10.3199,10.32,10.31,10.315,4600,2021-07-21 19:25:00,PAA
10.32,10.32,10.31,10.32,4560,2021-07-21 19:26:00,PAA
10.315,10.315,10.29,10.29,29352,2021-07-21 19:27:00,PAA
10.29,10.305,10.28,10.3,24820,2021-07-21 19:28:00,PAA
10.3,10.31,10.29,10.29,10032,2021-07-21 19:29:00,PAA
10.29,10.2902,10.25,10.25,44134,2021-07-21 19:30:00,PAA
10.245,10.27,10.24,10.27,34180,2021-07-21 19:31:00,PAA
10.265,10.265,10.245,10.25,32498,2021-07-21 19:32:00,PAA
10.25,10.25,10.24,10.24,16480,2021-07-21 19:33:00,PAA
10.24,10.25,10.22,10.225,24802,2021-07-21 19:34:00,PAA
10.22,10.225,10.22,10.22,11490,2021-07-21 19:35:00,PAA
10.21,10.21,10.2,10.2,19222,2021-07-21 19:36:00,PAA
10.2,10.2,10.19,10.19,21879,2021-07-21 19:37:00,PAA
10.19,10.22,10.185,10.21,48626,2021-07-21 19:38:00,PAA
10.215,10.22,10.205,10.21,33689,2021-07-21 19:39:00,PAA
10.21,10.21,10.19,10.2,103622,2021-07-21 19:40:00,PAA
10.205,10.22,10.205,10.21,10294,2021-07-21 19:41:00,PAA
10.21,10.215,10.2,10.2,34354,2021-07-21 19:42:00,PAA
10.2,10.2078,10.2,10.2,21754,2021-07-21 19:43:00,PAA
10.2,10.2,10.18,10.18,23424,2021-07-21 19:44:00,PAA
10.18,10.22,10.18,10.21,97522,2021-07-21 19:45:00,PAA
10.21,10.21,10.18,10.18,65745,2021-07-21 19:46:00,PAA
10.18,10.19,10.17,10.17,65438,2021-07-21 19:47:00,PAA
10.17,10.1726,10.16,10.165,31188,2021-07-21 19:48:00,PAA
10.16,10.17,10.16,10.16,52882,2021-07-21 19:49:00,PAA
10.16,10.16,10.13,10.145,145042,2021-07-21 19:50:00,PAA
10.14,10.145,10.13,10.13,58201,2021-07-21 19:51:00,PAA
10.13,10.155,10.115,10.14,115102,2021-07-21 19:52:00,PAA
10.14,10.16,10.135,10.1399,62393,2021-07-21 19:53:00,PAA
10.145,10.145,10.12,10.12,39403,2021-07-21 19:54:00,PAA
10.12,10.15,10.12,10.125,125812,2021-07-21 19:55:00,PAA
10.125,10.13,10.1,10.1,81765,2021-07-21 19:56:00,PAA
10.1,10.115,10.09,10.11,151386,2021-07-21 19:57:00,PAA
10.1,10.11,10.09,10.1,147482,2021-07-21 19:58:00,PAA
10.1,10.14,10.085,10.14,124106,2021-07-21 19:59:00,PAA
10.13,10.13,10.13,10.13,267087,2021-07-21 20:00:00,PAA
10.16,10.16,10.16,10.16,100,2021-07-21 20:06:00,PAA
10.18,10.18,10.18,10.18,100,2021-07-21 20:13:00,PAA
10.13,10.13,10.13,10.13,82888,2021-07-21 20:58:00,PAA
10.18,10.18,10.18,10.18,100,2021-07-21 22:57:00,PAA
10.18,10.18,10.18,10.18,100,2021-07-21 22:58:00,PAA
10.18,10.18,10.18,10.18,600,2021-07-21 23:54:00,PAA
10.22,10.22,10.22,10.22,988,2021-07-22 11:23:00,PAA
10.25,10.25,10.25,10.25,1000,2021-07-22 11:26:00,PAA
10.22,10.22,10.2,10.2,800,2021-07-22 11:31:00,PAA
10.2,10.2,10.2,10.2,1000,2021-07-22 11:33:00,PAA
10.18,10.18,10.18,10.18,3700,2021-07-22 11:44:00,PAA
10.13,10.13,10.13,10.13,189830,2021-07-22 12:34:00,PAA
10.1,10.14,10.09,10.119,125883,2021-07-22 13:30:00,PAA
10.1289,10.1289,10.0619,10.07,18383,2021-07-22 13:31:00,PAA
10.08,10.085,10.0419,10.085,11857,2021-07-22 13:32:00,PAA
10.075,10.075,10.04,10.065,18478,2021-07-22 13:33:00,PAA
10.06,10.06,10.03,10.04,33048,2021-07-22 13:34:00,PAA
10.04,10.04,10.02,10.02,17259,2021-07-22 13:35:00,PAA
10.02,10.05,10.02,10.025,20564,2021-07-22 13:36:00,PAA
10.0268,10.03,10.01,10.03,10550,2021-07-22 13:37:00,PAA
10.03,10.03,10.01,10.01,4800,2021-07-22 13:38:00,PAA
10.02,10.075,10.02,10.075,13462,2021-07-22 13:39:00,PAA
10.07,10.105,10.07,10.09,13688,2021-07-22 13:40:00,PAA
10.08,10.08,10.03,10.04,5897,2021-07-22 13:41:00,PAA
10.04,10.075,10.04,10.075,14597,2021-07-22 13:42:00,PAA
10.0709,10.075,10.06,10.06,3100,2021-07-22 13:43:00,PAA
10.09,10.1,10.09,10.099,1475,2021-07-22 13:44:00,PAA
10.1,10.13,10.1,10.13,11331,2021-07-22 13:45:00,PAA
10.1212,10.1212,10.0694,10.0694,14414,2021-07-22 13:46:00,PAA
10.06,10.085,10.055,10.08,10253,2021-07-22 13:47:00,PAA
10.08,10.0899,10.065,10.065,3708,2021-07-22 13:48:00,PAA
10.06,10.06,10.02,10.02,3092,2021-07-22 13:49:00,PAA
10.03,10.06,10.03,10.06,300,2021-07-22 13:50:00,PAA
10.05,10.05,10.02,10.02,2300,2021-07-22 13:51:00,PAA
10.03,10.045,10.03,10.035,3343,2021-07-22 13:52:00,PAA
10.03,10.03,10.025,10.025,1200,2021-07-22 13:53:00,PAA
10.0295,10.055,10.025,10.055,4962,2021-07-22 13:54:00,PAA
10.05,10.05,10.03,10.04,19963,2021-07-22 13:55:00,PAA
10.05,10.05,10.03,10.03,1000,2021-07-22 13:56:00,PAA
10.0293,10.035,10.025,10.025,8378,2021-07-22 13:57:00,PAA
10.0292,10.0292,10.0,10.005,9667,2021-07-22 13:58:00,PAA
10.01,10.03,10.01,10.03,1643,2021-07-22 13:59:00,PAA
10.04,10.04,10.01,10.01,3495,2021-07-22 14:00:00,PAA
10.01,10.02,10.0,10.005,3600,2021-07-22 14:01:00,PAA
10.01,10.01,9.98,9.995,24984,2021-07-22 14:02:00,PAA
9.99,10.005,9.99,10.005,9362,2021-07-22 14:03:00,PAA
10.01,10.0199,10.0,10.0107,4544,2021-07-22 14:04:00,PAA
10.03,10.03,10.0,10.0,2700,2021-07-22 14:05:00,PAA
10.01,10.02,10.01,10.01,3163,2021-07-22 14:06:00,PAA
10.0024,10.015,10.0,10.015,5346,2021-07-22 14:07:00,PAA
10.02,10.02,10.01,10.02,9989,2021-07-22 14:08:00,PAA
10.03,10.05,10.03,10.05,1700,2021-07-22 14:09:00,PAA
10.06,10.085,10.055,10.085,8150,2021-07-22 14:10:00,PAA
10.08,10.085,10.07,10.08,3100,2021-07-22 14:11:00,PAA
10.08,10.1,10.08,10.1,4600,2021-07-22 14:12:00,PAA
10.1,10.12,10.1,10.1199,5732,2021-07-22 14:13:00,PAA
10.1109,10.115,10.1,10.11,8587,2021-07-22 14:14:00,PAA
10.1,10.11,10.09,10.105,9400,2021-07-22 14:15:00,PAA
10.11,10.18,10.11,10.15,131740,2021-07-22 14:16:00,PAA
10.145,10.16,10.12,10.14,15529,2021-07-22 14:17:00,PAA
10.14,10.14,10.115,10.13,4267,2021-07-22 14:18:00,PAA
10.1373,10.1401,10.13,10.14,7534,2021-07-22 14:19:00,PAA
10.14,10.1567,10.135,10.15,5800,2021-07-22 14:20:00,PAA
10.1499,10.175,10.14,10.16,3700,2021-07-22 14:21:00,PAA
10.1601,10.1654,10.16,10.16,7250,2021-07-22 14:22:00,PAA
10.155,10.155,10.14,10.1401,9160,2021-07-22 14:23:00,PAA
10.15,10.16,10.15,10.15,5900,2021-07-22 14:24:00,PAA
10.16,10.18,10.16,10.1701,3600,2021-07-22 14:25:00,PAA
10.17,10.18,10.17,10.17,2750,2021-07-22 14:26:00,PAA
10.16,10.169,10.15,10.1634,4700,2021-07-22 14:27:00,PAA
10.17,10.18,10.15,10.15,5635,2021-07-22 14:28:00,PAA
10.14,10.16,10.14,10.16,567,2021-07-22 14:29:00,PAA
10.16,10.1637,10.16,10.16,2184,2021-07-22 14:30:00,PAA
10.16,10.16,10.14,10.1483,1900,2021-07-22 14:31:00,PAA
10.14,10.14,10.1,10.1,3629,2021-07-22 14:32:00,PAA
10.1,10.105,10.085,10.1,6400,2021-07-22 14:33:00,PAA
10.09,10.09,10.08,10.09,2000,2021-07-22 14:34:00,PAA
10.1,10.11,10.1,10.1,2600,2021-07-22 14:35:00,PAA
10.1,10.12,10.1,10.12,1964,2021-07-22 14:36:00,PAA
10.11,10.11,10.08,10.0882,1300,2021-07-22 14:37:00,PAA
10.08,10.08,10.08,10.08,100,2021-07-22 14:38:00,PAA
10.075,10.0799,10.07,10.07,10567,2021-07-22 14:39:00,PAA
10.08,10.09,10.08,10.09,12064,2021-07-22 14:40:00,PAA
10.08,10.09,10.08,10.08,3000,2021-07-22 14:41:00,PAA
10.0808,10.0808,10.0808,10.0808,100,2021-07-22 14:42:00,PAA
10.08,10.09,10.06,10.065,8435,2021-07-22 14:43:00,PAA
10.06,10.065,10.05,10.055,1000,2021-07-22 14:44:00,PAA
10.055,10.055,10.0,10.01,8854,2021-07-22 14:45:00,PAA
10.0,10.02,10.0,10.013,3600,2021-07-22 14:46:00,PAA
10.0108,10.03,10.0108,10.025,3700,2021-07-22 14:47:00,PAA
10.03,10.04,10.02,10.04,16700,2021-07-22 14:48:00,PAA
10.035,10.0365,10.03,10.0302,13095,2021-07-22 14:49:00,PAA
10.03,10.035,10.03,10.03,4352,2021-07-22 14:50:00,PAA
10.03,10.035,10.0206,10.03,11358,2021-07-22 14:51:00,PAA
10.03,10.05,10.03,10.03,30301,2021-07-22 14:52:00,PAA
10.03,10.05,10.03,10.045,10625,2021-07-22 14:53:00,PAA
10.05,10.055,10.04,10.04,3668,2021-07-22 14:54:00,PAA
10.04,10.045,10.02,10.025,14983,2021-07-22 14:55:00,PAA
10.03,10.04,10.03,10.035,13169,2021-07-22 14:56:00,PAA
10.03,10.04,10.025,10.03,21126,2021-07-22 14:57:00,PAA
10.03,10.04,10.02,10.02,27163,2021-07-22 14:58:00,PAA
10.02,10.0256,10.02,10.02,3910,2021-07-22 14:59:00,PAA
10.03,10.04,10.03,10.03,14349,2021-07-22 15:00:00,PAA
10.0244,10.03,10.0186,10.02,35653,2021-07-22 15:01:00,PAA
10.025,10.025,10.01,10.015,9595,2021-07-22 15:02:00,PAA
10.02,10.02,10.01,10.0138,4344,2021-07-22 15:03:00,PAA
10.015,10.015,10.01,10.01,5200,2021-07-22 15:04:00,PAA
10.015,10.02,10.005,10.02,33424,2021-07-22 15:05:00,PAA
10.015,10.02,10.01,10.01,9300,2021-07-22 15:06:00,PAA
10.01,10.02,10.01,10.02,5876,2021-07-22 15:07:00,PAA
10.03,10.04,10.02,10.03,7000,2021-07-22 15:08:00,PAA
10.03,10.03,10.03,10.03,521,2021-07-22 15:09:00,PAA
10.04,10.045,10.04,10.04,10968,2021-07-22 15:10:00,PAA
10.035,10.035,10.03,10.03,400,2021-07-22 15:11:00,PAA
10.04,10.04,10.03,10.035,4400,2021-07-22 15:12:00,PAA
10.04,10.04,10.025,10.0399,5267,2021-07-22 15:13:00,PAA
10.035,10.035,10.03,10.035,4975,2021-07-22 15:14:00,PAA
10.03,10.035,10.01,10.015,3700,2021-07-22 15:15:00,PAA
10.02,10.035,10.0199,10.02,9029,2021-07-22 15:16:00,PAA
10.03,10.03,10.015,10.025,6408,2021-07-22 15:17:00,PAA
10.03,10.0388,10.03,10.035,5026,2021-07-22 15:18:00,PAA
10.035,10.055,10.035,10.05,14786,2021-07-22 15:19:00,PAA
10.045,10.045,10.04,10.045,4400,2021-07-22 15:20:00,PAA
10.04,10.045,10.04,10.04,3526,2021-07-22 15:21:00,PAA
10.04,10.05,10.03,10.05,7855,2021-07-22 15:22:00,PAA
10.05,10.05,10.05,10.05,1300,2021-07-22 15:23:00,PAA
10.05,10.07,10.05,10.065,8763,2021-07-22 15:24:00,PAA
10.06,10.065,10.05,10.05,3874,2021-07-22 15:25:00,PAA
10.05,10.055,10.04,10.05,9805,2021-07-22 15:26:00,PAA
10.04,10.045,10.04,10.045,2708,2021-07-22 15:27:00,PAA
10.05,10.05,10.04,10.045,5385,2021-07-22 15:28:00,PAA
10.05,10.07,10.05,10.06,18042,2021-07-22 15:29:00,PAA
10.07,10.08,10.06,10.08,4000,2021-07-22 15:30:00,PAA
10.08,10.085,10.08,10.085,2334,2021-07-22 15:31:00,PAA
10.09,10.095,10.075,10.075,19076,2021-07-22 15:32:00,PAA
10.08,10.085,10.075,10.085,9558,2021-07-22 15:33:00,PAA
10.09,10.09,10.08,10.08,16956,2021-07-22 15:34:00,PAA
10.07,10.09,10.07,10.09,3146,2021-07-22 15:35:00,PAA
10.09,10.105,10.09,10.1,6785,2021-07-22 15:36:00,PAA
10.11,10.11,10.09,10.1,4551,2021-07-22 15:37:00,PAA
10.0967,10.11,10.0967,10.11,13600,2021-07-22 15:38:00,PAA
10.11,10.115,10.11,10.115,2901,2021-07-22 15:39:00,PAA
10.115,10.12,10.115,10.115,2408,2021-07-22 15:40:00,PAA
10.11,10.12,10.11,10.12,2029,2021-07-22 15:41:00,PAA
10.12,10.125,10.11,10.11,18136,2021-07-22 15:42:00,PAA
10.1001,10.12,10.1001,10.115,24630,2021-07-22 15:43:00,PAA
10.12,10.12,10.115,10.12,500,2021-07-22 15:44:00,PAA
10.12,10.13,10.12,10.125,8212,2021-07-22 15:45:00,PAA
10.13,10.14,10.125,10.13,8781,2021-07-22 15:46:00,PAA
10.13,10.13,10.125,10.125,900,2021-07-22 15:47:00,PAA
10.13,10.14,10.125,10.14,2500,2021-07-22 15:48:00,PAA
10.14,10.14,10.135,10.14,1800,2021-07-22 15:49:00,PAA
10.135,10.135,10.12,10.12,14543,2021-07-22 15:50:00,PAA
10.12,10.13,10.1135,10.121,9076,2021-07-22 15:51:00,PAA
10.125,10.125,10.1224,10.125,1400,2021-07-22 15:52:00,PAA
10.125,10.14,10.1201,10.14,4886,2021-07-22 15:53:00,PAA
10.14,10.15,10.135,10.15,1900,2021-07-22 15:54:00,PAA
10.14,10.145,10.13,10.135,10711,2021-07-22 15:55:00,PAA
10.14,10.15,10.14,10.15,1676,2021-07-22 15:56:00,PAA
10.145,10.15,10.145,10.15,600,2021-07-22 15:57:00,PAA
10.14,10.145,10.135,10.14,3108,2021-07-22 15:58:00,PAA
10.135,10.15,10.135,10.15,1449,2021-07-22 15:59:00,PAA
10.15,10.155,10.145,10.1514,4928,2021-07-22 16:00:00,PAA
10.16,10.16,10.15,10.15,5968,2021-07-22 16:01:00,PAA
10.145,10.16,10.1428,10.16,11288,2021-07-22 16:02:00,PAA
10.16,10.16,10.155,10.155,200,2021-07-22 16:03:00,PAA
10.16,10.165,10.14,10.14,14781,2021-07-22 16:04:00,PAA
10.15,10.15,10.14,10.14,4529,2021-07-22 16:05:00,PAA
10.14,10.14,10.14,10.14,200,2021-07-22 16:06:00,PAA
10.135,10.15,10.135,10.145,3361,2021-07-22 16:07:00,PAA
10.145,10.15,10.145,10.145,1000,2021-07-22 16:08:00,PAA
10.14,10.145,10.13,10.13,3900,2021-07-22 16:09:00,PAA
10.13,10.13,10.13,10.13,2034,2021-07-22 16:10:00,PAA
10.135,10.14,10.13,10.135,2600,2021-07-22 16:11:00,PAA
10.135,10.135,10.135,10.135,100,2021-07-22 16:12:00,PAA
10.135,10.135,10.13,10.13,4462,2021-07-22 16:13:00,PAA
10.13,10.13,10.13,10.13,300,2021-07-22 16:14:00,PAA
10.13,10.14,10.13,10.13,9657,2021-07-22 16:15:00,PAA
10.135,10.14,10.13,10.14,800,2021-07-22 16:16:00,PAA
10.14,10.14,10.14,10.14,1178,2021-07-22 16:17:00,PAA
10.14,10.14,10.135,10.135,600,2021-07-22 16:18:00,PAA
10.14,10.14,10.13,10.13,2139,2021-07-22 16:19:00,PAA
10.14,10.14,10.135,10.1365,800,2021-07-22 16:20:00,PAA
10.135,10.14,10.135,10.14,700,2021-07-22 16:21:00,PAA
10.1399,10.14,10.13,10.13,300,2021-07-22 16:22:00,PAA
10.139,10.14,10.1363,10.14,600,2021-07-22 16:23:00,PAA
10.13,10.14,10.11,10.11,13800,2021-07-22 16:24:00,PAA
10.12,10.125,10.11,10.125,7637,2021-07-22 16:25:00,PAA
10.13,10.14,10.13,10.14,6153,2021-07-22 16:26:00,PAA
10.14,10.15,10.14,10.15,13200,2021-07-22 16:27:00,PAA
10.15,10.15,10.15,10.15,1384,2021-07-22 16:28:00,PAA
10.15,10.16,10.15,10.1524,5019,2021-07-22 16:29:00,PAA
10.16,10.16,10.1501,10.16,3100,2021-07-22 16:30:00,PAA
10.16,10.18,10.16,10.18,2050,2021-07-22 16:31:00,PAA
10.18,10.18,10.175,10.18,550,2021-07-22 16:32:00,PAA
10.18,10.19,10.18,10.19,5027,2021-07-22 16:33:00,PAA
10.19,10.19,10.1801,10.19,2161,2021-07-22 16:34:00,PAA
10.2,10.2,10.2,10.2,4526,2021-07-22 16:35:00,PAA
10.2,10.2,10.2,10.2,1000,2021-07-22 16:36:00,PAA
10.2,10.21,10.2,10.21,1329,2021-07-22 16:37:00,PAA
10.21,10.21,10.2,10.21,1600,2021-07-22 16:38:00,PAA
10.21,10.215,10.21,10.215,2500,2021-07-22 16:39:00,PAA
10.21,10.24,10.21,10.24,14155,2021-07-22 16:40:00,PAA
10.23,10.235,10.22,10.225,19277,2021-07-22 16:41:00,PAA
10.22,10.225,10.21,10.22,21091,2021-07-22 16:42:00,PAA
10.215,10.22,10.215,10.22,2300,2021-07-22 16:43:00,PAA
10.22,10.225,10.22,10.225,900,2021-07-22 16:44:00,PAA
10.225,10.225,10.21,10.2154,13784,2021-07-22 16:45:00,PAA
10.215,10.215,10.215,10.215,400,2021-07-22 16:46:00,PAA
10.215,10.22,10.215,10.22,1500,2021-07-22 16:47:00,PAA
10.22,10.22,10.22,10.22,500,2021-07-22 16:48:00,PAA
10.22,10.23,10.22,10.225,8500,2021-07-22 16:49:00,PAA
10.23,10.23,10.22,10.2225,1750,2021-07-22 16:50:00,PAA
10.23,10.23,10.229,10.23,1104,2021-07-22 16:51:00,PAA
10.23,10.24,10.225,10.235,2736,2021-07-22 16:52:00,PAA
10.24,10.24,10.22,10.225,11359,2021-07-22 16:53:00,PAA
10.23,10.23,10.23,10.23,600,2021-07-22 16:54:00,PAA
10.2326,10.2326,10.23,10.23,2500,2021-07-22 16:55:00,PAA
10.23,10.24,10.23,10.24,1200,2021-07-22 16:56:00,PAA
10.24,10.24,10.23,10.235,1300,2021-07-22 16:57:00,PAA
10.235,10.24,10.23,10.24,2500,2021-07-22 16:58:00,PAA
10.24,10.25,10.2301,10.25,7147,2021-07-22 16:59:00,PAA
10.24,10.2457,10.24,10.2457,1900,2021-07-22 17:00:00,PAA
10.25,10.25,10.25,10.25,600,2021-07-22 17:01:00,PAA
10.2441,10.25,10.2441,10.25,300,2021-07-22 17:02:00,PAA
10.25,10.26,10.25,10.255,10100,2021-07-22 17:03:00,PAA
10.25,10.26,10.25,10.26,31686,2021-07-22 17:04:00,PAA
10.26,10.26,10.255,10.255,300,2021-07-22 17:05:00,PAA
10.26,10.27,10.26,10.27,12626,2021-07-22 17:06:00,PAA
10.27,10.27,10.27,10.27,400,2021-07-22 17:07:00,PAA
10.27,10.27,10.27,10.27,300,2021-07-22 17:08:00,PAA
10.27,10.27,10.27,10.27,1100,2021-07-22 17:09:00,PAA
10.27,10.27,10.27,10.27,1195,2021-07-22 17:10:00,PAA
10.27,10.27,10.27,10.27,100,2021-07-22 17:11:00,PAA
10.27,10.28,10.2694,10.28,4648,2021-07-22 17:12:00,PAA
10.28,10.28,10.28,10.28,700,2021-07-22 17:13:00,PAA
10.27,10.28,10.27,10.275,1728,2021-07-22 17:14:00,PAA
10.28,10.28,10.275,10.28,500,2021-07-22 17:15:00,PAA
10.28,10.28,10.27,10.27,8701,2021-07-22 17:16:00,PAA
10.265,10.265,10.26,10.26,1100,2021-07-22 17:17:00,PAA
10.26,10.265,10.255,10.255,10930,2021-07-22 17:18:00,PAA
10.26,10.26,10.24,10.24,4401,2021-07-22 17:19:00,PAA
10.245,10.245,10.23,10.235,3650,2021-07-22 17:20:00,PAA
10.235,10.24,10.23,10.24,5500,2021-07-22 17:21:00,PAA
10.235,10.24,10.22,10.225,15970,2021-07-22 17:22:00,PAA
10.22,10.2367,10.22,10.2367,6300,2021-07-22 17:23:00,PAA
10.23,10.24,10.23,10.24,600,2021-07-22 17:24:00,PAA
10.23,10.24,10.23,10.24,1071,2021-07-22 17:25:00,PAA
10.245,10.245,10.23,10.235,3100,2021-07-22 17:26:00,PAA
10.23,10.23,10.23,10.23,800,2021-07-22 17:27:00,PAA
10.23,10.235,10.23,10.235,400,2021-07-22 17:28:00,PAA
10.24,10.25,10.24,10.24,3600,2021-07-22 17:29:00,PAA
10.245,10.245,10.245,10.245,400,2021-07-22 17:30:00,PAA
10.25,10.25,10.2478,10.25,833,2021-07-22 17:31:00,PAA
10.24,10.25,10.24,10.245,6500,2021-07-22 17:32:00,PAA
10.245,10.25,10.245,10.245,1400,2021-07-22 17:33:00,PAA
10.24,10.26,10.24,10.26,7451,2021-07-22 17:34:00,PAA
10.26,10.26,10.25,10.25,900,2021-07-22 17:35:00,PAA
10.26,10.26,10.25,10.25,700,2021-07-22 17:36:00,PAA
10.26,10.26,10.25,10.2599,800,2021-07-22 17:37:00,PAA
10.255,10.26,10.24,10.24,12400,2021-07-22 17:38:00,PAA
10.2441,10.245,10.24,10.245,1673,2021-07-22 17:39:00,PAA
10.24,10.245,10.24,10.2435,7400,2021-07-22 17:40:00,PAA
10.2409,10.245,10.2409,10.245,400,2021-07-22 17:41:00,PAA
10.24,10.245,10.24,10.24,2300,2021-07-22 17:42:00,PAA
10.235,10.245,10.235,10.2401,6151,2021-07-22 17:43:00,PAA
10.25,10.25,10.245,10.245,772,2021-07-22 17:44:00,PAA
10.25,10.25,10.2411,10.25,1350,2021-07-22 17:45:00,PAA
10.245,10.25,10.24,10.2471,1600,2021-07-22 17:46:00,PAA
10.25,10.255,10.245,10.2501,3100,2021-07-22 17:47:00,PAA
10.255,10.26,10.255,10.26,628,2021-07-22 17:48:00,PAA
10.26,10.27,10.255,10.265,2879,2021-07-22 17:49:00,PAA
10.27,10.27,10.265,10.27,1000,2021-07-22 17:50:00,PAA
10.27,10.27,10.265,10.27,2707,2021-07-22 17:51:00,PAA
10.27,10.28,10.27,10.28,3101,2021-07-22 17:52:00,PAA
10.28,10.29,10.28,10.29,4209,2021-07-22 17:53:00,PAA
10.29,10.3,10.29,10.3,3600,2021-07-22 17:54:00,PAA
10.295,10.3,10.295,10.3,1200,2021-07-22 17:55:00,PAA
10.2975,10.3,10.295,10.3,1000,2021-07-22 17:56:00,PAA
10.2964,10.31,10.2964,10.31,4395,2021-07-22 17:57:00,PAA
10.31,10.31,10.31,10.31,700,2021-07-22 17:58:00,PAA
10.32,10.32,10.315,10.32,11532,2021-07-22 17:59:00,PAA
10.315,10.33,10.315,10.33,6884,2021-07-22 18:00:00,PAA
10.325,10.33,10.325,10.33,1400,2021-07-22 18:01:00,PAA
10.33,10.33,10.32,10.325,7500,2021-07-22 18:02:00,PAA
10.33,10.335,10.325,10.33,10012,2021-07-22 18:03:00,PAA
10.32,10.33,10.315,10.33,18810,2021-07-22 18:04:00,PAA
10.33,10.35,10.32,10.35,6000,2021-07-22 18:05:00,PAA
10.35,10.35,10.345,10.35,2400,2021-07-22 18:06:00,PAA
10.34,10.355,10.34,10.355,3283,2021-07-22 18:07:00,PAA
10.355,10.36,10.355,10.3581,7810,2021-07-22 18:08:00,PAA
10.3595,10.36,10.355,10.355,1200,2021-07-22 18:09:00,PAA
10.36,10.36,10.355,10.36,1000,2021-07-22 18:10:00,PAA
10.36,10.37,10.36,10.37,5100,2021-07-22 18:11:00,PAA
10.37,10.37,10.365,10.37,1000,2021-07-22 18:12:00,PAA
10.3601,10.37,10.3601,10.37,1900,2021-07-22 18:13:00,PAA
10.37,10.38,10.37,10.375,37755,2021-07-22 18:14:00,PAA
10.37,10.37,10.365,10.37,1900,2021-07-22 18:15:00,PAA
10.37,10.37,10.365,10.365,2100,2021-07-22 18:16:00,PAA
10.37,10.37,10.34,10.345,34497,2021-07-22 18:17:00,PAA
10.35,10.36,10.35,10.36,9609,2021-07-22 18:18:00,PAA
10.36,10.37,10.36,10.365,15515,2021-07-22 18:19:00,PAA
10.36,10.37,10.36,10.365,7080,2021-07-22 18:20:00,PAA
10.37,10.37,10.37,10.37,1200,2021-07-22 18:21:00,PAA
10.37,10.38,10.37,10.38,3394,2021-07-22 18:22:00,PAA
10.38,10.38,10.375,10.375,3725,2021-07-22 18:23:00,PAA
10.38,10.38,10.375,10.375,1400,2021-07-22 18:24:00,PAA
10.38,10.38,10.375,10.375,1400,2021-07-22 18:25:00,PAA
10.38,10.38,10.375,10.38,1625,2021-07-22 18:26:00,PAA
10.37,10.375,10.36,10.37,25450,2021-07-22 18:27:00,PAA
10.375,10.39,10.375,10.39,13580,2021-07-22 18:28:00,PAA
10.385,10.385,10.375,10.38,21083,2021-07-22 18:29:00,PAA
10.375,10.38,10.375,10.38,500,2021-07-22 18:30:00,PAA
10.38,10.38,10.375,10.375,2600,2021-07-22 18:31:00,PAA
10.38,10.39,10.38,10.39,3600,2021-07-22 18:32:00,PAA
10.39,10.39,10.385,10.39,1600,2021-07-22 18:33:00,PAA
10.39,10.39,10.375,10.375,9108,2021-07-22 18:34:00,PAA
10.375,10.38,10.375,10.375,1100,2021-07-22 18:35:00,PAA
10.375,10.38,10.375,10.375,1000,2021-07-22 18:36:00,PAA
10.38,10.39,10.38,10.39,3600,2021-07-22 18:37:00,PAA
10.39,10.39,10.38,10.39,4100,2021-07-22 18:38:00,PAA
10.39,10.39,10.375,10.375,8401,2021-07-22 18:39:00,PAA
10.375,10.375,10.36,10.3671,13618,2021-07-22 18:40:00,PAA
10.37,10.37,10.365,10.367,1800,2021-07-22 18:41:00,PAA
10.37,10.38,10.37,10.38,5442,2021-07-22 18:42:00,PAA
10.38,10.38,10.37,10.375,1400,2021-07-22 18:43:00,PAA
10.37,10.38,10.37,10.37,8557,2021-07-22 18:44:00,PAA
10.365,10.37,10.365,10.37,1800,2021-07-22 18:45:00,PAA
10.37,10.37,10.365,10.37,800,2021-07-22 18:46:00,PAA
10.37,10.39,10.37,10.38,50641,2021-07-22 18:47:00,PAA
10.3744,10.38,10.37,10.375,9020,2021-07-22 18:48:00,PAA
10.38,10.38,10.375,10.375,600,2021-07-22 18:49:00,PAA
10.3736,10.375,10.36,10.36,16992,2021-07-22 18:50:00,PAA
10.365,10.37,10.36,10.365,3911,2021-07-22 18:51:00,PAA
10.36,10.37,10.35,10.37,22771,2021-07-22 18:52:00,PAA
10.37,10.37,10.365,10.365,900,2021-07-22 18:53:00,PAA
10.37,10.37,10.3637,10.365,890,2021-07-22 18:54:00,PAA
10.37,10.37,10.34,10.345,22563,2021-07-22 18:55:00,PAA
10.35,10.35,10.34,10.34,6770,2021-07-22 18:56:00,PAA
10.345,10.345,10.34,10.34,1729,2021-07-22 18:57:00,PAA
10.345,10.35,10.345,10.345,1150,2021-07-22 18:58:00,PAA
10.35,10.36,10.35,10.36,6008,2021-07-22 18:59:00,PAA
10.36,10.365,10.345,10.345,9805,2021-07-22 19:00:00,PAA
10.345,10.355,10.345,10.355,2751,2021-07-22 19:01:00,PAA
10.35,10.3565,10.35,10.355,1928,2021-07-22 19:02:00,PAA
10.355,10.36,10.35,10.36,1992,2021-07-22 19:03:00,PAA
10.36,10.36,10.355,10.355,800,2021-07-22 19:04:00,PAA
10.36,10.36,10.35,10.36,1100,2021-07-22 19:05:00,PAA
10.36,10.36,10.345,10.36,21591,2021-07-22 19:06:00,PAA
10.36,10.36,10.355,10.36,1000,2021-07-22 19:07:00,PAA
10.36,10.36,10.355,10.36,1300,2021-07-22 19:08:00,PAA
10.36,10.37,10.36,10.365,4558,2021-07-22 19:09:00,PAA
10.37,10.37,10.36,10.365,3500,2021-07-22 19:10:00,PAA
10.36,10.37,10.36,10.36,3745,2021-07-22 19:11:00,PAA
10.37,10.37,10.365,10.37,1400,2021-07-22 19:12:00,PAA
10.365,10.37,10.36,10.36,1000,2021-07-22 19:13:00,PAA
10.36,10.37,10.36,10.37,2280,2021-07-22 19:14:00,PAA
10.365,10.37,10.3631,10.37,2880,2021-07-22 19:15:00,PAA
10.37,10.37,10.365,10.365,1300,2021-07-22 19:16:00,PAA
10.37,10.37,10.365,10.365,2000,2021-07-22 19:17:00,PAA
10.365,10.38,10.365,10.38,4800,2021-07-22 19:18:00,PAA
10.38,10.38,10.375,10.38,1800,2021-07-22 19:19:00,PAA
10.38,10.38,10.375,10.38,2300,2021-07-22 19:20:00,PAA
10.38,10.38,10.375,10.38,3800,2021-07-22 19:21:00,PAA
10.38,10.38,10.3743,10.38,3900,2021-07-22 19:22:00,PAA
10.38,10.38,10.3739,10.38,3650,2021-07-22 19:23:00,PAA
10.38,10.38,10.36,10.365,27471,2021-07-22 19:24:00,PAA
10.365,10.365,10.3642,10.365,1329,2021-07-22 19:25:00,PAA
10.365,10.37,10.36,10.365,2890,2021-07-22 19:26:00,PAA
10.365,10.38,10.365,10.38,15021,2021-07-22 19:27:00,PAA
10.38,10.38,10.375,10.38,3800,2021-07-22 19:28:00,PAA
10.375,10.375,10.36,10.365,45753,2021-07-22 19:29:00,PAA
10.365,10.365,10.33,10.335,33263,2021-07-22 19:30:00,PAA
10.33,10.335,10.31,10.31,11980,2021-07-22 19:31:00,PAA
10.315,10.32,10.31,10.315,5350,2021-07-22 19:32:00,PAA
10.31,10.315,10.31,10.31,6000,2021-07-22 19:33:00,PAA
10.31,10.315,10.31,10.315,4900,2021-07-22 19:34:00,PAA
10.31,10.315,10.29,10.295,25974,2021-07-22 19:35:00,PAA
10.3,10.3,10.28,10.28,16949,2021-07-22 19:36:00,PAA
10.28,10.29,10.275,10.285,14998,2021-07-22 19:37:00,PAA
10.28,10.29,10.28,10.29,16700,2021-07-22 19:38:00,PAA
10.285,10.29,10.28,10.29,4200,2021-07-22 19:39:00,PAA
10.285,10.29,10.27,10.275,13992,2021-07-22 19:40:00,PAA
10.275,10.28,10.27,10.275,6441,2021-07-22 19:41:00,PAA
10.275,10.275,10.27,10.275,8600,2021-07-22 19:42:00,PAA
10.27,10.275,10.26,10.26,13336,2021-07-22 19:43:00,PAA
10.26,10.265,10.26,10.26,6947,2021-07-22 19:44:00,PAA
10.26,10.28,10.26,10.275,38127,2021-07-22 19:45:00,PAA
10.275,10.28,10.27,10.275,11050,2021-07-22 19:46:00,PAA
10.28,10.28,10.27,10.275,12310,2021-07-22 19:47:00,PAA
10.28,10.28,10.27,10.28,10914,2021-07-22 19:48:00,PAA
10.28,10.28,10.27,10.28,25860,2021-07-22 19:49:00,PAA
10.27,10.275,10.26,10.26,36907,2021-07-22 19:50:00,PAA
10.265,10.27,10.26,10.265,15523,2021-07-22 19:51:00,PAA
10.27,10.27,10.26,10.27,15226,2021-07-22 19:52:00,PAA
10.27,10.28,10.265,10.265,65459,2021-07-22 19:53:00,PAA
10.27,10.27,10.26,10.265,15339,2021-07-22 19:54:00,PAA
10.265,10.27,10.26,10.265,22450,2021-07-22 19:55:00,PAA
10.27,10.28,10.265,10.275,68858,2021-07-22 19:56:00,PAA
10.27,10.29,10.27,10.29,42010,2021-07-22 19:57:00,PAA
10.2844,10.295,10.28,10.285,85064,2021-07-22 19:58:00,PAA
10.28,10.29,10.26,10.27,105119,2021-07-22 19:59:00,PAA
10.26,10.26,10.26,10.26,116030,2021-07-22 20:00:00,PAA
10.27,10.27,10.27,10.27,215,2021-07-22 20:44:00,PAA
10.25,10.25,10.25,10.25,990,2021-07-22 21:13:00,PAA
10.26,10.26,10.26,10.26,16898,2021-07-22 21:21:00,PAA
10.45,10.45,10.27,10.27,1091,2021-07-23 12:01:00,PAA
10.31,10.35,10.31,10.35,600,2021-07-23 12:02:00,PAA
10.4,10.4,10.315,10.315,10554,2021-07-23 13:30:00,PAA
10.33,10.33,10.28,10.28,16080,2021-07-23 13:31:00,PAA
10.28,10.28,10.27,10.27,4510,2021-07-23 13:32:00,PAA
10.27,10.28,10.27,10.28,500,2021-07-23 13:33:00,PAA
10.2807,10.3,10.2807,10.3,4800,2021-07-23 13:34:00,PAA
10.33,10.36,10.31,10.35,22692,2021-07-23 13:35:00,PAA
10.345,10.36,10.3,10.3,5308,2021-07-23 13:36:00,PAA
10.3,10.3,10.26,10.27,3653,2021-07-23 13:37:00,PAA
10.26,10.305,10.255,10.3,9786,2021-07-23 13:38:00,PAA
10.29,10.31,10.29,10.3,3117,2021-07-23 13:39:00,PAA
10.3,10.32,10.2901,10.305,44650,2021-07-23 13:40:00,PAA
10.3,10.335,10.3,10.325,54752,2021-07-23 13:41:00,PAA
10.32,10.36,10.32,10.33,49374,2021-07-23 13:42:00,PAA
10.3401,10.355,10.34,10.355,12011,2021-07-23 13:43:00,PAA
10.36,10.395,10.36,10.385,11323,2021-07-23 13:44:00,PAA
10.39,10.39,10.3601,10.365,14442,2021-07-23 13:45:00,PAA
10.37,10.3702,10.3,10.3,14674,2021-07-23 13:46:00,PAA
10.3,10.3,10.26,10.27,7195,2021-07-23 13:47:00,PAA
10.2795,10.28,10.24,10.24,9023,2021-07-23 13:48:00,PAA
10.24,10.24,10.22,10.22,3014,2021-07-23 13:49:00,PAA
10.22,10.245,10.19,10.235,86939,2021-07-23 13:50:00,PAA
10.23,10.235,10.2201,10.222,8623,2021-07-23 13:51:00,PAA
10.22,10.22,10.205,10.205,6564,2021-07-23 13:52:00,PAA
10.2093,10.21,10.175,10.18,5386,2021-07-23 13:53:00,PAA
10.18,10.2,10.18,10.2,1700,2021-07-23 13:54:00,PAA
10.21,10.22,10.205,10.21,2385,2021-07-23 13:55:00,PAA
10.21,10.21,10.195,10.2,19501,2021-07-23 13:56:00,PAA
10.2,10.225,10.2,10.205,5923,2021-07-23 13:57:00,PAA
10.205,10.21,10.17,10.18,23424,2021-07-23 13:58:00,PAA
10.17,10.17,10.1599,10.16,6564,2021-07-23 13:59:00,PAA
10.155,10.17,10.145,10.15,31869,2021-07-23 14:00:00,PAA
10.155,10.16,10.1439,10.145,13411,2021-07-23 14:01:00,PAA
10.15,10.165,10.15,10.15,14791,2021-07-23 14:02:00,PAA
10.14,10.1864,10.14,10.1864,11165,2021-07-23 14:03:00,PAA
10.19,10.215,10.19,10.2,10597,2021-07-23 14:04:00,PAA
10.19,10.19,10.17,10.18,5534,2021-07-23 14:05:00,PAA
10.18,10.21,10.18,10.205,43111,2021-07-23 14:06:00,PAA
10.205,10.21,10.2,10.2,2867,2021-07-23 14:07:00,PAA
10.2001,10.21,10.19,10.2,11000,2021-07-23 14:08:00,PAA
10.2,10.21,10.2,10.2,6134,2021-07-23 14:09:00,PAA
10.2,10.22,10.2,10.22,13610,2021-07-23 14:10:00,PAA
10.22,10.225,10.195,10.195,5851,2021-07-23 14:11:00,PAA
10.195,10.21,10.19,10.21,7400,2021-07-23 14:12:00,PAA
10.21,10.21,10.18,10.18,2440,2021-07-23 14:13:00,PAA
10.19,10.21,10.185,10.21,43547,2021-07-23 14:14:00,PAA
10.21,10.225,10.19,10.2,14374,2021-07-23 14:15:00,PAA
10.2,10.22,10.195,10.21,9653,2021-07-23 14:16:00,PAA
10.22,10.265,10.22,10.2599,12330,2021-07-23 14:17:00,PAA
10.26,10.26,10.24,10.245,6154,2021-07-23 14:18:00,PAA
10.25,10.26,10.25,10.26,3200,2021-07-23 14:19:00,PAA
10.255,10.255,10.22,10.2217,10164,2021-07-23 14:20:00,PAA
10.225,10.23,10.22,10.23,20387,2021-07-23 14:21:00,PAA
10.2361,10.25,10.2361,10.25,1900,2021-07-23 14:22:00,PAA
10.25,10.265,10.245,10.264,6341,2021-07-23 14:23:00,PAA
10.26,10.275,10.26,10.27,6700,2021-07-23 14:24:00,PAA
10.27,10.28,10.2633,10.28,1682,2021-07-23 14:25:00,PAA
10.28,10.29,10.27,10.2701,25325,2021-07-23 14:26:00,PAA
10.275,10.29,10.27,10.29,8876,2021-07-23 14:27:00,PAA
10.29,10.305,10.29,10.3,3600,2021-07-23 14:28:00,PAA
10.3,10.3099,10.3,10.3,3700,2021-07-23 14:29:00,PAA
10.305,10.305,10.265,10.265,19053,2021-07-23 14:30:00,PAA
10.26,10.28,10.26,10.26,5548,2021-07-23 14:31:00,PAA
10.2696,10.28,10.26,10.27,6979,2021-07-23 14:32:00,PAA
10.27,10.27,10.27,10.27,1000,2021-07-23 14:33:00,PAA
10.28,10.295,10.28,10.295,1262,2021-07-23 14:34:00,PAA
10.295,10.31,10.295,10.31,3500,2021-07-23 14:35:00,PAA
10.31,10.33,10.31,10.33,2600,2021-07-23 14:36:00,PAA
10.32,10.325,10.3,10.31,9738,2021-07-23 14:37:00,PAA
10.31,10.32,10.29,10.3,43592,2021-07-23 14:38:00,PAA
10.31,10.31,10.3,10.3,9663,2021-07-23 14:39:00,PAA
10.3,10.33,10.3,10.33,13661,2021-07-23 14:40:00,PAA
10.33,10.335,10.33,10.33,3124,2021-07-23 14:41:00,PAA
10.33,10.33,10.32,10.32,1822,2021-07-23 14:42:00,PAA
10.325,10.325,10.32,10.3206,2600,2021-07-23 14:43:00,PAA
10.33,10.33,10.325,10.325,900,2021-07-23 14:44:00,PAA
10.33,10.33,10.31,10.32,7525,2021-07-23 14:45:00,PAA
10.315,10.32,10.31,10.3121,2973,2021-07-23 14:46:00,PAA
10.31,10.31,10.2898,10.295,44842,2021-07-23 14:47:00,PAA
10.295,10.2999,10.29,10.295,3400,2021-07-23 14:48:00,PAA
10.29,10.3,10.2874,10.3,16431,2021-07-23 14:49:00,PAA
10.305,10.315,10.305,10.315,80998,2021-07-23 14:50:00,PAA
10.32,10.3295,10.32,10.32,6995,2021-07-23 14:51:00,PAA
10.325,10.325,10.29,10.3,9063,2021-07-23 14:52:00,PAA
10.31,10.31,10.31,10.31,1600,2021-07-23 14:53:00,PAA
10.32,10.32,10.31,10.31,1559,2021-07-23 14:54:00,PAA
10.31,10.32,10.3099,10.32,1500,2021-07-23 14:55:00,PAA
10.32,10.32,10.3138,10.32,2444,2021-07-23 14:56:00,PAA
10.325,10.337,10.325,10.33,6200,2021-07-23 14:57:00,PAA
10.34,10.345,10.33,10.33,7520,2021-07-23 14:58:00,PAA
10.335,10.35,10.33,10.35,9662,2021-07-23 14:59:00,PAA
10.3433,10.365,10.34,10.365,8200,2021-07-23 15:00:00,PAA
10.36,10.37,10.36,10.365,2910,2021-07-23 15:01:00,PAA
10.37,10.37,10.352,10.355,19944,2021-07-23 15:02:00,PAA
10.355,10.36,10.355,10.36,1200,2021-07-23 15:03:00,PAA
10.36,10.36,10.355,10.355,1000,2021-07-23 15:04:00,PAA
10.355,10.36,10.35,10.36,10093,2021-07-23 15:05:00,PAA
10.36,10.375,10.36,10.37,30574,2021-07-23 15:06:00,PAA
10.3699,10.37,10.36,10.368,39182,2021-07-23 15:07:00,PAA
10.365,10.365,10.36,10.36,4364,2021-07-23 15:08:00,PAA
10.3531,10.36,10.3531,10.355,1600,2021-07-23 15:09:00,PAA
10.36,10.36,10.3098,10.3099,22814,2021-07-23 15:10:00,PAA
10.31,10.31,10.29,10.2902,2200,2021-07-23 15:11:00,PAA
10.29,10.29,10.29,10.29,200,2021-07-23 15:12:00,PAA
10.295,10.295,10.285,10.285,2508,2021-07-23 15:13:00,PAA
10.28,10.28,10.265,10.27,4876,2021-07-23 15:14:00,PAA
10.275,10.28,10.275,10.275,550,2021-07-23 15:15:00,PAA
10.28,10.2908,10.275,10.29,22092,2021-07-23 15:16:00,PAA
10.2816,10.2816,10.27,10.27,7344,2021-07-23 15:17:00,PAA
10.27,10.27,10.255,10.26,2409,2021-07-23 15:18:00,PAA
10.25,10.25,10.24,10.24,10520,2021-07-23 15:19:00,PAA
10.245,10.255,10.245,10.255,2400,2021-07-23 15:20:00,PAA
10.255,10.26,10.25,10.2599,5600,2021-07-23 15:21:00,PAA
10.25,10.25,10.25,10.25,4004,2021-07-23 15:22:00,PAA
10.25,10.26,10.245,10.26,6253,2021-07-23 15:23:00,PAA
10.255,10.255,10.24,10.24,5600,2021-07-23 15:24:00,PAA
10.24,10.25,10.24,10.2458,1143,2021-07-23 15:25:00,PAA
10.25,10.26,10.25,10.25,8266,2021-07-23 15:26:00,PAA
10.24,10.24,10.24,10.24,500,2021-07-23 15:27:00,PAA
10.245,10.25,10.245,10.25,600,2021-07-23 15:28:00,PAA
10.245,10.255,10.245,10.25,1600,2021-07-23 15:29:00,PAA
10.255,10.26,10.25,10.26,3044,2021-07-23 15:30:00,PAA
10.26,10.27,10.26,10.265,3733,2021-07-23 15:31:00,PAA
10.27,10.275,10.27,10.27,3255,2021-07-23 15:32:00,PAA
10.27,10.275,10.27,10.27,500,2021-07-23 15:33:00,PAA
10.275,10.275,10.26,10.26,6696,2021-07-23 15:34:00,PAA
10.26,10.27,10.26,10.26,6400,2021-07-23 15:35:00,PAA
10.26,10.27,10.25,10.27,5897,2021-07-23 15:36:00,PAA
10.27,10.27,10.27,10.27,300,2021-07-23 15:37:00,PAA
10.27,10.28,10.2681,10.275,3700,2021-07-23 15:39:00,PAA
10.27,10.28,10.27,10.275,12629,2021-07-23 15:40:00,PAA
10.275,10.275,10.27,10.27,1462,2021-07-23 15:41:00,PAA
10.275,10.275,10.26,10.27,4936,2021-07-23 15:42:00,PAA
10.26,10.26,10.24,10.24,8369,2021-07-23 15:43:00,PAA
10.24,10.24,10.22,10.225,14224,2021-07-23 15:44:00,PAA
10.22,10.226,10.22,10.22,1650,2021-07-23 15:45:00,PAA
10.225,10.2299,10.21,10.21,10325,2021-07-23 15:46:00,PAA
10.21,10.21,10.2,10.2,5103,2021-07-23 15:47:00,PAA
10.19,10.2,10.19,10.19,3900,2021-07-23 15:48:00,PAA
10.19,10.21,10.18,10.21,53639,2021-07-23 15:49:00,PAA
10.205,10.21,10.2,10.21,9955,2021-07-23 15:50:00,PAA
10.21,10.21,10.2,10.2,400,2021-07-23 15:51:00,PAA
10.2,10.209,10.2,10.2,3980,2021-07-23 15:52:00,PAA
10.19,10.1901,10.18,10.18,4500,2021-07-23 15:53:00,PAA
10.18,10.195,10.18,10.19,3463,2021-07-23 15:54:00,PAA
10.1901,10.1964,10.19,10.19,785,2021-07-23 15:55:00,PAA
10.195,10.195,10.19,10.19,485,2021-07-23 15:56:00,PAA
10.19,10.195,10.19,10.19,484,2021-07-23 15:57:00,PAA
10.19,10.195,10.18,10.18,2561,2021-07-23 15:58:00,PAA
10.18,10.19,10.18,10.185,3600,2021-07-23 15:59:00,PAA
10.19,10.19,10.18,10.19,2260,2021-07-23 16:00:00,PAA
10.185,10.185,10.18,10.185,1800,2021-07-23 16:01:00,PAA
10.19,10.205,10.19,10.2,6000,2021-07-23 16:02:00,PAA
10.205,10.205,10.2,10.2,200,2021-07-23 16:03:00,PAA
10.2,10.2,10.19,10.1966,3226,2021-07-23 16:04:00,PAA
10.1913,10.2,10.1913,10.2,5100,2021-07-23 16:05:00,PAA
10.21,10.215,10.2031,10.215,3861,2021-07-23 16:06:00,PAA
10.2118,10.22,10.2118,10.215,49068,2021-07-23 16:07:00,PAA
10.22,10.22,10.22,10.22,300,2021-07-23 16:08:00,PAA
10.22,10.2278,10.2185,10.2278,9200,2021-07-23 16:09:00,PAA
10.225,10.225,10.22,10.22,1280,2021-07-23 16:10:00,PAA
10.23,10.23,10.225,10.225,400,2021-07-23 16:11:00,PAA
10.225,10.235,10.225,10.2316,8097,2021-07-23 16:12:00,PAA
10.24,10.265,10.235,10.25,30857,2021-07-23 16:13:00,PAA
10.2511,10.2511,10.22,10.225,34009,2021-07-23 16:14:00,PAA
10.22,10.22,10.22,10.22,4400,2021-07-23 16:15:00,PAA
10.22,10.23,10.22,10.2224,5793,2021-07-23 16:16:00,PAA
10.22,10.225,10.22,10.22,1000,2021-07-23 16:17:00,PAA
10.22,10.22,10.21,10.21,4373,2021-07-23 16:18:00,PAA
10.21,10.21,10.2,10.2,4301,2021-07-23 16:19:00,PAA
10.195,10.21,10.195,10.205,2800,2021-07-23 16:20:00,PAA
10.2,10.205,10.195,10.1984,4570,2021-07-23 16:21:00,PAA
10.195,10.2,10.195,10.1972,778,2021-07-23 16:22:00,PAA
10.195,10.195,10.1932,10.1932,500,2021-07-23 16:23:00,PAA
10.19,10.1961,10.19,10.1961,1234,2021-07-23 16:24:00,PAA
10.195,10.195,10.19,10.19,1060,2021-07-23 16:25:00,PAA
10.19,10.19,10.18,10.19,2255,2021-07-23 16:26:00,PAA
10.1875,10.2,10.18,10.2,2166,2021-07-23 16:27:00,PAA
10.2,10.2,10.2,10.2,500,2021-07-23 16:28:00,PAA
10.195,10.1999,10.19,10.19,9613,2021-07-23 16:29:00,PAA
10.195,10.215,10.195,10.215,14212,2021-07-23 16:30:00,PAA
10.215,10.215,10.21,10.21,4699,2021-07-23 16:31:00,PAA
10.21,10.21,10.19,10.19,8626,2021-07-23 16:32:00,PAA
10.19,10.19,10.185,10.19,3405,2021-07-23 16:33:00,PAA
10.19,10.19,10.18,10.18,1941,2021-07-23 16:35:00,PAA
10.18,10.18,10.18,10.18,200,2021-07-23 16:36:00,PAA
10.18,10.18,10.17,10.18,5224,2021-07-23 16:37:00,PAA
10.18,10.18,10.17,10.17,2133,2021-07-23 16:38:00,PAA
10.17,10.17,10.165,10.17,4581,2021-07-23 16:39:00,PAA
10.18,10.18,10.175,10.18,400,2021-07-23 16:40:00,PAA
10.175,10.175,10.175,10.175,100,2021-07-23 16:41:00,PAA
10.175,10.175,10.17,10.175,700,2021-07-23 16:42:00,PAA
10.175,10.175,10.17,10.175,2366,2021-07-23 16:43:00,PAA
10.17,10.175,10.17,10.175,400,2021-07-23 16:44:00,PAA
10.175,10.18,10.17,10.17,6456,2021-07-23 16:45:00,PAA
10.17,10.175,10.17,10.17,456,2021-07-23 16:46:00,PAA
10.1728,10.175,10.17,10.17,1041,2021-07-23 16:47:00,PAA
10.175,10.19,10.17,10.19,5853,2021-07-23 16:48:00,PAA
10.185,10.19,10.16,10.1688,8442,2021-07-23 16:49:00,PAA
10.1699,10.17,10.165,10.17,3800,2021-07-23 16:50:00,PAA
10.18,10.18,10.175,10.175,1100,2021-07-23 16:51:00,PAA
10.175,10.175,10.175,10.175,100,2021-07-23 16:52:00,PAA
10.18,10.18,10.17,10.18,1126,2021-07-23 16:53:00,PAA
10.175,10.18,10.175,10.18,400,2021-07-23 16:54:00,PAA
10.175,10.18,10.17,10.17,2400,2021-07-23 16:55:00,PAA
10.18,10.18,10.17,10.175,14345,2021-07-23 16:56:00,PAA
10.17,10.17,10.155,10.16,7480,2021-07-23 16:57:00,PAA
10.16,10.1601,10.16,10.16,600,2021-07-23 16:58:00,PAA
10.1651,10.1651,10.1651,10.1651,199,2021-07-23 16:59:00,PAA
10.16,10.16,10.155,10.16,3433,2021-07-23 17:00:00,PAA
10.16,10.165,10.15,10.15,13392,2021-07-23 17:01:00,PAA
10.145,10.16,10.1401,10.16,4400,2021-07-23 17:02:00,PAA
10.1583,10.17,10.1583,10.165,4217,2021-07-23 17:03:00,PAA
10.17,10.185,10.17,10.185,6314,2021-07-23 17:04:00,PAA
10.18,10.18,10.175,10.18,3626,2021-07-23 17:05:00,PAA
10.18,10.18,10.1737,10.18,3011,2021-07-23 17:06:00,PAA
10.178,10.19,10.178,10.19,11219,2021-07-23 17:07:00,PAA
10.1801,10.185,10.18,10.18,979,2021-07-23 17:08:00,PAA
10.1877,10.195,10.1877,10.1915,6400,2021-07-23 17:09:00,PAA
10.195,10.205,10.19,10.1959,6687,2021-07-23 17:10:00,PAA
10.195,10.195,10.195,10.195,593,2021-07-23 17:11:00,PAA
10.2,10.215,10.2,10.21,39975,2021-07-23 17:12:00,PAA
10.205,10.207,10.19,10.2,33742,2021-07-23 17:13:00,PAA
10.2,10.205,10.2,10.205,1542,2021-07-23 17:14:00,PAA
10.2,10.2,10.2,10.2,800,2021-07-23 17:15:00,PAA
10.205,10.21,10.2,10.21,11202,2021-07-23 17:16:00,PAA
10.2199,10.235,10.215,10.2325,6144,2021-07-23 17:17:00,PAA
10.24,10.24,10.235,10.235,6887,2021-07-23 17:18:00,PAA
10.24,10.245,10.23,10.235,13981,2021-07-23 17:19:00,PAA
10.24,10.24,10.235,10.235,200,2021-07-23 17:20:00,PAA
10.235,10.24,10.235,10.2399,4875,2021-07-23 17:21:00,PAA
10.24,10.245,10.24,10.24,9461,2021-07-23 17:22:00,PAA
10.235,10.235,10.235,10.235,500,2021-07-23 17:23:00,PAA
10.235,10.24,10.235,10.235,300,2021-07-23 17:24:00,PAA
10.24,10.24,10.235,10.235,6647,2021-07-23 17:25:00,PAA
10.24,10.24,10.235,10.24,1350,2021-07-23 17:26:00,PAA
10.2385,10.2385,10.235,10.235,1000,2021-07-23 17:27:00,PAA
10.2301,10.235,10.225,10.2298,7981,2021-07-23 17:28:00,PAA
10.22,10.23,10.21,10.23,14146,2021-07-23 17:29:00,PAA
10.225,10.23,10.225,10.23,400,2021-07-23 17:30:00,PAA
10.23,10.23,10.23,10.23,200,2021-07-23 17:31:00,PAA
10.23,10.23,10.225,10.23,5089,2021-07-23 17:32:00,PAA
10.24,10.25,10.235,10.25,11637,2021-07-23 17:33:00,PAA
10.24,10.25,10.24,10.25,7600,2021-07-23 17:34:00,PAA
10.2492,10.26,10.245,10.2587,15014,2021-07-23 17:35:00,PAA
10.255,10.26,10.255,10.26,9337,2021-07-23 17:36:00,PAA
10.265,10.27,10.26,10.2686,17972,2021-07-23 17:37:00,PAA
10.27,10.27,10.25,10.255,21662,2021-07-23 17:38:00,PAA
10.253,10.26,10.25,10.255,5306,2021-07-23 17:39:00,PAA
10.25,10.255,10.25,10.255,800,2021-07-23 17:40:00,PAA
10.25,10.255,10.25,10.25,700,2021-07-23 17:41:00,PAA
10.255,10.255,10.25,10.255,1056,2021-07-23 17:42:00,PAA
10.255,10.255,10.25,10.255,7084,2021-07-23 17:43:00,PAA
10.25,10.26,10.25,10.255,2200,2021-07-23 17:44:00,PAA
10.252,10.255,10.25,10.255,1339,2021-07-23 17:45:00,PAA
10.25,10.25,10.25,10.25,100,2021-07-23 17:46:00,PAA
10.2599,10.26,10.25,10.255,2200,2021-07-23 17:47:00,PAA
10.25,10.255,10.25,10.255,420,2021-07-23 17:48:00,PAA
10.26,10.28,10.25,10.27,16400,2021-07-23 17:49:00,PAA
10.27,10.28,10.27,10.27,15126,2021-07-23 17:50:00,PAA
10.28,10.28,10.275,10.275,600,2021-07-23 17:51:00,PAA
10.275,10.28,10.27,10.275,2475,2021-07-23 17:52:00,PAA
10.27,10.275,10.235,10.24,87044,2021-07-23 17:53:00,PAA
10.24,10.24,10.23,10.235,3723,2021-07-23 17:54:00,PAA
10.235,10.24,10.23,10.24,12546,2021-07-23 17:55:00,PAA
10.24,10.25,10.24,10.245,2400,2021-07-23 17:56:00,PAA
10.24,10.245,10.24,10.245,600,2021-07-23 17:57:00,PAA
10.24,10.247,10.24,10.245,950,2021-07-23 17:58:00,PAA
10.245,10.245,10.225,10.24,16771,2021-07-23 17:59:00,PAA
10.24,10.24,10.22,10.22,5997,2021-07-23 18:00:00,PAA
10.22,10.22,10.21,10.21,4864,2021-07-23 18:01:00,PAA
10.215,10.2166,10.215,10.215,1700,2021-07-23 18:02:00,PAA
10.22,10.22,10.21,10.2193,500,2021-07-23 18:03:00,PAA
10.215,10.2199,10.2,10.2099,20845,2021-07-23 18:04:00,PAA
10.21,10.22,10.21,10.215,2701,2021-07-23 18:05:00,PAA
10.21,10.215,10.21,10.21,2290,2021-07-23 18:06:00,PAA
10.215,10.23,10.215,10.2269,8747,2021-07-23 18:07:00,PAA
10.23,10.25,10.23,10.25,22952,2021-07-23 18:08:00,PAA
10.24,10.25,10.24,10.25,700,2021-07-23 18:10:00,PAA
10.25,10.265,10.25,10.265,2409,2021-07-23 18:11:00,PAA
10.265,10.275,10.265,10.275,3000,2021-07-23 18:13:00,PAA
10.28,10.29,10.275,10.275,18853,2021-07-23 18:14:00,PAA
10.275,10.275,10.275,10.275,100,2021-07-23 18:15:00,PAA
10.275,10.275,10.27,10.27,200,2021-07-23 18:16:00,PAA
10.27,10.2702,10.26,10.2601,8260,2021-07-23 18:17:00,PAA
10.26,10.27,10.26,10.27,400,2021-07-23 18:18:00,PAA
10.27,10.27,10.265,10.265,300,2021-07-23 18:19:00,PAA
10.26,10.27,10.26,10.27,400,2021-07-23 18:20:00,PAA
10.26,10.27,10.26,10.27,800,2021-07-23 18:21:00,PAA
10.26,10.27,10.26,10.27,200,2021-07-23 18:22:00,PAA
10.265,10.27,10.26,10.27,2000,2021-07-23 18:23:00,PAA
10.26,10.265,10.26,10.26,500,2021-07-23 18:24:00,PAA
10.26,10.275,10.26,10.26,17549,2021-07-23 18:25:00,PAA
10.26,10.26,10.26,10.26,100,2021-07-23 18:26:00,PAA
10.26,10.26,10.25,10.26,6731,2021-07-23 18:28:00,PAA
10.26,10.26,10.26,10.26,200,2021-07-23 18:29:00,PAA
10.251,10.285,10.251,10.28,10751,2021-07-23 18:30:00,PAA
10.28,10.28,10.2729,10.28,2699,2021-07-23 18:31:00,PAA
10.2765,10.29,10.2765,10.28,2250,2021-07-23 18:32:00,PAA
10.28,10.285,10.28,10.2818,550,2021-07-23 18:33:00,PAA
10.28,10.285,10.28,10.285,500,2021-07-23 18:34:00,PAA
10.285,10.29,10.285,10.2888,800,2021-07-23 18:35:00,PAA
10.28,10.29,10.28,10.29,200,2021-07-23 18:36:00,PAA
10.29,10.29,10.2882,10.29,3300,2021-07-23 18:37:00,PAA
10.3,10.31,10.3,10.31,13700,2021-07-23 18:38:00,PAA
10.31,10.315,10.31,10.315,6568,2021-07-23 18:39:00,PAA
10.31,10.3167,10.3,10.3,10072,2021-07-23 18:40:00,PAA
10.3,10.3,10.3,10.3,1200,2021-07-23 18:41:00,PAA
10.3011,10.31,10.3011,10.31,4940,2021-07-23 18:42:00,PAA
10.305,10.3084,10.3,10.3,3830,2021-07-23 18:43:00,PAA
10.31,10.315,10.31,10.315,1200,2021-07-23 18:44:00,PAA
10.31,10.31,10.3,10.3,5075,2021-07-23 18:45:00,PAA
10.3,10.31,10.3,10.31,200,2021-07-23 18:46:00,PAA
10.3,10.31,10.3,10.3022,4400,2021-07-23 18:47:00,PAA
10.31,10.32,10.31,10.32,1700,2021-07-23 18:48:00,PAA
10.32,10.32,10.32,10.32,100,2021-07-23 18:49:00,PAA
10.32,10.325,10.31,10.31,19619,2021-07-23 18:50:00,PAA
10.32,10.32,10.31,10.3132,1300,2021-07-23 18:51:00,PAA
10.32,10.33,10.32,10.33,1900,2021-07-23 18:52:00,PAA
10.325,10.33,10.32,10.33,1233,2021-07-23 18:53:00,PAA
10.325,10.325,10.32,10.32,4828,2021-07-23 18:54:00,PAA
10.315,10.32,10.3101,10.315,1450,2021-07-23 18:55:00,PAA
10.315,10.32,10.31,10.32,400,2021-07-23 18:56:00,PAA
10.32,10.32,10.3145,10.315,321,2021-07-23 18:57:00,PAA
10.315,10.315,10.3,10.3,5052,2021-07-23 18:58:00,PAA
10.31,10.32,10.31,10.32,3389,2021-07-23 18:59:00,PAA
10.32,10.32,10.32,10.32,400,2021-07-23 19:00:00,PAA
10.315,10.315,10.3,10.3,4083,2021-07-23 19:01:00,PAA
10.3,10.31,10.3,10.3,500,2021-07-23 19:02:00,PAA
10.31,10.31,10.305,10.31,300,2021-07-23 19:03:00,PAA
10.305,10.305,10.3034,10.305,1008,2021-07-23 19:04:00,PAA
10.31,10.31,10.31,10.31,100,2021-07-23 19:05:00,PAA
10.31,10.32,10.31,10.31,7462,2021-07-23 19:06:00,PAA
10.3,10.305,10.3,10.305,625,2021-07-23 19:08:00,PAA
10.3,10.3,10.3,10.3,100,2021-07-23 19:09:00,PAA
10.305,10.32,10.305,10.315,1500,2021-07-23 19:10:00,PAA
10.31,10.315,10.31,10.31,1058,2021-07-23 19:11:00,PAA
10.315,10.315,10.315,10.315,292,2021-07-23 19:12:00,PAA
10.315,10.315,10.315,10.315,300,2021-07-23 19:13:00,PAA
10.315,10.315,10.31,10.31,500,2021-07-23 19:14:00,PAA
10.311,10.3199,10.31,10.3116,6860,2021-07-23 19:15:00,PAA
10.315,10.32,10.315,10.315,550,2021-07-23 19:16:00,PAA
10.315,10.315,10.315,10.315,300,2021-07-23 19:17:00,PAA
10.315,10.32,10.31,10.32,5050,2021-07-23 19:18:00,PAA
10.32,10.325,10.31,10.31,10455,2021-07-23 19:19:00,PAA
10.315,10.315,10.31,10.31,1954,2021-07-23 19:20:00,PAA
10.31,10.32,10.31,10.32,19025,2021-07-23 19:21:00,PAA
10.32,10.32,10.315,10.315,1692,2021-07-23 19:22:00,PAA
10.315,10.315,10.31,10.315,1500,2021-07-23 19:23:00,PAA
10.315,10.315,10.31,10.31,684,2021-07-23 19:24:00,PAA
10.315,10.315,10.31,10.31,1100,2021-07-23 19:25:00,PAA
10.315,10.3156,10.31,10.3156,500,2021-07-23 19:26:00,PAA
10.315,10.315,10.315,10.315,700,2021-07-23 19:27:00,PAA
10.315,10.32,10.31,10.31,4823,2021-07-23 19:28:00,PAA
10.31,10.315,10.31,10.315,2268,2021-07-23 19:29:00,PAA
10.32,10.32,10.315,10.32,2250,2021-07-23 19:30:00,PAA
10.32,10.335,10.32,10.335,8836,2021-07-23 19:31:00,PAA
10.33,10.335,10.33,10.335,1500,2021-07-23 19:32:00,PAA
10.34,10.34,10.33,10.33,1377,2021-07-23 19:33:00,PAA
10.33,10.365,10.33,10.365,53155,2021-07-23 19:34:00,PAA
10.37,10.37,10.35,10.355,18303,2021-07-23 19:35:00,PAA
10.355,10.36,10.34,10.345,21599,2021-07-23 19:36:00,PAA
10.34,10.3456,10.34,10.345,900,2021-07-23 19:37:00,PAA
10.34,10.34,10.34,10.34,300,2021-07-23 19:38:00,PAA
10.345,10.3457,10.34,10.34,1539,2021-07-23 19:39:00,PAA
10.34,10.34,10.33,10.33,7203,2021-07-23 19:40:00,PAA
10.34,10.345,10.335,10.335,11946,2021-07-23 19:41:00,PAA
10.345,10.3456,10.331,10.335,10266,2021-07-23 19:42:00,PAA
10.33,10.335,10.3235,10.33,3520,2021-07-23 19:43:00,PAA
10.33,10.33,10.31,10.315,14612,2021-07-23 19:44:00,PAA
10.31,10.32,10.31,10.31,6333,2021-07-23 19:45:00,PAA
10.31,10.3102,10.295,10.3,8865,2021-07-23 19:46:00,PAA
10.3,10.3,10.2901,10.295,2442,2021-07-23 19:47:00,PAA
10.295,10.3,10.29,10.29,9698,2021-07-23 19:48:00,PAA
10.295,10.3,10.29,10.3,4374,2021-07-23 19:49:00,PAA
10.3,10.31,10.3,10.31,9058,2021-07-23 19:50:00,PAA
10.31,10.32,10.305,10.315,9361,2021-07-23 19:51:00,PAA
10.32,10.32,10.315,10.32,3533,2021-07-23 19:52:00,PAA
10.3144,10.3259,10.3144,10.32,14430,2021-07-23 19:53:00,PAA
10.315,10.32,10.31,10.315,2384,2021-07-23 19:54:00,PAA
10.3101,10.3102,10.28,10.285,32309,2021-07-23 19:55:00,PAA
10.28,10.29,10.2721,10.285,33874,2021-07-23 19:56:00,PAA
10.2801,10.29,10.2801,10.29,14434,2021-07-23 19:57:00,PAA
10.29,10.29,10.27,10.27,22832,2021-07-23 19:58:00,PAA
10.275,10.29,10.26,10.29,37214,2021-07-23 19:59:00,PAA
10.28,10.28,10.28,10.28,155916,2021-07-23 20:00:00,PAA
10.28,10.28,10.28,10.28,125,2021-07-23 20:12:00,PAA
10.28,10.28,10.28,10.28,380804,2021-07-26 12:40:00,PAA
10.22,10.39,10.22,10.38,45879,2021-07-26 13:30:00,PAA
10.38,10.41,10.3692,10.4,14178,2021-07-26 13:31:00,PAA
10.4,10.47,10.4,10.445,11344,2021-07-26 13:32:00,PAA
10.44,10.47,10.425,10.44,7739,2021-07-26 13:33:00,PAA
10.45,10.465,10.445,10.455,3675,2021-07-26 13:34:00,PAA
10.45,10.46,10.4431,10.46,4465,2021-07-26 13:35:00,PAA
10.45,10.45,10.41,10.42,11326,2021-07-26 13:36:00,PAA
10.41,10.42,10.4,10.42,5008,2021-07-26 13:37:00,PAA
10.41,10.42,10.39,10.4,8200,2021-07-26 13:38:00,PAA
10.395,10.4242,10.395,10.395,4867,2021-07-26 13:39:00,PAA
10.39,10.39,10.35,10.35,10093,2021-07-26 13:40:00,PAA
10.355,10.36,10.33,10.335,7661,2021-07-26 13:41:00,PAA
10.33,10.335,10.32,10.32,1200,2021-07-26 13:42:00,PAA
10.32,10.32,10.2875,10.3,8724,2021-07-26 13:43:00,PAA
10.32,10.32,10.275,10.275,1800,2021-07-26 13:44:00,PAA
10.285,10.315,10.28,10.31,17527,2021-07-26 13:45:00,PAA
10.32,10.37,10.32,10.37,16040,2021-07-26 13:46:00,PAA
10.36,10.4,10.36,10.4,8950,2021-07-26 13:47:00,PAA
10.4,10.4,10.37,10.37,4532,2021-07-26 13:48:00,PAA
10.38,10.39,10.36,10.36,11805,2021-07-26 13:49:00,PAA
10.36,10.37,10.34,10.37,1646,2021-07-26 13:50:00,PAA
10.39,10.4,10.39,10.39,1200,2021-07-26 13:51:00,PAA
10.4,10.43,10.4,10.4,10000,2021-07-26 13:52:00,PAA
10.4,10.4001,10.38,10.38,54100,2021-07-26 13:53:00,PAA
10.385,10.39,10.3843,10.39,3416,2021-07-26 13:54:00,PAA
10.4175,10.425,10.41,10.425,1875,2021-07-26 13:55:00,PAA
10.425,10.425,10.39,10.39,5500,2021-07-26 13:56:00,PAA
10.3899,10.3976,10.37,10.37,14400,2021-07-26 13:57:00,PAA
10.37,10.39,10.365,10.39,7589,2021-07-26 13:58:00,PAA
10.39,10.41,10.39,10.4,9451,2021-07-26 13:59:00,PAA
10.38,10.38,10.38,10.38,2600,2021-07-26 14:00:00,PAA
10.38,10.39,10.37,10.39,2573,2021-07-26 14:01:00,PAA
10.39,10.4,10.39,10.39,5963,2021-07-26 14:02:00,PAA
10.38,10.4,10.375,10.4,3500,2021-07-26 14:03:00,PAA
10.405,10.405,10.405,10.405,290,2021-07-26 14:04:00,PAA
10.3968,10.4223,10.3968,10.42,6567,2021-07-26 14:05:00,PAA
10.425,10.44,10.42,10.44,1628,2021-07-26 14:06:00,PAA
10.435,10.44,10.43,10.435,6352,2021-07-26 14:07:00,PAA
10.435,10.45,10.435,10.445,2200,2021-07-26 14:08:00,PAA
10.445,10.445,10.44,10.445,3800,2021-07-26 14:09:00,PAA
10.445,10.475,10.44,10.475,14335,2021-07-26 14:10:00,PAA
10.475,10.475,10.45,10.45,14743,2021-07-26 14:11:00,PAA
10.46,10.46,10.45,10.45,6800,2021-07-26 14:12:00,PAA
10.43,10.435,10.4,10.41,11387,2021-07-26 14:13:00,PAA
10.41,10.435,10.41,10.435,6437,2021-07-26 14:14:00,PAA
10.432,10.445,10.432,10.445,3544,2021-07-26 14:15:00,PAA
10.45,10.455,10.425,10.425,3700,2021-07-26 14:16:00,PAA
10.4299,10.435,10.42,10.43,9443,2021-07-26 14:17:00,PAA
10.435,10.435,10.435,10.435,200,2021-07-26 14:18:00,PAA
10.435,10.45,10.435,10.45,2400,2021-07-26 14:19:00,PAA
10.46,10.475,10.46,10.47,11152,2021-07-26 14:20:00,PAA
10.465,10.465,10.45,10.45,2000,2021-07-26 14:21:00,PAA
10.455,10.455,10.44,10.44,8100,2021-07-26 14:22:00,PAA
10.44,10.44,10.42,10.42,7481,2021-07-26 14:23:00,PAA
10.425,10.44,10.425,10.44,3700,2021-07-26 14:24:00,PAA
10.44,10.44,10.42,10.425,6692,2021-07-26 14:25:00,PAA
10.425,10.45,10.425,10.445,5400,2021-07-26 14:26:00,PAA
10.44,10.445,10.41,10.41,10525,2021-07-26 14:27:00,PAA
10.41,10.42,10.4,10.41,1200,2021-07-26 14:28:00,PAA
10.4099,10.415,10.4,10.41,12300,2021-07-26 14:29:00,PAA
10.405,10.42,10.4,10.415,4700,2021-07-26 14:30:00,PAA
10.42,10.43,10.4,10.4054,7169,2021-07-26 14:31:00,PAA
10.4,10.4,10.35,10.3601,18004,2021-07-26 14:32:00,PAA
10.36,10.36,10.34,10.35,10036,2021-07-26 14:33:00,PAA
10.355,10.375,10.355,10.37,4878,2021-07-26 14:34:00,PAA
10.3799,10.3799,10.35,10.365,4831,2021-07-26 14:35:00,PAA
10.36,10.36,10.335,10.34,7346,2021-07-26 14:36:00,PAA
10.34,10.34,10.33,10.335,2100,2021-07-26 14:37:00,PAA
10.335,10.35,10.33,10.35,2925,2021-07-26 14:38:00,PAA
10.345,10.36,10.3399,10.3399,3499,2021-07-26 14:39:00,PAA
10.34,10.35,10.33,10.33,4766,2021-07-26 14:40:00,PAA
10.34,10.37,10.34,10.36,3963,2021-07-26 14:41:00,PAA
10.37,10.37,10.35,10.35,9583,2021-07-26 14:42:00,PAA
10.36,10.36,10.34,10.35,7332,2021-07-26 14:43:00,PAA
10.345,10.35,10.345,10.35,3300,2021-07-26 14:44:00,PAA
10.34,10.35,10.34,10.34,2800,2021-07-26 14:45:00,PAA
10.34,10.3805,10.34,10.38,10318,2021-07-26 14:46:00,PAA
10.3787,10.39,10.372,10.39,6000,2021-07-26 14:47:00,PAA
10.39,10.39,10.37,10.375,8673,2021-07-26 14:48:00,PAA
10.38,10.415,10.38,10.415,7609,2021-07-26 14:49:00,PAA
10.415,10.43,10.41,10.42,18579,2021-07-26 14:50:00,PAA
10.425,10.435,10.42,10.43,5474,2021-07-26 14:51:00,PAA
10.43,10.44,10.42,10.435,20073,2021-07-26 14:52:00,PAA
10.435,10.44,10.43,10.44,5880,2021-07-26 14:53:00,PAA
10.44,10.44,10.43,10.435,10082,2021-07-26 14:54:00,PAA
10.43,10.445,10.43,10.445,5600,2021-07-26 14:55:00,PAA
10.44,10.445,10.42,10.425,11995,2021-07-26 14:56:00,PAA
10.42,10.425,10.4,10.4,7694,2021-07-26 14:57:00,PAA
10.4,10.41,10.4,10.4,4718,2021-07-26 14:58:00,PAA
10.39,10.39,10.35,10.3599,3509,2021-07-26 14:59:00,PAA
10.37,10.37,10.345,10.36,4476,2021-07-26 15:00:00,PAA
10.36,10.365,10.355,10.36,3700,2021-07-26 15:01:00,PAA
10.36,10.3617,10.33,10.34,5060,2021-07-26 15:02:00,PAA
10.3398,10.34,10.33,10.34,6300,2021-07-26 15:03:00,PAA
10.33,10.34,10.3298,10.335,13093,2021-07-26 15:04:00,PAA
10.34,10.345,10.3362,10.345,6444,2021-07-26 15:05:00,PAA
10.35,10.35,10.34,10.34,3323,2021-07-26 15:06:00,PAA
10.34,10.36,10.34,10.36,1700,2021-07-26 15:07:00,PAA
10.359,10.359,10.35,10.35,641,2021-07-26 15:08:00,PAA
10.35,10.3536,10.34,10.34,1900,2021-07-26 15:09:00,PAA
10.35,10.36,10.35,10.36,3300,2021-07-26 15:10:00,PAA
10.35,10.36,10.35,10.36,1060,2021-07-26 15:11:00,PAA
10.355,10.36,10.35,10.35,1500,2021-07-26 15:12:00,PAA
10.35,10.35,10.34,10.34,4657,2021-07-26 15:13:00,PAA
10.3465,10.35,10.34,10.34,1880,2021-07-26 15:14:00,PAA
10.34,10.37,10.34,10.37,12391,2021-07-26 15:15:00,PAA
10.365,10.38,10.365,10.38,4400,2021-07-26 15:16:00,PAA
10.38,10.38,10.35,10.36,67300,2021-07-26 15:17:00,PAA
10.36,10.36,10.35,10.35,9343,2021-07-26 15:18:00,PAA
10.35,10.35,10.35,10.35,300,2021-07-26 15:19:00,PAA
10.35,10.35,10.34,10.345,3326,2021-07-26 15:20:00,PAA
10.35,10.35,10.34,10.34,2602,2021-07-26 15:21:00,PAA
10.34,10.34,10.34,10.34,2798,2021-07-26 15:22:00,PAA
10.34,10.35,10.34,10.34,4404,2021-07-26 15:23:00,PAA
10.34,10.34,10.335,10.335,8363,2021-07-26 15:24:00,PAA
10.335,10.3381,10.32,10.33,11600,2021-07-26 15:25:00,PAA
10.34,10.34,10.335,10.3399,4004,2021-07-26 15:26:00,PAA
10.34,10.3456,10.34,10.34,1200,2021-07-26 15:27:00,PAA
10.34,10.34,10.32,10.33,4400,2021-07-26 15:28:00,PAA
10.33,10.33,10.325,10.33,3800,2021-07-26 15:29:00,PAA
10.33,10.34,10.33,10.33,1889,2021-07-26 15:30:00,PAA
10.34,10.36,10.34,10.36,16188,2021-07-26 15:31:00,PAA
10.35,10.35,10.34,10.345,38358,2021-07-26 15:32:00,PAA
10.35,10.36,10.35,10.36,5400,2021-07-26 15:33:00,PAA
10.365,10.38,10.36,10.375,18375,2021-07-26 15:34:00,PAA
10.37,10.385,10.37,10.385,8947,2021-07-26 15:35:00,PAA
10.39,10.395,10.38,10.395,4800,2021-07-26 15:36:00,PAA
10.395,10.405,10.395,10.4,10000,2021-07-26 15:37:00,PAA
10.395,10.395,10.39,10.39,500,2021-07-26 15:38:00,PAA
10.3999,10.3999,10.37,10.37,16623,2021-07-26 15:39:00,PAA
10.365,10.38,10.36,10.36,4855,2021-07-26 15:40:00,PAA
10.37,10.37,10.37,10.37,1900,2021-07-26 15:41:00,PAA
10.365,10.365,10.36,10.365,750,2021-07-26 15:42:00,PAA
10.365,10.37,10.355,10.355,2300,2021-07-26 15:43:00,PAA
10.3501,10.36,10.35,10.35,2850,2021-07-26 15:44:00,PAA
10.35,10.3502,10.34,10.35,13434,2021-07-26 15:45:00,PAA
10.35,10.35,10.35,10.35,1400,2021-07-26 15:46:00,PAA
10.355,10.36,10.35,10.35,1300,2021-07-26 15:47:00,PAA
10.36,10.36,10.35,10.355,5300,2021-07-26 15:48:00,PAA
10.35,10.36,10.345,10.36,5400,2021-07-26 15:49:00,PAA
10.36,10.36,10.355,10.355,2600,2021-07-26 15:50:00,PAA
10.355,10.36,10.355,10.36,7287,2021-07-26 15:51:00,PAA
10.35,10.36,10.35,10.36,4100,2021-07-26 15:52:00,PAA
10.36,10.36,10.35,10.36,5400,2021-07-26 15:53:00,PAA
10.36,10.36,10.355,10.355,2200,2021-07-26 15:54:00,PAA
10.355,10.36,10.355,10.355,538,2021-07-26 15:55:00,PAA
10.35,10.35,10.35,10.35,2000,2021-07-26 15:56:00,PAA
10.35,10.35,10.34,10.34,4668,2021-07-26 15:57:00,PAA
10.34,10.34,10.33,10.335,1600,2021-07-26 15:58:00,PAA
10.34,10.34,10.33,10.3306,1643,2021-07-26 15:59:00,PAA
10.33,10.33,10.31,10.31,4500,2021-07-26 16:00:00,PAA
10.32,10.32,10.31,10.31,1800,2021-07-26 16:01:00,PAA
10.31,10.31,10.31,10.31,700,2021-07-26 16:02:00,PAA
10.31,10.319,10.31,10.31,1695,2021-07-26 16:03:00,PAA
10.31,10.31,10.31,10.31,700,2021-07-26 16:04:00,PAA
10.31,10.3166,10.29,10.295,14329,2021-07-26 16:05:00,PAA
10.29,10.29,10.2824,10.29,4400,2021-07-26 16:06:00,PAA
10.29,10.29,10.281,10.285,8700,2021-07-26 16:07:00,PAA
10.29,10.29,10.28,10.2825,11100,2021-07-26 16:08:00,PAA
10.285,10.29,10.28,10.28,3900,2021-07-26 16:09:00,PAA
10.28,10.28,10.27,10.27,5128,2021-07-26 16:10:00,PAA
10.27,10.285,10.26,10.285,28553,2021-07-26 16:11:00,PAA
10.29,10.3,10.29,10.3,3200,2021-07-26 16:12:00,PAA
10.31,10.31,10.305,10.305,1300,2021-07-26 16:13:00,PAA
10.305,10.31,10.3,10.305,3000,2021-07-26 16:14:00,PAA
10.3,10.31,10.2962,10.3,6400,2021-07-26 16:15:00,PAA
10.31,10.31,10.3,10.305,900,2021-07-26 16:16:00,PAA
10.3,10.31,10.3,10.3,4300,2021-07-26 16:17:00,PAA
10.3,10.31,10.3,10.31,3400,2021-07-26 16:18:00,PAA
10.31,10.31,10.31,10.31,2100,2021-07-26 16:19:00,PAA
10.32,10.32,10.31,10.31,4094,2021-07-26 16:20:00,PAA
10.31,10.31,10.305,10.31,4000,2021-07-26 16:21:00,PAA
10.315,10.315,10.31,10.31,2560,2021-07-26 16:23:00,PAA
10.31,10.3155,10.31,10.31,900,2021-07-26 16:24:00,PAA
10.31,10.325,10.31,10.325,4000,2021-07-26 16:25:00,PAA
10.3265,10.3265,10.32,10.32,2900,2021-07-26 16:26:00,PAA
10.32,10.325,10.32,10.32,1500,2021-07-26 16:27:00,PAA
10.325,10.325,10.32,10.32,600,2021-07-26 16:28:00,PAA
10.32,10.32,10.32,10.32,2000,2021-07-26 16:29:00,PAA
10.32,10.33,10.32,10.33,7522,2021-07-26 16:30:00,PAA
10.34,10.34,10.335,10.3399,1200,2021-07-26 16:31:00,PAA
10.33,10.34,10.33,10.33,6872,2021-07-26 16:32:00,PAA
10.32,10.33,10.32,10.325,1550,2021-07-26 16:33:00,PAA
10.325,10.3265,10.32,10.3265,3470,2021-07-26 16:34:00,PAA
10.32,10.33,10.32,10.33,5543,2021-07-26 16:35:00,PAA
10.33,10.33,10.32,10.32,5120,2021-07-26 16:36:00,PAA
10.32,10.33,10.31,10.32,7172,2021-07-26 16:37:00,PAA
10.325,10.325,10.32,10.32,700,2021-07-26 16:38:00,PAA
10.32,10.32,10.32,10.32,2600,2021-07-26 16:39:00,PAA
10.32,10.32,10.31,10.31,2745,2021-07-26 16:40:00,PAA
10.315,10.315,10.305,10.305,2169,2021-07-26 16:41:00,PAA
10.3,10.32,10.3,10.32,3110,2021-07-26 16:42:00,PAA
10.32,10.33,10.32,10.33,3900,2021-07-26 16:43:00,PAA
10.33,10.33,10.325,10.325,3300,2021-07-26 16:44:00,PAA
10.325,10.33,10.325,10.33,2400,2021-07-26 16:45:00,PAA
10.335,10.34,10.33,10.34,3100,2021-07-26 16:46:00,PAA
10.34,10.34,10.335,10.335,300,2021-07-26 16:47:00,PAA
10.335,10.36,10.335,10.355,9182,2021-07-26 16:48:00,PAA
10.36,10.365,10.35,10.36,11255,2021-07-26 16:49:00,PAA
10.3618,10.37,10.36,10.37,3256,2021-07-26 16:50:00,PAA
10.3654,10.3654,10.36,10.36,5400,2021-07-26 16:51:00,PAA
10.37,10.37,10.35,10.35,12912,2021-07-26 16:52:00,PAA
10.3533,10.3533,10.33,10.33,7309,2021-07-26 16:53:00,PAA
10.33,10.33,10.32,10.325,4851,2021-07-26 16:54:00,PAA
10.325,10.325,10.32,10.3245,4648,2021-07-26 16:55:00,PAA
10.32,10.33,10.32,10.325,700,2021-07-26 16:56:00,PAA
10.325,10.325,10.315,10.315,4300,2021-07-26 16:57:00,PAA
10.31,10.31,10.3,10.3,5967,2021-07-26 16:58:00,PAA
10.305,10.31,10.3,10.31,1000,2021-07-26 16:59:00,PAA
10.31,10.32,10.31,10.31,6301,2021-07-26 17:00:00,PAA
10.31,10.31,10.31,10.31,225,2021-07-26 17:01:00,PAA
10.31,10.31,10.31,10.31,3500,2021-07-26 17:02:00,PAA
10.31,10.315,10.31,10.31,1700,2021-07-26 17:03:00,PAA
10.315,10.315,10.31,10.31,600,2021-07-26 17:04:00,PAA
10.31,10.32,10.31,10.31,6230,2021-07-26 17:05:00,PAA
10.305,10.31,10.3,10.31,2500,2021-07-26 17:06:00,PAA
10.31,10.31,10.3,10.305,1608,2021-07-26 17:07:00,PAA
10.31,10.31,10.305,10.305,1000,2021-07-26 17:08:00,PAA
10.3,10.31,10.3,10.31,6075,2021-07-26 17:09:00,PAA
10.31,10.31,10.305,10.305,4828,2021-07-26 17:11:00,PAA
10.3,10.3,10.29,10.29,13771,2021-07-26 17:12:00,PAA
10.295,10.31,10.29,10.295,5100,2021-07-26 17:13:00,PAA
10.305,10.31,10.305,10.31,300,2021-07-26 17:14:00,PAA
10.305,10.305,10.3,10.3,1995,2021-07-26 17:15:00,PAA
10.3,10.305,10.3,10.305,400,2021-07-26 17:16:00,PAA
10.3,10.3,10.3,10.3,900,2021-07-26 17:17:00,PAA
10.3,10.315,10.3,10.31,9200,2021-07-26 17:18:00,PAA
10.31,10.31,10.31,10.31,100,2021-07-26 17:19:00,PAA
10.31,10.32,10.31,10.32,2400,2021-07-26 17:20:00,PAA
10.32,10.335,10.32,10.335,10929,2021-07-26 17:21:00,PAA
10.34,10.34,10.335,10.335,1100,2021-07-26 17:22:00,PAA
10.335,10.3379,10.33,10.335,6618,2021-07-26 17:23:00,PAA
10.335,10.345,10.335,10.345,23607,2021-07-26 17:24:00,PAA
10.345,10.345,10.335,10.335,9791,2021-07-26 17:25:00,PAA
10.33,10.3415,10.33,10.33,9938,2021-07-26 17:26:00,PAA
10.3361,10.3361,10.335,10.335,300,2021-07-26 17:27:00,PAA
10.33,10.335,10.33,10.335,1828,2021-07-26 17:28:00,PAA
10.335,10.335,10.33,10.33,2200,2021-07-26 17:29:00,PAA
10.33,10.33,10.33,10.33,2900,2021-07-26 17:30:00,PAA
10.33,10.335,10.33,10.33,3100,2021-07-26 17:31:00,PAA
10.33,10.33,10.325,10.325,5158,2021-07-26 17:32:00,PAA
10.325,10.34,10.32,10.34,6800,2021-07-26 17:33:00,PAA
10.335,10.335,10.33,10.335,1700,2021-07-26 17:34:00,PAA
10.335,10.34,10.33,10.34,4672,2021-07-26 17:35:00,PAA
10.34,10.345,10.335,10.345,11637,2021-07-26 17:36:00,PAA
10.345,10.345,10.345,10.345,400,2021-07-26 17:37:00,PAA
10.34,10.34,10.33,10.33,7738,2021-07-26 17:38:00,PAA
10.33,10.3362,10.33,10.335,900,2021-07-26 17:39:00,PAA
10.335,10.3363,10.33,10.335,3000,2021-07-26 17:40:00,PAA
10.335,10.335,10.33,10.335,4289,2021-07-26 17:41:00,PAA
10.335,10.335,10.33,10.335,2750,2021-07-26 17:42:00,PAA
10.335,10.335,10.33,10.335,500,2021-07-26 17:43:00,PAA
10.33,10.335,10.33,10.335,6172,2021-07-26 17:44:00,PAA
10.335,10.335,10.31,10.31,12060,2021-07-26 17:45:00,PAA
10.31,10.32,10.305,10.315,11812,2021-07-26 17:46:00,PAA
10.315,10.32,10.31,10.32,3200,2021-07-26 17:47:00,PAA
10.325,10.325,10.32,10.32,2125,2021-07-26 17:49:00,PAA
10.32,10.33,10.32,10.32,20700,2021-07-26 17:50:00,PAA
10.32,10.32,10.31,10.32,3125,2021-07-26 17:51:00,PAA
10.31,10.32,10.31,10.315,5739,2021-07-26 17:52:00,PAA
10.32,10.32,10.315,10.315,5500,2021-07-26 17:53:00,PAA
10.32,10.32,10.315,10.32,400,2021-07-26 17:54:00,PAA
10.315,10.34,10.31,10.34,23799,2021-07-26 17:55:00,PAA
10.3408,10.345,10.32,10.32,6595,2021-07-26 17:56:00,PAA
10.325,10.33,10.325,10.325,1738,2021-07-26 17:57:00,PAA
10.32,10.325,10.32,10.32,3600,2021-07-26 17:58:00,PAA
10.325,10.34,10.325,10.34,5500,2021-07-26 17:59:00,PAA
10.335,10.34,10.335,10.335,1062,2021-07-26 18:00:00,PAA
10.33,10.33,10.32,10.32,10946,2021-07-26 18:01:00,PAA
10.32,10.33,10.32,10.32,4400,2021-07-26 18:02:00,PAA
10.325,10.34,10.32,10.34,13660,2021-07-26 18:03:00,PAA
10.335,10.345,10.33,10.34,4800,2021-07-26 18:04:00,PAA
10.345,10.345,10.345,10.345,300,2021-07-26 18:05:00,PAA
10.345,10.3489,10.34,10.34,8250,2021-07-26 18:06:00,PAA
10.345,10.35,10.33,10.35,16938,2021-07-26 18:07:00,PAA
10.36,10.36,10.36,10.36,100,2021-07-26 18:08:00,PAA
10.355,10.36,10.35,10.35,7927,2021-07-26 18:09:00,PAA
10.35,10.355,10.34,10.355,11807,2021-07-26 18:10:00,PAA
10.355,10.36,10.3501,10.3501,2260,2021-07-26 18:11:00,PAA
10.355,10.36,10.35,10.355,2328,2021-07-26 18:12:00,PAA
10.355,10.355,10.35,10.35,500,2021-07-26 18:13:00,PAA
10.35,10.35,10.345,10.345,5537,2021-07-26 18:14:00,PAA
10.35,10.36,10.34,10.34,11462,2021-07-26 18:15:00,PAA
10.34,10.35,10.34,10.345,14000,2021-07-26 18:16:00,PAA
10.35,10.37,10.35,10.365,24900,2021-07-26 18:17:00,PAA
10.365,10.37,10.36,10.365,3800,2021-07-26 18:18:00,PAA
10.37,10.4,10.365,10.4,8767,2021-07-26 18:19:00,PAA
10.3969,10.3969,10.395,10.3965,900,2021-07-26 18:20:00,PAA
10.4,10.405,10.4,10.405,3387,2021-07-26 18:21:00,PAA
10.405,10.405,10.4,10.405,4378,2021-07-26 18:22:00,PAA
10.41,10.41,10.405,10.41,3523,2021-07-26 18:23:00,PAA
10.405,10.42,10.4,10.415,6191,2021-07-26 18:24:00,PAA
10.415,10.4175,10.41,10.41,800,2021-07-26 18:25:00,PAA
10.418,10.418,10.405,10.405,13981,2021-07-26 18:26:00,PAA
10.405,10.405,10.4,10.405,6694,2021-07-26 18:27:00,PAA
10.41,10.43,10.405,10.43,17500,2021-07-26 18:28:00,PAA
10.43,10.43,10.43,10.43,200,2021-07-26 18:29:00,PAA
10.425,10.43,10.42,10.43,2600,2021-07-26 18:30:00,PAA
10.425,10.43,10.42,10.42,3705,2021-07-26 18:31:00,PAA
10.425,10.425,10.41,10.41,10638,2021-07-26 18:32:00,PAA
10.41,10.41,10.41,10.41,1000,2021-07-26 18:33:00,PAA
10.41,10.42,10.41,10.42,1100,2021-07-26 18:34:00,PAA
10.415,10.4156,10.41,10.41,2029,2021-07-26 18:35:00,PAA
10.41,10.42,10.41,10.42,1659,2021-07-26 18:36:00,PAA
10.415,10.43,10.415,10.42,8732,2021-07-26 18:37:00,PAA
10.425,10.425,10.41,10.415,8929,2021-07-26 18:38:00,PAA
10.4144,10.425,10.4144,10.42,6350,2021-07-26 18:39:00,PAA
10.4201,10.43,10.4201,10.43,2500,2021-07-26 18:40:00,PAA
10.42,10.44,10.42,10.44,36752,2021-07-26 18:41:00,PAA
10.44,10.44,10.43,10.435,1800,2021-07-26 18:42:00,PAA
10.435,10.44,10.43,10.43,19900,2021-07-26 18:43:00,PAA
10.44,10.44,10.43,10.44,2771,2021-07-26 18:44:00,PAA
10.435,10.44,10.435,10.4399,800,2021-07-26 18:45:00,PAA
10.435,10.44,10.43,10.44,1700,2021-07-26 18:46:00,PAA
10.435,10.45,10.43,10.445,10200,2021-07-26 18:47:00,PAA
10.445,10.45,10.4421,10.45,4478,2021-07-26 18:48:00,PAA
10.445,10.45,10.44,10.445,900,2021-07-26 18:49:00,PAA
10.445,10.45,10.44,10.445,11694,2021-07-26 18:50:00,PAA
10.445,10.445,10.44,10.44,400,2021-07-26 18:51:00,PAA
10.445,10.45,10.43,10.43,11023,2021-07-26 18:52:00,PAA
10.43,10.435,10.42,10.435,11194,2021-07-26 18:53:00,PAA
10.435,10.44,10.43,10.435,2800,2021-07-26 18:55:00,PAA
10.43,10.43,10.43,10.43,800,2021-07-26 18:56:00,PAA
10.43,10.43,10.42,10.42,3702,2021-07-26 18:57:00,PAA
10.42,10.42,10.41,10.41,1900,2021-07-26 18:58:00,PAA
10.41,10.41,10.41,10.41,2504,2021-07-26 18:59:00,PAA
10.415,10.44,10.415,10.435,10449,2021-07-26 19:00:00,PAA
10.435,10.435,10.43,10.435,3362,2021-07-26 19:01:00,PAA
10.43,10.43,10.42,10.425,23169,2021-07-26 19:02:00,PAA
10.42,10.425,10.4,10.4,38196,2021-07-26 19:03:00,PAA
10.4,10.41,10.4,10.4071,5303,2021-07-26 19:04:00,PAA
10.4,10.41,10.4,10.41,7416,2021-07-26 19:05:00,PAA
10.4,10.405,10.4,10.4,900,2021-07-26 19:06:00,PAA
10.4,10.4,10.4,10.4,2300,2021-07-26 19:07:00,PAA
10.4,10.41,10.4,10.405,3819,2021-07-26 19:08:00,PAA
10.41,10.41,10.4,10.4,1810,2021-07-26 19:09:00,PAA
10.4,10.4032,10.4,10.4,3162,2021-07-26 19:10:00,PAA
10.4,10.4,10.4,10.4,800,2021-07-26 19:11:00,PAA
10.4,10.41,10.4,10.405,1200,2021-07-26 19:12:00,PAA
10.41,10.42,10.4,10.42,14673,2021-07-26 19:13:00,PAA
10.415,10.435,10.415,10.435,7044,2021-07-26 19:14:00,PAA
10.43,10.435,10.43,10.435,1018,2021-07-26 19:15:00,PAA
10.435,10.445,10.43,10.445,6900,2021-07-26 19:16:00,PAA
10.4445,10.445,10.44,10.445,6100,2021-07-26 19:17:00,PAA
10.4476,10.4476,10.44,10.445,14193,2021-07-26 19:18:00,PAA
10.445,10.45,10.445,10.445,1100,2021-07-26 19:19:00,PAA
10.445,10.445,10.445,10.445,1300,2021-07-26 19:20:00,PAA
10.445,10.45,10.44,10.45,3255,2021-07-26 19:21:00,PAA
10.445,10.445,10.44,10.445,1726,2021-07-26 19:22:00,PAA
10.445,10.45,10.445,10.445,2000,2021-07-26 19:23:00,PAA
10.445,10.445,10.44,10.44,2393,2021-07-26 19:24:00,PAA
10.44,10.455,10.44,10.455,17437,2021-07-26 19:25:00,PAA
10.455,10.455,10.45,10.45,1763,2021-07-26 19:26:00,PAA
10.455,10.46,10.45,10.46,16300,2021-07-26 19:27:00,PAA
10.455,10.465,10.4543,10.465,19144,2021-07-26 19:28:00,PAA
10.46,10.465,10.45,10.46,12073,2021-07-26 19:29:00,PAA
10.455,10.455,10.435,10.435,12049,2021-07-26 19:30:00,PAA
10.435,10.45,10.435,10.445,35966,2021-07-26 19:31:00,PAA
10.45,10.455,10.445,10.455,4700,2021-07-26 19:32:00,PAA
10.455,10.455,10.455,10.455,3200,2021-07-26 19:33:00,PAA
10.46,10.475,10.45,10.47,27454,2021-07-26 19:34:00,PAA
10.47,10.47,10.46,10.465,2093,2021-07-26 19:35:00,PAA
10.46,10.465,10.46,10.46,7993,2021-07-26 19:36:00,PAA
10.46,10.47,10.455,10.46,12982,2021-07-26 19:37:00,PAA
10.47,10.475,10.4626,10.475,24640,2021-07-26 19:38:00,PAA
10.475,10.485,10.47,10.485,16972,2021-07-26 19:39:00,PAA
10.48,10.485,10.475,10.475,27958,2021-07-26 19:40:00,PAA
10.475,10.475,10.46,10.46,22965,2021-07-26 19:41:00,PAA
10.46,10.48,10.46,10.48,23809,2021-07-26 19:42:00,PAA
10.475,10.48,10.47,10.475,10632,2021-07-26 19:43:00,PAA
10.475,10.5,10.4701,10.5,47199,2021-07-26 19:44:00,PAA
10.495,10.495,10.4804,10.49,19173,2021-07-26 19:45:00,PAA
10.485,10.49,10.4801,10.485,4742,2021-07-26 19:46:00,PAA
10.48,10.4859,10.48,10.4801,8858,2021-07-26 19:47:00,PAA
10.485,10.49,10.48,10.485,7186,2021-07-26 19:48:00,PAA
10.485,10.5,10.48,10.5,31138,2021-07-26 19:49:00,PAA
10.495,10.51,10.49,10.495,64161,2021-07-26 19:50:00,PAA
10.495,10.5,10.49,10.49,31925,2021-07-26 19:51:00,PAA
10.49,10.495,10.475,10.475,34705,2021-07-26 19:52:00,PAA
10.48,10.49,10.475,10.485,62722,2021-07-26 19:53:00,PAA
10.485,10.495,10.48,10.48,42958,2021-07-26 19:54:00,PAA
10.48,10.485,10.46,10.465,34845,2021-07-26 19:55:00,PAA
10.46,10.465,10.44,10.445,55936,2021-07-26 19:56:00,PAA
10.445,10.46,10.44,10.455,43043,2021-07-26 19:57:00,PAA
10.455,10.46,10.445,10.45,63445,2021-07-26 19:58:00,PAA
10.45,10.49,10.45,10.48,60103,2021-07-26 19:59:00,PAA
10.47,10.47,10.47,10.47,136796,2021-07-26 20:00:00,PAA
10.46,10.46,10.46,10.46,500,2021-07-26 20:06:00,PAA
10.5,10.5,10.5,10.5,800,2021-07-26 20:31:00,PAA
10.44,10.44,10.44,10.44,1000,2021-07-26 20:55:00,PAA
10.4401,10.4401,10.4401,10.4401,200,2021-07-26 20:56:00,PAA
10.47,10.47,10.47,10.47,128,2021-07-26 21:26:00,PAA
10.47,10.47,10.47,10.47,85180,2021-07-27 12:31:00,PAA
10.38,10.405,10.29,10.29,33304,2021-07-27 13:30:00,PAA
10.3,10.37,10.3,10.3102,6991,2021-07-27 13:31:00,PAA
10.3134,10.365,10.3134,10.33,16030,2021-07-27 13:32:00,PAA
10.325,10.3499,10.3012,10.3012,33515,2021-07-27 13:33:00,PAA
10.305,10.3582,10.295,10.3582,6761,2021-07-27 13:34:00,PAA
10.36,10.385,10.355,10.36,5673,2021-07-27 13:35:00,PAA
10.36,10.36,10.31,10.31,3600,2021-07-27 13:36:00,PAA
10.296,10.31,10.2797,10.29,10218,2021-07-27 13:37:00,PAA
10.2788,10.28,10.265,10.265,11810,2021-07-27 13:38:00,PAA
10.27,10.28,10.26,10.26,8663,2021-07-27 13:39:00,PAA
10.255,10.285,10.24,10.265,31043,2021-07-27 13:40:00,PAA
10.265,10.285,10.245,10.285,9963,2021-07-27 13:41:00,PAA
10.29,10.315,10.29,10.315,6971,2021-07-27 13:42:00,PAA
10.32,10.32,10.3,10.3,2700,2021-07-27 13:43:00,PAA
10.295,10.3,10.2711,10.2711,13596,2021-07-27 13:44:00,PAA
10.275,10.295,10.26,10.29,3346,2021-07-27 13:45:00,PAA
10.3,10.315,10.28,10.285,16180,2021-07-27 13:46:00,PAA
10.28,10.285,10.255,10.27,15902,2021-07-27 13:47:00,PAA
10.27,10.27,10.255,10.26,13790,2021-07-27 13:48:00,PAA
10.265,10.28,10.26,10.26,8553,2021-07-27 13:49:00,PAA
10.255,10.27,10.25,10.26,5967,2021-07-27 13:50:00,PAA
10.25,10.255,10.24,10.24,12792,2021-07-27 13:51:00,PAA
10.235,10.25,10.23,10.25,20653,2021-07-27 13:52:00,PAA
10.25,10.265,10.25,10.255,5150,2021-07-27 13:53:00,PAA
10.255,10.26,10.22,10.22,21733,2021-07-27 13:54:00,PAA
10.22,10.22,10.17,10.18,30422,2021-07-27 13:55:00,PAA
10.17,10.2,10.17,10.195,15595,2021-07-27 13:56:00,PAA
10.19,10.19,10.17,10.18,11341,2021-07-27 13:57:00,PAA
10.17,10.175,10.13,10.13,8300,2021-07-27 13:58:00,PAA
10.135,10.17,10.1298,10.16,35450,2021-07-27 13:59:00,PAA
10.16,10.17,10.15,10.16,26045,2021-07-27 14:00:00,PAA
10.17,10.17,10.14,10.155,13641,2021-07-27 14:01:00,PAA
10.155,10.17,10.15,10.155,8693,2021-07-27 14:02:00,PAA
10.15,10.15,10.13,10.145,5879,2021-07-27 14:03:00,PAA
10.145,10.15,10.12,10.1301,18760,2021-07-27 14:04:00,PAA
10.135,10.17,10.135,10.17,5979,2021-07-27 14:05:00,PAA
10.17,10.18,10.165,10.18,12713,2021-07-27 14:06:00,PAA
10.17,10.17,10.1497,10.15,8032,2021-07-27 14:07:00,PAA
10.15,10.163,10.15,10.16,13672,2021-07-27 14:08:00,PAA
10.165,10.165,10.15,10.15,7052,2021-07-27 14:09:00,PAA
10.1421,10.1421,10.13,10.14,12470,2021-07-27 14:10:00,PAA
10.14,10.14,10.14,10.14,2551,2021-07-27 14:11:00,PAA
10.135,10.145,10.105,10.11,29580,2021-07-27 14:12:00,PAA
10.105,10.11,10.09,10.105,11485,2021-07-27 14:13:00,PAA
10.11,10.12,10.1,10.115,30388,2021-07-27 14:14:00,PAA
10.12,10.12,10.11,10.1167,3406,2021-07-27 14:15:00,PAA
10.11,10.135,10.1,10.13,9491,2021-07-27 14:16:00,PAA
10.13,10.13,10.125,10.13,8103,2021-07-27 14:17:00,PAA
10.13,10.14,10.13,10.14,2000,2021-07-27 14:18:00,PAA
10.135,10.16,10.135,10.145,13212,2021-07-27 14:19:00,PAA
10.15,10.16,10.13,10.14,15512,2021-07-27 14:20:00,PAA
10.14,10.16,10.135,10.15,23164,2021-07-27 14:21:00,PAA
10.15,10.17,10.145,10.16,11314,2021-07-27 14:22:00,PAA
10.17,10.22,10.165,10.21,27155,2021-07-27 14:23:00,PAA
10.21,10.21,10.165,10.165,12649,2021-07-27 14:24:00,PAA
10.16,10.165,10.145,10.16,6982,2021-07-27 14:25:00,PAA
10.16,10.17,10.155,10.155,8337,2021-07-27 14:26:00,PAA
10.155,10.175,10.155,10.175,4350,2021-07-27 14:27:00,PAA
10.18,10.18,10.17,10.175,5249,2021-07-27 14:28:00,PAA
10.17,10.18,10.16,10.16,14452,2021-07-27 14:29:00,PAA
10.15,10.15,10.14,10.15,25424,2021-07-27 14:30:00,PAA
10.145,10.15,10.13,10.13,15824,2021-07-27 14:31:00,PAA
10.13,10.13,10.12,10.12,7704,2021-07-27 14:32:00,PAA
10.11,10.12,10.1,10.115,21236,2021-07-27 14:33:00,PAA
10.11,10.115,10.11,10.11,2858,2021-07-27 14:34:00,PAA
10.115,10.14,10.115,10.14,14632,2021-07-27 14:35:00,PAA
10.125,10.13,10.125,10.125,2400,2021-07-27 14:36:00,PAA
10.12,10.13,10.1,10.115,17348,2021-07-27 14:37:00,PAA
10.113,10.12,10.11,10.12,6353,2021-07-27 14:38:00,PAA
10.12,10.14,10.115,10.13,7570,2021-07-27 14:39:00,PAA
10.135,10.14,10.12,10.13,6627,2021-07-27 14:40:00,PAA
10.13,10.13,10.125,10.125,4756,2021-07-27 14:41:00,PAA
10.125,10.13,10.12,10.125,3176,2021-07-27 14:42:00,PAA
10.125,10.13,10.11,10.125,19790,2021-07-27 14:43:00,PAA
10.13,10.13,10.12,10.12,3900,2021-07-27 14:44:00,PAA
10.12,10.1298,10.12,10.125,5110,2021-07-27 14:45:00,PAA
10.12,10.135,10.12,10.12,8114,2021-07-27 14:46:00,PAA
10.12,10.12,10.115,10.115,6876,2021-07-27 14:47:00,PAA
10.115,10.115,10.11,10.115,800,2021-07-27 14:48:00,PAA
10.1199,10.13,10.115,10.12,8700,2021-07-27 14:49:00,PAA
10.128,10.13,10.11,10.11,46113,2021-07-27 14:50:00,PAA
10.11,10.12,10.11,10.115,6085,2021-07-27 14:51:00,PAA
10.1174,10.1174,10.105,10.11,13918,2021-07-27 14:52:00,PAA
10.115,10.12,10.115,10.115,5600,2021-07-27 14:53:00,PAA
10.12,10.15,10.115,10.145,7615,2021-07-27 14:54:00,PAA
10.15,10.175,10.15,10.175,8254,2021-07-27 14:55:00,PAA
10.18,10.2,10.18,10.2,46040,2021-07-27 14:56:00,PAA
10.2,10.2,10.19,10.195,8574,2021-07-27 14:57:00,PAA
10.195,10.21,10.195,10.2,9483,2021-07-27 14:58:00,PAA
10.195,10.195,10.19,10.19,4300,2021-07-27 14:59:00,PAA
10.19,10.195,10.18,10.1934,7545,2021-07-27 15:00:00,PAA
10.195,10.2,10.19,10.19,11631,2021-07-27 15:01:00,PAA
10.18,10.19,10.17,10.17,5200,2021-07-27 15:02:00,PAA
10.165,10.165,10.15,10.1577,5000,2021-07-27 15:03:00,PAA
10.16,10.16,10.15,10.155,5737,2021-07-27 15:04:00,PAA
10.16,10.16,10.15,10.155,11752,2021-07-27 15:05:00,PAA
10.155,10.18,10.155,10.18,6600,2021-07-27 15:06:00,PAA
10.18,10.185,10.18,10.185,2086,2021-07-27 15:07:00,PAA
10.185,10.185,10.17,10.17,5234,2021-07-27 15:08:00,PAA
10.17,10.18,10.16,10.18,7352,2021-07-27 15:09:00,PAA
10.175,10.175,10.17,10.17,10300,2021-07-27 15:10:00,PAA
10.17,10.18,10.17,10.175,6300,2021-07-27 15:11:00,PAA
10.17,10.17,10.17,10.17,1600,2021-07-27 15:12:00,PAA
10.17,10.1766,10.15,10.15,9751,2021-07-27 15:13:00,PAA
10.15,10.152,10.14,10.14,1900,2021-07-27 15:14:00,PAA
10.135,10.14,10.135,10.135,15475,2021-07-27 15:15:00,PAA
10.135,10.15,10.135,10.14,5400,2021-07-27 15:16:00,PAA
10.14,10.14,10.12,10.12,5872,2021-07-27 15:17:00,PAA
10.12,10.125,10.12,10.12,800,2021-07-27 15:18:00,PAA
10.12,10.12,10.11,10.11,22800,2021-07-27 15:19:00,PAA
10.115,10.1201,10.115,10.115,11536,2021-07-27 15:20:00,PAA
10.12,10.12,10.115,10.1199,6400,2021-07-27 15:21:00,PAA
10.11,10.12,10.11,10.11,8294,2021-07-27 15:22:00,PAA
10.1199,10.1199,10.11,10.1162,1000,2021-07-27 15:23:00,PAA
10.11,10.115,10.11,10.11,1700,2021-07-27 15:24:00,PAA
10.12,10.12,10.105,10.11,60266,2021-07-27 15:25:00,PAA
10.105,10.12,10.1,10.12,6401,2021-07-27 15:26:00,PAA
10.12,10.1299,10.12,10.12,606,2021-07-27 15:27:00,PAA
10.125,10.125,10.11,10.1198,4379,2021-07-27 15:28:00,PAA
10.1127,10.12,10.11,10.11,1918,2021-07-27 15:29:00,PAA
10.1165,10.1165,10.11,10.11,1487,2021-07-27 15:30:00,PAA
10.11,10.11,10.1,10.1099,8861,2021-07-27 15:31:00,PAA
10.1,10.1,10.08,10.08,21082,2021-07-27 15:32:00,PAA
10.08,10.09,10.08,10.085,3899,2021-07-27 15:33:00,PAA
10.085,10.1,10.08,10.1,17186,2021-07-27 15:34:00,PAA
10.095,10.1,10.09,10.1,2384,2021-07-27 15:35:00,PAA
10.1,10.115,10.09,10.09,17511,2021-07-27 15:36:00,PAA
10.085,10.09,10.08,10.09,3143,2021-07-27 15:37:00,PAA
10.085,10.0863,10.085,10.085,1900,2021-07-27 15:38:00,PAA
10.085,10.09,10.07,10.085,12182,2021-07-27 15:39:00,PAA
10.09,10.09,10.08,10.09,5428,2021-07-27 15:40:00,PAA
10.09,10.12,10.09,10.1115,10414,2021-07-27 15:41:00,PAA
10.11,10.12,10.11,10.115,5845,2021-07-27 15:42:00,PAA
10.11,10.11,10.09,10.09,5700,2021-07-27 15:43:00,PAA
10.095,10.1,10.09,10.095,2000,2021-07-27 15:44:00,PAA
10.095,10.1,10.085,10.085,7370,2021-07-27 15:45:00,PAA
10.0812,10.085,10.08,10.08,3896,2021-07-27 15:46:00,PAA
10.085,10.09,10.07,10.08,14112,2021-07-27 15:47:00,PAA
10.085,10.085,10.08,10.085,1300,2021-07-27 15:48:00,PAA
10.085,10.09,10.08,10.085,6335,2021-07-27 15:49:00,PAA
10.085,10.12,10.085,10.12,51367,2021-07-27 15:50:00,PAA
10.12,10.12,10.11,10.11,28254,2021-07-27 15:51:00,PAA
10.11,10.115,10.105,10.115,4400,2021-07-27 15:52:00,PAA
10.115,10.1185,10.11,10.115,2850,2021-07-27 15:53:00,PAA
10.12,10.12,10.11,10.115,9153,2021-07-27 15:54:00,PAA
10.115,10.12,10.11,10.11,6654,2021-07-27 15:55:00,PAA
10.115,10.13,10.11,10.13,3700,2021-07-27 15:56:00,PAA
10.13,10.14,10.13,10.14,1515,2021-07-27 15:57:00,PAA
10.135,10.14,10.13,10.13,6693,2021-07-27 15:58:00,PAA
10.125,10.15,10.125,10.14,8098,2021-07-27 15:59:00,PAA
10.13,10.13,10.12,10.12,2166,2021-07-27 16:00:00,PAA
10.115,10.12,10.11,10.115,3150,2021-07-27 16:01:00,PAA
10.11,10.11,10.11,10.11,400,2021-07-27 16:02:00,PAA
10.11,10.12,10.105,10.115,24877,2021-07-27 16:03:00,PAA
10.115,10.1164,10.11,10.1132,7188,2021-07-27 16:04:00,PAA
10.115,10.115,10.1,10.105,10988,2021-07-27 16:05:00,PAA
10.1,10.12,10.1,10.12,5735,2021-07-27 16:06:00,PAA
10.12,10.155,10.12,10.155,17031,2021-07-27 16:07:00,PAA
10.155,10.17,10.155,10.16,57461,2021-07-27 16:08:00,PAA
10.15,10.154,10.135,10.145,11896,2021-07-27 16:09:00,PAA
10.14,10.14,10.12,10.125,4521,2021-07-27 16:10:00,PAA
10.125,10.125,10.12,10.12,800,2021-07-27 16:11:00,PAA
10.125,10.125,10.11,10.12,2974,2021-07-27 16:12:00,PAA
10.12,10.12,10.105,10.105,4150,2021-07-27 16:13:00,PAA
10.105,10.105,10.1,10.1,400,2021-07-27 16:14:00,PAA
10.1,10.11,10.1,10.1,2800,2021-07-27 16:15:00,PAA
10.105,10.105,10.09,10.0982,8075,2021-07-27 16:16:00,PAA
10.095,10.1,10.09,10.1,2211,2021-07-27 16:17:00,PAA
10.1,10.11,10.1,10.1,2900,2021-07-27 16:19:00,PAA
10.1,10.1,10.1,10.1,500,2021-07-27 16:20:00,PAA
10.105,10.105,10.1,10.1,700,2021-07-27 16:21:00,PAA
10.1,10.105,10.1,10.1,1700,2021-07-27 16:22:00,PAA
10.1056,10.1056,10.1,10.1,500,2021-07-27 16:23:00,PAA
10.105,10.105,10.1,10.105,2108,2021-07-27 16:24:00,PAA
10.1,10.1,10.1,10.1,1520,2021-07-27 16:25:00,PAA
10.1,10.1,10.08,10.085,8386,2021-07-27 16:26:00,PAA
10.085,10.09,10.08,10.08,6700,2021-07-27 16:27:00,PAA
10.08,10.085,10.07,10.075,8033,2021-07-27 16:28:00,PAA
10.075,10.11,10.075,10.105,7610,2021-07-27 16:29:00,PAA
10.1,10.1,10.09,10.095,14425,2021-07-27 16:30:00,PAA
10.095,10.1,10.09,10.09,3141,2021-07-27 16:31:00,PAA
10.09,10.09,10.08,10.0874,4100,2021-07-27 16:32:00,PAA
10.085,10.09,10.085,10.085,1800,2021-07-27 16:33:00,PAA
10.085,10.085,10.08,10.085,1900,2021-07-27 16:34:00,PAA
10.09,10.095,10.09,10.094,2600,2021-07-27 16:35:00,PAA
10.095,10.095,10.09,10.09,1200,2021-07-27 16:36:00,PAA
10.095,10.1,10.09,10.09,8153,2021-07-27 16:37:00,PAA
10.09,10.09,10.085,10.085,700,2021-07-27 16:38:00,PAA
10.09,10.09,10.085,10.09,2900,2021-07-27 16:39:00,PAA
10.08,10.08,10.065,10.065,9175,2021-07-27 16:40:00,PAA
10.07,10.09,10.065,10.09,25751,2021-07-27 16:41:00,PAA
10.0884,10.0884,10.075,10.075,3196,2021-07-27 16:42:00,PAA
10.08,10.0899,10.075,10.085,7530,2021-07-27 16:43:00,PAA
10.08,10.0878,10.08,10.085,770,2021-07-27 16:44:00,PAA
10.08,10.0822,10.08,10.0822,3286,2021-07-27 16:45:00,PAA
10.085,10.09,10.08,10.09,3536,2021-07-27 16:46:00,PAA
10.09,10.1,10.09,10.095,5085,2021-07-27 16:47:00,PAA
10.095,10.095,10.08,10.08,7615,2021-07-27 16:49:00,PAA
10.08,10.09,10.08,10.08,1536,2021-07-27 16:50:00,PAA
10.0899,10.0899,10.075,10.075,3794,2021-07-27 16:51:00,PAA
10.07,10.08,10.07,10.07,12580,2021-07-27 16:52:00,PAA
10.07,10.07,10.07,10.07,100,2021-07-27 16:53:00,PAA
10.0734,10.0734,10.07,10.07,1368,2021-07-27 16:54:00,PAA
10.0799,10.08,10.07,10.08,12120,2021-07-27 16:55:00,PAA
10.08,10.09,10.075,10.09,3100,2021-07-27 16:56:00,PAA
10.09,10.0999,10.09,10.0999,6305,2021-07-27 16:57:00,PAA
10.095,10.095,10.09,10.09,1600,2021-07-27 16:58:00,PAA
10.09,10.09,10.08,10.08,5550,2021-07-27 16:59:00,PAA
10.085,10.09,10.08,10.085,2000,2021-07-27 17:00:00,PAA
10.08,10.09,10.08,10.09,7811,2021-07-27 17:01:00,PAA
10.09,10.09,10.09,10.09,300,2021-07-27 17:02:00,PAA
10.09,10.09,10.08,10.08,19780,2021-07-27 17:03:00,PAA
10.08,10.08,10.07,10.07,9721,2021-07-27 17:04:00,PAA
10.08,10.08,10.06,10.07,4920,2021-07-27 17:05:00,PAA
10.08,10.1,10.075,10.1,1800,2021-07-27 17:06:00,PAA
10.1,10.11,10.1,10.11,22500,2021-07-27 17:07:00,PAA
10.1085,10.11,10.105,10.105,2100,2021-07-27 17:08:00,PAA
10.1085,10.11,10.1,10.1,4900,2021-07-27 17:09:00,PAA
10.105,10.105,10.095,10.095,6200,2021-07-27 17:10:00,PAA
10.095,10.095,10.095,10.095,2700,2021-07-27 17:11:00,PAA
10.095,10.1,10.09,10.095,2700,2021-07-27 17:12:00,PAA
10.095,10.1,10.09,10.095,2500,2021-07-27 17:13:00,PAA
10.1,10.1,10.095,10.095,1200,2021-07-27 17:14:00,PAA
10.095,10.095,10.095,10.095,1000,2021-07-27 17:15:00,PAA
10.09,10.095,10.09,10.09,5000,2021-07-27 17:16:00,PAA
10.09,10.09,10.075,10.0899,23616,2021-07-27 17:17:00,PAA
10.08,10.08,10.075,10.075,11357,2021-07-27 17:18:00,PAA
10.07,10.08,10.07,10.075,20221,2021-07-27 17:19:00,PAA
10.08,10.08,10.075,10.08,3285,2021-07-27 17:20:00,PAA
10.085,10.09,10.08,10.09,2700,2021-07-27 17:22:00,PAA
10.09,10.095,10.09,10.09,3701,2021-07-27 17:23:00,PAA
10.09,10.09,10.08,10.08,7096,2021-07-27 17:24:00,PAA
10.08,10.08,10.07,10.07,4306,2021-07-27 17:25:00,PAA
10.07,10.07,10.05,10.055,6338,2021-07-27 17:26:00,PAA
10.06,10.06,10.055,10.055,2320,2021-07-27 17:27:00,PAA
10.06,10.06,10.05,10.05,3500,2021-07-27 17:28:00,PAA
10.0568,10.0568,10.05,10.05,1800,2021-07-27 17:29:00,PAA
10.05,10.055,10.05,10.05,2600,2021-07-27 17:30:00,PAA
10.05,10.05,10.03,10.03,15892,2021-07-27 17:31:00,PAA
10.03,10.04,10.03,10.035,4474,2021-07-27 17:32:00,PAA
10.03,10.0385,10.03,10.03,6500,2021-07-27 17:33:00,PAA
10.03,10.0385,10.03,10.03,6296,2021-07-27 17:34:00,PAA
10.035,10.045,10.035,10.045,5015,2021-07-27 17:35:00,PAA
10.04,10.04,10.03,10.03,6134,2021-07-27 17:36:00,PAA
10.03,10.05,10.03,10.04,22234,2021-07-27 17:37:00,PAA
10.045,10.05,10.045,10.045,4500,2021-07-27 17:38:00,PAA
10.0456,10.0456,10.045,10.045,340,2021-07-27 17:39:00,PAA
10.04,10.0461,10.03,10.035,21315,2021-07-27 17:40:00,PAA
10.035,10.035,10.03,10.03,4000,2021-07-27 17:41:00,PAA
10.04,10.04,10.035,10.04,7700,2021-07-27 17:42:00,PAA
10.03,10.04,10.03,10.035,2605,2021-07-27 17:43:00,PAA
10.04,10.05,10.035,10.05,11152,2021-07-27 17:44:00,PAA
10.055,10.0574,10.055,10.055,4250,2021-07-27 17:45:00,PAA
10.05,10.055,10.05,10.055,2600,2021-07-27 17:46:00,PAA
10.06,10.06,10.053,10.053,3550,2021-07-27 17:47:00,PAA
10.055,10.06,10.05,10.06,2000,2021-07-27 17:48:00,PAA
10.055,10.06,10.05,10.05,5314,2021-07-27 17:49:00,PAA
10.05,10.055,10.05,10.05,1500,2021-07-27 17:50:00,PAA
10.05,10.0517,10.04,10.04,21242,2021-07-27 17:51:00,PAA
10.045,10.0463,10.04,10.045,4400,2021-07-27 17:52:00,PAA
10.04,10.04,10.04,10.04,1900,2021-07-27 17:53:00,PAA
10.04,10.045,10.04,10.04,2441,2021-07-27 17:54:00,PAA
10.04,10.045,10.04,10.04,2482,2021-07-27 17:55:00,PAA
10.04,10.045,10.03,10.035,7632,2021-07-27 17:56:00,PAA
10.03,10.0378,10.03,10.0301,1500,2021-07-27 17:57:00,PAA
10.03,10.0399,10.03,10.03,2800,2021-07-27 17:58:00,PAA
10.03,10.0399,10.025,10.03,7146,2021-07-27 17:59:00,PAA
10.03,10.05,10.02,10.05,23939,2021-07-27 18:00:00,PAA
10.0496,10.05,10.04,10.045,3444,2021-07-27 18:01:00,PAA
10.05,10.05,10.04,10.045,2576,2021-07-27 18:02:00,PAA
10.045,10.045,10.03,10.03,8271,2021-07-27 18:03:00,PAA
10.04,10.045,10.03,10.03,10600,2021-07-27 18:04:00,PAA
10.03,10.0301,10.0201,10.025,11372,2021-07-27 18:05:00,PAA
10.0299,10.0299,10.01,10.0199,19751,2021-07-27 18:06:00,PAA
10.01,10.02,10.01,10.01,8150,2021-07-27 18:07:00,PAA
10.02,10.02,10.01,10.015,8299,2021-07-27 18:08:00,PAA
10.02,10.03,10.01,10.025,11222,2021-07-27 18:09:00,PAA
10.025,10.03,10.02,10.03,6483,2021-07-27 18:10:00,PAA
10.035,10.04,10.035,10.035,2131,2021-07-27 18:11:00,PAA
10.04,10.04,10.03,10.03,2850,2021-07-27 18:12:00,PAA
10.035,10.0399,10.03,10.03,3000,2021-07-27 18:13:00,PAA
10.035,10.0499,10.03,10.045,9031,2021-07-27 18:14:00,PAA
10.045,10.05,10.045,10.05,11254,2021-07-27 18:15:00,PAA
10.045,10.05,10.04,10.0499,12950,2021-07-27 18:16:00,PAA
10.05,10.05,10.04,10.0499,14825,2021-07-27 18:17:00,PAA
10.045,10.05,10.04,10.045,3600,2021-07-27 18:18:00,PAA
10.045,10.065,10.04,10.06,21786,2021-07-27 18:19:00,PAA
10.07,10.07,10.065,10.065,1910,2021-07-27 18:20:00,PAA
10.065,10.0699,10.065,10.0663,676,2021-07-27 18:21:00,PAA
10.065,10.065,10.06,10.06,4050,2021-07-27 18:22:00,PAA
10.06,10.068,10.06,10.065,3000,2021-07-27 18:23:00,PAA
10.06,10.07,10.06,10.065,20012,2021-07-27 18:24:00,PAA
10.06,10.065,10.05,10.05,14296,2021-07-27 18:25:00,PAA
10.06,10.06,10.05,10.055,3425,2021-07-27 18:26:00,PAA
10.055,10.055,10.05,10.05,3500,2021-07-27 18:27:00,PAA
10.05,10.05,10.04,10.04,18099,2021-07-27 18:28:00,PAA
10.04,10.05,10.04,10.05,20105,2021-07-27 18:29:00,PAA
10.058,10.058,10.05,10.05,1300,2021-07-27 18:30:00,PAA
10.05,10.055,10.05,10.05,4300,2021-07-27 18:31:00,PAA
10.055,10.07,10.055,10.07,5000,2021-07-27 18:32:00,PAA
10.06,10.065,10.055,10.055,6184,2021-07-27 18:33:00,PAA
10.055,10.06,10.05,10.055,8687,2021-07-27 18:34:00,PAA
10.06,10.065,10.05,10.06,7982,2021-07-27 18:35:00,PAA
10.065,10.065,10.06,10.06,400,2021-07-27 18:36:00,PAA
10.065,10.07,10.06,10.06,4282,2021-07-27 18:37:00,PAA
10.065,10.09,10.06,10.08,49723,2021-07-27 18:38:00,PAA
10.08,10.09,10.075,10.09,13900,2021-07-27 18:39:00,PAA
10.0892,10.09,10.08,10.08,6475,2021-07-27 18:40:00,PAA
10.085,10.0899,10.08,10.08,500,2021-07-27 18:41:00,PAA
10.0818,10.085,10.08,10.08,6115,2021-07-27 18:42:00,PAA
10.085,10.085,10.07,10.075,16420,2021-07-27 18:43:00,PAA
10.075,10.075,10.07,10.075,1150,2021-07-27 18:44:00,PAA
10.075,10.08,10.07,10.08,5100,2021-07-27 18:45:00,PAA
10.075,10.09,10.0719,10.09,12103,2021-07-27 18:46:00,PAA
10.09,10.09,10.08,10.08,2279,2021-07-27 18:47:00,PAA
10.085,10.085,10.08,10.08,4700,2021-07-27 18:48:00,PAA
10.085,10.085,10.07,10.075,15644,2021-07-27 18:49:00,PAA
10.075,10.075,10.07,10.075,1880,2021-07-27 18:50:00,PAA
10.075,10.075,10.06,10.065,4463,2021-07-27 18:51:00,PAA
10.065,10.065,10.06,10.065,2999,2021-07-27 18:52:00,PAA
10.065,10.065,10.05,10.05,3253,2021-07-27 18:53:00,PAA
10.055,10.055,10.05,10.055,1900,2021-07-27 18:54:00,PAA
10.055,10.07,10.05,10.065,6200,2021-07-27 18:55:00,PAA
10.065,10.07,10.06,10.06,2100,2021-07-27 18:56:00,PAA
10.065,10.07,10.06,10.07,2200,2021-07-27 18:57:00,PAA
10.06,10.065,10.06,10.06,2000,2021-07-27 18:58:00,PAA
10.07,10.07,10.065,10.065,1715,2021-07-27 18:59:00,PAA
10.07,10.075,10.065,10.075,8531,2021-07-27 19:00:00,PAA
10.08,10.08,10.075,10.075,2210,2021-07-27 19:01:00,PAA
10.08,10.08,10.075,10.075,1215,2021-07-27 19:02:00,PAA
10.075,10.08,10.07,10.075,1557,2021-07-27 19:03:00,PAA
10.075,10.08,10.07,10.075,5026,2021-07-27 19:04:00,PAA
10.075,10.085,10.07,10.085,6910,2021-07-27 19:05:00,PAA
10.0851,10.0899,10.085,10.0859,6800,2021-07-27 19:06:00,PAA
10.0835,10.0899,10.08,10.085,3800,2021-07-27 19:07:00,PAA
10.09,10.1,10.085,10.095,6188,2021-07-27 19:08:00,PAA
10.095,10.0956,10.09,10.0956,1615,2021-07-27 19:09:00,PAA
10.09,10.095,10.07,10.075,13885,2021-07-27 19:10:00,PAA
10.08,10.09,10.075,10.0832,15124,2021-07-27 19:11:00,PAA
10.09,10.09,10.085,10.085,1100,2021-07-27 19:12:00,PAA
10.085,10.09,10.08,10.085,14900,2021-07-27 19:13:00,PAA
10.09,10.09,10.085,10.085,8300,2021-07-27 19:14:00,PAA
10.085,10.09,10.085,10.085,13779,2021-07-27 19:15:00,PAA
10.085,10.085,10.07,10.075,19522,2021-07-27 19:16:00,PAA
10.075,10.08,10.07,10.07,7800,2021-07-27 19:17:00,PAA
10.074,10.08,10.074,10.08,2462,2021-07-27 19:18:00,PAA
10.08,10.08,10.07,10.08,8510,2021-07-27 19:19:00,PAA
10.075,10.085,10.0742,10.085,8916,2021-07-27 19:20:00,PAA
10.085,10.085,10.08,10.08,1472,2021-07-27 19:21:00,PAA
10.085,10.09,10.08,10.085,10190,2021-07-27 19:22:00,PAA
10.085,10.09,10.085,10.085,3350,2021-07-27 19:23:00,PAA
10.085,10.09,10.08,10.085,6400,2021-07-27 19:24:00,PAA
10.085,10.09,10.08,10.085,9990,2021-07-27 19:25:00,PAA
10.085,10.095,10.085,10.095,9166,2021-07-27 19:26:00,PAA
10.095,10.11,10.095,10.105,16358,2021-07-27 19:27:00,PAA
10.105,10.11,10.09,10.095,32703,2021-07-27 19:28:00,PAA
10.095,10.1,10.095,10.095,4200,2021-07-27 19:29:00,PAA
10.095,10.1,10.09,10.095,4825,2021-07-27 19:30:00,PAA
10.095,10.1,10.09,10.09,3800,2021-07-27 19:31:00,PAA
10.095,10.1,10.095,10.095,10817,2021-07-27 19:32:00,PAA
10.095,10.1,10.0901,10.095,18220,2021-07-27 19:33:00,PAA
10.0901,10.1,10.09,10.095,15220,2021-07-27 19:34:00,PAA
10.095,10.1,10.095,10.095,5510,2021-07-27 19:35:00,PAA
10.095,10.1,10.09,10.09,11929,2021-07-27 19:36:00,PAA
10.095,10.1,10.09,10.09,15774,2021-07-27 19:37:00,PAA
10.095,10.095,10.08,10.08,21234,2021-07-27 19:38:00,PAA
10.08,10.09,10.08,10.0865,7281,2021-07-27 19:39:00,PAA
10.09,10.09,10.08,10.085,13179,2021-07-27 19:40:00,PAA
10.085,10.085,10.07,10.075,26385,2021-07-27 19:41:00,PAA
10.075,10.08,10.07,10.0799,24434,2021-07-27 19:42:00,PAA
10.07,10.08,10.07,10.075,8809,2021-07-27 19:43:00,PAA
10.075,10.08,10.075,10.075,8790,2021-07-27 19:44:00,PAA
10.075,10.08,10.075,10.075,8499,2021-07-27 19:45:00,PAA
10.075,10.08,10.075,10.075,10120,2021-07-27 19:46:00,PAA
10.0737,10.08,10.07,10.08,13527,2021-07-27 19:47:00,PAA
10.075,10.08,10.06,10.065,36475,2021-07-27 19:48:00,PAA
10.07,10.07,10.06,10.065,18259,2021-07-27 19:49:00,PAA
10.065,10.08,10.06,10.075,44440,2021-07-27 19:50:00,PAA
10.075,10.08,10.075,10.075,14962,2021-07-27 19:51:00,PAA
10.075,10.085,10.075,10.085,37506,2021-07-27 19:52:00,PAA
10.0856,10.09,10.08,10.085,24710,2021-07-27 19:53:00,PAA
10.09,10.09,10.08,10.09,30555,2021-07-27 19:54:00,PAA
10.085,10.09,10.08,10.085,49208,2021-07-27 19:55:00,PAA
10.085,10.09,10.08,10.09,41323,2021-07-27 19:56:00,PAA
10.085,10.09,10.0834,10.085,49474,2021-07-27 19:57:00,PAA
10.0856,10.09,10.085,10.085,36034,2021-07-27 19:58:00,PAA
10.085,10.12,10.085,10.12,81846,2021-07-27 19:59:00,PAA
10.11,10.11,10.11,10.11,117740,2021-07-27 20:00:00,PAA
10.13,10.13,10.13,10.13,196,2021-07-27 20:08:00,PAA
10.0903,10.0903,10.0903,10.0903,200,2021-07-27 20:31:00,PAA
10.1,10.1,10.1,10.1,300,2021-07-27 20:36:00,PAA
10.24,10.24,10.24,10.24,200,2021-07-27 20:44:00,PAA
10.11,10.11,10.11,10.11,144689,2021-07-27 21:40:00,PAA
10.11,10.11,10.11,10.11,137216,2021-07-28 12:31:00,PAA
10.11,10.1368,10.02,10.02,59681,2021-07-28 13:30:00,PAA
10.015,10.05,10.005,10.04,26370,2021-07-28 13:31:00,PAA
10.05,10.09,10.0485,10.07,11681,2021-07-28 13:32:00,PAA
10.08,10.09,10.0795,10.09,6221,2021-07-28 13:33:00,PAA
10.08,10.085,10.0399,10.0399,13595,2021-07-28 13:34:00,PAA
10.02,10.02,10.02,10.02,1200,2021-07-28 13:35:00,PAA
10.03,10.05,10.01,10.03,13886,2021-07-28 13:36:00,PAA
10.02,10.0385,10.0142,10.0385,13769,2021-07-28 13:37:00,PAA
10.03,10.04,10.03,10.03,53270,2021-07-28 13:38:00,PAA
10.03,10.06,10.03,10.06,8158,2021-07-28 13:39:00,PAA
10.065,10.095,10.065,10.09,33525,2021-07-28 13:40:00,PAA
10.09,10.13,10.09,10.13,31840,2021-07-28 13:41:00,PAA
10.12,10.13,10.115,10.13,13979,2021-07-28 13:42:00,PAA
10.13,10.15,10.13,10.145,11089,2021-07-28 13:43:00,PAA
10.15,10.16,10.14,10.14,13363,2021-07-28 13:44:00,PAA
10.145,10.15,10.11,10.11,34100,2021-07-28 13:45:00,PAA
10.1,10.11,10.095,10.1,23060,2021-07-28 13:46:00,PAA
10.09,10.11,10.09,10.11,1700,2021-07-28 13:47:00,PAA
10.12,10.1289,10.11,10.11,3246,2021-07-28 13:48:00,PAA
10.11,10.11,10.09,10.09,12101,2021-07-28 13:49:00,PAA
10.08,10.08,10.06,10.06,4600,2021-07-28 13:50:00,PAA
10.05,10.08,10.045,10.06,6790,2021-07-28 13:51:00,PAA
10.0663,10.0663,10.0499,10.0499,3460,2021-07-28 13:52:00,PAA
10.0445,10.05,10.04,10.04,4550,2021-07-28 13:53:00,PAA
10.03,10.04,10.01,10.01,18044,2021-07-28 13:54:00,PAA
10.01,10.04,10.0,10.02,24218,2021-07-28 13:55:00,PAA
10.02,10.025,10.0,10.0099,25276,2021-07-28 13:56:00,PAA
10.005,10.025,10.005,10.015,10885,2021-07-28 13:57:00,PAA
10.0199,10.02,10.01,10.01,12652,2021-07-28 13:58:00,PAA
10.011,10.02,10.011,10.02,1000,2021-07-28 13:59:00,PAA
10.0179,10.03,10.0116,10.02,25092,2021-07-28 14:00:00,PAA
10.02,10.03,10.0197,10.03,13277,2021-07-28 14:01:00,PAA
10.04,10.05,10.03,10.04,3900,2021-07-28 14:02:00,PAA
10.04,10.04,10.02,10.03,20453,2021-07-28 14:03:00,PAA
10.02,10.04,10.02,10.03,9219,2021-07-28 14:04:00,PAA
10.03,10.05,10.03,10.05,6469,2021-07-28 14:05:00,PAA
10.05,10.07,10.05,10.06,14000,2021-07-28 14:06:00,PAA
10.06,10.06,10.02,10.02,2994,2021-07-28 14:07:00,PAA
10.02,10.02,10.01,10.01,7300,2021-07-28 14:08:00,PAA
10.0,10.0,9.99,9.995,10198,2021-07-28 14:09:00,PAA
9.995,10.0,9.99,9.99,3600,2021-07-28 14:10:00,PAA
9.995,9.995,9.96,9.9739,17062,2021-07-28 14:11:00,PAA
9.98,9.98,9.97,9.9776,2900,2021-07-28 14:12:00,PAA
9.975,9.98,9.96,9.97,18075,2021-07-28 14:13:00,PAA
9.965,9.975,9.96,9.96,13924,2021-07-28 14:14:00,PAA
9.955,9.97,9.95,9.97,15532,2021-07-28 14:15:00,PAA
9.96,9.97,9.95,9.9558,1805,2021-07-28 14:16:00,PAA
9.95,9.95,9.9455,9.95,2854,2021-07-28 14:17:00,PAA
9.95,9.95,9.9215,9.93,10015,2021-07-28 14:18:00,PAA
9.93,9.95,9.925,9.94,10762,2021-07-28 14:19:00,PAA
9.94,9.94,9.94,9.94,2000,2021-07-28 14:20:00,PAA
9.94,9.95,9.9374,9.945,3500,2021-07-28 14:21:00,PAA
9.95,9.95,9.935,9.95,17841,2021-07-28 14:22:00,PAA
9.947,9.97,9.945,9.97,13845,2021-07-28 14:23:00,PAA
9.97,9.97,9.94,9.94,4447,2021-07-28 14:24:00,PAA
9.94,9.94,9.9247,9.9247,1878,2021-07-28 14:25:00,PAA
9.9255,9.93,9.91,9.91,9304,2021-07-28 14:26:00,PAA
9.9,9.91,9.9,9.9033,12914,2021-07-28 14:27:00,PAA
9.9,9.91,9.9,9.905,11622,2021-07-28 14:28:00,PAA
9.9,9.91,9.9,9.91,1700,2021-07-28 14:29:00,PAA
9.905,9.93,9.905,9.93,31056,2021-07-28 14:30:00,PAA
9.9299,9.955,9.9299,9.95,10913,2021-07-28 14:31:00,PAA
9.9574,9.96,9.93,9.96,8600,2021-07-28 14:32:00,PAA
9.95,9.95,9.94,9.94,15155,2021-07-28 14:33:00,PAA
9.94,9.96,9.94,9.96,8776,2021-07-28 14:34:00,PAA
9.956,9.995,9.956,9.99,15079,2021-07-28 14:35:00,PAA
9.99,9.995,9.99,9.99,7057,2021-07-28 14:36:00,PAA
10.0,10.0,9.995,10.0,5100,2021-07-28 14:37:00,PAA
10.0,10.01,9.97,9.97,12231,2021-07-28 14:38:00,PAA
9.98,9.98,9.975,9.975,700,2021-07-28 14:39:00,PAA
9.975,10.0,9.97,9.99,9433,2021-07-28 14:40:00,PAA
10.0,10.005,9.99,10.0,4690,2021-07-28 14:41:00,PAA
10.0,10.015,9.9994,10.0,5691,2021-07-28 14:42:00,PAA
10.0,10.01,10.0,10.01,305,2021-07-28 14:43:00,PAA
10.005,10.005,9.98,9.995,7802,2021-07-28 14:44:00,PAA
9.99,10.01,9.99,10.01,10562,2021-07-28 14:45:00,PAA
10.01,10.01,10.01,10.01,200,2021-07-28 14:46:00,PAA
10.01,10.01,10.0083,10.01,3082,2021-07-28 14:47:00,PAA
10.01,10.02,10.01,10.015,5908,2021-07-28 14:48:00,PAA
10.01,10.01,10.0099,10.01,1150,2021-07-28 14:49:00,PAA
10.01,10.01,10.003,10.01,2700,2021-07-28 14:50:00,PAA
10.005,10.01,10.0,10.0,2300,2021-07-28 14:51:00,PAA
9.9968,10.01,9.99,10.01,46109,2021-07-28 14:52:00,PAA
10.005,10.03,10.005,10.03,12133,2021-07-28 14:53:00,PAA
10.03,10.03,10.025,10.03,1600,2021-07-28 14:54:00,PAA
10.03,10.03,10.01,10.01,8892,2021-07-28 14:55:00,PAA
10.01,10.01,10.0,10.005,6690,2021-07-28 14:56:00,PAA
10.01,10.03,10.005,10.03,8664,2021-07-28 14:57:00,PAA
10.03,10.03,10.02,10.02,2100,2021-07-28 14:58:00,PAA
10.025,10.03,10.02,10.02,1339,2021-07-28 14:59:00,PAA
10.0201,10.0255,10.02,10.0255,5327,2021-07-28 15:00:00,PAA
10.02,10.04,10.02,10.04,10307,2021-07-28 15:01:00,PAA
10.04,10.04,10.03,10.04,4100,2021-07-28 15:02:00,PAA
10.04,10.04,10.04,10.04,100,2021-07-28 15:03:00,PAA
10.035,10.07,10.035,10.06,17394,2021-07-28 15:04:00,PAA
10.065,10.07,10.06,10.065,10774,2021-07-28 15:05:00,PAA
10.065,10.07,10.065,10.065,2400,2021-07-28 15:06:00,PAA
10.065,10.07,10.06,10.07,10250,2021-07-28 15:07:00,PAA
10.07,10.08,10.065,10.08,22281,2021-07-28 15:08:00,PAA
10.08,10.08,10.075,10.075,3059,2021-07-28 15:09:00,PAA
10.08,10.1,10.07,10.1,24638,2021-07-28 15:10:00,PAA
10.09,10.1,10.09,10.0977,18759,2021-07-28 15:11:00,PAA
10.1,10.1,10.075,10.075,6139,2021-07-28 15:12:00,PAA
10.075,10.085,10.075,10.085,18522,2021-07-28 15:13:00,PAA
10.075,10.075,10.075,10.075,1150,2021-07-28 15:14:00,PAA
10.07,10.09,10.0658,10.088,30948,2021-07-28 15:15:00,PAA
10.085,10.09,10.08,10.08,3000,2021-07-28 15:16:00,PAA
10.08,10.08,10.07,10.07,7568,2021-07-28 15:17:00,PAA
10.065,10.065,10.055,10.055,4190,2021-07-28 15:18:00,PAA
10.06,10.06,10.055,10.055,8079,2021-07-28 15:19:00,PAA
10.055,10.06,10.055,10.06,7347,2021-07-28 15:20:00,PAA
10.06,10.08,10.06,10.08,10324,2021-07-28 15:21:00,PAA
10.08,10.08,10.075,10.075,1700,2021-07-28 15:22:00,PAA
10.08,10.08,10.0734,10.08,2300,2021-07-28 15:23:00,PAA
10.075,10.08,10.075,10.075,600,2021-07-28 15:24:00,PAA
10.08,10.11,10.0726,10.11,38833,2021-07-28 15:25:00,PAA
10.11,10.12,10.11,10.1199,4164,2021-07-28 15:26:00,PAA
10.12,10.14,10.115,10.14,9322,2021-07-28 15:27:00,PAA
10.14,10.14,10.12,10.12,16178,2021-07-28 15:28:00,PAA
10.12,10.14,10.12,10.12,14816,2021-07-28 15:29:00,PAA
10.1285,10.14,10.12,10.1345,13663,2021-07-28 15:30:00,PAA
10.14,10.15,10.1301,10.15,10841,2021-07-28 15:31:00,PAA
10.16,10.16,10.15,10.16,5828,2021-07-28 15:32:00,PAA
10.15,10.16,10.14,10.145,16623,2021-07-28 15:33:00,PAA
10.15,10.18,10.145,10.155,45937,2021-07-28 15:34:00,PAA
10.15,10.15,10.14,10.14,7000,2021-07-28 15:35:00,PAA
10.15,10.15,10.1436,10.15,1714,2021-07-28 15:36:00,PAA
10.1478,10.15,10.145,10.15,2076,2021-07-28 15:37:00,PAA
10.145,10.16,10.145,10.16,8104,2021-07-28 15:38:00,PAA
10.16,10.16,10.155,10.16,7621,2021-07-28 15:39:00,PAA
10.15,10.16,10.15,10.155,8252,2021-07-28 15:40:00,PAA
10.16,10.16,10.15,10.155,12003,2021-07-28 15:41:00,PAA
10.15,10.16,10.15,10.15,2400,2021-07-28 15:42:00,PAA
10.15,10.15,10.125,10.13,18172,2021-07-28 15:43:00,PAA
10.13,10.14,10.125,10.135,9600,2021-07-28 15:44:00,PAA
10.135,10.14,10.135,10.14,1200,2021-07-28 15:45:00,PAA
10.14,10.16,10.135,10.155,11584,2021-07-28 15:46:00,PAA
10.16,10.16,10.15,10.16,1200,2021-07-28 15:47:00,PAA
10.15,10.155,10.145,10.15,7043,2021-07-28 15:48:00,PAA
10.15,10.16,10.14,10.16,7593,2021-07-28 15:49:00,PAA
10.16,10.18,10.16,10.18,7400,2021-07-28 15:50:00,PAA
10.18,10.2,10.179,10.185,13029,2021-07-28 15:51:00,PAA
10.185,10.185,10.18,10.185,730,2021-07-28 15:52:00,PAA
10.19,10.19,10.18,10.19,1100,2021-07-28 15:53:00,PAA
10.185,10.19,10.185,10.19,1865,2021-07-28 15:54:00,PAA
10.19,10.19,10.17,10.175,12350,2021-07-28 15:55:00,PAA
10.17,10.189,10.1698,10.1698,14326,2021-07-28 15:56:00,PAA
10.16,10.165,10.16,10.165,300,2021-07-28 15:57:00,PAA
10.165,10.165,10.15,10.15,2520,2021-07-28 15:58:00,PAA
10.155,10.155,10.15,10.15,1600,2021-07-28 15:59:00,PAA
10.155,10.155,10.14,10.15,3000,2021-07-28 16:00:00,PAA
10.145,10.15,10.14,10.145,3815,2021-07-28 16:01:00,PAA
10.14,10.145,10.14,10.14,1975,2021-07-28 16:02:00,PAA
10.145,10.16,10.145,10.159,10924,2021-07-28 16:03:00,PAA
10.16,10.16,10.14,10.145,7503,2021-07-28 16:04:00,PAA
10.15,10.15,10.145,10.1496,1000,2021-07-28 16:05:00,PAA
10.145,10.15,10.1401,10.145,1304,2021-07-28 16:06:00,PAA
10.145,10.15,10.14,10.14,2154,2021-07-28 16:07:00,PAA
10.145,10.145,10.14,10.145,1400,2021-07-28 16:08:00,PAA
10.145,10.145,10.1419,10.145,3600,2021-07-28 16:09:00,PAA
10.14,10.17,10.14,10.16,15416,2021-07-28 16:10:00,PAA
10.16,10.16,10.15,10.15,4024,2021-07-28 16:11:00,PAA
10.1494,10.15,10.14,10.145,3100,2021-07-28 16:12:00,PAA
10.145,10.145,10.145,10.145,700,2021-07-28 16:13:00,PAA
10.14,10.145,10.14,10.145,1938,2021-07-28 16:14:00,PAA
10.145,10.165,10.145,10.16,18754,2021-07-28 16:15:00,PAA
10.16,10.165,10.16,10.16,896,2021-07-28 16:16:00,PAA
10.165,10.18,10.165,10.18,11576,2021-07-28 16:17:00,PAA
10.18,10.18,10.1727,10.18,2600,2021-07-28 16:18:00,PAA
10.18,10.185,10.18,10.185,8320,2021-07-28 16:19:00,PAA
10.1801,10.185,10.1782,10.1782,4060,2021-07-28 16:20:00,PAA
10.18,10.18,10.18,10.18,2697,2021-07-28 16:21:00,PAA
10.1701,10.175,10.17,10.175,1346,2021-07-28 16:22:00,PAA
10.17,10.175,10.17,10.175,1000,2021-07-28 16:23:00,PAA
10.175,10.175,10.16,10.165,1872,2021-07-28 16:24:00,PAA
10.165,10.165,10.15,10.15,1600,2021-07-28 16:25:00,PAA
10.15,10.15,10.14,10.145,12106,2021-07-28 16:26:00,PAA
10.145,10.145,10.13,10.135,9600,2021-07-28 16:27:00,PAA
10.13,10.14,10.13,10.1398,3100,2021-07-28 16:28:00,PAA
10.135,10.14,10.13,10.135,3300,2021-07-28 16:29:00,PAA
10.13,10.14,10.13,10.135,5467,2021-07-28 16:30:00,PAA
10.135,10.135,10.12,10.125,1827,2021-07-28 16:31:00,PAA
10.125,10.125,10.12,10.12,1000,2021-07-28 16:32:00,PAA
10.12,10.125,10.12,10.12,1400,2021-07-28 16:33:00,PAA
10.125,10.125,10.11,10.11,4400,2021-07-28 16:34:00,PAA
10.115,10.14,10.115,10.135,32746,2021-07-28 16:35:00,PAA
10.14,10.15,10.135,10.15,11700,2021-07-28 16:36:00,PAA
10.15,10.15,10.15,10.15,1200,2021-07-28 16:37:00,PAA
10.145,10.15,10.14,10.145,900,2021-07-28 16:38:00,PAA
10.145,10.145,10.14,10.14,1100,2021-07-28 16:39:00,PAA
10.145,10.145,10.14,10.145,1200,2021-07-28 16:40:00,PAA
10.145,10.15,10.145,10.145,1300,2021-07-28 16:41:00,PAA
10.145,10.175,10.145,10.17,20853,2021-07-28 16:42:00,PAA
10.17,10.17,10.1683,10.17,658,2021-07-28 16:43:00,PAA
10.17,10.17,10.17,10.17,200,2021-07-28 16:44:00,PAA
10.17,10.17,10.165,10.165,400,2021-07-28 16:45:00,PAA
10.165,10.17,10.165,10.165,2760,2021-07-28 16:46:00,PAA
10.165,10.165,10.165,10.165,900,2021-07-28 16:47:00,PAA
10.165,10.165,10.15,10.15,7475,2021-07-28 16:48:00,PAA
10.15,10.16,10.15,10.155,3495,2021-07-28 16:49:00,PAA
10.15,10.165,10.15,10.165,9373,2021-07-28 16:50:00,PAA
10.16,10.17,10.16,10.1664,1023,2021-07-28 16:51:00,PAA
10.17,10.17,10.165,10.17,700,2021-07-28 16:52:00,PAA
10.17,10.17,10.1615,10.165,2600,2021-07-28 16:53:00,PAA
10.165,10.17,10.1639,10.165,10385,2021-07-28 16:54:00,PAA
10.17,10.17,10.165,10.17,1200,2021-07-28 16:55:00,PAA
10.17,10.18,10.17,10.18,10177,2021-07-28 16:56:00,PAA
10.175,10.18,10.16,10.16,5359,2021-07-28 16:57:00,PAA
10.16,10.165,10.16,10.165,1100,2021-07-28 16:58:00,PAA
10.16,10.165,10.16,10.165,300,2021-07-28 16:59:00,PAA
10.17,10.19,10.17,10.19,7851,2021-07-28 17:00:00,PAA
10.19,10.21,10.19,10.21,25069,2021-07-28 17:01:00,PAA
10.2001,10.21,10.2001,10.21,6600,2021-07-28 17:02:00,PAA
10.2,10.205,10.19,10.2,5995,2021-07-28 17:03:00,PAA
10.195,10.195,10.19,10.19,4400,2021-07-28 17:04:00,PAA
10.195,10.21,10.195,10.21,6974,2021-07-28 17:05:00,PAA
10.205,10.205,10.19,10.2,2850,2021-07-28 17:06:00,PAA
10.195,10.1999,10.1839,10.1839,4301,2021-07-28 17:07:00,PAA
10.185,10.2,10.185,10.195,4688,2021-07-28 17:08:00,PAA
10.2,10.21,10.2,10.21,4534,2021-07-28 17:09:00,PAA
10.205,10.21,10.205,10.21,700,2021-07-28 17:10:00,PAA
10.21,10.21,10.21,10.21,100,2021-07-28 17:11:00,PAA
10.21,10.21,10.21,10.21,300,2021-07-28 17:12:00,PAA
10.21,10.21,10.2,10.2,2650,2021-07-28 17:13:00,PAA
10.2,10.205,10.2,10.205,1127,2021-07-28 17:14:00,PAA
10.205,10.205,10.2,10.205,2530,2021-07-28 17:15:00,PAA
10.2,10.205,10.2,10.2,1800,2021-07-28 17:16:00,PAA
10.2,10.215,10.2,10.21,10793,2021-07-28 17:17:00,PAA
10.215,10.215,10.2,10.2,5738,2021-07-28 17:18:00,PAA
10.2,10.205,10.2,10.2,500,2021-07-28 17:19:00,PAA
10.2,10.205,10.19,10.19,28077,2021-07-28 17:20:00,PAA
10.195,10.195,10.19,10.19,3623,2021-07-28 17:21:00,PAA
10.19,10.19,10.175,10.18,4597,2021-07-28 17:22:00,PAA
10.17,10.18,10.17,10.18,4200,2021-07-28 17:23:00,PAA
10.175,10.18,10.175,10.18,2700,2021-07-28 17:24:00,PAA
10.18,10.18,10.18,10.18,300,2021-07-28 17:25:00,PAA
10.175,10.18,10.17,10.175,5406,2021-07-28 17:26:00,PAA
10.175,10.175,10.17,10.175,300,2021-07-28 17:27:00,PAA
10.175,10.175,10.16,10.165,14403,2021-07-28 17:28:00,PAA
10.16,10.165,10.16,10.165,200,2021-07-28 17:29:00,PAA
10.165,10.165,10.16,10.165,1800,2021-07-28 17:30:00,PAA
10.165,10.165,10.165,10.165,500,2021-07-28 17:31:00,PAA
10.165,10.175,10.155,10.16,25205,2021-07-28 17:32:00,PAA
10.165,10.165,10.165,10.165,500,2021-07-28 17:33:00,PAA
10.165,10.17,10.16,10.16,10477,2021-07-28 17:34:00,PAA
10.15,10.17,10.15,10.16,8524,2021-07-28 17:35:00,PAA
10.16,10.16,10.16,10.16,4188,2021-07-28 17:36:00,PAA
10.16,10.16,10.15,10.15,1600,2021-07-28 17:37:00,PAA
10.155,10.155,10.15,10.15,1434,2021-07-28 17:38:00,PAA
10.155,10.16,10.15,10.16,6836,2021-07-28 17:39:00,PAA
10.155,10.16,10.135,10.135,4204,2021-07-28 17:40:00,PAA
10.135,10.14,10.135,10.14,6900,2021-07-28 17:41:00,PAA
10.14,10.14,10.1358,10.14,4273,2021-07-28 17:42:00,PAA
10.14,10.14,10.14,10.14,1699,2021-07-28 17:43:00,PAA
10.135,10.14,10.135,10.135,1532,2021-07-28 17:44:00,PAA
10.135,10.135,10.13,10.135,1500,2021-07-28 17:45:00,PAA
10.13,10.135,10.13,10.13,1100,2021-07-28 17:46:00,PAA
10.135,10.14,10.13,10.135,1790,2021-07-28 17:47:00,PAA
10.13,10.135,10.13,10.13,1200,2021-07-28 17:48:00,PAA
10.135,10.14,10.13,10.135,7200,2021-07-28 17:49:00,PAA
10.135,10.14,10.135,10.135,3200,2021-07-28 17:50:00,PAA
10.135,10.135,10.13,10.13,1500,2021-07-28 17:51:00,PAA
10.13,10.14,10.13,10.14,1400,2021-07-28 17:52:00,PAA
10.135,10.146,10.13,10.135,34745,2021-07-28 17:53:00,PAA
10.135,10.135,10.13,10.13,350,2021-07-28 17:54:00,PAA
10.135,10.135,10.13,10.13,2100,2021-07-28 17:55:00,PAA
10.135,10.135,10.13,10.13,300,2021-07-28 17:56:00,PAA
10.13,10.14,10.13,10.14,2400,2021-07-28 17:57:00,PAA
10.14,10.14,10.13,10.1304,2566,2021-07-28 17:58:00,PAA
10.13,10.135,10.12,10.12,4800,2021-07-28 17:59:00,PAA
10.13,10.13,10.125,10.13,2400,2021-07-28 18:00:00,PAA
10.13,10.155,10.13,10.155,10156,2021-07-28 18:01:00,PAA
10.17,10.19,10.17,10.19,3470,2021-07-28 18:02:00,PAA
10.1868,10.19,10.185,10.19,400,2021-07-28 18:03:00,PAA
10.19,10.19,10.18,10.185,700,2021-07-28 18:04:00,PAA
10.185,10.19,10.15,10.16,15061,2021-07-28 18:05:00,PAA
10.16,10.165,10.1582,10.16,8600,2021-07-28 18:06:00,PAA
10.165,10.185,10.16,10.18,11564,2021-07-28 18:07:00,PAA
10.18,10.18,10.17,10.175,13300,2021-07-28 18:08:00,PAA
10.17,10.18,10.17,10.18,2700,2021-07-28 18:09:00,PAA
10.175,10.175,10.15,10.155,8318,2021-07-28 18:10:00,PAA
10.15,10.16,10.15,10.155,3300,2021-07-28 18:11:00,PAA
10.155,10.17,10.155,10.165,6260,2021-07-28 18:12:00,PAA
10.165,10.17,10.16,10.16,1200,2021-07-28 18:13:00,PAA
10.163,10.17,10.16,10.165,1964,2021-07-28 18:14:00,PAA
10.16,10.16,10.14,10.155,14726,2021-07-28 18:15:00,PAA
10.16,10.16,10.155,10.155,1100,2021-07-28 18:16:00,PAA
10.16,10.16,10.15,10.15,2598,2021-07-28 18:17:00,PAA
10.155,10.16,10.15,10.15,1600,2021-07-28 18:18:00,PAA
10.16,10.165,10.15,10.16,14350,2021-07-28 18:19:00,PAA
10.16,10.16,10.16,10.16,1305,2021-07-28 18:20:00,PAA
10.16,10.165,10.1577,10.16,4600,2021-07-28 18:21:00,PAA
10.165,10.17,10.16,10.17,3664,2021-07-28 18:22:00,PAA
10.165,10.165,10.16,10.165,600,2021-07-28 18:23:00,PAA
10.165,10.17,10.16,10.17,16650,2021-07-28 18:24:00,PAA
10.17,10.18,10.17,10.18,5451,2021-07-28 18:25:00,PAA
10.18,10.18,10.1743,10.18,4100,2021-07-28 18:26:00,PAA
10.18,10.18,10.175,10.18,400,2021-07-28 18:27:00,PAA
10.18,10.19,10.175,10.18,5300,2021-07-28 18:28:00,PAA
10.18,10.19,10.18,10.19,9300,2021-07-28 18:29:00,PAA
10.185,10.2,10.18,10.2,7550,2021-07-28 18:30:00,PAA
10.2,10.22,10.2,10.22,10912,2021-07-28 18:31:00,PAA
10.22,10.23,10.22,10.22,16147,2021-07-28 18:32:00,PAA
10.225,10.23,10.2229,10.23,8196,2021-07-28 18:33:00,PAA
10.225,10.24,10.225,10.24,9357,2021-07-28 18:34:00,PAA
10.24,10.24,10.23,10.24,35349,2021-07-28 18:35:00,PAA
10.24,10.24,10.2319,10.235,3900,2021-07-28 18:36:00,PAA
10.24,10.24,10.235,10.235,900,2021-07-28 18:37:00,PAA
10.2399,10.24,10.23,10.24,2900,2021-07-28 18:38:00,PAA
10.235,10.25,10.235,10.25,11993,2021-07-28 18:39:00,PAA
10.25,10.25,10.2448,10.25,2575,2021-07-28 18:40:00,PAA
10.25,10.26,10.25,10.26,5414,2021-07-28 18:41:00,PAA
10.26,10.26,10.26,10.26,100,2021-07-28 18:42:00,PAA
10.26,10.26,10.255,10.255,2400,2021-07-28 18:43:00,PAA
10.26,10.27,10.255,10.265,24875,2021-07-28 18:44:00,PAA
10.27,10.28,10.27,10.28,14409,2021-07-28 18:45:00,PAA
10.275,10.275,10.275,10.275,606,2021-07-28 18:46:00,PAA
10.28,10.28,10.2716,10.2716,3422,2021-07-28 18:47:00,PAA
10.28,10.28,10.275,10.275,6500,2021-07-28 18:48:00,PAA
10.275,10.2782,10.275,10.275,1300,2021-07-28 18:49:00,PAA
10.275,10.2875,10.275,10.2875,9484,2021-07-28 18:50:00,PAA
10.28,10.285,10.28,10.28,17430,2021-07-28 18:51:00,PAA
10.275,10.28,10.27,10.275,7400,2021-07-28 18:52:00,PAA
10.2755,10.285,10.265,10.285,48260,2021-07-28 18:53:00,PAA
10.2801,10.285,10.27,10.27,16376,2021-07-28 18:54:00,PAA
10.27,10.27,10.27,10.27,1300,2021-07-28 18:55:00,PAA
10.27,10.27,10.265,10.265,1900,2021-07-28 18:57:00,PAA
10.265,10.27,10.2639,10.265,1600,2021-07-28 18:58:00,PAA
10.27,10.27,10.265,10.27,1600,2021-07-28 18:59:00,PAA
10.265,10.27,10.265,10.265,8422,2021-07-28 19:00:00,PAA
10.265,10.275,10.265,10.2701,17255,2021-07-28 19:01:00,PAA
10.275,10.275,10.275,10.275,200,2021-07-28 19:02:00,PAA
10.28,10.29,10.275,10.28,23794,2021-07-28 19:03:00,PAA
10.285,10.29,10.28,10.285,3100,2021-07-28 19:04:00,PAA
10.28,10.285,10.28,10.285,1873,2021-07-28 19:05:00,PAA
10.285,10.285,10.27,10.27,5313,2021-07-28 19:06:00,PAA
10.275,10.28,10.27,10.27,1350,2021-07-28 19:07:00,PAA
10.27,10.27,10.25,10.25,9441,2021-07-28 19:08:00,PAA
10.25,10.255,10.25,10.255,3400,2021-07-28 19:09:00,PAA
10.255,10.255,10.25,10.25,2600,2021-07-28 19:10:00,PAA
10.25,10.255,10.24,10.24,6731,2021-07-28 19:11:00,PAA
10.245,10.245,10.24,10.245,3300,2021-07-28 19:12:00,PAA
10.245,10.2451,10.225,10.225,9571,2021-07-28 19:13:00,PAA
10.22,10.225,10.22,10.22,2500,2021-07-28 19:14:00,PAA
10.225,10.225,10.22,10.22,3402,2021-07-28 19:15:00,PAA
10.22,10.22,10.21,10.21,26927,2021-07-28 19:16:00,PAA
10.215,10.22,10.21,10.215,12127,2021-07-28 19:17:00,PAA
10.215,10.215,10.21,10.215,3000,2021-07-28 19:18:00,PAA
10.21,10.22,10.21,10.215,19200,2021-07-28 19:19:00,PAA
10.215,10.22,10.21,10.215,6932,2021-07-28 19:20:00,PAA
10.215,10.215,10.21,10.215,7742,2021-07-28 19:21:00,PAA
10.22,10.22,10.205,10.205,12380,2021-07-28 19:22:00,PAA
10.205,10.205,10.19,10.195,15399,2021-07-28 19:23:00,PAA
10.195,10.2,10.195,10.195,7264,2021-07-28 19:24:00,PAA
10.2,10.21,10.2,10.21,9732,2021-07-28 19:25:00,PAA
10.21,10.21,10.205,10.21,900,2021-07-28 19:26:00,PAA
10.21,10.22,10.205,10.22,11386,2021-07-28 19:27:00,PAA
10.22,10.22,10.22,10.22,300,2021-07-28 19:28:00,PAA
10.22,10.22,10.21,10.22,8600,2021-07-28 19:29:00,PAA
10.22,10.22,10.21,10.215,1737,2021-07-28 19:30:00,PAA
10.21,10.22,10.21,10.22,21702,2021-07-28 19:31:00,PAA
10.22,10.22,10.215,10.215,2700,2021-07-28 19:32:00,PAA
10.22,10.22,10.215,10.215,2299,2021-07-28 19:33:00,PAA
10.22,10.22,10.211,10.215,9850,2021-07-28 19:34:00,PAA
10.215,10.22,10.21,10.215,11263,2021-07-28 19:35:00,PAA
10.22,10.22,10.21,10.22,12240,2021-07-28 19:36:00,PAA
10.215,10.22,10.215,10.22,9755,2021-07-28 19:37:00,PAA
10.22,10.22,10.21,10.22,4300,2021-07-28 19:38:00,PAA
10.22,10.22,10.21,10.22,7702,2021-07-28 19:39:00,PAA
10.22,10.22,10.215,10.215,8200,2021-07-28 19:40:00,PAA
10.22,10.22,10.215,10.215,3400,2021-07-28 19:41:00,PAA
10.22,10.22,10.2101,10.215,12224,2021-07-28 19:42:00,PAA
10.21,10.22,10.21,10.22,25234,2021-07-28 19:43:00,PAA
10.21,10.22,10.21,10.22,2272,2021-07-28 19:44:00,PAA
10.215,10.23,10.21,10.23,30342,2021-07-28 19:45:00,PAA
10.23,10.23,10.225,10.23,3285,2021-07-28 19:46:00,PAA
10.23,10.23,10.2238,10.23,3727,2021-07-28 19:47:00,PAA
10.225,10.23,10.2201,10.225,13812,2021-07-28 19:48:00,PAA
10.225,10.23,10.21,10.215,51172,2021-07-28 19:49:00,PAA
10.22,10.22,10.2,10.205,27790,2021-07-28 19:50:00,PAA
10.205,10.21,10.2001,10.205,11072,2021-07-28 19:51:00,PAA
10.205,10.21,10.2042,10.205,13005,2021-07-28 19:52:00,PAA
10.205,10.22,10.2,10.2,57629,2021-07-28 19:53:00,PAA
10.205,10.205,10.18,10.185,22746,2021-07-28 19:54:00,PAA
10.185,10.19,10.18,10.185,40026,2021-07-28 19:55:00,PAA
10.19,10.19,10.18,10.18,39322,2021-07-28 19:56:00,PAA
10.185,10.19,10.18,10.18,28510,2021-07-28 19:57:00,PAA
10.18,10.19,10.17,10.17,77880,2021-07-28 19:58:00,PAA
10.17,10.18,10.16,10.16,67812,2021-07-28 19:59:00,PAA
10.16,10.16,10.16,10.16,68437,2021-07-28 20:00:00,PAA
10.17,10.17,10.17,10.17,100,2021-07-28 20:09:00,PAA
10.16,10.16,10.16,10.16,34157,2021-07-28 21:04:00,PAA
10.2,10.2,10.2,10.2,110,2021-07-28 23:18:00,PAA
10.24,10.25,10.24,10.25,900,2021-07-28 23:26:00,PAA
10.25,10.25,10.25,10.25,390,2021-07-28 23:30:00,PAA
10.09,10.13,10.09,10.13,497,2021-07-29 11:01:00,PAA
10.18,10.18,10.18,10.18,200,2021-07-29 11:02:00,PAA
10.14,10.15,10.14,10.15,2800,2021-07-29 12:04:00,PAA
10.11,10.11,10.11,10.11,1000,2021-07-29 12:58:00,PAA
10.0,10.01,10.0,10.01,1397,2021-07-29 13:25:00,PAA
10.12,10.12,10.01,10.01,1030,2021-07-29 13:27:00,PAA
10.05,10.125,10.05,10.08,35664,2021-07-29 13:30:00,PAA
10.0792,10.149,10.07,10.145,10105,2021-07-29 13:31:00,PAA
10.14,10.14,10.11,10.12,5725,2021-07-29 13:32:00,PAA
10.12,10.13,10.0522,10.0522,19632,2021-07-29 13:33:00,PAA
10.0599,10.0599,10.03,10.04,10300,2021-07-29 13:34:00,PAA
10.03,10.03,9.99,10.0,18249,2021-07-29 13:35:00,PAA
9.995,9.995,9.95,9.96,35957,2021-07-29 13:36:00,PAA
9.96,9.98,9.96,9.96,19520,2021-07-29 13:37:00,PAA
9.96,9.99,9.95,9.9712,25429,2021-07-29 13:38:00,PAA
9.98,9.99,9.98,9.99,3000,2021-07-29 13:39:00,PAA
9.9995,10.0,9.975,10.0,19005,2021-07-29 13:40:00,PAA
10.0,10.02,9.99,10.0,21129,2021-07-29 13:41:00,PAA
10.0,10.015,9.995,10.01,8100,2021-07-29 13:42:00,PAA
10.0,10.01,9.9911,10.005,10535,2021-07-29 13:43:00,PAA
10.005,10.005,9.9582,9.97,8860,2021-07-29 13:44:00,PAA
9.97,9.97,9.9415,9.945,26350,2021-07-29 13:45:00,PAA
9.94,9.95,9.93,9.9456,16000,2021-07-29 13:46:00,PAA
9.94,9.9599,9.94,9.946,5001,2021-07-29 13:47:00,PAA
9.945,9.95,9.931,9.95,8700,2021-07-29 13:48:00,PAA
9.9485,9.97,9.9485,9.97,12836,2021-07-29 13:49:00,PAA
9.98,10.01,9.98,10.0052,9550,2021-07-29 13:50:00,PAA
10.0,10.005,9.97,9.975,24782,2021-07-29 13:51:00,PAA
9.975,9.975,9.95,9.96,2600,2021-07-29 13:52:00,PAA
9.96,9.96,9.96,9.96,2600,2021-07-29 13:53:00,PAA
9.95,9.95,9.9,9.9099,30930,2021-07-29 13:54:00,PAA
9.91,9.96,9.91,9.96,32590,2021-07-29 13:55:00,PAA
9.96,9.96,9.955,9.955,400,2021-07-29 13:56:00,PAA
9.95,9.97,9.94,9.96,16563,2021-07-29 13:57:00,PAA
9.97,9.98,9.97,9.98,1900,2021-07-29 13:58:00,PAA
9.985,9.985,9.97,9.97,4600,2021-07-29 13:59:00,PAA
9.9761,9.9761,9.955,9.965,5482,2021-07-29 14:00:00,PAA
9.96,9.96,9.94,9.94,3552,2021-07-29 14:01:00,PAA
9.95,9.96,9.93,9.94,4970,2021-07-29 14:02:00,PAA
9.93,9.9599,9.93,9.9599,16771,2021-07-29 14:03:00,PAA
9.96,9.98,9.96,9.9786,15882,2021-07-29 14:04:00,PAA
9.975,9.975,9.96,9.96,15756,2021-07-29 14:05:00,PAA
9.965,9.97,9.96,9.9658,15086,2021-07-29 14:06:00,PAA
9.97,9.97,9.965,9.965,2200,2021-07-29 14:07:00,PAA
9.97,9.97,9.96,9.96,600,2021-07-29 14:08:00,PAA
9.965,9.9799,9.95,9.96,51206,2021-07-29 14:09:00,PAA
9.96,9.97,9.96,9.97,2400,2021-07-29 14:10:00,PAA
9.9795,9.995,9.9795,9.99,3100,2021-07-29 14:11:00,PAA
10.0,10.02,10.0,10.0115,46295,2021-07-29 14:12:00,PAA
10.02,10.06,10.02,10.06,13248,2021-07-29 14:13:00,PAA
10.055,10.06,10.05,10.05,5990,2021-07-29 14:14:00,PAA
10.0598,10.0601,10.05,10.0601,7000,2021-07-29 14:15:00,PAA
10.0691,10.07,10.055,10.055,17864,2021-07-29 14:16:00,PAA
10.06,10.0732,10.055,10.0732,11273,2021-07-29 14:17:00,PAA
10.08,10.08,10.075,10.08,8847,2021-07-29 14:18:00,PAA
10.07,10.0795,10.07,10.0795,1800,2021-07-29 14:19:00,PAA
10.075,10.075,10.07,10.07,1379,2021-07-29 14:20:00,PAA
10.08,10.08,10.0701,10.0701,8300,2021-07-29 14:21:00,PAA
10.0794,10.0794,10.05,10.05,8699,2021-07-29 14:22:00,PAA
10.06,10.06,10.05,10.05,1333,2021-07-29 14:23:00,PAA
10.04,10.0475,10.04,10.0401,6200,2021-07-29 14:24:00,PAA
10.035,10.055,10.035,10.055,17019,2021-07-29 14:25:00,PAA
10.05,10.05,10.04,10.04,6000,2021-07-29 14:26:00,PAA
10.041,10.041,10.04,10.04,414,2021-07-29 14:27:00,PAA
10.0326,10.0326,10.02,10.0201,4165,2021-07-29 14:28:00,PAA
10.02,10.04,10.02,10.04,10803,2021-07-29 14:29:00,PAA
10.03,10.04,10.03,10.04,900,2021-07-29 14:30:00,PAA
10.03,10.04,10.01,10.04,32881,2021-07-29 14:31:00,PAA
10.03,10.0302,10.01,10.0155,55264,2021-07-29 14:32:00,PAA
10.02,10.03,10.01,10.01,1900,2021-07-29 14:33:00,PAA
10.01,10.03,10.01,10.03,11496,2021-07-29 14:34:00,PAA
10.03,10.0437,10.03,10.0437,2021,2021-07-29 14:35:00,PAA
10.045,10.05,10.0407,10.05,2893,2021-07-29 14:36:00,PAA
10.0499,10.0509,10.035,10.0509,17959,2021-07-29 14:37:00,PAA
10.05,10.0501,10.03,10.03,12987,2021-07-29 14:38:00,PAA
10.03,10.0401,10.03,10.0401,23815,2021-07-29 14:39:00,PAA
10.05,10.05,10.0413,10.0451,10630,2021-07-29 14:40:00,PAA
10.0413,10.09,10.0413,10.09,50422,2021-07-29 14:41:00,PAA
10.095,10.1,10.07,10.09,28724,2021-07-29 14:42:00,PAA
10.095,10.095,10.07,10.075,22363,2021-07-29 14:43:00,PAA
10.075,10.08,10.07,10.07,2339,2021-07-29 14:44:00,PAA
10.07,10.07,10.05,10.06,23200,2021-07-29 14:45:00,PAA
10.06,10.06,10.05,10.05,2300,2021-07-29 14:46:00,PAA
10.05,10.0599,10.05,10.0599,500,2021-07-29 14:47:00,PAA
10.0501,10.1,10.0501,10.1,47179,2021-07-29 14:48:00,PAA
10.1,10.11,10.08,10.083,31997,2021-07-29 14:49:00,PAA
10.09,10.09,10.072,10.08,16458,2021-07-29 14:50:00,PAA
10.075,10.075,10.075,10.075,100,2021-07-29 14:51:00,PAA
10.07,10.075,10.06,10.0601,7459,2021-07-29 14:52:00,PAA
10.07,10.075,10.06,10.0633,42210,2021-07-29 14:53:00,PAA
10.06,10.07,10.05,10.05,8800,2021-07-29 14:54:00,PAA
10.05,10.05,10.01,10.015,12525,2021-07-29 14:55:00,PAA
10.01,10.02,10.01,10.02,900,2021-07-29 14:56:00,PAA
10.015,10.03,10.01,10.01,37700,2021-07-29 14:57:00,PAA
10.01,10.02,10.01,10.02,7877,2021-07-29 14:58:00,PAA
10.02,10.025,10.02,10.02,1900,2021-07-29 14:59:00,PAA
10.0299,10.0299,10.01,10.02,4750,2021-07-29 15:00:00,PAA
10.02,10.02,10.02,10.02,3100,2021-07-29 15:01:00,PAA
10.015,10.015,10.01,10.01,500,2021-07-29 15:02:00,PAA
10.02,10.02,10.015,10.02,12400,2021-07-29 15:03:00,PAA
10.0115,10.02,10.0115,10.02,3800,2021-07-29 15:04:00,PAA
10.02,10.03,10.02,10.03,7436,2021-07-29 15:05:00,PAA
10.03,10.04,10.0286,10.04,2963,2021-07-29 15:06:00,PAA
10.04,10.04,10.0334,10.0399,2300,2021-07-29 15:07:00,PAA
10.035,10.055,10.035,10.055,4848,2021-07-29 15:08:00,PAA
10.05,10.055,10.04,10.045,27745,2021-07-29 15:09:00,PAA
10.045,10.045,10.0217,10.03,24453,2021-07-29 15:10:00,PAA
10.02,10.05,10.02,10.05,10266,2021-07-29 15:11:00,PAA
10.05,10.06,10.05,10.055,6285,2021-07-29 15:12:00,PAA
10.055,10.06,10.05,10.06,4986,2021-07-29 15:13:00,PAA
10.06,10.0673,10.06,10.065,5985,2021-07-29 15:14:00,PAA
10.065,10.07,10.06,10.06,1818,2021-07-29 15:15:00,PAA
10.06,10.06,10.04,10.0464,10775,2021-07-29 15:16:00,PAA
10.05,10.05,10.049,10.05,4600,2021-07-29 15:18:00,PAA
10.06,10.07,10.06,10.065,1700,2021-07-29 15:19:00,PAA
10.065,10.075,10.06,10.075,2800,2021-07-29 15:20:00,PAA
10.07,10.075,10.065,10.07,4778,2021-07-29 15:21:00,PAA
10.075,10.075,10.07,10.07,1900,2021-07-29 15:22:00,PAA
10.07,10.07,10.07,10.07,200,2021-07-29 15:23:00,PAA
10.07,10.07,10.06,10.06,5753,2021-07-29 15:24:00,PAA
10.0601,10.07,10.0601,10.065,12100,2021-07-29 15:25:00,PAA
10.06,10.06,10.04,10.05,18339,2021-07-29 15:26:00,PAA
10.045,10.045,10.045,10.045,100,2021-07-29 15:27:00,PAA
10.045,10.06,10.045,10.06,4000,2021-07-29 15:28:00,PAA
10.055,10.0577,10.05,10.05,2229,2021-07-29 15:29:00,PAA
10.0557,10.0568,10.055,10.055,1384,2021-07-29 15:30:00,PAA
10.06,10.07,10.06,10.07,6300,2021-07-29 15:31:00,PAA
10.07,10.07,10.07,10.07,200,2021-07-29 15:32:00,PAA
10.07,10.08,10.07,10.07,4040,2021-07-29 15:33:00,PAA
10.08,10.09,10.08,10.09,4016,2021-07-29 15:34:00,PAA
10.085,10.1,10.085,10.1,5700,2021-07-29 15:35:00,PAA
10.095,10.095,10.095,10.095,200,2021-07-29 15:36:00,PAA
10.095,10.11,10.095,10.11,16581,2021-07-29 15:37:00,PAA
10.1066,10.1066,10.095,10.1,11427,2021-07-29 15:38:00,PAA
10.0901,10.0956,10.09,10.09,598,2021-07-29 15:39:00,PAA
10.092,10.1,10.0901,10.0945,2300,2021-07-29 15:40:00,PAA
10.095,10.095,10.085,10.09,8578,2021-07-29 15:41:00,PAA
10.09,10.11,10.09,10.11,10647,2021-07-29 15:42:00,PAA
10.11,10.11,10.103,10.105,2440,2021-07-29 15:43:00,PAA
10.11,10.11,10.1009,10.11,5324,2021-07-29 15:44:00,PAA
10.1,10.1,10.0916,10.1,10668,2021-07-29 15:45:00,PAA
10.1,10.11,10.1,10.105,18495,2021-07-29 15:46:00,PAA
10.105,10.105,10.0928,10.0999,14961,2021-07-29 15:47:00,PAA
10.1,10.11,10.1,10.11,11332,2021-07-29 15:48:00,PAA
10.1028,10.105,10.1,10.105,4210,2021-07-29 15:49:00,PAA
10.1001,10.105,10.1,10.105,1992,2021-07-29 15:50:00,PAA
10.1,10.11,10.1,10.1,26690,2021-07-29 15:51:00,PAA
10.1,10.105,10.07,10.0896,86162,2021-07-29 15:52:00,PAA
10.09,10.1,10.09,10.1,5350,2021-07-29 15:53:00,PAA
10.0967,10.1,10.0967,10.1,1055,2021-07-29 15:54:00,PAA
10.095,10.1,10.095,10.1,7683,2021-07-29 15:55:00,PAA
10.1,10.1,10.1,10.1,1522,2021-07-29 15:56:00,PAA
10.1,10.1,10.09,10.1,13527,2021-07-29 15:57:00,PAA
10.1,10.1,10.095,10.095,848,2021-07-29 15:58:00,PAA
10.1,10.1,10.1,10.1,600,2021-07-29 15:59:00,PAA
10.1,10.12,10.1,10.12,9244,2021-07-29 16:00:00,PAA
10.11,10.12,10.11,10.12,34425,2021-07-29 16:01:00,PAA
10.125,10.13,10.12,10.13,2300,2021-07-29 16:02:00,PAA
10.125,10.13,10.12,10.125,29773,2021-07-29 16:03:00,PAA
10.125,10.13,10.12,10.125,28484,2021-07-29 16:04:00,PAA
10.125,10.125,10.12,10.12,5000,2021-07-29 16:05:00,PAA
10.125,10.125,10.09,10.095,26289,2021-07-29 16:06:00,PAA
10.095,10.1,10.095,10.1,1250,2021-07-29 16:07:00,PAA
10.1,10.11,10.1,10.11,3975,2021-07-29 16:08:00,PAA
10.11,10.12,10.11,10.1157,2536,2021-07-29 16:09:00,PAA
10.115,10.115,10.103,10.11,7523,2021-07-29 16:10:00,PAA
10.11,10.11,10.105,10.105,400,2021-07-29 16:11:00,PAA
10.1,10.11,10.1,10.11,8538,2021-07-29 16:12:00,PAA
10.105,10.105,10.1,10.105,1300,2021-07-29 16:13:00,PAA
10.105,10.11,10.1,10.105,2963,2021-07-29 16:14:00,PAA
10.105,10.105,10.1,10.1,1400,2021-07-29 16:15:00,PAA
10.105,10.12,10.105,10.12,4563,2021-07-29 16:16:00,PAA
10.119,10.12,10.119,10.1199,2752,2021-07-29 16:17:00,PAA
10.12,10.12,10.11,10.12,7283,2021-07-29 16:18:00,PAA
10.12,10.12,10.12,10.12,400,2021-07-29 16:19:00,PAA
10.115,10.13,10.115,10.125,8285,2021-07-29 16:20:00,PAA
10.125,10.125,10.115,10.115,23044,2021-07-29 16:21:00,PAA
10.1199,10.12,10.1199,10.12,3100,2021-07-29 16:22:00,PAA
10.12,10.12,10.12,10.12,200,2021-07-29 16:23:00,PAA
10.115,10.115,10.1145,10.115,1000,2021-07-29 16:24:00,PAA
10.11,10.12,10.11,10.115,518,2021-07-29 16:25:00,PAA
10.115,10.115,10.09,10.1,55499,2021-07-29 16:26:00,PAA
10.095,10.1,10.0912,10.1,11700,2021-07-29 16:27:00,PAA
10.095,10.1,10.095,10.1,400,2021-07-29 16:28:00,PAA
10.095,10.11,10.095,10.105,21006,2021-07-29 16:29:00,PAA
10.11,10.12,10.1,10.12,28443,2021-07-29 16:30:00,PAA
10.12,10.12,10.12,10.12,1700,2021-07-29 16:31:00,PAA
10.12,10.12,10.1142,10.1142,1926,2021-07-29 16:32:00,PAA
10.11,10.115,10.11,10.115,14897,2021-07-29 16:33:00,PAA
10.12,10.12,10.12,10.12,200,2021-07-29 16:34:00,PAA
10.11,10.115,10.1,10.11,16684,2021-07-29 16:35:00,PAA
10.11,10.12,10.105,10.12,6887,2021-07-29 16:36:00,PAA
10.12,10.12,10.11,10.11,9312,2021-07-29 16:37:00,PAA
10.115,10.115,10.115,10.115,500,2021-07-29 16:38:00,PAA
10.1133,10.115,10.11,10.115,4099,2021-07-29 16:39:00,PAA
10.12,10.12,10.11,10.12,800,2021-07-29 16:40:00,PAA
10.115,10.12,10.095,10.1,22673,2021-07-29 16:41:00,PAA
10.095,10.1,10.09,10.095,23400,2021-07-29 16:42:00,PAA
10.095,10.11,10.09,10.11,5000,2021-07-29 16:43:00,PAA
10.1023,10.11,10.1023,10.11,900,2021-07-29 16:44:00,PAA
10.11,10.11,10.0901,10.1,21862,2021-07-29 16:45:00,PAA
10.095,10.095,10.07,10.075,53331,2021-07-29 16:46:00,PAA
10.075,10.08,10.0701,10.075,15338,2021-07-29 16:47:00,PAA
10.08,10.09,10.08,10.09,2699,2021-07-29 16:48:00,PAA
10.09,10.09,10.09,10.09,400,2021-07-29 16:49:00,PAA
10.09,10.09,10.09,10.09,620,2021-07-29 16:50:00,PAA
10.0893,10.1,10.0893,10.1,9500,2021-07-29 16:51:00,PAA
10.1,10.1,10.1,10.1,400,2021-07-29 16:52:00,PAA
10.1,10.1,10.1,10.1,339,2021-07-29 16:53:00,PAA
10.1,10.105,10.1,10.105,2993,2021-07-29 16:54:00,PAA
10.1089,10.11,10.105,10.11,4300,2021-07-29 16:55:00,PAA
10.11,10.13,10.105,10.13,54432,2021-07-29 16:56:00,PAA
10.13,10.13,10.12,10.13,5270,2021-07-29 16:57:00,PAA
10.12,10.125,10.11,10.12,17948,2021-07-29 16:58:00,PAA
10.12,10.12,10.12,10.12,1300,2021-07-29 16:59:00,PAA
10.12,10.12,10.12,10.12,200,2021-07-29 17:00:00,PAA
10.12,10.12,10.12,10.12,600,2021-07-29 17:01:00,PAA
10.12,10.13,10.115,10.13,2748,2021-07-29 17:02:00,PAA
10.13,10.13,10.13,10.13,100,2021-07-29 17:05:00,PAA
10.12,10.125,10.12,10.125,1830,2021-07-29 17:08:00,PAA
10.12,10.125,10.12,10.125,768,2021-07-29 17:09:00,PAA
10.125,10.125,10.125,10.125,500,2021-07-29 17:10:00,PAA
10.13,10.13,10.13,10.13,300,2021-07-29 17:11:00,PAA
10.13,10.14,10.125,10.135,6900,2021-07-29 17:12:00,PAA
10.14,10.14,10.14,10.14,4120,2021-07-29 17:13:00,PAA
10.14,10.14,10.14,10.14,1466,2021-07-29 17:14:00,PAA
10.14,10.14,10.1395,10.1395,1400,2021-07-29 17:15:00,PAA
10.14,10.14,10.131,10.1344,2327,2021-07-29 17:16:00,PAA
10.14,10.14,10.14,10.14,500,2021-07-29 17:17:00,PAA
10.14,10.14,10.1301,10.14,2753,2021-07-29 17:18:00,PAA
10.14,10.14,10.135,10.1399,875,2021-07-29 17:19:00,PAA
10.135,10.135,10.115,10.117,20055,2021-07-29 17:20:00,PAA
10.115,10.115,10.115,10.115,100,2021-07-29 17:21:00,PAA
10.115,10.115,10.11,10.115,400,2021-07-29 17:22:00,PAA
10.12,10.12,10.115,10.12,5650,2021-07-29 17:23:00,PAA
10.13,10.13,10.12,10.12,234,2021-07-29 17:24:00,PAA
10.125,10.14,10.125,10.14,6413,2021-07-29 17:25:00,PAA
10.14,10.15,10.14,10.145,2401,2021-07-29 17:26:00,PAA
10.145,10.145,10.145,10.145,100,2021-07-29 17:27:00,PAA
10.145,10.15,10.14,10.15,47377,2021-07-29 17:28:00,PAA
10.145,10.145,10.135,10.135,10265,2021-07-29 17:30:00,PAA
10.13,10.135,10.13,10.135,3019,2021-07-29 17:31:00,PAA
10.13,10.13,10.13,10.13,200,2021-07-29 17:32:00,PAA
10.12,10.12,10.12,10.12,2979,2021-07-29 17:33:00,PAA
10.115,10.115,10.115,10.115,300,2021-07-29 17:34:00,PAA
10.115,10.115,10.115,10.115,800,2021-07-29 17:35:00,PAA
10.115,10.115,10.1,10.1,7564,2021-07-29 17:36:00,PAA
10.105,10.105,10.1,10.1,1500,2021-07-29 17:37:00,PAA
10.11,10.11,10.09,10.095,5138,2021-07-29 17:38:00,PAA
10.09,10.1066,10.09,10.1066,10352,2021-07-29 17:39:00,PAA
10.105,10.11,10.095,10.095,3196,2021-07-29 17:40:00,PAA
10.095,10.095,10.0901,10.0901,3238,2021-07-29 17:41:00,PAA
10.1,10.1,10.095,10.1,500,2021-07-29 17:42:00,PAA
10.094,10.1,10.094,10.1,1200,2021-07-29 17:44:00,PAA
10.1,10.1,10.095,10.095,470,2021-07-29 17:46:00,PAA
10.1,10.11,10.1,10.105,6607,2021-07-29 17:47:00,PAA
10.11,10.12,10.11,10.12,4100,2021-07-29 17:48:00,PAA
10.1113,10.12,10.1113,10.1151,11269,2021-07-29 17:49:00,PAA
10.12,10.12,10.12,10.12,6500,2021-07-29 17:50:00,PAA
10.115,10.115,10.105,10.11,8112,2021-07-29 17:51:00,PAA
10.11,10.11,10.11,10.11,200,2021-07-29 17:52:00,PAA
10.105,10.11,10.105,10.1063,888,2021-07-29 17:53:00,PAA
10.105,10.11,10.105,10.11,1500,2021-07-29 17:54:00,PAA
10.105,10.105,10.105,10.105,360,2021-07-29 17:55:00,PAA
10.105,10.105,10.075,10.075,58106,2021-07-29 17:56:00,PAA
10.07,10.07,10.0632,10.0632,6323,2021-07-29 17:57:00,PAA
10.07,10.07,10.055,10.06,7026,2021-07-29 17:58:00,PAA
10.06,10.06,10.0564,10.06,1600,2021-07-29 17:59:00,PAA
10.06,10.06,10.06,10.06,400,2021-07-29 18:00:00,PAA
10.06,10.06,10.06,10.06,440,2021-07-29 18:01:00,PAA
10.05,10.05,10.05,10.05,5688,2021-07-29 18:02:00,PAA
10.04,10.05,10.03,10.03,51337,2021-07-29 18:03:00,PAA
10.03,10.035,10.03,10.035,1900,2021-07-29 18:04:00,PAA
10.03,10.03,10.03,10.03,300,2021-07-29 18:05:00,PAA
10.03,10.035,10.03,10.035,300,2021-07-29 18:06:00,PAA
10.03,10.05,10.03,10.05,16765,2021-07-29 18:07:00,PAA
10.05,10.05,10.05,10.05,100,2021-07-29 18:08:00,PAA
10.05,10.05,10.05,10.05,1100,2021-07-29 18:10:00,PAA
10.05,10.05,10.05,10.05,200,2021-07-29 18:11:00,PAA
10.045,10.045,10.04,10.04,2760,2021-07-29 18:12:00,PAA
10.045,10.0499,10.045,10.045,550,2021-07-29 18:13:00,PAA
10.04,10.05,10.04,10.045,1900,2021-07-29 18:14:00,PAA
10.045,10.06,10.045,10.055,5909,2021-07-29 18:15:00,PAA
10.06,10.06,10.06,10.06,2300,2021-07-29 18:16:00,PAA
10.06,10.06,10.0599,10.06,900,2021-07-29 18:17:00,PAA
10.06,10.06,10.055,10.06,1300,2021-07-29 18:18:00,PAA
10.06,10.07,10.06,10.07,9700,2021-07-29 18:19:00,PAA
10.07,10.07,10.07,10.07,1000,2021-07-29 18:20:00,PAA
10.07,10.08,10.07,10.08,51280,2021-07-29 18:21:00,PAA
10.08,10.08,10.0719,10.08,6500,2021-07-29 18:22:00,PAA
10.08,10.08,10.08,10.08,600,2021-07-29 18:23:00,PAA
10.08,10.08,10.075,10.08,1600,2021-07-29 18:24:00,PAA
10.08,10.09,10.08,10.09,4735,2021-07-29 18:25:00,PAA
10.09,10.09,10.055,10.07,31372,2021-07-29 18:26:00,PAA
10.07,10.07,10.07,10.07,3613,2021-07-29 18:27:00,PAA
10.08,10.08,10.0766,10.08,1000,2021-07-29 18:28:00,PAA
10.08,10.09,10.08,10.09,4719,2021-07-29 18:29:00,PAA
10.09,10.09,10.0842,10.0842,1700,2021-07-29 18:30:00,PAA
10.085,10.085,10.085,10.085,300,2021-07-29 18:31:00,PAA
10.085,10.085,10.085,10.085,200,2021-07-29 18:32:00,PAA
10.09,10.09,10.085,10.0869,755,2021-07-29 18:33:00,PAA
10.085,10.09,10.085,10.09,200,2021-07-29 18:34:00,PAA
10.09,10.09,10.09,10.09,800,2021-07-29 18:35:00,PAA
10.0801,10.09,10.0801,10.09,6200,2021-07-29 18:36:00,PAA
10.09,10.09,10.0801,10.09,5750,2021-07-29 18:37:00,PAA
10.09,10.09,10.075,10.085,8553,2021-07-29 18:38:00,PAA
10.07,10.07,10.07,10.07,100,2021-07-29 18:39:00,PAA
10.075,10.075,10.0416,10.045,33258,2021-07-29 18:40:00,PAA
10.05,10.05,10.04,10.04,11882,2021-07-29 18:41:00,PAA
10.05,10.06,10.04,10.06,8928,2021-07-29 18:42:00,PAA
10.06,10.06,10.06,10.06,3187,2021-07-29 18:43:00,PAA
10.069,10.07,10.065,10.07,1300,2021-07-29 18:44:00,PAA
10.07,10.07,10.0601,10.07,5273,2021-07-29 18:45:00,PAA
10.07,10.07,10.065,10.07,1770,2021-07-29 18:46:00,PAA
10.07,10.075,10.0699,10.07,10300,2021-07-29 18:47:00,PAA
10.065,10.065,10.065,10.065,100,2021-07-29 18:48:00,PAA
10.07,10.07,10.07,10.07,700,2021-07-29 18:49:00,PAA
10.07,10.08,10.07,10.07,1300,2021-07-29 18:50:00,PAA
10.075,10.075,10.06,10.06,13024,2021-07-29 18:51:00,PAA
10.06,10.06,10.05,10.055,6880,2021-07-29 18:53:00,PAA
10.05,10.05,10.05,10.05,400,2021-07-29 18:54:00,PAA
10.055,10.055,10.05,10.05,400,2021-07-29 18:55:00,PAA
10.06,10.06,10.05,10.05,900,2021-07-29 18:56:00,PAA
10.05,10.06,10.05,10.055,850,2021-07-29 18:57:00,PAA
10.05,10.055,10.05,10.055,2600,2021-07-29 18:58:00,PAA
10.05,10.06,10.04,10.06,14964,2021-07-29 18:59:00,PAA
10.06,10.06,10.04,10.04,8009,2021-07-29 19:00:00,PAA
10.035,10.04,10.035,10.04,300,2021-07-29 19:01:00,PAA
10.03,10.035,10.03,10.03,950,2021-07-29 19:02:00,PAA
10.03,10.04,10.03,10.0314,4517,2021-07-29 19:03:00,PAA
10.03,10.035,10.03,10.035,200,2021-07-29 19:04:00,PAA
10.03,10.0399,10.02,10.02,9692,2021-07-29 19:05:00,PAA
10.02,10.02,10.01,10.01,5138,2021-07-29 19:06:00,PAA
10.0123,10.015,10.0123,10.0136,676,2021-07-29 19:07:00,PAA
10.02,10.03,10.02,10.03,12429,2021-07-29 19:08:00,PAA
10.025,10.03,10.01,10.01,14653,2021-07-29 19:09:00,PAA
10.01,10.0199,10.0,10.0,10202,2021-07-29 19:10:00,PAA
10.0077,10.0077,10.0077,10.0077,150,2021-07-29 19:11:00,PAA
10.0028,10.0055,10.0,10.0,3738,2021-07-29 19:12:00,PAA
10.0,10.005,10.0,10.005,250,2021-07-29 19:13:00,PAA
10.0,10.0099,10.0,10.0015,6900,2021-07-29 19:14:00,PAA
10.005,10.01,9.985,9.985,16370,2021-07-29 19:15:00,PAA
9.98,9.98,9.9701,9.975,2000,2021-07-29 19:16:00,PAA
9.975,9.9756,9.975,9.975,1300,2021-07-29 19:17:00,PAA
9.97,9.99,9.97,9.98,19443,2021-07-29 19:18:00,PAA
9.975,9.975,9.965,9.965,4039,2021-07-29 19:19:00,PAA
9.965,9.965,9.96,9.96,4932,2021-07-29 19:20:00,PAA
9.96,9.97,9.96,9.965,7324,2021-07-29 19:21:00,PAA
9.9686,9.97,9.9686,9.97,2500,2021-07-29 19:22:00,PAA
9.98,9.98,9.97,9.98,4544,2021-07-29 19:23:00,PAA
9.98,9.985,9.98,9.98,10652,2021-07-29 19:24:00,PAA
9.98,9.99,9.9799,9.99,10279,2021-07-29 19:25:00,PAA
9.99,10.0,9.985,9.998,16288,2021-07-29 19:26:00,PAA
10.0,10.0,10.0,10.0,3800,2021-07-29 19:27:00,PAA
10.0,10.0,9.9927,10.0,3771,2021-07-29 19:28:00,PAA
10.0,10.0,9.99,9.9977,3719,2021-07-29 19:29:00,PAA
10.0,10.005,10.0,10.005,7051,2021-07-29 19:30:00,PAA
10.005,10.02,10.005,10.02,19973,2021-07-29 19:31:00,PAA
10.02,10.03,10.02,10.03,4787,2021-07-29 19:32:00,PAA
10.03,10.03,10.0201,10.03,2900,2021-07-29 19:33:00,PAA
10.025,10.03,10.025,10.03,1500,2021-07-29 19:34:00,PAA
10.03,10.03,10.025,10.03,2000,2021-07-29 19:35:00,PAA
10.03,10.03,10.025,10.03,8613,2021-07-29 19:36:00,PAA
10.03,10.03,10.025,10.0299,6567,2021-07-29 19:37:00,PAA
10.03,10.03,10.025,10.03,4665,2021-07-29 19:38:00,PAA
10.03,10.03,10.025,10.03,7100,2021-07-29 19:39:00,PAA
10.03,10.03,10.025,10.03,5350,2021-07-29 19:40:00,PAA
10.03,10.03,9.995,9.995,48516,2021-07-29 19:41:00,PAA
10.0,10.01,9.995,10.01,27030,2021-07-29 19:42:00,PAA
10.005,10.01,10.005,10.005,5175,2021-07-29 19:43:00,PAA
10.005,10.01,10.005,10.01,12500,2021-07-29 19:44:00,PAA
10.005,10.01,10.005,10.01,9233,2021-07-29 19:45:00,PAA
10.01,10.01,10.005,10.01,10258,2021-07-29 19:46:00,PAA
10.01,10.01,10.005,10.01,9300,2021-07-29 19:47:00,PAA
10.0099,10.01,10.0047,10.01,23070,2021-07-29 19:48:00,PAA
10.01,10.02,10.01,10.015,24707,2021-07-29 19:49:00,PAA
10.015,10.015,9.9901,10.0,45314,2021-07-29 19:50:00,PAA
9.995,10.01,9.98,9.99,46968,2021-07-29 19:51:00,PAA
9.9863,10.0,9.985,9.99,39281,2021-07-29 19:52:00,PAA
10.0,10.0,9.995,9.995,19599,2021-07-29 19:53:00,PAA
10.0,10.02,9.995,10.02,58384,2021-07-29 19:54:00,PAA
10.015,10.015,9.995,10.0,48986,2021-07-29 19:55:00,PAA
9.995,10.01,9.9901,10.01,45944,2021-07-29 19:56:00,PAA
10.01,10.01,10.005,10.005,24898,2021-07-29 19:57:00,PAA
10.01,10.015,10.005,10.01,68069,2021-07-29 19:58:00,PAA
10.01,10.03,10.005,10.03,59268,2021-07-29 19:59:00,PAA
10.02,10.02,10.02,10.02,111441,2021-07-29 20:00:00,PAA
10.03,10.03,10.03,10.03,100,2021-07-29 20:28:00,PAA
10.03,10.03,10.03,10.03,150,2021-07-29 21:50:00,PAA
10.02,10.02,10.02,10.02,250,2021-07-29 23:46:00,PAA
10.03,10.07,10.03,10.04,1700,2021-07-30 13:25:00,PAA
10.05,10.05,9.93,9.94,29975,2021-07-30 13:30:00,PAA
9.95,9.97,9.9299,9.94,4415,2021-07-30 13:31:00,PAA
9.949,10.02,9.949,10.01,29477,2021-07-30 13:32:00,PAA
10.005,10.06,10.005,10.06,23336,2021-07-30 13:33:00,PAA
10.06,10.06,9.995,10.035,8939,2021-07-30 13:34:00,PAA
10.0159,10.0159,9.99,10.01,3951,2021-07-30 13:35:00,PAA
10.01,10.0101,9.99,10.0101,1501,2021-07-30 13:36:00,PAA
10.0,10.0,9.97,9.975,5210,2021-07-30 13:37:00,PAA
9.97,9.975,9.965,9.965,7400,2021-07-30 13:38:00,PAA
9.9671,9.97,9.96,9.97,690,2021-07-30 13:39:00,PAA
9.99,10.01,9.9847,10.01,4700,2021-07-30 13:40:00,PAA
10.01,10.03,9.99,10.02,6100,2021-07-30 13:41:00,PAA
10.005,10.01,10.005,10.01,345,2021-07-30 13:42:00,PAA
10.01,10.01,10.0,10.0001,800,2021-07-30 13:43:00,PAA
9.99,10.0,9.96,9.98,20500,2021-07-30 13:44:00,PAA
9.98,9.995,9.98,9.995,1150,2021-07-30 13:45:00,PAA
10.0,10.01,10.0,10.01,2100,2021-07-30 13:46:00,PAA
10.01,10.02,10.0,10.01,1500,2021-07-30 13:47:00,PAA
10.02,10.03,10.02,10.03,1100,2021-07-30 13:48:00,PAA
10.05,10.05,10.04,10.04,1000,2021-07-30 13:49:00,PAA
10.045,10.045,10.03,10.03,1600,2021-07-30 13:50:00,PAA
10.025,10.03,10.02,10.02,2400,2021-07-30 13:51:00,PAA
10.02,10.02,10.0034,10.01,2900,2021-07-30 13:52:00,PAA
10.01,10.02,10.01,10.015,600,2021-07-30 13:53:00,PAA
10.03,10.03,10.01,10.01,1775,2021-07-30 13:55:00,PAA
10.02,10.03,10.0197,10.03,1800,2021-07-30 13:56:00,PAA
10.0229,10.03,10.02,10.02,1011,2021-07-30 13:57:00,PAA
10.025,10.025,10.02,10.0216,1900,2021-07-30 13:58:00,PAA
10.03,10.03,10.025,10.025,365,2021-07-30 13:59:00,PAA
10.025,10.025,10.0,10.0,9500,2021-07-30 14:00:00,PAA
10.01,10.0278,10.01,10.0278,4300,2021-07-30 14:01:00,PAA
10.02,10.02,9.995,10.005,5781,2021-07-30 14:02:00,PAA
10.0,10.0,9.99,9.995,300,2021-07-30 14:03:00,PAA
9.99,10.0,9.98,10.0,2850,2021-07-30 14:04:00,PAA
9.99,10.0,9.99,10.0,14421,2021-07-30 14:05:00,PAA
9.995,10.005,9.995,10.005,955,2021-07-30 14:06:00,PAA
10.01,10.025,10.01,10.02,19086,2021-07-30 14:07:00,PAA
10.02,10.03,10.02,10.03,1300,2021-07-30 14:08:00,PAA
10.03,10.05,10.03,10.05,1000,2021-07-30 14:09:00,PAA
10.06,10.06,10.04,10.04,5744,2021-07-30 14:10:00,PAA
10.0424,10.05,10.04,10.05,913,2021-07-30 14:11:00,PAA
10.04,10.04,10.03,10.04,5100,2021-07-30 14:12:00,PAA
10.05,10.065,10.05,10.065,1630,2021-07-30 14:13:00,PAA
10.06,10.0676,10.06,10.065,9903,2021-07-30 14:14:00,PAA
10.06,10.07,10.05,10.05,23308,2021-07-30 14:15:00,PAA
10.045,10.045,10.04,10.045,1000,2021-07-30 14:16:00,PAA
10.045,10.045,10.04,10.04,4921,2021-07-30 14:17:00,PAA
10.04,10.045,10.03,10.035,15910,2021-07-30 14:18:00,PAA
10.03,10.04,10.03,10.035,4974,2021-07-30 14:19:00,PAA
10.04,10.05,10.035,10.045,3100,2021-07-30 14:20:00,PAA
10.05,10.05,10.04,10.045,18953,2021-07-30 14:21:00,PAA
10.045,10.05,10.045,10.05,400,2021-07-30 14:22:00,PAA
10.0401,10.05,10.04,10.05,8185,2021-07-30 14:23:00,PAA
10.05,10.05,10.04,10.05,7581,2021-07-30 14:24:00,PAA
10.05,10.05,10.025,10.03,40726,2021-07-30 14:25:00,PAA
10.04,10.06,10.04,10.06,23096,2021-07-30 14:26:00,PAA
10.05,10.06,10.05,10.055,3500,2021-07-30 14:27:00,PAA
10.05,10.06,10.05,10.06,1546,2021-07-30 14:28:00,PAA
10.055,10.06,10.025,10.025,26117,2021-07-30 14:29:00,PAA
10.03,10.05,10.025,10.05,12776,2021-07-30 14:30:00,PAA
10.05,10.06,10.05,10.055,9201,2021-07-30 14:31:00,PAA
10.06,10.06,10.05,10.06,4661,2021-07-30 14:32:00,PAA
10.05,10.065,10.05,10.0555,28511,2021-07-30 14:33:00,PAA
10.05,10.055,10.05,10.055,11487,2021-07-30 14:34:00,PAA
10.055,10.055,10.04,10.055,6148,2021-07-30 14:35:00,PAA
10.05,10.06,10.05,10.055,2900,2021-07-30 14:36:00,PAA
10.05,10.06,10.05,10.06,1800,2021-07-30 14:37:00,PAA
10.05,10.06,10.0478,10.06,12885,2021-07-30 14:38:00,PAA
10.06,10.07,10.055,10.07,17504,2021-07-30 14:39:00,PAA
10.06,10.08,10.06,10.075,14644,2021-07-30 14:40:00,PAA
10.075,10.08,10.07,10.075,6548,2021-07-30 14:41:00,PAA
10.07,10.08,10.05,10.05,25763,2021-07-30 14:42:00,PAA
10.055,10.06,10.02,10.02,19332,2021-07-30 14:43:00,PAA
10.025,10.025,10.02,10.02,5119,2021-07-30 14:44:00,PAA
10.03,10.04,10.0,10.01,35109,2021-07-30 14:45:00,PAA
10.015,10.015,9.985,10.005,37662,2021-07-30 14:46:00,PAA
10.0,10.01,9.975,9.975,28343,2021-07-30 14:47:00,PAA
9.98,9.98,9.96,9.96,35155,2021-07-30 14:48:00,PAA
9.9601,9.965,9.96,9.96,2300,2021-07-30 14:49:00,PAA
9.97,9.99,9.96,9.99,8227,2021-07-30 14:50:00,PAA
9.99,10.0,9.99,9.995,5100,2021-07-30 14:51:00,PAA
9.9985,10.0,9.995,10.0,3400,2021-07-30 14:52:00,PAA
9.99,10.015,9.99,10.01,24214,2021-07-30 14:53:00,PAA
10.01,10.01,10.0,10.01,19825,2021-07-30 14:54:00,PAA
10.005,10.01,9.985,10.0,22452,2021-07-30 14:55:00,PAA
9.9943,9.995,9.99,9.99,3422,2021-07-30 14:56:00,PAA
9.99,10.0,9.99,9.9901,12300,2021-07-30 14:57:00,PAA
10.0,10.0,9.9901,10.0,2000,2021-07-30 14:58:00,PAA
9.995,10.0,9.97,9.975,7260,2021-07-30 14:59:00,PAA
9.97,9.98,9.97,9.97,6000,2021-07-30 15:00:00,PAA
9.9632,9.98,9.9632,9.97,3800,2021-07-30 15:01:00,PAA
9.97,9.975,9.97,9.97,3163,2021-07-30 15:02:00,PAA
9.975,9.975,9.96,9.965,4600,2021-07-30 15:03:00,PAA
9.97,9.97,9.97,9.97,1700,2021-07-30 15:04:00,PAA
9.97,9.97,9.9533,9.9533,2563,2021-07-30 15:05:00,PAA
9.96,9.97,9.96,9.97,4153,2021-07-30 15:06:00,PAA
9.97,9.99,9.97,9.99,2891,2021-07-30 15:07:00,PAA
9.9801,9.99,9.9801,9.9888,2476,2021-07-30 15:08:00,PAA
9.99,9.99,9.99,9.99,200,2021-07-30 15:09:00,PAA
9.99,9.99,9.99,9.99,706,2021-07-30 15:10:00,PAA
9.99,10.0,9.98,10.0,62851,2021-07-30 15:11:00,PAA
10.0,10.0,10.0,10.0,1180,2021-07-30 15:12:00,PAA
10.0,10.01,9.9901,10.0001,8519,2021-07-30 15:13:00,PAA
10.0065,10.01,10.0065,10.01,1000,2021-07-30 15:14:00,PAA
10.01,10.01,10.0001,10.01,1900,2021-07-30 15:15:00,PAA
10.01,10.02,10.01,10.02,4978,2021-07-30 15:16:00,PAA
10.015,10.02,10.0101,10.02,4300,2021-07-30 15:17:00,PAA
10.02,10.02,10.0137,10.02,1800,2021-07-30 15:18:00,PAA
10.01,10.02,10.01,10.02,2600,2021-07-30 15:19:00,PAA
10.02,10.04,10.02,10.04,7581,2021-07-30 15:20:00,PAA
10.04,10.04,10.0301,10.04,1000,2021-07-30 15:21:00,PAA
10.04,10.045,10.03,10.04,6863,2021-07-30 15:22:00,PAA
10.03,10.04,10.03,10.04,2210,2021-07-30 15:23:00,PAA
10.04,10.04,10.0301,10.04,1815,2021-07-30 15:24:00,PAA
10.04,10.04,10.03,10.04,2759,2021-07-30 15:25:00,PAA
10.04,10.04,10.0344,10.04,951,2021-07-30 15:26:00,PAA
10.035,10.04,10.035,10.04,800,2021-07-30 15:27:00,PAA
10.03,10.035,10.01,10.01,9520,2021-07-30 15:28:00,PAA
10.01,10.02,10.01,10.015,700,2021-07-30 15:29:00,PAA
10.01,10.01,9.9901,10.005,9893,2021-07-30 15:30:00,PAA
10.005,10.01,10.005,10.01,1350,2021-07-30 15:31:00,PAA
10.005,10.005,10.0,10.005,2900,2021-07-30 15:32:00,PAA
10.0,10.0,9.9801,9.99,8638,2021-07-30 15:33:00,PAA
9.99,9.9908,9.98,9.985,3400,2021-07-30 15:34:00,PAA
9.98,9.98,9.975,9.975,11904,2021-07-30 15:35:00,PAA
9.975,9.98,9.97,9.98,2700,2021-07-30 15:36:00,PAA
9.975,9.975,9.96,9.97,5900,2021-07-30 15:37:00,PAA
9.96,9.965,9.945,9.945,12590,2021-07-30 15:38:00,PAA
9.95,9.95,9.945,9.95,1386,2021-07-30 15:39:00,PAA
9.945,9.9468,9.94,9.94,1400,2021-07-30 15:40:00,PAA
9.945,9.969,9.945,9.969,6408,2021-07-30 15:41:00,PAA
9.965,9.98,9.965,9.9701,27907,2021-07-30 15:42:00,PAA
9.98,9.98,9.975,9.975,1290,2021-07-30 15:43:00,PAA
9.975,9.975,9.97,9.975,1701,2021-07-30 15:44:00,PAA
9.975,9.98,9.97,9.98,700,2021-07-30 15:45:00,PAA
9.975,10.0,9.975,10.0,5600,2021-07-30 15:46:00,PAA
10.0,10.0,9.995,9.995,2400,2021-07-30 15:47:00,PAA
9.995,10.0,9.99,10.0,2477,2021-07-30 15:48:00,PAA
10.0,10.0,9.98,9.98,12091,2021-07-30 15:49:00,PAA
9.99,10.0,9.985,10.0,3903,2021-07-30 15:50:00,PAA
10.01,10.015,10.01,10.01,2956,2021-07-30 15:51:00,PAA
10.005,10.005,10.0,10.0,300,2021-07-30 15:52:00,PAA
10.005,10.01,10.0001,10.005,4626,2021-07-30 15:53:00,PAA
10.005,10.01,10.0,10.005,4803,2021-07-30 15:54:00,PAA
10.01,10.01,10.01,10.01,500,2021-07-30 15:55:00,PAA
10.0,10.02,10.0,10.02,5305,2021-07-30 15:56:00,PAA
10.02,10.03,10.02,10.03,1600,2021-07-30 15:57:00,PAA
10.0201,10.03,10.0114,10.0204,21482,2021-07-30 15:58:00,PAA
10.025,10.025,10.02,10.02,8284,2021-07-30 15:59:00,PAA
10.025,10.025,10.015,10.02,1919,2021-07-30 16:00:00,PAA
10.0141,10.02,10.0141,10.02,350,2021-07-30 16:01:00,PAA
10.01,10.015,10.0,10.0,3988,2021-07-30 16:02:00,PAA
10.005,10.005,10.0,10.005,800,2021-07-30 16:03:00,PAA
10.005,10.005,10.0,10.0,1250,2021-07-30 16:04:00,PAA
10.005,10.005,9.99,9.995,5772,2021-07-30 16:05:00,PAA
10.0,10.01,10.0,10.01,5492,2021-07-30 16:06:00,PAA
10.01,10.02,10.01,10.02,4207,2021-07-30 16:07:00,PAA
10.01,10.02,10.01,10.02,1350,2021-07-30 16:08:00,PAA
10.0101,10.025,10.01,10.025,26982,2021-07-30 16:09:00,PAA
10.02,10.03,10.02,10.025,8524,2021-07-30 16:10:00,PAA
10.03,10.04,10.03,10.035,4778,2021-07-30 16:11:00,PAA
10.03,10.04,10.03,10.04,1300,2021-07-30 16:12:00,PAA
10.031,10.035,10.03,10.035,2700,2021-07-30 16:13:00,PAA
10.04,10.04,10.035,10.035,500,2021-07-30 16:14:00,PAA
10.035,10.035,10.03,10.035,2200,2021-07-30 16:15:00,PAA
10.035,10.04,10.035,10.04,700,2021-07-30 16:16:00,PAA
10.04,10.04,10.04,10.04,400,2021-07-30 16:17:00,PAA
10.03,10.04,10.03,10.04,1100,2021-07-30 16:18:00,PAA
10.04,10.04,10.033,10.04,2200,2021-07-30 16:19:00,PAA
10.035,10.04,10.035,10.04,299,2021-07-30 16:20:00,PAA
10.04,10.04,10.03,10.035,6358,2021-07-30 16:21:00,PAA
10.04,10.04,10.03,10.04,2600,2021-07-30 16:22:00,PAA
10.04,10.04,10.035,10.04,900,2021-07-30 16:23:00,PAA
10.04,10.05,10.035,10.05,7539,2021-07-30 16:24:00,PAA
10.045,10.05,10.035,10.035,12300,2021-07-30 16:25:00,PAA
10.035,10.04,10.035,10.035,6748,2021-07-30 16:26:00,PAA
10.04,10.05,10.04,10.045,1196,2021-07-30 16:27:00,PAA
10.0421,10.045,10.04,10.045,6611,2021-07-30 16:29:00,PAA
10.045,10.045,10.04,10.04,3572,2021-07-30 16:30:00,PAA
10.035,10.045,10.035,10.045,2776,2021-07-30 16:31:00,PAA
10.0458,10.05,10.0458,10.05,1300,2021-07-30 16:32:00,PAA
10.045,10.045,10.03,10.035,6606,2021-07-30 16:33:00,PAA
10.035,10.035,10.035,10.035,400,2021-07-30 16:34:00,PAA
10.0399,10.0399,10.035,10.035,550,2021-07-30 16:35:00,PAA
10.035,10.035,10.015,10.015,38426,2021-07-30 16:36:00,PAA
10.016,10.02,10.01,10.015,3500,2021-07-30 16:37:00,PAA
10.02,10.02,10.02,10.02,100,2021-07-30 16:38:00,PAA
10.02,10.02,10.015,10.015,325,2021-07-30 16:39:00,PAA
10.015,10.015,10.015,10.015,700,2021-07-30 16:40:00,PAA
10.015,10.015,10.0127,10.015,1710,2021-07-30 16:41:00,PAA
10.015,10.015,10.015,10.015,100,2021-07-30 16:42:00,PAA
10.015,10.02,10.015,10.02,1380,2021-07-30 16:43:00,PAA
10.0101,10.02,10.0101,10.02,1010,2021-07-30 16:44:00,PAA
10.015,10.015,10.015,10.015,1750,2021-07-30 16:45:00,PAA
10.015,10.015,10.01,10.015,5130,2021-07-30 16:46:00,PAA
10.015,10.02,10.015,10.02,500,2021-07-30 16:47:00,PAA
10.02,10.02,10.0,10.005,8353,2021-07-30 16:48:00,PAA
10.01,10.01,10.005,10.005,1400,2021-07-30 16:49:00,PAA
10.005,10.015,10.005,10.015,3806,2021-07-30 16:50:00,PAA
10.015,10.015,10.005,10.005,3552,2021-07-30 16:51:00,PAA
10.005,10.005,10.0,10.0,5900,2021-07-30 16:52:00,PAA
10.0,10.005,10.0,10.005,5400,2021-07-30 16:53:00,PAA
10.0,10.0,9.99,9.99,3921,2021-07-30 16:54:00,PAA
9.9932,9.995,9.9932,9.995,600,2021-07-30 16:55:00,PAA
10.0,10.0,9.98,9.98,8107,2021-07-30 16:56:00,PAA
9.985,9.985,9.98,9.98,6386,2021-07-30 16:57:00,PAA
9.98,9.985,9.97,9.97,3300,2021-07-30 16:58:00,PAA
9.975,9.975,9.965,9.965,1694,2021-07-30 16:59:00,PAA
9.965,9.965,9.965,9.965,600,2021-07-30 17:00:00,PAA
9.965,9.965,9.965,9.965,200,2021-07-30 17:01:00,PAA
9.96,9.965,9.955,9.955,3547,2021-07-30 17:02:00,PAA
9.95,9.95,9.95,9.95,700,2021-07-30 17:03:00,PAA
9.95,9.95,9.945,9.95,3100,2021-07-30 17:04:00,PAA
9.95,9.95,9.94,9.94,1000,2021-07-30 17:06:00,PAA
9.945,9.95,9.945,9.945,5725,2021-07-30 17:07:00,PAA
9.945,9.945,9.94,9.945,801,2021-07-30 17:08:00,PAA
9.94,9.94,9.94,9.94,100,2021-07-30 17:09:00,PAA
9.945,9.95,9.94,9.94,4550,2021-07-30 17:10:00,PAA
9.94,9.945,9.94,9.94,3100,2021-07-30 17:11:00,PAA
9.945,9.945,9.93,9.94,12988,2021-07-30 17:12:00,PAA
9.935,9.935,9.935,9.935,300,2021-07-30 17:13:00,PAA
9.938,9.945,9.938,9.9401,3750,2021-07-30 17:14:00,PAA
9.95,9.96,9.95,9.96,1300,2021-07-30 17:15:00,PAA
9.95,9.955,9.95,9.95,4483,2021-07-30 17:16:00,PAA
9.94,9.945,9.94,9.94,1682,2021-07-30 17:17:00,PAA
9.94,9.95,9.94,9.945,1700,2021-07-30 17:19:00,PAA
9.94,9.95,9.94,9.95,2400,2021-07-30 17:20:00,PAA
9.945,9.945,9.93,9.94,5615,2021-07-30 17:21:00,PAA
9.9399,9.94,9.93,9.94,1100,2021-07-30 17:22:00,PAA
9.93,9.935,9.93,9.93,2340,2021-07-30 17:23:00,PAA
9.9364,9.94,9.93,9.9301,12527,2021-07-30 17:24:00,PAA
9.935,9.935,9.935,9.935,100,2021-07-30 17:25:00,PAA
9.94,9.94,9.93,9.935,1550,2021-07-30 17:26:00,PAA
9.935,9.935,9.93,9.93,200,2021-07-30 17:27:00,PAA
9.93,9.93,9.9232,9.925,11467,2021-07-30 17:28:00,PAA
9.925,9.93,9.925,9.925,1900,2021-07-30 17:29:00,PAA
9.93,9.93,9.93,9.93,1050,2021-07-30 17:30:00,PAA
9.93,9.93,9.925,9.925,1149,2021-07-30 17:32:00,PAA
9.93,9.93,9.925,9.9252,2414,2021-07-30 17:33:00,PAA
9.93,9.94,9.93,9.935,4117,2021-07-30 17:34:00,PAA
9.935,9.9367,9.935,9.935,1408,2021-07-30 17:35:00,PAA
9.935,9.94,9.935,9.94,1300,2021-07-30 17:36:00,PAA
9.935,9.94,9.93,9.935,4436,2021-07-30 17:37:00,PAA
9.94,9.94,9.935,9.935,1300,2021-07-30 17:38:00,PAA
9.935,9.9399,9.935,9.935,6600,2021-07-30 17:39:00,PAA
9.935,9.94,9.93,9.935,1000,2021-07-30 17:40:00,PAA
9.935,9.945,9.935,9.945,9975,2021-07-30 17:41:00,PAA
9.945,9.945,9.94,9.945,8774,2021-07-30 17:42:00,PAA
9.94,9.945,9.93,9.93,11404,2021-07-30 17:43:00,PAA
9.925,9.9299,9.923,9.925,900,2021-07-30 17:44:00,PAA
9.925,9.925,9.92,9.925,1300,2021-07-30 17:45:00,PAA
9.9296,9.93,9.925,9.925,1509,2021-07-30 17:46:00,PAA
9.925,9.9255,9.92,9.9255,885,2021-07-30 17:47:00,PAA
9.925,9.935,9.925,9.935,2928,2021-07-30 17:48:00,PAA
9.935,9.935,9.935,9.935,400,2021-07-30 17:49:00,PAA
9.935,9.94,9.93,9.935,12283,2021-07-30 17:50:00,PAA
9.935,9.9467,9.93,9.9467,4300,2021-07-30 17:51:00,PAA
9.945,9.945,9.93,9.935,11482,2021-07-30 17:52:00,PAA
9.94,9.945,9.94,9.945,2505,2021-07-30 17:53:00,PAA
9.94,9.945,9.94,9.94,959,2021-07-30 17:54:00,PAA
9.945,9.945,9.94,9.94,1705,2021-07-30 17:55:00,PAA
9.94,9.94,9.935,9.935,4533,2021-07-30 17:56:00,PAA
9.935,9.94,9.935,9.935,900,2021-07-30 17:57:00,PAA
9.9332,9.94,9.9332,9.94,1400,2021-07-30 17:58:00,PAA
9.935,9.935,9.93,9.935,2443,2021-07-30 17:59:00,PAA
9.94,9.94,9.93,9.93,3944,2021-07-30 18:00:00,PAA
9.9399,9.9399,9.93,9.935,2205,2021-07-30 18:01:00,PAA
9.935,9.94,9.93,9.93,6350,2021-07-30 18:02:00,PAA
9.935,9.94,9.92,9.925,16677,2021-07-30 18:03:00,PAA
9.92,9.925,9.91,9.91,7050,2021-07-30 18:04:00,PAA
9.915,9.915,9.91,9.91,1800,2021-07-30 18:05:00,PAA
9.91,9.915,9.91,9.91,4327,2021-07-30 18:06:00,PAA
9.91,9.915,9.9,9.91,10861,2021-07-30 18:07:00,PAA
9.91,9.93,9.91,9.93,7735,2021-07-30 18:08:00,PAA
9.93,9.93,9.93,9.93,600,2021-07-30 18:09:00,PAA
9.925,9.925,9.92,9.92,2060,2021-07-30 18:10:00,PAA
9.925,9.925,9.925,9.925,625,2021-07-30 18:11:00,PAA
9.925,9.925,9.925,9.925,3349,2021-07-30 18:12:00,PAA
9.925,9.93,9.925,9.93,1684,2021-07-30 18:13:00,PAA
9.925,9.935,9.925,9.935,8404,2021-07-30 18:14:00,PAA
9.9335,9.935,9.93,9.93,4700,2021-07-30 18:15:00,PAA
9.935,9.94,9.935,9.94,1548,2021-07-30 18:16:00,PAA
9.94,9.94,9.935,9.935,2236,2021-07-30 18:17:00,PAA
9.935,9.94,9.935,9.94,4100,2021-07-30 18:18:00,PAA
9.94,9.95,9.935,9.945,21090,2021-07-30 18:19:00,PAA
9.945,9.95,9.94,9.945,1400,2021-07-30 18:20:00,PAA
9.95,9.95,9.93,9.935,13562,2021-07-30 18:21:00,PAA
9.93,9.935,9.925,9.925,4687,2021-07-30 18:22:00,PAA
9.925,9.925,9.925,9.925,100,2021-07-30 18:23:00,PAA
9.93,9.93,9.93,9.93,200,2021-07-30 18:24:00,PAA
9.925,9.925,9.92,9.925,2800,2021-07-30 18:25:00,PAA
9.925,9.925,9.92,9.925,1229,2021-07-30 18:26:00,PAA
9.92,9.925,9.92,9.925,1625,2021-07-30 18:27:00,PAA
9.92,9.92,9.91,9.91,4258,2021-07-30 18:28:00,PAA
9.91,9.91,9.905,9.905,3134,2021-07-30 18:29:00,PAA
9.9,9.91,9.9,9.905,1723,2021-07-30 18:30:00,PAA
9.905,9.91,9.905,9.905,1200,2021-07-30 18:31:00,PAA
9.9,9.91,9.9,9.905,1700,2021-07-30 18:32:00,PAA
9.91,9.91,9.9,9.905,6310,2021-07-30 18:33:00,PAA
9.905,9.905,9.89,9.9,21950,2021-07-30 18:34:00,PAA
9.895,9.895,9.89,9.89,1000,2021-07-30 18:35:00,PAA
9.895,9.9,9.885,9.885,14860,2021-07-30 18:36:00,PAA
9.885,9.8899,9.875,9.875,4800,2021-07-30 18:37:00,PAA
9.875,9.885,9.87,9.87,27674,2021-07-30 18:38:00,PAA
9.875,9.875,9.875,9.875,900,2021-07-30 18:39:00,PAA
9.875,9.875,9.875,9.875,100,2021-07-30 18:40:00,PAA
9.875,9.88,9.875,9.88,2100,2021-07-30 18:41:00,PAA
9.875,9.895,9.875,9.895,3800,2021-07-30 18:42:00,PAA
9.89,9.895,9.89,9.895,3057,2021-07-30 18:43:00,PAA
9.895,9.9,9.895,9.895,1525,2021-07-30 18:44:00,PAA
9.9,9.91,9.895,9.905,3878,2021-07-30 18:45:00,PAA
9.91,9.915,9.91,9.915,900,2021-07-30 18:46:00,PAA
9.915,9.92,9.915,9.915,708,2021-07-30 18:47:00,PAA
9.9123,9.94,9.9123,9.94,54158,2021-07-30 18:48:00,PAA
9.94,9.94,9.935,9.94,1000,2021-07-30 18:49:00,PAA
9.94,9.96,9.935,9.955,57631,2021-07-30 18:50:00,PAA
9.96,9.96,9.955,9.96,3796,2021-07-30 18:51:00,PAA
9.96,9.96,9.94,9.945,18838,2021-07-30 18:52:00,PAA
9.945,9.9499,9.945,9.9499,3600,2021-07-30 18:53:00,PAA
9.945,9.945,9.945,9.945,100,2021-07-30 18:54:00,PAA
9.945,9.945,9.945,9.945,100,2021-07-30 18:55:00,PAA
9.95,9.95,9.95,9.95,400,2021-07-30 18:56:00,PAA
9.945,9.95,9.94,9.95,13590,2021-07-30 18:57:00,PAA
9.945,9.95,9.945,9.95,1050,2021-07-30 18:58:00,PAA
9.95,9.96,9.95,9.955,4413,2021-07-30 18:59:00,PAA
9.955,9.955,9.955,9.955,1600,2021-07-30 19:00:00,PAA
9.95,9.955,9.95,9.955,6656,2021-07-30 19:01:00,PAA
9.955,9.96,9.955,9.955,1354,2021-07-30 19:02:00,PAA
9.96,9.96,9.955,9.96,1050,2021-07-30 19:03:00,PAA
9.955,9.96,9.955,9.96,1625,2021-07-30 19:04:00,PAA
9.955,9.96,9.941,9.945,61876,2021-07-30 19:05:00,PAA
9.95,9.955,9.95,9.95,3129,2021-07-30 19:06:00,PAA
9.955,9.96,9.9538,9.955,700,2021-07-30 19:07:00,PAA
9.96,9.9692,9.955,9.96,2170,2021-07-30 19:08:00,PAA
9.97,9.97,9.965,9.965,2832,2021-07-30 19:09:00,PAA
9.965,9.97,9.965,9.97,600,2021-07-30 19:10:00,PAA
9.97,9.97,9.965,9.97,879,2021-07-30 19:11:00,PAA
9.97,9.97,9.9649,9.97,1750,2021-07-30 19:12:00,PAA
9.97,9.975,9.97,9.975,6127,2021-07-30 19:13:00,PAA
9.975,9.975,9.96,9.965,12969,2021-07-30 19:14:00,PAA
9.97,9.97,9.965,9.97,21500,2021-07-30 19:15:00,PAA
9.965,9.975,9.96,9.975,10357,2021-07-30 19:16:00,PAA
9.97,9.975,9.965,9.97,25651,2021-07-30 19:17:00,PAA
9.965,9.97,9.965,9.97,1120,2021-07-30 19:18:00,PAA
9.97,9.97,9.9601,9.965,32350,2021-07-30 19:19:00,PAA
9.9661,9.9661,9.96,9.96,1453,2021-07-30 19:20:00,PAA
9.965,9.965,9.96,9.965,4710,2021-07-30 19:21:00,PAA
9.965,9.965,9.96,9.965,1300,2021-07-30 19:22:00,PAA
9.965,9.965,9.965,9.965,2200,2021-07-30 19:23:00,PAA
9.965,9.965,9.965,9.965,500,2021-07-30 19:24:00,PAA
9.965,9.965,9.95,9.955,13772,2021-07-30 19:25:00,PAA
9.95,9.96,9.95,9.96,5603,2021-07-30 19:26:00,PAA
9.965,9.97,9.965,9.965,1396,2021-07-30 19:27:00,PAA
9.965,9.965,9.95,9.955,8857,2021-07-30 19:28:00,PAA
9.95,9.955,9.95,9.955,300,2021-07-30 19:29:00,PAA
9.96,9.965,9.955,9.96,1940,2021-07-30 19:30:00,PAA
9.96,9.96,9.96,9.96,200,2021-07-30 19:31:00,PAA
9.965,9.97,9.96,9.96,2667,2021-07-30 19:32:00,PAA
9.9644,9.97,9.9644,9.97,1529,2021-07-30 19:33:00,PAA
9.97,9.97,9.965,9.97,3100,2021-07-30 19:34:00,PAA
9.97,9.975,9.9601,9.975,5313,2021-07-30 19:35:00,PAA
9.98,9.99,9.975,9.985,10124,2021-07-30 19:36:00,PAA
9.985,9.99,9.98,9.99,10058,2021-07-30 19:37:00,PAA
9.99,9.99,9.975,9.975,23698,2021-07-30 19:38:00,PAA
9.975,9.975,9.975,9.975,1395,2021-07-30 19:39:00,PAA
9.98,9.98,9.9743,9.98,7384,2021-07-30 19:40:00,PAA
9.975,9.98,9.97,9.97,5798,2021-07-30 19:41:00,PAA
9.975,9.975,9.97,9.975,5824,2021-07-30 19:42:00,PAA
9.97,9.98,9.97,9.975,6239,2021-07-30 19:43:00,PAA
9.98,9.98,9.97,9.975,7965,2021-07-30 19:44:00,PAA
9.975,9.98,9.97,9.978,11406,2021-07-30 19:45:00,PAA
9.97,9.98,9.97,9.98,7734,2021-07-30 19:46:00,PAA
9.98,9.98,9.97,9.98,11570,2021-07-30 19:47:00,PAA
9.98,9.98,9.97,9.98,9193,2021-07-30 19:48:00,PAA
9.975,9.98,9.9701,9.98,13596,2021-07-30 19:49:00,PAA
9.98,9.98,9.97,9.975,28240,2021-07-30 19:50:00,PAA
9.97,9.98,9.965,9.98,60267,2021-07-30 19:51:00,PAA
9.975,9.98,9.97,9.975,19804,2021-07-30 19:52:00,PAA
9.98,9.99,9.975,9.99,29540,2021-07-30 19:53:00,PAA
9.985,9.99,9.98,9.985,10885,2021-07-30 19:54:00,PAA
9.985,9.99,9.98,9.99,61641,2021-07-30 19:55:00,PAA
9.985,10.0,9.985,9.9901,51025,2021-07-30 19:56:00,PAA
10.0,10.01,9.995,10.01,39391,2021-07-30 19:57:00,PAA
10.005,10.015,10.005,10.005,78261,2021-07-30 19:58:00,PAA
10.01,10.01,10.0,10.01,60142,2021-07-30 19:59:00,PAA
10.01,10.01,10.01,10.01,27555,2021-07-30 20:00:00,PAA
10.01,10.01,10.01,10.01,1246,2021-07-30 20:03:00,PAA
10.01,10.01,10.01,10.01,435,2021-07-30 20:31:00,PAA
10.01,10.01,10.01,10.01,300,2021-07-30 20:41:00,PAA
10.05,10.05,10.05,10.05,200,2021-07-30 20:43:00,PAA
10.0,10.0,10.0,10.0,225,2021-07-30 21:24:00,PAA
10.0,10.0,10.0,10.0,100,2021-07-30 23:30:00,PAA
