open,high,low,close,volume,datetime,symbol
45.97,46.27,45.56,45.56,7629,2021-05-17 13:30:00,GRPN
45.41,45.5,45.22,45.22,470,2021-05-17 13:31:00,GRPN
45.3134,45.3134,45.27,45.31,395,2021-05-17 13:32:00,GRPN
45.31,45.32,44.97,45.03,2400,2021-05-17 13:33:00,GRPN
44.865,45.005,44.74,44.74,2250,2021-05-17 13:34:00,GRPN
44.8825,45.0899,44.8825,45.0143,1360,2021-05-17 13:35:00,GRPN
44.925,45.11,44.59,44.6,8875,2021-05-17 13:36:00,GRPN
44.695,44.96,44.695,44.73,2600,2021-05-17 13:37:00,GRPN
44.95,44.97,44.38,44.38,3722,2021-05-17 13:38:00,GRPN
44.47,44.8599,44.47,44.8599,3380,2021-05-17 13:39:00,GRPN
44.86,44.86,44.86,44.86,200,2021-05-17 13:40:00,GRPN
44.68,44.85,44.48,44.48,2432,2021-05-17 13:41:00,GRPN
44.555,44.74,44.555,44.64,800,2021-05-17 13:42:00,GRPN
44.75,44.79,44.52,44.52,1905,2021-05-17 13:43:00,GRPN
44.485,44.485,44.25,44.25,2037,2021-05-17 13:44:00,GRPN
44.37,44.7099,44.25,44.585,3474,2021-05-17 13:45:00,GRPN
44.58,44.63,44.56,44.63,1900,2021-05-17 13:46:00,GRPN
44.67,44.785,44.33,44.33,1946,2021-05-17 13:47:00,GRPN
44.51,44.64,44.4,44.4,2528,2021-05-17 13:48:00,GRPN
44.43,44.49,44.35,44.47,3889,2021-05-17 13:49:00,GRPN
44.47,44.475,44.245,44.245,4522,2021-05-17 13:50:00,GRPN
44.3199,44.32,44.01,44.01,8923,2021-05-17 13:51:00,GRPN
44.01,44.01,43.91,43.91,1030,2021-05-17 13:52:00,GRPN
43.81,43.81,43.62,43.76,3785,2021-05-17 13:53:00,GRPN
43.75,43.75,43.5,43.655,4647,2021-05-17 13:54:00,GRPN
43.61,43.71,43.5,43.64,10345,2021-05-17 13:55:00,GRPN
43.73,43.8,43.68,43.79,4617,2021-05-17 13:56:00,GRPN
43.8,43.85,43.765,43.78,3259,2021-05-17 13:57:00,GRPN
43.75,43.75,43.61,43.61,1300,2021-05-17 13:58:00,GRPN
43.6,43.6,43.1501,43.1501,4851,2021-05-17 13:59:00,GRPN
43.285,43.585,43.15,43.585,9130,2021-05-17 14:00:00,GRPN
43.62,43.62,43.43,43.43,2430,2021-05-17 14:01:00,GRPN
43.49,43.63,43.42,43.626,3649,2021-05-17 14:02:00,GRPN
43.59,43.75,43.59,43.75,500,2021-05-17 14:03:00,GRPN
43.7386,43.82,43.68,43.77,1257,2021-05-17 14:04:00,GRPN
43.815,43.96,43.76,43.87,4500,2021-05-17 14:05:00,GRPN
43.92,43.98,43.86,43.98,900,2021-05-17 14:06:00,GRPN
43.95,43.95,43.74,43.81,800,2021-05-17 14:07:00,GRPN
43.78,43.93,43.78,43.93,2920,2021-05-17 14:08:00,GRPN
43.88,43.95,43.83,43.9,3275,2021-05-17 14:09:00,GRPN
43.89,43.89,43.89,43.89,100,2021-05-17 14:10:00,GRPN
43.93,44.06,43.93,44.05,10127,2021-05-17 14:11:00,GRPN
44.2912,44.2912,44.26,44.27,1019,2021-05-17 14:12:00,GRPN
44.23,44.2645,44.11,44.2645,838,2021-05-17 14:13:00,GRPN
44.29,44.36,44.12,44.12,1381,2021-05-17 14:14:00,GRPN
44.05,44.06,43.975,43.98,4900,2021-05-17 14:15:00,GRPN
44.11,44.18,44.03,44.03,700,2021-05-17 14:16:00,GRPN
44.15,44.15,44.02,44.02,200,2021-05-17 14:17:00,GRPN
44.1196,44.22,44.02,44.22,3180,2021-05-17 14:18:00,GRPN
44.13,44.175,44.05,44.175,1500,2021-05-17 14:19:00,GRPN
44.2199,44.2199,44.11,44.11,600,2021-05-17 14:20:00,GRPN
44.08,44.105,44.05,44.05,574,2021-05-17 14:21:00,GRPN
44.09,44.19,44.09,44.19,1914,2021-05-17 14:22:00,GRPN
44.22,44.434,44.15,44.27,10779,2021-05-17 14:23:00,GRPN
44.46,44.71,44.46,44.705,6043,2021-05-17 14:25:00,GRPN
44.67,44.67,44.63,44.63,613,2021-05-17 14:26:00,GRPN
44.705,44.705,44.56,44.56,7137,2021-05-17 14:27:00,GRPN
44.62,44.72,44.4,44.4,2100,2021-05-17 14:29:00,GRPN
44.35,44.38,44.2656,44.38,4100,2021-05-17 14:30:00,GRPN
44.24,44.24,44.2369,44.2369,411,2021-05-17 14:31:00,GRPN
44.145,44.145,44.07,44.08,1200,2021-05-17 14:32:00,GRPN
44.145,44.145,44.14,44.14,511,2021-05-17 14:33:00,GRPN
44.14,44.35,44.14,44.26,4975,2021-05-17 14:34:00,GRPN
44.185,44.3,44.185,44.3,1500,2021-05-17 14:35:00,GRPN
44.4,44.4,44.35,44.38,300,2021-05-17 14:36:00,GRPN
44.4,44.52,44.4,44.46,1682,2021-05-17 14:37:00,GRPN
44.54,44.555,44.54,44.555,511,2021-05-17 14:38:00,GRPN
44.57,44.59,44.53,44.55,900,2021-05-17 14:39:00,GRPN
44.48,44.54,44.43,44.54,400,2021-05-17 14:40:00,GRPN
44.55,44.58,44.54,44.55,1600,2021-05-17 14:41:00,GRPN
44.5,44.5,44.39,44.39,672,2021-05-17 14:42:00,GRPN
44.44,44.44,44.3,44.35,1438,2021-05-17 14:43:00,GRPN
44.27,44.31,44.27,44.31,400,2021-05-17 14:44:00,GRPN
44.37,44.41,44.34,44.36,3276,2021-05-17 14:45:00,GRPN
44.33,44.33,44.33,44.33,308,2021-05-17 14:46:00,GRPN
44.29,44.29,44.26,44.26,400,2021-05-17 14:47:00,GRPN
44.3,44.3,44.24,44.24,500,2021-05-17 14:48:00,GRPN
44.295,44.295,44.24,44.24,300,2021-05-17 14:49:00,GRPN
44.34,44.39,44.34,44.36,2000,2021-05-17 14:50:00,GRPN
44.37,44.37,44.37,44.37,228,2021-05-17 14:51:00,GRPN
44.41,44.45,44.23,44.23,10942,2021-05-17 14:52:00,GRPN
44.3,44.36,44.3,44.33,1000,2021-05-17 14:53:00,GRPN
44.245,44.245,44.2,44.2,800,2021-05-17 14:54:00,GRPN
44.1,44.13,44.08,44.1,1900,2021-05-17 14:55:00,GRPN
44.06,44.21,44.03,44.21,3728,2021-05-17 14:56:00,GRPN
44.23,44.31,44.23,44.27,800,2021-05-17 14:57:00,GRPN
44.19,44.19,44.19,44.19,100,2021-05-17 14:58:00,GRPN
44.28,44.28,44.2092,44.2092,400,2021-05-17 14:59:00,GRPN
44.1084,44.19,44.05,44.19,2600,2021-05-17 15:00:00,GRPN
44.15,44.15,43.95,43.95,3349,2021-05-17 15:01:00,GRPN
43.89,43.922,43.85,43.922,1780,2021-05-17 15:03:00,GRPN
43.92,44.07,43.92,44.05,3700,2021-05-17 15:04:00,GRPN
44.055,44.055,43.97,44.01,2794,2021-05-17 15:06:00,GRPN
44.0,44.005,43.96,43.965,3418,2021-05-17 15:08:00,GRPN
43.96,44.03,43.91,43.955,3158,2021-05-17 15:09:00,GRPN
43.91,43.91,43.7,43.7,1000,2021-05-17 15:10:00,GRPN
43.78,43.82,43.7,43.7,2100,2021-05-17 15:11:00,GRPN
43.78,43.91,43.78,43.91,900,2021-05-17 15:12:00,GRPN
43.91,43.99,43.91,43.945,600,2021-05-17 15:13:00,GRPN
43.945,43.99,43.945,43.99,675,2021-05-17 15:14:00,GRPN
44.0,44.01,43.98,44.01,600,2021-05-17 15:15:00,GRPN
43.99,44.25,43.99,44.24,3300,2021-05-17 15:16:00,GRPN
44.25,44.28,44.23,44.27,2953,2021-05-17 15:18:00,GRPN
44.19,44.25,44.19,44.25,300,2021-05-17 15:20:00,GRPN
44.17,44.17,44.17,44.17,100,2021-05-17 15:21:00,GRPN
44.16,44.22,44.16,44.21,2417,2021-05-17 15:22:00,GRPN
44.21,44.21,44.21,44.21,200,2021-05-17 15:23:00,GRPN
44.24,44.25,44.16,44.16,500,2021-05-17 15:24:00,GRPN
44.16,44.17,44.16,44.17,200,2021-05-17 15:25:00,GRPN
44.25,44.3,44.23,44.23,1200,2021-05-17 15:26:00,GRPN
44.27,44.28,44.27,44.28,200,2021-05-17 15:27:00,GRPN
44.27,44.3,44.27,44.3,900,2021-05-17 15:28:00,GRPN
44.27,44.34,44.24,44.34,500,2021-05-17 15:29:00,GRPN
44.25,44.27,44.23,44.27,300,2021-05-17 15:30:00,GRPN
44.16,44.2,44.14,44.15,2300,2021-05-17 15:31:00,GRPN
44.09,44.1,44.08,44.1,320,2021-05-17 15:32:00,GRPN
44.09,44.2,44.09,44.17,1300,2021-05-17 15:33:00,GRPN
44.08,44.08,44.08,44.08,100,2021-05-17 15:34:00,GRPN
44.15,44.15,44.15,44.15,400,2021-05-17 15:35:00,GRPN
44.16,44.206,44.16,44.18,1900,2021-05-17 15:36:00,GRPN
44.1215,44.2,44.1215,44.2,700,2021-05-17 15:37:00,GRPN
44.19,44.19,44.19,44.19,200,2021-05-17 15:38:00,GRPN
44.18,44.18,44.18,44.18,226,2021-05-17 15:39:00,GRPN
44.105,44.105,44.105,44.105,185,2021-05-17 15:40:00,GRPN
44.16,44.2,44.1,44.1,997,2021-05-17 15:42:00,GRPN
44.04,44.04,44.04,44.04,200,2021-05-17 15:43:00,GRPN
43.97,44.04,43.97,44.02,600,2021-05-17 15:44:00,GRPN
43.86,43.92,43.86,43.92,1300,2021-05-17 15:45:00,GRPN
43.86,43.864,43.8433,43.8433,513,2021-05-17 15:46:00,GRPN
43.75,43.75,43.66,43.69,2670,2021-05-17 15:48:00,GRPN
43.71,43.71,43.67,43.67,900,2021-05-17 15:49:00,GRPN
43.63,43.69,43.63,43.68,1000,2021-05-17 15:50:00,GRPN
43.65,43.7,43.57,43.69,1600,2021-05-17 15:51:00,GRPN
43.69,43.69,43.69,43.69,616,2021-05-17 15:53:00,GRPN
43.69,43.72,43.69,43.69,1020,2021-05-17 15:54:00,GRPN
43.6,43.6,43.6,43.6,100,2021-05-17 15:55:00,GRPN
43.58,43.58,43.51,43.51,600,2021-05-17 15:56:00,GRPN
43.535,43.535,43.45,43.46,1699,2021-05-17 15:57:00,GRPN
43.53,43.56,43.48,43.48,1360,2021-05-17 15:58:00,GRPN
43.47,43.47,43.47,43.47,100,2021-05-17 15:59:00,GRPN
43.41,43.41,43.32,43.32,1550,2021-05-17 16:00:00,GRPN
43.34,43.34,43.22,43.3,3005,2021-05-17 16:01:00,GRPN
43.34,43.4,43.34,43.38,700,2021-05-17 16:02:00,GRPN
43.43,43.44,43.43,43.44,400,2021-05-17 16:03:00,GRPN
43.42,43.44,43.42,43.42,800,2021-05-17 16:04:00,GRPN
43.44,43.51,43.44,43.51,800,2021-05-17 16:05:00,GRPN
43.48,43.48,43.48,43.48,300,2021-05-17 16:06:00,GRPN
43.48,43.48,43.41,43.41,300,2021-05-17 16:07:00,GRPN
43.44,43.44,43.44,43.44,100,2021-05-17 16:08:00,GRPN
43.41,43.49,43.41,43.4899,1000,2021-05-17 16:09:00,GRPN
43.43,43.43,43.43,43.43,100,2021-05-17 16:10:00,GRPN
43.42,43.42,43.34,43.34,500,2021-05-17 16:11:00,GRPN
43.28,43.35,43.28,43.35,2456,2021-05-17 16:13:00,GRPN
43.31,43.43,43.31,43.43,1506,2021-05-17 16:14:00,GRPN
43.33,43.39,43.22,43.39,1700,2021-05-17 16:15:00,GRPN
43.395,43.43,43.39,43.39,700,2021-05-17 16:16:00,GRPN
43.36,43.36,43.36,43.36,100,2021-05-17 16:17:00,GRPN
43.36,43.36,43.36,43.36,100,2021-05-17 16:18:00,GRPN
43.33,43.38,43.32,43.32,2800,2021-05-17 16:19:00,GRPN
43.34,43.35,43.31,43.35,600,2021-05-17 16:20:00,GRPN
43.32,43.39,43.31,43.36,3100,2021-05-17 16:21:00,GRPN
43.395,43.395,43.37,43.37,300,2021-05-17 16:22:00,GRPN
43.33,43.35,43.31,43.31,3034,2021-05-17 16:23:00,GRPN
43.28,43.3,43.25,43.3,1600,2021-05-17 16:24:00,GRPN
43.33,43.33,43.24,43.24,900,2021-05-17 16:25:00,GRPN
43.26,43.26,43.2,43.22,844,2021-05-17 16:26:00,GRPN
43.2,43.28,43.15,43.205,4386,2021-05-17 16:27:00,GRPN
43.2291,43.2291,43.16,43.18,1020,2021-05-17 16:28:00,GRPN
43.23,43.3,43.22,43.3,2160,2021-05-17 16:29:00,GRPN
43.3,43.34,43.21,43.21,1728,2021-05-17 16:30:00,GRPN
43.21,43.25,43.2,43.25,600,2021-05-17 16:31:00,GRPN
43.18,43.5,43.18,43.43,6663,2021-05-17 16:32:00,GRPN
43.35,43.35,43.34,43.34,600,2021-05-17 16:33:00,GRPN
43.31,43.4,43.31,43.36,600,2021-05-17 16:34:00,GRPN
43.28,43.32,43.28,43.32,400,2021-05-17 16:35:00,GRPN
43.355,43.355,43.3,43.3,300,2021-05-17 16:36:00,GRPN
43.39,43.4,43.35,43.35,700,2021-05-17 16:37:00,GRPN
43.31,43.54,43.31,43.46,3463,2021-05-17 16:38:00,GRPN
43.4,43.4,43.4,43.4,100,2021-05-17 16:39:00,GRPN
43.41,43.41,43.37,43.37,500,2021-05-17 16:40:00,GRPN
43.35,43.35,43.35,43.35,100,2021-05-17 16:41:00,GRPN
43.3,43.3,43.3,43.3,200,2021-05-17 16:42:00,GRPN
43.25,43.32,43.22,43.24,600,2021-05-17 16:43:00,GRPN
43.26,43.33,43.25,43.33,700,2021-05-17 16:44:00,GRPN
43.29,43.29,43.27,43.285,700,2021-05-17 16:45:00,GRPN
43.29,43.34,43.29,43.3,1600,2021-05-17 16:46:00,GRPN
43.3,43.317,43.25,43.25,1312,2021-05-17 16:47:00,GRPN
43.21,43.24,43.18,43.18,2874,2021-05-17 16:48:00,GRPN
43.19,43.2,43.18,43.18,700,2021-05-17 16:49:00,GRPN
43.23,43.26,43.22,43.245,1500,2021-05-17 16:50:00,GRPN
43.22,43.23,43.2,43.2,700,2021-05-17 16:51:00,GRPN
43.2116,43.2116,43.16,43.19,2260,2021-05-17 16:52:00,GRPN
43.17,43.17,43.05,43.05,5403,2021-05-17 16:53:00,GRPN
43.1,43.1,42.92,42.96,12137,2021-05-17 16:54:00,GRPN
42.97,43.08,42.89,43.05,4746,2021-05-17 16:55:00,GRPN
43.055,43.12,43.055,43.115,3140,2021-05-17 16:56:00,GRPN
43.05,43.05,43.02,43.02,1121,2021-05-17 16:57:00,GRPN
43.02,43.02,42.98,42.98,1148,2021-05-17 16:58:00,GRPN
42.96,42.96,42.95,42.95,400,2021-05-17 16:59:00,GRPN
43.01,43.04,42.98,42.98,2100,2021-05-17 17:00:00,GRPN
42.94,42.99,42.92,42.92,6101,2021-05-17 17:01:00,GRPN
42.92,42.99,42.92,42.945,2100,2021-05-17 17:02:00,GRPN
42.84,42.93,42.84,42.919,1228,2021-05-17 17:03:00,GRPN
42.9,42.94,42.8518,42.8544,2600,2021-05-17 17:04:00,GRPN
42.94,43.02,42.94,42.995,3000,2021-05-17 17:06:00,GRPN
42.96,42.96,42.87,42.87,3240,2021-05-17 17:07:00,GRPN
42.92,42.93,42.83,42.83,1600,2021-05-17 17:08:00,GRPN
42.82,42.86,42.78,42.86,7515,2021-05-17 17:09:00,GRPN
42.88,42.88,42.86,42.86,971,2021-05-17 17:10:00,GRPN
42.835,42.86,42.82,42.82,1685,2021-05-17 17:11:00,GRPN
42.86,42.87,42.845,42.86,900,2021-05-17 17:12:00,GRPN
42.88,42.88,42.77,42.785,2900,2021-05-17 17:13:00,GRPN
42.78,42.79,42.55,42.72,6141,2021-05-17 17:14:00,GRPN
42.66,42.7,42.66,42.67,300,2021-05-17 17:15:00,GRPN
42.67,42.77,42.67,42.75,2400,2021-05-17 17:16:00,GRPN
42.7,42.7,42.64,42.69,1393,2021-05-17 17:17:00,GRPN
42.53,42.6,42.53,42.54,2706,2021-05-17 17:18:00,GRPN
42.51,42.59,42.44,42.59,3812,2021-05-17 17:19:00,GRPN
42.62,42.66,42.56,42.56,2350,2021-05-17 17:20:00,GRPN
42.52,42.585,42.5,42.585,2050,2021-05-17 17:21:00,GRPN
42.5887,42.64,42.5887,42.63,2500,2021-05-17 17:22:00,GRPN
42.65,42.67,42.61,42.61,1541,2021-05-17 17:24:00,GRPN
42.65,42.65,42.55,42.57,4181,2021-05-17 17:25:00,GRPN
42.54,42.54,42.54,42.54,2000,2021-05-17 17:26:00,GRPN
42.54,42.555,42.5,42.5,1000,2021-05-17 17:27:00,GRPN
42.55,42.57,42.52,42.52,2734,2021-05-17 17:28:00,GRPN
42.48,42.49,42.43,42.43,1700,2021-05-17 17:29:00,GRPN
42.435,42.52,42.43,42.4899,6184,2021-05-17 17:30:00,GRPN
42.47,42.47,42.415,42.415,300,2021-05-17 17:31:00,GRPN
42.415,42.54,42.38,42.54,4330,2021-05-17 17:32:00,GRPN
42.53,42.61,42.48,42.61,2312,2021-05-17 17:33:00,GRPN
42.62,42.88,42.62,42.88,2546,2021-05-17 17:34:00,GRPN
42.81,42.99,42.8,42.9,6600,2021-05-17 17:35:00,GRPN
42.92,43.0,42.85,43.0,2000,2021-05-17 17:36:00,GRPN
43.0,43.15,43.0,43.14,3869,2021-05-17 17:37:00,GRPN
43.14,43.23,43.12,43.22,4700,2021-05-17 17:38:00,GRPN
43.23,43.26,43.21,43.24,3034,2021-05-17 17:39:00,GRPN
43.27,43.3,43.16,43.21,1655,2021-05-17 17:40:00,GRPN
43.18,43.18,43.15,43.17,800,2021-05-17 17:41:00,GRPN
43.16,43.19,43.145,43.185,3563,2021-05-17 17:42:00,GRPN
43.1601,43.185,42.955,43.02,5398,2021-05-17 17:43:00,GRPN
42.99,43.04,42.99,42.99,1000,2021-05-17 17:44:00,GRPN
42.995,43.07,42.99,43.065,1800,2021-05-17 17:45:00,GRPN
43.06,43.185,43.06,43.18,2900,2021-05-17 17:46:00,GRPN
43.15,43.165,43.12,43.12,711,2021-05-17 17:47:00,GRPN
43.095,43.135,43.09,43.135,1300,2021-05-17 17:48:00,GRPN
43.16,43.25,43.16,43.25,526,2021-05-17 17:49:00,GRPN
43.25,43.28,43.21,43.24,1200,2021-05-17 17:50:00,GRPN
43.25,43.25,43.18,43.215,1300,2021-05-17 17:51:00,GRPN
43.17,43.26,43.16,43.25,2700,2021-05-17 17:52:00,GRPN
43.25,43.26,43.23,43.25,1305,2021-05-17 17:53:00,GRPN
43.26,43.29,43.26,43.28,1471,2021-05-17 17:54:00,GRPN
43.27,43.33,43.27,43.33,1400,2021-05-17 17:55:00,GRPN
43.35,43.405,43.35,43.405,2100,2021-05-17 17:56:00,GRPN
43.45,43.52,43.45,43.52,400,2021-05-17 17:57:00,GRPN
43.495,43.52,43.477,43.51,1250,2021-05-17 17:58:00,GRPN
43.47,43.47,43.46,43.46,804,2021-05-17 17:59:00,GRPN
43.44,43.44,43.34,43.34,3500,2021-05-17 18:00:00,GRPN
43.36,43.39,43.345,43.36,3200,2021-05-17 18:01:00,GRPN
43.36,43.36,43.265,43.265,900,2021-05-17 18:02:00,GRPN
43.3,43.4,43.27,43.4,1500,2021-05-17 18:03:00,GRPN
43.375,43.41,43.375,43.41,800,2021-05-17 18:04:00,GRPN
43.49,43.49,43.485,43.485,500,2021-05-17 18:05:00,GRPN
43.53,43.57,43.53,43.54,1900,2021-05-17 18:06:00,GRPN
43.54,43.57,43.54,43.57,1389,2021-05-17 18:07:00,GRPN
43.58,43.58,43.555,43.555,1200,2021-05-17 18:08:00,GRPN
43.54,43.54,43.54,43.54,100,2021-05-17 18:09:00,GRPN
43.59,43.61,43.56,43.605,900,2021-05-17 18:10:00,GRPN
43.62,43.63,43.605,43.63,1300,2021-05-17 18:11:00,GRPN
43.61,43.61,43.54,43.54,1601,2021-05-17 18:12:00,GRPN
43.54,43.61,43.5,43.59,6357,2021-05-17 18:13:00,GRPN
43.59,43.605,43.55,43.6,1525,2021-05-17 18:14:00,GRPN
43.575,43.6,43.53,43.55,1953,2021-05-17 18:15:00,GRPN
43.545,43.58,43.545,43.58,900,2021-05-17 18:16:00,GRPN
43.595,43.61,43.595,43.61,900,2021-05-17 18:17:00,GRPN
43.58,43.58,43.52,43.54,800,2021-05-17 18:18:00,GRPN
43.54,43.56,43.5,43.54,3760,2021-05-17 18:19:00,GRPN
43.545,43.65,43.54,43.64,1600,2021-05-17 18:20:00,GRPN
43.68,43.68,43.67,43.67,400,2021-05-17 18:22:00,GRPN
43.69,43.7,43.64,43.7,3400,2021-05-17 18:23:00,GRPN
43.67,43.69,43.669,43.685,850,2021-05-17 18:24:00,GRPN
43.685,43.7,43.64,43.66,1738,2021-05-17 18:25:00,GRPN
43.64,43.665,43.64,43.665,400,2021-05-17 18:26:00,GRPN
43.68,43.7,43.665,43.69,1400,2021-05-17 18:27:00,GRPN
43.68,43.68,43.625,43.64,2089,2021-05-17 18:28:00,GRPN
43.64,43.72,43.64,43.72,1300,2021-05-17 18:29:00,GRPN
43.72,43.76,43.71,43.72,4876,2021-05-17 18:30:00,GRPN
43.745,43.76,43.65,43.71,3800,2021-05-17 18:31:00,GRPN
43.68,43.69,43.665,43.685,640,2021-05-17 18:32:00,GRPN
43.709,43.72,43.66,43.66,2485,2021-05-17 18:33:00,GRPN
43.65,43.68,43.64,43.65,1100,2021-05-17 18:34:00,GRPN
43.64,43.64,43.48,43.59,6130,2021-05-17 18:35:00,GRPN
43.56,43.61,43.56,43.61,2520,2021-05-17 18:36:00,GRPN
43.61,43.63,43.57,43.59,2008,2021-05-17 18:37:00,GRPN
43.56,43.57,43.52,43.53,1100,2021-05-17 18:38:00,GRPN
43.53,43.6,43.52,43.55,4440,2021-05-17 18:39:00,GRPN
43.56,43.59,43.56,43.59,600,2021-05-17 18:40:00,GRPN
43.64,43.64,43.57,43.57,1000,2021-05-17 18:41:00,GRPN
43.52,43.555,43.52,43.555,200,2021-05-17 18:42:00,GRPN
43.55,43.58,43.51,43.57,3780,2021-05-17 18:43:00,GRPN
43.545,43.62,43.545,43.62,2170,2021-05-17 18:44:00,GRPN
43.675,43.71,43.675,43.71,800,2021-05-17 18:45:00,GRPN
43.73,43.73,43.73,43.73,300,2021-05-17 18:46:00,GRPN
43.745,43.76,43.73,43.76,300,2021-05-17 18:47:00,GRPN
43.76,43.85,43.76,43.85,1500,2021-05-17 18:48:00,GRPN
43.88,43.88,43.82,43.82,1800,2021-05-17 18:49:00,GRPN
43.87,43.89,43.87,43.87,500,2021-05-17 18:50:00,GRPN
43.89,43.965,43.89,43.94,2900,2021-05-17 18:51:00,GRPN
43.945,43.95,43.935,43.95,600,2021-05-17 18:52:00,GRPN
43.95,44.02,43.95,44.0,2159,2021-05-17 18:53:00,GRPN
44.01,44.01,43.908,43.93,3109,2021-05-17 18:54:00,GRPN
43.9,43.94,43.9,43.94,1300,2021-05-17 18:55:00,GRPN
43.94,44.0747,43.91,44.04,3696,2021-05-17 18:56:00,GRPN
43.99,43.99,43.99,43.99,502,2021-05-17 18:57:00,GRPN
43.99,43.99,43.99,43.99,860,2021-05-17 18:58:00,GRPN
43.97,43.97,43.97,43.97,500,2021-05-17 18:59:00,GRPN
43.95,43.95,43.88,43.95,2565,2021-05-17 19:00:00,GRPN
43.97,44.01,43.97,43.99,1600,2021-05-17 19:01:00,GRPN
44.02,44.03,44.005,44.005,700,2021-05-17 19:02:00,GRPN
44.02,44.02,43.75,43.75,3330,2021-05-17 19:03:00,GRPN
43.79,43.82,43.79,43.8,2901,2021-05-17 19:04:00,GRPN
43.8,43.84,43.77,43.79,2939,2021-05-17 19:05:00,GRPN
43.715,43.715,43.69,43.69,600,2021-05-17 19:06:00,GRPN
43.67,43.71,43.67,43.69,2200,2021-05-17 19:07:00,GRPN
43.67,43.69,43.6,43.67,1939,2021-05-17 19:08:00,GRPN
43.69,43.69,43.67,43.675,800,2021-05-17 19:09:00,GRPN
43.65,43.65,43.54,43.55,1400,2021-05-17 19:10:00,GRPN
43.545,43.64,43.515,43.64,3634,2021-05-17 19:11:00,GRPN
43.64,43.64,43.57,43.59,1300,2021-05-17 19:12:00,GRPN
43.55,43.57,43.54,43.57,600,2021-05-17 19:13:00,GRPN
43.55,43.57,43.54,43.545,1400,2021-05-17 19:14:00,GRPN
43.535,43.6,43.52,43.545,4906,2021-05-17 19:15:00,GRPN
43.545,43.555,43.545,43.555,400,2021-05-17 19:16:00,GRPN
43.59,43.63,43.59,43.63,2400,2021-05-17 19:17:00,GRPN
43.66,43.67,43.62,43.67,3137,2021-05-17 19:18:00,GRPN
43.685,43.685,43.67,43.685,3687,2021-05-17 19:19:00,GRPN
43.67,43.69,43.67,43.69,1600,2021-05-17 19:20:00,GRPN
43.69,43.745,43.69,43.745,1200,2021-05-17 19:21:00,GRPN
43.73,43.73,43.67,43.67,5812,2021-05-17 19:22:00,GRPN
43.69,43.69,43.68,43.68,300,2021-05-17 19:23:00,GRPN
43.68,43.685,43.68,43.685,400,2021-05-17 19:24:00,GRPN
43.685,43.69,43.685,43.685,500,2021-05-17 19:25:00,GRPN
43.71,43.73,43.695,43.695,2244,2021-05-17 19:26:00,GRPN
43.685,43.685,43.66,43.685,800,2021-05-17 19:27:00,GRPN
43.71,43.77,43.685,43.755,2100,2021-05-17 19:28:00,GRPN
43.755,43.7679,43.755,43.7679,500,2021-05-17 19:29:00,GRPN
43.78,43.88,43.75,43.75,2823,2021-05-17 19:30:00,GRPN
43.77,43.825,43.76,43.79,2000,2021-05-17 19:31:00,GRPN
43.77,43.79,43.75,43.78,1900,2021-05-17 19:32:00,GRPN
43.81,43.9499,43.79,43.87,2709,2021-05-17 19:33:00,GRPN
43.855,43.89,43.855,43.89,1462,2021-05-17 19:34:00,GRPN
43.885,43.885,43.78,43.88,4500,2021-05-17 19:35:00,GRPN
43.86,44.07,43.84,43.92,4229,2021-05-17 19:36:00,GRPN
43.9,43.9,43.82,43.9,4785,2021-05-17 19:37:00,GRPN
43.9,43.955,43.9,43.955,1800,2021-05-17 19:38:00,GRPN
43.97,44.0,43.945,43.955,3101,2021-05-17 19:39:00,GRPN
43.98,44.01,43.97,44.005,2300,2021-05-17 19:40:00,GRPN
43.99,44.01,43.95,43.9922,10257,2021-05-17 19:41:00,GRPN
43.96,43.96,43.84,43.87,6000,2021-05-17 19:42:00,GRPN
43.87,43.95,43.86,43.9113,2637,2021-05-17 19:43:00,GRPN
43.905,43.93,43.9,43.9,1657,2021-05-17 19:44:00,GRPN
43.9,43.94,43.895,43.925,2425,2021-05-17 19:45:00,GRPN
43.925,44.03,43.91,44.0199,3733,2021-05-17 19:46:00,GRPN
44.005,44.03,43.99,44.03,3650,2021-05-17 19:47:00,GRPN
44.02,44.03,43.99,44.025,2219,2021-05-17 19:48:00,GRPN
44.01,44.01,43.96,43.96,2646,2021-05-17 19:49:00,GRPN
44.0,44.0,43.94,43.97,3755,2021-05-17 19:50:00,GRPN
43.97,44.0,43.96,44.0,4505,2021-05-17 19:51:00,GRPN
44.01,44.025,43.965,43.97,5774,2021-05-17 19:52:00,GRPN
43.99,44.02,43.96,43.96,4518,2021-05-17 19:53:00,GRPN
43.97,43.98,43.96,43.97,3187,2021-05-17 19:54:00,GRPN
43.9638,43.98,43.905,43.92,17789,2021-05-17 19:55:00,GRPN
43.93,43.94,43.92,43.94,10631,2021-05-17 19:56:00,GRPN
43.94,43.98,43.94,43.965,10699,2021-05-17 19:57:00,GRPN
43.97,44.04,43.94,44.01,15786,2021-05-17 19:58:00,GRPN
44.02,44.04,43.955,44.01,14429,2021-05-17 19:59:00,GRPN
44.01,44.01,44.01,44.01,45000,2021-05-17 20:00:00,GRPN
44.01,44.01,44.01,44.01,25416,2021-05-17 20:24:00,GRPN
44.0,44.0,44.0,44.0,300,2021-05-17 23:16:00,GRPN
44.4,44.4,44.4,44.4,980,2021-05-18 11:27:00,GRPN
44.02,44.02,44.01,44.01,5998,2021-05-18 13:30:00,GRPN
44.05,44.18,43.8,44.18,2047,2021-05-18 13:32:00,GRPN
44.22,44.22,44.14,44.14,200,2021-05-18 13:34:00,GRPN
44.44,44.62,44.44,44.58,1148,2021-05-18 13:35:00,GRPN
44.48,44.48,44.26,44.36,700,2021-05-18 13:36:00,GRPN
44.44,44.46,44.44,44.46,300,2021-05-18 13:37:00,GRPN
44.67,44.71,44.67,44.71,200,2021-05-18 13:38:00,GRPN
44.68,44.74,44.55,44.55,2120,2021-05-18 13:39:00,GRPN
44.66,44.85,44.66,44.775,3800,2021-05-18 13:40:00,GRPN
44.76,44.85,44.6701,44.6701,550,2021-05-18 13:41:00,GRPN
44.84,44.87,44.84,44.84,900,2021-05-18 13:42:00,GRPN
44.83,44.875,44.69,44.7,679,2021-05-18 13:43:00,GRPN
44.745,44.745,44.63,44.63,320,2021-05-18 13:45:00,GRPN
44.64,44.64,44.585,44.585,422,2021-05-18 13:46:00,GRPN
44.78,44.78,44.6498,44.6498,300,2021-05-18 13:47:00,GRPN
44.99,45.15,44.91,45.15,1846,2021-05-18 13:50:00,GRPN
45.005,45.08,44.89,45.08,1602,2021-05-18 13:51:00,GRPN
45.13,45.33,45.09,45.2136,1702,2021-05-18 13:52:00,GRPN
45.4,45.57,45.4,45.57,600,2021-05-18 13:53:00,GRPN
45.475,45.48,45.355,45.45,2300,2021-05-18 13:54:00,GRPN
45.55,45.72,45.55,45.56,1296,2021-05-18 13:55:00,GRPN
45.525,45.56,45.43,45.485,2638,2021-05-18 13:56:00,GRPN
45.54,45.555,45.46,45.5,2544,2021-05-18 13:57:00,GRPN
45.351,45.52,45.29,45.52,5443,2021-05-18 13:58:00,GRPN
45.47,45.55,45.4,45.55,4152,2021-05-18 13:59:00,GRPN
45.5,45.625,45.5,45.6,6899,2021-05-18 14:00:00,GRPN
45.6,45.605,45.52,45.52,610,2021-05-18 14:01:00,GRPN
45.43,45.44,45.245,45.32,906,2021-05-18 14:02:00,GRPN
45.1794,45.215,45.1794,45.215,300,2021-05-18 14:03:00,GRPN
45.27,45.32,45.27,45.32,321,2021-05-18 14:04:00,GRPN
45.43,45.46,45.43,45.46,500,2021-05-18 14:05:00,GRPN
45.515,45.56,45.515,45.56,2136,2021-05-18 14:06:00,GRPN
45.56,45.62,45.51,45.51,700,2021-05-18 14:07:00,GRPN
45.6281,45.6281,45.6281,45.6281,400,2021-05-18 14:08:00,GRPN
45.565,45.61,45.565,45.61,1316,2021-05-18 14:09:00,GRPN
45.59,45.86,45.59,45.73,8094,2021-05-18 14:10:00,GRPN
45.76,45.78,45.69,45.74,2821,2021-05-18 14:11:00,GRPN
45.74,45.74,45.692,45.692,300,2021-05-18 14:12:00,GRPN
45.74,45.74,45.56,45.56,2786,2021-05-18 14:13:00,GRPN
45.73,45.73,45.65,45.7,600,2021-05-18 14:14:00,GRPN
45.625,45.73,45.49,45.73,2076,2021-05-18 14:16:00,GRPN
45.7,45.7,45.7,45.7,148,2021-05-18 14:17:00,GRPN
45.66,45.66,45.46,45.46,700,2021-05-18 14:19:00,GRPN
45.63,45.8,45.48,45.8,2542,2021-05-18 14:20:00,GRPN
45.9,45.9,45.86,45.88,600,2021-05-18 14:21:00,GRPN
45.91,46.0,45.85,45.85,2030,2021-05-18 14:22:00,GRPN
46.11,46.13,46.04,46.12,4000,2021-05-18 14:23:00,GRPN
46.13,46.1672,46.02,46.04,5127,2021-05-18 14:24:00,GRPN
45.89,45.9778,45.8758,45.8758,1416,2021-05-18 14:25:00,GRPN
45.99,45.99,45.83,45.84,3203,2021-05-18 14:26:00,GRPN
45.855,45.95,45.83,45.9,5358,2021-05-18 14:27:00,GRPN
46.0,46.01,46.0,46.01,1200,2021-05-18 14:28:00,GRPN
46.11,46.2,46.11,46.2,908,2021-05-18 14:29:00,GRPN
46.2,46.28,46.2,46.26,704,2021-05-18 14:30:00,GRPN
46.25,46.38,46.22,46.31,3800,2021-05-18 14:31:00,GRPN
46.31,46.31,46.24,46.25,1689,2021-05-18 14:32:00,GRPN
46.25,46.25,46.17,46.17,700,2021-05-18 14:33:00,GRPN
46.2066,46.2066,46.2066,46.2066,300,2021-05-18 14:34:00,GRPN
46.17,46.2,46.07,46.2,606,2021-05-18 14:35:00,GRPN
46.27,46.3,46.27,46.27,1200,2021-05-18 14:36:00,GRPN
46.27,46.27,46.22,46.22,300,2021-05-18 14:37:00,GRPN
46.215,46.4,46.16,46.4,617,2021-05-18 14:39:00,GRPN
46.46,46.5,46.41,46.43,2320,2021-05-18 14:40:00,GRPN
46.29,46.4,46.29,46.335,300,2021-05-18 14:41:00,GRPN
46.29,46.4,46.27,46.27,3500,2021-05-18 14:42:00,GRPN
46.249,46.29,46.23,46.23,600,2021-05-18 14:44:00,GRPN
46.1614,46.31,46.1614,46.27,680,2021-05-18 14:45:00,GRPN
46.22,46.37,46.19,46.33,4199,2021-05-18 14:46:00,GRPN
46.5499,46.5499,46.5499,46.5499,539,2021-05-18 14:48:00,GRPN
46.38,46.45,46.37,46.45,622,2021-05-18 14:49:00,GRPN
46.3554,46.46,46.3,46.31,1129,2021-05-18 14:50:00,GRPN
46.38,46.38,46.17,46.17,1872,2021-05-18 14:51:00,GRPN
46.37,46.37,46.37,46.37,100,2021-05-18 14:52:00,GRPN
46.32,46.32,46.32,46.32,100,2021-05-18 14:53:00,GRPN
46.14,46.29,46.14,46.29,202,2021-05-18 14:55:00,GRPN
46.1935,46.2,46.04,46.04,2500,2021-05-18 14:56:00,GRPN
46.18,46.29,46.11,46.29,3739,2021-05-18 14:57:00,GRPN
46.2415,46.2415,46.22,46.22,450,2021-05-18 14:58:00,GRPN
46.2135,46.295,46.21,46.23,1000,2021-05-18 14:59:00,GRPN
46.21,46.22,46.11,46.11,480,2021-05-18 15:00:00,GRPN
46.0835,46.225,46.0835,46.225,1200,2021-05-18 15:01:00,GRPN
46.09,46.2,46.09,46.2,606,2021-05-18 15:03:00,GRPN
46.1301,46.21,46.1301,46.21,377,2021-05-18 15:04:00,GRPN
46.13,46.25,46.09,46.19,3199,2021-05-18 15:05:00,GRPN
46.19,46.29,46.19,46.29,200,2021-05-18 15:06:00,GRPN
46.22,46.22,46.15,46.15,800,2021-05-18 15:07:00,GRPN
46.04,46.09,46.0,46.04,1700,2021-05-18 15:08:00,GRPN
46.065,46.065,46.065,46.065,105,2021-05-18 15:09:00,GRPN
46.17,46.19,46.16,46.16,900,2021-05-18 15:10:00,GRPN
46.24,46.28,46.21,46.22,4456,2021-05-18 15:12:00,GRPN
46.26,46.26,46.253,46.253,200,2021-05-18 15:13:00,GRPN
46.28,46.35,46.25,46.31,2322,2021-05-18 15:14:00,GRPN
46.31,46.38,46.24,46.25,2672,2021-05-18 15:15:00,GRPN
46.37,46.37,46.3,46.3,300,2021-05-18 15:16:00,GRPN
46.27,46.3,46.27,46.3,700,2021-05-18 15:19:00,GRPN
46.32,46.34,46.31,46.31,300,2021-05-18 15:20:00,GRPN
46.345,46.345,46.29,46.29,400,2021-05-18 15:21:00,GRPN
46.28,46.3,46.27,46.3,500,2021-05-18 15:22:00,GRPN
46.44,46.45,46.39,46.39,859,2021-05-18 15:23:00,GRPN
46.33,46.45,46.33,46.45,200,2021-05-18 15:24:00,GRPN
46.46,46.6299,46.43,46.57,14165,2021-05-18 15:25:00,GRPN
46.5,46.5,46.32,46.34,3762,2021-05-18 15:26:00,GRPN
46.28,46.345,46.26,46.28,500,2021-05-18 15:27:00,GRPN
46.33,46.33,46.3,46.31,704,2021-05-18 15:28:00,GRPN
46.25,46.25,46.2289,46.2289,300,2021-05-18 15:30:00,GRPN
46.195,46.195,46.06,46.06,500,2021-05-18 15:31:00,GRPN
46.01,46.01,45.96,45.96,300,2021-05-18 15:32:00,GRPN
46.01,46.06,45.9001,45.93,4600,2021-05-18 15:33:00,GRPN
45.93,45.93,45.9,45.9,1200,2021-05-18 15:34:00,GRPN
45.9,45.91,45.9,45.91,400,2021-05-18 15:35:00,GRPN
46.08,46.08,46.02,46.02,500,2021-05-18 15:36:00,GRPN
46.0,46.0,46.0,46.0,100,2021-05-18 15:38:00,GRPN
46.01,46.01,46.01,46.01,100,2021-05-18 15:39:00,GRPN
46.07,46.07,46.07,46.07,100,2021-05-18 15:40:00,GRPN
46.15,46.15,46.01,46.01,300,2021-05-18 15:41:00,GRPN
45.97,45.97,45.97,45.97,100,2021-05-18 15:42:00,GRPN
46.085,46.15,46.03,46.1233,726,2021-05-18 15:44:00,GRPN
46.09,46.17,46.09,46.13,1302,2021-05-18 15:45:00,GRPN
46.145,46.145,46.145,46.145,100,2021-05-18 15:46:00,GRPN
46.15,46.15,46.1,46.1,800,2021-05-18 15:47:00,GRPN
46.21,46.21,46.18,46.18,200,2021-05-18 15:50:00,GRPN
46.16,46.18,46.08,46.08,1300,2021-05-18 15:51:00,GRPN
46.05,46.05,46.05,46.05,100,2021-05-18 15:53:00,GRPN
45.97,46.04,45.97,46.04,200,2021-05-18 15:54:00,GRPN
46.04,46.04,46.04,46.04,100,2021-05-18 15:55:00,GRPN
46.04,46.15,46.02,46.09,500,2021-05-18 15:56:00,GRPN
46.12,46.12,46.07,46.07,300,2021-05-18 15:57:00,GRPN
46.05,46.07,45.95,45.995,1400,2021-05-18 15:58:00,GRPN
46.04,46.04,46.04,46.04,100,2021-05-18 15:59:00,GRPN
46.07,46.07,45.97,46.01,550,2021-05-18 16:00:00,GRPN
45.96,46.07,45.95,46.07,600,2021-05-18 16:02:00,GRPN
45.97,46.07,45.96,46.07,600,2021-05-18 16:04:00,GRPN
45.97,45.98,45.9,45.91,900,2021-05-18 16:05:00,GRPN
45.945,46.05,45.9,46.005,1468,2021-05-18 16:06:00,GRPN
45.96,46.0,45.94,45.94,600,2021-05-18 16:07:00,GRPN
46.0,46.0,46.0,46.0,100,2021-05-18 16:08:00,GRPN
46.0,46.01,46.0,46.01,600,2021-05-18 16:10:00,GRPN
46.06,46.06,46.04,46.06,1000,2021-05-18 16:11:00,GRPN
46.05,46.05,46.03,46.03,900,2021-05-18 16:12:00,GRPN
45.95,46.07,45.95,45.99,500,2021-05-18 16:13:00,GRPN
46.09,46.1,46.04,46.04,400,2021-05-18 16:14:00,GRPN
46.04,46.04,46.02,46.03,300,2021-05-18 16:15:00,GRPN
46.03,46.03,46.03,46.03,200,2021-05-18 16:16:00,GRPN
46.02,46.02,46.02,46.02,100,2021-05-18 16:17:00,GRPN
46.07,46.07,46.07,46.07,100,2021-05-18 16:18:00,GRPN
46.01,46.01,46.01,46.01,200,2021-05-18 16:20:00,GRPN
45.97,45.97,45.97,45.97,100,2021-05-18 16:21:00,GRPN
46.08,46.08,46.08,46.08,100,2021-05-18 16:22:00,GRPN
46.08,46.08,46.08,46.08,100,2021-05-18 16:24:00,GRPN
46.08,46.2,46.08,46.2,800,2021-05-18 16:25:00,GRPN
46.23,46.29,46.22,46.28,2600,2021-05-18 16:26:00,GRPN
46.24,46.24,46.15,46.15,300,2021-05-18 16:27:00,GRPN
46.24,46.33,46.2,46.25,800,2021-05-18 16:28:00,GRPN
46.23,46.25,46.23,46.25,200,2021-05-18 16:29:00,GRPN
46.25,46.25,46.25,46.25,557,2021-05-18 16:30:00,GRPN
46.34,46.34,46.2691,46.2691,508,2021-05-18 16:32:00,GRPN
46.3,46.3,46.21,46.21,600,2021-05-18 16:33:00,GRPN
46.27,46.31,46.21,46.24,1859,2021-05-18 16:34:00,GRPN
46.23,46.26,46.23,46.26,300,2021-05-18 16:36:00,GRPN
46.2,46.25,46.2,46.23,500,2021-05-18 16:37:00,GRPN
46.22,46.22,46.18,46.18,500,2021-05-18 16:38:00,GRPN
46.2046,46.2046,46.2046,46.2046,100,2021-05-18 16:39:00,GRPN
46.205,46.205,46.205,46.205,100,2021-05-18 16:40:00,GRPN
46.2,46.25,46.2,46.25,300,2021-05-18 16:41:00,GRPN
46.23,46.34,46.23,46.31,1000,2021-05-18 16:42:00,GRPN
46.285,46.285,46.285,46.285,200,2021-05-18 16:43:00,GRPN
46.24,46.24,46.24,46.24,100,2021-05-18 16:44:00,GRPN
46.17,46.17,46.17,46.17,100,2021-05-18 16:45:00,GRPN
46.21,46.21,46.21,46.21,100,2021-05-18 16:46:00,GRPN
46.24,46.24,46.19,46.19,800,2021-05-18 16:47:00,GRPN
46.2,46.2,46.2,46.2,100,2021-05-18 16:48:00,GRPN
46.18,46.23,46.16,46.23,350,2021-05-18 16:50:00,GRPN
46.16,46.16,46.16,46.16,600,2021-05-18 16:51:00,GRPN
46.23,46.23,46.19,46.19,200,2021-05-18 16:52:00,GRPN
46.19,46.19,46.19,46.19,200,2021-05-18 16:53:00,GRPN
46.27,46.29,46.19,46.19,900,2021-05-18 16:54:00,GRPN
46.21,46.21,46.21,46.21,100,2021-05-18 16:55:00,GRPN
46.2,46.2,46.16,46.2,600,2021-05-18 16:56:00,GRPN
46.17,46.205,46.17,46.205,200,2021-05-18 16:57:00,GRPN
46.2,46.21,46.14,46.16,2050,2021-05-18 16:58:00,GRPN
46.17,46.17,46.17,46.17,100,2021-05-18 16:59:00,GRPN
46.15,46.15,46.15,46.15,100,2021-05-18 17:00:00,GRPN
46.16,46.17,46.13,46.13,600,2021-05-18 17:01:00,GRPN
46.14,46.14,46.14,46.14,100,2021-05-18 17:02:00,GRPN
46.07,46.07,46.05,46.05,400,2021-05-18 17:03:00,GRPN
46.07,46.08,46.03,46.03,400,2021-05-18 17:04:00,GRPN
45.99,45.99,45.97,45.97,250,2021-05-18 17:05:00,GRPN
46.0337,46.0337,46.0337,46.0337,100,2021-05-18 17:08:00,GRPN
46.08,46.08,46.08,46.08,100,2021-05-18 17:09:00,GRPN
46.1,46.11,46.05,46.05,600,2021-05-18 17:10:00,GRPN
46.0,46.045,46.0,46.045,200,2021-05-18 17:11:00,GRPN
46.01,46.01,46.0,46.0,307,2021-05-18 17:12:00,GRPN
46.01,46.01,46.01,46.01,300,2021-05-18 17:13:00,GRPN
45.99,45.99,45.99,45.99,100,2021-05-18 17:15:00,GRPN
46.13,46.13,45.97,45.975,2200,2021-05-18 17:18:00,GRPN
45.985,45.985,45.92,45.92,400,2021-05-18 17:19:00,GRPN
45.93,46.03,45.93,46.02,945,2021-05-18 17:21:00,GRPN
45.99,46.0,45.91,45.91,1625,2021-05-18 17:22:00,GRPN
45.91,45.91,45.91,45.91,100,2021-05-18 17:23:00,GRPN
45.9,45.92,45.9,45.9,600,2021-05-18 17:24:00,GRPN
45.9,45.94,45.9,45.94,1024,2021-05-18 17:25:00,GRPN
45.98,45.99,45.98,45.99,300,2021-05-18 17:26:00,GRPN
45.99,45.99,45.99,45.99,100,2021-05-18 17:27:00,GRPN
45.99,46.08,45.98,45.99,1100,2021-05-18 17:28:00,GRPN
46.15,46.15,46.15,46.15,100,2021-05-18 17:31:00,GRPN
46.15,46.15,46.15,46.15,100,2021-05-18 17:32:00,GRPN
46.17,46.21,46.08,46.09,700,2021-05-18 17:34:00,GRPN
46.11,46.11,46.04,46.06,1208,2021-05-18 17:36:00,GRPN
46.04,46.04,46.0,46.0,300,2021-05-18 17:37:00,GRPN
46.0,46.0,46.0,46.0,100,2021-05-18 17:38:00,GRPN
45.96,45.97,45.96,45.96,551,2021-05-18 17:39:00,GRPN
45.96,46.04,45.96,46.04,200,2021-05-18 17:40:00,GRPN
45.98,46.02,45.95,46.02,384,2021-05-18 17:41:00,GRPN
46.02,46.02,46.0,46.02,650,2021-05-18 17:42:00,GRPN
45.98,46.01,45.9,45.91,2459,2021-05-18 17:45:00,GRPN
45.93,45.93,45.9,45.91,800,2021-05-18 17:46:00,GRPN
45.9,45.9,45.9,45.9,600,2021-05-18 17:47:00,GRPN
45.92,45.95,45.9,45.92,600,2021-05-18 17:48:00,GRPN
45.905,45.905,45.86,45.86,500,2021-05-18 17:49:00,GRPN
45.86,45.86,45.86,45.86,200,2021-05-18 17:50:00,GRPN
45.84,45.84,45.81,45.81,200,2021-05-18 17:52:00,GRPN
45.81,45.81,45.76,45.77,900,2021-05-18 17:53:00,GRPN
45.77,45.8,45.65,45.71,2435,2021-05-18 17:54:00,GRPN
45.69,45.75,45.69,45.75,357,2021-05-18 17:55:00,GRPN
45.73,45.78,45.72,45.77,800,2021-05-18 17:56:00,GRPN
45.85,45.85,45.85,45.85,100,2021-05-18 17:57:00,GRPN
45.85,45.85,45.85,45.85,350,2021-05-18 17:58:00,GRPN
45.89,45.89,45.89,45.89,200,2021-05-18 17:59:00,GRPN
45.851,45.8522,45.851,45.8522,200,2021-05-18 18:00:00,GRPN
45.84,45.84,45.83,45.84,500,2021-05-18 18:01:00,GRPN
45.78,45.78,45.74,45.77,804,2021-05-18 18:03:00,GRPN
45.73,45.73,45.73,45.73,200,2021-05-18 18:04:00,GRPN
45.73,45.83,45.73,45.79,900,2021-05-18 18:05:00,GRPN
45.81,45.81,45.79,45.81,700,2021-05-18 18:06:00,GRPN
45.79,45.79,45.79,45.79,200,2021-05-18 18:07:00,GRPN
45.73,45.73,45.73,45.73,400,2021-05-18 18:08:00,GRPN
45.69,45.72,45.69,45.71,300,2021-05-18 18:09:00,GRPN
45.7,45.75,45.7,45.75,600,2021-05-18 18:11:00,GRPN
45.7175,45.7175,45.7175,45.7175,150,2021-05-18 18:12:00,GRPN
45.68,45.73,45.68,45.73,1000,2021-05-18 18:13:00,GRPN
45.76,45.78,45.71,45.73,1250,2021-05-18 18:14:00,GRPN
45.73,45.75,45.73,45.75,400,2021-05-18 18:15:00,GRPN
45.76,45.76,45.76,45.76,100,2021-05-18 18:16:00,GRPN
45.81,45.83,45.77,45.83,806,2021-05-18 18:17:00,GRPN
45.84,45.99,45.84,45.89,1947,2021-05-18 18:18:00,GRPN
45.82,45.82,45.81,45.81,400,2021-05-18 18:20:00,GRPN
45.76,45.81,45.74,45.81,620,2021-05-18 18:21:00,GRPN
45.79,45.79,45.78,45.78,300,2021-05-18 18:23:00,GRPN
45.75,45.8,45.75,45.78,500,2021-05-18 18:24:00,GRPN
45.78,45.84,45.78,45.84,300,2021-05-18 18:25:00,GRPN
45.81,45.81,45.81,45.81,200,2021-05-18 18:26:00,GRPN
45.78,45.82,45.76,45.819,500,2021-05-18 18:27:00,GRPN
45.75,45.82,45.74,45.74,2682,2021-05-18 18:28:00,GRPN
45.68,45.68,45.65,45.65,800,2021-05-18 18:29:00,GRPN
45.665,45.665,45.65,45.65,200,2021-05-18 18:30:00,GRPN
45.65,45.66,45.65,45.65,300,2021-05-18 18:31:00,GRPN
45.61,45.61,45.56,45.57,700,2021-05-18 18:33:00,GRPN
45.45,45.51,45.34,45.34,1100,2021-05-18 18:34:00,GRPN
45.34,45.49,45.34,45.39,1867,2021-05-18 18:35:00,GRPN
45.39,45.4,45.39,45.4,200,2021-05-18 18:36:00,GRPN
45.27,45.35,45.27,45.34,900,2021-05-18 18:37:00,GRPN
45.49,45.56,45.49,45.51,5543,2021-05-18 18:38:00,GRPN
45.5,45.55,45.5,45.52,500,2021-05-18 18:39:00,GRPN
45.5,45.51,45.48,45.48,1300,2021-05-18 18:40:00,GRPN
45.41,45.455,45.41,45.455,601,2021-05-18 18:41:00,GRPN
45.45,45.45,45.45,45.45,100,2021-05-18 18:42:00,GRPN
45.43,45.43,45.38,45.38,720,2021-05-18 18:43:00,GRPN
45.335,45.399,45.295,45.38,2386,2021-05-18 18:44:00,GRPN
45.3,45.335,45.3,45.335,500,2021-05-18 18:45:00,GRPN
45.3,45.3,45.29,45.29,400,2021-05-18 18:46:00,GRPN
45.25,45.29,45.25,45.27,1150,2021-05-18 18:47:00,GRPN
45.31,45.355,45.3,45.3,900,2021-05-18 18:48:00,GRPN
45.3,45.32,45.29,45.32,1300,2021-05-18 18:49:00,GRPN
45.37,45.44,45.37,45.425,576,2021-05-18 18:50:00,GRPN
45.4,45.4,45.4,45.4,100,2021-05-18 18:51:00,GRPN
45.34,45.37,45.34,45.37,600,2021-05-18 18:52:00,GRPN
45.395,45.43,45.395,45.4,1000,2021-05-18 18:53:00,GRPN
45.39,45.39,45.36,45.36,1188,2021-05-18 18:54:00,GRPN
45.39,45.43,45.38,45.42,400,2021-05-18 18:55:00,GRPN
45.44,45.46,45.41,45.42,1500,2021-05-18 18:56:00,GRPN
45.38,45.44,45.36,45.43,2100,2021-05-18 18:57:00,GRPN
45.47,45.47,45.41,45.44,1100,2021-05-18 18:58:00,GRPN
45.47,45.56,45.47,45.56,700,2021-05-18 18:59:00,GRPN
45.5,45.53,45.48,45.53,2500,2021-05-18 19:00:00,GRPN
45.48,45.48,45.48,45.48,300,2021-05-18 19:01:00,GRPN
45.51,45.51,45.44,45.455,1000,2021-05-18 19:02:00,GRPN
45.45,45.49,45.45,45.475,1900,2021-05-18 19:03:00,GRPN
45.49,45.5,45.47,45.47,492,2021-05-18 19:04:00,GRPN
45.48,45.48,45.48,45.48,200,2021-05-18 19:05:00,GRPN
45.47,45.5,45.465,45.475,1600,2021-05-18 19:06:00,GRPN
45.475,45.475,45.42,45.42,1100,2021-05-18 19:07:00,GRPN
45.43,45.46,45.415,45.44,3250,2021-05-18 19:08:00,GRPN
45.4826,45.4826,45.435,45.44,600,2021-05-18 19:09:00,GRPN
45.465,45.515,45.45,45.48,2300,2021-05-18 19:10:00,GRPN
45.44,45.46,45.41,45.41,1000,2021-05-18 19:11:00,GRPN
45.43,45.475,45.41,45.475,300,2021-05-18 19:12:00,GRPN
45.45,45.45,45.41,45.42,900,2021-05-18 19:13:00,GRPN
45.375,45.375,45.26,45.29,500,2021-05-18 19:14:00,GRPN
45.28,45.33,45.28,45.29,1939,2021-05-18 19:15:00,GRPN
45.29,45.29,45.265,45.265,3523,2021-05-18 19:16:00,GRPN
45.275,45.305,45.26,45.29,1485,2021-05-18 19:17:00,GRPN
45.28,45.29,45.27,45.2706,1000,2021-05-18 19:18:00,GRPN
45.28,45.28,45.265,45.27,500,2021-05-18 19:19:00,GRPN
45.26,45.28,45.23,45.24,3200,2021-05-18 19:20:00,GRPN
45.24,45.24,45.23,45.23,800,2021-05-18 19:21:00,GRPN
45.24,45.28,45.22,45.28,2288,2021-05-18 19:22:00,GRPN
45.285,45.31,45.285,45.31,1300,2021-05-18 19:23:00,GRPN
45.335,45.51,45.335,45.49,3176,2021-05-18 19:24:00,GRPN
45.44,45.44,45.39,45.4,2500,2021-05-18 19:25:00,GRPN
45.4,45.43,45.37,45.41,955,2021-05-18 19:26:00,GRPN
45.41,45.41,45.39,45.39,200,2021-05-18 19:27:00,GRPN
45.33,45.35,45.32,45.32,2500,2021-05-18 19:28:00,GRPN
45.35,45.47,45.35,45.46,700,2021-05-18 19:29:00,GRPN
45.44,45.52,45.44,45.45,2208,2021-05-18 19:30:00,GRPN
45.49,45.55,45.49,45.54,1380,2021-05-18 19:31:00,GRPN
45.49,45.49,45.49,45.49,200,2021-05-18 19:32:00,GRPN
45.43,45.44,45.42,45.44,1722,2021-05-18 19:34:00,GRPN
45.475,45.51,45.44,45.51,2900,2021-05-18 19:35:00,GRPN
45.48,45.515,45.48,45.515,300,2021-05-18 19:36:00,GRPN
45.48,45.65,45.48,45.65,2009,2021-05-18 19:37:00,GRPN
45.61,45.63,45.6,45.62,1458,2021-05-18 19:38:00,GRPN
45.64,45.66,45.62,45.64,1500,2021-05-18 19:39:00,GRPN
45.59,45.64,45.59,45.64,377,2021-05-18 19:40:00,GRPN
45.64,45.67,45.62,45.67,1100,2021-05-18 19:41:00,GRPN
45.67,45.73,45.66,45.67,900,2021-05-18 19:42:00,GRPN
45.7,45.73,45.68,45.68,2800,2021-05-18 19:43:00,GRPN
45.69,45.76,45.68,45.76,2208,2021-05-18 19:44:00,GRPN
45.745,45.76,45.66,45.67,3894,2021-05-18 19:45:00,GRPN
45.62,45.62,45.53,45.61,1000,2021-05-18 19:46:00,GRPN
45.57,45.57,45.52,45.52,1300,2021-05-18 19:47:00,GRPN
45.5,45.52,45.46,45.47,1839,2021-05-18 19:48:00,GRPN
45.48,45.52,45.45,45.48,2268,2021-05-18 19:49:00,GRPN
45.43,45.43,45.3,45.32,3949,2021-05-18 19:50:00,GRPN
45.31,45.33,45.28,45.28,2676,2021-05-18 19:51:00,GRPN
45.28,45.28,45.25,45.27,1517,2021-05-18 19:52:00,GRPN
45.3,45.36,45.25,45.28,7602,2021-05-18 19:53:00,GRPN
45.29,45.32,45.15,45.19,4421,2021-05-18 19:54:00,GRPN
45.2,45.25,45.2,45.22,1017,2021-05-18 19:55:00,GRPN
45.235,45.32,45.21,45.26,6234,2021-05-18 19:56:00,GRPN
45.24,45.26,45.18,45.24,2552,2021-05-18 19:57:00,GRPN
45.25,45.29,45.21,45.24,5250,2021-05-18 19:58:00,GRPN
45.24,45.24,45.13,45.21,5092,2021-05-18 19:59:00,GRPN
45.17,45.17,45.17,45.17,67545,2021-05-18 20:00:00,GRPN
45.17,45.17,45.17,45.17,325,2021-05-18 20:01:00,GRPN
45.0,45.0,45.0,45.0,400,2021-05-18 23:12:00,GRPN
44.0,44.0,44.0,44.0,100,2021-05-19 13:11:00,GRPN
44.14,44.63,44.02,44.06,5793,2021-05-19 13:30:00,GRPN
44.09,44.325,44.07,44.07,500,2021-05-19 13:31:00,GRPN
44.54,44.54,44.09,44.28,800,2021-05-19 13:32:00,GRPN
44.11,44.175,43.88,43.8818,1793,2021-05-19 13:33:00,GRPN
44.15,44.2,44.15,44.15,500,2021-05-19 13:34:00,GRPN
43.98,44.15,43.81,43.85,1000,2021-05-19 13:35:00,GRPN
44.04,44.22,43.96,43.96,900,2021-05-19 13:36:00,GRPN
43.7602,43.7602,43.7602,43.7602,100,2021-05-19 13:37:00,GRPN
43.719,44.03,43.52,43.52,1810,2021-05-19 13:38:00,GRPN
43.63,43.9325,43.61,43.9325,1617,2021-05-19 13:39:00,GRPN
43.59,43.59,43.25,43.25,1792,2021-05-19 13:40:00,GRPN
43.26,43.43,43.26,43.403,2645,2021-05-19 13:41:00,GRPN
43.29,43.69,43.17,43.69,3084,2021-05-19 13:42:00,GRPN
43.975,44.12,43.7,44.036,2250,2021-05-19 13:43:00,GRPN
43.97,44.43,43.97,44.43,4600,2021-05-19 13:44:00,GRPN
44.23,44.44,44.19,44.32,2193,2021-05-19 13:45:00,GRPN
44.54,44.54,44.253,44.36,1763,2021-05-19 13:46:00,GRPN
44.36,44.36,44.36,44.36,100,2021-05-19 13:47:00,GRPN
44.29,44.455,44.29,44.4,1700,2021-05-19 13:48:00,GRPN
44.45,44.45,44.45,44.45,225,2021-05-19 13:49:00,GRPN
44.32,44.53,44.32,44.42,800,2021-05-19 13:50:00,GRPN
44.5965,44.68,44.375,44.375,3857,2021-05-19 13:51:00,GRPN
44.56,44.56,44.28,44.3,1477,2021-05-19 13:52:00,GRPN
44.15,44.18,44.1,44.12,913,2021-05-19 13:53:00,GRPN
44.12,44.12,44.12,44.12,281,2021-05-19 13:54:00,GRPN
44.0,44.1899,43.93,44.095,900,2021-05-19 13:55:00,GRPN
44.0,44.135,43.81,44.03,1359,2021-05-19 13:56:00,GRPN
44.05,44.16,44.03,44.11,2319,2021-05-19 13:57:00,GRPN
43.9,43.9,43.88,43.88,900,2021-05-19 13:59:00,GRPN
43.76,43.95,43.76,43.84,400,2021-05-19 14:00:00,GRPN
43.94,43.94,43.62,43.7,1759,2021-05-19 14:01:00,GRPN
43.63,43.63,43.38,43.38,1647,2021-05-19 14:02:00,GRPN
43.4,43.43,43.32,43.32,447,2021-05-19 14:03:00,GRPN
43.31,43.31,43.18,43.18,700,2021-05-19 14:04:00,GRPN
43.19,43.35,43.19,43.35,600,2021-05-19 14:05:00,GRPN
43.21,43.5131,43.21,43.5131,770,2021-05-19 14:06:00,GRPN
43.41,43.6108,43.41,43.6108,800,2021-05-19 14:07:00,GRPN
43.5787,43.59,43.5389,43.55,1100,2021-05-19 14:08:00,GRPN
43.5886,43.6344,43.57,43.6344,844,2021-05-19 14:09:00,GRPN
43.54,43.71,43.48,43.71,900,2021-05-19 14:10:00,GRPN
43.66,43.66,43.51,43.51,1872,2021-05-19 14:11:00,GRPN
43.4,43.53,43.37,43.53,600,2021-05-19 14:12:00,GRPN
43.66,43.8599,43.66,43.71,2150,2021-05-19 14:13:00,GRPN
43.71,43.79,43.68,43.79,820,2021-05-19 14:14:00,GRPN
43.8,43.81,43.74,43.74,1994,2021-05-19 14:16:00,GRPN
43.8,43.81,43.8,43.81,210,2021-05-19 14:17:00,GRPN
43.7231,43.84,43.7231,43.84,200,2021-05-19 14:18:00,GRPN
43.93,43.99,43.93,43.945,600,2021-05-19 14:19:00,GRPN
43.89,43.89,43.82,43.82,600,2021-05-19 14:20:00,GRPN
43.81,43.82,43.69,43.69,1400,2021-05-19 14:21:00,GRPN
43.75,43.82,43.75,43.79,1500,2021-05-19 14:22:00,GRPN
43.81,43.86,43.81,43.84,1300,2021-05-19 14:23:00,GRPN
43.82,43.9,43.82,43.835,1837,2021-05-19 14:24:00,GRPN
43.91,43.91,43.91,43.91,300,2021-05-19 14:25:00,GRPN
44.03,44.14,44.03,44.14,421,2021-05-19 14:26:00,GRPN
44.08,44.08,44.02,44.02,809,2021-05-19 14:27:00,GRPN
44.05,44.05,43.94,43.94,300,2021-05-19 14:28:00,GRPN
43.89,43.9,43.74,43.9,300,2021-05-19 14:29:00,GRPN
43.71,43.73,43.71,43.73,200,2021-05-19 14:30:00,GRPN
43.82,43.91,43.82,43.87,1000,2021-05-19 14:31:00,GRPN
43.76,43.78,43.76,43.78,300,2021-05-19 14:32:00,GRPN
43.74,43.79,43.64,43.79,1055,2021-05-19 14:33:00,GRPN
43.92,44.05,43.87,44.05,1900,2021-05-19 14:34:00,GRPN
44.0,44.015,43.95,43.95,1305,2021-05-19 14:35:00,GRPN
44.03,44.18,44.0,44.13,1500,2021-05-19 14:36:00,GRPN
44.04,44.125,44.02,44.04,1077,2021-05-19 14:37:00,GRPN
44.03,44.03,44.03,44.03,100,2021-05-19 14:38:00,GRPN
43.93,44.1,43.84,44.055,7400,2021-05-19 14:39:00,GRPN
44.0899,44.19,44.08,44.1,5900,2021-05-19 14:41:00,GRPN
44.22,44.24,44.18,44.18,679,2021-05-19 14:42:00,GRPN
44.3,44.3,44.3,44.3,100,2021-05-19 14:43:00,GRPN
44.15,44.3,44.14,44.25,3000,2021-05-19 14:44:00,GRPN
44.36,44.47,44.36,44.46,680,2021-05-19 14:45:00,GRPN
44.36,44.55,44.34,44.34,3911,2021-05-19 14:46:00,GRPN
44.44,44.44,44.42,44.42,600,2021-05-19 14:47:00,GRPN
44.46,44.46,44.35,44.36,700,2021-05-19 14:48:00,GRPN
44.47,44.47,44.47,44.47,200,2021-05-19 14:49:00,GRPN
44.39,44.5,44.39,44.465,6517,2021-05-19 14:50:00,GRPN
44.39,44.42,44.36,44.42,500,2021-05-19 14:51:00,GRPN
44.44,44.44,44.33,44.34,600,2021-05-19 14:52:00,GRPN
44.34,44.34,44.29,44.3,974,2021-05-19 14:53:00,GRPN
44.26,44.28,44.25,44.28,415,2021-05-19 14:54:00,GRPN
44.14,44.18,44.03,44.03,600,2021-05-19 14:55:00,GRPN
44.18,44.19,44.095,44.15,1000,2021-05-19 14:56:00,GRPN
44.17,44.32,44.17,44.3,700,2021-05-19 14:57:00,GRPN
44.38,44.38,44.24,44.3,300,2021-05-19 14:58:00,GRPN
44.3,44.37,44.3,44.3,600,2021-05-19 14:59:00,GRPN
44.24,44.35,44.24,44.24,700,2021-05-19 15:00:00,GRPN
44.27,44.37,44.2,44.37,2253,2021-05-19 15:01:00,GRPN
44.24,44.26,44.24,44.26,600,2021-05-19 15:02:00,GRPN
44.16,44.21,44.13,44.21,300,2021-05-19 15:03:00,GRPN
44.22,44.26,44.11,44.19,1199,2021-05-19 15:04:00,GRPN
44.19,44.19,44.19,44.19,100,2021-05-19 15:05:00,GRPN
44.19,44.26,44.19,44.26,200,2021-05-19 15:06:00,GRPN
44.18,44.32,44.18,44.32,200,2021-05-19 15:07:00,GRPN
44.3,44.41,44.3,44.4,500,2021-05-19 15:08:00,GRPN
44.45,44.58,44.39,44.58,1100,2021-05-19 15:09:00,GRPN
44.59,44.59,44.51,44.51,1579,2021-05-19 15:10:00,GRPN
44.62,44.62,44.61,44.61,200,2021-05-19 15:11:00,GRPN
44.54,44.54,44.54,44.54,100,2021-05-19 15:13:00,GRPN
44.49,44.63,44.49,44.63,200,2021-05-19 15:14:00,GRPN
44.53,44.63,44.52,44.57,800,2021-05-19 15:15:00,GRPN
44.645,44.645,44.64,44.64,200,2021-05-19 15:16:00,GRPN
44.55,44.67,44.54,44.67,1400,2021-05-19 15:17:00,GRPN
44.68,44.74,44.68,44.72,300,2021-05-19 15:18:00,GRPN
44.66,44.73,44.65,44.715,1915,2021-05-19 15:19:00,GRPN
44.64,44.79,44.57,44.75,791,2021-05-19 15:20:00,GRPN
44.84,45.0,44.839,44.99,1000,2021-05-19 15:21:00,GRPN
44.95,45.0,44.95,44.955,800,2021-05-19 15:22:00,GRPN
44.92,44.95,44.87,44.87,2054,2021-05-19 15:23:00,GRPN
44.785,44.8,44.69,44.75,900,2021-05-19 15:24:00,GRPN
44.77,44.81,44.68,44.8,700,2021-05-19 15:25:00,GRPN
44.82,44.93,44.82,44.9,300,2021-05-19 15:26:00,GRPN
44.82,44.82,44.78,44.78,463,2021-05-19 15:27:00,GRPN
44.82,44.83,44.81,44.83,300,2021-05-19 15:28:00,GRPN
44.82,44.84,44.76,44.76,1173,2021-05-19 15:29:00,GRPN
44.79,44.825,44.75,44.77,2400,2021-05-19 15:30:00,GRPN
44.77,44.78,44.77,44.78,900,2021-05-19 15:31:00,GRPN
44.79,44.84,44.75,44.79,2064,2021-05-19 15:32:00,GRPN
44.7219,44.805,44.7219,44.805,200,2021-05-19 15:33:00,GRPN
44.84,44.84,44.79,44.79,300,2021-05-19 15:34:00,GRPN
44.86,44.88,44.78,44.79,1200,2021-05-19 15:35:00,GRPN
44.84,44.86,44.76,44.76,339,2021-05-19 15:36:00,GRPN
44.825,44.825,44.78,44.78,218,2021-05-19 15:37:00,GRPN
44.8,44.8,44.8,44.8,100,2021-05-19 15:38:00,GRPN
44.78,44.78,44.78,44.78,100,2021-05-19 15:39:00,GRPN
44.8,44.95,44.79,44.95,600,2021-05-19 15:40:00,GRPN
44.91,44.96,44.84,44.84,1100,2021-05-19 15:41:00,GRPN
44.82,44.9,44.82,44.9,200,2021-05-19 15:42:00,GRPN
44.86,44.86,44.86,44.86,200,2021-05-19 15:43:00,GRPN
44.9,44.9,44.9,44.9,100,2021-05-19 15:44:00,GRPN
44.9,44.9,44.9,44.9,100,2021-05-19 15:45:00,GRPN
44.91,44.98,44.91,44.98,800,2021-05-19 15:47:00,GRPN
44.9,44.98,44.89,44.89,1554,2021-05-19 15:48:00,GRPN
44.84,44.85,44.84,44.85,804,2021-05-19 15:49:00,GRPN
44.84,44.84,44.67,44.67,2496,2021-05-19 15:50:00,GRPN
44.79,44.82,44.69,44.69,1546,2021-05-19 15:51:00,GRPN
44.69,44.69,44.6,44.67,1074,2021-05-19 15:52:00,GRPN
44.675,44.675,44.51,44.51,600,2021-05-19 15:53:00,GRPN
44.29,44.29,44.28,44.28,200,2021-05-19 15:54:00,GRPN
44.28,44.28,44.28,44.28,100,2021-05-19 15:55:00,GRPN
44.42,44.52,44.42,44.505,787,2021-05-19 15:56:00,GRPN
44.42,44.49,44.42,44.49,300,2021-05-19 15:57:00,GRPN
44.43,44.43,44.32,44.32,1547,2021-05-19 15:59:00,GRPN
44.33,44.33,44.3,44.3,200,2021-05-19 16:00:00,GRPN
44.335,44.335,44.25,44.25,300,2021-05-19 16:01:00,GRPN
44.14,44.22,44.14,44.22,757,2021-05-19 16:02:00,GRPN
44.32,44.355,44.32,44.355,200,2021-05-19 16:03:00,GRPN
44.28,44.31,44.2,44.31,1120,2021-05-19 16:04:00,GRPN
44.22,44.31,44.22,44.31,340,2021-05-19 16:05:00,GRPN
44.28,44.29,44.28,44.29,500,2021-05-19 16:06:00,GRPN
44.4,44.4,44.35,44.35,400,2021-05-19 16:07:00,GRPN
44.29,44.41,44.29,44.39,5272,2021-05-19 16:08:00,GRPN
44.44,44.44,44.3406,44.35,3220,2021-05-19 16:09:00,GRPN
44.38,44.42,44.38,44.42,400,2021-05-19 16:10:00,GRPN
44.415,44.415,44.37,44.37,400,2021-05-19 16:11:00,GRPN
44.35,44.425,44.35,44.36,300,2021-05-19 16:12:00,GRPN
44.46,44.46,44.46,44.46,200,2021-05-19 16:13:00,GRPN
44.43,44.43,44.35,44.35,400,2021-05-19 16:14:00,GRPN
44.35,44.39,44.35,44.39,200,2021-05-19 16:15:00,GRPN
44.44,44.44,44.44,44.44,442,2021-05-19 16:16:00,GRPN
44.54,44.59,44.525,44.525,2550,2021-05-19 16:17:00,GRPN
44.5421,44.64,44.5421,44.64,1300,2021-05-19 16:18:00,GRPN
44.645,44.645,44.645,44.645,100,2021-05-19 16:19:00,GRPN
44.6,44.61,44.6,44.61,802,2021-05-19 16:20:00,GRPN
44.66,44.66,44.66,44.66,300,2021-05-19 16:21:00,GRPN
44.69,44.69,44.69,44.69,100,2021-05-19 16:23:00,GRPN
44.69,44.73,44.69,44.71,800,2021-05-19 16:24:00,GRPN
44.64,44.66,44.61,44.61,400,2021-05-19 16:25:00,GRPN
44.57,44.57,44.48,44.48,200,2021-05-19 16:26:00,GRPN
44.51,44.545,44.51,44.51,450,2021-05-19 16:30:00,GRPN
44.47,44.48,44.42,44.42,300,2021-05-19 16:31:00,GRPN
44.4,44.4,44.39,44.39,200,2021-05-19 16:32:00,GRPN
44.43,44.43,44.43,44.43,100,2021-05-19 16:33:00,GRPN
44.4,44.44,44.4,44.44,700,2021-05-19 16:35:00,GRPN
44.41,44.41,44.4,44.4,1089,2021-05-19 16:36:00,GRPN
44.42,44.42,44.36,44.36,300,2021-05-19 16:37:00,GRPN
44.42,44.42,44.42,44.42,234,2021-05-19 16:38:00,GRPN
44.5,44.5,44.44,44.44,400,2021-05-19 16:39:00,GRPN
44.4,44.4,44.4,44.4,200,2021-05-19 16:40:00,GRPN
44.43,44.43,44.43,44.43,100,2021-05-19 16:42:00,GRPN
44.5,44.5,44.47,44.5,400,2021-05-19 16:43:00,GRPN
44.43,44.43,44.43,44.43,285,2021-05-19 16:44:00,GRPN
44.48,44.48,44.48,44.48,100,2021-05-19 16:45:00,GRPN
44.44,44.49,44.41,44.48,700,2021-05-19 16:46:00,GRPN
44.475,44.54,44.475,44.54,200,2021-05-19 16:47:00,GRPN
44.52,44.52,44.52,44.52,100,2021-05-19 16:48:00,GRPN
44.48,44.48,44.48,44.48,100,2021-05-19 16:50:00,GRPN
44.5,44.51,44.45,44.45,400,2021-05-19 16:51:00,GRPN
44.42,44.42,44.4,44.41,300,2021-05-19 16:52:00,GRPN
44.37,44.38,44.37,44.38,200,2021-05-19 16:53:00,GRPN
44.36,44.36,44.3,44.3,300,2021-05-19 16:54:00,GRPN
44.31,44.31,44.27,44.31,300,2021-05-19 16:56:00,GRPN
44.32,44.32,44.32,44.32,200,2021-05-19 16:57:00,GRPN
44.23,44.255,44.22,44.22,500,2021-05-19 16:58:00,GRPN
44.255,44.255,44.255,44.255,100,2021-05-19 17:00:00,GRPN
44.33,44.33,44.33,44.33,100,2021-05-19 17:01:00,GRPN
44.25,44.33,44.24,44.33,848,2021-05-19 17:02:00,GRPN
44.23,44.23,44.2201,44.2201,5100,2021-05-19 17:04:00,GRPN
44.275,44.33,44.275,44.33,600,2021-05-19 17:05:00,GRPN
44.32,44.32,44.32,44.32,200,2021-05-19 17:06:00,GRPN
44.39,44.49,44.39,44.49,500,2021-05-19 17:07:00,GRPN
44.54,44.54,44.46,44.46,600,2021-05-19 17:08:00,GRPN
44.37,44.37,44.37,44.37,100,2021-05-19 17:09:00,GRPN
44.41,44.46,44.4,44.46,400,2021-05-19 17:10:00,GRPN
44.51,44.51,44.4,44.45,300,2021-05-19 17:11:00,GRPN
44.45,44.45,44.45,44.45,100,2021-05-19 17:12:00,GRPN
44.39,44.43,44.39,44.43,300,2021-05-19 17:13:00,GRPN
44.4,44.4,44.4,44.4,100,2021-05-19 17:14:00,GRPN
44.39,44.39,44.39,44.39,100,2021-05-19 17:15:00,GRPN
44.31,44.31,44.31,44.31,100,2021-05-19 17:16:00,GRPN
44.28,44.37,44.28,44.28,600,2021-05-19 17:17:00,GRPN
44.26,44.26,44.26,44.26,100,2021-05-19 17:18:00,GRPN
44.29,44.34,44.28,44.34,412,2021-05-19 17:19:00,GRPN
44.25,44.33,44.23,44.23,500,2021-05-19 17:21:00,GRPN
44.18,44.28,44.18,44.27,854,2021-05-19 17:22:00,GRPN
44.16,44.25,44.14,44.2,762,2021-05-19 17:24:00,GRPN
44.13,44.16,44.07,44.16,700,2021-05-19 17:25:00,GRPN
44.13,44.19,44.13,44.18,1699,2021-05-19 17:26:00,GRPN
44.19,44.19,44.18,44.18,300,2021-05-19 17:27:00,GRPN
44.2,44.2,44.07,44.08,935,2021-05-19 17:28:00,GRPN
44.13,44.19,44.13,44.19,900,2021-05-19 17:29:00,GRPN
44.08,44.1,44.06,44.06,500,2021-05-19 17:31:00,GRPN
44.03,44.03,43.99,43.99,500,2021-05-19 17:32:00,GRPN
44.05,44.05,43.93,43.93,400,2021-05-19 17:33:00,GRPN
43.95,43.95,43.95,43.95,100,2021-05-19 17:34:00,GRPN
43.96,44.05,43.96,44.05,500,2021-05-19 17:35:00,GRPN
44.01,44.1,44.01,44.1,1400,2021-05-19 17:36:00,GRPN
44.17,44.18,44.09,44.09,781,2021-05-19 17:37:00,GRPN
44.17,44.17,44.17,44.17,100,2021-05-19 17:38:00,GRPN
44.1,44.22,44.09,44.19,900,2021-05-19 17:39:00,GRPN
44.17,44.21,44.09,44.15,1082,2021-05-19 17:40:00,GRPN
44.09,44.09,43.985,44.08,2100,2021-05-19 17:41:00,GRPN
44.105,44.105,44.105,44.105,100,2021-05-19 17:42:00,GRPN
44.035,44.035,43.965,43.99,542,2021-05-19 17:43:00,GRPN
43.98,44.09,43.98,44.09,500,2021-05-19 17:44:00,GRPN
44.02,44.05,44.0,44.0,900,2021-05-19 17:45:00,GRPN
44.01,44.01,44.01,44.01,100,2021-05-19 17:46:00,GRPN
43.95,44.06,43.95,44.0,500,2021-05-19 17:47:00,GRPN
43.98,43.99,43.93,43.93,500,2021-05-19 17:48:00,GRPN
43.92,43.92,43.92,43.92,300,2021-05-19 17:49:00,GRPN
44.02,44.15,44.02,44.15,500,2021-05-19 17:50:00,GRPN
44.06,44.06,44.02,44.02,376,2021-05-19 17:51:00,GRPN
44.06,44.07,44.06,44.07,200,2021-05-19 17:52:00,GRPN
44.06,44.06,44.06,44.06,205,2021-05-19 17:53:00,GRPN
44.05,44.06,43.97,44.06,400,2021-05-19 17:54:00,GRPN
44.03,44.03,44.03,44.03,100,2021-05-19 17:55:00,GRPN
44.02,44.02,44.02,44.02,100,2021-05-19 17:56:00,GRPN
44.11,44.11,44.11,44.11,100,2021-05-19 17:57:00,GRPN
44.11,44.11,44.0,44.11,400,2021-05-19 17:58:00,GRPN
44.1,44.36,44.1,44.35,5207,2021-05-19 17:59:00,GRPN
44.35,44.63,44.2804,44.595,14818,2021-05-19 18:00:00,GRPN
44.56,44.68,44.56,44.6301,1600,2021-05-19 18:01:00,GRPN
44.6465,44.665,44.6465,44.665,200,2021-05-19 18:02:00,GRPN
44.66,44.7599,44.65,44.75,2568,2021-05-19 18:03:00,GRPN
44.81,44.81,44.255,44.34,8643,2021-05-19 18:04:00,GRPN
44.34,44.34,44.21,44.21,700,2021-05-19 18:05:00,GRPN
44.29,44.32,44.29,44.32,1000,2021-05-19 18:06:00,GRPN
44.33,44.41,44.33,44.37,2500,2021-05-19 18:07:00,GRPN
44.37,44.37,44.29,44.3426,1800,2021-05-19 18:08:00,GRPN
44.32,44.32,44.32,44.32,100,2021-05-19 18:09:00,GRPN
44.4,44.41,44.39,44.39,400,2021-05-19 18:10:00,GRPN
44.39,44.4,44.36,44.36,2260,2021-05-19 18:11:00,GRPN
44.42,44.42,44.42,44.42,200,2021-05-19 18:12:00,GRPN
44.45,44.4643,44.4359,44.4359,1700,2021-05-19 18:14:00,GRPN
44.42,44.42,44.12,44.18,2750,2021-05-19 18:15:00,GRPN
44.225,44.27,44.225,44.26,1900,2021-05-19 18:16:00,GRPN
44.2,44.2,44.16,44.16,1950,2021-05-19 18:17:00,GRPN
44.28,44.28,44.16,44.23,600,2021-05-19 18:18:00,GRPN
44.21,44.21,44.2,44.2,1100,2021-05-19 18:19:00,GRPN
44.29,44.38,44.28,44.29,2163,2021-05-19 18:20:00,GRPN
44.495,44.54,44.495,44.54,200,2021-05-19 18:22:00,GRPN
44.56,44.56,44.55,44.55,400,2021-05-19 18:23:00,GRPN
44.58,44.625,44.57,44.6,900,2021-05-19 18:24:00,GRPN
44.67,44.76,44.64,44.76,1370,2021-05-19 18:25:00,GRPN
44.736,44.78,44.735,44.735,2100,2021-05-19 18:26:00,GRPN
44.7,44.7,44.66,44.66,200,2021-05-19 18:27:00,GRPN
44.7,44.73,44.67,44.73,400,2021-05-19 18:28:00,GRPN
44.74,44.77,44.65,44.77,2400,2021-05-19 18:30:00,GRPN
44.74,44.8,44.74,44.75,800,2021-05-19 18:31:00,GRPN
44.77,44.78,44.71,44.72,979,2021-05-19 18:32:00,GRPN
44.58,44.58,44.58,44.58,100,2021-05-19 18:33:00,GRPN
44.55,44.58,44.55,44.58,400,2021-05-19 18:34:00,GRPN
44.584,44.584,44.584,44.584,100,2021-05-19 18:35:00,GRPN
44.61,44.645,44.61,44.645,300,2021-05-19 18:36:00,GRPN
44.62,44.639,44.52,44.52,1323,2021-05-19 18:37:00,GRPN
44.52,44.53,44.52,44.53,700,2021-05-19 18:38:00,GRPN
44.53,44.57,44.53,44.57,1200,2021-05-19 18:39:00,GRPN
44.58,44.63,44.51,44.51,300,2021-05-19 18:40:00,GRPN
44.54,44.59,44.43,44.57,1510,2021-05-19 18:41:00,GRPN
44.54,44.59,44.53,44.59,500,2021-05-19 18:42:00,GRPN
44.565,44.565,44.565,44.565,100,2021-05-19 18:43:00,GRPN
44.59,44.59,44.51,44.52,964,2021-05-19 18:44:00,GRPN
44.56,44.56,44.55,44.55,500,2021-05-19 18:45:00,GRPN
44.55,44.58,44.55,44.58,1200,2021-05-19 18:46:00,GRPN
44.55,44.55,44.55,44.55,100,2021-05-19 18:47:00,GRPN
44.55,44.61,44.55,44.61,600,2021-05-19 18:48:00,GRPN
44.59,44.59,44.54,44.54,600,2021-05-19 18:49:00,GRPN
44.5125,44.5125,44.5125,44.5125,245,2021-05-19 18:50:00,GRPN
44.57,44.57,44.57,44.57,100,2021-05-19 18:51:00,GRPN
44.55,44.55,44.55,44.55,199,2021-05-19 18:52:00,GRPN
44.58,44.58,44.58,44.58,100,2021-05-19 18:53:00,GRPN
44.49,44.49,44.49,44.49,100,2021-05-19 18:54:00,GRPN
44.53,44.53,44.4397,44.4397,1125,2021-05-19 18:55:00,GRPN
44.55,44.55,44.55,44.55,100,2021-05-19 18:57:00,GRPN
44.56,44.7,44.56,44.7,1000,2021-05-19 18:58:00,GRPN
44.46,44.55,44.46,44.49,1077,2021-05-19 19:00:00,GRPN
44.42,44.42,44.38,44.38,200,2021-05-19 19:01:00,GRPN
44.4,44.4,44.39,44.39,200,2021-05-19 19:02:00,GRPN
44.42,44.53,44.42,44.5,1300,2021-05-19 19:03:00,GRPN
44.57,44.62,44.54,44.62,900,2021-05-19 19:05:00,GRPN
44.56,44.56,44.56,44.56,100,2021-05-19 19:06:00,GRPN
44.655,44.76,44.655,44.76,600,2021-05-19 19:07:00,GRPN
44.77,44.77,44.72,44.72,659,2021-05-19 19:08:00,GRPN
44.72,44.73,44.71,44.73,400,2021-05-19 19:09:00,GRPN
44.71,44.895,44.71,44.84,1700,2021-05-19 19:10:00,GRPN
44.82,44.85,44.82,44.82,300,2021-05-19 19:11:00,GRPN
44.81,44.84,44.8,44.81,4711,2021-05-19 19:12:00,GRPN
44.89,44.89,44.89,44.89,100,2021-05-19 19:13:00,GRPN
44.84,44.84,44.75,44.75,812,2021-05-19 19:14:00,GRPN
44.88,44.88,44.84,44.84,600,2021-05-19 19:15:00,GRPN
44.85,44.85,44.85,44.85,200,2021-05-19 19:16:00,GRPN
44.85,44.85,44.85,44.85,100,2021-05-19 19:17:00,GRPN
44.83,44.85,44.83,44.8311,450,2021-05-19 19:18:00,GRPN
44.9,44.94,44.89,44.92,1800,2021-05-19 19:19:00,GRPN
44.93,44.93,44.82,44.86,1404,2021-05-19 19:20:00,GRPN
44.89,44.89,44.86,44.86,300,2021-05-19 19:21:00,GRPN
44.9,44.94,44.9,44.91,300,2021-05-19 19:22:00,GRPN
44.87,44.98,44.87,44.98,2200,2021-05-19 19:23:00,GRPN
44.98,45.06,44.97,45.06,3592,2021-05-19 19:24:00,GRPN
44.98,44.98,44.92,44.94,769,2021-05-19 19:25:00,GRPN
44.9,44.9,44.9,44.9,100,2021-05-19 19:26:00,GRPN
44.83,44.83,44.8,44.8,600,2021-05-19 19:27:00,GRPN
44.93,44.98,44.93,44.94,500,2021-05-19 19:28:00,GRPN
44.97,44.97,44.91,44.93,800,2021-05-19 19:29:00,GRPN
44.84,44.865,44.84,44.865,200,2021-05-19 19:30:00,GRPN
44.81,44.81,44.8,44.81,400,2021-05-19 19:31:00,GRPN
44.82,44.85,44.78,44.78,400,2021-05-19 19:32:00,GRPN
44.77,44.79,44.77,44.79,500,2021-05-19 19:33:00,GRPN
44.76,44.79,44.76,44.79,954,2021-05-19 19:34:00,GRPN
44.76,44.79,44.76,44.76,400,2021-05-19 19:35:00,GRPN
44.81,44.82,44.81,44.82,200,2021-05-19 19:36:00,GRPN
44.78,44.83,44.77,44.78,400,2021-05-19 19:37:00,GRPN
44.76,44.77,44.74,44.75,800,2021-05-19 19:38:00,GRPN
44.73,44.74,44.71,44.71,600,2021-05-19 19:39:00,GRPN
44.69,44.74,44.67,44.69,1900,2021-05-19 19:40:00,GRPN
44.685,44.685,44.685,44.685,100,2021-05-19 19:41:00,GRPN
44.67,44.71,44.67,44.69,1500,2021-05-19 19:42:00,GRPN
44.67,44.67,44.67,44.67,500,2021-05-19 19:43:00,GRPN
44.7,44.73,44.69,44.69,816,2021-05-19 19:44:00,GRPN
44.68,44.68,44.62,44.63,1900,2021-05-19 19:45:00,GRPN
44.65,44.65,44.57,44.59,800,2021-05-19 19:46:00,GRPN
44.57,44.59,44.54,44.54,1500,2021-05-19 19:47:00,GRPN
44.53,44.53,44.5,44.5,200,2021-05-19 19:48:00,GRPN
44.49,44.53,44.49,44.53,1164,2021-05-19 19:49:00,GRPN
44.49,44.57,44.44,44.5,4600,2021-05-19 19:50:00,GRPN
44.52,44.59,44.49,44.59,3702,2021-05-19 19:51:00,GRPN
44.57,44.58,44.54,44.58,1141,2021-05-19 19:52:00,GRPN
44.58,44.63,44.57,44.63,595,2021-05-19 19:53:00,GRPN
44.605,44.66,44.6,44.6,6596,2021-05-19 19:54:00,GRPN
44.63,44.76,44.63,44.71,4390,2021-05-19 19:55:00,GRPN
44.7,44.74,44.68,44.73,1600,2021-05-19 19:56:00,GRPN
44.71,44.77,44.69,44.73,4334,2021-05-19 19:57:00,GRPN
44.71,44.89,44.69,44.85,10378,2021-05-19 19:58:00,GRPN
44.82,44.94,44.785,44.89,27133,2021-05-19 19:59:00,GRPN
44.84,44.84,44.84,44.84,256240,2021-05-19 20:00:00,GRPN
44.84,44.84,44.84,44.84,294,2021-05-19 20:01:00,GRPN
45.04,45.23,45.03,45.23,6661,2021-05-20 13:30:00,GRPN
44.8,44.856,44.8,44.856,300,2021-05-20 13:31:00,GRPN
45.0,45.0,44.895,44.895,400,2021-05-20 13:32:00,GRPN
44.67,44.74,44.59,44.74,700,2021-05-20 13:34:00,GRPN
44.755,44.755,44.755,44.755,100,2021-05-20 13:36:00,GRPN
44.755,44.95,44.75,44.95,500,2021-05-20 13:37:00,GRPN
44.53,44.53,44.4,44.4,773,2021-05-20 13:38:00,GRPN
44.42,44.42,44.27,44.27,2100,2021-05-20 13:39:00,GRPN
44.3925,44.465,44.33,44.46,1200,2021-05-20 13:40:00,GRPN
44.6,44.7,44.45,44.6,4500,2021-05-20 13:41:00,GRPN
44.725,44.725,44.725,44.725,100,2021-05-20 13:42:00,GRPN
44.74,44.96,44.74,44.8,2312,2021-05-20 13:43:00,GRPN
44.96,45.2299,44.93,44.93,3336,2021-05-20 13:44:00,GRPN
44.855,44.95,44.69,44.95,2209,2021-05-20 13:45:00,GRPN
44.85,44.85,44.85,44.85,100,2021-05-20 13:46:00,GRPN
44.93,45.295,44.93,45.295,1400,2021-05-20 13:47:00,GRPN
45.205,45.39,45.14,45.14,2408,2021-05-20 13:48:00,GRPN
45.14,45.15,45.08,45.08,1000,2021-05-20 13:49:00,GRPN
45.03,45.03,45.03,45.03,100,2021-05-20 13:50:00,GRPN
44.81,45.22,44.81,45.21,2948,2021-05-20 13:51:00,GRPN
45.21,45.21,44.94,45.07,2335,2021-05-20 13:52:00,GRPN
45.0008,45.01,44.77,45.01,1400,2021-05-20 13:53:00,GRPN
45.02,45.08,44.84,44.84,3224,2021-05-20 13:54:00,GRPN
44.85,45.0,44.83,44.905,1400,2021-05-20 13:56:00,GRPN
45.0,45.13,44.93,45.11,600,2021-05-20 13:57:00,GRPN
45.17,45.17,45.03,45.03,209,2021-05-20 13:59:00,GRPN
45.04,45.04,44.97,45.03,1000,2021-05-20 14:00:00,GRPN
44.83,44.85,44.81,44.85,500,2021-05-20 14:01:00,GRPN
44.82,44.82,44.82,44.82,200,2021-05-20 14:02:00,GRPN
44.795,44.99,44.795,44.9893,2945,2021-05-20 14:03:00,GRPN
45.12,45.12,45.12,45.12,100,2021-05-20 14:04:00,GRPN
44.95,45.05,44.91,45.02,1999,2021-05-20 14:05:00,GRPN
45.12,45.23,45.12,45.23,1400,2021-05-20 14:06:00,GRPN
45.18,45.18,45.11,45.11,300,2021-05-20 14:07:00,GRPN
45.11,45.11,45.0,45.02,1146,2021-05-20 14:08:00,GRPN
45.0,45.02,45.0,45.02,850,2021-05-20 14:09:00,GRPN
44.99,45.0,44.99,45.0,200,2021-05-20 14:10:00,GRPN
45.02,45.09,44.99,45.08,800,2021-05-20 14:11:00,GRPN
45.0059,45.0059,45.0059,45.0059,100,2021-05-20 14:12:00,GRPN
45.0,45.01,45.0,45.01,200,2021-05-20 14:13:00,GRPN
44.93,44.93,44.83,44.86,500,2021-05-20 14:14:00,GRPN
44.83,44.85,44.82,44.85,500,2021-05-20 14:15:00,GRPN
44.72,44.72,44.72,44.72,200,2021-05-20 14:16:00,GRPN
44.84,44.89,44.83,44.83,1000,2021-05-20 14:17:00,GRPN
44.78,44.78,44.72,44.72,200,2021-05-20 14:18:00,GRPN
44.8,44.85,44.69,44.785,1871,2021-05-20 14:19:00,GRPN
44.69,44.955,44.69,44.79,2100,2021-05-20 14:21:00,GRPN
44.85,44.86,44.83,44.83,300,2021-05-20 14:22:00,GRPN
44.86,44.87,44.86,44.87,300,2021-05-20 14:23:00,GRPN
44.8,44.87,44.66,44.66,1782,2021-05-20 14:24:00,GRPN
44.825,44.825,44.77,44.78,800,2021-05-20 14:25:00,GRPN
44.6468,44.6468,44.6468,44.6468,411,2021-05-20 14:26:00,GRPN
44.695,44.76,44.695,44.73,2122,2021-05-20 14:27:00,GRPN
44.73,44.8,44.73,44.74,930,2021-05-20 14:28:00,GRPN
44.7,44.7,44.7,44.7,200,2021-05-20 14:29:00,GRPN
44.7,44.7,44.66,44.66,300,2021-05-20 14:30:00,GRPN
44.66,44.87,44.66,44.75,3500,2021-05-20 14:31:00,GRPN
44.56,44.56,44.56,44.56,100,2021-05-20 14:32:00,GRPN
44.53,44.765,44.53,44.69,2100,2021-05-20 14:33:00,GRPN
44.77,44.77,44.77,44.77,100,2021-05-20 14:34:00,GRPN
44.69,44.77,44.68,44.77,3696,2021-05-20 14:35:00,GRPN
44.74,44.75,44.74,44.75,200,2021-05-20 14:36:00,GRPN
44.84,44.94,44.84,44.94,300,2021-05-20 14:37:00,GRPN
44.86,44.86,44.81,44.81,650,2021-05-20 14:39:00,GRPN
44.88,44.96,44.88,44.89,500,2021-05-20 14:41:00,GRPN
44.83,44.83,44.83,44.83,100,2021-05-20 14:42:00,GRPN
44.87,45.125,44.86,45.125,5438,2021-05-20 14:43:00,GRPN
44.99,44.99,44.99,44.99,100,2021-05-20 14:44:00,GRPN
45.06,45.33,45.05,45.28,2800,2021-05-20 14:46:00,GRPN
45.395,45.395,45.28,45.28,721,2021-05-20 14:47:00,GRPN
45.25,45.25,45.25,45.25,111,2021-05-20 14:48:00,GRPN
45.23,45.32,45.23,45.32,1100,2021-05-20 14:49:00,GRPN
45.32,45.33,45.19,45.29,500,2021-05-20 14:50:00,GRPN
45.22,45.35,45.14,45.14,3229,2021-05-20 14:51:00,GRPN
45.25,45.25,45.25,45.25,311,2021-05-20 14:52:00,GRPN
45.32,45.32,45.245,45.315,300,2021-05-20 14:53:00,GRPN
45.18,45.5,45.18,45.5,850,2021-05-20 14:54:00,GRPN
45.44,45.44,45.41,45.41,700,2021-05-20 14:55:00,GRPN
45.39,45.39,45.39,45.39,100,2021-05-20 14:56:00,GRPN
45.325,45.38,45.325,45.38,700,2021-05-20 14:57:00,GRPN
45.425,45.425,45.37,45.37,700,2021-05-20 14:58:00,GRPN
45.25,45.25,45.18,45.18,200,2021-05-20 14:59:00,GRPN
45.37,45.37,45.37,45.37,300,2021-05-20 15:00:00,GRPN
45.45,45.46,45.38,45.38,974,2021-05-20 15:01:00,GRPN
45.355,45.355,45.3,45.3,300,2021-05-20 15:02:00,GRPN
45.3188,45.3188,45.3188,45.3188,100,2021-05-20 15:03:00,GRPN
45.33,45.37,45.28,45.31,815,2021-05-20 15:04:00,GRPN
45.36,45.36,45.35,45.355,500,2021-05-20 15:05:00,GRPN
45.25,45.31,45.18,45.27,800,2021-05-20 15:07:00,GRPN
45.24,45.24,45.24,45.24,800,2021-05-20 15:08:00,GRPN
45.29,45.29,45.29,45.29,100,2021-05-20 15:09:00,GRPN
45.3,45.3,45.3,45.3,100,2021-05-20 15:10:00,GRPN
45.4,45.48,45.365,45.47,2700,2021-05-20 15:11:00,GRPN
45.46,45.59,45.46,45.525,700,2021-05-20 15:12:00,GRPN
45.5283,45.6,45.5283,45.6,1048,2021-05-20 15:13:00,GRPN
45.62,45.62,45.55,45.55,800,2021-05-20 15:14:00,GRPN
45.61,45.61,45.555,45.555,1200,2021-05-20 15:15:00,GRPN
45.62,45.65,45.57,45.65,1507,2021-05-20 15:17:00,GRPN
45.7,45.7,45.7,45.7,100,2021-05-20 15:18:00,GRPN
45.665,45.665,45.665,45.665,100,2021-05-20 15:19:00,GRPN
45.68,45.71,45.67,45.71,1300,2021-05-20 15:20:00,GRPN
45.755,45.755,45.61,45.61,700,2021-05-20 15:21:00,GRPN
45.5,45.63,45.5,45.63,200,2021-05-20 15:22:00,GRPN
45.5,45.675,45.5,45.57,1600,2021-05-20 15:23:00,GRPN
45.55,45.55,45.5,45.5,300,2021-05-20 15:24:00,GRPN
45.52,45.57,45.52,45.57,900,2021-05-20 15:26:00,GRPN
45.57,45.57,45.38,45.445,600,2021-05-20 15:27:00,GRPN
45.39,45.559,45.39,45.5096,1400,2021-05-20 15:28:00,GRPN
45.51,45.51,45.5,45.5,600,2021-05-20 15:29:00,GRPN
45.58,45.58,45.58,45.58,100,2021-05-20 15:30:00,GRPN
45.45,45.45,45.45,45.45,100,2021-05-20 15:31:00,GRPN
45.51,45.51,45.5,45.5,600,2021-05-20 15:34:00,GRPN
45.44,45.48,45.44,45.48,336,2021-05-20 15:35:00,GRPN
45.42,45.42,45.39,45.39,300,2021-05-20 15:36:00,GRPN
45.38,45.48,45.38,45.46,880,2021-05-20 15:37:00,GRPN
45.46,45.46,45.35,45.35,400,2021-05-20 15:38:00,GRPN
45.35,45.35,45.33,45.33,300,2021-05-20 15:39:00,GRPN
45.33,45.39,45.33,45.365,700,2021-05-20 15:40:00,GRPN
45.35,45.385,45.35,45.385,200,2021-05-20 15:41:00,GRPN
45.37,45.37,45.3,45.32,600,2021-05-20 15:42:00,GRPN
45.25,45.25,45.23,45.23,800,2021-05-20 15:43:00,GRPN
45.24,45.36,45.24,45.29,300,2021-05-20 15:46:00,GRPN
45.29,45.29,45.24,45.24,300,2021-05-20 15:47:00,GRPN
45.23,45.23,45.23,45.23,500,2021-05-20 15:49:00,GRPN
45.15,45.15,45.15,45.15,100,2021-05-20 15:51:00,GRPN
45.15,45.26,45.15,45.26,1750,2021-05-20 15:52:00,GRPN
45.15,45.19,45.14,45.19,300,2021-05-20 15:53:00,GRPN
45.26,45.26,45.23,45.23,1400,2021-05-20 15:54:00,GRPN
45.24,45.24,45.2,45.2098,600,2021-05-20 15:55:00,GRPN
45.2,45.2,45.2,45.2,100,2021-05-20 15:58:00,GRPN
45.27,45.27,45.2,45.2,1100,2021-05-20 15:59:00,GRPN
45.2,45.2,45.14,45.14,10498,2021-05-20 16:01:00,GRPN
45.11,45.2,45.03,45.2,2500,2021-05-20 16:02:00,GRPN
45.29,45.3,45.28,45.28,600,2021-05-20 16:03:00,GRPN
45.21,45.245,45.21,45.245,220,2021-05-20 16:04:00,GRPN
45.225,45.225,45.225,45.225,100,2021-05-20 16:05:00,GRPN
45.22,45.25,45.22,45.25,200,2021-05-20 16:07:00,GRPN
45.26,45.26,45.26,45.26,100,2021-05-20 16:08:00,GRPN
45.25,45.25,45.19,45.19,600,2021-05-20 16:10:00,GRPN
45.19,45.22,45.19,45.22,300,2021-05-20 16:11:00,GRPN
45.245,45.245,45.15,45.15,1271,2021-05-20 16:12:00,GRPN
45.15,45.15,45.15,45.15,100,2021-05-20 16:13:00,GRPN
45.17,45.23,45.15,45.23,2509,2021-05-20 16:14:00,GRPN
45.265,45.265,45.265,45.265,100,2021-05-20 16:15:00,GRPN
45.32,45.32,45.22,45.22,400,2021-05-20 16:16:00,GRPN
45.27,45.27,45.27,45.27,100,2021-05-20 16:17:00,GRPN
45.32,45.32,45.29,45.29,400,2021-05-20 16:19:00,GRPN
45.27,45.295,45.27,45.295,800,2021-05-20 16:21:00,GRPN
45.27,45.31,45.27,45.31,800,2021-05-20 16:22:00,GRPN
45.29,45.32,45.29,45.32,200,2021-05-20 16:24:00,GRPN
45.295,45.33,45.24,45.3,2200,2021-05-20 16:26:00,GRPN
45.3,45.33,45.3,45.31,3480,2021-05-20 16:27:00,GRPN
45.26,45.28,45.26,45.27,10800,2021-05-20 16:28:00,GRPN
45.24,45.24,45.125,45.16,5839,2021-05-20 16:29:00,GRPN
45.17,45.18,45.16,45.16,700,2021-05-20 16:30:00,GRPN
45.15,45.15,45.15,45.15,700,2021-05-20 16:31:00,GRPN
45.15,45.16,45.15,45.15,5143,2021-05-20 16:32:00,GRPN
45.14,45.14,45.11,45.11,800,2021-05-20 16:33:00,GRPN
45.06,45.06,44.89,44.92,1250,2021-05-20 16:34:00,GRPN
44.84,44.84,44.49,44.49,18954,2021-05-20 16:35:00,GRPN
44.5,44.565,44.4,44.51,21864,2021-05-20 16:36:00,GRPN
44.52,44.53,44.5,44.51,4163,2021-05-20 16:37:00,GRPN
44.51,44.54,44.475,44.53,4274,2021-05-20 16:38:00,GRPN
44.5,44.5,44.48,44.48,300,2021-05-20 16:39:00,GRPN
44.45,44.45,44.35,44.35,700,2021-05-20 16:40:00,GRPN
44.43,44.44,44.39,44.39,736,2021-05-20 16:41:00,GRPN
44.44,44.44,44.36,44.36,1516,2021-05-20 16:42:00,GRPN
44.28,44.34,44.23,44.32,1700,2021-05-20 16:43:00,GRPN
44.34,44.34,44.34,44.34,200,2021-05-20 16:44:00,GRPN
44.32,44.32,44.32,44.32,100,2021-05-20 16:45:00,GRPN
44.3858,44.39,44.28,44.28,900,2021-05-20 16:46:00,GRPN
44.34,44.34,44.3,44.3,910,2021-05-20 16:47:00,GRPN
44.32,44.395,44.32,44.32,600,2021-05-20 16:48:00,GRPN
44.36,44.36,44.33,44.36,800,2021-05-20 16:49:00,GRPN
44.38,44.49,44.38,44.45,1840,2021-05-20 16:50:00,GRPN
44.46,44.84,44.46,44.805,12203,2021-05-20 16:51:00,GRPN
44.85,44.94,44.85,44.94,1000,2021-05-20 16:53:00,GRPN
44.9,44.92,44.87,44.92,1600,2021-05-20 16:56:00,GRPN
44.925,44.925,44.925,44.925,100,2021-05-20 16:57:00,GRPN
44.91,44.91,44.91,44.91,100,2021-05-20 16:58:00,GRPN
44.95,45.03,44.95,45.01,1608,2021-05-20 16:59:00,GRPN
45.22,45.23,45.02,45.03,13349,2021-05-20 17:00:00,GRPN
45.04,45.04,44.9,44.98,2021,2021-05-20 17:01:00,GRPN
45.04,45.09,45.0,45.09,1099,2021-05-20 17:02:00,GRPN
45.07,45.1,45.05,45.1,1139,2021-05-20 17:03:00,GRPN
45.08,45.16,45.08,45.16,700,2021-05-20 17:04:00,GRPN
45.17,45.23,45.17,45.23,900,2021-05-20 17:05:00,GRPN
45.23,45.3,45.23,45.3,1299,2021-05-20 17:06:00,GRPN
45.3,45.31,45.3,45.31,420,2021-05-20 17:07:00,GRPN
45.31,45.31,45.28,45.29,724,2021-05-20 17:08:00,GRPN
45.29,45.29,45.23,45.29,800,2021-05-20 17:09:00,GRPN
45.31,45.38,45.31,45.38,900,2021-05-20 17:10:00,GRPN
45.39,45.41,45.35,45.39,1000,2021-05-20 17:11:00,GRPN
45.39,45.54,45.32,45.365,19016,2021-05-20 17:12:00,GRPN
45.3,45.31,45.3,45.31,200,2021-05-20 17:13:00,GRPN
45.25,45.28,45.25,45.28,322,2021-05-20 17:14:00,GRPN
45.27,45.27,45.21,45.23,725,2021-05-20 17:16:00,GRPN
45.24,45.24,45.24,45.24,100,2021-05-20 17:18:00,GRPN
45.27,45.27,45.24,45.24,500,2021-05-20 17:19:00,GRPN
45.16,45.19,45.16,45.19,700,2021-05-20 17:21:00,GRPN
45.13,45.17,45.11,45.17,600,2021-05-20 17:22:00,GRPN
45.07,45.13,45.07,45.13,300,2021-05-20 17:23:00,GRPN
45.09,45.09,45.09,45.09,100,2021-05-20 17:24:00,GRPN
45.04,45.04,45.04,45.04,400,2021-05-20 17:25:00,GRPN
45.04,45.0534,45.04,45.0534,600,2021-05-20 17:26:00,GRPN
45.01,45.01,45.01,45.01,100,2021-05-20 17:28:00,GRPN
45.02,45.02,45.02,45.02,100,2021-05-20 17:29:00,GRPN
44.99,45.01,44.99,45.01,200,2021-05-20 17:30:00,GRPN
45.015,45.015,44.99,44.99,300,2021-05-20 17:31:00,GRPN
45.04,45.04,45.03,45.03,300,2021-05-20 17:32:00,GRPN
45.02,45.02,45.02,45.02,100,2021-05-20 17:33:00,GRPN
45.03,45.04,45.03,45.04,300,2021-05-20 17:34:00,GRPN
45.04,45.09,45.04,45.09,500,2021-05-20 17:35:00,GRPN
44.98,44.98,44.97,44.97,289,2021-05-20 17:37:00,GRPN
44.96,44.96,44.93,44.93,943,2021-05-20 17:39:00,GRPN
44.85,44.85,44.81,44.85,900,2021-05-20 17:40:00,GRPN
44.86,44.9,44.815,44.9,1300,2021-05-20 17:41:00,GRPN
44.9,44.9,44.9,44.9,100,2021-05-20 17:42:00,GRPN
44.86,44.86,44.86,44.86,100,2021-05-20 17:44:00,GRPN
44.85,44.94,44.85,44.93,800,2021-05-20 17:45:00,GRPN
44.91,44.91,44.91,44.91,100,2021-05-20 17:46:00,GRPN
44.94,44.94,44.94,44.94,200,2021-05-20 17:47:00,GRPN
44.89,44.9,44.89,44.9,200,2021-05-20 17:50:00,GRPN
44.89,44.93,44.89,44.92,1700,2021-05-20 17:51:00,GRPN
45.03,45.03,45.03,45.03,200,2021-05-20 17:52:00,GRPN
44.955,44.955,44.9,44.9,200,2021-05-20 17:53:00,GRPN
44.79,44.79,44.78,44.79,300,2021-05-20 17:54:00,GRPN
44.75,44.75,44.73,44.73,400,2021-05-20 17:55:00,GRPN
44.73,44.73,44.73,44.73,100,2021-05-20 17:56:00,GRPN
44.73,44.73,44.72,44.73,400,2021-05-20 17:57:00,GRPN
44.66,44.67,44.65,44.66,879,2021-05-20 17:59:00,GRPN
44.67,44.71,44.67,44.68,300,2021-05-20 18:00:00,GRPN
44.66,44.66,44.66,44.66,100,2021-05-20 18:01:00,GRPN
44.72,44.75,44.69,44.69,1000,2021-05-20 18:02:00,GRPN
44.63,44.63,44.61,44.61,400,2021-05-20 18:03:00,GRPN
44.62,44.62,44.62,44.62,100,2021-05-20 18:04:00,GRPN
44.61,44.68,44.61,44.63,700,2021-05-20 18:05:00,GRPN
44.6,44.64,44.6,44.64,200,2021-05-20 18:06:00,GRPN
44.6,44.6,44.54,44.55,600,2021-05-20 18:07:00,GRPN
44.55,44.55,44.55,44.55,100,2021-05-20 18:08:00,GRPN
44.56,44.56,44.56,44.56,200,2021-05-20 18:09:00,GRPN
44.55,44.58,44.51,44.565,800,2021-05-20 18:10:00,GRPN
44.61,44.61,44.58,44.58,400,2021-05-20 18:11:00,GRPN
44.655,44.73,44.62,44.63,544,2021-05-20 18:12:00,GRPN
44.56,44.65,44.55,44.65,1588,2021-05-20 18:13:00,GRPN
44.665,44.67,44.6,44.6,500,2021-05-20 18:14:00,GRPN
44.6,44.66,44.6,44.66,400,2021-05-20 18:15:00,GRPN
44.6,44.6,44.6,44.6,300,2021-05-20 18:16:00,GRPN
44.605,44.605,44.605,44.605,100,2021-05-20 18:17:00,GRPN
44.61,44.61,44.61,44.61,200,2021-05-20 18:18:00,GRPN
44.61,44.61,44.61,44.61,100,2021-05-20 18:19:00,GRPN
44.62,44.66,44.59,44.62,500,2021-05-20 18:20:00,GRPN
44.61,44.72,44.6,44.72,2100,2021-05-20 18:21:00,GRPN
44.67,44.67,44.61,44.61,500,2021-05-20 18:22:00,GRPN
44.59,44.65,44.59,44.65,1111,2021-05-20 18:23:00,GRPN
44.62,44.63,44.59,44.59,300,2021-05-20 18:24:00,GRPN
44.59,44.65,44.59,44.65,300,2021-05-20 18:25:00,GRPN
44.59,44.62,44.59,44.62,200,2021-05-20 18:26:00,GRPN
44.59,44.59,44.54,44.59,1110,2021-05-20 18:27:00,GRPN
44.61,44.63,44.61,44.63,300,2021-05-20 18:28:00,GRPN
44.61,44.62,44.61,44.61,300,2021-05-20 18:29:00,GRPN
44.61,44.69,44.61,44.69,800,2021-05-20 18:30:00,GRPN
44.68,44.725,44.68,44.725,400,2021-05-20 18:31:00,GRPN
44.67,44.7,44.67,44.7,300,2021-05-20 18:32:00,GRPN
44.65,44.68,44.65,44.68,600,2021-05-20 18:33:00,GRPN
44.685,44.73,44.64,44.73,900,2021-05-20 18:34:00,GRPN
44.71,44.795,44.71,44.77,700,2021-05-20 18:35:00,GRPN
44.83,44.92,44.83,44.92,1200,2021-05-20 18:36:00,GRPN
44.89,44.9,44.85,44.9,900,2021-05-20 18:37:00,GRPN
44.88,44.95,44.88,44.95,1000,2021-05-20 18:38:00,GRPN
44.94,44.99,44.94,44.99,600,2021-05-20 18:39:00,GRPN
44.94,44.955,44.93,44.93,700,2021-05-20 18:41:00,GRPN
44.94,44.97,44.94,44.945,600,2021-05-20 18:42:00,GRPN
44.88,44.96,44.88,44.96,1010,2021-05-20 18:43:00,GRPN
44.93,44.93,44.93,44.93,300,2021-05-20 18:44:00,GRPN
44.93,44.955,44.92,44.92,900,2021-05-20 18:46:00,GRPN
44.9,44.93,44.88,44.93,1150,2021-05-20 18:47:00,GRPN
44.94,44.95,44.93,44.93,900,2021-05-20 18:48:00,GRPN
44.91,44.91,44.91,44.91,100,2021-05-20 18:49:00,GRPN
44.91,44.91,44.87,44.87,500,2021-05-20 18:50:00,GRPN
44.9,44.9,44.89,44.89,1200,2021-05-20 18:51:00,GRPN
44.88,44.88,44.88,44.88,400,2021-05-20 18:52:00,GRPN
44.88,44.94,44.88,44.92,1150,2021-05-20 18:53:00,GRPN
44.91,44.92,44.91,44.91,600,2021-05-20 18:54:00,GRPN
44.91,44.94,44.91,44.94,600,2021-05-20 18:55:00,GRPN
44.93,44.95,44.93,44.94,700,2021-05-20 18:57:00,GRPN
44.94,45.0,44.94,45.0,1000,2021-05-20 18:58:00,GRPN
44.96,44.97,44.93,44.945,700,2021-05-20 19:00:00,GRPN
44.96,45.0,44.96,44.99,500,2021-05-20 19:01:00,GRPN
44.99,45.22,44.99,45.17,2100,2021-05-20 19:02:00,GRPN
45.08,45.08,45.08,45.08,200,2021-05-20 19:03:00,GRPN
45.06,45.1,45.05,45.07,600,2021-05-20 19:04:00,GRPN
45.06,45.1,45.06,45.08,2200,2021-05-20 19:05:00,GRPN
45.11,45.11,45.04,45.04,700,2021-05-20 19:06:00,GRPN
45.0201,45.0201,45.0201,45.0201,100,2021-05-20 19:08:00,GRPN
44.99,45.09,44.96,45.09,2157,2021-05-20 19:09:00,GRPN
45.08,45.14,45.08,45.12,700,2021-05-20 19:10:00,GRPN
45.13,45.1856,45.13,45.15,1100,2021-05-20 19:11:00,GRPN
45.15,45.15,45.14,45.14,400,2021-05-20 19:12:00,GRPN
45.14,45.14,45.14,45.14,100,2021-05-20 19:13:00,GRPN
45.11,45.1108,45.03,45.03,526,2021-05-20 19:14:00,GRPN
45.03,45.12,45.03,45.12,2500,2021-05-20 19:15:00,GRPN
45.11,45.16,45.11,45.16,400,2021-05-20 19:16:00,GRPN
45.14,45.16,45.14,45.16,500,2021-05-20 19:17:00,GRPN
45.14,45.14,45.14,45.14,500,2021-05-20 19:18:00,GRPN
45.12,45.12,45.07,45.07,728,2021-05-20 19:19:00,GRPN
45.11,45.17,45.11,45.12,1600,2021-05-20 19:20:00,GRPN
45.08,45.08,45.08,45.08,100,2021-05-20 19:21:00,GRPN
45.1,45.1,45.1,45.1,400,2021-05-20 19:22:00,GRPN
45.09,45.11,45.09,45.11,200,2021-05-20 19:23:00,GRPN
45.1,45.11,45.09,45.095,1100,2021-05-20 19:24:00,GRPN
45.095,45.095,45.08,45.08,200,2021-05-20 19:25:00,GRPN
45.09,45.14,45.08,45.13,3394,2021-05-20 19:27:00,GRPN
45.12,45.12,45.1,45.1,896,2021-05-20 19:28:00,GRPN
45.085,45.085,45.07,45.08,800,2021-05-20 19:29:00,GRPN
45.1,45.18,45.1,45.11,3283,2021-05-20 19:30:00,GRPN
45.11,45.11,45.11,45.11,500,2021-05-20 19:31:00,GRPN
45.11,45.16,45.11,45.115,3045,2021-05-20 19:32:00,GRPN
45.1,45.1,45.1,45.1,681,2021-05-20 19:33:00,GRPN
45.1,45.13,45.03,45.03,1822,2021-05-20 19:34:00,GRPN
45.0,45.01,44.91,44.91,1199,2021-05-20 19:35:00,GRPN
44.88,44.88,44.88,44.88,100,2021-05-20 19:36:00,GRPN
44.86,44.91,44.86,44.9,3410,2021-05-20 19:37:00,GRPN
44.87,44.91,44.845,44.885,1400,2021-05-20 19:38:00,GRPN
45.015,45.015,45.015,45.015,100,2021-05-20 19:39:00,GRPN
44.91,44.91,44.81,44.81,800,2021-05-20 19:40:00,GRPN
44.8076,44.8076,44.8076,44.8076,630,2021-05-20 19:41:00,GRPN
44.8,44.83,44.8,44.83,1277,2021-05-20 19:42:00,GRPN
44.82,44.82,44.8,44.81,600,2021-05-20 19:43:00,GRPN
44.83,44.84,44.815,44.82,1628,2021-05-20 19:44:00,GRPN
44.7901,44.85,44.7901,44.82,2652,2021-05-20 19:45:00,GRPN
44.795,44.81,44.77,44.79,1007,2021-05-20 19:46:00,GRPN
44.775,44.775,44.76,44.775,1044,2021-05-20 19:47:00,GRPN
44.79,44.79,44.69,44.71,2970,2021-05-20 19:48:00,GRPN
44.72,44.73,44.69,44.695,700,2021-05-20 19:49:00,GRPN
44.68,44.68,44.62,44.62,1622,2021-05-20 19:50:00,GRPN
44.645,44.645,44.6,44.61,1472,2021-05-20 19:51:00,GRPN
44.63,44.63,44.57,44.57,1922,2021-05-20 19:52:00,GRPN
44.56,44.61,44.56,44.59,1900,2021-05-20 19:53:00,GRPN
44.622,44.622,44.57,44.595,1700,2021-05-20 19:54:00,GRPN
44.56,44.64,44.53,44.64,8052,2021-05-20 19:55:00,GRPN
44.63,44.635,44.58,44.58,1717,2021-05-20 19:56:00,GRPN
44.605,44.62,44.59,44.605,1655,2021-05-20 19:57:00,GRPN
44.59,44.66,44.59,44.62,6200,2021-05-20 19:58:00,GRPN
44.62,44.68,44.62,44.68,4169,2021-05-20 19:59:00,GRPN
44.69,44.69,44.69,44.69,26569,2021-05-20 20:00:00,GRPN
44.69,44.69,44.69,44.69,2138,2021-05-20 20:37:00,GRPN
44.33,44.33,44.32,44.32,574,2021-05-20 22:42:00,GRPN
44.35,44.35,44.35,44.35,1000,2021-05-21 11:00:00,GRPN
44.51,45.49,44.5,45.49,1100,2021-05-21 11:20:00,GRPN
44.75,44.75,44.75,44.75,200,2021-05-21 13:22:00,GRPN
44.6,44.6,44.59,44.59,200,2021-05-21 13:29:00,GRPN
44.7,44.7,44.23,44.23,14192,2021-05-21 13:30:00,GRPN
44.4897,44.4897,43.81,43.93,5710,2021-05-21 13:31:00,GRPN
43.81,43.81,43.44,43.7031,1080,2021-05-21 13:32:00,GRPN
43.69,43.8,43.51,43.51,3796,2021-05-21 13:33:00,GRPN
43.75,43.82,43.7,43.705,3300,2021-05-21 13:35:00,GRPN
43.879,43.879,43.879,43.879,113,2021-05-21 13:36:00,GRPN
43.65,43.65,43.41,43.54,5297,2021-05-21 13:37:00,GRPN
43.5699,43.639,43.52,43.639,1050,2021-05-21 13:38:00,GRPN
43.45,43.535,43.25,43.535,4027,2021-05-21 13:39:00,GRPN
43.47,43.565,43.37,43.38,4106,2021-05-21 13:40:00,GRPN
43.52,43.61,43.52,43.61,1500,2021-05-21 13:41:00,GRPN
43.5703,43.76,43.56,43.66,2052,2021-05-21 13:42:00,GRPN
43.64,43.65,43.53,43.65,800,2021-05-21 13:43:00,GRPN
43.55,43.55,43.33,43.485,5722,2021-05-21 13:44:00,GRPN
43.4001,43.51,43.4001,43.51,350,2021-05-21 13:45:00,GRPN
43.5562,43.9899,43.5562,43.9899,2277,2021-05-21 13:47:00,GRPN
43.9899,44.0,43.98,44.0,1366,2021-05-21 13:48:00,GRPN
44.0,44.22,43.9382,44.22,1230,2021-05-21 13:49:00,GRPN
44.05,44.05,44.05,44.05,284,2021-05-21 13:50:00,GRPN
43.78,43.97,43.78,43.97,1550,2021-05-21 13:51:00,GRPN
44.0,44.0,43.854,43.99,2000,2021-05-21 13:53:00,GRPN
43.91,44.0,43.91,44.0,1300,2021-05-21 13:55:00,GRPN
43.9632,44.09,43.93,43.93,1769,2021-05-21 13:56:00,GRPN
43.93,43.98,43.8,43.8,3301,2021-05-21 13:57:00,GRPN
43.86,44.01,43.85,44.01,2000,2021-05-21 13:58:00,GRPN
44.059,44.059,44.0449,44.0449,306,2021-05-21 13:59:00,GRPN
44.06,44.07,44.005,44.015,900,2021-05-21 14:00:00,GRPN
44.01,44.2,43.88,44.14,19784,2021-05-21 14:01:00,GRPN
44.22,44.32,44.205,44.32,2212,2021-05-21 14:02:00,GRPN
44.33,44.56,44.25,44.5,1702,2021-05-21 14:03:00,GRPN
44.46,44.68,44.46,44.68,2000,2021-05-21 14:04:00,GRPN
44.68,44.78,44.63,44.65,4200,2021-05-21 14:05:00,GRPN
44.6405,44.75,44.6405,44.675,650,2021-05-21 14:06:00,GRPN
44.7004,44.79,44.665,44.74,3289,2021-05-21 14:07:00,GRPN
44.8,44.8,44.7,44.73,2495,2021-05-21 14:08:00,GRPN
44.7,44.85,44.695,44.85,1647,2021-05-21 14:09:00,GRPN
44.775,44.93,44.7672,44.91,2419,2021-05-21 14:10:00,GRPN
44.93,45.06,44.91,44.92,5054,2021-05-21 14:11:00,GRPN
44.92,45.0,44.78,45.0,2320,2021-05-21 14:12:00,GRPN
45.01,45.01,44.94,44.94,300,2021-05-21 14:13:00,GRPN
44.95,44.95,44.65,44.655,6260,2021-05-21 14:14:00,GRPN
44.66,44.69,44.54,44.54,8100,2021-05-21 14:15:00,GRPN
44.565,44.59,44.39,44.39,9014,2021-05-21 14:16:00,GRPN
44.4,44.41,44.38,44.41,37788,2021-05-21 14:17:00,GRPN
44.41,44.41,44.22,44.245,1643,2021-05-21 14:18:00,GRPN
44.27,44.29,44.27,44.29,400,2021-05-21 14:19:00,GRPN
44.64,44.64,44.63,44.63,432,2021-05-21 14:20:00,GRPN
44.6281,44.91,44.6281,44.91,1978,2021-05-21 14:21:00,GRPN
44.711,44.94,44.711,44.92,1100,2021-05-21 14:22:00,GRPN
44.95,45.1,44.94,45.1,1700,2021-05-21 14:23:00,GRPN
44.95,44.95,44.8381,44.8381,1799,2021-05-21 14:24:00,GRPN
44.92,44.92,44.91,44.91,200,2021-05-21 14:25:00,GRPN
44.86,44.92,44.84,44.84,2646,2021-05-21 14:26:00,GRPN
44.84,45.13,44.84,45.04,1947,2021-05-21 14:27:00,GRPN
45.025,45.025,45.025,45.025,100,2021-05-21 14:28:00,GRPN
45.01,45.01,44.97,44.97,600,2021-05-21 14:29:00,GRPN
44.96,45.02,44.955,44.98,1300,2021-05-21 14:30:00,GRPN
44.97,44.97,44.94,44.94,2008,2021-05-21 14:31:00,GRPN
45.02,45.02,44.97,44.97,1000,2021-05-21 14:32:00,GRPN
44.95,44.97,44.86,44.86,1693,2021-05-21 14:33:00,GRPN
44.8316,44.98,44.83,44.98,1147,2021-05-21 14:34:00,GRPN
44.93,44.93,44.93,44.93,501,2021-05-21 14:35:00,GRPN
44.93,44.93,44.93,44.93,400,2021-05-21 14:36:00,GRPN
44.85,44.85,44.85,44.85,100,2021-05-21 14:37:00,GRPN
44.82,44.82,44.82,44.82,100,2021-05-21 14:39:00,GRPN
44.82,44.83,44.82,44.83,700,2021-05-21 14:40:00,GRPN
44.81,44.86,44.775,44.86,1468,2021-05-21 14:41:00,GRPN
44.88,44.88,44.79,44.85,700,2021-05-21 14:42:00,GRPN
44.83,44.89,44.83,44.88,700,2021-05-21 14:43:00,GRPN
44.94,44.96,44.93,44.96,400,2021-05-21 14:44:00,GRPN
44.96,44.96,44.88,44.89,1898,2021-05-21 14:45:00,GRPN
44.94,44.94,44.89,44.89,1275,2021-05-21 14:46:00,GRPN
44.91,44.91,44.91,44.91,100,2021-05-21 14:47:00,GRPN
44.9,44.9,44.85,44.85,200,2021-05-21 14:49:00,GRPN
44.9,44.97,44.9,44.97,860,2021-05-21 14:50:00,GRPN
44.97,44.97,44.81,44.81,1199,2021-05-21 14:51:00,GRPN
44.845,44.93,44.845,44.93,303,2021-05-21 14:52:00,GRPN
44.97,45.0,44.94,44.94,1095,2021-05-21 14:53:00,GRPN
44.965,44.965,44.905,44.905,799,2021-05-21 14:54:00,GRPN
45.0,45.04,45.0,45.04,744,2021-05-21 14:55:00,GRPN
45.03,45.04,44.97,45.0,2332,2021-05-21 14:56:00,GRPN
45.06,45.11,45.06,45.11,400,2021-05-21 14:57:00,GRPN
45.22,45.25,45.1,45.15,2172,2021-05-21 15:00:00,GRPN
45.0713,45.13,45.06,45.13,788,2021-05-21 15:01:00,GRPN
45.14,45.15,45.14,45.15,449,2021-05-21 15:03:00,GRPN
45.17,45.17,45.08,45.08,800,2021-05-21 15:04:00,GRPN
45.0807,45.125,44.94,44.94,1888,2021-05-21 15:07:00,GRPN
45.02,45.05,45.02,45.05,400,2021-05-21 15:08:00,GRPN
45.07,45.07,45.0694,45.0694,212,2021-05-21 15:09:00,GRPN
45.16,45.25,45.13,45.13,600,2021-05-21 15:12:00,GRPN
45.13,45.13,45.075,45.075,500,2021-05-21 15:13:00,GRPN
45.09,45.09,45.005,45.005,942,2021-05-21 15:14:00,GRPN
45.0,45.08,45.0,45.0056,800,2021-05-21 15:15:00,GRPN
44.995,44.995,44.93,44.93,300,2021-05-21 15:16:00,GRPN
45.0,45.0,45.0,45.0,400,2021-05-21 15:17:00,GRPN
44.97,45.04,44.96,44.96,1147,2021-05-21 15:18:00,GRPN
44.95,44.95,44.95,44.95,300,2021-05-21 15:19:00,GRPN
44.915,44.915,44.76,44.76,331,2021-05-21 15:20:00,GRPN
44.74,44.74,44.74,44.74,100,2021-05-21 15:22:00,GRPN
44.73,44.77,44.73,44.77,200,2021-05-21 15:23:00,GRPN
44.76,44.76,44.71,44.745,2849,2021-05-21 15:24:00,GRPN
44.8,44.8,44.75,44.75,924,2021-05-21 15:25:00,GRPN
44.745,44.745,44.595,44.595,538,2021-05-21 15:27:00,GRPN
44.625,44.625,44.49,44.51,300,2021-05-21 15:28:00,GRPN
44.52,44.6,44.51,44.55,600,2021-05-21 15:29:00,GRPN
44.52,44.6,44.52,44.6,300,2021-05-21 15:30:00,GRPN
44.6,44.73,44.6,44.61,1600,2021-05-21 15:31:00,GRPN
44.67,44.76,44.67,44.72,300,2021-05-21 15:32:00,GRPN
44.76,44.8,44.76,44.78,1119,2021-05-21 15:33:00,GRPN
44.7935,44.91,44.73,44.83,2400,2021-05-21 15:34:00,GRPN
44.83,44.835,44.74,44.76,1000,2021-05-21 15:37:00,GRPN
44.88,44.88,44.74,44.87,2200,2021-05-21 15:38:00,GRPN
44.9,44.95,44.9,44.95,636,2021-05-21 15:39:00,GRPN
44.95,44.95,44.95,44.95,100,2021-05-21 15:40:00,GRPN
45.0,45.0,45.0,45.0,300,2021-05-21 15:41:00,GRPN
45.0,45.0,44.93,44.93,700,2021-05-21 15:42:00,GRPN
44.95,44.95,44.83,44.83,1314,2021-05-21 15:43:00,GRPN
44.95,45.0,44.86,44.96,1600,2021-05-21 15:44:00,GRPN
45.01,45.03,44.98,44.99,816,2021-05-21 15:45:00,GRPN
44.92,44.92,44.92,44.92,134,2021-05-21 15:47:00,GRPN
44.93,44.96,44.88,44.93,548,2021-05-21 15:48:00,GRPN
44.88,44.88,44.88,44.88,206,2021-05-21 15:49:00,GRPN
44.91,45.01,44.91,45.01,800,2021-05-21 15:50:00,GRPN
45.0,45.0,44.98,44.98,700,2021-05-21 15:51:00,GRPN
44.99,44.99,44.97,44.99,716,2021-05-21 15:52:00,GRPN
44.98,44.98,44.94,44.94,800,2021-05-21 15:54:00,GRPN
44.98,44.98,44.86,44.9,3884,2021-05-21 15:55:00,GRPN
44.92,44.92,44.92,44.92,100,2021-05-21 15:56:00,GRPN
44.86,44.93,44.86,44.93,940,2021-05-21 15:57:00,GRPN
44.93,44.93,44.93,44.93,100,2021-05-21 15:58:00,GRPN
44.9,44.935,44.9,44.935,752,2021-05-21 15:59:00,GRPN
44.9,44.93,44.9,44.9,400,2021-05-21 16:00:00,GRPN
44.92,44.92,44.92,44.92,100,2021-05-21 16:02:00,GRPN
44.955,44.955,44.955,44.955,200,2021-05-21 16:03:00,GRPN
44.98,44.98,44.87,44.87,1719,2021-05-21 16:04:00,GRPN
44.92,44.97,44.88,44.88,919,2021-05-21 16:05:00,GRPN
44.88,44.89,44.85,44.85,1312,2021-05-21 16:06:00,GRPN
44.895,44.895,44.895,44.895,100,2021-05-21 16:07:00,GRPN
44.85,44.85,44.73,44.73,2230,2021-05-21 16:08:00,GRPN
44.78,44.78,44.78,44.78,200,2021-05-21 16:09:00,GRPN
44.72,44.73,44.69,44.73,300,2021-05-21 16:10:00,GRPN
44.68,44.68,44.68,44.68,100,2021-05-21 16:11:00,GRPN
44.73,44.77,44.73,44.77,600,2021-05-21 16:12:00,GRPN
44.78,44.78,44.73,44.74,1000,2021-05-21 16:13:00,GRPN
44.7,44.82,44.7,44.82,300,2021-05-21 16:15:00,GRPN
44.87,44.93,44.78,44.83,1079,2021-05-21 16:16:00,GRPN
44.82,44.83,44.78,44.78,700,2021-05-21 16:17:00,GRPN
44.75,44.75,44.7493,44.7493,397,2021-05-21 16:18:00,GRPN
44.8,44.97,44.8,44.97,400,2021-05-21 16:19:00,GRPN
44.96,44.97,44.94,44.94,300,2021-05-21 16:20:00,GRPN
44.97,44.97,44.97,44.97,200,2021-05-21 16:21:00,GRPN
44.98,45.0,44.98,45.0,300,2021-05-21 16:22:00,GRPN
44.965,44.965,44.965,44.965,602,2021-05-21 16:23:00,GRPN
44.93,44.93,44.85,44.89,1047,2021-05-21 16:24:00,GRPN
44.88,44.88,44.88,44.88,100,2021-05-21 16:25:00,GRPN
44.865,44.865,44.84,44.84,200,2021-05-21 16:26:00,GRPN
44.81,44.81,44.8,44.8,200,2021-05-21 16:27:00,GRPN
44.8045,44.8045,44.8045,44.8045,100,2021-05-21 16:28:00,GRPN
44.7901,44.97,44.7901,44.97,600,2021-05-21 16:29:00,GRPN
44.95,44.97,44.93,44.97,300,2021-05-21 16:30:00,GRPN
44.97,44.97,44.89,44.89,700,2021-05-21 16:31:00,GRPN
44.92,44.96,44.89,44.96,400,2021-05-21 16:32:00,GRPN
44.95,44.99,44.95,44.95,600,2021-05-21 16:33:00,GRPN
44.92,44.94,44.92,44.94,200,2021-05-21 16:34:00,GRPN
44.98,44.98,44.94,44.95,300,2021-05-21 16:35:00,GRPN
44.98,45.0,44.95,44.95,1100,2021-05-21 16:36:00,GRPN
44.96,44.96,44.93,44.93,300,2021-05-21 16:37:00,GRPN
44.9166,44.9166,44.9166,44.9166,444,2021-05-21 16:38:00,GRPN
44.95,44.95,44.94,44.94,300,2021-05-21 16:39:00,GRPN
44.99,44.99,44.98,44.98,300,2021-05-21 16:40:00,GRPN
44.98,44.99,44.98,44.99,300,2021-05-21 16:41:00,GRPN
45.0,45.0,44.94,44.94,1600,2021-05-21 16:42:00,GRPN
44.92,44.925,44.91,44.91,300,2021-05-21 16:43:00,GRPN
44.91,44.91,44.91,44.91,100,2021-05-21 16:44:00,GRPN
44.89,44.89,44.89,44.89,200,2021-05-21 16:45:00,GRPN
44.87,44.9,44.87,44.9,200,2021-05-21 16:46:00,GRPN
44.9,44.9,44.8,44.87,600,2021-05-21 16:47:00,GRPN
44.81,44.8232,44.77,44.77,3990,2021-05-21 16:48:00,GRPN
44.78,44.82,44.77,44.78,1500,2021-05-21 16:49:00,GRPN
44.79,44.79,44.79,44.79,100,2021-05-21 16:50:00,GRPN
44.85,44.87,44.85,44.87,300,2021-05-21 16:51:00,GRPN
44.87,44.87,44.77,44.86,400,2021-05-21 16:52:00,GRPN
44.805,44.85,44.77,44.84,600,2021-05-21 16:53:00,GRPN
44.7394,44.85,44.7394,44.74,500,2021-05-21 16:54:00,GRPN
44.88,44.89,44.84,44.87,800,2021-05-21 16:55:00,GRPN
44.85,44.88,44.805,44.82,4875,2021-05-21 16:56:00,GRPN
44.81,44.89,44.81,44.89,300,2021-05-21 16:57:00,GRPN
44.91,44.91,44.89,44.89,200,2021-05-21 16:58:00,GRPN
44.96,44.96,44.89,44.89,1110,2021-05-21 16:59:00,GRPN
44.97,44.97,44.935,44.95,1300,2021-05-21 17:00:00,GRPN
44.93,44.93,44.92,44.92,600,2021-05-21 17:01:00,GRPN
44.87,44.89,44.87,44.89,200,2021-05-21 17:02:00,GRPN
44.93,44.93,44.85,44.88,500,2021-05-21 17:03:00,GRPN
44.84,44.91,44.795,44.91,900,2021-05-21 17:04:00,GRPN
44.95,45.0,44.9,45.0,700,2021-05-21 17:05:00,GRPN
45.0,45.0,45.0,45.0,100,2021-05-21 17:06:00,GRPN
44.97,44.97,44.97,44.97,300,2021-05-21 17:08:00,GRPN
44.94,44.94,44.93,44.93,700,2021-05-21 17:09:00,GRPN
44.91,44.92,44.91,44.92,320,2021-05-21 17:10:00,GRPN
44.9,44.9,44.865,44.877,700,2021-05-21 17:13:00,GRPN
44.92,44.95,44.88,44.95,430,2021-05-21 17:14:00,GRPN
44.88,44.96,44.88,44.96,600,2021-05-21 17:15:00,GRPN
44.97,45.01,44.92,44.92,900,2021-05-21 17:16:00,GRPN
44.91,44.98,44.9,44.9,500,2021-05-21 17:18:00,GRPN
44.945,44.945,44.89,44.91,300,2021-05-21 17:19:00,GRPN
45.01,45.03,44.97,45.03,608,2021-05-21 17:22:00,GRPN
44.97,44.97,44.955,44.96,627,2021-05-21 17:24:00,GRPN
44.97,45.01,44.955,45.01,400,2021-05-21 17:25:00,GRPN
44.96,44.96,44.96,44.96,100,2021-05-21 17:26:00,GRPN
44.94,44.96,44.94,44.96,400,2021-05-21 17:27:00,GRPN
45.01,45.07,45.01,45.04,2000,2021-05-21 17:31:00,GRPN
45.04,45.0716,45.04,45.06,1085,2021-05-21 17:32:00,GRPN
45.06,45.14,45.04,45.12,3821,2021-05-21 17:33:00,GRPN
45.15,45.15,45.12,45.12,665,2021-05-21 17:34:00,GRPN
45.13,45.13,45.1,45.1,300,2021-05-21 17:35:00,GRPN
45.09,45.11,45.02,45.02,1700,2021-05-21 17:36:00,GRPN
45.005,45.03,45.005,45.03,500,2021-05-21 17:37:00,GRPN
45.04,45.05,44.98,44.98,1300,2021-05-21 17:38:00,GRPN
44.99,45.015,44.99,45.015,200,2021-05-21 17:39:00,GRPN
44.99,44.99,44.97,44.97,300,2021-05-21 17:42:00,GRPN
44.98,44.98,44.98,44.98,100,2021-05-21 17:43:00,GRPN
44.99,44.99,44.96,44.96,900,2021-05-21 17:44:00,GRPN
44.97,44.99,44.96,44.99,1100,2021-05-21 17:45:00,GRPN
44.99,44.99,44.9143,44.93,1117,2021-05-21 17:46:00,GRPN
44.94,44.94,44.94,44.94,500,2021-05-21 17:47:00,GRPN
44.94,44.94,44.94,44.94,400,2021-05-21 17:48:00,GRPN
44.94,45.02,44.94,45.02,1100,2021-05-21 17:49:00,GRPN
45.01,45.02,44.9549,44.9549,600,2021-05-21 17:50:00,GRPN
45.02,45.06,45.01,45.04,1250,2021-05-21 17:51:00,GRPN
45.03,45.03,45.03,45.03,300,2021-05-21 17:52:00,GRPN
45.02,45.04,45.0,45.04,1000,2021-05-21 17:53:00,GRPN
45.01,45.01,45.01,45.01,200,2021-05-21 17:54:00,GRPN
45.01,45.02,44.975,44.98,700,2021-05-21 17:55:00,GRPN
45.0,45.03,45.0,45.03,400,2021-05-21 17:56:00,GRPN
45.02,45.02,44.975,45.0,300,2021-05-21 17:57:00,GRPN
44.99,45.0,44.96,44.96,700,2021-05-21 17:58:00,GRPN
44.96,45.02,44.96,45.0,1100,2021-05-21 17:59:00,GRPN
44.95,44.96,44.95,44.96,200,2021-05-21 18:00:00,GRPN
44.98,45.03,44.965,45.03,900,2021-05-21 18:02:00,GRPN
44.98,44.99,44.97,44.99,455,2021-05-21 18:03:00,GRPN
44.93,44.96,44.9,44.96,1612,2021-05-21 18:04:00,GRPN
44.95,45.04,44.95,45.02,8036,2021-05-21 18:05:00,GRPN
45.0,45.0,44.97,44.97,600,2021-05-21 18:06:00,GRPN
45.02,45.04,45.02,45.04,200,2021-05-21 18:08:00,GRPN
45.04,45.04,44.98,44.98,830,2021-05-21 18:09:00,GRPN
45.0,45.03,45.0,45.03,318,2021-05-21 18:10:00,GRPN
45.03,45.059,44.98,45.0,2610,2021-05-21 18:11:00,GRPN
45.0,45.06,45.0,45.06,300,2021-05-21 18:12:00,GRPN
45.06,45.06,45.01,45.01,400,2021-05-21 18:13:00,GRPN
45.01,45.01,45.01,45.01,200,2021-05-21 18:14:00,GRPN
45.06,45.07,45.06,45.07,300,2021-05-21 18:15:00,GRPN
45.03,45.08,44.91,45.08,7258,2021-05-21 18:16:00,GRPN
45.1,45.14,45.07,45.12,3688,2021-05-21 18:17:00,GRPN
45.12,45.17,45.12,45.165,400,2021-05-21 18:18:00,GRPN
45.2,45.25,45.1585,45.22,2642,2021-05-21 18:19:00,GRPN
45.19,45.19,45.16,45.19,300,2021-05-21 18:21:00,GRPN
45.21,45.21,45.18,45.19,800,2021-05-21 18:22:00,GRPN
45.18,45.18,45.15,45.1667,1352,2021-05-21 18:23:00,GRPN
45.1,45.14,45.09,45.12,900,2021-05-21 18:24:00,GRPN
45.12,45.17,45.12,45.17,300,2021-05-21 18:26:00,GRPN
45.175,45.175,45.14,45.14,300,2021-05-21 18:27:00,GRPN
45.09,45.1,45.04,45.04,700,2021-05-21 18:28:00,GRPN
45.09,45.09,45.06,45.06,300,2021-05-21 18:29:00,GRPN
45.06,45.06,45.06,45.06,100,2021-05-21 18:30:00,GRPN
45.12,45.18,45.1,45.1,1000,2021-05-21 18:32:00,GRPN
45.13,45.13,45.09,45.09,500,2021-05-21 18:33:00,GRPN
45.09,45.09,45.09,45.09,100,2021-05-21 18:34:00,GRPN
45.09,45.13,45.09,45.1,800,2021-05-21 18:35:00,GRPN
45.135,45.135,45.135,45.135,100,2021-05-21 18:36:00,GRPN
45.17,45.18,45.12,45.12,1300,2021-05-21 18:37:00,GRPN
45.14,45.14,45.0,45.0,1100,2021-05-21 18:38:00,GRPN
45.01,45.02,45.01,45.02,400,2021-05-21 18:40:00,GRPN
45.02,45.03,45.01,45.03,1142,2021-05-21 18:41:00,GRPN
45.03,45.03,45.03,45.03,100,2021-05-21 18:42:00,GRPN
45.03,45.07,45.03,45.07,900,2021-05-21 18:43:00,GRPN
45.07,45.1,45.07,45.07,1347,2021-05-21 18:45:00,GRPN
45.04,45.04,45.04,45.04,100,2021-05-21 18:46:00,GRPN
45.095,45.13,45.095,45.13,260,2021-05-21 18:47:00,GRPN
45.13,45.13,45.12,45.13,400,2021-05-21 18:48:00,GRPN
45.1445,45.1445,45.14,45.14,777,2021-05-21 18:49:00,GRPN
45.17,45.18,45.11,45.1501,1974,2021-05-21 18:50:00,GRPN
45.14,45.16,45.14,45.16,400,2021-05-21 18:51:00,GRPN
45.15,45.15,45.14,45.14,400,2021-05-21 18:52:00,GRPN
45.17,45.17,45.17,45.17,100,2021-05-21 18:53:00,GRPN
45.18,45.18,45.17,45.18,1650,2021-05-21 18:54:00,GRPN
45.15,45.15,45.09,45.09,500,2021-05-21 18:55:00,GRPN
45.14,45.14,45.14,45.14,100,2021-05-21 18:56:00,GRPN
45.19,45.19,45.15,45.15,1213,2021-05-21 18:57:00,GRPN
45.15,45.17,45.1404,45.16,566,2021-05-21 18:58:00,GRPN
45.15,45.15,45.15,45.15,200,2021-05-21 19:00:00,GRPN
45.18,45.18,45.15,45.15,200,2021-05-21 19:02:00,GRPN
45.18,45.18,45.15,45.16,700,2021-05-21 19:03:00,GRPN
45.13,45.135,45.09,45.11,1224,2021-05-21 19:04:00,GRPN
45.16,45.17,45.14,45.15,400,2021-05-21 19:05:00,GRPN
45.14,45.14,45.14,45.14,519,2021-05-21 19:06:00,GRPN
45.15,45.17,45.15,45.17,200,2021-05-21 19:07:00,GRPN
45.1637,45.18,45.15,45.17,1764,2021-05-21 19:08:00,GRPN
45.175,45.21,45.17,45.19,1699,2021-05-21 19:09:00,GRPN
45.21,45.23,45.19,45.23,2722,2021-05-21 19:11:00,GRPN
45.21,45.22,45.19,45.21,5124,2021-05-21 19:12:00,GRPN
45.18,45.22,45.17,45.22,2250,2021-05-21 19:13:00,GRPN
45.22,45.25,45.22,45.25,800,2021-05-21 19:15:00,GRPN
45.28,45.3,45.25,45.29,1889,2021-05-21 19:16:00,GRPN
45.26,45.375,45.26,45.375,200,2021-05-21 19:17:00,GRPN
45.37,45.47,45.37,45.45,2073,2021-05-21 19:18:00,GRPN
45.46,45.48,45.39,45.39,1161,2021-05-21 19:19:00,GRPN
45.3,45.38,45.3,45.38,988,2021-05-21 19:20:00,GRPN
45.41,45.42,45.41,45.42,300,2021-05-21 19:21:00,GRPN
45.41,45.42,45.37,45.37,1029,2021-05-21 19:22:00,GRPN
45.37,45.37,45.25,45.29,400,2021-05-21 19:23:00,GRPN
45.26,45.3,45.21,45.22,800,2021-05-21 19:24:00,GRPN
45.3,45.37,45.29,45.37,800,2021-05-21 19:25:00,GRPN
45.38,45.43,45.37,45.43,500,2021-05-21 19:26:00,GRPN
45.41,45.41,45.41,45.41,100,2021-05-21 19:27:00,GRPN
45.42,45.43,45.42,45.42,1000,2021-05-21 19:28:00,GRPN
45.41,45.41,45.39,45.39,398,2021-05-21 19:29:00,GRPN
45.38,45.38,45.38,45.38,200,2021-05-21 19:30:00,GRPN
45.35,45.38,45.285,45.285,2420,2021-05-21 19:31:00,GRPN
45.26,45.31,45.21,45.26,1300,2021-05-21 19:32:00,GRPN
45.22,45.22,45.21,45.21,900,2021-05-21 19:33:00,GRPN
45.15,45.18,45.15,45.18,600,2021-05-21 19:35:00,GRPN
45.13,45.19,45.09,45.17,1400,2021-05-21 19:36:00,GRPN
45.16,45.16,45.16,45.16,200,2021-05-21 19:37:00,GRPN
45.17,45.17,45.12,45.145,300,2021-05-21 19:38:00,GRPN
45.18,45.22,45.18,45.22,793,2021-05-21 19:39:00,GRPN
45.15,45.195,45.1125,45.195,3544,2021-05-21 19:40:00,GRPN
45.16,45.22,45.15,45.22,1515,2021-05-21 19:41:00,GRPN
45.23,45.29,45.18,45.29,2583,2021-05-21 19:42:00,GRPN
45.29,45.49,45.25,45.49,2499,2021-05-21 19:43:00,GRPN
45.47,45.5,45.41,45.5,4870,2021-05-21 19:44:00,GRPN
45.45,45.5,45.44,45.46,1641,2021-05-21 19:45:00,GRPN
45.47,45.5,45.45,45.5,2468,2021-05-21 19:46:00,GRPN
45.46,45.51,45.46,45.51,2111,2021-05-21 19:47:00,GRPN
45.46,45.51,45.46,45.5,6221,2021-05-21 19:48:00,GRPN
45.48,45.54,45.45,45.54,5001,2021-05-21 19:49:00,GRPN
45.49,45.56,45.48,45.51,4093,2021-05-21 19:50:00,GRPN
45.53,45.54,45.49,45.51,4145,2021-05-21 19:51:00,GRPN
45.55,45.56,45.495,45.56,7676,2021-05-21 19:52:00,GRPN
45.56,45.65,45.55,45.56,5334,2021-05-21 19:53:00,GRPN
45.58,45.59,45.5,45.55,2880,2021-05-21 19:54:00,GRPN
45.52,45.54,45.4925,45.5,9900,2021-05-21 19:55:00,GRPN
45.51,45.53,45.5,45.53,8375,2021-05-21 19:56:00,GRPN
45.5,45.52,45.49,45.49,12159,2021-05-21 19:57:00,GRPN
45.48,45.48,45.44,45.44,11447,2021-05-21 19:58:00,GRPN
45.45,45.51,45.43,45.47,19903,2021-05-21 19:59:00,GRPN
45.47,45.47,45.47,45.47,29605,2021-05-21 20:00:00,GRPN
45.76,45.76,45.38,45.42,6637,2021-05-24 13:30:00,GRPN
45.37,45.37,45.07,45.245,800,2021-05-24 13:31:00,GRPN
45.02,45.04,45.01,45.01,1584,2021-05-24 13:33:00,GRPN
44.86,44.86,44.85,44.86,400,2021-05-24 13:35:00,GRPN
45.12,45.16,45.12,45.155,1025,2021-05-24 13:36:00,GRPN
45.27,45.3,45.27,45.3,300,2021-05-24 13:37:00,GRPN
45.48,45.48,45.43,45.43,550,2021-05-24 13:38:00,GRPN
45.5,45.51,45.43,45.47,1700,2021-05-24 13:39:00,GRPN
45.54,45.54,45.54,45.54,100,2021-05-24 13:40:00,GRPN
45.79,45.79,45.55,45.74,2100,2021-05-24 13:41:00,GRPN
45.8,45.8,45.795,45.8,1000,2021-05-24 13:42:00,GRPN
45.73,45.97,45.73,45.79,2728,2021-05-24 13:43:00,GRPN
45.79,45.89,45.79,45.79,400,2021-05-24 13:44:00,GRPN
45.56,45.58,45.56,45.58,300,2021-05-24 13:47:00,GRPN
45.44,45.44,45.44,45.44,200,2021-05-24 13:48:00,GRPN
45.7,45.7,45.7,45.7,200,2021-05-24 13:50:00,GRPN
45.7,45.77,45.67,45.67,1000,2021-05-24 13:51:00,GRPN
45.71,45.85,45.71,45.84,2300,2021-05-24 13:52:00,GRPN
45.86,45.86,45.72,45.82,3829,2021-05-24 13:53:00,GRPN
45.74,45.99,45.73,45.823,2600,2021-05-24 13:54:00,GRPN
45.865,45.99,45.83,45.97,1690,2021-05-24 13:55:00,GRPN
46.0,46.0,45.88,45.88,500,2021-05-24 13:56:00,GRPN
45.96,46.0,45.96,45.96,1100,2021-05-24 13:57:00,GRPN
45.95,45.9692,45.91,45.91,2100,2021-05-24 13:58:00,GRPN
45.96,45.96,45.89,45.9,400,2021-05-24 13:59:00,GRPN
45.84,45.9,45.83,45.9,1230,2021-05-24 14:00:00,GRPN
45.84,45.86,45.725,45.8,8716,2021-05-24 14:01:00,GRPN
45.82,45.82,45.785,45.785,802,2021-05-24 14:02:00,GRPN
45.73,45.73,45.73,45.73,200,2021-05-24 14:03:00,GRPN
45.625,45.76,45.625,45.76,2121,2021-05-24 14:04:00,GRPN
45.75,45.75,45.73,45.74,1000,2021-05-24 14:06:00,GRPN
45.76,45.83,45.7,45.71,869,2021-05-24 14:07:00,GRPN
45.78,45.78,45.75,45.75,322,2021-05-24 14:09:00,GRPN
45.75,45.75,45.7,45.7,400,2021-05-24 14:11:00,GRPN
45.7,45.7,45.66,45.7,401,2021-05-24 14:13:00,GRPN
45.65,45.72,45.65,45.71,3100,2021-05-24 14:14:00,GRPN
45.8,45.8,45.8,45.8,300,2021-05-24 14:15:00,GRPN
45.8,45.93,45.8,45.88,1099,2021-05-24 14:16:00,GRPN
45.89,45.94,45.86,45.93,600,2021-05-24 14:17:00,GRPN
45.82,45.82,45.78,45.78,400,2021-05-24 14:20:00,GRPN
45.72,45.72,45.72,45.72,100,2021-05-24 14:21:00,GRPN
45.7195,45.7195,45.57,45.58,400,2021-05-24 14:22:00,GRPN
45.46,45.46,45.46,45.46,200,2021-05-24 14:23:00,GRPN
45.5,45.5,45.41,45.41,800,2021-05-24 14:24:00,GRPN
45.5,45.5,45.5,45.5,997,2021-05-24 14:25:00,GRPN
45.63,45.63,45.63,45.63,499,2021-05-24 14:26:00,GRPN
45.42,45.62,45.42,45.52,1600,2021-05-24 14:27:00,GRPN
45.59,45.6,45.59,45.6,200,2021-05-24 14:28:00,GRPN
45.6,45.6,45.6,45.6,100,2021-05-24 14:29:00,GRPN
45.6,45.6,45.58,45.6,691,2021-05-24 14:30:00,GRPN
45.535,45.6,45.525,45.6,735,2021-05-24 14:31:00,GRPN
45.6,45.6,45.46,45.46,1100,2021-05-24 14:32:00,GRPN
45.57,45.57,45.57,45.57,100,2021-05-24 14:33:00,GRPN
45.59,45.66,45.59,45.65,695,2021-05-24 14:34:00,GRPN
45.68,45.76,45.64,45.75,1737,2021-05-24 14:35:00,GRPN
45.85,45.895,45.85,45.895,300,2021-05-24 14:37:00,GRPN
46.04,46.04,46.0,46.0,444,2021-05-24 14:39:00,GRPN
46.01,46.01,45.97,45.97,1584,2021-05-24 14:40:00,GRPN
45.8644,45.8644,45.8644,45.8644,360,2021-05-24 14:41:00,GRPN
45.81,45.82,45.81,45.82,400,2021-05-24 14:42:00,GRPN
45.92,45.92,45.92,45.92,100,2021-05-24 14:44:00,GRPN
45.93,45.93,45.93,45.93,110,2021-05-24 14:45:00,GRPN
45.75,45.75,45.75,45.75,500,2021-05-24 14:46:00,GRPN
45.75,45.79,45.75,45.79,600,2021-05-24 14:47:00,GRPN
45.79,45.79,45.75,45.75,300,2021-05-24 14:49:00,GRPN
45.83,45.85,45.82,45.85,904,2021-05-24 14:50:00,GRPN
45.76,45.76,45.76,45.76,100,2021-05-24 14:51:00,GRPN
45.76,45.76,45.76,45.76,100,2021-05-24 14:52:00,GRPN
45.8,45.8,45.8,45.8,100,2021-05-24 14:55:00,GRPN
45.79,45.88,45.79,45.88,1024,2021-05-24 14:57:00,GRPN
45.75,45.75,45.75,45.75,700,2021-05-24 14:58:00,GRPN
45.75,45.785,45.75,45.75,700,2021-05-24 14:59:00,GRPN
45.82,45.82,45.82,45.82,100,2021-05-24 15:00:00,GRPN
45.805,45.805,45.76,45.76,213,2021-05-24 15:02:00,GRPN
45.76,45.86,45.76,45.86,200,2021-05-24 15:03:00,GRPN
45.78,45.78,45.78,45.78,100,2021-05-24 15:05:00,GRPN
45.75,45.86,45.75,45.81,2000,2021-05-24 15:06:00,GRPN
45.78,45.78,45.78,45.78,300,2021-05-24 15:09:00,GRPN
45.81,45.82,45.75,45.82,500,2021-05-24 15:10:00,GRPN
45.79,45.8299,45.75,45.8299,1400,2021-05-24 15:11:00,GRPN
45.75,45.75,45.75,45.75,100,2021-05-24 15:12:00,GRPN
45.88,45.935,45.855,45.935,704,2021-05-24 15:14:00,GRPN
45.895,45.895,45.89,45.89,300,2021-05-24 15:15:00,GRPN
45.86,45.89,45.85,45.89,500,2021-05-24 15:17:00,GRPN
45.89,45.895,45.885,45.895,300,2021-05-24 15:18:00,GRPN
45.915,45.9799,45.87,45.9799,3434,2021-05-24 15:19:00,GRPN
45.88,45.88,45.88,45.88,676,2021-05-24 15:22:00,GRPN
45.94,45.94,45.94,45.94,200,2021-05-24 15:23:00,GRPN
45.895,45.895,45.895,45.895,100,2021-05-24 15:24:00,GRPN
45.895,45.98,45.82,45.93,3538,2021-05-24 15:25:00,GRPN
45.83,45.83,45.83,45.83,100,2021-05-24 15:34:00,GRPN
45.83,45.94,45.83,45.94,1200,2021-05-24 15:35:00,GRPN
45.875,45.875,45.875,45.875,133,2021-05-24 15:38:00,GRPN
45.85,45.87,45.825,45.8675,3100,2021-05-24 15:39:00,GRPN
45.8,45.81,45.8,45.81,200,2021-05-24 15:40:00,GRPN
45.89,45.92,45.87,45.885,3000,2021-05-24 15:41:00,GRPN
45.8732,45.8732,45.8732,45.8732,200,2021-05-24 15:43:00,GRPN
45.9,45.96,45.9,45.9309,600,2021-05-24 15:44:00,GRPN
45.95,45.97,45.95,45.965,900,2021-05-24 15:46:00,GRPN
45.98,46.01,45.975,46.0,2567,2021-05-24 15:47:00,GRPN
46.0,46.0,46.0,46.0,200,2021-05-24 15:48:00,GRPN
46.02,46.035,45.99,46.035,500,2021-05-24 15:49:00,GRPN
45.99,46.0,45.99,46.0,600,2021-05-24 15:50:00,GRPN
46.04,46.05,46.0207,46.0207,400,2021-05-24 15:51:00,GRPN
46.01,46.04,45.99,46.03,1300,2021-05-24 15:52:00,GRPN
45.98,45.995,45.98,45.995,500,2021-05-24 15:56:00,GRPN
46.03,46.05,46.0,46.0,400,2021-05-24 15:57:00,GRPN
46.0,46.1,45.95,46.1,2691,2021-05-24 15:58:00,GRPN
46.1,46.1,46.1,46.1,100,2021-05-24 15:59:00,GRPN
46.135,46.135,46.135,46.135,100,2021-05-24 16:00:00,GRPN
46.18,46.18,46.08,46.17,735,2021-05-24 16:04:00,GRPN
46.1829,46.1829,46.1829,46.1829,135,2021-05-24 16:05:00,GRPN
46.1,46.1,46.1,46.1,300,2021-05-24 16:06:00,GRPN
46.13,46.13,46.13,46.13,200,2021-05-24 16:07:00,GRPN
46.13,46.14,46.13,46.14,200,2021-05-24 16:08:00,GRPN
46.19,46.19,46.16,46.16,400,2021-05-24 16:09:00,GRPN
46.145,46.18,46.145,46.18,226,2021-05-24 16:11:00,GRPN
46.15,46.16,46.15,46.16,200,2021-05-24 16:12:00,GRPN
46.14,46.14,46.14,46.14,100,2021-05-24 16:13:00,GRPN
46.2,46.2,46.15,46.15,300,2021-05-24 16:14:00,GRPN
46.17,46.17,46.13,46.13,400,2021-05-24 16:15:00,GRPN
46.13,46.2,46.13,46.19,2100,2021-05-24 16:16:00,GRPN
46.155,46.21,46.155,46.18,729,2021-05-24 16:17:00,GRPN
46.14,46.15,46.1072,46.15,560,2021-05-24 16:18:00,GRPN
46.11,46.11,46.0,46.0,1300,2021-05-24 16:19:00,GRPN
46.03,46.06,46.02,46.05,1600,2021-05-24 16:20:00,GRPN
46.02,46.08,46.02,46.06,1593,2021-05-24 16:21:00,GRPN
46.03,46.1,46.03,46.08,2040,2021-05-24 16:22:00,GRPN
46.08,46.12,46.06,46.06,2560,2021-05-24 16:23:00,GRPN
46.1,46.15,46.1,46.15,1603,2021-05-24 16:24:00,GRPN
46.15,46.15,46.12,46.135,710,2021-05-24 16:26:00,GRPN
46.15,46.15,46.135,46.135,500,2021-05-24 16:28:00,GRPN
46.13,46.13,46.13,46.13,100,2021-05-24 16:29:00,GRPN
46.13,46.13,46.13,46.13,100,2021-05-24 16:31:00,GRPN
46.13,46.17,46.09,46.17,500,2021-05-24 16:32:00,GRPN
46.125,46.15,46.125,46.14,402,2021-05-24 16:34:00,GRPN
46.12,46.12,46.08,46.08,209,2021-05-24 16:35:00,GRPN
46.06,46.11,46.05,46.11,1100,2021-05-24 16:36:00,GRPN
46.11,46.11,46.11,46.11,200,2021-05-24 16:37:00,GRPN
46.09,46.09,46.09,46.09,100,2021-05-24 16:38:00,GRPN
46.11,46.15,46.06,46.15,1840,2021-05-24 16:39:00,GRPN
46.19,46.22,46.19,46.22,311,2021-05-24 16:40:00,GRPN
46.2467,46.2467,46.18,46.225,350,2021-05-24 16:41:00,GRPN
46.23,46.23,46.23,46.23,200,2021-05-24 16:42:00,GRPN
46.23,46.23,46.23,46.23,100,2021-05-24 16:43:00,GRPN
46.265,46.265,46.265,46.265,100,2021-05-24 16:44:00,GRPN
46.22,46.29,46.22,46.29,400,2021-05-24 16:47:00,GRPN
46.24,46.24,46.24,46.24,100,2021-05-24 16:48:00,GRPN
46.3,46.3,46.3,46.3,100,2021-05-24 16:49:00,GRPN
46.31,46.32,46.31,46.32,200,2021-05-24 16:50:00,GRPN
46.32,46.4,46.32,46.385,1100,2021-05-24 16:51:00,GRPN
46.3201,46.42,46.3201,46.39,1450,2021-05-24 16:52:00,GRPN
46.4,46.445,46.39,46.395,1102,2021-05-24 16:53:00,GRPN
46.36,46.4,46.36,46.4,200,2021-05-24 16:54:00,GRPN
46.41,46.41,46.41,46.41,100,2021-05-24 16:55:00,GRPN
46.365,46.365,46.365,46.365,100,2021-05-24 16:56:00,GRPN
46.39,46.42,46.39,46.42,200,2021-05-24 16:57:00,GRPN
46.42,46.42,46.42,46.42,100,2021-05-24 16:58:00,GRPN
46.425,46.425,46.39,46.415,421,2021-05-24 16:59:00,GRPN
46.42,46.42,46.42,46.42,100,2021-05-24 17:00:00,GRPN
46.47,46.49,46.47,46.49,400,2021-05-24 17:01:00,GRPN
46.49,46.53,46.49,46.53,201,2021-05-24 17:02:00,GRPN
46.48,46.48,46.48,46.48,100,2021-05-24 17:03:00,GRPN
46.48,46.48,46.48,46.48,100,2021-05-24 17:04:00,GRPN
46.43,46.44,46.4,46.4,500,2021-05-24 17:05:00,GRPN
46.425,46.425,46.39,46.405,400,2021-05-24 17:06:00,GRPN
46.37,46.39,46.36,46.36,600,2021-05-24 17:08:00,GRPN
46.4,46.41,46.38,46.38,500,2021-05-24 17:09:00,GRPN
46.35,46.35,46.25,46.27,800,2021-05-24 17:10:00,GRPN
46.295,46.295,46.29,46.29,200,2021-05-24 17:11:00,GRPN
46.275,46.29,46.275,46.29,500,2021-05-24 17:12:00,GRPN
46.29,46.325,46.29,46.325,1109,2021-05-24 17:13:00,GRPN
46.305,46.305,46.305,46.305,210,2021-05-24 17:14:00,GRPN
46.34,46.36,46.32,46.36,700,2021-05-24 17:15:00,GRPN
46.35,46.42,46.35,46.4026,650,2021-05-24 17:16:00,GRPN
46.41,46.42,46.41,46.42,200,2021-05-24 17:17:00,GRPN
46.415,46.49,46.415,46.46,400,2021-05-24 17:18:00,GRPN
46.48,46.5,46.48,46.5,350,2021-05-24 17:19:00,GRPN
46.53,46.64,46.5,46.62,5100,2021-05-24 17:20:00,GRPN
46.62,46.62,46.62,46.62,200,2021-05-24 17:21:00,GRPN
46.625,46.7,46.6,46.7,2042,2021-05-24 17:22:00,GRPN
46.7,46.72,46.7,46.71,809,2021-05-24 17:23:00,GRPN
46.685,46.85,46.66,46.79,5850,2021-05-24 17:24:00,GRPN
46.73,46.77,46.73,46.77,1000,2021-05-24 17:25:00,GRPN
46.74,46.82,46.725,46.76,3025,2021-05-24 17:26:00,GRPN
46.79,46.89,46.79,46.82,2390,2021-05-24 17:27:00,GRPN
46.77,46.83,46.77,46.77,1914,2021-05-24 17:28:00,GRPN
46.75,46.8,46.66,46.77,5749,2021-05-24 17:29:00,GRPN
46.725,46.725,46.715,46.715,560,2021-05-24 17:30:00,GRPN
46.715,46.75,46.7,46.72,1000,2021-05-24 17:31:00,GRPN
46.695,46.8,46.68,46.76,5604,2021-05-24 17:32:00,GRPN
46.735,46.735,46.71,46.73,1500,2021-05-24 17:33:00,GRPN
46.66,46.7,46.63,46.655,2162,2021-05-24 17:34:00,GRPN
46.63,46.64,46.63,46.64,700,2021-05-24 17:35:00,GRPN
46.64,46.66,46.63,46.63,1440,2021-05-24 17:36:00,GRPN
46.67,46.79,46.67,46.79,4408,2021-05-24 17:37:00,GRPN
46.78,46.8,46.74,46.8,600,2021-05-24 17:38:00,GRPN
46.75,46.84,46.75,46.83,900,2021-05-24 17:40:00,GRPN
46.795,46.795,46.759,46.759,600,2021-05-24 17:41:00,GRPN
46.8,46.87,46.76,46.82,3112,2021-05-24 17:42:00,GRPN
46.79,46.8,46.79,46.8,600,2021-05-24 17:43:00,GRPN
46.795,46.83,46.795,46.83,587,2021-05-24 17:44:00,GRPN
46.83,46.84,46.78,46.78,700,2021-05-24 17:45:00,GRPN
46.8,46.8,46.8,46.8,100,2021-05-24 17:46:00,GRPN
46.795,46.795,46.795,46.795,100,2021-05-24 17:47:00,GRPN
46.8,46.8,46.8,46.8,100,2021-05-24 17:48:00,GRPN
46.8,46.8,46.8,46.8,100,2021-05-24 17:49:00,GRPN
46.81,46.81,46.81,46.81,300,2021-05-24 17:50:00,GRPN
46.8,46.845,46.8,46.83,500,2021-05-24 17:52:00,GRPN
46.83,46.83,46.83,46.83,200,2021-05-24 17:53:00,GRPN
46.8,46.8,46.8,46.8,100,2021-05-24 17:54:00,GRPN
46.8,46.8,46.78,46.8,700,2021-05-24 17:55:00,GRPN
46.81,46.81,46.8,46.8,600,2021-05-24 17:58:00,GRPN
46.79,46.83,46.725,46.83,2948,2021-05-24 17:59:00,GRPN
46.83,46.83,46.83,46.83,100,2021-05-24 18:00:00,GRPN
46.79,46.79,46.79,46.79,334,2021-05-24 18:01:00,GRPN
46.74,46.74,46.715,46.715,200,2021-05-24 18:02:00,GRPN
46.72,46.78,46.7,46.78,1200,2021-05-24 18:03:00,GRPN
46.7,46.73,46.67,46.73,1175,2021-05-24 18:04:00,GRPN
46.7,46.7,46.67,46.67,900,2021-05-24 18:06:00,GRPN
46.65,46.75,46.65,46.75,1382,2021-05-24 18:07:00,GRPN
46.79,46.815,46.79,46.815,500,2021-05-24 18:08:00,GRPN
46.7866,46.7866,46.78,46.78,300,2021-05-24 18:10:00,GRPN
46.75,46.765,46.72,46.765,500,2021-05-24 18:11:00,GRPN
46.7,46.745,46.7,46.73,600,2021-05-24 18:12:00,GRPN
46.78,46.8,46.78,46.8,1000,2021-05-24 18:13:00,GRPN
46.8,46.8,46.8,46.8,200,2021-05-24 18:15:00,GRPN
46.79,46.79,46.77,46.79,500,2021-05-24 18:17:00,GRPN
46.75,46.78,46.69,46.75,2900,2021-05-24 18:20:00,GRPN
46.76,46.79,46.73,46.73,800,2021-05-24 18:21:00,GRPN
46.76,46.76,46.65,46.65,2000,2021-05-24 18:22:00,GRPN
46.67,46.67,46.67,46.67,100,2021-05-24 18:23:00,GRPN
46.68,46.68,46.68,46.68,100,2021-05-24 18:24:00,GRPN
46.69,46.7,46.69,46.7,210,2021-05-24 18:27:00,GRPN
46.72,46.73,46.69,46.73,2148,2021-05-24 18:29:00,GRPN
46.69,46.69,46.67,46.67,300,2021-05-24 18:30:00,GRPN
46.73,46.73,46.64,46.72,6302,2021-05-24 18:31:00,GRPN
46.69,46.73,46.69,46.73,300,2021-05-24 18:32:00,GRPN
46.8,46.8,46.78,46.795,809,2021-05-24 18:33:00,GRPN
46.86,46.86,46.82,46.845,600,2021-05-24 18:34:00,GRPN
46.84,46.915,46.84,46.915,700,2021-05-24 18:35:00,GRPN
46.9,46.91,46.9,46.91,1100,2021-05-24 18:36:00,GRPN
46.88,46.9,46.87,46.9,1200,2021-05-24 18:38:00,GRPN
46.86,46.88,46.86,46.88,510,2021-05-24 18:39:00,GRPN
46.85,46.87,46.85,46.87,926,2021-05-24 18:40:00,GRPN
46.81,46.81,46.8,46.8,1000,2021-05-24 18:42:00,GRPN
46.85,46.85,46.845,46.845,626,2021-05-24 18:43:00,GRPN
46.8,46.8,46.79,46.8,300,2021-05-24 18:44:00,GRPN
46.8,46.8,46.8,46.8,100,2021-05-24 18:45:00,GRPN
46.79,46.79,46.79,46.79,200,2021-05-24 18:46:00,GRPN
46.8,46.8,46.8,46.8,100,2021-05-24 18:47:00,GRPN
46.8,46.8,46.78,46.78,201,2021-05-24 18:48:00,GRPN
46.83,46.87,46.83,46.87,300,2021-05-24 18:50:00,GRPN
46.85,46.85,46.84,46.84,200,2021-05-24 18:53:00,GRPN
46.83,46.93,46.83,46.93,650,2021-05-24 18:56:00,GRPN
46.88,46.89,46.88,46.89,500,2021-05-24 18:58:00,GRPN
46.83,46.83,46.795,46.83,300,2021-05-24 18:59:00,GRPN
46.85,46.85,46.83,46.83,300,2021-05-24 19:01:00,GRPN
46.8304,46.8304,46.8304,46.8304,250,2021-05-24 19:02:00,GRPN
46.885,46.885,46.83,46.83,2000,2021-05-24 19:05:00,GRPN
46.87,46.9799,46.86,46.9799,900,2021-05-24 19:06:00,GRPN
46.9,46.9,46.88,46.88,200,2021-05-24 19:07:00,GRPN
46.9,46.9,46.9,46.9,100,2021-05-24 19:09:00,GRPN
46.9,46.9,46.89,46.89,300,2021-05-24 19:10:00,GRPN
46.925,46.935,46.925,46.935,200,2021-05-24 19:11:00,GRPN
46.965,47.03,46.95,46.995,3000,2021-05-24 19:12:00,GRPN
46.89,46.89,46.8229,46.8229,600,2021-05-24 19:13:00,GRPN
46.8948,46.8948,46.8948,46.8948,100,2021-05-24 19:14:00,GRPN
46.87,46.92,46.87,46.9,500,2021-05-24 19:15:00,GRPN
46.87,46.9,46.87,46.87,700,2021-05-24 19:16:00,GRPN
46.88,46.89,46.88,46.89,200,2021-05-24 19:17:00,GRPN
46.9,46.9,46.89,46.89,200,2021-05-24 19:18:00,GRPN
46.88,46.9,46.81,46.84,1600,2021-05-24 19:19:00,GRPN
46.86,46.9,46.83,46.9,2900,2021-05-24 19:20:00,GRPN
46.89,46.93,46.88,46.9,2400,2021-05-24 19:21:00,GRPN
46.9,46.93,46.87,46.89,2850,2021-05-24 19:22:00,GRPN
46.88,46.895,46.86,46.895,600,2021-05-24 19:23:00,GRPN
46.9,46.9,46.895,46.895,200,2021-05-24 19:24:00,GRPN
46.9,46.91,46.875,46.9,1700,2021-05-24 19:25:00,GRPN
46.91,46.93,46.9,46.9,600,2021-05-24 19:27:00,GRPN
46.9,46.92,46.88,46.9,1190,2021-05-24 19:28:00,GRPN
46.9,46.9,46.895,46.895,200,2021-05-24 19:29:00,GRPN
46.9,46.95,46.87,46.94,1902,2021-05-24 19:30:00,GRPN
46.9,46.93,46.89,46.89,500,2021-05-24 19:31:00,GRPN
46.9,46.9,46.9,46.9,1095,2021-05-24 19:32:00,GRPN
46.9,46.9,46.87,46.89,1872,2021-05-24 19:33:00,GRPN
46.89,46.92,46.89,46.92,1800,2021-05-24 19:34:00,GRPN
46.93,46.99,46.93,46.97,2000,2021-05-24 19:35:00,GRPN
46.93,46.93,46.9,46.9,300,2021-05-24 19:36:00,GRPN
46.9,46.9,46.895,46.895,200,2021-05-24 19:37:00,GRPN
46.9,46.96,46.89,46.93,2346,2021-05-24 19:38:00,GRPN
46.91,46.91,46.9,46.9,300,2021-05-24 19:39:00,GRPN
46.92,46.94,46.92,46.94,500,2021-05-24 19:40:00,GRPN
46.95,46.95,46.94,46.94,519,2021-05-24 19:41:00,GRPN
46.95,46.95,46.95,46.95,213,2021-05-24 19:42:00,GRPN
46.94,46.99,46.94,46.97,2000,2021-05-24 19:43:00,GRPN
46.97,46.97,46.96,46.96,603,2021-05-24 19:44:00,GRPN
46.93,46.95,46.93,46.94,500,2021-05-24 19:45:00,GRPN
46.94,46.99,46.94,46.94,1780,2021-05-24 19:46:00,GRPN
46.91,46.91,46.9,46.91,600,2021-05-24 19:47:00,GRPN
46.9,46.93,46.9,46.93,700,2021-05-24 19:48:00,GRPN
46.895,46.93,46.88,46.93,5826,2021-05-24 19:49:00,GRPN
46.93,46.93,46.7,46.9,11560,2021-05-24 19:50:00,GRPN
46.885,46.9,46.76,46.76,2400,2021-05-24 19:51:00,GRPN
46.77,46.8,46.74,46.8,1721,2021-05-24 19:52:00,GRPN
46.8,46.8,46.76,46.8,698,2021-05-24 19:53:00,GRPN
46.76,46.81,46.75,46.79,2074,2021-05-24 19:54:00,GRPN
46.79,46.86,46.79,46.84,4385,2021-05-24 19:55:00,GRPN
46.85,46.91,46.84,46.85,7707,2021-05-24 19:56:00,GRPN
46.85,46.88,46.84,46.87,9166,2021-05-24 19:57:00,GRPN
46.85,46.87,46.845,46.85,3613,2021-05-24 19:58:00,GRPN
46.86,46.86,46.84,46.84,15116,2021-05-24 19:59:00,GRPN
46.845,46.845,46.8,46.8,27769,2021-05-24 20:00:00,GRPN
46.8,46.8,46.8,46.8,120,2021-05-24 20:03:00,GRPN
47.28,47.28,47.14,47.14,7918,2021-05-25 13:30:00,GRPN
47.007,47.235,47.007,47.05,600,2021-05-25 13:31:00,GRPN
47.26,47.455,47.25,47.455,2198,2021-05-25 13:32:00,GRPN
47.41,47.41,47.41,47.41,100,2021-05-25 13:33:00,GRPN
47.47,47.49,47.3522,47.49,400,2021-05-25 13:34:00,GRPN
47.41,47.89,47.41,47.89,900,2021-05-25 13:35:00,GRPN
47.75,47.76,47.6423,47.76,350,2021-05-25 13:36:00,GRPN
47.6188,47.9,47.6188,47.6356,1348,2021-05-25 13:37:00,GRPN
47.9,48.01,47.81,47.93,1370,2021-05-25 13:39:00,GRPN
47.98,48.169,47.821,48.169,1477,2021-05-25 13:40:00,GRPN
47.89,47.92,47.8,47.875,900,2021-05-25 13:41:00,GRPN
47.74,47.74,47.74,47.74,100,2021-05-25 13:43:00,GRPN
47.54,47.67,47.54,47.67,200,2021-05-25 13:44:00,GRPN
47.54,47.58,47.29,47.29,2700,2021-05-25 13:45:00,GRPN
47.36,47.69,47.36,47.56,3799,2021-05-25 13:46:00,GRPN
47.65,47.72,47.65,47.72,400,2021-05-25 13:47:00,GRPN
47.69,47.71,47.69,47.71,200,2021-05-25 13:48:00,GRPN
47.74,47.98,47.74,47.7812,418,2021-05-25 13:49:00,GRPN
47.89,47.89,47.89,47.89,100,2021-05-25 13:50:00,GRPN
47.64,47.64,47.445,47.62,600,2021-05-25 13:52:00,GRPN
47.3,47.3,47.2,47.2,400,2021-05-25 13:53:00,GRPN
47.245,47.245,47.245,47.245,100,2021-05-25 13:56:00,GRPN
47.245,47.3,47.245,47.3,200,2021-05-25 13:57:00,GRPN
47.29,47.29,47.29,47.29,100,2021-05-25 13:58:00,GRPN
47.1,47.16,47.0218,47.14,1283,2021-05-25 13:59:00,GRPN
47.175,47.175,47.175,47.175,100,2021-05-25 14:00:00,GRPN
47.0301,47.075,47.0,47.005,600,2021-05-25 14:01:00,GRPN
46.81,46.89,46.81,46.89,500,2021-05-25 14:02:00,GRPN
46.93,47.24,46.93,47.115,500,2021-05-25 14:03:00,GRPN
47.02,47.02,46.81,46.87,700,2021-05-25 14:04:00,GRPN
46.865,46.865,46.85,46.85,200,2021-05-25 14:06:00,GRPN
46.92,46.93,46.85,46.93,700,2021-05-25 14:07:00,GRPN
46.91,46.93,46.91,46.93,400,2021-05-25 14:08:00,GRPN
47.09,47.09,47.09,47.09,100,2021-05-25 14:09:00,GRPN
47.13,47.15,47.13,47.15,200,2021-05-25 14:10:00,GRPN
47.24,47.42,47.24,47.41,605,2021-05-25 14:12:00,GRPN
47.25,47.31,47.25,47.31,1300,2021-05-25 14:13:00,GRPN
47.46,47.46,47.45,47.46,400,2021-05-25 14:15:00,GRPN
47.36,47.36,47.29,47.29,200,2021-05-25 14:19:00,GRPN
47.23,47.23,47.23,47.23,200,2021-05-25 14:20:00,GRPN
47.28,47.4,47.28,47.4,800,2021-05-25 14:22:00,GRPN
47.295,47.295,47.295,47.295,400,2021-05-25 14:23:00,GRPN
47.4,47.4,47.4,47.4,100,2021-05-25 14:24:00,GRPN
47.39,47.47,47.39,47.47,300,2021-05-25 14:25:00,GRPN
47.48,47.48,47.39,47.415,500,2021-05-25 14:26:00,GRPN
47.44,47.44,47.44,47.44,100,2021-05-25 14:27:00,GRPN
47.34,47.39,47.34,47.39,1000,2021-05-25 14:28:00,GRPN
47.5,47.5,47.44,47.44,285,2021-05-25 14:30:00,GRPN
47.5,47.5,47.4,47.4,200,2021-05-25 14:31:00,GRPN
47.41,47.43,47.29,47.41,700,2021-05-25 14:32:00,GRPN
47.34,47.39,47.29,47.29,493,2021-05-25 14:33:00,GRPN
47.2,47.225,47.2,47.225,245,2021-05-25 14:34:00,GRPN
47.2,47.25,47.2,47.25,602,2021-05-25 14:36:00,GRPN
47.2,47.28,47.2,47.28,821,2021-05-25 14:37:00,GRPN
47.32,47.38,47.32,47.38,200,2021-05-25 14:38:00,GRPN
47.27,47.27,47.27,47.27,200,2021-05-25 14:41:00,GRPN
47.19,47.19,47.19,47.19,100,2021-05-25 14:42:00,GRPN
47.27,47.27,47.27,47.27,100,2021-05-25 14:43:00,GRPN
47.27,47.33,47.27,47.33,220,2021-05-25 14:44:00,GRPN
47.32,47.32,47.32,47.32,399,2021-05-25 14:45:00,GRPN
47.25,47.36,47.25,47.28,400,2021-05-25 14:47:00,GRPN
47.26,47.38,47.26,47.38,400,2021-05-25 14:50:00,GRPN
47.27,47.31,47.27,47.31,400,2021-05-25 14:54:00,GRPN
47.21,47.21,47.21,47.21,999,2021-05-25 14:55:00,GRPN
47.29,47.34,47.29,47.34,300,2021-05-25 14:56:00,GRPN
47.43,47.43,47.43,47.43,100,2021-05-25 14:57:00,GRPN
47.33,47.38,47.33,47.38,300,2021-05-25 14:58:00,GRPN
47.33,47.33,47.308,47.308,300,2021-05-25 14:59:00,GRPN
47.33,47.33,47.33,47.33,100,2021-05-25 15:00:00,GRPN
47.21,47.21,47.16,47.2,600,2021-05-25 15:01:00,GRPN
47.2,47.21,47.13,47.13,300,2021-05-25 15:02:00,GRPN
46.92,47.07,46.9,46.98,1300,2021-05-25 15:03:00,GRPN
47.0,47.0,47.0,47.0,200,2021-05-25 15:04:00,GRPN
47.07,47.09,47.04,47.09,300,2021-05-25 15:05:00,GRPN
47.08,47.17,47.08,47.17,600,2021-05-25 15:08:00,GRPN
47.1,47.1,47.1,47.1,100,2021-05-25 15:09:00,GRPN
47.14,47.14,47.14,47.14,100,2021-05-25 15:10:00,GRPN
47.19,47.19,47.19,47.19,100,2021-05-25 15:12:00,GRPN
47.16,47.16,47.16,47.16,100,2021-05-25 15:13:00,GRPN
47.1,47.12,47.01,47.04,1321,2021-05-25 15:15:00,GRPN
46.9,46.9,46.9,46.9,100,2021-05-25 15:18:00,GRPN
46.71,46.76,46.71,46.76,300,2021-05-25 15:19:00,GRPN
46.75,46.75,46.75,46.75,114,2021-05-25 15:21:00,GRPN
46.64,46.66,46.64,46.66,400,2021-05-25 15:23:00,GRPN
46.625,46.63,46.58,46.58,1400,2021-05-25 15:24:00,GRPN
46.52,46.55,46.52,46.55,200,2021-05-25 15:25:00,GRPN
46.55,46.55,46.55,46.55,1200,2021-05-25 15:26:00,GRPN
46.53,46.55,46.53,46.55,600,2021-05-25 15:27:00,GRPN
46.55,46.55,46.55,46.55,300,2021-05-25 15:28:00,GRPN
46.59,46.6,46.59,46.6,200,2021-05-25 15:29:00,GRPN
46.7,46.7,46.7,46.7,100,2021-05-25 15:30:00,GRPN
46.55,46.58,46.46,46.49,2620,2021-05-25 15:33:00,GRPN
46.545,46.62,46.545,46.56,3411,2021-05-25 15:34:00,GRPN
46.66,46.69,46.62,46.69,300,2021-05-25 15:36:00,GRPN
46.69,46.69,46.69,46.69,100,2021-05-25 15:39:00,GRPN
46.77,46.77,46.71,46.71,200,2021-05-25 15:41:00,GRPN
46.64,46.64,46.64,46.64,100,2021-05-25 15:44:00,GRPN
46.74,46.74,46.74,46.74,100,2021-05-25 15:46:00,GRPN
46.76,46.76,46.72,46.72,200,2021-05-25 15:47:00,GRPN
46.71,46.76,46.71,46.76,700,2021-05-25 15:50:00,GRPN
46.755,46.755,46.73,46.73,300,2021-05-25 15:51:00,GRPN
46.7,46.75,46.68,46.75,600,2021-05-25 15:56:00,GRPN
46.8,46.8,46.8,46.8,200,2021-05-25 15:58:00,GRPN
46.785,46.79,46.77,46.77,1200,2021-05-25 16:01:00,GRPN
46.81,46.81,46.81,46.81,100,2021-05-25 16:02:00,GRPN
46.8,46.8,46.8,46.8,497,2021-05-25 16:03:00,GRPN
46.91,46.91,46.91,46.91,100,2021-05-25 16:05:00,GRPN
46.89,46.89,46.87,46.885,500,2021-05-25 16:07:00,GRPN
46.88,46.88,46.88,46.88,100,2021-05-25 16:09:00,GRPN
46.83,46.85,46.83,46.85,200,2021-05-25 16:11:00,GRPN
46.86,47.01,46.86,46.946,2788,2021-05-25 16:12:00,GRPN
47.0,47.0,46.945,46.945,300,2021-05-25 16:13:00,GRPN
46.99,46.99,46.99,46.99,100,2021-05-25 16:14:00,GRPN
46.93,46.93,46.9,46.9,200,2021-05-25 16:16:00,GRPN
46.96,47.09,46.95,47.09,3698,2021-05-25 16:17:00,GRPN
47.055,47.055,46.99,46.99,400,2021-05-25 16:18:00,GRPN
46.97,46.97,46.97,46.97,100,2021-05-25 16:19:00,GRPN
47.03,47.03,46.95,47.02,800,2021-05-25 16:21:00,GRPN
46.9,46.95,46.9,46.94,2775,2021-05-25 16:23:00,GRPN
46.86,46.86,46.86,46.86,100,2021-05-25 16:24:00,GRPN
46.94,47.0,46.92,47.0,1100,2021-05-25 16:28:00,GRPN
46.93,46.93,46.93,46.93,100,2021-05-25 16:31:00,GRPN
46.92,46.98,46.92,46.98,300,2021-05-25 16:32:00,GRPN
46.97,46.97,46.97,46.97,200,2021-05-25 16:33:00,GRPN
46.95,46.95,46.95,46.95,533,2021-05-25 16:35:00,GRPN
46.93,46.96,46.92,46.96,1000,2021-05-25 16:36:00,GRPN
46.85,47.0,46.85,47.0,2300,2021-05-25 16:37:00,GRPN
47.03,47.11,47.03,47.06,300,2021-05-25 16:39:00,GRPN
47.1,47.1,47.1,47.1,100,2021-05-25 16:41:00,GRPN
47.11,47.11,46.91,46.95,900,2021-05-25 16:43:00,GRPN
47.0,47.0,46.9516,46.9516,300,2021-05-25 16:44:00,GRPN
47.0,47.0,47.0,47.0,100,2021-05-25 16:45:00,GRPN
46.97,46.97,46.97,46.97,100,2021-05-25 16:46:00,GRPN
47.03,47.03,47.03,47.03,100,2021-05-25 16:47:00,GRPN
46.95,47.03,46.95,47.03,500,2021-05-25 16:48:00,GRPN
46.99,46.99,46.99,46.99,100,2021-05-25 16:50:00,GRPN
46.96,46.96,46.96,46.96,300,2021-05-25 16:51:00,GRPN
46.99,46.99,46.93,46.95,300,2021-05-25 16:56:00,GRPN
47.0,47.01,47.0,47.01,431,2021-05-25 16:58:00,GRPN
46.96,47.015,46.96,47.0,600,2021-05-25 16:59:00,GRPN
46.99,46.99,46.99,46.99,500,2021-05-25 17:00:00,GRPN
47.01,47.03,47.01,47.01,859,2021-05-25 17:01:00,GRPN
46.99,47.005,46.99,47.005,300,2021-05-25 17:02:00,GRPN
46.91,46.91,46.89,46.89,500,2021-05-25 17:05:00,GRPN
46.9,46.95,46.9,46.95,1001,2021-05-25 17:06:00,GRPN
46.92,46.95,46.92,46.925,437,2021-05-25 17:07:00,GRPN
46.93,46.93,46.86,46.86,3400,2021-05-25 17:08:00,GRPN
46.8,46.88,46.8,46.87,2000,2021-05-25 17:09:00,GRPN
46.87,46.87,46.86,46.86,200,2021-05-25 17:10:00,GRPN
46.85,46.89,46.84,46.89,1200,2021-05-25 17:12:00,GRPN
46.85,46.87,46.85,46.86,600,2021-05-25 17:16:00,GRPN
46.86,46.86,46.86,46.86,100,2021-05-25 17:18:00,GRPN
46.8814,46.9,46.8814,46.9,256,2021-05-25 17:19:00,GRPN
46.9,46.9,46.9,46.9,100,2021-05-25 17:20:00,GRPN
46.86,46.86,46.86,46.86,100,2021-05-25 17:21:00,GRPN
46.87,46.88,46.87,46.88,380,2021-05-25 17:22:00,GRPN
46.9,46.9,46.9,46.9,100,2021-05-25 17:23:00,GRPN
46.86,46.86,46.86,46.86,100,2021-05-25 17:25:00,GRPN
46.845,46.87,46.84,46.85,600,2021-05-25 17:26:00,GRPN
46.9,46.9,46.9,46.9,100,2021-05-25 17:28:00,GRPN
46.88,46.92,46.88,46.9,1700,2021-05-25 17:29:00,GRPN
46.92,46.92,46.895,46.91,16284,2021-05-25 17:30:00,GRPN
46.9,46.97,46.86,46.935,3800,2021-05-25 17:31:00,GRPN
46.9,46.91,46.87,46.91,494,2021-05-25 17:32:00,GRPN
46.9,46.9,46.86,46.89,1030,2021-05-25 17:35:00,GRPN
46.89,46.9,46.87,46.88,4169,2021-05-25 17:36:00,GRPN
46.92,46.92,46.92,46.92,100,2021-05-25 17:37:00,GRPN
46.93,47.01,46.93,47.01,300,2021-05-25 17:40:00,GRPN
46.95,46.99,46.94,46.99,300,2021-05-25 17:41:00,GRPN
47.01,47.01,47.01,47.01,100,2021-05-25 17:42:00,GRPN
47.05,47.05,47.05,47.05,200,2021-05-25 17:45:00,GRPN
47.14,47.14,47.14,47.14,200,2021-05-25 17:46:00,GRPN
47.16,47.16,47.16,47.16,100,2021-05-25 17:47:00,GRPN
47.19,47.19,47.19,47.19,100,2021-05-25 17:48:00,GRPN
47.1173,47.16,47.115,47.16,838,2021-05-25 17:49:00,GRPN
47.09,47.12,47.09,47.12,400,2021-05-25 17:50:00,GRPN
47.1,47.11,47.05,47.06,600,2021-05-25 17:52:00,GRPN
47.07,47.08,47.01,47.01,900,2021-05-25 17:53:00,GRPN
46.99,47.01,46.99,46.99,450,2021-05-25 17:54:00,GRPN
47.0,47.0,47.0,47.0,200,2021-05-25 17:55:00,GRPN
47.03,47.03,47.03,47.03,200,2021-05-25 17:56:00,GRPN
47.0,47.0,47.0,47.0,825,2021-05-25 17:57:00,GRPN
47.01,47.01,46.99,46.99,200,2021-05-25 17:58:00,GRPN
46.96,47.01,46.9,46.98,750,2021-05-25 17:59:00,GRPN
46.92,46.92,46.89,46.89,200,2021-05-25 18:00:00,GRPN
46.92,46.92,46.86,46.86,500,2021-05-25 18:01:00,GRPN
46.86,46.9,46.85,46.89,4500,2021-05-25 18:02:00,GRPN
46.9,46.93,46.86,46.89,1800,2021-05-25 18:03:00,GRPN
46.885,46.95,46.86,46.95,1300,2021-05-25 18:04:00,GRPN
46.95,46.95,46.95,46.95,100,2021-05-25 18:05:00,GRPN
46.9,46.93,46.9,46.91,400,2021-05-25 18:06:00,GRPN
46.91,46.91,46.88,46.9,610,2021-05-25 18:07:00,GRPN
46.9,46.9,46.87,46.9,400,2021-05-25 18:08:00,GRPN
46.915,46.915,46.915,46.915,100,2021-05-25 18:09:00,GRPN
46.86,46.91,46.86,46.91,501,2021-05-25 18:10:00,GRPN
46.86,46.9,46.82,46.855,1700,2021-05-25 18:11:00,GRPN
46.77,46.82,46.77,46.78,570,2021-05-25 18:12:00,GRPN
46.79,46.79,46.79,46.79,100,2021-05-25 18:13:00,GRPN
46.71,46.71,46.67,46.67,300,2021-05-25 18:14:00,GRPN
46.59,46.59,46.58,46.58,200,2021-05-25 18:15:00,GRPN
46.51,46.51,46.51,46.51,100,2021-05-25 18:16:00,GRPN
46.51,46.55,46.51,46.55,500,2021-05-25 18:17:00,GRPN
46.54,46.565,46.45,46.45,1000,2021-05-25 18:18:00,GRPN
46.45,46.46,46.42,46.45,1100,2021-05-25 18:19:00,GRPN
46.42,46.42,46.39,46.39,300,2021-05-25 18:20:00,GRPN
46.38,46.38,46.38,46.38,100,2021-05-25 18:21:00,GRPN
46.43,46.43,46.39,46.39,344,2021-05-25 18:24:00,GRPN
46.34,46.37,46.32,46.355,600,2021-05-25 18:25:00,GRPN
46.41,46.44,46.41,46.44,200,2021-05-25 18:26:00,GRPN
46.4,46.45,46.4,46.44,825,2021-05-25 18:27:00,GRPN
46.4,46.44,46.4,46.44,2701,2021-05-25 18:28:00,GRPN
46.5,46.5,46.5,46.5,200,2021-05-25 18:30:00,GRPN
46.5,46.5,46.48,46.48,300,2021-05-25 18:32:00,GRPN
46.5,46.55,46.5,46.55,600,2021-05-25 18:33:00,GRPN
46.5,46.5,46.5,46.5,100,2021-05-25 18:34:00,GRPN
46.51,46.51,46.51,46.51,100,2021-05-25 18:35:00,GRPN
46.47,46.47,46.47,46.47,100,2021-05-25 18:36:00,GRPN
46.51,46.52,46.51,46.51,1000,2021-05-25 18:37:00,GRPN
46.45,46.5,46.43,46.5,1828,2021-05-25 18:38:00,GRPN
46.55,46.55,46.52,46.55,600,2021-05-25 18:40:00,GRPN
46.56,46.56,46.55,46.55,700,2021-05-25 18:41:00,GRPN
46.55,46.55,46.55,46.55,100,2021-05-25 18:44:00,GRPN
46.56,46.56,46.5,46.5,400,2021-05-25 18:45:00,GRPN
46.49,46.63,46.455,46.595,4019,2021-05-25 18:46:00,GRPN
46.53,46.53,46.53,46.53,100,2021-05-25 18:47:00,GRPN
46.57,46.57,46.51,46.51,508,2021-05-25 18:48:00,GRPN
46.51,46.56,46.51,46.56,200,2021-05-25 18:49:00,GRPN
46.48,46.48,46.44,46.44,400,2021-05-25 18:50:00,GRPN
46.47,46.54,46.41,46.54,1600,2021-05-25 18:51:00,GRPN
46.52,46.57,46.45,46.55,1300,2021-05-25 18:52:00,GRPN
46.57,46.57,46.48,46.53,3008,2021-05-25 18:53:00,GRPN
46.57,46.57,46.52,46.57,1900,2021-05-25 18:54:00,GRPN
46.59,46.59,46.59,46.59,100,2021-05-25 18:55:00,GRPN
46.62,46.65,46.62,46.65,200,2021-05-25 18:56:00,GRPN
46.55,46.59,46.55,46.59,200,2021-05-25 18:57:00,GRPN
46.58,46.58,46.58,46.58,100,2021-05-25 18:58:00,GRPN
46.56,46.58,46.56,46.58,200,2021-05-25 18:59:00,GRPN
46.505,46.505,46.46,46.46,300,2021-05-25 19:01:00,GRPN
46.38,46.57,46.33,46.55,3300,2021-05-25 19:02:00,GRPN
46.4201,46.4218,46.37,46.37,700,2021-05-25 19:04:00,GRPN
46.38,46.38,46.38,46.38,100,2021-05-25 19:06:00,GRPN
46.33,46.33,46.26,46.295,800,2021-05-25 19:07:00,GRPN
46.295,46.295,46.295,46.295,100,2021-05-25 19:08:00,GRPN
46.33,46.38,46.33,46.38,877,2021-05-25 19:09:00,GRPN
46.29,46.46,46.29,46.42,3550,2021-05-25 19:10:00,GRPN
46.41,46.41,46.38,46.4,766,2021-05-25 19:11:00,GRPN
46.41,46.43,46.4,46.43,1000,2021-05-25 19:12:00,GRPN
46.47,46.5,46.47,46.48,1810,2021-05-25 19:13:00,GRPN
46.54,46.545,46.54,46.545,300,2021-05-25 19:14:00,GRPN
46.53,46.54,46.53,46.54,200,2021-05-25 19:15:00,GRPN
46.6,46.6,46.53,46.53,200,2021-05-25 19:16:00,GRPN
46.53,46.53,46.53,46.53,100,2021-05-25 19:18:00,GRPN
46.58,46.58,46.55,46.55,800,2021-05-25 19:19:00,GRPN
46.55,46.55,46.54,46.54,400,2021-05-25 19:21:00,GRPN
46.53,46.53,46.53,46.53,500,2021-05-25 19:22:00,GRPN
46.59,46.61,46.58,46.61,600,2021-05-25 19:23:00,GRPN
46.61,46.63,46.58,46.58,460,2021-05-25 19:24:00,GRPN
46.61,46.639,46.59,46.59,661,2021-05-25 19:25:00,GRPN
46.56,46.56,46.53,46.53,500,2021-05-25 19:26:00,GRPN
46.58,46.61,46.53,46.53,1500,2021-05-25 19:29:00,GRPN
46.56,46.56,46.51,46.53,1098,2021-05-25 19:30:00,GRPN
46.54,46.54,46.54,46.54,100,2021-05-25 19:31:00,GRPN
46.48,46.61,46.48,46.59,4182,2021-05-25 19:32:00,GRPN
46.595,46.595,46.51,46.565,700,2021-05-25 19:33:00,GRPN
46.56,46.56,46.51,46.55,600,2021-05-25 19:34:00,GRPN
46.56,46.665,46.56,46.62,1300,2021-05-25 19:35:00,GRPN
46.665,46.665,46.66,46.66,200,2021-05-25 19:36:00,GRPN
46.7,46.72,46.6675,46.67,1200,2021-05-25 19:37:00,GRPN
46.67,46.675,46.66,46.675,700,2021-05-25 19:38:00,GRPN
46.675,46.73,46.65,46.73,2114,2021-05-25 19:39:00,GRPN
46.71,46.71,46.71,46.71,300,2021-05-25 19:40:00,GRPN
46.74,46.75,46.74,46.74,1543,2021-05-25 19:41:00,GRPN
46.78,46.79,46.78,46.79,200,2021-05-25 19:42:00,GRPN
46.74,46.74,46.74,46.74,200,2021-05-25 19:43:00,GRPN
46.715,46.75,46.69,46.71,1500,2021-05-25 19:44:00,GRPN
46.695,46.72,46.695,46.72,811,2021-05-25 19:45:00,GRPN
46.715,46.725,46.71,46.71,400,2021-05-25 19:46:00,GRPN
46.71,46.71,46.65,46.66,600,2021-05-25 19:47:00,GRPN
46.64,46.64,46.6,46.6,800,2021-05-25 19:48:00,GRPN
46.61,46.61,46.605,46.61,400,2021-05-25 19:49:00,GRPN
46.52,46.565,46.43,46.44,4613,2021-05-25 19:50:00,GRPN
46.39,46.39,46.26,46.26,3009,2021-05-25 19:51:00,GRPN
46.24,46.32,46.24,46.27,1200,2021-05-25 19:52:00,GRPN
46.26,46.49,46.22,46.465,7822,2021-05-25 19:53:00,GRPN
46.46,46.51,46.44,46.48,6448,2021-05-25 19:54:00,GRPN
46.47,46.555,46.425,46.52,3090,2021-05-25 19:55:00,GRPN
46.545,46.64,46.52,46.64,6147,2021-05-25 19:56:00,GRPN
46.61,46.63,46.535,46.56,5494,2021-05-25 19:57:00,GRPN
46.535,46.58,46.51,46.57,8711,2021-05-25 19:58:00,GRPN
46.56,46.62,46.54,46.6,10707,2021-05-25 19:59:00,GRPN
46.6,46.6,46.6,46.6,34794,2021-05-25 20:00:00,GRPN
46.6,46.6,46.6,46.6,310,2021-05-25 20:02:00,GRPN
46.6,46.6,46.6,46.6,1134,2021-05-25 21:45:00,GRPN
46.97,46.97,46.4,46.97,6252,2021-05-26 13:30:00,GRPN
46.96,47.76,46.94,47.76,3400,2021-05-26 13:32:00,GRPN
47.76,47.76,47.735,47.76,601,2021-05-26 13:33:00,GRPN
47.37,47.54,47.37,47.54,1100,2021-05-26 13:34:00,GRPN
47.56,47.72,47.56,47.72,1734,2021-05-26 13:35:00,GRPN
47.5,47.98,47.5,47.97,4014,2021-05-26 13:36:00,GRPN
47.93,47.98,47.845,47.935,1877,2021-05-26 13:37:00,GRPN
47.98,48.23,47.97,48.14,3928,2021-05-26 13:38:00,GRPN
48.14,48.28,48.1,48.16,7397,2021-05-26 13:39:00,GRPN
48.29,48.39,48.14,48.27,1845,2021-05-26 13:40:00,GRPN
48.2,48.22,48.14,48.22,1304,2021-05-26 13:41:00,GRPN
48.39,48.39,48.05,48.29,1408,2021-05-26 13:42:00,GRPN
48.2,48.4,48.2,48.4,400,2021-05-26 13:43:00,GRPN
48.24,48.24,48.24,48.24,100,2021-05-26 13:44:00,GRPN
48.27,48.49,48.2,48.2,5223,2021-05-26 13:45:00,GRPN
48.18,48.18,48.18,48.18,189,2021-05-26 13:46:00,GRPN
48.2,48.32,48.19,48.3,2400,2021-05-26 13:47:00,GRPN
48.32,48.32,48.29,48.31,500,2021-05-26 13:48:00,GRPN
48.24,48.52,48.23,48.42,9373,2021-05-26 13:49:00,GRPN
48.41,48.41,48.39,48.39,400,2021-05-26 13:50:00,GRPN
48.23,48.28,48.23,48.28,206,2021-05-26 13:51:00,GRPN
48.26,48.29,48.07,48.25,2969,2021-05-26 13:52:00,GRPN
48.385,48.49,48.385,48.43,600,2021-05-26 13:54:00,GRPN
48.54,48.73,48.54,48.73,1195,2021-05-26 13:55:00,GRPN
48.73,48.8,48.64,48.74,1590,2021-05-26 13:56:00,GRPN
48.73,48.73,48.67,48.73,1190,2021-05-26 13:57:00,GRPN
48.68,48.82,48.66,48.82,2950,2021-05-26 13:58:00,GRPN
48.68,48.9,48.67,48.79,8867,2021-05-26 13:59:00,GRPN
48.7,48.89,48.7,48.89,1952,2021-05-26 14:00:00,GRPN
48.82,48.82,48.52,48.52,1000,2021-05-26 14:01:00,GRPN
48.335,48.389,48.261,48.265,655,2021-05-26 14:03:00,GRPN
48.26,48.26,48.26,48.26,640,2021-05-26 14:04:00,GRPN
48.5,48.5,48.5,48.5,100,2021-05-26 14:05:00,GRPN
48.4,48.43,48.31,48.31,3414,2021-05-26 14:07:00,GRPN
48.23,48.36,48.23,48.36,900,2021-05-26 14:08:00,GRPN
48.36,48.41,48.36,48.4,3638,2021-05-26 14:09:00,GRPN
48.35,48.5,48.34,48.34,3904,2021-05-26 14:10:00,GRPN
48.34,48.46,48.34,48.46,530,2021-05-26 14:11:00,GRPN
48.38,48.39,48.296,48.296,771,2021-05-26 14:12:00,GRPN
48.36,48.36,48.3,48.3,200,2021-05-26 14:13:00,GRPN
48.35,48.42,48.35,48.42,300,2021-05-26 14:14:00,GRPN
48.42,48.63,48.38,48.63,4375,2021-05-26 14:15:00,GRPN
48.65,48.7,48.65,48.7,300,2021-05-26 14:16:00,GRPN
48.85,48.85,48.73,48.73,1200,2021-05-26 14:17:00,GRPN
48.68,48.68,48.68,48.68,100,2021-05-26 14:18:00,GRPN
48.62,48.62,48.62,48.62,200,2021-05-26 14:19:00,GRPN
48.72,48.73,48.71,48.71,814,2021-05-26 14:21:00,GRPN
48.87,48.87,48.87,48.87,105,2021-05-26 14:22:00,GRPN
48.89,48.95,48.89,48.95,794,2021-05-26 14:23:00,GRPN
48.87,48.87,48.86,48.86,551,2021-05-26 14:25:00,GRPN
48.85,48.88,48.85,48.88,300,2021-05-26 14:26:00,GRPN
48.93,49.06,48.885,49.06,2099,2021-05-26 14:27:00,GRPN
49.07,49.09,48.99,48.99,600,2021-05-26 14:28:00,GRPN
49.02,49.02,48.93,48.93,1099,2021-05-26 14:29:00,GRPN
49.08,49.13,49.08,49.1,975,2021-05-26 14:30:00,GRPN
49.01,49.1,48.99,49.1,2916,2021-05-26 14:31:00,GRPN
49.06,49.12,49.06,49.11,600,2021-05-26 14:32:00,GRPN
49.08,49.08,48.91,49.01,1390,2021-05-26 14:33:00,GRPN
48.91,48.925,48.84,48.84,3911,2021-05-26 14:34:00,GRPN
48.76,48.8,48.75,48.8,902,2021-05-26 14:35:00,GRPN
48.75,48.9,48.75,48.8793,4813,2021-05-26 14:36:00,GRPN
48.9,48.91,48.81,48.85,1783,2021-05-26 14:37:00,GRPN
48.935,48.97,48.86,48.97,1292,2021-05-26 14:38:00,GRPN
48.97,48.97,48.96,48.97,300,2021-05-26 14:39:00,GRPN
49.1,49.1,49.055,49.055,599,2021-05-26 14:40:00,GRPN
49.045,49.045,48.96,49.0,500,2021-05-26 14:41:00,GRPN
49.0,49.12,49.0,49.09,1600,2021-05-26 14:42:00,GRPN
49.0,49.0,49.0,49.0,1000,2021-05-26 14:43:00,GRPN
49.06,49.06,49.06,49.06,100,2021-05-26 14:44:00,GRPN
49.06,49.06,49.06,49.06,200,2021-05-26 14:45:00,GRPN
49.04,49.04,49.0,49.0,400,2021-05-26 14:46:00,GRPN
49.0,49.0,49.0,49.0,500,2021-05-26 14:47:00,GRPN
49.0,49.0,49.0,49.0,142,2021-05-26 14:48:00,GRPN
49.0,49.0,48.995,49.0,800,2021-05-26 14:49:00,GRPN
49.03,49.05,48.94,49.0,3270,2021-05-26 14:50:00,GRPN
49.02,49.08,49.02,49.08,480,2021-05-26 14:51:00,GRPN
48.98,49.06,48.98,49.05,2140,2021-05-26 14:52:00,GRPN
49.01,49.01,48.975,48.975,400,2021-05-26 14:53:00,GRPN
48.975,48.9875,48.975,48.9875,600,2021-05-26 14:54:00,GRPN
49.0,49.02,48.9875,48.99,2260,2021-05-26 14:55:00,GRPN
48.95,49.01,48.93,49.01,500,2021-05-26 14:56:00,GRPN
48.94,48.94,48.94,48.94,100,2021-05-26 14:57:00,GRPN
49.0,49.01,48.96,49.0,2200,2021-05-26 14:58:00,GRPN
49.06,49.12,49.01,49.01,400,2021-05-26 14:59:00,GRPN
49.07,49.07,48.96,49.0,1900,2021-05-26 15:00:00,GRPN
49.0,49.09,49.0,49.0511,899,2021-05-26 15:01:00,GRPN
48.98,49.01,48.98,49.01,200,2021-05-26 15:02:00,GRPN
48.97,48.97,48.9,48.9,1207,2021-05-26 15:05:00,GRPN
48.92,49.0,48.92,49.0,500,2021-05-26 15:06:00,GRPN
49.0,49.0,48.9,48.9,600,2021-05-26 15:07:00,GRPN
48.86,48.93,48.8501,48.89,3700,2021-05-26 15:08:00,GRPN
48.875,48.875,48.84,48.84,668,2021-05-26 15:09:00,GRPN
48.87,48.87,48.87,48.87,200,2021-05-26 15:10:00,GRPN
48.91,48.92,48.87,48.87,500,2021-05-26 15:11:00,GRPN
48.87,48.95,48.87,48.9226,1280,2021-05-26 15:13:00,GRPN
48.94,48.96,48.94,48.94,400,2021-05-26 15:14:00,GRPN
48.97,48.97,48.91,48.91,400,2021-05-26 15:15:00,GRPN
48.86,48.86,48.85,48.85,200,2021-05-26 15:16:00,GRPN
48.86,48.86,48.86,48.86,100,2021-05-26 15:17:00,GRPN
48.85,49.05,48.85,49.05,2500,2021-05-26 15:18:00,GRPN
49.11,49.11,49.06,49.06,200,2021-05-26 15:19:00,GRPN
49.05,49.05,49.05,49.05,2000,2021-05-26 15:21:00,GRPN
49.1,49.1,49.05,49.05,400,2021-05-26 15:22:00,GRPN
49.01,49.01,48.93,48.93,300,2021-05-26 15:23:00,GRPN
48.845,48.845,48.845,48.845,100,2021-05-26 15:24:00,GRPN
48.86,48.89,48.84,48.89,305,2021-05-26 15:25:00,GRPN
48.87,48.9,48.87,48.9,434,2021-05-26 15:27:00,GRPN
48.85,48.85,48.85,48.85,229,2021-05-26 15:28:00,GRPN
48.89,48.89,48.89,48.89,100,2021-05-26 15:29:00,GRPN
48.85,48.85,48.85,48.85,100,2021-05-26 15:31:00,GRPN
48.81,48.81,48.8,48.8,300,2021-05-26 15:32:00,GRPN
48.75,48.855,48.71,48.855,933,2021-05-26 15:35:00,GRPN
48.8,48.86,48.8,48.86,600,2021-05-26 15:36:00,GRPN
48.87,48.88,48.87,48.88,200,2021-05-26 15:37:00,GRPN
48.98,49.015,48.89,49.015,500,2021-05-26 15:38:00,GRPN
49.09,49.09,49.09,49.09,100,2021-05-26 15:42:00,GRPN
49.0,49.03,49.0,49.03,200,2021-05-26 15:43:00,GRPN
49.11,49.11,49.11,49.11,100,2021-05-26 15:45:00,GRPN
49.15,49.19,49.1,49.15,1400,2021-05-26 15:46:00,GRPN
49.1,49.114,49.09,49.1,1874,2021-05-26 15:47:00,GRPN
49.12,49.12,49.12,49.12,437,2021-05-26 15:48:00,GRPN
49.1,49.12,49.09,49.12,300,2021-05-26 15:49:00,GRPN
49.17,49.17,49.09,49.09,1200,2021-05-26 15:50:00,GRPN
49.07,49.07,49.07,49.07,137,2021-05-26 15:51:00,GRPN
49.04,49.05,49.04,49.04,300,2021-05-26 15:52:00,GRPN
49.01,49.01,49.01,49.01,442,2021-05-26 15:53:00,GRPN
49.03,49.03,49.03,49.03,100,2021-05-26 15:54:00,GRPN
48.97,49.02,48.97,49.02,1100,2021-05-26 15:55:00,GRPN
49.0,49.0,49.0,49.0,100,2021-05-26 15:56:00,GRPN
49.0,49.05,49.0,49.045,1011,2021-05-26 15:57:00,GRPN
49.035,49.035,49.035,49.035,100,2021-05-26 15:58:00,GRPN
49.0,49.01,49.0,49.01,200,2021-05-26 15:59:00,GRPN
48.99,49.07,48.99,49.0,3200,2021-05-26 16:01:00,GRPN
49.0,49.0,48.99,48.99,300,2021-05-26 16:02:00,GRPN
48.975,48.975,48.975,48.975,100,2021-05-26 16:03:00,GRPN
48.95,48.99,48.91,48.99,1300,2021-05-26 16:04:00,GRPN
49.0,49.0,48.965,48.965,200,2021-05-26 16:05:00,GRPN
48.945,48.945,48.945,48.945,100,2021-05-26 16:06:00,GRPN
48.85,48.85,48.85,48.85,100,2021-05-26 16:07:00,GRPN
48.86,48.91,48.85,48.86,2400,2021-05-26 16:08:00,GRPN
48.83,48.83,48.83,48.83,100,2021-05-26 16:09:00,GRPN
48.78,48.8,48.78,48.8,438,2021-05-26 16:11:00,GRPN
48.78,48.81,48.75,48.76,2813,2021-05-26 16:12:00,GRPN
48.75,48.76,48.59,48.64,6699,2021-05-26 16:13:00,GRPN
48.59,48.59,48.59,48.59,180,2021-05-26 16:14:00,GRPN
48.58,48.58,48.57,48.57,200,2021-05-26 16:15:00,GRPN
48.5496,48.5496,48.39,48.39,2999,2021-05-26 16:17:00,GRPN
48.42,48.44,48.4,48.42,700,2021-05-26 16:18:00,GRPN
48.42,48.42,48.3,48.31,900,2021-05-26 16:19:00,GRPN
48.37,48.37,48.37,48.37,200,2021-05-26 16:21:00,GRPN
48.33,48.33,48.25,48.27,3674,2021-05-26 16:24:00,GRPN
48.34,48.34,48.34,48.34,100,2021-05-26 16:25:00,GRPN
48.34,48.34,48.34,48.34,300,2021-05-26 16:26:00,GRPN
48.31,48.32,48.31,48.31,400,2021-05-26 16:27:00,GRPN
48.26,48.26,48.26,48.26,100,2021-05-26 16:28:00,GRPN
48.22,48.22,48.22,48.22,100,2021-05-26 16:30:00,GRPN
48.23,48.23,48.22,48.23,400,2021-05-26 16:34:00,GRPN
48.16,48.1865,48.12,48.12,300,2021-05-26 16:35:00,GRPN
48.16,48.16,48.14,48.14,200,2021-05-26 16:37:00,GRPN
48.2,48.2,48.105,48.105,300,2021-05-26 16:41:00,GRPN
48.085,48.11,48.06,48.06,500,2021-05-26 16:42:00,GRPN
48.06,48.06,48.06,48.06,200,2021-05-26 16:43:00,GRPN
48.05,48.05,48.05,48.05,100,2021-05-26 16:47:00,GRPN
48.02,48.07,48.01,48.07,300,2021-05-26 16:49:00,GRPN
48.1,48.1,48.1,48.1,100,2021-05-26 16:51:00,GRPN
48.09,48.16,48.09,48.16,769,2021-05-26 16:52:00,GRPN
48.13,48.13,48.13,48.13,100,2021-05-26 16:53:00,GRPN
48.17,48.26,48.17,48.23,514,2021-05-26 16:56:00,GRPN
48.19,48.22,48.17,48.2,2100,2021-05-26 16:58:00,GRPN
48.27,48.31,48.27,48.31,200,2021-05-26 16:59:00,GRPN
48.245,48.29,48.245,48.275,1600,2021-05-26 17:00:00,GRPN
48.275,48.32,48.2182,48.2182,1699,2021-05-26 17:01:00,GRPN
48.25,48.25,48.25,48.25,100,2021-05-26 17:02:00,GRPN
48.28,48.3,48.28,48.3,600,2021-05-26 17:03:00,GRPN
48.34,48.36,48.34,48.36,200,2021-05-26 17:05:00,GRPN
48.3544,48.3544,48.3544,48.3544,118,2021-05-26 17:06:00,GRPN
48.34,48.36,48.34,48.36,200,2021-05-26 17:07:00,GRPN
48.3,48.3,48.24,48.24,700,2021-05-26 17:08:00,GRPN
48.21,48.24,48.12,48.12,1300,2021-05-26 17:11:00,GRPN
48.06,48.06,48.06,48.06,200,2021-05-26 17:12:00,GRPN
48.11,48.115,48.11,48.115,300,2021-05-26 17:13:00,GRPN
48.115,48.115,48.115,48.115,100,2021-05-26 17:14:00,GRPN
48.13,48.18,48.13,48.18,400,2021-05-26 17:19:00,GRPN
48.16,48.19,48.14,48.19,700,2021-05-26 17:20:00,GRPN
48.19,48.22,48.19,48.22,700,2021-05-26 17:21:00,GRPN
48.3,48.3,48.3,48.3,100,2021-05-26 17:25:00,GRPN
48.3,48.3,48.3,48.3,100,2021-05-26 17:26:00,GRPN
48.27,48.275,48.27,48.275,400,2021-05-26 17:29:00,GRPN
48.275,48.3,48.275,48.3,200,2021-05-26 17:30:00,GRPN
48.3,48.3,48.21,48.21,1000,2021-05-26 17:31:00,GRPN
48.13,48.14,48.1,48.1,500,2021-05-26 17:36:00,GRPN
48.135,48.135,48.13,48.13,200,2021-05-26 17:37:00,GRPN
48.13,48.13,48.13,48.13,100,2021-05-26 17:38:00,GRPN
48.12,48.12,48.12,48.12,100,2021-05-26 17:39:00,GRPN
48.09,48.17,48.09,48.17,600,2021-05-26 17:40:00,GRPN
48.17,48.17,48.17,48.17,100,2021-05-26 17:41:00,GRPN
48.15,48.15,48.15,48.15,300,2021-05-26 17:42:00,GRPN
48.14,48.15,48.14,48.15,500,2021-05-26 17:43:00,GRPN
48.15,48.15,48.15,48.15,100,2021-05-26 17:44:00,GRPN
48.16,48.16,48.16,48.16,100,2021-05-26 17:45:00,GRPN
48.05,48.06,48.05,48.06,300,2021-05-26 17:47:00,GRPN
47.98,47.98,47.95,47.97,600,2021-05-26 17:51:00,GRPN
47.97,47.97,47.97,47.97,400,2021-05-26 17:52:00,GRPN
47.89,47.92,47.89,47.92,600,2021-05-26 17:53:00,GRPN
47.871,47.88,47.86,47.87,1200,2021-05-26 17:54:00,GRPN
47.87,47.9,47.87,47.89,300,2021-05-26 17:55:00,GRPN
47.92,47.92,47.92,47.92,200,2021-05-26 17:56:00,GRPN
47.92,47.92,47.92,47.92,100,2021-05-26 17:57:00,GRPN
47.92,47.99,47.92,47.99,600,2021-05-26 17:58:00,GRPN
47.97,47.97,47.97,47.97,100,2021-05-26 17:59:00,GRPN
47.99,48.0,47.89,48.0,1199,2021-05-26 18:00:00,GRPN
48.04,48.06,48.04,48.06,300,2021-05-26 18:01:00,GRPN
48.11,48.12,48.11,48.12,700,2021-05-26 18:02:00,GRPN
48.09,48.09,48.04,48.05,1100,2021-05-26 18:03:00,GRPN
48.05,48.05,48.04,48.04,500,2021-05-26 18:04:00,GRPN
47.995,48.05,47.99,48.05,500,2021-05-26 18:05:00,GRPN
48.05,48.05,48.05,48.05,200,2021-05-26 18:06:00,GRPN
48.03,48.03,48.02,48.03,600,2021-05-26 18:07:00,GRPN
48.05,48.05,48.05,48.05,100,2021-05-26 18:08:00,GRPN
48.08,48.11,48.08,48.11,200,2021-05-26 18:10:00,GRPN
48.14,48.14,48.14,48.14,100,2021-05-26 18:12:00,GRPN
48.14,48.17,48.14,48.17,513,2021-05-26 18:13:00,GRPN
48.175,48.19,48.175,48.19,600,2021-05-26 18:14:00,GRPN
48.21,48.21,48.17,48.17,400,2021-05-26 18:15:00,GRPN
48.18,48.205,48.18,48.205,588,2021-05-26 18:16:00,GRPN
48.2,48.2,48.2,48.2,100,2021-05-26 18:18:00,GRPN
48.2,48.23,48.18,48.19,1200,2021-05-26 18:19:00,GRPN
48.19,48.19,48.19,48.19,272,2021-05-26 18:20:00,GRPN
48.23,48.23,48.23,48.23,100,2021-05-26 18:21:00,GRPN
48.24,48.24,48.24,48.24,300,2021-05-26 18:22:00,GRPN
48.22,48.24,48.21,48.24,700,2021-05-26 18:23:00,GRPN
48.2,48.2,48.2,48.2,100,2021-05-26 18:24:00,GRPN
48.17,48.2,48.14,48.15,1400,2021-05-26 18:25:00,GRPN
48.145,48.145,48.12,48.14,900,2021-05-26 18:27:00,GRPN
48.145,48.15,48.145,48.15,300,2021-05-26 18:28:00,GRPN
48.17,48.17,48.17,48.17,100,2021-05-26 18:29:00,GRPN
48.1433,48.1433,48.1276,48.1276,399,2021-05-26 18:30:00,GRPN
48.17,48.2,48.16,48.2,500,2021-05-26 18:31:00,GRPN
48.2,48.24,48.2,48.24,200,2021-05-26 18:32:00,GRPN
48.25,48.28,48.25,48.28,664,2021-05-26 18:33:00,GRPN
48.29,48.38,48.29,48.31,12800,2021-05-26 18:34:00,GRPN
48.32,48.33,48.32,48.32,750,2021-05-26 18:35:00,GRPN
48.31,48.31,48.27,48.27,500,2021-05-26 18:36:00,GRPN
48.29,48.29,48.29,48.29,400,2021-05-26 18:37:00,GRPN
48.28,48.28,48.28,48.28,300,2021-05-26 18:38:00,GRPN
48.27,48.29,48.27,48.28,800,2021-05-26 18:39:00,GRPN
48.22,48.29,48.22,48.29,1900,2021-05-26 18:40:00,GRPN
48.29,48.29,48.29,48.29,200,2021-05-26 18:41:00,GRPN
48.29,48.29,48.29,48.29,100,2021-05-26 18:42:00,GRPN
48.27,48.32,48.27,48.32,1200,2021-05-26 18:43:00,GRPN
48.32,48.41,48.32,48.41,1020,2021-05-26 18:45:00,GRPN
48.42,48.42,48.4,48.4,200,2021-05-26 18:47:00,GRPN
48.45,48.45,48.44,48.44,600,2021-05-26 18:49:00,GRPN
48.43,48.45,48.43,48.45,399,2021-05-26 18:50:00,GRPN
48.53,48.53,48.53,48.53,100,2021-05-26 18:51:00,GRPN
48.47,48.54,48.47,48.5,1022,2021-05-26 18:52:00,GRPN
48.49,48.54,48.49,48.54,200,2021-05-26 18:53:00,GRPN
48.55,48.55,48.54,48.55,300,2021-05-26 18:54:00,GRPN
48.5,48.5,48.5,48.5,100,2021-05-26 18:55:00,GRPN
48.46,48.57,48.45,48.53,800,2021-05-26 18:56:00,GRPN
48.53,48.55,48.525,48.55,400,2021-05-26 18:57:00,GRPN
48.59,48.59,48.59,48.59,100,2021-05-26 18:58:00,GRPN
48.61,48.7,48.61,48.7,400,2021-05-26 18:59:00,GRPN
48.66,48.66,48.54,48.54,1000,2021-05-26 19:00:00,GRPN
48.57,48.63,48.57,48.63,300,2021-05-26 19:01:00,GRPN
48.61,48.61,48.57,48.61,1200,2021-05-26 19:02:00,GRPN
48.59,48.61,48.535,48.535,401,2021-05-26 19:03:00,GRPN
48.57,48.57,48.57,48.57,267,2021-05-26 19:04:00,GRPN
48.54,48.57,48.54,48.57,698,2021-05-26 19:05:00,GRPN
48.54,48.54,48.54,48.54,400,2021-05-26 19:06:00,GRPN
48.57,48.57,48.55,48.56,1372,2021-05-26 19:07:00,GRPN
48.49,48.49,48.49,48.49,200,2021-05-26 19:08:00,GRPN
48.49,48.49,48.45,48.45,200,2021-05-26 19:09:00,GRPN
48.46,48.47,48.46,48.47,300,2021-05-26 19:10:00,GRPN
48.53,48.53,48.5,48.5,500,2021-05-26 19:11:00,GRPN
48.535,48.54,48.46,48.49,900,2021-05-26 19:13:00,GRPN
48.56,48.56,48.52,48.52,677,2021-05-26 19:16:00,GRPN
48.49,48.49,48.49,48.49,200,2021-05-26 19:17:00,GRPN
48.48,48.48,48.47,48.47,300,2021-05-26 19:18:00,GRPN
48.51,48.51,48.49,48.49,200,2021-05-26 19:19:00,GRPN
48.495,48.52,48.495,48.52,700,2021-05-26 19:21:00,GRPN
48.49,48.51,48.45,48.5,2100,2021-05-26 19:22:00,GRPN
48.5005,48.5005,48.45,48.45,1455,2021-05-26 19:23:00,GRPN
48.47,48.47,48.47,48.47,100,2021-05-26 19:25:00,GRPN
48.48,48.48,48.44,48.46,721,2021-05-26 19:27:00,GRPN
48.48,48.5,48.47,48.47,500,2021-05-26 19:28:00,GRPN
48.47,48.5,48.46,48.5,400,2021-05-26 19:29:00,GRPN
48.45,48.46,48.45,48.46,200,2021-05-26 19:30:00,GRPN
48.45,48.47,48.45,48.47,800,2021-05-26 19:31:00,GRPN
48.465,48.465,48.41,48.41,1033,2021-05-26 19:32:00,GRPN
48.42,48.5,48.42,48.48,1950,2021-05-26 19:33:00,GRPN
48.47,48.51,48.47,48.51,1800,2021-05-26 19:34:00,GRPN
48.53,48.57,48.53,48.57,400,2021-05-26 19:35:00,GRPN
48.555,48.555,48.52,48.52,900,2021-05-26 19:36:00,GRPN
48.51,48.53,48.51,48.52,1500,2021-05-26 19:37:00,GRPN
48.5,48.5,48.48,48.48,2200,2021-05-26 19:38:00,GRPN
48.47,48.48,48.42,48.42,2800,2021-05-26 19:39:00,GRPN
48.41,48.41,48.385,48.385,200,2021-05-26 19:40:00,GRPN
48.36,48.4,48.32,48.34,3312,2021-05-26 19:41:00,GRPN
48.325,48.34,48.305,48.305,400,2021-05-26 19:42:00,GRPN
48.3,48.33,48.2901,48.2901,703,2021-05-26 19:43:00,GRPN
48.32,48.33,48.285,48.285,1200,2021-05-26 19:44:00,GRPN
48.3,48.33,48.28,48.33,1286,2021-05-26 19:45:00,GRPN
48.31,48.31,48.28,48.28,1239,2021-05-26 19:46:00,GRPN
48.27,48.27,48.22,48.255,4048,2021-05-26 19:47:00,GRPN
48.24,48.28,48.23,48.25,1600,2021-05-26 19:48:00,GRPN
48.24,48.24,48.105,48.125,5491,2021-05-26 19:49:00,GRPN
48.11,48.16,47.98,48.0,6446,2021-05-26 19:50:00,GRPN
47.99,48.05,47.99,48.01,1500,2021-05-26 19:51:00,GRPN
48.045,48.09,48.02,48.055,1200,2021-05-26 19:52:00,GRPN
48.03,48.07,48.02,48.02,1900,2021-05-26 19:53:00,GRPN
48.0136,48.06,47.98,48.06,4833,2021-05-26 19:54:00,GRPN
48.065,48.065,48.0,48.025,2917,2021-05-26 19:55:00,GRPN
48.015,48.05,47.99,48.025,6159,2021-05-26 19:56:00,GRPN
48.04,48.04,47.95,48.01,5851,2021-05-26 19:57:00,GRPN
48.03,48.03,47.97,47.99,4442,2021-05-26 19:58:00,GRPN
48.01,48.07,47.98,48.06,4693,2021-05-26 19:59:00,GRPN
48.07,48.07,48.07,48.07,33575,2021-05-26 20:00:00,GRPN
48.07,48.07,48.07,48.07,1228,2021-05-26 20:01:00,GRPN
48.09,48.09,48.09,48.09,5302,2021-05-27 13:30:00,GRPN
48.12,48.12,48.12,48.12,111,2021-05-27 13:32:00,GRPN
48.15,48.15,47.68,47.68,2530,2021-05-27 13:34:00,GRPN
47.6,47.6,47.55,47.55,200,2021-05-27 13:36:00,GRPN
47.5,47.5,47.35,47.35,403,2021-05-27 13:38:00,GRPN
47.35,47.61,47.35,47.61,750,2021-05-27 13:39:00,GRPN
47.385,47.385,47.385,47.385,844,2021-05-27 13:41:00,GRPN
47.3,47.3,47.3,47.3,100,2021-05-27 13:43:00,GRPN
47.25,47.37,47.22,47.37,1281,2021-05-27 13:44:00,GRPN
47.22,47.22,47.19,47.19,300,2021-05-27 13:45:00,GRPN
47.445,47.445,47.445,47.445,100,2021-05-27 13:46:00,GRPN
47.44,47.51,47.34,47.51,4070,2021-05-27 13:47:00,GRPN
47.5,47.65,47.48,47.65,700,2021-05-27 13:48:00,GRPN
47.7,47.7,47.7,47.7,186,2021-05-27 13:49:00,GRPN
47.77,47.77,47.76,47.76,200,2021-05-27 13:50:00,GRPN
47.82,47.82,47.82,47.82,100,2021-05-27 13:52:00,GRPN
47.93,47.95,47.72,47.72,700,2021-05-27 13:53:00,GRPN
47.95,48.1,47.95,48.1,1478,2021-05-27 13:54:00,GRPN
48.14,48.14,48.0601,48.0601,400,2021-05-27 13:55:00,GRPN
48.07,48.07,48.06,48.06,747,2021-05-27 13:56:00,GRPN
48.12,48.2,48.06,48.06,915,2021-05-27 13:57:00,GRPN
47.97,47.97,47.97,47.97,100,2021-05-27 14:00:00,GRPN
48.08,48.08,48.08,48.08,100,2021-05-27 14:01:00,GRPN
48.1121,48.1121,48.105,48.105,578,2021-05-27 14:02:00,GRPN
48.11,48.11,48.11,48.11,100,2021-05-27 14:05:00,GRPN
48.14,48.28,48.14,48.28,1201,2021-05-27 14:06:00,GRPN
48.3,48.3,48.3,48.3,117,2021-05-27 14:07:00,GRPN
48.3,48.3,48.24,48.24,312,2021-05-27 14:08:00,GRPN
48.235,48.2535,48.235,48.2535,200,2021-05-27 14:09:00,GRPN
48.23,48.23,48.185,48.185,200,2021-05-27 14:10:00,GRPN
48.12,48.12,48.1,48.12,400,2021-05-27 14:11:00,GRPN
48.04,48.04,48.02,48.02,200,2021-05-27 14:12:00,GRPN
47.99,48.13,47.99,48.05,1432,2021-05-27 14:13:00,GRPN
48.09,48.09,47.99,47.99,980,2021-05-27 14:14:00,GRPN
48.03,48.03,48.03,48.03,100,2021-05-27 14:15:00,GRPN
47.94,47.94,47.93,47.93,300,2021-05-27 14:16:00,GRPN
48.07,48.07,48.01,48.01,400,2021-05-27 14:18:00,GRPN
47.965,47.965,47.965,47.965,100,2021-05-27 14:20:00,GRPN
48.08,48.11,48.08,48.105,710,2021-05-27 14:23:00,GRPN
48.15,48.15,48.15,48.15,100,2021-05-27 14:25:00,GRPN
48.14,48.14,48.14,48.14,100,2021-05-27 14:27:00,GRPN
48.155,48.235,48.155,48.235,200,2021-05-27 14:29:00,GRPN
48.13,48.13,48.13,48.13,100,2021-05-27 14:30:00,GRPN
48.14,48.14,48.13,48.13,300,2021-05-27 14:31:00,GRPN
48.11,48.11,48.06,48.06,400,2021-05-27 14:32:00,GRPN
48.02,48.03,48.02,48.03,300,2021-05-27 14:33:00,GRPN
48.0,48.0,48.0,48.0,100,2021-05-27 14:34:00,GRPN
48.04,48.04,48.025,48.0333,363,2021-05-27 14:35:00,GRPN
48.045,48.045,48.045,48.045,100,2021-05-27 14:36:00,GRPN
48.05,48.05,48.05,48.05,100,2021-05-27 14:37:00,GRPN
48.0375,48.0375,48.0375,48.0375,100,2021-05-27 14:38:00,GRPN
47.98,47.98,47.9,47.9,300,2021-05-27 14:39:00,GRPN
47.9671,47.9671,47.935,47.935,500,2021-05-27 14:40:00,GRPN
47.88,47.88,47.82,47.82,200,2021-05-27 14:41:00,GRPN
47.8,47.8,47.8,47.8,100,2021-05-27 14:42:00,GRPN
47.9,47.9,47.9,47.9,100,2021-05-27 14:43:00,GRPN
47.855,47.855,47.855,47.855,100,2021-05-27 14:44:00,GRPN
47.85,47.85,47.85,47.85,200,2021-05-27 14:47:00,GRPN
47.86,47.86,47.86,47.86,200,2021-05-27 14:48:00,GRPN
47.81,47.81,47.81,47.81,100,2021-05-27 14:50:00,GRPN
47.64,47.64,47.6,47.6,400,2021-05-27 14:51:00,GRPN
47.7,47.7,47.6755,47.7,700,2021-05-27 14:52:00,GRPN
47.685,47.74,47.685,47.7242,300,2021-05-27 14:53:00,GRPN
47.7,47.75,47.7,47.75,400,2021-05-27 14:54:00,GRPN
47.75,47.75,47.75,47.75,300,2021-05-27 14:55:00,GRPN
47.76,47.78,47.73,47.76,1800,2021-05-27 14:56:00,GRPN
47.81,47.81,47.77,47.77,600,2021-05-27 14:58:00,GRPN
47.77,47.835,47.77,47.835,600,2021-05-27 14:59:00,GRPN
47.86,47.88,47.86,47.88,300,2021-05-27 15:00:00,GRPN
47.88,47.88,47.88,47.88,100,2021-05-27 15:02:00,GRPN
47.86,47.86,47.81,47.84,618,2021-05-27 15:04:00,GRPN
47.82,47.82,47.82,47.82,500,2021-05-27 15:05:00,GRPN
47.87,47.88,47.87,47.87,1026,2021-05-27 15:07:00,GRPN
47.8,47.87,47.8,47.85,600,2021-05-27 15:11:00,GRPN
47.92,47.92,47.92,47.92,200,2021-05-27 15:12:00,GRPN
47.995,47.995,47.995,47.995,100,2021-05-27 15:17:00,GRPN
47.99,47.99,47.94,47.94,500,2021-05-27 15:19:00,GRPN
47.94,47.94,47.94,47.94,100,2021-05-27 15:21:00,GRPN
47.94,47.94,47.94,47.94,300,2021-05-27 15:22:00,GRPN
47.98,48.045,47.98,48.045,1712,2021-05-27 15:25:00,GRPN
48.01,48.01,47.98,47.99,800,2021-05-27 15:26:00,GRPN
47.95,47.95,47.95,47.95,100,2021-05-27 15:27:00,GRPN
48.0,48.08,48.0,48.08,400,2021-05-27 15:28:00,GRPN
48.11,48.11,48.09,48.09,200,2021-05-27 15:29:00,GRPN
47.95,47.97,47.95,47.95,300,2021-05-27 15:30:00,GRPN
47.98,47.98,47.93,47.93,200,2021-05-27 15:31:00,GRPN
48.06,48.06,48.06,48.06,200,2021-05-27 15:32:00,GRPN
47.95,47.95,47.94,47.94,200,2021-05-27 15:34:00,GRPN
47.94,47.975,47.94,47.975,200,2021-05-27 15:37:00,GRPN
47.93,47.93,47.89,47.91,600,2021-05-27 15:38:00,GRPN
47.8841,47.89,47.8841,47.89,300,2021-05-27 15:40:00,GRPN
47.93,47.93,47.93,47.93,100,2021-05-27 15:41:00,GRPN
47.905,47.905,47.905,47.905,100,2021-05-27 15:45:00,GRPN
47.86,47.86,47.86,47.86,100,2021-05-27 15:47:00,GRPN
47.94,47.99,47.94,47.97,600,2021-05-27 15:49:00,GRPN
47.95,47.95,47.95,47.95,100,2021-05-27 15:53:00,GRPN
47.97,47.97,47.97,47.97,100,2021-05-27 15:54:00,GRPN
47.975,47.975,47.975,47.975,100,2021-05-27 15:58:00,GRPN
47.93,47.93,47.93,47.93,600,2021-05-27 15:59:00,GRPN
47.94,47.94,47.932,47.932,2999,2021-05-27 16:00:00,GRPN
47.935,47.935,47.9,47.9,220,2021-05-27 16:01:00,GRPN
47.89,47.93,47.89,47.93,300,2021-05-27 16:02:00,GRPN
47.93,47.98,47.93,47.98,400,2021-05-27 16:03:00,GRPN
47.97,47.97,47.95,47.95,400,2021-05-27 16:04:00,GRPN
47.94,47.96,47.93,47.96,300,2021-05-27 16:06:00,GRPN
47.95,47.95,47.95,47.95,100,2021-05-27 16:07:00,GRPN
47.95,47.95,47.95,47.95,381,2021-05-27 16:08:00,GRPN
47.98,47.98,47.98,47.98,200,2021-05-27 16:09:00,GRPN
48.0,48.0,47.99,47.99,300,2021-05-27 16:10:00,GRPN
47.98,47.98,47.98,47.98,100,2021-05-27 16:11:00,GRPN
47.97,47.97,47.97,47.97,100,2021-05-27 16:16:00,GRPN
47.89,47.89,47.88,47.88,200,2021-05-27 16:18:00,GRPN
47.885,47.885,47.86,47.86,300,2021-05-27 16:19:00,GRPN
47.84,47.84,47.84,47.84,200,2021-05-27 16:24:00,GRPN
47.88,47.88,47.85,47.85,351,2021-05-27 16:26:00,GRPN
47.86,47.86,47.86,47.86,100,2021-05-27 16:29:00,GRPN
47.8488,47.8488,47.8488,47.8488,200,2021-05-27 16:31:00,GRPN
47.82,47.82,47.75,47.75,800,2021-05-27 16:35:00,GRPN
47.81,47.81,47.775,47.81,300,2021-05-27 16:36:00,GRPN
47.82,47.86,47.79,47.8,800,2021-05-27 16:37:00,GRPN
47.77,47.77,47.77,47.77,200,2021-05-27 16:40:00,GRPN
47.89,47.89,47.89,47.89,100,2021-05-27 16:49:00,GRPN
47.82,47.88,47.82,47.88,300,2021-05-27 16:52:00,GRPN
47.875,47.875,47.875,47.875,200,2021-05-27 16:54:00,GRPN
47.9,47.95,47.9,47.92,1900,2021-05-27 16:56:00,GRPN
47.92,47.9387,47.9,47.9,699,2021-05-27 16:57:00,GRPN
47.9029,47.9029,47.9029,47.9029,250,2021-05-27 16:59:00,GRPN
47.93,47.93,47.92,47.92,200,2021-05-27 17:00:00,GRPN
47.905,47.905,47.905,47.905,100,2021-05-27 17:01:00,GRPN
47.87,47.87,47.84,47.84,200,2021-05-27 17:03:00,GRPN
47.87,47.87,47.87,47.87,200,2021-05-27 17:04:00,GRPN
47.89,47.89,47.89,47.89,100,2021-05-27 17:07:00,GRPN
47.84,47.89,47.84,47.89,300,2021-05-27 17:09:00,GRPN
47.885,47.885,47.885,47.885,100,2021-05-27 17:12:00,GRPN
47.92,47.92,47.92,47.92,100,2021-05-27 17:15:00,GRPN
47.93,47.93,47.88,47.93,1167,2021-05-27 17:19:00,GRPN
47.923,47.923,47.923,47.923,499,2021-05-27 17:20:00,GRPN
47.88,47.88,47.835,47.835,934,2021-05-27 17:23:00,GRPN
47.83,47.83,47.83,47.83,200,2021-05-27 17:24:00,GRPN
47.87,47.87,47.87,47.87,200,2021-05-27 17:28:00,GRPN
47.81,47.81,47.81,47.81,200,2021-05-27 17:30:00,GRPN
47.88,47.88,47.88,47.88,100,2021-05-27 17:33:00,GRPN
47.855,47.855,47.855,47.855,600,2021-05-27 17:34:00,GRPN
47.9,47.93,47.89,47.93,602,2021-05-27 17:35:00,GRPN
47.91,47.91,47.91,47.91,200,2021-05-27 17:36:00,GRPN
47.89,47.9,47.8483,47.8483,1599,2021-05-27 17:37:00,GRPN
47.86,47.86,47.86,47.86,1305,2021-05-27 17:38:00,GRPN
47.88,47.91,47.88,47.89,564,2021-05-27 17:39:00,GRPN
47.89,47.89,47.89,47.89,100,2021-05-27 17:45:00,GRPN
47.92,48.0,47.92,47.99,1000,2021-05-27 17:46:00,GRPN
47.9861,47.9861,47.9861,47.9861,100,2021-05-27 17:47:00,GRPN
47.97,47.97,47.94,47.94,200,2021-05-27 17:48:00,GRPN
47.985,47.995,47.971,47.995,1119,2021-05-27 17:50:00,GRPN
48.02,48.02,48.0,48.02,784,2021-05-27 17:55:00,GRPN
48.0,48.04,47.99,48.04,741,2021-05-27 17:56:00,GRPN
48.08,48.11,48.08,48.08,1099,2021-05-27 17:57:00,GRPN
48.08,48.08,48.06,48.06,589,2021-05-27 17:58:00,GRPN
48.045,48.1173,48.045,48.1173,698,2021-05-27 17:59:00,GRPN
48.14,48.14,48.095,48.095,1100,2021-05-27 18:00:00,GRPN
48.085,48.085,48.035,48.035,200,2021-05-27 18:01:00,GRPN
48.13,48.13,48.05,48.05,400,2021-05-27 18:02:00,GRPN
48.02,48.02,47.99,47.99,500,2021-05-27 18:03:00,GRPN
47.87,47.87,47.8,47.8,1109,2021-05-27 18:05:00,GRPN
47.74,47.74,47.72,47.72,300,2021-05-27 18:07:00,GRPN
47.745,47.745,47.71,47.71,700,2021-05-27 18:09:00,GRPN
47.63,47.63,47.63,47.63,100,2021-05-27 18:12:00,GRPN
47.69,47.69,47.69,47.69,270,2021-05-27 18:13:00,GRPN
47.6,47.6,47.59,47.59,700,2021-05-27 18:14:00,GRPN
47.63,47.665,47.625,47.665,300,2021-05-27 18:16:00,GRPN
47.63,47.63,47.62,47.62,412,2021-05-27 18:17:00,GRPN
47.61,47.61,47.61,47.61,100,2021-05-27 18:18:00,GRPN
47.71,47.71,47.71,47.71,100,2021-05-27 18:19:00,GRPN
47.65,47.65,47.61,47.61,300,2021-05-27 18:21:00,GRPN
47.69,47.75,47.69,47.75,700,2021-05-27 18:22:00,GRPN
47.68,47.75,47.68,47.75,1600,2021-05-27 18:23:00,GRPN
47.75,47.87,47.75,47.86,6231,2021-05-27 18:24:00,GRPN
47.86,47.91,47.86,47.91,1641,2021-05-27 18:25:00,GRPN
47.96,48.2,47.96,48.2,2220,2021-05-27 18:26:00,GRPN
48.22,48.22,48.17,48.17,2034,2021-05-27 18:27:00,GRPN
48.195,48.25,48.195,48.25,1530,2021-05-27 18:28:00,GRPN
48.2,48.2,48.2,48.2,100,2021-05-27 18:29:00,GRPN
48.31,48.31,48.29,48.295,800,2021-05-27 18:30:00,GRPN
48.27,48.35,48.27,48.28,514,2021-05-27 18:31:00,GRPN
48.35,48.44,48.35,48.44,1402,2021-05-27 18:32:00,GRPN
48.43,48.51,48.43,48.51,1000,2021-05-27 18:33:00,GRPN
48.485,48.485,48.485,48.485,100,2021-05-27 18:34:00,GRPN
48.53,48.53,48.53,48.53,100,2021-05-27 18:35:00,GRPN
48.5,48.5,48.41,48.45,2062,2021-05-27 18:37:00,GRPN
48.44,48.44,48.44,48.44,100,2021-05-27 18:39:00,GRPN
48.48,48.48,48.48,48.48,100,2021-05-27 18:40:00,GRPN
48.42,48.55,48.42,48.515,4849,2021-05-27 18:41:00,GRPN
48.575,48.575,48.53,48.53,500,2021-05-27 18:42:00,GRPN
48.51,48.51,48.44,48.5,709,2021-05-27 18:43:00,GRPN
48.5,48.5,48.46,48.46,443,2021-05-27 18:45:00,GRPN
48.45,48.49,48.45,48.45,900,2021-05-27 18:48:00,GRPN
48.51,48.51,48.44,48.44,313,2021-05-27 18:49:00,GRPN
48.51,48.55,48.51,48.55,200,2021-05-27 18:51:00,GRPN
48.55,48.55,48.49,48.505,1449,2021-05-27 18:52:00,GRPN
48.515,48.515,48.515,48.515,100,2021-05-27 18:53:00,GRPN
48.49,48.56,48.49,48.56,383,2021-05-27 18:54:00,GRPN
48.6,48.62,48.59,48.59,758,2021-05-27 18:55:00,GRPN
48.55,48.57,48.51,48.57,1436,2021-05-27 18:56:00,GRPN
48.6,48.61,48.6,48.61,200,2021-05-27 18:57:00,GRPN
48.63,48.67,48.63,48.66,816,2021-05-27 18:58:00,GRPN
48.6,48.6,48.56,48.59,800,2021-05-27 19:00:00,GRPN
48.53,48.53,48.44,48.44,300,2021-05-27 19:01:00,GRPN
48.41,48.41,48.35,48.39,561,2021-05-27 19:02:00,GRPN
48.46,48.46,48.46,48.46,100,2021-05-27 19:03:00,GRPN
48.45,48.45,48.45,48.45,200,2021-05-27 19:06:00,GRPN
48.44,48.44,48.44,48.44,100,2021-05-27 19:07:00,GRPN
48.44,48.44,48.44,48.44,200,2021-05-27 19:08:00,GRPN
48.42,48.42,48.39,48.39,400,2021-05-27 19:09:00,GRPN
48.4628,48.51,48.4628,48.51,715,2021-05-27 19:10:00,GRPN
48.495,48.52,48.495,48.5,840,2021-05-27 19:12:00,GRPN
48.5,48.5,48.5,48.5,140,2021-05-27 19:13:00,GRPN
48.59,48.59,48.59,48.59,200,2021-05-27 19:15:00,GRPN
48.62,48.65,48.61,48.61,900,2021-05-27 19:18:00,GRPN
48.625,48.625,48.625,48.625,279,2021-05-27 19:19:00,GRPN
48.62,48.62,48.57,48.57,600,2021-05-27 19:20:00,GRPN
48.54,48.56,48.49,48.49,1200,2021-05-27 19:22:00,GRPN
48.54,48.55,48.52,48.55,300,2021-05-27 19:23:00,GRPN
48.58,48.58,48.58,48.58,100,2021-05-27 19:24:00,GRPN
48.59,48.61,48.56,48.56,2000,2021-05-27 19:25:00,GRPN
48.56,48.68,48.56,48.68,1260,2021-05-27 19:26:00,GRPN
48.68,48.68,48.68,48.68,100,2021-05-27 19:27:00,GRPN
48.69,48.69,48.66,48.66,800,2021-05-27 19:28:00,GRPN
48.7,48.71,48.67,48.67,1697,2021-05-27 19:29:00,GRPN
48.69,48.71,48.655,48.655,600,2021-05-27 19:31:00,GRPN
48.63,48.71,48.62,48.675,2360,2021-05-27 19:32:00,GRPN
48.66,48.68,48.66,48.68,300,2021-05-27 19:33:00,GRPN
48.675,48.675,48.65,48.65,400,2021-05-27 19:34:00,GRPN
48.65,48.67,48.65,48.67,400,2021-05-27 19:36:00,GRPN
48.64,48.64,48.625,48.625,532,2021-05-27 19:37:00,GRPN
48.64,48.65,48.64,48.64,700,2021-05-27 19:38:00,GRPN
48.645,48.645,48.645,48.645,200,2021-05-27 19:39:00,GRPN
48.62,48.62,48.56,48.56,3170,2021-05-27 19:40:00,GRPN
48.56,48.56,48.46,48.52,3903,2021-05-27 19:41:00,GRPN
48.55,48.61,48.55,48.61,1788,2021-05-27 19:42:00,GRPN
48.6,48.63,48.59,48.63,2727,2021-05-27 19:43:00,GRPN
48.615,48.66,48.615,48.65,1132,2021-05-27 19:44:00,GRPN
48.64,48.67,48.58,48.58,3899,2021-05-27 19:45:00,GRPN
48.6,48.61,48.57,48.575,988,2021-05-27 19:47:00,GRPN
48.58,48.58,48.58,48.58,100,2021-05-27 19:48:00,GRPN
48.57,48.57,48.5,48.5,2002,2021-05-27 19:49:00,GRPN
48.5,48.5,48.42,48.475,7395,2021-05-27 19:50:00,GRPN
48.5,48.53,48.5,48.52,1422,2021-05-27 19:51:00,GRPN
48.52,48.53,48.49,48.5,2018,2021-05-27 19:52:00,GRPN
48.5,48.5,48.47,48.48,900,2021-05-27 19:53:00,GRPN
48.45,48.47,48.28,48.28,10317,2021-05-27 19:54:00,GRPN
48.32,48.435,48.28,48.305,9599,2021-05-27 19:55:00,GRPN
48.34,48.35,48.25,48.29,6449,2021-05-27 19:56:00,GRPN
48.285,48.325,48.25,48.28,11594,2021-05-27 19:57:00,GRPN
48.27,48.27,48.23,48.25,10370,2021-05-27 19:58:00,GRPN
48.255,48.26,48.21,48.21,26231,2021-05-27 19:59:00,GRPN
48.21,48.21,48.21,48.21,135213,2021-05-27 20:00:00,GRPN
48.21,48.21,48.21,48.21,2764,2021-05-27 20:02:00,GRPN
48.21,48.21,48.21,48.21,2958,2021-05-27 20:03:00,GRPN
48.21,48.21,48.21,48.21,100,2021-05-27 20:35:00,GRPN
48.21,48.21,48.21,48.21,6608,2021-05-27 21:19:00,GRPN
48.51,48.51,47.583,47.583,7002,2021-05-28 13:30:00,GRPN
48.085,48.085,48.085,48.085,100,2021-05-28 13:31:00,GRPN
48.0456,48.46,48.0456,48.09,1300,2021-05-28 13:33:00,GRPN
48.43,48.93,48.43,48.46,6859,2021-05-28 13:34:00,GRPN
48.34,48.34,48.34,48.34,100,2021-05-28 13:37:00,GRPN
48.43,48.43,48.18,48.18,500,2021-05-28 13:41:00,GRPN
48.24,48.35,48.19,48.35,658,2021-05-28 13:42:00,GRPN
48.21,48.21,48.14,48.14,200,2021-05-28 13:45:00,GRPN
48.02,48.02,48.02,48.02,100,2021-05-28 13:47:00,GRPN
47.94,47.95,47.94,47.95,200,2021-05-28 13:48:00,GRPN
47.99,48.04,47.99,48.04,400,2021-05-28 13:49:00,GRPN
48.1985,48.1985,48.1985,48.1985,150,2021-05-28 13:50:00,GRPN
48.2305,48.2305,48.2305,48.2305,100,2021-05-28 13:51:00,GRPN
48.23,48.23,48.23,48.23,100,2021-05-28 13:52:00,GRPN
48.16,48.16,48.16,48.16,100,2021-05-28 13:53:00,GRPN
48.1763,48.1763,48.1763,48.1763,100,2021-05-28 13:54:00,GRPN
48.245,48.245,48.245,48.245,100,2021-05-28 13:55:00,GRPN
48.19,48.19,48.18,48.18,209,2021-05-28 13:56:00,GRPN
48.12,48.21,48.12,48.21,400,2021-05-28 13:57:00,GRPN
48.2,48.2,48.19,48.19,500,2021-05-28 13:59:00,GRPN
48.27,48.27,48.27,48.27,100,2021-05-28 14:00:00,GRPN
48.18,48.2,48.075,48.165,1534,2021-05-28 14:01:00,GRPN
48.04,48.075,48.04,48.075,200,2021-05-28 14:04:00,GRPN
48.2,48.2,47.9,47.9,758,2021-05-28 14:05:00,GRPN
47.88,47.88,47.88,47.88,100,2021-05-28 14:06:00,GRPN
47.77,47.77,47.77,47.77,486,2021-05-28 14:08:00,GRPN
47.76,47.8,47.76,47.8,300,2021-05-28 14:09:00,GRPN
47.739,47.739,47.65,47.65,300,2021-05-28 14:10:00,GRPN
47.915,48.0,47.915,48.0,200,2021-05-28 14:13:00,GRPN
47.94,47.94,47.94,47.94,100,2021-05-28 14:14:00,GRPN
47.935,47.935,47.935,47.935,100,2021-05-28 14:15:00,GRPN
47.95,47.95,47.95,47.95,282,2021-05-28 14:16:00,GRPN
47.89,47.89,47.68,47.68,935,2021-05-28 14:18:00,GRPN
47.67,47.67,47.41,47.48,1001,2021-05-28 14:19:00,GRPN
47.49,47.49,47.49,47.49,100,2021-05-28 14:20:00,GRPN
47.57,47.5763,47.57,47.5763,205,2021-05-28 14:21:00,GRPN
47.73,47.73,47.73,47.73,100,2021-05-28 14:22:00,GRPN
47.67,47.67,47.61,47.61,300,2021-05-28 14:23:00,GRPN
47.56,47.56,47.48,47.48,500,2021-05-28 14:25:00,GRPN
47.58,47.58,47.58,47.58,100,2021-05-28 14:28:00,GRPN
47.33,47.395,47.32,47.395,1686,2021-05-28 14:29:00,GRPN
47.5,47.5,47.46,47.46,400,2021-05-28 14:30:00,GRPN
47.5443,47.5443,47.5443,47.5443,198,2021-05-28 14:34:00,GRPN
47.7,47.7299,47.7,47.7299,850,2021-05-28 14:35:00,GRPN
47.7,47.7,47.7,47.7,100,2021-05-28 14:36:00,GRPN
47.72,47.76,47.72,47.75,900,2021-05-28 14:37:00,GRPN
47.68,47.68,47.68,47.68,100,2021-05-28 14:38:00,GRPN
47.775,47.775,47.775,47.775,100,2021-05-28 14:40:00,GRPN
47.9068,47.9068,47.9068,47.9068,200,2021-05-28 14:41:00,GRPN
47.8,47.8,47.79,47.79,200,2021-05-28 14:42:00,GRPN
47.72,47.74,47.65,47.74,2000,2021-05-28 14:47:00,GRPN
47.795,47.795,47.795,47.795,100,2021-05-28 14:48:00,GRPN
47.71,47.71,47.71,47.71,100,2021-05-28 14:51:00,GRPN
47.71,47.71,47.71,47.71,100,2021-05-28 14:52:00,GRPN
47.71,47.95,47.71,47.9,1834,2021-05-28 14:55:00,GRPN
47.85,47.85,47.85,47.85,100,2021-05-28 14:56:00,GRPN
47.84,47.84,47.84,47.84,100,2021-05-28 15:00:00,GRPN
47.87,47.91,47.87,47.91,200,2021-05-28 15:01:00,GRPN
47.88,47.88,47.88,47.88,200,2021-05-28 15:04:00,GRPN
47.92,47.92,47.92,47.92,300,2021-05-28 15:08:00,GRPN
47.89,47.89,47.88,47.88,300,2021-05-28 15:09:00,GRPN
47.95,48.0099,47.91,48.0099,400,2021-05-28 15:11:00,GRPN
47.9,47.9,47.9,47.9,250,2021-05-28 15:12:00,GRPN
47.9,47.9,47.85,47.9,300,2021-05-28 15:13:00,GRPN
47.9,47.9,47.9,47.9,100,2021-05-28 15:14:00,GRPN
47.93,47.96,47.93,47.94,500,2021-05-28 15:15:00,GRPN
47.92,47.92,47.9,47.9,200,2021-05-28 15:16:00,GRPN
47.89,47.89,47.84,47.84,300,2021-05-28 15:17:00,GRPN
47.9899,47.9899,47.915,47.915,400,2021-05-28 15:18:00,GRPN
47.98,47.98,47.98,47.98,100,2021-05-28 15:19:00,GRPN
47.8594,47.8594,47.8594,47.8594,100,2021-05-28 15:20:00,GRPN
47.85,47.95,47.85,47.9,3413,2021-05-28 15:21:00,GRPN
47.88,47.95,47.87,47.91,4235,2021-05-28 15:22:00,GRPN
47.86,47.86,47.86,47.86,100,2021-05-28 15:23:00,GRPN
47.9,47.9,47.78,47.79,500,2021-05-28 15:26:00,GRPN
47.74,47.8,47.74,47.8,1312,2021-05-28 15:29:00,GRPN
47.79,47.79,47.79,47.79,100,2021-05-28 15:30:00,GRPN
47.79,47.79,47.79,47.79,100,2021-05-28 15:31:00,GRPN
47.81,47.81,47.715,47.715,709,2021-05-28 15:33:00,GRPN
47.695,47.695,47.695,47.695,300,2021-05-28 15:34:00,GRPN
47.705,47.705,47.705,47.705,200,2021-05-28 15:35:00,GRPN
47.76,47.77,47.76,47.77,200,2021-05-28 15:36:00,GRPN
47.6906,47.6906,47.6,47.6,917,2021-05-28 15:39:00,GRPN
47.645,47.645,47.645,47.645,100,2021-05-28 15:40:00,GRPN
47.68,47.68,47.58,47.58,748,2021-05-28 15:42:00,GRPN
47.58,47.65,47.58,47.6,500,2021-05-28 15:44:00,GRPN
47.61,47.62,47.555,47.61,2000,2021-05-28 15:45:00,GRPN
47.68,47.69,47.62,47.69,400,2021-05-28 15:47:00,GRPN
47.73,47.73,47.73,47.73,100,2021-05-28 15:51:00,GRPN
47.73,47.73,47.73,47.73,100,2021-05-28 15:56:00,GRPN
47.68,47.68,47.68,47.68,224,2021-05-28 15:57:00,GRPN
47.62,47.62,47.62,47.62,100,2021-05-28 15:58:00,GRPN
47.65,47.69,47.65,47.65,500,2021-05-28 15:59:00,GRPN
47.675,47.675,47.64,47.665,300,2021-05-28 16:00:00,GRPN
47.55,47.61,47.55,47.6,800,2021-05-28 16:02:00,GRPN
47.62,47.62,47.58,47.59,8000,2021-05-28 16:03:00,GRPN
47.639,47.639,47.639,47.639,500,2021-05-28 16:07:00,GRPN
47.56,47.56,47.51,47.51,680,2021-05-28 16:09:00,GRPN
47.46,47.52,47.46,47.51,633,2021-05-28 16:10:00,GRPN
47.55,47.55,47.54,47.54,500,2021-05-28 16:11:00,GRPN
47.64,47.65,47.61,47.61,700,2021-05-28 16:14:00,GRPN
47.685,47.695,47.685,47.695,200,2021-05-28 16:16:00,GRPN
47.7,47.72,47.69,47.72,700,2021-05-28 16:17:00,GRPN
47.71,47.71,47.71,47.71,100,2021-05-28 16:19:00,GRPN
47.69,47.69,47.69,47.69,100,2021-05-28 16:20:00,GRPN
47.68,47.73,47.68,47.73,400,2021-05-28 16:22:00,GRPN
47.72,47.74,47.72,47.73,700,2021-05-28 16:25:00,GRPN
47.75,47.82,47.75,47.81,900,2021-05-28 16:26:00,GRPN
47.84,47.84,47.84,47.84,100,2021-05-28 16:27:00,GRPN
47.92,47.92,47.92,47.92,100,2021-05-28 16:28:00,GRPN
47.94,47.94,47.94,47.94,100,2021-05-28 16:29:00,GRPN
47.97,48.03,47.97,48.03,1000,2021-05-28 16:31:00,GRPN
48.04,48.04,48.04,48.04,100,2021-05-28 16:32:00,GRPN
48.04,48.05,47.99,48.03,1300,2021-05-28 16:33:00,GRPN
48.02,48.02,48.0,48.0,400,2021-05-28 16:34:00,GRPN
48.03,48.03,48.03,48.03,100,2021-05-28 16:36:00,GRPN
47.98,47.98,47.98,47.98,200,2021-05-28 16:38:00,GRPN
47.96,47.96,47.96,47.96,100,2021-05-28 16:39:00,GRPN
48.02,48.03,48.02,48.03,200,2021-05-28 16:41:00,GRPN
48.02,48.02,47.93,47.93,1371,2021-05-28 16:42:00,GRPN
47.97,47.97,47.951,47.951,357,2021-05-28 16:45:00,GRPN
48.02,48.02,48.02,48.02,100,2021-05-28 16:46:00,GRPN
47.95,47.95,47.92,47.92,714,2021-05-28 16:47:00,GRPN
47.91,47.94,47.91,47.9135,300,2021-05-28 16:48:00,GRPN
47.97,47.97,47.97,47.97,100,2021-05-28 16:50:00,GRPN
47.97,48.0,47.922,47.9296,1500,2021-05-28 16:56:00,GRPN
48.0,48.0,48.0,48.0,100,2021-05-28 16:57:00,GRPN
47.975,47.975,47.975,47.975,200,2021-05-28 16:58:00,GRPN
47.935,47.935,47.935,47.935,100,2021-05-28 17:04:00,GRPN
47.9,47.9,47.9,47.9,132,2021-05-28 17:05:00,GRPN
47.89,47.89,47.89,47.89,100,2021-05-28 17:06:00,GRPN
47.95,47.95,47.95,47.95,200,2021-05-28 17:07:00,GRPN
47.93,47.97,47.91,47.91,923,2021-05-28 17:11:00,GRPN
47.9,47.9,47.89,47.89,300,2021-05-28 17:12:00,GRPN
47.85,47.85,47.83,47.83,432,2021-05-28 17:13:00,GRPN
47.865,47.865,47.83,47.83,658,2021-05-28 17:14:00,GRPN
47.8,47.8,47.74,47.74,1338,2021-05-28 17:16:00,GRPN
47.76,47.76,47.695,47.695,800,2021-05-28 17:17:00,GRPN
47.66,47.66,47.65,47.65,200,2021-05-28 17:18:00,GRPN
47.7,47.7,47.7,47.7,567,2021-05-28 17:19:00,GRPN
47.69,47.69,47.65,47.66,600,2021-05-28 17:20:00,GRPN
47.64,47.64,47.63,47.63,300,2021-05-28 17:21:00,GRPN
47.63,47.63,47.62,47.62,200,2021-05-28 17:22:00,GRPN
47.66,47.68,47.66,47.68,201,2021-05-28 17:24:00,GRPN
47.67,47.67,47.6001,47.6001,282,2021-05-28 17:25:00,GRPN
47.62,47.62,47.62,47.62,100,2021-05-28 17:26:00,GRPN
47.66,47.66,47.66,47.66,100,2021-05-28 17:27:00,GRPN
47.67,47.67,47.67,47.67,100,2021-05-28 17:28:00,GRPN
47.68,47.69,47.68,47.69,200,2021-05-28 17:31:00,GRPN
47.65,47.65,47.63,47.63,200,2021-05-28 17:33:00,GRPN
47.695,47.695,47.69,47.695,696,2021-05-28 17:35:00,GRPN
47.69,47.7,47.69,47.69,790,2021-05-28 17:36:00,GRPN
47.67,47.67,47.67,47.67,100,2021-05-28 17:37:00,GRPN
47.67,47.74,47.67,47.74,2800,2021-05-28 17:38:00,GRPN
47.8,47.89,47.78,47.79,3322,2021-05-28 17:39:00,GRPN
47.755,47.755,47.72,47.73,642,2021-05-28 17:40:00,GRPN
47.745,47.745,47.69,47.715,533,2021-05-28 17:41:00,GRPN
47.725,47.725,47.725,47.725,179,2021-05-28 17:42:00,GRPN
47.72,47.72,47.72,47.72,111,2021-05-28 17:43:00,GRPN
47.715,47.715,47.715,47.715,200,2021-05-28 17:44:00,GRPN
47.74,47.74,47.74,47.74,100,2021-05-28 17:45:00,GRPN
47.74,47.745,47.74,47.745,200,2021-05-28 17:48:00,GRPN
47.78,47.81,47.78,47.785,400,2021-05-28 17:49:00,GRPN
47.785,47.785,47.785,47.785,270,2021-05-28 17:50:00,GRPN
47.73,47.75,47.69,47.75,900,2021-05-28 17:51:00,GRPN
47.74,47.79,47.72,47.72,400,2021-05-28 17:53:00,GRPN
47.745,47.745,47.745,47.745,200,2021-05-28 17:54:00,GRPN
47.7,47.7,47.69,47.69,200,2021-05-28 17:55:00,GRPN
47.7,47.72,47.7,47.72,406,2021-05-28 17:56:00,GRPN
47.73,47.73,47.71,47.71,893,2021-05-28 17:58:00,GRPN
47.715,47.715,47.715,47.715,100,2021-05-28 17:59:00,GRPN
47.715,47.715,47.715,47.715,300,2021-05-28 18:00:00,GRPN
47.75,47.79,47.75,47.79,600,2021-05-28 18:01:00,GRPN
47.77,47.77,47.705,47.705,700,2021-05-28 18:02:00,GRPN
47.73,47.73,47.705,47.705,400,2021-05-28 18:04:00,GRPN
47.67,47.71,47.64,47.71,1282,2021-05-28 18:05:00,GRPN
47.6747,47.68,47.6747,47.68,350,2021-05-28 18:06:00,GRPN
47.63,47.63,47.63,47.63,100,2021-05-28 18:07:00,GRPN
47.6,47.65,47.57,47.61,724,2021-05-28 18:11:00,GRPN
47.57,47.62,47.57,47.62,300,2021-05-28 18:13:00,GRPN
47.61,47.69,47.6,47.69,1200,2021-05-28 18:15:00,GRPN
47.65,47.73,47.64,47.73,900,2021-05-28 18:16:00,GRPN
47.71,47.75,47.71,47.73,500,2021-05-28 18:22:00,GRPN
47.72,47.76,47.72,47.76,512,2021-05-28 18:23:00,GRPN
47.72,47.73,47.71,47.71,900,2021-05-28 18:24:00,GRPN
47.66,47.69,47.66,47.69,400,2021-05-28 18:25:00,GRPN
47.7,47.7,47.68,47.68,300,2021-05-28 18:26:00,GRPN
47.73,47.73,47.73,47.73,100,2021-05-28 18:27:00,GRPN
47.77,47.79,47.77,47.79,300,2021-05-28 18:28:00,GRPN
47.79,47.8,47.79,47.8,379,2021-05-28 18:32:00,GRPN
47.74,47.745,47.72,47.745,300,2021-05-28 18:33:00,GRPN
47.72,47.75,47.72,47.75,400,2021-05-28 18:34:00,GRPN
47.8,47.8,47.8,47.8,100,2021-05-28 18:35:00,GRPN
47.77,47.77,47.77,47.77,100,2021-05-28 18:37:00,GRPN
47.785,47.81,47.785,47.81,215,2021-05-28 18:38:00,GRPN
47.8,47.8,47.8,47.8,200,2021-05-28 18:39:00,GRPN
47.8,47.8,47.75,47.75,600,2021-05-28 18:40:00,GRPN
47.81,47.85,47.81,47.85,764,2021-05-28 18:41:00,GRPN
47.85,47.85,47.7424,47.7424,810,2021-05-28 18:42:00,GRPN
47.825,47.85,47.82,47.85,400,2021-05-28 18:47:00,GRPN
47.83,47.83,47.83,47.83,100,2021-05-28 18:48:00,GRPN
47.83,47.83,47.76,47.76,662,2021-05-28 18:49:00,GRPN
47.76,47.78,47.76,47.78,200,2021-05-28 18:50:00,GRPN
47.83,47.83,47.83,47.83,200,2021-05-28 18:54:00,GRPN
47.77,47.77,47.73,47.73,500,2021-05-28 18:57:00,GRPN
47.71,47.71,47.71,47.71,200,2021-05-28 18:58:00,GRPN
47.725,47.78,47.65,47.65,1200,2021-05-28 18:59:00,GRPN
47.72,47.72,47.72,47.72,100,2021-05-28 19:00:00,GRPN
47.73,47.73,47.73,47.73,100,2021-05-28 19:01:00,GRPN
47.715,47.75,47.69,47.75,300,2021-05-28 19:02:00,GRPN
47.68,47.68,47.63,47.65,404,2021-05-28 19:03:00,GRPN
47.72,47.72,47.72,47.72,100,2021-05-28 19:04:00,GRPN
47.675,47.675,47.675,47.675,100,2021-05-28 19:06:00,GRPN
47.65,47.65,47.65,47.65,100,2021-05-28 19:07:00,GRPN
47.64,47.74,47.64,47.74,1000,2021-05-28 19:09:00,GRPN
47.72,47.72,47.72,47.72,100,2021-05-28 19:10:00,GRPN
47.67,47.71,47.64,47.68,900,2021-05-28 19:11:00,GRPN
47.73,47.73,47.73,47.73,100,2021-05-28 19:12:00,GRPN
47.66,47.68,47.63,47.675,1100,2021-05-28 19:15:00,GRPN
47.67,47.6925,47.67,47.6925,238,2021-05-28 19:16:00,GRPN
47.65,47.67,47.65,47.65,300,2021-05-28 19:17:00,GRPN
47.65,47.65,47.64,47.64,200,2021-05-28 19:18:00,GRPN
47.67,47.67,47.61,47.61,1100,2021-05-28 19:19:00,GRPN
47.63,47.63,47.63,47.63,200,2021-05-28 19:20:00,GRPN
47.625,47.625,47.6,47.6,742,2021-05-28 19:21:00,GRPN
47.59,47.61,47.585,47.585,900,2021-05-28 19:22:00,GRPN
47.58,47.58,47.58,47.58,200,2021-05-28 19:23:00,GRPN
47.58,47.58,47.51,47.51,500,2021-05-28 19:24:00,GRPN
47.48,47.48,47.48,47.48,100,2021-05-28 19:26:00,GRPN
47.49,47.49,47.49,47.49,200,2021-05-28 19:27:00,GRPN
47.49,47.49,47.43,47.43,1162,2021-05-28 19:28:00,GRPN
47.45,47.46,47.4,47.42,3633,2021-05-28 19:29:00,GRPN
47.41,47.44,47.41,47.42,2603,2021-05-28 19:30:00,GRPN
47.42,47.48,47.42,47.45,1100,2021-05-28 19:31:00,GRPN
47.48,47.49,47.46,47.49,1275,2021-05-28 19:32:00,GRPN
47.49,47.51,47.48,47.48,1912,2021-05-28 19:33:00,GRPN
47.5,47.5,47.46,47.46,563,2021-05-28 19:34:00,GRPN
47.46,47.5,47.45,47.49,1700,2021-05-28 19:35:00,GRPN
47.48,47.49,47.48,47.49,906,2021-05-28 19:36:00,GRPN
47.51,47.51,47.51,47.51,513,2021-05-28 19:37:00,GRPN
47.51,47.54,47.51,47.52,1379,2021-05-28 19:38:00,GRPN
47.51,47.545,47.51,47.52,1004,2021-05-28 19:39:00,GRPN
47.535,47.535,47.475,47.475,2080,2021-05-28 19:40:00,GRPN
47.475,47.475,47.44,47.44,900,2021-05-28 19:41:00,GRPN
47.46,47.49,47.46,47.49,4710,2021-05-28 19:42:00,GRPN
47.46,47.48,47.435,47.44,1888,2021-05-28 19:43:00,GRPN
47.46,47.47,47.44,47.47,1080,2021-05-28 19:45:00,GRPN
47.46,47.5,47.46,47.485,3550,2021-05-28 19:46:00,GRPN
47.5,47.51,47.485,47.51,1400,2021-05-28 19:47:00,GRPN
47.5,47.51,47.455,47.47,3898,2021-05-28 19:48:00,GRPN
47.45,47.46,47.44,47.46,800,2021-05-28 19:49:00,GRPN
47.47,47.47,47.43,47.445,800,2021-05-28 19:50:00,GRPN
47.445,47.49,47.415,47.49,4500,2021-05-28 19:51:00,GRPN
47.47,47.49,47.46,47.47,3920,2021-05-28 19:52:00,GRPN
47.47,47.475,47.425,47.425,2001,2021-05-28 19:53:00,GRPN
47.43,47.49,47.16,47.35,13155,2021-05-28 19:54:00,GRPN
47.35,47.35,47.26,47.28,3700,2021-05-28 19:55:00,GRPN
47.28,47.29,47.24,47.28,5283,2021-05-28 19:56:00,GRPN
47.28,47.295,47.23,47.29,3805,2021-05-28 19:57:00,GRPN
47.27,47.29,47.23,47.25,9120,2021-05-28 19:58:00,GRPN
47.25,47.29,47.23,47.25,17302,2021-05-28 19:59:00,GRPN
47.25,47.25,47.25,47.25,58827,2021-05-28 20:00:00,GRPN
